"зынг"@os	<http://ids.clld.org/values/1-810-319-1>		<http://ids.clld.org/parameters/1-810>		<http://ids.clld.org/values/1-810-286-1>		"še"@pav	
"йедзаг"@os	<http://ids.clld.org/values/13-210-319-3>		<http://ids.clld.org/parameters/13-210>		<http://ids.clld.org/values/13-210-286-5>		"maʔam"@pav	
"йедзаг"@os	<http://ids.clld.org/values/13-210-319-3>		<http://ids.clld.org/parameters/13-210>		<http://ids.clld.org/values/13-210-286-3>		"moromoinʔ"@pav	
"йедзаг"@os	<http://ids.clld.org/values/13-210-319-3>		<http://ids.clld.org/parameters/13-210>		<http://ids.clld.org/values/13-210-286-1>		"moinʔ"@pav	
"дынджыр"@os	<http://ids.clld.org/values/12-550-319-5>		<http://ids.clld.org/parameters/12-550>		<http://ids.clld.org/values/12-550-286-1>		"hwaraʔ"@pav	
"дынджыр"@os	<http://ids.clld.org/values/12-550-319-5>		<http://ids.clld.org/parameters/12-550>		<http://ids.clld.org/values/12-550-286-3>		"horon"@pav	
"ту (плевок)"@os	<http://ids.clld.org/values/4-560-319-3>		<http://ids.clld.org/parameters/4-560>		<http://ids.clld.org/values/4-560-286-1>		"hupaʔ"@pav	
"æнæхъæн"@os	<http://ids.clld.org/values/13-210-319-9>		<http://ids.clld.org/parameters/13-210>		<http://ids.clld.org/values/13-210-286-5>		"maʔam"@pav	
"æнæхъæн"@os	<http://ids.clld.org/values/13-210-319-9>		<http://ids.clld.org/parameters/13-210>		<http://ids.clld.org/values/13-210-286-3>		"moromoinʔ"@pav	
"æнæхъæн"@os	<http://ids.clld.org/values/13-210-319-9>		<http://ids.clld.org/parameters/13-210>		<http://ids.clld.org/values/13-210-286-1>		"moinʔ"@pav	
"фæтæн"@os	<http://ids.clld.org/values/12-610-319-1>		<http://ids.clld.org/parameters/12-610>		<http://ids.clld.org/values/12-610-286-1>		"kote ne kimain"@pav	
"нымайын"@os	<http://ids.clld.org/values/13-107-319-1>		<http://ids.clld.org/parameters/13-107>		<http://ids.clld.org/values/13-107-286-1>		"piyimʔ"@pav	
"афадын"@os	<http://ids.clld.org/values/9-270-319-1>		<http://ids.clld.org/parameters/9-270>		<http://ids.clld.org/values/9-270-286-1>		"toʔ pahot"@pav	
"афадын"@os	<http://ids.clld.org/values/9-270-319-1>		<http://ids.clld.org/parameters/9-270>		<http://ids.clld.org/values/9-270-286-3>		"toʔ pahorohot"@pav	
"фиу"@os	<http://ids.clld.org/values/5-791-319-5>		<http://ids.clld.org/parameters/5-791>		<http://ids.clld.org/values/5-791-286-1>		"homain"@pav	
"цæрæнбон"@os	<http://ids.clld.org/values/4-740-319-15>		<http://ids.clld.org/parameters/4-740>		<http://ids.clld.org/values/4-740-286-1>		"eʔ"@pav	
"нæл"@os	<http://ids.clld.org/values/2-230-319-1>		<http://ids.clld.org/parameters/2-230>		<http://ids.clld.org/values/2-230-286-1>		"taramaʔ"@pav	
"кæф (крупная рыба)"@os	<http://ids.clld.org/values/3-650-319-3>		<http://ids.clld.org/parameters/3-650>		<http://ids.clld.org/values/3-650-286-1>		"hwam (hwamišiʔ)"@pav	
"къух"@os	<http://ids.clld.org/values/4-330-319-1>		<http://ids.clld.org/parameters/4-330>		<http://ids.clld.org/values/4-330-286-1>		"mišiʔ"@pav	
"къух"@os	<http://ids.clld.org/values/4-330-319-1>		<http://ids.clld.org/parameters/4-330>		<http://ids.clld.org/values/4-330-286-3>		"(umʔ)"@pav	
"рухс (огни погасли в домах)"@os	<http://ids.clld.org/values/1-810-319-7>		<http://ids.clld.org/parameters/1-810>		<http://ids.clld.org/values/1-810-286-1>		"še"@pav	
"сойаг"@os	<http://ids.clld.org/values/5-791-319-3>		<http://ids.clld.org/parameters/5-791>		<http://ids.clld.org/values/5-791-286-1>		"homain"@pav	
"аз"@os	<http://ids.clld.org/values/14-730-319-1>		<http://ids.clld.org/parameters/14-730>		<http://ids.clld.org/values/14-730-286-1>		"kawašiʔ"@pav	
"кæсаг"@os	<http://ids.clld.org/values/3-650-319-1>		<http://ids.clld.org/parameters/3-650>		<http://ids.clld.org/values/3-650-286-1>		"hwam (hwamišiʔ)"@pav	
"бындзар"@os	<http://ids.clld.org/values/8-540-319-7>		<http://ids.clld.org/parameters/8-540>		<http://ids.clld.org/values/8-540-286-1>		"kašimain"@pav	
"аргæвдын"@os	<http://ids.clld.org/values/9-223-319-3>		<http://ids.clld.org/parameters/9-223>		<http://ids.clld.org/values/9-223-286-1>		"šukunʔ"@pav	
"айк"@os	<http://ids.clld.org/values/5-970-319-1>		<http://ids.clld.org/parameters/5-970>		<http://ids.clld.org/values/5-970-286-1>		"arayein"@pav	
"дымæг"@os	<http://ids.clld.org/values/4-180-319-3>		<http://ids.clld.org/parameters/4-180>		<http://ids.clld.org/values/4-180-286-1>		"kahwerein"@pav	
"чысыл"@os	<http://ids.clld.org/values/13-170-319-1>		<http://ids.clld.org/parameters/13-170>		<http://ids.clld.org/values/13-170-286-1>		"parek"@pav	
"цъирын"@os	<http://ids.clld.org/values/5-160-319-3>		<http://ids.clld.org/parameters/5-160>		<http://ids.clld.org/values/5-160-286-1>		"šok"@pav	
"цъирын"@os	<http://ids.clld.org/values/5-160-319-3>		<http://ids.clld.org/parameters/5-160>		<http://ids.clld.org/values/5-160-286-3>		"šak"@pav	
"рацу-бацу кæнын (многократное)"@os	<http://ids.clld.org/values/10-450-319-3>		<http://ids.clld.org/parameters/10-450>		<http://ids.clld.org/values/10-450-286-1>		"šut"@pav	
"рацу-бацу кæнын (многократное)"@os	<http://ids.clld.org/values/10-450-319-3>		<http://ids.clld.org/parameters/10-450>		<http://ids.clld.org/values/10-450-286-3>		"šurušut"@pav	
"æккой (при ношении груза)"@os	<http://ids.clld.org/values/4-190-319-5>		<http://ids.clld.org/parameters/4-190>		<http://ids.clld.org/values/4-190-286-1>		"warašiʔ"@pav	
"дæттын"@os	<http://ids.clld.org/values/11-210-319-1>		<http://ids.clld.org/parameters/11-210>		<http://ids.clld.org/values/11-210-286-1>		"miʔ"@pav	
"тæдзын"@os	<http://ids.clld.org/values/10-320-319-7>		<http://ids.clld.org/parameters/10-320>		<http://ids.clld.org/values/10-320-286-3>		"weweweo"@pav	
"тæдзын"@os	<http://ids.clld.org/values/10-320-319-7>		<http://ids.clld.org/parameters/10-320>		<http://ids.clld.org/values/10-320-286-1>		"weo"@pav	
"цæуын"@os	<http://ids.clld.org/values/10-480-319-1>		<http://ids.clld.org/parameters/10-480>		<http://ids.clld.org/values/10-480-286-1>		"makiʔ"@pav	
"судзын"@os	<http://ids.clld.org/values/1-851-319-1>		<http://ids.clld.org/parameters/1-851>		<http://ids.clld.org/values/1-851-286-3>		"wiran"@pav	
"судзын"@os	<http://ids.clld.org/values/1-851-319-1>		<http://ids.clld.org/parameters/1-851>		<http://ids.clld.org/values/1-851-286-1>		"tom"@pav	
"судзын"@os	<http://ids.clld.org/values/1-851-319-1>		<http://ids.clld.org/parameters/1-851>		<http://ids.clld.org/values/1-851-286-5>		"karahoʔ"@pav	
"улæфт"@os	<http://ids.clld.org/values/4-510-319-3>		<http://ids.clld.org/parameters/4-510>		<http://ids.clld.org/values/4-510-286-1>		"wereme"@pav	
"бындзæфхад"@os	<http://ids.clld.org/values/8-540-319-5>		<http://ids.clld.org/parameters/8-540>		<http://ids.clld.org/values/8-540-286-1>		"kašimain"@pav	
"сæнæфсиры тала"@os	<http://ids.clld.org/values/8-670-319-1>		<http://ids.clld.org/parameters/8-670>		<http://ids.clld.org/values/8-670-286-1>		"makon (makorišiʔ)"@pav	
"маст"@os	<http://ids.clld.org/values/16-420-319-1>		<http://ids.clld.org/parameters/16-420>		<http://ids.clld.org/values/16-420-286-1>		"manaʔ"@pav	
"лыг кæнын"@os	<http://ids.clld.org/values/9-220-319-1>		<http://ids.clld.org/parameters/9-220>		<http://ids.clld.org/values/9-220-286-7>		"nakarkamʔ"@pav	
"лыг кæнын"@os	<http://ids.clld.org/values/9-220-319-1>		<http://ids.clld.org/parameters/9-220>		<http://ids.clld.org/values/9-220-286-3>		"wawak"@pav	
"лыг кæнын"@os	<http://ids.clld.org/values/9-220-319-1>		<http://ids.clld.org/parameters/9-220>		<http://ids.clld.org/values/9-220-286-9>		"ta"@pav	
"лыг кæнын"@os	<http://ids.clld.org/values/9-220-319-1>		<http://ids.clld.org/parameters/9-220>		<http://ids.clld.org/values/9-220-286-5>		"nakamʔ"@pav	
"лыг кæнын"@os	<http://ids.clld.org/values/9-220-319-1>		<http://ids.clld.org/parameters/9-220>		<http://ids.clld.org/values/9-220-286-1>		"wak"@pav	
"уæраг"@os	<http://ids.clld.org/values/4-360-319-1>		<http://ids.clld.org/parameters/4-360>		<http://ids.clld.org/values/4-360-286-1>		"karamašiʔ (karam)"@pav	
"калм"@os	<http://ids.clld.org/values/3-850-319-1>		<http://ids.clld.org/parameters/3-850>		<http://ids.clld.org/values/3-850-286-1>		"emʔ"@pav	
"цуан кæнын"@os	<http://ids.clld.org/values/20-610-319-1>		<http://ids.clld.org/parameters/20-610>		<http://ids.clld.org/values/20-610-286-1>		"yiʔam"@pav	
"дзæбæх"@os	<http://ids.clld.org/values/16-710-319-3>		<http://ids.clld.org/parameters/16-710>		<http://ids.clld.org/values/16-710-286-1>		"awi"@pav	
"цалдæр"@os	<http://ids.clld.org/values/13-181-319-1>		<http://ids.clld.org/parameters/13-181>		<http://ids.clld.org/values/13-181-286-1>		"arakaʔ"@pav	
"мæнкъи"@os	<http://ids.clld.org/values/13-170-319-5>		<http://ids.clld.org/parameters/13-170>		<http://ids.clld.org/values/13-170-286-1>		"parek"@pav	
"къахвæндаг"@os	<http://ids.clld.org/values/10-720-319-3>		<http://ids.clld.org/parameters/10-720>		<http://ids.clld.org/values/10-720-286-1>		"wana (wanayišiʔ)"@pav	
"дарын"@os	<http://ids.clld.org/values/11-150-319-3>		<http://ids.clld.org/parameters/11-150>		<http://ids.clld.org/values/11-150-286-1>		"kep"@pav	
"дыууæ"@os	<http://ids.clld.org/values/13-20-319-1>		<http://ids.clld.org/parameters/13-20>		<http://ids.clld.org/values/13-20-286-1>		"tuku karakan"@pav	
"æппæт"@os	<http://ids.clld.org/values/13-140-319-5>		<http://ids.clld.org/parameters/13-140>		<http://ids.clld.org/values/13-140-286-1>		"šam"@pav	
"стыр"@os	<http://ids.clld.org/values/12-550-319-1>		<http://ids.clld.org/parameters/12-550>		<http://ids.clld.org/values/12-550-286-1>		"hwaraʔ"@pav	
"стыр"@os	<http://ids.clld.org/values/12-550-319-1>		<http://ids.clld.org/parameters/12-550>		<http://ids.clld.org/values/12-550-286-3>		"horon"@pav	
"хи айтындзын"@os	<http://ids.clld.org/values/10-130-319-7>		<http://ids.clld.org/parameters/10-130>		<http://ids.clld.org/values/10-130-286-1>		"yami"@pav	
"мæй"@os	<http://ids.clld.org/values/1-530-319-1>		<http://ids.clld.org/parameters/1-530>		<http://ids.clld.org/values/1-530-286-1>		"panawoʔ"@pav	
"мард"@os	<http://ids.clld.org/values/4-750-319-5>		<http://ids.clld.org/parameters/4-750>		<http://ids.clld.org/values/4-750-286-3>		"konoʔ"@pav	
"мард"@os	<http://ids.clld.org/values/4-750-319-5>		<http://ids.clld.org/parameters/4-750>		<http://ids.clld.org/values/4-750-286-1>		"miʔ pin"@pav	
"мой"@os	<http://ids.clld.org/values/2-310-319-1>		<http://ids.clld.org/parameters/2-310>		<http://ids.clld.org/values/2-310-286-1>		"taši"@pav	
"дзых"@os	<http://ids.clld.org/values/4-240-319-1>		<http://ids.clld.org/parameters/4-240>		<http://ids.clld.org/values/4-240-286-1>		"kapiyašiʔ (topak)"@pav	
"æххæст"@os	<http://ids.clld.org/values/13-210-319-5>		<http://ids.clld.org/parameters/13-210>		<http://ids.clld.org/values/13-210-286-5>		"maʔam"@pav	
"æххæст"@os	<http://ids.clld.org/values/13-210-319-5>		<http://ids.clld.org/parameters/13-210>		<http://ids.clld.org/values/13-210-286-3>		"moromoinʔ"@pav	
"æххæст"@os	<http://ids.clld.org/values/13-210-319-5>		<http://ids.clld.org/parameters/13-210>		<http://ids.clld.org/values/13-210-286-1>		"moinʔ"@pav	
"хуыссын"@os	<http://ids.clld.org/values/4-610-319-3>		<http://ids.clld.org/parameters/4-610>		<http://ids.clld.org/values/4-610-286-1>		"piʔam"@pav	
"сур"@os	<http://ids.clld.org/values/15-840-319-3>		<http://ids.clld.org/parameters/15-840>		<http://ids.clld.org/values/15-840-286-1>		"kawainʔ"@pav	
"цæугæдон"@os	<http://ids.clld.org/values/1-360-319-3>		<http://ids.clld.org/parameters/1-360>		<http://ids.clld.org/values/1-360-286-1>		"kom"@pav	
"ахафын"@os	<http://ids.clld.org/values/9-310-319-7>		<http://ids.clld.org/parameters/9-310>		<http://ids.clld.org/values/9-310-286-1>		"šik"@pav	
"фад"@os	<http://ids.clld.org/values/4-350-319-3>		<http://ids.clld.org/parameters/4-350>		<http://ids.clld.org/values/4-350-286-1>		"pišiyašiʔ"@pav	
"фад"@os	<http://ids.clld.org/values/4-350-319-3>		<http://ids.clld.org/parameters/4-350>		<http://ids.clld.org/values/4-350-286-3>		"kokošiʔ"@pav	
"царм"@os	<http://ids.clld.org/values/4-120-319-1>		<http://ids.clld.org/parameters/4-120>		<http://ids.clld.org/values/4-120-286-1>		"taparišiʔ"@pav	
"зæронд"@os	<http://ids.clld.org/values/14-150-319-1>		<http://ids.clld.org/parameters/14-150>		<http://ids.clld.org/values/14-150-286-1>		"maraʔ"@pav	
"зæронд"@os	<http://ids.clld.org/values/14-150-319-1>		<http://ids.clld.org/parameters/14-150>		<http://ids.clld.org/values/14-150-286-3>		"horon"@pav	
"æвзийын (о волосах)"@os	<http://ids.clld.org/values/10-230-319-5>		<http://ids.clld.org/parameters/10-230>		<http://ids.clld.org/values/10-230-286-3>		"kamaraʔ"@pav	
"æвзийын (о волосах)"@os	<http://ids.clld.org/values/10-230-319-5>		<http://ids.clld.org/parameters/10-230>		<http://ids.clld.org/values/10-230-286-1>		"panʔ"@pav	
"дымын (о ветре)"@os	<http://ids.clld.org/values/10-380-319-1>		<http://ids.clld.org/parameters/10-380>		<http://ids.clld.org/values/10-380-286-3>		"hukoʔ"@pav	
"дымын (о ветре)"@os	<http://ids.clld.org/values/10-380-319-1>		<http://ids.clld.org/parameters/10-380>		<http://ids.clld.org/values/10-380-286-1>		"hu"@pav	
"хъуынтæ"@os	<http://ids.clld.org/values/4-140-319-1>		<http://ids.clld.org/parameters/4-140>		<http://ids.clld.org/values/4-140-286-1>		"tenenešiʔ"@pav	
"хъуынтæ"@os	<http://ids.clld.org/values/4-140-319-1>		<http://ids.clld.org/parameters/4-140>		<http://ids.clld.org/values/4-140-286-3>		"tenenein (šun)"@pav	
"хъуыр (спереди)"@os	<http://ids.clld.org/values/4-280-319-7>		<http://ids.clld.org/parameters/4-280>		<http://ids.clld.org/values/4-280-286-1>		"paramašiʔ"@pav	
"дон"@os	<http://ids.clld.org/values/1-310-319-1>		<http://ids.clld.org/parameters/1-310>		<http://ids.clld.org/values/1-310-286-1>		"kom (komišiʔ)"@pav	
"смаг кæнын"@os	<http://ids.clld.org/values/15-210-319-1>		<http://ids.clld.org/parameters/15-210>		<http://ids.clld.org/values/15-210-286-3>		"hu"@pav	
"смаг кæнын"@os	<http://ids.clld.org/values/15-210-319-1>		<http://ids.clld.org/parameters/15-210>		<http://ids.clld.org/values/15-210-286-1>		"nak"@pav	
"мигъ"@os	<http://ids.clld.org/values/1-740-319-1>		<http://ids.clld.org/parameters/1-740>		<http://ids.clld.org/values/1-740-286-1>		"murukukuʔ"@pav	
"уарын"@os	<http://ids.clld.org/values/1-750-319-3>		<http://ids.clld.org/parameters/1-750>		<http://ids.clld.org/values/1-750-286-1>		"šowiʔ"@pav	
"бæттын"@os	<http://ids.clld.org/values/9-160-319-1>		<http://ids.clld.org/parameters/9-160>		<http://ids.clld.org/values/9-160-286-1>		"tuku"@pav	
"лæг (супруг)"@os	<http://ids.clld.org/values/2-310-319-3>		<http://ids.clld.org/parameters/2-310>		<http://ids.clld.org/values/2-310-286-1>		"taši"@pav	
"æмбæлгæ"@os	<http://ids.clld.org/values/16-730-319-5>		<http://ids.clld.org/parameters/16-730>		<http://ids.clld.org/values/16-730-286-1>		"šoʔ"@pav	
"зæгъын"@os	<http://ids.clld.org/values/18-220-319-1>		<http://ids.clld.org/parameters/18-220>		<http://ids.clld.org/values/18-220-286-1>		"tomiʔ šoʔ"@pav	
"уидаг"@os	<http://ids.clld.org/values/8-540-319-1>		<http://ids.clld.org/parameters/8-540>		<http://ids.clld.org/values/8-540-286-1>		"kašimain"@pav	
"сæрфын"@os	<http://ids.clld.org/values/5-480-319-5>		<http://ids.clld.org/parameters/5-480>		<http://ids.clld.org/values/5-480-286-1>		"kuruk"@pav	
"уазал"@os	<http://ids.clld.org/values/15-860-319-1>		<http://ids.clld.org/parameters/15-860>		<http://ids.clld.org/values/15-860-286-1>		"šio"@pav	
"уазал"@os	<http://ids.clld.org/values/15-860-319-1>		<http://ids.clld.org/parameters/15-860>		<http://ids.clld.org/values/15-860-286-3>		"kapinʔ"@pav	
"денджыз"@os	<http://ids.clld.org/values/1-320-319-1>		<http://ids.clld.org/parameters/1-320>		<http://ids.clld.org/values/1-320-286-1>		"kote ne kom"@pav	
"рæтæн (толстая)"@os	<http://ids.clld.org/values/9-190-319-5>		<http://ids.clld.org/parameters/9-190>		<http://ids.clld.org/values/9-190-286-1>		"makon (makorišiʔ)"@pav	
"раст"@os	<http://ids.clld.org/values/16-730-319-1>		<http://ids.clld.org/parameters/16-730>		<http://ids.clld.org/values/16-730-286-1>		"šoʔ"@pav	
"хъус"@os	<http://ids.clld.org/values/4-220-319-1>		<http://ids.clld.org/parameters/4-220>		<http://ids.clld.org/values/4-220-286-1>		"tara-yišiʔ (taraʔ)"@pav	
"цад"@os	<http://ids.clld.org/values/1-330-319-1>		<http://ids.clld.org/parameters/1-330>		<http://ids.clld.org/values/1-330-286-1>		"šuteremʔ"@pav	
"иууыл (дæр)"@os	<http://ids.clld.org/values/13-140-319-11>		<http://ids.clld.org/parameters/13-140>		<http://ids.clld.org/values/13-140-286-1>		"šam"@pav	
"худын"@os	<http://ids.clld.org/values/16-250-319-1>		<http://ids.clld.org/parameters/16-250>		<http://ids.clld.org/values/16-250-286-1>		"tatamʔ"@pav	
"худын"@os	<http://ids.clld.org/values/16-250-319-1>		<http://ids.clld.org/parameters/16-250>		<http://ids.clld.org/values/16-250-286-3>		"katamʔ"@pav	
"нæлгоймаг"@os	<http://ids.clld.org/values/2-210-319-3>		<http://ids.clld.org/parameters/2-210>		<http://ids.clld.org/values/2-210-286-1>		"taramaʔ"@pav	
"мæсчъыдон"@os	<http://ids.clld.org/values/1-360-319-17>		<http://ids.clld.org/parameters/1-360>		<http://ids.clld.org/values/1-360-286-1>		"kom"@pav	
"дзидзи"@os	<http://ids.clld.org/values/4-410-319-1>		<http://ids.clld.org/parameters/4-410>		<http://ids.clld.org/values/4-410-286-1>		"karašišiʔ (katat)"@pav	
"къададон"@os	<http://ids.clld.org/values/1-360-319-9>		<http://ids.clld.org/parameters/1-360>		<http://ids.clld.org/values/1-360-286-1>		"kom"@pav	
"бæрзæй (сзади)"@os	<http://ids.clld.org/values/4-280-319-5>		<http://ids.clld.org/parameters/4-280>		<http://ids.clld.org/values/4-280-286-1>		"paramašiʔ"@pav	
"къаннæг"@os	<http://ids.clld.org/values/12-560-319-5>		<http://ids.clld.org/parameters/12-560>		<http://ids.clld.org/values/12-560-286-1>		"wiyimain"@pav	
"лæгъз"@os	<http://ids.clld.org/values/15-770-319-1>		<http://ids.clld.org/parameters/15-770>		<http://ids.clld.org/values/15-770-286-1>		"topišik"@pav	
"æхсын"@os	<http://ids.clld.org/values/10-250-319-3>		<http://ids.clld.org/parameters/10-250>		<http://ids.clld.org/values/10-250-286-3>		"wišikaoʔ"@pav	
"æхсын"@os	<http://ids.clld.org/values/10-250-319-3>		<http://ids.clld.org/parameters/10-250>		<http://ids.clld.org/values/10-250-286-1>		"šin"@pav	
"дон"@os	<http://ids.clld.org/values/1-360-319-1>		<http://ids.clld.org/parameters/1-360>		<http://ids.clld.org/values/1-360-286-1>		"kom"@pav	
"ды"@os	<http://ids.clld.org/values/2-920-319-1>		<http://ids.clld.org/parameters/2-920>		<http://ids.clld.org/values/2-920-286-1>		"wum"@pav	
"ивазын"@os	<http://ids.clld.org/values/9-330-319-1>		<http://ids.clld.org/parameters/9-330>		<http://ids.clld.org/values/9-330-286-1>		"kök"@pav	
"цыбыр"@os	<http://ids.clld.org/values/12-590-319-1>		<http://ids.clld.org/parameters/12-590>		<http://ids.clld.org/values/12-590-286-1>		"wiyimain"@pav	
"цардæгас"@os	<http://ids.clld.org/values/4-740-319-5>		<http://ids.clld.org/parameters/4-740>		<http://ids.clld.org/values/4-740-286-1>		"eʔ"@pav	
"чъизи"@os	<http://ids.clld.org/values/15-880-319-1>		<http://ids.clld.org/parameters/15-880>		<http://ids.clld.org/values/15-880-286-1>		"mišem"@pav	
"зулкъ"@os	<http://ids.clld.org/values/3-840-319-1>		<http://ids.clld.org/parameters/3-840>		<http://ids.clld.org/values/3-840-286-1>		"meteʔ"@pav	
"синæг (тонкая)"@os	<http://ids.clld.org/values/9-190-319-3>		<http://ids.clld.org/parameters/9-190>		<http://ids.clld.org/values/9-190-286-1>		"makon (makorišiʔ)"@pav	
"тымбыл"@os	<http://ids.clld.org/values/12-810-319-1>		<http://ids.clld.org/parameters/12-810>		<http://ids.clld.org/values/12-810-286-1>		"monoʔo"@pav	
"æнæхъинцъ (перенос.)"@os	<http://ids.clld.org/values/15-770-319-5>		<http://ids.clld.org/parameters/15-770>		<http://ids.clld.org/values/15-770-286-1>		"topišik"@pav	
"къубал"@os	<http://ids.clld.org/values/4-280-319-1>		<http://ids.clld.org/parameters/4-280>		<http://ids.clld.org/values/4-280-286-1>		"paramašiʔ"@pav	
"фыдызгъæл"@os	<http://ids.clld.org/values/5-610-319-3>		<http://ids.clld.org/parameters/5-610>		<http://ids.clld.org/values/5-610-286-1>		"karawa (karamayišiʔ)"@pav	
"дæндаг"@os	<http://ids.clld.org/values/4-270-319-1>		<http://ids.clld.org/parameters/4-270>		<http://ids.clld.org/values/4-270-286-1>		"šišiʔ (yat)"@pav	
"бинойнаг"@os	<http://ids.clld.org/values/2-320-319-1>		<http://ids.clld.org/parameters/2-320>		<http://ids.clld.org/values/2-320-286-1>		"mana"@pav	
"фæздæг"@os	<http://ids.clld.org/values/1-830-319-1>		<http://ids.clld.org/parameters/1-830>		<http://ids.clld.org/values/1-830-286-1>		"tainʔ"@pav	
"мæгуырау"@os	<http://ids.clld.org/values/16-720-319-3>		<http://ids.clld.org/parameters/16-720>		<http://ids.clld.org/values/16-720-286-1>		"kayi"@pav	
"дымгæ"@os	<http://ids.clld.org/values/1-720-319-1>		<http://ids.clld.org/parameters/1-720>		<http://ids.clld.org/values/1-720-286-1>		"hotowa"@pav	
"обау"@os	<http://ids.clld.org/values/1-220-319-5>		<http://ids.clld.org/parameters/1-220>		<http://ids.clld.org/values/1-220-286-1>		"pakun"@pav	
"цæрæгой"@os	<http://ids.clld.org/values/3-110-319-1>		<http://ids.clld.org/parameters/3-110>		<http://ids.clld.org/values/3-110-286-1>		"karawa"@pav	
"цауд"@os	<http://ids.clld.org/values/16-720-319-5>		<http://ids.clld.org/parameters/16-720>		<http://ids.clld.org/values/16-720-286-1>		"kayi"@pav	
"цæрын"@os	<http://ids.clld.org/values/4-740-319-1>		<http://ids.clld.org/parameters/4-740>		<http://ids.clld.org/values/4-740-286-1>		"eʔ"@pav	
"хъуыды кæнын"@os	<http://ids.clld.org/values/17-130-319-1>		<http://ids.clld.org/parameters/17-130>		<http://ids.clld.org/values/17-130-286-1>		"koromikat"@pav	
"нахас кæнын"@os	<http://ids.clld.org/values/18-210-319-3>		<http://ids.clld.org/parameters/18-210>		<http://ids.clld.org/values/18-210-286-1>		"tomiʔ"@pav	
"фу кæнын"@os	<http://ids.clld.org/values/10-380-319-3>		<http://ids.clld.org/parameters/10-380>		<http://ids.clld.org/values/10-380-286-3>		"hukoʔ"@pav	
"фу кæнын"@os	<http://ids.clld.org/values/10-380-319-3>		<http://ids.clld.org/parameters/10-380>		<http://ids.clld.org/values/10-380-286-1>		"hu"@pav	
"къæвда"@os	<http://ids.clld.org/values/1-750-319-1>		<http://ids.clld.org/parameters/1-750>		<http://ids.clld.org/values/1-750-286-1>		"šowiʔ"@pav	
"хæрын"@os	<http://ids.clld.org/values/5-110-319-1>		<http://ids.clld.org/parameters/5-110>		<http://ids.clld.org/values/5-110-286-1>		"kaoʔ"@pav	
"хæрын"@os	<http://ids.clld.org/values/5-110-319-1>		<http://ids.clld.org/parameters/5-110>		<http://ids.clld.org/values/5-110-286-3>		"kakakaoʔ"@pav	
"згъæлын (листья)"@os	<http://ids.clld.org/values/10-230-319-3>		<http://ids.clld.org/parameters/10-230>		<http://ids.clld.org/values/10-230-286-3>		"kamaraʔ"@pav	
"згъæлын (листья)"@os	<http://ids.clld.org/values/10-230-319-3>		<http://ids.clld.org/parameters/10-230>		<http://ids.clld.org/values/10-230-286-1>		"panʔ"@pav	
"хæцын"@os	<http://ids.clld.org/values/11-150-319-1>		<http://ids.clld.org/parameters/11-150>		<http://ids.clld.org/values/11-150-286-1>		"kep"@pav	
"хуыскъ"@os	<http://ids.clld.org/values/15-840-319-5>		<http://ids.clld.org/parameters/15-840>		<http://ids.clld.org/values/15-840-286-1>		"kawainʔ"@pav	
"цæуын"@os	<http://ids.clld.org/values/10-320-319-3>		<http://ids.clld.org/parameters/10-320>		<http://ids.clld.org/values/10-320-286-3>		"weweweo"@pav	
"цæуын"@os	<http://ids.clld.org/values/10-320-319-3>		<http://ids.clld.org/parameters/10-320>		<http://ids.clld.org/values/10-320-286-1>		"weo"@pav	
"æппæтдæр"@os	<http://ids.clld.org/values/13-140-319-9>		<http://ids.clld.org/parameters/13-140>		<http://ids.clld.org/values/13-140-286-1>		"šam"@pav	
"ныммур кæнын"@os	<http://ids.clld.org/values/9-310-319-1>		<http://ids.clld.org/parameters/9-310>		<http://ids.clld.org/values/9-310-286-1>		"šik"@pav	
"хъæрмуст"@os	<http://ids.clld.org/values/15-851-319-3>		<http://ids.clld.org/parameters/15-851>		<http://ids.clld.org/values/15-851-286-3>		"nonoe"@pav	
"хъæрмуст"@os	<http://ids.clld.org/values/15-851-319-3>		<http://ids.clld.org/parameters/15-851>		<http://ids.clld.org/values/15-851-286-1>		"šain"@pav	
"лæсæн"@os	<http://ids.clld.org/values/1-360-319-13>		<http://ids.clld.org/parameters/1-360>		<http://ids.clld.org/values/1-360-286-1>		"kom"@pav	
"дард"@os	<http://ids.clld.org/values/12-440-319-1>		<http://ids.clld.org/parameters/12-440>		<http://ids.clld.org/values/12-440-286-1>		"pira"@pav	
"хъæд"@os	<http://ids.clld.org/values/1-410-319-1>		<http://ids.clld.org/parameters/1-410>		<http://ids.clld.org/values/1-410-286-1>		"nahwarak"@pav	
"омын (рвота)"@os	<http://ids.clld.org/values/4-570-319-1>		<http://ids.clld.org/parameters/4-570>		<http://ids.clld.org/values/4-570-286-1>		"weʔ"@pav	
"схойын"@os	<http://ids.clld.org/values/10-670-319-1>		<http://ids.clld.org/parameters/10-670>		<http://ids.clld.org/values/10-670-286-1>		"yök"@pav	
"азар"@os	<http://ids.clld.org/values/16-530-319-3>		<http://ids.clld.org/parameters/16-530>		<http://ids.clld.org/values/16-530-286-1>		"yinʔ"@pav	
"хъæдæрмæг"@os	<http://ids.clld.org/values/1-430-319-5>		<http://ids.clld.org/parameters/1-430>		<http://ids.clld.org/values/1-430-286-1>		"pana"@pav	
"доныл цæуын (на судне)"@os	<http://ids.clld.org/values/10-350-319-1>		<http://ids.clld.org/parameters/10-350>		<http://ids.clld.org/values/10-350-286-3>		"panʔ karakam"@pav	
"доныл цæуын (на судне)"@os	<http://ids.clld.org/values/10-350-319-1>		<http://ids.clld.org/parameters/10-350>		<http://ids.clld.org/values/10-350-286-1>		"panʔ kam"@pav	
"ног"@os	<http://ids.clld.org/values/14-130-319-3>		<http://ids.clld.org/parameters/14-130>		<http://ids.clld.org/values/14-130-286-1>		"šokori"@pav	
"бирæ"@os	<http://ids.clld.org/values/13-150-319-1>		<http://ids.clld.org/parameters/13-150>		<http://ids.clld.org/values/13-150-286-1>		"iriʔ miyo/ miya"@pav	
"алцы"@os	<http://ids.clld.org/values/13-140-319-1>		<http://ids.clld.org/parameters/13-140>		<http://ids.clld.org/values/13-140-286-1>		"šam"@pav	
"æхсын"@os	<http://ids.clld.org/values/9-360-319-1>		<http://ids.clld.org/parameters/9-360>		<http://ids.clld.org/values/9-360-286-3>		"toʔ"@pav	
"æхсын"@os	<http://ids.clld.org/values/9-360-319-1>		<http://ids.clld.org/parameters/9-360>		<http://ids.clld.org/values/9-360-286-1>		"hohok"@pav	
"нуазын"@os	<http://ids.clld.org/values/5-130-319-1>		<http://ids.clld.org/parameters/5-130>		<http://ids.clld.org/values/5-130-286-1>		"tok"@pav	
"нуазын"@os	<http://ids.clld.org/values/5-130-319-1>		<http://ids.clld.org/parameters/5-130>		<http://ids.clld.org/values/5-130-286-3>		"tototok"@pav	
"удæст"@os	<http://ids.clld.org/values/15-830-319-3>		<http://ids.clld.org/parameters/15-830>		<http://ids.clld.org/values/15-830-286-1>		"šoʔ"@pav	
"хъазын"@os	<http://ids.clld.org/values/16-260-319-1>		<http://ids.clld.org/parameters/16-260>		<http://ids.clld.org/values/16-260-286-1>		"warayu"@pav	
"гыццыл"@os	<http://ids.clld.org/values/12-560-319-1>		<http://ids.clld.org/parameters/12-560>		<http://ids.clld.org/values/12-560-286-1>		"wiyimain"@pav	
"стъалы"@os	<http://ids.clld.org/values/1-540-319-1>		<http://ids.clld.org/parameters/1-540>		<http://ids.clld.org/values/1-540-286-1>		"piyoʔ"@pav	
"ныррыг кæнын"@os	<http://ids.clld.org/values/9-310-319-3>		<http://ids.clld.org/parameters/9-310>		<http://ids.clld.org/values/9-310-286-1>		"šik"@pav	
"бœстœ"@os	<http://ids.clld.org/values/1-210-319-1>		<http://ids.clld.org/parameters/1-210>		<http://ids.clld.org/values/1-210-286-1>		"makanʔ"@pav	
"гам (подкожный)"@os	<http://ids.clld.org/values/5-791-319-9>		<http://ids.clld.org/parameters/5-791>		<http://ids.clld.org/values/5-791-286-1>		"homain"@pav	
"сывæллон"@os	<http://ids.clld.org/values/2-270-319-1>		<http://ids.clld.org/parameters/2-270>		<http://ids.clld.org/values/2-270-286-1>		"piyeʔ"@pav	
"чъиллон"@os	<http://ids.clld.org/values/15-880-319-5>		<http://ids.clld.org/parameters/15-880>		<http://ids.clld.org/values/15-880-286-1>		"mišem"@pav	
"дæндагæй хæцын"@os	<http://ids.clld.org/values/4-580-319-5>		<http://ids.clld.org/parameters/4-580>		<http://ids.clld.org/values/4-580-286-1>		"kio"@pav	
"рæсыд"@os	<http://ids.clld.org/values/4-853-319-1>		<http://ids.clld.org/parameters/4-853>		<http://ids.clld.org/values/4-853-286-1>		"mom"@pav	
"къæдзæх"@os	<http://ids.clld.org/values/1-440-319-3>		<http://ids.clld.org/parameters/1-440>		<http://ids.clld.org/values/1-440-286-1>		"pakun"@pav	
"хъарм"@os	<http://ids.clld.org/values/15-851-319-1>		<http://ids.clld.org/parameters/15-851>		<http://ids.clld.org/values/15-851-286-3>		"nonoe"@pav	
"хъарм"@os	<http://ids.clld.org/values/15-851-319-1>		<http://ids.clld.org/parameters/15-851>		<http://ids.clld.org/values/15-851-286-1>		"šain"@pav	
"чысыл (немного"@os	<http://ids.clld.org/values/13-181-319-3>		<http://ids.clld.org/parameters/13-181>		<http://ids.clld.org/values/13-181-286-1>		"arakaʔ"@pav	
"агурын"@os	<http://ids.clld.org/values/11-310-319-1>		<http://ids.clld.org/parameters/11-310>		<http://ids.clld.org/values/11-310-286-1>		"noro"@pav	
"цъар"@os	<http://ids.clld.org/values/8-750-319-1>		<http://ids.clld.org/parameters/8-750>		<http://ids.clld.org/values/8-750-286-1>		"tapari"@pav	
"удхар кæнын"@os	<http://ids.clld.org/values/4-570-319-3>		<http://ids.clld.org/parameters/4-570>		<http://ids.clld.org/values/4-570-286-1>		"weʔ"@pav	
"ныррæхойын"@os	<http://ids.clld.org/values/9-223-319-1>		<http://ids.clld.org/parameters/9-223>		<http://ids.clld.org/values/9-223-286-1>		"šukunʔ"@pav	
"дзода"@os	<http://ids.clld.org/values/1-770-319-5>		<http://ids.clld.org/parameters/1-770>		<http://ids.clld.org/values/1-770-286-1>		"šio šio"@pav	
"райтындзын"@os	<http://ids.clld.org/values/10-130-319-3>		<http://ids.clld.org/parameters/10-130>		<http://ids.clld.org/values/10-130-286-1>		"yami"@pav	
"зоныг"@os	<http://ids.clld.org/values/4-360-319-3>		<http://ids.clld.org/parameters/4-360>		<http://ids.clld.org/values/4-360-286-1>		"karamašiʔ (karam)"@pav	
"зонын"@os	<http://ids.clld.org/values/17-170-319-1>		<http://ids.clld.org/parameters/17-170>		<http://ids.clld.org/values/17-170-286-1>		"tašiʔ"@pav	
"зонын"@os	<http://ids.clld.org/values/17-170-319-1>		<http://ids.clld.org/parameters/17-170>		<http://ids.clld.org/values/17-170-286-3>		"kerek"@pav	
"зонын"@os	<http://ids.clld.org/values/17-170-319-1>		<http://ids.clld.org/parameters/17-170>		<http://ids.clld.org/values/17-170-286-5>		"kerek pinʔ"@pav	
"ус"@os	<http://ids.clld.org/values/2-220-319-1>		<http://ids.clld.org/parameters/2-220>		<http://ids.clld.org/values/2-220-286-1>		"narimaʔ"@pav	
"ком"@os	<http://ids.clld.org/values/4-240-319-3>		<http://ids.clld.org/parameters/4-240>		<http://ids.clld.org/values/4-240-286-1>		"kapiyašiʔ (topak)"@pav	
"зынын"@os	<http://ids.clld.org/values/15-510-319-3>		<http://ids.clld.org/parameters/15-510>		<http://ids.clld.org/values/15-510-286-1>		"kerek"@pav	
"уæрæх"@os	<http://ids.clld.org/values/12-610-319-3>		<http://ids.clld.org/parameters/12-610>		<http://ids.clld.org/values/12-610-286-1>		"kote ne kimain"@pav	
"фыд"@os	<http://ids.clld.org/values/4-130-319-3>		<http://ids.clld.org/parameters/4-130>		<http://ids.clld.org/values/4-130-286-1>		"kwerešiʔ"@pav	
"цъыф"@os	<http://ids.clld.org/values/15-880-319-3>		<http://ids.clld.org/parameters/15-880>		<http://ids.clld.org/values/15-880-286-1>		"mišem"@pav	
"лæууын"@os	<http://ids.clld.org/values/12-150-319-1>		<http://ids.clld.org/parameters/12-150>		<http://ids.clld.org/values/12-150-286-1>		"tekiʔ pe"@pav	
"лæууын"@os	<http://ids.clld.org/values/12-150-319-1>		<http://ids.clld.org/parameters/12-150>		<http://ids.clld.org/values/12-150-286-3>		"tekiʔ to"@pav	
"ахæм"@os	<http://ids.clld.org/values/16-730-319-9>		<http://ids.clld.org/parameters/16-730>		<http://ids.clld.org/values/16-730-286-1>		"šoʔ"@pav	
"хъæдæрмæг"@os	<http://ids.clld.org/values/1-430-319-1>		<http://ids.clld.org/parameters/1-430>		<http://ids.clld.org/values/1-430-286-1>		"pana"@pav	
"гыццыл"@os	<http://ids.clld.org/values/13-170-319-3>		<http://ids.clld.org/parameters/13-170>		<http://ids.clld.org/values/13-170-286-1>		"parek"@pav	
"фæсонтæ"@os	<http://ids.clld.org/values/4-190-319-3>		<http://ids.clld.org/parameters/4-190>		<http://ids.clld.org/values/4-190-286-1>		"warašiʔ"@pav	
"фурд (большая)"@os	<http://ids.clld.org/values/1-360-319-5>		<http://ids.clld.org/parameters/1-360>		<http://ids.clld.org/values/1-360-286-1>		"kom"@pav	
"дур"@os	<http://ids.clld.org/values/1-440-319-1>		<http://ids.clld.org/parameters/1-440>		<http://ids.clld.org/values/1-440-286-1>		"pakun"@pav	
"æвзилын"@os	<http://ids.clld.org/values/10-250-319-7>		<http://ids.clld.org/parameters/10-250>		<http://ids.clld.org/values/10-250-286-3>		"wišikaoʔ"@pav	
"æвзилын"@os	<http://ids.clld.org/values/10-250-319-7>		<http://ids.clld.org/parameters/10-250>		<http://ids.clld.org/values/10-250-286-1>		"šin"@pav	
"рагон"@os	<http://ids.clld.org/values/14-150-319-3>		<http://ids.clld.org/parameters/14-150>		<http://ids.clld.org/values/14-150-286-1>		"maraʔ"@pav	
"рагон"@os	<http://ids.clld.org/values/14-150-319-3>		<http://ids.clld.org/parameters/14-150>		<http://ids.clld.org/values/14-150-286-3>		"horon"@pav	
"уаллон (дождевой)"@os	<http://ids.clld.org/values/3-840-319-5>		<http://ids.clld.org/parameters/3-840>		<http://ids.clld.org/values/3-840-286-1>		"meteʔ"@pav	
"зæнг (голень)"@os	<http://ids.clld.org/values/4-350-319-5>		<http://ids.clld.org/parameters/4-350>		<http://ids.clld.org/values/4-350-286-1>		"pišiyašiʔ"@pav	
"зæнг (голень)"@os	<http://ids.clld.org/values/4-350-319-5>		<http://ids.clld.org/parameters/4-350>		<http://ids.clld.org/values/4-350-286-3>		"kokošiʔ"@pav	
"æхсæв"@os	<http://ids.clld.org/values/14-420-319-1>		<http://ids.clld.org/parameters/14-420>		<http://ids.clld.org/values/14-420-286-1>		"šim"@pav	
"удмидæг"@os	<http://ids.clld.org/values/4-740-319-11>		<http://ids.clld.org/parameters/4-740>		<http://ids.clld.org/values/4-740-286-1>		"eʔ"@pav	
"цæрдуд"@os	<http://ids.clld.org/values/4-740-319-9>		<http://ids.clld.org/parameters/4-740>		<http://ids.clld.org/values/4-740-286-1>		"eʔ"@pav	
"къæхæн"@os	<http://ids.clld.org/values/1-440-319-5>		<http://ids.clld.org/parameters/1-440>		<http://ids.clld.org/values/1-440-286-1>		"pakun"@pav	
"ленк кæнын"@os	<http://ids.clld.org/values/10-340-319-1>		<http://ids.clld.org/parameters/10-340>		<http://ids.clld.org/values/10-340-286-1>		"ho"@pav	
"ленк кæнын"@os	<http://ids.clld.org/values/10-340-319-1>		<http://ids.clld.org/parameters/10-340>		<http://ids.clld.org/values/10-340-286-3>		"horoho"@pav	
"рæстон"@os	<http://ids.clld.org/values/16-730-319-3>		<http://ids.clld.org/parameters/16-730>		<http://ids.clld.org/values/16-730-286-1>		"šoʔ"@pav	
"æвзæр"@os	<http://ids.clld.org/values/16-720-319-1>		<http://ids.clld.org/parameters/16-720>		<http://ids.clld.org/values/16-720-286-1>		"kayi"@pav	
"дзаг"@os	<http://ids.clld.org/values/13-210-319-1>		<http://ids.clld.org/parameters/13-210>		<http://ids.clld.org/values/13-210-286-5>		"maʔam"@pav	
"дзаг"@os	<http://ids.clld.org/values/13-210-319-1>		<http://ids.clld.org/parameters/13-210>		<http://ids.clld.org/values/13-210-286-3>		"moromoinʔ"@pav	
"дзаг"@os	<http://ids.clld.org/values/13-210-319-1>		<http://ids.clld.org/parameters/13-210>		<http://ids.clld.org/values/13-210-286-1>		"moinʔ"@pav	
"комдзаг кæнын"@os	<http://ids.clld.org/values/4-580-319-3>		<http://ids.clld.org/parameters/4-580>		<http://ids.clld.org/values/4-580-286-1>		"kio"@pav	
"сæр"@os	<http://ids.clld.org/values/4-200-319-1>		<http://ids.clld.org/parameters/4-200>		<http://ids.clld.org/values/4-200-286-1>		"winašiʔ (wayiʔ)"@pav	
"æз"@os	<http://ids.clld.org/values/2-910-319-1>		<http://ids.clld.org/parameters/2-910>		<http://ids.clld.org/values/2-910-286-1>		"wataʔ"@pav	
"змис"@os	<http://ids.clld.org/values/1-215-319-1>		<http://ids.clld.org/parameters/1-215>		<http://ids.clld.org/values/1-215-286-1>		"namayi"@pav	
"уæззау (по весу)"@os	<http://ids.clld.org/values/15-810-319-1>		<http://ids.clld.org/parameters/15-810>		<http://ids.clld.org/values/15-810-286-3>		"taʔ man"@pav	
"уæззау (по весу)"@os	<http://ids.clld.org/values/15-810-319-1>		<http://ids.clld.org/parameters/15-810>		<http://ids.clld.org/values/15-810-286-1>		"šite"@pav	
"уæззау (по весу)"@os	<http://ids.clld.org/values/15-810-319-1>		<http://ids.clld.org/parameters/15-810>		<http://ids.clld.org/values/15-810-286-5>		"teʔ man"@pav	
"къæдзил"@os	<http://ids.clld.org/values/4-180-319-1>		<http://ids.clld.org/parameters/4-180>		<http://ids.clld.org/values/4-180-286-1>		"kahwerein"@pav	
"нæуæг"@os	<http://ids.clld.org/values/14-130-319-1>		<http://ids.clld.org/parameters/14-130>		<http://ids.clld.org/values/14-130-286-1>		"šokori"@pav	
"æфцæг"@os	<http://ids.clld.org/values/4-280-319-3>		<http://ids.clld.org/parameters/4-280>		<http://ids.clld.org/values/4-280-286-1>		"paramašiʔ"@pav	
"мыггаг"@os	<http://ids.clld.org/values/8-311-319-1>		<http://ids.clld.org/parameters/8-311>		<http://ids.clld.org/values/8-311-286-1>		"tokwi"@pav	
"зыввытт кæнын"@os	<http://ids.clld.org/values/10-250-319-5>		<http://ids.clld.org/parameters/10-250>		<http://ids.clld.org/values/10-250-286-3>		"wišikaoʔ"@pav	
"зыввытт кæнын"@os	<http://ids.clld.org/values/10-250-319-5>		<http://ids.clld.org/parameters/10-250>		<http://ids.clld.org/values/10-250-286-1>		"šin"@pav	
"маскуы (фабричная)"@os	<http://ids.clld.org/values/4-120-319-3>		<http://ids.clld.org/parameters/4-120>		<http://ids.clld.org/values/4-120-286-1>		"taparišiʔ"@pav	
"тауинаг"@os	<http://ids.clld.org/values/8-311-319-3>		<http://ids.clld.org/parameters/8-311>		<http://ids.clld.org/values/8-311-286-1>		"tokwi"@pav	
"къуди"@os	<http://ids.clld.org/values/4-180-319-5>		<http://ids.clld.org/parameters/4-180>		<http://ids.clld.org/values/4-180-286-1>		"kahwerein"@pav	
"нæмын"@os	<http://ids.clld.org/values/9-210-319-1>		<http://ids.clld.org/parameters/9-210>		<http://ids.clld.org/values/9-210-286-1>		"toʔ"@pav	
"æврагъ"@os	<http://ids.clld.org/values/1-730-319-3>		<http://ids.clld.org/parameters/1-730>		<http://ids.clld.org/values/1-730-286-1>		"tayain nanawin"@pav	
"чи’мбæлы"@os	<http://ids.clld.org/values/16-730-319-7>		<http://ids.clld.org/parameters/16-730>		<http://ids.clld.org/values/16-730-286-1>		"šoʔ"@pav	
"цъус"@os	<http://ids.clld.org/values/13-170-319-7>		<http://ids.clld.org/parameters/13-170>		<http://ids.clld.org/values/13-170-286-1>		"parek"@pav	
"уынын"@os	<http://ids.clld.org/values/15-510-319-1>		<http://ids.clld.org/parameters/15-510>		<http://ids.clld.org/values/15-510-286-1>		"kerek"@pav	
"дзидза"@os	<http://ids.clld.org/values/5-610-319-5>		<http://ids.clld.org/parameters/5-610>		<http://ids.clld.org/values/5-610-286-1>		"karawa (karamayišiʔ)"@pav	
"хынцын (о счёте)"@os	<http://ids.clld.org/values/13-107-319-3>		<http://ids.clld.org/parameters/13-107>		<http://ids.clld.org/values/13-107-286-1>		"piyimʔ"@pav	
"арм"@os	<http://ids.clld.org/values/4-330-319-3>		<http://ids.clld.org/parameters/4-330>		<http://ids.clld.org/values/4-330-286-1>		"mišiʔ"@pav	
"арм"@os	<http://ids.clld.org/values/4-330-319-3>		<http://ids.clld.org/parameters/4-330>		<http://ids.clld.org/values/4-330-286-3>		"(umʔ)"@pav	
"уый"@os	<http://ids.clld.org/values/2-930-319-1>		<http://ids.clld.org/parameters/2-930>		<http://ids.clld.org/values/2-930-286-1>		"ko maʔ"@pav	
"хыртт-хыртт кæнын"@os	<http://ids.clld.org/values/5-480-319-3>		<http://ids.clld.org/parameters/5-480>		<http://ids.clld.org/values/5-480-286-1>		"kuruk"@pav	
"къада"@os	<http://ids.clld.org/values/1-360-319-15>		<http://ids.clld.org/parameters/1-360>		<http://ids.clld.org/values/1-360-286-1>		"kom"@pav	
"цард"@os	<http://ids.clld.org/values/4-740-319-13>		<http://ids.clld.org/parameters/4-740>		<http://ids.clld.org/values/4-740-286-1>		"eʔ"@pav	
"мизын"@os	<http://ids.clld.org/values/10-320-319-9>		<http://ids.clld.org/parameters/10-320>		<http://ids.clld.org/values/10-320-286-3>		"weweweo"@pav	
"мизын"@os	<http://ids.clld.org/values/10-320-319-9>		<http://ids.clld.org/parameters/10-320>		<http://ids.clld.org/values/10-320-286-1>		"weo"@pav	
"кæлын"@os	<http://ids.clld.org/values/10-320-319-5>		<http://ids.clld.org/parameters/10-320>		<http://ids.clld.org/values/10-320-286-3>		"weweweo"@pav	
"кæлын"@os	<http://ids.clld.org/values/10-320-319-5>		<http://ids.clld.org/parameters/10-320>		<http://ids.clld.org/values/10-320-286-1>		"weo"@pav	
"даргъ"@os	<http://ids.clld.org/values/12-570-319-1>		<http://ids.clld.org/parameters/12-570>		<http://ids.clld.org/values/12-570-286-1>		"matam"@pav	
"мад"@os	<http://ids.clld.org/values/2-360-319-1>		<http://ids.clld.org/parameters/2-360>		<http://ids.clld.org/values/2-360-286-1>		"naʔ"@pav	
"хыл кæнын"@os	<http://ids.clld.org/values/20-110-319-1>		<http://ids.clld.org/parameters/20-110>		<http://ids.clld.org/values/20-110-286-1>		"mišita"@pav	
"фурд"@os	<http://ids.clld.org/values/1-320-319-3>		<http://ids.clld.org/parameters/1-320>		<http://ids.clld.org/values/1-320-286-1>		"kote ne kom"@pav	
"сгарын"@os	<http://ids.clld.org/values/11-310-319-3>		<http://ids.clld.org/parameters/11-310>		<http://ids.clld.org/values/11-310-286-1>		"noro"@pav	
"лæхъир"@os	<http://ids.clld.org/values/15-830-319-5>		<http://ids.clld.org/parameters/15-830>		<http://ids.clld.org/values/15-830-286-1>		"šoʔ"@pav	
"адæймаг"@os	<http://ids.clld.org/values/2-100-319-1>		<http://ids.clld.org/parameters/2-100>		<http://ids.clld.org/values/2-100-286-1>		"wariʔ"@pav	
"стæг"@os	<http://ids.clld.org/values/4-160-319-1>		<http://ids.clld.org/parameters/4-160>		<http://ids.clld.org/values/4-160-286-1>		"arašiʔ (at)"@pav	
"æмбыд"@os	<http://ids.clld.org/values/5-125-319-1>		<http://ids.clld.org/parameters/5-125>		<http://ids.clld.org/values/5-125-286-1>		"šowuru"@pav	
"дæйын"@os	<http://ids.clld.org/values/5-160-319-1>		<http://ids.clld.org/parameters/5-160>		<http://ids.clld.org/values/5-160-286-1>		"šok"@pav	
"дæйын"@os	<http://ids.clld.org/values/5-160-319-1>		<http://ids.clld.org/parameters/5-160>		<http://ids.clld.org/values/5-160-286-3>		"šak"@pav	
"цъæхмигъ"@os	<http://ids.clld.org/values/1-740-319-3>		<http://ids.clld.org/parameters/1-740>		<http://ids.clld.org/values/1-740-286-1>		"murukukuʔ"@pav	
"фæзиан уæвын"@os	<http://ids.clld.org/values/4-750-319-3>		<http://ids.clld.org/parameters/4-750>		<http://ids.clld.org/values/4-750-286-3>		"konoʔ"@pav	
"фæзиан уæвын"@os	<http://ids.clld.org/values/4-750-319-3>		<http://ids.clld.org/parameters/4-750>		<http://ids.clld.org/values/4-750-286-1>		"miʔ pin"@pav	
"ныххафын"@os	<http://ids.clld.org/values/9-310-319-5>		<http://ids.clld.org/parameters/9-310>		<http://ids.clld.org/values/9-310-286-1>		"šik"@pav	
"тох кæнын"@os	<http://ids.clld.org/values/20-110-319-3>		<http://ids.clld.org/parameters/20-110>		<http://ids.clld.org/values/20-110-286-1>		"mišita"@pav	
"тъæнгтæ"@os	<http://ids.clld.org/values/4-461-319-1>		<http://ids.clld.org/parameters/4-461>		<http://ids.clld.org/values/4-461-286-1>		"monošiʔ (mon)"@pav	
"дидинæг"@os	<http://ids.clld.org/values/8-570-319-1>		<http://ids.clld.org/parameters/8-570>		<http://ids.clld.org/values/8-570-286-3>		"wiyein"@pav	
"дидинæг"@os	<http://ids.clld.org/values/8-570-319-1>		<http://ids.clld.org/parameters/8-570>		<http://ids.clld.org/values/8-570-286-1>		"piwain"@pav	
"уад"@os	<http://ids.clld.org/values/1-720-319-3>		<http://ids.clld.org/parameters/1-720>		<http://ids.clld.org/values/1-720-286-1>		"hotowa"@pav	
"фындз"@os	<http://ids.clld.org/values/4-230-319-1>		<http://ids.clld.org/parameters/4-230>		<http://ids.clld.org/values/4-230-286-1>		"werešiʔ (ut)"@pav	
"къах"@os	<http://ids.clld.org/values/4-350-319-1>		<http://ids.clld.org/parameters/4-350>		<http://ids.clld.org/values/4-350-286-1>		"pišiyašiʔ"@pav	
"къах"@os	<http://ids.clld.org/values/4-350-319-1>		<http://ids.clld.org/parameters/4-350>		<http://ids.clld.org/values/4-350-286-3>		"kokošiʔ"@pav	
"цæстытыл уайын (представляться)"@os	<http://ids.clld.org/values/15-510-319-5>		<http://ids.clld.org/parameters/15-510>		<http://ids.clld.org/values/15-510-286-1>		"kerek"@pav	
"мæсты"@os	<http://ids.clld.org/values/16-420-319-3>		<http://ids.clld.org/parameters/16-420>		<http://ids.clld.org/values/16-420-286-1>		"manaʔ"@pav	
"комкоммæ"@os	<http://ids.clld.org/values/12-730-319-3>		<http://ids.clld.org/parameters/12-730>		<http://ids.clld.org/values/12-730-286-1>		"ka om šone ne"@pav	
"бынтон"@os	<http://ids.clld.org/values/13-210-319-7>		<http://ids.clld.org/parameters/13-210>		<http://ids.clld.org/values/13-210-286-5>		"maʔam"@pav	
"бынтон"@os	<http://ids.clld.org/values/13-210-319-7>		<http://ids.clld.org/parameters/13-210>		<http://ids.clld.org/values/13-210-286-3>		"moromoinʔ"@pav	
"бынтон"@os	<http://ids.clld.org/values/13-210-319-7>		<http://ids.clld.org/parameters/13-210>		<http://ids.clld.org/values/13-210-286-1>		"moinʔ"@pav	
"фынæй кæнын"@os	<http://ids.clld.org/values/4-610-319-1>		<http://ids.clld.org/parameters/4-610>		<http://ids.clld.org/values/4-610-286-1>		"piʔam"@pav	
"риуыгъын"@os	<http://ids.clld.org/values/10-670-319-3>		<http://ids.clld.org/parameters/10-670>		<http://ids.clld.org/values/10-670-286-1>		"yök"@pav	
"мигъ"@os	<http://ids.clld.org/values/1-730-319-1>		<http://ids.clld.org/parameters/1-730>		<http://ids.clld.org/values/1-730-286-1>		"tayain nanawin"@pav	
"кæлæх"@os	<http://ids.clld.org/values/1-770-319-3>		<http://ids.clld.org/parameters/1-770>		<http://ids.clld.org/values/1-770-286-1>		"šio šio"@pav	
"куыдз"@os	<http://ids.clld.org/values/3-610-319-1>		<http://ids.clld.org/parameters/3-610>		<http://ids.clld.org/values/3-610-286-1>		"oromiyak"@pav	
"бын"@os	<http://ids.clld.org/values/8-540-319-3>		<http://ids.clld.org/parameters/8-540>		<http://ids.clld.org/values/8-540-286-1>		"kašimain"@pav	
"арт"@os	<http://ids.clld.org/values/1-810-319-3>		<http://ids.clld.org/parameters/1-810>		<http://ids.clld.org/values/1-810-286-1>		"še"@pav	
"хъарын (протекать)"@os	<http://ids.clld.org/values/10-320-319-11>		<http://ids.clld.org/parameters/10-320>		<http://ids.clld.org/values/10-320-286-3>		"weweweo"@pav	
"хъарын (протекать)"@os	<http://ids.clld.org/values/10-320-319-11>		<http://ids.clld.org/parameters/10-320>		<http://ids.clld.org/values/10-320-286-1>		"weo"@pav	
"саувадыг (грозовая)"@os	<http://ids.clld.org/values/1-730-319-7>		<http://ids.clld.org/parameters/1-730>		<http://ids.clld.org/values/1-730-286-1>		"tayain nanawin"@pav	
"егъау"@os	<http://ids.clld.org/values/12-550-319-3>		<http://ids.clld.org/parameters/12-550>		<http://ids.clld.org/values/12-550-286-1>		"hwaraʔ"@pav	
"егъау"@os	<http://ids.clld.org/values/12-550-319-3>		<http://ids.clld.org/parameters/12-550>		<http://ids.clld.org/values/12-550-286-3>		"horon"@pav	
"сæрыхъуын"@os	<http://ids.clld.org/values/4-140-319-3>		<http://ids.clld.org/parameters/4-140>		<http://ids.clld.org/values/4-140-286-1>		"tenenešiʔ"@pav	
"сæрыхъуын"@os	<http://ids.clld.org/values/4-140-319-3>		<http://ids.clld.org/parameters/4-140>		<http://ids.clld.org/values/4-140-286-3>		"tenenein (šun)"@pav	
"донсаст (о воде)"@os	<http://ids.clld.org/values/15-851-319-5>		<http://ids.clld.org/parameters/15-851>		<http://ids.clld.org/values/15-851-286-3>		"nonoe"@pav	
"донсаст (о воде)"@os	<http://ids.clld.org/values/15-851-319-5>		<http://ids.clld.org/parameters/15-851>		<http://ids.clld.org/values/15-851-286-1>		"šain"@pav	
"къуыпп"@os	<http://ids.clld.org/values/1-220-319-3>		<http://ids.clld.org/parameters/1-220>		<http://ids.clld.org/values/1-220-286-1>		"pakun"@pav	
"бæлас"@os	<http://ids.clld.org/values/8-600-319-1>		<http://ids.clld.org/parameters/8-600>		<http://ids.clld.org/values/8-600-286-1>		"pana"@pav	
"ссæндын"@os	<http://ids.clld.org/values/9-343-319-3>		<http://ids.clld.org/parameters/9-343>		<http://ids.clld.org/values/9-343-286-1>		"humʔ"@pav	
"хæцын"@os	<http://ids.clld.org/values/20-110-319-5>		<http://ids.clld.org/parameters/20-110>		<http://ids.clld.org/values/20-110-286-1>		"mišita"@pav	
"цæгъдын (на инструменте)"@os	<http://ids.clld.org/values/16-250-319-3>		<http://ids.clld.org/parameters/16-250>		<http://ids.clld.org/values/16-250-286-1>		"tatamʔ"@pav	
"цæгъдын (на инструменте)"@os	<http://ids.clld.org/values/16-250-319-3>		<http://ids.clld.org/parameters/16-250>		<http://ids.clld.org/values/16-250-286-3>		"katamʔ"@pav	
"хауын"@os	<http://ids.clld.org/values/10-230-319-1>		<http://ids.clld.org/parameters/10-230>		<http://ids.clld.org/values/10-230-286-3>		"kamaraʔ"@pav	
"хауын"@os	<http://ids.clld.org/values/10-230-319-1>		<http://ids.clld.org/parameters/10-230>		<http://ids.clld.org/values/10-230-286-1>		"panʔ"@pav	
"ласын"@os	<http://ids.clld.org/values/9-330-319-3>		<http://ids.clld.org/parameters/9-330>		<http://ids.clld.org/values/9-330-286-1>		"kök"@pav	
"хуийын"@os	<http://ids.clld.org/values/6-350-319-1>		<http://ids.clld.org/parameters/6-350>		<http://ids.clld.org/values/6-350-286-1>		"ok"@pav	
"цæуын"@os	<http://ids.clld.org/values/10-450-319-1>		<http://ids.clld.org/parameters/10-450>		<http://ids.clld.org/values/10-450-286-1>		"šut"@pav	
"цæуын"@os	<http://ids.clld.org/values/10-450-319-1>		<http://ids.clld.org/parameters/10-450>		<http://ids.clld.org/values/10-450-286-3>		"šurušut"@pav	
"бур"@os	<http://ids.clld.org/values/15-690-319-1>		<http://ids.clld.org/parameters/15-690>		<http://ids.clld.org/values/15-690-286-1>		"košik"@pav	
"игæр"@os	<http://ids.clld.org/values/4-450-319-1>		<http://ids.clld.org/parameters/4-450>		<http://ids.clld.org/values/4-450-286-1>		"tarawanašiʔ (tarawan)"@pav	
"æнцон"@os	<http://ids.clld.org/values/15-770-319-3>		<http://ids.clld.org/parameters/15-770>		<http://ids.clld.org/values/15-770-286-1>		"topišik"@pav	
"тæхын"@os	<http://ids.clld.org/values/10-370-319-1>		<http://ids.clld.org/parameters/10-370>		<http://ids.clld.org/values/10-370-286-3>		"toin"@pav	
"тæхын"@os	<http://ids.clld.org/values/10-370-319-1>		<http://ids.clld.org/parameters/10-370>		<http://ids.clld.org/values/10-370-286-1>		"takiʔ"@pav	
"сау"@os	<http://ids.clld.org/values/15-650-319-1>		<http://ids.clld.org/parameters/15-650>		<http://ids.clld.org/values/15-650-286-1>		"mišem"@pav	
"æппæт"@os	<http://ids.clld.org/values/13-140-319-7>		<http://ids.clld.org/parameters/13-140>		<http://ids.clld.org/values/13-140-286-1>		"šam"@pav	
"сымах (нет формы обращения на «вы»)"@os	<http://ids.clld.org/values/2-920-319-3>		<http://ids.clld.org/parameters/2-920>		<http://ids.clld.org/values/2-920-286-1>		"wum"@pav	
"алцыдæр"@os	<http://ids.clld.org/values/13-140-319-3>		<http://ids.clld.org/parameters/13-140>		<http://ids.clld.org/values/13-140-286-1>		"šam"@pav	
"хорз"@os	<http://ids.clld.org/values/16-710-319-1>		<http://ids.clld.org/parameters/16-710>		<http://ids.clld.org/values/16-710-286-1>		"awi"@pav	
"сагъæс кæнын"@os	<http://ids.clld.org/values/17-130-319-3>		<http://ids.clld.org/parameters/17-130>		<http://ids.clld.org/values/17-130-286-1>		"koromikat"@pav	
"марын"@os	<http://ids.clld.org/values/4-760-319-1>		<http://ids.clld.org/parameters/4-760>		<http://ids.clld.org/values/4-760-286-1>		"paʔ"@pav	
"лæг"@os	<http://ids.clld.org/values/2-210-319-1>		<http://ids.clld.org/parameters/2-210>		<http://ids.clld.org/values/2-210-286-1>		"taramaʔ"@pav	
"ном"@os	<http://ids.clld.org/values/18-280-319-1>		<http://ids.clld.org/parameters/18-280>		<http://ids.clld.org/values/18-280-286-1>		"wišišiʔ (wit)"@pav	
"кæрдын"@os	<http://ids.clld.org/values/9-220-319-3>		<http://ids.clld.org/parameters/9-220>		<http://ids.clld.org/values/9-220-286-7>		"nakarkamʔ"@pav	
"кæрдын"@os	<http://ids.clld.org/values/9-220-319-3>		<http://ids.clld.org/parameters/9-220>		<http://ids.clld.org/values/9-220-286-3>		"wawak"@pav	
"кæрдын"@os	<http://ids.clld.org/values/9-220-319-3>		<http://ids.clld.org/parameters/9-220>		<http://ids.clld.org/values/9-220-286-9>		"ta"@pav	
"кæрдын"@os	<http://ids.clld.org/values/9-220-319-3>		<http://ids.clld.org/parameters/9-220>		<http://ids.clld.org/values/9-220-286-5>		"nakamʔ"@pav	
"кæрдын"@os	<http://ids.clld.org/values/9-220-319-3>		<http://ids.clld.org/parameters/9-220>		<http://ids.clld.org/values/9-220-286-1>		"wak"@pav	
"æмдымбыл"@os	<http://ids.clld.org/values/12-810-319-3>		<http://ids.clld.org/parameters/12-810>		<http://ids.clld.org/values/12-810-286-1>		"monoʔo"@pav	
"уыдон"@os	<http://ids.clld.org/values/2-960-319-1>		<http://ids.clld.org/parameters/2-960>		<http://ids.clld.org/values/2-960-286-1>		"karam maʔ"@pav	
"сыст"@os	<http://ids.clld.org/values/3-811-319-1>		<http://ids.clld.org/parameters/3-811>		<http://ids.clld.org/values/3-811-286-1>		"ioʔ"@pav	
"чысыл"@os	<http://ids.clld.org/values/12-560-319-3>		<http://ids.clld.org/parameters/12-560>		<http://ids.clld.org/values/12-560-286-1>		"wiyimain"@pav	
"ту кæнын"@os	<http://ids.clld.org/values/4-560-319-1>		<http://ids.clld.org/parameters/4-560>		<http://ids.clld.org/values/4-560-286-1>		"hupaʔ"@pav	
"сис (птичье)"@os	<http://ids.clld.org/values/4-393-319-1>		<http://ids.clld.org/parameters/4-393>		<http://ids.clld.org/values/4-393-286-1>		"tenenein (šun)"@pav	
"рыг"@os	<http://ids.clld.org/values/1-213-319-1>		<http://ids.clld.org/parameters/1-213>		<http://ids.clld.org/values/1-213-286-1>		"tainʔ"@pav	
"цыргъ"@os	<http://ids.clld.org/values/15-780-319-1>		<http://ids.clld.org/parameters/15-780>		<http://ids.clld.org/values/15-780-286-1>		"šaʔ"@pav	
"хуылыдз"@os	<http://ids.clld.org/values/15-830-319-1>		<http://ids.clld.org/parameters/15-830>		<http://ids.clld.org/values/15-830-286-1>		"šoʔ"@pav	
"кæрдæг"@os	<http://ids.clld.org/values/8-510-319-1>		<http://ids.clld.org/parameters/8-510>		<http://ids.clld.org/values/8-510-286-1>		"tononoin"@pav	
"æвзаг"@os	<http://ids.clld.org/values/4-260-319-1>		<http://ids.clld.org/parameters/4-260>		<http://ids.clld.org/values/4-260-286-1>		"petehwet nešiʔ (petehwet)"@pav	
"сырх"@os	<http://ids.clld.org/values/15-660-319-1>		<http://ids.clld.org/parameters/15-660>		<http://ids.clld.org/values/15-660-286-1>		"pakaʔ"@pav	
"зарын"@os	<http://ids.clld.org/values/18-120-319-1>		<http://ids.clld.org/parameters/18-120>		<http://ids.clld.org/values/18-120-286-1>		"kom"@pav	
"райтынг уæвын"@os	<http://ids.clld.org/values/10-130-319-5>		<http://ids.clld.org/parameters/10-130>		<http://ids.clld.org/values/10-130-286-1>		"yami"@pav	
"чъылдым"@os	<http://ids.clld.org/values/4-190-319-1>		<http://ids.clld.org/parameters/4-190>		<http://ids.clld.org/values/4-190-286-1>		"warašiʔ"@pav	
"буар"@os	<http://ids.clld.org/values/4-130-319-1>		<http://ids.clld.org/parameters/4-130>		<http://ids.clld.org/values/4-130-286-1>		"kwerešiʔ"@pav	
"къахын"@os	<http://ids.clld.org/values/8-220-319-1>		<http://ids.clld.org/parameters/8-220>		<http://ids.clld.org/values/8-220-286-1>		"še"@pav	
"къахын"@os	<http://ids.clld.org/values/8-220-319-1>		<http://ids.clld.org/parameters/8-220>		<http://ids.clld.org/values/8-220-286-3>		"šikeʔ"@pav	
"рахиз (фарс)"@os	<http://ids.clld.org/values/12-410-319-1>		<http://ids.clld.org/parameters/12-410>		<http://ids.clld.org/values/12-410-286-1>		"irikwerešiʔ"@pav	
"æргæвдын (убивать)"@os	<http://ids.clld.org/values/9-220-319-5>		<http://ids.clld.org/parameters/9-220>		<http://ids.clld.org/values/9-220-286-7>		"nakarkamʔ"@pav	
"æргæвдын (убивать)"@os	<http://ids.clld.org/values/9-220-319-5>		<http://ids.clld.org/parameters/9-220>		<http://ids.clld.org/values/9-220-286-3>		"wawak"@pav	
"æргæвдын (убивать)"@os	<http://ids.clld.org/values/9-220-319-5>		<http://ids.clld.org/parameters/9-220>		<http://ids.clld.org/values/9-220-286-9>		"ta"@pav	
"æргæвдын (убивать)"@os	<http://ids.clld.org/values/9-220-319-5>		<http://ids.clld.org/parameters/9-220>		<http://ids.clld.org/values/9-220-286-5>		"nakamʔ"@pav	
"æргæвдын (убивать)"@os	<http://ids.clld.org/values/9-220-319-5>		<http://ids.clld.org/parameters/9-220>		<http://ids.clld.org/values/9-220-286-1>		"wak"@pav	
"амæлын"@os	<http://ids.clld.org/values/4-750-319-1>		<http://ids.clld.org/parameters/4-750>		<http://ids.clld.org/values/4-750-286-3>		"konoʔ"@pav	
"амæлын"@os	<http://ids.clld.org/values/4-750-319-1>		<http://ids.clld.org/parameters/4-750>		<http://ids.clld.org/values/4-750-286-1>		"miʔ pin"@pav	
"дымын (ртом)"@os	<http://ids.clld.org/values/10-380-319-5>		<http://ids.clld.org/parameters/10-380>		<http://ids.clld.org/values/10-380-286-3>		"hukoʔ"@pav	
"дымын (ртом)"@os	<http://ids.clld.org/values/10-380-319-5>		<http://ids.clld.org/parameters/10-380>		<http://ids.clld.org/values/10-380-286-1>		"hu"@pav	
"фыд"@os	<http://ids.clld.org/values/5-610-319-1>		<http://ids.clld.org/parameters/5-610>		<http://ids.clld.org/values/5-610-286-1>		"karawa (karamayišiʔ)"@pav	
"урс"@os	<http://ids.clld.org/values/15-640-319-1>		<http://ids.clld.org/parameters/15-640>		<http://ids.clld.org/values/15-640-286-1>		"towoʔ"@pav	
"гуылфæн"@os	<http://ids.clld.org/values/1-360-319-11>		<http://ids.clld.org/parameters/1-360>		<http://ids.clld.org/values/1-360-286-1>		"kom"@pav	
"хæцын"@os	<http://ids.clld.org/values/4-580-319-1>		<http://ids.clld.org/parameters/4-580>		<http://ids.clld.org/values/4-580-286-1>		"kio"@pav	
"къуылдым"@os	<http://ids.clld.org/values/1-220-319-7>		<http://ids.clld.org/parameters/1-220>		<http://ids.clld.org/values/1-220-286-1>		"pakun"@pav	
"къахвæд"@os	<http://ids.clld.org/values/10-720-319-5>		<http://ids.clld.org/parameters/10-720>		<http://ids.clld.org/values/10-720-286-1>		"wana (wanayišiʔ)"@pav	
"фыд"@os	<http://ids.clld.org/values/2-350-319-1>		<http://ids.clld.org/parameters/2-350>		<http://ids.clld.org/values/2-350-286-1>		"te"@pav	
"уайын"@os	<http://ids.clld.org/values/10-320-319-1>		<http://ids.clld.org/parameters/10-320>		<http://ids.clld.org/values/10-320-286-3>		"weweweo"@pav	
"уайын"@os	<http://ids.clld.org/values/10-320-319-1>		<http://ids.clld.org/parameters/10-320>		<http://ids.clld.org/values/10-320-286-1>		"weo"@pav	
"хафын"@os	<http://ids.clld.org/values/5-480-319-1>		<http://ids.clld.org/parameters/5-480>		<http://ids.clld.org/values/5-480-286-1>		"kuruk"@pav	
"бæндæн"@os	<http://ids.clld.org/values/9-190-319-1>		<http://ids.clld.org/parameters/9-190>		<http://ids.clld.org/values/9-190-286-1>		"makon (makorišiʔ)"@pav	
"цъæх"@os	<http://ids.clld.org/values/15-680-319-1>		<http://ids.clld.org/parameters/15-680>		<http://ids.clld.org/values/15-680-286-1>		"tb̃um"@pav	
"къада"@os	<http://ids.clld.org/values/1-360-319-7>		<http://ids.clld.org/parameters/1-360>		<http://ids.clld.org/values/1-360-286-1>		"kom"@pav	
"дыргъ"@os	<http://ids.clld.org/values/5-710-319-1>		<http://ids.clld.org/parameters/5-710>		<http://ids.clld.org/values/5-710-286-3>		"winain"@pav	
"дыргъ"@os	<http://ids.clld.org/values/5-710-319-1>		<http://ids.clld.org/parameters/5-710>		<http://ids.clld.org/values/5-710-286-1>		"memem"@pav	
"зæрдæ"@os	<http://ids.clld.org/values/4-440-319-1>		<http://ids.clld.org/parameters/4-440>		<http://ids.clld.org/values/4-440-286-1>		"šimišiʔ (šim)"@pav	
"сæвджын"@os	<http://ids.clld.org/values/12-610-319-5>		<http://ids.clld.org/parameters/12-610>		<http://ids.clld.org/values/12-610-286-1>		"kote ne kimain"@pav	
"артæнтæ"@os	<http://ids.clld.org/values/4-461-319-3>		<http://ids.clld.org/parameters/4-461>		<http://ids.clld.org/values/4-461-286-1>		"monošiʔ (mon)"@pav	
"арв"@os	<http://ids.clld.org/values/1-510-319-1>		<http://ids.clld.org/parameters/1-510>		<http://ids.clld.org/values/1-510-286-1>		"nanawin"@pav	
"базыр"@os	<http://ids.clld.org/values/4-392-319-1>		<http://ids.clld.org/parameters/4-392>		<http://ids.clld.org/values/4-392-286-1>		"tapaši"@pav	
"маргъ"@os	<http://ids.clld.org/values/3-581-319-1>		<http://ids.clld.org/parameters/3-581>		<http://ids.clld.org/values/3-581-286-1>		"me"@pav	
"сылгоймаг"@os	<http://ids.clld.org/values/2-220-319-3>		<http://ids.clld.org/parameters/2-220>		<http://ids.clld.org/values/2-220-286-1>		"narimaʔ"@pav	
"их"@os	<http://ids.clld.org/values/1-770-319-1>		<http://ids.clld.org/parameters/1-770>		<http://ids.clld.org/values/1-770-286-1>		"šio šio"@pav	
"къухтæй хæцын (держать в руках)"@os	<http://ids.clld.org/values/11-150-319-5>		<http://ids.clld.org/parameters/11-150>		<http://ids.clld.org/values/11-150-286-1>		"kep"@pav	
"ных"@os	<http://ids.clld.org/values/4-345-319-1>		<http://ids.clld.org/parameters/4-345>		<http://ids.clld.org/values/4-345-286-1>		"šikinain"@pav	
"мигъ"@os	<http://ids.clld.org/values/1-730-319-5>		<http://ids.clld.org/parameters/1-730>		<http://ids.clld.org/values/1-730-286-1>		"tayain nanawin"@pav	
"нард"@os	<http://ids.clld.org/values/5-791-319-7>		<http://ids.clld.org/parameters/5-791>		<http://ids.clld.org/values/5-791-286-1>		"homain"@pav	
"ц��хæр"@os	<http://ids.clld.org/values/1-810-319-5>		<http://ids.clld.org/parameters/1-810>		<http://ids.clld.org/values/1-810-286-1>		"še"@pav	
"цæст"@os	<http://ids.clld.org/values/4-210-319-1>		<http://ids.clld.org/parameters/4-210>		<http://ids.clld.org/values/4-210-286-1>		"tokošiʔ (tok)"@pav	
"бон"@os	<http://ids.clld.org/values/14-410-319-1>		<http://ids.clld.org/parameters/14-410>		<http://ids.clld.org/values/14-410-286-1>		"šek"@pav	
"ставд"@os	<http://ids.clld.org/values/12-630-319-1>		<http://ids.clld.org/parameters/12-630>		<http://ids.clld.org/values/12-630-286-1>		"kwere"@pav	
"бæзджын"@os	<http://ids.clld.org/values/12-630-319-3>		<http://ids.clld.org/parameters/12-630>		<http://ids.clld.org/values/12-630-286-1>		"kwere"@pav	
"сой"@os	<http://ids.clld.org/values/5-791-319-1>		<http://ids.clld.org/parameters/5-791>		<http://ids.clld.org/values/5-791-286-1>		"homain"@pav	
"хур"@os	<http://ids.clld.org/values/1-520-319-1>		<http://ids.clld.org/parameters/1-520>		<http://ids.clld.org/values/1-520-286-1>		"šina"@pav	
"райхалын (райхæлын)"@os	<http://ids.clld.org/values/10-130-319-1>		<http://ids.clld.org/parameters/10-130>		<http://ids.clld.org/values/10-130-286-1>		"yami"@pav	
"удæгас"@os	<http://ids.clld.org/values/4-740-319-3>		<http://ids.clld.org/parameters/4-740>		<http://ids.clld.org/values/4-740-286-1>		"eʔ"@pav	
"æгас"@os	<http://ids.clld.org/values/4-740-319-7>		<http://ids.clld.org/parameters/4-740>		<http://ids.clld.org/values/4-740-286-1>		"eʔ"@pav	
"хох"@os	<http://ids.clld.org/values/1-220-319-1>		<http://ids.clld.org/parameters/1-220>		<http://ids.clld.org/values/1-220-286-1>		"pakun"@pav	
"сымах"@os	<http://ids.clld.org/values/2-950-319-1>		<http://ids.clld.org/parameters/2-950>		<http://ids.clld.org/values/2-950-286-1>		"wahuʔ"@pav	
"дзурын"@os	<http://ids.clld.org/values/18-210-319-1>		<http://ids.clld.org/parameters/18-210>		<http://ids.clld.org/values/18-210-286-1>		"tomiʔ"@pav	
"гоймаг"@os	<http://ids.clld.org/values/2-100-319-5>		<http://ids.clld.org/parameters/2-100>		<http://ids.clld.org/values/2-100-286-1>		"wariʔ"@pav	
"лæмарын"@os	<http://ids.clld.org/values/9-343-319-1>		<http://ids.clld.org/parameters/9-343>		<http://ids.clld.org/values/9-343-286-1>		"humʔ"@pav	
"тæнæг"@os	<http://ids.clld.org/values/12-650-319-1>		<http://ids.clld.org/parameters/12-650>		<http://ids.clld.org/values/12-650-286-1>		"šašiʔ"@pav	
"хуыссын"@os	<http://ids.clld.org/values/12-140-319-1>		<http://ids.clld.org/parameters/12-140>		<http://ids.clld.org/values/12-140-286-1>		"teremʔ"@pav	
"хуыссын"@os	<http://ids.clld.org/values/12-140-319-1>		<http://ids.clld.org/parameters/12-140>		<http://ids.clld.org/values/12-140-286-3>		"tokoʔ"@pav	
"волосы – ныссадзын"@os	<http://ids.clld.org/values/9-223-319-5>		<http://ids.clld.org/parameters/9-223>		<http://ids.clld.org/values/9-223-286-1>		"šukunʔ"@pav	
"саби"@os	<http://ids.clld.org/values/2-270-319-3>		<http://ids.clld.org/parameters/2-270>		<http://ids.clld.org/values/2-270-286-1>		"piyeʔ"@pav	
"цæхх"@os	<http://ids.clld.org/values/5-810-319-1>		<http://ids.clld.org/parameters/5-810>		<http://ids.clld.org/values/5-810-286-1>		"[sal]"@pav	
"хъусын"@os	<http://ids.clld.org/values/15-410-319-1>		<http://ids.clld.org/parameters/15-410>		<http://ids.clld.org/values/15-410-286-1>		"tarayu"@pav	
"адих кæнын"@os	<http://ids.clld.org/values/9-270-319-3>		<http://ids.clld.org/parameters/9-270>		<http://ids.clld.org/values/9-270-286-1>		"toʔ pahot"@pav	
"адих кæнын"@os	<http://ids.clld.org/values/9-270-319-3>		<http://ids.clld.org/parameters/9-270>		<http://ids.clld.org/values/9-270-286-3>		"toʔ pahorohot"@pav	
"раст"@os	<http://ids.clld.org/values/12-730-319-1>		<http://ids.clld.org/parameters/12-730>		<http://ids.clld.org/values/12-730-286-1>		"ka om šone ne"@pav	
"æртхутæг"@os	<http://ids.clld.org/values/1-840-319-1>		<http://ids.clld.org/parameters/1-840>		<http://ids.clld.org/values/1-840-286-1>		"topakon"@pav	
"лыстæг"@os	<http://ids.clld.org/values/12-650-319-3>		<http://ids.clld.org/parameters/12-650>		<http://ids.clld.org/values/12-650-286-1>		"šašiʔ"@pav	
"ус (супруга)"@os	<http://ids.clld.org/values/2-320-319-3>		<http://ids.clld.org/parameters/2-320>		<http://ids.clld.org/values/2-320-286-1>		"mana"@pav	
"нарæг фæндаг"@os	<http://ids.clld.org/values/10-720-319-1>		<http://ids.clld.org/parameters/10-720>		<http://ids.clld.org/values/10-720-286-1>		"wana (wanayišiʔ)"@pav	
"хус"@os	<http://ids.clld.org/values/15-840-319-1>		<http://ids.clld.org/parameters/15-840>		<http://ids.clld.org/values/15-840-286-1>		"kawainʔ"@pav	
"æппарын"@os	<http://ids.clld.org/values/10-250-319-1>		<http://ids.clld.org/parameters/10-250>		<http://ids.clld.org/values/10-250-286-3>		"wišikaoʔ"@pav	
"æппарын"@os	<http://ids.clld.org/values/10-250-319-1>		<http://ids.clld.org/parameters/10-250>		<http://ids.clld.org/values/10-250-286-1>		"šin"@pav	
"бадын"@os	<http://ids.clld.org/values/12-130-319-1>		<http://ids.clld.org/parameters/12-130>		<http://ids.clld.org/values/12-130-286-1>		"šaoʔ pe"@pav	
"бадын"@os	<http://ids.clld.org/values/12-130-319-1>		<http://ids.clld.org/parameters/12-130>		<http://ids.clld.org/values/12-130-286-3>		"šaoʔ to"@pav	
"галиу (фарс)"@os	<http://ids.clld.org/values/12-420-319-1>		<http://ids.clld.org/parameters/12-420>		<http://ids.clld.org/values/12-420-286-1>		"parayišiʔ"@pav	
"къуыдыргалм"@os	<http://ids.clld.org/values/3-840-319-3>		<http://ids.clld.org/parameters/3-840>		<http://ids.clld.org/values/3-840-286-1>		"meteʔ"@pav	
"сыф"@os	<http://ids.clld.org/values/8-560-319-1>		<http://ids.clld.org/parameters/8-560>		<http://ids.clld.org/values/8-560-286-1>		"tenenein"@pav	
"цымын"@os	<http://ids.clld.org/values/5-130-319-3>		<http://ids.clld.org/parameters/5-130>		<http://ids.clld.org/values/5-130-286-1>		"tok"@pav	
"цымын"@os	<http://ids.clld.org/values/5-130-319-3>		<http://ids.clld.org/parameters/5-130>		<http://ids.clld.org/values/5-130-286-3>		"tototok"@pav	
"айнæг (отвесная)"@os	<http://ids.clld.org/values/1-440-319-7>		<http://ids.clld.org/parameters/1-440>		<http://ids.clld.org/values/1-440-286-1>		"pakun"@pav	
"цæвын"@os	<http://ids.clld.org/values/9-210-319-3>		<http://ids.clld.org/parameters/9-210>		<http://ids.clld.org/values/9-210-286-1>		"toʔ"@pav	
"чуть-чуть)"@os	<http://ids.clld.org/values/13-181-319-5>		<http://ids.clld.org/parameters/13-181>		<http://ids.clld.org/values/13-181-286-1>		"arakaʔ"@pav	
"фад"@os	<http://ids.clld.org/values/4-370-319-1>		<http://ids.clld.org/parameters/4-370>		<http://ids.clld.org/values/4-370-286-1>		"kašimašiʔ (kašim)"@pav	
"туг"@os	<http://ids.clld.org/values/4-150-319-1>		<http://ids.clld.org/parameters/4-150>		<http://ids.clld.org/values/4-150-286-1>		"kišiʔ (wik)"@pav	
"удгоймаг"@os	<http://ids.clld.org/values/2-100-319-3>		<http://ids.clld.org/parameters/2-100>		<http://ids.clld.org/values/2-100-286-1>		"wariʔ"@pav	
"тас"@os	<http://ids.clld.org/values/16-530-319-1>		<http://ids.clld.org/parameters/16-530>		<http://ids.clld.org/values/16-530-286-1>		"yinʔ"@pav	
"улæфын"@os	<http://ids.clld.org/values/4-510-319-1>		<http://ids.clld.org/parameters/4-510>		<http://ids.clld.org/values/4-510-286-1>		"wereme"@pav	
"хъæдвыд"@os	<http://ids.clld.org/values/1-430-319-3>		<http://ids.clld.org/parameters/1-430>		<http://ids.clld.org/values/1-430-286-1>		"pana"@pav	
