"иунæг"@os	<http://ids.clld.org/values/13-10-319-3>		<http://ids.clld.org/parameters/13-10>		<http://ids.clld.org/values/13-10-293-1>		"pɨc̷it"@ram	
"зынг"@os	<http://ids.clld.org/values/1-810-319-1>		<http://ids.clld.org/parameters/1-810>		<http://ids.clld.org/values/1-810-293-1>		"kuhɨ"@ram	
"æрдын"@os	<http://ids.clld.org/values/20-240-319-1>		<http://ids.clld.org/parameters/20-240>		<http://ids.clld.org/values/20-240-293-1>		"kuuhe"@ram	
"йедзаг"@os	<http://ids.clld.org/values/13-210-319-3>		<http://ids.clld.org/parameters/13-210>		<http://ids.clld.org/values/13-210-293-1>		"yic̷u"@ram	
"дынджыр"@os	<http://ids.clld.org/values/12-550-319-5>		<http://ids.clld.org/parameters/12-550>		<http://ids.clld.org/values/12-550-293-1>		"ti-"@ram	
"æнгæс"@os	<http://ids.clld.org/values/12-920-319-1>		<http://ids.clld.org/parameters/12-920>		<http://ids.clld.org/values/12-920-293-1>		"kʰĩ"@ram	
"фæцæуын"@os	<http://ids.clld.org/values/10-470-319-7>		<http://ids.clld.org/parameters/10-470>		<http://ids.clld.org/values/10-470-293-1>		"mɔ̃"@ram	
"æнæхъæн"@os	<http://ids.clld.org/values/13-210-319-9>		<http://ids.clld.org/parameters/13-210>		<http://ids.clld.org/values/13-210-293-1>		"yic̷u"@ram	
"æрцæуын"@os	<http://ids.clld.org/values/10-470-319-3>		<http://ids.clld.org/parameters/10-470>		<http://ids.clld.org/values/10-470-293-1>		"mɔ̃"@ram	
"фæтæн"@os	<http://ids.clld.org/values/12-610-319-1>		<http://ids.clld.org/parameters/12-610>		<http://ids.clld.org/values/12-610-293-1>		"iʔ-pɔ"@ram	
"фиу"@os	<http://ids.clld.org/values/5-791-319-5>		<http://ids.clld.org/parameters/5-791>		<http://ids.clld.org/values/5-791-293-1>		"iʔ-twɨm"@ram	
"цæрæнбон"@os	<http://ids.clld.org/values/4-740-319-15>		<http://ids.clld.org/parameters/4-740>		<http://ids.clld.org/values/4-740-293-1>		"tĩ"@ram	
"судзын"@os	<http://ids.clld.org/values/1-852-319-1>		<http://ids.clld.org/parameters/1-852>		<http://ids.clld.org/values/1-852-293-1>		"pok"@ram	
"кæф (крупная рыба)"@os	<http://ids.clld.org/values/3-650-319-3>		<http://ids.clld.org/parameters/3-650>		<http://ids.clld.org/values/3-650-293-3>		"krən-"@ram	
"кæф (крупная рыба)"@os	<http://ids.clld.org/values/3-650-319-3>		<http://ids.clld.org/parameters/3-650>		<http://ids.clld.org/values/3-650-293-1>		"tɛp"@ram	
"къух"@os	<http://ids.clld.org/values/4-330-319-1>		<http://ids.clld.org/parameters/4-330>		<http://ids.clld.org/values/4-330-293-1>		"hũʔkʰra"@ram	
"рухс (огни погасли в домах)"@os	<http://ids.clld.org/values/1-810-319-7>		<http://ids.clld.org/parameters/1-810>		<http://ids.clld.org/values/1-810-293-1>		"kuhɨ"@ram	
"сойаг"@os	<http://ids.clld.org/values/5-791-319-3>		<http://ids.clld.org/parameters/5-791>		<http://ids.clld.org/values/5-791-293-1>		"iʔ-twɨm"@ram	
"рис"@os	<http://ids.clld.org/values/16-310-319-1>		<http://ids.clld.org/parameters/16-310>		<http://ids.clld.org/values/16-310-293-1>		"-c̷a-"@ram	
"рис"@os	<http://ids.clld.org/values/16-310-319-1>		<http://ids.clld.org/parameters/16-310>		<http://ids.clld.org/values/16-310-293-3>		"ha- (?)"@ram	
"мидæгæй"@os	<http://ids.clld.org/values/12-50-319-3>		<http://ids.clld.org/parameters/12-50>		<http://ids.clld.org/values/12-50-293-1>		"kʰam"@ram	
"ссæуын"@os	<http://ids.clld.org/values/10-472-319-5>		<http://ids.clld.org/parameters/10-472>		<http://ids.clld.org/values/10-472-293-1>		"pi-"@ram	
"хос"@os	<http://ids.clld.org/values/8-520-319-1>		<http://ids.clld.org/parameters/8-520>		<http://ids.clld.org/values/8-520-293-1>		"po-"@ram	
"кæсаг"@os	<http://ids.clld.org/values/3-650-319-1>		<http://ids.clld.org/parameters/3-650>		<http://ids.clld.org/values/3-650-293-3>		"krən-"@ram	
"кæсаг"@os	<http://ids.clld.org/values/3-650-319-1>		<http://ids.clld.org/parameters/3-650>		<http://ids.clld.org/values/3-650-293-1>		"tɛp"@ram	
"бындзар"@os	<http://ids.clld.org/values/8-540-319-7>		<http://ids.clld.org/parameters/8-540>		<http://ids.clld.org/values/8-540-293-1>		"haare"@ram	
"айк"@os	<http://ids.clld.org/values/5-970-319-1>		<http://ids.clld.org/parameters/5-970>		<http://ids.clld.org/values/5-970-293-1>		"in-krɛ"@ram	
"тæлтæг (лæг)"@os	<http://ids.clld.org/values/15-850-319-5>		<http://ids.clld.org/parameters/15-850>		<http://ids.clld.org/values/15-850-293-1>		"kakrɔ"@ram	
"дымæг"@os	<http://ids.clld.org/values/4-180-319-3>		<http://ids.clld.org/parameters/4-180>		<http://ids.clld.org/values/4-180-293-1>		"ha-ppɨ"@ram	
"чысыл"@os	<http://ids.clld.org/values/13-170-319-1>		<http://ids.clld.org/parameters/13-170>		<http://ids.clld.org/values/13-170-293-1>		"kʰɨɨpe-"@ram	
"сайын"@os	<http://ids.clld.org/values/16-670-319-5>		<http://ids.clld.org/parameters/16-670>		<http://ids.clld.org/values/16-670-293-1>		"nõ"@ram	
"цъирын"@os	<http://ids.clld.org/values/5-160-319-3>		<http://ids.clld.org/parameters/5-160>		<http://ids.clld.org/values/5-160-293-1>		"kaho"@ram	
"хо"@os	<http://ids.clld.org/values/2-450-319-1>		<http://ids.clld.org/parameters/2-450>		<http://ids.clld.org/values/2-450-293-1>		"tɔ̃y-"@ram	
"рацу-бацу кæнын (многократное)"@os	<http://ids.clld.org/values/10-450-319-3>		<http://ids.clld.org/parameters/10-450>		<http://ids.clld.org/values/10-450-293-1>		"mõ"@ram	
"дæттын"@os	<http://ids.clld.org/values/11-210-319-1>		<http://ids.clld.org/parameters/11-210>		<http://ids.clld.org/values/11-210-293-3>		"ŋɔ̃"@ram	
"дæттын"@os	<http://ids.clld.org/values/11-210-319-1>		<http://ids.clld.org/parameters/11-210>		<http://ids.clld.org/values/11-210-293-1>		"c̷i-"@ram	
"цæуын"@os	<http://ids.clld.org/values/10-480-319-1>		<http://ids.clld.org/parameters/10-480>		<http://ids.clld.org/values/10-480-293-1>		"-tẽ"@ram	
"судзын"@os	<http://ids.clld.org/values/1-851-319-1>		<http://ids.clld.org/parameters/1-851>		<http://ids.clld.org/values/1-851-293-1>		"ka-c̷ər"@ram	
"бындзæфхад"@os	<http://ids.clld.org/values/8-540-319-5>		<http://ids.clld.org/parameters/8-540>		<http://ids.clld.org/values/8-540-293-1>		"haare"@ram	
"цъай"@os	<http://ids.clld.org/values/1-370-319-7>		<http://ids.clld.org/parameters/1-370>		<http://ids.clld.org/values/1-370-293-1>		"kʰwa"@ram	
"къобола"@os	<http://ids.clld.org/values/20-220-319-3>		<http://ids.clld.org/parameters/20-220>		<http://ids.clld.org/values/20-220-293-1>		"kʰo"@ram	
"уæраг"@os	<http://ids.clld.org/values/4-360-319-1>		<http://ids.clld.org/parameters/4-360>		<http://ids.clld.org/values/4-360-293-1>		"ii-kʰõn"@ram	
"фат"@os	<http://ids.clld.org/values/20-250-319-1>		<http://ids.clld.org/parameters/20-250>		<http://ids.clld.org/values/20-250-293-1>		"kruw"@ram	
"калм"@os	<http://ids.clld.org/values/3-850-319-1>		<http://ids.clld.org/parameters/3-850>		<http://ids.clld.org/values/3-850-293-3>		"pat"@ram	
"калм"@os	<http://ids.clld.org/values/3-850-319-1>		<http://ids.clld.org/parameters/3-850>		<http://ids.clld.org/values/3-850-293-1>		"kaaŋə"@ram	
"дзæбæх"@os	<http://ids.clld.org/values/16-710-319-3>		<http://ids.clld.org/parameters/16-710>		<http://ids.clld.org/values/16-710-293-1>		"-pɛy"@ram	
"суадон"@os	<http://ids.clld.org/values/1-370-319-5>		<http://ids.clld.org/parameters/1-370>		<http://ids.clld.org/values/1-370-293-1>		"kʰwa"@ram	
"нæй"@os	<http://ids.clld.org/values/17-560-319-3>		<http://ids.clld.org/parameters/17-560>		<http://ids.clld.org/values/17-560-293-1>		"ke-"@ram	
"мæнкъи"@os	<http://ids.clld.org/values/13-170-319-5>		<http://ids.clld.org/parameters/13-170>		<http://ids.clld.org/values/13-170-293-1>		"kʰɨɨpe-"@ram	
"мæлдзыг"@os	<http://ids.clld.org/values/3-817-319-1>		<http://ids.clld.org/parameters/3-817>		<http://ids.clld.org/values/3-817-293-1>		"ahc̷un- (aʔc̷un- ?)"@ram	
"къахвæндаг"@os	<http://ids.clld.org/values/10-720-319-3>		<http://ids.clld.org/parameters/10-720>		<http://ids.clld.org/values/10-720-293-1>		"prɨɨ"@ram	
"уæлæмæ хæцын"@os	<http://ids.clld.org/values/12-212-319-9>		<http://ids.clld.org/parameters/12-212>		<http://ids.clld.org/values/12-212-293-1>		"pɨ"@ram	
"зылын"@os	<http://ids.clld.org/values/12-740-319-1>		<http://ids.clld.org/parameters/12-740>		<http://ids.clld.org/values/12-740-293-1>		"yakɔt"@ram	
"æртæ"@os	<http://ids.clld.org/values/13-30-319-1>		<http://ids.clld.org/parameters/13-30>		<http://ids.clld.org/values/13-30-293-1>		"ɨnkre-"@ram	
"æппæт"@os	<http://ids.clld.org/values/13-140-319-5>		<http://ids.clld.org/parameters/13-140>		<http://ids.clld.org/values/13-140-293-1>		"tu-"@ram	
"стыр"@os	<http://ids.clld.org/values/12-550-319-1>		<http://ids.clld.org/parameters/12-550>		<http://ids.clld.org/values/12-550-293-1>		"ti-"@ram	
"хи айтындзын"@os	<http://ids.clld.org/values/10-130-319-7>		<http://ids.clld.org/parameters/10-130>		<http://ids.clld.org/values/10-130-293-1>		"ayrɔ̃"@ram	
"мард"@os	<http://ids.clld.org/values/4-750-319-5>		<http://ids.clld.org/parameters/4-750>		<http://ids.clld.org/values/4-750-293-1>		"tɨɨ- (tɨ ?)"@ram	
"мой"@os	<http://ids.clld.org/values/2-310-319-1>		<http://ids.clld.org/parameters/2-310>		<http://ids.clld.org/values/2-310-293-1>		"ĩĩ-pyɛ"@ram	
"дзых"@os	<http://ids.clld.org/values/4-240-319-1>		<http://ids.clld.org/parameters/4-240>		<http://ids.clld.org/values/4-240-293-1>		"-yarkʰwa"@ram	
"хуынкъ"@os	<http://ids.clld.org/values/12-850-319-1>		<http://ids.clld.org/parameters/12-850>		<http://ids.clld.org/values/12-850-293-1>		"kʰrɛ"@ram	
"къæдз"@os	<http://ids.clld.org/values/12-740-319-3>		<http://ids.clld.org/parameters/12-740>		<http://ids.clld.org/values/12-740-293-1>		"yakɔt"@ram	
"æххæст"@os	<http://ids.clld.org/values/13-210-319-5>		<http://ids.clld.org/parameters/13-210>		<http://ids.clld.org/values/13-210-293-1>		"yic̷u"@ram	
"хуыссын"@os	<http://ids.clld.org/values/4-610-319-3>		<http://ids.clld.org/parameters/4-610>		<http://ids.clld.org/values/4-610-293-1>		"-ŋõr (ŋɔ̃r ?)"@ram	
"сур"@os	<http://ids.clld.org/values/15-840-319-3>		<http://ids.clld.org/parameters/15-840>		<http://ids.clld.org/values/15-840-293-1>		"krə"@ram	
"сур"@os	<http://ids.clld.org/values/15-840-319-3>		<http://ids.clld.org/parameters/15-840>		<http://ids.clld.org/values/15-840-293-3>		"(kʰra ?)"@ram	
"сыдзыфарс"@os	<http://ids.clld.org/values/4-464-319-5>		<http://ids.clld.org/parameters/4-464>		<http://ids.clld.org/values/4-464-293-1>		"ayɔ"@ram	
"æхсидын"@os	<http://ids.clld.org/values/1-852-319-3>		<http://ids.clld.org/parameters/1-852>		<http://ids.clld.org/values/1-852-293-1>		"pok"@ram	
"фад"@os	<http://ids.clld.org/values/4-350-319-3>		<http://ids.clld.org/parameters/4-350>		<http://ids.clld.org/values/4-350-293-1>		"ii-tɛ"@ram	
"царм"@os	<http://ids.clld.org/values/4-120-319-1>		<http://ids.clld.org/parameters/4-120>		<http://ids.clld.org/values/4-120-293-1>		"ii-kʰə (?)"@ram	
"зæронд"@os	<http://ids.clld.org/values/14-150-319-1>		<http://ids.clld.org/parameters/14-150>		<http://ids.clld.org/values/14-150-293-1>		"tũm"@ram	
"дымын (о ветре)"@os	<http://ids.clld.org/values/10-380-319-1>		<http://ids.clld.org/parameters/10-380>		<http://ids.clld.org/values/10-380-293-1>		"hakkoo"@ram	
"хъуынтæ"@os	<http://ids.clld.org/values/4-140-319-1>		<http://ids.clld.org/parameters/4-140>		<http://ids.clld.org/values/4-140-293-1>		"ii-kʰĩ"@ram	
"хъуыр (спереди)"@os	<http://ids.clld.org/values/4-280-319-7>		<http://ids.clld.org/parameters/4-280>		<http://ids.clld.org/values/4-280-293-1>		"ii-put"@ram	
"дон"@os	<http://ids.clld.org/values/1-310-319-1>		<http://ids.clld.org/parameters/1-310>		<http://ids.clld.org/values/1-310-293-1>		"ko"@ram	
"тæнтъихæг"@os	<http://ids.clld.org/values/4-820-319-3>		<http://ids.clld.org/parameters/4-820>		<http://ids.clld.org/values/4-820-293-1>		"pɛk-"@ram	
"маст"@os	<http://ids.clld.org/values/15-370-319-1>		<http://ids.clld.org/parameters/15-370>		<http://ids.clld.org/values/15-370-293-1>		"-c̷ə-"@ram	
"маст"@os	<http://ids.clld.org/values/15-370-319-1>		<http://ids.clld.org/parameters/15-370>		<http://ids.clld.org/values/15-370-293-3>		"hə"@ram	
"камин"@os	<http://ids.clld.org/values/7-310-319-5>		<http://ids.clld.org/parameters/7-310>		<http://ids.clld.org/values/7-310-293-1>		"kiz (?)"@ram	
"уарын"@os	<http://ids.clld.org/values/1-750-319-3>		<http://ids.clld.org/parameters/1-750>		<http://ids.clld.org/values/1-750-293-1>		"taa (ta ?)"@ram	
"лæг (супруг)"@os	<http://ids.clld.org/values/2-310-319-3>		<http://ids.clld.org/parameters/2-310>		<http://ids.clld.org/values/2-310-293-1>		"ĩĩ-pyɛ"@ram	
"гæлæбу"@os	<http://ids.clld.org/values/3-920-319-1>		<http://ids.clld.org/parameters/3-920>		<http://ids.clld.org/values/3-920-293-1>		"wɛwɛ-"@ram	
"уидаг"@os	<http://ids.clld.org/values/8-540-319-1>		<http://ids.clld.org/parameters/8-540>		<http://ids.clld.org/values/8-540-293-1>		"haare"@ram	
"уазал"@os	<http://ids.clld.org/values/15-860-319-1>		<http://ids.clld.org/parameters/15-860>		<http://ids.clld.org/values/15-860-293-1>		"kʰrɨ"@ram	
"хуылфы"@os	<http://ids.clld.org/values/12-50-319-5>		<http://ids.clld.org/parameters/12-50>		<http://ids.clld.org/values/12-50-293-1>		"kʰam"@ram	
"кæнын"@os	<http://ids.clld.org/values/9-110-319-3>		<http://ids.clld.org/parameters/9-110>		<http://ids.clld.org/values/9-110-293-1>		"tɔn"@ram	
"амондджын"@os	<http://ids.clld.org/values/16-230-319-1>		<http://ids.clld.org/parameters/16-230>		<http://ids.clld.org/values/16-230-293-1>		"hakʰrɨ"@ram	
"цъолоби"@os	<http://ids.clld.org/values/9-770-319-3>		<http://ids.clld.org/parameters/9-770>		<http://ids.clld.org/values/9-770-293-1>		"kohpip (koʔpip ?)"@ram	
"иууыл (дæр)"@os	<http://ids.clld.org/values/13-140-319-11>		<http://ids.clld.org/parameters/13-140>		<http://ids.clld.org/values/13-140-293-1>		"tu-"@ram	
"исын"@os	<http://ids.clld.org/values/12-212-319-7>		<http://ids.clld.org/parameters/12-212>		<http://ids.clld.org/values/12-212-293-1>		"pɨ"@ram	
"нæлгоймаг"@os	<http://ids.clld.org/values/2-210-319-3>		<http://ids.clld.org/parameters/2-210>		<http://ids.clld.org/values/2-210-293-1>		"hũm"@ram	
"хилын"@os	<http://ids.clld.org/values/10-472-319-1>		<http://ids.clld.org/parameters/10-472>		<http://ids.clld.org/values/10-472-293-1>		"pi-"@ram	
"бæрзæй (сзади)"@os	<http://ids.clld.org/values/4-280-319-5>		<http://ids.clld.org/parameters/4-280>		<http://ids.clld.org/values/4-280-293-1>		"ii-put"@ram	
"къаннæг"@os	<http://ids.clld.org/values/12-560-319-5>		<http://ids.clld.org/parameters/12-560>		<http://ids.clld.org/values/12-560-293-3>		"lɛ"@ram	
"къаннæг"@os	<http://ids.clld.org/values/12-560-319-5>		<http://ids.clld.org/parameters/12-560>		<http://ids.clld.org/values/12-560-293-1>		"ĩn-krirɛ"@ram	
"ды"@os	<http://ids.clld.org/values/2-920-319-1>		<http://ids.clld.org/parameters/2-920>		<http://ids.clld.org/values/2-920-293-1>		"ka"@ram	
"мыд"@os	<http://ids.clld.org/values/5-840-319-1>		<http://ids.clld.org/parameters/5-840>		<http://ids.clld.org/values/5-840-293-1>		"pɛn"@ram	
"цæуын"@os	<http://ids.clld.org/values/10-470-319-1>		<http://ids.clld.org/parameters/10-470>		<http://ids.clld.org/values/10-470-293-1>		"mɔ̃"@ram	
"цардæгас"@os	<http://ids.clld.org/values/4-740-319-5>		<http://ids.clld.org/parameters/4-740>		<http://ids.clld.org/values/4-740-293-1>		"tĩ"@ram	
"хуызæн"@os	<http://ids.clld.org/values/12-920-319-3>		<http://ids.clld.org/parameters/12-920>		<http://ids.clld.org/values/12-920-293-1>		"kʰĩ"@ram	
"зулкъ"@os	<http://ids.clld.org/values/3-840-319-1>		<http://ids.clld.org/parameters/3-840>		<http://ids.clld.org/values/3-840-293-1>		"hɔɔc̷ã"@ram	
"картоф"@os	<http://ids.clld.org/values/5-700-319-1>		<http://ids.clld.org/parameters/5-700>		<http://ids.clld.org/values/5-700-293-1>		"yat (yɛt ?)"@ram	
"къубал"@os	<http://ids.clld.org/values/4-280-319-1>		<http://ids.clld.org/parameters/4-280>		<http://ids.clld.org/values/4-280-293-1>		"ii-put"@ram	
"фыдызгъæл"@os	<http://ids.clld.org/values/5-610-319-3>		<http://ids.clld.org/parameters/5-610>		<http://ids.clld.org/values/5-610-293-1>		"hĩ"@ram	
"фыдызгъæл"@os	<http://ids.clld.org/values/5-610-319-3>		<http://ids.clld.org/parameters/5-610>		<http://ids.clld.org/values/5-610-293-3>		"yĩ"@ram	
"дæндаг"@os	<http://ids.clld.org/values/4-270-319-1>		<http://ids.clld.org/parameters/4-270>		<http://ids.clld.org/values/4-270-293-1>		"ii-c̷wa"@ram	
"бинойнаг"@os	<http://ids.clld.org/values/2-320-319-1>		<http://ids.clld.org/parameters/2-320>		<http://ids.clld.org/values/2-320-293-1>		"ĩĩ-prõ"@ram	
"фæздæг"@os	<http://ids.clld.org/values/1-830-319-1>		<http://ids.clld.org/parameters/1-830>		<http://ids.clld.org/values/1-830-293-1>		"iʔ-kʰũm"@ram	
"мæгуырау"@os	<http://ids.clld.org/values/16-720-319-3>		<http://ids.clld.org/parameters/16-720>		<http://ids.clld.org/values/16-720-293-1>		"iʔkʰɛn"@ram	
"дымгæ"@os	<http://ids.clld.org/values/1-720-319-1>		<http://ids.clld.org/parameters/1-720>		<http://ids.clld.org/values/1-720-293-1>		"kʰook"@ram	
"хæссын"@os	<http://ids.clld.org/values/10-610-319-1>		<http://ids.clld.org/parameters/10-610>		<http://ids.clld.org/values/10-610-293-1>		"pə"@ram	
"тагъд"@os	<http://ids.clld.org/values/14-210-319-1>		<http://ids.clld.org/parameters/14-210>		<http://ids.clld.org/values/14-210-293-1>		"kɨt-"@ram	
"фæливын"@os	<http://ids.clld.org/values/16-670-319-1>		<http://ids.clld.org/parameters/16-670>		<http://ids.clld.org/values/16-670-293-1>		"nõ"@ram	
"цауд"@os	<http://ids.clld.org/values/16-720-319-5>		<http://ids.clld.org/parameters/16-720>		<http://ids.clld.org/values/16-720-293-1>		"iʔkʰɛn"@ram	
"кафын"@os	<http://ids.clld.org/values/10-440-319-1>		<http://ids.clld.org/parameters/10-440>		<http://ids.clld.org/values/10-440-293-1>		"hakrun (?)"@ram	
"иу"@os	<http://ids.clld.org/values/13-10-319-1>		<http://ids.clld.org/parameters/13-10>		<http://ids.clld.org/values/13-10-293-1>		"pɨc̷it"@ram	
"маймули"@os	<http://ids.clld.org/values/3-760-319-1>		<http://ids.clld.org/parameters/3-760>		<http://ids.clld.org/values/3-760-293-1>		"kukʰoy"@ram	
"хъæхъхъаг"@os	<http://ids.clld.org/values/15-370-319-5>		<http://ids.clld.org/parameters/15-370>		<http://ids.clld.org/values/15-370-293-1>		"-c̷ə-"@ram	
"хъæхъхъаг"@os	<http://ids.clld.org/values/15-370-319-5>		<http://ids.clld.org/parameters/15-370>		<http://ids.clld.org/values/15-370-293-3>		"hə"@ram	
"цæрын"@os	<http://ids.clld.org/values/4-740-319-1>		<http://ids.clld.org/parameters/4-740>		<http://ids.clld.org/values/4-740-293-1>		"tĩ"@ram	
"тæвд"@os	<http://ids.clld.org/values/15-850-319-3>		<http://ids.clld.org/parameters/15-850>		<http://ids.clld.org/values/15-850-293-1>		"kakrɔ"@ram	
"хæфдзаст"@os	<http://ids.clld.org/values/4-856-319-3>		<http://ids.clld.org/parameters/4-856>		<http://ids.clld.org/values/4-856-293-1>		"kuhe"@ram	
"фу кæнын"@os	<http://ids.clld.org/values/10-380-319-3>		<http://ids.clld.org/parameters/10-380>		<http://ids.clld.org/values/10-380-293-1>		"hakkoo"@ram	
"къæвда"@os	<http://ids.clld.org/values/1-750-319-1>		<http://ids.clld.org/parameters/1-750>		<http://ids.clld.org/values/1-750-293-1>		"taa (ta ?)"@ram	
"хæрын"@os	<http://ids.clld.org/values/5-110-319-1>		<http://ids.clld.org/parameters/5-110>		<http://ids.clld.org/values/5-110-293-3>		"kʰuu"@ram	
"хæрын"@os	<http://ids.clld.org/values/5-110-319-1>		<http://ids.clld.org/parameters/5-110>		<http://ids.clld.org/values/5-110-293-7>		"pa-"@ram	
"хæрын"@os	<http://ids.clld.org/values/5-110-319-1>		<http://ids.clld.org/parameters/5-110>		<http://ids.clld.org/values/5-110-293-5>		"kukʰu-"@ram	
"хæрын"@os	<http://ids.clld.org/values/5-110-319-1>		<http://ids.clld.org/parameters/5-110>		<http://ids.clld.org/values/5-110-293-1>		"-kʰrẽ"@ram	
"хойын"@os	<http://ids.clld.org/values/9-211-319-1>		<http://ids.clld.org/parameters/9-211>		<http://ids.clld.org/values/9-211-293-1>		"twə"@ram	
"хуыскъ"@os	<http://ids.clld.org/values/15-840-319-5>		<http://ids.clld.org/parameters/15-840>		<http://ids.clld.org/values/15-840-293-1>		"krə"@ram	
"хуыскъ"@os	<http://ids.clld.org/values/15-840-319-5>		<http://ids.clld.org/parameters/15-840>		<http://ids.clld.org/values/15-840-293-3>		"(kʰra ?)"@ram	
"æппæтдæр"@os	<http://ids.clld.org/values/13-140-319-9>		<http://ids.clld.org/parameters/13-140>		<http://ids.clld.org/values/13-140-293-1>		"tu-"@ram	
"къух"@os	<http://ids.clld.org/values/4-310-319-1>		<http://ids.clld.org/parameters/4-310>		<http://ids.clld.org/values/4-310-293-1>		"pa"@ram	
"хъæд"@os	<http://ids.clld.org/values/1-410-319-1>		<http://ids.clld.org/parameters/1-410>		<http://ids.clld.org/values/1-410-293-1>		"lam-"@ram	
"быдыр"@os	<http://ids.clld.org/values/8-120-319-1>		<http://ids.clld.org/parameters/8-120>		<http://ids.clld.org/values/8-120-293-1>		"pur"@ram	
"хъæдæрмæг"@os	<http://ids.clld.org/values/1-430-319-5>		<http://ids.clld.org/parameters/1-430>		<http://ids.clld.org/values/1-430-293-1>		"pĩ"@ram	
"доныл цæуын (на судне)"@os	<http://ids.clld.org/values/10-350-319-1>		<http://ids.clld.org/parameters/10-350>		<http://ids.clld.org/values/10-350-293-1>		"ree"@ram	
"доныл цæуын (на судне)"@os	<http://ids.clld.org/values/10-350-319-1>		<http://ids.clld.org/parameters/10-350>		<http://ids.clld.org/values/10-350-293-3>		"c̷wa"@ram	
"ног"@os	<http://ids.clld.org/values/14-130-319-3>		<http://ids.clld.org/parameters/14-130>		<http://ids.clld.org/values/14-130-293-1>		"-tuwa"@ram	
"райсом"@os	<http://ids.clld.org/values/14-440-319-1>		<http://ids.clld.org/parameters/14-440>		<http://ids.clld.org/values/14-440-293-1>		"apɛ̃"@ram	
"алцы"@os	<http://ids.clld.org/values/13-140-319-1>		<http://ids.clld.org/parameters/13-140>		<http://ids.clld.org/values/13-140-293-1>		"tu-"@ram	
"хъуаз"@os	<http://ids.clld.org/values/3-750-319-3>		<http://ids.clld.org/parameters/3-750>		<http://ids.clld.org/values/3-750-293-1>		"pɔ"@ram	
"хъуаз"@os	<http://ids.clld.org/values/3-750-319-3>		<http://ids.clld.org/parameters/3-750>		<http://ids.clld.org/values/3-750-293-3>		"kaarə"@ram	
"æхсын"@os	<http://ids.clld.org/values/9-360-319-1>		<http://ids.clld.org/parameters/9-360>		<http://ids.clld.org/values/9-360-293-1>		"kuʔhõ"@ram	
"æхсын"@os	<http://ids.clld.org/values/9-360-319-1>		<http://ids.clld.org/parameters/9-360>		<http://ids.clld.org/values/9-360-293-3>		"kaʔhõ"@ram	
"нуазын"@os	<http://ids.clld.org/values/5-130-319-1>		<http://ids.clld.org/parameters/5-130>		<http://ids.clld.org/values/5-130-293-1>		"-kʰõ (kʰɔ̃ ?)"@ram	
"удæст"@os	<http://ids.clld.org/values/15-830-319-3>		<http://ids.clld.org/parameters/15-830>		<http://ids.clld.org/values/15-830-293-1>		"mrɔ̃ (?)"@ram	
"зул"@os	<http://ids.clld.org/values/12-740-319-7>		<http://ids.clld.org/parameters/12-740>		<http://ids.clld.org/values/12-740-293-1>		"yakɔt"@ram	
"аразын"@os	<http://ids.clld.org/values/9-110-319-1>		<http://ids.clld.org/parameters/9-110>		<http://ids.clld.org/values/9-110-293-1>		"tɔn"@ram	
"гыццыл"@os	<http://ids.clld.org/values/12-560-319-1>		<http://ids.clld.org/parameters/12-560>		<http://ids.clld.org/values/12-560-293-3>		"lɛ"@ram	
"гыццыл"@os	<http://ids.clld.org/values/12-560-319-1>		<http://ids.clld.org/parameters/12-560>		<http://ids.clld.org/values/12-560-293-1>		"ĩn-krirɛ"@ram	
"стъалы"@os	<http://ids.clld.org/values/1-540-319-1>		<http://ids.clld.org/parameters/1-540>		<http://ids.clld.org/values/1-540-293-1>		"kac̷ee-rɛ"@ram	
"хи найын"@os	<http://ids.clld.org/values/4-690-319-1>		<http://ids.clld.org/parameters/4-690>		<http://ids.clld.org/values/4-690-293-1>		"c̷wa"@ram	
"гам (подкожный)"@os	<http://ids.clld.org/values/5-791-319-9>		<http://ids.clld.org/parameters/5-791>		<http://ids.clld.org/values/5-791-293-1>		"iʔ-twɨm"@ram	
"мынчын"@os	<http://ids.clld.org/values/4-820-319-7>		<http://ids.clld.org/parameters/4-820>		<http://ids.clld.org/values/4-820-293-1>		"pɛk-"@ram	
"ерджен"@os	<http://ids.clld.org/values/9-770-319-1>		<http://ids.clld.org/parameters/9-770>		<http://ids.clld.org/values/9-770-293-1>		"kohpip (koʔpip ?)"@ram	
"сывæллон"@os	<http://ids.clld.org/values/2-270-319-1>		<http://ids.clld.org/parameters/2-270>		<http://ids.clld.org/values/2-270-293-1>		"aʔ-kʰra-rɛ"@ram	
"дæндагæй хæцын"@os	<http://ids.clld.org/values/4-580-319-5>		<http://ids.clld.org/parameters/4-580>		<http://ids.clld.org/values/4-580-293-1>		"-ku-c̷a"@ram	
"къæдзæх"@os	<http://ids.clld.org/values/1-440-319-3>		<http://ids.clld.org/parameters/1-440>		<http://ids.clld.org/values/1-440-293-1>		"kʰɛn"@ram	
"лæдзæг"@os	<http://ids.clld.org/values/19-250-319-1>		<http://ids.clld.org/parameters/19-250>		<http://ids.clld.org/values/19-250-293-1>		"kʰo-"@ram	
"агурын"@os	<http://ids.clld.org/values/11-310-319-1>		<http://ids.clld.org/parameters/11-310>		<http://ids.clld.org/values/11-310-293-1>		"lɨ̃t"@ram	
"цъар"@os	<http://ids.clld.org/values/8-750-319-1>		<http://ids.clld.org/parameters/8-750>		<http://ids.clld.org/values/8-750-293-1>		"ii-kʰə"@ram	
"хæкъуырцц кæнын"@os	<http://ids.clld.org/values/4-521-319-1>		<http://ids.clld.org/parameters/4-521>		<http://ids.clld.org/values/4-521-293-1>		"hɛk"@ram	
"адджын"@os	<http://ids.clld.org/values/15-350-319-1>		<http://ids.clld.org/parameters/15-350>		<http://ids.clld.org/values/15-350-293-1>		"c̷o-"@ram	
"тамако"@os	<http://ids.clld.org/values/8-680-319-1>		<http://ids.clld.org/parameters/8-680>		<http://ids.clld.org/values/8-680-293-1>		"parho"@ram	
"æндах"@os	<http://ids.clld.org/values/6-380-319-1>		<http://ids.clld.org/parameters/6-380>		<http://ids.clld.org/values/6-380-293-1>		"he-"@ram	
"æндах"@os	<http://ids.clld.org/values/6-380-319-1>		<http://ids.clld.org/parameters/6-380>		<http://ids.clld.org/values/6-380-293-3>		"-c̷e- (?)"@ram	
"рыст"@os	<http://ids.clld.org/values/16-310-319-3>		<http://ids.clld.org/parameters/16-310>		<http://ids.clld.org/values/16-310-293-1>		"-c̷a-"@ram	
"рыст"@os	<http://ids.clld.org/values/16-310-319-3>		<http://ids.clld.org/parameters/16-310>		<http://ids.clld.org/values/16-310-293-3>		"ha- (?)"@ram	
"тохна"@os	<http://ids.clld.org/values/7-310-319-1>		<http://ids.clld.org/parameters/7-310>		<http://ids.clld.org/values/7-310-293-1>		"kiz (?)"@ram	
"райтындзын"@os	<http://ids.clld.org/values/10-130-319-3>		<http://ids.clld.org/parameters/10-130>		<http://ids.clld.org/values/10-130-293-1>		"ayrɔ̃"@ram	
"зоныг"@os	<http://ids.clld.org/values/4-360-319-3>		<http://ids.clld.org/parameters/4-360>		<http://ids.clld.org/values/4-360-293-1>		"ii-kʰõn"@ram	
"симын (массовый танец)"@os	<http://ids.clld.org/values/10-440-319-3>		<http://ids.clld.org/parameters/10-440>		<http://ids.clld.org/values/10-440-293-1>		"hakrun (?)"@ram	
"ком"@os	<http://ids.clld.org/values/4-240-319-3>		<http://ids.clld.org/parameters/4-240>		<http://ids.clld.org/values/4-240-293-1>		"-yarkʰwa"@ram	
"айдагъ"@os	<http://ids.clld.org/values/13-330-319-3>		<http://ids.clld.org/parameters/13-330>		<http://ids.clld.org/values/13-330-293-3>		"kamã"@ram	
"айдагъ"@os	<http://ids.clld.org/values/13-330-319-3>		<http://ids.clld.org/parameters/13-330>		<http://ids.clld.org/values/13-330-293-1>		"pit"@ram	
"зынын"@os	<http://ids.clld.org/values/15-510-319-3>		<http://ids.clld.org/parameters/15-510>		<http://ids.clld.org/values/15-510-293-1>		"-hõm-pu"@ram	
"зынын"@os	<http://ids.clld.org/values/15-510-319-3>		<http://ids.clld.org/parameters/15-510>		<http://ids.clld.org/values/15-510-293-3>		"pu-pun"@ram	
"æмбырд кæнын"@os	<http://ids.clld.org/values/12-212-319-3>		<http://ids.clld.org/parameters/12-212>		<http://ids.clld.org/values/12-212-293-1>		"pɨ"@ram	
"уæрæх"@os	<http://ids.clld.org/values/12-610-319-3>		<http://ids.clld.org/parameters/12-610>		<http://ids.clld.org/values/12-610-293-1>		"iʔ-pɔ"@ram	
"суадон"@os	<http://ids.clld.org/values/1-370-319-1>		<http://ids.clld.org/parameters/1-370>		<http://ids.clld.org/values/1-370-293-1>		"kʰwa"@ram	
"лæууын"@os	<http://ids.clld.org/values/12-150-319-1>		<http://ids.clld.org/parameters/12-150>		<http://ids.clld.org/values/12-150-293-1>		"c̷a"@ram	
"хъæдæрмæг"@os	<http://ids.clld.org/values/1-430-319-1>		<http://ids.clld.org/parameters/1-430>		<http://ids.clld.org/values/1-430-293-1>		"pĩ"@ram	
"гыццыл"@os	<http://ids.clld.org/values/13-170-319-3>		<http://ids.clld.org/parameters/13-170>		<http://ids.clld.org/values/13-170-293-1>		"kʰɨɨpe-"@ram	
"дур"@os	<http://ids.clld.org/values/1-440-319-1>		<http://ids.clld.org/parameters/1-440>		<http://ids.clld.org/values/1-440-293-1>		"kʰɛn"@ram	
"рагон"@os	<http://ids.clld.org/values/14-150-319-3>		<http://ids.clld.org/parameters/14-150>		<http://ids.clld.org/values/14-150-293-1>		"tũm"@ram	
"уаллон (дождевой)"@os	<http://ids.clld.org/values/3-840-319-5>		<http://ids.clld.org/parameters/3-840>		<http://ids.clld.org/values/3-840-293-1>		"hɔɔc̷ã"@ram	
"зæнг (голень)"@os	<http://ids.clld.org/values/4-350-319-5>		<http://ids.clld.org/parameters/4-350>		<http://ids.clld.org/values/4-350-293-1>		"ii-tɛ"@ram	
"æхсæв"@os	<http://ids.clld.org/values/14-420-319-1>		<http://ids.clld.org/parameters/14-420>		<http://ids.clld.org/values/14-420-293-1>		"kac̷wa"@ram	
"уайын"@os	<http://ids.clld.org/values/10-470-319-5>		<http://ids.clld.org/parameters/10-470>		<http://ids.clld.org/values/10-470-293-1>		"mɔ̃"@ram	
"удмидæг"@os	<http://ids.clld.org/values/4-740-319-11>		<http://ids.clld.org/parameters/4-740>		<http://ids.clld.org/values/4-740-293-1>		"tĩ"@ram	
"скорпион"@os	<http://ids.clld.org/values/3-815-319-1>		<http://ids.clld.org/parameters/3-815>		<http://ids.clld.org/values/3-815-293-1>		"pak"@ram	
"цæрдуд"@os	<http://ids.clld.org/values/4-740-319-9>		<http://ids.clld.org/parameters/4-740>		<http://ids.clld.org/values/4-740-293-1>		"tĩ"@ram	
"къæхæн"@os	<http://ids.clld.org/values/1-440-319-5>		<http://ids.clld.org/parameters/1-440>		<http://ids.clld.org/values/1-440-293-1>		"kʰɛn"@ram	
"æвзæр"@os	<http://ids.clld.org/values/16-720-319-1>		<http://ids.clld.org/parameters/16-720>		<http://ids.clld.org/values/16-720-293-1>		"iʔkʰɛn"@ram	
"риссын"@os	<http://ids.clld.org/values/16-310-319-5>		<http://ids.clld.org/parameters/16-310>		<http://ids.clld.org/values/16-310-293-1>		"-c̷a-"@ram	
"риссын"@os	<http://ids.clld.org/values/16-310-319-5>		<http://ids.clld.org/parameters/16-310>		<http://ids.clld.org/values/16-310-293-3>		"ha- (?)"@ram	
"дзаг"@os	<http://ids.clld.org/values/13-210-319-1>		<http://ids.clld.org/parameters/13-210>		<http://ids.clld.org/values/13-210-293-1>		"yic̷u"@ram	
"гæды дзурын"@os	<http://ids.clld.org/values/16-670-319-7>		<http://ids.clld.org/parameters/16-670>		<http://ids.clld.org/values/16-670-293-1>		"nõ"@ram	
"комдзаг кæнын"@os	<http://ids.clld.org/values/4-580-319-3>		<http://ids.clld.org/parameters/4-580>		<http://ids.clld.org/values/4-580-293-1>		"-ku-c̷a"@ram	
"сæр"@os	<http://ids.clld.org/values/4-200-319-1>		<http://ids.clld.org/parameters/4-200>		<http://ids.clld.org/values/4-200-293-1>		"ii-kʰrə̃"@ram	
"æз"@os	<http://ids.clld.org/values/2-910-319-1>		<http://ids.clld.org/parameters/2-910>		<http://ids.clld.org/values/2-910-293-3>		"wa"@ram	
"æз"@os	<http://ids.clld.org/values/2-910-319-1>		<http://ids.clld.org/parameters/2-910>		<http://ids.clld.org/values/2-910-293-1>		"pa"@ram	
"змис"@os	<http://ids.clld.org/values/1-215-319-1>		<http://ids.clld.org/parameters/1-215>		<http://ids.clld.org/values/1-215-293-1>		"pye"@ram	
"уæззау (по весу)"@os	<http://ids.clld.org/values/15-810-319-1>		<http://ids.clld.org/parameters/15-810>		<http://ids.clld.org/values/15-810-293-1>		"hũũ-tĩ"@ram	
"къæдзил"@os	<http://ids.clld.org/values/4-180-319-1>		<http://ids.clld.org/parameters/4-180>		<http://ids.clld.org/values/4-180-293-1>		"ha-ppɨ"@ram	
"нæуæг"@os	<http://ids.clld.org/values/14-130-319-1>		<http://ids.clld.org/parameters/14-130>		<http://ids.clld.org/values/14-130-293-1>		"-tuwa"@ram	
"æфцæг"@os	<http://ids.clld.org/values/4-280-319-3>		<http://ids.clld.org/parameters/4-280>		<http://ids.clld.org/values/4-280-293-1>		"ii-put"@ram	
"фаз"@os	<http://ids.clld.org/values/4-464-319-1>		<http://ids.clld.org/parameters/4-464>		<http://ids.clld.org/values/4-464-293-1>		"ayɔ"@ram	
"мыггаг"@os	<http://ids.clld.org/values/8-311-319-1>		<http://ids.clld.org/parameters/8-311>		<http://ids.clld.org/values/8-311-293-1>		"iʔ-hɨɨ (hɨ- ?)"@ram	
"маскуы (фабричная)"@os	<http://ids.clld.org/values/4-120-319-3>		<http://ids.clld.org/parameters/4-120>		<http://ids.clld.org/values/4-120-293-1>		"ii-kʰə (?)"@ram	
"тауинаг"@os	<http://ids.clld.org/values/8-311-319-3>		<http://ids.clld.org/parameters/8-311>		<http://ids.clld.org/values/8-311-293-1>		"iʔ-hɨɨ (hɨ- ?)"@ram	
"къуди"@os	<http://ids.clld.org/values/4-180-319-5>		<http://ids.clld.org/parameters/4-180>		<http://ids.clld.org/values/4-180-293-1>		"ha-ppɨ"@ram	
"нæмын"@os	<http://ids.clld.org/values/9-210-319-1>		<http://ids.clld.org/parameters/9-210>		<http://ids.clld.org/values/9-210-293-1>		"kʰrɔ̃k"@ram	
"цырд"@os	<http://ids.clld.org/values/14-210-319-3>		<http://ids.clld.org/parameters/14-210>		<http://ids.clld.org/values/14-210-293-1>		"kɨt-"@ram	
"цъус"@os	<http://ids.clld.org/values/13-170-319-7>		<http://ids.clld.org/parameters/13-170>		<http://ids.clld.org/values/13-170-293-1>		"kʰɨɨpe-"@ram	
"уынын"@os	<http://ids.clld.org/values/15-510-319-1>		<http://ids.clld.org/parameters/15-510>		<http://ids.clld.org/values/15-510-293-1>		"-hõm-pu"@ram	
"уынын"@os	<http://ids.clld.org/values/15-510-319-1>		<http://ids.clld.org/parameters/15-510>		<http://ids.clld.org/values/15-510-293-3>		"pu-pun"@ram	
"æдых"@os	<http://ids.clld.org/values/4-820-319-1>		<http://ids.clld.org/parameters/4-820>		<http://ids.clld.org/values/4-820-293-1>		"pɛk-"@ram	
"дзидза"@os	<http://ids.clld.org/values/5-610-319-5>		<http://ids.clld.org/parameters/5-610>		<http://ids.clld.org/values/5-610-293-1>		"hĩ"@ram	
"дзидза"@os	<http://ids.clld.org/values/5-610-319-5>		<http://ids.clld.org/parameters/5-610>		<http://ids.clld.org/values/5-610-293-3>		"yĩ"@ram	
"хъил"@os	<http://ids.clld.org/values/20-220-319-1>		<http://ids.clld.org/parameters/20-220>		<http://ids.clld.org/values/20-220-293-1>		"kʰo"@ram	
"хъусын"@os	<http://ids.clld.org/values/15-420-319-1>		<http://ids.clld.org/parameters/15-420>		<http://ids.clld.org/values/15-420-293-1>		"k mpa (?)"@ram	
"арм"@os	<http://ids.clld.org/values/4-330-319-3>		<http://ids.clld.org/parameters/4-330>		<http://ids.clld.org/values/4-330-293-1>		"hũʔkʰra"@ram	
"уый"@os	<http://ids.clld.org/values/2-930-319-1>		<http://ids.clld.org/parameters/2-930>		<http://ids.clld.org/values/2-930-293-1>		"tamə̃"@ram	
"цард"@os	<http://ids.clld.org/values/4-740-319-13>		<http://ids.clld.org/parameters/4-740>		<http://ids.clld.org/values/4-740-293-1>		"tĩ"@ram	
"даргъ"@os	<http://ids.clld.org/values/12-570-319-1>		<http://ids.clld.org/parameters/12-570>		<http://ids.clld.org/values/12-570-293-1>		"i-rɨɨ"@ram	
"мад"@os	<http://ids.clld.org/values/2-360-319-1>		<http://ids.clld.org/parameters/2-360>		<http://ids.clld.org/values/2-360-293-1>		"-nə̃ə̃"@ram	
"сгарын"@os	<http://ids.clld.org/values/11-310-319-3>		<http://ids.clld.org/parameters/11-310>		<http://ids.clld.org/values/11-310-293-1>		"lɨ̃t"@ram	
"лæхъир"@os	<http://ids.clld.org/values/15-830-319-5>		<http://ids.clld.org/parameters/15-830>		<http://ids.clld.org/values/15-830-293-1>		"mrɔ̃ (?)"@ram	
"мæнг дзурын"@os	<http://ids.clld.org/values/16-670-319-3>		<http://ids.clld.org/parameters/16-670>		<http://ids.clld.org/values/16-670-293-1>		"nõ"@ram	
"стæг"@os	<http://ids.clld.org/values/4-160-319-1>		<http://ids.clld.org/parameters/4-160>		<http://ids.clld.org/values/4-160-293-1>		"-hi"@ram	
"дæйын"@os	<http://ids.clld.org/values/5-160-319-1>		<http://ids.clld.org/parameters/5-160>		<http://ids.clld.org/values/5-160-293-1>		"kaho"@ram	
"фæзиан уæвын"@os	<http://ids.clld.org/values/4-750-319-3>		<http://ids.clld.org/parameters/4-750>		<http://ids.clld.org/values/4-750-293-1>		"tɨɨ- (tɨ ?)"@ram	
"дидинæг"@os	<http://ids.clld.org/values/8-570-319-1>		<http://ids.clld.org/parameters/8-570>		<http://ids.clld.org/values/8-570-293-1>		"ii-rə̃"@ram	
"уад"@os	<http://ids.clld.org/values/1-720-319-3>		<http://ids.clld.org/parameters/1-720>		<http://ids.clld.org/values/1-720-293-1>		"kʰook"@ram	
"хизын"@os	<http://ids.clld.org/values/10-472-319-3>		<http://ids.clld.org/parameters/10-472>		<http://ids.clld.org/values/10-472-293-1>		"pi-"@ram	
"фындз"@os	<http://ids.clld.org/values/4-230-319-1>		<http://ids.clld.org/parameters/4-230>		<http://ids.clld.org/values/4-230-293-1>		"-yĩyakʰrɛ"@ram	
"цъасс"@os	<http://ids.clld.org/values/12-850-319-3>		<http://ids.clld.org/parameters/12-850>		<http://ids.clld.org/values/12-850-293-1>		"kʰrɛ"@ram	
"къах"@os	<http://ids.clld.org/values/4-350-319-1>		<http://ids.clld.org/parameters/4-350>		<http://ids.clld.org/values/4-350-293-1>		"ii-tɛ"@ram	
"цæстытыл уайын (представляться)"@os	<http://ids.clld.org/values/15-510-319-5>		<http://ids.clld.org/parameters/15-510>		<http://ids.clld.org/values/15-510-293-1>		"-hõm-pu"@ram	
"цæстытыл уайын (представляться)"@os	<http://ids.clld.org/values/15-510-319-5>		<http://ids.clld.org/parameters/15-510>		<http://ids.clld.org/values/15-510-293-3>		"pu-pun"@ram	
"бынтон"@os	<http://ids.clld.org/values/13-210-319-7>		<http://ids.clld.org/parameters/13-210>		<http://ids.clld.org/values/13-210-293-1>		"yic̷u"@ram	
"фынæй кæнын"@os	<http://ids.clld.org/values/4-610-319-1>		<http://ids.clld.org/parameters/4-610>		<http://ids.clld.org/values/4-610-293-1>		"-ŋõr (ŋɔ̃r ?)"@ram	
"куыдз"@os	<http://ids.clld.org/values/3-610-319-1>		<http://ids.clld.org/parameters/3-610>		<http://ids.clld.org/values/3-610-293-1>		"rɔp"@ram	
"бын"@os	<http://ids.clld.org/values/8-540-319-3>		<http://ids.clld.org/parameters/8-540>		<http://ids.clld.org/values/8-540-293-1>		"haare"@ram	
"крокодил"@os	<http://ids.clld.org/values/3-970-319-1>		<http://ids.clld.org/parameters/3-970>		<http://ids.clld.org/values/3-970-293-1>		"mĩĩ (mɨ̃ ?)"@ram	
"арт"@os	<http://ids.clld.org/values/1-810-319-3>		<http://ids.clld.org/parameters/1-810>		<http://ids.clld.org/values/1-810-293-1>		"kuhɨ"@ram	
"хæпылой"@os	<http://ids.clld.org/values/4-856-319-5>		<http://ids.clld.org/parameters/4-856>		<http://ids.clld.org/values/4-856-293-1>		"kuhe"@ram	
"ныхыдзуарджын"@os	<http://ids.clld.org/values/16-230-319-3>		<http://ids.clld.org/parameters/16-230>		<http://ids.clld.org/values/16-230-293-1>		"hakʰrɨ"@ram	
"егъау"@os	<http://ids.clld.org/values/12-550-319-3>		<http://ids.clld.org/parameters/12-550>		<http://ids.clld.org/values/12-550-293-1>		"ti-"@ram	
"сæрыхъуын"@os	<http://ids.clld.org/values/4-140-319-3>		<http://ids.clld.org/parameters/4-140>		<http://ids.clld.org/values/4-140-293-1>		"ii-kʰĩ"@ram	
"ахсæн"@os	<http://ids.clld.org/values/4-460-319-1>		<http://ids.clld.org/parameters/4-460>		<http://ids.clld.org/values/4-460-293-1>		"ii-tu"@ram	
"бынат"@os	<http://ids.clld.org/values/12-110-319-3>		<http://ids.clld.org/parameters/12-110>		<http://ids.clld.org/values/12-110-293-1>		"-li-"@ram	
"бæлас"@os	<http://ids.clld.org/values/8-600-319-1>		<http://ids.clld.org/parameters/8-600>		<http://ids.clld.org/values/8-600-293-1>		"pĩĩ"@ram	
"пъа кæнын"@os	<http://ids.clld.org/values/16-290-319-1>		<http://ids.clld.org/parameters/16-290>		<http://ids.clld.org/values/16-290-293-1>		"p (?)"@ram	
"иунæг"@os	<http://ids.clld.org/values/13-330-319-1>		<http://ids.clld.org/parameters/13-330>		<http://ids.clld.org/values/13-330-293-3>		"kamã"@ram	
"иунæг"@os	<http://ids.clld.org/values/13-330-319-1>		<http://ids.clld.org/parameters/13-330>		<http://ids.clld.org/values/13-330-293-1>		"pit"@ram	
"роцъо"@os	<http://ids.clld.org/values/4-209-319-1>		<http://ids.clld.org/parameters/4-209>		<http://ids.clld.org/values/4-209-293-1>		"hamã"@ram	
"ссæндын"@os	<http://ids.clld.org/values/9-343-319-3>		<http://ids.clld.org/parameters/9-343>		<http://ids.clld.org/values/9-343-293-1>		"ŋɛ̃n"@ram	
"цæуын"@os	<http://ids.clld.org/values/10-450-319-1>		<http://ids.clld.org/parameters/10-450>		<http://ids.clld.org/values/10-450-293-1>		"mõ"@ram	
"игæр"@os	<http://ids.clld.org/values/4-450-319-1>		<http://ids.clld.org/parameters/4-450>		<http://ids.clld.org/values/4-450-293-1>		"ii-pa"@ram	
"агъд"@os	<http://ids.clld.org/values/4-463-319-3>		<http://ids.clld.org/parameters/4-463>		<http://ids.clld.org/values/4-463-293-1>		"hɔ̃"@ram	
"тæхын"@os	<http://ids.clld.org/values/10-370-319-1>		<http://ids.clld.org/parameters/10-370>		<http://ids.clld.org/values/10-370-293-1>		"tɛɛ"@ram	
"сау"@os	<http://ids.clld.org/values/15-650-319-1>		<http://ids.clld.org/parameters/15-650>		<http://ids.clld.org/values/15-650-293-1>		"iʔ-tɨk"@ram	
"æппæт"@os	<http://ids.clld.org/values/13-140-319-7>		<http://ids.clld.org/parameters/13-140>		<http://ids.clld.org/values/13-140-293-1>		"tu-"@ram	
"сымах (нет формы обращения на «вы»)"@os	<http://ids.clld.org/values/2-920-319-3>		<http://ids.clld.org/parameters/2-920>		<http://ids.clld.org/values/2-920-293-1>		"ka"@ram	
"æртæх"@os	<http://ids.clld.org/values/1-640-319-1>		<http://ids.clld.org/parameters/1-640>		<http://ids.clld.org/values/1-640-293-1>		"atər-"@ram	
"карз"@os	<http://ids.clld.org/values/15-370-319-3>		<http://ids.clld.org/parameters/15-370>		<http://ids.clld.org/values/15-370-293-1>		"-c̷ə-"@ram	
"карз"@os	<http://ids.clld.org/values/15-370-319-3>		<http://ids.clld.org/parameters/15-370>		<http://ids.clld.org/values/15-370-293-3>		"hə"@ram	
"хъæмпын уæлхæдзар"@os	<http://ids.clld.org/values/7-520-319-1>		<http://ids.clld.org/parameters/7-520>		<http://ids.clld.org/values/7-520-293-1>		"po"@ram	
"алцыдæр"@os	<http://ids.clld.org/values/13-140-319-3>		<http://ids.clld.org/parameters/13-140>		<http://ids.clld.org/values/13-140-293-1>		"tu-"@ram	
"хорз"@os	<http://ids.clld.org/values/16-710-319-1>		<http://ids.clld.org/parameters/16-710>		<http://ids.clld.org/values/16-710-293-1>		"-pɛy"@ram	
"мидæг"@os	<http://ids.clld.org/values/12-50-319-1>		<http://ids.clld.org/parameters/12-50>		<http://ids.clld.org/values/12-50-293-1>		"kʰam"@ram	
"лæг"@os	<http://ids.clld.org/values/2-210-319-1>		<http://ids.clld.org/parameters/2-210>		<http://ids.clld.org/values/2-210-293-1>		"hũm"@ram	
"ном"@os	<http://ids.clld.org/values/18-280-319-1>		<http://ids.clld.org/parameters/18-280>		<http://ids.clld.org/values/18-280-293-1>		"awkʰe-"@ram	
"ном"@os	<http://ids.clld.org/values/18-280-319-1>		<http://ids.clld.org/parameters/18-280>		<http://ids.clld.org/values/18-280-293-3>		"yəyə-"@ram	
"мæлдзой"@os	<http://ids.clld.org/values/4-820-319-5>		<http://ids.clld.org/parameters/4-820>		<http://ids.clld.org/values/4-820-293-1>		"pɛk-"@ram	
"сыст"@os	<http://ids.clld.org/values/3-811-319-1>		<http://ids.clld.org/parameters/3-811>		<http://ids.clld.org/values/3-811-293-1>		"ii-ko"@ram	
"чысыл"@os	<http://ids.clld.org/values/12-560-319-3>		<http://ids.clld.org/parameters/12-560>		<http://ids.clld.org/values/12-560-293-3>		"lɛ"@ram	
"чысыл"@os	<http://ids.clld.org/values/12-560-319-3>		<http://ids.clld.org/parameters/12-560>		<http://ids.clld.org/values/12-560-293-1>		"ĩn-krirɛ"@ram	
"хуым (пашня)"@os	<http://ids.clld.org/values/8-120-319-3>		<http://ids.clld.org/parameters/8-120>		<http://ids.clld.org/values/8-120-293-1>		"pur"@ram	
"рыг"@os	<http://ids.clld.org/values/1-213-319-1>		<http://ids.clld.org/parameters/1-213>		<http://ids.clld.org/values/1-213-293-1>		"pye yakro"@ram	
"хæлынбыттыр"@os	<http://ids.clld.org/values/3-591-319-1>		<http://ids.clld.org/parameters/3-591>		<http://ids.clld.org/values/3-591-293-1>		"c̷ɛprɛ"@ram	
"хуылыдз"@os	<http://ids.clld.org/values/15-830-319-1>		<http://ids.clld.org/parameters/15-830>		<http://ids.clld.org/values/15-830-293-1>		"mrɔ̃ (?)"@ram	
"кæрдæг"@os	<http://ids.clld.org/values/8-510-319-1>		<http://ids.clld.org/parameters/8-510>		<http://ids.clld.org/values/8-510-293-1>		"aʔ-tuu"@ram	
"æвзаг"@os	<http://ids.clld.org/values/4-260-319-1>		<http://ids.clld.org/parameters/4-260>		<http://ids.clld.org/values/4-260-293-1>		"-yõʔtɔ"@ram	
"хæдз"@os	<http://ids.clld.org/values/12-740-319-5>		<http://ids.clld.org/parameters/12-740>		<http://ids.clld.org/values/12-740-293-1>		"yakɔt"@ram	
"зарын"@os	<http://ids.clld.org/values/18-120-319-1>		<http://ids.clld.org/parameters/18-120>		<http://ids.clld.org/values/18-120-293-1>		"-krɛ"@ram	
"райтынг уæвын"@os	<http://ids.clld.org/values/10-130-319-5>		<http://ids.clld.org/parameters/10-130>		<http://ids.clld.org/values/10-130-293-1>		"ayrɔ̃"@ram	
"саг"@os	<http://ids.clld.org/values/3-750-319-1>		<http://ids.clld.org/parameters/3-750>		<http://ids.clld.org/values/3-750-293-1>		"pɔ"@ram	
"саг"@os	<http://ids.clld.org/values/3-750-319-1>		<http://ids.clld.org/parameters/3-750>		<http://ids.clld.org/values/3-750-293-3>		"kaarə"@ram	
"гуыпп-гуыпп кæнын"@os	<http://ids.clld.org/values/9-211-319-3>		<http://ids.clld.org/parameters/9-211>		<http://ids.clld.org/values/9-211-293-1>		"twə"@ram	
"сæумæрайсом"@os	<http://ids.clld.org/values/14-440-319-3>		<http://ids.clld.org/parameters/14-440>		<http://ids.clld.org/values/14-440-293-1>		"apɛ̃"@ram	
"сынкъ"@os	<http://ids.clld.org/values/4-856-319-1>		<http://ids.clld.org/parameters/4-856>		<http://ids.clld.org/values/4-856-293-1>		"kuhe"@ram	
"амæлын"@os	<http://ids.clld.org/values/4-750-319-1>		<http://ids.clld.org/parameters/4-750>		<http://ids.clld.org/values/4-750-293-1>		"tɨɨ- (tɨ ?)"@ram	
"суар"@os	<http://ids.clld.org/values/1-370-319-3>		<http://ids.clld.org/parameters/1-370>		<http://ids.clld.org/values/1-370-293-1>		"kʰwa"@ram	
"уæрын"@os	<http://ids.clld.org/values/7-110-319-1>		<http://ids.clld.org/parameters/7-110>		<http://ids.clld.org/values/7-110-293-1>		"kʰrĩ"@ram	
"дымын (ртом)"@os	<http://ids.clld.org/values/10-380-319-5>		<http://ids.clld.org/parameters/10-380>		<http://ids.clld.org/values/10-380-293-1>		"hakkoo"@ram	
"арм"@os	<http://ids.clld.org/values/4-310-319-3>		<http://ids.clld.org/parameters/4-310>		<http://ids.clld.org/values/4-310-293-1>		"pa"@ram	
"фыд"@os	<http://ids.clld.org/values/5-610-319-1>		<http://ids.clld.org/parameters/5-610>		<http://ids.clld.org/values/5-610-293-1>		"hĩ"@ram	
"фыд"@os	<http://ids.clld.org/values/5-610-319-1>		<http://ids.clld.org/parameters/5-610>		<http://ids.clld.org/values/5-610-293-3>		"yĩ"@ram	
"урс"@os	<http://ids.clld.org/values/15-640-319-1>		<http://ids.clld.org/parameters/15-640>		<http://ids.clld.org/values/15-640-293-1>		"hakkʰa"@ram	
"урс"@os	<http://ids.clld.org/values/15-640-319-1>		<http://ids.clld.org/parameters/15-640>		<http://ids.clld.org/values/15-640-293-3>		"yakʰaa"@ram	
"хæцын"@os	<http://ids.clld.org/values/4-580-319-1>		<http://ids.clld.org/parameters/4-580>		<http://ids.clld.org/values/4-580-293-1>		"-ku-c̷a"@ram	
"къахвæд"@os	<http://ids.clld.org/values/10-720-319-5>		<http://ids.clld.org/parameters/10-720>		<http://ids.clld.org/values/10-720-293-1>		"prɨɨ"@ram	
"фыд"@os	<http://ids.clld.org/values/2-350-319-1>		<http://ids.clld.org/parameters/2-350>		<http://ids.clld.org/values/2-350-293-1>		"-pãm"@ram	
"фыд"@os	<http://ids.clld.org/values/2-350-319-1>		<http://ids.clld.org/parameters/2-350>		<http://ids.clld.org/values/2-350-293-3>		"c̷ũ"@ram	
"агъд"@os	<http://ids.clld.org/values/4-463-319-1>		<http://ids.clld.org/parameters/4-463>		<http://ids.clld.org/values/4-463-293-1>		"hɔ̃"@ram	
"кæрт"@os	<http://ids.clld.org/values/7-150-319-1>		<http://ids.clld.org/parameters/7-150>		<http://ids.clld.org/values/7-150-293-1>		"ka-"@ram	
"бууат"@os	<http://ids.clld.org/values/12-110-319-5>		<http://ids.clld.org/parameters/12-110>		<http://ids.clld.org/values/12-110-293-1>		"-li-"@ram	
"тути"@os	<http://ids.clld.org/values/3-592-319-1>		<http://ids.clld.org/parameters/3-592>		<http://ids.clld.org/values/3-592-293-1>		"krɨy-ti"@ram	
"æхсæнкъ"@os	<http://ids.clld.org/values/3-813-319-1>		<http://ids.clld.org/parameters/3-813>		<http://ids.clld.org/values/3-813-293-1>		"ĩnko"@ram	
"сæвджын"@os	<http://ids.clld.org/values/12-610-319-5>		<http://ids.clld.org/parameters/12-610>		<http://ids.clld.org/values/12-610-293-1>		"iʔ-pɔ"@ram	
"арв"@os	<http://ids.clld.org/values/1-510-319-1>		<http://ids.clld.org/parameters/1-510>		<http://ids.clld.org/values/1-510-293-1>		"koykʰwa"@ram	
"базыр"@os	<http://ids.clld.org/values/4-392-319-1>		<http://ids.clld.org/parameters/4-392>		<http://ids.clld.org/values/4-392-293-1>		"haaraa"@ram	
"æвзарын"@os	<http://ids.clld.org/values/12-212-319-5>		<http://ids.clld.org/parameters/12-212>		<http://ids.clld.org/values/12-212-293-1>		"pɨ"@ram	
"маргъ"@os	<http://ids.clld.org/values/3-581-319-1>		<http://ids.clld.org/parameters/3-581>		<http://ids.clld.org/values/3-581-293-1>		"kɛ̃"@ram	
"уидзын"@os	<http://ids.clld.org/values/12-212-319-1>		<http://ids.clld.org/parameters/12-212>		<http://ids.clld.org/values/12-212-293-1>		"pɨ"@ram	
"нард"@os	<http://ids.clld.org/values/5-791-319-7>		<http://ids.clld.org/parameters/5-791>		<http://ids.clld.org/values/5-791-293-1>		"iʔ-twɨm"@ram	
"ц��хæр"@os	<http://ids.clld.org/values/1-810-319-5>		<http://ids.clld.org/parameters/1-810>		<http://ids.clld.org/values/1-810-293-1>		"kuhɨ"@ram	
"цæст"@os	<http://ids.clld.org/values/4-210-319-1>		<http://ids.clld.org/parameters/4-210>		<http://ids.clld.org/values/4-210-293-1>		"ii-tɔ"@ram	
"сой"@os	<http://ids.clld.org/values/5-791-319-1>		<http://ids.clld.org/parameters/5-791>		<http://ids.clld.org/values/5-791-293-1>		"iʔ-twɨm"@ram	
"хур"@os	<http://ids.clld.org/values/1-520-319-1>		<http://ids.clld.org/parameters/1-520>		<http://ids.clld.org/values/1-520-293-3>		"pɨtɨ"@ram	
"хур"@os	<http://ids.clld.org/values/1-520-319-1>		<http://ids.clld.org/parameters/1-520>		<http://ids.clld.org/values/1-520-293-1>		"pɨt"@ram	
"райхалын (райхæлын)"@os	<http://ids.clld.org/values/10-130-319-1>		<http://ids.clld.org/parameters/10-130>		<http://ids.clld.org/values/10-130-293-1>		"ayrɔ̃"@ram	
"удæгас"@os	<http://ids.clld.org/values/4-740-319-3>		<http://ids.clld.org/parameters/4-740>		<http://ids.clld.org/values/4-740-293-1>		"tĩ"@ram	
"æгас"@os	<http://ids.clld.org/values/4-740-319-7>		<http://ids.clld.org/parameters/4-740>		<http://ids.clld.org/values/4-740-293-1>		"tĩ"@ram	
"ран"@os	<http://ids.clld.org/values/12-110-319-1>		<http://ids.clld.org/parameters/12-110>		<http://ids.clld.org/values/12-110-293-1>		"-li-"@ram	
"хæдзар"@os	<http://ids.clld.org/values/7-120-319-1>		<http://ids.clld.org/parameters/7-120>		<http://ids.clld.org/values/7-120-293-1>		"ii-kʰrɛ"@ram	
"хал"@os	<http://ids.clld.org/values/6-380-319-3>		<http://ids.clld.org/parameters/6-380>		<http://ids.clld.org/values/6-380-293-1>		"he-"@ram	
"хал"@os	<http://ids.clld.org/values/6-380-319-3>		<http://ids.clld.org/parameters/6-380>		<http://ids.clld.org/values/6-380-293-3>		"-c̷e- (?)"@ram	
"бухари"@os	<http://ids.clld.org/values/7-310-319-3>		<http://ids.clld.org/parameters/7-310>		<http://ids.clld.org/values/7-310-293-1>		"kiz (?)"@ram	
"лæмарын"@os	<http://ids.clld.org/values/9-343-319-1>		<http://ids.clld.org/parameters/9-343>		<http://ids.clld.org/values/9-343-293-1>		"ŋɛ̃n"@ram	
"тæвд"@os	<http://ids.clld.org/values/15-850-319-1>		<http://ids.clld.org/parameters/15-850>		<http://ids.clld.org/values/15-850-293-1>		"kakrɔ"@ram	
"хуыссын"@os	<http://ids.clld.org/values/12-140-319-1>		<http://ids.clld.org/parameters/12-140>		<http://ids.clld.org/values/12-140-293-1>		"nɔ̃"@ram	
"саби"@os	<http://ids.clld.org/values/2-270-319-3>		<http://ids.clld.org/parameters/2-270>		<http://ids.clld.org/values/2-270-293-1>		"aʔ-kʰra-rɛ"@ram	
"цæхх"@os	<http://ids.clld.org/values/5-810-319-1>		<http://ids.clld.org/parameters/5-810>		<http://ids.clld.org/values/5-810-293-1>		"kaac̷wa"@ram	
"хъусын"@os	<http://ids.clld.org/values/15-410-319-1>		<http://ids.clld.org/parameters/15-410>		<http://ids.clld.org/values/15-410-293-1>		"kʰə̃-pa"@ram	
"æртхутæг"@os	<http://ids.clld.org/values/1-840-319-1>		<http://ids.clld.org/parameters/1-840>		<http://ids.clld.org/values/1-840-293-1>		"prɔ"@ram	
"ус (супруга)"@os	<http://ids.clld.org/values/2-320-319-3>		<http://ids.clld.org/parameters/2-320>		<http://ids.clld.org/values/2-320-293-1>		"ĩĩ-prõ"@ram	
"нарæг фæндаг"@os	<http://ids.clld.org/values/10-720-319-1>		<http://ids.clld.org/parameters/10-720>		<http://ids.clld.org/values/10-720-293-1>		"prɨɨ"@ram	
"хус"@os	<http://ids.clld.org/values/15-840-319-1>		<http://ids.clld.org/parameters/15-840>		<http://ids.clld.org/values/15-840-293-1>		"krə"@ram	
"хус"@os	<http://ids.clld.org/values/15-840-319-1>		<http://ids.clld.org/parameters/15-840>		<http://ids.clld.org/values/15-840-293-3>		"(kʰra ?)"@ram	
"бадын"@os	<http://ids.clld.org/values/12-130-319-1>		<http://ids.clld.org/parameters/12-130>		<http://ids.clld.org/values/12-130-293-1>		"yə̃ (yɨ̃ ?)"@ram	
"маргджын уырнгон"@os	<http://ids.clld.org/values/3-815-319-3>		<http://ids.clld.org/parameters/3-815>		<http://ids.clld.org/values/3-815-293-1>		"pak"@ram	
"галиу (фарс)"@os	<http://ids.clld.org/values/12-420-319-1>		<http://ids.clld.org/parameters/12-420>		<http://ids.clld.org/values/12-420-293-1>		"aw-kʰɛ"@ram	
"къуыдыргалм"@os	<http://ids.clld.org/values/3-840-319-3>		<http://ids.clld.org/parameters/3-840>		<http://ids.clld.org/values/3-840-293-1>		"hɔɔc̷ã"@ram	
"сыф"@os	<http://ids.clld.org/values/8-560-319-1>		<http://ids.clld.org/parameters/8-560>		<http://ids.clld.org/values/8-560-293-1>		"iʔ-ho"@ram	
"хуы"@os	<http://ids.clld.org/values/3-350-319-1>		<http://ids.clld.org/parameters/3-350>		<http://ids.clld.org/values/3-350-293-1>		"kʰro"@ram	
"цымын"@os	<http://ids.clld.org/values/5-130-319-3>		<http://ids.clld.org/parameters/5-130>		<http://ids.clld.org/values/5-130-293-1>		"-kʰõ (kʰɔ̃ ?)"@ram	
"айнæг (отвесная)"@os	<http://ids.clld.org/values/1-440-319-7>		<http://ids.clld.org/parameters/1-440>		<http://ids.clld.org/values/1-440-293-1>		"kʰɛn"@ram	
"цæвын"@os	<http://ids.clld.org/values/9-210-319-3>		<http://ids.clld.org/parameters/9-210>		<http://ids.clld.org/values/9-210-293-1>		"kʰrɔ̃k"@ram	
"лæбæз"@os	<http://ids.clld.org/values/4-464-319-3>		<http://ids.clld.org/parameters/4-464>		<http://ids.clld.org/values/4-464-293-1>		"ayɔ"@ram	
"фад"@os	<http://ids.clld.org/values/4-370-319-1>		<http://ids.clld.org/parameters/4-370>		<http://ids.clld.org/values/4-370-293-1>		"ii-par"@ram	
"туг"@os	<http://ids.clld.org/values/4-150-319-1>		<http://ids.clld.org/parameters/4-150>		<http://ids.clld.org/values/4-150-293-1>		"ii-kaproo"@ram	
"ба кæнын"@os	<http://ids.clld.org/values/16-290-319-3>		<http://ids.clld.org/parameters/16-290>		<http://ids.clld.org/values/16-290-293-1>		"p (?)"@ram	
"нæ"@os	<http://ids.clld.org/values/17-560-319-1>		<http://ids.clld.org/parameters/17-560>		<http://ids.clld.org/values/17-560-293-1>		"ke-"@ram	
"хъæдвыд"@os	<http://ids.clld.org/values/1-430-319-3>		<http://ids.clld.org/parameters/1-430>		<http://ids.clld.org/values/1-430-293-1>		"pĩ"@ram	
