"chuŋ mɔh"@cbn	<http://ids.clld.org/values/4-230-829-1>		<http://ids.clld.org/parameters/4-230>		<http://ids.clld.org/values/4-230-209-1>		"mal"@xto	
"nɔ̂:m kalîn"@cbn	<http://ids.clld.org/values/15-210-829-1>		<http://ids.clld.org/parameters/15-210>		<http://ids.clld.org/values/15-210-209-1>		"wär-"@xto	
"cho:k hnáp (T+N)"@cbn	<http://ids.clld.org/values/16-180-829-1>		<http://ids.clld.org/parameters/16-180>		<http://ids.clld.org/values/16-180-209-1>		"[suk]"@xto	
"chi:r"@cbn	<http://ids.clld.org/values/11-320-829-1>		<http://ids.clld.org/parameters/11-320>		<http://ids.clld.org/values/11-320-209-1>		"kälp-"@xto	
"phâr"@cbn	<http://ids.clld.org/values/10-370-829-1>		<http://ids.clld.org/parameters/10-370>		<http://ids.clld.org/values/10-370-209-3>		"säl-"@xto	
"phâr"@cbn	<http://ids.clld.org/values/10-370-829-1>		<http://ids.clld.org/parameters/10-370>		<http://ids.clld.org/values/10-370-209-1>		"plu-"@xto	
"bî:p (T)"@cbn	<http://ids.clld.org/values/9-343-829-3>		<http://ids.clld.org/parameters/9-343>		<http://ids.clld.org/values/9-343-209-1>		"malyw-"@xto	
"bî:p (T)"@cbn	<http://ids.clld.org/values/9-343-829-3>		<http://ids.clld.org/parameters/9-343>		<http://ids.clld.org/values/9-343-209-3>		"wnisk-"@xto	
"haj cíh"@cbn	<http://ids.clld.org/values/12-460-829-1>		<http://ids.clld.org/parameters/12-460>		<http://ids.clld.org/values/12-460-209-1>		"koṃ-wmānt"@xto	
"tho:ŋ"@cbn	<http://ids.clld.org/values/18-350-829-1>		<http://ids.clld.org/parameters/18-350>		<http://ids.clld.org/values/18-350-209-1>		"pärk-"@xto	
"sî: (T)"@cbn	<http://ids.clld.org/values/15-610-829-1>		<http://ids.clld.org/parameters/15-610>		<http://ids.clld.org/values/15-610-209-1>		"yok"@xto	
"chʌj"@cbn	<http://ids.clld.org/values/4-840-829-1>		<http://ids.clld.org/parameters/4-840>		<http://ids.clld.org/values/4-840-209-1>		"ekro"@xto	
"pâ:ʔ"@cbn	<http://ids.clld.org/values/9-440-829-3>		<http://ids.clld.org/parameters/9-440>		<http://ids.clld.org/values/9-440-209-1>		"tsik-"@xto	
"n̄ɛ̂n"@cbn	<http://ids.clld.org/values/12-430-829-1>		<http://ids.clld.org/parameters/12-430>		<http://ids.clld.org/values/12-430-209-1>		"kātse"@xto	
"tâm chû:"@cbn	<http://ids.clld.org/values/8-600-829-1>		<http://ids.clld.org/parameters/8-600>		<http://ids.clld.org/values/8-600-209-1>		"ṣtām"@xto	
"cî:r"@cbn	<http://ids.clld.org/values/8-220-829-1>		<http://ids.clld.org/parameters/8-220>		<http://ids.clld.org/values/8-220-209-1>		"räp-"@xto	
"pacɛt"@cbn	<http://ids.clld.org/values/4-750-829-1>		<http://ids.clld.org/parameters/4-750>		<http://ids.clld.org/values/4-750-209-3>		"walu"@xto	
"pacɛt"@cbn	<http://ids.clld.org/values/4-750-829-1>		<http://ids.clld.org/parameters/4-750>		<http://ids.clld.org/values/4-750-209-1>		"wäl-"@xto	
"kɛ́c"@cbn	<http://ids.clld.org/values/9-220-829-1>		<http://ids.clld.org/parameters/9-220>		<http://ids.clld.org/values/9-220-209-1>		"karṣt-"@xto	
"kɛ́c"@cbn	<http://ids.clld.org/values/9-220-829-1>		<http://ids.clld.org/parameters/9-220>		<http://ids.clld.org/values/9-220-209-3>		"lātk-"@xto	
"kɛ́c"@cbn	<http://ids.clld.org/values/9-220-829-1>		<http://ids.clld.org/parameters/9-220>		<http://ids.clld.org/values/9-220-209-5>		"prutk-"@xto	
"chû:"@cbn	<http://ids.clld.org/values/1-430-829-1>		<http://ids.clld.org/parameters/1-430>		<http://ids.clld.org/values/1-430-209-1>		"or"@xto	
"kawâ:ŋ (T)"@cbn	<http://ids.clld.org/values/10-250-829-1>		<http://ids.clld.org/parameters/10-250>		<http://ids.clld.org/values/10-250-209-1>		"säl-"@xto	
"ʔɨŋkhʌ̂m"@cbn	<http://ids.clld.org/values/9-223-829-1>		<http://ids.clld.org/parameters/9-223>		<http://ids.clld.org/values/9-223-209-1>		"tsop-"@xto	
"tamî:ʔ"@cbn	<http://ids.clld.org/values/14-130-829-1>		<http://ids.clld.org/parameters/14-130>		<http://ids.clld.org/values/14-130-209-1>		"ɲu"@xto	
"lam kɔ̂:"@cbn	<http://ids.clld.org/values/4-290-829-1>		<http://ids.clld.org/parameters/4-290>		<http://ids.clld.org/values/4-290-209-1>		"ṣunk"@xto	
"paʔur"@cbn	<http://ids.clld.org/values/5-810-829-1>		<http://ids.clld.org/parameters/5-810>		<http://ids.clld.org/values/5-810-209-1>		"sāle"@xto	
"ʔɨnchô:ŋ túh hmák"@cbn	<http://ids.clld.org/values/3-210-829-1>		<http://ids.clld.org/parameters/3-210>		<http://ids.clld.org/values/3-210-209-1>		"kayurṣ"@xto	
"kɔ̂:"@cbn	<http://ids.clld.org/values/4-280-829-1>		<http://ids.clld.org/parameters/4-280>		<http://ids.clld.org/values/4-280-209-1>		"kɲuk"@xto	
"pâ: câ:ʔ"@cbn	<http://ids.clld.org/values/5-210-829-1>		<http://ids.clld.org/parameters/5-210>		<http://ids.clld.org/values/5-210-209-1>		"päk-"@xto	
"rih"@cbn	<http://ids.clld.org/values/8-540-829-1>		<http://ids.clld.org/parameters/8-540>		<http://ids.clld.org/values/8-540-209-1>		"tsmār"@xto	
"pha: ʔa:r"@cbn	<http://ids.clld.org/values/10-650-829-1>		<http://ids.clld.org/parameters/10-650>		<http://ids.clld.org/values/10-650-209-1>		"āk-"@xto	
"hɔ̂:"@cbn	<http://ids.clld.org/values/10-150-829-1>		<http://ids.clld.org/parameters/10-150>		<http://ids.clld.org/values/10-150-209-1>		"spārtw-"@xto	
"cakîəm"@cbn	<http://ids.clld.org/values/11-140-829-1>		<http://ids.clld.org/parameters/11-140>		<http://ids.clld.org/values/11-140-209-1>		"eṃts-"@xto	
"thup (T)"@cbn	<http://ids.clld.org/values/9-210-829-1>		<http://ids.clld.org/parameters/9-210>		<http://ids.clld.org/values/9-210-209-1>		"on-"@xto	
"thup (T)"@cbn	<http://ids.clld.org/values/9-210-829-1>		<http://ids.clld.org/parameters/9-210>		<http://ids.clld.org/values/9-210-209-3>		"ko-"@xto	
"thup (T)"@cbn	<http://ids.clld.org/values/9-210-829-1>		<http://ids.clld.org/parameters/9-210>		<http://ids.clld.org/values/9-210-209-5>		"tsop-"@xto	
"paphe:ni: (T)"@cbn	<http://ids.clld.org/values/19-610-829-1>		<http://ids.clld.org/parameters/19-610>		<http://ids.clld.org/values/19-610-209-1>		"wkäṃ"@xto	
"hlɔ̂:j (T)"@cbn	<http://ids.clld.org/values/10-340-829-1>		<http://ids.clld.org/parameters/10-340>		<http://ids.clld.org/values/10-340-209-1>		"plu-"@xto	
"pu:n̄ ʔɨŋkûj"@cbn	<http://ids.clld.org/values/4-610-829-1>		<http://ids.clld.org/parameters/4-610>		<http://ids.clld.org/values/4-610-209-1>		"klis-"@xto	
"pu:n̄ ʔɨŋkûj"@cbn	<http://ids.clld.org/values/4-610-829-1>		<http://ids.clld.org/parameters/4-610>		<http://ids.clld.org/values/4-610-209-3>		"ṣpäṇ"@xto	
"hnáp"@cbn	<http://ids.clld.org/values/16-710-829-1>		<http://ids.clld.org/parameters/16-710>		<http://ids.clld.org/values/16-710-209-1>		"kāsu"@xto	
"ʔan chút ba:r"@cbn	<http://ids.clld.org/values/13-360-829-1>		<http://ids.clld.org/parameters/13-360>		<http://ids.clld.org/values/13-360-209-1>		"wät"@xto	
"rɔ̂:ŋ dâ:k (T+N)"@cbn	<http://ids.clld.org/values/8-170-829-1>		<http://ids.clld.org/parameters/8-170>		<http://ids.clld.org/values/8-170-209-1>		"yṣaṃ"@xto	
"phaníh ʔûər"@cbn	<http://ids.clld.org/values/19-430-829-1>		<http://ids.clld.org/parameters/19-430>		<http://ids.clld.org/values/19-430-209-1>		"[māɲɲe]"@xto	
"dák"@cbn	<http://ids.clld.org/values/12-120-829-1>		<http://ids.clld.org/parameters/12-120>		<http://ids.clld.org/values/12-120-209-1>		"tā-"@xto	
"(tî:) ʔɨntɨl"@cbn	<http://ids.clld.org/values/1-215-829-1>		<http://ids.clld.org/parameters/1-215>		<http://ids.clld.org/values/1-215-209-1>		"wāryāɲc"@xto	
"cô:n"@cbn	<http://ids.clld.org/values/21-520-829-1>		<http://ids.clld.org/parameters/21-520>		<http://ids.clld.org/values/21-520-209-1>		"lyäk"@xto	
"pô:ŋ laʔúh"@cbn	<http://ids.clld.org/values/8-480-829-1>		<http://ids.clld.org/parameters/8-480>		<http://ids.clld.org/values/8-480-209-1>		"[klu]"@xto	
"chalu:t kachîn̄"@cbn	<http://ids.clld.org/values/4-191-829-1>		<http://ids.clld.org/parameters/4-191>		<http://ids.clld.org/values/4-191-209-1>		"särśi"@xto	
"n̄ah"@cbn	<http://ids.clld.org/values/17-510-829-1>		<http://ids.clld.org/parameters/17-510>		<http://ids.clld.org/values/17-510-209-3>		"yo"@xto	
"n̄ah"@cbn	<http://ids.clld.org/values/17-510-829-1>		<http://ids.clld.org/parameters/17-510>		<http://ids.clld.org/values/17-510-209-1>		"śkaṃ"@xto	
"kataw hŋɔ̂m"@cbn	<http://ids.clld.org/values/15-850-829-1>		<http://ids.clld.org/parameters/15-850>		<http://ids.clld.org/values/15-850-209-1>		"omäl"@xto	
"jɛ:k (T)"@cbn	<http://ids.clld.org/values/12-230-829-1>		<http://ids.clld.org/parameters/12-230>		<http://ids.clld.org/values/12-230-209-1>		"wätk-"@xto	
"jɛ:k (T)"@cbn	<http://ids.clld.org/values/12-230-829-1>		<http://ids.clld.org/parameters/12-230>		<http://ids.clld.org/values/12-230-209-3>		"putk-"@xto	
"hmat"@cbn	<http://ids.clld.org/values/4-210-829-1>		<http://ids.clld.org/parameters/4-210>		<http://ids.clld.org/values/4-210-209-1>		"ak"@xto	
"ʔɨnthɔ̂ŋ ʔʌ:r"@cbn	<http://ids.clld.org/values/10-630-829-1>		<http://ids.clld.org/parameters/10-630>		<http://ids.clld.org/values/10-630-209-1>		"lu-"@xto	
"jut (T)"@cbn	<http://ids.clld.org/values/14-280-829-1>		<http://ids.clld.org/parameters/14-280>		<http://ids.clld.org/values/14-280-209-1>		"ār-"@xto	
"lu:k n̄um"@cbn	<http://ids.clld.org/values/4-440-829-1>		<http://ids.clld.org/parameters/4-440>		<http://ids.clld.org/values/4-440-209-1>		"āriɲc"@xto	
"rɨə / hɨə (T)"@cbn	<http://ids.clld.org/values/10-830-829-1>		<http://ids.clld.org/parameters/10-830>		<http://ids.clld.org/values/10-830-209-1>		"koläm"@xto	
"lɔ:ʔ"@cbn	<http://ids.clld.org/values/14-332-829-1>		<http://ids.clld.org/parameters/14-332>		<http://ids.clld.org/values/14-332-209-1>		"aryu"@xto	
"kuən kûən"@cbn	<http://ids.clld.org/values/2-270-829-1>		<http://ids.clld.org/parameters/2-270>		<http://ids.clld.org/values/2-270-209-1>		"śom"@xto	
"raʔûp"@cbn	<http://ids.clld.org/values/15-851-829-1>		<http://ids.clld.org/parameters/15-851>		<http://ids.clld.org/values/15-851-209-1>		"omäl"@xto	
"ʔɨnchô:ŋ túh chur"@cbn	<http://ids.clld.org/values/3-230-829-1>		<http://ids.clld.org/parameters/3-230>		<http://ids.clld.org/values/3-230-209-1>		"ko"@xto	
"cač chû:n"@cbn	<http://ids.clld.org/values/13-103-829-1>		<http://ids.clld.org/parameters/13-103>		<http://ids.clld.org/values/13-103-209-1>		"śäk-päɲ-pi"@xto	
"phak"@cbn	<http://ids.clld.org/values/10-520-829-1>		<http://ids.clld.org/parameters/10-520>		<http://ids.clld.org/values/10-520-209-1>		"säk- (?)"@xto	
"phrɛ̂m"@cbn	<http://ids.clld.org/values/15-830-829-1>		<http://ids.clld.org/parameters/15-830>		<http://ids.clld.org/values/15-830-209-1>		"wip-"@xto	
"ʔɨmphân"@cbn	<http://ids.clld.org/values/16-300-829-1>		<http://ids.clld.org/parameters/16-300>		<http://ids.clld.org/values/16-300-209-1>		"yäks-"@xto	
"juk (T)"@cbn	<http://ids.clld.org/values/10-220-829-1>		<http://ids.clld.org/parameters/10-220>		<http://ids.clld.org/values/10-220-209-1>		"täl-"@xto	
"chɔ̂:k"@cbn	<http://ids.clld.org/values/6-280-829-1>		<http://ids.clld.org/parameters/6-280>		<http://ids.clld.org/values/6-280-209-1>		"yok"@xto	
"phrɔʔ (ti:) (T)"@cbn	<http://ids.clld.org/values/17-520-829-1>		<http://ids.clld.org/parameters/17-520>		<http://ids.clld.org/values/17-520-209-1>		"kuc"@xto	
"thawít"@cbn	<http://ids.clld.org/values/17-320-829-1>		<http://ids.clld.org/parameters/17-320>		<http://ids.clld.org/values/17-320-209-1>		"märs-"@xto	
"thak"@cbn	<http://ids.clld.org/values/9-160-829-1>		<http://ids.clld.org/parameters/9-160>		<http://ids.clld.org/values/9-160-209-1>		"kärk-"@xto	
"mɛ̂n̄"@cbn	<http://ids.clld.org/values/4-250-829-1>		<http://ids.clld.org/parameters/4-250>		<http://ids.clld.org/values/4-250-209-1>		"lymeṃ"@xto	
"chô:ŋ"@cbn	<http://ids.clld.org/values/5-130-829-1>		<http://ids.clld.org/parameters/5-130>		<http://ids.clld.org/values/5-130-209-1>		"yok-"@xto	
"hlâ:"@cbn	<http://ids.clld.org/values/8-560-829-1>		<http://ids.clld.org/parameters/8-560>		<http://ids.clld.org/values/8-560-209-1>		"pält"@xto	
"chaŋâj"@cbn	<http://ids.clld.org/values/12-430-829-2>		<http://ids.clld.org/parameters/12-430>		<http://ids.clld.org/values/12-430-209-1>		"kātse"@xto	
"dâ:k hmat"@cbn	<http://ids.clld.org/values/16-380-829-1>		<http://ids.clld.org/parameters/16-380>		<http://ids.clld.org/values/16-380-209-1>		"ākär"@xto	
"kabɔ̂ŋ"@cbn	<http://ids.clld.org/values/4-360-829-1>		<http://ids.clld.org/parameters/4-360>		<http://ids.clld.org/values/4-360-209-1>		"kanweṃ"@xto	
"chahŋát"@cbn	<http://ids.clld.org/values/15-460-829-1>		<http://ids.clld.org/parameters/15-460>		<http://ids.clld.org/values/15-460-209-1>		"sākät"@xto	
"tû:r"@cbn	<http://ids.clld.org/values/1-852-829-1>		<http://ids.clld.org/parameters/1-852>		<http://ids.clld.org/values/1-852-209-1>		"sälp-"@xto	
"lô:ŋ lɛc"@cbn	<http://ids.clld.org/values/10-550-829-1>		<http://ids.clld.org/parameters/10-550>		<http://ids.clld.org/values/10-550-209-1>		"yom-"@xto	
"dɨ̂ŋ la:k (T)"@cbn	<http://ids.clld.org/values/9-330-829-1>		<http://ids.clld.org/parameters/9-330>		<http://ids.clld.org/values/9-330-209-5>		"ru-"@xto	
"dɨ̂ŋ la:k (T)"@cbn	<http://ids.clld.org/values/9-330-829-1>		<http://ids.clld.org/parameters/9-330>		<http://ids.clld.org/values/9-330-209-3>		"ep-"@xto	
"dɨ̂ŋ la:k (T)"@cbn	<http://ids.clld.org/values/9-330-829-1>		<http://ids.clld.org/parameters/9-330>		<http://ids.clld.org/values/9-330-209-1>		"yärt-"@xto	
"khlû:c"@cbn	<http://ids.clld.org/values/12-530-829-1>		<http://ids.clld.org/parameters/12-530>		<http://ids.clld.org/values/12-530-209-1>		"śamantär"@xto	
"khlû:c"@cbn	<http://ids.clld.org/values/12-530-829-1>		<http://ids.clld.org/parameters/12-530>		<http://ids.clld.org/values/12-530-209-3>		"tsäm-"@xto	
"phanah"@cbn	<http://ids.clld.org/values/4-300-829-1>		<http://ids.clld.org/parameters/4-300>		<http://ids.clld.org/values/4-300-209-1>		"es"@xto	
"hlô:ŋ"@cbn	<http://ids.clld.org/values/12-310-829-1>		<http://ids.clld.org/parameters/12-310>		<http://ids.clld.org/values/12-310-209-1>		"tpär"@xto	
"muəj ʔan"@cbn	<http://ids.clld.org/values/13-330-829-1>		<http://ids.clld.org/parameters/13-330>		<http://ids.clld.org/values/13-330-209-3>		"snāki"@xto	
"muəj ʔan"@cbn	<http://ids.clld.org/values/13-330-829-1>		<http://ids.clld.org/parameters/13-330>		<http://ids.clld.org/values/13-330-209-1>		"sasak"@xto	
"chɛ̂n"@cbn	<http://ids.clld.org/values/12-840-829-1>		<http://ids.clld.org/parameters/12-840>		<http://ids.clld.org/values/12-840-209-1>		"slyi"@xto	
"cow lô:ŋ"@cbn	<http://ids.clld.org/values/10-481-829-1>		<http://ids.clld.org/parameters/10-481>		<http://ids.clld.org/values/10-481-209-1>		"lotk-"@xto	
"ʔɨntû: takát"@cbn	<http://ids.clld.org/values/14-740-829-1>		<http://ids.clld.org/parameters/14-740>		<http://ids.clld.org/values/14-740-209-1>		"śärme"@xto	
"ʔɨnwôŋ"@cbn	<http://ids.clld.org/values/10-760-829-1>		<http://ids.clld.org/parameters/10-760>		<http://ids.clld.org/values/10-760-209-1>		"wärkänt"@xto	
"(nâ:) ʔɨŋhâ:j"@cbn	<http://ids.clld.org/values/4-205-829-1>		<http://ids.clld.org/parameters/4-205>		<http://ids.clld.org/values/4-205-209-1>		"ānt"@xto	
"hnâ:m"@cbn	<http://ids.clld.org/values/4-120-829-1>		<http://ids.clld.org/parameters/4-120>		<http://ids.clld.org/values/4-120-209-1>		"yats"@xto	
"mɔʌ: (T)"@cbn	<http://ids.clld.org/values/4-870-829-1>		<http://ids.clld.org/parameters/4-870>		<http://ids.clld.org/values/4-870-209-1>		"sāṃtkenu"@xto	
"tê:n̄ túh"@cbn	<http://ids.clld.org/values/6-110-829-1>		<http://ids.clld.org/parameters/6-110>		<http://ids.clld.org/values/6-110-209-1>		"wäs-"@xto	
"phlák (T)"@cbn	<http://ids.clld.org/values/10-670-829-1>		<http://ids.clld.org/parameters/10-670>		<http://ids.clld.org/values/10-670-209-1>		"nätk-"@xto	
"cho:k thák (T+N)"@cbn	<http://ids.clld.org/values/9-750-829-1>		<http://ids.clld.org/parameters/9-750>		<http://ids.clld.org/values/9-750-209-1>		"wäp-"@xto	
"châj"@cbn	<http://ids.clld.org/values/16-310-829-1>		<http://ids.clld.org/parameters/16-310>		<http://ids.clld.org/values/16-310-209-1>		"klop"@xto	
"tîəŋ pû:n̄ (T+N)"@cbn	<http://ids.clld.org/values/7-420-829-1>		<http://ids.clld.org/parameters/7-420>		<http://ids.clld.org/values/7-420-209-1>		"lake"@xto	
"hɔ̂:k"@cbn	<http://ids.clld.org/values/18-410-829-1>		<http://ids.clld.org/parameters/18-410>		<http://ids.clld.org/values/18-410-209-1>		"ken-"@xto	
"jrɔ:č"@cbn	<http://ids.clld.org/values/15-760-829-1>		<http://ids.clld.org/parameters/15-760>		<http://ids.clld.org/values/15-760-209-1>		"āśāwe"@xto	
"phanih cɔ̂n (T+N)"@cbn	<http://ids.clld.org/values/11-530-829-1>		<http://ids.clld.org/parameters/11-530>		<http://ids.clld.org/values/11-530-209-1>		"yāṣṣuce"@xto	
"tʌ̂j"@cbn	<http://ids.clld.org/values/4-330-829-1>		<http://ids.clld.org/parameters/4-330>		<http://ids.clld.org/values/4-330-209-1>		"tsar"@xto	
"trɛ́h"@cbn	<http://ids.clld.org/values/7-620-829-1>		<http://ids.clld.org/parameters/7-620>		<http://ids.clld.org/values/7-620-209-1>		"tukri"@xto	
"khʌlâ:j"@cbn	<http://ids.clld.org/values/5-150-829-1>		<http://ids.clld.org/parameters/5-150>		<http://ids.clld.org/values/5-150-209-1>		"yoke"@xto	
"cakhrɔ:p"@cbn	<http://ids.clld.org/values/12-260-829-1>		<http://ids.clld.org/parameters/12-260>		<http://ids.clld.org/values/12-260-209-5>		"wāl-"@xto	
"cakhrɔ:p"@cbn	<http://ids.clld.org/values/12-260-829-1>		<http://ids.clld.org/parameters/12-260>		<http://ids.clld.org/values/12-260-209-3>		"räk-"@xto	
"cakhrɔ:p"@cbn	<http://ids.clld.org/values/12-260-829-1>		<http://ids.clld.org/parameters/12-260>		<http://ids.clld.org/values/12-260-209-1>		"ep-"@xto	
"hâj ʔɔ̂:"@cbn	<http://ids.clld.org/values/14-470-829-1>		<http://ids.clld.org/parameters/14-470>		<http://ids.clld.org/values/14-470-209-1>		"ārśo"@xto	
"dô:ŋ"@cbn	<http://ids.clld.org/values/19-160-829-1>		<http://ids.clld.org/parameters/19-160>		<http://ids.clld.org/values/19-160-209-1>		"ṣukṣ-"@xto	
"sanun"@cbn	<http://ids.clld.org/values/10-710-829-1>		<http://ids.clld.org/parameters/10-710>		<http://ids.clld.org/values/10-710-209-1>		"ṣont"@xto	
"hmák"@cbn	<http://ids.clld.org/values/3-120-829-1>		<http://ids.clld.org/parameters/3-120>		<http://ids.clld.org/values/3-120-209-1>		"oɲi"@xto	
"kâ:w"@cbn	<http://ids.clld.org/values/8-570-829-1>		<http://ids.clld.org/parameters/8-570>		<http://ids.clld.org/values/8-570-209-1>		"pyāpi"@xto	
"pachʌ̂j"@cbn	<http://ids.clld.org/values/9-670-829-1>		<http://ids.clld.org/parameters/9-670>		<http://ids.clld.org/values/9-670-209-1>		"aɲcu"@xto	
"truč trûč"@cbn	<http://ids.clld.org/values/2-210-829-1>		<http://ids.clld.org/parameters/2-210>		<http://ids.clld.org/values/2-210-209-1>		"onk"@xto	
"chû:ŋ"@cbn	<http://ids.clld.org/values/15-640-829-1>		<http://ids.clld.org/parameters/15-640>		<http://ids.clld.org/values/15-640-209-1>		"ārki"@xto	
"patúh"@cbn	<http://ids.clld.org/values/4-857-829-1>		<http://ids.clld.org/parameters/4-857>		<http://ids.clld.org/values/4-857-209-1>		"saku"@xto	
"bû:n tâ:w"@cbn	<http://ids.clld.org/values/20-270-829-1>		<http://ids.clld.org/parameters/20-270>		<http://ids.clld.org/values/20-270-209-1>		"kāre"@xto	
"bɔ́t (T)̲"@cbn	<http://ids.clld.org/values/5-560-829-1>		<http://ids.clld.org/parameters/5-560>		<http://ids.clld.org/values/5-560-209-1>		"malyw-"@xto	
"ʔan̄ah (hlô:ŋ)"@cbn	<http://ids.clld.org/values/17-680-829-1>		<http://ids.clld.org/parameters/17-680>		<http://ids.clld.org/values/17-680-209-1>		"kus"@xto	
"khrʌ̂ŋ"@cbn	<http://ids.clld.org/values/13-150-829-1>		<http://ids.clld.org/parameters/13-150>		<http://ids.clld.org/values/13-150-209-1>		"māk"@xto	
"ʔɨnchruʔ"@cbn	<http://ids.clld.org/values/3-840-829-1>		<http://ids.clld.org/parameters/3-840>		<http://ids.clld.org/values/3-840-209-1>		"walyī"@xto	
"phet (T)"@cbn	<http://ids.clld.org/values/6-720-829-1>		<http://ids.clld.org/parameters/6-720>		<http://ids.clld.org/values/6-720-209-5>		"wmār"@xto	
"phet (T)"@cbn	<http://ids.clld.org/values/6-720-829-1>		<http://ids.clld.org/parameters/6-720>		<http://ids.clld.org/values/6-720-209-1>		"katu"@xto	
"phet (T)"@cbn	<http://ids.clld.org/values/6-720-829-1>		<http://ids.clld.org/parameters/6-720>		<http://ids.clld.org/values/6-720-209-3>		"ɲemi"@xto	
"phet (T)"@cbn	<http://ids.clld.org/values/6-720-829-1>		<http://ids.clld.org/parameters/6-720>		<http://ids.clld.org/values/6-720-209-7>		"yetwe"@xto	
"chɔ̂:k"@cbn	<http://ids.clld.org/values/4-140-829-1>		<http://ids.clld.org/parameters/4-140>		<http://ids.clld.org/values/4-140-209-1>		"śāku"@xto	
"lɔ̂:ŋ (T)"@cbn	<http://ids.clld.org/values/17-480-829-1>		<http://ids.clld.org/parameters/17-480>		<http://ids.clld.org/values/17-480-209-1>		"ske-"@xto	
"khuh khə̂:j (T+N)"@cbn	<http://ids.clld.org/values/14-340-829-1>		<http://ids.clld.org/parameters/14-340>		<http://ids.clld.org/values/14-340-209-1>		"mā ontaṃ"@xto	
"cî:n̄"@cbn	<http://ids.clld.org/values/3-770-829-1>		<http://ids.clld.org/parameters/3-770>		<http://ids.clld.org/values/3-770-209-1>		"onkaläm"@xto	
"hajtɨ̂n"@cbn	<http://ids.clld.org/values/12-450-829-1>		<http://ids.clld.org/parameters/12-450>		<http://ids.clld.org/values/12-450-209-1>		"koṃ-pärkānt"@xto	
"chɛ̂r"@cbn	<http://ids.clld.org/values/12-590-829-1>		<http://ids.clld.org/parameters/12-590>		<http://ids.clld.org/values/12-590-209-1>		"tsru"@xto	
"ʔɨmwâ:r"@cbn	<http://ids.clld.org/values/6-380-829-1>		<http://ids.clld.org/parameters/6-380>		<http://ids.clld.org/values/6-380-209-1>		"kluṃts (?)"@xto	
"chɛ́c"@cbn	<http://ids.clld.org/values/5-710-829-1>		<http://ids.clld.org/parameters/5-710>		<http://ids.clld.org/values/5-710-209-1>		"oko"@xto	
"hmâ:n̄"@cbn	<http://ids.clld.org/values/18-310-829-1>		<http://ids.clld.org/parameters/18-310>		<http://ids.clld.org/values/18-310-209-1>		"pärk-"@xto	
"phanih"@cbn	<http://ids.clld.org/values/19-210-829-1>		<http://ids.clld.org/parameters/19-210>		<http://ids.clld.org/values/19-210-209-1>		"ārkiśoṣi"@xto	
"phanih"@cbn	<http://ids.clld.org/values/19-210-829-1>		<http://ids.clld.org/parameters/19-210>		<http://ids.clld.org/values/19-210-209-3>		"śoṣi"@xto	
"lu:c"@cbn	<http://ids.clld.org/values/16-760-829-1>		<http://ids.clld.org/parameters/16-760>		<http://ids.clld.org/values/16-760-209-1>		"nākäm"@xto	
"phɛ:n tî:"@cbn	<http://ids.clld.org/values/1-210-829-1>		<http://ids.clld.org/parameters/1-210>		<http://ids.clld.org/values/1-210-209-1>		"tkaṃ"@xto	
"prák"@cbn	<http://ids.clld.org/values/9-650-829-1>		<http://ids.clld.org/parameters/9-650>		<http://ids.clld.org/values/9-650-209-1>		"nkiɲc"@xto	
"daŋə:m"@cbn	<http://ids.clld.org/values/15-860-829-1>		<http://ids.clld.org/parameters/15-860>		<http://ids.clld.org/values/15-860-209-1>		"kùraś"@xto	
"kachâ:c"@cbn	<http://ids.clld.org/values/8-310-829-1>		<http://ids.clld.org/parameters/8-310>		<http://ids.clld.org/values/8-310-209-1>		"kät-"@xto	
"tî: ranâ:m"@cbn	<http://ids.clld.org/values/9-720-829-1>		<http://ids.clld.org/parameters/9-720>		<http://ids.clld.org/values/9-720-209-1>		"tsik-"@xto	
"kha:p (chû:)"@cbn	<http://ids.clld.org/values/8-550-829-1>		<http://ids.clld.org/parameters/8-550>		<http://ids.clld.org/values/8-550-209-1>		"karke"@xto	
"fâ: / chawa:"@cbn	<http://ids.clld.org/values/5-610-829-1>		<http://ids.clld.org/parameters/5-610>		<http://ids.clld.org/values/5-610-209-1>		"śwal"@xto	
"kûən paphraw"@cbn	<http://ids.clld.org/values/2-420-829-1>		<http://ids.clld.org/parameters/2-420>		<http://ids.clld.org/values/2-420-209-1>		"ckācar"@xto	
"tharâŋ"@cbn	<http://ids.clld.org/values/4-170-829-1>		<http://ids.clld.org/parameters/4-170>		<http://ids.clld.org/values/4-170-209-1>		"kror"@xto	
"sɔ̂:j"@cbn	<http://ids.clld.org/values/9-220-829-3>		<http://ids.clld.org/parameters/9-220>		<http://ids.clld.org/values/9-220-209-1>		"karṣt-"@xto	
"sɔ̂:j"@cbn	<http://ids.clld.org/values/9-220-829-3>		<http://ids.clld.org/parameters/9-220>		<http://ids.clld.org/values/9-220-209-3>		"lātk-"@xto	
"sɔ̂:j"@cbn	<http://ids.clld.org/values/9-220-829-3>		<http://ids.clld.org/parameters/9-220>		<http://ids.clld.org/values/9-220-209-5>		"prutk-"@xto	
"dâ:k"@cbn	<http://ids.clld.org/values/1-310-829-1>		<http://ids.clld.org/parameters/1-310>		<http://ids.clld.org/values/1-310-209-3>		"wräntu"@xto	
"dâ:k"@cbn	<http://ids.clld.org/values/1-310-829-1>		<http://ids.clld.org/parameters/1-310>		<http://ids.clld.org/values/1-310-209-1>		"wär"@xto	
"pî:ʔ thamar"@cbn	<http://ids.clld.org/values/13-440-829-1>		<http://ids.clld.org/parameters/13-440>		<http://ids.clld.org/values/13-440-209-1>		"tri-lkwär"@xto	
"kam hâ:"@cbn	<http://ids.clld.org/values/20-250-829-1>		<http://ids.clld.org/parameters/20-250>		<http://ids.clld.org/values/20-250-209-1>		"pär"@xto	
"kawɛ́h"@cbn	<http://ids.clld.org/values/16-660-829-1>		<http://ids.clld.org/parameters/16-660>		<http://ids.clld.org/values/16-660-209-1>		"kārme"@xto	
"ʔan chamɔ́h"@cbn	<http://ids.clld.org/values/13-340-829-1>		<http://ids.clld.org/parameters/13-340>		<http://ids.clld.org/values/13-340-209-1>		"maltowinu"@xto	
"kacɛ́t"@cbn	<http://ids.clld.org/values/4-760-829-1>		<http://ids.clld.org/parameters/4-760>		<http://ids.clld.org/values/4-760-209-1>		"ko-"@xto	
"tarâ:ŋ (T)"@cbn	<http://ids.clld.org/values/21-390-829-1>		<http://ids.clld.org/parameters/21-390>		<http://ids.clld.org/values/21-390-209-1>		"protäk"@xto	
"chrô:m"@cbn	<http://ids.clld.org/values/3-850-829-1>		<http://ids.clld.org/parameters/3-850>		<http://ids.clld.org/values/3-850-209-1>		"ārṣal"@xto	
"chûr"@cbn	<http://ids.clld.org/values/3-610-829-1>		<http://ids.clld.org/parameters/3-610>		<http://ids.clld.org/values/3-610-209-1>		"ku"@xto	
"khiw (T)"@cbn	<http://ids.clld.org/values/4-212-829-1>		<http://ids.clld.org/parameters/4-212>		<http://ids.clld.org/values/4-212-209-1>		"pärwāṃ"@xto	
"chamû:r"@cbn	<http://ids.clld.org/values/10-140-829-3>		<http://ids.clld.org/parameters/10-140>		<http://ids.clld.org/values/10-140-209-1>		"wänt-"@xto	
"na:ta:ŋ (T)"@cbn	<http://ids.clld.org/values/7-250-829-1>		<http://ids.clld.org/parameters/7-250>		<http://ids.clld.org/values/7-250-209-1>		"[pātsank]"@xto	
"patâm"@cbn	<http://ids.clld.org/values/14-420-829-1>		<http://ids.clld.org/parameters/14-420>		<http://ids.clld.org/values/14-420-209-1>		"wṣe"@xto	
"patâm"@cbn	<http://ids.clld.org/values/14-420-829-1>		<http://ids.clld.org/parameters/14-420>		<http://ids.clld.org/values/14-420-209-3>		"oṣeɲi"@xto	
"mâ:j"@cbn	<http://ids.clld.org/values/5-260-829-1>		<http://ids.clld.org/parameters/5-260>		<http://ids.clld.org/values/5-260-209-1>		"[kunti]"@xto	
"thû:j"@cbn	<http://ids.clld.org/values/5-330-829-1>		<http://ids.clld.org/parameters/5-330>		<http://ids.clld.org/values/5-330-209-1>		"[pātär]"@xto	
"chaŋ ʔɨntû:l"@cbn	<http://ids.clld.org/values/12-470-829-1>		<http://ids.clld.org/parameters/12-470>		<http://ids.clld.org/values/12-470-209-1>		"ṣuliɲc"@xto	
"bu:n kô:n"@cbn	<http://ids.clld.org/values/6-930-829-1>		<http://ids.clld.org/parameters/6-930>		<http://ids.clld.org/values/6-930-209-1>		"[kṣur]"@xto	
"chalu:t"@cbn	<http://ids.clld.org/values/4-160-829-1>		<http://ids.clld.org/parameters/4-160>		<http://ids.clld.org/values/4-160-209-1>		"āy"@xto	
"chalu:t"@cbn	<http://ids.clld.org/values/4-160-829-1>		<http://ids.clld.org/parameters/4-160>		<http://ids.clld.org/values/4-160-209-3>		"āyäntu"@xto	
"bû:n"@cbn	<http://ids.clld.org/values/9-230-829-1>		<http://ids.clld.org/parameters/9-230>		<http://ids.clld.org/values/9-230-209-1>		"yepe"@xto	
"ji:t"@cbn	<http://ids.clld.org/values/9-320-829-1>		<http://ids.clld.org/parameters/9-320>		<http://ids.clld.org/values/9-320-209-1>		"pänw-"@xto	
"kakhrʌk"@cbn	<http://ids.clld.org/values/10-260-829-1>		<http://ids.clld.org/parameters/10-260>		<http://ids.clld.org/values/10-260-209-1>		"miw-"@xto	
"ʔɨmphat"@cbn	<http://ids.clld.org/values/8-510-829-1>		<http://ids.clld.org/parameters/8-510>		<http://ids.clld.org/values/8-510-209-1>		"āti"@xto	
"ʔa:r"@cbn	<http://ids.clld.org/values/10-450-829-1>		<http://ids.clld.org/parameters/10-450>		<http://ids.clld.org/values/10-450-209-1>		"i-"@xto	
"lɔ̂:j (N+T)"@cbn	<http://ids.clld.org/values/10-380-829-5>		<http://ids.clld.org/parameters/10-380>		<http://ids.clld.org/values/10-380-209-1>		"pis-"@xto	
"krî:ŋ"@cbn	<http://ids.clld.org/values/15-740-829-1>		<http://ids.clld.org/parameters/15-740>		<http://ids.clld.org/values/15-740-209-1>		"tsär"@xto	
"pamâŋ"@cbn	<http://ids.clld.org/values/7-270-829-1>		<http://ids.clld.org/parameters/7-270>		<http://ids.clld.org/values/7-270-209-1>		"poṣi"@xto	
"cóp ʔə:j (T+N)"@cbn	<http://ids.clld.org/values/14-260-829-1>		<http://ids.clld.org/parameters/14-260>		<http://ids.clld.org/values/14-260-209-1>		"āk"@xto	
"wâŋ (T)"@cbn	<http://ids.clld.org/values/16-630-829-1>		<http://ids.clld.org/parameters/16-630>		<http://ids.clld.org/values/16-630-209-1>		"pärmank"@xto	
"chɨ:"@cbn	<http://ids.clld.org/values/18-280-829-1>		<http://ids.clld.org/parameters/18-280>		<http://ids.clld.org/values/18-280-209-1>		"ɲom"@xto	
"cîət"@cbn	<http://ids.clld.org/values/11-130-829-1>		<http://ids.clld.org/parameters/11-130>		<http://ids.clld.org/values/11-130-209-1>		"eṃts-"@xto	
"tha: si: (T)"@cbn	<http://ids.clld.org/values/9-890-829-3>		<http://ids.clld.org/parameters/9-890>		<http://ids.clld.org/values/9-890-209-1>		"pik-"@xto	
"fâ: / chawâ:"@cbn	<http://ids.clld.org/values/4-130-829-1>		<http://ids.clld.org/parameters/4-130>		<http://ids.clld.org/values/4-130-209-1>		"śwāl"@xto	
"khɔ̂n"@cbn	<http://ids.clld.org/values/5-490-829-1>		<http://ids.clld.org/parameters/5-490>		<http://ids.clld.org/values/5-490-209-1>		"triw-"@xto	
"khamâj"@cbn	<http://ids.clld.org/values/15-510-829-1>		<http://ids.clld.org/parameters/15-510>		<http://ids.clld.org/values/15-510-209-1>		"läk-"@xto	
"phrɔ̂:m (T)"@cbn	<http://ids.clld.org/values/14-290-829-1>		<http://ids.clld.org/parameters/14-290>		<http://ids.clld.org/values/14-290-209-1>		"ārwar"@xto	
"hɨncɔ́k / ʔɨncɔ́k (+green)"@cbn	<http://ids.clld.org/values/15-670-829-1>		<http://ids.clld.org/parameters/15-670>		<http://ids.clld.org/values/15-670-209-1>		"tseṃ"@xto	
"chadɨ̂m"@cbn	<http://ids.clld.org/values/17-170-829-1>		<http://ids.clld.org/parameters/17-170>		<http://ids.clld.org/values/17-170-209-1>		"kärs-"@xto	
"phi:c"@cbn	<http://ids.clld.org/values/16-530-829-1>		<http://ids.clld.org/parameters/16-530>		<http://ids.clld.org/values/16-530-209-1>		"praski"@xto	
"hê:w (T)"@cbn	<http://ids.clld.org/values/5-140-829-1>		<http://ids.clld.org/parameters/5-140>		<http://ids.clld.org/values/5-140-209-1>		"kaṣt"@xto	
"huəŋ (T+N)"@cbn	<http://ids.clld.org/values/16-440-829-3>		<http://ids.clld.org/parameters/16-440>		<http://ids.clld.org/values/16-440-209-1>		"eṃts"@xto	
"tə̂:r"@cbn	<http://ids.clld.org/values/12-150-829-1>		<http://ids.clld.org/parameters/12-150>		<http://ids.clld.org/values/12-150-209-1>		"käly-/ stäm-"@xto	
"pah"@cbn	<http://ids.clld.org/values/9-222-829-1>		<http://ids.clld.org/parameters/9-222>		<http://ids.clld.org/values/9-222-209-1>		"kot-"@xto	
"kachɔ̂:k"@cbn	<http://ids.clld.org/values/17-380-829-1>		<http://ids.clld.org/parameters/17-380>		<http://ids.clld.org/values/17-380-209-1>		"ṣärp-"@xto	
"chɔ:p"@cbn	<http://ids.clld.org/values/16-270-829-1>		<http://ids.clld.org/parameters/16-270>		<http://ids.clld.org/values/16-270-209-1>		"tunk-iɲɲ-"@xto	
"bî:n dâ:k"@cbn	<http://ids.clld.org/values/10-350-829-1>		<http://ids.clld.org/parameters/10-350>		<http://ids.clld.org/values/10-350-209-1>		"yär-"@xto	
"ʔathít (T)"@cbn	<http://ids.clld.org/values/14-610-829-1>		<http://ids.clld.org/parameters/14-610>		<http://ids.clld.org/values/14-610-209-1>		"ṣpät-koɲi"@xto	
"ʔɨnthâm"@cbn	<http://ids.clld.org/values/12-270-829-1>		<http://ids.clld.org/parameters/12-270>		<http://ids.clld.org/values/12-270-209-1>		"tpuk-"@xto	
"chi:wit (T)"@cbn	<http://ids.clld.org/values/4-740-829-1>		<http://ids.clld.org/parameters/4-740>		<http://ids.clld.org/values/4-740-209-3>		"śol"@xto	
"chi:wit (T)"@cbn	<http://ids.clld.org/values/4-740-829-1>		<http://ids.clld.org/parameters/4-740>		<http://ids.clld.org/values/4-740-209-1>		"śo-"@xto	
"khamúk"@cbn	<http://ids.clld.org/values/22-420-829-1>		<http://ids.clld.org/parameters/22-420>		<http://ids.clld.org/values/22-420-209-1>		"[räddhi]"@xto	
"tamnî: (T)"@cbn	<http://ids.clld.org/values/18-390-829-1>		<http://ids.clld.org/parameters/18-390>		<http://ids.clld.org/values/18-390-209-1>		"nāk-"@xto	
"chrih"@cbn	<http://ids.clld.org/values/10-230-829-1>		<http://ids.clld.org/parameters/10-230>		<http://ids.clld.org/values/10-230-209-1>		"klā(w)-"@xto	
"thahmâr"@cbn	<http://ids.clld.org/values/18-260-829-1>		<http://ids.clld.org/parameters/18-260>		<http://ids.clld.org/values/18-260-209-1>		"rake"@xto	
"mɔh"@cbn	<http://ids.clld.org/values/12-350-829-1>		<http://ids.clld.org/parameters/12-350>		<http://ids.clld.org/values/12-350-209-1>		"āk"@xto	
"kaphɔ́t kamát"@cbn	<http://ids.clld.org/values/1-861-829-1>		<http://ids.clld.org/parameters/1-861>		<http://ids.clld.org/values/1-861-209-1>		"käs-"@xto	
"khalî:c"@cbn	<http://ids.clld.org/values/16-670-829-1>		<http://ids.clld.org/parameters/16-670>		<http://ids.clld.org/values/16-670-209-1>		"smale"@xto	
"lamtúh"@cbn	<http://ids.clld.org/values/4-110-829-1>		<http://ids.clld.org/parameters/4-110>		<http://ids.clld.org/values/4-110-209-1>		"kapśaɲi"@xto	
"cê:c"@cbn	<http://ids.clld.org/values/11-910-829-1>		<http://ids.clld.org/parameters/11-910>		<http://ids.clld.org/values/11-910-209-1>		"pāk yām-/ypa-/ya-"@xto	
"takát"@cbn	<http://ids.clld.org/values/15-860-829-3>		<http://ids.clld.org/parameters/15-860>		<http://ids.clld.org/values/15-860-209-1>		"kùraś"@xto	
"hlû:ŋ"@cbn	<http://ids.clld.org/values/22-180-829-1>		<http://ids.clld.org/parameters/22-180>		<http://ids.clld.org/values/22-180-209-1>		"[ṣāmaṃ]"@xto	
"lo:k (T)"@cbn	<http://ids.clld.org/values/1-100-829-1>		<http://ids.clld.org/parameters/1-100>		<http://ids.clld.org/values/1-100-209-1>		"ārkiśoṣi"@xto	
"chadɨ̂m"@cbn	<http://ids.clld.org/values/17-160-829-1>		<http://ids.clld.org/parameters/17-160>		<http://ids.clld.org/values/17-160-209-1>		"kärs-"@xto	
"saʔa:t (T)"@cbn	<http://ids.clld.org/values/15-870-829-1>		<http://ids.clld.org/parameters/15-870>		<http://ids.clld.org/values/15-870-209-1>		"āṣtär"@xto	
"chɨə thamo:ʔ"@cbn	<http://ids.clld.org/values/19-460-829-1>		<http://ids.clld.org/parameters/19-460>		<http://ids.clld.org/values/19-460-209-1>		"nam"@xto	
"cha:n tɨ̂n"@cbn	<http://ids.clld.org/values/16-790-829-1>		<http://ids.clld.org/parameters/16-790>		<http://ids.clld.org/values/16-790-209-1>		"päl-"@xto	
"tî: tabân"@cbn	<http://ids.clld.org/values/9-730-829-1>		<http://ids.clld.org/parameters/9-730>		<http://ids.clld.org/values/9-730-209-1>		"tukri"@xto	
"phu:t kapa(hʌ)l (T+N)"@cbn	<http://ids.clld.org/values/18-210-829-1>		<http://ids.clld.org/parameters/18-210>		<http://ids.clld.org/values/18-210-209-1>		"träṅk-"@xto	
"thɛ̂:w (ʔɔ̂:)"@cbn	<http://ids.clld.org/values/12-110-829-1>		<http://ids.clld.org/parameters/12-110>		<http://ids.clld.org/values/12-110-209-1>		"wṣeɲɲe"@xto	
"thɛ̂:w (ʔɔ̂:)"@cbn	<http://ids.clld.org/values/12-110-829-1>		<http://ids.clld.org/parameters/12-110>		<http://ids.clld.org/values/12-110-209-3>		"śmoɲɲe"@xto	
"cač muəj"@cbn	<http://ids.clld.org/values/13-101-829-1>		<http://ids.clld.org/parameters/13-101>		<http://ids.clld.org/values/13-101-209-1>		"śäk-ṣa-pi"@xto	
"ʔɨŋkâ:c"@cbn	<http://ids.clld.org/values/1-510-829-1>		<http://ids.clld.org/parameters/1-510>		<http://ids.clld.org/values/1-510-209-1>		"eprer-"@xto	
"prathe:t (T)"@cbn	<http://ids.clld.org/values/19-110-829-1>		<http://ids.clld.org/parameters/19-110>		<http://ids.clld.org/values/19-110-209-1>		"ype"@xto	
"pâ:ʔ nâ:n"@cbn	<http://ids.clld.org/values/17-690-829-1>		<http://ids.clld.org/parameters/17-690>		<http://ids.clld.org/values/17-690-209-1>		"kùyal"@xto	
"khɔ̂:ŋ (T)"@cbn	<http://ids.clld.org/values/11-180-829-1>		<http://ids.clld.org/parameters/11-180>		<http://ids.clld.org/values/11-180-209-1>		"wram"@xto	
"wa:ŋ (T)"@cbn	<http://ids.clld.org/values/13-220-829-1>		<http://ids.clld.org/parameters/13-220>		<http://ids.clld.org/values/13-220-209-1>		"ekär"@xto	
"hmɔ̂:"@cbn	<http://ids.clld.org/values/1-440-829-1>		<http://ids.clld.org/parameters/1-440>		<http://ids.clld.org/values/1-440-209-1>		"pāreṃ"@xto	
"kadɔ́p"@cbn	<http://ids.clld.org/values/4-200-829-1>		<http://ids.clld.org/parameters/4-200>		<http://ids.clld.org/values/4-200-209-1>		"mrāc"@xto	
"kadɔ́p"@cbn	<http://ids.clld.org/values/4-200-829-1>		<http://ids.clld.org/parameters/4-200>		<http://ids.clld.org/values/4-200-209-3>		"lap"@xto	
"pâ:ʔ"@cbn	<http://ids.clld.org/values/9-110-829-1>		<http://ids.clld.org/parameters/9-110>		<http://ids.clld.org/values/9-110-209-1>		"yām-/ypa-/ya-"@xto	
"kadáh"@cbn	<http://ids.clld.org/values/11-240-829-1>		<http://ids.clld.org/parameters/11-240>		<http://ids.clld.org/values/11-240-209-1>		"pās-"@xto	
"phuək phéh"@cbn	<http://ids.clld.org/values/2-950-829-1>		<http://ids.clld.org/parameters/2-950>		<http://ids.clld.org/values/2-950-209-1>		"yas"@xto	
"hî:"@cbn	<http://ids.clld.org/values/7-120-829-1>		<http://ids.clld.org/parameters/7-120>		<http://ids.clld.org/values/7-120-209-1>		"waṣt"@xto	
"plɨ̂:m n̄ûm (T+N)"@cbn	<http://ids.clld.org/values/16-480-829-1>		<http://ids.clld.org/parameters/16-480>		<http://ids.clld.org/values/16-480-209-1>		"āmāṃ"@xto	
"(dô:ŋ thɔŋ) phanow"@cbn	<http://ids.clld.org/values/17-660-829-1>		<http://ids.clld.org/parameters/17-660>		<http://ids.clld.org/values/17-660-209-1>		"äntanne"@xto	
"rî:n (T)"@cbn	<http://ids.clld.org/values/9-350-829-1>		<http://ids.clld.org/parameters/9-350>		<http://ids.clld.org/values/9-350-209-1>		"ku-"@xto	
"tahâj"@cbn	<http://ids.clld.org/values/1-610-829-1>		<http://ids.clld.org/parameters/1-610>		<http://ids.clld.org/values/1-610-209-1>		"lkäś"@xto	
"pakuh"@cbn	<http://ids.clld.org/values/10-380-829-1>		<http://ids.clld.org/parameters/10-380>		<http://ids.clld.org/values/10-380-209-1>		"pis-"@xto	
"chîm"@cbn	<http://ids.clld.org/values/4-150-829-1>		<http://ids.clld.org/parameters/4-150>		<http://ids.clld.org/values/4-150-209-1>		"ysār"@xto	
"chɔ́h"@cbn	<http://ids.clld.org/values/9-161-829-1>		<http://ids.clld.org/parameters/9-161>		<http://ids.clld.org/values/9-161-209-1>		"tärk-"@xto	
"paphraw"@cbn	<http://ids.clld.org/values/2-220-829-1>		<http://ids.clld.org/parameters/2-220>		<http://ids.clld.org/values/2-220-209-3>		"kùli"@xto	
"paphraw"@cbn	<http://ids.clld.org/values/2-220-829-1>		<http://ids.clld.org/parameters/2-220>		<http://ids.clld.org/values/2-220-209-1>		"śäṃ"@xto	
"taphɔ́k"@cbn	<http://ids.clld.org/values/12-930-829-1>		<http://ids.clld.org/parameters/12-930>		<http://ids.clld.org/values/12-930-209-1>		"lutk-"@xto	
"patîn̄"@cbn	<http://ids.clld.org/values/1-840-829-1>		<http://ids.clld.org/parameters/1-840>		<http://ids.clld.org/values/1-840-209-1>		"twe"@xto	
"patîn̄"@cbn	<http://ids.clld.org/values/1-840-829-1>		<http://ids.clld.org/parameters/1-840>		<http://ids.clld.org/values/1-840-209-3>		"tor"@xto	
"tɔ:n naŋ rɛ́h"@cbn	<http://ids.clld.org/values/14-440-829-1>		<http://ids.clld.org/parameters/14-440>		<http://ids.clld.org/values/14-440-209-1>		"ksär"@xto	
"pû:c"@cbn	<http://ids.clld.org/values/9-223-829-5>		<http://ids.clld.org/parameters/9-223>		<http://ids.clld.org/values/9-223-209-1>		"tsop-"@xto	
"kəlʔâ:k"@cbn	<http://ids.clld.org/values/3-593-829-1>		<http://ids.clld.org/parameters/3-593>		<http://ids.clld.org/values/3-593-209-1>		"sukrāṃ"@xto	
"tháp thə:n / pâl = mix"@cbn	<http://ids.clld.org/values/12-213-829-1>		<http://ids.clld.org/parameters/12-213>		<http://ids.clld.org/values/12-213-209-1>		"krop-"@xto	
"khajâ:l"@cbn	<http://ids.clld.org/values/1-720-829-1>		<http://ids.clld.org/parameters/1-720>		<http://ids.clld.org/values/1-720-209-1>		"want"@xto	
"ʔɨntâ:l tʌ̂j"@cbn	<http://ids.clld.org/values/4-331-829-1>		<http://ids.clld.org/parameters/4-331>		<http://ids.clld.org/values/4-331-209-1>		"āle"@xto	
"phaʔ"@cbn	<http://ids.clld.org/values/2-350-829-1>		<http://ids.clld.org/parameters/2-350>		<http://ids.clld.org/values/2-350-209-1>		"pācar"@xto	
"kuən kuə̂n truč trûč"@cbn	<http://ids.clld.org/values/2-250-829-1>		<http://ids.clld.org/parameters/2-250>		<http://ids.clld.org/values/2-250-209-1>		"śom"@xto	
"khɛ́c"@cbn	<http://ids.clld.org/values/21-510-829-1>		<http://ids.clld.org/parameters/21-510>		<http://ids.clld.org/values/21-510-209-1>		"kärk-"@xto	
"khô:ŋ (T)"@cbn	<http://ids.clld.org/values/9-140-829-1>		<http://ids.clld.org/parameters/9-140>		<http://ids.clld.org/values/9-140-209-1>		"näm-"@xto	
"kalîn̄"@cbn	<http://ids.clld.org/values/5-790-829-1>		<http://ids.clld.org/parameters/5-790>		<http://ids.clld.org/values/5-790-209-1>		"ṣälyp"@xto	
"chaŋ ʔɨŋkrɔ̂:m"@cbn	<http://ids.clld.org/values/12-480-829-1>		<http://ids.clld.org/parameters/12-480>		<http://ids.clld.org/values/12-480-209-1>		"mäcriṃ (?)"@xto	
"ʔɨnlîəm"@cbn	<http://ids.clld.org/values/4-344-829-1>		<http://ids.clld.org/parameters/4-344>		<http://ids.clld.org/values/4-344-209-1>		"maku"@xto	
"hnɛ̂:c"@cbn	<http://ids.clld.org/values/12-560-829-1>		<http://ids.clld.org/parameters/12-560>		<http://ids.clld.org/values/12-560-209-1>		"lykäly"@xto	
"khrap"@cbn	<http://ids.clld.org/values/8-311-829-1>		<http://ids.clld.org/parameters/8-311>		<http://ids.clld.org/values/8-311-209-1>		"sārm"@xto	
"ʔɨŋkhɨ̂n"@cbn	<http://ids.clld.org/values/10-610-829-1>		<http://ids.clld.org/parameters/10-610>		<http://ids.clld.org/values/10-610-209-1>		"pär-"@xto	
"khrʌ̂ŋ kwa: (T+N)"@cbn	<http://ids.clld.org/values/13-160-829-1>		<http://ids.clld.org/parameters/13-160>		<http://ids.clld.org/values/13-160-209-1>		"ṣokyo"@xto	
"khrʌ̂ŋ kwa: (T+N)"@cbn	<http://ids.clld.org/values/13-160-829-1>		<http://ids.clld.org/parameters/13-160>		<http://ids.clld.org/values/13-160-209-3>		"lyutār"@xto	
"pachâ:ŋ"@cbn	<http://ids.clld.org/values/15-440-829-1>		<http://ids.clld.org/parameters/15-440>		<http://ids.clld.org/values/15-440-209-1>		"waśeṃ"@xto	
"tâŋ n̄ûm (T+N)"@cbn	<http://ids.clld.org/values/17-110-829-1>		<http://ids.clld.org/parameters/17-110>		<http://ids.clld.org/values/17-110-209-1>		"pältsäk"@xto	
"tɔ́h"@cbn	<http://ids.clld.org/values/4-410-829-1>		<http://ids.clld.org/parameters/4-410>		<http://ids.clld.org/values/4-410-209-1>		"päśśäṃ"@xto	
"taphô:n"@cbn	<http://ids.clld.org/values/18-720-829-1>		<http://ids.clld.org/parameters/18-720>		<http://ids.clld.org/values/18-720-209-1>		"kumpäc"@xto	
"pâ:ʔ hŋâ:n"@cbn	<http://ids.clld.org/values/9-120-829-1>		<http://ids.clld.org/parameters/9-120>		<http://ids.clld.org/values/9-120-209-1>		"wles-"@xto	
"cakɔ̂n"@cbn	<http://ids.clld.org/values/12-530-829-3>		<http://ids.clld.org/parameters/12-530>		<http://ids.clld.org/values/12-530-209-1>		"śamantär"@xto	
"cakɔ̂n"@cbn	<http://ids.clld.org/values/12-530-829-3>		<http://ids.clld.org/parameters/12-530>		<http://ids.clld.org/values/12-530-209-3>		"tsäm-"@xto	
"kuən kûən paphraw"@cbn	<http://ids.clld.org/values/2-260-829-1>		<http://ids.clld.org/parameters/2-260>		<http://ids.clld.org/values/2-260-209-1>		"śomiṃ"@xto	
"bucha: (T)"@cbn	<http://ids.clld.org/values/22-160-829-1>		<http://ids.clld.org/parameters/22-160>		<http://ids.clld.org/values/22-160-209-1>		"winās-"@xto	
"chaʔâ:p"@cbn	<http://ids.clld.org/values/4-520-829-1>		<http://ids.clld.org/parameters/4-520>		<http://ids.clld.org/values/4-520-209-1>		"śew-"@xto	
"chatce:n (T)"@cbn	<http://ids.clld.org/values/17-340-829-1>		<http://ids.clld.org/parameters/17-340>		<http://ids.clld.org/values/17-340-209-1>		"āṣtär"@xto	
"kadîən kamát"@cbn	<http://ids.clld.org/values/1-860-829-1>		<http://ids.clld.org/parameters/1-860>		<http://ids.clld.org/values/1-860-209-1>		"tu-"@xto	
"(thɛh) ʔan"@cbn	<http://ids.clld.org/values/13-230-829-1>		<http://ids.clld.org/parameters/13-230>		<http://ids.clld.org/values/13-230-209-1>		"pāk"@xto	
"phrâj"@cbn	<http://ids.clld.org/values/1-750-829-1>		<http://ids.clld.org/parameters/1-750>		<http://ids.clld.org/values/1-750-209-1>		"swase"@xto	
"thôw"@cbn	<http://ids.clld.org/values/10-510-829-1>		<http://ids.clld.org/parameters/10-510>		<http://ids.clld.org/values/10-510-209-1>		"mlusk-"@xto	
"tɔ:n naŋ hâ:p"@cbn	<http://ids.clld.org/values/14-430-829-1>		<http://ids.clld.org/parameters/14-430>		<http://ids.clld.org/values/14-430-209-1>		"koṃ-pärkānt"@xto	
"(nâ:) hmat"@cbn	<http://ids.clld.org/values/4-204-829-1>		<http://ids.clld.org/parameters/4-204>		<http://ids.clld.org/values/4-204-209-1>		"ak-mal"@xto	
"hmɛ:ʔ"@cbn	<http://ids.clld.org/values/2-360-829-1>		<http://ids.clld.org/parameters/2-360>		<http://ids.clld.org/values/2-360-209-1>		"mācar"@xto	
"khɔ̂:ŋ lɨə (T)"@cbn	<http://ids.clld.org/values/12-170-829-1>		<http://ids.clld.org/parameters/12-170>		<http://ids.clld.org/values/12-170-209-1>		"lyipär"@xto	
"plî:w kámát"@cbn	<http://ids.clld.org/values/1-820-829-1>		<http://ids.clld.org/parameters/1-820>		<http://ids.clld.org/values/1-820-209-1>		"slam"@xto	
"phro:k n̄ûm"@cbn	<http://ids.clld.org/values/16-320-829-1>		<http://ids.clld.org/parameters/16-320>		<http://ids.clld.org/values/16-320-209-1>		"śurām"@xto	
"khrʌp"@cbn	<http://ids.clld.org/values/1-410-829-1>		<http://ids.clld.org/parameters/1-410>		<http://ids.clld.org/values/1-410-209-1>		"kārāś"@xto	
"chamû:r"@cbn	<http://ids.clld.org/values/10-150-829-3>		<http://ids.clld.org/parameters/10-150>		<http://ids.clld.org/values/10-150-209-1>		"spārtw-"@xto	
"(duəŋ) tahâj"@cbn	<http://ids.clld.org/values/1-520-829-1>		<http://ids.clld.org/parameters/1-520>		<http://ids.clld.org/values/1-520-209-1>		"koṃ"@xto	
"cê:c"@cbn	<http://ids.clld.org/values/12-232-829-1>		<http://ids.clld.org/parameters/12-232>		<http://ids.clld.org/values/12-232-209-1>		"putk-"@xto	
"khrə̂:m"@cbn	<http://ids.clld.org/values/18-440-829-1>		<http://ids.clld.org/parameters/18-440>		<http://ids.clld.org/values/18-440-209-1>		"nu-"@xto	
"ʔî:k muəj tɔ:ŋ (T+N)"@cbn	<http://ids.clld.org/values/14-350-829-1>		<http://ids.clld.org/parameters/14-350>		<http://ids.clld.org/values/14-350-209-1>		"nuṃ"@xto	
"chû: khâ:n"@cbn	<http://ids.clld.org/values/7-560-829-1>		<http://ids.clld.org/parameters/7-560>		<http://ids.clld.org/values/7-560-209-1>		"asäl"@xto	
"hlu.ʔ ʔɨneî:ʔ pɔ:ŋ ʔɨneî:ʔ"@cbn	<http://ids.clld.org/values/2-810-829-1>		<http://ids.clld.org/parameters/2-810>		<http://ids.clld.org/values/2-810-209-1>		"ṣɲaṣṣeɲ"@xto	
"hwaʔ"@cbn	<http://ids.clld.org/values/16-450-829-1>		<http://ids.clld.org/parameters/16-450>		<http://ids.clld.org/values/16-450-209-1>		"kip"@xto	
"phɛ:n tî:"@cbn	<http://ids.clld.org/values/1-260-829-1>		<http://ids.clld.org/parameters/1-260>		<http://ids.clld.org/values/1-260-209-1>		"śoṃ"@xto	
"nû:j phit"@cbn	<http://ids.clld.org/values/4-890-829-1>		<http://ids.clld.org/parameters/4-890>		<http://ids.clld.org/values/4-890-209-1>		"wäs"@xto	
"(rakha:) thaw má:ʔ"@cbn	<http://ids.clld.org/values/17-620-829-1>		<http://ids.clld.org/parameters/17-620>		<http://ids.clld.org/values/17-620-209-1>		"kos"@xto	
"khaj kalîn̄"@cbn	<http://ids.clld.org/values/5-791-829-1>		<http://ids.clld.org/parameters/5-791>		<http://ids.clld.org/values/5-791-209-1>		"ṣälyp"@xto	
"câ:ʔ ʔɨncáh"@cbn	<http://ids.clld.org/values/16-440-829-1>		<http://ids.clld.org/parameters/16-440>		<http://ids.clld.org/values/16-440-209-1>		"eṃts"@xto	
"tɨ̂n"@cbn	<http://ids.clld.org/values/10-210-829-1>		<http://ids.clld.org/parameters/10-210>		<http://ids.clld.org/values/10-210-209-3>		"pärk-"@xto	
"tɨ̂n"@cbn	<http://ids.clld.org/values/10-210-829-1>		<http://ids.clld.org/parameters/10-210>		<http://ids.clld.org/values/10-210-209-1>		"kātk-"@xto	
"hnɔ̂:m khwa:m súk (N+T)"@cbn	<http://ids.clld.org/values/16-230-829-1>		<http://ids.clld.org/parameters/16-230>		<http://ids.clld.org/values/16-230-209-1>		"tsārwo"@xto	
"pakâ:c"@cbn	<http://ids.clld.org/values/1-540-829-1>		<http://ids.clld.org/parameters/1-540>		<http://ids.clld.org/values/1-540-209-1>		"śre-"@xto	
"panûl"@cbn	<http://ids.clld.org/values/11-640-829-1>		<http://ids.clld.org/parameters/11-640>		<http://ids.clld.org/values/11-640-209-1>		"pare"@xto	
"chɔ̂:k"@cbn	<http://ids.clld.org/values/4-144-829-1>		<http://ids.clld.org/parameters/4-144>		<http://ids.clld.org/values/4-144-209-1>		"yok"@xto	
"tî:"@cbn	<http://ids.clld.org/values/1-212-829-1>		<http://ids.clld.org/parameters/1-212>		<http://ids.clld.org/values/1-212-209-1>		"tkaṃ"@xto	
"ba: chûəj"@cbn	<http://ids.clld.org/values/13-104-829-1>		<http://ids.clld.org/parameters/13-104>		<http://ids.clld.org/values/13-104-209-1>		"wiki"@xto	
"thaŋ ʔʌ́t"@cbn	<http://ids.clld.org/values/13-140-829-1>		<http://ids.clld.org/parameters/13-140>		<http://ids.clld.org/values/13-140-209-1>		"pont-"@xto	
"woŋ klɔ̂m (T)"@cbn	<http://ids.clld.org/values/12-820-829-1>		<http://ids.clld.org/parameters/12-820>		<http://ids.clld.org/values/12-820-209-1>		"sark"@xto	
"thamó:ʔ"@cbn	<http://ids.clld.org/values/15-420-829-1>		<http://ids.clld.org/parameters/15-420>		<http://ids.clld.org/values/15-420-209-1>		"klyos-"@xto	
"chanun"@cbn	<http://ids.clld.org/values/10-710-829-3>		<http://ids.clld.org/parameters/10-710>		<http://ids.clld.org/values/10-710-209-1>		"ṣont"@xto	
"chî:ŋ"@cbn	<http://ids.clld.org/values/6-350-829-1>		<http://ids.clld.org/parameters/6-350>		<http://ids.clld.org/values/6-350-209-1>		"su-"@xto	
"(pâ:ʔ) ja:ŋ hâ:n"@cbn	<http://ids.clld.org/values/17-610-829-1>		<http://ids.clld.org/parameters/17-610>		<http://ids.clld.org/values/17-610-209-1>		"mänt"@xto	
"khuh chadɨ̂m"@cbn	<http://ids.clld.org/values/17-220-829-1>		<http://ids.clld.org/parameters/17-220>		<http://ids.clld.org/values/17-220-209-1>		"āknats"@xto	
"cakáč"@cbn	<http://ids.clld.org/values/15-840-829-1>		<http://ids.clld.org/parameters/15-840>		<http://ids.clld.org/values/15-840-209-1>		"āsar"@xto	
"khrap chrô:"@cbn	<http://ids.clld.org/values/8-420-829-1>		<http://ids.clld.org/parameters/8-420>		<http://ids.clld.org/values/8-420-209-1>		"wsār"@xto	
"lu:c"@cbn	<http://ids.clld.org/values/16-740-829-1>		<http://ids.clld.org/parameters/16-740>		<http://ids.clld.org/values/16-740-209-1>		"[appärmāt]"@xto	
"blɨk"@cbn	<http://ids.clld.org/values/9-270-829-3>		<http://ids.clld.org/parameters/9-270>		<http://ids.clld.org/values/9-270-209-3>		"kaut-"@xto	
"blɨk"@cbn	<http://ids.clld.org/values/9-270-829-3>		<http://ids.clld.org/parameters/9-270>		<http://ids.clld.org/values/9-270-209-5>		"kot-"@xto	
"blɨk"@cbn	<http://ids.clld.org/values/9-270-829-3>		<http://ids.clld.org/parameters/9-270>		<http://ids.clld.org/values/9-270-209-1>		"wāk-"@xto	
"prɔh"@cbn	<http://ids.clld.org/values/8-310-829-3>		<http://ids.clld.org/parameters/8-310>		<http://ids.clld.org/values/8-310-209-1>		"kät-"@xto	
"(ʔɔ̂:) cha:mó:ʔ"@cbn	<http://ids.clld.org/values/17-640-829-1>		<http://ids.clld.org/parameters/17-640>		<http://ids.clld.org/values/17-640-209-1>		"kus"@xto	
"jɔ:ŋ thuat pe:n̄  thuat"@cbn	<http://ids.clld.org/values/2-560-829-1>		<http://ids.clld.org/parameters/2-560>		<http://ids.clld.org/values/2-560-209-1>		"āp"@xto	
"bɔ́k (kho:ʔ)"@cbn	<http://ids.clld.org/values/16-620-829-1>		<http://ids.clld.org/parameters/16-620>		<http://ids.clld.org/values/16-620-209-1>		"yoke"@xto	
"bít"@cbn	<http://ids.clld.org/values/9-343-829-1>		<http://ids.clld.org/parameters/9-343>		<http://ids.clld.org/values/9-343-209-1>		"malyw-"@xto	
"bít"@cbn	<http://ids.clld.org/values/9-343-829-1>		<http://ids.clld.org/parameters/9-343>		<http://ids.clld.org/values/9-343-209-3>		"wnisk-"@xto	
"phrû:j"@cbn	<http://ids.clld.org/values/6-940-829-1>		<http://ids.clld.org/parameters/6-940>		<http://ids.clld.org/values/6-940-209-1>		"ṣälyp"@xto	
"phraw"@cbn	<http://ids.clld.org/values/2-320-829-1>		<http://ids.clld.org/parameters/2-320>		<http://ids.clld.org/values/2-320-209-1>		"śäṃ"@xto	
"dúkhâj"@cbn	<http://ids.clld.org/values/14-310-829-1>		<http://ids.clld.org/parameters/14-310>		<http://ids.clld.org/values/14-310-209-1>		"skam"@xto	
"chûəŋ"@cbn	<http://ids.clld.org/values/9-250-829-1>		<http://ids.clld.org/parameters/9-250>		<http://ids.clld.org/values/9-250-209-1>		"[porat]"@xto	
"khrɔ:pkhruə (T)"@cbn	<http://ids.clld.org/values/2-820-829-1>		<http://ids.clld.org/parameters/2-820>		<http://ids.clld.org/values/2-820-209-1>		"[kotär]"@xto	
"nɔ̂:m"@cbn	<http://ids.clld.org/values/11-510-829-1>		<http://ids.clld.org/parameters/11-510>		<http://ids.clld.org/values/11-510-209-1>		"śāt"@xto	
"nɔ̂:m"@cbn	<http://ids.clld.org/values/11-510-829-1>		<http://ids.clld.org/parameters/11-510>		<http://ids.clld.org/values/11-510-209-3>		"niṣpalntu"@xto	
"thɔ:ŋ kham (T)"@cbn	<http://ids.clld.org/values/9-640-829-1>		<http://ids.clld.org/parameters/9-640>		<http://ids.clld.org/values/9-640-209-1>		"wäs"@xto	
"phɔ̂ŋ"@cbn	<http://ids.clld.org/values/1-213-829-1>		<http://ids.clld.org/parameters/1-213>		<http://ids.clld.org/values/1-213-209-3>		"tor"@xto	
"phɔ̂ŋ"@cbn	<http://ids.clld.org/values/1-213-829-1>		<http://ids.clld.org/parameters/1-213>		<http://ids.clld.org/values/1-213-209-1>		"twe"@xto	
"thu:l"@cbn	<http://ids.clld.org/values/14-270-829-1>		<http://ids.clld.org/parameters/14-270>		<http://ids.clld.org/values/14-270-209-1>		"ār- (?)"@xto	
"khu:l"@cbn	<http://ids.clld.org/values/9-221-829-1>		<http://ids.clld.org/parameters/9-221>		<http://ids.clld.org/values/9-221-209-1>		"kärṣt-"@xto	
"pâ:k"@cbn	<http://ids.clld.org/values/9-260-829-1>		<http://ids.clld.org/parameters/9-260>		<http://ids.clld.org/values/9-260-209-1>		"kot-"@xto	
"khanâ:"@cbn	<http://ids.clld.org/values/13-190-829-1>		<http://ids.clld.org/parameters/13-190>		<http://ids.clld.org/values/13-190-209-1>		"krop"@xto	
"pacha:ŋ ja:m"@cbn	<http://ids.clld.org/values/18-110-829-1>		<http://ids.clld.org/parameters/18-110>		<http://ids.clld.org/values/18-110-209-3>		"wak"@xto	
"pacha:ŋ ja:m"@cbn	<http://ids.clld.org/values/18-110-829-1>		<http://ids.clld.org/parameters/18-110>		<http://ids.clld.org/values/18-110-209-1>		"waśeṃ"@xto	
"ʔɨntû:"@cbn	<http://ids.clld.org/values/14-780-829-1>		<http://ids.clld.org/parameters/14-780>		<http://ids.clld.org/values/14-780-209-1>		"praṣt"@xto	
"kamát"@cbn	<http://ids.clld.org/values/1-810-829-1>		<http://ids.clld.org/parameters/1-810>		<http://ids.clld.org/values/1-810-209-1>		"por"@xto	
"lâ:ŋ (T)"@cbn	<http://ids.clld.org/values/9-360-829-1>		<http://ids.clld.org/parameters/9-360>		<http://ids.clld.org/values/9-360-209-1>		"lik-"@xto	
"kathɨn"@cbn	<http://ids.clld.org/values/1-620-829-1>		<http://ids.clld.org/parameters/1-620>		<http://ids.clld.org/values/1-620-209-1>		"orkäm"@xto	
"ʔatô:"@cbn	<http://ids.clld.org/values/12-550-829-1>		<http://ids.clld.org/parameters/12-550>		<http://ids.clld.org/values/12-550-209-3>		"śāwe"@xto	
"ʔatô:"@cbn	<http://ids.clld.org/values/12-550-829-1>		<http://ids.clld.org/parameters/12-550>		<http://ids.clld.org/values/12-550-209-1>		"tsopats"@xto	
"pachu:ʔ"@cbn	<http://ids.clld.org/values/14-150-829-1>		<http://ids.clld.org/parameters/14-150>		<http://ids.clld.org/values/14-150-209-1>		"mokone"@xto	
"panʔû:"@cbn	<http://ids.clld.org/values/18-130-829-1>		<http://ids.clld.org/parameters/18-130>		<http://ids.clld.org/values/18-130-209-1>		"nu-"@xto	
"paníh"@cbn	<http://ids.clld.org/values/2-100-829-1>		<http://ids.clld.org/parameters/2-100>		<http://ids.clld.org/values/2-100-209-1>		"napeṃ"@xto	
"hrɔp"@cbn	<http://ids.clld.org/values/19-620-829-1>		<http://ids.clld.org/parameters/19-620>		<http://ids.clld.org/values/19-620-209-1>		"kùɲaś"@xto	
"pachâ:"@cbn	<http://ids.clld.org/values/18-240-829-1>		<http://ids.clld.org/parameters/18-240>		<http://ids.clld.org/values/18-240-209-1>		"käntu"@xto	
"khalɛ́ʔ"@cbn	<http://ids.clld.org/values/16-720-829-1>		<http://ids.clld.org/parameters/16-720>		<http://ids.clld.org/values/16-720-209-3>		"omäskeṃ"@xto	
"khalɛ́ʔ"@cbn	<http://ids.clld.org/values/16-720-829-1>		<http://ids.clld.org/parameters/16-720>		<http://ids.clld.org/values/16-720-209-1>		"umpar"@xto	
"tɔ:n ʔɔ̂:"@cbn	<http://ids.clld.org/values/14-180-829-1>		<http://ids.clld.org/parameters/14-180>		<http://ids.clld.org/values/14-180-209-1>		"tāpärk"@xto	
"khit"@cbn	<http://ids.clld.org/values/17-140-829-1>		<http://ids.clld.org/parameters/17-140>		<http://ids.clld.org/values/17-140-209-1>		"päl(t)sk-"@xto	
"kadɔ́p ʔɨntâ:"@cbn	<http://ids.clld.org/values/19-240-829-1>		<http://ids.clld.org/parameters/19-240>		<http://ids.clld.org/values/19-240-209-1>		"nātäk"@xto	
"dâ:k tɔ́h"@cbn	<http://ids.clld.org/values/5-860-829-1>		<http://ids.clld.org/parameters/5-860>		<http://ids.clld.org/values/5-860-209-1>		"malke"@xto	
"cɛ̂:ŋ (T)"@cbn	<http://ids.clld.org/values/15-560-829-1>		<http://ids.clld.org/parameters/15-560>		<http://ids.clld.org/values/15-560-209-1>		"pälk-"@xto	
"ten hram (T)"@cbn	<http://ids.clld.org/values/10-440-829-1>		<http://ids.clld.org/parameters/10-440>		<http://ids.clld.org/values/10-440-209-1>		"tsip-"@xto	
"wela: ja:m"@cbn	<http://ids.clld.org/values/14-110-829-1>		<http://ids.clld.org/parameters/14-110>		<http://ids.clld.org/values/14-110-209-1>		"praṣt"@xto	
"phro:k n̄ûm"@cbn	<http://ids.clld.org/values/16-340-829-1>		<http://ids.clld.org/parameters/16-340>		<http://ids.clld.org/values/16-340-209-1>		"śur-"@xto	
"phaníh khuh thah cakɔ̂:"@cbn	<http://ids.clld.org/values/19-520-829-1>		<http://ids.clld.org/parameters/19-520>		<http://ids.clld.org/values/19-520-209-3>		"yäsluɲcas"@xto	
"phaníh khuh thah cakɔ̂:"@cbn	<http://ids.clld.org/values/19-520-829-1>		<http://ids.clld.org/parameters/19-520>		<http://ids.clld.org/values/19-520-209-1>		"yäslu"@xto	
"chíp"@cbn	<http://ids.clld.org/values/10-491-829-1>		<http://ids.clld.org/parameters/10-491>		<http://ids.clld.org/values/10-491-209-1>		"nut-"@xto	
"chíp"@cbn	<http://ids.clld.org/values/10-491-829-1>		<http://ids.clld.org/parameters/10-491>		<http://ids.clld.org/values/10-491-209-3>		"spärk-"@xto	
"tɔ:n ʔɔ̂:"@cbn	<http://ids.clld.org/values/14-190-829-1>		<http://ids.clld.org/parameters/14-190>		<http://ids.clld.org/values/14-190-209-3>		"ātukek (?)"@xto	
"tɔ:n ʔɔ̂:"@cbn	<http://ids.clld.org/values/14-190-829-1>		<http://ids.clld.org/parameters/14-190>		<http://ids.clld.org/values/14-190-209-1>		"śkā"@xto	
"kûl"@cbn	<http://ids.clld.org/values/11-210-829-1>		<http://ids.clld.org/parameters/11-210>		<http://ids.clld.org/values/11-210-209-1>		"e-"@xto	
"lo:ŋ"@cbn	<http://ids.clld.org/values/14-240-829-1>		<http://ids.clld.org/parameters/14-240>		<http://ids.clld.org/values/14-240-209-1>		"tänk-"@xto	
"ʔɨŋkha:ŋ"@cbn	<http://ids.clld.org/values/12-360-829-1>		<http://ids.clld.org/parameters/12-360>		<http://ids.clld.org/values/12-360-209-1>		"poṣi"@xto	
"hnâm"@cbn	<http://ids.clld.org/values/7-130-829-1>		<http://ids.clld.org/parameters/7-130>		<http://ids.clld.org/values/7-130-209-1>		"yṣitstse (?)"@xto	
"câ:ʔ"@cbn	<http://ids.clld.org/values/5-110-829-1>		<http://ids.clld.org/parameters/5-110>		<http://ids.clld.org/values/5-110-209-1>		"śu- ~ śuwā-"@xto	
"phaníh plɛ:k hmat"@cbn	<http://ids.clld.org/values/19-550-829-1>		<http://ids.clld.org/parameters/19-550>		<http://ids.clld.org/values/19-550-209-1>		"lokit"@xto	
"pin̄"@cbn	<http://ids.clld.org/values/13-210-829-1>		<http://ids.clld.org/parameters/13-210>		<http://ids.clld.org/values/13-210-209-1>		"ypic"@xto	
"phéh"@cbn	<http://ids.clld.org/values/2-920-829-1>		<http://ids.clld.org/parameters/2-920>		<http://ids.clld.org/values/2-920-209-1>		"tu"@xto	
"pit (ʔɨmlâŋ) (T)"@cbn	<http://ids.clld.org/values/12-250-829-1>		<http://ids.clld.org/parameters/12-250>		<http://ids.clld.org/values/12-250-209-1>		"prutk-"@xto	
"thale: (T)"@cbn	<http://ids.clld.org/values/1-320-829-1>		<http://ids.clld.org/parameters/1-320>		<http://ids.clld.org/values/1-320-209-1>		"lyäm"@xto	
"carîh"@cbn	<http://ids.clld.org/values/4-400-829-1>		<http://ids.clld.org/parameters/4-400>		<http://ids.clld.org/values/4-400-209-1>		"pratsak"@xto	
"khadáh"@cbn	<http://ids.clld.org/values/15-520-829-1>		<http://ids.clld.org/parameters/15-520>		<http://ids.clld.org/values/15-520-209-1>		"läk-"@xto	
"lótcha:t (T)"@cbn	<http://ids.clld.org/values/15-310-829-1>		<http://ids.clld.org/parameters/15-310>		<http://ids.clld.org/values/15-310-209-1>		"śuk"@xto	
"kacɔ́k (T)"@cbn	<http://ids.clld.org/values/6-960-829-1>		<http://ids.clld.org/parameters/6-960>		<http://ids.clld.org/values/6-960-209-1>		"tāpaki"@xto	
"tʌ̂l"@cbn	<http://ids.clld.org/values/8-531-829-1>		<http://ids.clld.org/parameters/8-531>		<http://ids.clld.org/values/8-531-209-1>		"sāry-"@xto	
"thup bɔh"@cbn	<http://ids.clld.org/values/11-270-829-1>		<http://ids.clld.org/parameters/11-270>		<http://ids.clld.org/values/11-270-209-1>		"näk-"@xto	
"katûər"@cbn	<http://ids.clld.org/values/4-220-829-1>		<http://ids.clld.org/parameters/4-220>		<http://ids.clld.org/values/4-220-209-1>		"klots"@xto	
"krɨkkrɔ̂:ŋ (T)"@cbn	<http://ids.clld.org/values/17-130-829-1>		<http://ids.clld.org/parameters/17-130>		<http://ids.clld.org/values/17-130-209-1>		"päl(t)sk-"@xto	
"ʔɨnɨû:"@cbn	<http://ids.clld.org/values/1-530-829-1>		<http://ids.clld.org/parameters/1-530>		<http://ids.clld.org/values/1-530-209-1>		"maɲ"@xto	
"ʔa:r trôw"@cbn	<http://ids.clld.org/values/10-490-829-1>		<http://ids.clld.org/parameters/10-490>		<http://ids.clld.org/values/10-490-209-1>		"lit-"@xto	
"cač ba:r"@cbn	<http://ids.clld.org/values/13-102-829-1>		<http://ids.clld.org/parameters/13-102>		<http://ids.clld.org/values/13-102-209-1>		"śäk-we-pi"@xto	
"lamûm lamu:j"@cbn	<http://ids.clld.org/values/15-750-829-1>		<http://ids.clld.org/parameters/15-750>		<http://ids.clld.org/values/15-750-209-1>		"wl(y)ep"@xto	
"ʔɨntû: kataw"@cbn	<http://ids.clld.org/values/14-760-829-1>		<http://ids.clld.org/parameters/14-760>		<http://ids.clld.org/values/14-760-209-1>		"ṣme"@xto	
"páč pachɔ̂m (N+T)"@cbn	<http://ids.clld.org/values/12-210-829-1>		<http://ids.clld.org/parameters/12-210>		<http://ids.clld.org/values/12-210-209-1>		"krop-"@xto	
"khlî:n̄"@cbn	<http://ids.clld.org/values/12-570-829-1>		<http://ids.clld.org/parameters/12-570>		<http://ids.clld.org/values/12-570-209-3>		"aryu"@xto	
"khlî:n̄"@cbn	<http://ids.clld.org/values/12-570-829-1>		<http://ids.clld.org/parameters/12-570>		<http://ids.clld.org/values/12-570-209-1>		"pärkär"@xto	
"(nɔ̂:m) chə:n"@cbn	<http://ids.clld.org/values/13-181-829-1>		<http://ids.clld.org/parameters/13-181>		<http://ids.clld.org/values/13-181-209-1>		"some"@xto	
"katáh pɛ̂p"@cbn	<http://ids.clld.org/values/1-570-829-1>		<http://ids.clld.org/parameters/1-570>		<http://ids.clld.org/values/1-570-209-1>		"[vājär]"@xto	
"kri:ŋ"@cbn	<http://ids.clld.org/values/4-810-829-1>		<http://ids.clld.org/parameters/4-810>		<http://ids.clld.org/values/4-810-209-1>		"tampe"@xto	
"chur"@cbn	<http://ids.clld.org/values/3-130-829-1>		<http://ids.clld.org/parameters/3-130>		<http://ids.clld.org/values/3-130-209-1>		"kùleɲci"@xto	
"ʔɔt thɔ̂n (T)"@cbn	<http://ids.clld.org/values/14-252-829-1>		<http://ids.clld.org/parameters/14-252>		<http://ids.clld.org/values/14-252-209-1>		"käly-"@xto	
"ʔa:r"@cbn	<http://ids.clld.org/values/10-470-829-1>		<http://ids.clld.org/parameters/10-470>		<http://ids.clld.org/values/10-470-209-5>		"kälk-"@xto	
"ʔa:r"@cbn	<http://ids.clld.org/values/10-470-829-1>		<http://ids.clld.org/parameters/10-470>		<http://ids.clld.org/values/10-470-209-1>		"i-"@xto	
"ʔa:r"@cbn	<http://ids.clld.org/values/10-470-829-1>		<http://ids.clld.org/parameters/10-470>		<http://ids.clld.org/values/10-470-209-3>		"yeṣ"@xto	
"cakáč phɔ́ʔ"@cbn	<http://ids.clld.org/values/15-840-829-2>		<http://ids.clld.org/parameters/15-840>		<http://ids.clld.org/values/15-840-209-1>		"āsar"@xto	
"jut rakhɛ́h"@cbn	<http://ids.clld.org/values/4-912-829-1>		<http://ids.clld.org/parameters/4-912>		<http://ids.clld.org/values/4-912-209-1>		"āɲu"@xto	
"hnâ:m"@cbn	<http://ids.clld.org/values/14-730-829-1>		<http://ids.clld.org/parameters/14-730>		<http://ids.clld.org/values/14-730-209-1>		"pùkäl"@xto	
"khɛ̂m (T)"@cbn	<http://ids.clld.org/values/15-630-829-1>		<http://ids.clld.org/parameters/15-630>		<http://ids.clld.org/values/15-630-209-1>		"orkäm"@xto	
"the:t hʌ (T)"@cbn	<http://ids.clld.org/values/22-220-829-1>		<http://ids.clld.org/parameters/22-220>		<http://ids.clld.org/values/22-220-209-1>		"āks-"@xto	
"lô:ŋ"@cbn	<http://ids.clld.org/values/10-480-829-1>		<http://ids.clld.org/parameters/10-480>		<http://ids.clld.org/values/10-480-209-1>		"kum-"@xto	
"tɨ́t ʔa:r"@cbn	<http://ids.clld.org/values/10-474-829-1>		<http://ids.clld.org/parameters/10-474>		<http://ids.clld.org/values/10-474-209-1>		"länt-"@xto	
"chɛ́h"@cbn	<http://ids.clld.org/values/3-410-829-1>		<http://ids.clld.org/parameters/3-410>		<http://ids.clld.org/values/3-410-209-1>		"yuk"@xto	
"câ:w (T)"@cbn	<http://ids.clld.org/values/19-320-829-1>		<http://ids.clld.org/parameters/19-320>		<http://ids.clld.org/values/19-320-209-3>		"lāṃś"@xto	
"câ:w (T)"@cbn	<http://ids.clld.org/values/19-320-829-1>		<http://ids.clld.org/parameters/19-320>		<http://ids.clld.org/values/19-320-209-1>		"wäl"@xto	
"laʔûn"@cbn	<http://ids.clld.org/values/4-820-829-1>		<http://ids.clld.org/parameters/4-820>		<http://ids.clld.org/values/4-820-209-1>		"ylār"@xto	
"cɛ́c"@cbn	<http://ids.clld.org/values/9-223-829-3>		<http://ids.clld.org/parameters/9-223>		<http://ids.clld.org/values/9-223-209-1>		"tsop-"@xto	
"chrɔ̂:"@cbn	<http://ids.clld.org/values/1-380-829-1>		<http://ids.clld.org/parameters/1-380>		<http://ids.clld.org/values/1-380-209-1>		"kärtkāl"@xto	
"kót (T)"@cbn	<http://ids.clld.org/values/9-342-829-1>		<http://ids.clld.org/parameters/9-342>		<http://ids.clld.org/values/9-342-209-1>		"kälts-"@xto	
"chɛ̂:ŋ (T)"@cbn	<http://ids.clld.org/values/16-780-829-1>		<http://ids.clld.org/parameters/16-780>		<http://ids.clld.org/values/16-780-209-1>		"nākäm"@xto	
"ʔɨntâ:k"@cbn	<http://ids.clld.org/values/4-260-829-1>		<http://ids.clld.org/parameters/4-260>		<http://ids.clld.org/values/4-260-209-1>		"käntu"@xto	
"pɔ̂l min"@cbn	<http://ids.clld.org/values/5-490-829-3>		<http://ids.clld.org/parameters/5-490>		<http://ids.clld.org/values/5-490-209-1>		"triw-"@xto	
"kamát"@cbn	<http://ids.clld.org/values/7-450-829-1>		<http://ids.clld.org/parameters/7-450>		<http://ids.clld.org/values/7-450-209-1>		"cok"@xto	
"hrap (T)"@cbn	<http://ids.clld.org/values/11-160-829-1>		<http://ids.clld.org/parameters/11-160>		<http://ids.clld.org/values/11-160-209-1>		"kälp-"@xto	
"pâ:ŋ"@cbn	<http://ids.clld.org/values/4-240-829-1>		<http://ids.clld.org/parameters/4-240>		<http://ids.clld.org/values/4-240-209-1>		"ko"@xto	
"pâ:ʔ ʔɨmpráp"@cbn	<http://ids.clld.org/values/16-670-829-3>		<http://ids.clld.org/parameters/16-670>		<http://ids.clld.org/values/16-670-209-1>		"smale"@xto	
"thanâ:j chuŋ"@cbn	<http://ids.clld.org/values/4-374-829-1>		<http://ids.clld.org/parameters/4-374>		<http://ids.clld.org/values/4-374-209-1>		"ṣik"@xto	
"lu:c"@cbn	<http://ids.clld.org/values/16-770-829-1>		<http://ids.clld.org/parameters/16-770>		<http://ids.clld.org/values/16-770-209-1>		"triślune"@xto	
"kahân"@cbn	<http://ids.clld.org/values/10-130-829-1>		<http://ids.clld.org/parameters/10-130>		<http://ids.clld.org/values/10-130-209-1>		"spārtw-"@xto	
"ʔân thi: pî:ʔ"@cbn	<http://ids.clld.org/values/13-420-829-1>		<http://ids.clld.org/parameters/13-420>		<http://ids.clld.org/values/13-420-209-1>		"trit"@xto	
"tam chû:"@cbn	<http://ids.clld.org/values/1-420-829-1>		<http://ids.clld.org/parameters/1-420>		<http://ids.clld.org/values/1-420-209-1>		"ṣtām"@xto	
"katha:ŋ (T)"@cbn	<http://ids.clld.org/values/5-330-829-3>		<http://ids.clld.org/parameters/5-330>		<http://ids.clld.org/values/5-330-209-1>		"[pātär]"@xto	
"khâ:ŋ kankrâj (T)"@cbn	<http://ids.clld.org/values/4-207-829-1>		<http://ids.clld.org/parameters/4-207>		<http://ids.clld.org/values/4-207-209-1>		"śanweṃ"@xto	
"(cowdô:ŋ) thaŋ now"@cbn	<http://ids.clld.org/values/17-650-829-1>		<http://ids.clld.org/parameters/17-650>		<http://ids.clld.org/values/17-650-209-1>		"äntāne"@xto	
"khajâ:l n̄um"@cbn	<http://ids.clld.org/values/4-510-829-1>		<http://ids.clld.org/parameters/4-510>		<http://ids.clld.org/values/4-510-209-1>		"wraseṃ"@xto	
"naŋrɛ́h"@cbn	<http://ids.clld.org/values/14-160-829-1>		<http://ids.clld.org/parameters/14-160>		<http://ids.clld.org/values/14-160-209-1>		"neṣ"@xto	
"kûr"@cbn	<http://ids.clld.org/values/1-220-829-1>		<http://ids.clld.org/parameters/1-220>		<http://ids.clld.org/values/1-220-209-1>		"ṣul"@xto	
"chû: ʔɨnchuŋ łüʌ:"@cbn	<http://ids.clld.org/values/7-560-829-3>		<http://ids.clld.org/parameters/7-560>		<http://ids.clld.org/values/7-560-209-1>		"asäl"@xto	
"hlɔ̂: kîən"@cbn	<http://ids.clld.org/values/10-750-829-1>		<http://ids.clld.org/parameters/10-750>		<http://ids.clld.org/values/10-750-209-1>		"kukäl"@xto	
"ŋiək"@cbn	<http://ids.clld.org/values/4-270-829-1>		<http://ids.clld.org/parameters/4-270>		<http://ids.clld.org/values/4-270-209-1>		"kam"@xto	
"cɔ̂n (T)"@cbn	<http://ids.clld.org/values/11-520-829-1>		<http://ids.clld.org/parameters/11-520>		<http://ids.clld.org/values/11-520-209-1>		"ekro"@xto	
"mâj"@cbn	<http://ids.clld.org/values/2-910-829-1>		<http://ids.clld.org/parameters/2-910>		<http://ids.clld.org/values/2-910-209-1>		"näṣ"@xto	
"mâj"@cbn	<http://ids.clld.org/values/2-910-829-1>		<http://ids.clld.org/parameters/2-910>		<http://ids.clld.org/values/2-910-209-3>		"ɲuk"@xto	
"khɔn chi:r"@cbn	<http://ids.clld.org/values/11-310-829-1>		<http://ids.clld.org/parameters/11-310>		<http://ids.clld.org/values/11-310-209-1>		"rit-"@xto	
"kacâ:j (T)"@cbn	<http://ids.clld.org/values/9-340-829-1>		<http://ids.clld.org/parameters/9-340>		<http://ids.clld.org/values/9-340-209-1>		"sätk-"@xto	
"kaŋɔm"@cbn	<http://ids.clld.org/values/15-851-829-3>		<http://ids.clld.org/parameters/15-851>		<http://ids.clld.org/values/15-851-209-1>		"omäl"@xto	
"thɔ̂ŋ"@cbn	<http://ids.clld.org/values/12-130-829-1>		<http://ids.clld.org/parameters/12-130>		<http://ids.clld.org/values/12-130-209-1>		"ṣäm-/ laṃ-"@xto	
"chawiʔ"@cbn	<http://ids.clld.org/values/12-420-829-1>		<http://ids.clld.org/parameters/12-420>		<http://ids.clld.org/values/12-420-209-1>		"pācyās"@xto	
"kwâ:ŋ (T)"@cbn	<http://ids.clld.org/values/12-610-829-1>		<http://ids.clld.org/parameters/12-610>		<http://ids.clld.org/values/12-610-209-1>		"wärts"@xto	
"phro:k"@cbn	<http://ids.clld.org/values/11-280-829-1>		<http://ids.clld.org/parameters/11-280>		<http://ids.clld.org/values/11-280-209-1>		"mi-"@xto	
"nɛ̂:w"@cbn	<http://ids.clld.org/values/19-230-829-1>		<http://ids.clld.org/parameters/19-230>		<http://ids.clld.org/values/19-230-209-1>		"[kotär]"@xto	
"cɔŋ"@cbn	<http://ids.clld.org/values/1-851-829-1>		<http://ids.clld.org/parameters/1-851>		<http://ids.clld.org/values/1-851-209-1>		"tsäk-"@xto	
"phɛ̂:ŋ (T)"@cbn	<http://ids.clld.org/values/11-880-829-1>		<http://ids.clld.org/parameters/11-880>		<http://ids.clld.org/values/11-880-209-1>		"kāpɲe"@xto	
"(ʔɔ́:k) phɔktâj"@cbn	<http://ids.clld.org/values/6-120-829-1>		<http://ids.clld.org/parameters/6-120>		<http://ids.clld.org/values/6-120-209-1>		"wsal"@xto	
"chaj"@cbn	<http://ids.clld.org/values/11-280-829-3>		<http://ids.clld.org/parameters/11-280>		<http://ids.clld.org/values/11-280-209-1>		"mi-"@xto	
"lahúk"@cbn	<http://ids.clld.org/values/1-214-829-1>		<http://ids.clld.org/parameters/1-214>		<http://ids.clld.org/values/1-214-209-1>		"lyom (?)"@xto	
"tabɔ̂ŋ (T)"@cbn	<http://ids.clld.org/values/20-220-829-1>		<http://ids.clld.org/parameters/20-220>		<http://ids.clld.org/values/20-220-209-1>		"ṣtop"@xto	
"khajûəl"@cbn	<http://ids.clld.org/values/9-341-829-3>		<http://ids.clld.org/parameters/9-341>		<http://ids.clld.org/values/9-341-209-1>		"länk-"@xto	
"krô:t (T)"@cbn	<http://ids.clld.org/values/16-420-829-1>		<http://ids.clld.org/parameters/16-420>		<http://ids.clld.org/values/16-420-209-1>		"tärm-"@xto	
"pacân"@cbn	<http://ids.clld.org/values/19-450-829-1>		<http://ids.clld.org/parameters/19-450>		<http://ids.clld.org/values/19-450-209-1>		"wätk-"@xto	
"pankhû:"@cbn	<http://ids.clld.org/values/19-510-829-1>		<http://ids.clld.org/parameters/19-510>		<http://ids.clld.org/values/19-510-209-1>		"naṣu"@xto	
"trôw"@cbn	<http://ids.clld.org/values/10-720-829-1>		<http://ids.clld.org/parameters/10-720>		<http://ids.clld.org/values/10-720-209-1>		"yme"@xto	
"tâ:n̄"@cbn	<http://ids.clld.org/values/6-330-829-1>		<http://ids.clld.org/parameters/6-330>		<http://ids.clld.org/values/6-330-209-1>		"wäp-"@xto	
"kuə̂n truč trûč"@cbn	<http://ids.clld.org/values/2-410-829-1>		<http://ids.clld.org/parameters/2-410>		<http://ids.clld.org/values/2-410-209-1>		"se"@xto	
"kuə̂n truč trûč"@cbn	<http://ids.clld.org/values/2-410-829-1>		<http://ids.clld.org/parameters/2-410>		<http://ids.clld.org/values/2-410-209-3>		"sewās"@xto	
"khrʌp ʔɨmphát"@cbn	<http://ids.clld.org/values/3-160-829-1>		<http://ids.clld.org/parameters/3-160>		<http://ids.clld.org/values/3-160-209-1>		"wäsri"@xto	
"hâj"@cbn	<http://ids.clld.org/values/14-410-829-1>		<http://ids.clld.org/parameters/14-410>		<http://ids.clld.org/values/14-410-209-1>		"koṃ"@xto	
"chê:c"@cbn	<http://ids.clld.org/values/9-280-829-1>		<http://ids.clld.org/parameters/9-280>		<http://ids.clld.org/values/9-280-209-1>		"kärṣt-"@xto	
"ʔɨncih"@cbn	<http://ids.clld.org/values/10-660-829-1>		<http://ids.clld.org/parameters/10-660>		<http://ids.clld.org/values/10-660-209-1>		"klānk-"@xto	
"thamɨŋ"@cbn	<http://ids.clld.org/values/15-410-829-1>		<http://ids.clld.org/parameters/15-410>		<http://ids.clld.org/values/15-410-209-1>		"klyos-"@xto	
"phlê:n̄"@cbn	<http://ids.clld.org/values/15-660-829-1>		<http://ids.clld.org/parameters/15-660>		<http://ids.clld.org/values/15-660-209-3>		"rätri"@xto	
"phlê:n̄"@cbn	<http://ids.clld.org/values/15-660-829-1>		<http://ids.clld.org/parameters/15-660>		<http://ids.clld.org/values/15-660-209-1>		"rtär"@xto	
"chadâ:c"@cbn	<http://ids.clld.org/values/15-350-829-1>		<http://ids.clld.org/parameters/15-350>		<http://ids.clld.org/values/15-350-209-1>		"swār"@xto	
"châŋ (T)"@cbn	<http://ids.clld.org/values/16-410-829-1>		<http://ids.clld.org/parameters/16-410>		<http://ids.clld.org/values/16-410-209-1>		"roɲcäm"@xto	
"châŋ (T)"@cbn	<http://ids.clld.org/values/16-410-829-1>		<http://ids.clld.org/parameters/16-410>		<http://ids.clld.org/values/16-410-209-3>		"rse"@xto	
"mat chalə̂w"@cbn	<http://ids.clld.org/values/1-550-829-1>		<http://ids.clld.org/parameters/1-550>		<http://ids.clld.org/values/1-550-209-1>		"polkāṃts"@xto	
"hmák"@cbn	<http://ids.clld.org/values/2-230-829-1>		<http://ids.clld.org/parameters/2-230>		<http://ids.clld.org/values/2-230-209-1>		"oɲi"@xto	
"ʔɨmrâŋ"@cbn	<http://ids.clld.org/values/7-220-829-1>		<http://ids.clld.org/parameters/7-220>		<http://ids.clld.org/values/7-220-209-1>		"yokäm"@xto	
"hâ:"@cbn	<http://ids.clld.org/values/20-240-829-1>		<http://ids.clld.org/parameters/20-240>		<http://ids.clld.org/values/20-240-209-1>		"aɲcäl"@xto	
"câm (T)"@cbn	<http://ids.clld.org/values/17-310-829-1>		<http://ids.clld.org/parameters/17-310>		<http://ids.clld.org/values/17-310-209-1>		"[opyac] käl-"@xto	
"kə̂:t"@cbn	<http://ids.clld.org/values/4-720-829-1>		<http://ids.clld.org/parameters/4-720>		<http://ids.clld.org/values/4-720-209-1>		"täm-"@xto	
"kachʌŋ"@cbn	<http://ids.clld.org/values/15-810-829-1>		<http://ids.clld.org/parameters/15-810>		<http://ids.clld.org/values/15-810-209-1>		"krāmärts"@xto	
"muəj phan"@cbn	<http://ids.clld.org/values/13-106-829-1>		<http://ids.clld.org/parameters/13-106>		<http://ids.clld.org/values/13-106-209-1>		"wälts"@xto	
"phuŋ"@cbn	<http://ids.clld.org/values/4-460-829-1>		<http://ids.clld.org/parameters/4-460>		<http://ids.clld.org/values/4-460-209-1>		"kāts"@xto	
"cow"@cbn	<http://ids.clld.org/values/10-481-829-2>		<http://ids.clld.org/parameters/10-481>		<http://ids.clld.org/values/10-481-209-1>		"lotk-"@xto	
"kháp (T)"@cbn	<http://ids.clld.org/values/10-650-829-2>		<http://ids.clld.org/parameters/10-650>		<http://ids.clld.org/values/10-650-209-1>		"āk-"@xto	
"cač"@cbn	<http://ids.clld.org/values/13-100-829-1>		<http://ids.clld.org/parameters/13-100>		<http://ids.clld.org/values/13-100-209-1>		"śäk"@xto	
"hɔ̂:"@cbn	<http://ids.clld.org/values/10-140-829-1>		<http://ids.clld.org/parameters/10-140>		<http://ids.clld.org/values/10-140-209-1>		"wänt-"@xto	
"lambâ:k (T)"@cbn	<http://ids.clld.org/values/17-470-829-1>		<http://ids.clld.org/parameters/17-470>		<http://ids.clld.org/values/17-470-209-1>		"māski"@xto	
"pliw"@cbn	<http://ids.clld.org/values/10-380-829-3>		<http://ids.clld.org/parameters/10-380>		<http://ids.clld.org/values/10-380-209-1>		"pis-"@xto	
"cih krɔ̂:m"@cbn	<http://ids.clld.org/values/10-473-829-1>		<http://ids.clld.org/parameters/10-473>		<http://ids.clld.org/values/10-473-209-1>		"kārp-"@xto	
"háj hlô:ŋ"@cbn	<http://ids.clld.org/values/14-170-829-1>		<http://ids.clld.org/parameters/14-170>		<http://ids.clld.org/values/14-170-209-1>		"särkiɲco"@xto	
"kɔ́ʔ (T)"@cbn	<http://ids.clld.org/values/1-250-829-1>		<http://ids.clld.org/parameters/1-250>		<http://ids.clld.org/values/1-250-209-3>		"[dvip]"@xto	
"kɔ́ʔ (T)"@cbn	<http://ids.clld.org/values/1-250-829-1>		<http://ids.clld.org/parameters/1-250>		<http://ids.clld.org/values/1-250-209-1>		"prank"@xto	
"hlu:k"@cbn	<http://ids.clld.org/values/5-220-829-1>		<http://ids.clld.org/parameters/5-220>		<http://ids.clld.org/values/5-220-209-1>		"särk-"@xto	
"tʌ̂j"@cbn	<http://ids.clld.org/values/4-340-829-1>		<http://ids.clld.org/parameters/4-340>		<http://ids.clld.org/values/4-340-209-1>		"prār"@xto	
"n̄ɛ̂:t"@cbn	<http://ids.clld.org/values/13-170-829-1>		<http://ids.clld.org/parameters/13-170>		<http://ids.clld.org/values/13-170-209-1>		"tsru"@xto	
"hrop soŋkhrâ:m (T)"@cbn	<http://ids.clld.org/values/20-130-829-1>		<http://ids.clld.org/parameters/20-130>		<http://ids.clld.org/values/20-130-209-1>		"wac"@xto	
"sáp"@cbn	<http://ids.clld.org/values/9-220-829-5>		<http://ids.clld.org/parameters/9-220>		<http://ids.clld.org/values/9-220-209-1>		"karṣt-"@xto	
"sáp"@cbn	<http://ids.clld.org/values/9-220-829-5>		<http://ids.clld.org/parameters/9-220>		<http://ids.clld.org/values/9-220-209-3>		"lātk-"@xto	
"sáp"@cbn	<http://ids.clld.org/values/9-220-829-5>		<http://ids.clld.org/parameters/9-220>		<http://ids.clld.org/values/9-220-209-5>		"prutk-"@xto	
"nû:j"@cbn	<http://ids.clld.org/values/4-880-829-1>		<http://ids.clld.org/parameters/4-880>		<http://ids.clld.org/values/4-880-209-1>		"[sāṃtäk]"@xto	
"catâm"@cbn	<http://ids.clld.org/values/12-630-829-1>		<http://ids.clld.org/parameters/12-630>		<http://ids.clld.org/values/12-630-209-1>		"ātsäts"@xto	
"muəj cho:k"@cbn	<http://ids.clld.org/values/13-105-829-1>		<http://ids.clld.org/parameters/13-105>		<http://ids.clld.org/values/13-105-209-1>		"känt"@xto	
"khɛ̂:n (T)"@cbn	<http://ids.clld.org/values/4-310-829-1>		<http://ids.clld.org/parameters/4-310>		<http://ids.clld.org/values/4-310-209-1>		"poke"@xto	
"phra:j phrâ:j"@cbn	<http://ids.clld.org/values/2-251-829-1>		<http://ids.clld.org/parameters/2-251>		<http://ids.clld.org/values/2-251-209-1>		"wir"@xto	
"mɔ:k"@cbn	<http://ids.clld.org/values/1-730-829-1>		<http://ids.clld.org/parameters/1-730>		<http://ids.clld.org/values/1-730-209-1>		"tärkär"@xto	
"dɔ̂:m / chô:ŋ"@cbn	<http://ids.clld.org/values/15-220-829-1>		<http://ids.clld.org/parameters/15-220>		<http://ids.clld.org/values/15-220-209-1>		"wär-"@xto	
"tə̂:r"@cbn	<http://ids.clld.org/values/4-630-829-1>		<http://ids.clld.org/parameters/4-630>		<http://ids.clld.org/values/4-630-209-1>		"wār-"@xto	
"khúh"@cbn	<http://ids.clld.org/values/17-560-829-1>		<http://ids.clld.org/parameters/17-560>		<http://ids.clld.org/values/17-560-209-1>		"mā"@xto	
"phak lo:ŋ"@cbn	<http://ids.clld.org/values/10-620-829-1>		<http://ids.clld.org/parameters/10-620>		<http://ids.clld.org/values/10-620-209-1>		"käl-"@xto	
"chûəj (T)"@cbn	<http://ids.clld.org/values/11-250-829-1>		<http://ids.clld.org/parameters/11-250>		<http://ids.clld.org/values/11-250-209-1>		"tsälp-"@xto	
"cakhrûŋ"@cbn	<http://ids.clld.org/values/16-250-829-1>		<http://ids.clld.org/parameters/16-250>		<http://ids.clld.org/values/16-250-209-1>		"kary-"@xto	
"chûəŋ"@cbn	<http://ids.clld.org/values/20-222-829-1>		<http://ids.clld.org/parameters/20-222>		<http://ids.clld.org/values/20-222-209-1>		"[porat]"@xto	
"ʔɨntû:"@cbn	<http://ids.clld.org/values/14-710-829-1>		<http://ids.clld.org/parameters/14-710>		<http://ids.clld.org/values/14-710-209-1>		"maɲ"@xto	
"sa:ŋ"@cbn	<http://ids.clld.org/values/9-440-829-1>		<http://ids.clld.org/parameters/9-440>		<http://ids.clld.org/values/9-440-209-1>		"tsik-"@xto	
"tapâ:k"@cbn	<http://ids.clld.org/values/9-270-829-1>		<http://ids.clld.org/parameters/9-270>		<http://ids.clld.org/values/9-270-209-3>		"kaut-"@xto	
"tapâ:k"@cbn	<http://ids.clld.org/values/9-270-829-1>		<http://ids.clld.org/parameters/9-270>		<http://ids.clld.org/values/9-270-209-5>		"kot-"@xto	
"tapâ:k"@cbn	<http://ids.clld.org/values/9-270-829-1>		<http://ids.clld.org/parameters/9-270>		<http://ids.clld.org/values/9-270-209-1>		"wāk-"@xto	
"khiən (T)"@cbn	<http://ids.clld.org/values/18-510-829-1>		<http://ids.clld.org/parameters/18-510>		<http://ids.clld.org/values/18-510-209-1>		"pik-"@xto	
"phrô:ŋ"@cbn	<http://ids.clld.org/values/16-110-829-1>		<http://ids.clld.org/parameters/16-110>		<http://ids.clld.org/values/16-110-209-1>		"āɲcäm"@xto	
"pakáp = kaŋâ:r"@cbn	<http://ids.clld.org/values/10-120-829-1>		<http://ids.clld.org/parameters/10-120>		<http://ids.clld.org/values/10-120-209-1>		"lotk-"@xto	
"thamûr / châ:j"@cbn	<http://ids.clld.org/values/3-820-829-1>		<http://ids.clld.org/parameters/3-820>		<http://ids.clld.org/values/3-820-209-1>		"kroṅśe"@xto	
"lachuh"@cbn	<http://ids.clld.org/values/12-670-829-1>		<http://ids.clld.org/parameters/12-670>		<http://ids.clld.org/values/12-670-209-1>		"kupār"@xto	
"ʔê:n̄"@cbn	<http://ids.clld.org/values/2-940-829-1>		<http://ids.clld.org/parameters/2-940>		<http://ids.clld.org/values/2-940-209-1>		"was"@xto	
"chatô:m"@cbn	<http://ids.clld.org/values/12-410-829-1>		<http://ids.clld.org/parameters/12-410>		<http://ids.clld.org/values/12-410-209-1>		"śālyi"@xto	
"hwák"@cbn	<http://ids.clld.org/values/9-341-829-1>		<http://ids.clld.org/parameters/9-341>		<http://ids.clld.org/values/9-341-209-1>		"länk-"@xto	
"wa:t hru:p"@cbn	<http://ids.clld.org/values/9-890-829-1>		<http://ids.clld.org/parameters/9-890>		<http://ids.clld.org/values/9-890-209-1>		"pik-"@xto	
"rə̂:m tamî:ʔ (T+N)"@cbn	<http://ids.clld.org/values/14-250-829-1>		<http://ids.clld.org/parameters/14-250>		<http://ids.clld.org/values/14-250-209-1>		"on-"@xto	
"chuŋ"@cbn	<http://ids.clld.org/values/4-370-829-1>		<http://ids.clld.org/parameters/4-370>		<http://ids.clld.org/values/4-370-209-1>		"pe"@xto	
"lɔ̂:p"@cbn	<http://ids.clld.org/values/15-780-829-1>		<http://ids.clld.org/parameters/15-780>		<http://ids.clld.org/values/15-780-209-1>		"pśär"@xto	
"pɔ́k"@cbn	<http://ids.clld.org/values/12-240-829-1>		<http://ids.clld.org/parameters/12-240>		<http://ids.clld.org/values/12-240-209-1>		"ru-"@xto	
"cɛ̂:ŋ (T)"@cbn	<http://ids.clld.org/values/15-570-829-1>		<http://ids.clld.org/parameters/15-570>		<http://ids.clld.org/values/15-570-209-1>		"lukśanu"@xto	
"hmat ta:bɔ̂:t (T)"@cbn	<http://ids.clld.org/values/4-970-829-1>		<http://ids.clld.org/parameters/4-970>		<http://ids.clld.org/values/4-970-209-1>		"trak"@xto	
"waj (T)"@cbn	<http://ids.clld.org/values/14-210-829-1>		<http://ids.clld.org/parameters/14-210>		<http://ids.clld.org/values/14-210-209-1>		"ymāräk"@xto	
"priət"@cbn	<http://ids.clld.org/values/15-650-829-1>		<http://ids.clld.org/parameters/15-650>		<http://ids.clld.org/values/15-650-209-1>		"arkant-"@xto	
"chûən (T)"@cbn	<http://ids.clld.org/values/8-130-829-1>		<http://ids.clld.org/parameters/8-130>		<http://ids.clld.org/values/8-130-209-3>		"warpi"@xto	
"chûən (T)"@cbn	<http://ids.clld.org/values/8-130-829-1>		<http://ids.clld.org/parameters/8-130>		<http://ids.clld.org/values/8-130-209-1>		"warpiśke"@xto	
"ʔannôw"@cbn	<http://ids.clld.org/values/17-670-829-1>		<http://ids.clld.org/parameters/17-670>		<http://ids.clld.org/values/17-670-209-1>		"äntsam"@xto	
"phu:t rɨəŋ"@cbn	<http://ids.clld.org/values/18-221-829-1>		<http://ids.clld.org/parameters/18-221>		<http://ids.clld.org/values/18-221-209-1>		"tränk-"@xto	
"caw nâ:j (T)"@cbn	<http://ids.clld.org/values/19-410-829-1>		<http://ids.clld.org/parameters/19-410>		<http://ids.clld.org/values/19-410-209-1>		"nātäk"@xto	
"ʔɨnthɔ:k"@cbn	<http://ids.clld.org/values/22-350-829-1>		<http://ids.clld.org/parameters/22-350>		<http://ids.clld.org/values/22-350-209-1>		"omäskeṃ"@xto	
"ʔɨnthɔ:k"@cbn	<http://ids.clld.org/values/22-350-829-1>		<http://ids.clld.org/parameters/22-350>		<http://ids.clld.org/values/22-350-209-3>		"umpar"@xto	
"pô:ŋ"@cbn	<http://ids.clld.org/values/5-120-829-1>		<http://ids.clld.org/parameters/5-120>		<http://ids.clld.org/values/5-120-209-1>		"śwātsi"@xto	
