"kathûəj"@cbn	<http://ids.clld.org/values/3-815-829-1>		<http://ids.clld.org/parameters/3-815>		<http://ids.clld.org/values/3-815-174-1>		"mɨnə̄tə"@mch	
"hmûm"@cbn	<http://ids.clld.org/values/3-730-829-1>		<http://ids.clld.org/parameters/3-730>		<http://ids.clld.org/values/3-730-174-1>		"hədēmu"@mch	
"chuŋ mɔh"@cbn	<http://ids.clld.org/values/4-230-829-1>		<http://ids.clld.org/parameters/4-230>		<http://ids.clld.org/values/4-230-174-1>		"ənna"@mch	
"nɔ̂:m kalîn"@cbn	<http://ids.clld.org/values/15-210-829-1>		<http://ids.clld.org/parameters/15-210>		<http://ids.clld.org/values/15-210-174-1>		"hyoʔhōdɨ"@mch	
"chrû:p dû:t (T)"@cbn	<http://ids.clld.org/values/8-690-829-2>		<http://ids.clld.org/parameters/8-690>		<http://ids.clld.org/values/8-690-174-1>		"-eima-"@mch	
"chi:r"@cbn	<http://ids.clld.org/values/11-320-829-1>		<http://ids.clld.org/parameters/11-320>		<http://ids.clld.org/values/11-320-174-1>		"edantə-dɨ"@mch	
"bî:p (T)"@cbn	<http://ids.clld.org/values/9-343-829-3>		<http://ids.clld.org/parameters/9-343>		<http://ids.clld.org/values/9-343-174-1>		"eʔkukā-dɨ"@mch	
"châ:ŋ"@cbn	<http://ids.clld.org/values/3-550-829-1>		<http://ids.clld.org/parameters/3-550>		<http://ids.clld.org/values/3-550-174-1>		"wamēdi"@mch	
"tho:ŋ"@cbn	<http://ids.clld.org/values/18-350-829-1>		<http://ids.clld.org/parameters/18-350>		<http://ids.clld.org/values/18-350-174-1>		"eʔkatə-dɨ"@mch	
"n̄ɛ̂n"@cbn	<http://ids.clld.org/values/12-430-829-1>		<http://ids.clld.org/parameters/12-430>		<http://ids.clld.org/values/12-430-174-1>		"amoinče-ʔda"@mch	
"tâm chû:"@cbn	<http://ids.clld.org/values/8-600-829-1>		<http://ids.clld.org/parameters/8-600>		<http://ids.clld.org/values/8-600-174-1>		"dē"@mch	
"cî:r"@cbn	<http://ids.clld.org/values/8-220-829-1>		<http://ids.clld.org/parameters/8-220>		<http://ids.clld.org/values/8-220-174-1>		"tɨʔkādɨ"@mch	
"cawâ:j"@cbn	<http://ids.clld.org/values/2-511-829-1>		<http://ids.clld.org/parameters/2-511>		<http://ids.clld.org/values/2-511-174-1>		"yawo"@mch	
"pacɛt"@cbn	<http://ids.clld.org/values/4-750-829-1>		<http://ids.clld.org/parameters/4-750>		<http://ids.clld.org/values/4-750-174-1>		"-əma-"@mch	
"chû:"@cbn	<http://ids.clld.org/values/1-430-829-1>		<http://ids.clld.org/parameters/1-430>		<http://ids.clld.org/values/1-430-174-1>		"dē"@mch	
"kawâ:ŋ (T)"@cbn	<http://ids.clld.org/values/10-250-829-1>		<http://ids.clld.org/parameters/10-250>		<http://ids.clld.org/values/10-250-174-1>		"himā-dɨ"@mch	
"chûət"@cbn	<http://ids.clld.org/values/4-441-829-1>		<http://ids.clld.org/parameters/4-441>		<http://ids.clld.org/values/4-441-174-1>		"ʔtaway-dɨ"@mch	
"paʔur"@cbn	<http://ids.clld.org/values/5-810-829-1>		<http://ids.clld.org/parameters/5-810>		<http://ids.clld.org/values/5-810-174-1>		"[sayu]"@mch	
"jâ:m hrɛ́c (T+N)"@cbn	<http://ids.clld.org/values/8-410-829-1>		<http://ids.clld.org/parameters/8-410>		<http://ids.clld.org/values/8-410-174-1>		"inɲatɨʔtə̄dɨ"@mch	
"cawâ:j"@cbn	<http://ids.clld.org/values/2-512-829-1>		<http://ids.clld.org/parameters/2-512>		<http://ids.clld.org/values/2-512-174-1>		"haha"@mch	
"kɔ̂:"@cbn	<http://ids.clld.org/values/4-280-829-1>		<http://ids.clld.org/parameters/4-280>		<http://ids.clld.org/values/4-280-174-1>		"hɨ̄mɨ"@mch	
"pâ: câ:ʔ"@cbn	<http://ids.clld.org/values/5-210-829-1>		<http://ids.clld.org/parameters/5-210>		<http://ids.clld.org/values/5-210-174-1>		"-aʔnə"@mch	
"katâŋ"@cbn	<http://ids.clld.org/values/15-370-829-1>		<http://ids.clld.org/parameters/15-370>		<http://ids.clld.org/values/15-370-174-1>		"tutune"@mch	
"tamâ:t"@cbn	<http://ids.clld.org/values/3-586-829-1>		<http://ids.clld.org/parameters/3-586>		<http://ids.clld.org/values/3-586-174-1>		"kudūmu"@mch	
"cakîəm"@cbn	<http://ids.clld.org/values/11-140-829-1>		<http://ids.clld.org/parameters/11-140>		<http://ids.clld.org/values/11-140-174-1>		"-ahəi-"@mch	
"thup (T)"@cbn	<http://ids.clld.org/values/9-210-829-1>		<http://ids.clld.org/parameters/9-210>		<http://ids.clld.org/values/9-210-174-1>		"-aiʔhuka-dɨ"@mch	
"niəŋlîəŋ"@cbn	<http://ids.clld.org/values/3-585-829-1>		<http://ids.clld.org/parameters/3-585>		<http://ids.clld.org/values/3-585-174-1>		"hiyāna"@mch	
"ʔuə̂č"@cbn	<http://ids.clld.org/values/1-880-829-1>		<http://ids.clld.org/parameters/1-880>		<http://ids.clld.org/values/1-880-174-1>		"-keme-dɨ"@mch	
"laʔ úč"@cbn	<http://ids.clld.org/values/5-123-829-1>		<http://ids.clld.org/parameters/5-123>		<http://ids.clld.org/values/5-123-174-1>		"sēweyčato"@mch	
"hlɔ̂:j (T)"@cbn	<http://ids.clld.org/values/10-340-829-1>		<http://ids.clld.org/parameters/10-340>		<http://ids.clld.org/values/10-340-174-1>		"tɨtāwaʔta"@mch	
"pu:n̄ ʔɨŋkûj"@cbn	<http://ids.clld.org/values/4-610-829-1>		<http://ids.clld.org/parameters/4-610>		<http://ids.clld.org/values/4-610-174-1>		"w-ɨnɨʔ-nə"@mch	
"hnáp"@cbn	<http://ids.clld.org/values/16-710-829-1>		<http://ids.clld.org/parameters/16-710>		<http://ids.clld.org/values/16-710-174-1>		"ašiča"@mch	
"dák"@cbn	<http://ids.clld.org/values/12-120-829-1>		<http://ids.clld.org/parameters/12-120>		<http://ids.clld.org/values/12-120-174-1>		"enɨ̄ta"@mch	
"dák"@cbn	<http://ids.clld.org/values/12-120-829-1>		<http://ids.clld.org/parameters/12-120>		<http://ids.clld.org/values/12-120-174-3>		"-ehuʔta-"@mch	
"cʔur"@cbn	<http://ids.clld.org/values/2-240-829-1>		<http://ids.clld.org/parameters/2-240>		<http://ids.clld.org/values/2-240-174-1>		"wodi"@mch	
"(tî:) ʔɨntɨl"@cbn	<http://ids.clld.org/values/1-215-829-1>		<http://ids.clld.org/parameters/1-215>		<http://ids.clld.org/values/1-215-174-1>		"sāʔdaʔda"@mch	
"kadâ:r"@cbn	<http://ids.clld.org/values/7-570-829-1>		<http://ids.clld.org/parameters/7-570>		<http://ids.clld.org/values/7-570-174-1>		"[tadwa]"@mch	
"khâ:w"@cbn	<http://ids.clld.org/values/3-950-829-1>		<http://ids.clld.org/parameters/3-950>		<http://ids.clld.org/values/3-950-174-1>		"kɨʔto"@mch	
"kataw hŋɔ̂m"@cbn	<http://ids.clld.org/values/15-850-829-1>		<http://ids.clld.org/parameters/15-850>		<http://ids.clld.org/values/15-850-174-1>		"taʔne"@mch	
"kûl panûl"@cbn	<http://ids.clld.org/values/11-650-829-1>		<http://ids.clld.org/parameters/11-650>		<http://ids.clld.org/values/11-650-174-1>		"ehēma-dɨ"@mch	
"hluʔ paphraw"@cbn	<http://ids.clld.org/values/2-454-829-1>		<http://ids.clld.org/parameters/2-454>		<http://ids.clld.org/values/2-454-174-1>		"yāya"@mch	
"tɨn"@cbn	<http://ids.clld.org/values/10-472-829-1>		<http://ids.clld.org/parameters/10-472>		<http://ids.clld.org/values/10-472-174-1>		"-annuʔku-"@mch	
"jɛ:k (T)"@cbn	<http://ids.clld.org/values/12-230-829-1>		<http://ids.clld.org/parameters/12-230>		<http://ids.clld.org/values/12-230-174-1>		"šādamadɨ̄he"@mch	
"hmat"@cbn	<http://ids.clld.org/values/4-210-829-1>		<http://ids.clld.org/parameters/4-210>		<http://ids.clld.org/values/4-210-174-1>		"ənu"@mch	
"lu:k n̄um"@cbn	<http://ids.clld.org/values/4-440-829-1>		<http://ids.clld.org/parameters/4-440>		<http://ids.clld.org/values/4-440-174-1>		"yēwanɨ"@mch	
"kuən kûən"@cbn	<http://ids.clld.org/values/2-270-829-1>		<http://ids.clld.org/parameters/2-270>		<http://ids.clld.org/values/2-270-174-1>		"nnedɨ"@mch	
"cač chû:n"@cbn	<http://ids.clld.org/values/13-103-829-1>		<http://ids.clld.org/parameters/13-103>		<http://ids.clld.org/values/13-103-174-1>		"amohadəʔto dēwə hyatodea"@mch	
"phro:k"@cbn	<http://ids.clld.org/values/11-330-829-1>		<http://ids.clld.org/parameters/11-330>		<http://ids.clld.org/values/11-330-174-1>		"w-ənnanɨʔ-nə"@mch	
"hɔŋ (T)"@cbn	<http://ids.clld.org/values/7-210-829-1>		<http://ids.clld.org/parameters/7-210>		<http://ids.clld.org/values/7-210-174-1>		"əʔsa"@mch	
"phatlom (T)"@cbn	<http://ids.clld.org/values/9-790-829-1>		<http://ids.clld.org/parameters/9-790>		<http://ids.clld.org/values/9-790-174-1>		"wadi-wadi"@mch	
"dâ:k mɔh"@cbn	<http://ids.clld.org/values/4-232-829-1>		<http://ids.clld.org/parameters/4-232>		<http://ids.clld.org/values/4-232-174-1>		"ənuʔtə"@mch	
"thak"@cbn	<http://ids.clld.org/values/9-160-829-1>		<http://ids.clld.org/parameters/9-160>		<http://ids.clld.org/values/9-160-174-1>		"imɨdɨ"@mch	
"mɛ̂n̄"@cbn	<http://ids.clld.org/values/4-250-829-1>		<http://ids.clld.org/parameters/4-250>		<http://ids.clld.org/values/4-250-174-1>		"ə̄ʔhi"@mch	
"chô:ŋ"@cbn	<http://ids.clld.org/values/5-130-829-1>		<http://ids.clld.org/parameters/5-130>		<http://ids.clld.org/values/5-130-174-1>		"enku"@mch	
"ʔɨntû:l"@cbn	<http://ids.clld.org/values/12-330-829-1>		<http://ids.clld.org/parameters/12-330>		<http://ids.clld.org/values/12-330-174-1>		"akoiʔčaʔhɨdɨ"@mch	
"hlâ:"@cbn	<http://ids.clld.org/values/8-560-829-1>		<http://ids.clld.org/parameters/8-560>		<http://ids.clld.org/values/8-560-174-1>		"yadɨ"@mch	
"hɔ̂:k"@cbn	<http://ids.clld.org/values/18-420-829-1>		<http://ids.clld.org/parameters/18-420>		<http://ids.clld.org/values/18-420-174-1>		"tə̄tɨ"@mch	
"phan nam laʔúč"@cbn	<http://ids.clld.org/values/5-124-829-1>		<http://ids.clld.org/parameters/5-124>		<http://ids.clld.org/values/5-124-174-1>		"šēne"@mch	
"chaŋâj"@cbn	<http://ids.clld.org/values/12-430-829-2>		<http://ids.clld.org/parameters/12-430>		<http://ids.clld.org/values/12-430-174-1>		"amoinče-ʔda"@mch	
"kabɔ̂ŋ"@cbn	<http://ids.clld.org/values/4-360-829-1>		<http://ids.clld.org/parameters/4-360>		<http://ids.clld.org/values/4-360-174-1>		"ə̄ʔmu"@mch	
"khluj (T)"@cbn	<http://ids.clld.org/values/18-710-829-1>		<http://ids.clld.org/parameters/18-710>		<http://ids.clld.org/values/18-710-174-1>		"hīču"@mch	
"tû:r"@cbn	<http://ids.clld.org/values/1-852-829-1>		<http://ids.clld.org/parameters/1-852>		<http://ids.clld.org/values/1-852-174-1>		"daʔtwa-dɨ"@mch	
"hlî:"@cbn	<http://ids.clld.org/values/8-470-829-1>		<http://ids.clld.org/parameters/8-470>		<http://ids.clld.org/values/8-470-174-1>		"ənɲa"@mch	
"nɛ̂n"@cbn	<http://ids.clld.org/values/20-520-829-1>		<http://ids.clld.org/parameters/20-520>		<http://ids.clld.org/values/20-520-174-1>		"anə̄tə"@mch	
"ʔɨnhrə́p"@cbn	<http://ids.clld.org/values/20-260-829-1>		<http://ids.clld.org/parameters/20-260>		<http://ids.clld.org/values/20-260-174-1>		"sukuhi"@mch	
"bâw"@cbn	<http://ids.clld.org/values/8-941-829-1>		<http://ids.clld.org/parameters/8-941>		<http://ids.clld.org/values/8-941-174-1>		"əšīčādɨ"@mch	
"lô:ŋ lɛc"@cbn	<http://ids.clld.org/values/10-550-829-1>		<http://ids.clld.org/parameters/10-550>		<http://ids.clld.org/values/10-550-174-1>		"w-əʔdɨ-nə"@mch	
"khaja:l"@cbn	<http://ids.clld.org/values/15-820-829-1>		<http://ids.clld.org/parameters/15-820>		<http://ids.clld.org/values/15-820-174-1>		"tawāhe"@mch	
"phanah"@cbn	<http://ids.clld.org/values/4-300-829-1>		<http://ids.clld.org/parameters/4-300>		<http://ids.clld.org/values/4-300-174-1>		"nkawə"@mch	
"hlô:ŋ"@cbn	<http://ids.clld.org/values/12-310-829-1>		<http://ids.clld.org/parameters/12-310>		<http://ids.clld.org/values/12-310-174-1>		"kawə"@mch	
"cow lô:ŋ"@cbn	<http://ids.clld.org/values/10-481-829-1>		<http://ids.clld.org/parameters/10-481>		<http://ids.clld.org/values/10-481-174-1>		"w-ennakā-nə"@mch	
"cɔ̂m (T)"@cbn	<http://ids.clld.org/values/10-330-829-1>		<http://ids.clld.org/parameters/10-330>		<http://ids.clld.org/values/10-330-174-1>		"yehuʔkwai"@mch	
"bû:n"@cbn	<http://ids.clld.org/values/5-380-829-1>		<http://ids.clld.org/parameters/5-380>		<http://ids.clld.org/values/5-380-174-1>		"kɨmɨʔkə"@mch	
"(nâ:) ʔɨŋhâ:j"@cbn	<http://ids.clld.org/values/4-205-829-1>		<http://ids.clld.org/parameters/4-205>		<http://ids.clld.org/values/4-205-174-1>		"heʔkay"@mch	
"hnâ:m"@cbn	<http://ids.clld.org/values/4-120-829-1>		<http://ids.clld.org/parameters/4-120>		<http://ids.clld.org/values/4-120-174-1>		"hiʔhə"@mch	
"cawâ:j"@cbn	<http://ids.clld.org/values/2-510-829-1>		<http://ids.clld.org/parameters/2-510>		<http://ids.clld.org/values/2-510-174-1>		"wōdɨ"@mch	
"ʔɨncîəm kɛ̂:w (T"@cbn	<http://ids.clld.org/values/3-592-829-1>		<http://ids.clld.org/parameters/3-592>		<http://ids.clld.org/values/3-592-174-1>		"[dodo]"@mch	
"tê:n̄ túh"@cbn	<http://ids.clld.org/values/6-110-829-1>		<http://ids.clld.org/parameters/6-110>		<http://ids.clld.org/values/6-110-174-1>		"wewontənə"@mch	
"phlák (T)"@cbn	<http://ids.clld.org/values/10-670-829-1>		<http://ids.clld.org/parameters/10-670>		<http://ids.clld.org/values/10-670-174-1>		"-adima-dɨ"@mch	
"cho:k thák (T+N)"@cbn	<http://ids.clld.org/values/9-750-829-1>		<http://ids.clld.org/parameters/9-750>		<http://ids.clld.org/values/9-750-174-1>		"aʔtoʔtotoʔho"@mch	
"hɔ̂:k"@cbn	<http://ids.clld.org/values/18-410-829-1>		<http://ids.clld.org/parameters/18-410>		<http://ids.clld.org/values/18-410-174-1>		"aʔdewhaʔdɨ"@mch	
"kɨ́t"@cbn	<http://ids.clld.org/values/4-580-829-1>		<http://ids.clld.org/parameters/4-580>		<http://ids.clld.org/values/4-580-174-1>		"ēkādɨ"@mch	
"tʌ̂j"@cbn	<http://ids.clld.org/values/4-330-829-1>		<http://ids.clld.org/parameters/4-330>		<http://ids.clld.org/values/4-330-174-1>		"amō-dɨ"@mch	
"bû:l"@cbn	<http://ids.clld.org/values/4-980-829-1>		<http://ids.clld.org/parameters/4-980>		<http://ids.clld.org/values/4-980-174-1>		"-oʔdoʔhə"@mch	
"kâ:ʔ"@cbn	<http://ids.clld.org/values/3-650-829-1>		<http://ids.clld.org/parameters/3-650>		<http://ids.clld.org/values/3-650-174-1>		"nākukwāno"@mch	
"pha:kpha:k"@cbn	<http://ids.clld.org/values/3-920-829-1>		<http://ids.clld.org/parameters/3-920>		<http://ids.clld.org/values/3-920-174-1>		"matūtu"@mch	
"pɔ:ŋ ʔɨncî:ʔ"@cbn	<http://ids.clld.org/values/2-550-829-1>		<http://ids.clld.org/parameters/2-550>		<http://ids.clld.org/values/2-550-174-1>		"waiɲe"@mch	
"pɔ:ŋ ʔɨncî:ʔ"@cbn	<http://ids.clld.org/values/2-550-829-1>		<http://ids.clld.org/parameters/2-550>		<http://ids.clld.org/values/2-550-174-3>		"yāʔko"@mch	
"dô:ŋ"@cbn	<http://ids.clld.org/values/19-160-829-1>		<http://ids.clld.org/parameters/19-160>		<http://ids.clld.org/values/19-160-174-1>		"haʔta"@mch	
"sanun"@cbn	<http://ids.clld.org/values/10-710-829-1>		<http://ids.clld.org/parameters/10-710>		<http://ids.clld.org/values/10-710-174-1>		"ə̄ma"@mch	
"kâ:w"@cbn	<http://ids.clld.org/values/8-570-829-1>		<http://ids.clld.org/parameters/8-570>		<http://ids.clld.org/values/8-570-174-1>		"čə̄hɨdɨ"@mch	
"truč trûč"@cbn	<http://ids.clld.org/values/2-210-829-1>		<http://ids.clld.org/parameters/2-210>		<http://ids.clld.org/values/2-210-174-1>		"danwa"@mch	
"chû:ŋ"@cbn	<http://ids.clld.org/values/15-640-829-1>		<http://ids.clld.org/parameters/15-640>		<http://ids.clld.org/values/15-640-174-1>		"təʔkeʔne"@mch	
"chadak"@cbn	<http://ids.clld.org/values/4-530-829-1>		<http://ids.clld.org/parameters/4-530>		<http://ids.clld.org/values/4-530-174-1>		"təinšiʔho"@mch	
"chû: phâ:j"@cbn	<http://ids.clld.org/values/10-851-829-1>		<http://ids.clld.org/parameters/10-851>		<http://ids.clld.org/values/10-851-174-1>		"hēna"@mch	
"ʔan̄ah (hlô:ŋ)"@cbn	<http://ids.clld.org/values/17-680-829-1>		<http://ids.clld.org/parameters/17-680>		<http://ids.clld.org/values/17-680-174-1>		"ənə̄kɨ"@mch	
"khrʌ̂ŋ"@cbn	<http://ids.clld.org/values/13-150-829-1>		<http://ids.clld.org/parameters/13-150>		<http://ids.clld.org/values/13-150-174-1>		"hōhe"@mch	
"ʔɨnchruʔ"@cbn	<http://ids.clld.org/values/3-840-829-1>		<http://ids.clld.org/parameters/3-840>		<http://ids.clld.org/values/3-840-174-1>		"motto"@mch	
"chɔ̂:k"@cbn	<http://ids.clld.org/values/4-140-829-1>		<http://ids.clld.org/parameters/4-140>		<http://ids.clld.org/values/4-140-174-1>		"hū"@mch	
"trî:w"@cbn	<http://ids.clld.org/values/12-650-829-1>		<http://ids.clld.org/parameters/12-650>		<http://ids.clld.org/values/12-650-174-1>		"sāʔtahe"@mch	
"chamɔ̂m"@cbn	<http://ids.clld.org/values/2-520-829-1>		<http://ids.clld.org/parameters/2-520>		<http://ids.clld.org/values/2-520-174-1>		"waynɲeʔney"@mch	
"chɛ̂r"@cbn	<http://ids.clld.org/values/12-590-829-1>		<http://ids.clld.org/parameters/12-590>		<http://ids.clld.org/values/12-590-174-1>		"tawedato"@mch	
"ʔɨmwâ:r"@cbn	<http://ids.clld.org/values/6-380-829-1>		<http://ids.clld.org/parameters/6-380>		<http://ids.clld.org/values/6-380-174-1>		"hakūdimɨʔtɨ"@mch	
"lahû:t"@cbn	<http://ids.clld.org/values/2-261-829-1>		<http://ids.clld.org/parameters/2-261>		<http://ids.clld.org/values/2-261-174-1>		"mudēši"@mch	
"chɛ́c"@cbn	<http://ids.clld.org/values/5-710-829-1>		<http://ids.clld.org/parameters/5-710>		<http://ids.clld.org/values/5-710-174-1>		"čə̄hɨdɨ̄-hɨdɨ"@mch	
"patâ:"@cbn	<http://ids.clld.org/values/4-180-829-1>		<http://ids.clld.org/parameters/4-180>		<http://ids.clld.org/values/4-180-174-1>		"dāʔkɨdɨ"@mch	
"hmâ:n̄"@cbn	<http://ids.clld.org/values/18-310-829-1>		<http://ids.clld.org/parameters/18-310>		<http://ids.clld.org/values/18-310-174-1>		"-ekammaho-"@mch	
"phanih"@cbn	<http://ids.clld.org/values/19-210-829-1>		<http://ids.clld.org/parameters/19-210>		<http://ids.clld.org/values/19-210-174-1>		"weiʔčɨ"@mch	
"niənlîəŋ"@cbn	<http://ids.clld.org/values/3-584-829-1>		<http://ids.clld.org/parameters/3-584>		<http://ids.clld.org/values/3-584-174-1>		"demōši"@mch	
"kadâ:t (T)"@cbn	<http://ids.clld.org/values/18-560-829-1>		<http://ids.clld.org/parameters/18-560>		<http://ids.clld.org/values/18-560-174-1>		"[hahēda]"@mch	
"pacít"@cbn	<http://ids.clld.org/values/12-370-829-1>		<http://ids.clld.org/parameters/12-370>		<http://ids.clld.org/values/12-370-174-1>		"annai"@mch	
"daŋə:m"@cbn	<http://ids.clld.org/values/15-860-829-1>		<http://ids.clld.org/parameters/15-860>		<http://ids.clld.org/values/15-860-174-1>		"kəmme"@mch	
"chur châ:ŋ"@cbn	<http://ids.clld.org/values/3-540-829-1>		<http://ids.clld.org/parameters/3-540>		<http://ids.clld.org/values/3-540-174-1>		"kudaymādu"@mch	
"kathriəp"@cbn	<http://ids.clld.org/values/10-460-829-1>		<http://ids.clld.org/parameters/10-460>		<http://ids.clld.org/values/10-460-174-1>		"w-ekaʔtɨn-nə"@mch	
"kûən paphraw"@cbn	<http://ids.clld.org/values/2-420-829-1>		<http://ids.clld.org/parameters/2-420>		<http://ids.clld.org/values/2-420-174-1>		"nnedɨ"@mch	
"kamûr"@cbn	<http://ids.clld.org/values/7-510-829-1>		<http://ids.clld.org/parameters/7-510>		<http://ids.clld.org/values/7-510-174-1>		"aməʔhɨdɨ"@mch	
"câj"@cbn	<http://ids.clld.org/values/3-811-829-1>		<http://ids.clld.org/parameters/3-811>		<http://ids.clld.org/values/3-811-174-1>		"dāmə"@mch	
"dâ:k"@cbn	<http://ids.clld.org/values/1-310-829-1>		<http://ids.clld.org/parameters/1-310>		<http://ids.clld.org/values/1-310-174-1>		"tuna"@mch	
"khrâ:č"@cbn	<http://ids.clld.org/values/9-370-829-1>		<http://ids.clld.org/parameters/9-370>		<http://ids.clld.org/values/9-370-174-1>		"šēmeka-dɨ"@mch	
"khamû:n truč trûč"@cbn	<http://ids.clld.org/values/2-530-829-1>		<http://ids.clld.org/parameters/2-530>		<http://ids.clld.org/values/2-530-174-1>		"honɨ"@mch	
"khamû:n truč trûč"@cbn	<http://ids.clld.org/values/2-530-829-1>		<http://ids.clld.org/parameters/2-530>		<http://ids.clld.org/values/2-530-174-3>		"honɨ-kə"@mch	
"kam hâ:"@cbn	<http://ids.clld.org/values/20-250-829-1>		<http://ids.clld.org/parameters/20-250>		<http://ids.clld.org/values/20-250-174-1>		"šimāda"@mch	
"khɔp"@cbn	<http://ids.clld.org/values/7-440-829-1>		<http://ids.clld.org/parameters/7-440>		<http://ids.clld.org/values/7-440-174-1>		"[mesa]i"@mch	
"ʔɨnchal"@cbn	<http://ids.clld.org/values/6-360-829-1>		<http://ids.clld.org/parameters/6-360>		<http://ids.clld.org/values/6-360-174-1>		"makūsa"@mch	
"ʔan chamɔ́h"@cbn	<http://ids.clld.org/values/13-340-829-1>		<http://ids.clld.org/parameters/13-340>		<http://ids.clld.org/values/13-340-174-1>		"awaʔde"@mch	
"kacɛ́t"@cbn	<http://ids.clld.org/values/4-760-829-1>		<http://ids.clld.org/parameters/4-760>		<http://ids.clld.org/values/4-760-174-1>		"aminɲaʔkadɨ"@mch	
"ʔic mɔh"@cbn	<http://ids.clld.org/values/4-232-829-3>		<http://ids.clld.org/parameters/4-232>		<http://ids.clld.org/values/4-232-174-1>		"ənuʔtə"@mch	
"pɔ̂:ŋ (older"@cbn	<http://ids.clld.org/values/2-430-829-2>		<http://ids.clld.org/parameters/2-430>		<http://ids.clld.org/values/2-430-174-1>		"nnedɨ"@mch	
"chrô:m"@cbn	<http://ids.clld.org/values/3-850-829-1>		<http://ids.clld.org/parameters/3-850>		<http://ids.clld.org/values/3-850-174-1>		"əkə̄yu"@mch	
"mɔ̂m"@cbn	<http://ids.clld.org/values/2-522-829-1>		<http://ids.clld.org/parameters/2-522>		<http://ids.clld.org/values/2-522-174-1>		"waynɲeʔney"@mch	
"chûr"@cbn	<http://ids.clld.org/values/3-610-829-1>		<http://ids.clld.org/parameters/3-610>		<http://ids.clld.org/values/3-610-174-1>		"sɨ̄ʔna"@mch	
"thu:n̄"@cbn	<http://ids.clld.org/values/8-940-829-1>		<http://ids.clld.org/parameters/8-940>		<http://ids.clld.org/values/8-940-174-1>		"dahu"@mch	
"chamû:r"@cbn	<http://ids.clld.org/values/10-140-829-3>		<http://ids.clld.org/parameters/10-140>		<http://ids.clld.org/values/10-140-174-1>		"weməīya"@mch	
"pɔ:k ʔɨŋkûər"@cbn	<http://ids.clld.org/values/5-460-829-1>		<http://ids.clld.org/parameters/5-460>		<http://ids.clld.org/values/5-460-174-1>		"-iʔša-"@mch	
"mɛ:n (T)"@cbn	<http://ids.clld.org/values/17-550-829-1>		<http://ids.clld.org/parameters/17-550>		<http://ids.clld.org/values/17-550-174-3>		"mmhm"@mch	
"mɛ:n (T)"@cbn	<http://ids.clld.org/values/17-550-829-1>		<http://ids.clld.org/parameters/17-550>		<http://ids.clld.org/values/17-550-174-1>		"ʔeee"@mch	
"patâm"@cbn	<http://ids.clld.org/values/14-420-829-1>		<http://ids.clld.org/parameters/14-420>		<http://ids.clld.org/values/14-420-174-1>		"čomomɨ̄dɨ"@mch	
"mâ:j"@cbn	<http://ids.clld.org/values/5-260-829-1>		<http://ids.clld.org/parameters/5-260>		<http://ids.clld.org/values/5-260-174-1>		"ədinɲə"@mch	
"chalu:t"@cbn	<http://ids.clld.org/values/4-160-829-1>		<http://ids.clld.org/parameters/4-160>		<http://ids.clld.org/values/4-160-174-1>		"yēʔhə"@mch	
"bû:n"@cbn	<http://ids.clld.org/values/9-230-829-1>		<http://ids.clld.org/parameters/9-230>		<http://ids.clld.org/values/9-230-174-1>		"kɨmɨʔkə"@mch	
"ʔa:r"@cbn	<http://ids.clld.org/values/10-450-829-1>		<http://ids.clld.org/parameters/10-450>		<http://ids.clld.org/values/10-450-174-1>		"w-ōhoyma-nə"@mch	
"lɔ̂:j (N+T)"@cbn	<http://ids.clld.org/values/10-380-829-5>		<http://ids.clld.org/parameters/10-380>		<http://ids.clld.org/values/10-380-174-1>		"yaičumā-dɨ"@mch	
"pamâŋ"@cbn	<http://ids.clld.org/values/7-270-829-1>		<http://ids.clld.org/parameters/7-270>		<http://ids.clld.org/values/7-270-174-1>		"həʔhudu"@mch	
"hŋû:r"@cbn	<http://ids.clld.org/values/14-480-829-1>		<http://ids.clld.org/parameters/14-480>		<http://ids.clld.org/values/14-480-174-1>		"henamma"@mch	
"cîət"@cbn	<http://ids.clld.org/values/11-130-829-1>		<http://ids.clld.org/parameters/11-130>		<http://ids.clld.org/values/11-130-174-1>		"w-emhan-nə"@mch	
"tha: si: (T)"@cbn	<http://ids.clld.org/values/9-890-829-3>		<http://ids.clld.org/parameters/9-890>		<http://ids.clld.org/values/9-890-174-1>		"wemānʔa"@mch	
"hnû:j"@cbn	<http://ids.clld.org/values/3-760-829-1>		<http://ids.clld.org/parameters/3-760>		<http://ids.clld.org/values/3-760-174-1>		"yadākadu"@mch	
"thûər thrɔʔ"@cbn	<http://ids.clld.org/values/3-823-829-1>		<http://ids.clld.org/parameters/3-823>		<http://ids.clld.org/values/3-823-174-1>		"sūnwa"@mch	
"fâ: / chawâ:"@cbn	<http://ids.clld.org/values/4-130-829-1>		<http://ids.clld.org/parameters/4-130>		<http://ids.clld.org/values/4-130-174-1>		"hyunu"@mch	
"khɔ̂n"@cbn	<http://ids.clld.org/values/5-490-829-1>		<http://ids.clld.org/parameters/5-490>		<http://ids.clld.org/values/5-490-174-1>		"-oima-dɨ"@mch	
"pɨən (T)"@cbn	<http://ids.clld.org/values/15-880-829-1>		<http://ids.clld.org/parameters/15-880>		<http://ids.clld.org/values/15-880-174-1>		"nossahe"@mch	
"khamâj"@cbn	<http://ids.clld.org/values/15-510-829-1>		<http://ids.clld.org/parameters/15-510>		<http://ids.clld.org/values/15-510-174-1>		"ene-dɨ"@mch	
"female)"@cbn	<http://ids.clld.org/values/2-430-829-5>		<http://ids.clld.org/parameters/2-430>		<http://ids.clld.org/values/2-430-174-1>		"nnedɨ"@mch	
"hɨncɔ́k / ʔɨncɔ́k (+green)"@cbn	<http://ids.clld.org/values/15-670-829-1>		<http://ids.clld.org/parameters/15-670>		<http://ids.clld.org/values/15-670-174-1>		"šēne"@mch	
"chadɨ̂m"@cbn	<http://ids.clld.org/values/17-170-829-1>		<http://ids.clld.org/parameters/17-170>		<http://ids.clld.org/values/17-170-174-1>		"t-owanəkə t-ɨdɨ-dɨ"@mch	
"hê:w (T)"@cbn	<http://ids.clld.org/values/5-140-829-1>		<http://ids.clld.org/parameters/5-140>		<http://ids.clld.org/values/5-140-174-1>		"əmīhe"@mch	
"khahnî:"@cbn	<http://ids.clld.org/values/3-630-829-1>		<http://ids.clld.org/parameters/3-630>		<http://ids.clld.org/values/3-630-174-1>		"asɨ̄kɨ"@mch	
"thamo:ʔ"@cbn	<http://ids.clld.org/values/17-150-829-1>		<http://ids.clld.org/parameters/17-150>		<http://ids.clld.org/values/17-150-174-1>		"-ekanɨhɨ-dɨ"@mch	
"khajô:"@cbn	<http://ids.clld.org/values/11-820-829-1>		<http://ids.clld.org/parameters/11-820>		<http://ids.clld.org/values/11-820-174-1>		"ehema-hoi"@mch	
"mɔ̂m"@cbn	<http://ids.clld.org/values/2-521-829-1>		<http://ids.clld.org/parameters/2-521>		<http://ids.clld.org/values/2-521-174-1>		"denɨ"@mch	
"hɛ: (T)"@cbn	<http://ids.clld.org/values/20-540-829-1>		<http://ids.clld.org/parameters/20-540>		<http://ids.clld.org/values/20-540-174-1>		"anətə"@mch	
"chɔ:p"@cbn	<http://ids.clld.org/values/16-270-829-1>		<http://ids.clld.org/parameters/16-270>		<http://ids.clld.org/values/16-270-174-1>		"hyumma-dɨ"@mch	
"kûən tanûn"@cbn	<http://ids.clld.org/values/7-370-829-3>		<http://ids.clld.org/parameters/7-370>		<http://ids.clld.org/values/7-370-174-1>		"inɲahuʔtahə"@mch	
"jâ:m"@cbn	<http://ids.clld.org/values/16-370-829-1>		<http://ids.clld.org/parameters/16-370>		<http://ids.clld.org/values/16-370-174-1>		"w-amo-nə"@mch	
"bî:n dâ:k"@cbn	<http://ids.clld.org/values/10-350-829-1>		<http://ids.clld.org/parameters/10-350>		<http://ids.clld.org/values/10-350-174-1>		"tɨwəʔhiyɨ"@mch	
"ʔɨnlô: thô:r"@cbn	<http://ids.clld.org/values/3-940-829-1>		<http://ids.clld.org/parameters/3-940>		<http://ids.clld.org/values/3-940-174-1>		"memu"@mch	
"rakha:j"@cbn	<http://ids.clld.org/values/20-610-829-1>		<http://ids.clld.org/parameters/20-610>		<http://ids.clld.org/values/20-610-174-1>		"emanɲuhɨdɨ"@mch	
"chi:wit (T)"@cbn	<http://ids.clld.org/values/4-740-829-1>		<http://ids.clld.org/parameters/4-740>		<http://ids.clld.org/values/4-740-174-1>		"wenɲə"@mch	
"hma:ŋ"@cbn	<http://ids.clld.org/values/2-310-829-1>		<http://ids.clld.org/parameters/2-310>		<http://ids.clld.org/values/2-310-174-1>		"-ɲno"@mch	
"chrih"@cbn	<http://ids.clld.org/values/10-230-829-1>		<http://ids.clld.org/parameters/10-230>		<http://ids.clld.org/values/10-230-174-1>		"w-eduka-nə"@mch	
"khalî:c"@cbn	<http://ids.clld.org/values/16-670-829-1>		<http://ids.clld.org/parameters/16-670>		<http://ids.clld.org/values/16-670-174-1>		"-enkutə-"@mch	
"takát"@cbn	<http://ids.clld.org/values/15-860-829-3>		<http://ids.clld.org/parameters/15-860>		<http://ids.clld.org/values/15-860-174-1>		"kəmme"@mch	
"tham (T)"@cbn	<http://ids.clld.org/values/1-280-829-1>		<http://ids.clld.org/parameters/1-280>		<http://ids.clld.org/values/1-280-174-1>		"ewɨ̄tɨ"@mch	
"phu:t kapa(hʌ)l (T+N)"@cbn	<http://ids.clld.org/values/18-210-829-1>		<http://ids.clld.org/parameters/18-210>		<http://ids.clld.org/values/18-210-174-1>		"w-aʔdew-nə"@mch	
"khamû:n paphraw"@cbn	<http://ids.clld.org/values/2-540-829-1>		<http://ids.clld.org/parameters/2-540>		<http://ids.clld.org/values/2-540-174-1>		"hāse"@mch	
"cač muəj"@cbn	<http://ids.clld.org/values/13-101-829-1>		<http://ids.clld.org/parameters/13-101>		<http://ids.clld.org/values/13-101-174-1>		"amohadəʔto dēwə tōni"@mch	
"ʔɨŋkâ:c"@cbn	<http://ids.clld.org/values/1-510-829-1>		<http://ids.clld.org/parameters/1-510>		<http://ids.clld.org/values/1-510-174-1>		"kahu"@mch	
"pâ:ʔ nâ:n"@cbn	<http://ids.clld.org/values/17-690-829-1>		<http://ids.clld.org/parameters/17-690>		<http://ids.clld.org/values/17-690-174-1>		"ākene yeihəkə"@mch	
"khɔ̂:ŋ (T)"@cbn	<http://ids.clld.org/values/11-180-829-1>		<http://ids.clld.org/parameters/11-180>		<http://ids.clld.org/values/11-180-174-1>		"k-ɨnnɨdɨʔ-komo"@mch	
"chɔ:j chɔ̂:j kɔ̂: (T)"@cbn	<http://ids.clld.org/values/6-750-829-1>		<http://ids.clld.org/parameters/6-750>		<http://ids.clld.org/values/6-750-174-1>		"wōʔmo"@mch	
"hmɔ̂:"@cbn	<http://ids.clld.org/values/1-440-829-1>		<http://ids.clld.org/parameters/1-440>		<http://ids.clld.org/values/1-440-174-1>		"təʔhu"@mch	
"kadɔ́p"@cbn	<http://ids.clld.org/values/4-200-829-1>		<http://ids.clld.org/parameters/4-200>		<http://ids.clld.org/values/4-200-174-1>		"hūʔhə"@mch	
"pâ:ʔ"@cbn	<http://ids.clld.org/values/9-110-829-1>		<http://ids.clld.org/parameters/9-110>		<http://ids.clld.org/values/9-110-174-1>		"tɨdɨ̄dɨ"@mch	
"phuək phéh"@cbn	<http://ids.clld.org/values/2-950-829-1>		<http://ids.clld.org/parameters/2-950>		<http://ids.clld.org/values/2-950-174-1>		"ənwanno"@mch	
"hî:"@cbn	<http://ids.clld.org/values/7-120-829-1>		<http://ids.clld.org/parameters/7-120>		<http://ids.clld.org/values/7-120-174-1>		"mmā"@mch	
"phuək ʔê:n̄"@cbn	<http://ids.clld.org/values/2-942-829-1>		<http://ids.clld.org/parameters/2-942>		<http://ids.clld.org/values/2-942-174-1>		"nɲa"@mch	
"(dô:ŋ thɔŋ) phanow"@cbn	<http://ids.clld.org/values/17-660-829-1>		<http://ids.clld.org/parameters/17-660>		<http://ids.clld.org/values/17-660-174-1>		"ə̄iša"@mch	
"tahâj"@cbn	<http://ids.clld.org/values/1-610-829-1>		<http://ids.clld.org/parameters/1-610>		<http://ids.clld.org/values/1-610-174-1>		"šī"@mch	
"pakuh"@cbn	<http://ids.clld.org/values/10-380-829-1>		<http://ids.clld.org/parameters/10-380>		<http://ids.clld.org/values/10-380-174-1>		"yaičumā-dɨ"@mch	
"chîm"@cbn	<http://ids.clld.org/values/4-150-829-1>		<http://ids.clld.org/parameters/4-150>		<http://ids.clld.org/values/4-150-174-1>		"munu"@mch	
"paphraw"@cbn	<http://ids.clld.org/values/2-220-829-1>		<http://ids.clld.org/parameters/2-220>		<http://ids.clld.org/values/2-220-174-1>		"wodi"@mch	
"taphɔ́k"@cbn	<http://ids.clld.org/values/12-930-829-1>		<http://ids.clld.org/parameters/12-930>		<http://ids.clld.org/values/12-930-174-1>		"w-ekamhiaka-nə"@mch	
"patîn̄"@cbn	<http://ids.clld.org/values/1-840-829-1>		<http://ids.clld.org/parameters/1-840>		<http://ids.clld.org/values/1-840-174-1>		"wedēnnə"@mch	
"khajâ:l"@cbn	<http://ids.clld.org/values/1-720-829-1>		<http://ids.clld.org/parameters/1-720>		<http://ids.clld.org/values/1-720-174-1>		"hehēnčə"@mch	
"klɔ̂m (T+N)"@cbn	<http://ids.clld.org/values/12-810-829-1>		<http://ids.clld.org/parameters/12-810>		<http://ids.clld.org/values/12-810-174-1>		"kokkoduhaʔto"@mch	
"phaʔ"@cbn	<http://ids.clld.org/values/2-350-829-1>		<http://ids.clld.org/parameters/2-350>		<http://ids.clld.org/values/2-350-174-1>		"haha"@mch	
"(khɔ:) kê:n̄"@cbn	<http://ids.clld.org/values/4-320-829-1>		<http://ids.clld.org/parameters/4-320>		<http://ids.clld.org/values/4-320-174-1>		"ə̄ʔmu"@mch	
"kuən kuə̂n truč trûč"@cbn	<http://ids.clld.org/values/2-250-829-1>		<http://ids.clld.org/parameters/2-250>		<http://ids.clld.org/values/2-250-174-1>		"mudekə̄kə"@mch	
"ʔɨncîəm"@cbn	<http://ids.clld.org/values/3-581-829-1>		<http://ids.clld.org/parameters/3-581>		<http://ids.clld.org/values/3-581-174-1>		"hawi"@mch	
"chɔ̂:k"@cbn	<http://ids.clld.org/values/4-142-829-1>		<http://ids.clld.org/parameters/4-142>		<http://ids.clld.org/values/4-142-174-1>		"ettəmuho"@mch	
"ʔɨnlîəm"@cbn	<http://ids.clld.org/values/4-344-829-1>		<http://ids.clld.org/parameters/4-344>		<http://ids.clld.org/values/4-344-174-1>		"əmmi"@mch	
"hnɛ̂:c"@cbn	<http://ids.clld.org/values/12-560-829-1>		<http://ids.clld.org/parameters/12-560>		<http://ids.clld.org/values/12-560-174-1>		"šeʔkə"@mch	
"hɨncɔ́k / ʔɨnc��́k"@cbn	<http://ids.clld.org/values/15-680-829-1>		<http://ids.clld.org/parameters/15-680>		<http://ids.clld.org/values/15-680-174-1>		"šēne"@mch	
"khrap"@cbn	<http://ids.clld.org/values/8-311-829-1>		<http://ids.clld.org/parameters/8-311>		<http://ids.clld.org/values/8-311-174-1>		"čə̄huʔhə"@mch	
"ʔɨŋkhɨ̂n"@cbn	<http://ids.clld.org/values/10-610-829-1>		<http://ids.clld.org/parameters/10-610>		<http://ids.clld.org/values/10-610-174-1>		"-adə̄-"@mch	
"thriəp phak"@cbn	<http://ids.clld.org/values/10-530-829-1>		<http://ids.clld.org/parameters/10-530>		<http://ids.clld.org/values/10-530-174-1>		"-aheʔka-dɨ"@mch	
"jak"@cbn	<http://ids.clld.org/values/1-830-829-1>		<http://ids.clld.org/parameters/1-830>		<http://ids.clld.org/values/1-830-174-1>		"widīnčə"@mch	
"tɔ́h"@cbn	<http://ids.clld.org/values/4-410-829-1>		<http://ids.clld.org/parameters/4-410>		<http://ids.clld.org/values/4-410-174-1>		"ʔdohɨ-dɨ"@mch	
"pâ:ʔ hŋâ:n"@cbn	<http://ids.clld.org/values/9-120-829-1>		<http://ids.clld.org/parameters/9-120>		<http://ids.clld.org/values/9-120-174-1>		"tadawāhu"@mch	
"kuən kûən paphraw"@cbn	<http://ids.clld.org/values/2-260-829-1>		<http://ids.clld.org/parameters/2-260>		<http://ids.clld.org/values/2-260-174-1>		"wodi-ʔčə"@mch	
"kadîən kamát"@cbn	<http://ids.clld.org/values/1-860-829-1>		<http://ids.clld.org/parameters/1-860>		<http://ids.clld.org/values/1-860-174-1>		"-kemetə-"@mch	
"phrâj"@cbn	<http://ids.clld.org/values/1-750-829-1>		<http://ids.clld.org/parameters/1-750>		<http://ids.clld.org/values/1-750-174-1>		"konōho"@mch	
"chɛ̂r"@cbn	<http://ids.clld.org/values/12-320-829-1>		<http://ids.clld.org/parameters/12-320>		<http://ids.clld.org/values/12-320-174-1>		"nonohoʔčə"@mch	
"(rih) fâ:j chû:"@cbn	<http://ids.clld.org/values/8-920-829-1>		<http://ids.clld.org/parameters/8-920>		<http://ids.clld.org/values/8-920-174-1>		"kɨdēde"@mch	
"pê:n̄"@cbn	<http://ids.clld.org/values/2-460-829-1>		<http://ids.clld.org/parameters/2-460>		<http://ids.clld.org/values/2-460-174-1>		"kōko"@mch	
"thôw"@cbn	<http://ids.clld.org/values/10-510-829-1>		<http://ids.clld.org/parameters/10-510>		<http://ids.clld.org/values/10-510-174-1>		"w-ə̄nehē-nə"@mch	
"(nâ:) hmat"@cbn	<http://ids.clld.org/values/4-204-829-1>		<http://ids.clld.org/parameters/4-204>		<http://ids.clld.org/values/4-204-174-1>		"heʔ-dɨ"@mch	
"pɛ̂n̄"@cbn	<http://ids.clld.org/values/20-620-829-1>		<http://ids.clld.org/parameters/20-620>		<http://ids.clld.org/values/20-620-174-1>		"t-ɨwə̄-dɨ"@mch	
"hmɛ:ʔ"@cbn	<http://ids.clld.org/values/2-360-829-1>		<http://ids.clld.org/parameters/2-360>		<http://ids.clld.org/values/2-360-174-1>		"denɨ"@mch	
"plî:w kámát"@cbn	<http://ids.clld.org/values/1-820-829-1>		<http://ids.clld.org/parameters/1-820>		<http://ids.clld.org/values/1-820-174-1>		"wāʔto"@mch	
"nɔ̂:m"@cbn	<http://ids.clld.org/values/11-110-829-1>		<http://ids.clld.org/parameters/11-110>		<http://ids.clld.org/values/11-110-174-1>		"tɨweiye wənɲe"@mch	
"phro:k n̄ûm"@cbn	<http://ids.clld.org/values/16-320-829-1>		<http://ids.clld.org/parameters/16-320>		<http://ids.clld.org/values/16-320-174-1>		"wentumhe"@mch	
"khrʌp"@cbn	<http://ids.clld.org/values/1-410-829-1>		<http://ids.clld.org/parameters/1-410>		<http://ids.clld.org/values/1-410-174-1>		"čūta"@mch	
"(duəŋ) tahâj"@cbn	<http://ids.clld.org/values/1-520-829-1>		<http://ids.clld.org/parameters/1-520>		<http://ids.clld.org/values/1-520-174-1>		"šī"@mch	
"cê:c"@cbn	<http://ids.clld.org/values/12-232-829-1>		<http://ids.clld.org/parameters/12-232>		<http://ids.clld.org/values/12-232-174-1>		"yātohətɨdɨ"@mch	
"ʔî:k muəj tɔ:ŋ (T+N)"@cbn	<http://ids.clld.org/values/14-350-829-1>		<http://ids.clld.org/parameters/14-350>		<http://ids.clld.org/values/14-350-174-1>		"dea"@mch	
"kap"@cbn	<http://ids.clld.org/values/20-640-829-1>		<http://ids.clld.org/parameters/20-640>		<http://ids.clld.org/values/20-640-174-1>		"hāno"@mch	
"niəŋlîəŋ"@cbn	<http://ids.clld.org/values/3-583-829-1>		<http://ids.clld.org/parameters/3-583>		<http://ids.clld.org/values/3-583-174-1>		"tadāya"@mch	
"hlâ: ʔa:chrû:p (T+N)"@cbn	<http://ids.clld.org/values/8-680-829-1>		<http://ids.clld.org/parameters/8-680>		<http://ids.clld.org/values/8-680-174-1>		"kawai"@mch	
"khaj kalîn̄"@cbn	<http://ids.clld.org/values/5-791-829-1>		<http://ids.clld.org/parameters/5-791>		<http://ids.clld.org/values/5-791-174-1>		"kātɨ"@mch	
"tɨ̂n"@cbn	<http://ids.clld.org/values/10-210-829-1>		<http://ids.clld.org/parameters/10-210>		<http://ids.clld.org/values/10-210-174-1>		"w-ənuʔnə"@mch	
"phuək n̄in"@cbn	<http://ids.clld.org/values/2-960-829-1>		<http://ids.clld.org/parameters/2-960>		<http://ids.clld.org/values/2-960-174-1>		"tɨnwano"@mch	
"hnɔ̂:m khwa:m súk (N+T)"@cbn	<http://ids.clld.org/values/16-230-829-1>		<http://ids.clld.org/parameters/16-230>		<http://ids.clld.org/values/16-230-174-1>		"takwanɲe"@mch	
"ʔɨŋkrɔ̂:m"@cbn	<http://ids.clld.org/values/12-340-829-1>		<http://ids.clld.org/parameters/12-340>		<http://ids.clld.org/values/12-340-174-1>		"nwaʔkəi"@mch	
"pakâ:c"@cbn	<http://ids.clld.org/values/1-540-829-1>		<http://ids.clld.org/parameters/1-540>		<http://ids.clld.org/values/1-540-174-1>		"šidīčə"@mch	
"jɔ́k phro:k"@cbn	<http://ids.clld.org/values/4-940-829-1>		<http://ids.clld.org/parameters/4-940>		<http://ids.clld.org/values/4-940-174-1>		"sekumhe"@mch	
"jɔ:ŋ"@cbn	<http://ids.clld.org/values/2-470-829-1>		<http://ids.clld.org/parameters/2-470>		<http://ids.clld.org/values/2-470-174-1>		"-tamū-du"@mch	
"kadô:t (T)"@cbn	<http://ids.clld.org/values/10-430-829-1>		<http://ids.clld.org/parameters/10-430>		<http://ids.clld.org/values/10-430-174-1>		"w-ahanɨn-nə"@mch	
"paphraw pachuʔ"@cbn	<http://ids.clld.org/values/2-471-829-1>		<http://ids.clld.org/parameters/2-471>		<http://ids.clld.org/values/2-471-174-1>		"noʔsamoʔkɨ"@mch	
"tî:"@cbn	<http://ids.clld.org/values/1-212-829-1>		<http://ids.clld.org/parameters/1-212>		<http://ids.clld.org/values/1-212-174-1>		"nono"@mch	
"hnîəŋ"@cbn	<http://ids.clld.org/values/4-392-829-1>		<http://ids.clld.org/parameters/4-392>		<http://ids.clld.org/values/4-392-174-1>		"ahəʔsai"@mch	
"ba: chûəj"@cbn	<http://ids.clld.org/values/13-104-829-1>		<http://ids.clld.org/parameters/13-104>		<http://ids.clld.org/values/13-104-174-1>		"tōni ssoto"@mch	
"kûan ʔɨmphrâ:"@cbn	<http://ids.clld.org/values/2-750-829-1>		<http://ids.clld.org/parameters/2-750>		<http://ids.clld.org/values/2-750-174-1>		"tunkemhɨnɨ"@mch	
"chanun"@cbn	<http://ids.clld.org/values/10-710-829-3>		<http://ids.clld.org/parameters/10-710>		<http://ids.clld.org/values/10-710-174-1>		"ə̄ma"@mch	
"chî:ŋ"@cbn	<http://ids.clld.org/values/6-350-829-1>		<http://ids.clld.org/parameters/6-350>		<http://ids.clld.org/values/6-350-174-1>		"šōka-dɨ"@mch	
"(pâ:ʔ) ja:ŋ hâ:n"@cbn	<http://ids.clld.org/values/17-610-829-1>		<http://ids.clld.org/parameters/17-610>		<http://ids.clld.org/values/17-610-174-1>		"ākene"@mch	
"cakáč"@cbn	<http://ids.clld.org/values/15-840-829-1>		<http://ids.clld.org/parameters/15-840>		<http://ids.clld.org/values/15-840-174-1>		"ssedēhe"@mch	
"(ʔɔ̂:) cha:mó:ʔ"@cbn	<http://ids.clld.org/values/17-640-829-1>		<http://ids.clld.org/parameters/17-640>		<http://ids.clld.org/values/17-640-174-1>		"ākene"@mch	
"bɔ́k (kho:ʔ)"@cbn	<http://ids.clld.org/values/16-620-829-1>		<http://ids.clld.org/parameters/16-620>		<http://ids.clld.org/values/16-620-174-1>		"hyumma-dɨ"@mch	
"bít"@cbn	<http://ids.clld.org/values/9-343-829-1>		<http://ids.clld.org/parameters/9-343>		<http://ids.clld.org/values/9-343-174-1>		"eʔkukā-dɨ"@mch	
"sana:m ʔɨmphat (T+N)"@cbn	<http://ids.clld.org/values/7-150-829-1>		<http://ids.clld.org/parameters/7-150>		<http://ids.clld.org/values/7-150-174-1>		"hɨdōdo"@mch	
"dúkhâj"@cbn	<http://ids.clld.org/values/14-310-829-1>		<http://ids.clld.org/parameters/14-310>		<http://ids.clld.org/values/14-310-174-1>		"wenēne"@mch	
"chûəŋ"@cbn	<http://ids.clld.org/values/9-250-829-1>		<http://ids.clld.org/parameters/9-250>		<http://ids.clld.org/values/9-250-174-1>		"wɨ̄wɨ"@mch	
"khrɔ:pkhruə (T)"@cbn	<http://ids.clld.org/values/2-820-829-1>		<http://ids.clld.org/parameters/2-820>		<http://ids.clld.org/values/2-820-174-1>		"himmə"@mch	
"phro:k"@cbn	<http://ids.clld.org/values/5-125-829-3>		<http://ids.clld.org/parameters/5-125>		<http://ids.clld.org/values/5-125-174-1>		"čə̄tāhə"@mch	
"ʔɨncîəm ʔɨnlîəŋ"@cbn	<http://ids.clld.org/values/3-594-829-1>		<http://ids.clld.org/parameters/3-594>		<http://ids.clld.org/values/3-594-174-1>		"hadūma"@mch	
"n̄în"@cbn	<http://ids.clld.org/values/2-930-829-1>		<http://ids.clld.org/parameters/2-930>		<http://ids.clld.org/values/2-930-174-1>		"tɨwɨ"@mch	
"thu:l"@cbn	<http://ids.clld.org/values/14-270-829-1>		<http://ids.clld.org/parameters/14-270>		<http://ids.clld.org/values/14-270-174-1>		"w-əʔka-nə"@mch	
"khu:l"@cbn	<http://ids.clld.org/values/9-221-829-1>		<http://ids.clld.org/parameters/9-221>		<http://ids.clld.org/values/9-221-174-1>		"čūhiya-dɨ"@mch	
"khu:l"@cbn	<http://ids.clld.org/values/9-221-829-1>		<http://ids.clld.org/parameters/9-221>		<http://ids.clld.org/values/9-221-174-3>		"yaʔka-dɨ"@mch	
"ʔɨntáp"@cbn	<http://ids.clld.org/values/3-930-829-1>		<http://ids.clld.org/parameters/3-930>		<http://ids.clld.org/values/3-930-174-1>		"kɨdatay"@mch	
"pâ:k"@cbn	<http://ids.clld.org/values/9-260-829-1>		<http://ids.clld.org/parameters/9-260>		<http://ids.clld.org/values/9-260-174-1>		"-išiča-dɨ"@mch	
"cho:k ʔɨmwâ:r"@cbn	<http://ids.clld.org/values/9-190-829-1>		<http://ids.clld.org/parameters/9-190>		<http://ids.clld.org/values/9-190-174-1>		"āʔto"@mch	
"pacha:ŋ ja:m"@cbn	<http://ids.clld.org/values/18-110-829-1>		<http://ids.clld.org/parameters/18-110>		<http://ids.clld.org/values/18-110-174-1>		"kəʔtɨnnə"@mch	
"kamát"@cbn	<http://ids.clld.org/values/1-810-829-1>		<http://ids.clld.org/parameters/1-810>		<http://ids.clld.org/values/1-810-174-1>		"wāʔto"@mch	
"lâ:ŋ (T)"@cbn	<http://ids.clld.org/values/9-360-829-1>		<http://ids.clld.org/parameters/9-360>		<http://ids.clld.org/values/9-360-174-1>		"-ičoʔka-dɨ"@mch	
"khanâ:"@cbn	<http://ids.clld.org/values/3-622-829-1>		<http://ids.clld.org/parameters/3-622>		<http://ids.clld.org/values/3-622-174-1>		"dawāde"@mch	
"ʔɨmpûaj"@cbn	<http://ids.clld.org/values/3-580-829-1>		<http://ids.clld.org/parameters/3-580>		<http://ids.clld.org/values/3-580-174-1>		"danɲami"@mch	
"jɔ́k"@cbn	<http://ids.clld.org/values/4-350-829-1>		<http://ids.clld.org/parameters/4-350>		<http://ids.clld.org/values/4-350-174-1>		"hētɨ"@mch	
"ʔatô:"@cbn	<http://ids.clld.org/values/12-550-829-1>		<http://ids.clld.org/parameters/12-550>		<http://ids.clld.org/values/12-550-174-1>		"nuwe"@mch	
"pachu:ʔ"@cbn	<http://ids.clld.org/values/14-150-829-1>		<http://ids.clld.org/parameters/14-150>		<http://ids.clld.org/values/14-150-174-1>		"henaʔdohə"@mch	
"chan̄âŋ"@cbn	<http://ids.clld.org/values/4-352-829-1>		<http://ids.clld.org/parameters/4-352>		<http://ids.clld.org/values/4-352-174-1>		"hōde"@mch	
"panʔû:"@cbn	<http://ids.clld.org/values/18-130-829-1>		<http://ids.clld.org/parameters/18-130>		<http://ids.clld.org/values/18-130-174-1>		"kəʔtɨn-nə"@mch	
"paníh"@cbn	<http://ids.clld.org/values/2-100-829-1>		<http://ids.clld.org/parameters/2-100>		<http://ids.clld.org/values/2-100-174-1>		"ssoto"@mch	
"pachâ:"@cbn	<http://ids.clld.org/values/18-240-829-1>		<http://ids.clld.org/parameters/18-240>		<http://ids.clld.org/values/18-240-174-1>		"āʔdewʔkwe"@mch	
"khalɛ́ʔ"@cbn	<http://ids.clld.org/values/16-720-829-1>		<http://ids.clld.org/parameters/16-720>		<http://ids.clld.org/values/16-720-174-1>		"kənemhɨnɨ"@mch	
"kɔ̂:ŋ"@cbn	<http://ids.clld.org/values/6-740-829-1>		<http://ids.clld.org/parameters/6-740>		<http://ids.clld.org/values/6-740-174-1>		"ahəʔmɨy"@mch	
"tɔ:n ʔɔ̂:"@cbn	<http://ids.clld.org/values/14-180-829-1>		<http://ids.clld.org/parameters/14-180>		<http://ids.clld.org/values/14-180-174-1>		"edūwa"@mch	
"kadɔ́p ʔɨntâ:"@cbn	<http://ids.clld.org/values/19-240-829-1>		<http://ids.clld.org/parameters/19-240>		<http://ids.clld.org/values/19-240-174-1>		"ədāhə"@mch	
"hra:n̄"@cbn	<http://ids.clld.org/values/11-810-829-1>		<http://ids.clld.org/parameters/11-810>		<http://ids.clld.org/values/11-810-174-1>		"ehēma-dɨ"@mch	
"hru:j"@cbn	<http://ids.clld.org/values/3-830-829-1>		<http://ids.clld.org/parameters/3-830>		<http://ids.clld.org/values/3-830-174-1>		"wedēsede"@mch	
"ten hram (T)"@cbn	<http://ids.clld.org/values/10-440-829-1>		<http://ids.clld.org/parameters/10-440>		<http://ids.clld.org/values/10-440-174-1>		"-ənwa-"@mch	
"tɔ:n ʔɨmlu:ʔ"@cbn	<http://ids.clld.org/values/14-460-829-1>		<http://ids.clld.org/parameters/14-460>		<http://ids.clld.org/values/14-460-174-1>		"čomomɨdawə"@mch	
"(chûr) cɔ:kcɔ̂:k"@cbn	<http://ids.clld.org/values/3-740-829-1>		<http://ids.clld.org/parameters/3-740>		<http://ids.clld.org/values/3-740-174-1>		"awadudi"@mch	
"phaníh khuh thah cakɔ̂:"@cbn	<http://ids.clld.org/values/19-520-829-1>		<http://ids.clld.org/parameters/19-520>		<http://ids.clld.org/values/19-520-174-1>		"tuʔde"@mch	
"pacû:n"@cbn	<http://ids.clld.org/values/15-690-829-1>		<http://ids.clld.org/parameters/15-690>		<http://ids.clld.org/values/15-690-174-1>		"kɨnota"@mch	
"kûl"@cbn	<http://ids.clld.org/values/11-210-829-1>		<http://ids.clld.org/parameters/11-210>		<http://ids.clld.org/values/11-210-174-1>		"utūdu"@mch	
"câ:ʔ"@cbn	<http://ids.clld.org/values/5-110-829-1>		<http://ids.clld.org/parameters/5-110>		<http://ids.clld.org/values/5-110-174-1>		"wowašīnčənə"@mch	
"kathaʔ (T)"@cbn	<http://ids.clld.org/values/5-280-829-1>		<http://ids.clld.org/parameters/5-280>		<http://ids.clld.org/values/5-280-174-1>		"ʔtadī-yɨ"@mch	
"phuək ʔê:n̄"@cbn	<http://ids.clld.org/values/2-941-829-1>		<http://ids.clld.org/parameters/2-941>		<http://ids.clld.org/values/2-941-174-1>		"kɨwɨ"@mch	
"kha hmâ:n"@cbn	<http://ids.clld.org/values/2-630-829-1>		<http://ids.clld.org/parameters/2-630>		<http://ids.clld.org/values/2-630-174-1>		"-hannɨ-dɨ"@mch	
"phéh"@cbn	<http://ids.clld.org/values/2-920-829-1>		<http://ids.clld.org/parameters/2-920>		<http://ids.clld.org/values/2-920-174-1>		"əmədə"@mch	
"thale: (T)"@cbn	<http://ids.clld.org/values/1-320-829-1>		<http://ids.clld.org/parameters/1-320>		<http://ids.clld.org/values/1-320-174-1>		"dama"@mch	
"carîh"@cbn	<http://ids.clld.org/values/4-400-829-1>		<http://ids.clld.org/parameters/4-400>		<http://ids.clld.org/values/4-400-174-1>		"dōʔta"@mch	
"kachaʔ"@cbn	<http://ids.clld.org/values/9-760-829-1>		<http://ids.clld.org/parameters/9-760>		<http://ids.clld.org/values/9-760-174-1>		"wɨ̄wa"@mch	
"kacɔ́k (T)"@cbn	<http://ids.clld.org/values/6-960-829-1>		<http://ids.clld.org/parameters/6-960>		<http://ids.clld.org/values/6-960-174-1>		"hekūde"@mch	
"pâ:ʔ phlê:ŋ"@cbn	<http://ids.clld.org/values/18-120-829-1>		<http://ids.clld.org/parameters/18-120>		<http://ids.clld.org/values/18-120-174-1>		"we[kantā]ʔɲənə"@mch	
"tʌ̂l"@cbn	<http://ids.clld.org/values/8-531-829-1>		<http://ids.clld.org/parameters/8-531>		<http://ids.clld.org/values/8-531-174-1>		"aiʔčɨdɨ"@mch	
"katûər"@cbn	<http://ids.clld.org/values/4-220-829-1>		<http://ids.clld.org/parameters/4-220>		<http://ids.clld.org/values/4-220-174-1>		"hāna"@mch	
"naŋ no:ŋ"@cbn	<http://ids.clld.org/values/8-930-829-1>		<http://ids.clld.org/parameters/8-930>		<http://ids.clld.org/values/8-930-174-1>		"kankudu"@mch	
"krɨkkrɔ̂:ŋ (T)"@cbn	<http://ids.clld.org/values/17-130-829-1>		<http://ids.clld.org/parameters/17-130>		<http://ids.clld.org/values/17-130-174-1>		"tɨtahə-nə"@mch	
"ʔɨnɨû:"@cbn	<http://ids.clld.org/values/1-530-829-1>		<http://ids.clld.org/parameters/1-530>		<http://ids.clld.org/values/1-530-174-1>		"nūnə"@mch	
"cač ba:r"@cbn	<http://ids.clld.org/values/13-102-829-1>		<http://ids.clld.org/parameters/13-102>		<http://ids.clld.org/values/13-102-174-1>		"amohadəʔto dēwə āʔkə"@mch	
"hriəp (T)"@cbn	<http://ids.clld.org/values/15-770-829-1>		<http://ids.clld.org/parameters/15-770>		<http://ids.clld.org/values/15-770-174-1>		"tɨwansuʔde"@mch	
"lamûm lamu:j"@cbn	<http://ids.clld.org/values/15-750-829-1>		<http://ids.clld.org/parameters/15-750>		<http://ids.clld.org/values/15-750-174-1>		"tɨwansuʔde"@mch	
"khlî:n̄"@cbn	<http://ids.clld.org/values/12-570-829-1>		<http://ids.clld.org/parameters/12-570>		<http://ids.clld.org/values/12-570-174-1>		"nuwe"@mch	
"ʔo:ŋ mɔ̂m"@cbn	<http://ids.clld.org/values/2-521-829-3>		<http://ids.clld.org/parameters/2-521>		<http://ids.clld.org/values/2-521-174-1>		"denɨ"@mch	
"ʔa:r"@cbn	<http://ids.clld.org/values/10-470-829-1>		<http://ids.clld.org/parameters/10-470>		<http://ids.clld.org/values/10-470-174-1>		"wɨʔtə̄-nə"@mch	
"cakáč phɔ́ʔ"@cbn	<http://ids.clld.org/values/15-840-829-2>		<http://ids.clld.org/parameters/15-840>		<http://ids.clld.org/values/15-840-174-1>		"ssedēhe"@mch	
"jut rakhɛ́h"@cbn	<http://ids.clld.org/values/4-912-829-1>		<http://ids.clld.org/parameters/4-912>		<http://ids.clld.org/values/4-912-174-1>		"wə̄dētanə"@mch	
"rachâ: (T)"@cbn	<http://ids.clld.org/values/4-860-829-1>		<http://ids.clld.org/parameters/4-860>		<http://ids.clld.org/values/4-860-174-1>		"adonkadɨ"@mch	
"hnâ:m"@cbn	<http://ids.clld.org/values/14-730-829-1>		<http://ids.clld.org/parameters/14-730>		<http://ids.clld.org/values/14-730-174-1>		"wedɨ"@mch	
"khɛ̂m (T)"@cbn	<http://ids.clld.org/values/15-630-829-1>		<http://ids.clld.org/parameters/15-630>		<http://ids.clld.org/values/15-630-174-1>		"tɨhe"@mch	
"lô:ŋ"@cbn	<http://ids.clld.org/values/10-480-829-1>		<http://ids.clld.org/parameters/10-480>		<http://ids.clld.org/values/10-480-174-1>		"w-eʔ-nə"@mch	
"tɨ́t ʔa:r"@cbn	<http://ids.clld.org/values/10-474-829-1>		<http://ids.clld.org/parameters/10-474>		<http://ids.clld.org/values/10-474-174-1>		"w-ehaʔka-nə"@mch	
"chu:č"@cbn	<http://ids.clld.org/values/4-853-829-1>		<http://ids.clld.org/parameters/4-853>		<http://ids.clld.org/values/4-853-174-1>		"awonɲəʔkādɨ"@mch	
"pha.ʔ ʔɨnchî:r"@cbn	<http://ids.clld.org/values/2-610-829-1>		<http://ids.clld.org/parameters/2-610>		<http://ids.clld.org/values/2-610-174-1>		"wōdɨ̄mə"@mch	
"laʔûn"@cbn	<http://ids.clld.org/values/4-820-829-1>		<http://ids.clld.org/parameters/4-820>		<http://ids.clld.org/values/4-820-174-1>		"āʔkedēto"@mch	
"khlî:c"@cbn	<http://ids.clld.org/values/3-350-829-1>		<http://ids.clld.org/parameters/3-350>		<http://ids.clld.org/values/3-350-174-1>		"[kūši]"@mch	
"pɔ̂: phɔktaj"@cbn	<http://ids.clld.org/values/6-450-829-1>		<http://ids.clld.org/parameters/6-450>		<http://ids.clld.org/values/6-450-174-1>		"wōʔmo"@mch	
"ʔɨntâ:k"@cbn	<http://ids.clld.org/values/4-260-829-1>		<http://ids.clld.org/parameters/4-260>		<http://ids.clld.org/values/4-260-174-1>		"ɲūdu"@mch	
"pɔ̂l min"@cbn	<http://ids.clld.org/values/5-490-829-3>		<http://ids.clld.org/parameters/5-490>		<http://ids.clld.org/values/5-490-174-1>		"-oima-dɨ"@mch	
"kamát"@cbn	<http://ids.clld.org/values/7-450-829-1>		<http://ids.clld.org/parameters/7-450>		<http://ids.clld.org/values/7-450-174-1>		"adāwa"@mch	
"rô:m fâ: (hwa)"@cbn	<http://ids.clld.org/values/20-610-829-3>		<http://ids.clld.org/parameters/20-610>		<http://ids.clld.org/values/20-610-174-1>		"emanɲuhɨdɨ"@mch	
"dâ:k chrih"@cbn	<http://ids.clld.org/values/1-390-829-1>		<http://ids.clld.org/parameters/1-390>		<http://ids.clld.org/values/1-390-174-1>		"yedukadɨ"@mch	
"pâ:ŋ"@cbn	<http://ids.clld.org/values/4-240-829-1>		<http://ids.clld.org/parameters/4-240>		<http://ids.clld.org/values/4-240-174-1>		"ənta"@mch	
"pâ:ʔ ʔɨmpráp"@cbn	<http://ids.clld.org/values/16-670-829-3>		<http://ids.clld.org/parameters/16-670>		<http://ids.clld.org/values/16-670-174-1>		"-enkutə-"@mch	
"pɔ̂:"@cbn	<http://ids.clld.org/values/4-620-829-1>		<http://ids.clld.org/parameters/4-620>		<http://ids.clld.org/values/4-620-174-1>		"wənētɨnə"@mch	
"phɔ:ŋ"@cbn	<http://ids.clld.org/values/5-970-829-1>		<http://ids.clld.org/parameters/5-970>		<http://ids.clld.org/values/5-970-174-1>		"iʔmoi"@mch	
"jûr"@cbn	<http://ids.clld.org/values/15-890-829-1>		<http://ids.clld.org/parameters/15-890>		<http://ids.clld.org/values/15-890-174-1>		"deyude"@mch	
"phɔp"@cbn	<http://ids.clld.org/values/19-650-829-1>		<http://ids.clld.org/parameters/19-650>		<http://ids.clld.org/values/19-650-174-1>		"edantə-dɨ"@mch	
"câw paphraw"@cbn	<http://ids.clld.org/values/2-490-829-1>		<http://ids.clld.org/parameters/2-490>		<http://ids.clld.org/values/2-490-174-1>		"hādɨ"@mch	
"tam chû:"@cbn	<http://ids.clld.org/values/1-420-829-1>		<http://ids.clld.org/parameters/1-420>		<http://ids.clld.org/values/1-420-174-1>		"dē"@mch	
"(cowdô:ŋ) thaŋ now"@cbn	<http://ids.clld.org/values/17-650-829-1>		<http://ids.clld.org/parameters/17-650>		<http://ids.clld.org/values/17-650-174-1>		"əičənnāwəkə"@mch	
"kûr"@cbn	<http://ids.clld.org/values/1-220-829-1>		<http://ids.clld.org/parameters/1-220>		<http://ids.clld.org/values/1-220-174-1>		"hɨ̄"@mch	
"tha:"@cbn	<http://ids.clld.org/values/3-570-829-1>		<http://ids.clld.org/parameters/3-570>		<http://ids.clld.org/values/3-570-174-1>		"[hātu]"@mch	
"pakɛ:w phɔ̂ŋ (phana:ʔ =chilli pasta)"@cbn	<http://ids.clld.org/values/5-821-829-1>		<http://ids.clld.org/parameters/5-821>		<http://ids.clld.org/values/5-821-174-1>		"homi"@mch	
"ŋiək"@cbn	<http://ids.clld.org/values/4-270-829-1>		<http://ids.clld.org/parameters/4-270>		<http://ids.clld.org/values/4-270-174-1>		"dedɨ"@mch	
"rakhɛ́h"@cbn	<http://ids.clld.org/values/4-910-829-1>		<http://ids.clld.org/parameters/4-910>		<http://ids.clld.org/values/4-910-174-1>		"tɨkinča"@mch	
"mâj"@cbn	<http://ids.clld.org/values/2-910-829-1>		<http://ids.clld.org/parameters/2-910>		<http://ids.clld.org/values/2-910-174-1>		"ɨwɨ"@mch	
"khɔn chi:r"@cbn	<http://ids.clld.org/values/11-310-829-1>		<http://ids.clld.org/parameters/11-310>		<http://ids.clld.org/values/11-310-174-1>		"uhīyɨ"@mch	
"thɛh"@cbn	<http://ids.clld.org/values/5-410-829-1>		<http://ids.clld.org/parameters/5-410>		<http://ids.clld.org/values/5-410-174-1>		"əwainši"@mch	
"noŋna:ŋ"@cbn	<http://ids.clld.org/values/3-818-829-1>		<http://ids.clld.org/parameters/3-818>		<http://ids.clld.org/values/3-818-174-1>		"modoy"@mch	
"dû:t brî:"@cbn	<http://ids.clld.org/values/8-690-829-1>		<http://ids.clld.org/parameters/8-690>		<http://ids.clld.org/values/8-690-174-1>		"-eima-"@mch	
"thɔ̂ŋ"@cbn	<http://ids.clld.org/values/12-130-829-1>		<http://ids.clld.org/parameters/12-130>		<http://ids.clld.org/values/12-130-174-1>		"w-atahhimā-nə"@mch	
"kwâ:ŋ (T)"@cbn	<http://ids.clld.org/values/12-610-829-1>		<http://ids.clld.org/parameters/12-610>		<http://ids.clld.org/values/12-610-174-1>		"taʔhuhūne"@mch	
"tûəl"@cbn	<http://ids.clld.org/values/6-240-829-1>		<http://ids.clld.org/parameters/6-240>		<http://ids.clld.org/values/6-240-174-1>		"wadēkū"@mch	
"cɔŋ"@cbn	<http://ids.clld.org/values/1-851-829-1>		<http://ids.clld.org/parameters/1-851>		<http://ids.clld.org/values/1-851-174-1>		"ukā-dɨ"@mch	
"(ʔɔ́:k) phɔktâj"@cbn	<http://ids.clld.org/values/6-120-829-1>		<http://ids.clld.org/parameters/6-120>		<http://ids.clld.org/values/6-120-174-1>		"womɨ"@mch	
"kalʔɔ̂ŋ ʔɨnlîəm"@cbn	<http://ids.clld.org/values/4-345-829-1>		<http://ids.clld.org/parameters/4-345>		<http://ids.clld.org/values/4-345-174-1>		"əmmi"@mch	
"khajûəl"@cbn	<http://ids.clld.org/values/9-341-829-3>		<http://ids.clld.org/parameters/9-341>		<http://ids.clld.org/values/9-341-174-1>		"-ewaʔtə-dɨ"@mch	
"pankhû:"@cbn	<http://ids.clld.org/values/19-510-829-1>		<http://ids.clld.org/parameters/19-510>		<http://ids.clld.org/values/19-510-174-1>		"weičakōno"@mch	
"trôw"@cbn	<http://ids.clld.org/values/10-720-829-1>		<http://ids.clld.org/parameters/10-720>		<http://ids.clld.org/values/10-720-174-1>		"ə̄ma"@mch	
"tâ:n̄"@cbn	<http://ids.clld.org/values/6-330-829-1>		<http://ids.clld.org/parameters/6-330>		<http://ids.clld.org/values/6-330-174-1>		"tɨʔkaʔhɨdɨ"@mch	
"kuə̂n truč trûč"@cbn	<http://ids.clld.org/values/2-410-829-1>		<http://ids.clld.org/parameters/2-410>		<http://ids.clld.org/values/2-410-174-1>		"nnedɨ"@mch	
"hâj"@cbn	<http://ids.clld.org/values/14-410-829-1>		<http://ids.clld.org/parameters/14-410>		<http://ids.clld.org/values/14-410-174-1>		"anə̄to"@mch	
"chê:c"@cbn	<http://ids.clld.org/values/9-280-829-1>		<http://ids.clld.org/parameters/9-280>		<http://ids.clld.org/values/9-280-174-1>		"-iši-"@mch	
"phlê:n̄"@cbn	<http://ids.clld.org/values/15-660-829-1>		<http://ids.clld.org/parameters/15-660>		<http://ids.clld.org/values/15-660-174-1>		"seweičato"@mch	
"chadâ:c"@cbn	<http://ids.clld.org/values/15-350-829-1>		<http://ids.clld.org/parameters/15-350>		<http://ids.clld.org/values/15-350-174-1>		"kādo"@mch	
"chɔ̂:k"@cbn	<http://ids.clld.org/values/4-393-829-1>		<http://ids.clld.org/parameters/4-393>		<http://ids.clld.org/values/4-393-174-1>		"iʔhōʔtɨ"@mch	
"hmák"@cbn	<http://ids.clld.org/values/2-230-829-1>		<http://ids.clld.org/parameters/2-230>		<http://ids.clld.org/values/2-230-174-1>		"danwa"@mch	
"thamê:c mɔ́ʔ"@cbn	<http://ids.clld.org/values/16-810-829-1>		<http://ids.clld.org/parameters/16-810>		<http://ids.clld.org/values/16-810-174-1>		"inɲatahe"@mch	
"ʔɨmrâŋ"@cbn	<http://ids.clld.org/values/7-220-829-1>		<http://ids.clld.org/parameters/7-220>		<http://ids.clld.org/values/7-220-174-1>		"mɨnātata"@mch	
"hâ:"@cbn	<http://ids.clld.org/values/20-240-829-1>		<http://ids.clld.org/parameters/20-240>		<http://ids.clld.org/values/20-240-174-1>		"šimāda ehɨ̄dɨ"@mch	
"kə̂:t"@cbn	<http://ids.clld.org/values/4-720-829-1>		<http://ids.clld.org/parameters/4-720>		<http://ids.clld.org/values/4-720-174-1>		"w-ennu-nə"@mch	
"kachʌŋ"@cbn	<http://ids.clld.org/values/15-810-829-1>		<http://ids.clld.org/parameters/15-810>		<http://ids.clld.org/values/15-810-174-1>		"tamənɲato"@mch	
"chaʔúč"@cbn	<http://ids.clld.org/values/5-125-829-1>		<http://ids.clld.org/parameters/5-125>		<http://ids.clld.org/values/5-125-174-1>		"čə̄tāhə"@mch	
"phuŋ"@cbn	<http://ids.clld.org/values/4-460-829-1>		<http://ids.clld.org/parameters/4-460>		<http://ids.clld.org/values/4-460-174-1>		"dudūnoi"@mch	
"cow"@cbn	<http://ids.clld.org/values/10-481-829-2>		<http://ids.clld.org/parameters/10-481>		<http://ids.clld.org/values/10-481-174-1>		"w-ennakā-nə"@mch	
"cač"@cbn	<http://ids.clld.org/values/13-100-829-1>		<http://ids.clld.org/parameters/13-100>		<http://ids.clld.org/values/13-100-174-1>		"amohadə"@mch	
"female)"@cbn	<http://ids.clld.org/values/2-430-829-4>		<http://ids.clld.org/parameters/2-430>		<http://ids.clld.org/values/2-430-174-1>		"nnedɨ"@mch	
"hɔ̂:"@cbn	<http://ids.clld.org/values/10-140-829-1>		<http://ids.clld.org/parameters/10-140>		<http://ids.clld.org/values/10-140-174-1>		"weməīya"@mch	
"ʔo:ŋ mɔ̂m"@cbn	<http://ids.clld.org/values/2-522-829-3>		<http://ids.clld.org/parameters/2-522>		<http://ids.clld.org/values/2-522-174-1>		"waynɲeʔney"@mch	
"pliw"@cbn	<http://ids.clld.org/values/10-380-829-3>		<http://ids.clld.org/parameters/10-380>		<http://ids.clld.org/values/10-380-174-1>		"yaičumā-dɨ"@mch	
"cih krɔ̂:m"@cbn	<http://ids.clld.org/values/10-473-829-1>		<http://ids.clld.org/parameters/10-473>		<http://ids.clld.org/values/10-473-174-1>		"hɨ̄ʔwakādə"@mch	
"kɔ́ʔ (T)"@cbn	<http://ids.clld.org/values/1-250-829-1>		<http://ids.clld.org/parameters/1-250>		<http://ids.clld.org/values/1-250-174-1>		"dantadɨ"@mch	
"miəw"@cbn	<http://ids.clld.org/values/3-620-829-1>		<http://ids.clld.org/parameters/3-620>		<http://ids.clld.org/values/3-620-174-1>		"[mēši]"@mch	
"thî:"@cbn	<http://ids.clld.org/values/3-980-829-1>		<http://ids.clld.org/parameters/3-980>		<http://ids.clld.org/values/3-980-174-1>		"heʔde"@mch	
"ʔɨncî:ʔ truč trûč"@cbn	<http://ids.clld.org/values/2-445-829-1>		<http://ids.clld.org/parameters/2-445>		<http://ids.clld.org/values/2-445-174-1>		"šīʔčɨ"@mch	
"n̄ɛ̂:t"@cbn	<http://ids.clld.org/values/13-170-829-1>		<http://ids.clld.org/parameters/13-170>		<http://ids.clld.org/values/13-170-174-1>		"ākəʔkə"@mch	
"hrop soŋkhrâ:m (T)"@cbn	<http://ids.clld.org/values/20-130-829-1>		<http://ids.clld.org/parameters/20-130>		<http://ids.clld.org/values/20-130-174-1>		"wənə"@mch	
"nû:j"@cbn	<http://ids.clld.org/values/4-880-829-1>		<http://ids.clld.org/parameters/4-880>		<http://ids.clld.org/values/4-880-174-1>		"əhi"@mch	
"catâm"@cbn	<http://ids.clld.org/values/12-630-829-1>		<http://ids.clld.org/parameters/12-630>		<http://ids.clld.org/values/12-630-174-1>		"hūšīhe"@mch	
"khɛ:p (T)"@cbn	<http://ids.clld.org/values/12-620-829-1>		<http://ids.clld.org/parameters/12-620>		<http://ids.clld.org/values/12-620-174-3>		"anwakɨme"@mch	
"khɛ:p (T)"@cbn	<http://ids.clld.org/values/12-620-829-1>		<http://ids.clld.org/parameters/12-620>		<http://ids.clld.org/values/12-620-174-1>		"danwadɨ"@mch	
"muəj cho:k"@cbn	<http://ids.clld.org/values/13-105-829-1>		<http://ids.clld.org/parameters/13-105>		<http://ids.clld.org/values/13-105-174-1>		"hyātodea ssoto"@mch	
"khɛ̂:n (T)"@cbn	<http://ids.clld.org/values/4-310-829-1>		<http://ids.clld.org/parameters/4-310>		<http://ids.clld.org/values/4-310-174-1>		"aʔhə"@mch	
"tâ:"@cbn	<http://ids.clld.org/values/4-570-829-1>		<http://ids.clld.org/parameters/4-570>		<http://ids.clld.org/values/4-570-174-1>		"wenaʔtahəʔeʔnə"@mch	
"ʔɨnrək"@cbn	<http://ids.clld.org/values/1-450-829-1>		<http://ids.clld.org/parameters/1-450>		<http://ids.clld.org/values/1-450-174-1>		"dehūši"@mch	
"phra:j phrâ:j"@cbn	<http://ids.clld.org/values/2-251-829-1>		<http://ids.clld.org/parameters/2-251>		<http://ids.clld.org/values/2-251-174-1>		"mudēši"@mch	
"mɔ:k"@cbn	<http://ids.clld.org/values/1-730-829-1>		<http://ids.clld.org/parameters/1-730>		<http://ids.clld.org/values/1-730-174-1>		"kāʔdutu"@mch	
"thɨ̂:l"@cbn	<http://ids.clld.org/values/15-790-829-1>		<http://ids.clld.org/parameters/15-790>		<http://ids.clld.org/values/15-790-174-1>		"tuhuʔhūdato"@mch	
"kûən"@cbn	<http://ids.clld.org/values/2-430-829-1>		<http://ids.clld.org/parameters/2-430>		<http://ids.clld.org/values/2-430-174-1>		"nnedɨ"@mch	
"tanûn"@cbn	<http://ids.clld.org/values/7-370-829-1>		<http://ids.clld.org/parameters/7-370>		<http://ids.clld.org/values/7-370-174-1>		"inɲahuʔtahə"@mch	
"khúh"@cbn	<http://ids.clld.org/values/17-560-829-1>		<http://ids.clld.org/parameters/17-560>		<http://ids.clld.org/values/17-560-174-1>		"mmʔhm"@mch	
"phak lo:ŋ"@cbn	<http://ids.clld.org/values/10-620-829-1>		<http://ids.clld.org/parameters/10-620>		<http://ids.clld.org/values/10-620-174-1>		"-enehɨ"@mch	
"chûəj (T)"@cbn	<http://ids.clld.org/values/11-250-829-1>		<http://ids.clld.org/parameters/11-250>		<http://ids.clld.org/values/11-250-174-1>		"ewanakādɨ"@mch	
"si: (T)"@cbn	<http://ids.clld.org/values/9-880-829-1>		<http://ids.clld.org/parameters/9-880>		<http://ids.clld.org/values/9-880-174-1>		"wānai"@mch	
"cakhrûŋ"@cbn	<http://ids.clld.org/values/16-250-829-1>		<http://ids.clld.org/parameters/16-250>		<http://ids.clld.org/values/16-250-174-1>		"waʔsenɲo"@mch	
"rɨə / hɨə bɔ́t (T)"@cbn	<http://ids.clld.org/values/10-831-829-1>		<http://ids.clld.org/parameters/10-831>		<http://ids.clld.org/values/10-831-174-1>		"[kanowa]"@mch	
"chûəŋ"@cbn	<http://ids.clld.org/values/20-222-829-1>		<http://ids.clld.org/parameters/20-222>		<http://ids.clld.org/values/20-222-174-1>		"wɨ̄wɨ"@mch	
"tabûŋ"@cbn	<http://ids.clld.org/values/3-750-829-1>		<http://ids.clld.org/parameters/3-750>		<http://ids.clld.org/values/3-750-174-1>		"kawādi"@mch	
"phrô:ŋ"@cbn	<http://ids.clld.org/values/16-110-829-1>		<http://ids.clld.org/parameters/16-110>		<http://ids.clld.org/values/16-110-174-1>		"dōʔta"@mch	
"câw truč trûč"@cbn	<http://ids.clld.org/values/2-480-829-1>		<http://ids.clld.org/parameters/2-480>		<http://ids.clld.org/values/2-480-174-1>		"hādɨ"@mch	
"thamûr / châ:j"@cbn	<http://ids.clld.org/values/3-820-829-1>		<http://ids.clld.org/parameters/3-820>		<http://ids.clld.org/values/3-820-174-1>		"wannə"@mch	
"khɔ:p"@cbn	<http://ids.clld.org/values/12-353-829-1>		<http://ids.clld.org/parameters/12-353>		<http://ids.clld.org/values/12-353-174-1>		"čəʔhiyu"@mch	
"chatô:m"@cbn	<http://ids.clld.org/values/12-410-829-1>		<http://ids.clld.org/parameters/12-410>		<http://ids.clld.org/values/12-410-174-1>		"əmuʔdemhɨnɨ"@mch	
"hwák"@cbn	<http://ids.clld.org/values/9-341-829-1>		<http://ids.clld.org/parameters/9-341>		<http://ids.clld.org/values/9-341-174-1>		"-ewaʔtə-dɨ"@mch	
"wa:t hru:p"@cbn	<http://ids.clld.org/values/9-890-829-1>		<http://ids.clld.org/parameters/9-890>		<http://ids.clld.org/values/9-890-174-1>		"wemānʔa"@mch	
"rə̂:m tamî:ʔ (T+N)"@cbn	<http://ids.clld.org/values/14-250-829-1>		<http://ids.clld.org/parameters/14-250>		<http://ids.clld.org/values/14-250-174-1>		"ahəntədɨ"@mch	
"chuŋ"@cbn	<http://ids.clld.org/values/4-370-829-1>		<http://ids.clld.org/parameters/4-370>		<http://ids.clld.org/values/4-370-174-1>		"hūdu"@mch	
"lɔ̂:p"@cbn	<http://ids.clld.org/values/15-780-829-1>		<http://ids.clld.org/parameters/15-780>		<http://ids.clld.org/values/15-780-174-1>		"ākə̄tədɨ"@mch	
"cɛ̂:ŋ (T)"@cbn	<http://ids.clld.org/values/15-570-829-1>		<http://ids.clld.org/parameters/15-570>		<http://ids.clld.org/values/15-570-174-1>		"taʔwane"@mch	
"waj (T)"@cbn	<http://ids.clld.org/values/14-210-829-1>		<http://ids.clld.org/parameters/14-210>		<http://ids.clld.org/values/14-210-174-1>		"tamhə̄ʔne"@mch	
"priət"@cbn	<http://ids.clld.org/values/15-650-829-1>		<http://ids.clld.org/parameters/15-650>		<http://ids.clld.org/values/15-650-174-1>		"hudumato"@mch	
"chûən (T)"@cbn	<http://ids.clld.org/values/8-130-829-1>		<http://ids.clld.org/parameters/8-130>		<http://ids.clld.org/values/8-130-174-1>		"awdwāhə"@mch	
"ʔannôw"@cbn	<http://ids.clld.org/values/17-670-829-1>		<http://ids.clld.org/parameters/17-670>		<http://ids.clld.org/values/17-670-174-1>		"əišə̄no"@mch	
"phu:t rɨəŋ"@cbn	<http://ids.clld.org/values/18-221-829-1>		<http://ids.clld.org/parameters/18-221>		<http://ids.clld.org/values/18-221-174-1>		"mēʔkuʔtə̄dɨ"@mch	
"hraj"@cbn	<http://ids.clld.org/values/3-811-829-2>		<http://ids.clld.org/parameters/3-811>		<http://ids.clld.org/values/3-811-174-1>		"dāmə"@mch	
"chû: khî:t"@cbn	<http://ids.clld.org/values/1-870-829-1>		<http://ids.clld.org/parameters/1-870>		<http://ids.clld.org/values/1-870-174-1>		"tɨsočāmɨ"@mch	
"ʔɨnthɔ:k"@cbn	<http://ids.clld.org/values/22-350-829-1>		<http://ids.clld.org/parameters/22-350>		<http://ids.clld.org/values/22-350-174-1>		"kahūšawa"@mch	
"pô:ŋ"@cbn	<http://ids.clld.org/values/5-120-829-1>		<http://ids.clld.org/parameters/5-120>		<http://ids.clld.org/values/5-120-174-1>		"mudūkuku"@mch	
"chaj phuŋ"@cbn	<http://ids.clld.org/values/4-461-829-1>		<http://ids.clld.org/parameters/4-461>		<http://ids.clld.org/values/4-461-174-1>		"hyōtɨ"@mch	
