"ʔɨnchî:r"@cbn	<http://ids.clld.org/values/4-920-829-1>		<http://ids.clld.org/parameters/4-920>		<http://ids.clld.org/values/4-920-232-1>		"'c̷uχʷum-"@cjh	
"tapho:k (T)"@cbn	<http://ids.clld.org/values/4-463-829-1>		<http://ids.clld.org/parameters/4-463>		<http://ids.clld.org/values/4-463-232-1>		"'čəm-"@cjh	
"dâ:k eih"@cbn	<http://ids.clld.org/values/1-353-829-1>		<http://ids.clld.org/parameters/1-353>		<http://ids.clld.org/values/1-353-232-1>		"'namiyḳ"@cjh	
"chuŋ mɔh"@cbn	<http://ids.clld.org/values/4-230-829-1>		<http://ids.clld.org/parameters/4-230>		<http://ids.clld.org/values/4-230-232-1>		"'məḳsin-"@cjh	
"chʌj"@cbn	<http://ids.clld.org/values/4-840-829-1>		<http://ids.clld.org/parameters/4-840>		<http://ids.clld.org/values/4-840-232-3>		"'tač"@cjh	
"chʌj"@cbn	<http://ids.clld.org/values/4-840-829-1>		<http://ids.clld.org/parameters/4-840>		<http://ids.clld.org/values/4-840-232-1>		"'ɬəčˀ"@cjh	
"chʌj"@cbn	<http://ids.clld.org/values/4-840-829-1>		<http://ids.clld.org/parameters/4-840>		<http://ids.clld.org/values/4-840-232-5>		"χaw-"@cjh	
"pâ:ʔ"@cbn	<http://ids.clld.org/values/9-440-829-3>		<http://ids.clld.org/parameters/9-440>		<http://ids.clld.org/values/9-440-232-1>		"ḳˀə'laχanˀ"@cjh	
"tâm chû:"@cbn	<http://ids.clld.org/values/8-600-829-1>		<http://ids.clld.org/parameters/8-600>		<http://ids.clld.org/values/8-600-232-1>		"'tɬˀəš"@cjh	
"tâm chû:"@cbn	<http://ids.clld.org/values/8-600-829-1>		<http://ids.clld.org/parameters/8-600>		<http://ids.clld.org/values/8-600-232-3>		"tɬˀaš-"@cjh	
"pacɛt"@cbn	<http://ids.clld.org/values/4-750-829-1>		<http://ids.clld.org/parameters/4-750>		<http://ids.clld.org/values/4-750-232-1>		"'ʔatmin-"@cjh	
"kadâŋ"@cbn	<http://ids.clld.org/values/4-203-829-1>		<http://ids.clld.org/parameters/4-203>		<http://ids.clld.org/values/4-203-232-1>		"tɬˀa'laš"@cjh	
"kadâŋ"@cbn	<http://ids.clld.org/values/4-203-829-1>		<http://ids.clld.org/parameters/4-203>		<http://ids.clld.org/values/4-203-232-3>		"'yəc̷ḳ-"@cjh	
"chû:"@cbn	<http://ids.clld.org/values/1-430-829-1>		<http://ids.clld.org/parameters/1-430>		<http://ids.clld.org/values/1-430-232-1>		"'tɬˀəš-tɬˀaš-"@cjh	
"khajlaŋ"@cbn	<http://ids.clld.org/values/4-451-829-1>		<http://ids.clld.org/parameters/4-451>		<http://ids.clld.org/values/4-451-232-1>		"mə'tˀus-"@cjh	
"khan̄â:j"@cbn	<http://ids.clld.org/values/5-180-829-1>		<http://ids.clld.org/parameters/5-180>		<http://ids.clld.org/values/5-180-232-1>		"kʷˀa'ya-"@cjh	
"kûən nî:c"@cbn	<http://ids.clld.org/values/2-280-829-3>		<http://ids.clld.org/parameters/2-280>		<http://ids.clld.org/values/2-280-232-1>		"ḳʷa'ya-"@cjh	
"chûət"@cbn	<http://ids.clld.org/values/4-441-829-1>		<http://ids.clld.org/parameters/4-441>		<http://ids.clld.org/values/4-441-232-1>		"'pˀus-"@cjh	
"lam kɔ̂:"@cbn	<http://ids.clld.org/values/4-290-829-1>		<http://ids.clld.org/parameters/4-290>		<http://ids.clld.org/values/4-290-232-1>		"'məḳʷˀ-"@cjh	
"kɔ̂:"@cbn	<http://ids.clld.org/values/4-280-829-1>		<http://ids.clld.org/parameters/4-280>		<http://ids.clld.org/values/4-280-232-1>		"'χətɬˀ-"@cjh	
"katâŋ"@cbn	<http://ids.clld.org/values/15-370-829-1>		<http://ids.clld.org/parameters/15-370>		<http://ids.clld.org/values/15-370-232-1>		"'tɬˀəɬ"@cjh	
"hnɔ:k"@cbn	<http://ids.clld.org/values/4-854-829-2>		<http://ids.clld.org/parameters/4-854>		<http://ids.clld.org/values/4-854-232-1>		"'c̷ˀaḳa-"@cjh	
"ʔuə̂č"@cbn	<http://ids.clld.org/values/1-880-829-1>		<http://ids.clld.org/parameters/1-880>		<http://ids.clld.org/values/1-880-232-1>		"'χʷā-"@cjh	
"chrîn̄ (T)"@cbn	<http://ids.clld.org/values/3-591-829-1>		<http://ids.clld.org/parameters/3-591>		<http://ids.clld.org/values/3-591-232-1>		"wa'yəχ"@cjh	
"mɔ:k khajâ:k chô:ŋ dâ:k"@cbn	<http://ids.clld.org/values/1-590-829-1>		<http://ids.clld.org/parameters/1-590>		<http://ids.clld.org/values/1-590-232-1>		"'xʷəplˀḳn"@cjh	
"pu:n̄ ʔɨŋkûj"@cbn	<http://ids.clld.org/values/4-610-829-1>		<http://ids.clld.org/parameters/4-610>		<http://ids.clld.org/values/4-610-232-1>		"'mˀus-"@cjh	
"chû: hrâ:č"@cbn	<http://ids.clld.org/values/9-380-829-1>		<http://ids.clld.org/parameters/9-380>		<http://ids.clld.org/values/9-380-232-1>		"'xʷakʷa-"@cjh	
"mɛ̂n̄"@cbn	<http://ids.clld.org/values/4-241-829-1>		<http://ids.clld.org/parameters/4-241>		<http://ids.clld.org/values/4-241-232-1>		"'ɬəkʷˀ-"@cjh	
"hnûr"@cbn	<http://ids.clld.org/values/4-612-829-1>		<http://ids.clld.org/parameters/4-612>		<http://ids.clld.org/values/4-612-232-1>		"'χʷōlan-"@cjh	
"dâ:k krî:ŋ"@cbn	<http://ids.clld.org/values/1-770-829-1>		<http://ids.clld.org/parameters/1-770>		<http://ids.clld.org/values/1-770-232-1>		"ḳˀa'xʷa-"@cjh	
"(tî:) ʔɨntɨl"@cbn	<http://ids.clld.org/values/1-215-829-1>		<http://ids.clld.org/parameters/1-215>		<http://ids.clld.org/values/1-215-232-1>		"c̷ˀa'χæʔs"@cjh	
"kadâ:r"@cbn	<http://ids.clld.org/values/7-570-829-1>		<http://ids.clld.org/parameters/7-570>		<http://ids.clld.org/values/7-570-232-1>		"siɬ-"@cjh	
"kakhî:r"@cbn	<http://ids.clld.org/values/3-814-829-1>		<http://ids.clld.org/parameters/3-814>		<http://ids.clld.org/values/3-814-232-1>		"'ʔaxʷpˀaḳˀimɬn"@cjh	
"chalu:t kachîn̄"@cbn	<http://ids.clld.org/values/4-191-829-1>		<http://ids.clld.org/parameters/4-191>		<http://ids.clld.org/values/4-191-232-3>		"'šawˀ"@cjh	
"chalu:t kachîn̄"@cbn	<http://ids.clld.org/values/4-191-829-1>		<http://ids.clld.org/parameters/4-191>		<http://ids.clld.org/values/4-191-232-1>		"'nəw-"@cjh	
"chalu:t kachîn̄"@cbn	<http://ids.clld.org/values/4-191-829-1>		<http://ids.clld.org/parameters/4-191>		<http://ids.clld.org/values/4-191-232-5>		"χaw-"@cjh	
"n̄ah"@cbn	<http://ids.clld.org/values/17-510-829-1>		<http://ids.clld.org/parameters/17-510>		<http://ids.clld.org/values/17-510-232-1>		"ča"@cjh	
"n̄ah"@cbn	<http://ids.clld.org/values/17-510-829-1>		<http://ids.clld.org/parameters/17-510>		<http://ids.clld.org/values/17-510-232-3>		"pəs"@cjh	
"puŋ níh"@cbn	<http://ids.clld.org/values/4-430-829-1>		<http://ids.clld.org/parameters/4-430>		<http://ids.clld.org/values/4-430-232-1>		"ma'čiwˀ"@cjh	
"ʔɨmruŋ ʔɨnthɔ:k"@cbn	<http://ids.clld.org/values/4-790-829-1>		<http://ids.clld.org/parameters/4-790>		<http://ids.clld.org/values/4-790-232-1>		"'makʷˀt"@cjh	
"padâj"@cbn	<http://ids.clld.org/values/4-492-829-1>		<http://ids.clld.org/parameters/4-492>		<http://ids.clld.org/values/4-492-232-1>		"'pəlḳ-"@cjh	
"chanɔ̂:k"@cbn	<http://ids.clld.org/values/4-854-829-4>		<http://ids.clld.org/parameters/4-854>		<http://ids.clld.org/values/4-854-232-1>		"'c̷ˀaḳa-"@cjh	
"hmat"@cbn	<http://ids.clld.org/values/4-210-829-1>		<http://ids.clld.org/parameters/4-210>		<http://ids.clld.org/values/4-210-232-1>		"'tawˀ"@cjh	
"chɛ̂n chîm priət"@cbn	<http://ids.clld.org/values/4-151-829-3>		<http://ids.clld.org/parameters/4-151>		<http://ids.clld.org/values/4-151-232-1>		"wa'səlˀ"@cjh	
"pôŋ naŋ rɛh"@cbn	<http://ids.clld.org/values/5-420-829-1>		<http://ids.clld.org/parameters/5-420>		<http://ids.clld.org/values/5-420-232-1>		"'pət-"@cjh	
"lu:k n̄um"@cbn	<http://ids.clld.org/values/4-440-829-1>		<http://ids.clld.org/parameters/4-440>		<http://ids.clld.org/values/4-440-232-1>		"'ḳʷəlam-"@cjh	
"rɨə / hɨə (T)"@cbn	<http://ids.clld.org/values/10-830-829-1>		<http://ids.clld.org/parameters/10-830>		<http://ids.clld.org/values/10-830-232-1>		"'put"@cjh	
"chalʌk"@cbn	<http://ids.clld.org/values/5-190-829-1>		<http://ids.clld.org/parameters/5-190>		<http://ids.clld.org/values/5-190-232-3>		"'ḳəḳ-"@cjh	
"chalʌk"@cbn	<http://ids.clld.org/values/5-190-829-1>		<http://ids.clld.org/parameters/5-190>		<http://ids.clld.org/values/5-190-232-1>		"'mic̷ˀi-"@cjh	
"chɔ̂:k"@cbn	<http://ids.clld.org/values/6-280-829-1>		<http://ids.clld.org/parameters/6-280>		<http://ids.clld.org/values/6-280-232-1>		"tˀa'min"@cjh	
"dâ:k mɔh"@cbn	<http://ids.clld.org/values/4-232-829-1>		<http://ids.clld.org/parameters/4-232>		<http://ids.clld.org/values/4-232-232-1>		"'tˀəp-"@cjh	
"phrɔʔ (ti:) (T)"@cbn	<http://ids.clld.org/values/17-520-829-1>		<http://ids.clld.org/parameters/17-520>		<http://ids.clld.org/values/17-520-232-1>		"ḳas"@cjh	
"mɛ̂n̄"@cbn	<http://ids.clld.org/values/4-250-829-1>		<http://ids.clld.org/parameters/4-250>		<http://ids.clld.org/values/4-250-232-1>		"kʷa'təl-"@cjh	
"talâ:c"@cbn	<http://ids.clld.org/values/4-930-829-1>		<http://ids.clld.org/parameters/4-930>		<http://ids.clld.org/values/4-930-232-1>		"'ɬuḳʷˀ-"@cjh	
"dâ:k hmat"@cbn	<http://ids.clld.org/values/16-380-829-1>		<http://ids.clld.org/parameters/16-380>		<http://ids.clld.org/values/16-380-232-1>		"'ḳāʔ"@cjh	
"kabɔ̂ŋ"@cbn	<http://ids.clld.org/values/4-360-829-1>		<http://ids.clld.org/parameters/4-360>		<http://ids.clld.org/values/4-360-232-1>		"ta'nˀis-"@cjh	
"chu:č"@cbn	<http://ids.clld.org/values/4-854-829-1>		<http://ids.clld.org/parameters/4-854>		<http://ids.clld.org/values/4-854-232-1>		"'c̷ˀaḳa-"@cjh	
"char tʌ̂j"@cbn	<http://ids.clld.org/values/4-342-829-1>		<http://ids.clld.org/parameters/4-342>		<http://ids.clld.org/values/4-342-232-1>		"šɬč'tunway-"@cjh	
"lô:ŋ lɛc"@cbn	<http://ids.clld.org/values/10-550-829-1>		<http://ids.clld.org/parameters/10-550>		<http://ids.clld.org/values/10-550-232-1>		"'ɬeʔ"@cjh	
"hmûəc"@cbn	<http://ids.clld.org/values/3-817-829-1>		<http://ids.clld.org/parameters/3-817>		<http://ids.clld.org/values/3-817-232-1>		"c̷ˀ'skiyaḳ-"@cjh	
"ho:m dâ:k"@cbn	<http://ids.clld.org/values/4-690-829-1>		<http://ids.clld.org/parameters/4-690>		<http://ids.clld.org/values/4-690-232-1>		"'pˀǣχluwˀ"@cjh	
"phanah"@cbn	<http://ids.clld.org/values/4-300-829-1>		<http://ids.clld.org/parameters/4-300>		<http://ids.clld.org/values/4-300-232-1>		"'tˀəčˀ-"@cjh	
"dâ:k phûŋ"@cbn	<http://ids.clld.org/values/1-370-829-1>		<http://ids.clld.org/parameters/1-370>		<http://ids.clld.org/values/1-370-232-1>		"'c̷iḳʷi-"@cjh	
"dâ:k phûŋ"@cbn	<http://ids.clld.org/values/1-370-829-1>		<http://ids.clld.org/parameters/1-370>		<http://ids.clld.org/values/1-370-232-3>		"'ḳāʔ"@cjh	
"muəj ʔan"@cbn	<http://ids.clld.org/values/13-330-829-1>		<http://ids.clld.org/parameters/13-330>		<http://ids.clld.org/values/13-330-232-1>		"'ʔuc̷ˀs"@cjh	
"(nâ:) ʔɨŋhâ:j"@cbn	<http://ids.clld.org/values/4-205-829-1>		<http://ids.clld.org/parameters/4-205>		<http://ids.clld.org/values/4-205-232-1>		"'pukʷis-"@cjh	
"hnâ:m"@cbn	<http://ids.clld.org/values/4-120-829-1>		<http://ids.clld.org/parameters/4-120>		<http://ids.clld.org/values/4-120-232-1>		"tɬˀ'ʔičɬ-"@cjh	
"chûŋlak"@cbn	<http://ids.clld.org/values/4-312-829-1>		<http://ids.clld.org/parameters/4-312>		<http://ids.clld.org/values/4-312-232-1>		"'tɬˀəp"@cjh	
"mɔʌ: (T)"@cbn	<http://ids.clld.org/values/4-870-829-1>		<http://ids.clld.org/parameters/4-870>		<http://ids.clld.org/values/4-870-232-1>		"'pəlxʷ-"@cjh	
"kapríc hmat"@cbn	<http://ids.clld.org/values/4-215-829-1>		<http://ids.clld.org/parameters/4-215>		<http://ids.clld.org/values/4-215-232-1>		"ɬip-"@cjh	
"tîəŋ pû:n̄ (T+N)"@cbn	<http://ids.clld.org/values/7-420-829-1>		<http://ids.clld.org/parameters/7-420>		<http://ids.clld.org/values/7-420-232-1>		"c̷ə'kʷi-"@cjh	
"hɔ̂:k"@cbn	<http://ids.clld.org/values/18-410-829-1>		<http://ids.clld.org/parameters/18-410>		<http://ids.clld.org/values/18-410-232-1>		"'tˀəḳʷˀ-"@cjh	
"kalûər khlʌ̂ŋ"@cbn	<http://ids.clld.org/values/4-950-829-1>		<http://ids.clld.org/parameters/4-950>		<http://ids.clld.org/values/4-950-232-1>		"'təḳ-"@cjh	
"kɨ́t"@cbn	<http://ids.clld.org/values/4-580-829-1>		<http://ids.clld.org/parameters/4-580>		<http://ids.clld.org/values/4-580-232-1>		"'tˀəkʷˀ-"@cjh	
"khrâ:n̄"@cbn	<http://ids.clld.org/values/4-590-829-1>		<http://ids.clld.org/parameters/4-590>		<http://ids.clld.org/values/4-590-232-1>		"'tˀaḳʷa-"@cjh	
"tʌ̂j"@cbn	<http://ids.clld.org/values/4-330-829-1>		<http://ids.clld.org/parameters/4-330>		<http://ids.clld.org/values/4-330-232-1>		"'čališ-"@cjh	
"bû:l"@cbn	<http://ids.clld.org/values/4-980-829-1>		<http://ids.clld.org/parameters/4-980>		<http://ids.clld.org/values/4-980-232-1>		"'lam"@cjh	
"bû:l"@cbn	<http://ids.clld.org/values/4-980-829-1>		<http://ids.clld.org/parameters/4-980>		<http://ids.clld.org/values/4-980-232-3>		"'ḳʷōʔ"@cjh	
"pha:kpha:k"@cbn	<http://ids.clld.org/values/3-920-829-1>		<http://ids.clld.org/parameters/3-920>		<http://ids.clld.org/values/3-920-232-1>		"χa'lewχalu"@cjh	
"ʔɨnchat"@cbn	<http://ids.clld.org/values/4-670-829-1>		<http://ids.clld.org/parameters/4-670>		<http://ids.clld.org/values/4-670-232-3>		"'yōmi-"@cjh	
"ʔɨnchat"@cbn	<http://ids.clld.org/values/4-670-829-1>		<http://ids.clld.org/parameters/4-670>		<http://ids.clld.org/values/4-670-232-1>		"c̷a'kʷu-"@cjh	
"hŋɨən"@cbn	<http://ids.clld.org/values/19-170-829-1>		<http://ids.clld.org/parameters/19-170>		<http://ids.clld.org/values/19-170-232-1>		"'tˀanimi-"@cjh	
"tɔ:n ba:j (T)"@cbn	<http://ids.clld.org/values/14-451-829-2>		<http://ids.clld.org/parameters/14-451>		<http://ids.clld.org/values/14-451-232-1>		"ɬu'kʷaɬ"@cjh	
"patúh"@cbn	<http://ids.clld.org/values/4-857-829-1>		<http://ids.clld.org/parameters/4-857>		<http://ids.clld.org/values/4-857-232-1>		"'təmn-"@cjh	
"chadak"@cbn	<http://ids.clld.org/values/4-530-829-1>		<http://ids.clld.org/parameters/4-530>		<http://ids.clld.org/values/4-530-232-1>		"'χʷōʔi-"@cjh	
"chɔ̂:k hmat"@cbn	<http://ids.clld.org/values/4-214-829-1>		<http://ids.clld.org/parameters/4-214>		<http://ids.clld.org/values/4-214-232-1>		"'c̷ˀipxʷ-"@cjh	
"chamô:l"@cbn	<http://ids.clld.org/values/1-630-829-1>		<http://ids.clld.org/parameters/1-630>		<http://ids.clld.org/values/1-630-232-3>		"ḳaḳ-"@cjh	
"chamô:l"@cbn	<http://ids.clld.org/values/1-630-829-1>		<http://ids.clld.org/parameters/1-630>		<http://ids.clld.org/values/1-630-232-1>		"'taḳa-"@cjh	
"ʔɨnchruʔ"@cbn	<http://ids.clld.org/values/3-840-829-1>		<http://ids.clld.org/parameters/3-840>		<http://ids.clld.org/values/3-840-232-1>		"'ḳʷat-"@cjh	
"chɔ̂:k"@cbn	<http://ids.clld.org/values/4-140-829-1>		<http://ids.clld.org/parameters/4-140>		<http://ids.clld.org/values/4-140-232-1>		"čˀə'sis-"@cjh	
"chač"@cbn	<http://ids.clld.org/values/4-841-829-1>		<http://ids.clld.org/parameters/4-841>		<http://ids.clld.org/values/4-841-232-1>		"χʷa'lāʔ"@cjh	
"churchuŋ"@cbn	<http://ids.clld.org/values/4-380-829-1>		<http://ids.clld.org/parameters/4-380>		<http://ids.clld.org/values/4-380-232-1>		"šɬč'tunway-"@cjh	
"câj"@cbn	<http://ids.clld.org/values/9-251-829-1>		<http://ids.clld.org/parameters/9-251>		<http://ids.clld.org/values/9-251-232-1>		"'tɬˀəm-"@cjh	
"rî: hmat"@cbn	<http://ids.clld.org/values/4-215-829-2>		<http://ids.clld.org/parameters/4-215>		<http://ids.clld.org/values/4-215-232-1>		"ɬip-"@cjh	
"khemkhat (T)"@cbn	<http://ids.clld.org/values/6-570-829-1>		<http://ids.clld.org/parameters/6-570>		<http://ids.clld.org/values/6-570-232-1>		"'tˀəḳ-"@cjh	
"chamɔ̂m"@cbn	<http://ids.clld.org/values/2-520-829-1>		<http://ids.clld.org/parameters/2-520>		<http://ids.clld.org/values/2-520-232-1>		"'kʷəɬuʔ-"@cjh	
"thâk (T)"@cbn	<http://ids.clld.org/values/6-921-829-1>		<http://ids.clld.org/parameters/6-921>		<http://ids.clld.org/values/6-921-232-1>		"'ḳˀayac̷ˀi-"@cjh	
"chɛ́c"@cbn	<http://ids.clld.org/values/5-710-829-1>		<http://ids.clld.org/parameters/5-710>		<http://ids.clld.org/values/5-710-232-1>		"ḳʷˀə'li-"@cjh	
"patâ:"@cbn	<http://ids.clld.org/values/4-180-829-1>		<http://ids.clld.org/parameters/4-180>		<http://ids.clld.org/values/4-180-232-1>		"'sups-"@cjh	
"hmâ:n̄"@cbn	<http://ids.clld.org/values/18-310-829-1>		<http://ids.clld.org/parameters/18-310>		<http://ids.clld.org/values/18-310-232-1>		"'sawla-"@cjh	
"thôm chruŋ chawa:ʔ"@cbn	<http://ids.clld.org/values/4-780-829-1>		<http://ids.clld.org/parameters/4-780>		<http://ids.clld.org/values/4-780-232-1>		"'nəm-"@cjh	
"ʔɨŋkâ:c phrúʔ"@cbn	<http://ids.clld.org/values/1-560-829-1>		<http://ids.clld.org/parameters/1-560>		<http://ids.clld.org/values/1-560-232-1>		"'tuḳʷ-"@cjh	
"kadâ:t (T)"@cbn	<http://ids.clld.org/values/18-560-829-1>		<http://ids.clld.org/parameters/18-560>		<http://ids.clld.org/values/18-560-232-1>		"['pipa]"@cjh	
"kathut"@cbn	<http://ids.clld.org/values/4-281-829-1>		<http://ids.clld.org/parameters/4-281>		<http://ids.clld.org/values/4-281-232-1>		"'ʔaw-"@cjh	
"pacít"@cbn	<http://ids.clld.org/values/12-370-829-1>		<http://ids.clld.org/parameters/12-370>		<http://ids.clld.org/values/12-370-232-1>		"'kʷac̷-"@cjh	
"phɛ:n tî:"@cbn	<http://ids.clld.org/values/1-210-829-1>		<http://ids.clld.org/parameters/1-210>		<http://ids.clld.org/values/1-210-232-1>		"tə'miš-"@cjh	
"chrûŋ chuŋ mɔh"@cbn	<http://ids.clld.org/values/4-231-829-1>		<http://ids.clld.org/parameters/4-231>		<http://ids.clld.org/values/4-231-232-1>		"lə'pəxʷ-"@cjh	
"ʔɨnchɔ́h"@cbn	<http://ids.clld.org/values/4-990-829-1>		<http://ids.clld.org/parameters/4-990>		<http://ids.clld.org/values/4-990-232-1>		"mə'ləχʷ-"@cjh	
"kachîn̄"@cbn	<http://ids.clld.org/values/4-190-829-1>		<http://ids.clld.org/parameters/4-190>		<http://ids.clld.org/values/4-190-232-1>		"'ɬawl-"@cjh	
"kha:p (chû:)"@cbn	<http://ids.clld.org/values/8-550-829-1>		<http://ids.clld.org/parameters/8-550>		<http://ids.clld.org/values/8-550-232-1>		"'čˀālˀaš-"@cjh	
"tharâŋ"@cbn	<http://ids.clld.org/values/4-170-829-1>		<http://ids.clld.org/parameters/4-170>		<http://ids.clld.org/values/4-170-232-1>		"wi'nawˀ"@cjh	
"dâ:k"@cbn	<http://ids.clld.org/values/1-310-829-1>		<http://ids.clld.org/parameters/1-310>		<http://ids.clld.org/values/1-310-232-1>		"'ḳāʔ"@cjh	
"kam hâ:"@cbn	<http://ids.clld.org/values/20-250-829-1>		<http://ids.clld.org/parameters/20-250>		<http://ids.clld.org/values/20-250-232-1>		"χəl'χaʔs-"@cjh	
"kawɛ́h"@cbn	<http://ids.clld.org/values/16-660-829-1>		<http://ids.clld.org/parameters/16-660>		<http://ids.clld.org/values/16-660-232-1>		"'naxʷɬ-"@cjh	
"ʔɨmlɔ̂:k"@cbn	<http://ids.clld.org/values/4-301-829-1>		<http://ids.clld.org/parameters/4-301>		<http://ids.clld.org/values/4-301-232-3>		"'čǣ"@cjh	
"ʔɨmlɔ̂:k"@cbn	<http://ids.clld.org/values/4-301-829-1>		<http://ids.clld.org/parameters/4-301>		<http://ids.clld.org/values/4-301-232-1>		"'šawˀ"@cjh	
"kacɛ́t"@cbn	<http://ids.clld.org/values/4-760-829-1>		<http://ids.clld.org/parameters/4-760>		<http://ids.clld.org/values/4-760-232-1>		"'tixʷni-"@cjh	
"ʔic mɔh"@cbn	<http://ids.clld.org/values/4-232-829-3>		<http://ids.clld.org/parameters/4-232>		<http://ids.clld.org/values/4-232-232-1>		"'tˀəp-"@cjh	
"khiw (T)"@cbn	<http://ids.clld.org/values/4-212-829-1>		<http://ids.clld.org/parameters/4-212>		<http://ids.clld.org/values/4-212-232-1>		"'c̷um-"@cjh	
"dâ:k ʔɨncɔ́h"@cbn	<http://ids.clld.org/values/4-560-829-1>		<http://ids.clld.org/parameters/4-560>		<http://ids.clld.org/values/4-560-232-3>		"'ḳāʔ"@cjh	
"dâ:k ʔɨncɔ́h"@cbn	<http://ids.clld.org/values/4-560-829-1>		<http://ids.clld.org/parameters/4-560>		<http://ids.clld.org/values/4-560-232-1>		"'təχʷs-"@cjh	
"taphâ:n (T)"@cbn	<http://ids.clld.org/values/10-740-829-1>		<http://ids.clld.org/parameters/10-740>		<http://ids.clld.org/values/10-740-232-1>		"'tiwat-"@cjh	
"tiŋ katûər"@cbn	<http://ids.clld.org/values/4-221-829-1>		<http://ids.clld.org/parameters/4-221>		<http://ids.clld.org/values/4-221-232-1>		"'liχ-"@cjh	
"thû:j"@cbn	<http://ids.clld.org/values/5-330-829-1>		<http://ids.clld.org/parameters/5-330>		<http://ids.clld.org/values/5-330-232-1>		"c̷ə'kʷi-"@cjh	
"paʔih phu��"@cbn	<http://ids.clld.org/values/4-640-829-1>		<http://ids.clld.org/parameters/4-640>		<http://ids.clld.org/values/4-640-232-1>		"'pōʔ-"@cjh	
"chalu:t"@cbn	<http://ids.clld.org/values/4-160-829-1>		<http://ids.clld.org/parameters/4-160>		<http://ids.clld.org/values/4-160-232-1>		"'šawˀ"@cjh	
"hnâ:m hmat"@cbn	<http://ids.clld.org/values/4-213-829-1>		<http://ids.clld.org/parameters/4-213>		<http://ids.clld.org/values/4-213-232-1>		"'šic̷-"@cjh	
"lɔ̂:j (N+T)"@cbn	<http://ids.clld.org/values/10-380-829-5>		<http://ids.clld.org/parameters/10-380>		<http://ids.clld.org/values/10-380-232-1>		"'puxʷi-"@cjh	
"hma:p"@cbn	<http://ids.clld.org/values/1-230-829-1>		<http://ids.clld.org/parameters/1-230>		<http://ids.clld.org/values/1-230-232-1>		"'maḳʷam-"@cjh	
"ʔɨŋkûər"@cbn	<http://ids.clld.org/values/8-750-829-1>		<http://ids.clld.org/parameters/8-750>		<http://ids.clld.org/values/8-750-232-1>		"pˀā'lan-"@cjh	
"lɔ:p thup (T)"@cbn	<http://ids.clld.org/values/20-430-829-1>		<http://ids.clld.org/parameters/20-430>		<http://ids.clld.org/values/20-430-232-1>		"ḳa'li-"@cjh	
"fâ: / chawâ:"@cbn	<http://ids.clld.org/values/4-130-829-1>		<http://ids.clld.org/parameters/4-130>		<http://ids.clld.org/values/4-130-232-1>		"'šic̷-"@cjh	
"hɨncɔ́k / ʔɨncɔ́k (+green)"@cbn	<http://ids.clld.org/values/15-670-829-1>		<http://ids.clld.org/parameters/15-670>		<http://ids.clld.org/values/15-670-232-1>		"'ḳʷˀiχ-"@cjh	
"phi:c"@cbn	<http://ids.clld.org/values/16-530-829-1>		<http://ids.clld.org/parameters/16-530>		<http://ids.clld.org/values/16-530-232-1>		"ḳʷa'nu-"@cjh	
"châŋ chû:"@cbn	<http://ids.clld.org/values/9-430-829-1>		<http://ids.clld.org/parameters/9-430>		<http://ids.clld.org/values/9-430-232-1>		"pə'tus-"@cjh	
"dâ:k tɨ̂n"@cbn	<http://ids.clld.org/values/1-354-829-1>		<http://ids.clld.org/parameters/1-354>		<http://ids.clld.org/values/1-354-232-1>		"ta'wǣlˀs"@cjh	
"thamo:ʔ"@cbn	<http://ids.clld.org/values/17-150-829-1>		<http://ids.clld.org/parameters/17-150>		<http://ids.clld.org/values/17-150-232-1>		"'c̷un"@cjh	
"chi:wit (T)"@cbn	<http://ids.clld.org/values/4-740-829-1>		<http://ids.clld.org/parameters/4-740>		<http://ids.clld.org/values/4-740-232-1>		"pˀa'luxʷ"@cjh	
"chi:wit (T)"@cbn	<http://ids.clld.org/values/4-740-829-1>		<http://ids.clld.org/parameters/4-740>		<http://ids.clld.org/values/4-740-232-3>		"'kʷaxʷ-"@cjh	
"cɔmdâ:k kacɛt"@cbn	<http://ids.clld.org/values/4-751-829-1>		<http://ids.clld.org/parameters/4-751>		<http://ids.clld.org/values/4-751-232-1>		"'čˀəɬ-"@cjh	
"raŋkhɛ̂: (T)"@cbn	<http://ids.clld.org/values/4-146-829-1>		<http://ids.clld.org/parameters/4-146>		<http://ids.clld.org/values/4-146-232-1>		"'ʔiɬn"@cjh	
"kaphɔ́t kamát"@cbn	<http://ids.clld.org/values/1-861-829-1>		<http://ids.clld.org/parameters/1-861>		<http://ids.clld.org/values/1-861-232-1>		"'kʷˀəlčˀ-"@cjh	
"lamtúh"@cbn	<http://ids.clld.org/values/4-110-829-1>		<http://ids.clld.org/parameters/4-110>		<http://ids.clld.org/values/4-110-232-1>		"'nawa-"@cjh	
"katɔn"@cbn	<http://ids.clld.org/values/4-462-829-1>		<http://ids.clld.org/parameters/4-462>		<http://ids.clld.org/values/4-462-232-1>		"'wit-"@cjh	
"kachə̂:"@cbn	<http://ids.clld.org/values/18-320-829-1>		<http://ids.clld.org/parameters/18-320>		<http://ids.clld.org/values/18-320-232-1>		"'kʷawˀ-"@cjh	
"lo:k (T)"@cbn	<http://ids.clld.org/values/1-100-829-1>		<http://ids.clld.org/parameters/1-100>		<http://ids.clld.org/values/1-100-232-1>		"tə'miš-"@cjh	
"chɔ̂:k"@cbn	<http://ids.clld.org/values/4-145-829-1>		<http://ids.clld.org/parameters/4-145>		<http://ids.clld.org/values/4-145-232-1>		"'kʷˀans"@cjh	
"tham (T)"@cbn	<http://ids.clld.org/values/1-280-829-1>		<http://ids.clld.org/parameters/1-280>		<http://ids.clld.org/values/1-280-232-1>		"ʔac̷'kʷˀalaxʷɬ"@cjh	
"mun"@cbn	<http://ids.clld.org/values/4-856-829-3>		<http://ids.clld.org/parameters/4-856>		<http://ids.clld.org/values/4-856-232-1>		"pu'su-"@cjh	
"mun"@cbn	<http://ids.clld.org/values/4-856-829-3>		<http://ids.clld.org/parameters/4-856>		<http://ids.clld.org/values/4-856-232-3>		"'ɬəχʷəl-"@cjh	
"ʔɨŋkrâw thiəŋ (T+N)"@cbn	<http://ids.clld.org/values/14-451-829-1>		<http://ids.clld.org/parameters/14-451>		<http://ids.clld.org/values/14-451-232-1>		"ɬu'kʷaɬ"@cjh	
"ʔɨŋkâ:c"@cbn	<http://ids.clld.org/values/1-510-829-1>		<http://ids.clld.org/parameters/1-510>		<http://ids.clld.org/values/1-510-232-1>		"ɬt-"@cjh	
"prathe:t (T)"@cbn	<http://ids.clld.org/values/19-110-829-1>		<http://ids.clld.org/parameters/19-110>		<http://ids.clld.org/values/19-110-232-1>		"tə'miš-"@cjh	
"kûən prîəŋ"@cbn	<http://ids.clld.org/values/3-240-829-3>		<http://ids.clld.org/parameters/3-240>		<http://ids.clld.org/values/3-240-232-1>		"'mus"@cjh	
"póp chawa:ʔ"@cbn	<http://ids.clld.org/values/4-770-829-1>		<http://ids.clld.org/parameters/4-770>		<http://ids.clld.org/values/4-770-232-1>		"'makʷˀt"@cjh	
"hmɔ̂:"@cbn	<http://ids.clld.org/values/1-440-829-1>		<http://ids.clld.org/parameters/1-440>		<http://ids.clld.org/values/1-440-232-1>		"pa'talan-"@cjh	
"hmɔ̂:"@cbn	<http://ids.clld.org/values/1-440-829-1>		<http://ids.clld.org/parameters/1-440>		<http://ids.clld.org/values/1-440-232-3>		"'tawˀ"@cjh	
"hmɔ̂:"@cbn	<http://ids.clld.org/values/1-440-829-1>		<http://ids.clld.org/parameters/1-440>		<http://ids.clld.org/values/1-440-232-5>		"'səwin-"@cjh	
"kadɔ́p"@cbn	<http://ids.clld.org/values/4-200-829-1>		<http://ids.clld.org/parameters/4-200>		<http://ids.clld.org/values/4-200-232-1>		"'matin-"@cjh	
"tahâj"@cbn	<http://ids.clld.org/values/1-610-829-1>		<http://ids.clld.org/parameters/1-610>		<http://ids.clld.org/values/1-610-232-1>		"ḳə'ləχ-"@cjh	
"pakuh"@cbn	<http://ids.clld.org/values/10-380-829-1>		<http://ids.clld.org/parameters/10-380>		<http://ids.clld.org/values/10-380-232-1>		"'puxʷi-"@cjh	
"chîm"@cbn	<http://ids.clld.org/values/4-150-829-1>		<http://ids.clld.org/parameters/4-150>		<http://ids.clld.org/values/4-150-232-1>		"ḳʷi'li(m)-"@cjh	
"phlɛ: n̄uŋ"@cbn	<http://ids.clld.org/values/4-858-829-1>		<http://ids.clld.org/parameters/4-858>		<http://ids.clld.org/values/4-858-232-1>		"'ɬumi-"@cjh	
"patîn̄"@cbn	<http://ids.clld.org/values/1-840-829-1>		<http://ids.clld.org/parameters/1-840>		<http://ids.clld.org/values/1-840-232-1>		"ḳʷˀə'li-"@cjh	
"khajâ:l"@cbn	<http://ids.clld.org/values/1-720-829-1>		<http://ids.clld.org/parameters/1-720>		<http://ids.clld.org/values/1-720-232-1>		"'ɬəčiyaḳ-"@cjh	
"ʔɨntâ:l tʌ̂j"@cbn	<http://ids.clld.org/values/4-331-829-1>		<http://ids.clld.org/parameters/4-331>		<http://ids.clld.org/values/4-331-232-1>		"tˀa'las-"@cjh	
"(khɔ:) kê:n̄"@cbn	<http://ids.clld.org/values/4-320-829-1>		<http://ids.clld.org/parameters/4-320>		<http://ids.clld.org/values/4-320-232-1>		"ta'nˀis-"@cjh	
"kuən kuə̂n truč trûč"@cbn	<http://ids.clld.org/values/2-250-829-1>		<http://ids.clld.org/parameters/2-250>		<http://ids.clld.org/values/2-250-232-1>		"ɬt-"@cjh	
"ʔɨncîəm"@cbn	<http://ids.clld.org/values/3-581-829-1>		<http://ids.clld.org/parameters/3-581>		<http://ids.clld.org/values/3-581-232-1>		"'pēps-"@cjh	
"khô:ŋ (T)"@cbn	<http://ids.clld.org/values/9-140-829-1>		<http://ids.clld.org/parameters/9-140>		<http://ids.clld.org/values/9-140-232-1>		"'puyi-"@cjh	
"chɔ̂:k"@cbn	<http://ids.clld.org/values/4-142-829-1>		<http://ids.clld.org/parameters/4-142>		<http://ids.clld.org/values/4-142-232-1>		"čˀp-"@cjh	
"ʔɨnlîəm"@cbn	<http://ids.clld.org/values/4-344-829-1>		<http://ids.clld.org/parameters/4-344>		<http://ids.clld.org/values/4-344-232-1>		"pap-"@cjh	
"na: pha: (T)"@cbn	<http://ids.clld.org/values/1-222-829-1>		<http://ids.clld.org/parameters/1-222>		<http://ids.clld.org/values/1-222-232-1>		"sa'ḳˀilalḳʷˀt"@cjh	
"nɔ̂:m phuŋ"@cbn	<http://ids.clld.org/values/4-730-829-1>		<http://ids.clld.org/parameters/4-730>		<http://ids.clld.org/values/4-730-232-1>		"'nəxʷ-"@cjh	
"ʔɨŋkhɨ̂n"@cbn	<http://ids.clld.org/values/10-610-829-1>		<http://ids.clld.org/parameters/10-610>		<http://ids.clld.org/values/10-610-232-1>		"'ʔam-"@cjh	
"jak"@cbn	<http://ids.clld.org/values/1-830-829-1>		<http://ids.clld.org/parameters/1-830>		<http://ids.clld.org/values/1-830-232-1>		"'ḳʷōʔ"@cjh	
"jak"@cbn	<http://ids.clld.org/values/1-830-829-1>		<http://ids.clld.org/parameters/1-830>		<http://ids.clld.org/values/1-830-232-3>		"'ḳʷˀuχʷ-"@cjh	
"tɔ́h"@cbn	<http://ids.clld.org/values/4-410-829-1>		<http://ids.clld.org/parameters/4-410>		<http://ids.clld.org/values/4-410-232-1>		"c̷ˀa'mi-"@cjh	
"kadûm (T)"@cbn	<http://ids.clld.org/values/6-620-829-1>		<http://ids.clld.org/parameters/6-620>		<http://ids.clld.org/values/6-620-232-1>		"'ɬana-"@cjh	
"chaʔâ:p"@cbn	<http://ids.clld.org/values/4-520-829-1>		<http://ids.clld.org/parameters/4-520>		<http://ids.clld.org/values/4-520-232-1>		"'c̷ˀawačˀa"@cjh	
"phrâj"@cbn	<http://ids.clld.org/values/1-750-829-1>		<http://ids.clld.org/parameters/1-750>		<http://ids.clld.org/values/1-750-232-1>		"χa'silˀ"@cjh	
"prîət"@cbn	<http://ids.clld.org/values/4-856-829-1>		<http://ids.clld.org/parameters/4-856>		<http://ids.clld.org/values/4-856-232-1>		"pu'su-"@cjh	
"prîət"@cbn	<http://ids.clld.org/values/4-856-829-1>		<http://ids.clld.org/parameters/4-856>		<http://ids.clld.org/values/4-856-232-3>		"'ɬəχʷəl-"@cjh	
"taliŋ (T)"@cbn	<http://ids.clld.org/values/1-270-829-1>		<http://ids.clld.org/parameters/1-270>		<http://ids.clld.org/values/1-270-232-3>		"tˀəmš-"@cjh	
"taliŋ (T)"@cbn	<http://ids.clld.org/values/1-270-829-1>		<http://ids.clld.org/parameters/1-270>		<http://ids.clld.org/values/1-270-232-1>		"'šəm-"@cjh	
"taliŋ (T)"@cbn	<http://ids.clld.org/values/1-270-829-1>		<http://ids.clld.org/parameters/1-270>		<http://ids.clld.org/values/1-270-232-5>		"'yəl-"@cjh	
"(nâ:) hmat"@cbn	<http://ids.clld.org/values/4-204-829-1>		<http://ids.clld.org/parameters/4-204>		<http://ids.clld.org/values/4-204-232-1>		"'mus"@cjh	
"(nâ:) hmat"@cbn	<http://ids.clld.org/values/4-204-829-1>		<http://ids.clld.org/parameters/4-204>		<http://ids.clld.org/values/4-204-232-3>		"c̷m-"@cjh	
"plî:w kámát"@cbn	<http://ids.clld.org/values/1-820-829-1>		<http://ids.clld.org/parameters/1-820>		<http://ids.clld.org/values/1-820-232-1>		"'kəw-"@cjh	
"khrʌp"@cbn	<http://ids.clld.org/values/1-410-829-1>		<http://ids.clld.org/parameters/1-410>		<http://ids.clld.org/values/1-410-232-3>		"'yamac̷-"@cjh	
"khrʌp"@cbn	<http://ids.clld.org/values/1-410-829-1>		<http://ids.clld.org/parameters/1-410>		<http://ids.clld.org/values/1-410-232-1>		"'χatɬˀ"@cjh	
"khrʌp"@cbn	<http://ids.clld.org/values/1-410-829-1>		<http://ids.clld.org/parameters/1-410>		<http://ids.clld.org/values/1-410-232-5>		"χa'siɬšin-"@cjh	
"(duəŋ) tahâj"@cbn	<http://ids.clld.org/values/1-520-829-1>		<http://ids.clld.org/parameters/1-520>		<http://ids.clld.org/values/1-520-232-1>		"ɬu'kʷaɬ"@cjh	
"ʔî:k muəj tɔ:ŋ (T+N)"@cbn	<http://ids.clld.org/values/14-350-829-1>		<http://ids.clld.org/parameters/14-350>		<http://ids.clld.org/values/14-350-232-1>		"'ɬeʔ"@cjh	
"hwaʔ"@cbn	<http://ids.clld.org/values/16-450-829-1>		<http://ids.clld.org/parameters/16-450>		<http://ids.clld.org/values/16-450-232-1>		"'sixʷi-"@cjh	
"chɛ̂n chîm phlê:n̄"@cbn	<http://ids.clld.org/values/4-151-829-1>		<http://ids.clld.org/parameters/4-151>		<http://ids.clld.org/values/4-151-232-1>		"wa'səlˀ"@cjh	
"kacáh"@cbn	<http://ids.clld.org/values/1-890-829-1>		<http://ids.clld.org/parameters/1-890>		<http://ids.clld.org/values/1-890-232-1>		"'c̷ˀæ(?)-"@cjh	
"lɔ:p n̄ɛ̂n"@cbn	<http://ids.clld.org/values/10-560-829-1>		<http://ids.clld.org/parameters/10-560>		<http://ids.clld.org/values/10-560-232-1>		"'yač-"@cjh	
"kûən ʔɨnchô:ŋ"@cbn	<http://ids.clld.org/values/3-240-829-1>		<http://ids.clld.org/parameters/3-240>		<http://ids.clld.org/values/3-240-232-1>		"'mus"@cjh	
"nû:j phit"@cbn	<http://ids.clld.org/values/4-890-829-1>		<http://ids.clld.org/parameters/4-890>		<http://ids.clld.org/values/4-890-232-1>		"'čini-"@cjh	
"tɨ̂n"@cbn	<http://ids.clld.org/values/10-210-829-1>		<http://ids.clld.org/parameters/10-210>		<http://ids.clld.org/values/10-210-232-1>		"'xʷətˀi-"@cjh	
"chalu:t ʔɨŋkâj"@cbn	<http://ids.clld.org/values/4-162-829-1>		<http://ids.clld.org/parameters/4-162>		<http://ids.clld.org/values/4-162-232-1>		"'χac̷ˀ-"@cjh	
"ʔɨŋkrɔ̂:m"@cbn	<http://ids.clld.org/values/12-340-829-1>		<http://ids.clld.org/parameters/12-340>		<http://ids.clld.org/values/12-340-232-1>		"'nuw-"@cjh	
"pakâ:c"@cbn	<http://ids.clld.org/values/1-540-829-1>		<http://ids.clld.org/parameters/1-540>		<http://ids.clld.org/values/1-540-232-1>		"'ḳilitin-"@cjh	
"jɔ́k phro:k"@cbn	<http://ids.clld.org/values/4-940-829-1>		<http://ids.clld.org/parameters/4-940>		<http://ids.clld.org/values/4-940-232-1>		"'ḳˀāχi-"@cjh	
"dâ:k hwɔ̂ŋ"@cbn	<http://ids.clld.org/values/1-362-829-1>		<http://ids.clld.org/parameters/1-362>		<http://ids.clld.org/values/1-362-232-1>		"'pˀalkʷˀ"@cjh	
"tî:"@cbn	<http://ids.clld.org/values/1-212-829-1>		<http://ids.clld.org/parameters/1-212>		<http://ids.clld.org/values/1-212-232-1>		"tə'miš-"@cjh	
"hnîəŋ"@cbn	<http://ids.clld.org/values/4-392-829-1>		<http://ids.clld.org/parameters/4-392>		<http://ids.clld.org/values/4-392-232-1>		"tɬˀə'ḳˀali-"@cjh	
"ʔop (T)"@cbn	<http://ids.clld.org/values/5-240-829-1>		<http://ids.clld.org/parameters/5-240>		<http://ids.clld.org/values/5-240-232-3>		"c̷ˀa'χʷasi-"@cjh	
"ʔop (T)"@cbn	<http://ids.clld.org/values/5-240-829-1>		<http://ids.clld.org/parameters/5-240>		<http://ids.clld.org/values/5-240-232-1>		"'ʔac̷aḳʷi-"@cjh	
"thaŋ ʔʌ́t"@cbn	<http://ids.clld.org/values/13-140-829-1>		<http://ids.clld.org/parameters/13-140>		<http://ids.clld.org/values/13-140-232-1>		"ḳˀa-"@cjh	
"woŋ klɔ̂m (T)"@cbn	<http://ids.clld.org/values/12-820-829-1>		<http://ids.clld.org/parameters/12-820>		<http://ids.clld.org/values/12-820-232-1>		"'yəl-"@cjh	
"jɔ:ŋ thuat pe:n̄  thuat"@cbn	<http://ids.clld.org/values/2-560-829-1>		<http://ids.clld.org/parameters/2-560>		<http://ids.clld.org/values/2-560-232-1>		"'tulap-"@cjh	
"jɨr"@cbn	<http://ids.clld.org/values/4-680-829-1>		<http://ids.clld.org/parameters/4-680>		<http://ids.clld.org/values/4-680-232-1>		"'čˀən-"@cjh	
"kacáh dîən kamát"@cbn	<http://ids.clld.org/values/1-841-829-1>		<http://ids.clld.org/parameters/1-841>		<http://ids.clld.org/values/1-841-232-1>		"'ḳʷˀaɬ-"@cjh	
"hnə̂:l"@cbn	<http://ids.clld.org/values/4-372-829-1>		<http://ids.clld.org/parameters/4-372>		<http://ids.clld.org/values/4-372-232-1>		"'ʔaw-"@cjh	
"chûəŋ"@cbn	<http://ids.clld.org/values/9-250-829-1>		<http://ids.clld.org/parameters/9-250>		<http://ids.clld.org/values/9-250-232-1>		"'tɬˀali-"@cjh	
"dâ:k muh"@cbn	<http://ids.clld.org/values/1-324-829-1>		<http://ids.clld.org/parameters/1-324>		<http://ids.clld.org/values/1-324-232-1>		"'payin-"@cjh	
"phɔ̂ŋ"@cbn	<http://ids.clld.org/values/1-213-829-1>		<http://ids.clld.org/parameters/1-213>		<http://ids.clld.org/values/1-213-232-1>		"tɬˀə'səḳʷ-"@cjh	
"pâ:k"@cbn	<http://ids.clld.org/values/9-260-829-1>		<http://ids.clld.org/parameters/9-260>		<http://ids.clld.org/values/9-260-232-1>		"'χətɬˀ-"@cjh	
"lɔ:ŋ"@cbn	<http://ids.clld.org/values/1-230-829-3>		<http://ids.clld.org/parameters/1-230>		<http://ids.clld.org/values/1-230-232-1>		"'maḳʷam-"@cjh	
"kamát"@cbn	<http://ids.clld.org/values/1-810-829-1>		<http://ids.clld.org/parameters/1-810>		<http://ids.clld.org/values/1-810-232-1>		"'ḳʷˀətˀ-"@cjh	
"sawa:n (T)"@cbn	<http://ids.clld.org/values/6-370-829-1>		<http://ids.clld.org/parameters/6-370>		<http://ids.clld.org/values/6-370-232-1>		"makʷ-"@cjh	
"tapho:k chút"@cbn	<http://ids.clld.org/values/4-464-829-1>		<http://ids.clld.org/parameters/4-464>		<http://ids.clld.org/values/4-464-232-1>		"'χʷum-"@cjh	
"kathɨn"@cbn	<http://ids.clld.org/values/1-620-829-1>		<http://ids.clld.org/parameters/1-620>		<http://ids.clld.org/values/1-620-232-1>		"tˀa'nˀap"@cjh	
"jɔ́k"@cbn	<http://ids.clld.org/values/4-350-829-1>		<http://ids.clld.org/parameters/4-350>		<http://ids.clld.org/values/4-350-232-1>		"'c̷ulis-"@cjh	
"ʔatô:"@cbn	<http://ids.clld.org/values/12-550-829-1>		<http://ids.clld.org/parameters/12-550>		<http://ids.clld.org/values/12-550-232-1>		"'kʷac̷"@cjh	
"kalo:k kadɔ̂p"@cbn	<http://ids.clld.org/values/4-202-829-1>		<http://ids.clld.org/parameters/4-202>		<http://ids.clld.org/values/4-202-232-1>		"ḳə'ʔuḳʷlas-"@cjh	
"chan̄âŋ"@cbn	<http://ids.clld.org/values/4-352-829-1>		<http://ids.clld.org/parameters/4-352>		<http://ids.clld.org/values/4-352-232-1>		"'ʔaw-"@cjh	
"khalɛ́ʔ"@cbn	<http://ids.clld.org/values/16-720-829-1>		<http://ids.clld.org/parameters/16-720>		<http://ids.clld.org/values/16-720-232-1>		"'χəs"@cjh	
"jak ʔɨŋkát"@cbn	<http://ids.clld.org/values/1-740-829-1>		<http://ids.clld.org/parameters/1-740>		<http://ids.clld.org/values/1-740-232-1>		"'pˀəɬ-"@cjh	
"kɔ̂:ŋ"@cbn	<http://ids.clld.org/values/6-740-829-1>		<http://ids.clld.org/parameters/6-740>		<http://ids.clld.org/values/6-740-232-1>		"'ʔuc̷ˀs"@cjh	
"hra:n̄"@cbn	<http://ids.clld.org/values/11-810-829-1>		<http://ids.clld.org/parameters/11-810>		<http://ids.clld.org/values/11-810-232-1>		"'ɬəḳʷ-"@cjh	
"lu:k kapo:k (T)"@cbn	<http://ids.clld.org/values/4-490-829-1>		<http://ids.clld.org/parameters/4-490>		<http://ids.clld.org/values/4-490-232-1>		"'mačini-"@cjh	
"tho:ŋ jɨ:m (T+N)"@cbn	<http://ids.clld.org/values/11-620-829-1>		<http://ids.clld.org/parameters/11-620>		<http://ids.clld.org/values/11-620-232-1>		"'čōyaʔ"@cjh	
"kûən ŋɛ:"@cbn	<http://ids.clld.org/values/2-280-829-1>		<http://ids.clld.org/parameters/2-280>		<http://ids.clld.org/values/2-280-232-1>		"ḳʷa'ya-"@cjh	
"thale: (T)"@cbn	<http://ids.clld.org/values/1-320-829-1>		<http://ids.clld.org/parameters/1-320>		<http://ids.clld.org/values/1-320-232-1>		"'ḳiwal-"@cjh	
"carîh"@cbn	<http://ids.clld.org/values/4-400-829-1>		<http://ids.clld.org/parameters/4-400>		<http://ids.clld.org/values/4-400-232-1>		"'taχʷac̷-"@cjh	
"nɔ:k hənâ:ŋ"@cbn	<http://ids.clld.org/values/21-430-829-1>		<http://ids.clld.org/parameters/21-430>		<http://ids.clld.org/values/21-430-232-1>		"'ḳat-"@cjh	
"kachaʔ"@cbn	<http://ids.clld.org/values/9-760-829-1>		<http://ids.clld.org/parameters/9-760>		<http://ids.clld.org/values/9-760-232-1>		"'ḳāʔ"@cjh	
"katûər"@cbn	<http://ids.clld.org/values/4-220-829-1>		<http://ids.clld.org/parameters/4-220>		<http://ids.clld.org/values/4-220-232-1>		"ḳʷˀal-"@cjh	
"ʔɨnɨû:"@cbn	<http://ids.clld.org/values/1-530-829-1>		<http://ids.clld.org/parameters/1-530>		<http://ids.clld.org/values/1-530-232-1>		"ɬu'kʷaɬ"@cjh	
"khajâ:l (phajúʔ)"@cbn	<http://ids.clld.org/values/1-580-829-1>		<http://ids.clld.org/parameters/1-580>		<http://ids.clld.org/values/1-580-232-1>		"'χəs"@cjh	
"khlûm (T)"@cbn	<http://ids.clld.org/values/6-410-829-1>		<http://ids.clld.org/parameters/6-410>		<http://ids.clld.org/values/6-410-232-1>		"'lala"@cjh	
"katáh pɛ̂p"@cbn	<http://ids.clld.org/values/1-570-829-1>		<http://ids.clld.org/parameters/1-570>		<http://ids.clld.org/values/1-570-232-1>		"'ḳʷat-"@cjh	
"húp kûr"@cbn	<http://ids.clld.org/values/1-240-829-1>		<http://ids.clld.org/parameters/1-240>		<http://ids.clld.org/values/1-240-232-1>		"'maḳʷam-"@cjh	
"húp kûr"@cbn	<http://ids.clld.org/values/1-240-829-1>		<http://ids.clld.org/parameters/1-240>		<http://ids.clld.org/values/1-240-232-3>		"'sac̷ayəḳ"@cjh	
"kri:ŋ"@cbn	<http://ids.clld.org/values/4-810-829-1>		<http://ids.clld.org/parameters/4-810>		<http://ids.clld.org/values/4-810-232-1>		"'c̷ˀəp"@cjh	
"jut rakhɛ́h"@cbn	<http://ids.clld.org/values/4-912-829-1>		<http://ids.clld.org/parameters/4-912>		<http://ids.clld.org/values/4-912-232-1>		"'naɬa-"@cjh	
"rachâ: (T)"@cbn	<http://ids.clld.org/values/4-860-829-1>		<http://ids.clld.org/parameters/4-860>		<http://ids.clld.org/values/4-860-232-1>		"'pəlxʷ-"@cjh	
"cok pə̂:ŋ"@cbn	<http://ids.clld.org/values/20-310-829-1>		<http://ids.clld.org/parameters/20-310>		<http://ids.clld.org/values/20-310-232-1>		"ma'c̷alčɬ"@cjh	
"chaʔʌk"@cbn	<http://ids.clld.org/values/4-521-829-1>		<http://ids.clld.org/parameters/4-521>		<http://ids.clld.org/values/4-521-232-1>		"'šəkʷˀiy-"@cjh	
"chu:č"@cbn	<http://ids.clld.org/values/4-853-829-1>		<http://ids.clld.org/parameters/4-853>		<http://ids.clld.org/values/4-853-232-1>		"pu'su-"@cjh	
"laʔûn"@cbn	<http://ids.clld.org/values/4-820-829-1>		<http://ids.clld.org/parameters/4-820>		<http://ids.clld.org/values/4-820-232-1>		"'xʷən-"@cjh	
"chrɔ̂:"@cbn	<http://ids.clld.org/values/1-380-829-1>		<http://ids.clld.org/parameters/1-380>		<http://ids.clld.org/values/1-380-232-1>		"'paɬχn-"@cjh	
"chɛ̂:ŋ (T)"@cbn	<http://ids.clld.org/values/16-780-829-1>		<http://ids.clld.org/parameters/16-780>		<http://ids.clld.org/values/16-780-232-1>		"'ɬun-"@cjh	
"ŋiək kaʔâ:m"@cbn	<http://ids.clld.org/values/4-272-829-1>		<http://ids.clld.org/parameters/4-272>		<http://ids.clld.org/values/4-272-232-1>		"kʷˀa'ya-"@cjh	
"ʔɨntâ:k"@cbn	<http://ids.clld.org/values/4-260-829-1>		<http://ids.clld.org/parameters/4-260>		<http://ids.clld.org/values/4-260-232-1>		"'tixʷc̷aɬ-"@cjh	
"phluk"@cbn	<http://ids.clld.org/values/4-271-829-1>		<http://ids.clld.org/parameters/4-271>		<http://ids.clld.org/values/4-271-232-1>		"kʷa'təl-"@cjh	
"dâ:k chrih"@cbn	<http://ids.clld.org/values/1-390-829-1>		<http://ids.clld.org/parameters/1-390>		<http://ids.clld.org/values/1-390-232-1>		"'pup-"@cjh	
"pâ:ŋ"@cbn	<http://ids.clld.org/values/4-240-829-1>		<http://ids.clld.org/parameters/4-240>		<http://ids.clld.org/values/4-240-232-1>		"ḳə'nuš-"@cjh	
"thanâ:j chuŋ"@cbn	<http://ids.clld.org/values/4-374-829-1>		<http://ids.clld.org/parameters/4-374>		<http://ids.clld.org/values/4-374-232-1>		"'yəp-"@cjh	
"pɔ̂:"@cbn	<http://ids.clld.org/values/4-620-829-1>		<http://ids.clld.org/parameters/4-620>		<http://ids.clld.org/values/4-620-232-1>		"'tukʷli-"@cjh	
"thɨl"@cbn	<http://ids.clld.org/values/4-351-829-1>		<http://ids.clld.org/parameters/4-351>		<http://ids.clld.org/values/4-351-232-1>		"'pˀən-"@cjh	
"ʔɨmpûəj châ:j / thamûr"@cbn	<http://ids.clld.org/values/3-822-829-1>		<http://ids.clld.org/parameters/3-822>		<http://ids.clld.org/values/3-822-232-1>		"'c̷ičs"@cjh	
"dâ:k múh tɨ́t"@cbn	<http://ids.clld.org/values/4-550-829-1>		<http://ids.clld.org/parameters/4-550>		<http://ids.clld.org/values/4-550-232-1>		"'χʷəl-"@cjh	
"tam chû:"@cbn	<http://ids.clld.org/values/1-420-829-1>		<http://ids.clld.org/parameters/1-420>		<http://ids.clld.org/values/1-420-232-1>		"'tɬˀəš-tɬˀaš-"@cjh	
"katha:ŋ (T)"@cbn	<http://ids.clld.org/values/5-330-829-3>		<http://ids.clld.org/parameters/5-330>		<http://ids.clld.org/values/5-330-232-1>		"c̷ə'kʷi-"@cjh	
"khâ:ŋ kankrâj (T)"@cbn	<http://ids.clld.org/values/4-207-829-1>		<http://ids.clld.org/parameters/4-207>		<http://ids.clld.org/values/4-207-232-1>		"'ḳəl-"@cjh	
"khajâ:l n̄um"@cbn	<http://ids.clld.org/values/4-510-829-1>		<http://ids.clld.org/parameters/4-510>		<http://ids.clld.org/values/4-510-232-3>		"'ḳama-"@cjh	
"khajâ:l n̄um"@cbn	<http://ids.clld.org/values/4-510-829-1>		<http://ids.clld.org/parameters/4-510>		<http://ids.clld.org/values/4-510-232-1>		"tɬˀə'ḳi-"@cjh	
"dâ:k ʔɨnehə̂:n"@cbn	<http://ids.clld.org/values/1-640-829-1>		<http://ids.clld.org/parameters/1-640>		<http://ids.clld.org/values/1-640-232-1>		"'səxʷ-"@cjh	
"kûr"@cbn	<http://ids.clld.org/values/1-220-829-1>		<http://ids.clld.org/parameters/1-220>		<http://ids.clld.org/values/1-220-232-1>		"'maniči-"@cjh	
"kûr"@cbn	<http://ids.clld.org/values/1-220-829-1>		<http://ids.clld.org/parameters/1-220>		<http://ids.clld.org/values/1-220-232-3>		"'məkʷˀ-"@cjh	
"ŋiək"@cbn	<http://ids.clld.org/values/4-270-829-1>		<http://ids.clld.org/parameters/4-270>		<http://ids.clld.org/values/4-270-232-1>		"yə'nis-"@cjh	
"rakhɛ́h"@cbn	<http://ids.clld.org/values/4-910-829-1>		<http://ids.clld.org/parameters/4-910>		<http://ids.clld.org/values/4-910-232-1>		"'xʷən-"@cjh	
"cɔŋ"@cbn	<http://ids.clld.org/values/1-851-829-1>		<http://ids.clld.org/parameters/1-851>		<http://ids.clld.org/values/1-851-232-3>		"'kəw-"@cjh	
"cɔŋ"@cbn	<http://ids.clld.org/values/1-851-829-1>		<http://ids.clld.org/parameters/1-851>		<http://ids.clld.org/values/1-851-232-1>		"'ɬəχ-"@cjh	
"lahúk"@cbn	<http://ids.clld.org/values/1-214-829-1>		<http://ids.clld.org/parameters/1-214>		<http://ids.clld.org/values/1-214-232-1>		"ḳˀa'χayˀ-"@cjh	
"kalʔɔ̂ŋ ʔɨnlîəm"@cbn	<http://ids.clld.org/values/4-345-829-1>		<http://ids.clld.org/parameters/4-345>		<http://ids.clld.org/values/4-345-232-1>		"ɬa'χay-"@cjh	
"lum (T)"@cbn	<http://ids.clld.org/values/1-230-829-5>		<http://ids.clld.org/parameters/1-230>		<http://ids.clld.org/values/1-230-232-1>		"'maḳʷam-"@cjh	
"ʔíc"@cbn	<http://ids.clld.org/values/4-660-829-1>		<http://ids.clld.org/parameters/4-660>		<http://ids.clld.org/values/4-660-232-1>		"'c̷ˀəm-"@cjh	
"ʔíc"@cbn	<http://ids.clld.org/values/4-660-829-1>		<http://ids.clld.org/parameters/4-660>		<http://ids.clld.org/values/4-660-232-3>		"mə'nač-"@cjh	
"krô:t (T)"@cbn	<http://ids.clld.org/values/16-420-829-1>		<http://ids.clld.org/parameters/16-420>		<http://ids.clld.org/values/16-420-232-1>		"ḳə'ɬəχ"@cjh	
"ʔuət (T)"@cbn	<http://ids.clld.org/values/18-450-829-1>		<http://ids.clld.org/parameters/18-450>		<http://ids.clld.org/values/18-450-232-1>		"'c̷əp-"@cjh	
"carúh"@cbn	<http://ids.clld.org/values/4-650-829-1>		<http://ids.clld.org/parameters/4-650>		<http://ids.clld.org/values/4-650-232-1>		"'xʷay"@cjh	
"tho:ŋ kû: jɨ:m (T)"@cbn	<http://ids.clld.org/values/11-620-829-2>		<http://ids.clld.org/parameters/11-620>		<http://ids.clld.org/values/11-620-232-1>		"'čōyaʔ"@cjh	
"ne:c tác"@cbn	<http://ids.clld.org/values/7-422-829-1>		<http://ids.clld.org/parameters/7-422>		<http://ids.clld.org/values/7-422-232-1>		"'ɬaχɬin-"@cjh	
"khɔ: tʌ̂j"@cbn	<http://ids.clld.org/values/4-321-829-1>		<http://ids.clld.org/parameters/4-321>		<http://ids.clld.org/values/4-321-232-1>		"tˀa'las-"@cjh	
"chɔ̂:k"@cbn	<http://ids.clld.org/values/4-393-829-1>		<http://ids.clld.org/parameters/4-393>		<http://ids.clld.org/values/4-393-232-1>		"'tˀuḳʷ-"@cjh	
"mat chalə̂w"@cbn	<http://ids.clld.org/values/1-550-829-1>		<http://ids.clld.org/parameters/1-550>		<http://ids.clld.org/values/1-550-232-1>		"'ḳʷat-"@cjh	
"thamê:c mɔ́ʔ"@cbn	<http://ids.clld.org/values/16-810-829-1>		<http://ids.clld.org/parameters/16-810>		<http://ids.clld.org/values/16-810-232-1>		"'ʔəy"@cjh	
"hâ:"@cbn	<http://ids.clld.org/values/20-240-829-1>		<http://ids.clld.org/parameters/20-240>		<http://ids.clld.org/values/20-240-232-1>		"tˀə'kʷˀəɬ-"@cjh	
"tabâl"@cbn	<http://ids.clld.org/values/4-208-829-1>		<http://ids.clld.org/parameters/4-208>		<http://ids.clld.org/values/4-208-232-1>		"'c̷ˀiḳ-"@cjh	
"khrih"@cbn	<http://ids.clld.org/values/4-450-829-1>		<http://ids.clld.org/parameters/4-450>		<http://ids.clld.org/values/4-450-232-1>		"'saʔš"@cjh	
"kə̂:t"@cbn	<http://ids.clld.org/values/4-720-829-1>		<http://ids.clld.org/parameters/4-720>		<http://ids.clld.org/values/4-720-232-1>		"'manˀ"@cjh	
"krô:ŋ"@cbn	<http://ids.clld.org/values/1-360-829-1>		<http://ids.clld.org/parameters/1-360>		<http://ids.clld.org/values/1-360-232-1>		"'ḳāʔ"@cjh	
"krô:ŋ"@cbn	<http://ids.clld.org/values/1-360-829-1>		<http://ids.clld.org/parameters/1-360>		<http://ids.clld.org/values/1-360-232-3>		"'c̷apaš-"@cjh	
"krô:ŋ"@cbn	<http://ids.clld.org/values/1-360-829-1>		<http://ids.clld.org/parameters/1-360>		<http://ids.clld.org/values/1-360-232-5>		"'nəxʷ-"@cjh	
"phuŋ"@cbn	<http://ids.clld.org/values/4-460-829-1>		<http://ids.clld.org/parameters/4-460>		<http://ids.clld.org/values/4-460-232-1>		"'tɬˀač"@cjh	
"phuŋ"@cbn	<http://ids.clld.org/values/4-460-829-1>		<http://ids.clld.org/parameters/4-460>		<http://ids.clld.org/values/4-460-232-3>		"'kʷˀasin-"@cjh	
"phuŋ"@cbn	<http://ids.clld.org/values/4-460-829-1>		<http://ids.clld.org/parameters/4-460>		<http://ids.clld.org/values/4-460-232-5>		"'tawˀ"@cjh	
"khɔ̂: chuŋ"@cbn	<http://ids.clld.org/values/4-371-829-1>		<http://ids.clld.org/parameters/4-371>		<http://ids.clld.org/values/4-371-232-1>		"ḳə'muχʷ-"@cjh	
"pliw"@cbn	<http://ids.clld.org/values/10-380-829-3>		<http://ids.clld.org/parameters/10-380>		<http://ids.clld.org/values/10-380-232-1>		"'puxʷi-"@cjh	
"kha:ŋ (T)"@cbn	<http://ids.clld.org/values/4-209-829-1>		<http://ids.clld.org/parameters/4-209>		<http://ids.clld.org/values/4-209-232-1>		"'ḳəl-"@cjh	
"kɔ́ʔ (T)"@cbn	<http://ids.clld.org/values/1-250-829-1>		<http://ids.clld.org/parameters/1-250>		<http://ids.clld.org/values/1-250-232-1>		"tˀa'čǣʔ"@cjh	
"miəw"@cbn	<http://ids.clld.org/values/3-620-829-1>		<http://ids.clld.org/parameters/3-620>		<http://ids.clld.org/values/3-620-232-1>		"'pišpiš"@cjh	
"ʔa:r khajô:k khajô:k"@cbn	<http://ids.clld.org/values/10-451-829-1>		<http://ids.clld.org/parameters/10-451>		<http://ids.clld.org/values/10-451-232-1>		"'tɬˀiḳˀʷ-"@cjh	
"hlu:k"@cbn	<http://ids.clld.org/values/5-220-829-1>		<http://ids.clld.org/parameters/5-220>		<http://ids.clld.org/values/5-220-232-1>		"'c̷əḳ-"@cjh	
"hlu:k"@cbn	<http://ids.clld.org/values/5-220-829-1>		<http://ids.clld.org/parameters/5-220>		<http://ids.clld.org/values/5-220-232-3>		"'ləp-"@cjh	
"tʌ̂j"@cbn	<http://ids.clld.org/values/4-340-829-1>		<http://ids.clld.org/parameters/4-340>		<http://ids.clld.org/values/4-340-232-1>		"ɬa'χay-"@cjh	
"hrop soŋkhrâ:m (T)"@cbn	<http://ids.clld.org/values/20-130-829-1>		<http://ids.clld.org/parameters/20-130>		<http://ids.clld.org/values/20-130-232-1>		"'yupi-"@cjh	
"nû:j"@cbn	<http://ids.clld.org/values/4-880-829-1>		<http://ids.clld.org/parameters/4-880>		<http://ids.clld.org/values/4-880-232-1>		"ʔa'yōʔi-"@cjh	
"khɛ̂:n (T)"@cbn	<http://ids.clld.org/values/4-310-829-1>		<http://ids.clld.org/parameters/4-310>		<http://ids.clld.org/values/4-310-232-1>		"'čališ-"@cjh	
"tâ:"@cbn	<http://ids.clld.org/values/4-570-829-1>		<http://ids.clld.org/parameters/4-570>		<http://ids.clld.org/values/4-570-232-1>		"ɬa'χʷa-"@cjh	
"ʔɨnrək"@cbn	<http://ids.clld.org/values/1-450-829-1>		<http://ids.clld.org/parameters/1-450>		<http://ids.clld.org/values/1-450-232-1>		"ya'ḳʷa-"@cjh	
"mɔ:k"@cbn	<http://ids.clld.org/values/1-730-829-1>		<http://ids.clld.org/parameters/1-730>		<http://ids.clld.org/values/1-730-232-3>		"ti'pi-"@cjh	
"mɔ:k"@cbn	<http://ids.clld.org/values/1-730-829-1>		<http://ids.clld.org/parameters/1-730>		<http://ids.clld.org/values/1-730-232-1>		"ɬt-"@cjh	
"cî:r"@cbn	<http://ids.clld.org/values/9-461-829-1>		<http://ids.clld.org/parameters/9-461>		<http://ids.clld.org/values/9-461-232-1>		"'kʷˀəlxʷ-"@cjh	
"tə̂:r"@cbn	<http://ids.clld.org/values/4-630-829-1>		<http://ids.clld.org/parameters/4-630>		<http://ids.clld.org/values/4-630-232-1>		"'pˀala-"@cjh	
"phak lo:ŋ"@cbn	<http://ids.clld.org/values/10-620-829-1>		<http://ids.clld.org/parameters/10-620>		<http://ids.clld.org/values/10-620-232-1>		"'tˀul-"@cjh	
"rɨə / hɨə bɔ́t (T)"@cbn	<http://ids.clld.org/values/10-831-829-1>		<http://ids.clld.org/parameters/10-831>		<http://ids.clld.org/values/10-831-232-1>		"'wiɬ"@cjh	
"chraʔác"@cbn	<http://ids.clld.org/values/4-540-829-1>		<http://ids.clld.org/parameters/4-540>		<http://ids.clld.org/values/4-540-232-1>		"'ʔaw-"@cjh	
"sa:ŋ"@cbn	<http://ids.clld.org/values/9-440-829-1>		<http://ids.clld.org/parameters/9-440>		<http://ids.clld.org/values/9-440-232-1>		"ḳˀə'laχanˀ"@cjh	
"thamûr / châ:j"@cbn	<http://ids.clld.org/values/3-820-829-1>		<http://ids.clld.org/parameters/3-820>		<http://ids.clld.org/values/3-820-232-1>		"ḳʷa'təm-"@cjh	
"rə̂:m tamî:ʔ (T+N)"@cbn	<http://ids.clld.org/values/14-250-829-1>		<http://ids.clld.org/parameters/14-250>		<http://ids.clld.org/values/14-250-232-1>		"'tulap-"@cjh	
"chuŋ"@cbn	<http://ids.clld.org/values/4-370-829-1>		<http://ids.clld.org/parameters/4-370>		<http://ids.clld.org/values/4-370-232-3>		"'tawˀ"@cjh	
"chuŋ"@cbn	<http://ids.clld.org/values/4-370-829-1>		<http://ids.clld.org/parameters/4-370>		<http://ids.clld.org/values/4-370-232-1>		"'c̷ulis-"@cjh	
"cɛ̂:ŋ (T)"@cbn	<http://ids.clld.org/values/15-570-829-1>		<http://ids.clld.org/parameters/15-570>		<http://ids.clld.org/values/15-570-232-1>		"ḳə'ləχ"@cjh	
"hmat ta:bɔ̂:t (T)"@cbn	<http://ids.clld.org/values/4-970-829-1>		<http://ids.clld.org/parameters/4-970>		<http://ids.clld.org/values/4-970-232-1>		"'ʔəχ-"@cjh	
"hmat ta:bɔ̂:t (T)"@cbn	<http://ids.clld.org/values/4-970-829-1>		<http://ids.clld.org/parameters/4-970>		<http://ids.clld.org/values/4-970-232-3>		"'tay-"@cjh	
"priət"@cbn	<http://ids.clld.org/values/15-650-829-1>		<http://ids.clld.org/parameters/15-650>		<http://ids.clld.org/values/15-650-232-1>		"'nəḳ-"@cjh	
"???"@cbn	<http://ids.clld.org/values/4-591-829-1>		<http://ids.clld.org/parameters/4-591>		<http://ids.clld.org/values/4-591-232-1>		"'c̷ətχ-"@cjh	
"chû: khî:t"@cbn	<http://ids.clld.org/values/1-870-829-1>		<http://ids.clld.org/parameters/1-870>		<http://ids.clld.org/values/1-870-232-1>		"'yičˀic̷ˀ"@cjh	
"chaj phuŋ"@cbn	<http://ids.clld.org/values/4-461-829-1>		<http://ids.clld.org/parameters/4-461>		<http://ids.clld.org/values/4-461-232-1>		"ḳˀə'yaχ-"@cjh	
"khanûŋ ŋiək"@cbn	<http://ids.clld.org/values/4-271-829-2>		<http://ids.clld.org/parameters/4-271>		<http://ids.clld.org/values/4-271-232-1>		"kʷa'təl-"@cjh	
