"ʔaphlu:ʔ"@cbn	<http://ids.clld.org/values/8-691-829-3>		<http://ids.clld.org/parameters/8-691>		<http://ids.clld.org/values/8-691-264-1>		"kašimpo"@cuj	
"ʔɨnchî:r"@cbn	<http://ids.clld.org/values/4-920-829-1>		<http://ids.clld.org/parameters/4-920>		<http://ids.clld.org/values/4-920-264-1>		"merso"@cuj	
"khûəc"@cbn	<http://ids.clld.org/values/18-170-829-1>		<http://ids.clld.org/parameters/18-170>		<http://ids.clld.org/values/18-170-264-1>		"xroľoxi"@cuj	
"kathûəj"@cbn	<http://ids.clld.org/values/3-815-829-1>		<http://ids.clld.org/parameters/3-815>		<http://ids.clld.org/values/3-815-264-1>		"hekľo"@cuj	
"tapho:k (T)"@cbn	<http://ids.clld.org/values/4-463-829-1>		<http://ids.clld.org/parameters/4-463>		<http://ids.clld.org/values/4-463-264-3>		"ywaľitʸa"@cuj	
"tapho:k (T)"@cbn	<http://ids.clld.org/values/4-463-829-1>		<http://ids.clld.org/parameters/4-463>		<http://ids.clld.org/values/4-463-264-1>		"moto"@cuj	
"chuŋ mɔh"@cbn	<http://ids.clld.org/values/4-230-829-1>		<http://ids.clld.org/parameters/4-230>		<http://ids.clld.org/values/4-230-264-1>		"xri"@cuj	
"chrû:p dû:t (T)"@cbn	<http://ids.clld.org/values/8-690-829-2>		<http://ids.clld.org/parameters/8-690>		<http://ids.clld.org/values/8-690-264-1>		"montʸita"@cuj	
"tanchâ:j"@cbn	<http://ids.clld.org/values/3-614-829-1>		<http://ids.clld.org/parameters/3-614>		<http://ids.clld.org/values/3-614-264-1>		"waľo"@cuj	
"phâr"@cbn	<http://ids.clld.org/values/10-370-829-1>		<http://ids.clld.org/parameters/10-370>		<http://ids.clld.org/values/10-370-264-1>		"haľna"@cuj	
"châ:ŋ"@cbn	<http://ids.clld.org/values/3-550-829-1>		<http://ids.clld.org/parameters/3-550>		<http://ids.clld.org/values/3-550-264-1>		"hatʸawripa"@cuj	
"chʌj"@cbn	<http://ids.clld.org/values/4-840-829-1>		<http://ids.clld.org/parameters/4-840>		<http://ids.clld.org/values/4-840-264-1>		"kapo-haľɨ"@cuj	
"chʌj"@cbn	<http://ids.clld.org/values/4-840-829-1>		<http://ids.clld.org/parameters/4-840>		<http://ids.clld.org/values/4-840-264-3>		"poha"@cuj	
"tâm chû:"@cbn	<http://ids.clld.org/values/8-600-829-1>		<http://ids.clld.org/parameters/8-600>		<http://ids.clld.org/values/8-600-264-1>		"hah-mɨna"@cuj	
"phɔk phɛ́:t"@cbn	<http://ids.clld.org/values/2-458-829-1>		<http://ids.clld.org/parameters/2-458>		<http://ids.clld.org/values/2-458-264-1>		"hepiritɨ ~ hepirɨtɨ"@cuj	
"pacɛt"@cbn	<http://ids.clld.org/values/4-750-829-1>		<http://ids.clld.org/parameters/4-750>		<http://ids.clld.org/values/4-750-264-1>		"hi-pna"@cuj	
"pacɛt"@cbn	<http://ids.clld.org/values/4-750-829-1>		<http://ids.clld.org/parameters/4-750>		<http://ids.clld.org/values/4-750-264-3>		"hipɨka"@cuj	
"kadâŋ"@cbn	<http://ids.clld.org/values/4-203-829-1>		<http://ids.clld.org/parameters/4-203>		<http://ids.clld.org/values/4-203-264-1>		"hašiče"@cuj	
"chû:"@cbn	<http://ids.clld.org/values/1-430-829-1>		<http://ids.clld.org/parameters/1-430>		<http://ids.clld.org/values/1-430-264-1>		"hah-mɨna"@cuj	
"chû:"@cbn	<http://ids.clld.org/values/1-430-829-1>		<http://ids.clld.org/parameters/1-430>		<http://ids.clld.org/values/1-430-264-3>		"mɨna"@cuj	
"khajlaŋ"@cbn	<http://ids.clld.org/values/4-451-829-1>		<http://ids.clld.org/parameters/4-451>		<http://ids.clld.org/values/4-451-264-1>		"hepoxi"@cuj	
"khan̄â:j"@cbn	<http://ids.clld.org/values/5-180-829-1>		<http://ids.clld.org/parameters/5-180>		<http://ids.clld.org/values/5-180-264-1>		"hawiyaka"@cuj	
"kûən nî:c"@cbn	<http://ids.clld.org/values/2-280-829-3>		<http://ids.clld.org/parameters/2-280>		<http://ids.clld.org/values/2-280-264-1>		"mtɨ-rɨ"@cuj	
"chûət"@cbn	<http://ids.clld.org/values/4-441-829-1>		<http://ids.clld.org/parameters/4-441>		<http://ids.clld.org/values/4-441-264-1>		"čiyľe ~ čiiľe"@cuj	
"lam kɔ̂:"@cbn	<http://ids.clld.org/values/4-290-829-1>		<http://ids.clld.org/parameters/4-290>		<http://ids.clld.org/values/4-290-264-1>		"pľa"@cuj	
"paʔur"@cbn	<http://ids.clld.org/values/5-810-829-1>		<http://ids.clld.org/parameters/5-810>		<http://ids.clld.org/values/5-810-264-3>		"mro"@cuj	
"paʔur"@cbn	<http://ids.clld.org/values/5-810-829-1>		<http://ids.clld.org/parameters/5-810>		<http://ids.clld.org/values/5-810-264-1>		"[tɨwɨ]"@cuj	
"kɔ̂:"@cbn	<http://ids.clld.org/values/4-280-829-1>		<http://ids.clld.org/parameters/4-280>		<http://ids.clld.org/values/4-280-264-1>		"noxi"@cuj	
"rih"@cbn	<http://ids.clld.org/values/8-540-829-1>		<http://ids.clld.org/parameters/8-540>		<http://ids.clld.org/values/8-540-264-1>		"ko-c̷a"@cuj	
"rih"@cbn	<http://ids.clld.org/values/8-540-829-1>		<http://ids.clld.org/parameters/8-540>		<http://ids.clld.org/values/8-540-264-3>		"c̷ki"@cuj	
"katâŋ"@cbn	<http://ids.clld.org/values/15-370-829-1>		<http://ids.clld.org/parameters/15-370>		<http://ids.clld.org/values/15-370-264-1>		"psaľo"@cuj	
"tamâ:t"@cbn	<http://ids.clld.org/values/3-586-829-1>		<http://ids.clld.org/parameters/3-586>		<http://ids.clld.org/values/3-586-264-1>		"may-ľɨ"@cuj	
"hnɔ:k"@cbn	<http://ids.clld.org/values/4-854-829-2>		<http://ids.clld.org/parameters/4-854>		<http://ids.clld.org/values/4-854-264-1>		"hahrɨ"@cuj	
"taklɛ́t"@cbn	<http://ids.clld.org/values/3-653-829-1>		<http://ids.clld.org/parameters/3-653>		<http://ids.clld.org/values/3-653-264-1>		"tata"@cuj	
"niəŋlîəŋ"@cbn	<http://ids.clld.org/values/3-585-829-1>		<http://ids.clld.org/parameters/3-585>		<http://ids.clld.org/values/3-585-264-1>		"koyano"@cuj	
"niəŋlîəŋ"@cbn	<http://ids.clld.org/values/3-585-829-1>		<http://ids.clld.org/parameters/3-585>		<http://ids.clld.org/values/3-585-264-3>		"koyataľe"@cuj	
"ʔuə̂č"@cbn	<http://ids.clld.org/values/1-880-829-1>		<http://ids.clld.org/parameters/1-880>		<http://ids.clld.org/values/1-880-264-1>		"čiči"@cuj	
"ʔuə̂č"@cbn	<http://ids.clld.org/values/1-880-829-1>		<http://ids.clld.org/parameters/1-880>		<http://ids.clld.org/values/1-880-264-3>		"hičima"@cuj	
"ʔɨnhûr"@cbn	<http://ids.clld.org/values/7-310-829-1>		<http://ids.clld.org/parameters/7-310>		<http://ids.clld.org/values/7-310-264-3>		"čičpawa"@cuj	
"ʔɨnhûr"@cbn	<http://ids.clld.org/values/7-310-829-1>		<http://ids.clld.org/parameters/7-310>		<http://ids.clld.org/values/7-310-264-1>		"pawa"@cuj	
"cakhrûŋ jîm (N+T)"@cbn	<http://ids.clld.org/values/16-251-829-1>		<http://ids.clld.org/parameters/16-251>		<http://ids.clld.org/values/16-251-264-1>		"hašyaka"@cuj	
"laʔ úč"@cbn	<http://ids.clld.org/values/5-123-829-1>		<http://ids.clld.org/parameters/5-123>		<http://ids.clld.org/values/5-123-264-1>		"sero"@cuj	
"hlɔ̂:j (T)"@cbn	<http://ids.clld.org/values/10-340-829-1>		<http://ids.clld.org/parameters/10-340>		<http://ids.clld.org/values/10-340-264-1>		"hikmahata"@cuj	
"chrîn̄ (T)"@cbn	<http://ids.clld.org/values/3-591-829-1>		<http://ids.clld.org/parameters/3-591>		<http://ids.clld.org/values/3-591-264-1>		"šyo"@cuj	
"mɔ:k khajâ:k chô:ŋ dâ:k"@cbn	<http://ids.clld.org/values/1-590-829-1>		<http://ids.clld.org/parameters/1-590>		<http://ids.clld.org/values/1-590-264-1>		"kši"@cuj	
"pu:n̄ ʔɨŋkûj"@cbn	<http://ids.clld.org/values/4-610-829-1>		<http://ids.clld.org/parameters/4-610>		<http://ids.clld.org/values/4-610-264-1>		"himka ~ himaka"@cuj	
"hnáp"@cbn	<http://ids.clld.org/values/16-710-829-1>		<http://ids.clld.org/parameters/16-710>		<http://ids.clld.org/values/16-710-264-1>		"kihľe"@cuj	
"rɔ̂:ŋ dâ:k (T+N)"@cbn	<http://ids.clld.org/values/8-170-829-1>		<http://ids.clld.org/parameters/8-170>		<http://ids.clld.org/values/8-170-264-1>		"tľapa"@cuj	
"mɛ̂n̄"@cbn	<http://ids.clld.org/values/4-241-829-1>		<http://ids.clld.org/parameters/4-241>		<http://ids.clld.org/values/4-241-264-3>		"swɨtɨ"@cuj	
"mɛ̂n̄"@cbn	<http://ids.clld.org/values/4-241-829-1>		<http://ids.clld.org/parameters/4-241>		<http://ids.clld.org/values/4-241-264-1>		"xri"@cuj	
"hnûr"@cbn	<http://ids.clld.org/values/4-612-829-1>		<http://ids.clld.org/parameters/4-612>		<http://ids.clld.org/values/4-612-264-1>		"po-hi-me-wa-xri-pna-ta"@cuj	
"cɔkcɔk"@cbn	<http://ids.clld.org/values/3-960-829-1>		<http://ids.clld.org/parameters/3-960>		<http://ids.clld.org/values/3-960-264-1>		"xpiro"@cuj	
"(tî:) ʔɨntɨl"@cbn	<http://ids.clld.org/values/1-215-829-1>		<http://ids.clld.org/parameters/1-215>		<http://ids.clld.org/values/1-215-264-1>		"ksatɨ"@cuj	
"mankɛ:w"@cbn	<http://ids.clld.org/values/8-912-829-1>		<http://ids.clld.org/parameters/8-912>		<http://ids.clld.org/values/8-912-264-1>		"seroxiro"@cuj	
"pô:ŋ laʔúh"@cbn	<http://ids.clld.org/values/8-480-829-1>		<http://ids.clld.org/parameters/8-480>		<http://ids.clld.org/values/8-480-264-1>		"h[aroso]"@cuj	
"khamâ:j"@cbn	<http://ids.clld.org/values/2-770-829-1>		<http://ids.clld.org/parameters/2-770>		<http://ids.clld.org/values/2-770-264-1>		"hipnahnɨnrotačri"@cuj	
"kakhî:r"@cbn	<http://ids.clld.org/values/3-814-829-1>		<http://ids.clld.org/parameters/3-814>		<http://ids.clld.org/values/3-814-264-1>		"ponro"@cuj	
"khâ:w"@cbn	<http://ids.clld.org/values/3-950-829-1>		<http://ids.clld.org/parameters/3-950>		<http://ids.clld.org/values/3-950-264-1>		"toľo-x-rɨ"@cuj	
"chalu:t kachîn̄"@cbn	<http://ids.clld.org/values/4-191-829-1>		<http://ids.clld.org/parameters/4-191>		<http://ids.clld.org/values/4-191-264-1>		"hayixi"@cuj	
"puŋ níh"@cbn	<http://ids.clld.org/values/4-430-829-1>		<http://ids.clld.org/parameters/4-430>		<http://ids.clld.org/values/4-430-264-1>		"pľo"@cuj	
"ʔɨmruŋ ʔɨnthɔ:k"@cbn	<http://ids.clld.org/values/4-790-829-1>		<http://ids.clld.org/parameters/4-790>		<http://ids.clld.org/values/4-790-264-1>		"yomľe"@cuj	
"padâj"@cbn	<http://ids.clld.org/values/4-492-829-1>		<http://ids.clld.org/parameters/4-492>		<http://ids.clld.org/values/4-492-264-1>		"ksɨ"@cuj	
"padâj"@cbn	<http://ids.clld.org/values/4-492-829-1>		<http://ids.clld.org/parameters/4-492>		<http://ids.clld.org/values/4-492-264-3>		"sme"@cuj	
"tapû: (T)"@cbn	<http://ids.clld.org/values/9-500-829-1>		<http://ids.clld.org/parameters/9-500>		<http://ids.clld.org/values/9-500-264-1>		"[kľawo]"@cuj	
"chanɔ̂:k"@cbn	<http://ids.clld.org/values/4-854-829-4>		<http://ids.clld.org/parameters/4-854>		<http://ids.clld.org/values/4-854-264-1>		"hahrɨ"@cuj	
"taŋ kap"@cbn	<http://ids.clld.org/values/20-650-829-1>		<http://ids.clld.org/parameters/20-650>		<http://ids.clld.org/values/20-650-264-1>		"hic̷eka"@cuj	
"hmat"@cbn	<http://ids.clld.org/values/4-210-829-1>		<http://ids.clld.org/parameters/4-210>		<http://ids.clld.org/values/4-210-264-1>		"yhaľe"@cuj	
"hmat"@cbn	<http://ids.clld.org/values/4-210-829-1>		<http://ids.clld.org/parameters/4-210>		<http://ids.clld.org/values/4-210-264-3>		"ha"@cuj	
"chɛ̂n chîm priət"@cbn	<http://ids.clld.org/values/4-151-829-3>		<http://ids.clld.org/parameters/4-151>		<http://ids.clld.org/values/4-151-264-1>		"koc̷a"@cuj	
"lu:k n̄um"@cbn	<http://ids.clld.org/values/4-440-829-1>		<http://ids.clld.org/parameters/4-440>		<http://ids.clld.org/values/4-440-264-1>		"haxi"@cuj	
"kuən kûən"@cbn	<http://ids.clld.org/values/2-270-829-1>		<http://ids.clld.org/parameters/2-270>		<http://ids.clld.org/values/2-270-264-1>		"whene ~ wɨhene"@cuj	
"phrɛ̂m"@cbn	<http://ids.clld.org/values/15-830-829-1>		<http://ids.clld.org/parameters/15-830>		<http://ids.clld.org/values/15-830-264-3>		"kha"@cuj	
"phrɛ̂m"@cbn	<http://ids.clld.org/values/15-830-829-1>		<http://ids.clld.org/parameters/15-830>		<http://ids.clld.org/values/15-830-264-1>		"hi-ha-ka"@cuj	
"phatlom (T)"@cbn	<http://ids.clld.org/values/9-790-829-1>		<http://ids.clld.org/parameters/9-790>		<http://ids.clld.org/values/9-790-264-1>		"hepno-pi"@cuj	
"dâ:k mɔh"@cbn	<http://ids.clld.org/values/4-232-829-1>		<http://ids.clld.org/parameters/4-232>		<http://ids.clld.org/values/4-232-264-1>		"sro"@cuj	
"thak"@cbn	<http://ids.clld.org/values/9-160-829-1>		<http://ids.clld.org/parameters/9-160>		<http://ids.clld.org/values/9-160-264-1>		"hišrika"@cuj	
"mɛ̂n̄"@cbn	<http://ids.clld.org/values/4-250-829-1>		<http://ids.clld.org/parameters/4-250>		<http://ids.clld.org/values/4-250-264-1>		"spɨ ~ špɨ"@cuj	
"khɨ:"@cbn	<http://ids.clld.org/values/7-530-829-1>		<http://ids.clld.org/parameters/7-530>		<http://ids.clld.org/values/7-530-264-1>		"hayixi"@cuj	
"chô:ŋ"@cbn	<http://ids.clld.org/values/5-130-829-1>		<http://ids.clld.org/parameters/5-130>		<http://ids.clld.org/values/5-130-264-1>		"hašroka"@cuj	
"ʔɨntû:l"@cbn	<http://ids.clld.org/values/12-330-829-1>		<http://ids.clld.org/parameters/12-330>		<http://ids.clld.org/values/12-330-264-1>		"c̷opo"@cuj	
"hlâ:"@cbn	<http://ids.clld.org/values/8-560-829-1>		<http://ids.clld.org/parameters/8-560>		<http://ids.clld.org/values/8-560-264-1>		"sɨre"@cuj	
"talâ:c"@cbn	<http://ids.clld.org/values/4-930-829-1>		<http://ids.clld.org/parameters/4-930>		<http://ids.clld.org/values/4-930-264-1>		"hopoľha"@cuj	
"kabɔ̂ŋ"@cbn	<http://ids.clld.org/values/4-360-829-1>		<http://ids.clld.org/parameters/4-360>		<http://ids.clld.org/values/4-360-264-1>		"soxi"@cuj	
"pôm (T)"@cbn	<http://ids.clld.org/values/9-192-829-1>		<http://ids.clld.org/parameters/9-192>		<http://ids.clld.org/values/9-192-264-3>		"skiwa"@cuj	
"pôm (T)"@cbn	<http://ids.clld.org/values/9-192-829-1>		<http://ids.clld.org/parameters/9-192>		<http://ids.clld.org/values/9-192-264-1>		"hišriskiwľɨ"@cuj	
"jâj no:ŋna:ŋ"@cbn	<http://ids.clld.org/values/3-819-829-1>		<http://ids.clld.org/parameters/3-819>		<http://ids.clld.org/values/3-819-264-1>		"mkaľɨ"@cuj	
"chu:č"@cbn	<http://ids.clld.org/values/4-854-829-1>		<http://ids.clld.org/parameters/4-854>		<http://ids.clld.org/values/4-854-264-1>		"hahrɨ"@cuj	
"hlî:"@cbn	<http://ids.clld.org/values/8-470-829-1>		<http://ids.clld.org/parameters/8-470>		<http://ids.clld.org/values/8-470-264-1>		"šixi"@cuj	
"(pâ:ʔ) ʔɨnthô:ŋ"@cbn	<http://ids.clld.org/values/3-665-829-1>		<http://ids.clld.org/parameters/3-665>		<http://ids.clld.org/values/3-665-264-1>		"pɨc̷o-tɨ"@cuj	
"char tʌ̂j"@cbn	<http://ids.clld.org/values/4-342-829-1>		<http://ids.clld.org/parameters/4-342>		<http://ids.clld.org/values/4-342-264-1>		"c̷rɨxirɨ"@cuj	
"bâw"@cbn	<http://ids.clld.org/values/8-941-829-1>		<http://ids.clld.org/parameters/8-941>		<http://ids.clld.org/values/8-941-264-1>		"počwaksɨrɨ"@cuj	
"lô:ŋ lɛc"@cbn	<http://ids.clld.org/values/10-550-829-1>		<http://ids.clld.org/parameters/10-550>		<http://ids.clld.org/values/10-550-264-1>		"ha-po-ka"@cuj	
"hmûəc"@cbn	<http://ids.clld.org/values/3-817-829-1>		<http://ids.clld.org/parameters/3-817>		<http://ids.clld.org/values/3-817-264-1>		"pokhi"@cuj	
"dɨ̂ŋ la:k (T)"@cbn	<http://ids.clld.org/values/9-330-829-1>		<http://ids.clld.org/parameters/9-330>		<http://ids.clld.org/values/9-330-264-1>		"kose-ta"@cuj	
"khlû:c"@cbn	<http://ids.clld.org/values/12-530-829-1>		<http://ids.clld.org/parameters/12-530>		<http://ids.clld.org/values/12-530-264-1>		"c̷erɨwna"@cuj	
"ho:m dâ:k"@cbn	<http://ids.clld.org/values/4-690-829-1>		<http://ids.clld.org/parameters/4-690>		<http://ids.clld.org/values/4-690-264-1>		"kata"@cuj	
"ho:m dâ:k"@cbn	<http://ids.clld.org/values/4-690-829-1>		<http://ids.clld.org/parameters/4-690>		<http://ids.clld.org/values/4-690-264-3>		"kawa"@cuj	
"phanah"@cbn	<http://ids.clld.org/values/4-300-829-1>		<http://ids.clld.org/parameters/4-300>		<http://ids.clld.org/values/4-300-264-3>		"thana"@cuj	
"phanah"@cbn	<http://ids.clld.org/values/4-300-829-1>		<http://ids.clld.org/parameters/4-300>		<http://ids.clld.org/values/4-300-264-1>		"sko-thana"@cuj	
"muəj ʔan"@cbn	<http://ids.clld.org/values/13-330-829-1>		<http://ids.clld.org/parameters/13-330>		<http://ids.clld.org/values/13-330-264-1>		"pxe ~ pxa"@cuj	
"ʔɨmpî:r"@cbn	<http://ids.clld.org/values/8-931-829-1>		<http://ids.clld.org/parameters/8-931>		<http://ids.clld.org/values/8-931-264-1>		"c̷oľya"@cuj	
"bû:n"@cbn	<http://ids.clld.org/values/5-380-829-1>		<http://ids.clld.org/parameters/5-380>		<http://ids.clld.org/values/5-380-264-1>		"wa-ta"@cuj	
"(nâ:) ʔɨŋhâ:j"@cbn	<http://ids.clld.org/values/4-205-829-1>		<http://ids.clld.org/parameters/4-205>		<http://ids.clld.org/values/4-205-264-1>		"xrota"@cuj	
"hnâ:m"@cbn	<http://ids.clld.org/values/4-120-829-1>		<http://ids.clld.org/parameters/4-120>		<http://ids.clld.org/values/4-120-264-1>		"nikči-mta"@cuj	
"hnâ:m"@cbn	<http://ids.clld.org/values/4-120-829-1>		<http://ids.clld.org/parameters/4-120>		<http://ids.clld.org/values/4-120-264-3>		"mta"@cuj	
"cawâ:j"@cbn	<http://ids.clld.org/values/2-510-829-1>		<http://ids.clld.org/parameters/2-510>		<http://ids.clld.org/values/2-510-264-1>		"hikoxirɨ"@cuj	
"chûŋlak"@cbn	<http://ids.clld.org/values/4-312-829-1>		<http://ids.clld.org/parameters/4-312>		<http://ids.clld.org/values/4-312-264-1>		"kxepɨ"@cuj	
"thə̂:n"@cbn	<http://ids.clld.org/values/10-614-829-1>		<http://ids.clld.org/parameters/10-614>		<http://ids.clld.org/values/10-614-264-1>		"hic̷eptahľɨ"@cuj	
"châj"@cbn	<http://ids.clld.org/values/16-310-829-1>		<http://ids.clld.org/parameters/16-310>		<http://ids.clld.org/values/16-310-264-1>		"čino"@cuj	
"kapríc hmat"@cbn	<http://ids.clld.org/values/4-215-829-1>		<http://ids.clld.org/parameters/4-215>		<http://ids.clld.org/values/4-215-264-1>		"hixpɨka"@cuj	
"tîəŋ pû:n̄ (T+N)"@cbn	<http://ids.clld.org/values/7-420-829-1>		<http://ids.clld.org/parameters/7-420>		<http://ids.clld.org/values/7-420-264-1>		"xeko"@cuj	
"kalûər khlʌ̂ŋ"@cbn	<http://ids.clld.org/values/4-950-829-1>		<http://ids.clld.org/parameters/4-950>		<http://ids.clld.org/values/4-950-264-1>		"[mašonti]"@cuj	
"kɨ́t"@cbn	<http://ids.clld.org/values/4-580-829-1>		<http://ids.clld.org/parameters/4-580>		<http://ids.clld.org/values/4-580-264-1>		"haškaka"@cuj	
"kɨ́t"@cbn	<http://ids.clld.org/values/4-580-829-1>		<http://ids.clld.org/parameters/4-580>		<http://ids.clld.org/values/4-580-264-3>		"-ta"@cuj	
"khrâ:n̄"@cbn	<http://ids.clld.org/values/4-590-829-1>		<http://ids.clld.org/parameters/4-590>		<http://ids.clld.org/values/4-590-264-1>		"hemroka"@cuj	
"tʌ̂j"@cbn	<http://ids.clld.org/values/4-330-829-1>		<http://ids.clld.org/parameters/4-330>		<http://ids.clld.org/values/4-330-264-1>		"myo"@cuj	
"bû:l"@cbn	<http://ids.clld.org/values/4-980-829-1>		<http://ids.clld.org/parameters/4-980>		<http://ids.clld.org/values/4-980-264-1>		"kapoohoxi"@cuj	
"kâ:ʔ"@cbn	<http://ids.clld.org/values/3-650-829-1>		<http://ids.clld.org/parameters/3-650>		<http://ids.clld.org/values/3-650-264-1>		"šima"@cuj	
"khʌlâ:j"@cbn	<http://ids.clld.org/values/5-150-829-1>		<http://ids.clld.org/parameters/5-150>		<http://ids.clld.org/values/5-150-264-1>		"honunˑahatewata"@cuj	
"pha:kpha:k"@cbn	<http://ids.clld.org/values/3-920-829-1>		<http://ids.clld.org/parameters/3-920>		<http://ids.clld.org/values/3-920-264-1>		"katato"@cuj	
"ʔɨnchat"@cbn	<http://ids.clld.org/values/4-670-829-1>		<http://ids.clld.org/parameters/4-670>		<http://ids.clld.org/values/4-670-264-1>		"kapere"@cuj	
"kadâ:l"@cbn	<http://ids.clld.org/values/12-680-829-1>		<http://ids.clld.org/parameters/12-680>		<http://ids.clld.org/values/12-680-264-1>		"merpi"@cuj	
"pɔ:ŋ ʔɨncî:ʔ"@cbn	<http://ids.clld.org/values/2-550-829-1>		<http://ids.clld.org/parameters/2-550>		<http://ids.clld.org/values/2-550-264-1>		"hanɨrɨ"@cuj	
"dô:ŋ"@cbn	<http://ids.clld.org/values/19-160-829-1>		<http://ids.clld.org/parameters/19-160>		<http://ids.clld.org/values/19-160-264-1>		"poko"@cuj	
"sanun"@cbn	<http://ids.clld.org/values/10-710-829-1>		<http://ids.clld.org/parameters/10-710>		<http://ids.clld.org/values/10-710-264-1>		"hapo"@cuj	
"sanun"@cbn	<http://ids.clld.org/values/10-710-829-1>		<http://ids.clld.org/parameters/10-710>		<http://ids.clld.org/values/10-710-264-3>		"hatnɨ"@cuj	
"kâ:w"@cbn	<http://ids.clld.org/values/8-570-829-1>		<http://ids.clld.org/parameters/8-570>		<http://ids.clld.org/values/8-570-264-1>		"hwɨ ~ howɨ"@cuj	
"truč trûč"@cbn	<http://ids.clld.org/values/2-210-829-1>		<http://ids.clld.org/parameters/2-210>		<http://ids.clld.org/values/2-210-264-1>		"xexi"@cuj	
"chû:ŋ"@cbn	<http://ids.clld.org/values/15-640-829-1>		<http://ids.clld.org/parameters/15-640>		<http://ids.clld.org/values/15-640-264-1>		"kľata"@cuj	
"chadak"@cbn	<http://ids.clld.org/values/4-530-829-1>		<http://ids.clld.org/parameters/4-530>		<http://ids.clld.org/values/4-530-264-1>		"hethota"@cuj	
"ʔan̄ah (hlô:ŋ)"@cbn	<http://ids.clld.org/values/17-680-829-1>		<http://ids.clld.org/parameters/17-680>		<http://ids.clld.org/values/17-680-264-1>		"katɨ"@cuj	
"pra:ŋ"@cbn	<http://ids.clld.org/values/5-230-829-5>		<http://ids.clld.org/parameters/5-230>		<http://ids.clld.org/values/5-230-264-1>		"xima"@cuj	
"chɔ̂:k hmat"@cbn	<http://ids.clld.org/values/4-214-829-1>		<http://ids.clld.org/parameters/4-214>		<http://ids.clld.org/values/4-214-264-1>		"šapta-ha"@cuj	
"chamô:l"@cbn	<http://ids.clld.org/values/1-630-829-1>		<http://ids.clld.org/parameters/1-630>		<http://ids.clld.org/values/1-630-264-1>		"mayawľɨ"@cuj	
"chamô:l"@cbn	<http://ids.clld.org/values/1-630-829-1>		<http://ids.clld.org/parameters/1-630>		<http://ids.clld.org/values/1-630-264-3>		"čikľe"@cuj	
"ʔɨnchruʔ"@cbn	<http://ids.clld.org/values/3-840-829-1>		<http://ids.clld.org/parameters/3-840>		<http://ids.clld.org/values/3-840-264-1>		"c̷omi"@cuj	
"chɔ̂:k"@cbn	<http://ids.clld.org/values/4-140-829-1>		<http://ids.clld.org/parameters/4-140>		<http://ids.clld.org/values/4-140-264-1>		"xiwɨ-c̷a"@cuj	
"pi:"@cbn	<http://ids.clld.org/values/18-730-829-1>		<http://ids.clld.org/parameters/18-730>		<http://ids.clld.org/values/18-730-264-1>		"kowi"@cuj	
"chač"@cbn	<http://ids.clld.org/values/4-841-829-1>		<http://ids.clld.org/parameters/4-841>		<http://ids.clld.org/values/4-841-264-1>		"hemewata"@cuj	
"churchuŋ"@cbn	<http://ids.clld.org/values/4-380-829-1>		<http://ids.clld.org/parameters/4-380>		<http://ids.clld.org/values/4-380-264-1>		"xitʸi-xi"@cuj	
"rî: hmat"@cbn	<http://ids.clld.org/values/4-215-829-2>		<http://ids.clld.org/parameters/4-215>		<http://ids.clld.org/values/4-215-264-1>		"hixpɨka"@cuj	
"cathûr"@cbn	<http://ids.clld.org/values/5-230-829-1>		<http://ids.clld.org/parameters/5-230>		<http://ids.clld.org/values/5-230-264-1>		"xima"@cuj	
"lahû:t"@cbn	<http://ids.clld.org/values/2-261-829-1>		<http://ids.clld.org/parameters/2-261>		<http://ids.clld.org/values/2-261-264-3>		"mkapyaľo"@cuj	
"lahû:t"@cbn	<http://ids.clld.org/values/2-261-829-1>		<http://ids.clld.org/parameters/2-261>		<http://ids.clld.org/values/2-261-264-1>		"mhanɨrɨto"@cuj	
"thâk (T)"@cbn	<http://ids.clld.org/values/6-921-829-1>		<http://ids.clld.org/parameters/6-921>		<http://ids.clld.org/values/6-921-264-1>		"kamapita"@cuj	
"patâ:"@cbn	<http://ids.clld.org/values/4-180-829-1>		<http://ids.clld.org/parameters/4-180>		<http://ids.clld.org/values/4-180-264-1>		"nši"@cuj	
"phanih"@cbn	<http://ids.clld.org/values/19-210-829-1>		<http://ids.clld.org/parameters/19-210>		<http://ids.clld.org/values/19-210-264-1>		"yine"@cuj	
"thôm chruŋ chawa:ʔ"@cbn	<http://ids.clld.org/values/4-780-829-1>		<http://ids.clld.org/parameters/4-780>		<http://ids.clld.org/values/4-780-264-1>		"kapnata"@cuj	
"ʔɨŋkâ:c phrúʔ"@cbn	<http://ids.clld.org/values/1-560-829-1>		<http://ids.clld.org/parameters/1-560>		<http://ids.clld.org/values/1-560-264-1>		"hitľohita"@cuj	
"kadâ:t (T)"@cbn	<http://ids.clld.org/values/18-560-829-1>		<http://ids.clld.org/parameters/18-560>		<http://ids.clld.org/values/18-560-264-1>		"[kirɨka]"@cuj	
"kathut"@cbn	<http://ids.clld.org/values/4-281-829-1>		<http://ids.clld.org/parameters/4-281>		<http://ids.clld.org/values/4-281-264-1>		"paxnohi / noxi (?)"@cuj	
"phɛ:n tî:"@cbn	<http://ids.clld.org/values/1-210-829-1>		<http://ids.clld.org/parameters/1-210>		<http://ids.clld.org/values/1-210-264-1>		"čixi"@cuj	
"daŋə:m"@cbn	<http://ids.clld.org/values/15-860-829-1>		<http://ids.clld.org/parameters/15-860>		<http://ids.clld.org/values/15-860-264-1>		"kačik-ľe-rɨ"@cuj	
"chrûŋ chuŋ mɔh"@cbn	<http://ids.clld.org/values/4-231-829-1>		<http://ids.clld.org/parameters/4-231>		<http://ids.clld.org/values/4-231-264-1>		"xri-pna"@cuj	
"ʔɨnchɔ́h"@cbn	<http://ids.clld.org/values/4-990-829-1>		<http://ids.clld.org/parameters/4-990>		<http://ids.clld.org/values/4-990-264-1>		"mamkatɨ"@cuj	
"kachîn̄"@cbn	<http://ids.clld.org/values/4-190-829-1>		<http://ids.clld.org/parameters/4-190>		<http://ids.clld.org/values/4-190-264-1>		"tʸi"@cuj	
"kha:p (chû:)"@cbn	<http://ids.clld.org/values/8-550-829-1>		<http://ids.clld.org/parameters/8-550>		<http://ids.clld.org/values/8-550-264-5>		"xe"@cuj	
"kha:p (chû:)"@cbn	<http://ids.clld.org/values/8-550-829-1>		<http://ids.clld.org/parameters/8-550>		<http://ids.clld.org/values/8-550-264-3>		"c̷ki"@cuj	
"kha:p (chû:)"@cbn	<http://ids.clld.org/values/8-550-829-1>		<http://ids.clld.org/parameters/8-550>		<http://ids.clld.org/values/8-550-264-1>		"pľɨ"@cuj	
"fâ: / chawa:"@cbn	<http://ids.clld.org/values/5-610-829-1>		<http://ids.clld.org/parameters/5-610>		<http://ids.clld.org/values/5-610-264-1>		"nikči-hitɨ"@cuj	
"kûən paphraw"@cbn	<http://ids.clld.org/values/2-420-829-1>		<http://ids.clld.org/parameters/2-420>		<http://ids.clld.org/values/2-420-264-1>		"šičo ~ nšičo"@cuj	
"tharâŋ"@cbn	<http://ids.clld.org/values/4-170-829-1>		<http://ids.clld.org/parameters/4-170>		<http://ids.clld.org/values/4-170-264-1>		"hwa"@cuj	
"câj"@cbn	<http://ids.clld.org/values/3-811-829-1>		<http://ids.clld.org/parameters/3-811>		<http://ids.clld.org/values/3-811-264-3>		"šep-či"@cuj	
"câj"@cbn	<http://ids.clld.org/values/3-811-829-1>		<http://ids.clld.org/parameters/3-811>		<http://ids.clld.org/values/3-811-264-1>		"xepa"@cuj	
"dâ:k"@cbn	<http://ids.clld.org/values/1-310-829-1>		<http://ids.clld.org/parameters/1-310>		<http://ids.clld.org/values/1-310-264-1>		"ha"@cuj	
"dâ:k"@cbn	<http://ids.clld.org/values/1-310-829-1>		<http://ids.clld.org/parameters/1-310>		<http://ids.clld.org/values/1-310-264-3>		"honɨ"@cuj	
"khamû:n truč trûč"@cbn	<http://ids.clld.org/values/2-530-829-1>		<http://ids.clld.org/parameters/2-530>		<http://ids.clld.org/values/2-530-264-1>		"paľikľerɨ"@cuj	
"kam hâ:"@cbn	<http://ids.clld.org/values/20-250-829-1>		<http://ids.clld.org/parameters/20-250>		<http://ids.clld.org/values/20-250-264-1>		"kašri"@cuj	
"khɔp"@cbn	<http://ids.clld.org/values/7-440-829-1>		<http://ids.clld.org/parameters/7-440>		<http://ids.clld.org/values/7-440-264-1>		"kwa-ľɨ"@cuj	
"ʔɨnchal"@cbn	<http://ids.clld.org/values/6-360-829-1>		<http://ids.clld.org/parameters/6-360>		<http://ids.clld.org/values/6-360-264-1>		"c̷apɨ"@cuj	
"kacɛ́t"@cbn	<http://ids.clld.org/values/4-760-829-1>		<http://ids.clld.org/parameters/4-760>		<http://ids.clld.org/values/4-760-264-3>		"kama-ka-ta"@cuj	
"kacɛ́t"@cbn	<http://ids.clld.org/values/4-760-829-1>		<http://ids.clld.org/parameters/4-760>		<http://ids.clld.org/values/4-760-264-1>		"hiyľata"@cuj	
"ʔic mɔh"@cbn	<http://ids.clld.org/values/4-232-829-3>		<http://ids.clld.org/parameters/4-232>		<http://ids.clld.org/values/4-232-264-1>		"sro"@cuj	
"chrô:m"@cbn	<http://ids.clld.org/values/3-850-829-1>		<http://ids.clld.org/parameters/3-850>		<http://ids.clld.org/values/3-850-264-3>		"pi"@cuj	
"chrô:m"@cbn	<http://ids.clld.org/values/3-850-829-1>		<http://ids.clld.org/parameters/3-850>		<http://ids.clld.org/values/3-850-264-1>		"himnɨ"@cuj	
"khiw (T)"@cbn	<http://ids.clld.org/values/4-212-829-1>		<http://ids.clld.org/parameters/4-212>		<http://ids.clld.org/values/4-212-264-1>		"šawrɨ-ha"@cuj	
"dâ:k ʔɨncɔ́h"@cbn	<http://ids.clld.org/values/4-560-829-1>		<http://ids.clld.org/parameters/4-560>		<http://ids.clld.org/values/4-560-264-1>		"c̷kaha"@cuj	
"chamû:r"@cbn	<http://ids.clld.org/values/10-140-829-3>		<http://ids.clld.org/parameters/10-140>		<http://ids.clld.org/values/10-140-264-1>		"powata"@cuj	
"pɔ:k ʔɨŋkûər"@cbn	<http://ids.clld.org/values/5-460-829-1>		<http://ids.clld.org/parameters/5-460>		<http://ids.clld.org/values/5-460-264-1>		"pata"@cuj	
"(dâ:k) hnîər"@cbn	<http://ids.clld.org/values/5-640-829-1>		<http://ids.clld.org/parameters/5-640>		<http://ids.clld.org/values/5-640-264-1>		"čopi"@cuj	
"mɛ:n (T)"@cbn	<http://ids.clld.org/values/17-550-829-1>		<http://ids.clld.org/parameters/17-550>		<http://ids.clld.org/values/17-550-264-1>		"hi-hi"@cuj	
"thû:j"@cbn	<http://ids.clld.org/values/5-330-829-1>		<http://ids.clld.org/parameters/5-330>		<http://ids.clld.org/values/5-330-264-1>		"koľpe-to"@cuj	
"paʔih phu��"@cbn	<http://ids.clld.org/values/4-640-829-1>		<http://ids.clld.org/parameters/4-640>		<http://ids.clld.org/values/4-640-264-1>		"hixnɨta"@cuj	
"chalu:t"@cbn	<http://ids.clld.org/values/4-160-829-1>		<http://ids.clld.org/parameters/4-160>		<http://ids.clld.org/values/4-160-264-1>		"ha-pɨ"@cuj	
"hnâ:m hmat"@cbn	<http://ids.clld.org/values/4-213-829-1>		<http://ids.clld.org/parameters/4-213>		<http://ids.clld.org/values/4-213-264-1>		"mta-ha"@cuj	
"kûən lîəŋ"@cbn	<http://ids.clld.org/values/2-740-829-1>		<http://ids.clld.org/parameters/2-740>		<http://ids.clld.org/values/2-740-264-1>		"kosčekyehrerɨ"@cuj	
"ʔɨmphat"@cbn	<http://ids.clld.org/values/8-510-829-1>		<http://ids.clld.org/parameters/8-510>		<http://ids.clld.org/values/8-510-264-3>		"kac̷-ľɨ"@cuj	
"ʔɨmphat"@cbn	<http://ids.clld.org/values/8-510-829-1>		<http://ids.clld.org/parameters/8-510>		<http://ids.clld.org/values/8-510-264-1>		"pekľo"@cuj	
"dɨ̂əj"@cbn	<http://ids.clld.org/values/6-320-829-1>		<http://ids.clld.org/parameters/6-320>		<http://ids.clld.org/values/6-320-264-1>		"xiwe-ta"@cuj	
"ʔa:r"@cbn	<http://ids.clld.org/values/10-450-829-1>		<http://ids.clld.org/parameters/10-450>		<http://ids.clld.org/values/10-450-264-1>		"yana"@cuj	
"lɔ̂:j (N+T)"@cbn	<http://ids.clld.org/values/10-380-829-5>		<http://ids.clld.org/parameters/10-380>		<http://ids.clld.org/values/10-380-264-1>		"haxpoka"@cuj	
"pamâŋ"@cbn	<http://ids.clld.org/values/7-270-829-1>		<http://ids.clld.org/parameters/7-270>		<http://ids.clld.org/values/7-270-264-1>		"prixerɨ"@cuj	
"ʔɨŋkûər"@cbn	<http://ids.clld.org/values/8-750-829-1>		<http://ids.clld.org/parameters/8-750>		<http://ids.clld.org/values/8-750-264-1>		"mta"@cuj	
"ʔɨŋkûər"@cbn	<http://ids.clld.org/values/8-750-829-1>		<http://ids.clld.org/parameters/8-750>		<http://ids.clld.org/values/8-750-264-3>		"pata"@cuj	
"chɨ:"@cbn	<http://ids.clld.org/values/18-280-829-1>		<http://ids.clld.org/parameters/18-280>		<http://ids.clld.org/values/18-280-264-1>		"hi-waka"@cuj	
"cîət"@cbn	<http://ids.clld.org/values/11-130-829-1>		<http://ids.clld.org/parameters/11-130>		<http://ids.clld.org/values/11-130-264-1>		"hani-ka"@cuj	
"nap"@cbn	<http://ids.clld.org/values/13-107-829-1>		<http://ids.clld.org/parameters/13-107>		<http://ids.clld.org/values/13-107-264-1>		"yanta-ta"@cuj	
"hnû:j"@cbn	<http://ids.clld.org/values/3-760-829-1>		<http://ids.clld.org/parameters/3-760>		<http://ids.clld.org/values/3-760-264-1>		"čko-tɨ"@cuj	
"thûər thrɔʔ"@cbn	<http://ids.clld.org/values/3-823-829-1>		<http://ids.clld.org/parameters/3-823>		<http://ids.clld.org/values/3-823-264-1>		"sanɨ"@cuj	
"fâ: / chawâ:"@cbn	<http://ids.clld.org/values/4-130-829-1>		<http://ids.clld.org/parameters/4-130>		<http://ids.clld.org/values/4-130-264-1>		"hitɨ"@cuj	
"kûən ʔûəč"@cbn	<http://ids.clld.org/values/2-640-829-1>		<http://ids.clld.org/parameters/2-640>		<http://ids.clld.org/values/2-640-264-1>		"mekanɨnro"@cuj	
"khamâj"@cbn	<http://ids.clld.org/values/15-510-829-1>		<http://ids.clld.org/parameters/15-510>		<http://ids.clld.org/values/15-510-264-1>		"heta"@cuj	
"hɨncɔ́k / ʔɨncɔ́k (+green)"@cbn	<http://ids.clld.org/values/15-670-829-1>		<http://ids.clld.org/parameters/15-670>		<http://ids.clld.org/values/15-670-264-1>		"poľe"@cuj	
"chadɨ̂m"@cbn	<http://ids.clld.org/values/17-170-829-1>		<http://ids.clld.org/parameters/17-170>		<http://ids.clld.org/values/17-170-264-1>		"himata"@cuj	
"phi:c"@cbn	<http://ids.clld.org/values/16-530-829-1>		<http://ids.clld.org/parameters/16-530>		<http://ids.clld.org/values/16-530-264-1>		"pika"@cuj	
"hê:w (T)"@cbn	<http://ids.clld.org/values/5-140-829-1>		<http://ids.clld.org/parameters/5-140>		<http://ids.clld.org/values/5-140-264-1>		"nači-ma"@cuj	
"huəŋ (T+N)"@cbn	<http://ids.clld.org/values/16-440-829-3>		<http://ids.clld.org/parameters/16-440>		<http://ids.clld.org/values/16-440-264-3>		"hokči"@cuj	
"huəŋ (T+N)"@cbn	<http://ids.clld.org/values/16-440-829-3>		<http://ids.clld.org/parameters/16-440>		<http://ids.clld.org/values/16-440-264-1>		"hoktata"@cuj	
"tə̂:r"@cbn	<http://ids.clld.org/values/12-150-829-1>		<http://ids.clld.org/parameters/12-150>		<http://ids.clld.org/values/12-150-264-1>		"tɨn-wa-ta"@cuj	
"mû:c"@cbn	<http://ids.clld.org/values/3-832-829-1>		<http://ids.clld.org/parameters/3-832>		<http://ids.clld.org/values/3-832-264-1>		"hahyo"@cuj	
"chɔ:p"@cbn	<http://ids.clld.org/values/16-270-829-1>		<http://ids.clld.org/parameters/16-270>		<http://ids.clld.org/values/16-270-264-3>		"hišinika"@cuj	
"chɔ:p"@cbn	<http://ids.clld.org/values/16-270-829-1>		<http://ids.clld.org/parameters/16-270>		<http://ids.clld.org/values/16-270-264-1>		"haľɨka"@cuj	
"jâ:m"@cbn	<http://ids.clld.org/values/16-370-829-1>		<http://ids.clld.org/parameters/16-370>		<http://ids.clld.org/values/16-370-264-3>		"sapľe"@cuj	
"jâ:m"@cbn	<http://ids.clld.org/values/16-370-829-1>		<http://ids.clld.org/parameters/16-370>		<http://ids.clld.org/values/16-370-264-1>		"čiyaha-ta"@cuj	
"bî:n dâ:k"@cbn	<http://ids.clld.org/values/10-350-829-1>		<http://ids.clld.org/parameters/10-350>		<http://ids.clld.org/values/10-350-264-1>		"ha-noha-ta"@cuj	
"ʔɨnlô: thô:r"@cbn	<http://ids.clld.org/values/3-940-829-1>		<http://ids.clld.org/parameters/3-940>		<http://ids.clld.org/values/3-940-264-1>		"šišrikapi"@cuj	
"chi:wit (T)"@cbn	<http://ids.clld.org/values/4-740-829-1>		<http://ids.clld.org/parameters/4-740>		<http://ids.clld.org/values/4-740-264-1>		"hiweka"@cuj	
"cɔmdâ:k kacɛt"@cbn	<http://ids.clld.org/values/4-751-829-1>		<http://ids.clld.org/parameters/4-751>		<http://ids.clld.org/values/4-751-264-1>		"hahyeka"@cuj	
"hma:ŋ"@cbn	<http://ids.clld.org/values/2-310-829-1>		<http://ids.clld.org/parameters/2-310>		<http://ids.clld.org/values/2-310-264-1>		"hanɨ-rɨ"@cuj	
"chrih"@cbn	<http://ids.clld.org/values/10-230-829-1>		<http://ids.clld.org/parameters/10-230>		<http://ids.clld.org/values/10-230-264-1>		"hixrɨ-ka"@cuj	
"thahmâr"@cbn	<http://ids.clld.org/values/18-260-829-1>		<http://ids.clld.org/parameters/18-260>		<http://ids.clld.org/values/18-260-264-1>		"tokanɨ"@cuj	
"ʔo:ŋ ʔɨnchî:r"@cbn	<http://ids.clld.org/values/2-620-829-1>		<http://ids.clld.org/parameters/2-620>		<http://ids.clld.org/values/2-620-264-1>		"himaxiro"@cuj	
"chô:ŋ"@cbn	<http://ids.clld.org/values/16-290-829-1>		<http://ids.clld.org/parameters/16-290>		<http://ids.clld.org/values/16-290-264-1>		"hamľɨta"@cuj	
"chô:ŋ"@cbn	<http://ids.clld.org/values/16-290-829-1>		<http://ids.clld.org/parameters/16-290>		<http://ids.clld.org/values/16-290-264-3>		"hapčoka"@cuj	
"lamtúh"@cbn	<http://ids.clld.org/values/4-110-829-1>		<http://ids.clld.org/parameters/4-110>		<http://ids.clld.org/values/4-110-264-1>		"mane"@cuj	
"katɔn"@cbn	<http://ids.clld.org/values/4-462-829-1>		<http://ids.clld.org/parameters/4-462>		<http://ids.clld.org/values/4-462-264-1>		"pčixi"@cuj	
"takát"@cbn	<http://ids.clld.org/values/15-860-829-3>		<http://ids.clld.org/parameters/15-860>		<http://ids.clld.org/values/15-860-264-1>		"kačik-ľe-rɨ"@cuj	
"dû:t"@cbn	<http://ids.clld.org/values/5-160-829-1>		<http://ids.clld.org/parameters/5-160>		<http://ids.clld.org/values/5-160-264-1>		"haši-ča"@cuj	
"lo:k (T)"@cbn	<http://ids.clld.org/values/1-100-829-1>		<http://ids.clld.org/parameters/1-100>		<http://ids.clld.org/values/1-100-264-1>		"hohi"@cuj	
"kûən lîəŋ"@cbn	<http://ids.clld.org/values/2-730-829-1>		<http://ids.clld.org/parameters/2-730>		<http://ids.clld.org/values/2-730-264-1>		"kosčekyehrerɨ"@cuj	
"tî: tabân"@cbn	<http://ids.clld.org/values/9-730-829-1>		<http://ids.clld.org/parameters/9-730>		<http://ids.clld.org/values/9-730-264-1>		"tawna"@cuj	
"tî: tabân"@cbn	<http://ids.clld.org/values/9-730-829-1>		<http://ids.clld.org/parameters/9-730>		<http://ids.clld.org/values/9-730-264-3>		"taši"@cuj	
"tum pkɔ:ŋ(T)"@cbn	<http://ids.clld.org/values/4-855-829-1>		<http://ids.clld.org/parameters/4-855>		<http://ids.clld.org/values/4-855-264-1>		"xitho"@cuj	
"tum pkɔ:ŋ(T)"@cbn	<http://ids.clld.org/values/4-855-829-1>		<http://ids.clld.org/parameters/4-855>		<http://ids.clld.org/values/4-855-264-3>		"ximľewata"@cuj	
"tham (T)"@cbn	<http://ids.clld.org/values/1-280-829-1>		<http://ids.clld.org/parameters/1-280>		<http://ids.clld.org/values/1-280-264-1>		"mahka"@cuj	
"tham (T)"@cbn	<http://ids.clld.org/values/1-280-829-1>		<http://ids.clld.org/parameters/1-280>		<http://ids.clld.org/values/1-280-264-3>		"kapna"@cuj	
"khamû:n paphraw"@cbn	<http://ids.clld.org/values/2-540-829-1>		<http://ids.clld.org/parameters/2-540>		<http://ids.clld.org/values/2-540-264-1>		"paľikľero"@cuj	
"mun"@cbn	<http://ids.clld.org/values/4-856-829-3>		<http://ids.clld.org/parameters/4-856>		<http://ids.clld.org/values/4-856-264-1>		"yma"@cuj	
"thɛ̂:w (ʔɔ̂:)"@cbn	<http://ids.clld.org/values/12-110-829-1>		<http://ids.clld.org/parameters/12-110>		<http://ids.clld.org/values/12-110-264-1>		"-waka"@cuj	
"kaʔɨ̂l"@cbn	<http://ids.clld.org/values/8-931-829-3>		<http://ids.clld.org/parameters/8-931>		<http://ids.clld.org/values/8-931-264-1>		"c̷oľya"@cuj	
"ʔɨŋkâ:c"@cbn	<http://ids.clld.org/values/1-510-829-1>		<http://ids.clld.org/parameters/1-510>		<http://ids.clld.org/values/1-510-264-1>		"teno"@cuj	
"ʔɨŋkâ:c"@cbn	<http://ids.clld.org/values/1-510-829-1>		<http://ids.clld.org/parameters/1-510>		<http://ids.clld.org/values/1-510-264-3>		"tenhohne"@cuj	
"hmɔ̂:"@cbn	<http://ids.clld.org/values/1-440-829-1>		<http://ids.clld.org/parameters/1-440>		<http://ids.clld.org/values/1-440-264-1>		"sotľɨ"@cuj	
"kadɔ́p"@cbn	<http://ids.clld.org/values/4-200-829-1>		<http://ids.clld.org/parameters/4-200>		<http://ids.clld.org/values/4-200-264-1>		"xiwɨ"@cuj	
"dâ:k châ:j"@cbn	<http://ids.clld.org/values/5-840-829-1>		<http://ids.clld.org/parameters/5-840>		<http://ids.clld.org/values/5-840-264-3>		"wroľ-ha"@cuj	
"dâ:k châ:j"@cbn	<http://ids.clld.org/values/5-840-829-1>		<http://ids.clld.org/parameters/5-840>		<http://ids.clld.org/values/5-840-264-1>		"popnixirha"@cuj	
"pâ:ʔ"@cbn	<http://ids.clld.org/values/9-110-829-1>		<http://ids.clld.org/parameters/9-110>		<http://ids.clld.org/values/9-110-264-1>		"kam-rɨ-ta"@cuj	
"phuək phéh"@cbn	<http://ids.clld.org/values/2-950-829-1>		<http://ids.clld.org/parameters/2-950>		<http://ids.clld.org/values/2-950-264-3>		"hi-"@cuj	
"phuək phéh"@cbn	<http://ids.clld.org/values/2-950-829-1>		<http://ids.clld.org/parameters/2-950>		<http://ids.clld.org/values/2-950-264-1>		"hitʸa"@cuj	
"hî:"@cbn	<http://ids.clld.org/values/7-120-829-1>		<http://ids.clld.org/parameters/7-120>		<http://ids.clld.org/values/7-120-264-3>		"pxi"@cuj	
"hî:"@cbn	<http://ids.clld.org/values/7-120-829-1>		<http://ids.clld.org/parameters/7-120>		<http://ids.clld.org/values/7-120-264-1>		"panči"@cuj	
"fâ:j the:t (T+N)"@cbn	<http://ids.clld.org/values/8-912-829-3>		<http://ids.clld.org/parameters/8-912>		<http://ids.clld.org/values/8-912-264-1>		"seroxiro"@cuj	
"(dô:ŋ thɔŋ) phanow"@cbn	<http://ids.clld.org/values/17-660-829-1>		<http://ids.clld.org/parameters/17-660>		<http://ids.clld.org/values/17-660-264-1>		"hinaka"@cuj	
"tahâj"@cbn	<http://ids.clld.org/values/1-610-829-1>		<http://ids.clld.org/parameters/1-610>		<http://ids.clld.org/values/1-610-264-1>		"po-kamľa-ľɨ"@cuj	
"truč trûč pachuʔ"@cbn	<http://ids.clld.org/values/2-461-829-1>		<http://ids.clld.org/parameters/2-461>		<http://ids.clld.org/values/2-461-264-1>		"kapokotɨ"@cuj	
"kacɔ:n thraŋ kacɔk"@cbn	<http://ids.clld.org/values/6-770-829-1>		<http://ids.clld.org/parameters/6-770>		<http://ids.clld.org/values/6-770-264-1>		"hixepre"@cuj	
"pakuh"@cbn	<http://ids.clld.org/values/10-380-829-1>		<http://ids.clld.org/parameters/10-380>		<http://ids.clld.org/values/10-380-264-1>		"haxpoka"@cuj	
"chîm"@cbn	<http://ids.clld.org/values/4-150-829-1>		<http://ids.clld.org/parameters/4-150>		<http://ids.clld.org/values/4-150-264-1>		"-hra-ha"@cuj	
"phlɛ: n̄uŋ"@cbn	<http://ids.clld.org/values/4-858-829-1>		<http://ids.clld.org/parameters/4-858>		<http://ids.clld.org/values/4-858-264-1>		"pčo"@cuj	
"phlɛ: n̄uŋ"@cbn	<http://ids.clld.org/values/4-858-829-1>		<http://ids.clld.org/parameters/4-858>		<http://ids.clld.org/values/4-858-264-3>		"pčo-ľe"@cuj	
"paphraw"@cbn	<http://ids.clld.org/values/2-220-829-1>		<http://ids.clld.org/parameters/2-220>		<http://ids.clld.org/values/2-220-264-1>		"sɨtʸo"@cuj	
"hŋu:c"@cbn	<http://ids.clld.org/values/5-181-829-1>		<http://ids.clld.org/parameters/5-181>		<http://ids.clld.org/values/5-181-264-1>		"nikľoka"@cuj	
"patîn̄"@cbn	<http://ids.clld.org/values/1-840-829-1>		<http://ids.clld.org/parameters/1-840>		<http://ids.clld.org/values/1-840-264-1>		"čiči-pahi"@cuj	
"khajâ:l"@cbn	<http://ids.clld.org/values/1-720-829-1>		<http://ids.clld.org/parameters/1-720>		<http://ids.clld.org/values/1-720-264-3>		"hawoka"@cuj	
"khajâ:l"@cbn	<http://ids.clld.org/values/1-720-829-1>		<http://ids.clld.org/parameters/1-720>		<http://ids.clld.org/values/1-720-264-1>		"nˑiphya"@cuj	
"klɔ̂m (T+N)"@cbn	<http://ids.clld.org/values/12-810-829-1>		<http://ids.clld.org/parameters/12-810>		<http://ids.clld.org/values/12-810-264-1>		"po-pro-ľo-ľɨ"@cuj	
"ʔɨntâ:l tʌ̂j"@cbn	<http://ids.clld.org/values/4-331-829-1>		<http://ids.clld.org/parameters/4-331>		<http://ids.clld.org/values/4-331-264-1>		"stapa-myo"@cuj	
"phaʔ"@cbn	<http://ids.clld.org/values/2-350-829-1>		<http://ids.clld.org/parameters/2-350>		<http://ids.clld.org/values/2-350-264-1>		"hi-rɨ"@cuj	
"phaʔ"@cbn	<http://ids.clld.org/values/2-350-829-1>		<http://ids.clld.org/parameters/2-350>		<http://ids.clld.org/values/2-350-264-3>		"pa-tɨ"@cuj	
"(khɔ:) kê:n̄"@cbn	<http://ids.clld.org/values/4-320-829-1>		<http://ids.clld.org/parameters/4-320>		<http://ids.clld.org/values/4-320-264-1>		"c̷oxere"@cuj	
"kuən kuə̂n truč trûč"@cbn	<http://ids.clld.org/values/2-250-829-1>		<http://ids.clld.org/parameters/2-250>		<http://ids.clld.org/values/2-250-264-1>		"hexha"@cuj	
"ʔɨncîəm"@cbn	<http://ids.clld.org/values/3-581-829-1>		<http://ids.clld.org/parameters/3-581>		<http://ids.clld.org/values/3-581-264-1>		"koši-či"@cuj	
"chɔ̂:k"@cbn	<http://ids.clld.org/values/4-142-829-1>		<http://ids.clld.org/parameters/4-142>		<http://ids.clld.org/values/4-142-264-1>		"šapto"@cuj	
"ʔɨnlîəm"@cbn	<http://ids.clld.org/values/4-344-829-1>		<http://ids.clld.org/parameters/4-344>		<http://ids.clld.org/values/4-344-264-1>		"sewata"@cuj	
"na: pha: (T)"@cbn	<http://ids.clld.org/values/1-222-829-1>		<http://ids.clld.org/parameters/1-222>		<http://ids.clld.org/values/1-222-264-1>		"pxita"@cuj	
"hnɛ̂:c"@cbn	<http://ids.clld.org/values/12-560-829-1>		<http://ids.clld.org/parameters/12-560>		<http://ids.clld.org/values/12-560-264-1>		"mtɨ-rɨ"@cuj	
"khamâ:j"@cbn	<http://ids.clld.org/values/2-760-829-1>		<http://ids.clld.org/parameters/2-760>		<http://ids.clld.org/values/2-760-264-1>		"hipnahnɨrɨtačro"@cuj	
"khrap"@cbn	<http://ids.clld.org/values/8-311-829-1>		<http://ids.clld.org/parameters/8-311>		<http://ids.clld.org/values/8-311-264-3>		"kaxirɨxi"@cuj	
"khrap"@cbn	<http://ids.clld.org/values/8-311-829-1>		<http://ids.clld.org/parameters/8-311>		<http://ids.clld.org/values/8-311-264-1>		"xi"@cuj	
"nɔ̂:m phuŋ"@cbn	<http://ids.clld.org/values/4-730-829-1>		<http://ids.clld.org/parameters/4-730>		<http://ids.clld.org/values/4-730-264-1>		"mɨšiwata"@cuj	
"pachâ:ŋ"@cbn	<http://ids.clld.org/values/15-440-829-1>		<http://ids.clld.org/parameters/15-440>		<http://ids.clld.org/values/15-440-264-1>		"hima"@cuj	
"jak"@cbn	<http://ids.clld.org/values/1-830-829-1>		<http://ids.clld.org/parameters/1-830>		<http://ids.clld.org/values/1-830-264-1>		"či-či-phya"@cuj	
"tâŋ n̄ûm (T+N)"@cbn	<http://ids.clld.org/values/17-110-829-1>		<http://ids.clld.org/parameters/17-110>		<http://ids.clld.org/values/17-110-264-1>		"nšinikanɨ"@cuj	
"ra:ŋ dâ:k (T+N)"@cbn	<http://ids.clld.org/values/7-480-829-1>		<http://ids.clld.org/parameters/7-480>		<http://ids.clld.org/values/7-480-264-1>		"košo"@cuj	
"tɔ́h"@cbn	<http://ids.clld.org/values/4-410-829-1>		<http://ids.clld.org/parameters/4-410>		<http://ids.clld.org/values/4-410-264-1>		"sta"@cuj	
"tɔ́h"@cbn	<http://ids.clld.org/values/4-410-829-1>		<http://ids.clld.org/parameters/4-410>		<http://ids.clld.org/values/4-410-264-3>		"t-nɨ"@cuj	
"pâ:ʔ hŋâ:n"@cbn	<http://ids.clld.org/values/9-120-829-1>		<http://ids.clld.org/parameters/9-120>		<http://ids.clld.org/values/9-120-264-1>		"kamrɨrči"@cuj	
"cakɔ̂n"@cbn	<http://ids.clld.org/values/12-530-829-3>		<http://ids.clld.org/parameters/12-530>		<http://ids.clld.org/values/12-530-264-1>		"c̷erɨwna"@cuj	
"kadûm (T)"@cbn	<http://ids.clld.org/values/6-620-829-1>		<http://ids.clld.org/parameters/6-620>		<http://ids.clld.org/values/6-620-264-1>		"štexi"@cuj	
"chaʔâ:p"@cbn	<http://ids.clld.org/values/4-520-829-1>		<http://ids.clld.org/parameters/4-520>		<http://ids.clld.org/values/4-520-264-1>		"haphatata"@cuj	
"kadîən kamát"@cbn	<http://ids.clld.org/values/1-860-829-1>		<http://ids.clld.org/parameters/1-860>		<http://ids.clld.org/values/1-860-264-3>		"tʸirna"@cuj	
"kadîən kamát"@cbn	<http://ids.clld.org/values/1-860-829-1>		<http://ids.clld.org/parameters/1-860>		<http://ids.clld.org/values/1-860-264-1>		"tʸirika"@cuj	
"(thɛh) ʔan"@cbn	<http://ids.clld.org/values/13-230-829-1>		<http://ids.clld.org/parameters/13-230>		<http://ids.clld.org/values/13-230-264-1>		"psoxi"@cuj	
"phrâj"@cbn	<http://ids.clld.org/values/1-750-829-1>		<http://ids.clld.org/parameters/1-750>		<http://ids.clld.org/values/1-750-264-3>		"neka"@cuj	
"phrâj"@cbn	<http://ids.clld.org/values/1-750-829-1>		<http://ids.clld.org/parameters/1-750>		<http://ids.clld.org/values/1-750-264-1>		"hina"@cuj	
"prîət"@cbn	<http://ids.clld.org/values/4-856-829-1>		<http://ids.clld.org/parameters/4-856>		<http://ids.clld.org/values/4-856-264-1>		"yma"@cuj	
"(rih) fâ:j chû:"@cbn	<http://ids.clld.org/values/8-920-829-1>		<http://ids.clld.org/parameters/8-920>		<http://ids.clld.org/values/8-920-264-1>		"ximeka"@cuj	
"taliŋ (T)"@cbn	<http://ids.clld.org/values/1-270-829-1>		<http://ids.clld.org/parameters/1-270>		<http://ids.clld.org/values/1-270-264-1>		"wakanɨ"@cuj	
"pê:n̄"@cbn	<http://ids.clld.org/values/2-460-829-1>		<http://ids.clld.org/parameters/2-460>		<http://ids.clld.org/values/2-460-264-1>		"hatʸi-rɨ"@cuj	
"(nâ:) hmat"@cbn	<http://ids.clld.org/values/4-204-829-1>		<http://ids.clld.org/parameters/4-204>		<http://ids.clld.org/values/4-204-264-1>		"hoxi"@cuj	
"hmɛ:ʔ"@cbn	<http://ids.clld.org/values/2-360-829-1>		<http://ids.clld.org/parameters/2-360>		<http://ids.clld.org/values/2-360-264-3>		"hin-ro"@cuj	
"hmɛ:ʔ"@cbn	<http://ids.clld.org/values/2-360-829-1>		<http://ids.clld.org/parameters/2-360>		<http://ids.clld.org/values/2-360-264-1>		"nato"@cuj	
"plî:w kámát"@cbn	<http://ids.clld.org/values/1-820-829-1>		<http://ids.clld.org/parameters/1-820>		<http://ids.clld.org/values/1-820-264-1>		"katmeroľɨ"@cuj	
"khrʌp"@cbn	<http://ids.clld.org/values/1-410-829-1>		<http://ids.clld.org/parameters/1-410>		<http://ids.clld.org/values/1-410-264-1>		"hoša"@cuj	
"cɛ́p"@cbn	<http://ids.clld.org/values/5-160-829-3>		<http://ids.clld.org/parameters/5-160>		<http://ids.clld.org/values/5-160-264-1>		"haši-ča"@cuj	
"(duəŋ) tahâj"@cbn	<http://ids.clld.org/values/1-520-829-1>		<http://ids.clld.org/parameters/1-520>		<http://ids.clld.org/values/1-520-264-1>		"tka-či"@cuj	
"chɛ̂n chîm phlê:n̄"@cbn	<http://ids.clld.org/values/4-151-829-1>		<http://ids.clld.org/parameters/4-151>		<http://ids.clld.org/values/4-151-264-1>		"koc̷a"@cuj	
"kap"@cbn	<http://ids.clld.org/values/20-640-829-1>		<http://ids.clld.org/parameters/20-640>		<http://ids.clld.org/values/20-640-264-1>		"hic̷ekľɨ"@cuj	
"kacáh"@cbn	<http://ids.clld.org/values/1-890-829-1>		<http://ids.clld.org/parameters/1-890>		<http://ids.clld.org/values/1-890-264-1>		"ksamome"@cuj	
"niəŋlîəŋ"@cbn	<http://ids.clld.org/values/3-583-829-1>		<http://ids.clld.org/parameters/3-583>		<http://ids.clld.org/values/3-583-264-1>		"hakapľa"@cuj	
"hlâ: ʔa:chrû:p (T+N)"@cbn	<http://ids.clld.org/values/8-680-829-1>		<http://ids.clld.org/parameters/8-680>		<http://ids.clld.org/values/8-680-264-1>		"yiri ~ hayi-re"@cuj	
"phɛ:n tî:"@cbn	<http://ids.clld.org/values/1-260-829-1>		<http://ids.clld.org/parameters/1-260>		<http://ids.clld.org/values/1-260-264-3>		"špotɨ"@cuj	
"phɛ:n tî:"@cbn	<http://ids.clld.org/values/1-260-829-1>		<http://ids.clld.org/parameters/1-260>		<http://ids.clld.org/values/1-260-264-1>		"c̷rɨrɨ"@cuj	
"chrûŋ"@cbn	<http://ids.clld.org/values/12-850-829-1>		<http://ids.clld.org/parameters/12-850>		<http://ids.clld.org/values/12-850-264-3>		"nama"@cuj	
"chrûŋ"@cbn	<http://ids.clld.org/values/12-850-829-1>		<http://ids.clld.org/parameters/12-850>		<http://ids.clld.org/values/12-850-264-1>		"pna"@cuj	
"khaj kalîn̄"@cbn	<http://ids.clld.org/values/5-791-829-1>		<http://ids.clld.org/parameters/5-791>		<http://ids.clld.org/values/5-791-264-1>		"nhi-či"@cuj	
"câ:ʔ ʔɨncáh"@cbn	<http://ids.clld.org/values/16-440-829-1>		<http://ids.clld.org/parameters/16-440>		<http://ids.clld.org/values/16-440-264-3>		"hokči"@cuj	
"câ:ʔ ʔɨncáh"@cbn	<http://ids.clld.org/values/16-440-829-1>		<http://ids.clld.org/parameters/16-440>		<http://ids.clld.org/values/16-440-264-1>		"hoktata"@cuj	
"tɨ̂n"@cbn	<http://ids.clld.org/values/10-210-829-1>		<http://ids.clld.org/parameters/10-210>		<http://ids.clld.org/values/10-210-264-1>		"hitʸenowna"@cuj	
"chalu:t ʔɨŋkâj"@cbn	<http://ids.clld.org/values/4-162-829-1>		<http://ids.clld.org/parameters/4-162>		<http://ids.clld.org/values/4-162-264-3>		"kwansat-hapɨ"@cuj	
"chalu:t ʔɨŋkâj"@cbn	<http://ids.clld.org/values/4-162-829-1>		<http://ids.clld.org/parameters/4-162>		<http://ids.clld.org/values/4-162-264-1>		"kwansata"@cuj	
"pakâ:c"@cbn	<http://ids.clld.org/values/1-540-829-1>		<http://ids.clld.org/parameters/1-540>		<http://ids.clld.org/values/1-540-264-1>		"katahiri"@cuj	
"jɔ́k phro:k"@cbn	<http://ids.clld.org/values/4-940-829-1>		<http://ids.clld.org/parameters/4-940>		<http://ids.clld.org/values/4-940-264-1>		"čoľi"@cuj	
"jɔ:ŋ"@cbn	<http://ids.clld.org/values/2-470-829-1>		<http://ids.clld.org/parameters/2-470>		<http://ids.clld.org/values/2-470-264-1>		"ha-xi-ro"@cuj	
"dâ:k hwɔ̂ŋ"@cbn	<http://ids.clld.org/values/1-362-829-1>		<http://ids.clld.org/parameters/1-362>		<http://ids.clld.org/values/1-362-264-1>		"ximľere"@cuj	
"dâ:k hwɔ̂ŋ"@cbn	<http://ids.clld.org/values/1-362-829-1>		<http://ids.clld.org/parameters/1-362>		<http://ids.clld.org/values/1-362-264-3>		"xiweyľɨ"@cuj	
"chɔ̂:k"@cbn	<http://ids.clld.org/values/4-144-829-1>		<http://ids.clld.org/parameters/4-144>		<http://ids.clld.org/values/4-144-264-3>		"šape"@cuj	
"chɔ̂:k"@cbn	<http://ids.clld.org/values/4-144-829-1>		<http://ids.clld.org/parameters/4-144>		<http://ids.clld.org/values/4-144-264-1>		"pitʸi"@cuj	
"hnîəŋ"@cbn	<http://ids.clld.org/values/4-392-829-1>		<http://ids.clld.org/parameters/4-392>		<http://ids.clld.org/values/4-392-264-1>		"mexi"@cuj	
"thaŋ ʔʌ́t"@cbn	<http://ids.clld.org/values/13-140-829-1>		<http://ids.clld.org/parameters/13-140>		<http://ids.clld.org/values/13-140-264-3>		"ptowrɨ"@cuj	
"thaŋ ʔʌ́t"@cbn	<http://ids.clld.org/values/13-140-829-1>		<http://ids.clld.org/parameters/13-140>		<http://ids.clld.org/values/13-140-264-1>		"pexnɨ"@cuj	
"chanun"@cbn	<http://ids.clld.org/values/10-710-829-3>		<http://ids.clld.org/parameters/10-710>		<http://ids.clld.org/values/10-710-264-1>		"hapo"@cuj	
"chanun"@cbn	<http://ids.clld.org/values/10-710-829-3>		<http://ids.clld.org/parameters/10-710>		<http://ids.clld.org/values/10-710-264-3>		"hatnɨ"@cuj	
"chî:ŋ"@cbn	<http://ids.clld.org/values/6-350-829-1>		<http://ids.clld.org/parameters/6-350>		<http://ids.clld.org/values/6-350-264-1>		"yo-c̷-ha"@cuj	
"trɔ̂:"@cbn	<http://ids.clld.org/values/17-230-829-1>		<http://ids.clld.org/parameters/17-230>		<http://ids.clld.org/values/17-230-264-1>		"sepro"@cuj	
"ne:c chit na: (T)"@cbn	<http://ids.clld.org/values/6-810-829-1>		<http://ids.clld.org/parameters/6-810>		<http://ids.clld.org/values/6-810-264-1>		"c̷mapi"@cuj	
"(ʔɔ̂:) cha:mó:ʔ"@cbn	<http://ids.clld.org/values/17-640-829-1>		<http://ids.clld.org/parameters/17-640>		<http://ids.clld.org/values/17-640-264-1>		"kľa"@cuj	
"(ʔɔ̂:) cha:mó:ʔ"@cbn	<http://ids.clld.org/values/17-640-829-1>		<http://ids.clld.org/parameters/17-640>		<http://ids.clld.org/values/17-640-264-3>		"kľɨ"@cuj	
"jɨr"@cbn	<http://ids.clld.org/values/4-680-829-1>		<http://ids.clld.org/parameters/4-680>		<http://ids.clld.org/values/4-680-264-1>		"hišpiypeta"@cuj	
"kacáh dîən kamát"@cbn	<http://ids.clld.org/values/1-841-829-1>		<http://ids.clld.org/parameters/1-841>		<http://ids.clld.org/values/1-841-264-1>		"čič-mero"@cuj	
"kacáh dîən kamát"@cbn	<http://ids.clld.org/values/1-841-829-1>		<http://ids.clld.org/parameters/1-841>		<http://ids.clld.org/values/1-841-264-3>		"mero"@cuj	
"sana:m ʔɨmphat (T+N)"@cbn	<http://ids.clld.org/values/7-150-829-1>		<http://ids.clld.org/parameters/7-150>		<http://ids.clld.org/values/7-150-264-1>		"pɨtɨ"@cuj	
"phraw"@cbn	<http://ids.clld.org/values/2-320-829-1>		<http://ids.clld.org/parameters/2-320>		<http://ids.clld.org/values/2-320-264-1>		"hanɨnro ~ hnɨnro"@cuj	
"hnə̂:l"@cbn	<http://ids.clld.org/values/4-372-829-1>		<http://ids.clld.org/parameters/4-372>		<http://ids.clld.org/values/4-372-264-1>		"sc̷ih-xitʸi"@cuj	
"khrɔ:pkhruə (T)"@cbn	<http://ids.clld.org/values/2-820-829-1>		<http://ids.clld.org/parameters/2-820>		<http://ids.clld.org/values/2-820-264-1>		"moľe"@cuj	
"khrɔ:pkhruə (T)"@cbn	<http://ids.clld.org/values/2-820-829-1>		<http://ids.clld.org/parameters/2-820>		<http://ids.clld.org/values/2-820-264-3>		"moľe-ta"@cuj	
"nɔ̂:m"@cbn	<http://ids.clld.org/values/11-510-829-1>		<http://ids.clld.org/parameters/11-510>		<http://ids.clld.org/values/11-510-264-1>		"poniko"@cuj	
"dâ:k muh"@cbn	<http://ids.clld.org/values/1-324-829-1>		<http://ids.clld.org/parameters/1-324>		<http://ids.clld.org/values/1-324-264-1>		"soľi"@cuj	
"ʔɨncîəm ʔɨnlîəŋ"@cbn	<http://ids.clld.org/values/3-594-829-1>		<http://ids.clld.org/parameters/3-594>		<http://ids.clld.org/values/3-594-264-1>		"kamowa"@cuj	
"win̄"@cbn	<http://ids.clld.org/values/16-260-829-1>		<http://ids.clld.org/parameters/16-260>		<http://ids.clld.org/values/16-260-264-1>		"hapnoka-wa-ta"@cuj	
"thɔ:ŋ kham (T)"@cbn	<http://ids.clld.org/values/9-640-829-1>		<http://ids.clld.org/parameters/9-640>		<http://ids.clld.org/values/9-640-264-1>		"kori"@cuj	
"n̄în"@cbn	<http://ids.clld.org/values/2-930-829-1>		<http://ids.clld.org/parameters/2-930>		<http://ids.clld.org/values/2-930-264-1>		"waľe"@cuj	
"n̄în"@cbn	<http://ids.clld.org/values/2-930-829-1>		<http://ids.clld.org/parameters/2-930>		<http://ids.clld.org/values/2-930-264-3>		"waľa"@cuj	
"phɔ̂ŋ"@cbn	<http://ids.clld.org/values/1-213-829-1>		<http://ids.clld.org/parameters/1-213>		<http://ids.clld.org/values/1-213-264-1>		"pahi"@cuj	
"ʔɨntáp"@cbn	<http://ids.clld.org/values/3-930-829-1>		<http://ids.clld.org/parameters/3-930>		<http://ids.clld.org/values/3-930-264-1>		"c̷ec̷e"@cuj	
"cho:k ʔɨmwâ:r"@cbn	<http://ids.clld.org/values/9-190-829-1>		<http://ids.clld.org/parameters/9-190>		<http://ids.clld.org/values/9-190-264-1>		"c̷a"@cuj	
"pacha:ŋ ja:m"@cbn	<http://ids.clld.org/values/18-110-829-1>		<http://ids.clld.org/parameters/18-110>		<http://ids.clld.org/values/18-110-264-1>		"pľaxi"@cuj	
"kamát"@cbn	<http://ids.clld.org/values/1-810-829-1>		<http://ids.clld.org/parameters/1-810>		<http://ids.clld.org/values/1-810-264-1>		"yošika"@cuj	
"lâ:ŋ (T)"@cbn	<http://ids.clld.org/values/9-360-829-1>		<http://ids.clld.org/parameters/9-360>		<http://ids.clld.org/values/9-360-264-3>		"hero-ta"@cuj	
"lâ:ŋ (T)"@cbn	<http://ids.clld.org/values/9-360-829-1>		<http://ids.clld.org/parameters/9-360>		<http://ids.clld.org/values/9-360-264-1>		"herka"@cuj	
"ʔɨmpûaj"@cbn	<http://ids.clld.org/values/3-580-829-1>		<http://ids.clld.org/parameters/3-580>		<http://ids.clld.org/values/3-580-264-1>		"sreta"@cuj	
"ʔɨmpûaj"@cbn	<http://ids.clld.org/values/3-580-829-1>		<http://ids.clld.org/parameters/3-580>		<http://ids.clld.org/values/3-580-264-3>		"šaľe"@cuj	
"tam chû: (tree)"@cbn	<http://ids.clld.org/values/8-530-829-1>		<http://ids.clld.org/parameters/8-530>		<http://ids.clld.org/values/8-530-264-1>		"hita-ka"@cuj	
"tapho:k chút"@cbn	<http://ids.clld.org/values/4-464-829-1>		<http://ids.clld.org/parameters/4-464>		<http://ids.clld.org/values/4-464-264-1>		"srɨ"@cuj	
"kathɨn"@cbn	<http://ids.clld.org/values/1-620-829-1>		<http://ids.clld.org/parameters/1-620>		<http://ids.clld.org/values/1-620-264-1>		"yačhe"@cuj	
"kathɨn"@cbn	<http://ids.clld.org/values/1-620-829-1>		<http://ids.clld.org/parameters/1-620>		<http://ids.clld.org/values/1-620-264-3>		"yačnewľɨ"@cuj	
"jɔ́k"@cbn	<http://ids.clld.org/values/4-350-829-1>		<http://ids.clld.org/parameters/4-350>		<http://ids.clld.org/values/4-350-264-3>		"tpaľi"@cuj	
"jɔ́k"@cbn	<http://ids.clld.org/values/4-350-829-1>		<http://ids.clld.org/parameters/4-350>		<http://ids.clld.org/values/4-350-264-1>		"ksɨxe"@cuj	
"pachu:ʔ"@cbn	<http://ids.clld.org/values/14-150-829-1>		<http://ids.clld.org/parameters/14-150>		<http://ids.clld.org/values/14-150-264-1>		"c̷-rɨ"@cuj	
"kalo:k kadɔ̂p"@cbn	<http://ids.clld.org/values/4-202-829-1>		<http://ids.clld.org/parameters/4-202>		<http://ids.clld.org/values/4-202-264-1>		"xiwɨta"@cuj	
"pachâ:"@cbn	<http://ids.clld.org/values/18-240-829-1>		<http://ids.clld.org/parameters/18-240>		<http://ids.clld.org/values/18-240-264-1>		"tokanɨ"@cuj	
"jak ʔɨŋkát"@cbn	<http://ids.clld.org/values/1-740-829-1>		<http://ids.clld.org/parameters/1-740>		<http://ids.clld.org/values/1-740-264-1>		"kyačhapererɨmko"@cuj	
"hru:j"@cbn	<http://ids.clld.org/values/3-830-829-1>		<http://ids.clld.org/parameters/3-830>		<http://ids.clld.org/values/3-830-264-3>		"yowini"@cuj	
"hru:j"@cbn	<http://ids.clld.org/values/3-830-829-1>		<http://ids.clld.org/parameters/3-830>		<http://ids.clld.org/values/3-830-264-1>		"xemxerne"@cuj	
"kachû:"@cbn	<http://ids.clld.org/values/8-691-829-1>		<http://ids.clld.org/parameters/8-691>		<http://ids.clld.org/values/8-691-264-1>		"kašimpo"@cuj	
"dâ:k tɔ́h"@cbn	<http://ids.clld.org/values/5-860-829-1>		<http://ids.clld.org/parameters/5-860>		<http://ids.clld.org/values/5-860-264-1>		"t-nɨ-ha"@cuj	
"pacû:n"@cbn	<http://ids.clld.org/values/15-690-829-1>		<http://ids.clld.org/parameters/15-690>		<http://ids.clld.org/values/15-690-264-1>		"pwaľo"@cuj	
"khúk kabɔ̂ŋ (N+T)"@cbn	<http://ids.clld.org/values/10-412-829-1>		<http://ids.clld.org/parameters/10-412>		<http://ids.clld.org/values/10-412-264-1>		"yopc̷oxita"@cuj	
"lu:k kapo:k (T)"@cbn	<http://ids.clld.org/values/4-490-829-1>		<http://ids.clld.org/parameters/4-490>		<http://ids.clld.org/values/4-490-264-3>		"naxi"@cuj	
"lu:k kapo:k (T)"@cbn	<http://ids.clld.org/values/4-490-829-1>		<http://ids.clld.org/parameters/4-490>		<http://ids.clld.org/values/4-490-264-1>		"hexha-naxi"@cuj	
"ʔɨŋkha:ŋ"@cbn	<http://ids.clld.org/values/12-360-829-1>		<http://ids.clld.org/parameters/12-360>		<http://ids.clld.org/values/12-360-264-1>		"tamnɨ"@cuj	
"câ:ʔ"@cbn	<http://ids.clld.org/values/5-110-829-1>		<http://ids.clld.org/parameters/5-110>		<http://ids.clld.org/values/5-110-264-1>		"nika"@cuj	
"kûən ŋɛ:"@cbn	<http://ids.clld.org/values/2-280-829-1>		<http://ids.clld.org/parameters/2-280>		<http://ids.clld.org/values/2-280-264-1>		"mtɨ-rɨ"@cuj	
"ʔɨnriʔ"@cbn	<http://ids.clld.org/values/5-590-829-1>		<http://ids.clld.org/parameters/5-590>		<http://ids.clld.org/values/5-590-264-1>		"hitɨsc̷i"@cuj	
"kha hmâ:n"@cbn	<http://ids.clld.org/values/2-630-829-1>		<http://ids.clld.org/parameters/2-630>		<http://ids.clld.org/values/2-630-264-1>		"mekanɨrɨ"@cuj	
"phéh"@cbn	<http://ids.clld.org/values/2-920-829-1>		<http://ids.clld.org/parameters/2-920>		<http://ids.clld.org/values/2-920-264-3>		"p-"@cuj	
"phéh"@cbn	<http://ids.clld.org/values/2-920-829-1>		<http://ids.clld.org/parameters/2-920>		<http://ids.clld.org/values/2-920-264-5>		"pɨ-"@cuj	
"phéh"@cbn	<http://ids.clld.org/values/2-920-829-1>		<http://ids.clld.org/parameters/2-920>		<http://ids.clld.org/values/2-920-264-1>		"pitʸa"@cuj	
"cê:r"@cbn	<http://ids.clld.org/values/3-652-829-1>		<http://ids.clld.org/parameters/3-652>		<http://ids.clld.org/values/3-652-264-3>		"patľeta"@cuj	
"cê:r"@cbn	<http://ids.clld.org/values/3-652-829-1>		<http://ids.clld.org/parameters/3-652>		<http://ids.clld.org/values/3-652-264-1>		"hwa"@cuj	
"carîh"@cbn	<http://ids.clld.org/values/4-400-829-1>		<http://ids.clld.org/parameters/4-400>		<http://ids.clld.org/values/4-400-264-1>		"tľo"@cuj	
"mâmâ:r"@cbn	<http://ids.clld.org/values/10-410-829-1>		<http://ids.clld.org/parameters/10-410>		<http://ids.clld.org/values/10-410-264-1>		"kamita"@cuj	
"kachaʔ"@cbn	<http://ids.clld.org/values/9-760-829-1>		<http://ids.clld.org/parameters/9-760>		<http://ids.clld.org/values/9-760-264-1>		"koxi-ta"@cuj	
"khadáh"@cbn	<http://ids.clld.org/values/15-520-829-1>		<http://ids.clld.org/parameters/15-520>		<http://ids.clld.org/values/15-520-264-1>		"heta"@cuj	
"pâ:ʔ phlê:ŋ"@cbn	<http://ids.clld.org/values/18-120-829-1>		<http://ids.clld.org/parameters/18-120>		<http://ids.clld.org/values/18-120-264-1>		"šikaľe-ta"@cuj	
"katûər"@cbn	<http://ids.clld.org/values/4-220-829-1>		<http://ids.clld.org/parameters/4-220>		<http://ids.clld.org/values/4-220-264-3>		"xepi"@cuj	
"katûər"@cbn	<http://ids.clld.org/values/4-220-829-1>		<http://ids.clld.org/parameters/4-220>		<http://ids.clld.org/values/4-220-264-1>		"xnako"@cuj	
"krɨkkrɔ̂:ŋ (T)"@cbn	<http://ids.clld.org/values/17-130-829-1>		<http://ids.clld.org/parameters/17-130>		<http://ids.clld.org/values/17-130-264-1>		"hi-šinika"@cuj	
"ʔɨnɨû:"@cbn	<http://ids.clld.org/values/1-530-829-1>		<http://ids.clld.org/parameters/1-530>		<http://ids.clld.org/values/1-530-264-1>		"ksɨ-rɨ"@cuj	
"khajâ:l (phajúʔ)"@cbn	<http://ids.clld.org/values/1-580-829-1>		<http://ids.clld.org/parameters/1-580>		<http://ids.clld.org/values/1-580-264-1>		"yonˑiphyata"@cuj	
"thɛʔthu:ŋ"@cbn	<http://ids.clld.org/values/3-816-829-1>		<http://ids.clld.org/parameters/3-816>		<http://ids.clld.org/values/3-816-264-1>		"kačipkočirotero"@cuj	
"khlûm (T)"@cbn	<http://ids.clld.org/values/6-410-829-1>		<http://ids.clld.org/parameters/6-410>		<http://ids.clld.org/values/6-410-264-1>		"papowaľɨtɨ"@cuj	
"húp kûr"@cbn	<http://ids.clld.org/values/1-240-829-1>		<http://ids.clld.org/parameters/1-240>		<http://ids.clld.org/values/1-240-264-1>		"čpaľe"@cuj	
"húp kûr"@cbn	<http://ids.clld.org/values/1-240-829-1>		<http://ids.clld.org/parameters/1-240>		<http://ids.clld.org/values/1-240-264-3>		"mahka čpaľe"@cuj	
"kri:ŋ"@cbn	<http://ids.clld.org/values/4-810-829-1>		<http://ids.clld.org/parameters/4-810>		<http://ids.clld.org/values/4-810-264-1>		"hičko"@cuj	
"jut rakhɛ́h"@cbn	<http://ids.clld.org/values/4-912-829-1>		<http://ids.clld.org/parameters/4-912>		<http://ids.clld.org/values/4-912-264-1>		"hapnanɨta"@cuj	
"rachâ: (T)"@cbn	<http://ids.clld.org/values/4-860-829-1>		<http://ids.clld.org/parameters/4-860>		<http://ids.clld.org/values/4-860-264-1>		"hic̷kaľaka"@cuj	
"hnâ:m"@cbn	<http://ids.clld.org/values/14-730-829-1>		<http://ids.clld.org/parameters/14-730>		<http://ids.clld.org/values/14-730-264-1>		"waľapɨ"@cuj	
"lô:ŋ"@cbn	<http://ids.clld.org/values/10-480-829-1>		<http://ids.clld.org/parameters/10-480>		<http://ids.clld.org/values/10-480-264-1>		"hina"@cuj	
"chu:č"@cbn	<http://ids.clld.org/values/4-853-829-1>		<http://ids.clld.org/parameters/4-853>		<http://ids.clld.org/values/4-853-264-3>		"hanka-xrɨ"@cuj	
"chu:č"@cbn	<http://ids.clld.org/values/4-853-829-1>		<http://ids.clld.org/parameters/4-853>		<http://ids.clld.org/values/4-853-264-1>		"hanka"@cuj	
"pha.ʔ ʔɨnchî:r"@cbn	<http://ids.clld.org/values/2-610-829-1>		<http://ids.clld.org/parameters/2-610>		<http://ids.clld.org/values/2-610-264-1>		"himatʸirɨ"@cuj	
"laʔûn"@cbn	<http://ids.clld.org/values/4-820-829-1>		<http://ids.clld.org/parameters/4-820>		<http://ids.clld.org/values/4-820-264-1>		"pohro"@cuj	
"chrɔ̂:"@cbn	<http://ids.clld.org/values/1-380-829-1>		<http://ids.clld.org/parameters/1-380>		<http://ids.clld.org/values/1-380-264-1>		"hihawakľe"@cuj	
"lul"@cbn	<http://ids.clld.org/values/8-931-829-5>		<http://ids.clld.org/parameters/8-931>		<http://ids.clld.org/values/8-931-264-1>		"c̷oľya"@cuj	
"ʔɨncîəm kə̂w"@cbn	<http://ids.clld.org/values/3-596-829-1>		<http://ids.clld.org/parameters/3-596>		<http://ids.clld.org/values/3-596-264-3>		"mosa"@cuj	
"ʔɨncîəm kə̂w"@cbn	<http://ids.clld.org/values/3-596-829-1>		<http://ids.clld.org/parameters/3-596>		<http://ids.clld.org/values/3-596-264-1>		"hnono"@cuj	
"ʔɨntâ:k"@cbn	<http://ids.clld.org/values/4-260-829-1>		<http://ids.clld.org/parameters/4-260>		<http://ids.clld.org/values/4-260-264-1>		"nnɨ"@cuj	
"phluk"@cbn	<http://ids.clld.org/values/4-271-829-1>		<http://ids.clld.org/parameters/4-271>		<http://ids.clld.org/values/4-271-264-1>		"kyapi"@cuj	
"jə̂:ŋ"@cbn	<http://ids.clld.org/values/17-172-829-1>		<http://ids.clld.org/parameters/17-172>		<http://ids.clld.org/values/17-172-264-1>		"yima"@cuj	
"kamát"@cbn	<http://ids.clld.org/values/7-450-829-1>		<http://ids.clld.org/parameters/7-450>		<http://ids.clld.org/values/7-450-264-1>		"kataľo"@cuj	
"pâ:ŋ"@cbn	<http://ids.clld.org/values/4-240-829-1>		<http://ids.clld.org/parameters/4-240>		<http://ids.clld.org/values/4-240-264-1>		"nama"@cuj	
"thanâ:j chuŋ"@cbn	<http://ids.clld.org/values/4-374-829-1>		<http://ids.clld.org/parameters/4-374>		<http://ids.clld.org/values/4-374-264-1>		"hapo"@cuj	
"pɔ̂:"@cbn	<http://ids.clld.org/values/4-620-829-1>		<http://ids.clld.org/parameters/4-620>		<http://ids.clld.org/values/4-620-264-1>		"hipnawata"@cuj	
"phɔ:ŋ"@cbn	<http://ids.clld.org/values/5-970-829-1>		<http://ids.clld.org/parameters/5-970>		<http://ids.clld.org/values/5-970-264-1>		"naxi"@cuj	
"thɨl"@cbn	<http://ids.clld.org/values/4-351-829-1>		<http://ids.clld.org/parameters/4-351>		<http://ids.clld.org/values/4-351-264-1>		"skotpaľi"@cuj	
"khajâ:m"@cbn	<http://ids.clld.org/values/3-970-829-1>		<http://ids.clld.org/parameters/3-970>		<http://ids.clld.org/values/3-970-264-1>		"kšiyo-x-rɨ"@cuj	
"jûr"@cbn	<http://ids.clld.org/values/15-890-829-1>		<http://ids.clld.org/parameters/15-890>		<http://ids.clld.org/values/15-890-264-1>		"kačiyo"@cuj	
"câw paphraw"@cbn	<http://ids.clld.org/values/2-490-829-1>		<http://ids.clld.org/parameters/2-490>		<http://ids.clld.org/values/2-490-264-1>		"mekahyi"@cuj	
"dâ:k múh tɨ́t"@cbn	<http://ids.clld.org/values/4-550-829-1>		<http://ids.clld.org/parameters/4-550>		<http://ids.clld.org/values/4-550-264-1>		"hinkoka"@cuj	
"tam chû:"@cbn	<http://ids.clld.org/values/1-420-829-1>		<http://ids.clld.org/parameters/1-420>		<http://ids.clld.org/values/1-420-264-3>		"hah-mɨna"@cuj	
"tam chû:"@cbn	<http://ids.clld.org/values/1-420-829-1>		<http://ids.clld.org/parameters/1-420>		<http://ids.clld.org/values/1-420-264-1>		"mɨna"@cuj	
"katha:ŋ (T)"@cbn	<http://ids.clld.org/values/5-330-829-3>		<http://ids.clld.org/parameters/5-330>		<http://ids.clld.org/values/5-330-264-1>		"koľpe-to"@cuj	
"(cowdô:ŋ) thaŋ now"@cbn	<http://ids.clld.org/values/17-650-829-1>		<http://ids.clld.org/parameters/17-650>		<http://ids.clld.org/values/17-650-264-1>		"hikľɨ"@cuj	
"khajâ:l n̄um"@cbn	<http://ids.clld.org/values/4-510-829-1>		<http://ids.clld.org/parameters/4-510>		<http://ids.clld.org/values/4-510-264-3>		"nˑiphya"@cuj	
"khajâ:l n̄um"@cbn	<http://ids.clld.org/values/4-510-829-1>		<http://ids.clld.org/parameters/4-510>		<http://ids.clld.org/values/4-510-264-1>		"hinˑiphya"@cuj	
"dâ:k ʔɨnehə̂:n"@cbn	<http://ids.clld.org/values/1-640-829-1>		<http://ids.clld.org/parameters/1-640>		<http://ids.clld.org/values/1-640-264-1>		"yatsɨnɨ"@cuj	
"kûr"@cbn	<http://ids.clld.org/values/1-220-829-1>		<http://ids.clld.org/parameters/1-220>		<http://ids.clld.org/values/1-220-264-3>		"pxita"@cuj	
"kûr"@cbn	<http://ids.clld.org/values/1-220-829-1>		<http://ids.clld.org/parameters/1-220>		<http://ids.clld.org/values/1-220-264-1>		"mahka"@cuj	
"tha:"@cbn	<http://ids.clld.org/values/3-570-829-1>		<http://ids.clld.org/parameters/3-570>		<http://ids.clld.org/values/3-570-264-1>		"hopši"@cuj	
"ŋiək"@cbn	<http://ids.clld.org/values/4-270-829-1>		<http://ids.clld.org/parameters/4-270>		<http://ids.clld.org/values/4-270-264-1>		"yhi"@cuj	
"rakhɛ́h"@cbn	<http://ids.clld.org/values/4-910-829-1>		<http://ids.clld.org/parameters/4-910>		<http://ids.clld.org/values/4-910-264-1>		"hama"@cuj	
"rakhɛ́h"@cbn	<http://ids.clld.org/values/4-910-829-1>		<http://ids.clld.org/parameters/4-910>		<http://ids.clld.org/values/4-910-264-3>		"hipčiha"@cuj	
"thɔ:t"@cbn	<http://ids.clld.org/values/5-230-829-3>		<http://ids.clld.org/parameters/5-230>		<http://ids.clld.org/values/5-230-264-1>		"xima"@cuj	
"mâj"@cbn	<http://ids.clld.org/values/2-910-829-1>		<http://ids.clld.org/parameters/2-910>		<http://ids.clld.org/values/2-910-264-1>		"hita"@cuj	
"mâj"@cbn	<http://ids.clld.org/values/2-910-829-1>		<http://ids.clld.org/parameters/2-910>		<http://ids.clld.org/values/2-910-264-3>		"-no"@cuj	
"noŋna:ŋ"@cbn	<http://ids.clld.org/values/3-818-829-1>		<http://ids.clld.org/parameters/3-818>		<http://ids.clld.org/values/3-818-264-1>		"pɨthana"@cuj	
"hî:w"@cbn	<http://ids.clld.org/values/10-320-829-1>		<http://ids.clld.org/parameters/10-320>		<http://ids.clld.org/values/10-320-264-1>		"ha-po-ha-ta"@cuj	
"dû:t brî:"@cbn	<http://ids.clld.org/values/8-690-829-1>		<http://ids.clld.org/parameters/8-690>		<http://ids.clld.org/values/8-690-264-1>		"montʸita"@cuj	
"thɔ̂ŋ"@cbn	<http://ids.clld.org/values/12-130-829-1>		<http://ids.clld.org/parameters/12-130>		<http://ids.clld.org/values/12-130-264-1>		"tɨpľa-ta"@cuj	
"chawiʔ"@cbn	<http://ids.clld.org/values/12-420-829-1>		<http://ids.clld.org/parameters/12-420>		<http://ids.clld.org/values/12-420-264-1>		"kehnete"@cuj	
"tûəl"@cbn	<http://ids.clld.org/values/6-240-829-1>		<http://ids.clld.org/parameters/6-240>		<http://ids.clld.org/values/6-240-264-1>		"waphɨ"@cuj	
"n̄uŋ"@cbn	<http://ids.clld.org/values/5-122-829-1>		<http://ids.clld.org/parameters/5-122>		<http://ids.clld.org/values/5-122-264-1>		"herotɨ"@cuj	
"phro:k"@cbn	<http://ids.clld.org/values/11-280-829-1>		<http://ids.clld.org/parameters/11-280>		<http://ids.clld.org/values/11-280-264-1>		"himtɨteta"@cuj	
"nɛ̂:w"@cbn	<http://ids.clld.org/values/19-230-829-1>		<http://ids.clld.org/parameters/19-230>		<http://ids.clld.org/values/19-230-264-1>		"nerɨ"@cuj	
"phla:j lahû:t"@cbn	<http://ids.clld.org/values/14-140-829-1>		<http://ids.clld.org/parameters/14-140>		<http://ids.clld.org/values/14-140-264-1>		"makľɨta"@cuj	
"cɔŋ"@cbn	<http://ids.clld.org/values/1-851-829-1>		<http://ids.clld.org/parameters/1-851>		<http://ids.clld.org/values/1-851-264-3>		"haľha"@cuj	
"cɔŋ"@cbn	<http://ids.clld.org/values/1-851-829-1>		<http://ids.clld.org/parameters/1-851>		<http://ids.clld.org/values/1-851-264-1>		"hapkaha"@cuj	
"(ʔɔ́:k) phɔktâj"@cbn	<http://ids.clld.org/values/6-120-829-1>		<http://ids.clld.org/parameters/6-120>		<http://ids.clld.org/values/6-120-264-1>		"mka"@cuj	
"chaj"@cbn	<http://ids.clld.org/values/11-280-829-3>		<http://ids.clld.org/parameters/11-280>		<http://ids.clld.org/values/11-280-264-1>		"himtɨteta"@cuj	
"lahúk"@cbn	<http://ids.clld.org/values/1-214-829-1>		<http://ids.clld.org/parameters/1-214>		<http://ids.clld.org/values/1-214-264-3>		"xpa"@cuj	
"lahúk"@cbn	<http://ids.clld.org/values/1-214-829-1>		<http://ids.clld.org/parameters/1-214>		<http://ids.clld.org/values/1-214-264-1>		"kaxpa"@cuj	
"kalʔɔ̂ŋ ʔɨnlîəm"@cbn	<http://ids.clld.org/values/4-345-829-1>		<http://ids.clld.org/parameters/4-345>		<http://ids.clld.org/values/4-345-264-1>		"sewata"@cuj	
"ʔíc"@cbn	<http://ids.clld.org/values/4-660-829-1>		<http://ids.clld.org/parameters/4-660>		<http://ids.clld.org/values/4-660-264-1>		"hička-ta"@cuj	
"carúh"@cbn	<http://ids.clld.org/values/4-650-829-1>		<http://ids.clld.org/parameters/4-650>		<http://ids.clld.org/values/4-650-264-1>		"c̷ɨna-ka"@cuj	
"trôw"@cbn	<http://ids.clld.org/values/10-720-829-1>		<http://ids.clld.org/parameters/10-720>		<http://ids.clld.org/values/10-720-264-1>		"hapo"@cuj	
"kuə̂n truč trûč"@cbn	<http://ids.clld.org/values/2-410-829-1>		<http://ids.clld.org/parameters/2-410>		<http://ids.clld.org/values/2-410-264-1>		"tɨrɨ ~ hitɨrɨ"@cuj	
"sabu: (T)"@cbn	<http://ids.clld.org/values/6-950-829-1>		<http://ids.clld.org/parameters/6-950>		<http://ids.clld.org/values/6-950-264-1>		"[hawo]"@cuj	
"kachîəw"@cbn	<http://ids.clld.org/values/18-150-829-1>		<http://ids.clld.org/parameters/18-150>		<http://ids.clld.org/values/18-150-264-1>		"himsaľe-wata"@cuj	
"hâj"@cbn	<http://ids.clld.org/values/14-410-829-1>		<http://ids.clld.org/parameters/14-410>		<http://ids.clld.org/values/14-410-264-1>		"po-kamľa-ľɨ"@cuj	
"chê:c"@cbn	<http://ids.clld.org/values/9-280-829-1>		<http://ids.clld.org/parameters/9-280>		<http://ids.clld.org/values/9-280-264-1>		"kteha"@cuj	
"thamɨŋ"@cbn	<http://ids.clld.org/values/15-410-829-1>		<http://ids.clld.org/parameters/15-410>		<http://ids.clld.org/values/15-410-264-1>		"xema"@cuj	
"thamɨŋ"@cbn	<http://ids.clld.org/values/15-410-829-1>		<http://ids.clld.org/parameters/15-410>		<http://ids.clld.org/values/15-410-264-3>		"yixnakota"@cuj	
"phlê:n̄"@cbn	<http://ids.clld.org/values/15-660-829-1>		<http://ids.clld.org/parameters/15-660>		<http://ids.clld.org/values/15-660-264-1>		"sero"@cuj	
"chadâ:c"@cbn	<http://ids.clld.org/values/15-350-829-1>		<http://ids.clld.org/parameters/15-350>		<http://ids.clld.org/values/15-350-264-1>		"počwa-ľɨ"@cuj	
"tê:n̄ ŋa:n (T)"@cbn	<http://ids.clld.org/values/2-330-829-1>		<http://ids.clld.org/parameters/2-330>		<http://ids.clld.org/values/2-330-264-1>		"kašimyota"@cuj	
"patíh"@cbn	<http://ids.clld.org/values/8-980-829-1>		<http://ids.clld.org/parameters/8-980>		<http://ids.clld.org/values/8-980-264-1>		"kačipɨ"@cuj	
"chɔ̂:k"@cbn	<http://ids.clld.org/values/4-393-829-1>		<http://ids.clld.org/parameters/4-393>		<http://ids.clld.org/values/4-393-264-1>		"mexi"@cuj	
"mat chalə̂w"@cbn	<http://ids.clld.org/values/1-550-829-1>		<http://ids.clld.org/parameters/1-550>		<http://ids.clld.org/values/1-550-264-1>		"rawrakľe"@cuj	
"chamɔ̂ŋ"@cbn	<http://ids.clld.org/values/16-390-829-1>		<http://ids.clld.org/parameters/16-390>		<http://ids.clld.org/values/16-390-264-1>		"hočhita"@cuj	
"hâ:"@cbn	<http://ids.clld.org/values/20-240-829-1>		<http://ids.clld.org/parameters/20-240>		<http://ids.clld.org/values/20-240-264-1>		"twa (?)"@cuj	
"khrih"@cbn	<http://ids.clld.org/values/4-450-829-1>		<http://ids.clld.org/parameters/4-450>		<http://ids.clld.org/values/4-450-264-1>		"ho-pna"@cuj	
"kə̂:t"@cbn	<http://ids.clld.org/values/4-720-829-1>		<http://ids.clld.org/parameters/4-720>		<http://ids.clld.org/values/4-720-264-1>		"hišpaka"@cuj	
"kachʌŋ"@cbn	<http://ids.clld.org/values/15-810-829-1>		<http://ids.clld.org/parameters/15-810>		<http://ids.clld.org/values/15-810-264-1>		"hi-no-ľɨ"@cuj	
"krô:ŋ"@cbn	<http://ids.clld.org/values/1-360-829-1>		<http://ids.clld.org/parameters/1-360>		<http://ids.clld.org/values/1-360-264-3>		"hapha"@cuj	
"krô:ŋ"@cbn	<http://ids.clld.org/values/1-360-829-1>		<http://ids.clld.org/parameters/1-360>		<http://ids.clld.org/values/1-360-264-1>		"wenɨ"@cuj	
"muəj phan"@cbn	<http://ids.clld.org/values/13-106-829-1>		<http://ids.clld.org/parameters/13-106>		<http://ids.clld.org/values/13-106-264-1>		"[waranka]"@cuj	
"phuŋ"@cbn	<http://ids.clld.org/values/4-460-829-1>		<http://ids.clld.org/parameters/4-460>		<http://ids.clld.org/values/4-460-264-1>		"hička-mapa"@cuj	
"cač"@cbn	<http://ids.clld.org/values/13-100-829-1>		<http://ids.clld.org/parameters/13-100>		<http://ids.clld.org/values/13-100-264-1>		"pamoľe"@cuj	
"khɔ̂: chuŋ"@cbn	<http://ids.clld.org/values/4-371-829-1>		<http://ids.clld.org/parameters/4-371>		<http://ids.clld.org/values/4-371-264-1>		"yhalexi"@cuj	
"hɔ̂:"@cbn	<http://ids.clld.org/values/10-140-829-1>		<http://ids.clld.org/parameters/10-140>		<http://ids.clld.org/values/10-140-264-1>		"powata"@cuj	
"pliw"@cbn	<http://ids.clld.org/values/10-380-829-3>		<http://ids.clld.org/parameters/10-380>		<http://ids.clld.org/values/10-380-264-1>		"haxpoka"@cuj	
"kɔ́ʔ (T)"@cbn	<http://ids.clld.org/values/1-250-829-1>		<http://ids.clld.org/parameters/1-250>		<http://ids.clld.org/values/1-250-264-1>		"kaniprekľi ~ kaniprekľɨ"@cuj	
"miəw"@cbn	<http://ids.clld.org/values/3-620-829-1>		<http://ids.clld.org/parameters/3-620>		<http://ids.clld.org/values/3-620-264-1>		"mišito"@cuj	
"ʔa:r khajô:k khajô:k"@cbn	<http://ids.clld.org/values/10-451-829-1>		<http://ids.clld.org/parameters/10-451>		<http://ids.clld.org/values/10-451-264-1>		"mayapetɨta"@cuj	
"thî:"@cbn	<http://ids.clld.org/values/3-980-829-1>		<http://ids.clld.org/parameters/3-980>		<http://ids.clld.org/values/3-980-264-3>		"sɨprɨ"@cuj	
"thî:"@cbn	<http://ids.clld.org/values/3-980-829-1>		<http://ids.clld.org/parameters/3-980>		<http://ids.clld.org/values/3-980-264-1>		"čkipɨ"@cuj	
"ʔɨncî:ʔ truč trûč"@cbn	<http://ids.clld.org/values/2-445-829-1>		<http://ids.clld.org/parameters/2-445>		<http://ids.clld.org/values/2-445-264-1>		"hepɨ-rɨ"@cuj	
"hlu:k"@cbn	<http://ids.clld.org/values/5-220-829-1>		<http://ids.clld.org/parameters/5-220>		<http://ids.clld.org/values/5-220-264-3>		"hixpaxpata"@cuj	
"hlu:k"@cbn	<http://ids.clld.org/values/5-220-829-1>		<http://ids.clld.org/parameters/5-220>		<http://ids.clld.org/values/5-220-264-1>		"ximľeka"@cuj	
"tʌ̂j"@cbn	<http://ids.clld.org/values/4-340-829-1>		<http://ids.clld.org/parameters/4-340>		<http://ids.clld.org/values/4-340-264-1>		"myoxi"@cuj	
"hrop soŋkhrâ:m (T)"@cbn	<http://ids.clld.org/values/20-130-829-1>		<http://ids.clld.org/parameters/20-130>		<http://ids.clld.org/values/20-130-264-1>		"hiyľaľɨ"@cuj	
"pacáh"@cbn	<http://ids.clld.org/values/15-380-829-1>		<http://ids.clld.org/parameters/15-380>		<http://ids.clld.org/values/15-380-264-3>		"kač-ha"@cuj	
"pacáh"@cbn	<http://ids.clld.org/values/15-380-829-1>		<http://ids.clld.org/parameters/15-380>		<http://ids.clld.org/values/15-380-264-1>		"kačo"@cuj	
"nû:j"@cbn	<http://ids.clld.org/values/4-880-829-1>		<http://ids.clld.org/parameters/4-880>		<http://ids.clld.org/values/4-880-264-3>		"pinrɨ"@cuj	
"nû:j"@cbn	<http://ids.clld.org/values/4-880-829-1>		<http://ids.clld.org/parameters/4-880>		<http://ids.clld.org/values/4-880-264-1>		"pini-"@cuj	
"muəj cho:k"@cbn	<http://ids.clld.org/values/13-105-829-1>		<http://ids.clld.org/parameters/13-105>		<http://ids.clld.org/values/13-105-264-1>		"[pača]"@cuj	
"khɛ̂:n (T)"@cbn	<http://ids.clld.org/values/4-310-829-1>		<http://ids.clld.org/parameters/4-310>		<http://ids.clld.org/values/4-310-264-1>		"kano"@cuj	
"tâ:"@cbn	<http://ids.clld.org/values/4-570-829-1>		<http://ids.clld.org/parameters/4-570>		<http://ids.clld.org/values/4-570-264-1>		"hapľita"@cuj	
"ʔɨnrək"@cbn	<http://ids.clld.org/values/1-450-829-1>		<http://ids.clld.org/parameters/1-450>		<http://ids.clld.org/values/1-450-264-1>		"hiyoľikčixrɨ"@cuj	
"phra:j phrâ:j"@cbn	<http://ids.clld.org/values/2-251-829-1>		<http://ids.clld.org/parameters/2-251>		<http://ids.clld.org/values/2-251-264-1>		"makľɨxi"@cuj	
"mɔ:k"@cbn	<http://ids.clld.org/values/1-730-829-1>		<http://ids.clld.org/parameters/1-730>		<http://ids.clld.org/values/1-730-264-1>		"kyačhapererɨmko"@cuj	
"tə̂:r"@cbn	<http://ids.clld.org/values/4-630-829-1>		<http://ids.clld.org/parameters/4-630>		<http://ids.clld.org/values/4-630-264-1>		"komyeka"@cuj	
"phɨ̂:n (T)"@cbn	<http://ids.clld.org/values/7-260-829-1>		<http://ids.clld.org/parameters/7-260>		<http://ids.clld.org/values/7-260-264-1>		"čiximta"@cuj	
"khúh"@cbn	<http://ids.clld.org/values/17-560-829-1>		<http://ids.clld.org/parameters/17-560>		<http://ids.clld.org/values/17-560-264-3>		"hike"@cuj	
"khúh"@cbn	<http://ids.clld.org/values/17-560-829-1>		<http://ids.clld.org/parameters/17-560>		<http://ids.clld.org/values/17-560-264-1>		"hi"@cuj	
"câj chûr"@cbn	<http://ids.clld.org/values/3-813-829-1>		<http://ids.clld.org/parameters/3-813>		<http://ids.clld.org/values/3-813-264-1>		"kočopa"@cuj	
"phak lo:ŋ"@cbn	<http://ids.clld.org/values/10-620-829-1>		<http://ids.clld.org/parameters/10-620>		<http://ids.clld.org/values/10-620-264-1>		"hwa-pa"@cuj	
"cakhrûŋ"@cbn	<http://ids.clld.org/values/16-250-829-1>		<http://ids.clld.org/parameters/16-250>		<http://ids.clld.org/values/16-250-264-1>		"hic̷oľhiwata"@cuj	
"rɨə / hɨə bɔ́t (T)"@cbn	<http://ids.clld.org/values/10-831-829-1>		<http://ids.clld.org/parameters/10-831>		<http://ids.clld.org/values/10-831-264-1>		"kanawa"@cuj	
"tabûŋ"@cbn	<http://ids.clld.org/values/3-750-829-1>		<http://ids.clld.org/parameters/3-750>		<http://ids.clld.org/values/3-750-264-1>		"kšote-rɨ"@cuj	
"chraʔác"@cbn	<http://ids.clld.org/values/4-540-829-1>		<http://ids.clld.org/parameters/4-540>		<http://ids.clld.org/values/4-540-264-1>		"hečhota"@cuj	
"ʔɨntû:"@cbn	<http://ids.clld.org/values/14-710-829-1>		<http://ids.clld.org/parameters/14-710>		<http://ids.clld.org/values/14-710-264-1>		"ksɨ-rɨ"@cuj	
"khiən (T)"@cbn	<http://ids.clld.org/values/18-510-829-1>		<http://ids.clld.org/parameters/18-510>		<http://ids.clld.org/values/18-510-264-1>		"hitakyonhata"@cuj	
"phrô:ŋ"@cbn	<http://ids.clld.org/values/16-110-829-1>		<http://ids.clld.org/parameters/16-110>		<http://ids.clld.org/values/16-110-264-1>		"kam-či"@cuj	
"câw truč trûč"@cbn	<http://ids.clld.org/values/2-480-829-1>		<http://ids.clld.org/parameters/2-480>		<http://ids.clld.org/values/2-480-264-1>		"mekahyi"@cuj	
"thamûr / châ:j"@cbn	<http://ids.clld.org/values/3-820-829-1>		<http://ids.clld.org/parameters/3-820>		<http://ids.clld.org/values/3-820-264-1>		"šišri"@cuj	
"ʔê:n̄"@cbn	<http://ids.clld.org/values/2-940-829-1>		<http://ids.clld.org/parameters/2-940>		<http://ids.clld.org/values/2-940-264-3>		"ha-"@cuj	
"ʔê:n̄"@cbn	<http://ids.clld.org/values/2-940-829-1>		<http://ids.clld.org/parameters/2-940>		<http://ids.clld.org/values/2-940-264-1>		"witʸa"@cuj	
"khɔ:p"@cbn	<http://ids.clld.org/values/12-353-829-1>		<http://ids.clld.org/parameters/12-353>		<http://ids.clld.org/values/12-353-264-1>		"spɨ ~ špɨ"@cuj	
"chatô:m"@cbn	<http://ids.clld.org/values/12-410-829-1>		<http://ids.clld.org/parameters/12-410>		<http://ids.clld.org/values/12-410-264-1>		"potɨkľe"@cuj	
"hmɔ̂: (stone)"@cbn	<http://ids.clld.org/values/1-342-829-1>		<http://ids.clld.org/parameters/1-342>		<http://ids.clld.org/values/1-342-264-1>		"xrimta"@cuj	
"chuŋ"@cbn	<http://ids.clld.org/values/4-370-829-1>		<http://ids.clld.org/parameters/4-370>		<http://ids.clld.org/values/4-370-264-1>		"xitʸi"@cuj	
"lɔ̂:p"@cbn	<http://ids.clld.org/values/15-780-829-1>		<http://ids.clld.org/parameters/15-780>		<http://ids.clld.org/values/15-780-264-1>		"phewna"@cuj	
"hmat ta:bɔ̂:t (T)"@cbn	<http://ids.clld.org/values/4-970-829-1>		<http://ids.clld.org/parameters/4-970>		<http://ids.clld.org/values/4-970-264-3>		"metkatɨ"@cuj	
"hmat ta:bɔ̂:t (T)"@cbn	<http://ids.clld.org/values/4-970-829-1>		<http://ids.clld.org/parameters/4-970>		<http://ids.clld.org/values/4-970-264-1>		"mayhaľetɨ"@cuj	
"ʔɨncîəm na:ŋnûən (T)"@cbn	<http://ids.clld.org/values/3-582-829-1>		<http://ids.clld.org/parameters/3-582>		<http://ids.clld.org/values/3-582-264-1>		"hawayi"@cuj	
"priət"@cbn	<http://ids.clld.org/values/15-650-829-1>		<http://ids.clld.org/parameters/15-650>		<http://ids.clld.org/values/15-650-264-1>		"ksaxi"@cuj	
"ʔannôw"@cbn	<http://ids.clld.org/values/17-670-829-1>		<http://ids.clld.org/parameters/17-670>		<http://ids.clld.org/values/17-670-264-1>		"hirɨ"@cuj	
"ʔɨŋkî: / ʔɨmhrûən̄"@cbn	<http://ids.clld.org/values/3-831-829-1>		<http://ids.clld.org/parameters/3-831>		<http://ids.clld.org/values/3-831-264-1>		"hačikata"@cuj	
"hraj"@cbn	<http://ids.clld.org/values/3-811-829-2>		<http://ids.clld.org/parameters/3-811>		<http://ids.clld.org/values/3-811-264-3>		"šep-či"@cuj	
"hraj"@cbn	<http://ids.clld.org/values/3-811-829-2>		<http://ids.clld.org/parameters/3-811>		<http://ids.clld.org/values/3-811-264-1>		"xepa"@cuj	
"chû: khî:t"@cbn	<http://ids.clld.org/values/1-870-829-1>		<http://ids.clld.org/parameters/1-870>		<http://ids.clld.org/values/1-870-264-1>		"[posporo]"@cuj	
"ʔɨnthɔ:k"@cbn	<http://ids.clld.org/values/22-350-829-1>		<http://ids.clld.org/parameters/22-350>		<http://ids.clld.org/values/22-350-264-1>		"kam-či"@cuj	
"ʔɨnlô:"@cbn	<http://ids.clld.org/values/3-655-829-1>		<http://ids.clld.org/parameters/3-655>		<http://ids.clld.org/values/3-655-264-1>		"hopawo"@cuj	
"na:chaŋ (T)"@cbn	<http://ids.clld.org/values/16-820-829-1>		<http://ids.clld.org/parameters/16-820>		<http://ids.clld.org/values/16-820-264-1>		"hiktɨ"@cuj	
"chaj phuŋ"@cbn	<http://ids.clld.org/values/4-461-829-1>		<http://ids.clld.org/parameters/4-461>		<http://ids.clld.org/values/4-461-264-1>		"hičkapi"@cuj	
"khanûŋ ŋiək"@cbn	<http://ids.clld.org/values/4-271-829-2>		<http://ids.clld.org/parameters/4-271>		<http://ids.clld.org/values/4-271-264-1>		"kyapi"@cuj	
