"chuŋ mɔh"@cbn	<http://ids.clld.org/values/4-230-829-1>		<http://ids.clld.org/parameters/4-230>		<http://ids.clld.org/values/4-230-286-1>		"werešiʔ (ut)"@pav	
"nɔ̂:m kalîn"@cbn	<http://ids.clld.org/values/15-210-829-1>		<http://ids.clld.org/parameters/15-210>		<http://ids.clld.org/values/15-210-286-3>		"hu"@pav	
"nɔ̂:m kalîn"@cbn	<http://ids.clld.org/values/15-210-829-1>		<http://ids.clld.org/parameters/15-210>		<http://ids.clld.org/values/15-210-286-1>		"nak"@pav	
"phâr"@cbn	<http://ids.clld.org/values/10-370-829-1>		<http://ids.clld.org/parameters/10-370>		<http://ids.clld.org/values/10-370-286-3>		"toin"@pav	
"phâr"@cbn	<http://ids.clld.org/values/10-370-829-1>		<http://ids.clld.org/parameters/10-370>		<http://ids.clld.org/values/10-370-286-1>		"takiʔ"@pav	
"bî:p (T)"@cbn	<http://ids.clld.org/values/9-343-829-3>		<http://ids.clld.org/parameters/9-343>		<http://ids.clld.org/values/9-343-286-1>		"humʔ"@pav	
"tâm chû:"@cbn	<http://ids.clld.org/values/8-600-829-1>		<http://ids.clld.org/parameters/8-600>		<http://ids.clld.org/values/8-600-286-1>		"pana"@pav	
"cî:r"@cbn	<http://ids.clld.org/values/8-220-829-1>		<http://ids.clld.org/parameters/8-220>		<http://ids.clld.org/values/8-220-286-1>		"še"@pav	
"cî:r"@cbn	<http://ids.clld.org/values/8-220-829-1>		<http://ids.clld.org/parameters/8-220>		<http://ids.clld.org/values/8-220-286-3>		"šikeʔ"@pav	
"pacɛt"@cbn	<http://ids.clld.org/values/4-750-829-1>		<http://ids.clld.org/parameters/4-750>		<http://ids.clld.org/values/4-750-286-3>		"konoʔ"@pav	
"pacɛt"@cbn	<http://ids.clld.org/values/4-750-829-1>		<http://ids.clld.org/parameters/4-750>		<http://ids.clld.org/values/4-750-286-1>		"miʔ pin"@pav	
"kɛ́c"@cbn	<http://ids.clld.org/values/9-220-829-1>		<http://ids.clld.org/parameters/9-220>		<http://ids.clld.org/values/9-220-286-7>		"nakarkamʔ"@pav	
"kɛ́c"@cbn	<http://ids.clld.org/values/9-220-829-1>		<http://ids.clld.org/parameters/9-220>		<http://ids.clld.org/values/9-220-286-3>		"wawak"@pav	
"kɛ́c"@cbn	<http://ids.clld.org/values/9-220-829-1>		<http://ids.clld.org/parameters/9-220>		<http://ids.clld.org/values/9-220-286-9>		"ta"@pav	
"kɛ́c"@cbn	<http://ids.clld.org/values/9-220-829-1>		<http://ids.clld.org/parameters/9-220>		<http://ids.clld.org/values/9-220-286-5>		"nakamʔ"@pav	
"kɛ́c"@cbn	<http://ids.clld.org/values/9-220-829-1>		<http://ids.clld.org/parameters/9-220>		<http://ids.clld.org/values/9-220-286-1>		"wak"@pav	
"chû:"@cbn	<http://ids.clld.org/values/1-430-829-1>		<http://ids.clld.org/parameters/1-430>		<http://ids.clld.org/values/1-430-286-1>		"pana"@pav	
"kawâ:ŋ (T)"@cbn	<http://ids.clld.org/values/10-250-829-1>		<http://ids.clld.org/parameters/10-250>		<http://ids.clld.org/values/10-250-286-3>		"wišikaoʔ"@pav	
"kawâ:ŋ (T)"@cbn	<http://ids.clld.org/values/10-250-829-1>		<http://ids.clld.org/parameters/10-250>		<http://ids.clld.org/values/10-250-286-1>		"šin"@pav	
"ʔɨŋkhʌ̂m"@cbn	<http://ids.clld.org/values/9-223-829-1>		<http://ids.clld.org/parameters/9-223>		<http://ids.clld.org/values/9-223-286-1>		"šukunʔ"@pav	
"tamî:ʔ"@cbn	<http://ids.clld.org/values/14-130-829-1>		<http://ids.clld.org/parameters/14-130>		<http://ids.clld.org/values/14-130-286-1>		"šokori"@pav	
"paʔur"@cbn	<http://ids.clld.org/values/5-810-829-1>		<http://ids.clld.org/parameters/5-810>		<http://ids.clld.org/values/5-810-286-1>		"[sal]"@pav	
"kɔ̂:"@cbn	<http://ids.clld.org/values/4-280-829-1>		<http://ids.clld.org/parameters/4-280>		<http://ids.clld.org/values/4-280-286-1>		"paramašiʔ"@pav	
"rih"@cbn	<http://ids.clld.org/values/8-540-829-1>		<http://ids.clld.org/parameters/8-540>		<http://ids.clld.org/values/8-540-286-1>		"kašimain"@pav	
"thup (T)"@cbn	<http://ids.clld.org/values/9-210-829-1>		<http://ids.clld.org/parameters/9-210>		<http://ids.clld.org/values/9-210-286-1>		"toʔ"@pav	
"hlɔ̂:j (T)"@cbn	<http://ids.clld.org/values/10-340-829-1>		<http://ids.clld.org/parameters/10-340>		<http://ids.clld.org/values/10-340-286-1>		"ho"@pav	
"hlɔ̂:j (T)"@cbn	<http://ids.clld.org/values/10-340-829-1>		<http://ids.clld.org/parameters/10-340>		<http://ids.clld.org/values/10-340-286-3>		"horoho"@pav	
"pu:n̄ ʔɨŋkûj"@cbn	<http://ids.clld.org/values/4-610-829-1>		<http://ids.clld.org/parameters/4-610>		<http://ids.clld.org/values/4-610-286-1>		"piʔam"@pav	
"hnáp"@cbn	<http://ids.clld.org/values/16-710-829-1>		<http://ids.clld.org/parameters/16-710>		<http://ids.clld.org/values/16-710-286-1>		"awi"@pav	
"dâ:k krî:ŋ"@cbn	<http://ids.clld.org/values/1-770-829-1>		<http://ids.clld.org/parameters/1-770>		<http://ids.clld.org/values/1-770-286-1>		"šio šio"@pav	
"(tî:) ʔɨntɨl"@cbn	<http://ids.clld.org/values/1-215-829-1>		<http://ids.clld.org/parameters/1-215>		<http://ids.clld.org/values/1-215-286-1>		"namayi"@pav	
"hmat"@cbn	<http://ids.clld.org/values/4-210-829-1>		<http://ids.clld.org/parameters/4-210>		<http://ids.clld.org/values/4-210-286-1>		"tokošiʔ (tok)"@pav	
"lu:k n̄um"@cbn	<http://ids.clld.org/values/4-440-829-1>		<http://ids.clld.org/parameters/4-440>		<http://ids.clld.org/values/4-440-286-1>		"šimišiʔ (šim)"@pav	
"kuən kûən"@cbn	<http://ids.clld.org/values/2-270-829-1>		<http://ids.clld.org/parameters/2-270>		<http://ids.clld.org/values/2-270-286-1>		"piyeʔ"@pav	
"raʔûp"@cbn	<http://ids.clld.org/values/15-851-829-1>		<http://ids.clld.org/parameters/15-851>		<http://ids.clld.org/values/15-851-286-3>		"nonoe"@pav	
"raʔûp"@cbn	<http://ids.clld.org/values/15-851-829-1>		<http://ids.clld.org/parameters/15-851>		<http://ids.clld.org/values/15-851-286-1>		"šain"@pav	
"phrɛ̂m"@cbn	<http://ids.clld.org/values/15-830-829-1>		<http://ids.clld.org/parameters/15-830>		<http://ids.clld.org/values/15-830-286-1>		"šoʔ"@pav	
"thak"@cbn	<http://ids.clld.org/values/9-160-829-1>		<http://ids.clld.org/parameters/9-160>		<http://ids.clld.org/values/9-160-286-1>		"tuku"@pav	
"chô:ŋ"@cbn	<http://ids.clld.org/values/5-130-829-1>		<http://ids.clld.org/parameters/5-130>		<http://ids.clld.org/values/5-130-286-1>		"tok"@pav	
"chô:ŋ"@cbn	<http://ids.clld.org/values/5-130-829-1>		<http://ids.clld.org/parameters/5-130>		<http://ids.clld.org/values/5-130-286-3>		"tototok"@pav	
"hlâ:"@cbn	<http://ids.clld.org/values/8-560-829-1>		<http://ids.clld.org/parameters/8-560>		<http://ids.clld.org/values/8-560-286-1>		"tenenein"@pav	
"kabɔ̂ŋ"@cbn	<http://ids.clld.org/values/4-360-829-1>		<http://ids.clld.org/parameters/4-360>		<http://ids.clld.org/values/4-360-286-1>		"karamašiʔ (karam)"@pav	
"dɨ̂ŋ la:k (T)"@cbn	<http://ids.clld.org/values/9-330-829-1>		<http://ids.clld.org/parameters/9-330>		<http://ids.clld.org/values/9-330-286-1>		"kök"@pav	
"hnâ:m"@cbn	<http://ids.clld.org/values/4-120-829-1>		<http://ids.clld.org/parameters/4-120>		<http://ids.clld.org/values/4-120-286-1>		"taparišiʔ"@pav	
"phlák (T)"@cbn	<http://ids.clld.org/values/10-670-829-1>		<http://ids.clld.org/parameters/10-670>		<http://ids.clld.org/values/10-670-286-1>		"yök"@pav	
"pû:n̄"@cbn	<http://ids.clld.org/values/12-140-829-1>		<http://ids.clld.org/parameters/12-140>		<http://ids.clld.org/values/12-140-286-1>		"teremʔ"@pav	
"pû:n̄"@cbn	<http://ids.clld.org/values/12-140-829-1>		<http://ids.clld.org/parameters/12-140>		<http://ids.clld.org/values/12-140-286-3>		"tokoʔ"@pav	
"kɨ́t"@cbn	<http://ids.clld.org/values/4-580-829-1>		<http://ids.clld.org/parameters/4-580>		<http://ids.clld.org/values/4-580-286-1>		"kio"@pav	
"tʌ̂j"@cbn	<http://ids.clld.org/values/4-330-829-1>		<http://ids.clld.org/parameters/4-330>		<http://ids.clld.org/values/4-330-286-1>		"mišiʔ"@pav	
"tʌ̂j"@cbn	<http://ids.clld.org/values/4-330-829-1>		<http://ids.clld.org/parameters/4-330>		<http://ids.clld.org/values/4-330-286-3>		"(umʔ)"@pav	
"kâ:ʔ"@cbn	<http://ids.clld.org/values/3-650-829-1>		<http://ids.clld.org/parameters/3-650>		<http://ids.clld.org/values/3-650-286-1>		"hwam (hwamišiʔ)"@pav	
"thû: (T+N)"@cbn	<http://ids.clld.org/values/9-310-829-3>		<http://ids.clld.org/parameters/9-310>		<http://ids.clld.org/values/9-310-286-1>		"šik"@pav	
"kâ:w"@cbn	<http://ids.clld.org/values/8-570-829-1>		<http://ids.clld.org/parameters/8-570>		<http://ids.clld.org/values/8-570-286-3>		"wiyein"@pav	
"kâ:w"@cbn	<http://ids.clld.org/values/8-570-829-1>		<http://ids.clld.org/parameters/8-570>		<http://ids.clld.org/values/8-570-286-1>		"piwain"@pav	
"truč trûč"@cbn	<http://ids.clld.org/values/2-210-829-1>		<http://ids.clld.org/parameters/2-210>		<http://ids.clld.org/values/2-210-286-1>		"taramaʔ"@pav	
"chû:ŋ"@cbn	<http://ids.clld.org/values/15-640-829-1>		<http://ids.clld.org/parameters/15-640>		<http://ids.clld.org/values/15-640-286-1>		"towoʔ"@pav	
"khrʌ̂ŋ"@cbn	<http://ids.clld.org/values/13-150-829-1>		<http://ids.clld.org/parameters/13-150>		<http://ids.clld.org/values/13-150-286-1>		"iriʔ miyo/ miya"@pav	
"ʔɨnchruʔ"@cbn	<http://ids.clld.org/values/3-840-829-1>		<http://ids.clld.org/parameters/3-840>		<http://ids.clld.org/values/3-840-286-1>		"meteʔ"@pav	
"chɔ̂:k"@cbn	<http://ids.clld.org/values/4-140-829-1>		<http://ids.clld.org/parameters/4-140>		<http://ids.clld.org/values/4-140-286-1>		"tenenešiʔ"@pav	
"chɔ̂:k"@cbn	<http://ids.clld.org/values/4-140-829-1>		<http://ids.clld.org/parameters/4-140>		<http://ids.clld.org/values/4-140-286-3>		"tenenein (šun)"@pav	
"trî:w"@cbn	<http://ids.clld.org/values/12-650-829-1>		<http://ids.clld.org/parameters/12-650>		<http://ids.clld.org/values/12-650-286-1>		"šašiʔ"@pav	
"chɛ̂r"@cbn	<http://ids.clld.org/values/12-590-829-1>		<http://ids.clld.org/parameters/12-590>		<http://ids.clld.org/values/12-590-286-1>		"wiyimain"@pav	
"chɛ́c"@cbn	<http://ids.clld.org/values/5-710-829-1>		<http://ids.clld.org/parameters/5-710>		<http://ids.clld.org/values/5-710-286-3>		"winain"@pav	
"chɛ́c"@cbn	<http://ids.clld.org/values/5-710-829-1>		<http://ids.clld.org/parameters/5-710>		<http://ids.clld.org/values/5-710-286-1>		"memem"@pav	
"patâ:"@cbn	<http://ids.clld.org/values/4-180-829-1>		<http://ids.clld.org/parameters/4-180>		<http://ids.clld.org/values/4-180-286-1>		"kahwerein"@pav	
"phɛ:n tî:"@cbn	<http://ids.clld.org/values/1-210-829-1>		<http://ids.clld.org/parameters/1-210>		<http://ids.clld.org/values/1-210-286-1>		"makanʔ"@pav	
"daŋə:m"@cbn	<http://ids.clld.org/values/15-860-829-1>		<http://ids.clld.org/parameters/15-860>		<http://ids.clld.org/values/15-860-286-1>		"šio"@pav	
"daŋə:m"@cbn	<http://ids.clld.org/values/15-860-829-1>		<http://ids.clld.org/parameters/15-860>		<http://ids.clld.org/values/15-860-286-3>		"kapinʔ"@pav	
"kachîn̄"@cbn	<http://ids.clld.org/values/4-190-829-1>		<http://ids.clld.org/parameters/4-190>		<http://ids.clld.org/values/4-190-286-1>		"warašiʔ"@pav	
"fâ: / chawa:"@cbn	<http://ids.clld.org/values/5-610-829-1>		<http://ids.clld.org/parameters/5-610>		<http://ids.clld.org/values/5-610-286-1>		"karawa (karamayišiʔ)"@pav	
"sɔ̂:j"@cbn	<http://ids.clld.org/values/9-220-829-3>		<http://ids.clld.org/parameters/9-220>		<http://ids.clld.org/values/9-220-286-7>		"nakarkamʔ"@pav	
"sɔ̂:j"@cbn	<http://ids.clld.org/values/9-220-829-3>		<http://ids.clld.org/parameters/9-220>		<http://ids.clld.org/values/9-220-286-3>		"wawak"@pav	
"sɔ̂:j"@cbn	<http://ids.clld.org/values/9-220-829-3>		<http://ids.clld.org/parameters/9-220>		<http://ids.clld.org/values/9-220-286-9>		"ta"@pav	
"sɔ̂:j"@cbn	<http://ids.clld.org/values/9-220-829-3>		<http://ids.clld.org/parameters/9-220>		<http://ids.clld.org/values/9-220-286-5>		"nakamʔ"@pav	
"sɔ̂:j"@cbn	<http://ids.clld.org/values/9-220-829-3>		<http://ids.clld.org/parameters/9-220>		<http://ids.clld.org/values/9-220-286-1>		"wak"@pav	
"câj"@cbn	<http://ids.clld.org/values/3-811-829-1>		<http://ids.clld.org/parameters/3-811>		<http://ids.clld.org/values/3-811-286-1>		"ioʔ"@pav	
"dâ:k"@cbn	<http://ids.clld.org/values/1-310-829-1>		<http://ids.clld.org/parameters/1-310>		<http://ids.clld.org/values/1-310-286-1>		"kom (komišiʔ)"@pav	
"khu:t (T)"@cbn	<http://ids.clld.org/values/5-480-829-1>		<http://ids.clld.org/parameters/5-480>		<http://ids.clld.org/values/5-480-286-1>		"kuruk"@pav	
"kacɛ́t"@cbn	<http://ids.clld.org/values/4-760-829-1>		<http://ids.clld.org/parameters/4-760>		<http://ids.clld.org/values/4-760-286-1>		"paʔ"@pav	
"chrô:m"@cbn	<http://ids.clld.org/values/3-850-829-1>		<http://ids.clld.org/parameters/3-850>		<http://ids.clld.org/values/3-850-286-1>		"emʔ"@pav	
"chûr"@cbn	<http://ids.clld.org/values/3-610-829-1>		<http://ids.clld.org/parameters/3-610>		<http://ids.clld.org/values/3-610-286-1>		"oromiyak"@pav	
"dâ:k ʔɨncɔ́h"@cbn	<http://ids.clld.org/values/4-560-829-1>		<http://ids.clld.org/parameters/4-560>		<http://ids.clld.org/values/4-560-286-1>		"hupaʔ"@pav	
"patâm"@cbn	<http://ids.clld.org/values/14-420-829-1>		<http://ids.clld.org/parameters/14-420>		<http://ids.clld.org/values/14-420-286-1>		"šim"@pav	
"chalu:t"@cbn	<http://ids.clld.org/values/4-160-829-1>		<http://ids.clld.org/parameters/4-160>		<http://ids.clld.org/values/4-160-286-1>		"arašiʔ (at)"@pav	
"ʔɨmphat"@cbn	<http://ids.clld.org/values/8-510-829-1>		<http://ids.clld.org/parameters/8-510>		<http://ids.clld.org/values/8-510-286-1>		"tononoin"@pav	
"ʔa:r"@cbn	<http://ids.clld.org/values/10-450-829-1>		<http://ids.clld.org/parameters/10-450>		<http://ids.clld.org/values/10-450-286-1>		"šut"@pav	
"ʔa:r"@cbn	<http://ids.clld.org/values/10-450-829-1>		<http://ids.clld.org/parameters/10-450>		<http://ids.clld.org/values/10-450-286-3>		"šurušut"@pav	
"lɔ̂:j (N+T)"@cbn	<http://ids.clld.org/values/10-380-829-5>		<http://ids.clld.org/parameters/10-380>		<http://ids.clld.org/values/10-380-286-3>		"hukoʔ"@pav	
"lɔ̂:j (N+T)"@cbn	<http://ids.clld.org/values/10-380-829-5>		<http://ids.clld.org/parameters/10-380>		<http://ids.clld.org/values/10-380-286-1>		"hu"@pav	
"ʔɨŋkûər"@cbn	<http://ids.clld.org/values/8-750-829-1>		<http://ids.clld.org/parameters/8-750>		<http://ids.clld.org/values/8-750-286-1>		"tapari"@pav	
"chɨ:"@cbn	<http://ids.clld.org/values/18-280-829-1>		<http://ids.clld.org/parameters/18-280>		<http://ids.clld.org/values/18-280-286-1>		"wišišiʔ (wit)"@pav	
"nap"@cbn	<http://ids.clld.org/values/13-107-829-1>		<http://ids.clld.org/parameters/13-107>		<http://ids.clld.org/values/13-107-286-1>		"piyimʔ"@pav	
"fâ: / chawâ:"@cbn	<http://ids.clld.org/values/4-130-829-1>		<http://ids.clld.org/parameters/4-130>		<http://ids.clld.org/values/4-130-286-1>		"kwerešiʔ"@pav	
"pɨən (T)"@cbn	<http://ids.clld.org/values/15-880-829-1>		<http://ids.clld.org/parameters/15-880>		<http://ids.clld.org/values/15-880-286-1>		"mišem"@pav	
"khamâj"@cbn	<http://ids.clld.org/values/15-510-829-1>		<http://ids.clld.org/parameters/15-510>		<http://ids.clld.org/values/15-510-286-1>		"kerek"@pav	
"chadɨ̂m"@cbn	<http://ids.clld.org/values/17-170-829-1>		<http://ids.clld.org/parameters/17-170>		<http://ids.clld.org/values/17-170-286-1>		"tašiʔ"@pav	
"chadɨ̂m"@cbn	<http://ids.clld.org/values/17-170-829-1>		<http://ids.clld.org/parameters/17-170>		<http://ids.clld.org/values/17-170-286-3>		"kerek"@pav	
"chadɨ̂m"@cbn	<http://ids.clld.org/values/17-170-829-1>		<http://ids.clld.org/parameters/17-170>		<http://ids.clld.org/values/17-170-286-5>		"kerek pinʔ"@pav	
"phi:c"@cbn	<http://ids.clld.org/values/16-530-829-1>		<http://ids.clld.org/parameters/16-530>		<http://ids.clld.org/values/16-530-286-1>		"yinʔ"@pav	
"tə̂:r"@cbn	<http://ids.clld.org/values/12-150-829-1>		<http://ids.clld.org/parameters/12-150>		<http://ids.clld.org/values/12-150-286-1>		"tekiʔ pe"@pav	
"tə̂:r"@cbn	<http://ids.clld.org/values/12-150-829-1>		<http://ids.clld.org/parameters/12-150>		<http://ids.clld.org/values/12-150-286-3>		"tekiʔ to"@pav	
"bî:n dâ:k"@cbn	<http://ids.clld.org/values/10-350-829-1>		<http://ids.clld.org/parameters/10-350>		<http://ids.clld.org/values/10-350-286-3>		"panʔ karakam"@pav	
"bî:n dâ:k"@cbn	<http://ids.clld.org/values/10-350-829-1>		<http://ids.clld.org/parameters/10-350>		<http://ids.clld.org/values/10-350-286-1>		"panʔ kam"@pav	
"rakha:j"@cbn	<http://ids.clld.org/values/20-610-829-1>		<http://ids.clld.org/parameters/20-610>		<http://ids.clld.org/values/20-610-286-1>		"yiʔam"@pav	
"chi:wit (T)"@cbn	<http://ids.clld.org/values/4-740-829-1>		<http://ids.clld.org/parameters/4-740>		<http://ids.clld.org/values/4-740-286-1>		"eʔ"@pav	
"hma:ŋ"@cbn	<http://ids.clld.org/values/2-310-829-1>		<http://ids.clld.org/parameters/2-310>		<http://ids.clld.org/values/2-310-286-1>		"taši"@pav	
"chrih"@cbn	<http://ids.clld.org/values/10-230-829-1>		<http://ids.clld.org/parameters/10-230>		<http://ids.clld.org/values/10-230-286-3>		"kamaraʔ"@pav	
"chrih"@cbn	<http://ids.clld.org/values/10-230-829-1>		<http://ids.clld.org/parameters/10-230>		<http://ids.clld.org/values/10-230-286-1>		"panʔ"@pav	
"takát"@cbn	<http://ids.clld.org/values/15-860-829-3>		<http://ids.clld.org/parameters/15-860>		<http://ids.clld.org/values/15-860-286-1>		"šio"@pav	
"takát"@cbn	<http://ids.clld.org/values/15-860-829-3>		<http://ids.clld.org/parameters/15-860>		<http://ids.clld.org/values/15-860-286-3>		"kapinʔ"@pav	
"dû:t"@cbn	<http://ids.clld.org/values/5-160-829-1>		<http://ids.clld.org/parameters/5-160>		<http://ids.clld.org/values/5-160-286-1>		"šok"@pav	
"dû:t"@cbn	<http://ids.clld.org/values/5-160-829-1>		<http://ids.clld.org/parameters/5-160>		<http://ids.clld.org/values/5-160-286-3>		"šak"@pav	
"thah"@cbn	<http://ids.clld.org/values/16-730-829-1>		<http://ids.clld.org/parameters/16-730>		<http://ids.clld.org/values/16-730-286-1>		"šoʔ"@pav	
"phu:t kapa(hʌ)l (T+N)"@cbn	<http://ids.clld.org/values/18-210-829-1>		<http://ids.clld.org/parameters/18-210>		<http://ids.clld.org/values/18-210-286-1>		"tomiʔ"@pav	
"ʔɨŋkâ:c"@cbn	<http://ids.clld.org/values/1-510-829-1>		<http://ids.clld.org/parameters/1-510>		<http://ids.clld.org/values/1-510-286-1>		"nanawin"@pav	
"hmɔ̂:"@cbn	<http://ids.clld.org/values/1-440-829-1>		<http://ids.clld.org/parameters/1-440>		<http://ids.clld.org/values/1-440-286-1>		"pakun"@pav	
"kadɔ́p"@cbn	<http://ids.clld.org/values/4-200-829-1>		<http://ids.clld.org/parameters/4-200>		<http://ids.clld.org/values/4-200-286-1>		"winašiʔ (wayiʔ)"@pav	
"phuək phéh"@cbn	<http://ids.clld.org/values/2-950-829-1>		<http://ids.clld.org/parameters/2-950>		<http://ids.clld.org/values/2-950-286-1>		"wahuʔ"@pav	
"phuək ʔê:n̄"@cbn	<http://ids.clld.org/values/2-942-829-1>		<http://ids.clld.org/parameters/2-942>		<http://ids.clld.org/values/2-942-286-1>		"warut"@pav	
"pakuh"@cbn	<http://ids.clld.org/values/10-380-829-1>		<http://ids.clld.org/parameters/10-380>		<http://ids.clld.org/values/10-380-286-3>		"hukoʔ"@pav	
"pakuh"@cbn	<http://ids.clld.org/values/10-380-829-1>		<http://ids.clld.org/parameters/10-380>		<http://ids.clld.org/values/10-380-286-1>		"hu"@pav	
"chîm"@cbn	<http://ids.clld.org/values/4-150-829-1>		<http://ids.clld.org/parameters/4-150>		<http://ids.clld.org/values/4-150-286-1>		"kišiʔ (wik)"@pav	
"paphraw"@cbn	<http://ids.clld.org/values/2-220-829-1>		<http://ids.clld.org/parameters/2-220>		<http://ids.clld.org/values/2-220-286-1>		"narimaʔ"@pav	
"patîn̄"@cbn	<http://ids.clld.org/values/1-840-829-1>		<http://ids.clld.org/parameters/1-840>		<http://ids.clld.org/values/1-840-286-1>		"topakon"@pav	
"pû:c"@cbn	<http://ids.clld.org/values/9-223-829-5>		<http://ids.clld.org/parameters/9-223>		<http://ids.clld.org/values/9-223-286-1>		"šukunʔ"@pav	
"khajâ:l"@cbn	<http://ids.clld.org/values/1-720-829-1>		<http://ids.clld.org/parameters/1-720>		<http://ids.clld.org/values/1-720-286-1>		"hotowa"@pav	
"klɔ̂m (T+N)"@cbn	<http://ids.clld.org/values/12-810-829-1>		<http://ids.clld.org/parameters/12-810>		<http://ids.clld.org/values/12-810-286-1>		"monoʔo"@pav	
"phaʔ"@cbn	<http://ids.clld.org/values/2-350-829-1>		<http://ids.clld.org/parameters/2-350>		<http://ids.clld.org/values/2-350-286-1>		"te"@pav	
"ʔɨncîəm"@cbn	<http://ids.clld.org/values/3-581-829-1>		<http://ids.clld.org/parameters/3-581>		<http://ids.clld.org/values/3-581-286-1>		"me"@pav	
"hnɛ̂:c"@cbn	<http://ids.clld.org/values/12-560-829-1>		<http://ids.clld.org/parameters/12-560>		<http://ids.clld.org/values/12-560-286-1>		"wiyimain"@pav	
"hɨncɔ́k / ʔɨnc��́k"@cbn	<http://ids.clld.org/values/15-680-829-1>		<http://ids.clld.org/parameters/15-680>		<http://ids.clld.org/values/15-680-286-1>		"tb̃um"@pav	
"khrap"@cbn	<http://ids.clld.org/values/8-311-829-1>		<http://ids.clld.org/parameters/8-311>		<http://ids.clld.org/values/8-311-286-1>		"tokwi"@pav	
"jak"@cbn	<http://ids.clld.org/values/1-830-829-1>		<http://ids.clld.org/parameters/1-830>		<http://ids.clld.org/values/1-830-286-1>		"tainʔ"@pav	
"tɔ́h"@cbn	<http://ids.clld.org/values/4-410-829-1>		<http://ids.clld.org/parameters/4-410>		<http://ids.clld.org/values/4-410-286-1>		"karašišiʔ (katat)"@pav	
"phrâj"@cbn	<http://ids.clld.org/values/1-750-829-1>		<http://ids.clld.org/parameters/1-750>		<http://ids.clld.org/values/1-750-286-1>		"šowiʔ"@pav	
"hmɛ:ʔ"@cbn	<http://ids.clld.org/values/2-360-829-1>		<http://ids.clld.org/parameters/2-360>		<http://ids.clld.org/values/2-360-286-1>		"naʔ"@pav	
"khrʌp"@cbn	<http://ids.clld.org/values/1-410-829-1>		<http://ids.clld.org/parameters/1-410>		<http://ids.clld.org/values/1-410-286-1>		"nahwarak"@pav	
"cɛ́p"@cbn	<http://ids.clld.org/values/5-160-829-3>		<http://ids.clld.org/parameters/5-160>		<http://ids.clld.org/values/5-160-286-1>		"šok"@pav	
"cɛ́p"@cbn	<http://ids.clld.org/values/5-160-829-3>		<http://ids.clld.org/parameters/5-160>		<http://ids.clld.org/values/5-160-286-3>		"šak"@pav	
"(duəŋ) tahâj"@cbn	<http://ids.clld.org/values/1-520-829-1>		<http://ids.clld.org/parameters/1-520>		<http://ids.clld.org/values/1-520-286-1>		"šina"@pav	
"khaj kalîn̄"@cbn	<http://ids.clld.org/values/5-791-829-1>		<http://ids.clld.org/parameters/5-791>		<http://ids.clld.org/values/5-791-286-1>		"homain"@pav	
"phuək n̄in"@cbn	<http://ids.clld.org/values/2-960-829-1>		<http://ids.clld.org/parameters/2-960>		<http://ids.clld.org/values/2-960-286-1>		"karam maʔ"@pav	
"pakâ:c"@cbn	<http://ids.clld.org/values/1-540-829-1>		<http://ids.clld.org/parameters/1-540>		<http://ids.clld.org/values/1-540-286-1>		"piyoʔ"@pav	
"hnîəŋ"@cbn	<http://ids.clld.org/values/4-392-829-1>		<http://ids.clld.org/parameters/4-392>		<http://ids.clld.org/values/4-392-286-1>		"tapaši"@pav	
"thaŋ ʔʌ́t"@cbn	<http://ids.clld.org/values/13-140-829-1>		<http://ids.clld.org/parameters/13-140>		<http://ids.clld.org/values/13-140-286-1>		"šam"@pav	
"chî:ŋ"@cbn	<http://ids.clld.org/values/6-350-829-1>		<http://ids.clld.org/parameters/6-350>		<http://ids.clld.org/values/6-350-286-1>		"ok"@pav	
"cakáč"@cbn	<http://ids.clld.org/values/15-840-829-1>		<http://ids.clld.org/parameters/15-840>		<http://ids.clld.org/values/15-840-286-1>		"kawainʔ"@pav	
"blɨk"@cbn	<http://ids.clld.org/values/9-270-829-3>		<http://ids.clld.org/parameters/9-270>		<http://ids.clld.org/values/9-270-286-1>		"toʔ pahot"@pav	
"blɨk"@cbn	<http://ids.clld.org/values/9-270-829-3>		<http://ids.clld.org/parameters/9-270>		<http://ids.clld.org/values/9-270-286-3>		"toʔ pahorohot"@pav	
"bít"@cbn	<http://ids.clld.org/values/9-343-829-1>		<http://ids.clld.org/parameters/9-343>		<http://ids.clld.org/values/9-343-286-1>		"humʔ"@pav	
"phraw"@cbn	<http://ids.clld.org/values/2-320-829-1>		<http://ids.clld.org/parameters/2-320>		<http://ids.clld.org/values/2-320-286-1>		"mana"@pav	
"phro:k"@cbn	<http://ids.clld.org/values/5-125-829-3>		<http://ids.clld.org/parameters/5-125>		<http://ids.clld.org/values/5-125-286-1>		"šowuru"@pav	
"win̄"@cbn	<http://ids.clld.org/values/16-260-829-1>		<http://ids.clld.org/parameters/16-260>		<http://ids.clld.org/values/16-260-286-1>		"warayu"@pav	
"n̄în"@cbn	<http://ids.clld.org/values/2-930-829-1>		<http://ids.clld.org/parameters/2-930>		<http://ids.clld.org/values/2-930-286-1>		"ko maʔ"@pav	
"phɔ̂ŋ"@cbn	<http://ids.clld.org/values/1-213-829-1>		<http://ids.clld.org/parameters/1-213>		<http://ids.clld.org/values/1-213-286-1>		"tainʔ"@pav	
"cho:k ʔɨmwâ:r"@cbn	<http://ids.clld.org/values/9-190-829-1>		<http://ids.clld.org/parameters/9-190>		<http://ids.clld.org/values/9-190-286-1>		"makon (makorišiʔ)"@pav	
"kamát"@cbn	<http://ids.clld.org/values/1-810-829-1>		<http://ids.clld.org/parameters/1-810>		<http://ids.clld.org/values/1-810-286-1>		"še"@pav	
"lâ:ŋ (T)"@cbn	<http://ids.clld.org/values/9-360-829-1>		<http://ids.clld.org/parameters/9-360>		<http://ids.clld.org/values/9-360-286-3>		"toʔ"@pav	
"lâ:ŋ (T)"@cbn	<http://ids.clld.org/values/9-360-829-1>		<http://ids.clld.org/parameters/9-360>		<http://ids.clld.org/values/9-360-286-1>		"hohok"@pav	
"jɔ́k"@cbn	<http://ids.clld.org/values/4-350-829-1>		<http://ids.clld.org/parameters/4-350>		<http://ids.clld.org/values/4-350-286-1>		"pišiyašiʔ"@pav	
"jɔ́k"@cbn	<http://ids.clld.org/values/4-350-829-1>		<http://ids.clld.org/parameters/4-350>		<http://ids.clld.org/values/4-350-286-3>		"kokošiʔ"@pav	
"ʔatô:"@cbn	<http://ids.clld.org/values/12-550-829-1>		<http://ids.clld.org/parameters/12-550>		<http://ids.clld.org/values/12-550-286-1>		"hwaraʔ"@pav	
"ʔatô:"@cbn	<http://ids.clld.org/values/12-550-829-1>		<http://ids.clld.org/parameters/12-550>		<http://ids.clld.org/values/12-550-286-3>		"horon"@pav	
"pachu:ʔ"@cbn	<http://ids.clld.org/values/14-150-829-1>		<http://ids.clld.org/parameters/14-150>		<http://ids.clld.org/values/14-150-286-1>		"maraʔ"@pav	
"pachu:ʔ"@cbn	<http://ids.clld.org/values/14-150-829-1>		<http://ids.clld.org/parameters/14-150>		<http://ids.clld.org/values/14-150-286-3>		"horon"@pav	
"paníh"@cbn	<http://ids.clld.org/values/2-100-829-1>		<http://ids.clld.org/parameters/2-100>		<http://ids.clld.org/values/2-100-286-1>		"wariʔ"@pav	
"khalɛ́ʔ"@cbn	<http://ids.clld.org/values/16-720-829-1>		<http://ids.clld.org/parameters/16-720>		<http://ids.clld.org/values/16-720-286-1>		"kayi"@pav	
"jak ʔɨŋkát"@cbn	<http://ids.clld.org/values/1-740-829-1>		<http://ids.clld.org/parameters/1-740>		<http://ids.clld.org/values/1-740-286-1>		"murukukuʔ"@pav	
"tîəw"@cbn	<http://ids.clld.org/values/12-730-829-1>		<http://ids.clld.org/parameters/12-730>		<http://ids.clld.org/values/12-730-286-1>		"ka om šone ne"@pav	
"pacû:n"@cbn	<http://ids.clld.org/values/15-690-829-1>		<http://ids.clld.org/parameters/15-690>		<http://ids.clld.org/values/15-690-286-1>		"košik"@pav	
"kûl"@cbn	<http://ids.clld.org/values/11-210-829-1>		<http://ids.clld.org/parameters/11-210>		<http://ids.clld.org/values/11-210-286-1>		"miʔ"@pav	
"câ:ʔ"@cbn	<http://ids.clld.org/values/5-110-829-1>		<http://ids.clld.org/parameters/5-110>		<http://ids.clld.org/values/5-110-286-1>		"kaoʔ"@pav	
"câ:ʔ"@cbn	<http://ids.clld.org/values/5-110-829-1>		<http://ids.clld.org/parameters/5-110>		<http://ids.clld.org/values/5-110-286-3>		"kakakaoʔ"@pav	
"pin̄"@cbn	<http://ids.clld.org/values/13-210-829-1>		<http://ids.clld.org/parameters/13-210>		<http://ids.clld.org/values/13-210-286-5>		"maʔam"@pav	
"pin̄"@cbn	<http://ids.clld.org/values/13-210-829-1>		<http://ids.clld.org/parameters/13-210>		<http://ids.clld.org/values/13-210-286-3>		"moromoinʔ"@pav	
"pin̄"@cbn	<http://ids.clld.org/values/13-210-829-1>		<http://ids.clld.org/parameters/13-210>		<http://ids.clld.org/values/13-210-286-1>		"moinʔ"@pav	
"phuək ʔê:n̄"@cbn	<http://ids.clld.org/values/2-941-829-1>		<http://ids.clld.org/parameters/2-941>		<http://ids.clld.org/values/2-941-286-1>		"wariʔ"@pav	
"phéh"@cbn	<http://ids.clld.org/values/2-920-829-1>		<http://ids.clld.org/parameters/2-920>		<http://ids.clld.org/values/2-920-286-1>		"wum"@pav	
"thale: (T)"@cbn	<http://ids.clld.org/values/1-320-829-1>		<http://ids.clld.org/parameters/1-320>		<http://ids.clld.org/values/1-320-286-1>		"kote ne kom"@pav	
"pâ:ʔ phlê:ŋ"@cbn	<http://ids.clld.org/values/18-120-829-1>		<http://ids.clld.org/parameters/18-120>		<http://ids.clld.org/values/18-120-286-1>		"kom"@pav	
"katûər"@cbn	<http://ids.clld.org/values/4-220-829-1>		<http://ids.clld.org/parameters/4-220>		<http://ids.clld.org/values/4-220-286-1>		"tara-yišiʔ (taraʔ)"@pav	
"krɨkkrɔ̂:ŋ (T)"@cbn	<http://ids.clld.org/values/17-130-829-1>		<http://ids.clld.org/parameters/17-130>		<http://ids.clld.org/values/17-130-286-1>		"koromikat"@pav	
"ʔɨnɨû:"@cbn	<http://ids.clld.org/values/1-530-829-1>		<http://ids.clld.org/parameters/1-530>		<http://ids.clld.org/values/1-530-286-1>		"panawoʔ"@pav	
"hriəp (T)"@cbn	<http://ids.clld.org/values/15-770-829-1>		<http://ids.clld.org/parameters/15-770>		<http://ids.clld.org/values/15-770-286-1>		"topišik"@pav	
"tɔ̂ŋ"@cbn	<http://ids.clld.org/values/11-150-829-1>		<http://ids.clld.org/parameters/11-150>		<http://ids.clld.org/values/11-150-286-1>		"kep"@pav	
"khlî:n̄"@cbn	<http://ids.clld.org/values/12-570-829-1>		<http://ids.clld.org/parameters/12-570>		<http://ids.clld.org/values/12-570-286-1>		"matam"@pav	
"(nɔ̂:m) chə:n"@cbn	<http://ids.clld.org/values/13-181-829-1>		<http://ids.clld.org/parameters/13-181>		<http://ids.clld.org/values/13-181-286-1>		"arakaʔ"@pav	
"cakáč phɔ́ʔ"@cbn	<http://ids.clld.org/values/15-840-829-2>		<http://ids.clld.org/parameters/15-840>		<http://ids.clld.org/values/15-840-286-1>		"kawainʔ"@pav	
"hnâ:m"@cbn	<http://ids.clld.org/values/14-730-829-1>		<http://ids.clld.org/parameters/14-730>		<http://ids.clld.org/values/14-730-286-1>		"kawašiʔ"@pav	
"lô:ŋ"@cbn	<http://ids.clld.org/values/10-480-829-1>		<http://ids.clld.org/parameters/10-480>		<http://ids.clld.org/values/10-480-286-1>		"makiʔ"@pav	
"chu:č"@cbn	<http://ids.clld.org/values/4-853-829-1>		<http://ids.clld.org/parameters/4-853>		<http://ids.clld.org/values/4-853-286-1>		"mom"@pav	
"cɛ́c"@cbn	<http://ids.clld.org/values/9-223-829-3>		<http://ids.clld.org/parameters/9-223>		<http://ids.clld.org/values/9-223-286-1>		"šukunʔ"@pav	
"ʔɨntâ:k"@cbn	<http://ids.clld.org/values/4-260-829-1>		<http://ids.clld.org/parameters/4-260>		<http://ids.clld.org/values/4-260-286-1>		"petehwet nešiʔ (petehwet)"@pav	
"rô:m fâ: (hwa)"@cbn	<http://ids.clld.org/values/20-610-829-3>		<http://ids.clld.org/parameters/20-610>		<http://ids.clld.org/values/20-610-286-1>		"yiʔam"@pav	
"pâ:ŋ"@cbn	<http://ids.clld.org/values/4-240-829-1>		<http://ids.clld.org/parameters/4-240>		<http://ids.clld.org/values/4-240-286-1>		"kapiyašiʔ (topak)"@pav	
"phɔ:ŋ"@cbn	<http://ids.clld.org/values/5-970-829-1>		<http://ids.clld.org/parameters/5-970>		<http://ids.clld.org/values/5-970-286-1>		"arayein"@pav	
"kahân"@cbn	<http://ids.clld.org/values/10-130-829-1>		<http://ids.clld.org/parameters/10-130>		<http://ids.clld.org/values/10-130-286-1>		"yami"@pav	
"tam chû:"@cbn	<http://ids.clld.org/values/1-420-829-1>		<http://ids.clld.org/parameters/1-420>		<http://ids.clld.org/values/1-420-286-1>		"pana"@pav	
"khajâ:l n̄um"@cbn	<http://ids.clld.org/values/4-510-829-1>		<http://ids.clld.org/parameters/4-510>		<http://ids.clld.org/values/4-510-286-1>		"wereme"@pav	
"kûr"@cbn	<http://ids.clld.org/values/1-220-829-1>		<http://ids.clld.org/parameters/1-220>		<http://ids.clld.org/values/1-220-286-1>		"pakun"@pav	
"ŋiək"@cbn	<http://ids.clld.org/values/4-270-829-1>		<http://ids.clld.org/parameters/4-270>		<http://ids.clld.org/values/4-270-286-1>		"šišiʔ (yat)"@pav	
"mâj"@cbn	<http://ids.clld.org/values/2-910-829-1>		<http://ids.clld.org/parameters/2-910>		<http://ids.clld.org/values/2-910-286-1>		"wataʔ"@pav	
"khɔn chi:r"@cbn	<http://ids.clld.org/values/11-310-829-1>		<http://ids.clld.org/parameters/11-310>		<http://ids.clld.org/values/11-310-286-1>		"noro"@pav	
"kaŋɔm"@cbn	<http://ids.clld.org/values/15-851-829-3>		<http://ids.clld.org/parameters/15-851>		<http://ids.clld.org/values/15-851-286-3>		"nonoe"@pav	
"kaŋɔm"@cbn	<http://ids.clld.org/values/15-851-829-3>		<http://ids.clld.org/parameters/15-851>		<http://ids.clld.org/values/15-851-286-1>		"šain"@pav	
"hî:w"@cbn	<http://ids.clld.org/values/10-320-829-1>		<http://ids.clld.org/parameters/10-320>		<http://ids.clld.org/values/10-320-286-3>		"weweweo"@pav	
"hî:w"@cbn	<http://ids.clld.org/values/10-320-829-1>		<http://ids.clld.org/parameters/10-320>		<http://ids.clld.org/values/10-320-286-1>		"weo"@pav	
"thɔ̂ŋ"@cbn	<http://ids.clld.org/values/12-130-829-1>		<http://ids.clld.org/parameters/12-130>		<http://ids.clld.org/values/12-130-286-1>		"šaoʔ pe"@pav	
"thɔ̂ŋ"@cbn	<http://ids.clld.org/values/12-130-829-1>		<http://ids.clld.org/parameters/12-130>		<http://ids.clld.org/values/12-130-286-3>		"šaoʔ to"@pav	
"chawiʔ"@cbn	<http://ids.clld.org/values/12-420-829-1>		<http://ids.clld.org/parameters/12-420>		<http://ids.clld.org/values/12-420-286-1>		"parayišiʔ"@pav	
"kwâ:ŋ (T)"@cbn	<http://ids.clld.org/values/12-610-829-1>		<http://ids.clld.org/parameters/12-610>		<http://ids.clld.org/values/12-610-286-1>		"kote ne kimain"@pav	
"cɔŋ"@cbn	<http://ids.clld.org/values/1-851-829-1>		<http://ids.clld.org/parameters/1-851>		<http://ids.clld.org/values/1-851-286-3>		"wiran"@pav	
"cɔŋ"@cbn	<http://ids.clld.org/values/1-851-829-1>		<http://ids.clld.org/parameters/1-851>		<http://ids.clld.org/values/1-851-286-1>		"tom"@pav	
"cɔŋ"@cbn	<http://ids.clld.org/values/1-851-829-1>		<http://ids.clld.org/parameters/1-851>		<http://ids.clld.org/values/1-851-286-5>		"karahoʔ"@pav	
"kalʔɔ̂ŋ ʔɨnlîəm"@cbn	<http://ids.clld.org/values/4-345-829-1>		<http://ids.clld.org/parameters/4-345>		<http://ids.clld.org/values/4-345-286-1>		"šikinain"@pav	
"krô:t (T)"@cbn	<http://ids.clld.org/values/16-420-829-1>		<http://ids.clld.org/parameters/16-420>		<http://ids.clld.org/values/16-420-286-1>		"manaʔ"@pav	
"trôw"@cbn	<http://ids.clld.org/values/10-720-829-1>		<http://ids.clld.org/parameters/10-720>		<http://ids.clld.org/values/10-720-286-1>		"wana (wanayišiʔ)"@pav	
"tapíc bi:p"@cbn	<http://ids.clld.org/values/9-310-829-1>		<http://ids.clld.org/parameters/9-310>		<http://ids.clld.org/values/9-310-286-1>		"šik"@pav	
"hâj"@cbn	<http://ids.clld.org/values/14-410-829-1>		<http://ids.clld.org/parameters/14-410>		<http://ids.clld.org/values/14-410-286-1>		"šek"@pav	
"thamɨŋ"@cbn	<http://ids.clld.org/values/15-410-829-1>		<http://ids.clld.org/parameters/15-410>		<http://ids.clld.org/values/15-410-286-1>		"tarayu"@pav	
"phlê:n̄"@cbn	<http://ids.clld.org/values/15-660-829-1>		<http://ids.clld.org/parameters/15-660>		<http://ids.clld.org/values/15-660-286-1>		"pakaʔ"@pav	
"chɔ̂:k"@cbn	<http://ids.clld.org/values/4-393-829-1>		<http://ids.clld.org/parameters/4-393>		<http://ids.clld.org/values/4-393-286-1>		"tenenein (šun)"@pav	
"hmák"@cbn	<http://ids.clld.org/values/2-230-829-1>		<http://ids.clld.org/parameters/2-230>		<http://ids.clld.org/values/2-230-286-1>		"taramaʔ"@pav	
"khrih"@cbn	<http://ids.clld.org/values/4-450-829-1>		<http://ids.clld.org/parameters/4-450>		<http://ids.clld.org/values/4-450-286-1>		"tarawanašiʔ (tarawan)"@pav	
"kachʌŋ"@cbn	<http://ids.clld.org/values/15-810-829-1>		<http://ids.clld.org/parameters/15-810>		<http://ids.clld.org/values/15-810-286-3>		"taʔ man"@pav	
"kachʌŋ"@cbn	<http://ids.clld.org/values/15-810-829-1>		<http://ids.clld.org/parameters/15-810>		<http://ids.clld.org/values/15-810-286-1>		"šite"@pav	
"kachʌŋ"@cbn	<http://ids.clld.org/values/15-810-829-1>		<http://ids.clld.org/parameters/15-810>		<http://ids.clld.org/values/15-810-286-5>		"teʔ man"@pav	
"krô:ŋ"@cbn	<http://ids.clld.org/values/1-360-829-1>		<http://ids.clld.org/parameters/1-360>		<http://ids.clld.org/values/1-360-286-1>		"kom"@pav	
"chaʔúč"@cbn	<http://ids.clld.org/values/5-125-829-1>		<http://ids.clld.org/parameters/5-125>		<http://ids.clld.org/values/5-125-286-1>		"šowuru"@pav	
"pliw"@cbn	<http://ids.clld.org/values/10-380-829-3>		<http://ids.clld.org/parameters/10-380>		<http://ids.clld.org/values/10-380-286-3>		"hukoʔ"@pav	
"pliw"@cbn	<http://ids.clld.org/values/10-380-829-3>		<http://ids.clld.org/parameters/10-380>		<http://ids.clld.org/values/10-380-286-1>		"hu"@pav	
"n̄ɛ̂:t"@cbn	<http://ids.clld.org/values/13-170-829-1>		<http://ids.clld.org/parameters/13-170>		<http://ids.clld.org/values/13-170-286-1>		"parek"@pav	
"sáp"@cbn	<http://ids.clld.org/values/9-220-829-5>		<http://ids.clld.org/parameters/9-220>		<http://ids.clld.org/values/9-220-286-7>		"nakarkamʔ"@pav	
"sáp"@cbn	<http://ids.clld.org/values/9-220-829-5>		<http://ids.clld.org/parameters/9-220>		<http://ids.clld.org/values/9-220-286-3>		"wawak"@pav	
"sáp"@cbn	<http://ids.clld.org/values/9-220-829-5>		<http://ids.clld.org/parameters/9-220>		<http://ids.clld.org/values/9-220-286-9>		"ta"@pav	
"sáp"@cbn	<http://ids.clld.org/values/9-220-829-5>		<http://ids.clld.org/parameters/9-220>		<http://ids.clld.org/values/9-220-286-5>		"nakamʔ"@pav	
"sáp"@cbn	<http://ids.clld.org/values/9-220-829-5>		<http://ids.clld.org/parameters/9-220>		<http://ids.clld.org/values/9-220-286-1>		"wak"@pav	
"catâm"@cbn	<http://ids.clld.org/values/12-630-829-1>		<http://ids.clld.org/parameters/12-630>		<http://ids.clld.org/values/12-630-286-1>		"kwere"@pav	
"tâ:"@cbn	<http://ids.clld.org/values/4-570-829-1>		<http://ids.clld.org/parameters/4-570>		<http://ids.clld.org/values/4-570-286-1>		"weʔ"@pav	
"mɔ:k"@cbn	<http://ids.clld.org/values/1-730-829-1>		<http://ids.clld.org/parameters/1-730>		<http://ids.clld.org/values/1-730-286-1>		"tayain nanawin"@pav	
"cakhrûŋ"@cbn	<http://ids.clld.org/values/16-250-829-1>		<http://ids.clld.org/parameters/16-250>		<http://ids.clld.org/values/16-250-286-1>		"tatamʔ"@pav	
"cakhrûŋ"@cbn	<http://ids.clld.org/values/16-250-829-1>		<http://ids.clld.org/parameters/16-250>		<http://ids.clld.org/values/16-250-286-3>		"katamʔ"@pav	
"tapâ:k"@cbn	<http://ids.clld.org/values/9-270-829-1>		<http://ids.clld.org/parameters/9-270>		<http://ids.clld.org/values/9-270-286-1>		"toʔ pahot"@pav	
"tapâ:k"@cbn	<http://ids.clld.org/values/9-270-829-1>		<http://ids.clld.org/parameters/9-270>		<http://ids.clld.org/values/9-270-286-3>		"toʔ pahorohot"@pav	
"chatô:m"@cbn	<http://ids.clld.org/values/12-410-829-1>		<http://ids.clld.org/parameters/12-410>		<http://ids.clld.org/values/12-410-286-1>		"irikwerešiʔ"@pav	
"chuŋ"@cbn	<http://ids.clld.org/values/4-370-829-1>		<http://ids.clld.org/parameters/4-370>		<http://ids.clld.org/values/4-370-286-1>		"kašimašiʔ (kašim)"@pav	
"lɔ̂:p"@cbn	<http://ids.clld.org/values/15-780-829-1>		<http://ids.clld.org/parameters/15-780>		<http://ids.clld.org/values/15-780-286-1>		"šaʔ"@pav	
"priət"@cbn	<http://ids.clld.org/values/15-650-829-1>		<http://ids.clld.org/parameters/15-650>		<http://ids.clld.org/values/15-650-286-1>		"mišem"@pav	
"hraj"@cbn	<http://ids.clld.org/values/3-811-829-2>		<http://ids.clld.org/parameters/3-811>		<http://ids.clld.org/values/3-811-286-1>		"ioʔ"@pav	
"chaj phuŋ"@cbn	<http://ids.clld.org/values/4-461-829-1>		<http://ids.clld.org/parameters/4-461>		<http://ids.clld.org/values/4-461-286-1>		"monošiʔ (mon)"@pav	
