"богІлу"@bdk	<http://ids.clld.org/values/12-550-63-3>		<http://ids.clld.org/parameters/12-550>		<http://ids.clld.org/values/12-550-293-1>		"ti-"@ram	
"лаьк"@bdk	<http://ids.clld.org/values/4-450-63-1>		<http://ids.clld.org/parameters/4-450>		<http://ids.clld.org/values/4-450-293-1>		"ii-pa"@ram	
"гьапху"@bdk	<http://ids.clld.org/values/12-570-63-3>		<http://ids.clld.org/parameters/12-570>		<http://ids.clld.org/values/12-570-293-1>		"i-rɨɨ"@ram	
"рих"@bdk	<http://ids.clld.org/values/10-720-63-1>		<http://ids.clld.org/parameters/10-720>		<http://ids.clld.org/values/10-720-293-1>		"prɨɨ"@ram	
"сад"@bdk	<http://ids.clld.org/values/13-10-63-5>		<http://ids.clld.org/parameters/13-10>		<http://ids.clld.org/values/13-10-293-1>		"pɨc̷it"@ram	
"чене"@bdk	<http://ids.clld.org/values/4-209-63-1>		<http://ids.clld.org/parameters/4-209>		<http://ids.clld.org/values/4-209-293-1>		"hamã"@ram	
"сар"@bdk	<http://ids.clld.org/values/13-330-63-1>		<http://ids.clld.org/parameters/13-330>		<http://ids.clld.org/values/13-330-293-3>		"kamã"@ram	
"сар"@bdk	<http://ids.clld.org/values/13-330-63-1>		<http://ids.clld.org/parameters/13-330>		<http://ids.clld.org/values/13-330-293-1>		"pit"@ram	
"йашами йихьар"@bdk	<http://ids.clld.org/values/7-110-63-3>		<http://ids.clld.org/parameters/7-110>		<http://ids.clld.org/values/7-110-293-1>		"kʰrĩ"@ram	
"эск��"@bdk	<http://ids.clld.org/values/14-150-63-5>		<http://ids.clld.org/parameters/14-150>		<http://ids.clld.org/values/14-150-293-1>		"tũm"@ram	
"гІаса"@bdk	<http://ids.clld.org/values/19-250-63-1>		<http://ids.clld.org/parameters/19-250>		<http://ids.clld.org/values/19-250-293-1>		"kʰo-"@ram	
"къону"@bdk	<http://ids.clld.org/values/18-120-63-1>		<http://ids.clld.org/parameters/18-120>		<http://ids.clld.org/values/18-120-293-1>		"-krɛ"@ram	
"уджагъ"@bdk	<http://ids.clld.org/values/7-120-63-3>		<http://ids.clld.org/parameters/7-120>		<http://ids.clld.org/values/7-120-293-1>		"ii-kʰrɛ"@ram	
"бушувал"@bdk	<http://ids.clld.org/values/4-820-63-1>		<http://ids.clld.org/parameters/4-820>		<http://ids.clld.org/values/4-820-293-1>		"pɛk-"@ram	
"хардж"@bdk	<http://ids.clld.org/values/8-510-63-1>		<http://ids.clld.org/parameters/8-510>		<http://ids.clld.org/values/8-510-293-1>		"aʔ-tuu"@ram	
"томбак"@bdk	<http://ids.clld.org/values/8-680-63-1>		<http://ids.clld.org/parameters/8-680>		<http://ids.clld.org/values/8-680-293-1>		"parho"@ram	
"бахтлу"@bdk	<http://ids.clld.org/values/16-230-63-3>		<http://ids.clld.org/parameters/16-230>		<http://ids.clld.org/values/16-230-293-1>		"hakʰrɨ"@ram	
"зегьерлу"@bdk	<http://ids.clld.org/values/15-370-63-3>		<http://ids.clld.org/parameters/15-370>		<http://ids.clld.org/values/15-370-293-1>		"-c̷ə-"@ram	
"зегьерлу"@bdk	<http://ids.clld.org/values/15-370-63-3>		<http://ids.clld.org/parameters/15-370>		<http://ids.clld.org/values/15-370-293-3>		"hə"@ram	
"куьврек"@bdk	<http://ids.clld.org/values/14-210-63-1>		<http://ids.clld.org/parameters/14-210>		<http://ids.clld.org/values/14-210-293-1>		"kɨt-"@ram	
"вихьи"@bdk	<http://ids.clld.org/values/10-450-63-1>		<http://ids.clld.org/parameters/10-450>		<http://ids.clld.org/values/10-450-293-1>		"mõ"@ram	
"уьчмуьш сиъи"@bdk	<http://ids.clld.org/values/10-370-63-1>		<http://ids.clld.org/parameters/10-370>		<http://ids.clld.org/values/10-370-293-1>		"tɛɛ"@ram	
"гьасир"@bdk	<http://ids.clld.org/values/9-770-63-1>		<http://ids.clld.org/parameters/9-770>		<http://ids.clld.org/values/9-770-293-1>		"kohpip (koʔpip ?)"@ram	
"ахми йихьар"@bdk	<http://ids.clld.org/values/10-470-63-3>		<http://ids.clld.org/parameters/10-470>		<http://ids.clld.org/values/10-470-293-1>		"mɔ̃"@ram	
"къалкъал"@bdk	<http://ids.clld.org/values/12-140-63-1>		<http://ids.clld.org/parameters/12-140>		<http://ids.clld.org/values/12-140-293-1>		"nɔ̃"@ram	
"кІацІ"@bdk	<http://ids.clld.org/values/12-850-63-1>		<http://ids.clld.org/parameters/12-850>		<http://ids.clld.org/values/12-850-293-1>		"kʰrɛ"@ram	
"ад"@bdk	<http://ids.clld.org/values/2-930-63-1>		<http://ids.clld.org/parameters/2-930>		<http://ids.clld.org/values/2-930-293-1>		"tamə̃"@ram	
"кІап"@bdk	<http://ids.clld.org/values/8-311-63-1>		<http://ids.clld.org/parameters/8-311>		<http://ids.clld.org/values/8-311-293-1>		"iʔ-hɨɨ (hɨ- ?)"@ram	
"гІари"@bdk	<http://ids.clld.org/values/16-710-63-1>		<http://ids.clld.org/parameters/16-710>		<http://ids.clld.org/values/16-710-293-1>		"-pɛy"@ram	
"хири"@bdk	<http://ids.clld.org/values/6-380-63-1>		<http://ids.clld.org/parameters/6-380>		<http://ids.clld.org/values/6-380-293-1>		"he-"@ram	
"хири"@bdk	<http://ids.clld.org/values/6-380-63-1>		<http://ids.clld.org/parameters/6-380>		<http://ids.clld.org/values/6-380-293-3>		"-c̷e- (?)"@ram	
"памаджаджидж"@bdk	<http://ids.clld.org/values/14-440-63-1>		<http://ids.clld.org/parameters/14-440>		<http://ids.clld.org/values/14-440-293-1>		"apɛ̃"@ram	
"къалчагъ"@bdk	<http://ids.clld.org/values/4-464-63-1>		<http://ids.clld.org/parameters/4-464>		<http://ids.clld.org/values/4-464-293-1>		"ayɔ"@ram	
"эрги"@bdk	<http://ids.clld.org/values/12-740-63-1>		<http://ids.clld.org/parameters/12-740>		<http://ids.clld.org/values/12-740-293-1>		"yakɔt"@ram	
"малахлу йит"@bdk	<http://ids.clld.org/values/5-840-63-3>		<http://ids.clld.org/parameters/5-840>		<http://ids.clld.org/values/5-840-293-1>		"pɛn"@ram	
"дар"@bdk	<http://ids.clld.org/values/8-600-63-1>		<http://ids.clld.org/parameters/8-600>		<http://ids.clld.org/values/8-600-293-1>		"pĩĩ"@ram	
"ваъ"@bdk	<http://ids.clld.org/values/17-560-63-1>		<http://ids.clld.org/parameters/17-560>		<http://ids.clld.org/values/17-560-293-1>		"ke-"@ram	
"гІуьшхар"@bdk	<http://ids.clld.org/values/10-480-63-1>		<http://ids.clld.org/parameters/10-480>		<http://ids.clld.org/values/10-480-293-1>		"-tẽ"@ram	
"гІайел"@bdk	<http://ids.clld.org/values/2-270-63-1>		<http://ids.clld.org/parameters/2-270>		<http://ids.clld.org/values/2-270-293-1>		"aʔ-kʰra-rɛ"@ram	
"пеп"@bdk	<http://ids.clld.org/values/4-360-63-1>		<http://ids.clld.org/parameters/4-360>		<http://ids.clld.org/values/4-360-293-1>		"ii-kʰõn"@ram	
"саъа"@bdk	<http://ids.clld.org/values/15-840-63-3>		<http://ids.clld.org/parameters/15-840>		<http://ids.clld.org/values/15-840-293-1>		"krə"@ram	
"саъа"@bdk	<http://ids.clld.org/values/15-840-63-3>		<http://ids.clld.org/parameters/15-840>		<http://ids.clld.org/values/15-840-293-3>		"(kʰra ?)"@ram	
"кыл"@bdk	<http://ids.clld.org/values/4-310-63-1>		<http://ids.clld.org/parameters/4-310>		<http://ids.clld.org/values/4-310-293-1>		"pa"@ram	
"чІебилу"@bdk	<http://ids.clld.org/values/15-830-63-1>		<http://ids.clld.org/parameters/15-830>		<http://ids.clld.org/values/15-830-293-1>		"mrɔ̃ (?)"@ram	
"тамаму"@bdk	<http://ids.clld.org/values/13-210-63-1>		<http://ids.clld.org/parameters/13-210>		<http://ids.clld.org/values/13-210-293-1>		"yic̷u"@ram	
"гІалсал"@bdk	<http://ids.clld.org/values/11-310-63-1>		<http://ids.clld.org/parameters/11-310>		<http://ids.clld.org/values/11-310-293-1>		"lɨ̃t"@ram	
"сейрек"@bdk	<http://ids.clld.org/values/13-170-63-3>		<http://ids.clld.org/parameters/13-170>		<http://ids.clld.org/values/13-170-293-1>		"kʰɨɨpe-"@ram	
"дирибаш"@bdk	<http://ids.clld.org/values/4-740-63-3>		<http://ids.clld.org/parameters/4-740>		<http://ids.clld.org/values/4-740-293-1>		"tĩ"@ram	
"чимми йихьар"@bdk	<http://ids.clld.org/values/4-690-63-1>		<http://ids.clld.org/parameters/4-690>		<http://ids.clld.org/values/4-690-293-1>		"c̷wa"@ram	
"чич"@bdk	<http://ids.clld.org/values/3-840-63-1>		<http://ids.clld.org/parameters/3-840>		<http://ids.clld.org/values/3-840-293-1>		"hɔɔc̷ã"@ram	
"гьикІ сиъи"@bdk	<http://ids.clld.org/values/4-521-63-1>		<http://ids.clld.org/parameters/4-521>		<http://ids.clld.org/values/4-521-293-1>		"hɛk"@ram	
"гьайат"@bdk	<http://ids.clld.org/values/7-150-63-1>		<http://ids.clld.org/parameters/7-150>		<http://ids.clld.org/values/7-150-293-1>		"ka-"@ram	
"сорми сиъи"@bdk	<http://ids.clld.org/values/5-160-63-1>		<http://ids.clld.org/parameters/5-160>		<http://ids.clld.org/values/5-160-293-1>		"kaho"@ram	
"джига"@bdk	<http://ids.clld.org/values/12-110-63-1>		<http://ids.clld.org/parameters/12-110>		<http://ids.clld.org/values/12-110-293-1>		"-li-"@ram	
"вочІонху"@bdk	<http://ids.clld.org/values/9-343-63-1>		<http://ids.clld.org/parameters/9-343>		<http://ids.clld.org/values/9-343-293-1>		"ŋɛ̃n"@ram	
"раз"@bdk	<http://ids.clld.org/values/20-220-63-1>		<http://ids.clld.org/parameters/20-220>		<http://ids.clld.org/values/20-220-293-1>		"kʰo"@ram	
"йуд"@bdk	<http://ids.clld.org/values/1-851-63-3>		<http://ids.clld.org/parameters/1-851>		<http://ids.clld.org/values/1-851-293-1>		"ka-c̷ər"@ram	
"кІийатІар"@bdk	<http://ids.clld.org/values/3-815-63-1>		<http://ids.clld.org/parameters/3-815>		<http://ids.clld.org/values/3-815-293-1>		"pak"@ram	
"алдатми сиъи"@bdk	<http://ids.clld.org/values/16-670-63-1>		<http://ids.clld.org/parameters/16-670>		<http://ids.clld.org/values/16-670-293-1>		"nõ"@ram	
"чІерчІ"@bdk	<http://ids.clld.org/values/4-350-63-3>		<http://ids.clld.org/parameters/4-350>		<http://ids.clld.org/values/4-350-293-1>		"ii-tɛ"@ram	
"вирагъ"@bdk	<http://ids.clld.org/values/1-520-63-1>		<http://ids.clld.org/parameters/1-520>		<http://ids.clld.org/values/1-520-293-3>		"pɨtɨ"@ram	
"вирагъ"@bdk	<http://ids.clld.org/values/1-520-63-1>		<http://ids.clld.org/parameters/1-520>		<http://ids.clld.org/values/1-520-293-1>		"pɨt"@ram	
"халу"@bdk	<http://ids.clld.org/values/2-510-63-1>		<http://ids.clld.org/parameters/2-510>		<http://ids.clld.org/values/2-510-293-1>		"kɛt"@ram	
"кІерепІ"@bdk	<http://ids.clld.org/values/4-160-63-1>		<http://ids.clld.org/parameters/4-160>		<http://ids.clld.org/values/4-160-293-1>		"-hi"@ram	
"кІусу"@bdk	<http://ids.clld.org/values/4-580-63-1>		<http://ids.clld.org/parameters/4-580>		<http://ids.clld.org/values/4-580-293-1>		"-ku-c̷a"@ram	
"охшами"@bdk	<http://ids.clld.org/values/12-920-63-1>		<http://ids.clld.org/parameters/12-920>		<http://ids.clld.org/values/12-920-293-1>		"kʰĩ"@ram	
"ох"@bdk	<http://ids.clld.org/values/20-250-63-1>		<http://ids.clld.org/parameters/20-250>		<http://ids.clld.org/values/20-250-293-1>		"kruw"@ram	
"цІа"@bdk	<http://ids.clld.org/values/1-810-63-1>		<http://ids.clld.org/parameters/1-810>		<http://ids.clld.org/values/1-810-293-1>		"kuhɨ"@ram	
"ген"@bdk	<http://ids.clld.org/values/12-610-63-1>		<http://ids.clld.org/parameters/12-610>		<http://ids.clld.org/values/12-610-293-1>		"iʔ-pɔ"@ram	
"чигъи"@bdk	<http://ids.clld.org/values/10-610-63-1>		<http://ids.clld.org/parameters/10-610>		<http://ids.clld.org/values/10-610-293-1>		"pə"@ram	
"маъ"@bdk	<http://ids.clld.org/values/5-791-63-1>		<http://ids.clld.org/parameters/5-791>		<http://ids.clld.org/values/5-791-293-1>		"iʔ-twɨm"@ram	
"сив"@bdk	<http://ids.clld.org/values/4-240-63-1>		<http://ids.clld.org/parameters/4-240>		<http://ids.clld.org/values/4-240-293-1>		"-yarkʰwa"@ram	
"къалдирми йихьар"@bdk	<http://ids.clld.org/values/10-472-63-3>		<http://ids.clld.org/parameters/10-472>		<http://ids.clld.org/values/10-472-293-1>		"pi-"@ram	
"лагІа"@bdk	<http://ids.clld.org/values/15-650-63-1>		<http://ids.clld.org/parameters/15-650>		<http://ids.clld.org/values/15-650-293-1>		"iʔ-tɨk"@ram	
"чІил"@bdk	<http://ids.clld.org/values/5-610-63-5>		<http://ids.clld.org/parameters/5-610>		<http://ids.clld.org/values/5-610-293-1>		"hĩ"@ram	
"чІил"@bdk	<http://ids.clld.org/values/5-610-63-5>		<http://ids.clld.org/parameters/5-610>		<http://ids.clld.org/values/5-610-293-3>		"yĩ"@ram	
"идми"@bdk	<http://ids.clld.org/values/2-210-63-1>		<http://ids.clld.org/parameters/2-210>		<http://ids.clld.org/values/2-210-293-1>		"hũm"@ram	
"назикувал"@bdk	<http://ids.clld.org/values/4-820-63-5>		<http://ids.clld.org/parameters/4-820>		<http://ids.clld.org/values/4-820-293-1>		"pɛk-"@ram	
"тараф)"@bdk	<http://ids.clld.org/values/12-420-63-3>		<http://ids.clld.org/parameters/12-420>		<http://ids.clld.org/values/12-420-293-1>		"aw-kʰɛ"@ram	
"туьтуьн"@bdk	<http://ids.clld.org/values/8-680-63-3>		<http://ids.clld.org/parameters/8-680>		<http://ids.clld.org/values/8-680-293-1>		"parho"@ram	
"хІедж"@bdk	<http://ids.clld.org/values/2-320-63-3>		<http://ids.clld.org/parameters/2-320>		<http://ids.clld.org/values/2-320-293-1>		"ĩĩ-prõ"@ram	
"удж"@bdk	<http://ids.clld.org/values/2-930-63-5>		<http://ids.clld.org/parameters/2-930>		<http://ids.clld.org/values/2-930-293-1>		"tamə̃"@ram	
"фупун сиъи"@bdk	<http://ids.clld.org/values/10-380-63-1>		<http://ids.clld.org/parameters/10-380>		<http://ids.clld.org/values/10-380-293-1>		"hakkoo"@ram	
"чІатІ йихьар"@bdk	<http://ids.clld.org/values/5-110-63-1>		<http://ids.clld.org/parameters/5-110>		<http://ids.clld.org/values/5-110-293-3>		"kʰuu"@ram	
"чІатІ йихьар"@bdk	<http://ids.clld.org/values/5-110-63-1>		<http://ids.clld.org/parameters/5-110>		<http://ids.clld.org/values/5-110-293-7>		"pa-"@ram	
"чІатІ йихьар"@bdk	<http://ids.clld.org/values/5-110-63-1>		<http://ids.clld.org/parameters/5-110>		<http://ids.clld.org/values/5-110-293-5>		"kukʰu-"@ram	
"чІатІ йихьар"@bdk	<http://ids.clld.org/values/5-110-63-1>		<http://ids.clld.org/parameters/5-110>		<http://ids.clld.org/values/5-110-293-1>		"-kʰrẽ"@ram	
"шубур"@bdk	<http://ids.clld.org/values/13-30-63-1>		<http://ids.clld.org/parameters/13-30>		<http://ids.clld.org/values/13-30-293-1>		"ɨnkre-"@ram	
"гІоротІу"@bdk	<http://ids.clld.org/values/9-210-63-1>		<http://ids.clld.org/parameters/9-210>		<http://ids.clld.org/values/9-210-293-1>		"kʰrɔ̃k"@ram	
"вак"@bdk	<http://ids.clld.org/values/3-350-63-1>		<http://ids.clld.org/parameters/3-350>		<http://ids.clld.org/values/3-350-293-1>		"kʰro"@ram	
"шегь"@bdk	<http://ids.clld.org/values/1-640-63-1>		<http://ids.clld.org/parameters/1-640>		<http://ids.clld.org/values/1-640-293-1>		"atər-"@ram	
"къабугь"@bdk	<http://ids.clld.org/values/8-750-63-1>		<http://ids.clld.org/parameters/8-750>		<http://ids.clld.org/values/8-750-293-1>		"ii-kʰə"@ram	
"йер"@bdk	<http://ids.clld.org/values/3-850-63-1>		<http://ids.clld.org/parameters/3-850>		<http://ids.clld.org/values/3-850-293-3>		"pat"@ram	
"йер"@bdk	<http://ids.clld.org/values/3-850-63-1>		<http://ids.clld.org/parameters/3-850>		<http://ids.clld.org/values/3-850-293-1>		"kaaŋə"@ram	
"чуьнглеле"@bdk	<http://ids.clld.org/values/3-920-63-1>		<http://ids.clld.org/parameters/3-920>		<http://ids.clld.org/values/3-920-293-1>		"wɛwɛ-"@ram	
"джив-джив"@bdk	<http://ids.clld.org/values/3-581-63-1>		<http://ids.clld.org/parameters/3-581>		<http://ids.clld.org/values/3-581-293-1>		"kɛ̃"@ram	
"кошбаьт"@bdk	<http://ids.clld.org/values/16-230-63-5>		<http://ids.clld.org/parameters/16-230>		<http://ids.clld.org/values/16-230-293-1>		"hakʰrɨ"@ram	
"сар"@bdk	<http://ids.clld.org/values/13-10-63-1>		<http://ids.clld.org/parameters/13-10>		<http://ids.clld.org/values/13-10-293-1>		"pɨc̷it"@ram	
"хор"@bdk	<http://ids.clld.org/values/3-610-63-1>		<http://ids.clld.org/parameters/3-610>		<http://ids.clld.org/values/3-610-293-1>		"rɔp"@ram	
"дашкъалагъ"@bdk	<http://ids.clld.org/values/12-110-63-7>		<http://ids.clld.org/parameters/12-110>		<http://ids.clld.org/values/12-110-293-1>		"-li-"@ram	
"памаджар"@bdk	<http://ids.clld.org/values/14-440-63-3>		<http://ids.clld.org/parameters/14-440>		<http://ids.clld.org/values/14-440-293-1>		"apɛ̃"@ram	
"кІид"@bdk	<http://ids.clld.org/values/3-813-63-1>		<http://ids.clld.org/parameters/3-813>		<http://ids.clld.org/values/3-813-293-1>		"ĩnko"@ram	
"таза"@bdk	<http://ids.clld.org/values/14-130-63-1>		<http://ids.clld.org/parameters/14-130>		<http://ids.clld.org/values/14-130-293-1>		"-tuwa"@ram	
"гьеркІи"@bdk	<http://ids.clld.org/values/15-810-63-1>		<http://ids.clld.org/parameters/15-810>		<http://ids.clld.org/values/15-810-293-1>		"hũũ-tĩ"@ram	
"кІуф сиъи"@bdk	<http://ids.clld.org/values/16-290-63-1>		<http://ids.clld.org/parameters/16-290>		<http://ids.clld.org/values/16-290-293-1>		"p (?)"@ram	
"къилайан"@bdk	<http://ids.clld.org/values/4-370-63-1>		<http://ids.clld.org/parameters/4-370>		<http://ids.clld.org/values/4-370-293-1>		"ii-par"@ram	
"йит"@bdk	<http://ids.clld.org/values/5-840-63-1>		<http://ids.clld.org/parameters/5-840>		<http://ids.clld.org/values/5-840-293-1>		"pɛn"@ram	
"накькьа"@bdk	<http://ids.clld.org/values/3-650-63-3>		<http://ids.clld.org/parameters/3-650>		<http://ids.clld.org/values/3-650-293-3>		"krən-"@ram	
"накькьа"@bdk	<http://ids.clld.org/values/3-650-63-3>		<http://ids.clld.org/parameters/3-650>		<http://ids.clld.org/values/3-650-293-1>		"tɛp"@ram	
"фури"@bdk	<http://ids.clld.org/values/2-310-63-1>		<http://ids.clld.org/parameters/2-310>		<http://ids.clld.org/values/2-310-293-1>		"ĩĩ-pyɛ"@ram	
"къехчи"@bdk	<http://ids.clld.org/values/10-440-63-1>		<http://ids.clld.org/parameters/10-440>		<http://ids.clld.org/values/10-440-293-1>		"hakrun (?)"@ram	
"чаъангал"@bdk	<http://ids.clld.org/values/1-852-63-3>		<http://ids.clld.org/parameters/1-852>		<http://ids.clld.org/values/1-852-293-1>		"pok"@ram	
"зигил"@bdk	<http://ids.clld.org/values/4-856-63-1>		<http://ids.clld.org/parameters/4-856>		<http://ids.clld.org/values/4-856-293-1>		"kuhe"@ram	
"дулами йихьар"@bdk	<http://ids.clld.org/values/7-110-63-1>		<http://ids.clld.org/parameters/7-110>		<http://ids.clld.org/values/7-110-293-1>		"kʰrĩ"@ram	
"тала"@bdk	<http://ids.clld.org/values/8-120-63-5>		<http://ids.clld.org/parameters/8-120>		<http://ids.clld.org/values/8-120-293-1>		"pur"@ram	
"хьим"@bdk	<http://ids.clld.org/values/1-830-63-1>		<http://ids.clld.org/parameters/1-830>		<http://ids.clld.org/values/1-830-293-1>		"iʔ-kʰũm"@ram	
"хІич"@bdk	<http://ids.clld.org/values/4-120-63-3>		<http://ids.clld.org/parameters/4-120>		<http://ids.clld.org/values/4-120-293-1>		"ii-kʰə (?)"@ram	
"кьел"@bdk	<http://ids.clld.org/values/5-810-63-1>		<http://ids.clld.org/parameters/5-810>		<http://ids.clld.org/values/5-810-293-1>		"kaac̷wa"@ram	
"вис"@bdk	<http://ids.clld.org/values/1-370-63-1>		<http://ids.clld.org/parameters/1-370>		<http://ids.clld.org/values/1-370-293-1>		"kʰwa"@ram	
"чул"@bdk	<http://ids.clld.org/values/8-120-63-3>		<http://ids.clld.org/parameters/8-120>		<http://ids.clld.org/values/8-120-293-1>		"pur"@ram	
"ибир къусу"@bdk	<http://ids.clld.org/values/15-420-63-1>		<http://ids.clld.org/parameters/15-420>		<http://ids.clld.org/values/15-420-293-1>		"k mpa (?)"@ram	
"шубуд"@bdk	<http://ids.clld.org/values/13-30-63-5>		<http://ids.clld.org/parameters/13-30>		<http://ids.clld.org/values/13-30-293-1>		"ɨnkre-"@ram	
"гъачІ"@bdk	<http://ids.clld.org/values/1-540-63-1>		<http://ids.clld.org/parameters/1-540>		<http://ids.clld.org/values/1-540-293-1>		"kac̷ee-rɛ"@ram	
"йамадж"@bdk	<http://ids.clld.org/values/1-440-63-3>		<http://ids.clld.org/parameters/1-440>		<http://ids.clld.org/values/1-440-293-1>		"kʰɛn"@ram	
"халатІ"@bdk	<http://ids.clld.org/values/8-560-63-3>		<http://ids.clld.org/parameters/8-560>		<http://ids.clld.org/values/8-560-293-1>		"iʔ-ho"@ram	
"йегин"@bdk	<http://ids.clld.org/values/14-210-63-5>		<http://ids.clld.org/parameters/14-210>		<http://ids.clld.org/values/14-210-293-1>		"kɨt-"@ram	
"диде"@bdk	<http://ids.clld.org/values/2-360-63-1>		<http://ids.clld.org/parameters/2-360>		<http://ids.clld.org/values/2-360-293-1>		"-nə̃ə̃"@ram	
"агъми йихьар"@bdk	<http://ids.clld.org/values/12-150-63-1>		<http://ids.clld.org/parameters/12-150>		<http://ids.clld.org/values/12-150-293-1>		"c̷a"@ram	
"кІуф"@bdk	<http://ids.clld.org/values/4-240-63-3>		<http://ids.clld.org/parameters/4-240>		<http://ids.clld.org/values/4-240-293-1>		"-yarkʰwa"@ram	
"кьартІушкке"@bdk	<http://ids.clld.org/values/5-700-63-1>		<http://ids.clld.org/parameters/5-700>		<http://ids.clld.org/values/5-700-293-1>		"yat (yɛt ?)"@ram	
"ширин"@bdk	<http://ids.clld.org/values/15-350-63-1>		<http://ids.clld.org/parameters/15-350>		<http://ids.clld.org/values/15-350-293-1>		"c̷o-"@ram	
"гишеджи"@bdk	<http://ids.clld.org/values/12-130-63-1>		<http://ids.clld.org/parameters/12-130>		<http://ids.clld.org/values/12-130-293-1>		"yə̃ (yɨ̃ ?)"@ram	
"багьам"@bdk	<http://ids.clld.org/values/12-550-63-1>		<http://ids.clld.org/parameters/12-550>		<http://ids.clld.org/values/12-550-293-1>		"ti-"@ram	
"кракадил"@bdk	<http://ids.clld.org/values/3-970-63-1>		<http://ids.clld.org/parameters/3-970>		<http://ids.clld.org/values/3-970-293-1>		"mĩĩ (mɨ̃ ?)"@ram	
"ахтарми сиъи"@bdk	<http://ids.clld.org/values/11-310-63-3>		<http://ids.clld.org/parameters/11-310>		<http://ids.clld.org/values/11-310-293-1>		"lɨ̃t"@ram	
"лагІелекь"@bdk	<http://ids.clld.org/values/4-450-63-3>		<http://ids.clld.org/parameters/4-450>		<http://ids.clld.org/values/4-450-293-1>		"ii-pa"@ram	
"сагъа"@bdk	<http://ids.clld.org/values/15-860-63-3>		<http://ids.clld.org/parameters/15-860>		<http://ids.clld.org/values/15-860-293-1>		"kʰrɨ"@ram	
"кьыл"@bdk	<http://ids.clld.org/values/4-200-63-1>		<http://ids.clld.org/parameters/4-200>		<http://ids.clld.org/values/4-200-293-1>		"ii-kʰrə̃"@ram	
"меъел"@bdk	<http://ids.clld.org/values/4-230-63-1>		<http://ids.clld.org/parameters/4-230>		<http://ids.clld.org/values/4-230-293-1>		"-yĩyakʰrɛ"@ram	
"йаман"@bdk	<http://ids.clld.org/values/16-720-63-1>		<http://ids.clld.org/parameters/16-720>		<http://ids.clld.org/values/16-720-293-1>		"iʔkʰɛn"@ram	
"гІаристи"@bdk	<http://ids.clld.org/values/16-710-63-3>		<http://ids.clld.org/parameters/16-710>		<http://ids.clld.org/values/16-710-293-1>		"-pɛy"@ram	
"дулами йихьар"@bdk	<http://ids.clld.org/values/4-740-63-1>		<http://ids.clld.org/parameters/4-740>		<http://ids.clld.org/values/4-740-293-1>		"tĩ"@ram	
"сад"@bdk	<http://ids.clld.org/values/13-330-63-5>		<http://ids.clld.org/parameters/13-330>		<http://ids.clld.org/values/13-330-293-3>		"kamã"@ram	
"сад"@bdk	<http://ids.clld.org/values/13-330-63-5>		<http://ids.clld.org/parameters/13-330>		<http://ids.clld.org/values/13-330-293-1>		"pit"@ram	
"пайе"@bdk	<http://ids.clld.org/values/20-220-63-3>		<http://ids.clld.org/parameters/20-220>		<http://ids.clld.org/values/20-220-293-1>		"kʰo"@ram	
"йуцІу"@bdk	<http://ids.clld.org/values/11-210-63-1>		<http://ids.clld.org/parameters/11-210>		<http://ids.clld.org/values/11-210-293-3>		"ŋɔ̃"@ram	
"йуцІу"@bdk	<http://ids.clld.org/values/11-210-63-1>		<http://ids.clld.org/parameters/11-210>		<http://ids.clld.org/values/11-210-293-1>		"c̷i-"@ram	
"кьум"@bdk	<http://ids.clld.org/values/1-215-63-1>		<http://ids.clld.org/parameters/1-215>		<http://ids.clld.org/values/1-215-293-1>		"pye"@ram	
"кьол"@bdk	<http://ids.clld.org/values/1-440-63-5>		<http://ids.clld.org/parameters/1-440>		<http://ids.clld.org/values/1-440-293-1>		"kʰɛn"@ram	
"питин"@bdk	<http://ids.clld.org/values/13-140-63-1>		<http://ids.clld.org/parameters/13-140>		<http://ids.clld.org/values/13-140-293-1>		"tu-"@ram	
"кьусу"@bdk	<http://ids.clld.org/values/14-150-63-3>		<http://ids.clld.org/parameters/14-150>		<http://ids.clld.org/values/14-150-293-1>		"tũm"@ram	
"лаьгІ"@bdk	<http://ids.clld.org/values/4-120-63-1>		<http://ids.clld.org/parameters/4-120>		<http://ids.clld.org/values/4-120-293-1>		"ii-kʰə (?)"@ram	
"микІе"@bdk	<http://ids.clld.org/values/13-170-63-1>		<http://ids.clld.org/parameters/13-170>		<http://ids.clld.org/values/13-170-293-1>		"kʰɨɨpe-"@ram	
"ибира къусу"@bdk	<http://ids.clld.org/values/15-410-63-1>		<http://ids.clld.org/parameters/15-410>		<http://ids.clld.org/values/15-410-293-1>		"kʰə̃-pa"@ram	
"гІуьмуьр"@bdk	<http://ids.clld.org/values/4-740-63-5>		<http://ids.clld.org/parameters/4-740>		<http://ids.clld.org/values/4-740-293-1>		"tĩ"@ram	
"уьзмиш сиъи"@bdk	<http://ids.clld.org/values/10-350-63-1>		<http://ids.clld.org/parameters/10-350>		<http://ids.clld.org/values/10-350-293-1>		"ree"@ram	
"уьзмиш сиъи"@bdk	<http://ids.clld.org/values/10-350-63-1>		<http://ids.clld.org/parameters/10-350>		<http://ids.clld.org/values/10-350-293-3>		"c̷wa"@ram	
"къайе"@bdk	<http://ids.clld.org/values/1-440-63-1>		<http://ids.clld.org/parameters/1-440>		<http://ids.clld.org/values/1-440-293-1>		"kʰɛn"@ram	
"согъуру"@bdk	<http://ids.clld.org/values/5-130-63-1>		<http://ids.clld.org/parameters/5-130>		<http://ids.clld.org/values/5-130-293-1>		"-kʰõ (kʰɔ̃ ?)"@ram	
"йарпаг"@bdk	<http://ids.clld.org/values/8-560-63-1>		<http://ids.clld.org/parameters/8-560>		<http://ids.clld.org/values/8-560-293-1>		"iʔ-ho"@ram	
"сыгъми сиъи"@bdk	<http://ids.clld.org/values/9-343-63-3>		<http://ids.clld.org/parameters/9-343>		<http://ids.clld.org/values/9-343-293-1>		"ŋɛ̃n"@ram	
"суставал"@bdk	<http://ids.clld.org/values/4-820-63-7>		<http://ids.clld.org/parameters/4-820>		<http://ids.clld.org/values/4-820-293-1>		"pɛk-"@ram	
"челд"@bdk	<http://ids.clld.org/values/14-210-63-3>		<http://ids.clld.org/parameters/14-210>		<http://ids.clld.org/values/14-210-293-1>		"kɨt-"@ram	
"йовшанлугъ"@bdk	<http://ids.clld.org/values/12-110-63-5>		<http://ids.clld.org/parameters/12-110>		<http://ids.clld.org/values/12-110-293-1>		"-li-"@ram	
"кІуркІучІ"@bdk	<http://ids.clld.org/values/4-330-63-1>		<http://ids.clld.org/parameters/4-330>		<http://ids.clld.org/values/4-330-293-1>		"hũʔkʰra"@ram	
"къул"@bdk	<http://ids.clld.org/values/1-370-63-3>		<http://ids.clld.org/parameters/1-370>		<http://ids.clld.org/values/1-370-293-1>		"kʰwa"@ram	
"бахтавар"@bdk	<http://ids.clld.org/values/16-230-63-1>		<http://ids.clld.org/parameters/16-230>		<http://ids.clld.org/values/16-230-293-1>		"hakʰrɨ"@ram	
"рехъ"@bdk	<http://ids.clld.org/values/1-840-63-1>		<http://ids.clld.org/parameters/1-840>		<http://ids.clld.org/values/1-840-293-1>		"prɔ"@ram	
"маф"@bdk	<http://ids.clld.org/values/1-750-63-1>		<http://ids.clld.org/parameters/1-750>		<http://ids.clld.org/values/1-750-293-1>		"taa (ta ?)"@ram	
"зафра"@bdk	<http://ids.clld.org/values/1-851-63-1>		<http://ids.clld.org/parameters/1-851>		<http://ids.clld.org/values/1-851-293-1>		"ka-c̷ər"@ram	
"карч"@bdk	<http://ids.clld.org/values/8-520-63-3>		<http://ids.clld.org/parameters/8-520>		<http://ids.clld.org/values/8-520-293-1>		"po-"@ram	
"йак"@bdk	<http://ids.clld.org/values/5-610-63-1>		<http://ids.clld.org/parameters/5-610>		<http://ids.clld.org/values/5-610-293-1>		"hĩ"@ram	
"йак"@bdk	<http://ids.clld.org/values/5-610-63-1>		<http://ids.clld.org/parameters/5-610>		<http://ids.clld.org/values/5-610-293-3>		"yĩ"@ram	
"кына"@bdk	<http://ids.clld.org/values/14-150-63-1>		<http://ids.clld.org/parameters/14-150>		<http://ids.clld.org/values/14-150-293-1>		"tũm"@ram	
"къалдирми сиъи"@bdk	<http://ids.clld.org/values/12-212-63-1>		<http://ids.clld.org/parameters/12-212>		<http://ids.clld.org/values/12-212-293-1>		"pɨ"@ram	
"ирд"@bdk	<http://ids.clld.org/values/4-150-63-1>		<http://ids.clld.org/parameters/4-150>		<http://ids.clld.org/values/4-150-293-1>		"ii-kaproo"@ram	
"тур"@bdk	<http://ids.clld.org/values/18-280-63-1>		<http://ids.clld.org/parameters/18-280>		<http://ids.clld.org/values/18-280-293-1>		"awkʰe-"@ram	
"тур"@bdk	<http://ids.clld.org/values/18-280-63-1>		<http://ids.clld.org/parameters/18-280>		<http://ids.clld.org/values/18-280-293-3>		"yəyə-"@ram	
"аджи"@bdk	<http://ids.clld.org/values/15-370-63-1>		<http://ids.clld.org/parameters/15-370>		<http://ids.clld.org/values/15-370-293-1>		"-c̷ə-"@ram	
"аджи"@bdk	<http://ids.clld.org/values/15-370-63-1>		<http://ids.clld.org/parameters/15-370>		<http://ids.clld.org/values/15-370-293-3>		"hə"@ram	
"кьосидж"@bdk	<http://ids.clld.org/values/12-50-63-1>		<http://ids.clld.org/parameters/12-50>		<http://ids.clld.org/values/12-50-293-1>		"kʰam"@ram	
"кук"@bdk	<http://ids.clld.org/values/8-540-63-1>		<http://ids.clld.org/parameters/8-540>		<http://ids.clld.org/values/8-540-293-1>		"haare"@ram	
"мырдар"@bdk	<http://ids.clld.org/values/3-850-63-3>		<http://ids.clld.org/parameters/3-850>		<http://ids.clld.org/values/3-850-293-3>		"pat"@ram	
"мырдар"@bdk	<http://ids.clld.org/values/3-850-63-3>		<http://ids.clld.org/parameters/3-850>		<http://ids.clld.org/values/3-850-293-1>		"kaaŋə"@ram	
"гьедж"@bdk	<http://ids.clld.org/values/2-320-63-1>		<http://ids.clld.org/parameters/2-320>		<http://ids.clld.org/values/2-320-293-1>		"ĩĩ-prõ"@ram	
"къабугъ"@bdk	<http://ids.clld.org/values/4-120-63-5>		<http://ids.clld.org/parameters/4-120>		<http://ids.clld.org/values/4-120-293-1>		"ii-kʰə (?)"@ram	
"мухари"@bdk	<http://ids.clld.org/values/7-310-63-1>		<http://ids.clld.org/parameters/7-310>		<http://ids.clld.org/values/7-310-293-1>		"kiz (?)"@ram	
"хІаг"@bdk	<http://ids.clld.org/values/12-850-63-3>		<http://ids.clld.org/parameters/12-850>		<http://ids.clld.org/values/12-850-293-1>		"kʰrɛ"@ram	
"шидир"@bdk	<http://ids.clld.org/values/2-450-63-1>		<http://ids.clld.org/parameters/2-450>		<http://ids.clld.org/values/2-450-293-1>		"tɔ̃y-"@ram	
"зын"@bdk	<http://ids.clld.org/values/2-910-63-1>		<http://ids.clld.org/parameters/2-910>		<http://ids.clld.org/values/2-910-293-3>		"wa"@ram	
"зын"@bdk	<http://ids.clld.org/values/2-910-63-1>		<http://ids.clld.org/parameters/2-910>		<http://ids.clld.org/values/2-910-293-1>		"pa"@ram	
"сив"@bdk	<http://ids.clld.org/values/12-850-63-5>		<http://ids.clld.org/parameters/12-850>		<http://ids.clld.org/values/12-850-293-1>		"kʰrɛ"@ram	
"ада"@bdk	<http://ids.clld.org/values/2-350-63-1>		<http://ids.clld.org/parameters/2-350>		<http://ids.clld.org/values/2-350-293-1>		"-pãm"@ram	
"ада"@bdk	<http://ids.clld.org/values/2-350-63-1>		<http://ids.clld.org/parameters/2-350>		<http://ids.clld.org/values/2-350-293-3>		"c̷ũ"@ram	
"джибир"@bdk	<http://ids.clld.org/values/4-180-63-1>		<http://ids.clld.org/parameters/4-180>		<http://ids.clld.org/values/4-180-293-1>		"ha-ppɨ"@ram	
"лиш"@bdk	<http://ids.clld.org/values/3-811-63-1>		<http://ids.clld.org/parameters/3-811>		<http://ids.clld.org/values/3-811-293-1>		"ii-ko"@ram	
"къарышкъа"@bdk	<http://ids.clld.org/values/3-817-63-1>		<http://ids.clld.org/parameters/3-817>		<http://ids.clld.org/values/3-817-293-1>		"ahc̷un- (aʔc̷un- ?)"@ram	
"абулейсан"@bdk	<http://ids.clld.org/values/1-750-63-3>		<http://ids.clld.org/parameters/1-750>		<http://ids.clld.org/values/1-750-293-1>		"taa (ta ?)"@ram	
"хал"@bdk	<http://ids.clld.org/values/7-520-63-1>		<http://ids.clld.org/parameters/7-520>		<http://ids.clld.org/values/7-520-293-1>		"po"@ram	
"лузу"@bdk	<http://ids.clld.org/values/15-640-63-1>		<http://ids.clld.org/parameters/15-640>		<http://ids.clld.org/values/15-640-293-1>		"hakkʰa"@ram	
"лузу"@bdk	<http://ids.clld.org/values/15-640-63-1>		<http://ids.clld.org/parameters/15-640>		<http://ids.clld.org/values/15-640-293-3>		"yakʰaa"@ram	
"саркьа"@bdk	<http://ids.clld.org/values/4-750-63-3>		<http://ids.clld.org/parameters/4-750>		<http://ids.clld.org/values/4-750-293-1>		"tɨɨ- (tɨ ?)"@ram	
"фури"@bdk	<http://ids.clld.org/values/2-210-63-3>		<http://ids.clld.org/parameters/2-210>		<http://ids.clld.org/values/2-210-293-1>		"hũm"@ram	
"зайифувал"@bdk	<http://ids.clld.org/values/4-820-63-3>		<http://ids.clld.org/parameters/4-820>		<http://ids.clld.org/values/4-820-293-1>		"pɛk-"@ram	
"гІуьл"@bdk	<http://ids.clld.org/values/4-210-63-1>		<http://ids.clld.org/parameters/4-210>		<http://ids.clld.org/values/4-210-293-1>		"ii-tɔ"@ram	
"мише"@bdk	<http://ids.clld.org/values/1-410-63-1>		<http://ids.clld.org/parameters/1-410>		<http://ids.clld.org/values/1-410-293-1>		"lam-"@ram	
"сонзу"@bdk	<http://ids.clld.org/values/9-360-63-1>		<http://ids.clld.org/parameters/9-360>		<http://ids.clld.org/values/9-360-293-1>		"kuʔhõ"@ram	
"сонзу"@bdk	<http://ids.clld.org/values/9-360-63-1>		<http://ids.clld.org/parameters/9-360>		<http://ids.clld.org/values/9-360-293-3>		"kaʔhõ"@ram	
"кыл"@bdk	<http://ids.clld.org/values/4-350-63-1>		<http://ids.clld.org/parameters/4-350>		<http://ids.clld.org/values/4-350-293-1>		"ii-tɛ"@ram	
"зав"@bdk	<http://ids.clld.org/values/1-510-63-1>		<http://ids.clld.org/parameters/1-510>		<http://ids.clld.org/values/1-510-293-1>		"koykʰwa"@ram	
"цІыцІ"@bdk	<http://ids.clld.org/values/8-311-63-3>		<http://ids.clld.org/parameters/8-311>		<http://ids.clld.org/values/8-311-293-1>		"iʔ-hɨɨ (hɨ- ?)"@ram	
"чанахъ"@bdk	<http://ids.clld.org/values/4-160-63-3>		<http://ids.clld.org/parameters/4-160>		<http://ids.clld.org/values/4-160-293-1>		"-hi"@ram	
"саб"@bdk	<http://ids.clld.org/values/13-330-63-3>		<http://ids.clld.org/parameters/13-330>		<http://ids.clld.org/values/13-330-293-3>		"kamã"@ram	
"саб"@bdk	<http://ids.clld.org/values/13-330-63-3>		<http://ids.clld.org/parameters/13-330>		<http://ids.clld.org/values/13-330-293-1>		"pit"@ram	
"гардан"@bdk	<http://ids.clld.org/values/4-280-63-1>		<http://ids.clld.org/parameters/4-280>		<http://ids.clld.org/values/4-280-293-1>		"ii-put"@ram	
"йонджулугъ"@bdk	<http://ids.clld.org/values/12-110-63-3>		<http://ids.clld.org/parameters/12-110>		<http://ids.clld.org/values/12-110-293-1>		"-li-"@ram	
"къуьрзуь"@bdk	<http://ids.clld.org/values/12-212-63-3>		<http://ids.clld.org/parameters/12-212>		<http://ids.clld.org/values/12-212-293-1>		"pɨ"@ram	
"ментеш"@bdk	<http://ids.clld.org/values/5-610-63-3>		<http://ids.clld.org/parameters/5-610>		<http://ids.clld.org/values/5-610-293-1>		"hĩ"@ram	
"ментеш"@bdk	<http://ids.clld.org/values/5-610-63-3>		<http://ids.clld.org/parameters/5-610>		<http://ids.clld.org/values/5-610-293-3>		"yĩ"@ram	
"йай"@bdk	<http://ids.clld.org/values/20-240-63-1>		<http://ids.clld.org/parameters/20-240>		<http://ids.clld.org/values/20-240-293-1>		"kuuhe"@ram	
"саркьар"@bdk	<http://ids.clld.org/values/4-750-63-1>		<http://ids.clld.org/parameters/4-750>		<http://ids.clld.org/values/4-750-293-1>		"tɨɨ- (tɨ ?)"@ram	
"аттами йихьар"@bdk	<http://ids.clld.org/values/10-130-63-1>		<http://ids.clld.org/parameters/10-130>		<http://ids.clld.org/values/10-130-293-1>		"ayrɔ̃"@ram	
"вукь"@bdk	<http://ids.clld.org/values/8-520-63-1>		<http://ids.clld.org/parameters/8-520>		<http://ids.clld.org/values/8-520-293-1>		"po-"@ram	
"уд"@bdk	<http://ids.clld.org/values/2-930-63-3>		<http://ids.clld.org/parameters/2-930>		<http://ids.clld.org/values/2-930-293-1>		"tamə̃"@ram	
"балугъ"@bdk	<http://ids.clld.org/values/3-650-63-1>		<http://ids.clld.org/parameters/3-650>		<http://ids.clld.org/values/3-650-293-3>		"krən-"@ram	
"балугъ"@bdk	<http://ids.clld.org/values/3-650-63-1>		<http://ids.clld.org/parameters/3-650>		<http://ids.clld.org/values/3-650-293-1>		"tɛp"@ram	
"мез"@bdk	<http://ids.clld.org/values/4-260-63-1>		<http://ids.clld.org/parameters/4-260>		<http://ids.clld.org/values/4-260-293-1>		"-yõʔtɔ"@ram	
"хьад"@bdk	<http://ids.clld.org/values/1-310-63-1>		<http://ids.clld.org/parameters/1-310>		<http://ids.clld.org/values/1-310-293-1>		"ko"@ram	
"харапІ"@bdk	<http://ids.clld.org/values/16-720-63-3>		<http://ids.clld.org/parameters/16-720>		<http://ids.clld.org/values/16-720-293-1>		"iʔkʰɛn"@ram	
"ирхъи"@bdk	<http://ids.clld.org/values/15-510-63-1>		<http://ids.clld.org/parameters/15-510>		<http://ids.clld.org/values/15-510-293-1>		"-hõm-pu"@ram	
"ирхъи"@bdk	<http://ids.clld.org/values/15-510-63-1>		<http://ids.clld.org/parameters/15-510>		<http://ids.clld.org/values/15-510-293-3>		"pu-pun"@ram	
"дар"@bdk	<http://ids.clld.org/values/1-420-63-1>		<http://ids.clld.org/parameters/1-420>		<http://ids.clld.org/values/1-420-293-1>		"pĩĩ"@ram	
"хаб"@bdk	<http://ids.clld.org/values/4-310-63-3>		<http://ids.clld.org/parameters/4-310>		<http://ids.clld.org/values/4-310-293-1>		"pa"@ram	
"вихьи"@bdk	<http://ids.clld.org/values/10-470-63-1>		<http://ids.clld.org/parameters/10-470>		<http://ids.clld.org/values/10-470-293-1>		"mɔ̃"@ram	
"гІоротІу"@bdk	<http://ids.clld.org/values/9-211-63-1>		<http://ids.clld.org/parameters/9-211>		<http://ids.clld.org/values/9-211-293-1>		"twə"@ram	
"къалхъими йихьар"@bdk	<http://ids.clld.org/values/10-472-63-1>		<http://ids.clld.org/parameters/10-472>		<http://ids.clld.org/values/10-472-293-1>		"pi-"@ram	
"сугар"@bdk	<http://ids.clld.org/values/1-852-63-1>		<http://ids.clld.org/parameters/1-852>		<http://ids.clld.org/values/1-852-293-1>		"pok"@ram	
"гІабху"@bdk	<http://ids.clld.org/values/12-570-63-1>		<http://ids.clld.org/parameters/12-570>		<http://ids.clld.org/values/12-570-293-1>		"i-rɨɨ"@ram	
"гард"@bdk	<http://ids.clld.org/values/1-213-63-1>		<http://ids.clld.org/parameters/1-213>		<http://ids.clld.org/values/1-213-293-1>		"pye yakro"@ram	
"сиъи"@bdk	<http://ids.clld.org/values/9-110-63-1>		<http://ids.clld.org/parameters/9-110>		<http://ids.clld.org/values/9-110-293-1>		"tɔn"@ram	
"саб"@bdk	<http://ids.clld.org/values/13-10-63-3>		<http://ids.clld.org/parameters/13-10>		<http://ids.clld.org/values/13-10-293-1>		"pɨc̷it"@ram	
"марал"@bdk	<http://ids.clld.org/values/3-750-63-1>		<http://ids.clld.org/parameters/3-750>		<http://ids.clld.org/values/3-750-293-1>		"pɔ"@ram	
"марал"@bdk	<http://ids.clld.org/values/3-750-63-1>		<http://ids.clld.org/parameters/3-750>		<http://ids.clld.org/values/3-750-293-3>		"kaarə"@ram	
"къурагь"@bdk	<http://ids.clld.org/values/15-840-63-1>		<http://ids.clld.org/parameters/15-840>		<http://ids.clld.org/values/15-840-293-1>		"krə"@ram	
"къурагь"@bdk	<http://ids.clld.org/values/15-840-63-1>		<http://ids.clld.org/parameters/15-840>		<http://ids.clld.org/values/15-840-293-3>		"(kʰra ?)"@ram	
"йотур"@bdk	<http://ids.clld.org/values/4-463-63-1>		<http://ids.clld.org/parameters/4-463>		<http://ids.clld.org/values/4-463-293-1>		"hɔ̃"@ram	
"шир"@bdk	<http://ids.clld.org/values/9-880-63-1>		<http://ids.clld.org/parameters/9-880>		<http://ids.clld.org/values/9-880-293-1>		"kʰrɔr"@ram	
"чІер"@bdk	<http://ids.clld.org/values/4-140-63-1>		<http://ids.clld.org/parameters/4-140>		<http://ids.clld.org/values/4-140-293-1>		"ii-kʰĩ"@ram	
"кулак"@bdk	<http://ids.clld.org/values/1-720-63-1>		<http://ids.clld.org/parameters/1-720>		<http://ids.clld.org/values/1-720-293-1>		"kʰook"@ram	
"кІул"@bdk	<http://ids.clld.org/values/7-120-63-1>		<http://ids.clld.org/parameters/7-120>		<http://ids.clld.org/values/7-120-293-1>		"ii-kʰrɛ"@ram	
"архар"@bdk	<http://ids.clld.org/values/4-610-63-1>		<http://ids.clld.org/parameters/4-610>		<http://ids.clld.org/values/4-610-293-1>		"-ŋõr (ŋɔ̃r ?)"@ram	
"тапан"@bdk	<http://ids.clld.org/values/4-460-63-1>		<http://ids.clld.org/parameters/4-460>		<http://ids.clld.org/values/4-460-293-1>		"ii-tu"@ram	
"къанат"@bdk	<http://ids.clld.org/values/4-392-63-1>		<http://ids.clld.org/parameters/4-392>		<http://ids.clld.org/values/4-392-293-1>		"haaraa"@ram	
"къусхуд"@bdk	<http://ids.clld.org/values/5-970-63-1>		<http://ids.clld.org/parameters/5-970>		<http://ids.clld.org/values/5-970-293-1>		"in-krɛ"@ram	
"микІе"@bdk	<http://ids.clld.org/values/12-560-63-1>		<http://ids.clld.org/parameters/12-560>		<http://ids.clld.org/values/12-560-293-3>		"lɛ"@ram	
"микІе"@bdk	<http://ids.clld.org/values/12-560-63-1>		<http://ids.clld.org/parameters/12-560>		<http://ids.clld.org/values/12-560-293-1>		"ĩn-krirɛ"@ram	
"агъры"@bdk	<http://ids.clld.org/values/16-310-63-1>		<http://ids.clld.org/parameters/16-310>		<http://ids.clld.org/values/16-310-293-1>		"-c̷a-"@ram	
"агъры"@bdk	<http://ids.clld.org/values/16-310-63-1>		<http://ids.clld.org/parameters/16-310>		<http://ids.clld.org/values/16-310-293-3>		"ha- (?)"@ram	
"кьызылбалугъ"@bdk	<http://ids.clld.org/values/3-650-63-5>		<http://ids.clld.org/parameters/3-650>		<http://ids.clld.org/values/3-650-293-3>		"krən-"@ram	
"кьызылбалугъ"@bdk	<http://ids.clld.org/values/3-650-63-5>		<http://ids.clld.org/parameters/3-650>		<http://ids.clld.org/values/3-650-293-1>		"tɛp"@ram	
"вын"@bdk	<http://ids.clld.org/values/2-920-63-1>		<http://ids.clld.org/parameters/2-920>		<http://ids.clld.org/values/2-920-293-1>		"ka"@ram	
"папугай"@bdk	<http://ids.clld.org/values/3-592-63-1>		<http://ids.clld.org/parameters/3-592>		<http://ids.clld.org/values/3-592-293-1>		"krɨy-ti"@ram	
"меймун"@bdk	<http://ids.clld.org/values/3-760-63-1>		<http://ids.clld.org/parameters/3-760>		<http://ids.clld.org/values/3-760-293-1>		"kukʰoy"@ram	
"гыл"@bdk	<http://ids.clld.org/values/8-570-63-1>		<http://ids.clld.org/parameters/8-570>		<http://ids.clld.org/values/8-570-293-1>		"ii-rə̃"@ram	
"тІартІа"@bdk	<http://ids.clld.org/values/3-610-63-3>		<http://ids.clld.org/parameters/3-610>		<http://ids.clld.org/values/3-610-293-1>		"rɔp"@ram	
"фейи"@bdk	<http://ids.clld.org/values/15-850-63-1>		<http://ids.clld.org/parameters/15-850>		<http://ids.clld.org/values/15-850-293-1>		"kakrɔ"@ram	
"сул (йан"@bdk	<http://ids.clld.org/values/12-420-63-1>		<http://ids.clld.org/parameters/12-420>		<http://ids.clld.org/values/12-420-293-1>		"aw-kʰɛ"@ram	
"гІатхалу"@bdk	<http://ids.clld.org/values/15-860-63-1>		<http://ids.clld.org/parameters/15-860>		<http://ids.clld.org/values/15-860-293-1>		"kʰrɨ"@ram	
"сил"@bdk	<http://ids.clld.org/values/4-270-63-1>		<http://ids.clld.org/parameters/4-270>		<http://ids.clld.org/values/4-270-293-1>		"ii-c̷wa"@ram	
"кІына"@bdk	<http://ids.clld.org/values/1-430-63-1>		<http://ids.clld.org/parameters/1-430>		<http://ids.clld.org/values/1-430-293-1>		"pĩ"@ram	
"йудженджидж"@bdk	<http://ids.clld.org/values/14-420-63-1>		<http://ids.clld.org/parameters/14-420>		<http://ids.clld.org/values/14-420-293-1>		"kac̷wa"@ram	
"шуб"@bdk	<http://ids.clld.org/values/13-30-63-3>		<http://ids.clld.org/parameters/13-30>		<http://ids.clld.org/values/13-30-293-1>		"ɨnkre-"@ram	
"йараса"@bdk	<http://ids.clld.org/values/3-591-63-1>		<http://ids.clld.org/parameters/3-591>		<http://ids.clld.org/values/3-591-293-1>		"c̷ɛprɛ"@ram	
"ник"@bdk	<http://ids.clld.org/values/8-120-63-1>		<http://ids.clld.org/parameters/8-120>		<http://ids.clld.org/values/8-120-293-1>		"pur"@ram	
