"-kyexeʔ ~ -c̷yexeʔ (m.)"@crt	<http://ids.clld.org/values/20-250-304-1>		<http://ids.clld.org/parameters/20-250>		<http://ids.clld.org/values/20-250-295-1>		"wɨhɨ"@kpj	
"tic̷oyin"@crt	<http://ids.clld.org/values/8-941-304-1>		<http://ids.clld.org/parameters/8-941>		<http://ids.clld.org/values/8-941-295-1>		"maiti"@kpj	
"ixyetiʔ"@crt	<http://ids.clld.org/values/16-660-304-1>		<http://ids.clld.org/parameters/16-660>		<http://ids.clld.org/values/16-660-295-1>		"inatɨhɨ"@kpj	
"kyale"@crt	<http://ids.clld.org/values/2-270-304-1>		<http://ids.clld.org/parameters/2-270>		<http://ids.clld.org/values/2-270-295-1>		"uladu"@kpj	
"-xlanee"@crt	<http://ids.clld.org/values/1-860-304-3>		<http://ids.clld.org/parameters/1-860>		<http://ids.clld.org/values/1-860-295-1>		"woro"@kpj	
"-fʷes (f.)"@crt	<http://ids.clld.org/values/4-392-304-1>		<http://ids.clld.org/parameters/4-392>		<http://ids.clld.org/values/4-392-295-1>		"deratɨti"@kpj	
"kixil"@crt	<http://ids.clld.org/values/2-461-304-1>		<http://ids.clld.org/parameters/2-461>		<http://ids.clld.org/values/2-461-295-1>		"nɨrɨ̃"@kpj	
"-tox ~ -tyux"@crt	<http://ids.clld.org/values/5-110-304-3>		<http://ids.clld.org/parameters/5-110>		<http://ids.clld.org/values/5-110-295-7>		"-kɨ-"@kpj	
"-tox ~ -tyux"@crt	<http://ids.clld.org/values/5-110-304-3>		<http://ids.clld.org/parameters/5-110>		<http://ids.clld.org/values/5-110-295-3>		"iɔwe"@kpj	
"-tox ~ -tyux"@crt	<http://ids.clld.org/values/5-110-304-3>		<http://ids.clld.org/parameters/5-110>		<http://ids.clld.org/values/5-110-295-5>		"roši"@kpj	
"-tox ~ -tyux"@crt	<http://ids.clld.org/values/5-110-304-3>		<http://ids.clld.org/parameters/5-110>		<http://ids.clld.org/values/5-110-295-1>		"ɨ"@kpj	
"tewak (m.)"@crt	<http://ids.clld.org/values/1-360-304-1>		<http://ids.clld.org/parameters/1-360>		<http://ids.clld.org/values/1-360-295-3>		"əsetere"@kpj	
"tewak (m.)"@crt	<http://ids.clld.org/values/1-360-304-1>		<http://ids.clld.org/parameters/1-360>		<http://ids.clld.org/values/1-360-295-5>		"teɨ"@kpj	
"tewak (m.)"@crt	<http://ids.clld.org/values/1-360-304-1>		<http://ids.clld.org/parameters/1-360>		<http://ids.clld.org/values/1-360-295-1>		"be-ro"@kpj	
"keoy"@crt	<http://ids.clld.org/values/8-910-304-1>		<http://ids.clld.org/parameters/8-910>		<http://ids.clld.org/values/8-910-295-1>		"ɔteroti"@kpj	
"-liixi"@crt	<http://ids.clld.org/values/15-770-304-1>		<http://ids.clld.org/parameters/15-770>		<http://ids.clld.org/values/15-770-295-1>		"tɨtɨ"@kpj	
"kates (f.)"@crt	<http://ids.clld.org/values/1-540-304-1>		<http://ids.clld.org/parameters/1-540>		<http://ids.clld.org/values/1-540-295-1>		"taina"@kpj	
"owen ~ -towen"@crt	<http://ids.clld.org/values/10-460-304-1>		<http://ids.clld.org/parameters/10-460>		<http://ids.clld.org/values/10-460-295-1>		"iǰəra"@kpj	
"-xles ~ -xlis (m.)"@crt	<http://ids.clld.org/values/4-162-304-1>		<http://ids.clld.org/parameters/4-162>		<http://ids.clld.org/values/4-162-295-1>		"wiči"@kpj	
"kyepis"@crt	<http://ids.clld.org/values/12-560-304-5>		<http://ids.clld.org/parameters/12-560>		<http://ids.clld.org/values/12-560-295-1>		"iɨǰa"@kpj	
"kyepis"@crt	<http://ids.clld.org/values/12-560-304-5>		<http://ids.clld.org/parameters/12-560>		<http://ids.clld.org/values/12-560-295-3>		"i-ɨla"@kpj	
"kyepis"@crt	<http://ids.clld.org/values/12-560-304-5>		<http://ids.clld.org/parameters/12-560>		<http://ids.clld.org/values/12-560-295-5>		"səmo"@kpj	
"y-em-el ~ s-am-el"@crt	<http://ids.clld.org/values/2-941-304-1>		<http://ids.clld.org/parameters/2-941>		<http://ids.clld.org/values/2-941-295-1>		"inɨ"@kpj	
"taas"@crt	<http://ids.clld.org/values/5-260-304-1>		<http://ids.clld.org/parameters/5-260>		<http://ids.clld.org/values/5-260-295-1>		"buči"@kpj	
"ayewu"@crt	<http://ids.clld.org/values/22-430-304-1>		<http://ids.clld.org/parameters/22-430>		<http://ids.clld.org/values/22-430-295-1>		"həri"@kpj	
"toxsa"@crt	<http://ids.clld.org/values/1-830-304-1>		<http://ids.clld.org/parameters/1-830>		<http://ids.clld.org/values/1-830-295-1>		"ɔti"@kpj	
"xee"@crt	<http://ids.clld.org/values/17-560-304-1>		<http://ids.clld.org/parameters/17-560>		<http://ids.clld.org/values/17-560-295-1>		"aõkõ"@kpj	
"-wac̷o"@crt	<http://ids.clld.org/values/15-680-304-1>		<http://ids.clld.org/parameters/15-680>		<http://ids.clld.org/values/15-680-295-1>		"lɨ̃re"@kpj	
"-wac̷o"@crt	<http://ids.clld.org/values/15-680-304-1>		<http://ids.clld.org/parameters/15-680>		<http://ids.clld.org/values/15-680-295-3>		"tɨ̃re"@kpj	
"-paxsa"@crt	<http://ids.clld.org/values/14-210-304-3>		<http://ids.clld.org/parameters/14-210>		<http://ids.clld.org/values/14-210-295-1>		"wɨ"@kpj	
"ayikyamexey ~ -eyikyamexey"@crt	<http://ids.clld.org/values/16-770-304-1>		<http://ids.clld.org/parameters/16-770>		<http://ids.clld.org/values/16-770-295-1>		"eɔsa"@kpj	
"nestiki"@crt	<http://ids.clld.org/values/12-920-304-1>		<http://ids.clld.org/parameters/12-920>		<http://ids.clld.org/values/12-920-295-1>		"wəse"@kpj	
"-as"@crt	<http://ids.clld.org/values/2-410-304-1>		<http://ids.clld.org/parameters/2-410>		<http://ids.clld.org/values/2-410-295-1>		"dəə"@kpj	
"kilay"@crt	<http://ids.clld.org/values/1-520-304-1>		<http://ids.clld.org/parameters/1-520>		<http://ids.clld.org/values/1-520-295-1>		"čuu"@kpj	
"meme"@crt	<http://ids.clld.org/values/2-360-304-3>		<http://ids.clld.org/parameters/2-360>		<http://ids.clld.org/values/2-360-295-1>		"adi"@kpj	
"meme"@crt	<http://ids.clld.org/values/2-360-304-3>		<http://ids.clld.org/parameters/2-360>		<http://ids.clld.org/values/2-360-295-5>		"ise"@kpj	
"meme"@crt	<http://ids.clld.org/values/2-360-304-3>		<http://ids.clld.org/parameters/2-360>		<http://ids.clld.org/values/2-360-295-3>		"tadi"@kpj	
"-fʷayi"@crt	<http://ids.clld.org/values/2-330-304-1>		<http://ids.clld.org/parameters/2-330>		<http://ids.clld.org/values/2-330-295-1>		"heri"@kpj	
"-tawili"@crt	<http://ids.clld.org/values/18-170-304-1>		<http://ids.clld.org/parameters/18-170>		<http://ids.clld.org/values/18-170-295-1>		"iǰɔsiwi"@kpj	
"kiti-tok"@crt	<http://ids.clld.org/values/8-931-304-1>		<http://ids.clld.org/parameters/8-931>		<http://ids.clld.org/values/8-931-295-1>		"tɔera"@kpj	
"niyek (f.)"@crt	<http://ids.clld.org/values/9-190-304-1>		<http://ids.clld.org/parameters/9-190>		<http://ids.clld.org/values/9-190-295-3>		"lɔɨsana (?)"@kpj	
"niyek (f.)"@crt	<http://ids.clld.org/values/9-190-304-1>		<http://ids.clld.org/parameters/9-190>		<http://ids.clld.org/values/9-190-295-1>		"reroti"@kpj	
"xupi-tok"@crt	<http://ids.clld.org/values/8-480-304-1>		<http://ids.clld.org/parameters/8-480>		<http://ids.clld.org/values/8-480-295-1>		"maišəmo"@kpj	
"-ek"@crt	<http://ids.clld.org/values/10-490-304-1>		<http://ids.clld.org/parameters/10-490>		<http://ids.clld.org/values/10-490-295-1>		"iri"@kpj	
"-ek"@crt	<http://ids.clld.org/values/10-490-304-1>		<http://ids.clld.org/parameters/10-490>		<http://ids.clld.org/values/10-490-295-3>		"ɔhɔ-nɨ"@kpj	
"-waxsan"@crt	<http://ids.clld.org/values/4-740-304-1>		<http://ids.clld.org/parameters/4-740>		<http://ids.clld.org/values/4-740-295-1>		"iru"@kpj	
"-taxloxli"@crt	<http://ids.clld.org/values/15-880-304-1>		<http://ids.clld.org/parameters/15-880>		<http://ids.clld.org/values/15-880-295-1>		"isuisu"@kpj	
"inyoʔ"@crt	<http://ids.clld.org/values/2-100-304-1>		<http://ids.clld.org/parameters/2-100>		<http://ids.clld.org/values/2-100-295-1>		"inɨ"@kpj	
"axlinityam ~ -talinityam"@crt	<http://ids.clld.org/values/12-240-304-1>		<http://ids.clld.org/parameters/12-240>		<http://ids.clld.org/values/12-240-295-1>		"iǰɔ"@kpj	
"isye"@crt	<http://ids.clld.org/values/1-215-304-1>		<http://ids.clld.org/parameters/1-215>		<http://ids.clld.org/values/1-215-295-1>		"ɨ̃nɨra"@kpj	
"alaʔ"@crt	<http://ids.clld.org/values/1-420-304-1>		<http://ids.clld.org/parameters/1-420>		<http://ids.clld.org/values/1-420-295-1>		"ɔwɔru"@kpj	
"maleweʔ (m.)"@crt	<http://ids.clld.org/values/3-832-304-1>		<http://ids.clld.org/parameters/3-832>		<http://ids.clld.org/values/3-832-295-1>		"mərõra"@kpj	
"maleweʔ (m.)"@crt	<http://ids.clld.org/values/3-832-304-1>		<http://ids.clld.org/parameters/3-832>		<http://ids.clld.org/values/3-832-295-3>		"mɨrõra"@kpj	
"-sayixi ~ -syeyixi"@crt	<http://ids.clld.org/values/9-350-304-1>		<http://ids.clld.org/parameters/9-350>		<http://ids.clld.org/values/9-350-295-1>		"ǰušu"@kpj	
"-axseʔ"@crt	<http://ids.clld.org/values/2-420-304-1>		<http://ids.clld.org/parameters/2-420>		<http://ids.clld.org/values/2-420-295-1>		"deei"@kpj	
"l-am"@crt	<http://ids.clld.org/values/2-930-304-1>		<http://ids.clld.org/parameters/2-930>		<http://ids.clld.org/values/2-930-295-1>		"tii"@kpj	
"atixiʔ"@crt	<http://ids.clld.org/values/16-310-304-1>		<http://ids.clld.org/parameters/16-310>		<http://ids.clld.org/values/16-310-295-1>		"sa"@kpj	
"[wakye]"@crt	<http://ids.clld.org/values/3-230-304-1>		<http://ids.clld.org/parameters/3-230>		<http://ids.clld.org/values/3-230-295-1>		"broreni"@kpj	
"yuyi"@crt	<http://ids.clld.org/values/15-860-304-1>		<http://ids.clld.org/parameters/15-860>		<http://ids.clld.org/values/15-860-295-1>		"čutɨtɨ"@kpj	
"lasa"@crt	<http://ids.clld.org/values/15-670-304-1>		<http://ids.clld.org/parameters/15-670>		<http://ids.clld.org/values/15-670-295-1>		"lɨ̃re"@kpj	
"lasa"@crt	<http://ids.clld.org/values/15-670-304-1>		<http://ids.clld.org/parameters/15-670>		<http://ids.clld.org/values/15-670-295-3>		"tɨ̃re"@kpj	
"-kyuwa ~ -syuwa"@crt	<http://ids.clld.org/values/15-420-304-1>		<http://ids.clld.org/parameters/15-420>		<http://ids.clld.org/values/15-420-295-1>		"hokuǰa"@kpj	
"amtey"@crt	<http://ids.clld.org/values/18-210-304-1>		<http://ids.clld.org/parameters/18-210>		<http://ids.clld.org/values/18-210-295-1>		"arɨbe"@kpj	
"-lanit ~ -lyenit"@crt	<http://ids.clld.org/values/9-160-304-1>		<http://ids.clld.org/parameters/9-160>		<http://ids.clld.org/values/9-160-295-1>		"tɨ̃te-nɨ"@kpj	
"atelyiʔ ~ -etelyiʔ"@crt	<http://ids.clld.org/values/6-350-304-1>		<http://ids.clld.org/parameters/6-350>		<http://ids.clld.org/values/6-350-295-1>		"oretɨ"@kpj	
"-paxsat ~ -pyesat (m.)"@crt	<http://ids.clld.org/values/4-250-304-1>		<http://ids.clld.org/parameters/4-250>		<http://ids.clld.org/values/4-250-295-1>		"iǰeti"@kpj	
"-wul ~ -yul"@crt	<http://ids.clld.org/values/10-471-304-1>		<http://ids.clld.org/parameters/10-471>		<http://ids.clld.org/values/10-471-295-1>		"aõwõnɨ"@kpj	
"-nas"@crt	<http://ids.clld.org/values/10-550-304-1>		<http://ids.clld.org/parameters/10-550>		<http://ids.clld.org/values/10-550-295-1>		"hemɨnɨ"@kpj	
"-fʷopoʔ ~ -xyopoʔ (f.)"@crt	<http://ids.clld.org/values/4-310-304-1>		<http://ids.clld.org/parameters/4-310>		<http://ids.clld.org/values/4-310-295-1>		"ašiɔ"@kpj	
"taxlat (m.)"@crt	<http://ids.clld.org/values/1-840-304-1>		<http://ids.clld.org/parameters/1-840>		<http://ids.clld.org/values/1-840-295-1>		"brɨbɨ"@kpj	
"-ye"@crt	<http://ids.clld.org/values/5-130-304-1>		<http://ids.clld.org/parameters/5-130>		<http://ids.clld.org/values/5-130-295-1>		"-õ-"@kpj	
"-fʷanniʔ ~ -fʷyenniʔ"@crt	<http://ids.clld.org/values/13-330-304-1>		<http://ids.clld.org/parameters/13-330>		<http://ids.clld.org/values/13-330-295-1>		"urile"@kpj	
"-xetek-xikyeʔ (f.)"@crt	<http://ids.clld.org/values/6-910-304-1>		<http://ids.clld.org/parameters/6-910>		<http://ids.clld.org/values/6-910-295-1>		"sihɔ-nɨ"@kpj	
"-fʷen"@crt	<http://ids.clld.org/values/18-170-304-3>		<http://ids.clld.org/parameters/18-170>		<http://ids.clld.org/values/18-170-295-1>		"iǰɔsiwi"@kpj	
"tapowe"@crt	<http://ids.clld.org/values/13-210-304-1>		<http://ids.clld.org/parameters/13-210>		<http://ids.clld.org/values/13-210-295-1>		"hɨdɨnɨ"@kpj	
"tapowe"@crt	<http://ids.clld.org/values/13-210-304-1>		<http://ids.clld.org/parameters/13-210>		<http://ids.clld.org/values/13-210-295-3>		"tɨ̃ši"@kpj	
"kyexkatayiʔ"@crt	<http://ids.clld.org/values/14-310-304-1>		<http://ids.clld.org/parameters/14-310>		<http://ids.clld.org/values/14-310-295-1>		"urena"@kpj	
"-eyne ~ -ine ~ -wane"@crt	<http://ids.clld.org/values/7-110-304-1>		<http://ids.clld.org/parameters/7-110>		<http://ids.clld.org/values/7-110-295-1>		"isɨ̃"@kpj	
"-kosletikiʔ ~ -kyusletikiʔ"@crt	<http://ids.clld.org/values/4-360-304-1>		<http://ids.clld.org/parameters/4-360>		<http://ids.clld.org/values/4-360-295-1>		"(?) (d?i-)ɔho"@kpj	
"-lan ~ -lyen"@crt	<http://ids.clld.org/values/4-760-304-1>		<http://ids.clld.org/parameters/4-760>		<http://ids.clld.org/values/4-760-295-1>		"rəbu"@kpj	
"-pen ~ pin"@crt	<http://ids.clld.org/values/5-210-304-3>		<http://ids.clld.org/parameters/5-210>		<http://ids.clld.org/values/5-210-295-3>		"idere"@kpj	
"-pen ~ pin"@crt	<http://ids.clld.org/values/5-210-304-3>		<http://ids.clld.org/parameters/5-210>		<http://ids.clld.org/values/5-210-295-1>		"hera"@kpj	
"yoteyin"@crt	<http://ids.clld.org/values/17-690-304-1>		<http://ids.clld.org/parameters/17-690>		<http://ids.clld.org/values/17-690-295-1>		"aõherekiwe"@kpj	
"-xnatowo ~ -xnyetowo"@crt	<http://ids.clld.org/values/4-230-304-1>		<http://ids.clld.org/parameters/4-230>		<http://ids.clld.org/values/4-230-295-1>		"deiãsɨ̃"@kpj	
"tikyeʔen"@crt	<http://ids.clld.org/values/4-853-304-1>		<http://ids.clld.org/parameters/4-853>		<http://ids.clld.org/values/4-853-295-1>		"atarinɨ"@kpj	
"apeʔen ~ -epeʔen"@crt	<http://ids.clld.org/values/16-340-304-1>		<http://ids.clld.org/parameters/16-340>		<http://ids.clld.org/values/16-340-295-1>		"wotɔe-nɨ"@kpj	
"-yesikiʔ (f.)"@crt	<http://ids.clld.org/values/4-340-304-1>		<http://ids.clld.org/parameters/4-340>		<http://ids.clld.org/values/4-340-295-1>		"debɔ"@kpj	
"pawlic̷iʔ"@crt	<http://ids.clld.org/values/13-40-304-1>		<http://ids.clld.org/parameters/13-40>		<http://ids.clld.org/values/13-40-295-1>		"inaubiɔwa"@kpj	
"asaʔa"@crt	<http://ids.clld.org/values/13-150-304-3>		<http://ids.clld.org/parameters/13-150>		<http://ids.clld.org/values/13-150-295-1>		"sõwe"@kpj	
"xuppa"@crt	<http://ids.clld.org/values/3-850-304-1>		<http://ids.clld.org/parameters/3-850>		<http://ids.clld.org/values/3-850-295-1>		"hemɨlala"@kpj	
"asyela-kiʔ"@crt	<http://ids.clld.org/values/2-760-304-1>		<http://ids.clld.org/parameters/2-760>		<http://ids.clld.org/values/2-760-295-1>		"wɨtese"@kpj	
"ixnisa-tok"@crt	<http://ids.clld.org/values/3-350-304-1>		<http://ids.clld.org/parameters/3-350>		<http://ids.clld.org/values/3-350-295-1>		"išɨ̃"@kpj	
"-tofʷaniti ~ -tyufʷaniti"@crt	<http://ids.clld.org/values/1-860-304-1>		<http://ids.clld.org/parameters/1-860>		<http://ids.clld.org/values/1-860-295-1>		"woro"@kpj	
"-es ~ -se"@crt	<http://ids.clld.org/values/16-710-304-1>		<http://ids.clld.org/parameters/16-710>		<http://ids.clld.org/values/16-710-295-1>		"awi"@kpj	
"tifʷeladyosey"@crt	<http://ids.clld.org/values/22-150-304-1>		<http://ids.clld.org/parameters/22-150>		<http://ids.clld.org/values/22-150-295-1>		"šiwe"@kpj	
"-wo kiwac̷exa ~ -yo kiwac̷exa"@crt	<http://ids.clld.org/values/16-670-304-1>		<http://ids.clld.org/parameters/16-670>		<http://ids.clld.org/values/16-670-295-1>		"rui"@kpj	
"-ey ~ -i (m.)"@crt	<http://ids.clld.org/values/18-280-304-1>		<http://ids.clld.org/parameters/18-280>		<http://ids.clld.org/values/18-280-295-1>		"ni"@kpj	
"-kipanek"@crt	<http://ids.clld.org/values/20-470-304-1>		<http://ids.clld.org/parameters/20-470>		<http://ids.clld.org/values/20-470-295-1>		"weču"@kpj	
"axwuʔ"@crt	<http://ids.clld.org/values/2-220-304-1>		<http://ids.clld.org/parameters/2-220>		<http://ids.clld.org/values/2-220-295-1>		"hãwɨɨ"@kpj	
"xa-tofʷe"@crt	<http://ids.clld.org/values/12-430-304-1>		<http://ids.clld.org/parameters/12-430>		<http://ids.clld.org/values/12-430-295-1>		"ɔtitɨ"@kpj	
"-kixmen ~ -sixmen"@crt	<http://ids.clld.org/values/9-120-304-1>		<http://ids.clld.org/parameters/9-120>		<http://ids.clld.org/values/9-120-295-1>		"aõmɨsɨ̃dəɨ̃"@kpj	
"walaatenafʷom"@crt	<http://ids.clld.org/values/12-750-304-1>		<http://ids.clld.org/parameters/12-750>		<http://ids.clld.org/values/12-750-295-1>		"waši (?)"@kpj	
"kilyeni"@crt	<http://ids.clld.org/values/3-750-304-1>		<http://ids.clld.org/parameters/3-750>		<http://ids.clld.org/values/3-750-295-1>		"brɔre"@kpj	
"-wesiʔ"@crt	<http://ids.clld.org/values/20-610-304-1>		<http://ids.clld.org/parameters/20-610>		<http://ids.clld.org/values/20-610-295-1>		"riu"@kpj	
"-kyoy ~ -syoy (f.)"@crt	<http://ids.clld.org/values/4-330-304-1>		<http://ids.clld.org/parameters/4-330>		<http://ids.clld.org/values/4-330-295-1>		"debɔ"@kpj	
"-kyoy ~ -syoy (f.)"@crt	<http://ids.clld.org/values/4-330-304-1>		<http://ids.clld.org/parameters/4-330>		<http://ids.clld.org/values/4-330-295-3>		"tebɔ"@kpj	
"-tateʔ (f.)"@crt	<http://ids.clld.org/values/4-210-304-1>		<http://ids.clld.org/parameters/4-210>		<http://ids.clld.org/values/4-210-295-1>		"rue"@kpj	
"-eyi"@crt	<http://ids.clld.org/values/2-470-304-1>		<http://ids.clld.org/parameters/2-470>		<http://ids.clld.org/values/2-470-295-1>		"lahi"@kpj	
"fʷex (f.)"@crt	<http://ids.clld.org/values/1-230-304-1>		<http://ids.clld.org/parameters/1-230>		<http://ids.clld.org/values/1-230-295-1>		"bədero"@kpj	
"apetyofʷiʔ"@crt	<http://ids.clld.org/values/12-670-304-1>		<http://ids.clld.org/parameters/12-670>		<http://ids.clld.org/values/12-670-295-1>		"weluu"@kpj	
"axnat -wayc̷ilat"@crt	<http://ids.clld.org/values/8-150-304-1>		<http://ids.clld.org/parameters/8-150>		<http://ids.clld.org/values/8-150-295-1>		"oworu"@kpj	
"-pilusa"@crt	<http://ids.clld.org/values/11-520-304-1>		<http://ids.clld.org/parameters/11-520>		<http://ids.clld.org/values/11-520-295-1>		"urimɨnodu"@kpj	
"wataxnata (m.)"@crt	<http://ids.clld.org/values/21-520-304-1>		<http://ids.clld.org/parameters/21-520>		<http://ids.clld.org/values/21-520-295-1>		"wasi-du"@kpj	
"axap ~ -exep"@crt	<http://ids.clld.org/values/4-912-304-1>		<http://ids.clld.org/parameters/4-912>		<http://ids.clld.org/values/4-912-295-1>		"elehɨnɨ"@kpj	
"iwoʔ"@crt	<http://ids.clld.org/values/17-550-304-1>		<http://ids.clld.org/parameters/17-550>		<http://ids.clld.org/values/17-550-295-3>		"kohe"@kpj	
"iwoʔ"@crt	<http://ids.clld.org/values/17-550-304-1>		<http://ids.clld.org/parameters/17-550>		<http://ids.clld.org/values/17-550-295-1>		"hɨ̃de"@kpj	
"-xokinek ~ -xukinek (f.)"@crt	<http://ids.clld.org/values/18-610-304-1>		<http://ids.clld.org/parameters/18-610>		<http://ids.clld.org/values/18-610-295-1>		"tɨɨrəti"@kpj	
"-wen ~ -win"@crt	<http://ids.clld.org/values/15-510-304-1>		<http://ids.clld.org/parameters/15-510>		<http://ids.clld.org/values/15-510-295-1>		"ičere"@kpj	
"-wen ~ -win"@crt	<http://ids.clld.org/values/15-510-304-1>		<http://ids.clld.org/parameters/15-510>		<http://ids.clld.org/values/15-510-295-3>		"obi"@kpj	
"etitin ~ -ititin"@crt	<http://ids.clld.org/values/13-107-304-1>		<http://ids.clld.org/parameters/13-107>		<http://ids.clld.org/values/13-107-295-1>		"aria"@kpj	
"linaʔ"@crt	<http://ids.clld.org/values/1-410-304-1>		<http://ids.clld.org/parameters/1-410>		<http://ids.clld.org/values/1-410-295-1>		"bədiu"@kpj	
"-fʷaʔ"@crt	<http://ids.clld.org/values/4-670-304-1>		<http://ids.clld.org/parameters/4-670>		<http://ids.clld.org/values/4-670-295-1>		"rora ['visit' ?]"@kpj	
"kilay-sip"@crt	<http://ids.clld.org/values/14-760-304-1>		<http://ids.clld.org/parameters/14-760>		<http://ids.clld.org/values/14-760-295-1>		"wɨra"@kpj	
"toxsinye-tok (f.)"@crt	<http://ids.clld.org/values/5-390-304-1>		<http://ids.clld.org/parameters/5-390>		<http://ids.clld.org/values/5-390-295-1>		"tesewa"@kpj	
"lawaa"@crt	<http://ids.clld.org/values/12-60-304-1>		<http://ids.clld.org/parameters/12-60>		<http://ids.clld.org/values/12-60-295-1>		"ahana"@kpj	
"-wen-kixnam ~ -win-kinam"@crt	<http://ids.clld.org/values/15-550-304-1>		<http://ids.clld.org/parameters/15-550>		<http://ids.clld.org/values/15-550-295-1>		"teɔsi-nɨ"@kpj	
"-kosin"@crt	<http://ids.clld.org/values/10-410-304-1>		<http://ids.clld.org/parameters/10-410>		<http://ids.clld.org/values/10-410-295-1>		"tira-nɨ"@kpj	
"lam -wowexey ~ lam -yowexey"@crt	<http://ids.clld.org/values/16-680-304-1>		<http://ids.clld.org/parameters/16-680>		<http://ids.clld.org/values/16-680-295-1>		"ɔwari"@kpj	
"ifʷyenni"@crt	<http://ids.clld.org/values/13-10-304-1>		<http://ids.clld.org/parameters/13-10>		<http://ids.clld.org/values/13-10-295-1>		"sohoǰi"@kpj	
"-tofʷe"@crt	<http://ids.clld.org/values/12-440-304-1>		<http://ids.clld.org/parameters/12-440>		<http://ids.clld.org/values/12-440-295-1>		"irehe"@kpj	
"-lam"@crt	<http://ids.clld.org/values/12-420-304-1>		<http://ids.clld.org/parameters/12-420>		<http://ids.clld.org/values/12-420-295-1>		"hɨwe-rəbi"@kpj	
"ates"@crt	<http://ids.clld.org/values/5-820-304-1>		<http://ids.clld.org/parameters/5-820>		<http://ids.clld.org/values/5-820-295-1>		"ašiwera"@kpj	
"-fʷes (m.)"@crt	<http://ids.clld.org/values/4-110-304-1>		<http://ids.clld.org/parameters/4-110>		<http://ids.clld.org/values/4-110-295-1>		"umɨ"@kpj	
"-kyuteʔ ~ -syuteʔ"@crt	<http://ids.clld.org/values/11-320-304-1>		<http://ids.clld.org/parameters/11-320>		<http://ids.clld.org/values/11-320-295-1>		"ha"@kpj	
"-kimiyin ~ -simiyin (?)"@crt	<http://ids.clld.org/values/12-210-304-1>		<http://ids.clld.org/parameters/12-210>		<http://ids.clld.org/values/12-210-295-1>		"botunɨ"@kpj	
"-toxseyc̷iin (?)"@crt	<http://ids.clld.org/values/14-252-304-1>		<http://ids.clld.org/parameters/14-252>		<http://ids.clld.org/values/14-252-295-1>		"tere"@kpj	
"-ax ~ -ex"@crt	<http://ids.clld.org/values/4-120-304-1>		<http://ids.clld.org/parameters/4-120>		<http://ids.clld.org/values/4-120-295-1>		"tɨ"@kpj	
"wux"@crt	<http://ids.clld.org/values/12-550-304-1>		<http://ids.clld.org/parameters/12-550>		<http://ids.clld.org/values/12-550-295-1>		"təbɨhɨkɨ̃"@kpj	
"talok"@crt	<http://ids.clld.org/values/4-970-304-1>		<http://ids.clld.org/parameters/4-970>		<http://ids.clld.org/values/4-970-295-1>		"tə"@kpj	
"kyeʔla"@crt	<http://ids.clld.org/values/3-960-304-1>		<http://ids.clld.org/parameters/3-960>		<http://ids.clld.org/values/3-960-295-1>		"iǰare"@kpj	
"exekye ot-ey"@crt	<http://ids.clld.org/values/11-830-304-1>		<http://ids.clld.org/parameters/11-830>		<http://ids.clld.org/values/11-830-295-1>		"ibɨnɨ"@kpj	
"eyetawexey"@crt	<http://ids.clld.org/values/17-470-304-1>		<http://ids.clld.org/parameters/17-470>		<http://ids.clld.org/values/17-470-295-1>		"sira-nɨ"@kpj	
"eleʔ"@crt	<http://ids.clld.org/values/3-592-304-1>		<http://ids.clld.org/parameters/3-592>		<http://ids.clld.org/values/3-592-295-1>		"dɔre"@kpj	
"-fʷac̷uxnen ~ -fʷyec̷uxnen"@crt	<http://ids.clld.org/values/4-560-304-1>		<http://ids.clld.org/parameters/4-560>		<http://ids.clld.org/values/4-560-295-3>		"dɔrɔtɔiǰera"@kpj	
"-fʷac̷uxnen ~ -fʷyec̷uxnen"@crt	<http://ids.clld.org/values/4-560-304-1>		<http://ids.clld.org/parameters/4-560>		<http://ids.clld.org/values/4-560-295-1>		"rɨ-beši"@kpj	
"-fʷeluʔ ~ -fʷiluʔ"@crt	<http://ids.clld.org/values/2-630-304-1>		<http://ids.clld.org/parameters/2-630>		<http://ids.clld.org/values/2-630-295-1>		"raləbɨ"@kpj	
"-palaʔ (f.)"@crt	<http://ids.clld.org/values/6-740-304-1>		<http://ids.clld.org/parameters/6-740>		<http://ids.clld.org/values/6-740-295-1>		"deši"@kpj	
"xe tosey"@crt	<http://ids.clld.org/values/15-750-304-1>		<http://ids.clld.org/parameters/15-750>		<http://ids.clld.org/values/15-750-295-1>		"aašinɨ"@kpj	
"toxsa-ta"@crt	<http://ids.clld.org/values/1-740-304-1>		<http://ids.clld.org/parameters/1-740>		<http://ids.clld.org/values/1-740-295-1>		"nonoe"@kpj	
"yek"@crt	<http://ids.clld.org/values/2-251-304-1>		<http://ids.clld.org/parameters/2-251>		<http://ids.clld.org/values/2-251-295-1>		"werɨrɨ-bɔ"@kpj	
"tʔaxsayiʔ"@crt	<http://ids.clld.org/values/7-370-304-1>		<http://ids.clld.org/parameters/7-370>		<http://ids.clld.org/values/7-370-295-1>		"ɔwɔna"@kpj	
"nayi"@crt	<http://ids.clld.org/values/10-720-304-1>		<http://ids.clld.org/parameters/10-720>		<http://ids.clld.org/values/10-720-295-1>		"rɨ"@kpj	
"-wenamkyu ~ -winamkyu"@crt	<http://ids.clld.org/values/11-610-304-1>		<http://ids.clld.org/parameters/11-610>		<http://ids.clld.org/values/11-610-295-1>		"hoɔte"@kpj	
"-taxaʔ"@crt	<http://ids.clld.org/values/15-880-304-3>		<http://ids.clld.org/parameters/15-880>		<http://ids.clld.org/values/15-880-295-1>		"isuisu"@kpj	
"wilik-ikyeʔ"@crt	<http://ids.clld.org/values/5-590-304-1>		<http://ids.clld.org/parameters/5-590>		<http://ids.clld.org/values/5-590-295-1>		"owo"@kpj	
"afʷena (m.)"@crt	<http://ids.clld.org/values/3-581-304-1>		<http://ids.clld.org/parameters/3-581>		<http://ids.clld.org/values/3-581-295-1>		"nawii"@kpj	
"-kimiʔ ~ -simiʔ"@crt	<http://ids.clld.org/values/10-220-304-1>		<http://ids.clld.org/parameters/10-220>		<http://ids.clld.org/values/10-220-295-1>		"otəmanɨ"@kpj	
"-poapeʔe ~ -pyoapeʔe"@crt	<http://ids.clld.org/values/12-260-304-1>		<http://ids.clld.org/parameters/12-260>		<http://ids.clld.org/values/12-260-295-1>		"hetɨ-nɨ"@kpj	
"-xlotiʔ ~ -xlyutiʔ"@crt	<http://ids.clld.org/values/9-310-304-1>		<http://ids.clld.org/parameters/9-310>		<http://ids.clld.org/values/9-310-295-1>		"ešiɔka (?)"@kpj	
"-wet ~ -wit (m.)"@crt	<http://ids.clld.org/values/7-430-304-1>		<http://ids.clld.org/parameters/7-430>		<http://ids.clld.org/values/7-430-295-1>		"rɨnana (?)"@kpj	
"-pofʷ-"@crt	<http://ids.clld.org/values/12-250-304-3>		<http://ids.clld.org/parameters/12-250>		<http://ids.clld.org/values/12-250-295-1>		"iɔhɔ"@kpj	
"naxkankiʔ"@crt	<http://ids.clld.org/values/8-530-304-1>		<http://ids.clld.org/parameters/8-530>		<http://ids.clld.org/values/8-530-295-1>		"bɔrɔ"@kpj	
"-tʔek"@crt	<http://ids.clld.org/values/2-460-304-1>		<http://ids.clld.org/parameters/2-460>		<http://ids.clld.org/values/2-460-295-1>		"labie"@kpj	
"-woyin ~ -yoyin"@crt	<http://ids.clld.org/values/11-310-304-1>		<http://ids.clld.org/parameters/11-310>		<http://ids.clld.org/values/11-310-295-1>		"e"@kpj	
"-woyin ~ -yoyin"@crt	<http://ids.clld.org/values/11-310-304-1>		<http://ids.clld.org/parameters/11-310>		<http://ids.clld.org/values/11-310-295-5>		"iǰe"@kpj	
"-woyin ~ -yoyin"@crt	<http://ids.clld.org/values/11-310-304-1>		<http://ids.clld.org/parameters/11-310>		<http://ids.clld.org/values/11-310-295-3>		"ie"@kpj	
"-xlaxnan"@crt	<http://ids.clld.org/values/8-690-304-1>		<http://ids.clld.org/parameters/8-690>		<http://ids.clld.org/values/8-690-295-1>		"wədəsi"@kpj	
"-pen-ek-tepoʔo"@crt	<http://ids.clld.org/values/5-640-304-1>		<http://ids.clld.org/parameters/5-640>		<http://ids.clld.org/values/5-640-295-1>		"iweru"@kpj	
"aluta (m.)"@crt	<http://ids.clld.org/values/3-970-304-1>		<http://ids.clld.org/parameters/3-970>		<http://ids.clld.org/values/3-970-295-3>		"ɔrera"@kpj	
"aluta (m.)"@crt	<http://ids.clld.org/values/3-970-304-1>		<http://ids.clld.org/parameters/3-970>		<http://ids.clld.org/values/3-970-295-1>		"abɔrɔrɔ"@kpj	
"siyus-i-woʔ"@crt	<http://ids.clld.org/values/20-510-304-1>		<http://ids.clld.org/parameters/20-510>		<http://ids.clld.org/values/20-510-295-1>		"waši-du"@kpj	
"-oxtaleʔ (f.)"@crt	<http://ids.clld.org/values/4-440-304-1>		<http://ids.clld.org/parameters/4-440>		<http://ids.clld.org/values/4-440-295-1>		"telesõ"@kpj	
"afʷiyin"@crt	<http://ids.clld.org/values/18-130-304-1>		<http://ids.clld.org/parameters/18-130>		<http://ids.clld.org/values/18-130-295-1>		"raǰua"@kpj	
"kyooy"@crt	<http://ids.clld.org/values/8-910-304-3>		<http://ids.clld.org/parameters/8-910>		<http://ids.clld.org/values/8-910-295-1>		"ɔteroti"@kpj	
"-kalaʔ ~ -kyala (m.)"@crt	<http://ids.clld.org/values/4-370-304-1>		<http://ids.clld.org/parameters/4-370>		<http://ids.clld.org/values/4-370-295-1>		"wa"@kpj	
"-katelanat"@crt	<http://ids.clld.org/values/6-380-304-1>		<http://ids.clld.org/parameters/6-380>		<http://ids.clld.org/values/6-380-295-1>		"esõ"@kpj	
"-kyeyi ~ -syeyi"@crt	<http://ids.clld.org/values/4-190-304-1>		<http://ids.clld.org/parameters/4-190>		<http://ids.clld.org/values/4-190-295-1>		"bərɔ"@kpj	
"-kyeʔe"@crt	<http://ids.clld.org/values/15-710-304-1>		<http://ids.clld.org/parameters/15-710>		<http://ids.clld.org/values/15-710-295-1>		"eri"@kpj	
"no oti c̷yuxa tom c̷axeye"@crt	<http://ids.clld.org/values/14-491-304-1>		<http://ids.clld.org/parameters/14-491>		<http://ids.clld.org/values/14-491-295-1>		"kənau (?)"@kpj	
"axnax (f.)"@crt	<http://ids.clld.org/values/14-420-304-1>		<http://ids.clld.org/parameters/14-420>		<http://ids.clld.org/values/14-420-295-1>		"ruu"@kpj	
"-tate ~ -tyete"@crt	<http://ids.clld.org/values/10-250-304-1>		<http://ids.clld.org/parameters/10-250>		<http://ids.clld.org/values/10-250-295-1>		"sihe"@kpj	
"-tate ~ -tyete"@crt	<http://ids.clld.org/values/10-250-304-1>		<http://ids.clld.org/parameters/10-250>		<http://ids.clld.org/values/10-250-295-3>		"ta"@kpj	
"-es ~ -se"@crt	<http://ids.clld.org/values/16-810-304-1>		<http://ids.clld.org/parameters/16-810>		<http://ids.clld.org/values/16-810-295-1>		"ruše"@kpj	
"xe kaxen"@crt	<http://ids.clld.org/values/16-320-304-1>		<http://ids.clld.org/parameters/16-320>		<http://ids.clld.org/values/16-320-295-1>		"sɨ̃bina"@kpj	
"safʷeʔ"@crt	<http://ids.clld.org/values/9-230-304-1>		<http://ids.clld.org/parameters/9-230>		<http://ids.clld.org/values/9-230-295-1>		"maɨ"@kpj	
"axnawoʔ"@crt	<http://ids.clld.org/values/22-450-304-1>		<http://ids.clld.org/parameters/22-450>		<http://ids.clld.org/values/22-450-295-1>		"uni"@kpj	
"-peluk ~ -piluk (m.)"@crt	<http://ids.clld.org/values/1-630-304-1>		<http://ids.clld.org/parameters/1-630>		<http://ids.clld.org/values/1-630-295-1>		"ubərɔrɔ"@kpj	
"-nayianaxtiʔ ~ -nyeyianaxtiʔ"@crt	<http://ids.clld.org/values/4-690-304-1>		<http://ids.clld.org/parameters/4-690>		<http://ids.clld.org/values/4-690-295-1>		"səbe-nɨ"@kpj	
"axnat-ic̷empe"@crt	<http://ids.clld.org/values/3-980-304-1>		<http://ids.clld.org/parameters/3-980>		<http://ids.clld.org/values/3-980-295-1>		"ɔtu"@kpj	
"axnat-ic̷empe"@crt	<http://ids.clld.org/values/3-980-304-1>		<http://ids.clld.org/parameters/3-980>		<http://ids.clld.org/values/3-980-295-3>		"ɔtuni"@kpj	
"inye-was"@crt	<http://ids.clld.org/values/2-250-304-1>		<http://ids.clld.org/parameters/2-250>		<http://ids.clld.org/values/2-250-295-1>		"werɨrɨ (?)"@kpj	
"xe-yeti"@crt	<http://ids.clld.org/values/17-430-304-1>		<http://ids.clld.org/parameters/17-430>		<http://ids.clld.org/values/17-430-295-3>		"nɨhe"@kpj	
"xe-yeti"@crt	<http://ids.clld.org/values/17-430-304-1>		<http://ids.clld.org/parameters/17-430>		<http://ids.clld.org/values/17-430-295-5>		"seõ-nɨ"@kpj	
"xe-yeti"@crt	<http://ids.clld.org/values/17-430-304-1>		<http://ids.clld.org/parameters/17-430>		<http://ids.clld.org/values/17-430-295-1>		"kɨ̃na"@kpj	
"sipop"@crt	<http://ids.clld.org/values/3-594-304-3>		<http://ids.clld.org/parameters/3-594>		<http://ids.clld.org/values/3-594-295-1>		"urasaha (ura-saha ?)"@kpj	
"xe isayiʔ"@crt	<http://ids.clld.org/values/12-620-304-1>		<http://ids.clld.org/parameters/12-620>		<http://ids.clld.org/values/12-620-295-1>		"ibuču"@kpj	
"moy syufʷe"@crt	<http://ids.clld.org/values/13-160-304-1>		<http://ids.clld.org/parameters/13-160>		<http://ids.clld.org/values/13-160-295-1>		"wɨna"@kpj	
"-pan ~ -pyen"@crt	<http://ids.clld.org/values/10-350-304-1>		<http://ids.clld.org/parameters/10-350>		<http://ids.clld.org/values/10-350-295-1>		"obunɨ"@kpj	
"am"@crt	<http://ids.clld.org/values/2-920-304-1>		<http://ids.clld.org/parameters/2-920>		<http://ids.clld.org/values/2-920-295-1>		"kai"@kpj	
"-kyes"@crt	<http://ids.clld.org/values/4-180-304-1>		<http://ids.clld.org/parameters/4-180>		<http://ids.clld.org/values/4-180-295-3>		"tõhewɔru"@kpj	
"-kyes"@crt	<http://ids.clld.org/values/4-180-304-1>		<http://ids.clld.org/parameters/4-180>		<http://ids.clld.org/values/4-180-295-1>		"nohewɔru"@kpj	
"kyoyetiʔ ~ kyoxyetiʔ"@crt	<http://ids.clld.org/values/15-810-304-1>		<http://ids.clld.org/parameters/15-810>		<http://ids.clld.org/values/15-810-295-1>		"iučie"@kpj	
"-sapaʔ"@crt	<http://ids.clld.org/values/4-280-304-1>		<http://ids.clld.org/parameters/4-280>		<http://ids.clld.org/values/4-280-295-1>		"lɔti"@kpj	
"-syen"@crt	<http://ids.clld.org/values/5-610-304-1>		<http://ids.clld.org/parameters/5-610>		<http://ids.clld.org/values/5-610-295-1>		"dee"@kpj	
"-woye-tam ~ -yoye-tam"@crt	<http://ids.clld.org/values/12-232-304-1>		<http://ids.clld.org/parameters/12-232>		<http://ids.clld.org/values/12-232-295-1>		"hɔnɨ"@kpj	
"xupay"@crt	<http://ids.clld.org/values/8-510-304-1>		<http://ids.clld.org/parameters/8-510>		<http://ids.clld.org/values/8-510-295-1>		"asi"@kpj	
"-naʔ ~ -nye (m.)"@crt	<http://ids.clld.org/values/2-350-304-1>		<http://ids.clld.org/parameters/2-350>		<http://ids.clld.org/values/2-350-295-1>		"təbɨ"@kpj	
"-naʔ ~ -nye (m.)"@crt	<http://ids.clld.org/values/2-350-304-1>		<http://ids.clld.org/parameters/2-350>		<http://ids.clld.org/values/2-350-295-3>		"waha"@kpj	
"ya-ka"@crt	<http://ids.clld.org/values/11-120-304-3>		<http://ids.clld.org/parameters/11-120>		<http://ids.clld.org/values/11-120-295-1>		"hõrõ"@kpj	
"alexyenakiʔ"@crt	<http://ids.clld.org/values/3-760-304-1>		<http://ids.clld.org/parameters/3-760>		<http://ids.clld.org/values/3-760-295-1>		"ərɔbi"@kpj	
"-kyes-kina"@crt	<http://ids.clld.org/values/4-180-304-5>		<http://ids.clld.org/parameters/4-180>		<http://ids.clld.org/values/4-180-295-3>		"tõhewɔru"@kpj	
"-kyes-kina"@crt	<http://ids.clld.org/values/4-180-304-5>		<http://ids.clld.org/parameters/4-180>		<http://ids.clld.org/values/4-180-295-1>		"nohewɔru"@kpj	
"-kʔyokiʔ"@crt	<http://ids.clld.org/values/4-462-304-1>		<http://ids.clld.org/parameters/4-462>		<http://ids.clld.org/values/4-462-295-1>		"we"@kpj	
"laxaʔ (m.)"@crt	<http://ids.clld.org/values/11-870-304-1>		<http://ids.clld.org/parameters/11-870>		<http://ids.clld.org/values/11-870-295-1>		"ɔwɨ"@kpj	
"kyale-ki"@crt	<http://ids.clld.org/values/2-270-304-3>		<http://ids.clld.org/parameters/2-270>		<http://ids.clld.org/values/2-270-295-1>		"uladu"@kpj	
"-aysiwet ~ -eysiwet"@crt	<http://ids.clld.org/values/7-421-304-1>		<http://ids.clld.org/parameters/7-421>		<http://ids.clld.org/values/7-421-295-1>		"rahɨna"@kpj	
"wesisitok (f.)"@crt	<http://ids.clld.org/values/3-840-304-1>		<http://ids.clld.org/parameters/3-840>		<http://ids.clld.org/values/3-840-295-1>		"woudɔ"@kpj	
"onokyu"@crt	<http://ids.clld.org/values/12-10-304-3>		<http://ids.clld.org/parameters/12-10>		<http://ids.clld.org/values/12-10-295-1>		"he"@kpj	
"xa lox"@crt	<http://ids.clld.org/values/13-170-304-1>		<http://ids.clld.org/parameters/13-170>		<http://ids.clld.org/values/13-170-295-1>		"ibute"@kpj	
"isax"@crt	<http://ids.clld.org/values/9-770-304-7>		<http://ids.clld.org/parameters/9-770>		<http://ids.clld.org/values/9-770-295-1>		"bɨre"@kpj	
"-kakye-xiwoʔ"@crt	<http://ids.clld.org/values/4-870-304-1>		<http://ids.clld.org/parameters/4-870>		<http://ids.clld.org/values/4-870-295-1>		"ɔhotibedu"@kpj	
"yoweʔ"@crt	<http://ids.clld.org/values/5-123-304-1>		<http://ids.clld.org/parameters/5-123>		<http://ids.clld.org/values/5-123-295-1>		"sɔ-nɨ"@kpj	
"-siʔ (m.)"@crt	<http://ids.clld.org/values/19-160-304-1>		<http://ids.clld.org/parameters/19-160>		<http://ids.clld.org/values/19-160-295-1>		"hãwã"@kpj	
"amaa (f.)"@crt	<http://ids.clld.org/values/3-630-304-1>		<http://ids.clld.org/parameters/3-630>		<http://ids.clld.org/values/3-630-295-1>		"lawahakɨ̃"@kpj	
"ayinye"@crt	<http://ids.clld.org/values/2-210-304-1>		<http://ids.clld.org/parameters/2-210>		<http://ids.clld.org/values/2-210-295-1>		"hãbu"@kpj	
"axnat (f.)"@crt	<http://ids.clld.org/values/1-210-304-1>		<http://ids.clld.org/parameters/1-210>		<http://ids.clld.org/values/1-210-295-1>		"su"@kpj	
"kixlami (m.)"@crt	<http://ids.clld.org/values/15-440-304-1>		<http://ids.clld.org/parameters/15-440>		<http://ids.clld.org/values/15-440-295-1>		"wodəɨ̃"@kpj	
"-xaneʔ ~ -xene"@crt	<http://ids.clld.org/values/17-170-304-1>		<http://ids.clld.org/parameters/17-170>		<http://ids.clld.org/values/17-170-295-1>		"erɨ"@kpj	
"-yesen"@crt	<http://ids.clld.org/values/18-310-304-1>		<http://ids.clld.org/parameters/18-310>		<http://ids.clld.org/values/18-310-295-1>		"tɨ̃-ɨ̃raši-nɨ"@kpj	
"naxkap (f.)"@crt	<http://ids.clld.org/values/14-730-304-1>		<http://ids.clld.org/parameters/14-730>		<http://ids.clld.org/values/14-730-295-1>		"beɔra"@kpj	
"-panekyafʷey ~ -pyanekyafʷey"@crt	<http://ids.clld.org/values/5-490-304-1>		<http://ids.clld.org/parameters/5-490>		<http://ids.clld.org/values/5-490-295-1>		"sɨ"@kpj	
"nooxtiʔ"@crt	<http://ids.clld.org/values/14-451-304-1>		<http://ids.clld.org/parameters/14-451>		<http://ids.clld.org/values/14-451-295-1>		"čioro (?)"@kpj	
"anat-isawompe"@crt	<http://ids.clld.org/values/1-350-304-1>		<http://ids.clld.org/parameters/1-350>		<http://ids.clld.org/values/1-350-295-1>		"əbɔ"@kpj	
"-fʷeyeʔ ~ -fʷiyeʔ"@crt	<http://ids.clld.org/values/10-370-304-1>		<http://ids.clld.org/parameters/10-370>		<http://ids.clld.org/values/10-370-295-3>		"uwo"@kpj	
"-fʷeyeʔ ~ -fʷiyeʔ"@crt	<http://ids.clld.org/values/10-370-304-1>		<http://ids.clld.org/parameters/10-370>		<http://ids.clld.org/values/10-370-295-1>		"ɔhɔ"@kpj	
"-wenam-a"@crt	<http://ids.clld.org/values/18-360-304-1>		<http://ids.clld.org/parameters/18-360>		<http://ids.clld.org/values/18-360-295-1>		"iurarinɨ"@kpj	
"esixi"@crt	<http://ids.clld.org/values/19-440-304-1>		<http://ids.clld.org/parameters/19-440>		<http://ids.clld.org/values/19-440-295-1>		"uri"@kpj	
"isat"@crt	<http://ids.clld.org/values/1-214-304-1>		<http://ids.clld.org/parameters/1-214>		<http://ids.clld.org/values/1-214-295-1>		"su-bərɔrɔ"@kpj	
"-axan ~ -exen"@crt	<http://ids.clld.org/values/17-210-304-1>		<http://ids.clld.org/parameters/17-210>		<http://ids.clld.org/values/17-210-295-1>		"bəde"@kpj	
"ot-ʔa"@crt	<http://ids.clld.org/values/11-430-304-1>		<http://ids.clld.org/parameters/11-430>		<http://ids.clld.org/values/11-430-295-1>		"nieru"@kpj	
"anat"@crt	<http://ids.clld.org/values/1-310-304-1>		<http://ids.clld.org/parameters/1-310>		<http://ids.clld.org/values/1-310-295-3>		"bera"@kpj	
"anat"@crt	<http://ids.clld.org/values/1-310-304-1>		<http://ids.clld.org/parameters/1-310>		<http://ids.clld.org/values/1-310-295-1>		"be"@kpj	
"kaayenta"@crt	<http://ids.clld.org/values/16-440-304-1>		<http://ids.clld.org/parameters/16-440>		<http://ids.clld.org/values/16-440-295-1>		"hãru"@kpj	
"y-em"@crt	<http://ids.clld.org/values/2-910-304-1>		<http://ids.clld.org/parameters/2-910>		<http://ids.clld.org/values/2-910-295-1>		"ǰiarɨ̃"@kpj	
"-kyoteʔ ~ -c̷yoteʔ ~ -yoteʔ (f.)"@crt	<http://ids.clld.org/values/4-220-304-1>		<http://ids.clld.org/parameters/4-220>		<http://ids.clld.org/values/4-220-295-1>		"nohõti"@kpj	
"kaytyos"@crt	<http://ids.clld.org/values/5-860-304-1>		<http://ids.clld.org/parameters/5-860>		<http://ids.clld.org/values/5-860-295-1>		"howɨ̃-sɨ"@kpj	
"-fʷam"@crt	<http://ids.clld.org/values/9-160-304-3>		<http://ids.clld.org/parameters/9-160>		<http://ids.clld.org/values/9-160-295-1>		"tɨ̃te-nɨ"@kpj	
"kyustax (m.)"@crt	<http://ids.clld.org/values/3-596-304-1>		<http://ids.clld.org/parameters/3-596>		<http://ids.clld.org/values/3-596-295-1>		"tori-tori"@kpj	
"-soon ~ -syoon"@crt	<http://ids.clld.org/values/16-270-304-1>		<http://ids.clld.org/parameters/16-270>		<http://ids.clld.org/values/16-270-295-1>		"luu"@kpj	
"wota-xa"@crt	<http://ids.clld.org/values/3-540-304-1>		<http://ids.clld.org/parameters/3-540>		<http://ids.clld.org/values/3-540-295-1>		"hãnie"@kpj	
"-pom ~ -pyom"@crt	<http://ids.clld.org/values/12-250-304-1>		<http://ids.clld.org/parameters/12-250>		<http://ids.clld.org/values/12-250-295-1>		"iɔhɔ"@kpj	
"-c̷at ~ -c̷yet"@crt	<http://ids.clld.org/values/15-830-304-1>		<http://ids.clld.org/parameters/15-830>		<http://ids.clld.org/values/15-830-295-3>		"təko"@kpj	
"-c̷at ~ -c̷yet"@crt	<http://ids.clld.org/values/15-830-304-1>		<http://ids.clld.org/parameters/15-830>		<http://ids.clld.org/values/15-830-295-1>		"ituu"@kpj	
"ay ~ -ey (f.)"@crt	<http://ids.clld.org/values/4-240-304-1>		<http://ids.clld.org/parameters/4-240>		<http://ids.clld.org/values/4-240-295-3>		"rɨ"@kpj	
"ay ~ -ey (f.)"@crt	<http://ids.clld.org/values/4-240-304-1>		<http://ids.clld.org/parameters/4-240>		<http://ids.clld.org/values/4-240-295-1>		"irɨ"@kpj	
"intak"@crt	<http://ids.clld.org/values/13-20-304-1>		<http://ids.clld.org/parameters/13-20>		<http://ids.clld.org/values/13-20-295-1>		"inači"@kpj	
"-tone ~ -tyone"@crt	<http://ids.clld.org/values/9-330-304-1>		<http://ids.clld.org/parameters/9-330>		<http://ids.clld.org/values/9-330-295-1>		"irurehe"@kpj	
"eyeʔ"@crt	<http://ids.clld.org/values/3-832-304-3>		<http://ids.clld.org/parameters/3-832>		<http://ids.clld.org/values/3-832-295-1>		"mərõra"@kpj	
"eyeʔ"@crt	<http://ids.clld.org/values/3-832-304-3>		<http://ids.clld.org/parameters/3-832>		<http://ids.clld.org/values/3-832-295-3>		"mɨrõra"@kpj	
"-kay ~ -kyay (f.)"@crt	<http://ids.clld.org/values/7-220-304-1>		<http://ids.clld.org/parameters/7-220>		<http://ids.clld.org/values/7-220-295-1>		"iǰɔtəbɔna"@kpj	
"-es ~ -se"@crt	<http://ids.clld.org/values/15-870-304-1>		<http://ids.clld.org/parameters/15-870>		<http://ids.clld.org/values/15-870-295-1>		"brasa"@kpj	
"-xyeʔ (f.)"@crt	<http://ids.clld.org/values/2-820-304-1>		<http://ids.clld.org/parameters/2-820>		<http://ids.clld.org/values/2-820-295-1>		"sɨ̃"@kpj	
"-xyeʔ (f.)"@crt	<http://ids.clld.org/values/2-820-304-1>		<http://ids.clld.org/parameters/2-820>		<http://ids.clld.org/values/2-820-295-3>		"lədu (?)"@kpj	
"-kosletiki -eteyin ~ -teteyin"@crt	<http://ids.clld.org/values/10-412-304-1>		<http://ids.clld.org/parameters/10-412>		<http://ids.clld.org/values/10-412-295-1>		"tiowoti-nɨ"@kpj	
"-peʔ"@crt	<http://ids.clld.org/values/5-791-304-1>		<http://ids.clld.org/parameters/5-791>		<http://ids.clld.org/values/5-791-295-1>		"deni-deni (?)"@kpj	
"-kini ~ -c̷ini ~ -ini"@crt	<http://ids.clld.org/values/2-445-304-1>		<http://ids.clld.org/parameters/2-445>		<http://ids.clld.org/values/2-445-295-1>		"iheruše"@kpj	
"lawo (m.)"@crt	<http://ids.clld.org/values/8-570-304-1>		<http://ids.clld.org/parameters/8-570>		<http://ids.clld.org/values/8-570-295-1>		"noiǰesa"@kpj	
"ixlyeʔ"@crt	<http://ids.clld.org/values/3-811-304-1>		<http://ids.clld.org/parameters/3-811>		<http://ids.clld.org/values/3-811-295-1>		"təburu"@kpj	
"-kixmet"@crt	<http://ids.clld.org/values/11-180-304-1>		<http://ids.clld.org/parameters/11-180>		<http://ids.clld.org/values/11-180-295-1>		"aõ"@kpj	
"eekewaxa"@crt	<http://ids.clld.org/values/14-350-304-1>		<http://ids.clld.org/parameters/14-350>		<http://ids.clld.org/values/14-350-295-3>		"išitɨre"@kpj	
"eekewaxa"@crt	<http://ids.clld.org/values/14-350-304-1>		<http://ids.clld.org/parameters/14-350>		<http://ids.clld.org/values/14-350-295-1>		"išəbɨ"@kpj	
"-tokyoʔ ~ -tyokyoʔ (m.)"@crt	<http://ids.clld.org/values/4-204-304-1>		<http://ids.clld.org/parameters/4-204>		<http://ids.clld.org/values/4-204-295-1>		"ɔsana"@kpj	
"wasiin"@crt	<http://ids.clld.org/values/11-180-304-3>		<http://ids.clld.org/parameters/11-180>		<http://ids.clld.org/values/11-180-295-1>		"aõ"@kpj	
"tesyuk (f.)"@crt	<http://ids.clld.org/values/8-730-304-1>		<http://ids.clld.org/parameters/8-730>		<http://ids.clld.org/values/8-730-295-1>		"ɔ"@kpj	
"-al ~ -el"@crt	<http://ids.clld.org/values/4-750-304-1>		<http://ids.clld.org/parameters/4-750>		<http://ids.clld.org/values/4-750-295-1>		"uru"@kpj	
"-kec̷ixin ~ -kic̷ixin"@crt	<http://ids.clld.org/values/14-230-304-1>		<http://ids.clld.org/parameters/14-230>		<http://ids.clld.org/values/14-230-295-1>		"eledəɨ̃"@kpj	
"-weʔlak ~ -wilak (m.)"@crt	<http://ids.clld.org/values/4-160-304-1>		<http://ids.clld.org/parameters/4-160>		<http://ids.clld.org/values/4-160-295-1>		"ti"@kpj	
"xeyoyam"@crt	<http://ids.clld.org/values/4-850-304-1>		<http://ids.clld.org/parameters/4-850>		<http://ids.clld.org/values/4-850-295-1>		"soru-nɨ"@kpj	
"-lexnat ~ -lixnat (m.)"@crt	<http://ids.clld.org/values/9-880-304-1>		<http://ids.clld.org/parameters/9-880>		<http://ids.clld.org/values/9-880-295-1>		"worəna"@kpj	
"naxaki"@crt	<http://ids.clld.org/values/14-180-304-1>		<http://ids.clld.org/parameters/14-180>		<http://ids.clld.org/values/14-180-295-1>		"wiǰi"@kpj	
"-kilyeʔ ~ -silyeʔ"@crt	<http://ids.clld.org/values/2-444-304-1>		<http://ids.clld.org/parameters/2-444>		<http://ids.clld.org/values/2-444-295-1>		"dela"@kpj	
"-kilyeʔ ~ -silyeʔ"@crt	<http://ids.clld.org/values/2-444-304-1>		<http://ids.clld.org/parameters/2-444>		<http://ids.clld.org/values/2-444-295-3>		"umɨ-dela"@kpj	
"apil ~ -epil"@crt	<http://ids.clld.org/values/10-481-304-1>		<http://ids.clld.org/parameters/10-481>		<http://ids.clld.org/values/10-481-295-7>		"rehenɨ"@kpj	
"apil ~ -epil"@crt	<http://ids.clld.org/values/10-481-304-1>		<http://ids.clld.org/parameters/10-481>		<http://ids.clld.org/values/10-481-295-3>		"ibuare"@kpj	
"apil ~ -epil"@crt	<http://ids.clld.org/values/10-481-304-1>		<http://ids.clld.org/parameters/10-481>		<http://ids.clld.org/values/10-481-295-5>		"ɔɔse"@kpj	
"apil ~ -epil"@crt	<http://ids.clld.org/values/10-481-304-1>		<http://ids.clld.org/parameters/10-481>		<http://ids.clld.org/values/10-481-295-1>		"be"@kpj	
"-kamtinen"@crt	<http://ids.clld.org/values/18-210-304-3>		<http://ids.clld.org/parameters/18-210>		<http://ids.clld.org/values/18-210-295-1>		"arɨbe"@kpj	
"akoye-xi-wet"@crt	<http://ids.clld.org/values/10-910-304-1>		<http://ids.clld.org/parameters/10-910>		<http://ids.clld.org/values/10-910-295-1>		"beə"@kpj	
"-kaxlek ~ -kyaxlek (m.)"@crt	<http://ids.clld.org/values/4-450-304-1>		<http://ids.clld.org/parameters/4-450>		<http://ids.clld.org/values/4-450-295-1>		"maa"@kpj	
"-xnewimpexe"@crt	<http://ids.clld.org/values/15-210-304-1>		<http://ids.clld.org/parameters/15-210>		<http://ids.clld.org/values/15-210-295-1>		"uɔ"@kpj	
"oka"@crt	<http://ids.clld.org/values/4-580-304-1>		<http://ids.clld.org/parameters/4-580>		<http://ids.clld.org/values/4-580-295-3>		"urua"@kpj	
"oka"@crt	<http://ids.clld.org/values/4-580-304-1>		<http://ids.clld.org/parameters/4-580>		<http://ids.clld.org/values/4-580-295-1>		"rua"@kpj	
"-katelan"@crt	<http://ids.clld.org/values/6-350-304-3>		<http://ids.clld.org/parameters/6-350>		<http://ids.clld.org/values/6-350-295-1>		"oretɨ"@kpj	
"tisaxaki (?)"@crt	<http://ids.clld.org/values/21-370-304-1>		<http://ids.clld.org/parameters/21-370>		<http://ids.clld.org/values/21-370-295-1>		"rušetɔe-nɨ"@kpj	
"ap"@crt	<http://ids.clld.org/values/16-370-304-1>		<http://ids.clld.org/parameters/16-370>		<http://ids.clld.org/values/16-370-295-3>		"obu"@kpj	
"ap"@crt	<http://ids.clld.org/values/16-370-304-1>		<http://ids.clld.org/parameters/16-370>		<http://ids.clld.org/values/16-370-295-1>		"ahinɨ"@kpj	
"-kec̷ixin ~ -kic̷ixin"@crt	<http://ids.clld.org/values/14-210-304-1>		<http://ids.clld.org/parameters/14-210>		<http://ids.clld.org/values/14-210-295-1>		"wɨ"@kpj	
"-lakyen"@crt	<http://ids.clld.org/values/10-440-304-1>		<http://ids.clld.org/parameters/10-440>		<http://ids.clld.org/values/10-440-295-1>		"iše"@kpj	
"-lakyen"@crt	<http://ids.clld.org/values/10-440-304-1>		<http://ids.clld.org/parameters/10-440>		<http://ids.clld.org/values/10-440-295-3>		"se"@kpj	
"-texey ~ -tixiʔ"@crt	<http://ids.clld.org/values/8-220-304-1>		<http://ids.clld.org/parameters/8-220>		<http://ids.clld.org/values/8-220-295-1>		"ia"@kpj	
"-silyene"@crt	<http://ids.clld.org/values/9-110-304-1>		<http://ids.clld.org/parameters/9-110>		<http://ids.clld.org/values/9-110-295-1>		"otəɨnɨ"@kpj	
"et"@crt	<http://ids.clld.org/values/2-360-304-1>		<http://ids.clld.org/parameters/2-360>		<http://ids.clld.org/values/2-360-295-1>		"adi"@kpj	
"et"@crt	<http://ids.clld.org/values/2-360-304-1>		<http://ids.clld.org/parameters/2-360>		<http://ids.clld.org/values/2-360-295-5>		"ise"@kpj	
"et"@crt	<http://ids.clld.org/values/2-360-304-1>		<http://ids.clld.org/parameters/2-360>		<http://ids.clld.org/values/2-360-295-3>		"tadi"@kpj	
"kapaxataxnaa"@crt	<http://ids.clld.org/values/12-10-304-1>		<http://ids.clld.org/parameters/12-10>		<http://ids.clld.org/values/12-10-295-1>		"he"@kpj	
"-tewe ~ -tiwe"@crt	<http://ids.clld.org/values/14-270-304-1>		<http://ids.clld.org/parameters/14-270>		<http://ids.clld.org/values/14-270-295-1>		"mahãdunɨ"@kpj	
"-tewe ~ -tiwe"@crt	<http://ids.clld.org/values/14-270-304-1>		<http://ids.clld.org/parameters/14-270>		<http://ids.clld.org/values/14-270-295-3>		"ɔbɨ"@kpj	
"poleʔ"@crt	<http://ids.clld.org/values/1-510-304-1>		<http://ids.clld.org/parameters/1-510>		<http://ids.clld.org/values/1-510-295-1>		"biu-wetɔkɨ"@kpj	
"-aasiʔ"@crt	<http://ids.clld.org/values/10-610-304-1>		<http://ids.clld.org/parameters/10-610>		<http://ids.clld.org/values/10-610-295-1>		"dɨ"@kpj	
"wuwe"@crt	<http://ids.clld.org/values/13-180-304-1>		<http://ids.clld.org/parameters/13-180>		<http://ids.clld.org/values/13-180-295-1>		"šãwi"@kpj	
"waʔleʔ (m.)"@crt	<http://ids.clld.org/values/7-422-304-1>		<http://ids.clld.org/parameters/7-422>		<http://ids.clld.org/values/7-422-295-1>		"hetɨ"@kpj	
"xelox"@crt	<http://ids.clld.org/values/12-560-304-3>		<http://ids.clld.org/parameters/12-560>		<http://ids.clld.org/values/12-560-295-1>		"iɨǰa"@kpj	
"xelox"@crt	<http://ids.clld.org/values/12-560-304-3>		<http://ids.clld.org/parameters/12-560>		<http://ids.clld.org/values/12-560-295-3>		"i-ɨla"@kpj	
"xelox"@crt	<http://ids.clld.org/values/12-560-304-3>		<http://ids.clld.org/parameters/12-560>		<http://ids.clld.org/values/12-560-295-5>		"səmo"@kpj	
"ofʷoʔ"@crt	<http://ids.clld.org/values/3-594-304-1>		<http://ids.clld.org/parameters/3-594>		<http://ids.clld.org/values/3-594-295-1>		"urasaha (ura-saha ?)"@kpj	
"-koxin ~ -kyuxin"@crt	<http://ids.clld.org/values/4-570-304-1>		<http://ids.clld.org/parameters/4-570>		<http://ids.clld.org/values/4-570-295-1>		"ahɨlɔi"@kpj	
"-fʷelek (f.)"@crt	<http://ids.clld.org/values/22-420-304-1>		<http://ids.clld.org/parameters/22-420>		<http://ids.clld.org/values/22-420-295-1>		"ɔwɔru (?)"@kpj	
"-wuyiwey ~ -yuyiwey"@crt	<http://ids.clld.org/values/10-380-304-1>		<http://ids.clld.org/parameters/10-380>		<http://ids.clld.org/values/10-380-295-1>		"ibunɨ"@kpj	
"-pen-ek ~ -pin-ik"@crt	<http://ids.clld.org/values/5-120-304-1>		<http://ids.clld.org/parameters/5-120>		<http://ids.clld.org/values/5-120-295-1>		"bɔre"@kpj	
"-pen-ek ~ -pin-ik"@crt	<http://ids.clld.org/values/5-120-304-1>		<http://ids.clld.org/parameters/5-120>		<http://ids.clld.org/values/5-120-295-3>		"hetɨ"@kpj	
"-loxsiʔ ~ -lyuxsiʔ"@crt	<http://ids.clld.org/values/20-210-304-1>		<http://ids.clld.org/parameters/20-210>		<http://ids.clld.org/values/20-210-295-1>		"debɔna"@kpj	
"-loxsiʔ ~ -lyuxsiʔ"@crt	<http://ids.clld.org/values/20-210-304-1>		<http://ids.clld.org/parameters/20-210>		<http://ids.clld.org/values/20-210-295-3>		"mawa"@kpj	
"-mani-syem"@crt	<http://ids.clld.org/values/13-350-304-1>		<http://ids.clld.org/parameters/13-350>		<http://ids.clld.org/values/13-350-295-1>		"ikona"@kpj	
"olaxa"@crt	<http://ids.clld.org/values/3-594-304-5>		<http://ids.clld.org/parameters/3-594>		<http://ids.clld.org/values/3-594-295-1>		"urasaha (ura-saha ?)"@kpj	
"-ski-yin ~ -tiski-yin"@crt	<http://ids.clld.org/values/16-251-304-1>		<http://ids.clld.org/parameters/16-251>		<http://ids.clld.org/values/16-251-295-1>		"učue-nɨ"@kpj	
"loyixi"@crt	<http://ids.clld.org/values/12-40-304-1>		<http://ids.clld.org/parameters/12-40>		<http://ids.clld.org/values/12-40-295-1>		"lau"@kpj	
"lamak (m.)"@crt	<http://ids.clld.org/values/1-213-304-1>		<http://ids.clld.org/parameters/1-213>		<http://ids.clld.org/values/1-213-295-1>		"brɨbɨ-si"@kpj	
"ipyek (m.)"@crt	<http://ids.clld.org/values/8-470-304-1>		<http://ids.clld.org/parameters/8-470>		<http://ids.clld.org/values/8-470-295-1>		"mai"@kpj	
"-fʷeluʔ"@crt	<http://ids.clld.org/values/2-631-304-1>		<http://ids.clld.org/parameters/2-631>		<http://ids.clld.org/values/2-631-295-1>		"raləbɨ"@kpj	
"xe-wuyi"@crt	<http://ids.clld.org/values/12-650-304-1>		<http://ids.clld.org/parameters/12-650>		<http://ids.clld.org/values/12-650-295-1>		"deɔ̃dəɨ̃nanɨ"@kpj	
"kyoyoyiʔ"@crt	<http://ids.clld.org/values/12-820-304-1>		<http://ids.clld.org/parameters/12-820>		<http://ids.clld.org/values/12-820-295-1>		"rurawo"@kpj	
"-yen"@crt	<http://ids.clld.org/values/15-520-304-1>		<http://ids.clld.org/parameters/15-520>		<http://ids.clld.org/values/15-520-295-1>		"etehe"@kpj	
"-ma"@crt	<http://ids.clld.org/values/10-490-304-3>		<http://ids.clld.org/parameters/10-490>		<http://ids.clld.org/values/10-490-295-1>		"iri"@kpj	
"-ma"@crt	<http://ids.clld.org/values/10-490-304-3>		<http://ids.clld.org/parameters/10-490>		<http://ids.clld.org/values/10-490-295-3>		"ɔhɔ-nɨ"@kpj	
"-kyaloʔ ~ -c̷yaloʔ (m.)"@crt	<http://ids.clld.org/values/4-208-304-1>		<http://ids.clld.org/parameters/4-208>		<http://ids.clld.org/values/4-208-295-3>		"ɔde"@kpj	
"-kyaloʔ ~ -c̷yaloʔ (m.)"@crt	<http://ids.clld.org/values/4-208-304-1>		<http://ids.clld.org/parameters/4-208>		<http://ids.clld.org/values/4-208-295-1>		"i-ɔde"@kpj	
"-xloxnam"@crt	<http://ids.clld.org/values/9-343-304-1>		<http://ids.clld.org/parameters/9-343>		<http://ids.clld.org/values/9-343-295-1>		"irarɨčɨnɨ"@kpj	
"-laney ~ -lyeney"@crt	<http://ids.clld.org/values/9-161-304-1>		<http://ids.clld.org/parameters/9-161>		<http://ids.clld.org/values/9-161-295-1>		"əsenɨ"@kpj	
"-silyen"@crt	<http://ids.clld.org/values/11-170-304-1>		<http://ids.clld.org/parameters/11-170>		<http://ids.clld.org/values/11-170-295-1>		"həkɨ̃na"@kpj	
"-wo-yuyeʔ ~ -yo-wuyeʔ"@crt	<http://ids.clld.org/values/6-110-304-1>		<http://ids.clld.org/parameters/6-110>		<http://ids.clld.org/values/6-110-295-1>		"tɨɨ-nɨ"@kpj	
"iwyeʔc̷yela"@crt	<http://ids.clld.org/values/13-30-304-1>		<http://ids.clld.org/parameters/13-30>		<http://ids.clld.org/values/13-30-295-1>		"inataõ"@kpj	
"ifʷyenni sikyoy itifʷe"@crt	<http://ids.clld.org/values/13-50-304-1>		<http://ids.clld.org/parameters/13-50>		<http://ids.clld.org/values/13-50-295-1>		"iruɨre"@kpj	
"kyeexeʔ"@crt	<http://ids.clld.org/values/13-140-304-1>		<http://ids.clld.org/parameters/13-140>		<http://ids.clld.org/values/13-140-295-1>		"butu"@kpj	
"[eskwela]woʔ"@crt	<http://ids.clld.org/values/17-270-304-1>		<http://ids.clld.org/parameters/17-270>		<http://ids.clld.org/values/17-270-295-1>		"erɨ-dãɨ̃du"@kpj	
"-kakyeʔ ~ -kyakyeʔ"@crt	<http://ids.clld.org/values/4-880-304-1>		<http://ids.clld.org/parameters/4-880>		<http://ids.clld.org/values/4-880-295-3>		"mona"@kpj	
"-kakyeʔ ~ -kyakyeʔ"@crt	<http://ids.clld.org/values/4-880-304-1>		<http://ids.clld.org/parameters/4-880>		<http://ids.clld.org/values/4-880-295-1>		"loahi"@kpj	
"axaʔ ~ -exeʔ"@crt	<http://ids.clld.org/values/9-210-304-1>		<http://ids.clld.org/parameters/9-210>		<http://ids.clld.org/values/9-210-295-1>		"bete"@kpj	
"axaʔ ~ -exeʔ"@crt	<http://ids.clld.org/values/9-210-304-1>		<http://ids.clld.org/parameters/9-210>		<http://ids.clld.org/values/9-210-295-3>		"we"@kpj	
"-telya"@crt	<http://ids.clld.org/values/16-620-304-1>		<http://ids.clld.org/parameters/16-620>		<http://ids.clld.org/values/16-620-295-1>		"kɔte"@kpj	
"-xoʔneʔ ~ -xyoʔneʔ ~ -oʔneʔ"@crt	<http://ids.clld.org/values/12-140-304-1>		<http://ids.clld.org/parameters/12-140>		<http://ids.clld.org/values/12-140-295-1>		"aədɔnɨ"@kpj	
"tinuk"@crt	<http://ids.clld.org/values/3-620-304-1>		<http://ids.clld.org/parameters/3-620>		<http://ids.clld.org/values/3-620-295-1>		"hãloeni"@kpj	
"-xoʔteʔ ~ -oʔteʔ ~ -xyuʔteʔ"@crt	<http://ids.clld.org/values/17-440-304-1>		<http://ids.clld.org/parameters/17-440>		<http://ids.clld.org/values/17-440-295-1>		"eɔtanɨ"@kpj	
"-fʷelam ~ -fʷilam"@crt	<http://ids.clld.org/values/18-430-304-1>		<http://ids.clld.org/parameters/18-430>		<http://ids.clld.org/values/18-430-295-1>		"itobi"@kpj	
"kyuxsiʔ"@crt	<http://ids.clld.org/values/15-850-304-1>		<http://ids.clld.org/parameters/15-850>		<http://ids.clld.org/values/15-850-295-1>		"tɔtee"@kpj	
"oyi ~ -toyi ~ -uyi"@crt	<http://ids.clld.org/values/10-570-304-1>		<http://ids.clld.org/parameters/10-570>		<http://ids.clld.org/values/10-570-295-1>		"lo"@kpj	
"oyi ~ -toyi ~ -uyi"@crt	<http://ids.clld.org/values/10-570-304-1>		<http://ids.clld.org/parameters/10-570>		<http://ids.clld.org/values/10-570-295-3>		"rɔte"@kpj	
"amis"@crt	<http://ids.clld.org/values/6-710-304-1>		<http://ids.clld.org/parameters/6-710>		<http://ids.clld.org/values/6-710-295-1>		"õhõtisana"@kpj	
"ala-teʔe"@crt	<http://ids.clld.org/values/8-760-304-1>		<http://ids.clld.org/parameters/8-760>		<http://ids.clld.org/values/8-760-295-1>		"bru (?)"@kpj	
"tˀ-ateʔ ~ -eteʔ"@crt	<http://ids.clld.org/values/4-410-304-1>		<http://ids.clld.org/parameters/4-410>		<http://ids.clld.org/values/4-410-295-1>		"howɨ̃"@kpj	
"afʷesyexey (f.)"@crt	<http://ids.clld.org/values/16-540-304-1>		<http://ids.clld.org/parameters/16-540>		<http://ids.clld.org/values/16-540-295-1>		"ɔhãru"@kpj	
"-ok"@crt	<http://ids.clld.org/values/4-492-304-1>		<http://ids.clld.org/parameters/4-492>		<http://ids.clld.org/values/4-492-295-1>		"no"@kpj	
"-tokyo-c̷eʔ (m.)"@crt	<http://ids.clld.org/values/4-205-304-1>		<http://ids.clld.org/parameters/4-205>		<http://ids.clld.org/values/4-205-295-1>		"ɔru"@kpj	
"lieʔ"@crt	<http://ids.clld.org/values/2-510-304-1>		<http://ids.clld.org/parameters/2-510>		<http://ids.clld.org/values/2-510-295-1>		"wɨlana"@kpj	
"-kax ~ -kyax (f.)"@crt	<http://ids.clld.org/values/4-260-304-1>		<http://ids.clld.org/parameters/4-260>		<http://ids.clld.org/values/4-260-295-1>		"dɔrɔtɔ (?)"@kpj	
"-lakyen ~ -lyeken"@crt	<http://ids.clld.org/values/16-260-304-1>		<http://ids.clld.org/parameters/16-260>		<http://ids.clld.org/values/16-260-295-1>		"ləsi"@kpj	
"kyoyoyiʔ"@crt	<http://ids.clld.org/values/12-810-304-1>		<http://ids.clld.org/parameters/12-810>		<http://ids.clld.org/values/12-810-295-1>		"i-webəse"@kpj	
"woyetaxayi"@crt	<http://ids.clld.org/values/17-172-304-1>		<http://ids.clld.org/parameters/17-172>		<http://ids.clld.org/values/17-172-295-1>		"sə-nɨ"@kpj	
"siyus"@crt	<http://ids.clld.org/values/3-650-304-1>		<http://ids.clld.org/parameters/3-650>		<http://ids.clld.org/values/3-650-295-1>		"ətora"@kpj	
"-sakal ~ -syakal (f.)"@crt	<http://ids.clld.org/values/16-110-304-1>		<http://ids.clld.org/parameters/16-110>		<http://ids.clld.org/values/16-110-295-1>		"tɨɨtɨbɨ"@kpj	
"etyeʔ (f.)"@crt	<http://ids.clld.org/values/1-810-304-1>		<http://ids.clld.org/parameters/1-810>		<http://ids.clld.org/values/1-810-295-1>		"heɔtɨ"@kpj	
"-kofʷax ~ -kyofʷax (m.)"@crt	<http://ids.clld.org/values/19-520-304-1>		<http://ids.clld.org/parameters/19-520>		<http://ids.clld.org/values/19-520-295-1>		"ɔlədu"@kpj	
"xikyowe"@crt	<http://ids.clld.org/values/12-370-304-1>		<http://ids.clld.org/parameters/12-370>		<http://ids.clld.org/values/12-370-295-3>		"were"@kpj	
"xikyowe"@crt	<http://ids.clld.org/values/12-370-304-1>		<http://ids.clld.org/parameters/12-370>		<http://ids.clld.org/values/12-370-295-1>		"tɨa"@kpj	
"siwalak (f.)"@crt	<http://ids.clld.org/values/3-818-304-1>		<http://ids.clld.org/parameters/3-818>		<http://ids.clld.org/values/3-818-295-1>		"očuruku (?)"@kpj	
"-woxikyewa ~ -yoxikyewa"@crt	<http://ids.clld.org/values/4-860-304-1>		<http://ids.clld.org/parameters/4-860>		<http://ids.clld.org/values/4-860-295-1>		"teɨte-nɨ"@kpj	
"-paxtiʔ ~ -pyextiʔ"@crt	<http://ids.clld.org/values/10-260-304-1>		<http://ids.clld.org/parameters/10-260>		<http://ids.clld.org/values/10-260-295-1>		"mɨtɨta-mɨtɨta"@kpj	
"-fʷeye"@crt	<http://ids.clld.org/values/12-410-304-1>		<http://ids.clld.org/parameters/12-410>		<http://ids.clld.org/values/12-410-295-1>		"ruruna-rəbi"@kpj	
"xloma"@crt	<http://ids.clld.org/values/14-440-304-1>		<http://ids.clld.org/parameters/14-440>		<http://ids.clld.org/values/14-440-295-1>		"biurasɔ"@kpj	
"wota-ayinye"@crt	<http://ids.clld.org/values/3-520-304-1>		<http://ids.clld.org/parameters/3-520>		<http://ids.clld.org/values/3-520-295-1>		"hãnie-hãbu"@kpj	
"-ayim"@crt	<http://ids.clld.org/values/16-410-304-1>		<http://ids.clld.org/parameters/16-410>		<http://ids.clld.org/values/16-410-295-1>		"dera"@kpj	
"-xetek ~ -xitek (f.)"@crt	<http://ids.clld.org/values/4-200-304-1>		<http://ids.clld.org/parameters/4-200>		<http://ids.clld.org/values/4-200-295-1>		"ra"@kpj	
"-xetek ~ -xitek (f.)"@crt	<http://ids.clld.org/values/4-200-304-1>		<http://ids.clld.org/parameters/4-200>		<http://ids.clld.org/values/4-200-295-3>		"ra-ti"@kpj	
"-yekyun"@crt	<http://ids.clld.org/values/5-110-304-1>		<http://ids.clld.org/parameters/5-110>		<http://ids.clld.org/values/5-110-295-7>		"-kɨ-"@kpj	
"-yekyun"@crt	<http://ids.clld.org/values/5-110-304-1>		<http://ids.clld.org/parameters/5-110>		<http://ids.clld.org/values/5-110-295-3>		"iɔwe"@kpj	
"-yekyun"@crt	<http://ids.clld.org/values/5-110-304-1>		<http://ids.clld.org/parameters/5-110>		<http://ids.clld.org/values/5-110-295-5>		"roši"@kpj	
"-yekyun"@crt	<http://ids.clld.org/values/5-110-304-1>		<http://ids.clld.org/parameters/5-110>		<http://ids.clld.org/values/5-110-295-1>		"ɨ"@kpj	
"lox"@crt	<http://ids.clld.org/values/13-150-304-1>		<http://ids.clld.org/parameters/13-150>		<http://ids.clld.org/values/13-150-295-1>		"sõwe"@kpj	
"alisa"@crt	<http://ids.clld.org/values/9-770-304-1>		<http://ids.clld.org/parameters/9-770>		<http://ids.clld.org/values/9-770-295-1>		"bɨre"@kpj	
"-xnus"@crt	<http://ids.clld.org/values/13-107-304-3>		<http://ids.clld.org/parameters/13-107>		<http://ids.clld.org/values/13-107-295-1>		"aria"@kpj	
"-yiltan"@crt	<http://ids.clld.org/values/10-510-304-1>		<http://ids.clld.org/parameters/10-510>		<http://ids.clld.org/values/10-510-295-1>		"henɨ"@kpj	
"walek (m.)"@crt	<http://ids.clld.org/values/6-240-304-1>		<http://ids.clld.org/parameters/6-240>		<http://ids.clld.org/values/6-240-295-1>		"esõde"@kpj	
"-fʷoma ~ -xyoma"@crt	<http://ids.clld.org/values/10-670-304-1>		<http://ids.clld.org/parameters/10-670>		<http://ids.clld.org/values/10-670-295-1>		"itorunɨ"@kpj	
"axnat-kyeʔ"@crt	<http://ids.clld.org/values/8-250-304-1>		<http://ids.clld.org/parameters/8-250>		<http://ids.clld.org/values/8-250-295-1>		"bərure"@kpj	
"-poy (f.)"@crt	<http://ids.clld.org/values/1-440-304-1>		<http://ids.clld.org/parameters/1-440>		<http://ids.clld.org/values/1-440-295-1>		"mɨna"@kpj	
"-lafʷa ~ lyefʷa"@crt	<http://ids.clld.org/values/3-110-304-1>		<http://ids.clld.org/parameters/3-110>		<http://ids.clld.org/values/3-110-295-1>		"irɔdu"@kpj	
"-les"@crt	<http://ids.clld.org/values/3-950-304-1>		<http://ids.clld.org/parameters/3-950>		<http://ids.clld.org/values/3-950-295-1>		"ərɔ"@kpj	
"-skyuxnen ~ -tiskyuxnen"@crt	<http://ids.clld.org/values/10-450-304-1>		<http://ids.clld.org/parameters/10-450>		<http://ids.clld.org/values/10-450-295-1>		"rira-n��"@kpj	
"kexemsa (?)"@crt	<http://ids.clld.org/values/16-480-304-1>		<http://ids.clld.org/parameters/16-480>		<http://ids.clld.org/values/16-480-295-1>		"šiwede"@kpj	
"sayine"@crt	<http://ids.clld.org/values/9-770-304-5>		<http://ids.clld.org/parameters/9-770>		<http://ids.clld.org/values/9-770-295-1>		"bɨre"@kpj	
"wac̷o-lamak"@crt	<http://ids.clld.org/values/5-550-304-1>		<http://ids.clld.org/parameters/5-550>		<http://ids.clld.org/values/5-550-295-1>		"iǰərena"@kpj	
"alinityam ~ elinityam"@crt	<http://ids.clld.org/values/9-460-304-1>		<http://ids.clld.org/parameters/9-460>		<http://ids.clld.org/values/9-460-295-3>		"rure"@kpj	
"alinityam ~ elinityam"@crt	<http://ids.clld.org/values/9-460-304-1>		<http://ids.clld.org/parameters/9-460>		<http://ids.clld.org/values/9-460-295-1>		"roro"@kpj	
"akixnan"@crt	<http://ids.clld.org/values/20-610-304-3>		<http://ids.clld.org/parameters/20-610>		<http://ids.clld.org/values/20-610-295-1>		"riu"@kpj	
"apilinkyafʷey ~ -epilinkyafʷey"@crt	<http://ids.clld.org/values/10-130-304-1>		<http://ids.clld.org/parameters/10-130>		<http://ids.clld.org/values/10-130-295-1>		"abuare"@kpj	
"-kawilikiʔ ~ -kyawilikiʔ (f.)"@crt	<http://ids.clld.org/values/6-770-304-1>		<http://ids.clld.org/parameters/6-770>		<http://ids.clld.org/values/6-770-295-1>		"õhõtisana"@kpj	
"-t-ot-ey ~ -ut-ey"@crt	<http://ids.clld.org/values/11-830-304-3>		<http://ids.clld.org/parameters/11-830>		<http://ids.clld.org/values/11-830-295-1>		"ibɨnɨ"@kpj	
"sonta"@crt	<http://ids.clld.org/values/3-250-304-1>		<http://ids.clld.org/parameters/3-250>		<http://ids.clld.org/values/3-250-295-1>		"budɔe-ni"@kpj	
"kˀekexey"@crt	<http://ids.clld.org/values/15-350-304-1>		<http://ids.clld.org/parameters/15-350>		<http://ids.clld.org/values/15-350-295-1>		"ibəree"@kpj	
"-kasit"@crt	<http://ids.clld.org/values/12-150-304-1>		<http://ids.clld.org/parameters/12-150>		<http://ids.clld.org/values/12-150-295-1>		"ɨni"@kpj	
"akoye"@crt	<http://ids.clld.org/values/10-831-304-1>		<http://ids.clld.org/parameters/10-831>		<http://ids.clld.org/values/10-831-295-3>		"lawɔ"@kpj	
"akoye"@crt	<http://ids.clld.org/values/10-831-304-1>		<http://ids.clld.org/parameters/10-831>		<http://ids.clld.org/values/10-831-295-1>		"hãwɔ"@kpj	
"-yelixiʔ"@crt	<http://ids.clld.org/values/4-510-304-1>		<http://ids.clld.org/parameters/4-510>		<http://ids.clld.org/values/4-510-295-1>		"ele"@kpj	
"-afʷeʔ ~ -efʷeʔ (f.)"@crt	<http://ids.clld.org/values/4-270-304-1>		<http://ids.clld.org/parameters/4-270>		<http://ids.clld.org/values/4-270-295-1>		"ǰuu"@kpj	
"-afʷeʔ ~ -efʷeʔ (f.)"@crt	<http://ids.clld.org/values/4-270-304-1>		<http://ids.clld.org/parameters/4-270>		<http://ids.clld.org/values/4-270-295-3>		"čuu"@kpj	
"tetik (f.)"@crt	<http://ids.clld.org/values/5-320-304-1>		<http://ids.clld.org/parameters/5-320>		<http://ids.clld.org/values/5-320-295-1>		"alɔsena"@kpj	
"inyexkay"@crt	<http://ids.clld.org/values/1-740-304-3>		<http://ids.clld.org/parameters/1-740>		<http://ids.clld.org/values/1-740-295-1>		"nonoe"@kpj	
"fʷiyi"@crt	<http://ids.clld.org/values/9-770-304-3>		<http://ids.clld.org/parameters/9-770>		<http://ids.clld.org/values/9-770-295-1>		"bɨre"@kpj	
"awextiʔ ~ -ewextiʔ"@crt	<http://ids.clld.org/values/12-730-304-1>		<http://ids.clld.org/parameters/12-730>		<http://ids.clld.org/values/12-730-295-3>		"ɔbiti"@kpj	
"awextiʔ ~ -ewextiʔ"@crt	<http://ids.clld.org/values/12-730-304-1>		<http://ids.clld.org/parameters/12-730>		<http://ids.clld.org/values/12-730-295-1>		"ɔbiti-nɨ"@kpj	
"napa-we"@crt	<http://ids.clld.org/values/17-650-304-1>		<http://ids.clld.org/parameters/17-650>		<http://ids.clld.org/values/17-650-295-1>		"tiu"@kpj	
"napa-we"@crt	<http://ids.clld.org/values/17-650-304-1>		<http://ids.clld.org/parameters/17-650>		<http://ids.clld.org/values/17-650-295-3>		"u"@kpj	
"laʔpix (m.)"@crt	<http://ids.clld.org/values/3-940-304-1>		<http://ids.clld.org/parameters/3-940>		<http://ids.clld.org/values/3-940-295-1>		"brobure"@kpj	
"-ola ~ -uxla"@crt	<http://ids.clld.org/values/4-910-304-1>		<http://ids.clld.org/parameters/4-910>		<http://ids.clld.org/values/4-910-295-1>		"ituede"@kpj	
"alata (m.)"@crt	<http://ids.clld.org/values/7-570-304-1>		<http://ids.clld.org/parameters/7-570>		<http://ids.clld.org/values/7-570-295-1>		"iǰə"@kpj	
"koxsokiʔ (f.)"@crt	<http://ids.clld.org/values/9-192-304-1>		<http://ids.clld.org/parameters/9-192>		<http://ids.clld.org/values/9-192-295-1>		"ratisa (?)"@kpj	
"-lewe ~ -liwe"@crt	<http://ids.clld.org/values/4-300-304-1>		<http://ids.clld.org/parameters/4-300>		<http://ids.clld.org/values/4-300-295-1>		"ašiɔ-ti"@kpj	
"-laxnaten ~ -lyexnaten"@crt	<http://ids.clld.org/values/11-270-304-1>		<http://ids.clld.org/parameters/11-270>		<http://ids.clld.org/values/11-270-295-1>		"ahu"@kpj	
"-leente"@crt	<http://ids.clld.org/values/6-790-304-1>		<http://ids.clld.org/parameters/6-790>		<http://ids.clld.org/values/6-790-295-1>		"ɔmarurə"@kpj	
"-mkaxan"@crt	<http://ids.clld.org/values/16-230-304-1>		<http://ids.clld.org/parameters/16-230>		<http://ids.clld.org/values/16-230-295-3>		"teɨsa"@kpj	
"-mkaxan"@crt	<http://ids.clld.org/values/16-230-304-1>		<http://ids.clld.org/parameters/16-230>		<http://ids.clld.org/values/16-230-295-1>		"deɨsa"@kpj	
"-nalen"@crt	<http://ids.clld.org/values/5-140-304-1>		<http://ids.clld.org/parameters/5-140>		<http://ids.clld.org/values/5-140-295-1>		"rəma"@kpj	
"pexla"@crt	<http://ids.clld.org/values/1-750-304-1>		<http://ids.clld.org/parameters/1-750>		<http://ids.clld.org/values/1-750-295-1>		"biu"@kpj	
"pexla"@crt	<http://ids.clld.org/values/1-750-304-1>		<http://ids.clld.org/parameters/1-750>		<http://ids.clld.org/values/1-750-295-3>		"nanaɨ"@kpj	
"-tate-teʔ"@crt	<http://ids.clld.org/values/16-380-304-1>		<http://ids.clld.org/parameters/16-380>		<http://ids.clld.org/values/16-380-295-1>		"rube"@kpj	
"walaaxi-wet (f.)"@crt	<http://ids.clld.org/values/9-760-304-1>		<http://ids.clld.org/parameters/9-760>		<http://ids.clld.org/values/9-760-295-1>		"behɨra"@kpj	
"walaaxi-wet (f.)"@crt	<http://ids.clld.org/values/9-760-304-1>		<http://ids.clld.org/parameters/9-760>		<http://ids.clld.org/values/9-760-295-3>		"lala"@kpj	
"-maʔa ~ -miʔe"@crt	<http://ids.clld.org/values/4-610-304-1>		<http://ids.clld.org/parameters/4-610>		<http://ids.clld.org/values/4-610-295-3>		"ron"@kpj	
"-maʔa ~ -miʔe"@crt	<http://ids.clld.org/values/4-610-304-1>		<http://ids.clld.org/parameters/4-610>		<http://ids.clld.org/values/4-610-295-5>		"rõrõ-"@kpj	
"-maʔa ~ -miʔe"@crt	<http://ids.clld.org/values/4-610-304-1>		<http://ids.clld.org/parameters/4-610>		<http://ids.clld.org/values/4-610-295-1>		"õrõ"@kpj	
"-kyeʔti ~ -syeʔti"@crt	<http://ids.clld.org/values/9-260-304-1>		<http://ids.clld.org/parameters/9-260>		<http://ids.clld.org/values/9-260-295-1>		"əro"@kpj	
"fʷamlaa"@crt	<http://ids.clld.org/values/12-560-304-1>		<http://ids.clld.org/parameters/12-560>		<http://ids.clld.org/values/12-560-295-1>		"iɨǰa"@kpj	
"fʷamlaa"@crt	<http://ids.clld.org/values/12-560-304-1>		<http://ids.clld.org/parameters/12-560>		<http://ids.clld.org/values/12-560-295-3>		"i-ɨla"@kpj	
"fʷamlaa"@crt	<http://ids.clld.org/values/12-560-304-1>		<http://ids.clld.org/parameters/12-560>		<http://ids.clld.org/values/12-560-295-5>		"səmo"@kpj	
"wona-teʔ ~ oxoʔnateʔ"@crt	<http://ids.clld.org/values/5-840-304-1>		<http://ids.clld.org/parameters/5-840>		<http://ids.clld.org/values/5-840-295-1>		"bədi"@kpj	
"-kaxnat ~ -kyaxnat (m.)"@crt	<http://ids.clld.org/values/20-520-304-1>		<http://ids.clld.org/parameters/20-520>		<http://ids.clld.org/values/20-520-295-1>		"waši"@kpj	
"kityeneʔ"@crt	<http://ids.clld.org/values/3-980-304-3>		<http://ids.clld.org/parameters/3-980>		<http://ids.clld.org/values/3-980-295-1>		"ɔtu"@kpj	
"kityeneʔ"@crt	<http://ids.clld.org/values/3-980-304-3>		<http://ids.clld.org/parameters/3-980>		<http://ids.clld.org/values/3-980-295-3>		"ɔtuni"@kpj	
"an-ey -paxlate"@crt	<http://ids.clld.org/values/18-410-304-1>		<http://ids.clld.org/parameters/18-410>		<http://ids.clld.org/values/18-410-295-1>		"rəki"@kpj	
"-wuy-tetyeeʔ"@crt	<http://ids.clld.org/values/6-460-304-1>		<http://ids.clld.org/parameters/6-460>		<http://ids.clld.org/values/6-460-295-1>		"ɨɨ"@kpj	
"wuʔpax"@crt	<http://ids.clld.org/values/12-480-304-1>		<http://ids.clld.org/parameters/12-480>		<http://ids.clld.org/values/12-480-295-1>		"bɔɔ"@kpj	
"-nam"@crt	<http://ids.clld.org/values/10-480-304-1>		<http://ids.clld.org/parameters/10-480>		<http://ids.clld.org/values/10-480-295-1>		"na"@kpj	
"noʔo (m.)"@crt	<http://ids.clld.org/values/3-610-304-1>		<http://ids.clld.org/parameters/3-610>		<http://ids.clld.org/values/3-610-295-1>		"iǰɔrɔ-sa"@kpj	
"peyluki"@crt	<http://ids.clld.org/values/22-450-304-3>		<http://ids.clld.org/parameters/22-450>		<http://ids.clld.org/values/22-450-295-1>		"uni"@kpj	
"li-peʔ"@crt	<http://ids.clld.org/values/5-790-304-1>		<http://ids.clld.org/parameters/5-790>		<http://ids.clld.org/values/5-790-295-1>		"ɔlɨ̃re"@kpj	
"-fʷesye"@crt	<http://ids.clld.org/values/16-720-304-1>		<http://ids.clld.org/parameters/16-720>		<http://ids.clld.org/values/16-720-295-1>		"bina"@kpj	
"-xawet ~ -xyewet ~ -awet"@crt	<http://ids.clld.org/values/7-420-304-1>		<http://ids.clld.org/parameters/7-420>		<http://ids.clld.org/values/7-420-295-1>		"heri-na"@kpj	
"fʷatan"@crt	<http://ids.clld.org/values/21-510-304-1>		<http://ids.clld.org/parameters/21-510>		<http://ids.clld.org/values/21-510-295-1>		"wasi-nɨ"@kpj	
"naxakiʔ"@crt	<http://ids.clld.org/values/14-470-304-1>		<http://ids.clld.org/parameters/14-470>		<http://ids.clld.org/values/14-470-295-1>		"wiǰi"@kpj	
"-fʷaxakiʔ"@crt	<http://ids.clld.org/values/9-270-304-1>		<http://ids.clld.org/parameters/9-270>		<http://ids.clld.org/values/9-270-295-1>		"abɨnɨ"@kpj	
"-fʷaxakiʔ"@crt	<http://ids.clld.org/values/9-270-304-1>		<http://ids.clld.org/parameters/9-270>		<http://ids.clld.org/values/9-270-295-3>		"čua"@kpj	
"-tula"@crt	<http://ids.clld.org/values/15-650-304-1>		<http://ids.clld.org/parameters/15-650>		<http://ids.clld.org/values/15-650-295-1>		"iləbɨ"@kpj	
"-wun"@crt	<http://ids.clld.org/values/1-851-304-1>		<http://ids.clld.org/parameters/1-851>		<http://ids.clld.org/values/1-851-295-1>		"so"@kpj	
"atik (f.)"@crt	<http://ids.clld.org/values/8-970-304-1>		<http://ids.clld.org/parameters/8-970>		<http://ids.clld.org/values/8-970-295-1>		"mɨta"@kpj	
"-fʷesye ~ -wexsye"@crt	<http://ids.clld.org/values/16-420-304-1>		<http://ids.clld.org/parameters/16-420>		<http://ids.clld.org/values/16-420-295-1>		"sira"@kpj	
"inkyeʔ"@crt	<http://ids.clld.org/values/14-130-304-1>		<http://ids.clld.org/parameters/14-130>		<http://ids.clld.org/values/14-130-295-1>		"itɨ̃mɨra"@kpj	
"-teyfʷom ~ -tifʷom"@crt	<http://ids.clld.org/values/12-530-304-1>		<http://ids.clld.org/parameters/12-530>		<http://ids.clld.org/values/12-530-295-1>		"təbie-nɨ"@kpj	
"-talkyun ~ -tyelkyun"@crt	<http://ids.clld.org/values/17-130-304-1>		<http://ids.clld.org/parameters/17-130>		<http://ids.clld.org/values/17-130-295-1>		"õhõtinɨ"@kpj	
"tewk takinaʔ"@crt	<http://ids.clld.org/values/1-270-304-1>		<http://ids.clld.org/parameters/1-270>		<http://ids.clld.org/values/1-270-295-1>		"iǰəti (?)"@kpj	
"nayi (f.)"@crt	<http://ids.clld.org/values/10-710-304-1>		<http://ids.clld.org/parameters/10-710>		<http://ids.clld.org/values/10-710-295-1>		"rɨ"@kpj	
"ifʷyesam"@crt	<http://ids.clld.org/values/5-125-304-1>		<http://ids.clld.org/parameters/5-125>		<http://ids.clld.org/values/5-125-295-1>		"irɔ"@kpj	
"-fʷeleyin ~ -fʷileyin"@crt	<http://ids.clld.org/values/17-380-304-1>		<http://ids.clld.org/parameters/17-380>		<http://ids.clld.org/values/17-380-295-1>		"tənɨ-nɨ"@kpj	
"fʷamlaa"@crt	<http://ids.clld.org/values/13-170-304-3>		<http://ids.clld.org/parameters/13-170>		<http://ids.clld.org/values/13-170-295-1>		"ibute"@kpj	
"-woyis ~ -yoyis"@crt	<http://ids.clld.org/values/4-150-304-1>		<http://ids.clld.org/parameters/4-150>		<http://ids.clld.org/values/4-150-295-1>		"hãləbu"@kpj	
"axnat (f.)"@crt	<http://ids.clld.org/values/1-212-304-1>		<http://ids.clld.org/parameters/1-212>		<http://ids.clld.org/values/1-212-295-1>		"tɨti (?)"@kpj	
"-wetnetapeʔe ~ -witnetapeʔe"@crt	<http://ids.clld.org/values/11-160-304-1>		<http://ids.clld.org/parameters/11-160>		<http://ids.clld.org/values/11-160-295-1>		"mɨ"@kpj	
"naxak"@crt	<http://ids.clld.org/values/20-540-304-1>		<http://ids.clld.org/parameters/20-540>		<http://ids.clld.org/values/20-540-295-1>		"deɔreru"@kpj	
"xa -kakyu -kyakyu"@crt	<http://ids.clld.org/values/17-150-304-1>		<http://ids.clld.org/parameters/17-150>		<http://ids.clld.org/values/17-150-295-1>		"itɨhɨ"@kpj	
"kopiyeʔ (f.)"@crt	<http://ids.clld.org/values/3-920-304-1>		<http://ids.clld.org/parameters/3-920>		<http://ids.clld.org/values/3-920-295-1>		"očiša"@kpj	
"sifʷoniʔ"@crt	<http://ids.clld.org/values/5-810-304-1>		<http://ids.clld.org/parameters/5-810>		<http://ids.clld.org/values/5-810-295-1>		"ǰuwɨra"@kpj	
"sifʷoniʔ"@crt	<http://ids.clld.org/values/5-810-304-1>		<http://ids.clld.org/parameters/5-810>		<http://ids.clld.org/values/5-810-295-3>		"ǰɨra"@kpj	
"-wet-lane ~ -wit-lane"@crt	<http://ids.clld.org/values/20-110-304-1>		<http://ids.clld.org/parameters/20-110>		<http://ids.clld.org/values/20-110-295-1>		"esu"@kpj	
"-wet-lane ~ -wit-lane"@crt	<http://ids.clld.org/values/20-110-304-1>		<http://ids.clld.org/parameters/20-110>		<http://ids.clld.org/values/20-110-295-3>		"ɔrenɨ"@kpj	
"-wac̷oxnak"@crt	<http://ids.clld.org/values/8-920-304-1>		<http://ids.clld.org/parameters/8-920>		<http://ids.clld.org/values/8-920-295-1>		"ɨ̃ǰiura"@kpj	
"-kaxsiliʔ ~ -kyaxsiliʔ (m.)"@crt	<http://ids.clld.org/values/4-461-304-1>		<http://ids.clld.org/parameters/4-461>		<http://ids.clld.org/values/4-461-295-1>		"werɨri"@kpj	
"-taye-xe-es ~ -tyaye-xe-es"@crt	<http://ids.clld.org/values/17-230-304-1>		<http://ids.clld.org/parameters/17-230>		<http://ids.clld.org/values/17-230-295-1>		"čɨ̃te"@kpj	
"kyaatay"@crt	<http://ids.clld.org/values/14-310-304-3>		<http://ids.clld.org/parameters/14-310>		<http://ids.clld.org/values/14-310-295-1>		"urena"@kpj	
"-sayeten"@crt	<http://ids.clld.org/values/9-350-304-3>		<http://ids.clld.org/parameters/9-350>		<http://ids.clld.org/values/9-350-295-1>		"ǰušu"@kpj	
"-ka-pen-an"@crt	<http://ids.clld.org/values/5-210-304-1>		<http://ids.clld.org/parameters/5-210>		<http://ids.clld.org/values/5-210-295-3>		"idere"@kpj	
"-ka-pen-an"@crt	<http://ids.clld.org/values/5-210-304-1>		<http://ids.clld.org/parameters/5-210>		<http://ids.clld.org/values/5-210-295-1>		"hera"@kpj	
"yuxsa"@crt	<http://ids.clld.org/values/14-150-304-1>		<http://ids.clld.org/parameters/14-150>		<http://ids.clld.org/values/14-150-295-3>		"matuari"@kpj	
"yuxsa"@crt	<http://ids.clld.org/values/14-150-304-1>		<http://ids.clld.org/parameters/14-150>		<http://ids.clld.org/values/14-150-295-1>		"iheči"@kpj	
"-keynisyen"@crt	<http://ids.clld.org/values/18-120-304-1>		<http://ids.clld.org/parameters/18-120>		<http://ids.clld.org/values/18-120-295-1>		"awinɨ"@kpj	
"-weysyeʔ"@crt	<http://ids.clld.org/values/13-230-304-1>		<http://ids.clld.org/parameters/13-230>		<http://ids.clld.org/values/13-230-295-1>		"əre"@kpj	
"-kyokileyis ~ -c̷yokileyis"@crt	<http://ids.clld.org/values/6-480-304-1>		<http://ids.clld.org/parameters/6-480>		<http://ids.clld.org/values/6-480-295-1>		"ruu (?)"@kpj	
"-toxseyin"@crt	<http://ids.clld.org/values/4-810-304-1>		<http://ids.clld.org/parameters/4-810>		<http://ids.clld.org/values/4-810-295-1>		"orəko"@kpj	
"xe-lefʷa ~ xe-lifʷa"@crt	<http://ids.clld.org/values/19-550-304-1>		<http://ids.clld.org/parameters/19-550>		<http://ids.clld.org/values/19-550-295-1>		"tori"@kpj	
"kyafʷey"@crt	<http://ids.clld.org/values/12-50-304-1>		<http://ids.clld.org/parameters/12-50>		<http://ids.clld.org/values/12-50-295-1>		"ki"@kpj	
"kyafʷey"@crt	<http://ids.clld.org/values/12-50-304-1>		<http://ids.clld.org/parameters/12-50>		<http://ids.clld.org/values/12-50-295-3>		"ro"@kpj	
"weʔla (m.)"@crt	<http://ids.clld.org/values/14-710-304-1>		<http://ids.clld.org/parameters/14-710>		<http://ids.clld.org/values/14-710-295-1>		"ahadu"@kpj	
"-wenam ~ -winam"@crt	<http://ids.clld.org/values/11-210-304-1>		<http://ids.clld.org/parameters/11-210>		<http://ids.clld.org/values/11-210-295-1>		"õ"@kpj	
"-wenam ~ -winam"@crt	<http://ids.clld.org/values/11-210-304-1>		<http://ids.clld.org/parameters/11-210>		<http://ids.clld.org/values/11-210-295-3>		"wahi"@kpj	
"sawo ~ -syewo"@crt	<http://ids.clld.org/values/7-120-304-1>		<http://ids.clld.org/parameters/7-120>		<http://ids.clld.org/values/7-120-295-1>		"heto"@kpj	
"-siʔ (f.)"@crt	<http://ids.clld.org/values/19-150-304-1>		<http://ids.clld.org/parameters/19-150>		<http://ids.clld.org/values/19-150-295-1>		"hãwã-hãkɨ̃"@kpj	
"-mafʷa ~ -myefʷa"@crt	<http://ids.clld.org/values/19-510-304-1>		<http://ids.clld.org/parameters/19-510>		<http://ids.clld.org/values/19-510-295-1>		"biɔwa"@kpj	
"-mafʷa ~ -myefʷa"@crt	<http://ids.clld.org/values/19-510-304-1>		<http://ids.clld.org/parameters/19-510>		<http://ids.clld.org/values/19-510-295-3>		"iɔ"@kpj	
"axlim"@crt	<http://ids.clld.org/values/12-850-304-1>		<http://ids.clld.org/parameters/12-850>		<http://ids.clld.org/values/12-850-295-1>		"hãloo"@kpj	
"nooxtiʔ"@crt	<http://ids.clld.org/values/14-170-304-1>		<http://ids.clld.org/parameters/14-170>		<http://ids.clld.org/values/14-170-295-1>		"roorehe-nɨ"@kpj	
"-taye-yuyi ~ -tyaye-yuyi"@crt	<http://ids.clld.org/values/17-310-304-1>		<http://ids.clld.org/parameters/17-310>		<http://ids.clld.org/values/17-310-295-1>		"išiša"@kpj	
"xe -fʷey ~ xe -fʷi"@crt	<http://ids.clld.org/values/16-530-304-1>		<http://ids.clld.org/parameters/16-530>		<http://ids.clld.org/values/16-530-295-1>		"masaǰua"@kpj	
"xe -fʷey ~ xe -fʷi"@crt	<http://ids.clld.org/values/16-530-304-1>		<http://ids.clld.org/parameters/16-530>		<http://ids.clld.org/values/16-530-295-3>		"uberu"@kpj	
"axna"@crt	<http://ids.clld.org/values/1-620-304-1>		<http://ids.clld.org/parameters/1-620>		<http://ids.clld.org/values/1-620-295-1>		"uru-nɨ"@kpj	
"laxwu"@crt	<http://ids.clld.org/values/1-720-304-1>		<http://ids.clld.org/parameters/1-720>		<http://ids.clld.org/values/1-720-295-1>		"ɨhɨ"@kpj	
"xloma (m.)"@crt	<http://ids.clld.org/values/14-410-304-1>		<http://ids.clld.org/parameters/14-410>		<http://ids.clld.org/values/14-410-295-1>		"čuu"@kpj	
"-elyey ~ -ilyey"@crt	<http://ids.clld.org/values/15-840-304-1>		<http://ids.clld.org/parameters/15-840>		<http://ids.clld.org/values/15-840-295-1>		"irəbu"@kpj	
"-woleʔ (m.)"@crt	<http://ids.clld.org/values/4-140-304-1>		<http://ids.clld.org/parameters/4-140>		<http://ids.clld.org/values/4-140-295-1>		"ra-de"@kpj	
"-tieʔ"@crt	<http://ids.clld.org/values/2-520-304-1>		<http://ids.clld.org/parameters/2-520>		<http://ids.clld.org/values/2-520-295-1>		"lana"@kpj	
"-poxsiʔ (f.) ~ -pyuxsiʔ"@crt	<http://ids.clld.org/values/4-142-304-1>		<http://ids.clld.org/parameters/4-142>		<http://ids.clld.org/values/4-142-295-1>		"iǰɔsiri (?)"@kpj	
"-nayi-niye ~ -nyeyiniye"@crt	<http://ids.clld.org/values/10-650-304-1>		<http://ids.clld.org/parameters/10-650>		<http://ids.clld.org/values/10-650-295-1>		"iretɨ̃hi"@kpj	
"laʔ (m.)"@crt	<http://ids.clld.org/values/5-710-304-1>		<http://ids.clld.org/parameters/5-710>		<http://ids.clld.org/values/5-710-295-1>		"bəderatɨ"@kpj	
"fʷayoy"@crt	<http://ids.clld.org/values/3-832-304-5>		<http://ids.clld.org/parameters/3-832>		<http://ids.clld.org/values/3-832-295-1>		"mərõra"@kpj	
"fʷayoy"@crt	<http://ids.clld.org/values/3-832-304-5>		<http://ids.clld.org/parameters/3-832>		<http://ids.clld.org/values/3-832-295-3>		"mɨrõra"@kpj	
"-yesiki-pot"@crt	<http://ids.clld.org/values/4-344-304-1>		<http://ids.clld.org/parameters/4-344>		<http://ids.clld.org/values/4-344-295-1>		"dešiɔ"@kpj	
"-c̷oweʔ ~ -c̷yuweʔ"@crt	<http://ids.clld.org/values/5-160-304-1>		<http://ids.clld.org/parameters/5-160>		<http://ids.clld.org/values/5-160-295-1>		"tɔ"@kpj	
"inye-weseʔ"@crt	<http://ids.clld.org/values/2-260-304-1>		<http://ids.clld.org/parameters/2-260>		<http://ids.clld.org/values/2-260-295-1>		"hirari"@kpj	
"-amtes ~ -emtes"@crt	<http://ids.clld.org/values/18-260-304-1>		<http://ids.clld.org/parameters/18-260>		<http://ids.clld.org/values/18-260-295-1>		"rɨ-be"@kpj	
"lemiʔ"@crt	<http://ids.clld.org/values/15-640-304-1>		<http://ids.clld.org/parameters/15-640>		<http://ids.clld.org/values/15-640-295-1>		"ura"@kpj	
"nooxtiʔ"@crt	<http://ids.clld.org/values/14-490-304-1>		<http://ids.clld.org/parameters/14-490>		<http://ids.clld.org/values/14-490-295-1>		"kau"@kpj	
"woykiʔ"@crt	<http://ids.clld.org/values/3-740-304-1>		<http://ids.clld.org/parameters/3-740>		<http://ids.clld.org/values/3-740-295-1>		"iǰɔrɔ"@kpj	
"toxsinye"@crt	<http://ids.clld.org/values/5-370-304-1>		<http://ids.clld.org/parameters/5-370>		<http://ids.clld.org/values/5-370-295-1>		"ətara"@kpj	
"isyet"@crt	<http://ids.clld.org/values/15-660-304-1>		<http://ids.clld.org/parameters/15-660>		<http://ids.clld.org/values/15-660-295-1>		"isɔ"@kpj	
"totyuʔ"@crt	<http://ids.clld.org/values/2-460-304-3>		<http://ids.clld.org/parameters/2-460>		<http://ids.clld.org/values/2-460-295-1>		"labie"@kpj	
"afʷenas-ikyeʔ"@crt	<http://ids.clld.org/values/3-585-304-1>		<http://ids.clld.org/parameters/3-585>		<http://ids.clld.org/values/3-585-295-1>		"hire"@kpj	
"-amee"@crt	<http://ids.clld.org/values/11-120-304-1>		<http://ids.clld.org/parameters/11-120>		<http://ids.clld.org/values/11-120-295-1>		"hõrõ"@kpj	
"sixnaye-tok"@crt	<http://ids.clld.org/values/8-930-304-1>		<http://ids.clld.org/parameters/8-930>		<http://ids.clld.org/values/8-930-295-1>		"aǰurɔna"@kpj	
"-fʷet ~ -fʷit (m.)"@crt	<http://ids.clld.org/values/6-570-304-1>		<http://ids.clld.org/parameters/6-570>		<http://ids.clld.org/values/6-570-295-1>		"were-ɨsana"@kpj	
"alenta"@crt	<http://ids.clld.org/values/3-410-304-1>		<http://ids.clld.org/parameters/3-410>		<http://ids.clld.org/values/3-410-295-1>		"[awaru]"@kpj	
"-kyes-kiʔ"@crt	<http://ids.clld.org/values/4-180-304-3>		<http://ids.clld.org/parameters/4-180>		<http://ids.clld.org/values/4-180-295-3>		"tõhewɔru"@kpj	
"-kyes-kiʔ"@crt	<http://ids.clld.org/values/4-180-304-3>		<http://ids.clld.org/parameters/4-180>		<http://ids.clld.org/values/4-180-295-1>		"nohewɔru"@kpj	
"takina (m.)"@crt	<http://ids.clld.org/values/1-222-304-1>		<http://ids.clld.org/parameters/1-222>		<http://ids.clld.org/values/1-222-295-1>		"iǰoti"@kpj	
"-fʷexkin ~ -fʷixkin"@crt	<http://ids.clld.org/values/12-270-304-1>		<http://ids.clld.org/parameters/12-270>		<http://ids.clld.org/values/12-270-295-1>		"wasi"@kpj	
"takixnakiʔ"@crt	<http://ids.clld.org/values/1-220-304-1>		<http://ids.clld.org/parameters/1-220>		<http://ids.clld.org/values/1-220-295-1>		"hãwãlɔ"@kpj	
"leʔkyuʔ (f.)"@crt	<http://ids.clld.org/values/5-970-304-1>		<http://ids.clld.org/parameters/5-970>		<http://ids.clld.org/values/5-970-295-1>		"si"@kpj	
"-ot (f.)"@crt	<http://ids.clld.org/values/4-400-304-1>		<http://ids.clld.org/parameters/4-400>		<http://ids.clld.org/values/4-400-295-1>		"lɔɨ"@kpj	
"lemtakiʔ"@crt	<http://ids.clld.org/values/8-311-304-1>		<http://ids.clld.org/parameters/8-311>		<http://ids.clld.org/values/8-311-295-3>		"tɨ"@kpj	
"lemtakiʔ"@crt	<http://ids.clld.org/values/8-311-304-1>		<http://ids.clld.org/parameters/8-311>		<http://ids.clld.org/values/8-311-295-1>		"lɔbərɔna"@kpj	
