"-kyexeʔ ~ -c̷yexeʔ (m.)"@crt	<http://ids.clld.org/values/20-250-304-1>		<http://ids.clld.org/parameters/20-250>		<http://ids.clld.org/values/20-250-174-1>		"šimāda"@mch	
"axwuʔ"@crt	<http://ids.clld.org/values/2-240-304-1>		<http://ids.clld.org/parameters/2-240>		<http://ids.clld.org/values/2-240-174-1>		"wodi"@mch	
"tic̷oyin"@crt	<http://ids.clld.org/values/8-941-304-1>		<http://ids.clld.org/parameters/8-941>		<http://ids.clld.org/values/8-941-174-1>		"əšīčādɨ"@mch	
"kyale"@crt	<http://ids.clld.org/values/2-270-304-1>		<http://ids.clld.org/parameters/2-270>		<http://ids.clld.org/values/2-270-174-1>		"nnedɨ"@mch	
"-xlanee"@crt	<http://ids.clld.org/values/1-860-304-3>		<http://ids.clld.org/parameters/1-860>		<http://ids.clld.org/values/1-860-174-1>		"-kemetə-"@mch	
"-fʷes (f.)"@crt	<http://ids.clld.org/values/4-392-304-1>		<http://ids.clld.org/parameters/4-392>		<http://ids.clld.org/values/4-392-174-1>		"ahəʔsai"@mch	
"-elkaan ~ -ilkaan"@crt	<http://ids.clld.org/values/10-330-304-1>		<http://ids.clld.org/parameters/10-330>		<http://ids.clld.org/values/10-330-174-1>		"yehuʔkwai"@mch	
"akyot"@crt	<http://ids.clld.org/values/3-823-304-3>		<http://ids.clld.org/parameters/3-823>		<http://ids.clld.org/values/3-823-174-1>		"sūnwa"@mch	
"-ton ~ -tyun"@crt	<http://ids.clld.org/values/10-620-304-1>		<http://ids.clld.org/parameters/10-620>		<http://ids.clld.org/values/10-620-174-1>		"-enehɨ"@mch	
"-tox ~ -tyux"@crt	<http://ids.clld.org/values/5-110-304-3>		<http://ids.clld.org/parameters/5-110>		<http://ids.clld.org/values/5-110-174-1>		"wowašīnčənə"@mch	
"-liixi"@crt	<http://ids.clld.org/values/15-770-304-1>		<http://ids.clld.org/parameters/15-770>		<http://ids.clld.org/values/15-770-174-1>		"tɨwansuʔde"@mch	
"kates (f.)"@crt	<http://ids.clld.org/values/1-540-304-1>		<http://ids.clld.org/parameters/1-540>		<http://ids.clld.org/values/1-540-174-1>		"šidīčə"@mch	
"owen ~ -towen"@crt	<http://ids.clld.org/values/10-460-304-1>		<http://ids.clld.org/parameters/10-460>		<http://ids.clld.org/values/10-460-174-1>		"w-ekaʔtɨn-nə"@mch	
"kyepis"@crt	<http://ids.clld.org/values/12-560-304-5>		<http://ids.clld.org/parameters/12-560>		<http://ids.clld.org/values/12-560-174-1>		"šeʔkə"@mch	
"etesyem ~ -tetesyem"@crt	<http://ids.clld.org/values/8-531-304-1>		<http://ids.clld.org/parameters/8-531>		<http://ids.clld.org/values/8-531-174-1>		"aiʔčɨdɨ"@mch	
"tasaxay"@crt	<http://ids.clld.org/values/15-780-304-1>		<http://ids.clld.org/parameters/15-780>		<http://ids.clld.org/values/15-780-174-1>		"ākə̄tədɨ"@mch	
"y-em-el ~ s-am-el"@crt	<http://ids.clld.org/values/2-941-304-1>		<http://ids.clld.org/parameters/2-941>		<http://ids.clld.org/values/2-941-174-1>		"kɨwɨ"@mch	
"taas"@crt	<http://ids.clld.org/values/5-260-304-1>		<http://ids.clld.org/parameters/5-260>		<http://ids.clld.org/values/5-260-174-1>		"ədinɲə"@mch	
"toxsa"@crt	<http://ids.clld.org/values/1-830-304-1>		<http://ids.clld.org/parameters/1-830>		<http://ids.clld.org/values/1-830-174-1>		"widīnčə"@mch	
"xe-kʔekexey"@crt	<http://ids.clld.org/values/15-370-304-3>		<http://ids.clld.org/parameters/15-370>		<http://ids.clld.org/values/15-370-174-1>		"tutune"@mch	
"xee"@crt	<http://ids.clld.org/values/17-560-304-1>		<http://ids.clld.org/parameters/17-560>		<http://ids.clld.org/values/17-560-174-1>		"mmʔhm"@mch	
"-wac̷o"@crt	<http://ids.clld.org/values/15-680-304-1>		<http://ids.clld.org/parameters/15-680>		<http://ids.clld.org/values/15-680-174-1>		"šēne"@mch	
"-paxsa"@crt	<http://ids.clld.org/values/14-210-304-3>		<http://ids.clld.org/parameters/14-210>		<http://ids.clld.org/values/14-210-174-1>		"tamhə̄ʔne"@mch	
"isyem"@crt	<http://ids.clld.org/values/12-30-304-1>		<http://ids.clld.org/parameters/12-30>		<http://ids.clld.org/values/12-30-174-1>		"doʔnə"@mch	
"enateʔ"@crt	<http://ids.clld.org/values/19-470-304-1>		<http://ids.clld.org/parameters/19-470>		<http://ids.clld.org/values/19-470-174-1>		"tɨdɨho-dɨ"@mch	
"-as"@crt	<http://ids.clld.org/values/2-410-304-1>		<http://ids.clld.org/parameters/2-410>		<http://ids.clld.org/values/2-410-174-1>		"nnedɨ"@mch	
"kilay"@crt	<http://ids.clld.org/values/1-520-304-1>		<http://ids.clld.org/parameters/1-520>		<http://ids.clld.org/values/1-520-174-1>		"šī"@mch	
"meme"@crt	<http://ids.clld.org/values/2-360-304-3>		<http://ids.clld.org/parameters/2-360>		<http://ids.clld.org/values/2-360-174-1>		"denɨ"@mch	
"niyek (f.)"@crt	<http://ids.clld.org/values/9-190-304-1>		<http://ids.clld.org/parameters/9-190>		<http://ids.clld.org/values/9-190-174-1>		"āʔto"@mch	
"wota-las"@crt	<http://ids.clld.org/values/3-550-304-1>		<http://ids.clld.org/parameters/3-550>		<http://ids.clld.org/values/3-550-174-1>		"wamēdi"@mch	
"lal (m.)"@crt	<http://ids.clld.org/values/1-820-304-1>		<http://ids.clld.org/parameters/1-820>		<http://ids.clld.org/values/1-820-174-1>		"wāʔto"@mch	
"-waxsan"@crt	<http://ids.clld.org/values/4-740-304-1>		<http://ids.clld.org/parameters/4-740>		<http://ids.clld.org/values/4-740-174-1>		"wenɲə"@mch	
"-taxloxli"@crt	<http://ids.clld.org/values/15-880-304-1>		<http://ids.clld.org/parameters/15-880>		<http://ids.clld.org/values/15-880-174-1>		"nossahe"@mch	
"inyoʔ"@crt	<http://ids.clld.org/values/2-100-304-1>		<http://ids.clld.org/parameters/2-100>		<http://ids.clld.org/values/2-100-174-1>		"ssoto"@mch	
"-kaxsan (f.)"@crt	<http://ids.clld.org/values/4-352-304-1>		<http://ids.clld.org/parameters/4-352>		<http://ids.clld.org/values/4-352-174-1>		"hōde"@mch	
"isye"@crt	<http://ids.clld.org/values/1-215-304-1>		<http://ids.clld.org/parameters/1-215>		<http://ids.clld.org/values/1-215-174-1>		"sāʔdaʔda"@mch	
"lepeʔep (m.)"@crt	<http://ids.clld.org/values/15-570-304-1>		<http://ids.clld.org/parameters/15-570>		<http://ids.clld.org/values/15-570-174-1>		"taʔwane"@mch	
"poleʔ (m.)"@crt	<http://ids.clld.org/values/1-730-304-1>		<http://ids.clld.org/parameters/1-730>		<http://ids.clld.org/values/1-730-174-1>		"kāʔdutu"@mch	
"alaʔ"@crt	<http://ids.clld.org/values/1-420-304-1>		<http://ids.clld.org/parameters/1-420>		<http://ids.clld.org/values/1-420-174-1>		"dē"@mch	
"-laʔ-kiʔmaʔ"@crt	<http://ids.clld.org/values/8-410-304-1>		<http://ids.clld.org/parameters/8-410>		<http://ids.clld.org/values/8-410-174-1>		"inɲatɨʔtə̄dɨ"@mch	
"axlupastana"@crt	<http://ids.clld.org/values/3-815-304-1>		<http://ids.clld.org/parameters/3-815>		<http://ids.clld.org/values/3-815-174-1>		"mɨnə̄tə"@mch	
"-axseʔ"@crt	<http://ids.clld.org/values/2-420-304-1>		<http://ids.clld.org/parameters/2-420>		<http://ids.clld.org/values/2-420-174-1>		"nnedɨ"@mch	
"xe-tuskiʔ"@crt	<http://ids.clld.org/values/4-820-304-1>		<http://ids.clld.org/parameters/4-820>		<http://ids.clld.org/values/4-820-174-1>		"āʔkedēto"@mch	
"l-am"@crt	<http://ids.clld.org/values/2-930-304-1>		<http://ids.clld.org/parameters/2-930>		<http://ids.clld.org/values/2-930-174-1>		"tɨwɨ"@mch	
"yuyi"@crt	<http://ids.clld.org/values/15-860-304-1>		<http://ids.clld.org/parameters/15-860>		<http://ids.clld.org/values/15-860-174-1>		"kəmme"@mch	
"lasa"@crt	<http://ids.clld.org/values/15-670-304-1>		<http://ids.clld.org/parameters/15-670>		<http://ids.clld.org/values/15-670-174-1>		"šēne"@mch	
"kilay yem isyem"@crt	<http://ids.clld.org/values/14-460-304-1>		<http://ids.clld.org/parameters/14-460>		<http://ids.clld.org/values/14-460-174-1>		"čomomɨdawə"@mch	
"-kiʔmeʔ ~ -siʔmeʔ"@crt	<http://ids.clld.org/values/11-130-304-1>		<http://ids.clld.org/parameters/11-130>		<http://ids.clld.org/values/11-130-174-1>		"w-emhan-nə"@mch	
"katakiʔ (f.)"@crt	<http://ids.clld.org/values/3-830-304-1>		<http://ids.clld.org/parameters/3-830>		<http://ids.clld.org/values/3-830-174-1>		"wedēsede"@mch	
"amtey"@crt	<http://ids.clld.org/values/18-210-304-1>		<http://ids.clld.org/parameters/18-210>		<http://ids.clld.org/values/18-210-174-1>		"w-aʔdew-nə"@mch	
"kixil-akiʔ"@crt	<http://ids.clld.org/values/2-471-304-1>		<http://ids.clld.org/parameters/2-471>		<http://ids.clld.org/values/2-471-174-1>		"noʔsamoʔkɨ"@mch	
"-nuneʔ ~ -nyuneʔ"@crt	<http://ids.clld.org/values/10-230-304-1>		<http://ids.clld.org/parameters/10-230>		<http://ids.clld.org/values/10-230-174-1>		"w-eduka-nə"@mch	
"-nayin ~ -nyeyin"@crt	<http://ids.clld.org/values/13-340-304-1>		<http://ids.clld.org/parameters/13-340>		<http://ids.clld.org/values/13-340-174-1>		"awaʔde"@mch	
"-lanit ~ -lyenit"@crt	<http://ids.clld.org/values/9-160-304-1>		<http://ids.clld.org/parameters/9-160>		<http://ids.clld.org/values/9-160-174-1>		"imɨdɨ"@mch	
"atelyiʔ ~ -etelyiʔ"@crt	<http://ids.clld.org/values/6-350-304-1>		<http://ids.clld.org/parameters/6-350>		<http://ids.clld.org/values/6-350-174-1>		"šōka-dɨ"@mch	
"-paxsat ~ -pyesat (m.)"@crt	<http://ids.clld.org/values/4-250-304-1>		<http://ids.clld.org/parameters/4-250>		<http://ids.clld.org/values/4-250-174-1>		"ə̄ʔhi"@mch	
"-nas"@crt	<http://ids.clld.org/values/10-550-304-1>		<http://ids.clld.org/parameters/10-550>		<http://ids.clld.org/values/10-550-174-1>		"w-əʔdɨ-nə"@mch	
"-fʷopoʔ ~ -xyopoʔ (f.)"@crt	<http://ids.clld.org/values/4-310-304-1>		<http://ids.clld.org/parameters/4-310>		<http://ids.clld.org/values/4-310-174-1>		"aʔhə"@mch	
"taxlat (m.)"@crt	<http://ids.clld.org/values/1-840-304-1>		<http://ids.clld.org/parameters/1-840>		<http://ids.clld.org/values/1-840-174-1>		"wedēnnə"@mch	
"-ye"@crt	<http://ids.clld.org/values/5-130-304-1>		<http://ids.clld.org/parameters/5-130>		<http://ids.clld.org/values/5-130-174-1>		"enku"@mch	
"kyexkatayiʔ"@crt	<http://ids.clld.org/values/14-310-304-1>		<http://ids.clld.org/parameters/14-310>		<http://ids.clld.org/values/14-310-174-1>		"wenēne"@mch	
"-kosletikiʔ ~ -kyusletikiʔ"@crt	<http://ids.clld.org/values/4-360-304-1>		<http://ids.clld.org/parameters/4-360>		<http://ids.clld.org/values/4-360-174-1>		"ə̄ʔmu"@mch	
"-lan ~ -lyen"@crt	<http://ids.clld.org/values/4-760-304-1>		<http://ids.clld.org/parameters/4-760>		<http://ids.clld.org/values/4-760-174-1>		"aminɲaʔkadɨ"@mch	
"-pen ~ pin"@crt	<http://ids.clld.org/values/5-210-304-3>		<http://ids.clld.org/parameters/5-210>		<http://ids.clld.org/values/5-210-174-1>		"-aʔnə"@mch	
"-yik (m.)"@crt	<http://ids.clld.org/values/6-750-304-1>		<http://ids.clld.org/parameters/6-750>		<http://ids.clld.org/values/6-750-174-1>		"wōʔmo"@mch	
"yoteyin"@crt	<http://ids.clld.org/values/17-690-304-1>		<http://ids.clld.org/parameters/17-690>		<http://ids.clld.org/values/17-690-174-1>		"ākene yeihəkə"@mch	
"-xnatowo ~ -xnyetowo"@crt	<http://ids.clld.org/values/4-230-304-1>		<http://ids.clld.org/parameters/4-230>		<http://ids.clld.org/values/4-230-174-1>		"ənna"@mch	
"tikyeʔen"@crt	<http://ids.clld.org/values/4-853-304-1>		<http://ids.clld.org/parameters/4-853>		<http://ids.clld.org/values/4-853-174-1>		"awonɲəʔkādɨ"@mch	
"pawlic̷iʔ"@crt	<http://ids.clld.org/values/13-40-304-1>		<http://ids.clld.org/parameters/13-40>		<http://ids.clld.org/values/13-40-174-1>		"āʔkəiʔčea"@mch	
"asaʔa"@crt	<http://ids.clld.org/values/13-150-304-3>		<http://ids.clld.org/parameters/13-150>		<http://ids.clld.org/values/13-150-174-1>		"hōhe"@mch	
"akyoxna-xe-es"@crt	<http://ids.clld.org/values/4-940-304-1>		<http://ids.clld.org/parameters/4-940>		<http://ids.clld.org/values/4-940-174-1>		"sekumhe"@mch	
"xuppa"@crt	<http://ids.clld.org/values/3-850-304-1>		<http://ids.clld.org/parameters/3-850>		<http://ids.clld.org/values/3-850-174-1>		"əkə̄yu"@mch	
"ixnisa-tok"@crt	<http://ids.clld.org/values/3-350-304-1>		<http://ids.clld.org/parameters/3-350>		<http://ids.clld.org/values/3-350-174-1>		"[kūši]"@mch	
"-tofʷaniti ~ -tyufʷaniti"@crt	<http://ids.clld.org/values/1-860-304-1>		<http://ids.clld.org/parameters/1-860>		<http://ids.clld.org/values/1-860-174-1>		"-kemetə-"@mch	
"-es ~ -se"@crt	<http://ids.clld.org/values/16-710-304-1>		<http://ids.clld.org/parameters/16-710>		<http://ids.clld.org/values/16-710-174-1>		"ašiča"@mch	
"-wo kiwac̷exa ~ -yo kiwac̷exa"@crt	<http://ids.clld.org/values/16-670-304-1>		<http://ids.clld.org/parameters/16-670>		<http://ids.clld.org/values/16-670-174-1>		"-enkutə-"@mch	
"isyem"@crt	<http://ids.clld.org/values/12-320-304-1>		<http://ids.clld.org/parameters/12-320>		<http://ids.clld.org/values/12-320-174-1>		"nonohoʔčə"@mch	
"-yelxiwetiki (f.)"@crt	<http://ids.clld.org/values/4-441-304-1>		<http://ids.clld.org/parameters/4-441>		<http://ids.clld.org/values/4-441-174-1>		"ʔtaway-dɨ"@mch	
"axwuʔ"@crt	<http://ids.clld.org/values/2-220-304-1>		<http://ids.clld.org/parameters/2-220>		<http://ids.clld.org/values/2-220-174-1>		"wodi"@mch	
"xa-tofʷe"@crt	<http://ids.clld.org/values/12-430-304-1>		<http://ids.clld.org/parameters/12-430>		<http://ids.clld.org/values/12-430-174-1>		"amoinče-ʔda"@mch	
"ayinye (m.)"@crt	<http://ids.clld.org/values/2-230-304-1>		<http://ids.clld.org/parameters/2-230>		<http://ids.clld.org/values/2-230-174-1>		"danwa"@mch	
"eyineʔ ~ -ineʔ"@crt	<http://ids.clld.org/values/12-130-304-1>		<http://ids.clld.org/parameters/12-130>		<http://ids.clld.org/values/12-130-174-1>		"w-atahhimā-nə"@mch	
"-kixmen ~ -sixmen"@crt	<http://ids.clld.org/values/9-120-304-1>		<http://ids.clld.org/parameters/9-120>		<http://ids.clld.org/values/9-120-174-1>		"tadawāhu"@mch	
"kilyeni"@crt	<http://ids.clld.org/values/3-750-304-1>		<http://ids.clld.org/parameters/3-750>		<http://ids.clld.org/values/3-750-174-1>		"kawādi"@mch	
"fʷelye-tok (f.)"@crt	<http://ids.clld.org/values/5-700-304-1>		<http://ids.clld.org/parameters/5-700>		<http://ids.clld.org/values/5-700-174-1>		"šāku"@mch	
"-syen (m.)"@crt	<http://ids.clld.org/values/4-130-304-1>		<http://ids.clld.org/parameters/4-130>		<http://ids.clld.org/values/4-130-174-1>		"hyunu"@mch	
"taʔipa"@crt	<http://ids.clld.org/values/13-0-304-1>		<http://ids.clld.org/parameters/13-0>		<http://ids.clld.org/values/13-0-174-1>		"āʔke"@mch	
"-wesiʔ"@crt	<http://ids.clld.org/values/20-610-304-1>		<http://ids.clld.org/parameters/20-610>		<http://ids.clld.org/values/20-610-174-1>		"emanɲuhɨdɨ"@mch	
"-kyoy ~ -syoy (f.)"@crt	<http://ids.clld.org/values/4-330-304-1>		<http://ids.clld.org/parameters/4-330>		<http://ids.clld.org/values/4-330-174-1>		"amō-dɨ"@mch	
"kaye"@crt	<http://ids.clld.org/values/3-570-304-1>		<http://ids.clld.org/parameters/3-570>		<http://ids.clld.org/values/3-570-174-1>		"[hātu]"@mch	
"iwyeʔc̷yela tom nexeye"@crt	<http://ids.clld.org/values/13-80-304-1>		<http://ids.clld.org/parameters/13-80>		<http://ids.clld.org/values/13-80-174-1>		"aduwawə amohaʔto"@mch	
"-tateʔ (f.)"@crt	<http://ids.clld.org/values/4-210-304-1>		<http://ids.clld.org/parameters/4-210>		<http://ids.clld.org/values/4-210-174-1>		"ənu"@mch	
"ten"@crt	<http://ids.clld.org/values/17-670-304-1>		<http://ids.clld.org/parameters/17-670>		<http://ids.clld.org/values/17-670-174-1>		"əišə̄no"@mch	
"-eyi"@crt	<http://ids.clld.org/values/2-470-304-1>		<http://ids.clld.org/parameters/2-470>		<http://ids.clld.org/values/2-470-174-1>		"-tamū-du"@mch	
"-wuy ~ -yuy"@crt	<http://ids.clld.org/values/6-120-304-1>		<http://ids.clld.org/parameters/6-120>		<http://ids.clld.org/values/6-120-174-1>		"womɨ"@mch	
"-laxnat ~ -lyexnat"@crt	<http://ids.clld.org/values/11-330-304-1>		<http://ids.clld.org/parameters/11-330>		<http://ids.clld.org/values/11-330-174-1>		"w-ənnanɨʔ-nə"@mch	
"-wak (f.)"@crt	<http://ids.clld.org/values/20-130-304-1>		<http://ids.clld.org/parameters/20-130>		<http://ids.clld.org/values/20-130-174-1>		"wənə"@mch	
"axap ~ -exep"@crt	<http://ids.clld.org/values/4-912-304-1>		<http://ids.clld.org/parameters/4-912>		<http://ids.clld.org/values/4-912-174-1>		"wə̄dētanə"@mch	
"iwoʔ"@crt	<http://ids.clld.org/values/17-550-304-1>		<http://ids.clld.org/parameters/17-550>		<http://ids.clld.org/values/17-550-174-3>		"mmhm"@mch	
"iwoʔ"@crt	<http://ids.clld.org/values/17-550-304-1>		<http://ids.clld.org/parameters/17-550>		<http://ids.clld.org/values/17-550-174-1>		"ʔeee"@mch	
"xe yoweʔ"@crt	<http://ids.clld.org/values/5-124-304-1>		<http://ids.clld.org/parameters/5-124>		<http://ids.clld.org/values/5-124-174-1>		"šēne"@mch	
"-wen ~ -win"@crt	<http://ids.clld.org/values/15-510-304-1>		<http://ids.clld.org/parameters/15-510>		<http://ids.clld.org/values/15-510-174-1>		"ene-dɨ"@mch	
"anat-aleteyin"@crt	<http://ids.clld.org/values/1-390-304-1>		<http://ids.clld.org/parameters/1-390>		<http://ids.clld.org/values/1-390-174-1>		"yedukadɨ"@mch	
"linaʔ"@crt	<http://ids.clld.org/values/1-410-304-1>		<http://ids.clld.org/parameters/1-410>		<http://ids.clld.org/values/1-410-174-1>		"čūta"@mch	
"alay (f.)"@crt	<http://ids.clld.org/values/9-250-304-1>		<http://ids.clld.org/parameters/9-250>		<http://ids.clld.org/values/9-250-174-1>		"wɨ̄wɨ"@mch	
"-tyelas"@crt	<http://ids.clld.org/values/2-550-304-1>		<http://ids.clld.org/parameters/2-550>		<http://ids.clld.org/values/2-550-174-1>		"waiɲe"@mch	
"-tyelas"@crt	<http://ids.clld.org/values/2-550-304-1>		<http://ids.clld.org/parameters/2-550>		<http://ids.clld.org/values/2-550-174-3>		"yāʔko"@mch	
"-wen-kixnam ~ -win-kinam"@crt	<http://ids.clld.org/values/15-550-304-1>		<http://ids.clld.org/parameters/15-550>		<http://ids.clld.org/values/15-550-174-1>		"eneho-dɨ"@mch	
"ifʷyenni"@crt	<http://ids.clld.org/values/13-10-304-1>		<http://ids.clld.org/parameters/13-10>		<http://ids.clld.org/values/13-10-174-1>		"tōni"@mch	
"xloma"@crt	<http://ids.clld.org/values/1-610-304-3>		<http://ids.clld.org/parameters/1-610>		<http://ids.clld.org/values/1-610-174-1>		"šī"@mch	
"-tofʷe"@crt	<http://ids.clld.org/values/12-440-304-1>		<http://ids.clld.org/parameters/12-440>		<http://ids.clld.org/values/12-440-174-1>		"amoinče"@mch	
"sise-tok (m.)"@crt	<http://ids.clld.org/values/8-940-304-1>		<http://ids.clld.org/parameters/8-940>		<http://ids.clld.org/values/8-940-174-1>		"dahu"@mch	
"-no lawaa ~ -nyu lawaa"@crt	<http://ids.clld.org/values/10-474-304-1>		<http://ids.clld.org/parameters/10-474>		<http://ids.clld.org/values/10-474-174-1>		"w-ehaʔka-nə"@mch	
"-kiyeʔ ~ -siyeʔ"@crt	<http://ids.clld.org/values/2-490-304-1>		<http://ids.clld.org/parameters/2-490>		<http://ids.clld.org/values/2-490-174-1>		"hādɨ"@mch	
"inyewut"@crt	<http://ids.clld.org/values/8-680-304-1>		<http://ids.clld.org/parameters/8-680>		<http://ids.clld.org/values/8-680-174-1>		"kawai"@mch	
"-kyuteʔ ~ -syuteʔ"@crt	<http://ids.clld.org/values/11-320-304-1>		<http://ids.clld.org/parameters/11-320>		<http://ids.clld.org/values/11-320-174-1>		"edantə-dɨ"@mch	
"-ax ~ -ex"@crt	<http://ids.clld.org/values/4-120-304-1>		<http://ids.clld.org/parameters/4-120>		<http://ids.clld.org/values/4-120-174-1>		"hiʔhə"@mch	
"wux"@crt	<http://ids.clld.org/values/12-550-304-1>		<http://ids.clld.org/parameters/12-550>		<http://ids.clld.org/values/12-550-174-1>		"nuwe"@mch	
"exekye ot-ey"@crt	<http://ids.clld.org/values/11-830-304-1>		<http://ids.clld.org/parameters/11-830>		<http://ids.clld.org/values/11-830-174-1>		"wətəʔtihānə"@mch	
"eleʔ"@crt	<http://ids.clld.org/values/3-592-304-1>		<http://ids.clld.org/parameters/3-592>		<http://ids.clld.org/values/3-592-174-1>		"[dodo]"@mch	
"-kyoxsatiʔ ~ -c̷yoxsatiʔ"@crt	<http://ids.clld.org/values/9-280-304-1>		<http://ids.clld.org/parameters/9-280>		<http://ids.clld.org/values/9-280-174-1>		"-iši-"@mch	
"-fʷeluʔ ~ -fʷiluʔ"@crt	<http://ids.clld.org/values/2-630-304-1>		<http://ids.clld.org/parameters/2-630>		<http://ids.clld.org/values/2-630-174-1>		"-hannɨ-dɨ"@mch	
"isak"@crt	<http://ids.clld.org/values/7-270-304-1>		<http://ids.clld.org/parameters/7-270>		<http://ids.clld.org/values/7-270-174-1>		"həʔhudu"@mch	
"akatax (f.)"@crt	<http://ids.clld.org/values/3-583-304-1>		<http://ids.clld.org/parameters/3-583>		<http://ids.clld.org/values/3-583-174-1>		"tadāya"@mch	
"-palaʔ (f.)"@crt	<http://ids.clld.org/values/6-740-304-1>		<http://ids.clld.org/parameters/6-740>		<http://ids.clld.org/values/6-740-174-1>		"ahəʔmɨy"@mch	
"-es ~ -se"@crt	<http://ids.clld.org/values/4-830-304-1>		<http://ids.clld.org/parameters/4-830>		<http://ids.clld.org/values/4-830-174-1>		"tadəinɲe"@mch	
"xe tosey"@crt	<http://ids.clld.org/values/15-750-304-1>		<http://ids.clld.org/parameters/15-750>		<http://ids.clld.org/values/15-750-174-1>		"tɨwansuʔde"@mch	
"-kaxayi"@crt	<http://ids.clld.org/values/11-810-304-3>		<http://ids.clld.org/parameters/11-810>		<http://ids.clld.org/values/11-810-174-1>		"ehēma-dɨ"@mch	
"etye-kas"@crt	<http://ids.clld.org/values/1-870-304-1>		<http://ids.clld.org/parameters/1-870>		<http://ids.clld.org/values/1-870-174-1>		"tɨsočāmɨ"@mch	
"alaʔ-woleʔ (m.)"@crt	<http://ids.clld.org/values/8-560-304-1>		<http://ids.clld.org/parameters/8-560>		<http://ids.clld.org/values/8-560-174-1>		"yadɨ"@mch	
"enfʷom ~ -infʷom"@crt	<http://ids.clld.org/values/9-341-304-1>		<http://ids.clld.org/parameters/9-341>		<http://ids.clld.org/values/9-341-174-1>		"-ewaʔtə-dɨ"@mch	
"yek"@crt	<http://ids.clld.org/values/2-251-304-1>		<http://ids.clld.org/parameters/2-251>		<http://ids.clld.org/values/2-251-174-1>		"mudēši"@mch	
"tʔaxsayiʔ"@crt	<http://ids.clld.org/values/7-370-304-1>		<http://ids.clld.org/parameters/7-370>		<http://ids.clld.org/values/7-370-174-1>		"inɲahuʔtahə"@mch	
"wuyi"@crt	<http://ids.clld.org/values/12-630-304-1>		<http://ids.clld.org/parameters/12-630>		<http://ids.clld.org/values/12-630-174-1>		"hūšīhe"@mch	
"nayi"@crt	<http://ids.clld.org/values/10-720-304-1>		<http://ids.clld.org/parameters/10-720>		<http://ids.clld.org/values/10-720-174-1>		"ə̄ma"@mch	
"-eki ~ -ki"@crt	<http://ids.clld.org/values/11-810-304-1>		<http://ids.clld.org/parameters/11-810>		<http://ids.clld.org/values/11-810-174-1>		"ehēma-dɨ"@mch	
"-taxaʔ"@crt	<http://ids.clld.org/values/15-880-304-3>		<http://ids.clld.org/parameters/15-880>		<http://ids.clld.org/values/15-880-174-1>		"nossahe"@mch	
"afʷena (m.)"@crt	<http://ids.clld.org/values/3-581-304-1>		<http://ids.clld.org/parameters/3-581>		<http://ids.clld.org/values/3-581-174-1>		"hawi"@mch	
"-kiyes ~ siyes"@crt	<http://ids.clld.org/values/2-480-304-1>		<http://ids.clld.org/parameters/2-480>		<http://ids.clld.org/values/2-480-174-1>		"hādɨ"@mch	
"-teyakiʔ ~ -tiyakiʔ"@crt	<http://ids.clld.org/values/20-620-304-1>		<http://ids.clld.org/parameters/20-620>		<http://ids.clld.org/values/20-620-174-1>		"t-ɨwə̄-dɨ"@mch	
"eletwom ~ -teletwom"@crt	<http://ids.clld.org/values/10-430-304-1>		<http://ids.clld.org/parameters/10-430>		<http://ids.clld.org/values/10-430-174-1>		"w-ahanɨn-nə"@mch	
"-wet ~ -wit (m.)"@crt	<http://ids.clld.org/values/7-430-304-1>		<http://ids.clld.org/parameters/7-430>		<http://ids.clld.org/values/7-430-174-1>		"āʔtəy"@mch	
"-xokinek ~ -xukinek"@crt	<http://ids.clld.org/values/18-560-304-1>		<http://ids.clld.org/parameters/18-560>		<http://ids.clld.org/values/18-560-174-1>		"[hahēda]"@mch	
"-tʔek"@crt	<http://ids.clld.org/values/2-460-304-1>		<http://ids.clld.org/parameters/2-460>		<http://ids.clld.org/values/2-460-174-1>		"kōko"@mch	
"-woyin ~ -yoyin"@crt	<http://ids.clld.org/values/11-310-304-1>		<http://ids.clld.org/parameters/11-310>		<http://ids.clld.org/values/11-310-174-1>		"uhīyɨ"@mch	
"-xlaxnan"@crt	<http://ids.clld.org/values/8-690-304-1>		<http://ids.clld.org/parameters/8-690>		<http://ids.clld.org/values/8-690-174-1>		"-eima-"@mch	
"-toy ~ -tyoy"@crt	<http://ids.clld.org/values/12-310-304-1>		<http://ids.clld.org/parameters/12-310>		<http://ids.clld.org/values/12-310-174-1>		"kawə"@mch	
"-oxtaleʔ (f.)"@crt	<http://ids.clld.org/values/4-440-304-1>		<http://ids.clld.org/parameters/4-440>		<http://ids.clld.org/values/4-440-174-1>		"yēwanɨ"@mch	
"-waxaleʔ"@crt	<http://ids.clld.org/values/6-120-304-3>		<http://ids.clld.org/parameters/6-120>		<http://ids.clld.org/values/6-120-174-1>		"womɨ"@mch	
"weʔla"@crt	<http://ids.clld.org/values/1-530-304-1>		<http://ids.clld.org/parameters/1-530>		<http://ids.clld.org/values/1-530-174-1>		"nūnə"@mch	
"afʷiyin"@crt	<http://ids.clld.org/values/18-130-304-1>		<http://ids.clld.org/parameters/18-130>		<http://ids.clld.org/values/18-130-174-1>		"kəʔtɨn-nə"@mch	
"-eyin ~ -iyin ~ -wayin"@crt	<http://ids.clld.org/values/4-720-304-1>		<http://ids.clld.org/parameters/4-720>		<http://ids.clld.org/values/4-720-174-1>		"w-ennu-nə"@mch	
"iston (m.)"@crt	<http://ids.clld.org/values/3-584-304-1>		<http://ids.clld.org/parameters/3-584>		<http://ids.clld.org/values/3-584-174-1>		"demōši"@mch	
"-mani-syem"@crt	<http://ids.clld.org/values/12-11-304-1>		<http://ids.clld.org/parameters/12-11>		<http://ids.clld.org/values/12-11-174-1>		"mənse"@mch	
"-kalaʔ ~ -kyala (m.)"@crt	<http://ids.clld.org/values/4-370-304-1>		<http://ids.clld.org/parameters/4-370>		<http://ids.clld.org/values/4-370-174-1>		"hūdu"@mch	
"-katelanat"@crt	<http://ids.clld.org/values/6-380-304-1>		<http://ids.clld.org/parameters/6-380>		<http://ids.clld.org/values/6-380-174-1>		"hakūdimɨʔtɨ"@mch	
"kyol"@crt	<http://ids.clld.org/values/3-930-304-1>		<http://ids.clld.org/parameters/3-930>		<http://ids.clld.org/values/3-930-174-1>		"kɨdatay"@mch	
"-kyaaxuʔ"@crt	<http://ids.clld.org/values/2-454-304-1>		<http://ids.clld.org/parameters/2-454>		<http://ids.clld.org/values/2-454-174-1>		"yāya"@mch	
"axnax (f.)"@crt	<http://ids.clld.org/values/14-420-304-1>		<http://ids.clld.org/parameters/14-420>		<http://ids.clld.org/values/14-420-174-1>		"čomomɨ̄dɨ"@mch	
"-tate ~ -tyete"@crt	<http://ids.clld.org/values/10-250-304-1>		<http://ids.clld.org/parameters/10-250>		<http://ids.clld.org/values/10-250-174-1>		"himā-dɨ"@mch	
"-es ~ -se"@crt	<http://ids.clld.org/values/16-810-304-1>		<http://ids.clld.org/parameters/16-810>		<http://ids.clld.org/values/16-810-174-1>		"inɲatahe"@mch	
"ates"@crt	<http://ids.clld.org/values/5-900-304-1>		<http://ids.clld.org/parameters/5-900>		<http://ids.clld.org/values/5-900-174-1>		"kuši"@mch	
"xe kaxen"@crt	<http://ids.clld.org/values/16-320-304-1>		<http://ids.clld.org/parameters/16-320>		<http://ids.clld.org/values/16-320-174-1>		"wentumhe"@mch	
"safʷeʔ"@crt	<http://ids.clld.org/values/9-230-304-1>		<http://ids.clld.org/parameters/9-230>		<http://ids.clld.org/values/9-230-174-1>		"kɨmɨʔkə"@mch	
"axnat-ic̷empe"@crt	<http://ids.clld.org/values/3-980-304-1>		<http://ids.clld.org/parameters/3-980>		<http://ids.clld.org/values/3-980-174-1>		"heʔde"@mch	
"-axlam"@crt	<http://ids.clld.org/values/18-350-304-1>		<http://ids.clld.org/parameters/18-350>		<http://ids.clld.org/values/18-350-174-1>		"eʔkatə-dɨ"@mch	
"inye-was"@crt	<http://ids.clld.org/values/2-250-304-1>		<http://ids.clld.org/parameters/2-250>		<http://ids.clld.org/values/2-250-174-1>		"mudekə̄kə"@mch	
"sipop"@crt	<http://ids.clld.org/values/3-594-304-3>		<http://ids.clld.org/parameters/3-594>		<http://ids.clld.org/values/3-594-174-1>		"hadūma"@mch	
"xe isayiʔ"@crt	<http://ids.clld.org/values/12-620-304-1>		<http://ids.clld.org/parameters/12-620>		<http://ids.clld.org/values/12-620-174-3>		"anwakɨme"@mch	
"xe isayiʔ"@crt	<http://ids.clld.org/values/12-620-304-1>		<http://ids.clld.org/parameters/12-620>		<http://ids.clld.org/values/12-620-174-1>		"danwadɨ"@mch	
"-pan ~ -pyen"@crt	<http://ids.clld.org/values/10-350-304-1>		<http://ids.clld.org/parameters/10-350>		<http://ids.clld.org/values/10-350-174-1>		"tɨwəʔhiyɨ"@mch	
"am"@crt	<http://ids.clld.org/values/2-920-304-1>		<http://ids.clld.org/parameters/2-920>		<http://ids.clld.org/values/2-920-174-1>		"əmədə"@mch	
"-ak"@crt	<http://ids.clld.org/values/5-410-304-3>		<http://ids.clld.org/parameters/5-410>		<http://ids.clld.org/values/5-410-174-1>		"əwainši"@mch	
"-kyes"@crt	<http://ids.clld.org/values/4-180-304-1>		<http://ids.clld.org/parameters/4-180>		<http://ids.clld.org/values/4-180-174-1>		"dāʔkɨdɨ"@mch	
"kyoyetiʔ ~ kyoxyetiʔ"@crt	<http://ids.clld.org/values/15-810-304-1>		<http://ids.clld.org/parameters/15-810>		<http://ids.clld.org/values/15-810-174-1>		"tamənɲato"@mch	
"-sapaʔ"@crt	<http://ids.clld.org/values/4-280-304-1>		<http://ids.clld.org/parameters/4-280>		<http://ids.clld.org/values/4-280-174-1>		"hɨ̄mɨ"@mch	
"-woye-tam ~ -yoye-tam"@crt	<http://ids.clld.org/values/12-232-304-1>		<http://ids.clld.org/parameters/12-232>		<http://ids.clld.org/values/12-232-174-1>		"yātohətɨdɨ"@mch	
"-naʔ ~ -nye (m.)"@crt	<http://ids.clld.org/values/2-350-304-1>		<http://ids.clld.org/parameters/2-350>		<http://ids.clld.org/values/2-350-174-1>		"haha"@mch	
"alexyenakiʔ"@crt	<http://ids.clld.org/values/3-760-304-1>		<http://ids.clld.org/parameters/3-760>		<http://ids.clld.org/values/3-760-174-1>		"yadākadu"@mch	
"-kyes-kina"@crt	<http://ids.clld.org/values/4-180-304-5>		<http://ids.clld.org/parameters/4-180>		<http://ids.clld.org/values/4-180-174-1>		"dāʔkɨdɨ"@mch	
"kyale-ki"@crt	<http://ids.clld.org/values/2-270-304-3>		<http://ids.clld.org/parameters/2-270>		<http://ids.clld.org/values/2-270-174-1>		"nnedɨ"@mch	
"wesisitok (f.)"@crt	<http://ids.clld.org/values/3-840-304-1>		<http://ids.clld.org/parameters/3-840>		<http://ids.clld.org/values/3-840-174-1>		"motto"@mch	
"onokyu"@crt	<http://ids.clld.org/values/12-10-304-3>		<http://ids.clld.org/parameters/12-10>		<http://ids.clld.org/values/12-10-174-1>		"yə̄ʔhəhe"@mch	
"inyoʔ (m.)"@crt	<http://ids.clld.org/values/19-210-304-1>		<http://ids.clld.org/parameters/19-210>		<http://ids.clld.org/values/19-210-174-1>		"weiʔčɨ"@mch	
"xa lox"@crt	<http://ids.clld.org/values/13-170-304-1>		<http://ids.clld.org/parameters/13-170>		<http://ids.clld.org/values/13-170-174-1>		"ākəʔkə"@mch	
"yoweʔ"@crt	<http://ids.clld.org/values/5-123-304-1>		<http://ids.clld.org/parameters/5-123>		<http://ids.clld.org/values/5-123-174-1>		"sēweyčato"@mch	
"-siʔ (m.)"@crt	<http://ids.clld.org/values/19-160-304-1>		<http://ids.clld.org/parameters/19-160>		<http://ids.clld.org/values/19-160-174-1>		"haʔta"@mch	
"amaa (f.)"@crt	<http://ids.clld.org/values/3-630-304-1>		<http://ids.clld.org/parameters/3-630>		<http://ids.clld.org/values/3-630-174-1>		"asɨ̄kɨ"@mch	
"ayinye"@crt	<http://ids.clld.org/values/2-210-304-1>		<http://ids.clld.org/parameters/2-210>		<http://ids.clld.org/values/2-210-174-1>		"danwa"@mch	
"-xaneʔ ~ -xene"@crt	<http://ids.clld.org/values/17-170-304-1>		<http://ids.clld.org/parameters/17-170>		<http://ids.clld.org/values/17-170-174-1>		"t-owanəkə t-ɨdɨ-dɨ"@mch	
"-yesen"@crt	<http://ids.clld.org/values/18-310-304-1>		<http://ids.clld.org/parameters/18-310>		<http://ids.clld.org/values/18-310-174-1>		"-ekammaho-"@mch	
"-kante-k"@crt	<http://ids.clld.org/values/2-610-304-1>		<http://ids.clld.org/parameters/2-610>		<http://ids.clld.org/values/2-610-174-1>		"wōdɨ̄mə"@mch	
"kimpena (m.)"@crt	<http://ids.clld.org/values/2-750-304-1>		<http://ids.clld.org/parameters/2-750>		<http://ids.clld.org/values/2-750-174-1>		"tunkemhɨnɨ"@mch	
"isayiʔ"@crt	<http://ids.clld.org/values/12-610-304-1>		<http://ids.clld.org/parameters/12-610>		<http://ids.clld.org/values/12-610-174-1>		"taʔhuhūne"@mch	
"naxkap (f.)"@crt	<http://ids.clld.org/values/14-730-304-1>		<http://ids.clld.org/parameters/14-730>		<http://ids.clld.org/values/14-730-174-1>		"wedɨ"@mch	
"-panekyafʷey ~ -pyanekyafʷey"@crt	<http://ids.clld.org/values/5-490-304-1>		<http://ids.clld.org/parameters/5-490>		<http://ids.clld.org/values/5-490-174-1>		"-oima-dɨ"@mch	
"-xnatiyey ~ -xnyetiyey"@crt	<http://ids.clld.org/values/4-232-304-1>		<http://ids.clld.org/parameters/4-232>		<http://ids.clld.org/values/4-232-174-1>		"ənuʔtə"@mch	
"-skiʔ ~ -tiskiʔ"@crt	<http://ids.clld.org/values/16-250-304-1>		<http://ids.clld.org/parameters/16-250>		<http://ids.clld.org/values/16-250-174-1>		"waʔsenɲo"@mch	
"taas"@crt	<http://ids.clld.org/values/5-280-304-1>		<http://ids.clld.org/parameters/5-280>		<http://ids.clld.org/values/5-280-174-1>		"ʔtadī-yɨ"@mch	
"wonaʔ"@crt	<http://ids.clld.org/values/3-823-304-1>		<http://ids.clld.org/parameters/3-823>		<http://ids.clld.org/values/3-823-174-1>		"sūnwa"@mch	
"anat"@crt	<http://ids.clld.org/values/1-310-304-1>		<http://ids.clld.org/parameters/1-310>		<http://ids.clld.org/values/1-310-174-1>		"tuna"@mch	
"-le ~ -li"@crt	<http://ids.clld.org/values/9-360-304-1>		<http://ids.clld.org/parameters/9-360>		<http://ids.clld.org/values/9-360-174-1>		"-ičoʔka-dɨ"@mch	
"-kakaxlot (f.)"@crt	<http://ids.clld.org/values/20-640-304-1>		<http://ids.clld.org/parameters/20-640>		<http://ids.clld.org/values/20-640-174-1>		"hāno"@mch	
"safʷeʔ ~ -syefʷeʔ (m.)"@crt	<http://ids.clld.org/values/5-380-304-1>		<http://ids.clld.org/parameters/5-380>		<http://ids.clld.org/values/5-380-174-1>		"kɨmɨʔkə"@mch	
"sawo ipyoʔ-apeʔe"@crt	<http://ids.clld.org/values/7-510-304-1>		<http://ids.clld.org/parameters/7-510>		<http://ids.clld.org/values/7-510-174-1>		"aməʔhɨdɨ"@mch	
"-wenakit ~ -winakit"@crt	<http://ids.clld.org/values/12-230-304-1>		<http://ids.clld.org/parameters/12-230>		<http://ids.clld.org/values/12-230-174-1>		"šādamadɨ̄he"@mch	
"y-em"@crt	<http://ids.clld.org/values/2-910-304-1>		<http://ids.clld.org/parameters/2-910>		<http://ids.clld.org/values/2-910-174-1>		"ɨwɨ"@mch	
"-kyoteʔ ~ -c̷yoteʔ ~ -yoteʔ (f.)"@crt	<http://ids.clld.org/values/4-220-304-1>		<http://ids.clld.org/parameters/4-220>		<http://ids.clld.org/values/4-220-174-1>		"hāna"@mch	
"-fʷam"@crt	<http://ids.clld.org/values/9-160-304-3>		<http://ids.clld.org/parameters/9-160>		<http://ids.clld.org/values/9-160-174-1>		"imɨdɨ"@mch	
"-soon ~ -syoon"@crt	<http://ids.clld.org/values/16-270-304-1>		<http://ids.clld.org/parameters/16-270>		<http://ids.clld.org/values/16-270-174-1>		"hyumma-dɨ"@mch	
"ates (f.)"@crt	<http://ids.clld.org/values/5-821-304-1>		<http://ids.clld.org/parameters/5-821>		<http://ids.clld.org/values/5-821-174-1>		"homi"@mch	
"wota-xa"@crt	<http://ids.clld.org/values/3-540-304-1>		<http://ids.clld.org/parameters/3-540>		<http://ids.clld.org/values/3-540-174-1>		"kudaymādu"@mch	
"-lex ~ -lix (m.)"@crt	<http://ids.clld.org/values/18-240-304-1>		<http://ids.clld.org/parameters/18-240>		<http://ids.clld.org/values/18-240-174-1>		"āʔdewʔkwe"@mch	
"ay ~ -ey (f.)"@crt	<http://ids.clld.org/values/4-240-304-1>		<http://ids.clld.org/parameters/4-240>		<http://ids.clld.org/values/4-240-174-1>		"ənta"@mch	
"intak"@crt	<http://ids.clld.org/values/13-20-304-1>		<http://ids.clld.org/parameters/13-20>		<http://ids.clld.org/values/13-20-174-1>		"āʔkə"@mch	
"napa"@crt	<http://ids.clld.org/values/17-610-304-1>		<http://ids.clld.org/parameters/17-610>		<http://ids.clld.org/values/17-610-174-1>		"ākene"@mch	
"-kay ~ -kyay (f.)"@crt	<http://ids.clld.org/values/7-220-304-1>		<http://ids.clld.org/parameters/7-220>		<http://ids.clld.org/values/7-220-174-1>		"mɨnātata"@mch	
"etye otam"@crt	<http://ids.clld.org/values/1-852-304-1>		<http://ids.clld.org/parameters/1-852>		<http://ids.clld.org/values/1-852-174-1>		"daʔtwa-dɨ"@mch	
"-xyeʔ (f.)"@crt	<http://ids.clld.org/values/2-820-304-1>		<http://ids.clld.org/parameters/2-820>		<http://ids.clld.org/values/2-820-174-1>		"himmə"@mch	
"eyesan ~ -iyesan ~ -teyesan"@crt	<http://ids.clld.org/values/17-250-304-1>		<http://ids.clld.org/parameters/17-250>		<http://ids.clld.org/values/17-250-174-1>		"-owānoma-"@mch	
"-peʔ"@crt	<http://ids.clld.org/values/5-791-304-1>		<http://ids.clld.org/parameters/5-791>		<http://ids.clld.org/values/5-791-174-1>		"kātɨ"@mch	
"-kini ~ -c̷ini ~ -ini"@crt	<http://ids.clld.org/values/2-445-304-1>		<http://ids.clld.org/parameters/2-445>		<http://ids.clld.org/values/2-445-174-1>		"šīʔčɨ"@mch	
"lawo (m.)"@crt	<http://ids.clld.org/values/8-570-304-1>		<http://ids.clld.org/parameters/8-570>		<http://ids.clld.org/values/8-570-174-1>		"čə̄hɨdɨ"@mch	
"tiyenaxay (f.)"@crt	<http://ids.clld.org/values/6-960-304-1>		<http://ids.clld.org/parameters/6-960>		<http://ids.clld.org/values/6-960-174-1>		"hekūde"@mch	
"-ek"@crt	<http://ids.clld.org/values/10-470-304-1>		<http://ids.clld.org/parameters/10-470>		<http://ids.clld.org/values/10-470-174-1>		"wɨʔtə̄-nə"@mch	
"ixlyeʔ"@crt	<http://ids.clld.org/values/3-811-304-1>		<http://ids.clld.org/parameters/3-811>		<http://ids.clld.org/values/3-811-174-1>		"dāmə"@mch	
"-kixmet"@crt	<http://ids.clld.org/values/11-180-304-1>		<http://ids.clld.org/parameters/11-180>		<http://ids.clld.org/values/11-180-174-1>		"k-ɨnnɨdɨʔ-komo"@mch	
"eekewaxa"@crt	<http://ids.clld.org/values/14-350-304-1>		<http://ids.clld.org/parameters/14-350>		<http://ids.clld.org/values/14-350-174-1>		"dea"@mch	
"-tokyoʔ ~ -tyokyoʔ (m.)"@crt	<http://ids.clld.org/values/4-204-304-1>		<http://ids.clld.org/parameters/4-204>		<http://ids.clld.org/values/4-204-174-1>		"heʔ-dɨ"@mch	
"wasiin"@crt	<http://ids.clld.org/values/11-180-304-3>		<http://ids.clld.org/parameters/11-180>		<http://ids.clld.org/values/11-180-174-1>		"k-ɨnnɨdɨʔ-komo"@mch	
"takina"@crt	<http://ids.clld.org/values/12-353-304-1>		<http://ids.clld.org/parameters/12-353>		<http://ids.clld.org/values/12-353-174-1>		"čəʔhiyu"@mch	
"exni ~ -ixni"@crt	<http://ids.clld.org/values/11-650-304-1>		<http://ids.clld.org/parameters/11-650>		<http://ids.clld.org/values/11-650-174-1>		"ehēma-dɨ"@mch	
"-al ~ -el"@crt	<http://ids.clld.org/values/4-750-304-1>		<http://ids.clld.org/parameters/4-750>		<http://ids.clld.org/values/4-750-174-1>		"-əma-"@mch	
"-wetn-axan-kinitiʔ"@crt	<http://ids.clld.org/values/17-240-304-1>		<http://ids.clld.org/parameters/17-240>		<http://ids.clld.org/values/17-240-174-1>		"-ōwanoma-"@mch	
"napa"@crt	<http://ids.clld.org/values/17-660-304-1>		<http://ids.clld.org/parameters/17-660>		<http://ids.clld.org/values/17-660-174-1>		"ə̄iša"@mch	
"-weʔlak ~ -wilak (m.)"@crt	<http://ids.clld.org/values/4-160-304-1>		<http://ids.clld.org/parameters/4-160>		<http://ids.clld.org/values/4-160-174-1>		"yēʔhə"@mch	
"-xoxpat ~ -oxpat"@crt	<http://ids.clld.org/values/1-880-304-1>		<http://ids.clld.org/parameters/1-880>		<http://ids.clld.org/values/1-880-174-1>		"-keme-dɨ"@mch	
"eletam ~ -teletam"@crt	<http://ids.clld.org/values/9-221-304-1>		<http://ids.clld.org/parameters/9-221>		<http://ids.clld.org/values/9-221-174-1>		"čūhiya-dɨ"@mch	
"eletam ~ -teletam"@crt	<http://ids.clld.org/values/9-221-304-1>		<http://ids.clld.org/parameters/9-221>		<http://ids.clld.org/values/9-221-174-3>		"yaʔka-dɨ"@mch	
"-lexnat ~ -lixnat (m.)"@crt	<http://ids.clld.org/values/9-880-304-1>		<http://ids.clld.org/parameters/9-880>		<http://ids.clld.org/values/9-880-174-1>		"wānai"@mch	
"naxaki"@crt	<http://ids.clld.org/values/14-180-304-1>		<http://ids.clld.org/parameters/14-180>		<http://ids.clld.org/values/14-180-174-1>		"edūwa"@mch	
"apil ~ -epil"@crt	<http://ids.clld.org/values/10-481-304-1>		<http://ids.clld.org/parameters/10-481>		<http://ids.clld.org/values/10-481-174-1>		"w-ennakā-nə"@mch	
"-kamtinen"@crt	<http://ids.clld.org/values/18-210-304-3>		<http://ids.clld.org/parameters/18-210>		<http://ids.clld.org/values/18-210-174-1>		"w-aʔdew-nə"@mch	
"akoye-xi-wet"@crt	<http://ids.clld.org/values/10-910-304-1>		<http://ids.clld.org/parameters/10-910>		<http://ids.clld.org/values/10-910-174-1>		"wəʔtə"@mch	
"oʔwen -ofʷen"@crt	<http://ids.clld.org/values/9-370-304-1>		<http://ids.clld.org/parameters/9-370>		<http://ids.clld.org/values/9-370-174-1>		"šēmeka-dɨ"@mch	
"-les"@crt	<http://ids.clld.org/values/2-430-304-1>		<http://ids.clld.org/parameters/2-430>		<http://ids.clld.org/values/2-430-174-1>		"nnedɨ"@mch	
"-xnewimpexe"@crt	<http://ids.clld.org/values/15-210-304-1>		<http://ids.clld.org/parameters/15-210>		<http://ids.clld.org/values/15-210-174-1>		"hyoʔhōdɨ"@mch	
"-kyafʷeliin ~ -c̷yafʷeliin"@crt	<http://ids.clld.org/values/10-472-304-1>		<http://ids.clld.org/parameters/10-472>		<http://ids.clld.org/values/10-472-174-1>		"-annuʔku-"@mch	
"oka"@crt	<http://ids.clld.org/values/4-580-304-1>		<http://ids.clld.org/parameters/4-580>		<http://ids.clld.org/values/4-580-174-1>		"ēkādɨ"@mch	
"-katelan"@crt	<http://ids.clld.org/values/6-350-304-3>		<http://ids.clld.org/parameters/6-350>		<http://ids.clld.org/values/6-350-174-1>		"šōka-dɨ"@mch	
"atoxneʔ ~ -etoxneʔ"@crt	<http://ids.clld.org/values/6-330-304-1>		<http://ids.clld.org/parameters/6-330>		<http://ids.clld.org/values/6-330-174-1>		"tɨʔkaʔhɨdɨ"@mch	
"ap"@crt	<http://ids.clld.org/values/16-370-304-1>		<http://ids.clld.org/parameters/16-370>		<http://ids.clld.org/values/16-370-174-1>		"w-amo-nə"@mch	
"-kec̷ixin ~ -kic̷ixin"@crt	<http://ids.clld.org/values/14-210-304-1>		<http://ids.clld.org/parameters/14-210>		<http://ids.clld.org/values/14-210-174-1>		"tamhə̄ʔne"@mch	
"-lakyen"@crt	<http://ids.clld.org/values/10-440-304-1>		<http://ids.clld.org/parameters/10-440>		<http://ids.clld.org/values/10-440-174-1>		"-ənwa-"@mch	
"-len ~ -lin"@crt	<http://ids.clld.org/values/9-890-304-1>		<http://ids.clld.org/parameters/9-890>		<http://ids.clld.org/values/9-890-174-1>		"wemānʔa"@mch	
"-texey ~ -tixiʔ"@crt	<http://ids.clld.org/values/8-220-304-1>		<http://ids.clld.org/parameters/8-220>		<http://ids.clld.org/values/8-220-174-1>		"tɨʔkādɨ"@mch	
"-silyene"@crt	<http://ids.clld.org/values/9-110-304-1>		<http://ids.clld.org/parameters/9-110>		<http://ids.clld.org/values/9-110-174-1>		"tɨdɨ̄dɨ"@mch	
"-wasankit ~ -wyesankit"@crt	<http://ids.clld.org/values/11-250-304-1>		<http://ids.clld.org/parameters/11-250>		<http://ids.clld.org/values/11-250-174-1>		"ewanakādɨ"@mch	
"et"@crt	<http://ids.clld.org/values/2-360-304-1>		<http://ids.clld.org/parameters/2-360>		<http://ids.clld.org/values/2-360-174-1>		"denɨ"@mch	
"kapaxataxnaa"@crt	<http://ids.clld.org/values/12-10-304-1>		<http://ids.clld.org/parameters/12-10>		<http://ids.clld.org/values/12-10-174-1>		"yə̄ʔhəhe"@mch	
"-tewe ~ -tiwe"@crt	<http://ids.clld.org/values/14-270-304-1>		<http://ids.clld.org/parameters/14-270>		<http://ids.clld.org/values/14-270-174-1>		"w-əʔka-nə"@mch	
"poleʔ"@crt	<http://ids.clld.org/values/1-510-304-1>		<http://ids.clld.org/parameters/1-510>		<http://ids.clld.org/values/1-510-174-1>		"kahu"@mch	
"-aasiʔ"@crt	<http://ids.clld.org/values/10-610-304-1>		<http://ids.clld.org/parameters/10-610>		<http://ids.clld.org/values/10-610-174-1>		"-adə̄-"@mch	
"xelox"@crt	<http://ids.clld.org/values/12-560-304-3>		<http://ids.clld.org/parameters/12-560>		<http://ids.clld.org/values/12-560-174-1>		"šeʔkə"@mch	
"ofʷoʔ"@crt	<http://ids.clld.org/values/3-594-304-1>		<http://ids.clld.org/parameters/3-594>		<http://ids.clld.org/values/3-594-174-1>		"hadūma"@mch	
"-koxin ~ -kyuxin"@crt	<http://ids.clld.org/values/4-570-304-1>		<http://ids.clld.org/parameters/4-570>		<http://ids.clld.org/values/4-570-174-1>		"wenaʔtahəʔeʔnə"@mch	
"-wuyiwey ~ -yuyiwey"@crt	<http://ids.clld.org/values/10-380-304-1>		<http://ids.clld.org/parameters/10-380>		<http://ids.clld.org/values/10-380-174-1>		"yaičumā-dɨ"@mch	
"-pen-ek ~ -pin-ik"@crt	<http://ids.clld.org/values/5-120-304-1>		<http://ids.clld.org/parameters/5-120>		<http://ids.clld.org/values/5-120-174-1>		"mudūkuku"@mch	
"lal"@crt	<http://ids.clld.org/values/1-610-304-1>		<http://ids.clld.org/parameters/1-610>		<http://ids.clld.org/values/1-610-174-1>		"šī"@mch	
"olaxa"@crt	<http://ids.clld.org/values/3-594-304-5>		<http://ids.clld.org/parameters/3-594>		<http://ids.clld.org/values/3-594-174-1>		"hadūma"@mch	
"alaʔ"@crt	<http://ids.clld.org/values/1-430-304-1>		<http://ids.clld.org/parameters/1-430>		<http://ids.clld.org/values/1-430-174-1>		"dē"@mch	
"loyixi"@crt	<http://ids.clld.org/values/12-40-304-1>		<http://ids.clld.org/parameters/12-40>		<http://ids.clld.org/values/12-40-174-1>		"owāho"@mch	
"loyixi"@crt	<http://ids.clld.org/values/12-40-304-1>		<http://ids.clld.org/parameters/12-40>		<http://ids.clld.org/values/12-40-174-3>		"awaʔde"@mch	
"-katokiʔ ~ -kyatokiʔ (f.)"@crt	<http://ids.clld.org/values/4-320-304-1>		<http://ids.clld.org/parameters/4-320>		<http://ids.clld.org/values/4-320-174-1>		"ə̄ʔmu"@mch	
"ipyek (m.)"@crt	<http://ids.clld.org/values/8-470-304-1>		<http://ids.clld.org/parameters/8-470>		<http://ids.clld.org/values/8-470-174-1>		"ənɲa"@mch	
"xe-wuyi"@crt	<http://ids.clld.org/values/12-650-304-1>		<http://ids.clld.org/parameters/12-650>		<http://ids.clld.org/values/12-650-174-1>		"sāʔtahe"@mch	
"-xloxnam"@crt	<http://ids.clld.org/values/9-343-304-1>		<http://ids.clld.org/parameters/9-343>		<http://ids.clld.org/values/9-343-174-1>		"eʔkukā-dɨ"@mch	
"-kilwaʔ ~ -c̷ilwaʔ ~ -ilwaʔ"@crt	<http://ids.clld.org/values/2-310-304-1>		<http://ids.clld.org/parameters/2-310>		<http://ids.clld.org/values/2-310-174-1>		"-ɲno"@mch	
"-wo-yuyeʔ ~ -yo-wuyeʔ"@crt	<http://ids.clld.org/values/6-110-304-1>		<http://ids.clld.org/parameters/6-110>		<http://ids.clld.org/values/6-110-174-1>		"wewontənə"@mch	
"ten-pa"@crt	<http://ids.clld.org/values/17-680-304-1>		<http://ids.clld.org/parameters/17-680>		<http://ids.clld.org/values/17-680-174-1>		"ənə̄kɨ"@mch	
"sapop ~ -syapop (m.)"@crt	<http://ids.clld.org/values/18-710-304-1>		<http://ids.clld.org/parameters/18-710>		<http://ids.clld.org/values/18-710-174-1>		"hīču"@mch	
"iwyeʔc̷yela"@crt	<http://ids.clld.org/values/13-30-304-1>		<http://ids.clld.org/parameters/13-30>		<http://ids.clld.org/values/13-30-174-1>		"aduwawə"@mch	
"ifʷyenni sikyoy itifʷe"@crt	<http://ids.clld.org/values/13-50-304-1>		<http://ids.clld.org/parameters/13-50>		<http://ids.clld.org/values/13-50-174-1>		"hyātodea"@mch	
"axnat-tiwesi"@crt	<http://ids.clld.org/values/1-450-304-1>		<http://ids.clld.org/parameters/1-450>		<http://ids.clld.org/values/1-450-174-1>		"dehūši"@mch	
"[eskwela]woʔ"@crt	<http://ids.clld.org/values/17-270-304-1>		<http://ids.clld.org/parameters/17-270>		<http://ids.clld.org/values/17-270-174-1>		"yowānomani"@mch	
"-kakyeʔ ~ -kyakyeʔ"@crt	<http://ids.clld.org/values/4-880-304-1>		<http://ids.clld.org/parameters/4-880>		<http://ids.clld.org/values/4-880-174-1>		"əhi"@mch	
"axaʔ ~ -exeʔ"@crt	<http://ids.clld.org/values/9-210-304-1>		<http://ids.clld.org/parameters/9-210>		<http://ids.clld.org/values/9-210-174-1>		"-aiʔhuka-dɨ"@mch	
"-telya"@crt	<http://ids.clld.org/values/16-620-304-1>		<http://ids.clld.org/parameters/16-620>		<http://ids.clld.org/values/16-620-174-1>		"hyumma-dɨ"@mch	
"tinuk"@crt	<http://ids.clld.org/values/3-620-304-1>		<http://ids.clld.org/parameters/3-620>		<http://ids.clld.org/values/3-620-174-1>		"[mēši]"@mch	
"-wayine"@crt	<http://ids.clld.org/values/12-130-304-3>		<http://ids.clld.org/parameters/12-130>		<http://ids.clld.org/values/12-130-174-1>		"w-atahhimā-nə"@mch	
"ixwo (f.)"@crt	<http://ids.clld.org/values/1-280-304-1>		<http://ids.clld.org/parameters/1-280>		<http://ids.clld.org/values/1-280-174-1>		"ewɨ̄tɨ"@mch	
"-xlanek ~ -xlyenek"@crt	<http://ids.clld.org/values/8-680-304-3>		<http://ids.clld.org/parameters/8-680>		<http://ids.clld.org/values/8-680-174-1>		"kawai"@mch	
"kyuxsiʔ"@crt	<http://ids.clld.org/values/15-850-304-1>		<http://ids.clld.org/parameters/15-850>		<http://ids.clld.org/values/15-850-174-1>		"taʔne"@mch	
"oyi ~ -toyi ~ -uyi"@crt	<http://ids.clld.org/values/10-570-304-1>		<http://ids.clld.org/parameters/10-570>		<http://ids.clld.org/values/10-570-174-1>		"w-omon-nə"@mch	
"amis"@crt	<http://ids.clld.org/values/6-710-304-1>		<http://ids.clld.org/parameters/6-710>		<http://ids.clld.org/values/6-710-174-1>		"sawīya"@mch	
"tˀ-ateʔ ~ -eteʔ"@crt	<http://ids.clld.org/values/4-410-304-1>		<http://ids.clld.org/parameters/4-410>		<http://ids.clld.org/values/4-410-174-1>		"ʔdohɨ-dɨ"@mch	
"-tokyo-c̷eʔ (m.)"@crt	<http://ids.clld.org/values/4-205-304-1>		<http://ids.clld.org/parameters/4-205>		<http://ids.clld.org/values/4-205-174-1>		"heʔkay"@mch	
"lieʔ"@crt	<http://ids.clld.org/values/2-510-304-1>		<http://ids.clld.org/parameters/2-510>		<http://ids.clld.org/values/2-510-174-1>		"wōdɨ"@mch	
"-kax ~ -kyax (f.)"@crt	<http://ids.clld.org/values/4-260-304-1>		<http://ids.clld.org/parameters/4-260>		<http://ids.clld.org/values/4-260-174-1>		"ɲūdu"@mch	
"kyoyoyiʔ"@crt	<http://ids.clld.org/values/12-810-304-1>		<http://ids.clld.org/parameters/12-810>		<http://ids.clld.org/values/12-810-174-1>		"kokkoduhaʔto"@mch	
"lamox (m.)"@crt	<http://ids.clld.org/values/22-350-304-1>		<http://ids.clld.org/parameters/22-350>		<http://ids.clld.org/values/22-350-174-1>		"kahūšawa"@mch	
"siyus"@crt	<http://ids.clld.org/values/3-650-304-1>		<http://ids.clld.org/parameters/3-650>		<http://ids.clld.org/values/3-650-174-1>		"nākukwāno"@mch	
"-sakal ~ -syakal (f.)"@crt	<http://ids.clld.org/values/16-110-304-1>		<http://ids.clld.org/parameters/16-110>		<http://ids.clld.org/values/16-110-174-1>		"dōʔta"@mch	
"ixnyeni"@crt	<http://ids.clld.org/values/3-570-304-3>		<http://ids.clld.org/parameters/3-570>		<http://ids.clld.org/values/3-570-174-1>		"[hātu]"@mch	
"tʔax-lane ~ tʔax-lyene"@crt	<http://ids.clld.org/values/5-460-304-1>		<http://ids.clld.org/parameters/5-460>		<http://ids.clld.org/values/5-460-174-1>		"-iʔša-"@mch	
"xe kyoxyetiʔ"@crt	<http://ids.clld.org/values/15-820-304-1>		<http://ids.clld.org/parameters/15-820>		<http://ids.clld.org/values/15-820-174-1>		"tawāhe"@mch	
"etyeʔ (f.)"@crt	<http://ids.clld.org/values/1-810-304-1>		<http://ids.clld.org/parameters/1-810>		<http://ids.clld.org/values/1-810-174-1>		"wāʔto"@mch	
"-lafʷaxi-sawo"@crt	<http://ids.clld.org/values/7-150-304-1>		<http://ids.clld.org/parameters/7-150>		<http://ids.clld.org/values/7-150-174-1>		"hɨdōdo"@mch	
"naxapa"@crt	<http://ids.clld.org/values/17-670-304-3>		<http://ids.clld.org/parameters/17-670>		<http://ids.clld.org/values/17-670-174-1>		"əišə̄no"@mch	
"-kofʷax ~ -kyofʷax (m.)"@crt	<http://ids.clld.org/values/19-520-304-1>		<http://ids.clld.org/parameters/19-520>		<http://ids.clld.org/values/19-520-174-1>		"tuʔde"@mch	
"kates-wux"@crt	<http://ids.clld.org/values/7-450-304-1>		<http://ids.clld.org/parameters/7-450>		<http://ids.clld.org/values/7-450-174-1>		"adāwa"@mch	
"xikyowe"@crt	<http://ids.clld.org/values/12-370-304-1>		<http://ids.clld.org/parameters/12-370>		<http://ids.clld.org/values/12-370-174-1>		"annai"@mch	
"siwalak (f.)"@crt	<http://ids.clld.org/values/3-818-304-1>		<http://ids.clld.org/parameters/3-818>		<http://ids.clld.org/values/3-818-174-1>		"modoy"@mch	
"-axkanki-xi-wet (f.)"@crt	<http://ids.clld.org/values/8-130-304-1>		<http://ids.clld.org/parameters/8-130>		<http://ids.clld.org/values/8-130-174-1>		"awdwāhə"@mch	
"-nayini ~ nyeyini"@crt	<http://ids.clld.org/values/14-250-304-1>		<http://ids.clld.org/parameters/14-250>		<http://ids.clld.org/values/14-250-174-1>		"ahəntədɨ"@mch	
"-woxikyewa ~ -yoxikyewa"@crt	<http://ids.clld.org/values/4-860-304-1>		<http://ids.clld.org/parameters/4-860>		<http://ids.clld.org/values/4-860-174-1>		"adonkadɨ"@mch	
"-fʷeye"@crt	<http://ids.clld.org/values/12-410-304-1>		<http://ids.clld.org/parameters/12-410>		<http://ids.clld.org/values/12-410-174-1>		"əmuʔdemhɨnɨ"@mch	
"-xetek ~ -xitek (f.)"@crt	<http://ids.clld.org/values/4-200-304-1>		<http://ids.clld.org/parameters/4-200>		<http://ids.clld.org/values/4-200-174-1>		"hūʔhə"@mch	
"-toxiʔ"@crt	<http://ids.clld.org/values/12-570-304-1>		<http://ids.clld.org/parameters/12-570>		<http://ids.clld.org/values/12-570-174-1>		"nuwe"@mch	
"-yekyun"@crt	<http://ids.clld.org/values/5-110-304-1>		<http://ids.clld.org/parameters/5-110>		<http://ids.clld.org/values/5-110-174-1>		"wowašīnčənə"@mch	
"lox"@crt	<http://ids.clld.org/values/13-150-304-1>		<http://ids.clld.org/parameters/13-150>		<http://ids.clld.org/values/13-150-174-1>		"hōhe"@mch	
"telena"@crt	<http://ids.clld.org/values/3-820-304-1>		<http://ids.clld.org/parameters/3-820>		<http://ids.clld.org/values/3-820-174-1>		"wannə"@mch	
"-yiltan"@crt	<http://ids.clld.org/values/10-510-304-1>		<http://ids.clld.org/parameters/10-510>		<http://ids.clld.org/values/10-510-174-1>		"w-ə̄nehē-nə"@mch	
"walek (m.)"@crt	<http://ids.clld.org/values/6-240-304-1>		<http://ids.clld.org/parameters/6-240>		<http://ids.clld.org/values/6-240-174-1>		"wadēkū"@mch	
"-fʷoma ~ -xyoma"@crt	<http://ids.clld.org/values/10-670-304-1>		<http://ids.clld.org/parameters/10-670>		<http://ids.clld.org/values/10-670-174-1>		"-adima-dɨ"@mch	
"-kapalate"@crt	<http://ids.clld.org/values/9-750-304-1>		<http://ids.clld.org/parameters/9-750>		<http://ids.clld.org/values/9-750-174-1>		"aʔtoʔtotoʔho"@mch	
"kinyulaʔ"@crt	<http://ids.clld.org/values/6-750-304-3>		<http://ids.clld.org/parameters/6-750>		<http://ids.clld.org/values/6-750-174-1>		"wōʔmo"@mch	
"ka-xloma-ta"@crt	<http://ids.clld.org/values/14-480-304-1>		<http://ids.clld.org/parameters/14-480>		<http://ids.clld.org/values/14-480-174-1>		"henamma"@mch	
"xlup (m.)"@crt	<http://ids.clld.org/values/3-580-304-1>		<http://ids.clld.org/parameters/3-580>		<http://ids.clld.org/values/3-580-174-1>		"danɲami"@mch	
"-poy (f.)"@crt	<http://ids.clld.org/values/1-440-304-1>		<http://ids.clld.org/parameters/1-440>		<http://ids.clld.org/values/1-440-174-1>		"təʔhu"@mch	
"-les"@crt	<http://ids.clld.org/values/3-950-304-1>		<http://ids.clld.org/parameters/3-950>		<http://ids.clld.org/values/3-950-174-1>		"kɨʔto"@mch	
"-skyuxnen ~ -tiskyuxnen"@crt	<http://ids.clld.org/values/10-450-304-1>		<http://ids.clld.org/parameters/10-450>		<http://ids.clld.org/values/10-450-174-1>		"w-ōhoyma-nə"@mch	
"akixnan"@crt	<http://ids.clld.org/values/20-610-304-3>		<http://ids.clld.org/parameters/20-610>		<http://ids.clld.org/values/20-610-174-1>		"emanɲuhɨdɨ"@mch	
"-akyoxna ~ -ekyoxna"@crt	<http://ids.clld.org/values/4-350-304-1>		<http://ids.clld.org/parameters/4-350>		<http://ids.clld.org/values/4-350-174-1>		"hētɨ"@mch	
"-kin"@crt	<http://ids.clld.org/values/10-470-304-5>		<http://ids.clld.org/parameters/10-470>		<http://ids.clld.org/values/10-470-174-1>		"wɨʔtə̄-nə"@mch	
"itan (m.)"@crt	<http://ids.clld.org/values/6-360-304-1>		<http://ids.clld.org/parameters/6-360>		<http://ids.clld.org/values/6-360-174-1>		"makūsa"@mch	
"-t-ot-ey ~ -ut-ey"@crt	<http://ids.clld.org/values/11-830-304-3>		<http://ids.clld.org/parameters/11-830>		<http://ids.clld.org/values/11-830-174-1>		"wətəʔtihānə"@mch	
"kˀekexey"@crt	<http://ids.clld.org/values/15-350-304-1>		<http://ids.clld.org/parameters/15-350>		<http://ids.clld.org/values/15-350-174-1>		"kādo"@mch	
"ten"@crt	<http://ids.clld.org/values/17-640-304-1>		<http://ids.clld.org/parameters/17-640>		<http://ids.clld.org/values/17-640-174-1>		"ākene"@mch	
"iwaxla (m.)"@crt	<http://ids.clld.org/values/3-720-304-1>		<http://ids.clld.org/parameters/3-720>		<http://ids.clld.org/values/3-720-174-1>		"kawadīmə"@mch	
"akoye"@crt	<http://ids.clld.org/values/10-831-304-1>		<http://ids.clld.org/parameters/10-831>		<http://ids.clld.org/values/10-831-174-1>		"[kanowa]"@mch	
"-wul ~ -yul"@crt	<http://ids.clld.org/values/10-210-304-1>		<http://ids.clld.org/parameters/10-210>		<http://ids.clld.org/values/10-210-174-1>		"w-ənuʔnə"@mch	
"ey anat-apeʔe"@crt	<http://ids.clld.org/values/10-340-304-1>		<http://ids.clld.org/parameters/10-340>		<http://ids.clld.org/values/10-340-174-1>		"tɨtāwaʔta"@mch	
"-afʷeʔ ~ -efʷeʔ (f.)"@crt	<http://ids.clld.org/values/4-270-304-1>		<http://ids.clld.org/parameters/4-270>		<http://ids.clld.org/values/4-270-174-1>		"dedɨ"@mch	
"-aa ~ -ee"@crt	<http://ids.clld.org/values/18-110-304-1>		<http://ids.clld.org/parameters/18-110>		<http://ids.clld.org/values/18-110-174-1>		"kəʔtɨnnə"@mch	
"pawlic̷i tom nexeye"@crt	<http://ids.clld.org/values/13-90-304-1>		<http://ids.clld.org/parameters/13-90>		<http://ids.clld.org/values/13-90-174-1>		"āʔkəi čea amohaʔto"@mch	
"l-am-is"@crt	<http://ids.clld.org/values/2-960-304-1>		<http://ids.clld.org/parameters/2-960>		<http://ids.clld.org/values/2-960-174-1>		"tɨnwano"@mch	
"-akxiwet"@crt	<http://ids.clld.org/values/4-460-304-1>		<http://ids.clld.org/parameters/4-460>		<http://ids.clld.org/values/4-460-174-1>		"dudūnoi"@mch	
"napa-we"@crt	<http://ids.clld.org/values/17-650-304-1>		<http://ids.clld.org/parameters/17-650>		<http://ids.clld.org/values/17-650-174-1>		"əičənnāwəkə"@mch	
"paxyi"@crt	<http://ids.clld.org/values/15-370-304-1>		<http://ids.clld.org/parameters/15-370>		<http://ids.clld.org/values/15-370-174-1>		"tutune"@mch	
"laʔpix (m.)"@crt	<http://ids.clld.org/values/3-940-304-1>		<http://ids.clld.org/parameters/3-940>		<http://ids.clld.org/values/3-940-174-1>		"memu"@mch	
"-fʷexlyen ~ -fʷixlyen"@crt	<http://ids.clld.org/values/4-620-304-1>		<http://ids.clld.org/parameters/4-620>		<http://ids.clld.org/values/4-620-174-1>		"wənētɨnə"@mch	
"-ola ~ -uxla"@crt	<http://ids.clld.org/values/4-910-304-1>		<http://ids.clld.org/parameters/4-910>		<http://ids.clld.org/values/4-910-174-1>		"tɨkinča"@mch	
"alata (m.)"@crt	<http://ids.clld.org/values/7-570-304-1>		<http://ids.clld.org/parameters/7-570>		<http://ids.clld.org/values/7-570-174-1>		"[tadwa]"@mch	
"-lewe ~ -liwe"@crt	<http://ids.clld.org/values/4-300-304-1>		<http://ids.clld.org/parameters/4-300>		<http://ids.clld.org/values/4-300-174-1>		"nkawə"@mch	
"-yipe"@crt	<http://ids.clld.org/values/12-20-304-1>		<http://ids.clld.org/parameters/12-20>		<http://ids.clld.org/values/12-20-174-1>		"dɨʔtə"@mch	
"-mkaxan"@crt	<http://ids.clld.org/values/16-230-304-1>		<http://ids.clld.org/parameters/16-230>		<http://ids.clld.org/values/16-230-174-1>		"takwanɲe"@mch	
"-nalen"@crt	<http://ids.clld.org/values/5-140-304-1>		<http://ids.clld.org/parameters/5-140>		<http://ids.clld.org/values/5-140-174-1>		"əmīhe"@mch	
"pexla"@crt	<http://ids.clld.org/values/1-750-304-1>		<http://ids.clld.org/parameters/1-750>		<http://ids.clld.org/values/1-750-174-1>		"konōho"@mch	
"walaaxi-wet (f.)"@crt	<http://ids.clld.org/values/9-760-304-1>		<http://ids.clld.org/parameters/9-760>		<http://ids.clld.org/values/9-760-174-1>		"wɨ̄wa"@mch	
"-maʔa ~ -miʔe"@crt	<http://ids.clld.org/values/4-610-304-1>		<http://ids.clld.org/parameters/4-610>		<http://ids.clld.org/values/4-610-174-1>		"w-ɨnɨʔ-nə"@mch	
"-kyeʔti ~ -syeʔti"@crt	<http://ids.clld.org/values/9-260-304-1>		<http://ids.clld.org/parameters/9-260>		<http://ids.clld.org/values/9-260-174-1>		"-išiča-dɨ"@mch	
"fʷamlaa"@crt	<http://ids.clld.org/values/12-560-304-1>		<http://ids.clld.org/parameters/12-560>		<http://ids.clld.org/values/12-560-174-1>		"šeʔkə"@mch	
"-kaxnat ~ -kyaxnat (m.)"@crt	<http://ids.clld.org/values/20-520-304-1>		<http://ids.clld.org/parameters/20-520>		<http://ids.clld.org/values/20-520-174-1>		"anə̄tə"@mch	
"kityeneʔ"@crt	<http://ids.clld.org/values/3-980-304-3>		<http://ids.clld.org/parameters/3-980>		<http://ids.clld.org/values/3-980-174-1>		"heʔde"@mch	
"an-ey -paxlate"@crt	<http://ids.clld.org/values/18-410-304-1>		<http://ids.clld.org/parameters/18-410>		<http://ids.clld.org/values/18-410-174-1>		"aʔdewhaʔdɨ"@mch	
"-nam"@crt	<http://ids.clld.org/values/10-480-304-1>		<http://ids.clld.org/parameters/10-480>		<http://ids.clld.org/values/10-480-174-1>		"w-eʔ-nə"@mch	
"noʔo (m.)"@crt	<http://ids.clld.org/values/3-610-304-1>		<http://ids.clld.org/parameters/3-610>		<http://ids.clld.org/values/3-610-174-1>		"sɨ̄ʔna"@mch	
"-fʷesye"@crt	<http://ids.clld.org/values/16-720-304-1>		<http://ids.clld.org/parameters/16-720>		<http://ids.clld.org/values/16-720-174-1>		"kənemhɨnɨ"@mch	
"kaʔc̷yutyuʔ"@crt	<http://ids.clld.org/values/15-690-304-1>		<http://ids.clld.org/parameters/15-690>		<http://ids.clld.org/values/15-690-174-1>		"kɨnota"@mch	
"-wetnafʷaan ~ -witnafʷaan"@crt	<http://ids.clld.org/values/10-140-304-1>		<http://ids.clld.org/parameters/10-140>		<http://ids.clld.org/values/10-140-174-1>		"weməīya"@mch	
"-tula"@crt	<http://ids.clld.org/values/15-650-304-1>		<http://ids.clld.org/parameters/15-650>		<http://ids.clld.org/values/15-650-174-1>		"hudumato"@mch	
"ekin-in ~ -emin ~ -kin-in"@crt	<http://ids.clld.org/values/10-530-304-1>		<http://ids.clld.org/parameters/10-530>		<http://ids.clld.org/values/10-530-174-1>		"-aheʔka-dɨ"@mch	
"-wun"@crt	<http://ids.clld.org/values/1-851-304-1>		<http://ids.clld.org/parameters/1-851>		<http://ids.clld.org/values/1-851-174-1>		"ukā-dɨ"@mch	
"takixnaki atofʷom"@crt	<http://ids.clld.org/values/12-330-304-1>		<http://ids.clld.org/parameters/12-330>		<http://ids.clld.org/values/12-330-174-1>		"akoiʔčaʔhɨdɨ"@mch	
"-om ~ -xom ~ -xyum"@crt	<http://ids.clld.org/values/4-980-304-1>		<http://ids.clld.org/parameters/4-980>		<http://ids.clld.org/values/4-980-174-1>		"-oʔdoʔhə"@mch	
"-nakawet"@crt	<http://ids.clld.org/values/7-440-304-1>		<http://ids.clld.org/parameters/7-440>		<http://ids.clld.org/values/7-440-174-1>		"[mesa]i"@mch	
"-wenam ~ -winam"@crt	<http://ids.clld.org/values/11-820-304-1>		<http://ids.clld.org/parameters/11-820>		<http://ids.clld.org/values/11-820-174-1>		"ehema-hoi"@mch	
"fʷiki-pot"@crt	<http://ids.clld.org/values/4-345-304-1>		<http://ids.clld.org/parameters/4-345>		<http://ids.clld.org/values/4-345-174-1>		"əmmi"@mch	
"fʷom"@crt	<http://ids.clld.org/values/12-80-304-1>		<http://ids.clld.org/parameters/12-80>		<http://ids.clld.org/values/12-80-174-1>		"kawə̄"@mch	
"-talkyun ~ -tyelkyun"@crt	<http://ids.clld.org/values/17-130-304-1>		<http://ids.clld.org/parameters/17-130>		<http://ids.clld.org/values/17-130-174-1>		"tɨtahə-nə"@mch	
"s-am"@crt	<http://ids.clld.org/values/2-942-304-1>		<http://ids.clld.org/parameters/2-942>		<http://ids.clld.org/values/2-942-174-1>		"nɲa"@mch	
"nayi (f.)"@crt	<http://ids.clld.org/values/10-710-304-1>		<http://ids.clld.org/parameters/10-710>		<http://ids.clld.org/values/10-710-174-1>		"ə̄ma"@mch	
"ifʷyesam"@crt	<http://ids.clld.org/values/5-125-304-1>		<http://ids.clld.org/parameters/5-125>		<http://ids.clld.org/values/5-125-174-1>		"čə̄tāhə"@mch	
"-kʔok"@crt	<http://ids.clld.org/values/20-260-304-1>		<http://ids.clld.org/parameters/20-260>		<http://ids.clld.org/values/20-260-174-1>		"sukuhi"@mch	
"fʷamlaa"@crt	<http://ids.clld.org/values/13-170-304-3>		<http://ids.clld.org/parameters/13-170>		<http://ids.clld.org/values/13-170-174-1>		"ākəʔkə"@mch	
"-woyis ~ -yoyis"@crt	<http://ids.clld.org/values/4-150-304-1>		<http://ids.clld.org/parameters/4-150>		<http://ids.clld.org/values/4-150-174-1>		"munu"@mch	
"alaʔ (f.)"@crt	<http://ids.clld.org/values/8-600-304-1>		<http://ids.clld.org/parameters/8-600>		<http://ids.clld.org/values/8-600-174-1>		"dē"@mch	
"axnat (f.)"@crt	<http://ids.clld.org/values/1-212-304-1>		<http://ids.clld.org/parameters/1-212>		<http://ids.clld.org/values/1-212-174-1>		"nono"@mch	
"naxak"@crt	<http://ids.clld.org/values/20-540-304-1>		<http://ids.clld.org/parameters/20-540>		<http://ids.clld.org/values/20-540-174-1>		"anətə"@mch	
"-em"@crt	<http://ids.clld.org/values/10-470-304-3>		<http://ids.clld.org/parameters/10-470>		<http://ids.clld.org/values/10-470-174-1>		"wɨʔtə̄-nə"@mch	
"xa -kakyu -kyakyu"@crt	<http://ids.clld.org/values/17-150-304-1>		<http://ids.clld.org/parameters/17-150>		<http://ids.clld.org/values/17-150-174-1>		"-ekanɨhɨ-dɨ"@mch	
"kopiyeʔ (f.)"@crt	<http://ids.clld.org/values/3-920-304-1>		<http://ids.clld.org/parameters/3-920>		<http://ids.clld.org/values/3-920-174-1>		"matūtu"@mch	
"xloxsa"@crt	<http://ids.clld.org/values/2-261-304-1>		<http://ids.clld.org/parameters/2-261>		<http://ids.clld.org/values/2-261-174-1>		"mudēši"@mch	
"sifʷoniʔ"@crt	<http://ids.clld.org/values/5-810-304-1>		<http://ids.clld.org/parameters/5-810>		<http://ids.clld.org/values/5-810-174-1>		"[sayu]"@mch	
"-wet-lane ~ -wit-lane"@crt	<http://ids.clld.org/values/20-110-304-1>		<http://ids.clld.org/parameters/20-110>		<http://ids.clld.org/values/20-110-174-1>		"wətə̄nehānə"@mch	
"-wac̷oxnak"@crt	<http://ids.clld.org/values/8-920-304-1>		<http://ids.clld.org/parameters/8-920>		<http://ids.clld.org/values/8-920-174-1>		"kɨdēde"@mch	
"-soosin ~ -syuusin"@crt	<http://ids.clld.org/values/15-890-304-1>		<http://ids.clld.org/parameters/15-890>		<http://ids.clld.org/values/15-890-174-1>		"deyude"@mch	
"-kaxsiliʔ ~ -kyaxsiliʔ (m.)"@crt	<http://ids.clld.org/values/4-461-304-1>		<http://ids.clld.org/parameters/4-461>		<http://ids.clld.org/values/4-461-174-1>		"hyōtɨ"@mch	
"poʔo"@crt	<http://ids.clld.org/values/11-110-304-1>		<http://ids.clld.org/parameters/11-110>		<http://ids.clld.org/values/11-110-174-1>		"tɨweiye wənɲe"@mch	
"amtiwey ~ -emtiwey"@crt	<http://ids.clld.org/values/18-221-304-1>		<http://ids.clld.org/parameters/18-221>		<http://ids.clld.org/values/18-221-174-1>		"mēʔkuʔtə̄dɨ"@mch	
"am-el"@crt	<http://ids.clld.org/values/2-950-304-1>		<http://ids.clld.org/parameters/2-950>		<http://ids.clld.org/values/2-950-174-1>		"ənwanno"@mch	
"kyaatay"@crt	<http://ids.clld.org/values/14-310-304-3>		<http://ids.clld.org/parameters/14-310>		<http://ids.clld.org/values/14-310-174-1>		"wenēne"@mch	
"-ka-pen-an"@crt	<http://ids.clld.org/values/5-210-304-1>		<http://ids.clld.org/parameters/5-210>		<http://ids.clld.org/values/5-210-174-1>		"-aʔnə"@mch	
"yuxsa"@crt	<http://ids.clld.org/values/14-150-304-1>		<http://ids.clld.org/parameters/14-150>		<http://ids.clld.org/values/14-150-174-1>		"henaʔdohə"@mch	
"eneʔ ~ -ineʔ"@crt	<http://ids.clld.org/values/12-120-304-1>		<http://ids.clld.org/parameters/12-120>		<http://ids.clld.org/values/12-120-174-1>		"enɨ̄ta"@mch	
"eneʔ ~ -ineʔ"@crt	<http://ids.clld.org/values/12-120-304-1>		<http://ids.clld.org/parameters/12-120>		<http://ids.clld.org/values/12-120-174-3>		"-ehuʔta-"@mch	
"-keynisyen"@crt	<http://ids.clld.org/values/18-120-304-1>		<http://ids.clld.org/parameters/18-120>		<http://ids.clld.org/values/18-120-174-1>		"we[kantā]ʔɲənə"@mch	
"kyafʷey"@crt	<http://ids.clld.org/values/12-50-304-1>		<http://ids.clld.org/parameters/12-50>		<http://ids.clld.org/values/12-50-174-3>		"anwaʔka"@mch	
"kyafʷey"@crt	<http://ids.clld.org/values/12-50-304-1>		<http://ids.clld.org/parameters/12-50>		<http://ids.clld.org/values/12-50-174-1>		"aʔka"@mch	
"-wen ~ -win"@crt	<http://ids.clld.org/values/19-650-304-1>		<http://ids.clld.org/parameters/19-650>		<http://ids.clld.org/values/19-650-174-1>		"edantə-dɨ"@mch	
"-wenam ~ -winam"@crt	<http://ids.clld.org/values/11-210-304-1>		<http://ids.clld.org/parameters/11-210>		<http://ids.clld.org/values/11-210-174-1>		"utūdu"@mch	
"sawo ~ -syewo"@crt	<http://ids.clld.org/values/7-120-304-1>		<http://ids.clld.org/parameters/7-120>		<http://ids.clld.org/values/7-120-174-1>		"mmā"@mch	
"-mafʷa ~ -myefʷa"@crt	<http://ids.clld.org/values/19-510-304-1>		<http://ids.clld.org/parameters/19-510>		<http://ids.clld.org/values/19-510-174-1>		"weičakōno"@mch	
"-koxokin"@crt	<http://ids.clld.org/values/4-530-304-1>		<http://ids.clld.org/parameters/4-530>		<http://ids.clld.org/values/4-530-174-1>		"təinšiʔho"@mch	
"-woleʔ"@crt	<http://ids.clld.org/values/4-393-304-1>		<http://ids.clld.org/parameters/4-393>		<http://ids.clld.org/values/4-393-174-1>		"iʔhōʔtɨ"@mch	
"-pen-ek"@crt	<http://ids.clld.org/values/5-410-304-1>		<http://ids.clld.org/parameters/5-410>		<http://ids.clld.org/values/5-410-174-1>		"əwainši"@mch	
"laxwu"@crt	<http://ids.clld.org/values/1-720-304-1>		<http://ids.clld.org/parameters/1-720>		<http://ids.clld.org/values/1-720-174-1>		"hehēnčə"@mch	
"xloma (m.)"@crt	<http://ids.clld.org/values/14-410-304-1>		<http://ids.clld.org/parameters/14-410>		<http://ids.clld.org/values/14-410-174-1>		"anə̄to"@mch	
"-kiʔmeʔ ~ -siʔmeʔ"@crt	<http://ids.clld.org/values/11-140-304-1>		<http://ids.clld.org/parameters/11-140>		<http://ids.clld.org/values/11-140-174-1>		"-ahəi-"@mch	
"-elyey ~ -ilyey"@crt	<http://ids.clld.org/values/15-840-304-1>		<http://ids.clld.org/parameters/15-840>		<http://ids.clld.org/values/15-840-174-1>		"ssedēhe"@mch	
"-woleʔ (m.)"@crt	<http://ids.clld.org/values/4-140-304-1>		<http://ids.clld.org/parameters/4-140>		<http://ids.clld.org/values/4-140-174-1>		"hū"@mch	
"-tieʔ"@crt	<http://ids.clld.org/values/2-520-304-1>		<http://ids.clld.org/parameters/2-520>		<http://ids.clld.org/values/2-520-174-1>		"waynɲeʔney"@mch	
"-poxsiʔ (f.) ~ -pyuxsiʔ"@crt	<http://ids.clld.org/values/4-142-304-1>		<http://ids.clld.org/parameters/4-142>		<http://ids.clld.org/values/4-142-174-1>		"ettəmuho"@mch	
"wikyex"@crt	<http://ids.clld.org/values/9-790-304-1>		<http://ids.clld.org/parameters/9-790>		<http://ids.clld.org/values/9-790-174-1>		"wadi-wadi"@mch	
"laʔ (m.)"@crt	<http://ids.clld.org/values/5-710-304-1>		<http://ids.clld.org/parameters/5-710>		<http://ids.clld.org/values/5-710-174-1>		"čə̄hɨdɨ̄-hɨdɨ"@mch	
"-yesiki-pot"@crt	<http://ids.clld.org/values/4-344-304-1>		<http://ids.clld.org/parameters/4-344>		<http://ids.clld.org/values/4-344-174-1>		"əmmi"@mch	
"eleten ~ -teleten"@crt	<http://ids.clld.org/values/10-473-304-1>		<http://ids.clld.org/parameters/10-473>		<http://ids.clld.org/values/10-473-174-1>		"hɨ̄ʔwakādə"@mch	
"nakiʔ (m.)"@crt	<http://ids.clld.org/values/19-240-304-1>		<http://ids.clld.org/parameters/19-240>		<http://ids.clld.org/values/19-240-174-1>		"ədāhə"@mch	
"inye-weseʔ"@crt	<http://ids.clld.org/values/2-260-304-1>		<http://ids.clld.org/parameters/2-260>		<http://ids.clld.org/values/2-260-174-1>		"wodi-ʔčə"@mch	
"lemiʔ"@crt	<http://ids.clld.org/values/15-640-304-1>		<http://ids.clld.org/parameters/15-640>		<http://ids.clld.org/values/15-640-174-1>		"təʔkeʔne"@mch	
"-yowey"@crt	<http://ids.clld.org/values/12-340-304-1>		<http://ids.clld.org/parameters/12-340>		<http://ids.clld.org/values/12-340-174-1>		"nwaʔkəi"@mch	
"woykiʔ"@crt	<http://ids.clld.org/values/3-740-304-1>		<http://ids.clld.org/parameters/3-740>		<http://ids.clld.org/values/3-740-174-1>		"awadudi"@mch	
"loxsiʔ (m.)"@crt	<http://ids.clld.org/values/20-240-304-1>		<http://ids.clld.org/parameters/20-240>		<http://ids.clld.org/values/20-240-174-1>		"šimāda ehɨ̄dɨ"@mch	
"-teyet ~ -tiyet"@crt	<http://ids.clld.org/values/12-930-304-1>		<http://ids.clld.org/parameters/12-930>		<http://ids.clld.org/values/12-930-174-1>		"w-ekamhiaka-nə"@mch	
"xe toy"@crt	<http://ids.clld.org/values/12-590-304-1>		<http://ids.clld.org/parameters/12-590>		<http://ids.clld.org/values/12-590-174-1>		"tawedato"@mch	
"isyet"@crt	<http://ids.clld.org/values/15-660-304-1>		<http://ids.clld.org/parameters/15-660>		<http://ids.clld.org/values/15-660-174-1>		"seweičato"@mch	
"totyuʔ"@crt	<http://ids.clld.org/values/2-460-304-3>		<http://ids.clld.org/parameters/2-460>		<http://ids.clld.org/values/2-460-174-1>		"kōko"@mch	
"itifʷami nuwa si-kyoy-ey"@crt	<http://ids.clld.org/values/13-100-304-1>		<http://ids.clld.org/parameters/13-100>		<http://ids.clld.org/values/13-100-174-1>		"amohadə"@mch	
"afʷenas-ikyeʔ"@crt	<http://ids.clld.org/values/3-585-304-1>		<http://ids.clld.org/parameters/3-585>		<http://ids.clld.org/values/3-585-174-1>		"hiyāna"@mch	
"sixnaye-tok"@crt	<http://ids.clld.org/values/8-930-304-1>		<http://ids.clld.org/parameters/8-930>		<http://ids.clld.org/values/8-930-174-1>		"kankudu"@mch	
"-kyes-kiʔ"@crt	<http://ids.clld.org/values/4-180-304-3>		<http://ids.clld.org/parameters/4-180>		<http://ids.clld.org/values/4-180-174-1>		"dāʔkɨdɨ"@mch	
"takixnakiʔ"@crt	<http://ids.clld.org/values/1-220-304-1>		<http://ids.clld.org/parameters/1-220>		<http://ids.clld.org/values/1-220-174-1>		"hɨ̄"@mch	
"axna-wux"@crt	<http://ids.clld.org/values/15-630-304-1>		<http://ids.clld.org/parameters/15-630>		<http://ids.clld.org/values/15-630-174-1>		"tɨhe"@mch	
"leʔkyuʔ (f.)"@crt	<http://ids.clld.org/values/5-970-304-1>		<http://ids.clld.org/parameters/5-970>		<http://ids.clld.org/values/5-970-174-1>		"iʔmoi"@mch	
"-ot (f.)"@crt	<http://ids.clld.org/values/4-400-304-1>		<http://ids.clld.org/parameters/4-400>		<http://ids.clld.org/values/4-400-174-1>		"dōʔta"@mch	
"lemtakiʔ"@crt	<http://ids.clld.org/values/8-311-304-1>		<http://ids.clld.org/parameters/8-311>		<http://ids.clld.org/values/8-311-174-1>		"čə̄huʔhə"@mch	
