"kyale"@crt	<http://ids.clld.org/values/2-270-304-1>		<http://ids.clld.org/parameters/2-270>		<http://ids.clld.org/values/2-270-286-1>		"piyeʔ"@pav	
"-kiʔmeʔ ~ -siʔmeʔ"@crt	<http://ids.clld.org/values/11-150-304-1>		<http://ids.clld.org/parameters/11-150>		<http://ids.clld.org/values/11-150-286-1>		"kep"@pav	
"-fʷes (f.)"@crt	<http://ids.clld.org/values/4-392-304-1>		<http://ids.clld.org/parameters/4-392>		<http://ids.clld.org/values/4-392-286-1>		"tapaši"@pav	
"-tox ~ -tyux"@crt	<http://ids.clld.org/values/5-110-304-3>		<http://ids.clld.org/parameters/5-110>		<http://ids.clld.org/values/5-110-286-1>		"kaoʔ"@pav	
"-tox ~ -tyux"@crt	<http://ids.clld.org/values/5-110-304-3>		<http://ids.clld.org/parameters/5-110>		<http://ids.clld.org/values/5-110-286-3>		"kakakaoʔ"@pav	
"tewak (m.)"@crt	<http://ids.clld.org/values/1-360-304-1>		<http://ids.clld.org/parameters/1-360>		<http://ids.clld.org/values/1-360-286-1>		"kom"@pav	
"-liixi"@crt	<http://ids.clld.org/values/15-770-304-1>		<http://ids.clld.org/parameters/15-770>		<http://ids.clld.org/values/15-770-286-1>		"topišik"@pav	
"kates (f.)"@crt	<http://ids.clld.org/values/1-540-304-1>		<http://ids.clld.org/parameters/1-540>		<http://ids.clld.org/values/1-540-286-1>		"piyoʔ"@pav	
"kyepis"@crt	<http://ids.clld.org/values/12-560-304-5>		<http://ids.clld.org/parameters/12-560>		<http://ids.clld.org/values/12-560-286-1>		"wiyimain"@pav	
"tasaxay"@crt	<http://ids.clld.org/values/15-780-304-1>		<http://ids.clld.org/parameters/15-780>		<http://ids.clld.org/values/15-780-286-1>		"šaʔ"@pav	
"y-em-el ~ s-am-el"@crt	<http://ids.clld.org/values/2-941-304-1>		<http://ids.clld.org/parameters/2-941>		<http://ids.clld.org/values/2-941-286-1>		"wariʔ"@pav	
"toxsa"@crt	<http://ids.clld.org/values/1-830-304-1>		<http://ids.clld.org/parameters/1-830>		<http://ids.clld.org/values/1-830-286-1>		"tainʔ"@pav	
"-wac̷o"@crt	<http://ids.clld.org/values/15-680-304-1>		<http://ids.clld.org/parameters/15-680>		<http://ids.clld.org/values/15-680-286-1>		"tb̃um"@pav	
"kilay"@crt	<http://ids.clld.org/values/1-520-304-1>		<http://ids.clld.org/parameters/1-520>		<http://ids.clld.org/values/1-520-286-1>		"šina"@pav	
"meme"@crt	<http://ids.clld.org/values/2-360-304-3>		<http://ids.clld.org/parameters/2-360>		<http://ids.clld.org/values/2-360-286-1>		"naʔ"@pav	
"niyek (f.)"@crt	<http://ids.clld.org/values/9-190-304-1>		<http://ids.clld.org/parameters/9-190>		<http://ids.clld.org/values/9-190-286-1>		"makon (makorišiʔ)"@pav	
"-ewaxam"@crt	<http://ids.clld.org/values/9-220-304-3>		<http://ids.clld.org/parameters/9-220>		<http://ids.clld.org/values/9-220-286-7>		"nakarkamʔ"@pav	
"-ewaxam"@crt	<http://ids.clld.org/values/9-220-304-3>		<http://ids.clld.org/parameters/9-220>		<http://ids.clld.org/values/9-220-286-3>		"wawak"@pav	
"-ewaxam"@crt	<http://ids.clld.org/values/9-220-304-3>		<http://ids.clld.org/parameters/9-220>		<http://ids.clld.org/values/9-220-286-9>		"ta"@pav	
"-ewaxam"@crt	<http://ids.clld.org/values/9-220-304-3>		<http://ids.clld.org/parameters/9-220>		<http://ids.clld.org/values/9-220-286-5>		"nakamʔ"@pav	
"-ewaxam"@crt	<http://ids.clld.org/values/9-220-304-3>		<http://ids.clld.org/parameters/9-220>		<http://ids.clld.org/values/9-220-286-1>		"wak"@pav	
"-waxsan"@crt	<http://ids.clld.org/values/4-740-304-1>		<http://ids.clld.org/parameters/4-740>		<http://ids.clld.org/values/4-740-286-1>		"eʔ"@pav	
"-taxloxli"@crt	<http://ids.clld.org/values/15-880-304-1>		<http://ids.clld.org/parameters/15-880>		<http://ids.clld.org/values/15-880-286-1>		"mišem"@pav	
"inyoʔ"@crt	<http://ids.clld.org/values/2-100-304-1>		<http://ids.clld.org/parameters/2-100>		<http://ids.clld.org/values/2-100-286-1>		"wariʔ"@pav	
"isye"@crt	<http://ids.clld.org/values/1-215-304-1>		<http://ids.clld.org/parameters/1-215>		<http://ids.clld.org/values/1-215-286-1>		"namayi"@pav	
"poleʔ (m.)"@crt	<http://ids.clld.org/values/1-730-304-1>		<http://ids.clld.org/parameters/1-730>		<http://ids.clld.org/values/1-730-286-1>		"tayain nanawin"@pav	
"alaʔ"@crt	<http://ids.clld.org/values/1-420-304-1>		<http://ids.clld.org/parameters/1-420>		<http://ids.clld.org/values/1-420-286-1>		"pana"@pav	
"l-am"@crt	<http://ids.clld.org/values/2-930-304-1>		<http://ids.clld.org/parameters/2-930>		<http://ids.clld.org/values/2-930-286-1>		"ko maʔ"@pav	
"yuyi"@crt	<http://ids.clld.org/values/15-860-304-1>		<http://ids.clld.org/parameters/15-860>		<http://ids.clld.org/values/15-860-286-1>		"šio"@pav	
"yuyi"@crt	<http://ids.clld.org/values/15-860-304-1>		<http://ids.clld.org/parameters/15-860>		<http://ids.clld.org/values/15-860-286-3>		"kapinʔ"@pav	
"amtey"@crt	<http://ids.clld.org/values/18-210-304-1>		<http://ids.clld.org/parameters/18-210>		<http://ids.clld.org/values/18-210-286-1>		"tomiʔ"@pav	
"-nuneʔ ~ -nyuneʔ"@crt	<http://ids.clld.org/values/10-230-304-1>		<http://ids.clld.org/parameters/10-230>		<http://ids.clld.org/values/10-230-286-3>		"kamaraʔ"@pav	
"-nuneʔ ~ -nyuneʔ"@crt	<http://ids.clld.org/values/10-230-304-1>		<http://ids.clld.org/parameters/10-230>		<http://ids.clld.org/values/10-230-286-1>		"panʔ"@pav	
"-lanit ~ -lyenit"@crt	<http://ids.clld.org/values/9-160-304-1>		<http://ids.clld.org/parameters/9-160>		<http://ids.clld.org/values/9-160-286-1>		"tuku"@pav	
"atelyiʔ ~ -etelyiʔ"@crt	<http://ids.clld.org/values/6-350-304-1>		<http://ids.clld.org/parameters/6-350>		<http://ids.clld.org/values/6-350-286-1>		"ok"@pav	
"taxlat (m.)"@crt	<http://ids.clld.org/values/1-840-304-1>		<http://ids.clld.org/parameters/1-840>		<http://ids.clld.org/values/1-840-286-1>		"topakon"@pav	
"-ye"@crt	<http://ids.clld.org/values/5-130-304-1>		<http://ids.clld.org/parameters/5-130>		<http://ids.clld.org/values/5-130-286-1>		"tok"@pav	
"-ye"@crt	<http://ids.clld.org/values/5-130-304-1>		<http://ids.clld.org/parameters/5-130>		<http://ids.clld.org/values/5-130-286-3>		"tototok"@pav	
"tapowe"@crt	<http://ids.clld.org/values/13-210-304-1>		<http://ids.clld.org/parameters/13-210>		<http://ids.clld.org/values/13-210-286-5>		"maʔam"@pav	
"tapowe"@crt	<http://ids.clld.org/values/13-210-304-1>		<http://ids.clld.org/parameters/13-210>		<http://ids.clld.org/values/13-210-286-3>		"moromoinʔ"@pav	
"tapowe"@crt	<http://ids.clld.org/values/13-210-304-1>		<http://ids.clld.org/parameters/13-210>		<http://ids.clld.org/values/13-210-286-1>		"moinʔ"@pav	
"-kosletikiʔ ~ -kyusletikiʔ"@crt	<http://ids.clld.org/values/4-360-304-1>		<http://ids.clld.org/parameters/4-360>		<http://ids.clld.org/values/4-360-286-1>		"karamašiʔ (karam)"@pav	
"-lan ~ -lyen"@crt	<http://ids.clld.org/values/4-760-304-1>		<http://ids.clld.org/parameters/4-760>		<http://ids.clld.org/values/4-760-286-1>		"paʔ"@pav	
"-xnatowo ~ -xnyetowo"@crt	<http://ids.clld.org/values/4-230-304-1>		<http://ids.clld.org/parameters/4-230>		<http://ids.clld.org/values/4-230-286-1>		"werešiʔ (ut)"@pav	
"tikyeʔen"@crt	<http://ids.clld.org/values/4-853-304-1>		<http://ids.clld.org/parameters/4-853>		<http://ids.clld.org/values/4-853-286-1>		"mom"@pav	
"-em"@crt	<http://ids.clld.org/values/10-320-304-1>		<http://ids.clld.org/parameters/10-320>		<http://ids.clld.org/values/10-320-286-3>		"weweweo"@pav	
"-em"@crt	<http://ids.clld.org/values/10-320-304-1>		<http://ids.clld.org/parameters/10-320>		<http://ids.clld.org/values/10-320-286-1>		"weo"@pav	
"asaʔa"@crt	<http://ids.clld.org/values/13-150-304-3>		<http://ids.clld.org/parameters/13-150>		<http://ids.clld.org/values/13-150-286-1>		"iriʔ miyo/ miya"@pav	
"-kilfʷaʔ ~ -c̷ilfʷaʔ ~ -ilfʷaʔ"@crt	<http://ids.clld.org/values/2-320-304-1>		<http://ids.clld.org/parameters/2-320>		<http://ids.clld.org/values/2-320-286-1>		"mana"@pav	
"xuppa"@crt	<http://ids.clld.org/values/3-850-304-1>		<http://ids.clld.org/parameters/3-850>		<http://ids.clld.org/values/3-850-286-1>		"emʔ"@pav	
"-es ~ -se"@crt	<http://ids.clld.org/values/16-710-304-1>		<http://ids.clld.org/parameters/16-710>		<http://ids.clld.org/values/16-710-286-1>		"awi"@pav	
"takataxay (f.)"@crt	<http://ids.clld.org/values/8-750-304-1>		<http://ids.clld.org/parameters/8-750>		<http://ids.clld.org/values/8-750-286-1>		"tapari"@pav	
"-ey ~ -i (m.)"@crt	<http://ids.clld.org/values/18-280-304-1>		<http://ids.clld.org/parameters/18-280>		<http://ids.clld.org/values/18-280-286-1>		"wišišiʔ (wit)"@pav	
"axwuʔ"@crt	<http://ids.clld.org/values/2-220-304-1>		<http://ids.clld.org/parameters/2-220>		<http://ids.clld.org/values/2-220-286-1>		"narimaʔ"@pav	
"ayinye (m.)"@crt	<http://ids.clld.org/values/2-230-304-1>		<http://ids.clld.org/parameters/2-230>		<http://ids.clld.org/values/2-230-286-1>		"taramaʔ"@pav	
"eyineʔ ~ -ineʔ"@crt	<http://ids.clld.org/values/12-130-304-1>		<http://ids.clld.org/parameters/12-130>		<http://ids.clld.org/values/12-130-286-1>		"šaoʔ pe"@pav	
"eyineʔ ~ -ineʔ"@crt	<http://ids.clld.org/values/12-130-304-1>		<http://ids.clld.org/parameters/12-130>		<http://ids.clld.org/values/12-130-286-3>		"šaoʔ to"@pav	
"-syen (m.)"@crt	<http://ids.clld.org/values/4-130-304-1>		<http://ids.clld.org/parameters/4-130>		<http://ids.clld.org/values/4-130-286-1>		"kwerešiʔ"@pav	
"-wesiʔ"@crt	<http://ids.clld.org/values/20-610-304-1>		<http://ids.clld.org/parameters/20-610>		<http://ids.clld.org/values/20-610-286-1>		"yiʔam"@pav	
"-kyoy ~ -syoy (f.)"@crt	<http://ids.clld.org/values/4-330-304-1>		<http://ids.clld.org/parameters/4-330>		<http://ids.clld.org/values/4-330-286-1>		"mišiʔ"@pav	
"-kyoy ~ -syoy (f.)"@crt	<http://ids.clld.org/values/4-330-304-1>		<http://ids.clld.org/parameters/4-330>		<http://ids.clld.org/values/4-330-286-3>		"(umʔ)"@pav	
"-tateʔ (f.)"@crt	<http://ids.clld.org/values/4-210-304-1>		<http://ids.clld.org/parameters/4-210>		<http://ids.clld.org/values/4-210-286-1>		"tokošiʔ (tok)"@pav	
"-wen ~ -win"@crt	<http://ids.clld.org/values/15-510-304-1>		<http://ids.clld.org/parameters/15-510>		<http://ids.clld.org/values/15-510-286-1>		"kerek"@pav	
"etitin ~ -ititin"@crt	<http://ids.clld.org/values/13-107-304-1>		<http://ids.clld.org/parameters/13-107>		<http://ids.clld.org/values/13-107-286-1>		"piyimʔ"@pav	
"linaʔ"@crt	<http://ids.clld.org/values/1-410-304-1>		<http://ids.clld.org/parameters/1-410>		<http://ids.clld.org/values/1-410-286-1>		"nahwarak"@pav	
"fʷiyit (m.)"@crt	<http://ids.clld.org/values/1-770-304-1>		<http://ids.clld.org/parameters/1-770>		<http://ids.clld.org/values/1-770-286-1>		"šio šio"@pav	
"-tofʷe"@crt	<http://ids.clld.org/values/12-440-304-1>		<http://ids.clld.org/parameters/12-440>		<http://ids.clld.org/values/12-440-286-1>		"pira"@pav	
"-lam"@crt	<http://ids.clld.org/values/12-420-304-1>		<http://ids.clld.org/parameters/12-420>		<http://ids.clld.org/values/12-420-286-1>		"parayišiʔ"@pav	
"-ax ~ -ex"@crt	<http://ids.clld.org/values/4-120-304-1>		<http://ids.clld.org/parameters/4-120>		<http://ids.clld.org/values/4-120-286-1>		"taparišiʔ"@pav	
"wux"@crt	<http://ids.clld.org/values/12-550-304-1>		<http://ids.clld.org/parameters/12-550>		<http://ids.clld.org/values/12-550-286-1>		"hwaraʔ"@pav	
"wux"@crt	<http://ids.clld.org/values/12-550-304-1>		<http://ids.clld.org/parameters/12-550>		<http://ids.clld.org/values/12-550-286-3>		"horon"@pav	
"-fʷac̷uxnen ~ -fʷyec̷uxnen"@crt	<http://ids.clld.org/values/4-560-304-1>		<http://ids.clld.org/parameters/4-560>		<http://ids.clld.org/values/4-560-286-1>		"hupaʔ"@pav	
"akatam"@crt	<http://ids.clld.org/values/9-220-304-1>		<http://ids.clld.org/parameters/9-220>		<http://ids.clld.org/values/9-220-286-7>		"nakarkamʔ"@pav	
"akatam"@crt	<http://ids.clld.org/values/9-220-304-1>		<http://ids.clld.org/parameters/9-220>		<http://ids.clld.org/values/9-220-286-3>		"wawak"@pav	
"akatam"@crt	<http://ids.clld.org/values/9-220-304-1>		<http://ids.clld.org/parameters/9-220>		<http://ids.clld.org/values/9-220-286-9>		"ta"@pav	
"akatam"@crt	<http://ids.clld.org/values/9-220-304-1>		<http://ids.clld.org/parameters/9-220>		<http://ids.clld.org/values/9-220-286-5>		"nakamʔ"@pav	
"akatam"@crt	<http://ids.clld.org/values/9-220-304-1>		<http://ids.clld.org/parameters/9-220>		<http://ids.clld.org/values/9-220-286-1>		"wak"@pav	
"toxsa-ta"@crt	<http://ids.clld.org/values/1-740-304-1>		<http://ids.clld.org/parameters/1-740>		<http://ids.clld.org/values/1-740-286-1>		"murukukuʔ"@pav	
"alaʔ-woleʔ (m.)"@crt	<http://ids.clld.org/values/8-560-304-1>		<http://ids.clld.org/parameters/8-560>		<http://ids.clld.org/values/8-560-286-1>		"tenenein"@pav	
"wuyi"@crt	<http://ids.clld.org/values/12-630-304-1>		<http://ids.clld.org/parameters/12-630>		<http://ids.clld.org/values/12-630-286-1>		"kwere"@pav	
"nayi"@crt	<http://ids.clld.org/values/10-720-304-1>		<http://ids.clld.org/parameters/10-720>		<http://ids.clld.org/values/10-720-286-1>		"wana (wanayišiʔ)"@pav	
"-taxaʔ"@crt	<http://ids.clld.org/values/15-880-304-3>		<http://ids.clld.org/parameters/15-880>		<http://ids.clld.org/values/15-880-286-1>		"mišem"@pav	
"afʷena (m.)"@crt	<http://ids.clld.org/values/3-581-304-1>		<http://ids.clld.org/parameters/3-581>		<http://ids.clld.org/values/3-581-286-1>		"me"@pav	
"-peʔyeʔ ~ -piʔyeʔ"@crt	<http://ids.clld.org/values/15-410-304-1>		<http://ids.clld.org/parameters/15-410>		<http://ids.clld.org/values/15-410-286-1>		"tarayu"@pav	
"-xlotiʔ ~ -xlyutiʔ"@crt	<http://ids.clld.org/values/9-310-304-1>		<http://ids.clld.org/parameters/9-310>		<http://ids.clld.org/values/9-310-286-1>		"šik"@pav	
"-woyin ~ -yoyin"@crt	<http://ids.clld.org/values/11-310-304-1>		<http://ids.clld.org/parameters/11-310>		<http://ids.clld.org/values/11-310-286-1>		"noro"@pav	
"-kyeʔc̷eʔ ~ -syeʔc̷eʔ"@crt	<http://ids.clld.org/values/5-480-304-1>		<http://ids.clld.org/parameters/5-480>		<http://ids.clld.org/values/5-480-286-1>		"kuruk"@pav	
"-oxtaleʔ (f.)"@crt	<http://ids.clld.org/values/4-440-304-1>		<http://ids.clld.org/parameters/4-440>		<http://ids.clld.org/values/4-440-286-1>		"šimišiʔ (šim)"@pav	
"weʔla"@crt	<http://ids.clld.org/values/1-530-304-1>		<http://ids.clld.org/parameters/1-530>		<http://ids.clld.org/values/1-530-286-1>		"panawoʔ"@pav	
"-kalaʔ ~ -kyala (m.)"@crt	<http://ids.clld.org/values/4-370-304-1>		<http://ids.clld.org/parameters/4-370>		<http://ids.clld.org/values/4-370-286-1>		"kašimašiʔ (kašim)"@pav	
"-kyeyi ~ -syeyi"@crt	<http://ids.clld.org/values/4-190-304-1>		<http://ids.clld.org/parameters/4-190>		<http://ids.clld.org/values/4-190-286-1>		"warašiʔ"@pav	
"axnax (f.)"@crt	<http://ids.clld.org/values/14-420-304-1>		<http://ids.clld.org/parameters/14-420>		<http://ids.clld.org/values/14-420-286-1>		"šim"@pav	
"-tate ~ -tyete"@crt	<http://ids.clld.org/values/10-250-304-1>		<http://ids.clld.org/parameters/10-250>		<http://ids.clld.org/values/10-250-286-3>		"wišikaoʔ"@pav	
"-tate ~ -tyete"@crt	<http://ids.clld.org/values/10-250-304-1>		<http://ids.clld.org/parameters/10-250>		<http://ids.clld.org/values/10-250-286-1>		"šin"@pav	
"-pan ~ -pyen"@crt	<http://ids.clld.org/values/10-350-304-1>		<http://ids.clld.org/parameters/10-350>		<http://ids.clld.org/values/10-350-286-3>		"panʔ karakam"@pav	
"-pan ~ -pyen"@crt	<http://ids.clld.org/values/10-350-304-1>		<http://ids.clld.org/parameters/10-350>		<http://ids.clld.org/values/10-350-286-1>		"panʔ kam"@pav	
"am"@crt	<http://ids.clld.org/values/2-920-304-1>		<http://ids.clld.org/parameters/2-920>		<http://ids.clld.org/values/2-920-286-1>		"wum"@pav	
"-kyes"@crt	<http://ids.clld.org/values/4-180-304-1>		<http://ids.clld.org/parameters/4-180>		<http://ids.clld.org/values/4-180-286-1>		"kahwerein"@pav	
"kyoyetiʔ ~ kyoxyetiʔ"@crt	<http://ids.clld.org/values/15-810-304-1>		<http://ids.clld.org/parameters/15-810>		<http://ids.clld.org/values/15-810-286-3>		"taʔ man"@pav	
"kyoyetiʔ ~ kyoxyetiʔ"@crt	<http://ids.clld.org/values/15-810-304-1>		<http://ids.clld.org/parameters/15-810>		<http://ids.clld.org/values/15-810-286-1>		"šite"@pav	
"kyoyetiʔ ~ kyoxyetiʔ"@crt	<http://ids.clld.org/values/15-810-304-1>		<http://ids.clld.org/parameters/15-810>		<http://ids.clld.org/values/15-810-286-5>		"teʔ man"@pav	
"-sapaʔ"@crt	<http://ids.clld.org/values/4-280-304-1>		<http://ids.clld.org/parameters/4-280>		<http://ids.clld.org/values/4-280-286-1>		"paramašiʔ"@pav	
"-syen"@crt	<http://ids.clld.org/values/5-610-304-1>		<http://ids.clld.org/parameters/5-610>		<http://ids.clld.org/values/5-610-286-1>		"karawa (karamayišiʔ)"@pav	
"xupay"@crt	<http://ids.clld.org/values/8-510-304-1>		<http://ids.clld.org/parameters/8-510>		<http://ids.clld.org/values/8-510-286-1>		"tononoin"@pav	
"-naʔ ~ -nye (m.)"@crt	<http://ids.clld.org/values/2-350-304-1>		<http://ids.clld.org/parameters/2-350>		<http://ids.clld.org/values/2-350-286-1>		"te"@pav	
"-kyes-kina"@crt	<http://ids.clld.org/values/4-180-304-5>		<http://ids.clld.org/parameters/4-180>		<http://ids.clld.org/values/4-180-286-1>		"kahwerein"@pav	
"kyale-ki"@crt	<http://ids.clld.org/values/2-270-304-3>		<http://ids.clld.org/parameters/2-270>		<http://ids.clld.org/values/2-270-286-1>		"piyeʔ"@pav	
"wesisitok (f.)"@crt	<http://ids.clld.org/values/3-840-304-1>		<http://ids.clld.org/parameters/3-840>		<http://ids.clld.org/values/3-840-286-1>		"meteʔ"@pav	
"xa lox"@crt	<http://ids.clld.org/values/13-170-304-1>		<http://ids.clld.org/parameters/13-170>		<http://ids.clld.org/values/13-170-286-1>		"parek"@pav	
"ayinye"@crt	<http://ids.clld.org/values/2-210-304-1>		<http://ids.clld.org/parameters/2-210>		<http://ids.clld.org/values/2-210-286-1>		"taramaʔ"@pav	
"axnat (f.)"@crt	<http://ids.clld.org/values/1-210-304-1>		<http://ids.clld.org/parameters/1-210>		<http://ids.clld.org/values/1-210-286-1>		"makanʔ"@pav	
"-xaneʔ ~ -xene"@crt	<http://ids.clld.org/values/17-170-304-1>		<http://ids.clld.org/parameters/17-170>		<http://ids.clld.org/values/17-170-286-1>		"tašiʔ"@pav	
"-xaneʔ ~ -xene"@crt	<http://ids.clld.org/values/17-170-304-1>		<http://ids.clld.org/parameters/17-170>		<http://ids.clld.org/values/17-170-286-3>		"kerek"@pav	
"-xaneʔ ~ -xene"@crt	<http://ids.clld.org/values/17-170-304-1>		<http://ids.clld.org/parameters/17-170>		<http://ids.clld.org/values/17-170-286-5>		"kerek pinʔ"@pav	
"isayiʔ"@crt	<http://ids.clld.org/values/12-610-304-1>		<http://ids.clld.org/parameters/12-610>		<http://ids.clld.org/values/12-610-286-1>		"kote ne kimain"@pav	
"naxkap (f.)"@crt	<http://ids.clld.org/values/14-730-304-1>		<http://ids.clld.org/parameters/14-730>		<http://ids.clld.org/values/14-730-286-1>		"kawašiʔ"@pav	
"-skiʔ ~ -tiskiʔ"@crt	<http://ids.clld.org/values/16-250-304-1>		<http://ids.clld.org/parameters/16-250>		<http://ids.clld.org/values/16-250-286-1>		"tatamʔ"@pav	
"-skiʔ ~ -tiskiʔ"@crt	<http://ids.clld.org/values/16-250-304-1>		<http://ids.clld.org/parameters/16-250>		<http://ids.clld.org/values/16-250-286-3>		"katamʔ"@pav	
"-fʷeyeʔ ~ -fʷiyeʔ"@crt	<http://ids.clld.org/values/10-370-304-1>		<http://ids.clld.org/parameters/10-370>		<http://ids.clld.org/values/10-370-286-3>		"toin"@pav	
"-fʷeyeʔ ~ -fʷiyeʔ"@crt	<http://ids.clld.org/values/10-370-304-1>		<http://ids.clld.org/parameters/10-370>		<http://ids.clld.org/values/10-370-286-1>		"takiʔ"@pav	
"anat"@crt	<http://ids.clld.org/values/1-310-304-1>		<http://ids.clld.org/parameters/1-310>		<http://ids.clld.org/values/1-310-286-1>		"kom (komišiʔ)"@pav	
"-le ~ -li"@crt	<http://ids.clld.org/values/9-360-304-1>		<http://ids.clld.org/parameters/9-360>		<http://ids.clld.org/values/9-360-286-3>		"toʔ"@pav	
"-le ~ -li"@crt	<http://ids.clld.org/values/9-360-304-1>		<http://ids.clld.org/parameters/9-360>		<http://ids.clld.org/values/9-360-286-1>		"hohok"@pav	
"y-em"@crt	<http://ids.clld.org/values/2-910-304-1>		<http://ids.clld.org/parameters/2-910>		<http://ids.clld.org/values/2-910-286-1>		"wataʔ"@pav	
"-kyoteʔ ~ -c̷yoteʔ ~ -yoteʔ (f.)"@crt	<http://ids.clld.org/values/4-220-304-1>		<http://ids.clld.org/parameters/4-220>		<http://ids.clld.org/values/4-220-286-1>		"tara-yišiʔ (taraʔ)"@pav	
"-fʷam"@crt	<http://ids.clld.org/values/9-160-304-3>		<http://ids.clld.org/parameters/9-160>		<http://ids.clld.org/values/9-160-286-1>		"tuku"@pav	
"-c̷at ~ -c̷yet"@crt	<http://ids.clld.org/values/15-830-304-1>		<http://ids.clld.org/parameters/15-830>		<http://ids.clld.org/values/15-830-286-1>		"šoʔ"@pav	
"ay ~ -ey (f.)"@crt	<http://ids.clld.org/values/4-240-304-1>		<http://ids.clld.org/parameters/4-240>		<http://ids.clld.org/values/4-240-286-1>		"kapiyašiʔ (topak)"@pav	
"intak"@crt	<http://ids.clld.org/values/13-20-304-1>		<http://ids.clld.org/parameters/13-20>		<http://ids.clld.org/values/13-20-286-1>		"tuku karakan"@pav	
"-tone ~ -tyone"@crt	<http://ids.clld.org/values/9-330-304-1>		<http://ids.clld.org/parameters/9-330>		<http://ids.clld.org/values/9-330-286-1>		"kök"@pav	
"-peʔ"@crt	<http://ids.clld.org/values/5-791-304-1>		<http://ids.clld.org/parameters/5-791>		<http://ids.clld.org/values/5-791-286-1>		"homain"@pav	
"lawo (m.)"@crt	<http://ids.clld.org/values/8-570-304-1>		<http://ids.clld.org/parameters/8-570>		<http://ids.clld.org/values/8-570-286-3>		"wiyein"@pav	
"lawo (m.)"@crt	<http://ids.clld.org/values/8-570-304-1>		<http://ids.clld.org/parameters/8-570>		<http://ids.clld.org/values/8-570-286-1>		"piwain"@pav	
"ixlyeʔ"@crt	<http://ids.clld.org/values/3-811-304-1>		<http://ids.clld.org/parameters/3-811>		<http://ids.clld.org/values/3-811-286-1>		"ioʔ"@pav	
"-al ~ -el"@crt	<http://ids.clld.org/values/4-750-304-1>		<http://ids.clld.org/parameters/4-750>		<http://ids.clld.org/values/4-750-286-3>		"konoʔ"@pav	
"-al ~ -el"@crt	<http://ids.clld.org/values/4-750-304-1>		<http://ids.clld.org/parameters/4-750>		<http://ids.clld.org/values/4-750-286-1>		"miʔ pin"@pav	
"-weʔlak ~ -wilak (m.)"@crt	<http://ids.clld.org/values/4-160-304-1>		<http://ids.clld.org/parameters/4-160>		<http://ids.clld.org/values/4-160-286-1>		"arašiʔ (at)"@pav	
"-kamtinen"@crt	<http://ids.clld.org/values/18-210-304-3>		<http://ids.clld.org/parameters/18-210>		<http://ids.clld.org/values/18-210-286-1>		"tomiʔ"@pav	
"-kaxlek ~ -kyaxlek (m.)"@crt	<http://ids.clld.org/values/4-450-304-1>		<http://ids.clld.org/parameters/4-450>		<http://ids.clld.org/values/4-450-286-1>		"tarawanašiʔ (tarawan)"@pav	
"-xnewimpexe"@crt	<http://ids.clld.org/values/15-210-304-1>		<http://ids.clld.org/parameters/15-210>		<http://ids.clld.org/values/15-210-286-3>		"hu"@pav	
"-xnewimpexe"@crt	<http://ids.clld.org/values/15-210-304-1>		<http://ids.clld.org/parameters/15-210>		<http://ids.clld.org/values/15-210-286-1>		"nak"@pav	
"oka"@crt	<http://ids.clld.org/values/4-580-304-1>		<http://ids.clld.org/parameters/4-580>		<http://ids.clld.org/values/4-580-286-1>		"kio"@pav	
"-katelan"@crt	<http://ids.clld.org/values/6-350-304-3>		<http://ids.clld.org/parameters/6-350>		<http://ids.clld.org/values/6-350-286-1>		"ok"@pav	
"-texey ~ -tixiʔ"@crt	<http://ids.clld.org/values/8-220-304-1>		<http://ids.clld.org/parameters/8-220>		<http://ids.clld.org/values/8-220-286-1>		"še"@pav	
"-texey ~ -tixiʔ"@crt	<http://ids.clld.org/values/8-220-304-1>		<http://ids.clld.org/parameters/8-220>		<http://ids.clld.org/values/8-220-286-3>		"šikeʔ"@pav	
"et"@crt	<http://ids.clld.org/values/2-360-304-1>		<http://ids.clld.org/parameters/2-360>		<http://ids.clld.org/values/2-360-286-1>		"naʔ"@pav	
"poleʔ"@crt	<http://ids.clld.org/values/1-510-304-1>		<http://ids.clld.org/parameters/1-510>		<http://ids.clld.org/values/1-510-286-1>		"nanawin"@pav	
"xelox"@crt	<http://ids.clld.org/values/12-560-304-3>		<http://ids.clld.org/parameters/12-560>		<http://ids.clld.org/values/12-560-286-1>		"wiyimain"@pav	
"-koxin ~ -kyuxin"@crt	<http://ids.clld.org/values/4-570-304-1>		<http://ids.clld.org/parameters/4-570>		<http://ids.clld.org/values/4-570-286-1>		"weʔ"@pav	
"-wuyiwey ~ -yuyiwey"@crt	<http://ids.clld.org/values/10-380-304-1>		<http://ids.clld.org/parameters/10-380>		<http://ids.clld.org/values/10-380-286-3>		"hukoʔ"@pav	
"-wuyiwey ~ -yuyiwey"@crt	<http://ids.clld.org/values/10-380-304-1>		<http://ids.clld.org/parameters/10-380>		<http://ids.clld.org/values/10-380-286-1>		"hu"@pav	
"alaʔ"@crt	<http://ids.clld.org/values/1-430-304-1>		<http://ids.clld.org/parameters/1-430>		<http://ids.clld.org/values/1-430-286-1>		"pana"@pav	
"lamak (m.)"@crt	<http://ids.clld.org/values/1-213-304-1>		<http://ids.clld.org/parameters/1-213>		<http://ids.clld.org/values/1-213-286-1>		"tainʔ"@pav	
"ixyetiʔ"@crt	<http://ids.clld.org/values/16-730-304-1>		<http://ids.clld.org/parameters/16-730>		<http://ids.clld.org/values/16-730-286-1>		"šoʔ"@pav	
"xe-wuyi"@crt	<http://ids.clld.org/values/12-650-304-1>		<http://ids.clld.org/parameters/12-650>		<http://ids.clld.org/values/12-650-286-1>		"šašiʔ"@pav	
"-xloxnam"@crt	<http://ids.clld.org/values/9-343-304-1>		<http://ids.clld.org/parameters/9-343>		<http://ids.clld.org/values/9-343-286-1>		"humʔ"@pav	
"-kilwaʔ ~ -c̷ilwaʔ ~ -ilwaʔ"@crt	<http://ids.clld.org/values/2-310-304-1>		<http://ids.clld.org/parameters/2-310>		<http://ids.clld.org/values/2-310-286-1>		"taši"@pav	
"kyeexeʔ"@crt	<http://ids.clld.org/values/13-140-304-1>		<http://ids.clld.org/parameters/13-140>		<http://ids.clld.org/values/13-140-286-1>		"šam"@pav	
"etam ~ -itam ~ -tetam"@crt	<http://ids.clld.org/values/9-223-304-1>		<http://ids.clld.org/parameters/9-223>		<http://ids.clld.org/values/9-223-286-1>		"šukunʔ"@pav	
"axaʔ ~ -exeʔ"@crt	<http://ids.clld.org/values/9-210-304-1>		<http://ids.clld.org/parameters/9-210>		<http://ids.clld.org/values/9-210-286-1>		"toʔ"@pav	
"-xoʔneʔ ~ -xyoʔneʔ ~ -oʔneʔ"@crt	<http://ids.clld.org/values/12-140-304-1>		<http://ids.clld.org/parameters/12-140>		<http://ids.clld.org/values/12-140-286-1>		"teremʔ"@pav	
"-xoʔneʔ ~ -xyoʔneʔ ~ -oʔneʔ"@crt	<http://ids.clld.org/values/12-140-304-1>		<http://ids.clld.org/parameters/12-140>		<http://ids.clld.org/values/12-140-286-3>		"tokoʔ"@pav	
"-wayine"@crt	<http://ids.clld.org/values/12-130-304-3>		<http://ids.clld.org/parameters/12-130>		<http://ids.clld.org/values/12-130-286-1>		"šaoʔ pe"@pav	
"-wayine"@crt	<http://ids.clld.org/values/12-130-304-3>		<http://ids.clld.org/parameters/12-130>		<http://ids.clld.org/values/12-130-286-3>		"šaoʔ to"@pav	
"tˀ-ateʔ ~ -eteʔ"@crt	<http://ids.clld.org/values/4-410-304-1>		<http://ids.clld.org/parameters/4-410>		<http://ids.clld.org/values/4-410-286-1>		"karašišiʔ (katat)"@pav	
"-kax ~ -kyax (f.)"@crt	<http://ids.clld.org/values/4-260-304-1>		<http://ids.clld.org/parameters/4-260>		<http://ids.clld.org/values/4-260-286-1>		"petehwet nešiʔ (petehwet)"@pav	
"-lakyen ~ -lyeken"@crt	<http://ids.clld.org/values/16-260-304-1>		<http://ids.clld.org/parameters/16-260>		<http://ids.clld.org/values/16-260-286-1>		"warayu"@pav	
"kyoyoyiʔ"@crt	<http://ids.clld.org/values/12-810-304-1>		<http://ids.clld.org/parameters/12-810>		<http://ids.clld.org/values/12-810-286-1>		"monoʔo"@pav	
"siyus"@crt	<http://ids.clld.org/values/3-650-304-1>		<http://ids.clld.org/parameters/3-650>		<http://ids.clld.org/values/3-650-286-1>		"hwam (hwamišiʔ)"@pav	
"fʷetis"@crt	<http://ids.clld.org/values/8-540-304-1>		<http://ids.clld.org/parameters/8-540>		<http://ids.clld.org/values/8-540-286-1>		"kašimain"@pav	
"etyeʔ (f.)"@crt	<http://ids.clld.org/values/1-810-304-1>		<http://ids.clld.org/parameters/1-810>		<http://ids.clld.org/values/1-810-286-1>		"še"@pav	
"-fʷeye"@crt	<http://ids.clld.org/values/12-410-304-1>		<http://ids.clld.org/parameters/12-410>		<http://ids.clld.org/values/12-410-286-1>		"irikwerešiʔ"@pav	
"-xetek ~ -xitek (f.)"@crt	<http://ids.clld.org/values/4-200-304-1>		<http://ids.clld.org/parameters/4-200>		<http://ids.clld.org/values/4-200-286-1>		"winašiʔ (wayiʔ)"@pav	
"-toxiʔ"@crt	<http://ids.clld.org/values/12-570-304-1>		<http://ids.clld.org/parameters/12-570>		<http://ids.clld.org/values/12-570-286-1>		"matam"@pav	
"-yekyun"@crt	<http://ids.clld.org/values/5-110-304-1>		<http://ids.clld.org/parameters/5-110>		<http://ids.clld.org/values/5-110-286-1>		"kaoʔ"@pav	
"-yekyun"@crt	<http://ids.clld.org/values/5-110-304-1>		<http://ids.clld.org/parameters/5-110>		<http://ids.clld.org/values/5-110-286-3>		"kakakaoʔ"@pav	
"lox"@crt	<http://ids.clld.org/values/13-150-304-1>		<http://ids.clld.org/parameters/13-150>		<http://ids.clld.org/values/13-150-286-1>		"iriʔ miyo/ miya"@pav	
"-xnus"@crt	<http://ids.clld.org/values/13-107-304-3>		<http://ids.clld.org/parameters/13-107>		<http://ids.clld.org/values/13-107-286-1>		"piyimʔ"@pav	
"-fʷoma ~ -xyoma"@crt	<http://ids.clld.org/values/10-670-304-1>		<http://ids.clld.org/parameters/10-670>		<http://ids.clld.org/values/10-670-286-1>		"yök"@pav	
"-poy (f.)"@crt	<http://ids.clld.org/values/1-440-304-1>		<http://ids.clld.org/parameters/1-440>		<http://ids.clld.org/values/1-440-286-1>		"pakun"@pav	
"-lafʷa ~ lyefʷa"@crt	<http://ids.clld.org/values/3-110-304-1>		<http://ids.clld.org/parameters/3-110>		<http://ids.clld.org/values/3-110-286-1>		"karawa"@pav	
"-skyuxnen ~ -tiskyuxnen"@crt	<http://ids.clld.org/values/10-450-304-1>		<http://ids.clld.org/parameters/10-450>		<http://ids.clld.org/values/10-450-286-1>		"šut"@pav	
"-skyuxnen ~ -tiskyuxnen"@crt	<http://ids.clld.org/values/10-450-304-1>		<http://ids.clld.org/parameters/10-450>		<http://ids.clld.org/values/10-450-286-3>		"šurušut"@pav	
"yafʷayiin"@crt	<http://ids.clld.org/values/8-670-304-1>		<http://ids.clld.org/parameters/8-670>		<http://ids.clld.org/values/8-670-286-1>		"makon (makorišiʔ)"@pav	
"akixnan"@crt	<http://ids.clld.org/values/20-610-304-3>		<http://ids.clld.org/parameters/20-610>		<http://ids.clld.org/values/20-610-286-1>		"yiʔam"@pav	
"-akyoxna ~ -ekyoxna"@crt	<http://ids.clld.org/values/4-350-304-1>		<http://ids.clld.org/parameters/4-350>		<http://ids.clld.org/values/4-350-286-1>		"pišiyašiʔ"@pav	
"-akyoxna ~ -ekyoxna"@crt	<http://ids.clld.org/values/4-350-304-1>		<http://ids.clld.org/parameters/4-350>		<http://ids.clld.org/values/4-350-286-3>		"kokošiʔ"@pav	
"apilinkyafʷey ~ -epilinkyafʷey"@crt	<http://ids.clld.org/values/10-130-304-1>		<http://ids.clld.org/parameters/10-130>		<http://ids.clld.org/values/10-130-286-1>		"yami"@pav	
"-kasit"@crt	<http://ids.clld.org/values/12-150-304-1>		<http://ids.clld.org/parameters/12-150>		<http://ids.clld.org/values/12-150-286-1>		"tekiʔ pe"@pav	
"-kasit"@crt	<http://ids.clld.org/values/12-150-304-1>		<http://ids.clld.org/parameters/12-150>		<http://ids.clld.org/values/12-150-286-3>		"tekiʔ to"@pav	
"-yelixiʔ"@crt	<http://ids.clld.org/values/4-510-304-1>		<http://ids.clld.org/parameters/4-510>		<http://ids.clld.org/values/4-510-286-1>		"wereme"@pav	
"ey anat-apeʔe"@crt	<http://ids.clld.org/values/10-340-304-1>		<http://ids.clld.org/parameters/10-340>		<http://ids.clld.org/values/10-340-286-1>		"ho"@pav	
"ey anat-apeʔe"@crt	<http://ids.clld.org/values/10-340-304-1>		<http://ids.clld.org/parameters/10-340>		<http://ids.clld.org/values/10-340-286-3>		"horoho"@pav	
"-afʷeʔ ~ -efʷeʔ (f.)"@crt	<http://ids.clld.org/values/4-270-304-1>		<http://ids.clld.org/parameters/4-270>		<http://ids.clld.org/values/4-270-286-1>		"šišiʔ (yat)"@pav	
"inyexkay"@crt	<http://ids.clld.org/values/1-740-304-3>		<http://ids.clld.org/parameters/1-740>		<http://ids.clld.org/values/1-740-286-1>		"murukukuʔ"@pav	
"l-am-is"@crt	<http://ids.clld.org/values/2-960-304-1>		<http://ids.clld.org/parameters/2-960>		<http://ids.clld.org/values/2-960-286-1>		"karam maʔ"@pav	
"awextiʔ ~ -ewextiʔ"@crt	<http://ids.clld.org/values/12-730-304-1>		<http://ids.clld.org/parameters/12-730>		<http://ids.clld.org/values/12-730-286-1>		"ka om šone ne"@pav	
"pexla"@crt	<http://ids.clld.org/values/1-750-304-1>		<http://ids.clld.org/parameters/1-750>		<http://ids.clld.org/values/1-750-286-1>		"šowiʔ"@pav	
"-maʔa ~ -miʔe"@crt	<http://ids.clld.org/values/4-610-304-1>		<http://ids.clld.org/parameters/4-610>		<http://ids.clld.org/values/4-610-286-1>		"piʔam"@pav	
"fʷamlaa"@crt	<http://ids.clld.org/values/12-560-304-1>		<http://ids.clld.org/parameters/12-560>		<http://ids.clld.org/values/12-560-286-1>		"wiyimain"@pav	
"-nam"@crt	<http://ids.clld.org/values/10-480-304-1>		<http://ids.clld.org/parameters/10-480>		<http://ids.clld.org/values/10-480-286-1>		"makiʔ"@pav	
"noʔo (m.)"@crt	<http://ids.clld.org/values/3-610-304-1>		<http://ids.clld.org/parameters/3-610>		<http://ids.clld.org/values/3-610-286-1>		"oromiyak"@pav	
"-fʷesye"@crt	<http://ids.clld.org/values/16-720-304-1>		<http://ids.clld.org/parameters/16-720>		<http://ids.clld.org/values/16-720-286-1>		"kayi"@pav	
"kaʔc̷yutyuʔ"@crt	<http://ids.clld.org/values/15-690-304-1>		<http://ids.clld.org/parameters/15-690>		<http://ids.clld.org/values/15-690-286-1>		"košik"@pav	
"-fʷaxakiʔ"@crt	<http://ids.clld.org/values/9-270-304-1>		<http://ids.clld.org/parameters/9-270>		<http://ids.clld.org/values/9-270-286-1>		"toʔ pahot"@pav	
"-fʷaxakiʔ"@crt	<http://ids.clld.org/values/9-270-304-1>		<http://ids.clld.org/parameters/9-270>		<http://ids.clld.org/values/9-270-286-3>		"toʔ pahorohot"@pav	
"-tula"@crt	<http://ids.clld.org/values/15-650-304-1>		<http://ids.clld.org/parameters/15-650>		<http://ids.clld.org/values/15-650-286-1>		"mišem"@pav	
"-wun"@crt	<http://ids.clld.org/values/1-851-304-1>		<http://ids.clld.org/parameters/1-851>		<http://ids.clld.org/values/1-851-286-3>		"wiran"@pav	
"-wun"@crt	<http://ids.clld.org/values/1-851-304-1>		<http://ids.clld.org/parameters/1-851>		<http://ids.clld.org/values/1-851-286-1>		"tom"@pav	
"-wun"@crt	<http://ids.clld.org/values/1-851-304-1>		<http://ids.clld.org/parameters/1-851>		<http://ids.clld.org/values/1-851-286-5>		"karahoʔ"@pav	
"-fʷesye ~ -wexsye"@crt	<http://ids.clld.org/values/16-420-304-1>		<http://ids.clld.org/parameters/16-420>		<http://ids.clld.org/values/16-420-286-1>		"manaʔ"@pav	
"inkyeʔ"@crt	<http://ids.clld.org/values/14-130-304-1>		<http://ids.clld.org/parameters/14-130>		<http://ids.clld.org/values/14-130-286-1>		"šokori"@pav	
"fʷiki-pot"@crt	<http://ids.clld.org/values/4-345-304-1>		<http://ids.clld.org/parameters/4-345>		<http://ids.clld.org/values/4-345-286-1>		"šikinain"@pav	
"-talkyun ~ -tyelkyun"@crt	<http://ids.clld.org/values/17-130-304-1>		<http://ids.clld.org/parameters/17-130>		<http://ids.clld.org/values/17-130-286-1>		"koromikat"@pav	
"s-am"@crt	<http://ids.clld.org/values/2-942-304-1>		<http://ids.clld.org/parameters/2-942>		<http://ids.clld.org/values/2-942-286-1>		"warut"@pav	
"ifʷyesam"@crt	<http://ids.clld.org/values/5-125-304-1>		<http://ids.clld.org/parameters/5-125>		<http://ids.clld.org/values/5-125-286-1>		"šowuru"@pav	
"fʷamlaa"@crt	<http://ids.clld.org/values/13-170-304-3>		<http://ids.clld.org/parameters/13-170>		<http://ids.clld.org/values/13-170-286-1>		"parek"@pav	
"-woyis ~ -yoyis"@crt	<http://ids.clld.org/values/4-150-304-1>		<http://ids.clld.org/parameters/4-150>		<http://ids.clld.org/values/4-150-286-1>		"kišiʔ (wik)"@pav	
"alaʔ (f.)"@crt	<http://ids.clld.org/values/8-600-304-1>		<http://ids.clld.org/parameters/8-600>		<http://ids.clld.org/values/8-600-286-1>		"pana"@pav	
"sifʷoniʔ"@crt	<http://ids.clld.org/values/5-810-304-1>		<http://ids.clld.org/parameters/5-810>		<http://ids.clld.org/values/5-810-286-1>		"[sal]"@pav	
"-wet-lane ~ -wit-lane"@crt	<http://ids.clld.org/values/20-110-304-1>		<http://ids.clld.org/parameters/20-110>		<http://ids.clld.org/values/20-110-286-1>		"mišita"@pav	
"-kaxsiliʔ ~ -kyaxsiliʔ (m.)"@crt	<http://ids.clld.org/values/4-461-304-1>		<http://ids.clld.org/parameters/4-461>		<http://ids.clld.org/values/4-461-286-1>		"monošiʔ (mon)"@pav	
"am-el"@crt	<http://ids.clld.org/values/2-950-304-1>		<http://ids.clld.org/parameters/2-950>		<http://ids.clld.org/values/2-950-286-1>		"wahuʔ"@pav	
"yuxsa"@crt	<http://ids.clld.org/values/14-150-304-1>		<http://ids.clld.org/parameters/14-150>		<http://ids.clld.org/values/14-150-286-1>		"maraʔ"@pav	
"yuxsa"@crt	<http://ids.clld.org/values/14-150-304-1>		<http://ids.clld.org/parameters/14-150>		<http://ids.clld.org/values/14-150-286-3>		"horon"@pav	
"-keynisyen"@crt	<http://ids.clld.org/values/18-120-304-1>		<http://ids.clld.org/parameters/18-120>		<http://ids.clld.org/values/18-120-286-1>		"kom"@pav	
"-wenam ~ -winam"@crt	<http://ids.clld.org/values/11-210-304-1>		<http://ids.clld.org/parameters/11-210>		<http://ids.clld.org/values/11-210-286-1>		"miʔ"@pav	
"-wokitee ~ -yokitee"@crt	<http://ids.clld.org/values/18-220-304-1>		<http://ids.clld.org/parameters/18-220>		<http://ids.clld.org/values/18-220-286-1>		"tomiʔ šoʔ"@pav	
"-woleʔ"@crt	<http://ids.clld.org/values/4-393-304-1>		<http://ids.clld.org/parameters/4-393>		<http://ids.clld.org/values/4-393-286-1>		"tenenein (šun)"@pav	
"xe -fʷey ~ xe -fʷi"@crt	<http://ids.clld.org/values/16-530-304-1>		<http://ids.clld.org/parameters/16-530>		<http://ids.clld.org/values/16-530-286-1>		"yinʔ"@pav	
"laxwu"@crt	<http://ids.clld.org/values/1-720-304-1>		<http://ids.clld.org/parameters/1-720>		<http://ids.clld.org/values/1-720-286-1>		"hotowa"@pav	
"xloma (m.)"@crt	<http://ids.clld.org/values/14-410-304-1>		<http://ids.clld.org/parameters/14-410>		<http://ids.clld.org/values/14-410-286-1>		"šek"@pav	
"-elyey ~ -ilyey"@crt	<http://ids.clld.org/values/15-840-304-1>		<http://ids.clld.org/parameters/15-840>		<http://ids.clld.org/values/15-840-286-1>		"kawainʔ"@pav	
"-woleʔ (m.)"@crt	<http://ids.clld.org/values/4-140-304-1>		<http://ids.clld.org/parameters/4-140>		<http://ids.clld.org/values/4-140-286-1>		"tenenešiʔ"@pav	
"-woleʔ (m.)"@crt	<http://ids.clld.org/values/4-140-304-1>		<http://ids.clld.org/parameters/4-140>		<http://ids.clld.org/values/4-140-286-3>		"tenenein (šun)"@pav	
"laʔ (m.)"@crt	<http://ids.clld.org/values/5-710-304-1>		<http://ids.clld.org/parameters/5-710>		<http://ids.clld.org/values/5-710-286-3>		"winain"@pav	
"laʔ (m.)"@crt	<http://ids.clld.org/values/5-710-304-1>		<http://ids.clld.org/parameters/5-710>		<http://ids.clld.org/values/5-710-286-1>		"memem"@pav	
"-c̷oweʔ ~ -c̷yuweʔ"@crt	<http://ids.clld.org/values/5-160-304-1>		<http://ids.clld.org/parameters/5-160>		<http://ids.clld.org/values/5-160-286-1>		"šok"@pav	
"-c̷oweʔ ~ -c̷yuweʔ"@crt	<http://ids.clld.org/values/5-160-304-1>		<http://ids.clld.org/parameters/5-160>		<http://ids.clld.org/values/5-160-286-3>		"šak"@pav	
"lemiʔ"@crt	<http://ids.clld.org/values/15-640-304-1>		<http://ids.clld.org/parameters/15-640>		<http://ids.clld.org/values/15-640-286-1>		"towoʔ"@pav	
"xe toy"@crt	<http://ids.clld.org/values/12-590-304-1>		<http://ids.clld.org/parameters/12-590>		<http://ids.clld.org/values/12-590-286-1>		"wiyimain"@pav	
"isyet"@crt	<http://ids.clld.org/values/15-660-304-1>		<http://ids.clld.org/parameters/15-660>		<http://ids.clld.org/values/15-660-286-1>		"pakaʔ"@pav	
"-kyes-kiʔ"@crt	<http://ids.clld.org/values/4-180-304-3>		<http://ids.clld.org/parameters/4-180>		<http://ids.clld.org/values/4-180-286-1>		"kahwerein"@pav	
"takixnakiʔ"@crt	<http://ids.clld.org/values/1-220-304-1>		<http://ids.clld.org/parameters/1-220>		<http://ids.clld.org/values/1-220-286-1>		"pakun"@pav	
"leʔkyuʔ (f.)"@crt	<http://ids.clld.org/values/5-970-304-1>		<http://ids.clld.org/parameters/5-970>		<http://ids.clld.org/values/5-970-286-1>		"arayein"@pav	
"lemtakiʔ"@crt	<http://ids.clld.org/values/8-311-304-1>		<http://ids.clld.org/parameters/8-311>		<http://ids.clld.org/values/8-311-286-1>		"tokwi"@pav	
