"akyot"@crt	<http://ids.clld.org/values/3-823-304-3>		<http://ids.clld.org/parameters/3-823>		<http://ids.clld.org/values/3-823-280-1>		"'wina"@pcp	
"tewak (m.)"@crt	<http://ids.clld.org/values/1-360-304-1>		<http://ids.clld.org/parameters/1-360>		<http://ids.clld.org/values/1-360-280-1>		"'ʔani"@pcp	
"tewak (m.)"@crt	<http://ids.clld.org/values/1-360-304-1>		<http://ids.clld.org/parameters/1-360>		<http://ids.clld.org/values/1-360-280-3>		"'pao"@pcp	
"takaxnan"@crt	<http://ids.clld.org/values/8-120-304-1>		<http://ids.clld.org/parameters/8-120>		<http://ids.clld.org/values/8-120-280-1>		"'wai"@pcp	
"kates (f.)"@crt	<http://ids.clld.org/values/1-540-304-1>		<http://ids.clld.org/parameters/1-540>		<http://ids.clld.org/values/1-540-280-1>		"'wištima"@pcp	
"kyepis"@crt	<http://ids.clld.org/values/12-560-304-5>		<http://ids.clld.org/parameters/12-560>		<http://ids.clld.org/values/12-560-280-1>		"'mišni"@pcp	
"tasaxay"@crt	<http://ids.clld.org/values/15-780-304-1>		<http://ids.clld.org/parameters/15-780>		<http://ids.clld.org/values/15-780-280-1>		"'ɨika"@pcp	
"toxsa"@crt	<http://ids.clld.org/values/1-830-304-1>		<http://ids.clld.org/parameters/1-830>		<http://ids.clld.org/values/1-830-280-1>		"ko'ʔina"@pcp	
"kilay"@crt	<http://ids.clld.org/values/1-520-304-1>		<http://ids.clld.org/parameters/1-520>		<http://ids.clld.org/values/1-520-280-1>		"'waři"@pcp	
"meme"@crt	<http://ids.clld.org/values/2-360-304-3>		<http://ids.clld.org/parameters/2-360>		<http://ids.clld.org/values/2-360-280-1>		"'kai"@pcp	
"niyek (f.)"@crt	<http://ids.clld.org/values/9-190-304-1>		<http://ids.clld.org/parameters/9-190>		<http://ids.clld.org/values/9-190-280-1>		"'taška"@pcp	
"wota-las"@crt	<http://ids.clld.org/values/3-550-304-1>		<http://ids.clld.org/parameters/3-550>		<http://ids.clld.org/values/3-550-280-1>		"pati'aři"@pcp	
"-ewaxam"@crt	<http://ids.clld.org/values/9-220-304-3>		<http://ids.clld.org/parameters/9-220>		<http://ids.clld.org/values/9-220-280-1>		"'kɨɨsakia"@pcp	
"poleʔ (m.)"@crt	<http://ids.clld.org/values/1-730-304-1>		<http://ids.clld.org/parameters/1-730>		<http://ids.clld.org/values/1-730-280-1>		"'c̷ɨmo"@pcp	
"alaʔ"@crt	<http://ids.clld.org/values/1-420-304-1>		<http://ids.clld.org/parameters/1-420>		<http://ids.clld.org/values/1-420-280-1>		"'hiwi"@pcp	
"maleweʔ (m.)"@crt	<http://ids.clld.org/values/3-832-304-1>		<http://ids.clld.org/parameters/3-832>		<http://ids.clld.org/values/3-832-280-1>		"'wii"@pcp	
"l-am"@crt	<http://ids.clld.org/values/2-930-304-1>		<http://ids.clld.org/parameters/2-930>		<http://ids.clld.org/values/2-930-280-1>		"'haa"@pcp	
"-fʷopoʔ ~ -xyopoʔ (f.)"@crt	<http://ids.clld.org/values/4-310-304-1>		<http://ids.clld.org/parameters/4-310>		<http://ids.clld.org/values/4-310-280-1>		"po'yana"@pcp	
"taxlat (m.)"@crt	<http://ids.clld.org/values/1-840-304-1>		<http://ids.clld.org/parameters/1-840>		<http://ids.clld.org/values/1-840-280-1>		"'mišpo"@pcp	
"-xnatowo ~ -xnyetowo"@crt	<http://ids.clld.org/values/4-230-304-1>		<http://ids.clld.org/parameters/4-230>		<http://ids.clld.org/values/4-230-280-1>		"řɨ'kina"@pcp	
"-kilfʷaʔ ~ -c̷ilfʷaʔ ~ -ilfʷaʔ"@crt	<http://ids.clld.org/values/2-320-304-1>		<http://ids.clld.org/parameters/2-320>		<http://ids.clld.org/values/2-320-280-1>		"ʔa'wini"@pcp	
"-syulteni"@crt	<http://ids.clld.org/values/1-560-304-1>		<http://ids.clld.org/parameters/1-560>		<http://ids.clld.org/values/1-560-280-1>		"'naina"@pcp	
"-yelxiwetiki (f.)"@crt	<http://ids.clld.org/values/4-441-304-1>		<http://ids.clld.org/parameters/4-441>		<http://ids.clld.org/values/4-441-280-1>		"'taṣ̌a"@pcp	
"axwuʔ"@crt	<http://ids.clld.org/values/2-220-304-1>		<http://ids.clld.org/parameters/2-220>		<http://ids.clld.org/values/2-220-280-1>		"'yoṣ̌a"@pcp	
"kilyeni"@crt	<http://ids.clld.org/values/3-750-304-1>		<http://ids.clld.org/parameters/3-750>		<http://ids.clld.org/values/3-750-280-1>		"'čaṣ̌o"@pcp	
"-kyoy ~ -syoy (f.)"@crt	<http://ids.clld.org/values/4-330-304-1>		<http://ids.clld.org/parameters/4-330>		<http://ids.clld.org/values/4-330-280-1>		"mɨ'kɨna"@pcp	
"-tateʔ (f.)"@crt	<http://ids.clld.org/values/4-210-304-1>		<http://ids.clld.org/parameters/4-210>		<http://ids.clld.org/values/4-210-280-1>		"'wɨřo"@pcp	
"-wen ~ -win"@crt	<http://ids.clld.org/values/15-510-304-1>		<http://ids.clld.org/parameters/15-510>		<http://ids.clld.org/values/15-510-280-1>		"his'pa"@pcp	
"-wen ~ -win"@crt	<http://ids.clld.org/values/15-510-304-1>		<http://ids.clld.org/parameters/15-510>		<http://ids.clld.org/values/15-510-280-3>		"'hisna"@pcp	
"alay (f.)"@crt	<http://ids.clld.org/values/9-250-304-1>		<http://ids.clld.org/parameters/9-250>		<http://ids.clld.org/values/9-250-280-1>		"[hača]"@pcp	
"-wen-kixnam ~ -win-kinam"@crt	<http://ids.clld.org/values/15-550-304-1>		<http://ids.clld.org/parameters/15-550>		<http://ids.clld.org/values/15-550-280-1>		"hi-'maki"@pcp	
"-tofʷe"@crt	<http://ids.clld.org/values/12-440-304-1>		<http://ids.clld.org/parameters/12-440>		<http://ids.clld.org/values/12-440-280-1>		"nɨ'ama"@pcp	
"-ax ~ -ex"@crt	<http://ids.clld.org/values/4-120-304-1>		<http://ids.clld.org/parameters/4-120>		<http://ids.clld.org/values/4-120-280-1>		"'wiči"@pcp	
"eleʔ"@crt	<http://ids.clld.org/values/3-592-304-1>		<http://ids.clld.org/parameters/3-592>		<http://ids.clld.org/values/3-592-280-1>		"'wawa"@pcp	
"akatam"@crt	<http://ids.clld.org/values/9-220-304-1>		<http://ids.clld.org/parameters/9-220>		<http://ids.clld.org/values/9-220-280-1>		"'kɨɨsakia"@pcp	
"alaʔ-woleʔ (m.)"@crt	<http://ids.clld.org/values/8-560-304-1>		<http://ids.clld.org/parameters/8-560>		<http://ids.clld.org/values/8-560-280-1>		"'pɨʔi"@pcp	
"afʷena (m.)"@crt	<http://ids.clld.org/values/3-581-304-1>		<http://ids.clld.org/parameters/3-581>		<http://ids.clld.org/values/3-581-280-1>		"'isko"@pcp	
"-oxtaleʔ (f.)"@crt	<http://ids.clld.org/values/4-440-304-1>		<http://ids.clld.org/parameters/4-440>		<http://ids.clld.org/values/4-440-280-1>		"howi'ti"@pcp	
"weʔla"@crt	<http://ids.clld.org/values/1-530-304-1>		<http://ids.clld.org/parameters/1-530>		<http://ids.clld.org/values/1-530-280-1>		"'ʔoṣ̌ɨ"@pcp	
"-kalaʔ ~ -kyala (m.)"@crt	<http://ids.clld.org/values/4-370-304-1>		<http://ids.clld.org/parameters/4-370>		<http://ids.clld.org/values/4-370-280-1>		"'taʔɨ"@pcp	
"axnat-ic̷empe"@crt	<http://ids.clld.org/values/3-980-304-1>		<http://ids.clld.org/parameters/3-980>		<http://ids.clld.org/values/3-980-280-1>		"'ṣ̌awɨ"@pcp	
"kyoyetiʔ ~ kyoxyetiʔ"@crt	<http://ids.clld.org/values/15-810-304-1>		<http://ids.clld.org/parameters/15-810>		<http://ids.clld.org/values/15-810-280-1>		"'iwɨ"@pcp	
"-naʔ ~ -nye (m.)"@crt	<http://ids.clld.org/values/2-350-304-1>		<http://ids.clld.org/parameters/2-350>		<http://ids.clld.org/values/2-350-280-1>		"'ɨpa"@pcp	
"-naʔ ~ -nye (m.)"@crt	<http://ids.clld.org/values/2-350-304-1>		<http://ids.clld.org/parameters/2-350>		<http://ids.clld.org/values/2-350-280-3>		"'ʔɨpa"@pcp	
"ayinye"@crt	<http://ids.clld.org/values/2-210-304-1>		<http://ids.clld.org/parameters/2-210>		<http://ids.clld.org/values/2-210-280-1>		"'honi"@pcp	
"axnat (f.)"@crt	<http://ids.clld.org/values/1-210-304-1>		<http://ids.clld.org/parameters/1-210>		<http://ids.clld.org/values/1-210-280-1>		"'mai"@pcp	
"wonaʔ"@crt	<http://ids.clld.org/values/3-823-304-1>		<http://ids.clld.org/parameters/3-823>		<http://ids.clld.org/values/3-823-280-1>		"'wina"@pcp	
"anat"@crt	<http://ids.clld.org/values/1-310-304-1>		<http://ids.clld.org/parameters/1-310>		<http://ids.clld.org/values/1-310-280-1>		"'hɨnɨ"@pcp	
"-le ~ -li"@crt	<http://ids.clld.org/values/9-360-304-1>		<http://ids.clld.org/parameters/9-360>		<http://ids.clld.org/values/9-360-280-1>		"'aši"@pcp	
"y-em"@crt	<http://ids.clld.org/values/2-910-304-1>		<http://ids.clld.org/parameters/2-910>		<http://ids.clld.org/values/2-910-280-1>		"'ɨa"@pcp	
"-kyoteʔ ~ -c̷yoteʔ ~ -yoteʔ (f.)"@crt	<http://ids.clld.org/values/4-220-304-1>		<http://ids.clld.org/parameters/4-220>		<http://ids.clld.org/values/4-220-280-1>		"'paʔoki"@pcp	
"kyustax (m.)"@crt	<http://ids.clld.org/values/3-596-304-1>		<http://ids.clld.org/parameters/3-596>		<http://ids.clld.org/values/3-596-280-1>		"'popo"@pcp	
"ay ~ -ey (f.)"@crt	<http://ids.clld.org/values/4-240-304-1>		<http://ids.clld.org/parameters/4-240>		<http://ids.clld.org/values/4-240-280-1>		"kɨ'wɨči"@pcp	
"intak"@crt	<http://ids.clld.org/values/13-20-304-1>		<http://ids.clld.org/parameters/13-20>		<http://ids.clld.org/values/13-20-280-1>		"ra'wɨ"@pcp	
"eyeʔ"@crt	<http://ids.clld.org/values/3-832-304-3>		<http://ids.clld.org/parameters/3-832>		<http://ids.clld.org/values/3-832-280-1>		"'wii"@pcp	
"lawo (m.)"@crt	<http://ids.clld.org/values/8-570-304-1>		<http://ids.clld.org/parameters/8-570>		<http://ids.clld.org/values/8-570-280-3>		"řeṣ̌'pana"@pcp	
"lawo (m.)"@crt	<http://ids.clld.org/values/8-570-304-1>		<http://ids.clld.org/parameters/8-570>		<http://ids.clld.org/values/8-570-280-1>		"'hoa"@pcp	
"-weʔlak ~ -wilak (m.)"@crt	<http://ids.clld.org/values/4-160-304-1>		<http://ids.clld.org/parameters/4-160>		<http://ids.clld.org/values/4-160-280-1>		"'ṣ̌ao"@pcp	
"-xoxpat ~ -oxpat"@crt	<http://ids.clld.org/values/1-880-304-1>		<http://ids.clld.org/parameters/1-880>		<http://ids.clld.org/values/1-880-280-1>		"'kařo"@pcp	
"fʷelekiʔ"@crt	<http://ids.clld.org/values/3-810-304-1>		<http://ids.clld.org/parameters/3-810>		<http://ids.clld.org/values/3-810-280-1>		"wɨ'oso"@pcp	
"-kaxlek ~ -kyaxlek (m.)"@crt	<http://ids.clld.org/values/4-450-304-1>		<http://ids.clld.org/parameters/4-450>		<http://ids.clld.org/values/4-450-280-1>		"'taka"@pcp	
"-silyene"@crt	<http://ids.clld.org/values/9-110-304-1>		<http://ids.clld.org/parameters/9-110>		<http://ids.clld.org/values/9-110-280-1>		"i'wɨ"@pcp	
"et"@crt	<http://ids.clld.org/values/2-360-304-1>		<http://ids.clld.org/parameters/2-360>		<http://ids.clld.org/values/2-360-280-1>		"'kai"@pcp	
"poleʔ"@crt	<http://ids.clld.org/values/1-510-304-1>		<http://ids.clld.org/parameters/1-510>		<http://ids.clld.org/values/1-510-280-1>		"na'ipa"@pcp	
"xelox"@crt	<http://ids.clld.org/values/12-560-304-3>		<http://ids.clld.org/parameters/12-560>		<http://ids.clld.org/values/12-560-280-1>		"'mišni"@pcp	
"ipyek (m.)"@crt	<http://ids.clld.org/values/8-470-304-1>		<http://ids.clld.org/parameters/8-470>		<http://ids.clld.org/values/8-470-280-1>		"'ṣ̌ɨki"@pcp	
"-kyaloʔ ~ -c̷yaloʔ (m.)"@crt	<http://ids.clld.org/values/4-208-304-1>		<http://ids.clld.org/parameters/4-208>		<http://ids.clld.org/values/4-208-280-1>		"'tamo"@pcp	
"-kilwaʔ ~ -c̷ilwaʔ ~ -ilwaʔ"@crt	<http://ids.clld.org/values/2-310-304-1>		<http://ids.clld.org/parameters/2-310>		<http://ids.clld.org/values/2-310-280-1>		"'wɨnɨ"@pcp	
"-kax ~ -kyax (f.)"@crt	<http://ids.clld.org/values/4-260-304-1>		<http://ids.clld.org/parameters/4-260>		<http://ids.clld.org/values/4-260-280-1>		"'hana"@pcp	
"siyus"@crt	<http://ids.clld.org/values/3-650-304-1>		<http://ids.clld.org/parameters/3-650>		<http://ids.clld.org/values/3-650-280-3>		"'woɨ"@pcp	
"siyus"@crt	<http://ids.clld.org/values/3-650-304-1>		<http://ids.clld.org/parameters/3-650>		<http://ids.clld.org/values/3-650-280-1>		"sa'nino"@pcp	
"fʷetis"@crt	<http://ids.clld.org/values/8-540-304-1>		<http://ids.clld.org/parameters/8-540>		<http://ids.clld.org/values/8-540-280-1>		"ta'pono"@pcp	
"etyeʔ (f.)"@crt	<http://ids.clld.org/values/1-810-304-1>		<http://ids.clld.org/parameters/1-810>		<http://ids.clld.org/values/1-810-280-1>		"'čiʔi"@pcp	
"-xetek ~ -xitek (f.)"@crt	<http://ids.clld.org/values/4-200-304-1>		<http://ids.clld.org/parameters/4-200>		<http://ids.clld.org/values/4-200-280-1>		"'mapo"@pcp	
"walek (m.)"@crt	<http://ids.clld.org/values/6-240-304-1>		<http://ids.clld.org/parameters/6-240>		<http://ids.clld.org/values/6-240-280-1>		"waṣ̌'mɨna"@pcp	
"xlup (m.)"@crt	<http://ids.clld.org/values/3-580-304-1>		<http://ids.clld.org/parameters/3-580>		<http://ids.clld.org/values/3-580-280-1>		"'naʔa"@pcp	
"-les"@crt	<http://ids.clld.org/values/3-950-304-1>		<http://ids.clld.org/parameters/3-950>		<http://ids.clld.org/values/3-950-280-1>		"wɨṣ̌ko"@pcp	
"wac̷o-lamak"@crt	<http://ids.clld.org/values/5-550-304-1>		<http://ids.clld.org/parameters/5-550>		<http://ids.clld.org/values/5-550-280-1>		"'moto"@pcp	
"-akyoxna ~ -ekyoxna"@crt	<http://ids.clld.org/values/4-350-304-1>		<http://ids.clld.org/parameters/4-350>		<http://ids.clld.org/values/4-350-280-1>		"'wiko"@pcp	
"kˀekexey"@crt	<http://ids.clld.org/values/15-350-304-1>		<http://ids.clld.org/parameters/15-350>		<http://ids.clld.org/values/15-350-280-1>		"tɨ'ɨ"@pcp	
"akoye"@crt	<http://ids.clld.org/values/10-831-304-1>		<http://ids.clld.org/parameters/10-831>		<http://ids.clld.org/values/10-831-280-1>		"'noti"@pcp	
"-afʷeʔ ~ -efʷeʔ (f.)"@crt	<http://ids.clld.org/values/4-270-304-1>		<http://ids.clld.org/parameters/4-270>		<http://ids.clld.org/values/4-270-280-1>		"'ṣ̌ɨna"@pcp	
"-nalen"@crt	<http://ids.clld.org/values/5-140-304-1>		<http://ids.clld.org/parameters/5-140>		<http://ids.clld.org/values/5-140-280-1>		"paṣ̌na'hai"@pcp	
"pexla"@crt	<http://ids.clld.org/values/1-750-304-1>		<http://ids.clld.org/parameters/1-750>		<http://ids.clld.org/values/1-750-280-3>		"ʔo'i"@pcp	
"pexla"@crt	<http://ids.clld.org/values/1-750-304-1>		<http://ids.clld.org/parameters/1-750>		<http://ids.clld.org/values/1-750-280-1>		"o'i"@pcp	
"fʷamlaa"@crt	<http://ids.clld.org/values/12-560-304-1>		<http://ids.clld.org/parameters/12-560>		<http://ids.clld.org/values/12-560-280-1>		"'mišni"@pcp	
"kityeneʔ"@crt	<http://ids.clld.org/values/3-980-304-3>		<http://ids.clld.org/parameters/3-980>		<http://ids.clld.org/values/3-980-280-1>		"'ṣ̌awɨ"@pcp	
"-fʷaxakiʔ"@crt	<http://ids.clld.org/values/9-270-304-1>		<http://ids.clld.org/parameters/9-270>		<http://ids.clld.org/values/9-270-280-1>		"ma'tošmaki"@pcp	
"wisyuk (f.)"@crt	<http://ids.clld.org/values/8-810-304-1>		<http://ids.clld.org/parameters/8-810>		<http://ids.clld.org/values/8-810-280-1>		"'koti"@pcp	
"-woyis ~ -yoyis"@crt	<http://ids.clld.org/values/4-150-304-1>		<http://ids.clld.org/parameters/4-150>		<http://ids.clld.org/values/4-150-280-1>		"'himi"@pcp	
"alaʔ (f.)"@crt	<http://ids.clld.org/values/8-600-304-1>		<http://ids.clld.org/parameters/8-600>		<http://ids.clld.org/values/8-600-280-1>		"'hiwi"@pcp	
"-wac̷oxnak"@crt	<http://ids.clld.org/values/8-920-304-1>		<http://ids.clld.org/parameters/8-920>		<http://ids.clld.org/values/8-920-280-1>		"'ac̷a"@pcp	
"sawo ~ -syewo"@crt	<http://ids.clld.org/values/7-120-304-1>		<http://ids.clld.org/parameters/7-120>		<http://ids.clld.org/values/7-120-280-1>		"'ṣ̌owo"@pcp	
"axlim"@crt	<http://ids.clld.org/values/12-850-304-1>		<http://ids.clld.org/parameters/12-850>		<http://ids.clld.org/values/12-850-280-1>		"'kini"@pcp	
"xloma (m.)"@crt	<http://ids.clld.org/values/14-410-304-1>		<http://ids.clld.org/parameters/14-410>		<http://ids.clld.org/values/14-410-280-1>		"'waři"@pcp	
"-woleʔ (m.)"@crt	<http://ids.clld.org/values/4-140-304-1>		<http://ids.clld.org/parameters/4-140>		<http://ids.clld.org/values/4-140-280-1>		"'woo"@pcp	
"-poxsiʔ (f.) ~ -pyuxsiʔ"@crt	<http://ids.clld.org/values/4-142-304-1>		<http://ids.clld.org/parameters/4-142>		<http://ids.clld.org/values/4-142-280-1>		"'kɨni"@pcp	
"laʔ (m.)"@crt	<http://ids.clld.org/values/5-710-304-1>		<http://ids.clld.org/parameters/5-710>		<http://ids.clld.org/values/5-710-280-1>		"'kɨo"@pcp	
"fʷayoy"@crt	<http://ids.clld.org/values/3-832-304-5>		<http://ids.clld.org/parameters/3-832>		<http://ids.clld.org/values/3-832-280-1>		"'wii"@pcp	
"lemiʔ"@crt	<http://ids.clld.org/values/15-640-304-1>		<http://ids.clld.org/parameters/15-640>		<http://ids.clld.org/values/15-640-280-1>		"'hoṣ̌o"@pcp	
"isyet"@crt	<http://ids.clld.org/values/15-660-304-1>		<http://ids.clld.org/parameters/15-660>		<http://ids.clld.org/values/15-660-280-1>		"'šini"@pcp	
"leʔkyuʔ (f.)"@crt	<http://ids.clld.org/values/5-970-304-1>		<http://ids.clld.org/parameters/5-970>		<http://ids.clld.org/values/5-970-280-1>		"'wači"@pcp	
