"axwuʔ"@crt	<http://ids.clld.org/values/2-240-304-1>		<http://ids.clld.org/parameters/2-240>		<http://ids.clld.org/values/2-240-823-1>		"kj.3"@scb-x-rucc1239	
"kyale"@crt	<http://ids.clld.org/values/2-270-304-1>		<http://ids.clld.org/parameters/2-270>		<http://ids.clld.org/values/2-270-823-1>		"kɔ:n.1"@scb-x-rucc1239	
"-xlanee"@crt	<http://ids.clld.org/values/1-860-304-3>		<http://ids.clld.org/parameters/1-860>		<http://ids.clld.org/values/1-860-823-1>		"tu:c.3"@scb-x-rucc1239	
"kixil"@crt	<http://ids.clld.org/values/2-461-304-1>		<http://ids.clld.org/parameters/2-461>		<http://ids.clld.org/values/2-461-823-1>		"ʔo:ŋ.1 kuməʌk.4"@scb-x-rucc1239	
"tewak (m.)"@crt	<http://ids.clld.org/values/1-360-304-1>		<http://ids.clld.org/parameters/1-360>		<http://ids.clld.org/values/1-360-823-1>		"ju:ŋ.4"@scb-x-rucc1239	
"tewak (m.)"@crt	<http://ids.clld.org/values/1-360-304-1>		<http://ids.clld.org/parameters/1-360>		<http://ids.clld.org/values/1-360-823-2>		"cərɔ:k.3"@scb-x-rucc1239	
"kates (f.)"@crt	<http://ids.clld.org/values/1-540-304-1>		<http://ids.clld.org/parameters/1-540>		<http://ids.clld.org/values/1-540-823-1>		"kumi:ŋ.1"@scb-x-rucc1239	
"toxsa"@crt	<http://ids.clld.org/values/1-830-304-1>		<http://ids.clld.org/parameters/1-830>		<http://ids.clld.org/values/1-830-823-1>		"kahɔ:j.3"@scb-x-rucc1239	
"toxsa"@crt	<http://ids.clld.org/values/1-830-304-1>		<http://ids.clld.org/parameters/1-830>		<http://ids.clld.org/values/1-830-823-2>		"camaŋ.1"@scb-x-rucc1239	
"toxsa"@crt	<http://ids.clld.org/values/1-830-304-1>		<http://ids.clld.org/parameters/1-830>		<http://ids.clld.org/values/1-830-823-3>		"patj.1"@scb-x-rucc1239	
"xee"@crt	<http://ids.clld.org/values/17-560-304-1>		<http://ids.clld.org/parameters/17-560>		<http://ids.clld.org/values/17-560-823-1>		"lata.3"@scb-x-rucc1239	
"-as"@crt	<http://ids.clld.org/values/2-410-304-1>		<http://ids.clld.org/parameters/2-410>		<http://ids.clld.org/values/2-410-823-1>		"kɔ:n.1 puku:ń.3"@scb-x-rucc1239	
"kilay"@crt	<http://ids.clld.org/values/1-520-304-1>		<http://ids.clld.org/parameters/1-520>		<http://ids.clld.org/values/1-520-823-1>		"məʌt.4 kara:ŋ.1"@scb-x-rucc1239	
"-fʷayi"@crt	<http://ids.clld.org/values/2-330-304-1>		<http://ids.clld.org/parameters/2-330>		<http://ids.clld.org/values/2-330-823-2>		"lj.4 maku:ń.3"@scb-x-rucc1239	
"-fʷayi"@crt	<http://ids.clld.org/values/2-330-304-1>		<http://ids.clld.org/parameters/2-330>		<http://ids.clld.org/values/2-330-823-3>		"dɔ:ŋ.1"@scb-x-rucc1239	
"-fʷayi"@crt	<http://ids.clld.org/values/2-330-304-1>		<http://ids.clld.org/parameters/2-330>		<http://ids.clld.org/values/2-330-823-1>		"lj.4 makj.3"@scb-x-rucc1239	
"tokkiʔ"@crt	<http://ids.clld.org/values/1-370-304-1>		<http://ids.clld.org/parameters/1-370>		<http://ids.clld.org/values/1-370-823-1>		"ru:k.4"@scb-x-rucc1239	
"inyoʔ"@crt	<http://ids.clld.org/values/2-100-304-1>		<http://ids.clld.org/parameters/2-100>		<http://ids.clld.org/values/2-100-823-1>		"ŋa:j.2"@scb-x-rucc1239	
"isye"@crt	<http://ids.clld.org/values/1-215-304-1>		<http://ids.clld.org/parameters/1-215>		<http://ids.clld.org/values/1-215-823-1>		"təka:c.3"@scb-x-rucc1239	
"poleʔ (m.)"@crt	<http://ids.clld.org/values/1-730-304-1>		<http://ids.clld.org/parameters/1-730>		<http://ids.clld.org/values/1-730-823-1>		"məl.1"@scb-x-rucc1239	
"-axseʔ"@crt	<http://ids.clld.org/values/2-420-304-1>		<http://ids.clld.org/parameters/2-420>		<http://ids.clld.org/values/2-420-823-1>		"kɔ:n.1 pukj.3"@scb-x-rucc1239	
"kixil-akiʔ"@crt	<http://ids.clld.org/values/2-471-304-1>		<http://ids.clld.org/parameters/2-471>		<http://ids.clld.org/values/2-471-823-1>		"moɔ.4 kuməʌk.4"@scb-x-rucc1239	
"taxlat (m.)"@crt	<http://ids.clld.org/values/1-840-304-1>		<http://ids.clld.org/parameters/1-840>		<http://ids.clld.org/values/1-840-823-1>		"tapeh.1"@scb-x-rucc1239	
"-lan ~ -lyen"@crt	<http://ids.clld.org/values/4-760-304-1>		<http://ids.clld.org/parameters/4-760>		<http://ids.clld.org/values/4-760-823-1>		"kacit"@scb-x-rucc1239	
"-kilfʷaʔ ~ -c̷ilfʷaʔ ~ -ilfʷaʔ"@crt	<http://ids.clld.org/values/2-320-304-1>		<http://ids.clld.org/parameters/2-320>		<http://ids.clld.org/values/2-320-823-1>		"makj.3"@scb-x-rucc1239	
"-tofʷaniti ~ -tyufʷaniti"@crt	<http://ids.clld.org/values/1-860-304-1>		<http://ids.clld.org/parameters/1-860>		<http://ids.clld.org/values/1-860-823-1>		"tu:c.3"@scb-x-rucc1239	
"-syulteni"@crt	<http://ids.clld.org/values/1-560-304-1>		<http://ids.clld.org/parameters/1-560>		<http://ids.clld.org/values/1-560-823-1>		"krɨ:m.4"@scb-x-rucc1239	
"axwuʔ"@crt	<http://ids.clld.org/values/2-220-304-1>		<http://ids.clld.org/parameters/2-220>		<http://ids.clld.org/values/2-220-823-1>		"pukj.3"@scb-x-rucc1239	
"ayinye (m.)"@crt	<http://ids.clld.org/values/2-230-304-1>		<http://ids.clld.org/parameters/2-230>		<http://ids.clld.org/values/2-230-823-1>		"tɨk.4"@scb-x-rucc1239	
"-eyi"@crt	<http://ids.clld.org/values/2-470-304-1>		<http://ids.clld.org/parameters/2-470>		<http://ids.clld.org/values/2-470-823-1>		"za.1"@scb-x-rucc1239	
"-eyi"@crt	<http://ids.clld.org/values/2-470-304-1>		<http://ids.clld.org/parameters/2-470>		<http://ids.clld.org/values/2-470-823-2>		"na:j.1"@scb-x-rucc1239	
"anat-aleteyin"@crt	<http://ids.clld.org/values/1-390-304-1>		<http://ids.clld.org/parameters/1-390>		<http://ids.clld.org/values/1-390-823-1>		"tha:k.3 da:k.3"@scb-x-rucc1239	
"linaʔ"@crt	<http://ids.clld.org/values/1-410-304-1>		<http://ids.clld.org/parameters/1-410>		<http://ids.clld.org/values/1-410-823-1>		"brw.3"@scb-x-rucc1239	
"i-nyeyin epi -c̷oyeʔ"@crt	<http://ids.clld.org/values/2-560-304-1>		<http://ids.clld.org/parameters/2-560>		<http://ids.clld.org/values/2-560-823-1>		"ʔo:ŋ.1 pluok.4"@scb-x-rucc1239	
"-kiyeʔ ~ -siyeʔ"@crt	<http://ids.clld.org/values/2-490-304-1>		<http://ids.clld.org/parameters/2-490>		<http://ids.clld.org/values/2-490-823-1>		"cw.3"@scb-x-rucc1239	
"toxsa-ta"@crt	<http://ids.clld.org/values/1-740-304-1>		<http://ids.clld.org/parameters/1-740>		<http://ids.clld.org/values/1-740-823-1>		"tulu:k.3"@scb-x-rucc1239	
"yexey (?)"@crt	<http://ids.clld.org/values/1-550-304-1>		<http://ids.clld.org/parameters/1-550>		<http://ids.clld.org/values/1-550-823-1>		"ala:r.3"@scb-x-rucc1239	
"yek"@crt	<http://ids.clld.org/values/2-251-304-1>		<http://ids.clld.org/parameters/2-251>		<http://ids.clld.org/values/2-251-823-1>		"ba:w.1"@scb-x-rucc1239	
"-kiyes ~ siyes"@crt	<http://ids.clld.org/values/2-480-304-1>		<http://ids.clld.org/parameters/2-480>		<http://ids.clld.org/values/2-480-823-1>		"cw.3"@scb-x-rucc1239	
"-tʔek"@crt	<http://ids.clld.org/values/2-460-304-1>		<http://ids.clld.org/parameters/2-460>		<http://ids.clld.org/values/2-460-823-1>		"pw.1"@scb-x-rucc1239	
"-tʔek"@crt	<http://ids.clld.org/values/2-460-304-1>		<http://ids.clld.org/parameters/2-460>		<http://ids.clld.org/values/2-460-823-2>		"ta.1"@scb-x-rucc1239	
"fʷayokiʔ (f.)"@crt	<http://ids.clld.org/values/1-890-304-1>		<http://ids.clld.org/parameters/1-890>		<http://ids.clld.org/values/1-890-823-1>		"laŋ.caŋ.1"@scb-x-rucc1239	
"weʔla"@crt	<http://ids.clld.org/values/1-530-304-1>		<http://ids.clld.org/parameters/1-530>		<http://ids.clld.org/values/1-530-823-1>		"puləan.2"@scb-x-rucc1239	
"-kyaaxuʔ"@crt	<http://ids.clld.org/values/2-454-304-1>		<http://ids.clld.org/parameters/2-454>		<http://ids.clld.org/values/2-454-823-1>		"cj.4"@scb-x-rucc1239	
"-peluk ~ -piluk (m.)"@crt	<http://ids.clld.org/values/1-630-304-1>		<http://ids.clld.org/parameters/1-630>		<http://ids.clld.org/values/1-630-823-1>		"pɔ:ŋ.3"@scb-x-rucc1239	
"inye-was"@crt	<http://ids.clld.org/values/2-250-304-1>		<http://ids.clld.org/parameters/2-250>		<http://ids.clld.org/values/2-250-823-1>		"ba:w.1"@scb-x-rucc1239	
"-kixnyeʔ"@crt	<http://ids.clld.org/values/2-455-304-1>		<http://ids.clld.org/parameters/2-455>		<http://ids.clld.org/values/2-455-823-1>		"ceɛ.$"@scb-x-rucc1239	
"-naʔ ~ -nye (m.)"@crt	<http://ids.clld.org/values/2-350-304-1>		<http://ids.clld.org/parameters/2-350>		<http://ids.clld.org/values/2-350-823-1>		"pɨ.4"@scb-x-rucc1239	
"kyale-ki"@crt	<http://ids.clld.org/values/2-270-304-3>		<http://ids.clld.org/parameters/2-270>		<http://ids.clld.org/values/2-270-823-1>		"kɔ:n.1"@scb-x-rucc1239	
"-kyuʔ (f.)"@crt	<http://ids.clld.org/values/4-170-304-1>		<http://ids.clld.org/parameters/4-170>		<http://ids.clld.org/values/4-170-823-1>		"krɨŋ"@scb-x-rucc1239	
"ayinye"@crt	<http://ids.clld.org/values/2-210-304-1>		<http://ids.clld.org/parameters/2-210>		<http://ids.clld.org/values/2-210-823-1>		"puku:ń.3"@scb-x-rucc1239	
"axnat (f.)"@crt	<http://ids.clld.org/values/1-210-304-1>		<http://ids.clld.org/parameters/1-210>		<http://ids.clld.org/values/1-210-823-1>		"bə:n.3"@scb-x-rucc1239	
"-kante-k"@crt	<http://ids.clld.org/values/2-610-304-1>		<http://ids.clld.org/parameters/2-610>		<http://ids.clld.org/values/2-610-823-1>		"pɨ.4 makj.#"@scb-x-rucc1239	
"-satyuʔ"@crt	<http://ids.clld.org/values/1-324-304-1>		<http://ids.clld.org/parameters/1-324>		<http://ids.clld.org/values/1-324-823-1>		"pɔh.pɔh.1"@scb-x-rucc1239	
"-lewe ~ -liwe"@crt	<http://ids.clld.org/values/2-341-304-1>		<http://ids.clld.org/parameters/2-341>		<http://ids.clld.org/values/2-341-823-1>		"ßɨʌt.4"@scb-x-rucc1239	
"isat"@crt	<http://ids.clld.org/values/1-214-304-1>		<http://ids.clld.org/parameters/1-214>		<http://ids.clld.org/values/1-214-823-1>		"la:r.4"@scb-x-rucc1239	
"anat"@crt	<http://ids.clld.org/values/1-310-304-1>		<http://ids.clld.org/parameters/1-310>		<http://ids.clld.org/values/1-310-823-1>		"da:k.3"@scb-x-rucc1239	
"etye otam"@crt	<http://ids.clld.org/values/1-852-304-1>		<http://ids.clld.org/parameters/1-852>		<http://ids.clld.org/values/1-852-823-1>		"kɨcɔh.1"@scb-x-rucc1239	
"-kini ~ -c̷ini ~ -ini"@crt	<http://ids.clld.org/values/2-445-304-1>		<http://ids.clld.org/parameters/2-445>		<http://ids.clld.org/values/2-445-823-1>		"ceɛ.4"@scb-x-rucc1239	
"-xoxpat ~ -oxpat"@crt	<http://ids.clld.org/values/1-880-304-1>		<http://ids.clld.org/parameters/1-880>		<http://ids.clld.org/values/1-880-823-1>		"ku:r.1"@scb-x-rucc1239	
"-kilyeʔ ~ -silyeʔ"@crt	<http://ids.clld.org/values/2-444-304-1>		<http://ids.clld.org/parameters/2-444>		<http://ids.clld.org/values/2-444-823-1>		"məaŋ.4"@scb-x-rucc1239	
"poleʔ"@crt	<http://ids.clld.org/values/1-510-304-1>		<http://ids.clld.org/parameters/1-510>		<http://ids.clld.org/values/1-510-823-1>		"plə:j.2"@scb-x-rucc1239	
"alaʔ"@crt	<http://ids.clld.org/values/1-430-304-1>		<http://ids.clld.org/parameters/1-430>		<http://ids.clld.org/values/1-430-823-1>		"kəʌj.2"@scb-x-rucc1239	
"lamak (m.)"@crt	<http://ids.clld.org/values/1-213-304-1>		<http://ids.clld.org/parameters/1-213>		<http://ids.clld.org/values/1-213-823-1>		"kəhɔ:j.3"@scb-x-rucc1239	
"-kilwaʔ ~ -c̷ilwaʔ ~ -ilwaʔ"@crt	<http://ids.clld.org/values/2-310-304-1>		<http://ids.clld.org/parameters/2-310>		<http://ids.clld.org/values/2-310-823-1>		"məku:ń.3"@scb-x-rucc1239	
"ixwo (f.)"@crt	<http://ids.clld.org/values/1-280-304-1>		<http://ids.clld.org/parameters/1-280>		<http://ids.clld.org/values/1-280-823-1>		"kɨ:p.4"@scb-x-rucc1239	
"-kanteʔ ~ -kyanteʔ"@crt	<http://ids.clld.org/values/2-620-304-1>		<http://ids.clld.org/parameters/2-620>		<http://ids.clld.org/values/2-620-823-1>		"meɛ.4 makj.3"@scb-x-rucc1239	
"etyeʔ (f.)"@crt	<http://ids.clld.org/values/1-810-304-1>		<http://ids.clld.org/parameters/1-810>		<http://ids.clld.org/values/1-810-823-1>		"ku:r.1"@scb-x-rucc1239	
"yista (m.)"@crt	<http://ids.clld.org/values/1-640-304-1>		<http://ids.clld.org/parameters/1-640>		<http://ids.clld.org/values/1-640-823-1>		"da:k.3 mw.2"@scb-x-rucc1239	
"afʷesyeyi"@crt	<http://ids.clld.org/values/1-580-304-1>		<http://ids.clld.org/parameters/1-580>		<http://ids.clld.org/values/1-580-823-1>		"pa:w.4"@scb-x-rucc1239	
"-kante-k ~ -kyante-k (m.)"@crt	<http://ids.clld.org/values/2-611-304-1>		<http://ids.clld.org/parameters/2-611>		<http://ids.clld.org/values/2-611-823-1>		"pɨ.4 maju:ń.3"@scb-x-rucc1239	
"inyexkay"@crt	<http://ids.clld.org/values/1-740-304-3>		<http://ids.clld.org/parameters/1-740>		<http://ids.clld.org/values/1-740-823-1>		"tulu:k.3"@scb-x-rucc1239	
"pexla"@crt	<http://ids.clld.org/values/1-750-304-1>		<http://ids.clld.org/parameters/1-750>		<http://ids.clld.org/values/1-750-823-1>		"kəməa.2"@scb-x-rucc1239	
"-wun"@crt	<http://ids.clld.org/values/1-851-304-1>		<http://ids.clld.org/parameters/1-851>		<http://ids.clld.org/values/1-851-823-1>		"tu:c.3"@scb-x-rucc1239	
"tewk takinaʔ"@crt	<http://ids.clld.org/values/1-270-304-1>		<http://ids.clld.org/parameters/1-270>		<http://ids.clld.org/values/1-270-823-1>		"kupə:ŋ.1"@scb-x-rucc1239	
"axnat (f.)"@crt	<http://ids.clld.org/values/1-212-304-1>		<http://ids.clld.org/parameters/1-212>		<http://ids.clld.org/values/1-212-823-1>		"bə:n.3"@scb-x-rucc1239	
"xloxsa"@crt	<http://ids.clld.org/values/2-261-304-1>		<http://ids.clld.org/parameters/2-261>		<http://ids.clld.org/values/2-261-823-1>		"puma:j.3"@scb-x-rucc1239	
"-kanteʔ"@crt	<http://ids.clld.org/values/2-621-304-1>		<http://ids.clld.org/parameters/2-621>		<http://ids.clld.org/values/2-621-823-1>		"meɛ.4 maku:ń.3"@scb-x-rucc1239	
"laxwu"@crt	<http://ids.clld.org/values/1-720-304-1>		<http://ids.clld.org/parameters/1-720>		<http://ids.clld.org/values/1-720-823-1>		"kajɔ.3"@scb-x-rucc1239	
"tˀakayi"@crt	<http://ids.clld.org/values/1-550-304-3>		<http://ids.clld.org/parameters/1-550>		<http://ids.clld.org/values/1-550-823-1>		"ala:r.3"@scb-x-rucc1239	
"inye-weseʔ"@crt	<http://ids.clld.org/values/2-260-304-1>		<http://ids.clld.org/parameters/2-260>		<http://ids.clld.org/values/2-260-823-1>		"puma:j.3"@scb-x-rucc1239	
"totyuʔ"@crt	<http://ids.clld.org/values/2-460-304-3>		<http://ids.clld.org/parameters/2-460>		<http://ids.clld.org/values/2-460-823-1>		"pw.1"@scb-x-rucc1239	
"totyuʔ"@crt	<http://ids.clld.org/values/2-460-304-3>		<http://ids.clld.org/parameters/2-460>		<http://ids.clld.org/values/2-460-823-2>		"ta.1"@scb-x-rucc1239	
"sapalkat"@crt	<http://ids.clld.org/values/1-590-304-1>		<http://ids.clld.org/parameters/1-590>		<http://ids.clld.org/values/1-590-823-1>		"ro:ŋ.1"@scb-x-rucc1239	
"takina (m.)"@crt	<http://ids.clld.org/values/1-222-304-1>		<http://ids.clld.org/parameters/1-222>		<http://ids.clld.org/values/1-222-823-1>		"kupə:ŋ.1"@scb-x-rucc1239	
"ofʷatakiʔ"@crt	<http://ids.clld.org/values/1-362-304-1>		<http://ids.clld.org/parameters/1-362>		<http://ids.clld.org/values/1-362-823-1>		"da:k.3 thuəj.3"@scb-x-rucc1239	
"takixnakiʔ"@crt	<http://ids.clld.org/values/1-220-304-1>		<http://ids.clld.org/parameters/1-220>		<http://ids.clld.org/values/1-220-823-2>		"do:l.1"@scb-x-rucc1239	
"takixnakiʔ"@crt	<http://ids.clld.org/values/1-220-304-1>		<http://ids.clld.org/parameters/1-220>		<http://ids.clld.org/values/1-220-823-1>		"cɨ:t.3"@scb-x-rucc1239	
