"-kyexeʔ ~ -c̷yexeʔ (m.)"@crt	<http://ids.clld.org/values/20-250-304-1>		<http://ids.clld.org/parameters/20-250>		<http://ids.clld.org/values/20-250-264-1>		"kašri"@cuj	
"tic̷oyin"@crt	<http://ids.clld.org/values/8-941-304-1>		<http://ids.clld.org/parameters/8-941>		<http://ids.clld.org/values/8-941-264-1>		"počwaksɨrɨ"@cuj	
"kyale"@crt	<http://ids.clld.org/values/2-270-304-1>		<http://ids.clld.org/parameters/2-270>		<http://ids.clld.org/values/2-270-264-1>		"whene ~ wɨhene"@cuj	
"-xlanee"@crt	<http://ids.clld.org/values/1-860-304-3>		<http://ids.clld.org/parameters/1-860>		<http://ids.clld.org/values/1-860-264-3>		"tʸirna"@cuj	
"-xlanee"@crt	<http://ids.clld.org/values/1-860-304-3>		<http://ids.clld.org/parameters/1-860>		<http://ids.clld.org/values/1-860-264-1>		"tʸirika"@cuj	
"-fʷes (f.)"@crt	<http://ids.clld.org/values/4-392-304-1>		<http://ids.clld.org/parameters/4-392>		<http://ids.clld.org/values/4-392-264-1>		"mexi"@cuj	
"napuʔ ~ -nyepuʔ"@crt	<http://ids.clld.org/values/4-590-304-1>		<http://ids.clld.org/parameters/4-590>		<http://ids.clld.org/values/4-590-264-1>		"hemroka"@cuj	
"kixil"@crt	<http://ids.clld.org/values/2-461-304-1>		<http://ids.clld.org/parameters/2-461>		<http://ids.clld.org/values/2-461-264-1>		"kapokotɨ"@cuj	
"akyot"@crt	<http://ids.clld.org/values/3-823-304-3>		<http://ids.clld.org/parameters/3-823>		<http://ids.clld.org/values/3-823-264-1>		"sanɨ"@cuj	
"-ton ~ -tyun"@crt	<http://ids.clld.org/values/10-620-304-1>		<http://ids.clld.org/parameters/10-620>		<http://ids.clld.org/values/10-620-264-1>		"hwa-pa"@cuj	
"-tox ~ -tyux"@crt	<http://ids.clld.org/values/5-110-304-3>		<http://ids.clld.org/parameters/5-110>		<http://ids.clld.org/values/5-110-264-1>		"nika"@cuj	
"tewak (m.)"@crt	<http://ids.clld.org/values/1-360-304-1>		<http://ids.clld.org/parameters/1-360>		<http://ids.clld.org/values/1-360-264-3>		"hapha"@cuj	
"tewak (m.)"@crt	<http://ids.clld.org/values/1-360-304-1>		<http://ids.clld.org/parameters/1-360>		<http://ids.clld.org/values/1-360-264-1>		"wenɨ"@cuj	
"keoy"@crt	<http://ids.clld.org/values/8-910-304-1>		<http://ids.clld.org/parameters/8-910>		<http://ids.clld.org/values/8-910-264-1>		"xipa-ľɨ"@cuj	
"kates (f.)"@crt	<http://ids.clld.org/values/1-540-304-1>		<http://ids.clld.org/parameters/1-540>		<http://ids.clld.org/values/1-540-264-1>		"katahiri"@cuj	
"-tem ~ -tim"@crt	<http://ids.clld.org/values/5-181-304-1>		<http://ids.clld.org/parameters/5-181>		<http://ids.clld.org/values/5-181-264-1>		"nikľoka"@cuj	
"-xles ~ -xlis (m.)"@crt	<http://ids.clld.org/values/4-162-304-1>		<http://ids.clld.org/parameters/4-162>		<http://ids.clld.org/values/4-162-264-3>		"kwansat-hapɨ"@cuj	
"-xles ~ -xlis (m.)"@crt	<http://ids.clld.org/values/4-162-304-1>		<http://ids.clld.org/parameters/4-162>		<http://ids.clld.org/values/4-162-264-1>		"kwansata"@cuj	
"kyepis"@crt	<http://ids.clld.org/values/12-560-304-5>		<http://ids.clld.org/parameters/12-560>		<http://ids.clld.org/values/12-560-264-1>		"mtɨ-rɨ"@cuj	
"tasaxay"@crt	<http://ids.clld.org/values/15-780-304-1>		<http://ids.clld.org/parameters/15-780>		<http://ids.clld.org/values/15-780-264-1>		"phewna"@cuj	
"-asenek ~ -esenek ~ -axsenek"@crt	<http://ids.clld.org/values/2-730-304-1>		<http://ids.clld.org/parameters/2-730>		<http://ids.clld.org/values/2-730-264-1>		"kosčekyehrerɨ"@cuj	
"toxsa"@crt	<http://ids.clld.org/values/1-830-304-1>		<http://ids.clld.org/parameters/1-830>		<http://ids.clld.org/values/1-830-264-1>		"či-či-phya"@cuj	
"xe-kʔekexey"@crt	<http://ids.clld.org/values/15-370-304-3>		<http://ids.clld.org/parameters/15-370>		<http://ids.clld.org/values/15-370-264-1>		"psaľo"@cuj	
"-wet ~ -wit"@crt	<http://ids.clld.org/values/12-110-304-1>		<http://ids.clld.org/parameters/12-110>		<http://ids.clld.org/values/12-110-264-1>		"-waka"@cuj	
"xee"@crt	<http://ids.clld.org/values/17-560-304-1>		<http://ids.clld.org/parameters/17-560>		<http://ids.clld.org/values/17-560-264-3>		"hike"@cuj	
"xee"@crt	<http://ids.clld.org/values/17-560-304-1>		<http://ids.clld.org/parameters/17-560>		<http://ids.clld.org/values/17-560-264-1>		"hi"@cuj	
"tokis (m.)"@crt	<http://ids.clld.org/values/3-817-304-1>		<http://ids.clld.org/parameters/3-817>		<http://ids.clld.org/values/3-817-264-1>		"pokhi"@cuj	
"-as"@crt	<http://ids.clld.org/values/2-410-304-1>		<http://ids.clld.org/parameters/2-410>		<http://ids.clld.org/values/2-410-264-1>		"tɨrɨ ~ hitɨrɨ"@cuj	
"kilay"@crt	<http://ids.clld.org/values/1-520-304-1>		<http://ids.clld.org/parameters/1-520>		<http://ids.clld.org/values/1-520-264-1>		"tka-či"@cuj	
"meme"@crt	<http://ids.clld.org/values/2-360-304-3>		<http://ids.clld.org/parameters/2-360>		<http://ids.clld.org/values/2-360-264-3>		"hin-ro"@cuj	
"meme"@crt	<http://ids.clld.org/values/2-360-304-3>		<http://ids.clld.org/parameters/2-360>		<http://ids.clld.org/values/2-360-264-1>		"nato"@cuj	
"eytifʷuk"@crt	<http://ids.clld.org/values/1-841-304-1>		<http://ids.clld.org/parameters/1-841>		<http://ids.clld.org/values/1-841-264-1>		"čič-mero"@cuj	
"eytifʷuk"@crt	<http://ids.clld.org/values/1-841-304-1>		<http://ids.clld.org/parameters/1-841>		<http://ids.clld.org/values/1-841-264-3>		"mero"@cuj	
"fʷiyit inyuneʔ"@crt	<http://ids.clld.org/values/1-760-304-1>		<http://ids.clld.org/parameters/1-760>		<http://ids.clld.org/values/1-760-264-1>		"hiwrɨ"@cuj	
"-fʷayi"@crt	<http://ids.clld.org/values/2-330-304-1>		<http://ids.clld.org/parameters/2-330>		<http://ids.clld.org/values/2-330-264-1>		"kašimyota"@cuj	
"-tawili"@crt	<http://ids.clld.org/values/18-170-304-1>		<http://ids.clld.org/parameters/18-170>		<http://ids.clld.org/values/18-170-264-1>		"xroľoxi"@cuj	
"kiti-tok"@crt	<http://ids.clld.org/values/8-931-304-1>		<http://ids.clld.org/parameters/8-931>		<http://ids.clld.org/values/8-931-264-1>		"c̷oľya"@cuj	
"niyek (f.)"@crt	<http://ids.clld.org/values/9-190-304-1>		<http://ids.clld.org/parameters/9-190>		<http://ids.clld.org/values/9-190-264-1>		"c̷a"@cuj	
"etye-xi-wet (m.)"@crt	<http://ids.clld.org/values/7-310-304-1>		<http://ids.clld.org/parameters/7-310>		<http://ids.clld.org/values/7-310-264-3>		"čičpawa"@cuj	
"etye-xi-wet (m.)"@crt	<http://ids.clld.org/values/7-310-304-1>		<http://ids.clld.org/parameters/7-310>		<http://ids.clld.org/values/7-310-264-1>		"pawa"@cuj	
"xupi-tok"@crt	<http://ids.clld.org/values/8-480-304-1>		<http://ids.clld.org/parameters/8-480>		<http://ids.clld.org/values/8-480-264-1>		"h[aroso]"@cuj	
"wota-las"@crt	<http://ids.clld.org/values/3-550-304-1>		<http://ids.clld.org/parameters/3-550>		<http://ids.clld.org/values/3-550-264-1>		"hatʸawripa"@cuj	
"lal (m.)"@crt	<http://ids.clld.org/values/1-820-304-1>		<http://ids.clld.org/parameters/1-820>		<http://ids.clld.org/values/1-820-264-1>		"katmeroľɨ"@cuj	
"-waxsan"@crt	<http://ids.clld.org/values/4-740-304-1>		<http://ids.clld.org/parameters/4-740>		<http://ids.clld.org/values/4-740-264-1>		"hiweka"@cuj	
"-tekixli ~ -tikixli (f.)"@crt	<http://ids.clld.org/values/4-203-304-1>		<http://ids.clld.org/parameters/4-203>		<http://ids.clld.org/values/4-203-264-1>		"hašiče"@cuj	
"-tokyo-seʔ ~ -tyokyo-seʔ"@crt	<http://ids.clld.org/values/4-212-304-1>		<http://ids.clld.org/parameters/4-212>		<http://ids.clld.org/values/4-212-264-1>		"šawrɨ-ha"@cuj	
"isye"@crt	<http://ids.clld.org/values/1-215-304-1>		<http://ids.clld.org/parameters/1-215>		<http://ids.clld.org/values/1-215-264-1>		"ksatɨ"@cuj	
"poleʔ (m.)"@crt	<http://ids.clld.org/values/1-730-304-1>		<http://ids.clld.org/parameters/1-730>		<http://ids.clld.org/values/1-730-264-1>		"kyačhapererɨmko"@cuj	
"alaʔ"@crt	<http://ids.clld.org/values/1-420-304-1>		<http://ids.clld.org/parameters/1-420>		<http://ids.clld.org/values/1-420-264-3>		"hah-mɨna"@cuj	
"alaʔ"@crt	<http://ids.clld.org/values/1-420-304-1>		<http://ids.clld.org/parameters/1-420>		<http://ids.clld.org/values/1-420-264-1>		"mɨna"@cuj	
"maleweʔ (m.)"@crt	<http://ids.clld.org/values/3-832-304-1>		<http://ids.clld.org/parameters/3-832>		<http://ids.clld.org/values/3-832-264-1>		"hahyo"@cuj	
"axlupastana"@crt	<http://ids.clld.org/values/3-815-304-1>		<http://ids.clld.org/parameters/3-815>		<http://ids.clld.org/values/3-815-264-1>		"hekľo"@cuj	
"-axseʔ"@crt	<http://ids.clld.org/values/2-420-304-1>		<http://ids.clld.org/parameters/2-420>		<http://ids.clld.org/values/2-420-264-1>		"šičo ~ nšičo"@cuj	
"xe-tuskiʔ"@crt	<http://ids.clld.org/values/4-820-304-1>		<http://ids.clld.org/parameters/4-820>		<http://ids.clld.org/values/4-820-264-1>		"pohro"@cuj	
"l-am"@crt	<http://ids.clld.org/values/2-930-304-1>		<http://ids.clld.org/parameters/2-930>		<http://ids.clld.org/values/2-930-264-1>		"waľe"@cuj	
"l-am"@crt	<http://ids.clld.org/values/2-930-304-1>		<http://ids.clld.org/parameters/2-930>		<http://ids.clld.org/values/2-930-264-3>		"waľa"@cuj	
"-wi (m.)"@crt	<http://ids.clld.org/values/6-410-304-1>		<http://ids.clld.org/parameters/6-410>		<http://ids.clld.org/values/6-410-264-1>		"papowaľɨtɨ"@cuj	
"atixiʔ"@crt	<http://ids.clld.org/values/16-310-304-1>		<http://ids.clld.org/parameters/16-310>		<http://ids.clld.org/values/16-310-264-1>		"čino"@cuj	
"yuyi"@crt	<http://ids.clld.org/values/15-860-304-1>		<http://ids.clld.org/parameters/15-860>		<http://ids.clld.org/values/15-860-264-1>		"kačik-ľe-rɨ"@cuj	
"lasa"@crt	<http://ids.clld.org/values/15-670-304-1>		<http://ids.clld.org/parameters/15-670>		<http://ids.clld.org/values/15-670-264-1>		"poľe"@cuj	
"-kiʔmeʔ ~ -siʔmeʔ"@crt	<http://ids.clld.org/values/11-130-304-1>		<http://ids.clld.org/parameters/11-130>		<http://ids.clld.org/values/11-130-264-1>		"hani-ka"@cuj	
"katakiʔ (f.)"@crt	<http://ids.clld.org/values/3-830-304-1>		<http://ids.clld.org/parameters/3-830>		<http://ids.clld.org/values/3-830-264-3>		"yowini"@cuj	
"katakiʔ (f.)"@crt	<http://ids.clld.org/values/3-830-304-1>		<http://ids.clld.org/parameters/3-830>		<http://ids.clld.org/values/3-830-264-1>		"xemxerne"@cuj	
"-ami"@crt	<http://ids.clld.org/values/6-780-304-1>		<http://ids.clld.org/parameters/6-780>		<http://ids.clld.org/values/6-780-264-1>		"satʸpamtaľɨ"@cuj	
"-nuneʔ ~ -nyuneʔ"@crt	<http://ids.clld.org/values/10-230-304-1>		<http://ids.clld.org/parameters/10-230>		<http://ids.clld.org/values/10-230-264-1>		"hixrɨ-ka"@cuj	
"-lanit ~ -lyenit"@crt	<http://ids.clld.org/values/9-160-304-1>		<http://ids.clld.org/parameters/9-160>		<http://ids.clld.org/values/9-160-264-1>		"hišrika"@cuj	
"atelyiʔ ~ -etelyiʔ"@crt	<http://ids.clld.org/values/6-350-304-1>		<http://ids.clld.org/parameters/6-350>		<http://ids.clld.org/values/6-350-264-1>		"yo-c̷-ha"@cuj	
"-paxsat ~ -pyesat (m.)"@crt	<http://ids.clld.org/values/4-250-304-1>		<http://ids.clld.org/parameters/4-250>		<http://ids.clld.org/values/4-250-264-1>		"spɨ ~ špɨ"@cuj	
"-nas"@crt	<http://ids.clld.org/values/10-550-304-1>		<http://ids.clld.org/parameters/10-550>		<http://ids.clld.org/values/10-550-264-1>		"ha-po-ka"@cuj	
"-fʷopoʔ ~ -xyopoʔ (f.)"@crt	<http://ids.clld.org/values/4-310-304-1>		<http://ids.clld.org/parameters/4-310>		<http://ids.clld.org/values/4-310-264-1>		"kano"@cuj	
"taxlat (m.)"@crt	<http://ids.clld.org/values/1-840-304-1>		<http://ids.clld.org/parameters/1-840>		<http://ids.clld.org/values/1-840-264-1>		"čiči-pahi"@cuj	
"-ye"@crt	<http://ids.clld.org/values/5-130-304-1>		<http://ids.clld.org/parameters/5-130>		<http://ids.clld.org/values/5-130-264-1>		"hašroka"@cuj	
"-fʷanniʔ ~ -fʷyenniʔ"@crt	<http://ids.clld.org/values/13-330-304-1>		<http://ids.clld.org/parameters/13-330>		<http://ids.clld.org/values/13-330-264-1>		"pxe ~ pxa"@cuj	
"nateʔ"@crt	<http://ids.clld.org/values/3-614-304-1>		<http://ids.clld.org/parameters/3-614>		<http://ids.clld.org/values/3-614-264-1>		"waľo"@cuj	
"lataʔ (f.)"@crt	<http://ids.clld.org/values/3-813-304-1>		<http://ids.clld.org/parameters/3-813>		<http://ids.clld.org/values/3-813-264-1>		"kočopa"@cuj	
"-laye ~ -lyaye (m.)"@crt	<http://ids.clld.org/values/4-841-304-1>		<http://ids.clld.org/parameters/4-841>		<http://ids.clld.org/values/4-841-264-1>		"hemewata"@cuj	
"-fʷen"@crt	<http://ids.clld.org/values/18-170-304-3>		<http://ids.clld.org/parameters/18-170>		<http://ids.clld.org/values/18-170-264-1>		"xroľoxi"@cuj	
"-kosletikiʔ ~ -kyusletikiʔ"@crt	<http://ids.clld.org/values/4-360-304-1>		<http://ids.clld.org/parameters/4-360>		<http://ids.clld.org/values/4-360-264-1>		"soxi"@cuj	
"-lan ~ -lyen"@crt	<http://ids.clld.org/values/4-760-304-1>		<http://ids.clld.org/parameters/4-760>		<http://ids.clld.org/values/4-760-264-3>		"kama-ka-ta"@cuj	
"-lan ~ -lyen"@crt	<http://ids.clld.org/values/4-760-304-1>		<http://ids.clld.org/parameters/4-760>		<http://ids.clld.org/values/4-760-264-1>		"hiyľata"@cuj	
"-sopa"@crt	<http://ids.clld.org/values/6-320-304-1>		<http://ids.clld.org/parameters/6-320>		<http://ids.clld.org/values/6-320-264-1>		"xiwe-ta"@cuj	
"-xnatowo ~ -xnyetowo"@crt	<http://ids.clld.org/values/4-230-304-1>		<http://ids.clld.org/parameters/4-230>		<http://ids.clld.org/values/4-230-264-1>		"xri"@cuj	
"tikyeʔen"@crt	<http://ids.clld.org/values/4-853-304-1>		<http://ids.clld.org/parameters/4-853>		<http://ids.clld.org/values/4-853-264-3>		"hanka-xrɨ"@cuj	
"tikyeʔen"@crt	<http://ids.clld.org/values/4-853-304-1>		<http://ids.clld.org/parameters/4-853>		<http://ids.clld.org/values/4-853-264-1>		"hanka"@cuj	
"-em"@crt	<http://ids.clld.org/values/10-320-304-1>		<http://ids.clld.org/parameters/10-320>		<http://ids.clld.org/values/10-320-264-1>		"ha-po-ha-ta"@cuj	
"-yesikiʔ (f.)"@crt	<http://ids.clld.org/values/4-340-304-1>		<http://ids.clld.org/parameters/4-340>		<http://ids.clld.org/values/4-340-264-1>		"myoxi"@cuj	
"akyoxna-xe-es"@crt	<http://ids.clld.org/values/4-940-304-1>		<http://ids.clld.org/parameters/4-940>		<http://ids.clld.org/values/4-940-264-1>		"čoľi"@cuj	
"-kilfʷaʔ ~ -c̷ilfʷaʔ ~ -ilfʷaʔ"@crt	<http://ids.clld.org/values/2-320-304-1>		<http://ids.clld.org/parameters/2-320>		<http://ids.clld.org/values/2-320-264-1>		"hanɨnro ~ hnɨnro"@cuj	
"xuppa"@crt	<http://ids.clld.org/values/3-850-304-1>		<http://ids.clld.org/parameters/3-850>		<http://ids.clld.org/values/3-850-264-3>		"pi"@cuj	
"xuppa"@crt	<http://ids.clld.org/values/3-850-304-1>		<http://ids.clld.org/parameters/3-850>		<http://ids.clld.org/values/3-850-264-1>		"himnɨ"@cuj	
"asyela-kiʔ"@crt	<http://ids.clld.org/values/2-760-304-1>		<http://ids.clld.org/parameters/2-760>		<http://ids.clld.org/values/2-760-264-1>		"hipnahnɨrɨtačro"@cuj	
"xa -peysiin"@crt	<http://ids.clld.org/values/4-950-304-1>		<http://ids.clld.org/parameters/4-950>		<http://ids.clld.org/values/4-950-264-1>		"[mašonti]"@cuj	
"-tofʷaniti ~ -tyufʷaniti"@crt	<http://ids.clld.org/values/1-860-304-1>		<http://ids.clld.org/parameters/1-860>		<http://ids.clld.org/values/1-860-264-3>		"tʸirna"@cuj	
"-tofʷaniti ~ -tyufʷaniti"@crt	<http://ids.clld.org/values/1-860-304-1>		<http://ids.clld.org/parameters/1-860>		<http://ids.clld.org/values/1-860-264-1>		"tʸirika"@cuj	
"-es ~ -se"@crt	<http://ids.clld.org/values/16-710-304-1>		<http://ids.clld.org/parameters/16-710>		<http://ids.clld.org/values/16-710-264-1>		"kihľe"@cuj	
"-tani ~ -tyeni"@crt	<http://ids.clld.org/values/5-180-304-3>		<http://ids.clld.org/parameters/5-180>		<http://ids.clld.org/values/5-180-264-1>		"hawiyaka"@cuj	
"takataxay (f.)"@crt	<http://ids.clld.org/values/8-750-304-1>		<http://ids.clld.org/parameters/8-750>		<http://ids.clld.org/values/8-750-264-1>		"mta"@cuj	
"takataxay (f.)"@crt	<http://ids.clld.org/values/8-750-304-1>		<http://ids.clld.org/parameters/8-750>		<http://ids.clld.org/values/8-750-264-3>		"pata"@cuj	
"lotis (f.)"@crt	<http://ids.clld.org/values/3-653-304-1>		<http://ids.clld.org/parameters/3-653>		<http://ids.clld.org/values/3-653-264-1>		"tata"@cuj	
"-syulteni"@crt	<http://ids.clld.org/values/1-560-304-1>		<http://ids.clld.org/parameters/1-560>		<http://ids.clld.org/values/1-560-264-1>		"hitľohita"@cuj	
"-yelxiwetiki (f.)"@crt	<http://ids.clld.org/values/4-441-304-1>		<http://ids.clld.org/parameters/4-441>		<http://ids.clld.org/values/4-441-264-1>		"čiyľe ~ čiiľe"@cuj	
"-ey ~ -i (m.)"@crt	<http://ids.clld.org/values/18-280-304-1>		<http://ids.clld.org/parameters/18-280>		<http://ids.clld.org/values/18-280-264-1>		"hi-waka"@cuj	
"axwuʔ"@crt	<http://ids.clld.org/values/2-220-304-1>		<http://ids.clld.org/parameters/2-220>		<http://ids.clld.org/values/2-220-264-1>		"sɨtʸo"@cuj	
"eyineʔ ~ -ineʔ"@crt	<http://ids.clld.org/values/12-130-304-1>		<http://ids.clld.org/parameters/12-130>		<http://ids.clld.org/values/12-130-264-1>		"tɨpľa-ta"@cuj	
"-kixmen ~ -sixmen"@crt	<http://ids.clld.org/values/9-120-304-1>		<http://ids.clld.org/parameters/9-120>		<http://ids.clld.org/values/9-120-264-1>		"kamrɨrči"@cuj	
"kilyeni"@crt	<http://ids.clld.org/values/3-750-304-1>		<http://ids.clld.org/parameters/3-750>		<http://ids.clld.org/values/3-750-264-1>		"kšote-rɨ"@cuj	
"-syen (m.)"@crt	<http://ids.clld.org/values/4-130-304-1>		<http://ids.clld.org/parameters/4-130>		<http://ids.clld.org/values/4-130-264-1>		"hitɨ"@cuj	
"-kyoy ~ -syoy (f.)"@crt	<http://ids.clld.org/values/4-330-304-1>		<http://ids.clld.org/parameters/4-330>		<http://ids.clld.org/values/4-330-264-1>		"myo"@cuj	
"-xetek-pot-las"@crt	<http://ids.clld.org/values/6-810-304-3>		<http://ids.clld.org/parameters/6-810>		<http://ids.clld.org/values/6-810-264-1>		"c̷mapi"@cuj	
"kaye"@crt	<http://ids.clld.org/values/3-570-304-1>		<http://ids.clld.org/parameters/3-570>		<http://ids.clld.org/values/3-570-264-1>		"hopši"@cuj	
"-tateʔ (f.)"@crt	<http://ids.clld.org/values/4-210-304-1>		<http://ids.clld.org/parameters/4-210>		<http://ids.clld.org/values/4-210-264-1>		"yhaľe"@cuj	
"-tateʔ (f.)"@crt	<http://ids.clld.org/values/4-210-304-1>		<http://ids.clld.org/parameters/4-210>		<http://ids.clld.org/values/4-210-264-3>		"ha"@cuj	
"ten"@crt	<http://ids.clld.org/values/17-670-304-1>		<http://ids.clld.org/parameters/17-670>		<http://ids.clld.org/values/17-670-264-1>		"hirɨ"@cuj	
"-eyi"@crt	<http://ids.clld.org/values/2-470-304-1>		<http://ids.clld.org/parameters/2-470>		<http://ids.clld.org/values/2-470-264-1>		"ha-xi-ro"@cuj	
"-wuy ~ -yuy"@crt	<http://ids.clld.org/values/6-120-304-1>		<http://ids.clld.org/parameters/6-120>		<http://ids.clld.org/values/6-120-264-1>		"mka"@cuj	
"-wak (f.)"@crt	<http://ids.clld.org/values/20-130-304-1>		<http://ids.clld.org/parameters/20-130>		<http://ids.clld.org/values/20-130-264-1>		"hiyľaľɨ"@cuj	
"axap ~ -exep"@crt	<http://ids.clld.org/values/4-912-304-1>		<http://ids.clld.org/parameters/4-912>		<http://ids.clld.org/values/4-912-264-1>		"hapnanɨta"@cuj	
"iwoʔ"@crt	<http://ids.clld.org/values/17-550-304-1>		<http://ids.clld.org/parameters/17-550>		<http://ids.clld.org/values/17-550-264-1>		"hi-hi"@cuj	
"-wen ~ -win"@crt	<http://ids.clld.org/values/15-510-304-1>		<http://ids.clld.org/parameters/15-510>		<http://ids.clld.org/values/15-510-264-1>		"heta"@cuj	
"-xetekxixut (m.)"@crt	<http://ids.clld.org/values/4-281-304-1>		<http://ids.clld.org/parameters/4-281>		<http://ids.clld.org/values/4-281-264-1>		"paxnohi / noxi (?)"@cuj	
"etitin ~ -ititin"@crt	<http://ids.clld.org/values/13-107-304-1>		<http://ids.clld.org/parameters/13-107>		<http://ids.clld.org/values/13-107-264-1>		"yanta-ta"@cuj	
"linaʔ"@crt	<http://ids.clld.org/values/1-410-304-1>		<http://ids.clld.org/parameters/1-410>		<http://ids.clld.org/values/1-410-264-1>		"hoša"@cuj	
"-fʷaʔ"@crt	<http://ids.clld.org/values/4-670-304-1>		<http://ids.clld.org/parameters/4-670>		<http://ids.clld.org/values/4-670-264-1>		"kapere"@cuj	
"-tyelas"@crt	<http://ids.clld.org/values/2-550-304-1>		<http://ids.clld.org/parameters/2-550>		<http://ids.clld.org/values/2-550-264-1>		"hanɨrɨ"@cuj	
"axna-teʔ"@crt	<http://ids.clld.org/values/7-260-304-1>		<http://ids.clld.org/parameters/7-260>		<http://ids.clld.org/values/7-260-264-1>		"čiximta"@cuj	
"-kosin"@crt	<http://ids.clld.org/values/10-410-304-1>		<http://ids.clld.org/parameters/10-410>		<http://ids.clld.org/values/10-410-264-1>		"kamita"@cuj	
"ifʷyenni"@crt	<http://ids.clld.org/values/13-10-304-1>		<http://ids.clld.org/parameters/13-10>		<http://ids.clld.org/values/13-10-264-3>		"satɨ"@cuj	
"ifʷyenni"@crt	<http://ids.clld.org/values/13-10-304-1>		<http://ids.clld.org/parameters/13-10>		<http://ids.clld.org/values/13-10-264-1>		"pa"@cuj	
"xloma"@crt	<http://ids.clld.org/values/1-610-304-3>		<http://ids.clld.org/parameters/1-610>		<http://ids.clld.org/values/1-610-264-1>		"po-kamľa-ľɨ"@cuj	
"-lam"@crt	<http://ids.clld.org/values/12-420-304-1>		<http://ids.clld.org/parameters/12-420>		<http://ids.clld.org/values/12-420-264-1>		"kehnete"@cuj	
"-kimixnyen ~ -simixnyen"@crt	<http://ids.clld.org/values/4-730-304-1>		<http://ids.clld.org/parameters/4-730>		<http://ids.clld.org/values/4-730-264-1>		"mɨšiwata"@cuj	
"-nawuti alaʔ ~ -nyewuti alaʔ"@crt	<http://ids.clld.org/values/8-691-304-1>		<http://ids.clld.org/parameters/8-691>		<http://ids.clld.org/values/8-691-264-1>		"kašimpo"@cuj	
"-kiyeʔ ~ -siyeʔ"@crt	<http://ids.clld.org/values/2-490-304-1>		<http://ids.clld.org/parameters/2-490>		<http://ids.clld.org/values/2-490-264-1>		"mekahyi"@cuj	
"-fʷes (m.)"@crt	<http://ids.clld.org/values/4-110-304-1>		<http://ids.clld.org/parameters/4-110>		<http://ids.clld.org/values/4-110-264-1>		"mane"@cuj	
"-xetek-pot"@crt	<http://ids.clld.org/values/6-810-304-1>		<http://ids.clld.org/parameters/6-810>		<http://ids.clld.org/values/6-810-264-1>		"c̷mapi"@cuj	
"inyewut"@crt	<http://ids.clld.org/values/8-680-304-1>		<http://ids.clld.org/parameters/8-680>		<http://ids.clld.org/values/8-680-264-1>		"yiri ~ hayi-re"@cuj	
"xa-kec̷iyap ~ -kic̷iyap"@crt	<http://ids.clld.org/values/18-150-304-1>		<http://ids.clld.org/parameters/18-150>		<http://ids.clld.org/values/18-150-264-1>		"himsaľe-wata"@cuj	
"-ax ~ -ex"@crt	<http://ids.clld.org/values/4-120-304-1>		<http://ids.clld.org/parameters/4-120>		<http://ids.clld.org/values/4-120-264-1>		"nikči-mta"@cuj	
"-ax ~ -ex"@crt	<http://ids.clld.org/values/4-120-304-1>		<http://ids.clld.org/parameters/4-120>		<http://ids.clld.org/values/4-120-264-3>		"mta"@cuj	
"talok"@crt	<http://ids.clld.org/values/4-970-304-1>		<http://ids.clld.org/parameters/4-970>		<http://ids.clld.org/values/4-970-264-3>		"metkatɨ"@cuj	
"talok"@crt	<http://ids.clld.org/values/4-970-304-1>		<http://ids.clld.org/parameters/4-970>		<http://ids.clld.org/values/4-970-264-1>		"mayhaľetɨ"@cuj	
"kyeʔla"@crt	<http://ids.clld.org/values/3-960-304-1>		<http://ids.clld.org/parameters/3-960>		<http://ids.clld.org/values/3-960-264-1>		"xpiro"@cuj	
"-kyoxsatiʔ ~ -c̷yoxsatiʔ"@crt	<http://ids.clld.org/values/9-280-304-1>		<http://ids.clld.org/parameters/9-280>		<http://ids.clld.org/values/9-280-264-1>		"kteha"@cuj	
"-fʷac̷uxnen ~ -fʷyec̷uxnen"@crt	<http://ids.clld.org/values/4-560-304-1>		<http://ids.clld.org/parameters/4-560>		<http://ids.clld.org/values/4-560-264-1>		"c̷kaha"@cuj	
"-fʷeluʔ ~ -fʷiluʔ"@crt	<http://ids.clld.org/values/2-630-304-1>		<http://ids.clld.org/parameters/2-630>		<http://ids.clld.org/values/2-630-264-1>		"mekanɨrɨ"@cuj	
"isak"@crt	<http://ids.clld.org/values/7-270-304-1>		<http://ids.clld.org/parameters/7-270>		<http://ids.clld.org/values/7-270-264-1>		"prixerɨ"@cuj	
"akatax (f.)"@crt	<http://ids.clld.org/values/3-583-304-1>		<http://ids.clld.org/parameters/3-583>		<http://ids.clld.org/values/3-583-264-1>		"hakapľa"@cuj	
"isat"@crt	<http://ids.clld.org/values/9-730-304-1>		<http://ids.clld.org/parameters/9-730>		<http://ids.clld.org/values/9-730-264-1>		"tawna"@cuj	
"isat"@crt	<http://ids.clld.org/values/9-730-304-1>		<http://ids.clld.org/parameters/9-730>		<http://ids.clld.org/values/9-730-264-3>		"taši"@cuj	
"toxsa-ta"@crt	<http://ids.clld.org/values/1-740-304-1>		<http://ids.clld.org/parameters/1-740>		<http://ids.clld.org/values/1-740-264-1>		"kyačhapererɨmko"@cuj	
"etye-kas"@crt	<http://ids.clld.org/values/1-870-304-1>		<http://ids.clld.org/parameters/1-870>		<http://ids.clld.org/values/1-870-264-1>		"[posporo]"@cuj	
"yexey (?)"@crt	<http://ids.clld.org/values/1-550-304-1>		<http://ids.clld.org/parameters/1-550>		<http://ids.clld.org/values/1-550-264-1>		"rawrakľe"@cuj	
"alaʔ-woleʔ (m.)"@crt	<http://ids.clld.org/values/8-560-304-1>		<http://ids.clld.org/parameters/8-560>		<http://ids.clld.org/values/8-560-264-1>		"sɨre"@cuj	
"yek"@crt	<http://ids.clld.org/values/2-251-304-1>		<http://ids.clld.org/parameters/2-251>		<http://ids.clld.org/values/2-251-264-1>		"makľɨxi"@cuj	
"xe-es"@crt	<http://ids.clld.org/values/16-820-304-1>		<http://ids.clld.org/parameters/16-820>		<http://ids.clld.org/values/16-820-264-1>		"hiktɨ"@cuj	
"nayi"@crt	<http://ids.clld.org/values/10-720-304-1>		<http://ids.clld.org/parameters/10-720>		<http://ids.clld.org/values/10-720-264-1>		"hapo"@cuj	
"-kyentiyeʔ ~ -syentiyeʔ (f.)"@crt	<http://ids.clld.org/values/4-451-304-1>		<http://ids.clld.org/parameters/4-451>		<http://ids.clld.org/values/4-451-264-1>		"hepoxi"@cuj	
"-woxolan ~ -yoxolan (m.)"@crt	<http://ids.clld.org/values/4-371-304-1>		<http://ids.clld.org/parameters/4-371>		<http://ids.clld.org/values/4-371-264-1>		"yhalexi"@cuj	
"tayokiʔ"@crt	<http://ids.clld.org/values/7-480-304-1>		<http://ids.clld.org/parameters/7-480>		<http://ids.clld.org/values/7-480-264-1>		"košo"@cuj	
"-powe ~ -pyowe"@crt	<http://ids.clld.org/values/4-780-304-1>		<http://ids.clld.org/parameters/4-780>		<http://ids.clld.org/values/4-780-264-1>		"kapnata"@cuj	
"wilik-ikyeʔ"@crt	<http://ids.clld.org/values/5-590-304-1>		<http://ids.clld.org/parameters/5-590>		<http://ids.clld.org/values/5-590-264-1>		"hitɨsc̷i"@cuj	
"afʷena (m.)"@crt	<http://ids.clld.org/values/3-581-304-1>		<http://ids.clld.org/parameters/3-581>		<http://ids.clld.org/values/3-581-264-1>		"koši-či"@cuj	
"-peʔyeʔ ~ -piʔyeʔ"@crt	<http://ids.clld.org/values/15-410-304-1>		<http://ids.clld.org/parameters/15-410>		<http://ids.clld.org/values/15-410-264-1>		"xema"@cuj	
"-peʔyeʔ ~ -piʔyeʔ"@crt	<http://ids.clld.org/values/15-410-304-1>		<http://ids.clld.org/parameters/15-410>		<http://ids.clld.org/values/15-410-264-3>		"yixnakota"@cuj	
"-kiyes ~ siyes"@crt	<http://ids.clld.org/values/2-480-304-1>		<http://ids.clld.org/parameters/2-480>		<http://ids.clld.org/values/2-480-264-1>		"mekahyi"@cuj	
"-xlam ~ -xlyem"@crt	<http://ids.clld.org/values/4-660-304-1>		<http://ids.clld.org/parameters/4-660>		<http://ids.clld.org/values/4-660-264-1>		"hička-ta"@cuj	
"-kixso ~ -sixso (f.)"@crt	<http://ids.clld.org/values/4-858-304-1>		<http://ids.clld.org/parameters/4-858>		<http://ids.clld.org/values/4-858-264-1>		"pčo"@cuj	
"-kixso ~ -sixso (f.)"@crt	<http://ids.clld.org/values/4-858-304-1>		<http://ids.clld.org/parameters/4-858>		<http://ids.clld.org/values/4-858-264-3>		"pčo-ľe"@cuj	
"-kaxay"@crt	<http://ids.clld.org/values/11-510-304-1>		<http://ids.clld.org/parameters/11-510>		<http://ids.clld.org/values/11-510-264-1>		"poniko"@cuj	
"ay-yixsa ~ -ey-yixsa ~ -ay-c̷ixsa"@crt	<http://ids.clld.org/values/4-520-304-1>		<http://ids.clld.org/parameters/4-520>		<http://ids.clld.org/values/4-520-264-1>		"haphatata"@cuj	
"-xokinek ~ -xukinek"@crt	<http://ids.clld.org/values/18-560-304-1>		<http://ids.clld.org/parameters/18-560>		<http://ids.clld.org/values/18-560-264-1>		"[kirɨka]"@cuj	
"naxkankiʔ"@crt	<http://ids.clld.org/values/8-530-304-1>		<http://ids.clld.org/parameters/8-530>		<http://ids.clld.org/values/8-530-264-1>		"hita-ka"@cuj	
"-tʔek"@crt	<http://ids.clld.org/values/2-460-304-1>		<http://ids.clld.org/parameters/2-460>		<http://ids.clld.org/values/2-460-264-1>		"hatʸi-rɨ"@cuj	
"-yeyiʔ"@crt	<http://ids.clld.org/values/5-150-304-1>		<http://ids.clld.org/parameters/5-150>		<http://ids.clld.org/values/5-150-264-1>		"honunˑahatewata"@cuj	
"-kemiʔ"@crt	<http://ids.clld.org/values/4-490-304-1>		<http://ids.clld.org/parameters/4-490>		<http://ids.clld.org/values/4-490-264-3>		"naxi"@cuj	
"-kemiʔ"@crt	<http://ids.clld.org/values/4-490-304-1>		<http://ids.clld.org/parameters/4-490>		<http://ids.clld.org/values/4-490-264-1>		"hexha-naxi"@cuj	
"-xlaxnan"@crt	<http://ids.clld.org/values/8-690-304-1>		<http://ids.clld.org/parameters/8-690>		<http://ids.clld.org/values/8-690-264-1>		"montʸita"@cuj	
"-pen-ek-tepoʔo"@crt	<http://ids.clld.org/values/5-640-304-1>		<http://ids.clld.org/parameters/5-640>		<http://ids.clld.org/values/5-640-264-1>		"čopi"@cuj	
"aluta (m.)"@crt	<http://ids.clld.org/values/3-970-304-1>		<http://ids.clld.org/parameters/3-970>		<http://ids.clld.org/values/3-970-264-1>		"kšiyo-x-rɨ"@cuj	
"fʷayokiʔ (f.)"@crt	<http://ids.clld.org/values/1-890-304-1>		<http://ids.clld.org/parameters/1-890>		<http://ids.clld.org/values/1-890-264-1>		"ksamome"@cuj	
"-oxtaleʔ (f.)"@crt	<http://ids.clld.org/values/4-440-304-1>		<http://ids.clld.org/parameters/4-440>		<http://ids.clld.org/values/4-440-264-1>		"haxi"@cuj	
"-waxaleʔ"@crt	<http://ids.clld.org/values/6-120-304-3>		<http://ids.clld.org/parameters/6-120>		<http://ids.clld.org/values/6-120-264-1>		"mka"@cuj	
"weʔla"@crt	<http://ids.clld.org/values/1-530-304-1>		<http://ids.clld.org/parameters/1-530>		<http://ids.clld.org/values/1-530-264-1>		"ksɨ-rɨ"@cuj	
"-eyin ~ -iyin ~ -wayin"@crt	<http://ids.clld.org/values/4-720-304-1>		<http://ids.clld.org/parameters/4-720>		<http://ids.clld.org/values/4-720-264-1>		"hišpaka"@cuj	
"kyooy"@crt	<http://ids.clld.org/values/8-910-304-3>		<http://ids.clld.org/parameters/8-910>		<http://ids.clld.org/values/8-910-264-1>		"xipa-ľɨ"@cuj	
"-kalaʔ ~ -kyala (m.)"@crt	<http://ids.clld.org/values/4-370-304-1>		<http://ids.clld.org/parameters/4-370>		<http://ids.clld.org/values/4-370-264-1>		"xitʸi"@cuj	
"la woli-yeʔ"@crt	<http://ids.clld.org/values/4-930-304-1>		<http://ids.clld.org/parameters/4-930>		<http://ids.clld.org/values/4-930-264-1>		"hopoľha"@cuj	
"kyol"@crt	<http://ids.clld.org/values/3-930-304-1>		<http://ids.clld.org/parameters/3-930>		<http://ids.clld.org/values/3-930-264-1>		"c̷ec̷e"@cuj	
"-akyonates ~ -ekyonates (f.)"@crt	<http://ids.clld.org/values/4-463-304-1>		<http://ids.clld.org/parameters/4-463>		<http://ids.clld.org/values/4-463-264-3>		"ywaľitʸa"@cuj	
"-akyonates ~ -ekyonates (f.)"@crt	<http://ids.clld.org/values/4-463-304-1>		<http://ids.clld.org/parameters/4-463>		<http://ids.clld.org/values/4-463-264-1>		"moto"@cuj	
"-kyeyi ~ -syeyi"@crt	<http://ids.clld.org/values/4-190-304-1>		<http://ids.clld.org/parameters/4-190>		<http://ids.clld.org/values/4-190-264-1>		"tʸi"@cuj	
"-fʷenyuk ~ -fʷinyuk (f.)"@crt	<http://ids.clld.org/values/6-411-304-1>		<http://ids.clld.org/parameters/6-411>		<http://ids.clld.org/values/6-411-264-1>		"[pončo]"@cuj	
"axnawoʔ"@crt	<http://ids.clld.org/values/22-450-304-1>		<http://ids.clld.org/parameters/22-450>		<http://ids.clld.org/values/22-450-264-1>		"samenɨ"@cuj	
"-peluk ~ -piluk (m.)"@crt	<http://ids.clld.org/values/1-630-304-1>		<http://ids.clld.org/parameters/1-630>		<http://ids.clld.org/values/1-630-264-1>		"mayawľɨ"@cuj	
"-peluk ~ -piluk (m.)"@crt	<http://ids.clld.org/values/1-630-304-1>		<http://ids.clld.org/parameters/1-630>		<http://ids.clld.org/values/1-630-264-3>		"čikľe"@cuj	
"xe-es"@crt	<http://ids.clld.org/values/4-840-304-1>		<http://ids.clld.org/parameters/4-840>		<http://ids.clld.org/values/4-840-264-1>		"kapo-haľɨ"@cuj	
"xe-es"@crt	<http://ids.clld.org/values/4-840-304-1>		<http://ids.clld.org/parameters/4-840>		<http://ids.clld.org/values/4-840-264-3>		"poha"@cuj	
"-nayianaxtiʔ ~ -nyeyianaxtiʔ"@crt	<http://ids.clld.org/values/4-690-304-1>		<http://ids.clld.org/parameters/4-690>		<http://ids.clld.org/values/4-690-264-1>		"kata"@cuj	
"-nayianaxtiʔ ~ -nyeyianaxtiʔ"@crt	<http://ids.clld.org/values/4-690-304-1>		<http://ids.clld.org/parameters/4-690>		<http://ids.clld.org/values/4-690-264-3>		"kawa"@cuj	
"axnat-ic̷empe"@crt	<http://ids.clld.org/values/3-980-304-1>		<http://ids.clld.org/parameters/3-980>		<http://ids.clld.org/values/3-980-264-3>		"sɨprɨ"@cuj	
"axnat-ic̷empe"@crt	<http://ids.clld.org/values/3-980-304-1>		<http://ids.clld.org/parameters/3-980>		<http://ids.clld.org/values/3-980-264-1>		"čkipɨ"@cuj	
"inye-was"@crt	<http://ids.clld.org/values/2-250-304-1>		<http://ids.clld.org/parameters/2-250>		<http://ids.clld.org/values/2-250-264-1>		"hexha"@cuj	
"sipop"@crt	<http://ids.clld.org/values/3-594-304-3>		<http://ids.clld.org/parameters/3-594>		<http://ids.clld.org/values/3-594-264-1>		"kamowa"@cuj	
"-pan ~ -pyen"@crt	<http://ids.clld.org/values/10-350-304-1>		<http://ids.clld.org/parameters/10-350>		<http://ids.clld.org/values/10-350-264-1>		"ha-noha-ta"@cuj	
"am"@crt	<http://ids.clld.org/values/2-920-304-1>		<http://ids.clld.org/parameters/2-920>		<http://ids.clld.org/values/2-920-264-3>		"p-"@cuj	
"am"@crt	<http://ids.clld.org/values/2-920-304-1>		<http://ids.clld.org/parameters/2-920>		<http://ids.clld.org/values/2-920-264-5>		"pɨ-"@cuj	
"am"@crt	<http://ids.clld.org/values/2-920-304-1>		<http://ids.clld.org/parameters/2-920>		<http://ids.clld.org/values/2-920-264-1>		"pitʸa"@cuj	
"-yel (f.)"@crt	<http://ids.clld.org/values/1-710-304-1>		<http://ids.clld.org/parameters/1-710>		<http://ids.clld.org/values/1-710-264-1>		"kawľerɨ"@cuj	
"-kyes"@crt	<http://ids.clld.org/values/4-180-304-1>		<http://ids.clld.org/parameters/4-180>		<http://ids.clld.org/values/4-180-264-1>		"nši"@cuj	
"kyoyetiʔ ~ kyoxyetiʔ"@crt	<http://ids.clld.org/values/15-810-304-1>		<http://ids.clld.org/parameters/15-810>		<http://ids.clld.org/values/15-810-264-1>		"hi-no-ľɨ"@cuj	
"-sapaʔ"@crt	<http://ids.clld.org/values/4-280-304-1>		<http://ids.clld.org/parameters/4-280>		<http://ids.clld.org/values/4-280-264-1>		"noxi"@cuj	
"-syen"@crt	<http://ids.clld.org/values/5-610-304-1>		<http://ids.clld.org/parameters/5-610>		<http://ids.clld.org/values/5-610-264-1>		"nikči-hitɨ"@cuj	
"ano (f.)"@crt	<http://ids.clld.org/values/4-790-304-1>		<http://ids.clld.org/parameters/4-790>		<http://ids.clld.org/values/4-790-264-1>		"yomľe"@cuj	
"xupay"@crt	<http://ids.clld.org/values/8-510-304-1>		<http://ids.clld.org/parameters/8-510>		<http://ids.clld.org/values/8-510-264-3>		"kac̷-ľɨ"@cuj	
"xupay"@crt	<http://ids.clld.org/values/8-510-304-1>		<http://ids.clld.org/parameters/8-510>		<http://ids.clld.org/values/8-510-264-1>		"pekľo"@cuj	
"-naʔ ~ -nye (m.)"@crt	<http://ids.clld.org/values/2-350-304-1>		<http://ids.clld.org/parameters/2-350>		<http://ids.clld.org/values/2-350-264-1>		"hi-rɨ"@cuj	
"-naʔ ~ -nye (m.)"@crt	<http://ids.clld.org/values/2-350-304-1>		<http://ids.clld.org/parameters/2-350>		<http://ids.clld.org/values/2-350-264-3>		"pa-tɨ"@cuj	
"alexyenakiʔ"@crt	<http://ids.clld.org/values/3-760-304-1>		<http://ids.clld.org/parameters/3-760>		<http://ids.clld.org/values/3-760-264-1>		"čko-tɨ"@cuj	
"-kyes-kina"@crt	<http://ids.clld.org/values/4-180-304-5>		<http://ids.clld.org/parameters/4-180>		<http://ids.clld.org/values/4-180-264-1>		"nši"@cuj	
"-fʷikiʔ (f.)"@crt	<http://ids.clld.org/values/4-380-304-1>		<http://ids.clld.org/parameters/4-380>		<http://ids.clld.org/values/4-380-264-1>		"xitʸi-xi"@cuj	
"tetik"@crt	<http://ids.clld.org/values/5-330-304-1>		<http://ids.clld.org/parameters/5-330>		<http://ids.clld.org/values/5-330-264-1>		"koľpe-to"@cuj	
"-kʔyokiʔ"@crt	<http://ids.clld.org/values/4-462-304-1>		<http://ids.clld.org/parameters/4-462>		<http://ids.clld.org/values/4-462-264-1>		"pčixi"@cuj	
"kyale-ki"@crt	<http://ids.clld.org/values/2-270-304-3>		<http://ids.clld.org/parameters/2-270>		<http://ids.clld.org/values/2-270-264-1>		"whene ~ wɨhene"@cuj	
"kilesina"@crt	<http://ids.clld.org/values/18-740-304-1>		<http://ids.clld.org/parameters/18-740>		<http://ids.clld.org/values/18-740-264-3>		"škikixi"@cuj	
"kilesina"@crt	<http://ids.clld.org/values/18-740-304-1>		<http://ids.clld.org/parameters/18-740>		<http://ids.clld.org/values/18-740-264-1>		"šakapaxi"@cuj	
"-nawayetiʔ ~ -nyewayetiʔ"@crt	<http://ids.clld.org/values/5-220-304-1>		<http://ids.clld.org/parameters/5-220>		<http://ids.clld.org/values/5-220-264-3>		"hixpaxpata"@cuj	
"-nawayetiʔ ~ -nyewayetiʔ"@crt	<http://ids.clld.org/values/5-220-304-1>		<http://ids.clld.org/parameters/5-220>		<http://ids.clld.org/values/5-220-264-1>		"ximľeka"@cuj	
"kala xe-es"@crt	<http://ids.clld.org/values/10-451-304-1>		<http://ids.clld.org/parameters/10-451>		<http://ids.clld.org/values/10-451-264-1>		"mayapetɨta"@cuj	
"wesisitok (f.)"@crt	<http://ids.clld.org/values/3-840-304-1>		<http://ids.clld.org/parameters/3-840>		<http://ids.clld.org/values/3-840-264-1>		"c̷omi"@cuj	
"inyoʔ (m.)"@crt	<http://ids.clld.org/values/19-210-304-1>		<http://ids.clld.org/parameters/19-210>		<http://ids.clld.org/values/19-210-264-1>		"yine"@cuj	
"-kyunexen ~ syunexen"@crt	<http://ids.clld.org/values/4-550-304-1>		<http://ids.clld.org/parameters/4-550>		<http://ids.clld.org/values/4-550-264-1>		"hinkoka"@cuj	
"-kimiʔ ~ -simiʔ"@crt	<http://ids.clld.org/values/6-921-304-1>		<http://ids.clld.org/parameters/6-921>		<http://ids.clld.org/values/6-921-264-1>		"kamapita"@cuj	
"yoweʔ"@crt	<http://ids.clld.org/values/5-123-304-1>		<http://ids.clld.org/parameters/5-123>		<http://ids.clld.org/values/5-123-264-1>		"sero"@cuj	
"ot es"@crt	<http://ids.clld.org/values/9-640-304-1>		<http://ids.clld.org/parameters/9-640>		<http://ids.clld.org/values/9-640-264-1>		"kori"@cuj	
"-siʔ (m.)"@crt	<http://ids.clld.org/values/19-160-304-1>		<http://ids.clld.org/parameters/19-160>		<http://ids.clld.org/values/19-160-264-1>		"poko"@cuj	
"-kyuʔ (f.)"@crt	<http://ids.clld.org/values/4-170-304-1>		<http://ids.clld.org/parameters/4-170>		<http://ids.clld.org/values/4-170-264-1>		"hwa"@cuj	
"ayinye"@crt	<http://ids.clld.org/values/2-210-304-1>		<http://ids.clld.org/parameters/2-210>		<http://ids.clld.org/values/2-210-264-1>		"xexi"@cuj	
"axnat (f.)"@crt	<http://ids.clld.org/values/1-210-304-1>		<http://ids.clld.org/parameters/1-210>		<http://ids.clld.org/values/1-210-264-1>		"čixi"@cuj	
"kixlami (m.)"@crt	<http://ids.clld.org/values/15-440-304-1>		<http://ids.clld.org/parameters/15-440>		<http://ids.clld.org/values/15-440-264-1>		"hima"@cuj	
"tʔatosey (f.)"@crt	<http://ids.clld.org/values/3-816-304-1>		<http://ids.clld.org/parameters/3-816>		<http://ids.clld.org/values/3-816-264-1>		"kačipkočirotero"@cuj	
"-xaneʔ ~ -xene"@crt	<http://ids.clld.org/values/17-170-304-1>		<http://ids.clld.org/parameters/17-170>		<http://ids.clld.org/values/17-170-264-1>		"himata"@cuj	
"-kante-k"@crt	<http://ids.clld.org/values/2-610-304-1>		<http://ids.clld.org/parameters/2-610>		<http://ids.clld.org/values/2-610-264-1>		"himatʸirɨ"@cuj	
"-fʷeles"@crt	<http://ids.clld.org/values/2-640-304-1>		<http://ids.clld.org/parameters/2-640>		<http://ids.clld.org/values/2-640-264-1>		"mekanɨnro"@cuj	
"-tate-tax (f.)"@crt	<http://ids.clld.org/values/4-213-304-1>		<http://ids.clld.org/parameters/4-213>		<http://ids.clld.org/values/4-213-264-1>		"mta-ha"@cuj	
"-satyuʔ"@crt	<http://ids.clld.org/values/1-324-304-1>		<http://ids.clld.org/parameters/1-324>		<http://ids.clld.org/values/1-324-264-1>		"soľi"@cuj	
"naxkap (f.)"@crt	<http://ids.clld.org/values/14-730-304-1>		<http://ids.clld.org/parameters/14-730>		<http://ids.clld.org/values/14-730-264-1>		"waľapɨ"@cuj	
"-xnatiyey ~ -xnyetiyey"@crt	<http://ids.clld.org/values/4-232-304-1>		<http://ids.clld.org/parameters/4-232>		<http://ids.clld.org/values/4-232-264-1>		"sro"@cuj	
"-skiʔ ~ -tiskiʔ"@crt	<http://ids.clld.org/values/16-250-304-1>		<http://ids.clld.org/parameters/16-250>		<http://ids.clld.org/values/16-250-264-1>		"hic̷oľhiwata"@cuj	
"anat-isawompe"@crt	<http://ids.clld.org/values/1-350-304-1>		<http://ids.clld.org/parameters/1-350>		<http://ids.clld.org/values/1-350-264-1>		"špɨrha"@cuj	
"naxe"@crt	<http://ids.clld.org/values/1-380-304-1>		<http://ids.clld.org/parameters/1-380>		<http://ids.clld.org/values/1-380-264-1>		"hihawakľe"@cuj	
"-fʷeyeʔ ~ -fʷiyeʔ"@crt	<http://ids.clld.org/values/10-370-304-1>		<http://ids.clld.org/parameters/10-370>		<http://ids.clld.org/values/10-370-264-1>		"haľna"@cuj	
"wonaʔ"@crt	<http://ids.clld.org/values/3-823-304-1>		<http://ids.clld.org/parameters/3-823>		<http://ids.clld.org/values/3-823-264-1>		"sanɨ"@cuj	
"isat"@crt	<http://ids.clld.org/values/1-214-304-1>		<http://ids.clld.org/parameters/1-214>		<http://ids.clld.org/values/1-214-264-3>		"xpa"@cuj	
"isat"@crt	<http://ids.clld.org/values/1-214-304-1>		<http://ids.clld.org/parameters/1-214>		<http://ids.clld.org/values/1-214-264-1>		"kaxpa"@cuj	
"s-am"@crt	<http://ids.clld.org/values/2-940-304-1>		<http://ids.clld.org/parameters/2-940>		<http://ids.clld.org/values/2-940-264-3>		"ha-"@cuj	
"s-am"@crt	<http://ids.clld.org/values/2-940-304-1>		<http://ids.clld.org/parameters/2-940>		<http://ids.clld.org/values/2-940-264-1>		"witʸa"@cuj	
"anat"@crt	<http://ids.clld.org/values/1-310-304-1>		<http://ids.clld.org/parameters/1-310>		<http://ids.clld.org/values/1-310-264-1>		"ha"@cuj	
"anat"@crt	<http://ids.clld.org/values/1-310-304-1>		<http://ids.clld.org/parameters/1-310>		<http://ids.clld.org/values/1-310-264-3>		"honɨ"@cuj	
"-le ~ -li"@crt	<http://ids.clld.org/values/9-360-304-1>		<http://ids.clld.org/parameters/9-360>		<http://ids.clld.org/values/9-360-264-3>		"hero-ta"@cuj	
"-le ~ -li"@crt	<http://ids.clld.org/values/9-360-304-1>		<http://ids.clld.org/parameters/9-360>		<http://ids.clld.org/values/9-360-264-1>		"herka"@cuj	
"-kakaxlot (f.)"@crt	<http://ids.clld.org/values/20-640-304-1>		<http://ids.clld.org/parameters/20-640>		<http://ids.clld.org/values/20-640-264-1>		"hic̷ekľɨ"@cuj	
"kaayenta"@crt	<http://ids.clld.org/values/16-440-304-1>		<http://ids.clld.org/parameters/16-440>		<http://ids.clld.org/values/16-440-264-3>		"hokči"@cuj	
"kaayenta"@crt	<http://ids.clld.org/values/16-440-304-1>		<http://ids.clld.org/parameters/16-440>		<http://ids.clld.org/values/16-440-264-1>		"hoktata"@cuj	
"safʷeʔ ~ -syefʷeʔ (m.)"@crt	<http://ids.clld.org/values/5-380-304-1>		<http://ids.clld.org/parameters/5-380>		<http://ids.clld.org/values/5-380-264-1>		"wa-ta"@cuj	
"y-em"@crt	<http://ids.clld.org/values/2-910-304-1>		<http://ids.clld.org/parameters/2-910>		<http://ids.clld.org/values/2-910-264-1>		"hita"@cuj	
"y-em"@crt	<http://ids.clld.org/values/2-910-304-1>		<http://ids.clld.org/parameters/2-910>		<http://ids.clld.org/values/2-910-264-3>		"-no"@cuj	
"-kyoteʔ ~ -c̷yoteʔ ~ -yoteʔ (f.)"@crt	<http://ids.clld.org/values/4-220-304-1>		<http://ids.clld.org/parameters/4-220>		<http://ids.clld.org/values/4-220-264-3>		"xepi"@cuj	
"-kyoteʔ ~ -c̷yoteʔ ~ -yoteʔ (f.)"@crt	<http://ids.clld.org/values/4-220-304-1>		<http://ids.clld.org/parameters/4-220>		<http://ids.clld.org/values/4-220-264-1>		"xnako"@cuj	
"kaytyos"@crt	<http://ids.clld.org/values/5-860-304-1>		<http://ids.clld.org/parameters/5-860>		<http://ids.clld.org/values/5-860-264-1>		"t-nɨ-ha"@cuj	
"-fʷam"@crt	<http://ids.clld.org/values/9-160-304-3>		<http://ids.clld.org/parameters/9-160>		<http://ids.clld.org/values/9-160-264-1>		"hišrika"@cuj	
"kyustax (m.)"@crt	<http://ids.clld.org/values/3-596-304-1>		<http://ids.clld.org/parameters/3-596>		<http://ids.clld.org/values/3-596-264-3>		"mosa"@cuj	
"kyustax (m.)"@crt	<http://ids.clld.org/values/3-596-304-1>		<http://ids.clld.org/parameters/3-596>		<http://ids.clld.org/values/3-596-264-1>		"hnono"@cuj	
"-soon ~ -syoon"@crt	<http://ids.clld.org/values/16-270-304-1>		<http://ids.clld.org/parameters/16-270>		<http://ids.clld.org/values/16-270-264-3>		"hišinika"@cuj	
"-soon ~ -syoon"@crt	<http://ids.clld.org/values/16-270-304-1>		<http://ids.clld.org/parameters/16-270>		<http://ids.clld.org/values/16-270-264-1>		"haľɨka"@cuj	
"xa-apetyofʷiʔ"@crt	<http://ids.clld.org/values/12-680-304-1>		<http://ids.clld.org/parameters/12-680>		<http://ids.clld.org/values/12-680-264-1>		"merpi"@cuj	
"-kaanyel"@crt	<http://ids.clld.org/values/19-230-304-1>		<http://ids.clld.org/parameters/19-230>		<http://ids.clld.org/values/19-230-264-1>		"nerɨ"@cuj	
"-xnatowo-tyowe"@crt	<http://ids.clld.org/values/4-231-304-1>		<http://ids.clld.org/parameters/4-231>		<http://ids.clld.org/values/4-231-264-1>		"xri-pna"@cuj	
"-lex ~ -lix (m.)"@crt	<http://ids.clld.org/values/18-240-304-1>		<http://ids.clld.org/parameters/18-240>		<http://ids.clld.org/values/18-240-264-1>		"tokanɨ"@cuj	
"-c̷at ~ -c̷yet"@crt	<http://ids.clld.org/values/15-830-304-1>		<http://ids.clld.org/parameters/15-830>		<http://ids.clld.org/values/15-830-264-3>		"kha"@cuj	
"-c̷at ~ -c̷yet"@crt	<http://ids.clld.org/values/15-830-304-1>		<http://ids.clld.org/parameters/15-830>		<http://ids.clld.org/values/15-830-264-1>		"hi-ha-ka"@cuj	
"-sapa-kiʔ"@crt	<http://ids.clld.org/values/4-290-304-3>		<http://ids.clld.org/parameters/4-290>		<http://ids.clld.org/values/4-290-264-1>		"pľa"@cuj	
"ay ~ -ey (f.)"@crt	<http://ids.clld.org/values/4-240-304-1>		<http://ids.clld.org/parameters/4-240>		<http://ids.clld.org/values/4-240-264-1>		"nama"@cuj	
"intak"@crt	<http://ids.clld.org/values/13-20-304-1>		<http://ids.clld.org/parameters/13-20>		<http://ids.clld.org/values/13-20-264-1>		"hepi"@cuj	
"-tone ~ -tyone"@crt	<http://ids.clld.org/values/9-330-304-1>		<http://ids.clld.org/parameters/9-330>		<http://ids.clld.org/values/9-330-264-1>		"kose-ta"@cuj	
"eyeʔ"@crt	<http://ids.clld.org/values/3-832-304-3>		<http://ids.clld.org/parameters/3-832>		<http://ids.clld.org/values/3-832-264-1>		"hahyo"@cuj	
"-talkyun-aye"@crt	<http://ids.clld.org/values/17-110-304-1>		<http://ids.clld.org/parameters/17-110>		<http://ids.clld.org/values/17-110-264-1>		"nšinikanɨ"@cuj	
"-xyeʔ (f.)"@crt	<http://ids.clld.org/values/2-820-304-1>		<http://ids.clld.org/parameters/2-820>		<http://ids.clld.org/values/2-820-264-1>		"moľe"@cuj	
"-xyeʔ (f.)"@crt	<http://ids.clld.org/values/2-820-304-1>		<http://ids.clld.org/parameters/2-820>		<http://ids.clld.org/values/2-820-264-3>		"moľe-ta"@cuj	
"xe yoweʔ"@crt	<http://ids.clld.org/values/5-122-304-1>		<http://ids.clld.org/parameters/5-122>		<http://ids.clld.org/values/5-122-264-1>		"herotɨ"@cuj	
"-kosletiki -eteyin ~ -teteyin"@crt	<http://ids.clld.org/values/10-412-304-1>		<http://ids.clld.org/parameters/10-412>		<http://ids.clld.org/values/10-412-264-1>		"yopc̷oxita"@cuj	
"-peʔ"@crt	<http://ids.clld.org/values/5-791-304-1>		<http://ids.clld.org/parameters/5-791>		<http://ids.clld.org/values/5-791-264-1>		"nhi-či"@cuj	
"-kini ~ -c̷ini ~ -ini"@crt	<http://ids.clld.org/values/2-445-304-1>		<http://ids.clld.org/parameters/2-445>		<http://ids.clld.org/values/2-445-264-1>		"hepɨ-rɨ"@cuj	
"tax"@crt	<http://ids.clld.org/values/3-655-304-1>		<http://ids.clld.org/parameters/3-655>		<http://ids.clld.org/values/3-655-264-1>		"hopawo"@cuj	
"lawo (m.)"@crt	<http://ids.clld.org/values/8-570-304-1>		<http://ids.clld.org/parameters/8-570>		<http://ids.clld.org/values/8-570-264-1>		"hwɨ ~ howɨ"@cuj	
"ixlyeʔ"@crt	<http://ids.clld.org/values/3-811-304-1>		<http://ids.clld.org/parameters/3-811>		<http://ids.clld.org/values/3-811-264-3>		"šep-či"@cuj	
"ixlyeʔ"@crt	<http://ids.clld.org/values/3-811-304-1>		<http://ids.clld.org/parameters/3-811>		<http://ids.clld.org/values/3-811-264-1>		"xepa"@cuj	
"-nakat ~ -nyakat"@crt	<http://ids.clld.org/values/4-612-304-1>		<http://ids.clld.org/parameters/4-612>		<http://ids.clld.org/values/4-612-264-1>		"po-hi-me-wa-xri-pna-ta"@cuj	
"-tokyoʔ ~ -tyokyoʔ (m.)"@crt	<http://ids.clld.org/values/4-204-304-1>		<http://ids.clld.org/parameters/4-204>		<http://ids.clld.org/values/4-204-264-1>		"hoxi"@cuj	
"-ol ~ -tol ~ -ul"@crt	<http://ids.clld.org/values/4-650-304-1>		<http://ids.clld.org/parameters/4-650>		<http://ids.clld.org/values/4-650-264-1>		"c̷ɨna-ka"@cuj	
"takina"@crt	<http://ids.clld.org/values/12-353-304-1>		<http://ids.clld.org/parameters/12-353>		<http://ids.clld.org/values/12-353-264-1>		"spɨ ~ špɨ"@cuj	
"-al ~ -el"@crt	<http://ids.clld.org/values/4-750-304-1>		<http://ids.clld.org/parameters/4-750>		<http://ids.clld.org/values/4-750-264-1>		"hi-pna"@cuj	
"-al ~ -el"@crt	<http://ids.clld.org/values/4-750-304-1>		<http://ids.clld.org/parameters/4-750>		<http://ids.clld.org/values/4-750-264-3>		"hipɨka"@cuj	
"-c̷em-c̷emiyeen"@crt	<http://ids.clld.org/values/4-215-304-1>		<http://ids.clld.org/parameters/4-215>		<http://ids.clld.org/values/4-215-264-1>		"hixpɨka"@cuj	
"napa"@crt	<http://ids.clld.org/values/17-660-304-1>		<http://ids.clld.org/parameters/17-660>		<http://ids.clld.org/values/17-660-264-1>		"hinaka"@cuj	
"-weʔlak ~ -wilak (m.)"@crt	<http://ids.clld.org/values/4-160-304-1>		<http://ids.clld.org/parameters/4-160>		<http://ids.clld.org/values/4-160-264-1>		"ha-pɨ"@cuj	
"-xoxpat ~ -oxpat"@crt	<http://ids.clld.org/values/1-880-304-1>		<http://ids.clld.org/parameters/1-880>		<http://ids.clld.org/values/1-880-264-1>		"čiči"@cuj	
"-xoxpat ~ -oxpat"@crt	<http://ids.clld.org/values/1-880-304-1>		<http://ids.clld.org/parameters/1-880>		<http://ids.clld.org/values/1-880-264-3>		"hičima"@cuj	
"xeyoyam"@crt	<http://ids.clld.org/values/4-850-304-1>		<http://ids.clld.org/parameters/4-850>		<http://ids.clld.org/values/4-850-264-3>		"poc̷re"@cuj	
"xeyoyam"@crt	<http://ids.clld.org/values/4-850-304-1>		<http://ids.clld.org/parameters/4-850>		<http://ids.clld.org/values/4-850-264-1>		"tre"@cuj	
"exeyeʔ (f.)"@crt	<http://ids.clld.org/values/3-591-304-1>		<http://ids.clld.org/parameters/3-591>		<http://ids.clld.org/values/3-591-264-1>		"šyo"@cuj	
"-wetpeylusen ~ -witpeylusen"@crt	<http://ids.clld.org/values/16-390-304-1>		<http://ids.clld.org/parameters/16-390>		<http://ids.clld.org/values/16-390-264-1>		"hočhita"@cuj	
"-kaxlek ~ -kyaxlek (m.)"@crt	<http://ids.clld.org/values/4-450-304-1>		<http://ids.clld.org/parameters/4-450>		<http://ids.clld.org/values/4-450-264-1>		"ho-pna"@cuj	
"paxyi (?)"@crt	<http://ids.clld.org/values/15-380-304-1>		<http://ids.clld.org/parameters/15-380>		<http://ids.clld.org/values/15-380-264-3>		"kač-ha"@cuj	
"paxyi (?)"@crt	<http://ids.clld.org/values/15-380-304-1>		<http://ids.clld.org/parameters/15-380>		<http://ids.clld.org/values/15-380-264-1>		"kačo"@cuj	
"oka"@crt	<http://ids.clld.org/values/4-580-304-1>		<http://ids.clld.org/parameters/4-580>		<http://ids.clld.org/values/4-580-264-1>		"haškaka"@cuj	
"oka"@crt	<http://ids.clld.org/values/4-580-304-1>		<http://ids.clld.org/parameters/4-580>		<http://ids.clld.org/values/4-580-264-3>		"-ta"@cuj	
"anat-iwet"@crt	<http://ids.clld.org/values/8-170-304-1>		<http://ids.clld.org/parameters/8-170>		<http://ids.clld.org/values/8-170-264-1>		"tľapa"@cuj	
"-katelan"@crt	<http://ids.clld.org/values/6-350-304-3>		<http://ids.clld.org/parameters/6-350>		<http://ids.clld.org/values/6-350-264-1>		"yo-c̷-ha"@cuj	
"ap"@crt	<http://ids.clld.org/values/16-370-304-1>		<http://ids.clld.org/parameters/16-370>		<http://ids.clld.org/values/16-370-264-3>		"sapľe"@cuj	
"ap"@crt	<http://ids.clld.org/values/16-370-304-1>		<http://ids.clld.org/parameters/16-370>		<http://ids.clld.org/values/16-370-264-1>		"čiyaha-ta"@cuj	
"-silyene"@crt	<http://ids.clld.org/values/9-110-304-1>		<http://ids.clld.org/parameters/9-110>		<http://ids.clld.org/values/9-110-264-1>		"kam-rɨ-ta"@cuj	
"et"@crt	<http://ids.clld.org/values/2-360-304-1>		<http://ids.clld.org/parameters/2-360>		<http://ids.clld.org/values/2-360-264-3>		"hin-ro"@cuj	
"et"@crt	<http://ids.clld.org/values/2-360-304-1>		<http://ids.clld.org/parameters/2-360>		<http://ids.clld.org/values/2-360-264-1>		"nato"@cuj	
"poleʔ"@crt	<http://ids.clld.org/values/1-510-304-1>		<http://ids.clld.org/parameters/1-510>		<http://ids.clld.org/values/1-510-264-1>		"teno"@cuj	
"poleʔ"@crt	<http://ids.clld.org/values/1-510-304-1>		<http://ids.clld.org/parameters/1-510>		<http://ids.clld.org/values/1-510-264-3>		"tenhohne"@cuj	
"-elkaan ~ -ilkaan"@crt	<http://ids.clld.org/values/4-751-304-1>		<http://ids.clld.org/parameters/4-751>		<http://ids.clld.org/values/4-751-264-1>		"hahyeka"@cuj	
"xelox"@crt	<http://ids.clld.org/values/12-560-304-3>		<http://ids.clld.org/parameters/12-560>		<http://ids.clld.org/values/12-560-264-1>		"mtɨ-rɨ"@cuj	
"ofʷoʔ"@crt	<http://ids.clld.org/values/3-594-304-1>		<http://ids.clld.org/parameters/3-594>		<http://ids.clld.org/values/3-594-264-1>		"kamowa"@cuj	
"-kyey-xi-weʔlak"@crt	<http://ids.clld.org/values/4-191-304-1>		<http://ids.clld.org/parameters/4-191>		<http://ids.clld.org/values/4-191-264-1>		"hayixi"@cuj	
"-koxin ~ -kyuxin"@crt	<http://ids.clld.org/values/4-570-304-1>		<http://ids.clld.org/parameters/4-570>		<http://ids.clld.org/values/4-570-264-1>		"hapľita"@cuj	
"-wuyiwey ~ -yuyiwey"@crt	<http://ids.clld.org/values/10-380-304-1>		<http://ids.clld.org/parameters/10-380>		<http://ids.clld.org/values/10-380-264-1>		"haxpoka"@cuj	
"lal"@crt	<http://ids.clld.org/values/1-610-304-1>		<http://ids.clld.org/parameters/1-610>		<http://ids.clld.org/values/1-610-264-1>		"po-kamľa-ľɨ"@cuj	
"-kyuʔ (f.)"@crt	<http://ids.clld.org/values/18-730-304-1>		<http://ids.clld.org/parameters/18-730>		<http://ids.clld.org/values/18-730-264-1>		"kowi"@cuj	
"olaxa"@crt	<http://ids.clld.org/values/3-594-304-5>		<http://ids.clld.org/parameters/3-594>		<http://ids.clld.org/values/3-594-264-1>		"kamowa"@cuj	
"alaʔ"@crt	<http://ids.clld.org/values/1-430-304-1>		<http://ids.clld.org/parameters/1-430>		<http://ids.clld.org/values/1-430-264-1>		"hah-mɨna"@cuj	
"alaʔ"@crt	<http://ids.clld.org/values/1-430-304-1>		<http://ids.clld.org/parameters/1-430>		<http://ids.clld.org/values/1-430-264-3>		"mɨna"@cuj	
"-ski-yin ~ -tiski-yin"@crt	<http://ids.clld.org/values/16-251-304-1>		<http://ids.clld.org/parameters/16-251>		<http://ids.clld.org/values/16-251-264-1>		"hašyaka"@cuj	
"lamak (m.)"@crt	<http://ids.clld.org/values/1-213-304-1>		<http://ids.clld.org/parameters/1-213>		<http://ids.clld.org/values/1-213-264-1>		"pahi"@cuj	
"-katokiʔ ~ -kyatokiʔ (f.)"@crt	<http://ids.clld.org/values/4-320-304-1>		<http://ids.clld.org/parameters/4-320>		<http://ids.clld.org/values/4-320-264-1>		"c̷oxere"@cuj	
"ipyek (m.)"@crt	<http://ids.clld.org/values/8-470-304-1>		<http://ids.clld.org/parameters/8-470>		<http://ids.clld.org/values/8-470-264-1>		"šixi"@cuj	
"-we-kyaloʔ ~ -wi-kyaloʔ"@crt	<http://ids.clld.org/values/4-464-304-1>		<http://ids.clld.org/parameters/4-464>		<http://ids.clld.org/values/4-464-264-1>		"srɨ"@cuj	
"xnatisyem ~ xnyetisyem"@crt	<http://ids.clld.org/values/4-540-304-1>		<http://ids.clld.org/parameters/4-540>		<http://ids.clld.org/values/4-540-264-1>		"hečhota"@cuj	
"-yen"@crt	<http://ids.clld.org/values/15-520-304-1>		<http://ids.clld.org/parameters/15-520>		<http://ids.clld.org/values/15-520-264-1>		"heta"@cuj	
"-xetek-xi-weʔlak"@crt	<http://ids.clld.org/values/4-202-304-1>		<http://ids.clld.org/parameters/4-202>		<http://ids.clld.org/values/4-202-264-1>		"xiwɨta"@cuj	
"-taseʔ ~ -tyeseʔ"@crt	<http://ids.clld.org/values/4-214-304-1>		<http://ids.clld.org/parameters/4-214>		<http://ids.clld.org/values/4-214-264-1>		"šapta-ha"@cuj	
"-kilwaʔ ~ -c̷ilwaʔ ~ -ilwaʔ"@crt	<http://ids.clld.org/values/2-310-304-1>		<http://ids.clld.org/parameters/2-310>		<http://ids.clld.org/values/2-310-264-1>		"hanɨ-rɨ"@cuj	
"ten-pa"@crt	<http://ids.clld.org/values/17-680-304-1>		<http://ids.clld.org/parameters/17-680>		<http://ids.clld.org/values/17-680-264-1>		"katɨ"@cuj	
"iwyeʔc̷yela"@crt	<http://ids.clld.org/values/13-30-304-1>		<http://ids.clld.org/parameters/13-30>		<http://ids.clld.org/values/13-30-264-1>		"mapa"@cuj	
"xe-tuskiʔ"@crt	<http://ids.clld.org/values/4-920-304-1>		<http://ids.clld.org/parameters/4-920>		<http://ids.clld.org/values/4-920-264-1>		"merso"@cuj	
"ifʷyenni sikyoy itifʷe"@crt	<http://ids.clld.org/values/13-50-304-1>		<http://ids.clld.org/parameters/13-50>		<http://ids.clld.org/values/13-50-264-1>		"pamyo"@cuj	
"kyeexeʔ"@crt	<http://ids.clld.org/values/13-140-304-1>		<http://ids.clld.org/parameters/13-140>		<http://ids.clld.org/values/13-140-264-3>		"ptowrɨ"@cuj	
"kyeexeʔ"@crt	<http://ids.clld.org/values/13-140-304-1>		<http://ids.clld.org/parameters/13-140>		<http://ids.clld.org/values/13-140-264-1>		"pexnɨ"@cuj	
"waxale tilexeki"@crt	<http://ids.clld.org/values/6-950-304-1>		<http://ids.clld.org/parameters/6-950>		<http://ids.clld.org/values/6-950-264-1>		"[hawo]"@cuj	
"axnat-tiwesi"@crt	<http://ids.clld.org/values/1-450-304-1>		<http://ids.clld.org/parameters/1-450>		<http://ids.clld.org/values/1-450-264-1>		"hiyoľikčixrɨ"@cuj	
"-kakyeʔ ~ -kyakyeʔ"@crt	<http://ids.clld.org/values/4-880-304-1>		<http://ids.clld.org/parameters/4-880>		<http://ids.clld.org/values/4-880-264-3>		"pinrɨ"@cuj	
"-kakyeʔ ~ -kyakyeʔ"@crt	<http://ids.clld.org/values/4-880-304-1>		<http://ids.clld.org/parameters/4-880>		<http://ids.clld.org/values/4-880-264-1>		"pini-"@cuj	
"tinuk"@crt	<http://ids.clld.org/values/3-620-304-1>		<http://ids.clld.org/parameters/3-620>		<http://ids.clld.org/values/3-620-264-1>		"mišito"@cuj	
"-wayine"@crt	<http://ids.clld.org/values/12-130-304-3>		<http://ids.clld.org/parameters/12-130>		<http://ids.clld.org/values/12-130-264-1>		"tɨpľa-ta"@cuj	
"ixwo (f.)"@crt	<http://ids.clld.org/values/1-280-304-1>		<http://ids.clld.org/parameters/1-280>		<http://ids.clld.org/values/1-280-264-1>		"mahka"@cuj	
"ixwo (f.)"@crt	<http://ids.clld.org/values/1-280-304-1>		<http://ids.clld.org/parameters/1-280>		<http://ids.clld.org/values/1-280-264-3>		"kapna"@cuj	
"-xlanek ~ -xlyenek"@crt	<http://ids.clld.org/values/8-680-304-3>		<http://ids.clld.org/parameters/8-680>		<http://ids.clld.org/values/8-680-264-1>		"yiri ~ hayi-re"@cuj	
"-kanteʔ ~ -kyanteʔ"@crt	<http://ids.clld.org/values/2-620-304-1>		<http://ids.clld.org/parameters/2-620>		<http://ids.clld.org/values/2-620-264-1>		"himaxiro"@cuj	
"-tofʷiyin"@crt	<http://ids.clld.org/values/5-180-304-1>		<http://ids.clld.org/parameters/5-180>		<http://ids.clld.org/values/5-180-264-1>		"hawiyaka"@cuj	
"ala-teʔe"@crt	<http://ids.clld.org/values/8-760-304-1>		<http://ids.clld.org/parameters/8-760>		<http://ids.clld.org/values/8-760-264-1>		"kši"@cuj	
"ala-teʔe"@crt	<http://ids.clld.org/values/8-760-304-1>		<http://ids.clld.org/parameters/8-760>		<http://ids.clld.org/values/8-760-264-3>		"šikhaľɨ"@cuj	
"tˀ-ateʔ ~ -eteʔ"@crt	<http://ids.clld.org/values/4-410-304-1>		<http://ids.clld.org/parameters/4-410>		<http://ids.clld.org/values/4-410-264-1>		"sta"@cuj	
"tˀ-ateʔ ~ -eteʔ"@crt	<http://ids.clld.org/values/4-410-304-1>		<http://ids.clld.org/parameters/4-410>		<http://ids.clld.org/values/4-410-264-3>		"t-nɨ"@cuj	
"-ok"@crt	<http://ids.clld.org/values/4-492-304-1>		<http://ids.clld.org/parameters/4-492>		<http://ids.clld.org/values/4-492-264-1>		"ksɨ"@cuj	
"-ok"@crt	<http://ids.clld.org/values/4-492-304-1>		<http://ids.clld.org/parameters/4-492>		<http://ids.clld.org/values/4-492-264-3>		"sme"@cuj	
"-tokyo-c̷eʔ (m.)"@crt	<http://ids.clld.org/values/4-205-304-1>		<http://ids.clld.org/parameters/4-205>		<http://ids.clld.org/values/4-205-264-1>		"xrota"@cuj	
"lieʔ"@crt	<http://ids.clld.org/values/2-510-304-1>		<http://ids.clld.org/parameters/2-510>		<http://ids.clld.org/values/2-510-264-1>		"hikoxirɨ"@cuj	
"-kax ~ -kyax (f.)"@crt	<http://ids.clld.org/values/4-260-304-1>		<http://ids.clld.org/parameters/4-260>		<http://ids.clld.org/values/4-260-264-1>		"nnɨ"@cuj	
"-lakyen ~ -lyeken"@crt	<http://ids.clld.org/values/16-260-304-1>		<http://ids.clld.org/parameters/16-260>		<http://ids.clld.org/values/16-260-264-1>		"hapnoka-wa-ta"@cuj	
"kyoyoyiʔ"@crt	<http://ids.clld.org/values/12-810-304-1>		<http://ids.clld.org/parameters/12-810>		<http://ids.clld.org/values/12-810-264-1>		"po-pro-ľo-ľɨ"@cuj	
"lamox (m.)"@crt	<http://ids.clld.org/values/22-350-304-1>		<http://ids.clld.org/parameters/22-350>		<http://ids.clld.org/values/22-350-264-1>		"kam-či"@cuj	
"woyetaxayi"@crt	<http://ids.clld.org/values/17-172-304-1>		<http://ids.clld.org/parameters/17-172>		<http://ids.clld.org/values/17-172-264-1>		"yima"@cuj	
"-naxlineʔ"@crt	<http://ids.clld.org/values/4-990-304-1>		<http://ids.clld.org/parameters/4-990>		<http://ids.clld.org/values/4-990-264-1>		"mamkatɨ"@cuj	
"siyus"@crt	<http://ids.clld.org/values/3-650-304-1>		<http://ids.clld.org/parameters/3-650>		<http://ids.clld.org/values/3-650-264-1>		"šima"@cuj	
"-sakal ~ -syakal (f.)"@crt	<http://ids.clld.org/values/16-110-304-1>		<http://ids.clld.org/parameters/16-110>		<http://ids.clld.org/values/16-110-264-1>		"kam-či"@cuj	
"ixnyeni"@crt	<http://ids.clld.org/values/3-570-304-3>		<http://ids.clld.org/parameters/3-570>		<http://ids.clld.org/values/3-570-264-1>		"hopši"@cuj	
"fʷetis"@crt	<http://ids.clld.org/values/8-540-304-1>		<http://ids.clld.org/parameters/8-540>		<http://ids.clld.org/values/8-540-264-1>		"ko-c̷a"@cuj	
"fʷetis"@crt	<http://ids.clld.org/values/8-540-304-1>		<http://ids.clld.org/parameters/8-540>		<http://ids.clld.org/values/8-540-264-3>		"c̷ki"@cuj	
"tʔax-lane ~ tʔax-lyene"@crt	<http://ids.clld.org/values/5-460-304-1>		<http://ids.clld.org/parameters/5-460>		<http://ids.clld.org/values/5-460-264-1>		"pata"@cuj	
"etyeʔ (f.)"@crt	<http://ids.clld.org/values/1-810-304-1>		<http://ids.clld.org/parameters/1-810>		<http://ids.clld.org/values/1-810-264-1>		"yošika"@cuj	
"-lafʷaxi-sawo"@crt	<http://ids.clld.org/values/7-150-304-1>		<http://ids.clld.org/parameters/7-150>		<http://ids.clld.org/values/7-150-264-1>		"pɨtɨ"@cuj	
"naxapa"@crt	<http://ids.clld.org/values/17-670-304-3>		<http://ids.clld.org/parameters/17-670>		<http://ids.clld.org/values/17-670-264-1>		"hirɨ"@cuj	
"-kaxs"@crt	<http://ids.clld.org/values/8-550-304-1>		<http://ids.clld.org/parameters/8-550>		<http://ids.clld.org/values/8-550-264-5>		"xe"@cuj	
"-kaxs"@crt	<http://ids.clld.org/values/8-550-304-1>		<http://ids.clld.org/parameters/8-550>		<http://ids.clld.org/values/8-550-264-3>		"c̷ki"@cuj	
"-kaxs"@crt	<http://ids.clld.org/values/8-550-304-1>		<http://ids.clld.org/parameters/8-550>		<http://ids.clld.org/values/8-550-264-1>		"pľɨ"@cuj	
"kates-wux"@crt	<http://ids.clld.org/values/7-450-304-1>		<http://ids.clld.org/parameters/7-450>		<http://ids.clld.org/values/7-450-264-1>		"kataľo"@cuj	
"siwalak (f.)"@crt	<http://ids.clld.org/values/3-818-304-1>		<http://ids.clld.org/parameters/3-818>		<http://ids.clld.org/values/3-818-264-1>		"pɨthana"@cuj	
"yista (m.)"@crt	<http://ids.clld.org/values/1-640-304-1>		<http://ids.clld.org/parameters/1-640>		<http://ids.clld.org/values/1-640-264-1>		"yatsɨnɨ"@cuj	
"-woxikyewa ~ -yoxikyewa"@crt	<http://ids.clld.org/values/4-860-304-1>		<http://ids.clld.org/parameters/4-860>		<http://ids.clld.org/values/4-860-264-1>		"hic̷kaľaka"@cuj	
"-yesiki-wu"@crt	<http://ids.clld.org/values/4-342-304-1>		<http://ids.clld.org/parameters/4-342>		<http://ids.clld.org/values/4-342-264-1>		"c̷rɨxirɨ"@cuj	
"-fʷeye"@crt	<http://ids.clld.org/values/12-410-304-1>		<http://ids.clld.org/parameters/12-410>		<http://ids.clld.org/values/12-410-264-1>		"potɨkľe"@cuj	
"owneʔ ~ -towneʔ"@crt	<http://ids.clld.org/values/4-630-304-1>		<http://ids.clld.org/parameters/4-630>		<http://ids.clld.org/values/4-630-264-1>		"komyeka"@cuj	
"-xetek ~ -xitek (f.)"@crt	<http://ids.clld.org/values/4-200-304-1>		<http://ids.clld.org/parameters/4-200>		<http://ids.clld.org/values/4-200-264-1>		"xiwɨ"@cuj	
"afʷesyeyi"@crt	<http://ids.clld.org/values/1-580-304-1>		<http://ids.clld.org/parameters/1-580>		<http://ids.clld.org/values/1-580-264-1>		"yonˑiphyata"@cuj	
"-yekyun"@crt	<http://ids.clld.org/values/5-110-304-1>		<http://ids.clld.org/parameters/5-110>		<http://ids.clld.org/values/5-110-264-1>		"nika"@cuj	
"-axsenkiʔ ~ -exsenkiʔ"@crt	<http://ids.clld.org/values/2-740-304-1>		<http://ids.clld.org/parameters/2-740>		<http://ids.clld.org/values/2-740-264-1>		"kosčekyehrerɨ"@cuj	
"telena"@crt	<http://ids.clld.org/values/3-820-304-1>		<http://ids.clld.org/parameters/3-820>		<http://ids.clld.org/values/3-820-264-1>		"šišri"@cuj	
"-xnus"@crt	<http://ids.clld.org/values/13-107-304-3>		<http://ids.clld.org/parameters/13-107>		<http://ids.clld.org/values/13-107-264-1>		"yanta-ta"@cuj	
"walek (m.)"@crt	<http://ids.clld.org/values/6-240-304-1>		<http://ids.clld.org/parameters/6-240>		<http://ids.clld.org/values/6-240-264-1>		"waphɨ"@cuj	
"-fʷopo-kiʔ ~ -xyopo-kiʔ (m.)"@crt	<http://ids.clld.org/values/4-312-304-1>		<http://ids.clld.org/parameters/4-312>		<http://ids.clld.org/values/4-312-264-1>		"kxepɨ"@cuj	
"xlup (m.)"@crt	<http://ids.clld.org/values/3-580-304-1>		<http://ids.clld.org/parameters/3-580>		<http://ids.clld.org/values/3-580-264-1>		"sreta"@cuj	
"xlup (m.)"@crt	<http://ids.clld.org/values/3-580-304-1>		<http://ids.clld.org/parameters/3-580>		<http://ids.clld.org/values/3-580-264-3>		"šaľe"@cuj	
"-poy (f.)"@crt	<http://ids.clld.org/values/1-440-304-1>		<http://ids.clld.org/parameters/1-440>		<http://ids.clld.org/values/1-440-264-1>		"sotľɨ"@cuj	
"-lafʷa ~ lyefʷa"@crt	<http://ids.clld.org/values/3-110-304-1>		<http://ids.clld.org/parameters/3-110>		<http://ids.clld.org/values/3-110-264-1>		"pra"@cuj	
"-lafʷa ~ lyefʷa"@crt	<http://ids.clld.org/values/3-110-304-1>		<http://ids.clld.org/parameters/3-110>		<http://ids.clld.org/values/3-110-264-3>		"pɨra-"@cuj	
"-les"@crt	<http://ids.clld.org/values/3-950-304-1>		<http://ids.clld.org/parameters/3-950>		<http://ids.clld.org/values/3-950-264-1>		"toľo-x-rɨ"@cuj	
"-skyuxnen ~ -tiskyuxnen"@crt	<http://ids.clld.org/values/10-450-304-1>		<http://ids.clld.org/parameters/10-450>		<http://ids.clld.org/values/10-450-264-1>		"yana"@cuj	
"yafʷayiin"@crt	<http://ids.clld.org/values/8-670-304-1>		<http://ids.clld.org/parameters/8-670>		<http://ids.clld.org/values/8-670-264-3>		"haha-pi-c̷a"@cuj	
"yafʷayiin"@crt	<http://ids.clld.org/values/8-670-304-1>		<http://ids.clld.org/parameters/8-670>		<http://ids.clld.org/values/8-670-264-1>		"c̷a-pi"@cuj	
"-akyoxna ~ -ekyoxna"@crt	<http://ids.clld.org/values/4-350-304-1>		<http://ids.clld.org/parameters/4-350>		<http://ids.clld.org/values/4-350-264-3>		"tpaľi"@cuj	
"-akyoxna ~ -ekyoxna"@crt	<http://ids.clld.org/values/4-350-304-1>		<http://ids.clld.org/parameters/4-350>		<http://ids.clld.org/values/4-350-264-1>		"ksɨxe"@cuj	
"-kawilikiʔ ~ -kyawilikiʔ (f.)"@crt	<http://ids.clld.org/values/6-770-304-1>		<http://ids.clld.org/parameters/6-770>		<http://ids.clld.org/values/6-770-264-1>		"hixepre"@cuj	
"itan (m.)"@crt	<http://ids.clld.org/values/6-360-304-1>		<http://ids.clld.org/parameters/6-360>		<http://ids.clld.org/values/6-360-264-1>		"c̷apɨ"@cuj	
"isek waso"@crt	<http://ids.clld.org/values/3-814-304-1>		<http://ids.clld.org/parameters/3-814>		<http://ids.clld.org/values/3-814-264-1>		"ponro"@cuj	
"kˀekexey"@crt	<http://ids.clld.org/values/15-350-304-1>		<http://ids.clld.org/parameters/15-350>		<http://ids.clld.org/values/15-350-264-1>		"počwa-ľɨ"@cuj	
"ten"@crt	<http://ids.clld.org/values/17-640-304-1>		<http://ids.clld.org/parameters/17-640>		<http://ids.clld.org/values/17-640-264-1>		"kľa"@cuj	
"ten"@crt	<http://ids.clld.org/values/17-640-304-1>		<http://ids.clld.org/parameters/17-640>		<http://ids.clld.org/values/17-640-264-3>		"kľɨ"@cuj	
"iwaxla (m.)"@crt	<http://ids.clld.org/values/3-720-304-1>		<http://ids.clld.org/parameters/3-720>		<http://ids.clld.org/values/3-720-264-1>		"seroľɨ mhenokľɨ"@cuj	
"-kasit"@crt	<http://ids.clld.org/values/12-150-304-1>		<http://ids.clld.org/parameters/12-150>		<http://ids.clld.org/values/12-150-264-1>		"tɨn-wa-ta"@cuj	
"akoye"@crt	<http://ids.clld.org/values/10-831-304-1>		<http://ids.clld.org/parameters/10-831>		<http://ids.clld.org/values/10-831-264-1>		"kanawa"@cuj	
"-yelixiʔ"@crt	<http://ids.clld.org/values/4-510-304-1>		<http://ids.clld.org/parameters/4-510>		<http://ids.clld.org/values/4-510-264-3>		"nˑiphya"@cuj	
"-yelixiʔ"@crt	<http://ids.clld.org/values/4-510-304-1>		<http://ids.clld.org/parameters/4-510>		<http://ids.clld.org/values/4-510-264-1>		"hinˑiphya"@cuj	
"-wul ~ -yul"@crt	<http://ids.clld.org/values/10-210-304-1>		<http://ids.clld.org/parameters/10-210>		<http://ids.clld.org/values/10-210-264-1>		"hitʸenowna"@cuj	
"ey anat-apeʔe"@crt	<http://ids.clld.org/values/10-340-304-1>		<http://ids.clld.org/parameters/10-340>		<http://ids.clld.org/values/10-340-264-1>		"hikmahata"@cuj	
"-afʷeʔ ~ -efʷeʔ (f.)"@crt	<http://ids.clld.org/values/4-270-304-1>		<http://ids.clld.org/parameters/4-270>		<http://ids.clld.org/values/4-270-264-1>		"yhi"@cuj	
"-aa ~ -ee"@crt	<http://ids.clld.org/values/18-110-304-1>		<http://ids.clld.org/parameters/18-110>		<http://ids.clld.org/values/18-110-264-1>		"pľaxi"@cuj	
"eʔtiʔ ~ -teʔtiʔ ~ -iʔtiʔ"@crt	<http://ids.clld.org/values/18-510-304-1>		<http://ids.clld.org/parameters/18-510>		<http://ids.clld.org/values/18-510-264-1>		"hitakyonhata"@cuj	
"pawlic̷i tom nexeye"@crt	<http://ids.clld.org/values/13-90-304-1>		<http://ids.clld.org/parameters/13-90>		<http://ids.clld.org/values/13-90-264-1>		"mtɨrɨxi"@cuj	
"inyexkay"@crt	<http://ids.clld.org/values/1-740-304-3>		<http://ids.clld.org/parameters/1-740>		<http://ids.clld.org/values/1-740-264-1>		"kyačhapererɨmko"@cuj	
"-akxiwet"@crt	<http://ids.clld.org/values/4-460-304-1>		<http://ids.clld.org/parameters/4-460>		<http://ids.clld.org/values/4-460-264-1>		"hička-mapa"@cuj	
"xupi-tok texekipoʔ"@crt	<http://ids.clld.org/values/8-430-304-1>		<http://ids.clld.org/parameters/8-430>		<http://ids.clld.org/values/8-430-264-1>		"[triko]"@cuj	
"napa-we"@crt	<http://ids.clld.org/values/17-650-304-1>		<http://ids.clld.org/parameters/17-650>		<http://ids.clld.org/values/17-650-264-1>		"hikľɨ"@cuj	
"paxyi"@crt	<http://ids.clld.org/values/15-370-304-1>		<http://ids.clld.org/parameters/15-370>		<http://ids.clld.org/values/15-370-264-1>		"psaľo"@cuj	
"laʔpix (m.)"@crt	<http://ids.clld.org/values/3-940-304-1>		<http://ids.clld.org/parameters/3-940>		<http://ids.clld.org/values/3-940-264-1>		"šišrikapi"@cuj	
"-fʷexlyen ~ -fʷixlyen"@crt	<http://ids.clld.org/values/4-620-304-1>		<http://ids.clld.org/parameters/4-620>		<http://ids.clld.org/values/4-620-264-1>		"hipnawata"@cuj	
"-ola ~ -uxla"@crt	<http://ids.clld.org/values/4-910-304-1>		<http://ids.clld.org/parameters/4-910>		<http://ids.clld.org/values/4-910-264-1>		"hama"@cuj	
"-ola ~ -uxla"@crt	<http://ids.clld.org/values/4-910-304-1>		<http://ids.clld.org/parameters/4-910>		<http://ids.clld.org/values/4-910-264-3>		"hipčiha"@cuj	
"koxsokiʔ (f.)"@crt	<http://ids.clld.org/values/9-192-304-1>		<http://ids.clld.org/parameters/9-192>		<http://ids.clld.org/values/9-192-264-3>		"skiwa"@cuj	
"koxsokiʔ (f.)"@crt	<http://ids.clld.org/values/9-192-304-1>		<http://ids.clld.org/parameters/9-192>		<http://ids.clld.org/values/9-192-264-1>		"hišriskiwľɨ"@cuj	
"-lewe ~ -liwe"@crt	<http://ids.clld.org/values/4-300-304-1>		<http://ids.clld.org/parameters/4-300>		<http://ids.clld.org/values/4-300-264-3>		"thana"@cuj	
"-lewe ~ -liwe"@crt	<http://ids.clld.org/values/4-300-304-1>		<http://ids.clld.org/parameters/4-300>		<http://ids.clld.org/values/4-300-264-1>		"sko-thana"@cuj	
"siwalak-ixlek"@crt	<http://ids.clld.org/values/3-819-304-1>		<http://ids.clld.org/parameters/3-819>		<http://ids.clld.org/values/3-819-264-1>		"mkaľɨ"@cuj	
"-nalen"@crt	<http://ids.clld.org/values/5-140-304-1>		<http://ids.clld.org/parameters/5-140>		<http://ids.clld.org/values/5-140-264-1>		"nači-ma"@cuj	
"pexla"@crt	<http://ids.clld.org/values/1-750-304-1>		<http://ids.clld.org/parameters/1-750>		<http://ids.clld.org/values/1-750-264-3>		"neka"@cuj	
"pexla"@crt	<http://ids.clld.org/values/1-750-304-1>		<http://ids.clld.org/parameters/1-750>		<http://ids.clld.org/values/1-750-264-1>		"hina"@cuj	
"-akyoxna ~ -ekyoxna"@crt	<http://ids.clld.org/values/4-351-304-1>		<http://ids.clld.org/parameters/4-351>		<http://ids.clld.org/values/4-351-264-1>		"skotpaľi"@cuj	
"walaaxi-wet (f.)"@crt	<http://ids.clld.org/values/9-760-304-1>		<http://ids.clld.org/parameters/9-760>		<http://ids.clld.org/values/9-760-264-1>		"koxi-ta"@cuj	
"-maʔa ~ -miʔe"@crt	<http://ids.clld.org/values/4-610-304-1>		<http://ids.clld.org/parameters/4-610>		<http://ids.clld.org/values/4-610-264-1>		"himka ~ himaka"@cuj	
"fʷamlaa"@crt	<http://ids.clld.org/values/12-560-304-1>		<http://ids.clld.org/parameters/12-560>		<http://ids.clld.org/values/12-560-264-1>		"mtɨ-rɨ"@cuj	
"wona-teʔ ~ oxoʔnateʔ"@crt	<http://ids.clld.org/values/5-840-304-1>		<http://ids.clld.org/parameters/5-840>		<http://ids.clld.org/values/5-840-264-3>		"wroľ-ha"@cuj	
"wona-teʔ ~ oxoʔnateʔ"@crt	<http://ids.clld.org/values/5-840-304-1>		<http://ids.clld.org/parameters/5-840>		<http://ids.clld.org/values/5-840-264-1>		"popnixirha"@cuj	
"-poʔkyo ~ -pyokyoʔ (m.)"@crt	<http://ids.clld.org/values/4-372-304-1>		<http://ids.clld.org/parameters/4-372>		<http://ids.clld.org/values/4-372-264-1>		"sc̷ih-xitʸi"@cuj	
"-ton-xetekiʔ"@crt	<http://ids.clld.org/values/10-614-304-1>		<http://ids.clld.org/parameters/10-614>		<http://ids.clld.org/values/10-614-264-1>		"hic̷eptahľɨ"@cuj	
"kityeneʔ"@crt	<http://ids.clld.org/values/3-980-304-3>		<http://ids.clld.org/parameters/3-980>		<http://ids.clld.org/values/3-980-264-3>		"sɨprɨ"@cuj	
"kityeneʔ"@crt	<http://ids.clld.org/values/3-980-304-3>		<http://ids.clld.org/parameters/3-980>		<http://ids.clld.org/values/3-980-264-1>		"čkipɨ"@cuj	
"kalaliyam (m.)"@crt	<http://ids.clld.org/values/4-855-304-1>		<http://ids.clld.org/parameters/4-855>		<http://ids.clld.org/values/4-855-264-1>		"xitho"@cuj	
"kalaliyam (m.)"@crt	<http://ids.clld.org/values/4-855-304-1>		<http://ids.clld.org/parameters/4-855>		<http://ids.clld.org/values/4-855-264-3>		"ximľewata"@cuj	
"-nam"@crt	<http://ids.clld.org/values/10-480-304-1>		<http://ids.clld.org/parameters/10-480>		<http://ids.clld.org/values/10-480-264-1>		"hina"@cuj	
"peyluki"@crt	<http://ids.clld.org/values/22-450-304-3>		<http://ids.clld.org/parameters/22-450>		<http://ids.clld.org/values/22-450-264-1>		"samenɨ"@cuj	
"kaʔc̷yutyuʔ"@crt	<http://ids.clld.org/values/15-690-304-1>		<http://ids.clld.org/parameters/15-690>		<http://ids.clld.org/values/15-690-264-1>		"pwaľo"@cuj	
"-wetnafʷaan ~ -witnafʷaan"@crt	<http://ids.clld.org/values/10-140-304-1>		<http://ids.clld.org/parameters/10-140>		<http://ids.clld.org/values/10-140-264-1>		"powata"@cuj	
"-xawet ~ -xyewet ~ -awet"@crt	<http://ids.clld.org/values/7-420-304-1>		<http://ids.clld.org/parameters/7-420>		<http://ids.clld.org/values/7-420-264-1>		"xeko"@cuj	
"-tula"@crt	<http://ids.clld.org/values/15-650-304-1>		<http://ids.clld.org/parameters/15-650>		<http://ids.clld.org/values/15-650-264-1>		"ksaxi"@cuj	
"-wun"@crt	<http://ids.clld.org/values/1-851-304-1>		<http://ids.clld.org/parameters/1-851>		<http://ids.clld.org/values/1-851-264-3>		"haľha"@cuj	
"-wun"@crt	<http://ids.clld.org/values/1-851-304-1>		<http://ids.clld.org/parameters/1-851>		<http://ids.clld.org/values/1-851-264-1>		"hapkaha"@cuj	
"-c̷oʔlayam ~ -c̷yuʔlayam"@crt	<http://ids.clld.org/values/16-290-304-1>		<http://ids.clld.org/parameters/16-290>		<http://ids.clld.org/values/16-290-264-1>		"hamľɨta"@cuj	
"-c̷oʔlayam ~ -c̷yuʔlayam"@crt	<http://ids.clld.org/values/16-290-304-1>		<http://ids.clld.org/parameters/16-290>		<http://ids.clld.org/values/16-290-264-3>		"hapčoka"@cuj	
"atik (f.)"@crt	<http://ids.clld.org/values/8-970-304-1>		<http://ids.clld.org/parameters/8-970>		<http://ids.clld.org/values/8-970-264-1>		"hačičo"@cuj	
"takixnaki atofʷom"@crt	<http://ids.clld.org/values/12-330-304-1>		<http://ids.clld.org/parameters/12-330>		<http://ids.clld.org/values/12-330-264-1>		"c̷opo"@cuj	
"-om ~ -xom ~ -xyum"@crt	<http://ids.clld.org/values/4-980-304-1>		<http://ids.clld.org/parameters/4-980>		<http://ids.clld.org/values/4-980-264-1>		"kapoohoxi"@cuj	
"-asan ~ -esan (f.)"@crt	<http://ids.clld.org/values/4-271-304-1>		<http://ids.clld.org/parameters/4-271>		<http://ids.clld.org/values/4-271-264-1>		"kyapi"@cuj	
"-nakawet"@crt	<http://ids.clld.org/values/7-440-304-1>		<http://ids.clld.org/parameters/7-440>		<http://ids.clld.org/values/7-440-264-1>		"kwa-ľɨ"@cuj	
"-teyfʷom ~ -tifʷom"@crt	<http://ids.clld.org/values/12-530-304-1>		<http://ids.clld.org/parameters/12-530>		<http://ids.clld.org/values/12-530-264-1>		"c̷erɨwna"@cuj	
"-satayek ~ -syatayek (f.)"@crt	<http://ids.clld.org/values/4-151-304-1>		<http://ids.clld.org/parameters/4-151>		<http://ids.clld.org/values/4-151-264-1>		"koc̷a"@cuj	
"fʷiki-pot"@crt	<http://ids.clld.org/values/4-345-304-1>		<http://ids.clld.org/parameters/4-345>		<http://ids.clld.org/values/4-345-264-1>		"sewata"@cuj	
"-talkyun ~ -tyelkyun"@crt	<http://ids.clld.org/values/17-130-304-1>		<http://ids.clld.org/parameters/17-130>		<http://ids.clld.org/values/17-130-264-1>		"hi-šinika"@cuj	
"tewk takinaʔ"@crt	<http://ids.clld.org/values/1-270-304-1>		<http://ids.clld.org/parameters/1-270>		<http://ids.clld.org/values/1-270-264-1>		"wakanɨ"@cuj	
"nayi (f.)"@crt	<http://ids.clld.org/values/10-710-304-1>		<http://ids.clld.org/parameters/10-710>		<http://ids.clld.org/values/10-710-264-1>		"hapo"@cuj	
"nayi (f.)"@crt	<http://ids.clld.org/values/10-710-304-1>		<http://ids.clld.org/parameters/10-710>		<http://ids.clld.org/values/10-710-264-3>		"hatnɨ"@cuj	
"-woyis ~ -yoyis"@crt	<http://ids.clld.org/values/4-150-304-1>		<http://ids.clld.org/parameters/4-150>		<http://ids.clld.org/values/4-150-264-1>		"-hra-ha"@cuj	
"alaʔ (f.)"@crt	<http://ids.clld.org/values/8-600-304-1>		<http://ids.clld.org/parameters/8-600>		<http://ids.clld.org/values/8-600-264-1>		"hah-mɨna"@cuj	
"-ntakkiʔ"@crt	<http://ids.clld.org/values/2-458-304-1>		<http://ids.clld.org/parameters/2-458>		<http://ids.clld.org/values/2-458-264-1>		"hepiritɨ ~ hepirɨtɨ"@cuj	
"-ekilalin ~ -ikilalin"@crt	<http://ids.clld.org/values/4-680-304-1>		<http://ids.clld.org/parameters/4-680>		<http://ids.clld.org/values/4-680-264-1>		"hišpiypeta"@cuj	
"kopiyeʔ (f.)"@crt	<http://ids.clld.org/values/3-920-304-1>		<http://ids.clld.org/parameters/3-920>		<http://ids.clld.org/values/3-920-264-1>		"katato"@cuj	
"-senyen ~ -sinyen"@crt	<http://ids.clld.org/values/5-230-304-1>		<http://ids.clld.org/parameters/5-230>		<http://ids.clld.org/values/5-230-264-1>		"xima"@cuj	
"-tateʔ (f.)"@crt	<http://ids.clld.org/values/6-620-304-1>		<http://ids.clld.org/parameters/6-620>		<http://ids.clld.org/values/6-620-264-1>		"štexi"@cuj	
"-paxsat (m.)"@crt	<http://ids.clld.org/values/4-241-304-1>		<http://ids.clld.org/parameters/4-241>		<http://ids.clld.org/values/4-241-264-3>		"swɨtɨ"@cuj	
"-paxsat (m.)"@crt	<http://ids.clld.org/values/4-241-304-1>		<http://ids.clld.org/parameters/4-241>		<http://ids.clld.org/values/4-241-264-1>		"xri"@cuj	
"lap-lap-iʔ"@crt	<http://ids.clld.org/values/4-854-304-1>		<http://ids.clld.org/parameters/4-854>		<http://ids.clld.org/values/4-854-264-1>		"hahrɨ"@cuj	
"xloxsa"@crt	<http://ids.clld.org/values/2-261-304-1>		<http://ids.clld.org/parameters/2-261>		<http://ids.clld.org/values/2-261-264-3>		"mkapyaľo"@cuj	
"xloxsa"@crt	<http://ids.clld.org/values/2-261-304-1>		<http://ids.clld.org/parameters/2-261>		<http://ids.clld.org/values/2-261-264-1>		"mhanɨrɨto"@cuj	
"sifʷoniʔ"@crt	<http://ids.clld.org/values/5-810-304-1>		<http://ids.clld.org/parameters/5-810>		<http://ids.clld.org/values/5-810-264-3>		"mro"@cuj	
"sifʷoniʔ"@crt	<http://ids.clld.org/values/5-810-304-1>		<http://ids.clld.org/parameters/5-810>		<http://ids.clld.org/values/5-810-264-1>		"[tɨwɨ]"@cuj	
"-wac̷oxnak"@crt	<http://ids.clld.org/values/8-920-304-1>		<http://ids.clld.org/parameters/8-920>		<http://ids.clld.org/values/8-920-264-1>		"ximeka"@cuj	
"-soosin ~ -syuusin"@crt	<http://ids.clld.org/values/15-890-304-1>		<http://ids.clld.org/parameters/15-890>		<http://ids.clld.org/values/15-890-264-1>		"kačiyo"@cuj	
"-kaxsiliʔ ~ -kyaxsiliʔ (m.)"@crt	<http://ids.clld.org/values/4-461-304-1>		<http://ids.clld.org/parameters/4-461>		<http://ids.clld.org/values/4-461-264-1>		"hičkapi"@cuj	
"-taye-xe-es ~ -tyaye-xe-es"@crt	<http://ids.clld.org/values/17-230-304-1>		<http://ids.clld.org/parameters/17-230>		<http://ids.clld.org/values/17-230-264-1>		"sepro"@cuj	
"-lox ~ -lyox (f.)"@crt	<http://ids.clld.org/values/4-430-304-1>		<http://ids.clld.org/parameters/4-430>		<http://ids.clld.org/values/4-430-264-1>		"pľo"@cuj	
"am-el"@crt	<http://ids.clld.org/values/2-950-304-1>		<http://ids.clld.org/parameters/2-950>		<http://ids.clld.org/values/2-950-264-3>		"hi-"@cuj	
"am-el"@crt	<http://ids.clld.org/values/2-950-304-1>		<http://ids.clld.org/parameters/2-950>		<http://ids.clld.org/values/2-950-264-1>		"hitʸa"@cuj	
"yuxsa"@crt	<http://ids.clld.org/values/14-150-304-1>		<http://ids.clld.org/parameters/14-150>		<http://ids.clld.org/values/14-150-264-1>		"c̷-rɨ"@cuj	
"-keynisyen"@crt	<http://ids.clld.org/values/18-120-304-1>		<http://ids.clld.org/parameters/18-120>		<http://ids.clld.org/values/18-120-264-1>		"šikaľe-ta"@cuj	
"-weysyeʔ"@crt	<http://ids.clld.org/values/13-230-304-1>		<http://ids.clld.org/parameters/13-230>		<http://ids.clld.org/values/13-230-264-1>		"psoxi"@cuj	
"-toxseyin"@crt	<http://ids.clld.org/values/4-810-304-1>		<http://ids.clld.org/parameters/4-810>		<http://ids.clld.org/values/4-810-264-1>		"hičko"@cuj	
"-fʷesimpe (f.)"@crt	<http://ids.clld.org/values/3-652-304-1>		<http://ids.clld.org/parameters/3-652>		<http://ids.clld.org/values/3-652-264-3>		"patľeta"@cuj	
"-fʷesimpe (f.)"@crt	<http://ids.clld.org/values/3-652-304-1>		<http://ids.clld.org/parameters/3-652>		<http://ids.clld.org/values/3-652-264-1>		"hwa"@cuj	
"kyafʷey"@crt	<http://ids.clld.org/values/12-50-304-1>		<http://ids.clld.org/parameters/12-50>		<http://ids.clld.org/values/12-50-264-1>		"hitoko"@cuj	
"kyafʷey"@crt	<http://ids.clld.org/values/12-50-304-1>		<http://ids.clld.org/parameters/12-50>		<http://ids.clld.org/values/12-50-264-3>		"nanwaka"@cuj	
"weʔla (m.)"@crt	<http://ids.clld.org/values/14-710-304-1>		<http://ids.clld.org/parameters/14-710>		<http://ids.clld.org/values/14-710-264-1>		"ksɨ-rɨ"@cuj	
"inetas (f.)"@crt	<http://ids.clld.org/values/4-856-304-1>		<http://ids.clld.org/parameters/4-856>		<http://ids.clld.org/values/4-856-264-1>		"yma"@cuj	
"sawo ~ -syewo"@crt	<http://ids.clld.org/values/7-120-304-1>		<http://ids.clld.org/parameters/7-120>		<http://ids.clld.org/values/7-120-264-3>		"pxi"@cuj	
"sawo ~ -syewo"@crt	<http://ids.clld.org/values/7-120-304-1>		<http://ids.clld.org/parameters/7-120>		<http://ids.clld.org/values/7-120-264-1>		"panči"@cuj	
"axlim"@crt	<http://ids.clld.org/values/12-850-304-1>		<http://ids.clld.org/parameters/12-850>		<http://ids.clld.org/values/12-850-264-3>		"nama"@cuj	
"axlim"@crt	<http://ids.clld.org/values/12-850-304-1>		<http://ids.clld.org/parameters/12-850>		<http://ids.clld.org/values/12-850-264-1>		"pna"@cuj	
"-koxokin"@crt	<http://ids.clld.org/values/4-530-304-1>		<http://ids.clld.org/parameters/4-530>		<http://ids.clld.org/values/4-530-264-1>		"hethota"@cuj	
"-woleʔ"@crt	<http://ids.clld.org/values/4-393-304-1>		<http://ids.clld.org/parameters/4-393>		<http://ids.clld.org/values/4-393-264-1>		"mexi"@cuj	
"xe -fʷey ~ xe -fʷi"@crt	<http://ids.clld.org/values/16-530-304-1>		<http://ids.clld.org/parameters/16-530>		<http://ids.clld.org/values/16-530-264-1>		"pika"@cuj	
"axna"@crt	<http://ids.clld.org/values/1-620-304-1>		<http://ids.clld.org/parameters/1-620>		<http://ids.clld.org/values/1-620-264-1>		"yačhe"@cuj	
"axna"@crt	<http://ids.clld.org/values/1-620-304-1>		<http://ids.clld.org/parameters/1-620>		<http://ids.clld.org/values/1-620-264-3>		"yačnewľɨ"@cuj	
"laxwu"@crt	<http://ids.clld.org/values/1-720-304-1>		<http://ids.clld.org/parameters/1-720>		<http://ids.clld.org/values/1-720-264-3>		"hawoka"@cuj	
"laxwu"@crt	<http://ids.clld.org/values/1-720-304-1>		<http://ids.clld.org/parameters/1-720>		<http://ids.clld.org/values/1-720-264-1>		"nˑiphya"@cuj	
"xloma (m.)"@crt	<http://ids.clld.org/values/14-410-304-1>		<http://ids.clld.org/parameters/14-410>		<http://ids.clld.org/values/14-410-264-1>		"po-kamľa-ľɨ"@cuj	
"akoye-tiwoyetaxayiʔ"@crt	<http://ids.clld.org/values/10-840-304-1>		<http://ids.clld.org/parameters/10-840>		<http://ids.clld.org/values/10-840-264-1>		"pɨmľɨ"@cuj	
"tataxo"@crt	<http://ids.clld.org/values/9-500-304-1>		<http://ids.clld.org/parameters/9-500>		<http://ids.clld.org/values/9-500-264-1>		"[kľawo]"@cuj	
"-woleʔ (m.)"@crt	<http://ids.clld.org/values/4-140-304-1>		<http://ids.clld.org/parameters/4-140>		<http://ids.clld.org/values/4-140-264-1>		"xiwɨ-c̷a"@cuj	
"tˀakayi"@crt	<http://ids.clld.org/values/1-550-304-3>		<http://ids.clld.org/parameters/1-550>		<http://ids.clld.org/values/1-550-264-1>		"rawrakľe"@cuj	
"-silaxa"@crt	<http://ids.clld.org/values/11-280-304-1>		<http://ids.clld.org/parameters/11-280>		<http://ids.clld.org/values/11-280-264-1>		"himtɨteta"@cuj	
"-poxsiʔ (f.) ~ -pyuxsiʔ"@crt	<http://ids.clld.org/values/4-142-304-1>		<http://ids.clld.org/parameters/4-142>		<http://ids.clld.org/values/4-142-264-1>		"šapto"@cuj	
"wikyex"@crt	<http://ids.clld.org/values/9-790-304-1>		<http://ids.clld.org/parameters/9-790>		<http://ids.clld.org/values/9-790-264-1>		"hepno-pi"@cuj	
"-wotyowe"@crt	<http://ids.clld.org/values/4-290-304-1>		<http://ids.clld.org/parameters/4-290>		<http://ids.clld.org/values/4-290-264-1>		"pľa"@cuj	
"fʷayoy"@crt	<http://ids.clld.org/values/3-832-304-5>		<http://ids.clld.org/parameters/3-832>		<http://ids.clld.org/values/3-832-264-1>		"hahyo"@cuj	
"-yesiki-pot"@crt	<http://ids.clld.org/values/4-344-304-1>		<http://ids.clld.org/parameters/4-344>		<http://ids.clld.org/values/4-344-264-1>		"sewata"@cuj	
"xlamoxlo"@crt	<http://ids.clld.org/values/8-980-304-1>		<http://ids.clld.org/parameters/8-980>		<http://ids.clld.org/values/8-980-264-1>		"kačipɨ"@cuj	
"-kyoy-tʔot"@crt	<http://ids.clld.org/values/4-331-304-1>		<http://ids.clld.org/parameters/4-331>		<http://ids.clld.org/values/4-331-264-1>		"stapa-myo"@cuj	
"-c̷oweʔ ~ -c̷yuweʔ"@crt	<http://ids.clld.org/values/5-160-304-1>		<http://ids.clld.org/parameters/5-160>		<http://ids.clld.org/values/5-160-264-1>		"haši-ča"@cuj	
"-amtes ~ -emtes"@crt	<http://ids.clld.org/values/18-260-304-1>		<http://ids.clld.org/parameters/18-260>		<http://ids.clld.org/values/18-260-264-1>		"tokanɨ"@cuj	
"lemiʔ"@crt	<http://ids.clld.org/values/15-640-304-1>		<http://ids.clld.org/parameters/15-640>		<http://ids.clld.org/values/15-640-264-1>		"kľata"@cuj	
"loxsiʔ (m.)"@crt	<http://ids.clld.org/values/20-240-304-1>		<http://ids.clld.org/parameters/20-240>		<http://ids.clld.org/values/20-240-264-1>		"twa (?)"@cuj	
"isyet"@crt	<http://ids.clld.org/values/15-660-304-1>		<http://ids.clld.org/parameters/15-660>		<http://ids.clld.org/values/15-660-264-1>		"sero"@cuj	
"totyuʔ"@crt	<http://ids.clld.org/values/2-460-304-3>		<http://ids.clld.org/parameters/2-460>		<http://ids.clld.org/values/2-460-264-1>		"hatʸi-rɨ"@cuj	
"itifʷami nuwa si-kyoy-ey"@crt	<http://ids.clld.org/values/13-100-304-1>		<http://ids.clld.org/parameters/13-100>		<http://ids.clld.org/values/13-100-264-1>		"pamoľe"@cuj	
"sapalkat"@crt	<http://ids.clld.org/values/1-590-304-1>		<http://ids.clld.org/parameters/1-590>		<http://ids.clld.org/values/1-590-264-1>		"kši"@cuj	
"afʷenas-ikyeʔ"@crt	<http://ids.clld.org/values/3-585-304-1>		<http://ids.clld.org/parameters/3-585>		<http://ids.clld.org/values/3-585-264-1>		"koyano"@cuj	
"afʷenas-ikyeʔ"@crt	<http://ids.clld.org/values/3-585-304-1>		<http://ids.clld.org/parameters/3-585>		<http://ids.clld.org/values/3-585-264-3>		"koyataľe"@cuj	
"-kyes-kiʔ"@crt	<http://ids.clld.org/values/4-180-304-3>		<http://ids.clld.org/parameters/4-180>		<http://ids.clld.org/values/4-180-264-1>		"nši"@cuj	
"asyela"@crt	<http://ids.clld.org/values/2-770-304-1>		<http://ids.clld.org/parameters/2-770>		<http://ids.clld.org/values/2-770-264-1>		"hipnahnɨnrotačri"@cuj	
"-woleʔ ~ -yoleʔ (f.)"@crt	<http://ids.clld.org/values/4-144-304-1>		<http://ids.clld.org/parameters/4-144>		<http://ids.clld.org/values/4-144-264-3>		"šape"@cuj	
"-woleʔ ~ -yoleʔ (f.)"@crt	<http://ids.clld.org/values/4-144-304-1>		<http://ids.clld.org/parameters/4-144>		<http://ids.clld.org/values/4-144-264-1>		"pitʸi"@cuj	
"takina (m.)"@crt	<http://ids.clld.org/values/1-222-304-1>		<http://ids.clld.org/parameters/1-222>		<http://ids.clld.org/values/1-222-264-1>		"pxita"@cuj	
"ofʷatakiʔ"@crt	<http://ids.clld.org/values/1-362-304-1>		<http://ids.clld.org/parameters/1-362>		<http://ids.clld.org/values/1-362-264-1>		"ximľere"@cuj	
"ofʷatakiʔ"@crt	<http://ids.clld.org/values/1-362-304-1>		<http://ids.clld.org/parameters/1-362>		<http://ids.clld.org/values/1-362-264-3>		"xiweyľɨ"@cuj	
"takixnakiʔ"@crt	<http://ids.clld.org/values/1-220-304-1>		<http://ids.clld.org/parameters/1-220>		<http://ids.clld.org/values/1-220-264-3>		"pxita"@cuj	
"takixnakiʔ"@crt	<http://ids.clld.org/values/1-220-304-1>		<http://ids.clld.org/parameters/1-220>		<http://ids.clld.org/values/1-220-264-1>		"mahka"@cuj	
"leʔkyuʔ (f.)"@crt	<http://ids.clld.org/values/5-970-304-1>		<http://ids.clld.org/parameters/5-970>		<http://ids.clld.org/values/5-970-264-1>		"naxi"@cuj	
"-ot (f.)"@crt	<http://ids.clld.org/values/4-400-304-1>		<http://ids.clld.org/parameters/4-400>		<http://ids.clld.org/values/4-400-264-1>		"tľo"@cuj	
"lemtakiʔ"@crt	<http://ids.clld.org/values/8-311-304-1>		<http://ids.clld.org/parameters/8-311>		<http://ids.clld.org/values/8-311-264-3>		"kaxirɨxi"@cuj	
"lemtakiʔ"@crt	<http://ids.clld.org/values/8-311-304-1>		<http://ids.clld.org/parameters/8-311>		<http://ids.clld.org/values/8-311-264-1>		"xi"@cuj	
"-kaye (f.)"@crt	<http://ids.clld.org/values/4-374-304-1>		<http://ids.clld.org/parameters/4-374>		<http://ids.clld.org/values/4-374-264-1>		"hapo"@cuj	
