"eloisa"@fi	<http://ids.clld.org/values/4-740-128-5>		<http://ids.clld.org/parameters/4-740>		<http://ids.clld.org/values/4-740-174-1>		"wenɲə"@mch	
"otsa"@fi	<http://ids.clld.org/values/4-205-128-1>		<http://ids.clld.org/parameters/4-205>		<http://ids.clld.org/values/4-205-174-1>		"heʔkay"@mch	
"hiekka"@fi	<http://ids.clld.org/values/1-215-128-1>		<http://ids.clld.org/parameters/1-215>		<http://ids.clld.org/values/1-215-174-1>		"sāʔdaʔda"@mch	
"kaulaketyu"@fi	<http://ids.clld.org/values/6-750-128-1>		<http://ids.clld.org/parameters/6-750>		<http://ids.clld.org/values/6-750-174-1>		"wōʔmo"@mch	
"maanyær̃istüs"@fi	<http://ids.clld.org/values/1-450-128-1>		<http://ids.clld.org/parameters/1-450>		<http://ids.clld.org/values/1-450-174-1>		"dehūši"@mch	
"kanootti"@fi	<http://ids.clld.org/values/10-831-128-1>		<http://ids.clld.org/parameters/10-831>		<http://ids.clld.org/values/10-831-174-1>		"[kanowa]"@mch	
"tüttö"@fi	<http://ids.clld.org/values/2-260-128-1>		<http://ids.clld.org/parameters/2-260>		<http://ids.clld.org/values/2-260-174-1>		"wodi-ʔčə"@mch	
"yalka"@fi	<http://ids.clld.org/values/4-370-128-1>		<http://ids.clld.org/parameters/4-370>		<http://ids.clld.org/values/4-370-174-1>		"hūdu"@mch	
"etsiæ"@fi	<http://ids.clld.org/values/11-310-128-1>		<http://ids.clld.org/parameters/11-310>		<http://ids.clld.org/values/11-310-174-1>		"uhīyɨ"@mch	
"par̃antaa"@fi	<http://ids.clld.org/values/4-860-128-3>		<http://ids.clld.org/parameters/4-860>		<http://ids.clld.org/values/4-860-174-1>		"adonkadɨ"@mch	
"tulitikku"@fi	<http://ids.clld.org/values/1-870-128-1>		<http://ids.clld.org/parameters/1-870>		<http://ids.clld.org/values/1-870-174-1>		"tɨsočāmɨ"@mch	
"liikuttaa"@fi	<http://ids.clld.org/values/5-490-128-1>		<http://ids.clld.org/parameters/5-490>		<http://ids.clld.org/values/5-490-174-1>		"-oima-dɨ"@mch	
"etana"@fi	<http://ids.clld.org/values/3-940-128-1>		<http://ids.clld.org/parameters/3-940>		<http://ids.clld.org/values/3-940-174-1>		"memu"@mch	
"elæmæ"@fi	<http://ids.clld.org/values/4-740-128-7>		<http://ids.clld.org/parameters/4-740>		<http://ids.clld.org/values/4-740-174-1>		"wenɲə"@mch	
"nüt"@fi	<http://ids.clld.org/values/14-180-128-1>		<http://ids.clld.org/parameters/14-180>		<http://ids.clld.org/values/14-180-174-1>		"edūwa"@mch	
"nukkua"@fi	<http://ids.clld.org/values/4-610-128-1>		<http://ids.clld.org/parameters/4-610>		<http://ids.clld.org/values/4-610-174-1>		"w-ɨnɨʔ-nə"@mch	
"istua"@fi	<http://ids.clld.org/values/12-130-128-1>		<http://ids.clld.org/parameters/12-130>		<http://ids.clld.org/values/12-130-174-1>		"w-atahhimā-nə"@mch	
"lauta"@fi	<http://ids.clld.org/values/7-570-128-1>		<http://ids.clld.org/parameters/7-570>		<http://ids.clld.org/values/7-570-174-1>		"[tadwa]"@mch	
"saksanhir̃wi"@fi	<http://ids.clld.org/values/3-750-128-3>		<http://ids.clld.org/parameters/3-750>		<http://ids.clld.org/values/3-750-174-1>		"kawādi"@mch	
"puu"@fi	<http://ids.clld.org/values/1-420-128-1>		<http://ids.clld.org/parameters/1-420>		<http://ids.clld.org/values/1-420-174-1>		"dē"@mch	
"seitsemæn"@fi	<http://ids.clld.org/values/13-70-128-1>		<http://ids.clld.org/parameters/13-70>		<http://ids.clld.org/values/13-70-174-1>		"āʔkə amohaʔto"@mch	
"wæsünüt"@fi	<http://ids.clld.org/values/4-910-128-1>		<http://ids.clld.org/parameters/4-910>		<http://ids.clld.org/values/4-910-174-1>		"tɨkinča"@mch	
"oikea"@fi	<http://ids.clld.org/values/12-410-128-1>		<http://ids.clld.org/parameters/12-410>		<http://ids.clld.org/values/12-410-174-1>		"əmuʔdemhɨnɨ"@mch	
"unennækö"@fi	<http://ids.clld.org/values/4-620-128-1>		<http://ids.clld.org/parameters/4-620>		<http://ids.clld.org/values/4-620-174-1>		"wənētɨnə"@mch	
"per̃una"@fi	<http://ids.clld.org/values/5-700-128-1>		<http://ids.clld.org/parameters/5-700>		<http://ids.clld.org/values/5-700-174-1>		"šāku"@mch	
"wesi"@fi	<http://ids.clld.org/values/1-310-128-1>		<http://ids.clld.org/parameters/1-310>		<http://ids.clld.org/values/1-310-174-1>		"tuna"@mch	
"leipælapio"@fi	<http://ids.clld.org/values/5-460-128-1>		<http://ids.clld.org/parameters/5-460>		<http://ids.clld.org/values/5-460-174-1>		"-iʔša-"@mch	
"(sor̃men) künsi"@fi	<http://ids.clld.org/values/4-344-128-1>		<http://ids.clld.org/parameters/4-344>		<http://ids.clld.org/values/4-344-174-1>		"əmmi"@mch	
"puu"@fi	<http://ids.clld.org/values/8-600-128-1>		<http://ids.clld.org/parameters/8-600>		<http://ids.clld.org/values/8-600-174-1>		"dē"@mch	
"haluta"@fi	<http://ids.clld.org/values/16-620-128-3>		<http://ids.clld.org/parameters/16-620>		<http://ids.clld.org/values/16-620-174-1>		"hyumma-dɨ"@mch	
"isoisæ"@fi	<http://ids.clld.org/values/2-460-128-1>		<http://ids.clld.org/parameters/2-460>		<http://ids.clld.org/values/2-460-174-1>		"kōko"@mch	
"kuu"@fi	<http://ids.clld.org/values/1-530-128-1>		<http://ids.clld.org/parameters/1-530>		<http://ids.clld.org/values/1-530-174-1>		"nūnə"@mch	
"r̃intakehæ"@fi	<http://ids.clld.org/values/4-400-128-1>		<http://ids.clld.org/parameters/4-400>		<http://ids.clld.org/values/4-400-174-1>		"dōʔta"@mch	
"olka"@fi	<http://ids.clld.org/values/4-300-128-1>		<http://ids.clld.org/parameters/4-300>		<http://ids.clld.org/values/4-300-174-1>		"nkawə"@mch	
"opettaya"@fi	<http://ids.clld.org/values/17-270-128-1>		<http://ids.clld.org/parameters/17-270>		<http://ids.clld.org/values/17-270-174-1>		"yowānomani"@mch	
"sato"@fi	<http://ids.clld.org/values/8-410-128-1>		<http://ids.clld.org/parameters/8-410>		<http://ids.clld.org/values/8-410-174-1>		"inɲatɨʔtə̄dɨ"@mch	
"wiisitoista"@fi	<http://ids.clld.org/values/13-103-128-1>		<http://ids.clld.org/parameters/13-103>		<http://ids.clld.org/values/13-103-174-1>		"amohadəʔto dēwə hyatodea"@mch	
"müüdæ"@fi	<http://ids.clld.org/values/11-820-128-1>		<http://ids.clld.org/parameters/11-820>		<http://ids.clld.org/values/11-820-174-1>		"ehema-hoi"@mch	
"lamppu"@fi	<http://ids.clld.org/values/7-450-128-1>		<http://ids.clld.org/parameters/7-450>		<http://ids.clld.org/values/7-450-174-1>		"adāwa"@mch	
"nælkæ"@fi	<http://ids.clld.org/values/5-140-128-1>		<http://ids.clld.org/parameters/5-140>		<http://ids.clld.org/values/5-140-174-1>		"əmīhe"@mch	
"kadottaa"@fi	<http://ids.clld.org/values/11-330-128-1>		<http://ids.clld.org/parameters/11-330>		<http://ids.clld.org/values/11-330-174-1>		"w-ənnanɨʔ-nə"@mch	
"mummo"@fi	<http://ids.clld.org/values/2-470-128-3>		<http://ids.clld.org/parameters/2-470>		<http://ids.clld.org/values/2-470-174-1>		"-tamū-du"@mch	
"ææni"@fi	<http://ids.clld.org/values/18-110-128-1>		<http://ids.clld.org/parameters/18-110>		<http://ids.clld.org/values/18-110-174-1>		"kəʔtɨnnə"@mch	
"mihin?"@fi	<http://ids.clld.org/values/17-660-128-3>		<http://ids.clld.org/parameters/17-660>		<http://ids.clld.org/values/17-660-174-1>		"ə̄iša"@mch	
"kar̃sia"@fi	<http://ids.clld.org/values/9-221-128-1>		<http://ids.clld.org/parameters/9-221>		<http://ids.clld.org/values/9-221-174-1>		"čūhiya-dɨ"@mch	
"kar̃sia"@fi	<http://ids.clld.org/values/9-221-128-1>		<http://ids.clld.org/parameters/9-221>		<http://ids.clld.org/values/9-221-174-3>		"yaʔka-dɨ"@mch	
"pussir̃otta"@fi	<http://ids.clld.org/values/3-622-128-1>		<http://ids.clld.org/parameters/3-622>		<http://ids.clld.org/values/3-622-174-1>		"dawāde"@mch	
"üstæwæ"@fi	<http://ids.clld.org/values/19-510-128-1>		<http://ids.clld.org/parameters/19-510>		<http://ids.clld.org/values/19-510-174-1>		"weičakōno"@mch	
"kewüt"@fi	<http://ids.clld.org/values/15-820-128-1>		<http://ids.clld.org/parameters/15-820>		<http://ids.clld.org/values/15-820-174-1>		"tawāhe"@mch	
"satama"@fi	<http://ids.clld.org/values/10-910-128-1>		<http://ids.clld.org/parameters/10-910>		<http://ids.clld.org/values/10-910-174-1>		"wəʔtə"@mch	
"sata"@fi	<http://ids.clld.org/values/13-105-128-1>		<http://ids.clld.org/parameters/13-105>		<http://ids.clld.org/values/13-105-174-1>		"hyātodea ssoto"@mch	
"millainen?"@fi	<http://ids.clld.org/values/17-670-128-1>		<http://ids.clld.org/parameters/17-670>		<http://ids.clld.org/values/17-670-174-1>		"əišə̄no"@mch	
"sulka"@fi	<http://ids.clld.org/values/4-393-128-1>		<http://ids.clld.org/parameters/4-393>		<http://ids.clld.org/values/4-393-174-1>		"iʔhōʔtɨ"@mch	
"tuulla"@fi	<http://ids.clld.org/values/10-380-128-3>		<http://ids.clld.org/parameters/10-380>		<http://ids.clld.org/values/10-380-174-1>		"yaičumā-dɨ"@mch	
"taas"@fi	<http://ids.clld.org/values/14-350-128-3>		<http://ids.clld.org/parameters/14-350>		<http://ids.clld.org/values/14-350-174-1>		"dea"@mch	
"nüör̃i"@fi	<http://ids.clld.org/values/9-190-128-1>		<http://ids.clld.org/parameters/9-190>		<http://ids.clld.org/values/9-190-174-1>		"āʔto"@mch	
"lopettaa"@fi	<http://ids.clld.org/values/14-270-128-1>		<http://ids.clld.org/parameters/14-270>		<http://ids.clld.org/values/14-270-174-1>		"w-əʔka-nə"@mch	
"sallia"@fi	<http://ids.clld.org/values/19-470-128-1>		<http://ids.clld.org/parameters/19-470>		<http://ids.clld.org/values/19-470-174-1>		"tɨdɨho-dɨ"@mch	
"paeta"@fi	<http://ids.clld.org/values/10-510-128-1>		<http://ids.clld.org/parameters/10-510>		<http://ids.clld.org/values/10-510-174-1>		"w-ə̄nehē-nə"@mch	
"miten?"@fi	<http://ids.clld.org/values/17-610-128-3>		<http://ids.clld.org/parameters/17-610>		<http://ids.clld.org/values/17-610-174-1>		"ākene"@mch	
"wæhæn"@fi	<http://ids.clld.org/values/13-170-128-1>		<http://ids.clld.org/parameters/13-170>		<http://ids.clld.org/values/13-170-174-1>		"ākəʔkə"@mch	
"kir̃kas"@fi	<http://ids.clld.org/values/15-570-128-3>		<http://ids.clld.org/parameters/15-570>		<http://ids.clld.org/values/15-570-174-1>		"taʔwane"@mch	
"kaulus"@fi	<http://ids.clld.org/values/6-450-128-1>		<http://ids.clld.org/parameters/6-450>		<http://ids.clld.org/values/6-450-174-1>		"wōʔmo"@mch	
"hæn"@fi	<http://ids.clld.org/values/2-930-128-1>		<http://ids.clld.org/parameters/2-930>		<http://ids.clld.org/values/2-930-174-1>		"tɨwɨ"@mch	
"demoni"@fi	<http://ids.clld.org/values/22-350-128-1>		<http://ids.clld.org/parameters/22-350>		<http://ids.clld.org/values/22-350-174-1>		"kahūšawa"@mch	
"kansa"@fi	<http://ids.clld.org/values/19-210-128-1>		<http://ids.clld.org/parameters/19-210>		<http://ids.clld.org/values/19-210-174-1>		"weiʔčɨ"@mch	
"hæntæ"@fi	<http://ids.clld.org/values/4-180-128-1>		<http://ids.clld.org/parameters/4-180>		<http://ids.clld.org/values/4-180-174-1>		"dāʔkɨdɨ"@mch	
"miespuolinen"@fi	<http://ids.clld.org/values/2-230-128-1>		<http://ids.clld.org/parameters/2-230>		<http://ids.clld.org/values/2-230-174-1>		"danwa"@mch	
"kotka"@fi	<http://ids.clld.org/values/3-584-128-1>		<http://ids.clld.org/parameters/3-584>		<http://ids.clld.org/values/3-584-174-1>		"demōši"@mch	
"har̃maahaikar̃a"@fi	<http://ids.clld.org/values/3-583-128-1>		<http://ids.clld.org/parameters/3-583>		<http://ids.clld.org/values/3-583-174-1>		"tadāya"@mch	
"tulla per̃ille"@fi	<http://ids.clld.org/values/10-550-128-1>		<http://ids.clld.org/parameters/10-550>		<http://ids.clld.org/values/10-550-174-1>		"w-əʔdɨ-nə"@mch	
"tülsæ"@fi	<http://ids.clld.org/values/15-790-128-1>		<http://ids.clld.org/parameters/15-790>		<http://ids.clld.org/values/15-790-174-1>		"tuhuʔhūdato"@mch	
"kæsi"@fi	<http://ids.clld.org/values/4-330-128-1>		<http://ids.clld.org/parameters/4-330>		<http://ids.clld.org/values/4-330-174-1>		"amō-dɨ"@mch	
"mehilæinen"@fi	<http://ids.clld.org/values/3-820-128-1>		<http://ids.clld.org/parameters/3-820>		<http://ids.clld.org/values/3-820-174-1>		"wannə"@mch	
"kiiwetæ"@fi	<http://ids.clld.org/values/10-472-128-1>		<http://ids.clld.org/parameters/10-472>		<http://ids.clld.org/values/10-472-174-1>		"-annuʔku-"@mch	
"likaantunut"@fi	<http://ids.clld.org/values/15-880-128-3>		<http://ids.clld.org/parameters/15-880>		<http://ids.clld.org/values/15-880-174-1>		"nossahe"@mch	
"yuowuksissa"@fi	<http://ids.clld.org/values/4-980-128-1>		<http://ids.clld.org/parameters/4-980>		<http://ids.clld.org/values/4-980-174-1>		"-oʔdoʔhə"@mch	
"wuor̃i"@fi	<http://ids.clld.org/values/1-220-128-1>		<http://ids.clld.org/parameters/1-220>		<http://ids.clld.org/values/1-220-174-1>		"hɨ̄"@mch	
"pææ"@fi	<http://ids.clld.org/values/4-200-128-1>		<http://ids.clld.org/parameters/4-200>		<http://ids.clld.org/values/4-200-174-1>		"hūʔhə"@mch	
"ihr̃a"@fi	<http://ids.clld.org/values/5-791-128-3>		<http://ids.clld.org/parameters/5-791>		<http://ids.clld.org/values/5-791-174-1>		"kātɨ"@mch	
"minæ"@fi	<http://ids.clld.org/values/2-910-128-1>		<http://ids.clld.org/parameters/2-910>		<http://ids.clld.org/values/2-910-174-1>		"ɨwɨ"@mch	
"tie"@fi	<http://ids.clld.org/values/10-710-128-1>		<http://ids.clld.org/parameters/10-710>		<http://ids.clld.org/values/10-710-174-1>		"ə̄ma"@mch	
"pudota"@fi	<http://ids.clld.org/values/10-230-128-1>		<http://ids.clld.org/parameters/10-230>		<http://ids.clld.org/values/10-230-174-1>		"w-eduka-nə"@mch	
"polku"@fi	<http://ids.clld.org/values/10-720-128-1>		<http://ids.clld.org/parameters/10-720>		<http://ids.clld.org/values/10-720-174-1>		"ə̄ma"@mch	
"lapsenlapsi"@fi	<http://ids.clld.org/values/2-480-128-1>		<http://ids.clld.org/parameters/2-480>		<http://ids.clld.org/values/2-480-174-1>		"hādɨ"@mch	
"taistella"@fi	<http://ids.clld.org/values/20-110-128-1>		<http://ids.clld.org/parameters/20-110>		<http://ids.clld.org/values/20-110-174-1>		"wətə̄nehānə"@mch	
"aur̃inko"@fi	<http://ids.clld.org/values/1-520-128-1>		<http://ids.clld.org/parameters/1-520>		<http://ids.clld.org/values/1-520-174-1>		"šī"@mch	
"pæælikkö"@fi	<http://ids.clld.org/values/19-240-128-1>		<http://ids.clld.org/parameters/19-240>		<http://ids.clld.org/values/19-240-174-1>		"ədāhə"@mch	
"pihamaa"@fi	<http://ids.clld.org/values/7-150-128-3>		<http://ids.clld.org/parameters/7-150>		<http://ids.clld.org/values/7-150-174-1>		"hɨdōdo"@mch	
"yælleen"@fi	<http://ids.clld.org/values/14-350-128-1>		<http://ids.clld.org/parameters/14-350>		<http://ids.clld.org/values/14-350-174-1>		"dea"@mch	
"saar̃i"@fi	<http://ids.clld.org/values/1-250-128-1>		<http://ids.clld.org/parameters/1-250>		<http://ids.clld.org/values/1-250-174-1>		"dantadɨ"@mch	
"kæüdæ"@fi	<http://ids.clld.org/values/10-470-128-5>		<http://ids.clld.org/parameters/10-470>		<http://ids.clld.org/values/10-470-174-1>		"wɨʔtə̄-nə"@mch	
"hedelmæt"@fi	<http://ids.clld.org/values/5-710-128-1>		<http://ids.clld.org/parameters/5-710>		<http://ids.clld.org/values/5-710-174-1>		"čə̄hɨdɨ̄-hɨdɨ"@mch	
"püühkiæ"@fi	<http://ids.clld.org/values/9-370-128-1>		<http://ids.clld.org/parameters/9-370>		<http://ids.clld.org/values/9-370-174-1>		"šēmeka-dɨ"@mch	
"yumala"@fi	<http://ids.clld.org/values/22-120-128-1>		<http://ids.clld.org/parameters/22-120>		<http://ids.clld.org/values/22-120-174-1>		"wanādi"@mch	
"asettaa"@fi	<http://ids.clld.org/values/12-120-128-3>		<http://ids.clld.org/parameters/12-120>		<http://ids.clld.org/values/12-120-174-1>		"enɨ̄ta"@mch	
"asettaa"@fi	<http://ids.clld.org/values/12-120-128-3>		<http://ids.clld.org/parameters/12-120>		<http://ids.clld.org/values/12-120-174-3>		"-ehuʔta-"@mch	
"leiyona"@fi	<http://ids.clld.org/values/3-720-128-1>		<http://ids.clld.org/parameters/3-720>		<http://ids.clld.org/values/3-720-174-1>		"kawadīmə"@mch	
"ommella"@fi	<http://ids.clld.org/values/6-350-128-1>		<http://ids.clld.org/parameters/6-350>		<http://ids.clld.org/values/6-350-174-1>		"šōka-dɨ"@mch	
"welyentütær̃"@fi	<http://ids.clld.org/values/2-540-128-1>		<http://ids.clld.org/parameters/2-540>		<http://ids.clld.org/values/2-540-174-1>		"hāse"@mch	
"matala"@fi	<http://ids.clld.org/values/12-320-128-1>		<http://ids.clld.org/parameters/12-320>		<http://ids.clld.org/values/12-320-174-1>		"nonohoʔčə"@mch	
"sisælmükset"@fi	<http://ids.clld.org/values/4-461-128-1>		<http://ids.clld.org/parameters/4-461>		<http://ids.clld.org/values/4-461-174-1>		"hyōtɨ"@mch	
"likainen"@fi	<http://ids.clld.org/values/15-880-128-1>		<http://ids.clld.org/parameters/15-880>		<http://ids.clld.org/values/15-880-174-1>		"nossahe"@mch	
"piha"@fi	<http://ids.clld.org/values/7-150-128-1>		<http://ids.clld.org/parameters/7-150>		<http://ids.clld.org/values/7-150-174-1>		"hɨdōdo"@mch	
"skor̃pioni"@fi	<http://ids.clld.org/values/3-815-128-1>		<http://ids.clld.org/parameters/3-815>		<http://ids.clld.org/values/3-815-174-1>		"mɨnə̄tə"@mch	
"kielteinen"@fi	<http://ids.clld.org/values/17-560-128-5>		<http://ids.clld.org/parameters/17-560>		<http://ids.clld.org/values/17-560-174-1>		"mmʔhm"@mch	
"ei"@fi	<http://ids.clld.org/values/17-560-128-1>		<http://ids.clld.org/parameters/17-560>		<http://ids.clld.org/values/17-560-174-1>		"mmʔhm"@mch	
"kananpoika"@fi	<http://ids.clld.org/values/3-550-128-1>		<http://ids.clld.org/parameters/3-550>		<http://ids.clld.org/values/3-550-174-1>		"wamēdi"@mch	
"süntüæ ~ süntünüt"@fi	<http://ids.clld.org/values/4-720-128-1>		<http://ids.clld.org/parameters/4-720>		<http://ids.clld.org/values/4-720-174-1>		"w-ennu-nə"@mch	
"tütær̃"@fi	<http://ids.clld.org/values/2-420-128-1>		<http://ids.clld.org/parameters/2-420>		<http://ids.clld.org/values/2-420-174-1>		"nnedɨ"@mch	
"putous"@fi	<http://ids.clld.org/values/1-390-128-3>		<http://ids.clld.org/parameters/1-390>		<http://ids.clld.org/values/1-390-174-1>		"yedukadɨ"@mch	
"puuwilla"@fi	<http://ids.clld.org/values/6-240-128-1>		<http://ids.clld.org/parameters/6-240>		<http://ids.clld.org/values/6-240-174-1>		"wadēkū"@mch	
"luola"@fi	<http://ids.clld.org/values/1-280-128-1>		<http://ids.clld.org/parameters/1-280>		<http://ids.clld.org/values/1-280-174-1>		"ewɨ̄tɨ"@mch	
"sininen"@fi	<http://ids.clld.org/values/15-670-128-1>		<http://ids.clld.org/parameters/15-670>		<http://ids.clld.org/values/15-670-174-1>		"šēne"@mch	
"he"@fi	<http://ids.clld.org/values/2-960-128-1>		<http://ids.clld.org/parameters/2-960>		<http://ids.clld.org/values/2-960-174-1>		"tɨnwano"@mch	
"kietoa"@fi	<http://ids.clld.org/values/10-140-128-3>		<http://ids.clld.org/parameters/10-140>		<http://ids.clld.org/values/10-140-174-1>		"weməīya"@mch	
"tietææ"@fi	<http://ids.clld.org/values/17-170-128-1>		<http://ids.clld.org/parameters/17-170>		<http://ids.clld.org/values/17-170-174-1>		"t-owanəkə t-ɨdɨ-dɨ"@mch	
"ayatella"@fi	<http://ids.clld.org/values/17-130-128-1>		<http://ids.clld.org/parameters/17-130>		<http://ids.clld.org/values/17-130-174-1>		"tɨtahə-nə"@mch	
"mies"@fi	<http://ids.clld.org/values/2-210-128-1>		<http://ids.clld.org/parameters/2-210>		<http://ids.clld.org/values/2-210-174-1>		"danwa"@mch	
"kaar̃i"@fi	<http://ids.clld.org/values/20-240-128-1>		<http://ids.clld.org/parameters/20-240>		<http://ids.clld.org/values/20-240-174-1>		"šimāda ehɨ̄dɨ"@mch	
"sor̃sa"@fi	<http://ids.clld.org/values/3-570-128-3>		<http://ids.clld.org/parameters/3-570>		<http://ids.clld.org/values/3-570-174-1>		"[hātu]"@mch	
"r̃akkaus"@fi	<http://ids.clld.org/values/16-270-128-1>		<http://ids.clld.org/parameters/16-270>		<http://ids.clld.org/values/16-270-174-1>		"hyumma-dɨ"@mch	
"peur̃a"@fi	<http://ids.clld.org/values/3-750-128-1>		<http://ids.clld.org/parameters/3-750>		<http://ids.clld.org/values/3-750-174-1>		"kawādi"@mch	
"liha"@fi	<http://ids.clld.org/values/4-130-128-1>		<http://ids.clld.org/parameters/4-130>		<http://ids.clld.org/values/4-130-174-1>		"hyunu"@mch	
"næhdæ"@fi	<http://ids.clld.org/values/15-510-128-1>		<http://ids.clld.org/parameters/15-510>		<http://ids.clld.org/values/15-510-174-1>		"ene-dɨ"@mch	
"wihr̃eæ"@fi	<http://ids.clld.org/values/15-680-128-1>		<http://ids.clld.org/parameters/15-680>		<http://ids.clld.org/values/15-680-174-1>		"šēne"@mch	
"heittææ"@fi	<http://ids.clld.org/values/10-250-128-1>		<http://ids.clld.org/parameters/10-250>		<http://ids.clld.org/values/10-250-174-1>		"himā-dɨ"@mch	
"lankku"@fi	<http://ids.clld.org/values/7-570-128-3>		<http://ids.clld.org/parameters/7-570>		<http://ids.clld.org/values/7-570-174-1>		"[tadwa]"@mch	
"lewætæ"@fi	<http://ids.clld.org/values/4-912-128-1>		<http://ids.clld.org/parameters/4-912>		<http://ids.clld.org/values/4-912-174-1>		"wə̄dētanə"@mch	
"yælkelæinen"@fi	<http://ids.clld.org/values/2-430-128-1>		<http://ids.clld.org/parameters/2-430>		<http://ids.clld.org/values/2-430-174-1>		"nnedɨ"@mch	
"air̃o"@fi	<http://ids.clld.org/values/10-851-128-3>		<http://ids.clld.org/parameters/10-851>		<http://ids.clld.org/values/10-851-174-1>		"hēna"@mch	
"ostaa"@fi	<http://ids.clld.org/values/11-810-128-1>		<http://ids.clld.org/parameters/11-810>		<http://ids.clld.org/values/11-810-174-1>		"ehēma-dɨ"@mch	
"eno"@fi	<http://ids.clld.org/values/2-510-128-3>		<http://ids.clld.org/parameters/2-510>		<http://ids.clld.org/values/2-510-174-1>		"wōdɨ"@mch	
"minne?"@fi	<http://ids.clld.org/values/17-660-128-5>		<http://ids.clld.org/parameters/17-660>		<http://ids.clld.org/values/17-660-174-1>		"ə̄iša"@mch	
"tar̃ttua"@fi	<http://ids.clld.org/values/11-140-128-1>		<http://ids.clld.org/parameters/11-140>		<http://ids.clld.org/values/11-140-174-1>		"-ahəi-"@mch	
"henki"@fi	<http://ids.clld.org/values/16-110-128-3>		<http://ids.clld.org/parameters/16-110>		<http://ids.clld.org/values/16-110-174-1>		"dōʔta"@mch	
"küsüæ"@fi	<http://ids.clld.org/values/18-310-128-1>		<http://ids.clld.org/parameters/18-310>		<http://ids.clld.org/values/18-310-174-1>		"-ekammaho-"@mch	
"tumma"@fi	<http://ids.clld.org/values/15-630-128-1>		<http://ids.clld.org/parameters/15-630>		<http://ids.clld.org/values/15-630-174-1>		"tɨhe"@mch	
"sisæssæ"@fi	<http://ids.clld.org/values/12-50-128-1>		<http://ids.clld.org/parameters/12-50>		<http://ids.clld.org/values/12-50-174-3>		"anwaʔka"@mch	
"sisæssæ"@fi	<http://ids.clld.org/values/12-50-128-1>		<http://ids.clld.org/parameters/12-50>		<http://ids.clld.org/values/12-50-174-1>		"aʔka"@mch	
"ühdeksæn"@fi	<http://ids.clld.org/values/13-90-128-1>		<http://ids.clld.org/parameters/13-90>		<http://ids.clld.org/values/13-90-174-1>		"āʔkəi čea amohaʔto"@mch	
"lapsi"@fi	<http://ids.clld.org/values/2-270-128-1>		<http://ids.clld.org/parameters/2-270>		<http://ids.clld.org/values/2-270-174-1>		"nnedɨ"@mch	
"papukaiya"@fi	<http://ids.clld.org/values/3-592-128-1>		<http://ids.clld.org/parameters/3-592>		<http://ids.clld.org/values/3-592-174-1>		"[dodo]"@mch	
"pullokur̃pitsa"@fi	<http://ids.clld.org/values/8-930-128-1>		<http://ids.clld.org/parameters/8-930>		<http://ids.clld.org/values/8-930-174-1>		"kankudu"@mch	
"por̃tti"@fi	<http://ids.clld.org/values/7-220-128-3>		<http://ids.clld.org/parameters/7-220>		<http://ids.clld.org/values/7-220-174-1>		"mɨnātata"@mch	
"puu"@fi	<http://ids.clld.org/values/1-430-128-1>		<http://ids.clld.org/parameters/1-430>		<http://ids.clld.org/values/1-430-174-1>		"dē"@mch	
"uida"@fi	<http://ids.clld.org/values/10-350-128-1>		<http://ids.clld.org/parameters/10-350>		<http://ids.clld.org/values/10-350-174-1>		"tɨwəʔhiyɨ"@mch	
"par̃ta"@fi	<http://ids.clld.org/values/4-142-128-1>		<http://ids.clld.org/parameters/4-142>		<http://ids.clld.org/values/4-142-174-1>		"ettəmuho"@mch	
"tuhka"@fi	<http://ids.clld.org/values/1-840-128-1>		<http://ids.clld.org/parameters/1-840>		<http://ids.clld.org/values/1-840-174-1>		"wedēnnə"@mch	
"lima"@fi	<http://ids.clld.org/values/4-232-128-1>		<http://ids.clld.org/parameters/4-232>		<http://ids.clld.org/values/4-232-174-1>		"ənuʔtə"@mch	
"maha"@fi	<http://ids.clld.org/values/4-460-128-1>		<http://ids.clld.org/parameters/4-460>		<http://ids.clld.org/values/4-460-174-1>		"dudūnoi"@mch	
"alku"@fi	<http://ids.clld.org/values/14-250-128-7>		<http://ids.clld.org/parameters/14-250>		<http://ids.clld.org/values/14-250-174-1>		"ahəntədɨ"@mch	
"ampiainen"@fi	<http://ids.clld.org/values/3-823-128-1>		<http://ids.clld.org/parameters/3-823>		<http://ids.clld.org/values/3-823-174-1>		"sūnwa"@mch	
"tawata"@fi	<http://ids.clld.org/values/19-650-128-1>		<http://ids.clld.org/parameters/19-650>		<http://ids.clld.org/values/19-650-174-1>		"edantə-dɨ"@mch	
"punainen"@fi	<http://ids.clld.org/values/15-660-128-1>		<http://ids.clld.org/parameters/15-660>		<http://ids.clld.org/values/15-660-174-1>		"seweičato"@mch	
"alkaa"@fi	<http://ids.clld.org/values/14-250-128-3>		<http://ids.clld.org/parameters/14-250>		<http://ids.clld.org/values/14-250-174-1>		"ahəntədɨ"@mch	
"welyenpoika"@fi	<http://ids.clld.org/values/2-530-128-1>		<http://ids.clld.org/parameters/2-530>		<http://ids.clld.org/values/2-530-174-1>		"honɨ"@mch	
"welyenpoika"@fi	<http://ids.clld.org/values/2-530-128-1>		<http://ids.clld.org/parameters/2-530>		<http://ids.clld.org/values/2-530-174-3>		"honɨ-kə"@mch	
"kettu"@fi	<http://ids.clld.org/values/3-740-128-1>		<http://ids.clld.org/parameters/3-740>		<http://ids.clld.org/values/3-740-174-1>		"awadudi"@mch	
"asia"@fi	<http://ids.clld.org/values/11-180-128-1>		<http://ids.clld.org/parameters/11-180>		<http://ids.clld.org/values/11-180-174-1>		"k-ɨnnɨdɨʔ-komo"@mch	
"üö"@fi	<http://ids.clld.org/values/14-420-128-1>		<http://ids.clld.org/parameters/14-420>		<http://ids.clld.org/values/14-420-174-1>		"čomomɨ̄dɨ"@mch	
"pur̃istaa"@fi	<http://ids.clld.org/values/9-343-128-1>		<http://ids.clld.org/parameters/9-343>		<http://ids.clld.org/values/9-343-174-1>		"eʔkukā-dɨ"@mch	
"kayakki"@fi	<http://ids.clld.org/values/10-831-128-3>		<http://ids.clld.org/parameters/10-831>		<http://ids.clld.org/values/10-831-174-1>		"[kanowa]"@mch	
"setæ"@fi	<http://ids.clld.org/values/2-512-128-1>		<http://ids.clld.org/parameters/2-512>		<http://ids.clld.org/values/2-512-174-1>		"haha"@mch	
"waar̃i"@fi	<http://ids.clld.org/values/2-460-128-3>		<http://ids.clld.org/parameters/2-460>		<http://ids.clld.org/values/2-460-174-1>		"kōko"@mch	
"kiir̃einen"@fi	<http://ids.clld.org/values/14-210-128-5>		<http://ids.clld.org/parameters/14-210>		<http://ids.clld.org/values/14-210-174-1>		"tamhə̄ʔne"@mch	
"niin"@fi	<http://ids.clld.org/values/17-550-128-3>		<http://ids.clld.org/parameters/17-550>		<http://ids.clld.org/values/17-550-174-3>		"mmhm"@mch	
"niin"@fi	<http://ids.clld.org/values/17-550-128-3>		<http://ids.clld.org/parameters/17-550>		<http://ids.clld.org/values/17-550-174-1>		"ʔeee"@mch	
"alla"@fi	<http://ids.clld.org/values/12-30-128-1>		<http://ids.clld.org/parameters/12-30>		<http://ids.clld.org/values/12-30-174-1>		"doʔnə"@mch	
"muor̃i"@fi	<http://ids.clld.org/values/2-471-128-1>		<http://ids.clld.org/parameters/2-471>		<http://ids.clld.org/values/2-471-174-1>		"noʔsamoʔkɨ"@mch	
"tanssia"@fi	<http://ids.clld.org/values/10-440-128-1>		<http://ids.clld.org/parameters/10-440>		<http://ids.clld.org/values/10-440-174-1>		"-ənwa-"@mch	
"iho"@fi	<http://ids.clld.org/values/4-120-128-1>		<http://ids.clld.org/parameters/4-120>		<http://ids.clld.org/values/4-120-174-1>		"hiʔhə"@mch	
"tupakka"@fi	<http://ids.clld.org/values/8-680-128-1>		<http://ids.clld.org/parameters/8-680>		<http://ids.clld.org/values/8-680-174-1>		"kawai"@mch	
"nahka"@fi	<http://ids.clld.org/values/4-120-128-3>		<http://ids.clld.org/parameters/4-120>		<http://ids.clld.org/values/4-120-174-1>		"hiʔhə"@mch	
"miksi?"@fi	<http://ids.clld.org/values/17-690-128-1>		<http://ids.clld.org/parameters/17-690>		<http://ids.clld.org/values/17-690-174-1>		"ākene yeihəkə"@mch	
"lühüt"@fi	<http://ids.clld.org/values/12-590-128-1>		<http://ids.clld.org/parameters/12-590>		<http://ids.clld.org/values/12-590-174-1>		"tawedato"@mch	
"kallio"@fi	<http://ids.clld.org/values/1-440-128-3>		<http://ids.clld.org/parameters/1-440>		<http://ids.clld.org/values/1-440-174-1>		"təʔhu"@mch	
"mela"@fi	<http://ids.clld.org/values/10-851-128-1>		<http://ids.clld.org/parameters/10-851>		<http://ids.clld.org/values/10-851-174-1>		"hēna"@mch	
"maaper̃æ"@fi	<http://ids.clld.org/values/1-212-128-3>		<http://ids.clld.org/parameters/1-212>		<http://ids.clld.org/values/1-212-174-1>		"nono"@mch	
"lææke"@fi	<http://ids.clld.org/values/4-880-128-1>		<http://ids.clld.org/parameters/4-880>		<http://ids.clld.org/values/4-880-174-1>		"əhi"@mch	
"kor̃wa"@fi	<http://ids.clld.org/values/4-220-128-1>		<http://ids.clld.org/parameters/4-220>		<http://ids.clld.org/values/4-220-174-1>		"hāna"@mch	
"isoæiti"@fi	<http://ids.clld.org/values/2-470-128-1>		<http://ids.clld.org/parameters/2-470>		<http://ids.clld.org/values/2-470-174-1>		"-tamū-du"@mch	
"r̃iemukas"@fi	<http://ids.clld.org/values/16-230-128-3>		<http://ids.clld.org/parameters/16-230>		<http://ids.clld.org/values/16-230-174-1>		"takwanɲe"@mch	
"pæiwæ"@fi	<http://ids.clld.org/values/1-520-128-3>		<http://ids.clld.org/parameters/1-520>		<http://ids.clld.org/values/1-520-174-1>		"šī"@mch	
"toukka"@fi	<http://ids.clld.org/values/3-840-128-3>		<http://ids.clld.org/parameters/3-840>		<http://ids.clld.org/values/3-840-174-1>		"motto"@mch	
"saammakko"@fi	<http://ids.clld.org/values/3-950-128-1>		<http://ids.clld.org/parameters/3-950>		<http://ids.clld.org/values/3-950-174-1>		"kɨʔto"@mch	
"tuoli"@fi	<http://ids.clld.org/values/7-430-128-1>		<http://ids.clld.org/parameters/7-430>		<http://ids.clld.org/values/7-430-174-1>		"āʔtəy"@mch	
"kær̃pænen"@fi	<http://ids.clld.org/values/3-830-128-1>		<http://ids.clld.org/parameters/3-830>		<http://ids.clld.org/values/3-830-174-1>		"wedēsede"@mch	
"leikellæ pois"@fi	<http://ids.clld.org/values/9-221-128-3>		<http://ids.clld.org/parameters/9-221>		<http://ids.clld.org/values/9-221-174-1>		"čūhiya-dɨ"@mch	
"leikellæ pois"@fi	<http://ids.clld.org/values/9-221-128-3>		<http://ids.clld.org/parameters/9-221>		<http://ids.clld.org/values/9-221-174-3>		"yaʔka-dɨ"@mch	
"kuolla"@fi	<http://ids.clld.org/values/4-750-128-1>		<http://ids.clld.org/parameters/4-750>		<http://ids.clld.org/values/4-750-174-1>		"-əma-"@mch	
"walkoinen"@fi	<http://ids.clld.org/values/15-640-128-1>		<http://ids.clld.org/parameters/15-640>		<http://ids.clld.org/values/15-640-174-1>		"təʔkeʔne"@mch	
"wær̃i"@fi	<http://ids.clld.org/values/9-880-128-1>		<http://ids.clld.org/parameters/9-880>		<http://ids.clld.org/values/9-880-174-1>		"wānai"@mch	
"kæüdæ kauppaa"@fi	<http://ids.clld.org/values/11-830-128-1>		<http://ids.clld.org/parameters/11-830>		<http://ids.clld.org/values/11-830-174-1>		"wətəʔtihānə"@mch	
"tüöntææ"@fi	<http://ids.clld.org/values/10-670-128-1>		<http://ids.clld.org/parameters/10-670>		<http://ids.clld.org/values/10-670-174-1>		"-adima-dɨ"@mch	
"lintu"@fi	<http://ids.clld.org/values/3-581-128-1>		<http://ids.clld.org/parameters/3-581>		<http://ids.clld.org/values/3-581-174-1>		"hawi"@mch	
"poika"@fi	<http://ids.clld.org/values/2-250-128-1>		<http://ids.clld.org/parameters/2-250>		<http://ids.clld.org/values/2-250-174-1>		"mudekə̄kə"@mch	
"kumppani"@fi	<http://ids.clld.org/values/19-510-128-5>		<http://ids.clld.org/parameters/19-510>		<http://ids.clld.org/values/19-510-174-1>		"weičakōno"@mch	
"kellua"@fi	<http://ids.clld.org/values/10-340-128-3>		<http://ids.clld.org/parameters/10-340>		<http://ids.clld.org/values/10-340-174-1>		"tɨtāwaʔta"@mch	
"omistaa"@fi	<http://ids.clld.org/values/11-110-128-1>		<http://ids.clld.org/parameters/11-110>		<http://ids.clld.org/values/11-110-174-1>		"tɨweiye wənɲe"@mch	
"elonkor̃yuu"@fi	<http://ids.clld.org/values/8-410-128-3>		<http://ids.clld.org/parameters/8-410>		<http://ids.clld.org/values/8-410-174-1>		"inɲatɨʔtə̄dɨ"@mch	
"laita"@fi	<http://ids.clld.org/values/12-353-128-3>		<http://ids.clld.org/parameters/12-353>		<http://ids.clld.org/values/12-353-174-1>		"čəʔhiyu"@mch	
"luu"@fi	<http://ids.clld.org/values/4-160-128-1>		<http://ids.clld.org/parameters/4-160>		<http://ids.clld.org/values/4-160-174-1>		"yēʔhə"@mch	
"kor̃u"@fi	<http://ids.clld.org/values/6-710-128-3>		<http://ids.clld.org/parameters/6-710>		<http://ids.clld.org/values/6-710-174-1>		"sawīya"@mch	
"talo"@fi	<http://ids.clld.org/values/7-120-128-1>		<http://ids.clld.org/parameters/7-120>		<http://ids.clld.org/values/7-120-174-1>		"mmā"@mch	
"tuntea"@fi	<http://ids.clld.org/values/17-170-128-3>		<http://ids.clld.org/parameters/17-170>		<http://ids.clld.org/values/17-170-174-1>		"t-owanəkə t-ɨdɨ-dɨ"@mch	
"sütüttææ"@fi	<http://ids.clld.org/values/1-860-128-1>		<http://ids.clld.org/parameters/1-860>		<http://ids.clld.org/values/1-860-174-1>		"-kemetə-"@mch	
"r̃aaka"@fi	<http://ids.clld.org/values/5-124-128-3>		<http://ids.clld.org/parameters/5-124>		<http://ids.clld.org/values/5-124-174-1>		"šēne"@mch	
"keskimmæinen"@fi	<http://ids.clld.org/values/12-370-128-1>		<http://ids.clld.org/parameters/12-370>		<http://ids.clld.org/values/12-370-174-1>		"annai"@mch	
"kitker̃æ"@fi	<http://ids.clld.org/values/15-370-128-3>		<http://ids.clld.org/parameters/15-370>		<http://ids.clld.org/values/15-370-174-1>		"tutune"@mch	
"yalka"@fi	<http://ids.clld.org/values/4-350-128-1>		<http://ids.clld.org/parameters/4-350>		<http://ids.clld.org/values/4-350-174-1>		"hētɨ"@mch	
"kotilo"@fi	<http://ids.clld.org/values/3-940-128-3>		<http://ids.clld.org/parameters/3-940>		<http://ids.clld.org/values/3-940-174-1>		"memu"@mch	
"kuuma"@fi	<http://ids.clld.org/values/15-850-128-1>		<http://ids.clld.org/parameters/15-850>		<http://ids.clld.org/values/15-850-174-1>		"taʔne"@mch	
"waatteet"@fi	<http://ids.clld.org/values/6-120-128-1>		<http://ids.clld.org/parameters/6-120>		<http://ids.clld.org/values/6-120-174-1>		"womɨ"@mch	
"lanka"@fi	<http://ids.clld.org/values/6-380-128-1>		<http://ids.clld.org/parameters/6-380>		<http://ids.clld.org/values/6-380-174-1>		"hakūdimɨʔtɨ"@mch	
"antaa"@fi	<http://ids.clld.org/values/11-210-128-1>		<http://ids.clld.org/parameters/11-210>		<http://ids.clld.org/values/11-210-174-1>		"utūdu"@mch	
"ater̃ia"@fi	<http://ids.clld.org/values/5-410-128-1>		<http://ids.clld.org/parameters/5-410>		<http://ids.clld.org/values/5-410-174-1>		"əwainši"@mch	
"kapea"@fi	<http://ids.clld.org/values/12-620-128-1>		<http://ids.clld.org/parameters/12-620>		<http://ids.clld.org/values/12-620-174-3>		"anwakɨme"@mch	
"kapea"@fi	<http://ids.clld.org/values/12-620-128-1>		<http://ids.clld.org/parameters/12-620>		<http://ids.clld.org/values/12-620-174-1>		"danwadɨ"@mch	
"waihtaa"@fi	<http://ids.clld.org/values/12-930-128-3>		<http://ids.clld.org/parameters/12-930>		<http://ids.clld.org/values/12-930-174-1>		"w-ekamhiaka-nə"@mch	
"huone"@fi	<http://ids.clld.org/values/7-210-128-1>		<http://ids.clld.org/parameters/7-210>		<http://ids.clld.org/values/7-210-174-1>		"əʔsa"@mch	
"hakea"@fi	<http://ids.clld.org/values/11-310-128-3>		<http://ids.clld.org/parameters/11-310>		<http://ids.clld.org/values/11-310-174-1>		"uhīyɨ"@mch	
"pehmeæ"@fi	<http://ids.clld.org/values/15-750-128-1>		<http://ids.clld.org/parameters/15-750>		<http://ids.clld.org/values/15-750-174-1>		"tɨwansuʔde"@mch	
"yousi"@fi	<http://ids.clld.org/values/20-240-128-3>		<http://ids.clld.org/parameters/20-240>		<http://ids.clld.org/values/20-240-174-1>		"šimāda ehɨ̄dɨ"@mch	
"hæmæhækki"@fi	<http://ids.clld.org/values/3-818-128-1>		<http://ids.clld.org/parameters/3-818>		<http://ids.clld.org/values/3-818-174-1>		"modoy"@mch	
"mikæ?"@fi	<http://ids.clld.org/values/17-640-128-1>		<http://ids.clld.org/parameters/17-640>		<http://ids.clld.org/values/17-640-174-1>		"ākene"@mch	
"koir̃a"@fi	<http://ids.clld.org/values/3-610-128-1>		<http://ids.clld.org/parameters/3-610>		<http://ids.clld.org/values/3-610-174-1>		"sɨ̄ʔna"@mch	
"kaksikümmentæ"@fi	<http://ids.clld.org/values/13-104-128-1>		<http://ids.clld.org/parameters/13-104>		<http://ids.clld.org/values/13-104-174-1>		"tōni ssoto"@mch	
"kümmenen"@fi	<http://ids.clld.org/values/13-100-128-1>		<http://ids.clld.org/parameters/13-100>		<http://ids.clld.org/values/13-100-174-1>		"amohadə"@mch	
"kor̃i"@fi	<http://ids.clld.org/values/9-760-128-1>		<http://ids.clld.org/parameters/9-760>		<http://ids.clld.org/values/9-760-174-1>		"wɨ̄wa"@mch	
"kaunis"@fi	<http://ids.clld.org/values/16-810-128-1>		<http://ids.clld.org/parameters/16-810>		<http://ids.clld.org/values/16-810-174-1>		"inɲatahe"@mch	
"nopea"@fi	<http://ids.clld.org/values/14-210-128-1>		<http://ids.clld.org/parameters/14-210>		<http://ids.clld.org/values/14-210-174-1>		"tamhə̄ʔne"@mch	
"sielu"@fi	<http://ids.clld.org/values/16-110-128-1>		<http://ids.clld.org/parameters/16-110>		<http://ids.clld.org/values/16-110-174-1>		"dōʔta"@mch	
"læhellæ"@fi	<http://ids.clld.org/values/12-430-128-1>		<http://ids.clld.org/parameters/12-430>		<http://ids.clld.org/values/12-430-174-1>		"amoinče-ʔda"@mch	
"ser̃kku"@fi	<http://ids.clld.org/values/2-550-128-1>		<http://ids.clld.org/parameters/2-550>		<http://ids.clld.org/values/2-550-174-1>		"waiɲe"@mch	
"ser̃kku"@fi	<http://ids.clld.org/values/2-550-128-1>		<http://ids.clld.org/parameters/2-550>		<http://ids.clld.org/values/2-550-174-3>		"yāʔko"@mch	
"pæættææ"@fi	<http://ids.clld.org/values/14-270-128-3>		<http://ids.clld.org/parameters/14-270>		<http://ids.clld.org/values/14-270-174-1>		"w-əʔka-nə"@mch	
"musta"@fi	<http://ids.clld.org/values/15-650-128-1>		<http://ids.clld.org/parameters/15-650>		<http://ids.clld.org/values/15-650-174-1>		"hudumato"@mch	
"tikapuut ~ tikkaat"@fi	<http://ids.clld.org/values/7-370-128-1>		<http://ids.clld.org/parameters/7-370>		<http://ids.clld.org/values/7-370-174-1>		"inɲahuʔtahə"@mch	
"r̃uoka"@fi	<http://ids.clld.org/values/5-120-128-1>		<http://ids.clld.org/parameters/5-120>		<http://ids.clld.org/values/5-120-174-1>		"mudūkuku"@mch	
"waatia"@fi	<http://ids.clld.org/values/18-350-128-3>		<http://ids.clld.org/parameters/18-350>		<http://ids.clld.org/values/18-350-174-1>		"eʔkatə-dɨ"@mch	
"katto"@fi	<http://ids.clld.org/values/7-510-128-1>		<http://ids.clld.org/parameters/7-510>		<http://ids.clld.org/values/7-510-174-1>		"aməʔhɨdɨ"@mch	
"mætæ"@fi	<http://ids.clld.org/values/5-125-128-3>		<http://ids.clld.org/parameters/5-125>		<http://ids.clld.org/values/5-125-174-1>		"čə̄tāhə"@mch	
"kæær̃iæ"@fi	<http://ids.clld.org/values/10-140-128-1>		<http://ids.clld.org/parameters/10-140>		<http://ids.clld.org/values/10-140-174-1>		"weməīya"@mch	
"r̃epiæ"@fi	<http://ids.clld.org/values/9-280-128-1>		<http://ids.clld.org/parameters/9-280>		<http://ids.clld.org/values/9-280-174-1>		"-iši-"@mch	
"tehdæ"@fi	<http://ids.clld.org/values/9-110-128-1>		<http://ids.clld.org/parameters/9-110>		<http://ids.clld.org/values/9-110-174-1>		"tɨdɨ̄dɨ"@mch	
"suur̃i"@fi	<http://ids.clld.org/values/12-550-128-1>		<http://ids.clld.org/parameters/12-550>		<http://ids.clld.org/values/12-550-174-1>		"nuwe"@mch	
"polwi"@fi	<http://ids.clld.org/values/4-360-128-1>		<http://ids.clld.org/parameters/4-360>		<http://ids.clld.org/values/4-360-174-1>		"ə̄ʔmu"@mch	
"maa"@fi	<http://ids.clld.org/values/1-212-128-1>		<http://ids.clld.org/parameters/1-212>		<http://ids.clld.org/values/1-212-174-1>		"nono"@mch	
"mennæ"@fi	<http://ids.clld.org/values/10-470-128-1>		<http://ids.clld.org/parameters/10-470>		<http://ids.clld.org/values/10-470-174-1>		"wɨʔtə̄-nə"@mch	
"kantaa"@fi	<http://ids.clld.org/values/10-610-128-1>		<http://ids.clld.org/parameters/10-610>		<http://ids.clld.org/values/10-610-174-1>		"-adə̄-"@mch	
"kieli"@fi	<http://ids.clld.org/values/18-240-128-1>		<http://ids.clld.org/parameters/18-240>		<http://ids.clld.org/values/18-240-174-1>		"āʔdewʔkwe"@mch	
"kolme"@fi	<http://ids.clld.org/values/13-30-128-1>		<http://ids.clld.org/parameters/13-30>		<http://ids.clld.org/values/13-30-174-1>		"aduwawə"@mch	
"kæwellæ"@fi	<http://ids.clld.org/values/10-450-128-3>		<http://ids.clld.org/parameters/10-450>		<http://ids.clld.org/values/10-450-174-1>		"w-ōhoyma-nə"@mch	
"huutaa"@fi	<http://ids.clld.org/values/18-130-128-1>		<http://ids.clld.org/parameters/18-130>		<http://ids.clld.org/values/18-130-174-1>		"kəʔtɨn-nə"@mch	
"üllæ"@fi	<http://ids.clld.org/values/12-80-128-3>		<http://ids.clld.org/parameters/12-80>		<http://ids.clld.org/values/12-80-174-1>		"kawə̄"@mch	
"pukeutua"@fi	<http://ids.clld.org/values/6-110-128-1>		<http://ids.clld.org/parameters/6-110>		<http://ids.clld.org/values/6-110-174-1>		"wewontənə"@mch	
"tüöskennellæ"@fi	<http://ids.clld.org/values/9-120-128-3>		<http://ids.clld.org/parameters/9-120>		<http://ids.clld.org/values/9-120-174-1>		"tadawāhu"@mch	
"siipi"@fi	<http://ids.clld.org/values/4-392-128-1>		<http://ids.clld.org/parameters/4-392>		<http://ids.clld.org/values/4-392-174-1>		"ahəʔsai"@mch	
"owi"@fi	<http://ids.clld.org/values/7-220-128-1>		<http://ids.clld.org/parameters/7-220>		<http://ids.clld.org/values/7-220-174-1>		"mɨnātata"@mch	
"tehdæ r̃uokaa ~ laittaa r̃uokaa"@fi	<http://ids.clld.org/values/5-210-128-1>		<http://ids.clld.org/parameters/5-210>		<http://ids.clld.org/values/5-210-174-1>		"-aʔnə"@mch	
"painawa"@fi	<http://ids.clld.org/values/15-810-128-3>		<http://ids.clld.org/parameters/15-810>		<http://ids.clld.org/values/15-810-174-1>		"tamənɲato"@mch	
"wiuhka"@fi	<http://ids.clld.org/values/9-790-128-1>		<http://ids.clld.org/parameters/9-790>		<http://ids.clld.org/values/9-790-174-1>		"wadi-wadi"@mch	
"naispuolinen"@fi	<http://ids.clld.org/values/2-240-128-1>		<http://ids.clld.org/parameters/2-240>		<http://ids.clld.org/values/2-240-174-1>		"wodi"@mch	
"suu"@fi	<http://ids.clld.org/values/4-240-128-1>		<http://ids.clld.org/parameters/4-240>		<http://ids.clld.org/values/4-240-174-1>		"ənta"@mch	
"laiha"@fi	<http://ids.clld.org/values/12-650-128-3>		<http://ids.clld.org/parameters/12-650>		<http://ids.clld.org/values/12-650-174-1>		"sāʔtahe"@mch	
"panna"@fi	<http://ids.clld.org/values/12-120-128-1>		<http://ids.clld.org/parameters/12-120>		<http://ids.clld.org/values/12-120-174-1>		"enɨ̄ta"@mch	
"panna"@fi	<http://ids.clld.org/values/12-120-128-1>		<http://ids.clld.org/parameters/12-120>		<http://ids.clld.org/values/12-120-174-3>		"-ehuʔta-"@mch	
"laulaa"@fi	<http://ids.clld.org/values/18-120-128-1>		<http://ids.clld.org/parameters/18-120>		<http://ids.clld.org/values/18-120-174-1>		"we[kantā]ʔɲənə"@mch	
"sitoa"@fi	<http://ids.clld.org/values/9-160-128-1>		<http://ids.clld.org/parameters/9-160>		<http://ids.clld.org/values/9-160-174-1>		"imɨdɨ"@mch	
"maalata"@fi	<http://ids.clld.org/values/9-890-128-3>		<http://ids.clld.org/parameters/9-890>		<http://ids.clld.org/values/9-890-174-1>		"wemānʔa"@mch	
"opettaa"@fi	<http://ids.clld.org/values/17-250-128-1>		<http://ids.clld.org/parameters/17-250>		<http://ids.clld.org/values/17-250-174-1>		"-owānoma-"@mch	
"muna"@fi	<http://ids.clld.org/values/5-970-128-1>		<http://ids.clld.org/parameters/5-970>		<http://ids.clld.org/values/5-970-174-1>		"iʔmoi"@mch	
"laaya"@fi	<http://ids.clld.org/values/12-610-128-1>		<http://ids.clld.org/parameters/12-610>		<http://ids.clld.org/values/12-610-174-1>		"taʔhuhūne"@mch	
"takana"@fi	<http://ids.clld.org/values/12-11-128-1>		<http://ids.clld.org/parameters/12-11>		<http://ids.clld.org/values/12-11-174-1>		"mənse"@mch	
"tukka"@fi	<http://ids.clld.org/values/4-140-128-3>		<http://ids.clld.org/parameters/4-140>		<http://ids.clld.org/values/4-140-174-1>		"hū"@mch	
"keihæs"@fi	<http://ids.clld.org/values/20-260-128-1>		<http://ids.clld.org/parameters/20-260>		<http://ids.clld.org/values/20-260-174-1>		"sukuhi"@mch	
"mædænnüt"@fi	<http://ids.clld.org/values/5-125-128-1>		<http://ids.clld.org/parameters/5-125>		<http://ids.clld.org/values/5-125-174-1>		"čə̄tāhə"@mch	
"küpsæ"@fi	<http://ids.clld.org/values/5-123-128-1>		<http://ids.clld.org/parameters/5-123>		<http://ids.clld.org/values/5-123-174-1>		"sēweyčato"@mch	
"wayota"@fi	<http://ids.clld.org/values/10-330-128-1>		<http://ids.clld.org/parameters/10-330>		<http://ids.clld.org/values/10-330-174-1>		"yehuʔkwai"@mch	
"lehti"@fi	<http://ids.clld.org/values/8-560-128-1>		<http://ids.clld.org/parameters/8-560>		<http://ids.clld.org/values/8-560-174-1>		"yadɨ"@mch	
"nousta"@fi	<http://ids.clld.org/values/10-210-128-1>		<http://ids.clld.org/parameters/10-210>		<http://ids.clld.org/values/10-210-174-1>		"w-ənuʔnə"@mch	
"ottaa"@fi	<http://ids.clld.org/values/11-130-128-1>		<http://ids.clld.org/parameters/11-130>		<http://ids.clld.org/values/11-130-174-1>		"w-emhan-nə"@mch	
"üksi"@fi	<http://ids.clld.org/values/13-10-128-1>		<http://ids.clld.org/parameters/13-10>		<http://ids.clld.org/values/13-10-174-1>		"tōni"@mch	
"hüwæ"@fi	<http://ids.clld.org/values/16-710-128-1>		<http://ids.clld.org/parameters/16-710>		<http://ids.clld.org/values/16-710-174-1>		"ašiča"@mch	
"iso"@fi	<http://ids.clld.org/values/12-550-128-3>		<http://ids.clld.org/parameters/12-550>		<http://ids.clld.org/values/12-550-174-1>		"nuwe"@mch	
"aina"@fi	<http://ids.clld.org/values/14-310-128-1>		<http://ids.clld.org/parameters/14-310>		<http://ids.clld.org/values/14-310-174-1>		"wenēne"@mch	
"heinæsir̃kka"@fi	<http://ids.clld.org/values/3-930-128-1>		<http://ids.clld.org/parameters/3-930>		<http://ids.clld.org/values/3-930-174-1>		"kɨdatay"@mch	
"polttaa (tupakkaa)"@fi	<http://ids.clld.org/values/8-690-128-3>		<http://ids.clld.org/parameters/8-690>		<http://ids.clld.org/values/8-690-174-1>		"-eima-"@mch	
"yakaa"@fi	<http://ids.clld.org/values/12-232-128-1>		<http://ids.clld.org/parameters/12-232>		<http://ids.clld.org/values/12-232-174-1>		"yātohətɨdɨ"@mch	
"muur̃i"@fi	<http://ids.clld.org/values/7-270-128-1>		<http://ids.clld.org/parameters/7-270>		<http://ids.clld.org/values/7-270-174-1>		"həʔhudu"@mch	
"huilu"@fi	<http://ids.clld.org/values/18-710-128-1>		<http://ids.clld.org/parameters/18-710>		<http://ids.clld.org/values/18-710-174-1>		"hīču"@mch	
"püör̃eæ"@fi	<http://ids.clld.org/values/12-810-128-1>		<http://ids.clld.org/parameters/12-810>		<http://ids.clld.org/values/12-810-174-1>		"kokkoduhaʔto"@mch	
"walehdella"@fi	<http://ids.clld.org/values/16-670-128-1>		<http://ids.clld.org/parameters/16-670>		<http://ids.clld.org/values/16-670-174-1>		"-enkutə-"@mch	
"tülppæ"@fi	<http://ids.clld.org/values/15-790-128-3>		<http://ids.clld.org/parameters/15-790>		<http://ids.clld.org/values/15-790-174-1>		"tuhuʔhūdato"@mch	
"pææstææ"@fi	<http://ids.clld.org/values/19-470-128-3>		<http://ids.clld.org/parameters/19-470>		<http://ids.clld.org/values/19-470-174-1>		"tɨdɨho-dɨ"@mch	
"külmæ"@fi	<http://ids.clld.org/values/15-860-128-1>		<http://ids.clld.org/parameters/15-860>		<http://ids.clld.org/values/15-860-174-1>		"kəmme"@mch	
"lüödæ"@fi	<http://ids.clld.org/values/9-210-128-1>		<http://ids.clld.org/parameters/9-210>		<http://ids.clld.org/values/9-210-174-1>		"-aiʔhuka-dɨ"@mch	
"sisar̃entütær̃"@fi	<http://ids.clld.org/values/2-540-128-3>		<http://ids.clld.org/parameters/2-540>		<http://ids.clld.org/values/2-540-174-1>		"hāse"@mch	
"elæwæ"@fi	<http://ids.clld.org/values/4-740-128-3>		<http://ids.clld.org/parameters/4-740>		<http://ids.clld.org/values/4-740-174-1>		"wenɲə"@mch	
"yuosta"@fi	<http://ids.clld.org/values/10-460-128-1>		<http://ids.clld.org/parameters/10-460>		<http://ids.clld.org/values/10-460-174-1>		"w-ekaʔtɨn-nə"@mch	
"r̃otta"@fi	<http://ids.clld.org/values/3-630-128-3>		<http://ids.clld.org/parameters/3-630>		<http://ids.clld.org/values/3-630-174-1>		"asɨ̄kɨ"@mch	
"mato"@fi	<http://ids.clld.org/values/3-840-128-1>		<http://ids.clld.org/parameters/3-840>		<http://ids.clld.org/values/3-840-174-1>		"motto"@mch	
"eno"@fi	<http://ids.clld.org/values/2-511-128-1>		<http://ids.clld.org/parameters/2-511>		<http://ids.clld.org/values/2-511-174-1>		"yawo"@mch	
"wiisi"@fi	<http://ids.clld.org/values/13-50-128-1>		<http://ids.clld.org/parameters/13-50>		<http://ids.clld.org/values/13-50-174-1>		"hyātodea"@mch	
"pohye"@fi	<http://ids.clld.org/values/4-352-128-1>		<http://ids.clld.org/parameters/4-352>		<http://ids.clld.org/values/4-352-174-1>		"hōde"@mch	
"sur̃u"@fi	<http://ids.clld.org/values/16-320-128-3>		<http://ids.clld.org/parameters/16-320>		<http://ids.clld.org/values/16-320-174-1>		"wentumhe"@mch	
"r̃inta"@fi	<http://ids.clld.org/values/4-410-128-1>		<http://ids.clld.org/parameters/4-410>		<http://ids.clld.org/values/4-410-174-1>		"ʔdohɨ-dɨ"@mch	
"pukimet"@fi	<http://ids.clld.org/values/6-120-128-3>		<http://ids.clld.org/parameters/6-120>		<http://ids.clld.org/values/6-120-174-1>		"womɨ"@mch	
"paholainen"@fi	<http://ids.clld.org/values/22-350-128-3>		<http://ids.clld.org/parameters/22-350>		<http://ids.clld.org/values/22-350-174-1>		"kahūšawa"@mch	
"wanhempi sisar̃"@fi	<http://ids.clld.org/values/2-454-128-1>		<http://ids.clld.org/parameters/2-454>		<http://ids.clld.org/values/2-454-174-1>		"yāya"@mch	
"palata"@fi	<http://ids.clld.org/values/10-481-128-3>		<http://ids.clld.org/parameters/10-481>		<http://ids.clld.org/values/10-481-174-1>		"w-ennakā-nə"@mch	
"löütææ"@fi	<http://ids.clld.org/values/11-320-128-1>		<http://ids.clld.org/parameters/11-320>		<http://ids.clld.org/values/11-320-174-1>		"edantə-dɨ"@mch	
"wir̃ittææ"@fi	<http://ids.clld.org/values/1-860-128-3>		<http://ids.clld.org/parameters/1-860>		<http://ids.clld.org/values/1-860-174-1>		"-kemetə-"@mch	
"lapsenlapsi"@fi	<http://ids.clld.org/values/2-490-128-1>		<http://ids.clld.org/parameters/2-490>		<http://ids.clld.org/values/2-490-174-1>		"hādɨ"@mch	
"kor̃iste"@fi	<http://ids.clld.org/values/6-710-128-1>		<http://ids.clld.org/parameters/6-710>		<http://ids.clld.org/values/6-710-174-1>		"sawīya"@mch	
"minkælæinen?"@fi	<http://ids.clld.org/values/17-670-128-3>		<http://ids.clld.org/parameters/17-670>		<http://ids.clld.org/values/17-670-174-1>		"əišə̄no"@mch	
"uudelleen"@fi	<http://ids.clld.org/values/14-350-128-5>		<http://ids.clld.org/parameters/14-350>		<http://ids.clld.org/values/14-350-174-1>		"dea"@mch	
"ihminen"@fi	<http://ids.clld.org/values/2-100-128-1>		<http://ids.clld.org/parameters/2-100>		<http://ids.clld.org/values/2-100-174-1>		"ssoto"@mch	
"ilta"@fi	<http://ids.clld.org/values/14-460-128-1>		<http://ids.clld.org/parameters/14-460>		<http://ids.clld.org/values/14-460-174-1>		"čomomɨdawə"@mch	
"paksu"@fi	<http://ids.clld.org/values/12-630-128-1>		<http://ids.clld.org/parameters/12-630>		<http://ids.clld.org/values/12-630-174-1>		"hūšīhe"@mch	
"sisar̃enpoika"@fi	<http://ids.clld.org/values/2-530-128-3>		<http://ids.clld.org/parameters/2-530>		<http://ids.clld.org/values/2-530-174-1>		"honɨ"@mch	
"sisar̃enpoika"@fi	<http://ids.clld.org/values/2-530-128-3>		<http://ids.clld.org/parameters/2-530>		<http://ids.clld.org/values/2-530-174-3>		"honɨ-kə"@mch	
"pikku"@fi	<http://ids.clld.org/values/12-560-128-3>		<http://ids.clld.org/parameters/12-560>		<http://ids.clld.org/values/12-560-174-1>		"šeʔkə"@mch	
"pelastaa"@fi	<http://ids.clld.org/values/11-250-128-1>		<http://ids.clld.org/parameters/11-250>		<http://ids.clld.org/values/11-250-174-1>		"ewanakādɨ"@mch	
"næüttææ"@fi	<http://ids.clld.org/values/15-550-128-1>		<http://ids.clld.org/parameters/15-550>		<http://ids.clld.org/values/15-550-174-1>		"eneho-dɨ"@mch	
"kar̃hu"@fi	<http://ids.clld.org/values/3-730-128-1>		<http://ids.clld.org/parameters/3-730>		<http://ids.clld.org/values/3-730-174-1>		"hədēmu"@mch	
"pohya"@fi	<http://ids.clld.org/values/12-340-128-1>		<http://ids.clld.org/parameters/12-340>		<http://ids.clld.org/values/12-340-174-1>		"nwaʔkəi"@mch	
"paper̃i"@fi	<http://ids.clld.org/values/18-560-128-1>		<http://ids.clld.org/parameters/18-560>		<http://ids.clld.org/values/18-560-174-1>		"[hahēda]"@mch	
"tulinen"@fi	<http://ids.clld.org/values/15-850-128-3>		<http://ids.clld.org/parameters/15-850>		<http://ids.clld.org/values/15-850-174-1>		"taʔne"@mch	
"kala"@fi	<http://ids.clld.org/values/3-650-128-1>		<http://ids.clld.org/parameters/3-650>		<http://ids.clld.org/values/3-650-174-1>		"nākukwāno"@mch	
"kahdeksan"@fi	<http://ids.clld.org/values/13-80-128-1>		<http://ids.clld.org/parameters/13-80>		<http://ids.clld.org/values/13-80-174-1>		"aduwawə amohaʔto"@mch	
"tæti"@fi	<http://ids.clld.org/values/2-522-128-1>		<http://ids.clld.org/parameters/2-522>		<http://ids.clld.org/values/2-522-174-1>		"waynɲeʔney"@mch	
"tahtoa"@fi	<http://ids.clld.org/values/16-620-128-5>		<http://ids.clld.org/parameters/16-620>		<http://ids.clld.org/values/16-620-174-1>		"hyumma-dɨ"@mch	
"æiti"@fi	<http://ids.clld.org/values/2-360-128-1>		<http://ids.clld.org/parameters/2-360>		<http://ids.clld.org/values/2-360-174-1>		"denɨ"@mch	
"pöütæ"@fi	<http://ids.clld.org/values/7-440-128-1>		<http://ids.clld.org/parameters/7-440>		<http://ids.clld.org/values/7-440-174-1>		"[mesa]i"@mch	
"astua (sisææn)"@fi	<http://ids.clld.org/values/10-570-128-1>		<http://ids.clld.org/parameters/10-570>		<http://ids.clld.org/values/10-570-174-1>		"w-omon-nə"@mch	
"kukka"@fi	<http://ids.clld.org/values/8-570-128-1>		<http://ids.clld.org/parameters/8-570>		<http://ids.clld.org/values/8-570-174-1>		"čə̄hɨdɨ"@mch	
"kuinka?"@fi	<http://ids.clld.org/values/17-610-128-1>		<http://ids.clld.org/parameters/17-610>		<http://ids.clld.org/values/17-610-174-1>		"ākene"@mch	
"bambu"@fi	<http://ids.clld.org/values/8-940-128-1>		<http://ids.clld.org/parameters/8-940>		<http://ids.clld.org/values/8-940-174-1>		"dahu"@mch	
"köüsi"@fi	<http://ids.clld.org/values/9-190-128-5>		<http://ids.clld.org/parameters/9-190>		<http://ids.clld.org/values/9-190-174-1>		"āʔto"@mch	
"yælkeen"@fi	<http://ids.clld.org/values/12-10-128-1>		<http://ids.clld.org/parameters/12-10>		<http://ids.clld.org/values/12-10-174-1>		"yə̄ʔhəhe"@mch	
"paha henki"@fi	<http://ids.clld.org/values/22-350-128-5>		<http://ids.clld.org/parameters/22-350>		<http://ids.clld.org/values/22-350-174-1>		"kahūšawa"@mch	
"metsæstææ"@fi	<http://ids.clld.org/values/20-610-128-1>		<http://ids.clld.org/parameters/20-610>		<http://ids.clld.org/values/20-610-174-1>		"emanɲuhɨdɨ"@mch	
"höühen"@fi	<http://ids.clld.org/values/4-393-128-3>		<http://ids.clld.org/parameters/4-393>		<http://ids.clld.org/values/4-393-174-1>		"iʔhōʔtɨ"@mch	
"metsæ"@fi	<http://ids.clld.org/values/1-410-128-1>		<http://ids.clld.org/parameters/1-410>		<http://ids.clld.org/values/1-410-174-1>		"čūta"@mch	
"milloin?"@fi	<http://ids.clld.org/values/17-650-128-1>		<http://ids.clld.org/parameters/17-650>		<http://ids.clld.org/values/17-650-174-1>		"əičənnāwəkə"@mch	
"wæwü"@fi	<http://ids.clld.org/values/2-630-128-1>		<http://ids.clld.org/parameters/2-630>		<http://ids.clld.org/values/2-630-174-1>		"-hannɨ-dɨ"@mch	
"toiwoa"@fi	<http://ids.clld.org/values/16-620-128-1>		<http://ids.clld.org/parameters/16-620>		<http://ids.clld.org/values/16-620-174-1>		"hyumma-dɨ"@mch	
"tuuli"@fi	<http://ids.clld.org/values/1-720-128-1>		<http://ids.clld.org/parameters/1-720>		<http://ids.clld.org/values/1-720-174-1>		"hehēnčə"@mch	
"sekoittaa"@fi	<http://ids.clld.org/values/5-490-128-3>		<http://ids.clld.org/parameters/5-490>		<http://ids.clld.org/values/5-490-174-1>		"-oima-dɨ"@mch	
"nauha"@fi	<http://ids.clld.org/values/9-190-128-3>		<http://ids.clld.org/parameters/9-190>		<http://ids.clld.org/values/9-190-174-1>		"āʔto"@mch	
"tappaa"@fi	<http://ids.clld.org/values/4-760-128-1>		<http://ids.clld.org/parameters/4-760>		<http://ids.clld.org/values/4-760-174-1>		"aminɲaʔkadɨ"@mch	
"puutar̃ha"@fi	<http://ids.clld.org/values/8-130-128-1>		<http://ids.clld.org/parameters/8-130>		<http://ids.clld.org/values/8-130-174-1>		"awdwāhə"@mch	
"puser̃taa"@fi	<http://ids.clld.org/values/9-343-128-3>		<http://ids.clld.org/parameters/9-343>		<http://ids.clld.org/values/9-343-174-1>		"eʔkukā-dɨ"@mch	
"kaula"@fi	<http://ids.clld.org/values/4-280-128-1>		<http://ids.clld.org/parameters/4-280>		<http://ids.clld.org/values/4-280-174-1>		"hɨ̄mɨ"@mch	
"soihtu"@fi	<http://ids.clld.org/values/7-450-128-3>		<http://ids.clld.org/parameters/7-450>		<http://ids.clld.org/values/7-450-174-1>		"adāwa"@mch	
"er̃ottaa"@fi	<http://ids.clld.org/values/12-230-128-1>		<http://ids.clld.org/parameters/12-230>		<http://ids.clld.org/values/12-230-174-1>		"šādamadɨ̄he"@mch	
"palyon"@fi	<http://ids.clld.org/values/13-150-128-1>		<http://ids.clld.org/parameters/13-150>		<http://ids.clld.org/values/13-150-174-1>		"hōhe"@mch	
"missæ?"@fi	<http://ids.clld.org/values/17-660-128-1>		<http://ids.clld.org/parameters/17-660>		<http://ids.clld.org/values/17-660-174-1>		"ə̄iša"@mch	
"kutoa (kangasta)"@fi	<http://ids.clld.org/values/6-330-128-1>		<http://ids.clld.org/parameters/6-330>		<http://ids.clld.org/values/6-330-174-1>		"tɨʔkaʔhɨdɨ"@mch	
"naur̃aa"@fi	<http://ids.clld.org/values/16-250-128-1>		<http://ids.clld.org/parameters/16-250>		<http://ids.clld.org/values/16-250-174-1>		"waʔsenɲo"@mch	
"hammas"@fi	<http://ids.clld.org/values/4-270-128-1>		<http://ids.clld.org/parameters/4-270>		<http://ids.clld.org/values/4-270-174-1>		"dedɨ"@mch	
"nainen"@fi	<http://ids.clld.org/values/2-220-128-1>		<http://ids.clld.org/parameters/2-220>		<http://ids.clld.org/values/2-220-174-1>		"wodi"@mch	
"mahalaukku"@fi	<http://ids.clld.org/values/4-460-128-3>		<http://ids.clld.org/parameters/4-460>		<http://ids.clld.org/values/4-460-174-1>		"dudūnoi"@mch	
"kilpikonna"@fi	<http://ids.clld.org/values/3-980-128-1>		<http://ids.clld.org/parameters/3-980>		<http://ids.clld.org/values/3-980-174-1>		"heʔde"@mch	
"lükætæ"@fi	<http://ids.clld.org/values/10-670-128-3>		<http://ids.clld.org/parameters/10-670>		<http://ids.clld.org/values/10-670-174-1>		"-adima-dɨ"@mch	
"hoitaa"@fi	<http://ids.clld.org/values/4-860-128-1>		<http://ids.clld.org/parameters/4-860>		<http://ids.clld.org/values/4-860-174-1>		"adonkadɨ"@mch	
"loukku"@fi	<http://ids.clld.org/values/20-640-128-3>		<http://ids.clld.org/parameters/20-640>		<http://ids.clld.org/values/20-640-174-1>		"hāno"@mch	
"howi"@fi	<http://ids.clld.org/values/7-150-128-5>		<http://ids.clld.org/parameters/7-150>		<http://ids.clld.org/values/7-150-174-1>		"hɨdōdo"@mch	
"pesæ"@fi	<http://ids.clld.org/values/3-580-128-1>		<http://ids.clld.org/parameters/3-580>		<http://ids.clld.org/values/3-580-174-1>		"danɲami"@mch	
"nelyæ"@fi	<http://ids.clld.org/values/13-40-128-1>		<http://ids.clld.org/parameters/13-40>		<http://ids.clld.org/values/13-40-174-1>		"āʔkəiʔčea"@mch	
"r̃üüpüinen"@fi	<http://ids.clld.org/values/15-890-128-1>		<http://ids.clld.org/parameters/15-890>		<http://ids.clld.org/values/15-890-174-1>		"deyude"@mch	
"koski"@fi	<http://ids.clld.org/values/1-390-128-1>		<http://ids.clld.org/parameters/1-390>		<http://ids.clld.org/values/1-390-174-1>		"yedukadɨ"@mch	
"maissi"@fi	<http://ids.clld.org/values/8-470-128-1>		<http://ids.clld.org/parameters/8-470>		<http://ids.clld.org/values/8-470-174-1>		"ənɲa"@mch	
"kiwi"@fi	<http://ids.clld.org/values/1-440-128-1>		<http://ids.clld.org/parameters/1-440>		<http://ids.clld.org/values/1-440-174-1>		"təʔhu"@mch	
"ter̃weüs"@fi	<http://ids.clld.org/values/4-830-128-3>		<http://ids.clld.org/parameters/4-830>		<http://ids.clld.org/values/4-830-174-1>		"tadəinɲe"@mch	
"hukata"@fi	<http://ids.clld.org/values/11-330-128-3>		<http://ids.clld.org/parameters/11-330>		<http://ids.clld.org/values/11-330-174-1>		"w-ənnanɨʔ-nə"@mch	
"nolla"@fi	<http://ids.clld.org/values/13-0-128-1>		<http://ids.clld.org/parameters/13-0>		<http://ids.clld.org/values/13-0-174-1>		"āʔke"@mch	
"kuollut"@fi	<http://ids.clld.org/values/4-750-128-3>		<http://ids.clld.org/parameters/4-750>		<http://ids.clld.org/values/4-750-174-1>		"-əma-"@mch	
"istuttaa"@fi	<http://ids.clld.org/values/8-531-128-1>		<http://ids.clld.org/parameters/8-531>		<http://ids.clld.org/values/8-531-174-1>		"aiʔčɨdɨ"@mch	
"tur̃wotus"@fi	<http://ids.clld.org/values/4-853-128-1>		<http://ids.clld.org/parameters/4-853>		<http://ids.clld.org/values/4-853-174-1>		"awonɲəʔkādɨ"@mch	
"tuoda"@fi	<http://ids.clld.org/values/10-620-128-1>		<http://ids.clld.org/parameters/10-620>		<http://ids.clld.org/values/10-620-174-1>		"-enehɨ"@mch	
"koulu"@fi	<http://ids.clld.org/values/17-280-128-1>		<http://ids.clld.org/parameters/17-280>		<http://ids.clld.org/values/17-280-174-1>		"wōwanomatoho"@mch	
"tæi"@fi	<http://ids.clld.org/values/3-811-128-1>		<http://ids.clld.org/parameters/3-811>		<http://ids.clld.org/values/3-811-174-1>		"dāmə"@mch	
"per̃he"@fi	<http://ids.clld.org/values/2-820-128-1>		<http://ids.clld.org/parameters/2-820>		<http://ids.clld.org/values/2-820-174-1>		"himmə"@mch	
"r̃aswa"@fi	<http://ids.clld.org/values/5-791-128-1>		<http://ids.clld.org/parameters/5-791>		<http://ids.clld.org/values/5-791-174-1>		"kātɨ"@mch	
"mæki"@fi	<http://ids.clld.org/values/1-220-128-3>		<http://ids.clld.org/parameters/1-220>		<http://ids.clld.org/values/1-220-174-1>		"hɨ̄"@mch	
"puhaltaa"@fi	<http://ids.clld.org/values/10-380-128-1>		<http://ids.clld.org/parameters/10-380>		<http://ids.clld.org/values/10-380-174-1>		"yaičumā-dɨ"@mch	
"sur̃ullisuus"@fi	<http://ids.clld.org/values/16-320-128-1>		<http://ids.clld.org/parameters/16-320>		<http://ids.clld.org/values/16-320-174-1>		"wentumhe"@mch	
"haukka"@fi	<http://ids.clld.org/values/3-585-128-1>		<http://ids.clld.org/parameters/3-585>		<http://ids.clld.org/values/3-585-174-1>		"hiyāna"@mch	
"isæ"@fi	<http://ids.clld.org/values/2-350-128-1>		<http://ids.clld.org/parameters/2-350>		<http://ids.clld.org/values/2-350-174-1>		"haha"@mch	
"punoa"@fi	<http://ids.clld.org/values/9-750-128-1>		<http://ids.clld.org/parameters/9-750>		<http://ids.clld.org/values/9-750-174-1>		"aʔtoʔtotoʔho"@mch	
"setæ"@fi	<http://ids.clld.org/values/2-510-128-1>		<http://ids.clld.org/parameters/2-510>		<http://ids.clld.org/values/2-510-174-1>		"wōdɨ"@mch	
"helmi"@fi	<http://ids.clld.org/values/6-760-128-1>		<http://ids.clld.org/parameters/6-760>		<http://ids.clld.org/values/6-760-174-1>		"mayūdu"@mch	
"tasainen"@fi	<http://ids.clld.org/values/15-770-128-3>		<http://ids.clld.org/parameters/15-770>		<http://ids.clld.org/values/15-770-174-1>		"tɨwansuʔde"@mch	
"mitæ?"@fi	<http://ids.clld.org/values/17-640-128-3>		<http://ids.clld.org/parameters/17-640>		<http://ids.clld.org/values/17-640-174-1>		"ākene"@mch	
"makea"@fi	<http://ids.clld.org/values/15-350-128-1>		<http://ids.clld.org/parameters/15-350>		<http://ids.clld.org/values/15-350-174-1>		"kādo"@mch	
"tower̃i"@fi	<http://ids.clld.org/values/19-510-128-3>		<http://ids.clld.org/parameters/19-510>		<http://ids.clld.org/values/19-510-174-1>		"weičakōno"@mch	
"por̃sas"@fi	<http://ids.clld.org/values/3-350-128-1>		<http://ids.clld.org/parameters/3-350>		<http://ids.clld.org/values/3-350-174-1>		"[kūši]"@mch	
"taistelu"@fi	<http://ids.clld.org/values/20-130-128-3>		<http://ids.clld.org/parameters/20-130>		<http://ids.clld.org/values/20-130-174-1>		"wənə"@mch	
"mer̃i"@fi	<http://ids.clld.org/values/1-320-128-1>		<http://ids.clld.org/parameters/1-320>		<http://ids.clld.org/values/1-320-174-1>		"dama"@mch	
"tehdæ tüötæ"@fi	<http://ids.clld.org/values/9-120-128-1>		<http://ids.clld.org/parameters/9-120>		<http://ids.clld.org/values/9-120-174-1>		"tadawāhu"@mch	
"pannu"@fi	<http://ids.clld.org/values/5-280-128-1>		<http://ids.clld.org/parameters/5-280>		<http://ids.clld.org/values/5-280-174-1>		"ʔtadī-yɨ"@mch	
"sade"@fi	<http://ids.clld.org/values/1-750-128-1>		<http://ids.clld.org/parameters/1-750>		<http://ids.clld.org/values/1-750-174-1>		"konōho"@mch	
"nuoli"@fi	<http://ids.clld.org/values/20-250-128-1>		<http://ids.clld.org/parameters/20-250>		<http://ids.clld.org/values/20-250-174-1>		"šimāda"@mch	
"te"@fi	<http://ids.clld.org/values/2-950-128-1>		<http://ids.clld.org/parameters/2-950>		<http://ids.clld.org/values/2-950-174-1>		"ənwanno"@mch	
"yaa"@fi	<http://ids.clld.org/values/17-550-128-5>		<http://ids.clld.org/parameters/17-550>		<http://ids.clld.org/values/17-550-174-3>		"mmhm"@mch	
"yaa"@fi	<http://ids.clld.org/values/17-550-128-5>		<http://ids.clld.org/parameters/17-550>		<http://ids.clld.org/values/17-550-174-1>		"ʔeee"@mch	
"siemen"@fi	<http://ids.clld.org/values/8-311-128-1>		<http://ids.clld.org/parameters/8-311>		<http://ids.clld.org/values/8-311-174-1>		"čə̄huʔhə"@mch	
"appi"@fi	<http://ids.clld.org/values/2-610-128-1>		<http://ids.clld.org/parameters/2-610>		<http://ids.clld.org/values/2-610-174-1>		"wōdɨ̄mə"@mch	
"kaswot"@fi	<http://ids.clld.org/values/4-204-128-1>		<http://ids.clld.org/parameters/4-204>		<http://ids.clld.org/values/4-204-174-1>		"heʔ-dɨ"@mch	
"r̃ipustaa"@fi	<http://ids.clld.org/values/9-341-128-1>		<http://ids.clld.org/parameters/9-341>		<http://ids.clld.org/values/9-341-174-1>		"-ewaʔtə-dɨ"@mch	
"kæær̃me"@fi	<http://ids.clld.org/values/3-850-128-1>		<http://ids.clld.org/parameters/3-850>		<http://ids.clld.org/values/3-850-174-1>		"əkə̄yu"@mch	
"palaa"@fi	<http://ids.clld.org/values/1-852-128-1>		<http://ids.clld.org/parameters/1-852>		<http://ids.clld.org/values/1-852-174-1>		"daʔtwa-dɨ"@mch	
"paha"@fi	<http://ids.clld.org/values/16-720-128-3>		<http://ids.clld.org/parameters/16-720>		<http://ids.clld.org/values/16-720-174-1>		"kənemhɨnɨ"@mch	
"sinæ"@fi	<http://ids.clld.org/values/2-920-128-1>		<http://ids.clld.org/parameters/2-920>		<http://ids.clld.org/values/2-920-174-1>		"əmədə"@mch	
"neiti"@fi	<http://ids.clld.org/values/2-261-128-1>		<http://ids.clld.org/parameters/2-261>		<http://ids.clld.org/values/2-261-174-1>		"mudēši"@mch	
"r̃ampa"@fi	<http://ids.clld.org/values/4-940-128-3>		<http://ids.clld.org/parameters/4-940>		<http://ids.clld.org/values/4-940-174-1>		"sekumhe"@mch	
"r̃uweta"@fi	<http://ids.clld.org/values/14-250-128-5>		<http://ids.clld.org/parameters/14-250>		<http://ids.clld.org/values/14-250-174-1>		"ahəntədɨ"@mch	
"uni"@fi	<http://ids.clld.org/values/4-620-128-3>		<http://ids.clld.org/parameters/4-620>		<http://ids.clld.org/values/4-620-174-1>		"wənētɨnə"@mch	
"leimu"@fi	<http://ids.clld.org/values/1-820-128-3>		<http://ids.clld.org/parameters/1-820>		<http://ids.clld.org/values/1-820-174-1>		"wāʔto"@mch	
"heikko"@fi	<http://ids.clld.org/values/4-820-128-1>		<http://ids.clld.org/parameters/4-820>		<http://ids.clld.org/values/4-820-174-1>		"āʔkedēto"@mch	
"r̃anner̃engas"@fi	<http://ids.clld.org/values/6-740-128-1>		<http://ids.clld.org/parameters/6-740>		<http://ids.clld.org/values/6-740-174-1>		"ahəʔmɨy"@mch	
"waalea"@fi	<http://ids.clld.org/values/15-570-128-1>		<http://ids.clld.org/parameters/15-570>		<http://ids.clld.org/values/15-570-174-1>		"taʔwane"@mch	
"kissa"@fi	<http://ids.clld.org/values/3-620-128-1>		<http://ids.clld.org/parameters/3-620>		<http://ids.clld.org/values/3-620-174-1>		"[mēši]"@mch	
"yær̃wi"@fi	<http://ids.clld.org/values/1-330-128-1>		<http://ids.clld.org/parameters/1-330>		<http://ids.clld.org/values/1-330-174-1>		"čūʔhə"@mch	
"müöntæwæ"@fi	<http://ids.clld.org/values/17-550-128-7>		<http://ids.clld.org/parameters/17-550>		<http://ids.clld.org/values/17-550-174-3>		"mmhm"@mch	
"müöntæwæ"@fi	<http://ids.clld.org/values/17-550-128-7>		<http://ids.clld.org/parameters/17-550>		<http://ids.clld.org/values/17-550-174-1>		"ʔeee"@mch	
"pilwi"@fi	<http://ids.clld.org/values/1-730-128-1>		<http://ids.clld.org/parameters/1-730>		<http://ids.clld.org/values/1-730-174-1>		"kāʔdutu"@mch	
"aloittaa"@fi	<http://ids.clld.org/values/14-250-128-1>		<http://ids.clld.org/parameters/14-250>		<http://ids.clld.org/values/14-250-174-1>		"ahəntədɨ"@mch	
"tappar̃a"@fi	<http://ids.clld.org/values/20-222-128-3>		<http://ids.clld.org/parameters/20-222>		<http://ids.clld.org/values/20-222-174-1>		"wɨ̄wɨ"@mch	
"kuiwa"@fi	<http://ids.clld.org/values/15-840-128-1>		<http://ids.clld.org/parameters/15-840>		<http://ids.clld.org/values/15-840-174-1>		"ssedēhe"@mch	
"kæsiwar̃si"@fi	<http://ids.clld.org/values/4-310-128-1>		<http://ids.clld.org/parameters/4-310>		<http://ids.clld.org/values/4-310-174-1>		"aʔhə"@mch	
"yuoma"@fi	<http://ids.clld.org/values/5-900-128-1>		<http://ids.clld.org/parameters/5-900>		<http://ids.clld.org/values/5-900-174-1>		"kuši"@mch	
"oksentaa"@fi	<http://ids.clld.org/values/4-570-128-1>		<http://ids.clld.org/parameters/4-570>		<http://ids.clld.org/values/4-570-174-1>		"wenaʔtahəʔeʔnə"@mch	
"keltainen"@fi	<http://ids.clld.org/values/15-690-128-1>		<http://ids.clld.org/parameters/15-690>		<http://ids.clld.org/values/15-690-174-1>		"kɨnota"@mch	
"tuli"@fi	<http://ids.clld.org/values/1-810-128-1>		<http://ids.clld.org/parameters/1-810>		<http://ids.clld.org/values/1-810-174-1>		"wāʔto"@mch	
"uupunut"@fi	<http://ids.clld.org/values/4-910-128-3>		<http://ids.clld.org/parameters/4-910>		<http://ids.clld.org/values/4-910-174-1>		"tɨkinča"@mch	
"haista"@fi	<http://ids.clld.org/values/15-210-128-1>		<http://ids.clld.org/parameters/15-210>		<http://ids.clld.org/values/15-210-174-1>		"hyoʔhōdɨ"@mch	
"kor̃kea"@fi	<http://ids.clld.org/values/12-310-128-1>		<http://ids.clld.org/parameters/12-310>		<http://ids.clld.org/values/12-310-174-1>		"kawə"@mch	
"r̃akastaa"@fi	<http://ids.clld.org/values/16-270-128-3>		<http://ids.clld.org/parameters/16-270>		<http://ids.clld.org/values/16-270-174-1>		"hyumma-dɨ"@mch	
"ontuwa"@fi	<http://ids.clld.org/values/4-940-128-1>		<http://ids.clld.org/parameters/4-940>		<http://ids.clld.org/values/4-940-174-1>		"sekumhe"@mch	
"ker̃toa"@fi	<http://ids.clld.org/values/18-221-128-1>		<http://ids.clld.org/parameters/18-221>		<http://ids.clld.org/values/18-221-174-1>		"mēʔkuʔtə̄dɨ"@mch	
"ayaa takaa"@fi	<http://ids.clld.org/values/10-530-128-3>		<http://ids.clld.org/parameters/10-530>		<http://ids.clld.org/values/10-530-174-1>		"-aheʔka-dɨ"@mch	
"köüttææ"@fi	<http://ids.clld.org/values/9-160-128-3>		<http://ids.clld.org/parameters/9-160>		<http://ids.clld.org/values/9-160-174-1>		"imɨdɨ"@mch	
"tuoksua"@fi	<http://ids.clld.org/values/15-210-128-3>		<http://ids.clld.org/parameters/15-210>		<http://ids.clld.org/values/15-210-174-1>		"hyoʔhōdɨ"@mch	
"maali"@fi	<http://ids.clld.org/values/9-880-128-3>		<http://ids.clld.org/parameters/9-880>		<http://ids.clld.org/values/9-880-174-1>		"wānai"@mch	
"kaiwaa"@fi	<http://ids.clld.org/values/8-220-128-1>		<http://ids.clld.org/parameters/8-220>		<http://ids.clld.org/values/8-220-174-1>		"tɨʔkādɨ"@mch	
"ankka"@fi	<http://ids.clld.org/values/3-570-128-1>		<http://ids.clld.org/parameters/3-570>		<http://ids.clld.org/values/3-570-174-1>		"[hātu]"@mch	
"per̃honen"@fi	<http://ids.clld.org/values/3-920-128-1>		<http://ids.clld.org/parameters/3-920>		<http://ids.clld.org/values/3-920-174-1>		"matūtu"@mch	
"sileæ"@fi	<http://ids.clld.org/values/15-770-128-1>		<http://ids.clld.org/parameters/15-770>		<http://ids.clld.org/values/15-770-174-1>		"tɨwansuʔde"@mch	
"keuhko"@fi	<http://ids.clld.org/values/4-441-128-1>		<http://ids.clld.org/parameters/4-441>		<http://ids.clld.org/values/4-441-174-1>		"ʔtaway-dɨ"@mch	
"iskeæ"@fi	<http://ids.clld.org/values/9-210-128-3>		<http://ids.clld.org/parameters/9-210>		<http://ids.clld.org/values/9-210-174-1>		"-aiʔhuka-dɨ"@mch	
"kaita"@fi	<http://ids.clld.org/values/12-620-128-3>		<http://ids.clld.org/parameters/12-620>		<http://ids.clld.org/values/12-620-174-3>		"anwakɨme"@mch	
"kaita"@fi	<http://ids.clld.org/values/12-620-128-3>		<http://ids.clld.org/parameters/12-620>		<http://ids.clld.org/values/12-620-174-1>		"danwadɨ"@mch	
"elææ"@fi	<http://ids.clld.org/values/4-740-128-1>		<http://ids.clld.org/parameters/4-740>		<http://ids.clld.org/values/4-740-174-1>		"wenɲə"@mch	
"(awio)mies"@fi	<http://ids.clld.org/values/2-310-128-1>		<http://ids.clld.org/parameters/2-310>		<http://ids.clld.org/values/2-310-174-1>		"-ɲno"@mch	
"itkeæ"@fi	<http://ids.clld.org/values/16-370-128-1>		<http://ids.clld.org/parameters/16-370>		<http://ids.clld.org/values/16-370-174-1>		"w-amo-nə"@mch	
"kiir̃e"@fi	<http://ids.clld.org/values/14-210-128-3>		<http://ids.clld.org/parameters/14-210>		<http://ids.clld.org/values/14-210-174-1>		"tamhə̄ʔne"@mch	
"onnellinen"@fi	<http://ids.clld.org/values/16-230-128-5>		<http://ids.clld.org/parameters/16-230>		<http://ids.clld.org/values/16-230-174-1>		"takwanɲe"@mch	
"huuli"@fi	<http://ids.clld.org/values/4-250-128-1>		<http://ids.clld.org/parameters/4-250>		<http://ids.clld.org/values/4-250-174-1>		"ə̄ʔhi"@mch	
"tæti"@fi	<http://ids.clld.org/values/2-521-128-1>		<http://ids.clld.org/parameters/2-521>		<http://ids.clld.org/values/2-521-174-1>		"denɨ"@mch	
"kæüdæ"@fi	<http://ids.clld.org/values/10-450-128-1>		<http://ids.clld.org/parameters/10-450>		<http://ids.clld.org/values/10-450-174-1>		"w-ōhoyma-nə"@mch	
"kana"@fi	<http://ids.clld.org/values/3-540-128-1>		<http://ids.clld.org/parameters/3-540>		<http://ids.clld.org/values/3-540-174-1>		"kudaymādu"@mch	
"esimmæinen"@fi	<http://ids.clld.org/values/13-340-128-1>		<http://ids.clld.org/parameters/13-340>		<http://ids.clld.org/values/13-340-174-1>		"awaʔde"@mch	
"silmæ"@fi	<http://ids.clld.org/values/4-210-128-1>		<http://ids.clld.org/parameters/4-210>		<http://ids.clld.org/values/4-210-174-1>		"ənu"@mch	
"pieni"@fi	<http://ids.clld.org/values/12-560-128-1>		<http://ids.clld.org/parameters/12-560>		<http://ids.clld.org/values/12-560-174-1>		"šeʔkə"@mch	
"kuka?"@fi	<http://ids.clld.org/values/17-680-128-1>		<http://ids.clld.org/parameters/17-680>		<http://ids.clld.org/values/17-680-174-1>		"ənə̄kɨ"@mch	
"sotakir̃wes"@fi	<http://ids.clld.org/values/20-222-128-1>		<http://ids.clld.org/parameters/20-222>		<http://ids.clld.org/values/20-222-174-1>		"wɨ̄wɨ"@mch	
"kuusi"@fi	<http://ids.clld.org/values/13-60-128-1>		<http://ids.clld.org/parameters/13-60>		<http://ids.clld.org/values/13-60-174-1>		"tōni amohaʔto"@mch	
"sota"@fi	<http://ids.clld.org/values/20-130-128-1>		<http://ids.clld.org/parameters/20-130>		<http://ids.clld.org/values/20-130-174-1>		"wənə"@mch	
"puutawar̃a"@fi	<http://ids.clld.org/values/1-430-128-3>		<http://ids.clld.org/parameters/1-430>		<http://ids.clld.org/values/1-430-174-1>		"dē"@mch	
"tæti"@fi	<http://ids.clld.org/values/2-520-128-1>		<http://ids.clld.org/parameters/2-520>		<http://ids.clld.org/values/2-520-174-1>		"waynɲeʔney"@mch	
"ennen"@fi	<http://ids.clld.org/values/12-40-128-1>		<http://ids.clld.org/parameters/12-40>		<http://ids.clld.org/values/12-40-174-1>		"owāho"@mch	
"ennen"@fi	<http://ids.clld.org/values/12-40-128-1>		<http://ids.clld.org/parameters/12-40>		<http://ids.clld.org/values/12-40-174-3>		"awaʔde"@mch	
"ampua"@fi	<http://ids.clld.org/values/20-620-128-1>		<http://ids.clld.org/parameters/20-620>		<http://ids.clld.org/values/20-620-174-1>		"t-ɨwə̄-dɨ"@mch	
"tulla"@fi	<http://ids.clld.org/values/10-480-128-1>		<http://ids.clld.org/parameters/10-480>		<http://ids.clld.org/values/10-480-174-1>		"w-eʔ-nə"@mch	
"kutsua"@fi	<http://ids.clld.org/values/18-410-128-1>		<http://ids.clld.org/parameters/18-410>		<http://ids.clld.org/values/18-410-174-1>		"aʔdewhaʔdɨ"@mch	
"yuoda"@fi	<http://ids.clld.org/values/5-130-128-1>		<http://ids.clld.org/parameters/5-130>		<http://ids.clld.org/values/5-130-174-1>		"enku"@mch	
"südæn"@fi	<http://ids.clld.org/values/4-440-128-1>		<http://ids.clld.org/parameters/4-440>		<http://ids.clld.org/values/4-440-174-1>		"yēwanɨ"@mch	
"huomenna"@fi	<http://ids.clld.org/values/14-480-128-1>		<http://ids.clld.org/parameters/14-480>		<http://ids.clld.org/values/14-480-174-1>		"henamma"@mch	
"leweæ"@fi	<http://ids.clld.org/values/12-610-128-3>		<http://ids.clld.org/parameters/12-610>		<http://ids.clld.org/values/12-610-174-1>		"taʔhuhūne"@mch	
"kar̃yua"@fi	<http://ids.clld.org/values/18-130-128-3>		<http://ids.clld.org/parameters/18-130>		<http://ids.clld.org/values/18-130-174-1>		"kəʔtɨn-nə"@mch	
"maksaa"@fi	<http://ids.clld.org/values/11-650-128-1>		<http://ids.clld.org/parameters/11-650>		<http://ids.clld.org/values/11-650-174-1>		"ehēma-dɨ"@mch	
"küllæ"@fi	<http://ids.clld.org/values/17-550-128-1>		<http://ids.clld.org/parameters/17-550>		<http://ids.clld.org/values/17-550-174-3>		"mmhm"@mch	
"küllæ"@fi	<http://ids.clld.org/values/17-550-128-1>		<http://ids.clld.org/parameters/17-550>		<http://ids.clld.org/values/17-550-174-1>		"ʔeee"@mch	
"kaksitoista"@fi	<http://ids.clld.org/values/13-102-128-1>		<http://ids.clld.org/parameters/13-102>		<http://ids.clld.org/values/13-102-174-1>		"amohadəʔto dēwə āʔkə"@mch	
"chillipippur̃i"@fi	<http://ids.clld.org/values/5-821-128-1>		<http://ids.clld.org/parameters/5-821>		<http://ids.clld.org/values/5-821-174-1>		"homi"@mch	
"ter̃we"@fi	<http://ids.clld.org/values/4-830-128-1>		<http://ids.clld.org/parameters/4-830>		<http://ids.clld.org/values/4-830-174-1>		"tadəinɲe"@mch	
"püütææ"@fi	<http://ids.clld.org/values/18-350-128-1>		<http://ids.clld.org/parameters/18-350>		<http://ids.clld.org/values/18-350-174-1>		"eʔkatə-dɨ"@mch	
"akka"@fi	<http://ids.clld.org/values/2-471-128-3>		<http://ids.clld.org/parameters/2-471>		<http://ids.clld.org/values/2-471-174-1>		"noʔsamoʔkɨ"@mch	
"keskus"@fi	<http://ids.clld.org/values/12-370-128-3>		<http://ids.clld.org/parameters/12-370>		<http://ids.clld.org/values/12-370-174-1>		"annai"@mch	
"r̃euna"@fi	<http://ids.clld.org/values/12-353-128-1>		<http://ids.clld.org/parameters/12-353>		<http://ids.clld.org/values/12-353-174-1>		"čəʔhiyu"@mch	
"wihr̃eæ"@fi	<http://ids.clld.org/values/5-124-128-1>		<http://ids.clld.org/parameters/5-124>		<http://ids.clld.org/values/5-124-174-1>		"šēne"@mch	
"pitkæ"@fi	<http://ids.clld.org/values/12-570-128-1>		<http://ids.clld.org/parameters/12-570>		<http://ids.clld.org/values/12-570-174-1>		"nuwe"@mch	
"pestæ"@fi	<http://ids.clld.org/values/9-360-128-1>		<http://ids.clld.org/parameters/9-360>		<http://ids.clld.org/values/9-360-174-1>		"-ičoʔka-dɨ"@mch	
"polttopuut"@fi	<http://ids.clld.org/values/1-880-128-1>		<http://ids.clld.org/parameters/1-880>		<http://ids.clld.org/values/1-880-174-1>		"-keme-dɨ"@mch	
"hüpætæ"@fi	<http://ids.clld.org/values/10-430-128-1>		<http://ids.clld.org/parameters/10-430>		<http://ids.clld.org/values/10-430-174-1>		"w-ahanɨn-nə"@mch	
"kar̃was"@fi	<http://ids.clld.org/values/15-370-128-1>		<http://ids.clld.org/parameters/15-370>		<http://ids.clld.org/values/15-370-174-1>		"tutune"@mch	
"wer̃i"@fi	<http://ids.clld.org/values/4-150-128-1>		<http://ids.clld.org/parameters/4-150>		<http://ids.clld.org/values/4-150-174-1>		"munu"@mch	
"mur̃taa"@fi	<http://ids.clld.org/values/9-260-128-1>		<http://ids.clld.org/parameters/9-260>		<http://ids.clld.org/values/9-260-174-1>		"-išiča-dɨ"@mch	
"weli"@fi	<http://ids.clld.org/values/2-440-128-1>		<http://ids.clld.org/parameters/2-440>		<http://ids.clld.org/values/2-440-174-1>		"-nuwā-dɨ"@mch	
"yohtaya"@fi	<http://ids.clld.org/values/19-240-128-3>		<http://ids.clld.org/parameters/19-240>		<http://ids.clld.org/values/19-240-174-1>		"ədāhə"@mch	
"kaksi"@fi	<http://ids.clld.org/values/13-20-128-1>		<http://ids.clld.org/parameters/13-20>		<http://ids.clld.org/values/13-20-174-1>		"āʔkə"@mch	
"tæhti"@fi	<http://ids.clld.org/values/1-540-128-1>		<http://ids.clld.org/parameters/1-540>		<http://ids.clld.org/values/1-540-174-1>		"šidīčə"@mch	
"ülhæællæ"@fi	<http://ids.clld.org/values/12-80-128-1>		<http://ids.clld.org/parameters/12-80>		<http://ids.clld.org/values/12-80-174-1>		"kawə̄"@mch	
"püüdüs"@fi	<http://ids.clld.org/values/20-640-128-1>		<http://ids.clld.org/parameters/20-640>		<http://ids.clld.org/values/20-640-174-1>		"hāno"@mch	
"künsi"@fi	<http://ids.clld.org/values/4-345-128-1>		<http://ids.clld.org/parameters/4-345>		<http://ids.clld.org/values/4-345-174-1>		"əmmi"@mch	
"r̃askas"@fi	<http://ids.clld.org/values/15-810-128-1>		<http://ids.clld.org/parameters/15-810>		<http://ids.clld.org/values/15-810-174-1>		"tamənɲato"@mch	
"kir̃wes"@fi	<http://ids.clld.org/values/9-250-128-1>		<http://ids.clld.org/parameters/9-250>		<http://ids.clld.org/values/9-250-174-1>		"wɨ̄wɨ"@mch	
"süödæ"@fi	<http://ids.clld.org/values/5-110-128-1>		<http://ids.clld.org/parameters/5-110>		<http://ids.clld.org/values/5-110-174-1>		"wowašīnčənə"@mch	
"apina"@fi	<http://ids.clld.org/values/3-760-128-1>		<http://ids.clld.org/parameters/3-760>		<http://ids.clld.org/values/3-760-174-1>		"yadākadu"@mch	
"soker̃ir̃uoko"@fi	<http://ids.clld.org/values/8-941-128-1>		<http://ids.clld.org/parameters/8-941>		<http://ids.clld.org/values/8-941-174-1>		"əšīčādɨ"@mch	
"poika"@fi	<http://ids.clld.org/values/2-410-128-1>		<http://ids.clld.org/parameters/2-410>		<http://ids.clld.org/values/2-410-174-1>		"nnedɨ"@mch	
"r̃ihma"@fi	<http://ids.clld.org/values/6-380-128-3>		<http://ids.clld.org/parameters/6-380>		<http://ids.clld.org/values/6-380-174-1>		"hakūdimɨʔtɨ"@mch	
"nuor̃empi weli"@fi	<http://ids.clld.org/values/2-445-128-1>		<http://ids.clld.org/parameters/2-445>		<http://ids.clld.org/values/2-445-174-1>		"šīʔčɨ"@mch	
"wainota"@fi	<http://ids.clld.org/values/10-530-128-1>		<http://ids.clld.org/parameters/10-530>		<http://ids.clld.org/values/10-530-174-1>		"-aheʔka-dɨ"@mch	
"liekki"@fi	<http://ids.clld.org/values/1-820-128-1>		<http://ids.clld.org/parameters/1-820>		<http://ids.clld.org/values/1-820-174-1>		"wāʔto"@mch	
"kaatua"@fi	<http://ids.clld.org/values/10-230-128-3>		<http://ids.clld.org/parameters/10-230>		<http://ids.clld.org/values/10-230-174-1>		"w-eduka-nə"@mch	
"peili"@fi	<http://ids.clld.org/values/6-960-128-1>		<http://ids.clld.org/parameters/6-960>		<http://ids.clld.org/values/6-960-174-1>		"hekūde"@mch	
"sisællæ"@fi	<http://ids.clld.org/values/12-50-128-3>		<http://ids.clld.org/parameters/12-50>		<http://ids.clld.org/values/12-50-174-3>		"anwaʔka"@mch	
"sisællæ"@fi	<http://ids.clld.org/values/12-50-128-3>		<http://ids.clld.org/parameters/12-50>		<http://ids.clld.org/values/12-50-174-1>		"aʔka"@mch	
"alle"@fi	<http://ids.clld.org/values/12-30-128-3>		<http://ids.clld.org/parameters/12-30>		<http://ids.clld.org/values/12-30-174-1>		"doʔnə"@mch	
"sawu"@fi	<http://ids.clld.org/values/1-830-128-1>		<http://ids.clld.org/parameters/1-830>		<http://ids.clld.org/values/1-830-174-1>		"widīnčə"@mch	
"wær̃yætæ"@fi	<http://ids.clld.org/values/9-890-128-1>		<http://ids.clld.org/parameters/9-890>		<http://ids.clld.org/values/9-890-174-1>		"wemānʔa"@mch	
"ohut"@fi	<http://ids.clld.org/values/12-650-128-1>		<http://ids.clld.org/parameters/12-650>		<http://ids.clld.org/values/12-650-174-1>		"sāʔtahe"@mch	
"hiir̃i"@fi	<http://ids.clld.org/values/3-630-128-1>		<http://ids.clld.org/parameters/3-630>		<http://ids.clld.org/values/3-630-174-1>		"asɨ̄kɨ"@mch	
"kalawer̃kko"@fi	<http://ids.clld.org/values/20-540-128-1>		<http://ids.clld.org/parameters/20-540>		<http://ids.clld.org/values/20-540-174-1>		"anətə"@mch	
"polttaa"@fi	<http://ids.clld.org/values/1-851-128-1>		<http://ids.clld.org/parameters/1-851>		<http://ids.clld.org/values/1-851-174-1>		"ukā-dɨ"@mch	
"küühkünen"@fi	<http://ids.clld.org/values/3-594-128-1>		<http://ids.clld.org/parameters/3-594>		<http://ids.clld.org/values/3-594-174-1>		"hadūma"@mch	
"ei mikææn"@fi	<http://ids.clld.org/values/13-0-128-3>		<http://ids.clld.org/parameters/13-0>		<http://ids.clld.org/values/13-0-174-1>		"āʔke"@mch	
"kaukana"@fi	<http://ids.clld.org/values/12-440-128-1>		<http://ids.clld.org/parameters/12-440>		<http://ids.clld.org/values/12-440-174-1>		"amoinče"@mch	
"wapauttaa"@fi	<http://ids.clld.org/values/11-250-128-3>		<http://ids.clld.org/parameters/11-250>		<http://ids.clld.org/values/11-250-174-1>		"ewanakādɨ"@mch	
"uida"@fi	<http://ids.clld.org/values/10-340-128-1>		<http://ids.clld.org/parameters/10-340>		<http://ids.clld.org/values/10-340-174-1>		"tɨtāwaʔta"@mch	
"iloinen"@fi	<http://ids.clld.org/values/16-230-128-1>		<http://ids.clld.org/parameters/16-230>		<http://ids.clld.org/values/16-230-174-1>		"takwanɲe"@mch	
"pæiwæ"@fi	<http://ids.clld.org/values/14-410-128-1>		<http://ids.clld.org/parameters/14-410>		<http://ids.clld.org/values/14-410-174-1>		"anə̄to"@mch	
"tapiokasuur̃imot"@fi	<http://ids.clld.org/values/8-920-128-1>		<http://ids.clld.org/parameters/8-920>		<http://ids.clld.org/values/8-920-174-1>		"kɨdēde"@mch	
"huono"@fi	<http://ids.clld.org/values/16-720-128-1>		<http://ids.clld.org/parameters/16-720>		<http://ids.clld.org/values/16-720-174-1>		"kənemhɨnɨ"@mch	
"r̃epo"@fi	<http://ids.clld.org/values/3-740-128-3>		<http://ids.clld.org/parameters/3-740>		<http://ids.clld.org/values/3-740-174-1>		"awadudi"@mch	
"mennæ ulos"@fi	<http://ids.clld.org/values/10-474-128-1>		<http://ids.clld.org/parameters/10-474>		<http://ids.clld.org/values/10-474-174-1>		"w-ehaʔka-nə"@mch	
"nuor̃imies"@fi	<http://ids.clld.org/values/2-251-128-1>		<http://ids.clld.org/parameters/2-251>		<http://ids.clld.org/values/2-251-174-1>		"mudēši"@mch	
"koska?"@fi	<http://ids.clld.org/values/17-650-128-3>		<http://ids.clld.org/parameters/17-650>		<http://ids.clld.org/values/17-650-174-1>		"əičənnāwəkə"@mch	
"tupakoida"@fi	<http://ids.clld.org/values/8-690-128-1>		<http://ids.clld.org/parameters/8-690>		<http://ids.clld.org/values/8-690-174-1>		"-eima-"@mch	
"weitsi"@fi	<http://ids.clld.org/values/9-230-128-1>		<http://ids.clld.org/parameters/9-230>		<http://ids.clld.org/values/9-230-174-1>		"kɨmɨʔkə"@mch	
"üksitoista"@fi	<http://ids.clld.org/values/13-101-128-1>		<http://ids.clld.org/parameters/13-101>		<http://ids.clld.org/values/13-101-174-1>		"amohadəʔto dēwə tōni"@mch	
"taiwas"@fi	<http://ids.clld.org/values/1-510-128-1>		<http://ids.clld.org/parameters/1-510>		<http://ids.clld.org/values/1-510-174-1>		"kahu"@mch	
"pata"@fi	<http://ids.clld.org/values/5-260-128-1>		<http://ids.clld.org/parameters/5-260>		<http://ids.clld.org/values/5-260-174-1>		"ədinɲə"@mch	
"oppia"@fi	<http://ids.clld.org/values/17-240-128-1>		<http://ids.clld.org/parameters/17-240>		<http://ids.clld.org/values/17-240-174-1>		"-ōwanoma-"@mch	
"wier̃essæ"@fi	<http://ids.clld.org/values/12-20-128-1>		<http://ids.clld.org/parameters/12-20>		<http://ids.clld.org/values/12-20-174-1>		"dɨʔtə"@mch	
"hiukset"@fi	<http://ids.clld.org/values/4-140-128-1>		<http://ids.clld.org/parameters/4-140>		<http://ids.clld.org/values/4-140-174-1>		"hū"@mch	
"neula"@fi	<http://ids.clld.org/values/6-360-128-1>		<http://ids.clld.org/parameters/6-360>		<http://ids.clld.org/values/6-360-174-1>		"makūsa"@mch	
"weitsi"@fi	<http://ids.clld.org/values/5-380-128-1>		<http://ids.clld.org/parameters/5-380>		<http://ids.clld.org/values/5-380-174-1>		"kɨmɨʔkə"@mch	
"nimittææ"@fi	<http://ids.clld.org/values/18-420-128-3>		<http://ids.clld.org/parameters/18-420>		<http://ids.clld.org/values/18-420-174-1>		"tə̄tɨ"@mch	
"walo"@fi	<http://ids.clld.org/values/1-610-128-1>		<http://ids.clld.org/parameters/1-610>		<http://ids.clld.org/values/1-610-174-1>		"šī"@mch	
"wuosi"@fi	<http://ids.clld.org/values/14-730-128-1>		<http://ids.clld.org/parameters/14-730>		<http://ids.clld.org/values/14-730-174-1>		"wedɨ"@mch	
"puhua"@fi	<http://ids.clld.org/values/18-210-128-1>		<http://ids.clld.org/parameters/18-210>		<http://ids.clld.org/values/18-210-174-1>		"w-aʔdew-nə"@mch	
"or̃po"@fi	<http://ids.clld.org/values/2-750-128-1>		<http://ids.clld.org/parameters/2-750>		<http://ids.clld.org/values/2-750-174-1>		"tunkemhɨnɨ"@mch	
"seinæ"@fi	<http://ids.clld.org/values/7-270-128-3>		<http://ids.clld.org/parameters/7-270>		<http://ids.clld.org/values/7-270-174-1>		"həʔhudu"@mch	
"wanha"@fi	<http://ids.clld.org/values/14-150-128-1>		<http://ids.clld.org/parameters/14-150>		<http://ids.clld.org/values/14-150-174-1>		"henaʔdohə"@mch	
"uskoa"@fi	<http://ids.clld.org/values/17-150-128-1>		<http://ids.clld.org/parameters/17-150>		<http://ids.clld.org/values/17-150-174-1>		"-ekanɨhɨ-dɨ"@mch	
"kor̃ppikotka"@fi	<http://ids.clld.org/values/3-586-128-1>		<http://ids.clld.org/parameters/3-586>		<http://ids.clld.org/values/3-586-174-1>		"kudūmu"@mch	
"muuttaa"@fi	<http://ids.clld.org/values/12-930-128-1>		<http://ids.clld.org/parameters/12-930>		<http://ids.clld.org/values/12-930-174-1>		"w-ekamhiaka-nə"@mch	
"miettiæ"@fi	<http://ids.clld.org/values/17-130-128-3>		<http://ids.clld.org/parameters/17-130>		<http://ids.clld.org/values/17-130-174-1>		"tɨtahə-nə"@mch	
"laskeutua"@fi	<http://ids.clld.org/values/10-473-128-1>		<http://ids.clld.org/parameters/10-473>		<http://ids.clld.org/values/10-473-174-1>		"hɨ̄ʔwakādə"@mch	
"üskiæ"@fi	<http://ids.clld.org/values/4-530-128-1>		<http://ids.clld.org/parameters/4-530>		<http://ids.clld.org/values/4-530-174-1>		"təinšiʔho"@mch	
"læhteæ"@fi	<http://ids.clld.org/values/10-470-128-3>		<http://ids.clld.org/parameters/10-470>		<http://ids.clld.org/values/10-470-174-1>		"wɨʔtə̄-nə"@mch	
"kutsua"@fi	<http://ids.clld.org/values/18-420-128-1>		<http://ids.clld.org/parameters/18-420>		<http://ids.clld.org/values/18-420-174-1>		"tə̄tɨ"@mch	
"pur̃r̃a"@fi	<http://ids.clld.org/values/4-580-128-1>		<http://ids.clld.org/parameters/4-580>		<http://ids.clld.org/values/4-580-174-1>		"ēkādɨ"@mch	
"ter̃æwæ"@fi	<http://ids.clld.org/values/15-780-128-1>		<http://ids.clld.org/parameters/15-780>		<http://ids.clld.org/values/15-780-174-1>		"ākə̄tədɨ"@mch	
"kieltæwæ"@fi	<http://ids.clld.org/values/17-560-128-3>		<http://ids.clld.org/parameters/17-560>		<http://ids.clld.org/values/17-560-174-1>		"mmʔhm"@mch	
"kulkea"@fi	<http://ids.clld.org/values/10-450-128-5>		<http://ids.clld.org/parameters/10-450>		<http://ids.clld.org/values/10-450-174-1>		"w-ōhoyma-nə"@mch	
"külæ"@fi	<http://ids.clld.org/values/19-160-128-1>		<http://ids.clld.org/parameters/19-160>		<http://ids.clld.org/values/19-160-174-1>		"haʔta"@mch	
"ongenkoukku"@fi	<http://ids.clld.org/values/20-520-128-1>		<http://ids.clld.org/parameters/20-520>		<http://ids.clld.org/values/20-520-174-1>		"anə̄tə"@mch	
"suola"@fi	<http://ids.clld.org/values/5-810-128-1>		<http://ids.clld.org/parameters/5-810>		<http://ids.clld.org/values/5-810-174-1>		"[sayu]"@mch	
"wihollinen"@fi	<http://ids.clld.org/values/19-520-128-1>		<http://ids.clld.org/parameters/19-520>		<http://ids.clld.org/values/19-520-174-1>		"tuʔde"@mch	
"tulla takaisin"@fi	<http://ids.clld.org/values/10-481-128-1>		<http://ids.clld.org/parameters/10-481>		<http://ids.clld.org/values/10-481-174-1>		"w-ennakā-nə"@mch	
"küünær̃pææ"@fi	<http://ids.clld.org/values/4-320-128-1>		<http://ids.clld.org/parameters/4-320>		<http://ids.clld.org/values/4-320-174-1>		"ə̄ʔmu"@mch	
"kieli"@fi	<http://ids.clld.org/values/4-260-128-1>		<http://ids.clld.org/parameters/4-260>		<http://ids.clld.org/values/4-260-174-1>		"ɲūdu"@mch	
"huippu"@fi	<http://ids.clld.org/values/12-330-128-1>		<http://ids.clld.org/parameters/12-330>		<http://ids.clld.org/values/12-330-174-1>		"akoiʔčaʔhɨdɨ"@mch	
"nenæ"@fi	<http://ids.clld.org/values/4-230-128-1>		<http://ids.clld.org/parameters/4-230>		<http://ids.clld.org/values/4-230-174-1>		"ənna"@mch	
