"halkoa"@fi	<http://ids.clld.org/values/9-270-128-3>		<http://ids.clld.org/parameters/9-270>		<http://ids.clld.org/values/9-270-280-1>		"ma'tošmaki"@pcp	
"kanootti"@fi	<http://ids.clld.org/values/10-831-128-1>		<http://ids.clld.org/parameters/10-831>		<http://ids.clld.org/values/10-831-280-1>		"'noti"@pcp	
"yalka"@fi	<http://ids.clld.org/values/4-370-128-1>		<http://ids.clld.org/parameters/4-370>		<http://ids.clld.org/values/4-370-280-1>		"'taʔɨ"@pcp	
"saksanhir̃wi"@fi	<http://ids.clld.org/values/3-750-128-3>		<http://ids.clld.org/parameters/3-750>		<http://ids.clld.org/values/3-750-280-1>		"'čaṣ̌o"@pcp	
"puu"@fi	<http://ids.clld.org/values/1-420-128-1>		<http://ids.clld.org/parameters/1-420>		<http://ids.clld.org/values/1-420-280-1>		"'hiwi"@pcp	
"lapsi"@fi	<http://ids.clld.org/values/2-280-128-1>		<http://ids.clld.org/parameters/2-280>		<http://ids.clld.org/values/2-280-280-1>		"'wakɨ 'pistia"@pcp	
"wesi"@fi	<http://ids.clld.org/values/1-310-128-1>		<http://ids.clld.org/parameters/1-310>		<http://ids.clld.org/values/1-310-280-1>		"'hɨnɨ"@pcp	
"puu"@fi	<http://ids.clld.org/values/8-600-128-1>		<http://ids.clld.org/parameters/8-600>		<http://ids.clld.org/values/8-600-280-1>		"'hiwi"@pcp	
"kuu"@fi	<http://ids.clld.org/values/1-530-128-1>		<http://ids.clld.org/parameters/1-530>		<http://ids.clld.org/values/1-530-280-1>		"'ʔoṣ̌ɨ"@pcp	
"pur̃o"@fi	<http://ids.clld.org/values/1-360-128-5>		<http://ids.clld.org/parameters/1-360>		<http://ids.clld.org/values/1-360-280-1>		"'ʔani"@pcp	
"pur̃o"@fi	<http://ids.clld.org/values/1-360-128-5>		<http://ids.clld.org/parameters/1-360>		<http://ids.clld.org/values/1-360-280-3>		"'pao"@pcp	
"nælkæ"@fi	<http://ids.clld.org/values/5-140-128-1>		<http://ids.clld.org/parameters/5-140>		<http://ids.clld.org/values/5-140-280-1>		"paṣ̌na'hai"@pcp	
"yoki"@fi	<http://ids.clld.org/values/1-360-128-1>		<http://ids.clld.org/parameters/1-360>		<http://ids.clld.org/values/1-360-280-1>		"'ʔani"@pcp	
"yoki"@fi	<http://ids.clld.org/values/1-360-128-1>		<http://ids.clld.org/parameters/1-360>		<http://ids.clld.org/values/1-360-280-3>		"'pao"@pcp	
"nüör̃i"@fi	<http://ids.clld.org/values/9-190-128-1>		<http://ids.clld.org/parameters/9-190>		<http://ids.clld.org/values/9-190-280-1>		"'taška"@pcp	
"hæn"@fi	<http://ids.clld.org/values/2-930-128-1>		<http://ids.clld.org/parameters/2-930>		<http://ids.clld.org/values/2-930-280-1>		"'haa"@pcp	
"kæsi"@fi	<http://ids.clld.org/values/4-330-128-1>		<http://ids.clld.org/parameters/4-330>		<http://ids.clld.org/values/4-330-280-1>		"mɨ'kɨna"@pcp	
"pææ"@fi	<http://ids.clld.org/values/4-200-128-1>		<http://ids.clld.org/parameters/4-200>		<http://ids.clld.org/values/4-200-280-1>		"'mapo"@pcp	
"minæ"@fi	<http://ids.clld.org/values/2-910-128-1>		<http://ids.clld.org/parameters/2-910>		<http://ids.clld.org/values/2-910-280-1>		"'ɨa"@pcp	
"aur̃inko"@fi	<http://ids.clld.org/values/1-520-128-1>		<http://ids.clld.org/parameters/1-520>		<http://ids.clld.org/values/1-520-280-1>		"'waři"@pcp	
"hedelmæt"@fi	<http://ids.clld.org/values/5-710-128-1>		<http://ids.clld.org/parameters/5-710>		<http://ids.clld.org/values/5-710-280-1>		"'kɨo"@pcp	
"kananpoika"@fi	<http://ids.clld.org/values/3-550-128-1>		<http://ids.clld.org/parameters/3-550>		<http://ids.clld.org/values/3-550-280-1>		"pati'aři"@pcp	
"puuwilla"@fi	<http://ids.clld.org/values/6-240-128-1>		<http://ids.clld.org/parameters/6-240>		<http://ids.clld.org/values/6-240-280-1>		"waṣ̌'mɨna"@pcp	
"mies"@fi	<http://ids.clld.org/values/2-210-128-1>		<http://ids.clld.org/parameters/2-210>		<http://ids.clld.org/values/2-210-280-1>		"'honi"@pcp	
"peur̃a"@fi	<http://ids.clld.org/values/3-750-128-1>		<http://ids.clld.org/parameters/3-750>		<http://ids.clld.org/values/3-750-280-1>		"'čaṣ̌o"@pcp	
"næhdæ"@fi	<http://ids.clld.org/values/15-510-128-1>		<http://ids.clld.org/parameters/15-510>		<http://ids.clld.org/values/15-510-280-1>		"his'pa"@pcp	
"næhdæ"@fi	<http://ids.clld.org/values/15-510-128-1>		<http://ids.clld.org/parameters/15-510>		<http://ids.clld.org/values/15-510-280-3>		"'hisna"@pcp	
"maksa"@fi	<http://ids.clld.org/values/4-450-128-1>		<http://ids.clld.org/parameters/4-450>		<http://ids.clld.org/values/4-450-280-1>		"'taka"@pcp	
"hüönteinen"@fi	<http://ids.clld.org/values/3-810-128-1>		<http://ids.clld.org/parameters/3-810>		<http://ids.clld.org/values/3-810-280-1>		"wɨ'oso"@pcp	
"papukaiya"@fi	<http://ids.clld.org/values/3-592-128-1>		<http://ids.clld.org/parameters/3-592>		<http://ids.clld.org/values/3-592-280-1>		"'wawa"@pcp	
"aukko"@fi	<http://ids.clld.org/values/12-850-128-1>		<http://ids.clld.org/parameters/12-850>		<http://ids.clld.org/values/12-850-280-1>		"'kini"@pcp	
"par̃ta"@fi	<http://ids.clld.org/values/4-142-128-1>		<http://ids.clld.org/parameters/4-142>		<http://ids.clld.org/values/4-142-280-1>		"'kɨni"@pcp	
"tuhka"@fi	<http://ids.clld.org/values/1-840-128-1>		<http://ids.clld.org/parameters/1-840>		<http://ids.clld.org/values/1-840-280-1>		"'mišpo"@pcp	
"ampiainen"@fi	<http://ids.clld.org/values/3-823-128-1>		<http://ids.clld.org/parameters/3-823>		<http://ids.clld.org/values/3-823-280-1>		"'wina"@pcp	
"punainen"@fi	<http://ids.clld.org/values/15-660-128-1>		<http://ids.clld.org/parameters/15-660>		<http://ids.clld.org/values/15-660-280-1>		"'šini"@pcp	
"kayakki"@fi	<http://ids.clld.org/values/10-831-128-3>		<http://ids.clld.org/parameters/10-831>		<http://ids.clld.org/values/10-831-280-1>		"'noti"@pcp	
"wer̃kko(pussi)"@fi	<http://ids.clld.org/values/9-780-128-1>		<http://ids.clld.org/parameters/9-780>		<http://ids.clld.org/values/9-780-280-1>		"'sota"@pcp	
"iho"@fi	<http://ids.clld.org/values/4-120-128-1>		<http://ids.clld.org/parameters/4-120>		<http://ids.clld.org/values/4-120-280-1>		"'wiči"@pcp	
"ukkonen"@fi	<http://ids.clld.org/values/1-560-128-1>		<http://ids.clld.org/parameters/1-560>		<http://ids.clld.org/values/1-560-280-1>		"'naina"@pcp	
"nahka"@fi	<http://ids.clld.org/values/4-120-128-3>		<http://ids.clld.org/parameters/4-120>		<http://ids.clld.org/values/4-120-280-1>		"'wiči"@pcp	
"kor̃wa"@fi	<http://ids.clld.org/values/4-220-128-1>		<http://ids.clld.org/parameters/4-220>		<http://ids.clld.org/values/4-220-280-1>		"'paʔoki"@pcp	
"maa"@fi	<http://ids.clld.org/values/1-210-128-1>		<http://ids.clld.org/parameters/1-210>		<http://ids.clld.org/values/1-210-280-1>		"'mai"@pcp	
"pæiwæ"@fi	<http://ids.clld.org/values/1-520-128-3>		<http://ids.clld.org/parameters/1-520>		<http://ids.clld.org/values/1-520-280-1>		"'waři"@pcp	
"saammakko"@fi	<http://ids.clld.org/values/3-950-128-1>		<http://ids.clld.org/parameters/3-950>		<http://ids.clld.org/values/3-950-280-1>		"wɨṣ̌ko"@pcp	
"pöllö"@fi	<http://ids.clld.org/values/3-596-128-1>		<http://ids.clld.org/parameters/3-596>		<http://ids.clld.org/values/3-596-280-1>		"'popo"@pcp	
"walkoinen"@fi	<http://ids.clld.org/values/15-640-128-1>		<http://ids.clld.org/parameters/15-640>		<http://ids.clld.org/values/15-640-280-1>		"'hoṣ̌o"@pcp	
"lintu"@fi	<http://ids.clld.org/values/3-581-128-1>		<http://ids.clld.org/parameters/3-581>		<http://ids.clld.org/values/3-581-280-1>		"'isko"@pcp	
"luu"@fi	<http://ids.clld.org/values/4-160-128-1>		<http://ids.clld.org/parameters/4-160>		<http://ids.clld.org/values/4-160-280-1>		"'ṣ̌ao"@pcp	
"talo"@fi	<http://ids.clld.org/values/7-120-128-1>		<http://ids.clld.org/parameters/7-120>		<http://ids.clld.org/values/7-120-280-1>		"'ṣ̌owo"@pcp	
"yalka"@fi	<http://ids.clld.org/values/4-350-128-1>		<http://ids.clld.org/parameters/4-350>		<http://ids.clld.org/values/4-350-280-1>		"'wiko"@pcp	
"r̃eikæ"@fi	<http://ids.clld.org/values/12-850-128-3>		<http://ids.clld.org/parameters/12-850>		<http://ids.clld.org/values/12-850-280-1>		"'kini"@pcp	
"palmu"@fi	<http://ids.clld.org/values/8-810-128-1>		<http://ids.clld.org/parameters/8-810>		<http://ids.clld.org/values/8-810-280-1>		"'koti"@pcp	
"tehdæ"@fi	<http://ids.clld.org/values/9-110-128-1>		<http://ids.clld.org/parameters/9-110>		<http://ids.clld.org/values/9-110-280-1>		"i'wɨ"@pcp	
"painawa"@fi	<http://ids.clld.org/values/15-810-128-3>		<http://ids.clld.org/parameters/15-810>		<http://ids.clld.org/values/15-810-280-1>		"'iwɨ"@pcp	
"suu"@fi	<http://ids.clld.org/values/4-240-128-1>		<http://ids.clld.org/parameters/4-240>		<http://ids.clld.org/values/4-240-280-1>		"kɨ'wɨči"@pcp	
"muna"@fi	<http://ids.clld.org/values/5-970-128-1>		<http://ids.clld.org/parameters/5-970>		<http://ids.clld.org/values/5-970-280-1>		"'wači"@pcp	
"tukka"@fi	<http://ids.clld.org/values/4-140-128-3>		<http://ids.clld.org/parameters/4-140>		<http://ids.clld.org/values/4-140-280-1>		"'woo"@pcp	
"lehti"@fi	<http://ids.clld.org/values/8-560-128-1>		<http://ids.clld.org/parameters/8-560>		<http://ids.clld.org/values/8-560-280-1>		"'pɨʔi"@pcp	
"wauwa"@fi	<http://ids.clld.org/values/2-280-128-5>		<http://ids.clld.org/parameters/2-280>		<http://ids.clld.org/values/2-280-280-1>		"'wakɨ 'pistia"@pcp	
"poski"@fi	<http://ids.clld.org/values/4-208-128-1>		<http://ids.clld.org/parameters/4-208>		<http://ids.clld.org/values/4-208-280-1>		"'tamo"@pcp	
"pikku"@fi	<http://ids.clld.org/values/12-560-128-3>		<http://ids.clld.org/parameters/12-560>		<http://ids.clld.org/values/12-560-280-1>		"'mišni"@pcp	
"næüttææ"@fi	<http://ids.clld.org/values/15-550-128-1>		<http://ids.clld.org/parameters/15-550>		<http://ids.clld.org/values/15-550-280-1>		"hi-'maki"@pcp	
"kala"@fi	<http://ids.clld.org/values/3-650-128-1>		<http://ids.clld.org/parameters/3-650>		<http://ids.clld.org/values/3-650-280-3>		"'woɨ"@pcp	
"kala"@fi	<http://ids.clld.org/values/3-650-128-1>		<http://ids.clld.org/parameters/3-650>		<http://ids.clld.org/values/3-650-280-1>		"sa'nino"@pcp	
"æiti"@fi	<http://ids.clld.org/values/2-360-128-1>		<http://ids.clld.org/parameters/2-360>		<http://ids.clld.org/values/2-360-280-1>		"'kai"@pcp	
"kukka"@fi	<http://ids.clld.org/values/8-570-128-1>		<http://ids.clld.org/parameters/8-570>		<http://ids.clld.org/values/8-570-280-3>		"řeṣ̌'pana"@pcp	
"kukka"@fi	<http://ids.clld.org/values/8-570-128-1>		<http://ids.clld.org/parameters/8-570>		<http://ids.clld.org/values/8-570-280-1>		"'hoa"@pcp	
"köüsi"@fi	<http://ids.clld.org/values/9-190-128-5>		<http://ids.clld.org/parameters/9-190>		<http://ids.clld.org/values/9-190-280-1>		"'taška"@pcp	
"nauha"@fi	<http://ids.clld.org/values/9-190-128-3>		<http://ids.clld.org/parameters/9-190>		<http://ids.clld.org/values/9-190-280-1>		"'taška"@pcp	
"hammas"@fi	<http://ids.clld.org/values/4-270-128-1>		<http://ids.clld.org/parameters/4-270>		<http://ids.clld.org/values/4-270-280-1>		"'ṣ̌ɨna"@pcp	
"nainen"@fi	<http://ids.clld.org/values/2-220-128-1>		<http://ids.clld.org/parameters/2-220>		<http://ids.clld.org/values/2-220-280-1>		"'yoṣ̌a"@pcp	
"kilpikonna"@fi	<http://ids.clld.org/values/3-980-128-1>		<http://ids.clld.org/parameters/3-980>		<http://ids.clld.org/values/3-980-280-1>		"'ṣ̌awɨ"@pcp	
"pesæ"@fi	<http://ids.clld.org/values/3-580-128-1>		<http://ids.clld.org/parameters/3-580>		<http://ids.clld.org/values/3-580-280-1>		"'naʔa"@pcp	
"maissi"@fi	<http://ids.clld.org/values/8-470-128-1>		<http://ids.clld.org/parameters/8-470>		<http://ids.clld.org/values/8-470-280-1>		"'ṣ̌ɨki"@pcp	
"leikata"@fi	<http://ids.clld.org/values/9-220-128-1>		<http://ids.clld.org/parameters/9-220>		<http://ids.clld.org/values/9-220-280-1>		"'kɨɨsakia"@pcp	
"waimo"@fi	<http://ids.clld.org/values/2-320-128-1>		<http://ids.clld.org/parameters/2-320>		<http://ids.clld.org/values/2-320-280-1>		"ʔa'wini"@pcp	
"isæ"@fi	<http://ids.clld.org/values/2-350-128-1>		<http://ids.clld.org/parameters/2-350>		<http://ids.clld.org/values/2-350-280-1>		"'ɨpa"@pcp	
"isæ"@fi	<http://ids.clld.org/values/2-350-128-1>		<http://ids.clld.org/parameters/2-350>		<http://ids.clld.org/values/2-350-280-3>		"'ʔɨpa"@pcp	
"moskiitto"@fi	<http://ids.clld.org/values/3-832-128-1>		<http://ids.clld.org/parameters/3-832>		<http://ids.clld.org/values/3-832-280-1>		"'wii"@pcp	
"helmi"@fi	<http://ids.clld.org/values/6-760-128-1>		<http://ids.clld.org/parameters/6-760>		<http://ids.clld.org/values/6-760-280-1>		"'kisi"@pcp	
"makea"@fi	<http://ids.clld.org/values/15-350-128-1>		<http://ids.clld.org/parameters/15-350>		<http://ids.clld.org/values/15-350-280-1>		"tɨ'ɨ"@pcp	
"sade"@fi	<http://ids.clld.org/values/1-750-128-1>		<http://ids.clld.org/parameters/1-750>		<http://ids.clld.org/values/1-750-280-3>		"ʔo'i"@pcp	
"sade"@fi	<http://ids.clld.org/values/1-750-128-1>		<http://ids.clld.org/parameters/1-750>		<http://ids.clld.org/values/1-750-280-1>		"o'i"@pcp	
"yuur̃i"@fi	<http://ids.clld.org/values/8-540-128-1>		<http://ids.clld.org/parameters/8-540>		<http://ids.clld.org/values/8-540-280-1>		"ta'pono"@pcp	
"wir̃ta"@fi	<http://ids.clld.org/values/1-360-128-3>		<http://ids.clld.org/parameters/1-360>		<http://ids.clld.org/values/1-360-280-1>		"'ʔani"@pcp	
"wir̃ta"@fi	<http://ids.clld.org/values/1-360-128-3>		<http://ids.clld.org/parameters/1-360>		<http://ids.clld.org/values/1-360-280-3>		"'pao"@pcp	
"pilwi"@fi	<http://ids.clld.org/values/1-730-128-1>		<http://ids.clld.org/parameters/1-730>		<http://ids.clld.org/values/1-730-280-1>		"'c̷ɨmo"@pcp	
"sææski"@fi	<http://ids.clld.org/values/3-831-128-3>		<http://ids.clld.org/parameters/3-831>		<http://ids.clld.org/values/3-831-280-1>		"'šio"@pcp	
"sææski"@fi	<http://ids.clld.org/values/3-831-128-3>		<http://ids.clld.org/parameters/3-831>		<http://ids.clld.org/values/3-831-280-3>		"'čio"@pcp	
"kæsiwar̃si"@fi	<http://ids.clld.org/values/4-310-128-1>		<http://ids.clld.org/parameters/4-310>		<http://ids.clld.org/values/4-310-280-1>		"po'yana"@pcp	
"tuli"@fi	<http://ids.clld.org/values/1-810-128-1>		<http://ids.clld.org/parameters/1-810>		<http://ids.clld.org/values/1-810-280-1>		"'čiʔi"@pcp	
"imewæinen"@fi	<http://ids.clld.org/values/2-280-128-3>		<http://ids.clld.org/parameters/2-280>		<http://ids.clld.org/values/2-280-280-1>		"'wakɨ 'pistia"@pcp	
"keuhko"@fi	<http://ids.clld.org/values/4-441-128-1>		<http://ids.clld.org/parameters/4-441>		<http://ids.clld.org/values/4-441-280-1>		"'taṣ̌a"@pcp	
"(awio)mies"@fi	<http://ids.clld.org/values/2-310-128-1>		<http://ids.clld.org/parameters/2-310>		<http://ids.clld.org/values/2-310-280-1>		"'wɨnɨ"@pcp	
"silmæ"@fi	<http://ids.clld.org/values/4-210-128-1>		<http://ids.clld.org/parameters/4-210>		<http://ids.clld.org/values/4-210-280-1>		"'wɨřo"@pcp	
"pieni"@fi	<http://ids.clld.org/values/12-560-128-1>		<http://ids.clld.org/parameters/12-560>		<http://ids.clld.org/values/12-560-280-1>		"'mišni"@pcp	
"südæn"@fi	<http://ids.clld.org/values/4-440-128-1>		<http://ids.clld.org/parameters/4-440>		<http://ids.clld.org/values/4-440-280-1>		"howi'ti"@pcp	
"hüttünen"@fi	<http://ids.clld.org/values/3-831-128-1>		<http://ids.clld.org/parameters/3-831>		<http://ids.clld.org/values/3-831-280-1>		"'šio"@pcp	
"hüttünen"@fi	<http://ids.clld.org/values/3-831-128-1>		<http://ids.clld.org/parameters/3-831>		<http://ids.clld.org/values/3-831-280-3>		"'čio"@pcp	
"pestæ"@fi	<http://ids.clld.org/values/9-360-128-1>		<http://ids.clld.org/parameters/9-360>		<http://ids.clld.org/values/9-360-280-1>		"'aši"@pcp	
"sær̃keæ"@fi	<http://ids.clld.org/values/9-270-128-1>		<http://ids.clld.org/parameters/9-270>		<http://ids.clld.org/values/9-270-280-1>		"ma'tošmaki"@pcp	
"polttopuut"@fi	<http://ids.clld.org/values/1-880-128-1>		<http://ids.clld.org/parameters/1-880>		<http://ids.clld.org/values/1-880-280-1>		"'kařo"@pcp	
"wer̃i"@fi	<http://ids.clld.org/values/4-150-128-1>		<http://ids.clld.org/parameters/4-150>		<http://ids.clld.org/values/4-150-280-1>		"'himi"@pcp	
"kaksi"@fi	<http://ids.clld.org/values/13-20-128-1>		<http://ids.clld.org/parameters/13-20>		<http://ids.clld.org/values/13-20-280-1>		"ra'wɨ"@pcp	
"tæhti"@fi	<http://ids.clld.org/values/1-540-128-1>		<http://ids.clld.org/parameters/1-540>		<http://ids.clld.org/values/1-540-280-1>		"'wištima"@pcp	
"r̃askas"@fi	<http://ids.clld.org/values/15-810-128-1>		<http://ids.clld.org/parameters/15-810>		<http://ids.clld.org/values/15-810-280-1>		"'iwɨ"@pcp	
"kir̃wes"@fi	<http://ids.clld.org/values/9-250-128-1>		<http://ids.clld.org/parameters/9-250>		<http://ids.clld.org/values/9-250-280-1>		"[hača]"@pcp	
"sawu"@fi	<http://ids.clld.org/values/1-830-128-1>		<http://ids.clld.org/parameters/1-830>		<http://ids.clld.org/values/1-830-280-1>		"ko'ʔina"@pcp	
"kaukana"@fi	<http://ids.clld.org/values/12-440-128-1>		<http://ids.clld.org/parameters/12-440>		<http://ids.clld.org/values/12-440-280-1>		"nɨ'ama"@pcp	
"pæiwæ"@fi	<http://ids.clld.org/values/14-410-128-1>		<http://ids.clld.org/parameters/14-410>		<http://ids.clld.org/values/14-410-280-1>		"'waři"@pcp	
"tapiokasuur̃imot"@fi	<http://ids.clld.org/values/8-920-128-1>		<http://ids.clld.org/parameters/8-920>		<http://ids.clld.org/values/8-920-280-1>		"'ac̷a"@pcp	
"taiwas"@fi	<http://ids.clld.org/values/1-510-128-1>		<http://ids.clld.org/parameters/1-510>		<http://ids.clld.org/values/1-510-280-1>		"na'ipa"@pcp	
"hiukset"@fi	<http://ids.clld.org/values/4-140-128-1>		<http://ids.clld.org/parameters/4-140>		<http://ids.clld.org/values/4-140-280-1>		"'woo"@pcp	
"kor̃ppikotka"@fi	<http://ids.clld.org/values/3-586-128-1>		<http://ids.clld.org/parameters/3-586>		<http://ids.clld.org/values/3-586-280-1>		"po'iko"@pcp	
"yauho"@fi	<http://ids.clld.org/values/5-550-128-1>		<http://ids.clld.org/parameters/5-550>		<http://ids.clld.org/values/5-550-280-1>		"'moto"@pcp	
"ter̃æwæ"@fi	<http://ids.clld.org/values/15-780-128-1>		<http://ids.clld.org/parameters/15-780>		<http://ids.clld.org/values/15-780-280-1>		"'ɨika"@pcp	
"pelto"@fi	<http://ids.clld.org/values/8-120-128-1>		<http://ids.clld.org/parameters/8-120>		<http://ids.clld.org/values/8-120-280-1>		"'wai"@pcp	
"kieli"@fi	<http://ids.clld.org/values/4-260-128-1>		<http://ids.clld.org/parameters/4-260>		<http://ids.clld.org/values/4-260-280-1>		"'hana"@pcp	
"nenæ"@fi	<http://ids.clld.org/values/4-230-128-1>		<http://ids.clld.org/parameters/4-230>		<http://ids.clld.org/values/4-230-280-1>		"řɨ'kina"@pcp	
