"halkoa"@fi	<http://ids.clld.org/values/9-270-128-3>		<http://ids.clld.org/parameters/9-270>		<http://ids.clld.org/values/9-270-286-1>		"toʔ pahot"@pav	
"halkoa"@fi	<http://ids.clld.org/values/9-270-128-3>		<http://ids.clld.org/parameters/9-270>		<http://ids.clld.org/values/9-270-286-3>		"toʔ pahorohot"@pav	
"eloisa"@fi	<http://ids.clld.org/values/4-740-128-5>		<http://ids.clld.org/parameters/4-740>		<http://ids.clld.org/values/4-740-286-1>		"eʔ"@pav	
"hiekka"@fi	<http://ids.clld.org/values/1-215-128-1>		<http://ids.clld.org/parameters/1-215>		<http://ids.clld.org/values/1-215-286-1>		"namayi"@pav	
"yalka"@fi	<http://ids.clld.org/values/4-370-128-1>		<http://ids.clld.org/parameters/4-370>		<http://ids.clld.org/values/4-370-286-1>		"kašimašiʔ (kašim)"@pav	
"etsiæ"@fi	<http://ids.clld.org/values/11-310-128-1>		<http://ids.clld.org/parameters/11-310>		<http://ids.clld.org/values/11-310-286-1>		"noro"@pav	
"pölü"@fi	<http://ids.clld.org/values/1-213-128-1>		<http://ids.clld.org/parameters/1-213>		<http://ids.clld.org/values/1-213-286-1>		"tainʔ"@pav	
"elæmæ"@fi	<http://ids.clld.org/values/4-740-128-7>		<http://ids.clld.org/parameters/4-740>		<http://ids.clld.org/values/4-740-286-1>		"eʔ"@pav	
"nukkua"@fi	<http://ids.clld.org/values/4-610-128-1>		<http://ids.clld.org/parameters/4-610>		<http://ids.clld.org/values/4-610-286-1>		"piʔam"@pav	
"istua"@fi	<http://ids.clld.org/values/12-130-128-1>		<http://ids.clld.org/parameters/12-130>		<http://ids.clld.org/values/12-130-286-1>		"šaoʔ pe"@pav	
"istua"@fi	<http://ids.clld.org/values/12-130-128-1>		<http://ids.clld.org/parameters/12-130>		<http://ids.clld.org/values/12-130-286-3>		"šaoʔ to"@pav	
"puu"@fi	<http://ids.clld.org/values/1-420-128-1>		<http://ids.clld.org/parameters/1-420>		<http://ids.clld.org/values/1-420-286-1>		"pana"@pav	
"oikea"@fi	<http://ids.clld.org/values/12-410-128-1>		<http://ids.clld.org/parameters/12-410>		<http://ids.clld.org/values/12-410-286-1>		"irikwerešiʔ"@pav	
"wesi"@fi	<http://ids.clld.org/values/1-310-128-1>		<http://ids.clld.org/parameters/1-310>		<http://ids.clld.org/values/1-310-286-1>		"kom (komišiʔ)"@pav	
"puu"@fi	<http://ids.clld.org/values/8-600-128-1>		<http://ids.clld.org/parameters/8-600>		<http://ids.clld.org/values/8-600-286-1>		"pana"@pav	
"kaapia"@fi	<http://ids.clld.org/values/5-480-128-1>		<http://ids.clld.org/parameters/5-480>		<http://ids.clld.org/values/5-480-286-1>		"kuruk"@pav	
"kuu"@fi	<http://ids.clld.org/values/1-530-128-1>		<http://ids.clld.org/parameters/1-530>		<http://ids.clld.org/values/1-530-286-1>		"panawoʔ"@pav	
"pur̃o"@fi	<http://ids.clld.org/values/1-360-128-5>		<http://ids.clld.org/parameters/1-360>		<http://ids.clld.org/values/1-360-286-1>		"kom"@pav	
"yoki"@fi	<http://ids.clld.org/values/1-360-128-1>		<http://ids.clld.org/parameters/1-360>		<http://ids.clld.org/values/1-360-286-1>		"kom"@pav	
"suor̃a"@fi	<http://ids.clld.org/values/12-730-128-1>		<http://ids.clld.org/parameters/12-730>		<http://ids.clld.org/values/12-730-286-1>		"ka om šone ne"@pav	
"sulka"@fi	<http://ids.clld.org/values/4-393-128-1>		<http://ids.clld.org/parameters/4-393>		<http://ids.clld.org/values/4-393-286-1>		"tenenein (šun)"@pav	
"tuulla"@fi	<http://ids.clld.org/values/10-380-128-3>		<http://ids.clld.org/parameters/10-380>		<http://ids.clld.org/values/10-380-286-3>		"hukoʔ"@pav	
"tuulla"@fi	<http://ids.clld.org/values/10-380-128-3>		<http://ids.clld.org/parameters/10-380>		<http://ids.clld.org/values/10-380-286-1>		"hu"@pav	
"nüör̃i"@fi	<http://ids.clld.org/values/9-190-128-1>		<http://ids.clld.org/parameters/9-190>		<http://ids.clld.org/values/9-190-286-1>		"makon (makorišiʔ)"@pav	
"wæhæn"@fi	<http://ids.clld.org/values/13-170-128-1>		<http://ids.clld.org/parameters/13-170>		<http://ids.clld.org/values/13-170-286-1>		"parek"@pav	
"wasen"@fi	<http://ids.clld.org/values/12-420-128-1>		<http://ids.clld.org/parameters/12-420>		<http://ids.clld.org/values/12-420-286-1>		"parayišiʔ"@pav	
"hæn"@fi	<http://ids.clld.org/values/2-930-128-1>		<http://ids.clld.org/parameters/2-930>		<http://ids.clld.org/values/2-930-286-1>		"ko maʔ"@pav	
"hæntæ"@fi	<http://ids.clld.org/values/4-180-128-1>		<http://ids.clld.org/parameters/4-180>		<http://ids.clld.org/values/4-180-286-1>		"kahwerein"@pav	
"miespuolinen"@fi	<http://ids.clld.org/values/2-230-128-1>		<http://ids.clld.org/parameters/2-230>		<http://ids.clld.org/values/2-230-286-1>		"taramaʔ"@pav	
"kæsi"@fi	<http://ids.clld.org/values/4-330-128-1>		<http://ids.clld.org/parameters/4-330>		<http://ids.clld.org/values/4-330-286-1>		"mišiʔ"@pav	
"kæsi"@fi	<http://ids.clld.org/values/4-330-128-1>		<http://ids.clld.org/parameters/4-330>		<http://ids.clld.org/values/4-330-286-3>		"(umʔ)"@pav	
"hengitüs"@fi	<http://ids.clld.org/values/4-510-128-3>		<http://ids.clld.org/parameters/4-510>		<http://ids.clld.org/values/4-510-286-1>		"wereme"@pav	
"nur̃mi"@fi	<http://ids.clld.org/values/8-510-128-3>		<http://ids.clld.org/parameters/8-510>		<http://ids.clld.org/values/8-510-286-1>		"tononoin"@pav	
"likaantunut"@fi	<http://ids.clld.org/values/15-880-128-3>		<http://ids.clld.org/parameters/15-880>		<http://ids.clld.org/values/15-880-286-1>		"mišem"@pav	
"wuor̃i"@fi	<http://ids.clld.org/values/1-220-128-1>		<http://ids.clld.org/parameters/1-220>		<http://ids.clld.org/values/1-220-286-1>		"pakun"@pav	
"pææ"@fi	<http://ids.clld.org/values/4-200-128-1>		<http://ids.clld.org/parameters/4-200>		<http://ids.clld.org/values/4-200-286-1>		"winašiʔ (wayiʔ)"@pav	
"seisoa"@fi	<http://ids.clld.org/values/12-150-128-1>		<http://ids.clld.org/parameters/12-150>		<http://ids.clld.org/values/12-150-286-1>		"tekiʔ pe"@pav	
"seisoa"@fi	<http://ids.clld.org/values/12-150-128-1>		<http://ids.clld.org/parameters/12-150>		<http://ids.clld.org/values/12-150-286-3>		"tekiʔ to"@pav	
"ihr̃a"@fi	<http://ids.clld.org/values/5-791-128-3>		<http://ids.clld.org/parameters/5-791>		<http://ids.clld.org/values/5-791-286-1>		"homain"@pav	
"minæ"@fi	<http://ids.clld.org/values/2-910-128-1>		<http://ids.clld.org/parameters/2-910>		<http://ids.clld.org/values/2-910-286-1>		"wataʔ"@pav	
"pudota"@fi	<http://ids.clld.org/values/10-230-128-1>		<http://ids.clld.org/parameters/10-230>		<http://ids.clld.org/values/10-230-286-3>		"kamaraʔ"@pav	
"pudota"@fi	<http://ids.clld.org/values/10-230-128-1>		<http://ids.clld.org/parameters/10-230>		<http://ids.clld.org/values/10-230-286-1>		"panʔ"@pav	
"polku"@fi	<http://ids.clld.org/values/10-720-128-1>		<http://ids.clld.org/parameters/10-720>		<http://ids.clld.org/values/10-720-286-1>		"wana (wanayišiʔ)"@pav	
"taistella"@fi	<http://ids.clld.org/values/20-110-128-1>		<http://ids.clld.org/parameters/20-110>		<http://ids.clld.org/values/20-110-286-1>		"mišita"@pav	
"aur̃inko"@fi	<http://ids.clld.org/values/1-520-128-1>		<http://ids.clld.org/parameters/1-520>		<http://ids.clld.org/values/1-520-286-1>		"šina"@pav	
"hedelmæt"@fi	<http://ids.clld.org/values/5-710-128-1>		<http://ids.clld.org/parameters/5-710>		<http://ids.clld.org/values/5-710-286-3>		"winain"@pav	
"hedelmæt"@fi	<http://ids.clld.org/values/5-710-128-1>		<http://ids.clld.org/parameters/5-710>		<http://ids.clld.org/values/5-710-286-1>		"memem"@pav	
"ommella"@fi	<http://ids.clld.org/values/6-350-128-1>		<http://ids.clld.org/parameters/6-350>		<http://ids.clld.org/values/6-350-286-1>		"ok"@pav	
"hier̃oa"@fi	<http://ids.clld.org/values/9-310-128-1>		<http://ids.clld.org/parameters/9-310>		<http://ids.clld.org/values/9-310-286-1>		"šik"@pav	
"sisælmükset"@fi	<http://ids.clld.org/values/4-461-128-1>		<http://ids.clld.org/parameters/4-461>		<http://ids.clld.org/values/4-461-286-1>		"monošiʔ (mon)"@pav	
"likainen"@fi	<http://ids.clld.org/values/15-880-128-1>		<http://ids.clld.org/parameters/15-880>		<http://ids.clld.org/values/15-880-286-1>		"mišem"@pav	
"he"@fi	<http://ids.clld.org/values/2-960-128-1>		<http://ids.clld.org/parameters/2-960>		<http://ids.clld.org/values/2-960-286-1>		"karam maʔ"@pav	
"tietææ"@fi	<http://ids.clld.org/values/17-170-128-1>		<http://ids.clld.org/parameters/17-170>		<http://ids.clld.org/values/17-170-286-1>		"tašiʔ"@pav	
"tietææ"@fi	<http://ids.clld.org/values/17-170-128-1>		<http://ids.clld.org/parameters/17-170>		<http://ids.clld.org/values/17-170-286-3>		"kerek"@pav	
"tietææ"@fi	<http://ids.clld.org/values/17-170-128-1>		<http://ids.clld.org/parameters/17-170>		<http://ids.clld.org/values/17-170-286-5>		"kerek pinʔ"@pav	
"ayatella"@fi	<http://ids.clld.org/values/17-130-128-1>		<http://ids.clld.org/parameters/17-130>		<http://ids.clld.org/values/17-130-286-1>		"koromikat"@pav	
"mies"@fi	<http://ids.clld.org/values/2-210-128-1>		<http://ids.clld.org/parameters/2-210>		<http://ids.clld.org/values/2-210-286-1>		"taramaʔ"@pav	
"kuor̃i"@fi	<http://ids.clld.org/values/8-750-128-1>		<http://ids.clld.org/parameters/8-750>		<http://ids.clld.org/values/8-750-286-1>		"tapari"@pav	
"liha"@fi	<http://ids.clld.org/values/4-130-128-1>		<http://ids.clld.org/parameters/4-130>		<http://ids.clld.org/values/4-130-286-1>		"kwerešiʔ"@pav	
"næhdæ"@fi	<http://ids.clld.org/values/15-510-128-1>		<http://ids.clld.org/parameters/15-510>		<http://ids.clld.org/values/15-510-286-1>		"kerek"@pav	
"wihr̃eæ"@fi	<http://ids.clld.org/values/15-680-128-1>		<http://ids.clld.org/parameters/15-680>		<http://ids.clld.org/values/15-680-286-1>		"tb̃um"@pav	
"leikkiæ"@fi	<http://ids.clld.org/values/16-260-128-1>		<http://ids.clld.org/parameters/16-260>		<http://ids.clld.org/values/16-260-286-1>		"warayu"@pav	
"heittææ"@fi	<http://ids.clld.org/values/10-250-128-1>		<http://ids.clld.org/parameters/10-250>		<http://ids.clld.org/values/10-250-286-3>		"wišikaoʔ"@pav	
"heittææ"@fi	<http://ids.clld.org/values/10-250-128-1>		<http://ids.clld.org/parameters/10-250>		<http://ids.clld.org/values/10-250-286-1>		"šin"@pav	
"maksa"@fi	<http://ids.clld.org/values/4-450-128-1>		<http://ids.clld.org/parameters/4-450>		<http://ids.clld.org/values/4-450-286-1>		"tarawanašiʔ (tarawan)"@pav	
"lapsi"@fi	<http://ids.clld.org/values/2-270-128-1>		<http://ids.clld.org/parameters/2-270>		<http://ids.clld.org/values/2-270-286-1>		"piyeʔ"@pav	
"puu"@fi	<http://ids.clld.org/values/1-430-128-1>		<http://ids.clld.org/parameters/1-430>		<http://ids.clld.org/values/1-430-286-1>		"pana"@pav	
"uida"@fi	<http://ids.clld.org/values/10-350-128-1>		<http://ids.clld.org/parameters/10-350>		<http://ids.clld.org/values/10-350-286-3>		"panʔ karakam"@pav	
"uida"@fi	<http://ids.clld.org/values/10-350-128-1>		<http://ids.clld.org/parameters/10-350>		<http://ids.clld.org/values/10-350-286-1>		"panʔ kam"@pav	
"laskea"@fi	<http://ids.clld.org/values/13-107-128-3>		<http://ids.clld.org/parameters/13-107>		<http://ids.clld.org/values/13-107-286-1>		"piyimʔ"@pav	
"tuhka"@fi	<http://ids.clld.org/values/1-840-128-1>		<http://ids.clld.org/parameters/1-840>		<http://ids.clld.org/values/1-840-286-1>		"topakon"@pav	
"punainen"@fi	<http://ids.clld.org/values/15-660-128-1>		<http://ids.clld.org/parameters/15-660>		<http://ids.clld.org/values/15-660-286-1>		"pakaʔ"@pav	
"lewætæ"@fi	<http://ids.clld.org/values/12-140-128-3>		<http://ids.clld.org/parameters/12-140>		<http://ids.clld.org/values/12-140-286-1>		"teremʔ"@pav	
"lewætæ"@fi	<http://ids.clld.org/values/12-140-128-3>		<http://ids.clld.org/parameters/12-140>		<http://ids.clld.org/values/12-140-286-3>		"tokoʔ"@pav	
"üö"@fi	<http://ids.clld.org/values/14-420-128-1>		<http://ids.clld.org/parameters/14-420>		<http://ids.clld.org/values/14-420-286-1>		"šim"@pav	
"selkæ"@fi	<http://ids.clld.org/values/4-190-128-1>		<http://ids.clld.org/parameters/4-190>		<http://ids.clld.org/values/4-190-286-1>		"warašiʔ"@pav	
"pur̃istaa"@fi	<http://ids.clld.org/values/9-343-128-1>		<http://ids.clld.org/parameters/9-343>		<http://ids.clld.org/values/9-343-286-1>		"humʔ"@pav	
"iho"@fi	<http://ids.clld.org/values/4-120-128-1>		<http://ids.clld.org/parameters/4-120>		<http://ids.clld.org/values/4-120-286-1>		"taparišiʔ"@pav	
"nahka"@fi	<http://ids.clld.org/values/4-120-128-3>		<http://ids.clld.org/parameters/4-120>		<http://ids.clld.org/values/4-120-286-1>		"taparišiʔ"@pav	
"pitææ"@fi	<http://ids.clld.org/values/11-150-128-1>		<http://ids.clld.org/parameters/11-150>		<http://ids.clld.org/values/11-150-286-1>		"kep"@pav	
"lühüt"@fi	<http://ids.clld.org/values/12-590-128-1>		<http://ids.clld.org/parameters/12-590>		<http://ids.clld.org/values/12-590-286-1>		"wiyimain"@pav	
"kallio"@fi	<http://ids.clld.org/values/1-440-128-3>		<http://ids.clld.org/parameters/1-440>		<http://ids.clld.org/values/1-440-286-1>		"pakun"@pav	
"tæüsi"@fi	<http://ids.clld.org/values/13-210-128-1>		<http://ids.clld.org/parameters/13-210>		<http://ids.clld.org/values/13-210-286-5>		"maʔam"@pav	
"tæüsi"@fi	<http://ids.clld.org/values/13-210-128-1>		<http://ids.clld.org/parameters/13-210>		<http://ids.clld.org/values/13-210-286-3>		"moromoinʔ"@pav	
"tæüsi"@fi	<http://ids.clld.org/values/13-210-128-1>		<http://ids.clld.org/parameters/13-210>		<http://ids.clld.org/values/13-210-286-1>		"moinʔ"@pav	
"kor̃wa"@fi	<http://ids.clld.org/values/4-220-128-1>		<http://ids.clld.org/parameters/4-220>		<http://ids.clld.org/values/4-220-286-1>		"tara-yišiʔ (taraʔ)"@pav	
"maa"@fi	<http://ids.clld.org/values/1-210-128-1>		<http://ids.clld.org/parameters/1-210>		<http://ids.clld.org/values/1-210-286-1>		"makanʔ"@pav	
"pæiwæ"@fi	<http://ids.clld.org/values/1-520-128-3>		<http://ids.clld.org/parameters/1-520>		<http://ids.clld.org/values/1-520-286-1>		"šina"@pav	
"toukka"@fi	<http://ids.clld.org/values/3-840-128-3>		<http://ids.clld.org/parameters/3-840>		<http://ids.clld.org/values/3-840-286-1>		"meteʔ"@pav	
"kuolla"@fi	<http://ids.clld.org/values/4-750-128-1>		<http://ids.clld.org/parameters/4-750>		<http://ids.clld.org/values/4-750-286-3>		"konoʔ"@pav	
"kuolla"@fi	<http://ids.clld.org/values/4-750-128-1>		<http://ids.clld.org/parameters/4-750>		<http://ids.clld.org/values/4-750-286-1>		"miʔ pin"@pav	
"walkoinen"@fi	<http://ids.clld.org/values/15-640-128-1>		<http://ids.clld.org/parameters/15-640>		<http://ids.clld.org/values/15-640-286-1>		"towoʔ"@pav	
"tüöntææ"@fi	<http://ids.clld.org/values/10-670-128-1>		<http://ids.clld.org/parameters/10-670>		<http://ids.clld.org/values/10-670-286-1>		"yök"@pav	
"pelata"@fi	<http://ids.clld.org/values/16-260-128-3>		<http://ids.clld.org/parameters/16-260>		<http://ids.clld.org/values/16-260-286-1>		"warayu"@pav	
"lintu"@fi	<http://ids.clld.org/values/3-581-128-1>		<http://ids.clld.org/parameters/3-581>		<http://ids.clld.org/values/3-581-286-1>		"me"@pav	
"kellua"@fi	<http://ids.clld.org/values/10-340-128-3>		<http://ids.clld.org/parameters/10-340>		<http://ids.clld.org/values/10-340-286-1>		"ho"@pav	
"kellua"@fi	<http://ids.clld.org/values/10-340-128-3>		<http://ids.clld.org/parameters/10-340>		<http://ids.clld.org/values/10-340-286-3>		"horoho"@pav	
"luu"@fi	<http://ids.clld.org/values/4-160-128-1>		<http://ids.clld.org/parameters/4-160>		<http://ids.clld.org/values/4-160-286-1>		"arašiʔ (at)"@pav	
"tuntea"@fi	<http://ids.clld.org/values/17-170-128-3>		<http://ids.clld.org/parameters/17-170>		<http://ids.clld.org/values/17-170-286-1>		"tašiʔ"@pav	
"tuntea"@fi	<http://ids.clld.org/values/17-170-128-3>		<http://ids.clld.org/parameters/17-170>		<http://ids.clld.org/values/17-170-286-3>		"kerek"@pav	
"tuntea"@fi	<http://ids.clld.org/values/17-170-128-3>		<http://ids.clld.org/parameters/17-170>		<http://ids.clld.org/values/17-170-286-5>		"kerek pinʔ"@pav	
"yalka"@fi	<http://ids.clld.org/values/4-350-128-1>		<http://ids.clld.org/parameters/4-350>		<http://ids.clld.org/values/4-350-286-1>		"pišiyašiʔ"@pav	
"yalka"@fi	<http://ids.clld.org/values/4-350-128-1>		<http://ids.clld.org/parameters/4-350>		<http://ids.clld.org/values/4-350-286-3>		"kokošiʔ"@pav	
"læmmin"@fi	<http://ids.clld.org/values/15-851-128-1>		<http://ids.clld.org/parameters/15-851>		<http://ids.clld.org/values/15-851-286-3>		"nonoe"@pav	
"læmmin"@fi	<http://ids.clld.org/values/15-851-128-1>		<http://ids.clld.org/parameters/15-851>		<http://ids.clld.org/values/15-851-286-1>		"šain"@pav	
"uusi"@fi	<http://ids.clld.org/values/14-130-128-1>		<http://ids.clld.org/parameters/14-130>		<http://ids.clld.org/values/14-130-286-1>		"šokori"@pav	
"antaa"@fi	<http://ids.clld.org/values/11-210-128-1>		<http://ids.clld.org/parameters/11-210>		<http://ids.clld.org/values/11-210-286-1>		"miʔ"@pav	
"hakea"@fi	<http://ids.clld.org/values/11-310-128-3>		<http://ids.clld.org/parameters/11-310>		<http://ids.clld.org/values/11-310-286-1>		"noro"@pav	
"tomu"@fi	<http://ids.clld.org/values/1-213-128-3>		<http://ids.clld.org/parameters/1-213>		<http://ids.clld.org/values/1-213-286-1>		"tainʔ"@pav	
"koir̃a"@fi	<http://ids.clld.org/values/3-610-128-1>		<http://ids.clld.org/parameters/3-610>		<http://ids.clld.org/values/3-610-286-1>		"oromiyak"@pav	
"wetææ"@fi	<http://ids.clld.org/values/9-330-128-1>		<http://ids.clld.org/parameters/9-330>		<http://ids.clld.org/values/9-330-286-1>		"kök"@pav	
"puukottaa"@fi	<http://ids.clld.org/values/9-223-128-5>		<http://ids.clld.org/parameters/9-223>		<http://ids.clld.org/values/9-223-286-1>		"šukunʔ"@pav	
"musta"@fi	<http://ids.clld.org/values/15-650-128-1>		<http://ids.clld.org/parameters/15-650>		<http://ids.clld.org/values/15-650-286-1>		"mišem"@pav	
"mætæ"@fi	<http://ids.clld.org/values/5-125-128-3>		<http://ids.clld.org/parameters/5-125>		<http://ids.clld.org/values/5-125-286-1>		"šowuru"@pav	
"pelko"@fi	<http://ids.clld.org/values/16-530-128-1>		<http://ids.clld.org/parameters/16-530>		<http://ids.clld.org/values/16-530-286-1>		"yinʔ"@pav	
"suur̃i"@fi	<http://ids.clld.org/values/12-550-128-1>		<http://ids.clld.org/parameters/12-550>		<http://ids.clld.org/values/12-550-286-1>		"hwaraʔ"@pav	
"suur̃i"@fi	<http://ids.clld.org/values/12-550-128-1>		<http://ids.clld.org/parameters/12-550>		<http://ids.clld.org/values/12-550-286-3>		"horon"@pav	
"polwi"@fi	<http://ids.clld.org/values/4-360-128-1>		<http://ids.clld.org/parameters/4-360>		<http://ids.clld.org/values/4-360-286-1>		"karamašiʔ (karam)"@pav	
"kæwellæ"@fi	<http://ids.clld.org/values/10-450-128-3>		<http://ids.clld.org/parameters/10-450>		<http://ids.clld.org/values/10-450-286-1>		"šut"@pav	
"kæwellæ"@fi	<http://ids.clld.org/values/10-450-128-3>		<http://ids.clld.org/parameters/10-450>		<http://ids.clld.org/values/10-450-286-3>		"šurušut"@pav	
"siipi"@fi	<http://ids.clld.org/values/4-392-128-1>		<http://ids.clld.org/parameters/4-392>		<http://ids.clld.org/values/4-392-286-1>		"tapaši"@pav	
"painawa"@fi	<http://ids.clld.org/values/15-810-128-3>		<http://ids.clld.org/parameters/15-810>		<http://ids.clld.org/values/15-810-286-3>		"taʔ man"@pav	
"painawa"@fi	<http://ids.clld.org/values/15-810-128-3>		<http://ids.clld.org/parameters/15-810>		<http://ids.clld.org/values/15-810-286-1>		"šite"@pav	
"painawa"@fi	<http://ids.clld.org/values/15-810-128-3>		<http://ids.clld.org/parameters/15-810>		<http://ids.clld.org/values/15-810-286-5>		"teʔ man"@pav	
"suu"@fi	<http://ids.clld.org/values/4-240-128-1>		<http://ids.clld.org/parameters/4-240>		<http://ids.clld.org/values/4-240-286-1>		"kapiyašiʔ (topak)"@pav	
"laiha"@fi	<http://ids.clld.org/values/12-650-128-3>		<http://ids.clld.org/parameters/12-650>		<http://ids.clld.org/values/12-650-286-1>		"šašiʔ"@pav	
"laulaa"@fi	<http://ids.clld.org/values/18-120-128-1>		<http://ids.clld.org/parameters/18-120>		<http://ids.clld.org/values/18-120-286-1>		"kom"@pav	
"sitoa"@fi	<http://ids.clld.org/values/9-160-128-1>		<http://ids.clld.org/parameters/9-160>		<http://ids.clld.org/values/9-160-286-1>		"tuku"@pav	
"muna"@fi	<http://ids.clld.org/values/5-970-128-1>		<http://ids.clld.org/parameters/5-970>		<http://ids.clld.org/values/5-970-286-1>		"arayein"@pav	
"laaya"@fi	<http://ids.clld.org/values/12-610-128-1>		<http://ids.clld.org/parameters/12-610>		<http://ids.clld.org/values/12-610-286-1>		"kote ne kimain"@pav	
"tukka"@fi	<http://ids.clld.org/values/4-140-128-3>		<http://ids.clld.org/parameters/4-140>		<http://ids.clld.org/values/4-140-286-1>		"tenenešiʔ"@pav	
"tukka"@fi	<http://ids.clld.org/values/4-140-128-3>		<http://ids.clld.org/parameters/4-140>		<http://ids.clld.org/values/4-140-286-3>		"tenenein (šun)"@pav	
"imeæ"@fi	<http://ids.clld.org/values/5-160-128-1>		<http://ids.clld.org/parameters/5-160>		<http://ids.clld.org/values/5-160-286-1>		"šok"@pav	
"imeæ"@fi	<http://ids.clld.org/values/5-160-128-1>		<http://ids.clld.org/parameters/5-160>		<http://ids.clld.org/values/5-160-286-3>		"šak"@pav	
"mædænnüt"@fi	<http://ids.clld.org/values/5-125-128-1>		<http://ids.clld.org/parameters/5-125>		<http://ids.clld.org/values/5-125-286-1>		"šowuru"@pav	
"lehti"@fi	<http://ids.clld.org/values/8-560-128-1>		<http://ids.clld.org/parameters/8-560>		<http://ids.clld.org/values/8-560-286-1>		"tenenein"@pav	
"hüwæ"@fi	<http://ids.clld.org/values/16-710-128-1>		<http://ids.clld.org/parameters/16-710>		<http://ids.clld.org/values/16-710-286-1>		"awi"@pav	
"iso"@fi	<http://ids.clld.org/values/12-550-128-3>		<http://ids.clld.org/parameters/12-550>		<http://ids.clld.org/values/12-550-286-1>		"hwaraʔ"@pav	
"iso"@fi	<http://ids.clld.org/values/12-550-128-3>		<http://ids.clld.org/parameters/12-550>		<http://ids.clld.org/values/12-550-286-3>		"horon"@pav	
"nimi"@fi	<http://ids.clld.org/values/18-280-128-1>		<http://ids.clld.org/parameters/18-280>		<http://ids.clld.org/values/18-280-286-1>		"wišišiʔ (wit)"@pav	
"püör̃eæ"@fi	<http://ids.clld.org/values/12-810-128-1>		<http://ids.clld.org/parameters/12-810>		<http://ids.clld.org/values/12-810-286-1>		"monoʔo"@pav	
"külmæ"@fi	<http://ids.clld.org/values/15-860-128-1>		<http://ids.clld.org/parameters/15-860>		<http://ids.clld.org/values/15-860-286-1>		"šio"@pav	
"külmæ"@fi	<http://ids.clld.org/values/15-860-128-1>		<http://ids.clld.org/parameters/15-860>		<http://ids.clld.org/values/15-860-286-3>		"kapinʔ"@pav	
"lüödæ"@fi	<http://ids.clld.org/values/9-210-128-1>		<http://ids.clld.org/parameters/9-210>		<http://ids.clld.org/values/9-210-286-1>		"toʔ"@pav	
"oikea"@fi	<http://ids.clld.org/values/16-730-128-1>		<http://ids.clld.org/parameters/16-730>		<http://ids.clld.org/values/16-730-286-1>		"šoʔ"@pav	
"elæwæ"@fi	<http://ids.clld.org/values/4-740-128-3>		<http://ids.clld.org/parameters/4-740>		<http://ids.clld.org/values/4-740-286-1>		"eʔ"@pav	
"mato"@fi	<http://ids.clld.org/values/3-840-128-1>		<http://ids.clld.org/parameters/3-840>		<http://ids.clld.org/values/3-840-286-1>		"meteʔ"@pav	
"r̃inta"@fi	<http://ids.clld.org/values/4-410-128-1>		<http://ids.clld.org/parameters/4-410>		<http://ids.clld.org/values/4-410-286-1>		"karašišiʔ (katat)"@pav	
"soittaa"@fi	<http://ids.clld.org/values/16-260-128-5>		<http://ids.clld.org/parameters/16-260>		<http://ids.clld.org/values/16-260-286-1>		"warayu"@pav	
"ihminen"@fi	<http://ids.clld.org/values/2-100-128-1>		<http://ids.clld.org/parameters/2-100>		<http://ids.clld.org/values/2-100-286-1>		"wariʔ"@pav	
"wiiniköünnös"@fi	<http://ids.clld.org/values/8-670-128-1>		<http://ids.clld.org/parameters/8-670>		<http://ids.clld.org/values/8-670-286-1>		"makon (makorišiʔ)"@pav	
"hengittææ"@fi	<http://ids.clld.org/values/4-510-128-1>		<http://ids.clld.org/parameters/4-510>		<http://ids.clld.org/values/4-510-286-1>		"wereme"@pav	
"paksu"@fi	<http://ids.clld.org/values/12-630-128-1>		<http://ids.clld.org/parameters/12-630>		<http://ids.clld.org/values/12-630-286-1>		"kwere"@pav	
"pikku"@fi	<http://ids.clld.org/values/12-560-128-3>		<http://ids.clld.org/parameters/12-560>		<http://ids.clld.org/values/12-560-286-1>		"wiyimain"@pav	
"kala"@fi	<http://ids.clld.org/values/3-650-128-1>		<http://ids.clld.org/parameters/3-650>		<http://ids.clld.org/values/3-650-286-1>		"hwam (hwamišiʔ)"@pav	
"æiti"@fi	<http://ids.clld.org/values/2-360-128-1>		<http://ids.clld.org/parameters/2-360>		<http://ids.clld.org/values/2-360-286-1>		"naʔ"@pav	
"kukka"@fi	<http://ids.clld.org/values/8-570-128-1>		<http://ids.clld.org/parameters/8-570>		<http://ids.clld.org/values/8-570-286-3>		"wiyein"@pav	
"kukka"@fi	<http://ids.clld.org/values/8-570-128-1>		<http://ids.clld.org/parameters/8-570>		<http://ids.clld.org/values/8-570-286-1>		"piwain"@pav	
"yotkut"@fi	<http://ids.clld.org/values/13-181-128-1>		<http://ids.clld.org/parameters/13-181>		<http://ids.clld.org/values/13-181-286-1>		"arakaʔ"@pav	
"köüsi"@fi	<http://ids.clld.org/values/9-190-128-5>		<http://ids.clld.org/parameters/9-190>		<http://ids.clld.org/values/9-190-286-1>		"makon (makorišiʔ)"@pav	
"metsæstææ"@fi	<http://ids.clld.org/values/20-610-128-1>		<http://ids.clld.org/parameters/20-610>		<http://ids.clld.org/values/20-610-286-1>		"yiʔam"@pav	
"höühen"@fi	<http://ids.clld.org/values/4-393-128-3>		<http://ids.clld.org/parameters/4-393>		<http://ids.clld.org/values/4-393-286-1>		"tenenein (šun)"@pav	
"metsæ"@fi	<http://ids.clld.org/values/1-410-128-1>		<http://ids.clld.org/parameters/1-410>		<http://ids.clld.org/values/1-410-286-1>		"nahwarak"@pav	
"tuuli"@fi	<http://ids.clld.org/values/1-720-128-1>		<http://ids.clld.org/parameters/1-720>		<http://ids.clld.org/values/1-720-286-1>		"hotowa"@pav	
"nauha"@fi	<http://ids.clld.org/values/9-190-128-3>		<http://ids.clld.org/parameters/9-190>		<http://ids.clld.org/values/9-190-286-1>		"makon (makorišiʔ)"@pav	
"tappaa"@fi	<http://ids.clld.org/values/4-760-128-1>		<http://ids.clld.org/parameters/4-760>		<http://ids.clld.org/values/4-760-286-1>		"paʔ"@pav	
"puser̃taa"@fi	<http://ids.clld.org/values/9-343-128-3>		<http://ids.clld.org/parameters/9-343>		<http://ids.clld.org/values/9-343-286-1>		"humʔ"@pav	
"kaula"@fi	<http://ids.clld.org/values/4-280-128-1>		<http://ids.clld.org/parameters/4-280>		<http://ids.clld.org/values/4-280-286-1>		"paramašiʔ"@pav	
"sülkeæ"@fi	<http://ids.clld.org/values/4-560-128-1>		<http://ids.clld.org/parameters/4-560>		<http://ids.clld.org/values/4-560-286-1>		"hupaʔ"@pav	
"palyon"@fi	<http://ids.clld.org/values/13-150-128-1>		<http://ids.clld.org/parameters/13-150>		<http://ids.clld.org/values/13-150-286-1>		"iriʔ miyo/ miya"@pav	
"naur̃aa"@fi	<http://ids.clld.org/values/16-250-128-1>		<http://ids.clld.org/parameters/16-250>		<http://ids.clld.org/values/16-250-286-1>		"tatamʔ"@pav	
"naur̃aa"@fi	<http://ids.clld.org/values/16-250-128-1>		<http://ids.clld.org/parameters/16-250>		<http://ids.clld.org/values/16-250-286-3>		"katamʔ"@pav	
"hammas"@fi	<http://ids.clld.org/values/4-270-128-1>		<http://ids.clld.org/parameters/4-270>		<http://ids.clld.org/values/4-270-286-1>		"šišiʔ (yat)"@pav	
"nainen"@fi	<http://ids.clld.org/values/2-220-128-1>		<http://ids.clld.org/parameters/2-220>		<http://ids.clld.org/values/2-220-286-1>		"narimaʔ"@pav	
"lükætæ"@fi	<http://ids.clld.org/values/10-670-128-3>		<http://ids.clld.org/parameters/10-670>		<http://ids.clld.org/values/10-670-286-1>		"yök"@pav	
"hier̃tææ"@fi	<http://ids.clld.org/values/9-310-128-3>		<http://ids.clld.org/parameters/9-310>		<http://ids.clld.org/values/9-310-286-1>		"šik"@pav	
"kææntyæ"@fi	<http://ids.clld.org/values/10-130-128-1>		<http://ids.clld.org/parameters/10-130>		<http://ids.clld.org/values/10-130-286-1>		"yami"@pav	
"kiwi"@fi	<http://ids.clld.org/values/1-440-128-1>		<http://ids.clld.org/parameters/1-440>		<http://ids.clld.org/values/1-440-286-1>		"pakun"@pav	
"leikata"@fi	<http://ids.clld.org/values/9-220-128-1>		<http://ids.clld.org/parameters/9-220>		<http://ids.clld.org/values/9-220-286-7>		"nakarkamʔ"@pav	
"leikata"@fi	<http://ids.clld.org/values/9-220-128-1>		<http://ids.clld.org/parameters/9-220>		<http://ids.clld.org/values/9-220-286-3>		"wawak"@pav	
"leikata"@fi	<http://ids.clld.org/values/9-220-128-1>		<http://ids.clld.org/parameters/9-220>		<http://ids.clld.org/values/9-220-286-9>		"ta"@pav	
"leikata"@fi	<http://ids.clld.org/values/9-220-128-1>		<http://ids.clld.org/parameters/9-220>		<http://ids.clld.org/values/9-220-286-5>		"nakamʔ"@pav	
"leikata"@fi	<http://ids.clld.org/values/9-220-128-1>		<http://ids.clld.org/parameters/9-220>		<http://ids.clld.org/values/9-220-286-1>		"wak"@pav	
"kuollut"@fi	<http://ids.clld.org/values/4-750-128-3>		<http://ids.clld.org/parameters/4-750>		<http://ids.clld.org/values/4-750-286-3>		"konoʔ"@pav	
"kuollut"@fi	<http://ids.clld.org/values/4-750-128-3>		<http://ids.clld.org/parameters/4-750>		<http://ids.clld.org/values/4-750-286-1>		"miʔ pin"@pav	
"tur̃wotus"@fi	<http://ids.clld.org/values/4-853-128-1>		<http://ids.clld.org/parameters/4-853>		<http://ids.clld.org/values/4-853-286-1>		"mom"@pav	
"waimo"@fi	<http://ids.clld.org/values/2-320-128-1>		<http://ids.clld.org/parameters/2-320>		<http://ids.clld.org/values/2-320-286-1>		"mana"@pav	
"tæi"@fi	<http://ids.clld.org/values/3-811-128-1>		<http://ids.clld.org/parameters/3-811>		<http://ids.clld.org/values/3-811-286-1>		"ioʔ"@pav	
"r̃aswa"@fi	<http://ids.clld.org/values/5-791-128-1>		<http://ids.clld.org/parameters/5-791>		<http://ids.clld.org/values/5-791-286-1>		"homain"@pav	
"mæki"@fi	<http://ids.clld.org/values/1-220-128-3>		<http://ids.clld.org/parameters/1-220>		<http://ids.clld.org/values/1-220-286-1>		"pakun"@pav	
"puhaltaa"@fi	<http://ids.clld.org/values/10-380-128-1>		<http://ids.clld.org/parameters/10-380>		<http://ids.clld.org/values/10-380-286-3>		"hukoʔ"@pav	
"puhaltaa"@fi	<http://ids.clld.org/values/10-380-128-1>		<http://ids.clld.org/parameters/10-380>		<http://ids.clld.org/values/10-380-286-1>		"hu"@pav	
"isæ"@fi	<http://ids.clld.org/values/2-350-128-1>		<http://ids.clld.org/parameters/2-350>		<http://ids.clld.org/values/2-350-286-1>		"te"@pav	
"tasainen"@fi	<http://ids.clld.org/values/15-770-128-3>		<http://ids.clld.org/parameters/15-770>		<http://ids.clld.org/values/15-770-286-1>		"topišik"@pav	
"mer̃i"@fi	<http://ids.clld.org/values/1-320-128-1>		<http://ids.clld.org/parameters/1-320>		<http://ids.clld.org/values/1-320-286-1>		"kote ne kom"@pav	
"sade"@fi	<http://ids.clld.org/values/1-750-128-1>		<http://ids.clld.org/parameters/1-750>		<http://ids.clld.org/values/1-750-286-1>		"šowiʔ"@pav	
"te"@fi	<http://ids.clld.org/values/2-950-128-1>		<http://ids.clld.org/parameters/2-950>		<http://ids.clld.org/values/2-950-286-1>		"wahuʔ"@pav	
"siemen"@fi	<http://ids.clld.org/values/8-311-128-1>		<http://ids.clld.org/parameters/8-311>		<http://ids.clld.org/values/8-311-286-1>		"tokwi"@pav	
"kæær̃me"@fi	<http://ids.clld.org/values/3-850-128-1>		<http://ids.clld.org/parameters/3-850>		<http://ids.clld.org/values/3-850-286-1>		"emʔ"@pav	
"yuur̃i"@fi	<http://ids.clld.org/values/8-540-128-1>		<http://ids.clld.org/parameters/8-540>		<http://ids.clld.org/values/8-540-286-1>		"kašimain"@pav	
"paha"@fi	<http://ids.clld.org/values/16-720-128-3>		<http://ids.clld.org/parameters/16-720>		<http://ids.clld.org/values/16-720-286-1>		"kayi"@pav	
"wir̃ta"@fi	<http://ids.clld.org/values/1-360-128-3>		<http://ids.clld.org/parameters/1-360>		<http://ids.clld.org/values/1-360-286-1>		"kom"@pav	
"sinæ"@fi	<http://ids.clld.org/values/2-920-128-1>		<http://ids.clld.org/parameters/2-920>		<http://ids.clld.org/values/2-920-286-1>		"wum"@pav	
"yær̃wi"@fi	<http://ids.clld.org/values/1-330-128-1>		<http://ids.clld.org/parameters/1-330>		<http://ids.clld.org/values/1-330-286-1>		"šuteremʔ"@pav	
"pilwi"@fi	<http://ids.clld.org/values/1-730-128-1>		<http://ids.clld.org/parameters/1-730>		<http://ids.clld.org/values/1-730-286-1>		"tayain nanawin"@pav	
"kuiwa"@fi	<http://ids.clld.org/values/15-840-128-1>		<http://ids.clld.org/parameters/15-840>		<http://ids.clld.org/values/15-840-286-1>		"kawainʔ"@pav	
"oksentaa"@fi	<http://ids.clld.org/values/4-570-128-1>		<http://ids.clld.org/parameters/4-570>		<http://ids.clld.org/values/4-570-286-1>		"weʔ"@pav	
"keltainen"@fi	<http://ids.clld.org/values/15-690-128-1>		<http://ids.clld.org/parameters/15-690>		<http://ids.clld.org/values/15-690-286-1>		"košik"@pav	
"tuli"@fi	<http://ids.clld.org/values/1-810-128-1>		<http://ids.clld.org/parameters/1-810>		<http://ids.clld.org/values/1-810-286-1>		"še"@pav	
"haista"@fi	<http://ids.clld.org/values/15-210-128-1>		<http://ids.clld.org/parameters/15-210>		<http://ids.clld.org/values/15-210-286-3>		"hu"@pav	
"haista"@fi	<http://ids.clld.org/values/15-210-128-1>		<http://ids.clld.org/parameters/15-210>		<http://ids.clld.org/values/15-210-286-1>		"nak"@pav	
"köüttææ"@fi	<http://ids.clld.org/values/9-160-128-3>		<http://ids.clld.org/parameters/9-160>		<http://ids.clld.org/values/9-160-286-1>		"tuku"@pav	
"tuoksua"@fi	<http://ids.clld.org/values/15-210-128-3>		<http://ids.clld.org/parameters/15-210>		<http://ids.clld.org/values/15-210-286-3>		"hu"@pav	
"tuoksua"@fi	<http://ids.clld.org/values/15-210-128-3>		<http://ids.clld.org/parameters/15-210>		<http://ids.clld.org/values/15-210-286-1>		"nak"@pav	
"kaiwaa"@fi	<http://ids.clld.org/values/8-220-128-1>		<http://ids.clld.org/parameters/8-220>		<http://ids.clld.org/values/8-220-286-1>		"še"@pav	
"kaiwaa"@fi	<http://ids.clld.org/values/8-220-128-1>		<http://ids.clld.org/parameters/8-220>		<http://ids.clld.org/values/8-220-286-3>		"šikeʔ"@pav	
"sileæ"@fi	<http://ids.clld.org/values/15-770-128-1>		<http://ids.clld.org/parameters/15-770>		<http://ids.clld.org/values/15-770-286-1>		"topišik"@pav	
"yonkinwer̃r̃an"@fi	<http://ids.clld.org/values/13-181-128-3>		<http://ids.clld.org/parameters/13-181>		<http://ids.clld.org/values/13-181-286-1>		"arakaʔ"@pav	
"luetella"@fi	<http://ids.clld.org/values/13-107-128-1>		<http://ids.clld.org/parameters/13-107>		<http://ids.clld.org/values/13-107-286-1>		"piyimʔ"@pav	
"iskeæ"@fi	<http://ids.clld.org/values/9-210-128-3>		<http://ids.clld.org/parameters/9-210>		<http://ids.clld.org/values/9-210-286-1>		"toʔ"@pav	
"elææ"@fi	<http://ids.clld.org/values/4-740-128-1>		<http://ids.clld.org/parameters/4-740>		<http://ids.clld.org/values/4-740-286-1>		"eʔ"@pav	
"(awio)mies"@fi	<http://ids.clld.org/values/2-310-128-1>		<http://ids.clld.org/parameters/2-310>		<http://ids.clld.org/values/2-310-286-1>		"taši"@pav	
"kostea"@fi	<http://ids.clld.org/values/15-830-128-3>		<http://ids.clld.org/parameters/15-830>		<http://ids.clld.org/values/15-830-286-1>		"šoʔ"@pav	
"kæüdæ"@fi	<http://ids.clld.org/values/10-450-128-1>		<http://ids.clld.org/parameters/10-450>		<http://ids.clld.org/values/10-450-286-1>		"šut"@pav	
"kæüdæ"@fi	<http://ids.clld.org/values/10-450-128-1>		<http://ids.clld.org/parameters/10-450>		<http://ids.clld.org/values/10-450-286-3>		"šurušut"@pav	
"silmæ"@fi	<http://ids.clld.org/values/4-210-128-1>		<http://ids.clld.org/parameters/4-210>		<http://ids.clld.org/values/4-210-286-1>		"tokošiʔ (tok)"@pav	
"pieni"@fi	<http://ids.clld.org/values/12-560-128-1>		<http://ids.clld.org/parameters/12-560>		<http://ids.clld.org/values/12-560-286-1>		"wiyimain"@pav	
"wiha"@fi	<http://ids.clld.org/values/16-420-128-1>		<http://ids.clld.org/parameters/16-420>		<http://ids.clld.org/values/16-420-286-1>		"manaʔ"@pav	
"r̃uoho"@fi	<http://ids.clld.org/values/8-510-128-1>		<http://ids.clld.org/parameters/8-510>		<http://ids.clld.org/values/8-510-286-1>		"tononoin"@pav	
"puutawar̃a"@fi	<http://ids.clld.org/values/1-430-128-3>		<http://ids.clld.org/parameters/1-430>		<http://ids.clld.org/values/1-430-286-1>		"pana"@pav	
"tulla"@fi	<http://ids.clld.org/values/10-480-128-1>		<http://ids.clld.org/parameters/10-480>		<http://ids.clld.org/values/10-480-286-1>		"makiʔ"@pav	
"yuoda"@fi	<http://ids.clld.org/values/5-130-128-1>		<http://ids.clld.org/parameters/5-130>		<http://ids.clld.org/values/5-130-286-1>		"tok"@pav	
"yuoda"@fi	<http://ids.clld.org/values/5-130-128-1>		<http://ids.clld.org/parameters/5-130>		<http://ids.clld.org/values/5-130-286-3>		"tototok"@pav	
"südæn"@fi	<http://ids.clld.org/values/4-440-128-1>		<http://ids.clld.org/parameters/4-440>		<http://ids.clld.org/values/4-440-286-1>		"šimišiʔ (šim)"@pav	
"leweæ"@fi	<http://ids.clld.org/values/12-610-128-3>		<http://ids.clld.org/parameters/12-610>		<http://ids.clld.org/values/12-610-286-1>		"kote ne kimain"@pav	
"liha"@fi	<http://ids.clld.org/values/5-610-128-1>		<http://ids.clld.org/parameters/5-610>		<http://ids.clld.org/values/5-610-286-1>		"karawa (karamayišiʔ)"@pav	
"sumu"@fi	<http://ids.clld.org/values/1-740-128-1>		<http://ids.clld.org/parameters/1-740>		<http://ids.clld.org/values/1-740-286-1>		"murukukuʔ"@pav	
"pitkæ"@fi	<http://ids.clld.org/values/12-570-128-1>		<http://ids.clld.org/parameters/12-570>		<http://ids.clld.org/values/12-570-286-1>		"matam"@pav	
"yokainen"@fi	<http://ids.clld.org/values/13-140-128-1>		<http://ids.clld.org/parameters/13-140>		<http://ids.clld.org/values/13-140-286-1>		"šam"@pav	
"pestæ"@fi	<http://ids.clld.org/values/9-360-128-1>		<http://ids.clld.org/parameters/9-360>		<http://ids.clld.org/values/9-360-286-3>		"toʔ"@pav	
"pestæ"@fi	<http://ids.clld.org/values/9-360-128-1>		<http://ids.clld.org/parameters/9-360>		<http://ids.clld.org/values/9-360-286-1>		"hohok"@pav	
"sær̃keæ"@fi	<http://ids.clld.org/values/9-270-128-1>		<http://ids.clld.org/parameters/9-270>		<http://ids.clld.org/values/9-270-286-1>		"toʔ pahot"@pav	
"sær̃keæ"@fi	<http://ids.clld.org/values/9-270-128-1>		<http://ids.clld.org/parameters/9-270>		<http://ids.clld.org/values/9-270-286-3>		"toʔ pahorohot"@pav	
"mær̃kæ"@fi	<http://ids.clld.org/values/15-830-128-1>		<http://ids.clld.org/parameters/15-830>		<http://ids.clld.org/values/15-830-286-1>		"šoʔ"@pav	
"maata"@fi	<http://ids.clld.org/values/12-140-128-1>		<http://ids.clld.org/parameters/12-140>		<http://ids.clld.org/values/12-140-286-1>		"teremʔ"@pav	
"maata"@fi	<http://ids.clld.org/values/12-140-128-1>		<http://ids.clld.org/parameters/12-140>		<http://ids.clld.org/values/12-140-286-3>		"tokoʔ"@pav	
"wer̃i"@fi	<http://ids.clld.org/values/4-150-128-1>		<http://ids.clld.org/parameters/4-150>		<http://ids.clld.org/values/4-150-286-1>		"kišiʔ (wik)"@pav	
"kaksi"@fi	<http://ids.clld.org/values/13-20-128-1>		<http://ids.clld.org/parameters/13-20>		<http://ids.clld.org/values/13-20-286-1>		"tuku karakan"@pav	
"tæhti"@fi	<http://ids.clld.org/values/1-540-128-1>		<http://ids.clld.org/parameters/1-540>		<http://ids.clld.org/values/1-540-286-1>		"piyoʔ"@pav	
"künsi"@fi	<http://ids.clld.org/values/4-345-128-1>		<http://ids.clld.org/parameters/4-345>		<http://ids.clld.org/values/4-345-286-1>		"šikinain"@pav	
"r̃askas"@fi	<http://ids.clld.org/values/15-810-128-1>		<http://ids.clld.org/parameters/15-810>		<http://ids.clld.org/values/15-810-286-3>		"taʔ man"@pav	
"r̃askas"@fi	<http://ids.clld.org/values/15-810-128-1>		<http://ids.clld.org/parameters/15-810>		<http://ids.clld.org/values/15-810-286-1>		"šite"@pav	
"r̃askas"@fi	<http://ids.clld.org/values/15-810-128-1>		<http://ids.clld.org/parameters/15-810>		<http://ids.clld.org/values/15-810-286-5>		"teʔ man"@pav	
"süödæ"@fi	<http://ids.clld.org/values/5-110-128-1>		<http://ids.clld.org/parameters/5-110>		<http://ids.clld.org/values/5-110-286-1>		"kaoʔ"@pav	
"süödæ"@fi	<http://ids.clld.org/values/5-110-128-1>		<http://ids.clld.org/parameters/5-110>		<http://ids.clld.org/values/5-110-286-3>		"kakakaoʔ"@pav	
"kaatua"@fi	<http://ids.clld.org/values/10-230-128-3>		<http://ids.clld.org/parameters/10-230>		<http://ids.clld.org/values/10-230-286-3>		"kamaraʔ"@pav	
"kaatua"@fi	<http://ids.clld.org/values/10-230-128-3>		<http://ids.clld.org/parameters/10-230>		<http://ids.clld.org/values/10-230-286-1>		"panʔ"@pav	
"pistææ"@fi	<http://ids.clld.org/values/9-223-128-1>		<http://ids.clld.org/parameters/9-223>		<http://ids.clld.org/values/9-223-286-1>		"šukunʔ"@pav	
"sawu"@fi	<http://ids.clld.org/values/1-830-128-1>		<http://ids.clld.org/parameters/1-830>		<http://ids.clld.org/values/1-830-286-1>		"tainʔ"@pav	
"kauhu"@fi	<http://ids.clld.org/values/16-530-128-3>		<http://ids.clld.org/parameters/16-530>		<http://ids.clld.org/values/16-530-286-1>		"yinʔ"@pav	
"læwistææ"@fi	<http://ids.clld.org/values/9-223-128-3>		<http://ids.clld.org/parameters/9-223>		<http://ids.clld.org/values/9-223-286-1>		"šukunʔ"@pav	
"lentææ"@fi	<http://ids.clld.org/values/10-370-128-1>		<http://ids.clld.org/parameters/10-370>		<http://ids.clld.org/values/10-370-286-3>		"toin"@pav	
"lentææ"@fi	<http://ids.clld.org/values/10-370-128-1>		<http://ids.clld.org/parameters/10-370>		<http://ids.clld.org/values/10-370-286-1>		"takiʔ"@pav	
"kuulla"@fi	<http://ids.clld.org/values/15-410-128-1>		<http://ids.clld.org/parameters/15-410>		<http://ids.clld.org/values/15-410-286-1>		"tarayu"@pav	
"ohut"@fi	<http://ids.clld.org/values/12-650-128-1>		<http://ids.clld.org/parameters/12-650>		<http://ids.clld.org/values/12-650-286-1>		"šašiʔ"@pav	
"polttaa"@fi	<http://ids.clld.org/values/1-851-128-1>		<http://ids.clld.org/parameters/1-851>		<http://ids.clld.org/values/1-851-286-3>		"wiran"@pav	
"polttaa"@fi	<http://ids.clld.org/values/1-851-128-1>		<http://ids.clld.org/parameters/1-851>		<http://ids.clld.org/values/1-851-286-1>		"tom"@pav	
"polttaa"@fi	<http://ids.clld.org/values/1-851-128-1>		<http://ids.clld.org/parameters/1-851>		<http://ids.clld.org/values/1-851-286-5>		"karahoʔ"@pav	
"kaukana"@fi	<http://ids.clld.org/values/12-440-128-1>		<http://ids.clld.org/parameters/12-440>		<http://ids.clld.org/values/12-440-286-1>		"pira"@pav	
"uida"@fi	<http://ids.clld.org/values/10-340-128-1>		<http://ids.clld.org/parameters/10-340>		<http://ids.clld.org/values/10-340-286-1>		"ho"@pav	
"uida"@fi	<http://ids.clld.org/values/10-340-128-1>		<http://ids.clld.org/parameters/10-340>		<http://ids.clld.org/values/10-340-286-3>		"horoho"@pav	
"kaikki"@fi	<http://ids.clld.org/values/13-140-128-3>		<http://ids.clld.org/parameters/13-140>		<http://ids.clld.org/values/13-140-286-1>		"šam"@pav	
"pæiwæ"@fi	<http://ids.clld.org/values/14-410-128-1>		<http://ids.clld.org/parameters/14-410>		<http://ids.clld.org/values/14-410-286-1>		"šek"@pav	
"huono"@fi	<http://ids.clld.org/values/16-720-128-1>		<http://ids.clld.org/parameters/16-720>		<http://ids.clld.org/values/16-720-286-1>		"kayi"@pav	
"sanoa"@fi	<http://ids.clld.org/values/18-220-128-1>		<http://ids.clld.org/parameters/18-220>		<http://ids.clld.org/values/18-220-286-1>		"tomiʔ šoʔ"@pav	
"yææ"@fi	<http://ids.clld.org/values/1-770-128-1>		<http://ids.clld.org/parameters/1-770>		<http://ids.clld.org/values/1-770-286-1>		"šio šio"@pav	
"taiwas"@fi	<http://ids.clld.org/values/1-510-128-1>		<http://ids.clld.org/parameters/1-510>		<http://ids.clld.org/values/1-510-286-1>		"nanawin"@pav	
"hiukset"@fi	<http://ids.clld.org/values/4-140-128-1>		<http://ids.clld.org/parameters/4-140>		<http://ids.clld.org/values/4-140-286-1>		"tenenešiʔ"@pav	
"hiukset"@fi	<http://ids.clld.org/values/4-140-128-1>		<http://ids.clld.org/parameters/4-140>		<http://ids.clld.org/values/4-140-286-3>		"tenenein (šun)"@pav	
"wuosi"@fi	<http://ids.clld.org/values/14-730-128-1>		<http://ids.clld.org/parameters/14-730>		<http://ids.clld.org/values/14-730-286-1>		"kawašiʔ"@pav	
"puhua"@fi	<http://ids.clld.org/values/18-210-128-1>		<http://ids.clld.org/parameters/18-210>		<http://ids.clld.org/values/18-210-286-1>		"tomiʔ"@pav	
"wanha"@fi	<http://ids.clld.org/values/14-150-128-1>		<http://ids.clld.org/parameters/14-150>		<http://ids.clld.org/values/14-150-286-1>		"maraʔ"@pav	
"wanha"@fi	<http://ids.clld.org/values/14-150-128-1>		<http://ids.clld.org/parameters/14-150>		<http://ids.clld.org/values/14-150-286-3>		"horon"@pav	
"wir̃r̃ata"@fi	<http://ids.clld.org/values/10-320-128-1>		<http://ids.clld.org/parameters/10-320>		<http://ids.clld.org/values/10-320-286-3>		"weweweo"@pav	
"wir̃r̃ata"@fi	<http://ids.clld.org/values/10-320-128-1>		<http://ids.clld.org/parameters/10-320>		<http://ids.clld.org/values/10-320-286-1>		"weo"@pav	
"miettiæ"@fi	<http://ids.clld.org/values/17-130-128-3>		<http://ids.clld.org/parameters/17-130>		<http://ids.clld.org/values/17-130-286-1>		"koromikat"@pav	
"pur̃r̃a"@fi	<http://ids.clld.org/values/4-580-128-1>		<http://ids.clld.org/parameters/4-580>		<http://ids.clld.org/values/4-580-286-1>		"kio"@pav	
"ter̃æwæ"@fi	<http://ids.clld.org/values/15-780-128-1>		<http://ids.clld.org/parameters/15-780>		<http://ids.clld.org/values/15-780-286-1>		"šaʔ"@pav	
"kulkea"@fi	<http://ids.clld.org/values/10-450-128-5>		<http://ids.clld.org/parameters/10-450>		<http://ids.clld.org/values/10-450-286-1>		"šut"@pav	
"kulkea"@fi	<http://ids.clld.org/values/10-450-128-5>		<http://ids.clld.org/parameters/10-450>		<http://ids.clld.org/values/10-450-286-3>		"šurušut"@pav	
"suola"@fi	<http://ids.clld.org/values/5-810-128-1>		<http://ids.clld.org/parameters/5-810>		<http://ids.clld.org/values/5-810-286-1>		"[sal]"@pav	
"kieli"@fi	<http://ids.clld.org/values/4-260-128-1>		<http://ids.clld.org/parameters/4-260>		<http://ids.clld.org/values/4-260-286-1>		"petehwet nešiʔ (petehwet)"@pav	
"elæin"@fi	<http://ids.clld.org/values/3-110-128-1>		<http://ids.clld.org/parameters/3-110>		<http://ids.clld.org/values/3-110-286-1>		"karawa"@pav	
"nenæ"@fi	<http://ids.clld.org/values/4-230-128-1>		<http://ids.clld.org/parameters/4-230>		<http://ids.clld.org/values/4-230-286-1>		"werešiʔ (ut)"@pav	
