"eloisa"@fi	<http://ids.clld.org/values/4-740-128-5>		<http://ids.clld.org/parameters/4-740>		<http://ids.clld.org/values/4-740-293-1>		"tĩ"@ram	
"hiekka"@fi	<http://ids.clld.org/values/1-215-128-1>		<http://ids.clld.org/parameters/1-215>		<http://ids.clld.org/values/1-215-293-1>		"pye"@ram	
"paikka"@fi	<http://ids.clld.org/values/12-110-128-1>		<http://ids.clld.org/parameters/12-110>		<http://ids.clld.org/values/12-110-293-1>		"-li-"@ram	
"yalka"@fi	<http://ids.clld.org/values/4-370-128-1>		<http://ids.clld.org/parameters/4-370>		<http://ids.clld.org/values/4-370-293-1>		"ii-par"@ram	
"etsiæ"@fi	<http://ids.clld.org/values/11-310-128-1>		<http://ids.clld.org/parameters/11-310>		<http://ids.clld.org/values/11-310-293-1>		"lɨ̃t"@ram	
"pölü"@fi	<http://ids.clld.org/values/1-213-128-1>		<http://ids.clld.org/parameters/1-213>		<http://ids.clld.org/values/1-213-293-1>		"pye yakro"@ram	
"elæmæ"@fi	<http://ids.clld.org/values/4-740-128-7>		<http://ids.clld.org/parameters/4-740>		<http://ids.clld.org/values/4-740-293-1>		"tĩ"@ram	
"nukkua"@fi	<http://ids.clld.org/values/4-610-128-1>		<http://ids.clld.org/parameters/4-610>		<http://ids.clld.org/values/4-610-293-1>		"-ŋõr (ŋɔ̃r ?)"@ram	
"istua"@fi	<http://ids.clld.org/values/12-130-128-1>		<http://ids.clld.org/parameters/12-130>		<http://ids.clld.org/values/12-130-293-1>		"yə̃ (yɨ̃ ?)"@ram	
"saksanhir̃wi"@fi	<http://ids.clld.org/values/3-750-128-3>		<http://ids.clld.org/parameters/3-750>		<http://ids.clld.org/values/3-750-293-1>		"pɔ"@ram	
"saksanhir̃wi"@fi	<http://ids.clld.org/values/3-750-128-3>		<http://ids.clld.org/parameters/3-750>		<http://ids.clld.org/values/3-750-293-3>		"kaarə"@ram	
"puu"@fi	<http://ids.clld.org/values/1-420-128-1>		<http://ids.clld.org/parameters/1-420>		<http://ids.clld.org/values/1-420-293-1>		"pĩĩ"@ram	
"per̃una"@fi	<http://ids.clld.org/values/5-700-128-1>		<http://ids.clld.org/parameters/5-700>		<http://ids.clld.org/values/5-700-293-1>		"yat (yɛt ?)"@ram	
"wesi"@fi	<http://ids.clld.org/values/1-310-128-1>		<http://ids.clld.org/parameters/1-310>		<http://ids.clld.org/values/1-310-293-1>		"ko"@ram	
"puu"@fi	<http://ids.clld.org/values/8-600-128-1>		<http://ids.clld.org/parameters/8-600>		<http://ids.clld.org/values/8-600-293-1>		"pĩĩ"@ram	
"sisar̃"@fi	<http://ids.clld.org/values/2-450-128-1>		<http://ids.clld.org/parameters/2-450>		<http://ids.clld.org/values/2-450-293-1>		"tɔ̃y-"@ram	
"tuulla"@fi	<http://ids.clld.org/values/10-380-128-3>		<http://ids.clld.org/parameters/10-380>		<http://ids.clld.org/values/10-380-293-1>		"hakkoo"@ram	
"wæhæn"@fi	<http://ids.clld.org/values/13-170-128-1>		<http://ids.clld.org/parameters/13-170>		<http://ids.clld.org/values/13-170-293-1>		"kʰɨɨpe-"@ram	
"wasen"@fi	<http://ids.clld.org/values/12-420-128-1>		<http://ids.clld.org/parameters/12-420>		<http://ids.clld.org/values/12-420-293-1>		"aw-kʰɛ"@ram	
"hæn"@fi	<http://ids.clld.org/values/2-930-128-1>		<http://ids.clld.org/parameters/2-930>		<http://ids.clld.org/values/2-930-293-1>		"tamə̃"@ram	
"hæntæ"@fi	<http://ids.clld.org/values/4-180-128-1>		<http://ids.clld.org/parameters/4-180>		<http://ids.clld.org/values/4-180-293-1>		"ha-ppɨ"@ram	
"læhde"@fi	<http://ids.clld.org/values/1-370-128-1>		<http://ids.clld.org/parameters/1-370>		<http://ids.clld.org/values/1-370-293-1>		"kʰwa"@ram	
"kæsi"@fi	<http://ids.clld.org/values/4-330-128-1>		<http://ids.clld.org/parameters/4-330>		<http://ids.clld.org/values/4-330-293-1>		"hũʔkʰra"@ram	
"nur̃mi"@fi	<http://ids.clld.org/values/8-510-128-3>		<http://ids.clld.org/parameters/8-510>		<http://ids.clld.org/values/8-510-293-1>		"aʔ-tuu"@ram	
"kiiwetæ"@fi	<http://ids.clld.org/values/10-472-128-1>		<http://ids.clld.org/parameters/10-472>		<http://ids.clld.org/values/10-472-293-1>		"pi-"@ram	
"pææ"@fi	<http://ids.clld.org/values/4-200-128-1>		<http://ids.clld.org/parameters/4-200>		<http://ids.clld.org/values/4-200-293-1>		"ii-kʰrə̃"@ram	
"seisoa"@fi	<http://ids.clld.org/values/12-150-128-1>		<http://ids.clld.org/parameters/12-150>		<http://ids.clld.org/values/12-150-293-1>		"c̷a"@ram	
"ainoastaan"@fi	<http://ids.clld.org/values/13-330-128-7>		<http://ids.clld.org/parameters/13-330>		<http://ids.clld.org/values/13-330-293-3>		"kamã"@ram	
"ainoastaan"@fi	<http://ids.clld.org/values/13-330-128-7>		<http://ids.clld.org/parameters/13-330>		<http://ids.clld.org/values/13-330-293-1>		"pit"@ram	
"ihr̃a"@fi	<http://ids.clld.org/values/5-791-128-3>		<http://ids.clld.org/parameters/5-791>		<http://ids.clld.org/values/5-791-293-1>		"iʔ-twɨm"@ram	
"minæ"@fi	<http://ids.clld.org/values/2-910-128-1>		<http://ids.clld.org/parameters/2-910>		<http://ids.clld.org/values/2-910-293-3>		"wa"@ram	
"minæ"@fi	<http://ids.clld.org/values/2-910-128-1>		<http://ids.clld.org/parameters/2-910>		<http://ids.clld.org/values/2-910-293-1>		"pa"@ram	
"polku"@fi	<http://ids.clld.org/values/10-720-128-1>		<http://ids.clld.org/parameters/10-720>		<http://ids.clld.org/values/10-720-293-1>		"prɨɨ"@ram	
"heinæ"@fi	<http://ids.clld.org/values/8-520-128-1>		<http://ids.clld.org/parameters/8-520>		<http://ids.clld.org/values/8-520-293-1>		"po-"@ram	
"aur̃inko"@fi	<http://ids.clld.org/values/1-520-128-1>		<http://ids.clld.org/parameters/1-520>		<http://ids.clld.org/values/1-520-293-3>		"pɨtɨ"@ram	
"aur̃inko"@fi	<http://ids.clld.org/values/1-520-128-1>		<http://ids.clld.org/parameters/1-520>		<http://ids.clld.org/values/1-520-293-1>		"pɨt"@ram	
"suudella"@fi	<http://ids.clld.org/values/16-290-128-1>		<http://ids.clld.org/parameters/16-290>		<http://ids.clld.org/values/16-290-293-1>		"p (?)"@ram	
"pihamaa"@fi	<http://ids.clld.org/values/7-150-128-3>		<http://ids.clld.org/parameters/7-150>		<http://ids.clld.org/values/7-150-293-1>		"ka-"@ram	
"oleskella"@fi	<http://ids.clld.org/values/7-110-128-3>		<http://ids.clld.org/parameters/7-110>		<http://ids.clld.org/values/7-110-293-1>		"kʰrĩ"@ram	
"kæüdæ"@fi	<http://ids.clld.org/values/10-470-128-5>		<http://ids.clld.org/parameters/10-470>		<http://ids.clld.org/values/10-470-293-1>		"mɔ̃"@ram	
"üksin"@fi	<http://ids.clld.org/values/13-330-128-1>		<http://ids.clld.org/parameters/13-330>		<http://ids.clld.org/values/13-330-293-3>		"kamã"@ram	
"üksin"@fi	<http://ids.clld.org/values/13-330-128-1>		<http://ids.clld.org/parameters/13-330>		<http://ids.clld.org/values/13-330-293-1>		"pit"@ram	
"piha"@fi	<http://ids.clld.org/values/7-150-128-1>		<http://ids.clld.org/parameters/7-150>		<http://ids.clld.org/values/7-150-293-1>		"ka-"@ram	
"skor̃pioni"@fi	<http://ids.clld.org/values/3-815-128-1>		<http://ids.clld.org/parameters/3-815>		<http://ids.clld.org/values/3-815-293-1>		"pak"@ram	
"kielteinen"@fi	<http://ids.clld.org/values/17-560-128-5>		<http://ids.clld.org/parameters/17-560>		<http://ids.clld.org/values/17-560-293-1>		"ke-"@ram	
"ei"@fi	<http://ids.clld.org/values/17-560-128-1>		<http://ids.clld.org/parameters/17-560>		<http://ids.clld.org/values/17-560-293-1>		"ke-"@ram	
"mies"@fi	<http://ids.clld.org/values/2-210-128-1>		<http://ids.clld.org/parameters/2-210>		<http://ids.clld.org/values/2-210-293-1>		"hũm"@ram	
"kuor̃i"@fi	<http://ids.clld.org/values/8-750-128-1>		<http://ids.clld.org/parameters/8-750>		<http://ids.clld.org/values/8-750-293-1>		"ii-kʰə"@ram	
"kaar̃i"@fi	<http://ids.clld.org/values/20-240-128-1>		<http://ids.clld.org/parameters/20-240>		<http://ids.clld.org/values/20-240-293-1>		"kuuhe"@ram	
"peur̃a"@fi	<http://ids.clld.org/values/3-750-128-1>		<http://ids.clld.org/parameters/3-750>		<http://ids.clld.org/values/3-750-293-1>		"pɔ"@ram	
"peur̃a"@fi	<http://ids.clld.org/values/3-750-128-1>		<http://ids.clld.org/parameters/3-750>		<http://ids.clld.org/values/3-750-293-3>		"kaarə"@ram	
"næhdæ"@fi	<http://ids.clld.org/values/15-510-128-1>		<http://ids.clld.org/parameters/15-510>		<http://ids.clld.org/values/15-510-293-1>		"-hõm-pu"@ram	
"næhdæ"@fi	<http://ids.clld.org/values/15-510-128-1>		<http://ids.clld.org/parameters/15-510>		<http://ids.clld.org/values/15-510-293-3>		"pu-pun"@ram	
"keppi"@fi	<http://ids.clld.org/values/19-250-128-1>		<http://ids.clld.org/parameters/19-250>		<http://ids.clld.org/values/19-250-293-1>		"kʰo-"@ram	
"takapuoli"@fi	<http://ids.clld.org/values/4-464-128-1>		<http://ids.clld.org/parameters/4-464>		<http://ids.clld.org/values/4-464-293-1>		"ayɔ"@ram	
"maksa"@fi	<http://ids.clld.org/values/4-450-128-1>		<http://ids.clld.org/parameters/4-450>		<http://ids.clld.org/values/4-450-293-1>		"ii-pa"@ram	
"eno"@fi	<http://ids.clld.org/values/2-510-128-3>		<http://ids.clld.org/parameters/2-510>		<http://ids.clld.org/values/2-510-293-1>		"kɛt"@ram	
"sisæssæ"@fi	<http://ids.clld.org/values/12-50-128-1>		<http://ids.clld.org/parameters/12-50>		<http://ids.clld.org/values/12-50-293-1>		"kʰam"@ram	
"lapsi"@fi	<http://ids.clld.org/values/2-270-128-1>		<http://ids.clld.org/parameters/2-270>		<http://ids.clld.org/values/2-270-293-1>		"aʔ-kʰra-rɛ"@ram	
"leuka"@fi	<http://ids.clld.org/values/4-209-128-1>		<http://ids.clld.org/parameters/4-209>		<http://ids.clld.org/values/4-209-293-1>		"hamã"@ram	
"papukaiya"@fi	<http://ids.clld.org/values/3-592-128-1>		<http://ids.clld.org/parameters/3-592>		<http://ids.clld.org/values/3-592-293-1>		"krɨy-ti"@ram	
"aukko"@fi	<http://ids.clld.org/values/12-850-128-1>		<http://ids.clld.org/parameters/12-850>		<http://ids.clld.org/values/12-850-293-1>		"kʰrɛ"@ram	
"puu"@fi	<http://ids.clld.org/values/1-430-128-1>		<http://ids.clld.org/parameters/1-430>		<http://ids.clld.org/values/1-430-293-1>		"pĩ"@ram	
"uida"@fi	<http://ids.clld.org/values/10-350-128-1>		<http://ids.clld.org/parameters/10-350>		<http://ids.clld.org/values/10-350-293-1>		"ree"@ram	
"uida"@fi	<http://ids.clld.org/values/10-350-128-1>		<http://ids.clld.org/parameters/10-350>		<http://ids.clld.org/values/10-350-293-3>		"c̷wa"@ram	
"tuhka"@fi	<http://ids.clld.org/values/1-840-128-1>		<http://ids.clld.org/parameters/1-840>		<http://ids.clld.org/values/1-840-293-1>		"prɔ"@ram	
"olkikatto"@fi	<http://ids.clld.org/values/7-520-128-1>		<http://ids.clld.org/parameters/7-520>		<http://ids.clld.org/values/7-520-293-1>		"po"@ram	
"maha"@fi	<http://ids.clld.org/values/4-460-128-1>		<http://ids.clld.org/parameters/4-460>		<http://ids.clld.org/values/4-460-293-1>		"ii-tu"@ram	
"kir̃ppu"@fi	<http://ids.clld.org/values/3-813-128-1>		<http://ids.clld.org/parameters/3-813>		<http://ids.clld.org/values/3-813-293-1>		"ĩnko"@ram	
"lewætæ"@fi	<http://ids.clld.org/values/12-140-128-3>		<http://ids.clld.org/parameters/12-140>		<http://ids.clld.org/values/12-140-293-1>		"nɔ̃"@ram	
"üö"@fi	<http://ids.clld.org/values/14-420-128-1>		<http://ids.clld.org/parameters/14-420>		<http://ids.clld.org/values/14-420-293-1>		"kac̷wa"@ram	
"pur̃istaa"@fi	<http://ids.clld.org/values/9-343-128-1>		<http://ids.clld.org/parameters/9-343>		<http://ids.clld.org/values/9-343-293-1>		"ŋɛ̃n"@ram	
"kiir̃einen"@fi	<http://ids.clld.org/values/14-210-128-5>		<http://ids.clld.org/parameters/14-210>		<http://ids.clld.org/values/14-210-293-1>		"kɨt-"@ram	
"takoa nür̃keillæ"@fi	<http://ids.clld.org/values/9-211-128-1>		<http://ids.clld.org/parameters/9-211>		<http://ids.clld.org/values/9-211-293-1>		"twə"@ram	
"tanssia"@fi	<http://ids.clld.org/values/10-440-128-1>		<http://ids.clld.org/parameters/10-440>		<http://ids.clld.org/values/10-440-293-1>		"hakrun (?)"@ram	
"iho"@fi	<http://ids.clld.org/values/4-120-128-1>		<http://ids.clld.org/parameters/4-120>		<http://ids.clld.org/values/4-120-293-1>		"ii-kʰə (?)"@ram	
"tupakka"@fi	<http://ids.clld.org/values/8-680-128-1>		<http://ids.clld.org/parameters/8-680>		<http://ids.clld.org/values/8-680-293-1>		"parho"@ram	
"nahka"@fi	<http://ids.clld.org/values/4-120-128-3>		<http://ids.clld.org/parameters/4-120>		<http://ids.clld.org/values/4-120-293-1>		"ii-kʰə (?)"@ram	
"kallio"@fi	<http://ids.clld.org/values/1-440-128-3>		<http://ids.clld.org/parameters/1-440>		<http://ids.clld.org/values/1-440-293-1>		"kʰɛn"@ram	
"tæüsi"@fi	<http://ids.clld.org/values/13-210-128-1>		<http://ids.clld.org/parameters/13-210>		<http://ids.clld.org/values/13-210-293-1>		"yic̷u"@ram	
"r̃iemukas"@fi	<http://ids.clld.org/values/16-230-128-3>		<http://ids.clld.org/parameters/16-230>		<http://ids.clld.org/values/16-230-293-1>		"hakʰrɨ"@ram	
"pæiwæ"@fi	<http://ids.clld.org/values/1-520-128-3>		<http://ids.clld.org/parameters/1-520>		<http://ids.clld.org/values/1-520-293-3>		"pɨtɨ"@ram	
"pæiwæ"@fi	<http://ids.clld.org/values/1-520-128-3>		<http://ids.clld.org/parameters/1-520>		<http://ids.clld.org/values/1-520-293-1>		"pɨt"@ram	
"toukka"@fi	<http://ids.clld.org/values/3-840-128-3>		<http://ids.clld.org/parameters/3-840>		<http://ids.clld.org/values/3-840-293-1>		"hɔɔc̷ã"@ram	
"kuolla"@fi	<http://ids.clld.org/values/4-750-128-1>		<http://ids.clld.org/parameters/4-750>		<http://ids.clld.org/values/4-750-293-1>		"tɨɨ- (tɨ ?)"@ram	
"walkoinen"@fi	<http://ids.clld.org/values/15-640-128-1>		<http://ids.clld.org/parameters/15-640>		<http://ids.clld.org/values/15-640-293-1>		"hakkʰa"@ram	
"walkoinen"@fi	<http://ids.clld.org/values/15-640-128-1>		<http://ids.clld.org/parameters/15-640>		<http://ids.clld.org/values/15-640-293-3>		"yakʰaa"@ram	
"wær̃i"@fi	<http://ids.clld.org/values/9-880-128-1>		<http://ids.clld.org/parameters/9-880>		<http://ids.clld.org/values/9-880-293-1>		"kʰrɔr"@ram	
"lintu"@fi	<http://ids.clld.org/values/3-581-128-1>		<http://ids.clld.org/parameters/3-581>		<http://ids.clld.org/values/3-581-293-1>		"kɛ̃"@ram	
"luu"@fi	<http://ids.clld.org/values/4-160-128-1>		<http://ids.clld.org/parameters/4-160>		<http://ids.clld.org/values/4-160-293-1>		"-hi"@ram	
"talo"@fi	<http://ids.clld.org/values/7-120-128-1>		<http://ids.clld.org/parameters/7-120>		<http://ids.clld.org/values/7-120-293-1>		"ii-kʰrɛ"@ram	
"kitker̃æ"@fi	<http://ids.clld.org/values/15-370-128-3>		<http://ids.clld.org/parameters/15-370>		<http://ids.clld.org/values/15-370-293-1>		"-c̷ə-"@ram	
"kitker̃æ"@fi	<http://ids.clld.org/values/15-370-128-3>		<http://ids.clld.org/parameters/15-370>		<http://ids.clld.org/values/15-370-293-3>		"hə"@ram	
"mesi"@fi	<http://ids.clld.org/values/5-840-128-3>		<http://ids.clld.org/parameters/5-840>		<http://ids.clld.org/values/5-840-293-1>		"pɛn"@ram	
"yalka"@fi	<http://ids.clld.org/values/4-350-128-1>		<http://ids.clld.org/parameters/4-350>		<http://ids.clld.org/values/4-350-293-1>		"ii-tɛ"@ram	
"r̃eikæ"@fi	<http://ids.clld.org/values/12-850-128-3>		<http://ids.clld.org/parameters/12-850>		<http://ids.clld.org/values/12-850-293-1>		"kʰrɛ"@ram	
"kuuma"@fi	<http://ids.clld.org/values/15-850-128-1>		<http://ids.clld.org/parameters/15-850>		<http://ids.clld.org/values/15-850-293-1>		"kakrɔ"@ram	
"uusi"@fi	<http://ids.clld.org/values/14-130-128-1>		<http://ids.clld.org/parameters/14-130>		<http://ids.clld.org/values/14-130-293-1>		"-tuwa"@ram	
"lanka"@fi	<http://ids.clld.org/values/6-380-128-1>		<http://ids.clld.org/parameters/6-380>		<http://ids.clld.org/values/6-380-293-1>		"he-"@ram	
"lanka"@fi	<http://ids.clld.org/values/6-380-128-1>		<http://ids.clld.org/parameters/6-380>		<http://ids.clld.org/values/6-380-293-3>		"-c̷e- (?)"@ram	
"antaa"@fi	<http://ids.clld.org/values/11-210-128-1>		<http://ids.clld.org/parameters/11-210>		<http://ids.clld.org/values/11-210-293-3>		"ŋɔ̃"@ram	
"antaa"@fi	<http://ids.clld.org/values/11-210-128-1>		<http://ids.clld.org/parameters/11-210>		<http://ids.clld.org/values/11-210-293-1>		"c̷i-"@ram	
"hakea"@fi	<http://ids.clld.org/values/11-310-128-3>		<http://ids.clld.org/parameters/11-310>		<http://ids.clld.org/values/11-310-293-1>		"lɨ̃t"@ram	
"tomu"@fi	<http://ids.clld.org/values/1-213-128-3>		<http://ids.clld.org/parameters/1-213>		<http://ids.clld.org/values/1-213-293-1>		"pye yakro"@ram	
"yousi"@fi	<http://ids.clld.org/values/20-240-128-3>		<http://ids.clld.org/parameters/20-240>		<http://ids.clld.org/values/20-240-293-1>		"kuuhe"@ram	
"koir̃a"@fi	<http://ids.clld.org/values/3-610-128-1>		<http://ids.clld.org/parameters/3-610>		<http://ids.clld.org/values/3-610-293-1>		"rɔp"@ram	
"kohta"@fi	<http://ids.clld.org/values/12-110-128-3>		<http://ids.clld.org/parameters/12-110>		<http://ids.clld.org/values/12-110-293-1>		"-li-"@ram	
"nopea"@fi	<http://ids.clld.org/values/14-210-128-1>		<http://ids.clld.org/parameters/14-210>		<http://ids.clld.org/values/14-210-293-1>		"kɨt-"@ram	
"kier̃o"@fi	<http://ids.clld.org/values/12-740-128-3>		<http://ids.clld.org/parameters/12-740>		<http://ids.clld.org/values/12-740-293-1>		"yakɔt"@ram	
"musta"@fi	<http://ids.clld.org/values/15-650-128-1>		<http://ids.clld.org/parameters/15-650>		<http://ids.clld.org/values/15-650-293-1>		"iʔ-tɨk"@ram	
"tehdæ"@fi	<http://ids.clld.org/values/9-110-128-1>		<http://ids.clld.org/parameters/9-110>		<http://ids.clld.org/values/9-110-293-1>		"tɔn"@ram	
"suur̃i"@fi	<http://ids.clld.org/values/12-550-128-1>		<http://ids.clld.org/parameters/12-550>		<http://ids.clld.org/values/12-550-293-1>		"ti-"@ram	
"polwi"@fi	<http://ids.clld.org/values/4-360-128-1>		<http://ids.clld.org/parameters/4-360>		<http://ids.clld.org/values/4-360-293-1>		"ii-kʰõn"@ram	
"mennæ"@fi	<http://ids.clld.org/values/10-470-128-1>		<http://ids.clld.org/parameters/10-470>		<http://ids.clld.org/values/10-470-293-1>		"mɔ̃"@ram	
"kantaa"@fi	<http://ids.clld.org/values/10-610-128-1>		<http://ids.clld.org/parameters/10-610>		<http://ids.clld.org/values/10-610-293-1>		"pə"@ram	
"kolme"@fi	<http://ids.clld.org/values/13-30-128-1>		<http://ids.clld.org/parameters/13-30>		<http://ids.clld.org/values/13-30-293-1>		"ɨnkre-"@ram	
"kæwellæ"@fi	<http://ids.clld.org/values/10-450-128-3>		<http://ids.clld.org/parameters/10-450>		<http://ids.clld.org/values/10-450-293-1>		"mõ"@ram	
"siipi"@fi	<http://ids.clld.org/values/4-392-128-1>		<http://ids.clld.org/parameters/4-392>		<http://ids.clld.org/values/4-392-293-1>		"haaraa"@ram	
"takka"@fi	<http://ids.clld.org/values/7-310-128-1>		<http://ids.clld.org/parameters/7-310>		<http://ids.clld.org/values/7-310-293-1>		"kiz (?)"@ram	
"muur̃ahainen"@fi	<http://ids.clld.org/values/3-817-128-1>		<http://ids.clld.org/parameters/3-817>		<http://ids.clld.org/values/3-817-293-1>		"ahc̷un- (aʔc̷un- ?)"@ram	
"painawa"@fi	<http://ids.clld.org/values/15-810-128-3>		<http://ids.clld.org/parameters/15-810>		<http://ids.clld.org/values/15-810-293-1>		"hũũ-tĩ"@ram	
"suu"@fi	<http://ids.clld.org/values/4-240-128-1>		<http://ids.clld.org/parameters/4-240>		<http://ids.clld.org/values/4-240-293-1>		"-yarkʰwa"@ram	
"laulaa"@fi	<http://ids.clld.org/values/18-120-128-1>		<http://ids.clld.org/parameters/18-120>		<http://ids.clld.org/values/18-120-293-1>		"-krɛ"@ram	
"kuunnella"@fi	<http://ids.clld.org/values/15-420-128-1>		<http://ids.clld.org/parameters/15-420>		<http://ids.clld.org/values/15-420-293-1>		"k mpa (?)"@ram	
"muna"@fi	<http://ids.clld.org/values/5-970-128-1>		<http://ids.clld.org/parameters/5-970>		<http://ids.clld.org/values/5-970-293-1>		"in-krɛ"@ram	
"laaya"@fi	<http://ids.clld.org/values/12-610-128-1>		<http://ids.clld.org/parameters/12-610>		<http://ids.clld.org/values/12-610-293-1>		"iʔ-pɔ"@ram	
"tukka"@fi	<http://ids.clld.org/values/4-140-128-3>		<http://ids.clld.org/parameters/4-140>		<http://ids.clld.org/values/4-140-293-1>		"ii-kʰĩ"@ram	
"imeæ"@fi	<http://ids.clld.org/values/5-160-128-1>		<http://ids.clld.org/parameters/5-160>		<http://ids.clld.org/values/5-160-293-1>		"kaho"@ram	
"lehti"@fi	<http://ids.clld.org/values/8-560-128-1>		<http://ids.clld.org/parameters/8-560>		<http://ids.clld.org/values/8-560-293-1>		"iʔ-ho"@ram	
"üksi"@fi	<http://ids.clld.org/values/13-10-128-1>		<http://ids.clld.org/parameters/13-10>		<http://ids.clld.org/values/13-10-293-1>		"pɨc̷it"@ram	
"hüwæ"@fi	<http://ids.clld.org/values/16-710-128-1>		<http://ids.clld.org/parameters/16-710>		<http://ids.clld.org/values/16-710-293-1>		"-pɛy"@ram	
"iso"@fi	<http://ids.clld.org/values/12-550-128-3>		<http://ids.clld.org/parameters/12-550>		<http://ids.clld.org/values/12-550-293-1>		"ti-"@ram	
"külpeæ"@fi	<http://ids.clld.org/values/4-690-128-1>		<http://ids.clld.org/parameters/4-690>		<http://ids.clld.org/values/4-690-293-1>		"c̷wa"@ram	
"nimi"@fi	<http://ids.clld.org/values/18-280-128-1>		<http://ids.clld.org/parameters/18-280>		<http://ids.clld.org/values/18-280-293-1>		"awkʰe-"@ram	
"nimi"@fi	<http://ids.clld.org/values/18-280-128-1>		<http://ids.clld.org/parameters/18-280>		<http://ids.clld.org/values/18-280-293-3>		"yəyə-"@ram	
"walehdella"@fi	<http://ids.clld.org/values/16-670-128-1>		<http://ids.clld.org/parameters/16-670>		<http://ids.clld.org/values/16-670-293-1>		"nõ"@ram	
"külmæ"@fi	<http://ids.clld.org/values/15-860-128-1>		<http://ids.clld.org/parameters/15-860>		<http://ids.clld.org/values/15-860-293-1>		"kʰrɨ"@ram	
"lüödæ"@fi	<http://ids.clld.org/values/9-210-128-1>		<http://ids.clld.org/parameters/9-210>		<http://ids.clld.org/values/9-210-293-1>		"kʰrɔ̃k"@ram	
"elæwæ"@fi	<http://ids.clld.org/values/4-740-128-3>		<http://ids.clld.org/parameters/4-740>		<http://ids.clld.org/values/4-740-293-1>		"tĩ"@ram	
"mato"@fi	<http://ids.clld.org/values/3-840-128-1>		<http://ids.clld.org/parameters/3-840>		<http://ids.clld.org/values/3-840-293-1>		"hɔɔc̷ã"@ram	
"asua"@fi	<http://ids.clld.org/values/7-110-128-1>		<http://ids.clld.org/parameters/7-110>		<http://ids.clld.org/values/7-110-293-1>		"kʰrĩ"@ram	
"pikku"@fi	<http://ids.clld.org/values/12-560-128-3>		<http://ids.clld.org/parameters/12-560>		<http://ids.clld.org/values/12-560-293-3>		"lɛ"@ram	
"pikku"@fi	<http://ids.clld.org/values/12-560-128-3>		<http://ids.clld.org/parameters/12-560>		<http://ids.clld.org/values/12-560-293-1>		"ĩn-krirɛ"@ram	
"nikottaa"@fi	<http://ids.clld.org/values/4-521-128-1>		<http://ids.clld.org/parameters/4-521>		<http://ids.clld.org/values/4-521-293-1>		"hɛk"@ram	
"tulinen"@fi	<http://ids.clld.org/values/15-850-128-3>		<http://ids.clld.org/parameters/15-850>		<http://ids.clld.org/values/15-850-293-1>		"kakrɔ"@ram	
"kala"@fi	<http://ids.clld.org/values/3-650-128-1>		<http://ids.clld.org/parameters/3-650>		<http://ids.clld.org/values/3-650-293-3>		"krən-"@ram	
"kala"@fi	<http://ids.clld.org/values/3-650-128-1>		<http://ids.clld.org/parameters/3-650>		<http://ids.clld.org/values/3-650-293-1>		"tɛp"@ram	
"poimia"@fi	<http://ids.clld.org/values/12-212-128-1>		<http://ids.clld.org/parameters/12-212>		<http://ids.clld.org/values/12-212-293-1>		"pɨ"@ram	
"kæür̃æ"@fi	<http://ids.clld.org/values/12-740-128-1>		<http://ids.clld.org/parameters/12-740>		<http://ids.clld.org/values/12-740-293-1>		"yakɔt"@ram	
"æiti"@fi	<http://ids.clld.org/values/2-360-128-1>		<http://ids.clld.org/parameters/2-360>		<http://ids.clld.org/values/2-360-293-1>		"-nə̃ə̃"@ram	
"kukka"@fi	<http://ids.clld.org/values/8-570-128-1>		<http://ids.clld.org/parameters/8-570>		<http://ids.clld.org/values/8-570-293-1>		"ii-rə̃"@ram	
"metsæ"@fi	<http://ids.clld.org/values/1-410-128-1>		<http://ids.clld.org/parameters/1-410>		<http://ids.clld.org/values/1-410-293-1>		"lam-"@ram	
"owimatto"@fi	<http://ids.clld.org/values/9-770-128-1>		<http://ids.clld.org/parameters/9-770>		<http://ids.clld.org/values/9-770-293-1>		"kohpip (koʔpip ?)"@ram	
"tuuli"@fi	<http://ids.clld.org/values/1-720-128-1>		<http://ids.clld.org/parameters/1-720>		<http://ids.clld.org/values/1-720-293-1>		"kʰook"@ram	
"puser̃taa"@fi	<http://ids.clld.org/values/9-343-128-3>		<http://ids.clld.org/parameters/9-343>		<http://ids.clld.org/values/9-343-293-1>		"ŋɛ̃n"@ram	
"kaula"@fi	<http://ids.clld.org/values/4-280-128-1>		<http://ids.clld.org/parameters/4-280>		<http://ids.clld.org/values/4-280-293-1>		"ii-put"@ram	
"hammas"@fi	<http://ids.clld.org/values/4-270-128-1>		<http://ids.clld.org/parameters/4-270>		<http://ids.clld.org/values/4-270-293-1>		"ii-c̷wa"@ram	
"mahalaukku"@fi	<http://ids.clld.org/values/4-460-128-3>		<http://ids.clld.org/parameters/4-460>		<http://ids.clld.org/values/4-460-293-1>		"ii-tu"@ram	
"howi"@fi	<http://ids.clld.org/values/7-150-128-5>		<http://ids.clld.org/parameters/7-150>		<http://ids.clld.org/values/7-150-293-1>		"ka-"@ram	
"hunaya"@fi	<http://ids.clld.org/values/5-840-128-1>		<http://ids.clld.org/parameters/5-840>		<http://ids.clld.org/values/5-840-293-1>		"pɛn"@ram	
"kææntyæ"@fi	<http://ids.clld.org/values/10-130-128-1>		<http://ids.clld.org/parameters/10-130>		<http://ids.clld.org/values/10-130-293-1>		"ayrɔ̃"@ram	
"kiwi"@fi	<http://ids.clld.org/values/1-440-128-1>		<http://ids.clld.org/parameters/1-440>		<http://ids.clld.org/values/1-440-293-1>		"kʰɛn"@ram	
"kuollut"@fi	<http://ids.clld.org/values/4-750-128-3>		<http://ids.clld.org/parameters/4-750>		<http://ids.clld.org/values/4-750-293-1>		"tɨɨ- (tɨ ?)"@ram	
"waimo"@fi	<http://ids.clld.org/values/2-320-128-1>		<http://ids.clld.org/parameters/2-320>		<http://ids.clld.org/values/2-320-293-1>		"ĩĩ-prõ"@ram	
"sauwa"@fi	<http://ids.clld.org/values/19-250-128-3>		<http://ids.clld.org/parameters/19-250>		<http://ids.clld.org/values/19-250-293-1>		"kʰo-"@ram	
"tæi"@fi	<http://ids.clld.org/values/3-811-128-1>		<http://ids.clld.org/parameters/3-811>		<http://ids.clld.org/values/3-811-293-1>		"ii-ko"@ram	
"r̃aswa"@fi	<http://ids.clld.org/values/5-791-128-1>		<http://ids.clld.org/parameters/5-791>		<http://ids.clld.org/values/5-791-293-1>		"iʔ-twɨm"@ram	
"puhaltaa"@fi	<http://ids.clld.org/values/10-380-128-1>		<http://ids.clld.org/parameters/10-380>		<http://ids.clld.org/values/10-380-293-1>		"hakkoo"@ram	
"isæ"@fi	<http://ids.clld.org/values/2-350-128-1>		<http://ids.clld.org/parameters/2-350>		<http://ids.clld.org/values/2-350-293-1>		"-pãm"@ram	
"isæ"@fi	<http://ids.clld.org/values/2-350-128-1>		<http://ids.clld.org/parameters/2-350>		<http://ids.clld.org/values/2-350-293-3>		"c̷ũ"@ram	
"setæ"@fi	<http://ids.clld.org/values/2-510-128-1>		<http://ids.clld.org/parameters/2-510>		<http://ids.clld.org/values/2-510-293-1>		"kɛt"@ram	
"makea"@fi	<http://ids.clld.org/values/15-350-128-1>		<http://ids.clld.org/parameters/15-350>		<http://ids.clld.org/values/15-350-293-1>		"c̷o-"@ram	
"por̃sas"@fi	<http://ids.clld.org/values/3-350-128-1>		<http://ids.clld.org/parameters/3-350>		<http://ids.clld.org/values/3-350-293-1>		"kʰro"@ram	
"sade"@fi	<http://ids.clld.org/values/1-750-128-1>		<http://ids.clld.org/parameters/1-750>		<http://ids.clld.org/values/1-750-293-1>		"taa (ta ?)"@ram	
"nuoli"@fi	<http://ids.clld.org/values/20-250-128-1>		<http://ids.clld.org/parameters/20-250>		<http://ids.clld.org/values/20-250-293-1>		"kruw"@ram	
"siemen"@fi	<http://ids.clld.org/values/8-311-128-1>		<http://ids.clld.org/parameters/8-311>		<http://ids.clld.org/values/8-311-293-1>		"iʔ-hɨɨ (hɨ- ?)"@ram	
"kæær̃me"@fi	<http://ids.clld.org/values/3-850-128-1>		<http://ids.clld.org/parameters/3-850>		<http://ids.clld.org/values/3-850-293-3>		"pat"@ram	
"kæær̃me"@fi	<http://ids.clld.org/values/3-850-128-1>		<http://ids.clld.org/parameters/3-850>		<http://ids.clld.org/values/3-850-293-1>		"kaaŋə"@ram	
"palaa"@fi	<http://ids.clld.org/values/1-852-128-1>		<http://ids.clld.org/parameters/1-852>		<http://ids.clld.org/values/1-852-293-1>		"pok"@ram	
"yuur̃i"@fi	<http://ids.clld.org/values/8-540-128-1>		<http://ids.clld.org/parameters/8-540>		<http://ids.clld.org/values/8-540-293-1>		"haare"@ram	
"paha"@fi	<http://ids.clld.org/values/16-720-128-3>		<http://ids.clld.org/parameters/16-720>		<http://ids.clld.org/values/16-720-293-1>		"iʔkʰɛn"@ram	
"sinæ"@fi	<http://ids.clld.org/values/2-920-128-1>		<http://ids.clld.org/parameters/2-920>		<http://ids.clld.org/values/2-920-293-1>		"ka"@ram	
"heikko"@fi	<http://ids.clld.org/values/4-820-128-1>		<http://ids.clld.org/parameters/4-820>		<http://ids.clld.org/values/4-820-293-1>		"pɛk-"@ram	
"pakar̃at"@fi	<http://ids.clld.org/values/4-464-128-3>		<http://ids.clld.org/parameters/4-464>		<http://ids.clld.org/values/4-464-293-1>		"ayɔ"@ram	
"kuiwa"@fi	<http://ids.clld.org/values/15-840-128-1>		<http://ids.clld.org/parameters/15-840>		<http://ids.clld.org/values/15-840-293-1>		"krə"@ram	
"kuiwa"@fi	<http://ids.clld.org/values/15-840-128-1>		<http://ids.clld.org/parameters/15-840>		<http://ids.clld.org/values/15-840-293-3>		"(kʰra ?)"@ram	
"kæsiwar̃si"@fi	<http://ids.clld.org/values/4-310-128-1>		<http://ids.clld.org/parameters/4-310>		<http://ids.clld.org/values/4-310-293-1>		"pa"@ram	
"tuli"@fi	<http://ids.clld.org/values/1-810-128-1>		<http://ids.clld.org/parameters/1-810>		<http://ids.clld.org/values/1-810-293-1>		"kuhɨ"@ram	
"wain"@fi	<http://ids.clld.org/values/13-330-128-5>		<http://ids.clld.org/parameters/13-330>		<http://ids.clld.org/values/13-330-293-3>		"kamã"@ram	
"wain"@fi	<http://ids.clld.org/values/13-330-128-5>		<http://ids.clld.org/parameters/13-330>		<http://ids.clld.org/values/13-330-293-1>		"pit"@ram	
"siya"@fi	<http://ids.clld.org/values/12-110-128-5>		<http://ids.clld.org/parameters/12-110>		<http://ids.clld.org/values/12-110-293-1>		"-li-"@ram	
"maali"@fi	<http://ids.clld.org/values/9-880-128-3>		<http://ids.clld.org/parameters/9-880>		<http://ids.clld.org/values/9-880-293-1>		"kʰrɔr"@ram	
"per̃honen"@fi	<http://ids.clld.org/values/3-920-128-1>		<http://ids.clld.org/parameters/3-920>		<http://ids.clld.org/values/3-920-293-1>		"wɛwɛ-"@ram	
"iskeæ"@fi	<http://ids.clld.org/values/9-210-128-3>		<http://ids.clld.org/parameters/9-210>		<http://ids.clld.org/values/9-210-293-1>		"kʰrɔ̃k"@ram	
"elææ"@fi	<http://ids.clld.org/values/4-740-128-1>		<http://ids.clld.org/parameters/4-740>		<http://ids.clld.org/values/4-740-293-1>		"tĩ"@ram	
"(awio)mies"@fi	<http://ids.clld.org/values/2-310-128-1>		<http://ids.clld.org/parameters/2-310>		<http://ids.clld.org/values/2-310-293-1>		"ĩĩ-pyɛ"@ram	
"kiir̃e"@fi	<http://ids.clld.org/values/14-210-128-3>		<http://ids.clld.org/parameters/14-210>		<http://ids.clld.org/values/14-210-293-1>		"kɨt-"@ram	
"onnellinen"@fi	<http://ids.clld.org/values/16-230-128-5>		<http://ids.clld.org/parameters/16-230>		<http://ids.clld.org/values/16-230-293-1>		"hakʰrɨ"@ram	
"kostea"@fi	<http://ids.clld.org/values/15-830-128-3>		<http://ids.clld.org/parameters/15-830>		<http://ids.clld.org/values/15-830-293-1>		"mrɔ̃ (?)"@ram	
"kæüdæ"@fi	<http://ids.clld.org/values/10-450-128-1>		<http://ids.clld.org/parameters/10-450>		<http://ids.clld.org/values/10-450-293-1>		"mõ"@ram	
"lanne"@fi	<http://ids.clld.org/values/4-463-128-1>		<http://ids.clld.org/parameters/4-463>		<http://ids.clld.org/values/4-463-293-1>		"hɔ̃"@ram	
"silmæ"@fi	<http://ids.clld.org/values/4-210-128-1>		<http://ids.clld.org/parameters/4-210>		<http://ids.clld.org/values/4-210-293-1>		"ii-tɔ"@ram	
"pieni"@fi	<http://ids.clld.org/values/12-560-128-1>		<http://ids.clld.org/parameters/12-560>		<http://ids.clld.org/values/12-560-293-3>		"lɛ"@ram	
"pieni"@fi	<http://ids.clld.org/values/12-560-128-1>		<http://ids.clld.org/parameters/12-560>		<http://ids.clld.org/values/12-560-293-1>		"ĩn-krirɛ"@ram	
"r̃uoho"@fi	<http://ids.clld.org/values/8-510-128-1>		<http://ids.clld.org/parameters/8-510>		<http://ids.clld.org/values/8-510-293-1>		"aʔ-tuu"@ram	
"ainoa"@fi	<http://ids.clld.org/values/13-330-128-3>		<http://ids.clld.org/parameters/13-330>		<http://ids.clld.org/values/13-330-293-3>		"kamã"@ram	
"ainoa"@fi	<http://ids.clld.org/values/13-330-128-3>		<http://ids.clld.org/parameters/13-330>		<http://ids.clld.org/values/13-330-293-1>		"pit"@ram	
"puutawar̃a"@fi	<http://ids.clld.org/values/1-430-128-3>		<http://ids.clld.org/parameters/1-430>		<http://ids.clld.org/values/1-430-293-1>		"pĩ"@ram	
"tulla"@fi	<http://ids.clld.org/values/10-480-128-1>		<http://ids.clld.org/parameters/10-480>		<http://ids.clld.org/values/10-480-293-1>		"-tẽ"@ram	
"yuoda"@fi	<http://ids.clld.org/values/5-130-128-1>		<http://ids.clld.org/parameters/5-130>		<http://ids.clld.org/values/5-130-293-1>		"-kʰõ (kʰɔ̃ ?)"@ram	
"leweæ"@fi	<http://ids.clld.org/values/12-610-128-3>		<http://ids.clld.org/parameters/12-610>		<http://ids.clld.org/values/12-610-293-1>		"iʔ-pɔ"@ram	
"liha"@fi	<http://ids.clld.org/values/5-610-128-1>		<http://ids.clld.org/parameters/5-610>		<http://ids.clld.org/values/5-610-293-1>		"hĩ"@ram	
"liha"@fi	<http://ids.clld.org/values/5-610-128-1>		<http://ids.clld.org/parameters/5-610>		<http://ids.clld.org/values/5-610-293-3>		"yĩ"@ram	
"pitkæ"@fi	<http://ids.clld.org/values/12-570-128-1>		<http://ids.clld.org/parameters/12-570>		<http://ids.clld.org/values/12-570-293-1>		"i-rɨɨ"@ram	
"yokainen"@fi	<http://ids.clld.org/values/13-140-128-1>		<http://ids.clld.org/parameters/13-140>		<http://ids.clld.org/values/13-140-293-1>		"tu-"@ram	
"pestæ"@fi	<http://ids.clld.org/values/9-360-128-1>		<http://ids.clld.org/parameters/9-360>		<http://ids.clld.org/values/9-360-293-1>		"kuʔhõ"@ram	
"pestæ"@fi	<http://ids.clld.org/values/9-360-128-1>		<http://ids.clld.org/parameters/9-360>		<http://ids.clld.org/values/9-360-293-3>		"kaʔhõ"@ram	
"mær̃kæ"@fi	<http://ids.clld.org/values/15-830-128-1>		<http://ids.clld.org/parameters/15-830>		<http://ids.clld.org/values/15-830-293-1>		"mrɔ̃ (?)"@ram	
"maata"@fi	<http://ids.clld.org/values/12-140-128-1>		<http://ids.clld.org/parameters/12-140>		<http://ids.clld.org/values/12-140-293-1>		"nɔ̃"@ram	
"kar̃was"@fi	<http://ids.clld.org/values/15-370-128-1>		<http://ids.clld.org/parameters/15-370>		<http://ids.clld.org/values/15-370-293-1>		"-c̷ə-"@ram	
"kar̃was"@fi	<http://ids.clld.org/values/15-370-128-1>		<http://ids.clld.org/parameters/15-370>		<http://ids.clld.org/values/15-370-293-3>		"hə"@ram	
"wer̃i"@fi	<http://ids.clld.org/values/4-150-128-1>		<http://ids.clld.org/parameters/4-150>		<http://ids.clld.org/values/4-150-293-1>		"ii-kaproo"@ram	
"tæhti"@fi	<http://ids.clld.org/values/1-540-128-1>		<http://ids.clld.org/parameters/1-540>		<http://ids.clld.org/values/1-540-293-1>		"kac̷ee-rɛ"@ram	
"r̃askas"@fi	<http://ids.clld.org/values/15-810-128-1>		<http://ids.clld.org/parameters/15-810>		<http://ids.clld.org/values/15-810-293-1>		"hũũ-tĩ"@ram	
"süödæ"@fi	<http://ids.clld.org/values/5-110-128-1>		<http://ids.clld.org/parameters/5-110>		<http://ids.clld.org/values/5-110-293-3>		"kʰuu"@ram	
"süödæ"@fi	<http://ids.clld.org/values/5-110-128-1>		<http://ids.clld.org/parameters/5-110>		<http://ids.clld.org/values/5-110-293-7>		"pa-"@ram	
"süödæ"@fi	<http://ids.clld.org/values/5-110-128-1>		<http://ids.clld.org/parameters/5-110>		<http://ids.clld.org/values/5-110-293-5>		"kukʰu-"@ram	
"süödæ"@fi	<http://ids.clld.org/values/5-110-128-1>		<http://ids.clld.org/parameters/5-110>		<http://ids.clld.org/values/5-110-293-1>		"-kʰrẽ"@ram	
"apina"@fi	<http://ids.clld.org/values/3-760-128-1>		<http://ids.clld.org/parameters/3-760>		<http://ids.clld.org/values/3-760-293-1>		"kukʰoy"@ram	
"sisko"@fi	<http://ids.clld.org/values/2-450-128-3>		<http://ids.clld.org/parameters/2-450>		<http://ids.clld.org/values/2-450-293-1>		"tɔ̃y-"@ram	
"paise"@fi	<http://ids.clld.org/values/4-856-128-1>		<http://ids.clld.org/parameters/4-856>		<http://ids.clld.org/values/4-856-293-1>		"kuhe"@ram	
"r̃ihma"@fi	<http://ids.clld.org/values/6-380-128-3>		<http://ids.clld.org/parameters/6-380>		<http://ids.clld.org/values/6-380-293-1>		"he-"@ram	
"r̃ihma"@fi	<http://ids.clld.org/values/6-380-128-3>		<http://ids.clld.org/parameters/6-380>		<http://ids.clld.org/values/6-380-293-3>		"-c̷e- (?)"@ram	
"kæwelükeppi"@fi	<http://ids.clld.org/values/19-250-128-5>		<http://ids.clld.org/parameters/19-250>		<http://ids.clld.org/values/19-250-293-1>		"kʰo-"@ram	
"lepakko"@fi	<http://ids.clld.org/values/3-591-128-1>		<http://ids.clld.org/parameters/3-591>		<http://ids.clld.org/values/3-591-293-1>		"c̷ɛprɛ"@ram	
"sisællæ"@fi	<http://ids.clld.org/values/12-50-128-3>		<http://ids.clld.org/parameters/12-50>		<http://ids.clld.org/values/12-50-293-1>		"kʰam"@ram	
"sawu"@fi	<http://ids.clld.org/values/1-830-128-1>		<http://ids.clld.org/parameters/1-830>		<http://ids.clld.org/values/1-830-293-1>		"iʔ-kʰũm"@ram	
"aamu"@fi	<http://ids.clld.org/values/14-440-128-1>		<http://ids.clld.org/parameters/14-440>		<http://ids.clld.org/values/14-440-293-1>		"apɛ̃"@ram	
"lentææ"@fi	<http://ids.clld.org/values/10-370-128-1>		<http://ids.clld.org/parameters/10-370>		<http://ids.clld.org/values/10-370-293-1>		"tɛɛ"@ram	
"nuiya"@fi	<http://ids.clld.org/values/20-220-128-1>		<http://ids.clld.org/parameters/20-220>		<http://ids.clld.org/values/20-220-293-1>		"kʰo"@ram	
"kuulla"@fi	<http://ids.clld.org/values/15-410-128-1>		<http://ids.clld.org/parameters/15-410>		<http://ids.clld.org/values/15-410-293-1>		"kʰə̃-pa"@ram	
"polttaa"@fi	<http://ids.clld.org/values/1-851-128-1>		<http://ids.clld.org/parameters/1-851>		<http://ids.clld.org/values/1-851-293-1>		"ka-c̷ər"@ram	
"kaikki"@fi	<http://ids.clld.org/values/13-140-128-3>		<http://ids.clld.org/parameters/13-140>		<http://ids.clld.org/values/13-140-293-1>		"tu-"@ram	
"iloinen"@fi	<http://ids.clld.org/values/16-230-128-1>		<http://ids.clld.org/parameters/16-230>		<http://ids.clld.org/values/16-230-293-1>		"hakʰrɨ"@ram	
"tapiokasuur̃imot"@fi	<http://ids.clld.org/values/8-920-128-1>		<http://ids.clld.org/parameters/8-920>		<http://ids.clld.org/values/8-920-293-1>		"kʰwɨrɨ"@ram	
"huono"@fi	<http://ids.clld.org/values/16-720-128-1>		<http://ids.clld.org/parameters/16-720>		<http://ids.clld.org/values/16-720-293-1>		"iʔkʰɛn"@ram	
"taiwas"@fi	<http://ids.clld.org/values/1-510-128-1>		<http://ids.clld.org/parameters/1-510>		<http://ids.clld.org/values/1-510-293-1>		"koykʰwa"@ram	
"hiukset"@fi	<http://ids.clld.org/values/4-140-128-1>		<http://ids.clld.org/parameters/4-140>		<http://ids.clld.org/values/4-140-293-1>		"ii-kʰĩ"@ram	
"wanha"@fi	<http://ids.clld.org/values/14-150-128-1>		<http://ids.clld.org/parameters/14-150>		<http://ids.clld.org/values/14-150-293-1>		"tũm"@ram	
"kipu"@fi	<http://ids.clld.org/values/16-310-128-1>		<http://ids.clld.org/parameters/16-310>		<http://ids.clld.org/values/16-310-293-1>		"-c̷a-"@ram	
"kipu"@fi	<http://ids.clld.org/values/16-310-128-1>		<http://ids.clld.org/parameters/16-310>		<http://ids.clld.org/values/16-310-293-3>		"ha- (?)"@ram	
"tuska"@fi	<http://ids.clld.org/values/16-310-128-3>		<http://ids.clld.org/parameters/16-310>		<http://ids.clld.org/values/16-310-293-1>		"-c̷a-"@ram	
"tuska"@fi	<http://ids.clld.org/values/16-310-128-3>		<http://ids.clld.org/parameters/16-310>		<http://ids.clld.org/values/16-310-293-3>		"ha- (?)"@ram	
"læhteæ"@fi	<http://ids.clld.org/values/10-470-128-3>		<http://ids.clld.org/parameters/10-470>		<http://ids.clld.org/values/10-470-293-1>		"mɔ̃"@ram	
"kr̃okotiili"@fi	<http://ids.clld.org/values/3-970-128-1>		<http://ids.clld.org/parameters/3-970>		<http://ids.clld.org/values/3-970-293-1>		"mĩĩ (mɨ̃ ?)"@ram	
"pur̃r̃a"@fi	<http://ids.clld.org/values/4-580-128-1>		<http://ids.clld.org/parameters/4-580>		<http://ids.clld.org/values/4-580-293-1>		"-ku-c̷a"@ram	
"kieltæwæ"@fi	<http://ids.clld.org/values/17-560-128-3>		<http://ids.clld.org/parameters/17-560>		<http://ids.clld.org/values/17-560-293-1>		"ke-"@ram	
"kulkea"@fi	<http://ids.clld.org/values/10-450-128-5>		<http://ids.clld.org/parameters/10-450>		<http://ids.clld.org/values/10-450-293-1>		"mõ"@ram	
"kaiwo"@fi	<http://ids.clld.org/values/1-370-128-3>		<http://ids.clld.org/parameters/1-370>		<http://ids.clld.org/values/1-370-293-1>		"kʰwa"@ram	
"suola"@fi	<http://ids.clld.org/values/5-810-128-1>		<http://ids.clld.org/parameters/5-810>		<http://ids.clld.org/values/5-810-293-1>		"kaac̷wa"@ram	
"pelto"@fi	<http://ids.clld.org/values/8-120-128-1>		<http://ids.clld.org/parameters/8-120>		<http://ids.clld.org/values/8-120-293-1>		"pur"@ram	
"kieli"@fi	<http://ids.clld.org/values/4-260-128-1>		<http://ids.clld.org/parameters/4-260>		<http://ids.clld.org/values/4-260-293-1>		"-yõʔtɔ"@ram	
"kaste"@fi	<http://ids.clld.org/values/1-640-128-1>		<http://ids.clld.org/parameters/1-640>		<http://ids.clld.org/values/1-640-293-1>		"atər-"@ram	
"samanlainen"@fi	<http://ids.clld.org/values/12-920-128-1>		<http://ids.clld.org/parameters/12-920>		<http://ids.clld.org/values/12-920-293-1>		"kʰĩ"@ram	
"nenæ"@fi	<http://ids.clld.org/values/4-230-128-1>		<http://ids.clld.org/parameters/4-230>		<http://ids.clld.org/values/4-230-293-1>		"-yĩyakʰrɛ"@ram	
