"саьд"@kry	<http://ids.clld.org/values/13-330-518-1>		<http://ids.clld.org/parameters/13-330>		<http://ids.clld.org/values/13-330-293-3>		"kamã"@ram	
"саьд"@kry	<http://ids.clld.org/values/13-330-518-1>		<http://ids.clld.org/parameters/13-330>		<http://ids.clld.org/values/13-330-293-1>		"pit"@ram	
"билаьх"@kry	<http://ids.clld.org/values/1-370-518-1>		<http://ids.clld.org/parameters/1-370>		<http://ids.clld.org/values/1-370-293-1>		"kʰwa"@ram	
"уІаьцІ"@kry	<http://ids.clld.org/values/12-850-518-1>		<http://ids.clld.org/parameters/12-850>		<http://ids.clld.org/values/12-850-293-1>		"kʰrɛ"@ram	
"чІув йе̌джи"@kry	<http://ids.clld.org/values/5-160-518-1>		<http://ids.clld.org/parameters/5-160>		<http://ids.clld.org/values/5-160-293-1>		"kaho"@ram	
"къум"@kry	<http://ids.clld.org/values/1-215-518-1>		<http://ids.clld.org/parameters/1-215>		<http://ids.clld.org/values/1-215-293-1>		"pye"@ram	
"фирми"@kry	<http://ids.clld.org/values/1-830-518-1>		<http://ids.clld.org/parameters/1-830>		<http://ids.clld.org/values/1-830-293-1>		"iʔ-kʰũm"@ram	
"ласирджи"@kry	<http://ids.clld.org/values/15-420-518-1>		<http://ids.clld.org/parameters/15-420>		<http://ids.clld.org/values/15-420-293-1>		"k mpa (?)"@ram	
"хьин"@kry	<http://ids.clld.org/values/8-510-518-1>		<http://ids.clld.org/parameters/8-510>		<http://ids.clld.org/values/8-510-293-1>		"aʔ-tuu"@ram	
"дзыр"@kry	<http://ids.clld.org/values/3-817-518-3>		<http://ids.clld.org/parameters/3-817>		<http://ids.clld.org/values/3-817-293-1>		"ahc̷un- (aʔc̷un- ?)"@ram	
"зын"@kry	<http://ids.clld.org/values/2-910-518-1>		<http://ids.clld.org/parameters/2-910>		<http://ids.clld.org/values/2-910-293-3>		"wa"@ram	
"зын"@kry	<http://ids.clld.org/values/2-910-518-1>		<http://ids.clld.org/parameters/2-910>		<http://ids.clld.org/values/2-910-293-1>		"pa"@ram	
"ваь"@kry	<http://ids.clld.org/values/17-560-518-1>		<http://ids.clld.org/parameters/17-560>		<http://ids.clld.org/values/17-560-293-1>		"ke-"@ram	
"гІухьуржду"@kry	<http://ids.clld.org/values/10-480-518-3>		<http://ids.clld.org/parameters/10-480>		<http://ids.clld.org/values/10-480-293-1>		"-tẽ"@ram	
"рих"@kry	<http://ids.clld.org/values/10-720-518-1>		<http://ids.clld.org/parameters/10-720>		<http://ids.clld.org/values/10-720-293-1>		"prɨɨ"@ram	
"чIагъ"@kry	<http://ids.clld.org/values/3-581-518-3>		<http://ids.clld.org/parameters/3-581>		<http://ids.clld.org/values/3-581-293-1>		"kɛ̃"@ram	
"лаьхІаь"@kry	<http://ids.clld.org/values/15-650-518-1>		<http://ids.clld.org/parameters/15-650>		<http://ids.clld.org/values/15-650-293-1>		"iʔ-tɨk"@ram	
"аьхруджу"@kry	<http://ids.clld.org/values/4-610-518-3>		<http://ids.clld.org/parameters/4-610>		<http://ids.clld.org/values/4-610-293-1>		"-ŋõr (ŋɔ̃r ?)"@ram	
"гІоцІи"@kry	<http://ids.clld.org/values/13-210-518-1>		<http://ids.clld.org/parameters/13-210>		<http://ids.clld.org/values/13-210-293-1>		"yic̷u"@ram	
"эми"@kry	<http://ids.clld.org/values/2-510-518-1>		<http://ids.clld.org/parameters/2-510>		<http://ids.clld.org/values/2-510-293-1>		"kɛt"@ram	
"аьхырджи"@kry	<http://ids.clld.org/values/4-610-518-1>		<http://ids.clld.org/parameters/4-610>		<http://ids.clld.org/values/4-610-293-1>		"-ŋõr (ŋɔ̃r ?)"@ram	
"гьасир"@kry	<http://ids.clld.org/values/9-770-518-1>		<http://ids.clld.org/parameters/9-770>		<http://ids.clld.org/values/9-770-293-1>		"kohpip (koʔpip ?)"@ram	
"гъич"@kry	<http://ids.clld.org/values/4-120-518-1>		<http://ids.clld.org/parameters/4-120>		<http://ids.clld.org/values/4-120-293-1>		"ii-kʰə (?)"@ram	
"къопІтІулджу"@kry	<http://ids.clld.org/values/12-150-518-3>		<http://ids.clld.org/parameters/12-150>		<http://ids.clld.org/values/12-150-293-1>		"c̷a"@ram	
"картушка"@kry	<http://ids.clld.org/values/5-700-518-1>		<http://ids.clld.org/parameters/5-700>		<http://ids.clld.org/values/5-700-293-1>		"yat (yɛt ?)"@ram	
"тІыр"@kry	<http://ids.clld.org/values/18-280-518-1>		<http://ids.clld.org/parameters/18-280>		<http://ids.clld.org/values/18-280-293-1>		"awkʰe-"@ram	
"тІыр"@kry	<http://ids.clld.org/values/18-280-518-1>		<http://ids.clld.org/parameters/18-280>		<http://ids.clld.org/values/18-280-293-3>		"yəyə-"@ram	
"гІакад"@kry	<http://ids.clld.org/values/15-810-518-3>		<http://ids.clld.org/parameters/15-810>		<http://ids.clld.org/values/15-810-293-1>		"hũũ-tĩ"@ram	
"аьтаьджи"@kry	<http://ids.clld.org/values/9-210-518-1>		<http://ids.clld.org/parameters/9-210>		<http://ids.clld.org/values/9-210-293-1>		"kʰrɔ̃k"@ram	
"иходжи"@kry	<http://ids.clld.org/values/15-410-518-1>		<http://ids.clld.org/parameters/15-410>		<http://ids.clld.org/values/15-410-293-1>		"kʰə̃-pa"@ram	
"гІуьл"@kry	<http://ids.clld.org/values/4-210-518-1>		<http://ids.clld.org/parameters/4-210>		<http://ids.clld.org/values/4-210-293-1>		"ii-tɔ"@ram	
"хаьб"@kry	<http://ids.clld.org/values/4-310-518-1>		<http://ids.clld.org/parameters/4-310>		<http://ids.clld.org/values/4-310-293-1>		"pa"@ram	
"дохма"@kry	<http://ids.clld.org/values/7-120-518-3>		<http://ids.clld.org/parameters/7-120>		<http://ids.clld.org/values/7-120-293-1>		"ii-kʰrɛ"@ram	
"тум"@kry	<http://ids.clld.org/values/8-311-518-1>		<http://ids.clld.org/parameters/8-311>		<http://ids.clld.org/values/8-311-293-1>		"iʔ-hɨɨ (hɨ- ?)"@ram	
"азару"@kry	<http://ids.clld.org/values/16-310-518-1>		<http://ids.clld.org/parameters/16-310>		<http://ids.clld.org/values/16-310-293-1>		"-c̷a-"@ram	
"азару"@kry	<http://ids.clld.org/values/16-310-518-1>		<http://ids.clld.org/parameters/16-310>		<http://ids.clld.org/values/16-310-293-3>		"ha- (?)"@ram	
"ирхъаджу"@kry	<http://ids.clld.org/values/15-510-518-3>		<http://ids.clld.org/parameters/15-510>		<http://ids.clld.org/values/15-510-293-1>		"-hõm-pu"@ram	
"ирхъаджу"@kry	<http://ids.clld.org/values/15-510-518-3>		<http://ids.clld.org/parameters/15-510>		<http://ids.clld.org/values/15-510-293-3>		"pu-pun"@ram	
"кІаьраьпІ"@kry	<http://ids.clld.org/values/4-160-518-1>		<http://ids.clld.org/parameters/4-160>		<http://ids.clld.org/values/4-160-293-1>		"-hi"@ram	
"даьхаьд"@kry	<http://ids.clld.org/values/14-210-518-3>		<http://ids.clld.org/parameters/14-210>		<http://ids.clld.org/values/14-210-293-1>		"kɨt-"@ram	
"тугъаджи"@kry	<http://ids.clld.org/values/10-610-518-1>		<http://ids.clld.org/parameters/10-610>		<http://ids.clld.org/values/10-610-293-1>		"pə"@ram	
"кьыл"@kry	<http://ids.clld.org/values/4-200-518-1>		<http://ids.clld.org/parameters/4-200>		<http://ids.clld.org/values/4-200-293-1>		"ii-kʰrə̃"@ram	
"хаьн"@kry	<http://ids.clld.org/values/12-110-518-3>		<http://ids.clld.org/parameters/12-110>		<http://ids.clld.org/values/12-110-293-1>		"-li-"@ram	
"даьхаь"@kry	<http://ids.clld.org/values/14-210-518-1>		<http://ids.clld.org/parameters/14-210>		<http://ids.clld.org/values/14-210-293-1>		"kɨt-"@ram	
"хор"@kry	<http://ids.clld.org/values/3-610-518-3>		<http://ids.clld.org/parameters/3-610>		<http://ids.clld.org/values/3-610-293-1>		"rɔp"@ram	
"даьй"@kry	<http://ids.clld.org/values/2-360-518-1>		<http://ids.clld.org/parameters/2-360>		<http://ids.clld.org/values/2-360-293-1>		"-nə̃ə̃"@ram	
"аьд"@kry	<http://ids.clld.org/values/2-930-518-1>		<http://ids.clld.org/parameters/2-930>		<http://ids.clld.org/values/2-930-293-1>		"tamə̃"@ram	
"шидыр"@kry	<http://ids.clld.org/values/2-450-518-1>		<http://ids.clld.org/parameters/2-450>		<http://ids.clld.org/values/2-450-293-1>		"tɔ̃y-"@ram	
"йетир"@kry	<http://ids.clld.org/values/4-463-518-1>		<http://ids.clld.org/parameters/4-463>		<http://ids.clld.org/values/4-463-293-1>		"hɔ̃"@ram	
"дирибаш"@kry	<http://ids.clld.org/values/4-740-518-3>		<http://ids.clld.org/parameters/4-740>		<http://ids.clld.org/values/4-740-293-1>		"tĩ"@ram	
"гІайел"@kry	<http://ids.clld.org/values/2-270-518-1>		<http://ids.clld.org/parameters/2-270>		<http://ids.clld.org/values/2-270-293-1>		"aʔ-kʰra-rɛ"@ram	
"туьнт"@kry	<http://ids.clld.org/values/15-370-518-1>		<http://ids.clld.org/parameters/15-370>		<http://ids.clld.org/values/15-370-293-1>		"-c̷ə-"@ram	
"туьнт"@kry	<http://ids.clld.org/values/15-370-518-1>		<http://ids.clld.org/parameters/15-370>		<http://ids.clld.org/values/15-370-293-3>		"hə"@ram	
"къаьйинджи"@kry	<http://ids.clld.org/values/16-290-518-3>		<http://ids.clld.org/parameters/16-290>		<http://ids.clld.org/values/16-290-293-1>		"p (?)"@ram	
"меше"@kry	<http://ids.clld.org/values/1-410-518-3>		<http://ids.clld.org/parameters/1-410>		<http://ids.clld.org/values/1-410-293-1>		"lam-"@ram	
"ахъыр"@kry	<http://ids.clld.org/values/12-740-518-1>		<http://ids.clld.org/parameters/12-740>		<http://ids.clld.org/values/12-740-293-1>		"yakɔt"@ram	
"дар"@kry	<http://ids.clld.org/values/8-600-518-1>		<http://ids.clld.org/parameters/8-600>		<http://ids.clld.org/values/8-600-293-1>		"pĩĩ"@ram	
"кулак"@kry	<http://ids.clld.org/values/1-720-518-1>		<http://ids.clld.org/parameters/1-720>		<http://ids.clld.org/values/1-720-293-1>		"kʰook"@ram	
"джейран"@kry	<http://ids.clld.org/values/3-750-518-3>		<http://ids.clld.org/parameters/3-750>		<http://ids.clld.org/values/3-750-293-1>		"pɔ"@ram	
"джейран"@kry	<http://ids.clld.org/values/3-750-518-3>		<http://ids.clld.org/parameters/3-750>		<http://ids.clld.org/values/3-750-293-3>		"kaarə"@ram	
"маш"@kry	<http://ids.clld.org/values/12-610-518-1>		<http://ids.clld.org/parameters/12-610>		<http://ids.clld.org/values/12-610-293-1>		"iʔ-pɔ"@ram	
"кьус"@kry	<http://ids.clld.org/values/14-150-518-3>		<http://ids.clld.org/parameters/14-150>		<http://ids.clld.org/values/14-150-293-1>		"tũm"@ram	
"гылаь"@kry	<http://ids.clld.org/values/4-464-518-1>		<http://ids.clld.org/parameters/4-464>		<http://ids.clld.org/values/4-464-293-1>		"ayɔ"@ram	
"охшемиш"@kry	<http://ids.clld.org/values/12-920-518-1>		<http://ids.clld.org/parameters/12-920>		<http://ids.clld.org/values/12-920-293-1>		"kʰĩ"@ram	
"цІокьунур"@kry	<http://ids.clld.org/values/3-591-518-1>		<http://ids.clld.org/parameters/3-591>		<http://ids.clld.org/values/3-591-293-1>		"c̷ɛprɛ"@ram	
"дагьар"@kry	<http://ids.clld.org/values/1-440-518-3>		<http://ids.clld.org/parameters/1-440>		<http://ids.clld.org/values/1-440-293-1>		"kʰɛn"@ram	
"вун"@kry	<http://ids.clld.org/values/2-920-518-1>		<http://ids.clld.org/parameters/2-920>		<http://ids.clld.org/values/2-920-293-1>		"ka"@ram	
"че̌наь"@kry	<http://ids.clld.org/values/4-209-518-1>		<http://ids.clld.org/parameters/4-209>		<http://ids.clld.org/values/4-209-293-1>		"hamã"@ram	
"куьбелек"@kry	<http://ids.clld.org/values/3-920-518-1>		<http://ids.clld.org/parameters/3-920>		<http://ids.clld.org/values/3-920-293-1>		"wɛwɛ-"@ram	
"маьъ"@kry	<http://ids.clld.org/values/5-791-518-1>		<http://ids.clld.org/parameters/5-791>		<http://ids.clld.org/values/5-791-293-1>		"iʔ-twɨm"@ram	
"итхъаьджи"@kry	<http://ids.clld.org/values/15-510-518-5>		<http://ids.clld.org/parameters/15-510>		<http://ids.clld.org/values/15-510-293-1>		"-hõm-pu"@ram	
"итхъаьджи"@kry	<http://ids.clld.org/values/15-510-518-5>		<http://ids.clld.org/parameters/15-510>		<http://ids.clld.org/values/15-510-293-3>		"pu-pun"@ram	
"ранг"@kry	<http://ids.clld.org/values/9-880-518-1>		<http://ids.clld.org/parameters/9-880>		<http://ids.clld.org/values/9-880-293-1>		"kʰrɔr"@ram	
"квани"@kry	<http://ids.clld.org/values/4-463-518-3>		<http://ids.clld.org/parameters/4-463>		<http://ids.clld.org/values/4-463-293-1>		"hɔ̃"@ram	
"гардан"@kry	<http://ids.clld.org/values/4-280-518-1>		<http://ids.clld.org/parameters/4-280>		<http://ids.clld.org/values/4-280-293-1>		"ii-put"@ram	
"паьмпаьл"@kry	<http://ids.clld.org/values/3-920-518-3>		<http://ids.clld.org/parameters/3-920>		<http://ids.clld.org/values/3-920-293-1>		"wɛwɛ-"@ram	
"беш"@kry	<http://ids.clld.org/values/8-560-518-1>		<http://ids.clld.org/parameters/8-560>		<http://ids.clld.org/values/8-560-293-1>		"iʔ-ho"@ram	
"дагъджи каьл"@kry	<http://ids.clld.org/values/3-750-518-1>		<http://ids.clld.org/parameters/3-750>		<http://ids.clld.org/values/3-750-293-1>		"pɔ"@ram	
"дагъджи каьл"@kry	<http://ids.clld.org/values/3-750-518-1>		<http://ids.clld.org/parameters/3-750>		<http://ids.clld.org/values/3-750-293-3>		"kaarə"@ram	
"худ"@kry	<http://ids.clld.org/values/1-440-518-1>		<http://ids.clld.org/parameters/1-440>		<http://ids.clld.org/values/1-440-293-1>		"kʰɛn"@ram	
"цукьулджи"@kry	<http://ids.clld.org/values/12-140-518-1>		<http://ids.clld.org/parameters/12-140>		<http://ids.clld.org/values/12-140-293-1>		"nɔ̃"@ram	
"рух"@kry	<http://ids.clld.org/values/9-770-518-3>		<http://ids.clld.org/parameters/9-770>		<http://ids.clld.org/values/9-770-293-1>		"kohpip (koʔpip ?)"@ram	
"вак"@kry	<http://ids.clld.org/values/3-350-518-1>		<http://ids.clld.org/parameters/3-350>		<http://ids.clld.org/values/3-350-293-1>		"kʰro"@ram	
"къырджу"@kry	<http://ids.clld.org/values/5-130-518-1>		<http://ids.clld.org/parameters/5-130>		<http://ids.clld.org/values/5-130-293-1>		"-kʰõ (kʰɔ̃ ?)"@ram	
"лаьхIаь лаьхIкаьн"@kry	<http://ids.clld.org/values/4-450-518-1>		<http://ids.clld.org/parameters/4-450>		<http://ids.clld.org/values/4-450-293-1>		"ii-pa"@ram	
"кье̌л"@kry	<http://ids.clld.org/values/5-810-518-1>		<http://ids.clld.org/parameters/5-810>		<http://ids.clld.org/values/5-810-293-1>		"kaac̷wa"@ram	
"марал"@kry	<http://ids.clld.org/values/3-750-518-7>		<http://ids.clld.org/parameters/3-750>		<http://ids.clld.org/values/3-750-293-1>		"pɔ"@ram	
"марал"@kry	<http://ids.clld.org/values/3-750-518-7>		<http://ids.clld.org/parameters/3-750>		<http://ids.clld.org/values/3-750-293-3>		"kaarə"@ram	
"йикьиче"@kry	<http://ids.clld.org/values/12-50-518-1>		<http://ids.clld.org/parameters/12-50>		<http://ids.clld.org/values/12-50-293-1>		"kʰam"@ram	
"мез"@kry	<http://ids.clld.org/values/4-260-518-1>		<http://ids.clld.org/parameters/4-260>		<http://ids.clld.org/values/4-260-293-1>		"-yõʔtɔ"@ram	
"къаьлкьунджи"@kry	<http://ids.clld.org/values/10-370-518-1>		<http://ids.clld.org/parameters/10-370>		<http://ids.clld.org/values/10-370-293-1>		"tɛɛ"@ram	
"азалы"@kry	<http://ids.clld.org/values/16-310-518-3>		<http://ids.clld.org/parameters/16-310>		<http://ids.clld.org/values/16-310-293-1>		"-c̷a-"@ram	
"азалы"@kry	<http://ids.clld.org/values/16-310-518-3>		<http://ids.clld.org/parameters/16-310>		<http://ids.clld.org/values/16-310-293-3>		"ha- (?)"@ram	
"къаьйинджи"@kry	<http://ids.clld.org/values/12-212-518-1>		<http://ids.clld.org/parameters/12-212>		<http://ids.clld.org/values/12-212-293-1>		"pɨ"@ram	
"йе̌к"@kry	<http://ids.clld.org/values/5-610-518-1>		<http://ids.clld.org/parameters/5-610>		<http://ids.clld.org/values/5-610-293-1>		"hĩ"@ram	
"йе̌к"@kry	<http://ids.clld.org/values/5-610-518-1>		<http://ids.clld.org/parameters/5-610>		<http://ids.clld.org/values/5-610-293-3>		"yĩ"@ram	
"баьй"@kry	<http://ids.clld.org/values/2-350-518-1>		<http://ids.clld.org/parameters/2-350>		<http://ids.clld.org/values/2-350-293-1>		"-pãm"@ram	
"баьй"@kry	<http://ids.clld.org/values/2-350-518-1>		<http://ids.clld.org/parameters/2-350>		<http://ids.clld.org/values/2-350-293-3>		"c̷ũ"@ram	
"чІихъайе̌джи"@kry	<http://ids.clld.org/values/9-343-518-1>		<http://ids.clld.org/parameters/9-343>		<http://ids.clld.org/values/9-343-293-1>		"ŋɛ̃n"@ram	
"йай"@kry	<http://ids.clld.org/values/20-250-518-1>		<http://ids.clld.org/parameters/20-250>		<http://ids.clld.org/values/20-250-293-1>		"kruw"@ram	
"гІайхьурджу"@kry	<http://ids.clld.org/values/11-310-518-3>		<http://ids.clld.org/parameters/11-310>		<http://ids.clld.org/values/11-310-293-1>		"lɨ̃t"@ram	
"къили кьаьн"@kry	<http://ids.clld.org/values/4-370-518-1>		<http://ids.clld.org/parameters/4-370>		<http://ids.clld.org/values/4-370-293-1>		"ii-par"@ram	
"кьаьйджи"@kry	<http://ids.clld.org/values/4-750-518-3>		<http://ids.clld.org/parameters/4-750>		<http://ids.clld.org/values/4-750-293-1>		"tɨɨ- (tɨ ?)"@ram	
"шибыр"@kry	<http://ids.clld.org/values/13-30-518-1>		<http://ids.clld.org/parameters/13-30>		<http://ids.clld.org/values/13-30-293-1>		"ɨnkre-"@ram	
"ихьджи"@kry	<http://ids.clld.org/values/10-472-518-1>		<http://ids.clld.org/parameters/10-472>		<http://ids.clld.org/values/10-472-293-1>		"pi-"@ram	
"лиш"@kry	<http://ids.clld.org/values/3-811-518-1>		<http://ids.clld.org/parameters/3-811>		<http://ids.clld.org/values/3-811-293-1>		"ii-ko"@ram	
"гъалаьдад"@kry	<http://ids.clld.org/values/16-720-518-1>		<http://ids.clld.org/parameters/16-720>		<http://ids.clld.org/values/16-720-293-1>		"iʔkʰɛn"@ram	
"къил"@kry	<http://ids.clld.org/values/4-350-518-1>		<http://ids.clld.org/parameters/4-350>		<http://ids.clld.org/values/4-350-293-1>		"ii-tɛ"@ram	
"сагъай"@kry	<http://ids.clld.org/values/15-860-518-1>		<http://ids.clld.org/parameters/15-860>		<http://ids.clld.org/values/15-860-293-1>		"kʰrɨ"@ram	
"кІыпджу"@kry	<http://ids.clld.org/values/4-580-518-1>		<http://ids.clld.org/parameters/4-580>		<http://ids.clld.org/values/4-580-293-1>		"-ku-c̷a"@ram	
"хаьб"@kry	<http://ids.clld.org/values/4-330-518-1>		<http://ids.clld.org/parameters/4-330>		<http://ids.clld.org/values/4-330-293-1>		"hũʔkʰra"@ram	
"лицI"@kry	<http://ids.clld.org/values/14-150-518-1>		<http://ids.clld.org/parameters/14-150>		<http://ids.clld.org/values/14-150-293-1>		"tũm"@ram	
"къетІджи"@kry	<http://ids.clld.org/values/9-211-518-1>		<http://ids.clld.org/parameters/9-211>		<http://ids.clld.org/values/9-211-293-1>		"twə"@ram	
"гІумуьр"@kry	<http://ids.clld.org/values/4-740-518-1>		<http://ids.clld.org/parameters/4-740>		<http://ids.clld.org/values/4-740-293-1>		"tĩ"@ram	
"гІахти"@kry	<http://ids.clld.org/values/12-570-518-1>		<http://ids.clld.org/parameters/12-570>		<http://ids.clld.org/values/12-570-293-1>		"i-rɨɨ"@ram	
"цІаь"@kry	<http://ids.clld.org/values/1-810-518-1>		<http://ids.clld.org/parameters/1-810>		<http://ids.clld.org/values/1-810-293-1>		"kuhɨ"@ram	
"чІид"@kry	<http://ids.clld.org/values/3-813-518-1>		<http://ids.clld.org/parameters/3-813>		<http://ids.clld.org/values/3-813-293-1>		"ĩnko"@ram	
"тІаьгІаьм"@kry	<http://ids.clld.org/values/15-350-518-1>		<http://ids.clld.org/parameters/15-350>		<http://ids.clld.org/values/15-350-293-1>		"c̷o-"@ram	
"гІацІад"@kry	<http://ids.clld.org/values/13-210-518-3>		<http://ids.clld.org/parameters/13-210>		<http://ids.clld.org/values/13-210-293-1>		"yic̷u"@ram	
"къаьнаьт"@kry	<http://ids.clld.org/values/4-392-518-1>		<http://ids.clld.org/parameters/4-392>		<http://ids.clld.org/values/4-392-293-1>		"haaraa"@ram	
"балыгъ"@kry	<http://ids.clld.org/values/3-650-518-1>		<http://ids.clld.org/parameters/3-650>		<http://ids.clld.org/values/3-650-293-3>		"krən-"@ram	
"балыгъ"@kry	<http://ids.clld.org/values/3-650-518-1>		<http://ids.clld.org/parameters/3-650>		<http://ids.clld.org/values/3-650-293-1>		"tɛp"@ram	
"саьгІаь"@kry	<http://ids.clld.org/values/15-840-518-3>		<http://ids.clld.org/parameters/15-840>		<http://ids.clld.org/values/15-840-293-1>		"krə"@ram	
"саьгІаь"@kry	<http://ids.clld.org/values/15-840-518-3>		<http://ids.clld.org/parameters/15-840>		<http://ids.clld.org/values/15-840-293-3>		"(kʰra ?)"@ram	
"гІулджу"@kry	<http://ids.clld.org/values/5-110-518-3>		<http://ids.clld.org/parameters/5-110>		<http://ids.clld.org/values/5-110-293-3>		"kʰuu"@ram	
"гІулджу"@kry	<http://ids.clld.org/values/5-110-518-3>		<http://ids.clld.org/parameters/5-110>		<http://ids.clld.org/values/5-110-293-7>		"pa-"@ram	
"гІулджу"@kry	<http://ids.clld.org/values/5-110-518-3>		<http://ids.clld.org/parameters/5-110>		<http://ids.clld.org/values/5-110-293-5>		"kukʰu-"@ram	
"гІулджу"@kry	<http://ids.clld.org/values/5-110-518-3>		<http://ids.clld.org/parameters/5-110>		<http://ids.clld.org/values/5-110-293-1>		"-kʰrẽ"@ram	
"кьаьйджу"@kry	<http://ids.clld.org/values/4-750-518-1>		<http://ids.clld.org/parameters/4-750>		<http://ids.clld.org/values/4-750-293-1>		"tɨɨ- (tɨ ?)"@ram	
"силаь"@kry	<http://ids.clld.org/values/12-560-518-1>		<http://ids.clld.org/parameters/12-560>		<http://ids.clld.org/values/12-560-293-3>		"lɛ"@ram	
"силаь"@kry	<http://ids.clld.org/values/12-560-518-1>		<http://ids.clld.org/parameters/12-560>		<http://ids.clld.org/values/12-560-293-1>		"ĩn-krirɛ"@ram	
"раьк"@kry	<http://ids.clld.org/values/7-150-518-1>		<http://ids.clld.org/parameters/7-150>		<http://ids.clld.org/values/7-150-293-1>		"ka-"@ram	
"уджаджу"@kry	<http://ids.clld.org/values/1-851-518-1>		<http://ids.clld.org/parameters/1-851>		<http://ids.clld.org/values/1-851-293-1>		"ka-c̷ər"@ram	
"цІийаь"@kry	<http://ids.clld.org/values/14-130-518-1>		<http://ids.clld.org/parameters/14-130>		<http://ids.clld.org/values/14-130-293-1>		"-tuwa"@ram	
"руг"@kry	<http://ids.clld.org/values/1-213-518-1>		<http://ids.clld.org/parameters/1-213>		<http://ids.clld.org/values/1-213-293-1>		"pye yakro"@ram	
"угаьджу"@kry	<http://ids.clld.org/values/1-852-518-1>		<http://ids.clld.org/parameters/1-852>		<http://ids.clld.org/values/1-852-293-1>		"pok"@ram	
"ихаьйджи"@kry	<http://ids.clld.org/values/15-410-518-3>		<http://ids.clld.org/parameters/15-410>		<http://ids.clld.org/values/15-410-293-1>		"kʰə̃-pa"@ram	
"аьтаьджи хид"@kry	<http://ids.clld.org/values/9-211-518-3>		<http://ids.clld.org/parameters/9-211>		<http://ids.clld.org/values/9-211-293-1>		"twə"@ram	
"фири"@kry	<http://ids.clld.org/values/2-210-518-1>		<http://ids.clld.org/parameters/2-210>		<http://ids.clld.org/values/2-210-293-1>		"hũm"@ram	
"къуш"@kry	<http://ids.clld.org/values/3-581-518-1>		<http://ids.clld.org/parameters/3-581>		<http://ids.clld.org/values/3-581-293-1>		"kɛ̃"@ram	
"ибджи"@kry	<http://ids.clld.org/values/10-470-518-3>		<http://ids.clld.org/parameters/10-470>		<http://ids.clld.org/values/10-470-293-1>		"mɔ̃"@ram	
"кІул"@kry	<http://ids.clld.org/values/7-120-518-1>		<http://ids.clld.org/parameters/7-120>		<http://ids.clld.org/values/7-120-293-1>		"ii-kʰrɛ"@ram	
"сылаьхъаь"@kry	<http://ids.clld.org/values/12-420-518-1>		<http://ids.clld.org/parameters/12-420>		<http://ids.clld.org/values/12-420-293-1>		"aw-kʰɛ"@ram	
"джелеб"@kry	<http://ids.clld.org/values/4-820-518-1>		<http://ids.clld.org/parameters/4-820>		<http://ids.clld.org/values/4-820-293-1>		"pɛk-"@ram	
"туз"@kry	<http://ids.clld.org/values/1-213-518-3>		<http://ids.clld.org/parameters/1-213>		<http://ids.clld.org/values/1-213-293-1>		"pye yakro"@ram	
"сив"@kry	<http://ids.clld.org/values/4-240-518-1>		<http://ids.clld.org/parameters/4-240>		<http://ids.clld.org/values/4-240-293-1>		"-yarkʰwa"@ram	
"ирхъаджи"@kry	<http://ids.clld.org/values/15-510-518-1>		<http://ids.clld.org/parameters/15-510>		<http://ids.clld.org/values/15-510-293-1>		"-hõm-pu"@ram	
"ирхъаджи"@kry	<http://ids.clld.org/values/15-510-518-1>		<http://ids.clld.org/parameters/15-510>		<http://ids.clld.org/values/15-510-293-3>		"pu-pun"@ram	
"гІухьурджи"@kry	<http://ids.clld.org/values/10-480-518-1>		<http://ids.clld.org/parameters/10-480>		<http://ids.clld.org/values/10-480-293-1>		"-tẽ"@ram	
"раьхъ"@kry	<http://ids.clld.org/values/1-840-518-1>		<http://ids.clld.org/parameters/1-840>		<http://ids.clld.org/values/1-840-293-1>		"prɔ"@ram	
"аьскъунджи"@kry	<http://ids.clld.org/values/12-130-518-1>		<http://ids.clld.org/parameters/12-130>		<http://ids.clld.org/values/12-130-293-1>		"yə̃ (yɨ̃ ?)"@ram	
"силаьй"@kry	<http://ids.clld.org/values/13-170-518-1>		<http://ids.clld.org/parameters/13-170>		<http://ids.clld.org/values/13-170-293-1>		"kʰɨɨpe-"@ram	
"йиф"@kry	<http://ids.clld.org/values/14-420-518-1>		<http://ids.clld.org/parameters/14-420>		<http://ids.clld.org/values/14-420-293-1>		"kac̷wa"@ram	
"ираьдж"@kry	<http://ids.clld.org/values/4-150-518-1>		<http://ids.clld.org/parameters/4-150>		<http://ids.clld.org/values/4-150-293-1>		"ii-kaproo"@ram	
"кусунтІ"@kry	<http://ids.clld.org/values/5-970-518-1>		<http://ids.clld.org/parameters/5-970>		<http://ids.clld.org/values/5-970-293-1>		"in-krɛ"@ram	
"шад"@kry	<http://ids.clld.org/values/16-230-518-5>		<http://ids.clld.org/parameters/16-230>		<http://ids.clld.org/values/16-230-293-1>		"hakʰrɨ"@ram	
"аьскьунджу"@kry	<http://ids.clld.org/values/12-130-518-3>		<http://ids.clld.org/parameters/12-130>		<http://ids.clld.org/values/12-130-293-1>		"yə̃ (yɨ̃ ?)"@ram	
"зымджи"@kry	<http://ids.clld.org/values/9-360-518-1>		<http://ids.clld.org/parameters/9-360>		<http://ids.clld.org/values/9-360-293-1>		"kuʔhõ"@ram	
"зымджи"@kry	<http://ids.clld.org/values/9-360-518-1>		<http://ids.clld.org/parameters/9-360>		<http://ids.clld.org/values/9-360-293-3>		"kaʔhõ"@ram	
"раз"@kry	<http://ids.clld.org/values/20-220-518-1>		<http://ids.clld.org/parameters/20-220>		<http://ids.clld.org/values/20-220-293-1>		"kʰo"@ram	
"раьс"@kry	<http://ids.clld.org/values/19-250-518-3>		<http://ids.clld.org/parameters/19-250>		<http://ids.clld.org/values/19-250-293-1>		"kʰo-"@ram	
"джи"@kry	<http://ids.clld.org/values/4-180-518-1>		<http://ids.clld.org/parameters/4-180>		<http://ids.clld.org/values/4-180-293-1>		"ha-ppɨ"@ram	
"къотІылджи"@kry	<http://ids.clld.org/values/12-150-518-1>		<http://ids.clld.org/parameters/12-150>		<http://ids.clld.org/values/12-150-293-1>		"c̷a"@ram	
"гІайхьырджи"@kry	<http://ids.clld.org/values/11-310-518-1>		<http://ids.clld.org/parameters/11-310>		<http://ids.clld.org/values/11-310-293-1>		"lɨ̃t"@ram	
"чиг"@kry	<http://ids.clld.org/values/1-640-518-1>		<http://ids.clld.org/parameters/1-640>		<http://ids.clld.org/values/1-640-293-1>		"atər-"@ram	
"хи"@kry	<http://ids.clld.org/values/6-380-518-1>		<http://ids.clld.org/parameters/6-380>		<http://ids.clld.org/values/6-380-293-1>		"he-"@ram	
"хи"@kry	<http://ids.clld.org/values/6-380-518-1>		<http://ids.clld.org/parameters/6-380>		<http://ids.clld.org/values/6-380-293-3>		"-c̷e- (?)"@ram	
"къыйхырджи"@kry	<http://ids.clld.org/values/10-130-518-1>		<http://ids.clld.org/parameters/10-130>		<http://ids.clld.org/values/10-130-293-1>		"ayrɔ̃"@ram	
"гІумуьр йе̌джи"@kry	<http://ids.clld.org/values/4-740-518-5>		<http://ids.clld.org/parameters/4-740>		<http://ids.clld.org/values/4-740-293-1>		"tĩ"@ram	
"пІаджи"@kry	<http://ids.clld.org/values/16-290-518-1>		<http://ids.clld.org/parameters/16-290>		<http://ids.clld.org/values/16-290-293-1>		"p (?)"@ram	
"икиджагІан"@kry	<http://ids.clld.org/values/14-440-518-1>		<http://ids.clld.org/parameters/14-440>		<http://ids.clld.org/values/14-440-293-1>		"apɛ̃"@ram	
"чІе̌бидж"@kry	<http://ids.clld.org/values/1-750-518-1>		<http://ids.clld.org/parameters/1-750>		<http://ids.clld.org/values/1-750-293-1>		"taa (ta ?)"@ram	
"зов"@kry	<http://ids.clld.org/values/1-510-518-1>		<http://ids.clld.org/parameters/1-510>		<http://ids.clld.org/values/1-510-293-1>		"koykʰwa"@ram	
"ваьтаьджи"@kry	<http://ids.clld.org/values/9-210-518-3>		<http://ids.clld.org/parameters/9-210>		<http://ids.clld.org/values/9-210-293-1>		"kʰrɔ̃k"@ram	
"уджагъ"@kry	<http://ids.clld.org/values/7-310-518-1>		<http://ids.clld.org/parameters/7-310>		<http://ids.clld.org/values/7-310-293-1>		"kiz (?)"@ram	
"макашин"@kry	<http://ids.clld.org/values/3-350-518-3>		<http://ids.clld.org/parameters/3-350>		<http://ids.clld.org/values/3-350-293-1>		"kʰro"@ram	
"магьни липджи"@kry	<http://ids.clld.org/values/18-120-518-3>		<http://ids.clld.org/parameters/18-120>		<http://ids.clld.org/values/18-120-293-1>		"-krɛ"@ram	
"бу"@kry	<http://ids.clld.org/values/12-550-518-1>		<http://ids.clld.org/parameters/12-550>		<http://ids.clld.org/values/12-550-293-1>		"ti-"@ram	
"чІинаьриджи"@kry	<http://ids.clld.org/values/10-440-518-1>		<http://ids.clld.org/parameters/10-440>		<http://ids.clld.org/values/10-440-293-1>		"hakrun (?)"@ram	
"миъел"@kry	<http://ids.clld.org/values/4-230-518-1>		<http://ids.clld.org/parameters/4-230>		<http://ids.clld.org/values/4-230-293-1>		"-yĩyakʰrɛ"@ram	
"джигаьгь"@kry	<http://ids.clld.org/values/12-110-518-1>		<http://ids.clld.org/parameters/12-110>		<http://ids.clld.org/values/12-110-293-1>		"-li-"@ram	
"зыр"@kry	<http://ids.clld.org/values/3-817-518-1>		<http://ids.clld.org/parameters/3-817>		<http://ids.clld.org/values/3-817-293-1>		"ahc̷un- (aʔc̷un- ?)"@ram	
"йе̌джи"@kry	<http://ids.clld.org/values/9-110-518-1>		<http://ids.clld.org/parameters/9-110>		<http://ids.clld.org/values/9-110-293-1>		"tɔn"@ram	
"вуджи"@kry	<http://ids.clld.org/values/11-210-518-1>		<http://ids.clld.org/parameters/11-210>		<http://ids.clld.org/values/11-210-293-3>		"ŋɔ̃"@ram	
"вуджи"@kry	<http://ids.clld.org/values/11-210-518-1>		<http://ids.clld.org/parameters/11-210>		<http://ids.clld.org/values/11-210-293-1>		"c̷i-"@ram	
"ухаджи"@kry	<http://ids.clld.org/values/18-120-518-1>		<http://ids.clld.org/parameters/18-120>		<http://ids.clld.org/values/18-120-293-1>		"-krɛ"@ram	
"къабугъ"@kry	<http://ids.clld.org/values/8-750-518-1>		<http://ids.clld.org/parameters/8-750>		<http://ids.clld.org/values/8-750-293-1>		"ii-kʰə"@ram	
"лаьзы"@kry	<http://ids.clld.org/values/15-640-518-1>		<http://ids.clld.org/parameters/15-640>		<http://ids.clld.org/values/15-640-293-1>		"hakkʰa"@ram	
"лаьзы"@kry	<http://ids.clld.org/values/15-640-518-1>		<http://ids.clld.org/parameters/15-640>		<http://ids.clld.org/values/15-640-293-3>		"yakʰaa"@ram	
"краска"@kry	<http://ids.clld.org/values/9-880-518-3>		<http://ids.clld.org/parameters/9-880>		<http://ids.clld.org/values/9-880-293-1>		"kʰrɔr"@ram	
"дар"@kry	<http://ids.clld.org/values/1-420-518-1>		<http://ids.clld.org/parameters/1-420>		<http://ids.clld.org/values/1-420-293-1>		"pĩĩ"@ram	
"саьгІй"@kry	<http://ids.clld.org/values/15-840-518-1>		<http://ids.clld.org/parameters/15-840>		<http://ids.clld.org/values/15-840-293-1>		"krə"@ram	
"саьгІй"@kry	<http://ids.clld.org/values/15-840-518-1>		<http://ids.clld.org/parameters/15-840>		<http://ids.clld.org/values/15-840-293-3>		"(kʰra ?)"@ram	
"бахтлу"@kry	<http://ids.clld.org/values/16-230-518-1>		<http://ids.clld.org/parameters/16-230>		<http://ids.clld.org/values/16-230-293-1>		"hakʰrɨ"@ram	
"угаьджи"@kry	<http://ids.clld.org/values/1-852-518-3>		<http://ids.clld.org/parameters/1-852>		<http://ids.clld.org/values/1-852-293-1>		"pok"@ram	
"фири"@kry	<http://ids.clld.org/values/2-310-518-1>		<http://ids.clld.org/parameters/2-310>		<http://ids.clld.org/values/2-310-293-1>		"ĩĩ-pyɛ"@ram	
"илан"@kry	<http://ids.clld.org/values/3-850-518-1>		<http://ids.clld.org/parameters/3-850>		<http://ids.clld.org/values/3-850-293-3>		"pat"@ram	
"илан"@kry	<http://ids.clld.org/values/3-850-518-1>		<http://ids.clld.org/parameters/3-850>		<http://ids.clld.org/values/3-850-293-1>		"kaaŋə"@ram	
"чІер"@kry	<http://ids.clld.org/values/4-140-518-1>		<http://ids.clld.org/parameters/4-140>		<http://ids.clld.org/values/4-140-293-1>		"ii-kʰĩ"@ram	
"хал"@kry	<http://ids.clld.org/values/7-520-518-1>		<http://ids.clld.org/parameters/7-520>		<http://ids.clld.org/values/7-520-293-1>		"po"@ram	
"бахтавар"@kry	<http://ids.clld.org/values/16-230-518-3>		<http://ids.clld.org/parameters/16-230>		<http://ids.clld.org/values/16-230-293-1>		"hakʰrɨ"@ram	
"гаьлаьд"@kry	<http://ids.clld.org/values/16-710-518-3>		<http://ids.clld.org/parameters/16-710>		<http://ids.clld.org/values/16-710-293-1>		"-pɛy"@ram	
"гІуьмуьр йе̌джи"@kry	<http://ids.clld.org/values/7-110-518-1>		<http://ids.clld.org/parameters/7-110>		<http://ids.clld.org/values/7-110-293-1>		"kʰrĩ"@ram	
"чиче̌к"@kry	<http://ids.clld.org/values/8-570-518-1>		<http://ids.clld.org/parameters/8-570>		<http://ids.clld.org/values/8-570-293-1>		"ii-rə̃"@ram	
"гІак"@kry	<http://ids.clld.org/values/15-810-518-1>		<http://ids.clld.org/parameters/15-810>		<http://ids.clld.org/values/15-810-293-1>		"hũũ-tĩ"@ram	
"акьраб"@kry	<http://ids.clld.org/values/3-815-518-1>		<http://ids.clld.org/parameters/3-815>		<http://ids.clld.org/values/3-815-293-1>		"pak"@ram	
"гъалаьд"@kry	<http://ids.clld.org/values/16-710-518-1>		<http://ids.clld.org/parameters/16-710>		<http://ids.clld.org/values/16-710-293-1>		"-pɛy"@ram	
"саьр"@kry	<http://ids.clld.org/values/13-10-518-1>		<http://ids.clld.org/parameters/13-10>		<http://ids.clld.org/values/13-10-293-1>		"pɨc̷it"@ram	
"къизгъинад"@kry	<http://ids.clld.org/values/15-850-518-1>		<http://ids.clld.org/parameters/15-850>		<http://ids.clld.org/values/15-850-293-1>		"kakrɔ"@ram	
"квак"@kry	<http://ids.clld.org/values/3-840-518-1>		<http://ids.clld.org/parameters/3-840>		<http://ids.clld.org/values/3-840-293-1>		"hɔɔc̷ã"@ram	
"ник"@kry	<http://ids.clld.org/values/8-120-518-1>		<http://ids.clld.org/parameters/8-120>		<http://ids.clld.org/values/8-120-293-1>		"pur"@ram	
"туьтуьм"@kry	<http://ids.clld.org/values/8-680-518-1>		<http://ids.clld.org/parameters/8-680>		<http://ids.clld.org/values/8-680-293-1>		"parho"@ram	
"гьекІджи"@kry	<http://ids.clld.org/values/4-521-518-1>		<http://ids.clld.org/parameters/4-521>		<http://ids.clld.org/values/4-521-293-1>		"hɛk"@ram	
"кІаьс"@kry	<http://ids.clld.org/values/19-250-518-1>		<http://ids.clld.org/parameters/19-250>		<http://ids.clld.org/values/19-250-293-1>		"kʰo-"@ram	
"цІийаьд"@kry	<http://ids.clld.org/values/14-130-518-3>		<http://ids.clld.org/parameters/14-130>		<http://ids.clld.org/values/14-130-293-1>		"-tuwa"@ram	
"кракадил"@kry	<http://ids.clld.org/values/3-970-518-1>		<http://ids.clld.org/parameters/3-970>		<http://ids.clld.org/values/3-970-293-1>		"mĩĩ (mɨ̃ ?)"@ram	
"маьз"@kry	<http://ids.clld.org/values/4-260-518-3>		<http://ids.clld.org/parameters/4-260>		<http://ids.clld.org/values/4-260-293-1>		"-yõʔtɔ"@ram	
"гыргыр"@kry	<http://ids.clld.org/values/4-856-518-1>		<http://ids.clld.org/parameters/4-856>		<http://ids.clld.org/values/4-856-293-1>		"kuhe"@ram	
"тІаьм"@kry	<http://ids.clld.org/values/20-240-518-1>		<http://ids.clld.org/parameters/20-240>		<http://ids.clld.org/values/20-240-293-1>		"kuuhe"@ram	
"къырджи"@kry	<http://ids.clld.org/values/5-130-518-3>		<http://ids.clld.org/parameters/5-130>		<http://ids.clld.org/values/5-130-293-1>		"-kʰõ (kʰɔ̃ ?)"@ram	
"папугай"@kry	<http://ids.clld.org/values/3-592-518-1>		<http://ids.clld.org/parameters/3-592>		<http://ids.clld.org/values/3-592-293-1>		"krɨy-ti"@ram	
"йит"@kry	<http://ids.clld.org/values/5-840-518-1>		<http://ids.clld.org/parameters/5-840>		<http://ids.clld.org/values/5-840-293-1>		"pɛn"@ram	
"суьв"@kry	<http://ids.clld.org/values/4-240-518-3>		<http://ids.clld.org/parameters/4-240>		<http://ids.clld.org/values/4-240-293-1>		"-yarkʰwa"@ram	
"вирагъ"@kry	<http://ids.clld.org/values/1-520-518-1>		<http://ids.clld.org/parameters/1-520>		<http://ids.clld.org/values/1-520-293-3>		"pɨtɨ"@ram	
"вирагъ"@kry	<http://ids.clld.org/values/1-520-518-1>		<http://ids.clld.org/parameters/1-520>		<http://ids.clld.org/values/1-520-293-1>		"pɨt"@ram	
"гІулджи"@kry	<http://ids.clld.org/values/5-110-518-1>		<http://ids.clld.org/parameters/5-110>		<http://ids.clld.org/values/5-110-293-3>		"kʰuu"@ram	
"гІулджи"@kry	<http://ids.clld.org/values/5-110-518-1>		<http://ids.clld.org/parameters/5-110>		<http://ids.clld.org/values/5-110-293-7>		"pa-"@ram	
"гІулджи"@kry	<http://ids.clld.org/values/5-110-518-1>		<http://ids.clld.org/parameters/5-110>		<http://ids.clld.org/values/5-110-293-5>		"kukʰu-"@ram	
"гІулджи"@kry	<http://ids.clld.org/values/5-110-518-1>		<http://ids.clld.org/parameters/5-110>		<http://ids.clld.org/values/5-110-293-1>		"-kʰrẽ"@ram	
"ихьджи"@kry	<http://ids.clld.org/values/10-470-518-1>		<http://ids.clld.org/parameters/10-470>		<http://ids.clld.org/values/10-470-293-1>		"mɔ̃"@ram	
"гъахриджи"@kry	<http://ids.clld.org/values/10-450-518-1>		<http://ids.clld.org/parameters/10-450>		<http://ids.clld.org/values/10-450-293-1>		"mõ"@ram	
"гьаса"@kry	<http://ids.clld.org/values/19-250-518-5>		<http://ids.clld.org/parameters/19-250>		<http://ids.clld.org/values/19-250-293-1>		"kʰo-"@ram	
"фупунджи"@kry	<http://ids.clld.org/values/10-380-518-1>		<http://ids.clld.org/parameters/10-380>		<http://ids.clld.org/values/10-380-293-1>		"hakkoo"@ram	
"меймун"@kry	<http://ids.clld.org/values/3-760-518-1>		<http://ids.clld.org/parameters/3-760>		<http://ids.clld.org/values/3-760-293-1>		"kukʰoy"@ram	
"миргъ"@kry	<http://ids.clld.org/values/3-750-518-5>		<http://ids.clld.org/parameters/3-750>		<http://ids.clld.org/values/3-750-293-1>		"pɔ"@ram	
"миргъ"@kry	<http://ids.clld.org/values/3-750-518-5>		<http://ids.clld.org/parameters/3-750>		<http://ids.clld.org/values/3-750-293-3>		"kaarə"@ram	
"пип"@kry	<http://ids.clld.org/values/4-360-518-1>		<http://ids.clld.org/parameters/4-360>		<http://ids.clld.org/values/4-360-293-1>		"ii-kʰõn"@ram	
"хьаьд"@kry	<http://ids.clld.org/values/1-310-518-1>		<http://ids.clld.org/parameters/1-310>		<http://ids.clld.org/values/1-310-293-1>		"ko"@ram	
"хыныб"@kry	<http://ids.clld.org/values/2-320-518-1>		<http://ids.clld.org/parameters/2-320>		<http://ids.clld.org/values/2-320-293-1>		"ĩĩ-prõ"@ram	
"кук"@kry	<http://ids.clld.org/values/8-540-518-1>		<http://ids.clld.org/parameters/8-540>		<http://ids.clld.org/values/8-540-293-1>		"haare"@ram	
"тугъаджу"@kry	<http://ids.clld.org/values/10-610-518-3>		<http://ids.clld.org/parameters/10-610>		<http://ids.clld.org/values/10-610-293-1>		"pə"@ram	
"чIин йе̌джи"@kry	<http://ids.clld.org/values/10-440-518-3>		<http://ids.clld.org/parameters/10-440>		<http://ids.clld.org/values/10-440-293-1>		"hakrun (?)"@ram	
"чІеб"@kry	<http://ids.clld.org/values/15-830-518-1>		<http://ids.clld.org/parameters/15-830>		<http://ids.clld.org/values/15-830-293-1>		"mrɔ̃ (?)"@ram	
"хвар"@kry	<http://ids.clld.org/values/3-610-518-1>		<http://ids.clld.org/parameters/3-610>		<http://ids.clld.org/values/3-610-293-1>		"rɔp"@ram	
"былаьх"@kry	<http://ids.clld.org/values/1-370-518-3>		<http://ids.clld.org/parameters/1-370>		<http://ids.clld.org/values/1-370-293-1>		"kʰwa"@ram	
"сил"@kry	<http://ids.clld.org/values/4-270-518-1>		<http://ids.clld.org/parameters/4-270>		<http://ids.clld.org/values/4-270-293-1>		"ii-c̷wa"@ram	
"хьин"@kry	<http://ids.clld.org/values/8-520-518-1>		<http://ids.clld.org/parameters/8-520>		<http://ids.clld.org/values/8-520-293-1>		"po-"@ram	
"хIаьчІ"@kry	<http://ids.clld.org/values/1-540-518-1>		<http://ids.clld.org/parameters/1-540>		<http://ids.clld.org/values/1-540-293-1>		"kac̷ee-rɛ"@ram	
"вуджу"@kry	<http://ids.clld.org/values/11-210-518-3>		<http://ids.clld.org/parameters/11-210>		<http://ids.clld.org/values/11-210-293-3>		"ŋɔ̃"@ram	
"вуджу"@kry	<http://ids.clld.org/values/11-210-518-3>		<http://ids.clld.org/parameters/11-210>		<http://ids.clld.org/values/11-210-293-1>		"c̷i-"@ram	
"кІыпджи"@kry	<http://ids.clld.org/values/4-580-518-3>		<http://ids.clld.org/parameters/4-580>		<http://ids.clld.org/values/4-580-293-1>		"-ku-c̷a"@ram	
"рук"@kry	<http://ids.clld.org/values/1-410-518-1>		<http://ids.clld.org/parameters/1-410>		<http://ids.clld.org/values/1-410-293-1>		"lam-"@ram	
"маьгІдаь"@kry	<http://ids.clld.org/values/4-460-518-1>		<http://ids.clld.org/parameters/4-460>		<http://ids.clld.org/values/4-460-293-1>		"ii-tu"@ram	
"дар"@kry	<http://ids.clld.org/values/1-430-518-1>		<http://ids.clld.org/parameters/1-430>		<http://ids.clld.org/values/1-430-293-1>		"pĩ"@ram	
