"чил"@kry	<http://ids.clld.org/values/6-760-518-1>		<http://ids.clld.org/parameters/6-760>		<http://ids.clld.org/values/6-760-280-1>		"'kisi"@pcp	
"йокІ"@kry	<http://ids.clld.org/values/9-250-518-1>		<http://ids.clld.org/parameters/9-250>		<http://ids.clld.org/values/9-250-280-1>		"[hača]"@pcp	
"уІаьцІ"@kry	<http://ids.clld.org/values/12-850-518-1>		<http://ids.clld.org/parameters/12-850>		<http://ids.clld.org/values/12-850-280-1>		"'kini"@pcp	
"пампак"@kry	<http://ids.clld.org/values/6-240-518-1>		<http://ids.clld.org/parameters/6-240>		<http://ids.clld.org/values/6-240-280-1>		"waṣ̌'mɨna"@pcp	
"фирми"@kry	<http://ids.clld.org/values/1-830-518-1>		<http://ids.clld.org/parameters/1-830>		<http://ids.clld.org/values/1-830-280-1>		"ko'ʔina"@pcp	
"зын"@kry	<http://ids.clld.org/values/2-910-518-1>		<http://ids.clld.org/parameters/2-910>		<http://ids.clld.org/values/2-910-280-1>		"'ɨa"@pcp	
"гами"@kry	<http://ids.clld.org/values/10-831-518-1>		<http://ids.clld.org/parameters/10-831>		<http://ids.clld.org/values/10-831-280-1>		"'noti"@pcp	
"къадзир"@kry	<http://ids.clld.org/values/3-586-518-1>		<http://ids.clld.org/parameters/3-586>		<http://ids.clld.org/values/3-586-280-1>		"po'iko"@pcp	
"чIагъ"@kry	<http://ids.clld.org/values/3-581-518-3>		<http://ids.clld.org/parameters/3-581>		<http://ids.clld.org/values/3-581-280-1>		"'isko"@pcp	
"гъич"@kry	<http://ids.clld.org/values/4-120-518-1>		<http://ids.clld.org/parameters/4-120>		<http://ids.clld.org/values/4-120-280-1>		"'wiči"@pcp	
"гІакад"@kry	<http://ids.clld.org/values/15-810-518-3>		<http://ids.clld.org/parameters/15-810>		<http://ids.clld.org/values/15-810-280-1>		"'iwɨ"@pcp	
"пальма"@kry	<http://ids.clld.org/values/8-810-518-1>		<http://ids.clld.org/parameters/8-810>		<http://ids.clld.org/values/8-810-280-1>		"'koti"@pcp	
"гІуьл"@kry	<http://ids.clld.org/values/4-210-518-1>		<http://ids.clld.org/parameters/4-210>		<http://ids.clld.org/values/4-210-280-1>		"'wɨřo"@pcp	
"хаьб"@kry	<http://ids.clld.org/values/4-310-518-1>		<http://ids.clld.org/parameters/4-310>		<http://ids.clld.org/values/4-310-280-1>		"po'yana"@pcp	
"дохма"@kry	<http://ids.clld.org/values/7-120-518-3>		<http://ids.clld.org/parameters/7-120>		<http://ids.clld.org/values/7-120-280-1>		"'ṣ̌owo"@pcp	
"улке"@kry	<http://ids.clld.org/values/1-210-518-1>		<http://ids.clld.org/parameters/1-210>		<http://ids.clld.org/values/1-210-280-1>		"'mai"@pcp	
"ирхъаджу"@kry	<http://ids.clld.org/values/15-510-518-3>		<http://ids.clld.org/parameters/15-510>		<http://ids.clld.org/values/15-510-280-1>		"his'pa"@pcp	
"ирхъаджу"@kry	<http://ids.clld.org/values/15-510-518-3>		<http://ids.clld.org/parameters/15-510>		<http://ids.clld.org/values/15-510-280-3>		"'hisna"@pcp	
"кІаьраьпІ"@kry	<http://ids.clld.org/values/4-160-518-1>		<http://ids.clld.org/parameters/4-160>		<http://ids.clld.org/values/4-160-280-1>		"'ṣ̌ao"@pcp	
"кьыл"@kry	<http://ids.clld.org/values/4-200-518-1>		<http://ids.clld.org/parameters/4-200>		<http://ids.clld.org/values/4-200-280-1>		"'mapo"@pcp	
"ныбаь"@kry	<http://ids.clld.org/values/3-580-518-1>		<http://ids.clld.org/parameters/3-580>		<http://ids.clld.org/values/3-580-280-1>		"'naʔa"@pcp	
"даьй"@kry	<http://ids.clld.org/values/2-360-518-1>		<http://ids.clld.org/parameters/2-360>		<http://ids.clld.org/values/2-360-280-1>		"'kai"@pcp	
"аьд"@kry	<http://ids.clld.org/values/2-930-518-1>		<http://ids.clld.org/parameters/2-930>		<http://ids.clld.org/values/2-930-280-1>		"'haa"@pcp	
"курджи"@kry	<http://ids.clld.org/values/9-220-518-5>		<http://ids.clld.org/parameters/9-220>		<http://ids.clld.org/values/9-220-280-1>		"'kɨɨsakia"@pcp	
"дар"@kry	<http://ids.clld.org/values/8-600-518-1>		<http://ids.clld.org/parameters/8-600>		<http://ids.clld.org/values/8-600-280-1>		"'hiwi"@pcp	
"йетІджи"@kry	<http://ids.clld.org/values/9-220-518-1>		<http://ids.clld.org/parameters/9-220>		<http://ids.clld.org/values/9-220-280-1>		"'kɨɨsakia"@pcp	
"джейран"@kry	<http://ids.clld.org/values/3-750-518-3>		<http://ids.clld.org/parameters/3-750>		<http://ids.clld.org/values/3-750-280-1>		"'čaṣ̌o"@pcp	
"йигъ"@kry	<http://ids.clld.org/values/14-410-518-1>		<http://ids.clld.org/parameters/14-410>		<http://ids.clld.org/values/14-410-280-1>		"'waři"@pcp	
"шуьруьк"@kry	<http://ids.clld.org/values/3-550-518-3>		<http://ids.clld.org/parameters/3-550>		<http://ids.clld.org/values/3-550-280-1>		"pati'aři"@pcp	
"итхъаьджи"@kry	<http://ids.clld.org/values/15-510-518-5>		<http://ids.clld.org/parameters/15-510>		<http://ids.clld.org/values/15-510-280-1>		"his'pa"@pcp	
"итхъаьджи"@kry	<http://ids.clld.org/values/15-510-518-5>		<http://ids.clld.org/parameters/15-510>		<http://ids.clld.org/values/15-510-280-3>		"'hisna"@pcp	
"беш"@kry	<http://ids.clld.org/values/8-560-518-1>		<http://ids.clld.org/parameters/8-560>		<http://ids.clld.org/values/8-560-280-1>		"'pɨʔi"@pcp	
"дагъджи каьл"@kry	<http://ids.clld.org/values/3-750-518-1>		<http://ids.clld.org/parameters/3-750>		<http://ids.clld.org/values/3-750-280-1>		"'čaṣ̌o"@pcp	
"лаьхIаь лаьхIкаьн"@kry	<http://ids.clld.org/values/4-450-518-1>		<http://ids.clld.org/parameters/4-450>		<http://ids.clld.org/values/4-450-280-1>		"'taka"@pcp	
"марал"@kry	<http://ids.clld.org/values/3-750-518-7>		<http://ids.clld.org/parameters/3-750>		<http://ids.clld.org/values/3-750-280-1>		"'čaṣ̌o"@pcp	
"мез"@kry	<http://ids.clld.org/values/4-260-518-1>		<http://ids.clld.org/parameters/4-260>		<http://ids.clld.org/values/4-260-280-1>		"'hana"@pcp	
"хІаьшарат"@kry	<http://ids.clld.org/values/3-810-518-1>		<http://ids.clld.org/parameters/3-810>		<http://ids.clld.org/values/3-810-280-1>		"wɨ'oso"@pcp	
"баьй"@kry	<http://ids.clld.org/values/2-350-518-1>		<http://ids.clld.org/parameters/2-350>		<http://ids.clld.org/values/2-350-280-1>		"'ɨpa"@pcp	
"баьй"@kry	<http://ids.clld.org/values/2-350-518-1>		<http://ids.clld.org/parameters/2-350>		<http://ids.clld.org/values/2-350-280-3>		"'ʔɨpa"@pcp	
"вукІаджи"@kry	<http://ids.clld.org/values/15-550-518-1>		<http://ids.clld.org/parameters/15-550>		<http://ids.clld.org/values/15-550-280-1>		"hi-'maki"@pcp	
"къили кьаьн"@kry	<http://ids.clld.org/values/4-370-518-1>		<http://ids.clld.org/parameters/4-370>		<http://ids.clld.org/values/4-370-280-1>		"'taʔɨ"@pcp	
"сумка"@kry	<http://ids.clld.org/values/9-780-518-1>		<http://ids.clld.org/parameters/9-780>		<http://ids.clld.org/values/9-780-280-1>		"'sota"@pcp	
"кІватІин"@kry	<http://ids.clld.org/values/4-208-518-1>		<http://ids.clld.org/parameters/4-208>		<http://ids.clld.org/values/4-208-280-1>		"'tamo"@pcp	
"къил"@kry	<http://ids.clld.org/values/4-350-518-1>		<http://ids.clld.org/parameters/4-350>		<http://ids.clld.org/values/4-350-280-1>		"'wiko"@pcp	
"хаьб"@kry	<http://ids.clld.org/values/4-330-518-1>		<http://ids.clld.org/parameters/4-330>		<http://ids.clld.org/values/4-330-280-1>		"mɨ'kɨna"@pcp	
"хыныб"@kry	<http://ids.clld.org/values/2-220-518-1>		<http://ids.clld.org/parameters/2-220>		<http://ids.clld.org/values/2-220-280-1>		"'yoṣ̌a"@pcp	
"цІаь"@kry	<http://ids.clld.org/values/1-810-518-1>		<http://ids.clld.org/parameters/1-810>		<http://ids.clld.org/values/1-810-280-1>		"'čiʔi"@pcp	
"тІаьгІаьм"@kry	<http://ids.clld.org/values/15-350-518-1>		<http://ids.clld.org/parameters/15-350>		<http://ids.clld.org/values/15-350-280-1>		"tɨ'ɨ"@pcp	
"балыгъ"@kry	<http://ids.clld.org/values/3-650-518-1>		<http://ids.clld.org/parameters/3-650>		<http://ids.clld.org/values/3-650-280-3>		"'woɨ"@pcp	
"балыгъ"@kry	<http://ids.clld.org/values/3-650-518-1>		<http://ids.clld.org/parameters/3-650>		<http://ids.clld.org/values/3-650-280-1>		"sa'nino"@pcp	
"йикІ"@kry	<http://ids.clld.org/values/4-440-518-1>		<http://ids.clld.org/parameters/4-440>		<http://ids.clld.org/values/4-440-280-1>		"howi'ti"@pcp	
"силаь"@kry	<http://ids.clld.org/values/12-560-518-1>		<http://ids.clld.org/parameters/12-560>		<http://ids.clld.org/values/12-560-280-1>		"'mišni"@pcp	
"арх"@kry	<http://ids.clld.org/values/1-360-518-1>		<http://ids.clld.org/parameters/1-360>		<http://ids.clld.org/values/1-360-280-1>		"'ʔani"@pcp	
"арх"@kry	<http://ids.clld.org/values/1-360-518-1>		<http://ids.clld.org/parameters/1-360>		<http://ids.clld.org/values/1-360-280-3>		"'pao"@pcp	
"тІуб"@kry	<http://ids.clld.org/values/3-596-518-1>		<http://ids.clld.org/parameters/3-596>		<http://ids.clld.org/values/3-596-280-1>		"'popo"@pcp	
"кІына"@kry	<http://ids.clld.org/values/1-880-518-1>		<http://ids.clld.org/parameters/1-880>		<http://ids.clld.org/values/1-880-280-1>		"'kařo"@pcp	
"йукъта"@kry	<http://ids.clld.org/values/12-440-518-1>		<http://ids.clld.org/parameters/12-440>		<http://ids.clld.org/values/12-440-280-1>		"nɨ'ama"@pcp	
"фири"@kry	<http://ids.clld.org/values/2-210-518-1>		<http://ids.clld.org/parameters/2-210>		<http://ids.clld.org/values/2-210-280-1>		"'honi"@pcp	
"къуш"@kry	<http://ids.clld.org/values/3-581-518-1>		<http://ids.clld.org/parameters/3-581>		<http://ids.clld.org/values/3-581-280-1>		"'isko"@pcp	
"кІул"@kry	<http://ids.clld.org/values/7-120-518-1>		<http://ids.clld.org/parameters/7-120>		<http://ids.clld.org/values/7-120-280-1>		"'ṣ̌owo"@pcp	
"шимше̌к"@kry	<http://ids.clld.org/values/1-560-518-1>		<http://ids.clld.org/parameters/1-560>		<http://ids.clld.org/values/1-560-280-1>		"'naina"@pcp	
"раьхІаьдж"@kry	<http://ids.clld.org/values/5-550-518-1>		<http://ids.clld.org/parameters/5-550>		<http://ids.clld.org/values/5-550-280-1>		"'moto"@pcp	
"сив"@kry	<http://ids.clld.org/values/4-240-518-1>		<http://ids.clld.org/parameters/4-240>		<http://ids.clld.org/values/4-240-280-1>		"kɨ'wɨči"@pcp	
"ирхъаджи"@kry	<http://ids.clld.org/values/15-510-518-1>		<http://ids.clld.org/parameters/15-510>		<http://ids.clld.org/values/15-510-280-1>		"his'pa"@pcp	
"ирхъаджи"@kry	<http://ids.clld.org/values/15-510-518-1>		<http://ids.clld.org/parameters/15-510>		<http://ids.clld.org/values/15-510-280-3>		"'hisna"@pcp	
"раьхъ"@kry	<http://ids.clld.org/values/1-840-518-1>		<http://ids.clld.org/parameters/1-840>		<http://ids.clld.org/values/1-840-280-1>		"'mišpo"@pcp	
"мейва"@kry	<http://ids.clld.org/values/5-710-518-1>		<http://ids.clld.org/parameters/5-710>		<http://ids.clld.org/values/5-710-280-1>		"'kɨo"@pcp	
"кур"@kry	<http://ids.clld.org/values/1-360-518-3>		<http://ids.clld.org/parameters/1-360>		<http://ids.clld.org/values/1-360-280-1>		"'ʔani"@pcp	
"кур"@kry	<http://ids.clld.org/values/1-360-518-3>		<http://ids.clld.org/parameters/1-360>		<http://ids.clld.org/values/1-360-280-3>		"'pao"@pcp	
"ираьдж"@kry	<http://ids.clld.org/values/4-150-518-1>		<http://ids.clld.org/parameters/4-150>		<http://ids.clld.org/values/4-150-280-1>		"'himi"@pcp	
"кусунтІ"@kry	<http://ids.clld.org/values/5-970-518-1>		<http://ids.clld.org/parameters/5-970>		<http://ids.clld.org/values/5-970-280-1>		"'wači"@pcp	
"кIабал"@kry	<http://ids.clld.org/values/1-730-518-1>		<http://ids.clld.org/parameters/1-730>		<http://ids.clld.org/values/1-730-280-1>		"'c̷ɨmo"@pcp	
"кьвар"@kry	<http://ids.clld.org/values/13-20-518-1>		<http://ids.clld.org/parameters/13-20>		<http://ids.clld.org/values/13-20-280-1>		"ra'wɨ"@pcp	
"зымджи"@kry	<http://ids.clld.org/values/9-360-518-1>		<http://ids.clld.org/parameters/9-360>		<http://ids.clld.org/values/9-360-280-1>		"'aši"@pcp	
"памбак"@kry	<http://ids.clld.org/values/6-240-518-3>		<http://ids.clld.org/parameters/6-240>		<http://ids.clld.org/values/6-240-280-1>		"waṣ̌'mɨna"@pcp	
"джиф"@kry	<http://ids.clld.org/values/1-730-518-5>		<http://ids.clld.org/parameters/1-730>		<http://ids.clld.org/values/1-730-280-1>		"'c̷ɨmo"@pcp	
"гъуьнуь"@kry	<http://ids.clld.org/values/3-823-518-3>		<http://ids.clld.org/parameters/3-823>		<http://ids.clld.org/values/3-823-280-1>		"'wina"@pcp	
"йетІджу"@kry	<http://ids.clld.org/values/9-220-518-3>		<http://ids.clld.org/parameters/9-220>		<http://ids.clld.org/values/9-220-280-1>		"'kɨɨsakia"@pcp	
"чІуьтаьд"@kry	<http://ids.clld.org/values/15-780-518-1>		<http://ids.clld.org/parameters/15-780>		<http://ids.clld.org/values/15-780-280-1>		"'ɨika"@pcp	
"шурук"@kry	<http://ids.clld.org/values/3-550-518-1>		<http://ids.clld.org/parameters/3-550>		<http://ids.clld.org/values/3-550-280-1>		"pati'aři"@pcp	
"чІе̌бидж"@kry	<http://ids.clld.org/values/1-750-518-1>		<http://ids.clld.org/parameters/1-750>		<http://ids.clld.org/values/1-750-280-3>		"ʔo'i"@pcp	
"чІе̌бидж"@kry	<http://ids.clld.org/values/1-750-518-1>		<http://ids.clld.org/parameters/1-750>		<http://ids.clld.org/values/1-750-280-1>		"o'i"@pcp	
"къырмызы"@kry	<http://ids.clld.org/values/15-660-518-1>		<http://ids.clld.org/parameters/15-660>		<http://ids.clld.org/values/15-660-280-1>		"'šini"@pcp	
"зов"@kry	<http://ids.clld.org/values/1-510-518-1>		<http://ids.clld.org/parameters/1-510>		<http://ids.clld.org/values/1-510-280-1>		"na'ipa"@pcp	
"цІу"@kry	<http://ids.clld.org/values/3-832-518-1>		<http://ids.clld.org/parameters/3-832>		<http://ids.clld.org/values/3-832-280-1>		"'wii"@pcp	
"миъел"@kry	<http://ids.clld.org/values/4-230-518-1>		<http://ids.clld.org/parameters/4-230>		<http://ids.clld.org/values/4-230-280-1>		"řɨ'kina"@pcp	
"джири"@kry	<http://ids.clld.org/values/4-142-518-1>		<http://ids.clld.org/parameters/4-142>		<http://ids.clld.org/values/4-142-280-1>		"'kɨni"@pcp	
"мукІатІ"@kry	<http://ids.clld.org/values/9-190-518-1>		<http://ids.clld.org/parameters/9-190>		<http://ids.clld.org/values/9-190-280-1>		"'taška"@pcp	
"йе̌джи"@kry	<http://ids.clld.org/values/9-110-518-1>		<http://ids.clld.org/parameters/9-110>		<http://ids.clld.org/values/9-110-280-1>		"i'wɨ"@pcp	
"лаьзы"@kry	<http://ids.clld.org/values/15-640-518-1>		<http://ids.clld.org/parameters/15-640>		<http://ids.clld.org/values/15-640-280-1>		"'hoṣ̌o"@pcp	
"дар"@kry	<http://ids.clld.org/values/1-420-518-1>		<http://ids.clld.org/parameters/1-420>		<http://ids.clld.org/values/1-420-280-1>		"'hiwi"@pcp	
"былыт"@kry	<http://ids.clld.org/values/1-730-518-3>		<http://ids.clld.org/parameters/1-730>		<http://ids.clld.org/values/1-730-280-1>		"'c̷ɨmo"@pcp	
"кокруз"@kry	<http://ids.clld.org/values/8-470-518-1>		<http://ids.clld.org/parameters/8-470>		<http://ids.clld.org/values/8-470-280-1>		"'ṣ̌ɨki"@pcp	
"чату"@kry	<http://ids.clld.org/values/9-190-518-3>		<http://ids.clld.org/parameters/9-190>		<http://ids.clld.org/values/9-190-280-1>		"'taška"@pcp	
"фири"@kry	<http://ids.clld.org/values/2-310-518-1>		<http://ids.clld.org/parameters/2-310>		<http://ids.clld.org/values/2-310-280-1>		"'wɨnɨ"@pcp	
"чІер"@kry	<http://ids.clld.org/values/4-140-518-1>		<http://ids.clld.org/parameters/4-140>		<http://ids.clld.org/values/4-140-280-1>		"'woo"@pcp	
"лаьзи лаьхIкаьн"@kry	<http://ids.clld.org/values/4-441-518-1>		<http://ids.clld.org/parameters/4-441>		<http://ids.clld.org/values/4-441-280-1>		"'taṣ̌a"@pcp	
"чиче̌к"@kry	<http://ids.clld.org/values/8-570-518-1>		<http://ids.clld.org/parameters/8-570>		<http://ids.clld.org/values/8-570-280-3>		"řeṣ̌'pana"@pcp	
"чиче̌к"@kry	<http://ids.clld.org/values/8-570-518-1>		<http://ids.clld.org/parameters/8-570>		<http://ids.clld.org/values/8-570-280-1>		"'hoa"@pcp	
"гІак"@kry	<http://ids.clld.org/values/15-810-518-1>		<http://ids.clld.org/parameters/15-810>		<http://ids.clld.org/values/15-810-280-1>		"'iwɨ"@pcp	
"ник"@kry	<http://ids.clld.org/values/8-120-518-1>		<http://ids.clld.org/parameters/8-120>		<http://ids.clld.org/values/8-120-280-1>		"'wai"@pcp	
"мичек"@kry	<http://ids.clld.org/values/3-831-518-1>		<http://ids.clld.org/parameters/3-831>		<http://ids.clld.org/values/3-831-280-1>		"'šio"@pcp	
"мичек"@kry	<http://ids.clld.org/values/3-831-518-1>		<http://ids.clld.org/parameters/3-831>		<http://ids.clld.org/values/3-831-280-3>		"'čio"@pcp	
"гІайел"@kry	<http://ids.clld.org/values/2-280-518-1>		<http://ids.clld.org/parameters/2-280>		<http://ids.clld.org/values/2-280-280-1>		"'wakɨ 'pistia"@pcp	
"маьз"@kry	<http://ids.clld.org/values/4-260-518-3>		<http://ids.clld.org/parameters/4-260>		<http://ids.clld.org/values/4-260-280-1>		"'hana"@pcp	
"папугай"@kry	<http://ids.clld.org/values/3-592-518-1>		<http://ids.clld.org/parameters/3-592>		<http://ids.clld.org/values/3-592-280-1>		"'wawa"@pcp	
"суьв"@kry	<http://ids.clld.org/values/4-240-518-3>		<http://ids.clld.org/parameters/4-240>		<http://ids.clld.org/values/4-240-280-1>		"kɨ'wɨči"@pcp	
"вирагъ"@kry	<http://ids.clld.org/values/1-520-518-1>		<http://ids.clld.org/parameters/1-520>		<http://ids.clld.org/values/1-520-280-1>		"'waři"@pcp	
"сибел"@kry	<http://ids.clld.org/values/4-220-518-1>		<http://ids.clld.org/parameters/4-220>		<http://ids.clld.org/values/4-220-280-1>		"'paʔoki"@pcp	
"ваьз"@kry	<http://ids.clld.org/values/1-530-518-1>		<http://ids.clld.org/parameters/1-530>		<http://ids.clld.org/values/1-530-280-1>		"'ʔoṣ̌ɨ"@pcp	
"багъаь"@kry	<http://ids.clld.org/values/3-980-518-1>		<http://ids.clld.org/parameters/3-980>		<http://ids.clld.org/values/3-980-280-1>		"'ṣ̌awɨ"@pcp	
"миргъ"@kry	<http://ids.clld.org/values/3-750-518-5>		<http://ids.clld.org/parameters/3-750>		<http://ids.clld.org/values/3-750-280-1>		"'čaṣ̌o"@pcp	
"хьаьд"@kry	<http://ids.clld.org/values/1-310-518-1>		<http://ids.clld.org/parameters/1-310>		<http://ids.clld.org/values/1-310-280-1>		"'hɨnɨ"@pcp	
"хыныб"@kry	<http://ids.clld.org/values/2-320-518-1>		<http://ids.clld.org/parameters/2-320>		<http://ids.clld.org/values/2-320-280-1>		"ʔa'wini"@pcp	
"кук"@kry	<http://ids.clld.org/values/8-540-518-1>		<http://ids.clld.org/parameters/8-540>		<http://ids.clld.org/values/8-540-280-1>		"ta'pono"@pcp	
"хІуьнуь"@kry	<http://ids.clld.org/values/3-823-518-1>		<http://ids.clld.org/parameters/3-823>		<http://ids.clld.org/values/3-823-280-1>		"'wina"@pcp	
"согъуджи"@kry	<http://ids.clld.org/values/9-270-518-1>		<http://ids.clld.org/parameters/9-270>		<http://ids.clld.org/values/9-270-280-1>		"ma'tošmaki"@pcp	
"сил"@kry	<http://ids.clld.org/values/4-270-518-1>		<http://ids.clld.org/parameters/4-270>		<http://ids.clld.org/values/4-270-280-1>		"'ṣ̌ɨna"@pcp	
"къуб"@kry	<http://ids.clld.org/values/3-950-518-1>		<http://ids.clld.org/parameters/3-950>		<http://ids.clld.org/values/3-950-280-1>		"wɨṣ̌ko"@pcp	
"курджу"@kry	<http://ids.clld.org/values/9-220-518-7>		<http://ids.clld.org/parameters/9-220>		<http://ids.clld.org/values/9-220-280-1>		"'kɨɨsakia"@pcp	
"хIаьчІ"@kry	<http://ids.clld.org/values/1-540-518-1>		<http://ids.clld.org/parameters/1-540>		<http://ids.clld.org/values/1-540-280-1>		"'wištima"@pcp	
"рагьадж"@kry	<http://ids.clld.org/values/5-550-518-3>		<http://ids.clld.org/parameters/5-550>		<http://ids.clld.org/values/5-550-280-1>		"'moto"@pcp	
