"чІув йе̌джи"@kry	<http://ids.clld.org/values/5-160-518-1>		<http://ids.clld.org/parameters/5-160>		<http://ids.clld.org/values/5-160-286-1>		"šok"@pav	
"чІув йе̌джи"@kry	<http://ids.clld.org/values/5-160-518-1>		<http://ids.clld.org/parameters/5-160>		<http://ids.clld.org/values/5-160-286-3>		"šak"@pav	
"фикирджи"@kry	<http://ids.clld.org/values/17-130-518-1>		<http://ids.clld.org/parameters/17-130>		<http://ids.clld.org/values/17-130-286-1>		"koromikat"@pav	
"къум"@kry	<http://ids.clld.org/values/1-215-518-1>		<http://ids.clld.org/parameters/1-215>		<http://ids.clld.org/values/1-215-286-1>		"namayi"@pav	
"себче"@kry	<http://ids.clld.org/values/5-125-518-1>		<http://ids.clld.org/parameters/5-125>		<http://ids.clld.org/values/5-125-286-1>		"šowuru"@pav	
"фирми"@kry	<http://ids.clld.org/values/1-830-518-1>		<http://ids.clld.org/parameters/1-830>		<http://ids.clld.org/values/1-830-286-1>		"tainʔ"@pav	
"хьин"@kry	<http://ids.clld.org/values/8-510-518-1>		<http://ids.clld.org/parameters/8-510>		<http://ids.clld.org/values/8-510-286-1>		"tononoin"@pav	
"зын"@kry	<http://ids.clld.org/values/2-910-518-1>		<http://ids.clld.org/parameters/2-910>		<http://ids.clld.org/values/2-910-286-1>		"wataʔ"@pav	
"саладжи"@kry	<http://ids.clld.org/values/10-250-518-1>		<http://ids.clld.org/parameters/10-250>		<http://ids.clld.org/values/10-250-286-3>		"wišikaoʔ"@pav	
"саладжи"@kry	<http://ids.clld.org/values/10-250-518-1>		<http://ids.clld.org/parameters/10-250>		<http://ids.clld.org/values/10-250-286-1>		"šin"@pav	
"гІухьуржду"@kry	<http://ids.clld.org/values/10-480-518-3>		<http://ids.clld.org/parameters/10-480>		<http://ids.clld.org/values/10-480-286-1>		"makiʔ"@pav	
"рих"@kry	<http://ids.clld.org/values/10-720-518-1>		<http://ids.clld.org/parameters/10-720>		<http://ids.clld.org/values/10-720-286-1>		"wana (wanayišiʔ)"@pav	
"чIагъ"@kry	<http://ids.clld.org/values/3-581-518-3>		<http://ids.clld.org/parameters/3-581>		<http://ids.clld.org/values/3-581-286-1>		"me"@pav	
"лаьхІаь"@kry	<http://ids.clld.org/values/15-650-518-1>		<http://ids.clld.org/parameters/15-650>		<http://ids.clld.org/values/15-650-286-1>		"mišem"@pav	
"гваьдаь"@kry	<http://ids.clld.org/values/12-590-518-1>		<http://ids.clld.org/parameters/12-590>		<http://ids.clld.org/values/12-590-286-1>		"wiyimain"@pav	
"аьхруджу"@kry	<http://ids.clld.org/values/4-610-518-3>		<http://ids.clld.org/parameters/4-610>		<http://ids.clld.org/values/4-610-286-1>		"piʔam"@pav	
"тфуь ваьджи"@kry	<http://ids.clld.org/values/4-560-518-1>		<http://ids.clld.org/parameters/4-560>		<http://ids.clld.org/values/4-560-286-1>		"hupaʔ"@pav	
"гІоцІи"@kry	<http://ids.clld.org/values/13-210-518-1>		<http://ids.clld.org/parameters/13-210>		<http://ids.clld.org/values/13-210-286-5>		"maʔam"@pav	
"гІоцІи"@kry	<http://ids.clld.org/values/13-210-518-1>		<http://ids.clld.org/parameters/13-210>		<http://ids.clld.org/values/13-210-286-3>		"moromoinʔ"@pav	
"гІоцІи"@kry	<http://ids.clld.org/values/13-210-518-1>		<http://ids.clld.org/parameters/13-210>		<http://ids.clld.org/values/13-210-286-1>		"moinʔ"@pav	
"квак"@kry	<http://ids.clld.org/values/4-393-518-1>		<http://ids.clld.org/parameters/4-393>		<http://ids.clld.org/values/4-393-286-1>		"tenenein (šun)"@pav	
"дагъ"@kry	<http://ids.clld.org/values/1-220-518-3>		<http://ids.clld.org/parameters/1-220>		<http://ids.clld.org/values/1-220-286-1>		"pakun"@pav	
"къахІарджи"@kry	<http://ids.clld.org/values/16-260-518-1>		<http://ids.clld.org/parameters/16-260>		<http://ids.clld.org/values/16-260-286-1>		"warayu"@pav	
"аьхырджи"@kry	<http://ids.clld.org/values/4-610-518-1>		<http://ids.clld.org/parameters/4-610>		<http://ids.clld.org/values/4-610-286-1>		"piʔam"@pav	
"гъич"@kry	<http://ids.clld.org/values/4-120-518-1>		<http://ids.clld.org/parameters/4-120>		<http://ids.clld.org/values/4-120-286-1>		"taparišiʔ"@pav	
"аьцІаьр хиджи"@kry	<http://ids.clld.org/values/17-170-518-1>		<http://ids.clld.org/parameters/17-170>		<http://ids.clld.org/values/17-170-286-1>		"tašiʔ"@pav	
"аьцІаьр хиджи"@kry	<http://ids.clld.org/values/17-170-518-1>		<http://ids.clld.org/parameters/17-170>		<http://ids.clld.org/values/17-170-286-3>		"kerek"@pav	
"аьцІаьр хиджи"@kry	<http://ids.clld.org/values/17-170-518-1>		<http://ids.clld.org/parameters/17-170>		<http://ids.clld.org/values/17-170-286-5>		"kerek pinʔ"@pav	
"къопІтІулджу"@kry	<http://ids.clld.org/values/12-150-518-3>		<http://ids.clld.org/parameters/12-150>		<http://ids.clld.org/values/12-150-286-1>		"tekiʔ pe"@pav	
"къопІтІулджу"@kry	<http://ids.clld.org/values/12-150-518-3>		<http://ids.clld.org/parameters/12-150>		<http://ids.clld.org/values/12-150-286-3>		"tekiʔ to"@pav	
"къырхІаджи"@kry	<http://ids.clld.org/values/9-310-518-1>		<http://ids.clld.org/parameters/9-310>		<http://ids.clld.org/values/9-310-286-1>		"šik"@pav	
"тІыр"@kry	<http://ids.clld.org/values/18-280-518-1>		<http://ids.clld.org/parameters/18-280>		<http://ids.clld.org/values/18-280-286-1>		"wišišiʔ (wit)"@pav	
"гІакад"@kry	<http://ids.clld.org/values/15-810-518-3>		<http://ids.clld.org/parameters/15-810>		<http://ids.clld.org/values/15-810-286-3>		"taʔ man"@pav	
"гІакад"@kry	<http://ids.clld.org/values/15-810-518-3>		<http://ids.clld.org/parameters/15-810>		<http://ids.clld.org/values/15-810-286-1>		"šite"@pav	
"гІакад"@kry	<http://ids.clld.org/values/15-810-518-3>		<http://ids.clld.org/parameters/15-810>		<http://ids.clld.org/values/15-810-286-5>		"teʔ man"@pav	
"аьтаьджи"@kry	<http://ids.clld.org/values/9-210-518-1>		<http://ids.clld.org/parameters/9-210>		<http://ids.clld.org/values/9-210-286-1>		"toʔ"@pav	
"иходжи"@kry	<http://ids.clld.org/values/15-410-518-1>		<http://ids.clld.org/parameters/15-410>		<http://ids.clld.org/values/15-410-286-1>		"tarayu"@pav	
"гІуьл"@kry	<http://ids.clld.org/values/4-210-518-1>		<http://ids.clld.org/parameters/4-210>		<http://ids.clld.org/values/4-210-286-1>		"tokošiʔ (tok)"@pav	
"адми"@kry	<http://ids.clld.org/values/2-100-518-1>		<http://ids.clld.org/parameters/2-100>		<http://ids.clld.org/values/2-100-286-1>		"wariʔ"@pav	
"тум"@kry	<http://ids.clld.org/values/8-311-518-1>		<http://ids.clld.org/parameters/8-311>		<http://ids.clld.org/values/8-311-286-1>		"tokwi"@pav	
"улке"@kry	<http://ids.clld.org/values/1-210-518-1>		<http://ids.clld.org/parameters/1-210>		<http://ids.clld.org/values/1-210-286-1>		"makanʔ"@pav	
"чІукІни"@kry	<http://ids.clld.org/values/15-680-518-1>		<http://ids.clld.org/parameters/15-680>		<http://ids.clld.org/values/15-680-286-1>		"tb̃um"@pav	
"ирхъаджу"@kry	<http://ids.clld.org/values/15-510-518-3>		<http://ids.clld.org/parameters/15-510>		<http://ids.clld.org/values/15-510-286-1>		"kerek"@pav	
"кІаьраьпІ"@kry	<http://ids.clld.org/values/4-160-518-1>		<http://ids.clld.org/parameters/4-160>		<http://ids.clld.org/values/4-160-286-1>		"arašiʔ (at)"@pav	
"цІари"@kry	<http://ids.clld.org/values/15-690-518-1>		<http://ids.clld.org/parameters/15-690>		<http://ids.clld.org/values/15-690-286-1>		"košik"@pav	
"дже̌ндаьк"@kry	<http://ids.clld.org/values/4-130-518-1>		<http://ids.clld.org/parameters/4-130>		<http://ids.clld.org/values/4-130-286-1>		"kwerešiʔ"@pav	
"кьыл"@kry	<http://ids.clld.org/values/4-200-518-1>		<http://ids.clld.org/parameters/4-200>		<http://ids.clld.org/values/4-200-286-1>		"winašiʔ (wayiʔ)"@pav	
"хор"@kry	<http://ids.clld.org/values/3-610-518-3>		<http://ids.clld.org/parameters/3-610>		<http://ids.clld.org/values/3-610-286-1>		"oromiyak"@pav	
"даьй"@kry	<http://ids.clld.org/values/2-360-518-1>		<http://ids.clld.org/parameters/2-360>		<http://ids.clld.org/values/2-360-286-1>		"naʔ"@pav	
"къухиджи"@kry	<http://ids.clld.org/values/10-320-518-1>		<http://ids.clld.org/parameters/10-320>		<http://ids.clld.org/values/10-320-286-3>		"weweweo"@pav	
"къухиджи"@kry	<http://ids.clld.org/values/10-320-518-1>		<http://ids.clld.org/parameters/10-320>		<http://ids.clld.org/values/10-320-286-1>		"weo"@pav	
"гІаькаьджу"@kry	<http://ids.clld.org/values/10-670-518-3>		<http://ids.clld.org/parameters/10-670>		<http://ids.clld.org/values/10-670-286-1>		"yök"@pav	
"догъри"@kry	<http://ids.clld.org/values/16-730-518-1>		<http://ids.clld.org/parameters/16-730>		<http://ids.clld.org/values/16-730-286-1>		"šoʔ"@pav	
"аьд"@kry	<http://ids.clld.org/values/2-930-518-1>		<http://ids.clld.org/parameters/2-930>		<http://ids.clld.org/values/2-930-286-1>		"ko maʔ"@pav	
"хъурджи"@kry	<http://ids.clld.org/values/16-250-518-1>		<http://ids.clld.org/parameters/16-250>		<http://ids.clld.org/values/16-250-286-1>		"tatamʔ"@pav	
"хъурджи"@kry	<http://ids.clld.org/values/16-250-518-1>		<http://ids.clld.org/parameters/16-250>		<http://ids.clld.org/values/16-250-286-3>		"katamʔ"@pav	
"дирибаш"@kry	<http://ids.clld.org/values/4-740-518-3>		<http://ids.clld.org/parameters/4-740>		<http://ids.clld.org/values/4-740-286-1>		"eʔ"@pav	
"гІайел"@kry	<http://ids.clld.org/values/2-270-518-1>		<http://ids.clld.org/parameters/2-270>		<http://ids.clld.org/values/2-270-286-1>		"piyeʔ"@pav	
"меше"@kry	<http://ids.clld.org/values/1-410-518-3>		<http://ids.clld.org/parameters/1-410>		<http://ids.clld.org/values/1-410-286-1>		"nahwarak"@pav	
"курджи"@kry	<http://ids.clld.org/values/9-220-518-5>		<http://ids.clld.org/parameters/9-220>		<http://ids.clld.org/values/9-220-286-7>		"nakarkamʔ"@pav	
"курджи"@kry	<http://ids.clld.org/values/9-220-518-5>		<http://ids.clld.org/parameters/9-220>		<http://ids.clld.org/values/9-220-286-3>		"wawak"@pav	
"курджи"@kry	<http://ids.clld.org/values/9-220-518-5>		<http://ids.clld.org/parameters/9-220>		<http://ids.clld.org/values/9-220-286-9>		"ta"@pav	
"курджи"@kry	<http://ids.clld.org/values/9-220-518-5>		<http://ids.clld.org/parameters/9-220>		<http://ids.clld.org/values/9-220-286-5>		"nakamʔ"@pav	
"курджи"@kry	<http://ids.clld.org/values/9-220-518-5>		<http://ids.clld.org/parameters/9-220>		<http://ids.clld.org/values/9-220-286-1>		"wak"@pav	
"дар"@kry	<http://ids.clld.org/values/8-600-518-1>		<http://ids.clld.org/parameters/8-600>		<http://ids.clld.org/values/8-600-286-1>		"pana"@pav	
"йетІджи"@kry	<http://ids.clld.org/values/9-220-518-1>		<http://ids.clld.org/parameters/9-220>		<http://ids.clld.org/values/9-220-286-7>		"nakarkamʔ"@pav	
"йетІджи"@kry	<http://ids.clld.org/values/9-220-518-1>		<http://ids.clld.org/parameters/9-220>		<http://ids.clld.org/values/9-220-286-3>		"wawak"@pav	
"йетІджи"@kry	<http://ids.clld.org/values/9-220-518-1>		<http://ids.clld.org/parameters/9-220>		<http://ids.clld.org/values/9-220-286-9>		"ta"@pav	
"йетІджи"@kry	<http://ids.clld.org/values/9-220-518-1>		<http://ids.clld.org/parameters/9-220>		<http://ids.clld.org/values/9-220-286-5>		"nakamʔ"@pav	
"йетІджи"@kry	<http://ids.clld.org/values/9-220-518-1>		<http://ids.clld.org/parameters/9-220>		<http://ids.clld.org/values/9-220-286-1>		"wak"@pav	
"кулак"@kry	<http://ids.clld.org/values/1-720-518-1>		<http://ids.clld.org/parameters/1-720>		<http://ids.clld.org/values/1-720-286-1>		"hotowa"@pav	
"маш"@kry	<http://ids.clld.org/values/12-610-518-1>		<http://ids.clld.org/parameters/12-610>		<http://ids.clld.org/values/12-610-286-1>		"kote ne kimain"@pav	
"кьус"@kry	<http://ids.clld.org/values/14-150-518-3>		<http://ids.clld.org/parameters/14-150>		<http://ids.clld.org/values/14-150-286-1>		"maraʔ"@pav	
"кьус"@kry	<http://ids.clld.org/values/14-150-518-3>		<http://ids.clld.org/parameters/14-150>		<http://ids.clld.org/values/14-150-286-3>		"horon"@pav	
"кьыл"@kry	<http://ids.clld.org/values/12-650-518-1>		<http://ids.clld.org/parameters/12-650>		<http://ids.clld.org/values/12-650-286-1>		"šašiʔ"@pav	
"кьайыджи"@kry	<http://ids.clld.org/values/4-760-518-1>		<http://ids.clld.org/parameters/4-760>		<http://ids.clld.org/values/4-760-286-1>		"paʔ"@pav	
"дагьар"@kry	<http://ids.clld.org/values/1-440-518-3>		<http://ids.clld.org/parameters/1-440>		<http://ids.clld.org/values/1-440-286-1>		"pakun"@pav	
"вун"@kry	<http://ids.clld.org/values/2-920-518-1>		<http://ids.clld.org/parameters/2-920>		<http://ids.clld.org/values/2-920-286-1>		"wum"@pav	
"ухаджи"@kry	<http://ids.clld.org/values/18-210-518-3>		<http://ids.clld.org/parameters/18-210>		<http://ids.clld.org/values/18-210-286-1>		"tomiʔ"@pav	
"йетІджи"@kry	<http://ids.clld.org/values/9-223-518-1>		<http://ids.clld.org/parameters/9-223>		<http://ids.clld.org/values/9-223-286-1>		"šukunʔ"@pav	
"саладжу"@kry	<http://ids.clld.org/values/10-250-518-3>		<http://ids.clld.org/parameters/10-250>		<http://ids.clld.org/values/10-250-286-3>		"wišikaoʔ"@pav	
"саладжу"@kry	<http://ids.clld.org/values/10-250-518-3>		<http://ids.clld.org/parameters/10-250>		<http://ids.clld.org/values/10-250-286-1>		"šin"@pav	
"йигъ"@kry	<http://ids.clld.org/values/14-410-518-1>		<http://ids.clld.org/parameters/14-410>		<http://ids.clld.org/values/14-410-286-1>		"šek"@pav	
"маьъ"@kry	<http://ids.clld.org/values/5-791-518-1>		<http://ids.clld.org/parameters/5-791>		<http://ids.clld.org/values/5-791-286-1>		"homain"@pav	
"итхъаьджи"@kry	<http://ids.clld.org/values/15-510-518-5>		<http://ids.clld.org/parameters/15-510>		<http://ids.clld.org/values/15-510-286-1>		"kerek"@pav	
"къытхІаьджи"@kry	<http://ids.clld.org/values/5-480-518-1>		<http://ids.clld.org/parameters/5-480>		<http://ids.clld.org/values/5-480-286-1>		"kuruk"@pav	
"кІоьпІ"@kry	<http://ids.clld.org/values/12-630-518-1>		<http://ids.clld.org/parameters/12-630>		<http://ids.clld.org/values/12-630-286-1>		"kwere"@pav	
"кІвапІад"@kry	<http://ids.clld.org/values/12-630-518-3>		<http://ids.clld.org/parameters/12-630>		<http://ids.clld.org/values/12-630-286-1>		"kwere"@pav	
"чирклу"@kry	<http://ids.clld.org/values/15-880-518-3>		<http://ids.clld.org/parameters/15-880>		<http://ids.clld.org/values/15-880-286-1>		"mišem"@pav	
"гардан"@kry	<http://ids.clld.org/values/4-280-518-1>		<http://ids.clld.org/parameters/4-280>		<http://ids.clld.org/values/4-280-286-1>		"paramašiʔ"@pav	
"дырнах"@kry	<http://ids.clld.org/values/4-345-518-1>		<http://ids.clld.org/parameters/4-345>		<http://ids.clld.org/values/4-345-286-1>		"šikinain"@pav	
"гІаладжи"@kry	<http://ids.clld.org/values/9-330-518-1>		<http://ids.clld.org/parameters/9-330>		<http://ids.clld.org/values/9-330-286-1>		"kök"@pav	
"беш"@kry	<http://ids.clld.org/values/8-560-518-1>		<http://ids.clld.org/parameters/8-560>		<http://ids.clld.org/values/8-560-286-1>		"tenenein"@pav	
"гІиниб"@kry	<http://ids.clld.org/values/4-461-518-1>		<http://ids.clld.org/parameters/4-461>		<http://ids.clld.org/values/4-461-286-1>		"monošiʔ (mon)"@pav	
"гоьл"@kry	<http://ids.clld.org/values/1-330-518-1>		<http://ids.clld.org/parameters/1-330>		<http://ids.clld.org/values/1-330-286-1>		"šuteremʔ"@pav	
"худ"@kry	<http://ids.clld.org/values/1-440-518-1>		<http://ids.clld.org/parameters/1-440>		<http://ids.clld.org/values/1-440-286-1>		"pakun"@pav	
"цукьулджи"@kry	<http://ids.clld.org/values/12-140-518-1>		<http://ids.clld.org/parameters/12-140>		<http://ids.clld.org/values/12-140-286-1>		"teremʔ"@pav	
"цукьулджи"@kry	<http://ids.clld.org/values/12-140-518-1>		<http://ids.clld.org/parameters/12-140>		<http://ids.clld.org/values/12-140-286-3>		"tokoʔ"@pav	
"къырджу"@kry	<http://ids.clld.org/values/5-130-518-1>		<http://ids.clld.org/parameters/5-130>		<http://ids.clld.org/values/5-130-286-1>		"tok"@pav	
"къырджу"@kry	<http://ids.clld.org/values/5-130-518-1>		<http://ids.clld.org/parameters/5-130>		<http://ids.clld.org/values/5-130-286-3>		"tototok"@pav	
"миг̌ил"@kry	<http://ids.clld.org/values/2-230-518-1>		<http://ids.clld.org/parameters/2-230>		<http://ids.clld.org/values/2-230-286-1>		"taramaʔ"@pav	
"ругъаьджу"@kry	<http://ids.clld.org/values/6-350-518-1>		<http://ids.clld.org/parameters/6-350>		<http://ids.clld.org/values/6-350-286-1>		"ok"@pav	
"лаьхIаь лаьхIкаьн"@kry	<http://ids.clld.org/values/4-450-518-1>		<http://ids.clld.org/parameters/4-450>		<http://ids.clld.org/values/4-450-286-1>		"tarawanašiʔ (tarawan)"@pav	
"гІакьылджу"@kry	<http://ids.clld.org/values/10-230-518-3>		<http://ids.clld.org/parameters/10-230>		<http://ids.clld.org/values/10-230-286-3>		"kamaraʔ"@pav	
"гІакьылджу"@kry	<http://ids.clld.org/values/10-230-518-3>		<http://ids.clld.org/parameters/10-230>		<http://ids.clld.org/values/10-230-286-1>		"panʔ"@pav	
"кье̌л"@kry	<http://ids.clld.org/values/5-810-518-1>		<http://ids.clld.org/parameters/5-810>		<http://ids.clld.org/values/5-810-286-1>		"[sal]"@pav	
"негІ йе̌джи"@kry	<http://ids.clld.org/values/15-210-518-1>		<http://ids.clld.org/parameters/15-210>		<http://ids.clld.org/values/15-210-286-3>		"hu"@pav	
"негІ йе̌джи"@kry	<http://ids.clld.org/values/15-210-518-1>		<http://ids.clld.org/parameters/15-210>		<http://ids.clld.org/values/15-210-286-1>		"nak"@pav	
"мез"@kry	<http://ids.clld.org/values/4-260-518-1>		<http://ids.clld.org/parameters/4-260>		<http://ids.clld.org/values/4-260-286-1>		"petehwet nešiʔ (petehwet)"@pav	
"къаьлкьунджи"@kry	<http://ids.clld.org/values/10-370-518-1>		<http://ids.clld.org/parameters/10-370>		<http://ids.clld.org/values/10-370-286-3>		"toin"@pav	
"къаьлкьунджи"@kry	<http://ids.clld.org/values/10-370-518-1>		<http://ids.clld.org/parameters/10-370>		<http://ids.clld.org/values/10-370-286-1>		"takiʔ"@pav	
"йе̌к"@kry	<http://ids.clld.org/values/5-610-518-1>		<http://ids.clld.org/parameters/5-610>		<http://ids.clld.org/values/5-610-286-1>		"karawa (karamayišiʔ)"@pav	
"баьй"@kry	<http://ids.clld.org/values/2-350-518-1>		<http://ids.clld.org/parameters/2-350>		<http://ids.clld.org/values/2-350-286-1>		"te"@pav	
"липджи"@kry	<http://ids.clld.org/values/18-210-518-1>		<http://ids.clld.org/parameters/18-210>		<http://ids.clld.org/values/18-210-286-1>		"tomiʔ"@pav	
"чІихъайе̌джи"@kry	<http://ids.clld.org/values/9-343-518-1>		<http://ids.clld.org/parameters/9-343>		<http://ids.clld.org/values/9-343-286-1>		"humʔ"@pav	
"гІайхьурджу"@kry	<http://ids.clld.org/values/11-310-518-3>		<http://ids.clld.org/parameters/11-310>		<http://ids.clld.org/values/11-310-286-1>		"noro"@pav	
"къили кьаьн"@kry	<http://ids.clld.org/values/4-370-518-1>		<http://ids.clld.org/parameters/4-370>		<http://ids.clld.org/values/4-370-286-1>		"kašimašiʔ (kašim)"@pav	
"аьнджибар"@kry	<http://ids.clld.org/values/2-960-518-1>		<http://ids.clld.org/parameters/2-960>		<http://ids.clld.org/values/2-960-286-1>		"karam maʔ"@pav	
"йупІтІулджи"@kry	<http://ids.clld.org/values/9-160-518-1>		<http://ids.clld.org/parameters/9-160>		<http://ids.clld.org/values/9-160-286-1>		"tuku"@pav	
"кьаьйджи"@kry	<http://ids.clld.org/values/4-750-518-3>		<http://ids.clld.org/parameters/4-750>		<http://ids.clld.org/values/4-750-286-3>		"konoʔ"@pav	
"кьаьйджи"@kry	<http://ids.clld.org/values/4-750-518-3>		<http://ids.clld.org/parameters/4-750>		<http://ids.clld.org/values/4-750-286-1>		"miʔ pin"@pav	
"сахъаджи"@kry	<http://ids.clld.org/values/13-107-518-3>		<http://ids.clld.org/parameters/13-107>		<http://ids.clld.org/values/13-107-286-1>		"piyimʔ"@pav	
"лиш"@kry	<http://ids.clld.org/values/3-811-518-1>		<http://ids.clld.org/parameters/3-811>		<http://ids.clld.org/values/3-811-286-1>		"ioʔ"@pav	
"гъалаьдад"@kry	<http://ids.clld.org/values/16-720-518-1>		<http://ids.clld.org/parameters/16-720>		<http://ids.clld.org/values/16-720-286-1>		"kayi"@pav	
"къил"@kry	<http://ids.clld.org/values/4-350-518-1>		<http://ids.clld.org/parameters/4-350>		<http://ids.clld.org/values/4-350-286-1>		"pišiyašiʔ"@pav	
"къил"@kry	<http://ids.clld.org/values/4-350-518-1>		<http://ids.clld.org/parameters/4-350>		<http://ids.clld.org/values/4-350-286-3>		"kokošiʔ"@pav	
"сагъай"@kry	<http://ids.clld.org/values/15-860-518-1>		<http://ids.clld.org/parameters/15-860>		<http://ids.clld.org/values/15-860-286-1>		"šio"@pav	
"сагъай"@kry	<http://ids.clld.org/values/15-860-518-1>		<http://ids.clld.org/parameters/15-860>		<http://ids.clld.org/values/15-860-286-3>		"kapinʔ"@pav	
"кІыпджу"@kry	<http://ids.clld.org/values/4-580-518-1>		<http://ids.clld.org/parameters/4-580>		<http://ids.clld.org/values/4-580-286-1>		"kio"@pav	
"хаьб"@kry	<http://ids.clld.org/values/4-330-518-1>		<http://ids.clld.org/parameters/4-330>		<http://ids.clld.org/values/4-330-286-1>		"mišiʔ"@pav	
"хаьб"@kry	<http://ids.clld.org/values/4-330-518-1>		<http://ids.clld.org/parameters/4-330>		<http://ids.clld.org/values/4-330-286-3>		"(umʔ)"@pav	
"тІаьб"@kry	<http://ids.clld.org/values/12-410-518-1>		<http://ids.clld.org/parameters/12-410>		<http://ids.clld.org/values/12-410-286-1>		"irikwerešiʔ"@pav	
"хыныб"@kry	<http://ids.clld.org/values/2-220-518-1>		<http://ids.clld.org/parameters/2-220>		<http://ids.clld.org/values/2-220-286-1>		"narimaʔ"@pav	
"лицI"@kry	<http://ids.clld.org/values/14-150-518-1>		<http://ids.clld.org/parameters/14-150>		<http://ids.clld.org/values/14-150-286-1>		"maraʔ"@pav	
"лицI"@kry	<http://ids.clld.org/values/14-150-518-1>		<http://ids.clld.org/parameters/14-150>		<http://ids.clld.org/values/14-150-286-3>		"horon"@pav	
"гІумуьр"@kry	<http://ids.clld.org/values/4-740-518-1>		<http://ids.clld.org/parameters/4-740>		<http://ids.clld.org/values/4-740-286-1>		"eʔ"@pav	
"ихъирджи"@kry	<http://ids.clld.org/values/11-150-518-1>		<http://ids.clld.org/parameters/11-150>		<http://ids.clld.org/values/11-150-286-1>		"kep"@pav	
"гІахти"@kry	<http://ids.clld.org/values/12-570-518-1>		<http://ids.clld.org/parameters/12-570>		<http://ids.clld.org/values/12-570-286-1>		"matam"@pav	
"цІаь"@kry	<http://ids.clld.org/values/1-810-518-1>		<http://ids.clld.org/parameters/1-810>		<http://ids.clld.org/values/1-810-286-1>		"še"@pav	
"гІацІад"@kry	<http://ids.clld.org/values/13-210-518-3>		<http://ids.clld.org/parameters/13-210>		<http://ids.clld.org/values/13-210-286-5>		"maʔam"@pav	
"гІацІад"@kry	<http://ids.clld.org/values/13-210-518-3>		<http://ids.clld.org/parameters/13-210>		<http://ids.clld.org/values/13-210-286-3>		"moromoinʔ"@pav	
"гІацІад"@kry	<http://ids.clld.org/values/13-210-518-3>		<http://ids.clld.org/parameters/13-210>		<http://ids.clld.org/values/13-210-286-1>		"moinʔ"@pav	
"къаьнаьт"@kry	<http://ids.clld.org/values/4-392-518-1>		<http://ids.clld.org/parameters/4-392>		<http://ids.clld.org/values/4-392-286-1>		"tapaši"@pav	
"балыгъ"@kry	<http://ids.clld.org/values/3-650-518-1>		<http://ids.clld.org/parameters/3-650>		<http://ids.clld.org/values/3-650-286-1>		"hwam (hwamišiʔ)"@pav	
"саьгІаь"@kry	<http://ids.clld.org/values/15-840-518-3>		<http://ids.clld.org/parameters/15-840>		<http://ids.clld.org/values/15-840-286-1>		"kawainʔ"@pav	
"гІулджу"@kry	<http://ids.clld.org/values/5-110-518-3>		<http://ids.clld.org/parameters/5-110>		<http://ids.clld.org/values/5-110-286-1>		"kaoʔ"@pav	
"гІулджу"@kry	<http://ids.clld.org/values/5-110-518-3>		<http://ids.clld.org/parameters/5-110>		<http://ids.clld.org/values/5-110-286-3>		"kakakaoʔ"@pav	
"йикІ"@kry	<http://ids.clld.org/values/4-440-518-1>		<http://ids.clld.org/parameters/4-440>		<http://ids.clld.org/values/4-440-286-1>		"šimišiʔ (šim)"@pav	
"кьаьйджу"@kry	<http://ids.clld.org/values/4-750-518-1>		<http://ids.clld.org/parameters/4-750>		<http://ids.clld.org/values/4-750-286-3>		"konoʔ"@pav	
"кьаьйджу"@kry	<http://ids.clld.org/values/4-750-518-1>		<http://ids.clld.org/parameters/4-750>		<http://ids.clld.org/values/4-750-286-1>		"miʔ pin"@pav	
"силаь"@kry	<http://ids.clld.org/values/12-560-518-1>		<http://ids.clld.org/parameters/12-560>		<http://ids.clld.org/values/12-560-286-1>		"wiyimain"@pav	
"мык"@kry	<http://ids.clld.org/values/1-770-518-1>		<http://ids.clld.org/parameters/1-770>		<http://ids.clld.org/values/1-770-286-1>		"šio šio"@pav	
"хъурджу"@kry	<http://ids.clld.org/values/16-250-518-3>		<http://ids.clld.org/parameters/16-250>		<http://ids.clld.org/values/16-250-286-1>		"tatamʔ"@pav	
"хъурджу"@kry	<http://ids.clld.org/values/16-250-518-3>		<http://ids.clld.org/parameters/16-250>		<http://ids.clld.org/values/16-250-286-3>		"katamʔ"@pav	
"гьава"@kry	<http://ids.clld.org/values/4-510-518-1>		<http://ids.clld.org/parameters/4-510>		<http://ids.clld.org/values/4-510-286-1>		"wereme"@pav	
"уджаджу"@kry	<http://ids.clld.org/values/1-851-518-1>		<http://ids.clld.org/parameters/1-851>		<http://ids.clld.org/values/1-851-286-3>		"wiran"@pav	
"уджаджу"@kry	<http://ids.clld.org/values/1-851-518-1>		<http://ids.clld.org/parameters/1-851>		<http://ids.clld.org/values/1-851-286-1>		"tom"@pav	
"уджаджу"@kry	<http://ids.clld.org/values/1-851-518-1>		<http://ids.clld.org/parameters/1-851>		<http://ids.clld.org/values/1-851-286-5>		"karahoʔ"@pav	
"гІил"@kry	<http://ids.clld.org/values/1-320-518-1>		<http://ids.clld.org/parameters/1-320>		<http://ids.clld.org/values/1-320-286-1>		"kote ne kom"@pav	
"г̌ыр"@kry	<http://ids.clld.org/values/15-851-518-1>		<http://ids.clld.org/parameters/15-851>		<http://ids.clld.org/values/15-851-286-3>		"nonoe"@pav	
"г̌ыр"@kry	<http://ids.clld.org/values/15-851-518-1>		<http://ids.clld.org/parameters/15-851>		<http://ids.clld.org/values/15-851-286-1>		"šain"@pav	
"тегьенг"@kry	<http://ids.clld.org/values/8-670-518-1>		<http://ids.clld.org/parameters/8-670>		<http://ids.clld.org/values/8-670-286-1>		"makon (makorišiʔ)"@pav	
"арх"@kry	<http://ids.clld.org/values/1-360-518-1>		<http://ids.clld.org/parameters/1-360>		<http://ids.clld.org/values/1-360-286-1>		"kom"@pav	
"цІийаь"@kry	<http://ids.clld.org/values/14-130-518-1>		<http://ids.clld.org/parameters/14-130>		<http://ids.clld.org/values/14-130-286-1>		"šokori"@pav	
"руг"@kry	<http://ids.clld.org/values/1-213-518-1>		<http://ids.clld.org/parameters/1-213>		<http://ids.clld.org/values/1-213-286-1>		"tainʔ"@pav	
"гІамавар"@kry	<http://ids.clld.org/values/15-770-518-1>		<http://ids.clld.org/parameters/15-770>		<http://ids.clld.org/values/15-770-286-1>		"topišik"@pav	
"тІутІхурджи"@kry	<http://ids.clld.org/values/8-220-518-1>		<http://ids.clld.org/parameters/8-220>		<http://ids.clld.org/values/8-220-286-1>		"še"@pav	
"тІутІхурджи"@kry	<http://ids.clld.org/values/8-220-518-1>		<http://ids.clld.org/parameters/8-220>		<http://ids.clld.org/values/8-220-286-3>		"šikeʔ"@pav	
"йукъта"@kry	<http://ids.clld.org/values/12-440-518-1>		<http://ids.clld.org/parameters/12-440>		<http://ids.clld.org/values/12-440-286-1>		"pira"@pav	
"ихаьйджи"@kry	<http://ids.clld.org/values/15-410-518-3>		<http://ids.clld.org/parameters/15-410>		<http://ids.clld.org/values/15-410-286-1>		"tarayu"@pav	
"фири"@kry	<http://ids.clld.org/values/2-210-518-1>		<http://ids.clld.org/parameters/2-210>		<http://ids.clld.org/values/2-210-286-1>		"taramaʔ"@pav	
"къуш"@kry	<http://ids.clld.org/values/3-581-518-1>		<http://ids.clld.org/parameters/3-581>		<http://ids.clld.org/values/3-581-286-1>		"me"@pav	
"сылаьхъаь"@kry	<http://ids.clld.org/values/12-420-518-1>		<http://ids.clld.org/parameters/12-420>		<http://ids.clld.org/values/12-420-286-1>		"parayišiʔ"@pav	
"туз"@kry	<http://ids.clld.org/values/1-213-518-3>		<http://ids.clld.org/parameters/1-213>		<http://ids.clld.org/values/1-213-286-1>		"tainʔ"@pav	
"йетІджу"@kry	<http://ids.clld.org/values/9-223-518-3>		<http://ids.clld.org/parameters/9-223>		<http://ids.clld.org/values/9-223-286-1>		"šukunʔ"@pav	
"сив"@kry	<http://ids.clld.org/values/4-240-518-1>		<http://ids.clld.org/parameters/4-240>		<http://ids.clld.org/values/4-240-286-1>		"kapiyašiʔ (topak)"@pav	
"ирхъаджи"@kry	<http://ids.clld.org/values/15-510-518-1>		<http://ids.clld.org/parameters/15-510>		<http://ids.clld.org/values/15-510-286-1>		"kerek"@pav	
"саьн"@kry	<http://ids.clld.org/values/14-730-518-1>		<http://ids.clld.org/parameters/14-730>		<http://ids.clld.org/values/14-730-286-1>		"kawašiʔ"@pav	
"махар"@kry	<http://ids.clld.org/values/4-410-518-1>		<http://ids.clld.org/parameters/4-410>		<http://ids.clld.org/values/4-410-286-1>		"karašišiʔ (katat)"@pav	
"гІухьурджи"@kry	<http://ids.clld.org/values/10-480-518-1>		<http://ids.clld.org/parameters/10-480>		<http://ids.clld.org/values/10-480-286-1>		"makiʔ"@pav	
"раьхъ"@kry	<http://ids.clld.org/values/1-840-518-1>		<http://ids.clld.org/parameters/1-840>		<http://ids.clld.org/values/1-840-286-1>		"topakon"@pav	
"аьскъунджи"@kry	<http://ids.clld.org/values/12-130-518-1>		<http://ids.clld.org/parameters/12-130>		<http://ids.clld.org/values/12-130-286-1>		"šaoʔ pe"@pav	
"аьскъунджи"@kry	<http://ids.clld.org/values/12-130-518-1>		<http://ids.clld.org/parameters/12-130>		<http://ids.clld.org/values/12-130-286-3>		"šaoʔ to"@pav	
"мейва"@kry	<http://ids.clld.org/values/5-710-518-1>		<http://ids.clld.org/parameters/5-710>		<http://ids.clld.org/values/5-710-286-3>		"winain"@pav	
"мейва"@kry	<http://ids.clld.org/values/5-710-518-1>		<http://ids.clld.org/parameters/5-710>		<http://ids.clld.org/values/5-710-286-1>		"memem"@pav	
"вин"@kry	<http://ids.clld.org/values/2-950-518-1>		<http://ids.clld.org/parameters/2-950>		<http://ids.clld.org/values/2-950-286-1>		"wahuʔ"@pav	
"кур"@kry	<http://ids.clld.org/values/1-360-518-3>		<http://ids.clld.org/parameters/1-360>		<http://ids.clld.org/values/1-360-286-1>		"kom"@pav	
"силаьй"@kry	<http://ids.clld.org/values/13-170-518-1>		<http://ids.clld.org/parameters/13-170>		<http://ids.clld.org/values/13-170-286-1>		"parek"@pav	
"йиф"@kry	<http://ids.clld.org/values/14-420-518-1>		<http://ids.clld.org/parameters/14-420>		<http://ids.clld.org/values/14-420-286-1>		"šim"@pav	
"ираьдж"@kry	<http://ids.clld.org/values/4-150-518-1>		<http://ids.clld.org/parameters/4-150>		<http://ids.clld.org/values/4-150-286-1>		"kišiʔ (wik)"@pav	
"зов"@kry	<http://ids.clld.org/values/1-740-518-1>		<http://ids.clld.org/parameters/1-740>		<http://ids.clld.org/values/1-740-286-1>		"murukukuʔ"@pav	
"кусунтІ"@kry	<http://ids.clld.org/values/5-970-518-1>		<http://ids.clld.org/parameters/5-970>		<http://ids.clld.org/values/5-970-286-1>		"arayein"@pav	
"кIабал"@kry	<http://ids.clld.org/values/1-730-518-1>		<http://ids.clld.org/parameters/1-730>		<http://ids.clld.org/values/1-730-286-1>		"tayain nanawin"@pav	
"кьвар"@kry	<http://ids.clld.org/values/13-20-518-1>		<http://ids.clld.org/parameters/13-20>		<http://ids.clld.org/values/13-20-286-1>		"tuku karakan"@pav	
"аьскьунджу"@kry	<http://ids.clld.org/values/12-130-518-3>		<http://ids.clld.org/parameters/12-130>		<http://ids.clld.org/values/12-130-286-1>		"šaoʔ pe"@pav	
"аьскьунджу"@kry	<http://ids.clld.org/values/12-130-518-3>		<http://ids.clld.org/parameters/12-130>		<http://ids.clld.org/values/12-130-286-3>		"šaoʔ to"@pav	
"ухаджу"@kry	<http://ids.clld.org/values/18-210-518-5>		<http://ids.clld.org/parameters/18-210>		<http://ids.clld.org/values/18-210-286-1>		"tomiʔ"@pav	
"зымджи"@kry	<http://ids.clld.org/values/9-360-518-1>		<http://ids.clld.org/parameters/9-360>		<http://ids.clld.org/values/9-360-286-3>		"toʔ"@pav	
"зымджи"@kry	<http://ids.clld.org/values/9-360-518-1>		<http://ids.clld.org/parameters/9-360>		<http://ids.clld.org/values/9-360-286-1>		"hohok"@pav	
"джиф"@kry	<http://ids.clld.org/values/1-730-518-5>		<http://ids.clld.org/parameters/1-730>		<http://ids.clld.org/values/1-730-286-1>		"tayain nanawin"@pav	
"шиш"@kry	<http://ids.clld.org/values/4-853-518-1>		<http://ids.clld.org/parameters/4-853>		<http://ids.clld.org/values/4-853-286-1>		"mom"@pav	
"джи"@kry	<http://ids.clld.org/values/4-180-518-1>		<http://ids.clld.org/parameters/4-180>		<http://ids.clld.org/values/4-180-286-1>		"kahwerein"@pav	
"къотІылджи"@kry	<http://ids.clld.org/values/12-150-518-1>		<http://ids.clld.org/parameters/12-150>		<http://ids.clld.org/values/12-150-286-1>		"tekiʔ pe"@pav	
"къотІылджи"@kry	<http://ids.clld.org/values/12-150-518-1>		<http://ids.clld.org/parameters/12-150>		<http://ids.clld.org/values/12-150-286-3>		"tekiʔ to"@pav	
"гІайхьырджи"@kry	<http://ids.clld.org/values/11-310-518-1>		<http://ids.clld.org/parameters/11-310>		<http://ids.clld.org/values/11-310-286-1>		"noro"@pav	
"нагьур"@kry	<http://ids.clld.org/values/1-330-518-3>		<http://ids.clld.org/parameters/1-330>		<http://ids.clld.org/values/1-330-286-1>		"šuteremʔ"@pav	
"йетІджу"@kry	<http://ids.clld.org/values/9-220-518-3>		<http://ids.clld.org/parameters/9-220>		<http://ids.clld.org/values/9-220-286-7>		"nakarkamʔ"@pav	
"йетІджу"@kry	<http://ids.clld.org/values/9-220-518-3>		<http://ids.clld.org/parameters/9-220>		<http://ids.clld.org/values/9-220-286-3>		"wawak"@pav	
"йетІджу"@kry	<http://ids.clld.org/values/9-220-518-3>		<http://ids.clld.org/parameters/9-220>		<http://ids.clld.org/values/9-220-286-9>		"ta"@pav	
"йетІджу"@kry	<http://ids.clld.org/values/9-220-518-3>		<http://ids.clld.org/parameters/9-220>		<http://ids.clld.org/values/9-220-286-5>		"nakamʔ"@pav	
"йетІджу"@kry	<http://ids.clld.org/values/9-220-518-3>		<http://ids.clld.org/parameters/9-220>		<http://ids.clld.org/values/9-220-286-1>		"wak"@pav	
"къыйхырджи"@kry	<http://ids.clld.org/values/10-130-518-1>		<http://ids.clld.org/parameters/10-130>		<http://ids.clld.org/values/10-130-286-1>		"yami"@pav	
"йикь"@kry	<http://ids.clld.org/values/4-190-518-1>		<http://ids.clld.org/parameters/4-190>		<http://ids.clld.org/values/4-190-286-1>		"warašiʔ"@pav	
"гІумуьр йе̌джи"@kry	<http://ids.clld.org/values/4-740-518-5>		<http://ids.clld.org/parameters/4-740>		<http://ids.clld.org/values/4-740-286-1>		"eʔ"@pav	
"параь"@kry	<http://ids.clld.org/values/13-150-518-1>		<http://ids.clld.org/parameters/13-150>		<http://ids.clld.org/values/13-150-286-1>		"iriʔ miyo/ miya"@pav	
"чІуьтаьд"@kry	<http://ids.clld.org/values/15-780-518-1>		<http://ids.clld.org/parameters/15-780>		<http://ids.clld.org/values/15-780-286-1>		"šaʔ"@pav	
"чІе̌бидж"@kry	<http://ids.clld.org/values/1-750-518-1>		<http://ids.clld.org/parameters/1-750>		<http://ids.clld.org/values/1-750-286-1>		"šowiʔ"@pav	
"къырмызы"@kry	<http://ids.clld.org/values/15-660-518-1>		<http://ids.clld.org/parameters/15-660>		<http://ids.clld.org/values/15-660-286-1>		"pakaʔ"@pav	
"кичІ"@kry	<http://ids.clld.org/values/16-530-518-1>		<http://ids.clld.org/parameters/16-530>		<http://ids.clld.org/values/16-530-286-1>		"yinʔ"@pav	
"зов"@kry	<http://ids.clld.org/values/1-510-518-1>		<http://ids.clld.org/parameters/1-510>		<http://ids.clld.org/values/1-510-286-1>		"nanawin"@pav	
"ваьтаьджи"@kry	<http://ids.clld.org/values/9-210-518-3>		<http://ids.clld.org/parameters/9-210>		<http://ids.clld.org/values/9-210-286-1>		"toʔ"@pav	
"магьни липджи"@kry	<http://ids.clld.org/values/18-120-518-3>		<http://ids.clld.org/parameters/18-120>		<http://ids.clld.org/values/18-120-286-1>		"kom"@pav	
"бу"@kry	<http://ids.clld.org/values/12-550-518-1>		<http://ids.clld.org/parameters/12-550>		<http://ids.clld.org/values/12-550-286-1>		"hwaraʔ"@pav	
"бу"@kry	<http://ids.clld.org/values/12-550-518-1>		<http://ids.clld.org/parameters/12-550>		<http://ids.clld.org/values/12-550-286-3>		"horon"@pav	
"миъел"@kry	<http://ids.clld.org/values/4-230-518-1>		<http://ids.clld.org/parameters/4-230>		<http://ids.clld.org/values/4-230-286-1>		"werešiʔ (ut)"@pav	
"бел"@kry	<http://ids.clld.org/values/1-220-518-1>		<http://ids.clld.org/parameters/1-220>		<http://ids.clld.org/values/1-220-286-1>		"pakun"@pav	
"мукІатІ"@kry	<http://ids.clld.org/values/9-190-518-1>		<http://ids.clld.org/parameters/9-190>		<http://ids.clld.org/values/9-190-286-1>		"makon (makorišiʔ)"@pav	
"тIигъели"@kry	<http://ids.clld.org/values/15-880-518-1>		<http://ids.clld.org/parameters/15-880>		<http://ids.clld.org/values/15-880-286-1>		"mišem"@pav	
"вуджи"@kry	<http://ids.clld.org/values/11-210-518-1>		<http://ids.clld.org/parameters/11-210>		<http://ids.clld.org/values/11-210-286-1>		"miʔ"@pav	
"ухаджи"@kry	<http://ids.clld.org/values/18-120-518-1>		<http://ids.clld.org/parameters/18-120>		<http://ids.clld.org/values/18-120-286-1>		"kom"@pav	
"липджи"@kry	<http://ids.clld.org/values/18-220-518-1>		<http://ids.clld.org/parameters/18-220>		<http://ids.clld.org/values/18-220-286-1>		"tomiʔ šoʔ"@pav	
"къабугъ"@kry	<http://ids.clld.org/values/8-750-518-1>		<http://ids.clld.org/parameters/8-750>		<http://ids.clld.org/values/8-750-286-1>		"tapari"@pav	
"дуьз"@kry	<http://ids.clld.org/values/12-730-518-1>		<http://ids.clld.org/parameters/12-730>		<http://ids.clld.org/values/12-730-286-1>		"ka om šone ne"@pav	
"лаьзы"@kry	<http://ids.clld.org/values/15-640-518-1>		<http://ids.clld.org/parameters/15-640>		<http://ids.clld.org/values/15-640-286-1>		"towoʔ"@pav	
"дар"@kry	<http://ids.clld.org/values/1-420-518-1>		<http://ids.clld.org/parameters/1-420>		<http://ids.clld.org/values/1-420-286-1>		"pana"@pav	
"саьгІй"@kry	<http://ids.clld.org/values/15-840-518-1>		<http://ids.clld.org/parameters/15-840>		<http://ids.clld.org/values/15-840-286-1>		"kawainʔ"@pav	
"былыт"@kry	<http://ids.clld.org/values/1-730-518-3>		<http://ids.clld.org/parameters/1-730>		<http://ids.clld.org/values/1-730-286-1>		"tayain nanawin"@pav	
"чату"@kry	<http://ids.clld.org/values/9-190-518-3>		<http://ids.clld.org/parameters/9-190>		<http://ids.clld.org/values/9-190-286-1>		"makon (makorišiʔ)"@pav	
"г̌ырад"@kry	<http://ids.clld.org/values/15-851-518-3>		<http://ids.clld.org/parameters/15-851>		<http://ids.clld.org/values/15-851-286-3>		"nonoe"@pav	
"г̌ырад"@kry	<http://ids.clld.org/values/15-851-518-3>		<http://ids.clld.org/parameters/15-851>		<http://ids.clld.org/values/15-851-286-1>		"šain"@pav	
"фири"@kry	<http://ids.clld.org/values/2-310-518-1>		<http://ids.clld.org/parameters/2-310>		<http://ids.clld.org/values/2-310-286-1>		"taši"@pav	
"илан"@kry	<http://ids.clld.org/values/3-850-518-1>		<http://ids.clld.org/parameters/3-850>		<http://ids.clld.org/values/3-850-286-1>		"emʔ"@pav	
"чІер"@kry	<http://ids.clld.org/values/4-140-518-1>		<http://ids.clld.org/parameters/4-140>		<http://ids.clld.org/values/4-140-286-1>		"tenenešiʔ"@pav	
"чІер"@kry	<http://ids.clld.org/values/4-140-518-1>		<http://ids.clld.org/parameters/4-140>		<http://ids.clld.org/values/4-140-286-3>		"tenenein (šun)"@pav	
"гургум"@kry	<http://ids.clld.org/values/12-810-518-1>		<http://ids.clld.org/parameters/12-810>		<http://ids.clld.org/values/12-810-286-1>		"monoʔo"@pav	
"гаьлаьд"@kry	<http://ids.clld.org/values/16-710-518-3>		<http://ids.clld.org/parameters/16-710>		<http://ids.clld.org/values/16-710-286-1>		"awi"@pav	
"давгІа йе̌джи"@kry	<http://ids.clld.org/values/20-110-518-1>		<http://ids.clld.org/parameters/20-110>		<http://ids.clld.org/values/20-110-286-1>		"mišita"@pav	
"чиче̌к"@kry	<http://ids.clld.org/values/8-570-518-1>		<http://ids.clld.org/parameters/8-570>		<http://ids.clld.org/values/8-570-286-3>		"wiyein"@pav	
"чиче̌к"@kry	<http://ids.clld.org/values/8-570-518-1>		<http://ids.clld.org/parameters/8-570>		<http://ids.clld.org/values/8-570-286-1>		"piwain"@pav	
"гІак"@kry	<http://ids.clld.org/values/15-810-518-1>		<http://ids.clld.org/parameters/15-810>		<http://ids.clld.org/values/15-810-286-3>		"taʔ man"@pav	
"гІак"@kry	<http://ids.clld.org/values/15-810-518-1>		<http://ids.clld.org/parameters/15-810>		<http://ids.clld.org/values/15-810-286-1>		"šite"@pav	
"гІак"@kry	<http://ids.clld.org/values/15-810-518-1>		<http://ids.clld.org/parameters/15-810>		<http://ids.clld.org/values/15-810-286-5>		"teʔ man"@pav	
"гъалаьд"@kry	<http://ids.clld.org/values/16-710-518-1>		<http://ids.clld.org/parameters/16-710>		<http://ids.clld.org/values/16-710-286-1>		"awi"@pav	
"квак"@kry	<http://ids.clld.org/values/3-840-518-1>		<http://ids.clld.org/parameters/3-840>		<http://ids.clld.org/values/3-840-286-1>		"meteʔ"@pav	
"гІокоджу"@kry	<http://ids.clld.org/values/10-670-518-1>		<http://ids.clld.org/parameters/10-670>		<http://ids.clld.org/values/10-670-286-1>		"yök"@pav	
"цІийаьд"@kry	<http://ids.clld.org/values/14-130-518-3>		<http://ids.clld.org/parameters/14-130>		<http://ids.clld.org/values/14-130-286-1>		"šokori"@pav	
"маьз"@kry	<http://ids.clld.org/values/4-260-518-3>		<http://ids.clld.org/parameters/4-260>		<http://ids.clld.org/values/4-260-286-1>		"petehwet nešiʔ (petehwet)"@pav	
"гІакьылджи"@kry	<http://ids.clld.org/values/10-230-518-1>		<http://ids.clld.org/parameters/10-230>		<http://ids.clld.org/values/10-230-286-3>		"kamaraʔ"@pav	
"гІакьылджи"@kry	<http://ids.clld.org/values/10-230-518-1>		<http://ids.clld.org/parameters/10-230>		<http://ids.clld.org/values/10-230-286-1>		"panʔ"@pav	
"къырджи"@kry	<http://ids.clld.org/values/5-130-518-3>		<http://ids.clld.org/parameters/5-130>		<http://ids.clld.org/values/5-130-286-1>		"tok"@pav	
"къырджи"@kry	<http://ids.clld.org/values/5-130-518-3>		<http://ids.clld.org/parameters/5-130>		<http://ids.clld.org/values/5-130-286-3>		"tototok"@pav	
"аджугъ"@kry	<http://ids.clld.org/values/16-420-518-1>		<http://ids.clld.org/parameters/16-420>		<http://ids.clld.org/values/16-420-286-1>		"manaʔ"@pav	
"суьв"@kry	<http://ids.clld.org/values/4-240-518-3>		<http://ids.clld.org/parameters/4-240>		<http://ids.clld.org/values/4-240-286-1>		"kapiyašiʔ (topak)"@pav	
"вирагъ"@kry	<http://ids.clld.org/values/1-520-518-1>		<http://ids.clld.org/parameters/1-520>		<http://ids.clld.org/values/1-520-286-1>		"šina"@pav	
"сибел"@kry	<http://ids.clld.org/values/4-220-518-1>		<http://ids.clld.org/parameters/4-220>		<http://ids.clld.org/values/4-220-286-1>		"tara-yišiʔ (taraʔ)"@pav	
"гІулджи"@kry	<http://ids.clld.org/values/5-110-518-1>		<http://ids.clld.org/parameters/5-110>		<http://ids.clld.org/values/5-110-286-1>		"kaoʔ"@pav	
"гІулджи"@kry	<http://ids.clld.org/values/5-110-518-1>		<http://ids.clld.org/parameters/5-110>		<http://ids.clld.org/values/5-110-286-3>		"kakakaoʔ"@pav	
"гъахриджи"@kry	<http://ids.clld.org/values/10-450-518-1>		<http://ids.clld.org/parameters/10-450>		<http://ids.clld.org/values/10-450-286-1>		"šut"@pav	
"гъахриджи"@kry	<http://ids.clld.org/values/10-450-518-1>		<http://ids.clld.org/parameters/10-450>		<http://ids.clld.org/values/10-450-286-3>		"šurušut"@pav	
"фупунджи"@kry	<http://ids.clld.org/values/10-380-518-1>		<http://ids.clld.org/parameters/10-380>		<http://ids.clld.org/values/10-380-286-3>		"hukoʔ"@pav	
"фупунджи"@kry	<http://ids.clld.org/values/10-380-518-1>		<http://ids.clld.org/parameters/10-380>		<http://ids.clld.org/values/10-380-286-1>		"hu"@pav	
"ваьз"@kry	<http://ids.clld.org/values/1-530-518-1>		<http://ids.clld.org/parameters/1-530>		<http://ids.clld.org/values/1-530-286-1>		"panawoʔ"@pav	
"пип"@kry	<http://ids.clld.org/values/4-360-518-1>		<http://ids.clld.org/parameters/4-360>		<http://ids.clld.org/values/4-360-286-1>		"karamašiʔ (karam)"@pav	
"йупІтІулджу"@kry	<http://ids.clld.org/values/9-160-518-3>		<http://ids.clld.org/parameters/9-160>		<http://ids.clld.org/values/9-160-286-1>		"tuku"@pav	
"хІисаб йе̌джи"@kry	<http://ids.clld.org/values/13-107-518-1>		<http://ids.clld.org/parameters/13-107>		<http://ids.clld.org/values/13-107-286-1>		"piyimʔ"@pav	
"хьаьд"@kry	<http://ids.clld.org/values/1-310-518-1>		<http://ids.clld.org/parameters/1-310>		<http://ids.clld.org/values/1-310-286-1>		"kom (komišiʔ)"@pav	
"хыныб"@kry	<http://ids.clld.org/values/2-320-518-1>		<http://ids.clld.org/parameters/2-320>		<http://ids.clld.org/values/2-320-286-1>		"mana"@pav	
"кук"@kry	<http://ids.clld.org/values/8-540-518-1>		<http://ids.clld.org/parameters/8-540>		<http://ids.clld.org/values/8-540-286-1>		"kašimain"@pav	
"силаьй"@kry	<http://ids.clld.org/values/13-181-518-1>		<http://ids.clld.org/parameters/13-181>		<http://ids.clld.org/values/13-181-286-1>		"arakaʔ"@pav	
"чІеб"@kry	<http://ids.clld.org/values/15-830-518-1>		<http://ids.clld.org/parameters/15-830>		<http://ids.clld.org/values/15-830-286-1>		"šoʔ"@pav	
"хвар"@kry	<http://ids.clld.org/values/3-610-518-1>		<http://ids.clld.org/parameters/3-610>		<http://ids.clld.org/values/3-610-286-1>		"oromiyak"@pav	
"согъуджи"@kry	<http://ids.clld.org/values/9-270-518-1>		<http://ids.clld.org/parameters/9-270>		<http://ids.clld.org/values/9-270-286-1>		"toʔ pahot"@pav	
"согъуджи"@kry	<http://ids.clld.org/values/9-270-518-1>		<http://ids.clld.org/parameters/9-270>		<http://ids.clld.org/values/9-270-286-3>		"toʔ pahorohot"@pav	
"сил"@kry	<http://ids.clld.org/values/4-270-518-1>		<http://ids.clld.org/parameters/4-270>		<http://ids.clld.org/values/4-270-286-1>		"šišiʔ (yat)"@pav	
"гьаьйван"@kry	<http://ids.clld.org/values/3-110-518-1>		<http://ids.clld.org/parameters/3-110>		<http://ids.clld.org/values/3-110-286-1>		"karawa"@pav	
"курджу"@kry	<http://ids.clld.org/values/9-220-518-7>		<http://ids.clld.org/parameters/9-220>		<http://ids.clld.org/values/9-220-286-7>		"nakarkamʔ"@pav	
"курджу"@kry	<http://ids.clld.org/values/9-220-518-7>		<http://ids.clld.org/parameters/9-220>		<http://ids.clld.org/values/9-220-286-3>		"wawak"@pav	
"курджу"@kry	<http://ids.clld.org/values/9-220-518-7>		<http://ids.clld.org/parameters/9-220>		<http://ids.clld.org/values/9-220-286-9>		"ta"@pav	
"курджу"@kry	<http://ids.clld.org/values/9-220-518-7>		<http://ids.clld.org/parameters/9-220>		<http://ids.clld.org/values/9-220-286-5>		"nakamʔ"@pav	
"курджу"@kry	<http://ids.clld.org/values/9-220-518-7>		<http://ids.clld.org/parameters/9-220>		<http://ids.clld.org/values/9-220-286-1>		"wak"@pav	
"хIаьчІ"@kry	<http://ids.clld.org/values/1-540-518-1>		<http://ids.clld.org/parameters/1-540>		<http://ids.clld.org/values/1-540-286-1>		"piyoʔ"@pav	
"вуджу"@kry	<http://ids.clld.org/values/11-210-518-3>		<http://ids.clld.org/parameters/11-210>		<http://ids.clld.org/values/11-210-286-1>		"miʔ"@pav	
"кІыпджи"@kry	<http://ids.clld.org/values/4-580-518-3>		<http://ids.clld.org/parameters/4-580>		<http://ids.clld.org/values/4-580-286-1>		"kio"@pav	
"рук"@kry	<http://ids.clld.org/values/1-410-518-1>		<http://ids.clld.org/parameters/1-410>		<http://ids.clld.org/values/1-410-286-1>		"nahwarak"@pav	
"таьраь"@kry	<http://ids.clld.org/values/1-220-518-5>		<http://ids.clld.org/parameters/1-220>		<http://ids.clld.org/values/1-220-286-1>		"pakun"@pav	
"дар"@kry	<http://ids.clld.org/values/1-430-518-1>		<http://ids.clld.org/parameters/1-430>		<http://ids.clld.org/values/1-430-286-1>		"pana"@pav	
