"wukˀa"@ha	<http://ids.clld.org/values/5-380-220-1>		<http://ids.clld.org/parameters/5-380>		<http://ids.clld.org/values/5-380-174-1>		"kɨmɨʔkə"@mch	
"tsohuwa"@ha	<http://ids.clld.org/values/2-471-220-1>		<http://ids.clld.org/parameters/2-471>		<http://ids.clld.org/values/2-471-174-1>		"noʔsamoʔkɨ"@mch	
"ciki"@ha	<http://ids.clld.org/values/12-50-220-1>		<http://ids.clld.org/parameters/12-50>		<http://ids.clld.org/values/12-50-174-3>		"anwaʔka"@mch	
"ciki"@ha	<http://ids.clld.org/values/12-50-220-1>		<http://ids.clld.org/parameters/12-50>		<http://ids.clld.org/values/12-50-174-1>		"aʔka"@mch	
"baki"@ha	<http://ids.clld.org/values/4-240-220-1>		<http://ids.clld.org/parameters/4-240>		<http://ids.clld.org/values/4-240-174-1>		"ənta"@mch	
"koya wa"@ha	<http://ids.clld.org/values/17-250-220-1>		<http://ids.clld.org/parameters/17-250>		<http://ids.clld.org/values/17-250-174-1>		"-owānoma-"@mch	
"zo"@ha	<http://ids.clld.org/values/10-480-220-1>		<http://ids.clld.org/parameters/10-480>		<http://ids.clld.org/values/10-480-174-1>		"w-eʔ-nə"@mch	
"tsintsa"@ha	<http://ids.clld.org/values/11-320-220-5>		<http://ids.clld.org/parameters/11-320>		<http://ids.clld.org/values/11-320-174-1>		"edantə-dɨ"@mch	
"siriri"@ha	<http://ids.clld.org/values/12-650-220-1>		<http://ids.clld.org/parameters/12-650>		<http://ids.clld.org/values/12-650-174-1>		"sāʔtahe"@mch	
"wuya"@ha	<http://ids.clld.org/values/6-450-220-3>		<http://ids.clld.org/parameters/6-450>		<http://ids.clld.org/values/6-450-174-1>		"wōʔmo"@mch	
"kasa"@ha	<http://ids.clld.org/values/11-330-220-9>		<http://ids.clld.org/parameters/11-330>		<http://ids.clld.org/values/11-330-174-1>		"w-ənnanɨʔ-nə"@mch	
"kullum"@ha	<http://ids.clld.org/values/14-310-220-3>		<http://ids.clld.org/parameters/14-310>		<http://ids.clld.org/values/14-310-174-1>		"wenēne"@mch	
"yi wari"@ha	<http://ids.clld.org/values/15-210-220-3>		<http://ids.clld.org/parameters/15-210>		<http://ids.clld.org/values/15-210-174-1>		"hyoʔhōdɨ"@mch	
"ɗauka"@ha	<http://ids.clld.org/values/11-130-220-1>		<http://ids.clld.org/parameters/11-130>		<http://ids.clld.org/values/11-130-174-1>		"w-emhan-nə"@mch	
"tiliɓoro"@ha	<http://ids.clld.org/values/18-710-220-5>		<http://ids.clld.org/parameters/18-710>		<http://ids.clld.org/values/18-710-174-1>		"hīču"@mch	
"ɓera"@ha	<http://ids.clld.org/values/3-630-220-1>		<http://ids.clld.org/parameters/3-630>		<http://ids.clld.org/values/3-630-174-1>		"asɨ̄kɨ"@mch	
"mafici"@ha	<http://ids.clld.org/values/9-790-220-1>		<http://ids.clld.org/parameters/9-790>		<http://ids.clld.org/values/9-790-174-1>		"wadi-wadi"@mch	
"biyu"@ha	<http://ids.clld.org/values/13-20-220-1>		<http://ids.clld.org/parameters/13-20>		<http://ids.clld.org/values/13-20-174-1>		"āʔkə"@mch	
"rogo"@ha	<http://ids.clld.org/values/8-920-220-1>		<http://ids.clld.org/parameters/8-920>		<http://ids.clld.org/values/8-920-174-1>		"kɨdēde"@mch	
"yanzu"@ha	<http://ids.clld.org/values/14-180-220-1>		<http://ids.clld.org/parameters/14-180>		<http://ids.clld.org/values/14-180-174-1>		"edūwa"@mch	
"sha"@ha	<http://ids.clld.org/values/5-130-220-1>		<http://ids.clld.org/parameters/5-130>		<http://ids.clld.org/values/5-130-174-1>		"enku"@mch	
"sha-raɓa"@ha	<http://ids.clld.org/values/4-352-220-1>		<http://ids.clld.org/parameters/4-352>		<http://ids.clld.org/values/4-352-174-1>		"hōde"@mch	
"matuki"@ha	<http://ids.clld.org/values/10-851-220-1>		<http://ids.clld.org/parameters/10-851>		<http://ids.clld.org/values/10-851-174-1>		"hēna"@mch	
"kare (masc.)"@ha	<http://ids.clld.org/values/3-610-220-1>		<http://ids.clld.org/parameters/3-610>		<http://ids.clld.org/values/3-610-174-1>		"sɨ̄ʔna"@mch	
"kˀyaure"@ha	<http://ids.clld.org/values/7-220-220-3>		<http://ids.clld.org/parameters/7-220>		<http://ids.clld.org/values/7-220-174-1>		"mɨnātata"@mch	
"maraice"@ha	<http://ids.clld.org/values/14-460-220-1>		<http://ids.clld.org/parameters/14-460>		<http://ids.clld.org/values/14-460-174-1>		"čomomɨdawə"@mch	
"arafiya"@ha	<http://ids.clld.org/values/6-380-220-3>		<http://ids.clld.org/parameters/6-380>		<http://ids.clld.org/values/6-380-174-1>		"hakūdimɨʔtɨ"@mch	
"baka"@ha	<http://ids.clld.org/values/20-240-220-1>		<http://ids.clld.org/parameters/20-240>		<http://ids.clld.org/values/20-240-174-1>		"šimāda ehɨ̄dɨ"@mch	
"zuciya"@ha	<http://ids.clld.org/values/4-440-220-1>		<http://ids.clld.org/parameters/4-440>		<http://ids.clld.org/values/4-440-174-1>		"yēwanɨ"@mch	
"busasshe"@ha	<http://ids.clld.org/values/15-840-220-1>		<http://ids.clld.org/parameters/15-840>		<http://ids.clld.org/values/15-840-174-1>		"ssedēhe"@mch	
"sake"@ha	<http://ids.clld.org/values/12-930-220-1>		<http://ids.clld.org/parameters/12-930>		<http://ids.clld.org/values/12-930-174-1>		"w-ekamhiaka-nə"@mch	
"buguwa"@ha	<http://ids.clld.org/values/4-980-220-1>		<http://ids.clld.org/parameters/4-980>		<http://ids.clld.org/values/4-980-174-1>		"-oʔdoʔhə"@mch	
"aʔa"@ha	<http://ids.clld.org/values/17-560-220-1>		<http://ids.clld.org/parameters/17-560>		<http://ids.clld.org/values/17-560-174-1>		"mmʔhm"@mch	
"zalɓe"@ha	<http://ids.clld.org/values/3-583-220-1>		<http://ids.clld.org/parameters/3-583>		<http://ids.clld.org/values/3-583-174-1>		"tadāya"@mch	
"laushi"@ha	<http://ids.clld.org/values/15-750-220-1>		<http://ids.clld.org/parameters/15-750>		<http://ids.clld.org/values/15-750-174-1>		"tɨwansuʔde"@mch	
"biyar"@ha	<http://ids.clld.org/values/13-50-220-1>		<http://ids.clld.org/parameters/13-50>		<http://ids.clld.org/values/13-50-174-1>		"hyātodea"@mch	
"mai kyau"@ha	<http://ids.clld.org/values/16-710-220-1>		<http://ids.clld.org/parameters/16-710>		<http://ids.clld.org/values/16-710-174-1>		"ašiča"@mch	
"sanya"@ha	<http://ids.clld.org/values/6-110-220-1>		<http://ids.clld.org/parameters/6-110>		<http://ids.clld.org/values/6-110-174-1>		"wewontənə"@mch	
"gani"@ha	<http://ids.clld.org/values/15-510-220-1>		<http://ids.clld.org/parameters/15-510>		<http://ids.clld.org/values/15-510-174-1>		"ene-dɨ"@mch	
"tara"@ha	<http://ids.clld.org/values/13-90-220-1>		<http://ids.clld.org/parameters/13-90>		<http://ids.clld.org/values/13-90-174-1>		"āʔkəi čea amohaʔto"@mch	
"mage"@ha	<http://ids.clld.org/values/3-620-220-3>		<http://ids.clld.org/parameters/3-620>		<http://ids.clld.org/values/3-620-174-1>		"[mēši]"@mch	
"fari"@ha	<http://ids.clld.org/values/15-640-220-1>		<http://ids.clld.org/parameters/15-640>		<http://ids.clld.org/values/15-640-174-1>		"təʔkeʔne"@mch	
"shekara"@ha	<http://ids.clld.org/values/14-730-220-1>		<http://ids.clld.org/parameters/14-730>		<http://ids.clld.org/values/14-730-174-1>		"wedɨ"@mch	
"daɗai"@ha	<http://ids.clld.org/values/14-310-220-5>		<http://ids.clld.org/parameters/14-310>		<http://ids.clld.org/values/14-310-174-1>		"wenēne"@mch	
"yamutsattse"@ha	<http://ids.clld.org/values/15-890-220-1>		<http://ids.clld.org/parameters/15-890>		<http://ids.clld.org/values/15-890-174-1>		"deyude"@mch	
"hadari"@ha	<http://ids.clld.org/values/1-730-220-5>		<http://ids.clld.org/parameters/1-730>		<http://ids.clld.org/values/1-730-174-1>		"kāʔdutu"@mch	
"maras tsayi"@ha	<http://ids.clld.org/values/12-320-220-3>		<http://ids.clld.org/parameters/12-320>		<http://ids.clld.org/values/12-320-174-1>		"nonohoʔčə"@mch	
"[rufi]"@ha	<http://ids.clld.org/values/7-510-220-1>		<http://ids.clld.org/parameters/7-510>		<http://ids.clld.org/values/7-510-174-1>		"aməʔhɨdɨ"@mch	
"fiffike"@ha	<http://ids.clld.org/values/4-392-220-1>		<http://ids.clld.org/parameters/4-392>		<http://ids.clld.org/values/4-392-174-1>		"ahəʔsai"@mch	
"hakˀori"@ha	<http://ids.clld.org/values/4-270-220-1>		<http://ids.clld.org/parameters/4-270>		<http://ids.clld.org/values/4-270-174-1>		"dedɨ"@mch	
"kuma"@ha	<http://ids.clld.org/values/14-350-220-1>		<http://ids.clld.org/parameters/14-350>		<http://ids.clld.org/values/14-350-174-1>		"dea"@mch	
"kashe"@ha	<http://ids.clld.org/values/4-760-220-1>		<http://ids.clld.org/parameters/4-760>		<http://ids.clld.org/values/4-760-174-1>		"aminɲaʔkadɨ"@mch	
"yarda da"@ha	<http://ids.clld.org/values/17-150-220-1>		<http://ids.clld.org/parameters/17-150>		<http://ids.clld.org/values/17-150-174-1>		"-ekanɨhɨ-dɨ"@mch	
"sadu"@ha	<http://ids.clld.org/values/19-650-220-3>		<http://ids.clld.org/parameters/19-650>		<http://ids.clld.org/values/19-650-174-1>		"edantə-dɨ"@mch	
"faɗi"@ha	<http://ids.clld.org/values/12-610-220-1>		<http://ids.clld.org/parameters/12-610>		<http://ids.clld.org/values/12-610-174-1>		"taʔhuhūne"@mch	
"babba"@ha	<http://ids.clld.org/values/12-550-220-1>		<http://ids.clld.org/parameters/12-550>		<http://ids.clld.org/values/12-550-174-1>		"nuwe"@mch	
"sha biyar"@ha	<http://ids.clld.org/values/13-103-220-1>		<http://ids.clld.org/parameters/13-103>		<http://ids.clld.org/values/13-103-174-1>		"amohadəʔto dēwə hyatodea"@mch	
"tambaya"@ha	<http://ids.clld.org/values/18-310-220-1>		<http://ids.clld.org/parameters/18-310>		<http://ids.clld.org/values/18-310-174-1>		"-ekammaho-"@mch	
"yunwa"@ha	<http://ids.clld.org/values/5-140-220-1>		<http://ids.clld.org/parameters/5-140>		<http://ids.clld.org/values/5-140-174-1>		"əmīhe"@mch	
"kibiya"@ha	<http://ids.clld.org/values/20-250-220-1>		<http://ids.clld.org/parameters/20-250>		<http://ids.clld.org/values/20-250-174-1>		"šimāda"@mch	
"kai"@ha	<http://ids.clld.org/values/4-200-220-1>		<http://ids.clld.org/parameters/4-200>		<http://ids.clld.org/values/4-200-174-1>		"hūʔhə"@mch	
"naʔam"@ha	<http://ids.clld.org/values/17-550-220-3>		<http://ids.clld.org/parameters/17-550>		<http://ids.clld.org/values/17-550-174-3>		"mmhm"@mch	
"naʔam"@ha	<http://ids.clld.org/values/17-550-220-3>		<http://ids.clld.org/parameters/17-550>		<http://ids.clld.org/values/17-550-174-1>		"ʔeee"@mch	
"sammaci"@ha	<http://ids.clld.org/values/18-410-220-1>		<http://ids.clld.org/parameters/18-410>		<http://ids.clld.org/values/18-410-174-1>		"aʔdewhaʔdɨ"@mch	
"iska"@ha	<http://ids.clld.org/values/1-720-220-1>		<http://ids.clld.org/parameters/1-720>		<http://ids.clld.org/values/1-720-174-1>		"hehēnčə"@mch	
"dafa"@ha	<http://ids.clld.org/values/5-210-220-3>		<http://ids.clld.org/parameters/5-210>		<http://ids.clld.org/values/5-210-174-1>		"-aʔnə"@mch	
"ja"@ha	<http://ids.clld.org/values/15-660-220-1>		<http://ids.clld.org/parameters/15-660>		<http://ids.clld.org/values/15-660-174-1>		"seweičato"@mch	
"uku"@ha	<http://ids.clld.org/values/13-30-220-1>		<http://ids.clld.org/parameters/13-30>		<http://ids.clld.org/values/13-30-174-1>		"aduwawə"@mch	
"teku"@ha	<http://ids.clld.org/values/1-320-220-1>		<http://ids.clld.org/parameters/1-320>		<http://ids.clld.org/values/1-320-174-1>		"dama"@mch	
"kˀarami"@ha	<http://ids.clld.org/values/12-560-220-1>		<http://ids.clld.org/parameters/12-560>		<http://ids.clld.org/values/12-560-174-1>		"šeʔkə"@mch	
"'ya"@ha	<http://ids.clld.org/values/2-420-220-1>		<http://ids.clld.org/parameters/2-420>		<http://ids.clld.org/values/2-420-174-1>		"nnedɨ"@mch	
"saya"@ha	<http://ids.clld.org/values/11-810-220-1>		<http://ids.clld.org/parameters/11-810>		<http://ids.clld.org/values/11-810-174-1>		"ehēma-dɨ"@mch	
"yarinya"@ha	<http://ids.clld.org/values/2-260-220-1>		<http://ids.clld.org/parameters/2-260>		<http://ids.clld.org/values/2-260-174-1>		"wodi-ʔčə"@mch	
"sifiri"@ha	<http://ids.clld.org/values/13-0-220-1>		<http://ids.clld.org/parameters/13-0>		<http://ids.clld.org/values/13-0-174-1>		"āʔke"@mch	
"mutuwa"@ha	<http://ids.clld.org/values/4-750-220-3>		<http://ids.clld.org/parameters/4-750>		<http://ids.clld.org/values/4-750-174-1>		"-əma-"@mch	
"fuska"@ha	<http://ids.clld.org/values/4-204-220-1>		<http://ids.clld.org/parameters/4-204>		<http://ids.clld.org/values/4-204-174-1>		"heʔ-dɨ"@mch	
"girka"@ha	<http://ids.clld.org/values/5-210-220-1>		<http://ids.clld.org/parameters/5-210>		<http://ids.clld.org/values/5-210-174-1>		"-aʔnə"@mch	
"so"@ha	<http://ids.clld.org/values/16-270-220-1>		<http://ids.clld.org/parameters/16-270>		<http://ids.clld.org/values/16-270-174-1>		"hyumma-dɨ"@mch	
"gaggafa"@ha	<http://ids.clld.org/values/3-584-220-1>		<http://ids.clld.org/parameters/3-584>		<http://ids.clld.org/values/3-584-174-1>		"demōši"@mch	
"ciki"@ha	<http://ids.clld.org/values/4-460-220-1>		<http://ids.clld.org/parameters/4-460>		<http://ids.clld.org/values/4-460-174-1>		"dudūnoi"@mch	
"fure"@ha	<http://ids.clld.org/values/8-570-220-1>		<http://ids.clld.org/parameters/8-570>		<http://ids.clld.org/values/8-570-174-1>		"čə̄hɨdɨ"@mch	
"isa"@ha	<http://ids.clld.org/values/10-550-220-1>		<http://ids.clld.org/parameters/10-550>		<http://ids.clld.org/values/10-550-174-1>		"w-əʔdɨ-nə"@mch	
"yamma"@ha	<http://ids.clld.org/values/14-460-220-3>		<http://ids.clld.org/parameters/14-460>		<http://ids.clld.org/values/14-460-174-1>		"čomomɨdawə"@mch	
"komo"@ha	<http://ids.clld.org/values/10-481-220-3>		<http://ids.clld.org/parameters/10-481>		<http://ids.clld.org/values/10-481-174-1>		"w-ennakā-nə"@mch	
"wuya"@ha	<http://ids.clld.org/values/4-280-220-1>		<http://ids.clld.org/parameters/4-280>		<http://ids.clld.org/values/4-280-174-1>		"hɨ̄mɨ"@mch	
"ɓatar"@ha	<http://ids.clld.org/values/11-330-220-5>		<http://ids.clld.org/parameters/11-330>		<http://ids.clld.org/values/11-330-174-1>		"w-ənnanɨʔ-nə"@mch	
"mahaifiya"@ha	<http://ids.clld.org/values/2-360-220-3>		<http://ids.clld.org/parameters/2-360>		<http://ids.clld.org/values/2-360-174-1>		"denɨ"@mch	
"allura"@ha	<http://ids.clld.org/values/6-360-220-1>		<http://ids.clld.org/parameters/6-360>		<http://ids.clld.org/values/6-360-174-1>		"makūsa"@mch	
"[taba]"@ha	<http://ids.clld.org/values/8-680-220-1>		<http://ids.clld.org/parameters/8-680>		<http://ids.clld.org/values/8-680-174-1>		"kawai"@mch	
"abu"@ha	<http://ids.clld.org/values/11-180-220-1>		<http://ids.clld.org/parameters/11-180>		<http://ids.clld.org/values/11-180-174-1>		"k-ɨnnɨdɨʔ-komo"@mch	
"'yar-"@ha	<http://ids.clld.org/values/2-540-220-1>		<http://ids.clld.org/parameters/2-540>		<http://ids.clld.org/values/2-540-174-1>		"hāse"@mch	
"iri"@ha	<http://ids.clld.org/values/8-311-220-1>		<http://ids.clld.org/parameters/8-311>		<http://ids.clld.org/values/8-311-174-1>		"čə̄huʔhə"@mch	
"zagayayye"@ha	<http://ids.clld.org/values/12-810-220-3>		<http://ids.clld.org/parameters/12-810>		<http://ids.clld.org/values/12-810-174-1>		"kokkoduhaʔto"@mch	
"fasa"@ha	<http://ids.clld.org/values/9-260-220-1>		<http://ids.clld.org/parameters/9-260>		<http://ids.clld.org/values/9-260-174-1>		"-išiča-dɨ"@mch	
"tsuntsu"@ha	<http://ids.clld.org/values/3-581-220-1>		<http://ids.clld.org/parameters/3-581>		<http://ids.clld.org/values/3-581-174-1>		"hawi"@mch	
"santsi"@ha	<http://ids.clld.org/values/15-770-220-3>		<http://ids.clld.org/parameters/15-770>		<http://ids.clld.org/values/15-770-174-1>		"tɨwansuʔde"@mch	
"baba"@ha	<http://ids.clld.org/values/2-522-220-1>		<http://ids.clld.org/parameters/2-522>		<http://ids.clld.org/values/2-522-174-1>		"waynɲeʔney"@mch	
"itaci"@ha	<http://ids.clld.org/values/8-600-220-1>		<http://ids.clld.org/parameters/8-600>		<http://ids.clld.org/values/8-600-174-1>		"dē"@mch	
"makaranta"@ha	<http://ids.clld.org/values/17-280-220-1>		<http://ids.clld.org/parameters/17-280>		<http://ids.clld.org/values/17-280-174-1>		"wōwanomatoho"@mch	
"gajiya"@ha	<http://ids.clld.org/values/4-910-220-1>		<http://ids.clld.org/parameters/4-910>		<http://ids.clld.org/values/4-910-174-1>		"tɨkinča"@mch	
"mu"@ha	<http://ids.clld.org/values/2-941-220-1>		<http://ids.clld.org/parameters/2-941>		<http://ids.clld.org/values/2-941-174-1>		"kɨwɨ"@mch	
"kalaci"@ha	<http://ids.clld.org/values/5-410-220-1>		<http://ids.clld.org/parameters/5-410>		<http://ids.clld.org/values/5-410-174-1>		"əwainši"@mch	
"yawa"@ha	<http://ids.clld.org/values/13-150-220-1>		<http://ids.clld.org/parameters/13-150>		<http://ids.clld.org/values/13-150-174-1>		"hōhe"@mch	
"tana"@ha	<http://ids.clld.org/values/3-840-220-1>		<http://ids.clld.org/parameters/3-840>		<http://ids.clld.org/values/3-840-174-1>		"motto"@mch	
"yakˀi"@ha	<http://ids.clld.org/values/20-130-220-1>		<http://ids.clld.org/parameters/20-130>		<http://ids.clld.org/values/20-130-174-1>		"wənə"@mch	
"nuna"@ha	<http://ids.clld.org/values/5-123-220-1>		<http://ids.clld.org/parameters/5-123>		<http://ids.clld.org/values/5-123-174-1>		"sēweyčato"@mch	
"jeji"@ha	<http://ids.clld.org/values/1-410-220-3>		<http://ids.clld.org/parameters/1-410>		<http://ids.clld.org/values/1-410-174-1>		"čūta"@mch	
"sanya"@ha	<http://ids.clld.org/values/12-120-220-5>		<http://ids.clld.org/parameters/12-120>		<http://ids.clld.org/values/12-120-174-1>		"enɨ̄ta"@mch	
"sanya"@ha	<http://ids.clld.org/values/12-120-220-5>		<http://ids.clld.org/parameters/12-120>		<http://ids.clld.org/values/12-120-174-3>		"-ehuʔta-"@mch	
"kˀaramar yarinya"@ha	<http://ids.clld.org/values/2-261-220-1>		<http://ids.clld.org/parameters/2-261>		<http://ids.clld.org/values/2-261-174-1>		"mudēši"@mch	
"baki"@ha	<http://ids.clld.org/values/12-353-220-3>		<http://ids.clld.org/parameters/12-353>		<http://ids.clld.org/values/12-353-174-1>		"čəʔhiyu"@mch	
"kawo"@ha	<http://ids.clld.org/values/10-620-220-1>		<http://ids.clld.org/parameters/10-620>		<http://ids.clld.org/values/10-620-174-1>		"-enehɨ"@mch	
"yashi"@ha	<http://ids.clld.org/values/1-215-220-1>		<http://ids.clld.org/parameters/1-215>		<http://ids.clld.org/values/1-215-174-1>		"sāʔdaʔda"@mch	
"hannu"@ha	<http://ids.clld.org/values/4-330-220-1>		<http://ids.clld.org/parameters/4-330>		<http://ids.clld.org/values/4-330-174-1>		"amō-dɨ"@mch	
"goma"@ha	<http://ids.clld.org/values/13-100-220-1>		<http://ids.clld.org/parameters/13-100>		<http://ids.clld.org/values/13-100-174-1>		"amohadə"@mch	
"biya"@ha	<http://ids.clld.org/values/11-650-220-1>		<http://ids.clld.org/parameters/11-650>		<http://ids.clld.org/values/11-650-174-1>		"ehēma-dɨ"@mch	
"baffa"@ha	<http://ids.clld.org/values/2-512-220-1>		<http://ids.clld.org/parameters/2-512>		<http://ids.clld.org/values/2-512-174-1>		"haha"@mch	
"zak��i"@ha	<http://ids.clld.org/values/15-350-220-1>		<http://ids.clld.org/parameters/15-350>		<http://ids.clld.org/values/15-350-174-1>		"kādo"@mch	
"malam-buɗa-littafi"@ha	<http://ids.clld.org/values/3-920-220-1>		<http://ids.clld.org/parameters/3-920>		<http://ids.clld.org/values/3-920-174-1>		"matūtu"@mch	
"dogo"@ha	<http://ids.clld.org/values/12-570-220-3>		<http://ids.clld.org/parameters/12-570>		<http://ids.clld.org/values/12-570-174-1>		"nuwe"@mch	
"kwando"@ha	<http://ids.clld.org/values/9-760-220-1>		<http://ids.clld.org/parameters/9-760>		<http://ids.clld.org/values/9-760-174-1>		"wɨ̄wa"@mch	
"ashana"@ha	<http://ids.clld.org/values/1-870-220-1>		<http://ids.clld.org/parameters/1-870>		<http://ids.clld.org/values/1-870-174-1>		"tɨsočāmɨ"@mch	
"yarda"@ha	<http://ids.clld.org/values/19-470-220-1>		<http://ids.clld.org/parameters/19-470>		<http://ids.clld.org/values/19-470-174-1>		"tɨdɨho-dɨ"@mch	
"tashi"@ha	<http://ids.clld.org/values/10-210-220-1>		<http://ids.clld.org/parameters/10-210>		<http://ids.clld.org/values/10-210-174-1>		"w-ənuʔnə"@mch	
"tsalle"@ha	<http://ids.clld.org/values/10-430-220-1>		<http://ids.clld.org/parameters/10-430>		<http://ids.clld.org/values/10-430-174-1>		"w-ahanɨn-nə"@mch	
"kˀambori"@ha	<http://ids.clld.org/values/4-345-220-1>		<http://ids.clld.org/parameters/4-345>		<http://ids.clld.org/values/4-345-174-1>		"əmmi"@mch	
"aboki"@ha	<http://ids.clld.org/values/19-510-220-1>		<http://ids.clld.org/parameters/19-510>		<http://ids.clld.org/values/19-510-174-1>		"weičakōno"@mch	
"ibilis"@ha	<http://ids.clld.org/values/22-350-220-3>		<http://ids.clld.org/parameters/22-350>		<http://ids.clld.org/values/22-350-174-1>		"kahūšawa"@mch	
"gano"@ha	<http://ids.clld.org/values/11-320-220-3>		<http://ids.clld.org/parameters/11-320>		<http://ids.clld.org/values/11-320-174-1>		"edantə-dɨ"@mch	
"kunne"@ha	<http://ids.clld.org/values/4-220-220-1>		<http://ids.clld.org/parameters/4-220>		<http://ids.clld.org/values/4-220-174-1>		"hāna"@mch	
"wane ne"@ha	<http://ids.clld.org/values/17-680-220-3>		<http://ids.clld.org/parameters/17-680>		<http://ids.clld.org/values/17-680-174-1>		"ənə̄kɨ"@mch	
"toka"@ha	<http://ids.clld.org/values/1-840-220-1>		<http://ids.clld.org/parameters/1-840>		<http://ids.clld.org/values/1-840-174-1>		"wedēnnə"@mch	
"rafani"@ha	<http://ids.clld.org/values/2-511-220-1>		<http://ids.clld.org/parameters/2-511>		<http://ids.clld.org/values/2-511-174-1>		"yawo"@mch	
"kˀona"@ha	<http://ids.clld.org/values/1-851-220-1>		<http://ids.clld.org/parameters/1-851>		<http://ids.clld.org/values/1-851-174-1>		"ukā-dɨ"@mch	
"yarinya (fem.)"@ha	<http://ids.clld.org/values/2-270-220-3>		<http://ids.clld.org/parameters/2-270>		<http://ids.clld.org/values/2-270-174-1>		"nnedɨ"@mch	
"shida"@ha	<http://ids.clld.org/values/13-60-220-1>		<http://ids.clld.org/parameters/13-60>		<http://ids.clld.org/values/13-60-174-1>		"tōni amohaʔto"@mch	
"tsukakke"@ha	<http://ids.clld.org/values/12-620-220-3>		<http://ids.clld.org/parameters/12-620>		<http://ids.clld.org/values/12-620-174-3>		"anwakɨme"@mch	
"tsukakke"@ha	<http://ids.clld.org/values/12-620-220-3>		<http://ids.clld.org/parameters/12-620>		<http://ids.clld.org/values/12-620-174-1>		"danwadɨ"@mch	
"duka"@ha	<http://ids.clld.org/values/9-210-220-3>		<http://ids.clld.org/parameters/9-210>		<http://ids.clld.org/values/9-210-174-1>		"-aiʔhuka-dɨ"@mch	
"shekˀa da gudu"@ha	<http://ids.clld.org/values/10-510-220-1>		<http://ids.clld.org/parameters/10-510>		<http://ids.clld.org/values/10-510-174-1>		"w-ə̄nehē-nə"@mch	
"hanji"@ha	<http://ids.clld.org/values/4-461-220-1>		<http://ids.clld.org/parameters/4-461>		<http://ids.clld.org/values/4-461-174-1>		"hyōtɨ"@mch	
"kˀar̃kˀashi"@ha	<http://ids.clld.org/values/12-340-220-3>		<http://ids.clld.org/parameters/12-340>		<http://ids.clld.org/values/12-340-174-1>		"nwaʔkəi"@mch	
"kˀwai"@ha	<http://ids.clld.org/values/5-970-220-1>		<http://ids.clld.org/parameters/5-970>		<http://ids.clld.org/values/5-970-174-1>		"iʔmoi"@mch	
"'yaruwa"@ha	<http://ids.clld.org/values/2-550-220-3>		<http://ids.clld.org/parameters/2-550>		<http://ids.clld.org/values/2-550-174-1>		"waiɲe"@mch	
"'yaruwa"@ha	<http://ids.clld.org/values/2-550-220-3>		<http://ids.clld.org/parameters/2-550>		<http://ids.clld.org/values/2-550-174-3>		"yāʔko"@mch	
"iyaye"@ha	<http://ids.clld.org/values/2-820-220-1>		<http://ids.clld.org/parameters/2-820>		<http://ids.clld.org/values/2-820-174-1>		"himmə"@mch	
"fitila"@ha	<http://ids.clld.org/values/7-450-220-1>		<http://ids.clld.org/parameters/7-450>		<http://ids.clld.org/values/7-450-174-1>		"adāwa"@mch	
"suma (male)"@ha	<http://ids.clld.org/values/4-140-220-3>		<http://ids.clld.org/parameters/4-140>		<http://ids.clld.org/values/4-140-174-1>		"hū"@mch	
"nono"@ha	<http://ids.clld.org/values/4-410-220-1>		<http://ids.clld.org/parameters/4-410>		<http://ids.clld.org/values/4-410-174-1>		"ʔdohɨ-dɨ"@mch	
"ɗaci"@ha	<http://ids.clld.org/values/15-370-220-1>		<http://ids.clld.org/parameters/15-370>		<http://ids.clld.org/values/15-370-174-1>		"tutune"@mch	
"kafaɗa"@ha	<http://ids.clld.org/values/4-300-220-1>		<http://ids.clld.org/parameters/4-300>		<http://ids.clld.org/values/4-300-174-1>		"nkawə"@mch	
"shaho"@ha	<http://ids.clld.org/values/3-585-220-1>		<http://ids.clld.org/parameters/3-585>		<http://ids.clld.org/values/3-585-174-1>		"hiyāna"@mch	
"bakwai"@ha	<http://ids.clld.org/values/13-70-220-1>		<http://ids.clld.org/parameters/13-70>		<http://ids.clld.org/values/13-70-174-1>		"āʔkə amohaʔto"@mch	
"sirikˀi"@ha	<http://ids.clld.org/values/18-710-220-1>		<http://ids.clld.org/parameters/18-710>		<http://ids.clld.org/values/18-710-174-1>		"hīču"@mch	
"farta"@ha	<http://ids.clld.org/values/8-220-220-9>		<http://ids.clld.org/parameters/8-220>		<http://ids.clld.org/values/8-220-174-1>		"tɨʔkādɨ"@mch	
"itace"@ha	<http://ids.clld.org/values/1-430-220-1>		<http://ids.clld.org/parameters/1-430>		<http://ids.clld.org/values/1-430-174-1>		"dē"@mch	
"nesa"@ha	<http://ids.clld.org/values/12-440-220-1>		<http://ids.clld.org/parameters/12-440>		<http://ids.clld.org/values/12-440-174-1>		"amoinče"@mch	
"gurgu"@ha	<http://ids.clld.org/values/4-940-220-1>		<http://ids.clld.org/parameters/4-940>		<http://ids.clld.org/values/4-940-174-1>		"sekumhe"@mch	
"shuɗi"@ha	<http://ids.clld.org/values/15-670-220-1>		<http://ids.clld.org/parameters/15-670>		<http://ids.clld.org/values/15-670-174-1>		"šēne"@mch	
"tona"@ha	<http://ids.clld.org/values/8-220-220-11>		<http://ids.clld.org/parameters/8-220>		<http://ids.clld.org/values/8-220-174-1>		"tɨʔkādɨ"@mch	
"taubashi"@ha	<http://ids.clld.org/values/2-550-220-7>		<http://ids.clld.org/parameters/2-550>		<http://ids.clld.org/values/2-550-174-1>		"waiɲe"@mch	
"taubashi"@ha	<http://ids.clld.org/values/2-550-220-7>		<http://ids.clld.org/parameters/2-550>		<http://ids.clld.org/values/2-550-174-3>		"yāʔko"@mch	
"rokˀa"@ha	<http://ids.clld.org/values/18-350-220-1>		<http://ids.clld.org/parameters/18-350>		<http://ids.clld.org/values/18-350-174-1>		"eʔkatə-dɨ"@mch	
"kunna"@ha	<http://ids.clld.org/values/1-860-220-1>		<http://ids.clld.org/parameters/1-860>		<http://ids.clld.org/values/1-860-174-1>		"-kemetə-"@mch	
"tafki"@ha	<http://ids.clld.org/values/1-330-220-1>		<http://ids.clld.org/parameters/1-330>		<http://ids.clld.org/values/1-330-174-1>		"čūʔhə"@mch	
"dariya"@ha	<http://ids.clld.org/values/16-250-220-1>		<http://ids.clld.org/parameters/16-250>		<http://ids.clld.org/values/16-250-174-1>		"waʔsenɲo"@mch	
"madubi"@ha	<http://ids.clld.org/values/6-960-220-1>		<http://ids.clld.org/parameters/6-960>		<http://ids.clld.org/values/6-960-174-1>		"hekūde"@mch	
"laushi"@ha	<http://ids.clld.org/values/15-770-220-5>		<http://ids.clld.org/parameters/15-770>		<http://ids.clld.org/values/15-770-174-1>		"tɨwansuʔde"@mch	
"gatari"@ha	<http://ids.clld.org/values/9-250-220-3>		<http://ids.clld.org/parameters/9-250>		<http://ids.clld.org/values/9-250-174-1>		"wɨ̄wɨ"@mch	
"girgizar kˀasa"@ha	<http://ids.clld.org/values/1-450-220-1>		<http://ids.clld.org/parameters/1-450>		<http://ids.clld.org/values/1-450-174-1>		"dehūši"@mch	
"gwada"@ha	<http://ids.clld.org/values/15-550-220-3>		<http://ids.clld.org/parameters/15-550>		<http://ids.clld.org/values/15-550-174-1>		"eneho-dɨ"@mch	
"tafi"@ha	<http://ids.clld.org/values/10-470-220-1>		<http://ids.clld.org/parameters/10-470>		<http://ids.clld.org/values/10-470-174-1>		"wɨʔtə̄-nə"@mch	
"bisa"@ha	<http://ids.clld.org/values/12-310-220-1>		<http://ids.clld.org/parameters/12-310>		<http://ids.clld.org/values/12-310-174-1>		"kawə"@mch	
"malami"@ha	<http://ids.clld.org/values/17-270-220-3>		<http://ids.clld.org/parameters/17-270>		<http://ids.clld.org/values/17-270-174-1>		"yowānomani"@mch	
"gemu"@ha	<http://ids.clld.org/values/4-142-220-1>		<http://ids.clld.org/parameters/4-142>		<http://ids.clld.org/values/4-142-174-1>		"ettəmuho"@mch	
"kˀirji"@ha	<http://ids.clld.org/values/4-400-220-1>		<http://ids.clld.org/parameters/4-400>		<http://ids.clld.org/values/4-400-174-1>		"dōʔta"@mch	
"agwagwa"@ha	<http://ids.clld.org/values/3-570-220-1>		<http://ids.clld.org/parameters/3-570>		<http://ids.clld.org/values/3-570-174-1>		"[hātu]"@mch	
"kaifi"@ha	<http://ids.clld.org/values/15-780-220-1>		<http://ids.clld.org/parameters/15-780>		<http://ids.clld.org/values/15-780-174-1>		"ākə̄tədɨ"@mch	
"wanke"@ha	<http://ids.clld.org/values/9-360-220-1>		<http://ids.clld.org/parameters/9-360>		<http://ids.clld.org/values/9-360-174-1>		"-ičoʔka-dɨ"@mch	
"kˀuda"@ha	<http://ids.clld.org/values/3-830-220-1>		<http://ids.clld.org/parameters/3-830>		<http://ids.clld.org/values/3-830-174-1>		"wedēsede"@mch	
"harshe"@ha	<http://ids.clld.org/values/18-240-220-1>		<http://ids.clld.org/parameters/18-240>		<http://ids.clld.org/values/18-240-174-1>		"āʔdewʔkwe"@mch	
"tashar jirgin ruwa"@ha	<http://ids.clld.org/values/10-910-220-3>		<http://ids.clld.org/parameters/10-910>		<http://ids.clld.org/values/10-910-174-1>		"wəʔtə"@mch	
"yi faɗa"@ha	<http://ids.clld.org/values/20-110-220-1>		<http://ids.clld.org/parameters/20-110>		<http://ids.clld.org/values/20-110-174-1>		"wətə̄nehānə"@mch	
"sani"@ha	<http://ids.clld.org/values/17-170-220-1>		<http://ids.clld.org/parameters/17-170>		<http://ids.clld.org/values/17-170-174-1>		"t-owanəkə t-ɨdɨ-dɨ"@mch	
"hayakʔi"@ha	<http://ids.clld.org/values/1-830-220-1>		<http://ids.clld.org/parameters/1-830>		<http://ids.clld.org/values/1-830-174-1>		"widīnčə"@mch	
"yi"@ha	<http://ids.clld.org/values/9-110-220-1>		<http://ids.clld.org/parameters/9-110>		<http://ids.clld.org/values/9-110-174-1>		"tɨdɨ̄dɨ"@mch	
"gwaggo"@ha	<http://ids.clld.org/values/2-520-220-1>		<http://ids.clld.org/parameters/2-520>		<http://ids.clld.org/values/2-520-174-1>		"waynɲeʔney"@mch	
"girgije"@ha	<http://ids.clld.org/values/1-730-220-3>		<http://ids.clld.org/parameters/1-730>		<http://ids.clld.org/values/1-730-174-1>		"kāʔdutu"@mch	
"tunani"@ha	<http://ids.clld.org/values/17-130-220-1>		<http://ids.clld.org/parameters/17-130>		<http://ids.clld.org/values/17-130-174-1>		"tɨtahə-nə"@mch	
"hanci"@ha	<http://ids.clld.org/values/4-230-220-1>		<http://ids.clld.org/parameters/4-230>		<http://ids.clld.org/values/4-230-174-1>		"ənna"@mch	
"bishiya"@ha	<http://ids.clld.org/values/8-600-220-3>		<http://ids.clld.org/parameters/8-600>		<http://ids.clld.org/values/8-600-174-1>		"dē"@mch	
"dare"@ha	<http://ids.clld.org/values/14-420-220-1>		<http://ids.clld.org/parameters/14-420>		<http://ids.clld.org/values/14-420-174-1>		"čomomɨ̄dɨ"@mch	
"bindi (masc.)"@ha	<http://ids.clld.org/values/4-180-220-3>		<http://ids.clld.org/parameters/4-180>		<http://ids.clld.org/values/4-180-174-1>		"dāʔkɨdɨ"@mch	
"kira"@ha	<http://ids.clld.org/values/18-420-220-1>		<http://ids.clld.org/parameters/18-420>		<http://ids.clld.org/values/18-420-174-1>		"tə̄tɨ"@mch	
"zafi"@ha	<http://ids.clld.org/values/15-850-220-1>		<http://ids.clld.org/parameters/15-850>		<http://ids.clld.org/values/15-850-174-1>		"taʔne"@mch	
"itacen girki"@ha	<http://ids.clld.org/values/1-880-220-3>		<http://ids.clld.org/parameters/1-880>		<http://ids.clld.org/values/1-880-174-1>		"-keme-dɨ"@mch	
"Ubangiji"@ha	<http://ids.clld.org/values/22-120-220-1>		<http://ids.clld.org/parameters/22-120>		<http://ids.clld.org/values/22-120-174-1>		"wanādi"@mch	
"ɗiya"@ha	<http://ids.clld.org/values/2-420-220-3>		<http://ids.clld.org/parameters/2-420>		<http://ids.clld.org/values/2-420-174-1>		"nnedɨ"@mch	
"wutsiya"@ha	<http://ids.clld.org/values/4-180-220-5>		<http://ids.clld.org/parameters/4-180>		<http://ids.clld.org/values/4-180-174-1>		"dāʔkɨdɨ"@mch	
"rake"@ha	<http://ids.clld.org/values/8-941-220-1>		<http://ids.clld.org/parameters/8-941>		<http://ids.clld.org/values/8-941-174-1>		"əšīčādɨ"@mch	
"namiji"@ha	<http://ids.clld.org/values/2-230-220-1>		<http://ids.clld.org/parameters/2-230>		<http://ids.clld.org/values/2-230-174-1>		"danwa"@mch	
"gashi"@ha	<http://ids.clld.org/values/4-393-220-1>		<http://ids.clld.org/parameters/4-393>		<http://ids.clld.org/values/4-393-174-1>		"iʔhōʔtɨ"@mch	
"kaza"@ha	<http://ids.clld.org/values/3-550-220-1>		<http://ids.clld.org/parameters/3-550>		<http://ids.clld.org/values/3-550-174-1>		"wamēdi"@mch	
"kˀaramin yaro"@ha	<http://ids.clld.org/values/2-251-220-1>		<http://ids.clld.org/parameters/2-251>		<http://ids.clld.org/values/2-251-174-1>		"mudēši"@mch	
"sa"@ha	<http://ids.clld.org/values/12-120-220-1>		<http://ids.clld.org/parameters/12-120>		<http://ids.clld.org/values/12-120-174-1>		"enɨ̄ta"@mch	
"sa"@ha	<http://ids.clld.org/values/12-120-220-1>		<http://ids.clld.org/parameters/12-120>		<http://ids.clld.org/values/12-120-174-3>		"-ehuʔta-"@mch	
"juhurma"@ha	<http://ids.clld.org/values/3-584-220-3>		<http://ids.clld.org/parameters/3-584>		<http://ids.clld.org/values/3-584-174-1>		"demōši"@mch	
"fara"@ha	<http://ids.clld.org/values/14-250-220-1>		<http://ids.clld.org/parameters/14-250>		<http://ids.clld.org/values/14-250-174-1>		"ahəntədɨ"@mch	
"yi kuka"@ha	<http://ids.clld.org/values/16-370-220-1>		<http://ids.clld.org/parameters/16-370>		<http://ids.clld.org/values/16-370-174-1>		"w-amo-nə"@mch	
"alade"@ha	<http://ids.clld.org/values/3-350-220-1>		<http://ids.clld.org/parameters/3-350>		<http://ids.clld.org/values/3-350-174-1>		"[kūši]"@mch	
"magani"@ha	<http://ids.clld.org/values/4-880-220-1>		<http://ids.clld.org/parameters/4-880>		<http://ids.clld.org/values/4-880-174-1>		"əhi"@mch	
"dama"@ha	<http://ids.clld.org/values/12-410-220-1>		<http://ids.clld.org/parameters/12-410>		<http://ids.clld.org/values/12-410-174-1>		"əmuʔdemhɨnɨ"@mch	
"aiki"@ha	<http://ids.clld.org/values/9-120-220-1>		<http://ids.clld.org/parameters/9-120>		<http://ids.clld.org/values/9-120-174-1>		"tadawāhu"@mch	
"mace"@ha	<http://ids.clld.org/values/2-220-220-1>		<http://ids.clld.org/parameters/2-220>		<http://ids.clld.org/values/2-220-174-1>		"wodi"@mch	
"huɗu"@ha	<http://ids.clld.org/values/13-40-220-1>		<http://ids.clld.org/parameters/13-40>		<http://ids.clld.org/values/13-40-174-1>		"āʔkəiʔčea"@mch	
"gishiri"@ha	<http://ids.clld.org/values/5-810-220-1>		<http://ids.clld.org/parameters/5-810>		<http://ids.clld.org/values/5-810-174-1>		"[sayu]"@mch	
"fita"@ha	<http://ids.clld.org/values/10-474-220-1>		<http://ids.clld.org/parameters/10-474>		<http://ids.clld.org/values/10-474-174-1>		"w-ehaʔka-nə"@mch	
"miji"@ha	<http://ids.clld.org/values/2-310-220-1>		<http://ids.clld.org/parameters/2-310>		<http://ids.clld.org/values/2-310-174-1>		"-ɲno"@mch	
"mutum (masc.)"@ha	<http://ids.clld.org/values/2-100-220-1>		<http://ids.clld.org/parameters/2-100>		<http://ids.clld.org/values/2-100-174-1>		"ssoto"@mch	
"namiji"@ha	<http://ids.clld.org/values/2-210-220-1>		<http://ids.clld.org/parameters/2-210>		<http://ids.clld.org/values/2-210-174-1>		"danwa"@mch	
"kˀwace"@ha	<http://ids.clld.org/values/11-140-220-1>		<http://ids.clld.org/parameters/11-140>		<http://ids.clld.org/values/11-140-174-1>		"-ahəi-"@mch	
"farko"@ha	<http://ids.clld.org/values/13-340-220-1>		<http://ids.clld.org/parameters/13-340>		<http://ids.clld.org/values/13-340-174-1>		"awaʔde"@mch	
"rawa"@ha	<http://ids.clld.org/values/10-440-220-1>		<http://ids.clld.org/parameters/10-440>		<http://ids.clld.org/values/10-440-174-1>		"-ənwa-"@mch	
"bakˀi-bakˀi"@ha	<http://ids.clld.org/values/15-630-220-3>		<http://ids.clld.org/parameters/15-630>		<http://ids.clld.org/values/15-630-174-1>		"tɨhe"@mch	
"karya (fem.)"@ha	<http://ids.clld.org/values/3-610-220-3>		<http://ids.clld.org/parameters/3-610>		<http://ids.clld.org/values/3-610-174-1>		"sɨ̄ʔna"@mch	
"ture"@ha	<http://ids.clld.org/values/10-670-220-3>		<http://ids.clld.org/parameters/10-670>		<http://ids.clld.org/values/10-670-174-1>		"-adima-dɨ"@mch	
"faɗi"@ha	<http://ids.clld.org/values/10-230-220-1>		<http://ids.clld.org/parameters/10-230>		<http://ids.clld.org/values/10-230-174-1>		"w-eduka-nə"@mch	
"kaftu"@ha	<http://ids.clld.org/values/8-220-220-3>		<http://ids.clld.org/parameters/8-220>		<http://ids.clld.org/values/8-220-174-1>		"tɨʔkādɨ"@mch	
"bada labari"@ha	<http://ids.clld.org/values/18-221-220-1>		<http://ids.clld.org/parameters/18-221>		<http://ids.clld.org/values/18-221-174-1>		"mēʔkuʔtə̄dɨ"@mch	
"mutane"@ha	<http://ids.clld.org/values/19-210-220-1>		<http://ids.clld.org/parameters/19-210>		<http://ids.clld.org/values/19-210-174-1>		"weiʔčɨ"@mch	
"bango"@ha	<http://ids.clld.org/values/7-270-220-1>		<http://ids.clld.org/parameters/7-270>		<http://ids.clld.org/values/7-270-174-1>		"həʔhudu"@mch	
"kusa da"@ha	<http://ids.clld.org/values/12-430-220-1>		<http://ids.clld.org/parameters/12-430>		<http://ids.clld.org/values/12-430-174-1>		"amoinče-ʔda"@mch	
"bakin ruwa"@ha	<http://ids.clld.org/values/10-910-220-1>		<http://ids.clld.org/parameters/10-910>		<http://ids.clld.org/values/10-910-174-1>		"wəʔtə"@mch	
"yi ihu"@ha	<http://ids.clld.org/values/18-130-220-1>		<http://ids.clld.org/parameters/18-130>		<http://ids.clld.org/values/18-130-174-1>		"kəʔtɨn-nə"@mch	
"ruwa"@ha	<http://ids.clld.org/values/1-310-220-1>		<http://ids.clld.org/parameters/1-310>		<http://ids.clld.org/values/1-310-174-1>		"tuna"@mch	
"shuka"@ha	<http://ids.clld.org/values/8-531-220-1>		<http://ids.clld.org/parameters/8-531>		<http://ids.clld.org/values/8-531-174-1>		"aiʔčɨdɨ"@mch	
"hannu"@ha	<http://ids.clld.org/values/4-310-220-1>		<http://ids.clld.org/parameters/4-310>		<http://ids.clld.org/values/4-310-174-1>		"aʔhə"@mch	
"abin ado"@ha	<http://ids.clld.org/values/6-710-220-1>		<http://ids.clld.org/parameters/6-710>		<http://ids.clld.org/values/6-710-174-1>		"sawīya"@mch	
"share"@ha	<http://ids.clld.org/values/9-370-220-1>		<http://ids.clld.org/parameters/9-370>		<http://ids.clld.org/values/9-370-174-1>		"šēmeka-dɨ"@mch	
"ni"@ha	<http://ids.clld.org/values/2-910-220-1>		<http://ids.clld.org/parameters/2-910>		<http://ids.clld.org/values/2-910-174-1>		"ɨwɨ"@mch	
"karɓa"@ha	<http://ids.clld.org/values/11-130-220-3>		<http://ids.clld.org/parameters/11-130>		<http://ids.clld.org/values/11-130-174-1>		"w-emhan-nə"@mch	
"karya"@ha	<http://ids.clld.org/values/9-260-220-3>		<http://ids.clld.org/parameters/9-260>		<http://ids.clld.org/values/9-260-174-1>		"-išiča-dɨ"@mch	
"shafe"@ha	<http://ids.clld.org/values/9-880-220-1>		<http://ids.clld.org/parameters/9-880>		<http://ids.clld.org/values/9-880-174-1>		"wānai"@mch	
"tukˀa"@ha	<http://ids.clld.org/values/5-490-220-5>		<http://ids.clld.org/parameters/5-490>		<http://ids.clld.org/values/5-490-174-1>		"-oima-dɨ"@mch	
"koyo"@ha	<http://ids.clld.org/values/17-240-220-1>		<http://ids.clld.org/parameters/17-240>		<http://ids.clld.org/values/17-240-174-1>		"-ōwanoma-"@mch	
"harbi"@ha	<http://ids.clld.org/values/20-620-220-3>		<http://ids.clld.org/parameters/20-620>		<http://ids.clld.org/values/20-620-174-1>		"t-ɨwə̄-dɨ"@mch	
"sama"@ha	<http://ids.clld.org/values/1-510-220-1>		<http://ids.clld.org/parameters/1-510>		<http://ids.clld.org/values/1-510-174-1>		"kahu"@mch	
"huta"@ha	<http://ids.clld.org/values/4-912-220-1>		<http://ids.clld.org/parameters/4-912>		<http://ids.clld.org/values/4-912-174-1>		"wə̄dētanə"@mch	
"kogo"@ha	<http://ids.clld.org/values/1-280-220-1>		<http://ids.clld.org/parameters/1-280>		<http://ids.clld.org/values/1-280-174-1>		"ewɨ̄tɨ"@mch	
"huhu"@ha	<http://ids.clld.org/values/4-441-220-1>		<http://ids.clld.org/parameters/4-441>		<http://ids.clld.org/values/4-441-174-1>		"ʔtaway-dɨ"@mch	
"samu"@ha	<http://ids.clld.org/values/11-320-220-1>		<http://ids.clld.org/parameters/11-320>		<http://ids.clld.org/values/11-320-174-1>		"edantə-dɨ"@mch	
"rauni"@ha	<http://ids.clld.org/values/4-820-220-1>		<http://ids.clld.org/parameters/4-820>		<http://ids.clld.org/values/4-820-174-1>		"āʔkedēto"@mch	
"ɗauka"@ha	<http://ids.clld.org/values/10-610-220-1>		<http://ids.clld.org/parameters/10-610>		<http://ids.clld.org/values/10-610-174-1>		"-adə̄-"@mch	
"dutse"@ha	<http://ids.clld.org/values/1-440-220-1>		<http://ids.clld.org/parameters/1-440>		<http://ids.clld.org/values/1-440-174-1>		"təʔhu"@mch	
"farko"@ha	<http://ids.clld.org/values/14-250-220-5>		<http://ids.clld.org/parameters/14-250>		<http://ids.clld.org/values/14-250-174-1>		"ahəntədɨ"@mch	
"canja"@ha	<http://ids.clld.org/values/12-930-220-3>		<http://ids.clld.org/parameters/12-930>		<http://ids.clld.org/values/12-930-174-1>		"w-ekamhiaka-nə"@mch	
"ungulu"@ha	<http://ids.clld.org/values/3-586-220-1>		<http://ids.clld.org/parameters/3-586>		<http://ids.clld.org/values/3-586-174-1>		"kudūmu"@mch	
"murya"@ha	<http://ids.clld.org/values/18-110-220-1>		<http://ids.clld.org/parameters/18-110>		<http://ids.clld.org/values/18-110-174-1>		"kəʔtɨnnə"@mch	
"gizo-gizo"@ha	<http://ids.clld.org/values/3-818-220-1>		<http://ids.clld.org/parameters/3-818>		<http://ids.clld.org/values/3-818-174-1>		"modoy"@mch	
"abawa"@ha	<http://ids.clld.org/values/6-380-220-5>		<http://ids.clld.org/parameters/6-380>		<http://ids.clld.org/values/6-380-174-1>		"hakūdimɨʔtɨ"@mch	
"tsoho"@ha	<http://ids.clld.org/values/14-150-220-1>		<http://ids.clld.org/parameters/14-150>		<http://ids.clld.org/values/14-150-174-1>		"henaʔdohə"@mch	
"ʔyar hanya"@ha	<http://ids.clld.org/values/10-720-220-3>		<http://ids.clld.org/parameters/10-720>		<http://ids.clld.org/values/10-720-174-1>		"ə̄ma"@mch	
"ɓace"@ha	<http://ids.clld.org/values/11-330-220-3>		<http://ids.clld.org/parameters/11-330>		<http://ids.clld.org/values/11-330-174-1>		"w-ənnanɨʔ-nə"@mch	
"gajere"@ha	<http://ids.clld.org/values/12-590-220-1>		<http://ids.clld.org/parameters/12-590>		<http://ids.clld.org/values/12-590-174-1>		"tawedato"@mch	
"tari"@ha	<http://ids.clld.org/values/4-530-220-1>		<http://ids.clld.org/parameters/4-530>		<http://ids.clld.org/values/4-530-174-1>		"təinšiʔho"@mch	
"kˀashi"@ha	<http://ids.clld.org/values/4-160-220-1>		<http://ids.clld.org/parameters/4-160>		<http://ids.clld.org/values/4-160-174-1>		"yēʔhə"@mch	
"sauri"@ha	<http://ids.clld.org/values/14-210-220-1>		<http://ids.clld.org/parameters/14-210>		<http://ids.clld.org/values/14-210-174-1>		"tamhə̄ʔne"@mch	
"nema"@ha	<http://ids.clld.org/values/11-310-220-1>		<http://ids.clld.org/parameters/11-310>		<http://ids.clld.org/values/11-310-174-1>		"uhīyɨ"@mch	
"kurciya"@ha	<http://ids.clld.org/values/3-594-220-1>		<http://ids.clld.org/parameters/3-594>		<http://ids.clld.org/values/3-594-174-1>		"hadūma"@mch	
"hau"@ha	<http://ids.clld.org/values/10-472-220-1>		<http://ids.clld.org/parameters/10-472>		<http://ids.clld.org/values/10-472-174-1>		"-annuʔku-"@mch	
"rana"@ha	<http://ids.clld.org/values/1-520-220-1>		<http://ids.clld.org/parameters/1-520>		<http://ids.clld.org/values/1-520-174-1>		"šī"@mch	
"fata"@ha	<http://ids.clld.org/values/4-120-220-1>		<http://ids.clld.org/parameters/4-120>		<http://ids.clld.org/values/4-120-174-1>		"hiʔhə"@mch	
"mama"@ha	<http://ids.clld.org/values/4-410-220-3>		<http://ids.clld.org/parameters/4-410>		<http://ids.clld.org/values/4-410-174-1>		"ʔdohɨ-dɨ"@mch	
"makamashi"@ha	<http://ids.clld.org/values/1-880-220-1>		<http://ids.clld.org/parameters/1-880>		<http://ids.clld.org/values/1-880-174-1>		"-keme-dɨ"@mch	
"zare"@ha	<http://ids.clld.org/values/6-380-220-1>		<http://ids.clld.org/parameters/6-380>		<http://ids.clld.org/values/6-380-174-1>		"hakūdimɨʔtɨ"@mch	
"aku"@ha	<http://ids.clld.org/values/3-592-220-1>		<http://ids.clld.org/parameters/3-592>		<http://ids.clld.org/values/3-592-174-1>		"[dodo]"@mch	
"furfura"@ha	<http://ids.clld.org/values/11-830-220-1>		<http://ids.clld.org/parameters/11-830>		<http://ids.clld.org/values/11-830-174-1>		"wətəʔtihānə"@mch	
"tsauni"@ha	<http://ids.clld.org/values/1-220-220-7>		<http://ids.clld.org/parameters/1-220>		<http://ids.clld.org/values/1-220-174-1>		"hɨ̄"@mch	
"wukˀa"@ha	<http://ids.clld.org/values/9-230-220-1>		<http://ids.clld.org/parameters/9-230>		<http://ids.clld.org/values/9-230-174-1>		"kɨmɨʔkə"@mch	
"shekˀa"@ha	<http://ids.clld.org/values/3-580-220-1>		<http://ids.clld.org/parameters/3-580>		<http://ids.clld.org/values/3-580-174-1>		"danɲami"@mch	
"busa"@ha	<http://ids.clld.org/values/10-380-220-3>		<http://ids.clld.org/parameters/10-380>		<http://ids.clld.org/values/10-380-174-1>		"yaičumā-dɨ"@mch	
"ganye"@ha	<http://ids.clld.org/values/8-560-220-1>		<http://ids.clld.org/parameters/8-560>		<http://ids.clld.org/values/8-560-174-1>		"yadɨ"@mch	
"kafin"@ha	<http://ids.clld.org/values/12-40-220-1>		<http://ids.clld.org/parameters/12-40>		<http://ids.clld.org/values/12-40-174-1>		"owāho"@mch	
"kafin"@ha	<http://ids.clld.org/values/12-40-220-1>		<http://ids.clld.org/parameters/12-40>		<http://ids.clld.org/values/12-40-174-3>		"awaʔde"@mch	
"rawaya"@ha	<http://ids.clld.org/values/15-690-220-1>		<http://ids.clld.org/parameters/15-690>		<http://ids.clld.org/values/15-690-174-1>		"kɨnota"@mch	
"wa"@ha	<http://ids.clld.org/values/17-680-220-1>		<http://ids.clld.org/parameters/17-680>		<http://ids.clld.org/values/17-680-174-1>		"ənə̄kɨ"@mch	
"ɗan Adam"@ha	<http://ids.clld.org/values/2-100-220-5>		<http://ids.clld.org/parameters/2-100>		<http://ids.clld.org/values/2-100-174-1>		"ssoto"@mch	
"yi magana"@ha	<http://ids.clld.org/values/18-210-220-1>		<http://ids.clld.org/parameters/18-210>		<http://ids.clld.org/values/18-210-174-1>		"w-aʔdew-nə"@mch	
"mugu"@ha	<http://ids.clld.org/values/16-720-220-3>		<http://ids.clld.org/parameters/16-720>		<http://ids.clld.org/values/16-720-174-1>		"kənemhɨnɨ"@mch	
"kunkuru"@ha	<http://ids.clld.org/values/3-980-220-1>		<http://ids.clld.org/parameters/3-980>		<http://ids.clld.org/values/3-980-174-1>		"heʔde"@mch	
"mashi"@ha	<http://ids.clld.org/values/20-260-220-1>		<http://ids.clld.org/parameters/20-260>		<http://ids.clld.org/values/20-260-174-1>		"sukuhi"@mch	
"bishiya"@ha	<http://ids.clld.org/values/1-420-220-1>		<http://ids.clld.org/parameters/1-420>		<http://ids.clld.org/values/1-420-174-1>		"dē"@mch	
"dama"@ha	<http://ids.clld.org/values/5-490-220-3>		<http://ids.clld.org/parameters/5-490>		<http://ids.clld.org/values/5-490-174-1>		"-oima-dɨ"@mch	
"maras nauyi"@ha	<http://ids.clld.org/values/15-820-220-1>		<http://ids.clld.org/parameters/15-820>		<http://ids.clld.org/values/15-820-174-1>		"tawāhe"@mch	
"sakˀa"@ha	<http://ids.clld.org/values/9-750-220-1>		<http://ids.clld.org/parameters/9-750>		<http://ids.clld.org/values/9-750-174-1>		"aʔtoʔtotoʔho"@mch	
"nome"@ha	<http://ids.clld.org/values/8-220-220-5>		<http://ids.clld.org/parameters/8-220>		<http://ids.clld.org/values/8-220-174-1>		"tɨʔkādɨ"@mch	
"zanzaro"@ha	<http://ids.clld.org/values/3-823-220-1>		<http://ids.clld.org/parameters/3-823>		<http://ids.clld.org/values/3-823-174-1>		"sūnwa"@mch	
"faffaɗa"@ha	<http://ids.clld.org/values/12-610-220-3>		<http://ids.clld.org/parameters/12-610>		<http://ids.clld.org/values/12-610-174-1>		"taʔhuhūne"@mch	
"kˀafa"@ha	<http://ids.clld.org/values/4-370-220-1>		<http://ids.clld.org/parameters/4-370>		<http://ids.clld.org/values/4-370-174-1>		"hūdu"@mch	
"yi mafarki"@ha	<http://ids.clld.org/values/4-620-220-1>		<http://ids.clld.org/parameters/4-620>		<http://ids.clld.org/values/4-620-174-1>		"wənētɨnə"@mch	
"tsibiri"@ha	<http://ids.clld.org/values/1-250-220-1>		<http://ids.clld.org/parameters/1-250>		<http://ids.clld.org/values/1-250-174-1>		"dantadɨ"@mch	
"leɓe"@ha	<http://ids.clld.org/values/4-250-220-1>		<http://ids.clld.org/parameters/4-250>		<http://ids.clld.org/values/4-250-174-1>		"ə̄ʔhi"@mch	
"sayar"@ha	<http://ids.clld.org/values/11-820-220-3>		<http://ids.clld.org/parameters/11-820>		<http://ids.clld.org/values/11-820-174-1>		"ehema-hoi"@mch	
"tarko"@ha	<http://ids.clld.org/values/20-640-220-1>		<http://ids.clld.org/parameters/20-640>		<http://ids.clld.org/values/20-640-174-1>		"hāno"@mch	
"yaro"@ha	<http://ids.clld.org/values/2-250-220-1>		<http://ids.clld.org/parameters/2-250>		<http://ids.clld.org/values/2-250-174-1>		"mudekə̄kə"@mch	
"figini"@ha	<http://ids.clld.org/values/9-790-220-5>		<http://ids.clld.org/parameters/9-790>		<http://ids.clld.org/values/9-790-174-1>		"wadi-wadi"@mch	
"so"@ha	<http://ids.clld.org/values/16-620-220-1>		<http://ids.clld.org/parameters/16-620>		<http://ids.clld.org/values/16-620-174-1>		"hyumma-dɨ"@mch	
"fafara"@ha	<http://ids.clld.org/values/10-530-220-1>		<http://ids.clld.org/parameters/10-530>		<http://ids.clld.org/values/10-530-174-1>		"-aheʔka-dɨ"@mch	
"yaga"@ha	<http://ids.clld.org/values/9-280-220-1>		<http://ids.clld.org/parameters/9-280>		<http://ids.clld.org/values/9-280-174-1>		"-iši-"@mch	
"ɗaki"@ha	<http://ids.clld.org/values/7-210-220-1>		<http://ids.clld.org/parameters/7-210>		<http://ids.clld.org/values/7-210-174-1>		"əʔsa"@mch	
"zubowan ruwa"@ha	<http://ids.clld.org/values/1-390-220-1>		<http://ids.clld.org/parameters/1-390>		<http://ids.clld.org/values/1-390-174-1>		"yedukadɨ"@mch	
"dasashe"@ha	<http://ids.clld.org/values/15-790-220-1>		<http://ids.clld.org/parameters/15-790>		<http://ids.clld.org/values/15-790-174-1>		"tuhuʔhūdato"@mch	
"kˀane"@ha	<http://ids.clld.org/values/2-445-220-1>		<http://ids.clld.org/parameters/2-445>		<http://ids.clld.org/values/2-445-174-1>		"šīʔčɨ"@mch	
"rana"@ha	<http://ids.clld.org/values/14-410-220-1>		<http://ids.clld.org/parameters/14-410>		<http://ids.clld.org/values/14-410-174-1>		"anə̄to"@mch	
"yi yaki"@ha	<http://ids.clld.org/values/20-110-220-3>		<http://ids.clld.org/parameters/20-110>		<http://ids.clld.org/values/20-110-174-1>		"wətə̄nehānə"@mch	
"daji"@ha	<http://ids.clld.org/values/1-410-220-1>		<http://ids.clld.org/parameters/1-410>		<http://ids.clld.org/values/1-410-174-1>		"čūta"@mch	
"kwano"@ha	<http://ids.clld.org/values/5-280-220-1>		<http://ids.clld.org/parameters/5-280>		<http://ids.clld.org/values/5-280-174-1>		"ʔtadī-yɨ"@mch	
"ɗan-"@ha	<http://ids.clld.org/values/2-530-220-1>		<http://ids.clld.org/parameters/2-530>		<http://ids.clld.org/values/2-530-174-1>		"honɨ"@mch	
"ɗan-"@ha	<http://ids.clld.org/values/2-530-220-1>		<http://ids.clld.org/parameters/2-530>		<http://ids.clld.org/values/2-530-174-3>		"honɨ-kə"@mch	
"dutse"@ha	<http://ids.clld.org/values/1-220-220-1>		<http://ids.clld.org/parameters/1-220>		<http://ids.clld.org/values/1-220-174-1>		"hɨ̄"@mch	
"yaya"@ha	<http://ids.clld.org/values/17-610-220-1>		<http://ids.clld.org/parameters/17-610>		<http://ids.clld.org/values/17-610-174-1>		"ākene"@mch	
"na kirki"@ha	<http://ids.clld.org/values/16-710-220-3>		<http://ids.clld.org/parameters/16-710>		<http://ids.clld.org/values/16-710-174-1>		"ašiča"@mch	
"shi (masc.)"@ha	<http://ids.clld.org/values/2-930-220-1>		<http://ids.clld.org/parameters/2-930>		<http://ids.clld.org/values/2-930-174-1>		"tɨwɨ"@mch	
"kwaranga"@ha	<http://ids.clld.org/values/7-370-220-3>		<http://ids.clld.org/parameters/7-370>		<http://ids.clld.org/values/7-370-174-1>		"inɲahuʔtahə"@mch	
"su"@ha	<http://ids.clld.org/values/2-960-220-1>		<http://ids.clld.org/parameters/2-960>		<http://ids.clld.org/values/2-960-174-1>		"tɨnwano"@mch	
"raba"@ha	<http://ids.clld.org/values/12-230-220-3>		<http://ids.clld.org/parameters/12-230>		<http://ids.clld.org/values/12-230-174-1>		"šādamadɨ̄he"@mch	
"jefa"@ha	<http://ids.clld.org/values/10-250-220-1>		<http://ids.clld.org/parameters/10-250>		<http://ids.clld.org/values/10-250-174-1>		"himā-dɨ"@mch	
"duc̣i"@ha	<http://ids.clld.org/values/1-220-220-3>		<http://ids.clld.org/parameters/1-220>		<http://ids.clld.org/values/1-220-174-1>		"hɨ̄"@mch	
"yi shaʔawa"@ha	<http://ids.clld.org/values/16-620-220-3>		<http://ids.clld.org/parameters/16-620>		<http://ids.clld.org/values/16-620-174-1>		"hyumma-dɨ"@mch	
"kaka (mace)"@ha	<http://ids.clld.org/values/2-470-220-1>		<http://ids.clld.org/parameters/2-470>		<http://ids.clld.org/values/2-470-174-1>		"-tamū-du"@mch	
"ajiye"@ha	<http://ids.clld.org/values/12-120-220-7>		<http://ids.clld.org/parameters/12-120>		<http://ids.clld.org/values/12-120-174-1>		"enɨ̄ta"@mch	
"ajiye"@ha	<http://ids.clld.org/values/12-120-220-7>		<http://ids.clld.org/parameters/12-120>		<http://ids.clld.org/values/12-120-174-3>		"-ehuʔta-"@mch	
"sutura"@ha	<http://ids.clld.org/values/6-120-220-3>		<http://ids.clld.org/parameters/6-120>		<http://ids.clld.org/values/6-120-174-1>		"womɨ"@mch	
"don me"@ha	<http://ids.clld.org/values/17-690-220-1>		<http://ids.clld.org/parameters/17-690>		<http://ids.clld.org/values/17-690-174-1>		"ākene yeihəkə"@mch	
"sanyi"@ha	<http://ids.clld.org/values/15-860-220-1>		<http://ids.clld.org/parameters/15-860>		<http://ids.clld.org/values/15-860-174-1>		"kəmme"@mch	
"ci"@ha	<http://ids.clld.org/values/11-330-220-7>		<http://ids.clld.org/parameters/11-330>		<http://ids.clld.org/values/11-330-174-1>		"w-ənnanɨʔ-nə"@mch	
"fenti"@ha	<http://ids.clld.org/values/9-880-220-3>		<http://ids.clld.org/parameters/9-880>		<http://ids.clld.org/values/9-880-174-1>		"wānai"@mch	
"bayan"@ha	<http://ids.clld.org/values/12-10-220-1>		<http://ids.clld.org/parameters/12-10>		<http://ids.clld.org/values/12-10-174-1>		"yə̄ʔhəhe"@mch	
"fara"@ha	<http://ids.clld.org/values/3-930-220-1>		<http://ids.clld.org/parameters/3-930>		<http://ids.clld.org/values/3-930-174-1>		"kɨdatay"@mch	
"ɗanye"@ha	<http://ids.clld.org/values/5-124-220-1>		<http://ids.clld.org/parameters/5-124>		<http://ids.clld.org/values/5-124-174-1>		"šēne"@mch	
"ɗaya"@ha	<http://ids.clld.org/values/13-10-220-1>		<http://ids.clld.org/parameters/13-10>		<http://ids.clld.org/values/13-10-174-1>		"tōni"@mch	
"taushi"@ha	<http://ids.clld.org/values/15-750-220-3>		<http://ids.clld.org/parameters/15-750>		<http://ids.clld.org/values/15-750-174-1>		"tɨwansuʔde"@mch	
"farauta"@ha	<http://ids.clld.org/values/20-610-220-1>		<http://ids.clld.org/parameters/20-610>		<http://ids.clld.org/values/20-610-174-1>		"emanɲuhɨdɨ"@mch	
"jika"@ha	<http://ids.clld.org/values/2-480-220-1>		<http://ids.clld.org/parameters/2-480>		<http://ids.clld.org/values/2-480-174-1>		"hādɨ"@mch	
"sha [taba]"@ha	<http://ids.clld.org/values/8-690-220-1>		<http://ids.clld.org/parameters/8-690>		<http://ids.clld.org/values/8-690-174-1>		"-eima-"@mch	
"bakˀin ciki"@ha	<http://ids.clld.org/values/16-320-220-1>		<http://ids.clld.org/parameters/16-320>		<http://ids.clld.org/values/16-320-174-1>		"wentumhe"@mch	
"datti"@ha	<http://ids.clld.org/values/15-880-220-3>		<http://ids.clld.org/parameters/15-880>		<http://ids.clld.org/values/15-880-174-1>		"nossahe"@mch	
"shiga"@ha	<http://ids.clld.org/values/10-570-220-1>		<http://ids.clld.org/parameters/10-570>		<http://ids.clld.org/values/10-570-174-1>		"w-omon-nə"@mch	
"ɗinka"@ha	<http://ids.clld.org/values/6-350-220-1>		<http://ids.clld.org/parameters/6-350>		<http://ids.clld.org/values/6-350-174-1>		"šōka-dɨ"@mch	
"wane lokaci"@ha	<http://ids.clld.org/values/17-650-220-3>		<http://ids.clld.org/parameters/17-650>		<http://ids.clld.org/values/17-650-174-1>		"əičənnāwəkə"@mch	
"kˀasa"@ha	<http://ids.clld.org/values/1-212-220-1>		<http://ids.clld.org/parameters/1-212>		<http://ids.clld.org/values/1-212-174-1>		"nono"@mch	
"dauɗa"@ha	<http://ids.clld.org/values/15-880-220-1>		<http://ids.clld.org/parameters/15-880>		<http://ids.clld.org/values/15-880-174-1>		"nossahe"@mch	
"taso kan ruwa"@ha	<http://ids.clld.org/values/10-340-220-1>		<http://ids.clld.org/parameters/10-340>		<http://ids.clld.org/values/10-340-174-1>		"tɨtāwaʔta"@mch	
"yi amai"@ha	<http://ids.clld.org/values/4-570-220-1>		<http://ids.clld.org/parameters/4-570>		<http://ids.clld.org/values/4-570-174-1>		"wenaʔtahəʔeʔnə"@mch	
"yi yawo"@ha	<http://ids.clld.org/values/10-450-220-1>		<http://ids.clld.org/parameters/10-450>		<http://ids.clld.org/values/10-450-174-1>		"w-ōhoyma-nə"@mch	
"takʔwabin yaki"@ha	<http://ids.clld.org/values/20-222-220-1>		<http://ids.clld.org/parameters/20-222>		<http://ids.clld.org/values/20-222-174-1>		"wɨ̄wɨ"@mch	
"ɗa"@ha	<http://ids.clld.org/values/2-410-220-1>		<http://ids.clld.org/parameters/2-410>		<http://ids.clld.org/values/2-410-174-1>		"nnedɨ"@mch	
"farfajiya"@ha	<http://ids.clld.org/values/7-150-220-1>		<http://ids.clld.org/parameters/7-150>		<http://ids.clld.org/values/7-150-174-1>		"hɨdōdo"@mch	
"yaro (masc.)"@ha	<http://ids.clld.org/values/2-270-220-1>		<http://ids.clld.org/parameters/2-270>		<http://ids.clld.org/values/2-270-174-1>		"nnedɨ"@mch	
"maciji"@ha	<http://ids.clld.org/values/3-850-220-1>		<http://ids.clld.org/parameters/3-850>		<http://ids.clld.org/values/3-850-174-1>		"əkə̄yu"@mch	
"kewayayye"@ha	<http://ids.clld.org/values/12-810-220-1>		<http://ids.clld.org/parameters/12-810>		<http://ids.clld.org/values/12-810-174-1>		"kokkoduhaʔto"@mch	
"kaka (namiji)"@ha	<http://ids.clld.org/values/2-460-220-1>		<http://ids.clld.org/parameters/2-460>		<http://ids.clld.org/values/2-460-174-1>		"kōko"@mch	
"kyakkyawa"@ha	<http://ids.clld.org/values/16-810-220-1>		<http://ids.clld.org/parameters/16-810>		<http://ids.clld.org/values/16-810-174-1>		"inɲatahe"@mch	
"tsakiya"@ha	<http://ids.clld.org/values/12-370-220-1>		<http://ids.clld.org/parameters/12-370>		<http://ids.clld.org/values/12-370-174-1>		"annai"@mch	
"garu"@ha	<http://ids.clld.org/values/7-270-220-3>		<http://ids.clld.org/parameters/7-270>		<http://ids.clld.org/values/7-270-174-1>		"həʔhudu"@mch	
"a kˀasa"@ha	<http://ids.clld.org/values/12-30-220-1>		<http://ids.clld.org/parameters/12-30>		<http://ids.clld.org/values/12-30-174-1>		"doʔnə"@mch	
"gashi"@ha	<http://ids.clld.org/values/4-140-220-1>		<http://ids.clld.org/parameters/4-140>		<http://ids.clld.org/values/4-140-174-1>		"hū"@mch	
"katako"@ha	<http://ids.clld.org/values/7-570-220-1>		<http://ids.clld.org/parameters/7-570>		<http://ids.clld.org/values/7-570-174-1>		"[tadwa]"@mch	
"suruki"@ha	<http://ids.clld.org/values/2-610-220-1>		<http://ids.clld.org/parameters/2-610>		<http://ids.clld.org/values/2-610-174-1>		"wōdɨ̄mə"@mch	
"jamaʔa"@ha	<http://ids.clld.org/values/19-210-220-3>		<http://ids.clld.org/parameters/19-210>		<http://ids.clld.org/values/19-210-174-1>		"weiʔčɨ"@mch	
"Allah"@ha	<http://ids.clld.org/values/22-120-220-3>		<http://ids.clld.org/parameters/22-120>		<http://ids.clld.org/values/22-120-174-1>		"wanādi"@mch	
"kumburi"@ha	<http://ids.clld.org/values/4-853-220-1>		<http://ids.clld.org/parameters/4-853>		<http://ids.clld.org/values/4-853-174-1>		"awonɲəʔkādɨ"@mch	
"karawa"@ha	<http://ids.clld.org/values/1-870-220-3>		<http://ids.clld.org/parameters/1-870>		<http://ids.clld.org/values/1-870-174-1>		"tɨsočāmɨ"@mch	
"farce"@ha	<http://ids.clld.org/values/4-344-220-1>		<http://ids.clld.org/parameters/4-344>		<http://ids.clld.org/values/4-344-174-1>		"əmmi"@mch	
"a sama"@ha	<http://ids.clld.org/values/12-80-220-1>		<http://ids.clld.org/parameters/12-80>		<http://ids.clld.org/values/12-80-174-1>		"kawə̄"@mch	
"mu"@ha	<http://ids.clld.org/values/2-942-220-1>		<http://ids.clld.org/parameters/2-942>		<http://ids.clld.org/values/2-942-174-1>		"nɲa"@mch	
"gora"@ha	<http://ids.clld.org/values/8-940-220-1>		<http://ids.clld.org/parameters/8-940>		<http://ids.clld.org/values/8-940-174-1>		"dahu"@mch	
"gama"@ha	<http://ids.clld.org/values/14-270-220-1>		<http://ids.clld.org/parameters/14-270>		<http://ids.clld.org/values/14-270-174-1>		"w-əʔka-nə"@mch	
"ruhi"@ha	<http://ids.clld.org/values/16-110-220-3>		<http://ids.clld.org/parameters/16-110>		<http://ids.clld.org/values/16-110-174-1>		"dōʔta"@mch	
"rataya"@ha	<http://ids.clld.org/values/9-341-220-1>		<http://ids.clld.org/parameters/9-341>		<http://ids.clld.org/values/9-341-174-1>		"-ewaʔtə-dɨ"@mch	
"kauri"@ha	<http://ids.clld.org/values/12-630-220-1>		<http://ids.clld.org/parameters/12-630>		<http://ids.clld.org/values/12-630-174-1>		"hūšīhe"@mch	
"ɗan'uwa"@ha	<http://ids.clld.org/values/2-440-220-1>		<http://ids.clld.org/parameters/2-440>		<http://ids.clld.org/values/2-440-174-1>		"-nuwā-dɨ"@mch	
"kaɗan"@ha	<http://ids.clld.org/values/13-170-220-1>		<http://ids.clld.org/parameters/13-170>		<http://ids.clld.org/values/13-170-174-1>		"ākəʔkə"@mch	
"da yawa"@ha	<http://ids.clld.org/values/13-150-220-3>		<http://ids.clld.org/parameters/13-150>		<http://ids.clld.org/values/13-150-174-1>		"hōhe"@mch	
"kyanwa"@ha	<http://ids.clld.org/values/3-620-220-1>		<http://ids.clld.org/parameters/3-620>		<http://ids.clld.org/values/3-620-174-1>		"[mēši]"@mch	
"mace"@ha	<http://ids.clld.org/values/2-240-220-1>		<http://ids.clld.org/parameters/2-240>		<http://ids.clld.org/values/2-240-174-1>		"wodi"@mch	
"me ya sa"@ha	<http://ids.clld.org/values/17-690-220-3>		<http://ids.clld.org/parameters/17-690>		<http://ids.clld.org/values/17-690-174-1>		"ākene yeihəkə"@mch	
"warkar"@ha	<http://ids.clld.org/values/4-860-220-1>		<http://ids.clld.org/parameters/4-860>		<http://ids.clld.org/values/4-860-174-1>		"adonkadɨ"@mch	
"ciza"@ha	<http://ids.clld.org/values/4-580-220-1>		<http://ids.clld.org/parameters/4-580>		<http://ids.clld.org/values/4-580-174-1>		"ēkādɨ"@mch	
"kira"@ha	<http://ids.clld.org/values/18-410-220-3>		<http://ids.clld.org/parameters/18-410>		<http://ids.clld.org/values/18-410-174-1>		"aʔdewhaʔdɨ"@mch	
"yaushe"@ha	<http://ids.clld.org/values/17-650-220-1>		<http://ids.clld.org/parameters/17-650>		<http://ids.clld.org/values/17-650-174-1>		"əičənnāwəkə"@mch	
"adda"@ha	<http://ids.clld.org/values/9-250-220-1>		<http://ids.clld.org/parameters/9-250>		<http://ids.clld.org/values/9-250-174-1>		"wɨ̄wɨ"@mch	
"soma"@ha	<http://ids.clld.org/values/14-250-220-3>		<http://ids.clld.org/parameters/14-250>		<http://ids.clld.org/values/14-250-174-1>		"ahəntədɨ"@mch	
"matsa"@ha	<http://ids.clld.org/values/9-343-220-1>		<http://ids.clld.org/parameters/9-343>		<http://ids.clld.org/values/9-343-174-1>		"eʔkukā-dɨ"@mch	
"maras fāɗi"@ha	<http://ids.clld.org/values/12-620-220-1>		<http://ids.clld.org/parameters/12-620>		<http://ids.clld.org/values/12-620-174-3>		"anwakɨme"@mch	
"maras fāɗi"@ha	<http://ids.clld.org/values/12-620-220-1>		<http://ids.clld.org/parameters/12-620>		<http://ids.clld.org/values/12-620-174-1>		"danwadɨ"@mch	
"uwa"@ha	<http://ids.clld.org/values/2-360-220-1>		<http://ids.clld.org/parameters/2-360>		<http://ids.clld.org/values/2-360-174-1>		"denɨ"@mch	
"majina"@ha	<http://ids.clld.org/values/4-232-220-1>		<http://ids.clld.org/parameters/4-232>		<http://ids.clld.org/values/4-232-174-1>		"ənuʔtə"@mch	
"buga"@ha	<http://ids.clld.org/values/9-210-220-5>		<http://ids.clld.org/parameters/9-210>		<http://ids.clld.org/values/9-210-174-1>		"-aiʔhuka-dɨ"@mch	
"bari"@ha	<http://ids.clld.org/values/19-470-220-3>		<http://ids.clld.org/parameters/19-470>		<http://ids.clld.org/values/19-470-174-1>		"tɨdɨho-dɨ"@mch	
"jinka"@ha	<http://ids.clld.org/values/7-510-220-3>		<http://ids.clld.org/parameters/7-510>		<http://ids.clld.org/values/7-510-174-1>		"aməʔhɨdɨ"@mch	
"sarki"@ha	<http://ids.clld.org/values/19-240-220-1>		<http://ids.clld.org/parameters/19-240>		<http://ids.clld.org/values/19-240-174-1>		"ədāhə"@mch	
"'ya'ya"@ha	<http://ids.clld.org/values/2-430-220-1>		<http://ids.clld.org/parameters/2-430>		<http://ids.clld.org/values/2-430-174-1>		"nnedɨ"@mch	
"kˀafa"@ha	<http://ids.clld.org/values/4-350-220-1>		<http://ids.clld.org/parameters/4-350>		<http://ids.clld.org/values/4-350-174-1>		"hētɨ"@mch	
"ashirin"@ha	<http://ids.clld.org/values/13-104-220-1>		<http://ids.clld.org/parameters/13-104>		<http://ids.clld.org/values/13-104-174-1>		"tōni ssoto"@mch	
"kurada"@ha	<http://ids.clld.org/values/9-250-220-5>		<http://ids.clld.org/parameters/9-250>		<http://ids.clld.org/values/9-250-174-1>		"wɨ̄wɨ"@mch	
"ke (fem.)"@ha	<http://ids.clld.org/values/2-920-220-3>		<http://ids.clld.org/parameters/2-920>		<http://ids.clld.org/values/2-920-174-1>		"əmədə"@mch	
"saka"@ha	<http://ids.clld.org/values/12-120-220-3>		<http://ids.clld.org/parameters/12-120>		<http://ids.clld.org/values/12-120-174-1>		"enɨ̄ta"@mch	
"saka"@ha	<http://ids.clld.org/values/12-120-220-3>		<http://ids.clld.org/parameters/12-120>		<http://ids.clld.org/values/12-120-174-3>		"-ehuʔta-"@mch	
"harshen wuta"@ha	<http://ids.clld.org/values/1-820-220-1>		<http://ids.clld.org/parameters/1-820>		<http://ids.clld.org/values/1-820-174-1>		"wāʔto"@mch	
"gajimare"@ha	<http://ids.clld.org/values/1-730-220-1>		<http://ids.clld.org/parameters/1-730>		<http://ids.clld.org/values/1-730-174-1>		"kāʔdutu"@mch	
"ruwan sama"@ha	<http://ids.clld.org/values/1-750-220-1>		<http://ids.clld.org/parameters/1-750>		<http://ids.clld.org/values/1-750-174-1>		"konōho"@mch	
"'ya'yan itace"@ha	<http://ids.clld.org/values/5-710-220-1>		<http://ids.clld.org/parameters/5-710>		<http://ids.clld.org/values/5-710-174-1>		"čə̄hɨdɨ̄-hɨdɨ"@mch	
"kˀaunata"@ha	<http://ids.clld.org/values/16-270-220-3>		<http://ids.clld.org/parameters/16-270>		<http://ids.clld.org/values/16-270-174-1>		"hyumma-dɨ"@mch	
"kunama"@ha	<http://ids.clld.org/values/3-815-220-1>		<http://ids.clld.org/parameters/3-815>		<http://ids.clld.org/values/3-815-174-1>		"mɨnə̄tə"@mch	
"mutu"@ha	<http://ids.clld.org/values/4-750-220-1>		<http://ids.clld.org/parameters/4-750>		<http://ids.clld.org/values/4-750-174-1>		"-əma-"@mch	
"shaiɗan"@ha	<http://ids.clld.org/values/22-350-220-1>		<http://ids.clld.org/parameters/22-350>		<http://ids.clld.org/values/22-350-174-1>		"kahūšawa"@mch	
"sama"@ha	<http://ids.clld.org/values/12-310-220-3>		<http://ids.clld.org/parameters/12-310>		<http://ids.clld.org/values/12-310-174-1>		"kawə"@mch	
"guguwa"@ha	<http://ids.clld.org/values/1-720-220-3>		<http://ids.clld.org/parameters/1-720>		<http://ids.clld.org/values/1-720-174-1>		"hehēnčə"@mch	
"abokin wasa"@ha	<http://ids.clld.org/values/2-550-220-5>		<http://ids.clld.org/parameters/2-550>		<http://ids.clld.org/values/2-550-174-1>		"waiɲe"@mch	
"abokin wasa"@ha	<http://ids.clld.org/values/2-550-220-5>		<http://ids.clld.org/parameters/2-550>		<http://ids.clld.org/values/2-550-174-3>		"yāʔko"@mch	
"ruwan ɗorawa"@ha	<http://ids.clld.org/values/15-690-220-3>		<http://ids.clld.org/parameters/15-690>		<http://ids.clld.org/values/15-690-174-1>		"kɨnota"@mch	
"zauna"@ha	<http://ids.clld.org/values/12-130-220-1>		<http://ids.clld.org/parameters/12-130>		<http://ids.clld.org/values/12-130-174-1>		"w-atahhimā-nə"@mch	
"yare"@ha	<http://ids.clld.org/values/18-240-220-3>		<http://ids.clld.org/parameters/18-240>		<http://ids.clld.org/values/18-240-174-1>		"āʔdewʔkwe"@mch	
"fasa"@ha	<http://ids.clld.org/values/12-320-220-1>		<http://ids.clld.org/parameters/12-320>		<http://ids.clld.org/values/12-320-174-1>		"nonohoʔčə"@mch	
"takwas"@ha	<http://ids.clld.org/values/13-80-220-1>		<http://ids.clld.org/parameters/13-80>		<http://ids.clld.org/values/13-80-174-1>		"aduwawə amohaʔto"@mch	
"malam"@ha	<http://ids.clld.org/values/17-270-220-1>		<http://ids.clld.org/parameters/17-270>		<http://ids.clld.org/values/17-270-174-1>		"yowānomani"@mch	
"gida"@ha	<http://ids.clld.org/values/7-120-220-1>		<http://ids.clld.org/parameters/7-120>		<http://ids.clld.org/values/7-120-174-1>		"mmā"@mch	
"mene ne"@ha	<http://ids.clld.org/values/17-640-220-3>		<http://ids.clld.org/parameters/17-640>		<http://ids.clld.org/values/17-640-174-1>		"ākene"@mch	
"babu"@ha	<http://ids.clld.org/values/17-560-220-3>		<http://ids.clld.org/parameters/17-560>		<http://ids.clld.org/values/17-560-174-1>		"mmʔhm"@mch	
"ɗan'uwa"@ha	<http://ids.clld.org/values/2-550-220-1>		<http://ids.clld.org/parameters/2-550>		<http://ids.clld.org/values/2-550-174-1>		"waiɲe"@mch	
"ɗan'uwa"@ha	<http://ids.clld.org/values/2-550-220-1>		<http://ids.clld.org/parameters/2-550>		<http://ids.clld.org/values/2-550-174-3>		"yāʔko"@mch	
"jirgi"@ha	<http://ids.clld.org/values/10-831-220-3>		<http://ids.clld.org/parameters/10-831>		<http://ids.clld.org/values/10-831-174-1>		"[kanowa]"@mch	
"kujera"@ha	<http://ids.clld.org/values/7-430-220-1>		<http://ids.clld.org/parameters/7-430>		<http://ids.clld.org/values/7-430-174-1>		"āʔtəy"@mch	
"ina"@ha	<http://ids.clld.org/values/17-660-220-1>		<http://ids.clld.org/parameters/17-660>		<http://ids.clld.org/values/17-660-174-1>		"ə̄iša"@mch	
"barci"@ha	<http://ids.clld.org/values/4-610-220-1>		<http://ids.clld.org/parameters/4-610>		<http://ids.clld.org/values/4-610-174-1>		"w-ɨnɨʔ-nə"@mch	
"hanya"@ha	<http://ids.clld.org/values/10-710-220-1>		<http://ids.clld.org/parameters/10-710>		<http://ids.clld.org/values/10-710-174-1>		"ə̄ma"@mch	
"lafiya"@ha	<http://ids.clld.org/values/4-830-220-1>		<http://ids.clld.org/parameters/4-830>		<http://ids.clld.org/values/4-830-174-1>		"tadəinɲe"@mch	
"sama"@ha	<http://ids.clld.org/values/12-330-220-1>		<http://ids.clld.org/parameters/12-330>		<http://ids.clld.org/values/12-330-174-1>		"akoiʔčaʔhɨdɨ"@mch	
"kwala"@ha	<http://ids.clld.org/values/6-450-220-1>		<http://ids.clld.org/parameters/6-450>		<http://ids.clld.org/values/6-450-174-1>		"wōʔmo"@mch	
"ɓare"@ha	<http://ids.clld.org/values/5-460-220-1>		<http://ids.clld.org/parameters/5-460>		<http://ids.clld.org/values/5-460-174-1>		"-iʔša-"@mch	
"ya da"@ha	<http://ids.clld.org/values/11-330-220-1>		<http://ids.clld.org/parameters/11-330>		<http://ids.clld.org/values/11-330-174-1>		"w-ənnanɨʔ-nə"@mch	
"bakˀi"@ha	<http://ids.clld.org/values/15-650-220-1>		<http://ids.clld.org/parameters/15-650>		<http://ids.clld.org/values/15-650-174-1>		"hudumato"@mch	
"karɓa"@ha	<http://ids.clld.org/values/11-110-220-1>		<http://ids.clld.org/parameters/11-110>		<http://ids.clld.org/values/11-110-174-1>		"tɨweiye wənɲe"@mch	
"maikˀo"@ha	<http://ids.clld.org/values/5-791-220-1>		<http://ids.clld.org/parameters/5-791>		<http://ids.clld.org/values/5-791-174-1>		"kātɨ"@mch	
"jini"@ha	<http://ids.clld.org/values/4-150-220-1>		<http://ids.clld.org/parameters/4-150>		<http://ids.clld.org/values/4-150-174-1>		"munu"@mch	
"ido"@ha	<http://ids.clld.org/values/4-210-220-1>		<http://ids.clld.org/parameters/4-210>		<http://ids.clld.org/values/4-210-174-1>		"ənu"@mch	
"hakˀa"@ha	<http://ids.clld.org/values/8-220-220-1>		<http://ids.clld.org/parameters/8-220>		<http://ids.clld.org/values/8-220-174-1>		"tɨʔkādɨ"@mch	
"abokin gaba"@ha	<http://ids.clld.org/values/19-520-220-1>		<http://ids.clld.org/parameters/19-520>		<http://ids.clld.org/values/19-520-174-1>		"tuʔde"@mch	
"rai"@ha	<http://ids.clld.org/values/4-740-220-1>		<http://ids.clld.org/parameters/4-740>		<http://ids.clld.org/values/4-740-174-1>		"wenɲə"@mch	
"aljan"@ha	<http://ids.clld.org/values/22-350-220-5>		<http://ids.clld.org/parameters/22-350>		<http://ids.clld.org/values/22-350-174-1>		"kahūšawa"@mch	
"wata"@ha	<http://ids.clld.org/values/1-530-220-1>		<http://ids.clld.org/parameters/1-530>		<http://ids.clld.org/values/1-530-174-1>		"nūnə"@mch	
"sarewa"@ha	<http://ids.clld.org/values/18-710-220-3>		<http://ids.clld.org/parameters/18-710>		<http://ids.clld.org/values/18-710-174-1>		"hīču"@mch	
"kawu"@ha	<http://ids.clld.org/values/2-510-220-1>		<http://ids.clld.org/parameters/2-510>		<http://ids.clld.org/values/2-510-174-1>		"wōdɨ"@mch	
"kayan jiki"@ha	<http://ids.clld.org/values/6-120-220-1>		<http://ids.clld.org/parameters/6-120>		<http://ids.clld.org/values/6-120-174-1>		"womɨ"@mch	
"harshe"@ha	<http://ids.clld.org/values/4-260-220-1>		<http://ids.clld.org/parameters/4-260>		<http://ids.clld.org/values/4-260-174-1>		"ɲūdu"@mch	
"ɗaura"@ha	<http://ids.clld.org/values/9-160-220-1>		<http://ids.clld.org/parameters/9-160>		<http://ids.clld.org/values/9-160-174-1>		"imɨdɨ"@mch	
"bayan"@ha	<http://ids.clld.org/values/12-11-220-1>		<http://ids.clld.org/parameters/12-11>		<http://ids.clld.org/values/12-11-174-1>		"mənse"@mch	
"turba"@ha	<http://ids.clld.org/values/10-720-220-1>		<http://ids.clld.org/parameters/10-720>		<http://ids.clld.org/values/10-720-174-1>		"ə̄ma"@mch	
"abin hannu"@ha	<http://ids.clld.org/values/6-740-220-1>		<http://ids.clld.org/parameters/6-740>		<http://ids.clld.org/values/6-740-174-1>		"ahəʔmɨy"@mch	
"lambu"@ha	<http://ids.clld.org/values/8-130-220-1>		<http://ids.clld.org/parameters/8-130>		<http://ids.clld.org/values/8-130-174-1>		"awdwāhə"@mch	
"na farko"@ha	<http://ids.clld.org/values/13-340-220-3>		<http://ids.clld.org/parameters/13-340>		<http://ids.clld.org/values/13-340-174-1>		"awaʔde"@mch	
"rayuwa"@ha	<http://ids.clld.org/values/4-740-220-3>		<http://ids.clld.org/parameters/4-740>		<http://ids.clld.org/values/4-740-174-1>		"wenɲə"@mch	
"gindi"@ha	<http://ids.clld.org/values/12-340-220-1>		<http://ids.clld.org/parameters/12-340>		<http://ids.clld.org/values/12-340-174-1>		"nwaʔkəi"@mch	
"shakˀikˀi"@ha	<http://ids.clld.org/values/2-440-220-3>		<http://ids.clld.org/parameters/2-440>		<http://ids.clld.org/values/2-440-174-1>		"-nuwā-dɨ"@mch	
"kwale-kwale"@ha	<http://ids.clld.org/values/10-831-220-1>		<http://ids.clld.org/parameters/10-831>		<http://ids.clld.org/values/10-831-174-1>		"[kanowa]"@mch	
"zaki"@ha	<http://ids.clld.org/values/3-720-220-1>		<http://ids.clld.org/parameters/3-720>		<http://ids.clld.org/values/3-720-174-1>		"kawadīmə"@mch	
"kore"@ha	<http://ids.clld.org/values/15-680-220-1>		<http://ids.clld.org/parameters/15-680>		<http://ids.clld.org/values/15-680-174-1>		"šēne"@mch	
"i"@ha	<http://ids.clld.org/values/17-550-220-1>		<http://ids.clld.org/parameters/17-550>		<http://ids.clld.org/values/17-550-174-3>		"mmhm"@mch	
"i"@ha	<http://ids.clld.org/values/17-550-220-1>		<http://ids.clld.org/parameters/17-550>		<http://ids.clld.org/values/17-550-174-1>		"ʔeee"@mch	
"iyali"@ha	<http://ids.clld.org/values/2-820-220-3>		<http://ids.clld.org/parameters/2-820>		<http://ids.clld.org/values/2-820-174-1>		"himmə"@mch	
"ya"@ha	<http://ids.clld.org/values/2-454-220-1>		<http://ids.clld.org/parameters/2-454>		<http://ids.clld.org/values/2-454-174-1>		"yāya"@mch	
"kule"@ha	<http://ids.clld.org/values/3-620-220-5>		<http://ids.clld.org/parameters/3-620>		<http://ids.clld.org/values/3-620-174-1>		"[mēši]"@mch	
"nauyi"@ha	<http://ids.clld.org/values/15-810-220-1>		<http://ids.clld.org/parameters/15-810>		<http://ids.clld.org/values/15-810-174-1>		"tamənɲato"@mch	
"ɗari"@ha	<http://ids.clld.org/values/13-105-220-1>		<http://ids.clld.org/parameters/13-105>		<http://ids.clld.org/values/13-105-174-1>		"hyātodea ssoto"@mch	
"kwaɗo"@ha	<http://ids.clld.org/values/3-950-220-1>		<http://ids.clld.org/parameters/3-950>		<http://ids.clld.org/values/3-950-174-1>		"kɨʔto"@mch	
"audauga"@ha	<http://ids.clld.org/values/6-240-220-1>		<http://ids.clld.org/parameters/6-240>		<http://ids.clld.org/values/6-240-174-1>		"wadēkū"@mch	
"taru"@ha	<http://ids.clld.org/values/20-540-220-1>		<http://ids.clld.org/parameters/20-540>		<http://ids.clld.org/values/20-540-174-1>		"anətə"@mch	
"kˀudan zuma"@ha	<http://ids.clld.org/values/3-820-220-1>		<http://ids.clld.org/parameters/3-820>		<http://ids.clld.org/values/3-820-174-1>		"wannə"@mch	
"mahaifi"@ha	<http://ids.clld.org/values/2-350-220-3>		<http://ids.clld.org/parameters/2-350>		<http://ids.clld.org/values/2-350-174-1>		"haha"@mch	
"tsinka"@ha	<http://ids.clld.org/values/9-260-220-5>		<http://ids.clld.org/parameters/9-260>		<http://ids.clld.org/values/9-260-174-1>		"-išiča-dɨ"@mch	
"sauka"@ha	<http://ids.clld.org/values/10-473-220-1>		<http://ids.clld.org/parameters/10-473>		<http://ids.clld.org/values/10-473-174-1>		"hɨ̄ʔwakādə"@mch	
"gwiwa"@ha	<http://ids.clld.org/values/4-360-220-1>		<http://ids.clld.org/parameters/4-360>		<http://ids.clld.org/values/4-360-174-1>		"ə̄ʔmu"@mch	
"ci"@ha	<http://ids.clld.org/values/5-110-220-1>		<http://ids.clld.org/parameters/5-110>		<http://ids.clld.org/values/5-110-174-1>		"wowašīnčənə"@mch	
"cizo"@ha	<http://ids.clld.org/values/4-580-220-3>		<http://ids.clld.org/parameters/4-580>		<http://ids.clld.org/values/4-580-174-1>		"ēkādɨ"@mch	
"kifi"@ha	<http://ids.clld.org/values/3-650-220-1>		<http://ids.clld.org/parameters/3-650>		<http://ids.clld.org/values/3-650-174-1>		"nākukwāno"@mch	
"barkono"@ha	<http://ids.clld.org/values/5-821-220-1>		<http://ids.clld.org/parameters/5-821>		<http://ids.clld.org/values/5-821-174-1>		"homi"@mch	
"goma sha ɗaya"@ha	<http://ids.clld.org/values/13-101-220-1>		<http://ids.clld.org/parameters/13-101>		<http://ids.clld.org/values/13-101-174-1>		"amohadəʔto dēwə tōni"@mch	
"suruki"@ha	<http://ids.clld.org/values/2-630-220-1>		<http://ids.clld.org/parameters/2-630>		<http://ids.clld.org/values/2-630-174-1>		"-hannɨ-dɨ"@mch	
"yi iyo"@ha	<http://ids.clld.org/values/10-350-220-1>		<http://ids.clld.org/parameters/10-350>		<http://ids.clld.org/values/10-350-174-1>		"tɨwəʔhiyɨ"@mch	
"bayar"@ha	<http://ids.clld.org/values/11-210-220-1>		<http://ids.clld.org/parameters/11-210>		<http://ids.clld.org/values/11-210-174-1>		"utūdu"@mch	
"duma"@ha	<http://ids.clld.org/values/8-930-220-1>		<http://ids.clld.org/parameters/8-930>		<http://ids.clld.org/values/8-930-174-1>		"kankudu"@mch	
"marainiya (fem.)"@ha	<http://ids.clld.org/values/2-750-220-3>		<http://ids.clld.org/parameters/2-750>		<http://ids.clld.org/values/2-750-174-1>		"tunkemhɨnɨ"@mch	
"gamu"@ha	<http://ids.clld.org/values/19-650-220-1>		<http://ids.clld.org/parameters/19-650>		<http://ids.clld.org/values/19-650-174-1>		"edantə-dɨ"@mch	
"masara"@ha	<http://ids.clld.org/values/8-470-220-1>		<http://ids.clld.org/parameters/8-470>		<http://ids.clld.org/values/8-470-174-1>		"ənɲa"@mch	
"tsani"@ha	<http://ids.clld.org/values/7-370-220-1>		<http://ids.clld.org/parameters/7-370>		<http://ids.clld.org/values/7-370-174-1>		"inɲahuʔtahə"@mch	
"gudu"@ha	<http://ids.clld.org/values/10-460-220-1>		<http://ids.clld.org/parameters/10-460>		<http://ids.clld.org/values/10-460-174-1>		"w-ekaʔtɨn-nə"@mch	
"yi wa fenti"@ha	<http://ids.clld.org/values/9-890-220-1>		<http://ids.clld.org/parameters/9-890>		<http://ids.clld.org/values/9-890-174-1>		"wemānʔa"@mch	
"warkʔa"@ha	<http://ids.clld.org/values/18-560-220-1>		<http://ids.clld.org/parameters/18-560>		<http://ids.clld.org/values/18-560-174-1>		"[hahēda]"@mch	
"yi kˀarya"@ha	<http://ids.clld.org/values/16-670-220-1>		<http://ids.clld.org/parameters/16-670>		<http://ids.clld.org/values/16-670-174-1>		"-enkutə-"@mch	
"yi kˀanshi"@ha	<http://ids.clld.org/values/15-210-220-1>		<http://ids.clld.org/parameters/15-210>		<http://ids.clld.org/values/15-210-174-1>		"hyoʔhōdɨ"@mch	
"kai (masc.)"@ha	<http://ids.clld.org/values/2-920-220-1>		<http://ids.clld.org/parameters/2-920>		<http://ids.clld.org/values/2-920-174-1>		"əmədə"@mch	
"gwaggo (?)"@ha	<http://ids.clld.org/values/2-521-220-1>		<http://ids.clld.org/parameters/2-521>		<http://ids.clld.org/values/2-521-174-1>		"denɨ"@mch	
"uba"@ha	<http://ids.clld.org/values/2-350-220-1>		<http://ids.clld.org/parameters/2-350>		<http://ids.clld.org/values/2-350-174-1>		"haha"@mch	
"shuka-shuka"@ha	<http://ids.clld.org/values/8-410-220-1>		<http://ids.clld.org/parameters/8-410>		<http://ids.clld.org/values/8-410-174-1>		"inɲatɨʔtə̄dɨ"@mch	
"gefen"@ha	<http://ids.clld.org/values/12-20-220-1>		<http://ids.clld.org/parameters/12-20>		<http://ids.clld.org/values/12-20-174-1>		"dɨʔtə"@mch	
"kaza"@ha	<http://ids.clld.org/values/3-540-220-1>		<http://ids.clld.org/parameters/3-540>		<http://ids.clld.org/values/3-540-174-1>		"kudaymādu"@mch	
"nuna"@ha	<http://ids.clld.org/values/15-550-220-1>		<http://ids.clld.org/parameters/15-550>		<http://ids.clld.org/values/15-550-174-1>		"eneho-dɨ"@mch	
"ruhu"@ha	<http://ids.clld.org/values/16-110-220-1>		<http://ids.clld.org/parameters/16-110>		<http://ids.clld.org/values/16-110-174-1>		"dōʔta"@mch	
"raba"@ha	<http://ids.clld.org/values/12-232-220-1>		<http://ids.clld.org/parameters/12-232>		<http://ids.clld.org/values/12-232-174-1>		"yātohətɨdɨ"@mch	
"rora"@ha	<http://ids.clld.org/values/8-220-220-7>		<http://ids.clld.org/parameters/8-220>		<http://ids.clld.org/values/8-220-174-1>		"tɨʔkādɨ"@mch	
"kˀauye"@ha	<http://ids.clld.org/values/19-160-220-1>		<http://ids.clld.org/parameters/19-160>		<http://ids.clld.org/values/19-160-174-1>		"haʔta"@mch	
"sai da"@ha	<http://ids.clld.org/values/11-820-220-1>		<http://ids.clld.org/parameters/11-820>		<http://ids.clld.org/values/11-820-174-1>		"ehema-hoi"@mch	
"kuɓutar"@ha	<http://ids.clld.org/values/11-250-220-1>		<http://ids.clld.org/parameters/11-250>		<http://ids.clld.org/values/11-250-174-1>		"ewanakādɨ"@mch	
"igiya"@ha	<http://ids.clld.org/values/9-190-220-1>		<http://ids.clld.org/parameters/9-190>		<http://ids.clld.org/values/9-190-174-1>		"āʔto"@mch	
"yanyawa"@ha	<http://ids.clld.org/values/3-740-220-1>		<http://ids.clld.org/parameters/3-740>		<http://ids.clld.org/values/3-740-174-1>		"awadudi"@mch	
"dankali"@ha	<http://ids.clld.org/values/5-700-220-1>		<http://ids.clld.org/parameters/5-700>		<http://ids.clld.org/values/5-700-174-1>		"šāku"@mch	
"rera wakˀa"@ha	<http://ids.clld.org/values/18-120-220-1>		<http://ids.clld.org/parameters/18-120>		<http://ids.clld.org/values/18-120-174-1>		"we[kantā]ʔɲənə"@mch	
"tukunya"@ha	<http://ids.clld.org/values/5-260-220-1>		<http://ids.clld.org/parameters/5-260>		<http://ids.clld.org/values/5-260-174-1>		"ədinɲə"@mch	
"nitse"@ha	<http://ids.clld.org/values/10-330-220-1>		<http://ids.clld.org/parameters/10-330>		<http://ids.clld.org/values/10-330-174-1>		"yehuʔkwai"@mch	
"dawo"@ha	<http://ids.clld.org/values/10-481-220-1>		<http://ids.clld.org/parameters/10-481>		<http://ids.clld.org/values/10-481-174-1>		"w-ennakā-nə"@mch	
"haske"@ha	<http://ids.clld.org/values/1-610-220-1>		<http://ids.clld.org/parameters/1-610>		<http://ids.clld.org/values/1-610-174-1>		"šī"@mch	
"juya"@ha	<http://ids.clld.org/values/5-490-220-1>		<http://ids.clld.org/parameters/5-490>		<http://ids.clld.org/values/5-490-174-1>		"-oima-dɨ"@mch	
"mutuniya (fem.)"@ha	<http://ids.clld.org/values/2-100-220-3>		<http://ids.clld.org/parameters/2-100>		<http://ids.clld.org/values/2-100-174-1>		"ssoto"@mch	
"yi imani"@ha	<http://ids.clld.org/values/17-150-220-3>		<http://ids.clld.org/parameters/17-150>		<http://ids.clld.org/values/17-150-174-1>		"-ekanɨhɨ-dɨ"@mch	
"kˀofa"@ha	<http://ids.clld.org/values/7-220-220-1>		<http://ids.clld.org/parameters/7-220>		<http://ids.clld.org/values/7-220-174-1>		"mɨnātata"@mch	
"tura"@ha	<http://ids.clld.org/values/10-670-220-1>		<http://ids.clld.org/parameters/10-670>		<http://ids.clld.org/values/10-670-174-1>		"-adima-dɨ"@mch	
"sare"@ha	<http://ids.clld.org/values/9-221-220-1>		<http://ids.clld.org/parameters/9-221>		<http://ids.clld.org/values/9-221-174-1>		"čūhiya-dɨ"@mch	
"sare"@ha	<http://ids.clld.org/values/9-221-220-1>		<http://ids.clld.org/parameters/9-221>		<http://ids.clld.org/values/9-221-174-3>		"yaʔka-dɨ"@mch	
"abin wuya"@ha	<http://ids.clld.org/values/6-750-220-1>		<http://ids.clld.org/parameters/6-750>		<http://ids.clld.org/values/6-750-174-1>		"wōʔmo"@mch	
"barewa"@ha	<http://ids.clld.org/values/3-750-220-1>		<http://ids.clld.org/parameters/3-750>		<http://ids.clld.org/values/3-750-174-1>		"kawādi"@mch	
"gidan tsuntsu"@ha	<http://ids.clld.org/values/3-580-220-3>		<http://ids.clld.org/parameters/3-580>		<http://ids.clld.org/values/3-580-174-1>		"danɲami"@mch	
"ruɓaɓɓe"@ha	<http://ids.clld.org/values/5-125-220-1>		<http://ids.clld.org/parameters/5-125>		<http://ids.clld.org/values/5-125-174-1>		"čə̄tāhə"@mch	
"kawu (?)"@ha	<http://ids.clld.org/values/2-511-220-3>		<http://ids.clld.org/parameters/2-511>		<http://ids.clld.org/values/2-511-174-1>		"yawo"@mch	
"naɗa"@ha	<http://ids.clld.org/values/10-140-220-1>		<http://ids.clld.org/parameters/10-140>		<http://ids.clld.org/values/10-140-174-1>		"weməīya"@mch	
"harba"@ha	<http://ids.clld.org/values/20-620-220-1>		<http://ids.clld.org/parameters/20-620>		<http://ids.clld.org/values/20-620-174-1>		"t-ɨwə̄-dɨ"@mch	
"takarda"@ha	<http://ids.clld.org/values/18-560-220-3>		<http://ids.clld.org/parameters/18-560>		<http://ids.clld.org/values/18-560-174-1>		"[hahēda]"@mch	
"me"@ha	<http://ids.clld.org/values/17-640-220-1>		<http://ids.clld.org/parameters/17-640>		<http://ids.clld.org/values/17-640-174-1>		"ākene"@mch	
"dodon koɗi"@ha	<http://ids.clld.org/values/3-940-220-1>		<http://ids.clld.org/parameters/3-940>		<http://ids.clld.org/values/3-940-174-1>		"memu"@mch	
"wuta"@ha	<http://ids.clld.org/values/1-810-220-1>		<http://ids.clld.org/parameters/1-810>		<http://ids.clld.org/values/1-810-174-1>		"wāʔto"@mch	
"maraya (masc.)"@ha	<http://ids.clld.org/values/2-750-220-1>		<http://ids.clld.org/parameters/2-750>		<http://ids.clld.org/values/2-750-174-1>		"tunkemhɨnɨ"@mch	
"jigawa"@ha	<http://ids.clld.org/values/1-220-220-5>		<http://ids.clld.org/parameters/1-220>		<http://ids.clld.org/values/1-220-174-1>		"hɨ̄"@mch	
"gwiwar hannu"@ha	<http://ids.clld.org/values/4-320-220-1>		<http://ids.clld.org/parameters/4-320>		<http://ids.clld.org/values/4-320-174-1>		"ə̄ʔmu"@mch	
"kayan ado"@ha	<http://ids.clld.org/values/6-710-220-3>		<http://ids.clld.org/parameters/6-710>		<http://ids.clld.org/values/6-710-174-1>		"sawīya"@mch	
"sumul"@ha	<http://ids.clld.org/values/15-770-220-1>		<http://ids.clld.org/parameters/15-770>		<http://ids.clld.org/values/15-770-174-1>		"tɨwansuʔde"@mch	
"kwarga"@ha	<http://ids.clld.org/values/1-280-220-3>		<http://ids.clld.org/parameters/1-280>		<http://ids.clld.org/values/1-280-174-1>		"ewɨ̄tɨ"@mch	
"tauraro"@ha	<http://ids.clld.org/values/1-540-220-1>		<http://ids.clld.org/parameters/1-540>		<http://ids.clld.org/values/1-540-174-1>		"šidīčə"@mch	
"ware"@ha	<http://ids.clld.org/values/12-230-220-1>		<http://ids.clld.org/parameters/12-230>		<http://ids.clld.org/values/12-230-174-1>		"šādamadɨ̄he"@mch	
"goshi"@ha	<http://ids.clld.org/values/4-205-220-1>		<http://ids.clld.org/parameters/4-205>		<http://ids.clld.org/values/4-205-174-1>		"heʔkay"@mch	
"ita (fem.)"@ha	<http://ids.clld.org/values/2-930-220-3>		<http://ids.clld.org/parameters/2-930>		<http://ids.clld.org/values/2-930-174-1>		"tɨwɨ"@mch	
"doka"@ha	<http://ids.clld.org/values/9-210-220-1>		<http://ids.clld.org/parameters/9-210>		<http://ids.clld.org/values/9-210-174-1>		"-aiʔhuka-dɨ"@mch	
"kˀuna"@ha	<http://ids.clld.org/values/1-852-220-1>		<http://ids.clld.org/parameters/1-852>		<http://ids.clld.org/values/1-852-174-1>		"daʔtwa-dɨ"@mch	
"wane"@ha	<http://ids.clld.org/values/17-670-220-1>		<http://ids.clld.org/parameters/17-670>		<http://ids.clld.org/values/17-670-174-1>		"əišə̄no"@mch	
"dutsen ado"@ha	<http://ids.clld.org/values/6-760-220-1>		<http://ids.clld.org/parameters/6-760>		<http://ids.clld.org/values/6-760-174-1>		"mayūdu"@mch	
"ku"@ha	<http://ids.clld.org/values/2-950-220-1>		<http://ids.clld.org/parameters/2-950>		<http://ids.clld.org/values/2-950-174-1>		"ənwanno"@mch	
"maras kyau"@ha	<http://ids.clld.org/values/16-720-220-1>		<http://ids.clld.org/parameters/16-720>		<http://ids.clld.org/values/16-720-174-1>		"kənemhɨnɨ"@mch	
"abin sha"@ha	<http://ids.clld.org/values/5-900-220-1>		<http://ids.clld.org/parameters/5-900>		<http://ids.clld.org/values/5-900-174-1>		"kuši"@mch	
"tebur"@ha	<http://ids.clld.org/values/7-440-220-1>		<http://ids.clld.org/parameters/7-440>		<http://ids.clld.org/values/7-440-174-1>		"[mesa]i"@mch	
"tsawo"@ha	<http://ids.clld.org/values/12-570-220-1>		<http://ids.clld.org/parameters/12-570>		<http://ids.clld.org/values/12-570-174-1>		"nuwe"@mch	
"duhu"@ha	<http://ids.clld.org/values/15-630-220-1>		<http://ids.clld.org/parameters/15-630>		<http://ids.clld.org/values/15-630-174-1>		"tɨhe"@mch	
"baya"@ha	<http://ids.clld.org/values/12-11-220-3>		<http://ids.clld.org/parameters/12-11>		<http://ids.clld.org/values/12-11-174-1>		"mənse"@mch	
"koyaushe"@ha	<http://ids.clld.org/values/14-310-220-1>		<http://ids.clld.org/parameters/14-310>		<http://ids.clld.org/values/14-310-174-1>		"wenēne"@mch	
"sakˀa"@ha	<http://ids.clld.org/values/6-330-220-1>		<http://ids.clld.org/parameters/6-330>		<http://ids.clld.org/values/6-330-174-1>		"tɨʔkaʔhɨdɨ"@mch	
"goma sha biyu"@ha	<http://ids.clld.org/values/13-102-220-1>		<http://ids.clld.org/parameters/13-102>		<http://ids.clld.org/values/13-102-174-1>		"amohadəʔto dēwə āʔkə"@mch	
"jikanya"@ha	<http://ids.clld.org/values/2-490-220-1>		<http://ids.clld.org/parameters/2-490>		<http://ids.clld.org/values/2-490-174-1>		"hādɨ"@mch	
"kaɗa"@ha	<http://ids.clld.org/values/10-380-220-1>		<http://ids.clld.org/parameters/10-380>		<http://ids.clld.org/values/10-380-174-1>		"yaičumā-dɨ"@mch	
"kˀwarkˀwata"@ha	<http://ids.clld.org/values/3-811-220-1>		<http://ids.clld.org/parameters/3-811>		<http://ids.clld.org/values/3-811-174-1>		"dāmə"@mch	
"haske"@ha	<http://ids.clld.org/values/15-570-220-1>		<http://ids.clld.org/parameters/15-570>		<http://ids.clld.org/values/15-570-174-1>		"taʔwane"@mch	
"biri"@ha	<http://ids.clld.org/values/3-760-220-1>		<http://ids.clld.org/parameters/3-760>		<http://ids.clld.org/values/3-760-174-1>		"yadākadu"@mch	
"gobe"@ha	<http://ids.clld.org/values/14-480-220-1>		<http://ids.clld.org/parameters/14-480>		<http://ids.clld.org/values/14-480-174-1>		"henamma"@mch	
"abinci"@ha	<http://ids.clld.org/values/5-120-220-1>		<http://ids.clld.org/parameters/5-120>		<http://ids.clld.org/values/5-120-174-1>		"mudūkuku"@mch	
"farin ciki"@ha	<http://ids.clld.org/values/16-230-220-1>		<http://ids.clld.org/parameters/16-230>		<http://ids.clld.org/values/16-230-174-1>		"takwanɲe"@mch	
"tsoka"@ha	<http://ids.clld.org/values/4-130-220-1>		<http://ids.clld.org/parameters/4-130>		<http://ids.clld.org/values/4-130-174-1>		"hyunu"@mch	
"fatsa"@ha	<http://ids.clld.org/values/20-520-220-1>		<http://ids.clld.org/parameters/20-520>		<http://ids.clld.org/values/20-520-174-1>		"anə̄tə"@mch	
"haifa"@ha	<http://ids.clld.org/values/4-720-220-1>		<http://ids.clld.org/parameters/4-720>		<http://ids.clld.org/values/4-720-174-1>		"w-ennu-nə"@mch	
"fanka"@ha	<http://ids.clld.org/values/9-790-220-3>		<http://ids.clld.org/parameters/9-790>		<http://ids.clld.org/values/9-790-174-1>		"wadi-wadi"@mch	
"yi ciniki"@ha	<http://ids.clld.org/values/11-830-220-3>		<http://ids.clld.org/parameters/11-830>		<http://ids.clld.org/values/11-830-174-1>		"wətəʔtihānə"@mch	
"gefe"@ha	<http://ids.clld.org/values/12-353-220-1>		<http://ids.clld.org/parameters/12-353>		<http://ids.clld.org/values/12-353-174-1>		"čəʔhiyu"@mch	
"yi iyo"@ha	<http://ids.clld.org/values/10-340-220-3>		<http://ids.clld.org/parameters/10-340>		<http://ids.clld.org/values/10-340-174-1>		"tɨtāwaʔta"@mch	
"jela (fem.)"@ha	<http://ids.clld.org/values/4-180-220-1>		<http://ids.clld.org/parameters/4-180>		<http://ids.clld.org/values/4-180-174-1>		"dāʔkɨdɨ"@mch	
