"baki"@ha	<http://ids.clld.org/values/4-240-220-1>		<http://ids.clld.org/parameters/4-240>		<http://ids.clld.org/values/4-240-280-1>		"kɨ'wɨči"@pcp	
"biyu"@ha	<http://ids.clld.org/values/13-20-220-1>		<http://ids.clld.org/parameters/13-20>		<http://ids.clld.org/values/13-20-280-1>		"ra'wɨ"@pcp	
"rogo"@ha	<http://ids.clld.org/values/8-920-220-1>		<http://ids.clld.org/parameters/8-920>		<http://ids.clld.org/values/8-920-280-1>		"'ac̷a"@pcp	
"zuciya"@ha	<http://ids.clld.org/values/4-440-220-1>		<http://ids.clld.org/parameters/4-440>		<http://ids.clld.org/values/4-440-280-1>		"howi'ti"@pcp	
"gani"@ha	<http://ids.clld.org/values/15-510-220-1>		<http://ids.clld.org/parameters/15-510>		<http://ids.clld.org/values/15-510-280-1>		"his'pa"@pcp	
"gani"@ha	<http://ids.clld.org/values/15-510-220-1>		<http://ids.clld.org/parameters/15-510>		<http://ids.clld.org/values/15-510-280-3>		"'hisna"@pcp	
"fari"@ha	<http://ids.clld.org/values/15-640-220-1>		<http://ids.clld.org/parameters/15-640>		<http://ids.clld.org/values/15-640-280-1>		"'hoṣ̌o"@pcp	
"mujiya"@ha	<http://ids.clld.org/values/3-596-220-1>		<http://ids.clld.org/parameters/3-596>		<http://ids.clld.org/values/3-596-280-1>		"'popo"@pcp	
"hadari"@ha	<http://ids.clld.org/values/1-730-220-5>		<http://ids.clld.org/parameters/1-730>		<http://ids.clld.org/values/1-730-280-1>		"'c̷ɨmo"@pcp	
"hakˀori"@ha	<http://ids.clld.org/values/4-270-220-1>		<http://ids.clld.org/parameters/4-270>		<http://ids.clld.org/values/4-270-280-1>		"'ṣ̌ɨna"@pcp	
"yunwa"@ha	<http://ids.clld.org/values/5-140-220-1>		<http://ids.clld.org/parameters/5-140>		<http://ids.clld.org/values/5-140-280-1>		"paṣ̌na'hai"@pcp	
"kai"@ha	<http://ids.clld.org/values/4-200-220-1>		<http://ids.clld.org/parameters/4-200>		<http://ids.clld.org/values/4-200-280-1>		"'mapo"@pcp	
"ja"@ha	<http://ids.clld.org/values/15-660-220-1>		<http://ids.clld.org/parameters/15-660>		<http://ids.clld.org/values/15-660-280-1>		"'šini"@pcp	
"kˀarami"@ha	<http://ids.clld.org/values/12-560-220-1>		<http://ids.clld.org/parameters/12-560>		<http://ids.clld.org/values/12-560-280-1>		"'mišni"@pcp	
"fure"@ha	<http://ids.clld.org/values/8-570-220-1>		<http://ids.clld.org/parameters/8-570>		<http://ids.clld.org/values/8-570-280-3>		"řeṣ̌'pana"@pcp	
"fure"@ha	<http://ids.clld.org/values/8-570-220-1>		<http://ids.clld.org/parameters/8-570>		<http://ids.clld.org/values/8-570-280-1>		"'hoa"@pcp	
"mahaifiya"@ha	<http://ids.clld.org/values/2-360-220-3>		<http://ids.clld.org/parameters/2-360>		<http://ids.clld.org/values/2-360-280-1>		"'kai"@pcp	
"tsuntsu"@ha	<http://ids.clld.org/values/3-581-220-1>		<http://ids.clld.org/parameters/3-581>		<http://ids.clld.org/values/3-581-280-1>		"'isko"@pcp	
"itaci"@ha	<http://ids.clld.org/values/8-600-220-1>		<http://ids.clld.org/parameters/8-600>		<http://ids.clld.org/values/8-600-280-1>		"'hiwi"@pcp	
"hannu"@ha	<http://ids.clld.org/values/4-330-220-1>		<http://ids.clld.org/parameters/4-330>		<http://ids.clld.org/values/4-330-280-1>		"mɨ'kɨna"@pcp	
"zak��i"@ha	<http://ids.clld.org/values/15-350-220-1>		<http://ids.clld.org/parameters/15-350>		<http://ids.clld.org/values/15-350-280-1>		"tɨ'ɨ"@pcp	
"kunne"@ha	<http://ids.clld.org/values/4-220-220-1>		<http://ids.clld.org/parameters/4-220>		<http://ids.clld.org/values/4-220-280-1>		"'paʔoki"@pcp	
"toka"@ha	<http://ids.clld.org/values/1-840-220-1>		<http://ids.clld.org/parameters/1-840>		<http://ids.clld.org/values/1-840-280-1>		"'mišpo"@pcp	
"kˀwai"@ha	<http://ids.clld.org/values/5-970-220-1>		<http://ids.clld.org/parameters/5-970>		<http://ids.clld.org/values/5-970-280-1>		"'wači"@pcp	
"suma (male)"@ha	<http://ids.clld.org/values/4-140-220-3>		<http://ids.clld.org/parameters/4-140>		<http://ids.clld.org/values/4-140-280-1>		"'woo"@pcp	
"nesa"@ha	<http://ids.clld.org/values/12-440-220-1>		<http://ids.clld.org/parameters/12-440>		<http://ids.clld.org/values/12-440-280-1>		"nɨ'ama"@pcp	
"gatari"@ha	<http://ids.clld.org/values/9-250-220-3>		<http://ids.clld.org/parameters/9-250>		<http://ids.clld.org/values/9-250-280-1>		"[hača]"@pcp	
"gwada"@ha	<http://ids.clld.org/values/15-550-220-3>		<http://ids.clld.org/parameters/15-550>		<http://ids.clld.org/values/15-550-280-1>		"hi-'maki"@pcp	
"gemu"@ha	<http://ids.clld.org/values/4-142-220-1>		<http://ids.clld.org/parameters/4-142>		<http://ids.clld.org/values/4-142-280-1>		"'kɨni"@pcp	
"kaifi"@ha	<http://ids.clld.org/values/15-780-220-1>		<http://ids.clld.org/parameters/15-780>		<http://ids.clld.org/values/15-780-280-1>		"'ɨika"@pcp	
"wanke"@ha	<http://ids.clld.org/values/9-360-220-1>		<http://ids.clld.org/parameters/9-360>		<http://ids.clld.org/values/9-360-280-1>		"'aši"@pcp	
"hayakʔi"@ha	<http://ids.clld.org/values/1-830-220-1>		<http://ids.clld.org/parameters/1-830>		<http://ids.clld.org/values/1-830-280-1>		"ko'ʔina"@pcp	
"yi"@ha	<http://ids.clld.org/values/9-110-220-1>		<http://ids.clld.org/parameters/9-110>		<http://ids.clld.org/values/9-110-280-1>		"i'wɨ"@pcp	
"girgije"@ha	<http://ids.clld.org/values/1-730-220-3>		<http://ids.clld.org/parameters/1-730>		<http://ids.clld.org/values/1-730-280-1>		"'c̷ɨmo"@pcp	
"hanci"@ha	<http://ids.clld.org/values/4-230-220-1>		<http://ids.clld.org/parameters/4-230>		<http://ids.clld.org/values/4-230-280-1>		"řɨ'kina"@pcp	
"bishiya"@ha	<http://ids.clld.org/values/8-600-220-3>		<http://ids.clld.org/parameters/8-600>		<http://ids.clld.org/values/8-600-280-1>		"'hiwi"@pcp	
"itacen girki"@ha	<http://ids.clld.org/values/1-880-220-3>		<http://ids.clld.org/parameters/1-880>		<http://ids.clld.org/values/1-880-280-1>		"'kařo"@pcp	
"kaza"@ha	<http://ids.clld.org/values/3-550-220-1>		<http://ids.clld.org/parameters/3-550>		<http://ids.clld.org/values/3-550-280-1>		"pati'aři"@pcp	
"kunci"@ha	<http://ids.clld.org/values/4-208-220-1>		<http://ids.clld.org/parameters/4-208>		<http://ids.clld.org/values/4-208-280-1>		"'tamo"@pcp	
"bishiyar kwakwa"@ha	<http://ids.clld.org/values/8-810-220-1>		<http://ids.clld.org/parameters/8-810>		<http://ids.clld.org/values/8-810-280-1>		"'koti"@pcp	
"mace"@ha	<http://ids.clld.org/values/2-220-220-1>		<http://ids.clld.org/parameters/2-220>		<http://ids.clld.org/values/2-220-280-1>		"'yoṣ̌a"@pcp	
"miji"@ha	<http://ids.clld.org/values/2-310-220-1>		<http://ids.clld.org/parameters/2-310>		<http://ids.clld.org/values/2-310-280-1>		"'wɨnɨ"@pcp	
"doron kˀasa"@ha	<http://ids.clld.org/values/1-210-220-1>		<http://ids.clld.org/parameters/1-210>		<http://ids.clld.org/values/1-210-280-1>		"'mai"@pcp	
"mata"@ha	<http://ids.clld.org/values/2-320-220-1>		<http://ids.clld.org/parameters/2-320>		<http://ids.clld.org/values/2-320-280-1>		"ʔa'wini"@pcp	
"namiji"@ha	<http://ids.clld.org/values/2-210-220-1>		<http://ids.clld.org/parameters/2-210>		<http://ids.clld.org/values/2-210-280-1>		"'honi"@pcp	
"gona"@ha	<http://ids.clld.org/values/8-120-220-1>		<http://ids.clld.org/parameters/8-120>		<http://ids.clld.org/values/8-120-280-1>		"'wai"@pcp	
"kˀuda"@ha	<http://ids.clld.org/values/3-831-220-1>		<http://ids.clld.org/parameters/3-831>		<http://ids.clld.org/values/3-831-280-1>		"'šio"@pcp	
"kˀuda"@ha	<http://ids.clld.org/values/3-831-220-1>		<http://ids.clld.org/parameters/3-831>		<http://ids.clld.org/values/3-831-280-3>		"'čio"@pcp	
"ruwa"@ha	<http://ids.clld.org/values/1-310-220-1>		<http://ids.clld.org/parameters/1-310>		<http://ids.clld.org/values/1-310-280-1>		"'hɨnɨ"@pcp	
"hannu"@ha	<http://ids.clld.org/values/4-310-220-1>		<http://ids.clld.org/parameters/4-310>		<http://ids.clld.org/values/4-310-280-1>		"po'yana"@pcp	
"ni"@ha	<http://ids.clld.org/values/2-910-220-1>		<http://ids.clld.org/parameters/2-910>		<http://ids.clld.org/values/2-910-280-1>		"'ɨa"@pcp	
"sama"@ha	<http://ids.clld.org/values/1-510-220-1>		<http://ids.clld.org/parameters/1-510>		<http://ids.clld.org/values/1-510-280-1>		"na'ipa"@pcp	
"huhu"@ha	<http://ids.clld.org/values/4-441-220-1>		<http://ids.clld.org/parameters/4-441>		<http://ids.clld.org/values/4-441-280-1>		"'taṣ̌a"@pcp	
"ungulu"@ha	<http://ids.clld.org/values/3-586-220-1>		<http://ids.clld.org/parameters/3-586>		<http://ids.clld.org/values/3-586-280-1>		"po'iko"@pcp	
"kˀashi"@ha	<http://ids.clld.org/values/4-160-220-1>		<http://ids.clld.org/parameters/4-160>		<http://ids.clld.org/values/4-160-280-1>		"'ṣ̌ao"@pcp	
"rana"@ha	<http://ids.clld.org/values/1-520-220-1>		<http://ids.clld.org/parameters/1-520>		<http://ids.clld.org/values/1-520-280-1>		"'waři"@pcp	
"fata"@ha	<http://ids.clld.org/values/4-120-220-1>		<http://ids.clld.org/parameters/4-120>		<http://ids.clld.org/values/4-120-280-1>		"'wiči"@pcp	
"hanta"@ha	<http://ids.clld.org/values/4-450-220-1>		<http://ids.clld.org/parameters/4-450>		<http://ids.clld.org/values/4-450-280-1>		"'taka"@pcp	
"tsaki"@ha	<http://ids.clld.org/values/5-550-220-3>		<http://ids.clld.org/parameters/5-550>		<http://ids.clld.org/values/5-550-280-1>		"'moto"@pcp	
"makamashi"@ha	<http://ids.clld.org/values/1-880-220-1>		<http://ids.clld.org/parameters/1-880>		<http://ids.clld.org/values/1-880-280-1>		"'kařo"@pcp	
"rami"@ha	<http://ids.clld.org/values/12-850-220-1>		<http://ids.clld.org/parameters/12-850>		<http://ids.clld.org/values/12-850-280-1>		"'kini"@pcp	
"aku"@ha	<http://ids.clld.org/values/3-592-220-1>		<http://ids.clld.org/parameters/3-592>		<http://ids.clld.org/values/3-592-280-1>		"'wawa"@pcp	
"shekˀa"@ha	<http://ids.clld.org/values/3-580-220-1>		<http://ids.clld.org/parameters/3-580>		<http://ids.clld.org/values/3-580-280-1>		"'naʔa"@pcp	
"ganye"@ha	<http://ids.clld.org/values/8-560-220-1>		<http://ids.clld.org/parameters/8-560>		<http://ids.clld.org/values/8-560-280-1>		"'pɨʔi"@pcp	
"kˀwaro"@ha	<http://ids.clld.org/values/3-810-220-1>		<http://ids.clld.org/parameters/3-810>		<http://ids.clld.org/values/3-810-280-1>		"wɨ'oso"@pcp	
"kunkuru"@ha	<http://ids.clld.org/values/3-980-220-1>		<http://ids.clld.org/parameters/3-980>		<http://ids.clld.org/values/3-980-280-1>		"'ṣ̌awɨ"@pcp	
"bishiya"@ha	<http://ids.clld.org/values/1-420-220-1>		<http://ids.clld.org/parameters/1-420>		<http://ids.clld.org/values/1-420-280-1>		"'hiwi"@pcp	
"zanzaro"@ha	<http://ids.clld.org/values/3-823-220-1>		<http://ids.clld.org/parameters/3-823>		<http://ids.clld.org/values/3-823-280-1>		"'wina"@pcp	
"kˀafa"@ha	<http://ids.clld.org/values/4-370-220-1>		<http://ids.clld.org/parameters/4-370>		<http://ids.clld.org/values/4-370-280-1>		"'taʔɨ"@pcp	
"rana"@ha	<http://ids.clld.org/values/14-410-220-1>		<http://ids.clld.org/parameters/14-410>		<http://ids.clld.org/values/14-410-280-1>		"'waři"@pcp	
"shi (masc.)"@ha	<http://ids.clld.org/values/2-930-220-1>		<http://ids.clld.org/parameters/2-930>		<http://ids.clld.org/values/2-930-280-1>		"'haa"@pcp	
"gashi"@ha	<http://ids.clld.org/values/4-140-220-1>		<http://ids.clld.org/parameters/4-140>		<http://ids.clld.org/values/4-140-280-1>		"'woo"@pcp	
"duji"@ha	<http://ids.clld.org/values/3-596-220-3>		<http://ids.clld.org/parameters/3-596>		<http://ids.clld.org/values/3-596-280-1>		"'popo"@pcp	
"raba"@ha	<http://ids.clld.org/values/9-270-220-1>		<http://ids.clld.org/parameters/9-270>		<http://ids.clld.org/values/9-270-280-1>		"ma'tošmaki"@pcp	
"adda"@ha	<http://ids.clld.org/values/9-250-220-1>		<http://ids.clld.org/parameters/9-250>		<http://ids.clld.org/values/9-250-280-1>		"[hača]"@pcp	
"uwa"@ha	<http://ids.clld.org/values/2-360-220-1>		<http://ids.clld.org/parameters/2-360>		<http://ids.clld.org/values/2-360-280-1>		"'kai"@pcp	
"tsawa"@ha	<http://ids.clld.org/values/1-560-220-1>		<http://ids.clld.org/parameters/1-560>		<http://ids.clld.org/values/1-560-280-1>		"'naina"@pcp	
"kˀafa"@ha	<http://ids.clld.org/values/4-350-220-1>		<http://ids.clld.org/parameters/4-350>		<http://ids.clld.org/values/4-350-280-1>		"'wiko"@pcp	
"kurada"@ha	<http://ids.clld.org/values/9-250-220-5>		<http://ids.clld.org/parameters/9-250>		<http://ids.clld.org/values/9-250-280-1>		"[hača]"@pcp	
"gajimare"@ha	<http://ids.clld.org/values/1-730-220-1>		<http://ids.clld.org/parameters/1-730>		<http://ids.clld.org/values/1-730-280-1>		"'c̷ɨmo"@pcp	
"ruwan sama"@ha	<http://ids.clld.org/values/1-750-220-1>		<http://ids.clld.org/parameters/1-750>		<http://ids.clld.org/values/1-750-280-3>		"ʔo'i"@pcp	
"ruwan sama"@ha	<http://ids.clld.org/values/1-750-220-1>		<http://ids.clld.org/parameters/1-750>		<http://ids.clld.org/values/1-750-280-1>		"o'i"@pcp	
"'ya'yan itace"@ha	<http://ids.clld.org/values/5-710-220-1>		<http://ids.clld.org/parameters/5-710>		<http://ids.clld.org/values/5-710-280-1>		"'kɨo"@pcp	
"gida"@ha	<http://ids.clld.org/values/7-120-220-1>		<http://ids.clld.org/parameters/7-120>		<http://ids.clld.org/values/7-120-280-1>		"'ṣ̌owo"@pcp	
"yanka"@ha	<http://ids.clld.org/values/9-220-220-1>		<http://ids.clld.org/parameters/9-220>		<http://ids.clld.org/values/9-220-280-1>		"'kɨɨsakia"@pcp	
"jirgi"@ha	<http://ids.clld.org/values/10-831-220-3>		<http://ids.clld.org/parameters/10-831>		<http://ids.clld.org/values/10-831-280-1>		"'noti"@pcp	
"gari"@ha	<http://ids.clld.org/values/5-550-220-1>		<http://ids.clld.org/parameters/5-550>		<http://ids.clld.org/values/5-550-280-1>		"'moto"@pcp	
"jini"@ha	<http://ids.clld.org/values/4-150-220-1>		<http://ids.clld.org/parameters/4-150>		<http://ids.clld.org/values/4-150-280-1>		"'himi"@pcp	
"ido"@ha	<http://ids.clld.org/values/4-210-220-1>		<http://ids.clld.org/parameters/4-210>		<http://ids.clld.org/values/4-210-280-1>		"'wɨřo"@pcp	
"wata"@ha	<http://ids.clld.org/values/1-530-220-1>		<http://ids.clld.org/parameters/1-530>		<http://ids.clld.org/values/1-530-280-1>		"'ʔoṣ̌ɨ"@pcp	
"harshe"@ha	<http://ids.clld.org/values/4-260-220-1>		<http://ids.clld.org/parameters/4-260>		<http://ids.clld.org/values/4-260-280-1>		"'hana"@pcp	
"kwale-kwale"@ha	<http://ids.clld.org/values/10-831-220-1>		<http://ids.clld.org/parameters/10-831>		<http://ids.clld.org/values/10-831-280-1>		"'noti"@pcp	
"nauyi"@ha	<http://ids.clld.org/values/15-810-220-1>		<http://ids.clld.org/parameters/15-810>		<http://ids.clld.org/values/15-810-280-1>		"'iwɨ"@pcp	
"kwaɗo"@ha	<http://ids.clld.org/values/3-950-220-1>		<http://ids.clld.org/parameters/3-950>		<http://ids.clld.org/values/3-950-280-1>		"wɨṣ̌ko"@pcp	
"audauga"@ha	<http://ids.clld.org/values/6-240-220-1>		<http://ids.clld.org/parameters/6-240>		<http://ids.clld.org/values/6-240-280-1>		"waṣ̌'mɨna"@pcp	
"mahaifi"@ha	<http://ids.clld.org/values/2-350-220-3>		<http://ids.clld.org/parameters/2-350>		<http://ids.clld.org/values/2-350-280-1>		"'ɨpa"@pcp	
"mahaifi"@ha	<http://ids.clld.org/values/2-350-220-3>		<http://ids.clld.org/parameters/2-350>		<http://ids.clld.org/values/2-350-280-3>		"'ʔɨpa"@pcp	
"kifi"@ha	<http://ids.clld.org/values/3-650-220-1>		<http://ids.clld.org/parameters/3-650>		<http://ids.clld.org/values/3-650-280-3>		"'woɨ"@pcp	
"kifi"@ha	<http://ids.clld.org/values/3-650-220-1>		<http://ids.clld.org/parameters/3-650>		<http://ids.clld.org/values/3-650-280-1>		"sa'nino"@pcp	
"masara"@ha	<http://ids.clld.org/values/8-470-220-1>		<http://ids.clld.org/parameters/8-470>		<http://ids.clld.org/values/8-470-280-1>		"'ṣ̌ɨki"@pcp	
"uba"@ha	<http://ids.clld.org/values/2-350-220-1>		<http://ids.clld.org/parameters/2-350>		<http://ids.clld.org/values/2-350-280-1>		"'ɨpa"@pcp	
"uba"@ha	<http://ids.clld.org/values/2-350-220-1>		<http://ids.clld.org/parameters/2-350>		<http://ids.clld.org/values/2-350-280-3>		"'ʔɨpa"@pcp	
"saiwa"@ha	<http://ids.clld.org/values/8-540-220-1>		<http://ids.clld.org/parameters/8-540>		<http://ids.clld.org/values/8-540-280-1>		"ta'pono"@pcp	
"nuna"@ha	<http://ids.clld.org/values/15-550-220-1>		<http://ids.clld.org/parameters/15-550>		<http://ids.clld.org/values/15-550-280-1>		"hi-'maki"@pcp	
"sauro"@ha	<http://ids.clld.org/values/3-832-220-1>		<http://ids.clld.org/parameters/3-832>		<http://ids.clld.org/values/3-832-280-1>		"'wii"@pcp	
"igiya"@ha	<http://ids.clld.org/values/9-190-220-1>		<http://ids.clld.org/parameters/9-190>		<http://ids.clld.org/values/9-190-280-1>		"'taška"@pcp	
"jariri"@ha	<http://ids.clld.org/values/2-280-220-1>		<http://ids.clld.org/parameters/2-280>		<http://ids.clld.org/values/2-280-280-1>		"'wakɨ 'pistia"@pcp	
"barewa"@ha	<http://ids.clld.org/values/3-750-220-1>		<http://ids.clld.org/parameters/3-750>		<http://ids.clld.org/values/3-750-280-1>		"'čaṣ̌o"@pcp	
"gidan tsuntsu"@ha	<http://ids.clld.org/values/3-580-220-3>		<http://ids.clld.org/parameters/3-580>		<http://ids.clld.org/values/3-580-280-1>		"'naʔa"@pcp	
"jaka mai raga-raga"@ha	<http://ids.clld.org/values/9-780-220-1>		<http://ids.clld.org/parameters/9-780>		<http://ids.clld.org/values/9-780-280-1>		"'sota"@pcp	
"wuta"@ha	<http://ids.clld.org/values/1-810-220-1>		<http://ids.clld.org/parameters/1-810>		<http://ids.clld.org/values/1-810-280-1>		"'čiʔi"@pcp	
"kogi"@ha	<http://ids.clld.org/values/1-360-220-1>		<http://ids.clld.org/parameters/1-360>		<http://ids.clld.org/values/1-360-280-1>		"'ʔani"@pcp	
"kogi"@ha	<http://ids.clld.org/values/1-360-220-1>		<http://ids.clld.org/parameters/1-360>		<http://ids.clld.org/values/1-360-280-3>		"'pao"@pcp	
"tauraro"@ha	<http://ids.clld.org/values/1-540-220-1>		<http://ids.clld.org/parameters/1-540>		<http://ids.clld.org/values/1-540-280-1>		"'wištima"@pcp	
"ita (fem.)"@ha	<http://ids.clld.org/values/2-930-220-3>		<http://ids.clld.org/parameters/2-930>		<http://ids.clld.org/values/2-930-280-1>		"'haa"@pcp	
"dutsen ado"@ha	<http://ids.clld.org/values/6-760-220-1>		<http://ids.clld.org/parameters/6-760>		<http://ids.clld.org/values/6-760-280-1>		"'kisi"@pcp	
"wani irin"@ha	<http://ids.clld.org/values/3-831-220-3>		<http://ids.clld.org/parameters/3-831>		<http://ids.clld.org/values/3-831-280-1>		"'šio"@pcp	
"wani irin"@ha	<http://ids.clld.org/values/3-831-220-3>		<http://ids.clld.org/parameters/3-831>		<http://ids.clld.org/values/3-831-280-3>		"'čio"@pcp	
