"baki"@ha	<http://ids.clld.org/values/4-240-220-1>		<http://ids.clld.org/parameters/4-240>		<http://ids.clld.org/values/4-240-286-1>		"kapiyašiʔ (topak)"@pav	
"zo"@ha	<http://ids.clld.org/values/10-480-220-1>		<http://ids.clld.org/parameters/10-480>		<http://ids.clld.org/values/10-480-286-1>		"makiʔ"@pav	
"siriri"@ha	<http://ids.clld.org/values/12-650-220-1>		<http://ids.clld.org/parameters/12-650>		<http://ids.clld.org/values/12-650-286-1>		"šašiʔ"@pav	
"yi wasa"@ha	<http://ids.clld.org/values/16-260-220-1>		<http://ids.clld.org/parameters/16-260>		<http://ids.clld.org/values/16-260-286-1>		"warayu"@pav	
"yi wari"@ha	<http://ids.clld.org/values/15-210-220-3>		<http://ids.clld.org/parameters/15-210>		<http://ids.clld.org/values/15-210-286-3>		"hu"@pav	
"yi wari"@ha	<http://ids.clld.org/values/15-210-220-3>		<http://ids.clld.org/parameters/15-210>		<http://ids.clld.org/values/15-210-286-1>		"nak"@pav	
"biyu"@ha	<http://ids.clld.org/values/13-20-220-1>		<http://ids.clld.org/parameters/13-20>		<http://ids.clld.org/values/13-20-286-1>		"tuku karakan"@pav	
"sha"@ha	<http://ids.clld.org/values/5-130-220-1>		<http://ids.clld.org/parameters/5-130>		<http://ids.clld.org/values/5-130-286-1>		"tok"@pav	
"sha"@ha	<http://ids.clld.org/values/5-130-220-1>		<http://ids.clld.org/parameters/5-130>		<http://ids.clld.org/values/5-130-286-3>		"tototok"@pav	
"kare (masc.)"@ha	<http://ids.clld.org/values/3-610-220-1>		<http://ids.clld.org/parameters/3-610>		<http://ids.clld.org/values/3-610-286-1>		"oromiyak"@pav	
"zuciya"@ha	<http://ids.clld.org/values/4-440-220-1>		<http://ids.clld.org/parameters/4-440>		<http://ids.clld.org/values/4-440-286-1>		"šimišiʔ (šim)"@pav	
"busasshe"@ha	<http://ids.clld.org/values/15-840-220-1>		<http://ids.clld.org/parameters/15-840>		<http://ids.clld.org/values/15-840-286-1>		"kawainʔ"@pav	
"mai kyau"@ha	<http://ids.clld.org/values/16-710-220-1>		<http://ids.clld.org/parameters/16-710>		<http://ids.clld.org/values/16-710-286-1>		"awi"@pav	
"hagu"@ha	<http://ids.clld.org/values/12-420-220-1>		<http://ids.clld.org/parameters/12-420>		<http://ids.clld.org/values/12-420-286-1>		"parayišiʔ"@pav	
"gani"@ha	<http://ids.clld.org/values/15-510-220-1>		<http://ids.clld.org/parameters/15-510>		<http://ids.clld.org/values/15-510-286-1>		"kerek"@pav	
"fari"@ha	<http://ids.clld.org/values/15-640-220-1>		<http://ids.clld.org/parameters/15-640>		<http://ids.clld.org/values/15-640-286-1>		"towoʔ"@pav	
"shekara"@ha	<http://ids.clld.org/values/14-730-220-1>		<http://ids.clld.org/parameters/14-730>		<http://ids.clld.org/values/14-730-286-1>		"kawašiʔ"@pav	
"hadari"@ha	<http://ids.clld.org/values/1-730-220-5>		<http://ids.clld.org/parameters/1-730>		<http://ids.clld.org/values/1-730-286-1>		"tayain nanawin"@pav	
"fiffike"@ha	<http://ids.clld.org/values/4-392-220-1>		<http://ids.clld.org/parameters/4-392>		<http://ids.clld.org/values/4-392-286-1>		"tapaši"@pav	
"hakˀori"@ha	<http://ids.clld.org/values/4-270-220-1>		<http://ids.clld.org/parameters/4-270>		<http://ids.clld.org/values/4-270-286-1>		"šišiʔ (yat)"@pav	
"kashe"@ha	<http://ids.clld.org/values/4-760-220-1>		<http://ids.clld.org/parameters/4-760>		<http://ids.clld.org/values/4-760-286-1>		"paʔ"@pav	
"faɗi"@ha	<http://ids.clld.org/values/12-610-220-1>		<http://ids.clld.org/parameters/12-610>		<http://ids.clld.org/values/12-610-286-1>		"kote ne kimain"@pav	
"babba"@ha	<http://ids.clld.org/values/12-550-220-1>		<http://ids.clld.org/parameters/12-550>		<http://ids.clld.org/values/12-550-286-1>		"hwaraʔ"@pav	
"babba"@ha	<http://ids.clld.org/values/12-550-220-1>		<http://ids.clld.org/parameters/12-550>		<http://ids.clld.org/values/12-550-286-3>		"horon"@pav	
"kai"@ha	<http://ids.clld.org/values/4-200-220-1>		<http://ids.clld.org/parameters/4-200>		<http://ids.clld.org/values/4-200-286-1>		"winašiʔ (wayiʔ)"@pav	
"iska"@ha	<http://ids.clld.org/values/1-720-220-1>		<http://ids.clld.org/parameters/1-720>		<http://ids.clld.org/values/1-720-286-1>		"hotowa"@pav	
"ja"@ha	<http://ids.clld.org/values/15-660-220-1>		<http://ids.clld.org/parameters/15-660>		<http://ids.clld.org/values/15-660-286-1>		"pakaʔ"@pav	
"teku"@ha	<http://ids.clld.org/values/1-320-220-1>		<http://ids.clld.org/parameters/1-320>		<http://ids.clld.org/values/1-320-286-1>		"kote ne kom"@pav	
"kˀarami"@ha	<http://ids.clld.org/values/12-560-220-1>		<http://ids.clld.org/parameters/12-560>		<http://ids.clld.org/values/12-560-286-1>		"wiyimain"@pav	
"mikˀakˀkˀe"@ha	<http://ids.clld.org/values/12-730-220-1>		<http://ids.clld.org/parameters/12-730>		<http://ids.clld.org/values/12-730-286-1>		"ka om šone ne"@pav	
"wata"@ha	<http://ids.clld.org/values/13-181-220-3>		<http://ids.clld.org/parameters/13-181>		<http://ids.clld.org/values/13-181-286-1>		"arakaʔ"@pav	
"mutuwa"@ha	<http://ids.clld.org/values/4-750-220-3>		<http://ids.clld.org/parameters/4-750>		<http://ids.clld.org/values/4-750-286-3>		"konoʔ"@pav	
"mutuwa"@ha	<http://ids.clld.org/values/4-750-220-3>		<http://ids.clld.org/parameters/4-750>		<http://ids.clld.org/values/4-750-286-1>		"miʔ pin"@pav	
"fure"@ha	<http://ids.clld.org/values/8-570-220-1>		<http://ids.clld.org/parameters/8-570>		<http://ids.clld.org/values/8-570-286-3>		"wiyein"@pav	
"fure"@ha	<http://ids.clld.org/values/8-570-220-1>		<http://ids.clld.org/parameters/8-570>		<http://ids.clld.org/values/8-570-286-1>		"piwain"@pav	
"wuya"@ha	<http://ids.clld.org/values/4-280-220-1>		<http://ids.clld.org/parameters/4-280>		<http://ids.clld.org/values/4-280-286-1>		"paramašiʔ"@pav	
"jikˀakˀkˀe"@ha	<http://ids.clld.org/values/15-830-220-1>		<http://ids.clld.org/parameters/15-830>		<http://ids.clld.org/values/15-830-286-1>		"šoʔ"@pav	
"hazo"@ha	<http://ids.clld.org/values/1-740-220-1>		<http://ids.clld.org/parameters/1-740>		<http://ids.clld.org/values/1-740-286-1>		"murukukuʔ"@pav	
"mahaifiya"@ha	<http://ids.clld.org/values/2-360-220-3>		<http://ids.clld.org/parameters/2-360>		<http://ids.clld.org/values/2-360-286-1>		"naʔ"@pav	
"iri"@ha	<http://ids.clld.org/values/8-311-220-1>		<http://ids.clld.org/parameters/8-311>		<http://ids.clld.org/values/8-311-286-1>		"tokwi"@pav	
"zagayayye"@ha	<http://ids.clld.org/values/12-810-220-3>		<http://ids.clld.org/parameters/12-810>		<http://ids.clld.org/values/12-810-286-1>		"monoʔo"@pav	
"tsuntsu"@ha	<http://ids.clld.org/values/3-581-220-1>		<http://ids.clld.org/parameters/3-581>		<http://ids.clld.org/values/3-581-286-1>		"me"@pav	
"santsi"@ha	<http://ids.clld.org/values/15-770-220-3>		<http://ids.clld.org/parameters/15-770>		<http://ids.clld.org/values/15-770-286-1>		"topišik"@pav	
"itaci"@ha	<http://ids.clld.org/values/8-600-220-1>		<http://ids.clld.org/parameters/8-600>		<http://ids.clld.org/values/8-600-286-1>		"pana"@pav	
"nama"@ha	<http://ids.clld.org/values/5-610-220-1>		<http://ids.clld.org/parameters/5-610>		<http://ids.clld.org/values/5-610-286-1>		"karawa (karamayišiʔ)"@pav	
"mu"@ha	<http://ids.clld.org/values/2-941-220-1>		<http://ids.clld.org/parameters/2-941>		<http://ids.clld.org/values/2-941-286-1>		"wariʔ"@pav	
"yawa"@ha	<http://ids.clld.org/values/13-150-220-1>		<http://ids.clld.org/parameters/13-150>		<http://ids.clld.org/values/13-150-286-1>		"iriʔ miyo/ miya"@pav	
"tana"@ha	<http://ids.clld.org/values/3-840-220-1>		<http://ids.clld.org/parameters/3-840>		<http://ids.clld.org/values/3-840-286-1>		"meteʔ"@pav	
"jeji"@ha	<http://ids.clld.org/values/1-410-220-3>		<http://ids.clld.org/parameters/1-410>		<http://ids.clld.org/values/1-410-286-1>		"nahwarak"@pav	
"yashi"@ha	<http://ids.clld.org/values/1-215-220-1>		<http://ids.clld.org/parameters/1-215>		<http://ids.clld.org/values/1-215-286-1>		"namayi"@pav	
"hannu"@ha	<http://ids.clld.org/values/4-330-220-1>		<http://ids.clld.org/parameters/4-330>		<http://ids.clld.org/values/4-330-286-1>		"mišiʔ"@pav	
"hannu"@ha	<http://ids.clld.org/values/4-330-220-1>		<http://ids.clld.org/parameters/4-330>		<http://ids.clld.org/values/4-330-286-3>		"(umʔ)"@pav	
"cika"@ha	<http://ids.clld.org/values/13-210-220-1>		<http://ids.clld.org/parameters/13-210>		<http://ids.clld.org/values/13-210-286-5>		"maʔam"@pav	
"cika"@ha	<http://ids.clld.org/values/13-210-220-1>		<http://ids.clld.org/parameters/13-210>		<http://ids.clld.org/values/13-210-286-3>		"moromoinʔ"@pav	
"cika"@ha	<http://ids.clld.org/values/13-210-220-1>		<http://ids.clld.org/parameters/13-210>		<http://ids.clld.org/values/13-210-286-1>		"moinʔ"@pav	
"dogo"@ha	<http://ids.clld.org/values/12-570-220-3>		<http://ids.clld.org/parameters/12-570>		<http://ids.clld.org/values/12-570-286-1>		"matam"@pav	
"kˀambori"@ha	<http://ids.clld.org/values/4-345-220-1>		<http://ids.clld.org/parameters/4-345>		<http://ids.clld.org/values/4-345-286-1>		"šikinain"@pav	
"daidai"@ha	<http://ids.clld.org/values/16-730-220-1>		<http://ids.clld.org/parameters/16-730>		<http://ids.clld.org/values/16-730-286-1>		"šoʔ"@pav	
"kunne"@ha	<http://ids.clld.org/values/4-220-220-1>		<http://ids.clld.org/parameters/4-220>		<http://ids.clld.org/values/4-220-286-1>		"tara-yišiʔ (taraʔ)"@pav	
"toka"@ha	<http://ids.clld.org/values/1-840-220-1>		<http://ids.clld.org/parameters/1-840>		<http://ids.clld.org/values/1-840-286-1>		"topakon"@pav	
"kˀona"@ha	<http://ids.clld.org/values/1-851-220-1>		<http://ids.clld.org/parameters/1-851>		<http://ids.clld.org/values/1-851-286-3>		"wiran"@pav	
"kˀona"@ha	<http://ids.clld.org/values/1-851-220-1>		<http://ids.clld.org/parameters/1-851>		<http://ids.clld.org/values/1-851-286-1>		"tom"@pav	
"kˀona"@ha	<http://ids.clld.org/values/1-851-220-1>		<http://ids.clld.org/parameters/1-851>		<http://ids.clld.org/values/1-851-286-5>		"karahoʔ"@pav	
"yarinya (fem.)"@ha	<http://ids.clld.org/values/2-270-220-3>		<http://ids.clld.org/parameters/2-270>		<http://ids.clld.org/values/2-270-286-1>		"piyeʔ"@pav	
"ɗumi"@ha	<http://ids.clld.org/values/15-851-220-1>		<http://ids.clld.org/parameters/15-851>		<http://ids.clld.org/values/15-851-286-3>		"nonoe"@pav	
"ɗumi"@ha	<http://ids.clld.org/values/15-851-220-1>		<http://ids.clld.org/parameters/15-851>		<http://ids.clld.org/values/15-851-286-1>		"šain"@pav	
"raɓa-danni"@ha	<http://ids.clld.org/values/8-670-220-1>		<http://ids.clld.org/parameters/8-670>		<http://ids.clld.org/values/8-670-286-1>		"makon (makorišiʔ)"@pav	
"duka"@ha	<http://ids.clld.org/values/9-210-220-3>		<http://ids.clld.org/parameters/9-210>		<http://ids.clld.org/values/9-210-286-1>		"toʔ"@pav	
"hanji"@ha	<http://ids.clld.org/values/4-461-220-1>		<http://ids.clld.org/parameters/4-461>		<http://ids.clld.org/values/4-461-286-1>		"monošiʔ (mon)"@pav	
"kˀwai"@ha	<http://ids.clld.org/values/5-970-220-1>		<http://ids.clld.org/parameters/5-970>		<http://ids.clld.org/values/5-970-286-1>		"arayein"@pav	
"suma (male)"@ha	<http://ids.clld.org/values/4-140-220-3>		<http://ids.clld.org/parameters/4-140>		<http://ids.clld.org/values/4-140-286-1>		"tenenešiʔ"@pav	
"suma (male)"@ha	<http://ids.clld.org/values/4-140-220-3>		<http://ids.clld.org/parameters/4-140>		<http://ids.clld.org/values/4-140-286-3>		"tenenein (šun)"@pav	
"ura"@ha	<http://ids.clld.org/values/1-213-220-3>		<http://ids.clld.org/parameters/1-213>		<http://ids.clld.org/values/1-213-286-1>		"tainʔ"@pav	
"nono"@ha	<http://ids.clld.org/values/4-410-220-1>		<http://ids.clld.org/parameters/4-410>		<http://ids.clld.org/values/4-410-286-1>		"karašišiʔ (katat)"@pav	
"katse"@ha	<http://ids.clld.org/values/5-480-220-5>		<http://ids.clld.org/parameters/5-480>		<http://ids.clld.org/values/5-480-286-1>		"kuruk"@pav	
"farta"@ha	<http://ids.clld.org/values/8-220-220-9>		<http://ids.clld.org/parameters/8-220>		<http://ids.clld.org/values/8-220-286-1>		"še"@pav	
"farta"@ha	<http://ids.clld.org/values/8-220-220-9>		<http://ids.clld.org/parameters/8-220>		<http://ids.clld.org/values/8-220-286-3>		"šikeʔ"@pav	
"itace"@ha	<http://ids.clld.org/values/1-430-220-1>		<http://ids.clld.org/parameters/1-430>		<http://ids.clld.org/values/1-430-286-1>		"pana"@pav	
"nesa"@ha	<http://ids.clld.org/values/12-440-220-1>		<http://ids.clld.org/parameters/12-440>		<http://ids.clld.org/values/12-440-286-1>		"pira"@pav	
"tona"@ha	<http://ids.clld.org/values/8-220-220-11>		<http://ids.clld.org/parameters/8-220>		<http://ids.clld.org/values/8-220-286-1>		"še"@pav	
"tona"@ha	<http://ids.clld.org/values/8-220-220-11>		<http://ids.clld.org/parameters/8-220>		<http://ids.clld.org/values/8-220-286-3>		"šikeʔ"@pav	
"tafki"@ha	<http://ids.clld.org/values/1-330-220-1>		<http://ids.clld.org/parameters/1-330>		<http://ids.clld.org/values/1-330-286-1>		"šuteremʔ"@pav	
"dariya"@ha	<http://ids.clld.org/values/16-250-220-1>		<http://ids.clld.org/parameters/16-250>		<http://ids.clld.org/values/16-250-286-1>		"tatamʔ"@pav	
"dariya"@ha	<http://ids.clld.org/values/16-250-220-1>		<http://ids.clld.org/parameters/16-250>		<http://ids.clld.org/values/16-250-286-3>		"katamʔ"@pav	
"laushi"@ha	<http://ids.clld.org/values/15-770-220-5>		<http://ids.clld.org/parameters/15-770>		<http://ids.clld.org/values/15-770-286-1>		"topišik"@pav	
"kaifi"@ha	<http://ids.clld.org/values/15-780-220-1>		<http://ids.clld.org/parameters/15-780>		<http://ids.clld.org/values/15-780-286-1>		"šaʔ"@pav	
"wanke"@ha	<http://ids.clld.org/values/9-360-220-1>		<http://ids.clld.org/parameters/9-360>		<http://ids.clld.org/values/9-360-286-3>		"toʔ"@pav	
"wanke"@ha	<http://ids.clld.org/values/9-360-220-1>		<http://ids.clld.org/parameters/9-360>		<http://ids.clld.org/values/9-360-286-1>		"hohok"@pav	
"yi faɗa"@ha	<http://ids.clld.org/values/20-110-220-1>		<http://ids.clld.org/parameters/20-110>		<http://ids.clld.org/values/20-110-286-1>		"mišita"@pav	
"kˀirga"@ha	<http://ids.clld.org/values/13-107-220-1>		<http://ids.clld.org/parameters/13-107>		<http://ids.clld.org/values/13-107-286-1>		"piyimʔ"@pav	
"sani"@ha	<http://ids.clld.org/values/17-170-220-1>		<http://ids.clld.org/parameters/17-170>		<http://ids.clld.org/values/17-170-286-1>		"tašiʔ"@pav	
"sani"@ha	<http://ids.clld.org/values/17-170-220-1>		<http://ids.clld.org/parameters/17-170>		<http://ids.clld.org/values/17-170-286-3>		"kerek"@pav	
"sani"@ha	<http://ids.clld.org/values/17-170-220-1>		<http://ids.clld.org/parameters/17-170>		<http://ids.clld.org/values/17-170-286-5>		"kerek pinʔ"@pav	
"hayakʔi"@ha	<http://ids.clld.org/values/1-830-220-1>		<http://ids.clld.org/parameters/1-830>		<http://ids.clld.org/values/1-830-286-1>		"tainʔ"@pav	
"girgije"@ha	<http://ids.clld.org/values/1-730-220-3>		<http://ids.clld.org/parameters/1-730>		<http://ids.clld.org/values/1-730-286-1>		"tayain nanawin"@pav	
"ja"@ha	<http://ids.clld.org/values/9-330-220-1>		<http://ids.clld.org/parameters/9-330>		<http://ids.clld.org/values/9-330-286-1>		"kök"@pav	
"tunani"@ha	<http://ids.clld.org/values/17-130-220-1>		<http://ids.clld.org/parameters/17-130>		<http://ids.clld.org/values/17-130-286-1>		"koromikat"@pav	
"hanci"@ha	<http://ids.clld.org/values/4-230-220-1>		<http://ids.clld.org/parameters/4-230>		<http://ids.clld.org/values/4-230-286-1>		"werešiʔ (ut)"@pav	
"bishiya"@ha	<http://ids.clld.org/values/8-600-220-3>		<http://ids.clld.org/parameters/8-600>		<http://ids.clld.org/values/8-600-286-1>		"pana"@pav	
"dare"@ha	<http://ids.clld.org/values/14-420-220-1>		<http://ids.clld.org/parameters/14-420>		<http://ids.clld.org/values/14-420-286-1>		"šim"@pav	
"bindi (masc.)"@ha	<http://ids.clld.org/values/4-180-220-3>		<http://ids.clld.org/parameters/4-180>		<http://ids.clld.org/values/4-180-286-1>		"kahwerein"@pav	
"wutsiya"@ha	<http://ids.clld.org/values/4-180-220-5>		<http://ids.clld.org/parameters/4-180>		<http://ids.clld.org/values/4-180-286-1>		"kahwerein"@pav	
"namiji"@ha	<http://ids.clld.org/values/2-230-220-1>		<http://ids.clld.org/parameters/2-230>		<http://ids.clld.org/values/2-230-286-1>		"taramaʔ"@pav	
"gashi"@ha	<http://ids.clld.org/values/4-393-220-1>		<http://ids.clld.org/parameters/4-393>		<http://ids.clld.org/values/4-393-286-1>		"tenenein (šun)"@pav	
"tsaya"@ha	<http://ids.clld.org/values/12-150-220-1>		<http://ids.clld.org/parameters/12-150>		<http://ids.clld.org/values/12-150-286-1>		"tekiʔ pe"@pav	
"tsaya"@ha	<http://ids.clld.org/values/12-150-220-1>		<http://ids.clld.org/parameters/12-150>		<http://ids.clld.org/values/12-150-286-3>		"tekiʔ to"@pav	
"dama"@ha	<http://ids.clld.org/values/12-410-220-1>		<http://ids.clld.org/parameters/12-410>		<http://ids.clld.org/values/12-410-286-1>		"irikwerešiʔ"@pav	
"mace"@ha	<http://ids.clld.org/values/2-220-220-1>		<http://ids.clld.org/parameters/2-220>		<http://ids.clld.org/values/2-220-286-1>		"narimaʔ"@pav	
"gishiri"@ha	<http://ids.clld.org/values/5-810-220-1>		<http://ids.clld.org/parameters/5-810>		<http://ids.clld.org/values/5-810-286-1>		"[sal]"@pav	
"miji"@ha	<http://ids.clld.org/values/2-310-220-1>		<http://ids.clld.org/parameters/2-310>		<http://ids.clld.org/values/2-310-286-1>		"taši"@pav	
"doron kˀasa"@ha	<http://ids.clld.org/values/1-210-220-1>		<http://ids.clld.org/parameters/1-210>		<http://ids.clld.org/values/1-210-286-1>		"makanʔ"@pav	
"mata"@ha	<http://ids.clld.org/values/2-320-220-1>		<http://ids.clld.org/parameters/2-320>		<http://ids.clld.org/values/2-320-286-1>		"mana"@pav	
"mutum (masc.)"@ha	<http://ids.clld.org/values/2-100-220-1>		<http://ids.clld.org/parameters/2-100>		<http://ids.clld.org/values/2-100-286-1>		"wariʔ"@pav	
"faɗa"@ha	<http://ids.clld.org/values/18-220-220-3>		<http://ids.clld.org/parameters/18-220>		<http://ids.clld.org/values/18-220-286-1>		"tomiʔ šoʔ"@pav	
"namiji"@ha	<http://ids.clld.org/values/2-210-220-1>		<http://ids.clld.org/parameters/2-210>		<http://ids.clld.org/values/2-210-286-1>		"taramaʔ"@pav	
"suna"@ha	<http://ids.clld.org/values/18-280-220-1>		<http://ids.clld.org/parameters/18-280>		<http://ids.clld.org/values/18-280-286-1>		"wišišiʔ (wit)"@pav	
"ayas"@ha	<http://ids.clld.org/values/1-770-220-3>		<http://ids.clld.org/parameters/1-770>		<http://ids.clld.org/values/1-770-286-1>		"šio šio"@pav	
"karya (fem.)"@ha	<http://ids.clld.org/values/3-610-220-3>		<http://ids.clld.org/parameters/3-610>		<http://ids.clld.org/values/3-610-286-1>		"oromiyak"@pav	
"ture"@ha	<http://ids.clld.org/values/10-670-220-3>		<http://ids.clld.org/parameters/10-670>		<http://ids.clld.org/values/10-670-286-1>		"yök"@pav	
"cikakke"@ha	<http://ids.clld.org/values/13-210-220-3>		<http://ids.clld.org/parameters/13-210>		<http://ids.clld.org/values/13-210-286-5>		"maʔam"@pav	
"cikakke"@ha	<http://ids.clld.org/values/13-210-220-3>		<http://ids.clld.org/parameters/13-210>		<http://ids.clld.org/values/13-210-286-3>		"moromoinʔ"@pav	
"cikakke"@ha	<http://ids.clld.org/values/13-210-220-3>		<http://ids.clld.org/parameters/13-210>		<http://ids.clld.org/values/13-210-286-1>		"moinʔ"@pav	
"faɗi"@ha	<http://ids.clld.org/values/10-230-220-1>		<http://ids.clld.org/parameters/10-230>		<http://ids.clld.org/values/10-230-286-3>		"kamaraʔ"@pav	
"faɗi"@ha	<http://ids.clld.org/values/10-230-220-1>		<http://ids.clld.org/parameters/10-230>		<http://ids.clld.org/values/10-230-286-1>		"panʔ"@pav	
"kaftu"@ha	<http://ids.clld.org/values/8-220-220-3>		<http://ids.clld.org/parameters/8-220>		<http://ids.clld.org/values/8-220-286-1>		"še"@pav	
"kaftu"@ha	<http://ids.clld.org/values/8-220-220-3>		<http://ids.clld.org/parameters/8-220>		<http://ids.clld.org/values/8-220-286-3>		"šikeʔ"@pav	
"ciyawa"@ha	<http://ids.clld.org/values/8-510-220-1>		<http://ids.clld.org/parameters/8-510>		<http://ids.clld.org/values/8-510-286-1>		"tononoin"@pav	
"baya"@ha	<http://ids.clld.org/values/4-190-220-1>		<http://ids.clld.org/parameters/4-190>		<http://ids.clld.org/values/4-190-286-1>		"warašiʔ"@pav	
"ruwa"@ha	<http://ids.clld.org/values/1-310-220-1>		<http://ids.clld.org/parameters/1-310>		<http://ids.clld.org/values/1-310-286-1>		"kom (komišiʔ)"@pav	
"ni"@ha	<http://ids.clld.org/values/2-910-220-1>		<http://ids.clld.org/parameters/2-910>		<http://ids.clld.org/values/2-910-286-1>		"wataʔ"@pav	
"sama"@ha	<http://ids.clld.org/values/1-510-220-1>		<http://ids.clld.org/parameters/1-510>		<http://ids.clld.org/values/1-510-286-1>		"nanawin"@pav	
"rikˀe"@ha	<http://ids.clld.org/values/11-150-220-1>		<http://ids.clld.org/parameters/11-150>		<http://ids.clld.org/values/11-150-286-1>		"kep"@pav	
"dutse"@ha	<http://ids.clld.org/values/1-440-220-1>		<http://ids.clld.org/parameters/1-440>		<http://ids.clld.org/values/1-440-286-1>		"pakun"@pav	
"tsoho"@ha	<http://ids.clld.org/values/14-150-220-1>		<http://ids.clld.org/parameters/14-150>		<http://ids.clld.org/values/14-150-286-1>		"maraʔ"@pav	
"tsoho"@ha	<http://ids.clld.org/values/14-150-220-1>		<http://ids.clld.org/parameters/14-150>		<http://ids.clld.org/values/14-150-286-3>		"horon"@pav	
"ʔyar hanya"@ha	<http://ids.clld.org/values/10-720-220-3>		<http://ids.clld.org/parameters/10-720>		<http://ids.clld.org/values/10-720-286-1>		"wana (wanayišiʔ)"@pav	
"gajere"@ha	<http://ids.clld.org/values/12-590-220-1>		<http://ids.clld.org/parameters/12-590>		<http://ids.clld.org/values/12-590-286-1>		"wiyimain"@pav	
"kˀashi"@ha	<http://ids.clld.org/values/4-160-220-1>		<http://ids.clld.org/parameters/4-160>		<http://ids.clld.org/values/4-160-286-1>		"arašiʔ (at)"@pav	
"nema"@ha	<http://ids.clld.org/values/11-310-220-1>		<http://ids.clld.org/parameters/11-310>		<http://ids.clld.org/values/11-310-286-1>		"noro"@pav	
"rana"@ha	<http://ids.clld.org/values/1-520-220-1>		<http://ids.clld.org/parameters/1-520>		<http://ids.clld.org/values/1-520-286-1>		"šina"@pav	
"fata"@ha	<http://ids.clld.org/values/4-120-220-1>		<http://ids.clld.org/parameters/4-120>		<http://ids.clld.org/values/4-120-286-1>		"taparišiʔ"@pav	
"hanta"@ha	<http://ids.clld.org/values/4-450-220-1>		<http://ids.clld.org/parameters/4-450>		<http://ids.clld.org/values/4-450-286-1>		"tarawanašiʔ (tarawan)"@pav	
"mama"@ha	<http://ids.clld.org/values/4-410-220-3>		<http://ids.clld.org/parameters/4-410>		<http://ids.clld.org/values/4-410-286-1>		"karašišiʔ (katat)"@pav	
"tsauni"@ha	<http://ids.clld.org/values/1-220-220-7>		<http://ids.clld.org/parameters/1-220>		<http://ids.clld.org/values/1-220-286-1>		"pakun"@pav	
"busa"@ha	<http://ids.clld.org/values/10-380-220-3>		<http://ids.clld.org/parameters/10-380>		<http://ids.clld.org/values/10-380-286-3>		"hukoʔ"@pav	
"busa"@ha	<http://ids.clld.org/values/10-380-220-3>		<http://ids.clld.org/parameters/10-380>		<http://ids.clld.org/values/10-380-286-1>		"hu"@pav	
"ganye"@ha	<http://ids.clld.org/values/8-560-220-1>		<http://ids.clld.org/parameters/8-560>		<http://ids.clld.org/values/8-560-286-1>		"tenenein"@pav	
"rawaya"@ha	<http://ids.clld.org/values/15-690-220-1>		<http://ids.clld.org/parameters/15-690>		<http://ids.clld.org/values/15-690-286-1>		"košik"@pav	
"ɗan Adam"@ha	<http://ids.clld.org/values/2-100-220-5>		<http://ids.clld.org/parameters/2-100>		<http://ids.clld.org/values/2-100-286-1>		"wariʔ"@pav	
"yi magana"@ha	<http://ids.clld.org/values/18-210-220-1>		<http://ids.clld.org/parameters/18-210>		<http://ids.clld.org/values/18-210-286-1>		"tomiʔ"@pav	
"mugu"@ha	<http://ids.clld.org/values/16-720-220-3>		<http://ids.clld.org/parameters/16-720>		<http://ids.clld.org/values/16-720-286-1>		"kayi"@pav	
"bishiya"@ha	<http://ids.clld.org/values/1-420-220-1>		<http://ids.clld.org/parameters/1-420>		<http://ids.clld.org/values/1-420-286-1>		"pana"@pav	
"nome"@ha	<http://ids.clld.org/values/8-220-220-5>		<http://ids.clld.org/parameters/8-220>		<http://ids.clld.org/values/8-220-286-1>		"še"@pav	
"nome"@ha	<http://ids.clld.org/values/8-220-220-5>		<http://ids.clld.org/parameters/8-220>		<http://ids.clld.org/values/8-220-286-3>		"šikeʔ"@pav	
"faffaɗa"@ha	<http://ids.clld.org/values/12-610-220-3>		<http://ids.clld.org/parameters/12-610>		<http://ids.clld.org/values/12-610-286-1>		"kote ne kimain"@pav	
"kˀafa"@ha	<http://ids.clld.org/values/4-370-220-1>		<http://ids.clld.org/parameters/4-370>		<http://ids.clld.org/values/4-370-286-1>		"kašimašiʔ (kašim)"@pav	
"ji"@ha	<http://ids.clld.org/values/15-410-220-1>		<http://ids.clld.org/parameters/15-410>		<http://ids.clld.org/values/15-410-286-1>		"tarayu"@pav	
"rana"@ha	<http://ids.clld.org/values/14-410-220-1>		<http://ids.clld.org/parameters/14-410>		<http://ids.clld.org/values/14-410-286-1>		"šek"@pav	
"yi yaki"@ha	<http://ids.clld.org/values/20-110-220-3>		<http://ids.clld.org/parameters/20-110>		<http://ids.clld.org/values/20-110-286-1>		"mišita"@pav	
"daji"@ha	<http://ids.clld.org/values/1-410-220-1>		<http://ids.clld.org/parameters/1-410>		<http://ids.clld.org/values/1-410-286-1>		"nahwarak"@pav	
"wani"@ha	<http://ids.clld.org/values/13-181-220-1>		<http://ids.clld.org/parameters/13-181>		<http://ids.clld.org/values/13-181-286-1>		"arakaʔ"@pav	
"dutse"@ha	<http://ids.clld.org/values/1-220-220-1>		<http://ids.clld.org/parameters/1-220>		<http://ids.clld.org/values/1-220-286-1>		"pakun"@pav	
"soka"@ha	<http://ids.clld.org/values/9-223-220-1>		<http://ids.clld.org/parameters/9-223>		<http://ids.clld.org/values/9-223-286-1>		"šukunʔ"@pav	
"na kirki"@ha	<http://ids.clld.org/values/16-710-220-3>		<http://ids.clld.org/parameters/16-710>		<http://ids.clld.org/values/16-710-286-1>		"awi"@pav	
"shi (masc.)"@ha	<http://ids.clld.org/values/2-930-220-1>		<http://ids.clld.org/parameters/2-930>		<http://ids.clld.org/values/2-930-286-1>		"ko maʔ"@pav	
"su"@ha	<http://ids.clld.org/values/2-960-220-1>		<http://ids.clld.org/parameters/2-960>		<http://ids.clld.org/values/2-960-286-1>		"karam maʔ"@pav	
"jefa"@ha	<http://ids.clld.org/values/10-250-220-1>		<http://ids.clld.org/parameters/10-250>		<http://ids.clld.org/values/10-250-286-3>		"wišikaoʔ"@pav	
"jefa"@ha	<http://ids.clld.org/values/10-250-220-1>		<http://ids.clld.org/parameters/10-250>		<http://ids.clld.org/values/10-250-286-1>		"šin"@pav	
"duc̣i"@ha	<http://ids.clld.org/values/1-220-220-3>		<http://ids.clld.org/parameters/1-220>		<http://ids.clld.org/values/1-220-286-1>		"pakun"@pav	
"tsoro"@ha	<http://ids.clld.org/values/16-530-220-1>		<http://ids.clld.org/parameters/16-530>		<http://ids.clld.org/values/16-530-286-1>		"yinʔ"@pav	
"sanyi"@ha	<http://ids.clld.org/values/15-860-220-1>		<http://ids.clld.org/parameters/15-860>		<http://ids.clld.org/values/15-860-286-1>		"šio"@pav	
"sanyi"@ha	<http://ids.clld.org/values/15-860-220-1>		<http://ids.clld.org/parameters/15-860>		<http://ids.clld.org/values/15-860-286-3>		"kapinʔ"@pav	
"farauta"@ha	<http://ids.clld.org/values/20-610-220-1>		<http://ids.clld.org/parameters/20-610>		<http://ids.clld.org/values/20-610-286-1>		"yiʔam"@pav	
"kuje"@ha	<http://ids.clld.org/values/5-480-220-1>		<http://ids.clld.org/parameters/5-480>		<http://ids.clld.org/values/5-480-286-1>		"kuruk"@pav	
"datti"@ha	<http://ids.clld.org/values/15-880-220-3>		<http://ids.clld.org/parameters/15-880>		<http://ids.clld.org/values/15-880-286-1>		"mišem"@pav	
"ɗinka"@ha	<http://ids.clld.org/values/6-350-220-1>		<http://ids.clld.org/parameters/6-350>		<http://ids.clld.org/values/6-350-286-1>		"ok"@pav	
"dauɗa"@ha	<http://ids.clld.org/values/15-880-220-1>		<http://ids.clld.org/parameters/15-880>		<http://ids.clld.org/values/15-880-286-1>		"mišem"@pav	
"taso kan ruwa"@ha	<http://ids.clld.org/values/10-340-220-1>		<http://ids.clld.org/parameters/10-340>		<http://ids.clld.org/values/10-340-286-1>		"ho"@pav	
"taso kan ruwa"@ha	<http://ids.clld.org/values/10-340-220-1>		<http://ids.clld.org/parameters/10-340>		<http://ids.clld.org/values/10-340-286-3>		"horoho"@pav	
"yi amai"@ha	<http://ids.clld.org/values/4-570-220-1>		<http://ids.clld.org/parameters/4-570>		<http://ids.clld.org/values/4-570-286-1>		"weʔ"@pav	
"yi yawo"@ha	<http://ids.clld.org/values/10-450-220-1>		<http://ids.clld.org/parameters/10-450>		<http://ids.clld.org/values/10-450-286-1>		"šut"@pav	
"yi yawo"@ha	<http://ids.clld.org/values/10-450-220-1>		<http://ids.clld.org/parameters/10-450>		<http://ids.clld.org/values/10-450-286-3>		"šurušut"@pav	
"yaro (masc.)"@ha	<http://ids.clld.org/values/2-270-220-1>		<http://ids.clld.org/parameters/2-270>		<http://ids.clld.org/values/2-270-286-1>		"piyeʔ"@pav	
"maciji"@ha	<http://ids.clld.org/values/3-850-220-1>		<http://ids.clld.org/parameters/3-850>		<http://ids.clld.org/values/3-850-286-1>		"emʔ"@pav	
"kewayayye"@ha	<http://ids.clld.org/values/12-810-220-1>		<http://ids.clld.org/parameters/12-810>		<http://ids.clld.org/values/12-810-286-1>		"monoʔo"@pav	
"hasala"@ha	<http://ids.clld.org/values/16-420-220-3>		<http://ids.clld.org/parameters/16-420>		<http://ids.clld.org/values/16-420-286-1>		"manaʔ"@pav	
"gashi"@ha	<http://ids.clld.org/values/4-140-220-1>		<http://ids.clld.org/parameters/4-140>		<http://ids.clld.org/values/4-140-286-1>		"tenenešiʔ"@pav	
"gashi"@ha	<http://ids.clld.org/values/4-140-220-1>		<http://ids.clld.org/parameters/4-140>		<http://ids.clld.org/values/4-140-286-3>		"tenenein (šun)"@pav	
"kumburi"@ha	<http://ids.clld.org/values/4-853-220-1>		<http://ids.clld.org/parameters/4-853>		<http://ids.clld.org/values/4-853-286-1>		"mom"@pav	
"raba"@ha	<http://ids.clld.org/values/9-270-220-1>		<http://ids.clld.org/parameters/9-270>		<http://ids.clld.org/values/9-270-286-1>		"toʔ pahot"@pav	
"raba"@ha	<http://ids.clld.org/values/9-270-220-1>		<http://ids.clld.org/parameters/9-270>		<http://ids.clld.org/values/9-270-286-3>		"toʔ pahorohot"@pav	
"kankare"@ha	<http://ids.clld.org/values/5-480-220-3>		<http://ids.clld.org/parameters/5-480>		<http://ids.clld.org/values/5-480-286-1>		"kuruk"@pav	
"mu"@ha	<http://ids.clld.org/values/2-942-220-1>		<http://ids.clld.org/parameters/2-942>		<http://ids.clld.org/values/2-942-286-1>		"warut"@pav	
"tofa"@ha	<http://ids.clld.org/values/4-560-220-1>		<http://ids.clld.org/parameters/4-560>		<http://ids.clld.org/values/4-560-286-1>		"hupaʔ"@pav	
"kauri"@ha	<http://ids.clld.org/values/12-630-220-1>		<http://ids.clld.org/parameters/12-630>		<http://ids.clld.org/values/12-630-286-1>		"kwere"@pav	
"kaɗan"@ha	<http://ids.clld.org/values/13-170-220-1>		<http://ids.clld.org/parameters/13-170>		<http://ids.clld.org/values/13-170-286-1>		"parek"@pav	
"da yawa"@ha	<http://ids.clld.org/values/13-150-220-3>		<http://ids.clld.org/parameters/13-150>		<http://ids.clld.org/values/13-150-286-1>		"iriʔ miyo/ miya"@pav	
"ciza"@ha	<http://ids.clld.org/values/4-580-220-1>		<http://ids.clld.org/parameters/4-580>		<http://ids.clld.org/values/4-580-286-1>		"kio"@pav	
"matsa"@ha	<http://ids.clld.org/values/9-343-220-1>		<http://ids.clld.org/parameters/9-343>		<http://ids.clld.org/values/9-343-286-1>		"humʔ"@pav	
"uwa"@ha	<http://ids.clld.org/values/2-360-220-1>		<http://ids.clld.org/parameters/2-360>		<http://ids.clld.org/values/2-360-286-1>		"naʔ"@pav	
"buga"@ha	<http://ids.clld.org/values/9-210-220-5>		<http://ids.clld.org/parameters/9-210>		<http://ids.clld.org/values/9-210-286-1>		"toʔ"@pav	
"kˀafa"@ha	<http://ids.clld.org/values/4-350-220-1>		<http://ids.clld.org/parameters/4-350>		<http://ids.clld.org/values/4-350-286-1>		"pišiyašiʔ"@pav	
"kˀafa"@ha	<http://ids.clld.org/values/4-350-220-1>		<http://ids.clld.org/parameters/4-350>		<http://ids.clld.org/values/4-350-286-3>		"kokošiʔ"@pav	
"ɓawo"@ha	<http://ids.clld.org/values/8-750-220-1>		<http://ids.clld.org/parameters/8-750>		<http://ids.clld.org/values/8-750-286-1>		"tapari"@pav	
"ke (fem.)"@ha	<http://ids.clld.org/values/2-920-220-3>		<http://ids.clld.org/parameters/2-920>		<http://ids.clld.org/values/2-920-286-1>		"wum"@pav	
"naman daji"@ha	<http://ids.clld.org/values/3-110-220-3>		<http://ids.clld.org/parameters/3-110>		<http://ids.clld.org/values/3-110-286-1>		"karawa"@pav	
"gudana"@ha	<http://ids.clld.org/values/10-320-220-1>		<http://ids.clld.org/parameters/10-320>		<http://ids.clld.org/values/10-320-286-3>		"weweweo"@pav	
"gudana"@ha	<http://ids.clld.org/values/10-320-220-1>		<http://ids.clld.org/parameters/10-320>		<http://ids.clld.org/values/10-320-286-1>		"weo"@pav	
"gajimare"@ha	<http://ids.clld.org/values/1-730-220-1>		<http://ids.clld.org/parameters/1-730>		<http://ids.clld.org/values/1-730-286-1>		"tayain nanawin"@pav	
"ruwan sama"@ha	<http://ids.clld.org/values/1-750-220-1>		<http://ids.clld.org/parameters/1-750>		<http://ids.clld.org/values/1-750-286-1>		"šowiʔ"@pav	
"'ya'yan itace"@ha	<http://ids.clld.org/values/5-710-220-1>		<http://ids.clld.org/parameters/5-710>		<http://ids.clld.org/values/5-710-286-3>		"winain"@pav	
"'ya'yan itace"@ha	<http://ids.clld.org/values/5-710-220-1>		<http://ids.clld.org/parameters/5-710>		<http://ids.clld.org/values/5-710-286-1>		"memem"@pav	
"mutu"@ha	<http://ids.clld.org/values/4-750-220-1>		<http://ids.clld.org/parameters/4-750>		<http://ids.clld.org/values/4-750-286-3>		"konoʔ"@pav	
"mutu"@ha	<http://ids.clld.org/values/4-750-220-1>		<http://ids.clld.org/parameters/4-750>		<http://ids.clld.org/values/4-750-286-1>		"miʔ pin"@pav	
"guguwa"@ha	<http://ids.clld.org/values/1-720-220-3>		<http://ids.clld.org/parameters/1-720>		<http://ids.clld.org/values/1-720-286-1>		"hotowa"@pav	
"ruwan ɗorawa"@ha	<http://ids.clld.org/values/15-690-220-3>		<http://ids.clld.org/parameters/15-690>		<http://ids.clld.org/values/15-690-286-1>		"košik"@pav	
"zauna"@ha	<http://ids.clld.org/values/12-130-220-1>		<http://ids.clld.org/parameters/12-130>		<http://ids.clld.org/values/12-130-286-1>		"šaoʔ pe"@pav	
"zauna"@ha	<http://ids.clld.org/values/12-130-220-1>		<http://ids.clld.org/parameters/12-130>		<http://ids.clld.org/values/12-130-286-3>		"šaoʔ to"@pav	
"yanka"@ha	<http://ids.clld.org/values/9-220-220-1>		<http://ids.clld.org/parameters/9-220>		<http://ids.clld.org/values/9-220-286-7>		"nakarkamʔ"@pav	
"yanka"@ha	<http://ids.clld.org/values/9-220-220-1>		<http://ids.clld.org/parameters/9-220>		<http://ids.clld.org/values/9-220-286-3>		"wawak"@pav	
"yanka"@ha	<http://ids.clld.org/values/9-220-220-1>		<http://ids.clld.org/parameters/9-220>		<http://ids.clld.org/values/9-220-286-9>		"ta"@pav	
"yanka"@ha	<http://ids.clld.org/values/9-220-220-1>		<http://ids.clld.org/parameters/9-220>		<http://ids.clld.org/values/9-220-286-5>		"nakamʔ"@pav	
"yanka"@ha	<http://ids.clld.org/values/9-220-220-1>		<http://ids.clld.org/parameters/9-220>		<http://ids.clld.org/values/9-220-286-1>		"wak"@pav	
"barci"@ha	<http://ids.clld.org/values/4-610-220-1>		<http://ids.clld.org/parameters/4-610>		<http://ids.clld.org/values/4-610-286-1>		"piʔam"@pav	
"karkata"@ha	<http://ids.clld.org/values/10-130-220-1>		<http://ids.clld.org/parameters/10-130>		<http://ids.clld.org/values/10-130-286-1>		"yami"@pav	
"bakˀi"@ha	<http://ids.clld.org/values/15-650-220-1>		<http://ids.clld.org/parameters/15-650>		<http://ids.clld.org/values/15-650-286-1>		"mišem"@pav	
"maikˀo"@ha	<http://ids.clld.org/values/5-791-220-1>		<http://ids.clld.org/parameters/5-791>		<http://ids.clld.org/values/5-791-286-1>		"homain"@pav	
"jini"@ha	<http://ids.clld.org/values/4-150-220-1>		<http://ids.clld.org/parameters/4-150>		<http://ids.clld.org/values/4-150-286-1>		"kišiʔ (wik)"@pav	
"ido"@ha	<http://ids.clld.org/values/4-210-220-1>		<http://ids.clld.org/parameters/4-210>		<http://ids.clld.org/values/4-210-286-1>		"tokošiʔ (tok)"@pav	
"hakˀa"@ha	<http://ids.clld.org/values/8-220-220-1>		<http://ids.clld.org/parameters/8-220>		<http://ids.clld.org/values/8-220-286-1>		"še"@pav	
"hakˀa"@ha	<http://ids.clld.org/values/8-220-220-1>		<http://ids.clld.org/parameters/8-220>		<http://ids.clld.org/values/8-220-286-3>		"šikeʔ"@pav	
"rai"@ha	<http://ids.clld.org/values/4-740-220-1>		<http://ids.clld.org/parameters/4-740>		<http://ids.clld.org/values/4-740-286-1>		"eʔ"@pav	
"wata"@ha	<http://ids.clld.org/values/1-530-220-1>		<http://ids.clld.org/parameters/1-530>		<http://ids.clld.org/values/1-530-286-1>		"panawoʔ"@pav	
"goge"@ha	<http://ids.clld.org/values/9-310-220-3>		<http://ids.clld.org/parameters/9-310>		<http://ids.clld.org/values/9-310-286-1>		"šik"@pav	
"harshe"@ha	<http://ids.clld.org/values/4-260-220-1>		<http://ids.clld.org/parameters/4-260>		<http://ids.clld.org/values/4-260-286-1>		"petehwet nešiʔ (petehwet)"@pav	
"ɗaura"@ha	<http://ids.clld.org/values/9-160-220-1>		<http://ids.clld.org/parameters/9-160>		<http://ids.clld.org/values/9-160-286-1>		"tuku"@pav	
"turba"@ha	<http://ids.clld.org/values/10-720-220-1>		<http://ids.clld.org/parameters/10-720>		<http://ids.clld.org/values/10-720-286-1>		"wana (wanayišiʔ)"@pav	
"rayuwa"@ha	<http://ids.clld.org/values/4-740-220-3>		<http://ids.clld.org/parameters/4-740>		<http://ids.clld.org/values/4-740-286-1>		"eʔ"@pav	
"sabo"@ha	<http://ids.clld.org/values/14-130-220-1>		<http://ids.clld.org/parameters/14-130>		<http://ids.clld.org/values/14-130-286-1>		"šokori"@pav	
"kore"@ha	<http://ids.clld.org/values/15-680-220-1>		<http://ids.clld.org/parameters/15-680>		<http://ids.clld.org/values/15-680-286-1>		"tb̃um"@pav	
"nauyi"@ha	<http://ids.clld.org/values/15-810-220-1>		<http://ids.clld.org/parameters/15-810>		<http://ids.clld.org/values/15-810-286-3>		"taʔ man"@pav	
"nauyi"@ha	<http://ids.clld.org/values/15-810-220-1>		<http://ids.clld.org/parameters/15-810>		<http://ids.clld.org/values/15-810-286-1>		"šite"@pav	
"nauyi"@ha	<http://ids.clld.org/values/15-810-220-1>		<http://ids.clld.org/parameters/15-810>		<http://ids.clld.org/values/15-810-286-5>		"teʔ man"@pav	
"mahaifi"@ha	<http://ids.clld.org/values/2-350-220-3>		<http://ids.clld.org/parameters/2-350>		<http://ids.clld.org/values/2-350-286-1>		"te"@pav	
"gwiwa"@ha	<http://ids.clld.org/values/4-360-220-1>		<http://ids.clld.org/parameters/4-360>		<http://ids.clld.org/values/4-360-286-1>		"karamašiʔ (karam)"@pav	
"ci"@ha	<http://ids.clld.org/values/5-110-220-1>		<http://ids.clld.org/parameters/5-110>		<http://ids.clld.org/values/5-110-286-1>		"kaoʔ"@pav	
"ci"@ha	<http://ids.clld.org/values/5-110-220-1>		<http://ids.clld.org/parameters/5-110>		<http://ids.clld.org/values/5-110-286-3>		"kakakaoʔ"@pav	
"cizo"@ha	<http://ids.clld.org/values/4-580-220-3>		<http://ids.clld.org/parameters/4-580>		<http://ids.clld.org/values/4-580-286-1>		"kio"@pav	
"kifi"@ha	<http://ids.clld.org/values/3-650-220-1>		<http://ids.clld.org/parameters/3-650>		<http://ids.clld.org/values/3-650-286-1>		"hwam (hwamišiʔ)"@pav	
"ce"@ha	<http://ids.clld.org/values/18-220-220-1>		<http://ids.clld.org/parameters/18-220>		<http://ids.clld.org/values/18-220-286-1>		"tomiʔ šoʔ"@pav	
"yi iyo"@ha	<http://ids.clld.org/values/10-350-220-1>		<http://ids.clld.org/parameters/10-350>		<http://ids.clld.org/values/10-350-286-3>		"panʔ karakam"@pav	
"yi iyo"@ha	<http://ids.clld.org/values/10-350-220-1>		<http://ids.clld.org/parameters/10-350>		<http://ids.clld.org/values/10-350-286-1>		"panʔ kam"@pav	
"bayar"@ha	<http://ids.clld.org/values/11-210-220-1>		<http://ids.clld.org/parameters/11-210>		<http://ids.clld.org/values/11-210-286-1>		"miʔ"@pav	
"fushi"@ha	<http://ids.clld.org/values/16-420-220-1>		<http://ids.clld.org/parameters/16-420>		<http://ids.clld.org/values/16-420-286-1>		"manaʔ"@pav	
"yi kˀanshi"@ha	<http://ids.clld.org/values/15-210-220-1>		<http://ids.clld.org/parameters/15-210>		<http://ids.clld.org/values/15-210-286-3>		"hu"@pav	
"yi kˀanshi"@ha	<http://ids.clld.org/values/15-210-220-1>		<http://ids.clld.org/parameters/15-210>		<http://ids.clld.org/values/15-210-286-1>		"nak"@pav	
"kai (masc.)"@ha	<http://ids.clld.org/values/2-920-220-1>		<http://ids.clld.org/parameters/2-920>		<http://ids.clld.org/values/2-920-286-1>		"wum"@pav	
"kowane"@ha	<http://ids.clld.org/values/13-140-220-1>		<http://ids.clld.org/parameters/13-140>		<http://ids.clld.org/values/13-140-286-1>		"šam"@pav	
"kowace"@ha	<http://ids.clld.org/values/13-140-220-3>		<http://ids.clld.org/parameters/13-140>		<http://ids.clld.org/values/13-140-286-1>		"šam"@pav	
"uba"@ha	<http://ids.clld.org/values/2-350-220-1>		<http://ids.clld.org/parameters/2-350>		<http://ids.clld.org/values/2-350-286-1>		"te"@pav	
"saiwa"@ha	<http://ids.clld.org/values/8-540-220-1>		<http://ids.clld.org/parameters/8-540>		<http://ids.clld.org/values/8-540-286-1>		"kašimain"@pav	
"yi kwanciya"@ha	<http://ids.clld.org/values/12-140-220-3>		<http://ids.clld.org/parameters/12-140>		<http://ids.clld.org/values/12-140-286-1>		"teremʔ"@pav	
"yi kwanciya"@ha	<http://ids.clld.org/values/12-140-220-3>		<http://ids.clld.org/parameters/12-140>		<http://ids.clld.org/values/12-140-286-3>		"tokoʔ"@pav	
"kˀidaya"@ha	<http://ids.clld.org/values/13-107-220-3>		<http://ids.clld.org/parameters/13-107>		<http://ids.clld.org/values/13-107-286-1>		"piyimʔ"@pav	
"rora"@ha	<http://ids.clld.org/values/8-220-220-7>		<http://ids.clld.org/parameters/8-220>		<http://ids.clld.org/values/8-220-286-1>		"še"@pav	
"rora"@ha	<http://ids.clld.org/values/8-220-220-7>		<http://ids.clld.org/parameters/8-220>		<http://ids.clld.org/values/8-220-286-3>		"šikeʔ"@pav	
"igiya"@ha	<http://ids.clld.org/values/9-190-220-1>		<http://ids.clld.org/parameters/9-190>		<http://ids.clld.org/values/9-190-286-1>		"makon (makorišiʔ)"@pav	
"rera wakˀa"@ha	<http://ids.clld.org/values/18-120-220-1>		<http://ids.clld.org/parameters/18-120>		<http://ids.clld.org/values/18-120-286-1>		"kom"@pav	
"yi numfashi"@ha	<http://ids.clld.org/values/4-510-220-1>		<http://ids.clld.org/parameters/4-510>		<http://ids.clld.org/values/4-510-286-1>		"wereme"@pav	
"dabba"@ha	<http://ids.clld.org/values/3-110-220-1>		<http://ids.clld.org/parameters/3-110>		<http://ids.clld.org/values/3-110-286-1>		"karawa"@pav	
"kˀankˀara"@ha	<http://ids.clld.org/values/1-770-220-1>		<http://ids.clld.org/parameters/1-770>		<http://ids.clld.org/values/1-770-286-1>		"šio šio"@pav	
"mutuniya (fem.)"@ha	<http://ids.clld.org/values/2-100-220-3>		<http://ids.clld.org/parameters/2-100>		<http://ids.clld.org/values/2-100-286-1>		"wariʔ"@pav	
"tura"@ha	<http://ids.clld.org/values/10-670-220-1>		<http://ids.clld.org/parameters/10-670>		<http://ids.clld.org/values/10-670-286-1>		"yök"@pav	
"ruɓaɓɓe"@ha	<http://ids.clld.org/values/5-125-220-1>		<http://ids.clld.org/parameters/5-125>		<http://ids.clld.org/values/5-125-286-1>		"šowuru"@pav	
"wuta"@ha	<http://ids.clld.org/values/1-810-220-1>		<http://ids.clld.org/parameters/1-810>		<http://ids.clld.org/values/1-810-286-1>		"še"@pav	
"kogi"@ha	<http://ids.clld.org/values/1-360-220-1>		<http://ids.clld.org/parameters/1-360>		<http://ids.clld.org/values/1-360-286-1>		"kom"@pav	
"jigawa"@ha	<http://ids.clld.org/values/1-220-220-5>		<http://ids.clld.org/parameters/1-220>		<http://ids.clld.org/values/1-220-286-1>		"pakun"@pav	
"sumul"@ha	<http://ids.clld.org/values/15-770-220-1>		<http://ids.clld.org/parameters/15-770>		<http://ids.clld.org/values/15-770-286-1>		"topišik"@pav	
"tauraro"@ha	<http://ids.clld.org/values/1-540-220-1>		<http://ids.clld.org/parameters/1-540>		<http://ids.clld.org/values/1-540-286-1>		"piyoʔ"@pav	
"tsotsa"@ha	<http://ids.clld.org/values/5-160-220-1>		<http://ids.clld.org/parameters/5-160>		<http://ids.clld.org/values/5-160-286-1>		"šok"@pav	
"tsotsa"@ha	<http://ids.clld.org/values/5-160-220-1>		<http://ids.clld.org/parameters/5-160>		<http://ids.clld.org/values/5-160-286-3>		"šak"@pav	
"ita (fem.)"@ha	<http://ids.clld.org/values/2-930-220-3>		<http://ids.clld.org/parameters/2-930>		<http://ids.clld.org/values/2-930-286-1>		"ko maʔ"@pav	
"doka"@ha	<http://ids.clld.org/values/9-210-220-1>		<http://ids.clld.org/parameters/9-210>		<http://ids.clld.org/values/9-210-286-1>		"toʔ"@pav	
"kˀura"@ha	<http://ids.clld.org/values/1-213-220-1>		<http://ids.clld.org/parameters/1-213>		<http://ids.clld.org/values/1-213-286-1>		"tainʔ"@pav	
"ku"@ha	<http://ids.clld.org/values/2-950-220-1>		<http://ids.clld.org/parameters/2-950>		<http://ids.clld.org/values/2-950-286-1>		"wahuʔ"@pav	
"maras kyau"@ha	<http://ids.clld.org/values/16-720-220-1>		<http://ids.clld.org/parameters/16-720>		<http://ids.clld.org/values/16-720-286-1>		"kayi"@pav	
"tsawo"@ha	<http://ids.clld.org/values/12-570-220-1>		<http://ids.clld.org/parameters/12-570>		<http://ids.clld.org/values/12-570-286-1>		"matam"@pav	
"kaɗa"@ha	<http://ids.clld.org/values/10-380-220-1>		<http://ids.clld.org/parameters/10-380>		<http://ids.clld.org/values/10-380-286-3>		"hukoʔ"@pav	
"kaɗa"@ha	<http://ids.clld.org/values/10-380-220-1>		<http://ids.clld.org/parameters/10-380>		<http://ids.clld.org/values/10-380-286-1>		"hu"@pav	
"kˀwarkˀwata"@ha	<http://ids.clld.org/values/3-811-220-1>		<http://ids.clld.org/parameters/3-811>		<http://ids.clld.org/values/3-811-286-1>		"ioʔ"@pav	
"goga"@ha	<http://ids.clld.org/values/9-310-220-1>		<http://ids.clld.org/parameters/9-310>		<http://ids.clld.org/values/9-310-286-1>		"šik"@pav	
"kwanta"@ha	<http://ids.clld.org/values/12-140-220-1>		<http://ids.clld.org/parameters/12-140>		<http://ids.clld.org/values/12-140-286-1>		"teremʔ"@pav	
"kwanta"@ha	<http://ids.clld.org/values/12-140-220-1>		<http://ids.clld.org/parameters/12-140>		<http://ids.clld.org/values/12-140-286-3>		"tokoʔ"@pav	
"tsoka"@ha	<http://ids.clld.org/values/4-130-220-1>		<http://ids.clld.org/parameters/4-130>		<http://ids.clld.org/values/4-130-286-1>		"kwerešiʔ"@pav	
"tashi"@ha	<http://ids.clld.org/values/10-370-220-1>		<http://ids.clld.org/parameters/10-370>		<http://ids.clld.org/values/10-370-286-3>		"toin"@pav	
"tashi"@ha	<http://ids.clld.org/values/10-370-220-1>		<http://ids.clld.org/parameters/10-370>		<http://ids.clld.org/values/10-370-286-1>		"takiʔ"@pav	
"yi iyo"@ha	<http://ids.clld.org/values/10-340-220-3>		<http://ids.clld.org/parameters/10-340>		<http://ids.clld.org/values/10-340-286-1>		"ho"@pav	
"yi iyo"@ha	<http://ids.clld.org/values/10-340-220-3>		<http://ids.clld.org/parameters/10-340>		<http://ids.clld.org/values/10-340-286-3>		"horoho"@pav	
"jela (fem.)"@ha	<http://ids.clld.org/values/4-180-220-1>		<http://ids.clld.org/parameters/4-180>		<http://ids.clld.org/values/4-180-286-1>		"kahwerein"@pav	
