"kˀurji"@ha	<http://ids.clld.org/values/4-856-220-1>		<http://ids.clld.org/parameters/4-856>		<http://ids.clld.org/values/4-856-293-1>		"kuhe"@ram	
"ɗuwawu"@ha	<http://ids.clld.org/values/4-464-220-1>		<http://ids.clld.org/parameters/4-464>		<http://ids.clld.org/values/4-464-293-1>		"ayɔ"@ram	
"ciki"@ha	<http://ids.clld.org/values/12-50-220-1>		<http://ids.clld.org/parameters/12-50>		<http://ids.clld.org/values/12-50-293-1>		"kʰam"@ram	
"baki"@ha	<http://ids.clld.org/values/4-240-220-1>		<http://ids.clld.org/parameters/4-240>		<http://ids.clld.org/values/4-240-293-1>		"-yarkʰwa"@ram	
"zo"@ha	<http://ids.clld.org/values/10-480-220-1>		<http://ids.clld.org/parameters/10-480>		<http://ids.clld.org/values/10-480-293-1>		"-tẽ"@ram	
"rogo"@ha	<http://ids.clld.org/values/8-920-220-1>		<http://ids.clld.org/parameters/8-920>		<http://ids.clld.org/values/8-920-293-1>		"kʰwɨrɨ"@ram	
"sha"@ha	<http://ids.clld.org/values/5-130-220-1>		<http://ids.clld.org/parameters/5-130>		<http://ids.clld.org/values/5-130-293-1>		"-kʰõ (kʰɔ̃ ?)"@ram	
"kare (masc.)"@ha	<http://ids.clld.org/values/3-610-220-1>		<http://ids.clld.org/parameters/3-610>		<http://ids.clld.org/values/3-610-293-1>		"rɔp"@ram	
"arafiya"@ha	<http://ids.clld.org/values/6-380-220-3>		<http://ids.clld.org/parameters/6-380>		<http://ids.clld.org/values/6-380-293-1>		"he-"@ram	
"arafiya"@ha	<http://ids.clld.org/values/6-380-220-3>		<http://ids.clld.org/parameters/6-380>		<http://ids.clld.org/values/6-380-293-3>		"-c̷e- (?)"@ram	
"baka"@ha	<http://ids.clld.org/values/20-240-220-1>		<http://ids.clld.org/parameters/20-240>		<http://ids.clld.org/values/20-240-293-1>		"kuuhe"@ram	
"busasshe"@ha	<http://ids.clld.org/values/15-840-220-1>		<http://ids.clld.org/parameters/15-840>		<http://ids.clld.org/values/15-840-293-1>		"krə"@ram	
"busasshe"@ha	<http://ids.clld.org/values/15-840-220-1>		<http://ids.clld.org/parameters/15-840>		<http://ids.clld.org/values/15-840-293-3>		"(kʰra ?)"@ram	
"aʔa"@ha	<http://ids.clld.org/values/17-560-220-1>		<http://ids.clld.org/parameters/17-560>		<http://ids.clld.org/values/17-560-293-1>		"ke-"@ram	
"ɗaga / ɗauko"@ha	<http://ids.clld.org/values/12-212-220-1>		<http://ids.clld.org/parameters/12-212>		<http://ids.clld.org/values/12-212-293-1>		"pɨ"@ram	
"mai kyau"@ha	<http://ids.clld.org/values/16-710-220-1>		<http://ids.clld.org/parameters/16-710>		<http://ids.clld.org/values/16-710-293-1>		"-pɛy"@ram	
"hagu"@ha	<http://ids.clld.org/values/12-420-220-1>		<http://ids.clld.org/parameters/12-420>		<http://ids.clld.org/values/12-420-293-1>		"aw-kʰɛ"@ram	
"gani"@ha	<http://ids.clld.org/values/15-510-220-1>		<http://ids.clld.org/parameters/15-510>		<http://ids.clld.org/values/15-510-293-1>		"-hõm-pu"@ram	
"gani"@ha	<http://ids.clld.org/values/15-510-220-1>		<http://ids.clld.org/parameters/15-510>		<http://ids.clld.org/values/15-510-293-3>		"pu-pun"@ram	
"fari"@ha	<http://ids.clld.org/values/15-640-220-1>		<http://ids.clld.org/parameters/15-640>		<http://ids.clld.org/values/15-640-293-1>		"hakkʰa"@ram	
"fari"@ha	<http://ids.clld.org/values/15-640-220-1>		<http://ids.clld.org/parameters/15-640>		<http://ids.clld.org/values/15-640-293-3>		"yakʰaa"@ram	
"haɓa"@ha	<http://ids.clld.org/values/4-209-220-1>		<http://ids.clld.org/parameters/4-209>		<http://ids.clld.org/values/4-209-293-1>		"hamã"@ram	
"fiffike"@ha	<http://ids.clld.org/values/4-392-220-1>		<http://ids.clld.org/parameters/4-392>		<http://ids.clld.org/values/4-392-293-1>		"haaraa"@ram	
"hakˀori"@ha	<http://ids.clld.org/values/4-270-220-1>		<http://ids.clld.org/parameters/4-270>		<http://ids.clld.org/values/4-270-293-1>		"ii-c̷wa"@ram	
"faɗi"@ha	<http://ids.clld.org/values/12-610-220-1>		<http://ids.clld.org/parameters/12-610>		<http://ids.clld.org/values/12-610-293-1>		"iʔ-pɔ"@ram	
"babba"@ha	<http://ids.clld.org/values/12-550-220-1>		<http://ids.clld.org/parameters/12-550>		<http://ids.clld.org/values/12-550-293-1>		"ti-"@ram	
"busasshiyar ciyawa"@ha	<http://ids.clld.org/values/8-520-220-3>		<http://ids.clld.org/parameters/8-520>		<http://ids.clld.org/values/8-520-293-1>		"po-"@ram	
"kibiya"@ha	<http://ids.clld.org/values/20-250-220-1>		<http://ids.clld.org/parameters/20-250>		<http://ids.clld.org/values/20-250-293-1>		"kruw"@ram	
"kai"@ha	<http://ids.clld.org/values/4-200-220-1>		<http://ids.clld.org/parameters/4-200>		<http://ids.clld.org/values/4-200-293-1>		"ii-kʰrə̃"@ram	
"zauna"@ha	<http://ids.clld.org/values/7-110-220-1>		<http://ids.clld.org/parameters/7-110>		<http://ids.clld.org/values/7-110-293-1>		"kʰrĩ"@ram	
"iska"@ha	<http://ids.clld.org/values/1-720-220-1>		<http://ids.clld.org/parameters/1-720>		<http://ids.clld.org/values/1-720-293-1>		"kʰook"@ram	
"uku"@ha	<http://ids.clld.org/values/13-30-220-1>		<http://ids.clld.org/parameters/13-30>		<http://ids.clld.org/values/13-30-293-1>		"ɨnkre-"@ram	
"kˀarami"@ha	<http://ids.clld.org/values/12-560-220-1>		<http://ids.clld.org/parameters/12-560>		<http://ids.clld.org/values/12-560-293-3>		"lɛ"@ram	
"kˀarami"@ha	<http://ids.clld.org/values/12-560-220-1>		<http://ids.clld.org/parameters/12-560>		<http://ids.clld.org/values/12-560-293-1>		"ĩn-krirɛ"@ram	
"mutuwa"@ha	<http://ids.clld.org/values/4-750-220-3>		<http://ids.clld.org/parameters/4-750>		<http://ids.clld.org/values/4-750-293-1>		"tɨɨ- (tɨ ?)"@ram	
"yi wanka"@ha	<http://ids.clld.org/values/4-690-220-1>		<http://ids.clld.org/parameters/4-690>		<http://ids.clld.org/values/4-690-293-1>		"c̷wa"@ram	
"sauraro"@ha	<http://ids.clld.org/values/15-420-220-3>		<http://ids.clld.org/parameters/15-420>		<http://ids.clld.org/values/15-420-293-1>		"k mpa (?)"@ram	
"ciki"@ha	<http://ids.clld.org/values/4-460-220-1>		<http://ids.clld.org/parameters/4-460>		<http://ids.clld.org/values/4-460-293-1>		"ii-tu"@ram	
"fure"@ha	<http://ids.clld.org/values/8-570-220-1>		<http://ids.clld.org/parameters/8-570>		<http://ids.clld.org/values/8-570-293-1>		"ii-rə̃"@ram	
"wuya"@ha	<http://ids.clld.org/values/4-280-220-1>		<http://ids.clld.org/parameters/4-280>		<http://ids.clld.org/values/4-280-293-1>		"ii-put"@ram	
"jikˀakˀkˀe"@ha	<http://ids.clld.org/values/15-830-220-1>		<http://ids.clld.org/parameters/15-830>		<http://ids.clld.org/values/15-830-293-1>		"mrɔ̃ (?)"@ram	
"mahaifiya"@ha	<http://ids.clld.org/values/2-360-220-3>		<http://ids.clld.org/parameters/2-360>		<http://ids.clld.org/values/2-360-293-1>		"-nə̃ə̃"@ram	
"shakˀuwa"@ha	<http://ids.clld.org/values/4-521-220-1>		<http://ids.clld.org/parameters/4-521>		<http://ids.clld.org/values/4-521-293-1>		"hɛk"@ram	
"[taba]"@ha	<http://ids.clld.org/values/8-680-220-1>		<http://ids.clld.org/parameters/8-680>		<http://ids.clld.org/values/8-680-293-1>		"parho"@ram	
"wuri"@ha	<http://ids.clld.org/values/12-110-220-1>		<http://ids.clld.org/parameters/12-110>		<http://ids.clld.org/values/12-110-293-1>		"-li-"@ram	
"iri"@ha	<http://ids.clld.org/values/8-311-220-1>		<http://ids.clld.org/parameters/8-311>		<http://ids.clld.org/values/8-311-293-1>		"iʔ-hɨɨ (hɨ- ?)"@ram	
"ɗauka"@ha	<http://ids.clld.org/values/12-212-220-3>		<http://ids.clld.org/parameters/12-212>		<http://ids.clld.org/values/12-212-293-1>		"pɨ"@ram	
"tsuntsu"@ha	<http://ids.clld.org/values/3-581-220-1>		<http://ids.clld.org/parameters/3-581>		<http://ids.clld.org/values/3-581-293-1>		"kɛ̃"@ram	
"itaci"@ha	<http://ids.clld.org/values/8-600-220-1>		<http://ids.clld.org/parameters/8-600>		<http://ids.clld.org/values/8-600-293-1>		"pĩĩ"@ram	
"casa"@ha	<http://ids.clld.org/values/9-211-220-5>		<http://ids.clld.org/parameters/9-211>		<http://ids.clld.org/values/9-211-293-1>		"twə"@ram	
"nama"@ha	<http://ids.clld.org/values/5-610-220-1>		<http://ids.clld.org/parameters/5-610>		<http://ids.clld.org/values/5-610-293-1>		"hĩ"@ram	
"nama"@ha	<http://ids.clld.org/values/5-610-220-1>		<http://ids.clld.org/parameters/5-610>		<http://ids.clld.org/values/5-610-293-3>		"yĩ"@ram	
"tana"@ha	<http://ids.clld.org/values/3-840-220-1>		<http://ids.clld.org/parameters/3-840>		<http://ids.clld.org/values/3-840-293-1>		"hɔɔc̷ã"@ram	
"jeji"@ha	<http://ids.clld.org/values/1-410-220-3>		<http://ids.clld.org/parameters/1-410>		<http://ids.clld.org/values/1-410-293-1>		"lam-"@ram	
"kulki"@ha	<http://ids.clld.org/values/20-220-220-1>		<http://ids.clld.org/parameters/20-220>		<http://ids.clld.org/values/20-220-293-1>		"kʰo"@ram	
"yashi"@ha	<http://ids.clld.org/values/1-215-220-1>		<http://ids.clld.org/parameters/1-215>		<http://ids.clld.org/values/1-215-293-1>		"pye"@ram	
"hannu"@ha	<http://ids.clld.org/values/4-330-220-1>		<http://ids.clld.org/parameters/4-330>		<http://ids.clld.org/values/4-330-293-1>		"hũʔkʰra"@ram	
"cika"@ha	<http://ids.clld.org/values/13-210-220-1>		<http://ids.clld.org/parameters/13-210>		<http://ids.clld.org/values/13-210-293-1>		"yic̷u"@ram	
"zak��i"@ha	<http://ids.clld.org/values/15-350-220-1>		<http://ids.clld.org/parameters/15-350>		<http://ids.clld.org/values/15-350-293-1>		"c̷o-"@ram	
"malam-buɗa-littafi"@ha	<http://ids.clld.org/values/3-920-220-1>		<http://ids.clld.org/parameters/3-920>		<http://ids.clld.org/values/3-920-293-1>		"wɛwɛ-"@ram	
"dogo"@ha	<http://ids.clld.org/values/12-570-220-3>		<http://ids.clld.org/parameters/12-570>		<http://ids.clld.org/values/12-570-293-1>		"i-rɨɨ"@ram	
"zama"@ha	<http://ids.clld.org/values/7-110-220-3>		<http://ids.clld.org/parameters/7-110>		<http://ids.clld.org/values/7-110-293-1>		"kʰrĩ"@ram	
"saurare"@ha	<http://ids.clld.org/values/15-420-220-5>		<http://ids.clld.org/parameters/15-420>		<http://ids.clld.org/values/15-420-293-1>		"k mpa (?)"@ram	
"toka"@ha	<http://ids.clld.org/values/1-840-220-1>		<http://ids.clld.org/parameters/1-840>		<http://ids.clld.org/values/1-840-293-1>		"prɔ"@ram	
"kˀona"@ha	<http://ids.clld.org/values/1-851-220-1>		<http://ids.clld.org/parameters/1-851>		<http://ids.clld.org/values/1-851-293-1>		"ka-c̷ər"@ram	
"yarinya (fem.)"@ha	<http://ids.clld.org/values/2-270-220-3>		<http://ids.clld.org/parameters/2-270>		<http://ids.clld.org/values/2-270-293-1>		"aʔ-kʰra-rɛ"@ram	
"duka"@ha	<http://ids.clld.org/values/9-210-220-3>		<http://ids.clld.org/parameters/9-210>		<http://ids.clld.org/values/9-210-293-1>		"kʰrɔ̃k"@ram	
"kˀwai"@ha	<http://ids.clld.org/values/5-970-220-1>		<http://ids.clld.org/parameters/5-970>		<http://ids.clld.org/values/5-970-293-1>		"in-krɛ"@ram	
"daka"@ha	<http://ids.clld.org/values/9-211-220-1>		<http://ids.clld.org/parameters/9-211>		<http://ids.clld.org/values/9-211-293-1>		"twə"@ram	
"suma (male)"@ha	<http://ids.clld.org/values/4-140-220-3>		<http://ids.clld.org/parameters/4-140>		<http://ids.clld.org/values/4-140-293-1>		"ii-kʰĩ"@ram	
"ura"@ha	<http://ids.clld.org/values/1-213-220-3>		<http://ids.clld.org/parameters/1-213>		<http://ids.clld.org/values/1-213-293-1>		"pye yakro"@ram	
"ɗaci"@ha	<http://ids.clld.org/values/15-370-220-1>		<http://ids.clld.org/parameters/15-370>		<http://ids.clld.org/values/15-370-293-1>		"-c̷ə-"@ram	
"ɗaci"@ha	<http://ids.clld.org/values/15-370-220-1>		<http://ids.clld.org/parameters/15-370>		<http://ids.clld.org/values/15-370-293-3>		"hə"@ram	
"itace"@ha	<http://ids.clld.org/values/1-430-220-1>		<http://ids.clld.org/parameters/1-430>		<http://ids.clld.org/values/1-430-293-1>		"pĩ"@ram	
"tafi"@ha	<http://ids.clld.org/values/10-470-220-1>		<http://ids.clld.org/parameters/10-470>		<http://ids.clld.org/values/10-470-293-1>		"mɔ̃"@ram	
"wanke"@ha	<http://ids.clld.org/values/9-360-220-1>		<http://ids.clld.org/parameters/9-360>		<http://ids.clld.org/values/9-360-293-1>		"kuʔhõ"@ram	
"wanke"@ha	<http://ids.clld.org/values/9-360-220-1>		<http://ids.clld.org/parameters/9-360>		<http://ids.clld.org/values/9-360-293-3>		"kaʔhõ"@ram	
"hayakʔi"@ha	<http://ids.clld.org/values/1-830-220-1>		<http://ids.clld.org/parameters/1-830>		<http://ids.clld.org/values/1-830-293-1>		"iʔ-kʰũm"@ram	
"yi"@ha	<http://ids.clld.org/values/9-110-220-1>		<http://ids.clld.org/parameters/9-110>		<http://ids.clld.org/values/9-110-293-1>		"tɔn"@ram	
"hanci"@ha	<http://ids.clld.org/values/4-230-220-1>		<http://ids.clld.org/parameters/4-230>		<http://ids.clld.org/values/4-230-293-1>		"-yĩyakʰrɛ"@ram	
"bishiya"@ha	<http://ids.clld.org/values/8-600-220-3>		<http://ids.clld.org/parameters/8-600>		<http://ids.clld.org/values/8-600-293-1>		"pĩĩ"@ram	
"dare"@ha	<http://ids.clld.org/values/14-420-220-1>		<http://ids.clld.org/parameters/14-420>		<http://ids.clld.org/values/14-420-293-1>		"kac̷wa"@ram	
"maruru"@ha	<http://ids.clld.org/values/4-856-220-3>		<http://ids.clld.org/parameters/4-856>		<http://ids.clld.org/values/4-856-293-1>		"kuhe"@ram	
"bindi (masc.)"@ha	<http://ids.clld.org/values/4-180-220-3>		<http://ids.clld.org/parameters/4-180>		<http://ids.clld.org/values/4-180-293-1>		"ha-ppɨ"@ram	
"zafi"@ha	<http://ids.clld.org/values/15-850-220-1>		<http://ids.clld.org/parameters/15-850>		<http://ids.clld.org/values/15-850-293-1>		"kakrɔ"@ram	
"wutsiya"@ha	<http://ids.clld.org/values/4-180-220-5>		<http://ids.clld.org/parameters/4-180>		<http://ids.clld.org/values/4-180-293-1>		"ha-ppɨ"@ram	
"ɗakin girki"@ha	<http://ids.clld.org/values/7-310-220-1>		<http://ids.clld.org/parameters/7-310>		<http://ids.clld.org/values/7-310-293-1>		"kiz (?)"@ram	
"tsaya"@ha	<http://ids.clld.org/values/12-150-220-1>		<http://ids.clld.org/parameters/12-150>		<http://ids.clld.org/values/12-150-293-1>		"c̷a"@ram	
"alade"@ha	<http://ids.clld.org/values/3-350-220-1>		<http://ids.clld.org/parameters/3-350>		<http://ids.clld.org/values/3-350-293-1>		"kʰro"@ram	
"gishiri"@ha	<http://ids.clld.org/values/5-810-220-1>		<http://ids.clld.org/parameters/5-810>		<http://ids.clld.org/values/5-810-293-1>		"kaac̷wa"@ram	
"miji"@ha	<http://ids.clld.org/values/2-310-220-1>		<http://ids.clld.org/parameters/2-310>		<http://ids.clld.org/values/2-310-293-1>		"ĩĩ-pyɛ"@ram	
"mata"@ha	<http://ids.clld.org/values/2-320-220-1>		<http://ids.clld.org/parameters/2-320>		<http://ids.clld.org/values/2-320-293-1>		"ĩĩ-prõ"@ram	
"namiji"@ha	<http://ids.clld.org/values/2-210-220-1>		<http://ids.clld.org/parameters/2-210>		<http://ids.clld.org/values/2-210-293-1>		"hũm"@ram	
"suna"@ha	<http://ids.clld.org/values/18-280-220-1>		<http://ids.clld.org/parameters/18-280>		<http://ids.clld.org/values/18-280-293-1>		"awkʰe-"@ram	
"suna"@ha	<http://ids.clld.org/values/18-280-220-1>		<http://ids.clld.org/parameters/18-280>		<http://ids.clld.org/values/18-280-293-3>		"yəyə-"@ram	
"rawa"@ha	<http://ids.clld.org/values/10-440-220-1>		<http://ids.clld.org/parameters/10-440>		<http://ids.clld.org/values/10-440-293-1>		"hakrun (?)"@ram	
"karya (fem.)"@ha	<http://ids.clld.org/values/3-610-220-3>		<http://ids.clld.org/parameters/3-610>		<http://ids.clld.org/values/3-610-293-1>		"rɔp"@ram	
"cikakke"@ha	<http://ids.clld.org/values/13-210-220-3>		<http://ids.clld.org/parameters/13-210>		<http://ids.clld.org/values/13-210-293-1>		"yic̷u"@ram	
"gona"@ha	<http://ids.clld.org/values/8-120-220-1>		<http://ids.clld.org/parameters/8-120>		<http://ids.clld.org/values/8-120-293-1>		"pur"@ram	
"ciyawa"@ha	<http://ids.clld.org/values/8-510-220-1>		<http://ids.clld.org/parameters/8-510>		<http://ids.clld.org/values/8-510-293-1>		"aʔ-tuu"@ram	
"ruwa"@ha	<http://ids.clld.org/values/1-310-220-1>		<http://ids.clld.org/parameters/1-310>		<http://ids.clld.org/values/1-310-293-1>		"ko"@ram	
"hannu"@ha	<http://ids.clld.org/values/4-310-220-1>		<http://ids.clld.org/parameters/4-310>		<http://ids.clld.org/values/4-310-293-1>		"pa"@ram	
"jinka"@ha	<http://ids.clld.org/values/7-520-220-1>		<http://ids.clld.org/parameters/7-520>		<http://ids.clld.org/values/7-520-293-1>		"po"@ram	
"ni"@ha	<http://ids.clld.org/values/2-910-220-1>		<http://ids.clld.org/parameters/2-910>		<http://ids.clld.org/values/2-910-293-3>		"wa"@ram	
"ni"@ha	<http://ids.clld.org/values/2-910-220-1>		<http://ids.clld.org/parameters/2-910>		<http://ids.clld.org/values/2-910-293-1>		"pa"@ram	
"shafe"@ha	<http://ids.clld.org/values/9-880-220-1>		<http://ids.clld.org/parameters/9-880>		<http://ids.clld.org/values/9-880-293-1>		"kʰrɔr"@ram	
"sama"@ha	<http://ids.clld.org/values/1-510-220-1>		<http://ids.clld.org/parameters/1-510>		<http://ids.clld.org/values/1-510-293-1>		"koykʰwa"@ram	
"rauni"@ha	<http://ids.clld.org/values/4-820-220-1>		<http://ids.clld.org/parameters/4-820>		<http://ids.clld.org/values/4-820-293-1>		"pɛk-"@ram	
"ɗauka"@ha	<http://ids.clld.org/values/10-610-220-1>		<http://ids.clld.org/parameters/10-610>		<http://ids.clld.org/values/10-610-293-1>		"pə"@ram	
"dutse"@ha	<http://ids.clld.org/values/1-440-220-1>		<http://ids.clld.org/parameters/1-440>		<http://ids.clld.org/values/1-440-293-1>		"kʰɛn"@ram	
"abawa"@ha	<http://ids.clld.org/values/6-380-220-5>		<http://ids.clld.org/parameters/6-380>		<http://ids.clld.org/values/6-380-293-1>		"he-"@ram	
"abawa"@ha	<http://ids.clld.org/values/6-380-220-5>		<http://ids.clld.org/parameters/6-380>		<http://ids.clld.org/values/6-380-293-3>		"-c̷e- (?)"@ram	
"ciwo"@ha	<http://ids.clld.org/values/16-310-220-1>		<http://ids.clld.org/parameters/16-310>		<http://ids.clld.org/values/16-310-293-1>		"-c̷a-"@ram	
"ciwo"@ha	<http://ids.clld.org/values/16-310-220-1>		<http://ids.clld.org/parameters/16-310>		<http://ids.clld.org/values/16-310-293-3>		"ha- (?)"@ram	
"tsoho"@ha	<http://ids.clld.org/values/14-150-220-1>		<http://ids.clld.org/parameters/14-150>		<http://ids.clld.org/values/14-150-293-1>		"tũm"@ram	
"ʔyar hanya"@ha	<http://ids.clld.org/values/10-720-220-3>		<http://ids.clld.org/parameters/10-720>		<http://ids.clld.org/values/10-720-293-1>		"prɨɨ"@ram	
"kˀashi"@ha	<http://ids.clld.org/values/4-160-220-1>		<http://ids.clld.org/parameters/4-160>		<http://ids.clld.org/values/4-160-293-1>		"-hi"@ram	
"sauri"@ha	<http://ids.clld.org/values/14-210-220-1>		<http://ids.clld.org/parameters/14-210>		<http://ids.clld.org/values/14-210-293-1>		"kɨt-"@ram	
"nema"@ha	<http://ids.clld.org/values/11-310-220-1>		<http://ids.clld.org/parameters/11-310>		<http://ids.clld.org/values/11-310-293-1>		"lɨ̃t"@ram	
"hau"@ha	<http://ids.clld.org/values/10-472-220-1>		<http://ids.clld.org/parameters/10-472>		<http://ids.clld.org/values/10-472-293-1>		"pi-"@ram	
"rana"@ha	<http://ids.clld.org/values/1-520-220-1>		<http://ids.clld.org/parameters/1-520>		<http://ids.clld.org/values/1-520-293-3>		"pɨtɨ"@ram	
"rana"@ha	<http://ids.clld.org/values/1-520-220-1>		<http://ids.clld.org/parameters/1-520>		<http://ids.clld.org/values/1-520-293-1>		"pɨt"@ram	
"fata"@ha	<http://ids.clld.org/values/4-120-220-1>		<http://ids.clld.org/parameters/4-120>		<http://ids.clld.org/values/4-120-293-1>		"ii-kʰə (?)"@ram	
"hanta"@ha	<http://ids.clld.org/values/4-450-220-1>		<http://ids.clld.org/parameters/4-450>		<http://ids.clld.org/values/4-450-293-1>		"ii-pa"@ram	
"zare"@ha	<http://ids.clld.org/values/6-380-220-1>		<http://ids.clld.org/parameters/6-380>		<http://ids.clld.org/values/6-380-293-1>		"he-"@ram	
"zare"@ha	<http://ids.clld.org/values/6-380-220-1>		<http://ids.clld.org/parameters/6-380>		<http://ids.clld.org/values/6-380-293-3>		"-c̷e- (?)"@ram	
"rami"@ha	<http://ids.clld.org/values/12-850-220-1>		<http://ids.clld.org/parameters/12-850>		<http://ids.clld.org/values/12-850-293-1>		"kʰrɛ"@ram	
"aku"@ha	<http://ids.clld.org/values/3-592-220-1>		<http://ids.clld.org/parameters/3-592>		<http://ids.clld.org/values/3-592-293-1>		"krɨy-ti"@ram	
"busa"@ha	<http://ids.clld.org/values/10-380-220-3>		<http://ids.clld.org/parameters/10-380>		<http://ids.clld.org/values/10-380-293-1>		"hakkoo"@ram	
"ganye"@ha	<http://ids.clld.org/values/8-560-220-1>		<http://ids.clld.org/parameters/8-560>		<http://ids.clld.org/values/8-560-293-1>		"iʔ-ho"@ram	
"kiyashi"@ha	<http://ids.clld.org/values/3-817-220-1>		<http://ids.clld.org/parameters/3-817>		<http://ids.clld.org/values/3-817-293-1>		"ahc̷un- (aʔc̷un- ?)"@ram	
"mugu"@ha	<http://ids.clld.org/values/16-720-220-3>		<http://ids.clld.org/parameters/16-720>		<http://ids.clld.org/values/16-720-293-1>		"iʔkʰɛn"@ram	
"bishiya"@ha	<http://ids.clld.org/values/1-420-220-1>		<http://ids.clld.org/parameters/1-420>		<http://ids.clld.org/values/1-420-293-1>		"pĩĩ"@ram	
"safiya"@ha	<http://ids.clld.org/values/14-440-220-1>		<http://ids.clld.org/parameters/14-440>		<http://ids.clld.org/values/14-440-293-1>		"apɛ̃"@ram	
"jemage"@ha	<http://ids.clld.org/values/3-591-220-1>		<http://ids.clld.org/parameters/3-591>		<http://ids.clld.org/values/3-591-293-1>		"c̷ɛprɛ"@ram	
"faffaɗa"@ha	<http://ids.clld.org/values/12-610-220-3>		<http://ids.clld.org/parameters/12-610>		<http://ids.clld.org/values/12-610-293-1>		"iʔ-pɔ"@ram	
"kˀafa"@ha	<http://ids.clld.org/values/4-370-220-1>		<http://ids.clld.org/parameters/4-370>		<http://ids.clld.org/values/4-370-293-1>		"ii-par"@ram	
"ji"@ha	<http://ids.clld.org/values/15-410-220-1>		<http://ids.clld.org/parameters/15-410>		<http://ids.clld.org/values/15-410-293-1>		"kʰə̃-pa"@ram	
"kˀuma"@ha	<http://ids.clld.org/values/3-813-220-1>		<http://ids.clld.org/parameters/3-813>		<http://ids.clld.org/values/3-813-293-1>		"ĩnko"@ram	
"daji"@ha	<http://ids.clld.org/values/1-410-220-1>		<http://ids.clld.org/parameters/1-410>		<http://ids.clld.org/values/1-410-293-1>		"lam-"@ram	
"kaɗai"@ha	<http://ids.clld.org/values/13-330-220-1>		<http://ids.clld.org/parameters/13-330>		<http://ids.clld.org/values/13-330-293-3>		"kamã"@ram	
"kaɗai"@ha	<http://ids.clld.org/values/13-330-220-1>		<http://ids.clld.org/parameters/13-330>		<http://ids.clld.org/values/13-330-293-1>		"pit"@ram	
"na kirki"@ha	<http://ids.clld.org/values/16-710-220-3>		<http://ids.clld.org/parameters/16-710>		<http://ids.clld.org/values/16-710-293-1>		"-pɛy"@ram	
"shi (masc.)"@ha	<http://ids.clld.org/values/2-930-220-1>		<http://ids.clld.org/parameters/2-930>		<http://ids.clld.org/values/2-930-293-1>		"tamə̃"@ram	
"sanyi"@ha	<http://ids.clld.org/values/15-860-220-1>		<http://ids.clld.org/parameters/15-860>		<http://ids.clld.org/values/15-860-293-1>		"kʰrɨ"@ram	
"fenti"@ha	<http://ids.clld.org/values/9-880-220-3>		<http://ids.clld.org/parameters/9-880>		<http://ids.clld.org/values/9-880-293-1>		"kʰrɔr"@ram	
"saurara"@ha	<http://ids.clld.org/values/15-420-220-1>		<http://ids.clld.org/parameters/15-420>		<http://ids.clld.org/values/15-420-293-1>		"k mpa (?)"@ram	
"ɗaya"@ha	<http://ids.clld.org/values/13-10-220-1>		<http://ids.clld.org/parameters/13-10>		<http://ids.clld.org/values/13-10-293-1>		"pɨc̷it"@ram	
"kada"@ha	<http://ids.clld.org/values/3-970-220-1>		<http://ids.clld.org/parameters/3-970>		<http://ids.clld.org/values/3-970-293-1>		"mĩĩ (mɨ̃ ?)"@ram	
"yi yawo"@ha	<http://ids.clld.org/values/10-450-220-1>		<http://ids.clld.org/parameters/10-450>		<http://ids.clld.org/values/10-450-293-1>		"mõ"@ram	
"farfajiya"@ha	<http://ids.clld.org/values/7-150-220-1>		<http://ids.clld.org/parameters/7-150>		<http://ids.clld.org/values/7-150-293-1>		"ka-"@ram	
"yaro (masc.)"@ha	<http://ids.clld.org/values/2-270-220-1>		<http://ids.clld.org/parameters/2-270>		<http://ids.clld.org/values/2-270-293-1>		"aʔ-kʰra-rɛ"@ram	
"maciji"@ha	<http://ids.clld.org/values/3-850-220-1>		<http://ids.clld.org/parameters/3-850>		<http://ids.clld.org/values/3-850-293-3>		"pat"@ram	
"maciji"@ha	<http://ids.clld.org/values/3-850-220-1>		<http://ids.clld.org/parameters/3-850>		<http://ids.clld.org/values/3-850-293-1>		"kaaŋə"@ram	
"gashi"@ha	<http://ids.clld.org/values/4-140-220-1>		<http://ids.clld.org/parameters/4-140>		<http://ids.clld.org/values/4-140-293-1>		"ii-kʰĩ"@ram	
"idon ruwa"@ha	<http://ids.clld.org/values/1-370-220-1>		<http://ids.clld.org/parameters/1-370>		<http://ids.clld.org/values/1-370-293-1>		"kʰwa"@ram	
"kaɗan"@ha	<http://ids.clld.org/values/13-170-220-1>		<http://ids.clld.org/parameters/13-170>		<http://ids.clld.org/values/13-170-293-1>		"kʰɨɨpe-"@ram	
"ciza"@ha	<http://ids.clld.org/values/4-580-220-1>		<http://ids.clld.org/parameters/4-580>		<http://ids.clld.org/values/4-580-293-1>		"-ku-c̷a"@ram	
"matsa"@ha	<http://ids.clld.org/values/9-343-220-1>		<http://ids.clld.org/parameters/9-343>		<http://ids.clld.org/values/9-343-293-1>		"ŋɛ̃n"@ram	
"uwa"@ha	<http://ids.clld.org/values/2-360-220-1>		<http://ids.clld.org/parameters/2-360>		<http://ids.clld.org/values/2-360-293-1>		"-nə̃ə̃"@ram	
"buga"@ha	<http://ids.clld.org/values/9-210-220-5>		<http://ids.clld.org/parameters/9-210>		<http://ids.clld.org/values/9-210-293-1>		"kʰrɔ̃k"@ram	
"'yaruwa"@ha	<http://ids.clld.org/values/2-450-220-1>		<http://ids.clld.org/parameters/2-450>		<http://ids.clld.org/values/2-450-293-1>		"tɔ̃y-"@ram	
"kˀafa"@ha	<http://ids.clld.org/values/4-350-220-1>		<http://ids.clld.org/parameters/4-350>		<http://ids.clld.org/values/4-350-293-1>		"ii-tɛ"@ram	
"ɓawo"@ha	<http://ids.clld.org/values/8-750-220-1>		<http://ids.clld.org/parameters/8-750>		<http://ids.clld.org/values/8-750-293-1>		"ii-kʰə"@ram	
"ke (fem.)"@ha	<http://ids.clld.org/values/2-920-220-3>		<http://ids.clld.org/parameters/2-920>		<http://ids.clld.org/values/2-920-293-1>		"ka"@ram	
"ruwan sama"@ha	<http://ids.clld.org/values/1-750-220-1>		<http://ids.clld.org/parameters/1-750>		<http://ids.clld.org/values/1-750-293-1>		"taa (ta ?)"@ram	
"kunama"@ha	<http://ids.clld.org/values/3-815-220-1>		<http://ids.clld.org/parameters/3-815>		<http://ids.clld.org/values/3-815-293-1>		"pak"@ram	
"mutu"@ha	<http://ids.clld.org/values/4-750-220-1>		<http://ids.clld.org/parameters/4-750>		<http://ids.clld.org/values/4-750-293-1>		"tɨɨ- (tɨ ?)"@ram	
"guguwa"@ha	<http://ids.clld.org/values/1-720-220-3>		<http://ids.clld.org/parameters/1-720>		<http://ids.clld.org/values/1-720-293-1>		"kʰook"@ram	
"zauna"@ha	<http://ids.clld.org/values/12-130-220-1>		<http://ids.clld.org/parameters/12-130>		<http://ids.clld.org/values/12-130-293-1>		"yə̃ (yɨ̃ ?)"@ram	
"lankˀwashe"@ha	<http://ids.clld.org/values/12-740-220-1>		<http://ids.clld.org/parameters/12-740>		<http://ids.clld.org/values/12-740-293-1>		"yakɔt"@ram	
"gida"@ha	<http://ids.clld.org/values/7-120-220-1>		<http://ids.clld.org/parameters/7-120>		<http://ids.clld.org/values/7-120-293-1>		"ii-kʰrɛ"@ram	
"babu"@ha	<http://ids.clld.org/values/17-560-220-3>		<http://ids.clld.org/parameters/17-560>		<http://ids.clld.org/values/17-560-293-1>		"ke-"@ram	
"sumbata"@ha	<http://ids.clld.org/values/16-290-220-1>		<http://ids.clld.org/parameters/16-290>		<http://ids.clld.org/values/16-290-293-1>		"p (?)"@ram	
"barci"@ha	<http://ids.clld.org/values/4-610-220-1>		<http://ids.clld.org/parameters/4-610>		<http://ids.clld.org/values/4-610-293-1>		"-ŋõr (ŋɔ̃r ?)"@ram	
"karkata"@ha	<http://ids.clld.org/values/10-130-220-1>		<http://ids.clld.org/parameters/10-130>		<http://ids.clld.org/values/10-130-293-1>		"ayrɔ̃"@ram	
"bakˀi"@ha	<http://ids.clld.org/values/15-650-220-1>		<http://ids.clld.org/parameters/15-650>		<http://ids.clld.org/values/15-650-293-1>		"iʔ-tɨk"@ram	
"maikˀo"@ha	<http://ids.clld.org/values/5-791-220-1>		<http://ids.clld.org/parameters/5-791>		<http://ids.clld.org/values/5-791-293-1>		"iʔ-twɨm"@ram	
"jini"@ha	<http://ids.clld.org/values/4-150-220-1>		<http://ids.clld.org/parameters/4-150>		<http://ids.clld.org/values/4-150-293-1>		"ii-kaproo"@ram	
"ido"@ha	<http://ids.clld.org/values/4-210-220-1>		<http://ids.clld.org/parameters/4-210>		<http://ids.clld.org/values/4-210-293-1>		"ii-tɔ"@ram	
"rai"@ha	<http://ids.clld.org/values/4-740-220-1>		<http://ids.clld.org/parameters/4-740>		<http://ids.clld.org/values/4-740-293-1>		"tĩ"@ram	
"kawu"@ha	<http://ids.clld.org/values/2-510-220-1>		<http://ids.clld.org/parameters/2-510>		<http://ids.clld.org/values/2-510-293-1>		"kɛt"@ram	
"harshe"@ha	<http://ids.clld.org/values/4-260-220-1>		<http://ids.clld.org/parameters/4-260>		<http://ids.clld.org/values/4-260-293-1>		"-yõʔtɔ"@ram	
"zuma"@ha	<http://ids.clld.org/values/5-840-220-1>		<http://ids.clld.org/parameters/5-840>		<http://ids.clld.org/values/5-840-293-1>		"pɛn"@ram	
"turba"@ha	<http://ids.clld.org/values/10-720-220-1>		<http://ids.clld.org/parameters/10-720>		<http://ids.clld.org/values/10-720-293-1>		"prɨɨ"@ram	
"kirɓa"@ha	<http://ids.clld.org/values/9-211-220-3>		<http://ids.clld.org/parameters/9-211>		<http://ids.clld.org/values/9-211-293-1>		"twə"@ram	
"rayuwa"@ha	<http://ids.clld.org/values/4-740-220-3>		<http://ids.clld.org/parameters/4-740>		<http://ids.clld.org/values/4-740-293-1>		"tĩ"@ram	
"sabo"@ha	<http://ids.clld.org/values/14-130-220-1>		<http://ids.clld.org/parameters/14-130>		<http://ids.clld.org/values/14-130-293-1>		"-tuwa"@ram	
"nauyi"@ha	<http://ids.clld.org/values/15-810-220-1>		<http://ids.clld.org/parameters/15-810>		<http://ids.clld.org/values/15-810-293-1>		"hũũ-tĩ"@ram	
"mahaifi"@ha	<http://ids.clld.org/values/2-350-220-3>		<http://ids.clld.org/parameters/2-350>		<http://ids.clld.org/values/2-350-293-1>		"-pãm"@ram	
"mahaifi"@ha	<http://ids.clld.org/values/2-350-220-3>		<http://ids.clld.org/parameters/2-350>		<http://ids.clld.org/values/2-350-293-3>		"c̷ũ"@ram	
"gwiwa"@ha	<http://ids.clld.org/values/4-360-220-1>		<http://ids.clld.org/parameters/4-360>		<http://ids.clld.org/values/4-360-293-1>		"ii-kʰõn"@ram	
"ci"@ha	<http://ids.clld.org/values/5-110-220-1>		<http://ids.clld.org/parameters/5-110>		<http://ids.clld.org/values/5-110-293-3>		"kʰuu"@ram	
"ci"@ha	<http://ids.clld.org/values/5-110-220-1>		<http://ids.clld.org/parameters/5-110>		<http://ids.clld.org/values/5-110-293-7>		"pa-"@ram	
"ci"@ha	<http://ids.clld.org/values/5-110-220-1>		<http://ids.clld.org/parameters/5-110>		<http://ids.clld.org/values/5-110-293-5>		"kukʰu-"@ram	
"ci"@ha	<http://ids.clld.org/values/5-110-220-1>		<http://ids.clld.org/parameters/5-110>		<http://ids.clld.org/values/5-110-293-1>		"-kʰrẽ"@ram	
"cizo"@ha	<http://ids.clld.org/values/4-580-220-3>		<http://ids.clld.org/parameters/4-580>		<http://ids.clld.org/values/4-580-293-1>		"-ku-c̷a"@ram	
"sanda"@ha	<http://ids.clld.org/values/19-250-220-1>		<http://ids.clld.org/parameters/19-250>		<http://ids.clld.org/values/19-250-293-1>		"kʰo-"@ram	
"kifi"@ha	<http://ids.clld.org/values/3-650-220-1>		<http://ids.clld.org/parameters/3-650>		<http://ids.clld.org/values/3-650-293-3>		"krən-"@ram	
"kifi"@ha	<http://ids.clld.org/values/3-650-220-1>		<http://ids.clld.org/parameters/3-650>		<http://ids.clld.org/values/3-650-293-1>		"tɛp"@ram	
"yi iyo"@ha	<http://ids.clld.org/values/10-350-220-1>		<http://ids.clld.org/parameters/10-350>		<http://ids.clld.org/values/10-350-293-1>		"ree"@ram	
"yi iyo"@ha	<http://ids.clld.org/values/10-350-220-1>		<http://ids.clld.org/parameters/10-350>		<http://ids.clld.org/values/10-350-293-3>		"c̷wa"@ram	
"bayar"@ha	<http://ids.clld.org/values/11-210-220-1>		<http://ids.clld.org/parameters/11-210>		<http://ids.clld.org/values/11-210-293-3>		"ŋɔ̃"@ram	
"bayar"@ha	<http://ids.clld.org/values/11-210-220-1>		<http://ids.clld.org/parameters/11-210>		<http://ids.clld.org/values/11-210-293-1>		"c̷i-"@ram	
"yi kˀarya"@ha	<http://ids.clld.org/values/16-670-220-1>		<http://ids.clld.org/parameters/16-670>		<http://ids.clld.org/values/16-670-293-1>		"nõ"@ram	
"kai (masc.)"@ha	<http://ids.clld.org/values/2-920-220-1>		<http://ids.clld.org/parameters/2-920>		<http://ids.clld.org/values/2-920-293-1>		"ka"@ram	
"kowane"@ha	<http://ids.clld.org/values/13-140-220-1>		<http://ids.clld.org/parameters/13-140>		<http://ids.clld.org/values/13-140-293-1>		"tu-"@ram	
"kowace"@ha	<http://ids.clld.org/values/13-140-220-3>		<http://ids.clld.org/parameters/13-140>		<http://ids.clld.org/values/13-140-293-1>		"tu-"@ram	
"uba"@ha	<http://ids.clld.org/values/2-350-220-1>		<http://ids.clld.org/parameters/2-350>		<http://ids.clld.org/values/2-350-293-1>		"-pãm"@ram	
"uba"@ha	<http://ids.clld.org/values/2-350-220-1>		<http://ids.clld.org/parameters/2-350>		<http://ids.clld.org/values/2-350-293-3>		"c̷ũ"@ram	
"saiwa"@ha	<http://ids.clld.org/values/8-540-220-1>		<http://ids.clld.org/parameters/8-540>		<http://ids.clld.org/values/8-540-293-1>		"haare"@ram	
"yi kwanciya"@ha	<http://ids.clld.org/values/12-140-220-3>		<http://ids.clld.org/parameters/12-140>		<http://ids.clld.org/values/12-140-293-1>		"nɔ̃"@ram	
"dankali"@ha	<http://ids.clld.org/values/5-700-220-1>		<http://ids.clld.org/parameters/5-700>		<http://ids.clld.org/values/5-700-293-1>		"yat (yɛt ?)"@ram	
"ingirici"@ha	<http://ids.clld.org/values/8-520-220-1>		<http://ids.clld.org/parameters/8-520>		<http://ids.clld.org/values/8-520-293-1>		"po-"@ram	
"rera wakˀa"@ha	<http://ids.clld.org/values/18-120-220-1>		<http://ids.clld.org/parameters/18-120>		<http://ids.clld.org/values/18-120-293-1>		"-krɛ"@ram	
"barewa"@ha	<http://ids.clld.org/values/3-750-220-1>		<http://ids.clld.org/parameters/3-750>		<http://ids.clld.org/values/3-750-293-1>		"pɔ"@ram	
"barewa"@ha	<http://ids.clld.org/values/3-750-220-1>		<http://ids.clld.org/parameters/3-750>		<http://ids.clld.org/values/3-750-293-3>		"kaarə"@ram	
"kamar"@ha	<http://ids.clld.org/values/12-920-220-1>		<http://ids.clld.org/parameters/12-920>		<http://ids.clld.org/values/12-920-293-1>		"kʰĩ"@ram	
"wuta"@ha	<http://ids.clld.org/values/1-810-220-1>		<http://ids.clld.org/parameters/1-810>		<http://ids.clld.org/values/1-810-293-1>		"kuhɨ"@ram	
"tauraro"@ha	<http://ids.clld.org/values/1-540-220-1>		<http://ids.clld.org/parameters/1-540>		<http://ids.clld.org/values/1-540-293-1>		"kac̷ee-rɛ"@ram	
"tsotsa"@ha	<http://ids.clld.org/values/5-160-220-1>		<http://ids.clld.org/parameters/5-160>		<http://ids.clld.org/values/5-160-293-1>		"kaho"@ram	
"raɓa"@ha	<http://ids.clld.org/values/1-640-220-1>		<http://ids.clld.org/parameters/1-640>		<http://ids.clld.org/values/1-640-293-1>		"atər-"@ram	
"ita (fem.)"@ha	<http://ids.clld.org/values/2-930-220-3>		<http://ids.clld.org/parameters/2-930>		<http://ids.clld.org/values/2-930-293-1>		"tamə̃"@ram	
"doka"@ha	<http://ids.clld.org/values/9-210-220-1>		<http://ids.clld.org/parameters/9-210>		<http://ids.clld.org/values/9-210-293-1>		"kʰrɔ̃k"@ram	
"kˀuna"@ha	<http://ids.clld.org/values/1-852-220-1>		<http://ids.clld.org/parameters/1-852>		<http://ids.clld.org/values/1-852-293-1>		"pok"@ram	
"shakˀikˀiya (?)"@ha	<http://ids.clld.org/values/2-450-220-3>		<http://ids.clld.org/parameters/2-450>		<http://ids.clld.org/values/2-450-293-1>		"tɔ̃y-"@ram	
"kˀura"@ha	<http://ids.clld.org/values/1-213-220-1>		<http://ids.clld.org/parameters/1-213>		<http://ids.clld.org/values/1-213-293-1>		"pye yakro"@ram	
"maras kyau"@ha	<http://ids.clld.org/values/16-720-220-1>		<http://ids.clld.org/parameters/16-720>		<http://ids.clld.org/values/16-720-293-1>		"iʔkʰɛn"@ram	
"tsawo"@ha	<http://ids.clld.org/values/12-570-220-1>		<http://ids.clld.org/parameters/12-570>		<http://ids.clld.org/values/12-570-293-1>		"i-rɨɨ"@ram	
"tabarma"@ha	<http://ids.clld.org/values/9-770-220-1>		<http://ids.clld.org/parameters/9-770>		<http://ids.clld.org/values/9-770-293-1>		"kohpip (koʔpip ?)"@ram	
"kaɗa"@ha	<http://ids.clld.org/values/10-380-220-1>		<http://ids.clld.org/parameters/10-380>		<http://ids.clld.org/values/10-380-293-1>		"hakkoo"@ram	
"kˀwarkˀwata"@ha	<http://ids.clld.org/values/3-811-220-1>		<http://ids.clld.org/parameters/3-811>		<http://ids.clld.org/values/3-811-293-1>		"ii-ko"@ram	
"kwanta"@ha	<http://ids.clld.org/values/12-140-220-1>		<http://ids.clld.org/parameters/12-140>		<http://ids.clld.org/values/12-140-293-1>		"nɔ̃"@ram	
"biri"@ha	<http://ids.clld.org/values/3-760-220-1>		<http://ids.clld.org/parameters/3-760>		<http://ids.clld.org/values/3-760-293-1>		"kukʰoy"@ram	
"kuturi"@ha	<http://ids.clld.org/values/4-463-220-1>		<http://ids.clld.org/parameters/4-463>		<http://ids.clld.org/values/4-463-293-1>		"hɔ̃"@ram	
"farin ciki"@ha	<http://ids.clld.org/values/16-230-220-1>		<http://ids.clld.org/parameters/16-230>		<http://ids.clld.org/values/16-230-293-1>		"hakʰrɨ"@ram	
"tashi"@ha	<http://ids.clld.org/values/10-370-220-1>		<http://ids.clld.org/parameters/10-370>		<http://ids.clld.org/values/10-370-293-1>		"tɛɛ"@ram	
"jela (fem.)"@ha	<http://ids.clld.org/values/4-180-220-1>		<http://ids.clld.org/parameters/4-180>		<http://ids.clld.org/values/4-180-293-1>		"ha-ppɨ"@ram	
