"lɛan.33"@huj	<http://ids.clld.org/values/1-530-406-1>		<http://ids.clld.org/parameters/1-530>		<http://ids.clld.org/values/1-530-280-1>		"'ʔoṣ̌ɨ"@pcp	
"phə.11 ńiŋ.44"@huj	<http://ids.clld.org/values/2-220-406-1>		<http://ids.clld.org/parameters/2-220>		<http://ids.clld.org/values/2-220-280-1>		"'yoṣ̌a"@pcp	
"mak.43"@huj	<http://ids.clld.org/values/5-710-406-1>		<http://ids.clld.org/parameters/5-710>		<http://ids.clld.org/values/5-710-280-1>		"'kɨo"@pcp	
"pət.43"@huj	<http://ids.clld.org/values/4-441-406-1>		<http://ids.clld.org/parameters/4-441>		<http://ids.clld.org/values/4-441-280-1>		"'taṣ̌a"@pcp	
"nak.11"@huj	<http://ids.clld.org/values/15-810-406-1>		<http://ids.clld.org/parameters/15-810>		<http://ids.clld.org/values/15-810-280-1>		"'iwɨ"@pcp	
"vɛan.44"@huj	<http://ids.clld.org/values/1-520-406-1>		<http://ids.clld.org/parameters/1-520>		<http://ids.clld.org/values/1-520-280-1>		"'waři"@pcp	
"ćhiet.43 (loŋ.24"@huj	<http://ids.clld.org/values/3-950-406-1>		<http://ids.clld.org/parameters/3-950>		<http://ids.clld.org/values/3-950-280-1>		"wɨṣ̌ko"@pcp	
"loŋ.43 ka.33 ćia.24"@huj	<http://ids.clld.org/values/3-592-406-1>		<http://ids.clld.org/parameters/3-592>		<http://ids.clld.org/values/3-592-280-1>		"'wawa"@pcp	
"śiu.11"@huj	<http://ids.clld.org/values/4-270-406-1>		<http://ids.clld.org/parameters/4-270>		<http://ids.clld.org/values/4-270-280-1>		"'ṣ̌ɨna"@pcp	
"kaŋ.33"@huj	<http://ids.clld.org/values/3-750-406-1>		<http://ids.clld.org/parameters/3-750>		<http://ids.clld.org/values/3-750-280-1>		"'čaṣ̌o"@pcp	
"ńi.33)"@huj	<http://ids.clld.org/values/3-950-406-3>		<http://ids.clld.org/parameters/3-950>		<http://ids.clld.org/values/3-950-280-1>		"wɨṣ̌ko"@pcp	
"loŋ.43"@huj	<http://ids.clld.org/values/3-581-406-1>		<http://ids.clld.org/parameters/3-581>		<http://ids.clld.org/values/3-581-280-1>		"'isko"@pcp	
"məŋ.31 khau.11"@huj	<http://ids.clld.org/values/5-550-406-1>		<http://ids.clld.org/parameters/5-550>		<http://ids.clld.org/values/5-550-280-1>		"'moto"@pcp	
"xuen.11"@huj	<http://ids.clld.org/values/3-832-406-1>		<http://ids.clld.org/parameters/3-832>		<http://ids.clld.org/values/3-832-280-1>		"'wii"@pcp	
"cɨ̂k.11"@huj	<http://ids.clld.org/values/9-190-406-1>		<http://ids.clld.org/parameters/9-190>		<http://ids.clld.org/values/9-190-280-1>		"'taška"@pcp	
"ʔai.33 fəai.44"@huj	<http://ids.clld.org/values/1-830-406-1>		<http://ids.clld.org/parameters/1-830>		<http://ids.clld.org/values/1-830-280-1>		"ko'ʔina"@pcp	
"ʔa.33 te.33"@huj	<http://ids.clld.org/values/2-350-406-1>		<http://ids.clld.org/parameters/2-350>		<http://ids.clld.org/values/2-350-280-1>		"'ɨpa"@pcp	
"ʔa.33 te.33"@huj	<http://ids.clld.org/values/2-350-406-1>		<http://ids.clld.org/parameters/2-350>		<http://ids.clld.org/values/2-350-280-3>		"'ʔɨpa"@pcp	
"tiet.11"@huj	<http://ids.clld.org/values/4-450-406-1>		<http://ids.clld.org/parameters/4-450>		<http://ids.clld.org/values/4-450-280-1>		"'taka"@pcp	
"hit.11"@huj	<http://ids.clld.org/values/9-110-406-1>		<http://ids.clld.org/parameters/9-110>		<http://ids.clld.org/values/9-110-280-1>		"i'wɨ"@pcp	
"kəai.33"@huj	<http://ids.clld.org/values/3-550-406-1>		<http://ids.clld.org/parameters/3-550>		<http://ids.clld.org/values/3-550-280-1>		"pati'aři"@pcp	
"ton.11 mai.43"@huj	<http://ids.clld.org/values/1-420-406-1>		<http://ids.clld.org/parameters/1-420>		<http://ids.clld.org/values/1-420-280-1>		"'hiwi"@pcp	
"jia.31 / me.44"@huj	<http://ids.clld.org/values/2-320-406-1>		<http://ids.clld.org/parameters/2-320>		<http://ids.clld.org/values/2-320-280-1>		"ʔa'wini"@pcp	
"lu.11 ʔa.44 liaŋ.33 ńi.44"@huj	<http://ids.clld.org/values/2-280-406-1>		<http://ids.clld.org/parameters/2-280>		<http://ids.clld.org/values/2-280-280-1>		"'wakɨ 'pistia"@pcp	
"kau.33"@huj	<http://ids.clld.org/values/2-910-406-1>		<http://ids.clld.org/parameters/2-910>		<http://ids.clld.org/values/2-910-280-1>		"'ɨa"@pcp	
"kaŋ.33 vɛan.44"@huj	<http://ids.clld.org/values/14-410-406-1>		<http://ids.clld.org/parameters/14-410>		<http://ids.clld.org/values/14-410-280-1>		"'waři"@pcp	
"lu.11 puai.44"@huj	<http://ids.clld.org/values/6-760-406-1>		<http://ids.clld.org/parameters/6-760>		<http://ids.clld.org/values/6-760-280-1>		"'kisi"@pcp	
"lan.43"@huj	<http://ids.clld.org/values/1-310-406-1>		<http://ids.clld.org/parameters/1-310>		<http://ids.clld.org/values/1-310-280-1>		"'hɨnɨ"@pcp	
"lai.31 hɛan.24"@huj	<http://ids.clld.org/values/15-510-406-1>		<http://ids.clld.org/parameters/15-510>		<http://ids.clld.org/values/15-510-280-1>		"his'pa"@pcp	
"lai.31 hɛan.24"@huj	<http://ids.clld.org/values/15-510-406-1>		<http://ids.clld.org/parameters/15-510>		<http://ids.clld.org/values/15-510-280-3>		"'hisna"@pcp	
"naŋ.31"@huj	<http://ids.clld.org/values/4-120-406-1>		<http://ids.clld.org/parameters/4-120>		<http://ids.clld.org/values/4-120-280-1>		"'wiči"@pcp	
"ho.24 luk.43"@huj	<http://ids.clld.org/values/4-160-406-1>		<http://ids.clld.org/parameters/4-160>		<http://ids.clld.org/values/4-160-280-1>		"'ṣ̌ao"@pcp	
"kət.31"@huj	<http://ids.clld.org/values/9-220-406-3>		<http://ids.clld.org/parameters/9-220>		<http://ids.clld.org/values/9-220-280-1>		"'kɨɨsakia"@pcp	
"phən.24 ho.24"@huj	<http://ids.clld.org/values/4-140-406-1>		<http://ids.clld.org/parameters/4-140>		<http://ids.clld.org/values/4-140-280-1>		"'woo"@pcp	
"saŋ.43"@huj	<http://ids.clld.org/values/9-360-406-1>		<http://ids.clld.org/parameters/9-360>		<http://ids.clld.org/values/9-360-280-1>		"'aši"@pcp	
"hak.11"@huj	<http://ids.clld.org/values/8-540-406-1>		<http://ids.clld.org/parameters/8-540>		<http://ids.clld.org/values/8-540-280-1>		"ta'pono"@pcp	
"hən.44"@huj	<http://ids.clld.org/values/7-120-406-1>		<http://ids.clld.org/parameters/7-120>		<http://ids.clld.org/values/7-120-280-1>		"'ṣ̌owo"@pcp	
"tuaŋ.43 jiak.43"@huj	<http://ids.clld.org/values/5-140-406-1>		<http://ids.clld.org/parameters/5-140>		<http://ids.clld.org/values/5-140-280-1>		"paṣ̌na'hai"@pcp	
"lau.33"@huj	<http://ids.clld.org/values/1-540-406-1>		<http://ids.clld.org/parameters/1-540>		<http://ids.clld.org/values/1-540-280-1>		"'wištima"@pcp	
"suet.31"@huj	<http://ids.clld.org/values/4-240-406-1>		<http://ids.clld.org/parameters/4-240>		<http://ids.clld.org/values/4-240-280-1>		"kɨ'wɨči"@pcp	
"vai.33 mai.43"@huj	<http://ids.clld.org/values/8-560-406-1>		<http://ids.clld.org/parameters/8-560>		<http://ids.clld.org/values/8-560-280-1>		"'pɨʔi"@pcp	
"suk.43"@huj	<http://ids.clld.org/values/9-360-406-3>		<http://ids.clld.org/parameters/9-360>		<http://ids.clld.org/values/9-360-280-1>		"'aši"@pcp	
"xa.24"@huj	<http://ids.clld.org/values/4-350-406-1>		<http://ids.clld.org/parameters/4-350>		<http://ids.clld.org/values/4-350-280-1>		"'wiko"@pcp	
"vu.44 ta.33"@huj	<http://ids.clld.org/values/4-210-406-1>		<http://ids.clld.org/parameters/4-210>		<http://ids.clld.org/values/4-210-280-1>		"'wɨřo"@pcp	
"kui.33"@huj	<http://ids.clld.org/values/3-980-406-1>		<http://ids.clld.org/parameters/3-980>		<http://ids.clld.org/values/3-980-280-1>		"'ṣ̌awɨ"@pcp	
"ńi.44"@huj	<http://ids.clld.org/values/12-560-406-1>		<http://ids.clld.org/parameters/12-560>		<http://ids.clld.org/values/12-560-280-1>		"'mišni"@pcp	
"hu.24 laŋ.33"@huj	<http://ids.clld.org/values/4-230-406-1>		<http://ids.clld.org/parameters/4-230>		<http://ids.clld.org/values/4-230-280-1>		"řɨ'kina"@pcp	
"vuak.44"@huj	<http://ids.clld.org/values/8-570-406-1>		<http://ids.clld.org/parameters/8-570>		<http://ids.clld.org/values/8-570-280-3>		"řeṣ̌'pana"@pcp	
"vuak.44"@huj	<http://ids.clld.org/values/8-570-406-1>		<http://ids.clld.org/parameters/8-570>		<http://ids.clld.org/values/8-570-280-1>		"'hoa"@pcp	
"mɛan.44"@huj	<http://ids.clld.org/values/2-930-406-1>		<http://ids.clld.org/parameters/2-930>		<http://ids.clld.org/values/2-930-280-1>		"'haa"@pcp	
"lan.43 hui.11"@huj	<http://ids.clld.org/values/1-360-406-1>		<http://ids.clld.org/parameters/1-360>		<http://ids.clld.org/values/1-360-280-1>		"'ʔani"@pcp	
"lan.43 hui.11"@huj	<http://ids.clld.org/values/1-360-406-1>		<http://ids.clld.org/parameters/1-360>		<http://ids.clld.org/values/1-360-280-3>		"'pao"@pcp	
"thoŋ.24 ćhie.24"@huj	<http://ids.clld.org/values/9-780-406-1>		<http://ids.clld.org/parameters/9-780>		<http://ids.clld.org/values/9-780-280-1>		"'sota"@pcp	
"mai.43 mɛ.44"@huj	<http://ids.clld.org/values/8-920-406-1>		<http://ids.clld.org/parameters/8-920>		<http://ids.clld.org/values/8-920-280-1>		"'ac̷a"@pcp	
"li.43"@huj	<http://ids.clld.org/values/4-260-406-1>		<http://ids.clld.org/parameters/4-260>		<http://ids.clld.org/values/4-260-280-1>		"'hana"@pcp	
"fəai.44 fən.44"@huj	<http://ids.clld.org/values/1-880-406-1>		<http://ids.clld.org/parameters/1-880>		<http://ids.clld.org/values/1-880-280-1>		"'kařo"@pcp	
"ʔau.33 hai.11 hɛ.44"@huj	<http://ids.clld.org/values/15-550-406-3>		<http://ids.clld.org/parameters/15-550>		<http://ids.clld.org/values/15-550-280-1>		"hi-'maki"@pcp	
"to.33"@huj	<http://ids.clld.org/values/3-823-406-1>		<http://ids.clld.org/parameters/3-823>		<http://ids.clld.org/values/3-823-280-1>		"'wina"@pcp	
"liaŋ.33"@huj	<http://ids.clld.org/values/15-660-406-1>		<http://ids.clld.org/parameters/15-660>		<http://ids.clld.org/values/15-660-280-1>		"'šini"@pcp	
"pha.44 khai.33"@huj	<http://ids.clld.org/values/9-270-406-1>		<http://ids.clld.org/parameters/9-270>		<http://ids.clld.org/values/9-270-280-1>		"ma'tošmaki"@pcp	
"khəai.33"@huj	<http://ids.clld.org/values/5-970-406-1>		<http://ids.clld.org/parameters/5-970>		<http://ids.clld.org/values/5-970-280-1>		"'wači"@pcp	
"nə.24 na.11"@huj	<http://ids.clld.org/values/4-208-406-1>		<http://ids.clld.org/parameters/4-208>		<http://ids.clld.org/values/4-208-280-1>		"'tamo"@pcp	
"vɛan.24"@huj	<http://ids.clld.org/values/15-350-406-1>		<http://ids.clld.org/parameters/15-350>		<http://ids.clld.org/values/15-350-280-1>		"tɨ'ɨ"@pcp	
"haŋ.44"@huj	<http://ids.clld.org/values/3-580-406-1>		<http://ids.clld.org/parameters/3-580>		<http://ids.clld.org/values/3-580-280-1>		"'naʔa"@pcp	
"khau.11 lə.33"@huj	<http://ids.clld.org/values/8-470-406-1>		<http://ids.clld.org/parameters/8-470>		<http://ids.clld.org/values/8-470-280-1>		"'ṣ̌ɨki"@pcp	
"xau.24"@huj	<http://ids.clld.org/values/15-640-406-1>		<http://ids.clld.org/parameters/15-640>		<http://ids.clld.org/values/15-640-280-1>		"'hoṣ̌o"@pcp	
"fai.11"@huj	<http://ids.clld.org/values/6-240-406-1>		<http://ids.clld.org/parameters/6-240>		<http://ids.clld.org/values/6-240-280-1>		"waṣ̌'mɨna"@pcp	
"pu.33"@huj	<http://ids.clld.org/values/2-310-406-1>		<http://ids.clld.org/parameters/2-310>		<http://ids.clld.org/values/2-310-280-1>		"'wɨnɨ"@pcp	
"phə.11 cai.44"@huj	<http://ids.clld.org/values/2-210-406-1>		<http://ids.clld.org/parameters/2-210>		<http://ids.clld.org/values/2-210-280-1>		"'honi"@pcp	
"pət.33"@huj	<http://ids.clld.org/values/9-220-406-1>		<http://ids.clld.org/parameters/9-220>		<http://ids.clld.org/values/9-220-280-1>		"'kɨɨsakia"@pcp	
"miaŋ.44"@huj	<http://ids.clld.org/values/3-810-406-1>		<http://ids.clld.org/parameters/3-810>		<http://ids.clld.org/values/3-810-280-1>		"wɨ'oso"@pcp	
"śian.24"@huj	<http://ids.clld.org/values/4-310-406-1>		<http://ids.clld.org/parameters/4-310>		<http://ids.clld.org/values/4-310-280-1>		"po'yana"@pcp	
"ho.24"@huj	<http://ids.clld.org/values/4-200-406-1>		<http://ids.clld.org/parameters/4-200>		<http://ids.clld.org/values/4-200-280-1>		"'mapo"@pcp	
"suaŋ.24"@huj	<http://ids.clld.org/values/13-20-406-1>		<http://ids.clld.org/parameters/13-20>		<http://ids.clld.org/values/13-20-280-1>		"ra'wɨ"@pcp	
"fəai.44"@huj	<http://ids.clld.org/values/1-810-406-1>		<http://ids.clld.org/parameters/1-810>		<http://ids.clld.org/values/1-810-280-1>		"'čiʔi"@pcp	
"tin.33"@huj	<http://ids.clld.org/values/4-370-406-1>		<http://ids.clld.org/parameters/4-370>		<http://ids.clld.org/values/4-370-280-1>		"'taʔɨ"@pcp	
"fa.43 laŋ.33"@huj	<http://ids.clld.org/values/1-560-406-1>		<http://ids.clld.org/parameters/1-560>		<http://ids.clld.org/values/1-560-280-1>		"'naina"@pcp	
"nə.24 fa.43"@huj	<http://ids.clld.org/values/1-510-406-1>		<http://ids.clld.org/parameters/1-510>		<http://ids.clld.org/values/1-510-280-1>		"na'ipa"@pcp	
"xɛan.24"@huj	<http://ids.clld.org/values/9-250-406-1>		<http://ids.clld.org/parameters/9-250>		<http://ids.clld.org/values/9-250-280-1>		"[hača]"@pcp	
"ʔau.33 hai.11"@huj	<http://ids.clld.org/values/15-550-406-1>		<http://ids.clld.org/parameters/15-550>		<http://ids.clld.org/values/15-550-280-1>		"hi-'maki"@pcp	
"ton.11 mai.43"@huj	<http://ids.clld.org/values/8-600-406-1>		<http://ids.clld.org/parameters/8-600>		<http://ids.clld.org/values/8-600-280-1>		"'hiwi"@pcp	
"tau.33"@huj	<http://ids.clld.org/values/1-840-406-1>		<http://ids.clld.org/parameters/1-840>		<http://ids.clld.org/values/1-840-280-1>		"'mišpo"@pcp	
"phai.24"@huj	<http://ids.clld.org/values/15-780-406-1>		<http://ids.clld.org/parameters/15-780>		<http://ids.clld.org/values/15-780-280-1>		"'ɨika"@pcp	
"ʔa.33 mo.33"@huj	<http://ids.clld.org/values/2-360-406-1>		<http://ids.clld.org/parameters/2-360>		<http://ids.clld.org/values/2-360-280-1>		"'kai"@pcp	
"na.44"@huj	<http://ids.clld.org/values/8-120-406-1>		<http://ids.clld.org/parameters/8-120>		<http://ids.clld.org/values/8-120-280-1>		"'wai"@pcp	
"fən.24"@huj	<http://ids.clld.org/values/1-750-406-1>		<http://ids.clld.org/parameters/1-750>		<http://ids.clld.org/values/1-750-280-3>		"ʔo'i"@pcp	
"fən.24"@huj	<http://ids.clld.org/values/1-750-406-1>		<http://ids.clld.org/parameters/1-750>		<http://ids.clld.org/values/1-750-280-1>		"o'i"@pcp	
"cəai.33"@huj	<http://ids.clld.org/values/4-440-406-1>		<http://ids.clld.org/parameters/4-440>		<http://ids.clld.org/values/4-440-280-1>		"howi'ti"@pcp	
"fa.11"@huj	<http://ids.clld.org/values/1-730-406-1>		<http://ids.clld.org/parameters/1-730>		<http://ids.clld.org/values/1-730-280-1>		"'c̷ɨmo"@pcp	
"liet.31"@huj	<http://ids.clld.org/values/4-150-406-1>		<http://ids.clld.org/parameters/4-150>		<http://ids.clld.org/values/4-150-280-1>		"'himi"@pcp	
"həai.31"@huj	<http://ids.clld.org/values/1-210-406-1>		<http://ids.clld.org/parameters/1-210>		<http://ids.clld.org/values/1-210-280-1>		"'mai"@pcp	
"mɨ.44"@huj	<http://ids.clld.org/values/4-330-406-1>		<http://ids.clld.org/parameters/4-330>		<http://ids.clld.org/values/4-330-280-1>		"mɨ'kɨna"@pcp	
"ʔɨ.44 hɨ.11"@huj	<http://ids.clld.org/values/3-596-406-1>		<http://ids.clld.org/parameters/3-596>		<http://ids.clld.org/values/3-596-280-1>		"'popo"@pcp	
"pa.33"@huj	<http://ids.clld.org/values/3-650-406-1>		<http://ids.clld.org/parameters/3-650>		<http://ids.clld.org/values/3-650-280-3>		"'woɨ"@pcp	
"pa.33"@huj	<http://ids.clld.org/values/3-650-406-1>		<http://ids.clld.org/parameters/3-650>		<http://ids.clld.org/values/3-650-280-1>		"sa'nino"@pcp	
"hu.44"@huj	<http://ids.clld.org/values/12-850-406-1>		<http://ids.clld.org/parameters/12-850>		<http://ids.clld.org/values/12-850-280-1>		"'kini"@pcp	
"ńuet.43"@huj	<http://ids.clld.org/values/4-142-406-1>		<http://ids.clld.org/parameters/4-142>		<http://ids.clld.org/values/4-142-280-1>		"'kɨni"@pcp	
