"jiau.33"@huj	<http://ids.clld.org/values/11-130-406-1>		<http://ids.clld.org/parameters/11-130>		<http://ids.clld.org/values/11-130-174-1>		"w-emhan-nə"@mch	
"na.11"@huj	<http://ids.clld.org/values/4-204-406-1>		<http://ids.clld.org/parameters/4-204>		<http://ids.clld.org/values/4-204-174-1>		"heʔ-dɨ"@mch	
"cin.33"@huj	<http://ids.clld.org/values/5-110-406-1>		<http://ids.clld.org/parameters/5-110>		<http://ids.clld.org/values/5-110-174-1>		"wowašīnčənə"@mch	
"tit.43"@huj	<http://ids.clld.org/values/12-620-406-1>		<http://ids.clld.org/parameters/12-620>		<http://ids.clld.org/values/12-620-174-3>		"anwakɨme"@mch	
"tit.43"@huj	<http://ids.clld.org/values/12-620-406-1>		<http://ids.clld.org/parameters/12-620>		<http://ids.clld.org/values/12-620-174-1>		"danwadɨ"@mch	
"lɛan.33"@huj	<http://ids.clld.org/values/1-530-406-1>		<http://ids.clld.org/parameters/1-530>		<http://ids.clld.org/values/1-530-174-1>		"nūnə"@mch	
"phə.11 ńiŋ.44"@huj	<http://ids.clld.org/values/2-220-406-1>		<http://ids.clld.org/parameters/2-220>		<http://ids.clld.org/values/2-220-174-1>		"wodi"@mch	
"śio.11 śiau.44"@huj	<http://ids.clld.org/values/17-280-406-1>		<http://ids.clld.org/parameters/17-280>		<http://ids.clld.org/values/17-280-174-1>		"wōwanomatoho"@mch	
"ʔau.33"@huj	<http://ids.clld.org/values/10-610-406-1>		<http://ids.clld.org/parameters/10-610>		<http://ids.clld.org/values/10-610-174-1>		"-adə̄-"@mch	
"sai.44"@huj	<http://ids.clld.org/values/1-215-406-1>		<http://ids.clld.org/parameters/1-215>		<http://ids.clld.org/values/1-215-174-1>		"sāʔdaʔda"@mch	
"ti.33 jən.31"@huj	<http://ids.clld.org/values/19-520-406-1>		<http://ids.clld.org/parameters/19-520>		<http://ids.clld.org/values/19-520-174-1>		"tuʔde"@mch	
"jian.33"@huj	<http://ids.clld.org/values/8-690-406-3>		<http://ids.clld.org/parameters/8-690>		<http://ids.clld.org/values/8-690-174-1>		"-eima-"@mch	
"te.31"@huj	<http://ids.clld.org/values/4-910-406-1>		<http://ids.clld.org/parameters/4-910>		<http://ids.clld.org/values/4-910-174-1>		"tɨkinča"@mch	
"ko.43"@huj	<http://ids.clld.org/values/19-510-406-1>		<http://ids.clld.org/parameters/19-510>		<http://ids.clld.org/values/19-510-174-1>		"weičakōno"@mch	
"tə.43 loŋ.44 ma.44"@huj	<http://ids.clld.org/values/10-230-406-1>		<http://ids.clld.org/parameters/10-230>		<http://ids.clld.org/values/10-230-174-1>		"w-eduka-nə"@mch	
"xuai.33 mai.44"@huj	<http://ids.clld.org/values/12-353-406-1>		<http://ids.clld.org/parameters/12-353>		<http://ids.clld.org/values/12-353-174-1>		"čəʔhiyu"@mch	
"kon.44 cai.44"@huj	<http://ids.clld.org/values/2-230-406-1>		<http://ids.clld.org/parameters/2-230>		<http://ids.clld.org/values/2-230-174-1>		"danwa"@mch	
"kho.24"@huj	<http://ids.clld.org/values/7-270-406-1>		<http://ids.clld.org/parameters/7-270>		<http://ids.clld.org/values/7-270-174-1>		"həʔhudu"@mch	
"mak.43"@huj	<http://ids.clld.org/values/5-710-406-1>		<http://ids.clld.org/parameters/5-710>		<http://ids.clld.org/values/5-710-174-1>		"čə̄hɨdɨ̄-hɨdɨ"@mch	
"lo.11"@huj	<http://ids.clld.org/values/10-330-406-1>		<http://ids.clld.org/parameters/10-330>		<http://ids.clld.org/values/10-330-174-1>		"yehuʔkwai"@mch	
"sɛan.24"@huj	<http://ids.clld.org/values/9-750-406-1>		<http://ids.clld.org/parameters/9-750>		<http://ids.clld.org/values/9-750-174-1>		"aʔtoʔtotoʔho"@mch	
"fu.31 li.33"@huj	<http://ids.clld.org/values/3-740-406-1>		<http://ids.clld.org/parameters/3-740>		<http://ids.clld.org/values/3-740-174-1>		"awadudi"@mch	
"taŋ.44 ńi.33"@huj	<http://ids.clld.org/values/10-720-406-1>		<http://ids.clld.org/parameters/10-720>		<http://ids.clld.org/values/10-720-174-1>		"ə̄ma"@mch	
"cun.44 śi.44"@huj	<http://ids.clld.org/values/19-470-406-1>		<http://ids.clld.org/parameters/19-470>		<http://ids.clld.org/values/19-470-174-1>		"tɨdɨho-dɨ"@mch	
"pət.43"@huj	<http://ids.clld.org/values/4-441-406-1>		<http://ids.clld.org/parameters/4-441>		<http://ids.clld.org/values/4-441-174-1>		"ʔtaway-dɨ"@mch	
"ka.33 tai.11"@huj	<http://ids.clld.org/values/12-30-406-1>		<http://ids.clld.org/parameters/12-30>		<http://ids.clld.org/values/12-30-174-1>		"doʔnə"@mch	
"śik.24 ʔik.11"@huj	<http://ids.clld.org/values/13-101-406-1>		<http://ids.clld.org/parameters/13-101>		<http://ids.clld.org/values/13-101-174-1>		"amohadəʔto dēwə tōni"@mch	
"phən.24"@huj	<http://ids.clld.org/values/7-440-406-1>		<http://ids.clld.org/parameters/7-440>		<http://ids.clld.org/values/7-440-174-1>		"[mesa]i"@mch	
"ńiŋ.44 lu.11 ʔa.33 liaŋ.33"@huj	<http://ids.clld.org/values/4-720-406-1>		<http://ids.clld.org/parameters/4-720>		<http://ids.clld.org/values/4-720-174-1>		"w-ennu-nə"@mch	
"nak.11"@huj	<http://ids.clld.org/values/15-810-406-1>		<http://ids.clld.org/parameters/15-810>		<http://ids.clld.org/values/15-810-174-1>		"tamənɲato"@mch	
"luen.44 loŋ.24"@huj	<http://ids.clld.org/values/1-720-406-1>		<http://ids.clld.org/parameters/1-720>		<http://ids.clld.org/values/1-720-174-1>		"hehēnčə"@mch	
"hiu.31 ju.44"@huj	<http://ids.clld.org/values/11-140-406-3>		<http://ids.clld.org/parameters/11-140>		<http://ids.clld.org/values/11-140-174-1>		"-ahəi-"@mch	
"na.24"@huj	<http://ids.clld.org/values/12-630-406-1>		<http://ids.clld.org/parameters/12-630>		<http://ids.clld.org/values/12-630-174-1>		"hūšīhe"@mch	
"kon.44"@huj	<http://ids.clld.org/values/2-100-406-1>		<http://ids.clld.org/parameters/2-100>		<http://ids.clld.org/values/2-100-174-1>		"ssoto"@mch	
"xo.44 sə.11"@huj	<http://ids.clld.org/values/6-450-406-1>		<http://ids.clld.org/parameters/6-450>		<http://ids.clld.org/values/6-450-174-1>		"wōʔmo"@mch	
"vɛan.44"@huj	<http://ids.clld.org/values/1-520-406-1>		<http://ids.clld.org/parameters/1-520>		<http://ids.clld.org/values/1-520-174-1>		"šī"@mch	
"ćhiet.43 (loŋ.24"@huj	<http://ids.clld.org/values/3-950-406-1>		<http://ids.clld.org/parameters/3-950>		<http://ids.clld.org/values/3-950-174-1>		"kɨʔto"@mch	
"liŋ.24"@huj	<http://ids.clld.org/values/15-670-406-1>		<http://ids.clld.org/parameters/15-670>		<http://ids.clld.org/values/15-670-174-1>		"šēne"@mch	
"pat.11 tu.33 loŋ.24"@huj	<http://ids.clld.org/values/7-220-406-3>		<http://ids.clld.org/parameters/7-220>		<http://ids.clld.org/values/7-220-174-1>		"mɨnātata"@mch	
"vit.11 (pit.11)"@huj	<http://ids.clld.org/values/9-260-406-1>		<http://ids.clld.org/parameters/9-260>		<http://ids.clld.org/values/9-260-174-1>		"-išiča-dɨ"@mch	
"kue.11 hiŋ.24"@huj	<http://ids.clld.org/values/1-440-406-1>		<http://ids.clld.org/parameters/1-440>		<http://ids.clld.org/values/1-440-174-1>		"təʔhu"@mch	
"lu.11 cai.44"@huj	<http://ids.clld.org/values/2-410-406-1>		<http://ids.clld.org/parameters/2-410>		<http://ids.clld.org/values/2-410-174-1>		"nnedɨ"@mch	
"huaŋ.43"@huj	<http://ids.clld.org/values/18-410-406-1>		<http://ids.clld.org/parameters/18-410>		<http://ids.clld.org/values/18-410-174-1>		"aʔdewhaʔdɨ"@mch	
"loŋ.43 ka.33 ćia.24"@huj	<http://ids.clld.org/values/3-592-406-1>		<http://ids.clld.org/parameters/3-592>		<http://ids.clld.org/values/3-592-174-1>		"[dodo]"@mch	
"hie.31 ku.24 sɨ̂.24"@huj	<http://ids.clld.org/values/18-221-406-1>		<http://ids.clld.org/parameters/18-221>		<http://ids.clld.org/values/18-221-174-1>		"mēʔkuʔtə̄dɨ"@mch	
"śiu.11"@huj	<http://ids.clld.org/values/4-270-406-1>		<http://ids.clld.org/parameters/4-270>		<http://ids.clld.org/values/4-270-174-1>		"dedɨ"@mch	
"wəi.44 saŋ.24"@huj	<http://ids.clld.org/values/17-690-406-3>		<http://ids.clld.org/parameters/17-690>		<http://ids.clld.org/values/17-690-174-1>		"ākene yeihəkə"@mch	
"kaŋ.33"@huj	<http://ids.clld.org/values/3-750-406-1>		<http://ids.clld.org/parameters/3-750>		<http://ids.clld.org/values/3-750-174-1>		"kawādi"@mch	
"ta.24 te.33"@huj	<http://ids.clld.org/values/2-510-406-3>		<http://ids.clld.org/parameters/2-510>		<http://ids.clld.org/values/2-510-174-1>		"wōdɨ"@mch	
"śik.24 suaŋ.24"@huj	<http://ids.clld.org/values/13-102-406-1>		<http://ids.clld.org/parameters/13-102>		<http://ids.clld.org/values/13-102-174-1>		"amohadəʔto dēwə āʔkə"@mch	
"ńi.33)"@huj	<http://ids.clld.org/values/3-950-406-3>		<http://ids.clld.org/parameters/3-950>		<http://ids.clld.org/values/3-950-174-1>		"kɨʔto"@mch	
"loŋ.43"@huj	<http://ids.clld.org/values/3-581-406-1>		<http://ids.clld.org/parameters/3-581>		<http://ids.clld.org/values/3-581-174-1>		"hawi"@mch	
"pau.44"@huj	<http://ids.clld.org/values/10-380-406-1>		<http://ids.clld.org/parameters/10-380>		<http://ids.clld.org/values/10-380-174-1>		"yaičumā-dɨ"@mch	
"sai.24 liaŋ.44"@huj	<http://ids.clld.org/values/15-570-406-1>		<http://ids.clld.org/parameters/15-570>		<http://ids.clld.org/values/15-570-174-1>		"taʔwane"@mch	
"sau.44"@huj	<http://ids.clld.org/values/13-170-406-1>		<http://ids.clld.org/parameters/13-170>		<http://ids.clld.org/values/13-170-174-1>		"ākəʔkə"@mch	
"hu.31 ciak.11"@huj	<http://ids.clld.org/values/17-170-406-1>		<http://ids.clld.org/parameters/17-170>		<http://ids.clld.org/values/17-170-174-1>		"t-owanəkə t-ɨdɨ-dɨ"@mch	
"me.33 kəai.33"@huj	<http://ids.clld.org/values/3-540-406-1>		<http://ids.clld.org/parameters/3-540>		<http://ids.clld.org/values/3-540-174-1>		"kudaymādu"@mch	
"sɨ̂.33 cɨ̂.44"@huj	<http://ids.clld.org/values/3-720-406-1>		<http://ids.clld.org/parameters/3-720>		<http://ids.clld.org/values/3-720-174-1>		"kawadīmə"@mch	
"ce.11"@huj	<http://ids.clld.org/values/18-560-406-1>		<http://ids.clld.org/parameters/18-560>		<http://ids.clld.org/values/18-560-174-1>		"[hahēda]"@mch	
"ćhi.11"@huj	<http://ids.clld.org/values/9-880-406-1>		<http://ids.clld.org/parameters/9-880>		<http://ids.clld.org/values/9-880-174-1>		"wānai"@mch	
"loŋ.43 tu.11"@huj	<http://ids.clld.org/values/3-594-406-1>		<http://ids.clld.org/parameters/3-594>		<http://ids.clld.org/values/3-594-174-1>		"hadūma"@mch	
"kha.11 xa.24"@huj	<http://ids.clld.org/values/12-410-406-1>		<http://ids.clld.org/parameters/12-410>		<http://ids.clld.org/values/12-410-174-1>		"əmuʔdemhɨnɨ"@mch	
"fan.11 hɛan.24"@huj	<http://ids.clld.org/values/4-620-406-1>		<http://ids.clld.org/parameters/4-620>		<http://ids.clld.org/values/4-620-174-1>		"wənētɨnə"@mch	
"nu.24"@huj	<http://ids.clld.org/values/3-630-406-1>		<http://ids.clld.org/parameters/3-630>		<http://ids.clld.org/values/3-630-174-1>		"asɨ̄kɨ"@mch	
"śik.24 ha.11"@huj	<http://ids.clld.org/values/13-103-406-1>		<http://ids.clld.org/parameters/13-103>		<http://ids.clld.org/values/13-103-174-1>		"amohadəʔto dēwə hyatodea"@mch	
"phə.33 ləai.33"@huj	<http://ids.clld.org/values/17-680-406-3>		<http://ids.clld.org/parameters/17-680>		<http://ids.clld.org/values/17-680-174-1>		"ənə̄kɨ"@mch	
"cɨ̂k.11"@huj	<http://ids.clld.org/values/9-190-406-1>		<http://ids.clld.org/parameters/9-190>		<http://ids.clld.org/values/9-190-174-1>		"āʔto"@mch	
"xuen.24"@huj	<http://ids.clld.org/values/4-393-406-1>		<http://ids.clld.org/parameters/4-393>		<http://ids.clld.org/values/4-393-174-1>		"iʔhōʔtɨ"@mch	
"ʔai.33 fəai.44"@huj	<http://ids.clld.org/values/1-830-406-1>		<http://ids.clld.org/parameters/1-830>		<http://ids.clld.org/values/1-830-174-1>		"widīnčə"@mch	
"lu.11 kha.24 (ńiŋ / sau.24)"@huj	<http://ids.clld.org/values/2-261-406-1>		<http://ids.clld.org/parameters/2-261>		<http://ids.clld.org/values/2-261-174-1>		"mudēši"@mch	
"phi.24"@huj	<http://ids.clld.org/values/22-350-406-1>		<http://ids.clld.org/parameters/22-350>		<http://ids.clld.org/values/22-350-174-1>		"kahūšawa"@mch	
"ʔa.33 te.33"@huj	<http://ids.clld.org/values/2-350-406-1>		<http://ids.clld.org/parameters/2-350>		<http://ids.clld.org/values/2-350-174-1>		"haha"@mch	
"jiau.31 phian.44"@huj	<http://ids.clld.org/values/10-851-406-1>		<http://ids.clld.org/parameters/10-851>		<http://ids.clld.org/values/10-851-174-1>		"hēna"@mch	
"huaŋ.43"@huj	<http://ids.clld.org/values/18-130-406-1>		<http://ids.clld.org/parameters/18-130>		<http://ids.clld.org/values/18-130-174-1>		"kəʔtɨn-nə"@mch	
"kaŋ.44"@huj	<http://ids.clld.org/values/20-240-406-1>		<http://ids.clld.org/parameters/20-240>		<http://ids.clld.org/values/20-240-174-1>		"šimāda ehɨ̄dɨ"@mch	
"(khau.11) ləŋ.24"@huj	<http://ids.clld.org/values/5-123-406-1>		<http://ids.clld.org/parameters/5-123>		<http://ids.clld.org/values/5-123-174-1>		"sēweyčato"@mch	
"ʔau.33 ma.44"@huj	<http://ids.clld.org/values/10-620-406-1>		<http://ids.clld.org/parameters/10-620>		<http://ids.clld.org/values/10-620-174-1>		"-enehɨ"@mch	
"ju.44 cuen.44 kun.11"@huj	<http://ids.clld.org/values/12-11-406-1>		<http://ids.clld.org/parameters/12-11>		<http://ids.clld.org/values/12-11-174-1>		"mənse"@mch	
"hit.11"@huj	<http://ids.clld.org/values/9-110-406-1>		<http://ids.clld.org/parameters/9-110>		<http://ids.clld.org/values/9-110-174-1>		"tɨdɨ̄dɨ"@mch	
"luai.33"@huj	<http://ids.clld.org/values/1-220-406-1>		<http://ids.clld.org/parameters/1-220>		<http://ids.clld.org/values/1-220-174-1>		"hɨ̄"@mch	
"thaŋ.24"@huj	<http://ids.clld.org/values/20-640-406-1>		<http://ids.clld.org/parameters/20-640>		<http://ids.clld.org/values/20-640-174-1>		"hāno"@mch	
"kəai.33"@huj	<http://ids.clld.org/values/3-550-406-1>		<http://ids.clld.org/parameters/3-550>		<http://ids.clld.org/values/3-550-174-1>		"wamēdi"@mch	
"ton.11 mai.43"@huj	<http://ids.clld.org/values/1-420-406-1>		<http://ids.clld.org/parameters/1-420>		<http://ids.clld.org/values/1-420-174-1>		"dē"@mch	
"tɛan.33"@huj	<http://ids.clld.org/values/15-790-406-1>		<http://ids.clld.org/parameters/15-790>		<http://ids.clld.org/values/15-790-174-1>		"tuhuʔhūdato"@mch	
"lue.31"@huj	<http://ids.clld.org/values/12-810-406-1>		<http://ids.clld.org/parameters/12-810>		<http://ids.clld.org/values/12-810-174-1>		"kokkoduhaʔto"@mch	
"śiak.24 khai.33"@huj	<http://ids.clld.org/values/9-280-406-1>		<http://ids.clld.org/parameters/9-280>		<http://ids.clld.org/values/9-280-174-1>		"-iši-"@mch	
"cai.11 ji.24 cuan.44"@huj	<http://ids.clld.org/values/14-350-406-1>		<http://ids.clld.org/parameters/14-350>		<http://ids.clld.org/values/14-350-174-1>		"dea"@mch	
"kau.33"@huj	<http://ids.clld.org/values/2-910-406-1>		<http://ids.clld.org/parameters/2-910>		<http://ids.clld.org/values/2-910-174-1>		"ɨwɨ"@mch	
"tat.24 kaŋ.33"@huj	<http://ids.clld.org/values/12-370-406-1>		<http://ids.clld.org/parameters/12-370>		<http://ids.clld.org/values/12-370-174-1>		"annai"@mch	
"luet.11"@huj	<http://ids.clld.org/values/12-590-406-1>		<http://ids.clld.org/parameters/12-590>		<http://ids.clld.org/values/12-590-174-1>		"tawedato"@mch	
"kaŋ.33 vɛan.44"@huj	<http://ids.clld.org/values/14-410-406-1>		<http://ids.clld.org/parameters/14-410>		<http://ids.clld.org/values/14-410-174-1>		"anə̄to"@mch	
"pak.43"@huj	<http://ids.clld.org/values/13-105-406-1>		<http://ids.clld.org/parameters/13-105>		<http://ids.clld.org/values/13-105-174-1>		"hyātodea ssoto"@mch	
"lin.33"@huj	<http://ids.clld.org/values/1-212-406-1>		<http://ids.clld.org/parameters/1-212>		<http://ids.clld.org/values/1-212-174-1>		"nono"@mch	
"lu.11 puai.44"@huj	<http://ids.clld.org/values/6-760-406-1>		<http://ids.clld.org/parameters/6-760>		<http://ids.clld.org/values/6-760-174-1>		"mayūdu"@mch	
"fi.11 khai.33"@huj	<http://ids.clld.org/values/12-232-406-3>		<http://ids.clld.org/parameters/12-232>		<http://ids.clld.org/values/12-232-174-1>		"yātohətɨdɨ"@mch	
"tai.33"@huj	<http://ids.clld.org/values/4-750-406-1>		<http://ids.clld.org/parameters/4-750>		<http://ids.clld.org/values/4-750-174-1>		"-əma-"@mch	
"puak.11 ńua.11 ma.44"@huj	<http://ids.clld.org/values/10-481-406-3>		<http://ids.clld.org/parameters/10-481>		<http://ids.clld.org/values/10-481-174-1>		"w-ennakā-nə"@mch	
"naŋ.24 haŋ.11"@huj	<http://ids.clld.org/values/7-510-406-1>		<http://ids.clld.org/parameters/7-510>		<http://ids.clld.org/values/7-510-174-1>		"aməʔhɨdɨ"@mch	
"lan.43"@huj	<http://ids.clld.org/values/1-310-406-1>		<http://ids.clld.org/parameters/1-310>		<http://ids.clld.org/values/1-310-174-1>		"tuna"@mch	
"xau.11 ka.33"@huj	<http://ids.clld.org/values/10-570-406-1>		<http://ids.clld.org/parameters/10-570>		<http://ids.clld.org/values/10-570-174-1>		"w-omon-nə"@mch	
"kə.33"@huj	<http://ids.clld.org/values/5-810-406-1>		<http://ids.clld.org/parameters/5-810>		<http://ids.clld.org/values/5-810-174-1>		"[sayu]"@mch	
"lai.31 hɛan.24"@huj	<http://ids.clld.org/values/15-510-406-1>		<http://ids.clld.org/parameters/15-510>		<http://ids.clld.org/values/15-510-174-1>		"ene-dɨ"@mch	
"naŋ.31"@huj	<http://ids.clld.org/values/4-120-406-1>		<http://ids.clld.org/parameters/4-120>		<http://ids.clld.org/values/4-120-174-1>		"hiʔhə"@mch	
"ho.24 luk.43"@huj	<http://ids.clld.org/values/4-160-406-1>		<http://ids.clld.org/parameters/4-160>		<http://ids.clld.org/values/4-160-174-1>		"yēʔhə"@mch	
"śin.24"@huj	<http://ids.clld.org/values/6-360-406-1>		<http://ids.clld.org/parameters/6-360>		<http://ids.clld.org/values/6-360-174-1>		"makūsa"@mch	
"nuaŋ.24"@huj	<http://ids.clld.org/values/1-330-406-1>		<http://ids.clld.org/parameters/1-330>		<http://ids.clld.org/values/1-330-174-1>		"čūʔhə"@mch	
"pu.44 sə.11"@huj	<http://ids.clld.org/values/6-350-406-1>		<http://ids.clld.org/parameters/6-350>		<http://ids.clld.org/values/6-350-174-1>		"šōka-dɨ"@mch	
"ləaŋ.43"@huj	<http://ids.clld.org/values/15-630-406-1>		<http://ids.clld.org/parameters/15-630>		<http://ids.clld.org/values/15-630-174-1>		"tɨhe"@mch	
"pi.33 nuaŋ.43 cai.44"@huj	<http://ids.clld.org/values/2-550-406-1>		<http://ids.clld.org/parameters/2-550>		<http://ids.clld.org/values/2-550-174-1>		"waiɲe"@mch	
"pi.33 nuaŋ.43 cai.44"@huj	<http://ids.clld.org/values/2-550-406-1>		<http://ids.clld.org/parameters/2-550>		<http://ids.clld.org/values/2-550-174-3>		"yāʔko"@mch	
"lie.31 mɨ.44"@huj	<http://ids.clld.org/values/4-344-406-1>		<http://ids.clld.org/parameters/4-344>		<http://ids.clld.org/values/4-344-174-1>		"əmmi"@mch	
"phən.24 ho.24"@huj	<http://ids.clld.org/values/4-140-406-1>		<http://ids.clld.org/parameters/4-140>		<http://ids.clld.org/values/4-140-174-1>		"hū"@mch	
"ćhie.24"@huj	<http://ids.clld.org/values/20-540-406-1>		<http://ids.clld.org/parameters/20-540>		<http://ids.clld.org/values/20-540-174-1>		"anətə"@mch	
"xa.44 ćian.44"@huj	<http://ids.clld.org/values/4-940-406-1>		<http://ids.clld.org/parameters/4-940>		<http://ids.clld.org/values/4-940-174-1>		"sekumhe"@mch	
"ńiaŋ.31 mɨ.44"@huj	<http://ids.clld.org/values/4-345-406-1>		<http://ids.clld.org/parameters/4-345>		<http://ids.clld.org/values/4-345-174-1>		"əmmi"@mch	
"ʔa.33 se.44"@huj	<http://ids.clld.org/values/2-454-406-1>		<http://ids.clld.org/parameters/2-454>		<http://ids.clld.org/values/2-454-174-1>		"yāya"@mch	
"pu.43 khau.11"@huj	<http://ids.clld.org/values/8-410-406-1>		<http://ids.clld.org/parameters/8-410>		<http://ids.clld.org/values/8-410-174-1>		"inɲatɨʔtə̄dɨ"@mch	
"saŋ.43"@huj	<http://ids.clld.org/values/9-360-406-1>		<http://ids.clld.org/parameters/9-360>		<http://ids.clld.org/values/9-360-174-1>		"-ičoʔka-dɨ"@mch	
"pai.33 li.44"@huj	<http://ids.clld.org/values/12-330-406-1>		<http://ids.clld.org/parameters/12-330>		<http://ids.clld.org/values/12-330-174-1>		"akoiʔčaʔhɨdɨ"@mch	
"vɛan.11"@huj	<http://ids.clld.org/values/19-160-406-1>		<http://ids.clld.org/parameters/19-160>		<http://ids.clld.org/values/19-160-174-1>		"haʔta"@mch	
"ho.44"@huj	<http://ids.clld.org/values/10-140-406-1>		<http://ids.clld.org/parameters/10-140>		<http://ids.clld.org/values/10-140-174-1>		"weməīya"@mch	
"hən.44"@huj	<http://ids.clld.org/values/7-120-406-1>		<http://ids.clld.org/parameters/7-120>		<http://ids.clld.org/values/7-120-174-1>		"mmā"@mch	
"nuaŋ.43 cai.44"@huj	<http://ids.clld.org/values/2-440-406-1>		<http://ids.clld.org/parameters/2-440>		<http://ids.clld.org/values/2-440-174-1>		"-nuwā-dɨ"@mch	
"jaŋ.31 nai.24"@huj	<http://ids.clld.org/values/17-610-406-1>		<http://ids.clld.org/parameters/17-610>		<http://ids.clld.org/values/17-610-174-1>		"ākene"@mch	
"lu.11 ʔa.33 cai.44"@huj	<http://ids.clld.org/values/2-251-406-1>		<http://ids.clld.org/parameters/2-251>		<http://ids.clld.org/values/2-251-174-1>		"mudēši"@mch	
"hit.11 na.31 xuaŋ.24"@huj	<http://ids.clld.org/values/9-120-406-1>		<http://ids.clld.org/parameters/9-120>		<http://ids.clld.org/values/9-120-174-1>		"tadawāhu"@mch	
"vu.24 ńiŋ.44"@huj	<http://ids.clld.org/values/13-0-406-1>		<http://ids.clld.org/parameters/13-0>		<http://ids.clld.org/values/13-0-174-1>		"āʔke"@mch	
"vu.33 mi.44 hɛaŋ.44"@huj	<http://ids.clld.org/values/4-820-406-1>		<http://ids.clld.org/parameters/4-820>		<http://ids.clld.org/values/4-820-174-1>		"āʔkedēto"@mch	
"phə.33 ləai.33 phə.31"@huj	<http://ids.clld.org/values/17-670-406-1>		<http://ids.clld.org/parameters/17-670>		<http://ids.clld.org/values/17-670-174-1>		"əišə̄no"@mch	
"tuaŋ.43 jiak.43"@huj	<http://ids.clld.org/values/5-140-406-1>		<http://ids.clld.org/parameters/5-140>		<http://ids.clld.org/values/5-140-174-1>		"əmīhe"@mch	
"səai.24"@huj	<http://ids.clld.org/values/15-860-406-3>		<http://ids.clld.org/parameters/15-860>		<http://ids.clld.org/values/15-860-174-1>		"kəmme"@mch	
"lau.33"@huj	<http://ids.clld.org/values/1-540-406-1>		<http://ids.clld.org/parameters/1-540>		<http://ids.clld.org/values/1-540-174-1>		"šidīčə"@mch	
"suet.31"@huj	<http://ids.clld.org/values/4-240-406-1>		<http://ids.clld.org/parameters/4-240>		<http://ids.clld.org/values/4-240-174-1>		"ənta"@mch	
"pɛat.11"@huj	<http://ids.clld.org/values/9-370-406-1>		<http://ids.clld.org/parameters/9-370>		<http://ids.clld.org/values/9-370-174-1>		"šēmeka-dɨ"@mch	
"mai.31 mak.43 phi.31"@huj	<http://ids.clld.org/values/5-821-406-1>		<http://ids.clld.org/parameters/5-821>		<http://ids.clld.org/values/5-821-174-1>		"homi"@mch	
"liau.33"@huj	<http://ids.clld.org/values/10-460-406-1>		<http://ids.clld.org/parameters/10-460>		<http://ids.clld.org/values/10-460-174-1>		"w-ekaʔtɨn-nə"@mch	
"fu.44 hən.44"@huj	<http://ids.clld.org/values/2-820-406-1>		<http://ids.clld.org/parameters/2-820>		<http://ids.clld.org/values/2-820-174-1>		"himmə"@mch	
"chəai.31"@huj	<http://ids.clld.org/values/17-550-406-1>		<http://ids.clld.org/parameters/17-550>		<http://ids.clld.org/values/17-550-174-3>		"mmhm"@mch	
"chəai.31"@huj	<http://ids.clld.org/values/17-550-406-1>		<http://ids.clld.org/parameters/17-550>		<http://ids.clld.org/values/17-550-174-1>		"ʔeee"@mch	
"śio.11"@huj	<http://ids.clld.org/values/17-240-406-1>		<http://ids.clld.org/parameters/17-240>		<http://ids.clld.org/values/17-240-174-1>		"-ōwanoma-"@mch	
"xəai.24"@huj	<http://ids.clld.org/values/5-791-406-3>		<http://ids.clld.org/parameters/5-791>		<http://ids.clld.org/values/5-791-174-1>		"kātɨ"@mch	
"sau.44 śik.24"@huj	<http://ids.clld.org/values/13-104-406-1>		<http://ids.clld.org/parameters/13-104>		<http://ids.clld.org/values/13-104-174-1>		"tōni ssoto"@mch	
"vai.33 mai.43"@huj	<http://ids.clld.org/values/8-560-406-1>		<http://ids.clld.org/parameters/8-560>		<http://ids.clld.org/values/8-560-174-1>		"yadɨ"@mch	
"huaŋ.43 hit.11"@huj	<http://ids.clld.org/values/18-420-406-1>		<http://ids.clld.org/parameters/18-420>		<http://ids.clld.org/values/18-420-174-1>		"tə̄tɨ"@mch	
"to.44 hok.44"@huj	<http://ids.clld.org/values/6-330-406-1>		<http://ids.clld.org/parameters/6-330>		<http://ids.clld.org/values/6-330-174-1>		"tɨʔkaʔhɨdɨ"@mch	
"hit.11 sɨ.43 xai.24"@huj	<http://ids.clld.org/values/11-830-406-1>		<http://ids.clld.org/parameters/11-830>		<http://ids.clld.org/values/11-830-174-1>		"wətəʔtihānə"@mch	
"tət.43 lan.43"@huj	<http://ids.clld.org/values/1-390-406-1>		<http://ids.clld.org/parameters/1-390>		<http://ids.clld.org/values/1-390-174-1>		"yedukadɨ"@mch	
"śiŋ.24 xəan.44"@huj	<http://ids.clld.org/values/18-240-406-1>		<http://ids.clld.org/parameters/18-240>		<http://ids.clld.org/values/18-240-174-1>		"āʔdewʔkwe"@mch	
"ko.11 mə.31 vɛan.44"@huj	<http://ids.clld.org/values/4-740-406-3>		<http://ids.clld.org/parameters/4-740>		<http://ids.clld.org/values/4-740-174-1>		"wenɲə"@mch	
"huaŋ.43 hai.11"@huj	<http://ids.clld.org/values/16-370-406-1>		<http://ids.clld.org/parameters/16-370>		<http://ids.clld.org/values/16-370-174-1>		"w-amo-nə"@mch	
"hit.11 saŋ.24"@huj	<http://ids.clld.org/values/17-690-406-1>		<http://ids.clld.org/parameters/17-690>		<http://ids.clld.org/values/17-690-174-1>		"ākene yeihəkə"@mch	
"lɛan.24 cai.44"@huj	<http://ids.clld.org/values/2-530-406-1>		<http://ids.clld.org/parameters/2-530>		<http://ids.clld.org/values/2-530-174-1>		"honɨ"@mch	
"lɛan.24 cai.44"@huj	<http://ids.clld.org/values/2-530-406-1>		<http://ids.clld.org/parameters/2-530>		<http://ids.clld.org/values/2-530-174-3>		"honɨ-kə"@mch	
"fi.11"@huj	<http://ids.clld.org/values/12-232-406-1>		<http://ids.clld.org/parameters/12-232>		<http://ids.clld.org/values/12-232-174-1>		"yātohətɨdɨ"@mch	
"taŋ.44 loŋ.24"@huj	<http://ids.clld.org/values/10-710-406-3>		<http://ids.clld.org/parameters/10-710>		<http://ids.clld.org/values/10-710-174-1>		"ə̄ma"@mch	
"nau.24"@huj	<http://ids.clld.org/values/15-860-406-1>		<http://ids.clld.org/parameters/15-860>		<http://ids.clld.org/values/15-860-174-1>		"kəmme"@mch	
"ćiaŋ.33"@huj	<http://ids.clld.org/values/5-210-406-1>		<http://ids.clld.org/parameters/5-210>		<http://ids.clld.org/values/5-210-174-1>		"-aʔnə"@mch	
"hit.11 mui.11"@huj	<http://ids.clld.org/values/14-270-406-1>		<http://ids.clld.org/parameters/14-270>		<http://ids.clld.org/values/14-270-174-1>		"w-əʔka-nə"@mch	
"suk.43"@huj	<http://ids.clld.org/values/9-360-406-3>		<http://ids.clld.org/parameters/9-360>		<http://ids.clld.org/values/9-360-174-1>		"-ičoʔka-dɨ"@mch	
"pat.11 tu.33"@huj	<http://ids.clld.org/values/7-220-406-1>		<http://ids.clld.org/parameters/7-220>		<http://ids.clld.org/values/7-220-174-1>		"mɨnātata"@mch	
"sai.11"@huj	<http://ids.clld.org/values/4-461-406-1>		<http://ids.clld.org/parameters/4-461>		<http://ids.clld.org/values/4-461-174-1>		"hyōtɨ"@mch	
"məŋ.31 lɛai.44"@huj	<http://ids.clld.org/values/15-770-406-1>		<http://ids.clld.org/parameters/15-770>		<http://ids.clld.org/values/15-770-174-1>		"tɨwansuʔde"@mch	
"ko.11"@huj	<http://ids.clld.org/values/3-585-406-1>		<http://ids.clld.org/parameters/3-585>		<http://ids.clld.org/values/3-585-174-1>		"hiyāna"@mch	
"xa.24"@huj	<http://ids.clld.org/values/4-350-406-1>		<http://ids.clld.org/parameters/4-350>		<http://ids.clld.org/values/4-350-174-1>		"hētɨ"@mch	
"ca.43"@huj	<http://ids.clld.org/values/16-720-406-1>		<http://ids.clld.org/parameters/16-720>		<http://ids.clld.org/values/16-720-174-1>		"kənemhɨnɨ"@mch	
"ju.44 thəai.33"@huj	<http://ids.clld.org/values/17-660-406-1>		<http://ids.clld.org/parameters/17-660>		<http://ids.clld.org/values/17-660-174-1>		"ə̄iša"@mch	
"su.24"@huj	<http://ids.clld.org/values/2-950-406-1>		<http://ids.clld.org/parameters/2-950>		<http://ids.clld.org/values/2-950-174-1>		"ənwanno"@mch	
"ho.24 ʔok.11"@huj	<http://ids.clld.org/values/4-400-406-1>		<http://ids.clld.org/parameters/4-400>		<http://ids.clld.org/values/4-400-174-1>		"dōʔta"@mch	
"śiaŋ.11"@huj	<http://ids.clld.org/values/17-130-406-1>		<http://ids.clld.org/parameters/17-130>		<http://ids.clld.org/values/17-130-174-1>		"tɨtahə-nə"@mch	
"lɛ.31"@huj	<http://ids.clld.org/values/5-125-406-1>		<http://ids.clld.org/parameters/5-125>		<http://ids.clld.org/values/5-125-174-1>		"čə̄tāhə"@mch	
"pɛan.11 mai.43"@huj	<http://ids.clld.org/values/7-570-406-1>		<http://ids.clld.org/parameters/7-570>		<http://ids.clld.org/values/7-570-174-1>		"[tadwa]"@mch	
"va.33"@huj	<http://ids.clld.org/values/4-300-406-1>		<http://ids.clld.org/parameters/4-300>		<http://ids.clld.org/values/4-300-174-1>		"nkawə"@mch	
"lu.11 ʔa.44 liaŋ.33"@huj	<http://ids.clld.org/values/2-270-406-1>		<http://ids.clld.org/parameters/2-270>		<http://ids.clld.org/values/2-270-174-1>		"nnedɨ"@mch	
"mai.43 lai.31"@huj	<http://ids.clld.org/values/8-940-406-1>		<http://ids.clld.org/parameters/8-940>		<http://ids.clld.org/values/8-940-174-1>		"dahu"@mch	
"pi.44"@huj	<http://ids.clld.org/values/4-250-406-1>		<http://ids.clld.org/parameters/4-250>		<http://ids.clld.org/values/4-250-174-1>		"ə̄ʔhi"@mch	
"vu.44 ta.33"@huj	<http://ids.clld.org/values/4-210-406-1>		<http://ids.clld.org/parameters/4-210>		<http://ids.clld.org/values/4-210-174-1>		"ənu"@mch	
"ʔai.33"@huj	<http://ids.clld.org/values/16-270-406-1>		<http://ids.clld.org/parameters/16-270>		<http://ids.clld.org/values/16-270-174-1>		"hyumma-dɨ"@mch	
"khun.24"@huj	<http://ids.clld.org/values/15-370-406-1>		<http://ids.clld.org/parameters/15-370>		<http://ids.clld.org/values/15-370-174-1>		"tutune"@mch	
"kui.33"@huj	<http://ids.clld.org/values/3-980-406-1>		<http://ids.clld.org/parameters/3-980>		<http://ids.clld.org/values/3-980-174-1>		"heʔde"@mch	
"fai.44 lan.43"@huj	<http://ids.clld.org/values/10-350-406-1>		<http://ids.clld.org/parameters/10-350>		<http://ids.clld.org/values/10-350-174-1>		"tɨwəʔhiyɨ"@mch	
"sai.24 vɛan.44"@huj	<http://ids.clld.org/values/1-610-406-1>		<http://ids.clld.org/parameters/1-610>		<http://ids.clld.org/values/1-610-174-1>		"šī"@mch	
"xɛan.24"@huj	<http://ids.clld.org/values/20-222-406-1>		<http://ids.clld.org/parameters/20-222>		<http://ids.clld.org/values/20-222-174-1>		"wɨ̄wɨ"@mch	
"məai.44"@huj	<http://ids.clld.org/values/2-920-406-1>		<http://ids.clld.org/parameters/2-920>		<http://ids.clld.org/values/2-920-174-1>		"əmədə"@mch	
"vɛan.24"@huj	<http://ids.clld.org/values/6-740-406-1>		<http://ids.clld.org/parameters/6-740>		<http://ids.clld.org/values/6-740-174-1>		"ahəʔmɨy"@mch	
"taŋ.11 ji.44 cɨ̂.33"@huj	<http://ids.clld.org/values/7-430-406-1>		<http://ids.clld.org/parameters/7-430>		<http://ids.clld.org/values/7-430-174-1>		"āʔtəy"@mch	
"hie.31"@huj	<http://ids.clld.org/values/18-210-406-1>		<http://ids.clld.org/parameters/18-210>		<http://ids.clld.org/values/18-210-174-1>		"w-aʔdew-nə"@mch	
"kɛ.44 cɨ̂.33"@huj	<http://ids.clld.org/values/20-260-406-1>		<http://ids.clld.org/parameters/20-260>		<http://ids.clld.org/values/20-260-174-1>		"sukuhi"@mch	
"ńi.44"@huj	<http://ids.clld.org/values/12-560-406-1>		<http://ids.clld.org/parameters/12-560>		<http://ids.clld.org/values/12-560-174-1>		"šeʔkə"@mch	
"hu.24 laŋ.33"@huj	<http://ids.clld.org/values/4-230-406-1>		<http://ids.clld.org/parameters/4-230>		<http://ids.clld.org/values/4-230-174-1>		"ənna"@mch	
"fai.33 fəai.44"@huj	<http://ids.clld.org/values/1-860-406-1>		<http://ids.clld.org/parameters/1-860>		<http://ids.clld.org/values/1-860-174-1>		"-kemetə-"@mch	
"śi.44"@huj	<http://ids.clld.org/values/12-570-406-1>		<http://ids.clld.org/parameters/12-570>		<http://ids.clld.org/values/12-570-174-1>		"nuwe"@mch	
"tiŋ.11 vu.44"@huj	<http://ids.clld.org/values/10-440-406-1>		<http://ids.clld.org/parameters/10-440>		<http://ids.clld.org/values/10-440-174-1>		"-ənwa-"@mch	
"pu.31 caŋ.44"@huj	<http://ids.clld.org/values/20-130-406-3>		<http://ids.clld.org/parameters/20-130>		<http://ids.clld.org/values/20-130-174-1>		"wənə"@mch	
"vuak.44"@huj	<http://ids.clld.org/values/8-570-406-1>		<http://ids.clld.org/parameters/8-570>		<http://ids.clld.org/values/8-570-174-1>		"čə̄hɨdɨ"@mch	
"xo.44"@huj	<http://ids.clld.org/values/4-280-406-1>		<http://ids.clld.org/parameters/4-280>		<http://ids.clld.org/values/4-280-174-1>		"hɨ̄mɨ"@mch	
"mo.11 phe.11"@huj	<http://ids.clld.org/values/5-280-406-1>		<http://ids.clld.org/parameters/5-280>		<http://ids.clld.org/values/5-280-174-1>		"ʔtadī-yɨ"@mch	
"mə.44"@huj	<http://ids.clld.org/values/5-700-406-1>		<http://ids.clld.org/parameters/5-700>		<http://ids.clld.org/values/5-700-174-1>		"šāku"@mch	
"ʔiŋ.33 sɛ.44"@huj	<http://ids.clld.org/values/1-450-406-1>		<http://ids.clld.org/parameters/1-450>		<http://ids.clld.org/values/1-450-174-1>		"dehūši"@mch	
"ləaŋ.31"@huj	<http://ids.clld.org/values/13-10-406-1>		<http://ids.clld.org/parameters/13-10>		<http://ids.clld.org/values/13-10-174-1>		"tōni"@mch	
"lɛan.24"@huj	<http://ids.clld.org/values/2-480-406-1>		<http://ids.clld.org/parameters/2-480>		<http://ids.clld.org/values/2-480-174-1>		"hādɨ"@mch	
"phaŋ.11"@huj	<http://ids.clld.org/values/3-820-406-1>		<http://ids.clld.org/parameters/3-820>		<http://ids.clld.org/values/3-820-174-1>		"wannə"@mch	
"hən.44"@huj	<http://ids.clld.org/values/7-210-406-1>		<http://ids.clld.org/parameters/7-210>		<http://ids.clld.org/values/7-210-174-1>		"əʔsa"@mch	
"min.24"@huj	<http://ids.clld.org/values/15-210-406-1>		<http://ids.clld.org/parameters/15-210>		<http://ids.clld.org/values/15-210-174-1>		"hyoʔhōdɨ"@mch	
"jia.33 thau.11"@huj	<http://ids.clld.org/values/2-471-406-1>		<http://ids.clld.org/parameters/2-471>		<http://ids.clld.org/values/2-471-174-1>		"noʔsamoʔkɨ"@mch	
"hau.24"@huj	<http://ids.clld.org/values/3-811-406-3>		<http://ids.clld.org/parameters/3-811>		<http://ids.clld.org/values/3-811-174-1>		"dāmə"@mch	
"xəai.24 xuaŋ.24"@huj	<http://ids.clld.org/values/5-791-406-1>		<http://ids.clld.org/parameters/5-791>		<http://ids.clld.org/values/5-791-174-1>		"kātɨ"@mch	
"fəai.44 ciat.11"@huj	<http://ids.clld.org/values/1-820-406-1>		<http://ids.clld.org/parameters/1-820>		<http://ids.clld.org/values/1-820-174-1>		"wāʔto"@mch	
"fi.11 khai.33"@huj	<http://ids.clld.org/values/12-230-406-1>		<http://ids.clld.org/parameters/12-230>		<http://ids.clld.org/values/12-230-174-1>		"šādamadɨ̄he"@mch	
"chuet.43"@huj	<http://ids.clld.org/values/10-670-406-1>		<http://ids.clld.org/parameters/10-670>		<http://ids.clld.org/values/10-670-174-1>		"-adima-dɨ"@mch	
"nuen.44"@huj	<http://ids.clld.org/values/4-610-406-1>		<http://ids.clld.org/parameters/4-610>		<http://ids.clld.org/values/4-610-174-1>		"w-ɨnɨʔ-nə"@mch	
"vau.33"@huj	<http://ids.clld.org/values/15-820-406-1>		<http://ids.clld.org/parameters/15-820>		<http://ids.clld.org/values/15-820-174-1>		"tawāhe"@mch	
"ʔa.33 nai.33"@huj	<http://ids.clld.org/values/2-470-406-1>		<http://ids.clld.org/parameters/2-470>		<http://ids.clld.org/values/2-470-174-1>		"-tamū-du"@mch	
"kaŋ.11"@huj	<http://ids.clld.org/values/12-610-406-1>		<http://ids.clld.org/parameters/12-610>		<http://ids.clld.org/values/12-610-174-1>		"taʔhuhūne"@mch	
"hie.11 mɛai.11"@huj	<http://ids.clld.org/values/16-670-406-1>		<http://ids.clld.org/parameters/16-670>		<http://ids.clld.org/values/16-670-174-1>		"-enkutə-"@mch	
"mɛan.44"@huj	<http://ids.clld.org/values/2-930-406-1>		<http://ids.clld.org/parameters/2-930>		<http://ids.clld.org/values/2-930-174-1>		"tɨwɨ"@mch	
"ʔuak.44 ka.33"@huj	<http://ids.clld.org/values/10-474-406-1>		<http://ids.clld.org/parameters/10-474>		<http://ids.clld.org/values/10-474-174-1>		"w-ehaʔka-nə"@mch	
"ńiŋ.44"@huj	<http://ids.clld.org/values/11-110-406-1>		<http://ids.clld.org/parameters/11-110>		<http://ids.clld.org/values/11-110-174-1>		"tɨweiye wənɲe"@mch	
"hɛaŋ.11"@huj	<http://ids.clld.org/values/15-840-406-1>		<http://ids.clld.org/parameters/15-840>		<http://ids.clld.org/values/15-840-174-1>		"ssedēhe"@mch	
"ji.31 kəu.33"@huj	<http://ids.clld.org/values/20-520-406-1>		<http://ids.clld.org/parameters/20-520>		<http://ids.clld.org/values/20-520-174-1>		"anə̄tə"@mch	
"ju.44 nai.11"@huj	<http://ids.clld.org/values/12-10-406-1>		<http://ids.clld.org/parameters/12-10>		<http://ids.clld.org/values/12-10-174-1>		"yə̄ʔhəhe"@mch	
"li.33"@huj	<http://ids.clld.org/values/16-230-406-1>		<http://ids.clld.org/parameters/16-230>		<http://ids.clld.org/values/16-230-174-1>		"takwanɲe"@mch	
"mai.43 mɛ.44"@huj	<http://ids.clld.org/values/8-920-406-1>		<http://ids.clld.org/parameters/8-920>		<http://ids.clld.org/values/8-920-174-1>		"kɨdēde"@mch	
"xən.24"@huj	<http://ids.clld.org/values/16-110-406-1>		<http://ids.clld.org/parameters/16-110>		<http://ids.clld.org/values/16-110-174-1>		"dōʔta"@mch	
"cit.11"@huj	<http://ids.clld.org/values/13-70-406-1>		<http://ids.clld.org/parameters/13-70>		<http://ids.clld.org/values/13-70-174-1>		"āʔkə amohaʔto"@mch	
"li.43"@huj	<http://ids.clld.org/values/4-260-406-1>		<http://ids.clld.org/parameters/4-260>		<http://ids.clld.org/values/4-260-174-1>		"ɲūdu"@mch	
"khuet.11"@huj	<http://ids.clld.org/values/8-220-406-1>		<http://ids.clld.org/parameters/8-220>		<http://ids.clld.org/values/8-220-174-1>		"tɨʔkādɨ"@mch	
"fəai.44 fən.44"@huj	<http://ids.clld.org/values/1-880-406-1>		<http://ids.clld.org/parameters/1-880>		<http://ids.clld.org/values/1-880-174-1>		"-keme-dɨ"@mch	
"coŋ.44 sɨ̂.31"@huj	<http://ids.clld.org/values/14-310-406-1>		<http://ids.clld.org/parameters/14-310>		<http://ids.clld.org/values/14-310-174-1>		"wenēne"@mch	
"ju.44 ńi.44 nai.11"@huj	<http://ids.clld.org/values/12-50-406-1>		<http://ids.clld.org/parameters/12-50>		<http://ids.clld.org/values/12-50-174-3>		"anwaʔka"@mch	
"ju.44 ńi.44 nai.11"@huj	<http://ids.clld.org/values/12-50-406-1>		<http://ids.clld.org/parameters/12-50>		<http://ids.clld.org/values/12-50-174-1>		"aʔka"@mch	
"hit.24"@huj	<http://ids.clld.org/values/9-343-406-1>		<http://ids.clld.org/parameters/9-343>		<http://ids.clld.org/values/9-343-174-1>		"eʔkukā-dɨ"@mch	
"ʔau.33 hai.11 hɛ.44"@huj	<http://ids.clld.org/values/15-550-406-3>		<http://ids.clld.org/parameters/15-550>		<http://ids.clld.org/values/15-550-174-1>		"eneho-dɨ"@mch	
"nə.43"@huj	<http://ids.clld.org/values/4-130-406-1>		<http://ids.clld.org/parameters/4-130>		<http://ids.clld.org/values/4-130-174-1>		"hyunu"@mch	
"mai.11"@huj	<http://ids.clld.org/values/15-850-406-1>		<http://ids.clld.org/parameters/15-850>		<http://ids.clld.org/values/15-850-174-1>		"taʔne"@mch	
"to.33"@huj	<http://ids.clld.org/values/3-823-406-1>		<http://ids.clld.org/parameters/3-823>		<http://ids.clld.org/values/3-823-174-1>		"sūnwa"@mch	
"ńiau.33 loŋ.24"@huj	<http://ids.clld.org/values/10-530-406-1>		<http://ids.clld.org/parameters/10-530>		<http://ids.clld.org/values/10-530-174-1>		"-aheʔka-dɨ"@mch	
"miaŋ.44 tuaŋ.33 kəai.11"@huj	<http://ids.clld.org/values/3-818-406-1>		<http://ids.clld.org/parameters/3-818>		<http://ids.clld.org/values/3-818-174-1>		"modoy"@mch	
"sa.24"@huj	<http://ids.clld.org/values/13-30-406-1>		<http://ids.clld.org/parameters/13-30>		<http://ids.clld.org/values/13-30-174-1>		"aduwawə"@mch	
"liaŋ.33"@huj	<http://ids.clld.org/values/15-660-406-1>		<http://ids.clld.org/parameters/15-660>		<http://ids.clld.org/values/15-660-174-1>		"seweičato"@mch	
"mu.24"@huj	<http://ids.clld.org/values/3-350-406-1>		<http://ids.clld.org/parameters/3-350>		<http://ids.clld.org/values/3-350-174-1>		"[kūši]"@mch	
"suaŋ.44"@huj	<http://ids.clld.org/values/9-760-406-1>		<http://ids.clld.org/parameters/9-760>		<http://ids.clld.org/values/9-760-174-1>		"wɨ̄wa"@mch	
"kau.11"@huj	<http://ids.clld.org/values/13-90-406-1>		<http://ids.clld.org/parameters/13-90>		<http://ids.clld.org/values/13-90-174-1>		"āʔkəi čea amohaʔto"@mch	
"pəŋ.43 na.11"@huj	<http://ids.clld.org/values/19-650-406-1>		<http://ids.clld.org/parameters/19-650>		<http://ids.clld.org/values/19-650-174-1>		"edantə-dɨ"@mch	
"pəi.31 hai.24"@huj	<http://ids.clld.org/values/11-330-406-1>		<http://ids.clld.org/parameters/11-330>		<http://ids.clld.org/values/11-330-174-1>		"w-ənnanɨʔ-nə"@mch	
"pu.31 thə.33"@huj	<http://ids.clld.org/values/20-610-406-1>		<http://ids.clld.org/parameters/20-610>		<http://ids.clld.org/values/20-610-174-1>		"emanɲuhɨdɨ"@mch	
"ləŋ.24"@huj	<http://ids.clld.org/values/15-690-406-1>		<http://ids.clld.org/parameters/15-690>		<http://ids.clld.org/values/15-690-174-1>		"kɨnota"@mch	
"hai.33"@huj	<http://ids.clld.org/values/14-730-406-1>		<http://ids.clld.org/parameters/14-730>		<http://ids.clld.org/values/14-730-174-1>		"wedɨ"@mch	
"kon.44 hau.44"@huj	<http://ids.clld.org/values/19-210-406-1>		<http://ids.clld.org/parameters/19-210>		<http://ids.clld.org/values/19-210-174-1>		"weiʔčɨ"@mch	
"ʔi.44 pian.33"@huj	<http://ids.clld.org/values/4-352-406-1>		<http://ids.clld.org/parameters/4-352>		<http://ids.clld.org/values/4-352-174-1>		"hōde"@mch	
"pi.44 xaŋ.24"@huj	<http://ids.clld.org/values/18-710-406-1>		<http://ids.clld.org/parameters/18-710>		<http://ids.clld.org/values/18-710-174-1>		"hīču"@mch	
"haŋ.11"@huj	<http://ids.clld.org/values/15-880-406-1>		<http://ids.clld.org/parameters/15-880>		<http://ids.clld.org/values/15-880-174-1>		"nossahe"@mch	
"khə.31 saŋ.24 sɨ̂.31 həu.24"@huj	<http://ids.clld.org/values/17-650-406-1>		<http://ids.clld.org/parameters/17-650>		<http://ids.clld.org/values/17-650-174-1>		"əičənnāwəkə"@mch	
"khəai.33"@huj	<http://ids.clld.org/values/5-970-406-1>		<http://ids.clld.org/parameters/5-970>		<http://ids.clld.org/values/5-970-174-1>		"iʔmoi"@mch	
"śi.44"@huj	<http://ids.clld.org/values/13-40-406-1>		<http://ids.clld.org/parameters/13-40>		<http://ids.clld.org/values/13-40-174-1>		"āʔkəiʔčea"@mch	
"ńiu.44"@huj	<http://ids.clld.org/values/3-850-406-1>		<http://ids.clld.org/parameters/3-850>		<http://ids.clld.org/values/3-850-174-1>		"əkə̄yu"@mch	
"hau.44 tə.33 məŋ.44"@huj	<http://ids.clld.org/values/2-941-406-1>		<http://ids.clld.org/parameters/2-941>		<http://ids.clld.org/values/2-941-174-1>		"kɨwɨ"@mch	
"lu.11 cai.44"@huj	<http://ids.clld.org/values/2-250-406-1>		<http://ids.clld.org/parameters/2-250>		<http://ids.clld.org/values/2-250-174-1>		"mudekə̄kə"@mch	
"khau.11 na.43"@huj	<http://ids.clld.org/values/5-120-406-1>		<http://ids.clld.org/parameters/5-120>		<http://ids.clld.org/values/5-120-174-1>		"mudūkuku"@mch	
"mit.11"@huj	<http://ids.clld.org/values/5-380-406-1>		<http://ids.clld.org/parameters/5-380>		<http://ids.clld.org/values/5-380-174-1>		"kɨmɨʔkə"@mch	
"lɛan.24 ńiŋ.44"@huj	<http://ids.clld.org/values/2-540-406-1>		<http://ids.clld.org/parameters/2-540>		<http://ids.clld.org/values/2-540-174-1>		"hāse"@mch	
"ʔau.33"@huj	<http://ids.clld.org/values/11-130-406-3>		<http://ids.clld.org/parameters/11-130>		<http://ids.clld.org/values/11-130-174-1>		"w-emhan-nə"@mch	
"to.44 liaŋ.44"@huj	<http://ids.clld.org/values/6-960-406-1>		<http://ids.clld.org/parameters/6-960>		<http://ids.clld.org/values/6-960-174-1>		"hekūde"@mch	
"ʔəai.33"@huj	<http://ids.clld.org/values/4-530-406-1>		<http://ids.clld.org/parameters/4-530>		<http://ids.clld.org/values/4-530-174-1>		"təinšiʔho"@mch	
"luet.44"@huj	<http://ids.clld.org/values/8-690-406-1>		<http://ids.clld.org/parameters/8-690>		<http://ids.clld.org/values/8-690-174-1>		"-eima-"@mch	
"ćiu.44 mo.33"@huj	<http://ids.clld.org/values/2-522-406-1>		<http://ids.clld.org/parameters/2-522>		<http://ids.clld.org/values/2-522-174-1>		"waynɲeʔney"@mch	
"sɨ.43"@huj	<http://ids.clld.org/values/11-810-406-1>		<http://ids.clld.org/parameters/11-810>		<http://ids.clld.org/values/11-810-174-1>		"ehēma-dɨ"@mch	
"hak.11"@huj	<http://ids.clld.org/values/4-570-406-1>		<http://ids.clld.org/parameters/4-570>		<http://ids.clld.org/values/4-570-174-1>		"wenaʔtahəʔeʔnə"@mch	
"khə.31 li.33"@huj	<http://ids.clld.org/values/16-810-406-1>		<http://ids.clld.org/parameters/16-810>		<http://ids.clld.org/values/16-810-174-1>		"inɲatahe"@mch	
"vɛan.24"@huj	<http://ids.clld.org/values/15-350-406-1>		<http://ids.clld.org/parameters/15-350>		<http://ids.clld.org/values/15-350-174-1>		"kādo"@mch	
"tɛ.33"@huj	<http://ids.clld.org/values/12-320-406-1>		<http://ids.clld.org/parameters/12-320>		<http://ids.clld.org/values/12-320-174-1>		"nonohoʔčə"@mch	
"haŋ.44"@huj	<http://ids.clld.org/values/3-580-406-1>		<http://ids.clld.org/parameters/3-580>		<http://ids.clld.org/values/3-580-174-1>		"danɲami"@mch	
"mo.11"@huj	<http://ids.clld.org/values/5-260-406-1>		<http://ids.clld.org/parameters/5-260>		<http://ids.clld.org/values/5-260-174-1>		"ədinɲə"@mch	
"həai.31 pha.11"@huj	<http://ids.clld.org/values/8-130-406-1>		<http://ids.clld.org/parameters/8-130>		<http://ids.clld.org/values/8-130-174-1>		"awdwāhə"@mch	
"ńia.31 taŋ.44"@huj	<http://ids.clld.org/values/10-450-406-1>		<http://ids.clld.org/parameters/10-450>		<http://ids.clld.org/values/10-450-174-1>		"w-ōhoyma-nə"@mch	
"khau.11 lə.33"@huj	<http://ids.clld.org/values/8-470-406-1>		<http://ids.clld.org/parameters/8-470>		<http://ids.clld.org/values/8-470-174-1>		"ənɲa"@mch	
"xau.24"@huj	<http://ids.clld.org/values/15-640-406-1>		<http://ids.clld.org/parameters/15-640>		<http://ids.clld.org/values/15-640-174-1>		"təʔkeʔne"@mch	
"hie.31 xəan.44"@huj	<http://ids.clld.org/values/18-210-406-3>		<http://ids.clld.org/parameters/18-210>		<http://ids.clld.org/values/18-210-174-1>		"w-aʔdew-nə"@mch	
"piet.31"@huj	<http://ids.clld.org/values/3-570-406-1>		<http://ids.clld.org/parameters/3-570>		<http://ids.clld.org/values/3-570-174-1>		"[hātu]"@mch	
"pɛan.33"@huj	<http://ids.clld.org/values/5-490-406-1>		<http://ids.clld.org/parameters/5-490>		<http://ids.clld.org/values/5-490-174-1>		"-oima-dɨ"@mch	
"fai.11"@huj	<http://ids.clld.org/values/6-240-406-1>		<http://ids.clld.org/parameters/6-240>		<http://ids.clld.org/values/6-240-174-1>		"wadēkū"@mch	
"ha.11"@huj	<http://ids.clld.org/values/13-50-406-1>		<http://ids.clld.org/parameters/13-50>		<http://ids.clld.org/values/13-50-174-1>		"hyātodea"@mch	
"lu.11 khoi.24"@huj	<http://ids.clld.org/values/2-630-406-1>		<http://ids.clld.org/parameters/2-630>		<http://ids.clld.org/values/2-630-174-1>		"-hannɨ-dɨ"@mch	
"lu.11 ʔa.33 liaŋ.33"@huj	<http://ids.clld.org/values/2-430-406-1>		<http://ids.clld.org/parameters/2-430>		<http://ids.clld.org/values/2-430-174-1>		"nnedɨ"@mch	
"ma.44"@huj	<http://ids.clld.org/values/10-480-406-1>		<http://ids.clld.org/parameters/10-480>		<http://ids.clld.org/values/10-480-174-1>		"w-eʔ-nə"@mch	
"pu.33"@huj	<http://ids.clld.org/values/2-310-406-1>		<http://ids.clld.org/parameters/2-310>		<http://ids.clld.org/values/2-310-174-1>		"-ɲno"@mch	
"kət.31 tau.11"@huj	<http://ids.clld.org/values/9-221-406-1>		<http://ids.clld.org/parameters/9-221>		<http://ids.clld.org/values/9-221-174-1>		"čūhiya-dɨ"@mch	
"kət.31 tau.11"@huj	<http://ids.clld.org/values/9-221-406-1>		<http://ids.clld.org/parameters/9-221>		<http://ids.clld.org/values/9-221-174-3>		"yaʔka-dɨ"@mch	
"chau.44 jian.33"@huj	<http://ids.clld.org/values/8-680-406-1>		<http://ids.clld.org/parameters/8-680>		<http://ids.clld.org/values/8-680-174-1>		"kawai"@mch	
"vən.11"@huj	<http://ids.clld.org/values/15-750-406-1>		<http://ids.clld.org/parameters/15-750>		<http://ids.clld.org/values/15-750-174-1>		"tɨwansuʔde"@mch	
"phə.11 cai.44"@huj	<http://ids.clld.org/values/2-210-406-1>		<http://ids.clld.org/parameters/2-210>		<http://ids.clld.org/values/2-210-174-1>		"danwa"@mch	
"li.33"@huj	<http://ids.clld.org/values/16-710-406-1>		<http://ids.clld.org/parameters/16-710>		<http://ids.clld.org/values/16-710-174-1>		"ašiča"@mch	
"thɨŋ.24 na.11"@huj	<http://ids.clld.org/values/10-550-406-1>		<http://ids.clld.org/parameters/10-550>		<http://ids.clld.org/values/10-550-174-1>		"w-əʔdɨ-nə"@mch	
"lau.44 sɨ̂.31"@huj	<http://ids.clld.org/values/14-310-406-3>		<http://ids.clld.org/parameters/14-310>		<http://ids.clld.org/values/14-310-174-1>		"wenēne"@mch	
"ʔuak.11 vian.11"@huj	<http://ids.clld.org/values/11-650-406-1>		<http://ids.clld.org/parameters/11-650>		<http://ids.clld.org/values/11-650-174-1>		"ehēma-dɨ"@mch	
"phə.31"@huj	<http://ids.clld.org/values/17-680-406-1>		<http://ids.clld.org/parameters/17-680>		<http://ids.clld.org/values/17-680-174-1>		"ənə̄kɨ"@mch	
"vi.44"@huj	<http://ids.clld.org/values/9-790-406-1>		<http://ids.clld.org/parameters/9-790>		<http://ids.clld.org/values/9-790-174-1>		"wadi-wadi"@mch	
"vu.24 chəai.31"@huj	<http://ids.clld.org/values/17-560-406-1>		<http://ids.clld.org/parameters/17-560>		<http://ids.clld.org/values/17-560-174-1>		"mmʔhm"@mch	
"ta.24 ćiu.24"@huj	<http://ids.clld.org/values/2-511-406-1>		<http://ids.clld.org/parameters/2-511>		<http://ids.clld.org/values/2-511-174-1>		"yawo"@mch	
"san.24 ju.44"@huj	<http://ids.clld.org/values/11-140-406-1>		<http://ids.clld.org/parameters/11-140>		<http://ids.clld.org/values/11-140-174-1>		"-ahəi-"@mch	
"khau.44"@huj	<http://ids.clld.org/values/10-250-406-1>		<http://ids.clld.org/parameters/10-250>		<http://ids.clld.org/values/10-250-174-1>		"himā-dɨ"@mch	
"liaŋ.44 loŋ.24"@huj	<http://ids.clld.org/values/15-570-406-3>		<http://ids.clld.org/parameters/15-570>		<http://ids.clld.org/values/15-570-174-1>		"taʔwane"@mch	
"ńua.11 ma.44"@huj	<http://ids.clld.org/values/10-481-406-1>		<http://ids.clld.org/parameters/10-481>		<http://ids.clld.org/values/10-481-174-1>		"w-ennakā-nə"@mch	
"vuak.44"@huj	<http://ids.clld.org/values/17-250-406-1>		<http://ids.clld.org/parameters/17-250>		<http://ids.clld.org/values/17-250-174-1>		"-owānoma-"@mch	
"śian.24"@huj	<http://ids.clld.org/values/4-310-406-1>		<http://ids.clld.org/parameters/4-310>		<http://ids.clld.org/values/4-310-174-1>		"aʔhə"@mch	
"hən.44)"@huj	<http://ids.clld.org/values/1-851-406-3>		<http://ids.clld.org/parameters/1-851>		<http://ids.clld.org/values/1-851-174-1>		"ukā-dɨ"@mch	
"ho.24"@huj	<http://ids.clld.org/values/4-200-406-1>		<http://ids.clld.org/parameters/4-200>		<http://ids.clld.org/values/4-200-174-1>		"hūʔhə"@mch	
"lu.11 ʔa.33 ńiŋ.44"@huj	<http://ids.clld.org/values/2-260-406-1>		<http://ids.clld.org/parameters/2-260>		<http://ids.clld.org/values/2-260-174-1>		"wodi-ʔčə"@mch	
"suaŋ.24"@huj	<http://ids.clld.org/values/13-20-406-1>		<http://ids.clld.org/parameters/13-20>		<http://ids.clld.org/values/13-20-174-1>		"āʔkə"@mch	
"fəai.44"@huj	<http://ids.clld.org/values/1-810-406-1>		<http://ids.clld.org/parameters/1-810>		<http://ids.clld.org/values/1-810-174-1>		"wāʔto"@mch	
"miaŋ.44 məi.44"@huj	<http://ids.clld.org/values/3-830-406-1>		<http://ids.clld.org/parameters/3-830>		<http://ids.clld.org/values/3-830-174-1>		"wedēsede"@mch	
"hɛan.24 na.11"@huj	<http://ids.clld.org/values/19-650-406-3>		<http://ids.clld.org/parameters/19-650>		<http://ids.clld.org/values/19-650-174-1>		"edantə-dɨ"@mch	
"sə.11"@huj	<http://ids.clld.org/values/6-120-406-1>		<http://ids.clld.org/parameters/6-120>		<http://ids.clld.org/values/6-120-174-1>		"womɨ"@mch	
"mai.43 toŋ.33"@huj	<http://ids.clld.org/values/1-430-406-1>		<http://ids.clld.org/parameters/1-430>		<http://ids.clld.org/values/1-430-174-1>		"dē"@mch	
"mi.44"@huj	<http://ids.clld.org/values/3-811-406-1>		<http://ids.clld.org/parameters/3-811>		<http://ids.clld.org/values/3-811-174-1>		"dāmə"@mch	
"śiu.24"@huj	<http://ids.clld.org/values/15-680-406-1>		<http://ids.clld.org/parameters/15-680>		<http://ids.clld.org/values/15-680-174-1>		"šēne"@mch	
"ʔuai.11"@huj	<http://ids.clld.org/values/8-941-406-1>		<http://ids.clld.org/parameters/8-941>		<http://ids.clld.org/values/8-941-174-1>		"əšīčādɨ"@mch	
"pha.31"@huj	<http://ids.clld.org/values/5-380-406-3>		<http://ids.clld.org/parameters/5-380>		<http://ids.clld.org/values/5-380-174-1>		"kɨmɨʔkə"@mch	
"kəai.33"@huj	<http://ids.clld.org/values/12-430-406-3>		<http://ids.clld.org/parameters/12-430>		<http://ids.clld.org/values/12-430-174-1>		"amoinče-ʔda"@mch	
"təai.33 co.31"@huj	<http://ids.clld.org/values/11-320-406-1>		<http://ids.clld.org/parameters/11-320>		<http://ids.clld.org/values/11-320-174-1>		"edantə-dɨ"@mch	
"təŋ.33"@huj	<http://ids.clld.org/values/7-450-406-1>		<http://ids.clld.org/parameters/7-450>		<http://ids.clld.org/values/7-450-174-1>		"adāwa"@mch	
"ka.33"@huj	<http://ids.clld.org/values/10-470-406-1>		<http://ids.clld.org/parameters/10-470>		<http://ids.clld.org/values/10-470-174-1>		"wɨʔtə̄-nə"@mch	
"kət.11 cəai.33"@huj	<http://ids.clld.org/values/18-350-406-1>		<http://ids.clld.org/parameters/18-350>		<http://ids.clld.org/values/18-350-174-1>		"eʔkatə-dɨ"@mch	
"tin.33"@huj	<http://ids.clld.org/values/4-370-406-1>		<http://ids.clld.org/parameters/4-370>		<http://ids.clld.org/values/4-370-174-1>		"hūdu"@mch	
"suŋ.24"@huj	<http://ids.clld.org/values/12-310-406-1>		<http://ids.clld.org/parameters/12-310>		<http://ids.clld.org/values/12-310-174-1>		"kawə"@mch	
"nəi.11 jia.24"@huj	<http://ids.clld.org/values/4-880-406-1>		<http://ids.clld.org/parameters/4-880>		<http://ids.clld.org/values/4-880-174-1>		"əhi"@mch	
"ho.24 xau.33"@huj	<http://ids.clld.org/values/4-360-406-1>		<http://ids.clld.org/parameters/4-360>		<http://ids.clld.org/values/4-360-174-1>		"ə̄ʔmu"@mch	
"mie.33"@huj	<http://ids.clld.org/values/4-410-406-1>		<http://ids.clld.org/parameters/4-410>		<http://ids.clld.org/values/4-410-174-1>		"ʔdohɨ-dɨ"@mch	
"piet.43"@huj	<http://ids.clld.org/values/13-80-406-1>		<http://ids.clld.org/parameters/13-80>		<http://ids.clld.org/values/13-80-174-1>		"aduwawə amohaʔto"@mch	
"sui.43"@huj	<http://ids.clld.org/values/5-130-406-1>		<http://ids.clld.org/parameters/5-130>		<http://ids.clld.org/values/5-130-174-1>		"enku"@mch	
"vɛan.44 la.11 xən.44"@huj	<http://ids.clld.org/values/14-460-406-1>		<http://ids.clld.org/parameters/14-460>		<http://ids.clld.org/values/14-460-174-1>		"čomomɨdawə"@mch	
"kon.44 ńiŋ.44"@huj	<http://ids.clld.org/values/2-240-406-1>		<http://ids.clld.org/parameters/2-240>		<http://ids.clld.org/values/2-240-174-1>		"wodi"@mch	
"nə.24 fa.43"@huj	<http://ids.clld.org/values/1-510-406-1>		<http://ids.clld.org/parameters/1-510>		<http://ids.clld.org/values/1-510-174-1>		"kahu"@mch	
"hɛat.43"@huj	<http://ids.clld.org/values/9-160-406-1>		<http://ids.clld.org/parameters/9-160>		<http://ids.clld.org/values/9-160-174-1>		"imɨdɨ"@mch	
"lɛan.33"@huj	<http://ids.clld.org/values/15-650-406-1>		<http://ids.clld.org/parameters/15-650>		<http://ids.clld.org/values/15-650-174-1>		"hudumato"@mch	
"xɛan.24"@huj	<http://ids.clld.org/values/9-250-406-1>		<http://ids.clld.org/parameters/9-250>		<http://ids.clld.org/values/9-250-174-1>		"wɨ̄wɨ"@mch	
"mi.24"@huj	<http://ids.clld.org/values/3-730-406-1>		<http://ids.clld.org/parameters/3-730>		<http://ids.clld.org/values/3-730-174-1>		"hədēmu"@mch	
"nuaŋ.43 cai.44"@huj	<http://ids.clld.org/values/2-445-406-1>		<http://ids.clld.org/parameters/2-445>		<http://ids.clld.org/values/2-445-174-1>		"šīʔčɨ"@mch	
"tiŋ.11"@huj	<http://ids.clld.org/values/10-430-406-1>		<http://ids.clld.org/parameters/10-430>		<http://ids.clld.org/values/10-430-174-1>		"w-ahanɨn-nə"@mch	
"tau.11 le.11"@huj	<http://ids.clld.org/values/8-930-406-1>		<http://ids.clld.org/parameters/8-930>		<http://ids.clld.org/values/8-930-174-1>		"kankudu"@mch	
"kəai.31 loŋ.24"@huj	<http://ids.clld.org/values/4-853-406-1>		<http://ids.clld.org/parameters/4-853>		<http://ids.clld.org/values/4-853-174-1>		"awonɲəʔkādɨ"@mch	
"fəai.44 fən.44"@huj	<http://ids.clld.org/values/1-870-406-1>		<http://ids.clld.org/parameters/1-870>		<http://ids.clld.org/values/1-870-174-1>		"tɨsočāmɨ"@mch	
"taŋ.44"@huj	<http://ids.clld.org/values/10-710-406-1>		<http://ids.clld.org/parameters/10-710>		<http://ids.clld.org/values/10-710-174-1>		"ə̄ma"@mch	
"me.11 loŋ.24"@huj	<http://ids.clld.org/values/2-520-406-1>		<http://ids.clld.org/parameters/2-520>		<http://ids.clld.org/values/2-520-174-1>		"waynɲeʔney"@mch	
"jia.11 hai.24"@huj	<http://ids.clld.org/values/4-860-406-1>		<http://ids.clld.org/parameters/4-860>		<http://ids.clld.org/values/4-860-174-1>		"adonkadɨ"@mch	
"loŋ.44 ta.33"@huj	<http://ids.clld.org/values/2-610-406-1>		<http://ids.clld.org/parameters/2-610>		<http://ids.clld.org/values/2-610-174-1>		"wōdɨ̄mə"@mch	
"ʔau.33 hai.11"@huj	<http://ids.clld.org/values/15-550-406-1>		<http://ids.clld.org/parameters/15-550>		<http://ids.clld.org/values/15-550-174-1>		"eneho-dɨ"@mch	
"sau.44 hɛaŋ.44"@huj	<http://ids.clld.org/values/4-912-406-1>		<http://ids.clld.org/parameters/4-912>		<http://ids.clld.org/values/4-912-174-1>		"wə̄dētanə"@mch	
"mit.43"@huj	<http://ids.clld.org/values/9-343-406-3>		<http://ids.clld.org/parameters/9-343>		<http://ids.clld.org/values/9-343-174-1>		"eʔkukā-dɨ"@mch	
"pik.24"@huj	<http://ids.clld.org/values/4-392-406-1>		<http://ids.clld.org/parameters/4-392>		<http://ids.clld.org/values/4-392-174-1>		"ahəʔsai"@mch	
"fɛan.44"@huj	<http://ids.clld.org/values/8-311-406-1>		<http://ids.clld.org/parameters/8-311>		<http://ids.clld.org/values/8-311-174-1>		"čə̄huʔhə"@mch	
"ciat.43 f��ai.44"@huj	<http://ids.clld.org/values/1-852-406-1>		<http://ids.clld.org/parameters/1-852>		<http://ids.clld.org/values/1-852-174-1>		"daʔtwa-dɨ"@mch	
"nə.24 ho.24"@huj	<http://ids.clld.org/values/4-205-406-1>		<http://ids.clld.org/parameters/4-205>		<http://ids.clld.org/values/4-205-174-1>		"heʔkay"@mch	
"mə.11 leu.24"@huj	<http://ids.clld.org/values/14-180-406-1>		<http://ids.clld.org/parameters/14-180>		<http://ids.clld.org/values/14-180-174-1>		"edūwa"@mch	
"pu.31 ćhiaŋ.33"@huj	<http://ids.clld.org/values/20-620-406-1>		<http://ids.clld.org/parameters/20-620>		<http://ids.clld.org/values/20-620-174-1>		"t-ɨwə̄-dɨ"@mch	
"pi.33 nuaŋ.43 ńiŋ.44"@huj	<http://ids.clld.org/values/2-550-406-3>		<http://ids.clld.org/parameters/2-550>		<http://ids.clld.org/values/2-550-174-1>		"waiɲe"@mch	
"pi.33 nuaŋ.43 ńiŋ.44"@huj	<http://ids.clld.org/values/2-550-406-3>		<http://ids.clld.org/parameters/2-550>		<http://ids.clld.org/values/2-550-174-3>		"yāʔko"@mch	
"vəai.43 ju.44"@huj	<http://ids.clld.org/values/12-120-406-1>		<http://ids.clld.org/parameters/12-120>		<http://ids.clld.org/values/12-120-174-1>		"enɨ̄ta"@mch	
"vəai.43 ju.44"@huj	<http://ids.clld.org/values/12-120-406-1>		<http://ids.clld.org/parameters/12-120>		<http://ids.clld.org/values/12-120-174-3>		"-ehuʔta-"@mch	
"va.44 xən.31 ka.33"@huj	<http://ids.clld.org/values/10-472-406-1>		<http://ids.clld.org/parameters/10-472>		<http://ids.clld.org/values/10-472-174-1>		"-annuʔku-"@mch	
"ćiu.44"@huj	<http://ids.clld.org/values/14-210-406-1>		<http://ids.clld.org/parameters/14-210>		<http://ids.clld.org/values/14-210-174-1>		"tamhə̄ʔne"@mch	
"mit.11 / pha.31"@huj	<http://ids.clld.org/values/9-230-406-1>		<http://ids.clld.org/parameters/9-230>		<http://ids.clld.org/values/9-230-174-1>		"kɨmɨʔkə"@mch	
"khə.31 saŋ.24"@huj	<http://ids.clld.org/values/17-640-406-1>		<http://ids.clld.org/parameters/17-640>		<http://ids.clld.org/values/17-640-174-1>		"ākene"@mch	
"muk.11"@huj	<http://ids.clld.org/values/4-232-406-1>		<http://ids.clld.org/parameters/4-232>		<http://ids.clld.org/values/4-232-174-1>		"ənuʔtə"@mch	
"haŋ.24"@huj	<http://ids.clld.org/values/4-180-406-1>		<http://ids.clld.org/parameters/4-180>		<http://ids.clld.org/values/4-180-174-1>		"dāʔkɨdɨ"@mch	
"vɛan.24 pa.44 xo.44"@huj	<http://ids.clld.org/values/6-750-406-1>		<http://ids.clld.org/parameters/6-750>		<http://ids.clld.org/values/6-750-174-1>		"wōʔmo"@mch	
"kət.31"@huj	<http://ids.clld.org/values/4-580-406-1>		<http://ids.clld.org/parameters/4-580>		<http://ids.clld.org/values/4-580-174-1>		"ēkādɨ"@mch	
"liŋ.44"@huj	<http://ids.clld.org/values/3-760-406-1>		<http://ids.clld.org/parameters/3-760>		<http://ids.clld.org/values/3-760-174-1>		"yadākadu"@mch	
"ton.11 mai.43"@huj	<http://ids.clld.org/values/8-600-406-1>		<http://ids.clld.org/parameters/8-600>		<http://ids.clld.org/values/8-600-174-1>		"dē"@mch	
"suan.11"@huj	<http://ids.clld.org/values/8-531-406-1>		<http://ids.clld.org/parameters/8-531>		<http://ids.clld.org/values/8-531-174-1>		"aiʔčɨdɨ"@mch	
"huen.43"@huj	<http://ids.clld.org/values/4-980-406-1>		<http://ids.clld.org/parameters/4-980>		<http://ids.clld.org/values/4-980-174-1>		"-oʔdoʔhə"@mch	
"tau.33"@huj	<http://ids.clld.org/values/1-840-406-1>		<http://ids.clld.org/parameters/1-840>		<http://ids.clld.org/values/1-840-174-1>		"wedēnnə"@mch	
"mi.33 ju.11"@huj	<http://ids.clld.org/values/4-740-406-1>		<http://ids.clld.org/parameters/4-740>		<http://ids.clld.org/values/4-740-174-1>		"wenɲə"@mch	
"liau.44 pai.33"@huj	<http://ids.clld.org/values/10-510-406-1>		<http://ids.clld.org/parameters/10-510>		<http://ids.clld.org/values/10-510-174-1>		"w-ə̄nehē-nə"@mch	
"thau.11"@huj	<http://ids.clld.org/values/14-150-406-1>		<http://ids.clld.org/parameters/14-150>		<http://ids.clld.org/values/14-150-174-1>		"henaʔdohə"@mch	
"hai.31"@huj	<http://ids.clld.org/values/11-210-406-1>		<http://ids.clld.org/parameters/11-210>		<http://ids.clld.org/values/11-210-174-1>		"utūdu"@mch	
"phai.24"@huj	<http://ids.clld.org/values/15-780-406-1>		<http://ids.clld.org/parameters/15-780>		<http://ids.clld.org/values/15-780-174-1>		"ākə̄tədɨ"@mch	
"so.44 khuaŋ.11"@huj	<http://ids.clld.org/values/4-320-406-1>		<http://ids.clld.org/parameters/4-320>		<http://ids.clld.org/values/4-320-174-1>		"ə̄ʔmu"@mch	
"xai.24"@huj	<http://ids.clld.org/values/11-820-406-1>		<http://ids.clld.org/parameters/11-820>		<http://ids.clld.org/values/11-820-174-1>		"ehema-hoi"@mch	
"miu.44"@huj	<http://ids.clld.org/values/3-620-406-1>		<http://ids.clld.org/parameters/3-620>		<http://ids.clld.org/values/3-620-174-1>		"[mēši]"@mch	
"təai.33"@huj	<http://ids.clld.org/values/11-310-406-1>		<http://ids.clld.org/parameters/11-310>		<http://ids.clld.org/values/11-310-174-1>		"uhīyɨ"@mch	
"ma.24"@huj	<http://ids.clld.org/values/3-610-406-1>		<http://ids.clld.org/parameters/3-610>		<http://ids.clld.org/values/3-610-174-1>		"sɨ̄ʔna"@mch	
"kaŋ.33 xən.44"@huj	<http://ids.clld.org/values/14-420-406-1>		<http://ids.clld.org/parameters/14-420>		<http://ids.clld.org/values/14-420-174-1>		"čomomɨ̄dɨ"@mch	
"ləai.24 luaŋ.44"@huj	<http://ids.clld.org/values/10-340-406-1>		<http://ids.clld.org/parameters/10-340>		<http://ids.clld.org/values/10-340-174-1>		"tɨtāwaʔta"@mch	
"fu.44 luai.33"@huj	<http://ids.clld.org/values/1-280-406-1>		<http://ids.clld.org/parameters/1-280>		<http://ids.clld.org/values/1-280-174-1>		"ewɨ̄tɨ"@mch	
"ʔa.33 mo.33"@huj	<http://ids.clld.org/values/2-360-406-1>		<http://ids.clld.org/parameters/2-360>		<http://ids.clld.org/values/2-360-174-1>		"denɨ"@mch	
"lu.11 cai.44 leu.33"@huj	<http://ids.clld.org/values/2-750-406-1>		<http://ids.clld.org/parameters/2-750>		<http://ids.clld.org/values/2-750-174-1>		"tunkemhɨnɨ"@mch	
"na.33 taŋ.44"@huj	<http://ids.clld.org/values/11-180-406-1>		<http://ids.clld.org/parameters/11-180>		<http://ids.clld.org/values/11-180-174-1>		"k-ɨnnɨdɨʔ-komo"@mch	
"lau.44 sɨ̂.33"@huj	<http://ids.clld.org/values/17-270-406-1>		<http://ids.clld.org/parameters/17-270>		<http://ids.clld.org/values/17-270-174-1>		"yowānomani"@mch	
"huai.24"@huj	<http://ids.clld.org/values/3-940-406-1>		<http://ids.clld.org/parameters/3-940>		<http://ids.clld.org/values/3-940-174-1>		"memu"@mch	
"ju.44 nə.24 na.11"@huj	<http://ids.clld.org/values/12-80-406-1>		<http://ids.clld.org/parameters/12-80>		<http://ids.clld.org/values/12-80-174-1>		"kawə̄"@mch	
"xə.43"@huj	<http://ids.clld.org/values/12-550-406-1>		<http://ids.clld.org/parameters/12-550>		<http://ids.clld.org/values/12-550-174-1>		"nuwe"@mch	
"tak.43"@huj	<http://ids.clld.org/values/3-930-406-1>		<http://ids.clld.org/parameters/3-930>		<http://ids.clld.org/values/3-930-174-1>		"kɨdatay"@mch	
"chaŋ.33"@huj	<http://ids.clld.org/values/18-120-406-1>		<http://ids.clld.org/parameters/18-120>		<http://ids.clld.org/values/18-120-174-1>		"we[kantā]ʔɲənə"@mch	
"pu.43"@huj	<http://ids.clld.org/values/9-210-406-1>		<http://ids.clld.org/parameters/9-210>		<http://ids.clld.org/values/9-210-174-1>		"-aiʔhuka-dɨ"@mch	
"tai.11 mai.44"@huj	<http://ids.clld.org/values/12-340-406-1>		<http://ids.clld.org/parameters/12-340>		<http://ids.clld.org/values/12-340-174-1>		"nwaʔkəi"@mch	
"xən.11 ma.44"@huj	<http://ids.clld.org/values/10-210-406-1>		<http://ids.clld.org/parameters/10-210>		<http://ids.clld.org/values/10-210-174-1>		"w-ənuʔnə"@mch	
"cik.11 cəai.33"@huj	<http://ids.clld.org/values/16-320-406-1>		<http://ids.clld.org/parameters/16-320>		<http://ids.clld.org/values/16-320-174-1>		"wentumhe"@mch	
"śiu.24"@huj	<http://ids.clld.org/values/5-124-406-1>		<http://ids.clld.org/parameters/5-124>		<http://ids.clld.org/values/5-124-174-1>		"šēne"@mch	
"huai.11"@huj	<http://ids.clld.org/values/9-341-406-1>		<http://ids.clld.org/parameters/9-341>		<http://ids.clld.org/values/9-341-174-1>		"-ewaʔtə-dɨ"@mch	
"mit.31 pai.33 lian.24"@huj	<http://ids.clld.org/values/20-250-406-1>		<http://ids.clld.org/parameters/20-250>		<http://ids.clld.org/values/20-250-174-1>		"šimāda"@mch	
"fən.24"@huj	<http://ids.clld.org/values/1-750-406-1>		<http://ids.clld.org/parameters/1-750>		<http://ids.clld.org/values/1-750-174-1>		"konōho"@mch	
"vɛan.31 ho.24"@huj	<http://ids.clld.org/values/19-240-406-1>		<http://ids.clld.org/parameters/19-240>		<http://ids.clld.org/values/19-240-174-1>		"ədāhə"@mch	
"kho.24"@huj	<http://ids.clld.org/values/16-250-406-1>		<http://ids.clld.org/parameters/16-250>		<http://ids.clld.org/values/16-250-174-1>		"waʔsenɲo"@mch	
"nəŋ.31"@huj	<http://ids.clld.org/values/6-110-406-1>		<http://ids.clld.org/parameters/6-110>		<http://ids.clld.org/values/6-110-174-1>		"wewontənə"@mch	
"ju.44 hiŋ.44 khaŋ.31"@huj	<http://ids.clld.org/values/12-20-406-1>		<http://ids.clld.org/parameters/12-20>		<http://ids.clld.org/values/12-20-174-1>		"dɨʔtə"@mch	
"cəai.33"@huj	<http://ids.clld.org/values/4-440-406-1>		<http://ids.clld.org/parameters/4-440>		<http://ids.clld.org/values/4-440-174-1>		"yēwanɨ"@mch	
"huaŋ.11 hə.44"@huj	<http://ids.clld.org/values/7-210-406-3>		<http://ids.clld.org/parameters/7-210>		<http://ids.clld.org/values/7-210-174-1>		"əʔsa"@mch	
"həu.31"@huj	<http://ids.clld.org/values/13-60-406-1>		<http://ids.clld.org/parameters/13-60>		<http://ids.clld.org/values/13-60-174-1>		"tōni amohaʔto"@mch	
"śik.24"@huj	<http://ids.clld.org/values/13-100-406-1>		<http://ids.clld.org/parameters/13-100>		<http://ids.clld.org/values/13-100-174-1>		"amohadə"@mch	
"mə.33 phək.11"@huj	<http://ids.clld.org/values/14-480-406-1>		<http://ids.clld.org/parameters/14-480>		<http://ids.clld.org/values/14-480-174-1>		"henamma"@mch	
"vaŋ.33"@huj	<http://ids.clld.org/values/12-650-406-1>		<http://ids.clld.org/parameters/12-650>		<http://ids.clld.org/values/12-650-174-1>		"sāʔtahe"@mch	
"ta.24 te.33"@huj	<http://ids.clld.org/values/2-512-406-1>		<http://ids.clld.org/parameters/2-512>		<http://ids.clld.org/values/2-512-174-1>		"haha"@mch	
"kon.44 nə.24 fa.43"@huj	<http://ids.clld.org/values/22-120-406-1>		<http://ids.clld.org/parameters/22-120>		<http://ids.clld.org/values/22-120-174-1>		"wanādi"@mch	
"fa.11"@huj	<http://ids.clld.org/values/1-730-406-1>		<http://ids.clld.org/parameters/1-730>		<http://ids.clld.org/values/1-730-174-1>		"kāʔdutu"@mch	
"fɛan.24"@huj	<http://ids.clld.org/values/5-460-406-1>		<http://ids.clld.org/parameters/5-460>		<http://ids.clld.org/values/5-460-174-1>		"-iʔša-"@mch	
"ʔa.44 te.33"@huj	<http://ids.clld.org/values/2-510-406-1>		<http://ids.clld.org/parameters/2-510>		<http://ids.clld.org/values/2-510-174-1>		"wōdɨ"@mch	
"thɛan.24"@huj	<http://ids.clld.org/values/18-310-406-1>		<http://ids.clld.org/parameters/18-310>		<http://ids.clld.org/values/18-310-174-1>		"-ekammaho-"@mch	
"to.11"@huj	<http://ids.clld.org/values/13-150-406-1>		<http://ids.clld.org/parameters/13-150>		<http://ids.clld.org/values/13-150-174-1>		"hōhe"@mch	
"lai.24"@huj	<http://ids.clld.org/values/13-150-406-3>		<http://ids.clld.org/parameters/13-150>		<http://ids.clld.org/values/13-150-174-1>		"hōhe"@mch	
"mə.44 liaŋ.33"@huj	<http://ids.clld.org/values/5-700-406-3>		<http://ids.clld.org/parameters/5-700>		<http://ids.clld.org/values/5-700-174-1>		"šāku"@mch	
"khaŋ.11"@huj	<http://ids.clld.org/values/12-430-406-1>		<http://ids.clld.org/parameters/12-430>		<http://ids.clld.org/values/12-430-174-1>		"amoinče-ʔda"@mch	
"tiŋ.31 kəan.33"@huj	<http://ids.clld.org/values/20-110-406-1>		<http://ids.clld.org/parameters/20-110>		<http://ids.clld.org/values/20-110-174-1>		"wətə̄nehānə"@mch	
"pu.31 kəan.33"@huj	<http://ids.clld.org/values/20-130-406-1>		<http://ids.clld.org/parameters/20-130>		<http://ids.clld.org/values/20-130-174-1>		"wənə"@mch	
"pəi.33 ʔuen.33"@huj	<http://ids.clld.org/values/14-250-406-1>		<http://ids.clld.org/parameters/14-250>		<http://ids.clld.org/values/14-250-174-1>		"ahəntədɨ"@mch	
"ćhi.11"@huj	<http://ids.clld.org/values/9-890-406-1>		<http://ids.clld.org/parameters/9-890>		<http://ids.clld.org/values/9-890-174-1>		"wemānʔa"@mch	
"xən.31 lɛai.33"@huj	<http://ids.clld.org/values/7-370-406-1>		<http://ids.clld.org/parameters/7-370>		<http://ids.clld.org/values/7-370-174-1>		"inɲahuʔtahə"@mch	
"puen.33"@huj	<http://ids.clld.org/values/4-460-406-1>		<http://ids.clld.org/parameters/4-460>		<http://ids.clld.org/values/4-460-174-1>		"dudūnoi"@mch	
"liet.31"@huj	<http://ids.clld.org/values/4-150-406-1>		<http://ids.clld.org/parameters/4-150>		<http://ids.clld.org/values/4-150-174-1>		"munu"@mch	
"ńia.31 loŋ.44 ka.33"@huj	<http://ids.clld.org/values/10-473-406-1>		<http://ids.clld.org/parameters/10-473>		<http://ids.clld.org/values/10-473-174-1>		"hɨ̄ʔwakādə"@mch	
"mɨ.44"@huj	<http://ids.clld.org/values/4-330-406-1>		<http://ids.clld.org/parameters/4-330>		<http://ids.clld.org/values/4-330-174-1>		"amō-dɨ"@mch	
"vaŋ.31 loŋ.33"@huj	<http://ids.clld.org/values/1-410-406-1>		<http://ids.clld.org/parameters/1-410>		<http://ids.clld.org/values/1-410-174-1>		"čūta"@mch	
"huen.24"@huj	<http://ids.clld.org/values/15-890-406-1>		<http://ids.clld.org/parameters/15-890>		<http://ids.clld.org/values/15-890-174-1>		"deyude"@mch	
"khai.31 chaŋ.11"@huj	<http://ids.clld.org/values/17-150-406-1>		<http://ids.clld.org/parameters/17-150>		<http://ids.clld.org/values/17-150-174-1>		"-ekanɨhɨ-dɨ"@mch	
"ʔaŋ.31 ləaŋ.31"@huj	<http://ids.clld.org/values/13-340-406-1>		<http://ids.clld.org/parameters/13-340>		<http://ids.clld.org/values/13-340-174-1>		"awaʔde"@mch	
"śiŋ.24"@huj	<http://ids.clld.org/values/18-110-406-1>		<http://ids.clld.org/parameters/18-110>		<http://ids.clld.org/values/18-110-174-1>		"kəʔtɨnnə"@mch	
"lau.44 te.33"@huj	<http://ids.clld.org/values/2-460-406-1>		<http://ids.clld.org/parameters/2-460>		<http://ids.clld.org/values/2-460-174-1>		"kōko"@mch	
"khau.11"@huj	<http://ids.clld.org/values/5-410-406-1>		<http://ids.clld.org/parameters/5-410>		<http://ids.clld.org/values/5-410-174-1>		"əwainši"@mch	
"jian.11 vaŋ.11"@huj	<http://ids.clld.org/values/16-620-406-1>		<http://ids.clld.org/parameters/16-620>		<http://ids.clld.org/values/16-620-174-1>		"hyumma-dɨ"@mch	
"pa.33"@huj	<http://ids.clld.org/values/3-650-406-1>		<http://ids.clld.org/parameters/3-650>		<http://ids.clld.org/values/3-650-174-1>		"nākukwāno"@mch	
"pau.24 (luai.33"@huj	<http://ids.clld.org/values/1-851-406-1>		<http://ids.clld.org/parameters/1-851>		<http://ids.clld.org/values/1-851-174-1>		"ukā-dɨ"@mch	
"maŋ.31 śie.44 li.33"@huj	<http://ids.clld.org/values/4-830-406-1>		<http://ids.clld.org/parameters/4-830>		<http://ids.clld.org/values/4-830-174-1>		"tadəinɲe"@mch	
"lu.11 ńiŋ.44"@huj	<http://ids.clld.org/values/2-420-406-1>		<http://ids.clld.org/parameters/2-420>		<http://ids.clld.org/values/2-420-174-1>		"nnedɨ"@mch	
"fa.43 hɛaŋ.11"@huj	<http://ids.clld.org/values/15-840-406-3>		<http://ids.clld.org/parameters/15-840>		<http://ids.clld.org/values/15-840-174-1>		"ssedēhe"@mch	
"naŋ.31"@huj	<http://ids.clld.org/values/12-130-406-1>		<http://ids.clld.org/parameters/12-130>		<http://ids.clld.org/values/12-130-174-1>		"w-atahhimā-nə"@mch	
"kaŋ.33 kiaŋ.24"@huj	<http://ids.clld.org/values/7-150-406-1>		<http://ids.clld.org/parameters/7-150>		<http://ids.clld.org/values/7-150-174-1>		"hɨdōdo"@mch	
"ju.44 pəi.33 ʔuen.33"@huj	<http://ids.clld.org/values/12-40-406-1>		<http://ids.clld.org/parameters/12-40>		<http://ids.clld.org/values/12-40-174-1>		"owāho"@mch	
"ju.44 pəi.33 ʔuen.33"@huj	<http://ids.clld.org/values/12-40-406-1>		<http://ids.clld.org/parameters/12-40>		<http://ids.clld.org/values/12-40-174-3>		"awaʔde"@mch	
"ńuet.43"@huj	<http://ids.clld.org/values/4-142-406-1>		<http://ids.clld.org/parameters/4-142>		<http://ids.clld.org/values/4-142-174-1>		"ettəmuho"@mch	
"ji.11 ma.33"@huj	<http://ids.clld.org/values/2-521-406-1>		<http://ids.clld.org/parameters/2-521>		<http://ids.clld.org/values/2-521-174-1>		"denɨ"@mch	
"pian.11"@huj	<http://ids.clld.org/values/12-930-406-1>		<http://ids.clld.org/parameters/12-930>		<http://ids.clld.org/values/12-930-174-1>		"w-ekamhiaka-nə"@mch	
"məai.24"@huj	<http://ids.clld.org/values/6-380-406-1>		<http://ids.clld.org/parameters/6-380>		<http://ids.clld.org/values/6-380-174-1>		"hakūdimɨʔtɨ"@mch	
"ka.33 vaŋ.11"@huj	<http://ids.clld.org/values/3-920-406-1>		<http://ids.clld.org/parameters/3-920>		<http://ids.clld.org/values/3-920-174-1>		"matūtu"@mch	
"lin.24"@huj	<http://ids.clld.org/values/2-490-406-1>		<http://ids.clld.org/parameters/2-490>		<http://ids.clld.org/values/2-490-174-1>		"hādɨ"@mch	
"pɛat.43"@huj	<http://ids.clld.org/values/4-760-406-1>		<http://ids.clld.org/parameters/4-760>		<http://ids.clld.org/values/4-760-174-1>		"aminɲaʔkadɨ"@mch	
"hau.44 tə.33 məŋ.44"@huj	<http://ids.clld.org/values/2-942-406-1>		<http://ids.clld.org/parameters/2-942>		<http://ids.clld.org/values/2-942-174-1>		"nɲa"@mch	
"khau.24"@huj	<http://ids.clld.org/values/2-960-406-1>		<http://ids.clld.org/parameters/2-960>		<http://ids.clld.org/values/2-960-174-1>		"tɨnwano"@mch	
