"jiau.33"@huj	<http://ids.clld.org/values/11-130-406-1>		<http://ids.clld.org/parameters/11-130>		<http://ids.clld.org/values/11-130-198-1>		"ímt"@prg	
"śi.33 ćhi.33 tian.33"@huj	<http://ids.clld.org/values/14-620-406-1>		<http://ids.clld.org/parameters/14-620>		<http://ids.clld.org/values/14-620-198-1>		"nadēlē"@prg	
"na.11"@huj	<http://ids.clld.org/values/4-204-406-1>		<http://ids.clld.org/parameters/4-204>		<http://ids.clld.org/values/4-204-198-1>		"prusnas"@prg	
"cin.33"@huj	<http://ids.clld.org/values/5-110-406-1>		<http://ids.clld.org/parameters/5-110>		<http://ids.clld.org/values/5-110-198-1>		"īst ~ ēst"@prg	
"lɛan.33"@huj	<http://ids.clld.org/values/1-530-406-1>		<http://ids.clld.org/parameters/1-530>		<http://ids.clld.org/values/1-530-198-1>		"mēnikīs"@prg	
"phə.11 ńiŋ.44"@huj	<http://ids.clld.org/values/2-220-406-1>		<http://ids.clld.org/parameters/2-220>		<http://ids.clld.org/values/2-220-198-1>		"genā"@prg	
"ʔə.11 mai.44"@huj	<http://ids.clld.org/values/18-360-406-1>		<http://ids.clld.org/parameters/18-360>		<http://ids.clld.org/values/18-360-198-3>		"taukinuns"@prg	
"ʔə.11 mai.44"@huj	<http://ids.clld.org/values/18-360-406-1>		<http://ids.clld.org/parameters/18-360>		<http://ids.clld.org/values/18-360-198-1>		"preigerdauja"@prg	
"ći.44 sə.11"@huj	<http://ids.clld.org/values/6-130-406-1>		<http://ids.clld.org/parameters/6-130>		<http://ids.clld.org/values/6-130-198-1>		"skrūtelē"@prg	
"sai.44"@huj	<http://ids.clld.org/values/1-215-406-1>		<http://ids.clld.org/parameters/1-215>		<http://ids.clld.org/values/1-215-198-1>		"zigzdā"@prg	
"va.11 cɨ̂.44"@huj	<http://ids.clld.org/values/6-490-406-1>		<http://ids.clld.org/parameters/6-490>		<http://ids.clld.org/values/6-490-198-1>		"pēd'ai"@prg	
"cik.11 cəai.33"@huj	<http://ids.clld.org/values/16-420-406-1>		<http://ids.clld.org/parameters/16-420>		<http://ids.clld.org/values/16-420-198-1>		"nerteis"@prg	
"ce.11"@huj	<http://ids.clld.org/values/18-610-406-1>		<http://ids.clld.org/parameters/18-610>		<http://ids.clld.org/values/18-610-198-1>		"laiskas"@prg	
"lu.11 ma.43 sɨ̂.33"@huj	<http://ids.clld.org/values/3-450-406-3>		<http://ids.clld.org/parameters/3-450>		<http://ids.clld.org/values/3-450-198-1>		"mald'an"@prg	
"vu.44"@huj	<http://ids.clld.org/values/3-220-406-1>		<http://ids.clld.org/parameters/3-220>		<http://ids.clld.org/values/3-220-198-1>		"kurvis ~ karvis"@prg	
"ti.33 jən.31"@huj	<http://ids.clld.org/values/19-520-406-1>		<http://ids.clld.org/parameters/19-520>		<http://ids.clld.org/values/19-520-198-1>		"préisiks"@prg	
"ko.43"@huj	<http://ids.clld.org/values/19-510-406-1>		<http://ids.clld.org/parameters/19-510>		<http://ids.clld.org/values/19-510-198-1>		"ginens"@prg	
"tə.43 loŋ.44 ma.44"@huj	<http://ids.clld.org/values/10-230-406-1>		<http://ids.clld.org/parameters/10-230>		<http://ids.clld.org/values/10-230-198-1>		"krūt"@prg	
"kon.44 cai.44"@huj	<http://ids.clld.org/values/2-230-406-1>		<http://ids.clld.org/parameters/2-230>		<http://ids.clld.org/values/2-230-198-1>		"vīrs"@prg	
"kho.24"@huj	<http://ids.clld.org/values/7-270-406-1>		<http://ids.clld.org/parameters/7-270>		<http://ids.clld.org/values/7-270-198-1>		"zeidis"@prg	
"mak.43"@huj	<http://ids.clld.org/values/5-710-406-1>		<http://ids.clld.org/parameters/5-710>		<http://ids.clld.org/values/5-710-198-1>		"véisin"@prg	
"ho.24 la.31 ńian.24"@huj	<http://ids.clld.org/values/4-202-406-1>		<http://ids.clld.org/parameters/4-202>		<http://ids.clld.org/values/4-202-198-1>		"kerpetis"@prg	
"chɛan.33"@huj	<http://ids.clld.org/values/17-510-406-1>		<http://ids.clld.org/parameters/17-510>		<http://ids.clld.org/values/17-510-198-1>		"ir"@prg	
"chɛan.33"@huj	<http://ids.clld.org/values/17-510-406-1>		<http://ids.clld.org/parameters/17-510>		<http://ids.clld.org/values/17-510-198-3>		"be"@prg	
"kue.31 khau.11"@huj	<http://ids.clld.org/values/5-530-406-1>		<http://ids.clld.org/parameters/5-530>		<http://ids.clld.org/values/5-530-198-1>		"zinkslā"@prg	
"lo.11"@huj	<http://ids.clld.org/values/10-330-406-1>		<http://ids.clld.org/parameters/10-330>		<http://ids.clld.org/values/10-330-198-1>		"auskéndlai"@prg	
"ʔa.33 te.33 muai.44"@huj	<http://ids.clld.org/values/2-710-406-1>		<http://ids.clld.org/parameters/2-710>		<http://ids.clld.org/values/2-710-198-1>		"patāvelis"@prg	
"pai.33 haŋ.24"@huj	<http://ids.clld.org/values/14-260-406-1>		<http://ids.clld.org/parameters/14-260>		<http://ids.clld.org/values/14-260-198-1>		"vangan"@prg	
"chui.31"@huj	<http://ids.clld.org/values/9-490-406-1>		<http://ids.clld.org/parameters/9-490>		<http://ids.clld.org/values/9-490-198-1>		"kūyis"@prg	
"fu.31 li.33"@huj	<http://ids.clld.org/values/3-740-406-1>		<http://ids.clld.org/parameters/3-740>		<http://ids.clld.org/values/3-740-198-1>		"lapē"@prg	
"khua.33 ćiaŋ.44"@huj	<http://ids.clld.org/values/16-790-406-1>		<http://ids.clld.org/parameters/16-790>		<http://ids.clld.org/values/16-790-198-1>		"pagirsnan"@prg	
"taŋ.44 ńi.33"@huj	<http://ids.clld.org/values/10-720-406-1>		<http://ids.clld.org/parameters/10-720>		<http://ids.clld.org/values/10-720-198-1>		"pintis"@prg	
"xua.31 mai.43"@huj	<http://ids.clld.org/values/8-550-406-1>		<http://ids.clld.org/parameters/8-550>		<http://ids.clld.org/values/8-550-198-1>		"vipis"@prg	
"ʔə.11"@huj	<http://ids.clld.org/values/18-320-406-1>		<http://ids.clld.org/parameters/18-320>		<http://ids.clld.org/values/18-320-198-1>		"attrātvei"@prg	
"piu.33 tau.33"@huj	<http://ids.clld.org/values/7-330-406-1>		<http://ids.clld.org/parameters/7-330>		<http://ids.clld.org/values/7-330-198-1>		"kamenis"@prg	
"kiat.11 tin.33 naŋ.24"@huj	<http://ids.clld.org/values/6-520-406-1>		<http://ids.clld.org/parameters/6-520>		<http://ids.clld.org/values/6-520-198-1>		"pusnē"@prg	
"lan.43 vo.33"@huj	<http://ids.clld.org/values/1-370-406-1>		<http://ids.clld.org/parameters/1-370>		<http://ids.clld.org/values/1-370-198-1>		"apus"@prg	
"liek.11"@huj	<http://ids.clld.org/values/9-670-406-1>		<http://ids.clld.org/parameters/9-670>		<http://ids.clld.org/values/9-670-198-1>		"gelzā"@prg	
"naŋ.24"@huj	<http://ids.clld.org/values/6-290-406-1>		<http://ids.clld.org/parameters/6-290>		<http://ids.clld.org/values/6-290-198-1>		"nōgnan"@prg	
"lu.11 pe.43 ńi.33"@huj	<http://ids.clld.org/values/3-380-406-1>		<http://ids.clld.org/parameters/3-380>		<http://ids.clld.org/values/3-380-198-1>		"(v)āzist'an"@prg	
"pət.43"@huj	<http://ids.clld.org/values/4-441-406-1>		<http://ids.clld.org/parameters/4-441>		<http://ids.clld.org/values/4-441-198-1>		"plauti"@prg	
"ka.33 tai.11"@huj	<http://ids.clld.org/values/12-30-406-1>		<http://ids.clld.org/parameters/12-30>		<http://ids.clld.org/values/12-30-198-1>		"zemai"@prg	
"pa.44 lu.11"@huj	<http://ids.clld.org/values/4-730-406-1>		<http://ids.clld.org/parameters/4-730>		<http://ids.clld.org/values/4-730-198-1>		"brendekermnen"@prg	
"phən.24"@huj	<http://ids.clld.org/values/7-440-406-1>		<http://ids.clld.org/parameters/7-440>		<http://ids.clld.org/values/7-440-198-1>		"stalis"@prg	
"nə.24 fa.43"@huj	<http://ids.clld.org/values/22-310-406-1>		<http://ids.clld.org/parameters/22-310>		<http://ids.clld.org/values/22-310-198-1>		"dangus"@prg	
"ńiŋ.44 lu.11 ʔa.33 liaŋ.33"@huj	<http://ids.clld.org/values/4-720-406-1>		<http://ids.clld.org/parameters/4-720>		<http://ids.clld.org/values/4-720-198-1>		"gemtun"@prg	
"məŋ.31 mai.11"@huj	<http://ids.clld.org/values/14-760-406-1>		<http://ids.clld.org/parameters/14-760>		<http://ids.clld.org/values/14-760-198-1>		"dagis"@prg	
"thai.24 huaŋ.31"@huj	<http://ids.clld.org/values/8-212-406-1>		<http://ids.clld.org/parameters/8-212>		<http://ids.clld.org/values/8-212-198-1>		"redā"@prg	
"huaŋ.31 lan.43"@huj	<http://ids.clld.org/values/8-170-406-1>		<http://ids.clld.org/parameters/8-170>		<http://ids.clld.org/values/8-170-198-1>		"ravis"@prg	
"luen.44 loŋ.24"@huj	<http://ids.clld.org/values/1-720-406-1>		<http://ids.clld.org/parameters/1-720>		<http://ids.clld.org/values/1-720-198-1>		"vētrā"@prg	
"kon.44"@huj	<http://ids.clld.org/values/2-100-406-1>		<http://ids.clld.org/parameters/2-100>		<http://ids.clld.org/values/2-100-198-1>		"zmānen[t]s"@prg	
"cau.11 hən.44"@huj	<http://ids.clld.org/values/19-570-406-1>		<http://ids.clld.org/parameters/19-570>		<http://ids.clld.org/values/19-570-198-1>		"ludis"@prg	
"hən.44 khaŋ.11"@huj	<http://ids.clld.org/values/19-540-406-1>		<http://ids.clld.org/parameters/19-540>		<http://ids.clld.org/values/19-540-198-1>		"taviš'an"@prg	
"vɛan.44"@huj	<http://ids.clld.org/values/1-520-406-1>		<http://ids.clld.org/parameters/1-520>		<http://ids.clld.org/values/1-520-198-1>		"saulē"@prg	
"ćhiet.43 (loŋ.24"@huj	<http://ids.clld.org/values/3-950-406-1>		<http://ids.clld.org/parameters/3-950>		<http://ids.clld.org/values/3-950-198-1>		"krupeilē"@prg	
"məi.43"@huj	<http://ids.clld.org/values/3-817-406-1>		<http://ids.clld.org/parameters/3-817>		<http://ids.clld.org/values/3-817-198-1>		"saugis"@prg	
"liŋ.24"@huj	<http://ids.clld.org/values/15-670-406-1>		<http://ids.clld.org/parameters/15-670>		<http://ids.clld.org/values/15-670-198-1>		"galimban"@prg	
"khau.11 lan.43"@huj	<http://ids.clld.org/values/8-420-406-1>		<http://ids.clld.org/parameters/8-420>		<http://ids.clld.org/values/8-420-198-3>		"ar'an"@prg	
"khau.11 lan.43"@huj	<http://ids.clld.org/values/8-420-406-1>		<http://ids.clld.org/parameters/8-420>		<http://ids.clld.org/values/8-420-198-1>		"aren"@prg	
"hən.44 ńi.33"@huj	<http://ids.clld.org/values/7-130-406-1>		<http://ids.clld.org/parameters/7-130>		<http://ids.clld.org/values/7-130-198-1>		"stubā"@prg	
"pat.11 tu.33 loŋ.24"@huj	<http://ids.clld.org/values/7-220-406-3>		<http://ids.clld.org/parameters/7-220>		<http://ids.clld.org/values/7-220-198-1>		"vartā"@prg	
"cu.44 ji.11"@huj	<http://ids.clld.org/values/17-190-406-1>		<http://ids.clld.org/parameters/17-190>		<http://ids.clld.org/values/17-190-198-1>		"pamērīsnans"@prg	
"kue.11 hiŋ.24"@huj	<http://ids.clld.org/values/1-440-406-1>		<http://ids.clld.org/parameters/1-440>		<http://ids.clld.org/values/1-440-198-1>		"stabis"@prg	
"lu.11 cai.44"@huj	<http://ids.clld.org/values/2-410-406-1>		<http://ids.clld.org/parameters/2-410>		<http://ids.clld.org/values/2-410-198-1>		"sūnun"@prg	
"pu.44 li.33"@huj	<http://ids.clld.org/values/4-430-406-1>		<http://ids.clld.org/parameters/4-430>		<http://ids.clld.org/values/4-430-198-1>		"nabis"@prg	
"mie.24 xən.11"@huj	<http://ids.clld.org/values/10-220-406-1>		<http://ids.clld.org/parameters/10-220>		<http://ids.clld.org/values/10-220-198-1>		"erláng'a"@prg	
"huaŋ.43"@huj	<http://ids.clld.org/values/18-410-406-1>		<http://ids.clld.org/parameters/18-410>		<http://ids.clld.org/values/18-410-198-1>		"vakētvei"@prg	
"śiu.11"@huj	<http://ids.clld.org/values/4-270-406-1>		<http://ids.clld.org/parameters/4-270>		<http://ids.clld.org/values/4-270-198-1>		"dantis"@prg	
"pai.33 ći.44 ʔu.11"@huj	<http://ids.clld.org/values/4-412-406-1>		<http://ids.clld.org/parameters/4-412>		<http://ids.clld.org/values/4-412-198-1>		"spenis"@prg	
"ju.31 ko.44"@huj	<http://ids.clld.org/values/17-530-406-1>		<http://ids.clld.org/parameters/17-530>		<http://ids.clld.org/values/17-530-198-1>		"ikai"@prg	
"kaŋ.33"@huj	<http://ids.clld.org/values/3-750-406-1>		<http://ids.clld.org/parameters/3-750>		<http://ids.clld.org/values/3-750-198-1>		"braidis"@prg	
"thoŋ.44 cɨ̂.11"@huj	<http://ids.clld.org/values/19-310-406-1>		<http://ids.clld.org/parameters/19-310>		<http://ids.clld.org/values/19-310-198-1>		"perstalá"@prg	
"ńi.33)"@huj	<http://ids.clld.org/values/3-950-406-3>		<http://ids.clld.org/parameters/3-950>		<http://ids.clld.org/values/3-950-198-1>		"krupeilē"@prg	
"loŋ.43"@huj	<http://ids.clld.org/values/3-581-406-1>		<http://ids.clld.org/parameters/3-581>		<http://ids.clld.org/values/3-581-198-1>		"pepelis ~ pipelkā"@prg	
"məŋ.31 khau.11"@huj	<http://ids.clld.org/values/5-550-406-1>		<http://ids.clld.org/parameters/5-550>		<http://ids.clld.org/values/5-550-198-1>		"meltan"@prg	
"fi.11 ʔuak.11 ka.33"@huj	<http://ids.clld.org/values/11-910-406-1>		<http://ids.clld.org/parameters/11-910>		<http://ids.clld.org/values/11-910-198-1>		"dalīs"@prg	
"khuen.31"@huj	<http://ids.clld.org/values/7-480-406-1>		<http://ids.clld.org/parameters/7-480>		<http://ids.clld.org/values/7-480-198-1>		"galdā"@prg	
"phən.24 vai.31"@huj	<http://ids.clld.org/values/7-470-406-1>		<http://ids.clld.org/parameters/7-470>		<http://ids.clld.org/values/7-470-198-1>		"pasuprēs"@prg	
"maŋ.31"@huj	<http://ids.clld.org/values/4-770-406-1>		<http://ids.clld.org/parameters/4-770>		<http://ids.clld.org/values/4-770-198-1>		"nāvis"@prg	
"hu.31 ciak.11"@huj	<http://ids.clld.org/values/17-170-406-1>		<http://ids.clld.org/parameters/17-170>		<http://ids.clld.org/values/17-170-198-1>		"vaist"@prg	
"me.33 kəai.33"@huj	<http://ids.clld.org/values/3-540-406-1>		<http://ids.clld.org/parameters/3-540>		<http://ids.clld.org/values/3-540-198-1>		"gertā"@prg	
"ćhi.11"@huj	<http://ids.clld.org/values/9-880-406-1>		<http://ids.clld.org/parameters/9-880>		<http://ids.clld.org/values/9-880-198-1>		"vāpis"@prg	
"loŋ.43 tu.11"@huj	<http://ids.clld.org/values/3-594-406-1>		<http://ids.clld.org/parameters/3-594>		<http://ids.clld.org/values/3-594-198-1>		"pālis"@prg	
"chən.31"@huj	<http://ids.clld.org/values/19-150-406-1>		<http://ids.clld.org/parameters/19-150>		<http://ids.clld.org/values/19-150-198-1>		"mēstan"@prg	
"pu.43 khau.11"@huj	<http://ids.clld.org/values/8-340-406-1>		<http://ids.clld.org/parameters/8-340>		<http://ids.clld.org/values/8-340-198-1>		"talka"@prg	
"laŋ.31 kon.44"@huj	<http://ids.clld.org/values/21-510-406-1>		<http://ids.clld.org/parameters/21-510>		<http://ids.clld.org/values/21-510-198-1>		"ránktvei"@prg	
"chuen.31 cɨ̂.44"@huj	<http://ids.clld.org/values/7-540-406-1>		<http://ids.clld.org/parameters/7-540>		<http://ids.clld.org/values/7-540-198-1>		"sparis"@prg	
"hau.44"@huj	<http://ids.clld.org/values/2-940-406-1>		<http://ids.clld.org/parameters/2-940>		<http://ids.clld.org/values/2-940-198-1>		"mes"@prg	
"phə.33 ləai.33"@huj	<http://ids.clld.org/values/17-680-406-3>		<http://ids.clld.org/parameters/17-680>		<http://ids.clld.org/values/17-680-198-1>		"kas"@prg	
"muak.44"@huj	<http://ids.clld.org/values/1-740-406-1>		<http://ids.clld.org/parameters/1-740>		<http://ids.clld.org/values/1-740-198-1>		"kūpsins"@prg	
"ʔaŋ.11 liau.11"@huj	<http://ids.clld.org/values/3-960-406-3>		<http://ids.clld.org/parameters/3-960>		<http://ids.clld.org/values/3-960-198-1>		"estureitā"@prg	
"cɨ̂k.11"@huj	<http://ids.clld.org/values/9-190-406-1>		<http://ids.clld.org/parameters/9-190>		<http://ids.clld.org/values/9-190-198-1>		"virbē"@prg	
"ʔai.33 fəai.44"@huj	<http://ids.clld.org/values/1-830-406-1>		<http://ids.clld.org/parameters/1-830>		<http://ids.clld.org/values/1-830-198-1>		"dūmis"@prg	
"lu.11 kha.24 (ńiŋ / sau.24)"@huj	<http://ids.clld.org/values/2-261-406-1>		<http://ids.clld.org/parameters/2-261>		<http://ids.clld.org/values/2-261-198-1>		"mergā"@prg	
"ti.33 cɨ̂k.11"@huj	<http://ids.clld.org/values/4-850-406-1>		<http://ids.clld.org/parameters/4-850>		<http://ids.clld.org/values/4-850-198-1>		"eizvā"@prg	
"po.31 xuaŋ.24"@huj	<http://ids.clld.org/values/3-210-406-1>		<http://ids.clld.org/parameters/3-210>		<http://ids.clld.org/values/3-210-198-1>		"loniks ~ lānīks"@prg	
"pau.24 lu.11 ńiŋ.44"@huj	<http://ids.clld.org/values/2-740-406-1>		<http://ids.clld.org/parameters/2-740>		<http://ids.clld.org/values/2-740-198-1>		"pādukrē"@prg	
"ʔa.33 te.33"@huj	<http://ids.clld.org/values/2-350-406-1>		<http://ids.clld.org/parameters/2-350>		<http://ids.clld.org/values/2-350-198-1>		"tāvas"@prg	
"kuaŋ.11"@huj	<http://ids.clld.org/values/5-340-406-1>		<http://ids.clld.org/parameters/5-340>		<http://ids.clld.org/values/5-340-198-1>		"kragis"@prg	
"khau.11 ka.31"@huj	<http://ids.clld.org/values/8-460-406-1>		<http://ids.clld.org/parameters/8-460>		<http://ids.clld.org/values/8-460-198-1>		"vizē"@prg	
"kəai.31"@huj	<http://ids.clld.org/values/4-852-406-1>		<http://ids.clld.org/parameters/4-852>		<http://ids.clld.org/values/4-852-198-1>		"melnē"@prg	
"fai.33"@huj	<http://ids.clld.org/values/13-240-406-1>		<http://ids.clld.org/parameters/13-240>		<http://ids.clld.org/values/13-240-198-1>		"pausan"@prg	
"tiet.11"@huj	<http://ids.clld.org/values/4-450-406-1>		<http://ids.clld.org/parameters/4-450>		<http://ids.clld.org/values/4-450-198-1>		"yaknā"@prg	
"ʔau.33 ma.44"@huj	<http://ids.clld.org/values/10-620-406-1>		<http://ids.clld.org/parameters/10-620>		<http://ids.clld.org/values/10-620-198-1>		"pīst"@prg	
"hit.11"@huj	<http://ids.clld.org/values/9-110-406-1>		<http://ids.clld.org/parameters/9-110>		<http://ids.clld.org/values/9-110-198-1>		"segēt"@prg	
"luai.33"@huj	<http://ids.clld.org/values/1-220-406-1>		<http://ids.clld.org/parameters/1-220>		<http://ids.clld.org/values/1-220-198-1>		"garbis"@prg	
"tiu.33"@huj	<http://ids.clld.org/values/6-480-406-1>		<http://ids.clld.org/parameters/6-480>		<http://ids.clld.org/values/6-480-198-1>		"laknā"@prg	
"luen.44"@huj	<http://ids.clld.org/values/1-710-406-1>		<http://ids.clld.org/parameters/1-710>		<http://ids.clld.org/values/1-710-198-1>		"vins"@prg	
"thaŋ.24"@huj	<http://ids.clld.org/values/20-640-406-1>		<http://ids.clld.org/parameters/20-640>		<http://ids.clld.org/values/20-640-198-1>		"tinklā"@prg	
"kəai.33"@huj	<http://ids.clld.org/values/3-550-406-1>		<http://ids.clld.org/parameters/3-550>		<http://ids.clld.org/values/3-550-198-1>		"gertist'an"@prg	
"ton.11 mai.43"@huj	<http://ids.clld.org/values/1-420-406-1>		<http://ids.clld.org/parameters/1-420>		<http://ids.clld.org/values/1-420-198-1>		"gar'an"@prg	
"xo.31 cə.44"@huj	<http://ids.clld.org/values/17-540-406-1>		<http://ids.clld.org/parameters/17-540>		<http://ids.clld.org/values/17-540-198-1>		"[ader]"@prg	
"jia.31 / me.44"@huj	<http://ids.clld.org/values/2-320-406-1>		<http://ids.clld.org/parameters/2-320>		<http://ids.clld.org/values/2-320-198-1>		"salūban"@prg	
"po.31 ma.43"@huj	<http://ids.clld.org/values/3-420-406-1>		<http://ids.clld.org/parameters/3-420>		<http://ids.clld.org/values/3-420-198-1>		"zirgis"@prg	
"xo.24"@huj	<http://ids.clld.org/values/8-250-406-1>		<http://ids.clld.org/parameters/8-250>		<http://ids.clld.org/values/8-250-198-1>		"kerslē"@prg	
"lən.44"@huj	<http://ids.clld.org/values/4-451-406-1>		<http://ids.clld.org/parameters/4-451>		<http://ids.clld.org/values/4-451-198-1>		"inkstē"@prg	
"sai.24 tiu.33"@huj	<http://ids.clld.org/values/6-570-406-1>		<http://ids.clld.org/parameters/6-570>		<http://ids.clld.org/values/6-570-198-1>		"savinzlē"@prg	
"lu.11 ʔa.44 liaŋ.33 ńi.44"@huj	<http://ids.clld.org/values/2-280-406-1>		<http://ids.clld.org/parameters/2-280>		<http://ids.clld.org/values/2-280-198-1>		"malnīkik[a]s"@prg	
"kau.33"@huj	<http://ids.clld.org/values/2-910-406-1>		<http://ids.clld.org/parameters/2-910>		<http://ids.clld.org/values/2-910-198-1>		"as"@prg	
"kaŋ.33 vɛan.44"@huj	<http://ids.clld.org/values/14-410-406-1>		<http://ids.clld.org/parameters/14-410>		<http://ids.clld.org/values/14-410-198-1>		"deinan"@prg	
"lin.33"@huj	<http://ids.clld.org/values/1-212-406-1>		<http://ids.clld.org/parameters/1-212>		<http://ids.clld.org/values/1-212-198-1>		"zemē"@prg	
"la.44"@huj	<http://ids.clld.org/values/3-460-406-1>		<http://ids.clld.org/parameters/3-460>		<http://ids.clld.org/values/3-460-198-1>		"[asilis]"@prg	
"sə.11 naŋ.24"@huj	<http://ids.clld.org/values/6-280-406-1>		<http://ids.clld.org/parameters/6-280>		<http://ids.clld.org/values/6-280-198-1>		"skārdā"@prg	
"tai.33"@huj	<http://ids.clld.org/values/4-750-406-1>		<http://ids.clld.org/parameters/4-750>		<http://ids.clld.org/values/4-750-198-1>		"aul'aút"@prg	
"naŋ.24 haŋ.11"@huj	<http://ids.clld.org/values/7-510-406-1>		<http://ids.clld.org/parameters/7-510>		<http://ids.clld.org/values/7-510-198-1>		"stāgis"@prg	
"mu.24 ćhie.11"@huj	<http://ids.clld.org/values/3-320-406-1>		<http://ids.clld.org/parameters/3-320>		<http://ids.clld.org/values/3-320-198-1>		"kuilis"@prg	
"lan.43"@huj	<http://ids.clld.org/values/1-310-406-1>		<http://ids.clld.org/parameters/1-310>		<http://ids.clld.org/values/1-310-198-1>		"(v)undas"@prg	
"kə.33"@huj	<http://ids.clld.org/values/5-810-406-1>		<http://ids.clld.org/parameters/5-810>		<http://ids.clld.org/values/5-810-198-1>		"sali (?)"@prg	
"śiu.44"@huj	<http://ids.clld.org/values/8-330-406-1>		<http://ids.clld.org/parameters/8-330>		<http://ids.clld.org/values/8-330-198-3>		"dālgis"@prg	
"śiu.44"@huj	<http://ids.clld.org/values/8-330-406-1>		<http://ids.clld.org/parameters/8-330>		<http://ids.clld.org/values/8-330-198-1>		"pyūklan"@prg	
"cau.43"@huj	<http://ids.clld.org/values/14-160-406-1>		<http://ids.clld.org/parameters/14-160>		<http://ids.clld.org/values/14-160-198-1>		"ankstainai"@prg	
"lai.31 hɛan.24"@huj	<http://ids.clld.org/values/15-510-406-1>		<http://ids.clld.org/parameters/15-510>		<http://ids.clld.org/values/15-510-198-1>		"vidā ~ vidē"@prg	
"cuai.31"@huj	<http://ids.clld.org/values/19-580-406-1>		<http://ids.clld.org/parameters/19-580>		<http://ids.clld.org/values/19-580-198-1>		"pagalbtan"@prg	
"sə.11 vəai.33"@huj	<http://ids.clld.org/values/6-410-406-1>		<http://ids.clld.org/parameters/6-410>		<http://ids.clld.org/values/6-410-198-1>		"pelkis"@prg	
"ho.24 ʔuak.33 ʔɛak.33"@huj	<http://ids.clld.org/values/4-203-406-1>		<http://ids.clld.org/parameters/4-203>		<http://ids.clld.org/values/4-203-198-1>		"muzgenā"@prg	
"naŋ.31"@huj	<http://ids.clld.org/values/4-120-406-1>		<http://ids.clld.org/parameters/4-120>		<http://ids.clld.org/values/4-120-198-1>		"k'autā"@prg	
"naŋ.31"@huj	<http://ids.clld.org/values/4-120-406-1>		<http://ids.clld.org/parameters/4-120>		<http://ids.clld.org/values/4-120-198-3>		"skārdā"@prg	
"ho.24 luk.43"@huj	<http://ids.clld.org/values/4-160-406-1>		<http://ids.clld.org/parameters/4-160>		<http://ids.clld.org/values/4-160-198-1>		"kaulan"@prg	
"śin.24"@huj	<http://ids.clld.org/values/6-360-406-1>		<http://ids.clld.org/parameters/6-360>		<http://ids.clld.org/values/6-360-198-1>		"aigulā"@prg	
"nuaŋ.24"@huj	<http://ids.clld.org/values/1-330-406-1>		<http://ids.clld.org/parameters/1-330>		<http://ids.clld.org/values/1-330-198-1>		"azaran"@prg	
"hu.44 chue.11"@huj	<http://ids.clld.org/values/7-250-406-1>		<http://ids.clld.org/parameters/7-250>		<http://ids.clld.org/values/7-250-198-1>		"lankstā"@prg	
"puet.44 khai.33"@huj	<http://ids.clld.org/values/12-240-406-3>		<http://ids.clld.org/parameters/12-240>		<http://ids.clld.org/values/12-240-198-1>		"atvér'a"@prg	
"po.31 kəai.33"@huj	<http://ids.clld.org/values/3-520-406-1>		<http://ids.clld.org/parameters/3-520>		<http://ids.clld.org/values/3-520-198-1>		"gertis"@prg	
"sən.11 li.11"@huj	<http://ids.clld.org/values/20-410-406-1>		<http://ids.clld.org/parameters/20-410>		<http://ids.clld.org/values/20-410-198-1>		"apvārēsnan"@prg	
"ju.11"@huj	<http://ids.clld.org/values/12-160-406-3>		<http://ids.clld.org/parameters/12-160>		<http://ids.clld.org/values/12-160-198-1>		"paláikt"@prg	
"məi.24"@huj	<http://ids.clld.org/values/1-760-406-1>		<http://ids.clld.org/parameters/1-760>		<http://ids.clld.org/values/1-760-198-1>		"snaigis"@prg	
"lie.31 mɨ.44"@huj	<http://ids.clld.org/values/4-344-406-1>		<http://ids.clld.org/parameters/4-344>		<http://ids.clld.org/values/4-344-198-1>		"nagutis"@prg	
"phən.24 ho.24"@huj	<http://ids.clld.org/values/4-140-406-1>		<http://ids.clld.org/parameters/4-140>		<http://ids.clld.org/values/4-140-198-1>		"skebelis"@prg	
"ko.11 jia.33"@huj	<http://ids.clld.org/values/19-110-406-1>		<http://ids.clld.org/parameters/19-110>		<http://ids.clld.org/values/19-110-198-1>		"zemē"@prg	
"ʔa.33 te.33 ʔa.33 mo.33"@huj	<http://ids.clld.org/values/2-370-406-1>		<http://ids.clld.org/parameters/2-370>		<http://ids.clld.org/values/2-370-198-1>		"vāraisins"@prg	
"sɨ̂.33 la.44"@huj	<http://ids.clld.org/values/3-710-406-1>		<http://ids.clld.org/parameters/3-710>		<http://ids.clld.org/values/3-710-198-1>		"vilkis"@prg	
"ńiaŋ.31 mɨ.44"@huj	<http://ids.clld.org/values/4-345-406-1>		<http://ids.clld.org/parameters/4-345>		<http://ids.clld.org/values/4-345-198-1>		"nagutis"@prg	
"hie.44 vai.43"@huj	<http://ids.clld.org/values/11-240-406-1>		<http://ids.clld.org/parameters/11-240>		<http://ids.clld.org/values/11-240-198-1>		"pakúnst"@prg	
"hak.11"@huj	<http://ids.clld.org/values/8-540-406-1>		<http://ids.clld.org/parameters/8-540>		<http://ids.clld.org/values/8-540-198-1>		"saknis"@prg	
"śi.31 tə.33 lai.33"@huj	<http://ids.clld.org/values/19-170-406-1>		<http://ids.clld.org/parameters/19-170>		<http://ids.clld.org/values/19-170-198-1>		"azī"@prg	
"ton.11 mai.43 xau.24"@huj	<http://ids.clld.org/values/8-630-406-1>		<http://ids.clld.org/parameters/8-630>		<http://ids.clld.org/values/8-630-198-1>		"berzē"@prg	
"vɛan.11"@huj	<http://ids.clld.org/values/19-160-406-1>		<http://ids.clld.org/parameters/19-160>		<http://ids.clld.org/values/19-160-198-1>		"kaimis"@prg	
"ʔiek.44 to.11"@huj	<http://ids.clld.org/values/13-160-406-1>		<http://ids.clld.org/parameters/13-160>		<http://ids.clld.org/values/13-160-198-1>		"tūl[i]s (?)"@prg	
"sə.11"@huj	<http://ids.clld.org/values/6-430-406-1>		<http://ids.clld.org/parameters/6-430>		<http://ids.clld.org/values/6-430-198-1>		"vilnis"@prg	
"phi.11 ćiu.44"@huj	<http://ids.clld.org/values/5-930-406-1>		<http://ids.clld.org/parameters/5-930>		<http://ids.clld.org/values/5-930-198-1>		"pīvis"@prg	
"xuen.24 ta.33"@huj	<http://ids.clld.org/values/4-212-406-1>		<http://ids.clld.org/parameters/4-212>		<http://ids.clld.org/values/4-212-198-1>		"bruvī"@prg	
"ho.24 hai.33 ńi.44"@huj	<http://ids.clld.org/values/14-140-406-1>		<http://ids.clld.org/parameters/14-140>		<http://ids.clld.org/values/14-140-198-1>		"maldans"@prg	
"kui.33"@huj	<http://ids.clld.org/values/8-970-406-1>		<http://ids.clld.org/parameters/8-970>		<http://ids.clld.org/values/8-970-198-1>		"nātis"@prg	
"sə.11 kan.33 nəai.44"@huj	<http://ids.clld.org/values/6-440-406-1>		<http://ids.clld.org/parameters/6-440>		<http://ids.clld.org/values/6-440-198-1>		"nurtvē"@prg	
"hən.44"@huj	<http://ids.clld.org/values/7-120-406-1>		<http://ids.clld.org/parameters/7-120>		<http://ids.clld.org/values/7-120-198-1>		"butas"@prg	
"nuaŋ.43 cai.44"@huj	<http://ids.clld.org/values/2-440-406-1>		<http://ids.clld.org/parameters/2-440>		<http://ids.clld.org/values/2-440-198-1>		"brātē"@prg	
"jaŋ.31 nai.24"@huj	<http://ids.clld.org/values/17-610-406-1>		<http://ids.clld.org/parameters/17-610>		<http://ids.clld.org/values/17-610-198-1>		"kai"@prg	
"lu.11 ʔa.33 cai.44"@huj	<http://ids.clld.org/values/2-251-406-1>		<http://ids.clld.org/parameters/2-251>		<http://ids.clld.org/values/2-251-198-1>		"maldai"@prg	
"vu.24 ńiŋ.44"@huj	<http://ids.clld.org/values/13-0-406-1>		<http://ids.clld.org/parameters/13-0>		<http://ids.clld.org/values/13-0-198-1>		"niainunt[a]s"@prg	
"səai.24"@huj	<http://ids.clld.org/values/15-860-406-3>		<http://ids.clld.org/parameters/15-860>		<http://ids.clld.org/values/15-860-198-1>		"salta"@prg	
"lau.33"@huj	<http://ids.clld.org/values/1-540-406-1>		<http://ids.clld.org/parameters/1-540>		<http://ids.clld.org/values/1-540-198-1>		"lauksnās"@prg	
"suet.31"@huj	<http://ids.clld.org/values/4-240-406-1>		<http://ids.clld.org/parameters/4-240>		<http://ids.clld.org/values/4-240-198-1>		"austā"@prg	
"pu.44 jia.31"@huj	<http://ids.clld.org/values/2-340-406-1>		<http://ids.clld.org/parameters/2-340>		<http://ids.clld.org/values/2-340-198-1>		"salūbsna"@prg	
"xəai.24 ləŋ.24"@huj	<http://ids.clld.org/values/5-890-406-1>		<http://ids.clld.org/parameters/5-890>		<http://ids.clld.org/values/5-890-198-1>		"anktan"@prg	
"chəai.31"@huj	<http://ids.clld.org/values/17-550-406-1>		<http://ids.clld.org/parameters/17-550>		<http://ids.clld.org/values/17-550-198-1>		"[ya]"@prg	
"sai.11"@huj	<http://ids.clld.org/values/5-630-406-1>		<http://ids.clld.org/parameters/5-630>		<http://ids.clld.org/values/5-630-198-1>		"lait'an or yalit'an"@prg	
"śi.33 ćhi.33 sɛ.33"@huj	<http://ids.clld.org/values/14-650-406-1>		<http://ids.clld.org/parameters/14-650>		<http://ids.clld.org/values/14-650-198-1>		"pusisavaitē"@prg	
"sə.11 kan.33 nuak.11"@huj	<http://ids.clld.org/values/6-430-406-3>		<http://ids.clld.org/parameters/6-430>		<http://ids.clld.org/values/6-430-198-1>		"vilnis"@prg	
"na.11 tau.33"@huj	<http://ids.clld.org/values/7-170-406-1>		<http://ids.clld.org/parameters/7-170>		<http://ids.clld.org/values/7-170-198-1>		"kukārē"@prg	
"hit.11 sɨ.43 xai.24"@huj	<http://ids.clld.org/values/11-830-406-1>		<http://ids.clld.org/parameters/11-830>		<http://ids.clld.org/values/11-830-198-1>		"káupiskan"@prg	
"ko.11 mə.31 vɛan.44"@huj	<http://ids.clld.org/values/4-740-406-3>		<http://ids.clld.org/parameters/4-740>		<http://ids.clld.org/values/4-740-198-1>		"gīvas"@prg	
"lɛan.24 cai.44"@huj	<http://ids.clld.org/values/2-530-406-1>		<http://ids.clld.org/parameters/2-530>		<http://ids.clld.org/values/2-530-198-1>		"sūnavis"@prg	
"nə.43 mai.11"@huj	<http://ids.clld.org/values/4-841-406-1>		<http://ids.clld.org/parameters/4-841>		<http://ids.clld.org/values/4-841-198-1>		"enāiss"@prg	
"ʔau.33 vu.11 cun.44"@huj	<http://ids.clld.org/values/17-430-406-1>		<http://ids.clld.org/parameters/17-430>		<http://ids.clld.org/values/17-430-198-1>		"dvigubāt"@prg	
"faŋ.11 hən.44"@huj	<http://ids.clld.org/values/20-471-406-3>		<http://ids.clld.org/parameters/20-471>		<http://ids.clld.org/values/20-471-198-1>		"*-sargs"@prg	
"nau.24"@huj	<http://ids.clld.org/values/15-860-406-1>		<http://ids.clld.org/parameters/15-860>		<http://ids.clld.org/values/15-860-198-1>		"salta"@prg	
"ńiŋ.44 vian.11"@huj	<http://ids.clld.org/values/11-510-406-1>		<http://ids.clld.org/parameters/11-510>		<http://ids.clld.org/values/11-510-198-1>		"láims"@prg	
"coŋ.33 thəu.11"@huj	<http://ids.clld.org/values/14-510-406-1>		<http://ids.clld.org/parameters/14-510>		<http://ids.clld.org/values/14-510-198-1>		"stúndiks"@prg	
"faŋ.24"@huj	<http://ids.clld.org/values/4-780-406-1>		<http://ids.clld.org/parameters/4-780>		<http://ids.clld.org/values/4-780-198-1>		"*enkapti"@prg	
"ʔɛak.24 tin.33"@huj	<http://ids.clld.org/values/4-371-406-1>		<http://ids.clld.org/parameters/4-371>		<http://ids.clld.org/values/4-371-198-1>		"kulnis"@prg	
"ləaŋ.43"@huj	<http://ids.clld.org/values/12-670-406-1>		<http://ids.clld.org/parameters/12-670>		<http://ids.clld.org/values/12-670-198-1>		"gilin"@prg	
"ćin.33"@huj	<http://ids.clld.org/values/3-290-406-1>		<http://ids.clld.org/parameters/3-290>		<http://ids.clld.org/values/3-290-198-1>		"ērist'an"@prg	
"pat.11 tu.33"@huj	<http://ids.clld.org/values/7-220-406-1>		<http://ids.clld.org/parameters/7-220>		<http://ids.clld.org/values/7-220-198-1>		"vartā"@prg	
"chən.31 jən.24"@huj	<http://ids.clld.org/values/18-330-406-1>		<http://ids.clld.org/parameters/18-330>		<http://ids.clld.org/values/18-330-198-1>		"grēkaut"@prg	
"sai.11"@huj	<http://ids.clld.org/values/4-461-406-1>		<http://ids.clld.org/parameters/4-461>		<http://ids.clld.org/values/4-461-198-1>		"grābis"@prg	
"ko.11"@huj	<http://ids.clld.org/values/3-585-406-1>		<http://ids.clld.org/parameters/3-585>		<http://ids.clld.org/values/3-585-198-1>		"[falks]"@prg	
"xa.24"@huj	<http://ids.clld.org/values/4-350-406-1>		<http://ids.clld.org/parameters/4-350>		<http://ids.clld.org/values/4-350-198-1>		"nagē"@prg	
"ca.43"@huj	<http://ids.clld.org/values/16-720-406-1>		<http://ids.clld.org/parameters/16-720>		<http://ids.clld.org/values/16-720-198-1>		"vargs"@prg	
"ju.44 thəai.33"@huj	<http://ids.clld.org/values/17-660-406-1>		<http://ids.clld.org/parameters/17-660>		<http://ids.clld.org/values/17-660-198-1>		"kvei"@prg	
"su.24"@huj	<http://ids.clld.org/values/2-950-406-1>		<http://ids.clld.org/parameters/2-950>		<http://ids.clld.org/values/2-950-198-1>		"yūs"@prg	
"loŋ.31"@huj	<http://ids.clld.org/values/7-420-406-1>		<http://ids.clld.org/parameters/7-420>		<http://ids.clld.org/values/7-420-198-1>		"lastā"@prg	
"cit.11"@huj	<http://ids.clld.org/values/9-240-406-1>		<http://ids.clld.org/parameters/9-240>		<http://ids.clld.org/values/9-240-198-1>		"skrundus"@prg	
"khau.11 suŋ.44"@huj	<http://ids.clld.org/values/8-440-406-1>		<http://ids.clld.org/parameters/8-440>		<http://ids.clld.org/values/8-440-198-1>		"māzis"@prg	
"ho.24 ʔok.11"@huj	<http://ids.clld.org/values/4-400-406-1>		<http://ids.clld.org/parameters/4-400>		<http://ids.clld.org/values/4-400-198-1>		"kraklan"@prg	
"śiaŋ.11"@huj	<http://ids.clld.org/values/17-130-406-1>		<http://ids.clld.org/parameters/17-130>		<http://ids.clld.org/values/17-130-198-1>		"pamērīt"@prg	
"pɛan.11 mai.43"@huj	<http://ids.clld.org/values/7-570-406-1>		<http://ids.clld.org/parameters/7-570>		<http://ids.clld.org/values/7-570-198-1>		"lubā"@prg	
"va.33"@huj	<http://ids.clld.org/values/4-300-406-1>		<http://ids.clld.org/parameters/4-300>		<http://ids.clld.org/values/4-300-198-1>		"petē"@prg	
"juaŋ.33 məi.44"@huj	<http://ids.clld.org/values/16-690-406-1>		<http://ids.clld.org/parameters/16-690>		<http://ids.clld.org/values/16-690-198-1>		"atvérpt"@prg	
"lu.11 ʔa.44 liaŋ.33"@huj	<http://ids.clld.org/values/2-270-406-1>		<http://ids.clld.org/parameters/2-270>		<http://ids.clld.org/values/2-270-198-1>		"malnīk[a]s"@prg	
"vu.11 ńiŋ.44 cui.11"@huj	<http://ids.clld.org/values/21-360-406-1>		<http://ids.clld.org/parameters/21-360>		<http://ids.clld.org/values/21-360-198-1>		"nivinautan"@prg	
"vi.24"@huj	<http://ids.clld.org/values/6-910-406-1>		<http://ids.clld.org/parameters/6-910>		<http://ids.clld.org/values/6-910-198-1>		"kāisnis"@prg	
"pi.44"@huj	<http://ids.clld.org/values/4-250-406-1>		<http://ids.clld.org/parameters/4-250>		<http://ids.clld.org/values/4-250-198-1>		"varsus"@prg	
"khau.11 phɛan.33"@huj	<http://ids.clld.org/values/5-510-406-1>		<http://ids.clld.org/parameters/5-510>		<http://ids.clld.org/values/5-510-198-1>		"geitis"@prg	
"lan.43 phəaŋ.11"@huj	<http://ids.clld.org/values/5-840-406-1>		<http://ids.clld.org/parameters/5-840>		<http://ids.clld.org/values/5-840-198-1>		"medu"@prg	
"naŋ.31"@huj	<http://ids.clld.org/values/4-110-406-1>		<http://ids.clld.org/parameters/4-110>		<http://ids.clld.org/values/4-110-198-1>		"kérmens"@prg	
"pe.43"@huj	<http://ids.clld.org/values/3-360-406-1>		<http://ids.clld.org/parameters/3-360>		<http://ids.clld.org/values/3-360-198-1>		"(v)āzē"@prg	
"xəa.44"@huj	<http://ids.clld.org/values/9-640-406-1>		<http://ids.clld.org/parameters/9-640>		<http://ids.clld.org/values/9-640-198-1>		"ausis"@prg	
"vu.44 ta.33"@huj	<http://ids.clld.org/values/4-210-406-1>		<http://ids.clld.org/parameters/4-210>		<http://ids.clld.org/values/4-210-198-1>		"akis"@prg	
"ʔai.33"@huj	<http://ids.clld.org/values/16-270-406-1>		<http://ids.clld.org/parameters/16-270>		<http://ids.clld.org/values/16-270-198-1>		"mīlēt"@prg	
"fon.24 kiat.11 tin.33"@huj	<http://ids.clld.org/values/6-540-406-1>		<http://ids.clld.org/parameters/6-540>		<http://ids.clld.org/values/6-540-198-1>		"s̆uvikis"@prg	
"khun.24"@huj	<http://ids.clld.org/values/15-370-406-1>		<http://ids.clld.org/parameters/15-370>		<http://ids.clld.org/values/15-370-198-1>		"kártai"@prg	
"sai.24 vɛan.44"@huj	<http://ids.clld.org/values/1-610-406-1>		<http://ids.clld.org/parameters/1-610>		<http://ids.clld.org/values/1-610-198-3>		"sváikstan"@prg	
"sai.24 vɛan.44"@huj	<http://ids.clld.org/values/1-610-406-1>		<http://ids.clld.org/parameters/1-610>		<http://ids.clld.org/values/1-610-198-1>		"zváikstan"@prg	
"lai.44 ce.11"@huj	<http://ids.clld.org/values/18-260-406-1>		<http://ids.clld.org/parameters/18-260>		<http://ids.clld.org/values/18-260-198-1>		"vírd[a]s"@prg	
"chən.44 fa.11"@huj	<http://ids.clld.org/values/21-370-406-1>		<http://ids.clld.org/parameters/21-370>		<http://ids.clld.org/values/21-370-198-1>		"súndan"@prg	
"məai.44"@huj	<http://ids.clld.org/values/2-920-406-1>		<http://ids.clld.org/parameters/2-920>		<http://ids.clld.org/values/2-920-198-1>		"tū"@prg	
"nə.24 lin.33"@huj	<http://ids.clld.org/values/7-260-406-3>		<http://ids.clld.org/parameters/7-260>		<http://ids.clld.org/values/7-260-198-1>		"talus"@prg	
"taŋ.11 ji.44 cɨ̂.33"@huj	<http://ids.clld.org/values/7-430-406-1>		<http://ids.clld.org/parameters/7-430>		<http://ids.clld.org/values/7-430-198-1>		"klumpis"@prg	
"hie.31"@huj	<http://ids.clld.org/values/18-210-406-1>		<http://ids.clld.org/parameters/18-210>		<http://ids.clld.org/values/18-210-198-1>		"gérbt"@prg	
"kui.33"@huj	<http://ids.clld.org/values/6-230-406-1>		<http://ids.clld.org/parameters/6-230>		<http://ids.clld.org/values/6-230-198-1>		"linā"@prg	
"ju.44 ka.33 tai.11"@huj	<http://ids.clld.org/values/12-70-406-1>		<http://ids.clld.org/parameters/12-70>		<http://ids.clld.org/values/12-70-198-1>		"pā"@prg	
"kɛ.44 cɨ̂.33"@huj	<http://ids.clld.org/values/20-260-406-1>		<http://ids.clld.org/parameters/20-260>		<http://ids.clld.org/values/20-260-198-1>		"kel'an"@prg	
"luk.43 khaŋ.11"@huj	<http://ids.clld.org/values/4-162-406-1>		<http://ids.clld.org/parameters/4-162>		<http://ids.clld.org/values/4-162-198-1>		"gravē"@prg	
"ńi.44"@huj	<http://ids.clld.org/values/12-560-406-1>		<http://ids.clld.org/parameters/12-560>		<http://ids.clld.org/values/12-560-198-1>		"likuts"@prg	
"nəŋ.24"@huj	<http://ids.clld.org/values/10-110-406-1>		<http://ids.clld.org/parameters/10-110>		<http://ids.clld.org/values/10-110-198-1>		"pabanginuns"@prg	
"hu.24 laŋ.33"@huj	<http://ids.clld.org/values/4-230-406-1>		<http://ids.clld.org/parameters/4-230>		<http://ids.clld.org/values/4-230-198-1>		"nāsī"@prg	
"fai.33 fəai.44"@huj	<http://ids.clld.org/values/1-860-406-1>		<http://ids.clld.org/parameters/1-860>		<http://ids.clld.org/values/1-860-198-1>		"ankaitītai"@prg	
"ʔuen.33 taŋ.44"@huj	<http://ids.clld.org/values/10-640-406-1>		<http://ids.clld.org/parameters/10-640>		<http://ids.clld.org/values/10-640-198-1>		"vest[vei]"@prg	
"ʔaŋ.11 kha.24 la.44"@huj	<http://ids.clld.org/values/3-960-406-1>		<http://ids.clld.org/parameters/3-960>		<http://ids.clld.org/values/3-960-198-1>		"estureitā"@prg	
"phɛ.33"@huj	<http://ids.clld.org/values/21-160-406-1>		<http://ids.clld.org/parameters/21-160>		<http://ids.clld.org/values/21-160-198-1>		"līgint"@prg	
"śi.44"@huj	<http://ids.clld.org/values/12-570-406-1>		<http://ids.clld.org/parameters/12-570>		<http://ids.clld.org/values/12-570-198-1>		"ilga"@prg	
"khəŋ.24"@huj	<http://ids.clld.org/values/5-470-406-1>		<http://ids.clld.org/parameters/5-470>		<http://ids.clld.org/values/5-470-198-1>		"saitan"@prg	
"xo.44"@huj	<http://ids.clld.org/values/4-280-406-1>		<http://ids.clld.org/parameters/4-280>		<http://ids.clld.org/values/4-280-198-1>		"vinzus"@prg	
"mo.11 phe.11"@huj	<http://ids.clld.org/values/5-280-406-1>		<http://ids.clld.org/parameters/5-280>		<http://ids.clld.org/values/5-280-198-1>		"panevkā"@prg	
"xuak.11 ma.43"@huj	<http://ids.clld.org/values/3-190-406-1>		<http://ids.clld.org/parameters/3-190>		<http://ids.clld.org/values/3-190-198-1>		"[staldis]"@prg	
"ləaŋ.31"@huj	<http://ids.clld.org/values/13-10-406-1>		<http://ids.clld.org/parameters/13-10>		<http://ids.clld.org/values/13-10-198-1>		"ains"@prg	
"khəai.31 nau.24"@huj	<http://ids.clld.org/values/4-843-406-1>		<http://ids.clld.org/parameters/4-843>		<http://ids.clld.org/values/4-843-198-1>		"velgen"@prg	
"khəai.31 nau.24"@huj	<http://ids.clld.org/values/4-843-406-1>		<http://ids.clld.org/parameters/4-843>		<http://ids.clld.org/values/4-843-198-3>		"velgan"@prg	
"lai.11"@huj	<http://ids.clld.org/values/11-160-406-1>		<http://ids.clld.org/parameters/11-160>		<http://ids.clld.org/values/11-160-198-1>		"pagaút"@prg	
"phe.44"@huj	<http://ids.clld.org/values/6-250-406-1>		<http://ids.clld.org/parameters/6-250>		<http://ids.clld.org/values/6-250-198-1>		"silkasdrimbis"@prg	
"phaŋ.11"@huj	<http://ids.clld.org/values/3-820-406-1>		<http://ids.clld.org/parameters/3-820>		<http://ids.clld.org/values/3-820-198-1>		"bitē"@prg	
"pəi.11 phan.11"@huj	<http://ids.clld.org/values/17-441-406-1>		<http://ids.clld.org/parameters/17-441>		<http://ids.clld.org/values/17-441-198-1>		"pravilā"@prg	
"hən.44"@huj	<http://ids.clld.org/values/7-210-406-1>		<http://ids.clld.org/parameters/7-210>		<http://ids.clld.org/values/7-210-198-1>		"kamerkā"@prg	
"luai.33 hui.11"@huj	<http://ids.clld.org/values/1-240-406-1>		<http://ids.clld.org/parameters/1-240>		<http://ids.clld.org/values/1-240-198-3>		"padaubis"@prg	
"luai.33 hui.11"@huj	<http://ids.clld.org/values/1-240-406-1>		<http://ids.clld.org/parameters/1-240>		<http://ids.clld.org/values/1-240-198-1>		"lindan"@prg	
"śi.24"@huj	<http://ids.clld.org/values/9-690-406-1>		<http://ids.clld.org/parameters/9-690>		<http://ids.clld.org/values/9-690-198-1>		"skarstis"@prg	
"ʔai.33"@huj	<http://ids.clld.org/values/16-450-406-1>		<http://ids.clld.org/parameters/16-450>		<http://ids.clld.org/values/16-450-198-1>		"gēdan"@prg	
"tau.33 fəai.44"@huj	<http://ids.clld.org/values/7-320-406-1>		<http://ids.clld.org/parameters/7-320>		<http://ids.clld.org/values/7-320-198-1>		"stabnī"@prg	
"fəai.44 ciat.11"@huj	<http://ids.clld.org/values/1-820-406-1>		<http://ids.clld.org/parameters/1-820>		<http://ids.clld.org/values/1-820-198-1>		"lāpis"@prg	
"cuai.31 kon.44"@huj	<http://ids.clld.org/values/19-430-406-1>		<http://ids.clld.org/parameters/19-430>		<http://ids.clld.org/values/19-430-198-1>		"slūznikā"@prg	
"fi.11 khai.33"@huj	<http://ids.clld.org/values/12-230-406-1>		<http://ids.clld.org/parameters/12-230>		<http://ids.clld.org/values/12-230-198-1>		"sklaitint"@prg	
"nuen.44"@huj	<http://ids.clld.org/values/4-610-406-1>		<http://ids.clld.org/parameters/4-610>		<http://ids.clld.org/values/4-610-198-1>		"meikti"@prg	
"ʔa.33 nai.33"@huj	<http://ids.clld.org/values/2-470-406-1>		<http://ids.clld.org/parameters/2-470>		<http://ids.clld.org/values/2-470-198-1>		"anē"@prg	
"pa.33 jien.33"@huj	<http://ids.clld.org/values/3-665-406-1>		<http://ids.clld.org/parameters/3-665>		<http://ids.clld.org/values/3-665-198-1>		"anguris"@prg	
"hie.11 mɛai.11"@huj	<http://ids.clld.org/values/16-670-406-1>		<http://ids.clld.org/parameters/16-670>		<http://ids.clld.org/values/16-670-198-1>		"mént'ama"@prg	
"ti.33 ńia.11"@huj	<http://ids.clld.org/values/3-160-406-1>		<http://ids.clld.org/parameters/3-160>		<http://ids.clld.org/values/3-160-198-1>		"spar'us"@prg	
"li.33 ko.33"@huj	<http://ids.clld.org/values/16-530-406-1>		<http://ids.clld.org/parameters/16-530>		<http://ids.clld.org/values/16-530-198-1>		"bi[y]āsnan"@prg	
"puak.11 ke.33"@huj	<http://ids.clld.org/values/12-770-406-1>		<http://ids.clld.org/parameters/12-770>		<http://ids.clld.org/values/12-770-198-1>		"skrīsin"@prg	
"mɛan.44"@huj	<http://ids.clld.org/values/2-930-406-1>		<http://ids.clld.org/parameters/2-930>		<http://ids.clld.org/values/2-930-198-3>		"tanā"@prg	
"mɛan.44"@huj	<http://ids.clld.org/values/2-930-406-1>		<http://ids.clld.org/parameters/2-930>		<http://ids.clld.org/values/2-930-198-1>		"tan[a]s"@prg	
"vu.11 ćin.33 khau.11"@huj	<http://ids.clld.org/values/22-260-406-1>		<http://ids.clld.org/parameters/22-260>		<http://ids.clld.org/values/22-260-198-1>		"pastautun"@prg	
"po.31 pe.43"@huj	<http://ids.clld.org/values/3-260-406-1>		<http://ids.clld.org/parameters/3-260>		<http://ids.clld.org/values/3-260-198-1>		"avins"@prg	
"tin.33 cɨ̂.44"@huj	<http://ids.clld.org/values/9-500-406-1>		<http://ids.clld.org/parameters/9-500>		<http://ids.clld.org/values/9-500-198-1>		"kramtis"@prg	
"ńiŋ.44"@huj	<http://ids.clld.org/values/11-110-406-1>		<http://ids.clld.org/parameters/11-110>		<http://ids.clld.org/values/11-110-198-1>		"turēt[vei]"@prg	
"hɛaŋ.11"@huj	<http://ids.clld.org/values/15-840-406-1>		<http://ids.clld.org/parameters/15-840>		<http://ids.clld.org/values/15-840-198-1>		"sausan"@prg	
"ho.24 me.31 mɨ.44"@huj	<http://ids.clld.org/values/4-342-406-1>		<http://ids.clld.org/parameters/4-342>		<http://ids.clld.org/values/4-342-198-1>		"instiks"@prg	
"lan.43 hui.11"@huj	<http://ids.clld.org/values/1-360-406-1>		<http://ids.clld.org/parameters/1-360>		<http://ids.clld.org/values/1-360-198-1>		"apē"@prg	
"fuaŋ.31 kon.44"@huj	<http://ids.clld.org/values/22-240-406-1>		<http://ids.clld.org/parameters/22-240>		<http://ids.clld.org/values/22-240-198-1>		"perklantīt"@prg	
"ju.44 nai.11"@huj	<http://ids.clld.org/values/12-10-406-1>		<http://ids.clld.org/parameters/12-10>		<http://ids.clld.org/values/12-10-198-1>		"pā"@prg	
"ton.11"@huj	<http://ids.clld.org/values/20-340-406-1>		<http://ids.clld.org/parameters/20-340>		<http://ids.clld.org/values/20-340-198-1>		"skaitan"@prg	
"li.33"@huj	<http://ids.clld.org/values/16-230-406-1>		<http://ids.clld.org/parameters/16-230>		<http://ids.clld.org/values/16-230-198-1>		"[vesals]"@prg	
"mə.31 vɛan.44"@huj	<http://ids.clld.org/values/14-110-406-1>		<http://ids.clld.org/parameters/14-110>		<http://ids.clld.org/values/14-110-198-3>		"kérdan"@prg	
"mə.31 vɛan.44"@huj	<http://ids.clld.org/values/14-110-406-1>		<http://ids.clld.org/parameters/14-110>		<http://ids.clld.org/values/14-110-198-1>		"kīsman"@prg	
"cuen.44 pai.33"@huj	<http://ids.clld.org/values/10-520-406-1>		<http://ids.clld.org/parameters/10-520>		<http://ids.clld.org/values/10-520-198-1>		"rīpaite"@prg	
"xən.24"@huj	<http://ids.clld.org/values/16-110-406-1>		<http://ids.clld.org/parameters/16-110>		<http://ids.clld.org/values/16-110-198-1>		"nāseilis"@prg	
"chəai.31"@huj	<http://ids.clld.org/values/17-370-406-1>		<http://ids.clld.org/parameters/17-370>		<http://ids.clld.org/values/17-370-198-1>		"tikr[a]s"@prg	
"li.43"@huj	<http://ids.clld.org/values/4-260-406-1>		<http://ids.clld.org/parameters/4-260>		<http://ids.clld.org/values/4-260-198-1>		"inzuvis"@prg	
"fəai.44 fən.44"@huj	<http://ids.clld.org/values/1-880-406-1>		<http://ids.clld.org/parameters/1-880>		<http://ids.clld.org/values/1-880-198-1>		"malkā"@prg	
"chə.33"@huj	<http://ids.clld.org/values/10-750-406-1>		<http://ids.clld.org/parameters/10-750>		<http://ids.clld.org/values/10-750-198-1>		"abazus"@prg	
"hu.31 ciak.11"@huj	<http://ids.clld.org/values/17-160-406-1>		<http://ids.clld.org/parameters/17-160>		<http://ids.clld.org/values/17-160-198-1>		"isprastun"@prg	
"coŋ.44 sɨ̂.31"@huj	<http://ids.clld.org/values/14-310-406-1>		<http://ids.clld.org/parameters/14-310>		<http://ids.clld.org/values/14-310-198-1>		"ainat"@prg	
"ći.33 tui.24"@huj	<http://ids.clld.org/values/20-150-406-1>		<http://ids.clld.org/parameters/20-150>		<http://ids.clld.org/values/20-150-198-1>		"karis"@prg	
"ju.44 ńi.44 nai.11"@huj	<http://ids.clld.org/values/12-50-406-1>		<http://ids.clld.org/parameters/12-50>		<http://ids.clld.org/values/12-50-198-1>		"en"@prg	
"h��an.24"@huj	<http://ids.clld.org/values/12-150-406-1>		<http://ids.clld.org/parameters/12-150>		<http://ids.clld.org/values/12-150-198-1>		"stalēt"@prg	
"ʔau.33 hai.11 hɛ.44"@huj	<http://ids.clld.org/values/15-550-406-3>		<http://ids.clld.org/parameters/15-550>		<http://ids.clld.org/values/15-550-198-1>		"vaidina"@prg	
"nə.43"@huj	<http://ids.clld.org/values/4-130-406-1>		<http://ids.clld.org/parameters/4-130>		<http://ids.clld.org/values/4-130-198-1>		"mensā"@prg	
"mai.33"@huj	<http://ids.clld.org/values/14-130-406-1>		<http://ids.clld.org/parameters/14-130>		<http://ids.clld.org/values/14-130-198-1>		"nauns"@prg	
"to.33"@huj	<http://ids.clld.org/values/3-823-406-1>		<http://ids.clld.org/parameters/3-823>		<http://ids.clld.org/values/3-823-198-1>		"vapsē"@prg	
"hɛan.33"@huj	<http://ids.clld.org/values/3-560-406-1>		<http://ids.clld.org/parameters/3-560>		<http://ids.clld.org/values/3-560-198-1>		"zansī"@prg	
"liaŋ.33"@huj	<http://ids.clld.org/values/15-660-406-1>		<http://ids.clld.org/parameters/15-660>		<http://ids.clld.org/values/15-660-198-1>		"varminan"@prg	
"mu.24"@huj	<http://ids.clld.org/values/3-350-406-1>		<http://ids.clld.org/parameters/3-350>		<http://ids.clld.org/values/3-350-198-1>		"parst'an"@prg	
"pu.31 thə.33"@huj	<http://ids.clld.org/values/20-610-406-1>		<http://ids.clld.org/parameters/20-610>		<http://ids.clld.org/values/20-610-198-1>		"mediyas"@prg	
"ləŋ.24"@huj	<http://ids.clld.org/values/15-690-406-1>		<http://ids.clld.org/parameters/15-690>		<http://ids.clld.org/values/15-690-198-1>		"geltainan"@prg	
"ho.24 loŋ.24"@huj	<http://ids.clld.org/values/19-320-406-1>		<http://ids.clld.org/parameters/19-320>		<http://ids.clld.org/values/19-320-198-1>		"kunagis"@prg	
"tən.33 lu.43 ma.44"@huj	<http://ids.clld.org/values/4-630-406-1>		<http://ids.clld.org/parameters/4-630>		<http://ids.clld.org/values/4-630-198-1>		"*atbaudint"@prg	
"fa.43 lin.33"@huj	<http://ids.clld.org/values/1-100-406-3>		<http://ids.clld.org/parameters/1-100>		<http://ids.clld.org/values/1-100-198-1>		"svētā"@prg	
"hai.33"@huj	<http://ids.clld.org/values/14-730-406-1>		<http://ids.clld.org/parameters/14-730>		<http://ids.clld.org/values/14-730-198-1>		"metan"@prg	
"miŋ.11 lin.11"@huj	<http://ids.clld.org/values/19-450-406-1>		<http://ids.clld.org/parameters/19-450>		<http://ids.clld.org/values/19-450-198-1>		"laipinā"@prg	
"chə.33 luen.31"@huj	<http://ids.clld.org/values/10-760-406-1>		<http://ids.clld.org/parameters/10-760>		<http://ids.clld.org/values/10-760-198-1>		"kelan"@prg	
"lai.11 ńiŋ.44"@huj	<http://ids.clld.org/values/15-410-406-1>		<http://ids.clld.org/parameters/15-410>		<http://ids.clld.org/values/15-410-198-3>		"klausītun"@prg	
"lai.11 ńiŋ.44"@huj	<http://ids.clld.org/values/15-410-406-1>		<http://ids.clld.org/parameters/15-410>		<http://ids.clld.org/values/15-410-198-1>		"kirdē̈t[vei]"@prg	
"kon.44 hau.44"@huj	<http://ids.clld.org/values/19-210-406-1>		<http://ids.clld.org/parameters/19-210>		<http://ids.clld.org/values/19-210-198-1>		"amzin"@prg	
"ʔi.44 pian.33"@huj	<http://ids.clld.org/values/4-352-406-1>		<http://ids.clld.org/parameters/4-352>		<http://ids.clld.org/values/4-352-198-1>		"ikrā"@prg	
"vu.44 ćhi.24"@huj	<http://ids.clld.org/values/20-210-406-1>		<http://ids.clld.org/parameters/20-210>		<http://ids.clld.org/values/20-210-198-1>		"sarvis"@prg	
"cau.11 hən.44"@huj	<http://ids.clld.org/values/19-410-406-1>		<http://ids.clld.org/parameters/19-410>		<http://ids.clld.org/values/19-410-198-1>		"mistran"@prg	
"lo.11"@huj	<http://ids.clld.org/values/3-470-406-1>		<http://ids.clld.org/parameters/3-470>		<http://ids.clld.org/values/3-470-198-1>		"vel(u)blundis"@prg	
"khə.31 saŋ.24 sɨ̂.31 həu.24"@huj	<http://ids.clld.org/values/17-650-406-1>		<http://ids.clld.org/parameters/17-650>		<http://ids.clld.org/values/17-650-198-1>		"kadan"@prg	
"ti.44 lin.33"@huj	<http://ids.clld.org/values/7-260-406-1>		<http://ids.clld.org/parameters/7-260>		<http://ids.clld.org/values/7-260-198-1>		"talus"@prg	
"cik.11"@huj	<http://ids.clld.org/values/16-310-406-1>		<http://ids.clld.org/parameters/16-310>		<http://ids.clld.org/values/16-310-198-1>		"gulsenin"@prg	
"ʔuak.33 ʔɛak.24"@huj	<http://ids.clld.org/values/17-110-406-1>		<http://ids.clld.org/parameters/17-110>		<http://ids.clld.org/values/17-110-198-1>		"isprasnā"@prg	
"po.31 ho.24"@huj	<http://ids.clld.org/values/22-170-406-1>		<http://ids.clld.org/parameters/22-170>		<http://ids.clld.org/values/22-170-198-1>		"madlīt"@prg	
"piaŋ.44"@huj	<http://ids.clld.org/values/11-880-406-1>		<http://ids.clld.org/parameters/11-880>		<http://ids.clld.org/values/11-880-198-1>		"témpran"@prg	
"chə.33 cu.31"@huj	<http://ids.clld.org/values/10-770-406-1>		<http://ids.clld.org/parameters/10-770>		<http://ids.clld.org/values/10-770-198-1>		"asis"@prg	
"khəai.33"@huj	<http://ids.clld.org/values/5-970-406-1>		<http://ids.clld.org/parameters/5-970>		<http://ids.clld.org/values/5-970-198-1>		"paute"@prg	
"cən.11"@huj	<http://ids.clld.org/values/19-150-406-3>		<http://ids.clld.org/parameters/19-150>		<http://ids.clld.org/values/19-150-198-1>		"mēstan"@prg	
"fa.43 miet.11"@huj	<http://ids.clld.org/values/1-550-406-1>		<http://ids.clld.org/parameters/1-550>		<http://ids.clld.org/values/1-550-198-1>		"mēldē"@prg	
"ńiu.43 mɨ.44"@huj	<http://ids.clld.org/values/4-340-406-1>		<http://ids.clld.org/parameters/4-340>		<http://ids.clld.org/values/4-340-198-1>		"pirstan"@prg	
"lu.11 cai.44"@huj	<http://ids.clld.org/values/2-250-406-1>		<http://ids.clld.org/parameters/2-250>		<http://ids.clld.org/values/2-250-198-1>		"malnīk[a]s"@prg	
"nə.24 na.11"@huj	<http://ids.clld.org/values/4-208-406-1>		<http://ids.clld.org/parameters/4-208>		<http://ids.clld.org/values/4-208-198-1>		"laiknan"@prg	
"po.31 pe.43"@huj	<http://ids.clld.org/values/3-370-406-1>		<http://ids.clld.org/parameters/3-370>		<http://ids.clld.org/values/3-370-198-1>		"(v)āzuks"@prg	
"me.31 vu.44"@huj	<http://ids.clld.org/values/3-230-406-1>		<http://ids.clld.org/parameters/3-230>		<http://ids.clld.org/values/3-230-198-1>		"klentē"@prg	
"choŋ.31 lai.31 vu.24"@huj	<http://ids.clld.org/values/14-340-406-1>		<http://ids.clld.org/parameters/14-340>		<http://ids.clld.org/values/14-340-198-1>		"nikveigi"@prg	
"khau.11 na.43"@huj	<http://ids.clld.org/values/5-120-406-1>		<http://ids.clld.org/parameters/5-120>		<http://ids.clld.org/values/5-120-198-1>		"ēdā"@prg	
"paŋ.11"@huj	<http://ids.clld.org/values/4-452-406-1>		<http://ids.clld.org/parameters/4-452>		<http://ids.clld.org/values/4-452-198-1>		"bluznē"@prg	
"mit.11"@huj	<http://ids.clld.org/values/5-380-406-1>		<http://ids.clld.org/parameters/5-380>		<http://ids.clld.org/values/5-380-198-1>		"peile"@prg	
"ćhian.43 cɨ̂.44"@huj	<http://ids.clld.org/values/5-391-406-1>		<http://ids.clld.org/parameters/5-391>		<http://ids.clld.org/values/5-391-198-1>		"raplēs"@prg	
"ʔau.33"@huj	<http://ids.clld.org/values/11-130-406-3>		<http://ids.clld.org/parameters/11-130>		<http://ids.clld.org/values/11-130-198-1>		"ímt"@prg	
"po.44"@huj	<http://ids.clld.org/values/13-180-406-1>		<http://ids.clld.org/parameters/13-180>		<http://ids.clld.org/values/13-180-198-1>		"zuit"@prg	
"tha.24"@huj	<http://ids.clld.org/values/3-614-406-1>		<http://ids.clld.org/parameters/3-614>		<http://ids.clld.org/values/3-614-198-1>		"sasnis"@prg	
"naŋ.24 mai.43"@huj	<http://ids.clld.org/values/8-750-406-1>		<http://ids.clld.org/parameters/8-750>		<http://ids.clld.org/values/8-750-198-1>		"sakstis"@prg	
"vɛan.24"@huj	<http://ids.clld.org/values/15-350-406-1>		<http://ids.clld.org/parameters/15-350>		<http://ids.clld.org/values/15-350-198-1>		"pādaminan"@prg	
"mo.11"@huj	<http://ids.clld.org/values/5-260-406-1>		<http://ids.clld.org/parameters/5-260>		<http://ids.clld.org/values/5-260-198-1>		"zvikstis"@prg	
"muak.33"@huj	<http://ids.clld.org/values/6-550-406-1>		<http://ids.clld.org/parameters/6-550>		<http://ids.clld.org/values/6-550-198-1>		"kelmis"@prg	
"cui.31 li.33"@huj	<http://ids.clld.org/values/16-650-406-1>		<http://ids.clld.org/parameters/16-650>		<http://ids.clld.org/values/16-650-198-1>		"aušaudēvings"@prg	
"ńia.31 taŋ.44"@huj	<http://ids.clld.org/values/10-450-406-1>		<http://ids.clld.org/parameters/10-450>		<http://ids.clld.org/values/10-450-198-1>		"neikaut"@prg	
"luet.11"@huj	<http://ids.clld.org/values/5-470-406-3>		<http://ids.clld.org/parameters/5-470>		<http://ids.clld.org/values/5-470-198-1>		"saitan"@prg	
"me.31 pe.43"@huj	<http://ids.clld.org/values/3-280-406-1>		<http://ids.clld.org/parameters/3-280>		<http://ids.clld.org/values/3-280-198-1>		"kamst'an"@prg	
"lau.11 lan.43 phəaŋ.11"@huj	<http://ids.clld.org/values/5-910-406-1>		<http://ids.clld.org/parameters/5-910>		<http://ids.clld.org/values/5-910-198-1>		"alu"@prg	
"liaŋ.31 loŋ.24"@huj	<http://ids.clld.org/values/7-550-406-1>		<http://ids.clld.org/parameters/7-550>		<http://ids.clld.org/values/7-550-198-1>		"sandā"@prg	
"xəu.24"@huj	<http://ids.clld.org/values/12-760-406-1>		<http://ids.clld.org/parameters/12-760>		<http://ids.clld.org/values/12-760-198-1>		"lunkis"@prg	
"suen.11"@huj	<http://ids.clld.org/values/15-380-406-1>		<http://ids.clld.org/parameters/15-380>		<http://ids.clld.org/values/15-380-198-1>		"rūktan"@prg	
"nə.43"@huj	<http://ids.clld.org/values/5-610-406-1>		<http://ids.clld.org/parameters/5-610>		<http://ids.clld.org/values/5-610-198-1>		"mensā"@prg	
"xau.24"@huj	<http://ids.clld.org/values/15-640-406-1>		<http://ids.clld.org/parameters/15-640>		<http://ids.clld.org/values/15-640-198-1>		"gailis"@prg	
"hie.31 xəan.44"@huj	<http://ids.clld.org/values/18-210-406-3>		<http://ids.clld.org/parameters/18-210>		<http://ids.clld.org/values/18-210-198-1>		"gérbt"@prg	
"puaŋ.44"@huj	<http://ids.clld.org/values/4-855-406-1>		<http://ids.clld.org/parameters/4-855>		<http://ids.clld.org/values/4-855-198-1>		"dumslē"@prg	
"piet.31"@huj	<http://ids.clld.org/values/3-570-406-1>		<http://ids.clld.org/parameters/3-570>		<http://ids.clld.org/values/3-570-198-1>		"antis"@prg	
"sən.44 phɛ.33"@huj	<http://ids.clld.org/values/21-170-406-1>		<http://ids.clld.org/parameters/21-170>		<http://ids.clld.org/values/21-170-198-1>		"līgan"@prg	
"xo.31 phin.11"@huj	<http://ids.clld.org/values/20-140-406-1>		<http://ids.clld.org/parameters/20-140>		<http://ids.clld.org/values/20-140-198-1>		"pakayan"@prg	
"śi.33 ćhi.33 ji.11"@huj	<http://ids.clld.org/values/14-630-406-1>		<http://ids.clld.org/parameters/14-630>		<http://ids.clld.org/values/14-630-198-1>		"panadēlē"@prg	
"mə.33 nai.43"@huj	<http://ids.clld.org/values/14-470-406-1>		<http://ids.clld.org/parameters/14-470>		<http://ids.clld.org/values/14-470-198-1>		"š'an deinan"@prg	
"cən.11 jən.31"@huj	<http://ids.clld.org/values/21-230-406-1>		<http://ids.clld.org/parameters/21-230>		<http://ids.clld.org/values/21-230-198-1>		"vīdikausnan"@prg	
"ma.44"@huj	<http://ids.clld.org/values/10-480-406-1>		<http://ids.clld.org/parameters/10-480>		<http://ids.clld.org/values/10-480-198-1>		"peréit"@prg	
"cuen.44 kun.11"@huj	<http://ids.clld.org/values/13-350-406-1>		<http://ids.clld.org/parameters/13-350>		<http://ids.clld.org/values/13-350-198-1>		"pansdaumanin"@prg	
"pu.33"@huj	<http://ids.clld.org/values/2-310-406-1>		<http://ids.clld.org/parameters/2-310>		<http://ids.clld.org/values/2-310-198-1>		"grandan"@prg	
"ʔa.33 mo.33 muai.44"@huj	<http://ids.clld.org/values/2-720-406-1>		<http://ids.clld.org/parameters/2-720>		<http://ids.clld.org/values/2-720-198-1>		"pāmātrē ~ pamātrē"@prg	
"muan.24 ho.24"@huj	<http://ids.clld.org/values/7-421-406-1>		<http://ids.clld.org/parameters/7-421>		<http://ids.clld.org/values/7-421-198-1>		"balzinis"@prg	
"həai.31 piŋ.44"@huj	<http://ids.clld.org/values/1-230-406-1>		<http://ids.clld.org/parameters/1-230>		<http://ids.clld.org/values/1-230-198-1>		"lauks"@prg	
"phə.11 cai.44"@huj	<http://ids.clld.org/values/2-210-406-1>		<http://ids.clld.org/parameters/2-210>		<http://ids.clld.org/values/2-210-198-1>		"vīrs"@prg	
"li.33"@huj	<http://ids.clld.org/values/16-710-406-1>		<http://ids.clld.org/parameters/16-710>		<http://ids.clld.org/values/16-710-198-1>		"labs"@prg	
"ʔə.11 ʔu.11"@huj	<http://ids.clld.org/values/5-860-406-1>		<http://ids.clld.org/parameters/5-860>		<http://ids.clld.org/values/5-860-198-1>		"dadan"@prg	
"lau.44 sɨ̂.31"@huj	<http://ids.clld.org/values/14-310-406-3>		<http://ids.clld.org/parameters/14-310>		<http://ids.clld.org/values/14-310-198-1>		"ainat"@prg	
"śi.33 ćhi.33 sɨ̂.24"@huj	<http://ids.clld.org/values/14-660-406-1>		<http://ids.clld.org/parameters/14-660>		<http://ids.clld.org/values/14-660-198-1>		"ketvirtiks"@prg	
"ʔuak.11 vian.11"@huj	<http://ids.clld.org/values/11-650-406-1>		<http://ids.clld.org/parameters/11-650>		<http://ids.clld.org/values/11-650-198-1>		"plateis"@prg	
"haŋ.24 lian.24"@huj	<http://ids.clld.org/values/12-350-406-1>		<http://ids.clld.org/parameters/12-350>		<http://ids.clld.org/values/12-350-198-1>		"vangan"@prg	
"phə.31"@huj	<http://ids.clld.org/values/17-680-406-1>		<http://ids.clld.org/parameters/17-680>		<http://ids.clld.org/values/17-680-198-1>		"kas"@prg	
"jɨ.11 ćhi.44"@huj	<http://ids.clld.org/values/16-420-406-3>		<http://ids.clld.org/parameters/16-420>		<http://ids.clld.org/values/16-420-198-1>		"nerteis"@prg	
"tai.33 ka.33"@huj	<http://ids.clld.org/values/10-630-406-1>		<http://ids.clld.org/parameters/10-630>		<http://ids.clld.org/values/10-630-198-1>		"pertenginuns"@prg	
"ke.33 tau.11 ʔo.11"@huj	<http://ids.clld.org/values/4-301-406-1>		<http://ids.clld.org/parameters/4-301>		<http://ids.clld.org/values/4-301-198-1>		"petis"@prg	
"ta.24 ćiu.24"@huj	<http://ids.clld.org/values/2-511-406-1>		<http://ids.clld.org/parameters/2-511>		<http://ids.clld.org/values/2-511-198-1>		"avis"@prg	
"jin.44 liau.24"@huj	<http://ids.clld.org/values/5-940-406-1>		<http://ids.clld.org/parameters/5-940>		<http://ids.clld.org/values/5-940-198-1>		"rūktan-dadan"@prg	
"hɛ.31 kɛ.33"@huj	<http://ids.clld.org/values/12-220-406-1>		<http://ids.clld.org/parameters/12-220>		<http://ids.clld.org/values/12-220-198-1>		"sanrists"@prg	
"vuak.44"@huj	<http://ids.clld.org/values/17-250-406-1>		<http://ids.clld.org/parameters/17-250>		<http://ids.clld.org/values/17-250-198-1>		"mākint"@prg	
"śian.24"@huj	<http://ids.clld.org/values/4-310-406-1>		<http://ids.clld.org/parameters/4-310>		<http://ids.clld.org/values/4-310-198-1>		"irmā"@prg	
"ho.24"@huj	<http://ids.clld.org/values/4-200-406-1>		<http://ids.clld.org/parameters/4-200>		<http://ids.clld.org/values/4-200-198-1>		"galvā"@prg	
"lu.11 ʔa.33 ńiŋ.44"@huj	<http://ids.clld.org/values/2-260-406-1>		<http://ids.clld.org/parameters/2-260>		<http://ids.clld.org/values/2-260-198-1>		"mergā"@prg	
"suaŋ.24"@huj	<http://ids.clld.org/values/13-20-406-1>		<http://ids.clld.org/parameters/13-20>		<http://ids.clld.org/values/13-20-198-1>		"dvai"@prg	
"məŋ.31"@huj	<http://ids.clld.org/values/14-740-406-1>		<http://ids.clld.org/parameters/14-740>		<http://ids.clld.org/values/14-740-198-1>		"zēmā"@prg	
"fəai.44"@huj	<http://ids.clld.org/values/1-810-406-1>		<http://ids.clld.org/parameters/1-810>		<http://ids.clld.org/values/1-810-198-1>		"panā"@prg	
"miaŋ.44 məi.44"@huj	<http://ids.clld.org/values/3-830-406-1>		<http://ids.clld.org/parameters/3-830>		<http://ids.clld.org/values/3-830-198-1>		"musā"@prg	
"te.43"@huj	<http://ids.clld.org/values/16-660-406-1>		<http://ids.clld.org/parameters/16-660>		<http://ids.clld.org/values/16-660-198-1>		"arvis"@prg	
"me.31 ma.43"@huj	<http://ids.clld.org/values/3-440-406-1>		<http://ids.clld.org/parameters/3-440>		<http://ids.clld.org/values/3-440-198-1>		"rapēnā ~ rapinā"@prg	
"me.31 ma.43"@huj	<http://ids.clld.org/values/3-440-406-1>		<http://ids.clld.org/parameters/3-440>		<http://ids.clld.org/values/3-440-198-3>		"kaivē"@prg	
"chəai.31"@huj	<http://ids.clld.org/values/16-730-406-1>		<http://ids.clld.org/parameters/16-730>		<http://ids.clld.org/values/16-730-198-1>		"tikrāmiskan"@prg	
"ju.11 hən.44"@huj	<http://ids.clld.org/values/12-160-406-1>		<http://ids.clld.org/parameters/12-160>		<http://ids.clld.org/values/12-160-198-1>		"paláikt"@prg	
"sə.11"@huj	<http://ids.clld.org/values/6-120-406-1>		<http://ids.clld.org/parameters/6-120>		<http://ids.clld.org/values/6-120-198-1>		"rūkai"@prg	
"vaŋ.11"@huj	<http://ids.clld.org/values/13-240-406-3>		<http://ids.clld.org/parameters/13-240>		<http://ids.clld.org/values/13-240-198-1>		"pausan"@prg	
"mai.43 toŋ.33"@huj	<http://ids.clld.org/values/1-430-406-1>		<http://ids.clld.org/parameters/1-430>		<http://ids.clld.org/values/1-430-198-1>		"malkā"@prg	
"lu.11 xuaŋ.24"@huj	<http://ids.clld.org/values/3-240-406-1>		<http://ids.clld.org/parameters/3-240>		<http://ids.clld.org/values/3-240-198-1>		"verst'an"@prg	
"pe.43"@huj	<http://ids.clld.org/values/3-250-406-1>		<http://ids.clld.org/parameters/3-250>		<http://ids.clld.org/values/3-250-198-1>		"kamst'an"@prg	
"śiu.24"@huj	<http://ids.clld.org/values/15-680-406-1>		<http://ids.clld.org/parameters/15-680>		<http://ids.clld.org/values/15-680-198-1>		"zal'an"@prg	
"mo.24 liek.11"@huj	<http://ids.clld.org/values/20-330-406-1>		<http://ids.clld.org/parameters/20-330>		<http://ids.clld.org/values/20-330-198-1>		"salmis"@prg	
"pha.31"@huj	<http://ids.clld.org/values/5-380-406-3>		<http://ids.clld.org/parameters/5-380>		<http://ids.clld.org/values/5-380-198-1>		"peile"@prg	
"vɛan.33"@huj	<http://ids.clld.org/values/5-310-406-1>		<http://ids.clld.org/parameters/5-310>		<http://ids.clld.org/values/5-310-198-1>		"minzavē"@prg	
"təai.33 co.31"@huj	<http://ids.clld.org/values/11-320-406-1>		<http://ids.clld.org/parameters/11-320>		<http://ids.clld.org/values/11-320-198-1>		"aupala"@prg	
"ka.33"@huj	<http://ids.clld.org/values/10-470-406-1>		<http://ids.clld.org/parameters/10-470>		<http://ids.clld.org/values/10-470-198-1>		"éit"@prg	
"tin.33"@huj	<http://ids.clld.org/values/4-370-406-1>		<http://ids.clld.org/parameters/4-370>		<http://ids.clld.org/values/4-370-198-1>		"nagē"@prg	
"nuaŋ.43 ńiŋ.44"@huj	<http://ids.clld.org/values/2-450-406-1>		<http://ids.clld.org/parameters/2-450>		<http://ids.clld.org/values/2-450-198-1>		"svestrā"@prg	
"xa.24 loŋ.24"@huj	<http://ids.clld.org/values/4-351-406-1>		<http://ids.clld.org/parameters/4-351>		<http://ids.clld.org/values/4-351-198-1>		"slaunis"@prg	
"ho.24 xau.33"@huj	<http://ids.clld.org/values/4-360-406-1>		<http://ids.clld.org/parameters/4-360>		<http://ids.clld.org/values/4-360-198-1>		"klupstis"@prg	
"sui.43"@huj	<http://ids.clld.org/values/5-130-406-1>		<http://ids.clld.org/parameters/5-130>		<http://ids.clld.org/values/5-130-198-1>		"pūtvei"@prg	
"ho.24 ka.33 liek.11"@huj	<http://ids.clld.org/values/7-230-406-1>		<http://ids.clld.org/parameters/7-230>		<http://ids.clld.org/values/7-230-198-1>		"zāmukis"@prg	
"vɛan.44 la.11 xən.44"@huj	<http://ids.clld.org/values/14-460-406-1>		<http://ids.clld.org/parameters/14-460>		<http://ids.clld.org/values/14-460-198-1>		"bītas"@prg	
"pəŋ.33 lan.43"@huj	<http://ids.clld.org/values/1-324-406-1>		<http://ids.clld.org/parameters/1-324>		<http://ids.clld.org/values/1-324-198-1>		"spāinā"@prg	
"nua.43"@huj	<http://ids.clld.org/values/10-412-406-1>		<http://ids.clld.org/parameters/10-412>		<http://ids.clld.org/values/10-412-198-1>		"pakvelptan"@prg	
"fa.43 laŋ.33"@huj	<http://ids.clld.org/values/1-560-406-1>		<http://ids.clld.org/parameters/1-560>		<http://ids.clld.org/values/1-560-198-1>		"perkūnis"@prg	
"kon.44 ńiŋ.44"@huj	<http://ids.clld.org/values/2-240-406-1>		<http://ids.clld.org/parameters/2-240>		<http://ids.clld.org/values/2-240-198-1>		"genā"@prg	
"nə.24 fa.43"@huj	<http://ids.clld.org/values/1-510-406-1>		<http://ids.clld.org/parameters/1-510>		<http://ids.clld.org/values/1-510-198-1>		"dangus"@prg	
"hɛat.43"@huj	<http://ids.clld.org/values/9-160-406-1>		<http://ids.clld.org/parameters/9-160>		<http://ids.clld.org/values/9-160-198-1>		"perréist"@prg	
"phu.31 thau.33"@huj	<http://ids.clld.org/values/5-760-406-1>		<http://ids.clld.org/parameters/5-760>		<http://ids.clld.org/values/5-760-198-1>		"vīnavōgus"@prg	
"vu.11 hie.31 xəan.44 / ʔa.33 ćhi.44 ćhi.44"@huj	<http://ids.clld.org/values/18-230-406-1>		<http://ids.clld.org/parameters/18-230>		<http://ids.clld.org/values/18-230-198-1>		"tusēsai"@prg	
"pe.31 mai.11"@huj	<http://ids.clld.org/values/2-760-406-1>		<http://ids.clld.org/parameters/2-760>		<http://ids.clld.org/values/2-760-198-1>		"vidavā ~ viduvā"@prg	
"lɛan.33"@huj	<http://ids.clld.org/values/15-650-406-1>		<http://ids.clld.org/parameters/15-650>		<http://ids.clld.org/values/15-650-198-1>		"kirsnan"@prg	
"xɛan.24"@huj	<http://ids.clld.org/values/9-250-406-1>		<http://ids.clld.org/parameters/9-250>		<http://ids.clld.org/values/9-250-198-1>		"bīlē"@prg	
"mi.24"@huj	<http://ids.clld.org/values/3-730-406-1>		<http://ids.clld.org/parameters/3-730>		<http://ids.clld.org/values/3-730-198-1>		"klākīs"@prg	
"cə.31 kon.44"@huj	<http://ids.clld.org/values/18-280-406-1>		<http://ids.clld.org/parameters/18-280>		<http://ids.clld.org/values/18-280-198-1>		"imens"@prg	
"lu.11 ma.43 hɛ.24"@huj	<http://ids.clld.org/values/3-450-406-1>		<http://ids.clld.org/parameters/3-450>		<http://ids.clld.org/values/3-450-198-1>		"mald'an"@prg	
"me.11 loŋ.24"@huj	<http://ids.clld.org/values/2-520-406-1>		<http://ids.clld.org/parameters/2-520>		<http://ids.clld.org/values/2-520-198-1>		"māsā"@prg	
"loŋ.44 ta.33"@huj	<http://ids.clld.org/values/2-610-406-1>		<http://ids.clld.org/parameters/2-610>		<http://ids.clld.org/values/2-610-198-1>		"tist'as"@prg	
"ʔau.33 hai.11"@huj	<http://ids.clld.org/values/15-550-406-1>		<http://ids.clld.org/parameters/15-550>		<http://ids.clld.org/values/15-550-198-1>		"vaidina"@prg	
"śiu.44"@huj	<http://ids.clld.org/values/9-840-406-1>		<http://ids.clld.org/parameters/9-840>		<http://ids.clld.org/values/9-840-198-1>		"dalptan"@prg	
"ti.33 pai.33 zuaŋ.24"@huj	<http://ids.clld.org/values/3-160-406-3>		<http://ids.clld.org/parameters/3-160>		<http://ids.clld.org/values/3-160-198-1>		"spar'us"@prg	
"fɛan.44"@huj	<http://ids.clld.org/values/8-311-406-1>		<http://ids.clld.org/parameters/8-311>		<http://ids.clld.org/values/8-311-198-1>		"sēmen"@prg	
"hat.43 thə.33"@huj	<http://ids.clld.org/values/3-110-406-1>		<http://ids.clld.org/parameters/3-110>		<http://ids.clld.org/values/3-110-198-3>		"alnē"@prg	
"hat.43 thə.33"@huj	<http://ids.clld.org/values/3-110-406-1>		<http://ids.clld.org/parameters/3-110>		<http://ids.clld.org/values/3-110-198-1>		"zvērins"@prg	
"ma.43"@huj	<http://ids.clld.org/values/3-410-406-1>		<http://ids.clld.org/parameters/3-410>		<http://ids.clld.org/values/3-410-198-3>		"paustākaikan"@prg	
"ma.43"@huj	<http://ids.clld.org/values/3-410-406-1>		<http://ids.clld.org/parameters/3-410>		<http://ids.clld.org/values/3-410-198-1>		"aidenīkis"@prg	
"tha.11 vɛai.43"@huj	<http://ids.clld.org/values/16-630-406-1>		<http://ids.clld.org/parameters/16-630>		<http://ids.clld.org/values/16-630-198-3>		"padruvēsnan"@prg	
"tha.11 vɛai.43"@huj	<http://ids.clld.org/values/16-630-406-1>		<http://ids.clld.org/parameters/16-630>		<http://ids.clld.org/values/16-630-198-1>		"nādruvēsnan"@prg	
"kaŋ.44"@huj	<http://ids.clld.org/values/4-209-406-1>		<http://ids.clld.org/parameters/4-209>		<http://ids.clld.org/values/4-209-198-1>		"skalus"@prg	
"kiat.11 tin.33"@huj	<http://ids.clld.org/values/6-510-406-1>		<http://ids.clld.org/parameters/6-510>		<http://ids.clld.org/values/6-510-198-1>		"kurpē"@prg	
"khuet.11"@huj	<http://ids.clld.org/values/8-250-406-3>		<http://ids.clld.org/parameters/8-250>		<http://ids.clld.org/values/8-250-198-1>		"kerslē"@prg	
"nə.24 ho.24"@huj	<http://ids.clld.org/values/4-205-406-1>		<http://ids.clld.org/parameters/4-205>		<http://ids.clld.org/values/4-205-198-1>		"kaktā"@prg	
"ńian.44 cɨ̂.33"@huj	<http://ids.clld.org/values/5-570-406-1>		<http://ids.clld.org/parameters/5-570>		<http://ids.clld.org/values/5-570-198-1>		"malūnis"@prg	
"mə.11 leu.24"@huj	<http://ids.clld.org/values/14-180-406-1>		<http://ids.clld.org/parameters/14-180>		<http://ids.clld.org/values/14-180-198-1>		"teinū"@prg	
"vəai.43 ju.44"@huj	<http://ids.clld.org/values/12-120-406-1>		<http://ids.clld.org/parameters/12-120>		<http://ids.clld.org/values/12-120-198-1>		"lazinā"@prg	
"ćiu.44"@huj	<http://ids.clld.org/values/14-210-406-1>		<http://ids.clld.org/parameters/14-210>		<http://ids.clld.org/values/14-210-198-1>		"entikrikai"@prg	
"mit.11 / pha.31"@huj	<http://ids.clld.org/values/9-230-406-1>		<http://ids.clld.org/parameters/9-230>		<http://ids.clld.org/values/9-230-198-1>		"peile"@prg	
"khə.31 saŋ.24"@huj	<http://ids.clld.org/values/17-640-406-1>		<http://ids.clld.org/parameters/17-640>		<http://ids.clld.org/values/17-640-198-1>		"ka"@prg	
"xau.11"@huj	<http://ids.clld.org/values/18-730-406-1>		<http://ids.clld.org/parameters/18-730>		<http://ids.clld.org/values/18-730-198-1>		"ragis"@prg	
"jiu.11"@huj	<http://ids.clld.org/values/22-230-406-3>		<http://ids.clld.org/parameters/22-230>		<http://ids.clld.org/values/22-230-198-1>		"[zegnāt]"@prg	
"məŋ.31 mai.11"@huj	<http://ids.clld.org/values/14-770-406-1>		<http://ids.clld.org/parameters/14-770>		<http://ids.clld.org/values/14-770-198-1>		"asanis"@prg	
"ton.11 mai.43"@huj	<http://ids.clld.org/values/8-600-406-1>		<http://ids.clld.org/parameters/8-600>		<http://ids.clld.org/values/8-600-198-1>		"gar'an"@prg	
"pau.24 lu.11 cai.44"@huj	<http://ids.clld.org/values/2-730-406-1>		<http://ids.clld.org/parameters/2-730>		<http://ids.clld.org/values/2-730-198-1>		"pasūns"@prg	
"śi.33 ćhi.33 lu.11"@huj	<http://ids.clld.org/values/14-680-406-1>		<http://ids.clld.org/parameters/14-680>		<http://ids.clld.org/values/14-680-198-1>		"sabatikā"@prg	
"pək.11 co.31"@huj	<http://ids.clld.org/values/15-710-406-1>		<http://ids.clld.org/parameters/15-710>		<http://ids.clld.org/values/15-710-198-1>		"enkasint"@prg	
"thoŋ.43"@huj	<http://ids.clld.org/values/12-920-406-1>		<http://ids.clld.org/parameters/12-920>		<http://ids.clld.org/values/12-920-198-1>		"palīgun"@prg	
"hɛ.44"@huj	<http://ids.clld.org/values/15-520-406-1>		<http://ids.clld.org/parameters/15-520>		<http://ids.clld.org/values/15-520-198-1>		"endīrīt[vei]"@prg	
"tau.33"@huj	<http://ids.clld.org/values/1-840-406-1>		<http://ids.clld.org/parameters/1-840>		<http://ids.clld.org/values/1-840-198-1>		"pelanē"@prg	
"mi.33 ju.11"@huj	<http://ids.clld.org/values/4-740-406-1>		<http://ids.clld.org/parameters/4-740>		<http://ids.clld.org/values/4-740-198-1>		"gīvas"@prg	
"liau.44 pai.33"@huj	<http://ids.clld.org/values/10-510-406-1>		<http://ids.clld.org/parameters/10-510>		<http://ids.clld.org/values/10-510-198-1>		"begaite"@prg	
"thau.11"@huj	<http://ids.clld.org/values/14-150-406-1>		<http://ids.clld.org/parameters/14-150>		<http://ids.clld.org/values/14-150-198-1>		"vār[a]s"@prg	
"wəi.31 śian.44"@huj	<http://ids.clld.org/values/16-540-406-1>		<http://ids.clld.org/parameters/16-540>		<http://ids.clld.org/values/16-540-198-1>		"vargan"@prg	
"hai.31"@huj	<http://ids.clld.org/values/11-210-406-1>		<http://ids.clld.org/parameters/11-210>		<http://ids.clld.org/values/11-210-198-1>		"dāt[vei]"@prg	
"that.33 fəai.44"@huj	<http://ids.clld.org/values/1-841-406-1>		<http://ids.clld.org/parameters/1-841>		<http://ids.clld.org/values/1-841-198-1>		"zarī"@prg	
"hie.31 xəan.44"@huj	<http://ids.clld.org/values/21-240-406-1>		<http://ids.clld.org/parameters/21-240>		<http://ids.clld.org/values/21-240-198-1>		"klantāma"@prg	
"so.44 khuaŋ.11"@huj	<http://ids.clld.org/values/4-320-406-1>		<http://ids.clld.org/parameters/4-320>		<http://ids.clld.org/values/4-320-198-1>		"alkūnis"@prg	
"miu.44"@huj	<http://ids.clld.org/values/3-620-406-1>		<http://ids.clld.org/parameters/3-620>		<http://ids.clld.org/values/3-620-198-1>		"paustā katā"@prg	
"ńia.11"@huj	<http://ids.clld.org/values/8-510-406-1>		<http://ids.clld.org/parameters/8-510>		<http://ids.clld.org/values/8-510-198-1>		"zālis"@prg	
"phu.11 thau.33 ćiu.44"@huj	<http://ids.clld.org/values/5-920-406-1>		<http://ids.clld.org/parameters/5-920>		<http://ids.clld.org/values/5-920-198-1>		"vīnis"@prg	
"huaŋ.31 liet.31"@huj	<http://ids.clld.org/values/4-151-406-1>		<http://ids.clld.org/parameters/4-151>		<http://ids.clld.org/values/4-151-198-3>		"strujā"@prg	
"huaŋ.31 liet.31"@huj	<http://ids.clld.org/values/4-151-406-1>		<http://ids.clld.org/parameters/4-151>		<http://ids.clld.org/values/4-151-198-1>		"gīslā"@prg	
"təai.33"@huj	<http://ids.clld.org/values/11-310-406-1>		<http://ids.clld.org/parameters/11-310>		<http://ids.clld.org/values/11-310-198-1>		"laukīt"@prg	
"mo.11 ton.11 lan.43"@huj	<http://ids.clld.org/values/5-270-406-1>		<http://ids.clld.org/parameters/5-270>		<http://ids.clld.org/values/5-270-198-1>		"katils"@prg	
"ha.11 śiu.11"@huj	<http://ids.clld.org/values/4-271-406-3>		<http://ids.clld.org/parameters/4-271>		<http://ids.clld.org/values/4-271-198-1>		"dantimaks"@prg	
"naŋ.24"@huj	<http://ids.clld.org/values/4-190-406-1>		<http://ids.clld.org/parameters/4-190>		<http://ids.clld.org/values/4-190-198-1>		"rītīznan"@prg	
"lin.33"@huj	<http://ids.clld.org/values/9-730-406-1>		<http://ids.clld.org/parameters/9-730>		<http://ids.clld.org/values/9-730-198-1>		"laidis"@prg	
"kui.11 ćhi.11"@huj	<http://ids.clld.org/values/4-463-406-1>		<http://ids.clld.org/parameters/4-463>		<http://ids.clld.org/values/4-463-198-1>		"slaunis"@prg	
"kha.11 mo.24 phi.24"@huj	<http://ids.clld.org/values/19-420-406-1>		<http://ids.clld.org/parameters/19-420>		<http://ids.clld.org/values/19-420-198-1>		"vaiks"@prg	
"ma.24"@huj	<http://ids.clld.org/values/3-610-406-1>		<http://ids.clld.org/parameters/3-610>		<http://ids.clld.org/values/3-610-198-1>		"sunis"@prg	
"fi.11 hai.11"@huj	<http://ids.clld.org/values/11-910-406-3>		<http://ids.clld.org/parameters/11-910>		<http://ids.clld.org/values/11-910-198-1>		"dalīs"@prg	
"ńian.44"@huj	<http://ids.clld.org/values/9-650-406-1>		<http://ids.clld.org/parameters/9-650>		<http://ids.clld.org/values/9-650-198-1>		"sirablis"@prg	
"śi.33 ćhi.33 ʔə.24"@huj	<http://ids.clld.org/values/14-640-406-1>		<http://ids.clld.org/parameters/14-640>		<http://ids.clld.org/values/14-640-198-1>		"visasēdis"@prg	
"śiu.11 caŋ.43"@huj	<http://ids.clld.org/values/4-271-406-1>		<http://ids.clld.org/parameters/4-271>		<http://ids.clld.org/values/4-271-198-1>		"dantimaks"@prg	
"kaŋ.33 xən.44"@huj	<http://ids.clld.org/values/14-420-406-1>		<http://ids.clld.org/parameters/14-420>		<http://ids.clld.org/values/14-420-198-1>		"naktin"@prg	
"ka.33 hɛaŋ.44"@huj	<http://ids.clld.org/values/11-780-406-1>		<http://ids.clld.org/parameters/11-780>		<http://ids.clld.org/values/11-780-198-1>		"álgās"@prg	
"mi.44 hɛaŋ.44"@huj	<http://ids.clld.org/values/4-810-406-1>		<http://ids.clld.org/parameters/4-810>		<http://ids.clld.org/values/4-810-198-1>		"sparts"@prg	
"ʔa.33 mo.33"@huj	<http://ids.clld.org/values/2-360-406-1>		<http://ids.clld.org/parameters/2-360>		<http://ids.clld.org/values/2-360-198-1>		"mātē"@prg	
"lan.43 ləai.44"@huj	<http://ids.clld.org/values/4-560-406-1>		<http://ids.clld.org/parameters/4-560>		<http://ids.clld.org/values/4-560-198-1>		"vimbis"@prg	
"na.33 taŋ.44"@huj	<http://ids.clld.org/values/11-180-406-1>		<http://ids.clld.org/parameters/11-180>		<http://ids.clld.org/values/11-180-198-1>		"daiktas"@prg	
"lau.44 sɨ̂.33"@huj	<http://ids.clld.org/values/17-270-406-1>		<http://ids.clld.org/parameters/17-270>		<http://ids.clld.org/values/17-270-198-1>		"mākinivingans"@prg	
"lian.44 liek.11"@huj	<http://ids.clld.org/values/9-610-406-1>		<http://ids.clld.org/parameters/9-610>		<http://ids.clld.org/values/9-610-198-1>		"autrē"@prg	
"puet.44"@huj	<http://ids.clld.org/values/12-240-406-1>		<http://ids.clld.org/parameters/12-240>		<http://ids.clld.org/values/12-240-198-1>		"atvér'a"@prg	
"tɛan.11"@huj	<http://ids.clld.org/values/18-510-406-1>		<http://ids.clld.org/parameters/18-510>		<http://ids.clld.org/values/18-510-198-1>		"peisātan"@prg	
"ju.44 nə.24 na.11"@huj	<http://ids.clld.org/values/12-80-406-1>		<http://ids.clld.org/parameters/12-80>		<http://ids.clld.org/values/12-80-198-3>		"kérša[n]"@prg	
"ju.44 nə.24 na.11"@huj	<http://ids.clld.org/values/12-80-406-1>		<http://ids.clld.org/parameters/12-80>		<http://ids.clld.org/values/12-80-198-1>		"kirša[n]"@prg	
"cɨ̂k.11 liek.11"@huj	<http://ids.clld.org/values/9-180-406-1>		<http://ids.clld.org/parameters/9-180>		<http://ids.clld.org/values/9-180-198-1>		"ratinzis"@prg	
"mit.11 śi.44"@huj	<http://ids.clld.org/values/20-270-406-1>		<http://ids.clld.org/parameters/20-270>		<http://ids.clld.org/values/20-270-198-1>		"kalabīyan"@prg	
"xə.43"@huj	<http://ids.clld.org/values/12-550-406-1>		<http://ids.clld.org/parameters/12-550>		<http://ids.clld.org/values/12-550-198-1>		"debīkan"@prg	
"xuaŋ.24"@huj	<http://ids.clld.org/values/3-200-406-1>		<http://ids.clld.org/parameters/3-200>		<http://ids.clld.org/values/3-200-198-1>		"peku"@prg	
"chaŋ.33"@huj	<http://ids.clld.org/values/18-120-406-1>		<http://ids.clld.org/parameters/18-120>		<http://ids.clld.org/values/18-120-198-1>		"grīmuns"@prg	
"sau.44"@huj	<http://ids.clld.org/values/7-110-406-1>		<http://ids.clld.org/parameters/7-110>		<http://ids.clld.org/values/7-110-198-1>		"givēt"@prg	
"pu.44 liek.11"@huj	<http://ids.clld.org/values/9-600-406-1>		<http://ids.clld.org/parameters/9-600>		<http://ids.clld.org/values/9-600-198-1>		"[v]utris"@prg	
"na.44"@huj	<http://ids.clld.org/values/8-120-406-1>		<http://ids.clld.org/parameters/8-120>		<http://ids.clld.org/values/8-120-198-1>		"lauks"@prg	
"mɛat.31"@huj	<http://ids.clld.org/values/6-370-406-1>		<http://ids.clld.org/parameters/6-370>		<http://ids.clld.org/values/6-370-198-1>		"īlā"@prg	
"tuaŋ.44"@huj	<http://ids.clld.org/values/9-660-406-1>		<http://ids.clld.org/parameters/9-660>		<http://ids.clld.org/values/9-660-198-1>		"var'an"@prg	
"xən.11 ma.44"@huj	<http://ids.clld.org/values/10-210-406-1>		<http://ids.clld.org/parameters/10-210>		<http://ids.clld.org/values/10-210-198-1>		"atskīsai"@prg	
"hie.31"@huj	<http://ids.clld.org/values/18-220-406-1>		<http://ids.clld.org/parameters/18-220>		<http://ids.clld.org/values/18-220-198-1>		"bilēt[vei]"@prg	
"śiu.24"@huj	<http://ids.clld.org/values/5-124-406-1>		<http://ids.clld.org/parameters/5-124>		<http://ids.clld.org/values/5-124-198-1>		"zal'an"@prg	
"huai.11"@huj	<http://ids.clld.org/values/9-341-406-1>		<http://ids.clld.org/parameters/9-341>		<http://ids.clld.org/values/9-341-198-1>		"kabē[v]uns"@prg	
"fən.24"@huj	<http://ids.clld.org/values/1-750-406-1>		<http://ids.clld.org/parameters/1-750>		<http://ids.clld.org/values/1-750-198-1>		"aglā"@prg	
"thoŋ.44 mai.43 ńi.33"@huj	<http://ids.clld.org/values/8-650-406-1>		<http://ids.clld.org/parameters/8-650>		<http://ids.clld.org/values/8-650-198-1>		"adlē"@prg	
"cəai.33"@huj	<http://ids.clld.org/values/4-440-406-1>		<http://ids.clld.org/parameters/4-440>		<http://ids.clld.org/values/4-440-198-1>		"sēr"@prg	
"suen.11 tin.33"@huj	<http://ids.clld.org/values/4-372-406-1>		<http://ids.clld.org/parameters/4-372>		<http://ids.clld.org/values/4-372-198-1>		"pentis"@prg	
"huaŋ.11 hə.44"@huj	<http://ids.clld.org/values/7-210-406-3>		<http://ids.clld.org/parameters/7-210>		<http://ids.clld.org/values/7-210-198-1>		"kamerkā"@prg	
"śik.24"@huj	<http://ids.clld.org/values/13-100-406-1>		<http://ids.clld.org/parameters/13-100>		<http://ids.clld.org/values/13-100-198-1>		"desimt[i]s"@prg	
"ta.24 te.33"@huj	<http://ids.clld.org/values/2-512-406-1>		<http://ids.clld.org/parameters/2-512>		<http://ids.clld.org/values/2-512-198-1>		"tēvis"@prg	
"śi.24"@huj	<http://ids.clld.org/values/6-920-406-1>		<http://ids.clld.org/parameters/6-920>		<http://ids.clld.org/values/6-920-198-1>		"kāistvē"@prg	
"hiŋ.24"@huj	<http://ids.clld.org/values/13-106-406-1>		<http://ids.clld.org/parameters/13-106>		<http://ids.clld.org/values/13-106-198-1>		"tūsimtans"@prg	
"kon.44 nə.24 fa.43"@huj	<http://ids.clld.org/values/22-120-406-1>		<http://ids.clld.org/parameters/22-120>		<http://ids.clld.org/values/22-120-198-1>		"deivas"@prg	
"fa.11"@huj	<http://ids.clld.org/values/1-730-406-1>		<http://ids.clld.org/parameters/1-730>		<http://ids.clld.org/values/1-730-198-1>		"(v)up'an"@prg	
"śi.33 ćhi.33"@huj	<http://ids.clld.org/values/14-610-406-1>		<http://ids.clld.org/parameters/14-610>		<http://ids.clld.org/values/14-610-198-1>		"saivaitē"@prg	
"to.11"@huj	<http://ids.clld.org/values/13-150-406-1>		<http://ids.clld.org/parameters/13-150>		<http://ids.clld.org/values/13-150-198-1>		"tūlan"@prg	
"lai.24"@huj	<http://ids.clld.org/values/13-150-406-3>		<http://ids.clld.org/parameters/13-150>		<http://ids.clld.org/values/13-150-198-1>		"tūlan"@prg	
"kəai.33 pu.31"@huj	<http://ids.clld.org/values/3-520-406-3>		<http://ids.clld.org/parameters/3-520>		<http://ids.clld.org/values/3-520-198-1>		"gertis"@prg	
"tiŋ.33"@huj	<http://ids.clld.org/values/13-210-406-1>		<http://ids.clld.org/parameters/13-210>		<http://ids.clld.org/values/13-210-198-1>		"pilnan"@prg	
"wəi.24 pin.33"@huj	<http://ids.clld.org/values/20-471-406-1>		<http://ids.clld.org/parameters/20-471>		<http://ids.clld.org/values/20-471-198-1>		"*-sargs"@prg	
"me.31 mu.24"@huj	<http://ids.clld.org/values/3-340-406-1>		<http://ids.clld.org/parameters/3-340>		<http://ids.clld.org/values/3-340-198-1>		"svint'an ~ sk'aurē (fem.)"@prg	
"tə.33 jiau.33"@huj	<http://ids.clld.org/values/17-450-406-1>		<http://ids.clld.org/parameters/17-450>		<http://ids.clld.org/values/17-450-198-1>		"nautin"@prg	
"puen.33"@huj	<http://ids.clld.org/values/4-460-406-1>		<http://ids.clld.org/parameters/4-460>		<http://ids.clld.org/values/4-460-198-1>		"vēders"@prg	
"tho.11 śiu.24"@huj	<http://ids.clld.org/values/5-660-406-1>		<http://ids.clld.org/parameters/5-660>		<http://ids.clld.org/values/5-660-198-1>		"babā"@prg	
"ton.11 pɛak.11"@huj	<http://ids.clld.org/values/8-640-406-1>		<http://ids.clld.org/parameters/8-640>		<http://ids.clld.org/values/8-640-198-1>		"pyausē"@prg	
"liet.31"@huj	<http://ids.clld.org/values/4-150-406-1>		<http://ids.clld.org/parameters/4-150>		<http://ids.clld.org/values/4-150-198-1>		"kraujā"@prg	
"ńia.31 loŋ.44 ka.33"@huj	<http://ids.clld.org/values/10-473-406-1>		<http://ids.clld.org/parameters/10-473>		<http://ids.clld.org/values/10-473-198-1>		"zemailēzuns"@prg	
"həai.31"@huj	<http://ids.clld.org/values/1-210-406-1>		<http://ids.clld.org/parameters/1-210>		<http://ids.clld.org/values/1-210-198-1>		"zemē"@prg	
"lan.43 ʔu.11"@huj	<http://ids.clld.org/values/5-860-406-3>		<http://ids.clld.org/parameters/5-860>		<http://ids.clld.org/values/5-860-198-1>		"dadan"@prg	
"śi.33 ćhi.33 vu.44"@huj	<http://ids.clld.org/values/14-670-406-1>		<http://ids.clld.org/parameters/14-670>		<http://ids.clld.org/values/14-670-198-1>		"pentnīks"@prg	
"mɨ.44"@huj	<http://ids.clld.org/values/4-330-406-1>		<http://ids.clld.org/parameters/4-330>		<http://ids.clld.org/values/4-330-198-1>		"rankā"@prg	
"məŋ.31 loŋ.24"@huj	<http://ids.clld.org/values/1-100-406-1>		<http://ids.clld.org/parameters/1-100>		<http://ids.clld.org/values/1-100-198-1>		"svētā"@prg	
"vaŋ.31 loŋ.33"@huj	<http://ids.clld.org/values/1-410-406-1>		<http://ids.clld.org/parameters/1-410>		<http://ids.clld.org/values/1-410-198-1>		"med'an"@prg	
"koŋ.33 xo.44 hue.24"@huj	<http://ids.clld.org/values/4-290-406-1>		<http://ids.clld.org/parameters/4-290>		<http://ids.clld.org/values/4-290-198-1>		"gurklē"@prg	
"khai.31 chaŋ.11"@huj	<http://ids.clld.org/values/17-150-406-1>		<http://ids.clld.org/parameters/17-150>		<http://ids.clld.org/values/17-150-198-1>		"druvēt"@prg	
"ʔaŋ.31 ləaŋ.31"@huj	<http://ids.clld.org/values/13-340-406-1>		<http://ids.clld.org/parameters/13-340>		<http://ids.clld.org/values/13-340-198-1>		"pirmas"@prg	
"śiŋ.24"@huj	<http://ids.clld.org/values/18-110-406-1>		<http://ids.clld.org/parameters/18-110>		<http://ids.clld.org/values/18-110-198-1>		"tārin"@prg	
"həŋ.24 ʔiŋ.44 jiau.43"@huj	<http://ids.clld.org/values/14-332-406-1>		<http://ids.clld.org/parameters/14-332>		<http://ids.clld.org/values/14-332-198-1>		"ilgai"@prg	
"lau.44 te.33"@huj	<http://ids.clld.org/values/2-460-406-1>		<http://ids.clld.org/parameters/2-460>		<http://ids.clld.org/values/2-460-198-1>		"tētis"@prg	
"jian.11 vaŋ.11"@huj	<http://ids.clld.org/values/16-620-406-1>		<http://ids.clld.org/parameters/16-620>		<http://ids.clld.org/values/16-620-198-1>		"pakaitēsnan"@prg	
"thiau.31 kəŋ.33"@huj	<http://ids.clld.org/values/5-370-406-1>		<http://ids.clld.org/parameters/5-370>		<http://ids.clld.org/values/5-370-198-1>		"lapinis"@prg	
"pa.33"@huj	<http://ids.clld.org/values/3-650-406-1>		<http://ids.clld.org/parameters/3-650>		<http://ids.clld.org/values/3-650-198-1>		"zukis"@prg	
"ti.33 pu.43 khau.11"@huj	<http://ids.clld.org/values/8-350-406-1>		<http://ids.clld.org/parameters/8-350>		<http://ids.clld.org/values/8-350-198-1>		"kalenē"@prg	
"xəu.24 vu.44"@huj	<http://ids.clld.org/values/4-170-406-1>		<http://ids.clld.org/parameters/4-170>		<http://ids.clld.org/values/4-170-198-1>		"ragis"@prg	
"tə.43 məŋ.44"@huj	<http://ids.clld.org/values/13-140-406-1>		<http://ids.clld.org/parameters/13-140>		<http://ids.clld.org/values/13-140-198-1>		"erains"@prg	
"cun.33 səu.44"@huj	<http://ids.clld.org/values/19-460-406-1>		<http://ids.clld.org/parameters/19-460>		<http://ids.clld.org/values/19-460-198-1>		"klausītun"@prg	
"maŋ.31 śie.44 li.33"@huj	<http://ids.clld.org/values/4-830-406-1>		<http://ids.clld.org/parameters/4-830>		<http://ids.clld.org/values/4-830-198-1>		"kails"@prg	
"faŋ.44 hɛaŋ.11"@huj	<http://ids.clld.org/values/8-520-406-1>		<http://ids.clld.org/parameters/8-520>		<http://ids.clld.org/values/8-520-198-1>		"kraiss"@prg	
"vɛan.11"@huj	<http://ids.clld.org/values/6-210-406-1>		<http://ids.clld.org/parameters/6-210>		<http://ids.clld.org/values/6-210-198-1>		"milan"@prg	
"lu.11 ńiŋ.44"@huj	<http://ids.clld.org/values/2-420-406-1>		<http://ids.clld.org/parameters/2-420>		<http://ids.clld.org/values/2-420-198-1>		"duktē"@prg	
"fa.43 hɛaŋ.11"@huj	<http://ids.clld.org/values/15-840-406-3>		<http://ids.clld.org/parameters/15-840>		<http://ids.clld.org/values/15-840-198-1>		"sausan"@prg	
"naŋ.31"@huj	<http://ids.clld.org/values/12-130-406-1>		<http://ids.clld.org/parameters/12-130>		<http://ids.clld.org/values/12-130-198-1>		"sindan[t]s"@prg	
"tau.33 fəai.44"@huj	<http://ids.clld.org/values/5-250-406-1>		<http://ids.clld.org/parameters/5-250>		<http://ids.clld.org/values/5-250-198-1>		"[v]umnis"@prg	
"po.33 li.33"@huj	<http://ids.clld.org/values/9-740-406-1>		<http://ids.clld.org/parameters/9-740>		<http://ids.clld.org/values/9-740-198-1>		"stiklā"@prg	
"hu.44"@huj	<http://ids.clld.org/values/12-850-406-1>		<http://ids.clld.org/parameters/12-850>		<http://ids.clld.org/values/12-850-198-1>		"dulzis"@prg	
"fa.24 tau.33"@huj	<http://ids.clld.org/values/7-310-406-1>		<http://ids.clld.org/parameters/7-310>		<http://ids.clld.org/values/7-310-198-1>		"pelanā"@prg	
"jik.24 ka.33"@huj	<http://ids.clld.org/values/18-380-406-1>		<http://ids.clld.org/parameters/18-380>		<http://ids.clld.org/values/18-380-198-1>		"dr'áudē"@prg	
"ju.44 pəi.33 ʔuen.33"@huj	<http://ids.clld.org/values/12-40-406-1>		<http://ids.clld.org/parameters/12-40>		<http://ids.clld.org/values/12-40-198-1>		"pirzdau"@prg	
"ńuet.43"@huj	<http://ids.clld.org/values/4-142-406-1>		<http://ids.clld.org/parameters/4-142>		<http://ids.clld.org/values/4-142-198-1>		"bārdus"@prg	
"khau.11 cha.11"@huj	<http://ids.clld.org/values/8-430-406-1>		<http://ids.clld.org/parameters/8-430>		<http://ids.clld.org/values/8-430-198-1>		"gaidis"@prg	
"ho.24 to.33 lo.44 mai.43"@huj	<http://ids.clld.org/values/8-720-406-1>		<http://ids.clld.org/parameters/8-720>		<http://ids.clld.org/values/8-720-198-1>		"kalmus"@prg	
"me.31 xuaŋ.24"@huj	<http://ids.clld.org/values/3-230-406-3>		<http://ids.clld.org/parameters/3-230>		<http://ids.clld.org/values/3-230-198-1>		"klentē"@prg	
"pian.11"@huj	<http://ids.clld.org/values/12-930-406-1>		<http://ids.clld.org/parameters/12-930>		<http://ids.clld.org/values/12-930-198-1>		"kitavidintun sin"@prg	
"xun.24"@huj	<http://ids.clld.org/values/6-270-406-1>		<http://ids.clld.org/parameters/6-270>		<http://ids.clld.org/values/6-270-198-1>		"tūbā"@prg	
"ko.33 luak.11"@huj	<http://ids.clld.org/values/4-281-406-1>		<http://ids.clld.org/parameters/4-281>		<http://ids.clld.org/values/4-281-198-1>		"pergalvis"@prg	
"pi.44 ʔaŋ.11 nai.24"@huj	<http://ids.clld.org/values/17-520-406-1>		<http://ids.clld.org/parameters/17-520>		<http://ids.clld.org/values/17-520-198-1>		"begi"@prg	
"mi.44 loŋ.24"@huj	<http://ids.clld.org/values/11-510-406-3>		<http://ids.clld.org/parameters/11-510>		<http://ids.clld.org/values/11-510-198-1>		"láims"@prg	
"məai.24"@huj	<http://ids.clld.org/values/6-380-406-1>		<http://ids.clld.org/parameters/6-380>		<http://ids.clld.org/values/6-380-198-1>		"auvilkis"@prg	
"ka.11 lɛ.33"@huj	<http://ids.clld.org/values/3-593-406-1>		<http://ids.clld.org/parameters/3-593>		<http://ids.clld.org/values/3-593-198-1>		"varnē"@prg	
"pau.44"@huj	<http://ids.clld.org/values/22-230-406-1>		<http://ids.clld.org/parameters/22-230>		<http://ids.clld.org/values/22-230-198-1>		"[zegnāt]"@prg	
"vian.11"@huj	<http://ids.clld.org/values/11-430-406-1>		<http://ids.clld.org/parameters/11-430>		<http://ids.clld.org/values/11-430-198-1>		"peningans"@prg	
"pɛat.43"@huj	<http://ids.clld.org/values/4-760-406-1>		<http://ids.clld.org/parameters/4-760>		<http://ids.clld.org/values/4-760-198-1>		"galintvei"@prg	
"cha.33"@huj	<http://ids.clld.org/values/11-630-406-1>		<http://ids.clld.org/parameters/11-630>		<http://ids.clld.org/values/11-630-198-1>		"skelánts"@prg	
"khau.11 cha.11 lɛ.33"@huj	<http://ids.clld.org/values/8-450-406-1>		<http://ids.clld.org/parameters/8-450>		<http://ids.clld.org/values/8-450-198-1>		"rugis"@prg	
"kha.44 lin.33"@huj	<http://ids.clld.org/values/22-320-406-1>		<http://ids.clld.org/parameters/22-320>		<http://ids.clld.org/values/22-320-198-1>		"pikuls"@prg	
"khau.24"@huj	<http://ids.clld.org/values/2-960-406-1>		<http://ids.clld.org/parameters/2-960>		<http://ids.clld.org/values/2-960-198-3>		"tanans"@prg	
"khau.24"@huj	<http://ids.clld.org/values/2-960-406-1>		<http://ids.clld.org/parameters/2-960>		<http://ids.clld.org/values/2-960-198-1>		"tanai"@prg	
