"lɛan.33"@huj	<http://ids.clld.org/values/1-530-406-1>		<http://ids.clld.org/parameters/1-530>		<http://ids.clld.org/values/1-530-823-1>		"puləan.2"@scb-x-rucc1239	
"phə.11 ńiŋ.44"@huj	<http://ids.clld.org/values/2-220-406-1>		<http://ids.clld.org/parameters/2-220>		<http://ids.clld.org/values/2-220-823-1>		"pukj.3"@scb-x-rucc1239	
"pu.24 thau.11"@huj	<http://ids.clld.org/values/2-461-406-1>		<http://ids.clld.org/parameters/2-461>		<http://ids.clld.org/values/2-461-823-1>		"ʔo:ŋ.1 kuməʌk.4"@scb-x-rucc1239	
"sai.44"@huj	<http://ids.clld.org/values/1-215-406-1>		<http://ids.clld.org/parameters/1-215>		<http://ids.clld.org/values/1-215-823-1>		"təka:c.3"@scb-x-rucc1239	
"kon.44 cai.44"@huj	<http://ids.clld.org/values/2-230-406-1>		<http://ids.clld.org/parameters/2-230>		<http://ids.clld.org/values/2-230-823-1>		"tɨk.4"@scb-x-rucc1239	
"lan.43 vo.33"@huj	<http://ids.clld.org/values/1-370-406-1>		<http://ids.clld.org/parameters/1-370>		<http://ids.clld.org/values/1-370-823-1>		"ru:k.4"@scb-x-rucc1239	
"luen.44 loŋ.24"@huj	<http://ids.clld.org/values/1-720-406-1>		<http://ids.clld.org/parameters/1-720>		<http://ids.clld.org/values/1-720-823-1>		"kajɔ.3"@scb-x-rucc1239	
"kon.44"@huj	<http://ids.clld.org/values/2-100-406-1>		<http://ids.clld.org/parameters/2-100>		<http://ids.clld.org/values/2-100-823-1>		"ŋa:j.2"@scb-x-rucc1239	
"vɛan.44"@huj	<http://ids.clld.org/values/1-520-406-1>		<http://ids.clld.org/parameters/1-520>		<http://ids.clld.org/values/1-520-823-1>		"məʌt.4 kara:ŋ.1"@scb-x-rucc1239	
"lu.11 cai.44"@huj	<http://ids.clld.org/values/2-410-406-1>		<http://ids.clld.org/parameters/2-410>		<http://ids.clld.org/values/2-410-823-1>		"kɔ:n.1 puku:ń.3"@scb-x-rucc1239	
"vət.11"@huj	<http://ids.clld.org/values/1-630-406-1>		<http://ids.clld.org/parameters/1-630>		<http://ids.clld.org/values/1-630-823-1>		"pɔ:ŋ.3"@scb-x-rucc1239	
"ʔa.44 ko.33"@huj	<http://ids.clld.org/values/2-444-406-1>		<http://ids.clld.org/parameters/2-444>		<http://ids.clld.org/values/2-444-823-1>		"məaŋ.4"@scb-x-rucc1239	
"muak.44"@huj	<http://ids.clld.org/values/1-740-406-1>		<http://ids.clld.org/parameters/1-740>		<http://ids.clld.org/values/1-740-823-1>		"tulu:k.3"@scb-x-rucc1239	
"ʔai.33 fəai.44"@huj	<http://ids.clld.org/values/1-830-406-1>		<http://ids.clld.org/parameters/1-830>		<http://ids.clld.org/values/1-830-823-1>		"kahɔ:j.3"@scb-x-rucc1239	
"ʔai.33 fəai.44"@huj	<http://ids.clld.org/values/1-830-406-1>		<http://ids.clld.org/parameters/1-830>		<http://ids.clld.org/values/1-830-823-2>		"camaŋ.1"@scb-x-rucc1239	
"ʔai.33 fəai.44"@huj	<http://ids.clld.org/values/1-830-406-1>		<http://ids.clld.org/parameters/1-830>		<http://ids.clld.org/values/1-830-823-3>		"patj.1"@scb-x-rucc1239	
"lu.11 kha.24 (ńiŋ / sau.24)"@huj	<http://ids.clld.org/values/2-261-406-1>		<http://ids.clld.org/parameters/2-261>		<http://ids.clld.org/values/2-261-823-1>		"puma:j.3"@scb-x-rucc1239	
"ʔa.33 te.33"@huj	<http://ids.clld.org/values/2-350-406-1>		<http://ids.clld.org/parameters/2-350>		<http://ids.clld.org/values/2-350-823-1>		"pɨ.4"@scb-x-rucc1239	
"luai.33"@huj	<http://ids.clld.org/values/1-220-406-1>		<http://ids.clld.org/parameters/1-220>		<http://ids.clld.org/values/1-220-823-2>		"do:l.1"@scb-x-rucc1239	
"luai.33"@huj	<http://ids.clld.org/values/1-220-406-1>		<http://ids.clld.org/parameters/1-220>		<http://ids.clld.org/values/1-220-823-1>		"cɨ:t.3"@scb-x-rucc1239	
"jia.31 / me.44"@huj	<http://ids.clld.org/values/2-320-406-1>		<http://ids.clld.org/parameters/2-320>		<http://ids.clld.org/values/2-320-823-1>		"makj.3"@scb-x-rucc1239	
"lu.11 ʔa.44 liaŋ.33 ńi.44"@huj	<http://ids.clld.org/values/2-280-406-1>		<http://ids.clld.org/parameters/2-280>		<http://ids.clld.org/values/2-280-823-1>		"pucɔ:j.3"@scb-x-rucc1239	
"lin.33"@huj	<http://ids.clld.org/values/1-212-406-1>		<http://ids.clld.org/parameters/1-212>		<http://ids.clld.org/values/1-212-823-1>		"bə:n.3"@scb-x-rucc1239	
"lan.43"@huj	<http://ids.clld.org/values/1-310-406-1>		<http://ids.clld.org/parameters/1-310>		<http://ids.clld.org/values/1-310-823-1>		"da:k.3"@scb-x-rucc1239	
"kon.44 thau.11 chən.31 nə.24"@huj	<http://ids.clld.org/values/2-560-406-1>		<http://ids.clld.org/parameters/2-560>		<http://ids.clld.org/values/2-560-823-1>		"ʔo:ŋ.1 pluok.4"@scb-x-rucc1239	
"than.44 mi.11"@huj	<http://ids.clld.org/values/1-890-406-1>		<http://ids.clld.org/parameters/1-890>		<http://ids.clld.org/values/1-890-823-1>		"laŋ.caŋ.1"@scb-x-rucc1239	
"pi.33 nuaŋ.43 ńiŋ.44 pi.33 nuaŋ.43 cai.44"@huj	<http://ids.clld.org/values/2-456-406-1>		<http://ids.clld.org/parameters/2-456>		<http://ids.clld.org/values/2-456-823-1>		"ceɛ.4 məaŋ.4"@scb-x-rucc1239	
"ʔa.33 se.44"@huj	<http://ids.clld.org/values/2-454-406-1>		<http://ids.clld.org/parameters/2-454>		<http://ids.clld.org/values/2-454-823-1>		"cj.4"@scb-x-rucc1239	
"ʔa.44 ta.33"@huj	<http://ids.clld.org/values/2-611-406-1>		<http://ids.clld.org/parameters/2-611>		<http://ids.clld.org/values/2-611-823-1>		"pɨ.4 maju:ń.3"@scb-x-rucc1239	
"lu.11 ʔa.33 cai.44"@huj	<http://ids.clld.org/values/2-251-406-1>		<http://ids.clld.org/parameters/2-251>		<http://ids.clld.org/values/2-251-823-1>		"ba:w.1"@scb-x-rucc1239	
"lau.33"@huj	<http://ids.clld.org/values/1-540-406-1>		<http://ids.clld.org/parameters/1-540>		<http://ids.clld.org/values/1-540-823-1>		"kumi:ŋ.1"@scb-x-rucc1239	
"tət.43 lan.43"@huj	<http://ids.clld.org/values/1-390-406-1>		<http://ids.clld.org/parameters/1-390>		<http://ids.clld.org/values/1-390-823-1>		"tha:k.3 da:k.3"@scb-x-rucc1239	
"lɛan.24 cai.44"@huj	<http://ids.clld.org/values/2-530-406-1>		<http://ids.clld.org/parameters/2-530>		<http://ids.clld.org/values/2-530-823-1>		"cw.3"@scb-x-rucc1239	
"nai.44"@huj	<http://ids.clld.org/values/1-640-406-1>		<http://ids.clld.org/parameters/1-640>		<http://ids.clld.org/values/1-640-823-1>		"da:k.3 mw.2"@scb-x-rucc1239	
"ha.31 jia.31"@huj	<http://ids.clld.org/values/2-330-406-1>		<http://ids.clld.org/parameters/2-330>		<http://ids.clld.org/values/2-330-823-2>		"lj.4 maku:ń.3"@scb-x-rucc1239	
"ha.31 jia.31"@huj	<http://ids.clld.org/values/2-330-406-1>		<http://ids.clld.org/parameters/2-330>		<http://ids.clld.org/values/2-330-823-3>		"dɔ:ŋ.1"@scb-x-rucc1239	
"ha.31 jia.31"@huj	<http://ids.clld.org/values/2-330-406-1>		<http://ids.clld.org/parameters/2-330>		<http://ids.clld.org/values/2-330-823-1>		"lj.4 makj.3"@scb-x-rucc1239	
"lu.11 ʔa.44 liaŋ.33"@huj	<http://ids.clld.org/values/2-270-406-1>		<http://ids.clld.org/parameters/2-270>		<http://ids.clld.org/values/2-270-823-1>		"kɔ:n.1"@scb-x-rucc1239	
"fa.24 lan.43"@huj	<http://ids.clld.org/values/1-270-406-1>		<http://ids.clld.org/parameters/1-270>		<http://ids.clld.org/values/1-270-823-1>		"kupə:ŋ.1"@scb-x-rucc1239	
"fai.33 fəai.44"@huj	<http://ids.clld.org/values/1-860-406-1>		<http://ids.clld.org/parameters/1-860>		<http://ids.clld.org/values/1-860-823-1>		"tu:c.3"@scb-x-rucc1239	
"lɛan.24"@huj	<http://ids.clld.org/values/2-480-406-1>		<http://ids.clld.org/parameters/2-480>		<http://ids.clld.org/values/2-480-823-1>		"cw.3"@scb-x-rucc1239	
"luai.33 hui.11"@huj	<http://ids.clld.org/values/1-240-406-1>		<http://ids.clld.org/parameters/1-240>		<http://ids.clld.org/values/1-240-823-1>		"ulu:ŋ.1"@scb-x-rucc1239	
"fən.24 loŋ.24"@huj	<http://ids.clld.org/values/1-580-406-1>		<http://ids.clld.org/parameters/1-580>		<http://ids.clld.org/values/1-580-823-1>		"pa:w.4"@scb-x-rucc1239	
"jia.33 thau.11"@huj	<http://ids.clld.org/values/2-471-406-1>		<http://ids.clld.org/parameters/2-471>		<http://ids.clld.org/values/2-471-823-1>		"moɔ.4 kuməʌk.4"@scb-x-rucc1239	
"ʔa.33 nai.33"@huj	<http://ids.clld.org/values/2-470-406-1>		<http://ids.clld.org/parameters/2-470>		<http://ids.clld.org/values/2-470-823-1>		"za.1"@scb-x-rucc1239	
"ʔa.33 nai.33"@huj	<http://ids.clld.org/values/2-470-406-1>		<http://ids.clld.org/parameters/2-470>		<http://ids.clld.org/values/2-470-823-2>		"na:j.1"@scb-x-rucc1239	
"lan.43 hui.11"@huj	<http://ids.clld.org/values/1-360-406-1>		<http://ids.clld.org/parameters/1-360>		<http://ids.clld.org/values/1-360-823-1>		"ju:ŋ.4"@scb-x-rucc1239	
"lan.43 hui.11"@huj	<http://ids.clld.org/values/1-360-406-1>		<http://ids.clld.org/parameters/1-360>		<http://ids.clld.org/values/1-360-823-2>		"cərɔ:k.3"@scb-x-rucc1239	
"fəai.44 fən.44"@huj	<http://ids.clld.org/values/1-880-406-1>		<http://ids.clld.org/parameters/1-880>		<http://ids.clld.org/values/1-880-823-1>		"ku:r.1"@scb-x-rucc1239	
"ʔa.44 pho.31"@huj	<http://ids.clld.org/values/2-621-406-1>		<http://ids.clld.org/parameters/2-621>		<http://ids.clld.org/values/2-621-823-1>		"meɛ.4 maku:ń.3"@scb-x-rucc1239	
"fa.43 miet.11"@huj	<http://ids.clld.org/values/1-550-406-1>		<http://ids.clld.org/parameters/1-550>		<http://ids.clld.org/values/1-550-823-1>		"ala:r.3"@scb-x-rucc1239	
"lu.11 cai.44"@huj	<http://ids.clld.org/values/2-250-406-1>		<http://ids.clld.org/parameters/2-250>		<http://ids.clld.org/values/2-250-823-1>		"ba:w.1"@scb-x-rucc1239	
"lɛan.24 ńiŋ.44"@huj	<http://ids.clld.org/values/2-540-406-1>		<http://ids.clld.org/parameters/2-540>		<http://ids.clld.org/values/2-540-823-1>		"cw.3"@scb-x-rucc1239	
"ćiu.44 mo.33"@huj	<http://ids.clld.org/values/2-522-406-1>		<http://ids.clld.org/parameters/2-522>		<http://ids.clld.org/values/2-522-823-2>		"ʔɔ.1"@scb-x-rucc1239	
"ćiu.44 mo.33"@huj	<http://ids.clld.org/values/2-522-406-1>		<http://ids.clld.org/parameters/2-522>		<http://ids.clld.org/values/2-522-823-1>		"ja.1"@scb-x-rucc1239	
"pha.24"@huj	<http://ids.clld.org/values/1-222-406-1>		<http://ids.clld.org/parameters/1-222>		<http://ids.clld.org/values/1-222-823-1>		"kupə:ŋ.1"@scb-x-rucc1239	
"pu.33"@huj	<http://ids.clld.org/values/2-310-406-1>		<http://ids.clld.org/parameters/2-310>		<http://ids.clld.org/values/2-310-823-1>		"məku:ń.3"@scb-x-rucc1239	
"phə.11 cai.44"@huj	<http://ids.clld.org/values/2-210-406-1>		<http://ids.clld.org/parameters/2-210>		<http://ids.clld.org/values/2-210-823-1>		"puku:ń.3"@scb-x-rucc1239	
"vu.24 chəai.31"@huj	<http://ids.clld.org/values/17-560-406-1>		<http://ids.clld.org/parameters/17-560>		<http://ids.clld.org/values/17-560-823-1>		"lata.3"@scb-x-rucc1239	
"ta.24 ćiu.24"@huj	<http://ids.clld.org/values/2-511-406-1>		<http://ids.clld.org/parameters/2-511>		<http://ids.clld.org/values/2-511-823-1>		"ta.1"@scb-x-rucc1239	
"ta.24 ćiu.24"@huj	<http://ids.clld.org/values/2-511-406-1>		<http://ids.clld.org/parameters/2-511>		<http://ids.clld.org/values/2-511-823-2>		"ta.1"@scb-x-rucc1239	
"ta.24 ćiu.24"@huj	<http://ids.clld.org/values/2-511-406-1>		<http://ids.clld.org/parameters/2-511>		<http://ids.clld.org/values/2-511-823-3>		"kw.4"@scb-x-rucc1239	
"hən.44)"@huj	<http://ids.clld.org/values/1-851-406-3>		<http://ids.clld.org/parameters/1-851>		<http://ids.clld.org/values/1-851-823-1>		"tu:c.3"@scb-x-rucc1239	
"lu.11 ʔa.33 ńiŋ.44"@huj	<http://ids.clld.org/values/2-260-406-1>		<http://ids.clld.org/parameters/2-260>		<http://ids.clld.org/values/2-260-823-1>		"puma:j.3"@scb-x-rucc1239	
"fəai.44"@huj	<http://ids.clld.org/values/1-810-406-1>		<http://ids.clld.org/parameters/1-810>		<http://ids.clld.org/values/1-810-823-1>		"ku:r.1"@scb-x-rucc1239	
"mai.43 toŋ.33"@huj	<http://ids.clld.org/values/1-430-406-1>		<http://ids.clld.org/parameters/1-430>		<http://ids.clld.org/values/1-430-823-1>		"kəʌj.2"@scb-x-rucc1239	
"haŋ.31 ńiau.44"@huj	<http://ids.clld.org/values/1-630-406-3>		<http://ids.clld.org/parameters/1-630>		<http://ids.clld.org/values/1-630-823-1>		"pɔ:ŋ.3"@scb-x-rucc1239	
"pəŋ.33 lan.43"@huj	<http://ids.clld.org/values/1-324-406-1>		<http://ids.clld.org/parameters/1-324>		<http://ids.clld.org/values/1-324-823-1>		"pɔh.pɔh.1"@scb-x-rucc1239	
"fa.43 laŋ.33"@huj	<http://ids.clld.org/values/1-560-406-1>		<http://ids.clld.org/parameters/1-560>		<http://ids.clld.org/values/1-560-823-1>		"krɨ:m.4"@scb-x-rucc1239	
"kon.44 ńiŋ.44"@huj	<http://ids.clld.org/values/2-240-406-1>		<http://ids.clld.org/parameters/2-240>		<http://ids.clld.org/values/2-240-823-1>		"kj.3"@scb-x-rucc1239	
"nə.24 fa.43"@huj	<http://ids.clld.org/values/1-510-406-1>		<http://ids.clld.org/parameters/1-510>		<http://ids.clld.org/values/1-510-823-1>		"plə:j.2"@scb-x-rucc1239	
"nuaŋ.43 cai.44"@huj	<http://ids.clld.org/values/2-445-406-1>		<http://ids.clld.org/parameters/2-445>		<http://ids.clld.org/values/2-445-823-1>		"ceɛ.4"@scb-x-rucc1239	
"loŋ.44 ta.33"@huj	<http://ids.clld.org/values/2-610-406-1>		<http://ids.clld.org/parameters/2-610>		<http://ids.clld.org/values/2-610-823-1>		"pɨ.4 makj.#"@scb-x-rucc1239	
"ciat.43 f��ai.44"@huj	<http://ids.clld.org/values/1-852-406-1>		<http://ids.clld.org/parameters/1-852>		<http://ids.clld.org/values/1-852-823-1>		"kɨcɔh.1"@scb-x-rucc1239	
"lin.33 lau.24"@huj	<http://ids.clld.org/values/1-214-406-1>		<http://ids.clld.org/parameters/1-214>		<http://ids.clld.org/values/1-214-823-1>		"la:r.4"@scb-x-rucc1239	
"tau.33"@huj	<http://ids.clld.org/values/1-840-406-1>		<http://ids.clld.org/parameters/1-840>		<http://ids.clld.org/values/1-840-823-1>		"tapeh.1"@scb-x-rucc1239	
"lin.33 muak.11"@huj	<http://ids.clld.org/values/1-213-406-1>		<http://ids.clld.org/parameters/1-213>		<http://ids.clld.org/values/1-213-823-1>		"kəhɔ:j.3"@scb-x-rucc1239	
"fu.44 luai.33"@huj	<http://ids.clld.org/values/1-280-406-1>		<http://ids.clld.org/parameters/1-280>		<http://ids.clld.org/values/1-280-823-1>		"kɨ:p.4"@scb-x-rucc1239	
"fən.24"@huj	<http://ids.clld.org/values/1-750-406-1>		<http://ids.clld.org/parameters/1-750>		<http://ids.clld.org/values/1-750-823-1>		"kəməa.2"@scb-x-rucc1239	
"nuaŋ.43 ńiŋ.44"@huj	<http://ids.clld.org/values/2-455-406-1>		<http://ids.clld.org/parameters/2-455>		<http://ids.clld.org/values/2-455-823-1>		"ceɛ.$"@scb-x-rucc1239	
"ta.24 te.33"@huj	<http://ids.clld.org/values/2-512-406-1>		<http://ids.clld.org/parameters/2-512>		<http://ids.clld.org/values/2-512-823-1>		"pw.2"@scb-x-rucc1239	
"ta.24 te.33"@huj	<http://ids.clld.org/values/2-512-406-1>		<http://ids.clld.org/parameters/2-512>		<http://ids.clld.org/values/2-512-823-2>		"poɔ.4"@scb-x-rucc1239	
"fa.11"@huj	<http://ids.clld.org/values/1-730-406-1>		<http://ids.clld.org/parameters/1-730>		<http://ids.clld.org/values/1-730-823-1>		"məl.1"@scb-x-rucc1239	
"me.33 loŋ.44 ta.33"@huj	<http://ids.clld.org/values/2-620-406-1>		<http://ids.clld.org/parameters/2-620>		<http://ids.clld.org/values/2-620-823-1>		"meɛ.4 makj.3"@scb-x-rucc1239	
"həai.31"@huj	<http://ids.clld.org/values/1-210-406-1>		<http://ids.clld.org/parameters/1-210>		<http://ids.clld.org/values/1-210-823-1>		"bə:n.3"@scb-x-rucc1239	
"vaŋ.31 loŋ.33"@huj	<http://ids.clld.org/values/1-410-406-1>		<http://ids.clld.org/parameters/1-410>		<http://ids.clld.org/values/1-410-823-1>		"brw.3"@scb-x-rucc1239	
"hoŋ.44"@huj	<http://ids.clld.org/values/1-590-406-1>		<http://ids.clld.org/parameters/1-590>		<http://ids.clld.org/values/1-590-823-1>		"ro:ŋ.1"@scb-x-rucc1239	
"lau.44 te.33"@huj	<http://ids.clld.org/values/2-460-406-1>		<http://ids.clld.org/parameters/2-460>		<http://ids.clld.org/values/2-460-823-1>		"pw.1"@scb-x-rucc1239	
"lau.44 te.33"@huj	<http://ids.clld.org/values/2-460-406-1>		<http://ids.clld.org/parameters/2-460>		<http://ids.clld.org/values/2-460-823-2>		"ta.1"@scb-x-rucc1239	
"pau.24 (luai.33"@huj	<http://ids.clld.org/values/1-851-406-1>		<http://ids.clld.org/parameters/1-851>		<http://ids.clld.org/values/1-851-823-1>		"tu:c.3"@scb-x-rucc1239	
"xəu.24 vu.44"@huj	<http://ids.clld.org/values/4-170-406-1>		<http://ids.clld.org/parameters/4-170>		<http://ids.clld.org/values/4-170-823-1>		"krɨŋ"@scb-x-rucc1239	
"lu.11 ńiŋ.44"@huj	<http://ids.clld.org/values/2-420-406-1>		<http://ids.clld.org/parameters/2-420>		<http://ids.clld.org/values/2-420-823-1>		"kɔ:n.1 pukj.3"@scb-x-rucc1239	
"ji.11 ma.33"@huj	<http://ids.clld.org/values/2-521-406-1>		<http://ids.clld.org/parameters/2-521>		<http://ids.clld.org/values/2-521-823-1>		"na:j.1"@scb-x-rucc1239	
"ji.11 ma.33"@huj	<http://ids.clld.org/values/2-521-406-1>		<http://ids.clld.org/parameters/2-521>		<http://ids.clld.org/values/2-521-823-2>		"mɨ.4"@scb-x-rucc1239	
"lin.24"@huj	<http://ids.clld.org/values/2-490-406-1>		<http://ids.clld.org/parameters/2-490>		<http://ids.clld.org/values/2-490-823-1>		"cw.3"@scb-x-rucc1239	
"pɛat.43"@huj	<http://ids.clld.org/values/4-760-406-1>		<http://ids.clld.org/parameters/4-760>		<http://ids.clld.org/values/4-760-823-1>		"kacit"@scb-x-rucc1239	
