"wa pi-pi-'lu"@cof	<http://ids.clld.org/values/1-330-246-1>		<http://ids.clld.org/parameters/1-330>		<http://ids.clld.org/values/1-330-264-3>		"wenɨ"@cuj	
"wa pi-pi-'lu"@cof	<http://ids.clld.org/values/1-330-246-1>		<http://ids.clld.org/parameters/1-330>		<http://ids.clld.org/values/1-330-264-1>		"pow-ha"@cuj	
"'ʔu"@cof	<http://ids.clld.org/values/8-931-246-1>		<http://ids.clld.org/parameters/8-931>		<http://ids.clld.org/values/8-931-264-1>		"c̷oľya"@cuj	
"'sõna-no"@cof	<http://ids.clld.org/values/4-740-246-1>		<http://ids.clld.org/parameters/4-740>		<http://ids.clld.org/values/4-740-264-1>		"hiweka"@cuj	
"ˀboʰ'te"@cof	<http://ids.clld.org/values/4-351-246-1>		<http://ids.clld.org/parameters/4-351>		<http://ids.clld.org/values/4-351-264-1>		"skotpaľi"@cuj	
"laʰ'pipo-no"@cof	<http://ids.clld.org/values/10-140-246-3>		<http://ids.clld.org/parameters/10-140>		<http://ids.clld.org/values/10-140-264-1>		"powata"@cuj	
"ʔo-nũ-[panu]"@cof	<http://ids.clld.org/values/6-410-246-1>		<http://ids.clld.org/parameters/6-410>		<http://ids.clld.org/values/6-410-264-1>		"papowaľɨtɨ"@cuj	
"mu'mũ"@cof	<http://ids.clld.org/values/18-280-246-1>		<http://ids.clld.org/parameters/18-280>		<http://ids.clld.org/values/18-280-264-1>		"hi-waka"@cuj	
"ʔoh'tõ-koro"@cof	<http://ids.clld.org/values/3-840-246-1>		<http://ids.clld.org/parameters/3-840>		<http://ids.clld.org/values/3-840-264-1>		"c̷omi"@cuj	
"ʔe'lã"@cof	<http://ids.clld.org/values/8-941-246-1>		<http://ids.clld.org/parameters/8-941>		<http://ids.clld.org/values/8-941-264-1>		"počwaksɨrɨ"@cuj	
"c̷iʰ'ke"@cof	<http://ids.clld.org/values/2-910-246-3>		<http://ids.clld.org/parameters/2-910>		<http://ids.clld.org/values/2-910-264-1>		"hita"@cuj	
"c̷iʰ'ke"@cof	<http://ids.clld.org/values/2-910-246-3>		<http://ids.clld.org/parameters/2-910>		<http://ids.clld.org/values/2-910-264-3>		"-no"@cuj	
"c̷iʰ'pi"@cof	<http://ids.clld.org/values/4-550-246-1>		<http://ids.clld.org/parameters/4-550>		<http://ids.clld.org/values/4-550-264-1>		"hinkoka"@cuj	
"puʰ'ka"@cof	<http://ids.clld.org/values/8-311-246-3>		<http://ids.clld.org/parameters/8-311>		<http://ids.clld.org/values/8-311-264-3>		"kaxirɨxi"@cuj	
"puʰ'ka"@cof	<http://ids.clld.org/values/8-311-246-3>		<http://ids.clld.org/parameters/8-311>		<http://ids.clld.org/values/8-311-264-1>		"xi"@cuj	
"[tako]"@cof	<http://ids.clld.org/values/8-680-246-1>		<http://ids.clld.org/parameters/8-680>		<http://ids.clld.org/values/8-680-264-1>		"yiri ~ hayi-re"@cuj	
"'tẽka"@cof	<http://ids.clld.org/values/17-110-246-1>		<http://ids.clld.org/parameters/17-110>		<http://ids.clld.org/values/17-110-264-1>		"nšinikanɨ"@cuj	
"to"@cof	<http://ids.clld.org/values/1-100-246-1>		<http://ids.clld.org/parameters/1-100>		<http://ids.clld.org/values/1-100-264-1>		"hohi"@cuj	
"Φa-"@cof	<http://ids.clld.org/values/10-550-246-3>		<http://ids.clld.org/parameters/10-550>		<http://ids.clld.org/values/10-550-264-1>		"ha-po-ka"@cuj	
"laʰpi-no"@cof	<http://ids.clld.org/values/10-140-246-1>		<http://ids.clld.org/parameters/10-140>		<http://ids.clld.org/values/10-140-264-1>		"powata"@cuj	
"ʔaʰ'sã"@cof	<http://ids.clld.org/values/4-150-246-1>		<http://ids.clld.org/parameters/4-150>		<http://ids.clld.org/values/4-150-264-1>		"-hra-ha"@cuj	
"ˀdi'la"@cof	<http://ids.clld.org/values/20-640-246-1>		<http://ids.clld.org/parameters/20-640>		<http://ids.clld.org/values/20-640-264-1>		"hic̷ekľɨ"@cuj	
"'neˀde"@cof	<http://ids.clld.org/values/4-374-246-1>		<http://ids.clld.org/parameters/4-374>		<http://ids.clld.org/values/4-374-264-1>		"hapo"@cuj	
"'kũta"@cof	<http://ids.clld.org/values/1-560-246-1>		<http://ids.clld.org/parameters/1-560>		<http://ids.clld.org/values/1-560-264-1>		"hitľohita"@cuj	
"to"@cof	<http://ids.clld.org/values/9-730-246-1>		<http://ids.clld.org/parameters/9-730>		<http://ids.clld.org/values/9-730-264-1>		"tawna"@cuj	
"to"@cof	<http://ids.clld.org/values/9-730-246-1>		<http://ids.clld.org/parameters/9-730>		<http://ids.clld.org/values/9-730-264-3>		"taši"@cuj	
"mã"@cof	<http://ids.clld.org/values/13-10-246-1>		<http://ids.clld.org/parameters/13-10>		<http://ids.clld.org/values/13-10-264-3>		"satɨ"@cuj	
"mã"@cof	<http://ids.clld.org/values/13-10-246-1>		<http://ids.clld.org/parameters/13-10>		<http://ids.clld.org/values/13-10-264-1>		"pa"@cuj	
"['mili]"@cof	<http://ids.clld.org/values/13-106-246-1>		<http://ids.clld.org/parameters/13-106>		<http://ids.clld.org/values/13-106-264-1>		"[waranka]"@cuj	
"'c̷u-no"@cof	<http://ids.clld.org/values/12-130-246-1>		<http://ids.clld.org/parameters/12-130>		<http://ids.clld.org/values/12-130-264-1>		"tɨpľa-ta"@cuj	
"'kiˀdo"@cof	<http://ids.clld.org/values/4-120-246-1>		<http://ids.clld.org/parameters/4-120>		<http://ids.clld.org/values/4-120-264-1>		"nikči-mta"@cuj	
"'kiˀdo"@cof	<http://ids.clld.org/values/4-120-246-1>		<http://ids.clld.org/parameters/4-120>		<http://ids.clld.org/values/4-120-264-3>		"mta"@cuj	
"pi'la ki'ˀdo"@cof	<http://ids.clld.org/values/18-560-246-1>		<http://ids.clld.org/parameters/18-560>		<http://ids.clld.org/values/18-560-264-1>		"[kirɨka]"@cuj	
"kuʰ'c̷u"@cof	<http://ids.clld.org/values/8-920-246-1>		<http://ids.clld.org/parameters/8-920>		<http://ids.clld.org/values/8-920-264-1>		"ximeka"@cuj	
"lu'we-no"@cof	<http://ids.clld.org/values/5-181-246-1>		<http://ids.clld.org/parameters/5-181>		<http://ids.clld.org/values/5-181-264-1>		"nikľoka"@cuj	
"po'yo"@cof	<http://ids.clld.org/values/1-730-246-1>		<http://ids.clld.org/parameters/1-730>		<http://ids.clld.org/values/1-730-264-1>		"kyačhapererɨmko"@cuj	
"naʰ'ka"@cof	<http://ids.clld.org/values/12-560-246-3>		<http://ids.clld.org/parameters/12-560>		<http://ids.clld.org/values/12-560-264-1>		"mtɨ-rɨ"@cuj	
"kilĩ'c̷i c̷i'ˀde"@cof	<http://ids.clld.org/values/4-162-246-1>		<http://ids.clld.org/parameters/4-162>		<http://ids.clld.org/values/4-162-264-3>		"kwansat-hapɨ"@cuj	
"kilĩ'c̷i c̷i'ˀde"@cof	<http://ids.clld.org/values/4-162-246-1>		<http://ids.clld.org/parameters/4-162>		<http://ids.clld.org/values/4-162-264-1>		"kwansata"@cuj	
"ka'rã"@cof	<http://ids.clld.org/values/3-818-246-1>		<http://ids.clld.org/parameters/3-818>		<http://ids.clld.org/values/3-818-264-1>		"pɨthana"@cuj	
"tẽka ka-no"@cof	<http://ids.clld.org/values/17-130-246-1>		<http://ids.clld.org/parameters/17-130>		<http://ids.clld.org/values/17-130-264-1>		"hi-šinika"@cuj	
"'keʔere-ʔi-no"@cof	<http://ids.clld.org/values/10-230-246-1>		<http://ids.clld.org/parameters/10-230>		<http://ids.clld.org/values/10-230-264-1>		"hixrɨ-ka"@cuj	
"puya-mĩ sona"@cof	<http://ids.clld.org/values/2-760-246-1>		<http://ids.clld.org/parameters/2-760>		<http://ids.clld.org/values/2-760-264-1>		"hipnahnɨrɨtačro"@cuj	
"c̷oʰc̷o na"@cof	<http://ids.clld.org/values/2-280-246-1>		<http://ids.clld.org/parameters/2-280>		<http://ids.clld.org/values/2-280-264-1>		"mtɨ-rɨ"@cuj	
"'c̷aʰc̷i-ka"@cof	<http://ids.clld.org/values/4-130-246-1>		<http://ids.clld.org/parameters/4-130>		<http://ids.clld.org/values/4-130-264-1>		"hitɨ"@cuj	
"ki'ra-no"@cof	<http://ids.clld.org/values/15-520-246-1>		<http://ids.clld.org/parameters/15-520>		<http://ids.clld.org/values/15-520-264-1>		"heta"@cuj	
"c̷a'la"@cof	<http://ids.clld.org/values/9-760-246-1>		<http://ids.clld.org/parameters/9-760>		<http://ids.clld.org/values/9-760-264-1>		"koxi-ta"@cuj	
"ʔũ-ʔi-"@cof	<http://ids.clld.org/values/10-340-246-1>		<http://ids.clld.org/parameters/10-340>		<http://ids.clld.org/values/10-340-264-1>		"hikmahata"@cuj	
"ʔiʰ'sã"@cof	<http://ids.clld.org/values/15-860-246-3>		<http://ids.clld.org/parameters/15-860>		<http://ids.clld.org/values/15-860-264-1>		"kačik-ľe-rɨ"@cuj	
"ˀbeʰ'tẽˀde"@cof	<http://ids.clld.org/values/4-190-246-1>		<http://ids.clld.org/parameters/4-190>		<http://ids.clld.org/values/4-190-264-1>		"tʸi"@cuj	
"ʔoʰ'Φo-ke-no"@cof	<http://ids.clld.org/values/4-530-246-1>		<http://ids.clld.org/parameters/4-530>		<http://ids.clld.org/values/4-530-264-1>		"hethota"@cuj	
"'kuni ki-"@cof	<http://ids.clld.org/values/4-215-246-1>		<http://ids.clld.org/parameters/4-215>		<http://ids.clld.org/values/4-215-264-1>		"hixpɨka"@cuj	
"kuʰ'pe"@cof	<http://ids.clld.org/values/8-540-246-3>		<http://ids.clld.org/parameters/8-540>		<http://ids.clld.org/values/8-540-264-1>		"ko-c̷a"@cuj	
"kuʰ'pe"@cof	<http://ids.clld.org/values/8-540-246-3>		<http://ids.clld.org/parameters/8-540>		<http://ids.clld.org/values/8-540-264-3>		"c̷ki"@cuj	
"torĩ-'kã"@cof	<http://ids.clld.org/values/12-810-246-1>		<http://ids.clld.org/parameters/12-810>		<http://ids.clld.org/values/12-810-264-1>		"po-pro-ľo-ľɨ"@cuj	
"te'lĩ"@cof	<http://ids.clld.org/values/3-832-246-1>		<http://ids.clld.org/parameters/3-832>		<http://ids.clld.org/values/3-832-264-1>		"hahyo"@cuj	
"'suˀda-ke-no"@cof	<http://ids.clld.org/values/18-170-246-1>		<http://ids.clld.org/parameters/18-170>		<http://ids.clld.org/values/18-170-264-1>		"xroľoxi"@cuj	
"po'yo"@cof	<http://ids.clld.org/values/1-740-246-1>		<http://ids.clld.org/parameters/1-740>		<http://ids.clld.org/values/1-740-264-1>		"kyačhapererɨmko"@cuj	
"ki'ya"@cof	<http://ids.clld.org/values/2-630-246-1>		<http://ids.clld.org/parameters/2-630>		<http://ids.clld.org/values/2-630-264-1>		"mekanɨrɨ"@cuj	
"ki'ra-no"@cof	<http://ids.clld.org/values/15-510-246-1>		<http://ids.clld.org/parameters/15-510>		<http://ids.clld.org/values/15-510-264-1>		"heta"@cuj	
"ʔaʰ'c̷ĩ-ke-no"@cof	<http://ids.clld.org/values/4-540-246-1>		<http://ids.clld.org/parameters/4-540>		<http://ids.clld.org/values/4-540-264-1>		"hečhota"@cuj	
"ʔu'nila na"@cof	<http://ids.clld.org/values/2-250-246-1>		<http://ids.clld.org/parameters/2-250>		<http://ids.clld.org/values/2-250-264-1>		"hexha"@cuj	
"'suʰpã"@cof	<http://ids.clld.org/values/3-591-246-1>		<http://ids.clld.org/parameters/3-591>		<http://ids.clld.org/values/3-591-264-1>		"šyo"@cuj	
"'kũta 'pĩda"@cof	<http://ids.clld.org/values/1-550-246-1>		<http://ids.clld.org/parameters/1-550>		<http://ids.clld.org/values/1-550-264-1>		"rawrakľe"@cuj	
"hira'le"@cof	<http://ids.clld.org/values/13-140-246-5>		<http://ids.clld.org/parameters/13-140>		<http://ids.clld.org/values/13-140-264-3>		"ptowrɨ"@cuj	
"hira'le"@cof	<http://ids.clld.org/values/13-140-246-5>		<http://ids.clld.org/parameters/13-140>		<http://ids.clld.org/values/13-140-264-1>		"pexnɨ"@cuj	
"c̷ã'pa"@cof	<http://ids.clld.org/values/6-120-246-1>		<http://ids.clld.org/parameters/6-120>		<http://ids.clld.org/values/6-120-264-1>		"mka"@cuj	
"ta'mo"@cof	<http://ids.clld.org/values/7-270-246-1>		<http://ids.clld.org/parameters/7-270>		<http://ids.clld.org/values/7-270-264-1>		"prixerɨ"@cuj	
"mu'ˀdu"@cof	<http://ids.clld.org/values/1-214-246-1>		<http://ids.clld.org/parameters/1-214>		<http://ids.clld.org/values/1-214-264-3>		"xpa"@cuj	
"mu'ˀdu"@cof	<http://ids.clld.org/values/1-214-246-1>		<http://ids.clld.org/parameters/1-214>		<http://ids.clld.org/values/1-214-264-1>		"kaxpa"@cuj	
"'mã-te"@cof	<http://ids.clld.org/values/13-50-246-1>		<http://ids.clld.org/parameters/13-50>		<http://ids.clld.org/values/13-50-264-1>		"pamyo"@cuj	
"[peloto]"@cof	<http://ids.clld.org/values/12-830-246-1>		<http://ids.clld.org/parameters/12-830>		<http://ids.clld.org/values/12-830-264-1>		"poproľsahi"@cuj	
"[peloto]"@cof	<http://ids.clld.org/values/12-830-246-1>		<http://ids.clld.org/parameters/12-830>		<http://ids.clld.org/values/12-830-264-3>		"sahi"@cuj	
"lu'we-"@cof	<http://ids.clld.org/values/10-320-246-1>		<http://ids.clld.org/parameters/10-320>		<http://ids.clld.org/values/10-320-264-1>		"ha-po-ha-ta"@cuj	
"'ka-no"@cof	<http://ids.clld.org/values/11-130-246-1>		<http://ids.clld.org/parameters/11-130>		<http://ids.clld.org/values/11-130-264-1>		"hani-ka"@cuj	
"ˀdo'ni"@cof	<http://ids.clld.org/values/4-250-246-1>		<http://ids.clld.org/parameters/4-250>		<http://ids.clld.org/values/4-250-264-1>		"spɨ ~ špɨ"@cuj	
"ʔonpi"@cof	<http://ids.clld.org/values/3-980-246-1>		<http://ids.clld.org/parameters/3-980>		<http://ids.clld.org/values/3-980-264-3>		"sɨprɨ"@cuj	
"ʔonpi"@cof	<http://ids.clld.org/values/3-980-246-1>		<http://ids.clld.org/parameters/3-980>		<http://ids.clld.org/values/3-980-264-1>		"čkipɨ"@cuj	
"yuʰ'kã"@cof	<http://ids.clld.org/values/22-350-246-3>		<http://ids.clld.org/parameters/22-350>		<http://ids.clld.org/values/22-350-264-1>		"kam-či"@cuj	
"piʰ'sa"@cof	<http://ids.clld.org/values/1-250-246-1>		<http://ids.clld.org/parameters/1-250>		<http://ids.clld.org/values/1-250-264-1>		"kaniprekľi ~ kaniprekľɨ"@cuj	
"pi muʰke-no"@cof	<http://ids.clld.org/values/5-150-246-1>		<http://ids.clld.org/parameters/5-150>		<http://ids.clld.org/values/5-150-264-1>		"honunˑahatewata"@cuj	
"ku-pi"@cof	<http://ids.clld.org/values/5-860-246-1>		<http://ids.clld.org/parameters/5-860>		<http://ids.clld.org/values/5-860-264-1>		"t-nɨ-ha"@cuj	
"piʰ'pa"@cof	<http://ids.clld.org/values/1-214-246-3>		<http://ids.clld.org/parameters/1-214>		<http://ids.clld.org/values/1-214-264-3>		"xpa"@cuj	
"piʰ'pa"@cof	<http://ids.clld.org/values/1-214-246-3>		<http://ids.clld.org/parameters/1-214>		<http://ids.clld.org/values/1-214-264-1>		"kaxpa"@cuj	
"Φi-ʰ'ˀbã"@cof	<http://ids.clld.org/values/15-640-246-1>		<http://ids.clld.org/parameters/15-640>		<http://ids.clld.org/values/15-640-264-1>		"kľata"@cuj	
"'suyũ"@cof	<http://ids.clld.org/values/1-590-246-1>		<http://ids.clld.org/parameters/1-590>		<http://ids.clld.org/values/1-590-264-1>		"kši"@cuj	
"'tẽsaʔa-no"@cof	<http://ids.clld.org/values/16-260-246-1>		<http://ids.clld.org/parameters/16-260>		<http://ids.clld.org/values/16-260-264-1>		"hapnoka-wa-ta"@cuj	
"tuwa-no"@cof	<http://ids.clld.org/values/4-853-246-1>		<http://ids.clld.org/parameters/4-853>		<http://ids.clld.org/values/4-853-264-3>		"hanka-xrɨ"@cuj	
"tuwa-no"@cof	<http://ids.clld.org/values/4-853-246-1>		<http://ids.clld.org/parameters/4-853>		<http://ids.clld.org/values/4-853-264-1>		"hanka"@cuj	
"mi'su c̷i'ˀde"@cof	<http://ids.clld.org/values/4-202-246-1>		<http://ids.clld.org/parameters/4-202>		<http://ids.clld.org/values/4-202-264-1>		"xiwɨta"@cuj	
"'tãhi-"@cof	<http://ids.clld.org/values/10-620-246-1>		<http://ids.clld.org/parameters/10-620>		<http://ids.clld.org/values/10-620-264-1>		"hwa-pa"@cuj	
"ʔoro-'no"@cof	<http://ids.clld.org/values/6-350-246-1>		<http://ids.clld.org/parameters/6-350>		<http://ids.clld.org/values/6-350-264-1>		"yo-c̷-ha"@cuj	
"panu"@cof	<http://ids.clld.org/values/6-120-246-3>		<http://ids.clld.org/parameters/6-120>		<http://ids.clld.org/values/6-120-264-1>		"mka"@cuj	
"pe'mã"@cof	<http://ids.clld.org/values/13-30-246-1>		<http://ids.clld.org/parameters/13-30>		<http://ids.clld.org/values/13-30-264-1>		"mapa"@cuj	
"meʰ'se"@cof	<http://ids.clld.org/values/3-620-246-1>		<http://ids.clld.org/parameters/3-620>		<http://ids.clld.org/values/3-620-264-1>		"mišito"@cuj	
"ya"@cof	<http://ids.clld.org/values/2-930-246-1>		<http://ids.clld.org/parameters/2-930>		<http://ids.clld.org/values/2-930-264-1>		"waľe"@cuj	
"ya"@cof	<http://ids.clld.org/values/2-930-246-1>		<http://ids.clld.org/parameters/2-930>		<http://ids.clld.org/values/2-930-264-3>		"waľa"@cuj	
"c̷arã"@cof	<http://ids.clld.org/values/16-710-246-5>		<http://ids.clld.org/parameters/16-710>		<http://ids.clld.org/values/16-710-264-1>		"kihľe"@cuj	
"nu"@cof	<http://ids.clld.org/values/2-920-246-1>		<http://ids.clld.org/parameters/2-920>		<http://ids.clld.org/values/2-920-264-3>		"p-"@cuj	
"nu"@cof	<http://ids.clld.org/values/2-920-246-1>		<http://ids.clld.org/parameters/2-920>		<http://ids.clld.org/values/2-920-264-5>		"pɨ-"@cuj	
"nu"@cof	<http://ids.clld.org/values/2-920-246-1>		<http://ids.clld.org/parameters/2-920>		<http://ids.clld.org/values/2-920-264-1>		"pitʸa"@cuj	
"laʰ'pa"@cof	<http://ids.clld.org/values/8-510-246-3>		<http://ids.clld.org/parameters/8-510>		<http://ids.clld.org/values/8-510-264-3>		"kac̷-ľɨ"@cuj	
"laʰ'pa"@cof	<http://ids.clld.org/values/8-510-246-3>		<http://ids.clld.org/parameters/8-510>		<http://ids.clld.org/values/8-510-264-1>		"pekľo"@cuj	
"wa te-mi'su"@cof	<http://ids.clld.org/values/4-342-246-1>		<http://ids.clld.org/parameters/4-342>		<http://ids.clld.org/values/4-342-264-1>		"c̷rɨxirɨ"@cuj	
"pi"@cof	<http://ids.clld.org/values/1-360-246-1>		<http://ids.clld.org/parameters/1-360>		<http://ids.clld.org/values/1-360-264-3>		"hapha"@cuj	
"pi"@cof	<http://ids.clld.org/values/1-360-246-1>		<http://ids.clld.org/parameters/1-360>		<http://ids.clld.org/values/1-360-264-1>		"wenɨ"@cuj	
"Φo'ro"@cof	<http://ids.clld.org/values/1-280-246-1>		<http://ids.clld.org/parameters/1-280>		<http://ids.clld.org/values/1-280-264-1>		"mahka"@cuj	
"Φo'ro"@cof	<http://ids.clld.org/values/1-280-246-1>		<http://ids.clld.org/parameters/1-280>		<http://ids.clld.org/values/1-280-264-3>		"kapna"@cuj	
"'liki"@cof	<http://ids.clld.org/values/3-653-246-1>		<http://ids.clld.org/parameters/3-653>		<http://ids.clld.org/values/3-653-264-1>		"tata"@cuj	
"'nena-no"@cof	<http://ids.clld.org/values/10-450-246-1>		<http://ids.clld.org/parameters/10-450>		<http://ids.clld.org/values/10-450-264-1>		"yana"@cuj	
"ku'wa"@cof	<http://ids.clld.org/values/6-240-246-1>		<http://ids.clld.org/parameters/6-240>		<http://ids.clld.org/values/6-240-264-1>		"waphɨ"@cuj	
"'c̷aˀbã"@cof	<http://ids.clld.org/values/15-380-246-1>		<http://ids.clld.org/parameters/15-380>		<http://ids.clld.org/values/15-380-264-3>		"kač-ha"@cuj	
"'c̷aˀbã"@cof	<http://ids.clld.org/values/15-380-246-1>		<http://ids.clld.org/parameters/15-380>		<http://ids.clld.org/values/15-380-264-1>		"kačo"@cuj	
"ke-no"@cof	<http://ids.clld.org/values/9-110-246-1>		<http://ids.clld.org/parameters/9-110>		<http://ids.clld.org/values/9-110-264-1>		"kam-rɨ-ta"@cuj	
"la"@cof	<http://ids.clld.org/values/20-640-246-3>		<http://ids.clld.org/parameters/20-640>		<http://ids.clld.org/values/20-640-264-1>		"hic̷ekľɨ"@cuj	
"tile"@cof	<http://ids.clld.org/values/17-660-246-3>		<http://ids.clld.org/parameters/17-660>		<http://ids.clld.org/values/17-660-264-1>		"hinaka"@cuj	
"ˀdeʰke'lo ~ ˀdeki'lo"@cof	<http://ids.clld.org/values/12-353-246-1>		<http://ids.clld.org/parameters/12-353>		<http://ids.clld.org/values/12-353-264-1>		"spɨ ~ špɨ"@cuj	
"me'na"@cof	<http://ids.clld.org/values/4-790-246-1>		<http://ids.clld.org/parameters/4-790>		<http://ids.clld.org/values/4-790-264-1>		"yomľe"@cuj	
"pi Φiʰ'ki"@cof	<http://ids.clld.org/values/1-270-246-1>		<http://ids.clld.org/parameters/1-270>		<http://ids.clld.org/values/1-270-264-1>		"wakanɨ"@cuj	
"mo"@cof	<http://ids.clld.org/values/17-680-246-1>		<http://ids.clld.org/parameters/17-680>		<http://ids.clld.org/values/17-680-264-1>		"katɨ"@cuj	
"'sõ-kari-no"@cof	<http://ids.clld.org/values/4-630-246-1>		<http://ids.clld.org/parameters/4-630>		<http://ids.clld.org/values/4-630-264-1>		"komyeka"@cuj	
"yo"@cof	<http://ids.clld.org/values/1-520-246-1>		<http://ids.clld.org/parameters/1-520>		<http://ids.clld.org/values/1-520-264-1>		"tka-či"@cuj	
"te"@cof	<http://ids.clld.org/values/1-880-246-1>		<http://ids.clld.org/parameters/1-880>		<http://ids.clld.org/values/1-880-264-1>		"čiči"@cuj	
"te"@cof	<http://ids.clld.org/values/1-880-246-1>		<http://ids.clld.org/parameters/1-880>		<http://ids.clld.org/values/1-880-264-3>		"hičima"@cuj	
"tẽ-ka ni"@cof	<http://ids.clld.org/values/4-440-246-3>		<http://ids.clld.org/parameters/4-440>		<http://ids.clld.org/values/4-440-264-1>		"haxi"@cuj	
"kaʰ'ka kiˀdo"@cof	<http://ids.clld.org/values/4-213-246-1>		<http://ids.clld.org/parameters/4-213>		<http://ids.clld.org/values/4-213-264-1>		"mta-ha"@cuj	
"piʰte-no"@cof	<http://ids.clld.org/values/5-230-246-5>		<http://ids.clld.org/parameters/5-230>		<http://ids.clld.org/values/5-230-264-1>		"xima"@cuj	
"ha'mo"@cof	<http://ids.clld.org/values/12-330-246-1>		<http://ids.clld.org/parameters/12-330>		<http://ids.clld.org/values/12-330-264-1>		"c̷opo"@cuj	
"Φu'ˀda"@cof	<http://ids.clld.org/values/16-310-246-1>		<http://ids.clld.org/parameters/16-310>		<http://ids.clld.org/values/16-310-264-1>		"čino"@cuj	
"te'le-no"@cof	<http://ids.clld.org/values/9-160-246-1>		<http://ids.clld.org/parameters/9-160>		<http://ids.clld.org/values/9-160-264-1>		"hišrika"@cuj	
"ho'wĩ po-no"@cof	<http://ids.clld.org/values/4-680-246-1>		<http://ids.clld.org/parameters/4-680>		<http://ids.clld.org/values/4-680-264-1>		"hišpiypeta"@cuj	
"c̷i'na"@cof	<http://ids.clld.org/values/3-820-246-1>		<http://ids.clld.org/parameters/3-820>		<http://ids.clld.org/values/3-820-264-1>		"šišri"@cuj	
"nu-'la"@cof	<http://ids.clld.org/values/2-950-246-1>		<http://ids.clld.org/parameters/2-950>		<http://ids.clld.org/values/2-950-264-3>		"hi-"@cuj	
"nu-'la"@cof	<http://ids.clld.org/values/2-950-246-1>		<http://ids.clld.org/parameters/2-950>		<http://ids.clld.org/values/2-950-264-1>		"hitʸa"@cuj	
"kaʰ'c̷i"@cof	<http://ids.clld.org/values/4-170-246-1>		<http://ids.clld.org/parameters/4-170>		<http://ids.clld.org/values/4-170-264-1>		"hwa"@cuj	
"'laʰc̷a"@cof	<http://ids.clld.org/values/1-350-246-1>		<http://ids.clld.org/parameters/1-350>		<http://ids.clld.org/values/1-350-264-1>		"špɨrha"@cuj	
"mu"@cof	<http://ids.clld.org/values/3-811-246-1>		<http://ids.clld.org/parameters/3-811>		<http://ids.clld.org/values/3-811-264-3>		"šep-či"@cuj	
"mu"@cof	<http://ids.clld.org/values/3-811-246-1>		<http://ids.clld.org/parameters/3-811>		<http://ids.clld.org/values/3-811-264-1>		"xepa"@cuj	
"wi'ru-ra-"@cof	<http://ids.clld.org/values/12-150-246-3>		<http://ids.clld.org/parameters/12-150>		<http://ids.clld.org/values/12-150-264-1>		"tɨn-wa-ta"@cuj	
"piʰ'ta"@cof	<http://ids.clld.org/values/4-854-246-1>		<http://ids.clld.org/parameters/4-854>		<http://ids.clld.org/values/4-854-264-1>		"hahrɨ"@cuj	
"piya-no"@cof	<http://ids.clld.org/values/4-750-246-1>		<http://ids.clld.org/parameters/4-750>		<http://ids.clld.org/values/4-750-264-1>		"hi-pna"@cuj	
"piya-no"@cof	<http://ids.clld.org/values/4-750-246-1>		<http://ids.clld.org/parameters/4-750>		<http://ids.clld.org/values/4-750-264-3>		"hipɨka"@cuj	
"te-paʰ'pa"@cof	<http://ids.clld.org/values/4-331-246-1>		<http://ids.clld.org/parameters/4-331>		<http://ids.clld.org/values/4-331-264-1>		"stapa-myo"@cuj	
"ware-no"@cof	<http://ids.clld.org/values/16-370-246-1>		<http://ids.clld.org/parameters/16-370>		<http://ids.clld.org/values/16-370-264-3>		"sapľe"@cuj	
"ware-no"@cof	<http://ids.clld.org/values/16-370-246-1>		<http://ids.clld.org/parameters/16-370>		<http://ids.clld.org/values/16-370-264-1>		"čiyaha-ta"@cuj	
"ʔu'nila"@cof	<http://ids.clld.org/values/2-210-246-1>		<http://ids.clld.org/parameters/2-210>		<http://ids.clld.org/values/2-210-264-1>		"xexi"@cuj	
"c̷i'ˀde"@cof	<http://ids.clld.org/values/4-160-246-1>		<http://ids.clld.org/parameters/4-160>		<http://ids.clld.org/values/4-160-264-1>		"ha-pɨ"@cuj	
"nĩ ka'la"@cof	<http://ids.clld.org/values/1-841-246-1>		<http://ids.clld.org/parameters/1-841>		<http://ids.clld.org/values/1-841-264-1>		"čič-mero"@cuj	
"nĩ ka'la"@cof	<http://ids.clld.org/values/1-841-246-1>		<http://ids.clld.org/parameters/1-841>		<http://ids.clld.org/values/1-841-264-3>		"mero"@cuj	
"mu'ri-no"@cof	<http://ids.clld.org/values/9-330-246-1>		<http://ids.clld.org/parameters/9-330>		<http://ids.clld.org/values/9-330-264-1>		"kose-ta"@cuj	
"lu-no"@cof	<http://ids.clld.org/values/1-851-246-1>		<http://ids.clld.org/parameters/1-851>		<http://ids.clld.org/values/1-851-264-3>		"haľha"@cuj	
"lu-no"@cof	<http://ids.clld.org/values/1-851-246-1>		<http://ids.clld.org/parameters/1-851>		<http://ids.clld.org/values/1-851-264-1>		"hapkaha"@cuj	
"'pãc̷i"@cof	<http://ids.clld.org/values/4-300-246-1>		<http://ids.clld.org/parameters/4-300>		<http://ids.clld.org/values/4-300-264-3>		"thana"@cuj	
"'pãc̷i"@cof	<http://ids.clld.org/values/4-300-246-1>		<http://ids.clld.org/parameters/4-300>		<http://ids.clld.org/values/4-300-264-1>		"sko-thana"@cuj	
"pi'ni"@cof	<http://ids.clld.org/values/3-850-246-1>		<http://ids.clld.org/parameters/3-850>		<http://ids.clld.org/values/3-850-264-3>		"pi"@cuj	
"pi'ni"@cof	<http://ids.clld.org/values/3-850-246-1>		<http://ids.clld.org/parameters/3-850>		<http://ids.clld.org/values/3-850-264-1>		"himnɨ"@cuj	
"mu'lu"@cof	<http://ids.clld.org/values/5-791-246-1>		<http://ids.clld.org/parameters/5-791>		<http://ids.clld.org/values/5-791-264-1>		"nhi-či"@cuj	
"'pi-lu"@cof	<http://ids.clld.org/values/8-760-246-1>		<http://ids.clld.org/parameters/8-760>		<http://ids.clld.org/values/8-760-264-1>		"kši"@cuj	
"'pi-lu"@cof	<http://ids.clld.org/values/8-760-246-1>		<http://ids.clld.org/parameters/8-760>		<http://ids.clld.org/values/8-760-264-3>		"šikhaľɨ"@cuj	
"sa'na"@cof	<http://ids.clld.org/values/5-122-246-1>		<http://ids.clld.org/parameters/5-122>		<http://ids.clld.org/values/5-122-264-1>		"herotɨ"@cuj	
"kuʰ'pa-"@cof	<http://ids.clld.org/values/10-210-246-3>		<http://ids.clld.org/parameters/10-210>		<http://ids.clld.org/values/10-210-264-1>		"hitʸenowna"@cuj	
"pi'la ke-no"@cof	<http://ids.clld.org/values/18-510-246-1>		<http://ids.clld.org/parameters/18-510>		<http://ids.clld.org/values/18-510-264-1>		"hitakyonhata"@cuj	
"yuʰka-pi'ya-ri-no"@cof	<http://ids.clld.org/values/11-280-246-1>		<http://ids.clld.org/parameters/11-280>		<http://ids.clld.org/values/11-280-264-1>		"himtɨteta"@cuj	
"lũ"@cof	<http://ids.clld.org/values/5-123-246-1>		<http://ids.clld.org/parameters/5-123>		<http://ids.clld.org/values/5-123-264-1>		"sero"@cuj	
"ne-ˀbolõ"@cof	<http://ids.clld.org/values/4-360-246-1>		<http://ids.clld.org/parameters/4-360>		<http://ids.clld.org/values/4-360-264-1>		"soxi"@cuj	
"'neˀde 'ˀbũ"@cof	<http://ids.clld.org/values/4-371-246-3>		<http://ids.clld.org/parameters/4-371>		<http://ids.clld.org/values/4-371-264-1>		"yhalexi"@cuj	
"muna-"@cof	<http://ids.clld.org/values/16-270-246-1>		<http://ids.clld.org/parameters/16-270>		<http://ids.clld.org/values/16-270-264-3>		"hišinika"@cuj	
"muna-"@cof	<http://ids.clld.org/values/16-270-246-1>		<http://ids.clld.org/parameters/16-270>		<http://ids.clld.org/values/16-270-264-1>		"haľɨka"@cuj	
"['arosi]"@cof	<http://ids.clld.org/values/8-480-246-1>		<http://ids.clld.org/parameters/8-480>		<http://ids.clld.org/values/8-480-264-1>		"h[aroso]"@cuj	
"kaʰ'ka"@cof	<http://ids.clld.org/values/4-210-246-1>		<http://ids.clld.org/parameters/4-210>		<http://ids.clld.org/values/4-210-264-1>		"yhaľe"@cuj	
"kaʰ'ka"@cof	<http://ids.clld.org/values/4-210-246-1>		<http://ids.clld.org/parameters/4-210>		<http://ids.clld.org/values/4-210-264-3>		"ha"@cuj	
"teˀde ˀbũ-ka"@cof	<http://ids.clld.org/values/4-320-246-1>		<http://ids.clld.org/parameters/4-320>		<http://ids.clld.org/values/4-320-264-1>		"c̷oxere"@cuj	
"'maʰte"@cof	<http://ids.clld.org/values/3-970-246-1>		<http://ids.clld.org/parameters/3-970>		<http://ids.clld.org/values/3-970-264-1>		"kšiyo-x-rɨ"@cuj	
"ʔi'su"@cof	<http://ids.clld.org/values/3-930-246-1>		<http://ids.clld.org/parameters/3-930>		<http://ids.clld.org/values/3-930-264-1>		"c̷ec̷e"@cuj	
"[tako] c̷u-no"@cof	<http://ids.clld.org/values/8-690-246-1>		<http://ids.clld.org/parameters/8-690>		<http://ids.clld.org/values/8-690-264-1>		"montʸita"@cuj	
"hã'ʔã"@cof	<http://ids.clld.org/values/17-550-246-1>		<http://ids.clld.org/parameters/17-550>		<http://ids.clld.org/values/17-550-264-1>		"hi-hi"@cuj	
"ʔu'wã-ʔi-no"@cof	<http://ids.clld.org/values/12-530-246-1>		<http://ids.clld.org/parameters/12-530>		<http://ids.clld.org/values/12-530-264-1>		"c̷erɨwna"@cuj	
"c̷a nã-c̷i"@cof	<http://ids.clld.org/values/12-410-246-1>		<http://ids.clld.org/parameters/12-410>		<http://ids.clld.org/values/12-410-264-1>		"potɨkľe"@cuj	
"'mã-ka-ri"@cof	<http://ids.clld.org/values/13-330-246-3>		<http://ids.clld.org/parameters/13-330>		<http://ids.clld.org/values/13-330-264-1>		"pxe ~ pxa"@cuj	
"numa'si"@cof	<http://ids.clld.org/values/17-650-246-1>		<http://ids.clld.org/parameters/17-650>		<http://ids.clld.org/values/17-650-264-1>		"hikľɨ"@cuj	
"si'nuka"@cof	<http://ids.clld.org/values/14-150-246-3>		<http://ids.clld.org/parameters/14-150>		<http://ids.clld.org/values/14-150-264-1>		"c̷-rɨ"@cuj	
"na pũ"@cof	<http://ids.clld.org/values/4-730-246-1>		<http://ids.clld.org/parameters/4-730>		<http://ids.clld.org/values/4-730-264-1>		"mɨšiwata"@cuj	
"-ti"@cof	<http://ids.clld.org/values/17-560-246-5>		<http://ids.clld.org/parameters/17-560>		<http://ids.clld.org/values/17-560-264-3>		"hike"@cuj	
"-ti"@cof	<http://ids.clld.org/values/17-560-246-5>		<http://ids.clld.org/parameters/17-560>		<http://ids.clld.org/values/17-560-264-1>		"hi"@cuj	
"c̷iri-'pemãka"@cof	<http://ids.clld.org/values/3-830-246-1>		<http://ids.clld.org/parameters/3-830>		<http://ids.clld.org/values/3-830-264-3>		"yowini"@cuj	
"c̷iri-'pemãka"@cof	<http://ids.clld.org/values/3-830-246-1>		<http://ids.clld.org/parameters/3-830>		<http://ids.clld.org/values/3-830-264-1>		"xemxerne"@cuj	
"ha'la"@cof	<http://ids.clld.org/values/3-823-246-1>		<http://ids.clld.org/parameters/3-823>		<http://ids.clld.org/values/3-823-264-1>		"sanɨ"@cuj	
"to we-no"@cof	<http://ids.clld.org/values/1-450-246-1>		<http://ids.clld.org/parameters/1-450>		<http://ids.clld.org/values/1-450-264-1>		"hiyoľikčixrɨ"@cuj	
"ʔaʰ'pa"@cof	<http://ids.clld.org/values/2-350-246-1>		<http://ids.clld.org/parameters/2-350>		<http://ids.clld.org/values/2-350-264-1>		"hi-rɨ"@cuj	
"ʔaʰ'pa"@cof	<http://ids.clld.org/values/2-350-246-1>		<http://ids.clld.org/parameters/2-350>		<http://ids.clld.org/values/2-350-264-3>		"pa-tɨ"@cuj	
"la"@cof	<http://ids.clld.org/values/2-910-246-1>		<http://ids.clld.org/parameters/2-910>		<http://ids.clld.org/values/2-910-264-1>		"hita"@cuj	
"la"@cof	<http://ids.clld.org/values/2-910-246-1>		<http://ids.clld.org/parameters/2-910>		<http://ids.clld.org/values/2-910-264-3>		"-no"@cuj	
"'na-ʔi-no"@cof	<http://ids.clld.org/values/4-720-246-1>		<http://ids.clld.org/parameters/4-720>		<http://ids.clld.org/values/4-720-264-1>		"hišpaka"@cuj	
"telẽ-'ka hi-'no"@cof	<http://ids.clld.org/values/10-410-246-1>		<http://ids.clld.org/parameters/10-410>		<http://ids.clld.org/values/10-410-264-1>		"kamita"@cuj	
"Φiʰ'ki"@cof	<http://ids.clld.org/values/18-240-246-1>		<http://ids.clld.org/parameters/18-240>		<http://ids.clld.org/values/18-240-264-1>		"tokanɨ"@cuj	
"ˀdu"@cof	<http://ids.clld.org/values/1-220-246-1>		<http://ids.clld.org/parameters/1-220>		<http://ids.clld.org/values/1-220-264-3>		"pxita"@cuj	
"ˀdu"@cof	<http://ids.clld.org/values/1-220-246-1>		<http://ids.clld.org/parameters/1-220>		<http://ids.clld.org/values/1-220-264-1>		"mahka"@cuj	
"palu-'ka"@cof	<http://ids.clld.org/values/13-20-246-3>		<http://ids.clld.org/parameters/13-20>		<http://ids.clld.org/values/13-20-264-1>		"hepi"@cuj	
"si'li"@cof	<http://ids.clld.org/values/8-670-246-1>		<http://ids.clld.org/parameters/8-670>		<http://ids.clld.org/values/8-670-264-3>		"haha-pi-c̷a"@cuj	
"si'li"@cof	<http://ids.clld.org/values/8-670-246-1>		<http://ids.clld.org/parameters/8-670>		<http://ids.clld.org/values/8-670-264-1>		"c̷a-pi"@cuj	
"'Φi-"@cof	<http://ids.clld.org/values/5-110-246-1>		<http://ids.clld.org/parameters/5-110>		<http://ids.clld.org/values/5-110-264-1>		"nika"@cuj	
"Φo'ro"@cof	<http://ids.clld.org/values/12-850-246-1>		<http://ids.clld.org/parameters/12-850>		<http://ids.clld.org/values/12-850-264-3>		"nama"@cuj	
"Φo'ro"@cof	<http://ids.clld.org/values/12-850-246-1>		<http://ids.clld.org/parameters/12-850>		<http://ids.clld.org/values/12-850-264-1>		"pna"@cuj	
"mu'ˀdu"@cof	<http://ids.clld.org/values/1-380-246-1>		<http://ids.clld.org/parameters/1-380>		<http://ids.clld.org/values/1-380-264-1>		"hihawakľe"@cuj	
"ʔo'nika ~ ʔu'nika"@cof	<http://ids.clld.org/values/2-461-246-1>		<http://ids.clld.org/parameters/2-461>		<http://ids.clld.org/values/2-461-264-1>		"kapokotɨ"@cuj	
"c̷ã'pa"@cof	<http://ids.clld.org/values/6-810-246-1>		<http://ids.clld.org/parameters/6-810>		<http://ids.clld.org/values/6-810-264-1>		"c̷mapi"@cuj	
"'c̷eri"@cof	<http://ids.clld.org/values/3-817-246-3>		<http://ids.clld.org/parameters/3-817>		<http://ids.clld.org/values/3-817-264-1>		"pokhi"@cuj	
"tuʰ'Φa-ke-no"@cof	<http://ids.clld.org/values/4-560-246-1>		<http://ids.clld.org/parameters/4-560>		<http://ids.clld.org/values/4-560-264-1>		"c̷kaha"@cuj	
"na"@cof	<http://ids.clld.org/values/2-270-246-1>		<http://ids.clld.org/parameters/2-270>		<http://ids.clld.org/values/2-270-264-1>		"whene ~ wɨhene"@cuj	
"wu"@cof	<http://ids.clld.org/values/1-720-246-1>		<http://ids.clld.org/parameters/1-720>		<http://ids.clld.org/values/1-720-264-3>		"hawoka"@cuj	
"wu"@cof	<http://ids.clld.org/values/1-720-246-1>		<http://ids.clld.org/parameters/1-720>		<http://ids.clld.org/values/1-720-264-1>		"nˑiphya"@cuj	
"haʰ'sa ka-no"@cof	<http://ids.clld.org/values/4-510-246-1>		<http://ids.clld.org/parameters/4-510>		<http://ids.clld.org/values/4-510-264-3>		"nˑiphya"@cuj	
"haʰ'sa ka-no"@cof	<http://ids.clld.org/values/4-510-246-1>		<http://ids.clld.org/parameters/4-510>		<http://ids.clld.org/values/4-510-264-1>		"hinˑiphya"@cuj	
"niʰ'ka-ka"@cof	<http://ids.clld.org/values/4-260-246-1>		<http://ids.clld.org/parameters/4-260>		<http://ids.clld.org/values/4-260-264-1>		"nnɨ"@cuj	
"si'ra pi ke-no"@cof	<http://ids.clld.org/values/4-650-246-1>		<http://ids.clld.org/parameters/4-650>		<http://ids.clld.org/values/4-650-264-1>		"c̷ɨna-ka"@cuj	
"[c̷ũ'ka]"@cof	<http://ids.clld.org/values/13-100-246-1>		<http://ids.clld.org/parameters/13-100>		<http://ids.clld.org/values/13-100-264-1>		"pamoľe"@cuj	
"pi'yo"@cof	<http://ids.clld.org/values/8-470-246-1>		<http://ids.clld.org/parameters/8-470>		<http://ids.clld.org/values/8-470-264-1>		"šixi"@cuj	
"kaʰ'c̷o-no"@cof	<http://ids.clld.org/values/4-610-246-1>		<http://ids.clld.org/parameters/4-610>		<http://ids.clld.org/values/4-610-264-1>		"himka ~ himaka"@cuj	
"ko'rõ pa-no"@cof	<http://ids.clld.org/values/4-612-246-1>		<http://ids.clld.org/parameters/4-612>		<http://ids.clld.org/values/4-612-264-1>		"po-hi-me-wa-xri-pna-ta"@cuj	
"pa-ˀba-'kã"@cof	<http://ids.clld.org/values/15-650-246-3>		<http://ids.clld.org/parameters/15-650>		<http://ids.clld.org/values/15-650-264-1>		"ksaxi"@cuj	
"tẽka"@cof	<http://ids.clld.org/values/16-110-246-1>		<http://ids.clld.org/parameters/16-110>		<http://ids.clld.org/values/16-110-264-1>		"kam-či"@cuj	
"'lãpalo"@cof	<http://ids.clld.org/values/3-960-246-1>		<http://ids.clld.org/parameters/3-960>		<http://ids.clld.org/values/3-960-264-1>		"xpiro"@cuj	
"Φiʰ'ki Φo'ro"@cof	<http://ids.clld.org/values/4-240-246-1>		<http://ids.clld.org/parameters/4-240>		<http://ids.clld.org/values/4-240-264-1>		"nama"@cuj	
"piʰ'ti"@cof	<http://ids.clld.org/values/13-230-246-1>		<http://ids.clld.org/parameters/13-230>		<http://ids.clld.org/values/13-230-264-1>		"psoxi"@cuj	
"nĩ kari-no"@cof	<http://ids.clld.org/values/1-860-246-3>		<http://ids.clld.org/parameters/1-860>		<http://ids.clld.org/values/1-860-264-3>		"tʸirna"@cuj	
"nĩ kari-no"@cof	<http://ids.clld.org/values/1-860-246-3>		<http://ids.clld.org/parameters/1-860>		<http://ids.clld.org/values/1-860-264-1>		"tʸirika"@cuj	
"'neˀde"@cof	<http://ids.clld.org/values/4-350-246-1>		<http://ids.clld.org/parameters/4-350>		<http://ids.clld.org/values/4-350-264-3>		"tpaľi"@cuj	
"'neˀde"@cof	<http://ids.clld.org/values/4-350-246-1>		<http://ids.clld.org/parameters/4-350>		<http://ids.clld.org/values/4-350-264-1>		"ksɨxe"@cuj	
"so ke-no"@cof	<http://ids.clld.org/values/4-670-246-1>		<http://ids.clld.org/parameters/4-670>		<http://ids.clld.org/values/4-670-264-1>		"kapere"@cuj	
"'pũki"@cof	<http://ids.clld.org/values/4-220-246-1>		<http://ids.clld.org/parameters/4-220>		<http://ids.clld.org/values/4-220-264-3>		"xepi"@cuj	
"'pũki"@cof	<http://ids.clld.org/values/4-220-246-1>		<http://ids.clld.org/parameters/4-220>		<http://ids.clld.org/values/4-220-264-1>		"xnako"@cuj	
"'piʰc̷u"@cof	<http://ids.clld.org/values/3-581-246-1>		<http://ids.clld.org/parameters/3-581>		<http://ids.clld.org/values/3-581-264-1>		"koši-či"@cuj	
"to po'yo"@cof	<http://ids.clld.org/values/1-213-246-3>		<http://ids.clld.org/parameters/1-213>		<http://ids.clld.org/values/1-213-264-1>		"pahi"@cuj	
"haʰpi'su"@cof	<http://ids.clld.org/values/4-140-246-3>		<http://ids.clld.org/parameters/4-140>		<http://ids.clld.org/values/4-140-264-1>		"xiwɨ-c̷a"@cuj	
"te'pĩ"@cof	<http://ids.clld.org/values/3-815-246-1>		<http://ids.clld.org/parameters/3-815>		<http://ids.clld.org/values/3-815-264-1>		"hekľo"@cuj	
"'pe-sili"@cof	<http://ids.clld.org/values/4-461-246-1>		<http://ids.clld.org/parameters/4-461>		<http://ids.clld.org/values/4-461-264-1>		"hičkapi"@cuj	
"ʔoʰ'ko"@cof	<http://ids.clld.org/values/11-510-246-1>		<http://ids.clld.org/parameters/11-510>		<http://ids.clld.org/values/11-510-264-1>		"poniko"@cuj	
"'pĩˀba"@cof	<http://ids.clld.org/values/5-810-246-1>		<http://ids.clld.org/parameters/5-810>		<http://ids.clld.org/values/5-810-264-3>		"mro"@cuj	
"'pĩˀba"@cof	<http://ids.clld.org/values/5-810-246-1>		<http://ids.clld.org/parameters/5-810>		<http://ids.clld.org/values/5-810-264-1>		"[tɨwɨ]"@cuj	
"'kĩΦu Φo'ro"@cof	<http://ids.clld.org/values/4-231-246-1>		<http://ids.clld.org/parameters/4-231>		<http://ids.clld.org/values/4-231-264-1>		"xri-pna"@cuj	
"pĩˀda"@cof	<http://ids.clld.org/values/1-820-246-1>		<http://ids.clld.org/parameters/1-820>		<http://ids.clld.org/values/1-820-264-1>		"katmeroľɨ"@cuj	
"c̷ĩc̷ika"@cof	<http://ids.clld.org/values/4-451-246-1>		<http://ids.clld.org/parameters/4-451>		<http://ids.clld.org/values/4-451-264-1>		"hepoxi"@cuj	
"pi-piya-no"@cof	<http://ids.clld.org/values/4-690-246-1>		<http://ids.clld.org/parameters/4-690>		<http://ids.clld.org/values/4-690-264-1>		"kata"@cuj	
"pi-piya-no"@cof	<http://ids.clld.org/values/4-690-246-1>		<http://ids.clld.org/parameters/4-690>		<http://ids.clld.org/values/4-690-264-3>		"kawa"@cuj	
"kaʰ'ka Φu"@cof	<http://ids.clld.org/values/4-214-246-1>		<http://ids.clld.org/parameters/4-214>		<http://ids.clld.org/values/4-214-264-1>		"šapta-ha"@cuj	
"lo'wa"@cof	<http://ids.clld.org/values/7-420-246-1>		<http://ids.clld.org/parameters/7-420>		<http://ids.clld.org/values/7-420-264-1>		"xeko"@cuj	
"c̷i-'le-no"@cof	<http://ids.clld.org/values/9-280-246-1>		<http://ids.clld.org/parameters/9-280>		<http://ids.clld.org/values/9-280-264-1>		"kteha"@cuj	
"ya"@cof	<http://ids.clld.org/values/7-120-246-1>		<http://ids.clld.org/parameters/7-120>		<http://ids.clld.org/values/7-120-264-3>		"pxi"@cuj	
"ya"@cof	<http://ids.clld.org/values/7-120-246-1>		<http://ids.clld.org/parameters/7-120>		<http://ids.clld.org/values/7-120-264-1>		"panči"@cuj	
"si'li"@cof	<http://ids.clld.org/values/9-190-246-1>		<http://ids.clld.org/parameters/9-190>		<http://ids.clld.org/values/9-190-264-1>		"c̷a"@cuj	
"ne'ˀde-c̷i hi-no"@cof	<http://ids.clld.org/values/10-450-246-3>		<http://ids.clld.org/parameters/10-450>		<http://ids.clld.org/values/10-450-264-1>		"yana"@cuj	
"'nĩ-Φu"@cof	<http://ids.clld.org/values/7-310-246-1>		<http://ids.clld.org/parameters/7-310>		<http://ids.clld.org/values/7-310-264-3>		"čičpawa"@cuj	
"'nĩ-Φu"@cof	<http://ids.clld.org/values/7-310-246-1>		<http://ids.clld.org/parameters/7-310>		<http://ids.clld.org/values/7-310-264-1>		"pawa"@cuj	
"hã'pe"@cof	<http://ids.clld.org/values/4-880-246-1>		<http://ids.clld.org/parameters/4-880>		<http://ids.clld.org/values/4-880-264-3>		"pinrɨ"@cuj	
"hã'pe"@cof	<http://ids.clld.org/values/4-880-246-1>		<http://ids.clld.org/parameters/4-880>		<http://ids.clld.org/values/4-880-264-1>		"pini-"@cuj	
"piyã'le"@cof	<http://ids.clld.org/values/13-140-246-3>		<http://ids.clld.org/parameters/13-140>		<http://ids.clld.org/values/13-140-264-3>		"ptowrɨ"@cuj	
"piyã'le"@cof	<http://ids.clld.org/values/13-140-246-3>		<http://ids.clld.org/parameters/13-140>		<http://ids.clld.org/values/13-140-264-1>		"pexnɨ"@cuj	
"ma'na"@cof	<http://ids.clld.org/values/3-750-246-1>		<http://ids.clld.org/parameters/3-750>		<http://ids.clld.org/values/3-750-264-1>		"kšote-rɨ"@cuj	
"'tẽ-ha-no"@cof	<http://ids.clld.org/values/17-130-246-3>		<http://ids.clld.org/parameters/17-130>		<http://ids.clld.org/values/17-130-264-1>		"hi-šinika"@cuj	
"'mã-te-ka"@cof	<http://ids.clld.org/values/13-50-246-3>		<http://ids.clld.org/parameters/13-50>		<http://ids.clld.org/values/13-50-264-1>		"pamyo"@cuj	
"pe'ra"@cof	<http://ids.clld.org/values/4-858-246-1>		<http://ids.clld.org/parameters/4-858>		<http://ids.clld.org/values/4-858-264-1>		"pčo"@cuj	
"pe'ra"@cof	<http://ids.clld.org/values/4-858-246-1>		<http://ids.clld.org/parameters/4-858>		<http://ids.clld.org/values/4-858-264-3>		"pčo-ľe"@cuj	
"ti"@cof	<http://ids.clld.org/values/17-640-246-1>		<http://ids.clld.org/parameters/17-640>		<http://ids.clld.org/values/17-640-264-1>		"kľa"@cuj	
"ti"@cof	<http://ids.clld.org/values/17-640-246-1>		<http://ids.clld.org/parameters/17-640>		<http://ids.clld.org/values/17-640-264-3>		"kľɨ"@cuj	
"[pac̷a]"@cof	<http://ids.clld.org/values/13-105-246-1>		<http://ids.clld.org/parameters/13-105>		<http://ids.clld.org/values/13-105-264-1>		"[pača]"@cuj	
"ku'rũ"@cof	<http://ids.clld.org/values/3-816-246-3>		<http://ids.clld.org/parameters/3-816>		<http://ids.clld.org/values/3-816-264-1>		"kačipkočirotero"@cuj	
"ʔa'no muʰke-no"@cof	<http://ids.clld.org/values/5-140-246-1>		<http://ids.clld.org/parameters/5-140>		<http://ids.clld.org/values/5-140-264-1>		"nači-ma"@cuj	
"teʰ'sẽ"@cof	<http://ids.clld.org/values/4-142-246-1>		<http://ids.clld.org/parameters/4-142>		<http://ids.clld.org/values/4-142-264-1>		"šapto"@cuj	
"puya-mĩ c̷aʰc̷i"@cof	<http://ids.clld.org/values/2-770-246-1>		<http://ids.clld.org/parameters/2-770>		<http://ids.clld.org/values/2-770-264-1>		"hipnahnɨnrotačri"@cuj	
"'taʰta"@cof	<http://ids.clld.org/values/2-460-246-1>		<http://ids.clld.org/parameters/2-460>		<http://ids.clld.org/values/2-460-264-1>		"hatʸi-rɨ"@cuj	
"ne-mi'sux"@cof	<http://ids.clld.org/values/4-380-246-1>		<http://ids.clld.org/parameters/4-380>		<http://ids.clld.org/values/4-380-264-1>		"xitʸi-xi"@cuj	
"te-mi'su"@cof	<http://ids.clld.org/values/4-340-246-1>		<http://ids.clld.org/parameters/4-340>		<http://ids.clld.org/values/4-340-264-1>		"myoxi"@cuj	
"pe ke-no"@cof	<http://ids.clld.org/values/4-660-246-1>		<http://ids.clld.org/parameters/4-660>		<http://ids.clld.org/values/4-660-264-1>		"hička-ta"@cuj	
"ˀdin'pa"@cof	<http://ids.clld.org/values/3-665-246-1>		<http://ids.clld.org/parameters/3-665>		<http://ids.clld.org/values/3-665-264-1>		"pɨc̷o-tɨ"@cuj	
"puʰ'pu"@cof	<http://ids.clld.org/values/1-324-246-1>		<http://ids.clld.org/parameters/1-324>		<http://ids.clld.org/values/1-324-264-1>		"soľi"@cuj	
"te'Φũ c̷i'ˀde"@cof	<http://ids.clld.org/values/4-271-246-1>		<http://ids.clld.org/parameters/4-271>		<http://ids.clld.org/values/4-271-264-1>		"kyapi"@cuj	
"wĩ"@cof	<http://ids.clld.org/values/6-760-246-1>		<http://ids.clld.org/parameters/6-760>		<http://ids.clld.org/values/6-760-264-1>		"tɨwɨtɨ"@cuj	
"me'na-"@cof	<http://ids.clld.org/values/4-780-246-1>		<http://ids.clld.org/parameters/4-780>		<http://ids.clld.org/values/4-780-264-1>		"kapnata"@cuj	
"'wapũ ʔiʰtõ"@cof	<http://ids.clld.org/values/12-680-246-1>		<http://ids.clld.org/parameters/12-680>		<http://ids.clld.org/values/12-680-264-1>		"merpi"@cuj	
"hã'kã"@cof	<http://ids.clld.org/values/10-451-246-1>		<http://ids.clld.org/parameters/10-451>		<http://ids.clld.org/values/10-451-264-1>		"mayapetɨta"@cuj	
"laʰ'ke-ˀbã"@cof	<http://ids.clld.org/values/15-690-246-1>		<http://ids.clld.org/parameters/15-690>		<http://ids.clld.org/values/15-690-264-1>		"pwaľo"@cuj	
"ma"@cof	<http://ids.clld.org/values/14-410-246-1>		<http://ids.clld.org/parameters/14-410>		<http://ids.clld.org/values/14-410-264-1>		"po-kamľa-ľɨ"@cuj	
"mena-no"@cof	<http://ids.clld.org/values/4-780-246-3>		<http://ids.clld.org/parameters/4-780>		<http://ids.clld.org/values/4-780-264-1>		"kapnata"@cuj	
"'ʔa-suwa-no"@cof	<http://ids.clld.org/values/5-230-246-1>		<http://ids.clld.org/parameters/5-230>		<http://ids.clld.org/values/5-230-264-1>		"xima"@cuj	
"ku'ˀdã"@cof	<http://ids.clld.org/values/4-280-246-1>		<http://ids.clld.org/parameters/4-280>		<http://ids.clld.org/values/4-280-264-1>		"noxi"@cuj	
"newewe"@cof	<http://ids.clld.org/values/4-345-246-1>		<http://ids.clld.org/parameters/4-345>		<http://ids.clld.org/values/4-345-264-1>		"sewata"@cuj	
"lã-"@cof	<http://ids.clld.org/values/4-920-246-1>		<http://ids.clld.org/parameters/4-920>		<http://ids.clld.org/values/4-920-264-1>		"merso"@cuj	
"ki'ra-no [po'ˀde]-iʰ-to-n"@cof	<http://ids.clld.org/values/4-970-246-1>		<http://ids.clld.org/parameters/4-970>		<http://ids.clld.org/values/4-970-264-3>		"metkatɨ"@cuj	
"ki'ra-no [po'ˀde]-iʰ-to-n"@cof	<http://ids.clld.org/values/4-970-246-1>		<http://ids.clld.org/parameters/4-970>		<http://ids.clld.org/values/4-970-264-1>		"mayhaľetɨ"@cuj	
"'nĩ-Φu"@cof	<http://ids.clld.org/values/1-840-246-1>		<http://ids.clld.org/parameters/1-840>		<http://ids.clld.org/values/1-840-264-1>		"čiči-pahi"@cuj	
"haˀdi-no"@cof	<http://ids.clld.org/values/4-751-246-1>		<http://ids.clld.org/parameters/4-751>		<http://ids.clld.org/values/4-751-264-1>		"hahyeka"@cuj	
"pi"@cof	<http://ids.clld.org/values/1-310-246-1>		<http://ids.clld.org/parameters/1-310>		<http://ids.clld.org/values/1-310-264-1>		"ha"@cuj	
"pi"@cof	<http://ids.clld.org/values/1-310-246-1>		<http://ids.clld.org/parameters/1-310>		<http://ids.clld.org/values/1-310-264-3>		"honɨ"@cuj	
"ˀdĩ"@cof	<http://ids.clld.org/values/3-817-246-1>		<http://ids.clld.org/parameters/3-817>		<http://ids.clld.org/values/3-817-264-1>		"pokhi"@cuj	
"kã'to ke-no"@cof	<http://ids.clld.org/values/4-660-246-3>		<http://ids.clld.org/parameters/4-660>		<http://ids.clld.org/values/4-660-264-1>		"hička-ta"@cuj	
"'c̷aʰc̷i-ka"@cof	<http://ids.clld.org/values/5-610-246-1>		<http://ids.clld.org/parameters/5-610>		<http://ids.clld.org/values/5-610-264-1>		"nikči-hitɨ"@cuj	
"ki'yã"@cof	<http://ids.clld.org/values/4-840-246-1>		<http://ids.clld.org/parameters/4-840>		<http://ids.clld.org/values/4-840-264-1>		"kapo-haľɨ"@cuj	
"ki'yã"@cof	<http://ids.clld.org/values/4-840-246-1>		<http://ids.clld.org/parameters/4-840>		<http://ids.clld.org/values/4-840-264-3>		"poha"@cuj	
"pa'lu"@cof	<http://ids.clld.org/values/13-20-246-1>		<http://ids.clld.org/parameters/13-20>		<http://ids.clld.org/values/13-20-264-1>		"hepi"@cuj	
"[nu'we-ka]"@cof	<http://ids.clld.org/values/13-90-246-1>		<http://ids.clld.org/parameters/13-90>		<http://ids.clld.org/values/13-90-264-1>		"mtɨrɨxi"@cuj	
"c̷i-'de"@cof	<http://ids.clld.org/values/8-600-246-1>		<http://ids.clld.org/parameters/8-600>		<http://ids.clld.org/values/8-600-264-1>		"hah-mɨna"@cuj	
"mi'lã-no"@cof	<http://ids.clld.org/values/4-590-246-1>		<http://ids.clld.org/parameters/4-590>		<http://ids.clld.org/values/4-590-264-1>		"hemroka"@cuj	
"'lu-kela"@cof	<http://ids.clld.org/values/3-720-246-1>		<http://ids.clld.org/parameters/3-720>		<http://ids.clld.org/values/3-720-264-1>		"seroľɨ mhenokľɨ"@cuj	
"c̷iʰ'pi lari-no"@cof	<http://ids.clld.org/values/4-550-246-3>		<http://ids.clld.org/parameters/4-550>		<http://ids.clld.org/values/4-550-264-1>		"hinkoka"@cuj	
"ʔu'nila"@cof	<http://ids.clld.org/values/2-310-246-1>		<http://ids.clld.org/parameters/2-310>		<http://ids.clld.org/values/2-310-264-1>		"hanɨ-rɨ"@cuj	
"keʰ'Φo"@cof	<http://ids.clld.org/values/4-441-246-1>		<http://ids.clld.org/parameters/4-441>		<http://ids.clld.org/values/4-441-264-1>		"čiyľe ~ čiiľe"@cuj	
"luʰ'ku"@cof	<http://ids.clld.org/values/1-213-246-1>		<http://ids.clld.org/parameters/1-213>		<http://ids.clld.org/values/1-213-264-1>		"pahi"@cuj	
"'sela"@cof	<http://ids.clld.org/values/7-150-246-1>		<http://ids.clld.org/parameters/7-150>		<http://ids.clld.org/values/7-150-264-1>		"pɨtɨ"@cuj	
"'na-naʰka"@cof	<http://ids.clld.org/values/12-560-246-5>		<http://ids.clld.org/parameters/12-560>		<http://ids.clld.org/values/12-560-264-1>		"mtɨ-rɨ"@cuj	
"ka-ʰΦo'ro"@cof	<http://ids.clld.org/values/4-204-246-1>		<http://ids.clld.org/parameters/4-204>		<http://ids.clld.org/values/4-204-264-1>		"hoxi"@cuj	
"toʰ'te-no"@cof	<http://ids.clld.org/values/4-760-246-1>		<http://ids.clld.org/parameters/4-760>		<http://ids.clld.org/values/4-760-264-3>		"kama-ka-ta"@cuj	
"toʰ'te-no"@cof	<http://ids.clld.org/values/4-760-246-1>		<http://ids.clld.org/parameters/4-760>		<http://ids.clld.org/values/4-760-264-1>		"hiyľata"@cuj	
"ni'ˀda"@cof	<http://ids.clld.org/values/5-330-246-1>		<http://ids.clld.org/parameters/5-330>		<http://ids.clld.org/values/5-330-264-1>		"koľpe-to"@cuj	
"[ko'no]"@cof	<http://ids.clld.org/values/3-614-246-1>		<http://ids.clld.org/parameters/3-614>		<http://ids.clld.org/values/3-614-264-1>		"waľo"@cuj	
"po'yo"@cof	<http://ids.clld.org/values/1-830-246-1>		<http://ids.clld.org/parameters/1-830>		<http://ids.clld.org/values/1-830-264-1>		"či-či-phya"@cuj	
"'pã-pe"@cof	<http://ids.clld.org/values/4-392-246-1>		<http://ids.clld.org/parameters/4-392>		<http://ids.clld.org/values/4-392-264-1>		"mexi"@cuj	
"'kĩΦu"@cof	<http://ids.clld.org/values/4-230-246-1>		<http://ids.clld.org/parameters/4-230>		<http://ids.clld.org/values/4-230-264-1>		"xri"@cuj	
"mã-ka"@cof	<http://ids.clld.org/values/13-10-246-3>		<http://ids.clld.org/parameters/13-10>		<http://ids.clld.org/values/13-10-264-3>		"satɨ"@cuj	
"mã-ka"@cof	<http://ids.clld.org/values/13-10-246-3>		<http://ids.clld.org/parameters/13-10>		<http://ids.clld.org/values/13-10-264-1>		"pa"@cuj	
"'kiˀdo"@cof	<http://ids.clld.org/values/3-655-246-1>		<http://ids.clld.org/parameters/3-655>		<http://ids.clld.org/values/3-655-264-1>		"hopawo"@cuj	
"wi'nã"@cof	<http://ids.clld.org/values/4-980-246-1>		<http://ids.clld.org/parameters/4-980>		<http://ids.clld.org/values/4-980-264-1>		"kapoohoxi"@cuj	
"kaʰ'ka Φu"@cof	<http://ids.clld.org/values/4-212-246-1>		<http://ids.clld.org/parameters/4-212>		<http://ids.clld.org/values/4-212-264-1>		"šawrɨ-ha"@cuj	
"wili-no"@cof	<http://ids.clld.org/values/5-460-246-3>		<http://ids.clld.org/parameters/5-460>		<http://ids.clld.org/values/5-460-264-1>		"pata"@cuj	
"c̷i'ˀde"@cof	<http://ids.clld.org/values/1-420-246-1>		<http://ids.clld.org/parameters/1-420>		<http://ids.clld.org/values/1-420-264-3>		"hah-mɨna"@cuj	
"c̷i'ˀde"@cof	<http://ids.clld.org/values/1-420-246-1>		<http://ids.clld.org/parameters/1-420>		<http://ids.clld.org/values/1-420-264-1>		"mɨna"@cuj	
"Φe-"@cof	<http://ids.clld.org/values/10-550-246-1>		<http://ids.clld.org/parameters/10-550>		<http://ids.clld.org/values/10-550-264-1>		"ha-po-ka"@cuj	
"'ʔora"@cof	<http://ids.clld.org/values/16-710-246-1>		<http://ids.clld.org/parameters/16-710>		<http://ids.clld.org/values/16-710-264-1>		"kihľe"@cuj	
"[miʰ'sa]"@cof	<http://ids.clld.org/values/7-440-246-1>		<http://ids.clld.org/parameters/7-440>		<http://ids.clld.org/values/7-440-264-1>		"kwa-ľɨ"@cuj	
"'Φu-puʰ-ka"@cof	<http://ids.clld.org/values/4-990-246-1>		<http://ids.clld.org/parameters/4-990>		<http://ids.clld.org/values/4-990-264-1>		"mamkatɨ"@cuj	
"ʔu'ni-ka"@cof	<http://ids.clld.org/values/14-150-246-1>		<http://ids.clld.org/parameters/14-150>		<http://ids.clld.org/values/14-150-264-1>		"c̷-rɨ"@cuj	
"ka'rã ˀda'ˀda"@cof	<http://ids.clld.org/values/3-819-246-1>		<http://ids.clld.org/parameters/3-819>		<http://ids.clld.org/values/3-819-264-1>		"mkaľɨ"@cuj	
"mi'nu"@cof	<http://ids.clld.org/values/10-710-246-1>		<http://ids.clld.org/parameters/10-710>		<http://ids.clld.org/values/10-710-264-1>		"hapo"@cuj	
"mi'nu"@cof	<http://ids.clld.org/values/10-710-246-1>		<http://ids.clld.org/parameters/10-710>		<http://ids.clld.org/values/10-710-264-3>		"hatnɨ"@cuj	
"'tẽ-ka"@cof	<http://ids.clld.org/values/4-440-246-1>		<http://ids.clld.org/parameters/4-440>		<http://ids.clld.org/values/4-440-264-1>		"haxi"@cuj	
"hali-no"@cof	<http://ids.clld.org/values/5-180-246-1>		<http://ids.clld.org/parameters/5-180>		<http://ids.clld.org/values/5-180-264-1>		"hawiyaka"@cuj	
"ki'ya-no"@cof	<http://ids.clld.org/values/16-310-246-3>		<http://ids.clld.org/parameters/16-310>		<http://ids.clld.org/values/16-310-264-1>		"čino"@cuj	
"kiʰ'pi ke-no"@cof	<http://ids.clld.org/values/4-620-246-1>		<http://ids.clld.org/parameters/4-620>		<http://ids.clld.org/values/4-620-264-1>		"hipnawata"@cuj	
"'mama"@cof	<http://ids.clld.org/values/2-470-246-1>		<http://ids.clld.org/parameters/2-470>		<http://ids.clld.org/values/2-470-264-1>		"ha-xi-ro"@cuj	
"'walpa"@cof	<http://ids.clld.org/values/3-550-246-1>		<http://ids.clld.org/parameters/3-550>		<http://ids.clld.org/values/3-550-264-1>		"hatʸawripa"@cuj	
"me'na Φo'ro"@cof	<http://ids.clld.org/values/4-790-246-3>		<http://ids.clld.org/parameters/4-790>		<http://ids.clld.org/values/4-790-264-1>		"yomľe"@cuj	
"nũc̷i"@cof	<http://ids.clld.org/values/17-660-246-5>		<http://ids.clld.org/parameters/17-660>		<http://ids.clld.org/values/17-660-264-1>		"hinaka"@cuj	
"winũ [panu]"@cof	<http://ids.clld.org/values/6-410-246-3>		<http://ids.clld.org/parameters/6-410>		<http://ids.clld.org/values/6-410-264-1>		"papowaľɨtɨ"@cuj	
"loʰsĩ-ˀbã"@cof	<http://ids.clld.org/values/15-670-246-1>		<http://ids.clld.org/parameters/15-670>		<http://ids.clld.org/values/15-670-264-1>		"poľe"@cuj	
"ha-'no"@cof	<http://ids.clld.org/values/10-480-246-1>		<http://ids.clld.org/parameters/10-480>		<http://ids.clld.org/values/10-480-264-1>		"hina"@cuj	
"[kan'ta] ke-no"@cof	<http://ids.clld.org/values/18-120-246-1>		<http://ids.clld.org/parameters/18-120>		<http://ids.clld.org/values/18-120-264-1>		"šikaľe-ta"@cuj	
"piʰ'poka"@cof	<http://ids.clld.org/values/5-970-246-1>		<http://ids.clld.org/parameters/5-970>		<http://ids.clld.org/values/5-970-264-1>		"naxi"@cuj	
"c̷ãˀbã"@cof	<http://ids.clld.org/values/15-370-246-1>		<http://ids.clld.org/parameters/15-370>		<http://ids.clld.org/values/15-370-264-1>		"psaľo"@cuj	
"waʰ'ka"@cof	<http://ids.clld.org/values/8-530-246-1>		<http://ids.clld.org/parameters/8-530>		<http://ids.clld.org/values/8-530-264-1>		"hita-ka"@cuj	
"tẽ-ka"@cof	<http://ids.clld.org/values/4-400-246-1>		<http://ids.clld.org/parameters/4-400>		<http://ids.clld.org/values/4-400-264-1>		"tľo"@cuj	
"c̷e-no"@cof	<http://ids.clld.org/values/1-610-246-1>		<http://ids.clld.org/parameters/1-610>		<http://ids.clld.org/values/1-610-264-1>		"po-kamľa-ľɨ"@cuj	
"holi'yo"@cof	<http://ids.clld.org/values/3-585-246-1>		<http://ids.clld.org/parameters/3-585>		<http://ids.clld.org/values/3-585-264-1>		"koyano"@cuj	
"holi'yo"@cof	<http://ids.clld.org/values/3-585-246-1>		<http://ids.clld.org/parameters/3-585>		<http://ids.clld.org/values/3-585-264-3>		"koyataľe"@cuj	
"haʰ'sa-ʔi-no"@cof	<http://ids.clld.org/values/4-912-246-1>		<http://ids.clld.org/parameters/4-912>		<http://ids.clld.org/values/4-912-264-1>		"hapnanɨta"@cuj	
"c̷uˀdi-no"@cof	<http://ids.clld.org/values/12-130-246-3>		<http://ids.clld.org/parameters/12-130>		<http://ids.clld.org/values/12-130-264-1>		"tɨpľa-ta"@cuj	
"mu'ri-ka-no"@cof	<http://ids.clld.org/values/9-330-246-3>		<http://ids.clld.org/parameters/9-330>		<http://ids.clld.org/values/9-330-264-1>		"kose-ta"@cuj	
"c̷i'na pi"@cof	<http://ids.clld.org/values/5-840-246-1>		<http://ids.clld.org/parameters/5-840>		<http://ids.clld.org/values/5-840-264-3>		"wroľ-ha"@cuj	
"c̷i'na pi"@cof	<http://ids.clld.org/values/5-840-246-1>		<http://ids.clld.org/parameters/5-840>		<http://ids.clld.org/values/5-840-264-1>		"popnixirha"@cuj	
"kuʰpara"@cof	<http://ids.clld.org/values/4-841-246-1>		<http://ids.clld.org/parameters/4-841>		<http://ids.clld.org/values/4-841-264-1>		"hemewata"@cuj	
"hãpe-no"@cof	<http://ids.clld.org/values/4-860-246-1>		<http://ids.clld.org/parameters/4-860>		<http://ids.clld.org/values/4-860-264-1>		"hic̷kaľaka"@cuj	
"seʰ'ka"@cof	<http://ids.clld.org/values/3-811-246-3>		<http://ids.clld.org/parameters/3-811>		<http://ids.clld.org/values/3-811-264-3>		"šep-či"@cuj	
"seʰ'ka"@cof	<http://ids.clld.org/values/3-811-246-3>		<http://ids.clld.org/parameters/3-811>		<http://ids.clld.org/values/3-811-264-1>		"xepa"@cuj	
"nala'lã 'so-na"@cof	<http://ids.clld.org/values/2-261-246-1>		<http://ids.clld.org/parameters/2-261>		<http://ids.clld.org/values/2-261-264-3>		"mkapyaľo"@cuj	
"nala'lã 'so-na"@cof	<http://ids.clld.org/values/2-261-246-1>		<http://ids.clld.org/parameters/2-261>		<http://ids.clld.org/values/2-261-264-1>		"mhanɨrɨto"@cuj	
"si'ˀdã"@cof	<http://ids.clld.org/values/4-312-246-1>		<http://ids.clld.org/parameters/4-312>		<http://ids.clld.org/values/4-312-264-1>		"kxepɨ"@cuj	
"me"@cof	<http://ids.clld.org/values/4-180-246-1>		<http://ids.clld.org/parameters/4-180>		<http://ids.clld.org/values/4-180-264-1>		"nši"@cuj	
"laʰc̷i-no"@cof	<http://ids.clld.org/values/5-460-246-1>		<http://ids.clld.org/parameters/5-460>		<http://ids.clld.org/values/5-460-264-1>		"pata"@cuj	
"ˀdi'la-po-no"@cof	<http://ids.clld.org/values/20-650-246-1>		<http://ids.clld.org/parameters/20-650>		<http://ids.clld.org/values/20-650-264-1>		"hic̷eka"@cuj	
"lo'wa"@cof	<http://ids.clld.org/values/7-260-246-3>		<http://ids.clld.org/parameters/7-260>		<http://ids.clld.org/values/7-260-264-1>		"čiximta"@cuj	
"wa"@cof	<http://ids.clld.org/values/1-222-246-1>		<http://ids.clld.org/parameters/1-222>		<http://ids.clld.org/values/1-222-264-1>		"pxita"@cuj	
"'so-na"@cof	<http://ids.clld.org/values/2-320-246-1>		<http://ids.clld.org/parameters/2-320>		<http://ids.clld.org/values/2-320-264-1>		"hanɨnro ~ hnɨnro"@cuj	
"piʰta-no"@cof	<http://ids.clld.org/values/5-230-246-3>		<http://ids.clld.org/parameters/5-230>		<http://ids.clld.org/values/5-230-264-1>		"xima"@cuj	
"pa-"@cof	<http://ids.clld.org/values/15-650-246-1>		<http://ids.clld.org/parameters/15-650>		<http://ids.clld.org/values/15-650-264-1>		"ksaxi"@cuj	
"to"@cof	<http://ids.clld.org/values/1-210-246-1>		<http://ids.clld.org/parameters/1-210>		<http://ids.clld.org/values/1-210-264-1>		"čixi"@cuj	
"'sõ-ˀbã"@cof	<http://ids.clld.org/values/4-810-246-1>		<http://ids.clld.org/parameters/4-810>		<http://ids.clld.org/values/4-810-264-1>		"hičko"@cuj	
"c̷a'ˀbo"@cof	<http://ids.clld.org/values/1-540-246-1>		<http://ids.clld.org/parameters/1-540>		<http://ids.clld.org/values/1-540-264-1>		"katahiri"@cuj	
"'pũpu"@cof	<http://ids.clld.org/values/3-920-246-1>		<http://ids.clld.org/parameters/3-920>		<http://ids.clld.org/values/3-920-264-1>		"katato"@cuj	
"'se-itõ ʔoh'ko"@cof	<http://ids.clld.org/values/22-350-246-1>		<http://ids.clld.org/parameters/22-350>		<http://ids.clld.org/values/22-350-264-1>		"kam-či"@cuj	
"tewewe"@cof	<http://ids.clld.org/values/4-344-246-1>		<http://ids.clld.org/parameters/4-344>		<http://ids.clld.org/values/4-344-264-1>		"sewata"@cuj	
"te'yũ"@cof	<http://ids.clld.org/values/15-780-246-1>		<http://ids.clld.org/parameters/15-780>		<http://ids.clld.org/values/15-780-264-1>		"phewna"@cuj	
"pe"@cof	<http://ids.clld.org/values/14-710-246-1>		<http://ids.clld.org/parameters/14-710>		<http://ids.clld.org/values/14-710-264-1>		"ksɨ-rɨ"@cuj	
"tẽpe"@cof	<http://ids.clld.org/values/12-50-246-1>		<http://ids.clld.org/parameters/12-50>		<http://ids.clld.org/values/12-50-264-1>		"hitoko"@cuj	
"tẽpe"@cof	<http://ids.clld.org/values/12-50-246-1>		<http://ids.clld.org/parameters/12-50>		<http://ids.clld.org/values/12-50-264-3>		"nanwaka"@cuj	
"'neˀde"@cof	<http://ids.clld.org/values/4-370-246-1>		<http://ids.clld.org/parameters/4-370>		<http://ids.clld.org/values/4-370-264-1>		"xitʸi"@cuj	
"'kepo-ʔi-no"@cof	<http://ids.clld.org/values/10-230-246-3>		<http://ids.clld.org/parameters/10-230>		<http://ids.clld.org/values/10-230-264-1>		"hixrɨ-ka"@cuj	
"sẽ"@cof	<http://ids.clld.org/values/16-710-246-3>		<http://ids.clld.org/parameters/16-710>		<http://ids.clld.org/values/16-710-264-1>		"kihľe"@cuj	
"ʔaʰ'sã si'li"@cof	<http://ids.clld.org/values/4-151-246-1>		<http://ids.clld.org/parameters/4-151>		<http://ids.clld.org/values/4-151-264-1>		"koc̷a"@cuj	
"hi-"@cof	<http://ids.clld.org/values/10-320-246-3>		<http://ids.clld.org/parameters/10-320>		<http://ids.clld.org/values/10-320-264-1>		"ha-po-ha-ta"@cuj	
"c̷ale-no"@cof	<http://ids.clld.org/values/9-360-246-1>		<http://ids.clld.org/parameters/9-360>		<http://ids.clld.org/values/9-360-264-3>		"hero-ta"@cuj	
"c̷ale-no"@cof	<http://ids.clld.org/values/9-360-246-1>		<http://ids.clld.org/parameters/9-360>		<http://ids.clld.org/values/9-360-264-1>		"herka"@cuj	
"taʰ'pe"@cof	<http://ids.clld.org/values/8-510-246-1>		<http://ids.clld.org/parameters/8-510>		<http://ids.clld.org/values/8-510-264-3>		"kac̷-ľɨ"@cuj	
"taʰ'pe"@cof	<http://ids.clld.org/values/8-510-246-1>		<http://ids.clld.org/parameters/8-510>		<http://ids.clld.org/values/8-510-264-1>		"pekľo"@cuj	
"peʰ'pa"@cof	<http://ids.clld.org/values/4-910-246-1>		<http://ids.clld.org/parameters/4-910>		<http://ids.clld.org/values/4-910-264-1>		"hama"@cuj	
"peʰ'pa"@cof	<http://ids.clld.org/values/4-910-246-1>		<http://ids.clld.org/parameters/4-910>		<http://ids.clld.org/values/4-910-264-3>		"hipčiha"@cuj	
"'ha-hi-no"@cof	<http://ids.clld.org/values/10-370-246-1>		<http://ids.clld.org/parameters/10-370>		<http://ids.clld.org/values/10-370-264-1>		"haľna"@cuj	
"'so-na"@cof	<http://ids.clld.org/values/2-220-246-1>		<http://ids.clld.org/parameters/2-220>		<http://ids.clld.org/values/2-220-264-1>		"sɨtʸo"@cuj	
"pe-ko'lo"@cof	<http://ids.clld.org/values/4-460-246-1>		<http://ids.clld.org/parameters/4-460>		<http://ids.clld.org/values/4-460-264-1>		"hička-mapa"@cuj	
"ha'la nãc̷i"@cof	<http://ids.clld.org/values/12-420-246-1>		<http://ids.clld.org/parameters/12-420>		<http://ids.clld.org/values/12-420-264-1>		"kehnete"@cuj	
"pã-pe"@cof	<http://ids.clld.org/values/3-652-246-1>		<http://ids.clld.org/parameters/3-652>		<http://ids.clld.org/values/3-652-264-3>		"patľeta"@cuj	
"pã-pe"@cof	<http://ids.clld.org/values/3-652-246-1>		<http://ids.clld.org/parameters/3-652>		<http://ids.clld.org/values/3-652-264-1>		"hwa"@cuj	
"he'le-"@cof	<http://ids.clld.org/values/16-530-246-1>		<http://ids.clld.org/parameters/16-530>		<http://ids.clld.org/values/16-530-264-1>		"pika"@cuj	
"tõ'ki"@cof	<http://ids.clld.org/values/3-940-246-1>		<http://ids.clld.org/parameters/3-940>		<http://ids.clld.org/values/3-940-264-1>		"šišrikapi"@cuj	
"haʰ'sa"@cof	<http://ids.clld.org/values/1-710-246-1>		<http://ids.clld.org/parameters/1-710>		<http://ids.clld.org/values/1-710-264-1>		"kawľerɨ"@cuj	
"we'le"@cof	<http://ids.clld.org/values/3-760-246-3>		<http://ids.clld.org/parameters/3-760>		<http://ids.clld.org/values/3-760-264-1>		"čko-tɨ"@cuj	
"pi'la c̷uʰte-no"@cof	<http://ids.clld.org/values/18-510-246-3>		<http://ids.clld.org/parameters/18-510>		<http://ids.clld.org/values/18-510-264-1>		"hitakyonhata"@cuj	
"teʰ'Φũ"@cof	<http://ids.clld.org/values/4-270-246-1>		<http://ids.clld.org/parameters/4-270>		<http://ids.clld.org/values/4-270-264-1>		"yhi"@cuj	
"te'lenle"@cof	<http://ids.clld.org/values/8-540-246-1>		<http://ids.clld.org/parameters/8-540>		<http://ids.clld.org/values/8-540-264-1>		"ko-c̷a"@cuj	
"te'lenle"@cof	<http://ids.clld.org/values/8-540-246-1>		<http://ids.clld.org/parameters/8-540>		<http://ids.clld.org/values/8-540-264-3>		"c̷ki"@cuj	
"ΦiΦi-ke-no"@cof	<http://ids.clld.org/values/18-170-246-3>		<http://ids.clld.org/parameters/18-170>		<http://ids.clld.org/values/18-170-264-1>		"xroľoxi"@cuj	
"Φupe"@cof	<http://ids.clld.org/values/4-203-246-1>		<http://ids.clld.org/parameters/4-203>		<http://ids.clld.org/values/4-203-264-1>		"hašiče"@cuj	
"'c̷aʰc̷i puʰ-'ka"@cof	<http://ids.clld.org/values/4-110-246-1>		<http://ids.clld.org/parameters/4-110>		<http://ids.clld.org/values/4-110-264-1>		"mane"@cuj	
"hã'kã"@cof	<http://ids.clld.org/values/4-940-246-1>		<http://ids.clld.org/parameters/4-940>		<http://ids.clld.org/values/4-940-264-1>		"čoľi"@cuj	
"Φu'ri-po-no"@cof	<http://ids.clld.org/values/10-380-246-1>		<http://ids.clld.org/parameters/10-380>		<http://ids.clld.org/values/10-380-264-1>		"haxpoka"@cuj	
"[familia]"@cof	<http://ids.clld.org/values/2-820-246-1>		<http://ids.clld.org/parameters/2-820>		<http://ids.clld.org/values/2-820-264-1>		"moľe"@cuj	
"[familia]"@cof	<http://ids.clld.org/values/2-820-246-1>		<http://ids.clld.org/parameters/2-820>		<http://ids.clld.org/values/2-820-264-3>		"moľe-ta"@cuj	
"nu'wi"@cof	<http://ids.clld.org/values/17-660-246-1>		<http://ids.clld.org/parameters/17-660>		<http://ids.clld.org/values/17-660-264-1>		"hinaka"@cuj	
"teˀde"@cof	<http://ids.clld.org/values/4-330-246-1>		<http://ids.clld.org/parameters/4-330>		<http://ids.clld.org/values/4-330-264-1>		"myo"@cuj	
"nĩ ka'la"@cof	<http://ids.clld.org/values/1-890-246-1>		<http://ids.clld.org/parameters/1-890>		<http://ids.clld.org/values/1-890-264-1>		"ksamome"@cuj	
"nu'mi"@cof	<http://ids.clld.org/values/4-492-246-1>		<http://ids.clld.org/parameters/4-492>		<http://ids.clld.org/values/4-492-264-1>		"ksɨ"@cuj	
"nu'mi"@cof	<http://ids.clld.org/values/4-492-246-1>		<http://ids.clld.org/parameters/4-492>		<http://ids.clld.org/values/4-492-264-3>		"sme"@cuj	
"'c̷aʰc̷i-la"@cof	<http://ids.clld.org/values/19-210-246-1>		<http://ids.clld.org/parameters/19-210>		<http://ids.clld.org/values/19-210-264-1>		"yine"@cuj	
"pa-no"@cof	<http://ids.clld.org/values/18-110-246-1>		<http://ids.clld.org/parameters/18-110>		<http://ids.clld.org/values/18-110-264-1>		"pľaxi"@cuj	
"te"@cof	<http://ids.clld.org/values/17-560-246-1>		<http://ids.clld.org/parameters/17-560>		<http://ids.clld.org/values/17-560-264-3>		"hike"@cuj	
"te"@cof	<http://ids.clld.org/values/17-560-246-1>		<http://ids.clld.org/parameters/17-560>		<http://ids.clld.org/values/17-560-264-1>		"hi"@cuj	
"ʔa te'ˀbã naʰ'ka"@cof	<http://ids.clld.org/values/6-921-246-1>		<http://ids.clld.org/parameters/6-921>		<http://ids.clld.org/values/6-921-264-1>		"kamapita"@cuj	
"ma're-no"@cof	<http://ids.clld.org/values/10-350-246-3>		<http://ids.clld.org/parameters/10-350>		<http://ids.clld.org/values/10-350-264-1>		"ha-noha-ta"@cuj	
"te'pĩ"@cof	<http://ids.clld.org/values/4-855-246-1>		<http://ids.clld.org/parameters/4-855>		<http://ids.clld.org/values/4-855-264-1>		"xitho"@cuj	
"te'pĩ"@cof	<http://ids.clld.org/values/4-855-246-1>		<http://ids.clld.org/parameters/4-855>		<http://ids.clld.org/values/4-855-264-3>		"ximľewata"@cuj	
"man'ma pi'ni"@cof	<http://ids.clld.org/values/3-814-246-1>		<http://ids.clld.org/parameters/3-814>		<http://ids.clld.org/values/3-814-264-1>		"ponro"@cuj	
"ya ˀbu'ri"@cof	<http://ids.clld.org/values/7-530-246-1>		<http://ids.clld.org/parameters/7-530>		<http://ids.clld.org/values/7-530-264-1>		"hayixi"@cuj	
"ra-"@cof	<http://ids.clld.org/values/12-150-246-1>		<http://ids.clld.org/parameters/12-150>		<http://ids.clld.org/values/12-150-264-1>		"tɨn-wa-ta"@cuj	
"'mo-ti-no"@cof	<http://ids.clld.org/values/16-290-246-1>		<http://ids.clld.org/parameters/16-290>		<http://ids.clld.org/values/16-290-264-1>		"hamľɨta"@cuj	
"'mo-ti-no"@cof	<http://ids.clld.org/values/16-290-246-1>		<http://ids.clld.org/parameters/16-290>		<http://ids.clld.org/values/16-290-264-3>		"hapčoka"@cuj	
"ka'kari-no"@cof	<http://ids.clld.org/values/16-250-246-1>		<http://ids.clld.org/parameters/16-250>		<http://ids.clld.org/values/16-250-264-1>		"hic̷oľhiwata"@cuj	
"Φu"@cof	<http://ids.clld.org/values/4-393-246-1>		<http://ids.clld.org/parameters/4-393>		<http://ids.clld.org/values/4-393-264-1>		"mexi"@cuj	
"ˀbẽc̷e'le"@cof	<http://ids.clld.org/values/3-816-246-1>		<http://ids.clld.org/parameters/3-816>		<http://ids.clld.org/values/3-816-264-1>		"kačipkočirotero"@cuj	
"sĩ"@cof	<http://ids.clld.org/values/4-232-246-1>		<http://ids.clld.org/parameters/4-232>		<http://ids.clld.org/values/4-232-264-1>		"sro"@cuj	
"ni"@cof	<http://ids.clld.org/values/8-311-246-1>		<http://ids.clld.org/parameters/8-311>		<http://ids.clld.org/values/8-311-264-3>		"kaxirɨxi"@cuj	
"ni"@cof	<http://ids.clld.org/values/8-311-246-1>		<http://ids.clld.org/parameters/8-311>		<http://ids.clld.org/values/8-311-264-1>		"xi"@cuj	
"mãpi"@cof	<http://ids.clld.org/values/2-510-246-1>		<http://ids.clld.org/parameters/2-510>		<http://ids.clld.org/values/2-510-264-1>		"hikoxirɨ"@cuj	
"Φiʰ'ki"@cof	<http://ids.clld.org/values/18-260-246-1>		<http://ids.clld.org/parameters/18-260>		<http://ids.clld.org/values/18-260-264-1>		"tokanɨ"@cuj	
"'kiˀdo"@cof	<http://ids.clld.org/values/8-750-246-1>		<http://ids.clld.org/parameters/8-750>		<http://ids.clld.org/values/8-750-264-1>		"mta"@cuj	
"'kiˀdo"@cof	<http://ids.clld.org/values/8-750-246-1>		<http://ids.clld.org/parameters/8-750>		<http://ids.clld.org/values/8-750-264-3>		"pata"@cuj	
"taʰ'sẽ"@cof	<http://ids.clld.org/values/3-580-246-1>		<http://ids.clld.org/parameters/3-580>		<http://ids.clld.org/values/3-580-264-1>		"sreta"@cuj	
"taʰ'sẽ"@cof	<http://ids.clld.org/values/3-580-246-1>		<http://ids.clld.org/parameters/3-580>		<http://ids.clld.org/values/3-580-264-3>		"šaľe"@cuj	
"tuʰ'tu"@cof	<http://ids.clld.org/values/18-730-246-1>		<http://ids.clld.org/parameters/18-730>		<http://ids.clld.org/values/18-730-264-1>		"kowi"@cuj	
"ku"@cof	<http://ids.clld.org/values/4-410-246-1>		<http://ids.clld.org/parameters/4-410>		<http://ids.clld.org/values/4-410-264-1>		"sta"@cuj	
"ku"@cof	<http://ids.clld.org/values/4-410-246-1>		<http://ids.clld.org/parameters/4-410>		<http://ids.clld.org/values/4-410-264-3>		"t-nɨ"@cuj	
"ʔa'yã"@cof	<http://ids.clld.org/values/2-360-246-1>		<http://ids.clld.org/parameters/2-360>		<http://ids.clld.org/values/2-360-264-3>		"hin-ro"@cuj	
"ʔa'yã"@cof	<http://ids.clld.org/values/2-360-246-1>		<http://ids.clld.org/parameters/2-360>		<http://ids.clld.org/values/2-360-264-1>		"nato"@cuj	
"te'lẽ-ʔi-no"@cof	<http://ids.clld.org/values/10-412-246-1>		<http://ids.clld.org/parameters/10-412>		<http://ids.clld.org/values/10-412-264-1>		"yopc̷oxita"@cuj	
"kaʰ'c̷a-ke-no"@cof	<http://ids.clld.org/values/4-570-246-1>		<http://ids.clld.org/parameters/4-570>		<http://ids.clld.org/values/4-570-264-1>		"hapľita"@cuj	
"tuʰ'pa-ke-no"@cof	<http://ids.clld.org/values/4-560-246-3>		<http://ids.clld.org/parameters/4-560>		<http://ids.clld.org/values/4-560-264-1>		"c̷kaha"@cuj	
"lu'rĩ"@cof	<http://ids.clld.org/values/4-856-246-1>		<http://ids.clld.org/parameters/4-856>		<http://ids.clld.org/values/4-856-264-1>		"yma"@cuj	
"ʔa'li"@cof	<http://ids.clld.org/values/8-550-246-1>		<http://ids.clld.org/parameters/8-550>		<http://ids.clld.org/values/8-550-264-5>		"xe"@cuj	
"ʔa'li"@cof	<http://ids.clld.org/values/8-550-246-1>		<http://ids.clld.org/parameters/8-550>		<http://ids.clld.org/values/8-550-264-3>		"c̷ki"@cuj	
"ʔa'li"@cof	<http://ids.clld.org/values/8-550-246-1>		<http://ids.clld.org/parameters/8-550>		<http://ids.clld.org/values/8-550-264-1>		"pľɨ"@cuj	
"no'sa pa-no"@cof	<http://ids.clld.org/values/18-150-246-1>		<http://ids.clld.org/parameters/18-150>		<http://ids.clld.org/values/18-150-264-1>		"himsaľe-wata"@cuj	
"he'lẽ"@cof	<http://ids.clld.org/values/1-410-246-1>		<http://ids.clld.org/parameters/1-410>		<http://ids.clld.org/values/1-410-264-1>		"hoša"@cuj	
"lẽ"@cof	<http://ids.clld.org/values/8-910-246-1>		<http://ids.clld.org/parameters/8-910>		<http://ids.clld.org/values/8-910-264-1>		"xipa-ľɨ"@cuj	
"haʰ'ke"@cof	<http://ids.clld.org/values/4-450-246-1>		<http://ids.clld.org/parameters/4-450>		<http://ids.clld.org/values/4-450-264-1>		"ho-pna"@cuj	
"piʰ'po-ka"@cof	<http://ids.clld.org/values/4-490-246-1>		<http://ids.clld.org/parameters/4-490>		<http://ids.clld.org/values/4-490-264-3>		"naxi"@cuj	
"piʰ'po-ka"@cof	<http://ids.clld.org/values/4-490-246-1>		<http://ids.clld.org/parameters/4-490>		<http://ids.clld.org/values/4-490-264-1>		"hexha-naxi"@cuj	
"-tu"@cof	<http://ids.clld.org/values/17-560-246-3>		<http://ids.clld.org/parameters/17-560>		<http://ids.clld.org/values/17-560-264-3>		"hike"@cuj	
"-tu"@cof	<http://ids.clld.org/values/17-560-246-3>		<http://ids.clld.org/parameters/17-560>		<http://ids.clld.org/values/17-560-264-1>		"hi"@cuj	
"wa su'wa"@cof	<http://ids.clld.org/values/1-580-246-1>		<http://ids.clld.org/parameters/1-580>		<http://ids.clld.org/values/1-580-264-1>		"yonˑiphyata"@cuj	
"waʰ'ta"@cof	<http://ids.clld.org/values/14-730-246-1>		<http://ids.clld.org/parameters/14-730>		<http://ids.clld.org/values/14-730-264-1>		"waľapɨ"@cuj	
"c̷iʰki-'la"@cof	<http://ids.clld.org/values/2-940-246-1>		<http://ids.clld.org/parameters/2-940>		<http://ids.clld.org/values/2-940-264-3>		"ha-"@cuj	
"c̷iʰki-'la"@cof	<http://ids.clld.org/values/2-940-246-1>		<http://ids.clld.org/parameters/2-940>		<http://ids.clld.org/values/2-940-264-1>		"witʸa"@cuj	
"ˀbeʰ'tẽˀde c̷i'ˀde"@cof	<http://ids.clld.org/values/4-191-246-1>		<http://ids.clld.org/parameters/4-191>		<http://ids.clld.org/values/4-191-264-1>		"hayixi"@cuj	
"'luˀba-kã"@cof	<http://ids.clld.org/values/15-660-246-3>		<http://ids.clld.org/parameters/15-660>		<http://ids.clld.org/values/15-660-264-1>		"sero"@cuj	
"c̷u-no"@cof	<http://ids.clld.org/values/5-160-246-1>		<http://ids.clld.org/parameters/5-160>		<http://ids.clld.org/values/5-160-264-1>		"haši-ča"@cuj	
"kã'to"@cof	<http://ids.clld.org/values/3-760-246-1>		<http://ids.clld.org/parameters/3-760>		<http://ids.clld.org/values/3-760-264-1>		"čko-tɨ"@cuj	
"to"@cof	<http://ids.clld.org/values/7-260-246-1>		<http://ids.clld.org/parameters/7-260>		<http://ids.clld.org/values/7-260-264-1>		"čiximta"@cuj	
"mi'su"@cof	<http://ids.clld.org/values/4-200-246-1>		<http://ids.clld.org/parameters/4-200>		<http://ids.clld.org/values/4-200-264-1>		"xiwɨ"@cuj	
"ha'ˀdõ"@cof	<http://ids.clld.org/values/15-810-246-1>		<http://ids.clld.org/parameters/15-810>		<http://ids.clld.org/values/15-810-264-1>		"hi-no-ľɨ"@cuj	
"pe"@cof	<http://ids.clld.org/values/1-530-246-1>		<http://ids.clld.org/parameters/1-530>		<http://ids.clld.org/values/1-530-264-1>		"ksɨ-rɨ"@cuj	
"nĩ"@cof	<http://ids.clld.org/values/1-810-246-1>		<http://ids.clld.org/parameters/1-810>		<http://ids.clld.org/values/1-810-264-1>		"yošika"@cuj	
"'mi-no"@cof	<http://ids.clld.org/values/13-107-246-1>		<http://ids.clld.org/parameters/13-107>		<http://ids.clld.org/values/13-107-264-1>		"yanta-ta"@cuj	
"ʔoʰ'ko"@cof	<http://ids.clld.org/values/22-450-246-1>		<http://ids.clld.org/parameters/22-450>		<http://ids.clld.org/values/22-450-264-1>		"samenɨ"@cuj	
"teya-'ka"@cof	<http://ids.clld.org/values/15-780-246-3>		<http://ids.clld.org/parameters/15-780>		<http://ids.clld.org/values/15-780-264-1>		"phewna"@cuj	
"ˀboʰ'te"@cof	<http://ids.clld.org/values/4-464-246-1>		<http://ids.clld.org/parameters/4-464>		<http://ids.clld.org/values/4-464-264-1>		"srɨ"@cuj	
"ʔũ-ra-"@cof	<http://ids.clld.org/values/10-340-246-3>		<http://ids.clld.org/parameters/10-340>		<http://ids.clld.org/values/10-340-264-1>		"hikmahata"@cuj	
"'lu-ˀbã"@cof	<http://ids.clld.org/values/15-660-246-1>		<http://ids.clld.org/parameters/15-660>		<http://ids.clld.org/values/15-660-264-1>		"sero"@cuj	
"hi'ˀda"@cof	<http://ids.clld.org/values/15-860-246-1>		<http://ids.clld.org/parameters/15-860>		<http://ids.clld.org/values/15-860-264-1>		"kačik-ľe-rɨ"@cuj	
"'lesu"@cof	<http://ids.clld.org/values/4-205-246-1>		<http://ids.clld.org/parameters/4-205>		<http://ids.clld.org/values/4-205-264-1>		"xrota"@cuj	
"ʔa'no ya-no"@cof	<http://ids.clld.org/values/5-140-246-3>		<http://ids.clld.org/parameters/5-140>		<http://ids.clld.org/values/5-140-264-1>		"nači-ma"@cuj	
"pi-sula-no"@cof	<http://ids.clld.org/values/10-350-246-1>		<http://ids.clld.org/parameters/10-350>		<http://ids.clld.org/values/10-350-264-1>		"ha-noha-ta"@cuj	
"ne-ˀbũka"@cof	<http://ids.clld.org/values/4-371-246-1>		<http://ids.clld.org/parameters/4-371>		<http://ids.clld.org/values/4-371-264-1>		"yhalexi"@cuj	
"su"@cof	<http://ids.clld.org/values/1-440-246-1>		<http://ids.clld.org/parameters/1-440>		<http://ids.clld.org/values/1-440-264-1>		"sotľɨ"@cuj	
"mi'nu"@cof	<http://ids.clld.org/values/10-720-246-1>		<http://ids.clld.org/parameters/10-720>		<http://ids.clld.org/values/10-720-264-1>		"hapo"@cuj	
"wi'ru-ʔi-no"@cof	<http://ids.clld.org/values/12-150-246-5>		<http://ids.clld.org/parameters/12-150>		<http://ids.clld.org/values/12-150-264-1>		"tɨn-wa-ta"@cuj	
"c̷iʰ'pĩ"@cof	<http://ids.clld.org/values/3-813-246-1>		<http://ids.clld.org/parameters/3-813>		<http://ids.clld.org/values/3-813-264-1>		"kočopa"@cuj	
"te'lẽ-ra-no"@cof	<http://ids.clld.org/values/10-412-246-3>		<http://ids.clld.org/parameters/10-412>		<http://ids.clld.org/values/10-412-264-1>		"yopc̷oxita"@cuj	
"ne'mẽ"@cof	<http://ids.clld.org/values/1-620-246-1>		<http://ids.clld.org/parameters/1-620>		<http://ids.clld.org/values/1-620-264-1>		"yačhe"@cuj	
"ne'mẽ"@cof	<http://ids.clld.org/values/1-620-246-1>		<http://ids.clld.org/parameters/1-620>		<http://ids.clld.org/values/1-620-264-3>		"yačnewľɨ"@cuj	
"ʔiʰ'c̷ã ˀbeʰ'ko"@cof	<http://ids.clld.org/values/12-360-246-1>		<http://ids.clld.org/parameters/12-360>		<http://ids.clld.org/values/12-360-264-1>		"tamnɨ"@cuj	
"ki'yã-pũ"@cof	<http://ids.clld.org/values/4-840-246-3>		<http://ids.clld.org/parameters/4-840>		<http://ids.clld.org/values/4-840-264-1>		"kapo-haľɨ"@cuj	
"ki'yã-pũ"@cof	<http://ids.clld.org/values/4-840-246-3>		<http://ids.clld.org/parameters/4-840>		<http://ids.clld.org/values/4-840-264-3>		"poha"@cuj	
"'c̷alã"@cof	<http://ids.clld.org/values/1-215-246-1>		<http://ids.clld.org/parameters/1-215>		<http://ids.clld.org/values/1-215-264-1>		"ksatɨ"@cuj	
"koma'na"@cof	<http://ids.clld.org/values/4-820-246-1>		<http://ids.clld.org/parameters/4-820>		<http://ids.clld.org/values/4-820-264-1>		"pohro"@cuj	
"'kõti"@cof	<http://ids.clld.org/values/1-240-246-1>		<http://ids.clld.org/parameters/1-240>		<http://ids.clld.org/values/1-240-264-1>		"čpaľe"@cuj	
"'kõti"@cof	<http://ids.clld.org/values/1-240-246-1>		<http://ids.clld.org/parameters/1-240>		<http://ids.clld.org/values/1-240-264-3>		"mahka čpaľe"@cuj	
"tu'li-no"@cof	<http://ids.clld.org/values/1-860-246-1>		<http://ids.clld.org/parameters/1-860>		<http://ids.clld.org/values/1-860-264-3>		"tʸirna"@cuj	
"tu'li-no"@cof	<http://ids.clld.org/values/1-860-246-1>		<http://ids.clld.org/parameters/1-860>		<http://ids.clld.org/values/1-860-264-1>		"tʸirika"@cuj	
"'haˀda ke-no"@cof	<http://ids.clld.org/values/4-520-246-1>		<http://ids.clld.org/parameters/4-520>		<http://ids.clld.org/values/4-520-264-1>		"haphatata"@cuj	
"waʰc̷a"@cof	<http://ids.clld.org/values/3-650-246-1>		<http://ids.clld.org/parameters/3-650>		<http://ids.clld.org/values/3-650-264-1>		"šima"@cuj	
"[aʰkusa]"@cof	<http://ids.clld.org/values/6-360-246-1>		<http://ids.clld.org/parameters/6-360>		<http://ids.clld.org/values/6-360-264-1>		"c̷apɨ"@cuj	
"ʔa ti-no"@cof	<http://ids.clld.org/values/16-390-246-1>		<http://ids.clld.org/parameters/16-390>		<http://ids.clld.org/values/16-390-264-1>		"hočhita"@cuj	
"yo kiˀdo"@cof	<http://ids.clld.org/values/1-510-246-1>		<http://ids.clld.org/parameters/1-510>		<http://ids.clld.org/values/1-510-264-1>		"teno"@cuj	
"yo kiˀdo"@cof	<http://ids.clld.org/values/1-510-246-1>		<http://ids.clld.org/parameters/1-510>		<http://ids.clld.org/values/1-510-264-3>		"tenhohne"@cuj	
"[nu'we]"@cof	<http://ids.clld.org/values/13-90-246-3>		<http://ids.clld.org/parameters/13-90>		<http://ids.clld.org/values/13-90-264-1>		"mtɨrɨxi"@cuj	
"c̷i-hi-no"@cof	<http://ids.clld.org/values/9-280-246-3>		<http://ids.clld.org/parameters/9-280>		<http://ids.clld.org/values/9-280-264-1>		"kteha"@cuj	
"[kasa]'la-ʔi-no"@cof	<http://ids.clld.org/values/2-330-246-1>		<http://ids.clld.org/parameters/2-330>		<http://ids.clld.org/values/2-330-264-1>		"kašimyota"@cuj	
"ka'kari-no"@cof	<http://ids.clld.org/values/16-251-246-1>		<http://ids.clld.org/parameters/16-251>		<http://ids.clld.org/values/16-251-264-1>		"hašyaka"@cuj	
"Φo'ro"@cof	<http://ids.clld.org/values/8-170-246-1>		<http://ids.clld.org/parameters/8-170>		<http://ids.clld.org/values/8-170-264-1>		"tľapa"@cuj	
"wara-no"@cof	<http://ids.clld.org/values/5-220-246-1>		<http://ids.clld.org/parameters/5-220>		<http://ids.clld.org/values/5-220-264-3>		"hixpaxpata"@cuj	
"wara-no"@cof	<http://ids.clld.org/values/5-220-246-1>		<http://ids.clld.org/parameters/5-220>		<http://ids.clld.org/values/5-220-264-1>		"ximľeka"@cuj	
"netaʰ'ka"@cof	<http://ids.clld.org/values/4-372-246-1>		<http://ids.clld.org/parameters/4-372>		<http://ids.clld.org/values/4-372-264-1>		"sc̷ih-xitʸi"@cuj	
"pe'mã-'ka"@cof	<http://ids.clld.org/values/13-30-246-3>		<http://ids.clld.org/parameters/13-30>		<http://ids.clld.org/values/13-30-264-1>		"mapa"@cuj	
"ʔa"@cof	<http://ids.clld.org/values/4-140-246-1>		<http://ids.clld.org/parameters/4-140>		<http://ids.clld.org/values/4-140-264-1>		"xiwɨ-c̷a"@cuj	
"c̷i'de pe'le"@cof	<http://ids.clld.org/values/8-600-246-3>		<http://ids.clld.org/parameters/8-600>		<http://ids.clld.org/values/8-600-264-1>		"hah-mɨna"@cuj	
"koʰ'tan"@cof	<http://ids.clld.org/values/3-950-246-1>		<http://ids.clld.org/parameters/3-950>		<http://ids.clld.org/values/3-950-264-1>		"toľo-x-rɨ"@cuj	
"'misili"@cof	<http://ids.clld.org/values/6-780-246-1>		<http://ids.clld.org/parameters/6-780>		<http://ids.clld.org/values/6-780-264-1>		"satʸpamtaľɨ"@cuj	
"taʰ'sa ~ taʰ'se"@cof	<http://ids.clld.org/values/9-760-246-3>		<http://ids.clld.org/parameters/9-760>		<http://ids.clld.org/values/9-760-264-1>		"koxi-ta"@cuj	
"me'ra-tumĩ"@cof	<http://ids.clld.org/values/4-950-246-1>		<http://ids.clld.org/parameters/4-950>		<http://ids.clld.org/values/4-950-264-1>		"[mašonti]"@cuj	
"'baro"@cof	<http://ids.clld.org/values/3-586-246-1>		<http://ids.clld.org/parameters/3-586>		<http://ids.clld.org/values/3-586-264-1>		"may-ľɨ"@cuj	
"na"@cof	<http://ids.clld.org/values/14-140-246-1>		<http://ids.clld.org/parameters/14-140>		<http://ids.clld.org/values/14-140-264-1>		"makľɨta"@cuj	
"[kuʰc̷ilu]"@cof	<http://ids.clld.org/values/5-380-246-1>		<http://ids.clld.org/parameters/5-380>		<http://ids.clld.org/values/5-380-264-1>		"wa-ta"@cuj	
"'nakã"@cof	<http://ids.clld.org/values/12-560-246-1>		<http://ids.clld.org/parameters/12-560>		<http://ids.clld.org/values/12-560-264-1>		"mtɨ-rɨ"@cuj	
"nũ"@cof	<http://ids.clld.org/values/17-670-246-1>		<http://ids.clld.org/parameters/17-670>		<http://ids.clld.org/values/17-670-264-1>		"hirɨ"@cuj	
"c̷i'ˀde"@cof	<http://ids.clld.org/values/1-430-246-1>		<http://ids.clld.org/parameters/1-430>		<http://ids.clld.org/values/1-430-264-1>		"hah-mɨna"@cuj	
"c̷i'ˀde"@cof	<http://ids.clld.org/values/1-430-246-1>		<http://ids.clld.org/parameters/1-430>		<http://ids.clld.org/values/1-430-264-3>		"mɨna"@cuj	
"la-po-no"@cof	<http://ids.clld.org/values/20-650-246-3>		<http://ids.clld.org/parameters/20-650>		<http://ids.clld.org/values/20-650-264-1>		"hic̷eka"@cuj	
"pĩ-ˀbã"@cof	<http://ids.clld.org/values/15-350-246-1>		<http://ids.clld.org/parameters/15-350>		<http://ids.clld.org/values/15-350-264-1>		"počwa-ľɨ"@cuj	
"mã-ka-si-ri"@cof	<http://ids.clld.org/values/13-330-246-1>		<http://ids.clld.org/parameters/13-330>		<http://ids.clld.org/values/13-330-264-1>		"pxe ~ pxa"@cuj	
"tũ-pi"@cof	<http://ids.clld.org/values/5-640-246-1>		<http://ids.clld.org/parameters/5-640>		<http://ids.clld.org/values/5-640-264-1>		"čopi"@cuj	
"ˀbũka"@cof	<http://ids.clld.org/values/9-192-246-1>		<http://ids.clld.org/parameters/9-192>		<http://ids.clld.org/values/9-192-264-3>		"skiwa"@cuj	
"ˀbũka"@cof	<http://ids.clld.org/values/9-192-246-1>		<http://ids.clld.org/parameters/9-192>		<http://ids.clld.org/values/9-192-264-1>		"hišriskiwľɨ"@cuj	
"laʰ'ki-"@cof	<http://ids.clld.org/values/16-270-246-3>		<http://ids.clld.org/parameters/16-270>		<http://ids.clld.org/values/16-270-264-3>		"hišinika"@cuj	
"laʰ'ki-"@cof	<http://ids.clld.org/values/16-270-246-3>		<http://ids.clld.org/parameters/16-270>		<http://ids.clld.org/values/16-270-264-1>		"haľɨka"@cuj	
"ha'li-no"@cof	<http://ids.clld.org/values/4-580-246-1>		<http://ids.clld.org/parameters/4-580>		<http://ids.clld.org/values/4-580-264-1>		"haškaka"@cuj	
"ha'li-no"@cof	<http://ids.clld.org/values/4-580-246-1>		<http://ids.clld.org/parameters/4-580>		<http://ids.clld.org/values/4-580-264-3>		"-ta"@cuj	
"nĩ"@cof	<http://ids.clld.org/values/7-450-246-1>		<http://ids.clld.org/parameters/7-450>		<http://ids.clld.org/values/7-450-264-1>		"kataľo"@cuj	
"Φu'ˀda"@cof	<http://ids.clld.org/values/4-850-246-1>		<http://ids.clld.org/parameters/4-850>		<http://ids.clld.org/values/4-850-264-3>		"poc̷re"@cuj	
"Φu'ˀda"@cof	<http://ids.clld.org/values/4-850-246-1>		<http://ids.clld.org/parameters/4-850>		<http://ids.clld.org/values/4-850-264-1>		"tre"@cuj	
"ku'ˀdã"@cof	<http://ids.clld.org/values/4-290-246-1>		<http://ids.clld.org/parameters/4-290>		<http://ids.clld.org/values/4-290-264-1>		"pľa"@cuj	
"ki-no"@cof	<http://ids.clld.org/values/9-110-246-3>		<http://ids.clld.org/parameters/9-110>		<http://ids.clld.org/values/9-110-264-1>		"kam-rɨ-ta"@cuj	
"ˀbo'ˀbo"@cof	<http://ids.clld.org/values/3-596-246-1>		<http://ids.clld.org/parameters/3-596>		<http://ids.clld.org/values/3-596-264-3>		"mosa"@cuj	
"ˀbo'ˀbo"@cof	<http://ids.clld.org/values/3-596-246-1>		<http://ids.clld.org/parameters/3-596>		<http://ids.clld.org/values/3-596-264-1>		"hnono"@cuj	
"'na-so"@cof	<http://ids.clld.org/values/2-640-246-1>		<http://ids.clld.org/parameters/2-640>		<http://ids.clld.org/values/2-640-264-1>		"mekanɨnro"@cuj	
"Φu"@cof	<http://ids.clld.org/values/4-144-246-1>		<http://ids.clld.org/parameters/4-144>		<http://ids.clld.org/values/4-144-264-3>		"šape"@cuj	
"Φu"@cof	<http://ids.clld.org/values/4-144-246-1>		<http://ids.clld.org/parameters/4-144>		<http://ids.clld.org/values/4-144-264-1>		"pitʸi"@cuj	
"kuʰ'c̷i-no"@cof	<http://ids.clld.org/values/5-130-246-1>		<http://ids.clld.org/parameters/5-130>		<http://ids.clld.org/values/5-130-264-1>		"hašroka"@cuj	
"ʔaʰ'tã"@cof	<http://ids.clld.org/values/15-830-246-1>		<http://ids.clld.org/parameters/15-830>		<http://ids.clld.org/values/15-830-264-3>		"kha"@cuj	
"ʔaʰ'tã"@cof	<http://ids.clld.org/values/15-830-246-1>		<http://ids.clld.org/parameters/15-830>		<http://ids.clld.org/values/15-830-264-1>		"hi-ha-ka"@cuj	
"ku'ra"@cof	<http://ids.clld.org/values/13-140-246-1>		<http://ids.clld.org/parameters/13-140>		<http://ids.clld.org/values/13-140-264-3>		"ptowrɨ"@cuj	
"ku'ra"@cof	<http://ids.clld.org/values/13-140-246-1>		<http://ids.clld.org/parameters/13-140>		<http://ids.clld.org/values/13-140-264-1>		"pexnɨ"@cuj	
"'weʰki"@cof	<http://ids.clld.org/values/10-840-246-1>		<http://ids.clld.org/parameters/10-840>		<http://ids.clld.org/values/10-840-264-1>		"pɨmľɨ"@cuj	
"le'wesa"@cof	<http://ids.clld.org/values/1-362-246-1>		<http://ids.clld.org/parameters/1-362>		<http://ids.clld.org/values/1-362-264-1>		"ximľere"@cuj	
"le'wesa"@cof	<http://ids.clld.org/values/1-362-246-1>		<http://ids.clld.org/parameters/1-362>		<http://ids.clld.org/values/1-362-264-3>		"xiweyľɨ"@cuj	
"'kĩΦu"@cof	<http://ids.clld.org/values/4-241-246-1>		<http://ids.clld.org/parameters/4-241>		<http://ids.clld.org/values/4-241-264-3>		"swɨtɨ"@cuj	
"'kĩΦu"@cof	<http://ids.clld.org/values/4-241-246-1>		<http://ids.clld.org/parameters/4-241>		<http://ids.clld.org/values/4-241-264-1>		"xri"@cuj	
"su'wa"@cof	<http://ids.clld.org/values/1-750-246-1>		<http://ids.clld.org/parameters/1-750>		<http://ids.clld.org/values/1-750-264-3>		"neka"@cuj	
"su'wa"@cof	<http://ids.clld.org/values/1-750-246-1>		<http://ids.clld.org/parameters/1-750>		<http://ids.clld.org/values/1-750-264-1>		"hina"@cuj	
"me'ra-no"@cof	<http://ids.clld.org/values/15-410-246-1>		<http://ids.clld.org/parameters/15-410>		<http://ids.clld.org/values/15-410-264-1>		"xema"@cuj	
"me'ra-no"@cof	<http://ids.clld.org/values/15-410-246-1>		<http://ids.clld.org/parameters/15-410>		<http://ids.clld.org/values/15-410-264-3>		"yixnakota"@cuj	
"'nama"@cof	<http://ids.clld.org/values/2-420-246-1>		<http://ids.clld.org/parameters/2-420>		<http://ids.clld.org/values/2-420-264-1>		"šičo ~ nšičo"@cuj	
"kuʰ'pa-ri-"@cof	<http://ids.clld.org/values/10-210-246-1>		<http://ids.clld.org/parameters/10-210>		<http://ids.clld.org/values/10-210-264-1>		"hitʸenowna"@cuj	
"lẽ"@cof	<http://ids.clld.org/values/8-912-246-1>		<http://ids.clld.org/parameters/8-912>		<http://ids.clld.org/values/8-912-264-1>		"seroxiro"@cuj	
"ʔoʰ'ko-pĩc̷u"@cof	<http://ids.clld.org/values/1-630-246-1>		<http://ids.clld.org/parameters/1-630>		<http://ids.clld.org/values/1-630-264-1>		"mayawľɨ"@cuj	
"ʔoʰ'ko-pĩc̷u"@cof	<http://ids.clld.org/values/1-630-246-1>		<http://ids.clld.org/parameters/1-630>		<http://ids.clld.org/values/1-630-264-3>		"čikľe"@cuj	
"haʰpi'su"@cof	<http://ids.clld.org/values/8-560-246-1>		<http://ids.clld.org/parameters/8-560>		<http://ids.clld.org/values/8-560-264-1>		"sɨre"@cuj	
"'mi-ra-no"@cof	<http://ids.clld.org/values/17-170-246-1>		<http://ids.clld.org/parameters/17-170>		<http://ids.clld.org/values/17-170-264-1>		"himata"@cuj	
"'teˀde"@cof	<http://ids.clld.org/values/4-310-246-1>		<http://ids.clld.org/parameters/4-310>		<http://ids.clld.org/values/4-310-264-1>		"kano"@cuj	
"kiʰ'te"@cof	<http://ids.clld.org/values/8-980-246-1>		<http://ids.clld.org/parameters/8-980>		<http://ids.clld.org/values/8-980-264-1>		"kačipɨ"@cuj	
"'naʔo"@cof	<http://ids.clld.org/values/2-410-246-1>		<http://ids.clld.org/parameters/2-410>		<http://ids.clld.org/values/2-410-264-1>		"tɨrɨ ~ hitɨrɨ"@cuj	
"'ˀbõteˀde-ka"@cof	<http://ids.clld.org/values/4-430-246-1>		<http://ids.clld.org/parameters/4-430>		<http://ids.clld.org/values/4-430-264-1>		"pľo"@cuj	
"haʰ'sa ke-no"@cof	<http://ids.clld.org/values/4-510-246-3>		<http://ids.clld.org/parameters/4-510>		<http://ids.clld.org/values/4-510-264-3>		"nˑiphya"@cuj	
"haʰ'sa ke-no"@cof	<http://ids.clld.org/values/4-510-246-3>		<http://ids.clld.org/parameters/4-510>		<http://ids.clld.org/values/4-510-264-1>		"hinˑiphya"@cuj	
"peʰ'pe"@cof	<http://ids.clld.org/values/9-790-246-1>		<http://ids.clld.org/parameters/9-790>		<http://ids.clld.org/values/9-790-264-1>		"hepno-pi"@cuj	
"ta'pi"@cof	<http://ids.clld.org/values/6-411-246-1>		<http://ids.clld.org/parameters/6-411>		<http://ids.clld.org/values/6-411-264-1>		"[pončo]"@cuj	
"nala'lã ʔu'nila"@cof	<http://ids.clld.org/values/2-251-246-1>		<http://ids.clld.org/parameters/2-251>		<http://ids.clld.org/values/2-251-264-1>		"makľɨxi"@cuj	
"nĩ-po-no"@cof	<http://ids.clld.org/values/1-851-246-3>		<http://ids.clld.org/parameters/1-851>		<http://ids.clld.org/values/1-851-264-3>		"haľha"@cuj	
"nĩ-po-no"@cof	<http://ids.clld.org/values/1-851-246-3>		<http://ids.clld.org/parameters/1-851>		<http://ids.clld.org/values/1-851-264-1>		"hapkaha"@cuj	
"lu'li"@cof	<http://ids.clld.org/values/8-570-246-1>		<http://ids.clld.org/parameters/8-570>		<http://ids.clld.org/values/8-570-264-1>		"hwɨ ~ howɨ"@cuj	
"[animal]"@cof	<http://ids.clld.org/values/3-110-246-1>		<http://ids.clld.org/parameters/3-110>		<http://ids.clld.org/values/3-110-264-1>		"pra"@cuj	
"[animal]"@cof	<http://ids.clld.org/values/3-110-246-1>		<http://ids.clld.org/parameters/3-110>		<http://ids.clld.org/values/3-110-264-3>		"pɨra-"@cuj	
"a Φu"@cof	<http://ids.clld.org/values/4-140-246-5>		<http://ids.clld.org/parameters/4-140>		<http://ids.clld.org/values/4-140-264-1>		"xiwɨ-c̷a"@cuj	
