"wa pi-pi-'lu"@cof	<http://ids.clld.org/values/1-330-246-1>		<http://ids.clld.org/parameters/1-330>		<http://ids.clld.org/values/1-330-198-1>		"azaran"@prg	
"'sõna-no"@cof	<http://ids.clld.org/values/4-740-246-1>		<http://ids.clld.org/parameters/4-740>		<http://ids.clld.org/values/4-740-198-1>		"gīvas"@prg	
"pu'ra-ʔi-no"@cof	<http://ids.clld.org/values/12-160-246-3>		<http://ids.clld.org/parameters/12-160>		<http://ids.clld.org/values/12-160-198-1>		"paláikt"@prg	
"pa hũ-la"@cof	<http://ids.clld.org/values/19-520-246-3>		<http://ids.clld.org/parameters/19-520>		<http://ids.clld.org/values/19-520-198-1>		"préisiks"@prg	
"he'lẽ ya"@cof	<http://ids.clld.org/values/7-130-246-1>		<http://ids.clld.org/parameters/7-130>		<http://ids.clld.org/values/7-130-198-1>		"stubā"@prg	
"ˀboʰ'te"@cof	<http://ids.clld.org/values/4-351-246-1>		<http://ids.clld.org/parameters/4-351>		<http://ids.clld.org/values/4-351-198-1>		"slaunis"@prg	
"misũ-ka"@cof	<http://ids.clld.org/values/7-421-246-1>		<http://ids.clld.org/parameters/7-421>		<http://ids.clld.org/values/7-421-198-1>		"balzinis"@prg	
"ʔo-nũ-[panu]"@cof	<http://ids.clld.org/values/6-410-246-1>		<http://ids.clld.org/parameters/6-410>		<http://ids.clld.org/values/6-410-198-1>		"pelkis"@prg	
"mu'mũ"@cof	<http://ids.clld.org/values/18-280-246-1>		<http://ids.clld.org/parameters/18-280>		<http://ids.clld.org/values/18-280-198-1>		"imens"@prg	
"ta-ki'ra-no"@cof	<http://ids.clld.org/values/15-710-246-3>		<http://ids.clld.org/parameters/15-710>		<http://ids.clld.org/values/15-710-198-1>		"enkasint"@prg	
"sẽ"@cof	<http://ids.clld.org/values/4-830-246-1>		<http://ids.clld.org/parameters/4-830>		<http://ids.clld.org/values/4-830-198-1>		"kails"@prg	
"ʔoh'tõ-koro"@cof	<http://ids.clld.org/values/3-840-246-1>		<http://ids.clld.org/parameters/3-840>		<http://ids.clld.org/values/3-840-198-1>		"kirmis"@prg	
"c̷iʰ'ke"@cof	<http://ids.clld.org/values/2-910-246-3>		<http://ids.clld.org/parameters/2-910>		<http://ids.clld.org/values/2-910-198-1>		"as"@prg	
"puʰ'ka"@cof	<http://ids.clld.org/values/8-311-246-3>		<http://ids.clld.org/parameters/8-311>		<http://ids.clld.org/values/8-311-198-1>		"sēmen"@prg	
"su'su"@cof	<http://ids.clld.org/values/3-610-246-1>		<http://ids.clld.org/parameters/3-610>		<http://ids.clld.org/values/3-610-198-1>		"sunis"@prg	
"'tẽka"@cof	<http://ids.clld.org/values/17-110-246-1>		<http://ids.clld.org/parameters/17-110>		<http://ids.clld.org/values/17-110-198-1>		"isprasnā"@prg	
"kasa-'le"@cof	<http://ids.clld.org/values/12-40-246-3>		<http://ids.clld.org/parameters/12-40>		<http://ids.clld.org/values/12-40-198-1>		"pirzdau"@prg	
"to"@cof	<http://ids.clld.org/values/1-100-246-1>		<http://ids.clld.org/parameters/1-100>		<http://ids.clld.org/values/1-100-198-1>		"svētā"@prg	
"kuʰ'ta-pe"@cof	<http://ids.clld.org/values/7-570-246-1>		<http://ids.clld.org/parameters/7-570>		<http://ids.clld.org/values/7-570-198-1>		"lubā"@prg	
"ʔaʰ'sã"@cof	<http://ids.clld.org/values/4-150-246-1>		<http://ids.clld.org/parameters/4-150>		<http://ids.clld.org/values/4-150-198-1>		"kraujā"@prg	
"'parĩki"@cof	<http://ids.clld.org/values/3-584-246-1>		<http://ids.clld.org/parameters/3-584>		<http://ids.clld.org/values/3-584-198-1>		"arelis"@prg	
"ˀdi'la"@cof	<http://ids.clld.org/values/20-640-246-1>		<http://ids.clld.org/parameters/20-640>		<http://ids.clld.org/values/20-640-198-1>		"tinklā"@prg	
"'kũta"@cof	<http://ids.clld.org/values/1-560-246-1>		<http://ids.clld.org/parameters/1-560>		<http://ids.clld.org/values/1-560-198-1>		"perkūnis"@prg	
"to"@cof	<http://ids.clld.org/values/9-730-246-1>		<http://ids.clld.org/parameters/9-730>		<http://ids.clld.org/values/9-730-198-1>		"laidis"@prg	
"mã"@cof	<http://ids.clld.org/values/13-10-246-1>		<http://ids.clld.org/parameters/13-10>		<http://ids.clld.org/values/13-10-198-1>		"ains"@prg	
"['mili]"@cof	<http://ids.clld.org/values/13-106-246-1>		<http://ids.clld.org/parameters/13-106>		<http://ids.clld.org/values/13-106-198-1>		"tūsimtans"@prg	
"kuwa-no"@cof	<http://ids.clld.org/values/11-210-246-1>		<http://ids.clld.org/parameters/11-210>		<http://ids.clld.org/values/11-210-198-1>		"dāt[vei]"@prg	
"ʔuwã"@cof	<http://ids.clld.org/values/12-550-246-3>		<http://ids.clld.org/parameters/12-550>		<http://ids.clld.org/values/12-550-198-1>		"debīkan"@prg	
"'c̷u-no"@cof	<http://ids.clld.org/values/12-130-246-1>		<http://ids.clld.org/parameters/12-130>		<http://ids.clld.org/values/12-130-198-1>		"sindan[t]s"@prg	
"'kiˀdo"@cof	<http://ids.clld.org/values/4-120-246-1>		<http://ids.clld.org/parameters/4-120>		<http://ids.clld.org/values/4-120-198-1>		"k'autā"@prg	
"'kiˀdo"@cof	<http://ids.clld.org/values/4-120-246-1>		<http://ids.clld.org/parameters/4-120>		<http://ids.clld.org/values/4-120-198-3>		"skārdā"@prg	
"'walpa"@cof	<http://ids.clld.org/values/3-540-246-1>		<http://ids.clld.org/parameters/3-540>		<http://ids.clld.org/values/3-540-198-1>		"gertā"@prg	
"po'yo"@cof	<http://ids.clld.org/values/1-730-246-1>		<http://ids.clld.org/parameters/1-730>		<http://ids.clld.org/values/1-730-198-1>		"(v)up'an"@prg	
"'c̷oc̷o"@cof	<http://ids.clld.org/values/5-124-246-3>		<http://ids.clld.org/parameters/5-124>		<http://ids.clld.org/values/5-124-198-1>		"zal'an"@prg	
"naʰ'ka"@cof	<http://ids.clld.org/values/12-560-246-3>		<http://ids.clld.org/parameters/12-560>		<http://ids.clld.org/values/12-560-198-1>		"likuts"@prg	
"'pa-ʔi-no"@cof	<http://ids.clld.org/values/16-420-246-3>		<http://ids.clld.org/parameters/16-420>		<http://ids.clld.org/values/16-420-198-1>		"nerteis"@prg	
"kilĩ'c̷i c̷i'ˀde"@cof	<http://ids.clld.org/values/4-162-246-1>		<http://ids.clld.org/parameters/4-162>		<http://ids.clld.org/values/4-162-198-1>		"gravē"@prg	
"tẽka ka-no"@cof	<http://ids.clld.org/values/17-130-246-1>		<http://ids.clld.org/parameters/17-130>		<http://ids.clld.org/values/17-130-198-1>		"pamērīt"@prg	
"'keʔere-ʔi-no"@cof	<http://ids.clld.org/values/10-230-246-1>		<http://ids.clld.org/parameters/10-230>		<http://ids.clld.org/values/10-230-198-1>		"krūt"@prg	
"puya-mĩ sona"@cof	<http://ids.clld.org/values/2-760-246-1>		<http://ids.clld.org/parameters/2-760>		<http://ids.clld.org/values/2-760-198-1>		"vidavā ~ viduvā"@prg	
"c̷oʰc̷o na"@cof	<http://ids.clld.org/values/2-280-246-1>		<http://ids.clld.org/parameters/2-280>		<http://ids.clld.org/values/2-280-198-1>		"malnīkik[a]s"@prg	
"'c̷aʰc̷i-ka"@cof	<http://ids.clld.org/values/4-130-246-1>		<http://ids.clld.org/parameters/4-130>		<http://ids.clld.org/values/4-130-198-1>		"mensā"@prg	
"ki'ra-no"@cof	<http://ids.clld.org/values/15-520-246-1>		<http://ids.clld.org/parameters/15-520>		<http://ids.clld.org/values/15-520-198-1>		"endīrīt[vei]"@prg	
"me'ra-no"@cof	<http://ids.clld.org/values/19-460-246-1>		<http://ids.clld.org/parameters/19-460>		<http://ids.clld.org/values/19-460-198-1>		"klausītun"@prg	
"ta-no"@cof	<http://ids.clld.org/values/11-110-246-1>		<http://ids.clld.org/parameters/11-110>		<http://ids.clld.org/values/11-110-198-1>		"turēt[vei]"@prg	
"se 'lari-no"@cof	<http://ids.clld.org/values/11-250-246-1>		<http://ids.clld.org/parameters/11-250>		<http://ids.clld.org/values/11-250-198-1>		"isrankīt"@prg	
"pa'ya"@cof	<http://ids.clld.org/values/3-730-246-1>		<http://ids.clld.org/parameters/3-730>		<http://ids.clld.org/values/3-730-198-1>		"klākīs"@prg	
"ta-no"@cof	<http://ids.clld.org/values/11-170-246-1>		<http://ids.clld.org/parameters/11-170>		<http://ids.clld.org/values/11-170-198-1>		"erlaikāt"@prg	
"ʔiʰ'sã"@cof	<http://ids.clld.org/values/15-860-246-3>		<http://ids.clld.org/parameters/15-860>		<http://ids.clld.org/values/15-860-198-1>		"salta"@prg	
"ˀbeʰ'tẽˀde"@cof	<http://ids.clld.org/values/4-190-246-1>		<http://ids.clld.org/parameters/4-190>		<http://ids.clld.org/values/4-190-198-1>		"rītīznan"@prg	
"paʰ'tarã"@cof	<http://ids.clld.org/values/7-540-246-1>		<http://ids.clld.org/parameters/7-540>		<http://ids.clld.org/values/7-540-198-1>		"sparis"@prg	
"kuʰ'pe"@cof	<http://ids.clld.org/values/8-540-246-3>		<http://ids.clld.org/parameters/8-540>		<http://ids.clld.org/values/8-540-198-1>		"saknis"@prg	
"loʰsĩ-ˀbã"@cof	<http://ids.clld.org/values/15-680-246-1>		<http://ids.clld.org/parameters/15-680>		<http://ids.clld.org/values/15-680-198-1>		"zal'an"@prg	
"po'yo"@cof	<http://ids.clld.org/values/1-740-246-1>		<http://ids.clld.org/parameters/1-740>		<http://ids.clld.org/values/1-740-198-1>		"kūpsins"@prg	
"ki'ra-no"@cof	<http://ids.clld.org/values/15-510-246-1>		<http://ids.clld.org/parameters/15-510>		<http://ids.clld.org/values/15-510-198-1>		"vidā ~ vidē"@prg	
"mera-no"@cof	<http://ids.clld.org/values/17-160-246-1>		<http://ids.clld.org/parameters/17-160>		<http://ids.clld.org/values/17-160-198-1>		"isprastun"@prg	
"ʔu'nila na"@cof	<http://ids.clld.org/values/2-250-246-1>		<http://ids.clld.org/parameters/2-250>		<http://ids.clld.org/values/2-250-198-1>		"malnīk[a]s"@prg	
"ya-'la"@cof	<http://ids.clld.org/values/2-960-246-1>		<http://ids.clld.org/parameters/2-960>		<http://ids.clld.org/values/2-960-198-3>		"tanans"@prg	
"ya-'la"@cof	<http://ids.clld.org/values/2-960-246-1>		<http://ids.clld.org/parameters/2-960>		<http://ids.clld.org/values/2-960-198-1>		"tanai"@prg	
"sẽ-nã"@cof	<http://ids.clld.org/values/4-830-246-3>		<http://ids.clld.org/parameters/4-830>		<http://ids.clld.org/values/4-830-198-1>		"kails"@prg	
"'kũta 'pĩda"@cof	<http://ids.clld.org/values/1-550-246-1>		<http://ids.clld.org/parameters/1-550>		<http://ids.clld.org/values/1-550-198-1>		"mēldē"@prg	
"hira'le"@cof	<http://ids.clld.org/values/13-140-246-5>		<http://ids.clld.org/parameters/13-140>		<http://ids.clld.org/values/13-140-198-1>		"erains"@prg	
"c̷ã'pa"@cof	<http://ids.clld.org/values/6-120-246-1>		<http://ids.clld.org/parameters/6-120>		<http://ids.clld.org/values/6-120-198-1>		"rūkai"@prg	
"ta'mo"@cof	<http://ids.clld.org/values/7-270-246-1>		<http://ids.clld.org/parameters/7-270>		<http://ids.clld.org/values/7-270-198-1>		"zeidis"@prg	
"pele-c̷i"@cof	<http://ids.clld.org/values/12-30-246-1>		<http://ids.clld.org/parameters/12-30>		<http://ids.clld.org/values/12-30-198-1>		"zemai"@prg	
"ne'lo"@cof	<http://ids.clld.org/values/11-640-246-1>		<http://ids.clld.org/parameters/11-640>		<http://ids.clld.org/values/11-640-198-1>		"áušautins"@prg	
"[te'sela]"@cof	<http://ids.clld.org/values/9-240-246-1>		<http://ids.clld.org/parameters/9-240>		<http://ids.clld.org/values/9-240-198-1>		"skrundus"@prg	
"'ka-no"@cof	<http://ids.clld.org/values/11-130-246-1>		<http://ids.clld.org/parameters/11-130>		<http://ids.clld.org/values/11-130-198-1>		"ímt"@prg	
"ˀdo'ni"@cof	<http://ids.clld.org/values/4-250-246-1>		<http://ids.clld.org/parameters/4-250>		<http://ids.clld.org/values/4-250-198-1>		"varsus"@prg	
"ya"@cof	<http://ids.clld.org/values/7-510-246-1>		<http://ids.clld.org/parameters/7-510>		<http://ids.clld.org/values/7-510-198-1>		"stāgis"@prg	
"ʔiʰto-no"@cof	<http://ids.clld.org/values/13-0-246-1>		<http://ids.clld.org/parameters/13-0>		<http://ids.clld.org/values/13-0-198-1>		"niainunt[a]s"@prg	
"[ʔoʰ'pisa]"@cof	<http://ids.clld.org/values/3-250-246-1>		<http://ids.clld.org/parameters/3-250>		<http://ids.clld.org/values/3-250-198-1>		"kamst'an"@prg	
"mãpi"@cof	<http://ids.clld.org/values/2-511-246-1>		<http://ids.clld.org/parameters/2-511>		<http://ids.clld.org/values/2-511-198-1>		"avis"@prg	
"ku-pi"@cof	<http://ids.clld.org/values/5-860-246-1>		<http://ids.clld.org/parameters/5-860>		<http://ids.clld.org/values/5-860-198-1>		"dadan"@prg	
"Φi-ʰ'ˀbã"@cof	<http://ids.clld.org/values/15-640-246-1>		<http://ids.clld.org/parameters/15-640>		<http://ids.clld.org/values/15-640-198-1>		"gailis"@prg	
"pi'lu"@cof	<http://ids.clld.org/values/14-740-246-1>		<http://ids.clld.org/parameters/14-740>		<http://ids.clld.org/values/14-740-198-1>		"zēmā"@prg	
"mi'su c̷i'ˀde"@cof	<http://ids.clld.org/values/4-202-246-1>		<http://ids.clld.org/parameters/4-202>		<http://ids.clld.org/values/4-202-198-1>		"kerpetis"@prg	
"'tãhi-"@cof	<http://ids.clld.org/values/10-620-246-1>		<http://ids.clld.org/parameters/10-620>		<http://ids.clld.org/values/10-620-198-1>		"pīst"@prg	
"c̷a"@cof	<http://ids.clld.org/values/16-660-246-1>		<http://ids.clld.org/parameters/16-660>		<http://ids.clld.org/values/16-660-198-1>		"arvis"@prg	
"panu"@cof	<http://ids.clld.org/values/6-120-246-3>		<http://ids.clld.org/parameters/6-120>		<http://ids.clld.org/values/6-120-198-1>		"rūkai"@prg	
"wa'laˀda-no"@cof	<http://ids.clld.org/values/12-930-246-1>		<http://ids.clld.org/parameters/12-930>		<http://ids.clld.org/values/12-930-198-1>		"kitavidintun sin"@prg	
"ʔere-no"@cof	<http://ids.clld.org/values/10-640-246-1>		<http://ids.clld.org/parameters/10-640>		<http://ids.clld.org/values/10-640-198-1>		"vest[vei]"@prg	
"nani Φe"@cof	<http://ids.clld.org/values/13-160-246-3>		<http://ids.clld.org/parameters/13-160>		<http://ids.clld.org/values/13-160-198-1>		"tūl[i]s (?)"@prg	
"ʔa'no"@cof	<http://ids.clld.org/values/5-120-246-1>		<http://ids.clld.org/parameters/5-120>		<http://ids.clld.org/values/5-120-198-1>		"ēdā"@prg	
"Φoro-'no"@cof	<http://ids.clld.org/values/12-240-246-1>		<http://ids.clld.org/parameters/12-240>		<http://ids.clld.org/values/12-240-198-1>		"atvér'a"@prg	
"meʰ'se"@cof	<http://ids.clld.org/values/3-620-246-1>		<http://ids.clld.org/parameters/3-620>		<http://ids.clld.org/values/3-620-198-1>		"paustā katā"@prg	
"laʰ'sa-rã"@cof	<http://ids.clld.org/values/12-240-246-5>		<http://ids.clld.org/parameters/12-240>		<http://ids.clld.org/values/12-240-198-1>		"atvér'a"@prg	
"ya"@cof	<http://ids.clld.org/values/2-930-246-1>		<http://ids.clld.org/parameters/2-930>		<http://ids.clld.org/values/2-930-198-3>		"tanā"@prg	
"ya"@cof	<http://ids.clld.org/values/2-930-246-1>		<http://ids.clld.org/parameters/2-930>		<http://ids.clld.org/values/2-930-198-1>		"tan[a]s"@prg	
"c̷arã"@cof	<http://ids.clld.org/values/16-710-246-5>		<http://ids.clld.org/parameters/16-710>		<http://ids.clld.org/values/16-710-198-1>		"labs"@prg	
"hoʰ'ke-no"@cof	<http://ids.clld.org/values/12-230-246-3>		<http://ids.clld.org/parameters/12-230>		<http://ids.clld.org/values/12-230-198-1>		"sklaitint"@prg	
"ni"@cof	<http://ids.clld.org/values/5-710-246-5>		<http://ids.clld.org/parameters/5-710>		<http://ids.clld.org/values/5-710-198-1>		"véisin"@prg	
"nu"@cof	<http://ids.clld.org/values/2-920-246-1>		<http://ids.clld.org/parameters/2-920>		<http://ids.clld.org/values/2-920-198-1>		"tū"@prg	
"laʰ'pa"@cof	<http://ids.clld.org/values/8-510-246-3>		<http://ids.clld.org/parameters/8-510>		<http://ids.clld.org/values/8-510-198-1>		"zālis"@prg	
"wa te-mi'su"@cof	<http://ids.clld.org/values/4-342-246-1>		<http://ids.clld.org/parameters/4-342>		<http://ids.clld.org/values/4-342-198-1>		"instiks"@prg	
"pi"@cof	<http://ids.clld.org/values/1-360-246-1>		<http://ids.clld.org/parameters/1-360>		<http://ids.clld.org/values/1-360-198-1>		"apē"@prg	
"ʔowo'wo"@cof	<http://ids.clld.org/values/1-322-246-3>		<http://ids.clld.org/parameters/1-322>		<http://ids.clld.org/values/1-322-198-1>		"tusnan"@prg	
"c̷a"@cof	<http://ids.clld.org/values/16-730-246-3>		<http://ids.clld.org/parameters/16-730>		<http://ids.clld.org/values/16-730-198-1>		"tikrāmiskan"@prg	
"'nena-no"@cof	<http://ids.clld.org/values/10-450-246-1>		<http://ids.clld.org/parameters/10-450>		<http://ids.clld.org/values/10-450-198-1>		"neikaut"@prg	
"'c̷aˀbã"@cof	<http://ids.clld.org/values/15-380-246-1>		<http://ids.clld.org/parameters/15-380>		<http://ids.clld.org/values/15-380-198-1>		"rūktan"@prg	
"ke-no"@cof	<http://ids.clld.org/values/9-110-246-1>		<http://ids.clld.org/parameters/9-110>		<http://ids.clld.org/values/9-110-198-1>		"segēt"@prg	
"la"@cof	<http://ids.clld.org/values/20-640-246-3>		<http://ids.clld.org/parameters/20-640>		<http://ids.clld.org/values/20-640-198-1>		"tinklā"@prg	
"te'yoˀde"@cof	<http://ids.clld.org/values/4-209-246-1>		<http://ids.clld.org/parameters/4-209>		<http://ids.clld.org/values/4-209-198-1>		"skalus"@prg	
"tile"@cof	<http://ids.clld.org/values/17-660-246-3>		<http://ids.clld.org/parameters/17-660>		<http://ids.clld.org/values/17-660-198-1>		"kvei"@prg	
"mu'na-ʔi-no"@cof	<http://ids.clld.org/values/16-620-246-1>		<http://ids.clld.org/parameters/16-620>		<http://ids.clld.org/values/16-620-198-1>		"pakaitēsnan"@prg	
"'para"@cof	<http://ids.clld.org/values/3-320-246-1>		<http://ids.clld.org/parameters/3-320>		<http://ids.clld.org/values/3-320-198-1>		"kuilis"@prg	
"mo"@cof	<http://ids.clld.org/values/17-680-246-1>		<http://ids.clld.org/parameters/17-680>		<http://ids.clld.org/values/17-680-198-1>		"kas"@prg	
"'mi-kari-no"@cof	<http://ids.clld.org/values/17-250-246-1>		<http://ids.clld.org/parameters/17-250>		<http://ids.clld.org/values/17-250-198-1>		"mākint"@prg	
"la'yũ to"@cof	<http://ids.clld.org/values/1-230-246-1>		<http://ids.clld.org/parameters/1-230>		<http://ids.clld.org/values/1-230-198-1>		"lauks"@prg	
"'sõ-kari-no"@cof	<http://ids.clld.org/values/4-630-246-1>		<http://ids.clld.org/parameters/4-630>		<http://ids.clld.org/values/4-630-198-1>		"*atbaudint"@prg	
"ne'ne"@cof	<http://ids.clld.org/values/16-670-246-1>		<http://ids.clld.org/parameters/16-670>		<http://ids.clld.org/values/16-670-198-1>		"mént'ama"@prg	
"koʰ'tõla"@cof	<http://ids.clld.org/values/3-190-246-1>		<http://ids.clld.org/parameters/3-190>		<http://ids.clld.org/values/3-190-198-1>		"[staldis]"@prg	
"yo"@cof	<http://ids.clld.org/values/1-520-246-1>		<http://ids.clld.org/parameters/1-520>		<http://ids.clld.org/values/1-520-198-1>		"saulē"@prg	
"keˀbi"@cof	<http://ids.clld.org/values/14-460-246-1>		<http://ids.clld.org/parameters/14-460>		<http://ids.clld.org/values/14-460-198-1>		"bītas"@prg	
"te"@cof	<http://ids.clld.org/values/1-880-246-1>		<http://ids.clld.org/parameters/1-880>		<http://ids.clld.org/values/1-880-198-1>		"malkā"@prg	
"tẽ-ka ni"@cof	<http://ids.clld.org/values/4-440-246-3>		<http://ids.clld.org/parameters/4-440>		<http://ids.clld.org/values/4-440-198-1>		"sēr"@prg	
"Φu'ˀda"@cof	<http://ids.clld.org/values/16-310-246-1>		<http://ids.clld.org/parameters/16-310>		<http://ids.clld.org/values/16-310-198-1>		"gulsenin"@prg	
"te'le-no"@cof	<http://ids.clld.org/values/9-160-246-1>		<http://ids.clld.org/parameters/9-160>		<http://ids.clld.org/values/9-160-198-1>		"perréist"@prg	
"me'le"@cof	<http://ids.clld.org/values/3-320-246-3>		<http://ids.clld.org/parameters/3-320>		<http://ids.clld.org/values/3-320-198-1>		"kuilis"@prg	
"pa'rã"@cof	<http://ids.clld.org/values/6-910-246-1>		<http://ids.clld.org/parameters/6-910>		<http://ids.clld.org/values/6-910-198-1>		"kāisnis"@prg	
"we"@cof	<http://ids.clld.org/values/14-210-246-3>		<http://ids.clld.org/parameters/14-210>		<http://ids.clld.org/values/14-210-198-1>		"entikrikai"@prg	
"c̷i'na"@cof	<http://ids.clld.org/values/3-820-246-1>		<http://ids.clld.org/parameters/3-820>		<http://ids.clld.org/values/3-820-198-1>		"bitē"@prg	
"nu-'la"@cof	<http://ids.clld.org/values/2-950-246-1>		<http://ids.clld.org/parameters/2-950>		<http://ids.clld.org/values/2-950-198-1>		"yūs"@prg	
"kaʰ'c̷i"@cof	<http://ids.clld.org/values/4-170-246-1>		<http://ids.clld.org/parameters/4-170>		<http://ids.clld.org/values/4-170-198-1>		"ragis"@prg	
"[ko'rosi]"@cof	<http://ids.clld.org/values/12-770-246-1>		<http://ids.clld.org/parameters/12-770>		<http://ids.clld.org/values/12-770-198-1>		"skrīsin"@prg	
"wi'ru-ra-"@cof	<http://ids.clld.org/values/12-150-246-3>		<http://ids.clld.org/parameters/12-150>		<http://ids.clld.org/values/12-150-198-1>		"stalēt"@prg	
"mo'lo"@cof	<http://ids.clld.org/values/5-660-246-1>		<http://ids.clld.org/parameters/5-660>		<http://ids.clld.org/values/5-660-198-1>		"babā"@prg	
"piya-no"@cof	<http://ids.clld.org/values/4-750-246-1>		<http://ids.clld.org/parameters/4-750>		<http://ids.clld.org/values/4-750-198-1>		"aul'aút"@prg	
"ʔu'nila"@cof	<http://ids.clld.org/values/2-210-246-1>		<http://ids.clld.org/parameters/2-210>		<http://ids.clld.org/values/2-210-198-1>		"vīrs"@prg	
"c̷i'ˀde"@cof	<http://ids.clld.org/values/4-160-246-1>		<http://ids.clld.org/parameters/4-160>		<http://ids.clld.org/values/4-160-198-1>		"kaulan"@prg	
"[kalu] na"@cof	<http://ids.clld.org/values/3-450-246-1>		<http://ids.clld.org/parameters/3-450>		<http://ids.clld.org/values/3-450-198-1>		"mald'an"@prg	
"nĩ ka'la"@cof	<http://ids.clld.org/values/1-841-246-1>		<http://ids.clld.org/parameters/1-841>		<http://ids.clld.org/values/1-841-198-1>		"zarī"@prg	
"tamo-lã-n"@cof	<http://ids.clld.org/values/7-220-246-1>		<http://ids.clld.org/parameters/7-220>		<http://ids.clld.org/values/7-220-198-1>		"vartā"@prg	
"['tominko] ma"@cof	<http://ids.clld.org/values/14-620-246-1>		<http://ids.clld.org/parameters/14-620>		<http://ids.clld.org/values/14-620-198-1>		"nadēlē"@prg	
"'pãc̷i"@cof	<http://ids.clld.org/values/4-300-246-1>		<http://ids.clld.org/parameters/4-300>		<http://ids.clld.org/values/4-300-198-1>		"petē"@prg	
"'kayã"@cof	<http://ids.clld.org/values/2-440-246-3>		<http://ids.clld.org/parameters/2-440>		<http://ids.clld.org/values/2-440-198-1>		"brātē"@prg	
"kuʰ'pa-"@cof	<http://ids.clld.org/values/10-210-246-3>		<http://ids.clld.org/parameters/10-210>		<http://ids.clld.org/values/10-210-198-1>		"atskīsai"@prg	
"pi'la ke-no"@cof	<http://ids.clld.org/values/18-510-246-1>		<http://ids.clld.org/parameters/18-510>		<http://ids.clld.org/values/18-510-198-1>		"peisātan"@prg	
"mãpi"@cof	<http://ids.clld.org/values/2-512-246-1>		<http://ids.clld.org/parameters/2-512>		<http://ids.clld.org/values/2-512-198-1>		"tēvis"@prg	
"[pã'lõn]"@cof	<http://ids.clld.org/values/6-480-246-1>		<http://ids.clld.org/parameters/6-480>		<http://ids.clld.org/values/6-480-198-1>		"laknā"@prg	
"[soldado]-la"@cof	<http://ids.clld.org/values/20-150-246-1>		<http://ids.clld.org/parameters/20-150>		<http://ids.clld.org/values/20-150-198-1>		"karis"@prg	
"ni'ˀda"@cof	<http://ids.clld.org/values/5-260-246-1>		<http://ids.clld.org/parameters/5-260>		<http://ids.clld.org/values/5-260-198-1>		"zvikstis"@prg	
"ne-ˀbolõ"@cof	<http://ids.clld.org/values/4-360-246-1>		<http://ids.clld.org/parameters/4-360>		<http://ids.clld.org/values/4-360-198-1>		"klupstis"@prg	
"'neˀde 'ˀbũ"@cof	<http://ids.clld.org/values/4-371-246-3>		<http://ids.clld.org/parameters/4-371>		<http://ids.clld.org/values/4-371-198-1>		"kulnis"@prg	
"muna-"@cof	<http://ids.clld.org/values/16-270-246-1>		<http://ids.clld.org/parameters/16-270>		<http://ids.clld.org/values/16-270-198-1>		"mīlēt"@prg	
"kaʰ'ka"@cof	<http://ids.clld.org/values/4-210-246-1>		<http://ids.clld.org/parameters/4-210>		<http://ids.clld.org/values/4-210-198-1>		"akis"@prg	
"teˀde ˀbũ-ka"@cof	<http://ids.clld.org/values/4-320-246-1>		<http://ids.clld.org/parameters/4-320>		<http://ids.clld.org/values/4-320-198-1>		"alkūnis"@prg	
"nu'mari"@cof	<http://ids.clld.org/values/14-332-246-1>		<http://ids.clld.org/parameters/14-332>		<http://ids.clld.org/values/14-332-198-1>		"ilgai"@prg	
"wewe"@cof	<http://ids.clld.org/values/14-210-246-1>		<http://ids.clld.org/parameters/14-210>		<http://ids.clld.org/values/14-210-198-1>		"entikrikai"@prg	
"ka"@cof	<http://ids.clld.org/values/5-710-246-3>		<http://ids.clld.org/parameters/5-710>		<http://ids.clld.org/values/5-710-198-1>		"véisin"@prg	
"ni'ˀda"@cof	<http://ids.clld.org/values/5-270-246-1>		<http://ids.clld.org/parameters/5-270>		<http://ids.clld.org/values/5-270-198-1>		"katils"@prg	
"hã'ʔã"@cof	<http://ids.clld.org/values/17-550-246-1>		<http://ids.clld.org/parameters/17-550>		<http://ids.clld.org/values/17-550-198-1>		"[ya]"@prg	
"[ˀbenˀde'siki-]"@cof	<http://ids.clld.org/values/22-230-246-1>		<http://ids.clld.org/parameters/22-230>		<http://ids.clld.org/values/22-230-198-1>		"[zegnāt]"@prg	
"numa'si"@cof	<http://ids.clld.org/values/17-650-246-1>		<http://ids.clld.org/parameters/17-650>		<http://ids.clld.org/values/17-650-198-1>		"kadan"@prg	
"ta'mo"@cof	<http://ids.clld.org/values/7-210-246-1>		<http://ids.clld.org/parameters/7-210>		<http://ids.clld.org/values/7-210-198-1>		"kamerkā"@prg	
"si'nuka"@cof	<http://ids.clld.org/values/14-150-246-3>		<http://ids.clld.org/parameters/14-150>		<http://ids.clld.org/values/14-150-198-1>		"vār[a]s"@prg	
"na pũ"@cof	<http://ids.clld.org/values/4-730-246-1>		<http://ids.clld.org/parameters/4-730>		<http://ids.clld.org/values/4-730-198-1>		"brendekermnen"@prg	
"hali'ta-no"@cof	<http://ids.clld.org/values/10-220-246-3>		<http://ids.clld.org/parameters/10-220>		<http://ids.clld.org/values/10-220-198-1>		"erláng'a"@prg	
"he'lẽ-c̷i hi-no"@cof	<http://ids.clld.org/values/20-610-246-1>		<http://ids.clld.org/parameters/20-610>		<http://ids.clld.org/values/20-610-198-1>		"mediyas"@prg	
"c̷iri-'pemãka"@cof	<http://ids.clld.org/values/3-830-246-1>		<http://ids.clld.org/parameters/3-830>		<http://ids.clld.org/values/3-830-198-1>		"musā"@prg	
"ha'la"@cof	<http://ids.clld.org/values/3-823-246-1>		<http://ids.clld.org/parameters/3-823>		<http://ids.clld.org/values/3-823-198-1>		"vapsē"@prg	
"ʔaʰ'pa"@cof	<http://ids.clld.org/values/2-350-246-1>		<http://ids.clld.org/parameters/2-350>		<http://ids.clld.org/values/2-350-198-1>		"tāvas"@prg	
"la"@cof	<http://ids.clld.org/values/2-910-246-1>		<http://ids.clld.org/parameters/2-910>		<http://ids.clld.org/values/2-910-198-1>		"as"@prg	
"taʰ'ki"@cof	<http://ids.clld.org/values/4-452-246-1>		<http://ids.clld.org/parameters/4-452>		<http://ids.clld.org/values/4-452-198-1>		"bluznē"@prg	
"'na-ʔi-no"@cof	<http://ids.clld.org/values/4-720-246-1>		<http://ids.clld.org/parameters/4-720>		<http://ids.clld.org/values/4-720-198-1>		"gemtun"@prg	
"'mi-ra-no"@cof	<http://ids.clld.org/values/17-160-246-3>		<http://ids.clld.org/parameters/17-160>		<http://ids.clld.org/values/17-160-198-1>		"isprastun"@prg	
"ne'ne pa-no"@cof	<http://ids.clld.org/values/16-670-246-3>		<http://ids.clld.org/parameters/16-670>		<http://ids.clld.org/values/16-670-198-1>		"mént'ama"@prg	
"ˀdu"@cof	<http://ids.clld.org/values/1-220-246-1>		<http://ids.clld.org/parameters/1-220>		<http://ids.clld.org/values/1-220-198-1>		"garbis"@prg	
"palu-'ka"@cof	<http://ids.clld.org/values/13-20-246-3>		<http://ids.clld.org/parameters/13-20>		<http://ids.clld.org/values/13-20-198-1>		"dvai"@prg	
"'Φi-"@cof	<http://ids.clld.org/values/5-110-246-1>		<http://ids.clld.org/parameters/5-110>		<http://ids.clld.org/values/5-110-198-1>		"īst ~ ēst"@prg	
"numa'totiya"@cof	<http://ids.clld.org/values/14-340-246-1>		<http://ids.clld.org/parameters/14-340>		<http://ids.clld.org/values/14-340-198-1>		"nikveigi"@prg	
"Φo'ro"@cof	<http://ids.clld.org/values/12-850-246-1>		<http://ids.clld.org/parameters/12-850>		<http://ids.clld.org/values/12-850-198-1>		"dulzis"@prg	
"mu'ˀdu"@cof	<http://ids.clld.org/values/1-380-246-1>		<http://ids.clld.org/parameters/1-380>		<http://ids.clld.org/values/1-380-198-1>		"pelkī"@prg	
"'c̷eri"@cof	<http://ids.clld.org/values/3-817-246-3>		<http://ids.clld.org/parameters/3-817>		<http://ids.clld.org/values/3-817-198-1>		"saugis"@prg	
"tuʰ'Φa-ke-no"@cof	<http://ids.clld.org/values/4-560-246-1>		<http://ids.clld.org/parameters/4-560>		<http://ids.clld.org/values/4-560-198-1>		"vimbis"@prg	
"na"@cof	<http://ids.clld.org/values/2-270-246-1>		<http://ids.clld.org/parameters/2-270>		<http://ids.clld.org/values/2-270-198-1>		"malnīk[a]s"@prg	
"wu"@cof	<http://ids.clld.org/values/1-720-246-1>		<http://ids.clld.org/parameters/1-720>		<http://ids.clld.org/values/1-720-198-1>		"vētrā"@prg	
"niʰ'ka-ka"@cof	<http://ids.clld.org/values/4-260-246-1>		<http://ids.clld.org/parameters/4-260>		<http://ids.clld.org/values/4-260-198-1>		"inzuvis"@prg	
"he'ro]"@cof	<http://ids.clld.org/values/9-670-246-3>		<http://ids.clld.org/parameters/9-670>		<http://ids.clld.org/values/9-670-198-1>		"gelzā"@prg	
"de'bi"@cof	<http://ids.clld.org/values/14-252-246-1>		<http://ids.clld.org/parameters/14-252>		<http://ids.clld.org/values/14-252-198-1>		"vérauya"@prg	
"[c̷ũ'ka]"@cof	<http://ids.clld.org/values/13-100-246-1>		<http://ids.clld.org/parameters/13-100>		<http://ids.clld.org/values/13-100-198-1>		"desimt[i]s"@prg	
"ʔa'no-Φi-ʰtũ-'kaʔi-"@cof	<http://ids.clld.org/values/22-260-246-1>		<http://ids.clld.org/parameters/22-260>		<http://ids.clld.org/values/22-260-198-1>		"pastautun"@prg	
"kaʰ'c̷o-no"@cof	<http://ids.clld.org/values/4-610-246-1>		<http://ids.clld.org/parameters/4-610>		<http://ids.clld.org/values/4-610-198-1>		"meikti"@prg	
"ta'la-no"@cof	<http://ids.clld.org/values/15-710-246-1>		<http://ids.clld.org/parameters/15-710>		<http://ids.clld.org/values/15-710-198-1>		"enkasint"@prg	
"'so-na"@cof	<http://ids.clld.org/values/2-240-246-1>		<http://ids.clld.org/parameters/2-240>		<http://ids.clld.org/values/2-240-198-1>		"genā"@prg	
"['kalu]"@cof	<http://ids.clld.org/values/3-410-246-1>		<http://ids.clld.org/parameters/3-410>		<http://ids.clld.org/values/3-410-198-3>		"paustākaikan"@prg	
"['kalu]"@cof	<http://ids.clld.org/values/3-410-246-1>		<http://ids.clld.org/parameters/3-410>		<http://ids.clld.org/values/3-410-198-1>		"aidenīkis"@prg	
"pa-ˀba-'kã"@cof	<http://ids.clld.org/values/15-650-246-3>		<http://ids.clld.org/parameters/15-650>		<http://ids.clld.org/values/15-650-198-1>		"kirsnan"@prg	
"tẽka"@cof	<http://ids.clld.org/values/16-110-246-1>		<http://ids.clld.org/parameters/16-110>		<http://ids.clld.org/values/16-110-198-1>		"nāseilis"@prg	
"'lãpalo"@cof	<http://ids.clld.org/values/3-960-246-1>		<http://ids.clld.org/parameters/3-960>		<http://ids.clld.org/values/3-960-198-1>		"estureitā"@prg	
"Φiʰ'ki Φo'ro"@cof	<http://ids.clld.org/values/4-240-246-1>		<http://ids.clld.org/parameters/4-240>		<http://ids.clld.org/values/4-240-198-1>		"austā"@prg	
"['tominko]"@cof	<http://ids.clld.org/values/14-610-246-1>		<http://ids.clld.org/parameters/14-610>		<http://ids.clld.org/values/14-610-198-1>		"saivaitē"@prg	
"nĩ kari-no"@cof	<http://ids.clld.org/values/1-860-246-3>		<http://ids.clld.org/parameters/1-860>		<http://ids.clld.org/values/1-860-198-1>		"ankaitītai"@prg	
"'neˀde"@cof	<http://ids.clld.org/values/4-350-246-1>		<http://ids.clld.org/parameters/4-350>		<http://ids.clld.org/values/4-350-198-1>		"nagē"@prg	
"so-ʰ'ki"@cof	<http://ids.clld.org/values/2-450-246-1>		<http://ids.clld.org/parameters/2-450>		<http://ids.clld.org/values/2-450-198-1>		"svestrā"@prg	
"'pũki"@cof	<http://ids.clld.org/values/4-220-246-1>		<http://ids.clld.org/parameters/4-220>		<http://ids.clld.org/values/4-220-198-1>		"ausins"@prg	
"'piʰc̷u"@cof	<http://ids.clld.org/values/3-581-246-1>		<http://ids.clld.org/parameters/3-581>		<http://ids.clld.org/values/3-581-198-1>		"pepelis ~ pipelkā"@prg	
"haʰpi'su"@cof	<http://ids.clld.org/values/4-140-246-3>		<http://ids.clld.org/parameters/4-140>		<http://ids.clld.org/values/4-140-198-1>		"skebelis"@prg	
"'pe-sili"@cof	<http://ids.clld.org/values/4-461-246-1>		<http://ids.clld.org/parameters/4-461>		<http://ids.clld.org/values/4-461-198-1>		"grābis"@prg	
"ʔina'le"@cof	<http://ids.clld.org/values/12-10-246-3>		<http://ids.clld.org/parameters/12-10>		<http://ids.clld.org/values/12-10-198-1>		"pā"@prg	
"ʔoʰ'ko"@cof	<http://ids.clld.org/values/11-510-246-1>		<http://ids.clld.org/parameters/11-510>		<http://ids.clld.org/values/11-510-198-1>		"láims"@prg	
"'pĩˀba"@cof	<http://ids.clld.org/values/5-810-246-1>		<http://ids.clld.org/parameters/5-810>		<http://ids.clld.org/values/5-810-198-1>		"sali (?)"@prg	
"mi-'kari-mĩ"@cof	<http://ids.clld.org/values/17-270-246-1>		<http://ids.clld.org/parameters/17-270>		<http://ids.clld.org/values/17-270-198-1>		"mākinivingans"@prg	
"ku'wẽta"@cof	<http://ids.clld.org/values/12-920-246-1>		<http://ids.clld.org/parameters/12-920>		<http://ids.clld.org/values/12-920-198-1>		"palīgun"@prg	
"pĩˀda"@cof	<http://ids.clld.org/values/1-820-246-1>		<http://ids.clld.org/parameters/1-820>		<http://ids.clld.org/values/1-820-198-1>		"lāpis"@prg	
"c̷ĩc̷ika"@cof	<http://ids.clld.org/values/4-451-246-1>		<http://ids.clld.org/parameters/4-451>		<http://ids.clld.org/values/4-451-198-1>		"inkstē"@prg	
"ne'ya-no"@cof	<http://ids.clld.org/values/11-310-246-1>		<http://ids.clld.org/parameters/11-310>		<http://ids.clld.org/values/11-310-198-1>		"laukīt"@prg	
"lo'wa"@cof	<http://ids.clld.org/values/7-420-246-1>		<http://ids.clld.org/parameters/7-420>		<http://ids.clld.org/values/7-420-198-1>		"lastā"@prg	
"ya"@cof	<http://ids.clld.org/values/7-120-246-1>		<http://ids.clld.org/parameters/7-120>		<http://ids.clld.org/values/7-120-198-1>		"butas"@prg	
"ʔu'nila"@cof	<http://ids.clld.org/values/2-230-246-1>		<http://ids.clld.org/parameters/2-230>		<http://ids.clld.org/values/2-230-198-1>		"vīrs"@prg	
"si'li"@cof	<http://ids.clld.org/values/9-190-246-1>		<http://ids.clld.org/parameters/9-190>		<http://ids.clld.org/values/9-190-198-1>		"virbē"@prg	
"ne'ˀde-c̷i hi-no"@cof	<http://ids.clld.org/values/10-450-246-3>		<http://ids.clld.org/parameters/10-450>		<http://ids.clld.org/values/10-450-198-1>		"neikaut"@prg	
"'nĩ-Φu"@cof	<http://ids.clld.org/values/7-310-246-1>		<http://ids.clld.org/parameters/7-310>		<http://ids.clld.org/values/7-310-198-1>		"pelanā"@prg	
"pe'le-le"@cof	<http://ids.clld.org/values/12-30-246-5>		<http://ids.clld.org/parameters/12-30>		<http://ids.clld.org/values/12-30-198-1>		"zemai"@prg	
"piyã'le"@cof	<http://ids.clld.org/values/13-140-246-3>		<http://ids.clld.org/parameters/13-140>		<http://ids.clld.org/values/13-140-198-1>		"erains"@prg	
"ma'na"@cof	<http://ids.clld.org/values/3-750-246-1>		<http://ids.clld.org/parameters/3-750>		<http://ids.clld.org/values/3-750-198-1>		"braidis"@prg	
"pã'si"@cof	<http://ids.clld.org/values/16-230-246-3>		<http://ids.clld.org/parameters/16-230>		<http://ids.clld.org/values/16-230-198-1>		"[vesals]"@prg	
"sõ"@cof	<http://ids.clld.org/values/16-230-246-1>		<http://ids.clld.org/parameters/16-230>		<http://ids.clld.org/values/16-230-198-1>		"[vesals]"@prg	
"'tẽ-ha-no"@cof	<http://ids.clld.org/values/17-130-246-3>		<http://ids.clld.org/parameters/17-130>		<http://ids.clld.org/values/17-130-198-1>		"pamērīt"@prg	
"paʰ'pi"@cof	<http://ids.clld.org/values/5-124-246-1>		<http://ids.clld.org/parameters/5-124>		<http://ids.clld.org/values/5-124-198-1>		"zal'an"@prg	
"kiʰ'c̷a"@cof	<http://ids.clld.org/values/13-240-246-1>		<http://ids.clld.org/parameters/13-240>		<http://ids.clld.org/values/13-240-198-1>		"pausan"@prg	
"ti"@cof	<http://ids.clld.org/values/17-640-246-1>		<http://ids.clld.org/parameters/17-640>		<http://ids.clld.org/values/17-640-198-1>		"ka"@prg	
"ʔamana"@cof	<http://ids.clld.org/values/14-180-246-3>		<http://ids.clld.org/parameters/14-180>		<http://ids.clld.org/values/14-180-198-1>		"teinū"@prg	
"to"@cof	<http://ids.clld.org/values/19-110-246-1>		<http://ids.clld.org/parameters/19-110>		<http://ids.clld.org/values/19-110-198-1>		"zemē"@prg	
"ki'ra-"@cof	<http://ids.clld.org/values/11-240-246-1>		<http://ids.clld.org/parameters/11-240>		<http://ids.clld.org/values/11-240-198-1>		"pakúnst"@prg	
"ne'lo-ra-no"@cof	<http://ids.clld.org/values/11-630-246-1>		<http://ids.clld.org/parameters/11-630>		<http://ids.clld.org/values/11-630-198-1>		"skelánts"@prg	
"teʰ'sẽ"@cof	<http://ids.clld.org/values/4-142-246-1>		<http://ids.clld.org/parameters/4-142>		<http://ids.clld.org/values/4-142-198-1>		"bārdus"@prg	
"ki'yo"@cof	<http://ids.clld.org/values/7-470-246-1>		<http://ids.clld.org/parameters/7-470>		<http://ids.clld.org/values/7-470-198-1>		"pasuprēs"@prg	
"da'yi-paʰ'ti-"@cof	<http://ids.clld.org/values/10-330-246-1>		<http://ids.clld.org/parameters/10-330>		<http://ids.clld.org/values/10-330-198-1>		"auskéndlai"@prg	
"'taʰta"@cof	<http://ids.clld.org/values/2-460-246-1>		<http://ids.clld.org/parameters/2-460>		<http://ids.clld.org/values/2-460-198-1>		"tētis"@prg	
"keʰ'pẽ"@cof	<http://ids.clld.org/values/14-420-246-1>		<http://ids.clld.org/parameters/14-420>		<http://ids.clld.org/values/14-420-198-1>		"naktin"@prg	
"te-mi'su"@cof	<http://ids.clld.org/values/4-340-246-1>		<http://ids.clld.org/parameters/4-340>		<http://ids.clld.org/values/4-340-198-1>		"pirstan"@prg	
"ni'yã"@cof	<http://ids.clld.org/values/17-610-246-1>		<http://ids.clld.org/parameters/17-610>		<http://ids.clld.org/values/17-610-198-1>		"kai"@prg	
"ʔa'yã-la"@cof	<http://ids.clld.org/values/2-370-246-1>		<http://ids.clld.org/parameters/2-370>		<http://ids.clld.org/values/2-370-198-1>		"vāraisins"@prg	
"ˀdin'pa"@cof	<http://ids.clld.org/values/3-665-246-1>		<http://ids.clld.org/parameters/3-665>		<http://ids.clld.org/values/3-665-198-1>		"anguris"@prg	
"wã"@cof	<http://ids.clld.org/values/12-550-246-5>		<http://ids.clld.org/parameters/12-550>		<http://ids.clld.org/values/12-550-198-1>		"debīkan"@prg	
"puʰ'pu"@cof	<http://ids.clld.org/values/1-324-246-1>		<http://ids.clld.org/parameters/1-324>		<http://ids.clld.org/values/1-324-198-1>		"spāinā"@prg	
"ˀbo'lõ-ʔi-no"@cof	<http://ids.clld.org/values/12-210-246-3>		<http://ids.clld.org/parameters/12-210>		<http://ids.clld.org/values/12-210-198-1>		"sanrénka"@prg	
"yuʰ'ka-ke-no"@cof	<http://ids.clld.org/values/22-240-246-1>		<http://ids.clld.org/parameters/22-240>		<http://ids.clld.org/values/22-240-198-1>		"perklantīt"@prg	
"'ti"@cof	<http://ids.clld.org/values/18-220-246-1>		<http://ids.clld.org/parameters/18-220>		<http://ids.clld.org/values/18-220-198-1>		"bilēt[vei]"@prg	
"te'Φũ c̷i'ˀde"@cof	<http://ids.clld.org/values/4-271-246-1>		<http://ids.clld.org/parameters/4-271>		<http://ids.clld.org/values/4-271-198-1>		"dantimaks"@prg	
"me'na-"@cof	<http://ids.clld.org/values/4-780-246-1>		<http://ids.clld.org/parameters/4-780>		<http://ids.clld.org/values/4-780-198-1>		"*enkapti"@prg	
"to"@cof	<http://ids.clld.org/values/1-212-246-1>		<http://ids.clld.org/parameters/1-212>		<http://ids.clld.org/values/1-212-198-1>		"zemē"@prg	
"paʰ'ta-"@cof	<http://ids.clld.org/values/10-473-246-3>		<http://ids.clld.org/parameters/10-473>		<http://ids.clld.org/values/10-473-198-1>		"zemailēzuns"@prg	
"laʰ'ke-ˀbã"@cof	<http://ids.clld.org/values/15-690-246-1>		<http://ids.clld.org/parameters/15-690>		<http://ids.clld.org/values/15-690-198-1>		"geltainan"@prg	
"ma"@cof	<http://ids.clld.org/values/14-410-246-1>		<http://ids.clld.org/parameters/14-410>		<http://ids.clld.org/values/14-410-198-1>		"deinan"@prg	
"c̷u-no"@cof	<http://ids.clld.org/values/7-110-246-1>		<http://ids.clld.org/parameters/7-110>		<http://ids.clld.org/values/7-110-198-1>		"givēt"@prg	
"mena-no"@cof	<http://ids.clld.org/values/4-780-246-3>		<http://ids.clld.org/parameters/4-780>		<http://ids.clld.org/values/4-780-198-1>		"*enkapti"@prg	
"ku'ˀdã"@cof	<http://ids.clld.org/values/4-280-246-1>		<http://ids.clld.org/parameters/4-280>		<http://ids.clld.org/values/4-280-198-1>		"vinzus"@prg	
"newewe"@cof	<http://ids.clld.org/values/4-345-246-1>		<http://ids.clld.org/parameters/4-345>		<http://ids.clld.org/values/4-345-198-1>		"nagutis"@prg	
"'nĩ-Φu"@cof	<http://ids.clld.org/values/1-840-246-1>		<http://ids.clld.org/parameters/1-840>		<http://ids.clld.org/values/1-840-198-1>		"pelanē"@prg	
"hoʰ'ke su'wa-no"@cof	<http://ids.clld.org/values/12-230-246-1>		<http://ids.clld.org/parameters/12-230>		<http://ids.clld.org/values/12-230-198-1>		"sklaitint"@prg	
"pi"@cof	<http://ids.clld.org/values/1-310-246-1>		<http://ids.clld.org/parameters/1-310>		<http://ids.clld.org/values/1-310-198-1>		"(v)undas"@prg	
"ˀdĩ"@cof	<http://ids.clld.org/values/3-817-246-1>		<http://ids.clld.org/parameters/3-817>		<http://ids.clld.org/values/3-817-198-1>		"saugis"@prg	
"c̷iˀde"@cof	<http://ids.clld.org/values/7-550-246-1>		<http://ids.clld.org/parameters/7-550>		<http://ids.clld.org/values/7-550-198-1>		"sandā"@prg	
"tu'lã-ke-no"@cof	<http://ids.clld.org/values/18-320-246-3>		<http://ids.clld.org/parameters/18-320>		<http://ids.clld.org/values/18-320-198-1>		"attrātvei"@prg	
"'c̷aʰc̷i-ka"@cof	<http://ids.clld.org/values/5-610-246-1>		<http://ids.clld.org/parameters/5-610>		<http://ids.clld.org/values/5-610-198-1>		"mensā"@prg	
"pa'lu"@cof	<http://ids.clld.org/values/13-20-246-1>		<http://ids.clld.org/parameters/13-20>		<http://ids.clld.org/values/13-20-198-1>		"dvai"@prg	
"ʔe're-i-"@cof	<http://ids.clld.org/values/10-110-246-1>		<http://ids.clld.org/parameters/10-110>		<http://ids.clld.org/values/10-110-198-1>		"pabanginuns"@prg	
"c̷i-'de"@cof	<http://ids.clld.org/values/8-600-246-1>		<http://ids.clld.org/parameters/8-600>		<http://ids.clld.org/values/8-600-198-1>		"gar'an"@prg	
"'walpa ʔaʰ'paka"@cof	<http://ids.clld.org/values/3-520-246-1>		<http://ids.clld.org/parameters/3-520>		<http://ids.clld.org/values/3-520-198-1>		"gertis"@prg	
"ʔu'nila"@cof	<http://ids.clld.org/values/2-310-246-1>		<http://ids.clld.org/parameters/2-310>		<http://ids.clld.org/values/2-310-198-1>		"grandan"@prg	
"keʰ'Φo"@cof	<http://ids.clld.org/values/4-441-246-1>		<http://ids.clld.org/parameters/4-441>		<http://ids.clld.org/values/4-441-198-1>		"plauti"@prg	
"piya'ka"@cof	<http://ids.clld.org/values/4-770-246-1>		<http://ids.clld.org/parameters/4-770>		<http://ids.clld.org/values/4-770-198-1>		"nāvis"@prg	
"mi-kari-no"@cof	<http://ids.clld.org/values/22-220-246-1>		<http://ids.clld.org/parameters/22-220>		<http://ids.clld.org/values/22-220-198-1>		"pagerdauya"@prg	
"pi Φo'ro"@cof	<http://ids.clld.org/values/1-370-246-1>		<http://ids.clld.org/parameters/1-370>		<http://ids.clld.org/values/1-370-198-1>		"apus"@prg	
"pe'ya"@cof	<http://ids.clld.org/values/9-250-246-1>		<http://ids.clld.org/parameters/9-250>		<http://ids.clld.org/values/9-250-198-1>		"bīlē"@prg	
"wapũ"@cof	<http://ids.clld.org/values/12-670-246-1>		<http://ids.clld.org/parameters/12-670>		<http://ids.clld.org/values/12-670-198-1>		"gilin"@prg	
"'na-naʰka"@cof	<http://ids.clld.org/values/12-560-246-5>		<http://ids.clld.org/parameters/12-560>		<http://ids.clld.org/values/12-560-198-1>		"likuts"@prg	
"ka-ʰΦo'ro"@cof	<http://ids.clld.org/values/4-204-246-1>		<http://ids.clld.org/parameters/4-204>		<http://ids.clld.org/values/4-204-198-1>		"prusnas"@prg	
"toʰ'te-no"@cof	<http://ids.clld.org/values/4-760-246-1>		<http://ids.clld.org/parameters/4-760>		<http://ids.clld.org/values/4-760-198-1>		"galintvei"@prg	
"c̷aˀbi ka-no"@cof	<http://ids.clld.org/values/17-150-246-1>		<http://ids.clld.org/parameters/17-150>		<http://ids.clld.org/values/17-150-198-1>		"druvēt"@prg	
"[ko'no]"@cof	<http://ids.clld.org/values/3-614-246-1>		<http://ids.clld.org/parameters/3-614>		<http://ids.clld.org/values/3-614-198-1>		"sasnis"@prg	
"wilo-'kari-no"@cof	<http://ids.clld.org/values/9-341-246-1>		<http://ids.clld.org/parameters/9-341>		<http://ids.clld.org/values/9-341-198-1>		"kabē[v]uns"@prg	
"po'yo"@cof	<http://ids.clld.org/values/1-830-246-1>		<http://ids.clld.org/parameters/1-830>		<http://ids.clld.org/values/1-830-198-1>		"dūmis"@prg	
"'su-hi-no"@cof	<http://ids.clld.org/values/10-510-246-1>		<http://ids.clld.org/parameters/10-510>		<http://ids.clld.org/values/10-510-198-1>		"begaite"@prg	
"puʰ'ka"@cof	<http://ids.clld.org/values/5-770-246-1>		<http://ids.clld.org/parameters/5-770>		<http://ids.clld.org/values/5-770-198-1>		"buka-reisis"@prg	
"ta'rĩ-no"@cof	<http://ids.clld.org/values/21-510-246-1>		<http://ids.clld.org/parameters/21-510>		<http://ids.clld.org/values/21-510-198-1>		"ránktvei"@prg	
"[kuʰ'či]"@cof	<http://ids.clld.org/values/3-350-246-1>		<http://ids.clld.org/parameters/3-350>		<http://ids.clld.org/values/3-350-198-1>		"parst'an"@prg	
"'kĩΦu"@cof	<http://ids.clld.org/values/4-230-246-1>		<http://ids.clld.org/parameters/4-230>		<http://ids.clld.org/values/4-230-198-1>		"nāsī"@prg	
"mã-ka"@cof	<http://ids.clld.org/values/13-10-246-3>		<http://ids.clld.org/parameters/13-10>		<http://ids.clld.org/values/13-10-198-1>		"ains"@prg	
"laʰ'c̷i-no"@cof	<http://ids.clld.org/values/8-340-246-1>		<http://ids.clld.org/parameters/8-340>		<http://ids.clld.org/values/8-340-198-1>		"talka"@prg	
"wa"@cof	<http://ids.clld.org/values/12-550-246-1>		<http://ids.clld.org/parameters/12-550>		<http://ids.clld.org/values/12-550-198-1>		"debīkan"@prg	
"mu'na-ra-no"@cof	<http://ids.clld.org/values/17-450-246-1>		<http://ids.clld.org/parameters/17-450>		<http://ids.clld.org/values/17-450-198-1>		"nautin"@prg	
"c̷a"@cof	<http://ids.clld.org/values/17-370-246-1>		<http://ids.clld.org/parameters/17-370>		<http://ids.clld.org/values/17-370-198-1>		"tikr[a]s"@prg	
"kaʰ'ka Φu"@cof	<http://ids.clld.org/values/4-212-246-1>		<http://ids.clld.org/parameters/4-212>		<http://ids.clld.org/values/4-212-198-1>		"bruvī"@prg	
"lu"@cof	<http://ids.clld.org/values/16-450-246-1>		<http://ids.clld.org/parameters/16-450>		<http://ids.clld.org/values/16-450-198-1>		"gēdan"@prg	
"c̷i'ˀde"@cof	<http://ids.clld.org/values/1-420-246-1>		<http://ids.clld.org/parameters/1-420>		<http://ids.clld.org/values/1-420-198-1>		"gar'an"@prg	
"'ʔora"@cof	<http://ids.clld.org/values/16-710-246-1>		<http://ids.clld.org/parameters/16-710>		<http://ids.clld.org/values/16-710-198-1>		"labs"@prg	
"[miʰ'sa]"@cof	<http://ids.clld.org/values/7-440-246-1>		<http://ids.clld.org/parameters/7-440>		<http://ids.clld.org/values/7-440-198-1>		"stalis"@prg	
"ʔu'ni-ka"@cof	<http://ids.clld.org/values/14-150-246-1>		<http://ids.clld.org/parameters/14-150>		<http://ids.clld.org/values/14-150-198-1>		"vār[a]s"@prg	
"'sõ-ˀbã"@cof	<http://ids.clld.org/values/14-210-246-5>		<http://ids.clld.org/parameters/14-210>		<http://ids.clld.org/values/14-210-198-1>		"entikrikai"@prg	
"c̷ã'pa"@cof	<http://ids.clld.org/values/6-210-246-1>		<http://ids.clld.org/parameters/6-210>		<http://ids.clld.org/values/6-210-198-1>		"milan"@prg	
"ʔere-no"@cof	<http://ids.clld.org/values/10-630-246-3>		<http://ids.clld.org/parameters/10-630>		<http://ids.clld.org/values/10-630-198-1>		"pertenginuns"@prg	
"'tẽ-ka"@cof	<http://ids.clld.org/values/4-440-246-1>		<http://ids.clld.org/parameters/4-440>		<http://ids.clld.org/values/4-440-198-1>		"sēr"@prg	
"ki'ya-no"@cof	<http://ids.clld.org/values/16-310-246-3>		<http://ids.clld.org/parameters/16-310>		<http://ids.clld.org/values/16-310-198-1>		"gulsenin"@prg	
"'se-ʔiʰto"@cof	<http://ids.clld.org/values/16-720-246-1>		<http://ids.clld.org/parameters/16-720>		<http://ids.clld.org/values/16-720-198-1>		"vargs"@prg	
"'pata-ʔa-no"@cof	<http://ids.clld.org/values/19-520-246-1>		<http://ids.clld.org/parameters/19-520>		<http://ids.clld.org/values/19-520-198-1>		"préisiks"@prg	
"pi'la"@cof	<http://ids.clld.org/values/18-610-246-1>		<http://ids.clld.org/parameters/18-610>		<http://ids.clld.org/values/18-610-198-1>		"laiskas"@prg	
"'mama"@cof	<http://ids.clld.org/values/2-470-246-1>		<http://ids.clld.org/parameters/2-470>		<http://ids.clld.org/values/2-470-198-1>		"anē"@prg	
"'walpa"@cof	<http://ids.clld.org/values/3-550-246-1>		<http://ids.clld.org/parameters/3-550>		<http://ids.clld.org/values/3-550-198-1>		"gertist'an"@prg	
"nũc̷i"@cof	<http://ids.clld.org/values/17-660-246-5>		<http://ids.clld.org/parameters/17-660>		<http://ids.clld.org/values/17-660-198-1>		"kvei"@prg	
"ma'la"@cof	<http://ids.clld.org/values/5-940-246-1>		<http://ids.clld.org/parameters/5-940>		<http://ids.clld.org/values/5-940-198-1>		"rūktan-dadan"@prg	
"winũ [panu]"@cof	<http://ids.clld.org/values/6-410-246-3>		<http://ids.clld.org/parameters/6-410>		<http://ids.clld.org/values/6-410-198-1>		"pelkis"@prg	
"ˀde'ˀbi"@cof	<http://ids.clld.org/values/13-350-246-1>		<http://ids.clld.org/parameters/13-350>		<http://ids.clld.org/values/13-350-198-1>		"pansdaumanin"@prg	
"loʰsĩ-ˀbã"@cof	<http://ids.clld.org/values/15-670-246-1>		<http://ids.clld.org/parameters/15-670>		<http://ids.clld.org/values/15-670-198-1>		"galimban"@prg	
"ha-'no"@cof	<http://ids.clld.org/values/10-480-246-1>		<http://ids.clld.org/parameters/10-480>		<http://ids.clld.org/values/10-480-198-1>		"peréit"@prg	
"[kan'ta] ke-no"@cof	<http://ids.clld.org/values/18-120-246-1>		<http://ids.clld.org/parameters/18-120>		<http://ids.clld.org/values/18-120-198-1>		"grīmuns"@prg	
"piʰ'poka"@cof	<http://ids.clld.org/values/5-970-246-1>		<http://ids.clld.org/parameters/5-970>		<http://ids.clld.org/values/5-970-198-1>		"paute"@prg	
"c̷ãˀbã"@cof	<http://ids.clld.org/values/15-370-246-1>		<http://ids.clld.org/parameters/15-370>		<http://ids.clld.org/values/15-370-198-1>		"kártai"@prg	
"tẽ-ka"@cof	<http://ids.clld.org/values/4-400-246-1>		<http://ids.clld.org/parameters/4-400>		<http://ids.clld.org/values/4-400-198-1>		"kraklan"@prg	
"c̷e-no"@cof	<http://ids.clld.org/values/1-610-246-1>		<http://ids.clld.org/parameters/1-610>		<http://ids.clld.org/values/1-610-198-3>		"sváikstan"@prg	
"c̷e-no"@cof	<http://ids.clld.org/values/1-610-246-1>		<http://ids.clld.org/parameters/1-610>		<http://ids.clld.org/values/1-610-198-1>		"zváikstan"@prg	
"'miʰc̷i"@cof	<http://ids.clld.org/values/13-180-246-1>		<http://ids.clld.org/parameters/13-180>		<http://ids.clld.org/values/13-180-198-1>		"zuit"@prg	
"holi'yo"@cof	<http://ids.clld.org/values/3-585-246-1>		<http://ids.clld.org/parameters/3-585>		<http://ids.clld.org/values/3-585-198-1>		"[falks]"@prg	
"ʔa'mana"@cof	<http://ids.clld.org/values/14-470-246-1>		<http://ids.clld.org/parameters/14-470>		<http://ids.clld.org/values/14-470-198-1>		"š'an deinan"@prg	
"c̷uˀdi-no"@cof	<http://ids.clld.org/values/12-130-246-3>		<http://ids.clld.org/parameters/12-130>		<http://ids.clld.org/values/12-130-198-1>		"sindan[t]s"@prg	
"mi kuwa-no"@cof	<http://ids.clld.org/values/15-550-246-1>		<http://ids.clld.org/parameters/15-550>		<http://ids.clld.org/values/15-550-198-1>		"vaidina"@prg	
"Φu-te"@cof	<http://ids.clld.org/values/14-760-246-1>		<http://ids.clld.org/parameters/14-760>		<http://ids.clld.org/values/14-760-198-1>		"dagis"@prg	
"c̷i'na pi"@cof	<http://ids.clld.org/values/5-840-246-1>		<http://ids.clld.org/parameters/5-840>		<http://ids.clld.org/values/5-840-198-1>		"medu"@prg	
"kuʰpara"@cof	<http://ids.clld.org/values/4-841-246-1>		<http://ids.clld.org/parameters/4-841>		<http://ids.clld.org/values/4-841-198-1>		"enāiss"@prg	
"halata-no"@cof	<http://ids.clld.org/values/10-220-246-1>		<http://ids.clld.org/parameters/10-220>		<http://ids.clld.org/values/10-220-198-1>		"erláng'a"@prg	
"nala'lã 'so-na"@cof	<http://ids.clld.org/values/2-261-246-1>		<http://ids.clld.org/parameters/2-261>		<http://ids.clld.org/values/2-261-198-1>		"mergā"@prg	
"ni'ˀda"@cof	<http://ids.clld.org/values/5-280-246-1>		<http://ids.clld.org/parameters/5-280>		<http://ids.clld.org/values/5-280-198-1>		"panevkā"@prg	
"ʔunila [wa'la]"@cof	<http://ids.clld.org/values/3-210-246-1>		<http://ids.clld.org/parameters/3-210>		<http://ids.clld.org/values/3-210-198-1>		"loniks ~ lānīks"@prg	
"c̷i'ˀde buʰ'tu"@cof	<http://ids.clld.org/values/8-720-246-1>		<http://ids.clld.org/parameters/8-720>		<http://ids.clld.org/values/8-720-198-1>		"kalmus"@prg	
"po-no"@cof	<http://ids.clld.org/values/12-120-246-1>		<http://ids.clld.org/parameters/12-120>		<http://ids.clld.org/values/12-120-198-1>		"lazinā"@prg	
"lo'wa"@cof	<http://ids.clld.org/values/7-260-246-3>		<http://ids.clld.org/parameters/7-260>		<http://ids.clld.org/values/7-260-198-1>		"talus"@prg	
"parã-pe"@cof	<http://ids.clld.org/values/6-910-246-3>		<http://ids.clld.org/parameters/6-910>		<http://ids.clld.org/values/6-910-198-1>		"kāisnis"@prg	
"'so-na"@cof	<http://ids.clld.org/values/2-320-246-1>		<http://ids.clld.org/parameters/2-320>		<http://ids.clld.org/values/2-320-198-1>		"salūban"@prg	
"pa-"@cof	<http://ids.clld.org/values/15-650-246-1>		<http://ids.clld.org/parameters/15-650>		<http://ids.clld.org/values/15-650-198-1>		"kirsnan"@prg	
"pa-no"@cof	<http://ids.clld.org/values/18-210-246-1>		<http://ids.clld.org/parameters/18-210>		<http://ids.clld.org/values/18-210-198-1>		"gérbt"@prg	
"hi-'no"@cof	<http://ids.clld.org/values/10-470-246-1>		<http://ids.clld.org/parameters/10-470>		<http://ids.clld.org/values/10-470-198-1>		"éit"@prg	
"'kiˀdo"@cof	<http://ids.clld.org/values/6-290-246-1>		<http://ids.clld.org/parameters/6-290>		<http://ids.clld.org/values/6-290-198-1>		"nōgnan"@prg	
"to"@cof	<http://ids.clld.org/values/1-210-246-1>		<http://ids.clld.org/parameters/1-210>		<http://ids.clld.org/values/1-210-198-1>		"zemē"@prg	
"'sõ-ˀbã"@cof	<http://ids.clld.org/values/4-810-246-1>		<http://ids.clld.org/parameters/4-810>		<http://ids.clld.org/values/4-810-198-1>		"sparts"@prg	
"c̷a'ˀbo"@cof	<http://ids.clld.org/values/1-540-246-1>		<http://ids.clld.org/parameters/1-540>		<http://ids.clld.org/values/1-540-198-1>		"lauksnās"@prg	
"ka'la"@cof	<http://ids.clld.org/values/11-430-246-1>		<http://ids.clld.org/parameters/11-430>		<http://ids.clld.org/values/11-430-198-1>		"peningans"@prg	
"'natiya"@cof	<http://ids.clld.org/values/13-0-246-3>		<http://ids.clld.org/parameters/13-0>		<http://ids.clld.org/values/13-0-198-1>		"niainunt[a]s"@prg	
"'c̷oc̷oˀde-n"@cof	<http://ids.clld.org/values/5-124-246-5>		<http://ids.clld.org/parameters/5-124>		<http://ids.clld.org/values/5-124-198-1>		"zal'an"@prg	
"tewewe"@cof	<http://ids.clld.org/values/4-344-246-1>		<http://ids.clld.org/parameters/4-344>		<http://ids.clld.org/values/4-344-198-1>		"nagutis"@prg	
"tẽpe"@cof	<http://ids.clld.org/values/12-50-246-1>		<http://ids.clld.org/parameters/12-50>		<http://ids.clld.org/values/12-50-198-1>		"en"@prg	
"'neˀde"@cof	<http://ids.clld.org/values/4-370-246-1>		<http://ids.clld.org/parameters/4-370>		<http://ids.clld.org/values/4-370-198-1>		"nagē"@prg	
"ʔu'rã to"@cof	<http://ids.clld.org/values/1-230-246-3>		<http://ids.clld.org/parameters/1-230>		<http://ids.clld.org/values/1-230-198-1>		"lauks"@prg	
"ˀbi'ˀbu"@cof	<http://ids.clld.org/values/5-510-246-1>		<http://ids.clld.org/parameters/5-510>		<http://ids.clld.org/values/5-510-198-1>		"geitis"@prg	
"ki'yoˀde"@cof	<http://ids.clld.org/values/4-209-246-3>		<http://ids.clld.org/parameters/4-209>		<http://ids.clld.org/values/4-209-198-1>		"skalus"@prg	
"'kepo-ʔi-no"@cof	<http://ids.clld.org/values/10-230-246-3>		<http://ids.clld.org/parameters/10-230>		<http://ids.clld.org/values/10-230-198-1>		"krūt"@prg	
"sẽ"@cof	<http://ids.clld.org/values/16-710-246-3>		<http://ids.clld.org/parameters/16-710>		<http://ids.clld.org/values/16-710-198-1>		"labs"@prg	
"laʰ'si-no"@cof	<http://ids.clld.org/values/12-240-246-3>		<http://ids.clld.org/parameters/12-240>		<http://ids.clld.org/values/12-240-198-1>		"atvér'a"@prg	
"ʔaʰ'sã si'li"@cof	<http://ids.clld.org/values/4-151-246-1>		<http://ids.clld.org/parameters/4-151>		<http://ids.clld.org/values/4-151-198-3>		"strujā"@prg	
"ʔaʰ'sã si'li"@cof	<http://ids.clld.org/values/4-151-246-1>		<http://ids.clld.org/parameters/4-151>		<http://ids.clld.org/values/4-151-198-1>		"gīslā"@prg	
"taʰ'pe"@cof	<http://ids.clld.org/values/8-510-246-1>		<http://ids.clld.org/parameters/8-510>		<http://ids.clld.org/values/8-510-198-1>		"zālis"@prg	
"laʰ'ti"@cof	<http://ids.clld.org/values/5-760-246-1>		<http://ids.clld.org/parameters/5-760>		<http://ids.clld.org/values/5-760-198-1>		"vīnavōgus"@prg	
"'c̷aʰc̷i"@cof	<http://ids.clld.org/values/2-100-246-1>		<http://ids.clld.org/parameters/2-100>		<http://ids.clld.org/values/2-100-198-1>		"zmānen[t]s"@prg	
"'so-na"@cof	<http://ids.clld.org/values/2-220-246-1>		<http://ids.clld.org/parameters/2-220>		<http://ids.clld.org/values/2-220-198-1>		"genā"@prg	
"pe-ko'lo"@cof	<http://ids.clld.org/values/4-460-246-1>		<http://ids.clld.org/parameters/4-460>		<http://ids.clld.org/values/4-460-198-1>		"vēders"@prg	
"[mula]"@cof	<http://ids.clld.org/values/3-470-246-1>		<http://ids.clld.org/parameters/3-470>		<http://ids.clld.org/values/3-470-198-1>		"vel(u)blundis"@prg	
"he'le-"@cof	<http://ids.clld.org/values/16-530-246-1>		<http://ids.clld.org/parameters/16-530>		<http://ids.clld.org/values/16-530-198-1>		"bi[y]āsnan"@prg	
"kaʰ'ke"@cof	<http://ids.clld.org/values/13-340-246-1>		<http://ids.clld.org/parameters/13-340>		<http://ids.clld.org/values/13-340-198-1>		"pirmas"@prg	
"Φũ"@cof	<http://ids.clld.org/values/15-840-246-1>		<http://ids.clld.org/parameters/15-840>		<http://ids.clld.org/values/15-840-198-1>		"sausan"@prg	
"haʰ'sa"@cof	<http://ids.clld.org/values/1-710-246-1>		<http://ids.clld.org/parameters/1-710>		<http://ids.clld.org/values/1-710-198-1>		"vins"@prg	
"pi'la c̷uʰte-no"@cof	<http://ids.clld.org/values/18-510-246-3>		<http://ids.clld.org/parameters/18-510>		<http://ids.clld.org/values/18-510-198-1>		"peisātan"@prg	
"puʰ'ka"@cof	<http://ids.clld.org/values/5-710-246-1>		<http://ids.clld.org/parameters/5-710>		<http://ids.clld.org/values/5-710-198-1>		"véisin"@prg	
"teʰ'Φũ"@cof	<http://ids.clld.org/values/4-270-246-1>		<http://ids.clld.org/parameters/4-270>		<http://ids.clld.org/values/4-270-198-1>		"dantis"@prg	
"[man'ta]-no"@cof	<http://ids.clld.org/values/19-450-246-1>		<http://ids.clld.org/parameters/19-450>		<http://ids.clld.org/values/19-450-198-1>		"laipinā"@prg	
"tuwã-'le"@cof	<http://ids.clld.org/values/13-210-246-3>		<http://ids.clld.org/parameters/13-210>		<http://ids.clld.org/values/13-210-198-1>		"pilnan"@prg	
"te'lenle"@cof	<http://ids.clld.org/values/8-540-246-1>		<http://ids.clld.org/parameters/8-540>		<http://ids.clld.org/values/8-540-198-1>		"saknis"@prg	
"Φupe"@cof	<http://ids.clld.org/values/4-203-246-1>		<http://ids.clld.org/parameters/4-203>		<http://ids.clld.org/values/4-203-198-1>		"muzgenā"@prg	
"'c̷aʰc̷i puʰ-'ka"@cof	<http://ids.clld.org/values/4-110-246-1>		<http://ids.clld.org/parameters/4-110>		<http://ids.clld.org/values/4-110-198-1>		"kérmens"@prg	
"kaʰ'ke"@cof	<http://ids.clld.org/values/12-40-246-1>		<http://ids.clld.org/parameters/12-40>		<http://ids.clld.org/values/12-40-198-1>		"pirzdau"@prg	
"'ˀduke"@cof	<http://ids.clld.org/values/13-150-246-1>		<http://ids.clld.org/parameters/13-150>		<http://ids.clld.org/values/13-150-198-1>		"tūlan"@prg	
"tẽpe"@cof	<http://ids.clld.org/values/12-70-246-1>		<http://ids.clld.org/parameters/12-70>		<http://ids.clld.org/values/12-70-198-1>		"pā"@prg	
"nu'wi"@cof	<http://ids.clld.org/values/17-660-246-1>		<http://ids.clld.org/parameters/17-660>		<http://ids.clld.org/values/17-660-198-1>		"kvei"@prg	
"ka-c̷i"@cof	<http://ids.clld.org/values/12-40-246-5>		<http://ids.clld.org/parameters/12-40>		<http://ids.clld.org/values/12-40-198-1>		"pirzdau"@prg	
"[wa'la]"@cof	<http://ids.clld.org/values/3-200-246-1>		<http://ids.clld.org/parameters/3-200>		<http://ids.clld.org/values/3-200-198-1>		"peku"@prg	
"mu'na-ra-no"@cof	<http://ids.clld.org/values/16-620-246-5>		<http://ids.clld.org/parameters/16-620>		<http://ids.clld.org/values/16-620-198-1>		"pakaitēsnan"@prg	
"teˀde"@cof	<http://ids.clld.org/values/4-330-246-1>		<http://ids.clld.org/parameters/4-330>		<http://ids.clld.org/values/4-330-198-1>		"rankā"@prg	
"kuʰ'c̷i-nũ"@cof	<http://ids.clld.org/values/5-900-246-1>		<http://ids.clld.org/parameters/5-900>		<http://ids.clld.org/values/5-900-198-1>		"pū[y]is"@prg	
"nu'manã"@cof	<http://ids.clld.org/values/14-340-246-3>		<http://ids.clld.org/parameters/14-340>		<http://ids.clld.org/values/14-340-198-1>		"nikveigi"@prg	
"'c̷aʰc̷i-la"@cof	<http://ids.clld.org/values/19-210-246-1>		<http://ids.clld.org/parameters/19-210>		<http://ids.clld.org/values/19-210-198-1>		"amzin"@prg	
"pa-no"@cof	<http://ids.clld.org/values/18-110-246-1>		<http://ids.clld.org/parameters/18-110>		<http://ids.clld.org/values/18-110-198-1>		"tārin"@prg	
"Φu'ˀda"@cof	<http://ids.clld.org/values/4-852-246-1>		<http://ids.clld.org/parameters/4-852>		<http://ids.clld.org/values/4-852-198-1>		"melnē"@prg	
"muʰke-no"@cof	<http://ids.clld.org/values/16-620-246-3>		<http://ids.clld.org/parameters/16-620>		<http://ids.clld.org/values/16-620-198-1>		"pakaitēsnan"@prg	
"'c̷aʔina"@cof	<http://ids.clld.org/values/14-180-246-1>		<http://ids.clld.org/parameters/14-180>		<http://ids.clld.org/values/14-180-198-1>		"teinū"@prg	
"te'pĩ"@cof	<http://ids.clld.org/values/4-855-246-1>		<http://ids.clld.org/parameters/4-855>		<http://ids.clld.org/values/4-855-198-1>		"dumslē"@prg	
"c̷u-no"@cof	<http://ids.clld.org/values/12-160-246-1>		<http://ids.clld.org/parameters/12-160>		<http://ids.clld.org/values/12-160-198-1>		"paláikt"@prg	
"ra-"@cof	<http://ids.clld.org/values/12-150-246-1>		<http://ids.clld.org/parameters/12-150>		<http://ids.clld.org/values/12-150-198-1>		"stalēt"@prg	
"kaʰ'sã"@cof	<http://ids.clld.org/values/14-130-246-1>		<http://ids.clld.org/parameters/14-130>		<http://ids.clld.org/values/14-130-198-1>		"nauns"@prg	
"ni-yã"@cof	<http://ids.clld.org/values/17-610-246-3>		<http://ids.clld.org/parameters/17-610>		<http://ids.clld.org/values/17-610-198-1>		"kai"@prg	
"ka'la"@cof	<http://ids.clld.org/values/9-650-246-1>		<http://ids.clld.org/parameters/9-650>		<http://ids.clld.org/values/9-650-198-1>		"sirablis"@prg	
"'so-na na"@cof	<http://ids.clld.org/values/2-260-246-1>		<http://ids.clld.org/parameters/2-260>		<http://ids.clld.org/values/2-260-198-1>		"mergā"@prg	
"'do-kã-pe"@cof	<http://ids.clld.org/values/7-220-246-3>		<http://ids.clld.org/parameters/7-220>		<http://ids.clld.org/values/7-220-198-1>		"vartā"@prg	
"ʔoʰ'Φo"@cof	<http://ids.clld.org/values/4-843-246-1>		<http://ids.clld.org/parameters/4-843>		<http://ids.clld.org/values/4-843-198-1>		"velgen"@prg	
"ʔoʰ'Φo"@cof	<http://ids.clld.org/values/4-843-246-1>		<http://ids.clld.org/parameters/4-843>		<http://ids.clld.org/values/4-843-198-3>		"velgan"@prg	
"nãtanã"@cof	<http://ids.clld.org/values/13-160-246-5>		<http://ids.clld.org/parameters/13-160>		<http://ids.clld.org/values/13-160-198-1>		"tūl[i]s (?)"@prg	
"ni"@cof	<http://ids.clld.org/values/8-311-246-1>		<http://ids.clld.org/parameters/8-311>		<http://ids.clld.org/values/8-311-198-1>		"sēmen"@prg	
"Φiʰ'ki"@cof	<http://ids.clld.org/values/18-260-246-1>		<http://ids.clld.org/parameters/18-260>		<http://ids.clld.org/values/18-260-198-1>		"vírd[a]s"@prg	
"'kiˀdo"@cof	<http://ids.clld.org/values/8-750-246-1>		<http://ids.clld.org/parameters/8-750>		<http://ids.clld.org/values/8-750-198-1>		"sakstis"@prg	
"tuʰ'tu"@cof	<http://ids.clld.org/values/18-730-246-1>		<http://ids.clld.org/parameters/18-730>		<http://ids.clld.org/values/18-730-198-1>		"ragis"@prg	
"[sen'ˀdori]"@cof	<http://ids.clld.org/values/6-570-246-1>		<http://ids.clld.org/parameters/6-570>		<http://ids.clld.org/values/6-570-198-1>		"savinzlē"@prg	
"'wisila"@cof	<http://ids.clld.org/values/5-370-246-1>		<http://ids.clld.org/parameters/5-370>		<http://ids.clld.org/values/5-370-198-1>		"lapinis"@prg	
"ʔa'yã"@cof	<http://ids.clld.org/values/2-360-246-1>		<http://ids.clld.org/parameters/2-360>		<http://ids.clld.org/values/2-360-198-1>		"mātē"@prg	
"te'lẽ-ʔi-no"@cof	<http://ids.clld.org/values/10-412-246-1>		<http://ids.clld.org/parameters/10-412>		<http://ids.clld.org/values/10-412-198-1>		"pakvelptan"@prg	
"kaʰ-Φo'ro ʔ'apuʰka"@cof	<http://ids.clld.org/values/4-208-246-1>		<http://ids.clld.org/parameters/4-208>		<http://ids.clld.org/values/4-208-198-1>		"laiknan"@prg	
"ʔili-no"@cof	<http://ids.clld.org/values/5-570-246-1>		<http://ids.clld.org/parameters/5-570>		<http://ids.clld.org/values/5-570-198-1>		"malūnis"@prg	
"tuʰ'pa-ke-no"@cof	<http://ids.clld.org/values/4-560-246-3>		<http://ids.clld.org/parameters/4-560>		<http://ids.clld.org/values/4-560-198-1>		"vimbis"@prg	
"ʔa'li"@cof	<http://ids.clld.org/values/8-550-246-1>		<http://ids.clld.org/parameters/8-550>		<http://ids.clld.org/values/8-550-198-1>		"vipis"@prg	
"noh'sa"@cof	<http://ids.clld.org/values/18-230-246-1>		<http://ids.clld.org/parameters/18-230>		<http://ids.clld.org/values/18-230-198-1>		"tusēsai"@prg	
"mã'ku"@cof	<http://ids.clld.org/values/2-520-246-1>		<http://ids.clld.org/parameters/2-520>		<http://ids.clld.org/values/2-520-198-1>		"māsā"@prg	
"he'lẽ"@cof	<http://ids.clld.org/values/1-410-246-1>		<http://ids.clld.org/parameters/1-410>		<http://ids.clld.org/values/1-410-198-1>		"med'an"@prg	
"ˀbene hi-"@cof	<http://ids.clld.org/values/10-520-246-1>		<http://ids.clld.org/parameters/10-520>		<http://ids.clld.org/values/10-520-198-1>		"rīpaite"@prg	
"ˀba'rẽ-"@cof	<http://ids.clld.org/values/12-570-246-1>		<http://ids.clld.org/parameters/12-570>		<http://ids.clld.org/values/12-570-198-1>		"ilga"@prg	
"[Φe'ro"@cof	<http://ids.clld.org/values/9-670-246-1>		<http://ids.clld.org/parameters/9-670>		<http://ids.clld.org/values/9-670-198-1>		"gelzā"@prg	
"haʰ'ke"@cof	<http://ids.clld.org/values/4-450-246-1>		<http://ids.clld.org/parameters/4-450>		<http://ids.clld.org/values/4-450-198-1>		"yaknā"@prg	
"Φe lo-no"@cof	<http://ids.clld.org/values/20-410-246-3>		<http://ids.clld.org/parameters/20-410>		<http://ids.clld.org/values/20-410-198-1>		"apvārēsnan"@prg	
"[man'ta]-no"@cof	<http://ids.clld.org/values/19-310-246-1>		<http://ids.clld.org/parameters/19-310>		<http://ids.clld.org/values/19-310-198-1>		"perstalá"@prg	
"waʰ'ta"@cof	<http://ids.clld.org/values/14-730-246-1>		<http://ids.clld.org/parameters/14-730>		<http://ids.clld.org/values/14-730-198-1>		"metan"@prg	
"c̷iʰki-'la"@cof	<http://ids.clld.org/values/2-940-246-1>		<http://ids.clld.org/parameters/2-940>		<http://ids.clld.org/values/2-940-198-1>		"mes"@prg	
"'luˀba-kã"@cof	<http://ids.clld.org/values/15-660-246-3>		<http://ids.clld.org/parameters/15-660>		<http://ids.clld.org/values/15-660-198-1>		"varminan"@prg	
"to"@cof	<http://ids.clld.org/values/7-260-246-1>		<http://ids.clld.org/parameters/7-260>		<http://ids.clld.org/values/7-260-198-1>		"talus"@prg	
"mi'su"@cof	<http://ids.clld.org/values/4-200-246-1>		<http://ids.clld.org/parameters/4-200>		<http://ids.clld.org/values/4-200-198-1>		"galvā"@prg	
"tu'wã"@cof	<http://ids.clld.org/values/13-210-246-1>		<http://ids.clld.org/parameters/13-210>		<http://ids.clld.org/values/13-210-198-1>		"pilnan"@prg	
"pe"@cof	<http://ids.clld.org/values/1-530-246-1>		<http://ids.clld.org/parameters/1-530>		<http://ids.clld.org/values/1-530-198-1>		"mēnikīs"@prg	
"tu'lã-no"@cof	<http://ids.clld.org/values/12-220-246-1>		<http://ids.clld.org/parameters/12-220>		<http://ids.clld.org/values/12-220-198-1>		"sanrists"@prg	
"nĩ"@cof	<http://ids.clld.org/values/1-810-246-1>		<http://ids.clld.org/parameters/1-810>		<http://ids.clld.org/values/1-810-198-1>		"panā"@prg	
"'lu-ˀbã"@cof	<http://ids.clld.org/values/15-660-246-1>		<http://ids.clld.org/parameters/15-660>		<http://ids.clld.org/values/15-660-198-1>		"varminan"@prg	
"Φu ma"@cof	<http://ids.clld.org/values/14-760-246-3>		<http://ids.clld.org/parameters/14-760>		<http://ids.clld.org/values/14-760-198-1>		"dagis"@prg	
"hi'ˀda"@cof	<http://ids.clld.org/values/15-860-246-1>		<http://ids.clld.org/parameters/15-860>		<http://ids.clld.org/values/15-860-198-1>		"salta"@prg	
"'lesu"@cof	<http://ids.clld.org/values/4-205-246-1>		<http://ids.clld.org/parameters/4-205>		<http://ids.clld.org/values/4-205-198-1>		"kaktā"@prg	
"diosi-c̷i"@cof	<http://ids.clld.org/values/22-190-246-1>		<http://ids.clld.org/parameters/22-190>		<http://ids.clld.org/values/22-190-198-1>		"svints"@prg	
"Φe ʔi-no"@cof	<http://ids.clld.org/values/20-410-246-1>		<http://ids.clld.org/parameters/20-410>		<http://ids.clld.org/values/20-410-198-1>		"apvārēsnan"@prg	
"ʔoti'ka-no"@cof	<http://ids.clld.org/values/18-410-246-1>		<http://ids.clld.org/parameters/18-410>		<http://ids.clld.org/values/18-410-198-1>		"vakētvei"@prg	
"ne-ˀbũka"@cof	<http://ids.clld.org/values/4-371-246-1>		<http://ids.clld.org/parameters/4-371>		<http://ids.clld.org/values/4-371-198-1>		"kulnis"@prg	
"su"@cof	<http://ids.clld.org/values/1-440-246-1>		<http://ids.clld.org/parameters/1-440>		<http://ids.clld.org/values/1-440-198-1>		"stabis"@prg	
"mi'nu"@cof	<http://ids.clld.org/values/10-720-246-1>		<http://ids.clld.org/parameters/10-720>		<http://ids.clld.org/values/10-720-198-1>		"pintis"@prg	
"wi'ru-ʔi-no"@cof	<http://ids.clld.org/values/12-150-246-5>		<http://ids.clld.org/parameters/12-150>		<http://ids.clld.org/values/12-150-198-1>		"stalēt"@prg	
"te'lẽ-ra-no"@cof	<http://ids.clld.org/values/10-412-246-3>		<http://ids.clld.org/parameters/10-412>		<http://ids.clld.org/values/10-412-198-1>		"pakvelptan"@prg	
"pa"@cof	<http://ids.clld.org/values/16-420-246-1>		<http://ids.clld.org/parameters/16-420>		<http://ids.clld.org/values/16-420-198-1>		"nerteis"@prg	
"ti-no"@cof	<http://ids.clld.org/values/18-220-246-3>		<http://ids.clld.org/parameters/18-220>		<http://ids.clld.org/values/18-220-198-1>		"bilēt[vei]"@prg	
"'c̷alã"@cof	<http://ids.clld.org/values/1-215-246-1>		<http://ids.clld.org/parameters/1-215>		<http://ids.clld.org/values/1-215-198-1>		"zigzdā"@prg	
"'kõti"@cof	<http://ids.clld.org/values/1-240-246-1>		<http://ids.clld.org/parameters/1-240>		<http://ids.clld.org/values/1-240-198-3>		"padaubis"@prg	
"'kõti"@cof	<http://ids.clld.org/values/1-240-246-1>		<http://ids.clld.org/parameters/1-240>		<http://ids.clld.org/values/1-240-198-1>		"lindan"@prg	
"sẽ"@cof	<http://ids.clld.org/values/16-730-246-1>		<http://ids.clld.org/parameters/16-730>		<http://ids.clld.org/values/16-730-198-1>		"tikrāmiskan"@prg	
"tu'li-no"@cof	<http://ids.clld.org/values/1-860-246-1>		<http://ids.clld.org/parameters/1-860>		<http://ids.clld.org/values/1-860-198-1>		"ankaitītai"@prg	
"torĩ'kã"@cof	<http://ids.clld.org/values/10-760-246-1>		<http://ids.clld.org/parameters/10-760>		<http://ids.clld.org/values/10-760-198-1>		"kelan"@prg	
"hi'ra-ʔi-no"@cof	<http://ids.clld.org/values/14-260-246-1>		<http://ids.clld.org/parameters/14-260>		<http://ids.clld.org/values/14-260-198-1>		"vangan"@prg	
"[di'yosi]"@cof	<http://ids.clld.org/values/22-120-246-1>		<http://ids.clld.org/parameters/22-120>		<http://ids.clld.org/values/22-120-198-1>		"deivas"@prg	
"'wãˀbi"@cof	<http://ids.clld.org/values/12-10-246-1>		<http://ids.clld.org/parameters/12-10>		<http://ids.clld.org/values/12-10-198-1>		"pā"@prg	
"we-i-"@cof	<http://ids.clld.org/values/10-110-246-3>		<http://ids.clld.org/parameters/10-110>		<http://ids.clld.org/values/10-110-198-1>		"pabanginuns"@prg	
"wa'lada-no"@cof	<http://ids.clld.org/values/11-830-246-1>		<http://ids.clld.org/parameters/11-830>		<http://ids.clld.org/values/11-830-198-1>		"káupiskan"@prg	
"waʰc̷a"@cof	<http://ids.clld.org/values/3-650-246-1>		<http://ids.clld.org/parameters/3-650>		<http://ids.clld.org/values/3-650-198-1>		"zukis"@prg	
"Φe-no"@cof	<http://ids.clld.org/values/11-320-246-1>		<http://ids.clld.org/parameters/11-320>		<http://ids.clld.org/values/11-320-198-1>		"aupala"@prg	
"[aʰkusa]"@cof	<http://ids.clld.org/values/6-360-246-1>		<http://ids.clld.org/parameters/6-360>		<http://ids.clld.org/values/6-360-198-1>		"aigulā"@prg	
"yo kiˀdo"@cof	<http://ids.clld.org/values/1-510-246-1>		<http://ids.clld.org/parameters/1-510>		<http://ids.clld.org/values/1-510-198-1>		"dangus"@prg	
"numa'totiya"@cof	<http://ids.clld.org/values/14-310-246-1>		<http://ids.clld.org/parameters/14-310>		<http://ids.clld.org/values/14-310-198-1>		"ainat"@prg	
"[wa'la] na"@cof	<http://ids.clld.org/values/3-240-246-1>		<http://ids.clld.org/parameters/3-240>		<http://ids.clld.org/values/3-240-198-1>		"verst'an"@prg	
"Φo'ro"@cof	<http://ids.clld.org/values/8-170-246-1>		<http://ids.clld.org/parameters/8-170>		<http://ids.clld.org/values/8-170-198-1>		"ravis"@prg	
"numa-sitiya"@cof	<http://ids.clld.org/values/14-310-246-3>		<http://ids.clld.org/parameters/14-310>		<http://ids.clld.org/values/14-310-198-1>		"ainat"@prg	
"netaʰ'ka"@cof	<http://ids.clld.org/values/4-372-246-1>		<http://ids.clld.org/parameters/4-372>		<http://ids.clld.org/values/4-372-198-1>		"pentis"@prg	
"'miʰka"@cof	<http://ids.clld.org/values/11-880-246-1>		<http://ids.clld.org/parameters/11-880>		<http://ids.clld.org/values/11-880-198-1>		"témpran"@prg	
"ʔa"@cof	<http://ids.clld.org/values/4-140-246-1>		<http://ids.clld.org/parameters/4-140>		<http://ids.clld.org/values/4-140-198-1>		"skebelis"@prg	
"c̷i'de pe'le"@cof	<http://ids.clld.org/values/8-600-246-3>		<http://ids.clld.org/parameters/8-600>		<http://ids.clld.org/values/8-600-198-1>		"gar'an"@prg	
"koʰ'tan"@cof	<http://ids.clld.org/values/3-950-246-1>		<http://ids.clld.org/parameters/3-950>		<http://ids.clld.org/values/3-950-198-1>		"krupeilē"@prg	
"se ti-'no"@cof	<http://ids.clld.org/values/16-790-246-1>		<http://ids.clld.org/parameters/16-790>		<http://ids.clld.org/values/16-790-198-1>		"pagirsnan"@prg	
"ˀbo'lõ-kari-no"@cof	<http://ids.clld.org/values/12-210-246-1>		<http://ids.clld.org/parameters/12-210>		<http://ids.clld.org/values/12-210-198-1>		"sanrénka"@prg	
"'baro"@cof	<http://ids.clld.org/values/3-586-246-1>		<http://ids.clld.org/parameters/3-586>		<http://ids.clld.org/values/3-586-198-1>		"aukis"@prg	
"se"@cof	<http://ids.clld.org/values/1-322-246-1>		<http://ids.clld.org/parameters/1-322>		<http://ids.clld.org/values/1-322-198-1>		"tusnan"@prg	
"'hunsi"@cof	<http://ids.clld.org/values/17-510-246-1>		<http://ids.clld.org/parameters/17-510>		<http://ids.clld.org/values/17-510-198-1>		"ir"@prg	
"'hunsi"@cof	<http://ids.clld.org/values/17-510-246-1>		<http://ids.clld.org/parameters/17-510>		<http://ids.clld.org/values/17-510-198-3>		"be"@prg	
"ni"@cof	<http://ids.clld.org/values/8-420-246-1>		<http://ids.clld.org/parameters/8-420>		<http://ids.clld.org/values/8-420-198-3>		"ar'an"@prg	
"ni"@cof	<http://ids.clld.org/values/8-420-246-1>		<http://ids.clld.org/parameters/8-420>		<http://ids.clld.org/values/8-420-198-1>		"aren"@prg	
"ʔaʰ'ko"@cof	<http://ids.clld.org/values/2-440-246-1>		<http://ids.clld.org/parameters/2-440>		<http://ids.clld.org/values/2-440-198-1>		"brātē"@prg	
"na"@cof	<http://ids.clld.org/values/14-140-246-1>		<http://ids.clld.org/parameters/14-140>		<http://ids.clld.org/values/14-140-198-1>		"maldans"@prg	
"['čiˀbo]"@cof	<http://ids.clld.org/values/3-360-246-1>		<http://ids.clld.org/parameters/3-360>		<http://ids.clld.org/values/3-360-198-1>		"(v)āzē"@prg	
"ha'mo"@cof	<http://ids.clld.org/values/12-80-246-1>		<http://ids.clld.org/parameters/12-80>		<http://ids.clld.org/values/12-80-198-3>		"kérša[n]"@prg	
"ha'mo"@cof	<http://ids.clld.org/values/12-80-246-1>		<http://ids.clld.org/parameters/12-80>		<http://ids.clld.org/values/12-80-198-1>		"kirša[n]"@prg	
"pe'le"@cof	<http://ids.clld.org/values/12-30-246-3>		<http://ids.clld.org/parameters/12-30>		<http://ids.clld.org/values/12-30-198-1>		"zemai"@prg	
"[kuʰc̷ilu]"@cof	<http://ids.clld.org/values/5-380-246-1>		<http://ids.clld.org/parameters/5-380>		<http://ids.clld.org/values/5-380-198-1>		"peile"@prg	
"'nakã"@cof	<http://ids.clld.org/values/12-560-246-1>		<http://ids.clld.org/parameters/12-560>		<http://ids.clld.org/values/12-560-198-1>		"likuts"@prg	
"c̷i'ˀde"@cof	<http://ids.clld.org/values/1-430-246-1>		<http://ids.clld.org/parameters/1-430>		<http://ids.clld.org/values/1-430-198-1>		"malkā"@prg	
"pĩ-ˀbã"@cof	<http://ids.clld.org/values/15-350-246-1>		<http://ids.clld.org/parameters/15-350>		<http://ids.clld.org/values/15-350-198-1>		"pādaminan"@prg	
"tulã-no"@cof	<http://ids.clld.org/values/18-320-246-1>		<http://ids.clld.org/parameters/18-320>		<http://ids.clld.org/values/18-320-198-1>		"attrātvei"@prg	
"si'li"@cof	<http://ids.clld.org/values/6-380-246-1>		<http://ids.clld.org/parameters/6-380>		<http://ids.clld.org/values/6-380-198-1>		"auvilkis"@prg	
"[wa'la]"@cof	<http://ids.clld.org/values/3-230-246-1>		<http://ids.clld.org/parameters/3-230>		<http://ids.clld.org/values/3-230-198-1>		"klentē"@prg	
"laʰ'ki-"@cof	<http://ids.clld.org/values/16-270-246-3>		<http://ids.clld.org/parameters/16-270>		<http://ids.clld.org/values/16-270-198-1>		"mīlēt"@prg	
"ni'ˀda"@cof	<http://ids.clld.org/values/5-310-246-1>		<http://ids.clld.org/parameters/5-310>		<http://ids.clld.org/values/5-310-198-1>		"minzavē"@prg	
"Φu'ˀda"@cof	<http://ids.clld.org/values/4-850-246-1>		<http://ids.clld.org/parameters/4-850>		<http://ids.clld.org/values/4-850-198-1>		"eizvā"@prg	
"ku'ˀdã"@cof	<http://ids.clld.org/values/4-290-246-1>		<http://ids.clld.org/parameters/4-290>		<http://ids.clld.org/values/4-290-198-1>		"gurklē"@prg	
"mi'yã"@cof	<http://ids.clld.org/values/2-450-246-3>		<http://ids.clld.org/parameters/2-450>		<http://ids.clld.org/values/2-450-198-1>		"svestrā"@prg	
"ki-no"@cof	<http://ids.clld.org/values/9-110-246-3>		<http://ids.clld.org/parameters/9-110>		<http://ids.clld.org/values/9-110-198-1>		"segēt"@prg	
"'ka-no"@cof	<http://ids.clld.org/values/11-160-246-1>		<http://ids.clld.org/parameters/11-160>		<http://ids.clld.org/values/11-160-198-1>		"pagaút"@prg	
"kuʰ'c̷i-no"@cof	<http://ids.clld.org/values/5-130-246-1>		<http://ids.clld.org/parameters/5-130>		<http://ids.clld.org/values/5-130-198-1>		"pūtvei"@prg	
"ku'ra"@cof	<http://ids.clld.org/values/13-140-246-1>		<http://ids.clld.org/parameters/13-140>		<http://ids.clld.org/values/13-140-198-1>		"erains"@prg	
"paʰ'ti-"@cof	<http://ids.clld.org/values/10-473-246-1>		<http://ids.clld.org/parameters/10-473>		<http://ids.clld.org/values/10-473-198-1>		"zemailēzuns"@prg	
"[ʔayu'ˀda-]ʔi-no"@cof	<http://ids.clld.org/values/19-580-246-1>		<http://ids.clld.org/parameters/19-580>		<http://ids.clld.org/values/19-580-198-1>		"pagalbtan"@prg	
"su'wa"@cof	<http://ids.clld.org/values/1-750-246-1>		<http://ids.clld.org/parameters/1-750>		<http://ids.clld.org/values/1-750-198-1>		"aglā"@prg	
"me'ra-no"@cof	<http://ids.clld.org/values/15-410-246-1>		<http://ids.clld.org/parameters/15-410>		<http://ids.clld.org/values/15-410-198-3>		"klausītun"@prg	
"me'ra-no"@cof	<http://ids.clld.org/values/15-410-246-1>		<http://ids.clld.org/parameters/15-410>		<http://ids.clld.org/values/15-410-198-1>		"kirdē̈t[vei]"@prg	
"'nama"@cof	<http://ids.clld.org/values/2-420-246-1>		<http://ids.clld.org/parameters/2-420>		<http://ids.clld.org/values/2-420-198-1>		"duktē"@prg	
"he'ra-ʔi-no"@cof	<http://ids.clld.org/values/14-260-246-3>		<http://ids.clld.org/parameters/14-260>		<http://ids.clld.org/values/14-260-198-1>		"vangan"@prg	
"kuʰ'pa-ri-"@cof	<http://ids.clld.org/values/10-210-246-1>		<http://ids.clld.org/parameters/10-210>		<http://ids.clld.org/values/10-210-198-1>		"atskīsai"@prg	
"si'ya-no"@cof	<http://ids.clld.org/values/5-470-246-1>		<http://ids.clld.org/parameters/5-470>		<http://ids.clld.org/values/5-470-198-1>		"saitan"@prg	
"'mi-ra-no"@cof	<http://ids.clld.org/values/17-170-246-1>		<http://ids.clld.org/parameters/17-170>		<http://ids.clld.org/values/17-170-198-1>		"vaist"@prg	
"'teˀde"@cof	<http://ids.clld.org/values/4-310-246-1>		<http://ids.clld.org/parameters/4-310>		<http://ids.clld.org/values/4-310-198-1>		"irmā"@prg	
"ki'ra-wo-no"@cof	<http://ids.clld.org/values/15-550-246-3>		<http://ids.clld.org/parameters/15-550>		<http://ids.clld.org/values/15-550-198-1>		"vaidina"@prg	
"'naʔo"@cof	<http://ids.clld.org/values/2-410-246-1>		<http://ids.clld.org/parameters/2-410>		<http://ids.clld.org/values/2-410-198-1>		"sūnun"@prg	
"'ˀbõteˀde-ka"@cof	<http://ids.clld.org/values/4-430-246-1>		<http://ids.clld.org/parameters/4-430>		<http://ids.clld.org/values/4-430-198-1>		"nabis"@prg	
"Φu"@cof	<http://ids.clld.org/values/6-280-246-1>		<http://ids.clld.org/parameters/6-280>		<http://ids.clld.org/values/6-280-198-1>		"skārdā"@prg	
"wiʰ'ta"@cof	<http://ids.clld.org/values/8-120-246-1>		<http://ids.clld.org/parameters/8-120>		<http://ids.clld.org/values/8-120-198-1>		"lauks"@prg	
"ʔe're-"@cof	<http://ids.clld.org/values/10-630-246-1>		<http://ids.clld.org/parameters/10-630>		<http://ids.clld.org/values/10-630-198-1>		"pertenginuns"@prg	
"nala'lã ʔu'nila"@cof	<http://ids.clld.org/values/2-251-246-1>		<http://ids.clld.org/parameters/2-251>		<http://ids.clld.org/values/2-251-198-1>		"maldai"@prg	
"[buřo]"@cof	<http://ids.clld.org/values/3-460-246-1>		<http://ids.clld.org/parameters/3-460>		<http://ids.clld.org/values/3-460-198-1>		"[asilis]"@prg	
"siʰ'ti"@cof	<http://ids.clld.org/values/19-510-246-1>		<http://ids.clld.org/parameters/19-510>		<http://ids.clld.org/values/19-510-198-1>		"ginens"@prg	
"'neˀde ʔi'yuka"@cof	<http://ids.clld.org/values/4-352-246-1>		<http://ids.clld.org/parameters/4-352>		<http://ids.clld.org/values/4-352-198-1>		"ikrā"@prg	
"[kuʰ'c̷ilu]"@cof	<http://ids.clld.org/values/9-230-246-1>		<http://ids.clld.org/parameters/9-230>		<http://ids.clld.org/values/9-230-198-1>		"peile"@prg	
"Φe"@cof	<http://ids.clld.org/values/13-160-246-1>		<http://ids.clld.org/parameters/13-160>		<http://ids.clld.org/values/13-160-198-1>		"tūl[i]s (?)"@prg	
"[lamar]i"@cof	<http://ids.clld.org/values/1-320-246-1>		<http://ids.clld.org/parameters/1-320>		<http://ids.clld.org/values/1-320-198-1>		"yūren"@prg	
"[animal]"@cof	<http://ids.clld.org/values/3-110-246-1>		<http://ids.clld.org/parameters/3-110>		<http://ids.clld.org/values/3-110-198-3>		"alnē"@prg	
"[animal]"@cof	<http://ids.clld.org/values/3-110-246-1>		<http://ids.clld.org/parameters/3-110>		<http://ids.clld.org/values/3-110-198-1>		"zvērins"@prg	
"a Φu"@cof	<http://ids.clld.org/values/4-140-246-5>		<http://ids.clld.org/parameters/4-140>		<http://ids.clld.org/values/4-140-198-1>		"skebelis"@prg	
