"wa pi-pi-'lu"@cof	<http://ids.clld.org/values/1-330-246-1>		<http://ids.clld.org/parameters/1-330>		<http://ids.clld.org/values/1-330-286-1>		"šuteremʔ"@pav	
"'sõna-no"@cof	<http://ids.clld.org/values/4-740-246-1>		<http://ids.clld.org/parameters/4-740>		<http://ids.clld.org/values/4-740-286-1>		"eʔ"@pav	
"mu'mũ"@cof	<http://ids.clld.org/values/18-280-246-1>		<http://ids.clld.org/parameters/18-280>		<http://ids.clld.org/values/18-280-286-1>		"wišišiʔ (wit)"@pav	
"ʔoh'tõ-koro"@cof	<http://ids.clld.org/values/3-840-246-1>		<http://ids.clld.org/parameters/3-840>		<http://ids.clld.org/values/3-840-286-1>		"meteʔ"@pav	
"c̷iʰ'ke"@cof	<http://ids.clld.org/values/2-910-246-3>		<http://ids.clld.org/parameters/2-910>		<http://ids.clld.org/values/2-910-286-1>		"wataʔ"@pav	
"puʰ'ka"@cof	<http://ids.clld.org/values/8-311-246-3>		<http://ids.clld.org/parameters/8-311>		<http://ids.clld.org/values/8-311-286-1>		"tokwi"@pav	
"su'su"@cof	<http://ids.clld.org/values/3-610-246-1>		<http://ids.clld.org/parameters/3-610>		<http://ids.clld.org/values/3-610-286-1>		"oromiyak"@pav	
"ʔaʰ'sã"@cof	<http://ids.clld.org/values/4-150-246-1>		<http://ids.clld.org/parameters/4-150>		<http://ids.clld.org/values/4-150-286-1>		"kišiʔ (wik)"@pav	
"kuwa-no"@cof	<http://ids.clld.org/values/11-210-246-1>		<http://ids.clld.org/parameters/11-210>		<http://ids.clld.org/values/11-210-286-1>		"miʔ"@pav	
"ʔuwã"@cof	<http://ids.clld.org/values/12-550-246-3>		<http://ids.clld.org/parameters/12-550>		<http://ids.clld.org/values/12-550-286-1>		"hwaraʔ"@pav	
"ʔuwã"@cof	<http://ids.clld.org/values/12-550-246-3>		<http://ids.clld.org/parameters/12-550>		<http://ids.clld.org/values/12-550-286-3>		"horon"@pav	
"'c̷u-no"@cof	<http://ids.clld.org/values/12-130-246-1>		<http://ids.clld.org/parameters/12-130>		<http://ids.clld.org/values/12-130-286-1>		"šaoʔ pe"@pav	
"'c̷u-no"@cof	<http://ids.clld.org/values/12-130-246-1>		<http://ids.clld.org/parameters/12-130>		<http://ids.clld.org/values/12-130-286-3>		"šaoʔ to"@pav	
"'kiˀdo"@cof	<http://ids.clld.org/values/4-120-246-1>		<http://ids.clld.org/parameters/4-120>		<http://ids.clld.org/values/4-120-286-1>		"taparišiʔ"@pav	
"po'yo"@cof	<http://ids.clld.org/values/1-730-246-1>		<http://ids.clld.org/parameters/1-730>		<http://ids.clld.org/values/1-730-286-1>		"tayain nanawin"@pav	
"naʰ'ka"@cof	<http://ids.clld.org/values/12-560-246-3>		<http://ids.clld.org/parameters/12-560>		<http://ids.clld.org/values/12-560-286-1>		"wiyimain"@pav	
"'pa-ʔi-no"@cof	<http://ids.clld.org/values/16-420-246-3>		<http://ids.clld.org/parameters/16-420>		<http://ids.clld.org/values/16-420-286-1>		"manaʔ"@pav	
"la'yũ"@cof	<http://ids.clld.org/values/15-770-246-1>		<http://ids.clld.org/parameters/15-770>		<http://ids.clld.org/values/15-770-286-1>		"topišik"@pav	
"tẽka ka-no"@cof	<http://ids.clld.org/values/17-130-246-1>		<http://ids.clld.org/parameters/17-130>		<http://ids.clld.org/values/17-130-286-1>		"koromikat"@pav	
"'keʔere-ʔi-no"@cof	<http://ids.clld.org/values/10-230-246-1>		<http://ids.clld.org/parameters/10-230>		<http://ids.clld.org/values/10-230-286-3>		"kamaraʔ"@pav	
"'keʔere-ʔi-no"@cof	<http://ids.clld.org/values/10-230-246-1>		<http://ids.clld.org/parameters/10-230>		<http://ids.clld.org/values/10-230-286-1>		"panʔ"@pav	
"'c̷aʰc̷i-ka"@cof	<http://ids.clld.org/values/4-130-246-1>		<http://ids.clld.org/parameters/4-130>		<http://ids.clld.org/values/4-130-286-1>		"kwerešiʔ"@pav	
"'ˀbẽˀbe"@cof	<http://ids.clld.org/values/12-630-246-1>		<http://ids.clld.org/parameters/12-630>		<http://ids.clld.org/values/12-630-286-1>		"kwere"@pav	
"ʔũ-ʔi-"@cof	<http://ids.clld.org/values/10-340-246-1>		<http://ids.clld.org/parameters/10-340>		<http://ids.clld.org/values/10-340-286-1>		"ho"@pav	
"ʔũ-ʔi-"@cof	<http://ids.clld.org/values/10-340-246-1>		<http://ids.clld.org/parameters/10-340>		<http://ids.clld.org/values/10-340-286-3>		"horoho"@pav	
"ʔiʰ'sã"@cof	<http://ids.clld.org/values/15-860-246-3>		<http://ids.clld.org/parameters/15-860>		<http://ids.clld.org/values/15-860-286-1>		"šio"@pav	
"ʔiʰ'sã"@cof	<http://ids.clld.org/values/15-860-246-3>		<http://ids.clld.org/parameters/15-860>		<http://ids.clld.org/values/15-860-286-3>		"kapinʔ"@pav	
"ˀbeʰ'tẽˀde"@cof	<http://ids.clld.org/values/4-190-246-1>		<http://ids.clld.org/parameters/4-190>		<http://ids.clld.org/values/4-190-286-1>		"warašiʔ"@pav	
"kuʰ'pe"@cof	<http://ids.clld.org/values/8-540-246-3>		<http://ids.clld.org/parameters/8-540>		<http://ids.clld.org/values/8-540-286-1>		"kašimain"@pav	
"pore-no"@cof	<http://ids.clld.org/values/9-220-246-1>		<http://ids.clld.org/parameters/9-220>		<http://ids.clld.org/values/9-220-286-7>		"nakarkamʔ"@pav	
"pore-no"@cof	<http://ids.clld.org/values/9-220-246-1>		<http://ids.clld.org/parameters/9-220>		<http://ids.clld.org/values/9-220-286-3>		"wawak"@pav	
"pore-no"@cof	<http://ids.clld.org/values/9-220-246-1>		<http://ids.clld.org/parameters/9-220>		<http://ids.clld.org/values/9-220-286-9>		"ta"@pav	
"pore-no"@cof	<http://ids.clld.org/values/9-220-246-1>		<http://ids.clld.org/parameters/9-220>		<http://ids.clld.org/values/9-220-286-5>		"nakamʔ"@pav	
"pore-no"@cof	<http://ids.clld.org/values/9-220-246-1>		<http://ids.clld.org/parameters/9-220>		<http://ids.clld.org/values/9-220-286-1>		"wak"@pav	
"torĩ-'kã"@cof	<http://ids.clld.org/values/12-810-246-1>		<http://ids.clld.org/parameters/12-810>		<http://ids.clld.org/values/12-810-286-1>		"monoʔo"@pav	
"loʰsĩ-ˀbã"@cof	<http://ids.clld.org/values/15-680-246-1>		<http://ids.clld.org/parameters/15-680>		<http://ids.clld.org/values/15-680-286-1>		"tb̃um"@pav	
"po'yo"@cof	<http://ids.clld.org/values/1-740-246-1>		<http://ids.clld.org/parameters/1-740>		<http://ids.clld.org/values/1-740-286-1>		"murukukuʔ"@pav	
"ki'ra-no"@cof	<http://ids.clld.org/values/15-510-246-1>		<http://ids.clld.org/parameters/15-510>		<http://ids.clld.org/values/15-510-286-1>		"kerek"@pav	
"ya-'la"@cof	<http://ids.clld.org/values/2-960-246-1>		<http://ids.clld.org/parameters/2-960>		<http://ids.clld.org/values/2-960-286-1>		"karam maʔ"@pav	
"hira'le"@cof	<http://ids.clld.org/values/13-140-246-5>		<http://ids.clld.org/parameters/13-140>		<http://ids.clld.org/values/13-140-286-1>		"šam"@pav	
"ʔi'li-po-no"@cof	<http://ids.clld.org/values/9-310-246-1>		<http://ids.clld.org/parameters/9-310>		<http://ids.clld.org/values/9-310-286-1>		"šik"@pav	
"lu'we-"@cof	<http://ids.clld.org/values/10-320-246-1>		<http://ids.clld.org/parameters/10-320>		<http://ids.clld.org/values/10-320-286-3>		"weweweo"@pav	
"lu'we-"@cof	<http://ids.clld.org/values/10-320-246-1>		<http://ids.clld.org/parameters/10-320>		<http://ids.clld.org/values/10-320-286-1>		"weo"@pav	
"wane-no"@cof	<http://ids.clld.org/values/9-220-246-3>		<http://ids.clld.org/parameters/9-220>		<http://ids.clld.org/values/9-220-286-7>		"nakarkamʔ"@pav	
"wane-no"@cof	<http://ids.clld.org/values/9-220-246-3>		<http://ids.clld.org/parameters/9-220>		<http://ids.clld.org/values/9-220-286-3>		"wawak"@pav	
"wane-no"@cof	<http://ids.clld.org/values/9-220-246-3>		<http://ids.clld.org/parameters/9-220>		<http://ids.clld.org/values/9-220-286-9>		"ta"@pav	
"wane-no"@cof	<http://ids.clld.org/values/9-220-246-3>		<http://ids.clld.org/parameters/9-220>		<http://ids.clld.org/values/9-220-286-5>		"nakamʔ"@pav	
"wane-no"@cof	<http://ids.clld.org/values/9-220-246-3>		<http://ids.clld.org/parameters/9-220>		<http://ids.clld.org/values/9-220-286-1>		"wak"@pav	
"'nasi"@cof	<http://ids.clld.org/values/13-181-246-3>		<http://ids.clld.org/parameters/13-181>		<http://ids.clld.org/values/13-181-286-1>		"arakaʔ"@pav	
"Φi-ʰ'ˀbã"@cof	<http://ids.clld.org/values/15-640-246-1>		<http://ids.clld.org/parameters/15-640>		<http://ids.clld.org/values/15-640-286-1>		"towoʔ"@pav	
"'tẽsaʔa-no"@cof	<http://ids.clld.org/values/16-260-246-1>		<http://ids.clld.org/parameters/16-260>		<http://ids.clld.org/values/16-260-286-1>		"warayu"@pav	
"tuwa-no"@cof	<http://ids.clld.org/values/4-853-246-1>		<http://ids.clld.org/parameters/4-853>		<http://ids.clld.org/values/4-853-286-1>		"mom"@pav	
"ʔoro-'no"@cof	<http://ids.clld.org/values/6-350-246-1>		<http://ids.clld.org/parameters/6-350>		<http://ids.clld.org/values/6-350-286-1>		"ok"@pav	
"peʰtẽ-no"@cof	<http://ids.clld.org/values/5-125-246-3>		<http://ids.clld.org/parameters/5-125>		<http://ids.clld.org/values/5-125-286-1>		"šowuru"@pav	
"ya"@cof	<http://ids.clld.org/values/2-930-246-1>		<http://ids.clld.org/parameters/2-930>		<http://ids.clld.org/values/2-930-286-1>		"ko maʔ"@pav	
"c̷arã"@cof	<http://ids.clld.org/values/16-710-246-5>		<http://ids.clld.org/parameters/16-710>		<http://ids.clld.org/values/16-710-286-1>		"awi"@pav	
"ni"@cof	<http://ids.clld.org/values/5-710-246-5>		<http://ids.clld.org/parameters/5-710>		<http://ids.clld.org/values/5-710-286-3>		"winain"@pav	
"ni"@cof	<http://ids.clld.org/values/5-710-246-5>		<http://ids.clld.org/parameters/5-710>		<http://ids.clld.org/values/5-710-286-1>		"memem"@pav	
"nu"@cof	<http://ids.clld.org/values/2-920-246-1>		<http://ids.clld.org/parameters/2-920>		<http://ids.clld.org/values/2-920-286-1>		"wum"@pav	
"laʰ'pa"@cof	<http://ids.clld.org/values/8-510-246-3>		<http://ids.clld.org/parameters/8-510>		<http://ids.clld.org/values/8-510-286-1>		"tononoin"@pav	
"pi"@cof	<http://ids.clld.org/values/1-360-246-1>		<http://ids.clld.org/parameters/1-360>		<http://ids.clld.org/values/1-360-286-1>		"kom"@pav	
"c̷a"@cof	<http://ids.clld.org/values/16-730-246-3>		<http://ids.clld.org/parameters/16-730>		<http://ids.clld.org/values/16-730-286-1>		"šoʔ"@pav	
"'nena-no"@cof	<http://ids.clld.org/values/10-450-246-1>		<http://ids.clld.org/parameters/10-450>		<http://ids.clld.org/values/10-450-286-1>		"šut"@pav	
"'nena-no"@cof	<http://ids.clld.org/values/10-450-246-1>		<http://ids.clld.org/parameters/10-450>		<http://ids.clld.org/values/10-450-286-3>		"šurušut"@pav	
"nu'wiri"@cof	<http://ids.clld.org/values/12-440-246-1>		<http://ids.clld.org/parameters/12-440>		<http://ids.clld.org/values/12-440-286-1>		"pira"@pav	
"to pũ"@cof	<http://ids.clld.org/values/15-880-246-3>		<http://ids.clld.org/parameters/15-880>		<http://ids.clld.org/values/15-880-286-1>		"mišem"@pav	
"yo"@cof	<http://ids.clld.org/values/1-520-246-1>		<http://ids.clld.org/parameters/1-520>		<http://ids.clld.org/values/1-520-286-1>		"šina"@pav	
"tẽ-ka ni"@cof	<http://ids.clld.org/values/4-440-246-3>		<http://ids.clld.org/parameters/4-440>		<http://ids.clld.org/values/4-440-286-1>		"šimišiʔ (šim)"@pav	
"te'le-no"@cof	<http://ids.clld.org/values/9-160-246-1>		<http://ids.clld.org/parameters/9-160>		<http://ids.clld.org/values/9-160-286-1>		"tuku"@pav	
"nu-'la"@cof	<http://ids.clld.org/values/2-950-246-1>		<http://ids.clld.org/parameters/2-950>		<http://ids.clld.org/values/2-950-286-1>		"wahuʔ"@pav	
"mu"@cof	<http://ids.clld.org/values/3-811-246-1>		<http://ids.clld.org/parameters/3-811>		<http://ids.clld.org/values/3-811-286-1>		"ioʔ"@pav	
"wi'ru-ra-"@cof	<http://ids.clld.org/values/12-150-246-3>		<http://ids.clld.org/parameters/12-150>		<http://ids.clld.org/values/12-150-286-1>		"tekiʔ pe"@pav	
"wi'ru-ra-"@cof	<http://ids.clld.org/values/12-150-246-3>		<http://ids.clld.org/parameters/12-150>		<http://ids.clld.org/values/12-150-286-3>		"tekiʔ to"@pav	
"piya-no"@cof	<http://ids.clld.org/values/4-750-246-1>		<http://ids.clld.org/parameters/4-750>		<http://ids.clld.org/values/4-750-286-3>		"konoʔ"@pav	
"piya-no"@cof	<http://ids.clld.org/values/4-750-246-1>		<http://ids.clld.org/parameters/4-750>		<http://ids.clld.org/values/4-750-286-1>		"miʔ pin"@pav	
"ʔu'nila"@cof	<http://ids.clld.org/values/2-210-246-1>		<http://ids.clld.org/parameters/2-210>		<http://ids.clld.org/values/2-210-286-1>		"taramaʔ"@pav	
"c̷i'ˀde"@cof	<http://ids.clld.org/values/4-160-246-1>		<http://ids.clld.org/parameters/4-160>		<http://ids.clld.org/values/4-160-286-1>		"arašiʔ (at)"@pav	
"mu'ri-no"@cof	<http://ids.clld.org/values/9-330-246-1>		<http://ids.clld.org/parameters/9-330>		<http://ids.clld.org/values/9-330-286-1>		"kök"@pav	
"lu-no"@cof	<http://ids.clld.org/values/1-851-246-1>		<http://ids.clld.org/parameters/1-851>		<http://ids.clld.org/values/1-851-286-3>		"wiran"@pav	
"lu-no"@cof	<http://ids.clld.org/values/1-851-246-1>		<http://ids.clld.org/parameters/1-851>		<http://ids.clld.org/values/1-851-286-1>		"tom"@pav	
"lu-no"@cof	<http://ids.clld.org/values/1-851-246-1>		<http://ids.clld.org/parameters/1-851>		<http://ids.clld.org/values/1-851-286-5>		"karahoʔ"@pav	
"pi'ni"@cof	<http://ids.clld.org/values/3-850-246-1>		<http://ids.clld.org/parameters/3-850>		<http://ids.clld.org/values/3-850-286-1>		"emʔ"@pav	
"ˀdi'la-"@cof	<http://ids.clld.org/values/9-343-246-1>		<http://ids.clld.org/parameters/9-343>		<http://ids.clld.org/values/9-343-286-1>		"humʔ"@pav	
"mu'lu"@cof	<http://ids.clld.org/values/5-791-246-1>		<http://ids.clld.org/parameters/5-791>		<http://ids.clld.org/values/5-791-286-1>		"homain"@pav	
"ʔa'yãn-kã"@cof	<http://ids.clld.org/values/12-610-246-3>		<http://ids.clld.org/parameters/12-610>		<http://ids.clld.org/values/12-610-286-1>		"kote ne kimain"@pav	
"ne-ˀbolõ"@cof	<http://ids.clld.org/values/4-360-246-1>		<http://ids.clld.org/parameters/4-360>		<http://ids.clld.org/values/4-360-286-1>		"karamašiʔ (karam)"@pav	
"wa'ne-po-no"@cof	<http://ids.clld.org/values/9-220-246-5>		<http://ids.clld.org/parameters/9-220>		<http://ids.clld.org/values/9-220-286-7>		"nakarkamʔ"@pav	
"wa'ne-po-no"@cof	<http://ids.clld.org/values/9-220-246-5>		<http://ids.clld.org/parameters/9-220>		<http://ids.clld.org/values/9-220-286-3>		"wawak"@pav	
"wa'ne-po-no"@cof	<http://ids.clld.org/values/9-220-246-5>		<http://ids.clld.org/parameters/9-220>		<http://ids.clld.org/values/9-220-286-9>		"ta"@pav	
"wa'ne-po-no"@cof	<http://ids.clld.org/values/9-220-246-5>		<http://ids.clld.org/parameters/9-220>		<http://ids.clld.org/values/9-220-286-5>		"nakamʔ"@pav	
"wa'ne-po-no"@cof	<http://ids.clld.org/values/9-220-246-5>		<http://ids.clld.org/parameters/9-220>		<http://ids.clld.org/values/9-220-286-1>		"wak"@pav	
"kaʰ'ka"@cof	<http://ids.clld.org/values/4-210-246-1>		<http://ids.clld.org/parameters/4-210>		<http://ids.clld.org/values/4-210-286-1>		"tokošiʔ (tok)"@pav	
"ka"@cof	<http://ids.clld.org/values/5-710-246-3>		<http://ids.clld.org/parameters/5-710>		<http://ids.clld.org/values/5-710-286-3>		"winain"@pav	
"ka"@cof	<http://ids.clld.org/values/5-710-246-3>		<http://ids.clld.org/parameters/5-710>		<http://ids.clld.org/values/5-710-286-1>		"memem"@pav	
"tu"@cof	<http://ids.clld.org/values/12-730-246-3>		<http://ids.clld.org/parameters/12-730>		<http://ids.clld.org/values/12-730-286-1>		"ka om šone ne"@pav	
"c̷a nã-c̷i"@cof	<http://ids.clld.org/values/12-410-246-1>		<http://ids.clld.org/parameters/12-410>		<http://ids.clld.org/values/12-410-286-1>		"irikwerešiʔ"@pav	
"si'nuka"@cof	<http://ids.clld.org/values/14-150-246-3>		<http://ids.clld.org/parameters/14-150>		<http://ids.clld.org/values/14-150-286-1>		"maraʔ"@pav	
"si'nuka"@cof	<http://ids.clld.org/values/14-150-246-3>		<http://ids.clld.org/parameters/14-150>		<http://ids.clld.org/values/14-150-286-3>		"horon"@pav	
"he'lẽ-c̷i hi-no"@cof	<http://ids.clld.org/values/20-610-246-1>		<http://ids.clld.org/parameters/20-610>		<http://ids.clld.org/values/20-610-286-1>		"yiʔam"@pav	
"ʔaʰ'pa"@cof	<http://ids.clld.org/values/2-350-246-1>		<http://ids.clld.org/parameters/2-350>		<http://ids.clld.org/values/2-350-286-1>		"te"@pav	
"la"@cof	<http://ids.clld.org/values/2-910-246-1>		<http://ids.clld.org/parameters/2-910>		<http://ids.clld.org/values/2-910-286-1>		"wataʔ"@pav	
"to towa-no"@cof	<http://ids.clld.org/values/8-220-246-1>		<http://ids.clld.org/parameters/8-220>		<http://ids.clld.org/values/8-220-286-1>		"še"@pav	
"to towa-no"@cof	<http://ids.clld.org/values/8-220-246-1>		<http://ids.clld.org/parameters/8-220>		<http://ids.clld.org/values/8-220-286-3>		"šikeʔ"@pav	
"ˀdu"@cof	<http://ids.clld.org/values/1-220-246-1>		<http://ids.clld.org/parameters/1-220>		<http://ids.clld.org/values/1-220-286-1>		"pakun"@pav	
"palu-'ka"@cof	<http://ids.clld.org/values/13-20-246-3>		<http://ids.clld.org/parameters/13-20>		<http://ids.clld.org/values/13-20-286-1>		"tuku karakan"@pav	
"si'li"@cof	<http://ids.clld.org/values/8-670-246-1>		<http://ids.clld.org/parameters/8-670>		<http://ids.clld.org/values/8-670-286-1>		"makon (makorišiʔ)"@pav	
"'Φi-"@cof	<http://ids.clld.org/values/5-110-246-1>		<http://ids.clld.org/parameters/5-110>		<http://ids.clld.org/values/5-110-286-1>		"kaoʔ"@pav	
"'Φi-"@cof	<http://ids.clld.org/values/5-110-246-1>		<http://ids.clld.org/parameters/5-110>		<http://ids.clld.org/values/5-110-286-3>		"kakakaoʔ"@pav	
"tuʰ'Φa-ke-no"@cof	<http://ids.clld.org/values/4-560-246-1>		<http://ids.clld.org/parameters/4-560>		<http://ids.clld.org/values/4-560-286-1>		"hupaʔ"@pav	
"na"@cof	<http://ids.clld.org/values/2-270-246-1>		<http://ids.clld.org/parameters/2-270>		<http://ids.clld.org/values/2-270-286-1>		"piyeʔ"@pav	
"wu"@cof	<http://ids.clld.org/values/1-720-246-1>		<http://ids.clld.org/parameters/1-720>		<http://ids.clld.org/values/1-720-286-1>		"hotowa"@pav	
"peʰ'tẽ-ka"@cof	<http://ids.clld.org/values/5-125-246-1>		<http://ids.clld.org/parameters/5-125>		<http://ids.clld.org/values/5-125-286-1>		"šowuru"@pav	
"haʰ'sa ka-no"@cof	<http://ids.clld.org/values/4-510-246-1>		<http://ids.clld.org/parameters/4-510>		<http://ids.clld.org/values/4-510-286-1>		"wereme"@pav	
"niʰ'ka-ka"@cof	<http://ids.clld.org/values/4-260-246-1>		<http://ids.clld.org/parameters/4-260>		<http://ids.clld.org/values/4-260-286-1>		"petehwet nešiʔ (petehwet)"@pav	
"kaʰ'c̷o-no"@cof	<http://ids.clld.org/values/4-610-246-1>		<http://ids.clld.org/parameters/4-610>		<http://ids.clld.org/values/4-610-286-1>		"piʔam"@pav	
"to miˀdi'ka"@cof	<http://ids.clld.org/values/15-880-246-1>		<http://ids.clld.org/parameters/15-880>		<http://ids.clld.org/values/15-880-286-1>		"mišem"@pav	
"'keʔere-"@cof	<http://ids.clld.org/values/10-250-246-5>		<http://ids.clld.org/parameters/10-250>		<http://ids.clld.org/values/10-250-286-3>		"wišikaoʔ"@pav	
"'keʔere-"@cof	<http://ids.clld.org/values/10-250-246-5>		<http://ids.clld.org/parameters/10-250>		<http://ids.clld.org/values/10-250-286-1>		"šin"@pav	
"pa-ˀba-'kã"@cof	<http://ids.clld.org/values/15-650-246-3>		<http://ids.clld.org/parameters/15-650>		<http://ids.clld.org/values/15-650-286-1>		"mišem"@pav	
"Φiʰ'ki Φo'ro"@cof	<http://ids.clld.org/values/4-240-246-1>		<http://ids.clld.org/parameters/4-240>		<http://ids.clld.org/values/4-240-286-1>		"kapiyašiʔ (topak)"@pav	
"'neˀde"@cof	<http://ids.clld.org/values/4-350-246-1>		<http://ids.clld.org/parameters/4-350>		<http://ids.clld.org/values/4-350-286-1>		"pišiyašiʔ"@pav	
"'neˀde"@cof	<http://ids.clld.org/values/4-350-246-1>		<http://ids.clld.org/parameters/4-350>		<http://ids.clld.org/values/4-350-286-3>		"kokošiʔ"@pav	
"'pũki"@cof	<http://ids.clld.org/values/4-220-246-1>		<http://ids.clld.org/parameters/4-220>		<http://ids.clld.org/values/4-220-286-1>		"tara-yišiʔ (taraʔ)"@pav	
"'piʰc̷u"@cof	<http://ids.clld.org/values/3-581-246-1>		<http://ids.clld.org/parameters/3-581>		<http://ids.clld.org/values/3-581-286-1>		"me"@pav	
"to po'yo"@cof	<http://ids.clld.org/values/1-213-246-3>		<http://ids.clld.org/parameters/1-213>		<http://ids.clld.org/values/1-213-286-1>		"tainʔ"@pav	
"haʰpi'su"@cof	<http://ids.clld.org/values/4-140-246-3>		<http://ids.clld.org/parameters/4-140>		<http://ids.clld.org/values/4-140-286-1>		"tenenešiʔ"@pav	
"haʰpi'su"@cof	<http://ids.clld.org/values/4-140-246-3>		<http://ids.clld.org/parameters/4-140>		<http://ids.clld.org/values/4-140-286-3>		"tenenein (šun)"@pav	
"'pe-sili"@cof	<http://ids.clld.org/values/4-461-246-1>		<http://ids.clld.org/parameters/4-461>		<http://ids.clld.org/values/4-461-286-1>		"monošiʔ (mon)"@pav	
"c̷o-no"@cof	<http://ids.clld.org/values/12-140-246-1>		<http://ids.clld.org/parameters/12-140>		<http://ids.clld.org/values/12-140-286-1>		"teremʔ"@pav	
"c̷o-no"@cof	<http://ids.clld.org/values/12-140-246-1>		<http://ids.clld.org/parameters/12-140>		<http://ids.clld.org/values/12-140-286-3>		"tokoʔ"@pav	
"'pĩˀba"@cof	<http://ids.clld.org/values/5-810-246-1>		<http://ids.clld.org/parameters/5-810>		<http://ids.clld.org/values/5-810-286-1>		"[sal]"@pav	
"nakã"@cof	<http://ids.clld.org/values/12-590-246-3>		<http://ids.clld.org/parameters/12-590>		<http://ids.clld.org/values/12-590-286-1>		"wiyimain"@pav	
"ne'ya-no"@cof	<http://ids.clld.org/values/11-310-246-1>		<http://ids.clld.org/parameters/11-310>		<http://ids.clld.org/values/11-310-286-1>		"noro"@pav	
"ʔu'nila"@cof	<http://ids.clld.org/values/2-230-246-1>		<http://ids.clld.org/parameters/2-230>		<http://ids.clld.org/values/2-230-286-1>		"taramaʔ"@pav	
"si'li"@cof	<http://ids.clld.org/values/9-190-246-1>		<http://ids.clld.org/parameters/9-190>		<http://ids.clld.org/values/9-190-286-1>		"makon (makorišiʔ)"@pav	
"ne'ˀde-c̷i hi-no"@cof	<http://ids.clld.org/values/10-450-246-3>		<http://ids.clld.org/parameters/10-450>		<http://ids.clld.org/values/10-450-286-1>		"šut"@pav	
"ne'ˀde-c̷i hi-no"@cof	<http://ids.clld.org/values/10-450-246-3>		<http://ids.clld.org/parameters/10-450>		<http://ids.clld.org/values/10-450-286-3>		"šurušut"@pav	
"c̷o-'ˀdi-no"@cof	<http://ids.clld.org/values/12-140-246-3>		<http://ids.clld.org/parameters/12-140>		<http://ids.clld.org/values/12-140-286-1>		"teremʔ"@pav	
"c̷o-'ˀdi-no"@cof	<http://ids.clld.org/values/12-140-246-3>		<http://ids.clld.org/parameters/12-140>		<http://ids.clld.org/values/12-140-286-3>		"tokoʔ"@pav	
"piyã'le"@cof	<http://ids.clld.org/values/13-140-246-3>		<http://ids.clld.org/parameters/13-140>		<http://ids.clld.org/values/13-140-286-1>		"šam"@pav	
"'tẽ-ha-no"@cof	<http://ids.clld.org/values/17-130-246-3>		<http://ids.clld.org/parameters/17-130>		<http://ids.clld.org/values/17-130-286-1>		"koromikat"@pav	
"tĩpo'lari-no"@cof	<http://ids.clld.org/values/10-130-246-1>		<http://ids.clld.org/parameters/10-130>		<http://ids.clld.org/values/10-130-286-1>		"yami"@pav	
"keʰ'pẽ"@cof	<http://ids.clld.org/values/14-420-246-1>		<http://ids.clld.org/parameters/14-420>		<http://ids.clld.org/values/14-420-286-1>		"šim"@pav	
"wã"@cof	<http://ids.clld.org/values/12-550-246-5>		<http://ids.clld.org/parameters/12-550>		<http://ids.clld.org/values/12-550-286-1>		"hwaraʔ"@pav	
"wã"@cof	<http://ids.clld.org/values/12-550-246-5>		<http://ids.clld.org/parameters/12-550>		<http://ids.clld.org/values/12-550-286-3>		"horon"@pav	
"'ti"@cof	<http://ids.clld.org/values/18-220-246-1>		<http://ids.clld.org/parameters/18-220>		<http://ids.clld.org/values/18-220-286-1>		"tomiʔ šoʔ"@pav	
"laʰ'ke-ˀbã"@cof	<http://ids.clld.org/values/15-690-246-1>		<http://ids.clld.org/parameters/15-690>		<http://ids.clld.org/values/15-690-286-1>		"košik"@pav	
"ma"@cof	<http://ids.clld.org/values/14-410-246-1>		<http://ids.clld.org/parameters/14-410>		<http://ids.clld.org/values/14-410-286-1>		"šek"@pav	
"'puˀba ere-"@cof	<http://ids.clld.org/values/15-210-246-3>		<http://ids.clld.org/parameters/15-210>		<http://ids.clld.org/values/15-210-286-3>		"hu"@pav	
"'puˀba ere-"@cof	<http://ids.clld.org/values/15-210-246-3>		<http://ids.clld.org/parameters/15-210>		<http://ids.clld.org/values/15-210-286-1>		"nak"@pav	
"ku'ˀdã"@cof	<http://ids.clld.org/values/4-280-246-1>		<http://ids.clld.org/parameters/4-280>		<http://ids.clld.org/values/4-280-286-1>		"paramašiʔ"@pav	
"newewe"@cof	<http://ids.clld.org/values/4-345-246-1>		<http://ids.clld.org/parameters/4-345>		<http://ids.clld.org/values/4-345-286-1>		"šikinain"@pav	
"'nĩ-Φu"@cof	<http://ids.clld.org/values/1-840-246-1>		<http://ids.clld.org/parameters/1-840>		<http://ids.clld.org/values/1-840-286-1>		"topakon"@pav	
"pi"@cof	<http://ids.clld.org/values/1-310-246-1>		<http://ids.clld.org/parameters/1-310>		<http://ids.clld.org/values/1-310-286-1>		"kom (komišiʔ)"@pav	
"'c̷aʰc̷i-ka"@cof	<http://ids.clld.org/values/5-610-246-1>		<http://ids.clld.org/parameters/5-610>		<http://ids.clld.org/values/5-610-286-1>		"karawa (karamayišiʔ)"@pav	
"pa'lu"@cof	<http://ids.clld.org/values/13-20-246-1>		<http://ids.clld.org/parameters/13-20>		<http://ids.clld.org/values/13-20-286-1>		"tuku karakan"@pav	
"c̷i-'de"@cof	<http://ids.clld.org/values/8-600-246-1>		<http://ids.clld.org/parameters/8-600>		<http://ids.clld.org/values/8-600-286-1>		"pana"@pav	
"ʔu'nila"@cof	<http://ids.clld.org/values/2-310-246-1>		<http://ids.clld.org/parameters/2-310>		<http://ids.clld.org/values/2-310-286-1>		"taši"@pav	
"luʰ'ku"@cof	<http://ids.clld.org/values/1-213-246-1>		<http://ids.clld.org/parameters/1-213>		<http://ids.clld.org/values/1-213-286-1>		"tainʔ"@pav	
"'puˀba-ke-no"@cof	<http://ids.clld.org/values/15-210-246-1>		<http://ids.clld.org/parameters/15-210>		<http://ids.clld.org/values/15-210-286-3>		"hu"@pav	
"'puˀba-ke-no"@cof	<http://ids.clld.org/values/15-210-246-1>		<http://ids.clld.org/parameters/15-210>		<http://ids.clld.org/values/15-210-286-1>		"nak"@pav	
"'na-naʰka"@cof	<http://ids.clld.org/values/12-560-246-5>		<http://ids.clld.org/parameters/12-560>		<http://ids.clld.org/values/12-560-286-1>		"wiyimain"@pav	
"toʰ'te-no"@cof	<http://ids.clld.org/values/4-760-246-1>		<http://ids.clld.org/parameters/4-760>		<http://ids.clld.org/values/4-760-286-1>		"paʔ"@pav	
"ke-no"@cof	<http://ids.clld.org/values/9-210-246-1>		<http://ids.clld.org/parameters/9-210>		<http://ids.clld.org/values/9-210-286-1>		"toʔ"@pav	
"po'yo"@cof	<http://ids.clld.org/values/1-830-246-1>		<http://ids.clld.org/parameters/1-830>		<http://ids.clld.org/values/1-830-286-1>		"tainʔ"@pav	
"'pã-pe"@cof	<http://ids.clld.org/values/4-392-246-1>		<http://ids.clld.org/parameters/4-392>		<http://ids.clld.org/values/4-392-286-1>		"tapaši"@pav	
"'kĩΦu"@cof	<http://ids.clld.org/values/4-230-246-1>		<http://ids.clld.org/parameters/4-230>		<http://ids.clld.org/values/4-230-286-1>		"werešiʔ (ut)"@pav	
"wa"@cof	<http://ids.clld.org/values/12-550-246-1>		<http://ids.clld.org/parameters/12-550>		<http://ids.clld.org/values/12-550-286-1>		"hwaraʔ"@pav	
"wa"@cof	<http://ids.clld.org/values/12-550-246-1>		<http://ids.clld.org/parameters/12-550>		<http://ids.clld.org/values/12-550-286-3>		"horon"@pav	
"c̷i'ˀde"@cof	<http://ids.clld.org/values/1-420-246-1>		<http://ids.clld.org/parameters/1-420>		<http://ids.clld.org/values/1-420-286-1>		"pana"@pav	
"'haˀbi"@cof	<http://ids.clld.org/values/12-440-246-3>		<http://ids.clld.org/parameters/12-440>		<http://ids.clld.org/values/12-440-286-1>		"pira"@pav	
"'ʔora"@cof	<http://ids.clld.org/values/16-710-246-1>		<http://ids.clld.org/parameters/16-710>		<http://ids.clld.org/values/16-710-286-1>		"awi"@pav	
"ʔu'ni-ka"@cof	<http://ids.clld.org/values/14-150-246-1>		<http://ids.clld.org/parameters/14-150>		<http://ids.clld.org/values/14-150-286-1>		"maraʔ"@pav	
"ʔu'ni-ka"@cof	<http://ids.clld.org/values/14-150-246-1>		<http://ids.clld.org/parameters/14-150>		<http://ids.clld.org/values/14-150-286-3>		"horon"@pav	
"'tẽ-ka"@cof	<http://ids.clld.org/values/4-440-246-1>		<http://ids.clld.org/parameters/4-440>		<http://ids.clld.org/values/4-440-286-1>		"šimišiʔ (šim)"@pav	
"'se-ʔiʰto"@cof	<http://ids.clld.org/values/16-720-246-1>		<http://ids.clld.org/parameters/16-720>		<http://ids.clld.org/values/16-720-286-1>		"kayi"@pav	
"ha-'no"@cof	<http://ids.clld.org/values/10-480-246-1>		<http://ids.clld.org/parameters/10-480>		<http://ids.clld.org/values/10-480-286-1>		"makiʔ"@pav	
"[kan'ta] ke-no"@cof	<http://ids.clld.org/values/18-120-246-1>		<http://ids.clld.org/parameters/18-120>		<http://ids.clld.org/values/18-120-286-1>		"kom"@pav	
"piʰ'poka"@cof	<http://ids.clld.org/values/5-970-246-1>		<http://ids.clld.org/parameters/5-970>		<http://ids.clld.org/values/5-970-286-1>		"arayein"@pav	
"c̷uˀdi-no"@cof	<http://ids.clld.org/values/12-130-246-3>		<http://ids.clld.org/parameters/12-130>		<http://ids.clld.org/values/12-130-286-1>		"šaoʔ pe"@pav	
"c̷uˀdi-no"@cof	<http://ids.clld.org/values/12-130-246-3>		<http://ids.clld.org/parameters/12-130>		<http://ids.clld.org/values/12-130-286-3>		"šaoʔ to"@pav	
"mu'ri-ka-no"@cof	<http://ids.clld.org/values/9-330-246-3>		<http://ids.clld.org/parameters/9-330>		<http://ids.clld.org/values/9-330-286-1>		"kök"@pav	
"seʰ'ka"@cof	<http://ids.clld.org/values/3-811-246-3>		<http://ids.clld.org/parameters/3-811>		<http://ids.clld.org/values/3-811-286-1>		"ioʔ"@pav	
"ta-no"@cof	<http://ids.clld.org/values/11-150-246-1>		<http://ids.clld.org/parameters/11-150>		<http://ids.clld.org/values/11-150-286-1>		"kep"@pav	
"me"@cof	<http://ids.clld.org/values/4-180-246-1>		<http://ids.clld.org/parameters/4-180>		<http://ids.clld.org/values/4-180-286-1>		"kahwerein"@pav	
"'so-na"@cof	<http://ids.clld.org/values/2-320-246-1>		<http://ids.clld.org/parameters/2-320>		<http://ids.clld.org/values/2-320-286-1>		"mana"@pav	
"pa-"@cof	<http://ids.clld.org/values/15-650-246-1>		<http://ids.clld.org/parameters/15-650>		<http://ids.clld.org/values/15-650-286-1>		"mišem"@pav	
"ti'li-no"@cof	<http://ids.clld.org/values/9-223-246-1>		<http://ids.clld.org/parameters/9-223>		<http://ids.clld.org/values/9-223-286-1>		"šukunʔ"@pav	
"pa-no"@cof	<http://ids.clld.org/values/18-210-246-1>		<http://ids.clld.org/parameters/18-210>		<http://ids.clld.org/values/18-210-286-1>		"tomiʔ"@pav	
"to"@cof	<http://ids.clld.org/values/1-210-246-1>		<http://ids.clld.org/parameters/1-210>		<http://ids.clld.org/values/1-210-286-1>		"makanʔ"@pav	
"c̷a'ˀbo"@cof	<http://ids.clld.org/values/1-540-246-1>		<http://ids.clld.org/parameters/1-540>		<http://ids.clld.org/values/1-540-286-1>		"piyoʔ"@pav	
"te'yũ"@cof	<http://ids.clld.org/values/15-780-246-1>		<http://ids.clld.org/parameters/15-780>		<http://ids.clld.org/values/15-780-286-1>		"šaʔ"@pav	
"'neˀde"@cof	<http://ids.clld.org/values/4-370-246-1>		<http://ids.clld.org/parameters/4-370>		<http://ids.clld.org/values/4-370-286-1>		"kašimašiʔ (kašim)"@pav	
"'kepo-ʔi-no"@cof	<http://ids.clld.org/values/10-230-246-3>		<http://ids.clld.org/parameters/10-230>		<http://ids.clld.org/values/10-230-286-3>		"kamaraʔ"@pav	
"'kepo-ʔi-no"@cof	<http://ids.clld.org/values/10-230-246-3>		<http://ids.clld.org/parameters/10-230>		<http://ids.clld.org/values/10-230-286-1>		"panʔ"@pav	
"sẽ"@cof	<http://ids.clld.org/values/16-710-246-3>		<http://ids.clld.org/parameters/16-710>		<http://ids.clld.org/values/16-710-286-1>		"awi"@pav	
"hi-"@cof	<http://ids.clld.org/values/10-320-246-3>		<http://ids.clld.org/parameters/10-320>		<http://ids.clld.org/values/10-320-286-3>		"weweweo"@pav	
"hi-"@cof	<http://ids.clld.org/values/10-320-246-3>		<http://ids.clld.org/parameters/10-320>		<http://ids.clld.org/values/10-320-286-1>		"weo"@pav	
"c̷ale-no"@cof	<http://ids.clld.org/values/9-360-246-1>		<http://ids.clld.org/parameters/9-360>		<http://ids.clld.org/values/9-360-286-3>		"toʔ"@pav	
"c̷ale-no"@cof	<http://ids.clld.org/values/9-360-246-1>		<http://ids.clld.org/parameters/9-360>		<http://ids.clld.org/values/9-360-286-1>		"hohok"@pav	
"taʰ'pe"@cof	<http://ids.clld.org/values/8-510-246-1>		<http://ids.clld.org/parameters/8-510>		<http://ids.clld.org/values/8-510-286-1>		"tononoin"@pav	
"'ha-hi-no"@cof	<http://ids.clld.org/values/10-370-246-1>		<http://ids.clld.org/parameters/10-370>		<http://ids.clld.org/values/10-370-286-3>		"toin"@pav	
"'ha-hi-no"@cof	<http://ids.clld.org/values/10-370-246-1>		<http://ids.clld.org/parameters/10-370>		<http://ids.clld.org/values/10-370-286-1>		"takiʔ"@pav	
"'c̷aʰc̷i"@cof	<http://ids.clld.org/values/2-100-246-1>		<http://ids.clld.org/parameters/2-100>		<http://ids.clld.org/values/2-100-286-1>		"wariʔ"@pav	
"'so-na"@cof	<http://ids.clld.org/values/2-220-246-1>		<http://ids.clld.org/parameters/2-220>		<http://ids.clld.org/values/2-220-286-1>		"narimaʔ"@pav	
"ha'la nãc̷i"@cof	<http://ids.clld.org/values/12-420-246-1>		<http://ids.clld.org/parameters/12-420>		<http://ids.clld.org/values/12-420-286-1>		"parayišiʔ"@pav	
"he'le-"@cof	<http://ids.clld.org/values/16-530-246-1>		<http://ids.clld.org/parameters/16-530>		<http://ids.clld.org/values/16-530-286-1>		"yinʔ"@pav	
"Φũ"@cof	<http://ids.clld.org/values/15-840-246-1>		<http://ids.clld.org/parameters/15-840>		<http://ids.clld.org/values/15-840-286-1>		"kawainʔ"@pav	
"puʰ'ka"@cof	<http://ids.clld.org/values/5-710-246-1>		<http://ids.clld.org/parameters/5-710>		<http://ids.clld.org/values/5-710-286-3>		"winain"@pav	
"puʰ'ka"@cof	<http://ids.clld.org/values/5-710-246-1>		<http://ids.clld.org/parameters/5-710>		<http://ids.clld.org/values/5-710-286-1>		"memem"@pav	
"teʰ'Φũ"@cof	<http://ids.clld.org/values/4-270-246-1>		<http://ids.clld.org/parameters/4-270>		<http://ids.clld.org/values/4-270-286-1>		"šišiʔ (yat)"@pav	
"na-pẽ"@cof	<http://ids.clld.org/values/12-650-246-3>		<http://ids.clld.org/parameters/12-650>		<http://ids.clld.org/values/12-650-286-1>		"šašiʔ"@pav	
"tuwã-'le"@cof	<http://ids.clld.org/values/13-210-246-3>		<http://ids.clld.org/parameters/13-210>		<http://ids.clld.org/values/13-210-286-5>		"maʔam"@pav	
"tuwã-'le"@cof	<http://ids.clld.org/values/13-210-246-3>		<http://ids.clld.org/parameters/13-210>		<http://ids.clld.org/values/13-210-286-3>		"moromoinʔ"@pav	
"tuwã-'le"@cof	<http://ids.clld.org/values/13-210-246-3>		<http://ids.clld.org/parameters/13-210>		<http://ids.clld.org/values/13-210-286-1>		"moinʔ"@pav	
"te'lenle"@cof	<http://ids.clld.org/values/8-540-246-1>		<http://ids.clld.org/parameters/8-540>		<http://ids.clld.org/values/8-540-286-1>		"kašimain"@pav	
"Φu'ri-po-no"@cof	<http://ids.clld.org/values/10-380-246-1>		<http://ids.clld.org/parameters/10-380>		<http://ids.clld.org/values/10-380-286-3>		"hukoʔ"@pav	
"Φu'ri-po-no"@cof	<http://ids.clld.org/values/10-380-246-1>		<http://ids.clld.org/parameters/10-380>		<http://ids.clld.org/values/10-380-286-1>		"hu"@pav	
"'ˀduke"@cof	<http://ids.clld.org/values/13-150-246-1>		<http://ids.clld.org/parameters/13-150>		<http://ids.clld.org/values/13-150-286-1>		"iriʔ miyo/ miya"@pav	
"lo-'ˀbã"@cof	<http://ids.clld.org/values/15-851-246-1>		<http://ids.clld.org/parameters/15-851>		<http://ids.clld.org/values/15-851-286-3>		"nonoe"@pav	
"lo-'ˀbã"@cof	<http://ids.clld.org/values/15-851-246-1>		<http://ids.clld.org/parameters/15-851>		<http://ids.clld.org/values/15-851-286-1>		"šain"@pav	
"teˀde"@cof	<http://ids.clld.org/values/4-330-246-1>		<http://ids.clld.org/parameters/4-330>		<http://ids.clld.org/values/4-330-286-1>		"mišiʔ"@pav	
"teˀde"@cof	<http://ids.clld.org/values/4-330-246-1>		<http://ids.clld.org/parameters/4-330>		<http://ids.clld.org/values/4-330-286-3>		"(umʔ)"@pav	
"ma're-no"@cof	<http://ids.clld.org/values/10-350-246-3>		<http://ids.clld.org/parameters/10-350>		<http://ids.clld.org/values/10-350-286-3>		"panʔ karakam"@pav	
"ma're-no"@cof	<http://ids.clld.org/values/10-350-246-3>		<http://ids.clld.org/parameters/10-350>		<http://ids.clld.org/values/10-350-286-1>		"panʔ kam"@pav	
"ra-"@cof	<http://ids.clld.org/values/12-150-246-1>		<http://ids.clld.org/parameters/12-150>		<http://ids.clld.org/values/12-150-286-1>		"tekiʔ pe"@pav	
"ra-"@cof	<http://ids.clld.org/values/12-150-246-1>		<http://ids.clld.org/parameters/12-150>		<http://ids.clld.org/values/12-150-286-3>		"tekiʔ to"@pav	
"kaʰ'sã"@cof	<http://ids.clld.org/values/14-130-246-1>		<http://ids.clld.org/parameters/14-130>		<http://ids.clld.org/values/14-130-286-1>		"šokori"@pav	
"ka'kari-no"@cof	<http://ids.clld.org/values/16-250-246-1>		<http://ids.clld.org/parameters/16-250>		<http://ids.clld.org/values/16-250-286-1>		"tatamʔ"@pav	
"ka'kari-no"@cof	<http://ids.clld.org/values/16-250-246-1>		<http://ids.clld.org/parameters/16-250>		<http://ids.clld.org/values/16-250-286-3>		"katamʔ"@pav	
"na-si"@cof	<http://ids.clld.org/values/13-170-246-1>		<http://ids.clld.org/parameters/13-170>		<http://ids.clld.org/values/13-170-286-1>		"parek"@pav	
"Φu"@cof	<http://ids.clld.org/values/4-393-246-1>		<http://ids.clld.org/parameters/4-393>		<http://ids.clld.org/values/4-393-286-1>		"tenenein (šun)"@pav	
"ni"@cof	<http://ids.clld.org/values/8-311-246-1>		<http://ids.clld.org/parameters/8-311>		<http://ids.clld.org/values/8-311-286-1>		"tokwi"@pav	
"'kiˀdo"@cof	<http://ids.clld.org/values/8-750-246-1>		<http://ids.clld.org/parameters/8-750>		<http://ids.clld.org/values/8-750-286-1>		"tapari"@pav	
"ku"@cof	<http://ids.clld.org/values/4-410-246-1>		<http://ids.clld.org/parameters/4-410>		<http://ids.clld.org/values/4-410-286-1>		"karašišiʔ (katat)"@pav	
"ʔa'yã"@cof	<http://ids.clld.org/values/2-360-246-1>		<http://ids.clld.org/parameters/2-360>		<http://ids.clld.org/values/2-360-286-1>		"naʔ"@pav	
"kaʰ'c̷a-ke-no"@cof	<http://ids.clld.org/values/4-570-246-1>		<http://ids.clld.org/parameters/4-570>		<http://ids.clld.org/values/4-570-286-1>		"weʔ"@pav	
"tuʰ'pa-ke-no"@cof	<http://ids.clld.org/values/4-560-246-3>		<http://ids.clld.org/parameters/4-560>		<http://ids.clld.org/values/4-560-286-1>		"hupaʔ"@pav	
"he'lẽ"@cof	<http://ids.clld.org/values/1-410-246-1>		<http://ids.clld.org/parameters/1-410>		<http://ids.clld.org/values/1-410-286-1>		"nahwarak"@pav	
"ˀba'rẽ-"@cof	<http://ids.clld.org/values/12-570-246-1>		<http://ids.clld.org/parameters/12-570>		<http://ids.clld.org/values/12-570-286-1>		"matam"@pav	
"ˀdi'li-no"@cof	<http://ids.clld.org/values/9-343-246-3>		<http://ids.clld.org/parameters/9-343>		<http://ids.clld.org/values/9-343-286-1>		"humʔ"@pav	
"haʰ'ke"@cof	<http://ids.clld.org/values/4-450-246-1>		<http://ids.clld.org/parameters/4-450>		<http://ids.clld.org/values/4-450-286-1>		"tarawanašiʔ (tarawan)"@pav	
"tu'li-po-no"@cof	<http://ids.clld.org/values/10-670-246-1>		<http://ids.clld.org/parameters/10-670>		<http://ids.clld.org/values/10-670-286-1>		"yök"@pav	
"waʰ'ta"@cof	<http://ids.clld.org/values/14-730-246-1>		<http://ids.clld.org/parameters/14-730>		<http://ids.clld.org/values/14-730-286-1>		"kawašiʔ"@pav	
"hele'lẽ"@cof	<http://ids.clld.org/values/12-610-246-1>		<http://ids.clld.org/parameters/12-610>		<http://ids.clld.org/values/12-610-286-1>		"kote ne kimain"@pav	
"'luˀba-kã"@cof	<http://ids.clld.org/values/15-660-246-3>		<http://ids.clld.org/parameters/15-660>		<http://ids.clld.org/values/15-660-286-1>		"pakaʔ"@pav	
"c̷u-no"@cof	<http://ids.clld.org/values/5-160-246-1>		<http://ids.clld.org/parameters/5-160>		<http://ids.clld.org/values/5-160-286-1>		"šok"@pav	
"c̷u-no"@cof	<http://ids.clld.org/values/5-160-246-1>		<http://ids.clld.org/parameters/5-160>		<http://ids.clld.org/values/5-160-286-3>		"šak"@pav	
"'napuʰkã"@cof	<http://ids.clld.org/values/12-590-246-1>		<http://ids.clld.org/parameters/12-590>		<http://ids.clld.org/values/12-590-286-1>		"wiyimain"@pav	
"mi'su"@cof	<http://ids.clld.org/values/4-200-246-1>		<http://ids.clld.org/parameters/4-200>		<http://ids.clld.org/values/4-200-286-1>		"winašiʔ (wayiʔ)"@pav	
"ha'ˀdõ"@cof	<http://ids.clld.org/values/15-810-246-1>		<http://ids.clld.org/parameters/15-810>		<http://ids.clld.org/values/15-810-286-3>		"taʔ man"@pav	
"ha'ˀdõ"@cof	<http://ids.clld.org/values/15-810-246-1>		<http://ids.clld.org/parameters/15-810>		<http://ids.clld.org/values/15-810-286-1>		"šite"@pav	
"ha'ˀdõ"@cof	<http://ids.clld.org/values/15-810-246-1>		<http://ids.clld.org/parameters/15-810>		<http://ids.clld.org/values/15-810-286-5>		"teʔ man"@pav	
"tu'wã"@cof	<http://ids.clld.org/values/13-210-246-1>		<http://ids.clld.org/parameters/13-210>		<http://ids.clld.org/values/13-210-286-5>		"maʔam"@pav	
"tu'wã"@cof	<http://ids.clld.org/values/13-210-246-1>		<http://ids.clld.org/parameters/13-210>		<http://ids.clld.org/values/13-210-286-3>		"moromoinʔ"@pav	
"tu'wã"@cof	<http://ids.clld.org/values/13-210-246-1>		<http://ids.clld.org/parameters/13-210>		<http://ids.clld.org/values/13-210-286-1>		"moinʔ"@pav	
"pe"@cof	<http://ids.clld.org/values/1-530-246-1>		<http://ids.clld.org/parameters/1-530>		<http://ids.clld.org/values/1-530-286-1>		"panawoʔ"@pav	
"nĩ"@cof	<http://ids.clld.org/values/1-810-246-1>		<http://ids.clld.org/parameters/1-810>		<http://ids.clld.org/values/1-810-286-1>		"še"@pav	
"'mi-no"@cof	<http://ids.clld.org/values/13-107-246-1>		<http://ids.clld.org/parameters/13-107>		<http://ids.clld.org/values/13-107-286-1>		"piyimʔ"@pav	
"teya-'ka"@cof	<http://ids.clld.org/values/15-780-246-3>		<http://ids.clld.org/parameters/15-780>		<http://ids.clld.org/values/15-780-286-1>		"šaʔ"@pav	
"ʔũ-ra-"@cof	<http://ids.clld.org/values/10-340-246-3>		<http://ids.clld.org/parameters/10-340>		<http://ids.clld.org/values/10-340-286-1>		"ho"@pav	
"ʔũ-ra-"@cof	<http://ids.clld.org/values/10-340-246-3>		<http://ids.clld.org/parameters/10-340>		<http://ids.clld.org/values/10-340-286-3>		"horoho"@pav	
"'ti-tiya"@cof	<http://ids.clld.org/values/13-181-246-1>		<http://ids.clld.org/parameters/13-181>		<http://ids.clld.org/values/13-181-286-1>		"arakaʔ"@pav	
"'lu-ˀbã"@cof	<http://ids.clld.org/values/15-660-246-1>		<http://ids.clld.org/parameters/15-660>		<http://ids.clld.org/values/15-660-286-1>		"pakaʔ"@pav	
"tuka"@cof	<http://ids.clld.org/values/12-730-246-1>		<http://ids.clld.org/parameters/12-730>		<http://ids.clld.org/values/12-730-286-1>		"ka om šone ne"@pav	
"hi'ˀda"@cof	<http://ids.clld.org/values/15-860-246-1>		<http://ids.clld.org/parameters/15-860>		<http://ids.clld.org/values/15-860-286-1>		"šio"@pav	
"hi'ˀda"@cof	<http://ids.clld.org/values/15-860-246-1>		<http://ids.clld.org/parameters/15-860>		<http://ids.clld.org/values/15-860-286-3>		"kapinʔ"@pav	
"pi-sula-no"@cof	<http://ids.clld.org/values/10-350-246-1>		<http://ids.clld.org/parameters/10-350>		<http://ids.clld.org/values/10-350-286-3>		"panʔ karakam"@pav	
"pi-sula-no"@cof	<http://ids.clld.org/values/10-350-246-1>		<http://ids.clld.org/parameters/10-350>		<http://ids.clld.org/values/10-350-286-1>		"panʔ kam"@pav	
"su"@cof	<http://ids.clld.org/values/1-440-246-1>		<http://ids.clld.org/parameters/1-440>		<http://ids.clld.org/values/1-440-286-1>		"pakun"@pav	
"mi'nu"@cof	<http://ids.clld.org/values/10-720-246-1>		<http://ids.clld.org/parameters/10-720>		<http://ids.clld.org/values/10-720-286-1>		"wana (wanayišiʔ)"@pav	
"wi'ru-ʔi-no"@cof	<http://ids.clld.org/values/12-150-246-5>		<http://ids.clld.org/parameters/12-150>		<http://ids.clld.org/values/12-150-286-1>		"tekiʔ pe"@pav	
"wi'ru-ʔi-no"@cof	<http://ids.clld.org/values/12-150-246-5>		<http://ids.clld.org/parameters/12-150>		<http://ids.clld.org/values/12-150-286-3>		"tekiʔ to"@pav	
"ki-no"@cof	<http://ids.clld.org/values/9-210-246-3>		<http://ids.clld.org/parameters/9-210>		<http://ids.clld.org/values/9-210-286-1>		"toʔ"@pav	
"pa"@cof	<http://ids.clld.org/values/16-420-246-1>		<http://ids.clld.org/parameters/16-420>		<http://ids.clld.org/values/16-420-286-1>		"manaʔ"@pav	
"ki'kaʔa-no"@cof	<http://ids.clld.org/values/20-110-246-1>		<http://ids.clld.org/parameters/20-110>		<http://ids.clld.org/values/20-110-286-1>		"mišita"@pav	
"ti-no"@cof	<http://ids.clld.org/values/18-220-246-3>		<http://ids.clld.org/parameters/18-220>		<http://ids.clld.org/values/18-220-286-1>		"tomiʔ šoʔ"@pav	
"'c̷alã"@cof	<http://ids.clld.org/values/1-215-246-1>		<http://ids.clld.org/parameters/1-215>		<http://ids.clld.org/values/1-215-286-1>		"namayi"@pav	
"sẽ"@cof	<http://ids.clld.org/values/16-730-246-1>		<http://ids.clld.org/parameters/16-730>		<http://ids.clld.org/values/16-730-286-1>		"šoʔ"@pav	
"wa'la-"@cof	<http://ids.clld.org/values/10-250-246-1>		<http://ids.clld.org/parameters/10-250>		<http://ids.clld.org/values/10-250-286-3>		"wišikaoʔ"@pav	
"wa'la-"@cof	<http://ids.clld.org/values/10-250-246-1>		<http://ids.clld.org/parameters/10-250>		<http://ids.clld.org/values/10-250-286-1>		"šin"@pav	
"na-ri"@cof	<http://ids.clld.org/values/13-170-246-3>		<http://ids.clld.org/parameters/13-170>		<http://ids.clld.org/values/13-170-286-1>		"parek"@pav	
"waʰc̷a"@cof	<http://ids.clld.org/values/3-650-246-1>		<http://ids.clld.org/parameters/3-650>		<http://ids.clld.org/values/3-650-286-1>		"hwam (hwamišiʔ)"@pav	
"yo kiˀdo"@cof	<http://ids.clld.org/values/1-510-246-1>		<http://ids.clld.org/parameters/1-510>		<http://ids.clld.org/values/1-510-286-1>		"nanawin"@pav	
"tĩpo'le-no"@cof	<http://ids.clld.org/values/10-130-246-3>		<http://ids.clld.org/parameters/10-130>		<http://ids.clld.org/values/10-130-286-1>		"yami"@pav	
"ʔa"@cof	<http://ids.clld.org/values/4-140-246-1>		<http://ids.clld.org/parameters/4-140>		<http://ids.clld.org/values/4-140-286-1>		"tenenešiʔ"@pav	
"ʔa"@cof	<http://ids.clld.org/values/4-140-246-1>		<http://ids.clld.org/parameters/4-140>		<http://ids.clld.org/values/4-140-286-3>		"tenenein (šun)"@pav	
"c̷i'de pe'le"@cof	<http://ids.clld.org/values/8-600-246-3>		<http://ids.clld.org/parameters/8-600>		<http://ids.clld.org/values/8-600-286-1>		"pana"@pav	
"'kepo-"@cof	<http://ids.clld.org/values/10-250-246-3>		<http://ids.clld.org/parameters/10-250>		<http://ids.clld.org/values/10-250-286-3>		"wišikaoʔ"@pav	
"'kepo-"@cof	<http://ids.clld.org/values/10-250-246-3>		<http://ids.clld.org/parameters/10-250>		<http://ids.clld.org/values/10-250-286-1>		"šin"@pav	
"'nakã"@cof	<http://ids.clld.org/values/12-560-246-1>		<http://ids.clld.org/parameters/12-560>		<http://ids.clld.org/values/12-560-286-1>		"wiyimain"@pav	
"c̷i'ˀde"@cof	<http://ids.clld.org/values/1-430-246-1>		<http://ids.clld.org/parameters/1-430>		<http://ids.clld.org/values/1-430-286-1>		"pana"@pav	
"ha'li-no"@cof	<http://ids.clld.org/values/4-580-246-1>		<http://ids.clld.org/parameters/4-580>		<http://ids.clld.org/values/4-580-286-1>		"kio"@pav	
"ˀba're"@cof	<http://ids.clld.org/values/12-440-246-5>		<http://ids.clld.org/parameters/12-440>		<http://ids.clld.org/values/12-440-286-1>		"pira"@pav	
"kuʰ'c̷i-no"@cof	<http://ids.clld.org/values/5-130-246-1>		<http://ids.clld.org/parameters/5-130>		<http://ids.clld.org/values/5-130-286-1>		"tok"@pav	
"kuʰ'c̷i-no"@cof	<http://ids.clld.org/values/5-130-246-1>		<http://ids.clld.org/parameters/5-130>		<http://ids.clld.org/values/5-130-286-3>		"tototok"@pav	
"ʔaʰ'tã"@cof	<http://ids.clld.org/values/15-830-246-1>		<http://ids.clld.org/parameters/15-830>		<http://ids.clld.org/values/15-830-286-1>		"šoʔ"@pav	
"ku'ra"@cof	<http://ids.clld.org/values/13-140-246-1>		<http://ids.clld.org/parameters/13-140>		<http://ids.clld.org/values/13-140-286-1>		"šam"@pav	
"su'wa"@cof	<http://ids.clld.org/values/1-750-246-1>		<http://ids.clld.org/parameters/1-750>		<http://ids.clld.org/values/1-750-286-1>		"šowiʔ"@pav	
"me'ra-no"@cof	<http://ids.clld.org/values/15-410-246-1>		<http://ids.clld.org/parameters/15-410>		<http://ids.clld.org/values/15-410-286-1>		"tarayu"@pav	
"haʰpi'su"@cof	<http://ids.clld.org/values/8-560-246-1>		<http://ids.clld.org/parameters/8-560>		<http://ids.clld.org/values/8-560-286-1>		"tenenein"@pav	
"'mi-ra-no"@cof	<http://ids.clld.org/values/17-170-246-1>		<http://ids.clld.org/parameters/17-170>		<http://ids.clld.org/values/17-170-286-1>		"tašiʔ"@pav	
"'mi-ra-no"@cof	<http://ids.clld.org/values/17-170-246-1>		<http://ids.clld.org/parameters/17-170>		<http://ids.clld.org/values/17-170-286-3>		"kerek"@pav	
"'mi-ra-no"@cof	<http://ids.clld.org/values/17-170-246-1>		<http://ids.clld.org/parameters/17-170>		<http://ids.clld.org/values/17-170-286-5>		"kerek pinʔ"@pav	
"haʰ'sa ke-no"@cof	<http://ids.clld.org/values/4-510-246-3>		<http://ids.clld.org/parameters/4-510>		<http://ids.clld.org/values/4-510-286-1>		"wereme"@pav	
"wiri'si-no"@cof	<http://ids.clld.org/values/5-480-246-1>		<http://ids.clld.org/parameters/5-480>		<http://ids.clld.org/values/5-480-286-1>		"kuruk"@pav	
"nĩ-po-no"@cof	<http://ids.clld.org/values/1-851-246-3>		<http://ids.clld.org/parameters/1-851>		<http://ids.clld.org/values/1-851-286-3>		"wiran"@pav	
"nĩ-po-no"@cof	<http://ids.clld.org/values/1-851-246-3>		<http://ids.clld.org/parameters/1-851>		<http://ids.clld.org/values/1-851-286-1>		"tom"@pav	
"nĩ-po-no"@cof	<http://ids.clld.org/values/1-851-246-3>		<http://ids.clld.org/parameters/1-851>		<http://ids.clld.org/values/1-851-286-5>		"karahoʔ"@pav	
"'naˀdẽ-kã"@cof	<http://ids.clld.org/values/12-650-246-1>		<http://ids.clld.org/parameters/12-650>		<http://ids.clld.org/values/12-650-286-1>		"šašiʔ"@pav	
"lu'li"@cof	<http://ids.clld.org/values/8-570-246-1>		<http://ids.clld.org/parameters/8-570>		<http://ids.clld.org/values/8-570-286-3>		"wiyein"@pav	
"lu'li"@cof	<http://ids.clld.org/values/8-570-246-1>		<http://ids.clld.org/parameters/8-570>		<http://ids.clld.org/values/8-570-286-1>		"piwain"@pav	
"[lamar]i"@cof	<http://ids.clld.org/values/1-320-246-1>		<http://ids.clld.org/parameters/1-320>		<http://ids.clld.org/values/1-320-286-1>		"kote ne kom"@pav	
"[animal]"@cof	<http://ids.clld.org/values/3-110-246-1>		<http://ids.clld.org/parameters/3-110>		<http://ids.clld.org/values/3-110-286-1>		"karawa"@pav	
"a Φu"@cof	<http://ids.clld.org/values/4-140-246-5>		<http://ids.clld.org/parameters/4-140>		<http://ids.clld.org/values/4-140-286-1>		"tenenešiʔ"@pav	
"a Φu"@cof	<http://ids.clld.org/values/4-140-246-5>		<http://ids.clld.org/parameters/4-140>		<http://ids.clld.org/values/4-140-286-3>		"tenenein (šun)"@pav	
