"wa pi-pi-'lu"@cof	<http://ids.clld.org/values/1-330-246-1>		<http://ids.clld.org/parameters/1-330>		<http://ids.clld.org/values/1-330-242-1>		"badõo"@mot	
"hũ-palu"@cof	<http://ids.clld.org/values/13-40-246-1>		<http://ids.clld.org/parameters/13-40>		<http://ids.clld.org/values/13-40-242-1>		"asaaridgẽ"@mot	
"'sõna-no"@cof	<http://ids.clld.org/values/4-740-246-1>		<http://ids.clld.org/parameters/4-740>		<http://ids.clld.org/values/4-740-242-3>		"baɨgbari"@mot	
"'sõna-no"@cof	<http://ids.clld.org/values/4-740-246-1>		<http://ids.clld.org/parameters/4-740>		<http://ids.clld.org/values/4-740-242-1>		"dobaɨgbari"@mot	
"ˀboʰ'te"@cof	<http://ids.clld.org/values/4-351-246-1>		<http://ids.clld.org/parameters/4-351>		<http://ids.clld.org/values/4-351-242-1>		"bibīī"@mot	
"mu'mũ"@cof	<http://ids.clld.org/values/18-280-246-1>		<http://ids.clld.org/parameters/18-280>		<http://ids.clld.org/values/18-280-242-1>		"aa"@mot	
"sẽ"@cof	<http://ids.clld.org/values/4-830-246-1>		<http://ids.clld.org/parameters/4-830>		<http://ids.clld.org/values/4-830-242-1>		"sabah"@mot	
"ʔoh'tõ-koro"@cof	<http://ids.clld.org/values/3-840-246-1>		<http://ids.clld.org/parameters/3-840>		<http://ids.clld.org/values/3-840-242-1>		"iširabaa"@mot	
"c̷iʰ'ke"@cof	<http://ids.clld.org/values/2-910-246-3>		<http://ids.clld.org/parameters/2-910>		<http://ids.clld.org/values/2-910-242-1>		"nãi"@mot	
"puʰ'ka"@cof	<http://ids.clld.org/values/8-311-246-3>		<http://ids.clld.org/parameters/8-311>		<http://ids.clld.org/values/8-311-242-1>		"ahḳooḳbah"@mot	
"su'su"@cof	<http://ids.clld.org/values/3-610-246-1>		<http://ids.clld.org/parameters/3-610>		<http://ids.clld.org/values/3-610-242-1>		"ḍuraaba"@mot	
"to"@cof	<http://ids.clld.org/values/1-100-246-1>		<http://ids.clld.org/parameters/1-100>		<http://ids.clld.org/values/1-100-242-1>		"ihtãã"@mot	
"heʔu"@cof	<http://ids.clld.org/values/4-521-246-1>		<http://ids.clld.org/parameters/4-521>		<http://ids.clld.org/values/4-521-242-1>		"buyakaɨ"@mot	
"kuʰ'ta-pe"@cof	<http://ids.clld.org/values/7-570-246-1>		<http://ids.clld.org/parameters/7-570>		<http://ids.clld.org/values/7-570-242-1>		"kaayābaī"@mot	
"ʔaʰ'sã"@cof	<http://ids.clld.org/values/4-150-246-1>		<http://ids.clld.org/parameters/4-150>		<http://ids.clld.org/values/4-150-242-1>		"aabi"@mot	
"'parĩki"@cof	<http://ids.clld.org/values/3-584-246-1>		<http://ids.clld.org/parameters/3-584>		<http://ids.clld.org/values/3-584-242-1>		"banko"@mot	
"'kũta"@cof	<http://ids.clld.org/values/1-560-246-1>		<http://ids.clld.org/parameters/1-560>		<http://ids.clld.org/values/1-560-242-1>		"bihdāri"@mot	
"mã"@cof	<http://ids.clld.org/values/13-10-246-1>		<http://ids.clld.org/parameters/13-10>		<http://ids.clld.org/values/13-10-242-1>		"ĩĩtoupʔ"@mot	
"kuwa-no"@cof	<http://ids.clld.org/values/11-210-246-1>		<http://ids.clld.org/parameters/11-210>		<http://ids.clld.org/values/11-210-242-1>		"iiran"@mot	
"ʔuwã"@cof	<http://ids.clld.org/values/12-550-246-3>		<http://ids.clld.org/parameters/12-550>		<http://ids.clld.org/values/12-550-242-1>		"aabii"@mot	
"'c̷u-no"@cof	<http://ids.clld.org/values/12-130-246-1>		<http://ids.clld.org/parameters/12-130>		<http://ids.clld.org/values/12-130-242-1>		"kaani"@mot	
"'kiˀdo"@cof	<http://ids.clld.org/values/4-120-246-1>		<http://ids.clld.org/parameters/4-120>		<http://ids.clld.org/values/4-120-242-1>		"aɨgšuu"@mot	
"'walpa"@cof	<http://ids.clld.org/values/3-540-246-1>		<http://ids.clld.org/parameters/3-540>		<http://ids.clld.org/values/3-540-242-1>		"kari"@mot	
"lu'we-no"@cof	<http://ids.clld.org/values/5-181-246-1>		<http://ids.clld.org/parameters/5-181>		<http://ids.clld.org/values/5-181-242-1>		"kurī"@mot	
"po'yo"@cof	<http://ids.clld.org/values/1-730-246-1>		<http://ids.clld.org/parameters/1-730>		<http://ids.clld.org/values/1-730-242-1>		"nindihkɨ"@mot	
"'c̷oc̷o"@cof	<http://ids.clld.org/values/5-124-246-3>		<http://ids.clld.org/parameters/5-124>		<http://ids.clld.org/values/5-124-242-1>		"tahta"@mot	
"naʰ'ka"@cof	<http://ids.clld.org/values/12-560-246-3>		<http://ids.clld.org/parameters/12-560>		<http://ids.clld.org/values/12-560-242-3>		"ihtoo"@mot	
"naʰ'ka"@cof	<http://ids.clld.org/values/12-560-246-3>		<http://ids.clld.org/parameters/12-560>		<http://ids.clld.org/values/12-560-242-1>		"baakaĩ"@mot	
"la'yũ"@cof	<http://ids.clld.org/values/15-770-246-1>		<http://ids.clld.org/parameters/15-770>		<http://ids.clld.org/values/15-770-242-1>		"dyibakaari"@mot	
"kilĩ'c̷i c̷i'ˀde"@cof	<http://ids.clld.org/values/4-162-246-1>		<http://ids.clld.org/parameters/4-162>		<http://ids.clld.org/values/4-162-242-1>		"ačičinda"@mot	
"ka'rã"@cof	<http://ids.clld.org/values/3-818-246-1>		<http://ids.clld.org/parameters/3-818>		<http://ids.clld.org/values/3-818-242-1>		"sōhsõ"@mot	
"tẽka ka-no"@cof	<http://ids.clld.org/values/17-130-246-1>		<http://ids.clld.org/parameters/17-130>		<http://ids.clld.org/values/17-130-242-1>		"yaamitdoḳaani"@mot	
"'keʔere-ʔi-no"@cof	<http://ids.clld.org/values/10-230-246-1>		<http://ids.clld.org/parameters/10-230>		<http://ids.clld.org/values/10-230-242-1>		"baɨgkirakbã"@mot	
"c̷oʰc̷o na"@cof	<http://ids.clld.org/values/2-280-246-1>		<http://ids.clld.org/parameters/2-280>		<http://ids.clld.org/values/2-280-242-1>		"bahkuī"@mot	
"'c̷aʰc̷i-ka"@cof	<http://ids.clld.org/values/4-130-246-1>		<http://ids.clld.org/parameters/4-130>		<http://ids.clld.org/values/4-130-242-1>		"šungbāa"@mot	
"wiʰ'ta"@cof	<http://ids.clld.org/values/8-130-246-1>		<http://ids.clld.org/parameters/8-130>		<http://ids.clld.org/values/8-130-242-1>		"dogbah"@mot	
"'ˀbẽˀbe"@cof	<http://ids.clld.org/values/12-630-246-1>		<http://ids.clld.org/parameters/12-630>		<http://ids.clld.org/values/12-630-242-1>		"aabi"@mot	
"pa'ya"@cof	<http://ids.clld.org/values/3-730-246-1>		<http://ids.clld.org/parameters/3-730>		<http://ids.clld.org/values/3-730-242-1>		"sabā́idakū"@mot	
"ʔiʰ'sã"@cof	<http://ids.clld.org/values/15-860-246-3>		<http://ids.clld.org/parameters/15-860>		<http://ids.clld.org/values/15-860-242-1>		"tɨɨšini"@mot	
"ˀbeʰ'tẽˀde"@cof	<http://ids.clld.org/values/4-190-246-1>		<http://ids.clld.org/parameters/4-190>		<http://ids.clld.org/values/4-190-242-1>		"kwĩ"@mot	
"ʔoʰ'Φo-ke-no"@cof	<http://ids.clld.org/values/4-530-246-1>		<http://ids.clld.org/parameters/4-530>		<http://ids.clld.org/values/4-530-242-1>		"irohbāh"@mot	
"'kuni ki-"@cof	<http://ids.clld.org/values/4-215-246-1>		<http://ids.clld.org/parameters/4-215>		<http://ids.clld.org/values/4-215-242-1>		"oogškegškeg"@mot	
"paʰ'tarã"@cof	<http://ids.clld.org/values/7-540-246-1>		<http://ids.clld.org/parameters/7-540>		<http://ids.clld.org/values/7-540-242-1>		"dāabara"@mot	
"kuʰ'pe"@cof	<http://ids.clld.org/values/8-540-246-3>		<http://ids.clld.org/parameters/8-540>		<http://ids.clld.org/values/8-540-242-1>		"ašišĩĩ"@mot	
"pore-no"@cof	<http://ids.clld.org/values/9-220-246-1>		<http://ids.clld.org/parameters/9-220>		<http://ids.clld.org/values/9-220-242-1>		"aɨgdaḳan"@mot	
"si'nuka"@cof	<http://ids.clld.org/values/2-471-246-1>		<http://ids.clld.org/parameters/2-471>		<http://ids.clld.org/values/2-471-242-1>		"šibabiō"@mot	
"torĩ-'kã"@cof	<http://ids.clld.org/values/12-810-246-1>		<http://ids.clld.org/parameters/12-810>		<http://ids.clld.org/values/12-810-242-1>		"biroorwai"@mot	
"te'lĩ"@cof	<http://ids.clld.org/values/3-832-246-1>		<http://ids.clld.org/parameters/3-832>		<http://ids.clld.org/values/3-832-242-1>		"iširigbi"@mot	
"loʰsĩ-ˀbã"@cof	<http://ids.clld.org/values/15-680-246-1>		<http://ids.clld.org/parameters/15-680>		<http://ids.clld.org/values/15-680-242-1>		"bireikara"@mot	
"po'yo"@cof	<http://ids.clld.org/values/1-740-246-1>		<http://ids.clld.org/parameters/1-740>		<http://ids.clld.org/values/1-740-242-1>		"boraaba"@mot	
"ki'ya"@cof	<http://ids.clld.org/values/2-630-246-1>		<http://ids.clld.org/parameters/2-630>		<http://ids.clld.org/values/2-630-242-1>		"inaikāsa"@mot	
"ki'ra-no"@cof	<http://ids.clld.org/values/15-510-246-1>		<http://ids.clld.org/parameters/15-510>		<http://ids.clld.org/values/15-510-242-1>		"maadyi"@mot	
"ʔaʰ'c̷ĩ-ke-no"@cof	<http://ids.clld.org/values/4-540-246-1>		<http://ids.clld.org/parameters/4-540>		<http://ids.clld.org/values/4-540-242-1>		"ahtrušū"@mot	
"ʔu'nila na"@cof	<http://ids.clld.org/values/2-250-246-1>		<http://ids.clld.org/parameters/2-250>		<http://ids.clld.org/values/2-250-242-1>		"saaši"@mot	
"ya-'la"@cof	<http://ids.clld.org/values/2-960-246-1>		<http://ids.clld.org/parameters/2-960>		<http://ids.clld.org/values/2-960-242-1>		"oračidyi"@mot	
"sẽ-nã"@cof	<http://ids.clld.org/values/4-830-246-3>		<http://ids.clld.org/parameters/4-830>		<http://ids.clld.org/values/4-830-242-1>		"sabah"@mot	
"'suʰpã"@cof	<http://ids.clld.org/values/3-591-246-1>		<http://ids.clld.org/parameters/3-591>		<http://ids.clld.org/values/3-591-242-1>		"dohdōngba"@mot	
"'kũta 'pĩda"@cof	<http://ids.clld.org/values/1-550-246-1>		<http://ids.clld.org/parameters/1-550>		<http://ids.clld.org/values/1-550-242-1>		"dyibahdū"@mot	
"hira'le"@cof	<http://ids.clld.org/values/13-140-246-5>		<http://ids.clld.org/parameters/13-140>		<http://ids.clld.org/values/13-140-242-1>		"ĩĩški"@mot	
"c̷ã'pa"@cof	<http://ids.clld.org/values/6-120-246-1>		<http://ids.clld.org/parameters/6-120>		<http://ids.clld.org/values/6-120-242-1>		"duksā"@mot	
"ta'mo"@cof	<http://ids.clld.org/values/7-270-246-1>		<http://ids.clld.org/parameters/7-270>		<http://ids.clld.org/values/7-270-242-1>		"kakabubumai"@mot	
"mu'ˀdu"@cof	<http://ids.clld.org/values/1-214-246-1>		<http://ids.clld.org/parameters/1-214>		<http://ids.clld.org/values/1-214-242-1>		"barā"@mot	
"pele-c̷i"@cof	<http://ids.clld.org/values/12-30-246-1>		<http://ids.clld.org/parameters/12-30>		<http://ids.clld.org/values/12-30-242-1>		"roradi"@mot	
"'mã-te"@cof	<http://ids.clld.org/values/13-50-246-1>		<http://ids.clld.org/parameters/13-50>		<http://ids.clld.org/values/13-50-242-1>		"aḳdu inški"@mot	
"ʔi'li-po-no"@cof	<http://ids.clld.org/values/9-310-246-1>		<http://ids.clld.org/parameters/9-310>		<http://ids.clld.org/values/9-310-242-1>		"dyuug-dyug"@mot	
"lu'we-"@cof	<http://ids.clld.org/values/10-320-246-1>		<http://ids.clld.org/parameters/10-320>		<http://ids.clld.org/values/10-320-242-1>		"širurũ otaḳbari"@mot	
"ˀdo'ni"@cof	<http://ids.clld.org/values/4-250-246-1>		<http://ids.clld.org/parameters/4-250>		<http://ids.clld.org/values/4-250-242-1>		"kaḳšu"@mot	
"wane-no"@cof	<http://ids.clld.org/values/9-220-246-3>		<http://ids.clld.org/parameters/9-220>		<http://ids.clld.org/values/9-220-242-1>		"aɨgdaḳan"@mot	
"'c̷iˀbã"@cof	<http://ids.clld.org/values/15-850-246-1>		<http://ids.clld.org/parameters/15-850>		<http://ids.clld.org/values/15-850-242-3>		"asaašini"@mot	
"'c̷iˀbã"@cof	<http://ids.clld.org/values/15-850-246-1>		<http://ids.clld.org/parameters/15-850>		<http://ids.clld.org/values/15-850-242-1>		"asãã"@mot	
"ʔonpi"@cof	<http://ids.clld.org/values/3-980-246-1>		<http://ids.clld.org/parameters/3-980>		<http://ids.clld.org/values/3-980-242-1>		"dãšũ"@mot	
"pi muʰke-no"@cof	<http://ids.clld.org/values/5-150-246-1>		<http://ids.clld.org/parameters/5-150>		<http://ids.clld.org/values/5-150-242-1>		"šimasara"@mot	
"mãpi"@cof	<http://ids.clld.org/values/2-511-246-1>		<http://ids.clld.org/parameters/2-511>		<http://ids.clld.org/values/2-511-242-3>		"abāma akbaĩ"@mot	
"mãpi"@cof	<http://ids.clld.org/values/2-511-246-1>		<http://ids.clld.org/parameters/2-511>		<http://ids.clld.org/values/2-511-242-1>		"aisī okarā"@mot	
"ku-pi"@cof	<http://ids.clld.org/values/5-860-246-1>		<http://ids.clld.org/parameters/5-860>		<http://ids.clld.org/values/5-860-242-1>		"ahtuu"@mot	
"piʰ'pa"@cof	<http://ids.clld.org/values/1-214-246-3>		<http://ids.clld.org/parameters/1-214>		<http://ids.clld.org/values/1-214-242-1>		"barā"@mot	
"Φi-ʰ'ˀbã"@cof	<http://ids.clld.org/values/15-640-246-1>		<http://ids.clld.org/parameters/15-640>		<http://ids.clld.org/values/15-640-242-1>		"bačii"@mot	
"Φi-ʰ'ˀbã"@cof	<http://ids.clld.org/values/15-640-246-1>		<http://ids.clld.org/parameters/15-640>		<http://ids.clld.org/values/15-640-242-3>		"bačiini"@mot	
"'suyũ"@cof	<http://ids.clld.org/values/1-590-246-1>		<http://ids.clld.org/parameters/1-590>		<http://ids.clld.org/values/1-590-242-1>		"kajdō"@mot	
"tuwa-no"@cof	<http://ids.clld.org/values/4-853-246-1>		<http://ids.clld.org/parameters/4-853>		<http://ids.clld.org/values/4-853-242-1>		"ayrãã"@mot	
"mi'su c̷i'ˀde"@cof	<http://ids.clld.org/values/4-202-246-1>		<http://ids.clld.org/parameters/4-202>		<http://ids.clld.org/values/4-202-242-1>		"sākba kalā"@mot	
"ʔoro-'no"@cof	<http://ids.clld.org/values/6-350-246-1>		<http://ids.clld.org/parameters/6-350>		<http://ids.clld.org/values/6-350-242-1>		"oḳdyikããn"@mot	
"panu"@cof	<http://ids.clld.org/values/6-120-246-3>		<http://ids.clld.org/parameters/6-120>		<http://ids.clld.org/values/6-120-242-1>		"duksā"@mot	
"peʰtẽ-no"@cof	<http://ids.clld.org/values/5-125-246-3>		<http://ids.clld.org/parameters/5-125>		<http://ids.clld.org/values/5-125-242-1>		"ããnta"@mot	
"ʔa'no"@cof	<http://ids.clld.org/values/5-120-246-1>		<http://ids.clld.org/parameters/5-120>		<http://ids.clld.org/values/5-120-242-1>		"kāraba"@mot	
"pe'mã"@cof	<http://ids.clld.org/values/13-30-246-1>		<http://ids.clld.org/parameters/13-30>		<http://ids.clld.org/values/13-30-242-3>		"bitentoḳou"@mot	
"pe'mã"@cof	<http://ids.clld.org/values/13-30-246-1>		<http://ids.clld.org/parameters/13-30>		<http://ids.clld.org/values/13-30-242-1>		"tentoḳou"@mot	
"meʰ'se"@cof	<http://ids.clld.org/values/3-620-246-1>		<http://ids.clld.org/parameters/3-620>		<http://ids.clld.org/values/3-620-242-1>		"biangbiā"@mot	
"ya"@cof	<http://ids.clld.org/values/2-930-246-1>		<http://ids.clld.org/parameters/2-930>		<http://ids.clld.org/values/2-930-242-1>		"oobãi"@mot	
"na-ˀdẽ"@cof	<http://ids.clld.org/values/12-620-246-1>		<http://ids.clld.org/parameters/12-620>		<http://ids.clld.org/values/12-620-242-1>		"bwaikaan"@mot	
"c̷arã"@cof	<http://ids.clld.org/values/16-710-246-5>		<http://ids.clld.org/parameters/16-710>		<http://ids.clld.org/values/16-710-242-1>		"sasaaini"@mot	
"c̷arã"@cof	<http://ids.clld.org/values/16-710-246-5>		<http://ids.clld.org/parameters/16-710>		<http://ids.clld.org/values/16-710-242-3>		"sabaini"@mot	
"ni"@cof	<http://ids.clld.org/values/5-710-246-5>		<http://ids.clld.org/parameters/5-710>		<http://ids.clld.org/values/5-710-242-1>		"kaaraba"@mot	
"nu"@cof	<http://ids.clld.org/values/2-920-246-1>		<http://ids.clld.org/parameters/2-920>		<http://ids.clld.org/values/2-920-242-1>		"bai"@mot	
"laʰ'pa"@cof	<http://ids.clld.org/values/8-510-246-3>		<http://ids.clld.org/parameters/8-510>		<http://ids.clld.org/values/8-510-242-1>		"ši"@mot	
"wa te-mi'su"@cof	<http://ids.clld.org/values/4-342-246-1>		<http://ids.clld.org/parameters/4-342>		<http://ids.clld.org/values/4-342-242-1>		"abi kiokbā"@mot	
"pi"@cof	<http://ids.clld.org/values/1-360-246-1>		<http://ids.clld.org/parameters/1-360>		<http://ids.clld.org/values/1-360-242-1>		"bohgī"@mot	
"Φo'ro"@cof	<http://ids.clld.org/values/1-280-246-1>		<http://ids.clld.org/parameters/1-280>		<http://ids.clld.org/values/1-280-242-1>		"akdō"@mot	
"c̷a"@cof	<http://ids.clld.org/values/16-730-246-3>		<http://ids.clld.org/parameters/16-730>		<http://ids.clld.org/values/16-730-242-1>		"ããkai"@mot	
"'liki"@cof	<http://ids.clld.org/values/3-653-246-1>		<http://ids.clld.org/parameters/3-653>		<http://ids.clld.org/values/3-653-242-1>		"ataktā"@mot	
"'nena-no"@cof	<http://ids.clld.org/values/10-450-246-1>		<http://ids.clld.org/parameters/10-450>		<http://ids.clld.org/values/10-450-242-1>		"nyũ"@mot	
"ku'wa"@cof	<http://ids.clld.org/values/6-240-246-1>		<http://ids.clld.org/parameters/6-240>		<http://ids.clld.org/values/6-240-242-1>		"kalã"@mot	
"te'yoˀde"@cof	<http://ids.clld.org/values/4-209-246-1>		<http://ids.clld.org/parameters/4-209>		<http://ids.clld.org/values/4-209-242-1>		"kakā adyi"@mot	
"nu'wiri"@cof	<http://ids.clld.org/values/12-440-246-1>		<http://ids.clld.org/parameters/12-440>		<http://ids.clld.org/values/12-440-242-1>		"iitčikiri"@mot	
"tile"@cof	<http://ids.clld.org/values/17-660-246-3>		<http://ids.clld.org/parameters/17-660>		<http://ids.clld.org/values/17-660-242-1>		"abããhã"@mot	
"siʰ'ta"@cof	<http://ids.clld.org/values/6-340-246-1>		<http://ids.clld.org/parameters/6-340>		<http://ids.clld.org/values/6-340-242-1>		"kāna"@mot	
"to pũ"@cof	<http://ids.clld.org/values/15-880-246-3>		<http://ids.clld.org/parameters/15-880>		<http://ids.clld.org/values/15-880-242-1>		"baidaani"@mot	
"paʰtumĩ"@cof	<http://ids.clld.org/values/4-960-246-1>		<http://ids.clld.org/parameters/4-960>		<http://ids.clld.org/values/4-960-242-1>		"arikbā"@mot	
"'para"@cof	<http://ids.clld.org/values/3-320-246-1>		<http://ids.clld.org/parameters/3-320>		<http://ids.clld.org/values/3-320-242-1>		"bisao"@mot	
"mo"@cof	<http://ids.clld.org/values/17-680-246-1>		<http://ids.clld.org/parameters/17-680>		<http://ids.clld.org/values/17-680-242-1>		"ããmai"@mot	
"la'yũ to"@cof	<http://ids.clld.org/values/1-230-246-1>		<http://ids.clld.org/parameters/1-230>		<http://ids.clld.org/values/1-230-242-1>		"bẽa"@mot	
"'ʔa-"@cof	<http://ids.clld.org/values/5-210-246-1>		<http://ids.clld.org/parameters/5-210>		<http://ids.clld.org/values/5-210-242-1>		"binasa"@mot	
"ta'rã"@cof	<http://ids.clld.org/values/5-712-246-1>		<http://ids.clld.org/parameters/5-712>		<http://ids.clld.org/values/5-712-242-1>		"kãširukū"@mot	
"'sõ-kari-no"@cof	<http://ids.clld.org/values/4-630-246-1>		<http://ids.clld.org/parameters/4-630>		<http://ids.clld.org/values/4-630-242-1>		"kiārusa"@mot	
"ne'ne"@cof	<http://ids.clld.org/values/16-670-246-1>		<http://ids.clld.org/parameters/16-670>		<http://ids.clld.org/values/16-670-242-1>		"aakčirokwã"@mot	
"yo"@cof	<http://ids.clld.org/values/1-520-246-1>		<http://ids.clld.org/parameters/1-520>		<http://ids.clld.org/values/1-520-242-1>		"nyaa"@mot	
"te"@cof	<http://ids.clld.org/values/1-880-246-1>		<http://ids.clld.org/parameters/1-880>		<http://ids.clld.org/values/1-880-242-1>		"kaa"@mot	
"tẽ-ka ni"@cof	<http://ids.clld.org/values/4-440-246-3>		<http://ids.clld.org/parameters/4-440>		<http://ids.clld.org/values/4-440-242-1>		"aḳbadyĩĩ"@mot	
"teˀde ˀbũka"@cof	<http://ids.clld.org/values/4-321-246-1>		<http://ids.clld.org/parameters/4-321>		<http://ids.clld.org/values/4-321-242-1>		"aḳduu obāā"@mot	
"kaʰ'ka kiˀdo"@cof	<http://ids.clld.org/values/4-213-246-1>		<http://ids.clld.org/parameters/4-213>		<http://ids.clld.org/values/4-213-242-1>		"ōwahšū"@mot	
"piʰte-no"@cof	<http://ids.clld.org/values/5-230-246-5>		<http://ids.clld.org/parameters/5-230>		<http://ids.clld.org/values/5-230-242-1>		"yoobī"@mot	
"po-no"@cof	<http://ids.clld.org/values/6-110-246-1>		<http://ids.clld.org/parameters/6-110>		<http://ids.clld.org/values/6-110-242-1>		"kāasa"@mot	
"te'le-no"@cof	<http://ids.clld.org/values/9-160-246-1>		<http://ids.clld.org/parameters/9-160>		<http://ids.clld.org/values/9-160-242-1>		"yuukããn"@mot	
"me'le"@cof	<http://ids.clld.org/values/3-320-246-3>		<http://ids.clld.org/parameters/3-320>		<http://ids.clld.org/values/3-320-242-1>		"bisao"@mot	
"ho'wĩ po-no"@cof	<http://ids.clld.org/values/4-680-246-1>		<http://ids.clld.org/parameters/4-680>		<http://ids.clld.org/values/4-680-242-1>		"dikdeira"@mot	
"c̷i'na"@cof	<http://ids.clld.org/values/3-820-246-1>		<http://ids.clld.org/parameters/3-820>		<http://ids.clld.org/values/3-820-242-1>		"myaa"@mot	
"nu-'la"@cof	<http://ids.clld.org/values/2-950-246-1>		<http://ids.clld.org/parameters/2-950>		<http://ids.clld.org/values/2-950-242-1>		"bidyi"@mot	
"kaʰ'c̷i"@cof	<http://ids.clld.org/values/4-170-246-1>		<http://ids.clld.org/parameters/4-170>		<http://ids.clld.org/values/4-170-242-1>		"abuiroḳdo"@mot	
"kaʰ'c̷i"@cof	<http://ids.clld.org/values/4-170-246-1>		<http://ids.clld.org/parameters/4-170>		<http://ids.clld.org/values/4-170-242-3>		"ačikbi"@mot	
"mu"@cof	<http://ids.clld.org/values/3-811-246-1>		<http://ids.clld.org/parameters/3-811>		<http://ids.clld.org/values/3-811-242-1>		"kuu"@mot	
"wi'ru-ra-"@cof	<http://ids.clld.org/values/12-150-246-3>		<http://ids.clld.org/parameters/12-150>		<http://ids.clld.org/values/12-150-242-1>		"bikigbisaa"@mot	
"piʰ'ta"@cof	<http://ids.clld.org/values/4-854-246-1>		<http://ids.clld.org/parameters/4-854>		<http://ids.clld.org/values/4-854-242-1>		"alošīni"@mot	
"piya-no"@cof	<http://ids.clld.org/values/4-750-246-1>		<http://ids.clld.org/parameters/4-750>		<http://ids.clld.org/values/4-750-242-1>		"širɨ̃ aḳbaikãng"@mot	
"te-paʰ'pa"@cof	<http://ids.clld.org/values/4-331-246-1>		<http://ids.clld.org/parameters/4-331>		<http://ids.clld.org/values/4-331-242-1>		"aḳduu būgda"@mot	
"ʔu'nila"@cof	<http://ids.clld.org/values/2-210-246-1>		<http://ids.clld.org/parameters/2-210>		<http://ids.clld.org/values/2-210-242-1>		"la"@mot	
"c̷i'ˀde"@cof	<http://ids.clld.org/values/4-160-246-1>		<http://ids.clld.org/parameters/4-160>		<http://ids.clld.org/values/4-160-242-1>		"ahkara"@mot	
"tamo-lã-n"@cof	<http://ids.clld.org/values/7-220-246-1>		<http://ids.clld.org/parameters/7-220>		<http://ids.clld.org/values/7-220-242-1>		"unkušū"@mot	
"lu-no"@cof	<http://ids.clld.org/values/1-851-246-1>		<http://ids.clld.org/parameters/1-851>		<http://ids.clld.org/values/1-851-242-1>		"dyoosaḳãn"@mot	
"'pãc̷i"@cof	<http://ids.clld.org/values/4-300-246-1>		<http://ids.clld.org/parameters/4-300>		<http://ids.clld.org/values/4-300-242-1>		"bahdoo"@mot	
"pi'ni"@cof	<http://ids.clld.org/values/3-850-246-1>		<http://ids.clld.org/parameters/3-850>		<http://ids.clld.org/values/3-850-242-1>		"čiidu"@mot	
"ˀdi'la-"@cof	<http://ids.clld.org/values/9-343-246-1>		<http://ids.clld.org/parameters/9-343>		<http://ids.clld.org/values/9-343-242-1>		"saɨng-saing"@mot	
"mu'lu"@cof	<http://ids.clld.org/values/5-791-246-1>		<http://ids.clld.org/parameters/5-791>		<http://ids.clld.org/values/5-791-242-1>		"ahtooto"@mot	
"ʔa'yãn-kã"@cof	<http://ids.clld.org/values/12-610-246-3>		<http://ids.clld.org/parameters/12-610>		<http://ids.clld.org/values/12-610-242-1>		"yookari"@mot	
"'kayã"@cof	<http://ids.clld.org/values/2-440-246-3>		<http://ids.clld.org/parameters/2-440>		<http://ids.clld.org/values/2-440-242-1>		"asari"@mot	
"sa'na"@cof	<http://ids.clld.org/values/5-122-246-1>		<http://ids.clld.org/parameters/5-122>		<http://ids.clld.org/values/5-122-242-1>		"tagta"@mot	
"mãpi"@cof	<http://ids.clld.org/values/2-512-246-1>		<http://ids.clld.org/parameters/2-512>		<http://ids.clld.org/values/2-512-242-1>		"aisī okarā"@mot	
"[pã'lõn]"@cof	<http://ids.clld.org/values/6-480-246-1>		<http://ids.clld.org/parameters/6-480>		<http://ids.clld.org/values/6-480-242-1>		"ašiõkba"@mot	
"ʔa"@cof	<http://ids.clld.org/values/4-145-246-1>		<http://ids.clld.org/parameters/4-145>		<http://ids.clld.org/values/4-145-242-1>		"bakači"@mot	
"lũ"@cof	<http://ids.clld.org/values/5-123-246-1>		<http://ids.clld.org/parameters/5-123>		<http://ids.clld.org/values/5-123-242-1>		"kibūuni"@mot	
"ni'ˀda"@cof	<http://ids.clld.org/values/5-260-246-1>		<http://ids.clld.org/parameters/5-260>		<http://ids.clld.org/values/5-260-242-1>		"bašikalai"@mot	
"ne-ˀbolõ"@cof	<http://ids.clld.org/values/4-360-246-1>		<http://ids.clld.org/parameters/4-360>		<http://ids.clld.org/values/4-360-242-1>		"obãã"@mot	
"'neˀde 'ˀbũ"@cof	<http://ids.clld.org/values/4-371-246-3>		<http://ids.clld.org/parameters/4-371>		<http://ids.clld.org/values/4-371-242-1>		"kiokbā karikāa"@mot	
"wa'ne-po-no"@cof	<http://ids.clld.org/values/9-220-246-5>		<http://ids.clld.org/parameters/9-220>		<http://ids.clld.org/values/9-220-242-1>		"aɨgdaḳan"@mot	
"kaʰ'ka"@cof	<http://ids.clld.org/values/4-210-246-1>		<http://ids.clld.org/parameters/4-210>		<http://ids.clld.org/values/4-210-242-3>		"oošubi"@mot	
"kaʰ'ka"@cof	<http://ids.clld.org/values/4-210-246-1>		<http://ids.clld.org/parameters/4-210>		<http://ids.clld.org/values/4-210-242-1>		"oo"@mot	
"teˀde ˀbũ-ka"@cof	<http://ids.clld.org/values/4-320-246-1>		<http://ids.clld.org/parameters/4-320>		<http://ids.clld.org/values/4-320-242-1>		"obāā"@mot	
"'maʰte"@cof	<http://ids.clld.org/values/3-970-246-1>		<http://ids.clld.org/parameters/3-970>		<http://ids.clld.org/values/3-970-242-1>		"kantā"@mot	
"ka"@cof	<http://ids.clld.org/values/5-710-246-3>		<http://ids.clld.org/parameters/5-710>		<http://ids.clld.org/values/5-710-242-1>		"kaaraba"@mot	
"ʔi'su"@cof	<http://ids.clld.org/values/3-930-246-1>		<http://ids.clld.org/parameters/3-930>		<http://ids.clld.org/values/3-930-242-1>		"bĩbi"@mot	
"tu"@cof	<http://ids.clld.org/values/12-730-246-3>		<http://ids.clld.org/parameters/12-730>		<http://ids.clld.org/values/12-730-242-1>		"biiki"@mot	
"c̷a nã-c̷i"@cof	<http://ids.clld.org/values/12-410-246-1>		<http://ids.clld.org/parameters/12-410>		<http://ids.clld.org/values/12-410-242-1>		"ããkai"@mot	
"numa'si"@cof	<http://ids.clld.org/values/17-650-246-1>		<http://ids.clld.org/parameters/17-650>		<http://ids.clld.org/values/17-650-242-1>		"aaibi"@mot	
"si'nuka"@cof	<http://ids.clld.org/values/14-150-246-3>		<http://ids.clld.org/parameters/14-150>		<http://ids.clld.org/values/14-150-242-1>		"saatdau"@mot	
"na pũ"@cof	<http://ids.clld.org/values/4-730-246-1>		<http://ids.clld.org/parameters/4-730>		<http://ids.clld.org/values/4-730-242-1>		"bugdama"@mot	
"mã'ku"@cof	<http://ids.clld.org/values/2-522-246-1>		<http://ids.clld.org/parameters/2-522>		<http://ids.clld.org/values/2-522-242-1>		"ataida si"@mot	
"ha'la"@cof	<http://ids.clld.org/values/3-823-246-1>		<http://ids.clld.org/parameters/3-823>		<http://ids.clld.org/values/3-823-242-1>		"bašinši"@mot	
"ʔaʰ'pa"@cof	<http://ids.clld.org/values/2-350-246-1>		<http://ids.clld.org/parameters/2-350>		<http://ids.clld.org/values/2-350-242-1>		"aataida"@mot	
"ˀboʰ'pi"@cof	<http://ids.clld.org/values/3-622-246-1>		<http://ids.clld.org/parameters/3-622>		<http://ids.clld.org/values/3-622-242-1>		"kahkū"@mot	
"la"@cof	<http://ids.clld.org/values/2-910-246-1>		<http://ids.clld.org/parameters/2-910>		<http://ids.clld.org/values/2-910-242-1>		"nãi"@mot	
"'na-ʔi-no"@cof	<http://ids.clld.org/values/4-720-246-1>		<http://ids.clld.org/parameters/4-720>		<http://ids.clld.org/values/4-720-242-1>		"šo"@mot	
"to towa-no"@cof	<http://ids.clld.org/values/8-220-246-1>		<http://ids.clld.org/parameters/8-220>		<http://ids.clld.org/values/8-220-242-1>		"okdyikããn"@mot	
"ne'ne pa-no"@cof	<http://ids.clld.org/values/16-670-246-3>		<http://ids.clld.org/parameters/16-670>		<http://ids.clld.org/values/16-670-242-1>		"aakčirokwã"@mot	
"ˀdu"@cof	<http://ids.clld.org/values/1-220-246-1>		<http://ids.clld.org/parameters/1-220>		<http://ids.clld.org/values/1-220-242-1>		"dyɨra"@mot	
"palu-'ka"@cof	<http://ids.clld.org/values/13-20-246-3>		<http://ids.clld.org/parameters/13-20>		<http://ids.clld.org/values/13-20-242-1>		"ĩĩsaami"@mot	
"'Φi-"@cof	<http://ids.clld.org/values/5-110-246-1>		<http://ids.clld.org/parameters/5-110>		<http://ids.clld.org/values/5-110-242-1>		"karabaseɨba"@mot	
"mu'ˀdu"@cof	<http://ids.clld.org/values/1-380-246-1>		<http://ids.clld.org/parameters/1-380>		<http://ids.clld.org/values/1-380-242-1>		"barona"@mot	
"'a-suwa-no"@cof	<http://ids.clld.org/values/5-210-246-5>		<http://ids.clld.org/parameters/5-210>		<http://ids.clld.org/values/5-210-242-1>		"binasa"@mot	
"ʔo'nika ~ ʔu'nika"@cof	<http://ids.clld.org/values/2-461-246-1>		<http://ids.clld.org/parameters/2-461>		<http://ids.clld.org/values/2-461-242-1>		"sagdou"@mot	
"c̷ã'pa"@cof	<http://ids.clld.org/values/6-810-246-1>		<http://ids.clld.org/parameters/6-810>		<http://ids.clld.org/values/6-810-242-1>		"aḳduu"@mot	
"'c̷eri"@cof	<http://ids.clld.org/values/3-817-246-3>		<http://ids.clld.org/parameters/3-817>		<http://ids.clld.org/values/3-817-242-1>		"kumaā"@mot	
"tuʰ'Φa-ke-no"@cof	<http://ids.clld.org/values/4-560-246-1>		<http://ids.clld.org/parameters/4-560>		<http://ids.clld.org/values/4-560-242-1>		"kurukduu"@mot	
"na"@cof	<http://ids.clld.org/values/2-270-246-1>		<http://ids.clld.org/parameters/2-270>		<http://ids.clld.org/values/2-270-242-1>		"asaaši"@mot	
"wu"@cof	<http://ids.clld.org/values/1-720-246-1>		<http://ids.clld.org/parameters/1-720>		<http://ids.clld.org/values/1-720-242-1>		"saaba"@mot	
"peʰ'tẽ-ka"@cof	<http://ids.clld.org/values/5-125-246-1>		<http://ids.clld.org/parameters/5-125>		<http://ids.clld.org/values/5-125-242-1>		"ããnta"@mot	
"haʰ'sa ka-no"@cof	<http://ids.clld.org/values/4-510-246-1>		<http://ids.clld.org/parameters/4-510>		<http://ids.clld.org/values/4-510-242-1>		"bosobuku"@mot	
"niʰ'ka-ka"@cof	<http://ids.clld.org/values/4-260-246-1>		<http://ids.clld.org/parameters/4-260>		<http://ids.clld.org/values/4-260-242-1>		"kobẽ"@mot	
"si'ra pi ke-no"@cof	<http://ids.clld.org/values/4-650-246-1>		<http://ids.clld.org/parameters/4-650>		<http://ids.clld.org/values/4-650-242-1>		"itčiki"@mot	
"kaʰ'c̷o-no"@cof	<http://ids.clld.org/values/4-610-246-1>		<http://ids.clld.org/parameters/4-610>		<http://ids.clld.org/values/4-610-242-3>		"ooškɨkʔ"@mot	
"kaʰ'c̷o-no"@cof	<http://ids.clld.org/values/4-610-246-1>		<http://ids.clld.org/parameters/4-610>		<http://ids.clld.org/values/4-610-242-1>		"kabukãng"@mot	
"to miˀdi'ka"@cof	<http://ids.clld.org/values/15-880-246-1>		<http://ids.clld.org/parameters/15-880>		<http://ids.clld.org/values/15-880-242-1>		"baidaani"@mot	
"'so-na"@cof	<http://ids.clld.org/values/2-240-246-1>		<http://ids.clld.org/parameters/2-240>		<http://ids.clld.org/values/2-240-242-1>		"abama"@mot	
"ko'rõ pa-no"@cof	<http://ids.clld.org/values/4-612-246-1>		<http://ids.clld.org/parameters/4-612>		<http://ids.clld.org/values/4-612-242-1>		"kabāla"@mot	
"ʔu'nila"@cof	<http://ids.clld.org/values/3-120-246-1>		<http://ids.clld.org/parameters/3-120>		<http://ids.clld.org/values/3-120-242-1>		"ataida"@mot	
"['kalu]"@cof	<http://ids.clld.org/values/3-410-246-1>		<http://ids.clld.org/parameters/3-410>		<http://ids.clld.org/values/3-410-242-1>		"buēragba"@mot	
"pa-ˀba-'kã"@cof	<http://ids.clld.org/values/15-650-246-3>		<http://ids.clld.org/parameters/15-650>		<http://ids.clld.org/values/15-650-242-1>		"bɨɨh"@mot	
"'lãpalo"@cof	<http://ids.clld.org/values/3-960-246-1>		<http://ids.clld.org/parameters/3-960>		<http://ids.clld.org/values/3-960-242-1>		"bačkere"@mot	
"Φiʰ'ki Φo'ro"@cof	<http://ids.clld.org/values/4-240-246-1>		<http://ids.clld.org/parameters/4-240>		<http://ids.clld.org/values/4-240-242-1>		"kaḳšuu"@mot	
"siʰ'ta ke-no"@cof	<http://ids.clld.org/values/6-330-246-1>		<http://ids.clld.org/parameters/6-330>		<http://ids.clld.org/values/6-330-242-1>		"bakāni"@mot	
"c̷o'we"@cof	<http://ids.clld.org/values/3-630-246-3>		<http://ids.clld.org/parameters/3-630>		<http://ids.clld.org/values/3-630-242-1>		"dahtumia"@mot	
"'neˀde"@cof	<http://ids.clld.org/values/4-350-246-1>		<http://ids.clld.org/parameters/4-350>		<http://ids.clld.org/values/4-350-242-1>		"kain"@mot	
"so-ʰ'ki"@cof	<http://ids.clld.org/values/2-450-246-1>		<http://ids.clld.org/parameters/2-450>		<http://ids.clld.org/values/2-450-242-1>		"aša"@mot	
"so ke-no"@cof	<http://ids.clld.org/values/4-670-246-1>		<http://ids.clld.org/parameters/4-670>		<http://ids.clld.org/values/4-670-242-1>		"šikbā dikaina"@mot	
"'pũki"@cof	<http://ids.clld.org/values/4-220-246-1>		<http://ids.clld.org/parameters/4-220>		<http://ids.clld.org/values/4-220-242-1>		"koḳčii"@mot	
"'piʰc̷u"@cof	<http://ids.clld.org/values/3-581-246-1>		<http://ids.clld.org/parameters/3-581>		<http://ids.clld.org/values/3-581-242-1>		"daarikbi"@mot	
"to po'yo"@cof	<http://ids.clld.org/values/1-213-246-3>		<http://ids.clld.org/parameters/1-213>		<http://ids.clld.org/values/1-213-242-1>		"ihtan-bruki"@mot	
"haʰpi'su"@cof	<http://ids.clld.org/values/4-140-246-3>		<http://ids.clld.org/parameters/4-140>		<http://ids.clld.org/values/4-140-242-1>		"kãatũũ"@mot	
"'pe-sili"@cof	<http://ids.clld.org/values/4-461-246-1>		<http://ids.clld.org/parameters/4-461>		<http://ids.clld.org/values/4-461-242-1>		"aaiši"@mot	
"'pĩˀba"@cof	<http://ids.clld.org/values/5-810-246-1>		<http://ids.clld.org/parameters/5-810>		<http://ids.clld.org/values/5-810-242-1>		"saabĩ"@mot	
"'kĩΦu Φo'ro"@cof	<http://ids.clld.org/values/4-231-246-1>		<http://ids.clld.org/parameters/4-231>		<http://ids.clld.org/values/4-231-242-1>		"nisokwā"@mot	
"c̷u'mi-no"@cof	<http://ids.clld.org/values/11-140-246-1>		<http://ids.clld.org/parameters/11-140>		<http://ids.clld.org/values/11-140-242-1>		"kaaḳaan"@mot	
"nakã"@cof	<http://ids.clld.org/values/12-590-246-3>		<http://ids.clld.org/parameters/12-590>		<http://ids.clld.org/values/12-590-242-1>		"ooḳbarekʔ"@mot	
"c̷ĩc̷ika"@cof	<http://ids.clld.org/values/4-451-246-1>		<http://ids.clld.org/parameters/4-451>		<http://ids.clld.org/values/4-451-242-1>		"atubiyōkba"@mot	
"pi-piya-no"@cof	<http://ids.clld.org/values/4-690-246-1>		<http://ids.clld.org/parameters/4-690>		<http://ids.clld.org/values/4-690-242-1>		"aobēēbe"@mot	
"kaʰ'ka Φu"@cof	<http://ids.clld.org/values/4-214-246-1>		<http://ids.clld.org/parameters/4-214>		<http://ids.clld.org/values/4-214-242-1>		"obāšišī"@mot	
"lo'wa"@cof	<http://ids.clld.org/values/7-420-246-1>		<http://ids.clld.org/parameters/7-420>		<http://ids.clld.org/values/7-420-242-1>		"kagsãduoyī"@mot	
"ya"@cof	<http://ids.clld.org/values/7-120-246-1>		<http://ids.clld.org/parameters/7-120>		<http://ids.clld.org/values/7-120-242-1>		"kaig"@mot	
"ʔu'nila"@cof	<http://ids.clld.org/values/2-230-246-1>		<http://ids.clld.org/parameters/2-230>		<http://ids.clld.org/values/2-230-242-1>		"ataida"@mot	
"si'li"@cof	<http://ids.clld.org/values/9-190-246-1>		<http://ids.clld.org/parameters/9-190>		<http://ids.clld.org/values/9-190-242-1>		"kaaḳšibu"@mot	
"si'li"@cof	<http://ids.clld.org/values/9-190-246-1>		<http://ids.clld.org/parameters/9-190>		<http://ids.clld.org/values/9-190-242-3>		"bwaisaɨg"@mot	
"ne'ˀde-c̷i hi-no"@cof	<http://ids.clld.org/values/10-450-246-3>		<http://ids.clld.org/parameters/10-450>		<http://ids.clld.org/values/10-450-242-1>		"nyũ"@mot	
"'nĩ-Φu"@cof	<http://ids.clld.org/values/7-310-246-1>		<http://ids.clld.org/parameters/7-310>		<http://ids.clld.org/values/7-310-242-1>		"ibungĩ"@mot	
"hã'pe"@cof	<http://ids.clld.org/values/4-880-246-1>		<http://ids.clld.org/parameters/4-880>		<http://ids.clld.org/values/4-880-242-1>		"ogsā"@mot	
"pe'le-le"@cof	<http://ids.clld.org/values/12-30-246-5>		<http://ids.clld.org/parameters/12-30>		<http://ids.clld.org/values/12-30-242-1>		"roradi"@mot	
"piyã'le"@cof	<http://ids.clld.org/values/13-140-246-3>		<http://ids.clld.org/parameters/13-140>		<http://ids.clld.org/values/13-140-242-1>		"ĩĩški"@mot	
"ma'na"@cof	<http://ids.clld.org/values/3-750-246-1>		<http://ids.clld.org/parameters/3-750>		<http://ids.clld.org/values/3-750-242-1>		"šadā́ikba"@mot	
"'tẽ-ha-no"@cof	<http://ids.clld.org/values/17-130-246-3>		<http://ids.clld.org/parameters/17-130>		<http://ids.clld.org/values/17-130-242-1>		"yaamitdoḳaani"@mot	
"paʰ'pi"@cof	<http://ids.clld.org/values/5-124-246-1>		<http://ids.clld.org/parameters/5-124>		<http://ids.clld.org/values/5-124-242-1>		"tahta"@mot	
"'mã-te-ka"@cof	<http://ids.clld.org/values/13-50-246-3>		<http://ids.clld.org/parameters/13-50>		<http://ids.clld.org/values/13-50-242-1>		"aḳdu inški"@mot	
"pe'ra"@cof	<http://ids.clld.org/values/4-858-246-1>		<http://ids.clld.org/parameters/4-858>		<http://ids.clld.org/values/4-858-242-1>		"kahkā"@mot	
"ti"@cof	<http://ids.clld.org/values/17-640-246-1>		<http://ids.clld.org/parameters/17-640>		<http://ids.clld.org/values/17-640-242-1>		"aybi"@mot	
"ti"@cof	<http://ids.clld.org/values/17-640-246-1>		<http://ids.clld.org/parameters/17-640>		<http://ids.clld.org/values/17-640-242-3>		"aybidou"@mot	
"c̷iˀde"@cof	<http://ids.clld.org/values/7-560-246-1>		<http://ids.clld.org/parameters/7-560>		<http://ids.clld.org/values/7-560-242-1>		"kakbaibai"@mot	
"ke'lo-le"@cof	<http://ids.clld.org/values/12-430-246-3>		<http://ids.clld.org/parameters/12-430>		<http://ids.clld.org/values/12-430-242-1>		"muungdani"@mot	
"ku'rũ"@cof	<http://ids.clld.org/values/3-816-246-3>		<http://ids.clld.org/parameters/3-816>		<http://ids.clld.org/values/3-816-242-1>		"šokdo"@mot	
"ʔa'no muʰke-no"@cof	<http://ids.clld.org/values/5-140-246-1>		<http://ids.clld.org/parameters/5-140>		<http://ids.clld.org/values/5-140-242-1>		"sairē"@mot	
"teʰ'sẽ"@cof	<http://ids.clld.org/values/4-142-246-1>		<http://ids.clld.org/parameters/4-142>		<http://ids.clld.org/values/4-142-242-1>		"dakã kači"@mot	
"'taʰta"@cof	<http://ids.clld.org/values/2-460-246-1>		<http://ids.clld.org/parameters/2-460>		<http://ids.clld.org/values/2-460-242-1>		"ašĩtaida"@mot	
"keʰ'pẽ"@cof	<http://ids.clld.org/values/14-420-246-1>		<http://ids.clld.org/parameters/14-420>		<http://ids.clld.org/values/14-420-242-1>		"sɨ̃ɨ̃"@mot	
"ne-mi'sux"@cof	<http://ids.clld.org/values/4-380-246-1>		<http://ids.clld.org/parameters/4-380>		<http://ids.clld.org/values/4-380-242-1>		"kuhtū biktrikbī"@mot	
"te-mi'su"@cof	<http://ids.clld.org/values/4-340-246-1>		<http://ids.clld.org/parameters/4-340>		<http://ids.clld.org/values/4-340-242-1>		"aḳduu kiokbā"@mot	
"ni'yã"@cof	<http://ids.clld.org/values/17-610-246-1>		<http://ids.clld.org/parameters/17-610>		<http://ids.clld.org/values/17-610-242-1>		"aangka"@mot	
"pe ke-no"@cof	<http://ids.clld.org/values/4-660-246-1>		<http://ids.clld.org/parameters/4-660>		<http://ids.clld.org/values/4-660-242-1>		"ahtū"@mot	
"ˀdin'pa"@cof	<http://ids.clld.org/values/3-665-246-1>		<http://ids.clld.org/parameters/3-665>		<http://ids.clld.org/values/3-665-242-1>		"bāībukū"@mot	
"wã"@cof	<http://ids.clld.org/values/12-550-246-5>		<http://ids.clld.org/parameters/12-550>		<http://ids.clld.org/values/12-550-242-1>		"aabii"@mot	
"'ti"@cof	<http://ids.clld.org/values/18-220-246-1>		<http://ids.clld.org/parameters/18-220>		<http://ids.clld.org/values/18-220-242-1>		"iibaḳan"@mot	
"wĩ"@cof	<http://ids.clld.org/values/6-760-246-1>		<http://ids.clld.org/parameters/6-760>		<http://ids.clld.org/values/6-760-242-1>		"karahšī"@mot	
"to"@cof	<http://ids.clld.org/values/1-212-246-1>		<http://ids.clld.org/parameters/1-212>		<http://ids.clld.org/values/1-212-242-1>		"ihtãã"@mot	
"laʰ'ke-ˀbã"@cof	<http://ids.clld.org/values/15-690-246-1>		<http://ids.clld.org/parameters/15-690>		<http://ids.clld.org/values/15-690-242-1>		"karikã ašungdu"@mot	
"ma"@cof	<http://ids.clld.org/values/14-410-246-1>		<http://ids.clld.org/parameters/14-410>		<http://ids.clld.org/values/14-410-242-1>		"barikari"@mot	
"c̷u-no"@cof	<http://ids.clld.org/values/7-110-246-1>		<http://ids.clld.org/parameters/7-110>		<http://ids.clld.org/values/7-110-242-1>		"baadarī"@mot	
"'puˀba ere-"@cof	<http://ids.clld.org/values/15-210-246-3>		<http://ids.clld.org/parameters/15-210>		<http://ids.clld.org/values/15-210-242-1>		"aantukãã"@mot	
"'ʔa-suwa-no"@cof	<http://ids.clld.org/values/5-230-246-1>		<http://ids.clld.org/parameters/5-230>		<http://ids.clld.org/values/5-230-242-1>		"yoobī"@mot	
"ku'ˀdã"@cof	<http://ids.clld.org/values/4-280-246-1>		<http://ids.clld.org/parameters/4-280>		<http://ids.clld.org/values/4-280-242-3>		"aboo aidyi"@mot	
"ku'ˀdã"@cof	<http://ids.clld.org/values/4-280-246-1>		<http://ids.clld.org/parameters/4-280>		<http://ids.clld.org/values/4-280-242-1>		"aboo"@mot	
"newewe"@cof	<http://ids.clld.org/values/4-345-246-1>		<http://ids.clld.org/parameters/4-345>		<http://ids.clld.org/values/4-345-242-1>		"ašitdo"@mot	
"lã-"@cof	<http://ids.clld.org/values/4-920-246-1>		<http://ids.clld.org/parameters/4-920>		<http://ids.clld.org/values/4-920-242-1>		"aktarã"@mot	
"ki'ra-no [po'ˀde]-iʰ-to-n"@cof	<http://ids.clld.org/values/4-970-246-1>		<http://ids.clld.org/parameters/4-970>		<http://ids.clld.org/values/4-970-242-1>		"škakyūbigbari"@mot	
"'nĩ-Φu"@cof	<http://ids.clld.org/values/1-840-246-1>		<http://ids.clld.org/parameters/1-840>		<http://ids.clld.org/values/1-840-242-1>		"ibuungdyi"@mot	
"haˀdi-no"@cof	<http://ids.clld.org/values/4-751-246-1>		<http://ids.clld.org/parameters/4-751>		<http://ids.clld.org/values/4-751-242-1>		"šimaksaɲona"@mot	
"pi"@cof	<http://ids.clld.org/values/1-310-246-1>		<http://ids.clld.org/parameters/1-310>		<http://ids.clld.org/values/1-310-242-1>		"šiima"@mot	
"ˀdĩ"@cof	<http://ids.clld.org/values/3-817-246-1>		<http://ids.clld.org/parameters/3-817>		<http://ids.clld.org/values/3-817-242-1>		"kumaā"@mot	
"kã'to ke-no"@cof	<http://ids.clld.org/values/4-660-246-3>		<http://ids.clld.org/parameters/4-660>		<http://ids.clld.org/values/4-660-242-1>		"ahtū"@mot	
"c̷iˀde"@cof	<http://ids.clld.org/values/7-550-246-1>		<http://ids.clld.org/parameters/7-550>		<http://ids.clld.org/values/7-550-242-1>		"arakāa"@mot	
"'c̷aʰc̷i-ka"@cof	<http://ids.clld.org/values/5-610-246-1>		<http://ids.clld.org/parameters/5-610>		<http://ids.clld.org/values/5-610-242-1>		"aaidyi"@mot	
"ki'yã"@cof	<http://ids.clld.org/values/4-840-246-1>		<http://ids.clld.org/parameters/4-840>		<http://ids.clld.org/values/4-840-242-1>		"sašini"@mot	
"pa'lu"@cof	<http://ids.clld.org/values/13-20-246-1>		<http://ids.clld.org/parameters/13-20>		<http://ids.clld.org/values/13-20-242-1>		"ĩĩsaami"@mot	
"c̷umi-ka-no"@cof	<http://ids.clld.org/values/11-140-246-5>		<http://ids.clld.org/parameters/11-140>		<http://ids.clld.org/values/11-140-242-1>		"kaaḳaan"@mot	
"[asuka]"@cof	<http://ids.clld.org/values/5-850-246-1>		<http://ids.clld.org/parameters/5-850>		<http://ids.clld.org/values/5-850-242-1>		"sasou sabī"@mot	
"pi pa'ru"@cof	<http://ids.clld.org/values/1-390-246-1>		<http://ids.clld.org/parameters/1-390>		<http://ids.clld.org/values/1-390-242-1>		"bohgi baado ahgyitakani"@mot	
"c̷i-'de"@cof	<http://ids.clld.org/values/8-600-246-1>		<http://ids.clld.org/parameters/8-600>		<http://ids.clld.org/values/8-600-242-1>		"kãa"@mot	
"mi'lã-no"@cof	<http://ids.clld.org/values/4-590-246-1>		<http://ids.clld.org/parameters/4-590>		<http://ids.clld.org/values/4-590-242-1>		"iaitatahkanina"@mot	
"wĩ"@cof	<http://ids.clld.org/values/6-750-246-1>		<http://ids.clld.org/parameters/6-750>		<http://ids.clld.org/values/6-750-242-1>		"karahšī"@mot	
"ʔu'nila"@cof	<http://ids.clld.org/values/2-310-246-1>		<http://ids.clld.org/parameters/2-310>		<http://ids.clld.org/values/2-310-242-1>		"aataida"@mot	
"keʰ'Φo"@cof	<http://ids.clld.org/values/4-441-246-1>		<http://ids.clld.org/parameters/4-441>		<http://ids.clld.org/values/4-441-242-1>		"ašiše"@mot	
"luʰ'ku"@cof	<http://ids.clld.org/values/1-213-246-1>		<http://ids.clld.org/parameters/1-213>		<http://ids.clld.org/values/1-213-242-1>		"ihtan-bruki"@mot	
"'puˀba-ke-no"@cof	<http://ids.clld.org/values/15-210-246-1>		<http://ids.clld.org/parameters/15-210>		<http://ids.clld.org/values/15-210-242-1>		"aantukãã"@mot	
"pi Φo'ro"@cof	<http://ids.clld.org/values/1-370-246-1>		<http://ids.clld.org/parameters/1-370>		<http://ids.clld.org/values/1-370-242-1>		"undaghakĩ"@mot	
"'na-naʰka"@cof	<http://ids.clld.org/values/12-560-246-5>		<http://ids.clld.org/parameters/12-560>		<http://ids.clld.org/values/12-560-242-3>		"ihtoo"@mot	
"'na-naʰka"@cof	<http://ids.clld.org/values/12-560-246-5>		<http://ids.clld.org/parameters/12-560>		<http://ids.clld.org/values/12-560-242-1>		"baakaĩ"@mot	
"ka-ʰΦo'ro"@cof	<http://ids.clld.org/values/4-204-246-1>		<http://ids.clld.org/parameters/4-204>		<http://ids.clld.org/values/4-204-242-1>		"lokbā"@mot	
"toʰ'te-no"@cof	<http://ids.clld.org/values/4-760-246-1>		<http://ids.clld.org/parameters/4-760>		<http://ids.clld.org/values/4-760-242-1>		"sobãa��"@mot	
"ke-no"@cof	<http://ids.clld.org/values/9-210-246-1>		<http://ids.clld.org/parameters/9-210>		<http://ids.clld.org/values/9-210-242-1>		"dõõ"@mot	
"ke-no"@cof	<http://ids.clld.org/values/9-210-246-1>		<http://ids.clld.org/parameters/9-210>		<http://ids.clld.org/values/9-210-242-3>		"buukši (?)"@mot	
"[ko'no]"@cof	<http://ids.clld.org/values/3-614-246-1>		<http://ids.clld.org/parameters/3-614>		<http://ids.clld.org/values/3-614-242-1>		"bukū"@mot	
"po'yo"@cof	<http://ids.clld.org/values/1-830-246-1>		<http://ids.clld.org/parameters/1-830>		<http://ids.clld.org/values/1-830-242-1>		"iiraḳbah"@mot	
"[kuʰ'či]"@cof	<http://ids.clld.org/values/3-350-246-1>		<http://ids.clld.org/parameters/3-350>		<http://ids.clld.org/values/3-350-242-1>		"bisao"@mot	
"'pã-pe"@cof	<http://ids.clld.org/values/4-392-246-1>		<http://ids.clld.org/parameters/4-392>		<http://ids.clld.org/values/4-392-242-1>		"ãčĩĩ"@mot	
"'kĩΦu"@cof	<http://ids.clld.org/values/4-230-246-1>		<http://ids.clld.org/parameters/4-230>		<http://ids.clld.org/values/4-230-242-1>		"ḍiisa"@mot	
"mã-ka"@cof	<http://ids.clld.org/values/13-10-246-3>		<http://ids.clld.org/parameters/13-10>		<http://ids.clld.org/values/13-10-242-1>		"ĩĩtoupʔ"@mot	
"wa"@cof	<http://ids.clld.org/values/12-550-246-1>		<http://ids.clld.org/parameters/12-550>		<http://ids.clld.org/values/12-550-242-1>		"aabii"@mot	
"so-na"@cof	<http://ids.clld.org/values/3-130-246-1>		<http://ids.clld.org/parameters/3-130>		<http://ids.clld.org/values/3-130-242-1>		"abama"@mot	
"'kiˀdo"@cof	<http://ids.clld.org/values/3-655-246-1>		<http://ids.clld.org/parameters/3-655>		<http://ids.clld.org/values/3-655-242-1>		"āškūu"@mot	
"wi'nã"@cof	<http://ids.clld.org/values/4-980-246-1>		<http://ids.clld.org/parameters/4-980>		<http://ids.clld.org/values/4-980-242-1>		"agsabitbari"@mot	
"kaʰ'ka Φu"@cof	<http://ids.clld.org/values/4-212-246-1>		<http://ids.clld.org/parameters/4-212>		<http://ids.clld.org/values/4-212-242-1>		"māčibaa"@mot	
"wili-no"@cof	<http://ids.clld.org/values/5-460-246-3>		<http://ids.clld.org/parameters/5-460>		<http://ids.clld.org/values/5-460-242-1>		"šū"@mot	
"c̷i'ˀde"@cof	<http://ids.clld.org/values/1-420-246-1>		<http://ids.clld.org/parameters/1-420>		<http://ids.clld.org/values/1-420-242-1>		"kaa"@mot	
"'haˀbi"@cof	<http://ids.clld.org/values/12-440-246-3>		<http://ids.clld.org/parameters/12-440>		<http://ids.clld.org/values/12-440-242-1>		"iitčikiri"@mot	
"'ʔora"@cof	<http://ids.clld.org/values/16-710-246-1>		<http://ids.clld.org/parameters/16-710>		<http://ids.clld.org/values/16-710-242-1>		"sasaaini"@mot	
"'ʔora"@cof	<http://ids.clld.org/values/16-710-246-1>		<http://ids.clld.org/parameters/16-710>		<http://ids.clld.org/values/16-710-242-3>		"sabaini"@mot	
"ʔu'ni-ka"@cof	<http://ids.clld.org/values/14-150-246-1>		<http://ids.clld.org/parameters/14-150>		<http://ids.clld.org/values/14-150-242-1>		"saatdau"@mot	
"ka'rã ˀda'ˀda"@cof	<http://ids.clld.org/values/3-819-246-1>		<http://ids.clld.org/parameters/3-819>		<http://ids.clld.org/values/3-819-242-1>		"kāinba sōhsõ"@mot	
"mi'nu"@cof	<http://ids.clld.org/values/10-710-246-1>		<http://ids.clld.org/parameters/10-710>		<http://ids.clld.org/values/10-710-242-1>		"šikɨ"@mot	
"'tẽ-ka"@cof	<http://ids.clld.org/values/4-440-246-1>		<http://ids.clld.org/parameters/4-440>		<http://ids.clld.org/values/4-440-242-1>		"aḳbadyĩĩ"@mot	
"hali-no"@cof	<http://ids.clld.org/values/5-180-246-1>		<http://ids.clld.org/parameters/5-180>		<http://ids.clld.org/values/5-180-242-1>		"kõõ"@mot	
"'se-ʔiʰto"@cof	<http://ids.clld.org/values/16-720-246-1>		<http://ids.clld.org/parameters/16-720>		<http://ids.clld.org/values/16-720-242-1>		"arongbɨšini"@mot	
"'se-ʔiʰto"@cof	<http://ids.clld.org/values/16-720-246-1>		<http://ids.clld.org/parameters/16-720>		<http://ids.clld.org/values/16-720-242-3>		"atraḳaari"@mot	
"kiʰ'pi ke-no"@cof	<http://ids.clld.org/values/4-620-246-1>		<http://ids.clld.org/parameters/4-620>		<http://ids.clld.org/values/4-620-242-1>		"borog'barina"@mot	
"'mama"@cof	<http://ids.clld.org/values/2-470-246-1>		<http://ids.clld.org/parameters/2-470>		<http://ids.clld.org/values/2-470-242-1>		"ašiabāma"@mot	
"'walpa"@cof	<http://ids.clld.org/values/3-550-246-1>		<http://ids.clld.org/parameters/3-550>		<http://ids.clld.org/values/3-550-242-1>		"kari"@mot	
"nũc̷i"@cof	<http://ids.clld.org/values/17-660-246-5>		<http://ids.clld.org/parameters/17-660>		<http://ids.clld.org/values/17-660-242-1>		"abããhã"@mot	
"ha-'no"@cof	<http://ids.clld.org/values/10-480-246-1>		<http://ids.clld.org/parameters/10-480>		<http://ids.clld.org/values/10-480-242-1>		"abãi"@mot	
"[kan'ta] ke-no"@cof	<http://ids.clld.org/values/18-120-246-1>		<http://ids.clld.org/parameters/18-120>		<http://ids.clld.org/values/18-120-242-1>		"čibaa"@mot	
"piʰ'poka"@cof	<http://ids.clld.org/values/5-970-246-1>		<http://ids.clld.org/parameters/5-970>		<http://ids.clld.org/values/5-970-242-1>		"ãã"@mot	
"tẽ-ka"@cof	<http://ids.clld.org/values/4-400-246-1>		<http://ids.clld.org/parameters/4-400>		<http://ids.clld.org/values/4-400-242-1>		"bidū"@mot	
"[seri'ka]"@cof	<http://ids.clld.org/values/8-160-246-1>		<http://ids.clld.org/parameters/8-160>		<http://ids.clld.org/values/8-160-242-1>		"watišišeše"@mot	
"holi'yo"@cof	<http://ids.clld.org/values/3-585-246-1>		<http://ids.clld.org/parameters/3-585>		<http://ids.clld.org/values/3-585-242-1>		"ōtakdā"@mot	
"haʰ'sa-ʔi-no"@cof	<http://ids.clld.org/values/4-912-246-1>		<http://ids.clld.org/parameters/4-912>		<http://ids.clld.org/values/4-912-242-1>		"onšikākna"@mot	
"c̷uˀdi-no"@cof	<http://ids.clld.org/values/12-130-246-3>		<http://ids.clld.org/parameters/12-130>		<http://ids.clld.org/values/12-130-242-1>		"kaani"@mot	
"c̷ina-pe"@cof	<http://ids.clld.org/values/3-821-246-1>		<http://ids.clld.org/parameters/3-821>		<http://ids.clld.org/values/3-821-242-1>		"arōhkogbā"@mot	
"c̷i'na pi"@cof	<http://ids.clld.org/values/5-840-246-1>		<http://ids.clld.org/parameters/5-840>		<http://ids.clld.org/values/5-840-242-1>		"čiriba"@mot	
"kuʰpara"@cof	<http://ids.clld.org/values/4-841-246-1>		<http://ids.clld.org/parameters/4-841>		<http://ids.clld.org/values/4-841-242-1>		"kalo"@mot	
"hãpe-no"@cof	<http://ids.clld.org/values/4-860-246-1>		<http://ids.clld.org/parameters/4-860>		<http://ids.clld.org/values/4-860-242-1>		"boāimai"@mot	
"seʰ'ka"@cof	<http://ids.clld.org/values/3-811-246-3>		<http://ids.clld.org/parameters/3-811>		<http://ids.clld.org/values/3-811-242-1>		"kuu"@mot	
"nala'lã 'so-na"@cof	<http://ids.clld.org/values/2-261-246-1>		<http://ids.clld.org/parameters/2-261>		<http://ids.clld.org/values/2-261-242-1>		"ašibī dou"@mot	
"me"@cof	<http://ids.clld.org/values/4-180-246-1>		<http://ids.clld.org/parameters/4-180>		<http://ids.clld.org/values/4-180-242-1>		"arihku"@mot	
"laʰc̷i-no"@cof	<http://ids.clld.org/values/5-460-246-1>		<http://ids.clld.org/parameters/5-460>		<http://ids.clld.org/values/5-460-242-1>		"šū"@mot	
"lo'wa"@cof	<http://ids.clld.org/values/7-260-246-3>		<http://ids.clld.org/parameters/7-260>		<http://ids.clld.org/values/7-260-242-1>		"ihtā"@mot	
"wa"@cof	<http://ids.clld.org/values/1-222-246-1>		<http://ids.clld.org/parameters/1-222>		<http://ids.clld.org/values/1-222-242-1>		"angbarī"@mot	
"'so-na"@cof	<http://ids.clld.org/values/2-320-246-1>		<http://ids.clld.org/parameters/2-320>		<http://ids.clld.org/values/2-320-242-1>		"a-byoo-bai"@mot	
"piʰta-no"@cof	<http://ids.clld.org/values/5-230-246-3>		<http://ids.clld.org/parameters/5-230>		<http://ids.clld.org/values/5-230-242-1>		"yoobī"@mot	
"pa-"@cof	<http://ids.clld.org/values/15-650-246-1>		<http://ids.clld.org/parameters/15-650>		<http://ids.clld.org/values/15-650-242-1>		"bɨɨh"@mot	
"'kiˀdo"@cof	<http://ids.clld.org/values/6-290-246-1>		<http://ids.clld.org/parameters/6-290>		<http://ids.clld.org/values/6-290-242-1>		"biruna"@mot	
"to"@cof	<http://ids.clld.org/values/1-210-246-1>		<http://ids.clld.org/parameters/1-210>		<http://ids.clld.org/values/1-210-242-1>		"ihtãã"@mot	
"mã'ku"@cof	<http://ids.clld.org/values/2-521-246-1>		<http://ids.clld.org/parameters/2-521>		<http://ids.clld.org/values/2-521-242-1>		"abāma si"@mot	
"'sõ-ˀbã"@cof	<http://ids.clld.org/values/4-810-246-1>		<http://ids.clld.org/parameters/4-810>		<http://ids.clld.org/values/4-810-242-1>		"karābari"@mot	
"c̷a'ˀbo"@cof	<http://ids.clld.org/values/1-540-246-1>		<http://ids.clld.org/parameters/1-540>		<http://ids.clld.org/values/1-540-242-1>		"tootubi"@mot	
"'c̷oc̷oˀde-n"@cof	<http://ids.clld.org/values/5-124-246-5>		<http://ids.clld.org/parameters/5-124>		<http://ids.clld.org/values/5-124-242-1>		"tahta"@mot	
"'pũpu"@cof	<http://ids.clld.org/values/3-920-246-1>		<http://ids.clld.org/parameters/3-920>		<http://ids.clld.org/values/3-920-242-1>		"somēme"@mot	
"tewewe"@cof	<http://ids.clld.org/values/4-344-246-1>		<http://ids.clld.org/parameters/4-344>		<http://ids.clld.org/values/4-344-242-1>		"šdooh"@mot	
"eʰpe'la"@cof	<http://ids.clld.org/values/4-960-246-3>		<http://ids.clld.org/parameters/4-960>		<http://ids.clld.org/values/4-960-242-1>		"arikbā"@mot	
"te'yũ"@cof	<http://ids.clld.org/values/15-780-246-1>		<http://ids.clld.org/parameters/15-780>		<http://ids.clld.org/values/15-780-242-1>		"ihkobaaini"@mot	
"tẽpe"@cof	<http://ids.clld.org/values/12-50-246-1>		<http://ids.clld.org/parameters/12-50>		<http://ids.clld.org/values/12-50-242-1>		"-ro"@mot	
"'neˀde"@cof	<http://ids.clld.org/values/4-370-246-1>		<http://ids.clld.org/parameters/4-370>		<http://ids.clld.org/values/4-370-242-1>		"kihtuu"@mot	
"ʔu'rã to"@cof	<http://ids.clld.org/values/1-230-246-3>		<http://ids.clld.org/parameters/1-230>		<http://ids.clld.org/values/1-230-242-1>		"bẽa"@mot	
"ʔuwã"@cof	<http://ids.clld.org/values/12-580-246-1>		<http://ids.clld.org/parameters/12-580>		<http://ids.clld.org/values/12-580-242-1>		"aḳbakɨ"@mot	
"ki'yoˀde"@cof	<http://ids.clld.org/values/4-209-246-3>		<http://ids.clld.org/parameters/4-209>		<http://ids.clld.org/values/4-209-242-1>		"kakā adyi"@mot	
"'kepo-ʔi-no"@cof	<http://ids.clld.org/values/10-230-246-3>		<http://ids.clld.org/parameters/10-230>		<http://ids.clld.org/values/10-230-242-1>		"baɨgkirakbã"@mot	
"sẽ"@cof	<http://ids.clld.org/values/16-710-246-3>		<http://ids.clld.org/parameters/16-710>		<http://ids.clld.org/values/16-710-242-1>		"sasaaini"@mot	
"sẽ"@cof	<http://ids.clld.org/values/16-710-246-3>		<http://ids.clld.org/parameters/16-710>		<http://ids.clld.org/values/16-710-242-3>		"sabaini"@mot	
"ʔaʰ'sã si'li"@cof	<http://ids.clld.org/values/4-151-246-1>		<http://ids.clld.org/parameters/4-151>		<http://ids.clld.org/values/4-151-242-1>		"ašĩšii"@mot	
"hi-"@cof	<http://ids.clld.org/values/10-320-246-3>		<http://ids.clld.org/parameters/10-320>		<http://ids.clld.org/values/10-320-242-1>		"širurũ otaḳbari"@mot	
"c̷ale-no"@cof	<http://ids.clld.org/values/9-360-246-1>		<http://ids.clld.org/parameters/9-360>		<http://ids.clld.org/values/9-360-242-1>		"dukan"@mot	
"taʰ'pe"@cof	<http://ids.clld.org/values/8-510-246-1>		<http://ids.clld.org/parameters/8-510>		<http://ids.clld.org/values/8-510-242-1>		"ši"@mot	
"peʰ'pa"@cof	<http://ids.clld.org/values/4-910-246-1>		<http://ids.clld.org/parameters/4-910>		<http://ids.clld.org/values/4-910-242-1>		"sabaribō"@mot	
"'ha-hi-no"@cof	<http://ids.clld.org/values/10-370-246-1>		<http://ids.clld.org/parameters/10-370>		<http://ids.clld.org/values/10-370-242-1>		"boohboo oḳadyĩ"@mot	
"'c̷aʰc̷i"@cof	<http://ids.clld.org/values/2-100-246-1>		<http://ids.clld.org/parameters/2-100>		<http://ids.clld.org/values/2-100-242-1>		"barī"@mot	
"'so-na"@cof	<http://ids.clld.org/values/2-220-246-1>		<http://ids.clld.org/parameters/2-220>		<http://ids.clld.org/values/2-220-242-1>		"byoo"@mot	
"pe-ko'lo"@cof	<http://ids.clld.org/values/4-460-246-1>		<http://ids.clld.org/parameters/4-460>		<http://ids.clld.org/values/4-460-242-1>		"išii"@mot	
"pe-ko'lo"@cof	<http://ids.clld.org/values/4-460-246-1>		<http://ids.clld.org/parameters/4-460>		<http://ids.clld.org/values/4-460-242-3>		"aišii"@mot	
"ha'la nãc̷i"@cof	<http://ids.clld.org/values/12-420-246-1>		<http://ids.clld.org/parameters/12-420>		<http://ids.clld.org/values/12-420-242-1>		"miikã"@mot	
"pã-pe"@cof	<http://ids.clld.org/values/3-652-246-1>		<http://ids.clld.org/parameters/3-652>		<http://ids.clld.org/values/3-652-242-1>		"ačii"@mot	
"[mula]"@cof	<http://ids.clld.org/values/3-470-246-1>		<http://ids.clld.org/parameters/3-470>		<http://ids.clld.org/values/3-470-242-1>		"bueragbā"@mot	
"he'le-"@cof	<http://ids.clld.org/values/16-530-246-1>		<http://ids.clld.org/parameters/16-530>		<http://ids.clld.org/values/16-530-242-1>		"doḳtosõn"@mot	
"tõ'ki"@cof	<http://ids.clld.org/values/3-940-246-1>		<http://ids.clld.org/parameters/3-940>		<http://ids.clld.org/values/3-940-242-1>		"kiugtū"@mot	
"Φũ"@cof	<http://ids.clld.org/values/15-840-246-1>		<http://ids.clld.org/parameters/15-840>		<http://ids.clld.org/values/15-840-242-1>		"buruuni"@mot	
"we'le"@cof	<http://ids.clld.org/values/3-760-246-3>		<http://ids.clld.org/parameters/3-760>		<http://ids.clld.org/values/3-760-242-1>		"baraši"@mot	
"puʰ'ka"@cof	<http://ids.clld.org/values/5-710-246-1>		<http://ids.clld.org/parameters/5-710>		<http://ids.clld.org/values/5-710-242-1>		"kaaraba"@mot	
"ke'le"@cof	<http://ids.clld.org/values/4-857-246-1>		<http://ids.clld.org/parameters/4-857>		<http://ids.clld.org/values/4-857-242-1>		"aigsō"@mot	
"teʰ'Φũ"@cof	<http://ids.clld.org/values/4-270-246-1>		<http://ids.clld.org/parameters/4-270>		<http://ids.clld.org/values/4-270-242-1>		"ḍuḍu"@mot	
"na-pẽ"@cof	<http://ids.clld.org/values/12-650-246-3>		<http://ids.clld.org/parameters/12-650>		<http://ids.clld.org/values/12-650-242-1>		"ihtoo"@mot	
"tuwã-'le"@cof	<http://ids.clld.org/values/13-210-246-3>		<http://ids.clld.org/parameters/13-210>		<http://ids.clld.org/values/13-210-242-1>		"booḳbarik"@mot	
"te'lenle"@cof	<http://ids.clld.org/values/8-540-246-1>		<http://ids.clld.org/parameters/8-540>		<http://ids.clld.org/values/8-540-242-1>		"ašišĩĩ"@mot	
"mi'lã"@cof	<http://ids.clld.org/values/5-320-246-3>		<http://ids.clld.org/parameters/5-320>		<http://ids.clld.org/values/5-320-242-1>		"dado"@mot	
"'c̷aʰc̷i puʰ-'ka"@cof	<http://ids.clld.org/values/4-110-246-1>		<http://ids.clld.org/parameters/4-110>		<http://ids.clld.org/values/4-110-242-1>		"aidyīi"@mot	
"hã'kã"@cof	<http://ids.clld.org/values/4-940-246-1>		<http://ids.clld.org/parameters/4-940>		<http://ids.clld.org/values/4-940-242-1>		"sōodoru"@mot	
"Φu'ri-po-no"@cof	<http://ids.clld.org/values/10-380-246-1>		<http://ids.clld.org/parameters/10-380>		<http://ids.clld.org/values/10-380-242-1>		"buubãã"@mot	
"[familia]"@cof	<http://ids.clld.org/values/2-820-246-1>		<http://ids.clld.org/parameters/2-820>		<http://ids.clld.org/values/2-820-242-1>		"sadooyī"@mot	
"'ˀduke"@cof	<http://ids.clld.org/values/13-150-246-1>		<http://ids.clld.org/parameters/13-150>		<http://ids.clld.org/values/13-150-242-1>		"škikbeh"@mot	
"nu'wi"@cof	<http://ids.clld.org/values/17-660-246-1>		<http://ids.clld.org/parameters/17-660>		<http://ids.clld.org/values/17-660-242-1>		"abããhã"@mot	
"teˀde"@cof	<http://ids.clld.org/values/4-330-246-1>		<http://ids.clld.org/parameters/4-330>		<http://ids.clld.org/values/4-330-242-1>		"aḳduu"@mot	
"nĩ ka'la"@cof	<http://ids.clld.org/values/1-890-246-1>		<http://ids.clld.org/parameters/1-890>		<http://ids.clld.org/values/1-890-242-1>		"ikogbah"@mot	
"nu'mi"@cof	<http://ids.clld.org/values/4-492-246-1>		<http://ids.clld.org/parameters/4-492>		<http://ids.clld.org/values/4-492-242-1>		"bašišũ"@mot	
"ma're-no"@cof	<http://ids.clld.org/values/10-350-246-3>		<http://ids.clld.org/parameters/10-350>		<http://ids.clld.org/values/10-350-242-1>		"arubisaḳããng"@mot	
"te'pĩ"@cof	<http://ids.clld.org/values/4-855-246-1>		<http://ids.clld.org/parameters/4-855>		<http://ids.clld.org/values/4-855-242-1>		"boksoro"@mot	
"na-kã"@cof	<http://ids.clld.org/values/12-620-246-3>		<http://ids.clld.org/parameters/12-620>		<http://ids.clld.org/values/12-620-242-1>		"bwaikaan"@mot	
"[familia]"@cof	<http://ids.clld.org/values/2-810-246-1>		<http://ids.clld.org/parameters/2-810>		<http://ids.clld.org/values/2-810-242-1>		"sadooyī"@mot	
"man'ma pi'ni"@cof	<http://ids.clld.org/values/3-814-246-1>		<http://ids.clld.org/parameters/3-814>		<http://ids.clld.org/values/3-814-242-1>		"iširabana"@mot	
"ra-"@cof	<http://ids.clld.org/values/12-150-246-1>		<http://ids.clld.org/parameters/12-150>		<http://ids.clld.org/values/12-150-242-1>		"bikigbisaa"@mot	
"kaʰ'sã"@cof	<http://ids.clld.org/values/14-130-246-1>		<http://ids.clld.org/parameters/14-130>		<http://ids.clld.org/values/14-130-242-1>		"oḳdo"@mot	
"ni-yã"@cof	<http://ids.clld.org/values/17-610-246-3>		<http://ids.clld.org/parameters/17-610>		<http://ids.clld.org/values/17-610-242-1>		"aangka"@mot	
"ka-no"@cof	<http://ids.clld.org/values/11-140-246-3>		<http://ids.clld.org/parameters/11-140>		<http://ids.clld.org/values/11-140-242-1>		"kaaḳaan"@mot	
"na-si"@cof	<http://ids.clld.org/values/13-170-246-1>		<http://ids.clld.org/parameters/13-170>		<http://ids.clld.org/values/13-170-242-1>		"kobahkaaĩ"@mot	
"ni'ˀda"@cof	<http://ids.clld.org/values/5-320-246-1>		<http://ids.clld.org/parameters/5-320>		<http://ids.clld.org/values/5-320-242-1>		"dado"@mot	
"'so-na na"@cof	<http://ids.clld.org/values/2-260-246-1>		<http://ids.clld.org/parameters/2-260>		<http://ids.clld.org/values/2-260-242-1>		"šia"@mot	
"Φu"@cof	<http://ids.clld.org/values/4-393-246-1>		<http://ids.clld.org/parameters/4-393>		<http://ids.clld.org/values/4-393-242-1>		"ããčĩĩ"@mot	
"'do-kã-pe"@cof	<http://ids.clld.org/values/7-220-246-3>		<http://ids.clld.org/parameters/7-220>		<http://ids.clld.org/values/7-220-242-1>		"unkušū"@mot	
"ˀbẽc̷e'le"@cof	<http://ids.clld.org/values/3-816-246-1>		<http://ids.clld.org/parameters/3-816>		<http://ids.clld.org/values/3-816-242-1>		"šokdo"@mot	
"ku'ˀdã"@cof	<http://ids.clld.org/values/6-450-246-1>		<http://ids.clld.org/parameters/6-450>		<http://ids.clld.org/values/6-450-242-1>		"karāši"@mot	
"sĩ"@cof	<http://ids.clld.org/values/4-232-246-1>		<http://ids.clld.org/parameters/4-232>		<http://ids.clld.org/values/4-232-242-1>		"isā činči"@mot	
"ʔoʰ'Φo"@cof	<http://ids.clld.org/values/4-843-246-1>		<http://ids.clld.org/parameters/4-843>		<http://ids.clld.org/values/4-843-242-1>		"iroghba"@mot	
"'waʰtu"@cof	<http://ids.clld.org/values/3-592-246-1>		<http://ids.clld.org/parameters/3-592>		<http://ids.clld.org/values/3-592-242-1>		"dahba"@mot	
"ni"@cof	<http://ids.clld.org/values/8-311-246-1>		<http://ids.clld.org/parameters/8-311>		<http://ids.clld.org/values/8-311-242-1>		"ahḳooḳbah"@mot	
"mãpi"@cof	<http://ids.clld.org/values/2-510-246-1>		<http://ids.clld.org/parameters/2-510>		<http://ids.clld.org/values/2-510-242-1>		"aisī okarā"@mot	
"'kiˀdo"@cof	<http://ids.clld.org/values/8-750-246-1>		<http://ids.clld.org/parameters/8-750>		<http://ids.clld.org/values/8-750-242-1>		"aɨgšuu"@mot	
"'pi-pi-'lu"@cof	<http://ids.clld.org/values/1-341-246-1>		<http://ids.clld.org/parameters/1-341>		<http://ids.clld.org/values/1-341-242-1>		"baḍõ"@mot	
"ku"@cof	<http://ids.clld.org/values/4-410-246-1>		<http://ids.clld.org/parameters/4-410>		<http://ids.clld.org/values/4-410-242-1>		"twaa"@mot	
"ʔa'yã"@cof	<http://ids.clld.org/values/2-360-246-1>		<http://ids.clld.org/parameters/2-360>		<http://ids.clld.org/values/2-360-242-1>		"abaama"@mot	
"kaʰ'c̷a-ke-no"@cof	<http://ids.clld.org/values/4-570-246-1>		<http://ids.clld.org/parameters/4-570>		<http://ids.clld.org/values/4-570-242-1>		"boɨgsɨ"@mot	
"tuʰ'pa-ke-no"@cof	<http://ids.clld.org/values/4-560-246-3>		<http://ids.clld.org/parameters/4-560>		<http://ids.clld.org/values/4-560-242-1>		"kurukduu"@mot	
"lu'rĩ"@cof	<http://ids.clld.org/values/4-856-246-1>		<http://ids.clld.org/parameters/4-856>		<http://ids.clld.org/values/4-856-242-1>		"yayōsaibu"@mot	
"he'lẽ"@cof	<http://ids.clld.org/values/1-410-246-1>		<http://ids.clld.org/parameters/1-410>		<http://ids.clld.org/values/1-410-242-1>		"itenči"@mot	
"ˀdi'li-no"@cof	<http://ids.clld.org/values/9-343-246-3>		<http://ids.clld.org/parameters/9-343>		<http://ids.clld.org/values/9-343-242-1>		"saɨng-saing"@mot	
"haʰ'ke"@cof	<http://ids.clld.org/values/4-450-246-1>		<http://ids.clld.org/parameters/4-450>		<http://ids.clld.org/values/4-450-242-1>		"aabingba"@mot	
"piʰ'po-ka"@cof	<http://ids.clld.org/values/4-490-246-1>		<http://ids.clld.org/parameters/4-490>		<http://ids.clld.org/values/4-490-242-1>		"ok'bā"@mot	
"tu'li-po-no"@cof	<http://ids.clld.org/values/10-670-246-1>		<http://ids.clld.org/parameters/10-670>		<http://ids.clld.org/values/10-670-242-1>		"iroḳdaḳaan"@mot	
"ˀda-'no"@cof	<http://ids.clld.org/values/5-210-246-3>		<http://ids.clld.org/parameters/5-210>		<http://ids.clld.org/values/5-210-242-1>		"binasa"@mot	
"waʰ'ta"@cof	<http://ids.clld.org/values/14-730-246-1>		<http://ids.clld.org/parameters/14-730>		<http://ids.clld.org/values/14-730-242-1>		"asoḳbari"@mot	
"c̷iʰki-'la"@cof	<http://ids.clld.org/values/2-940-246-1>		<http://ids.clld.org/parameters/2-940>		<http://ids.clld.org/values/2-940-242-1>		"čyiidyi"@mot	
"hele'lẽ"@cof	<http://ids.clld.org/values/12-610-246-1>		<http://ids.clld.org/parameters/12-610>		<http://ids.clld.org/values/12-610-242-1>		"yookari"@mot	
"'luˀba-kã"@cof	<http://ids.clld.org/values/15-660-246-3>		<http://ids.clld.org/parameters/15-660>		<http://ids.clld.org/values/15-660-242-1>		"bohḳaraa"@mot	
"c̷u-no"@cof	<http://ids.clld.org/values/5-160-246-1>		<http://ids.clld.org/parameters/5-160>		<http://ids.clld.org/values/5-160-242-3>		"dada"@mot	
"c̷u-no"@cof	<http://ids.clld.org/values/5-160-246-1>		<http://ids.clld.org/parameters/5-160>		<http://ids.clld.org/values/5-160-242-1>		"tuu aɨgsadyĩ"@mot	
"'napuʰkã"@cof	<http://ids.clld.org/values/12-590-246-1>		<http://ids.clld.org/parameters/12-590>		<http://ids.clld.org/values/12-590-242-1>		"ooḳbarekʔ"@mot	
"kã'to"@cof	<http://ids.clld.org/values/3-760-246-1>		<http://ids.clld.org/parameters/3-760>		<http://ids.clld.org/values/3-760-242-1>		"baraši"@mot	
"to"@cof	<http://ids.clld.org/values/7-260-246-1>		<http://ids.clld.org/parameters/7-260>		<http://ids.clld.org/values/7-260-242-1>		"ihtā"@mot	
"mi'su"@cof	<http://ids.clld.org/values/4-200-246-1>		<http://ids.clld.org/parameters/4-200>		<http://ids.clld.org/values/4-200-242-1>		"asaakbah"@mot	
"mi'su"@cof	<http://ids.clld.org/values/4-200-246-1>		<http://ids.clld.org/parameters/4-200>		<http://ids.clld.org/values/4-200-242-3>		"asaɨg"@mot	
"ha'ˀdõ"@cof	<http://ids.clld.org/values/15-810-246-1>		<http://ids.clld.org/parameters/15-810>		<http://ids.clld.org/values/15-810-242-1>		"aabari"@mot	
"tu'wã"@cof	<http://ids.clld.org/values/13-210-246-1>		<http://ids.clld.org/parameters/13-210>		<http://ids.clld.org/values/13-210-242-1>		"booḳbarik"@mot	
"pe"@cof	<http://ids.clld.org/values/1-530-246-1>		<http://ids.clld.org/parameters/1-530>		<http://ids.clld.org/values/1-530-242-1>		"čibaɨg"@mot	
"nĩ"@cof	<http://ids.clld.org/values/1-810-246-1>		<http://ids.clld.org/parameters/1-810>		<http://ids.clld.org/values/1-810-242-1>		"kaaḍɨ"@mot	
"teya-'ka"@cof	<http://ids.clld.org/values/15-780-246-3>		<http://ids.clld.org/parameters/15-780>		<http://ids.clld.org/values/15-780-242-1>		"ihkobaaini"@mot	
"ʔi'yu"@cof	<http://ids.clld.org/values/3-630-246-1>		<http://ids.clld.org/parameters/3-630>		<http://ids.clld.org/values/3-630-242-1>		"dahtumia"@mot	
"ˀboʰ'te"@cof	<http://ids.clld.org/values/4-464-246-1>		<http://ids.clld.org/parameters/4-464>		<http://ids.clld.org/values/4-464-242-1>		"ahtūu"@mot	
"'lu-ˀbã"@cof	<http://ids.clld.org/values/15-660-246-1>		<http://ids.clld.org/parameters/15-660>		<http://ids.clld.org/values/15-660-242-1>		"bohḳaraa"@mot	
"tuka"@cof	<http://ids.clld.org/values/12-730-246-1>		<http://ids.clld.org/parameters/12-730>		<http://ids.clld.org/values/12-730-242-1>		"biiki"@mot	
"hi'ˀda"@cof	<http://ids.clld.org/values/15-860-246-1>		<http://ids.clld.org/parameters/15-860>		<http://ids.clld.org/values/15-860-242-1>		"tɨɨšini"@mot	
"'lesu"@cof	<http://ids.clld.org/values/4-205-246-1>		<http://ids.clld.org/parameters/4-205>		<http://ids.clld.org/values/4-205-242-1>		"dokbā"@mot	
"ʔa'no ya-no"@cof	<http://ids.clld.org/values/5-140-246-3>		<http://ids.clld.org/parameters/5-140>		<http://ids.clld.org/values/5-140-242-1>		"sairē"@mot	
"pi-sula-no"@cof	<http://ids.clld.org/values/10-350-246-1>		<http://ids.clld.org/parameters/10-350>		<http://ids.clld.org/values/10-350-242-1>		"arubisaḳããng"@mot	
"ne-ˀbũka"@cof	<http://ids.clld.org/values/4-371-246-1>		<http://ids.clld.org/parameters/4-371>		<http://ids.clld.org/values/4-371-242-1>		"kiokbā karikāa"@mot	
"su"@cof	<http://ids.clld.org/values/1-440-246-1>		<http://ids.clld.org/parameters/1-440>		<http://ids.clld.org/values/1-440-242-3>		"aɨna"@mot	
"su"@cof	<http://ids.clld.org/values/1-440-246-1>		<http://ids.clld.org/parameters/1-440>		<http://ids.clld.org/values/1-440-242-1>		"ããng"@mot	
"wi'ru-ʔi-no"@cof	<http://ids.clld.org/values/12-150-246-5>		<http://ids.clld.org/parameters/12-150>		<http://ids.clld.org/values/12-150-242-1>		"bikigbisaa"@mot	
"c̷iʰ'pĩ"@cof	<http://ids.clld.org/values/3-813-246-1>		<http://ids.clld.org/parameters/3-813>		<http://ids.clld.org/values/3-813-242-1>		"durāba kū"@mot	
"ne'mẽ"@cof	<http://ids.clld.org/values/1-620-246-1>		<http://ids.clld.org/parameters/1-620>		<http://ids.clld.org/values/1-620-242-1>		"baidaani"@mot	
"hũ-palu-'ka"@cof	<http://ids.clld.org/values/13-40-246-3>		<http://ids.clld.org/parameters/13-40>		<http://ids.clld.org/values/13-40-242-1>		"asaaridgẽ"@mot	
"ki-no"@cof	<http://ids.clld.org/values/9-210-246-3>		<http://ids.clld.org/parameters/9-210>		<http://ids.clld.org/values/9-210-242-1>		"dõõ"@mot	
"ki-no"@cof	<http://ids.clld.org/values/9-210-246-3>		<http://ids.clld.org/parameters/9-210>		<http://ids.clld.org/values/9-210-242-3>		"buukši (?)"@mot	
"ti-no"@cof	<http://ids.clld.org/values/18-220-246-3>		<http://ids.clld.org/parameters/18-220>		<http://ids.clld.org/values/18-220-242-1>		"iibaḳan"@mot	
"ki'yã-pũ"@cof	<http://ids.clld.org/values/4-840-246-3>		<http://ids.clld.org/parameters/4-840>		<http://ids.clld.org/values/4-840-242-1>		"sašini"@mot	
"'c̷alã"@cof	<http://ids.clld.org/values/1-215-246-1>		<http://ids.clld.org/parameters/1-215>		<http://ids.clld.org/values/1-215-242-1>		"ũũngda"@mot	
"'kõti"@cof	<http://ids.clld.org/values/1-240-246-1>		<http://ids.clld.org/parameters/1-240>		<http://ids.clld.org/values/1-240-242-1>		"šiimbia"@mot	
"sẽ"@cof	<http://ids.clld.org/values/16-730-246-1>		<http://ids.clld.org/parameters/16-730>		<http://ids.clld.org/values/16-730-242-1>		"ããkai"@mot	
"na-ri"@cof	<http://ids.clld.org/values/13-170-246-3>		<http://ids.clld.org/parameters/13-170>		<http://ids.clld.org/values/13-170-242-1>		"kobahkaaĩ"@mot	
"'haˀda ke-no"@cof	<http://ids.clld.org/values/4-520-246-1>		<http://ids.clld.org/parameters/4-520>		<http://ids.clld.org/values/4-520-242-1>		"kabah agaksakei"@mot	
"waʰc̷a"@cof	<http://ids.clld.org/values/3-650-246-1>		<http://ids.clld.org/parameters/3-650>		<http://ids.clld.org/values/3-650-242-3>		"katutu"@mot	
"waʰc̷a"@cof	<http://ids.clld.org/values/3-650-246-1>		<http://ids.clld.org/parameters/3-650>		<http://ids.clld.org/values/3-650-242-1>		"tay"@mot	
"[aʰkusa]"@cof	<http://ids.clld.org/values/6-360-246-1>		<http://ids.clld.org/parameters/6-360>		<http://ids.clld.org/values/6-360-242-1>		"ihbeĩkaddū"@mot	
"pi'ya-ri-no"@cof	<http://ids.clld.org/values/1-861-246-1>		<http://ids.clld.org/parameters/1-861>		<http://ids.clld.org/values/1-861-242-1>		"sirasāini"@mot	
"yo kiˀdo"@cof	<http://ids.clld.org/values/1-510-246-1>		<http://ids.clld.org/parameters/1-510>		<http://ids.clld.org/values/1-510-242-1>		"baḍũ"@mot	
"[kasa]'la-ʔi-no"@cof	<http://ids.clld.org/values/2-330-246-1>		<http://ids.clld.org/parameters/2-330>		<http://ids.clld.org/values/2-330-242-1>		"bio kayākba"@mot	
"wara-no"@cof	<http://ids.clld.org/values/5-220-246-1>		<http://ids.clld.org/parameters/5-220>		<http://ids.clld.org/values/5-220-242-1>		"ašũdokwari"@mot	
"netaʰ'ka"@cof	<http://ids.clld.org/values/4-372-246-1>		<http://ids.clld.org/parameters/4-372>		<http://ids.clld.org/values/4-372-242-1>		"kihtū būgda"@mot	
"pe'mã-'ka"@cof	<http://ids.clld.org/values/13-30-246-3>		<http://ids.clld.org/parameters/13-30>		<http://ids.clld.org/values/13-30-242-3>		"bitentoḳou"@mot	
"pe'mã-'ka"@cof	<http://ids.clld.org/values/13-30-246-3>		<http://ids.clld.org/parameters/13-30>		<http://ids.clld.org/values/13-30-242-1>		"tentoḳou"@mot	
"ke'lo"@cof	<http://ids.clld.org/values/12-430-246-1>		<http://ids.clld.org/parameters/12-430>		<http://ids.clld.org/values/12-430-242-1>		"muungdani"@mot	
"ʔa"@cof	<http://ids.clld.org/values/4-140-246-1>		<http://ids.clld.org/parameters/4-140>		<http://ids.clld.org/values/4-140-242-1>		"kãatũũ"@mot	
"c̷i'de pe'le"@cof	<http://ids.clld.org/values/8-600-246-3>		<http://ids.clld.org/parameters/8-600>		<http://ids.clld.org/values/8-600-242-1>		"kãa"@mot	
"'sãkahka"@cof	<http://ids.clld.org/values/3-654-246-1>		<http://ids.clld.org/parameters/3-654>		<http://ids.clld.org/values/3-654-242-1>		"akohkōu"@mot	
"koʰ'tan"@cof	<http://ids.clld.org/values/3-950-246-1>		<http://ids.clld.org/parameters/3-950>		<http://ids.clld.org/values/3-950-242-1>		"babā"@mot	
"'misili"@cof	<http://ids.clld.org/values/6-780-246-1>		<http://ids.clld.org/parameters/6-780>		<http://ids.clld.org/values/6-780-242-1>		"somene"@mot	
"me'ra-tumĩ"@cof	<http://ids.clld.org/values/4-950-246-1>		<http://ids.clld.org/parameters/4-950>		<http://ids.clld.org/values/4-950-242-1>		"kokčikai"@mot	
"'baro"@cof	<http://ids.clld.org/values/3-586-246-1>		<http://ids.clld.org/parameters/3-586>		<http://ids.clld.org/values/3-586-242-1>		"bačiragdu"@mot	
"ʔaʰ'ko"@cof	<http://ids.clld.org/values/2-440-246-1>		<http://ids.clld.org/parameters/2-440>		<http://ids.clld.org/values/2-440-242-1>		"asari"@mot	
"ha'mo"@cof	<http://ids.clld.org/values/12-80-246-1>		<http://ids.clld.org/parameters/12-80>		<http://ids.clld.org/values/12-80-242-1>		"baaduu"@mot	
"pe'le"@cof	<http://ids.clld.org/values/12-30-246-3>		<http://ids.clld.org/parameters/12-30>		<http://ids.clld.org/values/12-30-242-1>		"roradi"@mot	
"[kuʰc̷ilu]"@cof	<http://ids.clld.org/values/5-380-246-1>		<http://ids.clld.org/parameters/5-380>		<http://ids.clld.org/values/5-380-242-1>		"baktrusā"@mot	
"'nakã"@cof	<http://ids.clld.org/values/12-560-246-1>		<http://ids.clld.org/parameters/12-560>		<http://ids.clld.org/values/12-560-242-3>		"ihtoo"@mot	
"'nakã"@cof	<http://ids.clld.org/values/12-560-246-1>		<http://ids.clld.org/parameters/12-560>		<http://ids.clld.org/values/12-560-242-1>		"baakaĩ"@mot	
"c̷i'ˀde"@cof	<http://ids.clld.org/values/1-430-246-1>		<http://ids.clld.org/parameters/1-430>		<http://ids.clld.org/values/1-430-242-1>		"kaa"@mot	
"tũ-pi"@cof	<http://ids.clld.org/values/5-640-246-1>		<http://ids.clld.org/parameters/5-640>		<http://ids.clld.org/values/5-640-242-1>		"aribāh"@mot	
"heko"@cof	<http://ids.clld.org/values/4-521-246-3>		<http://ids.clld.org/parameters/4-521>		<http://ids.clld.org/values/4-521-242-1>		"buyakaɨ"@mot	
"si'li"@cof	<http://ids.clld.org/values/6-380-246-1>		<http://ids.clld.org/parameters/6-380>		<http://ids.clld.org/values/6-380-242-1>		"kalāana"@mot	
"[wa'la]"@cof	<http://ids.clld.org/values/3-230-246-1>		<http://ids.clld.org/parameters/3-230>		<http://ids.clld.org/values/3-230-242-1>		"šibāa"@mot	
"ni'ˀda"@cof	<http://ids.clld.org/values/5-310-246-1>		<http://ids.clld.org/parameters/5-310>		<http://ids.clld.org/values/5-310-242-1>		"dado"@mot	
"ha'li-no"@cof	<http://ids.clld.org/values/4-580-246-1>		<http://ids.clld.org/parameters/4-580>		<http://ids.clld.org/values/4-580-242-1>		"baḳosõõ"@mot	
"ˀba're"@cof	<http://ids.clld.org/values/12-440-246-5>		<http://ids.clld.org/parameters/12-440>		<http://ids.clld.org/values/12-440-242-1>		"iitčikiri"@mot	
"Φu'ˀda"@cof	<http://ids.clld.org/values/4-850-246-1>		<http://ids.clld.org/parameters/4-850>		<http://ids.clld.org/values/4-850-242-1>		"iaiyikākwa"@mot	
"ku'ˀdã"@cof	<http://ids.clld.org/values/4-290-246-1>		<http://ids.clld.org/parameters/4-290>		<http://ids.clld.org/values/4-290-242-1>		"būuri"@mot	
"mi'yã"@cof	<http://ids.clld.org/values/2-450-246-3>		<http://ids.clld.org/parameters/2-450>		<http://ids.clld.org/values/2-450-242-1>		"aša"@mot	
"ˀbo'ˀbo"@cof	<http://ids.clld.org/values/3-596-246-1>		<http://ids.clld.org/parameters/3-596>		<http://ids.clld.org/values/3-596-242-1>		"bigtuu"@mot	
"'na-so"@cof	<http://ids.clld.org/values/2-640-246-1>		<http://ids.clld.org/parameters/2-640>		<http://ids.clld.org/values/2-640-242-1>		"inatdakū ašī"@mot	
"Φu"@cof	<http://ids.clld.org/values/4-144-246-1>		<http://ids.clld.org/parameters/4-144>		<http://ids.clld.org/values/4-144-242-1>		"kāači"@mot	
"kuʰ'c̷i-no"@cof	<http://ids.clld.org/values/5-130-246-1>		<http://ids.clld.org/parameters/5-130>		<http://ids.clld.org/values/5-130-242-3>		"aɨkseɨba"@mot	
"kuʰ'c̷i-no"@cof	<http://ids.clld.org/values/5-130-246-1>		<http://ids.clld.org/parameters/5-130>		<http://ids.clld.org/values/5-130-242-1>		"da"@mot	
"ʔaʰ'tã"@cof	<http://ids.clld.org/values/15-830-246-1>		<http://ids.clld.org/parameters/15-830>		<http://ids.clld.org/values/15-830-242-1>		"atɨšini"@mot	
"ku'ra"@cof	<http://ids.clld.org/values/13-140-246-1>		<http://ids.clld.org/parameters/13-140>		<http://ids.clld.org/values/13-140-242-1>		"ĩĩški"@mot	
"le'wesa"@cof	<http://ids.clld.org/values/1-362-246-1>		<http://ids.clld.org/parameters/1-362>		<http://ids.clld.org/values/1-362-242-1>		"sabarīka"@mot	
"'kĩΦu"@cof	<http://ids.clld.org/values/4-241-246-1>		<http://ids.clld.org/parameters/4-241>		<http://ids.clld.org/values/4-241-242-1>		"arurū"@mot	
"mololo"@cof	<http://ids.clld.org/values/3-910-246-1>		<http://ids.clld.org/parameters/3-910>		<http://ids.clld.org/values/3-910-242-1>		"bāādukdū"@mot	
"su'wa"@cof	<http://ids.clld.org/values/1-750-246-1>		<http://ids.clld.org/parameters/1-750>		<http://ids.clld.org/values/1-750-242-1>		"dihkaɨg"@mot	
"me'ra-no"@cof	<http://ids.clld.org/values/15-410-246-1>		<http://ids.clld.org/parameters/15-410>		<http://ids.clld.org/values/15-410-242-1>		"anaɨgkãng"@mot	
"'nama"@cof	<http://ids.clld.org/values/2-420-246-1>		<http://ids.clld.org/parameters/2-420>		<http://ids.clld.org/values/2-420-242-1>		"ša"@mot	
"'kũta 'pĩda"@cof	<http://ids.clld.org/values/1-570-246-1>		<http://ids.clld.org/parameters/1-570>		<http://ids.clld.org/values/1-570-242-1>		"yibahdu"@mot	
"ʔoʰ'ko-pĩc̷u"@cof	<http://ids.clld.org/values/1-630-246-1>		<http://ids.clld.org/parameters/1-630>		<http://ids.clld.org/values/1-630-242-1>		"sasaayn"@mot	
"haʰpi'su"@cof	<http://ids.clld.org/values/8-560-246-1>		<http://ids.clld.org/parameters/8-560>		<http://ids.clld.org/values/8-560-242-1>		"ahḳaadu"@mot	
"'mi-ra-no"@cof	<http://ids.clld.org/values/17-170-246-1>		<http://ids.clld.org/parameters/17-170>		<http://ids.clld.org/values/17-170-242-1>		"kaama"@mot	
"'teˀde"@cof	<http://ids.clld.org/values/4-310-246-1>		<http://ids.clld.org/parameters/4-310>		<http://ids.clld.org/values/4-310-242-1>		"bisãã"@mot	
"'naʔo"@cof	<http://ids.clld.org/values/2-410-246-1>		<http://ids.clld.org/parameters/2-410>		<http://ids.clld.org/values/2-410-242-1>		"saši"@mot	
"'ˀbõteˀde-ka"@cof	<http://ids.clld.org/values/4-430-246-1>		<http://ids.clld.org/parameters/4-430>		<http://ids.clld.org/values/4-430-242-1>		"baačiidu"@mot	
"haʰ'sa ke-no"@cof	<http://ids.clld.org/values/4-510-246-3>		<http://ids.clld.org/parameters/4-510>		<http://ids.clld.org/values/4-510-242-1>		"bosobuku"@mot	
"Φu"@cof	<http://ids.clld.org/values/6-280-246-1>		<http://ids.clld.org/parameters/6-280>		<http://ids.clld.org/values/6-280-242-1>		"ããkbãra"@mot	
"wiʰ'ta"@cof	<http://ids.clld.org/values/8-120-246-1>		<http://ids.clld.org/parameters/8-120>		<http://ids.clld.org/values/8-120-242-1>		"dogbah"@mot	
"nala'lã ʔu'nila"@cof	<http://ids.clld.org/values/2-251-246-1>		<http://ids.clld.org/parameters/2-251>		<http://ids.clld.org/values/2-251-242-1>		"atdaku"@mot	
"[buřo]"@cof	<http://ids.clld.org/values/3-460-246-1>		<http://ids.clld.org/parameters/3-460>		<http://ids.clld.org/values/3-460-242-3>		"sokuā"@mot	
"[buřo]"@cof	<http://ids.clld.org/values/3-460-246-1>		<http://ids.clld.org/parameters/3-460>		<http://ids.clld.org/values/3-460-242-1>		"čoko"@mot	
"ha'li"@cof	<http://ids.clld.org/values/7-422-246-1>		<http://ids.clld.org/parameters/7-422>		<http://ids.clld.org/values/7-422-242-1>		"šanšān"@mot	
"nĩ-po-no"@cof	<http://ids.clld.org/values/1-851-246-3>		<http://ids.clld.org/parameters/1-851>		<http://ids.clld.org/values/1-851-242-1>		"dyoosaḳãn"@mot	
"'naˀdẽ-kã"@cof	<http://ids.clld.org/values/12-650-246-1>		<http://ids.clld.org/parameters/12-650>		<http://ids.clld.org/values/12-650-242-1>		"ihtoo"@mot	
"lu'li"@cof	<http://ids.clld.org/values/8-570-246-1>		<http://ids.clld.org/parameters/8-570>		<http://ids.clld.org/values/8-570-242-1>		"tootubi"@mot	
"'tũ"@cof	<http://ids.clld.org/values/5-821-246-1>		<http://ids.clld.org/parameters/5-821>		<http://ids.clld.org/values/5-821-242-1>		"lore"@mot	
"Φoro-no"@cof	<http://ids.clld.org/values/9-460-246-1>		<http://ids.clld.org/parameters/9-460>		<http://ids.clld.org/values/9-460-242-1>		"akotukããn"@mot	
"[animal]"@cof	<http://ids.clld.org/values/3-110-246-1>		<http://ids.clld.org/parameters/3-110>		<http://ids.clld.org/values/3-110-242-1>		"rugčī"@mot	
"a Φu"@cof	<http://ids.clld.org/values/4-140-246-5>		<http://ids.clld.org/parameters/4-140>		<http://ids.clld.org/values/4-140-242-1>		"kãatũũ"@mot	
