"'sõna-no"@cof	<http://ids.clld.org/values/4-740-246-1>		<http://ids.clld.org/parameters/4-740>		<http://ids.clld.org/values/4-740-293-1>		"tĩ"@ram	
"tu'lipo-"@cof	<http://ids.clld.org/values/9-211-246-1>		<http://ids.clld.org/parameters/9-211>		<http://ids.clld.org/values/9-211-293-1>		"twə"@ram	
"mu'mũ"@cof	<http://ids.clld.org/values/18-280-246-1>		<http://ids.clld.org/parameters/18-280>		<http://ids.clld.org/values/18-280-293-1>		"awkʰe-"@ram	
"mu'mũ"@cof	<http://ids.clld.org/values/18-280-246-1>		<http://ids.clld.org/parameters/18-280>		<http://ids.clld.org/values/18-280-293-3>		"yəyə-"@ram	
"ʔoh'tõ-koro"@cof	<http://ids.clld.org/values/3-840-246-1>		<http://ids.clld.org/parameters/3-840>		<http://ids.clld.org/values/3-840-293-1>		"hɔɔc̷ã"@ram	
"c̷iʰ'ke"@cof	<http://ids.clld.org/values/2-910-246-3>		<http://ids.clld.org/parameters/2-910>		<http://ids.clld.org/values/2-910-293-3>		"wa"@ram	
"c̷iʰ'ke"@cof	<http://ids.clld.org/values/2-910-246-3>		<http://ids.clld.org/parameters/2-910>		<http://ids.clld.org/values/2-910-293-1>		"pa"@ram	
"puʰ'ka"@cof	<http://ids.clld.org/values/8-311-246-3>		<http://ids.clld.org/parameters/8-311>		<http://ids.clld.org/values/8-311-293-1>		"iʔ-hɨɨ (hɨ- ?)"@ram	
"su'su"@cof	<http://ids.clld.org/values/3-610-246-1>		<http://ids.clld.org/parameters/3-610>		<http://ids.clld.org/values/3-610-293-1>		"rɔp"@ram	
"[tako]"@cof	<http://ids.clld.org/values/8-680-246-1>		<http://ids.clld.org/parameters/8-680>		<http://ids.clld.org/values/8-680-293-1>		"parho"@ram	
"heʔu"@cof	<http://ids.clld.org/values/4-521-246-1>		<http://ids.clld.org/parameters/4-521>		<http://ids.clld.org/values/4-521-293-1>		"hɛk"@ram	
"te'ra-ke-no"@cof	<http://ids.clld.org/values/10-440-246-1>		<http://ids.clld.org/parameters/10-440>		<http://ids.clld.org/values/10-440-293-1>		"hakrun (?)"@ram	
"ʔaʰ'sã"@cof	<http://ids.clld.org/values/4-150-246-1>		<http://ids.clld.org/parameters/4-150>		<http://ids.clld.org/values/4-150-293-1>		"ii-kaproo"@ram	
"mã"@cof	<http://ids.clld.org/values/13-10-246-1>		<http://ids.clld.org/parameters/13-10>		<http://ids.clld.org/values/13-10-293-1>		"pɨc̷it"@ram	
"kuwa-no"@cof	<http://ids.clld.org/values/11-210-246-1>		<http://ids.clld.org/parameters/11-210>		<http://ids.clld.org/values/11-210-293-3>		"ŋɔ̃"@ram	
"kuwa-no"@cof	<http://ids.clld.org/values/11-210-246-1>		<http://ids.clld.org/parameters/11-210>		<http://ids.clld.org/values/11-210-293-1>		"c̷i-"@ram	
"ʔuwã"@cof	<http://ids.clld.org/values/12-550-246-3>		<http://ids.clld.org/parameters/12-550>		<http://ids.clld.org/values/12-550-293-1>		"ti-"@ram	
"'c̷u-no"@cof	<http://ids.clld.org/values/12-130-246-1>		<http://ids.clld.org/parameters/12-130>		<http://ids.clld.org/values/12-130-293-1>		"yə̃ (yɨ̃ ?)"@ram	
"'kiˀdo"@cof	<http://ids.clld.org/values/4-120-246-1>		<http://ids.clld.org/parameters/4-120>		<http://ids.clld.org/values/4-120-293-1>		"ii-kʰə (?)"@ram	
"kuʰ'c̷u"@cof	<http://ids.clld.org/values/8-920-246-1>		<http://ids.clld.org/parameters/8-920>		<http://ids.clld.org/values/8-920-293-1>		"kʰwɨrɨ"@ram	
"pa'na-"@cof	<http://ids.clld.org/values/10-610-246-1>		<http://ids.clld.org/parameters/10-610>		<http://ids.clld.org/values/10-610-293-1>		"pə"@ram	
"naʰ'ka"@cof	<http://ids.clld.org/values/12-560-246-3>		<http://ids.clld.org/parameters/12-560>		<http://ids.clld.org/values/12-560-293-3>		"lɛ"@ram	
"naʰ'ka"@cof	<http://ids.clld.org/values/12-560-246-3>		<http://ids.clld.org/parameters/12-560>		<http://ids.clld.org/values/12-560-293-1>		"ĩn-krirɛ"@ram	
"ʔiʰ'sã"@cof	<http://ids.clld.org/values/15-860-246-3>		<http://ids.clld.org/parameters/15-860>		<http://ids.clld.org/values/15-860-293-1>		"kʰrɨ"@ram	
"kuʰ'pe"@cof	<http://ids.clld.org/values/8-540-246-3>		<http://ids.clld.org/parameters/8-540>		<http://ids.clld.org/values/8-540-293-1>		"haare"@ram	
"ki'ra-no"@cof	<http://ids.clld.org/values/15-510-246-1>		<http://ids.clld.org/parameters/15-510>		<http://ids.clld.org/values/15-510-293-1>		"-hõm-pu"@ram	
"ki'ra-no"@cof	<http://ids.clld.org/values/15-510-246-1>		<http://ids.clld.org/parameters/15-510>		<http://ids.clld.org/values/15-510-293-3>		"pu-pun"@ram	
"'suʰpã"@cof	<http://ids.clld.org/values/3-591-246-1>		<http://ids.clld.org/parameters/3-591>		<http://ids.clld.org/values/3-591-293-1>		"c̷ɛprɛ"@ram	
"hira'le"@cof	<http://ids.clld.org/values/13-140-246-5>		<http://ids.clld.org/parameters/13-140>		<http://ids.clld.org/values/13-140-293-1>		"tu-"@ram	
"c̷ãpu"@cof	<http://ids.clld.org/values/5-700-246-3>		<http://ids.clld.org/parameters/5-700>		<http://ids.clld.org/values/5-700-293-1>		"yat (yɛt ?)"@ram	
"'c̷iˀbã"@cof	<http://ids.clld.org/values/15-850-246-1>		<http://ids.clld.org/parameters/15-850>		<http://ids.clld.org/values/15-850-293-1>		"kakrɔ"@ram	
"Φi-ʰ'ˀbã"@cof	<http://ids.clld.org/values/15-640-246-1>		<http://ids.clld.org/parameters/15-640>		<http://ids.clld.org/values/15-640-293-1>		"hakkʰa"@ram	
"Φi-ʰ'ˀbã"@cof	<http://ids.clld.org/values/15-640-246-1>		<http://ids.clld.org/parameters/15-640>		<http://ids.clld.org/values/15-640-293-3>		"yakʰaa"@ram	
"pe'mã"@cof	<http://ids.clld.org/values/13-30-246-1>		<http://ids.clld.org/parameters/13-30>		<http://ids.clld.org/values/13-30-293-1>		"ɨnkre-"@ram	
"ya"@cof	<http://ids.clld.org/values/2-930-246-1>		<http://ids.clld.org/parameters/2-930>		<http://ids.clld.org/values/2-930-293-1>		"tamə̃"@ram	
"c̷arã"@cof	<http://ids.clld.org/values/16-710-246-5>		<http://ids.clld.org/parameters/16-710>		<http://ids.clld.org/values/16-710-293-1>		"-pɛy"@ram	
"nu"@cof	<http://ids.clld.org/values/2-920-246-1>		<http://ids.clld.org/parameters/2-920>		<http://ids.clld.org/values/2-920-293-1>		"ka"@ram	
"laʰ'pa"@cof	<http://ids.clld.org/values/8-510-246-3>		<http://ids.clld.org/parameters/8-510>		<http://ids.clld.org/values/8-510-293-1>		"aʔ-tuu"@ram	
"ni'ya-no"@cof	<http://ids.clld.org/values/1-852-246-1>		<http://ids.clld.org/parameters/1-852>		<http://ids.clld.org/values/1-852-293-1>		"pok"@ram	
"'nena-no"@cof	<http://ids.clld.org/values/10-450-246-1>		<http://ids.clld.org/parameters/10-450>		<http://ids.clld.org/values/10-450-293-1>		"mõ"@ram	
"ke-no"@cof	<http://ids.clld.org/values/9-110-246-1>		<http://ids.clld.org/parameters/9-110>		<http://ids.clld.org/values/9-110-293-1>		"tɔn"@ram	
"ʔẽ'ko"@cof	<http://ids.clld.org/values/12-740-246-1>		<http://ids.clld.org/parameters/12-740>		<http://ids.clld.org/values/12-740-293-1>		"yakɔt"@ram	
"te'yoˀde"@cof	<http://ids.clld.org/values/4-209-246-1>		<http://ids.clld.org/parameters/4-209>		<http://ids.clld.org/values/4-209-293-1>		"hamã"@ram	
"ne'ne"@cof	<http://ids.clld.org/values/16-670-246-1>		<http://ids.clld.org/parameters/16-670>		<http://ids.clld.org/values/16-670-293-1>		"nõ"@ram	
"yo"@cof	<http://ids.clld.org/values/1-520-246-1>		<http://ids.clld.org/parameters/1-520>		<http://ids.clld.org/values/1-520-293-3>		"pɨtɨ"@ram	
"yo"@cof	<http://ids.clld.org/values/1-520-246-1>		<http://ids.clld.org/parameters/1-520>		<http://ids.clld.org/values/1-520-293-1>		"pɨt"@ram	
"Φu'ˀda"@cof	<http://ids.clld.org/values/16-310-246-1>		<http://ids.clld.org/parameters/16-310>		<http://ids.clld.org/values/16-310-293-1>		"-c̷a-"@ram	
"Φu'ˀda"@cof	<http://ids.clld.org/values/16-310-246-1>		<http://ids.clld.org/parameters/16-310>		<http://ids.clld.org/values/16-310-293-3>		"ha- (?)"@ram	
"we"@cof	<http://ids.clld.org/values/14-210-246-3>		<http://ids.clld.org/parameters/14-210>		<http://ids.clld.org/values/14-210-293-1>		"kɨt-"@ram	
"mu"@cof	<http://ids.clld.org/values/3-811-246-1>		<http://ids.clld.org/parameters/3-811>		<http://ids.clld.org/values/3-811-293-1>		"ii-ko"@ram	
"wi'ru-ra-"@cof	<http://ids.clld.org/values/12-150-246-3>		<http://ids.clld.org/parameters/12-150>		<http://ids.clld.org/values/12-150-293-1>		"c̷a"@ram	
"piya-no"@cof	<http://ids.clld.org/values/4-750-246-1>		<http://ids.clld.org/parameters/4-750>		<http://ids.clld.org/values/4-750-293-1>		"tɨɨ- (tɨ ?)"@ram	
"ʔu'nila"@cof	<http://ids.clld.org/values/2-210-246-1>		<http://ids.clld.org/parameters/2-210>		<http://ids.clld.org/values/2-210-293-1>		"hũm"@ram	
"c̷i'ˀde"@cof	<http://ids.clld.org/values/4-160-246-1>		<http://ids.clld.org/parameters/4-160>		<http://ids.clld.org/values/4-160-293-1>		"-hi"@ram	
"lu-no"@cof	<http://ids.clld.org/values/1-851-246-1>		<http://ids.clld.org/parameters/1-851>		<http://ids.clld.org/values/1-851-293-1>		"ka-c̷ər"@ram	
"pi'ni"@cof	<http://ids.clld.org/values/3-850-246-1>		<http://ids.clld.org/parameters/3-850>		<http://ids.clld.org/values/3-850-293-3>		"pat"@ram	
"pi'ni"@cof	<http://ids.clld.org/values/3-850-246-1>		<http://ids.clld.org/parameters/3-850>		<http://ids.clld.org/values/3-850-293-1>		"kaaŋə"@ram	
"ˀdi'la-"@cof	<http://ids.clld.org/values/9-343-246-1>		<http://ids.clld.org/parameters/9-343>		<http://ids.clld.org/values/9-343-293-1>		"ŋɛ̃n"@ram	
"mu'lu"@cof	<http://ids.clld.org/values/5-791-246-1>		<http://ids.clld.org/parameters/5-791>		<http://ids.clld.org/values/5-791-293-1>		"iʔ-twɨm"@ram	
"ʔa'yãn-kã"@cof	<http://ids.clld.org/values/12-610-246-3>		<http://ids.clld.org/parameters/12-610>		<http://ids.clld.org/values/12-610-293-1>		"iʔ-pɔ"@ram	
"ne-ˀbolõ"@cof	<http://ids.clld.org/values/4-360-246-1>		<http://ids.clld.org/parameters/4-360>		<http://ids.clld.org/values/4-360-293-1>		"ii-kʰõn"@ram	
"ka-no"@cof	<http://ids.clld.org/values/12-212-246-1>		<http://ids.clld.org/parameters/12-212>		<http://ids.clld.org/values/12-212-293-1>		"pɨ"@ram	
"kaʰ'ka"@cof	<http://ids.clld.org/values/4-210-246-1>		<http://ids.clld.org/parameters/4-210>		<http://ids.clld.org/values/4-210-293-1>		"ii-tɔ"@ram	
"'maʰte"@cof	<http://ids.clld.org/values/3-970-246-1>		<http://ids.clld.org/parameters/3-970>		<http://ids.clld.org/values/3-970-293-1>		"mĩĩ (mɨ̃ ?)"@ram	
"wewe"@cof	<http://ids.clld.org/values/14-210-246-1>		<http://ids.clld.org/parameters/14-210>		<http://ids.clld.org/values/14-210-293-1>		"kɨt-"@ram	
"'mã-ka-ri"@cof	<http://ids.clld.org/values/13-330-246-3>		<http://ids.clld.org/parameters/13-330>		<http://ids.clld.org/values/13-330-293-3>		"kamã"@ram	
"'mã-ka-ri"@cof	<http://ids.clld.org/values/13-330-246-3>		<http://ids.clld.org/parameters/13-330>		<http://ids.clld.org/values/13-330-293-1>		"pit"@ram	
"si'nuka"@cof	<http://ids.clld.org/values/14-150-246-3>		<http://ids.clld.org/parameters/14-150>		<http://ids.clld.org/values/14-150-293-1>		"tũm"@ram	
"-ti"@cof	<http://ids.clld.org/values/17-560-246-5>		<http://ids.clld.org/parameters/17-560>		<http://ids.clld.org/values/17-560-293-1>		"ke-"@ram	
"ʔaʰ'pa"@cof	<http://ids.clld.org/values/2-350-246-1>		<http://ids.clld.org/parameters/2-350>		<http://ids.clld.org/values/2-350-293-1>		"-pãm"@ram	
"ʔaʰ'pa"@cof	<http://ids.clld.org/values/2-350-246-1>		<http://ids.clld.org/parameters/2-350>		<http://ids.clld.org/values/2-350-293-3>		"c̷ũ"@ram	
"la"@cof	<http://ids.clld.org/values/2-910-246-1>		<http://ids.clld.org/parameters/2-910>		<http://ids.clld.org/values/2-910-293-3>		"wa"@ram	
"la"@cof	<http://ids.clld.org/values/2-910-246-1>		<http://ids.clld.org/parameters/2-910>		<http://ids.clld.org/values/2-910-293-1>		"pa"@ram	
"ne'ne pa-no"@cof	<http://ids.clld.org/values/16-670-246-3>		<http://ids.clld.org/parameters/16-670>		<http://ids.clld.org/values/16-670-293-1>		"nõ"@ram	
"'Φi-"@cof	<http://ids.clld.org/values/5-110-246-1>		<http://ids.clld.org/parameters/5-110>		<http://ids.clld.org/values/5-110-293-3>		"kʰuu"@ram	
"'Φi-"@cof	<http://ids.clld.org/values/5-110-246-1>		<http://ids.clld.org/parameters/5-110>		<http://ids.clld.org/values/5-110-293-7>		"pa-"@ram	
"'Φi-"@cof	<http://ids.clld.org/values/5-110-246-1>		<http://ids.clld.org/parameters/5-110>		<http://ids.clld.org/values/5-110-293-5>		"kukʰu-"@ram	
"'Φi-"@cof	<http://ids.clld.org/values/5-110-246-1>		<http://ids.clld.org/parameters/5-110>		<http://ids.clld.org/values/5-110-293-1>		"-kʰrẽ"@ram	
"Φo'ro"@cof	<http://ids.clld.org/values/12-850-246-1>		<http://ids.clld.org/parameters/12-850>		<http://ids.clld.org/values/12-850-293-1>		"kʰrɛ"@ram	
"'c̷eri"@cof	<http://ids.clld.org/values/3-817-246-3>		<http://ids.clld.org/parameters/3-817>		<http://ids.clld.org/values/3-817-293-1>		"ahc̷un- (aʔc̷un- ?)"@ram	
"na"@cof	<http://ids.clld.org/values/2-270-246-1>		<http://ids.clld.org/parameters/2-270>		<http://ids.clld.org/values/2-270-293-1>		"aʔ-kʰra-rɛ"@ram	
"wu"@cof	<http://ids.clld.org/values/1-720-246-1>		<http://ids.clld.org/parameters/1-720>		<http://ids.clld.org/values/1-720-293-1>		"kʰook"@ram	
"niʰ'ka-ka"@cof	<http://ids.clld.org/values/4-260-246-1>		<http://ids.clld.org/parameters/4-260>		<http://ids.clld.org/values/4-260-293-1>		"-yõʔtɔ"@ram	
"kaʰ'c̷o-no"@cof	<http://ids.clld.org/values/4-610-246-1>		<http://ids.clld.org/parameters/4-610>		<http://ids.clld.org/values/4-610-293-1>		"-ŋõr (ŋɔ̃r ?)"@ram	
"pa-ˀba-'kã"@cof	<http://ids.clld.org/values/15-650-246-3>		<http://ids.clld.org/parameters/15-650>		<http://ids.clld.org/values/15-650-293-1>		"iʔ-tɨk"@ram	
"Φiʰ'ki Φo'ro"@cof	<http://ids.clld.org/values/4-240-246-1>		<http://ids.clld.org/parameters/4-240>		<http://ids.clld.org/values/4-240-293-1>		"-yarkʰwa"@ram	
"'neˀde"@cof	<http://ids.clld.org/values/4-350-246-1>		<http://ids.clld.org/parameters/4-350>		<http://ids.clld.org/values/4-350-293-1>		"ii-tɛ"@ram	
"so-ʰ'ki"@cof	<http://ids.clld.org/values/2-450-246-1>		<http://ids.clld.org/parameters/2-450>		<http://ids.clld.org/values/2-450-293-1>		"tɔ̃y-"@ram	
"'piʰc̷u"@cof	<http://ids.clld.org/values/3-581-246-1>		<http://ids.clld.org/parameters/3-581>		<http://ids.clld.org/values/3-581-293-1>		"kɛ̃"@ram	
"to po'yo"@cof	<http://ids.clld.org/values/1-213-246-3>		<http://ids.clld.org/parameters/1-213>		<http://ids.clld.org/values/1-213-293-1>		"pye yakro"@ram	
"haʰpi'su"@cof	<http://ids.clld.org/values/4-140-246-3>		<http://ids.clld.org/parameters/4-140>		<http://ids.clld.org/values/4-140-293-1>		"ii-kʰĩ"@ram	
"te'pĩ"@cof	<http://ids.clld.org/values/3-815-246-1>		<http://ids.clld.org/parameters/3-815>		<http://ids.clld.org/values/3-815-293-1>		"pak"@ram	
"c̷o-no"@cof	<http://ids.clld.org/values/12-140-246-1>		<http://ids.clld.org/parameters/12-140>		<http://ids.clld.org/values/12-140-293-1>		"nɔ̃"@ram	
"'pĩˀba"@cof	<http://ids.clld.org/values/5-810-246-1>		<http://ids.clld.org/parameters/5-810>		<http://ids.clld.org/values/5-810-293-1>		"kaac̷wa"@ram	
"c̷iˀde"@cof	<http://ids.clld.org/values/20-220-246-1>		<http://ids.clld.org/parameters/20-220>		<http://ids.clld.org/values/20-220-293-1>		"kʰo"@ram	
"ku'wẽta"@cof	<http://ids.clld.org/values/12-920-246-1>		<http://ids.clld.org/parameters/12-920>		<http://ids.clld.org/values/12-920-293-1>		"kʰĩ"@ram	
"pi-piya-no"@cof	<http://ids.clld.org/values/4-690-246-1>		<http://ids.clld.org/parameters/4-690>		<http://ids.clld.org/values/4-690-293-1>		"c̷wa"@ram	
"ne'ya-no"@cof	<http://ids.clld.org/values/11-310-246-1>		<http://ids.clld.org/parameters/11-310>		<http://ids.clld.org/values/11-310-293-1>		"lɨ̃t"@ram	
"ya"@cof	<http://ids.clld.org/values/7-120-246-1>		<http://ids.clld.org/parameters/7-120>		<http://ids.clld.org/values/7-120-293-1>		"ii-kʰrɛ"@ram	
"ne'ˀde-c̷i hi-no"@cof	<http://ids.clld.org/values/10-450-246-3>		<http://ids.clld.org/parameters/10-450>		<http://ids.clld.org/values/10-450-293-1>		"mõ"@ram	
"'nĩ-Φu"@cof	<http://ids.clld.org/values/7-310-246-1>		<http://ids.clld.org/parameters/7-310>		<http://ids.clld.org/values/7-310-293-1>		"kiz (?)"@ram	
"c̷o-'ˀdi-no"@cof	<http://ids.clld.org/values/12-140-246-3>		<http://ids.clld.org/parameters/12-140>		<http://ids.clld.org/values/12-140-293-1>		"nɔ̃"@ram	
"piyã'le"@cof	<http://ids.clld.org/values/13-140-246-3>		<http://ids.clld.org/parameters/13-140>		<http://ids.clld.org/values/13-140-293-1>		"tu-"@ram	
"ma'na"@cof	<http://ids.clld.org/values/3-750-246-1>		<http://ids.clld.org/parameters/3-750>		<http://ids.clld.org/values/3-750-293-1>		"pɔ"@ram	
"ma'na"@cof	<http://ids.clld.org/values/3-750-246-1>		<http://ids.clld.org/parameters/3-750>		<http://ids.clld.org/values/3-750-293-3>		"kaarə"@ram	
"pã'si"@cof	<http://ids.clld.org/values/16-230-246-3>		<http://ids.clld.org/parameters/16-230>		<http://ids.clld.org/values/16-230-293-1>		"hakʰrɨ"@ram	
"sõ"@cof	<http://ids.clld.org/values/16-230-246-1>		<http://ids.clld.org/parameters/16-230>		<http://ids.clld.org/values/16-230-293-1>		"hakʰrɨ"@ram	
"tĩpo'lari-no"@cof	<http://ids.clld.org/values/10-130-246-1>		<http://ids.clld.org/parameters/10-130>		<http://ids.clld.org/values/10-130-293-1>		"ayrɔ̃"@ram	
"keʰ'pẽ"@cof	<http://ids.clld.org/values/14-420-246-1>		<http://ids.clld.org/parameters/14-420>		<http://ids.clld.org/values/14-420-293-1>		"kac̷wa"@ram	
"wã"@cof	<http://ids.clld.org/values/12-550-246-5>		<http://ids.clld.org/parameters/12-550>		<http://ids.clld.org/values/12-550-293-1>		"ti-"@ram	
"c̷u-no"@cof	<http://ids.clld.org/values/7-110-246-1>		<http://ids.clld.org/parameters/7-110>		<http://ids.clld.org/values/7-110-293-1>		"kʰrĩ"@ram	
"ku'ˀdã"@cof	<http://ids.clld.org/values/4-280-246-1>		<http://ids.clld.org/parameters/4-280>		<http://ids.clld.org/values/4-280-293-1>		"ii-put"@ram	
"'nĩ-Φu"@cof	<http://ids.clld.org/values/1-840-246-1>		<http://ids.clld.org/parameters/1-840>		<http://ids.clld.org/values/1-840-293-1>		"prɔ"@ram	
"pi"@cof	<http://ids.clld.org/values/1-310-246-1>		<http://ids.clld.org/parameters/1-310>		<http://ids.clld.org/values/1-310-293-1>		"ko"@ram	
"ˀdĩ"@cof	<http://ids.clld.org/values/3-817-246-1>		<http://ids.clld.org/parameters/3-817>		<http://ids.clld.org/values/3-817-293-1>		"ahc̷un- (aʔc̷un- ?)"@ram	
"'c̷aʰc̷i-ka"@cof	<http://ids.clld.org/values/5-610-246-1>		<http://ids.clld.org/parameters/5-610>		<http://ids.clld.org/values/5-610-293-1>		"hĩ"@ram	
"'c̷aʰc̷i-ka"@cof	<http://ids.clld.org/values/5-610-246-1>		<http://ids.clld.org/parameters/5-610>		<http://ids.clld.org/values/5-610-293-3>		"yĩ"@ram	
"c̷i-'de"@cof	<http://ids.clld.org/values/8-600-246-1>		<http://ids.clld.org/parameters/8-600>		<http://ids.clld.org/values/8-600-293-1>		"pĩĩ"@ram	
"ʔu'nila"@cof	<http://ids.clld.org/values/2-310-246-1>		<http://ids.clld.org/parameters/2-310>		<http://ids.clld.org/values/2-310-293-1>		"ĩĩ-pyɛ"@ram	
"luʰ'ku"@cof	<http://ids.clld.org/values/1-213-246-1>		<http://ids.clld.org/parameters/1-213>		<http://ids.clld.org/values/1-213-293-1>		"pye yakro"@ram	
"pi Φo'ro"@cof	<http://ids.clld.org/values/1-370-246-1>		<http://ids.clld.org/parameters/1-370>		<http://ids.clld.org/values/1-370-293-1>		"kʰwa"@ram	
"'sela"@cof	<http://ids.clld.org/values/7-150-246-1>		<http://ids.clld.org/parameters/7-150>		<http://ids.clld.org/values/7-150-293-1>		"ka-"@ram	
"'na-naʰka"@cof	<http://ids.clld.org/values/12-560-246-5>		<http://ids.clld.org/parameters/12-560>		<http://ids.clld.org/values/12-560-293-3>		"lɛ"@ram	
"'na-naʰka"@cof	<http://ids.clld.org/values/12-560-246-5>		<http://ids.clld.org/parameters/12-560>		<http://ids.clld.org/values/12-560-293-1>		"ĩn-krirɛ"@ram	
"ke-no"@cof	<http://ids.clld.org/values/9-210-246-1>		<http://ids.clld.org/parameters/9-210>		<http://ids.clld.org/values/9-210-293-1>		"kʰrɔ̃k"@ram	
"po'yo"@cof	<http://ids.clld.org/values/1-830-246-1>		<http://ids.clld.org/parameters/1-830>		<http://ids.clld.org/values/1-830-293-1>		"iʔ-kʰũm"@ram	
"[kuʰ'či]"@cof	<http://ids.clld.org/values/3-350-246-1>		<http://ids.clld.org/parameters/3-350>		<http://ids.clld.org/values/3-350-293-1>		"kʰro"@ram	
"'pã-pe"@cof	<http://ids.clld.org/values/4-392-246-1>		<http://ids.clld.org/parameters/4-392>		<http://ids.clld.org/values/4-392-293-1>		"haaraa"@ram	
"'kĩΦu"@cof	<http://ids.clld.org/values/4-230-246-1>		<http://ids.clld.org/parameters/4-230>		<http://ids.clld.org/values/4-230-293-1>		"-yĩyakʰrɛ"@ram	
"mã-ka"@cof	<http://ids.clld.org/values/13-10-246-3>		<http://ids.clld.org/parameters/13-10>		<http://ids.clld.org/values/13-10-293-1>		"pɨc̷it"@ram	
"wa"@cof	<http://ids.clld.org/values/12-550-246-1>		<http://ids.clld.org/parameters/12-550>		<http://ids.clld.org/values/12-550-293-1>		"ti-"@ram	
"me'ra-no"@cof	<http://ids.clld.org/values/15-420-246-1>		<http://ids.clld.org/parameters/15-420>		<http://ids.clld.org/values/15-420-293-1>		"k mpa (?)"@ram	
"c̷i'ˀde"@cof	<http://ids.clld.org/values/1-420-246-1>		<http://ids.clld.org/parameters/1-420>		<http://ids.clld.org/values/1-420-293-1>		"pĩĩ"@ram	
"'ʔora"@cof	<http://ids.clld.org/values/16-710-246-1>		<http://ids.clld.org/parameters/16-710>		<http://ids.clld.org/values/16-710-293-1>		"-pɛy"@ram	
"ʔu'ni-ka"@cof	<http://ids.clld.org/values/14-150-246-1>		<http://ids.clld.org/parameters/14-150>		<http://ids.clld.org/values/14-150-293-1>		"tũm"@ram	
"'sõ-ˀbã"@cof	<http://ids.clld.org/values/14-210-246-5>		<http://ids.clld.org/parameters/14-210>		<http://ids.clld.org/values/14-210-293-1>		"kɨt-"@ram	
"ki'ya-no"@cof	<http://ids.clld.org/values/16-310-246-3>		<http://ids.clld.org/parameters/16-310>		<http://ids.clld.org/values/16-310-293-1>		"-c̷a-"@ram	
"ki'ya-no"@cof	<http://ids.clld.org/values/16-310-246-3>		<http://ids.clld.org/parameters/16-310>		<http://ids.clld.org/values/16-310-293-3>		"ha- (?)"@ram	
"'se-ʔiʰto"@cof	<http://ids.clld.org/values/16-720-246-1>		<http://ids.clld.org/parameters/16-720>		<http://ids.clld.org/values/16-720-293-1>		"iʔkʰɛn"@ram	
"ha-'no"@cof	<http://ids.clld.org/values/10-480-246-1>		<http://ids.clld.org/parameters/10-480>		<http://ids.clld.org/values/10-480-293-1>		"-tẽ"@ram	
"[kan'ta] ke-no"@cof	<http://ids.clld.org/values/18-120-246-1>		<http://ids.clld.org/parameters/18-120>		<http://ids.clld.org/values/18-120-293-1>		"-krɛ"@ram	
"piʰ'poka"@cof	<http://ids.clld.org/values/5-970-246-1>		<http://ids.clld.org/parameters/5-970>		<http://ids.clld.org/values/5-970-293-1>		"in-krɛ"@ram	
"c̷ãˀbã"@cof	<http://ids.clld.org/values/15-370-246-1>		<http://ids.clld.org/parameters/15-370>		<http://ids.clld.org/values/15-370-293-1>		"-c̷ə-"@ram	
"c̷ãˀbã"@cof	<http://ids.clld.org/values/15-370-246-1>		<http://ids.clld.org/parameters/15-370>		<http://ids.clld.org/values/15-370-293-3>		"hə"@ram	
"c̷uˀdi-no"@cof	<http://ids.clld.org/values/12-130-246-3>		<http://ids.clld.org/parameters/12-130>		<http://ids.clld.org/values/12-130-293-1>		"yə̃ (yɨ̃ ?)"@ram	
"c̷i'na pi"@cof	<http://ids.clld.org/values/5-840-246-1>		<http://ids.clld.org/parameters/5-840>		<http://ids.clld.org/values/5-840-293-1>		"pɛn"@ram	
"'lo-no"@cof	<http://ids.clld.org/values/10-472-246-3>		<http://ids.clld.org/parameters/10-472>		<http://ids.clld.org/values/10-472-293-1>		"pi-"@ram	
"seʰ'ka"@cof	<http://ids.clld.org/values/3-811-246-3>		<http://ids.clld.org/parameters/3-811>		<http://ids.clld.org/values/3-811-293-1>		"ii-ko"@ram	
"me"@cof	<http://ids.clld.org/values/4-180-246-1>		<http://ids.clld.org/parameters/4-180>		<http://ids.clld.org/values/4-180-293-1>		"ha-ppɨ"@ram	
"'so-na"@cof	<http://ids.clld.org/values/2-320-246-1>		<http://ids.clld.org/parameters/2-320>		<http://ids.clld.org/values/2-320-293-1>		"ĩĩ-prõ"@ram	
"pa-"@cof	<http://ids.clld.org/values/15-650-246-1>		<http://ids.clld.org/parameters/15-650>		<http://ids.clld.org/values/15-650-293-1>		"iʔ-tɨk"@ram	
"hi-'no"@cof	<http://ids.clld.org/values/10-470-246-1>		<http://ids.clld.org/parameters/10-470>		<http://ids.clld.org/values/10-470-293-1>		"mɔ̃"@ram	
"c̷a'ˀbo"@cof	<http://ids.clld.org/values/1-540-246-1>		<http://ids.clld.org/parameters/1-540>		<http://ids.clld.org/values/1-540-293-1>		"kac̷ee-rɛ"@ram	
"'pũpu"@cof	<http://ids.clld.org/values/3-920-246-1>		<http://ids.clld.org/parameters/3-920>		<http://ids.clld.org/values/3-920-293-1>		"wɛwɛ-"@ram	
"tẽpe"@cof	<http://ids.clld.org/values/12-50-246-1>		<http://ids.clld.org/parameters/12-50>		<http://ids.clld.org/values/12-50-293-1>		"kʰam"@ram	
"'neˀde"@cof	<http://ids.clld.org/values/4-370-246-1>		<http://ids.clld.org/parameters/4-370>		<http://ids.clld.org/values/4-370-293-1>		"ii-par"@ram	
"ki'yoˀde"@cof	<http://ids.clld.org/values/4-209-246-3>		<http://ids.clld.org/parameters/4-209>		<http://ids.clld.org/values/4-209-293-1>		"hamã"@ram	
"sẽ"@cof	<http://ids.clld.org/values/16-710-246-3>		<http://ids.clld.org/parameters/16-710>		<http://ids.clld.org/values/16-710-293-1>		"-pɛy"@ram	
"c̷ale-no"@cof	<http://ids.clld.org/values/9-360-246-1>		<http://ids.clld.org/parameters/9-360>		<http://ids.clld.org/values/9-360-293-1>		"kuʔhõ"@ram	
"c̷ale-no"@cof	<http://ids.clld.org/values/9-360-246-1>		<http://ids.clld.org/parameters/9-360>		<http://ids.clld.org/values/9-360-293-3>		"kaʔhõ"@ram	
"taʰ'pe"@cof	<http://ids.clld.org/values/8-510-246-1>		<http://ids.clld.org/parameters/8-510>		<http://ids.clld.org/values/8-510-293-1>		"aʔ-tuu"@ram	
"'ha-hi-no"@cof	<http://ids.clld.org/values/10-370-246-1>		<http://ids.clld.org/parameters/10-370>		<http://ids.clld.org/values/10-370-293-1>		"tɛɛ"@ram	
"pe-ko'lo"@cof	<http://ids.clld.org/values/4-460-246-1>		<http://ids.clld.org/parameters/4-460>		<http://ids.clld.org/values/4-460-293-1>		"ii-tu"@ram	
"ha'la nãc̷i"@cof	<http://ids.clld.org/values/12-420-246-1>		<http://ids.clld.org/parameters/12-420>		<http://ids.clld.org/values/12-420-293-1>		"aw-kʰɛ"@ram	
"Φũ"@cof	<http://ids.clld.org/values/15-840-246-1>		<http://ids.clld.org/parameters/15-840>		<http://ids.clld.org/values/15-840-293-1>		"krə"@ram	
"Φũ"@cof	<http://ids.clld.org/values/15-840-246-1>		<http://ids.clld.org/parameters/15-840>		<http://ids.clld.org/values/15-840-293-3>		"(kʰra ?)"@ram	
"we'le"@cof	<http://ids.clld.org/values/3-760-246-3>		<http://ids.clld.org/parameters/3-760>		<http://ids.clld.org/values/3-760-293-1>		"kukʰoy"@ram	
"teʰ'Φũ"@cof	<http://ids.clld.org/values/4-270-246-1>		<http://ids.clld.org/parameters/4-270>		<http://ids.clld.org/values/4-270-293-1>		"ii-c̷wa"@ram	
"tera-ki"@cof	<http://ids.clld.org/values/10-440-246-3>		<http://ids.clld.org/parameters/10-440>		<http://ids.clld.org/values/10-440-293-1>		"hakrun (?)"@ram	
"tuwã-'le"@cof	<http://ids.clld.org/values/13-210-246-3>		<http://ids.clld.org/parameters/13-210>		<http://ids.clld.org/values/13-210-293-1>		"yic̷u"@ram	
"te'lenle"@cof	<http://ids.clld.org/values/8-540-246-1>		<http://ids.clld.org/parameters/8-540>		<http://ids.clld.org/values/8-540-293-1>		"haare"@ram	
"Φu'ri-po-no"@cof	<http://ids.clld.org/values/10-380-246-1>		<http://ids.clld.org/parameters/10-380>		<http://ids.clld.org/values/10-380-293-1>		"hakkoo"@ram	
"teˀde"@cof	<http://ids.clld.org/values/4-330-246-1>		<http://ids.clld.org/parameters/4-330>		<http://ids.clld.org/values/4-330-293-1>		"hũʔkʰra"@ram	
"'ya-ha"@cof	<http://ids.clld.org/values/7-520-246-1>		<http://ids.clld.org/parameters/7-520>		<http://ids.clld.org/values/7-520-293-1>		"po"@ram	
"te"@cof	<http://ids.clld.org/values/17-560-246-1>		<http://ids.clld.org/parameters/17-560>		<http://ids.clld.org/values/17-560-293-1>		"ke-"@ram	
"ma're-no"@cof	<http://ids.clld.org/values/10-350-246-3>		<http://ids.clld.org/parameters/10-350>		<http://ids.clld.org/values/10-350-293-1>		"ree"@ram	
"ma're-no"@cof	<http://ids.clld.org/values/10-350-246-3>		<http://ids.clld.org/parameters/10-350>		<http://ids.clld.org/values/10-350-293-3>		"c̷wa"@ram	
"ra-"@cof	<http://ids.clld.org/values/12-150-246-1>		<http://ids.clld.org/parameters/12-150>		<http://ids.clld.org/values/12-150-293-1>		"c̷a"@ram	
"kaʰ'sã"@cof	<http://ids.clld.org/values/14-130-246-1>		<http://ids.clld.org/parameters/14-130>		<http://ids.clld.org/values/14-130-293-1>		"-tuwa"@ram	
"'mo-ti-no"@cof	<http://ids.clld.org/values/16-290-246-1>		<http://ids.clld.org/parameters/16-290>		<http://ids.clld.org/values/16-290-293-1>		"p (?)"@ram	
"na-si"@cof	<http://ids.clld.org/values/13-170-246-1>		<http://ids.clld.org/parameters/13-170>		<http://ids.clld.org/values/13-170-293-1>		"kʰɨɨpe-"@ram	
"'waʰtu"@cof	<http://ids.clld.org/values/3-592-246-1>		<http://ids.clld.org/parameters/3-592>		<http://ids.clld.org/values/3-592-293-1>		"krɨy-ti"@ram	
"ni"@cof	<http://ids.clld.org/values/8-311-246-1>		<http://ids.clld.org/parameters/8-311>		<http://ids.clld.org/values/8-311-293-1>		"iʔ-hɨɨ (hɨ- ?)"@ram	
"mãpi"@cof	<http://ids.clld.org/values/2-510-246-1>		<http://ids.clld.org/parameters/2-510>		<http://ids.clld.org/values/2-510-293-1>		"kɛt"@ram	
"'kiˀdo"@cof	<http://ids.clld.org/values/8-750-246-1>		<http://ids.clld.org/parameters/8-750>		<http://ids.clld.org/values/8-750-293-1>		"ii-kʰə"@ram	
"ʔa'yã"@cof	<http://ids.clld.org/values/2-360-246-1>		<http://ids.clld.org/parameters/2-360>		<http://ids.clld.org/values/2-360-293-1>		"-nə̃ə̃"@ram	
"lu'rĩ"@cof	<http://ids.clld.org/values/4-856-246-1>		<http://ids.clld.org/parameters/4-856>		<http://ids.clld.org/values/4-856-293-1>		"kuhe"@ram	
"he'lẽ"@cof	<http://ids.clld.org/values/1-410-246-1>		<http://ids.clld.org/parameters/1-410>		<http://ids.clld.org/values/1-410-293-1>		"lam-"@ram	
"ˀba'rẽ-"@cof	<http://ids.clld.org/values/12-570-246-1>		<http://ids.clld.org/parameters/12-570>		<http://ids.clld.org/values/12-570-293-1>		"i-rɨɨ"@ram	
"ˀdi'li-no"@cof	<http://ids.clld.org/values/9-343-246-3>		<http://ids.clld.org/parameters/9-343>		<http://ids.clld.org/values/9-343-293-1>		"ŋɛ̃n"@ram	
"haʰ'ke"@cof	<http://ids.clld.org/values/4-450-246-1>		<http://ids.clld.org/parameters/4-450>		<http://ids.clld.org/values/4-450-293-1>		"ii-pa"@ram	
"-tu"@cof	<http://ids.clld.org/values/17-560-246-3>		<http://ids.clld.org/parameters/17-560>		<http://ids.clld.org/values/17-560-293-1>		"ke-"@ram	
"hele'lẽ"@cof	<http://ids.clld.org/values/12-610-246-1>		<http://ids.clld.org/parameters/12-610>		<http://ids.clld.org/values/12-610-293-1>		"iʔ-pɔ"@ram	
"c̷u-no"@cof	<http://ids.clld.org/values/5-160-246-1>		<http://ids.clld.org/parameters/5-160>		<http://ids.clld.org/values/5-160-293-1>		"kaho"@ram	
"kã'to"@cof	<http://ids.clld.org/values/3-760-246-1>		<http://ids.clld.org/parameters/3-760>		<http://ids.clld.org/values/3-760-293-1>		"kukʰoy"@ram	
"mi'su"@cof	<http://ids.clld.org/values/4-200-246-1>		<http://ids.clld.org/parameters/4-200>		<http://ids.clld.org/values/4-200-293-1>		"ii-kʰrə̃"@ram	
"ha'ˀdõ"@cof	<http://ids.clld.org/values/15-810-246-1>		<http://ids.clld.org/parameters/15-810>		<http://ids.clld.org/values/15-810-293-1>		"hũũ-tĩ"@ram	
"tu'wã"@cof	<http://ids.clld.org/values/13-210-246-1>		<http://ids.clld.org/parameters/13-210>		<http://ids.clld.org/values/13-210-293-1>		"yic̷u"@ram	
"nĩ"@cof	<http://ids.clld.org/values/1-810-246-1>		<http://ids.clld.org/parameters/1-810>		<http://ids.clld.org/values/1-810-293-1>		"kuhɨ"@ram	
"ˀboʰ'te"@cof	<http://ids.clld.org/values/4-464-246-1>		<http://ids.clld.org/parameters/4-464>		<http://ids.clld.org/values/4-464-293-1>		"ayɔ"@ram	
"hi'ˀda"@cof	<http://ids.clld.org/values/15-860-246-1>		<http://ids.clld.org/parameters/15-860>		<http://ids.clld.org/values/15-860-293-1>		"kʰrɨ"@ram	
"pi-sula-no"@cof	<http://ids.clld.org/values/10-350-246-1>		<http://ids.clld.org/parameters/10-350>		<http://ids.clld.org/values/10-350-293-1>		"ree"@ram	
"pi-sula-no"@cof	<http://ids.clld.org/values/10-350-246-1>		<http://ids.clld.org/parameters/10-350>		<http://ids.clld.org/values/10-350-293-3>		"c̷wa"@ram	
"su"@cof	<http://ids.clld.org/values/1-440-246-1>		<http://ids.clld.org/parameters/1-440>		<http://ids.clld.org/values/1-440-293-1>		"kʰɛn"@ram	
"mi'nu"@cof	<http://ids.clld.org/values/10-720-246-1>		<http://ids.clld.org/parameters/10-720>		<http://ids.clld.org/values/10-720-293-1>		"prɨɨ"@ram	
"wi'ru-ʔi-no"@cof	<http://ids.clld.org/values/12-150-246-5>		<http://ids.clld.org/parameters/12-150>		<http://ids.clld.org/values/12-150-293-1>		"c̷a"@ram	
"'la-no"@cof	<http://ids.clld.org/values/10-472-246-1>		<http://ids.clld.org/parameters/10-472>		<http://ids.clld.org/values/10-472-293-1>		"pi-"@ram	
"c̷iʰ'pĩ"@cof	<http://ids.clld.org/values/3-813-246-1>		<http://ids.clld.org/parameters/3-813>		<http://ids.clld.org/values/3-813-293-1>		"ĩnko"@ram	
"ki-no"@cof	<http://ids.clld.org/values/9-210-246-3>		<http://ids.clld.org/parameters/9-210>		<http://ids.clld.org/values/9-210-293-1>		"kʰrɔ̃k"@ram	
"pu'lu"@cof	<http://ids.clld.org/values/5-700-246-1>		<http://ids.clld.org/parameters/5-700>		<http://ids.clld.org/values/5-700-293-1>		"yat (yɛt ?)"@ram	
"'c̷alã"@cof	<http://ids.clld.org/values/1-215-246-1>		<http://ids.clld.org/parameters/1-215>		<http://ids.clld.org/values/1-215-293-1>		"pye"@ram	
"koma'na"@cof	<http://ids.clld.org/values/4-820-246-1>		<http://ids.clld.org/parameters/4-820>		<http://ids.clld.org/values/4-820-293-1>		"pɛk-"@ram	
"na-ri"@cof	<http://ids.clld.org/values/13-170-246-3>		<http://ids.clld.org/parameters/13-170>		<http://ids.clld.org/values/13-170-293-1>		"kʰɨɨpe-"@ram	
"waʰc̷a"@cof	<http://ids.clld.org/values/3-650-246-1>		<http://ids.clld.org/parameters/3-650>		<http://ids.clld.org/values/3-650-293-3>		"krən-"@ram	
"waʰc̷a"@cof	<http://ids.clld.org/values/3-650-246-1>		<http://ids.clld.org/parameters/3-650>		<http://ids.clld.org/values/3-650-293-1>		"tɛp"@ram	
"yo kiˀdo"@cof	<http://ids.clld.org/values/1-510-246-1>		<http://ids.clld.org/parameters/1-510>		<http://ids.clld.org/values/1-510-293-1>		"koykʰwa"@ram	
"to'la"@cof	<http://ids.clld.org/values/19-250-246-1>		<http://ids.clld.org/parameters/19-250>		<http://ids.clld.org/values/19-250-293-1>		"kʰo-"@ram	
"tĩpo'le-no"@cof	<http://ids.clld.org/values/10-130-246-3>		<http://ids.clld.org/parameters/10-130>		<http://ids.clld.org/values/10-130-293-1>		"ayrɔ̃"@ram	
"pe'mã-'ka"@cof	<http://ids.clld.org/values/13-30-246-3>		<http://ids.clld.org/parameters/13-30>		<http://ids.clld.org/values/13-30-293-1>		"ɨnkre-"@ram	
"ʔa"@cof	<http://ids.clld.org/values/4-140-246-1>		<http://ids.clld.org/parameters/4-140>		<http://ids.clld.org/values/4-140-293-1>		"ii-kʰĩ"@ram	
"c̷i'de pe'le"@cof	<http://ids.clld.org/values/8-600-246-3>		<http://ids.clld.org/parameters/8-600>		<http://ids.clld.org/values/8-600-293-1>		"pĩĩ"@ram	
"'nakã"@cof	<http://ids.clld.org/values/12-560-246-1>		<http://ids.clld.org/parameters/12-560>		<http://ids.clld.org/values/12-560-293-3>		"lɛ"@ram	
"'nakã"@cof	<http://ids.clld.org/values/12-560-246-1>		<http://ids.clld.org/parameters/12-560>		<http://ids.clld.org/values/12-560-293-1>		"ĩn-krirɛ"@ram	
"c̷i'ˀde"@cof	<http://ids.clld.org/values/1-430-246-1>		<http://ids.clld.org/parameters/1-430>		<http://ids.clld.org/values/1-430-293-1>		"pĩ"@ram	
"pĩ-ˀbã"@cof	<http://ids.clld.org/values/15-350-246-1>		<http://ids.clld.org/parameters/15-350>		<http://ids.clld.org/values/15-350-293-1>		"c̷o-"@ram	
"mã-ka-si-ri"@cof	<http://ids.clld.org/values/13-330-246-1>		<http://ids.clld.org/parameters/13-330>		<http://ids.clld.org/values/13-330-293-3>		"kamã"@ram	
"mã-ka-si-ri"@cof	<http://ids.clld.org/values/13-330-246-1>		<http://ids.clld.org/parameters/13-330>		<http://ids.clld.org/values/13-330-293-1>		"pit"@ram	
"heko"@cof	<http://ids.clld.org/values/4-521-246-3>		<http://ids.clld.org/parameters/4-521>		<http://ids.clld.org/values/4-521-293-1>		"hɛk"@ram	
"si'li"@cof	<http://ids.clld.org/values/6-380-246-1>		<http://ids.clld.org/parameters/6-380>		<http://ids.clld.org/values/6-380-293-1>		"he-"@ram	
"si'li"@cof	<http://ids.clld.org/values/6-380-246-1>		<http://ids.clld.org/parameters/6-380>		<http://ids.clld.org/values/6-380-293-3>		"-c̷e- (?)"@ram	
"ha'li-no"@cof	<http://ids.clld.org/values/4-580-246-1>		<http://ids.clld.org/parameters/4-580>		<http://ids.clld.org/values/4-580-293-1>		"-ku-c̷a"@ram	
"mi'yã"@cof	<http://ids.clld.org/values/2-450-246-3>		<http://ids.clld.org/parameters/2-450>		<http://ids.clld.org/values/2-450-293-1>		"tɔ̃y-"@ram	
"ki-no"@cof	<http://ids.clld.org/values/9-110-246-3>		<http://ids.clld.org/parameters/9-110>		<http://ids.clld.org/values/9-110-293-1>		"tɔn"@ram	
"'keʰpenã"@cof	<http://ids.clld.org/values/14-440-246-1>		<http://ids.clld.org/parameters/14-440>		<http://ids.clld.org/values/14-440-293-1>		"apɛ̃"@ram	
"kuʰ'c̷i-no"@cof	<http://ids.clld.org/values/5-130-246-1>		<http://ids.clld.org/parameters/5-130>		<http://ids.clld.org/values/5-130-293-1>		"-kʰõ (kʰɔ̃ ?)"@ram	
"ʔaʰ'tã"@cof	<http://ids.clld.org/values/15-830-246-1>		<http://ids.clld.org/parameters/15-830>		<http://ids.clld.org/values/15-830-293-1>		"mrɔ̃ (?)"@ram	
"ku'ra"@cof	<http://ids.clld.org/values/13-140-246-1>		<http://ids.clld.org/parameters/13-140>		<http://ids.clld.org/values/13-140-293-1>		"tu-"@ram	
"su'wa"@cof	<http://ids.clld.org/values/1-750-246-1>		<http://ids.clld.org/parameters/1-750>		<http://ids.clld.org/values/1-750-293-1>		"taa (ta ?)"@ram	
"me'ra-no"@cof	<http://ids.clld.org/values/15-410-246-1>		<http://ids.clld.org/parameters/15-410>		<http://ids.clld.org/values/15-410-293-1>		"kʰə̃-pa"@ram	
"haʰpi'su"@cof	<http://ids.clld.org/values/8-560-246-1>		<http://ids.clld.org/parameters/8-560>		<http://ids.clld.org/values/8-560-293-1>		"iʔ-ho"@ram	
"'teˀde"@cof	<http://ids.clld.org/values/4-310-246-1>		<http://ids.clld.org/parameters/4-310>		<http://ids.clld.org/values/4-310-293-1>		"pa"@ram	
"wiʰ'ta"@cof	<http://ids.clld.org/values/8-120-246-1>		<http://ids.clld.org/parameters/8-120>		<http://ids.clld.org/values/8-120-293-1>		"pur"@ram	
"nĩ-po-no"@cof	<http://ids.clld.org/values/1-851-246-3>		<http://ids.clld.org/parameters/1-851>		<http://ids.clld.org/values/1-851-293-1>		"ka-c̷ər"@ram	
"lu'li"@cof	<http://ids.clld.org/values/8-570-246-1>		<http://ids.clld.org/parameters/8-570>		<http://ids.clld.org/values/8-570-293-1>		"ii-rə̃"@ram	
"'tãha-"@cof	<http://ids.clld.org/values/10-610-246-3>		<http://ids.clld.org/parameters/10-610>		<http://ids.clld.org/values/10-610-293-1>		"pə"@ram	
"a Φu"@cof	<http://ids.clld.org/values/4-140-246-5>		<http://ids.clld.org/parameters/4-140>		<http://ids.clld.org/values/4-140-293-1>		"ii-kʰĩ"@ram	
