"wa pi-pi-'lu"@cof	<http://ids.clld.org/values/1-330-246-1>		<http://ids.clld.org/parameters/1-330>		<http://ids.clld.org/values/1-330-174-1>		"čūʔhə"@mch	
"hũ-palu"@cof	<http://ids.clld.org/values/13-40-246-1>		<http://ids.clld.org/parameters/13-40>		<http://ids.clld.org/values/13-40-174-1>		"āʔkəiʔčea"@mch	
"'sõna-no"@cof	<http://ids.clld.org/values/4-740-246-1>		<http://ids.clld.org/parameters/4-740>		<http://ids.clld.org/values/4-740-174-1>		"wenɲə"@mch	
"pa hũ-la"@cof	<http://ids.clld.org/values/19-520-246-3>		<http://ids.clld.org/parameters/19-520>		<http://ids.clld.org/values/19-520-174-1>		"tuʔde"@mch	
"la-"@cof	<http://ids.clld.org/values/10-474-246-3>		<http://ids.clld.org/parameters/10-474>		<http://ids.clld.org/values/10-474-174-1>		"w-ehaʔka-nə"@mch	
"laʰ'pipo-no"@cof	<http://ids.clld.org/values/10-140-246-3>		<http://ids.clld.org/parameters/10-140>		<http://ids.clld.org/values/10-140-174-1>		"weməīya"@mch	
"sẽ"@cof	<http://ids.clld.org/values/4-830-246-1>		<http://ids.clld.org/parameters/4-830>		<http://ids.clld.org/values/4-830-174-1>		"tadəinɲe"@mch	
"ʔoh'tõ-koro"@cof	<http://ids.clld.org/values/3-840-246-1>		<http://ids.clld.org/parameters/3-840>		<http://ids.clld.org/values/3-840-174-1>		"motto"@mch	
"taʰpe kaʰsi-no"@cof	<http://ids.clld.org/values/9-370-246-1>		<http://ids.clld.org/parameters/9-370>		<http://ids.clld.org/values/9-370-174-1>		"šēmeka-dɨ"@mch	
"ʔe'lã"@cof	<http://ids.clld.org/values/8-941-246-1>		<http://ids.clld.org/parameters/8-941>		<http://ids.clld.org/values/8-941-174-1>		"əšīčādɨ"@mch	
"c̷iʰ'ke"@cof	<http://ids.clld.org/values/2-910-246-3>		<http://ids.clld.org/parameters/2-910>		<http://ids.clld.org/values/2-910-174-1>		"ɨwɨ"@mch	
"puʰ'ka"@cof	<http://ids.clld.org/values/8-311-246-3>		<http://ids.clld.org/parameters/8-311>		<http://ids.clld.org/values/8-311-174-1>		"čə̄huʔhə"@mch	
"su'su"@cof	<http://ids.clld.org/values/3-610-246-1>		<http://ids.clld.org/parameters/3-610>		<http://ids.clld.org/values/3-610-174-1>		"sɨ̄ʔna"@mch	
"[tako]"@cof	<http://ids.clld.org/values/8-680-246-1>		<http://ids.clld.org/parameters/8-680>		<http://ids.clld.org/values/8-680-174-1>		"kawai"@mch	
"kasa-'le"@cof	<http://ids.clld.org/values/12-40-246-3>		<http://ids.clld.org/parameters/12-40>		<http://ids.clld.org/values/12-40-174-1>		"owāho"@mch	
"kasa-'le"@cof	<http://ids.clld.org/values/12-40-246-3>		<http://ids.clld.org/parameters/12-40>		<http://ids.clld.org/values/12-40-174-3>		"awaʔde"@mch	
"Φa-"@cof	<http://ids.clld.org/values/10-550-246-3>		<http://ids.clld.org/parameters/10-550>		<http://ids.clld.org/values/10-550-174-1>		"w-əʔdɨ-nə"@mch	
"laʰpi-no"@cof	<http://ids.clld.org/values/10-140-246-1>		<http://ids.clld.org/parameters/10-140>		<http://ids.clld.org/values/10-140-174-1>		"weməīya"@mch	
"te'ra-ke-no"@cof	<http://ids.clld.org/values/10-440-246-1>		<http://ids.clld.org/parameters/10-440>		<http://ids.clld.org/values/10-440-174-1>		"-ənwa-"@mch	
"kuʰ'ta-pe"@cof	<http://ids.clld.org/values/7-570-246-1>		<http://ids.clld.org/parameters/7-570>		<http://ids.clld.org/values/7-570-174-1>		"[tadwa]"@mch	
"ʔaʰ'sã"@cof	<http://ids.clld.org/values/4-150-246-1>		<http://ids.clld.org/parameters/4-150>		<http://ids.clld.org/values/4-150-174-1>		"munu"@mch	
"'parĩki"@cof	<http://ids.clld.org/values/3-584-246-1>		<http://ids.clld.org/parameters/3-584>		<http://ids.clld.org/values/3-584-174-1>		"demōši"@mch	
"ˀdi'la"@cof	<http://ids.clld.org/values/20-640-246-1>		<http://ids.clld.org/parameters/20-640>		<http://ids.clld.org/values/20-640-174-1>		"hāno"@mch	
"mã"@cof	<http://ids.clld.org/values/13-10-246-1>		<http://ids.clld.org/parameters/13-10>		<http://ids.clld.org/values/13-10-174-1>		"tōni"@mch	
"kuwa-no"@cof	<http://ids.clld.org/values/11-210-246-1>		<http://ids.clld.org/parameters/11-210>		<http://ids.clld.org/values/11-210-174-1>		"utūdu"@mch	
"ʔuwã"@cof	<http://ids.clld.org/values/12-550-246-3>		<http://ids.clld.org/parameters/12-550>		<http://ids.clld.org/values/12-550-174-1>		"nuwe"@mch	
"'c̷u-no"@cof	<http://ids.clld.org/values/12-130-246-1>		<http://ids.clld.org/parameters/12-130>		<http://ids.clld.org/values/12-130-174-1>		"w-atahhimā-nə"@mch	
"'kiˀdo"@cof	<http://ids.clld.org/values/4-120-246-1>		<http://ids.clld.org/parameters/4-120>		<http://ids.clld.org/values/4-120-174-1>		"hiʔhə"@mch	
"pi'la ki'ˀdo"@cof	<http://ids.clld.org/values/18-560-246-1>		<http://ids.clld.org/parameters/18-560>		<http://ids.clld.org/values/18-560-174-1>		"[hahēda]"@mch	
"'walpa"@cof	<http://ids.clld.org/values/3-540-246-1>		<http://ids.clld.org/parameters/3-540>		<http://ids.clld.org/values/3-540-174-1>		"kudaymādu"@mch	
"kuʰ'c̷u"@cof	<http://ids.clld.org/values/8-920-246-1>		<http://ids.clld.org/parameters/8-920>		<http://ids.clld.org/values/8-920-174-1>		"kɨdēde"@mch	
"pa'na-"@cof	<http://ids.clld.org/values/10-610-246-1>		<http://ids.clld.org/parameters/10-610>		<http://ids.clld.org/values/10-610-174-1>		"-adə̄-"@mch	
"po'yo"@cof	<http://ids.clld.org/values/1-730-246-1>		<http://ids.clld.org/parameters/1-730>		<http://ids.clld.org/values/1-730-174-1>		"kāʔdutu"@mch	
"[kwenta] ke-no"@cof	<http://ids.clld.org/values/18-221-246-1>		<http://ids.clld.org/parameters/18-221>		<http://ids.clld.org/values/18-221-174-1>		"mēʔkuʔtə̄dɨ"@mch	
"'c̷oc̷o"@cof	<http://ids.clld.org/values/5-124-246-3>		<http://ids.clld.org/parameters/5-124>		<http://ids.clld.org/values/5-124-174-1>		"šēne"@mch	
"naʰ'ka"@cof	<http://ids.clld.org/values/12-560-246-3>		<http://ids.clld.org/parameters/12-560>		<http://ids.clld.org/values/12-560-174-1>		"šeʔkə"@mch	
"la'yũ"@cof	<http://ids.clld.org/values/15-770-246-1>		<http://ids.clld.org/parameters/15-770>		<http://ids.clld.org/values/15-770-174-1>		"tɨwansuʔde"@mch	
"ka'rã"@cof	<http://ids.clld.org/values/3-818-246-1>		<http://ids.clld.org/parameters/3-818>		<http://ids.clld.org/values/3-818-174-1>		"modoy"@mch	
"tẽka ka-no"@cof	<http://ids.clld.org/values/17-130-246-1>		<http://ids.clld.org/parameters/17-130>		<http://ids.clld.org/values/17-130-174-1>		"tɨtahə-nə"@mch	
"'keʔere-ʔi-no"@cof	<http://ids.clld.org/values/10-230-246-1>		<http://ids.clld.org/parameters/10-230>		<http://ids.clld.org/values/10-230-174-1>		"w-eduka-nə"@mch	
"'c̷aʰc̷i-ka"@cof	<http://ids.clld.org/values/4-130-246-1>		<http://ids.clld.org/parameters/4-130>		<http://ids.clld.org/values/4-130-174-1>		"hyunu"@mch	
"ʔoʰ'si-no"@cof	<http://ids.clld.org/values/11-820-246-1>		<http://ids.clld.org/parameters/11-820>		<http://ids.clld.org/values/11-820-174-1>		"ehema-hoi"@mch	
"ta-no"@cof	<http://ids.clld.org/values/11-110-246-1>		<http://ids.clld.org/parameters/11-110>		<http://ids.clld.org/values/11-110-174-1>		"tɨweiye wənɲe"@mch	
"wiʰ'ta"@cof	<http://ids.clld.org/values/8-130-246-1>		<http://ids.clld.org/parameters/8-130>		<http://ids.clld.org/values/8-130-174-1>		"awdwāhə"@mch	
"c̷a'la"@cof	<http://ids.clld.org/values/9-760-246-1>		<http://ids.clld.org/parameters/9-760>		<http://ids.clld.org/values/9-760-174-1>		"wɨ̄wa"@mch	
"'ˀbẽˀbe"@cof	<http://ids.clld.org/values/12-630-246-1>		<http://ids.clld.org/parameters/12-630>		<http://ids.clld.org/values/12-630-174-1>		"hūšīhe"@mch	
"se 'lari-no"@cof	<http://ids.clld.org/values/11-250-246-1>		<http://ids.clld.org/parameters/11-250>		<http://ids.clld.org/values/11-250-174-1>		"ewanakādɨ"@mch	
"pa'ya"@cof	<http://ids.clld.org/values/3-730-246-1>		<http://ids.clld.org/parameters/3-730>		<http://ids.clld.org/values/3-730-174-1>		"hədēmu"@mch	
"ʔũ-ʔi-"@cof	<http://ids.clld.org/values/10-340-246-1>		<http://ids.clld.org/parameters/10-340>		<http://ids.clld.org/values/10-340-174-1>		"tɨtāwaʔta"@mch	
"ʔiʰ'sã"@cof	<http://ids.clld.org/values/15-860-246-3>		<http://ids.clld.org/parameters/15-860>		<http://ids.clld.org/values/15-860-174-1>		"kəmme"@mch	
"ʔoʰ'Φo-ke-no"@cof	<http://ids.clld.org/values/4-530-246-1>		<http://ids.clld.org/parameters/4-530>		<http://ids.clld.org/values/4-530-174-1>		"təinšiʔho"@mch	
"si'nuka"@cof	<http://ids.clld.org/values/2-471-246-1>		<http://ids.clld.org/parameters/2-471>		<http://ids.clld.org/values/2-471-174-1>		"noʔsamoʔkɨ"@mch	
"torĩ-'kã"@cof	<http://ids.clld.org/values/12-810-246-1>		<http://ids.clld.org/parameters/12-810>		<http://ids.clld.org/values/12-810-174-1>		"kokkoduhaʔto"@mch	
"loʰsĩ-ˀbã"@cof	<http://ids.clld.org/values/15-680-246-1>		<http://ids.clld.org/parameters/15-680>		<http://ids.clld.org/values/15-680-174-1>		"šēne"@mch	
"ki'ya"@cof	<http://ids.clld.org/values/2-630-246-1>		<http://ids.clld.org/parameters/2-630>		<http://ids.clld.org/values/2-630-174-1>		"-hannɨ-dɨ"@mch	
"ki'ra-no"@cof	<http://ids.clld.org/values/15-510-246-1>		<http://ids.clld.org/parameters/15-510>		<http://ids.clld.org/values/15-510-174-1>		"ene-dɨ"@mch	
"ʔu'nila na"@cof	<http://ids.clld.org/values/2-250-246-1>		<http://ids.clld.org/parameters/2-250>		<http://ids.clld.org/values/2-250-174-1>		"mudekə̄kə"@mch	
"ya-'la"@cof	<http://ids.clld.org/values/2-960-246-1>		<http://ids.clld.org/parameters/2-960>		<http://ids.clld.org/values/2-960-174-1>		"tɨnwano"@mch	
"'ʔati-no"@cof	<http://ids.clld.org/values/18-130-246-3>		<http://ids.clld.org/parameters/18-130>		<http://ids.clld.org/values/18-130-174-1>		"kəʔtɨn-nə"@mch	
"sẽ-nã"@cof	<http://ids.clld.org/values/4-830-246-3>		<http://ids.clld.org/parameters/4-830>		<http://ids.clld.org/values/4-830-174-1>		"tadəinɲe"@mch	
"c̷ã'pa"@cof	<http://ids.clld.org/values/6-120-246-1>		<http://ids.clld.org/parameters/6-120>		<http://ids.clld.org/values/6-120-174-1>		"womɨ"@mch	
"kasa'le"@cof	<http://ids.clld.org/values/14-250-246-1>		<http://ids.clld.org/parameters/14-250>		<http://ids.clld.org/values/14-250-174-1>		"ahəntədɨ"@mch	
"ta'mo"@cof	<http://ids.clld.org/values/7-270-246-1>		<http://ids.clld.org/parameters/7-270>		<http://ids.clld.org/values/7-270-174-1>		"həʔhudu"@mch	
"pele-c̷i"@cof	<http://ids.clld.org/values/12-30-246-1>		<http://ids.clld.org/parameters/12-30>		<http://ids.clld.org/values/12-30-174-1>		"doʔnə"@mch	
"'mã-te"@cof	<http://ids.clld.org/values/13-50-246-1>		<http://ids.clld.org/parameters/13-50>		<http://ids.clld.org/values/13-50-174-1>		"hyātodea"@mch	
"c̷ãpu"@cof	<http://ids.clld.org/values/5-700-246-3>		<http://ids.clld.org/parameters/5-700>		<http://ids.clld.org/values/5-700-174-1>		"šāku"@mch	
"'ka-no"@cof	<http://ids.clld.org/values/11-130-246-1>		<http://ids.clld.org/parameters/11-130>		<http://ids.clld.org/values/11-130-174-1>		"w-emhan-nə"@mch	
"ˀdo'ni"@cof	<http://ids.clld.org/values/4-250-246-1>		<http://ids.clld.org/parameters/4-250>		<http://ids.clld.org/values/4-250-174-1>		"ə̄ʔhi"@mch	
"'c̷iˀbã"@cof	<http://ids.clld.org/values/15-850-246-1>		<http://ids.clld.org/parameters/15-850>		<http://ids.clld.org/values/15-850-174-1>		"taʔne"@mch	
"ʔonpi"@cof	<http://ids.clld.org/values/3-980-246-1>		<http://ids.clld.org/parameters/3-980>		<http://ids.clld.org/values/3-980-174-1>		"heʔde"@mch	
"yuʰ'kã"@cof	<http://ids.clld.org/values/22-350-246-3>		<http://ids.clld.org/parameters/22-350>		<http://ids.clld.org/values/22-350-174-1>		"kahūšawa"@mch	
"ya"@cof	<http://ids.clld.org/values/7-510-246-1>		<http://ids.clld.org/parameters/7-510>		<http://ids.clld.org/values/7-510-174-1>		"aməʔhɨdɨ"@mch	
"ʔiʰto-no"@cof	<http://ids.clld.org/values/13-0-246-1>		<http://ids.clld.org/parameters/13-0>		<http://ids.clld.org/values/13-0-174-1>		"āʔke"@mch	
"piʰ'sa"@cof	<http://ids.clld.org/values/1-250-246-1>		<http://ids.clld.org/parameters/1-250>		<http://ids.clld.org/values/1-250-174-1>		"dantadɨ"@mch	
"'su-lo-no"@cof	<http://ids.clld.org/values/10-430-246-1>		<http://ids.clld.org/parameters/10-430>		<http://ids.clld.org/values/10-430-174-1>		"w-ahanɨn-nə"@mch	
"mãpi"@cof	<http://ids.clld.org/values/2-511-246-1>		<http://ids.clld.org/parameters/2-511>		<http://ids.clld.org/values/2-511-174-1>		"yawo"@mch	
"keʰ'Φũ"@cof	<http://ids.clld.org/values/15-820-246-1>		<http://ids.clld.org/parameters/15-820>		<http://ids.clld.org/values/15-820-174-1>		"tawāhe"@mch	
"Φi-ʰ'ˀbã"@cof	<http://ids.clld.org/values/15-640-246-1>		<http://ids.clld.org/parameters/15-640>		<http://ids.clld.org/values/15-640-174-1>		"təʔkeʔne"@mch	
"tuwa-no"@cof	<http://ids.clld.org/values/4-853-246-1>		<http://ids.clld.org/parameters/4-853>		<http://ids.clld.org/values/4-853-174-1>		"awonɲəʔkādɨ"@mch	
"'tãhi-"@cof	<http://ids.clld.org/values/10-620-246-1>		<http://ids.clld.org/parameters/10-620>		<http://ids.clld.org/values/10-620-174-1>		"-enehɨ"@mch	
"ʔoro-'no"@cof	<http://ids.clld.org/values/6-350-246-1>		<http://ids.clld.org/parameters/6-350>		<http://ids.clld.org/values/6-350-174-1>		"šōka-dɨ"@mch	
"panu"@cof	<http://ids.clld.org/values/6-120-246-3>		<http://ids.clld.org/parameters/6-120>		<http://ids.clld.org/values/6-120-174-1>		"womɨ"@mch	
"wa'laˀda-no"@cof	<http://ids.clld.org/values/12-930-246-1>		<http://ids.clld.org/parameters/12-930>		<http://ids.clld.org/values/12-930-174-1>		"w-ekamhiaka-nə"@mch	
"peʰtẽ-no"@cof	<http://ids.clld.org/values/5-125-246-3>		<http://ids.clld.org/parameters/5-125>		<http://ids.clld.org/values/5-125-174-1>		"čə̄tāhə"@mch	
"ʔa'no"@cof	<http://ids.clld.org/values/5-120-246-1>		<http://ids.clld.org/parameters/5-120>		<http://ids.clld.org/values/5-120-174-1>		"mudūkuku"@mch	
"pe'mã"@cof	<http://ids.clld.org/values/13-30-246-1>		<http://ids.clld.org/parameters/13-30>		<http://ids.clld.org/values/13-30-174-1>		"aduwawə"@mch	
"meʰ'se"@cof	<http://ids.clld.org/values/3-620-246-1>		<http://ids.clld.org/parameters/3-620>		<http://ids.clld.org/values/3-620-174-1>		"[mēši]"@mch	
"ya"@cof	<http://ids.clld.org/values/2-930-246-1>		<http://ids.clld.org/parameters/2-930>		<http://ids.clld.org/values/2-930-174-1>		"tɨwɨ"@mch	
"na-ˀdẽ"@cof	<http://ids.clld.org/values/12-620-246-1>		<http://ids.clld.org/parameters/12-620>		<http://ids.clld.org/values/12-620-174-3>		"anwakɨme"@mch	
"na-ˀdẽ"@cof	<http://ids.clld.org/values/12-620-246-1>		<http://ids.clld.org/parameters/12-620>		<http://ids.clld.org/values/12-620-174-1>		"danwadɨ"@mch	
"c̷arã"@cof	<http://ids.clld.org/values/16-710-246-5>		<http://ids.clld.org/parameters/16-710>		<http://ids.clld.org/values/16-710-174-1>		"ašiča"@mch	
"hoʰ'ke-no"@cof	<http://ids.clld.org/values/12-230-246-3>		<http://ids.clld.org/parameters/12-230>		<http://ids.clld.org/values/12-230-174-1>		"šādamadɨ̄he"@mch	
"ni"@cof	<http://ids.clld.org/values/5-710-246-5>		<http://ids.clld.org/parameters/5-710>		<http://ids.clld.org/values/5-710-174-1>		"čə̄hɨdɨ̄-hɨdɨ"@mch	
"na"@cof	<http://ids.clld.org/values/2-430-246-1>		<http://ids.clld.org/parameters/2-430>		<http://ids.clld.org/values/2-430-174-1>		"nnedɨ"@mch	
"nu"@cof	<http://ids.clld.org/values/2-920-246-1>		<http://ids.clld.org/parameters/2-920>		<http://ids.clld.org/values/2-920-174-1>		"əmədə"@mch	
"c̷ũ'ka 'mã-te-ka"@cof	<http://ids.clld.org/values/13-103-246-1>		<http://ids.clld.org/parameters/13-103>		<http://ids.clld.org/values/13-103-174-1>		"amohadəʔto dēwə hyatodea"@mch	
"Φo'ro"@cof	<http://ids.clld.org/values/1-280-246-1>		<http://ids.clld.org/parameters/1-280>		<http://ids.clld.org/values/1-280-174-1>		"ewɨ̄tɨ"@mch	
"ni'ya-no"@cof	<http://ids.clld.org/values/1-852-246-1>		<http://ids.clld.org/parameters/1-852>		<http://ids.clld.org/values/1-852-174-1>		"daʔtwa-dɨ"@mch	
"'nena-no"@cof	<http://ids.clld.org/values/10-450-246-1>		<http://ids.clld.org/parameters/10-450>		<http://ids.clld.org/values/10-450-174-1>		"w-ōhoyma-nə"@mch	
"ku'wa"@cof	<http://ids.clld.org/values/6-240-246-1>		<http://ids.clld.org/parameters/6-240>		<http://ids.clld.org/values/6-240-174-1>		"wadēkū"@mch	
"ke-no"@cof	<http://ids.clld.org/values/9-110-246-1>		<http://ids.clld.org/parameters/9-110>		<http://ids.clld.org/values/9-110-174-1>		"tɨdɨ̄dɨ"@mch	
"la"@cof	<http://ids.clld.org/values/20-640-246-3>		<http://ids.clld.org/parameters/20-640>		<http://ids.clld.org/values/20-640-174-1>		"hāno"@mch	
"ke-no"@cof	<http://ids.clld.org/values/20-620-246-1>		<http://ids.clld.org/parameters/20-620>		<http://ids.clld.org/values/20-620-174-1>		"t-ɨwə̄-dɨ"@mch	
"nu'wiri"@cof	<http://ids.clld.org/values/12-440-246-1>		<http://ids.clld.org/parameters/12-440>		<http://ids.clld.org/values/12-440-174-1>		"amoinče"@mch	
"tile"@cof	<http://ids.clld.org/values/17-660-246-3>		<http://ids.clld.org/parameters/17-660>		<http://ids.clld.org/values/17-660-174-1>		"ə̄iša"@mch	
"ˀdeʰke'lo ~ ˀdeki'lo"@cof	<http://ids.clld.org/values/12-353-246-1>		<http://ids.clld.org/parameters/12-353>		<http://ids.clld.org/values/12-353-174-1>		"čəʔhiyu"@mch	
"mu'na-ʔi-no"@cof	<http://ids.clld.org/values/16-620-246-1>		<http://ids.clld.org/parameters/16-620>		<http://ids.clld.org/values/16-620-174-1>		"hyumma-dɨ"@mch	
"to pũ"@cof	<http://ids.clld.org/values/15-880-246-3>		<http://ids.clld.org/parameters/15-880>		<http://ids.clld.org/values/15-880-174-1>		"nossahe"@mch	
"mo"@cof	<http://ids.clld.org/values/17-680-246-1>		<http://ids.clld.org/parameters/17-680>		<http://ids.clld.org/values/17-680-174-1>		"ənə̄kɨ"@mch	
"'mi-kari-no"@cof	<http://ids.clld.org/values/17-250-246-1>		<http://ids.clld.org/parameters/17-250>		<http://ids.clld.org/values/17-250-174-1>		"-owānoma-"@mch	
"'ʔa-"@cof	<http://ids.clld.org/values/5-210-246-1>		<http://ids.clld.org/parameters/5-210>		<http://ids.clld.org/values/5-210-174-1>		"-aʔnə"@mch	
"[ʔoc̷u]-ka"@cof	<http://ids.clld.org/values/13-80-246-1>		<http://ids.clld.org/parameters/13-80>		<http://ids.clld.org/values/13-80-174-1>		"aduwawə amohaʔto"@mch	
"ne'ne"@cof	<http://ids.clld.org/values/16-670-246-1>		<http://ids.clld.org/parameters/16-670>		<http://ids.clld.org/values/16-670-174-1>		"-enkutə-"@mch	
"yo"@cof	<http://ids.clld.org/values/1-520-246-1>		<http://ids.clld.org/parameters/1-520>		<http://ids.clld.org/values/1-520-174-1>		"šī"@mch	
"he'ra-ʔi-no"@cof	<http://ids.clld.org/values/14-270-246-3>		<http://ids.clld.org/parameters/14-270>		<http://ids.clld.org/values/14-270-174-1>		"w-əʔka-nə"@mch	
"keˀbi"@cof	<http://ids.clld.org/values/14-460-246-1>		<http://ids.clld.org/parameters/14-460>		<http://ids.clld.org/values/14-460-174-1>		"čomomɨdawə"@mch	
"te"@cof	<http://ids.clld.org/values/1-880-246-1>		<http://ids.clld.org/parameters/1-880>		<http://ids.clld.org/values/1-880-174-1>		"-keme-dɨ"@mch	
"tẽ-ka ni"@cof	<http://ids.clld.org/values/4-440-246-3>		<http://ids.clld.org/parameters/4-440>		<http://ids.clld.org/values/4-440-174-1>		"yēwanɨ"@mch	
"mã-nã"@cof	<http://ids.clld.org/values/14-350-246-1>		<http://ids.clld.org/parameters/14-350>		<http://ids.clld.org/values/14-350-174-1>		"dea"@mch	
"ha'mo"@cof	<http://ids.clld.org/values/12-330-246-1>		<http://ids.clld.org/parameters/12-330>		<http://ids.clld.org/values/12-330-174-1>		"akoiʔčaʔhɨdɨ"@mch	
"po-no"@cof	<http://ids.clld.org/values/6-110-246-1>		<http://ids.clld.org/parameters/6-110>		<http://ids.clld.org/values/6-110-174-1>		"wewontənə"@mch	
"te'le-no"@cof	<http://ids.clld.org/values/9-160-246-1>		<http://ids.clld.org/parameters/9-160>		<http://ids.clld.org/values/9-160-174-1>		"imɨdɨ"@mch	
"we"@cof	<http://ids.clld.org/values/14-210-246-3>		<http://ids.clld.org/parameters/14-210>		<http://ids.clld.org/values/14-210-174-1>		"tamhə̄ʔne"@mch	
"c̷i'na"@cof	<http://ids.clld.org/values/3-820-246-1>		<http://ids.clld.org/parameters/3-820>		<http://ids.clld.org/values/3-820-174-1>		"wannə"@mch	
"nu-'la"@cof	<http://ids.clld.org/values/2-950-246-1>		<http://ids.clld.org/parameters/2-950>		<http://ids.clld.org/values/2-950-174-1>		"ənwanno"@mch	
"mu"@cof	<http://ids.clld.org/values/3-811-246-1>		<http://ids.clld.org/parameters/3-811>		<http://ids.clld.org/values/3-811-174-1>		"dāmə"@mch	
"piya-no"@cof	<http://ids.clld.org/values/4-750-246-1>		<http://ids.clld.org/parameters/4-750>		<http://ids.clld.org/values/4-750-174-1>		"-əma-"@mch	
"ware-no"@cof	<http://ids.clld.org/values/16-370-246-1>		<http://ids.clld.org/parameters/16-370>		<http://ids.clld.org/values/16-370-174-1>		"w-amo-nə"@mch	
"pi'ya-ri-"@cof	<http://ids.clld.org/values/11-330-246-3>		<http://ids.clld.org/parameters/11-330>		<http://ids.clld.org/values/11-330-174-1>		"w-ənnanɨʔ-nə"@mch	
"ʔu'nila"@cof	<http://ids.clld.org/values/2-210-246-1>		<http://ids.clld.org/parameters/2-210>		<http://ids.clld.org/values/2-210-174-1>		"danwa"@mch	
"c̷i'ˀde"@cof	<http://ids.clld.org/values/4-160-246-1>		<http://ids.clld.org/parameters/4-160>		<http://ids.clld.org/values/4-160-174-1>		"yēʔhə"@mch	
"tamo-lã-n"@cof	<http://ids.clld.org/values/7-220-246-1>		<http://ids.clld.org/parameters/7-220>		<http://ids.clld.org/values/7-220-174-1>		"mɨnātata"@mch	
"lu-no"@cof	<http://ids.clld.org/values/1-851-246-1>		<http://ids.clld.org/parameters/1-851>		<http://ids.clld.org/values/1-851-174-1>		"ukā-dɨ"@mch	
"'pãc̷i"@cof	<http://ids.clld.org/values/4-300-246-1>		<http://ids.clld.org/parameters/4-300>		<http://ids.clld.org/values/4-300-174-1>		"nkawə"@mch	
"pi'ni"@cof	<http://ids.clld.org/values/3-850-246-1>		<http://ids.clld.org/parameters/3-850>		<http://ids.clld.org/values/3-850-174-1>		"əkə̄yu"@mch	
"ˀdi'la-"@cof	<http://ids.clld.org/values/9-343-246-1>		<http://ids.clld.org/parameters/9-343>		<http://ids.clld.org/values/9-343-174-1>		"eʔkukā-dɨ"@mch	
"mu'lu"@cof	<http://ids.clld.org/values/5-791-246-1>		<http://ids.clld.org/parameters/5-791>		<http://ids.clld.org/values/5-791-174-1>		"kātɨ"@mch	
"ʔa'yãn-kã"@cof	<http://ids.clld.org/values/12-610-246-3>		<http://ids.clld.org/parameters/12-610>		<http://ids.clld.org/values/12-610-174-1>		"taʔhuhūne"@mch	
"'kayã"@cof	<http://ids.clld.org/values/2-440-246-3>		<http://ids.clld.org/parameters/2-440>		<http://ids.clld.org/values/2-440-174-1>		"-nuwā-dɨ"@mch	
"kuʰ'pa-"@cof	<http://ids.clld.org/values/10-210-246-3>		<http://ids.clld.org/parameters/10-210>		<http://ids.clld.org/values/10-210-174-1>		"w-ənuʔnə"@mch	
"mãpi"@cof	<http://ids.clld.org/values/2-512-246-1>		<http://ids.clld.org/parameters/2-512>		<http://ids.clld.org/values/2-512-174-1>		"haha"@mch	
"lũ"@cof	<http://ids.clld.org/values/5-123-246-1>		<http://ids.clld.org/parameters/5-123>		<http://ids.clld.org/values/5-123-174-1>		"sēweyčato"@mch	
"ni'ˀda"@cof	<http://ids.clld.org/values/5-260-246-1>		<http://ids.clld.org/parameters/5-260>		<http://ids.clld.org/values/5-260-174-1>		"ədinɲə"@mch	
"ne-ˀbolõ"@cof	<http://ids.clld.org/values/4-360-246-1>		<http://ids.clld.org/parameters/4-360>		<http://ids.clld.org/values/4-360-174-1>		"ə̄ʔmu"@mch	
"muna-"@cof	<http://ids.clld.org/values/16-270-246-1>		<http://ids.clld.org/parameters/16-270>		<http://ids.clld.org/values/16-270-174-1>		"hyumma-dɨ"@mch	
"kaʰ'ka"@cof	<http://ids.clld.org/values/4-210-246-1>		<http://ids.clld.org/parameters/4-210>		<http://ids.clld.org/values/4-210-174-1>		"ənu"@mch	
"teˀde ˀbũ-ka"@cof	<http://ids.clld.org/values/4-320-246-1>		<http://ids.clld.org/parameters/4-320>		<http://ids.clld.org/values/4-320-174-1>		"ə̄ʔmu"@mch	
"'ka-no"@cof	<http://ids.clld.org/values/11-810-246-1>		<http://ids.clld.org/parameters/11-810>		<http://ids.clld.org/values/11-810-174-1>		"ehēma-dɨ"@mch	
"wewe"@cof	<http://ids.clld.org/values/14-210-246-1>		<http://ids.clld.org/parameters/14-210>		<http://ids.clld.org/values/14-210-174-1>		"tamhə̄ʔne"@mch	
"'su-hi-no"@cof	<http://ids.clld.org/values/10-460-246-1>		<http://ids.clld.org/parameters/10-460>		<http://ids.clld.org/values/10-460-174-1>		"w-ekaʔtɨn-nə"@mch	
"ka"@cof	<http://ids.clld.org/values/5-710-246-3>		<http://ids.clld.org/parameters/5-710>		<http://ids.clld.org/values/5-710-174-1>		"čə̄hɨdɨ̄-hɨdɨ"@mch	
"ʔi'su"@cof	<http://ids.clld.org/values/3-930-246-1>		<http://ids.clld.org/parameters/3-930>		<http://ids.clld.org/values/3-930-174-1>		"kɨdatay"@mch	
"[tako] c̷u-no"@cof	<http://ids.clld.org/values/8-690-246-1>		<http://ids.clld.org/parameters/8-690>		<http://ids.clld.org/values/8-690-174-1>		"-eima-"@mch	
"hã'ʔã"@cof	<http://ids.clld.org/values/17-550-246-1>		<http://ids.clld.org/parameters/17-550>		<http://ids.clld.org/values/17-550-174-3>		"mmhm"@mch	
"hã'ʔã"@cof	<http://ids.clld.org/values/17-550-246-1>		<http://ids.clld.org/parameters/17-550>		<http://ids.clld.org/values/17-550-174-1>		"ʔeee"@mch	
"c̷a nã-c̷i"@cof	<http://ids.clld.org/values/12-410-246-1>		<http://ids.clld.org/parameters/12-410>		<http://ids.clld.org/values/12-410-174-1>		"əmuʔdemhɨnɨ"@mch	
"numa'si"@cof	<http://ids.clld.org/values/17-650-246-1>		<http://ids.clld.org/parameters/17-650>		<http://ids.clld.org/values/17-650-174-1>		"əičənnāwəkə"@mch	
"ta'mo"@cof	<http://ids.clld.org/values/7-210-246-1>		<http://ids.clld.org/parameters/7-210>		<http://ids.clld.org/values/7-210-174-1>		"əʔsa"@mch	
"si'nuka"@cof	<http://ids.clld.org/values/14-150-246-3>		<http://ids.clld.org/parameters/14-150>		<http://ids.clld.org/values/14-150-174-1>		"henaʔdohə"@mch	
"-ti"@cof	<http://ids.clld.org/values/17-560-246-5>		<http://ids.clld.org/parameters/17-560>		<http://ids.clld.org/values/17-560-174-1>		"mmʔhm"@mch	
"he'lẽ-c̷i hi-no"@cof	<http://ids.clld.org/values/20-610-246-1>		<http://ids.clld.org/parameters/20-610>		<http://ids.clld.org/values/20-610-174-1>		"emanɲuhɨdɨ"@mch	
"mã'ku"@cof	<http://ids.clld.org/values/2-522-246-1>		<http://ids.clld.org/parameters/2-522>		<http://ids.clld.org/values/2-522-174-1>		"waynɲeʔney"@mch	
"'pãʔa-no"@cof	<http://ids.clld.org/values/18-350-246-1>		<http://ids.clld.org/parameters/18-350>		<http://ids.clld.org/values/18-350-174-1>		"eʔkatə-dɨ"@mch	
"c̷iri-'pemãka"@cof	<http://ids.clld.org/values/3-830-246-1>		<http://ids.clld.org/parameters/3-830>		<http://ids.clld.org/values/3-830-174-1>		"wedēsede"@mch	
"ha'la"@cof	<http://ids.clld.org/values/3-823-246-1>		<http://ids.clld.org/parameters/3-823>		<http://ids.clld.org/values/3-823-174-1>		"sūnwa"@mch	
"to we-no"@cof	<http://ids.clld.org/values/1-450-246-1>		<http://ids.clld.org/parameters/1-450>		<http://ids.clld.org/values/1-450-174-1>		"dehūši"@mch	
"ʔaʰ'pa"@cof	<http://ids.clld.org/values/2-350-246-1>		<http://ids.clld.org/parameters/2-350>		<http://ids.clld.org/values/2-350-174-1>		"haha"@mch	
"ˀboʰ'pi"@cof	<http://ids.clld.org/values/3-622-246-1>		<http://ids.clld.org/parameters/3-622>		<http://ids.clld.org/values/3-622-174-1>		"dawāde"@mch	
"la"@cof	<http://ids.clld.org/values/2-910-246-1>		<http://ids.clld.org/parameters/2-910>		<http://ids.clld.org/values/2-910-174-1>		"ɨwɨ"@mch	
"mã-ha-"@cof	<http://ids.clld.org/values/10-481-246-1>		<http://ids.clld.org/parameters/10-481>		<http://ids.clld.org/values/10-481-174-1>		"w-ennakā-nə"@mch	
"'na-ʔi-no"@cof	<http://ids.clld.org/values/4-720-246-1>		<http://ids.clld.org/parameters/4-720>		<http://ids.clld.org/values/4-720-174-1>		"w-ennu-nə"@mch	
"to towa-no"@cof	<http://ids.clld.org/values/8-220-246-1>		<http://ids.clld.org/parameters/8-220>		<http://ids.clld.org/values/8-220-174-1>		"tɨʔkādɨ"@mch	
"ne'ne pa-no"@cof	<http://ids.clld.org/values/16-670-246-3>		<http://ids.clld.org/parameters/16-670>		<http://ids.clld.org/values/16-670-174-1>		"-enkutə-"@mch	
"Φiʰ'ki"@cof	<http://ids.clld.org/values/18-240-246-1>		<http://ids.clld.org/parameters/18-240>		<http://ids.clld.org/values/18-240-174-1>		"āʔdewʔkwe"@mch	
"ˀdu"@cof	<http://ids.clld.org/values/1-220-246-1>		<http://ids.clld.org/parameters/1-220>		<http://ids.clld.org/values/1-220-174-1>		"hɨ̄"@mch	
"palu-'ka"@cof	<http://ids.clld.org/values/13-20-246-3>		<http://ids.clld.org/parameters/13-20>		<http://ids.clld.org/values/13-20-174-1>		"āʔkə"@mch	
"'Φi-"@cof	<http://ids.clld.org/values/5-110-246-1>		<http://ids.clld.org/parameters/5-110>		<http://ids.clld.org/values/5-110-174-1>		"wowašīnčənə"@mch	
"'a-suwa-no"@cof	<http://ids.clld.org/values/5-210-246-5>		<http://ids.clld.org/parameters/5-210>		<http://ids.clld.org/values/5-210-174-1>		"-aʔnə"@mch	
"to-ˀbi"@cof	<http://ids.clld.org/values/12-320-246-3>		<http://ids.clld.org/parameters/12-320>		<http://ids.clld.org/values/12-320-174-1>		"nonohoʔčə"@mch	
"na"@cof	<http://ids.clld.org/values/2-270-246-1>		<http://ids.clld.org/parameters/2-270>		<http://ids.clld.org/values/2-270-174-1>		"nnedɨ"@mch	
"wu"@cof	<http://ids.clld.org/values/1-720-246-1>		<http://ids.clld.org/parameters/1-720>		<http://ids.clld.org/values/1-720-174-1>		"hehēnčə"@mch	
"peʰ'tẽ-ka"@cof	<http://ids.clld.org/values/5-125-246-1>		<http://ids.clld.org/parameters/5-125>		<http://ids.clld.org/values/5-125-174-1>		"čə̄tāhə"@mch	
"niʰ'ka-ka"@cof	<http://ids.clld.org/values/4-260-246-1>		<http://ids.clld.org/parameters/4-260>		<http://ids.clld.org/values/4-260-174-1>		"ɲūdu"@mch	
"[c̷ũ'ka]"@cof	<http://ids.clld.org/values/13-100-246-1>		<http://ids.clld.org/parameters/13-100>		<http://ids.clld.org/values/13-100-174-1>		"amohadə"@mch	
"pi'yo"@cof	<http://ids.clld.org/values/8-470-246-1>		<http://ids.clld.org/parameters/8-470>		<http://ids.clld.org/values/8-470-174-1>		"ənɲa"@mch	
"kaʰ'c̷o-no"@cof	<http://ids.clld.org/values/4-610-246-1>		<http://ids.clld.org/parameters/4-610>		<http://ids.clld.org/values/4-610-174-1>		"w-ɨnɨʔ-nə"@mch	
"to miˀdi'ka"@cof	<http://ids.clld.org/values/15-880-246-1>		<http://ids.clld.org/parameters/15-880>		<http://ids.clld.org/values/15-880-174-1>		"nossahe"@mch	
"'keʔere-"@cof	<http://ids.clld.org/values/10-250-246-5>		<http://ids.clld.org/parameters/10-250>		<http://ids.clld.org/values/10-250-174-1>		"himā-dɨ"@mch	
"'so-na"@cof	<http://ids.clld.org/values/2-240-246-1>		<http://ids.clld.org/parameters/2-240>		<http://ids.clld.org/values/2-240-174-1>		"wodi"@mch	
"pa-ˀba-'kã"@cof	<http://ids.clld.org/values/15-650-246-3>		<http://ids.clld.org/parameters/15-650>		<http://ids.clld.org/values/15-650-174-1>		"hudumato"@mch	
"tẽka"@cof	<http://ids.clld.org/values/16-110-246-1>		<http://ids.clld.org/parameters/16-110>		<http://ids.clld.org/values/16-110-174-1>		"dōʔta"@mch	
"Φiʰ'ki Φo'ro"@cof	<http://ids.clld.org/values/4-240-246-1>		<http://ids.clld.org/parameters/4-240>		<http://ids.clld.org/values/4-240-174-1>		"ənta"@mch	
"siʰ'ta ke-no"@cof	<http://ids.clld.org/values/6-330-246-1>		<http://ids.clld.org/parameters/6-330>		<http://ids.clld.org/values/6-330-174-1>		"tɨʔkaʔhɨdɨ"@mch	
"c̷o'we"@cof	<http://ids.clld.org/values/3-630-246-3>		<http://ids.clld.org/parameters/3-630>		<http://ids.clld.org/values/3-630-174-1>		"asɨ̄kɨ"@mch	
"nĩ kari-no"@cof	<http://ids.clld.org/values/1-860-246-3>		<http://ids.clld.org/parameters/1-860>		<http://ids.clld.org/values/1-860-174-1>		"-kemetə-"@mch	
"'neˀde"@cof	<http://ids.clld.org/values/4-350-246-1>		<http://ids.clld.org/parameters/4-350>		<http://ids.clld.org/values/4-350-174-1>		"hētɨ"@mch	
"'pũki"@cof	<http://ids.clld.org/values/4-220-246-1>		<http://ids.clld.org/parameters/4-220>		<http://ids.clld.org/values/4-220-174-1>		"hāna"@mch	
"pa-ˀba-'kã"@cof	<http://ids.clld.org/values/15-630-246-1>		<http://ids.clld.org/parameters/15-630>		<http://ids.clld.org/values/15-630-174-1>		"tɨhe"@mch	
"'piʰc̷u"@cof	<http://ids.clld.org/values/3-581-246-1>		<http://ids.clld.org/parameters/3-581>		<http://ids.clld.org/values/3-581-174-1>		"hawi"@mch	
"[soʰta]-ka"@cof	<http://ids.clld.org/values/13-60-246-3>		<http://ids.clld.org/parameters/13-60>		<http://ids.clld.org/values/13-60-174-1>		"tōni amohaʔto"@mch	
"haʰpi'su"@cof	<http://ids.clld.org/values/4-140-246-3>		<http://ids.clld.org/parameters/4-140>		<http://ids.clld.org/values/4-140-174-1>		"hū"@mch	
"te'pĩ"@cof	<http://ids.clld.org/values/3-815-246-1>		<http://ids.clld.org/parameters/3-815>		<http://ids.clld.org/values/3-815-174-1>		"mɨnə̄tə"@mch	
"'pe-sili"@cof	<http://ids.clld.org/values/4-461-246-1>		<http://ids.clld.org/parameters/4-461>		<http://ids.clld.org/values/4-461-174-1>		"hyōtɨ"@mch	
"ʔina'le"@cof	<http://ids.clld.org/values/12-10-246-3>		<http://ids.clld.org/parameters/12-10>		<http://ids.clld.org/values/12-10-174-1>		"yə̄ʔhəhe"@mch	
"'pĩˀba"@cof	<http://ids.clld.org/values/5-810-246-1>		<http://ids.clld.org/parameters/5-810>		<http://ids.clld.org/values/5-810-174-1>		"[sayu]"@mch	
"mi-'kari-mĩ"@cof	<http://ids.clld.org/values/17-270-246-1>		<http://ids.clld.org/parameters/17-270>		<http://ids.clld.org/values/17-270-174-1>		"yowānomani"@mch	
"c̷u'mi-no"@cof	<http://ids.clld.org/values/11-140-246-1>		<http://ids.clld.org/parameters/11-140>		<http://ids.clld.org/values/11-140-174-1>		"-ahəi-"@mch	
"nakã"@cof	<http://ids.clld.org/values/12-590-246-3>		<http://ids.clld.org/parameters/12-590>		<http://ids.clld.org/values/12-590-174-1>		"tawedato"@mch	
"pĩˀda"@cof	<http://ids.clld.org/values/1-820-246-1>		<http://ids.clld.org/parameters/1-820>		<http://ids.clld.org/values/1-820-174-1>		"wāʔto"@mch	
"ne'ya-no"@cof	<http://ids.clld.org/values/11-310-246-1>		<http://ids.clld.org/parameters/11-310>		<http://ids.clld.org/values/11-310-174-1>		"uhīyɨ"@mch	
"c̷i-'le-no"@cof	<http://ids.clld.org/values/9-280-246-1>		<http://ids.clld.org/parameters/9-280>		<http://ids.clld.org/values/9-280-174-1>		"-iši-"@mch	
"ya"@cof	<http://ids.clld.org/values/7-120-246-1>		<http://ids.clld.org/parameters/7-120>		<http://ids.clld.org/values/7-120-174-1>		"mmā"@mch	
"ʔu'nila"@cof	<http://ids.clld.org/values/2-230-246-1>		<http://ids.clld.org/parameters/2-230>		<http://ids.clld.org/values/2-230-174-1>		"danwa"@mch	
"paʰ'ki"@cof	<http://ids.clld.org/values/8-940-246-1>		<http://ids.clld.org/parameters/8-940>		<http://ids.clld.org/values/8-940-174-1>		"dahu"@mch	
"si'li"@cof	<http://ids.clld.org/values/9-190-246-1>		<http://ids.clld.org/parameters/9-190>		<http://ids.clld.org/values/9-190-174-1>		"āʔto"@mch	
"ti kiʰc̷ũ"@cof	<http://ids.clld.org/values/17-690-246-3>		<http://ids.clld.org/parameters/17-690>		<http://ids.clld.org/values/17-690-174-1>		"ākene yeihəkə"@mch	
"ne'ˀde-c̷i hi-no"@cof	<http://ids.clld.org/values/10-450-246-3>		<http://ids.clld.org/parameters/10-450>		<http://ids.clld.org/values/10-450-174-1>		"w-ōhoyma-nə"@mch	
"hã'pe"@cof	<http://ids.clld.org/values/4-880-246-1>		<http://ids.clld.org/parameters/4-880>		<http://ids.clld.org/values/4-880-174-1>		"əhi"@mch	
"pe'le-le"@cof	<http://ids.clld.org/values/12-30-246-5>		<http://ids.clld.org/parameters/12-30>		<http://ids.clld.org/values/12-30-174-1>		"doʔnə"@mch	
"ma'na"@cof	<http://ids.clld.org/values/3-750-246-1>		<http://ids.clld.org/parameters/3-750>		<http://ids.clld.org/values/3-750-174-1>		"kawādi"@mch	
"pã'si"@cof	<http://ids.clld.org/values/16-230-246-3>		<http://ids.clld.org/parameters/16-230>		<http://ids.clld.org/values/16-230-174-1>		"takwanɲe"@mch	
"sõ"@cof	<http://ids.clld.org/values/16-230-246-1>		<http://ids.clld.org/parameters/16-230>		<http://ids.clld.org/values/16-230-174-1>		"takwanɲe"@mch	
"'tẽ-ha-no"@cof	<http://ids.clld.org/values/17-130-246-3>		<http://ids.clld.org/parameters/17-130>		<http://ids.clld.org/values/17-130-174-1>		"tɨtahə-nə"@mch	
"c̷ẽ"@cof	<http://ids.clld.org/values/15-570-246-1>		<http://ids.clld.org/parameters/15-570>		<http://ids.clld.org/values/15-570-174-1>		"taʔwane"@mch	
"paʰ'pi"@cof	<http://ids.clld.org/values/5-124-246-1>		<http://ids.clld.org/parameters/5-124>		<http://ids.clld.org/values/5-124-174-1>		"šēne"@mch	
"'mã-te-ka"@cof	<http://ids.clld.org/values/13-50-246-3>		<http://ids.clld.org/parameters/13-50>		<http://ids.clld.org/values/13-50-174-1>		"hyātodea"@mch	
"ti"@cof	<http://ids.clld.org/values/17-640-246-1>		<http://ids.clld.org/parameters/17-640>		<http://ids.clld.org/values/17-640-174-1>		"ākene"@mch	
"ʔamana"@cof	<http://ids.clld.org/values/14-180-246-3>		<http://ids.clld.org/parameters/14-180>		<http://ids.clld.org/values/14-180-174-1>		"edūwa"@mch	
"ˀda'ˀda"@cof	<http://ids.clld.org/values/20-540-246-3>		<http://ids.clld.org/parameters/20-540>		<http://ids.clld.org/values/20-540-174-1>		"anətə"@mch	
"siʰ'ta ke-no"@cof	<http://ids.clld.org/values/9-750-246-1>		<http://ids.clld.org/parameters/9-750>		<http://ids.clld.org/values/9-750-174-1>		"aʔtoʔtotoʔho"@mch	
"[pac̷a]"@cof	<http://ids.clld.org/values/13-105-246-1>		<http://ids.clld.org/parameters/13-105>		<http://ids.clld.org/values/13-105-174-1>		"hyātodea ssoto"@mch	
"[si'yete]-ka"@cof	<http://ids.clld.org/values/13-70-246-1>		<http://ids.clld.org/parameters/13-70>		<http://ids.clld.org/values/13-70-174-1>		"āʔkə amohaʔto"@mch	
"ke'lo-le"@cof	<http://ids.clld.org/values/12-430-246-3>		<http://ids.clld.org/parameters/12-430>		<http://ids.clld.org/values/12-430-174-1>		"amoinče-ʔda"@mch	
"ʔa'no muʰke-no"@cof	<http://ids.clld.org/values/5-140-246-1>		<http://ids.clld.org/parameters/5-140>		<http://ids.clld.org/values/5-140-174-1>		"əmīhe"@mch	
"teʰ'sẽ"@cof	<http://ids.clld.org/values/4-142-246-1>		<http://ids.clld.org/parameters/4-142>		<http://ids.clld.org/values/4-142-174-1>		"ettəmuho"@mch	
"da'yi-paʰ'ti-"@cof	<http://ids.clld.org/values/10-330-246-1>		<http://ids.clld.org/parameters/10-330>		<http://ids.clld.org/values/10-330-174-1>		"yehuʔkwai"@mch	
"'taʰta"@cof	<http://ids.clld.org/values/2-460-246-1>		<http://ids.clld.org/parameters/2-460>		<http://ids.clld.org/values/2-460-174-1>		"kōko"@mch	
"keʰ'pẽ"@cof	<http://ids.clld.org/values/14-420-246-1>		<http://ids.clld.org/parameters/14-420>		<http://ids.clld.org/values/14-420-174-1>		"čomomɨ̄dɨ"@mch	
"c̷ũ'ka palu-'ka"@cof	<http://ids.clld.org/values/13-102-246-1>		<http://ids.clld.org/parameters/13-102>		<http://ids.clld.org/values/13-102-174-1>		"amohadəʔto dēwə āʔkə"@mch	
"ni'yã"@cof	<http://ids.clld.org/values/17-610-246-1>		<http://ids.clld.org/parameters/17-610>		<http://ids.clld.org/values/17-610-174-1>		"ākene"@mch	
"wã"@cof	<http://ids.clld.org/values/12-550-246-5>		<http://ids.clld.org/parameters/12-550>		<http://ids.clld.org/values/12-550-174-1>		"nuwe"@mch	
"ˀbaʰ'ku"@cof	<http://ids.clld.org/values/8-930-246-5>		<http://ids.clld.org/parameters/8-930>		<http://ids.clld.org/values/8-930-174-1>		"kankudu"@mch	
"ˀbene hi-"@cof	<http://ids.clld.org/values/10-530-246-1>		<http://ids.clld.org/parameters/10-530>		<http://ids.clld.org/values/10-530-174-1>		"-aheʔka-dɨ"@mch	
"yẽ'te-no"@cof	<http://ids.clld.org/values/5-490-246-1>		<http://ids.clld.org/parameters/5-490>		<http://ids.clld.org/values/5-490-174-1>		"-oima-dɨ"@mch	
"wĩ"@cof	<http://ids.clld.org/values/6-760-246-1>		<http://ids.clld.org/parameters/6-760>		<http://ids.clld.org/values/6-760-174-1>		"mayūdu"@mch	
"to"@cof	<http://ids.clld.org/values/1-212-246-1>		<http://ids.clld.org/parameters/1-212>		<http://ids.clld.org/values/1-212-174-1>		"nono"@mch	
"paʰ'ta-"@cof	<http://ids.clld.org/values/10-473-246-3>		<http://ids.clld.org/parameters/10-473>		<http://ids.clld.org/values/10-473-174-1>		"hɨ̄ʔwakādə"@mch	
"ʔo'rã"@cof	<http://ids.clld.org/values/16-810-246-1>		<http://ids.clld.org/parameters/16-810>		<http://ids.clld.org/values/16-810-174-1>		"inɲatahe"@mch	
"laʰ'ke-ˀbã"@cof	<http://ids.clld.org/values/15-690-246-1>		<http://ids.clld.org/parameters/15-690>		<http://ids.clld.org/values/15-690-174-1>		"kɨnota"@mch	
"ma"@cof	<http://ids.clld.org/values/14-410-246-1>		<http://ids.clld.org/parameters/14-410>		<http://ids.clld.org/values/14-410-174-1>		"anə̄to"@mch	
"'puˀba ere-"@cof	<http://ids.clld.org/values/15-210-246-3>		<http://ids.clld.org/parameters/15-210>		<http://ids.clld.org/values/15-210-174-1>		"hyoʔhōdɨ"@mch	
"ku'ˀdã"@cof	<http://ids.clld.org/values/4-280-246-1>		<http://ids.clld.org/parameters/4-280>		<http://ids.clld.org/values/4-280-174-1>		"hɨ̄mɨ"@mch	
"newewe"@cof	<http://ids.clld.org/values/4-345-246-1>		<http://ids.clld.org/parameters/4-345>		<http://ids.clld.org/values/4-345-174-1>		"əmmi"@mch	
"'nĩ-Φu"@cof	<http://ids.clld.org/values/1-840-246-1>		<http://ids.clld.org/parameters/1-840>		<http://ids.clld.org/values/1-840-174-1>		"wedēnnə"@mch	
"'ˀbole-"@cof	<http://ids.clld.org/values/9-260-246-1>		<http://ids.clld.org/parameters/9-260>		<http://ids.clld.org/values/9-260-174-1>		"-išiča-dɨ"@mch	
"hoʰ'ke su'wa-no"@cof	<http://ids.clld.org/values/12-230-246-1>		<http://ids.clld.org/parameters/12-230>		<http://ids.clld.org/values/12-230-174-1>		"šādamadɨ̄he"@mch	
"pi"@cof	<http://ids.clld.org/values/1-310-246-1>		<http://ids.clld.org/parameters/1-310>		<http://ids.clld.org/values/1-310-174-1>		"tuna"@mch	
"Φari-no"@cof	<http://ids.clld.org/values/18-350-246-3>		<http://ids.clld.org/parameters/18-350>		<http://ids.clld.org/values/18-350-174-1>		"eʔkatə-dɨ"@mch	
"mi'ya"@cof	<http://ids.clld.org/values/19-240-246-1>		<http://ids.clld.org/parameters/19-240>		<http://ids.clld.org/values/19-240-174-1>		"ədāhə"@mch	
"pa'lu"@cof	<http://ids.clld.org/values/13-20-246-1>		<http://ids.clld.org/parameters/13-20>		<http://ids.clld.org/values/13-20-174-1>		"āʔkə"@mch	
"c̷umi-ka-no"@cof	<http://ids.clld.org/values/11-140-246-5>		<http://ids.clld.org/parameters/11-140>		<http://ids.clld.org/values/11-140-174-1>		"-ahəi-"@mch	
"pa'lu c̷ũ-'ka"@cof	<http://ids.clld.org/values/13-104-246-1>		<http://ids.clld.org/parameters/13-104>		<http://ids.clld.org/values/13-104-174-1>		"tōni ssoto"@mch	
"[nu'we-ka]"@cof	<http://ids.clld.org/values/13-90-246-1>		<http://ids.clld.org/parameters/13-90>		<http://ids.clld.org/values/13-90-174-1>		"āʔkəi čea amohaʔto"@mch	
"pi pa'ru"@cof	<http://ids.clld.org/values/1-390-246-1>		<http://ids.clld.org/parameters/1-390>		<http://ids.clld.org/values/1-390-174-1>		"yedukadɨ"@mch	
"c̷i-'de"@cof	<http://ids.clld.org/values/8-600-246-1>		<http://ids.clld.org/parameters/8-600>		<http://ids.clld.org/values/8-600-174-1>		"dē"@mch	
"'lu-kela"@cof	<http://ids.clld.org/values/3-720-246-1>		<http://ids.clld.org/parameters/3-720>		<http://ids.clld.org/values/3-720-174-1>		"kawadīmə"@mch	
"wĩ"@cof	<http://ids.clld.org/values/6-750-246-1>		<http://ids.clld.org/parameters/6-750>		<http://ids.clld.org/values/6-750-174-1>		"wōʔmo"@mch	
"ʔu'nila"@cof	<http://ids.clld.org/values/2-310-246-1>		<http://ids.clld.org/parameters/2-310>		<http://ids.clld.org/values/2-310-174-1>		"-ɲno"@mch	
"keʰ'Φo"@cof	<http://ids.clld.org/values/4-441-246-1>		<http://ids.clld.org/parameters/4-441>		<http://ids.clld.org/values/4-441-174-1>		"ʔtaway-dɨ"@mch	
"'puˀba-ke-no"@cof	<http://ids.clld.org/values/15-210-246-1>		<http://ids.clld.org/parameters/15-210>		<http://ids.clld.org/values/15-210-174-1>		"hyoʔhōdɨ"@mch	
"'sela"@cof	<http://ids.clld.org/values/7-150-246-1>		<http://ids.clld.org/parameters/7-150>		<http://ids.clld.org/values/7-150-174-1>		"hɨdōdo"@mch	
"pe'ya"@cof	<http://ids.clld.org/values/9-250-246-1>		<http://ids.clld.org/parameters/9-250>		<http://ids.clld.org/values/9-250-174-1>		"wɨ̄wɨ"@mch	
"'na-naʰka"@cof	<http://ids.clld.org/values/12-560-246-5>		<http://ids.clld.org/parameters/12-560>		<http://ids.clld.org/values/12-560-174-1>		"šeʔkə"@mch	
"ka-ʰΦo'ro"@cof	<http://ids.clld.org/values/4-204-246-1>		<http://ids.clld.org/parameters/4-204>		<http://ids.clld.org/values/4-204-174-1>		"heʔ-dɨ"@mch	
"toʰ'te-no"@cof	<http://ids.clld.org/values/4-760-246-1>		<http://ids.clld.org/parameters/4-760>		<http://ids.clld.org/values/4-760-174-1>		"aminɲaʔkadɨ"@mch	
"ke-no"@cof	<http://ids.clld.org/values/9-210-246-1>		<http://ids.clld.org/parameters/9-210>		<http://ids.clld.org/values/9-210-174-1>		"-aiʔhuka-dɨ"@mch	
"c̷aˀbi ka-no"@cof	<http://ids.clld.org/values/17-150-246-1>		<http://ids.clld.org/parameters/17-150>		<http://ids.clld.org/values/17-150-174-1>		"-ekanɨhɨ-dɨ"@mch	
"wilo-'kari-no"@cof	<http://ids.clld.org/values/9-341-246-1>		<http://ids.clld.org/parameters/9-341>		<http://ids.clld.org/values/9-341-174-1>		"-ewaʔtə-dɨ"@mch	
"po'yo"@cof	<http://ids.clld.org/values/1-830-246-1>		<http://ids.clld.org/parameters/1-830>		<http://ids.clld.org/values/1-830-174-1>		"widīnčə"@mch	
"'su-hi-no"@cof	<http://ids.clld.org/values/10-510-246-1>		<http://ids.clld.org/parameters/10-510>		<http://ids.clld.org/values/10-510-174-1>		"w-ə̄nehē-nə"@mch	
"-le"@cof	<http://ids.clld.org/values/12-20-246-1>		<http://ids.clld.org/parameters/12-20>		<http://ids.clld.org/values/12-20-174-1>		"dɨʔtə"@mch	
"[kuʰ'či]"@cof	<http://ids.clld.org/values/3-350-246-1>		<http://ids.clld.org/parameters/3-350>		<http://ids.clld.org/values/3-350-174-1>		"[kūši]"@mch	
"'pã-pe"@cof	<http://ids.clld.org/values/4-392-246-1>		<http://ids.clld.org/parameters/4-392>		<http://ids.clld.org/values/4-392-174-1>		"ahəʔsai"@mch	
"'kĩΦu"@cof	<http://ids.clld.org/values/4-230-246-1>		<http://ids.clld.org/parameters/4-230>		<http://ids.clld.org/values/4-230-174-1>		"ənna"@mch	
"mã-ka"@cof	<http://ids.clld.org/values/13-10-246-3>		<http://ids.clld.org/parameters/13-10>		<http://ids.clld.org/values/13-10-174-1>		"tōni"@mch	
"ˀbe'ne"@cof	<http://ids.clld.org/values/12-11-246-1>		<http://ids.clld.org/parameters/12-11>		<http://ids.clld.org/values/12-11-174-1>		"mənse"@mch	
"wa"@cof	<http://ids.clld.org/values/12-550-246-1>		<http://ids.clld.org/parameters/12-550>		<http://ids.clld.org/values/12-550-174-1>		"nuwe"@mch	
"kiʰc̷a'le-no"@cof	<http://ids.clld.org/values/12-232-246-1>		<http://ids.clld.org/parameters/12-232>		<http://ids.clld.org/values/12-232-174-1>		"yātohətɨdɨ"@mch	
"wi'nã"@cof	<http://ids.clld.org/values/4-980-246-1>		<http://ids.clld.org/parameters/4-980>		<http://ids.clld.org/values/4-980-174-1>		"-oʔdoʔhə"@mch	
"wili-no"@cof	<http://ids.clld.org/values/5-460-246-3>		<http://ids.clld.org/parameters/5-460>		<http://ids.clld.org/values/5-460-174-1>		"-iʔša-"@mch	
"wi'ya-"@cof	<http://ids.clld.org/values/10-570-246-3>		<http://ids.clld.org/parameters/10-570>		<http://ids.clld.org/values/10-570-174-1>		"w-omon-nə"@mch	
"c̷i'ˀde"@cof	<http://ids.clld.org/values/1-420-246-1>		<http://ids.clld.org/parameters/1-420>		<http://ids.clld.org/values/1-420-174-1>		"dē"@mch	
"'haˀbi"@cof	<http://ids.clld.org/values/12-440-246-3>		<http://ids.clld.org/parameters/12-440>		<http://ids.clld.org/values/12-440-174-1>		"amoinče"@mch	
"Φe-"@cof	<http://ids.clld.org/values/10-550-246-1>		<http://ids.clld.org/parameters/10-550>		<http://ids.clld.org/values/10-550-174-1>		"w-əʔdɨ-nə"@mch	
"'ʔora"@cof	<http://ids.clld.org/values/16-710-246-1>		<http://ids.clld.org/parameters/16-710>		<http://ids.clld.org/values/16-710-174-1>		"ašiča"@mch	
"[miʰ'sa]"@cof	<http://ids.clld.org/values/7-440-246-1>		<http://ids.clld.org/parameters/7-440>		<http://ids.clld.org/values/7-440-174-1>		"[mesa]i"@mch	
"ʔu'ni-ka"@cof	<http://ids.clld.org/values/14-150-246-1>		<http://ids.clld.org/parameters/14-150>		<http://ids.clld.org/values/14-150-174-1>		"henaʔdohə"@mch	
"'sõ-ˀbã"@cof	<http://ids.clld.org/values/14-210-246-5>		<http://ids.clld.org/parameters/14-210>		<http://ids.clld.org/values/14-210-174-1>		"tamhə̄ʔne"@mch	
"[Φo'lota]"@cof	<http://ids.clld.org/values/18-710-246-1>		<http://ids.clld.org/parameters/18-710>		<http://ids.clld.org/values/18-710-174-1>		"hīču"@mch	
"mi'nu"@cof	<http://ids.clld.org/values/10-710-246-1>		<http://ids.clld.org/parameters/10-710>		<http://ids.clld.org/values/10-710-174-1>		"ə̄ma"@mch	
"'tẽ-ka"@cof	<http://ids.clld.org/values/4-440-246-1>		<http://ids.clld.org/parameters/4-440>		<http://ids.clld.org/values/4-440-174-1>		"yēwanɨ"@mch	
"'mi-ʔi-no"@cof	<http://ids.clld.org/values/17-240-246-1>		<http://ids.clld.org/parameters/17-240>		<http://ids.clld.org/values/17-240-174-1>		"-ōwanoma-"@mch	
"tu'la-ʔi-no"@cof	<http://ids.clld.org/values/19-650-246-1>		<http://ids.clld.org/parameters/19-650>		<http://ids.clld.org/values/19-650-174-1>		"edantə-dɨ"@mch	
"'se-ʔiʰto"@cof	<http://ids.clld.org/values/16-720-246-1>		<http://ids.clld.org/parameters/16-720>		<http://ids.clld.org/values/16-720-174-1>		"kənemhɨnɨ"@mch	
"'su-hi-no"@cof	<http://ids.clld.org/values/10-430-246-3>		<http://ids.clld.org/parameters/10-430>		<http://ids.clld.org/values/10-430-174-1>		"w-ahanɨn-nə"@mch	
"kiʰ'pi ke-no"@cof	<http://ids.clld.org/values/4-620-246-1>		<http://ids.clld.org/parameters/4-620>		<http://ids.clld.org/values/4-620-174-1>		"wənētɨnə"@mch	
"'pata-ʔa-no"@cof	<http://ids.clld.org/values/19-520-246-1>		<http://ids.clld.org/parameters/19-520>		<http://ids.clld.org/values/19-520-174-1>		"tuʔde"@mch	
"'mama"@cof	<http://ids.clld.org/values/2-470-246-1>		<http://ids.clld.org/parameters/2-470>		<http://ids.clld.org/values/2-470-174-1>		"-tamū-du"@mch	
"'walpa"@cof	<http://ids.clld.org/values/3-550-246-1>		<http://ids.clld.org/parameters/3-550>		<http://ids.clld.org/values/3-550-174-1>		"wamēdi"@mch	
"nũc̷i"@cof	<http://ids.clld.org/values/17-660-246-5>		<http://ids.clld.org/parameters/17-660>		<http://ids.clld.org/values/17-660-174-1>		"ə̄iša"@mch	
"loʰsĩ-ˀbã"@cof	<http://ids.clld.org/values/15-670-246-1>		<http://ids.clld.org/parameters/15-670>		<http://ids.clld.org/values/15-670-174-1>		"šēne"@mch	
"'teˀde wĩ"@cof	<http://ids.clld.org/values/6-740-246-1>		<http://ids.clld.org/parameters/6-740>		<http://ids.clld.org/values/6-740-174-1>		"ahəʔmɨy"@mch	
"ha-'no"@cof	<http://ids.clld.org/values/10-480-246-1>		<http://ids.clld.org/parameters/10-480>		<http://ids.clld.org/values/10-480-174-1>		"w-eʔ-nə"@mch	
"[kan'ta] ke-no"@cof	<http://ids.clld.org/values/18-120-246-1>		<http://ids.clld.org/parameters/18-120>		<http://ids.clld.org/values/18-120-174-1>		"we[kantā]ʔɲənə"@mch	
"pe'le"@cof	<http://ids.clld.org/values/12-340-246-1>		<http://ids.clld.org/parameters/12-340>		<http://ids.clld.org/values/12-340-174-1>		"nwaʔkəi"@mch	
"piʰ'poka"@cof	<http://ids.clld.org/values/5-970-246-1>		<http://ids.clld.org/parameters/5-970>		<http://ids.clld.org/values/5-970-174-1>		"iʔmoi"@mch	
"c̷ãˀbã"@cof	<http://ids.clld.org/values/15-370-246-1>		<http://ids.clld.org/parameters/15-370>		<http://ids.clld.org/values/15-370-174-1>		"tutune"@mch	
"tẽ-ka"@cof	<http://ids.clld.org/values/4-400-246-1>		<http://ids.clld.org/parameters/4-400>		<http://ids.clld.org/values/4-400-174-1>		"dōʔta"@mch	
"c̷e-no"@cof	<http://ids.clld.org/values/1-610-246-1>		<http://ids.clld.org/parameters/1-610>		<http://ids.clld.org/values/1-610-174-1>		"šī"@mch	
"holi'yo"@cof	<http://ids.clld.org/values/3-585-246-1>		<http://ids.clld.org/parameters/3-585>		<http://ids.clld.org/values/3-585-174-1>		"hiyāna"@mch	
"haʰ'sa-ʔi-no"@cof	<http://ids.clld.org/values/4-912-246-1>		<http://ids.clld.org/parameters/4-912>		<http://ids.clld.org/values/4-912-174-1>		"wə̄dētanə"@mch	
"c̷uˀdi-no"@cof	<http://ids.clld.org/values/12-130-246-3>		<http://ids.clld.org/parameters/12-130>		<http://ids.clld.org/values/12-130-174-1>		"w-atahhimā-nə"@mch	
"mi kuwa-no"@cof	<http://ids.clld.org/values/15-550-246-1>		<http://ids.clld.org/parameters/15-550>		<http://ids.clld.org/values/15-550-174-1>		"eneho-dɨ"@mch	
"'ʔoti-no"@cof	<http://ids.clld.org/values/18-130-246-1>		<http://ids.clld.org/parameters/18-130>		<http://ids.clld.org/values/18-130-174-1>		"kəʔtɨn-nə"@mch	
"'lo-no"@cof	<http://ids.clld.org/values/10-472-246-3>		<http://ids.clld.org/parameters/10-472>		<http://ids.clld.org/values/10-472-174-1>		"-annuʔku-"@mch	
"hãpe-no"@cof	<http://ids.clld.org/values/4-860-246-1>		<http://ids.clld.org/parameters/4-860>		<http://ids.clld.org/values/4-860-174-1>		"adonkadɨ"@mch	
"seʰ'ka"@cof	<http://ids.clld.org/values/3-811-246-3>		<http://ids.clld.org/parameters/3-811>		<http://ids.clld.org/values/3-811-174-1>		"dāmə"@mch	
"nala'lã 'so-na"@cof	<http://ids.clld.org/values/2-261-246-1>		<http://ids.clld.org/parameters/2-261>		<http://ids.clld.org/values/2-261-174-1>		"mudēši"@mch	
"ni'ˀda"@cof	<http://ids.clld.org/values/5-280-246-1>		<http://ids.clld.org/parameters/5-280>		<http://ids.clld.org/values/5-280-174-1>		"ʔtadī-yɨ"@mch	
"me"@cof	<http://ids.clld.org/values/4-180-246-1>		<http://ids.clld.org/parameters/4-180>		<http://ids.clld.org/values/4-180-174-1>		"dāʔkɨdɨ"@mch	
"laʰc̷i-no"@cof	<http://ids.clld.org/values/5-460-246-1>		<http://ids.clld.org/parameters/5-460>		<http://ids.clld.org/values/5-460-174-1>		"-iʔša-"@mch	
"po-no"@cof	<http://ids.clld.org/values/12-120-246-1>		<http://ids.clld.org/parameters/12-120>		<http://ids.clld.org/values/12-120-174-1>		"enɨ̄ta"@mch	
"po-no"@cof	<http://ids.clld.org/values/12-120-246-1>		<http://ids.clld.org/parameters/12-120>		<http://ids.clld.org/values/12-120-174-3>		"-ehuʔta-"@mch	
"ˀbe'rũ"@cof	<http://ids.clld.org/values/20-520-246-1>		<http://ids.clld.org/parameters/20-520>		<http://ids.clld.org/values/20-520-174-1>		"anə̄tə"@mch	
"pa-"@cof	<http://ids.clld.org/values/15-650-246-1>		<http://ids.clld.org/parameters/15-650>		<http://ids.clld.org/values/15-650-174-1>		"hudumato"@mch	
"pa-no"@cof	<http://ids.clld.org/values/18-210-246-1>		<http://ids.clld.org/parameters/18-210>		<http://ids.clld.org/values/18-210-174-1>		"w-aʔdew-nə"@mch	
"hi-'no"@cof	<http://ids.clld.org/values/10-470-246-1>		<http://ids.clld.org/parameters/10-470>		<http://ids.clld.org/values/10-470-174-1>		"wɨʔtə̄-nə"@mch	
"mã'ku"@cof	<http://ids.clld.org/values/2-521-246-1>		<http://ids.clld.org/parameters/2-521>		<http://ids.clld.org/values/2-521-174-1>		"denɨ"@mch	
"c̷a'ˀbo"@cof	<http://ids.clld.org/values/1-540-246-1>		<http://ids.clld.org/parameters/1-540>		<http://ids.clld.org/values/1-540-174-1>		"šidīčə"@mch	
"lo-"@cof	<http://ids.clld.org/values/10-474-246-1>		<http://ids.clld.org/parameters/10-474>		<http://ids.clld.org/values/10-474-174-1>		"w-ehaʔka-nə"@mch	
"'natiya"@cof	<http://ids.clld.org/values/13-0-246-3>		<http://ids.clld.org/parameters/13-0>		<http://ids.clld.org/values/13-0-174-1>		"āʔke"@mch	
"'c̷oc̷oˀde-n"@cof	<http://ids.clld.org/values/5-124-246-5>		<http://ids.clld.org/parameters/5-124>		<http://ids.clld.org/values/5-124-174-1>		"šēne"@mch	
"'pũpu"@cof	<http://ids.clld.org/values/3-920-246-1>		<http://ids.clld.org/parameters/3-920>		<http://ids.clld.org/values/3-920-174-1>		"matūtu"@mch	
"'se-itõ ʔoh'ko"@cof	<http://ids.clld.org/values/22-350-246-1>		<http://ids.clld.org/parameters/22-350>		<http://ids.clld.org/values/22-350-174-1>		"kahūšawa"@mch	
"tewewe"@cof	<http://ids.clld.org/values/4-344-246-1>		<http://ids.clld.org/parameters/4-344>		<http://ids.clld.org/values/4-344-174-1>		"əmmi"@mch	
"te'yũ"@cof	<http://ids.clld.org/values/15-780-246-1>		<http://ids.clld.org/parameters/15-780>		<http://ids.clld.org/values/15-780-174-1>		"ākə̄tədɨ"@mch	
"tẽpe"@cof	<http://ids.clld.org/values/12-50-246-1>		<http://ids.clld.org/parameters/12-50>		<http://ids.clld.org/values/12-50-174-3>		"anwaʔka"@mch	
"tẽpe"@cof	<http://ids.clld.org/values/12-50-246-1>		<http://ids.clld.org/parameters/12-50>		<http://ids.clld.org/values/12-50-174-1>		"aʔka"@mch	
"'neˀde"@cof	<http://ids.clld.org/values/4-370-246-1>		<http://ids.clld.org/parameters/4-370>		<http://ids.clld.org/values/4-370-174-1>		"hūdu"@mch	
"'kepo-ʔi-no"@cof	<http://ids.clld.org/values/10-230-246-3>		<http://ids.clld.org/parameters/10-230>		<http://ids.clld.org/values/10-230-174-1>		"w-eduka-nə"@mch	
"sẽ"@cof	<http://ids.clld.org/values/16-710-246-3>		<http://ids.clld.org/parameters/16-710>		<http://ids.clld.org/values/16-710-174-1>		"ašiča"@mch	
"c̷ale-no"@cof	<http://ids.clld.org/values/9-360-246-1>		<http://ids.clld.org/parameters/9-360>		<http://ids.clld.org/values/9-360-174-1>		"-ičoʔka-dɨ"@mch	
"peʰ'pa"@cof	<http://ids.clld.org/values/4-910-246-1>		<http://ids.clld.org/parameters/4-910>		<http://ids.clld.org/values/4-910-174-1>		"tɨkinča"@mch	
"'c̷aʰc̷i"@cof	<http://ids.clld.org/values/2-100-246-1>		<http://ids.clld.org/parameters/2-100>		<http://ids.clld.org/values/2-100-174-1>		"ssoto"@mch	
"'so-na"@cof	<http://ids.clld.org/values/2-220-246-1>		<http://ids.clld.org/parameters/2-220>		<http://ids.clld.org/values/2-220-174-1>		"wodi"@mch	
"pe-ko'lo"@cof	<http://ids.clld.org/values/4-460-246-1>		<http://ids.clld.org/parameters/4-460>		<http://ids.clld.org/values/4-460-174-1>		"dudūnoi"@mch	
"tõ'ki"@cof	<http://ids.clld.org/values/3-940-246-1>		<http://ids.clld.org/parameters/3-940>		<http://ids.clld.org/values/3-940-174-1>		"memu"@mch	
"kaʰ'ke"@cof	<http://ids.clld.org/values/13-340-246-1>		<http://ids.clld.org/parameters/13-340>		<http://ids.clld.org/values/13-340-174-1>		"awaʔde"@mch	
"Φũ"@cof	<http://ids.clld.org/values/15-840-246-1>		<http://ids.clld.org/parameters/15-840>		<http://ids.clld.org/values/15-840-174-1>		"ssedēhe"@mch	
"we'le"@cof	<http://ids.clld.org/values/3-760-246-3>		<http://ids.clld.org/parameters/3-760>		<http://ids.clld.org/values/3-760-174-1>		"yadākadu"@mch	
"pala-no"@cof	<http://ids.clld.org/values/5-490-246-3>		<http://ids.clld.org/parameters/5-490>		<http://ids.clld.org/values/5-490-174-1>		"-oima-dɨ"@mch	
"ti-"@cof	<http://ids.clld.org/values/18-420-246-1>		<http://ids.clld.org/parameters/18-420>		<http://ids.clld.org/values/18-420-174-1>		"tə̄tɨ"@mch	
"'mi-ka-no"@cof	<http://ids.clld.org/values/17-240-246-3>		<http://ids.clld.org/parameters/17-240>		<http://ids.clld.org/values/17-240-174-1>		"-ōwanoma-"@mch	
"puʰ'ka"@cof	<http://ids.clld.org/values/5-710-246-1>		<http://ids.clld.org/parameters/5-710>		<http://ids.clld.org/values/5-710-174-1>		"čə̄hɨdɨ̄-hɨdɨ"@mch	
"ʔoʰ'tõ"@cof	<http://ids.clld.org/values/15-750-246-1>		<http://ids.clld.org/parameters/15-750>		<http://ids.clld.org/values/15-750-174-1>		"tɨwansuʔde"@mch	
"teʰ'Φũ"@cof	<http://ids.clld.org/values/4-270-246-1>		<http://ids.clld.org/parameters/4-270>		<http://ids.clld.org/values/4-270-174-1>		"dedɨ"@mch	
"na-pẽ"@cof	<http://ids.clld.org/values/12-650-246-3>		<http://ids.clld.org/parameters/12-650>		<http://ids.clld.org/values/12-650-174-1>		"sāʔtahe"@mch	
"ˀbe'nele"@cof	<http://ids.clld.org/values/12-11-246-3>		<http://ids.clld.org/parameters/12-11>		<http://ids.clld.org/values/12-11-174-1>		"mənse"@mch	
"tera-ki"@cof	<http://ids.clld.org/values/10-440-246-3>		<http://ids.clld.org/parameters/10-440>		<http://ids.clld.org/values/10-440-174-1>		"-ənwa-"@mch	
"hã'kã"@cof	<http://ids.clld.org/values/4-940-246-1>		<http://ids.clld.org/parameters/4-940>		<http://ids.clld.org/values/4-940-174-1>		"sekumhe"@mch	
"'pãʔa-no"@cof	<http://ids.clld.org/values/18-310-246-1>		<http://ids.clld.org/parameters/18-310>		<http://ids.clld.org/values/18-310-174-1>		"-ekammaho-"@mch	
"Φu'ri-po-no"@cof	<http://ids.clld.org/values/10-380-246-1>		<http://ids.clld.org/parameters/10-380>		<http://ids.clld.org/values/10-380-174-1>		"yaičumā-dɨ"@mch	
"kaʰ'ke"@cof	<http://ids.clld.org/values/12-40-246-1>		<http://ids.clld.org/parameters/12-40>		<http://ids.clld.org/values/12-40-174-1>		"owāho"@mch	
"kaʰ'ke"@cof	<http://ids.clld.org/values/12-40-246-1>		<http://ids.clld.org/parameters/12-40>		<http://ids.clld.org/values/12-40-174-3>		"awaʔde"@mch	
"[familia]"@cof	<http://ids.clld.org/values/2-820-246-1>		<http://ids.clld.org/parameters/2-820>		<http://ids.clld.org/values/2-820-174-1>		"himmə"@mch	
"'ˀduke"@cof	<http://ids.clld.org/values/13-150-246-1>		<http://ids.clld.org/parameters/13-150>		<http://ids.clld.org/values/13-150-174-1>		"hōhe"@mch	
"nu'wi"@cof	<http://ids.clld.org/values/17-660-246-1>		<http://ids.clld.org/parameters/17-660>		<http://ids.clld.org/values/17-660-174-1>		"ə̄iša"@mch	
"ka-c̷i"@cof	<http://ids.clld.org/values/12-40-246-5>		<http://ids.clld.org/parameters/12-40>		<http://ids.clld.org/values/12-40-174-1>		"owāho"@mch	
"ka-c̷i"@cof	<http://ids.clld.org/values/12-40-246-5>		<http://ids.clld.org/parameters/12-40>		<http://ids.clld.org/values/12-40-174-3>		"awaʔde"@mch	
"mu'na-ra-no"@cof	<http://ids.clld.org/values/16-620-246-5>		<http://ids.clld.org/parameters/16-620>		<http://ids.clld.org/values/16-620-174-1>		"hyumma-dɨ"@mch	
"teˀde"@cof	<http://ids.clld.org/values/4-330-246-1>		<http://ids.clld.org/parameters/4-330>		<http://ids.clld.org/values/4-330-174-1>		"amō-dɨ"@mch	
"kuʰ'c̷i-nũ"@cof	<http://ids.clld.org/values/5-900-246-1>		<http://ids.clld.org/parameters/5-900>		<http://ids.clld.org/values/5-900-174-1>		"kuši"@mch	
"'c̷aʰc̷i-la"@cof	<http://ids.clld.org/values/19-210-246-1>		<http://ids.clld.org/parameters/19-210>		<http://ids.clld.org/values/19-210-174-1>		"weiʔčɨ"@mch	
"pa-no"@cof	<http://ids.clld.org/values/18-110-246-1>		<http://ids.clld.org/parameters/18-110>		<http://ids.clld.org/values/18-110-174-1>		"kəʔtɨnnə"@mch	
"kiʰ'c̷a-"@cof	<http://ids.clld.org/values/12-370-246-1>		<http://ids.clld.org/parameters/12-370>		<http://ids.clld.org/values/12-370-174-1>		"annai"@mch	
"te"@cof	<http://ids.clld.org/values/17-560-246-1>		<http://ids.clld.org/parameters/17-560>		<http://ids.clld.org/values/17-560-174-1>		"mmʔhm"@mch	
"muʰke-no"@cof	<http://ids.clld.org/values/16-620-246-3>		<http://ids.clld.org/parameters/16-620>		<http://ids.clld.org/values/16-620-174-1>		"hyumma-dɨ"@mch	
"'c̷aʔina"@cof	<http://ids.clld.org/values/14-180-246-1>		<http://ids.clld.org/parameters/14-180>		<http://ids.clld.org/values/14-180-174-1>		"edūwa"@mch	
"'ˀbale-'ka-no"@cof	<http://ids.clld.org/values/8-410-246-3>		<http://ids.clld.org/parameters/8-410>		<http://ids.clld.org/values/8-410-174-1>		"inɲatɨʔtə̄dɨ"@mch	
"ma're-no"@cof	<http://ids.clld.org/values/10-350-246-3>		<http://ids.clld.org/parameters/10-350>		<http://ids.clld.org/values/10-350-174-1>		"tɨwəʔhiyɨ"@mch	
"[ʔoc̷u]"@cof	<http://ids.clld.org/values/13-80-246-3>		<http://ids.clld.org/parameters/13-80>		<http://ids.clld.org/values/13-80-174-1>		"aduwawə amohaʔto"@mch	
"na-kã"@cof	<http://ids.clld.org/values/12-620-246-3>		<http://ids.clld.org/parameters/12-620>		<http://ids.clld.org/values/12-620-174-3>		"anwakɨme"@mch	
"na-kã"@cof	<http://ids.clld.org/values/12-620-246-3>		<http://ids.clld.org/parameters/12-620>		<http://ids.clld.org/values/12-620-174-1>		"danwadɨ"@mch	
"ha'mo"@cof	<http://ids.clld.org/values/12-310-246-1>		<http://ids.clld.org/parameters/12-310>		<http://ids.clld.org/values/12-310-174-1>		"kawə"@mch	
"ni-yã"@cof	<http://ids.clld.org/values/17-610-246-3>		<http://ids.clld.org/parameters/17-610>		<http://ids.clld.org/values/17-610-174-1>		"ākene"@mch	
"ka'kari-no"@cof	<http://ids.clld.org/values/16-250-246-1>		<http://ids.clld.org/parameters/16-250>		<http://ids.clld.org/values/16-250-174-1>		"waʔsenɲo"@mch	
"ka-no"@cof	<http://ids.clld.org/values/11-140-246-3>		<http://ids.clld.org/parameters/11-140>		<http://ids.clld.org/values/11-140-174-1>		"-ahəi-"@mch	
"na-si"@cof	<http://ids.clld.org/values/13-170-246-1>		<http://ids.clld.org/parameters/13-170>		<http://ids.clld.org/values/13-170-174-1>		"ākəʔkə"@mch	
"ki-no"@cof	<http://ids.clld.org/values/20-620-246-3>		<http://ids.clld.org/parameters/20-620>		<http://ids.clld.org/values/20-620-174-1>		"t-ɨwə̄-dɨ"@mch	
"waʰke-no"@cof	<http://ids.clld.org/values/8-531-246-1>		<http://ids.clld.org/parameters/8-531>		<http://ids.clld.org/values/8-531-174-1>		"aiʔčɨdɨ"@mch	
"'so-na na"@cof	<http://ids.clld.org/values/2-260-246-1>		<http://ids.clld.org/parameters/2-260>		<http://ids.clld.org/values/2-260-174-1>		"wodi-ʔčə"@mch	
"Φu"@cof	<http://ids.clld.org/values/4-393-246-1>		<http://ids.clld.org/parameters/4-393>		<http://ids.clld.org/values/4-393-174-1>		"iʔhōʔtɨ"@mch	
"'do-kã-pe"@cof	<http://ids.clld.org/values/7-220-246-3>		<http://ids.clld.org/parameters/7-220>		<http://ids.clld.org/values/7-220-174-1>		"mɨnātata"@mch	
"ku'ˀdã"@cof	<http://ids.clld.org/values/6-450-246-1>		<http://ids.clld.org/parameters/6-450>		<http://ids.clld.org/values/6-450-174-1>		"wōʔmo"@mch	
"sĩ"@cof	<http://ids.clld.org/values/4-232-246-1>		<http://ids.clld.org/parameters/4-232>		<http://ids.clld.org/values/4-232-174-1>		"ənuʔtə"@mch	
"'waʰtu"@cof	<http://ids.clld.org/values/3-592-246-1>		<http://ids.clld.org/parameters/3-592>		<http://ids.clld.org/values/3-592-174-1>		"[dodo]"@mch	
"ni"@cof	<http://ids.clld.org/values/8-311-246-1>		<http://ids.clld.org/parameters/8-311>		<http://ids.clld.org/values/8-311-174-1>		"čə̄huʔhə"@mch	
"ʔora'rã"@cof	<http://ids.clld.org/values/16-810-246-3>		<http://ids.clld.org/parameters/16-810>		<http://ids.clld.org/values/16-810-174-1>		"inɲatahe"@mch	
"mãpi"@cof	<http://ids.clld.org/values/2-510-246-1>		<http://ids.clld.org/parameters/2-510>		<http://ids.clld.org/values/2-510-174-1>		"wōdɨ"@mch	
"taʰ'sẽ"@cof	<http://ids.clld.org/values/3-580-246-1>		<http://ids.clld.org/parameters/3-580>		<http://ids.clld.org/values/3-580-174-1>		"danɲami"@mch	
"ku"@cof	<http://ids.clld.org/values/4-410-246-1>		<http://ids.clld.org/parameters/4-410>		<http://ids.clld.org/values/4-410-174-1>		"ʔdohɨ-dɨ"@mch	
"ʔa'yã"@cof	<http://ids.clld.org/values/2-360-246-1>		<http://ids.clld.org/parameters/2-360>		<http://ids.clld.org/values/2-360-174-1>		"denɨ"@mch	
"kaʰ'c̷a-ke-no"@cof	<http://ids.clld.org/values/4-570-246-1>		<http://ids.clld.org/parameters/4-570>		<http://ids.clld.org/values/4-570-174-1>		"wenaʔtahəʔeʔnə"@mch	
"mã'ku"@cof	<http://ids.clld.org/values/2-520-246-1>		<http://ids.clld.org/parameters/2-520>		<http://ids.clld.org/values/2-520-174-1>		"waynɲeʔney"@mch	
"si'yã"@cof	<http://ids.clld.org/values/20-540-246-1>		<http://ids.clld.org/parameters/20-540>		<http://ids.clld.org/values/20-540-174-1>		"anətə"@mch	
"'kari-no"@cof	<http://ids.clld.org/values/19-470-246-1>		<http://ids.clld.org/parameters/19-470>		<http://ids.clld.org/values/19-470-174-1>		"tɨdɨho-dɨ"@mch	
"to-ˀbi"@cof	<http://ids.clld.org/values/12-340-246-3>		<http://ids.clld.org/parameters/12-340>		<http://ids.clld.org/values/12-340-174-1>		"nwaʔkəi"@mch	
"he'lẽ"@cof	<http://ids.clld.org/values/1-410-246-1>		<http://ids.clld.org/parameters/1-410>		<http://ids.clld.org/values/1-410-174-1>		"čūta"@mch	
"ˀba'rẽ-"@cof	<http://ids.clld.org/values/12-570-246-1>		<http://ids.clld.org/parameters/12-570>		<http://ids.clld.org/values/12-570-174-1>		"nuwe"@mch	
"ˀdi'li-no"@cof	<http://ids.clld.org/values/9-343-246-3>		<http://ids.clld.org/parameters/9-343>		<http://ids.clld.org/values/9-343-174-1>		"eʔkukā-dɨ"@mch	
"tu'li-po-no"@cof	<http://ids.clld.org/values/10-670-246-1>		<http://ids.clld.org/parameters/10-670>		<http://ids.clld.org/values/10-670-174-1>		"-adima-dɨ"@mch	
"-tu"@cof	<http://ids.clld.org/values/17-560-246-3>		<http://ids.clld.org/parameters/17-560>		<http://ids.clld.org/values/17-560-174-1>		"mmʔhm"@mch	
"ˀda-'no"@cof	<http://ids.clld.org/values/5-210-246-3>		<http://ids.clld.org/parameters/5-210>		<http://ids.clld.org/values/5-210-174-1>		"-aʔnə"@mch	
"waʰ'ta"@cof	<http://ids.clld.org/values/14-730-246-1>		<http://ids.clld.org/parameters/14-730>		<http://ids.clld.org/values/14-730-174-1>		"wedɨ"@mch	
"hele'lẽ"@cof	<http://ids.clld.org/values/12-610-246-1>		<http://ids.clld.org/parameters/12-610>		<http://ids.clld.org/values/12-610-174-1>		"taʔhuhūne"@mch	
"'luˀba-kã"@cof	<http://ids.clld.org/values/15-660-246-3>		<http://ids.clld.org/parameters/15-660>		<http://ids.clld.org/values/15-660-174-1>		"seweičato"@mch	
"'napuʰkã"@cof	<http://ids.clld.org/values/12-590-246-1>		<http://ids.clld.org/parameters/12-590>		<http://ids.clld.org/values/12-590-174-1>		"tawedato"@mch	
"kã'to"@cof	<http://ids.clld.org/values/3-760-246-1>		<http://ids.clld.org/parameters/3-760>		<http://ids.clld.org/values/3-760-174-1>		"yadākadu"@mch	
"mi'su"@cof	<http://ids.clld.org/values/4-200-246-1>		<http://ids.clld.org/parameters/4-200>		<http://ids.clld.org/values/4-200-174-1>		"hūʔhə"@mch	
"[soʰ'ta]"@cof	<http://ids.clld.org/values/13-60-246-1>		<http://ids.clld.org/parameters/13-60>		<http://ids.clld.org/values/13-60-174-1>		"tōni amohaʔto"@mch	
"ha'ˀdõ"@cof	<http://ids.clld.org/values/15-810-246-1>		<http://ids.clld.org/parameters/15-810>		<http://ids.clld.org/values/15-810-174-1>		"tamənɲato"@mch	
"pe"@cof	<http://ids.clld.org/values/1-530-246-1>		<http://ids.clld.org/parameters/1-530>		<http://ids.clld.org/values/1-530-174-1>		"nūnə"@mch	
"nĩ"@cof	<http://ids.clld.org/values/1-810-246-1>		<http://ids.clld.org/parameters/1-810>		<http://ids.clld.org/values/1-810-174-1>		"wāʔto"@mch	
"te'ya ʔiʰtõ"@cof	<http://ids.clld.org/values/15-790-246-1>		<http://ids.clld.org/parameters/15-790>		<http://ids.clld.org/values/15-790-174-1>		"tuhuʔhūdato"@mch	
"teya-'ka"@cof	<http://ids.clld.org/values/15-780-246-3>		<http://ids.clld.org/parameters/15-780>		<http://ids.clld.org/values/15-780-174-1>		"ākə̄tədɨ"@mch	
"ʔi'yu"@cof	<http://ids.clld.org/values/3-630-246-1>		<http://ids.clld.org/parameters/3-630>		<http://ids.clld.org/values/3-630-174-1>		"asɨ̄kɨ"@mch	
"ʔũ-ra-"@cof	<http://ids.clld.org/values/10-340-246-3>		<http://ids.clld.org/parameters/10-340>		<http://ids.clld.org/values/10-340-174-1>		"tɨtāwaʔta"@mch	
"hi'ra-ʔi-no"@cof	<http://ids.clld.org/values/14-270-246-1>		<http://ids.clld.org/parameters/14-270>		<http://ids.clld.org/values/14-270-174-1>		"w-əʔka-nə"@mch	
"'lu-ˀbã"@cof	<http://ids.clld.org/values/15-660-246-1>		<http://ids.clld.org/parameters/15-660>		<http://ids.clld.org/values/15-660-174-1>		"seweičato"@mch	
"ʔa'yu'na"@cof	<http://ids.clld.org/values/14-480-246-1>		<http://ids.clld.org/parameters/14-480>		<http://ids.clld.org/values/14-480-174-1>		"henamma"@mch	
"hi'ˀda"@cof	<http://ids.clld.org/values/15-860-246-1>		<http://ids.clld.org/parameters/15-860>		<http://ids.clld.org/values/15-860-174-1>		"kəmme"@mch	
"'lesu"@cof	<http://ids.clld.org/values/4-205-246-1>		<http://ids.clld.org/parameters/4-205>		<http://ids.clld.org/values/4-205-174-1>		"heʔkay"@mch	
"ke'lo-le"@cof	<http://ids.clld.org/values/12-20-246-3>		<http://ids.clld.org/parameters/12-20>		<http://ids.clld.org/values/12-20-174-1>		"dɨʔtə"@mch	
"ʔa'no ya-no"@cof	<http://ids.clld.org/values/5-140-246-3>		<http://ids.clld.org/parameters/5-140>		<http://ids.clld.org/values/5-140-174-1>		"əmīhe"@mch	
"ʔoti'ka-no"@cof	<http://ids.clld.org/values/18-410-246-1>		<http://ids.clld.org/parameters/18-410>		<http://ids.clld.org/values/18-410-174-1>		"aʔdewhaʔdɨ"@mch	
"pi-sula-no"@cof	<http://ids.clld.org/values/10-350-246-1>		<http://ids.clld.org/parameters/10-350>		<http://ids.clld.org/values/10-350-174-1>		"tɨwəʔhiyɨ"@mch	
"su"@cof	<http://ids.clld.org/values/1-440-246-1>		<http://ids.clld.org/parameters/1-440>		<http://ids.clld.org/values/1-440-174-1>		"təʔhu"@mch	
"mi'nu"@cof	<http://ids.clld.org/values/10-720-246-1>		<http://ids.clld.org/parameters/10-720>		<http://ids.clld.org/values/10-720-174-1>		"ə̄ma"@mch	
"'la-no"@cof	<http://ids.clld.org/values/10-472-246-1>		<http://ids.clld.org/parameters/10-472>		<http://ids.clld.org/values/10-472-174-1>		"-annuʔku-"@mch	
"hũ-palu-'ka"@cof	<http://ids.clld.org/values/13-40-246-3>		<http://ids.clld.org/parameters/13-40>		<http://ids.clld.org/values/13-40-174-1>		"āʔkəiʔčea"@mch	
"ki-no"@cof	<http://ids.clld.org/values/9-210-246-3>		<http://ids.clld.org/parameters/9-210>		<http://ids.clld.org/values/9-210-174-1>		"-aiʔhuka-dɨ"@mch	
"ki'kaʔa-no"@cof	<http://ids.clld.org/values/20-110-246-1>		<http://ids.clld.org/parameters/20-110>		<http://ids.clld.org/values/20-110-174-1>		"wətə̄nehānə"@mch	
"pu'lu"@cof	<http://ids.clld.org/values/5-700-246-1>		<http://ids.clld.org/parameters/5-700>		<http://ids.clld.org/values/5-700-174-1>		"šāku"@mch	
"'c̷alã"@cof	<http://ids.clld.org/values/1-215-246-1>		<http://ids.clld.org/parameters/1-215>		<http://ids.clld.org/values/1-215-174-1>		"sāʔdaʔda"@mch	
"koma'na"@cof	<http://ids.clld.org/values/4-820-246-1>		<http://ids.clld.org/parameters/4-820>		<http://ids.clld.org/values/4-820-174-1>		"āʔkedēto"@mch	
"wa'la-"@cof	<http://ids.clld.org/values/10-250-246-1>		<http://ids.clld.org/parameters/10-250>		<http://ids.clld.org/values/10-250-174-1>		"himā-dɨ"@mch	
"tu'li-no"@cof	<http://ids.clld.org/values/1-860-246-1>		<http://ids.clld.org/parameters/1-860>		<http://ids.clld.org/values/1-860-174-1>		"-kemetə-"@mch	
"pi'ya-"@cof	<http://ids.clld.org/values/11-330-246-1>		<http://ids.clld.org/parameters/11-330>		<http://ids.clld.org/values/11-330-174-1>		"w-ənnanɨʔ-nə"@mch	
"na-ri"@cof	<http://ids.clld.org/values/13-170-246-3>		<http://ids.clld.org/parameters/13-170>		<http://ids.clld.org/values/13-170-174-1>		"ākəʔkə"@mch	
"[di'yosi]"@cof	<http://ids.clld.org/values/22-120-246-1>		<http://ids.clld.org/parameters/22-120>		<http://ids.clld.org/values/22-120-174-1>		"wanādi"@mch	
"'wãˀbi"@cof	<http://ids.clld.org/values/12-10-246-1>		<http://ids.clld.org/parameters/12-10>		<http://ids.clld.org/values/12-10-174-1>		"yə̄ʔhəhe"@mch	
"wa'lada-no"@cof	<http://ids.clld.org/values/11-830-246-1>		<http://ids.clld.org/parameters/11-830>		<http://ids.clld.org/values/11-830-174-1>		"wətəʔtihānə"@mch	
"waʰc̷a"@cof	<http://ids.clld.org/values/3-650-246-1>		<http://ids.clld.org/parameters/3-650>		<http://ids.clld.org/values/3-650-174-1>		"nākukwāno"@mch	
"Φe-no"@cof	<http://ids.clld.org/values/11-320-246-1>		<http://ids.clld.org/parameters/11-320>		<http://ids.clld.org/values/11-320-174-1>		"edantə-dɨ"@mch	
"[aʰkusa]"@cof	<http://ids.clld.org/values/6-360-246-1>		<http://ids.clld.org/parameters/6-360>		<http://ids.clld.org/values/6-360-174-1>		"makūsa"@mch	
"yo kiˀdo"@cof	<http://ids.clld.org/values/1-510-246-1>		<http://ids.clld.org/parameters/1-510>		<http://ids.clld.org/values/1-510-174-1>		"kahu"@mch	
"[nu'we]"@cof	<http://ids.clld.org/values/13-90-246-3>		<http://ids.clld.org/parameters/13-90>		<http://ids.clld.org/values/13-90-174-1>		"āʔkəi čea amohaʔto"@mch	
"terãka"@cof	<http://ids.clld.org/values/7-370-246-1>		<http://ids.clld.org/parameters/7-370>		<http://ids.clld.org/values/7-370-174-1>		"inɲahuʔtahə"@mch	
"numa'totiya"@cof	<http://ids.clld.org/values/14-310-246-1>		<http://ids.clld.org/parameters/14-310>		<http://ids.clld.org/values/14-310-174-1>		"wenēne"@mch	
"c̷i-hi-no"@cof	<http://ids.clld.org/values/9-280-246-3>		<http://ids.clld.org/parameters/9-280>		<http://ids.clld.org/values/9-280-174-1>		"-iši-"@mch	
"'kole-"@cof	<http://ids.clld.org/values/9-260-246-3>		<http://ids.clld.org/parameters/9-260>		<http://ids.clld.org/values/9-260-174-1>		"-išiča-dɨ"@mch	
"numa-sitiya"@cof	<http://ids.clld.org/values/14-310-246-3>		<http://ids.clld.org/parameters/14-310>		<http://ids.clld.org/values/14-310-174-1>		"wenēne"@mch	
"pe'mã-'ka"@cof	<http://ids.clld.org/values/13-30-246-3>		<http://ids.clld.org/parameters/13-30>		<http://ids.clld.org/values/13-30-174-1>		"aduwawə"@mch	
"ke'lo"@cof	<http://ids.clld.org/values/12-430-246-1>		<http://ids.clld.org/parameters/12-430>		<http://ids.clld.org/values/12-430-174-1>		"amoinče-ʔda"@mch	
"ʔa"@cof	<http://ids.clld.org/values/4-140-246-1>		<http://ids.clld.org/parameters/4-140>		<http://ids.clld.org/values/4-140-174-1>		"hū"@mch	
"c̷i'de pe'le"@cof	<http://ids.clld.org/values/8-600-246-3>		<http://ids.clld.org/parameters/8-600>		<http://ids.clld.org/values/8-600-174-1>		"dē"@mch	
"pe'le"@cof	<http://ids.clld.org/values/12-320-246-1>		<http://ids.clld.org/parameters/12-320>		<http://ids.clld.org/values/12-320-174-1>		"nonohoʔčə"@mch	
"koʰ'tan"@cof	<http://ids.clld.org/values/3-950-246-1>		<http://ids.clld.org/parameters/3-950>		<http://ids.clld.org/values/3-950-174-1>		"kɨʔto"@mch	
"taʰ'sa ~ taʰ'se"@cof	<http://ids.clld.org/values/9-760-246-3>		<http://ids.clld.org/parameters/9-760>		<http://ids.clld.org/values/9-760-174-1>		"wɨ̄wa"@mch	
"'baro"@cof	<http://ids.clld.org/values/3-586-246-1>		<http://ids.clld.org/parameters/3-586>		<http://ids.clld.org/values/3-586-174-1>		"kudūmu"@mch	
"'kepo-"@cof	<http://ids.clld.org/values/10-250-246-3>		<http://ids.clld.org/parameters/10-250>		<http://ids.clld.org/values/10-250-174-1>		"himā-dɨ"@mch	
"ʔaʰ'ko"@cof	<http://ids.clld.org/values/2-440-246-1>		<http://ids.clld.org/parameters/2-440>		<http://ids.clld.org/values/2-440-174-1>		"-nuwā-dɨ"@mch	
"paʰta-ri-no"@cof	<http://ids.clld.org/values/8-410-246-1>		<http://ids.clld.org/parameters/8-410>		<http://ids.clld.org/values/8-410-174-1>		"inɲatɨʔtə̄dɨ"@mch	
"laʰ'ki"@cof	<http://ids.clld.org/values/16-320-246-1>		<http://ids.clld.org/parameters/16-320>		<http://ids.clld.org/values/16-320-174-1>		"wentumhe"@mch	
"ha'mo"@cof	<http://ids.clld.org/values/12-80-246-1>		<http://ids.clld.org/parameters/12-80>		<http://ids.clld.org/values/12-80-174-1>		"kawə̄"@mch	
"pe'le"@cof	<http://ids.clld.org/values/12-30-246-3>		<http://ids.clld.org/parameters/12-30>		<http://ids.clld.org/values/12-30-174-1>		"doʔnə"@mch	
"[kuʰc̷ilu]"@cof	<http://ids.clld.org/values/5-380-246-1>		<http://ids.clld.org/parameters/5-380>		<http://ids.clld.org/values/5-380-174-1>		"kɨmɨʔkə"@mch	
"'nakã"@cof	<http://ids.clld.org/values/12-560-246-1>		<http://ids.clld.org/parameters/12-560>		<http://ids.clld.org/values/12-560-174-1>		"šeʔkə"@mch	
"nũ"@cof	<http://ids.clld.org/values/17-670-246-1>		<http://ids.clld.org/parameters/17-670>		<http://ids.clld.org/values/17-670-174-1>		"əišə̄no"@mch	
"c̷i'ˀde"@cof	<http://ids.clld.org/values/1-430-246-1>		<http://ids.clld.org/parameters/1-430>		<http://ids.clld.org/values/1-430-174-1>		"dē"@mch	
"pĩ-ˀbã"@cof	<http://ids.clld.org/values/15-350-246-1>		<http://ids.clld.org/parameters/15-350>		<http://ids.clld.org/values/15-350-174-1>		"kādo"@mch	
"ni'ya-ʔiʰto"@cof	<http://ids.clld.org/values/17-690-246-1>		<http://ids.clld.org/parameters/17-690>		<http://ids.clld.org/values/17-690-174-1>		"ākene yeihəkə"@mch	
"ʔaʰ'pa iʰ'tõ na"@cof	<http://ids.clld.org/values/2-750-246-1>		<http://ids.clld.org/parameters/2-750>		<http://ids.clld.org/values/2-750-174-1>		"tunkemhɨnɨ"@mch	
"si'li"@cof	<http://ids.clld.org/values/6-380-246-1>		<http://ids.clld.org/parameters/6-380>		<http://ids.clld.org/values/6-380-174-1>		"hakūdimɨʔtɨ"@mch	
"laʰ'ki-"@cof	<http://ids.clld.org/values/16-270-246-3>		<http://ids.clld.org/parameters/16-270>		<http://ids.clld.org/values/16-270-174-1>		"hyumma-dɨ"@mch	
"ha'li-no"@cof	<http://ids.clld.org/values/4-580-246-1>		<http://ids.clld.org/parameters/4-580>		<http://ids.clld.org/values/4-580-174-1>		"ēkādɨ"@mch	
"nĩ"@cof	<http://ids.clld.org/values/7-450-246-1>		<http://ids.clld.org/parameters/7-450>		<http://ids.clld.org/values/7-450-174-1>		"adāwa"@mch	
"ˀba're"@cof	<http://ids.clld.org/values/12-440-246-5>		<http://ids.clld.org/parameters/12-440>		<http://ids.clld.org/values/12-440-174-1>		"amoinče"@mch	
"'wi-"@cof	<http://ids.clld.org/values/10-570-246-1>		<http://ids.clld.org/parameters/10-570>		<http://ids.clld.org/values/10-570-174-1>		"w-omon-nə"@mch	
"ki-no"@cof	<http://ids.clld.org/values/9-110-246-3>		<http://ids.clld.org/parameters/9-110>		<http://ids.clld.org/values/9-110-174-1>		"tɨdɨ̄dɨ"@mch	
"kuʰ'c̷i-no"@cof	<http://ids.clld.org/values/5-130-246-1>		<http://ids.clld.org/parameters/5-130>		<http://ids.clld.org/values/5-130-174-1>		"enku"@mch	
"paʰ'ti-"@cof	<http://ids.clld.org/values/10-473-246-1>		<http://ids.clld.org/parameters/10-473>		<http://ids.clld.org/values/10-473-174-1>		"hɨ̄ʔwakādə"@mch	
"su'wa"@cof	<http://ids.clld.org/values/1-750-246-1>		<http://ids.clld.org/parameters/1-750>		<http://ids.clld.org/values/1-750-174-1>		"konōho"@mch	
"'nama"@cof	<http://ids.clld.org/values/2-420-246-1>		<http://ids.clld.org/parameters/2-420>		<http://ids.clld.org/values/2-420-174-1>		"nnedɨ"@mch	
"kuʰ'pa-ri-"@cof	<http://ids.clld.org/values/10-210-246-1>		<http://ids.clld.org/parameters/10-210>		<http://ids.clld.org/values/10-210-174-1>		"w-ənuʔnə"@mch	
"haʰpi'su"@cof	<http://ids.clld.org/values/8-560-246-1>		<http://ids.clld.org/parameters/8-560>		<http://ids.clld.org/values/8-560-174-1>		"yadɨ"@mch	
"'mi-ra-no"@cof	<http://ids.clld.org/values/17-170-246-1>		<http://ids.clld.org/parameters/17-170>		<http://ids.clld.org/values/17-170-174-1>		"t-owanəkə t-ɨdɨ-dɨ"@mch	
"'teˀde"@cof	<http://ids.clld.org/values/4-310-246-1>		<http://ids.clld.org/parameters/4-310>		<http://ids.clld.org/values/4-310-174-1>		"aʔhə"@mch	
"ki'ra-wo-no"@cof	<http://ids.clld.org/values/15-550-246-3>		<http://ids.clld.org/parameters/15-550>		<http://ids.clld.org/values/15-550-174-1>		"eneho-dɨ"@mch	
"lã'te"@cof	<http://ids.clld.org/values/8-930-246-3>		<http://ids.clld.org/parameters/8-930>		<http://ids.clld.org/values/8-930-174-1>		"kankudu"@mch	
"'naʔo"@cof	<http://ids.clld.org/values/2-410-246-1>		<http://ids.clld.org/parameters/2-410>		<http://ids.clld.org/values/2-410-174-1>		"nnedɨ"@mch	
"peʰ'pe"@cof	<http://ids.clld.org/values/9-790-246-1>		<http://ids.clld.org/parameters/9-790>		<http://ids.clld.org/values/9-790-174-1>		"wadi-wadi"@mch	
"ʔu"@cof	<http://ids.clld.org/values/8-930-246-1>		<http://ids.clld.org/parameters/8-930>		<http://ids.clld.org/values/8-930-174-1>		"kankudu"@mch	
"c̷ũ'ka 'mã-ka"@cof	<http://ids.clld.org/values/13-101-246-1>		<http://ids.clld.org/parameters/13-101>		<http://ids.clld.org/values/13-101-174-1>		"amohadəʔto dēwə tōni"@mch	
"to'le-no"@cof	<http://ids.clld.org/values/9-221-246-1>		<http://ids.clld.org/parameters/9-221>		<http://ids.clld.org/values/9-221-174-1>		"čūhiya-dɨ"@mch	
"to'le-no"@cof	<http://ids.clld.org/values/9-221-246-1>		<http://ids.clld.org/parameters/9-221>		<http://ids.clld.org/values/9-221-174-3>		"yaʔka-dɨ"@mch	
"nala'lã ʔu'nila"@cof	<http://ids.clld.org/values/2-251-246-1>		<http://ids.clld.org/parameters/2-251>		<http://ids.clld.org/values/2-251-174-1>		"mudēši"@mch	
"nĩ-po-no"@cof	<http://ids.clld.org/values/1-851-246-3>		<http://ids.clld.org/parameters/1-851>		<http://ids.clld.org/values/1-851-174-1>		"ukā-dɨ"@mch	
"siʰ'ti"@cof	<http://ids.clld.org/values/19-510-246-1>		<http://ids.clld.org/parameters/19-510>		<http://ids.clld.org/values/19-510-174-1>		"weičakōno"@mch	
"'neˀde ʔi'yuka"@cof	<http://ids.clld.org/values/4-352-246-1>		<http://ids.clld.org/parameters/4-352>		<http://ids.clld.org/values/4-352-174-1>		"hōde"@mch	
"'naˀdẽ-kã"@cof	<http://ids.clld.org/values/12-650-246-1>		<http://ids.clld.org/parameters/12-650>		<http://ids.clld.org/values/12-650-174-1>		"sāʔtahe"@mch	
"lu'li"@cof	<http://ids.clld.org/values/8-570-246-1>		<http://ids.clld.org/parameters/8-570>		<http://ids.clld.org/values/8-570-174-1>		"čə̄hɨdɨ"@mch	
"[kuʰ'c̷ilu]"@cof	<http://ids.clld.org/values/9-230-246-1>		<http://ids.clld.org/parameters/9-230>		<http://ids.clld.org/values/9-230-174-1>		"kɨmɨʔkə"@mch	
"'tũ"@cof	<http://ids.clld.org/values/5-821-246-1>		<http://ids.clld.org/parameters/5-821>		<http://ids.clld.org/values/5-821-174-1>		"homi"@mch	
"'tãha-"@cof	<http://ids.clld.org/values/10-610-246-3>		<http://ids.clld.org/parameters/10-610>		<http://ids.clld.org/values/10-610-174-1>		"-adə̄-"@mch	
"[lamar]i"@cof	<http://ids.clld.org/values/1-320-246-1>		<http://ids.clld.org/parameters/1-320>		<http://ids.clld.org/values/1-320-174-1>		"dama"@mch	
"a Φu"@cof	<http://ids.clld.org/values/4-140-246-5>		<http://ids.clld.org/parameters/4-140>		<http://ids.clld.org/values/4-140-174-1>		"hū"@mch	
