"den"@br	<http://ids.clld.org/values/2-100-183-1>		<http://ids.clld.org/parameters/2-100>		<http://ids.clld.org/values/2-100-261-1>		"'či-n-ti"@brg	
"den"@br	<http://ids.clld.org/values/2-100-183-1>		<http://ids.clld.org/parameters/2-100>		<http://ids.clld.org/values/2-100-261-3>		"čonoe-"@brg	
"digouezoud"@br	<http://ids.clld.org/values/10-550-183-5>		<http://ids.clld.org/parameters/10-550>		<http://ids.clld.org/values/10-550-261-1>		"to biši'moč"@brg	
"richer"@br	<http://ids.clld.org/values/1-360-183-3>		<http://ids.clld.org/parameters/1-360>		<http://ids.clld.org/values/1-360-261-1>		"wapo'eṛ̌"@brg	
"stomok"@br	<http://ids.clld.org/values/4-400-183-7>		<http://ids.clld.org/parameters/4-400>		<http://ids.clld.org/values/4-400-261-1>		"ča'ko-ki"@brg	
"feur"@br	<http://ids.clld.org/values/6-280-183-1>		<http://ids.clld.org/parameters/6-280>		<http://ids.clld.org/values/6-280-261-1>		"-ša"@brg	
"buhez"@br	<http://ids.clld.org/values/4-740-183-5>		<http://ids.clld.org/parameters/4-740>		<http://ids.clld.org/values/4-740-261-1>		"-čo-'ko-"@brg	
"loen"@br	<http://ids.clld.org/values/3-110-183-1>		<http://ids.clld.org/parameters/3-110>		<http://ids.clld.org/values/3-110-261-1>		"-'per"@brg	
"evaɲ"@br	<http://ids.clld.org/values/5-130-183-1>		<http://ids.clld.org/parameters/5-130>		<http://ids.clld.org/values/5-130-261-1>		"er"@brg	
"evaɲ"@br	<http://ids.clld.org/values/5-130-183-1>		<http://ids.clld.org/parameters/5-130>		<http://ids.clld.org/values/5-130-261-3>		"-e'ro-"@brg	
"peleh?"@br	<http://ids.clld.org/values/17-660-183-1>		<http://ids.clld.org/parameters/17-660>		<http://ids.clld.org/values/17-660-261-3>		"ṛ̌a'βiyowon?"@brg	
"peleh?"@br	<http://ids.clld.org/values/17-660-183-1>		<http://ids.clld.org/parameters/17-660>		<http://ids.clld.org/values/17-660-261-1>		"oypoka"@brg	
"kov"@br	<http://ids.clld.org/values/4-460-183-3>		<http://ids.clld.org/parameters/4-460>		<http://ids.clld.org/values/4-460-261-1>		"-'he-ki"@brg	
"kov"@br	<http://ids.clld.org/values/4-460-183-3>		<http://ids.clld.org/parameters/4-460>		<http://ids.clld.org/values/4-460-261-3>		"ničo'koki"@brg	
"mamm"@br	<http://ids.clld.org/values/2-360-183-1>		<http://ids.clld.org/parameters/2-360>		<http://ids.clld.org/values/2-360-261-1>		"n-en"@brg	
"peutrin"@br	<http://ids.clld.org/values/4-400-183-5>		<http://ids.clld.org/parameters/4-400>		<http://ids.clld.org/values/4-400-261-1>		"ča'ko-ki"@brg	
"gwespedenn"@br	<http://ids.clld.org/values/3-823-183-1>		<http://ids.clld.org/parameters/3-823>		<http://ids.clld.org/values/3-823-261-1>		"ane"@brg	
"diwaskaɲ"@br	<http://ids.clld.org/values/9-343-183-1>		<http://ids.clld.org/parameters/9-343>		<http://ids.clld.org/values/9-343-261-1>		"'ko-piti-"@brg	
"diwaskaɲ"@br	<http://ids.clld.org/values/9-343-183-1>		<http://ids.clld.org/parameters/9-343>		<http://ids.clld.org/values/9-343-261-3>		"su'ipistakapa"@brg	
"deiz"@br	<http://ids.clld.org/values/14-410-183-1>		<http://ids.clld.org/parameters/14-410>		<http://ids.clld.org/values/14-410-261-3>		"ṛ̌o'sesokonoeṛ̌"@brg	
"deiz"@br	<http://ids.clld.org/values/14-410-183-1>		<http://ids.clld.org/parameters/14-410>		<http://ids.clld.org/values/14-410-261-1>		"se-s"@brg	
"teɲvalijenn"@br	<http://ids.clld.org/values/1-620-183-1>		<http://ids.clld.org/parameters/1-620>		<http://ids.clld.org/values/1-620-261-3>		"ha'mo-ṛ̌e"@brg	
"teɲvalijenn"@br	<http://ids.clld.org/values/1-620-183-1>		<http://ids.clld.org/parameters/1-620>		<http://ids.clld.org/values/1-620-261-1>		"ha'moṛ̌en"@brg	
"heol"@br	<http://ids.clld.org/values/1-520-183-1>		<http://ids.clld.org/parameters/1-520>		<http://ids.clld.org/values/1-520-261-1>		"se-s"@brg	
"c’hwi"@br	<http://ids.clld.org/values/2-950-183-1>		<http://ids.clld.org/parameters/2-950>		<http://ids.clld.org/values/2-950-261-1>		"yi-'ti"@brg	
"c’hoarzin"@br	<http://ids.clld.org/values/16-250-183-1>		<http://ids.clld.org/parameters/16-250>		<http://ids.clld.org/values/16-250-261-1>		"-'ko-ka-"@brg	
"i"@br	<http://ids.clld.org/values/2-960-183-1>		<http://ids.clld.org/parameters/2-960>		<http://ids.clld.org/values/2-960-261-1>		"no-'ti"@brg	
"drebi"@br	<http://ids.clld.org/values/5-110-183-3>		<http://ids.clld.org/parameters/5-110>		<http://ids.clld.org/values/5-110-261-3>		"ni-'kow"@brg	
"drebi"@br	<http://ids.clld.org/values/5-110-183-3>		<http://ids.clld.org/parameters/5-110>		<http://ids.clld.org/values/5-110-261-1>		"-ni-"@brg	
"ranik"@br	<http://ids.clld.org/values/3-950-183-7>		<http://ids.clld.org/parameters/3-950>		<http://ids.clld.org/values/3-950-261-1>		"si'poṛ̌i"@brg	
"bleo"@br	<http://ids.clld.org/values/4-144-183-1>		<http://ids.clld.org/parameters/4-144>		<http://ids.clld.org/values/4-144-261-1>		"-i'ša"@brg	
"teo"@br	<http://ids.clld.org/values/12-630-183-1>		<http://ids.clld.org/parameters/12-630>		<http://ids.clld.org/values/12-630-261-1>		"šo'po-"@brg	
"aon"@br	<http://ids.clld.org/values/16-530-183-1>		<http://ids.clld.org/parameters/16-530>		<http://ids.clld.org/values/16-530-261-1>		"-pi-"@brg	
"aon"@br	<http://ids.clld.org/values/16-530-183-1>		<http://ids.clld.org/parameters/16-530>		<http://ids.clld.org/values/16-530-261-3>		"'ni-piko-w"@brg	
"kalon"@br	<http://ids.clld.org/values/4-440-183-1>		<http://ids.clld.org/parameters/4-440>		<http://ids.clld.org/values/4-440-261-1>		"neto'koʔin"@brg	
"gwriad"@br	<http://ids.clld.org/values/6-350-183-1>		<http://ids.clld.org/parameters/6-350>		<http://ids.clld.org/values/6-350-261-1>		"-'po-ri-a"@brg	
"gwriad"@br	<http://ids.clld.org/values/6-350-183-1>		<http://ids.clld.org/parameters/6-350>		<http://ids.clld.org/values/6-350-261-3>		"ni-'poṛ̌ia-w"@brg	
"holen"@br	<http://ids.clld.org/values/5-810-183-1>		<http://ids.clld.org/parameters/5-810>		<http://ids.clld.org/values/5-810-261-1>		"'čobi ~ 'čobe"@brg	
"gwaz"@br	<http://ids.clld.org/values/2-210-183-1>		<http://ids.clld.org/parameters/2-210>		<http://ids.clld.org/values/2-210-261-1>		"hi-ṛ̌"@brg	
"dant"@br	<http://ids.clld.org/values/4-270-183-1>		<http://ids.clld.org/parameters/4-270>		<http://ids.clld.org/values/4-270-261-1>		"ni-'se-ṛ̌"@brg	
"kotoɲs"@br	<http://ids.clld.org/values/6-240-183-1>		<http://ids.clld.org/parameters/6-240>		<http://ids.clld.org/values/6-240-261-1>		"ka'ha-weš"@brg	
"muzell"@br	<http://ids.clld.org/values/4-250-183-3>		<http://ids.clld.org/parameters/4-250>		<http://ids.clld.org/values/4-250-261-1>		"ni'čomonoki"@brg	
"tri"@br	<http://ids.clld.org/values/13-30-183-1>		<http://ids.clld.org/parameters/13-30>		<http://ids.clld.org/values/13-30-261-1>		"m'po-n"@brg	
"dare"@br	<http://ids.clld.org/values/5-123-183-3>		<http://ids.clld.org/parameters/5-123>		<http://ids.clld.org/values/5-123-261-1>		"-ya-"@brg	
"digas"@br	<http://ids.clld.org/values/10-620-183-1>		<http://ids.clld.org/parameters/10-620>		<http://ids.clld.org/values/10-620-261-1>		"'amo(n-)"@brg	
"suna"@br	<http://ids.clld.org/values/5-160-183-1>		<http://ids.clld.org/parameters/5-160>		<http://ids.clld.org/values/5-160-261-1>		"-hi-'ko-"@brg	
"morzed"@br	<http://ids.clld.org/values/4-351-183-1>		<http://ids.clld.org/parameters/4-351>		<http://ids.clld.org/values/4-351-261-1>		"-pes"@brg	
"brao"@br	<http://ids.clld.org/values/16-810-183-3>		<http://ids.clld.org/parameters/16-810>		<http://ids.clld.org/values/16-810-261-1>		"'monikowapa"@brg	
"gwareg"@br	<http://ids.clld.org/values/20-240-183-1>		<http://ids.clld.org/parameters/20-240>		<http://ids.clld.org/values/20-240-261-1>		"tipo'pok"@brg	
"gwareg"@br	<http://ids.clld.org/values/20-240-183-1>		<http://ids.clld.org/parameters/20-240>		<http://ids.clld.org/values/20-240-261-3>		"-tipo"@brg	
"kig"@br	<http://ids.clld.org/values/5-610-183-1>		<http://ids.clld.org/parameters/5-610>		<http://ids.clld.org/values/5-610-261-1>		"n-eš"@brg	
"kahad"@br	<http://ids.clld.org/values/4-660-183-1>		<http://ids.clld.org/parameters/4-660>		<http://ids.clld.org/values/4-660-261-1>		"e'tis"@brg	
"leiz"@br	<http://ids.clld.org/values/15-830-183-3>		<http://ids.clld.org/parameters/15-830>		<http://ids.clld.org/values/15-830-261-1>		"-po'to-"@brg	
"gwaz"@br	<http://ids.clld.org/values/2-230-183-1>		<http://ids.clld.org/parameters/2-230>		<http://ids.clld.org/values/2-230-261-1>		"a'čane"@brg	
"lagad"@br	<http://ids.clld.org/values/4-210-183-1>		<http://ids.clld.org/parameters/4-210>		<http://ids.clld.org/values/4-210-261-1>		"-i'ki"@brg	
"lagad"@br	<http://ids.clld.org/values/4-210-183-1>		<http://ids.clld.org/parameters/4-210>		<http://ids.clld.org/values/4-210-261-3>		"ni-'kis"@brg	
"taran"@br	<http://ids.clld.org/values/1-560-183-5>		<http://ids.clld.org/parameters/1-560>		<http://ids.clld.org/values/1-560-261-1>		"ṛ̌o'čoṛ̌eow"@brg	
"logodenn-dall"@br	<http://ids.clld.org/values/3-591-183-3>		<http://ids.clld.org/parameters/3-591>		<http://ids.clld.org/values/3-591-261-1>		"βi'te-ṛ̌"@brg	
"oabl"@br	<http://ids.clld.org/values/1-510-183-1>		<http://ids.clld.org/parameters/1-510>		<http://ids.clld.org/values/1-510-261-1>		"a'ni-ye"@brg	
"kelienenn"@br	<http://ids.clld.org/values/3-830-183-1>		<http://ids.clld.org/parameters/3-830>		<http://ids.clld.org/values/3-830-261-1>		"-a'ro"@brg	
"baro"@br	<http://ids.clld.org/values/4-142-183-1>		<http://ids.clld.org/parameters/4-142>		<http://ids.clld.org/values/4-142-261-1>		"ni-ša'won"@brg	
"rond"@br	<http://ids.clld.org/values/12-810-183-1>		<http://ids.clld.org/parameters/12-810>		<http://ids.clld.org/values/12-810-261-1>		"čoporikon"@brg	
"kaer"@br	<http://ids.clld.org/values/16-810-183-1>		<http://ids.clld.org/parameters/16-810>		<http://ids.clld.org/values/16-810-261-1>		"'monikowapa"@brg	
"dougen"@br	<http://ids.clld.org/values/10-610-183-1>		<http://ids.clld.org/parameters/10-610>		<http://ids.clld.org/values/10-610-261-1>		"nam"@brg	
"pluenn"@br	<http://ids.clld.org/values/4-393-183-1>		<http://ids.clld.org/parameters/4-393>		<http://ids.clld.org/values/4-393-261-1>		"e'sis"@brg	
"ru"@br	<http://ids.clld.org/values/15-660-183-3>		<http://ids.clld.org/parameters/15-660>		<http://ids.clld.org/values/15-660-261-1>		"moro'sero-"@brg	
"pech"@br	<http://ids.clld.org/values/20-640-183-1>		<http://ids.clld.org/parameters/20-640>		<http://ids.clld.org/values/20-640-261-1>		"siṛ̌ia'mok"@brg	
"gwalhiɲ"@br	<http://ids.clld.org/values/9-360-183-1>		<http://ids.clld.org/parameters/9-360>		<http://ids.clld.org/values/9-360-261-1>		"-'sipa"@brg	
"bara zegal"@br	<http://ids.clld.org/values/4-450-183-3>		<http://ids.clld.org/parameters/4-450>		<http://ids.clld.org/values/4-450-261-1>		"-e'pe-ṛ̌on"@brg	
"kouezaɲ"@br	<http://ids.clld.org/values/10-230-183-1>		<http://ids.clld.org/parameters/10-230>		<http://ids.clld.org/values/10-230-261-1>		"nesta'paika"@brg	
"heɲ/ hi"@br	<http://ids.clld.org/values/2-930-183-1>		<http://ids.clld.org/parameters/2-930>		<http://ids.clld.org/values/2-930-261-3>		"ṛ̌i-'ti"@brg	
"heɲ/ hi"@br	<http://ids.clld.org/values/2-930-183-1>		<http://ids.clld.org/parameters/2-930>		<http://ids.clld.org/values/2-930-261-1>		"ṛ̌o-'ti"@brg	
"toenn"@br	<http://ids.clld.org/values/7-510-183-1>		<http://ids.clld.org/parameters/7-510>		<http://ids.clld.org/values/7-510-261-1>		"ečo'pi"@brg	
"gouzoud"@br	<http://ids.clld.org/values/17-170-183-1>		<http://ids.clld.org/parameters/17-170>		<http://ids.clld.org/values/17-170-261-1>		"-čo-"@brg	
"gouzoud"@br	<http://ids.clld.org/values/17-170-183-1>		<http://ids.clld.org/parameters/17-170>		<http://ids.clld.org/values/17-170-261-3>		"-tiṛ̌i"@brg	
"poucher"@br	<http://ids.clld.org/values/1-213-183-3>		<http://ids.clld.org/parameters/1-213>		<http://ids.clld.org/values/1-213-261-3>		"poi-p"@brg	
"poucher"@br	<http://ids.clld.org/values/1-213-183-3>		<http://ids.clld.org/parameters/1-213>		<http://ids.clld.org/values/1-213-261-1>		"kopo'eṛ̌"@brg	
"tortu"@br	<http://ids.clld.org/values/3-980-183-1>		<http://ids.clld.org/parameters/3-980>		<http://ids.clld.org/values/3-980-261-1>		"so'pi-ṛ̌"@brg	
"tan"@br	<http://ids.clld.org/values/1-810-183-1>		<http://ids.clld.org/parameters/1-810>		<http://ids.clld.org/values/1-810-261-1>		"'ya-ki"@brg	
"dour"@br	<http://ids.clld.org/values/1-310-183-1>		<http://ids.clld.org/parameters/1-310>		<http://ids.clld.org/values/1-310-261-1>		"in"@brg	
"lost"@br	<http://ids.clld.org/values/4-180-183-1>		<http://ids.clld.org/parameters/4-180>		<http://ids.clld.org/values/4-180-261-1>		"-i'ho-s"@brg	
"maouez"@br	<http://ids.clld.org/values/2-220-183-1>		<http://ids.clld.org/parameters/2-220>		<http://ids.clld.org/values/2-220-261-1>		"e'ton"@brg	
"beg"@br	<http://ids.clld.org/values/4-240-183-3>		<http://ids.clld.org/parameters/4-240>		<http://ids.clld.org/values/4-240-261-1>		"ni-'noki"@brg	
"c’hoalen"@br	<http://ids.clld.org/values/5-810-183-5>		<http://ids.clld.org/parameters/5-810>		<http://ids.clld.org/values/5-810-261-1>		"'čobi ~ 'čobe"@brg	
"fun"@br	<http://ids.clld.org/values/9-190-183-3>		<http://ids.clld.org/parameters/9-190>		<http://ids.clld.org/values/9-190-261-1>		"ni-'ro-"@brg	
"ezomm"@br	<http://ids.clld.org/values/17-450-183-1>		<http://ids.clld.org/parameters/17-450>		<http://ids.clld.org/values/17-450-261-1>		"ni'kamoseṛ̌ow"@brg	
"ariko"@br	<http://ids.clld.org/values/5-660-183-1>		<http://ids.clld.org/parameters/5-660>		<http://ids.clld.org/values/5-660-261-1>		"či'čoṛ̌op"@brg	
"tost"@br	<http://ids.clld.org/values/12-430-183-1>		<http://ids.clld.org/parameters/12-430>		<http://ids.clld.org/values/12-430-261-1>		"a'ne-kon"@brg	
"groɲch"@br	<http://ids.clld.org/values/4-209-183-3>		<http://ids.clld.org/parameters/4-209>		<http://ids.clld.org/values/4-209-261-1>		"nipoeho'kon"@brg	
"braz"@br	<http://ids.clld.org/values/12-550-183-1>		<http://ids.clld.org/parameters/12-550>		<http://ids.clld.org/values/12-550-261-1>		"čo-"@brg	
"lenn"@br	<http://ids.clld.org/values/1-330-183-1>		<http://ids.clld.org/parameters/1-330>		<http://ids.clld.org/values/1-330-261-1>		"'č-aki"@brg	
"hir"@br	<http://ids.clld.org/values/12-570-183-1>		<http://ids.clld.org/parameters/12-570>		<http://ids.clld.org/values/12-570-261-1>		"-pi"@brg	
"hir"@br	<http://ids.clld.org/values/12-570-183-1>		<http://ids.clld.org/parameters/12-570>		<http://ids.clld.org/values/12-570-261-3>		"'pero-"@brg	
"lourd"@br	<http://ids.clld.org/values/15-810-183-3>		<http://ids.clld.org/parameters/15-810>		<http://ids.clld.org/values/15-810-261-3>		"kohino-kon"@brg	
"lourd"@br	<http://ids.clld.org/values/15-810-183-3>		<http://ids.clld.org/parameters/15-810>		<http://ids.clld.org/values/15-810-261-1>		"-'hi-no-"@brg	
"dindan"@br	<http://ids.clld.org/values/12-30-183-3>		<http://ids.clld.org/parameters/12-30>		<http://ids.clld.org/values/12-30-261-3>		"poe-"@brg	
"dindan"@br	<http://ids.clld.org/values/12-30-183-3>		<http://ids.clld.org/parameters/12-30>		<http://ids.clld.org/values/12-30-261-1>		"pai-"@brg	
"kemer"@br	<http://ids.clld.org/values/11-130-183-1>		<http://ids.clld.org/parameters/11-130>		<http://ids.clld.org/values/11-130-261-1>		"-a'mo"@brg	
"skouarn"@br	<http://ids.clld.org/values/4-220-183-1>		<http://ids.clld.org/parameters/4-220>		<http://ids.clld.org/values/4-220-261-3>		"senoki"@brg	
"skouarn"@br	<http://ids.clld.org/values/4-220-183-1>		<http://ids.clld.org/parameters/4-220>		<http://ids.clld.org/values/4-220-261-1>		"-'čoko-n"@brg	
"me"@br	<http://ids.clld.org/values/2-910-183-1>		<http://ids.clld.org/parameters/2-910>		<http://ids.clld.org/values/2-910-261-3>		"n-ti"@brg	
"me"@br	<http://ids.clld.org/values/2-910-183-1>		<http://ids.clld.org/parameters/2-910>		<http://ids.clld.org/values/2-910-261-1>		"ni-"@brg	
"skoiɲ"@br	<http://ids.clld.org/values/9-210-183-3>		<http://ids.clld.org/parameters/9-210>		<http://ids.clld.org/values/9-210-261-1>		"nesta'kaβiyar"@brg	
"gouelaɲ"@br	<http://ids.clld.org/values/16-370-183-1>		<http://ids.clld.org/parameters/16-370>		<http://ids.clld.org/values/16-370-261-1>		"-ya"@brg	
"a-dreg"@br	<http://ids.clld.org/values/12-11-183-3>		<http://ids.clld.org/parameters/12-11>		<http://ids.clld.org/values/12-11-261-1>		"šiṛ̌iwa'niye"@brg	
"poultr"@br	<http://ids.clld.org/values/1-213-183-1>		<http://ids.clld.org/parameters/1-213>		<http://ids.clld.org/values/1-213-261-3>		"poi-p"@brg	
"poultr"@br	<http://ids.clld.org/values/1-213-183-1>		<http://ids.clld.org/parameters/1-213>		<http://ids.clld.org/values/1-213-261-1>		"kopo'eṛ̌"@brg	
"skoaz"@br	<http://ids.clld.org/values/4-300-183-1>		<http://ids.clld.org/parameters/4-300>		<http://ids.clld.org/values/4-300-261-3>		"-'powos"@brg	
"skoaz"@br	<http://ids.clld.org/values/4-300-183-1>		<http://ids.clld.org/parameters/4-300>		<http://ids.clld.org/values/4-300-261-1>		"ni-'powosi"@brg	
"penmoh"@br	<http://ids.clld.org/values/3-350-183-1>		<http://ids.clld.org/parameters/3-350>		<http://ids.clld.org/values/3-350-261-1>		"si'mori"@brg	
"toud"@br	<http://ids.clld.org/values/13-140-183-3>		<http://ids.clld.org/parameters/13-140>		<http://ids.clld.org/values/13-140-261-1>		"pon"@brg	
"ha"@br	<http://ids.clld.org/values/17-510-183-3>		<http://ids.clld.org/parameters/17-510>		<http://ids.clld.org/values/17-510-261-1>		"ač"@brg	
"zero"@br	<http://ids.clld.org/values/13-0-183-1>		<http://ids.clld.org/parameters/13-0>		<http://ids.clld.org/values/13-0-261-1>		"'inkaw ~ 'onkaw"@brg	
"kaoud c’hoant"@br	<http://ids.clld.org/values/16-620-183-3>		<http://ids.clld.org/parameters/16-620>		<http://ids.clld.org/values/16-620-261-1>		"-'kami-"@brg	
"kaoud c’hoant"@br	<http://ids.clld.org/values/16-620-183-3>		<http://ids.clld.org/parameters/16-620>		<http://ids.clld.org/values/16-620-261-3>		"ni-'kiʔinow"@brg	
"c’hoar"@br	<http://ids.clld.org/values/2-450-183-1>		<http://ids.clld.org/parameters/2-450>		<http://ids.clld.org/values/2-450-261-3>		"'n-eta"@brg	
"c’hoar"@br	<http://ids.clld.org/values/2-450-183-1>		<http://ids.clld.org/parameters/2-450>		<http://ids.clld.org/values/2-450-261-1>		"ni-'piṛ̌i"@brg	
"gar"@br	<http://ids.clld.org/values/4-350-183-1>		<http://ids.clld.org/parameters/4-350>		<http://ids.clld.org/values/4-350-261-1>		"ni'pes"@brg	
"gwad"@br	<http://ids.clld.org/values/4-150-183-1>		<http://ids.clld.org/parameters/4-150>		<http://ids.clld.org/values/4-150-261-1>		"'iti"@brg	
"kochon"@br	<http://ids.clld.org/values/3-350-183-5>		<http://ids.clld.org/parameters/3-350>		<http://ids.clld.org/values/3-350-261-1>		"si'mori"@brg	
"tan-foeltr"@br	<http://ids.clld.org/values/1-570-183-1>		<http://ids.clld.org/parameters/1-570>		<http://ids.clld.org/values/1-570-261-1>		"ṛ̌o'čomoṛ̌omoṛ̌eow"@brg	
"steredenn"@br	<http://ids.clld.org/values/1-540-183-1>		<http://ids.clld.org/parameters/1-540>		<http://ids.clld.org/values/1-540-261-1>		"wa'his"@brg	
"droug"@br	<http://ids.clld.org/values/16-310-183-3>		<http://ids.clld.org/parameters/16-310>		<http://ids.clld.org/values/16-310-261-1>		"-koti-"@brg	
"te"@br	<http://ids.clld.org/values/2-920-183-1>		<http://ids.clld.org/parameters/2-920>		<http://ids.clld.org/values/2-920-261-1>		"pi-'ti"@brg	
"a-dreɲv"@br	<http://ids.clld.org/values/12-11-183-1>		<http://ids.clld.org/parameters/12-11>		<http://ids.clld.org/values/12-11-261-1>		"šiṛ̌iwa'niye"@brg	
"kannaɲ"@br	<http://ids.clld.org/values/9-360-183-3>		<http://ids.clld.org/parameters/9-360>		<http://ids.clld.org/values/9-360-261-1>		"-'sipa"@brg	
"glaou-douar"@br	<http://ids.clld.org/values/1-890-183-1>		<http://ids.clld.org/parameters/1-890>		<http://ids.clld.org/values/1-890-261-1>		"emones"@brg	
"penn"@br	<http://ids.clld.org/values/4-200-183-1>		<http://ids.clld.org/parameters/4-200>		<http://ids.clld.org/values/4-200-261-1>		"ni-'poʔe"@brg	
"gleb"@br	<http://ids.clld.org/values/15-830-183-1>		<http://ids.clld.org/parameters/15-830>		<http://ids.clld.org/values/15-830-261-1>		"-po'to-"@brg	
"umid"@br	<http://ids.clld.org/values/15-830-183-5>		<http://ids.clld.org/parameters/15-830>		<http://ids.clld.org/values/15-830-261-1>		"-po'to-"@brg	
"frouezenn"@br	<http://ids.clld.org/values/5-710-183-1>		<http://ids.clld.org/parameters/5-710>		<http://ids.clld.org/values/5-710-261-1>		"-i"@brg	
"tal"@br	<http://ids.clld.org/values/4-205-183-1>		<http://ids.clld.org/parameters/4-205>		<http://ids.clld.org/values/4-205-261-1>		"ni'panoṛ̌"@brg	
"stank"@br	<http://ids.clld.org/values/1-330-183-5>		<http://ids.clld.org/parameters/1-330>		<http://ids.clld.org/values/1-330-261-1>		"'č-aki"@brg	
"ruz"@br	<http://ids.clld.org/values/15-660-183-1>		<http://ids.clld.org/parameters/15-660>		<http://ids.clld.org/values/15-660-261-1>		"moro'sero-"@brg	
"fall"@br	<http://ids.clld.org/values/16-720-183-1>		<http://ids.clld.org/parameters/16-720>		<http://ids.clld.org/values/16-720-261-1>		"me'hewokon"@brg	
"c’hoari"@br	<http://ids.clld.org/values/16-260-183-1>		<http://ids.clld.org/parameters/16-260>		<http://ids.clld.org/values/16-260-261-1>		"ṛ̌o'ponič"@brg	
"c’hoantaad"@br	<http://ids.clld.org/values/16-620-183-1>		<http://ids.clld.org/parameters/16-620>		<http://ids.clld.org/values/16-620-261-1>		"-'kami-"@brg	
"c’hoantaad"@br	<http://ids.clld.org/values/16-620-183-1>		<http://ids.clld.org/parameters/16-620>		<http://ids.clld.org/values/16-620-261-3>		"ni-'kiʔinow"@brg	
"lemm"@br	<http://ids.clld.org/values/15-780-183-1>		<http://ids.clld.org/parameters/15-780>		<http://ids.clld.org/values/15-780-261-1>		"ko-'se-ro"@brg	
"medikamaɲchou"@br	<http://ids.clld.org/values/4-880-183-3>		<http://ids.clld.org/parameters/4-880>		<http://ids.clld.org/values/4-880-261-1>		"we'ṛ̌ok"@brg	
"lapenn"@br	<http://ids.clld.org/values/4-260-183-3>		<http://ids.clld.org/parameters/4-260>		<http://ids.clld.org/values/4-260-261-1>		"-pe-n"@brg	
"lapenn"@br	<http://ids.clld.org/values/4-260-183-3>		<http://ids.clld.org/parameters/4-260>		<http://ids.clld.org/values/4-260-261-3>		"epenene"@brg	
"neɲv"@br	<http://ids.clld.org/values/1-510-183-3>		<http://ids.clld.org/parameters/1-510>		<http://ids.clld.org/values/1-510-261-1>		"a'ni-ye"@brg	
"prestaɲ"@br	<http://ids.clld.org/values/11-620-183-1>		<http://ids.clld.org/parameters/11-620>		<http://ids.clld.org/values/11-620-261-1>		"kopo'e-"@brg	
"paotr"@br	<http://ids.clld.org/values/2-210-183-3>		<http://ids.clld.org/parameters/2-210>		<http://ids.clld.org/values/2-210-261-1>		"hi-ṛ̌"@brg	
"tad"@br	<http://ids.clld.org/values/2-350-183-1>		<http://ids.clld.org/parameters/2-350>		<http://ids.clld.org/values/2-350-261-3>		"čač"@brg	
"tad"@br	<http://ids.clld.org/values/2-350-183-1>		<http://ids.clld.org/parameters/2-350>		<http://ids.clld.org/values/2-350-261-1>		"-i'a"@brg	
"war"@br	<http://ids.clld.org/values/12-80-183-3>		<http://ids.clld.org/parameters/12-80>		<http://ids.clld.org/values/12-80-261-1>		"a'ni-ye"@brg	
"krohen"@br	<http://ids.clld.org/values/4-120-183-1>		<http://ids.clld.org/parameters/4-120>		<http://ids.clld.org/values/4-120-261-1>		"-č-om"@brg	
"krohen"@br	<http://ids.clld.org/values/4-120-183-1>		<http://ids.clld.org/parameters/4-120>		<http://ids.clld.org/values/4-120-261-3>		"ni-'čom"@brg	
"en traoɲ"@br	<http://ids.clld.org/values/12-30-183-1>		<http://ids.clld.org/parameters/12-30>		<http://ids.clld.org/values/12-30-261-3>		"poe-"@brg	
"en traoɲ"@br	<http://ids.clld.org/values/12-30-183-1>		<http://ids.clld.org/parameters/12-30>		<http://ids.clld.org/values/12-30-261-1>		"pai-"@brg	
"ilin"@br	<http://ids.clld.org/values/4-320-183-1>		<http://ids.clld.org/parameters/4-320>		<http://ids.clld.org/values/4-320-261-1>		"nito'taki"@brg	
"saez"@br	<http://ids.clld.org/values/20-250-183-3>		<http://ids.clld.org/parameters/20-250>		<http://ids.clld.org/values/20-250-261-1>		"kori-"@brg	
"delienn"@br	<http://ids.clld.org/values/8-560-183-1>		<http://ids.clld.org/parameters/8-560>		<http://ids.clld.org/values/8-560-261-1>		"e-pono'e"@brg	
"kleved"@br	<http://ids.clld.org/values/15-410-183-1>		<http://ids.clld.org/parameters/15-410>		<http://ids.clld.org/values/15-410-261-1>		"-som-"@brg	
"kleved"@br	<http://ids.clld.org/values/15-410-183-1>		<http://ids.clld.org/parameters/15-410>		<http://ids.clld.org/values/15-410-261-3>		"ṛ̌i-'somopoek"@brg	
"keuneud"@br	<http://ids.clld.org/values/1-880-183-1>		<http://ids.clld.org/parameters/1-880>		<http://ids.clld.org/values/1-880-261-1>		"ya'kis"@brg	
"den"@br	<http://ids.clld.org/values/2-310-183-1>		<http://ids.clld.org/parameters/2-310>		<http://ids.clld.org/values/2-310-261-3>		"-emo"@brg	
"den"@br	<http://ids.clld.org/values/2-310-183-1>		<http://ids.clld.org/parameters/2-310>		<http://ids.clld.org/values/2-310-261-1>		"naβi'non"@brg	
"breh"@br	<http://ids.clld.org/values/4-310-183-1>		<http://ids.clld.org/parameters/4-310>		<http://ids.clld.org/values/4-310-261-3>		"-ton"@brg	
"breh"@br	<http://ids.clld.org/values/4-310-183-1>		<http://ids.clld.org/parameters/4-310>		<http://ids.clld.org/values/4-310-261-1>		"-po'wo-ki"@brg	
"en em deviɲ"@br	<http://ids.clld.org/values/1-851-183-1>		<http://ids.clld.org/parameters/1-851>		<http://ids.clld.org/values/1-851-261-1>		"-a'haṛ̌ow"@brg	
"loc’h"@br	<http://ids.clld.org/values/1-330-183-3>		<http://ids.clld.org/parameters/1-330>		<http://ids.clld.org/values/1-330-261-1>		"'č-aki"@brg	
"avel"@br	<http://ids.clld.org/values/1-720-183-1>		<http://ids.clld.org/parameters/1-720>		<http://ids.clld.org/values/1-720-261-1>		"βiṛ̌"@brg	
"genou"@br	<http://ids.clld.org/values/4-240-183-1>		<http://ids.clld.org/parameters/4-240>		<http://ids.clld.org/values/4-240-261-1>		"ni-'noki"@brg	
"labourad"@br	<http://ids.clld.org/values/9-120-183-1>		<http://ids.clld.org/parameters/9-120>		<http://ids.clld.org/values/9-120-261-1>		"koto-"@brg	
"dond"@br	<http://ids.clld.org/values/10-480-183-1>		<http://ids.clld.org/parameters/10-480>		<http://ids.clld.org/values/10-480-261-1>		"-piko-w"@brg	
"dorn"@br	<http://ids.clld.org/values/4-330-183-1>		<http://ids.clld.org/parameters/4-330>		<http://ids.clld.org/values/4-330-261-1>		"-wo-"@brg	
"dorn"@br	<http://ids.clld.org/values/4-330-183-1>		<http://ids.clld.org/parameters/4-330>		<http://ids.clld.org/values/4-330-261-3>		"ni-'wohi-s"@brg	
"glao"@br	<http://ids.clld.org/values/1-750-183-1>		<http://ids.clld.org/parameters/1-750>		<http://ids.clld.org/values/1-750-261-1>		"so'won"@brg	
"poupig"@br	<http://ids.clld.org/values/2-280-183-3>		<http://ids.clld.org/parameters/2-280>		<http://ids.clld.org/values/2-280-261-1>		"'monči"@brg	
"ivin"@br	<http://ids.clld.org/values/4-344-183-1>		<http://ids.clld.org/parameters/4-344>		<http://ids.clld.org/values/4-344-261-1>		"n-i'tip"@brg	
"bihan"@br	<http://ids.clld.org/values/12-560-183-1>		<http://ids.clld.org/parameters/12-560>		<http://ids.clld.org/values/12-560-261-5>		"ti'ʔa-ci"@brg	
"bihan"@br	<http://ids.clld.org/values/12-560-183-1>		<http://ids.clld.org/parameters/12-560>		<http://ids.clld.org/values/12-560-261-3>		"'mičokiṛ̌i"@brg	
"bihan"@br	<http://ids.clld.org/values/12-560-183-1>		<http://ids.clld.org/parameters/12-560>		<http://ids.clld.org/values/12-560-261-1>		"-či"@brg	
"goude-kreisteiz"@br	<http://ids.clld.org/values/14-451-183-3>		<http://ids.clld.org/parameters/14-451>		<http://ids.clld.org/values/14-451-261-1>		"kope'ap"@brg	
"chink"@br	<http://ids.clld.org/values/4-209-183-5>		<http://ids.clld.org/parameters/4-209>		<http://ids.clld.org/values/4-209-261-1>		"nipoeho'kon"@brg	
"arruoud"@br	<http://ids.clld.org/values/10-550-183-3>		<http://ids.clld.org/parameters/10-550>		<http://ids.clld.org/values/10-550-261-1>		"to biši'moč"@brg	
"tan-kurun"@br	<http://ids.clld.org/values/1-570-183-3>		<http://ids.clld.org/parameters/1-570>		<http://ids.clld.org/values/1-570-261-1>		"ṛ̌o'čomoṛ̌omoṛ̌eow"@brg	
"biz troad"@br	<http://ids.clld.org/values/4-380-183-1>		<http://ids.clld.org/parameters/4-380>		<http://ids.clld.org/values/4-380-261-1>		"ni'wohis to ni'poih"@brg	
"gwreg"@br	<http://ids.clld.org/values/2-320-183-1>		<http://ids.clld.org/parameters/2-320>		<http://ids.clld.org/values/2-320-261-1>		"ne-'yon"@brg	
"unan"@br	<http://ids.clld.org/values/13-10-183-1>		<http://ids.clld.org/parameters/13-10>		<http://ids.clld.org/values/13-10-261-1>		"po'noš"@brg	
"dibriɲ"@br	<http://ids.clld.org/values/5-110-183-1>		<http://ids.clld.org/parameters/5-110>		<http://ids.clld.org/values/5-110-261-3>		"ni-'kow"@brg	
"dibriɲ"@br	<http://ids.clld.org/values/5-110-183-1>		<http://ids.clld.org/parameters/5-110>		<http://ids.clld.org/values/5-110-261-1>		"-ni-"@brg	
"chignan"@br	<http://ids.clld.org/values/3-950-183-5>		<http://ids.clld.org/parameters/3-950>		<http://ids.clld.org/values/3-950-261-1>		"si'poṛ̌i"@brg	
"labous yar"@br	<http://ids.clld.org/values/3-550-183-1>		<http://ids.clld.org/parameters/3-550>		<http://ids.clld.org/values/3-550-261-1>		"'tipoṛ̌ek"@brg	
"digeriɲ"@br	<http://ids.clld.org/values/12-240-183-1>		<http://ids.clld.org/parameters/12-240>		<http://ids.clld.org/values/12-240-261-1>		"'βe-ha"@brg	
"elgez"@br	<http://ids.clld.org/values/4-209-183-1>		<http://ids.clld.org/parameters/4-209>		<http://ids.clld.org/values/4-209-261-1>		"nipoeho'kon"@brg	
"en"@br	<http://ids.clld.org/values/12-50-183-1>		<http://ids.clld.org/parameters/12-50>		<http://ids.clld.org/values/12-50-261-1>		"-ye"@brg	
"douar"@br	<http://ids.clld.org/values/1-210-183-1>		<http://ids.clld.org/parameters/1-210>		<http://ids.clld.org/values/1-210-261-1>		"po'ewok"@brg	
"int"@br	<http://ids.clld.org/values/2-960-183-3>		<http://ids.clld.org/parameters/2-960>		<http://ids.clld.org/values/2-960-261-1>		"no-'ti"@brg	
"poan"@br	<http://ids.clld.org/values/16-310-183-1>		<http://ids.clld.org/parameters/16-310>		<http://ids.clld.org/values/16-310-261-1>		"-koti-"@brg	
"bugel"@br	<http://ids.clld.org/values/2-270-183-1>		<http://ids.clld.org/parameters/2-270>		<http://ids.clld.org/values/2-270-261-1>		"mo-"@brg	
"piou?"@br	<http://ids.clld.org/values/17-680-183-1>		<http://ids.clld.org/parameters/17-680>		<http://ids.clld.org/values/17-680-261-1>		"kon to 'woyokon"@brg	
"loer"@br	<http://ids.clld.org/values/1-530-183-3>		<http://ids.clld.org/parameters/1-530>		<http://ids.clld.org/values/1-530-261-1>		"ki'he-ṛ̌"@brg	
"dindan"@br	<http://ids.clld.org/values/12-70-183-1>		<http://ids.clld.org/parameters/12-70>		<http://ids.clld.org/values/12-70-261-1>		"a'piye"@brg	
"droug"@br	<http://ids.clld.org/values/16-720-183-3>		<http://ids.clld.org/parameters/16-720>		<http://ids.clld.org/values/16-720-261-1>		"me'hewokon"@brg	
"bremaɲ"@br	<http://ids.clld.org/values/14-180-183-1>		<http://ids.clld.org/parameters/14-180>		<http://ids.clld.org/values/14-180-261-1>		"ne'ṛ̌iki"@brg	
"kustum"@br	<http://ids.clld.org/values/19-610-183-5>		<http://ids.clld.org/parameters/19-610>		<http://ids.clld.org/values/19-610-261-1>		"-'rapi"@brg	
"kraban"@br	<http://ids.clld.org/values/4-345-183-1>		<http://ids.clld.org/parameters/4-345>		<http://ids.clld.org/values/4-345-261-1>		"e'tip"@brg	
"gwenanenn"@br	<http://ids.clld.org/values/3-820-183-1>		<http://ids.clld.org/parameters/3-820>		<http://ids.clld.org/values/3-820-261-1>		"yomo'ep"@brg	
"skevent"@br	<http://ids.clld.org/values/4-441-183-1>		<http://ids.clld.org/parameters/4-441>		<http://ids.clld.org/values/4-441-261-1>		"ta'ha"@brg	
"ludu"@br	<http://ids.clld.org/values/1-840-183-1>		<http://ids.clld.org/parameters/1-840>		<http://ids.clld.org/values/1-840-261-1>		"po'ip"@brg	
"naon"@br	<http://ids.clld.org/values/5-140-183-1>		<http://ids.clld.org/parameters/5-140>		<http://ids.clld.org/values/5-140-261-1>		"ni'βeiʔinow"@brg	
"ponner"@br	<http://ids.clld.org/values/15-810-183-1>		<http://ids.clld.org/parameters/15-810>		<http://ids.clld.org/values/15-810-261-3>		"kohino-kon"@brg	
"ponner"@br	<http://ids.clld.org/values/15-810-183-1>		<http://ids.clld.org/parameters/15-810>		<http://ids.clld.org/values/15-810-261-1>		"-'hi-no-"@brg	
"estomak"@br	<http://ids.clld.org/values/4-460-183-1>		<http://ids.clld.org/parameters/4-460>		<http://ids.clld.org/values/4-460-261-1>		"-'he-ki"@brg	
"estomak"@br	<http://ids.clld.org/values/4-460-183-1>		<http://ids.clld.org/parameters/4-460>		<http://ids.clld.org/values/4-460-261-3>		"ničo'koki"@brg	
"gwenodenn"@br	<http://ids.clld.org/values/10-720-183-1>		<http://ids.clld.org/parameters/10-720>		<http://ids.clld.org/values/10-720-261-1>		"ša'no-ki"@brg	
"mamm-goz"@br	<http://ids.clld.org/values/2-470-183-1>		<http://ids.clld.org/parameters/2-470>		<http://ids.clld.org/values/2-470-261-1>		"-os"@brg	
"lavared"@br	<http://ids.clld.org/values/18-220-183-1>		<http://ids.clld.org/parameters/18-220>		<http://ids.clld.org/values/18-220-261-1>		"'k-ičo"@brg	
"kudurun"@br	<http://ids.clld.org/values/1-560-183-3>		<http://ids.clld.org/parameters/1-560>		<http://ids.clld.org/values/1-560-261-1>		"ṛ̌o'čoṛ̌eow"@brg	
"paotr"@br	<http://ids.clld.org/values/2-230-183-3>		<http://ids.clld.org/parameters/2-230>		<http://ids.clld.org/values/2-230-261-1>		"a'čane"@brg	
"mond"@br	<http://ids.clld.org/values/10-470-183-1>		<http://ids.clld.org/parameters/10-470>		<http://ids.clld.org/values/10-470-261-1>		"-yono-w"@brg	
"nann"@br	<http://ids.clld.org/values/17-560-183-1>		<http://ids.clld.org/parameters/17-560>		<http://ids.clld.org/values/17-560-261-1>		"'onkaw"@brg	
"foulinenn"@br	<http://ids.clld.org/values/6-280-183-3>		<http://ids.clld.org/parameters/6-280>		<http://ids.clld.org/values/6-280-261-1>		"-ša"@brg	
"pobl"@br	<http://ids.clld.org/values/19-210-183-3>		<http://ids.clld.org/parameters/19-210>		<http://ids.clld.org/values/19-210-261-1>		"'činti"@brg	
"pobl"@br	<http://ids.clld.org/values/19-210-183-3>		<http://ids.clld.org/parameters/19-210>		<http://ids.clld.org/values/19-210-261-3>		"činti-neβ"@brg	
"karantez"@br	<http://ids.clld.org/values/16-270-183-3>		<http://ids.clld.org/parameters/16-270>		<http://ids.clld.org/values/16-270-261-3>		"ememna'reko"@brg	
"karantez"@br	<http://ids.clld.org/values/16-270-183-3>		<http://ids.clld.org/parameters/16-270>		<http://ids.clld.org/values/16-270-261-1>		"-'emo-ni"@brg	
"arrioud"@br	<http://ids.clld.org/values/10-550-183-1>		<http://ids.clld.org/parameters/10-550>		<http://ids.clld.org/values/10-550-261-1>		"to biši'moč"@brg	
"bezaɲ(chom) enn he zao"@br	<http://ids.clld.org/values/12-150-183-1>		<http://ids.clld.org/parameters/12-150>		<http://ids.clld.org/values/12-150-261-1>		"-šom"@brg	
"azo"@br	<http://ids.clld.org/values/5-123-183-5>		<http://ids.clld.org/parameters/5-123>		<http://ids.clld.org/values/5-123-261-1>		"-ya-"@brg	
"glesker"@br	<http://ids.clld.org/values/3-950-183-1>		<http://ids.clld.org/parameters/3-950>		<http://ids.clld.org/values/3-950-261-1>		"si'poṛ̌i"@brg	
"koton"@br	<http://ids.clld.org/values/6-240-183-3>		<http://ids.clld.org/parameters/6-240>		<http://ids.clld.org/values/6-240-261-1>		"ka'ha-weš"@brg	
"doan"@br	<http://ids.clld.org/values/16-530-183-3>		<http://ids.clld.org/parameters/16-530>		<http://ids.clld.org/values/16-530-261-1>		"-pi-"@brg	
"doan"@br	<http://ids.clld.org/values/16-530-183-3>		<http://ids.clld.org/parameters/16-530>		<http://ids.clld.org/values/16-530-261-3>		"'ni-piko-w"@brg	
"lared"@br	<http://ids.clld.org/values/18-220-183-3>		<http://ids.clld.org/parameters/18-220>		<http://ids.clld.org/values/18-220-261-1>		"'k-ičo"@brg	
"nijal"@br	<http://ids.clld.org/values/10-370-183-1>		<http://ids.clld.org/parameters/10-370>		<http://ids.clld.org/values/10-370-261-1>		"-ar-"@brg	
"askorn"@br	<http://ids.clld.org/values/4-160-183-1>		<http://ids.clld.org/parameters/4-160>		<http://ids.clld.org/values/4-160-261-1>		"-'opi"@brg	
"kanevedenn"@br	<http://ids.clld.org/values/1-590-183-3>		<http://ids.clld.org/parameters/1-590>		<http://ids.clld.org/values/1-590-261-1>		"ni'a"@brg	
"mad"@br	<http://ids.clld.org/values/16-710-183-1>		<http://ids.clld.org/parameters/16-710>		<http://ids.clld.org/values/16-710-261-1>		"'heni"@brg	
"noz"@br	<http://ids.clld.org/values/14-420-183-1>		<http://ids.clld.org/parameters/14-420>		<http://ids.clld.org/values/14-420-261-1>		"yoto'e-ṛ̌"@brg	
"had"@br	<http://ids.clld.org/values/8-311-183-1>		<http://ids.clld.org/parameters/8-311>		<http://ids.clld.org/values/8-311-261-1>		"e'so-ki"@brg	
"en em gaoud"@br	<http://ids.clld.org/values/10-550-183-7>		<http://ids.clld.org/parameters/10-550>		<http://ids.clld.org/values/10-550-261-1>		"to biši'moč"@brg	
"korn"@br	<http://ids.clld.org/values/4-170-183-1>		<http://ids.clld.org/parameters/4-170>		<http://ids.clld.org/values/4-170-261-1>		"e'hi"@brg	
"tonton"@br	<http://ids.clld.org/values/2-510-183-3>		<http://ids.clld.org/parameters/2-510>		<http://ids.clld.org/values/2-510-261-1>		"kik"@brg	
"gwezenn"@br	<http://ids.clld.org/values/1-420-183-1>		<http://ids.clld.org/parameters/1-420>		<http://ids.clld.org/values/1-420-261-1>		"'ewokoe"@brg	
"ribin"@br	<http://ids.clld.org/values/10-720-183-3>		<http://ids.clld.org/parameters/10-720>		<http://ids.clld.org/values/10-720-261-1>		"ša'no-ki"@brg	
"hutad"@br	<http://ids.clld.org/values/5-160-183-3>		<http://ids.clld.org/parameters/5-160>		<http://ids.clld.org/values/5-160-261-1>		"-hi-'ko-"@brg	
"peultrin"@br	<http://ids.clld.org/values/4-400-183-3>		<http://ids.clld.org/parameters/4-400>		<http://ids.clld.org/values/4-400-261-1>		"ča'ko-ki"@brg	
"ejen"@br	<http://ids.clld.org/values/3-220-183-1>		<http://ids.clld.org/parameters/3-220>		<http://ids.clld.org/values/3-220-261-1>		"[wiye]"@brg	
"garmad"@br	<http://ids.clld.org/values/16-370-183-5>		<http://ids.clld.org/parameters/16-370>		<http://ids.clld.org/values/16-370-261-1>		"-ya"@brg	
"skubaɲ"@br	<http://ids.clld.org/values/9-370-183-1>		<http://ids.clld.org/parameters/9-370>		<http://ids.clld.org/values/9-370-261-1>		"heβi-ṛ̌"@brg	
"bleo"@br	<http://ids.clld.org/values/4-140-183-1>		<http://ids.clld.org/parameters/4-140>		<http://ids.clld.org/values/4-140-261-3>		"ni-'čahaih"@brg	
"bleo"@br	<http://ids.clld.org/values/4-140-183-1>		<http://ids.clld.org/parameters/4-140>		<http://ids.clld.org/values/4-140-261-1>		"-ča-"@brg	
"askell-grohen"@br	<http://ids.clld.org/values/3-591-183-1>		<http://ids.clld.org/parameters/3-591>		<http://ids.clld.org/values/3-591-261-1>		"βi'te-ṛ̌"@brg	
"pell"@br	<http://ids.clld.org/values/12-440-183-1>		<http://ids.clld.org/parameters/12-440>		<http://ids.clld.org/values/12-440-261-1>		"a'βe-"@brg	
"kamarad"@br	<http://ids.clld.org/values/19-510-183-3>		<http://ids.clld.org/parameters/19-510>		<http://ids.clld.org/values/19-510-261-1>		"ni'toṛ̌i"@brg	
"mervel"@br	<http://ids.clld.org/values/4-750-183-1>		<http://ids.clld.org/parameters/4-750>		<http://ids.clld.org/values/4-750-261-3>		"ṛ̌e'pen"@brg	
"mervel"@br	<http://ids.clld.org/values/4-750-183-1>		<http://ids.clld.org/parameters/4-750>		<http://ids.clld.org/values/4-750-261-1>		"-e'pe-"@brg	
"beo"@br	<http://ids.clld.org/values/4-740-183-3>		<http://ids.clld.org/parameters/4-740>		<http://ids.clld.org/values/4-740-261-1>		"-čo-'ko-"@brg	
"ni"@br	<http://ids.clld.org/values/2-940-183-1>		<http://ids.clld.org/parameters/2-940>		<http://ids.clld.org/values/2-940-261-1>		"βi-'ti"@brg	
"gweuz"@br	<http://ids.clld.org/values/4-250-183-1>		<http://ids.clld.org/parameters/4-250>		<http://ids.clld.org/values/4-250-261-1>		"ni'čomonoki"@brg	
"teir"@br	<http://ids.clld.org/values/13-30-183-3>		<http://ids.clld.org/parameters/13-30>		<http://ids.clld.org/values/13-30-261-1>		"m'po-n"@brg	
"melen"@br	<http://ids.clld.org/values/15-690-183-1>		<http://ids.clld.org/parameters/15-690>		<http://ids.clld.org/values/15-690-261-1>		"'ya-s-ko-"@brg	
"daro"@br	<http://ids.clld.org/values/5-123-183-1>		<http://ids.clld.org/parameters/5-123>		<http://ids.clld.org/values/5-123-261-1>		"-ya-"@brg	
"kerzed"@br	<http://ids.clld.org/values/10-450-183-1>		<http://ids.clld.org/parameters/10-450>		<http://ids.clld.org/values/10-450-261-1>		"-yo'no"@brg	
"butun"@br	<http://ids.clld.org/values/8-680-183-1>		<http://ids.clld.org/parameters/8-680>		<http://ids.clld.org/values/8-680-261-1>		"son"@brg	
"keniterv"@br	<http://ids.clld.org/values/2-550-183-3>		<http://ids.clld.org/parameters/2-550>		<http://ids.clld.org/values/2-550-261-1>		"'mpiri"@brg	
"kanod"@br	<http://ids.clld.org/values/10-831-183-1>		<http://ids.clld.org/parameters/10-831>		<http://ids.clld.org/values/10-831-261-1>		"ya'šoṛ̌"@brg	
"kanod"@br	<http://ids.clld.org/values/10-831-183-1>		<http://ids.clld.org/parameters/10-831>		<http://ids.clld.org/values/10-831-261-3>		"pkore"@brg	
"bir"@br	<http://ids.clld.org/values/20-250-183-1>		<http://ids.clld.org/parameters/20-250>		<http://ids.clld.org/values/20-250-261-1>		"kori-"@brg	
"eontr"@br	<http://ids.clld.org/values/2-510-183-1>		<http://ids.clld.org/parameters/2-510>		<http://ids.clld.org/values/2-510-261-1>		"kik"@brg	
"gwenn"@br	<http://ids.clld.org/values/15-640-183-1>		<http://ids.clld.org/parameters/15-640>		<http://ids.clld.org/values/15-640-261-1>		"kotipo'pin"@brg	
"kaoud"@br	<http://ids.clld.org/values/11-120-183-1>		<http://ids.clld.org/parameters/11-120>		<http://ids.clld.org/values/11-120-261-1>		"-'ko-ti"@brg	
"siɲj"@br	<http://ids.clld.org/values/3-760-183-3>		<http://ids.clld.org/parameters/3-760>		<http://ids.clld.org/values/3-760-261-1>		"yo-ṛ̌"@brg	
"kleiz"@br	<http://ids.clld.org/values/12-420-183-1>		<http://ids.clld.org/parameters/12-420>		<http://ids.clld.org/values/12-420-261-1>		"'sa-pi"@brg	
"mamm-gaer"@br	<http://ids.clld.org/values/2-620-183-1>		<http://ids.clld.org/parameters/2-620>		<http://ids.clld.org/values/2-620-261-3>		"-aki"@brg	
"mamm-gaer"@br	<http://ids.clld.org/values/2-620-183-1>		<http://ids.clld.org/parameters/2-620>		<http://ids.clld.org/values/2-620-261-1>		"-mos"@brg	
"kousked"@br	<http://ids.clld.org/values/4-610-183-1>		<http://ids.clld.org/parameters/4-610>		<http://ids.clld.org/values/4-610-261-3>		"-mo'ko-w"@brg	
"kousked"@br	<http://ids.clld.org/values/4-610-183-1>		<http://ids.clld.org/parameters/4-610>		<http://ids.clld.org/values/4-610-261-1>		"-i'mo"@brg	
"ker"@br	<http://ids.clld.org/values/11-880-183-1>		<http://ids.clld.org/parameters/11-880>		<http://ids.clld.org/values/11-880-261-1>		"šo-'wa-no-n"@brg	
"krouadur"@br	<http://ids.clld.org/values/2-280-183-1>		<http://ids.clld.org/parameters/2-280>		<http://ids.clld.org/values/2-280-261-1>		"'monči"@brg	
"moustikenn"@br	<http://ids.clld.org/values/3-832-183-1>		<http://ids.clld.org/parameters/3-832>		<http://ids.clld.org/values/3-832-261-1>		"ni"@brg	
"marmouz"@br	<http://ids.clld.org/values/3-760-183-1>		<http://ids.clld.org/parameters/3-760>		<http://ids.clld.org/values/3-760-261-1>		"yo-ṛ̌"@brg	
"afer"@br	<http://ids.clld.org/values/17-450-183-3>		<http://ids.clld.org/parameters/17-450>		<http://ids.clld.org/values/17-450-261-1>		"ni'kamoseṛ̌ow"@brg	
"peb"@br	<http://ids.clld.org/values/13-140-183-1>		<http://ids.clld.org/parameters/13-140>		<http://ids.clld.org/values/13-140-261-1>		"pon"@brg	
"palv"@br	<http://ids.clld.org/values/4-331-183-1>		<http://ids.clld.org/parameters/4-331>		<http://ids.clld.org/values/4-331-261-1>		"'waki"@brg	
"kalz"@br	<http://ids.clld.org/values/13-150-183-1>		<http://ids.clld.org/parameters/13-150>		<http://ids.clld.org/values/13-150-261-1>		"mo-"@brg	
"goug"@br	<http://ids.clld.org/values/4-280-183-3>		<http://ids.clld.org/parameters/4-280>		<http://ids.clld.org/values/4-280-261-3>		"ni-'pi-h"@brg	
"goug"@br	<http://ids.clld.org/values/4-280-183-3>		<http://ids.clld.org/parameters/4-280>		<http://ids.clld.org/values/4-280-261-1>		"-pi-h"@brg	
"goug"@br	<http://ids.clld.org/values/4-280-183-3>		<http://ids.clld.org/parameters/4-280>		<http://ids.clld.org/values/4-280-261-5>		"-ča'no-ki"@brg	
"bouhal"@br	<http://ids.clld.org/values/9-250-183-1>		<http://ids.clld.org/parameters/9-250>		<http://ids.clld.org/values/9-250-261-1>		"po'e"@brg	
"dillad"@br	<http://ids.clld.org/values/6-120-183-1>		<http://ids.clld.org/parameters/6-120>		<http://ids.clld.org/values/6-120-261-1>		"ra'roni"@brg	
"taol"@br	<http://ids.clld.org/values/7-440-183-1>		<http://ids.clld.org/parameters/7-440>		<http://ids.clld.org/values/7-440-261-1>		"[mes]"@brg	
"halen"@br	<http://ids.clld.org/values/5-810-183-3>		<http://ids.clld.org/parameters/5-810>		<http://ids.clld.org/values/5-810-261-1>		"'čobi ~ 'čobe"@brg	
"gwareg-ar-glao"@br	<http://ids.clld.org/values/1-590-183-1>		<http://ids.clld.org/parameters/1-590>		<http://ids.clld.org/values/1-590-261-1>		"ni'a"@brg	
"bronn"@br	<http://ids.clld.org/values/4-410-183-1>		<http://ids.clld.org/parameters/4-410>		<http://ids.clld.org/values/4-410-261-1>		"-šo-n"@brg	
"enderv"@br	<http://ids.clld.org/values/14-451-183-1>		<http://ids.clld.org/parameters/14-451>		<http://ids.clld.org/values/14-451-261-1>		"kope'ap"@brg	
"biz"@br	<http://ids.clld.org/values/4-340-183-1>		<http://ids.clld.org/parameters/4-340>		<http://ids.clld.org/values/4-340-261-1>		"ni-'wohis"@brg	
"skeiɲ"@br	<http://ids.clld.org/values/9-210-183-1>		<http://ids.clld.org/parameters/9-210>		<http://ids.clld.org/values/9-210-261-1>		"nesta'kaβiyar"@brg	
"gwiskamant"@br	<http://ids.clld.org/values/6-120-183-3>		<http://ids.clld.org/parameters/6-120>		<http://ids.clld.org/values/6-120-261-1>		"ra'roni"@brg	
"pried"@br	<http://ids.clld.org/values/2-310-183-5>		<http://ids.clld.org/parameters/2-310>		<http://ids.clld.org/values/2-310-261-3>		"-emo"@brg	
"pried"@br	<http://ids.clld.org/values/2-310-183-5>		<http://ids.clld.org/parameters/2-310>		<http://ids.clld.org/values/2-310-261-1>		"naβi'non"@brg	
"pigellad"@br	<http://ids.clld.org/values/8-220-183-3>		<http://ids.clld.org/parameters/8-220>		<http://ids.clld.org/values/8-220-261-1>		"-'saho-kia-"@brg	
"boaz"@br	<http://ids.clld.org/values/19-610-183-1>		<http://ids.clld.org/parameters/19-610>		<http://ids.clld.org/values/19-610-261-1>		"-'rapi"@brg	
"skoed"@br	<http://ids.clld.org/values/20-340-183-1>		<http://ids.clld.org/parameters/20-340>		<http://ids.clld.org/values/20-340-261-1>		"ni-yičo"@brg	
"loar"@br	<http://ids.clld.org/values/1-530-183-1>		<http://ids.clld.org/parameters/1-530>		<http://ids.clld.org/values/1-530-261-1>		"ki'he-ṛ̌"@brg	
"eeun"@br	<http://ids.clld.org/values/12-730-183-1>		<http://ids.clld.org/parameters/12-730>		<http://ids.clld.org/values/12-730-261-1>		"to'βi-"@brg	
"porhell"@br	<http://ids.clld.org/values/3-350-183-3>		<http://ids.clld.org/parameters/3-350>		<http://ids.clld.org/values/3-350-261-1>		"si'mori"@brg	
"pesk"@br	<http://ids.clld.org/values/3-650-183-1>		<http://ids.clld.org/parameters/3-650>		<http://ids.clld.org/values/3-650-261-1>		"him"@brg	
"pesk"@br	<http://ids.clld.org/values/3-650-183-1>		<http://ids.clld.org/parameters/3-650>		<http://ids.clld.org/values/3-650-261-3>		"koβes"@brg	
"aer"@br	<http://ids.clld.org/values/3-850-183-1>		<http://ids.clld.org/parameters/3-850>		<http://ids.clld.org/values/3-850-261-3>		"'peropi"@brg	
"aer"@br	<http://ids.clld.org/values/3-850-183-1>		<http://ids.clld.org/parameters/3-850>		<http://ids.clld.org/values/3-850-261-1>		"ki'woṛ̌"@brg	
"deskiɲ"@br	<http://ids.clld.org/values/17-240-183-1>		<http://ids.clld.org/parameters/17-240>		<http://ids.clld.org/values/17-240-261-1>		"-karo-'wo-w"@brg	
"bezaɲ kaoz"@br	<http://ids.clld.org/values/17-420-183-1>		<http://ids.clld.org/parameters/17-420>		<http://ids.clld.org/values/17-420-261-3>		"imo-"@brg	
"bezaɲ kaoz"@br	<http://ids.clld.org/values/17-420-183-1>		<http://ids.clld.org/parameters/17-420>		<http://ids.clld.org/values/17-420-261-1>		"i-"@brg	
"troad"@br	<http://ids.clld.org/values/4-370-183-1>		<http://ids.clld.org/parameters/4-370>		<http://ids.clld.org/values/4-370-261-1>		"ni'poih"@brg	
"ster"@br	<http://ids.clld.org/values/1-360-183-1>		<http://ids.clld.org/parameters/1-360>		<http://ids.clld.org/values/1-360-261-1>		"wapo'eṛ̌"@brg	
"koad"@br	<http://ids.clld.org/values/1-410-183-1>		<http://ids.clld.org/parameters/1-410>		<http://ids.clld.org/values/1-410-261-1>		"kaki'woko-ye"@brg	
"c’hwezaɲ"@br	<http://ids.clld.org/values/10-380-183-1>		<http://ids.clld.org/parameters/10-380>		<http://ids.clld.org/values/10-380-261-1>		"-'haβi-ko-w"@brg	
"bevaɲ"@br	<http://ids.clld.org/values/4-740-183-1>		<http://ids.clld.org/parameters/4-740>		<http://ids.clld.org/values/4-740-261-1>		"-čo-'ko-"@brg	
"breur"@br	<http://ids.clld.org/values/2-440-183-1>		<http://ids.clld.org/parameters/2-440>		<http://ids.clld.org/values/2-440-261-1>		"ni'piri"@brg	
"breur"@br	<http://ids.clld.org/values/2-440-183-1>		<http://ids.clld.org/parameters/2-440>		<http://ids.clld.org/values/2-440-261-3>		"ni'ay"@brg	
"koz"@br	<http://ids.clld.org/values/14-150-183-1>		<http://ids.clld.org/parameters/14-150>		<http://ids.clld.org/values/14-150-261-1>		"či-n"@brg	
"war-benn"@br	<http://ids.clld.org/values/12-80-183-5>		<http://ids.clld.org/parameters/12-80>		<http://ids.clld.org/values/12-80-261-1>		"a'ni-ye"@brg	
"maro"@br	<http://ids.clld.org/values/4-750-183-3>		<http://ids.clld.org/parameters/4-750>		<http://ids.clld.org/values/4-750-261-3>		"ṛ̌e'pen"@brg	
"maro"@br	<http://ids.clld.org/values/4-750-183-3>		<http://ids.clld.org/parameters/4-750>		<http://ids.clld.org/values/4-750-261-1>		"-e'pe-"@brg	
"neud"@br	<http://ids.clld.org/values/6-380-183-1>		<http://ids.clld.org/parameters/6-380>		<http://ids.clld.org/values/6-380-261-1>		"kotipo'pin"@brg	
"kleuziɲ"@br	<http://ids.clld.org/values/8-220-183-1>		<http://ids.clld.org/parameters/8-220>		<http://ids.clld.org/values/8-220-261-1>		"-'saho-kia-"@brg	
"laouenn"@br	<http://ids.clld.org/values/3-811-183-1>		<http://ids.clld.org/parameters/3-811>		<http://ids.clld.org/values/3-811-261-1>		"i'no-k"@brg	
"gwrizienn"@br	<http://ids.clld.org/values/8-540-183-1>		<http://ids.clld.org/parameters/8-540>		<http://ids.clld.org/values/8-540-261-1>		"ṛ̌eki'ton"@brg	
"oll"@br	<http://ids.clld.org/values/13-140-183-5>		<http://ids.clld.org/parameters/13-140>		<http://ids.clld.org/values/13-140-261-1>		"pon"@brg	
"digoriɲ"@br	<http://ids.clld.org/values/12-240-183-3>		<http://ids.clld.org/parameters/12-240>		<http://ids.clld.org/values/12-240-261-1>		"'βe-ha"@brg	
"bale"@br	<http://ids.clld.org/values/10-450-183-3>		<http://ids.clld.org/parameters/10-450>		<http://ids.clld.org/values/10-450-261-1>		"-yo'no"@brg	
"moged"@br	<http://ids.clld.org/values/1-830-183-1>		<http://ids.clld.org/parameters/1-830>		<http://ids.clld.org/values/1-830-261-1>		"kotiso'kon"@brg	
"kerent"@br	<http://ids.clld.org/values/2-810-183-1>		<http://ids.clld.org/parameters/2-810>		<http://ids.clld.org/values/2-810-261-1>		"ni'čonopos"@brg	
"gouzoug"@br	<http://ids.clld.org/values/4-280-183-1>		<http://ids.clld.org/parameters/4-280>		<http://ids.clld.org/values/4-280-261-3>		"ni-'pi-h"@brg	
"gouzoug"@br	<http://ids.clld.org/values/4-280-183-1>		<http://ids.clld.org/parameters/4-280>		<http://ids.clld.org/values/4-280-261-1>		"-pi-h"@brg	
"gouzoug"@br	<http://ids.clld.org/values/4-280-183-1>		<http://ids.clld.org/parameters/4-280>		<http://ids.clld.org/values/4-280-261-5>		"-ča'no-ki"@brg	
"kein"@br	<http://ids.clld.org/values/4-190-183-1>		<http://ids.clld.org/parameters/4-190>		<http://ids.clld.org/values/4-190-261-1>		"-'čipi"@brg	
"mezo"@br	<http://ids.clld.org/values/4-980-183-1>		<http://ids.clld.org/parameters/4-980>		<http://ids.clld.org/values/4-980-261-1>		"-'kaβio"@brg	
"tud"@br	<http://ids.clld.org/values/19-210-183-1>		<http://ids.clld.org/parameters/19-210>		<http://ids.clld.org/values/19-210-261-1>		"'činti"@brg	
"tud"@br	<http://ids.clld.org/values/19-210-183-1>		<http://ids.clld.org/parameters/19-210>		<http://ids.clld.org/values/19-210-261-3>		"činti-neβ"@brg	
"evn yar"@br	<http://ids.clld.org/values/3-550-183-3>		<http://ids.clld.org/parameters/3-550>		<http://ids.clld.org/values/3-550-261-1>		"'tipoṛ̌ek"@brg	
"giz"@br	<http://ids.clld.org/values/19-610-183-3>		<http://ids.clld.org/parameters/19-610>		<http://ids.clld.org/values/19-610-261-1>		"-'rapi"@brg	
"kared"@br	<http://ids.clld.org/values/16-270-183-1>		<http://ids.clld.org/parameters/16-270>		<http://ids.clld.org/values/16-270-261-3>		"ememna'reko"@brg	
"kared"@br	<http://ids.clld.org/values/16-270-183-1>		<http://ids.clld.org/parameters/16-270>		<http://ids.clld.org/values/16-270-261-1>		"-'emo-ni"@brg	
"reiɲ"@br	<http://ids.clld.org/values/11-210-183-1>		<http://ids.clld.org/parameters/11-210>		<http://ids.clld.org/values/11-210-261-1>		"-po'e-ko-w"@brg	
"tad-kaer"@br	<http://ids.clld.org/values/2-610-183-1>		<http://ids.clld.org/parameters/2-610>		<http://ids.clld.org/values/2-610-261-1>		"nimo'šok"@brg	
"ti"@br	<http://ids.clld.org/values/7-120-183-1>		<http://ids.clld.org/parameters/7-120>		<http://ids.clld.org/values/7-120-261-5>		"-den-pe-n"@brg	
"ti"@br	<http://ids.clld.org/values/7-120-183-1>		<http://ids.clld.org/parameters/7-120>		<http://ids.clld.org/values/7-120-261-3>		"-'we-ṛ̌"@brg	
"ti"@br	<http://ids.clld.org/values/7-120-183-1>		<http://ids.clld.org/parameters/7-120>		<http://ids.clld.org/values/7-120-261-1>		"'pa-ṛ̌i"@brg	
"riɲvier"@br	<http://ids.clld.org/values/1-360-183-5>		<http://ids.clld.org/parameters/1-360>		<http://ids.clld.org/values/1-360-261-1>		"wapo'eṛ̌"@brg	
"hent"@br	<http://ids.clld.org/values/10-710-183-1>		<http://ids.clld.org/parameters/10-710>		<http://ids.clld.org/values/10-710-261-3>		"ša'no-ki"@brg	
"hent"@br	<http://ids.clld.org/values/10-710-183-1>		<http://ids.clld.org/parameters/10-710>		<http://ids.clld.org/values/10-710-261-1>		"šo-'no-"@brg	
"gwaz"@br	<http://ids.clld.org/values/2-310-183-3>		<http://ids.clld.org/parameters/2-310>		<http://ids.clld.org/values/2-310-261-3>		"-emo"@brg	
"gwaz"@br	<http://ids.clld.org/values/2-310-183-3>		<http://ids.clld.org/parameters/2-310>		<http://ids.clld.org/values/2-310-261-1>		"naβi'non"@brg	
"kaoter"@br	<http://ids.clld.org/values/5-260-183-1>		<http://ids.clld.org/parameters/5-260>		<http://ids.clld.org/values/5-260-261-3>		"keheβi"@brg	
"kaoter"@br	<http://ids.clld.org/values/5-260-183-1>		<http://ids.clld.org/parameters/5-260>		<http://ids.clld.org/values/5-260-261-1>		"'hopi"@brg	
"laɲchenn"@br	<http://ids.clld.org/values/4-260-183-5>		<http://ids.clld.org/parameters/4-260>		<http://ids.clld.org/values/4-260-261-1>		"-pe-n"@brg	
"laɲchenn"@br	<http://ids.clld.org/values/4-260-183-5>		<http://ids.clld.org/parameters/4-260>		<http://ids.clld.org/values/4-260-261-3>		"epenene"@brg	
"plah"@br	<http://ids.clld.org/values/2-220-183-3>		<http://ids.clld.org/parameters/2-220>		<http://ids.clld.org/values/2-220-261-1>		"e'ton"@brg	
"kordenn"@br	<http://ids.clld.org/values/9-190-183-1>		<http://ids.clld.org/parameters/9-190>		<http://ids.clld.org/values/9-190-261-1>		"ni-'ro-"@brg	
"hag"@br	<http://ids.clld.org/values/17-510-183-1>		<http://ids.clld.org/parameters/17-510>		<http://ids.clld.org/values/17-510-261-1>		"ač"@brg	
"a-uz"@br	<http://ids.clld.org/values/12-80-183-1>		<http://ids.clld.org/parameters/12-80>		<http://ids.clld.org/values/12-80-261-1>		"a'ni-ye"@brg	
"ebarz"@br	<http://ids.clld.org/values/12-50-183-3>		<http://ids.clld.org/parameters/12-50>		<http://ids.clld.org/values/12-50-261-1>		"-ye"@brg	
"jave"@br	<http://ids.clld.org/values/4-400-183-1>		<http://ids.clld.org/parameters/4-400>		<http://ids.clld.org/values/4-400-261-1>		"ča'ko-ki"@brg	
"pegoulz? peur? pevare? pedavare?"@br	<http://ids.clld.org/values/17-650-183-1>		<http://ids.clld.org/parameters/17-650>		<http://ids.clld.org/values/17-650-261-1>		"kaeerapoka"@brg	
"derhel krog"@br	<http://ids.clld.org/values/11-150-183-1>		<http://ids.clld.org/parameters/11-150>		<http://ids.clld.org/values/11-150-261-1>		"-a'mo"@brg	
"teod"@br	<http://ids.clld.org/values/4-260-183-1>		<http://ids.clld.org/parameters/4-260>		<http://ids.clld.org/values/4-260-261-1>		"-pe-n"@brg	
"teod"@br	<http://ids.clld.org/values/4-260-183-1>		<http://ids.clld.org/parameters/4-260>		<http://ids.clld.org/values/4-260-261-3>		"epenene"@brg	
"pried"@br	<http://ids.clld.org/values/2-320-183-3>		<http://ids.clld.org/parameters/2-320>		<http://ids.clld.org/values/2-320-261-1>		"ne-'yon"@brg	
"louzou"@br	<http://ids.clld.org/values/4-880-183-1>		<http://ids.clld.org/parameters/4-880>		<http://ids.clld.org/values/4-880-261-1>		"we'ṛ̌ok"@brg	
"avu"@br	<http://ids.clld.org/values/4-450-183-1>		<http://ids.clld.org/parameters/4-450>		<http://ids.clld.org/values/4-450-261-1>		"-e'pe-ṛ̌on"@brg	
"ouela"@br	<http://ids.clld.org/values/16-370-183-3>		<http://ids.clld.org/parameters/16-370>		<http://ids.clld.org/values/16-370-261-1>		"-ya"@brg	
"pod-houarn"@br	<http://ids.clld.org/values/5-260-183-3>		<http://ids.clld.org/parameters/5-260>		<http://ids.clld.org/values/5-260-261-3>		"keheβi"@brg	
"pod-houarn"@br	<http://ids.clld.org/values/5-260-183-3>		<http://ids.clld.org/parameters/5-260>		<http://ids.clld.org/values/5-260-261-1>		"'hopi"@brg	
"paotr koz"@br	<http://ids.clld.org/values/2-461-183-1>		<http://ids.clld.org/parameters/2-461>		<http://ids.clld.org/values/2-461-261-1>		"a'ne"@brg	
"mignon"@br	<http://ids.clld.org/values/19-510-183-1>		<http://ids.clld.org/parameters/19-510>		<http://ids.clld.org/values/19-510-261-1>		"ni'toṛ̌i"@brg	
"tud-kar"@br	<http://ids.clld.org/values/2-810-183-3>		<http://ids.clld.org/parameters/2-810>		<http://ids.clld.org/values/2-810-261-1>		"ni'čonopos"@brg	
"pebr"@br	<http://ids.clld.org/values/5-820-183-1>		<http://ids.clld.org/parameters/5-820>		<http://ids.clld.org/values/5-820-261-1>		"'yiti"@brg	
"eɲ/ hi"@br	<http://ids.clld.org/values/2-930-183-3>		<http://ids.clld.org/parameters/2-930>		<http://ids.clld.org/values/2-930-261-3>		"ṛ̌i-'ti"@brg	
"eɲ/ hi"@br	<http://ids.clld.org/values/2-930-183-3>		<http://ids.clld.org/parameters/2-930>		<http://ids.clld.org/values/2-930-261-1>		"ṛ̌o-'ti"@brg	
"kenderv"@br	<http://ids.clld.org/values/2-550-183-1>		<http://ids.clld.org/parameters/2-550>		<http://ids.clld.org/values/2-550-261-1>		"'mpiri"@brg	
"c’hwenenn"@br	<http://ids.clld.org/values/3-813-183-1>		<http://ids.clld.org/parameters/3-813>		<http://ids.clld.org/values/3-813-261-1>		"to'tikop"@brg	
"gweskleɲv"@br	<http://ids.clld.org/values/3-950-183-3>		<http://ids.clld.org/parameters/3-950>		<http://ids.clld.org/values/3-950-261-1>		"si'poṛ̌i"@brg	
"merienenn"@br	<http://ids.clld.org/values/3-817-183-1>		<http://ids.clld.org/parameters/3-817>		<http://ids.clld.org/values/3-817-261-1>		"ko'ši-ri"@brg	
"leun"@br	<http://ids.clld.org/values/13-210-183-1>		<http://ids.clld.org/parameters/13-210>		<http://ids.clld.org/values/13-210-261-1>		"'ačokon"@brg	
"fri"@br	<http://ids.clld.org/values/4-230-183-1>		<http://ids.clld.org/parameters/4-230>		<http://ids.clld.org/values/4-230-261-1>		"-'si-ri"@brg	
"fri"@br	<http://ids.clld.org/values/4-230-183-1>		<http://ids.clld.org/parameters/4-230>		<http://ids.clld.org/values/4-230-261-3>		"ni-pa-'siṛ̌i"@brg	
"glin"@br	<http://ids.clld.org/values/4-360-183-1>		<http://ids.clld.org/parameters/4-360>		<http://ids.clld.org/values/4-360-261-1>		"ničo'βekos"@brg	
"aneval"@br	<http://ids.clld.org/values/3-110-183-3>		<http://ids.clld.org/parameters/3-110>		<http://ids.clld.org/values/3-110-261-1>		"-'per"@brg	
"trap"@br	<http://ids.clld.org/values/20-640-183-3>		<http://ids.clld.org/parameters/20-640>		<http://ids.clld.org/values/20-640-261-1>		"siṛ̌ia'mok"@brg	
"daou"@br	<http://ids.clld.org/values/13-20-183-1>		<http://ids.clld.org/parameters/13-20>		<http://ids.clld.org/values/13-20-261-1>		"m-a'pi-n"@brg	
"druzoni"@br	<http://ids.clld.org/values/5-791-183-1>		<http://ids.clld.org/parameters/5-791>		<http://ids.clld.org/values/5-791-261-1>		"ro'kamokow"@brg	
"kurun"@br	<http://ids.clld.org/values/1-560-183-1>		<http://ids.clld.org/parameters/1-560>		<http://ids.clld.org/values/1-560-261-1>		"ṛ̌o'čoṛ̌eow"@brg	
"flour"@br	<http://ids.clld.org/values/15-770-183-1>		<http://ids.clld.org/parameters/15-770>		<http://ids.clld.org/values/15-770-261-1>		"-'mo-ri"@brg	
"neh"@br	<http://ids.clld.org/values/16-530-183-5>		<http://ids.clld.org/parameters/16-530>		<http://ids.clld.org/values/16-530-261-1>		"-pi-"@brg	
"neh"@br	<http://ids.clld.org/values/16-530-183-5>		<http://ids.clld.org/parameters/16-530>		<http://ids.clld.org/values/16-530-261-3>		"'ni-piko-w"@brg	
"diou"@br	<http://ids.clld.org/values/13-20-183-3>		<http://ids.clld.org/parameters/13-20>		<http://ids.clld.org/values/13-20-261-1>		"m-a'pi-n"@brg	
