"maɲjer"@br	<http://ids.clld.org/values/5-410-183-3>		<http://ids.clld.org/parameters/5-410>		<http://ids.clld.org/values/5-410-174-1>		"əwainši"@mch	
"chimikenn"@br	<http://ids.clld.org/values/1-870-183-3>		<http://ids.clld.org/parameters/1-870>		<http://ids.clld.org/values/1-870-174-1>		"tɨsočāmɨ"@mch	
"lijer"@br	<http://ids.clld.org/values/15-820-183-3>		<http://ids.clld.org/parameters/15-820>		<http://ids.clld.org/values/15-820-174-1>		"tawāhe"@mch	
"barr"@br	<http://ids.clld.org/values/12-330-183-3>		<http://ids.clld.org/parameters/12-330>		<http://ids.clld.org/values/12-330-174-1>		"akoiʔčaʔhɨdɨ"@mch	
"adarre"@br	<http://ids.clld.org/values/14-350-183-1>		<http://ids.clld.org/parameters/14-350>		<http://ids.clld.org/values/14-350-174-1>		"dea"@mch	
"krapad"@br	<http://ids.clld.org/values/10-472-183-1>		<http://ids.clld.org/parameters/10-472>		<http://ids.clld.org/values/10-472-174-1>		"-annuʔku-"@mch	
"den"@br	<http://ids.clld.org/values/2-100-183-1>		<http://ids.clld.org/parameters/2-100>		<http://ids.clld.org/values/2-100-174-1>		"ssoto"@mch	
"digouezoud"@br	<http://ids.clld.org/values/10-550-183-5>		<http://ids.clld.org/parameters/10-550>		<http://ids.clld.org/values/10-550-174-1>		"w-əʔdɨ-nə"@mch	
"mond ebarz"@br	<http://ids.clld.org/values/10-570-183-1>		<http://ids.clld.org/parameters/10-570>		<http://ids.clld.org/values/10-570-174-1>		"w-omon-nə"@mch	
"falhun"@br	<http://ids.clld.org/values/3-585-183-1>		<http://ids.clld.org/parameters/3-585>		<http://ids.clld.org/values/3-585-174-1>		"hiyāna"@mch	
"kostez"@br	<http://ids.clld.org/values/12-353-183-3>		<http://ids.clld.org/parameters/12-353>		<http://ids.clld.org/values/12-353-174-1>		"čəʔhiyu"@mch	
"stomok"@br	<http://ids.clld.org/values/4-400-183-7>		<http://ids.clld.org/parameters/4-400>		<http://ids.clld.org/values/4-400-174-1>		"dōʔta"@mch	
"enebour"@br	<http://ids.clld.org/values/19-520-183-1>		<http://ids.clld.org/parameters/19-520>		<http://ids.clld.org/values/19-520-174-1>		"tuʔde"@mch	
"buhez"@br	<http://ids.clld.org/values/4-740-183-5>		<http://ids.clld.org/parameters/4-740>		<http://ids.clld.org/values/4-740-174-1>		"wenɲə"@mch	
"kamm"@br	<http://ids.clld.org/values/4-940-183-1>		<http://ids.clld.org/parameters/4-940>		<http://ids.clld.org/values/4-940-174-1>		"sekumhe"@mch	
"mab bihan"@br	<http://ids.clld.org/values/2-480-183-1>		<http://ids.clld.org/parameters/2-480>		<http://ids.clld.org/values/2-480-174-1>		"hādɨ"@mch	
"evaɲ"@br	<http://ids.clld.org/values/5-130-183-1>		<http://ids.clld.org/parameters/5-130>		<http://ids.clld.org/values/5-130-174-1>		"enku"@mch	
"plantaɲ"@br	<http://ids.clld.org/values/8-531-183-1>		<http://ids.clld.org/parameters/8-531>		<http://ids.clld.org/values/8-531-174-1>		"aiʔčɨdɨ"@mch	
"krec’h"@br	<http://ids.clld.org/values/1-220-183-3>		<http://ids.clld.org/parameters/1-220>		<http://ids.clld.org/values/1-220-174-1>		"hɨ̄"@mch	
"tintin"@br	<http://ids.clld.org/values/2-522-183-5>		<http://ids.clld.org/parameters/2-522>		<http://ids.clld.org/values/2-522-174-1>		"waynɲeʔney"@mch	
"peleh?"@br	<http://ids.clld.org/values/17-660-183-1>		<http://ids.clld.org/parameters/17-660>		<http://ids.clld.org/values/17-660-174-1>		"ə̄iša"@mch	
"logodenn"@br	<http://ids.clld.org/values/3-630-183-1>		<http://ids.clld.org/parameters/3-630>		<http://ids.clld.org/values/3-630-174-1>		"asɨ̄kɨ"@mch	
"kov"@br	<http://ids.clld.org/values/4-460-183-3>		<http://ids.clld.org/parameters/4-460>		<http://ids.clld.org/values/4-460-174-1>		"dudūnoi"@mch	
"dispartiaɲ"@br	<http://ids.clld.org/values/12-230-183-1>		<http://ids.clld.org/parameters/12-230>		<http://ids.clld.org/values/12-230-174-1>		"šādamadɨ̄he"@mch	
"poulzaɲ"@br	<http://ids.clld.org/values/10-670-183-1>		<http://ids.clld.org/parameters/10-670>		<http://ids.clld.org/values/10-670-174-1>		"-adima-dɨ"@mch	
"mamm"@br	<http://ids.clld.org/values/2-360-183-1>		<http://ids.clld.org/parameters/2-360>		<http://ids.clld.org/values/2-360-174-1>		"denɨ"@mch	
"peutrin"@br	<http://ids.clld.org/values/4-400-183-5>		<http://ids.clld.org/parameters/4-400>		<http://ids.clld.org/values/4-400-174-1>		"dōʔta"@mch	
"gwespedenn"@br	<http://ids.clld.org/values/3-823-183-1>		<http://ids.clld.org/parameters/3-823>		<http://ids.clld.org/values/3-823-174-1>		"sūnwa"@mch	
"grotenn"@br	<http://ids.clld.org/values/1-280-183-1>		<http://ids.clld.org/parameters/1-280>		<http://ids.clld.org/values/1-280-174-1>		"ewɨ̄tɨ"@mch	
"diwaskaɲ"@br	<http://ids.clld.org/values/9-343-183-1>		<http://ids.clld.org/parameters/9-343>		<http://ids.clld.org/values/9-343-174-1>		"eʔkukā-dɨ"@mch	
"kanaɲ"@br	<http://ids.clld.org/values/18-120-183-1>		<http://ids.clld.org/parameters/18-120>		<http://ids.clld.org/values/18-120-174-1>		"we[kantā]ʔɲənə"@mch	
"deviɲ"@br	<http://ids.clld.org/values/1-852-183-1>		<http://ids.clld.org/parameters/1-852>		<http://ids.clld.org/values/1-852-174-1>		"daʔtwa-dɨ"@mch	
"deiz"@br	<http://ids.clld.org/values/14-410-183-1>		<http://ids.clld.org/parameters/14-410>		<http://ids.clld.org/values/14-410-174-1>		"anə̄to"@mch	
"ridet"@br	<http://ids.clld.org/values/15-890-183-1>		<http://ids.clld.org/parameters/15-890>		<http://ids.clld.org/values/15-890-174-1>		"deyude"@mch	
"heol"@br	<http://ids.clld.org/values/1-520-183-1>		<http://ids.clld.org/parameters/1-520>		<http://ids.clld.org/values/1-520-174-1>		"šī"@mch	
"huɲvreal"@br	<http://ids.clld.org/values/4-620-183-1>		<http://ids.clld.org/parameters/4-620>		<http://ids.clld.org/values/4-620-174-1>		"wənētɨnə"@mch	
"c’hwi"@br	<http://ids.clld.org/values/2-950-183-1>		<http://ids.clld.org/parameters/2-950>		<http://ids.clld.org/values/2-950-174-1>		"ənwanno"@mch	
"gervel"@br	<http://ids.clld.org/values/18-410-183-1>		<http://ids.clld.org/parameters/18-410>		<http://ids.clld.org/values/18-410-174-1>		"aʔdewhaʔdɨ"@mch	
"c’hoarzin"@br	<http://ids.clld.org/values/16-250-183-1>		<http://ids.clld.org/parameters/16-250>		<http://ids.clld.org/values/16-250-174-1>		"waʔsenɲo"@mch	
"i"@br	<http://ids.clld.org/values/2-960-183-1>		<http://ids.clld.org/parameters/2-960>		<http://ids.clld.org/values/2-960-174-1>		"tɨnwano"@mch	
"drebi"@br	<http://ids.clld.org/values/5-110-183-3>		<http://ids.clld.org/parameters/5-110>		<http://ids.clld.org/values/5-110-174-1>		"wowašīnčənə"@mch	
"ober koɲvers"@br	<http://ids.clld.org/values/11-830-183-1>		<http://ids.clld.org/parameters/11-830>		<http://ids.clld.org/values/11-830-174-1>		"wətəʔtihānə"@mch	
"gwezenn"@br	<http://ids.clld.org/values/8-600-183-1>		<http://ids.clld.org/parameters/8-600>		<http://ids.clld.org/values/8-600-174-1>		"dē"@mch	
"keriadenn"@br	<http://ids.clld.org/values/19-160-183-1>		<http://ids.clld.org/parameters/19-160>		<http://ids.clld.org/values/19-160-174-1>		"haʔta"@mch	
"ranik"@br	<http://ids.clld.org/values/3-950-183-7>		<http://ids.clld.org/parameters/3-950>		<http://ids.clld.org/values/3-950-174-1>		"kɨʔto"@mch	
"boued"@br	<http://ids.clld.org/values/5-120-183-1>		<http://ids.clld.org/parameters/5-120>		<http://ids.clld.org/values/5-120-174-1>		"mudūkuku"@mch	
"sevel"@br	<http://ids.clld.org/values/10-210-183-1>		<http://ids.clld.org/parameters/10-210>		<http://ids.clld.org/values/10-210-174-1>		"w-ənuʔnə"@mch	
"teo"@br	<http://ids.clld.org/values/12-630-183-1>		<http://ids.clld.org/parameters/12-630>		<http://ids.clld.org/values/12-630-174-1>		"hūšīhe"@mch	
"kalon"@br	<http://ids.clld.org/values/4-440-183-1>		<http://ids.clld.org/parameters/4-440>		<http://ids.clld.org/values/4-440-174-1>		"yēwanɨ"@mch	
"flammenn"@br	<http://ids.clld.org/values/1-820-183-1>		<http://ids.clld.org/parameters/1-820>		<http://ids.clld.org/values/1-820-174-1>		"wāʔto"@mch	
"gwriad"@br	<http://ids.clld.org/values/6-350-183-1>		<http://ids.clld.org/parameters/6-350>		<http://ids.clld.org/values/6-350-174-1>		"šōka-dɨ"@mch	
"holen"@br	<http://ids.clld.org/values/5-810-183-1>		<http://ids.clld.org/parameters/5-810>		<http://ids.clld.org/values/5-810-174-1>		"[sayu]"@mch	
"gwaz"@br	<http://ids.clld.org/values/2-210-183-1>		<http://ids.clld.org/parameters/2-210>		<http://ids.clld.org/values/2-210-174-1>		"danwa"@mch	
"dant"@br	<http://ids.clld.org/values/4-270-183-1>		<http://ids.clld.org/parameters/4-270>		<http://ids.clld.org/values/4-270-174-1>		"dedɨ"@mch	
"yar"@br	<http://ids.clld.org/values/3-540-183-1>		<http://ids.clld.org/parameters/3-540>		<http://ids.clld.org/values/3-540-174-1>		"kudaymādu"@mch	
"tano"@br	<http://ids.clld.org/values/12-650-183-1>		<http://ids.clld.org/parameters/12-650>		<http://ids.clld.org/values/12-650-174-1>		"sāʔtahe"@mch	
"ober"@br	<http://ids.clld.org/values/9-110-183-1>		<http://ids.clld.org/parameters/9-110>		<http://ids.clld.org/values/9-110-174-1>		"tɨdɨ̄dɨ"@mch	
"kotoɲs"@br	<http://ids.clld.org/values/6-240-183-1>		<http://ids.clld.org/parameters/6-240>		<http://ids.clld.org/values/6-240-174-1>		"wadēkū"@mch	
"muzell"@br	<http://ids.clld.org/values/4-250-183-3>		<http://ids.clld.org/parameters/4-250>		<http://ids.clld.org/values/4-250-174-1>		"ə̄ʔhi"@mch	
"kaz"@br	<http://ids.clld.org/values/3-620-183-1>		<http://ids.clld.org/parameters/3-620>		<http://ids.clld.org/values/3-620-174-1>		"[mēši]"@mch	
"tri"@br	<http://ids.clld.org/values/13-30-183-1>		<http://ids.clld.org/parameters/13-30>		<http://ids.clld.org/values/13-30-174-1>		"aduwawə"@mch	
"dare"@br	<http://ids.clld.org/values/5-123-183-3>		<http://ids.clld.org/parameters/5-123>		<http://ids.clld.org/values/5-123-174-1>		"sēweyčato"@mch	
"sklaer"@br	<http://ids.clld.org/values/15-570-183-1>		<http://ids.clld.org/parameters/15-570>		<http://ids.clld.org/values/15-570-174-1>		"taʔwane"@mch	
"gwiad"@br	<http://ids.clld.org/values/9-750-183-1>		<http://ids.clld.org/parameters/9-750>		<http://ids.clld.org/values/9-750-174-1>		"aʔtoʔtotoʔho"@mch	
"digas"@br	<http://ids.clld.org/values/10-620-183-1>		<http://ids.clld.org/parameters/10-620>		<http://ids.clld.org/values/10-620-174-1>		"-enehɨ"@mch	
"lakaad a istribill"@br	<http://ids.clld.org/values/9-341-183-3>		<http://ids.clld.org/parameters/9-341>		<http://ids.clld.org/values/9-341-174-1>		"-ewaʔtə-dɨ"@mch	
"brao"@br	<http://ids.clld.org/values/16-810-183-3>		<http://ids.clld.org/parameters/16-810>		<http://ids.clld.org/values/16-810-174-1>		"inɲatahe"@mch	
"gwareg"@br	<http://ids.clld.org/values/20-240-183-1>		<http://ids.clld.org/parameters/20-240>		<http://ids.clld.org/values/20-240-174-1>		"šimāda ehɨ̄dɨ"@mch	
"mab-kaer"@br	<http://ids.clld.org/values/2-630-183-1>		<http://ids.clld.org/parameters/2-630>		<http://ids.clld.org/values/2-630-174-1>		"-hannɨ-dɨ"@mch	
"moereb"@br	<http://ids.clld.org/values/2-520-183-1>		<http://ids.clld.org/parameters/2-520>		<http://ids.clld.org/values/2-520-174-1>		"waynɲeʔney"@mch	
"minor"@br	<http://ids.clld.org/values/2-750-183-3>		<http://ids.clld.org/parameters/2-750>		<http://ids.clld.org/values/2-750-174-1>		"tunkemhɨnɨ"@mch	
"gwaz"@br	<http://ids.clld.org/values/2-230-183-1>		<http://ids.clld.org/parameters/2-230>		<http://ids.clld.org/values/2-230-174-1>		"danwa"@mch	
"lagad"@br	<http://ids.clld.org/values/4-210-183-1>		<http://ids.clld.org/parameters/4-210>		<http://ids.clld.org/values/4-210-174-1>		"ənu"@mch	
"du"@br	<http://ids.clld.org/values/15-650-183-1>		<http://ids.clld.org/parameters/15-650>		<http://ids.clld.org/values/15-650-174-1>		"hudumato"@mch	
"butunad"@br	<http://ids.clld.org/values/8-690-183-1>		<http://ids.clld.org/parameters/8-690>		<http://ids.clld.org/values/8-690-174-1>		"-eima-"@mch	
"oabl"@br	<http://ids.clld.org/values/1-510-183-1>		<http://ids.clld.org/parameters/1-510>		<http://ids.clld.org/values/1-510-174-1>		"kahu"@mch	
"kelienenn"@br	<http://ids.clld.org/values/3-830-183-1>		<http://ids.clld.org/parameters/3-830>		<http://ids.clld.org/values/3-830-174-1>		"wedēsede"@mch	
"darhao"@br	<http://ids.clld.org/values/10-250-183-5>		<http://ids.clld.org/parameters/10-250>		<http://ids.clld.org/values/10-250-174-1>		"himā-dɨ"@mch	
"araog"@br	<http://ids.clld.org/values/12-40-183-1>		<http://ids.clld.org/parameters/12-40>		<http://ids.clld.org/values/12-40-174-1>		"owāho"@mch	
"araog"@br	<http://ids.clld.org/values/12-40-183-1>		<http://ids.clld.org/parameters/12-40>		<http://ids.clld.org/values/12-40-174-3>		"awaʔde"@mch	
"baro"@br	<http://ids.clld.org/values/4-142-183-1>		<http://ids.clld.org/parameters/4-142>		<http://ids.clld.org/values/4-142-174-1>		"ettəmuho"@mch	
"rond"@br	<http://ids.clld.org/values/12-810-183-1>		<http://ids.clld.org/parameters/12-810>		<http://ids.clld.org/values/12-810-174-1>		"kokkoduhaʔto"@mch	
"bilajenn"@br	<http://ids.clld.org/values/19-160-183-3>		<http://ids.clld.org/parameters/19-160>		<http://ids.clld.org/values/19-160-174-1>		"haʔta"@mch	
"kaer"@br	<http://ids.clld.org/values/16-810-183-1>		<http://ids.clld.org/parameters/16-810>		<http://ids.clld.org/values/16-810-174-1>		"inɲatahe"@mch	
"dougen"@br	<http://ids.clld.org/values/10-610-183-1>		<http://ids.clld.org/parameters/10-610>		<http://ids.clld.org/values/10-610-174-1>		"-adə̄-"@mch	
"warhoaz"@br	<http://ids.clld.org/values/14-480-183-3>		<http://ids.clld.org/parameters/14-480>		<http://ids.clld.org/values/14-480-174-1>		"henamma"@mch	
"pluenn"@br	<http://ids.clld.org/values/4-393-183-1>		<http://ids.clld.org/parameters/4-393>		<http://ids.clld.org/values/4-393-174-1>		"iʔhōʔtɨ"@mch	
"dond en dro"@br	<http://ids.clld.org/values/10-481-183-1>		<http://ids.clld.org/parameters/10-481>		<http://ids.clld.org/values/10-481-174-1>		"w-ennakā-nə"@mch	
"ru"@br	<http://ids.clld.org/values/15-660-183-3>		<http://ids.clld.org/parameters/15-660>		<http://ids.clld.org/values/15-660-174-1>		"seweičato"@mch	
"fas"@br	<http://ids.clld.org/values/4-204-183-3>		<http://ids.clld.org/parameters/4-204>		<http://ids.clld.org/values/4-204-174-1>		"heʔ-dɨ"@mch	
"anoued"@br	<http://ids.clld.org/values/15-860-183-5>		<http://ids.clld.org/parameters/15-860>		<http://ids.clld.org/values/15-860-174-1>		"kəmme"@mch	
"pech"@br	<http://ids.clld.org/values/20-640-183-1>		<http://ids.clld.org/parameters/20-640>		<http://ids.clld.org/values/20-640-174-1>		"hāno"@mch	
"lion"@br	<http://ids.clld.org/values/3-720-183-3>		<http://ids.clld.org/parameters/3-720>		<http://ids.clld.org/values/3-720-174-1>		"kawadīmə"@mch	
"gwalhiɲ"@br	<http://ids.clld.org/values/9-360-183-1>		<http://ids.clld.org/parameters/9-360>		<http://ids.clld.org/values/9-360-174-1>		"-ičoʔka-dɨ"@mch	
"yen"@br	<http://ids.clld.org/values/15-860-183-1>		<http://ids.clld.org/parameters/15-860>		<http://ids.clld.org/values/15-860-174-1>		"kəmme"@mch	
"papillon"@br	<http://ids.clld.org/values/3-920-183-1>		<http://ids.clld.org/parameters/3-920>		<http://ids.clld.org/values/3-920-174-1>		"matūtu"@mch	
"kouezaɲ"@br	<http://ids.clld.org/values/10-230-183-1>		<http://ids.clld.org/parameters/10-230>		<http://ids.clld.org/values/10-230-174-1>		"w-eduka-nə"@mch	
"lahaɲ"@br	<http://ids.clld.org/values/4-760-183-3>		<http://ids.clld.org/parameters/4-760>		<http://ids.clld.org/values/4-760-174-1>		"aminɲaʔkadɨ"@mch	
"heɲ/ hi"@br	<http://ids.clld.org/values/2-930-183-1>		<http://ids.clld.org/parameters/2-930>		<http://ids.clld.org/values/2-930-174-1>		"tɨwɨ"@mch	
"toenn"@br	<http://ids.clld.org/values/7-510-183-1>		<http://ids.clld.org/parameters/7-510>		<http://ids.clld.org/values/7-510-174-1>		"aməʔhɨdɨ"@mch	
"gouzoud"@br	<http://ids.clld.org/values/17-170-183-1>		<http://ids.clld.org/parameters/17-170>		<http://ids.clld.org/values/17-170-174-1>		"t-owanəkə t-ɨdɨ-dɨ"@mch	
"dall"@br	<http://ids.clld.org/values/15-790-183-1>		<http://ids.clld.org/parameters/15-790>		<http://ids.clld.org/values/15-790-174-1>		"tuhuʔhūdato"@mch	
"tortu"@br	<http://ids.clld.org/values/3-980-183-1>		<http://ids.clld.org/parameters/3-980>		<http://ids.clld.org/values/3-980-174-1>		"heʔde"@mch	
"tan"@br	<http://ids.clld.org/values/1-810-183-1>		<http://ids.clld.org/parameters/1-810>		<http://ids.clld.org/values/1-810-174-1>		"wāʔto"@mch	
"dour"@br	<http://ids.clld.org/values/1-310-183-1>		<http://ids.clld.org/parameters/1-310>		<http://ids.clld.org/values/1-310-174-1>		"tuna"@mch	
"lost"@br	<http://ids.clld.org/values/4-180-183-1>		<http://ids.clld.org/parameters/4-180>		<http://ids.clld.org/values/4-180-174-1>		"dāʔkɨdɨ"@mch	
"traez"@br	<http://ids.clld.org/values/1-215-183-1>		<http://ids.clld.org/parameters/1-215>		<http://ids.clld.org/values/1-215-174-1>		"sāʔdaʔda"@mch	
"goulenn"@br	<http://ids.clld.org/values/18-350-183-1>		<http://ids.clld.org/parameters/18-350>		<http://ids.clld.org/values/18-350-174-1>		"eʔkatə-dɨ"@mch	
"maouez"@br	<http://ids.clld.org/values/2-220-183-1>		<http://ids.clld.org/parameters/2-220>		<http://ids.clld.org/values/2-220-174-1>		"wodi"@mch	
"pasaad"@br	<http://ids.clld.org/values/4-530-183-1>		<http://ids.clld.org/parameters/4-530>		<http://ids.clld.org/values/4-530-174-1>		"təinšiʔho"@mch	
"beg"@br	<http://ids.clld.org/values/4-240-183-3>		<http://ids.clld.org/parameters/4-240>		<http://ids.clld.org/values/4-240-174-1>		"ənta"@mch	
"fumiɲ"@br	<http://ids.clld.org/values/8-690-183-3>		<http://ids.clld.org/parameters/8-690>		<http://ids.clld.org/values/8-690-174-1>		"-eima-"@mch	
"lamp"@br	<http://ids.clld.org/values/7-450-183-1>		<http://ids.clld.org/parameters/7-450>		<http://ids.clld.org/values/7-450-174-1>		"adāwa"@mch	
"nebeud"@br	<http://ids.clld.org/values/13-170-183-1>		<http://ids.clld.org/parameters/13-170>		<http://ids.clld.org/values/13-170-174-1>		"ākəʔkə"@mch	
"c’hoalen"@br	<http://ids.clld.org/values/5-810-183-5>		<http://ids.clld.org/parameters/5-810>		<http://ids.clld.org/values/5-810-174-1>		"[sayu]"@mch	
"atao"@br	<http://ids.clld.org/values/14-310-183-3>		<http://ids.clld.org/parameters/14-310>		<http://ids.clld.org/values/14-310-174-1>		"wenēne"@mch	
"paper"@br	<http://ids.clld.org/values/18-560-183-1>		<http://ids.clld.org/parameters/18-560>		<http://ids.clld.org/values/18-560-174-1>		"[hahēda]"@mch	
"prenaɲ"@br	<http://ids.clld.org/values/11-810-183-1>		<http://ids.clld.org/parameters/11-810>		<http://ids.clld.org/values/11-810-174-1>		"ehēma-dɨ"@mch	
"fun"@br	<http://ids.clld.org/values/9-190-183-3>		<http://ids.clld.org/parameters/9-190>		<http://ids.clld.org/values/9-190-174-1>		"āʔto"@mch	
"tonton"@br	<http://ids.clld.org/values/2-512-183-1>		<http://ids.clld.org/parameters/2-512>		<http://ids.clld.org/values/2-512-174-1>		"haha"@mch	
"dous"@br	<http://ids.clld.org/values/15-750-183-1>		<http://ids.clld.org/parameters/15-750>		<http://ids.clld.org/values/15-750-174-1>		"tɨwansuʔde"@mch	
"deun"@br	<http://ids.clld.org/values/2-630-183-3>		<http://ids.clld.org/parameters/2-630>		<http://ids.clld.org/values/2-630-174-1>		"-hannɨ-dɨ"@mch	
"tost"@br	<http://ids.clld.org/values/12-430-183-1>		<http://ids.clld.org/parameters/12-430>		<http://ids.clld.org/values/12-430-174-1>		"amoinče-ʔda"@mch	
"deg"@br	<http://ids.clld.org/values/13-100-183-1>		<http://ids.clld.org/parameters/13-100>		<http://ids.clld.org/values/13-100-174-1>		"amohadə"@mch	
"aval-douar"@br	<http://ids.clld.org/values/5-700-183-1>		<http://ids.clld.org/parameters/5-700>		<http://ids.clld.org/values/5-700-174-1>		"šāku"@mch	
"regiɲ"@br	<http://ids.clld.org/values/9-280-183-1>		<http://ids.clld.org/parameters/9-280>		<http://ids.clld.org/values/9-280-174-1>		"-iši-"@mch	
"braz"@br	<http://ids.clld.org/values/12-550-183-1>		<http://ids.clld.org/parameters/12-550>		<http://ids.clld.org/values/12-550-174-1>		"nuwe"@mch	
"lenn"@br	<http://ids.clld.org/values/1-330-183-1>		<http://ids.clld.org/parameters/1-330>		<http://ids.clld.org/values/1-330-174-1>		"čūʔhə"@mch	
"hir"@br	<http://ids.clld.org/values/12-570-183-1>		<http://ids.clld.org/parameters/12-570>		<http://ids.clld.org/values/12-570-174-1>		"nuwe"@mch	
"lourd"@br	<http://ids.clld.org/values/15-810-183-3>		<http://ids.clld.org/parameters/15-810>		<http://ids.clld.org/values/15-810-174-1>		"tamənɲato"@mch	
"dindan"@br	<http://ids.clld.org/values/12-30-183-3>		<http://ids.clld.org/parameters/12-30>		<http://ids.clld.org/values/12-30-174-1>		"doʔnə"@mch	
"bloaz"@br	<http://ids.clld.org/values/14-730-183-1>		<http://ids.clld.org/parameters/14-730>		<http://ids.clld.org/values/14-730-174-1>		"wedɨ"@mch	
"kemer"@br	<http://ids.clld.org/values/11-130-183-1>		<http://ids.clld.org/parameters/11-130>		<http://ids.clld.org/values/11-130-174-1>		"w-emhan-nə"@mch	
"mond en e zoazez"@br	<http://ids.clld.org/values/12-130-183-3>		<http://ids.clld.org/parameters/12-130>		<http://ids.clld.org/values/12-130-174-1>		"w-atahhimā-nə"@mch	
"bomisaɲ"@br	<http://ids.clld.org/values/4-570-183-3>		<http://ids.clld.org/parameters/4-570>		<http://ids.clld.org/values/4-570-174-1>		"wenaʔtahəʔeʔnə"@mch	
"skouarn"@br	<http://ids.clld.org/values/4-220-183-1>		<http://ids.clld.org/parameters/4-220>		<http://ids.clld.org/values/4-220-174-1>		"hāna"@mch	
"ene"@br	<http://ids.clld.org/values/16-110-183-1>		<http://ids.clld.org/parameters/16-110>		<http://ids.clld.org/values/16-110-174-1>		"dōʔta"@mch	
"me"@br	<http://ids.clld.org/values/2-910-183-1>		<http://ids.clld.org/parameters/2-910>		<http://ids.clld.org/values/2-910-174-1>		"ɨwɨ"@mch	
"skoiɲ"@br	<http://ids.clld.org/values/9-210-183-3>		<http://ids.clld.org/parameters/9-210>		<http://ids.clld.org/values/9-210-174-1>		"-aiʔhuka-dɨ"@mch	
"diskar"@br	<http://ids.clld.org/values/9-221-183-1>		<http://ids.clld.org/parameters/9-221>		<http://ids.clld.org/values/9-221-174-1>		"čūhiya-dɨ"@mch	
"diskar"@br	<http://ids.clld.org/values/9-221-183-1>		<http://ids.clld.org/parameters/9-221>		<http://ids.clld.org/values/9-221-174-3>		"yaʔka-dɨ"@mch	
"gouelaɲ"@br	<http://ids.clld.org/values/16-370-183-1>		<http://ids.clld.org/parameters/16-370>		<http://ids.clld.org/values/16-370-174-1>		"w-amo-nə"@mch	
"a-dreg"@br	<http://ids.clld.org/values/12-11-183-3>		<http://ids.clld.org/parameters/12-11>		<http://ids.clld.org/values/12-11-174-1>		"mənse"@mch	
"glaz"@br	<http://ids.clld.org/values/5-124-183-1>		<http://ids.clld.org/parameters/5-124>		<http://ids.clld.org/values/5-124-174-1>		"šēne"@mch	
"yehed"@br	<http://ids.clld.org/values/4-830-183-1>		<http://ids.clld.org/parameters/4-830>		<http://ids.clld.org/values/4-830-174-1>		"tadəinɲe"@mch	
"deskiɲ"@br	<http://ids.clld.org/values/17-250-183-1>		<http://ids.clld.org/parameters/17-250>		<http://ids.clld.org/values/17-250-174-1>		"-owānoma-"@mch	
"foɲs"@br	<http://ids.clld.org/values/12-340-183-3>		<http://ids.clld.org/parameters/12-340>		<http://ids.clld.org/values/12-340-174-1>		"nwaʔkəi"@mch	
"gwiskaɲ"@br	<http://ids.clld.org/values/6-110-183-1>		<http://ids.clld.org/parameters/6-110>		<http://ids.clld.org/values/6-110-174-1>		"wewontənə"@mch	
"teɲval"@br	<http://ids.clld.org/values/15-630-183-1>		<http://ids.clld.org/parameters/15-630>		<http://ids.clld.org/values/15-630-174-1>		"tɨhe"@mch	
"komz"@br	<http://ids.clld.org/values/18-210-183-1>		<http://ids.clld.org/parameters/18-210>		<http://ids.clld.org/values/18-210-174-1>		"w-aʔdew-nə"@mch	
"seiz"@br	<http://ids.clld.org/values/13-70-183-1>		<http://ids.clld.org/parameters/13-70>		<http://ids.clld.org/values/13-70-174-1>		"āʔkə amohaʔto"@mch	
"cheɲch"@br	<http://ids.clld.org/values/12-930-183-1>		<http://ids.clld.org/parameters/12-930>		<http://ids.clld.org/values/12-930-174-1>		"w-ekamhiaka-nə"@mch	
"paotr bihan"@br	<http://ids.clld.org/values/2-250-183-1>		<http://ids.clld.org/parameters/2-250>		<http://ids.clld.org/values/2-250-174-1>		"mudekə̄kə"@mch	
"chaseal"@br	<http://ids.clld.org/values/20-610-183-1>		<http://ids.clld.org/parameters/20-610>		<http://ids.clld.org/values/20-610-174-1>		"emanɲuhɨdɨ"@mch	
"krediɲ"@br	<http://ids.clld.org/values/17-150-183-1>		<http://ids.clld.org/parameters/17-150>		<http://ids.clld.org/values/17-150-174-1>		"-ekanɨhɨ-dɨ"@mch	
"skoaz"@br	<http://ids.clld.org/values/4-300-183-1>		<http://ids.clld.org/parameters/4-300>		<http://ids.clld.org/values/4-300-174-1>		"nkawə"@mch	
"mond er mêz"@br	<http://ids.clld.org/values/10-474-183-1>		<http://ids.clld.org/parameters/10-474>		<http://ids.clld.org/values/10-474-174-1>		"w-ehaʔka-nə"@mch	
"penmoh"@br	<http://ids.clld.org/values/3-350-183-1>		<http://ids.clld.org/parameters/3-350>		<http://ids.clld.org/values/3-350-174-1>		"[kūši]"@mch	
"mond d'ar strad"@br	<http://ids.clld.org/values/10-330-183-3>		<http://ids.clld.org/parameters/10-330>		<http://ids.clld.org/values/10-330-174-1>		"yehuʔkwai"@mch	
"zero"@br	<http://ids.clld.org/values/13-0-183-1>		<http://ids.clld.org/parameters/13-0>		<http://ids.clld.org/values/13-0-174-1>		"āʔke"@mch	
"kaoud c’hoant"@br	<http://ids.clld.org/values/16-620-183-3>		<http://ids.clld.org/parameters/16-620>		<http://ids.clld.org/values/16-620-174-1>		"hyumma-dɨ"@mch	
"koabrenn"@br	<http://ids.clld.org/values/1-730-183-1>		<http://ids.clld.org/parameters/1-730>		<http://ids.clld.org/values/1-730-174-1>		"kāʔdutu"@mch	
"gar"@br	<http://ids.clld.org/values/4-350-183-1>		<http://ids.clld.org/parameters/4-350>		<http://ids.clld.org/values/4-350-174-1>		"hētɨ"@mch	
"gwad"@br	<http://ids.clld.org/values/4-150-183-1>		<http://ids.clld.org/parameters/4-150>		<http://ids.clld.org/values/4-150-174-1>		"munu"@mch	
"soɲjal"@br	<http://ids.clld.org/values/17-130-183-1>		<http://ids.clld.org/parameters/17-130>		<http://ids.clld.org/values/17-130-174-1>		"tɨtahə-nə"@mch	
"kochon"@br	<http://ids.clld.org/values/3-350-183-5>		<http://ids.clld.org/parameters/3-350>		<http://ids.clld.org/values/3-350-174-1>		"[kūši]"@mch	
"steredenn"@br	<http://ids.clld.org/values/1-540-183-1>		<http://ids.clld.org/parameters/1-540>		<http://ids.clld.org/values/1-540-174-1>		"šidīčə"@mch	
"te"@br	<http://ids.clld.org/values/2-920-183-1>		<http://ids.clld.org/parameters/2-920>		<http://ids.clld.org/values/2-920-174-1>		"əmədə"@mch	
"goaf"@br	<http://ids.clld.org/values/20-260-183-1>		<http://ids.clld.org/parameters/20-260>		<http://ids.clld.org/values/20-260-174-1>		"sukuhi"@mch	
"kaoud"@br	<http://ids.clld.org/values/11-110-183-1>		<http://ids.clld.org/parameters/11-110>		<http://ids.clld.org/values/11-110-174-1>		"tɨweiye wənɲe"@mch	
"doue"@br	<http://ids.clld.org/values/22-120-183-1>		<http://ids.clld.org/parameters/22-120>		<http://ids.clld.org/values/22-120-174-1>		"wanādi"@mch	
"petra?"@br	<http://ids.clld.org/values/17-640-183-1>		<http://ids.clld.org/parameters/17-640>		<http://ids.clld.org/values/17-640-174-1>		"ākene"@mch	
"a-dreɲv"@br	<http://ids.clld.org/values/12-11-183-1>		<http://ids.clld.org/parameters/12-11>		<http://ids.clld.org/values/12-11-174-1>		"mənse"@mch	
"klask"@br	<http://ids.clld.org/values/11-310-183-1>		<http://ids.clld.org/parameters/11-310>		<http://ids.clld.org/values/11-310-174-1>		"uhīyɨ"@mch	
"kannaɲ"@br	<http://ids.clld.org/values/9-360-183-3>		<http://ids.clld.org/parameters/9-360>		<http://ids.clld.org/values/9-360-174-1>		"-ičoʔka-dɨ"@mch	
"penn"@br	<http://ids.clld.org/values/4-200-183-1>		<http://ids.clld.org/parameters/4-200>		<http://ids.clld.org/values/4-200-174-1>		"hūʔhə"@mch	
"niz"@br	<http://ids.clld.org/values/2-530-183-1>		<http://ids.clld.org/parameters/2-530>		<http://ids.clld.org/values/2-530-174-1>		"honɨ"@mch	
"niz"@br	<http://ids.clld.org/values/2-530-183-1>		<http://ids.clld.org/parameters/2-530>		<http://ids.clld.org/values/2-530-174-3>		"honɨ-kə"@mch	
"dond ebarz"@br	<http://ids.clld.org/values/10-570-183-3>		<http://ids.clld.org/parameters/10-570>		<http://ids.clld.org/values/10-570-174-1>		"w-omon-nə"@mch	
"en em gannaɲ"@br	<http://ids.clld.org/values/20-110-183-1>		<http://ids.clld.org/parameters/20-110>		<http://ids.clld.org/values/20-110-174-1>		"wətə̄nehānə"@mch	
"frouezenn"@br	<http://ids.clld.org/values/5-710-183-1>		<http://ids.clld.org/parameters/5-710>		<http://ids.clld.org/values/5-710-174-1>		"čə̄hɨdɨ̄-hɨdɨ"@mch	
"merh vihan"@br	<http://ids.clld.org/values/2-490-183-1>		<http://ids.clld.org/parameters/2-490>		<http://ids.clld.org/values/2-490-174-1>		"hādɨ"@mch	
"dirag"@br	<http://ids.clld.org/values/12-40-183-3>		<http://ids.clld.org/parameters/12-40>		<http://ids.clld.org/values/12-40-174-1>		"owāho"@mch	
"dirag"@br	<http://ids.clld.org/values/12-40-183-3>		<http://ids.clld.org/parameters/12-40>		<http://ids.clld.org/values/12-40-174-3>		"awaʔde"@mch	
"kavoud"@br	<http://ids.clld.org/values/11-320-183-1>		<http://ids.clld.org/parameters/11-320>		<http://ids.clld.org/values/11-320-174-1>		"edantə-dɨ"@mch	
"dous"@br	<http://ids.clld.org/values/15-350-183-3>		<http://ids.clld.org/parameters/15-350>		<http://ids.clld.org/values/15-350-174-1>		"kādo"@mch	
"tal"@br	<http://ids.clld.org/values/4-205-183-1>		<http://ids.clld.org/parameters/4-205>		<http://ids.clld.org/values/4-205-174-1>		"heʔkay"@mch	
"finisaɲ"@br	<http://ids.clld.org/values/14-270-183-3>		<http://ids.clld.org/parameters/14-270>		<http://ids.clld.org/values/14-270-174-1>		"w-əʔka-nə"@mch	
"stank"@br	<http://ids.clld.org/values/1-330-183-5>		<http://ids.clld.org/parameters/1-330>		<http://ids.clld.org/values/1-330-174-1>		"čūʔhə"@mch	
"ruz"@br	<http://ids.clld.org/values/15-660-183-1>		<http://ids.clld.org/parameters/15-660>		<http://ids.clld.org/values/15-660-174-1>		"seweičato"@mch	
"fall"@br	<http://ids.clld.org/values/16-720-183-1>		<http://ids.clld.org/parameters/16-720>		<http://ids.clld.org/values/16-720-174-1>		"kənemhɨnɨ"@mch	
"laouen"@br	<http://ids.clld.org/values/16-230-183-1>		<http://ids.clld.org/parameters/16-230>		<http://ids.clld.org/values/16-230-174-1>		"takwanɲe"@mch	
"mur"@br	<http://ids.clld.org/values/7-270-183-3>		<http://ids.clld.org/parameters/7-270>		<http://ids.clld.org/values/7-270-174-1>		"həʔhudu"@mch	
"c’hoantaad"@br	<http://ids.clld.org/values/16-620-183-1>		<http://ids.clld.org/parameters/16-620>		<http://ids.clld.org/values/16-620-174-1>		"hyumma-dɨ"@mch	
"krigiɲ"@br	<http://ids.clld.org/values/4-580-183-1>		<http://ids.clld.org/parameters/4-580>		<http://ids.clld.org/values/4-580-174-1>		"ēkādɨ"@mch	
"brein"@br	<http://ids.clld.org/values/5-125-183-1>		<http://ids.clld.org/parameters/5-125>		<http://ids.clld.org/values/5-125-174-1>		"čə̄tāhə"@mch	
"diskouez"@br	<http://ids.clld.org/values/15-550-183-1>		<http://ids.clld.org/parameters/15-550>		<http://ids.clld.org/values/15-550-174-1>		"eneho-dɨ"@mch	
"douar"@br	<http://ids.clld.org/values/1-212-183-1>		<http://ids.clld.org/parameters/1-212>		<http://ids.clld.org/values/1-212-174-1>		"nono"@mch	
"lemm"@br	<http://ids.clld.org/values/15-780-183-1>		<http://ids.clld.org/parameters/15-780>		<http://ids.clld.org/values/15-780-174-1>		"ākə̄tədɨ"@mch	
"sovetaad"@br	<http://ids.clld.org/values/11-250-183-3>		<http://ids.clld.org/parameters/11-250>		<http://ids.clld.org/values/11-250-174-1>		"ewanakādɨ"@mch	
"glahar"@br	<http://ids.clld.org/values/16-320-183-1>		<http://ids.clld.org/parameters/16-320>		<http://ids.clld.org/values/16-320-174-1>		"wentumhe"@mch	
"mor"@br	<http://ids.clld.org/values/1-320-183-1>		<http://ids.clld.org/parameters/1-320>		<http://ids.clld.org/values/1-320-174-1>		"dama"@mch	
"medikamaɲchou"@br	<http://ids.clld.org/values/4-880-183-3>		<http://ids.clld.org/parameters/4-880>		<http://ids.clld.org/values/4-880-174-1>		"əhi"@mch	
"penaoz? peseurt mod?"@br	<http://ids.clld.org/values/17-610-183-1>		<http://ids.clld.org/parameters/17-610>		<http://ids.clld.org/values/17-610-174-1>		"ākene"@mch	
"labous"@br	<http://ids.clld.org/values/3-581-183-1>		<http://ids.clld.org/parameters/3-581>		<http://ids.clld.org/values/3-581-174-1>		"hawi"@mch	
"lapenn"@br	<http://ids.clld.org/values/4-260-183-3>		<http://ids.clld.org/parameters/4-260>		<http://ids.clld.org/values/4-260-174-1>		"ɲūdu"@mch	
"skolaer"@br	<http://ids.clld.org/values/17-270-183-3>		<http://ids.clld.org/parameters/17-270>		<http://ids.clld.org/values/17-270-174-1>		"yowānomani"@mch	
"precha"@br	<http://ids.clld.org/values/18-210-183-9>		<http://ids.clld.org/parameters/18-210>		<http://ids.clld.org/values/18-210-174-1>		"w-aʔdew-nə"@mch	
"neɲv"@br	<http://ids.clld.org/values/1-510-183-3>		<http://ids.clld.org/parameters/1-510>		<http://ids.clld.org/values/1-510-174-1>		"kahu"@mch	
"paotr"@br	<http://ids.clld.org/values/2-210-183-3>		<http://ids.clld.org/parameters/2-210>		<http://ids.clld.org/values/2-210-174-1>		"danwa"@mch	
"vi"@br	<http://ids.clld.org/values/5-970-183-1>		<http://ids.clld.org/parameters/5-970>		<http://ids.clld.org/values/5-970-174-1>		"iʔmoi"@mch	
"boutaɲ"@br	<http://ids.clld.org/values/10-670-183-3>		<http://ids.clld.org/parameters/10-670>		<http://ids.clld.org/values/10-670-174-1>		"-adima-dɨ"@mch	
"neuɲvi"@br	<http://ids.clld.org/values/10-350-183-1>		<http://ids.clld.org/parameters/10-350>		<http://ids.clld.org/values/10-350-174-1>		"tɨwəʔhiyɨ"@mch	
"tad"@br	<http://ids.clld.org/values/2-350-183-1>		<http://ids.clld.org/parameters/2-350>		<http://ids.clld.org/values/2-350-174-1>		"haha"@mch	
"war"@br	<http://ids.clld.org/values/12-80-183-3>		<http://ids.clld.org/parameters/12-80>		<http://ids.clld.org/values/12-80-174-1>		"kawə̄"@mch	
"krohen"@br	<http://ids.clld.org/values/4-120-183-1>		<http://ids.clld.org/parameters/4-120>		<http://ids.clld.org/values/4-120-174-1>		"hiʔhə"@mch	
"en traoɲ"@br	<http://ids.clld.org/values/12-30-183-1>		<http://ids.clld.org/parameters/12-30>		<http://ids.clld.org/values/12-30-174-1>		"doʔnə"@mch	
"ilin"@br	<http://ids.clld.org/values/4-320-183-1>		<http://ids.clld.org/parameters/4-320>		<http://ids.clld.org/values/4-320-174-1>		"ə̄ʔmu"@mch	
"redeg war lerh"@br	<http://ids.clld.org/values/10-530-183-3>		<http://ids.clld.org/parameters/10-530>		<http://ids.clld.org/values/10-530-174-1>		"-aheʔka-dɨ"@mch	
"saez"@br	<http://ids.clld.org/values/20-250-183-3>		<http://ids.clld.org/parameters/20-250>		<http://ids.clld.org/values/20-250-174-1>		"šimāda"@mch	
"delienn"@br	<http://ids.clld.org/values/8-560-183-1>		<http://ids.clld.org/parameters/8-560>		<http://ids.clld.org/values/8-560-174-1>		"yadɨ"@mch	
"glaz"@br	<http://ids.clld.org/values/15-680-183-5>		<http://ids.clld.org/parameters/15-680>		<http://ids.clld.org/values/15-680-174-1>		"šēne"@mch	
"jardin"@br	<http://ids.clld.org/values/8-130-183-3>		<http://ids.clld.org/parameters/8-130>		<http://ids.clld.org/values/8-130-174-1>		"awdwāhə"@mch	
"keuneud"@br	<http://ids.clld.org/values/1-880-183-1>		<http://ids.clld.org/parameters/1-880>		<http://ids.clld.org/values/1-880-174-1>		"-keme-dɨ"@mch	
"den"@br	<http://ids.clld.org/values/2-310-183-1>		<http://ids.clld.org/parameters/2-310>		<http://ids.clld.org/values/2-310-174-1>		"-ɲno"@mch	
"breh"@br	<http://ids.clld.org/values/4-310-183-1>		<http://ids.clld.org/parameters/4-310>		<http://ids.clld.org/values/4-310-174-1>		"aʔhə"@mch	
"tantin"@br	<http://ids.clld.org/values/2-520-183-3>		<http://ids.clld.org/parameters/2-520>		<http://ids.clld.org/values/2-520-174-1>		"waynɲeʔney"@mch	
"plah vihan"@br	<http://ids.clld.org/values/2-260-183-1>		<http://ids.clld.org/parameters/2-260>		<http://ids.clld.org/values/2-260-174-1>		"wodi-ʔčə"@mch	
"en em deviɲ"@br	<http://ids.clld.org/values/1-851-183-1>		<http://ids.clld.org/parameters/1-851>		<http://ids.clld.org/values/1-851-174-1>		"ukā-dɨ"@mch	
"loc’h"@br	<http://ids.clld.org/values/1-330-183-3>		<http://ids.clld.org/parameters/1-330>		<http://ids.clld.org/values/1-330-174-1>		"čūʔhə"@mch	
"avel"@br	<http://ids.clld.org/values/1-720-183-1>		<http://ids.clld.org/parameters/1-720>		<http://ids.clld.org/values/1-720-174-1>		"hehēnčə"@mch	
"peillad"@br	<http://ids.clld.org/values/5-460-183-1>		<http://ids.clld.org/parameters/5-460>		<http://ids.clld.org/values/5-460-174-1>		"-iʔša-"@mch	
"genou"@br	<http://ids.clld.org/values/4-240-183-1>		<http://ids.clld.org/parameters/4-240>		<http://ids.clld.org/values/4-240-174-1>		"ənta"@mch	
"feb"@br	<http://ids.clld.org/values/4-820-183-3>		<http://ids.clld.org/parameters/4-820>		<http://ids.clld.org/values/4-820-174-1>		"āʔkedēto"@mch	
"tehel"@br	<http://ids.clld.org/values/10-510-183-1>		<http://ids.clld.org/parameters/10-510>		<http://ids.clld.org/values/10-510-174-1>		"w-ə̄nehē-nə"@mch	
"labourad"@br	<http://ids.clld.org/values/9-120-183-1>		<http://ids.clld.org/parameters/9-120>		<http://ids.clld.org/values/9-120-174-1>		"tadawāhu"@mch	
"rohell"@br	<http://ids.clld.org/values/1-440-183-5>		<http://ids.clld.org/parameters/1-440>		<http://ids.clld.org/values/1-440-174-1>		"təʔhu"@mch	
"poan-galon"@br	<http://ids.clld.org/values/16-320-183-3>		<http://ids.clld.org/parameters/16-320>		<http://ids.clld.org/values/16-320-174-1>		"wentumhe"@mch	
"dond"@br	<http://ids.clld.org/values/10-480-183-1>		<http://ids.clld.org/parameters/10-480>		<http://ids.clld.org/values/10-480-174-1>		"w-eʔ-nə"@mch	
"torriɲ"@br	<http://ids.clld.org/values/9-260-183-3>		<http://ids.clld.org/parameters/9-260>		<http://ids.clld.org/values/9-260-174-1>		"-išiča-dɨ"@mch	
"dorn"@br	<http://ids.clld.org/values/4-330-183-1>		<http://ids.clld.org/parameters/4-330>		<http://ids.clld.org/values/4-330-174-1>		"amō-dɨ"@mch	
"glao"@br	<http://ids.clld.org/values/1-750-183-1>		<http://ids.clld.org/parameters/1-750>		<http://ids.clld.org/values/1-750-174-1>		"konōho"@mch	
"ivin"@br	<http://ids.clld.org/values/4-344-183-1>		<http://ids.clld.org/parameters/4-344>		<http://ids.clld.org/values/4-344-174-1>		"əmmi"@mch	
"bihan"@br	<http://ids.clld.org/values/12-560-183-1>		<http://ids.clld.org/parameters/12-560>		<http://ids.clld.org/values/12-560-174-1>		"šeʔkə"@mch	
"tad-koz"@br	<http://ids.clld.org/values/2-460-183-1>		<http://ids.clld.org/parameters/2-460>		<http://ids.clld.org/values/2-460-174-1>		"kōko"@mch	
"arruoud"@br	<http://ids.clld.org/values/10-550-183-3>		<http://ids.clld.org/parameters/10-550>		<http://ids.clld.org/values/10-550-174-1>		"w-əʔdɨ-nə"@mch	
"gwaskennad"@br	<http://ids.clld.org/values/4-530-183-3>		<http://ids.clld.org/parameters/4-530>		<http://ids.clld.org/values/4-530-174-1>		"təinšiʔho"@mch	
"kontaɲ"@br	<http://ids.clld.org/values/18-221-183-1>		<http://ids.clld.org/parameters/18-221>		<http://ids.clld.org/values/18-221-174-1>		"mēʔkuʔtə̄dɨ"@mch	
"lazaɲ"@br	<http://ids.clld.org/values/4-760-183-1>		<http://ids.clld.org/parameters/4-760>		<http://ids.clld.org/values/4-760-174-1>		"aminɲaʔkadɨ"@mch	
"livaj"@br	<http://ids.clld.org/values/9-880-183-1>		<http://ids.clld.org/parameters/9-880>		<http://ids.clld.org/values/9-880-174-1>		"wānai"@mch	
"unan"@br	<http://ids.clld.org/values/13-10-183-1>		<http://ids.clld.org/parameters/13-10>		<http://ids.clld.org/values/13-10-174-1>		"tōni"@mch	
"houad"@br	<http://ids.clld.org/values/3-570-183-1>		<http://ids.clld.org/parameters/3-570>		<http://ids.clld.org/values/3-570-174-1>		"[hātu]"@mch	
"dibriɲ"@br	<http://ids.clld.org/values/5-110-183-1>		<http://ids.clld.org/parameters/5-110>		<http://ids.clld.org/values/5-110-174-1>		"wowašīnčənə"@mch	
"chignan"@br	<http://ids.clld.org/values/3-950-183-5>		<http://ids.clld.org/parameters/3-950>		<http://ids.clld.org/values/3-950-174-1>		"kɨʔto"@mch	
"penturiɲ"@br	<http://ids.clld.org/values/9-890-183-3>		<http://ids.clld.org/parameters/9-890>		<http://ids.clld.org/values/9-890-174-1>		"wemānʔa"@mch	
"labous yar"@br	<http://ids.clld.org/values/3-550-183-1>		<http://ids.clld.org/parameters/3-550>		<http://ids.clld.org/values/3-550-174-1>		"wamēdi"@mch	
"paner"@br	<http://ids.clld.org/values/9-760-183-1>		<http://ids.clld.org/parameters/9-760>		<http://ids.clld.org/values/9-760-174-1>		"wɨ̄wa"@mch	
"mestr"@br	<http://ids.clld.org/values/17-270-183-1>		<http://ids.clld.org/parameters/17-270>		<http://ids.clld.org/values/17-270-174-1>		"yowānomani"@mch	
"bepred"@br	<http://ids.clld.org/values/14-310-183-1>		<http://ids.clld.org/parameters/14-310>		<http://ids.clld.org/values/14-310-174-1>		"wenēne"@mch	
"maen"@br	<http://ids.clld.org/values/1-440-183-1>		<http://ids.clld.org/parameters/1-440>		<http://ids.clld.org/values/1-440-174-1>		"təʔhu"@mch	
"paotr yaouank"@br	<http://ids.clld.org/values/2-251-183-1>		<http://ids.clld.org/parameters/2-251>		<http://ids.clld.org/values/2-251-174-1>		"mudēši"@mch	
"moger"@br	<http://ids.clld.org/values/7-270-183-1>		<http://ids.clld.org/parameters/7-270>		<http://ids.clld.org/values/7-270-174-1>		"həʔhudu"@mch	
"raz"@br	<http://ids.clld.org/values/3-630-183-3>		<http://ids.clld.org/parameters/3-630>		<http://ids.clld.org/values/3-630-174-1>		"asɨ̄kɨ"@mch	
"pareaɲ"@br	<http://ids.clld.org/values/4-860-183-1>		<http://ids.clld.org/parameters/4-860>		<http://ids.clld.org/values/4-860-174-1>		"adonkadɨ"@mch	
"en"@br	<http://ids.clld.org/values/12-50-183-1>		<http://ids.clld.org/parameters/12-50>		<http://ids.clld.org/values/12-50-174-3>		"anwaʔka"@mch	
"en"@br	<http://ids.clld.org/values/12-50-183-1>		<http://ids.clld.org/parameters/12-50>		<http://ids.clld.org/values/12-50-174-1>		"aʔka"@mch	
"nadoz"@br	<http://ids.clld.org/values/6-360-183-1>		<http://ids.clld.org/parameters/6-360>		<http://ids.clld.org/values/6-360-174-1>		"makūsa"@mch	
"int"@br	<http://ids.clld.org/values/2-960-183-3>		<http://ids.clld.org/parameters/2-960>		<http://ids.clld.org/values/2-960-174-1>		"tɨnwano"@mch	
"sklasenn"@br	<http://ids.clld.org/values/6-960-183-3>		<http://ids.clld.org/parameters/6-960>		<http://ids.clld.org/values/6-960-174-1>		"hekūde"@mch	
"bugel"@br	<http://ids.clld.org/values/2-270-183-1>		<http://ids.clld.org/parameters/2-270>		<http://ids.clld.org/values/2-270-174-1>		"nnedɨ"@mch	
"piou?"@br	<http://ids.clld.org/values/17-680-183-1>		<http://ids.clld.org/parameters/17-680>		<http://ids.clld.org/values/17-680-174-1>		"ənə̄kɨ"@mch	
"loer"@br	<http://ids.clld.org/values/1-530-183-3>		<http://ids.clld.org/parameters/1-530>		<http://ids.clld.org/values/1-530-174-1>		"nūnə"@mch	
"roued"@br	<http://ids.clld.org/values/20-540-183-1>		<http://ids.clld.org/parameters/20-540>		<http://ids.clld.org/values/20-540-174-1>		"anətə"@mch	
"peder"@br	<http://ids.clld.org/values/13-40-183-3>		<http://ids.clld.org/parameters/13-40>		<http://ids.clld.org/values/13-40-174-1>		"āʔkəiʔčea"@mch	
"droug"@br	<http://ids.clld.org/values/16-720-183-3>		<http://ids.clld.org/parameters/16-720>		<http://ids.clld.org/values/16-720-174-1>		"kənemhɨnɨ"@mch	
"berr"@br	<http://ids.clld.org/values/12-590-183-1>		<http://ids.clld.org/parameters/12-590>		<http://ids.clld.org/values/12-590-174-1>		"tawedato"@mch	
"bremaɲ"@br	<http://ids.clld.org/values/14-180-183-1>		<http://ids.clld.org/parameters/14-180>		<http://ids.clld.org/values/14-180-174-1>		"edūwa"@mch	
"izel"@br	<http://ids.clld.org/values/12-320-183-1>		<http://ids.clld.org/parameters/12-320>		<http://ids.clld.org/values/12-320-174-1>		"nonohoʔčə"@mch	
"kraban"@br	<http://ids.clld.org/values/4-345-183-1>		<http://ids.clld.org/parameters/4-345>		<http://ids.clld.org/values/4-345-174-1>		"əmmi"@mch	
"bugel"@br	<http://ids.clld.org/values/2-430-183-1>		<http://ids.clld.org/parameters/2-430>		<http://ids.clld.org/values/2-430-174-1>		"nnedɨ"@mch	
"kinklou"@br	<http://ids.clld.org/values/6-710-183-1>		<http://ids.clld.org/parameters/6-710>		<http://ids.clld.org/values/6-710-174-1>		"sawīya"@mch	
"gwenanenn"@br	<http://ids.clld.org/values/3-820-183-1>		<http://ids.clld.org/parameters/3-820>		<http://ids.clld.org/values/3-820-174-1>		"wannə"@mch	
"skevent"@br	<http://ids.clld.org/values/4-441-183-1>		<http://ids.clld.org/parameters/4-441>		<http://ids.clld.org/values/4-441-174-1>		"ʔtaway-dɨ"@mch	
"ludu"@br	<http://ids.clld.org/values/1-840-183-1>		<http://ids.clld.org/parameters/1-840>		<http://ids.clld.org/values/1-840-174-1>		"wedēnnə"@mch	
"naon"@br	<http://ids.clld.org/values/5-140-183-1>		<http://ids.clld.org/parameters/5-140>		<http://ids.clld.org/values/5-140-174-1>		"əmīhe"@mch	
"ponner"@br	<http://ids.clld.org/values/15-810-183-1>		<http://ids.clld.org/parameters/15-810>		<http://ids.clld.org/values/15-810-174-1>		"tamənɲato"@mch	
"eiz"@br	<http://ids.clld.org/values/13-80-183-1>		<http://ids.clld.org/parameters/13-80>		<http://ids.clld.org/values/13-80-174-1>		"aduwawə amohaʔto"@mch	
"estomak"@br	<http://ids.clld.org/values/4-460-183-1>		<http://ids.clld.org/parameters/4-460>		<http://ids.clld.org/values/4-460-174-1>		"dudūnoi"@mch	
"prenn"@br	<http://ids.clld.org/values/1-430-183-3>		<http://ids.clld.org/parameters/1-430>		<http://ids.clld.org/values/1-430-174-1>		"dē"@mch	
"joauz"@br	<http://ids.clld.org/values/16-230-183-3>		<http://ids.clld.org/parameters/16-230>		<http://ids.clld.org/values/16-230-174-1>		"takwanɲe"@mch	
"plankenn"@br	<http://ids.clld.org/values/7-570-183-1>		<http://ids.clld.org/parameters/7-570>		<http://ids.clld.org/values/7-570-174-1>		"[tadwa]"@mch	
"gwenodenn"@br	<http://ids.clld.org/values/10-720-183-1>		<http://ids.clld.org/parameters/10-720>		<http://ids.clld.org/values/10-720-174-1>		"ə̄ma"@mch	
"mamm-goz"@br	<http://ids.clld.org/values/2-470-183-1>		<http://ids.clld.org/parameters/2-470>		<http://ids.clld.org/values/2-470-174-1>		"-tamū-du"@mch	
"karo"@br	<http://ids.clld.org/values/3-750-183-1>		<http://ids.clld.org/parameters/3-750>		<http://ids.clld.org/values/3-750-174-1>		"kawādi"@mch	
"disrannaɲ"@br	<http://ids.clld.org/values/12-232-183-1>		<http://ids.clld.org/parameters/12-232>		<http://ids.clld.org/values/12-232-174-1>		"yātohətɨdɨ"@mch	
"riou"@br	<http://ids.clld.org/values/15-860-183-3>		<http://ids.clld.org/parameters/15-860>		<http://ids.clld.org/values/15-860-174-1>		"kəmme"@mch	
"enezenn"@br	<http://ids.clld.org/values/1-250-183-1>		<http://ids.clld.org/parameters/1-250>		<http://ids.clld.org/values/1-250-174-1>		"dantadɨ"@mch	
"paotr"@br	<http://ids.clld.org/values/2-230-183-3>		<http://ids.clld.org/parameters/2-230>		<http://ids.clld.org/values/2-230-174-1>		"danwa"@mch	
"mond d'ar foɲs"@br	<http://ids.clld.org/values/10-330-183-5>		<http://ids.clld.org/parameters/10-330>		<http://ids.clld.org/values/10-330-174-1>		"yehuʔkwai"@mch	
"mond"@br	<http://ids.clld.org/values/10-470-183-1>		<http://ids.clld.org/parameters/10-470>		<http://ids.clld.org/values/10-470-174-1>		"wɨʔtə̄-nə"@mch	
"meskaɲ"@br	<http://ids.clld.org/values/5-490-183-1>		<http://ids.clld.org/parameters/5-490>		<http://ids.clld.org/values/5-490-174-1>		"-oima-dɨ"@mch	
"lampad"@br	<http://ids.clld.org/values/10-430-183-3>		<http://ids.clld.org/parameters/10-430>		<http://ids.clld.org/values/10-430-174-1>		"w-ahanɨn-nə"@mch	
"nann"@br	<http://ids.clld.org/values/17-560-183-1>		<http://ids.clld.org/parameters/17-560>		<http://ids.clld.org/values/17-560-174-1>		"mmʔhm"@mch	
"kentaɲ"@br	<http://ids.clld.org/values/13-340-183-1>		<http://ids.clld.org/parameters/13-340>		<http://ids.clld.org/values/13-340-174-1>		"awaʔde"@mch	
"pobl"@br	<http://ids.clld.org/values/19-210-183-3>		<http://ids.clld.org/parameters/19-210>		<http://ids.clld.org/values/19-210-174-1>		"weiʔčɨ"@mch	
"evn"@br	<http://ids.clld.org/values/3-581-183-3>		<http://ids.clld.org/parameters/3-581>		<http://ids.clld.org/values/3-581-174-1>		"hawi"@mch	
"karantez"@br	<http://ids.clld.org/values/16-270-183-3>		<http://ids.clld.org/parameters/16-270>		<http://ids.clld.org/values/16-270-174-1>		"hyumma-dɨ"@mch	
"askell"@br	<http://ids.clld.org/values/4-392-183-1>		<http://ids.clld.org/parameters/4-392>		<http://ids.clld.org/values/4-392-174-1>		"ahəʔsai"@mch	
"arrioud"@br	<http://ids.clld.org/values/10-550-183-1>		<http://ids.clld.org/parameters/10-550>		<http://ids.clld.org/values/10-550-174-1>		"w-əʔdɨ-nə"@mch	
"bos"@br	<http://ids.clld.org/values/4-853-183-1>		<http://ids.clld.org/parameters/4-853>		<http://ids.clld.org/values/4-853-174-1>		"awonɲəʔkādɨ"@mch	
"saveteiɲ"@br	<http://ids.clld.org/values/11-250-183-1>		<http://ids.clld.org/parameters/11-250>		<http://ids.clld.org/values/11-250-174-1>		"ewanakādɨ"@mch	
"azo"@br	<http://ids.clld.org/values/5-123-183-5>		<http://ids.clld.org/parameters/5-123>		<http://ids.clld.org/values/5-123-174-1>		"sēweyčato"@mch	
"tehoud"@br	<http://ids.clld.org/values/10-510-183-3>		<http://ids.clld.org/parameters/10-510>		<http://ids.clld.org/values/10-510-174-1>		"w-ə̄nehē-nə"@mch	
"mond war lerh"@br	<http://ids.clld.org/values/10-530-183-1>		<http://ids.clld.org/parameters/10-530>		<http://ids.clld.org/values/10-530-174-1>		"-aheʔka-dɨ"@mch	
"glesker"@br	<http://ids.clld.org/values/3-950-183-1>		<http://ids.clld.org/parameters/3-950>		<http://ids.clld.org/values/3-950-174-1>		"kɨʔto"@mch	
"stagaɲ"@br	<http://ids.clld.org/values/9-160-183-1>		<http://ids.clld.org/parameters/9-160>		<http://ids.clld.org/values/9-160-174-1>		"imɨdɨ"@mch	
"koton"@br	<http://ids.clld.org/values/6-240-183-3>		<http://ids.clld.org/parameters/6-240>		<http://ids.clld.org/values/6-240-174-1>		"wadēkū"@mch	
"louarn"@br	<http://ids.clld.org/values/3-740-183-1>		<http://ids.clld.org/parameters/3-740>		<http://ids.clld.org/values/3-740-174-1>		"awadudi"@mch	
"lakaad en pign"@br	<http://ids.clld.org/values/9-341-183-1>		<http://ids.clld.org/parameters/9-341>		<http://ids.clld.org/values/9-341-174-1>		"-ewaʔtə-dɨ"@mch	
"redeg"@br	<http://ids.clld.org/values/10-460-183-1>		<http://ids.clld.org/parameters/10-460>		<http://ids.clld.org/values/10-460-174-1>		"w-ekaʔtɨn-nə"@mch	
"livaɲ"@br	<http://ids.clld.org/values/9-890-183-1>		<http://ids.clld.org/parameters/9-890>		<http://ids.clld.org/values/9-890-174-1>		"wemānʔa"@mch	
"u"@br	<http://ids.clld.org/values/5-970-183-3>		<http://ids.clld.org/parameters/5-970>		<http://ids.clld.org/values/5-970-174-1>		"iʔmoi"@mch	
"moereb"@br	<http://ids.clld.org/values/2-522-183-1>		<http://ids.clld.org/parameters/2-522>		<http://ids.clld.org/values/2-522-174-1>		"waynɲeʔney"@mch	
"ed Turki"@br	<http://ids.clld.org/values/8-470-183-1>		<http://ids.clld.org/parameters/8-470>		<http://ids.clld.org/values/8-470-174-1>		"ənɲa"@mch	
"kren-douar"@br	<http://ids.clld.org/values/1-450-183-1>		<http://ids.clld.org/parameters/1-450>		<http://ids.clld.org/values/1-450-174-1>		"dehūši"@mch	
"gwerzaɲ"@br	<http://ids.clld.org/values/11-820-183-1>		<http://ids.clld.org/parameters/11-820>		<http://ids.clld.org/values/11-820-174-1>		"ehema-hoi"@mch	
"leon"@br	<http://ids.clld.org/values/3-720-183-1>		<http://ids.clld.org/parameters/3-720>		<http://ids.clld.org/values/3-720-174-1>		"kawadīmə"@mch	
"askorn"@br	<http://ids.clld.org/values/4-160-183-1>		<http://ids.clld.org/parameters/4-160>		<http://ids.clld.org/values/4-160-174-1>		"yēʔhə"@mch	
"trovrec’h"@br	<http://ids.clld.org/values/6-740-183-1>		<http://ids.clld.org/parameters/6-740>		<http://ids.clld.org/values/6-740-174-1>		"ahəʔmɨy"@mch	
"mad"@br	<http://ids.clld.org/values/16-710-183-1>		<http://ids.clld.org/parameters/16-710>		<http://ids.clld.org/values/16-710-174-1>		"ašiča"@mch	
"noz"@br	<http://ids.clld.org/values/14-420-183-1>		<http://ids.clld.org/parameters/14-420>		<http://ids.clld.org/values/14-420-174-1>		"čomomɨ̄dɨ"@mch	
"patatezenn"@br	<http://ids.clld.org/values/5-700-183-3>		<http://ids.clld.org/parameters/5-700>		<http://ids.clld.org/values/5-700-174-1>		"šāku"@mch	
"emzivad"@br	<http://ids.clld.org/values/2-750-183-1>		<http://ids.clld.org/parameters/2-750>		<http://ids.clld.org/values/2-750-174-1>		"tunkemhɨnɨ"@mch	
"plah yaouank"@br	<http://ids.clld.org/values/2-261-183-1>		<http://ids.clld.org/parameters/2-261>		<http://ids.clld.org/values/2-261-174-1>		"mudēši"@mch	
"bord"@br	<http://ids.clld.org/values/12-353-183-1>		<http://ids.clld.org/parameters/12-353>		<http://ids.clld.org/values/12-353-174-1>		"čəʔhiyu"@mch	
"kolier"@br	<http://ids.clld.org/values/6-750-183-1>		<http://ids.clld.org/parameters/6-750>		<http://ids.clld.org/values/6-750-174-1>		"wōʔmo"@mch	
"neiz"@br	<http://ids.clld.org/values/3-580-183-1>		<http://ids.clld.org/parameters/3-580>		<http://ids.clld.org/values/3-580-174-1>		"danɲami"@mch	
"had"@br	<http://ids.clld.org/values/8-311-183-1>		<http://ids.clld.org/parameters/8-311>		<http://ids.clld.org/values/8-311-174-1>		"čə̄huʔhə"@mch	
"tantin"@br	<http://ids.clld.org/values/2-521-183-3>		<http://ids.clld.org/parameters/2-521>		<http://ids.clld.org/values/2-521-174-1>		"denɨ"@mch	
"teurel"@br	<http://ids.clld.org/values/10-250-183-1>		<http://ids.clld.org/parameters/10-250>		<http://ids.clld.org/values/10-250-174-1>		"himā-dɨ"@mch	
"en em gaoud"@br	<http://ids.clld.org/values/10-550-183-7>		<http://ids.clld.org/parameters/10-550>		<http://ids.clld.org/values/10-550-174-1>		"w-əʔdɨ-nə"@mch	
"pevar"@br	<http://ids.clld.org/values/13-40-183-1>		<http://ids.clld.org/parameters/13-40>		<http://ids.clld.org/values/13-40-174-1>		"āʔkəiʔčea"@mch	
"tonton"@br	<http://ids.clld.org/values/2-511-183-1>		<http://ids.clld.org/parameters/2-511>		<http://ids.clld.org/values/2-511-174-1>		"yawo"@mch	
"paeaɲ"@br	<http://ids.clld.org/values/11-650-183-1>		<http://ids.clld.org/parameters/11-650>		<http://ids.clld.org/values/11-650-174-1>		"ehēma-dɨ"@mch	
"tapoud krog"@br	<http://ids.clld.org/values/11-140-183-3>		<http://ids.clld.org/parameters/11-140>		<http://ids.clld.org/values/11-140-174-1>		"-ahəi-"@mch	
"gwer"@br	<http://ids.clld.org/values/15-680-183-1>		<http://ids.clld.org/parameters/15-680>		<http://ids.clld.org/values/15-680-174-1>		"šēne"@mch	
"poazad"@br	<http://ids.clld.org/values/5-210-183-1>		<http://ids.clld.org/parameters/5-210>		<http://ids.clld.org/values/5-210-174-1>		"-aʔnə"@mch	
"gweaɲ"@br	<http://ids.clld.org/values/6-330-183-1>		<http://ids.clld.org/parameters/6-330>		<http://ids.clld.org/values/6-330-174-1>		"tɨʔkaʔhɨdɨ"@mch	
"skaɲv"@br	<http://ids.clld.org/values/15-820-183-1>		<http://ids.clld.org/parameters/15-820>		<http://ids.clld.org/values/15-820-174-1>		"tawāhe"@mch	
"seh"@br	<http://ids.clld.org/values/15-840-183-1>		<http://ids.clld.org/parameters/15-840>		<http://ids.clld.org/values/15-840-174-1>		"ssedēhe"@mch	
"kevnidenn"@br	<http://ids.clld.org/values/3-818-183-1>		<http://ids.clld.org/parameters/3-818>		<http://ids.clld.org/values/3-818-174-1>		"modoy"@mch	
"tonton"@br	<http://ids.clld.org/values/2-510-183-3>		<http://ids.clld.org/parameters/2-510>		<http://ids.clld.org/values/2-510-174-1>		"wōdɨ"@mch	
"diskenn"@br	<http://ids.clld.org/values/10-473-183-1>		<http://ids.clld.org/parameters/10-473>		<http://ids.clld.org/values/10-473-174-1>		"hɨ̄ʔwakādə"@mch	
"gwezenn"@br	<http://ids.clld.org/values/1-420-183-1>		<http://ids.clld.org/parameters/1-420>		<http://ids.clld.org/values/1-420-174-1>		"dē"@mch	
"menez"@br	<http://ids.clld.org/values/1-220-183-1>		<http://ids.clld.org/parameters/1-220>		<http://ids.clld.org/values/1-220-174-1>		"hɨ̄"@mch	
"pemp"@br	<http://ids.clld.org/values/13-50-183-1>		<http://ids.clld.org/parameters/13-50>		<http://ids.clld.org/values/13-50-174-1>		"hyātodea"@mch	
"ribin"@br	<http://ids.clld.org/values/10-720-183-3>		<http://ids.clld.org/parameters/10-720>		<http://ids.clld.org/values/10-720-174-1>		"ə̄ma"@mch	
"poursal"@br	<http://ids.clld.org/values/4-530-183-5>		<http://ids.clld.org/parameters/4-530>		<http://ids.clld.org/values/4-530-174-1>		"təinšiʔho"@mch	
"tennaɲ"@br	<http://ids.clld.org/values/20-620-183-1>		<http://ids.clld.org/parameters/20-620>		<http://ids.clld.org/values/20-620-174-1>		"t-ɨwə̄-dɨ"@mch	
"peultrin"@br	<http://ids.clld.org/values/4-400-183-3>		<http://ids.clld.org/parameters/4-400>		<http://ids.clld.org/values/4-400-174-1>		"dōʔta"@mch	
"savar"@br	<http://ids.clld.org/values/18-210-183-5>		<http://ids.clld.org/parameters/18-210>		<http://ids.clld.org/values/18-210-174-1>		"w-aʔdew-nə"@mch	
"famill"@br	<http://ids.clld.org/values/2-820-183-1>		<http://ids.clld.org/parameters/2-820>		<http://ids.clld.org/values/2-820-174-1>		"himmə"@mch	
"komaɲsamant"@br	<http://ids.clld.org/values/14-250-183-1>		<http://ids.clld.org/parameters/14-250>		<http://ids.clld.org/values/14-250-174-1>		"ahəntədɨ"@mch	
"garmad"@br	<http://ids.clld.org/values/16-370-183-5>		<http://ids.clld.org/parameters/16-370>		<http://ids.clld.org/values/16-370-174-1>		"w-amo-nə"@mch	
"arhoaz"@br	<http://ids.clld.org/values/14-480-183-1>		<http://ids.clld.org/parameters/14-480>		<http://ids.clld.org/values/14-480-174-1>		"henamma"@mch	
"azezaɲ"@br	<http://ids.clld.org/values/12-130-183-1>		<http://ids.clld.org/parameters/12-130>		<http://ids.clld.org/values/12-130-174-1>		"w-atahhimā-nə"@mch	
"goulenn"@br	<http://ids.clld.org/values/18-310-183-1>		<http://ids.clld.org/parameters/18-310>		<http://ids.clld.org/values/18-310-174-1>		"-ekammaho-"@mch	
"skubaɲ"@br	<http://ids.clld.org/values/9-370-183-1>		<http://ids.clld.org/parameters/9-370>		<http://ids.clld.org/values/9-370-174-1>		"šēmeka-dɨ"@mch	
"bleo"@br	<http://ids.clld.org/values/4-140-183-1>		<http://ids.clld.org/parameters/4-140>		<http://ids.clld.org/values/4-140-174-1>		"hū"@mch	
"rodellaɲ"@br	<http://ids.clld.org/values/10-140-183-1>		<http://ids.clld.org/parameters/10-140>		<http://ids.clld.org/values/10-140-174-1>		"weməīya"@mch	
"diskuizaɲ"@br	<http://ids.clld.org/values/4-912-183-1>		<http://ids.clld.org/parameters/4-912>		<http://ids.clld.org/values/4-912-174-1>		"wə̄dētanə"@mch	
"gelver"@br	<http://ids.clld.org/values/18-410-183-3>		<http://ids.clld.org/parameters/18-410>		<http://ids.clld.org/values/18-410-174-1>		"aʔdewhaʔdɨ"@mch	
"pell"@br	<http://ids.clld.org/values/12-440-183-1>		<http://ids.clld.org/parameters/12-440>		<http://ids.clld.org/values/12-440-174-1>		"amoinče"@mch	
"kamarad"@br	<http://ids.clld.org/values/19-510-183-3>		<http://ids.clld.org/parameters/19-510>		<http://ids.clld.org/values/19-510-174-1>		"weičakōno"@mch	
"peroked"@br	<http://ids.clld.org/values/3-592-183-1>		<http://ids.clld.org/parameters/3-592>		<http://ids.clld.org/values/3-592-174-1>		"[dodo]"@mch	
"mervel"@br	<http://ids.clld.org/values/4-750-183-1>		<http://ids.clld.org/parameters/4-750>		<http://ids.clld.org/values/4-750-174-1>		"-əma-"@mch	
"galoupad"@br	<http://ids.clld.org/values/10-460-183-3>		<http://ids.clld.org/parameters/10-460>		<http://ids.clld.org/values/10-460-174-1>		"w-ekaʔtɨn-nə"@mch	
"beo"@br	<http://ids.clld.org/values/4-740-183-3>		<http://ids.clld.org/parameters/4-740>		<http://ids.clld.org/values/4-740-174-1>		"wenɲə"@mch	
"neuial"@br	<http://ids.clld.org/values/10-350-183-3>		<http://ids.clld.org/parameters/10-350>		<http://ids.clld.org/values/10-350-174-1>		"tɨwəʔhiyɨ"@mch	
"enaoui"@br	<http://ids.clld.org/values/1-860-183-1>		<http://ids.clld.org/parameters/1-860>		<http://ids.clld.org/values/1-860-174-1>		"-kemetə-"@mch	
"kaoud c’hwez"@br	<http://ids.clld.org/values/15-210-183-1>		<http://ids.clld.org/parameters/15-210>		<http://ids.clld.org/values/15-210-174-1>		"hyoʔhōdɨ"@mch	
"unneg"@br	<http://ids.clld.org/values/13-101-183-1>		<http://ids.clld.org/parameters/13-101>		<http://ids.clld.org/values/13-101-174-1>		"amohadəʔto dēwə tōni"@mch	
"tintin"@br	<http://ids.clld.org/values/2-521-183-5>		<http://ids.clld.org/parameters/2-521>		<http://ids.clld.org/values/2-521-174-1>		"denɨ"@mch	
"sabl"@br	<http://ids.clld.org/values/1-215-183-3>		<http://ids.clld.org/parameters/1-215>		<http://ids.clld.org/values/1-215-174-1>		"sāʔdaʔda"@mch	
"porz"@br	<http://ids.clld.org/values/7-150-183-1>		<http://ids.clld.org/parameters/7-150>		<http://ids.clld.org/values/7-150-174-1>		"hɨdōdo"@mch	
"krial"@br	<http://ids.clld.org/values/18-130-183-1>		<http://ids.clld.org/parameters/18-130>		<http://ids.clld.org/values/18-130-174-1>		"kəʔtɨn-nə"@mch	
"gweuz"@br	<http://ids.clld.org/values/4-250-183-1>		<http://ids.clld.org/parameters/4-250>		<http://ids.clld.org/values/4-250-174-1>		"ə̄ʔhi"@mch	
"fleüt"@br	<http://ids.clld.org/values/18-710-183-1>		<http://ids.clld.org/parameters/18-710>		<http://ids.clld.org/values/18-710-174-1>		"hīču"@mch	
"teir"@br	<http://ids.clld.org/values/13-30-183-3>		<http://ids.clld.org/parameters/13-30>		<http://ids.clld.org/values/13-30-174-1>		"aduwawə"@mch	
"melen"@br	<http://ids.clld.org/values/15-690-183-1>		<http://ids.clld.org/parameters/15-690>		<http://ids.clld.org/values/15-690-174-1>		"kɨnota"@mch	
"kastorolenn"@br	<http://ids.clld.org/values/5-280-183-1>		<http://ids.clld.org/parameters/5-280>		<http://ids.clld.org/values/5-280-174-1>		"ʔtadī-yɨ"@mch	
"daro"@br	<http://ids.clld.org/values/5-123-183-1>		<http://ids.clld.org/parameters/5-123>		<http://ids.clld.org/values/5-123-174-1>		"sēweyčato"@mch	
"kig"@br	<http://ids.clld.org/values/4-130-183-1>		<http://ids.clld.org/parameters/4-130>		<http://ids.clld.org/values/4-130-174-1>		"hyunu"@mch	
"killog-raden"@br	<http://ids.clld.org/values/3-930-183-3>		<http://ids.clld.org/parameters/3-930>		<http://ids.clld.org/values/3-930-174-1>		"kɨdatay"@mch	
"e tal"@br	<http://ids.clld.org/values/12-20-183-3>		<http://ids.clld.org/parameters/12-20>		<http://ids.clld.org/values/12-20-174-1>		"dɨʔtə"@mch	
"kerzed"@br	<http://ids.clld.org/values/10-450-183-1>		<http://ids.clld.org/parameters/10-450>		<http://ids.clld.org/values/10-450-174-1>		"w-ōhoyma-nə"@mch	
"butun"@br	<http://ids.clld.org/values/8-680-183-1>		<http://ids.clld.org/parameters/8-680>		<http://ids.clld.org/values/8-680-174-1>		"kawai"@mch	
"melhwedenn krogennet"@br	<http://ids.clld.org/values/3-940-183-1>		<http://ids.clld.org/parameters/3-940>		<http://ids.clld.org/values/3-940-174-1>		"memu"@mch	
"dislonkaɲ"@br	<http://ids.clld.org/values/4-570-183-1>		<http://ids.clld.org/parameters/4-570>		<http://ids.clld.org/values/4-570-174-1>		"wenaʔtahəʔeʔnə"@mch	
"keniterv"@br	<http://ids.clld.org/values/2-550-183-3>		<http://ids.clld.org/parameters/2-550>		<http://ids.clld.org/values/2-550-174-1>		"waiɲe"@mch	
"keniterv"@br	<http://ids.clld.org/values/2-550-183-3>		<http://ids.clld.org/parameters/2-550>		<http://ids.clld.org/values/2-550-174-3>		"yāʔko"@mch	
"kanod"@br	<http://ids.clld.org/values/10-831-183-1>		<http://ids.clld.org/parameters/10-831>		<http://ids.clld.org/values/10-831-174-1>		"[kanowa]"@mch	
"plaɲsonenniɲ"@br	<http://ids.clld.org/values/9-750-183-3>		<http://ids.clld.org/parameters/9-750>		<http://ids.clld.org/values/9-750-174-1>		"aʔtoʔtotoʔho"@mch	
"bir"@br	<http://ids.clld.org/values/20-250-183-1>		<http://ids.clld.org/parameters/20-250>		<http://ids.clld.org/values/20-250-174-1>		"šimāda"@mch	
"ver"@br	<http://ids.clld.org/values/15-680-183-3>		<http://ids.clld.org/parameters/15-680>		<http://ids.clld.org/values/15-680-174-1>		"šēne"@mch	
"eontr"@br	<http://ids.clld.org/values/2-510-183-1>		<http://ids.clld.org/parameters/2-510>		<http://ids.clld.org/values/2-510-174-1>		"wōdɨ"@mch	
"preɲv"@br	<http://ids.clld.org/values/3-840-183-1>		<http://ids.clld.org/parameters/3-840>		<http://ids.clld.org/values/3-840-174-1>		"motto"@mch	
"gwenn"@br	<http://ids.clld.org/values/15-640-183-1>		<http://ids.clld.org/parameters/15-640>		<http://ids.clld.org/values/15-640-174-1>		"təʔkeʔne"@mch	
"kontell"@br	<http://ids.clld.org/values/9-230-183-1>		<http://ids.clld.org/parameters/9-230>		<http://ids.clld.org/values/9-230-174-1>		"kɨmɨʔkə"@mch	
"tantin"@br	<http://ids.clld.org/values/2-522-183-3>		<http://ids.clld.org/parameters/2-522>		<http://ids.clld.org/values/2-522-174-1>		"waynɲeʔney"@mch	
"siɲj"@br	<http://ids.clld.org/values/3-760-183-3>		<http://ids.clld.org/parameters/3-760>		<http://ids.clld.org/values/3-760-174-1>		"yadākadu"@mch	
"buzugenn"@br	<http://ids.clld.org/values/3-840-183-3>		<http://ids.clld.org/parameters/3-840>		<http://ids.clld.org/values/3-840-174-1>		"motto"@mch	
"abardaez"@br	<http://ids.clld.org/values/14-460-183-1>		<http://ids.clld.org/parameters/14-460>		<http://ids.clld.org/values/14-460-174-1>		"čomomɨdawə"@mch	
"lezel"@br	<http://ids.clld.org/values/19-470-183-1>		<http://ids.clld.org/parameters/19-470>		<http://ids.clld.org/values/19-470-174-1>		"tɨdɨho-dɨ"@mch	
"kousked"@br	<http://ids.clld.org/values/4-610-183-1>		<http://ids.clld.org/parameters/4-610>		<http://ids.clld.org/values/4-610-174-1>		"w-ɨnɨʔ-nə"@mch	
"langaj"@br	<http://ids.clld.org/values/18-240-183-3>		<http://ids.clld.org/parameters/18-240>		<http://ids.clld.org/values/18-240-174-1>		"āʔdewʔkwe"@mch	
"daɲsal"@br	<http://ids.clld.org/values/10-440-183-1>		<http://ids.clld.org/parameters/10-440>		<http://ids.clld.org/values/10-440-174-1>		"-ənwa-"@mch	
"niez"@br	<http://ids.clld.org/values/2-540-183-3>		<http://ids.clld.org/parameters/2-540>		<http://ids.clld.org/values/2-540-174-1>		"hāse"@mch	
"marmouz"@br	<http://ids.clld.org/values/3-760-183-1>		<http://ids.clld.org/parameters/3-760>		<http://ids.clld.org/values/3-760-174-1>		"yadākadu"@mch	
"minorez"@br	<http://ids.clld.org/values/2-750-183-5>		<http://ids.clld.org/parameters/2-750>		<http://ids.clld.org/values/2-750-174-1>		"tunkemhɨnɨ"@mch	
"pemzeg"@br	<http://ids.clld.org/values/13-103-183-1>		<http://ids.clld.org/parameters/13-103>		<http://ids.clld.org/values/13-103-174-1>		"amohadəʔto dēwə hyatodea"@mch	
"kant"@br	<http://ids.clld.org/values/13-105-183-1>		<http://ids.clld.org/parameters/13-105>		<http://ids.clld.org/values/13-105-174-1>		"hyātodea ssoto"@mch	
"kontell"@br	<http://ids.clld.org/values/5-380-183-1>		<http://ids.clld.org/parameters/5-380>		<http://ids.clld.org/values/5-380-174-1>		"kɨmɨʔkə"@mch	
"bouzellou"@br	<http://ids.clld.org/values/4-461-183-1>		<http://ids.clld.org/parameters/4-461>		<http://ids.clld.org/values/4-461-174-1>		"hyōtɨ"@mch	
"kalz"@br	<http://ids.clld.org/values/13-150-183-1>		<http://ids.clld.org/parameters/13-150>		<http://ids.clld.org/values/13-150-174-1>		"hōhe"@mch	
"goug"@br	<http://ids.clld.org/values/4-280-183-3>		<http://ids.clld.org/parameters/4-280>		<http://ids.clld.org/values/4-280-174-1>		"hɨ̄mɨ"@mch	
"bouhal"@br	<http://ids.clld.org/values/9-250-183-1>		<http://ids.clld.org/parameters/9-250>		<http://ids.clld.org/values/9-250-174-1>		"wɨ̄wɨ"@mch	
"dillad"@br	<http://ids.clld.org/values/6-120-183-1>		<http://ids.clld.org/parameters/6-120>		<http://ids.clld.org/values/6-120-174-1>		"womɨ"@mch	
"yah"@br	<http://ids.clld.org/values/4-830-183-3>		<http://ids.clld.org/parameters/4-830>		<http://ids.clld.org/values/4-830-174-1>		"tadəinɲe"@mch	
"taol"@br	<http://ids.clld.org/values/7-440-183-1>		<http://ids.clld.org/parameters/7-440>		<http://ids.clld.org/values/7-440-174-1>		"[mesa]i"@mch	
"kregiɲ"@br	<http://ids.clld.org/values/11-140-183-1>		<http://ids.clld.org/parameters/11-140>		<http://ids.clld.org/values/11-140-174-1>		"-ahəi-"@mch	
"goueled"@br	<http://ids.clld.org/values/12-340-183-1>		<http://ids.clld.org/parameters/12-340>		<http://ids.clld.org/values/12-340-174-1>		"nwaʔkəi"@mch	
"halen"@br	<http://ids.clld.org/values/5-810-183-3>		<http://ids.clld.org/parameters/5-810>		<http://ids.clld.org/values/5-810-174-1>		"[sayu]"@mch	
"bronn"@br	<http://ids.clld.org/values/4-410-183-1>		<http://ids.clld.org/parameters/4-410>		<http://ids.clld.org/values/4-410-174-1>		"ʔdohɨ-dɨ"@mch	
"kanard"@br	<http://ids.clld.org/values/3-570-183-3>		<http://ids.clld.org/parameters/3-570>		<http://ids.clld.org/values/3-570-174-1>		"[hātu]"@mch	
"lammad"@br	<http://ids.clld.org/values/10-430-183-1>		<http://ids.clld.org/parameters/10-430>		<http://ids.clld.org/values/10-430-174-1>		"w-ahanɨn-nə"@mch	
"skeiɲ"@br	<http://ids.clld.org/values/9-210-183-1>		<http://ids.clld.org/parameters/9-210>		<http://ids.clld.org/values/9-210-174-1>		"-aiʔhuka-dɨ"@mch	
"gwiskamant"@br	<http://ids.clld.org/values/6-120-183-3>		<http://ids.clld.org/parameters/6-120>		<http://ids.clld.org/values/6-120-174-1>		"womɨ"@mch	
"pried"@br	<http://ids.clld.org/values/2-310-183-5>		<http://ids.clld.org/parameters/2-310>		<http://ids.clld.org/values/2-310-174-1>		"-ɲno"@mch	
"fleur"@br	<http://ids.clld.org/values/8-570-183-3>		<http://ids.clld.org/parameters/8-570>		<http://ids.clld.org/values/8-570-174-1>		"čə̄hɨdɨ"@mch	
"pigellad"@br	<http://ids.clld.org/values/8-220-183-3>		<http://ids.clld.org/parameters/8-220>		<http://ids.clld.org/values/8-220-174-1>		"tɨʔkādɨ"@mch	
"loar"@br	<http://ids.clld.org/values/1-530-183-1>		<http://ids.clld.org/parameters/1-530>		<http://ids.clld.org/values/1-530-174-1>		"nūnə"@mch	
"yez"@br	<http://ids.clld.org/values/18-240-183-1>		<http://ids.clld.org/parameters/18-240>		<http://ids.clld.org/values/18-240-174-1>		"āʔdewʔkwe"@mch	
"porhell"@br	<http://ids.clld.org/values/3-350-183-3>		<http://ids.clld.org/parameters/3-350>		<http://ids.clld.org/values/3-350-174-1>		"[kūši]"@mch	
"pesk"@br	<http://ids.clld.org/values/3-650-183-1>		<http://ids.clld.org/parameters/3-650>		<http://ids.clld.org/values/3-650-174-1>		"nākukwāno"@mch	
"kador"@br	<http://ids.clld.org/values/7-430-183-1>		<http://ids.clld.org/parameters/7-430>		<http://ids.clld.org/values/7-430-174-1>		"āʔtəy"@mch	
"aer"@br	<http://ids.clld.org/values/3-850-183-1>		<http://ids.clld.org/parameters/3-850>		<http://ids.clld.org/values/3-850-174-1>		"əkə̄yu"@mch	
"c’hwero"@br	<http://ids.clld.org/values/15-370-183-1>		<http://ids.clld.org/parameters/15-370>		<http://ids.clld.org/values/15-370-174-1>		"tutune"@mch	
"deskiɲ"@br	<http://ids.clld.org/values/17-240-183-1>		<http://ids.clld.org/parameters/17-240>		<http://ids.clld.org/values/17-240-174-1>		"-ōwanoma-"@mch	
"merh"@br	<http://ids.clld.org/values/2-420-183-1>		<http://ids.clld.org/parameters/2-420>		<http://ids.clld.org/values/2-420-174-1>		"nnedɨ"@mch	
"plah"@br	<http://ids.clld.org/values/2-240-183-3>		<http://ids.clld.org/parameters/2-240>		<http://ids.clld.org/values/2-240-174-1>		"wodi"@mch	
"troad"@br	<http://ids.clld.org/values/4-370-183-1>		<http://ids.clld.org/parameters/4-370>		<http://ids.clld.org/values/4-370-174-1>		"hūdu"@mch	
"koad"@br	<http://ids.clld.org/values/1-410-183-1>		<http://ids.clld.org/parameters/1-410>		<http://ids.clld.org/values/1-410-174-1>		"čūta"@mch	
"c’hwezaɲ"@br	<http://ids.clld.org/values/10-380-183-1>		<http://ids.clld.org/parameters/10-380>		<http://ids.clld.org/values/10-380-174-1>		"yaičumā-dɨ"@mch	
"uhel"@br	<http://ids.clld.org/values/12-310-183-1>		<http://ids.clld.org/parameters/12-310>		<http://ids.clld.org/values/12-310-174-1>		"kawə"@mch	
"bevaɲ"@br	<http://ids.clld.org/values/4-740-183-1>		<http://ids.clld.org/parameters/4-740>		<http://ids.clld.org/values/4-740-174-1>		"wenɲə"@mch	
"achuiɲ"@br	<http://ids.clld.org/values/14-270-183-1>		<http://ids.clld.org/parameters/14-270>		<http://ids.clld.org/values/14-270-174-1>		"w-əʔka-nə"@mch	
"breur"@br	<http://ids.clld.org/values/2-440-183-1>		<http://ids.clld.org/parameters/2-440>		<http://ids.clld.org/values/2-440-174-1>		"-nuwā-dɨ"@mch	
"mab"@br	<http://ids.clld.org/values/2-410-183-1>		<http://ids.clld.org/parameters/2-410>		<http://ids.clld.org/values/2-410-174-1>		"nnedɨ"@mch	
"alumetezenn"@br	<http://ids.clld.org/values/1-870-183-1>		<http://ids.clld.org/parameters/1-870>		<http://ids.clld.org/values/1-870-174-1>		"tɨsočāmɨ"@mch	
"eost"@br	<http://ids.clld.org/values/8-410-183-1>		<http://ids.clld.org/parameters/8-410>		<http://ids.clld.org/values/8-410-174-1>		"inɲatɨʔtə̄dɨ"@mch	
"koz"@br	<http://ids.clld.org/values/14-150-183-1>		<http://ids.clld.org/parameters/14-150>		<http://ids.clld.org/values/14-150-174-1>		"henaʔdohə"@mch	
"war-benn"@br	<http://ids.clld.org/values/12-80-183-5>		<http://ids.clld.org/parameters/12-80>		<http://ids.clld.org/values/12-80-174-1>		"kawə̄"@mch	
"striz"@br	<http://ids.clld.org/values/12-620-183-1>		<http://ids.clld.org/parameters/12-620>		<http://ids.clld.org/values/12-620-174-3>		"anwakɨme"@mch	
"striz"@br	<http://ids.clld.org/values/12-620-183-1>		<http://ids.clld.org/parameters/12-620>		<http://ids.clld.org/values/12-620-174-1>		"danwadɨ"@mch	
"skeduz"@br	<http://ids.clld.org/values/15-570-183-3>		<http://ids.clld.org/parameters/15-570>		<http://ids.clld.org/values/15-570-174-1>		"taʔwane"@mch	
"turzunell"@br	<http://ids.clld.org/values/3-594-183-1>		<http://ids.clld.org/parameters/3-594>		<http://ids.clld.org/values/3-594-174-1>		"hadūma"@mch	
"roh"@br	<http://ids.clld.org/values/1-440-183-3>		<http://ids.clld.org/parameters/1-440>		<http://ids.clld.org/values/1-440-174-1>		"təʔhu"@mch	
"maro"@br	<http://ids.clld.org/values/4-750-183-3>		<http://ids.clld.org/parameters/4-750>		<http://ids.clld.org/values/4-750-174-1>		"-əma-"@mch	
"glaz"@br	<http://ids.clld.org/values/15-670-183-1>		<http://ids.clld.org/parameters/15-670>		<http://ids.clld.org/values/15-670-174-1>		"šēne"@mch	
"skol"@br	<http://ids.clld.org/values/17-280-183-1>		<http://ids.clld.org/parameters/17-280>		<http://ids.clld.org/values/17-280-174-1>		"wōwanomatoho"@mch	
"kolier"@br	<http://ids.clld.org/values/6-450-183-1>		<http://ids.clld.org/parameters/6-450>		<http://ids.clld.org/values/6-450-174-1>		"wōʔmo"@mch	
"c’hoar henaɲ"@br	<http://ids.clld.org/values/2-454-183-1>		<http://ids.clld.org/parameters/2-454>		<http://ids.clld.org/values/2-454-174-1>		"yāya"@mch	
"maouez koz"@br	<http://ids.clld.org/values/2-471-183-3>		<http://ids.clld.org/parameters/2-471>		<http://ids.clld.org/values/2-471-174-1>		"noʔsamoʔkɨ"@mch	
"moereb"@br	<http://ids.clld.org/values/2-521-183-1>		<http://ids.clld.org/parameters/2-521>		<http://ids.clld.org/values/2-521-174-1>		"denɨ"@mch	
"bleunienn"@br	<http://ids.clld.org/values/8-570-183-5>		<http://ids.clld.org/parameters/8-570>		<http://ids.clld.org/values/8-570-174-1>		"čə̄hɨdɨ"@mch	
"daouzeg"@br	<http://ids.clld.org/values/13-102-183-1>		<http://ids.clld.org/parameters/13-102>		<http://ids.clld.org/values/13-102-174-1>		"amohadəʔto dēwə āʔkə"@mch	
"brezel"@br	<http://ids.clld.org/values/20-130-183-1>		<http://ids.clld.org/parameters/20-130>		<http://ids.clld.org/values/20-130-174-1>		"wənə"@mch	
"plah koz"@br	<http://ids.clld.org/values/2-471-183-1>		<http://ids.clld.org/parameters/2-471>		<http://ids.clld.org/values/2-471-174-1>		"noʔsamoʔkɨ"@mch	
"neud"@br	<http://ids.clld.org/values/6-380-183-1>		<http://ids.clld.org/parameters/6-380>		<http://ids.clld.org/values/6-380-174-1>		"hakūdimɨʔtɨ"@mch	
"kourt"@br	<http://ids.clld.org/values/7-150-183-3>		<http://ids.clld.org/parameters/7-150>		<http://ids.clld.org/values/7-150-174-1>		"hɨdōdo"@mch	
"poahad"@br	<http://ids.clld.org/values/5-210-183-3>		<http://ids.clld.org/parameters/5-210>		<http://ids.clld.org/values/5-210-174-1>		"-aʔnə"@mch	
"pehini?"@br	<http://ids.clld.org/values/17-670-183-1>		<http://ids.clld.org/parameters/17-670>		<http://ids.clld.org/values/17-670-174-1>		"əišə̄no"@mch	
"louz"@br	<http://ids.clld.org/values/15-880-183-1>		<http://ids.clld.org/parameters/15-880>		<http://ids.clld.org/values/15-880-174-1>		"nossahe"@mch	
"gwan"@br	<http://ids.clld.org/values/4-820-183-1>		<http://ids.clld.org/parameters/4-820>		<http://ids.clld.org/values/4-820-174-1>		"āʔkedēto"@mch	
"bezaɲ anvet"@br	<http://ids.clld.org/values/18-420-183-1>		<http://ids.clld.org/parameters/18-420>		<http://ids.clld.org/values/18-420-174-1>		"tə̄tɨ"@mch	
"kleuziɲ"@br	<http://ids.clld.org/values/8-220-183-1>		<http://ids.clld.org/parameters/8-220>		<http://ids.clld.org/values/8-220-174-1>		"tɨʔkādɨ"@mch	
"evaj"@br	<http://ids.clld.org/values/5-900-183-1>		<http://ids.clld.org/parameters/5-900>		<http://ids.clld.org/values/5-900-174-1>		"kuši"@mch	
"laouenn"@br	<http://ids.clld.org/values/3-811-183-1>		<http://ids.clld.org/parameters/3-811>		<http://ids.clld.org/values/3-811-174-1>		"dāmə"@mch	
"taol"@br	<http://ids.clld.org/values/10-250-183-3>		<http://ids.clld.org/parameters/10-250>		<http://ids.clld.org/values/10-250-174-1>		"himā-dɨ"@mch	
"c’hweg"@br	<http://ids.clld.org/values/15-350-183-1>		<http://ids.clld.org/parameters/15-350>		<http://ids.clld.org/values/15-350-174-1>		"kādo"@mch	
"en em gavoud gand"@br	<http://ids.clld.org/values/19-650-183-1>		<http://ids.clld.org/parameters/19-650>		<http://ids.clld.org/values/19-650-174-1>		"edantə-dɨ"@mch	
"bale"@br	<http://ids.clld.org/values/10-450-183-3>		<http://ids.clld.org/parameters/10-450>		<http://ids.clld.org/values/10-450-174-1>		"w-ōhoyma-nə"@mch	
"moged"@br	<http://ids.clld.org/values/1-830-183-1>		<http://ids.clld.org/parameters/1-830>		<http://ids.clld.org/values/1-830-174-1>		"widīnčə"@mch	
"mouez"@br	<http://ids.clld.org/values/18-110-183-1>		<http://ids.clld.org/parameters/18-110>		<http://ids.clld.org/values/18-110-174-1>		"kəʔtɨnnə"@mch	
"gouzoug"@br	<http://ids.clld.org/values/4-280-183-1>		<http://ids.clld.org/parameters/4-280>		<http://ids.clld.org/values/4-280-174-1>		"hɨ̄mɨ"@mch	
"kontaɲ gevier"@br	<http://ids.clld.org/values/16-670-183-1>		<http://ids.clld.org/parameters/16-670>		<http://ids.clld.org/values/16-670-174-1>		"-enkutə-"@mch	
"koad"@br	<http://ids.clld.org/values/1-430-183-1>		<http://ids.clld.org/parameters/1-430>		<http://ids.clld.org/values/1-430-174-1>		"dē"@mch	
"skuiz"@br	<http://ids.clld.org/values/4-910-183-1>		<http://ids.clld.org/parameters/4-910>		<http://ids.clld.org/values/4-910-174-1>		"tɨkinča"@mch	
"mezo"@br	<http://ids.clld.org/values/4-980-183-1>		<http://ids.clld.org/parameters/4-980>		<http://ids.clld.org/values/4-980-174-1>		"-oʔdoʔhə"@mch	
"pentur"@br	<http://ids.clld.org/values/9-880-183-3>		<http://ids.clld.org/parameters/9-880>		<http://ids.clld.org/values/9-880-174-1>		"wānai"@mch	
"lakaad"@br	<http://ids.clld.org/values/12-120-183-1>		<http://ids.clld.org/parameters/12-120>		<http://ids.clld.org/values/12-120-174-1>		"enɨ̄ta"@mch	
"lakaad"@br	<http://ids.clld.org/values/12-120-183-1>		<http://ids.clld.org/parameters/12-120>		<http://ids.clld.org/values/12-120-174-3>		"-ehuʔta-"@mch	
"tud"@br	<http://ids.clld.org/values/19-210-183-1>		<http://ids.clld.org/parameters/19-210>		<http://ids.clld.org/values/19-210-174-1>		"weiʔčɨ"@mch	
"evn yar"@br	<http://ids.clld.org/values/3-550-183-3>		<http://ids.clld.org/parameters/3-550>		<http://ids.clld.org/values/3-550-174-1>		"wamēdi"@mch	
"goull"@br	<http://ids.clld.org/values/18-350-183-3>		<http://ids.clld.org/parameters/18-350>		<http://ids.clld.org/values/18-350-174-1>		"eʔkatə-dɨ"@mch	
"kared"@br	<http://ids.clld.org/values/16-270-183-1>		<http://ids.clld.org/parameters/16-270>		<http://ids.clld.org/values/16-270-174-1>		"hyumma-dɨ"@mch	
"pepe"@br	<http://ids.clld.org/values/2-460-183-3>		<http://ids.clld.org/parameters/2-460>		<http://ids.clld.org/values/2-460-174-1>		"kōko"@mch	
"lugernuz"@br	<http://ids.clld.org/values/15-570-183-5>		<http://ids.clld.org/parameters/15-570>		<http://ids.clld.org/values/15-570-174-1>		"taʔwane"@mch	
"goulou"@br	<http://ids.clld.org/values/1-610-183-1>		<http://ids.clld.org/parameters/1-610>		<http://ids.clld.org/values/1-610-174-1>		"šī"@mch	
"bizaj"@br	<http://ids.clld.org/values/4-204-183-1>		<http://ids.clld.org/parameters/4-204>		<http://ids.clld.org/values/4-204-174-1>		"heʔ-dɨ"@mch	
"porz"@br	<http://ids.clld.org/values/10-910-183-1>		<http://ids.clld.org/parameters/10-910>		<http://ids.clld.org/values/10-910-174-1>		"wəʔtə"@mch	
"e kichenn"@br	<http://ids.clld.org/values/12-20-183-1>		<http://ids.clld.org/parameters/12-20>		<http://ids.clld.org/values/12-20-174-1>		"dɨʔtə"@mch	
"reiɲ"@br	<http://ids.clld.org/values/11-210-183-1>		<http://ids.clld.org/parameters/11-210>		<http://ids.clld.org/values/11-210-174-1>		"utūdu"@mch	
"tad-kaer"@br	<http://ids.clld.org/values/2-610-183-1>		<http://ids.clld.org/parameters/2-610>		<http://ids.clld.org/values/2-610-174-1>		"wōdɨ̄mə"@mch	
"kelenn"@br	<http://ids.clld.org/values/17-250-183-3>		<http://ids.clld.org/parameters/17-250>		<http://ids.clld.org/values/17-250-174-1>		"-owānoma-"@mch	
"ti"@br	<http://ids.clld.org/values/7-120-183-1>		<http://ids.clld.org/parameters/7-120>		<http://ids.clld.org/values/7-120-174-1>		"mmā"@mch	
"nizez"@br	<http://ids.clld.org/values/2-540-183-1>		<http://ids.clld.org/parameters/2-540>		<http://ids.clld.org/values/2-540-174-1>		"hāse"@mch	
"hent"@br	<http://ids.clld.org/values/10-710-183-1>		<http://ids.clld.org/parameters/10-710>		<http://ids.clld.org/values/10-710-174-1>		"ə̄ma"@mch	
"gwaz"@br	<http://ids.clld.org/values/2-310-183-3>		<http://ids.clld.org/parameters/2-310>		<http://ids.clld.org/values/2-310-174-1>		"-ɲno"@mch	
"kaoter"@br	<http://ids.clld.org/values/5-260-183-1>		<http://ids.clld.org/parameters/5-260>		<http://ids.clld.org/values/5-260-174-1>		"ədinɲə"@mch	
"laɲchenn"@br	<http://ids.clld.org/values/4-260-183-5>		<http://ids.clld.org/parameters/4-260>		<http://ids.clld.org/values/4-260-174-1>		"ɲūdu"@mch	
"eren"@br	<http://ids.clld.org/values/9-160-183-3>		<http://ids.clld.org/parameters/9-160>		<http://ids.clld.org/values/9-160-174-1>		"imɨdɨ"@mch	
"kasolorenn"@br	<http://ids.clld.org/values/5-280-183-3>		<http://ids.clld.org/parameters/5-280>		<http://ids.clld.org/values/5-280-174-1>		"ʔtadī-yɨ"@mch	
"tra"@br	<http://ids.clld.org/values/11-180-183-1>		<http://ids.clld.org/parameters/11-180>		<http://ids.clld.org/values/11-180-174-1>		"k-ɨnnɨdɨʔ-komo"@mch	
"lein"@br	<http://ids.clld.org/values/12-330-183-1>		<http://ids.clld.org/parameters/12-330>		<http://ids.clld.org/values/12-330-174-1>		"akoiʔčaʔhɨdɨ"@mch	
"plah"@br	<http://ids.clld.org/values/2-220-183-3>		<http://ids.clld.org/parameters/2-220>		<http://ids.clld.org/values/2-220-174-1>		"wodi"@mch	
"ourz"@br	<http://ids.clld.org/values/3-730-183-1>		<http://ids.clld.org/parameters/3-730>		<http://ids.clld.org/values/3-730-174-1>		"hədēmu"@mch	
"kordenn"@br	<http://ids.clld.org/values/9-190-183-1>		<http://ids.clld.org/parameters/9-190>		<http://ids.clld.org/values/9-190-174-1>		"āʔto"@mch	
"pred"@br	<http://ids.clld.org/values/5-410-183-1>		<http://ids.clld.org/parameters/5-410>		<http://ids.clld.org/values/5-410-174-1>		"əwainši"@mch	
"koumoulenn"@br	<http://ids.clld.org/values/1-730-183-3>		<http://ids.clld.org/parameters/1-730>		<http://ids.clld.org/values/1-730-174-1>		"kāʔdutu"@mch	
"higenn"@br	<http://ids.clld.org/values/20-520-183-1>		<http://ids.clld.org/parameters/20-520>		<http://ids.clld.org/values/20-520-174-1>		"anə̄tə"@mch	
"gouelediɲ"@br	<http://ids.clld.org/values/10-330-183-1>		<http://ids.clld.org/parameters/10-330>		<http://ids.clld.org/values/10-330-174-1>		"yehuʔkwai"@mch	
"dor"@br	<http://ids.clld.org/values/7-220-183-1>		<http://ids.clld.org/parameters/7-220>		<http://ids.clld.org/values/7-220-174-1>		"mɨnātata"@mch	
"a-uz"@br	<http://ids.clld.org/values/12-80-183-1>		<http://ids.clld.org/parameters/12-80>		<http://ids.clld.org/values/12-80-174-1>		"kawə̄"@mch	
"pez"@br	<http://ids.clld.org/values/7-210-183-1>		<http://ids.clld.org/parameters/7-210>		<http://ids.clld.org/values/7-210-174-1>		"əʔsa"@mch	
"boked"@br	<http://ids.clld.org/values/8-570-183-1>		<http://ids.clld.org/parameters/8-570>		<http://ids.clld.org/values/8-570-174-1>		"čə̄hɨdɨ"@mch	
"maiz"@br	<http://ids.clld.org/values/8-470-183-3>		<http://ids.clld.org/parameters/8-470>		<http://ids.clld.org/values/8-470-174-1>		"ənɲa"@mch	
"tintin"@br	<http://ids.clld.org/values/2-520-183-5>		<http://ids.clld.org/parameters/2-520>		<http://ids.clld.org/values/2-520-174-1>		"waynɲeʔney"@mch	
"ebarz"@br	<http://ids.clld.org/values/12-50-183-3>		<http://ids.clld.org/parameters/12-50>		<http://ids.clld.org/values/12-50-174-3>		"anwaʔka"@mch	
"ebarz"@br	<http://ids.clld.org/values/12-50-183-3>		<http://ids.clld.org/parameters/12-50>		<http://ids.clld.org/values/12-50-174-1>		"aʔka"@mch	
"jave"@br	<http://ids.clld.org/values/4-400-183-1>		<http://ids.clld.org/parameters/4-400>		<http://ids.clld.org/values/4-400-174-1>		"dōʔta"@mch	
"maouez"@br	<http://ids.clld.org/values/2-240-183-1>		<http://ids.clld.org/parameters/2-240>		<http://ids.clld.org/values/2-240-174-1>		"wodi"@mch	
"dehou"@br	<http://ids.clld.org/values/12-410-183-1>		<http://ids.clld.org/parameters/12-410>		<http://ids.clld.org/values/12-410-174-1>		"əmuʔdemhɨnɨ"@mch	
"tomm"@br	<http://ids.clld.org/values/15-850-183-1>		<http://ids.clld.org/parameters/15-850>		<http://ids.clld.org/values/15-850-174-1>		"taʔne"@mch	
"ledan"@br	<http://ids.clld.org/values/12-610-183-1>		<http://ids.clld.org/parameters/12-610>		<http://ids.clld.org/values/12-610-174-1>		"taʔhuhūne"@mch	
"ki"@br	<http://ids.clld.org/values/3-610-183-1>		<http://ids.clld.org/parameters/3-610>		<http://ids.clld.org/values/3-610-174-1>		"sɨ̄ʔna"@mch	
"pegoulz? peur? pevare? pedavare?"@br	<http://ids.clld.org/values/17-650-183-1>		<http://ids.clld.org/parameters/17-650>		<http://ids.clld.org/values/17-650-174-1>		"əičənnāwəkə"@mch	
"kov-kar"@br	<http://ids.clld.org/values/4-352-183-1>		<http://ids.clld.org/parameters/4-352>		<http://ids.clld.org/values/4-352-174-1>		"hōde"@mch	
"teod"@br	<http://ids.clld.org/values/4-260-183-1>		<http://ids.clld.org/parameters/4-260>		<http://ids.clld.org/values/4-260-174-1>		"ɲūdu"@mch	
"gweled"@br	<http://ids.clld.org/values/15-510-183-1>		<http://ids.clld.org/parameters/15-510>		<http://ids.clld.org/values/15-510-174-1>		"ene-dɨ"@mch	
"marharid-gouzoug-hir"@br	<http://ids.clld.org/values/3-583-183-1>		<http://ids.clld.org/parameters/3-583>		<http://ids.clld.org/values/3-583-174-1>		"tadāya"@mch	
"goull"@br	<http://ids.clld.org/values/18-310-183-3>		<http://ids.clld.org/parameters/18-310>		<http://ids.clld.org/values/18-310-174-1>		"-ekammaho-"@mch	
"lamm dour"@br	<http://ids.clld.org/values/1-390-183-1>		<http://ids.clld.org/parameters/1-390>		<http://ids.clld.org/values/1-390-174-1>		"yedukadɨ"@mch	
"preg"@br	<http://ids.clld.org/values/18-210-183-7>		<http://ids.clld.org/parameters/18-210>		<http://ids.clld.org/values/18-210-174-1>		"w-aʔdew-nə"@mch	
"louzou"@br	<http://ids.clld.org/values/4-880-183-1>		<http://ids.clld.org/parameters/4-880>		<http://ids.clld.org/values/4-880-174-1>		"əhi"@mch	
"ya"@br	<http://ids.clld.org/values/17-550-183-1>		<http://ids.clld.org/parameters/17-550>		<http://ids.clld.org/values/17-550-174-3>		"mmhm"@mch	
"ya"@br	<http://ids.clld.org/values/17-550-183-1>		<http://ids.clld.org/parameters/17-550>		<http://ids.clld.org/values/17-550-174-1>		"ʔeee"@mch	
"alumiɲ"@br	<http://ids.clld.org/values/1-860-183-3>		<http://ids.clld.org/parameters/1-860>		<http://ids.clld.org/values/1-860-174-1>		"-kemetə-"@mch	
"spered"@br	<http://ids.clld.org/values/16-110-183-3>		<http://ids.clld.org/parameters/16-110>		<http://ids.clld.org/values/16-110-174-1>		"dōʔta"@mch	
"bezaɲ ganet"@br	<http://ids.clld.org/values/4-720-183-1>		<http://ids.clld.org/parameters/4-720>		<http://ids.clld.org/values/4-720-174-1>		"w-ennu-nə"@mch	
"melezour"@br	<http://ids.clld.org/values/6-960-183-1>		<http://ids.clld.org/parameters/6-960>		<http://ids.clld.org/values/6-960-174-1>		"hekūde"@mch	
"buan"@br	<http://ids.clld.org/values/14-210-183-1>		<http://ids.clld.org/parameters/14-210>		<http://ids.clld.org/values/14-210-174-1>		"tamhə̄ʔne"@mch	
"perag? abelamour de betra?"@br	<http://ids.clld.org/values/17-690-183-1>		<http://ids.clld.org/parameters/17-690>		<http://ids.clld.org/values/17-690-174-1>		"ākene yeihəkə"@mch	
"ugent"@br	<http://ids.clld.org/values/13-104-183-1>		<http://ids.clld.org/parameters/13-104>		<http://ids.clld.org/values/13-104-174-1>		"tōni ssoto"@mch	
"ouela"@br	<http://ids.clld.org/values/16-370-183-3>		<http://ids.clld.org/parameters/16-370>		<http://ids.clld.org/values/16-370-174-1>		"w-amo-nə"@mch	
"nao"@br	<http://ids.clld.org/values/13-90-183-1>		<http://ids.clld.org/parameters/13-90>		<http://ids.clld.org/values/13-90-174-1>		"āʔkəi čea amohaʔto"@mch	
"kavell"@br	<http://ids.clld.org/values/9-760-183-3>		<http://ids.clld.org/parameters/9-760>		<http://ids.clld.org/values/9-760-174-1>		"wɨ̄wa"@mch	
"c’hweh"@br	<http://ids.clld.org/values/13-60-183-1>		<http://ids.clld.org/parameters/13-60>		<http://ids.clld.org/values/13-60-174-1>		"tōni amohaʔto"@mch	
"pod-houarn"@br	<http://ids.clld.org/values/5-260-183-3>		<http://ids.clld.org/parameters/5-260>		<http://ids.clld.org/values/5-260-174-1>		"ədinɲə"@mch	
"chaɲch"@br	<http://ids.clld.org/values/12-930-183-3>		<http://ids.clld.org/parameters/12-930>		<http://ids.clld.org/values/12-930-174-1>		"w-ekamhiaka-nə"@mch	
"terriɲ"@br	<http://ids.clld.org/values/9-260-183-1>		<http://ids.clld.org/parameters/9-260>		<http://ids.clld.org/values/9-260-174-1>		"-išiča-dɨ"@mch	
"mignon"@br	<http://ids.clld.org/values/19-510-183-1>		<http://ids.clld.org/parameters/19-510>		<http://ids.clld.org/values/19-510-174-1>		"weičakōno"@mch	
"diaoul"@br	<http://ids.clld.org/values/22-350-183-1>		<http://ids.clld.org/parameters/22-350>		<http://ids.clld.org/values/22-350-174-1>		"kahūšawa"@mch	
"goude"@br	<http://ids.clld.org/values/12-10-183-1>		<http://ids.clld.org/parameters/12-10>		<http://ids.clld.org/values/12-10-174-1>		"yə̄ʔhəhe"@mch	
"chom war horre an dour"@br	<http://ids.clld.org/values/10-340-183-1>		<http://ids.clld.org/parameters/10-340>		<http://ids.clld.org/values/10-340-174-1>		"tɨtāwaʔta"@mch	
"kozeal"@br	<http://ids.clld.org/values/18-210-183-3>		<http://ids.clld.org/parameters/18-210>		<http://ids.clld.org/values/18-210-174-1>		"w-aʔdew-nə"@mch	
"eɲ/ hi"@br	<http://ids.clld.org/values/2-930-183-3>		<http://ids.clld.org/parameters/2-930>		<http://ids.clld.org/values/2-930-174-1>		"tɨwɨ"@mch	
"koll"@br	<http://ids.clld.org/values/11-330-183-1>		<http://ids.clld.org/parameters/11-330>		<http://ids.clld.org/values/11-330-174-1>		"w-ənnanɨʔ-nə"@mch	
"kenderv"@br	<http://ids.clld.org/values/2-550-183-1>		<http://ids.clld.org/parameters/2-550>		<http://ids.clld.org/values/2-550-174-1>		"waiɲe"@mch	
"kenderv"@br	<http://ids.clld.org/values/2-550-183-1>		<http://ids.clld.org/parameters/2-550>		<http://ids.clld.org/values/2-550-174-3>		"yāʔko"@mch	
"gweskleɲv"@br	<http://ids.clld.org/values/3-950-183-3>		<http://ids.clld.org/parameters/3-950>		<http://ids.clld.org/values/3-950-174-1>		"kɨʔto"@mch	
"kog-raden"@br	<http://ids.clld.org/values/3-930-183-1>		<http://ids.clld.org/parameters/3-930>		<http://ids.clld.org/values/3-930-174-1>		"kɨdatay"@mch	
"ni"@br	<http://ids.clld.org/values/2-530-183-3>		<http://ids.clld.org/parameters/2-530>		<http://ids.clld.org/values/2-530-174-1>		"honɨ"@mch	
"ni"@br	<http://ids.clld.org/values/2-530-183-3>		<http://ids.clld.org/parameters/2-530>		<http://ids.clld.org/values/2-530-174-3>		"honɨ-kə"@mch	
"fri"@br	<http://ids.clld.org/values/4-230-183-1>		<http://ids.clld.org/parameters/4-230>		<http://ids.clld.org/values/4-230-174-1>		"ənna"@mch	
"glin"@br	<http://ids.clld.org/values/4-360-183-1>		<http://ids.clld.org/parameters/4-360>		<http://ids.clld.org/values/4-360-174-1>		"ə̄ʔmu"@mch	
"skeul"@br	<http://ids.clld.org/values/7-370-183-1>		<http://ids.clld.org/parameters/7-370>		<http://ids.clld.org/values/7-370-174-1>		"inɲahuʔtahə"@mch	
"breur bihan"@br	<http://ids.clld.org/values/2-445-183-1>		<http://ids.clld.org/parameters/2-445>		<http://ids.clld.org/values/2-445-174-1>		"šīʔčɨ"@mch	
"trap"@br	<http://ids.clld.org/values/20-640-183-3>		<http://ids.clld.org/parameters/20-640>		<http://ids.clld.org/values/20-640-174-1>		"hāno"@mch	
"mihi"@br	<http://ids.clld.org/values/4-232-183-1>		<http://ids.clld.org/parameters/4-232>		<http://ids.clld.org/values/4-232-174-1>		"ənuʔtə"@mch	
"liorz"@br	<http://ids.clld.org/values/8-130-183-1>		<http://ids.clld.org/parameters/8-130>		<http://ids.clld.org/values/8-130-174-1>		"awdwāhə"@mch	
"daou"@br	<http://ids.clld.org/values/13-20-183-1>		<http://ids.clld.org/parameters/13-20>		<http://ids.clld.org/values/13-20-174-1>		"āʔkə"@mch	
"druzoni"@br	<http://ids.clld.org/values/5-791-183-1>		<http://ids.clld.org/parameters/5-791>		<http://ids.clld.org/values/5-791-174-1>		"kātɨ"@mch	
"kreiz"@br	<http://ids.clld.org/values/12-370-183-1>		<http://ids.clld.org/parameters/12-370>		<http://ids.clld.org/values/12-370-174-1>		"annai"@mch	
"flour"@br	<http://ids.clld.org/values/15-770-183-1>		<http://ids.clld.org/parameters/15-770>		<http://ids.clld.org/values/15-770-174-1>		"tɨwansuʔde"@mch	
"diou"@br	<http://ids.clld.org/values/13-20-183-3>		<http://ids.clld.org/parameters/13-20>		<http://ids.clld.org/values/13-20-174-1>		"āʔkə"@mch	
