"krachad"@br	<http://ids.clld.org/values/4-560-183-5>		<http://ids.clld.org/parameters/4-560>		<http://ids.clld.org/values/4-560-286-1>		"hupaʔ"@pav	
"den"@br	<http://ids.clld.org/values/2-100-183-1>		<http://ids.clld.org/parameters/2-100>		<http://ids.clld.org/values/2-100-286-1>		"wariʔ"@pav	
"nevez"@br	<http://ids.clld.org/values/14-130-183-1>		<http://ids.clld.org/parameters/14-130>		<http://ids.clld.org/values/14-130-286-1>		"šokori"@pav	
"frotaɲ"@br	<http://ids.clld.org/values/9-310-183-1>		<http://ids.clld.org/parameters/9-310>		<http://ids.clld.org/values/9-310-286-1>		"šik"@pav	
"richer"@br	<http://ids.clld.org/values/1-360-183-3>		<http://ids.clld.org/parameters/1-360>		<http://ids.clld.org/values/1-360-286-1>		"kom"@pav	
"buhez"@br	<http://ids.clld.org/values/4-740-183-5>		<http://ids.clld.org/parameters/4-740>		<http://ids.clld.org/values/4-740-286-1>		"eʔ"@pav	
"loen"@br	<http://ids.clld.org/values/3-110-183-1>		<http://ids.clld.org/parameters/3-110>		<http://ids.clld.org/values/3-110-286-1>		"karawa"@pav	
"ruillal"@br	<http://ids.clld.org/values/10-320-183-1>		<http://ids.clld.org/parameters/10-320>		<http://ids.clld.org/values/10-320-286-3>		"weweweo"@pav	
"ruillal"@br	<http://ids.clld.org/values/10-320-183-1>		<http://ids.clld.org/parameters/10-320>		<http://ids.clld.org/values/10-320-286-1>		"weo"@pav	
"evaɲ"@br	<http://ids.clld.org/values/5-130-183-1>		<http://ids.clld.org/parameters/5-130>		<http://ids.clld.org/values/5-130-286-1>		"tok"@pav	
"evaɲ"@br	<http://ids.clld.org/values/5-130-183-1>		<http://ids.clld.org/parameters/5-130>		<http://ids.clld.org/values/5-130-286-3>		"tototok"@pav	
"krec’h"@br	<http://ids.clld.org/values/1-220-183-3>		<http://ids.clld.org/parameters/1-220>		<http://ids.clld.org/values/1-220-286-1>		"pakun"@pav	
"yeot"@br	<http://ids.clld.org/values/8-510-183-3>		<http://ids.clld.org/parameters/8-510>		<http://ids.clld.org/values/8-510-286-1>		"tononoin"@pav	
"poulzaɲ"@br	<http://ids.clld.org/values/10-670-183-1>		<http://ids.clld.org/parameters/10-670>		<http://ids.clld.org/values/10-670-286-1>		"yök"@pav	
"mamm"@br	<http://ids.clld.org/values/2-360-183-1>		<http://ids.clld.org/parameters/2-360>		<http://ids.clld.org/values/2-360-286-1>		"naʔ"@pav	
"diwaskaɲ"@br	<http://ids.clld.org/values/9-343-183-1>		<http://ids.clld.org/parameters/9-343>		<http://ids.clld.org/values/9-343-286-1>		"humʔ"@pav	
"kanaɲ"@br	<http://ids.clld.org/values/18-120-183-1>		<http://ids.clld.org/parameters/18-120>		<http://ids.clld.org/values/18-120-286-1>		"kom"@pav	
"koler"@br	<http://ids.clld.org/values/16-420-183-1>		<http://ids.clld.org/parameters/16-420>		<http://ids.clld.org/values/16-420-286-1>		"manaʔ"@pav	
"deiz"@br	<http://ids.clld.org/values/14-410-183-1>		<http://ids.clld.org/parameters/14-410>		<http://ids.clld.org/values/14-410-286-1>		"šek"@pav	
"heol"@br	<http://ids.clld.org/values/1-520-183-1>		<http://ids.clld.org/parameters/1-520>		<http://ids.clld.org/values/1-520-286-1>		"šina"@pav	
"c’hwi"@br	<http://ids.clld.org/values/2-950-183-1>		<http://ids.clld.org/parameters/2-950>		<http://ids.clld.org/values/2-950-286-1>		"wahuʔ"@pav	
"c’hoarzin"@br	<http://ids.clld.org/values/16-250-183-1>		<http://ids.clld.org/parameters/16-250>		<http://ids.clld.org/values/16-250-286-1>		"tatamʔ"@pav	
"c’hoarzin"@br	<http://ids.clld.org/values/16-250-183-1>		<http://ids.clld.org/parameters/16-250>		<http://ids.clld.org/values/16-250-286-3>		"katamʔ"@pav	
"i"@br	<http://ids.clld.org/values/2-960-183-1>		<http://ids.clld.org/parameters/2-960>		<http://ids.clld.org/values/2-960-286-1>		"karam maʔ"@pav	
"drebi"@br	<http://ids.clld.org/values/5-110-183-3>		<http://ids.clld.org/parameters/5-110>		<http://ids.clld.org/values/5-110-286-1>		"kaoʔ"@pav	
"drebi"@br	<http://ids.clld.org/values/5-110-183-3>		<http://ids.clld.org/parameters/5-110>		<http://ids.clld.org/values/5-110-286-3>		"kakakaoʔ"@pav	
"gwezenn"@br	<http://ids.clld.org/values/8-600-183-1>		<http://ids.clld.org/parameters/8-600>		<http://ids.clld.org/values/8-600-286-1>		"pana"@pav	
"teo"@br	<http://ids.clld.org/values/12-630-183-1>		<http://ids.clld.org/parameters/12-630>		<http://ids.clld.org/values/12-630-286-1>		"kwere"@pav	
"aon"@br	<http://ids.clld.org/values/16-530-183-1>		<http://ids.clld.org/parameters/16-530>		<http://ids.clld.org/values/16-530-286-1>		"yinʔ"@pav	
"kalon"@br	<http://ids.clld.org/values/4-440-183-1>		<http://ids.clld.org/parameters/4-440>		<http://ids.clld.org/values/4-440-286-1>		"šimišiʔ (šim)"@pav	
"gwriad"@br	<http://ids.clld.org/values/6-350-183-1>		<http://ids.clld.org/parameters/6-350>		<http://ids.clld.org/values/6-350-286-1>		"ok"@pav	
"holen"@br	<http://ids.clld.org/values/5-810-183-1>		<http://ids.clld.org/parameters/5-810>		<http://ids.clld.org/values/5-810-286-1>		"[sal]"@pav	
"gwaz"@br	<http://ids.clld.org/values/2-210-183-1>		<http://ids.clld.org/parameters/2-210>		<http://ids.clld.org/values/2-210-286-1>		"taramaʔ"@pav	
"dant"@br	<http://ids.clld.org/values/4-270-183-1>		<http://ids.clld.org/parameters/4-270>		<http://ids.clld.org/values/4-270-286-1>		"šišiʔ (yat)"@pav	
"tano"@br	<http://ids.clld.org/values/12-650-183-1>		<http://ids.clld.org/parameters/12-650>		<http://ids.clld.org/values/12-650-286-1>		"šašiʔ"@pav	
"eun banne"@br	<http://ids.clld.org/values/13-181-183-5>		<http://ids.clld.org/parameters/13-181>		<http://ids.clld.org/values/13-181-286-1>		"arakaʔ"@pav	
"suna"@br	<http://ids.clld.org/values/5-160-183-1>		<http://ids.clld.org/parameters/5-160>		<http://ids.clld.org/values/5-160-286-1>		"šok"@pav	
"suna"@br	<http://ids.clld.org/values/5-160-183-1>		<http://ids.clld.org/parameters/5-160>		<http://ids.clld.org/values/5-160-286-3>		"šak"@pav	
"lusenn"@br	<http://ids.clld.org/values/1-740-183-3>		<http://ids.clld.org/parameters/1-740>		<http://ids.clld.org/values/1-740-286-1>		"murukukuʔ"@pav	
"kig"@br	<http://ids.clld.org/values/5-610-183-1>		<http://ids.clld.org/parameters/5-610>		<http://ids.clld.org/values/5-610-286-1>		"karawa (karamayišiʔ)"@pav	
"leiz"@br	<http://ids.clld.org/values/15-830-183-3>		<http://ids.clld.org/parameters/15-830>		<http://ids.clld.org/values/15-830-286-1>		"šoʔ"@pav	
"gwaz"@br	<http://ids.clld.org/values/2-230-183-1>		<http://ids.clld.org/parameters/2-230>		<http://ids.clld.org/values/2-230-286-1>		"taramaʔ"@pav	
"lagad"@br	<http://ids.clld.org/values/4-210-183-1>		<http://ids.clld.org/parameters/4-210>		<http://ids.clld.org/values/4-210-286-1>		"tokošiʔ (tok)"@pav	
"du"@br	<http://ids.clld.org/values/15-650-183-1>		<http://ids.clld.org/parameters/15-650>		<http://ids.clld.org/values/15-650-286-1>		"mišem"@pav	
"oabl"@br	<http://ids.clld.org/values/1-510-183-1>		<http://ids.clld.org/parameters/1-510>		<http://ids.clld.org/values/1-510-286-1>		"nanawin"@pav	
"darhao"@br	<http://ids.clld.org/values/10-250-183-5>		<http://ids.clld.org/parameters/10-250>		<http://ids.clld.org/values/10-250-286-3>		"wišikaoʔ"@pav	
"darhao"@br	<http://ids.clld.org/values/10-250-183-5>		<http://ids.clld.org/parameters/10-250>		<http://ids.clld.org/values/10-250-286-1>		"šin"@pav	
"rond"@br	<http://ids.clld.org/values/12-810-183-1>		<http://ids.clld.org/parameters/12-810>		<http://ids.clld.org/values/12-810-286-1>		"monoʔo"@pav	
"pluenn"@br	<http://ids.clld.org/values/4-393-183-1>		<http://ids.clld.org/parameters/4-393>		<http://ids.clld.org/values/4-393-286-1>		"tenenein (šun)"@pav	
"ru"@br	<http://ids.clld.org/values/15-660-183-3>		<http://ids.clld.org/parameters/15-660>		<http://ids.clld.org/values/15-660-286-1>		"pakaʔ"@pav	
"anoued"@br	<http://ids.clld.org/values/15-860-183-5>		<http://ids.clld.org/parameters/15-860>		<http://ids.clld.org/values/15-860-286-1>		"šio"@pav	
"anoued"@br	<http://ids.clld.org/values/15-860-183-5>		<http://ids.clld.org/parameters/15-860>		<http://ids.clld.org/values/15-860-286-3>		"kapinʔ"@pav	
"gwalhiɲ"@br	<http://ids.clld.org/values/9-360-183-1>		<http://ids.clld.org/parameters/9-360>		<http://ids.clld.org/values/9-360-286-3>		"toʔ"@pav	
"gwalhiɲ"@br	<http://ids.clld.org/values/9-360-183-1>		<http://ids.clld.org/parameters/9-360>		<http://ids.clld.org/values/9-360-286-1>		"hohok"@pav	
"yen"@br	<http://ids.clld.org/values/15-860-183-1>		<http://ids.clld.org/parameters/15-860>		<http://ids.clld.org/values/15-860-286-1>		"šio"@pav	
"yen"@br	<http://ids.clld.org/values/15-860-183-1>		<http://ids.clld.org/parameters/15-860>		<http://ids.clld.org/values/15-860-286-3>		"kapinʔ"@pav	
"bara zegal"@br	<http://ids.clld.org/values/4-450-183-3>		<http://ids.clld.org/parameters/4-450>		<http://ids.clld.org/values/4-450-286-1>		"tarawanašiʔ (tarawan)"@pav	
"kouezaɲ"@br	<http://ids.clld.org/values/10-230-183-1>		<http://ids.clld.org/parameters/10-230>		<http://ids.clld.org/values/10-230-286-3>		"kamaraʔ"@pav	
"kouezaɲ"@br	<http://ids.clld.org/values/10-230-183-1>		<http://ids.clld.org/parameters/10-230>		<http://ids.clld.org/values/10-230-286-1>		"panʔ"@pav	
"lahaɲ"@br	<http://ids.clld.org/values/4-760-183-3>		<http://ids.clld.org/parameters/4-760>		<http://ids.clld.org/values/4-760-286-1>		"paʔ"@pav	
"heɲ/ hi"@br	<http://ids.clld.org/values/2-930-183-1>		<http://ids.clld.org/parameters/2-930>		<http://ids.clld.org/values/2-930-286-1>		"ko maʔ"@pav	
"gouzoud"@br	<http://ids.clld.org/values/17-170-183-1>		<http://ids.clld.org/parameters/17-170>		<http://ids.clld.org/values/17-170-286-1>		"tašiʔ"@pav	
"gouzoud"@br	<http://ids.clld.org/values/17-170-183-1>		<http://ids.clld.org/parameters/17-170>		<http://ids.clld.org/values/17-170-286-3>		"kerek"@pav	
"gouzoud"@br	<http://ids.clld.org/values/17-170-183-1>		<http://ids.clld.org/parameters/17-170>		<http://ids.clld.org/values/17-170-286-5>		"kerek pinʔ"@pav	
"poucher"@br	<http://ids.clld.org/values/1-213-183-3>		<http://ids.clld.org/parameters/1-213>		<http://ids.clld.org/values/1-213-286-1>		"tainʔ"@pav	
"tan"@br	<http://ids.clld.org/values/1-810-183-1>		<http://ids.clld.org/parameters/1-810>		<http://ids.clld.org/values/1-810-286-1>		"še"@pav	
"dour"@br	<http://ids.clld.org/values/1-310-183-1>		<http://ids.clld.org/parameters/1-310>		<http://ids.clld.org/values/1-310-286-1>		"kom (komišiʔ)"@pav	
"lost"@br	<http://ids.clld.org/values/4-180-183-1>		<http://ids.clld.org/parameters/4-180>		<http://ids.clld.org/values/4-180-286-1>		"kahwerein"@pav	
"traez"@br	<http://ids.clld.org/values/1-215-183-1>		<http://ids.clld.org/parameters/1-215>		<http://ids.clld.org/values/1-215-286-1>		"namayi"@pav	
"maouez"@br	<http://ids.clld.org/values/2-220-183-1>		<http://ids.clld.org/parameters/2-220>		<http://ids.clld.org/values/2-220-286-1>		"narimaʔ"@pav	
"beg"@br	<http://ids.clld.org/values/4-240-183-3>		<http://ids.clld.org/parameters/4-240>		<http://ids.clld.org/values/4-240-286-1>		"kapiyašiʔ (topak)"@pav	
"nebeud"@br	<http://ids.clld.org/values/13-170-183-1>		<http://ids.clld.org/parameters/13-170>		<http://ids.clld.org/values/13-170-286-1>		"parek"@pav	
"c’hoalen"@br	<http://ids.clld.org/values/5-810-183-5>		<http://ids.clld.org/parameters/5-810>		<http://ids.clld.org/values/5-810-286-1>		"[sal]"@pav	
"faoutaɲ"@br	<http://ids.clld.org/values/9-270-183-1>		<http://ids.clld.org/parameters/9-270>		<http://ids.clld.org/values/9-270-286-1>		"toʔ pahot"@pav	
"faoutaɲ"@br	<http://ids.clld.org/values/9-270-183-1>		<http://ids.clld.org/parameters/9-270>		<http://ids.clld.org/values/9-270-286-3>		"toʔ pahorohot"@pav	
"fun"@br	<http://ids.clld.org/values/9-190-183-3>		<http://ids.clld.org/parameters/9-190>		<http://ids.clld.org/values/9-190-286-1>		"makon (makorišiʔ)"@pav	
"braz"@br	<http://ids.clld.org/values/12-550-183-1>		<http://ids.clld.org/parameters/12-550>		<http://ids.clld.org/values/12-550-286-1>		"hwaraʔ"@pav	
"braz"@br	<http://ids.clld.org/values/12-550-183-1>		<http://ids.clld.org/parameters/12-550>		<http://ids.clld.org/values/12-550-286-3>		"horon"@pav	
"lenn"@br	<http://ids.clld.org/values/1-330-183-1>		<http://ids.clld.org/parameters/1-330>		<http://ids.clld.org/values/1-330-286-1>		"šuteremʔ"@pav	
"hir"@br	<http://ids.clld.org/values/12-570-183-1>		<http://ids.clld.org/parameters/12-570>		<http://ids.clld.org/values/12-570-286-1>		"matam"@pav	
"lourd"@br	<http://ids.clld.org/values/15-810-183-3>		<http://ids.clld.org/parameters/15-810>		<http://ids.clld.org/values/15-810-286-3>		"taʔ man"@pav	
"lourd"@br	<http://ids.clld.org/values/15-810-183-3>		<http://ids.clld.org/parameters/15-810>		<http://ids.clld.org/values/15-810-286-1>		"šite"@pav	
"lourd"@br	<http://ids.clld.org/values/15-810-183-3>		<http://ids.clld.org/parameters/15-810>		<http://ids.clld.org/values/15-810-286-5>		"teʔ man"@pav	
"bloaz"@br	<http://ids.clld.org/values/14-730-183-1>		<http://ids.clld.org/parameters/14-730>		<http://ids.clld.org/values/14-730-286-1>		"kawašiʔ"@pav	
"mond en e zoazez"@br	<http://ids.clld.org/values/12-130-183-3>		<http://ids.clld.org/parameters/12-130>		<http://ids.clld.org/values/12-130-286-1>		"šaoʔ pe"@pav	
"mond en e zoazez"@br	<http://ids.clld.org/values/12-130-183-3>		<http://ids.clld.org/parameters/12-130>		<http://ids.clld.org/values/12-130-286-3>		"šaoʔ to"@pav	
"bomisaɲ"@br	<http://ids.clld.org/values/4-570-183-3>		<http://ids.clld.org/parameters/4-570>		<http://ids.clld.org/values/4-570-286-1>		"weʔ"@pav	
"skouarn"@br	<http://ids.clld.org/values/4-220-183-1>		<http://ids.clld.org/parameters/4-220>		<http://ids.clld.org/values/4-220-286-1>		"tara-yišiʔ (taraʔ)"@pav	
"me"@br	<http://ids.clld.org/values/2-910-183-1>		<http://ids.clld.org/parameters/2-910>		<http://ids.clld.org/values/2-910-286-1>		"wataʔ"@pav	
"skoiɲ"@br	<http://ids.clld.org/values/9-210-183-3>		<http://ids.clld.org/parameters/9-210>		<http://ids.clld.org/values/9-210-286-1>		"toʔ"@pav	
"pluskenn"@br	<http://ids.clld.org/values/8-750-183-1>		<http://ids.clld.org/parameters/8-750>		<http://ids.clld.org/values/8-750-286-1>		"tapari"@pav	
"treiɲ"@br	<http://ids.clld.org/values/10-130-183-1>		<http://ids.clld.org/parameters/10-130>		<http://ids.clld.org/values/10-130-286-1>		"yami"@pav	
"trohaɲ"@br	<http://ids.clld.org/values/9-220-183-1>		<http://ids.clld.org/parameters/9-220>		<http://ids.clld.org/values/9-220-286-7>		"nakarkamʔ"@pav	
"trohaɲ"@br	<http://ids.clld.org/values/9-220-183-1>		<http://ids.clld.org/parameters/9-220>		<http://ids.clld.org/values/9-220-286-3>		"wawak"@pav	
"trohaɲ"@br	<http://ids.clld.org/values/9-220-183-1>		<http://ids.clld.org/parameters/9-220>		<http://ids.clld.org/values/9-220-286-9>		"ta"@pav	
"trohaɲ"@br	<http://ids.clld.org/values/9-220-183-1>		<http://ids.clld.org/parameters/9-220>		<http://ids.clld.org/values/9-220-286-5>		"nakamʔ"@pav	
"trohaɲ"@br	<http://ids.clld.org/values/9-220-183-1>		<http://ids.clld.org/parameters/9-220>		<http://ids.clld.org/values/9-220-286-1>		"wak"@pav	
"komz"@br	<http://ids.clld.org/values/18-210-183-1>		<http://ids.clld.org/parameters/18-210>		<http://ids.clld.org/values/18-210-286-1>		"tomiʔ"@pav	
"poultr"@br	<http://ids.clld.org/values/1-213-183-1>		<http://ids.clld.org/parameters/1-213>		<http://ids.clld.org/values/1-213-286-1>		"tainʔ"@pav	
"chaseal"@br	<http://ids.clld.org/values/20-610-183-1>		<http://ids.clld.org/parameters/20-610>		<http://ids.clld.org/values/20-610-286-1>		"yiʔam"@pav	
"anal"@br	<http://ids.clld.org/values/4-510-183-5>		<http://ids.clld.org/parameters/4-510>		<http://ids.clld.org/values/4-510-286-1>		"wereme"@pav	
"toud"@br	<http://ids.clld.org/values/13-140-183-3>		<http://ids.clld.org/parameters/13-140>		<http://ids.clld.org/values/13-140-286-1>		"šam"@pav	
"koabrenn"@br	<http://ids.clld.org/values/1-730-183-1>		<http://ids.clld.org/parameters/1-730>		<http://ids.clld.org/values/1-730-286-1>		"tayain nanawin"@pav	
"gar"@br	<http://ids.clld.org/values/4-350-183-1>		<http://ids.clld.org/parameters/4-350>		<http://ids.clld.org/values/4-350-286-1>		"pišiyašiʔ"@pav	
"gar"@br	<http://ids.clld.org/values/4-350-183-1>		<http://ids.clld.org/parameters/4-350>		<http://ids.clld.org/values/4-350-286-3>		"kokošiʔ"@pav	
"gwad"@br	<http://ids.clld.org/values/4-150-183-1>		<http://ids.clld.org/parameters/4-150>		<http://ids.clld.org/values/4-150-286-1>		"kišiʔ (wik)"@pav	
"soɲjal"@br	<http://ids.clld.org/values/17-130-183-1>		<http://ids.clld.org/parameters/17-130>		<http://ids.clld.org/values/17-130-286-1>		"koromikat"@pav	
"klouar"@br	<http://ids.clld.org/values/15-851-183-1>		<http://ids.clld.org/parameters/15-851>		<http://ids.clld.org/values/15-851-286-3>		"nonoe"@pav	
"klouar"@br	<http://ids.clld.org/values/15-851-183-1>		<http://ids.clld.org/parameters/15-851>		<http://ids.clld.org/values/15-851-286-1>		"šain"@pav	
"steredenn"@br	<http://ids.clld.org/values/1-540-183-1>		<http://ids.clld.org/parameters/1-540>		<http://ids.clld.org/values/1-540-286-1>		"piyoʔ"@pav	
"te"@br	<http://ids.clld.org/values/2-920-183-1>		<http://ids.clld.org/parameters/2-920>		<http://ids.clld.org/values/2-920-286-1>		"wum"@pav	
"klask"@br	<http://ids.clld.org/values/11-310-183-1>		<http://ids.clld.org/parameters/11-310>		<http://ids.clld.org/values/11-310-286-1>		"noro"@pav	
"kannaɲ"@br	<http://ids.clld.org/values/9-360-183-3>		<http://ids.clld.org/parameters/9-360>		<http://ids.clld.org/values/9-360-286-3>		"toʔ"@pav	
"kannaɲ"@br	<http://ids.clld.org/values/9-360-183-3>		<http://ids.clld.org/parameters/9-360>		<http://ids.clld.org/values/9-360-286-1>		"hohok"@pav	
"penn"@br	<http://ids.clld.org/values/4-200-183-1>		<http://ids.clld.org/parameters/4-200>		<http://ids.clld.org/values/4-200-286-1>		"winašiʔ (wayiʔ)"@pav	
"gleb"@br	<http://ids.clld.org/values/15-830-183-1>		<http://ids.clld.org/parameters/15-830>		<http://ids.clld.org/values/15-830-286-1>		"šoʔ"@pav	
"umid"@br	<http://ids.clld.org/values/15-830-183-5>		<http://ids.clld.org/parameters/15-830>		<http://ids.clld.org/values/15-830-286-1>		"šoʔ"@pav	
"en em gannaɲ"@br	<http://ids.clld.org/values/20-110-183-1>		<http://ids.clld.org/parameters/20-110>		<http://ids.clld.org/values/20-110-286-1>		"mišita"@pav	
"frouezenn"@br	<http://ids.clld.org/values/5-710-183-1>		<http://ids.clld.org/parameters/5-710>		<http://ids.clld.org/values/5-710-286-3>		"winain"@pav	
"frouezenn"@br	<http://ids.clld.org/values/5-710-183-1>		<http://ids.clld.org/parameters/5-710>		<http://ids.clld.org/values/5-710-286-1>		"memem"@pav	
"stank"@br	<http://ids.clld.org/values/1-330-183-5>		<http://ids.clld.org/parameters/1-330>		<http://ids.clld.org/values/1-330-286-1>		"šuteremʔ"@pav	
"ruz"@br	<http://ids.clld.org/values/15-660-183-1>		<http://ids.clld.org/parameters/15-660>		<http://ids.clld.org/values/15-660-286-1>		"pakaʔ"@pav	
"fall"@br	<http://ids.clld.org/values/16-720-183-1>		<http://ids.clld.org/parameters/16-720>		<http://ids.clld.org/values/16-720-286-1>		"kayi"@pav	
"c’hoari"@br	<http://ids.clld.org/values/16-260-183-1>		<http://ids.clld.org/parameters/16-260>		<http://ids.clld.org/values/16-260-286-1>		"warayu"@pav	
"krigiɲ"@br	<http://ids.clld.org/values/4-580-183-1>		<http://ids.clld.org/parameters/4-580>		<http://ids.clld.org/values/4-580-286-1>		"kio"@pav	
"brein"@br	<http://ids.clld.org/values/5-125-183-1>		<http://ids.clld.org/parameters/5-125>		<http://ids.clld.org/values/5-125-286-1>		"šowuru"@pav	
"lemm"@br	<http://ids.clld.org/values/15-780-183-1>		<http://ids.clld.org/parameters/15-780>		<http://ids.clld.org/values/15-780-286-1>		"šaʔ"@pav	
"mor"@br	<http://ids.clld.org/values/1-320-183-1>		<http://ids.clld.org/parameters/1-320>		<http://ids.clld.org/values/1-320-286-1>		"kote ne kom"@pav	
"labous"@br	<http://ids.clld.org/values/3-581-183-1>		<http://ids.clld.org/parameters/3-581>		<http://ids.clld.org/values/3-581-286-1>		"me"@pav	
"lapenn"@br	<http://ids.clld.org/values/4-260-183-3>		<http://ids.clld.org/parameters/4-260>		<http://ids.clld.org/values/4-260-286-1>		"petehwet nešiʔ (petehwet)"@pav	
"precha"@br	<http://ids.clld.org/values/18-210-183-9>		<http://ids.clld.org/parameters/18-210>		<http://ids.clld.org/values/18-210-286-1>		"tomiʔ"@pav	
"neɲv"@br	<http://ids.clld.org/values/1-510-183-3>		<http://ids.clld.org/parameters/1-510>		<http://ids.clld.org/values/1-510-286-1>		"nanawin"@pav	
"paotr"@br	<http://ids.clld.org/values/2-210-183-3>		<http://ids.clld.org/parameters/2-210>		<http://ids.clld.org/values/2-210-286-1>		"taramaʔ"@pav	
"vi"@br	<http://ids.clld.org/values/5-970-183-1>		<http://ids.clld.org/parameters/5-970>		<http://ids.clld.org/values/5-970-286-1>		"arayein"@pav	
"boutaɲ"@br	<http://ids.clld.org/values/10-670-183-3>		<http://ids.clld.org/parameters/10-670>		<http://ids.clld.org/values/10-670-286-1>		"yök"@pav	
"neuɲvi"@br	<http://ids.clld.org/values/10-350-183-1>		<http://ids.clld.org/parameters/10-350>		<http://ids.clld.org/values/10-350-286-3>		"panʔ karakam"@pav	
"neuɲvi"@br	<http://ids.clld.org/values/10-350-183-1>		<http://ids.clld.org/parameters/10-350>		<http://ids.clld.org/values/10-350-286-1>		"panʔ kam"@pav	
"tad"@br	<http://ids.clld.org/values/2-350-183-1>		<http://ids.clld.org/parameters/2-350>		<http://ids.clld.org/values/2-350-286-1>		"te"@pav	
"krohen"@br	<http://ids.clld.org/values/4-120-183-1>		<http://ids.clld.org/parameters/4-120>		<http://ids.clld.org/values/4-120-286-1>		"taparišiʔ"@pav	
"delienn"@br	<http://ids.clld.org/values/8-560-183-1>		<http://ids.clld.org/parameters/8-560>		<http://ids.clld.org/values/8-560-286-1>		"tenenein"@pav	
"glaz"@br	<http://ids.clld.org/values/15-680-183-5>		<http://ids.clld.org/parameters/15-680>		<http://ids.clld.org/values/15-680-286-1>		"tb̃um"@pav	
"kleved"@br	<http://ids.clld.org/values/15-410-183-1>		<http://ids.clld.org/parameters/15-410>		<http://ids.clld.org/values/15-410-286-1>		"tarayu"@pav	
"den"@br	<http://ids.clld.org/values/2-310-183-1>		<http://ids.clld.org/parameters/2-310>		<http://ids.clld.org/values/2-310-286-1>		"taši"@pav	
"en em deviɲ"@br	<http://ids.clld.org/values/1-851-183-1>		<http://ids.clld.org/parameters/1-851>		<http://ids.clld.org/values/1-851-286-3>		"wiran"@pav	
"en em deviɲ"@br	<http://ids.clld.org/values/1-851-183-1>		<http://ids.clld.org/parameters/1-851>		<http://ids.clld.org/values/1-851-286-1>		"tom"@pav	
"en em deviɲ"@br	<http://ids.clld.org/values/1-851-183-1>		<http://ids.clld.org/parameters/1-851>		<http://ids.clld.org/values/1-851-286-5>		"karahoʔ"@pav	
"loc’h"@br	<http://ids.clld.org/values/1-330-183-3>		<http://ids.clld.org/parameters/1-330>		<http://ids.clld.org/values/1-330-286-1>		"šuteremʔ"@pav	
"avel"@br	<http://ids.clld.org/values/1-720-183-1>		<http://ids.clld.org/parameters/1-720>		<http://ids.clld.org/values/1-720-286-1>		"hotowa"@pav	
"genou"@br	<http://ids.clld.org/values/4-240-183-1>		<http://ids.clld.org/parameters/4-240>		<http://ids.clld.org/values/4-240-286-1>		"kapiyašiʔ (topak)"@pav	
"kontaɲ"@br	<http://ids.clld.org/values/13-107-183-1>		<http://ids.clld.org/parameters/13-107>		<http://ids.clld.org/values/13-107-286-1>		"piyimʔ"@pav	
"rohell"@br	<http://ids.clld.org/values/1-440-183-5>		<http://ids.clld.org/parameters/1-440>		<http://ids.clld.org/values/1-440-286-1>		"pakun"@pav	
"dond"@br	<http://ids.clld.org/values/10-480-183-1>		<http://ids.clld.org/parameters/10-480>		<http://ids.clld.org/values/10-480-286-1>		"makiʔ"@pav	
"dorn"@br	<http://ids.clld.org/values/4-330-183-1>		<http://ids.clld.org/parameters/4-330>		<http://ids.clld.org/values/4-330-286-1>		"mišiʔ"@pav	
"dorn"@br	<http://ids.clld.org/values/4-330-183-1>		<http://ids.clld.org/parameters/4-330>		<http://ids.clld.org/values/4-330-286-3>		"(umʔ)"@pav	
"glao"@br	<http://ids.clld.org/values/1-750-183-1>		<http://ids.clld.org/parameters/1-750>		<http://ids.clld.org/values/1-750-286-1>		"šowiʔ"@pav	
"bihan"@br	<http://ids.clld.org/values/12-560-183-1>		<http://ids.clld.org/parameters/12-560>		<http://ids.clld.org/values/12-560-286-1>		"wiyimain"@pav	
"gwreg"@br	<http://ids.clld.org/values/2-320-183-1>		<http://ids.clld.org/parameters/2-320>		<http://ids.clld.org/values/2-320-286-1>		"mana"@pav	
"lazaɲ"@br	<http://ids.clld.org/values/4-760-183-1>		<http://ids.clld.org/parameters/4-760>		<http://ids.clld.org/values/4-760-286-1>		"paʔ"@pav	
"brum"@br	<http://ids.clld.org/values/1-740-183-5>		<http://ids.clld.org/parameters/1-740>		<http://ids.clld.org/values/1-740-286-1>		"murukukuʔ"@pav	
"dibriɲ"@br	<http://ids.clld.org/values/5-110-183-1>		<http://ids.clld.org/parameters/5-110>		<http://ids.clld.org/values/5-110-286-1>		"kaoʔ"@pav	
"dibriɲ"@br	<http://ids.clld.org/values/5-110-183-1>		<http://ids.clld.org/parameters/5-110>		<http://ids.clld.org/values/5-110-286-3>		"kakakaoʔ"@pav	
"maen"@br	<http://ids.clld.org/values/1-440-183-1>		<http://ids.clld.org/parameters/1-440>		<http://ids.clld.org/values/1-440-286-1>		"pakun"@pav	
"douar"@br	<http://ids.clld.org/values/1-210-183-1>		<http://ids.clld.org/parameters/1-210>		<http://ids.clld.org/values/1-210-286-1>		"makanʔ"@pav	
"int"@br	<http://ids.clld.org/values/2-960-183-3>		<http://ids.clld.org/parameters/2-960>		<http://ids.clld.org/values/2-960-286-1>		"karam maʔ"@pav	
"bugel"@br	<http://ids.clld.org/values/2-270-183-1>		<http://ids.clld.org/parameters/2-270>		<http://ids.clld.org/values/2-270-286-1>		"piyeʔ"@pav	
"alan/ analad"@br	<http://ids.clld.org/values/4-510-183-3>		<http://ids.clld.org/parameters/4-510>		<http://ids.clld.org/values/4-510-286-1>		"wereme"@pav	
"loer"@br	<http://ids.clld.org/values/1-530-183-3>		<http://ids.clld.org/parameters/1-530>		<http://ids.clld.org/values/1-530-286-1>		"panawoʔ"@pav	
"gwir"@br	<http://ids.clld.org/values/16-730-183-1>		<http://ids.clld.org/parameters/16-730>		<http://ids.clld.org/values/16-730-286-1>		"šoʔ"@pav	
"droug"@br	<http://ids.clld.org/values/16-720-183-3>		<http://ids.clld.org/parameters/16-720>		<http://ids.clld.org/values/16-720-286-1>		"kayi"@pav	
"berr"@br	<http://ids.clld.org/values/12-590-183-1>		<http://ids.clld.org/parameters/12-590>		<http://ids.clld.org/values/12-590-286-1>		"wiyimain"@pav	
"gourvezaɲ"@br	<http://ids.clld.org/values/12-140-183-1>		<http://ids.clld.org/parameters/12-140>		<http://ids.clld.org/values/12-140-286-1>		"teremʔ"@pav	
"gourvezaɲ"@br	<http://ids.clld.org/values/12-140-183-1>		<http://ids.clld.org/parameters/12-140>		<http://ids.clld.org/values/12-140-286-3>		"tokoʔ"@pav	
"kraban"@br	<http://ids.clld.org/values/4-345-183-1>		<http://ids.clld.org/parameters/4-345>		<http://ids.clld.org/values/4-345-286-1>		"šikinain"@pav	
"ludu"@br	<http://ids.clld.org/values/1-840-183-1>		<http://ids.clld.org/parameters/1-840>		<http://ids.clld.org/values/1-840-286-1>		"topakon"@pav	
"ponner"@br	<http://ids.clld.org/values/15-810-183-1>		<http://ids.clld.org/parameters/15-810>		<http://ids.clld.org/values/15-810-286-3>		"taʔ man"@pav	
"ponner"@br	<http://ids.clld.org/values/15-810-183-1>		<http://ids.clld.org/parameters/15-810>		<http://ids.clld.org/values/15-810-286-1>		"šite"@pav	
"ponner"@br	<http://ids.clld.org/values/15-810-183-1>		<http://ids.clld.org/parameters/15-810>		<http://ids.clld.org/values/15-810-286-5>		"teʔ man"@pav	
"prenn"@br	<http://ids.clld.org/values/1-430-183-3>		<http://ids.clld.org/parameters/1-430>		<http://ids.clld.org/values/1-430-286-1>		"pana"@pav	
"tufad"@br	<http://ids.clld.org/values/4-560-183-3>		<http://ids.clld.org/parameters/4-560>		<http://ids.clld.org/values/4-560-286-1>		"hupaʔ"@pav	
"gwenodenn"@br	<http://ids.clld.org/values/10-720-183-1>		<http://ids.clld.org/parameters/10-720>		<http://ids.clld.org/values/10-720-286-1>		"wana (wanayišiʔ)"@pav	
"lavared"@br	<http://ids.clld.org/values/18-220-183-1>		<http://ids.clld.org/parameters/18-220>		<http://ids.clld.org/values/18-220-286-1>		"tomiʔ šoʔ"@pav	
"riou"@br	<http://ids.clld.org/values/15-860-183-3>		<http://ids.clld.org/parameters/15-860>		<http://ids.clld.org/values/15-860-286-1>		"šio"@pav	
"riou"@br	<http://ids.clld.org/values/15-860-183-3>		<http://ids.clld.org/parameters/15-860>		<http://ids.clld.org/values/15-860-286-3>		"kapinʔ"@pav	
"paotr"@br	<http://ids.clld.org/values/2-230-183-3>		<http://ids.clld.org/parameters/2-230>		<http://ids.clld.org/values/2-230-286-1>		"taramaʔ"@pav	
"evn"@br	<http://ids.clld.org/values/3-581-183-3>		<http://ids.clld.org/parameters/3-581>		<http://ids.clld.org/values/3-581-286-1>		"me"@pav	
"askell"@br	<http://ids.clld.org/values/4-392-183-1>		<http://ids.clld.org/parameters/4-392>		<http://ids.clld.org/values/4-392-286-1>		"tapaši"@pav	
"bos"@br	<http://ids.clld.org/values/4-853-183-1>		<http://ids.clld.org/parameters/4-853>		<http://ids.clld.org/values/4-853-286-1>		"mom"@pav	
"bezaɲ(chom) enn he zao"@br	<http://ids.clld.org/values/12-150-183-1>		<http://ids.clld.org/parameters/12-150>		<http://ids.clld.org/values/12-150-286-1>		"tekiʔ pe"@pav	
"bezaɲ(chom) enn he zao"@br	<http://ids.clld.org/values/12-150-183-1>		<http://ids.clld.org/parameters/12-150>		<http://ids.clld.org/values/12-150-286-3>		"tekiʔ to"@pav	
"stagaɲ"@br	<http://ids.clld.org/values/9-160-183-1>		<http://ids.clld.org/parameters/9-160>		<http://ids.clld.org/values/9-160-286-1>		"tuku"@pav	
"u"@br	<http://ids.clld.org/values/5-970-183-3>		<http://ids.clld.org/parameters/5-970>		<http://ids.clld.org/values/5-970-286-1>		"arayein"@pav	
"doan"@br	<http://ids.clld.org/values/16-530-183-3>		<http://ids.clld.org/parameters/16-530>		<http://ids.clld.org/values/16-530-286-1>		"yinʔ"@pav	
"lared"@br	<http://ids.clld.org/values/18-220-183-3>		<http://ids.clld.org/parameters/18-220>		<http://ids.clld.org/values/18-220-286-1>		"tomiʔ šoʔ"@pav	
"skopad"@br	<http://ids.clld.org/values/4-560-183-1>		<http://ids.clld.org/parameters/4-560>		<http://ids.clld.org/values/4-560-286-1>		"hupaʔ"@pav	
"nijal"@br	<http://ids.clld.org/values/10-370-183-1>		<http://ids.clld.org/parameters/10-370>		<http://ids.clld.org/values/10-370-286-3>		"toin"@pav	
"nijal"@br	<http://ids.clld.org/values/10-370-183-1>		<http://ids.clld.org/parameters/10-370>		<http://ids.clld.org/values/10-370-286-1>		"takiʔ"@pav	
"askorn"@br	<http://ids.clld.org/values/4-160-183-1>		<http://ids.clld.org/parameters/4-160>		<http://ids.clld.org/values/4-160-286-1>		"arašiʔ (at)"@pav	
"mad"@br	<http://ids.clld.org/values/16-710-183-1>		<http://ids.clld.org/parameters/16-710>		<http://ids.clld.org/values/16-710-286-1>		"awi"@pav	
"noz"@br	<http://ids.clld.org/values/14-420-183-1>		<http://ids.clld.org/parameters/14-420>		<http://ids.clld.org/values/14-420-286-1>		"šim"@pav	
"had"@br	<http://ids.clld.org/values/8-311-183-1>		<http://ids.clld.org/parameters/8-311>		<http://ids.clld.org/values/8-311-286-1>		"tokwi"@pav	
"torchaɲ"@br	<http://ids.clld.org/values/9-310-183-3>		<http://ids.clld.org/parameters/9-310>		<http://ids.clld.org/values/9-310-286-1>		"šik"@pav	
"teurel"@br	<http://ids.clld.org/values/10-250-183-1>		<http://ids.clld.org/parameters/10-250>		<http://ids.clld.org/values/10-250-286-3>		"wišikaoʔ"@pav	
"teurel"@br	<http://ids.clld.org/values/10-250-183-1>		<http://ids.clld.org/parameters/10-250>		<http://ids.clld.org/values/10-250-286-1>		"šin"@pav	
"tennaɲ"@br	<http://ids.clld.org/values/9-330-183-1>		<http://ids.clld.org/parameters/9-330>		<http://ids.clld.org/values/9-330-286-1>		"kök"@pav	
"gwer"@br	<http://ids.clld.org/values/15-680-183-1>		<http://ids.clld.org/parameters/15-680>		<http://ids.clld.org/values/15-680-286-1>		"tb̃um"@pav	
"seh"@br	<http://ids.clld.org/values/15-840-183-1>		<http://ids.clld.org/parameters/15-840>		<http://ids.clld.org/values/15-840-286-1>		"kawainʔ"@pav	
"gwezenn"@br	<http://ids.clld.org/values/1-420-183-1>		<http://ids.clld.org/parameters/1-420>		<http://ids.clld.org/values/1-420-286-1>		"pana"@pav	
"menez"@br	<http://ids.clld.org/values/1-220-183-1>		<http://ids.clld.org/parameters/1-220>		<http://ids.clld.org/values/1-220-286-1>		"pakun"@pav	
"ribin"@br	<http://ids.clld.org/values/10-720-183-3>		<http://ids.clld.org/parameters/10-720>		<http://ids.clld.org/values/10-720-286-1>		"wana (wanayišiʔ)"@pav	
"hutad"@br	<http://ids.clld.org/values/5-160-183-3>		<http://ids.clld.org/parameters/5-160>		<http://ids.clld.org/values/5-160-286-1>		"šok"@pav	
"hutad"@br	<http://ids.clld.org/values/5-160-183-3>		<http://ids.clld.org/parameters/5-160>		<http://ids.clld.org/values/5-160-286-3>		"šak"@pav	
"savar"@br	<http://ids.clld.org/values/18-210-183-5>		<http://ids.clld.org/parameters/18-210>		<http://ids.clld.org/values/18-210-286-1>		"tomiʔ"@pav	
"azezaɲ"@br	<http://ids.clld.org/values/12-130-183-1>		<http://ids.clld.org/parameters/12-130>		<http://ids.clld.org/values/12-130-286-1>		"šaoʔ pe"@pav	
"azezaɲ"@br	<http://ids.clld.org/values/12-130-183-1>		<http://ids.clld.org/parameters/12-130>		<http://ids.clld.org/values/12-130-286-3>		"šaoʔ to"@pav	
"eun bannah"@br	<http://ids.clld.org/values/13-181-183-3>		<http://ids.clld.org/parameters/13-181>		<http://ids.clld.org/values/13-181-286-1>		"arakaʔ"@pav	
"bleo"@br	<http://ids.clld.org/values/4-140-183-1>		<http://ids.clld.org/parameters/4-140>		<http://ids.clld.org/values/4-140-286-1>		"tenenešiʔ"@pav	
"bleo"@br	<http://ids.clld.org/values/4-140-183-1>		<http://ids.clld.org/parameters/4-140>		<http://ids.clld.org/values/4-140-286-3>		"tenenein (šun)"@pav	
"pell"@br	<http://ids.clld.org/values/12-440-183-1>		<http://ids.clld.org/parameters/12-440>		<http://ids.clld.org/values/12-440-286-1>		"pira"@pav	
"mervel"@br	<http://ids.clld.org/values/4-750-183-1>		<http://ids.clld.org/parameters/4-750>		<http://ids.clld.org/values/4-750-286-3>		"konoʔ"@pav	
"mervel"@br	<http://ids.clld.org/values/4-750-183-1>		<http://ids.clld.org/parameters/4-750>		<http://ids.clld.org/values/4-750-286-1>		"miʔ pin"@pav	
"beo"@br	<http://ids.clld.org/values/4-740-183-3>		<http://ids.clld.org/parameters/4-740>		<http://ids.clld.org/values/4-740-286-1>		"eʔ"@pav	
"neuial"@br	<http://ids.clld.org/values/10-350-183-3>		<http://ids.clld.org/parameters/10-350>		<http://ids.clld.org/values/10-350-286-3>		"panʔ karakam"@pav	
"neuial"@br	<http://ids.clld.org/values/10-350-183-3>		<http://ids.clld.org/parameters/10-350>		<http://ids.clld.org/values/10-350-286-1>		"panʔ kam"@pav	
"kaoud c’hwez"@br	<http://ids.clld.org/values/15-210-183-1>		<http://ids.clld.org/parameters/15-210>		<http://ids.clld.org/values/15-210-286-3>		"hu"@pav	
"kaoud c’hwez"@br	<http://ids.clld.org/values/15-210-183-1>		<http://ids.clld.org/parameters/15-210>		<http://ids.clld.org/values/15-210-286-1>		"nak"@pav	
"droug"@br	<http://ids.clld.org/values/16-420-183-3>		<http://ids.clld.org/parameters/16-420>		<http://ids.clld.org/values/16-420-286-1>		"manaʔ"@pav	
"latar"@br	<http://ids.clld.org/values/1-740-183-1>		<http://ids.clld.org/parameters/1-740>		<http://ids.clld.org/values/1-740-286-1>		"murukukuʔ"@pav	
"sabl"@br	<http://ids.clld.org/values/1-215-183-3>		<http://ids.clld.org/parameters/1-215>		<http://ids.clld.org/values/1-215-286-1>		"namayi"@pav	
"melen"@br	<http://ids.clld.org/values/15-690-183-1>		<http://ids.clld.org/parameters/15-690>		<http://ids.clld.org/values/15-690-286-1>		"košik"@pav	
"kig"@br	<http://ids.clld.org/values/4-130-183-1>		<http://ids.clld.org/parameters/4-130>		<http://ids.clld.org/values/4-130-286-1>		"kwerešiʔ"@pav	
"kerzed"@br	<http://ids.clld.org/values/10-450-183-1>		<http://ids.clld.org/parameters/10-450>		<http://ids.clld.org/values/10-450-286-1>		"šut"@pav	
"kerzed"@br	<http://ids.clld.org/values/10-450-183-1>		<http://ids.clld.org/parameters/10-450>		<http://ids.clld.org/values/10-450-286-3>		"šurušut"@pav	
"dislonkaɲ"@br	<http://ids.clld.org/values/4-570-183-1>		<http://ids.clld.org/parameters/4-570>		<http://ids.clld.org/values/4-570-286-1>		"weʔ"@pav	
"ver"@br	<http://ids.clld.org/values/15-680-183-3>		<http://ids.clld.org/parameters/15-680>		<http://ids.clld.org/values/15-680-286-1>		"tb̃um"@pav	
"preɲv"@br	<http://ids.clld.org/values/3-840-183-1>		<http://ids.clld.org/parameters/3-840>		<http://ids.clld.org/values/3-840-286-1>		"meteʔ"@pav	
"gwenn"@br	<http://ids.clld.org/values/15-640-183-1>		<http://ids.clld.org/parameters/15-640>		<http://ids.clld.org/values/15-640-286-1>		"towoʔ"@pav	
"buzugenn"@br	<http://ids.clld.org/values/3-840-183-3>		<http://ids.clld.org/parameters/3-840>		<http://ids.clld.org/values/3-840-286-1>		"meteʔ"@pav	
"kleiz"@br	<http://ids.clld.org/values/12-420-183-1>		<http://ids.clld.org/parameters/12-420>		<http://ids.clld.org/values/12-420-286-1>		"parayišiʔ"@pav	
"kousked"@br	<http://ids.clld.org/values/4-610-183-1>		<http://ids.clld.org/parameters/4-610>		<http://ids.clld.org/values/4-610-286-1>		"piʔam"@pav	
"peb"@br	<http://ids.clld.org/values/13-140-183-1>		<http://ids.clld.org/parameters/13-140>		<http://ids.clld.org/values/13-140-286-1>		"šam"@pav	
"bouzellou"@br	<http://ids.clld.org/values/4-461-183-1>		<http://ids.clld.org/parameters/4-461>		<http://ids.clld.org/values/4-461-286-1>		"monošiʔ (mon)"@pav	
"gwinienn"@br	<http://ids.clld.org/values/8-670-183-1>		<http://ids.clld.org/parameters/8-670>		<http://ids.clld.org/values/8-670-286-1>		"makon (makorišiʔ)"@pav	
"kalz"@br	<http://ids.clld.org/values/13-150-183-1>		<http://ids.clld.org/parameters/13-150>		<http://ids.clld.org/values/13-150-286-1>		"iriʔ miyo/ miya"@pav	
"goug"@br	<http://ids.clld.org/values/4-280-183-3>		<http://ids.clld.org/parameters/4-280>		<http://ids.clld.org/values/4-280-286-1>		"paramašiʔ"@pav	
"halen"@br	<http://ids.clld.org/values/5-810-183-3>		<http://ids.clld.org/parameters/5-810>		<http://ids.clld.org/values/5-810-286-1>		"[sal]"@pav	
"bronn"@br	<http://ids.clld.org/values/4-410-183-1>		<http://ids.clld.org/parameters/4-410>		<http://ids.clld.org/values/4-410-286-1>		"karašišiʔ (katat)"@pav	
"hano"@br	<http://ids.clld.org/values/18-280-183-1>		<http://ids.clld.org/parameters/18-280>		<http://ids.clld.org/values/18-280-286-1>		"wišišiʔ (wit)"@pav	
"skeiɲ"@br	<http://ids.clld.org/values/9-210-183-1>		<http://ids.clld.org/parameters/9-210>		<http://ids.clld.org/values/9-210-286-1>		"toʔ"@pav	
"pried"@br	<http://ids.clld.org/values/2-310-183-5>		<http://ids.clld.org/parameters/2-310>		<http://ids.clld.org/values/2-310-286-1>		"taši"@pav	
"fleur"@br	<http://ids.clld.org/values/8-570-183-3>		<http://ids.clld.org/parameters/8-570>		<http://ids.clld.org/values/8-570-286-3>		"wiyein"@pav	
"fleur"@br	<http://ids.clld.org/values/8-570-183-3>		<http://ids.clld.org/parameters/8-570>		<http://ids.clld.org/values/8-570-286-1>		"piwain"@pav	
"alanad"@br	<http://ids.clld.org/values/4-510-183-1>		<http://ids.clld.org/parameters/4-510>		<http://ids.clld.org/values/4-510-286-1>		"wereme"@pav	
"pigellad"@br	<http://ids.clld.org/values/8-220-183-3>		<http://ids.clld.org/parameters/8-220>		<http://ids.clld.org/values/8-220-286-1>		"še"@pav	
"pigellad"@br	<http://ids.clld.org/values/8-220-183-3>		<http://ids.clld.org/parameters/8-220>		<http://ids.clld.org/values/8-220-286-3>		"šikeʔ"@pav	
"loar"@br	<http://ids.clld.org/values/1-530-183-1>		<http://ids.clld.org/parameters/1-530>		<http://ids.clld.org/values/1-530-286-1>		"panawoʔ"@pav	
"eeun"@br	<http://ids.clld.org/values/12-730-183-1>		<http://ids.clld.org/parameters/12-730>		<http://ids.clld.org/values/12-730-286-1>		"ka om šone ne"@pav	
"pesk"@br	<http://ids.clld.org/values/3-650-183-1>		<http://ids.clld.org/parameters/3-650>		<http://ids.clld.org/values/3-650-286-1>		"hwam (hwamišiʔ)"@pav	
"aer"@br	<http://ids.clld.org/values/3-850-183-1>		<http://ids.clld.org/parameters/3-850>		<http://ids.clld.org/values/3-850-286-1>		"emʔ"@pav	
"just"@br	<http://ids.clld.org/values/16-730-183-3>		<http://ids.clld.org/parameters/16-730>		<http://ids.clld.org/values/16-730-286-1>		"šoʔ"@pav	
"troad"@br	<http://ids.clld.org/values/4-370-183-1>		<http://ids.clld.org/parameters/4-370>		<http://ids.clld.org/values/4-370-286-1>		"kašimašiʔ (kašim)"@pav	
"ster"@br	<http://ids.clld.org/values/1-360-183-1>		<http://ids.clld.org/parameters/1-360>		<http://ids.clld.org/values/1-360-286-1>		"kom"@pav	
"koad"@br	<http://ids.clld.org/values/1-410-183-1>		<http://ids.clld.org/parameters/1-410>		<http://ids.clld.org/values/1-410-286-1>		"nahwarak"@pav	
"c’hwezaɲ"@br	<http://ids.clld.org/values/10-380-183-1>		<http://ids.clld.org/parameters/10-380>		<http://ids.clld.org/values/10-380-286-3>		"hukoʔ"@pav	
"c’hwezaɲ"@br	<http://ids.clld.org/values/10-380-183-1>		<http://ids.clld.org/parameters/10-380>		<http://ids.clld.org/values/10-380-286-1>		"hu"@pav	
"bevaɲ"@br	<http://ids.clld.org/values/4-740-183-1>		<http://ids.clld.org/parameters/4-740>		<http://ids.clld.org/values/4-740-286-1>		"eʔ"@pav	
"koz"@br	<http://ids.clld.org/values/14-150-183-1>		<http://ids.clld.org/parameters/14-150>		<http://ids.clld.org/values/14-150-286-1>		"maraʔ"@pav	
"koz"@br	<http://ids.clld.org/values/14-150-183-1>		<http://ids.clld.org/parameters/14-150>		<http://ids.clld.org/values/14-150-286-3>		"horon"@pav	
"ruskenn"@br	<http://ids.clld.org/values/8-750-183-3>		<http://ids.clld.org/parameters/8-750>		<http://ids.clld.org/values/8-750-286-1>		"tapari"@pav	
"roh"@br	<http://ids.clld.org/values/1-440-183-3>		<http://ids.clld.org/parameters/1-440>		<http://ids.clld.org/values/1-440-286-1>		"pakun"@pav	
"maro"@br	<http://ids.clld.org/values/4-750-183-3>		<http://ids.clld.org/parameters/4-750>		<http://ids.clld.org/values/4-750-286-3>		"konoʔ"@pav	
"maro"@br	<http://ids.clld.org/values/4-750-183-3>		<http://ids.clld.org/parameters/4-750>		<http://ids.clld.org/values/4-750-286-1>		"miʔ pin"@pav	
"skorn"@br	<http://ids.clld.org/values/1-770-183-1>		<http://ids.clld.org/parameters/1-770>		<http://ids.clld.org/values/1-770-286-1>		"šio šio"@pav	
"bleunienn"@br	<http://ids.clld.org/values/8-570-183-5>		<http://ids.clld.org/parameters/8-570>		<http://ids.clld.org/values/8-570-286-3>		"wiyein"@pav	
"bleunienn"@br	<http://ids.clld.org/values/8-570-183-5>		<http://ids.clld.org/parameters/8-570>		<http://ids.clld.org/values/8-570-286-1>		"piwain"@pav	
"eun tamm"@br	<http://ids.clld.org/values/13-181-183-1>		<http://ids.clld.org/parameters/13-181>		<http://ids.clld.org/values/13-181-286-1>		"arakaʔ"@pav	
"louz"@br	<http://ids.clld.org/values/15-880-183-1>		<http://ids.clld.org/parameters/15-880>		<http://ids.clld.org/values/15-880-286-1>		"mišem"@pav	
"kleuziɲ"@br	<http://ids.clld.org/values/8-220-183-1>		<http://ids.clld.org/parameters/8-220>		<http://ids.clld.org/values/8-220-286-1>		"še"@pav	
"kleuziɲ"@br	<http://ids.clld.org/values/8-220-183-1>		<http://ids.clld.org/parameters/8-220>		<http://ids.clld.org/values/8-220-286-3>		"šikeʔ"@pav	
"laouenn"@br	<http://ids.clld.org/values/3-811-183-1>		<http://ids.clld.org/parameters/3-811>		<http://ids.clld.org/values/3-811-286-1>		"ioʔ"@pav	
"gwrizienn"@br	<http://ids.clld.org/values/8-540-183-1>		<http://ids.clld.org/parameters/8-540>		<http://ids.clld.org/values/8-540-286-1>		"kašimain"@pav	
"taol"@br	<http://ids.clld.org/values/10-250-183-3>		<http://ids.clld.org/parameters/10-250>		<http://ids.clld.org/values/10-250-286-3>		"wišikaoʔ"@pav	
"taol"@br	<http://ids.clld.org/values/10-250-183-3>		<http://ids.clld.org/parameters/10-250>		<http://ids.clld.org/values/10-250-286-1>		"šin"@pav	
"oll"@br	<http://ids.clld.org/values/13-140-183-5>		<http://ids.clld.org/parameters/13-140>		<http://ids.clld.org/values/13-140-286-1>		"šam"@pav	
"bale"@br	<http://ids.clld.org/values/10-450-183-3>		<http://ids.clld.org/parameters/10-450>		<http://ids.clld.org/values/10-450-286-1>		"šut"@pav	
"bale"@br	<http://ids.clld.org/values/10-450-183-3>		<http://ids.clld.org/parameters/10-450>		<http://ids.clld.org/values/10-450-286-3>		"šurušut"@pav	
"moged"@br	<http://ids.clld.org/values/1-830-183-1>		<http://ids.clld.org/parameters/1-830>		<http://ids.clld.org/values/1-830-286-1>		"tainʔ"@pav	
"gouzoug"@br	<http://ids.clld.org/values/4-280-183-1>		<http://ids.clld.org/parameters/4-280>		<http://ids.clld.org/values/4-280-286-1>		"paramašiʔ"@pav	
"kein"@br	<http://ids.clld.org/values/4-190-183-1>		<http://ids.clld.org/parameters/4-190>		<http://ids.clld.org/values/4-190-286-1>		"warašiʔ"@pav	
"koad"@br	<http://ids.clld.org/values/1-430-183-1>		<http://ids.clld.org/parameters/1-430>		<http://ids.clld.org/values/1-430-286-1>		"pana"@pav	
"reiɲ"@br	<http://ids.clld.org/values/11-210-183-1>		<http://ids.clld.org/parameters/11-210>		<http://ids.clld.org/values/11-210-286-1>		"miʔ"@pav	
"riɲvier"@br	<http://ids.clld.org/values/1-360-183-5>		<http://ids.clld.org/parameters/1-360>		<http://ids.clld.org/values/1-360-286-1>		"kom"@pav	
"gwaz"@br	<http://ids.clld.org/values/2-310-183-3>		<http://ids.clld.org/parameters/2-310>		<http://ids.clld.org/values/2-310-286-1>		"taši"@pav	
"laɲchenn"@br	<http://ids.clld.org/values/4-260-183-5>		<http://ids.clld.org/parameters/4-260>		<http://ids.clld.org/values/4-260-286-1>		"petehwet nešiʔ (petehwet)"@pav	
"eren"@br	<http://ids.clld.org/values/9-160-183-3>		<http://ids.clld.org/parameters/9-160>		<http://ids.clld.org/values/9-160-286-1>		"tuku"@pav	
"plah"@br	<http://ids.clld.org/values/2-220-183-3>		<http://ids.clld.org/parameters/2-220>		<http://ids.clld.org/values/2-220-286-1>		"narimaʔ"@pav	
"kordenn"@br	<http://ids.clld.org/values/9-190-183-1>		<http://ids.clld.org/parameters/9-190>		<http://ids.clld.org/values/9-190-286-1>		"makon (makorišiʔ)"@pav	
"koumoulenn"@br	<http://ids.clld.org/values/1-730-183-3>		<http://ids.clld.org/parameters/1-730>		<http://ids.clld.org/values/1-730-286-1>		"tayain nanawin"@pav	
"reiɲ eun taol kontell"@br	<http://ids.clld.org/values/9-223-183-1>		<http://ids.clld.org/parameters/9-223>		<http://ids.clld.org/values/9-223-286-1>		"šukunʔ"@pav	
"boked"@br	<http://ids.clld.org/values/8-570-183-1>		<http://ids.clld.org/parameters/8-570>		<http://ids.clld.org/values/8-570-286-3>		"wiyein"@pav	
"boked"@br	<http://ids.clld.org/values/8-570-183-1>		<http://ids.clld.org/parameters/8-570>		<http://ids.clld.org/values/8-570-286-1>		"piwain"@pav	
"dehou"@br	<http://ids.clld.org/values/12-410-183-1>		<http://ids.clld.org/parameters/12-410>		<http://ids.clld.org/values/12-410-286-1>		"irikwerešiʔ"@pav	
"ledan"@br	<http://ids.clld.org/values/12-610-183-1>		<http://ids.clld.org/parameters/12-610>		<http://ids.clld.org/values/12-610-286-1>		"kote ne kimain"@pav	
"ki"@br	<http://ids.clld.org/values/3-610-183-1>		<http://ids.clld.org/parameters/3-610>		<http://ids.clld.org/values/3-610-286-1>		"oromiyak"@pav	
"skrapad"@br	<http://ids.clld.org/values/5-480-183-1>		<http://ids.clld.org/parameters/5-480>		<http://ids.clld.org/values/5-480-286-1>		"kuruk"@pav	
"derhel krog"@br	<http://ids.clld.org/values/11-150-183-1>		<http://ids.clld.org/parameters/11-150>		<http://ids.clld.org/values/11-150-286-1>		"kep"@pav	
"teod"@br	<http://ids.clld.org/values/4-260-183-1>		<http://ids.clld.org/parameters/4-260>		<http://ids.clld.org/values/4-260-286-1>		"petehwet nešiʔ (petehwet)"@pav	
"gweled"@br	<http://ids.clld.org/values/15-510-183-1>		<http://ids.clld.org/parameters/15-510>		<http://ids.clld.org/values/15-510-286-1>		"kerek"@pav	
"pried"@br	<http://ids.clld.org/values/2-320-183-3>		<http://ids.clld.org/parameters/2-320>		<http://ids.clld.org/values/2-320-286-1>		"mana"@pav	
"preg"@br	<http://ids.clld.org/values/18-210-183-7>		<http://ids.clld.org/parameters/18-210>		<http://ids.clld.org/values/18-210-286-1>		"tomiʔ"@pav	
"avu"@br	<http://ids.clld.org/values/4-450-183-1>		<http://ids.clld.org/parameters/4-450>		<http://ids.clld.org/values/4-450-286-1>		"tarawanašiʔ (tarawan)"@pav	
"chom war horre an dour"@br	<http://ids.clld.org/values/10-340-183-1>		<http://ids.clld.org/parameters/10-340>		<http://ids.clld.org/values/10-340-286-1>		"ho"@pav	
"chom war horre an dour"@br	<http://ids.clld.org/values/10-340-183-1>		<http://ids.clld.org/parameters/10-340>		<http://ids.clld.org/values/10-340-286-3>		"horoho"@pav	
"kozeal"@br	<http://ids.clld.org/values/18-210-183-3>		<http://ids.clld.org/parameters/18-210>		<http://ids.clld.org/values/18-210-286-1>		"tomiʔ"@pav	
"eɲ/ hi"@br	<http://ids.clld.org/values/2-930-183-3>		<http://ids.clld.org/parameters/2-930>		<http://ids.clld.org/values/2-930-286-1>		"ko maʔ"@pav	
"leun"@br	<http://ids.clld.org/values/13-210-183-1>		<http://ids.clld.org/parameters/13-210>		<http://ids.clld.org/values/13-210-286-5>		"maʔam"@pav	
"leun"@br	<http://ids.clld.org/values/13-210-183-1>		<http://ids.clld.org/parameters/13-210>		<http://ids.clld.org/values/13-210-286-3>		"moromoinʔ"@pav	
"leun"@br	<http://ids.clld.org/values/13-210-183-1>		<http://ids.clld.org/parameters/13-210>		<http://ids.clld.org/values/13-210-286-1>		"moinʔ"@pav	
"fri"@br	<http://ids.clld.org/values/4-230-183-1>		<http://ids.clld.org/parameters/4-230>		<http://ids.clld.org/values/4-230-286-1>		"werešiʔ (ut)"@pav	
"glin"@br	<http://ids.clld.org/values/4-360-183-1>		<http://ids.clld.org/parameters/4-360>		<http://ids.clld.org/values/4-360-286-1>		"karamašiʔ (karam)"@pav	
"geot"@br	<http://ids.clld.org/values/8-510-183-1>		<http://ids.clld.org/parameters/8-510>		<http://ids.clld.org/values/8-510-286-1>		"tononoin"@pav	
"aneval"@br	<http://ids.clld.org/values/3-110-183-3>		<http://ids.clld.org/parameters/3-110>		<http://ids.clld.org/values/3-110-286-1>		"karawa"@pav	
"daou"@br	<http://ids.clld.org/values/13-20-183-1>		<http://ids.clld.org/parameters/13-20>		<http://ids.clld.org/values/13-20-286-1>		"tuku karakan"@pav	
"druzoni"@br	<http://ids.clld.org/values/5-791-183-1>		<http://ids.clld.org/parameters/5-791>		<http://ids.clld.org/values/5-791-286-1>		"homain"@pav	
"flour"@br	<http://ids.clld.org/values/15-770-183-1>		<http://ids.clld.org/parameters/15-770>		<http://ids.clld.org/values/15-770-286-1>		"topišik"@pav	
"neh"@br	<http://ids.clld.org/values/16-530-183-5>		<http://ids.clld.org/parameters/16-530>		<http://ids.clld.org/values/16-530-286-1>		"yinʔ"@pav	
"diou"@br	<http://ids.clld.org/values/13-20-183-3>		<http://ids.clld.org/parameters/13-20>		<http://ids.clld.org/values/13-20-286-1>		"tuku karakan"@pav	
