"richer"@br	<http://ids.clld.org/values/1-360-183-3>		<http://ids.clld.org/parameters/1-360>		<http://ids.clld.org/values/1-360-280-1>		"'ʔani"@pcp	
"richer"@br	<http://ids.clld.org/values/1-360-183-3>		<http://ids.clld.org/parameters/1-360>		<http://ids.clld.org/values/1-360-280-3>		"'pao"@pcp	
"mamm"@br	<http://ids.clld.org/values/2-360-183-1>		<http://ids.clld.org/parameters/2-360>		<http://ids.clld.org/values/2-360-280-1>		"'kai"@pcp	
"gwespedenn"@br	<http://ids.clld.org/values/3-823-183-1>		<http://ids.clld.org/parameters/3-823>		<http://ids.clld.org/values/3-823-280-1>		"'wina"@pcp	
"deiz"@br	<http://ids.clld.org/values/14-410-183-1>		<http://ids.clld.org/parameters/14-410>		<http://ids.clld.org/values/14-410-280-1>		"'waři"@pcp	
"heol"@br	<http://ids.clld.org/values/1-520-183-1>		<http://ids.clld.org/parameters/1-520>		<http://ids.clld.org/values/1-520-280-1>		"'waři"@pcp	
"gwezenn"@br	<http://ids.clld.org/values/8-600-183-1>		<http://ids.clld.org/parameters/8-600>		<http://ids.clld.org/values/8-600-280-1>		"'hiwi"@pcp	
"ranik"@br	<http://ids.clld.org/values/3-950-183-7>		<http://ids.clld.org/parameters/3-950>		<http://ids.clld.org/values/3-950-280-1>		"wɨṣ̌ko"@pcp	
"kalon"@br	<http://ids.clld.org/values/4-440-183-1>		<http://ids.clld.org/parameters/4-440>		<http://ids.clld.org/values/4-440-280-1>		"howi'ti"@pcp	
"gwaz"@br	<http://ids.clld.org/values/2-210-183-1>		<http://ids.clld.org/parameters/2-210>		<http://ids.clld.org/values/2-210-280-1>		"'honi"@pcp	
"dant"@br	<http://ids.clld.org/values/4-270-183-1>		<http://ids.clld.org/parameters/4-270>		<http://ids.clld.org/values/4-270-280-1>		"'ṣ̌ɨna"@pcp	
"ober"@br	<http://ids.clld.org/values/9-110-183-1>		<http://ids.clld.org/parameters/9-110>		<http://ids.clld.org/values/9-110-280-1>		"i'wɨ"@pcp	
"kotoɲs"@br	<http://ids.clld.org/values/6-240-183-1>		<http://ids.clld.org/parameters/6-240>		<http://ids.clld.org/values/6-240-280-1>		"waṣ̌'mɨna"@pcp	
"lagad"@br	<http://ids.clld.org/values/4-210-183-1>		<http://ids.clld.org/parameters/4-210>		<http://ids.clld.org/values/4-210-280-1>		"'wɨřo"@pcp	
"taran"@br	<http://ids.clld.org/values/1-560-183-5>		<http://ids.clld.org/parameters/1-560>		<http://ids.clld.org/values/1-560-280-1>		"'naina"@pcp	
"fubuenn"@br	<http://ids.clld.org/values/3-831-183-1>		<http://ids.clld.org/parameters/3-831>		<http://ids.clld.org/values/3-831-280-1>		"'šio"@pcp	
"fubuenn"@br	<http://ids.clld.org/values/3-831-183-1>		<http://ids.clld.org/parameters/3-831>		<http://ids.clld.org/values/3-831-280-3>		"'čio"@pcp	
"oabl"@br	<http://ids.clld.org/values/1-510-183-1>		<http://ids.clld.org/parameters/1-510>		<http://ids.clld.org/values/1-510-280-1>		"na'ipa"@pcp	
"baro"@br	<http://ids.clld.org/values/4-142-183-1>		<http://ids.clld.org/parameters/4-142>		<http://ids.clld.org/values/4-142-280-1>		"'kɨni"@pcp	
"ru"@br	<http://ids.clld.org/values/15-660-183-3>		<http://ids.clld.org/parameters/15-660>		<http://ids.clld.org/values/15-660-280-1>		"'šini"@pcp	
"gwalhiɲ"@br	<http://ids.clld.org/values/9-360-183-1>		<http://ids.clld.org/parameters/9-360>		<http://ids.clld.org/values/9-360-280-1>		"'aši"@pcp	
"bara zegal"@br	<http://ids.clld.org/values/4-450-183-3>		<http://ids.clld.org/parameters/4-450>		<http://ids.clld.org/values/4-450-280-1>		"'taka"@pcp	
"heɲ/ hi"@br	<http://ids.clld.org/values/2-930-183-1>		<http://ids.clld.org/parameters/2-930>		<http://ids.clld.org/values/2-930-280-1>		"'haa"@pcp	
"tortu"@br	<http://ids.clld.org/values/3-980-183-1>		<http://ids.clld.org/parameters/3-980>		<http://ids.clld.org/values/3-980-280-1>		"'ṣ̌awɨ"@pcp	
"c’hwil"@br	<http://ids.clld.org/values/3-810-183-1>		<http://ids.clld.org/parameters/3-810>		<http://ids.clld.org/values/3-810-280-1>		"wɨ'oso"@pcp	
"tan"@br	<http://ids.clld.org/values/1-810-183-1>		<http://ids.clld.org/parameters/1-810>		<http://ids.clld.org/values/1-810-280-1>		"'čiʔi"@pcp	
"dour"@br	<http://ids.clld.org/values/1-310-183-1>		<http://ids.clld.org/parameters/1-310>		<http://ids.clld.org/values/1-310-280-1>		"'hɨnɨ"@pcp	
"maouez"@br	<http://ids.clld.org/values/2-220-183-1>		<http://ids.clld.org/parameters/2-220>		<http://ids.clld.org/values/2-220-280-1>		"'yoṣ̌a"@pcp	
"beg"@br	<http://ids.clld.org/values/4-240-183-3>		<http://ids.clld.org/parameters/4-240>		<http://ids.clld.org/values/4-240-280-1>		"kɨ'wɨči"@pcp	
"faoutaɲ"@br	<http://ids.clld.org/values/9-270-183-1>		<http://ids.clld.org/parameters/9-270>		<http://ids.clld.org/values/9-270-280-1>		"ma'tošmaki"@pcp	
"fun"@br	<http://ids.clld.org/values/9-190-183-3>		<http://ids.clld.org/parameters/9-190>		<http://ids.clld.org/values/9-190-280-1>		"'taška"@pcp	
"lourd"@br	<http://ids.clld.org/values/15-810-183-3>		<http://ids.clld.org/parameters/15-810>		<http://ids.clld.org/values/15-810-280-1>		"'iwɨ"@pcp	
"skouarn"@br	<http://ids.clld.org/values/4-220-183-1>		<http://ids.clld.org/parameters/4-220>		<http://ids.clld.org/values/4-220-280-1>		"'paʔoki"@pcp	
"me"@br	<http://ids.clld.org/values/2-910-183-1>		<http://ids.clld.org/parameters/2-910>		<http://ids.clld.org/values/2-910-280-1>		"'ɨa"@pcp	
"trohaɲ"@br	<http://ids.clld.org/values/9-220-183-1>		<http://ids.clld.org/parameters/9-220>		<http://ids.clld.org/values/9-220-280-1>		"'kɨɨsakia"@pcp	
"koabrenn"@br	<http://ids.clld.org/values/1-730-183-1>		<http://ids.clld.org/parameters/1-730>		<http://ids.clld.org/values/1-730-280-1>		"'c̷ɨmo"@pcp	
"gar"@br	<http://ids.clld.org/values/4-350-183-1>		<http://ids.clld.org/parameters/4-350>		<http://ids.clld.org/values/4-350-280-1>		"'wiko"@pcp	
"gwad"@br	<http://ids.clld.org/values/4-150-183-1>		<http://ids.clld.org/parameters/4-150>		<http://ids.clld.org/values/4-150-280-1>		"'himi"@pcp	
"steredenn"@br	<http://ids.clld.org/values/1-540-183-1>		<http://ids.clld.org/parameters/1-540>		<http://ids.clld.org/values/1-540-280-1>		"'wištima"@pcp	
"kannaɲ"@br	<http://ids.clld.org/values/9-360-183-3>		<http://ids.clld.org/parameters/9-360>		<http://ids.clld.org/values/9-360-280-1>		"'aši"@pcp	
"penn"@br	<http://ids.clld.org/values/4-200-183-1>		<http://ids.clld.org/parameters/4-200>		<http://ids.clld.org/values/4-200-280-1>		"'mapo"@pcp	
"frouezenn"@br	<http://ids.clld.org/values/5-710-183-1>		<http://ids.clld.org/parameters/5-710>		<http://ids.clld.org/values/5-710-280-1>		"'kɨo"@pcp	
"dous"@br	<http://ids.clld.org/values/15-350-183-3>		<http://ids.clld.org/parameters/15-350>		<http://ids.clld.org/values/15-350-280-1>		"tɨ'ɨ"@pcp	
"ruz"@br	<http://ids.clld.org/values/15-660-183-1>		<http://ids.clld.org/parameters/15-660>		<http://ids.clld.org/values/15-660-280-1>		"'šini"@pcp	
"diskouez"@br	<http://ids.clld.org/values/15-550-183-1>		<http://ids.clld.org/parameters/15-550>		<http://ids.clld.org/values/15-550-280-1>		"hi-'maki"@pcp	
"lemm"@br	<http://ids.clld.org/values/15-780-183-1>		<http://ids.clld.org/parameters/15-780>		<http://ids.clld.org/values/15-780-280-1>		"'ɨika"@pcp	
"labous"@br	<http://ids.clld.org/values/3-581-183-1>		<http://ids.clld.org/parameters/3-581>		<http://ids.clld.org/values/3-581-280-1>		"'isko"@pcp	
"lapenn"@br	<http://ids.clld.org/values/4-260-183-3>		<http://ids.clld.org/parameters/4-260>		<http://ids.clld.org/values/4-260-280-1>		"'hana"@pcp	
"neɲv"@br	<http://ids.clld.org/values/1-510-183-3>		<http://ids.clld.org/parameters/1-510>		<http://ids.clld.org/values/1-510-280-1>		"na'ipa"@pcp	
"paotr"@br	<http://ids.clld.org/values/2-210-183-3>		<http://ids.clld.org/parameters/2-210>		<http://ids.clld.org/values/2-210-280-1>		"'honi"@pcp	
"vi"@br	<http://ids.clld.org/values/5-970-183-1>		<http://ids.clld.org/parameters/5-970>		<http://ids.clld.org/values/5-970-280-1>		"'wači"@pcp	
"tad"@br	<http://ids.clld.org/values/2-350-183-1>		<http://ids.clld.org/parameters/2-350>		<http://ids.clld.org/values/2-350-280-1>		"'ɨpa"@pcp	
"tad"@br	<http://ids.clld.org/values/2-350-183-1>		<http://ids.clld.org/parameters/2-350>		<http://ids.clld.org/values/2-350-280-3>		"'ʔɨpa"@pcp	
"krohen"@br	<http://ids.clld.org/values/4-120-183-1>		<http://ids.clld.org/parameters/4-120>		<http://ids.clld.org/values/4-120-280-1>		"'wiči"@pcp	
"jod"@br	<http://ids.clld.org/values/4-208-183-1>		<http://ids.clld.org/parameters/4-208>		<http://ids.clld.org/values/4-208-280-1>		"'tamo"@pcp	
"delienn"@br	<http://ids.clld.org/values/8-560-183-1>		<http://ids.clld.org/parameters/8-560>		<http://ids.clld.org/values/8-560-280-1>		"'pɨʔi"@pcp	
"keuneud"@br	<http://ids.clld.org/values/1-880-183-1>		<http://ids.clld.org/parameters/1-880>		<http://ids.clld.org/values/1-880-280-1>		"'kařo"@pcp	
"den"@br	<http://ids.clld.org/values/2-310-183-1>		<http://ids.clld.org/parameters/2-310>		<http://ids.clld.org/values/2-310-280-1>		"'wɨnɨ"@pcp	
"breh"@br	<http://ids.clld.org/values/4-310-183-1>		<http://ids.clld.org/parameters/4-310>		<http://ids.clld.org/values/4-310-280-1>		"po'yana"@pcp	
"genou"@br	<http://ids.clld.org/values/4-240-183-1>		<http://ids.clld.org/parameters/4-240>		<http://ids.clld.org/values/4-240-280-1>		"kɨ'wɨči"@pcp	
"dorn"@br	<http://ids.clld.org/values/4-330-183-1>		<http://ids.clld.org/parameters/4-330>		<http://ids.clld.org/values/4-330-280-1>		"mɨ'kɨna"@pcp	
"glao"@br	<http://ids.clld.org/values/1-750-183-1>		<http://ids.clld.org/parameters/1-750>		<http://ids.clld.org/values/1-750-280-3>		"ʔo'i"@pcp	
"glao"@br	<http://ids.clld.org/values/1-750-183-1>		<http://ids.clld.org/parameters/1-750>		<http://ids.clld.org/values/1-750-280-1>		"o'i"@pcp	
"poupig"@br	<http://ids.clld.org/values/2-280-183-3>		<http://ids.clld.org/parameters/2-280>		<http://ids.clld.org/values/2-280-280-1>		"'wakɨ 'pistia"@pcp	
"bihan"@br	<http://ids.clld.org/values/12-560-183-1>		<http://ids.clld.org/parameters/12-560>		<http://ids.clld.org/values/12-560-280-1>		"'mišni"@pcp	
"gwreg"@br	<http://ids.clld.org/values/2-320-183-1>		<http://ids.clld.org/parameters/2-320>		<http://ids.clld.org/values/2-320-280-1>		"ʔa'wini"@pcp	
"park"@br	<http://ids.clld.org/values/8-120-183-1>		<http://ids.clld.org/parameters/8-120>		<http://ids.clld.org/values/8-120-280-1>		"'wai"@pcp	
"chignan"@br	<http://ids.clld.org/values/3-950-183-5>		<http://ids.clld.org/parameters/3-950>		<http://ids.clld.org/values/3-950-280-1>		"wɨṣ̌ko"@pcp	
"labous yar"@br	<http://ids.clld.org/values/3-550-183-1>		<http://ids.clld.org/parameters/3-550>		<http://ids.clld.org/values/3-550-280-1>		"pati'aři"@pcp	
"c’hwibuenn"@br	<http://ids.clld.org/values/3-831-183-3>		<http://ids.clld.org/parameters/3-831>		<http://ids.clld.org/values/3-831-280-1>		"'šio"@pcp	
"c’hwibuenn"@br	<http://ids.clld.org/values/3-831-183-3>		<http://ids.clld.org/parameters/3-831>		<http://ids.clld.org/values/3-831-280-3>		"'čio"@pcp	
"douar"@br	<http://ids.clld.org/values/1-210-183-1>		<http://ids.clld.org/parameters/1-210>		<http://ids.clld.org/values/1-210-280-1>		"'mai"@pcp	
"loer"@br	<http://ids.clld.org/values/1-530-183-3>		<http://ids.clld.org/parameters/1-530>		<http://ids.clld.org/values/1-530-280-1>		"'ʔoṣ̌ɨ"@pcp	
"skevent"@br	<http://ids.clld.org/values/4-441-183-1>		<http://ids.clld.org/parameters/4-441>		<http://ids.clld.org/values/4-441-280-1>		"'taṣ̌a"@pcp	
"ludu"@br	<http://ids.clld.org/values/1-840-183-1>		<http://ids.clld.org/parameters/1-840>		<http://ids.clld.org/values/1-840-280-1>		"'mišpo"@pcp	
"naon"@br	<http://ids.clld.org/values/5-140-183-1>		<http://ids.clld.org/parameters/5-140>		<http://ids.clld.org/values/5-140-280-1>		"paṣ̌na'hai"@pcp	
"ponner"@br	<http://ids.clld.org/values/15-810-183-1>		<http://ids.clld.org/parameters/15-810>		<http://ids.clld.org/values/15-810-280-1>		"'iwɨ"@pcp	
"karo"@br	<http://ids.clld.org/values/3-750-183-1>		<http://ids.clld.org/parameters/3-750>		<http://ids.clld.org/values/3-750-280-1>		"'čaṣ̌o"@pcp	
"kudurun"@br	<http://ids.clld.org/values/1-560-183-3>		<http://ids.clld.org/parameters/1-560>		<http://ids.clld.org/values/1-560-280-1>		"'naina"@pcp	
"evn"@br	<http://ids.clld.org/values/3-581-183-3>		<http://ids.clld.org/parameters/3-581>		<http://ids.clld.org/values/3-581-280-1>		"'isko"@pcp	
"glesker"@br	<http://ids.clld.org/values/3-950-183-1>		<http://ids.clld.org/parameters/3-950>		<http://ids.clld.org/values/3-950-280-1>		"wɨṣ̌ko"@pcp	
"koton"@br	<http://ids.clld.org/values/6-240-183-3>		<http://ids.clld.org/parameters/6-240>		<http://ids.clld.org/values/6-240-280-1>		"waṣ̌'mɨna"@pcp	
"u"@br	<http://ids.clld.org/values/5-970-183-3>		<http://ids.clld.org/parameters/5-970>		<http://ids.clld.org/values/5-970-280-1>		"'wači"@pcp	
"ed Turki"@br	<http://ids.clld.org/values/8-470-183-1>		<http://ids.clld.org/parameters/8-470>		<http://ids.clld.org/values/8-470-280-1>		"'ṣ̌ɨki"@pcp	
"askorn"@br	<http://ids.clld.org/values/4-160-183-1>		<http://ids.clld.org/parameters/4-160>		<http://ids.clld.org/values/4-160-280-1>		"'ṣ̌ao"@pcp	
"neiz"@br	<http://ids.clld.org/values/3-580-183-1>		<http://ids.clld.org/parameters/3-580>		<http://ids.clld.org/values/3-580-280-1>		"'naʔa"@pcp	
"gwezenn"@br	<http://ids.clld.org/values/1-420-183-1>		<http://ids.clld.org/parameters/1-420>		<http://ids.clld.org/values/1-420-280-1>		"'hiwi"@pcp	
"bleud"@br	<http://ids.clld.org/values/5-550-183-1>		<http://ids.clld.org/parameters/5-550>		<http://ids.clld.org/values/5-550-280-1>		"'moto"@pcp	
"bleo"@br	<http://ids.clld.org/values/4-140-183-1>		<http://ids.clld.org/parameters/4-140>		<http://ids.clld.org/values/4-140-280-1>		"'woo"@pcp	
"pell"@br	<http://ids.clld.org/values/12-440-183-1>		<http://ids.clld.org/parameters/12-440>		<http://ids.clld.org/values/12-440-280-1>		"nɨ'ama"@pcp	
"peroked"@br	<http://ids.clld.org/values/3-592-183-1>		<http://ids.clld.org/parameters/3-592>		<http://ids.clld.org/values/3-592-280-1>		"'wawa"@pcp	
"kaouenn"@br	<http://ids.clld.org/values/3-596-183-1>		<http://ids.clld.org/parameters/3-596>		<http://ids.clld.org/values/3-596-280-1>		"'popo"@pcp	
"kanod"@br	<http://ids.clld.org/values/10-831-183-1>		<http://ids.clld.org/parameters/10-831>		<http://ids.clld.org/values/10-831-280-1>		"'noti"@pcp	
"gwenn"@br	<http://ids.clld.org/values/15-640-183-1>		<http://ids.clld.org/parameters/15-640>		<http://ids.clld.org/values/15-640-280-1>		"'hoṣ̌o"@pcp	
"krouadur"@br	<http://ids.clld.org/values/2-280-183-1>		<http://ids.clld.org/parameters/2-280>		<http://ids.clld.org/values/2-280-280-1>		"'wakɨ 'pistia"@pcp	
"moustikenn"@br	<http://ids.clld.org/values/3-832-183-1>		<http://ids.clld.org/parameters/3-832>		<http://ids.clld.org/values/3-832-280-1>		"'wii"@pcp	
"bouhal"@br	<http://ids.clld.org/values/9-250-183-1>		<http://ids.clld.org/parameters/9-250>		<http://ids.clld.org/values/9-250-280-1>		"[hača]"@pcp	
"pried"@br	<http://ids.clld.org/values/2-310-183-5>		<http://ids.clld.org/parameters/2-310>		<http://ids.clld.org/values/2-310-280-1>		"'wɨnɨ"@pcp	
"fleur"@br	<http://ids.clld.org/values/8-570-183-3>		<http://ids.clld.org/parameters/8-570>		<http://ids.clld.org/values/8-570-280-3>		"řeṣ̌'pana"@pcp	
"fleur"@br	<http://ids.clld.org/values/8-570-183-3>		<http://ids.clld.org/parameters/8-570>		<http://ids.clld.org/values/8-570-280-1>		"'hoa"@pcp	
"loar"@br	<http://ids.clld.org/values/1-530-183-1>		<http://ids.clld.org/parameters/1-530>		<http://ids.clld.org/values/1-530-280-1>		"'ʔoṣ̌ɨ"@pcp	
"pesk"@br	<http://ids.clld.org/values/3-650-183-1>		<http://ids.clld.org/parameters/3-650>		<http://ids.clld.org/values/3-650-280-3>		"'woɨ"@pcp	
"pesk"@br	<http://ids.clld.org/values/3-650-183-1>		<http://ids.clld.org/parameters/3-650>		<http://ids.clld.org/values/3-650-280-1>		"sa'nino"@pcp	
"toull"@br	<http://ids.clld.org/values/12-850-183-1>		<http://ids.clld.org/parameters/12-850>		<http://ids.clld.org/values/12-850-280-1>		"'kini"@pcp	
"troad"@br	<http://ids.clld.org/values/4-370-183-1>		<http://ids.clld.org/parameters/4-370>		<http://ids.clld.org/values/4-370-280-1>		"'taʔɨ"@pcp	
"ster"@br	<http://ids.clld.org/values/1-360-183-1>		<http://ids.clld.org/parameters/1-360>		<http://ids.clld.org/values/1-360-280-1>		"'ʔani"@pcp	
"ster"@br	<http://ids.clld.org/values/1-360-183-1>		<http://ids.clld.org/parameters/1-360>		<http://ids.clld.org/values/1-360-280-3>		"'pao"@pcp	
"rouedenn"@br	<http://ids.clld.org/values/9-780-183-1>		<http://ids.clld.org/parameters/9-780>		<http://ids.clld.org/values/9-780-280-1>		"'sota"@pcp	
"bleunienn"@br	<http://ids.clld.org/values/8-570-183-5>		<http://ids.clld.org/parameters/8-570>		<http://ids.clld.org/values/8-570-280-3>		"řeṣ̌'pana"@pcp	
"bleunienn"@br	<http://ids.clld.org/values/8-570-183-5>		<http://ids.clld.org/parameters/8-570>		<http://ids.clld.org/values/8-570-280-1>		"'hoa"@pcp	
"gwrizienn"@br	<http://ids.clld.org/values/8-540-183-1>		<http://ids.clld.org/parameters/8-540>		<http://ids.clld.org/values/8-540-280-1>		"ta'pono"@pcp	
"c’hweg"@br	<http://ids.clld.org/values/15-350-183-1>		<http://ids.clld.org/parameters/15-350>		<http://ids.clld.org/values/15-350-280-1>		"tɨ'ɨ"@pcp	
"moged"@br	<http://ids.clld.org/values/1-830-183-1>		<http://ids.clld.org/parameters/1-830>		<http://ids.clld.org/values/1-830-280-1>		"ko'ʔina"@pcp	
"evn yar"@br	<http://ids.clld.org/values/3-550-183-3>		<http://ids.clld.org/parameters/3-550>		<http://ids.clld.org/values/3-550-280-1>		"pati'aři"@pcp	
"ti"@br	<http://ids.clld.org/values/7-120-183-1>		<http://ids.clld.org/parameters/7-120>		<http://ids.clld.org/values/7-120-280-1>		"'ṣ̌owo"@pcp	
"riɲvier"@br	<http://ids.clld.org/values/1-360-183-5>		<http://ids.clld.org/parameters/1-360>		<http://ids.clld.org/values/1-360-280-1>		"'ʔani"@pcp	
"riɲvier"@br	<http://ids.clld.org/values/1-360-183-5>		<http://ids.clld.org/parameters/1-360>		<http://ids.clld.org/values/1-360-280-3>		"'pao"@pcp	
"gwaz"@br	<http://ids.clld.org/values/2-310-183-3>		<http://ids.clld.org/parameters/2-310>		<http://ids.clld.org/values/2-310-280-1>		"'wɨnɨ"@pcp	
"laɲchenn"@br	<http://ids.clld.org/values/4-260-183-5>		<http://ids.clld.org/parameters/4-260>		<http://ids.clld.org/values/4-260-280-1>		"'hana"@pcp	
"plah"@br	<http://ids.clld.org/values/2-220-183-3>		<http://ids.clld.org/parameters/2-220>		<http://ids.clld.org/values/2-220-280-1>		"'yoṣ̌a"@pcp	
"kordenn"@br	<http://ids.clld.org/values/9-190-183-1>		<http://ids.clld.org/parameters/9-190>		<http://ids.clld.org/values/9-190-280-1>		"'taška"@pcp	
"koumoulenn"@br	<http://ids.clld.org/values/1-730-183-3>		<http://ids.clld.org/parameters/1-730>		<http://ids.clld.org/values/1-730-280-1>		"'c̷ɨmo"@pcp	
"boh"@br	<http://ids.clld.org/values/4-208-183-3>		<http://ids.clld.org/parameters/4-208>		<http://ids.clld.org/values/4-208-280-1>		"'tamo"@pcp	
"boked"@br	<http://ids.clld.org/values/8-570-183-1>		<http://ids.clld.org/parameters/8-570>		<http://ids.clld.org/values/8-570-280-3>		"řeṣ̌'pana"@pcp	
"boked"@br	<http://ids.clld.org/values/8-570-183-1>		<http://ids.clld.org/parameters/8-570>		<http://ids.clld.org/values/8-570-280-1>		"'hoa"@pcp	
"maiz"@br	<http://ids.clld.org/values/8-470-183-3>		<http://ids.clld.org/parameters/8-470>		<http://ids.clld.org/values/8-470-280-1>		"'ṣ̌ɨki"@pcp	
"teod"@br	<http://ids.clld.org/values/4-260-183-1>		<http://ids.clld.org/parameters/4-260>		<http://ids.clld.org/values/4-260-280-1>		"'hana"@pcp	
"gweled"@br	<http://ids.clld.org/values/15-510-183-1>		<http://ids.clld.org/parameters/15-510>		<http://ids.clld.org/values/15-510-280-1>		"his'pa"@pcp	
"gweled"@br	<http://ids.clld.org/values/15-510-183-1>		<http://ids.clld.org/parameters/15-510>		<http://ids.clld.org/values/15-510-280-3>		"'hisna"@pcp	
"pried"@br	<http://ids.clld.org/values/2-320-183-3>		<http://ids.clld.org/parameters/2-320>		<http://ids.clld.org/values/2-320-280-1>		"ʔa'wini"@pcp	
"avu"@br	<http://ids.clld.org/values/4-450-183-1>		<http://ids.clld.org/parameters/4-450>		<http://ids.clld.org/values/4-450-280-1>		"'taka"@pcp	
"eɲ/ hi"@br	<http://ids.clld.org/values/2-930-183-3>		<http://ids.clld.org/parameters/2-930>		<http://ids.clld.org/values/2-930-280-1>		"'haa"@pcp	
"gweskleɲv"@br	<http://ids.clld.org/values/3-950-183-3>		<http://ids.clld.org/parameters/3-950>		<http://ids.clld.org/values/3-950-280-1>		"wɨṣ̌ko"@pcp	
"fri"@br	<http://ids.clld.org/values/4-230-183-1>		<http://ids.clld.org/parameters/4-230>		<http://ids.clld.org/values/4-230-280-1>		"řɨ'kina"@pcp	
"daou"@br	<http://ids.clld.org/values/13-20-183-1>		<http://ids.clld.org/parameters/13-20>		<http://ids.clld.org/values/13-20-280-1>		"ra'wɨ"@pcp	
"kurun"@br	<http://ids.clld.org/values/1-560-183-1>		<http://ids.clld.org/parameters/1-560>		<http://ids.clld.org/values/1-560-280-1>		"'naina"@pcp	
"diou"@br	<http://ids.clld.org/values/13-20-183-3>		<http://ids.clld.org/parameters/13-20>		<http://ids.clld.org/values/13-20-280-1>		"ra'wɨ"@pcp	
