"puɲs"@br	<http://ids.clld.org/values/1-370-183-5>		<http://ids.clld.org/parameters/1-370>		<http://ids.clld.org/values/1-370-293-1>		"kʰwa"@ram	
"krapad"@br	<http://ids.clld.org/values/10-472-183-1>		<http://ids.clld.org/parameters/10-472>		<http://ids.clld.org/values/10-472-293-1>		"pi-"@ram	
"nevez"@br	<http://ids.clld.org/values/14-130-183-1>		<http://ids.clld.org/parameters/14-130>		<http://ids.clld.org/values/14-130-293-1>		"-tuwa"@ram	
"buhez"@br	<http://ids.clld.org/values/4-740-183-5>		<http://ids.clld.org/parameters/4-740>		<http://ids.clld.org/values/4-740-293-1>		"tĩ"@ram	
"evaɲ"@br	<http://ids.clld.org/values/5-130-183-1>		<http://ids.clld.org/parameters/5-130>		<http://ids.clld.org/values/5-130-293-1>		"-kʰõ (kʰɔ̃ ?)"@ram	
"foenn"@br	<http://ids.clld.org/values/8-520-183-1>		<http://ids.clld.org/parameters/8-520>		<http://ids.clld.org/values/8-520-293-1>		"po-"@ram	
"yeot"@br	<http://ids.clld.org/values/8-510-183-3>		<http://ids.clld.org/parameters/8-510>		<http://ids.clld.org/values/8-510-293-1>		"aʔ-tuu"@ram	
"kov"@br	<http://ids.clld.org/values/4-460-183-3>		<http://ids.clld.org/parameters/4-460>		<http://ids.clld.org/values/4-460-293-1>		"ii-tu"@ram	
"kromm"@br	<http://ids.clld.org/values/12-740-183-3>		<http://ids.clld.org/parameters/12-740>		<http://ids.clld.org/values/12-740-293-1>		"yakɔt"@ram	
"mel"@br	<http://ids.clld.org/values/5-840-183-1>		<http://ids.clld.org/parameters/5-840>		<http://ids.clld.org/values/5-840-293-1>		"pɛn"@ram	
"mamm"@br	<http://ids.clld.org/values/2-360-183-1>		<http://ids.clld.org/parameters/2-360>		<http://ids.clld.org/values/2-360-293-1>		"-nə̃ə̃"@ram	
"diwaskaɲ"@br	<http://ids.clld.org/values/9-343-183-1>		<http://ids.clld.org/parameters/9-343>		<http://ids.clld.org/values/9-343-293-1>		"ŋɛ̃n"@ram	
"kanaɲ"@br	<http://ids.clld.org/values/18-120-183-1>		<http://ids.clld.org/parameters/18-120>		<http://ids.clld.org/values/18-120-293-1>		"-krɛ"@ram	
"deviɲ"@br	<http://ids.clld.org/values/1-852-183-1>		<http://ids.clld.org/parameters/1-852>		<http://ids.clld.org/values/1-852-293-1>		"pok"@ram	
"heol"@br	<http://ids.clld.org/values/1-520-183-1>		<http://ids.clld.org/parameters/1-520>		<http://ids.clld.org/values/1-520-293-3>		"pɨtɨ"@ram	
"heol"@br	<http://ids.clld.org/values/1-520-183-1>		<http://ids.clld.org/parameters/1-520>		<http://ids.clld.org/values/1-520-293-1>		"pɨt"@ram	
"drebi"@br	<http://ids.clld.org/values/5-110-183-3>		<http://ids.clld.org/parameters/5-110>		<http://ids.clld.org/values/5-110-293-3>		"kʰuu"@ram	
"drebi"@br	<http://ids.clld.org/values/5-110-183-3>		<http://ids.clld.org/parameters/5-110>		<http://ids.clld.org/values/5-110-293-7>		"pa-"@ram	
"drebi"@br	<http://ids.clld.org/values/5-110-183-3>		<http://ids.clld.org/parameters/5-110>		<http://ids.clld.org/values/5-110-293-5>		"kukʰu-"@ram	
"drebi"@br	<http://ids.clld.org/values/5-110-183-3>		<http://ids.clld.org/parameters/5-110>		<http://ids.clld.org/values/5-110-293-1>		"-kʰrẽ"@ram	
"gwezenn"@br	<http://ids.clld.org/values/8-600-183-1>		<http://ids.clld.org/parameters/8-600>		<http://ids.clld.org/values/8-600-293-1>		"pĩĩ"@ram	
"leh"@br	<http://ids.clld.org/values/12-110-183-3>		<http://ids.clld.org/parameters/12-110>		<http://ids.clld.org/values/12-110-293-1>		"-li-"@ram	
"holen"@br	<http://ids.clld.org/values/5-810-183-1>		<http://ids.clld.org/parameters/5-810>		<http://ids.clld.org/values/5-810-293-1>		"kaac̷wa"@ram	
"gwaz"@br	<http://ids.clld.org/values/2-210-183-1>		<http://ids.clld.org/parameters/2-210>		<http://ids.clld.org/values/2-210-293-1>		"hũm"@ram	
"dant"@br	<http://ids.clld.org/values/4-270-183-1>		<http://ids.clld.org/parameters/4-270>		<http://ids.clld.org/values/4-270-293-1>		"ii-c̷wa"@ram	
"ober"@br	<http://ids.clld.org/values/9-110-183-1>		<http://ids.clld.org/parameters/9-110>		<http://ids.clld.org/values/9-110-293-1>		"tɔn"@ram	
"penn-baz"@br	<http://ids.clld.org/values/19-250-183-3>		<http://ids.clld.org/parameters/19-250>		<http://ids.clld.org/values/19-250-293-1>		"kʰo-"@ram	
"heɲvel"@br	<http://ids.clld.org/values/12-920-183-1>		<http://ids.clld.org/parameters/12-920>		<http://ids.clld.org/values/12-920-293-1>		"kʰĩ"@ram	
"tri"@br	<http://ids.clld.org/values/13-30-183-1>		<http://ids.clld.org/parameters/13-30>		<http://ids.clld.org/values/13-30-293-1>		"ɨnkre-"@ram	
"suna"@br	<http://ids.clld.org/values/5-160-183-1>		<http://ids.clld.org/parameters/5-160>		<http://ids.clld.org/values/5-160-293-1>		"kaho"@ram	
"gor"@br	<http://ids.clld.org/values/4-856-183-1>		<http://ids.clld.org/parameters/4-856>		<http://ids.clld.org/values/4-856-293-1>		"kuhe"@ram	
"gwareg"@br	<http://ids.clld.org/values/20-240-183-1>		<http://ids.clld.org/parameters/20-240>		<http://ids.clld.org/values/20-240-293-1>		"kuuhe"@ram	
"kig"@br	<http://ids.clld.org/values/5-610-183-1>		<http://ids.clld.org/parameters/5-610>		<http://ids.clld.org/values/5-610-293-1>		"hĩ"@ram	
"kig"@br	<http://ids.clld.org/values/5-610-183-1>		<http://ids.clld.org/parameters/5-610>		<http://ids.clld.org/values/5-610-293-3>		"yĩ"@ram	
"leiz"@br	<http://ids.clld.org/values/15-830-183-3>		<http://ids.clld.org/parameters/15-830>		<http://ids.clld.org/values/15-830-293-1>		"mrɔ̃ (?)"@ram	
"beure"@br	<http://ids.clld.org/values/14-440-183-1>		<http://ids.clld.org/parameters/14-440>		<http://ids.clld.org/values/14-440-293-1>		"apɛ̃"@ram	
"hik"@br	<http://ids.clld.org/values/4-521-183-1>		<http://ids.clld.org/parameters/4-521>		<http://ids.clld.org/values/4-521-293-1>		"hɛk"@ram	
"lagad"@br	<http://ids.clld.org/values/4-210-183-1>		<http://ids.clld.org/parameters/4-210>		<http://ids.clld.org/values/4-210-293-1>		"ii-tɔ"@ram	
"du"@br	<http://ids.clld.org/values/15-650-183-1>		<http://ids.clld.org/parameters/15-650>		<http://ids.clld.org/values/15-650-293-1>		"iʔ-tɨk"@ram	
"logodenn-dall"@br	<http://ids.clld.org/values/3-591-183-3>		<http://ids.clld.org/parameters/3-591>		<http://ids.clld.org/values/3-591-293-1>		"c̷ɛprɛ"@ram	
"oabl"@br	<http://ids.clld.org/values/1-510-183-1>		<http://ids.clld.org/parameters/1-510>		<http://ids.clld.org/values/1-510-293-1>		"koykʰwa"@ram	
"dougen"@br	<http://ids.clld.org/values/10-610-183-1>		<http://ids.clld.org/parameters/10-610>		<http://ids.clld.org/values/10-610-293-1>		"pə"@ram	
"anoued"@br	<http://ids.clld.org/values/15-860-183-5>		<http://ids.clld.org/parameters/15-860>		<http://ids.clld.org/values/15-860-293-1>		"kʰrɨ"@ram	
"gwalhiɲ"@br	<http://ids.clld.org/values/9-360-183-1>		<http://ids.clld.org/parameters/9-360>		<http://ids.clld.org/values/9-360-293-1>		"kuʔhõ"@ram	
"gwalhiɲ"@br	<http://ids.clld.org/values/9-360-183-1>		<http://ids.clld.org/parameters/9-360>		<http://ids.clld.org/values/9-360-293-3>		"kaʔhõ"@ram	
"yen"@br	<http://ids.clld.org/values/15-860-183-1>		<http://ids.clld.org/parameters/15-860>		<http://ids.clld.org/values/15-860-293-1>		"kʰrɨ"@ram	
"pastellou"@br	<http://ids.clld.org/values/4-464-183-3>		<http://ids.clld.org/parameters/4-464>		<http://ids.clld.org/values/4-464-293-1>		"ayɔ"@ram	
"papillon"@br	<http://ids.clld.org/values/3-920-183-1>		<http://ids.clld.org/parameters/3-920>		<http://ids.clld.org/values/3-920-293-1>		"wɛwɛ-"@ram	
"bara zegal"@br	<http://ids.clld.org/values/4-450-183-3>		<http://ids.clld.org/parameters/4-450>		<http://ids.clld.org/values/4-450-293-1>		"ii-pa"@ram	
"heɲ/ hi"@br	<http://ids.clld.org/values/2-930-183-1>		<http://ids.clld.org/parameters/2-930>		<http://ids.clld.org/values/2-930-293-1>		"tamə̃"@ram	
"poucher"@br	<http://ids.clld.org/values/1-213-183-3>		<http://ids.clld.org/parameters/1-213>		<http://ids.clld.org/values/1-213-293-1>		"pye yakro"@ram	
"tan"@br	<http://ids.clld.org/values/1-810-183-1>		<http://ids.clld.org/parameters/1-810>		<http://ids.clld.org/values/1-810-293-1>		"kuhɨ"@ram	
"dour"@br	<http://ids.clld.org/values/1-310-183-1>		<http://ids.clld.org/parameters/1-310>		<http://ids.clld.org/values/1-310-293-1>		"ko"@ram	
"lost"@br	<http://ids.clld.org/values/4-180-183-1>		<http://ids.clld.org/parameters/4-180>		<http://ids.clld.org/values/4-180-293-1>		"ha-ppɨ"@ram	
"selaou"@br	<http://ids.clld.org/values/15-420-183-1>		<http://ids.clld.org/parameters/15-420>		<http://ids.clld.org/values/15-420-293-1>		"k mpa (?)"@ram	
"traez"@br	<http://ids.clld.org/values/1-215-183-1>		<http://ids.clld.org/parameters/1-215>		<http://ids.clld.org/values/1-215-293-1>		"pye"@ram	
"beg"@br	<http://ids.clld.org/values/4-240-183-3>		<http://ids.clld.org/parameters/4-240>		<http://ids.clld.org/values/4-240-293-1>		"-yarkʰwa"@ram	
"nebeud"@br	<http://ids.clld.org/values/13-170-183-1>		<http://ids.clld.org/parameters/13-170>		<http://ids.clld.org/values/13-170-293-1>		"kʰɨɨpe-"@ram	
"c’hoalen"@br	<http://ids.clld.org/values/5-810-183-5>		<http://ids.clld.org/parameters/5-810>		<http://ids.clld.org/values/5-810-293-1>		"kaac̷wa"@ram	
"bezaɲ o chom"@br	<http://ids.clld.org/values/7-110-183-1>		<http://ids.clld.org/parameters/7-110>		<http://ids.clld.org/values/7-110-293-1>		"kʰrĩ"@ram	
"groɲch"@br	<http://ids.clld.org/values/4-209-183-3>		<http://ids.clld.org/parameters/4-209>		<http://ids.clld.org/values/4-209-293-1>		"hamã"@ram	
"aval-douar"@br	<http://ids.clld.org/values/5-700-183-1>		<http://ids.clld.org/parameters/5-700>		<http://ids.clld.org/values/5-700-293-1>		"yat (yɛt ?)"@ram	
"braz"@br	<http://ids.clld.org/values/12-550-183-1>		<http://ids.clld.org/parameters/12-550>		<http://ids.clld.org/values/12-550-293-1>		"ti-"@ram	
"hir"@br	<http://ids.clld.org/values/12-570-183-1>		<http://ids.clld.org/parameters/12-570>		<http://ids.clld.org/values/12-570-293-1>		"i-rɨɨ"@ram	
"lourd"@br	<http://ids.clld.org/values/15-810-183-3>		<http://ids.clld.org/parameters/15-810>		<http://ids.clld.org/values/15-810-293-1>		"hũũ-tĩ"@ram	
"mond en e zoazez"@br	<http://ids.clld.org/values/12-130-183-3>		<http://ids.clld.org/parameters/12-130>		<http://ids.clld.org/values/12-130-293-1>		"yə̃ (yɨ̃ ?)"@ram	
"me"@br	<http://ids.clld.org/values/2-910-183-1>		<http://ids.clld.org/parameters/2-910>		<http://ids.clld.org/values/2-910-293-3>		"wa"@ram	
"me"@br	<http://ids.clld.org/values/2-910-183-1>		<http://ids.clld.org/parameters/2-910>		<http://ids.clld.org/values/2-910-293-1>		"pa"@ram	
"skoiɲ"@br	<http://ids.clld.org/values/9-210-183-3>		<http://ids.clld.org/parameters/9-210>		<http://ids.clld.org/values/9-210-293-1>		"kʰrɔ̃k"@ram	
"pluskenn"@br	<http://ids.clld.org/values/8-750-183-1>		<http://ids.clld.org/parameters/8-750>		<http://ids.clld.org/values/8-750-293-1>		"ii-kʰə"@ram	
"treiɲ"@br	<http://ids.clld.org/values/10-130-183-1>		<http://ids.clld.org/parameters/10-130>		<http://ids.clld.org/values/10-130-293-1>		"ayrɔ̃"@ram	
"poultr"@br	<http://ids.clld.org/values/1-213-183-1>		<http://ids.clld.org/parameters/1-213>		<http://ids.clld.org/values/1-213-293-1>		"pye yakro"@ram	
"penmoh"@br	<http://ids.clld.org/values/3-350-183-1>		<http://ids.clld.org/parameters/3-350>		<http://ids.clld.org/values/3-350-293-1>		"kʰro"@ram	
"toud"@br	<http://ids.clld.org/values/13-140-183-3>		<http://ids.clld.org/parameters/13-140>		<http://ids.clld.org/values/13-140-293-1>		"tu-"@ram	
"c’hoar"@br	<http://ids.clld.org/values/2-450-183-1>		<http://ids.clld.org/parameters/2-450>		<http://ids.clld.org/values/2-450-293-1>		"tɔ̃y-"@ram	
"gar"@br	<http://ids.clld.org/values/4-350-183-1>		<http://ids.clld.org/parameters/4-350>		<http://ids.clld.org/values/4-350-293-1>		"ii-tɛ"@ram	
"gwad"@br	<http://ids.clld.org/values/4-150-183-1>		<http://ids.clld.org/parameters/4-150>		<http://ids.clld.org/values/4-150-293-1>		"ii-kaproo"@ram	
"kochon"@br	<http://ids.clld.org/values/3-350-183-5>		<http://ids.clld.org/parameters/3-350>		<http://ids.clld.org/values/3-350-293-1>		"kʰro"@ram	
"steredenn"@br	<http://ids.clld.org/values/1-540-183-1>		<http://ids.clld.org/parameters/1-540>		<http://ids.clld.org/values/1-540-293-1>		"kac̷ee-rɛ"@ram	
"hep-ken"@br	<http://ids.clld.org/values/13-330-183-1>		<http://ids.clld.org/parameters/13-330>		<http://ids.clld.org/values/13-330-293-3>		"kamã"@ram	
"hep-ken"@br	<http://ids.clld.org/values/13-330-183-1>		<http://ids.clld.org/parameters/13-330>		<http://ids.clld.org/values/13-330-293-1>		"pit"@ram	
"droug"@br	<http://ids.clld.org/values/16-310-183-3>		<http://ids.clld.org/parameters/16-310>		<http://ids.clld.org/values/16-310-293-1>		"-c̷a-"@ram	
"droug"@br	<http://ids.clld.org/values/16-310-183-3>		<http://ids.clld.org/parameters/16-310>		<http://ids.clld.org/values/16-310-293-3>		"ha- (?)"@ram	
"te"@br	<http://ids.clld.org/values/2-920-183-1>		<http://ids.clld.org/parameters/2-920>		<http://ids.clld.org/values/2-920-293-1>		"ka"@ram	
"klask"@br	<http://ids.clld.org/values/11-310-183-1>		<http://ids.clld.org/parameters/11-310>		<http://ids.clld.org/values/11-310-293-1>		"lɨ̃t"@ram	
"kannaɲ"@br	<http://ids.clld.org/values/9-360-183-3>		<http://ids.clld.org/parameters/9-360>		<http://ids.clld.org/values/9-360-293-1>		"kuʔhõ"@ram	
"kannaɲ"@br	<http://ids.clld.org/values/9-360-183-3>		<http://ids.clld.org/parameters/9-360>		<http://ids.clld.org/values/9-360-293-3>		"kaʔhõ"@ram	
"plas"@br	<http://ids.clld.org/values/12-110-183-1>		<http://ids.clld.org/parameters/12-110>		<http://ids.clld.org/values/12-110-293-1>		"-li-"@ram	
"penn"@br	<http://ids.clld.org/values/4-200-183-1>		<http://ids.clld.org/parameters/4-200>		<http://ids.clld.org/values/4-200-293-1>		"ii-kʰrə̃"@ram	
"gleb"@br	<http://ids.clld.org/values/15-830-183-1>		<http://ids.clld.org/parameters/15-830>		<http://ids.clld.org/values/15-830-293-1>		"mrɔ̃ (?)"@ram	
"umid"@br	<http://ids.clld.org/values/15-830-183-5>		<http://ids.clld.org/parameters/15-830>		<http://ids.clld.org/values/15-830-293-1>		"mrɔ̃ (?)"@ram	
"bouchad"@br	<http://ids.clld.org/values/16-290-183-3>		<http://ids.clld.org/parameters/16-290>		<http://ids.clld.org/values/16-290-293-1>		"p (?)"@ram	
"dous"@br	<http://ids.clld.org/values/15-350-183-3>		<http://ids.clld.org/parameters/15-350>		<http://ids.clld.org/values/15-350-293-1>		"c̷o-"@ram	
"fall"@br	<http://ids.clld.org/values/16-720-183-1>		<http://ids.clld.org/parameters/16-720>		<http://ids.clld.org/values/16-720-293-1>		"iʔkʰɛn"@ram	
"laouen"@br	<http://ids.clld.org/values/16-230-183-1>		<http://ids.clld.org/parameters/16-230>		<http://ids.clld.org/values/16-230-293-1>		"hakʰrɨ"@ram	
"krigiɲ"@br	<http://ids.clld.org/values/4-580-183-1>		<http://ids.clld.org/parameters/4-580>		<http://ids.clld.org/values/4-580-293-1>		"-ku-c̷a"@ram	
"labous"@br	<http://ids.clld.org/values/3-581-183-1>		<http://ids.clld.org/parameters/3-581>		<http://ids.clld.org/values/3-581-293-1>		"kɛ̃"@ram	
"lapenn"@br	<http://ids.clld.org/values/4-260-183-3>		<http://ids.clld.org/parameters/4-260>		<http://ids.clld.org/values/4-260-293-1>		"-yõʔtɔ"@ram	
"neɲv"@br	<http://ids.clld.org/values/1-510-183-3>		<http://ids.clld.org/parameters/1-510>		<http://ids.clld.org/values/1-510-293-1>		"koykʰwa"@ram	
"paotr"@br	<http://ids.clld.org/values/2-210-183-3>		<http://ids.clld.org/parameters/2-210>		<http://ids.clld.org/values/2-210-293-1>		"hũm"@ram	
"vi"@br	<http://ids.clld.org/values/5-970-183-1>		<http://ids.clld.org/parameters/5-970>		<http://ids.clld.org/values/5-970-293-1>		"in-krɛ"@ram	
"neuɲvi"@br	<http://ids.clld.org/values/10-350-183-1>		<http://ids.clld.org/parameters/10-350>		<http://ids.clld.org/values/10-350-293-1>		"ree"@ram	
"neuɲvi"@br	<http://ids.clld.org/values/10-350-183-1>		<http://ids.clld.org/parameters/10-350>		<http://ids.clld.org/values/10-350-293-3>		"c̷wa"@ram	
"tad"@br	<http://ids.clld.org/values/2-350-183-1>		<http://ids.clld.org/parameters/2-350>		<http://ids.clld.org/values/2-350-293-1>		"-pãm"@ram	
"tad"@br	<http://ids.clld.org/values/2-350-183-1>		<http://ids.clld.org/parameters/2-350>		<http://ids.clld.org/values/2-350-293-3>		"c̷ũ"@ram	
"krohen"@br	<http://ids.clld.org/values/4-120-183-1>		<http://ids.clld.org/parameters/4-120>		<http://ids.clld.org/values/4-120-293-1>		"ii-kʰə (?)"@ram	
"saez"@br	<http://ids.clld.org/values/20-250-183-3>		<http://ids.clld.org/parameters/20-250>		<http://ids.clld.org/values/20-250-293-1>		"kruw"@ram	
"delienn"@br	<http://ids.clld.org/values/8-560-183-1>		<http://ids.clld.org/parameters/8-560>		<http://ids.clld.org/values/8-560-293-1>		"iʔ-ho"@ram	
"kleved"@br	<http://ids.clld.org/values/15-410-183-1>		<http://ids.clld.org/parameters/15-410>		<http://ids.clld.org/values/15-410-293-1>		"kʰə̃-pa"@ram	
"den"@br	<http://ids.clld.org/values/2-310-183-1>		<http://ids.clld.org/parameters/2-310>		<http://ids.clld.org/values/2-310-293-1>		"ĩĩ-pyɛ"@ram	
"breh"@br	<http://ids.clld.org/values/4-310-183-1>		<http://ids.clld.org/parameters/4-310>		<http://ids.clld.org/values/4-310-293-1>		"pa"@ram	
"en em deviɲ"@br	<http://ids.clld.org/values/1-851-183-1>		<http://ids.clld.org/parameters/1-851>		<http://ids.clld.org/values/1-851-293-1>		"ka-c̷ər"@ram	
"avel"@br	<http://ids.clld.org/values/1-720-183-1>		<http://ids.clld.org/parameters/1-720>		<http://ids.clld.org/values/1-720-293-1>		"kʰook"@ram	
"genou"@br	<http://ids.clld.org/values/4-240-183-1>		<http://ids.clld.org/parameters/4-240>		<http://ids.clld.org/values/4-240-293-1>		"-yarkʰwa"@ram	
"feb"@br	<http://ids.clld.org/values/4-820-183-3>		<http://ids.clld.org/parameters/4-820>		<http://ids.clld.org/values/4-820-293-1>		"pɛk-"@ram	
"rohell"@br	<http://ids.clld.org/values/1-440-183-5>		<http://ids.clld.org/parameters/1-440>		<http://ids.clld.org/values/1-440-293-1>		"kʰɛn"@ram	
"dond"@br	<http://ids.clld.org/values/10-480-183-1>		<http://ids.clld.org/parameters/10-480>		<http://ids.clld.org/values/10-480-293-1>		"-tẽ"@ram	
"dorn"@br	<http://ids.clld.org/values/4-330-183-1>		<http://ids.clld.org/parameters/4-330>		<http://ids.clld.org/values/4-330-293-1>		"hũʔkʰra"@ram	
"glao"@br	<http://ids.clld.org/values/1-750-183-1>		<http://ids.clld.org/parameters/1-750>		<http://ids.clld.org/values/1-750-293-1>		"taa (ta ?)"@ram	
"bihan"@br	<http://ids.clld.org/values/12-560-183-1>		<http://ids.clld.org/parameters/12-560>		<http://ids.clld.org/values/12-560-293-3>		"lɛ"@ram	
"bihan"@br	<http://ids.clld.org/values/12-560-183-1>		<http://ids.clld.org/parameters/12-560>		<http://ids.clld.org/values/12-560-293-1>		"ĩn-krirɛ"@ram	
"chink"@br	<http://ids.clld.org/values/4-209-183-5>		<http://ids.clld.org/parameters/4-209>		<http://ids.clld.org/values/4-209-293-1>		"hamã"@ram	
"gwreg"@br	<http://ids.clld.org/values/2-320-183-1>		<http://ids.clld.org/parameters/2-320>		<http://ids.clld.org/values/2-320-293-1>		"ĩĩ-prõ"@ram	
"park"@br	<http://ids.clld.org/values/8-120-183-1>		<http://ids.clld.org/parameters/8-120>		<http://ids.clld.org/values/8-120-293-1>		"pur"@ram	
"livaj"@br	<http://ids.clld.org/values/9-880-183-1>		<http://ids.clld.org/parameters/9-880>		<http://ids.clld.org/values/9-880-293-1>		"kʰrɔr"@ram	
"unan"@br	<http://ids.clld.org/values/13-10-183-1>		<http://ids.clld.org/parameters/13-10>		<http://ids.clld.org/values/13-10-293-1>		"pɨc̷it"@ram	
"dibriɲ"@br	<http://ids.clld.org/values/5-110-183-1>		<http://ids.clld.org/parameters/5-110>		<http://ids.clld.org/values/5-110-293-3>		"kʰuu"@ram	
"dibriɲ"@br	<http://ids.clld.org/values/5-110-183-1>		<http://ids.clld.org/parameters/5-110>		<http://ids.clld.org/values/5-110-293-7>		"pa-"@ram	
"dibriɲ"@br	<http://ids.clld.org/values/5-110-183-1>		<http://ids.clld.org/parameters/5-110>		<http://ids.clld.org/values/5-110-293-5>		"kukʰu-"@ram	
"dibriɲ"@br	<http://ids.clld.org/values/5-110-183-1>		<http://ids.clld.org/parameters/5-110>		<http://ids.clld.org/values/5-110-293-1>		"-kʰrẽ"@ram	
"maen"@br	<http://ids.clld.org/values/1-440-183-1>		<http://ids.clld.org/parameters/1-440>		<http://ids.clld.org/values/1-440-293-1>		"kʰɛn"@ram	
"kaoud an hik"@br	<http://ids.clld.org/values/4-521-183-3>		<http://ids.clld.org/parameters/4-521>		<http://ids.clld.org/values/4-521-293-1>		"hɛk"@ram	
"elgez"@br	<http://ids.clld.org/values/4-209-183-1>		<http://ids.clld.org/parameters/4-209>		<http://ids.clld.org/values/4-209-293-1>		"hamã"@ram	
"en"@br	<http://ids.clld.org/values/12-50-183-1>		<http://ids.clld.org/parameters/12-50>		<http://ids.clld.org/values/12-50-293-1>		"kʰam"@ram	
"poan"@br	<http://ids.clld.org/values/16-310-183-1>		<http://ids.clld.org/parameters/16-310>		<http://ids.clld.org/values/16-310-293-1>		"-c̷a-"@ram	
"poan"@br	<http://ids.clld.org/values/16-310-183-1>		<http://ids.clld.org/parameters/16-310>		<http://ids.clld.org/values/16-310-293-3>		"ha- (?)"@ram	
"bugel"@br	<http://ids.clld.org/values/2-270-183-1>		<http://ids.clld.org/parameters/2-270>		<http://ids.clld.org/values/2-270-293-1>		"aʔ-kʰra-rɛ"@ram	
"droug"@br	<http://ids.clld.org/values/16-720-183-3>		<http://ids.clld.org/parameters/16-720>		<http://ids.clld.org/values/16-720-293-1>		"iʔkʰɛn"@ram	
"peɲsou"@br	<http://ids.clld.org/values/4-464-183-1>		<http://ids.clld.org/parameters/4-464>		<http://ids.clld.org/values/4-464-293-1>		"ayɔ"@ram	
"oaled"@br	<http://ids.clld.org/values/7-310-183-1>		<http://ids.clld.org/parameters/7-310>		<http://ids.clld.org/values/7-310-293-1>		"kiz (?)"@ram	
"gourvezaɲ"@br	<http://ids.clld.org/values/12-140-183-1>		<http://ids.clld.org/parameters/12-140>		<http://ids.clld.org/values/12-140-293-1>		"nɔ̃"@ram	
"baz"@br	<http://ids.clld.org/values/19-250-183-1>		<http://ids.clld.org/parameters/19-250>		<http://ids.clld.org/values/19-250-293-1>		"kʰo-"@ram	
"ludu"@br	<http://ids.clld.org/values/1-840-183-1>		<http://ids.clld.org/parameters/1-840>		<http://ids.clld.org/values/1-840-293-1>		"prɔ"@ram	
"ponner"@br	<http://ids.clld.org/values/15-810-183-1>		<http://ids.clld.org/parameters/15-810>		<http://ids.clld.org/values/15-810-293-1>		"hũũ-tĩ"@ram	
"estomak"@br	<http://ids.clld.org/values/4-460-183-1>		<http://ids.clld.org/parameters/4-460>		<http://ids.clld.org/values/4-460-293-1>		"ii-tu"@ram	
"prenn"@br	<http://ids.clld.org/values/1-430-183-3>		<http://ids.clld.org/parameters/1-430>		<http://ids.clld.org/values/1-430-293-1>		"pĩ"@ram	
"joauz"@br	<http://ids.clld.org/values/16-230-183-3>		<http://ids.clld.org/parameters/16-230>		<http://ids.clld.org/values/16-230-293-1>		"hakʰrɨ"@ram	
"gwenodenn"@br	<http://ids.clld.org/values/10-720-183-1>		<http://ids.clld.org/parameters/10-720>		<http://ids.clld.org/values/10-720-293-1>		"prɨɨ"@ram	
"dastum diwar an douar"@br	<http://ids.clld.org/values/12-212-183-1>		<http://ids.clld.org/parameters/12-212>		<http://ids.clld.org/values/12-212-293-1>		"pɨ"@ram	
"karo"@br	<http://ids.clld.org/values/3-750-183-1>		<http://ids.clld.org/parameters/3-750>		<http://ids.clld.org/values/3-750-293-1>		"pɔ"@ram	
"karo"@br	<http://ids.clld.org/values/3-750-183-1>		<http://ids.clld.org/parameters/3-750>		<http://ids.clld.org/values/3-750-293-3>		"kaarə"@ram	
"riou"@br	<http://ids.clld.org/values/15-860-183-3>		<http://ids.clld.org/parameters/15-860>		<http://ids.clld.org/values/15-860-293-1>		"kʰrɨ"@ram	
"mond"@br	<http://ids.clld.org/values/10-470-183-1>		<http://ids.clld.org/parameters/10-470>		<http://ids.clld.org/values/10-470-293-1>		"mɔ̃"@ram	
"nann"@br	<http://ids.clld.org/values/17-560-183-1>		<http://ids.clld.org/parameters/17-560>		<http://ids.clld.org/values/17-560-293-1>		"ke-"@ram	
"evn"@br	<http://ids.clld.org/values/3-581-183-3>		<http://ids.clld.org/parameters/3-581>		<http://ids.clld.org/values/3-581-293-1>		"kɛ̃"@ram	
"chilaou"@br	<http://ids.clld.org/values/15-420-183-3>		<http://ids.clld.org/parameters/15-420>		<http://ids.clld.org/values/15-420-293-1>		"k mpa (?)"@ram	
"askell"@br	<http://ids.clld.org/values/4-392-183-1>		<http://ids.clld.org/parameters/4-392>		<http://ids.clld.org/values/4-392-293-1>		"haaraa"@ram	
"mammenn"@br	<http://ids.clld.org/values/1-370-183-3>		<http://ids.clld.org/parameters/1-370>		<http://ids.clld.org/values/1-370-293-1>		"kʰwa"@ram	
"bezaɲ(chom) enn he zao"@br	<http://ids.clld.org/values/12-150-183-1>		<http://ids.clld.org/parameters/12-150>		<http://ids.clld.org/values/12-150-293-1>		"c̷a"@ram	
"u"@br	<http://ids.clld.org/values/5-970-183-3>		<http://ids.clld.org/parameters/5-970>		<http://ids.clld.org/values/5-970-293-1>		"in-krɛ"@ram	
"nijal"@br	<http://ids.clld.org/values/10-370-183-1>		<http://ids.clld.org/parameters/10-370>		<http://ids.clld.org/values/10-370-293-1>		"tɛɛ"@ram	
"dornaɲ"@br	<http://ids.clld.org/values/9-211-183-1>		<http://ids.clld.org/parameters/9-211>		<http://ids.clld.org/values/9-211-293-1>		"twə"@ram	
"askorn"@br	<http://ids.clld.org/values/4-160-183-1>		<http://ids.clld.org/parameters/4-160>		<http://ids.clld.org/values/4-160-293-1>		"-hi"@ram	
"mad"@br	<http://ids.clld.org/values/16-710-183-1>		<http://ids.clld.org/parameters/16-710>		<http://ids.clld.org/values/16-710-293-1>		"-pɛy"@ram	
"noz"@br	<http://ids.clld.org/values/14-420-183-1>		<http://ids.clld.org/parameters/14-420>		<http://ids.clld.org/values/14-420-293-1>		"kac̷wa"@ram	
"patatezenn"@br	<http://ids.clld.org/values/5-700-183-3>		<http://ids.clld.org/parameters/5-700>		<http://ids.clld.org/values/5-700-293-1>		"yat (yɛt ?)"@ram	
"had"@br	<http://ids.clld.org/values/8-311-183-1>		<http://ids.clld.org/parameters/8-311>		<http://ids.clld.org/values/8-311-293-1>		"iʔ-hɨɨ (hɨ- ?)"@ram	
"seh"@br	<http://ids.clld.org/values/15-840-183-1>		<http://ids.clld.org/parameters/15-840>		<http://ids.clld.org/values/15-840-293-1>		"krə"@ram	
"seh"@br	<http://ids.clld.org/values/15-840-183-1>		<http://ids.clld.org/parameters/15-840>		<http://ids.clld.org/values/15-840-293-3>		"(kʰra ?)"@ram	
"tonton"@br	<http://ids.clld.org/values/2-510-183-3>		<http://ids.clld.org/parameters/2-510>		<http://ids.clld.org/values/2-510-293-1>		"kɛt"@ram	
"gwezenn"@br	<http://ids.clld.org/values/1-420-183-1>		<http://ids.clld.org/parameters/1-420>		<http://ids.clld.org/values/1-420-293-1>		"pĩĩ"@ram	
"penn-baz"@br	<http://ids.clld.org/values/20-220-183-1>		<http://ids.clld.org/parameters/20-220>		<http://ids.clld.org/values/20-220-293-1>		"kʰo"@ram	
"ribin"@br	<http://ids.clld.org/values/10-720-183-3>		<http://ids.clld.org/parameters/10-720>		<http://ids.clld.org/values/10-720-293-1>		"prɨɨ"@ram	
"hutad"@br	<http://ids.clld.org/values/5-160-183-3>		<http://ids.clld.org/parameters/5-160>		<http://ids.clld.org/values/5-160-293-1>		"kaho"@ram	
"azezaɲ"@br	<http://ids.clld.org/values/12-130-183-1>		<http://ids.clld.org/parameters/12-130>		<http://ids.clld.org/values/12-130-293-1>		"yə̃ (yɨ̃ ?)"@ram	
"plaɲsonenn"@br	<http://ids.clld.org/values/9-770-183-1>		<http://ids.clld.org/parameters/9-770>		<http://ids.clld.org/values/9-770-293-1>		"kohpip (koʔpip ?)"@ram	
"bleo"@br	<http://ids.clld.org/values/4-140-183-1>		<http://ids.clld.org/parameters/4-140>		<http://ids.clld.org/values/4-140-293-1>		"ii-kʰĩ"@ram	
"askell-grohen"@br	<http://ids.clld.org/values/3-591-183-1>		<http://ids.clld.org/parameters/3-591>		<http://ids.clld.org/values/3-591-293-1>		"c̷ɛprɛ"@ram	
"peroked"@br	<http://ids.clld.org/values/3-592-183-1>		<http://ids.clld.org/parameters/3-592>		<http://ids.clld.org/values/3-592-293-1>		"krɨy-ti"@ram	
"mervel"@br	<http://ids.clld.org/values/4-750-183-1>		<http://ids.clld.org/parameters/4-750>		<http://ids.clld.org/values/4-750-293-1>		"tɨɨ- (tɨ ?)"@ram	
"beo"@br	<http://ids.clld.org/values/4-740-183-3>		<http://ids.clld.org/parameters/4-740>		<http://ids.clld.org/values/4-740-293-1>		"tĩ"@ram	
"neuial"@br	<http://ids.clld.org/values/10-350-183-3>		<http://ids.clld.org/parameters/10-350>		<http://ids.clld.org/values/10-350-293-1>		"ree"@ram	
"neuial"@br	<http://ids.clld.org/values/10-350-183-3>		<http://ids.clld.org/parameters/10-350>		<http://ids.clld.org/values/10-350-293-3>		"c̷wa"@ram	
"sabl"@br	<http://ids.clld.org/values/1-215-183-3>		<http://ids.clld.org/parameters/1-215>		<http://ids.clld.org/values/1-215-293-1>		"pye"@ram	
"porz"@br	<http://ids.clld.org/values/7-150-183-1>		<http://ids.clld.org/parameters/7-150>		<http://ids.clld.org/values/7-150-293-1>		"ka-"@ram	
"teir"@br	<http://ids.clld.org/values/13-30-183-3>		<http://ids.clld.org/parameters/13-30>		<http://ids.clld.org/values/13-30-293-1>		"ɨnkre-"@ram	
"kerzed"@br	<http://ids.clld.org/values/10-450-183-1>		<http://ids.clld.org/parameters/10-450>		<http://ids.clld.org/values/10-450-293-1>		"mõ"@ram	
"butun"@br	<http://ids.clld.org/values/8-680-183-1>		<http://ids.clld.org/parameters/8-680>		<http://ids.clld.org/values/8-680-293-1>		"parho"@ram	
"gliz"@br	<http://ids.clld.org/values/1-640-183-1>		<http://ids.clld.org/parameters/1-640>		<http://ids.clld.org/values/1-640-293-1>		"atər-"@ram	
"plouz"@br	<http://ids.clld.org/values/7-520-183-3>		<http://ids.clld.org/parameters/7-520>		<http://ids.clld.org/values/7-520-293-1>		"po"@ram	
"bir"@br	<http://ids.clld.org/values/20-250-183-1>		<http://ids.clld.org/parameters/20-250>		<http://ids.clld.org/values/20-250-293-1>		"kruw"@ram	
"eontr"@br	<http://ids.clld.org/values/2-510-183-1>		<http://ids.clld.org/parameters/2-510>		<http://ids.clld.org/values/2-510-293-1>		"kɛt"@ram	
"preɲv"@br	<http://ids.clld.org/values/3-840-183-1>		<http://ids.clld.org/parameters/3-840>		<http://ids.clld.org/values/3-840-293-1>		"hɔɔc̷ã"@ram	
"gwenn"@br	<http://ids.clld.org/values/15-640-183-1>		<http://ids.clld.org/parameters/15-640>		<http://ids.clld.org/values/15-640-293-1>		"hakkʰa"@ram	
"gwenn"@br	<http://ids.clld.org/values/15-640-183-1>		<http://ids.clld.org/parameters/15-640>		<http://ids.clld.org/values/15-640-293-3>		"yakʰaa"@ram	
"siɲj"@br	<http://ids.clld.org/values/3-760-183-3>		<http://ids.clld.org/parameters/3-760>		<http://ids.clld.org/values/3-760-293-1>		"kukʰoy"@ram	
"buzugenn"@br	<http://ids.clld.org/values/3-840-183-3>		<http://ids.clld.org/parameters/3-840>		<http://ids.clld.org/values/3-840-293-1>		"hɔɔc̷ã"@ram	
"kleiz"@br	<http://ids.clld.org/values/12-420-183-1>		<http://ids.clld.org/parameters/12-420>		<http://ids.clld.org/values/12-420-293-1>		"aw-kʰɛ"@ram	
"kousked"@br	<http://ids.clld.org/values/4-610-183-1>		<http://ids.clld.org/parameters/4-610>		<http://ids.clld.org/values/4-610-293-1>		"-ŋõr (ŋɔ̃r ?)"@ram	
"daɲsal"@br	<http://ids.clld.org/values/10-440-183-1>		<http://ids.clld.org/parameters/10-440>		<http://ids.clld.org/values/10-440-293-1>		"hakrun (?)"@ram	
"marmouz"@br	<http://ids.clld.org/values/3-760-183-1>		<http://ids.clld.org/parameters/3-760>		<http://ids.clld.org/values/3-760-293-1>		"kukʰoy"@ram	
"peb"@br	<http://ids.clld.org/values/13-140-183-1>		<http://ids.clld.org/parameters/13-140>		<http://ids.clld.org/values/13-140-293-1>		"tu-"@ram	
"goug"@br	<http://ids.clld.org/values/4-280-183-3>		<http://ids.clld.org/parameters/4-280>		<http://ids.clld.org/values/4-280-293-1>		"ii-put"@ram	
"haɲch"@br	<http://ids.clld.org/values/4-463-183-1>		<http://ids.clld.org/parameters/4-463>		<http://ids.clld.org/values/4-463-293-1>		"hɔ̃"@ram	
"halen"@br	<http://ids.clld.org/values/5-810-183-3>		<http://ids.clld.org/parameters/5-810>		<http://ids.clld.org/values/5-810-293-1>		"kaac̷wa"@ram	
"hano"@br	<http://ids.clld.org/values/18-280-183-1>		<http://ids.clld.org/parameters/18-280>		<http://ids.clld.org/values/18-280-293-1>		"awkʰe-"@ram	
"hano"@br	<http://ids.clld.org/values/18-280-183-1>		<http://ids.clld.org/parameters/18-280>		<http://ids.clld.org/values/18-280-293-3>		"yəyə-"@ram	
"skeiɲ"@br	<http://ids.clld.org/values/9-210-183-1>		<http://ids.clld.org/parameters/9-210>		<http://ids.clld.org/values/9-210-293-1>		"kʰrɔ̃k"@ram	
"pried"@br	<http://ids.clld.org/values/2-310-183-5>		<http://ids.clld.org/parameters/2-310>		<http://ids.clld.org/values/2-310-293-1>		"ĩĩ-pyɛ"@ram	
"fleur"@br	<http://ids.clld.org/values/8-570-183-3>		<http://ids.clld.org/parameters/8-570>		<http://ids.clld.org/values/8-570-293-1>		"ii-rə̃"@ram	
"pokad"@br	<http://ids.clld.org/values/16-290-183-1>		<http://ids.clld.org/parameters/16-290>		<http://ids.clld.org/values/16-290-293-1>		"p (?)"@ram	
"porhell"@br	<http://ids.clld.org/values/3-350-183-3>		<http://ids.clld.org/parameters/3-350>		<http://ids.clld.org/values/3-350-293-1>		"kʰro"@ram	
"pesk"@br	<http://ids.clld.org/values/3-650-183-1>		<http://ids.clld.org/parameters/3-650>		<http://ids.clld.org/values/3-650-293-3>		"krən-"@ram	
"pesk"@br	<http://ids.clld.org/values/3-650-183-1>		<http://ids.clld.org/parameters/3-650>		<http://ids.clld.org/values/3-650-293-1>		"tɛp"@ram	
"aer"@br	<http://ids.clld.org/values/3-850-183-1>		<http://ids.clld.org/parameters/3-850>		<http://ids.clld.org/values/3-850-293-3>		"pat"@ram	
"aer"@br	<http://ids.clld.org/values/3-850-183-1>		<http://ids.clld.org/parameters/3-850>		<http://ids.clld.org/values/3-850-293-1>		"kaaŋə"@ram	
"c’hwero"@br	<http://ids.clld.org/values/15-370-183-1>		<http://ids.clld.org/parameters/15-370>		<http://ids.clld.org/values/15-370-293-1>		"-c̷ə-"@ram	
"c’hwero"@br	<http://ids.clld.org/values/15-370-183-1>		<http://ids.clld.org/parameters/15-370>		<http://ids.clld.org/values/15-370-293-3>		"hə"@ram	
"toull"@br	<http://ids.clld.org/values/12-850-183-1>		<http://ids.clld.org/parameters/12-850>		<http://ids.clld.org/values/12-850-293-1>		"kʰrɛ"@ram	
"troad"@br	<http://ids.clld.org/values/4-370-183-1>		<http://ids.clld.org/parameters/4-370>		<http://ids.clld.org/values/4-370-293-1>		"ii-par"@ram	
"koad"@br	<http://ids.clld.org/values/1-410-183-1>		<http://ids.clld.org/parameters/1-410>		<http://ids.clld.org/values/1-410-293-1>		"lam-"@ram	
"neuial"@br	<http://ids.clld.org/values/4-690-183-1>		<http://ids.clld.org/parameters/4-690>		<http://ids.clld.org/values/4-690-293-1>		"c̷wa"@ram	
"c’hwezaɲ"@br	<http://ids.clld.org/values/10-380-183-1>		<http://ids.clld.org/parameters/10-380>		<http://ids.clld.org/values/10-380-293-1>		"hakkoo"@ram	
"bevaɲ"@br	<http://ids.clld.org/values/4-740-183-1>		<http://ids.clld.org/parameters/4-740>		<http://ids.clld.org/values/4-740-293-1>		"tĩ"@ram	
"koz"@br	<http://ids.clld.org/values/14-150-183-1>		<http://ids.clld.org/parameters/14-150>		<http://ids.clld.org/values/14-150-293-1>		"tũm"@ram	
"ruskenn"@br	<http://ids.clld.org/values/8-750-183-3>		<http://ids.clld.org/parameters/8-750>		<http://ids.clld.org/values/8-750-293-1>		"ii-kʰə"@ram	
"roh"@br	<http://ids.clld.org/values/1-440-183-3>		<http://ids.clld.org/parameters/1-440>		<http://ids.clld.org/values/1-440-293-1>		"kʰɛn"@ram	
"maro"@br	<http://ids.clld.org/values/4-750-183-3>		<http://ids.clld.org/parameters/4-750>		<http://ids.clld.org/values/4-750-293-1>		"tɨɨ- (tɨ ?)"@ram	
"bleunienn"@br	<http://ids.clld.org/values/8-570-183-5>		<http://ids.clld.org/parameters/8-570>		<http://ids.clld.org/values/8-570-293-1>		"ii-rə̃"@ram	
"mintin"@br	<http://ids.clld.org/values/14-440-183-3>		<http://ids.clld.org/parameters/14-440>		<http://ids.clld.org/values/14-440-293-1>		"apɛ̃"@ram	
"neud"@br	<http://ids.clld.org/values/6-380-183-1>		<http://ids.clld.org/parameters/6-380>		<http://ids.clld.org/values/6-380-293-1>		"he-"@ram	
"neud"@br	<http://ids.clld.org/values/6-380-183-1>		<http://ids.clld.org/parameters/6-380>		<http://ids.clld.org/values/6-380-293-3>		"-c̷e- (?)"@ram	
"kourt"@br	<http://ids.clld.org/values/7-150-183-3>		<http://ids.clld.org/parameters/7-150>		<http://ids.clld.org/values/7-150-293-1>		"ka-"@ram	
"gwan"@br	<http://ids.clld.org/values/4-820-183-1>		<http://ids.clld.org/parameters/4-820>		<http://ids.clld.org/values/4-820-293-1>		"pɛk-"@ram	
"laouenn"@br	<http://ids.clld.org/values/3-811-183-1>		<http://ids.clld.org/parameters/3-811>		<http://ids.clld.org/values/3-811-293-1>		"ii-ko"@ram	
"gwrizienn"@br	<http://ids.clld.org/values/8-540-183-1>		<http://ids.clld.org/parameters/8-540>		<http://ids.clld.org/values/8-540-293-1>		"haare"@ram	
"c’hweg"@br	<http://ids.clld.org/values/15-350-183-1>		<http://ids.clld.org/parameters/15-350>		<http://ids.clld.org/values/15-350-293-1>		"c̷o-"@ram	
"oll"@br	<http://ids.clld.org/values/13-140-183-5>		<http://ids.clld.org/parameters/13-140>		<http://ids.clld.org/values/13-140-293-1>		"tu-"@ram	
"bale"@br	<http://ids.clld.org/values/10-450-183-3>		<http://ids.clld.org/parameters/10-450>		<http://ids.clld.org/values/10-450-293-1>		"mõ"@ram	
"moged"@br	<http://ids.clld.org/values/1-830-183-1>		<http://ids.clld.org/parameters/1-830>		<http://ids.clld.org/values/1-830-293-1>		"iʔ-kʰũm"@ram	
"gouzoug"@br	<http://ids.clld.org/values/4-280-183-1>		<http://ids.clld.org/parameters/4-280>		<http://ids.clld.org/values/4-280-293-1>		"ii-put"@ram	
"kontaɲ gevier"@br	<http://ids.clld.org/values/16-670-183-1>		<http://ids.clld.org/parameters/16-670>		<http://ids.clld.org/values/16-670-293-1>		"nõ"@ram	
"koad"@br	<http://ids.clld.org/values/1-430-183-1>		<http://ids.clld.org/parameters/1-430>		<http://ids.clld.org/values/1-430-293-1>		"pĩ"@ram	
"pentur"@br	<http://ids.clld.org/values/9-880-183-3>		<http://ids.clld.org/parameters/9-880>		<http://ids.clld.org/values/9-880-293-1>		"kʰrɔr"@ram	
"reiɲ"@br	<http://ids.clld.org/values/11-210-183-1>		<http://ids.clld.org/parameters/11-210>		<http://ids.clld.org/values/11-210-293-3>		"ŋɔ̃"@ram	
"reiɲ"@br	<http://ids.clld.org/values/11-210-183-1>		<http://ids.clld.org/parameters/11-210>		<http://ids.clld.org/values/11-210-293-1>		"c̷i-"@ram	
"ti"@br	<http://ids.clld.org/values/7-120-183-1>		<http://ids.clld.org/parameters/7-120>		<http://ids.clld.org/values/7-120-293-1>		"ii-kʰrɛ"@ram	
"gwaz"@br	<http://ids.clld.org/values/2-310-183-3>		<http://ids.clld.org/parameters/2-310>		<http://ids.clld.org/values/2-310-293-1>		"ĩĩ-pyɛ"@ram	
"laɲchenn"@br	<http://ids.clld.org/values/4-260-183-5>		<http://ids.clld.org/parameters/4-260>		<http://ids.clld.org/values/4-260-293-1>		"-yõʔtɔ"@ram	
"boked"@br	<http://ids.clld.org/values/8-570-183-1>		<http://ids.clld.org/parameters/8-570>		<http://ids.clld.org/values/8-570-293-1>		"ii-rə̃"@ram	
"ebarz"@br	<http://ids.clld.org/values/12-50-183-3>		<http://ids.clld.org/parameters/12-50>		<http://ids.clld.org/values/12-50-293-1>		"kʰam"@ram	
"tomm"@br	<http://ids.clld.org/values/15-850-183-1>		<http://ids.clld.org/parameters/15-850>		<http://ids.clld.org/values/15-850-293-1>		"kakrɔ"@ram	
"ledan"@br	<http://ids.clld.org/values/12-610-183-1>		<http://ids.clld.org/parameters/12-610>		<http://ids.clld.org/values/12-610-293-1>		"iʔ-pɔ"@ram	
"ki"@br	<http://ids.clld.org/values/3-610-183-1>		<http://ids.clld.org/parameters/3-610>		<http://ids.clld.org/values/3-610-293-1>		"rɔp"@ram	
"eienenn"@br	<http://ids.clld.org/values/1-370-183-1>		<http://ids.clld.org/parameters/1-370>		<http://ids.clld.org/values/1-370-293-1>		"kʰwa"@ram	
"teod"@br	<http://ids.clld.org/values/4-260-183-1>		<http://ids.clld.org/parameters/4-260>		<http://ids.clld.org/values/4-260-293-1>		"-yõʔtɔ"@ram	
"gweled"@br	<http://ids.clld.org/values/15-510-183-1>		<http://ids.clld.org/parameters/15-510>		<http://ids.clld.org/values/15-510-293-1>		"-hõm-pu"@ram	
"gweled"@br	<http://ids.clld.org/values/15-510-183-1>		<http://ids.clld.org/parameters/15-510>		<http://ids.clld.org/values/15-510-293-3>		"pu-pun"@ram	
"pried"@br	<http://ids.clld.org/values/2-320-183-3>		<http://ids.clld.org/parameters/2-320>		<http://ids.clld.org/values/2-320-293-1>		"ĩĩ-prõ"@ram	
"buan"@br	<http://ids.clld.org/values/14-210-183-1>		<http://ids.clld.org/parameters/14-210>		<http://ids.clld.org/values/14-210-293-1>		"kɨt-"@ram	
"avu"@br	<http://ids.clld.org/values/4-450-183-1>		<http://ids.clld.org/parameters/4-450>		<http://ids.clld.org/values/4-450-293-1>		"ii-pa"@ram	
"gwliz"@br	<http://ids.clld.org/values/1-640-183-3>		<http://ids.clld.org/parameters/1-640>		<http://ids.clld.org/values/1-640-293-1>		"atər-"@ram	
"eɲ/ hi"@br	<http://ids.clld.org/values/2-930-183-3>		<http://ids.clld.org/parameters/2-930>		<http://ids.clld.org/values/2-930-293-1>		"tamə̃"@ram	
"kamm"@br	<http://ids.clld.org/values/12-740-183-1>		<http://ids.clld.org/parameters/12-740>		<http://ids.clld.org/values/12-740-293-1>		"yakɔt"@ram	
"c’hwenenn"@br	<http://ids.clld.org/values/3-813-183-1>		<http://ids.clld.org/parameters/3-813>		<http://ids.clld.org/values/3-813-293-1>		"ĩnko"@ram	
"merienenn"@br	<http://ids.clld.org/values/3-817-183-1>		<http://ids.clld.org/parameters/3-817>		<http://ids.clld.org/values/3-817-293-1>		"ahc̷un- (aʔc̷un- ?)"@ram	
"soul"@br	<http://ids.clld.org/values/7-520-183-1>		<http://ids.clld.org/parameters/7-520>		<http://ids.clld.org/values/7-520-293-1>		"po"@ram	
"leun"@br	<http://ids.clld.org/values/13-210-183-1>		<http://ids.clld.org/parameters/13-210>		<http://ids.clld.org/values/13-210-293-1>		"yic̷u"@ram	
"fri"@br	<http://ids.clld.org/values/4-230-183-1>		<http://ids.clld.org/parameters/4-230>		<http://ids.clld.org/values/4-230-293-1>		"-yĩyakʰrɛ"@ram	
"glin"@br	<http://ids.clld.org/values/4-360-183-1>		<http://ids.clld.org/parameters/4-360>		<http://ids.clld.org/values/4-360-293-1>		"ii-kʰõn"@ram	
"geot"@br	<http://ids.clld.org/values/8-510-183-1>		<http://ids.clld.org/parameters/8-510>		<http://ids.clld.org/values/8-510-293-1>		"aʔ-tuu"@ram	
"druzoni"@br	<http://ids.clld.org/values/5-791-183-1>		<http://ids.clld.org/parameters/5-791>		<http://ids.clld.org/values/5-791-293-1>		"iʔ-twɨm"@ram	
