"šāp"@jam	<http://ids.clld.org/values/15-780-218-1>		<http://ids.clld.org/parameters/15-780>		<http://ids.clld.org/values/15-780-280-1>		"'ɨika"@pcp	
"rɛɩn"@jam	<http://ids.clld.org/values/1-750-218-1>		<http://ids.clld.org/parameters/1-750>		<http://ids.clld.org/values/1-750-280-3>		"ʔo'i"@pcp	
"rɛɩn"@jam	<http://ids.clld.org/values/1-750-218-1>		<http://ids.clld.org/parameters/1-750>		<http://ids.clld.org/values/1-750-280-1>		"o'i"@pcp	
"fil"@jam	<http://ids.clld.org/values/8-120-218-1>		<http://ids.clld.org/parameters/8-120>		<http://ids.clld.org/values/8-120-280-1>		"'wai"@pcp	
"bʊzād"@jam	<http://ids.clld.org/values/3-586-218-3>		<http://ids.clld.org/parameters/3-586>		<http://ids.clld.org/values/3-586-280-1>		"po'iko"@pcp	
"sɔn"@jam	<http://ids.clld.org/values/1-520-218-1>		<http://ids.clld.org/parameters/1-520>		<http://ids.clld.org/values/1-520-280-1>		"'waři"@pcp	
"ɛd"@jam	<http://ids.clld.org/values/4-200-218-1>		<http://ids.clld.org/parameters/4-200>		<http://ids.clld.org/values/4-200-280-1>		"'mapo"@pcp	
"tri"@jam	<http://ids.clld.org/values/8-600-218-1>		<http://ids.clld.org/parameters/8-600>		<http://ids.clld.org/values/8-600-280-1>		"'hiwi"@pcp	
"sɩnda"@jam	<http://ids.clld.org/values/1-840-218-3>		<http://ids.clld.org/parameters/1-840>		<http://ids.clld.org/values/1-840-280-1>		"'mišpo"@pcp	
"ʊɔl"@jam	<http://ids.clld.org/values/12-850-218-1>		<http://ids.clld.org/parameters/12-850>		<http://ids.clld.org/values/12-850-280-1>		"'kini"@pcp	
"waɩt"@jam	<http://ids.clld.org/values/15-640-218-1>		<http://ids.clld.org/parameters/15-640>		<http://ids.clld.org/values/15-640-280-1>		"'hoṣ̌o"@pcp	
"os"@jam	<http://ids.clld.org/values/7-120-218-1>		<http://ids.clld.org/parameters/7-120>		<http://ids.clld.org/values/7-120-280-1>		"'ṣ̌owo"@pcp	
"blɔd"@jam	<http://ids.clld.org/values/4-150-218-1>		<http://ids.clld.org/parameters/4-150>		<http://ids.clld.org/values/4-150-280-1>		"'himi"@pcp	
"bruk"@jam	<http://ids.clld.org/values/1-360-218-5>		<http://ids.clld.org/parameters/1-360>		<http://ids.clld.org/values/1-360-280-1>		"'ʔani"@pcp	
"bruk"@jam	<http://ids.clld.org/values/1-360-218-5>		<http://ids.clld.org/parameters/1-360>		<http://ids.clld.org/values/1-360-280-3>		"'pao"@pcp	
"du"@jam	<http://ids.clld.org/values/9-110-218-1>		<http://ids.clld.org/parameters/9-110>		<http://ids.clld.org/values/9-110-280-1>		"i'wɨ"@pcp	
"was"@jam	<http://ids.clld.org/values/3-823-218-1>		<http://ids.clld.org/parameters/3-823>		<http://ids.clld.org/values/3-823-280-1>		"'wina"@pcp	
"man"@jam	<http://ids.clld.org/values/2-210-218-1>		<http://ids.clld.org/parameters/2-210>		<http://ids.clld.org/values/2-210-280-1>		"'honi"@pcp	
"katn"@jam	<http://ids.clld.org/values/6-240-218-1>		<http://ids.clld.org/parameters/6-240>		<http://ids.clld.org/values/6-240-280-1>		"waṣ̌'mɨna"@pcp	
"bid"@jam	<http://ids.clld.org/values/6-760-218-1>		<http://ids.clld.org/parameters/6-760>		<http://ids.clld.org/values/6-760-280-1>		"'kisi"@pcp	
"bɛɩbi"@jam	<http://ids.clld.org/values/2-280-218-1>		<http://ids.clld.org/parameters/2-280>		<http://ids.clld.org/values/2-280-280-1>		"'wakɨ 'pistia"@pcp	
"bɔd ~ bərd ~ bɛrd"@jam	<http://ids.clld.org/values/3-581-218-1>		<http://ids.clld.org/parameters/3-581>		<http://ids.clld.org/values/3-581-280-1>		"'isko"@pcp	
"vɔlča"@jam	<http://ids.clld.org/values/3-586-218-5>		<http://ids.clld.org/parameters/3-586>		<http://ids.clld.org/values/3-586-280-1>		"po'iko"@pcp	
"lɛg"@jam	<http://ids.clld.org/values/4-350-218-1>		<http://ids.clld.org/parameters/4-350>		<http://ids.clld.org/values/4-350-280-1>		"'wiko"@pcp	
"waɩf"@jam	<http://ids.clld.org/values/2-320-218-1>		<http://ids.clld.org/parameters/2-320>		<http://ids.clld.org/values/2-320-280-1>		"ʔa'wini"@pcp	
"faya"@jam	<http://ids.clld.org/values/1-810-218-1>		<http://ids.clld.org/parameters/1-810>		<http://ids.clld.org/values/1-810-280-1>		"'čiʔi"@pcp	
"maskɩta"@jam	<http://ids.clld.org/values/3-832-218-1>		<http://ids.clld.org/parameters/3-832>		<http://ids.clld.org/values/3-832-280-1>		"'wii"@pcp	
"bɛɩd"@jam	<http://ids.clld.org/values/4-142-218-1>		<http://ids.clld.org/parameters/4-142>		<http://ids.clld.org/values/4-142-280-1>		"'kɨni"@pcp	
"flɔwa"@jam	<http://ids.clld.org/values/5-550-218-3>		<http://ids.clld.org/parameters/5-550>		<http://ids.clld.org/values/5-550-280-1>		"'moto"@pcp	
"ām"@jam	<http://ids.clld.org/values/4-310-218-1>		<http://ids.clld.org/parameters/4-310>		<http://ids.clld.org/values/4-310-280-1>		"po'yana"@pcp	
"tu"@jam	<http://ids.clld.org/values/13-20-218-1>		<http://ids.clld.org/parameters/13-20>		<http://ids.clld.org/values/13-20-280-1>		"ra'wɨ"@pcp	
"tɔnda"@jam	<http://ids.clld.org/values/1-560-218-1>		<http://ids.clld.org/parameters/1-560>		<http://ids.clld.org/values/1-560-280-1>		"'naina"@pcp	
"madā"@jam	<http://ids.clld.org/values/2-360-218-3>		<http://ids.clld.org/parameters/2-360>		<http://ids.clld.org/values/2-360-280-1>		"'kai"@pcp	
"fā(r)"@jam	<http://ids.clld.org/values/12-440-218-1>		<http://ids.clld.org/parameters/12-440>		<http://ids.clld.org/values/12-440-280-1>		"nɨ'ama"@pcp	
"fadā"@jam	<http://ids.clld.org/values/2-350-218-3>		<http://ids.clld.org/parameters/2-350>		<http://ids.clld.org/values/2-350-280-1>		"'ɨpa"@pcp	
"fadā"@jam	<http://ids.clld.org/values/2-350-218-3>		<http://ids.clld.org/parameters/2-350>		<http://ids.clld.org/values/2-350-280-3>		"'ʔɨpa"@pcp	
"rʊɔp"@jam	<http://ids.clld.org/values/9-190-218-1>		<http://ids.clld.org/parameters/9-190>		<http://ids.clld.org/values/9-190-280-1>		"'taška"@pcp	
"ɔŋgri"@jam	<http://ids.clld.org/values/5-140-218-3>		<http://ids.clld.org/parameters/5-140>		<http://ids.clld.org/values/5-140-280-1>		"paṣ̌na'hai"@pcp	
"swit"@jam	<http://ids.clld.org/values/15-350-218-1>		<http://ids.clld.org/parameters/15-350>		<http://ids.clld.org/values/15-350-280-1>		"tɨ'ɨ"@pcp	
"pām-tri"@jam	<http://ids.clld.org/values/8-810-218-1>		<http://ids.clld.org/parameters/8-810>		<http://ids.clld.org/values/8-810-280-1>		"'koti"@pcp	
"rut"@jam	<http://ids.clld.org/values/8-540-218-1>		<http://ids.clld.org/parameters/8-540>		<http://ids.clld.org/values/8-540-280-1>		"ta'pono"@pcp	
"tri"@jam	<http://ids.clld.org/values/1-420-218-1>		<http://ids.clld.org/parameters/1-420>		<http://ids.clld.org/values/1-420-280-1>		"'hiwi"@pcp	
"lɔŋz"@jam	<http://ids.clld.org/values/4-441-218-1>		<http://ids.clld.org/parameters/4-441>		<http://ids.clld.org/values/4-441-280-1>		"'taṣ̌a"@pcp	
"skaɩ"@jam	<http://ids.clld.org/values/1-510-218-1>		<http://ids.clld.org/parameters/1-510>		<http://ids.clld.org/values/1-510-280-1>		"na'ipa"@pcp	
"krɩč-ʊɔl"@jam	<http://ids.clld.org/values/3-596-218-1>		<http://ids.clld.org/parameters/3-596>		<http://ids.clld.org/values/3-596-280-1>		"'popo"@pcp	
"bag"@jam	<http://ids.clld.org/values/9-780-218-1>		<http://ids.clld.org/parameters/9-780>		<http://ids.clld.org/values/9-780-280-1>		"'sota"@pcp	
"smāl ~ sʊmal"@jam	<http://ids.clld.org/values/12-560-218-1>		<http://ids.clld.org/parameters/12-560>		<http://ids.clld.org/values/12-560-280-1>		"'mišni"@pcp	
"āt"@jam	<http://ids.clld.org/values/4-440-218-1>		<http://ids.clld.org/parameters/4-440>		<http://ids.clld.org/values/4-440-280-1>		"howi'ti"@pcp	
"kād"@jam	<http://ids.clld.org/values/9-190-218-3>		<http://ids.clld.org/parameters/9-190>		<http://ids.clld.org/values/9-190-280-1>		"'taška"@pcp	
"ɛɩr"@jam	<http://ids.clld.org/values/4-140-218-1>		<http://ids.clld.org/parameters/4-140>		<http://ids.clld.org/values/4-140-280-1>		"'woo"@pcp	
"mɛk"@jam	<http://ids.clld.org/values/9-110-218-3>		<http://ids.clld.org/parameters/9-110>		<http://ids.clld.org/values/9-110-280-1>		"i'wɨ"@pcp	
"(h)ɛvɩ"@jam	<http://ids.clld.org/values/15-810-218-1>		<http://ids.clld.org/parameters/15-810>		<http://ids.clld.org/values/15-810-280-1>		"'iwɨ"@pcp	
"kanu"@jam	<http://ids.clld.org/values/10-831-218-1>		<http://ids.clld.org/parameters/10-831>		<http://ids.clld.org/values/10-831-280-1>		"'noti"@pcp	
"ɔzban"@jam	<http://ids.clld.org/values/2-310-218-1>		<http://ids.clld.org/parameters/2-310>		<http://ids.clld.org/values/2-310-280-1>		"'wɨnɨ"@pcp	
"frut"@jam	<http://ids.clld.org/values/5-710-218-1>		<http://ids.clld.org/parameters/5-710>		<http://ids.clld.org/values/5-710-280-1>		"'kɨo"@pcp	
"klod"@jam	<http://ids.clld.org/values/1-730-218-1>		<http://ids.clld.org/parameters/1-730>		<http://ids.clld.org/values/1-730-280-1>		"'c̷ɨmo"@pcp	
"yuka"@jam	<http://ids.clld.org/values/8-920-218-1>		<http://ids.clld.org/parameters/8-920>		<http://ids.clld.org/values/8-920-280-1>		"'ac̷a"@pcp	
"san-flaɩ"@jam	<http://ids.clld.org/values/3-831-218-1>		<http://ids.clld.org/parameters/3-831>		<http://ids.clld.org/values/3-831-280-1>		"'šio"@pcp	
"san-flaɩ"@jam	<http://ids.clld.org/values/3-831-218-1>		<http://ids.clld.org/parameters/3-831>		<http://ids.clld.org/values/3-831-280-3>		"'čio"@pcp	
"lɩva"@jam	<http://ids.clld.org/values/4-450-218-1>		<http://ids.clld.org/parameters/4-450>		<http://ids.clld.org/values/4-450-280-1>		"'taka"@pcp	
"fʊt"@jam	<http://ids.clld.org/values/4-370-218-1>		<http://ids.clld.org/parameters/4-370>		<http://ids.clld.org/values/4-370-280-1>		"'taʔɨ"@pcp	
"mɩ"@jam	<http://ids.clld.org/values/2-910-218-3>		<http://ids.clld.org/parameters/2-910>		<http://ids.clld.org/values/2-910-280-1>		"'ɨa"@pcp	
"uman"@jam	<http://ids.clld.org/values/2-220-218-1>		<http://ids.clld.org/parameters/2-220>		<http://ids.clld.org/values/2-220-280-1>		"'yoṣ̌a"@pcp	
"si"@jam	<http://ids.clld.org/values/15-510-218-1>		<http://ids.clld.org/parameters/15-510>		<http://ids.clld.org/values/15-510-280-1>		"his'pa"@pcp	
"si"@jam	<http://ids.clld.org/values/15-510-218-1>		<http://ids.clld.org/parameters/15-510>		<http://ids.clld.org/values/15-510-280-3>		"'hisna"@pcp	
"šʊɔ"@jam	<http://ids.clld.org/values/15-550-218-1>		<http://ids.clld.org/parameters/15-550>		<http://ids.clld.org/values/15-550-280-1>		"hi-'maki"@pcp	
"kɔt"@jam	<http://ids.clld.org/values/9-220-218-1>		<http://ids.clld.org/parameters/9-220>		<http://ids.clld.org/values/9-220-280-1>		"'kɨɨsakia"@pcp	
"rɛd"@jam	<http://ids.clld.org/values/15-660-218-1>		<http://ids.clld.org/parameters/15-660>		<http://ids.clld.org/values/15-660-280-1>		"'šini"@pcp	
"ašɩz"@jam	<http://ids.clld.org/values/1-840-218-1>		<http://ids.clld.org/parameters/1-840>		<http://ids.clld.org/values/1-840-280-1>		"'mišpo"@pcp	
"waš"@jam	<http://ids.clld.org/values/9-360-218-1>		<http://ids.clld.org/parameters/9-360>		<http://ids.clld.org/values/9-360-280-1>		"'aši"@pcp	
"diər"@jam	<http://ids.clld.org/values/3-750-218-1>		<http://ids.clld.org/parameters/3-750>		<http://ids.clld.org/values/3-750-280-1>		"'čaṣ̌o"@pcp	
"krʊɔ"@jam	<http://ids.clld.org/values/3-586-218-1>		<http://ids.clld.org/parameters/3-586>		<http://ids.clld.org/values/3-586-280-1>		"po'iko"@pcp	
"nʊɔz"@jam	<http://ids.clld.org/values/4-230-218-1>		<http://ids.clld.org/parameters/4-230>		<http://ids.clld.org/values/4-230-280-1>		"řɨ'kina"@pcp	
"riva ~ riba"@jam	<http://ids.clld.org/values/1-360-218-1>		<http://ids.clld.org/parameters/1-360>		<http://ids.clld.org/values/1-360-280-1>		"'ʔani"@pcp	
"riva ~ riba"@jam	<http://ids.clld.org/values/1-360-218-1>		<http://ids.clld.org/parameters/1-360>		<http://ids.clld.org/values/1-360-280-3>		"'pao"@pcp	
"ɩnfant"@jam	<http://ids.clld.org/values/2-280-218-3>		<http://ids.clld.org/parameters/2-280>		<http://ids.clld.org/values/2-280-280-1>		"'wakɨ 'pistia"@pcp	
"kān"@jam	<http://ids.clld.org/values/8-470-218-1>		<http://ids.clld.org/parameters/8-470>		<http://ids.clld.org/values/8-470-280-1>		"'ṣ̌ɨki"@pcp	
"lan"@jam	<http://ids.clld.org/values/1-210-218-3>		<http://ids.clld.org/parameters/1-210>		<http://ids.clld.org/values/1-210-280-1>		"'mai"@pcp	
"wāta"@jam	<http://ids.clld.org/values/1-310-218-1>		<http://ids.clld.org/parameters/1-310>		<http://ids.clld.org/values/1-310-280-1>		"'hɨnɨ"@pcp	
"(s)kɩn"@jam	<http://ids.clld.org/values/4-120-218-1>		<http://ids.clld.org/parameters/4-120>		<http://ids.clld.org/values/4-120-280-1>		"'wiči"@pcp	
"splɩt"@jam	<http://ids.clld.org/values/9-270-218-1>		<http://ids.clld.org/parameters/9-270>		<http://ids.clld.org/values/9-270-280-1>		"ma'tošmaki"@pcp	
"(h)aɩ"@jam	<http://ids.clld.org/values/4-210-218-1>		<http://ids.clld.org/parameters/4-210>		<http://ids.clld.org/values/4-210-280-1>		"'wɨřo"@pcp	
"čik"@jam	<http://ids.clld.org/values/4-208-218-1>		<http://ids.clld.org/parameters/4-208>		<http://ids.clld.org/values/4-208-280-1>		"'tamo"@pcp	
"frag"@jam	<http://ids.clld.org/values/3-950-218-1>		<http://ids.clld.org/parameters/3-950>		<http://ids.clld.org/values/3-950-280-1>		"wɨṣ̌ko"@pcp	
"aɩ"@jam	<http://ids.clld.org/values/2-910-218-1>		<http://ids.clld.org/parameters/2-910>		<http://ids.clld.org/values/2-910-280-1>		"'ɨa"@pcp	
"tɛrkl"@jam	<http://ids.clld.org/values/3-980-218-1>		<http://ids.clld.org/parameters/3-980>		<http://ids.clld.org/values/3-980-280-1>		"'ṣ̌awɨ"@pcp	
"lif"@jam	<http://ids.clld.org/values/8-560-218-1>		<http://ids.clld.org/parameters/8-560>		<http://ids.clld.org/values/8-560-280-1>		"'pɨʔi"@pcp	
"grɔn"@jam	<http://ids.clld.org/values/8-120-218-3>		<http://ids.clld.org/parameters/8-120>		<http://ids.clld.org/values/8-120-280-1>		"'wai"@pcp	
"faya-(w)ud"@jam	<http://ids.clld.org/values/1-880-218-1>		<http://ids.clld.org/parameters/1-880>		<http://ids.clld.org/values/1-880-280-1>		"'kařo"@pcp	
"an"@jam	<http://ids.clld.org/values/4-330-218-1>		<http://ids.clld.org/parameters/4-330>		<http://ids.clld.org/values/4-330-280-1>		"mɨ'kɨna"@pcp	
"fāda"@jam	<http://ids.clld.org/values/2-350-218-1>		<http://ids.clld.org/parameters/2-350>		<http://ids.clld.org/values/2-350-280-1>		"'ɨpa"@pcp	
"fāda"@jam	<http://ids.clld.org/values/2-350-218-1>		<http://ids.clld.org/parameters/2-350>		<http://ids.clld.org/values/2-350-280-3>		"'ʔɨpa"@pcp	
"čɩkɩn"@jam	<http://ids.clld.org/values/3-550-218-1>		<http://ids.clld.org/parameters/3-550>		<http://ids.clld.org/values/3-550-280-1>		"pati'aři"@pcp	
"ɛrt"@jam	<http://ids.clld.org/values/1-210-218-1>		<http://ids.clld.org/parameters/1-210>		<http://ids.clld.org/values/1-210-280-1>		"'mai"@pcp	
"flɔwa"@jam	<http://ids.clld.org/values/8-570-218-1>		<http://ids.clld.org/parameters/8-570>		<http://ids.clld.org/values/8-570-280-3>		"řeṣ̌'pana"@pcp	
"flɔwa"@jam	<http://ids.clld.org/values/8-570-218-1>		<http://ids.clld.org/parameters/8-570>		<http://ids.clld.org/values/8-570-280-1>		"'hoa"@pcp	
"mɔʊt"@jam	<http://ids.clld.org/values/4-240-218-1>		<http://ids.clld.org/parameters/4-240>		<http://ids.clld.org/values/4-240-280-1>		"kɨ'wɨči"@pcp	
"mun"@jam	<http://ids.clld.org/values/1-530-218-1>		<http://ids.clld.org/parameters/1-530>		<http://ids.clld.org/values/1-530-280-1>		"'ʔoṣ̌ɨ"@pcp	
"dɛɩ"@jam	<http://ids.clld.org/values/14-410-218-1>		<http://ids.clld.org/parameters/14-410>		<http://ids.clld.org/values/14-410-280-1>		"'waři"@pcp	
"əŋga"@jam	<http://ids.clld.org/values/5-140-218-1>		<http://ids.clld.org/parameters/5-140>		<http://ids.clld.org/values/5-140-280-1>		"paṣ̌na'hai"@pcp	
"parat"@jam	<http://ids.clld.org/values/3-592-218-1>		<http://ids.clld.org/parameters/3-592>		<http://ids.clld.org/values/3-592-280-1>		"'wawa"@pcp	
"aks"@jam	<http://ids.clld.org/values/9-250-218-1>		<http://ids.clld.org/parameters/9-250>		<http://ids.clld.org/values/9-250-280-1>		"[hača]"@pcp	
"(h)ɛg"@jam	<http://ids.clld.org/values/5-970-218-1>		<http://ids.clld.org/parameters/5-970>		<http://ids.clld.org/values/5-970-280-1>		"'wači"@pcp	
"nɛs"@jam	<http://ids.clld.org/values/3-580-218-1>		<http://ids.clld.org/parameters/3-580>		<http://ids.clld.org/values/3-580-280-1>		"'naʔa"@pcp	
"ɛɩz"@jam	<http://ids.clld.org/values/4-220-218-1>		<http://ids.clld.org/parameters/4-220>		<http://ids.clld.org/values/4-220-280-1>		"'paʔoki"@pcp	
"fʊt"@jam	<http://ids.clld.org/values/4-350-218-3>		<http://ids.clld.org/parameters/4-350>		<http://ids.clld.org/values/4-350-280-1>		"'wiko"@pcp	
"ɩnsɛk"@jam	<http://ids.clld.org/values/3-810-218-1>		<http://ids.clld.org/parameters/3-810>		<http://ids.clld.org/values/3-810-280-1>		"wɨ'oso"@pcp	
"i"@jam	<http://ids.clld.org/values/2-930-218-1>		<http://ids.clld.org/parameters/2-930>		<http://ids.clld.org/values/2-930-280-1>		"'haa"@pcp	
"māda"@jam	<http://ids.clld.org/values/2-360-218-1>		<http://ids.clld.org/parameters/2-360>		<http://ids.clld.org/values/2-360-280-1>		"'kai"@pcp	
"bʊɔn"@jam	<http://ids.clld.org/values/4-160-218-1>		<http://ids.clld.org/parameters/4-160>		<http://ids.clld.org/values/4-160-280-1>		"'ṣ̌ao"@pcp	
"strim"@jam	<http://ids.clld.org/values/1-360-218-3>		<http://ids.clld.org/parameters/1-360>		<http://ids.clld.org/values/1-360-280-1>		"'ʔani"@pcp	
"strim"@jam	<http://ids.clld.org/values/1-360-218-3>		<http://ids.clld.org/parameters/1-360>		<http://ids.clld.org/values/1-360-280-3>		"'pao"@pcp	
"fɩš"@jam	<http://ids.clld.org/values/3-650-218-1>		<http://ids.clld.org/parameters/3-650>		<http://ids.clld.org/values/3-650-280-3>		"'woɨ"@pcp	
"fɩš"@jam	<http://ids.clld.org/values/3-650-218-1>		<http://ids.clld.org/parameters/3-650>		<http://ids.clld.org/values/3-650-280-1>		"sa'nino"@pcp	
"stār"@jam	<http://ids.clld.org/values/1-540-218-1>		<http://ids.clld.org/parameters/1-540>		<http://ids.clld.org/values/1-540-280-1>		"'wištima"@pcp	
"mil"@jam	<http://ids.clld.org/values/5-550-218-1>		<http://ids.clld.org/parameters/5-550>		<http://ids.clld.org/values/5-550-280-1>		"'moto"@pcp	
"tit"@jam	<http://ids.clld.org/values/4-270-218-1>		<http://ids.clld.org/parameters/4-270>		<http://ids.clld.org/values/4-270-280-1>		"'ṣ̌ɨna"@pcp	
"tɔŋ"@jam	<http://ids.clld.org/values/4-260-218-1>		<http://ids.clld.org/parameters/4-260>		<http://ids.clld.org/values/4-260-280-1>		"'hana"@pcp	
"smʊɔk"@jam	<http://ids.clld.org/values/1-830-218-1>		<http://ids.clld.org/parameters/1-830>		<http://ids.clld.org/values/1-830-280-1>		"ko'ʔina"@pcp	
"lɩkl"@jam	<http://ids.clld.org/values/12-560-218-3>		<http://ids.clld.org/parameters/12-560>		<http://ids.clld.org/values/12-560-280-1>		"'mišni"@pcp	
