"čaɩl"@jam	<http://ids.clld.org/values/2-270-218-1>		<http://ids.clld.org/parameters/2-270>		<http://ids.clld.org/values/2-270-174-1>		"nnedɨ"@mch	
"šāp"@jam	<http://ids.clld.org/values/15-780-218-1>		<http://ids.clld.org/parameters/15-780>		<http://ids.clld.org/values/15-780-174-1>		"ākə̄tədɨ"@mch	
"wāk"@jam	<http://ids.clld.org/values/10-450-218-1>		<http://ids.clld.org/parameters/10-450>		<http://ids.clld.org/values/10-450-174-1>		"w-ōhoyma-nə"@mch	
"ɛnɩmɩ ~ ɛnɛmɩ"@jam	<http://ids.clld.org/values/19-520-218-1>		<http://ids.clld.org/parameters/19-520>		<http://ids.clld.org/values/19-520-174-1>		"tuʔde"@mch	
"baɩ"@jam	<http://ids.clld.org/values/11-810-218-1>		<http://ids.clld.org/parameters/11-810>		<http://ids.clld.org/values/11-810-174-1>		"ehēma-dɨ"@mch	
"rɛɩn"@jam	<http://ids.clld.org/values/1-750-218-1>		<http://ids.clld.org/parameters/1-750>		<http://ids.clld.org/values/1-750-174-1>		"konōho"@mch	
"wɔm ~ wɔrɔm ~ wərm"@jam	<http://ids.clld.org/values/3-840-218-1>		<http://ids.clld.org/parameters/3-840>		<http://ids.clld.org/values/3-840-174-1>		"motto"@mch	
"wip"@jam	<http://ids.clld.org/values/16-370-218-3>		<http://ids.clld.org/parameters/16-370>		<http://ids.clld.org/values/16-370-174-1>		"w-amo-nə"@mch	
"āba"@jam	<http://ids.clld.org/values/10-910-218-1>		<http://ids.clld.org/parameters/10-910>		<http://ids.clld.org/values/10-910-174-1>		"wəʔtə"@mch	
"kʸat"@jam	<http://ids.clld.org/values/3-620-218-1>		<http://ids.clld.org/parameters/3-620>		<http://ids.clld.org/values/3-620-174-1>		"[mēši]"@mch	
"fāda sɩsta"@jam	<http://ids.clld.org/values/2-522-218-3>		<http://ids.clld.org/parameters/2-522>		<http://ids.clld.org/values/2-522-174-1>		"waynɲeʔney"@mch	
"kʊk"@jam	<http://ids.clld.org/values/5-210-218-1>		<http://ids.clld.org/parameters/5-210>		<http://ids.clld.org/values/5-210-174-1>		"-aʔnə"@mch	
"ɔŋkl"@jam	<http://ids.clld.org/values/2-511-218-1>		<http://ids.clld.org/parameters/2-511>		<http://ids.clld.org/values/2-511-174-1>		"yawo"@mch	
"bʊzād"@jam	<http://ids.clld.org/values/3-586-218-3>		<http://ids.clld.org/parameters/3-586>		<http://ids.clld.org/values/3-586-174-1>		"kudūmu"@mch	
"šʊɔlda"@jam	<http://ids.clld.org/values/4-300-218-1>		<http://ids.clld.org/parameters/4-300>		<http://ids.clld.org/values/4-300-174-1>		"nkawə"@mch	
"dɩvaɩd"@jam	<http://ids.clld.org/values/12-232-218-1>		<http://ids.clld.org/parameters/12-232>		<http://ids.clld.org/values/12-232-174-1>		"yātohətɨdɨ"@mch	
"āvɛs"@jam	<http://ids.clld.org/values/8-410-218-3>		<http://ids.clld.org/parameters/8-410>		<http://ids.clld.org/values/8-410-174-1>		"inɲatɨʔtə̄dɨ"@mch	
"bɩsaɩd"@jam	<http://ids.clld.org/values/12-20-218-1>		<http://ids.clld.org/parameters/12-20>		<http://ids.clld.org/values/12-20-174-1>		"dɨʔtə"@mch	
"granɩ"@jam	<http://ids.clld.org/values/2-470-218-3>		<http://ids.clld.org/parameters/2-470>		<http://ids.clld.org/values/2-470-174-1>		"-tamū-du"@mch	
"pɛɩ"@jam	<http://ids.clld.org/values/11-650-218-1>		<http://ids.clld.org/parameters/11-650>		<http://ids.clld.org/values/11-650-174-1>		"ehēma-dɨ"@mch	
"fas"@jam	<http://ids.clld.org/values/14-210-218-1>		<http://ids.clld.org/parameters/14-210>		<http://ids.clld.org/values/14-210-174-1>		"tamhə̄ʔne"@mch	
"stʊɔn"@jam	<http://ids.clld.org/values/1-440-218-3>		<http://ids.clld.org/parameters/1-440>		<http://ids.clld.org/values/1-440-174-1>		"təʔhu"@mch	
"bʊɔd"@jam	<http://ids.clld.org/values/1-430-218-3>		<http://ids.clld.org/parameters/1-430>		<http://ids.clld.org/values/1-430-174-1>		"dē"@mch	
"pɛrsɩkɩut"@jam	<http://ids.clld.org/values/10-530-218-1>		<http://ids.clld.org/parameters/10-530>		<http://ids.clld.org/values/10-530-174-1>		"-aheʔka-dɨ"@mch	
"mʊɔt"@jam	<http://ids.clld.org/values/18-110-218-1>		<http://ids.clld.org/parameters/18-110>		<http://ids.clld.org/values/18-110-174-1>		"kəʔtɨnnə"@mch	
"bɩfɔ(r)"@jam	<http://ids.clld.org/values/12-40-218-1>		<http://ids.clld.org/parameters/12-40>		<http://ids.clld.org/values/12-40-174-1>		"owāho"@mch	
"bɩfɔ(r)"@jam	<http://ids.clld.org/values/12-40-218-1>		<http://ids.clld.org/parameters/12-40>		<http://ids.clld.org/values/12-40-174-3>		"awaʔde"@mch	
"rap"@jam	<http://ids.clld.org/values/10-140-218-3>		<http://ids.clld.org/parameters/10-140>		<http://ids.clld.org/values/10-140-174-1>		"weməīya"@mch	
"sɔn"@jam	<http://ids.clld.org/values/1-520-218-1>		<http://ids.clld.org/parameters/1-520>		<http://ids.clld.org/values/1-520-174-1>		"šī"@mch	
"ɛd"@jam	<http://ids.clld.org/values/4-200-218-1>		<http://ids.clld.org/parameters/4-200>		<http://ids.clld.org/values/4-200-174-1>		"hūʔhə"@mch	
"drɩŋk"@jam	<http://ids.clld.org/values/5-130-218-1>		<http://ids.clld.org/parameters/5-130>		<http://ids.clld.org/values/5-130-174-1>		"enku"@mch	
"tri"@jam	<http://ids.clld.org/values/8-600-218-1>		<http://ids.clld.org/parameters/8-600>		<http://ids.clld.org/values/8-600-174-1>		"dē"@mch	
"naɩf"@jam	<http://ids.clld.org/values/9-230-218-1>		<http://ids.clld.org/parameters/9-230>		<http://ids.clld.org/values/9-230-174-1>		"kɨmɨʔkə"@mch	
"nɔt(ɩ)n"@jam	<http://ids.clld.org/values/13-0-218-3>		<http://ids.clld.org/parameters/13-0>		<http://ids.clld.org/values/13-0-174-1>		"āʔke"@mch	
"sɩnda"@jam	<http://ids.clld.org/values/1-840-218-3>		<http://ids.clld.org/parameters/1-840>		<http://ids.clld.org/values/1-840-174-1>		"wedēnnə"@mch	
"pil"@jam	<http://ids.clld.org/values/5-460-218-1>		<http://ids.clld.org/parameters/5-460>		<http://ids.clld.org/values/5-460-174-1>		"-iʔša-"@mch	
"grās-apa"@jam	<http://ids.clld.org/values/3-930-218-1>		<http://ids.clld.org/parameters/3-930>		<http://ids.clld.org/values/3-930-174-1>		"kɨdatay"@mch	
"naɩt"@jam	<http://ids.clld.org/values/14-420-218-1>		<http://ids.clld.org/parameters/14-420>		<http://ids.clld.org/values/14-420-174-1>		"čomomɨ̄dɨ"@mch	
"lāǰ"@jam	<http://ids.clld.org/values/12-550-218-1>		<http://ids.clld.org/parameters/12-550>		<http://ids.clld.org/values/12-550-174-1>		"nuwe"@mch	
"pɩʊk"@jam	<http://ids.clld.org/values/4-570-218-5>		<http://ids.clld.org/parameters/4-570>		<http://ids.clld.org/values/4-570-174-1>		"wenaʔtahəʔeʔnə"@mch	
"bɔta-flaɩ"@jam	<http://ids.clld.org/values/3-920-218-1>		<http://ids.clld.org/parameters/3-920>		<http://ids.clld.org/values/3-920-174-1>		"matūtu"@mch	
"il"@jam	<http://ids.clld.org/values/4-860-218-3>		<http://ids.clld.org/parameters/4-860>		<http://ids.clld.org/values/4-860-174-1>		"adonkadɨ"@mch	
"tamarɔ ~ tumarɔ"@jam	<http://ids.clld.org/values/14-480-218-1>		<http://ids.clld.org/parameters/14-480>		<http://ids.clld.org/values/14-480-174-1>		"henamma"@mch	
"laɩan"@jam	<http://ids.clld.org/values/3-720-218-1>		<http://ids.clld.org/parameters/3-720>		<http://ids.clld.org/values/3-720-174-1>		"kawadīmə"@mch	
"it"@jam	<http://ids.clld.org/values/5-110-218-3>		<http://ids.clld.org/parameters/5-110>		<http://ids.clld.org/values/5-110-174-1>		"wowašīnčənə"@mch	
"rɔn"@jam	<http://ids.clld.org/values/10-460-218-1>		<http://ids.clld.org/parameters/10-460>		<http://ids.clld.org/values/10-460-174-1>		"w-ekaʔtɨn-nə"@mch	
"wɩn"@jam	<http://ids.clld.org/values/1-720-218-1>		<http://ids.clld.org/parameters/1-720>		<http://ids.clld.org/values/1-720-174-1>		"hehēnčə"@mch	
"lɩkl brɛda ~ lɩkl brada"@jam	<http://ids.clld.org/values/2-445-218-1>		<http://ids.clld.org/parameters/2-445>		<http://ids.clld.org/values/2-445-174-1>		"šīʔčɨ"@mch	
"ruf"@jam	<http://ids.clld.org/values/7-510-218-1>		<http://ids.clld.org/parameters/7-510>		<http://ids.clld.org/values/7-510-174-1>		"aməʔhɨdɨ"@mch	
"lɩp"@jam	<http://ids.clld.org/values/4-250-218-1>		<http://ids.clld.org/parameters/4-250>		<http://ids.clld.org/values/4-250-174-1>		"ə̄ʔhi"@mch	
"fʊɔ(r)"@jam	<http://ids.clld.org/values/13-40-218-1>		<http://ids.clld.org/parameters/13-40>		<http://ids.clld.org/values/13-40-174-1>		"āʔkəiʔčea"@mch	
"mɩgl"@jam	<http://ids.clld.org/values/12-370-218-1>		<http://ids.clld.org/parameters/12-370>		<http://ids.clld.org/values/12-370-174-1>		"annai"@mch	
"n(ʊ)ɔ"@jam	<http://ids.clld.org/values/17-560-218-1>		<http://ids.clld.org/parameters/17-560>		<http://ids.clld.org/values/17-560-174-1>		"mmʔhm"@mch	
"gran"@jam	<http://ids.clld.org/values/2-460-218-5>		<http://ids.clld.org/parameters/2-460>		<http://ids.clld.org/values/2-460-174-1>		"kōko"@mch	
"tič"@jam	<http://ids.clld.org/values/17-250-218-3>		<http://ids.clld.org/parameters/17-250>		<http://ids.clld.org/values/17-250-174-1>		"-owānoma-"@mch	
"bāda"@jam	<http://ids.clld.org/values/12-353-218-3>		<http://ids.clld.org/parameters/12-353>		<http://ids.clld.org/values/12-353-174-1>		"čəʔhiyu"@mch	
"ɔŋkl"@jam	<http://ids.clld.org/values/2-512-218-1>		<http://ids.clld.org/parameters/2-512>		<http://ids.clld.org/values/2-512-174-1>		"haha"@mch	
"pɛrmɩt"@jam	<http://ids.clld.org/values/19-470-218-3>		<http://ids.clld.org/parameters/19-470>		<http://ids.clld.org/values/19-470-174-1>		"tɨdɨho-dɨ"@mch	
"waɩt"@jam	<http://ids.clld.org/values/15-640-218-1>		<http://ids.clld.org/parameters/15-640>		<http://ids.clld.org/values/15-640-174-1>		"təʔkeʔne"@mch	
"wāta-fal"@jam	<http://ids.clld.org/values/1-390-218-1>		<http://ids.clld.org/parameters/1-390>		<http://ids.clld.org/values/1-390-174-1>		"yedukadɨ"@mch	
"gran-fāda"@jam	<http://ids.clld.org/values/2-460-218-1>		<http://ids.clld.org/parameters/2-460>		<http://ids.clld.org/values/2-460-174-1>		"kōko"@mch	
"os"@jam	<http://ids.clld.org/values/7-120-218-1>		<http://ids.clld.org/parameters/7-120>		<http://ids.clld.org/values/7-120-174-1>		"mmā"@mch	
"skul"@jam	<http://ids.clld.org/values/17-280-218-1>		<http://ids.clld.org/parameters/17-280>		<http://ids.clld.org/values/17-280-174-1>		"wōwanomatoho"@mch	
"blɔd"@jam	<http://ids.clld.org/values/4-150-218-1>		<http://ids.clld.org/parameters/4-150>		<http://ids.clld.org/values/4-150-174-1>		"munu"@mch	
"ɛrt"@jam	<http://ids.clld.org/values/1-212-218-1>		<http://ids.clld.org/parameters/1-212>		<http://ids.clld.org/values/1-212-174-1>		"nono"@mch	
"bit"@jam	<http://ids.clld.org/values/9-210-218-3>		<http://ids.clld.org/parameters/9-210>		<http://ids.clld.org/values/9-210-174-1>		"-aiʔhuka-dɨ"@mch	
"fɩmɛɩl"@jam	<http://ids.clld.org/values/2-240-218-1>		<http://ids.clld.org/parameters/2-240>		<http://ids.clld.org/values/2-240-174-1>		"wodi"@mch	
"snɛɩl"@jam	<http://ids.clld.org/values/3-940-218-1>		<http://ids.clld.org/parameters/3-940>		<http://ids.clld.org/values/3-940-174-1>		"memu"@mch	
"lān ~ lɛrn"@jam	<http://ids.clld.org/values/17-240-218-1>		<http://ids.clld.org/parameters/17-240>		<http://ids.clld.org/values/17-240-174-1>		"-ōwanoma-"@mch	
"wɛn"@jam	<http://ids.clld.org/values/17-650-218-1>		<http://ids.clld.org/parameters/17-650>		<http://ids.clld.org/values/17-650-174-1>		"əičənnāwəkə"@mch	
"sɩŋ"@jam	<http://ids.clld.org/values/18-120-218-1>		<http://ids.clld.org/parameters/18-120>		<http://ids.clld.org/values/18-120-174-1>		"we[kantā]ʔɲənə"@mch	
"fɩu"@jam	<http://ids.clld.org/values/13-170-218-3>		<http://ids.clld.org/parameters/13-170>		<http://ids.clld.org/values/13-170-174-1>		"ākəʔkə"@mch	
"bʊš(-tɩ)"@jam	<http://ids.clld.org/values/4-880-218-5>		<http://ids.clld.org/parameters/4-880>		<http://ids.clld.org/values/4-880-174-1>		"əhi"@mch	
"du"@jam	<http://ids.clld.org/values/9-110-218-1>		<http://ids.clld.org/parameters/9-110>		<http://ids.clld.org/values/9-110-174-1>		"tɨdɨ̄dɨ"@mch	
"wik"@jam	<http://ids.clld.org/values/4-820-218-1>		<http://ids.clld.org/parameters/4-820>		<http://ids.clld.org/values/4-820-174-1>		"āʔkedēto"@mch	
"bɩliv"@jam	<http://ids.clld.org/values/17-150-218-1>		<http://ids.clld.org/parameters/17-150>		<http://ids.clld.org/values/17-150-174-1>		"-ekanɨhɨ-dɨ"@mch	
"brɩŋ"@jam	<http://ids.clld.org/values/10-610-218-3>		<http://ids.clld.org/parameters/10-610>		<http://ids.clld.org/values/10-610-174-1>		"-adə̄-"@mch	
"flɩŋ"@jam	<http://ids.clld.org/values/10-250-218-7>		<http://ids.clld.org/parameters/10-250>		<http://ids.clld.org/values/10-250-174-1>		"himā-dɨ"@mch	
"tāk"@jam	<http://ids.clld.org/values/18-210-218-1>		<http://ids.clld.org/parameters/18-210>		<http://ids.clld.org/values/18-210-174-1>		"w-aʔdew-nə"@mch	
"dʊɔ ~ dʊɔ(r)"@jam	<http://ids.clld.org/values/7-220-218-1>		<http://ids.clld.org/parameters/7-220>		<http://ids.clld.org/values/7-220-174-1>		"mɨnātata"@mch	
"wār"@jam	<http://ids.clld.org/values/20-130-218-1>		<http://ids.clld.org/parameters/20-130>		<http://ids.clld.org/values/20-130-174-1>		"wənə"@mch	
"tɛɩbl"@jam	<http://ids.clld.org/values/7-440-218-1>		<http://ids.clld.org/parameters/7-440>		<http://ids.clld.org/values/7-440-174-1>		"[mesa]i"@mch	
"was"@jam	<http://ids.clld.org/values/3-823-218-1>		<http://ids.clld.org/parameters/3-823>		<http://ids.clld.org/values/3-823-174-1>		"sūnwa"@mch	
"rʊɔd"@jam	<http://ids.clld.org/values/10-710-218-1>		<http://ids.clld.org/parameters/10-710>		<http://ids.clld.org/values/10-710-174-1>		"ə̄ma"@mch	
"ni"@jam	<http://ids.clld.org/values/4-360-218-1>		<http://ids.clld.org/parameters/4-360>		<http://ids.clld.org/values/4-360-174-1>		"ə̄ʔmu"@mch	
"fan"@jam	<http://ids.clld.org/values/9-790-218-1>		<http://ids.clld.org/parameters/9-790>		<http://ids.clld.org/values/9-790-174-1>		"wadi-wadi"@mch	
"bilʊɔ"@jam	<http://ids.clld.org/values/12-30-218-3>		<http://ids.clld.org/parameters/12-30>		<http://ids.clld.org/values/12-30-174-1>		"doʔnə"@mch	
"spɩrɩt"@jam	<http://ids.clld.org/values/16-110-218-3>		<http://ids.clld.org/parameters/16-110>		<http://ids.clld.org/values/16-110-174-1>		"dōʔta"@mch	
"gran-dāta"@jam	<http://ids.clld.org/values/2-490-218-1>		<http://ids.clld.org/parameters/2-490>		<http://ids.clld.org/values/2-490-174-1>		"hādɨ"@mch	
"dɔn"@jam	<http://ids.clld.org/values/14-270-218-3>		<http://ids.clld.org/parameters/14-270>		<http://ids.clld.org/values/14-270-174-1>		"w-əʔka-nə"@mch	
"batam"@jam	<http://ids.clld.org/values/12-340-218-1>		<http://ids.clld.org/parameters/12-340>		<http://ids.clld.org/values/12-340-174-1>		"nwaʔkəi"@mch	
"man"@jam	<http://ids.clld.org/values/2-210-218-1>		<http://ids.clld.org/parameters/2-210>		<http://ids.clld.org/values/2-210-174-1>		"danwa"@mch	
"lamp"@jam	<http://ids.clld.org/values/7-450-218-1>		<http://ids.clld.org/parameters/7-450>		<http://ids.clld.org/values/7-450-174-1>		"adāwa"@mch	
"waɩ"@jam	<http://ids.clld.org/values/17-690-218-1>		<http://ids.clld.org/parameters/17-690>		<http://ids.clld.org/values/17-690-174-1>		"ākene yeihəkə"@mch	
"grab"@jam	<http://ids.clld.org/values/11-140-218-3>		<http://ids.clld.org/parameters/11-140>		<http://ids.clld.org/values/11-140-174-1>		"-ahəi-"@mch	
"katn"@jam	<http://ids.clld.org/values/6-240-218-1>		<http://ids.clld.org/parameters/6-240>		<http://ids.clld.org/values/6-240-174-1>		"wadēkū"@mch	
"lip"@jam	<http://ids.clld.org/values/10-430-218-3>		<http://ids.clld.org/parameters/10-430>		<http://ids.clld.org/values/10-430-174-1>		"w-ahanɨn-nə"@mch	
"čɛɩr"@jam	<http://ids.clld.org/values/7-430-218-1>		<http://ids.clld.org/parameters/7-430>		<http://ids.clld.org/values/7-430-174-1>		"āʔtəy"@mch	
"bān"@jam	<http://ids.clld.org/values/4-720-218-3>		<http://ids.clld.org/parameters/4-720>		<http://ids.clld.org/values/4-720-174-1>		"w-ennu-nə"@mch	
"pɛɩpa"@jam	<http://ids.clld.org/values/18-560-218-1>		<http://ids.clld.org/parameters/18-560>		<http://ids.clld.org/values/18-560-174-1>		"[hahēda]"@mch	
"bid"@jam	<http://ids.clld.org/values/6-760-218-1>		<http://ids.clld.org/parameters/6-760>		<http://ids.clld.org/values/6-760-174-1>		"mayūdu"@mch	
"ānɩmənt"@jam	<http://ids.clld.org/values/6-710-218-1>		<http://ids.clld.org/parameters/6-710>		<http://ids.clld.org/values/6-710-174-1>		"sawīya"@mch	
"āks"@jam	<http://ids.clld.org/values/18-350-218-1>		<http://ids.clld.org/parameters/18-350>		<http://ids.clld.org/values/18-350-174-1>		"eʔkatə-dɨ"@mch	
"vɩlɩǰ"@jam	<http://ids.clld.org/values/19-160-218-1>		<http://ids.clld.org/parameters/19-160>		<http://ids.clld.org/values/19-160-174-1>		"haʔta"@mch	
"laŋwɩǰ"@jam	<http://ids.clld.org/values/18-240-218-1>		<http://ids.clld.org/parameters/18-240>		<http://ids.clld.org/values/18-240-174-1>		"āʔdewʔkwe"@mch	
"bɔd ~ bərd ~ bɛrd"@jam	<http://ids.clld.org/values/3-581-218-1>		<http://ids.clld.org/parameters/3-581>		<http://ids.clld.org/values/3-581-174-1>		"hawi"@mch	
"gran-son"@jam	<http://ids.clld.org/values/2-480-218-1>		<http://ids.clld.org/parameters/2-480>		<http://ids.clld.org/values/2-480-174-1>		"hādɨ"@mch	
"sɩŋk"@jam	<http://ids.clld.org/values/10-330-218-1>		<http://ids.clld.org/parameters/10-330>		<http://ids.clld.org/values/10-330-174-1>		"yehuʔkwai"@mch	
"vɔlča"@jam	<http://ids.clld.org/values/3-586-218-5>		<http://ids.clld.org/parameters/3-586>		<http://ids.clld.org/values/3-586-174-1>		"kudūmu"@mch	
"rak"@jam	<http://ids.clld.org/values/1-440-218-5>		<http://ids.clld.org/parameters/1-440>		<http://ids.clld.org/values/1-440-174-1>		"təʔhu"@mch	
"sɩt ~ sɩ-(dɔn)"@jam	<http://ids.clld.org/values/12-130-218-1>		<http://ids.clld.org/parameters/12-130>		<http://ids.clld.org/values/12-130-174-1>		"w-atahhimā-nə"@mch	
"lɛg"@jam	<http://ids.clld.org/values/4-350-218-1>		<http://ids.clld.org/parameters/4-350>		<http://ids.clld.org/values/4-350-174-1>		"hētɨ"@mch	
"āntɩ"@jam	<http://ids.clld.org/values/2-521-218-1>		<http://ids.clld.org/parameters/2-521>		<http://ids.clld.org/values/2-521-174-1>		"denɨ"@mch	
"yād"@jam	<http://ids.clld.org/values/7-150-218-1>		<http://ids.clld.org/parameters/7-150>		<http://ids.clld.org/values/7-150-174-1>		"hɨdōdo"@mch	
"(n)āt"@jam	<http://ids.clld.org/values/13-0-218-1>		<http://ids.clld.org/parameters/13-0>		<http://ids.clld.org/values/13-0-174-1>		"āʔke"@mch	
"fli"@jam	<http://ids.clld.org/values/10-510-218-1>		<http://ids.clld.org/parameters/10-510>		<http://ids.clld.org/values/10-510-174-1>		"w-ə̄nehē-nə"@mch	
"lān ~ lɛrn"@jam	<http://ids.clld.org/values/17-250-218-1>		<http://ids.clld.org/parameters/17-250>		<http://ids.clld.org/values/17-250-174-1>		"-owānoma-"@mch	
"flɛɩm"@jam	<http://ids.clld.org/values/1-820-218-1>		<http://ids.clld.org/parameters/1-820>		<http://ids.clld.org/values/1-820-174-1>		"wāʔto"@mch	
"pʊɔt"@jam	<http://ids.clld.org/values/10-910-218-3>		<http://ids.clld.org/parameters/10-910>		<http://ids.clld.org/values/10-910-174-1>		"wəʔtə"@mch	
"fāda-ɩn-lā"@jam	<http://ids.clld.org/values/2-610-218-1>		<http://ids.clld.org/parameters/2-610>		<http://ids.clld.org/values/2-610-174-1>		"wōdɨ̄mə"@mch	
"yu ~ yʊ"@jam	<http://ids.clld.org/values/2-920-218-1>		<http://ids.clld.org/parameters/2-920>		<http://ids.clld.org/values/2-920-174-1>		"əmədə"@mch	
"datā"@jam	<http://ids.clld.org/values/2-420-218-3>		<http://ids.clld.org/parameters/2-420>		<http://ids.clld.org/values/2-420-174-1>		"nnedɨ"@mch	
"haɩ"@jam	<http://ids.clld.org/values/12-310-218-1>		<http://ids.clld.org/parameters/12-310>		<http://ids.clld.org/values/12-310-174-1>		"kawə"@mch	
"o"@jam	<http://ids.clld.org/values/17-610-218-1>		<http://ids.clld.org/parameters/17-610>		<http://ids.clld.org/values/17-610-174-1>		"ākene"@mch	
"kāl"@jam	<http://ids.clld.org/values/18-410-218-1>		<http://ids.clld.org/parameters/18-410>		<http://ids.clld.org/values/18-410-174-1>		"aʔdewhaʔdɨ"@mch	
"drɛs"@jam	<http://ids.clld.org/values/6-110-218-1>		<http://ids.clld.org/parameters/6-110>		<http://ids.clld.org/values/6-110-174-1>		"wewontənə"@mch	
"tiča"@jam	<http://ids.clld.org/values/17-270-218-1>		<http://ids.clld.org/parameters/17-270>		<http://ids.clld.org/values/17-270-174-1>		"yowānomani"@mch	
"wirɩ"@jam	<http://ids.clld.org/values/4-910-218-3>		<http://ids.clld.org/parameters/4-910>		<http://ids.clld.org/values/4-910-174-1>		"tɨkinča"@mch	
"pɛɩnt"@jam	<http://ids.clld.org/values/9-880-218-1>		<http://ids.clld.org/parameters/9-880>		<http://ids.clld.org/values/9-880-174-1>		"wānai"@mch	
"ratɩn"@jam	<http://ids.clld.org/values/5-125-218-1>		<http://ids.clld.org/parameters/5-125>		<http://ids.clld.org/values/5-125-174-1>		"čə̄tāhə"@mch	
"wudz"@jam	<http://ids.clld.org/values/1-410-218-1>		<http://ids.clld.org/parameters/1-410>		<http://ids.clld.org/values/1-410-174-1>		"čūta"@mch	
"(w)ud"@jam	<http://ids.clld.org/values/1-430-218-1>		<http://ids.clld.org/parameters/1-430>		<http://ids.clld.org/values/1-430-174-1>		"dē"@mch	
"wɔ(r)k"@jam	<http://ids.clld.org/values/9-120-218-1>		<http://ids.clld.org/parameters/9-120>		<http://ids.clld.org/values/9-120-174-1>		"tadawāhu"@mch	
"ʊɔl"@jam	<http://ids.clld.org/values/11-140-218-5>		<http://ids.clld.org/parameters/11-140>		<http://ids.clld.org/values/11-140-174-1>		"-ahəi-"@mch	
"faya"@jam	<http://ids.clld.org/values/1-810-218-1>		<http://ids.clld.org/parameters/1-810>		<http://ids.clld.org/values/1-810-174-1>		"wāʔto"@mch	
"twɛlv"@jam	<http://ids.clld.org/values/13-102-218-1>		<http://ids.clld.org/parameters/13-102>		<http://ids.clld.org/values/13-102-174-1>		"amohadəʔto dēwə āʔkə"@mch	
"sʊɔl"@jam	<http://ids.clld.org/values/16-110-218-1>		<http://ids.clld.org/parameters/16-110>		<http://ids.clld.org/values/16-110-174-1>		"dōʔta"@mch	
"man tibi"@jam	<http://ids.clld.org/values/2-251-218-3>		<http://ids.clld.org/parameters/2-251>		<http://ids.clld.org/values/2-251-174-1>		"mudēši"@mch	
"man-"@jam	<http://ids.clld.org/values/2-230-218-3>		<http://ids.clld.org/parameters/2-230>		<http://ids.clld.org/values/2-230-174-1>		"danwa"@mch	
"āks"@jam	<http://ids.clld.org/values/18-310-218-1>		<http://ids.clld.org/parameters/18-310>		<http://ids.clld.org/values/18-310-174-1>		"-ekammaho-"@mch	
"ɛɩt"@jam	<http://ids.clld.org/values/13-80-218-1>		<http://ids.clld.org/parameters/13-80>		<http://ids.clld.org/values/13-80-174-1>		"aduwawə amohaʔto"@mch	
"ɛɩr"@jam	<http://ids.clld.org/values/14-730-218-1>		<http://ids.clld.org/parameters/14-730>		<http://ids.clld.org/values/14-730-174-1>		"wedɨ"@mch	
"bɛɩd"@jam	<http://ids.clld.org/values/4-142-218-1>		<http://ids.clld.org/parameters/4-142>		<http://ids.clld.org/values/4-142-174-1>		"ettəmuho"@mch	
"nɩgl"@jam	<http://ids.clld.org/values/6-360-218-1>		<http://ids.clld.org/parameters/6-360>		<http://ids.clld.org/values/6-360-174-1>		"makūsa"@mch	
"lāf"@jam	<http://ids.clld.org/values/16-250-218-1>		<http://ids.clld.org/parameters/16-250>		<http://ids.clld.org/values/16-250-174-1>		"waʔsenɲo"@mch	
"bɩg sɩsta"@jam	<http://ids.clld.org/values/2-454-218-1>		<http://ids.clld.org/parameters/2-454>		<http://ids.clld.org/values/2-454-174-1>		"yāya"@mch	
"ɩl"@jam	<http://ids.clld.org/values/1-220-218-3>		<http://ids.clld.org/parameters/1-220>		<http://ids.clld.org/values/1-220-174-1>		"hɨ̄"@mch	
"plānt"@jam	<http://ids.clld.org/values/8-531-218-1>		<http://ids.clld.org/parameters/8-531>		<http://ids.clld.org/values/8-531-174-1>		"aiʔčɨdɨ"@mch	
"ʊnʊ"@jam	<http://ids.clld.org/values/2-950-218-1>		<http://ids.clld.org/parameters/2-950>		<http://ids.clld.org/values/2-950-174-1>		"ənwanno"@mch	
"nʊɔs-nāt"@jam	<http://ids.clld.org/values/4-232-218-1>		<http://ids.clld.org/parameters/4-232>		<http://ids.clld.org/values/4-232-174-1>		"ənuʔtə"@mch	
"əraɩv"@jam	<http://ids.clld.org/values/10-550-218-3>		<http://ids.clld.org/parameters/10-550>		<http://ids.clld.org/values/10-550-174-1>		"w-əʔdɨ-nə"@mch	
"pɛɩnt"@jam	<http://ids.clld.org/values/9-890-218-1>		<http://ids.clld.org/parameters/9-890>		<http://ids.clld.org/values/9-890-174-1>		"wemānʔa"@mch	
"stɛr"@jam	<http://ids.clld.org/values/5-490-218-1>		<http://ids.clld.org/parameters/5-490>		<http://ids.clld.org/values/5-490-174-1>		"-oima-dɨ"@mch	
"wāl"@jam	<http://ids.clld.org/values/7-270-218-1>		<http://ids.clld.org/parameters/7-270>		<http://ids.clld.org/values/7-270-174-1>		"həʔhudu"@mch	
"šāt"@jam	<http://ids.clld.org/values/12-590-218-1>		<http://ids.clld.org/parameters/12-590>		<http://ids.clld.org/values/12-590-174-1>		"tawedato"@mch	
"gʊd"@jam	<http://ids.clld.org/values/16-710-218-1>		<http://ids.clld.org/parameters/16-710>		<http://ids.clld.org/values/16-710-174-1>		"ašiča"@mch	
"bāskɩt"@jam	<http://ids.clld.org/values/9-760-218-1>		<http://ids.clld.org/parameters/9-760>		<http://ids.clld.org/values/9-760-174-1>		"wɨ̄wa"@mch	
"diman"@jam	<http://ids.clld.org/values/22-350-218-1>		<http://ids.clld.org/parameters/22-350>		<http://ids.clld.org/values/22-350-174-1>		"kahūšawa"@mch	
"spʷaɩl"@jam	<http://ids.clld.org/values/5-125-218-3>		<http://ids.clld.org/parameters/5-125>		<http://ids.clld.org/values/5-125-174-1>		"čə̄tāhə"@mch	
"sāf"@jam	<http://ids.clld.org/values/15-750-218-1>		<http://ids.clld.org/parameters/15-750>		<http://ids.clld.org/values/15-750-174-1>		"tɨwansuʔde"@mch	
"brād"@jam	<http://ids.clld.org/values/12-610-218-3>		<http://ids.clld.org/parameters/12-610>		<http://ids.clld.org/values/12-610-174-1>		"taʔhuhūne"@mch	
"waɩd"@jam	<http://ids.clld.org/values/12-610-218-1>		<http://ids.clld.org/parameters/12-610>		<http://ids.clld.org/values/12-610-174-1>		"taʔhuhūne"@mch	
"klā"@jam	<http://ids.clld.org/values/4-345-218-1>		<http://ids.clld.org/parameters/4-345>		<http://ids.clld.org/values/4-345-174-1>		"əmmi"@mch	
"baɩt"@jam	<http://ids.clld.org/values/4-580-218-1>		<http://ids.clld.org/parameters/4-580>		<http://ids.clld.org/values/4-580-174-1>		"ēkādɨ"@mch	
"ɔnkl ~ ɔŋkl"@jam	<http://ids.clld.org/values/2-510-218-1>		<http://ids.clld.org/parameters/2-510>		<http://ids.clld.org/values/2-510-174-1>		"wōdɨ"@mch	
"ām"@jam	<http://ids.clld.org/values/4-310-218-1>		<http://ids.clld.org/parameters/4-310>		<http://ids.clld.org/values/4-310-174-1>		"aʔhə"@mch	
"tu"@jam	<http://ids.clld.org/values/13-20-218-1>		<http://ids.clld.org/parameters/13-20>		<http://ids.clld.org/values/13-20-174-1>		"āʔkə"@mch	
"mɔč"@jam	<http://ids.clld.org/values/13-150-218-3>		<http://ids.clld.org/parameters/13-150>		<http://ids.clld.org/values/13-150-174-1>		"hōhe"@mch	
"gɔ ot"@jam	<http://ids.clld.org/values/10-474-218-1>		<http://ids.clld.org/parameters/10-474>		<http://ids.clld.org/values/10-474-174-1>		"w-ehaʔka-nə"@mch	
"grif"@jam	<http://ids.clld.org/values/16-320-218-1>		<http://ids.clld.org/parameters/16-320>		<http://ids.clld.org/values/16-320-174-1>		"wentumhe"@mch	
"krɩkɩt"@jam	<http://ids.clld.org/values/3-930-218-3>		<http://ids.clld.org/parameters/3-930>		<http://ids.clld.org/values/3-930-174-1>		"kɨdatay"@mch	
"apɩ"@jam	<http://ids.clld.org/values/16-230-218-3>		<http://ids.clld.org/parameters/16-230>		<http://ids.clld.org/values/16-230-174-1>		"takwanɲe"@mch	
"pɛrsn"@jam	<http://ids.clld.org/values/2-100-218-1>		<http://ids.clld.org/parameters/2-100>		<http://ids.clld.org/values/2-100-174-1>		"ssoto"@mch	
"dāk"@jam	<http://ids.clld.org/values/15-630-218-1>		<http://ids.clld.org/parameters/15-630>		<http://ids.clld.org/values/15-630-174-1>		"tɨhe"@mch	
"naɩn"@jam	<http://ids.clld.org/values/13-90-218-1>		<http://ids.clld.org/parameters/13-90>		<http://ids.clld.org/values/13-90-174-1>		"āʔkəi čea amohaʔto"@mch	
"bāl ot"@jam	<http://ids.clld.org/values/18-130-218-3>		<http://ids.clld.org/parameters/18-130>		<http://ids.clld.org/values/18-130-174-1>		"kəʔtɨn-nə"@mch	
"nɛklɩ"@jam	<http://ids.clld.org/values/6-750-218-1>		<http://ids.clld.org/parameters/6-750>		<http://ids.clld.org/values/6-750-174-1>		"wōʔmo"@mch	
"sɔn-ɩn-lā ~ sɔn-an-lā"@jam	<http://ids.clld.org/values/2-630-218-1>		<http://ids.clld.org/parameters/2-630>		<http://ids.clld.org/values/2-630-174-1>		"-hannɨ-dɨ"@mch	
"fam(bɩ)lɩ"@jam	<http://ids.clld.org/values/2-820-218-1>		<http://ids.clld.org/parameters/2-820>		<http://ids.clld.org/values/2-820-174-1>		"himmə"@mch	
"kɔzɩn"@jam	<http://ids.clld.org/values/2-550-218-1>		<http://ids.clld.org/parameters/2-550>		<http://ids.clld.org/values/2-550-174-1>		"waiɲe"@mch	
"kɔzɩn"@jam	<http://ids.clld.org/values/2-550-218-1>		<http://ids.clld.org/parameters/2-550>		<http://ids.clld.org/values/2-550-174-3>		"yāʔko"@mch	
"traɩp"@jam	<http://ids.clld.org/values/4-461-218-5>		<http://ids.clld.org/parameters/4-461>		<http://ids.clld.org/values/4-461-174-1>		"hyōtɨ"@mch	
"madā"@jam	<http://ids.clld.org/values/2-360-218-3>		<http://ids.clld.org/parameters/2-360>		<http://ids.clld.org/values/2-360-174-1>		"denɨ"@mch	
"tʊɔč"@jam	<http://ids.clld.org/values/7-450-218-3>		<http://ids.clld.org/parameters/7-450>		<http://ids.clld.org/values/7-450-174-1>		"adāwa"@mch	
"fā(r)"@jam	<http://ids.clld.org/values/12-440-218-1>		<http://ids.clld.org/parameters/12-440>		<http://ids.clld.org/values/12-440-174-1>		"amoinče"@mch	
"əlaɩv"@jam	<http://ids.clld.org/values/4-740-218-3>		<http://ids.clld.org/parameters/4-740>		<http://ids.clld.org/values/4-740-174-1>		"wenɲə"@mch	
"pāt-wɛɩ"@jam	<http://ids.clld.org/values/10-720-218-3>		<http://ids.clld.org/parameters/10-720>		<http://ids.clld.org/values/10-720-174-1>		"ə̄ma"@mch	
"kʸāf"@jam	<http://ids.clld.org/values/4-352-218-1>		<http://ids.clld.org/parameters/4-352>		<http://ids.clld.org/values/4-352-174-1>		"hōde"@mch	
"drɔg"@jam	<http://ids.clld.org/values/4-880-218-3>		<http://ids.clld.org/parameters/4-880>		<http://ids.clld.org/values/4-880-174-1>		"əhi"@mch	
"faɩv"@jam	<http://ids.clld.org/values/13-50-218-1>		<http://ids.clld.org/parameters/13-50>		<http://ids.clld.org/values/13-50-174-1>		"hyātodea"@mch	
"fadā"@jam	<http://ids.clld.org/values/2-350-218-3>		<http://ids.clld.org/parameters/2-350>		<http://ids.clld.org/values/2-350-174-1>		"haha"@mch	
"rʊɔp"@jam	<http://ids.clld.org/values/9-190-218-1>		<http://ids.clld.org/parameters/9-190>		<http://ids.clld.org/values/9-190-174-1>		"āʔto"@mch	
"wi ~ wɩ"@jam	<http://ids.clld.org/values/2-941-218-1>		<http://ids.clld.org/parameters/2-941>		<http://ids.clld.org/values/2-941-174-1>		"kɨwɨ"@mch	
"tap"@jam	<http://ids.clld.org/values/12-330-218-1>		<http://ids.clld.org/parameters/12-330>		<http://ids.clld.org/values/12-330-174-1>		"akoiʔčaʔhɨdɨ"@mch	
"gʸadn"@jam	<http://ids.clld.org/values/8-130-218-1>		<http://ids.clld.org/parameters/8-130>		<http://ids.clld.org/values/8-130-174-1>		"awdwāhə"@mch	
"fiš-nɛt"@jam	<http://ids.clld.org/values/20-540-218-3>		<http://ids.clld.org/parameters/20-540>		<http://ids.clld.org/values/20-540-174-1>		"anətə"@mch	
"dāta"@jam	<http://ids.clld.org/values/2-420-218-1>		<http://ids.clld.org/parameters/2-420>		<http://ids.clld.org/values/2-420-174-1>		"nnedɨ"@mch	
"grin"@jam	<http://ids.clld.org/values/5-124-218-1>		<http://ids.clld.org/parameters/5-124>		<http://ids.clld.org/values/5-124-174-1>		"šēne"@mch	
"ɔŋgri"@jam	<http://ids.clld.org/values/5-140-218-3>		<http://ids.clld.org/parameters/5-140>		<http://ids.clld.org/values/5-140-174-1>		"əmīhe"@mch	
"bɔn ~ bərn"@jam	<http://ids.clld.org/values/1-851-218-1>		<http://ids.clld.org/parameters/1-851>		<http://ids.clld.org/values/1-851-174-1>		"ukā-dɨ"@mch	
"bɩgɩn"@jam	<http://ids.clld.org/values/14-250-218-1>		<http://ids.clld.org/parameters/14-250>		<http://ids.clld.org/values/14-250-174-1>		"ahəntədɨ"@mch	
"spik"@jam	<http://ids.clld.org/values/18-210-218-5>		<http://ids.clld.org/parameters/18-210>		<http://ids.clld.org/values/18-210-174-1>		"w-aʔdew-nə"@mch	
"dɩg"@jam	<http://ids.clld.org/values/8-220-218-1>		<http://ids.clld.org/parameters/8-220>		<http://ids.clld.org/values/8-220-174-1>		"tɨʔkādɨ"@mch	
"sid"@jam	<http://ids.clld.org/values/8-311-218-1>		<http://ids.clld.org/parameters/8-311>		<http://ids.clld.org/values/8-311-174-1>		"čə̄huʔhə"@mch	
"staɩk"@jam	<http://ids.clld.org/values/9-210-218-5>		<http://ids.clld.org/parameters/9-210>		<http://ids.clld.org/values/9-210-174-1>		"-aiʔhuka-dɨ"@mch	
"pʊt ɔn"@jam	<http://ids.clld.org/values/6-110-218-3>		<http://ids.clld.org/parameters/6-110>		<http://ids.clld.org/values/6-110-174-1>		"wewontənə"@mch	
"gris"@jam	<http://ids.clld.org/values/5-791-218-1>		<http://ids.clld.org/parameters/5-791>		<http://ids.clld.org/values/5-791-174-1>		"kātɨ"@mch	
"swit"@jam	<http://ids.clld.org/values/15-350-218-1>		<http://ids.clld.org/parameters/15-350>		<http://ids.clld.org/values/15-350-174-1>		"kādo"@mch	
"rɛs"@jam	<http://ids.clld.org/values/4-912-218-1>		<http://ids.clld.org/parameters/4-912>		<http://ids.clld.org/values/4-912-174-1>		"wə̄dētanə"@mch	
"dɛd"@jam	<http://ids.clld.org/values/4-750-218-1>		<http://ids.clld.org/parameters/4-750>		<http://ids.clld.org/values/4-750-174-1>		"-əma-"@mch	
"kʊkɩŋ vɛsl ~ kʊkɩ vɛsl"@jam	<http://ids.clld.org/values/5-260-218-3>		<http://ids.clld.org/parameters/5-260>		<http://ids.clld.org/values/5-260-174-1>		"ədinɲə"@mch	
"fāda brɛda"@jam	<http://ids.clld.org/values/2-512-218-3>		<http://ids.clld.org/parameters/2-512>		<http://ids.clld.org/values/2-512-174-1>		"haha"@mch	
"tri"@jam	<http://ids.clld.org/values/1-420-218-1>		<http://ids.clld.org/parameters/1-420>		<http://ids.clld.org/values/1-420-174-1>		"dē"@mch	
"mɛɩl"@jam	<http://ids.clld.org/values/2-230-218-5>		<http://ids.clld.org/parameters/2-230>		<http://ids.clld.org/values/2-230-174-1>		"danwa"@mch	
"klʊɔz"@jam	<http://ids.clld.org/values/6-120-218-3>		<http://ids.clld.org/parameters/6-120>		<http://ids.clld.org/values/6-120-174-1>		"womɨ"@mch	
"ədanmɛnt"@jam	<http://ids.clld.org/values/6-710-218-3>		<http://ids.clld.org/parameters/6-710>		<http://ids.clld.org/values/6-710-174-1>		"sawīya"@mch	
"si"@jam	<http://ids.clld.org/values/1-320-218-1>		<http://ids.clld.org/parameters/1-320>		<http://ids.clld.org/values/1-320-174-1>		"dama"@mch	
"lɔŋz"@jam	<http://ids.clld.org/values/4-441-218-1>		<http://ids.clld.org/parameters/4-441>		<http://ids.clld.org/values/4-441-174-1>		"ʔtaway-dɨ"@mch	
"māda brɛda"@jam	<http://ids.clld.org/values/2-511-218-3>		<http://ids.clld.org/parameters/2-511>		<http://ids.clld.org/values/2-511-174-1>		"yawo"@mch	
"tɛn"@jam	<http://ids.clld.org/values/13-100-218-1>		<http://ids.clld.org/parameters/13-100>		<http://ids.clld.org/values/13-100-174-1>		"amohadə"@mch	
"skaɩ"@jam	<http://ids.clld.org/values/1-510-218-1>		<http://ids.clld.org/parameters/1-510>		<http://ids.clld.org/values/1-510-174-1>		"kahu"@mch	
"āk"@jam	<http://ids.clld.org/values/3-585-218-1>		<http://ids.clld.org/parameters/3-585>		<http://ids.clld.org/values/3-585-174-1>		"hiyāna"@mch	
"no"@jam	<http://ids.clld.org/values/14-180-218-1>		<http://ids.clld.org/parameters/14-180>		<http://ids.clld.org/values/14-180-174-1>		"edūwa"@mch	
"a(l)wɛɩz"@jam	<http://ids.clld.org/values/14-310-218-1>		<http://ids.clld.org/parameters/14-310>		<http://ids.clld.org/values/14-310-174-1>		"wenēne"@mch	
"rɛskɩʊ"@jam	<http://ids.clld.org/values/11-250-218-3>		<http://ids.clld.org/parameters/11-250>		<http://ids.clld.org/values/11-250-174-1>		"ewanakādɨ"@mch	
"ɔp"@jam	<http://ids.clld.org/values/12-80-218-1>		<http://ids.clld.org/parameters/12-80>		<http://ids.clld.org/values/12-80-174-1>		"kawə̄"@mch	
"rɩŋkl"@jam	<http://ids.clld.org/values/15-890-218-1>		<http://ids.clld.org/parameters/15-890>		<http://ids.clld.org/values/15-890-174-1>		"deyude"@mch	
"šʊb"@jam	<http://ids.clld.org/values/10-670-218-3>		<http://ids.clld.org/parameters/10-670>		<http://ids.clld.org/values/10-670-174-1>		"-adima-dɨ"@mch	
"pipl"@jam	<http://ids.clld.org/values/19-210-218-1>		<http://ids.clld.org/parameters/19-210>		<http://ids.clld.org/values/19-210-174-1>		"weiʔčɨ"@mch	
"smāl ~ sʊmal"@jam	<http://ids.clld.org/values/12-560-218-1>		<http://ids.clld.org/parameters/12-560>		<http://ids.clld.org/values/12-560-174-1>		"šeʔkə"@mch	
"āt"@jam	<http://ids.clld.org/values/4-440-218-1>		<http://ids.clld.org/parameters/4-440>		<http://ids.clld.org/values/4-440-174-1>		"yēwanɨ"@mch	
"taɩ"@jam	<http://ids.clld.org/values/9-160-218-1>		<http://ids.clld.org/parameters/9-160>		<http://ids.clld.org/values/9-160-174-1>		"imɨdɨ"@mch	
"trʊɔ"@jam	<http://ids.clld.org/values/10-250-218-1>		<http://ids.clld.org/parameters/10-250>		<http://ids.clld.org/values/10-250-174-1>		"himā-dɨ"@mch	
"kɔmpanɩan"@jam	<http://ids.clld.org/values/19-510-218-3>		<http://ids.clld.org/parameters/19-510>		<http://ids.clld.org/values/19-510-174-1>		"weičakōno"@mch	
"abɔv"@jam	<http://ids.clld.org/values/12-80-218-3>		<http://ids.clld.org/parameters/12-80>		<http://ids.clld.org/values/12-80-174-1>		"kawə̄"@mch	
"gi ~ gɩv"@jam	<http://ids.clld.org/values/11-210-218-1>		<http://ids.clld.org/parameters/11-210>		<http://ids.clld.org/values/11-210-174-1>		"utūdu"@mch	
"tabakɔ ~ tʊbakɔ"@jam	<http://ids.clld.org/values/8-680-218-1>		<http://ids.clld.org/parameters/8-680>		<http://ids.clld.org/values/8-680-174-1>		"kawai"@mch	
"swɛl(ɩn)"@jam	<http://ids.clld.org/values/4-853-218-1>		<http://ids.clld.org/parameters/4-853>		<http://ids.clld.org/values/4-853-174-1>		"awonɲəʔkādɨ"@mch	
"laɩt"@jam	<http://ids.clld.org/values/1-610-218-1>		<http://ids.clld.org/parameters/1-610>		<http://ids.clld.org/values/1-610-174-1>		"šī"@mch	
"bʊɔ"@jam	<http://ids.clld.org/values/20-240-218-1>		<http://ids.clld.org/parameters/20-240>		<http://ids.clld.org/values/20-240-174-1>		"šimāda ehɨ̄dɨ"@mch	
"kād"@jam	<http://ids.clld.org/values/9-190-218-3>		<http://ids.clld.org/parameters/9-190>		<http://ids.clld.org/values/9-190-174-1>		"āʔto"@mch	
"faks"@jam	<http://ids.clld.org/values/3-740-218-1>		<http://ids.clld.org/parameters/3-740>		<http://ids.clld.org/values/3-740-174-1>		"awadudi"@mch	
"brɛɩk ~ brɔk"@jam	<http://ids.clld.org/values/9-260-218-1>		<http://ids.clld.org/parameters/9-260>		<http://ids.clld.org/values/9-260-174-1>		"-išiča-dɨ"@mch	
"ɛlbɔ"@jam	<http://ids.clld.org/values/4-320-218-1>		<http://ids.clld.org/parameters/4-320>		<http://ids.clld.org/values/4-320-174-1>		"ə̄ʔmu"@mch	
"ɛɩr"@jam	<http://ids.clld.org/values/4-140-218-1>		<http://ids.clld.org/parameters/4-140>		<http://ids.clld.org/values/4-140-174-1>		"hū"@mch	
"bɛlɩ"@jam	<http://ids.clld.org/values/4-460-218-3>		<http://ids.clld.org/parameters/4-460>		<http://ids.clld.org/values/4-460-174-1>		"dudūnoi"@mch	
"mɛk"@jam	<http://ids.clld.org/values/9-110-218-3>		<http://ids.clld.org/parameters/9-110>		<http://ids.clld.org/values/9-110-174-1>		"tɨdɨ̄dɨ"@mch	
"sik"@jam	<http://ids.clld.org/values/11-310-218-1>		<http://ids.clld.org/parameters/11-310>		<http://ids.clld.org/values/11-310-174-1>		"uhīyɨ"@mch	
"sʊɔ"@jam	<http://ids.clld.org/values/6-350-218-1>		<http://ids.clld.org/parameters/6-350>		<http://ids.clld.org/values/6-350-174-1>		"šōka-dɨ"@mch	
"dɔk"@jam	<http://ids.clld.org/values/3-570-218-1>		<http://ids.clld.org/parameters/3-570>		<http://ids.clld.org/values/3-570-174-1>		"[hātu]"@mch	
"twɛntɩ"@jam	<http://ids.clld.org/values/13-104-218-1>		<http://ids.clld.org/parameters/13-104>		<http://ids.clld.org/values/13-104-174-1>		"tōni ssoto"@mch	
"(h)ɛvɩ"@jam	<http://ids.clld.org/values/15-810-218-1>		<http://ids.clld.org/parameters/15-810>		<http://ids.clld.org/values/15-810-174-1>		"tamənɲato"@mch	
"fiɩs ~ fɛɩs"@jam	<http://ids.clld.org/values/4-204-218-1>		<http://ids.clld.org/parameters/4-204>		<http://ids.clld.org/values/4-204-174-1>		"heʔ-dɨ"@mch	
"kanu"@jam	<http://ids.clld.org/values/10-831-218-1>		<http://ids.clld.org/parameters/10-831>		<http://ids.clld.org/values/10-831-174-1>		"[kanowa]"@mch	
"wɔt"@jam	<http://ids.clld.org/values/17-640-218-1>		<http://ids.clld.org/parameters/17-640>		<http://ids.clld.org/values/17-640-174-1>		"ākene"@mch	
"bakl"@jam	<http://ids.clld.org/values/20-130-218-3>		<http://ids.clld.org/parameters/20-130>		<http://ids.clld.org/values/20-130-174-1>		"wənə"@mch	
"bʊɔd"@jam	<http://ids.clld.org/values/7-570-218-1>		<http://ids.clld.org/parameters/7-570>		<http://ids.clld.org/values/7-570-174-1>		"[tadwa]"@mch	
"yuman bin"@jam	<http://ids.clld.org/values/2-100-218-5>		<http://ids.clld.org/parameters/2-100>		<http://ids.clld.org/values/2-100-174-1>		"ssoto"@mch	
"snɛɩk"@jam	<http://ids.clld.org/values/3-850-218-1>		<http://ids.clld.org/parameters/3-850>		<http://ids.clld.org/values/3-850-174-1>		"əkə̄yu"@mch	
"ɔzban"@jam	<http://ids.clld.org/values/2-310-218-1>		<http://ids.clld.org/parameters/2-310>		<http://ids.clld.org/values/2-310-174-1>		"-ɲno"@mch	
"frut"@jam	<http://ids.clld.org/values/5-710-218-1>		<http://ids.clld.org/parameters/5-710>		<http://ids.clld.org/values/5-710-174-1>		"čə̄hɨdɨ̄-hɨdɨ"@mch	
"lɛda"@jam	<http://ids.clld.org/values/7-370-218-1>		<http://ids.clld.org/parameters/7-370>		<http://ids.clld.org/values/7-370-174-1>		"inɲahuʔtahə"@mch	
"faɩn"@jam	<http://ids.clld.org/values/11-320-218-1>		<http://ids.clld.org/parameters/11-320>		<http://ids.clld.org/values/11-320-174-1>		"edantə-dɨ"@mch	
"s(u)mɛl"@jam	<http://ids.clld.org/values/15-210-218-1>		<http://ids.clld.org/parameters/15-210>		<http://ids.clld.org/values/15-210-174-1>		"hyoʔhōdɨ"@mch	
"klod"@jam	<http://ids.clld.org/values/1-730-218-1>		<http://ids.clld.org/parameters/1-730>		<http://ids.clld.org/values/1-730-174-1>		"kāʔdutu"@mch	
"yuka"@jam	<http://ids.clld.org/values/8-920-218-1>		<http://ids.clld.org/parameters/8-920>		<http://ids.clld.org/values/8-920-174-1>		"kɨdēde"@mch	
"lɔv"@jam	<http://ids.clld.org/values/16-270-218-1>		<http://ids.clld.org/parameters/16-270>		<http://ids.clld.org/values/16-270-174-1>		"hyumma-dɨ"@mch	
"ag"@jam	<http://ids.clld.org/values/3-350-218-1>		<http://ids.clld.org/parameters/3-350>		<http://ids.clld.org/values/3-350-174-1>		"[kūši]"@mch	
"saɩl"@jam	<http://ids.clld.org/values/1-212-218-5>		<http://ids.clld.org/parameters/1-212>		<http://ids.clld.org/values/1-212-174-1>		"nono"@mch	
"sɛparɛɩt"@jam	<http://ids.clld.org/values/12-230-218-1>		<http://ids.clld.org/parameters/12-230>		<http://ids.clld.org/values/12-230-174-1>		"šādamadɨ̄he"@mch	
"slip"@jam	<http://ids.clld.org/values/4-610-218-1>		<http://ids.clld.org/parameters/4-610>		<http://ids.clld.org/values/4-610-174-1>		"w-ɨnɨʔ-nə"@mch	
"pat"@jam	<http://ids.clld.org/values/5-260-218-1>		<http://ids.clld.org/parameters/5-260>		<http://ids.clld.org/values/5-260-174-1>		"ədinɲə"@mch	
"ɩntɛstaɩn"@jam	<http://ids.clld.org/values/4-461-218-3>		<http://ids.clld.org/parameters/4-461>		<http://ids.clld.org/values/4-461-174-1>		"hyōtɨ"@mch	
"kɔm"@jam	<http://ids.clld.org/values/10-480-218-1>		<http://ids.clld.org/parameters/10-480>		<http://ids.clld.org/values/10-480-174-1>		"w-eʔ-nə"@mch	
"saɩl"@jam	<http://ids.clld.org/values/15-880-218-3>		<http://ids.clld.org/parameters/15-880>		<http://ids.clld.org/values/15-880-174-1>		"nossahe"@mch	
"biz"@jam	<http://ids.clld.org/values/3-820-218-1>		<http://ids.clld.org/parameters/3-820>		<http://ids.clld.org/values/3-820-174-1>		"wannə"@mch	
"rɔʊn"@jam	<http://ids.clld.org/values/12-810-218-1>		<http://ids.clld.org/parameters/12-810>		<http://ids.clld.org/values/12-810-174-1>		"kokkoduhaʔto"@mch	
"fʊt"@jam	<http://ids.clld.org/values/4-370-218-1>		<http://ids.clld.org/parameters/4-370>		<http://ids.clld.org/values/4-370-174-1>		"hūdu"@mch	
"kɔmɛns"@jam	<http://ids.clld.org/values/14-250-218-5>		<http://ids.clld.org/parameters/14-250>		<http://ids.clld.org/values/14-250-174-1>		"ahəntədɨ"@mch	
"kala"@jam	<http://ids.clld.org/values/6-450-218-1>		<http://ids.clld.org/parameters/6-450>		<http://ids.clld.org/values/6-450-174-1>		"wōʔmo"@mch	
"pan"@jam	<http://ids.clld.org/values/5-280-218-1>		<http://ids.clld.org/parameters/5-280>		<http://ids.clld.org/values/5-280-174-1>		"ʔtadī-yɨ"@mch	
"tɩŋk"@jam	<http://ids.clld.org/values/17-130-218-1>		<http://ids.clld.org/parameters/17-130>		<http://ids.clld.org/values/17-130-174-1>		"tɨtahə-nə"@mch	
"igl"@jam	<http://ids.clld.org/values/3-584-218-1>		<http://ids.clld.org/parameters/3-584>		<http://ids.clld.org/values/3-584-174-1>		"demōši"@mch	
"nis"@jam	<http://ids.clld.org/values/2-540-218-1>		<http://ids.clld.org/parameters/2-540>		<http://ids.clld.org/values/2-540-174-1>		"hāse"@mch	
"fɩt"@jam	<http://ids.clld.org/values/5-123-218-3>		<http://ids.clld.org/parameters/5-123>		<http://ids.clld.org/values/5-123-174-1>		"sēweyčato"@mch	
"mɩ"@jam	<http://ids.clld.org/values/2-910-218-3>		<http://ids.clld.org/parameters/2-910>		<http://ids.clld.org/values/2-910-174-1>		"ɨwɨ"@mch	
"yɛlo ~ yɩlaʊ"@jam	<http://ids.clld.org/values/15-690-218-1>		<http://ids.clld.org/parameters/15-690>		<http://ids.clld.org/values/15-690-174-1>		"kɨnota"@mch	
"uman"@jam	<http://ids.clld.org/values/2-220-218-1>		<http://ids.clld.org/parameters/2-220>		<http://ids.clld.org/values/2-220-174-1>		"wodi"@mch	
"sɛɩn"@jam	<http://ids.clld.org/values/20-540-218-1>		<http://ids.clld.org/parameters/20-540>		<http://ids.clld.org/values/20-540-174-1>		"anətə"@mch	
"āf-sprɩŋ"@jam	<http://ids.clld.org/values/2-430-218-1>		<http://ids.clld.org/parameters/2-430>		<http://ids.clld.org/values/2-430-174-1>		"nnedɨ"@mch	
"dɛm"@jam	<http://ids.clld.org/values/2-960-218-1>		<http://ids.clld.org/parameters/2-960>		<http://ids.clld.org/values/2-960-174-1>		"tɨnwano"@mch	
"skāpyan"@jam	<http://ids.clld.org/values/3-815-218-1>		<http://ids.clld.org/parameters/3-815>		<http://ids.clld.org/values/3-815-174-1>		"mɨnə̄tə"@mch	
"yɛs"@jam	<http://ids.clld.org/values/17-550-218-1>		<http://ids.clld.org/parameters/17-550>		<http://ids.clld.org/values/17-550-174-3>		"mmhm"@mch	
"yɛs"@jam	<http://ids.clld.org/values/17-550-218-1>		<http://ids.clld.org/parameters/17-550>		<http://ids.clld.org/values/17-550-174-1>		"ʔeee"@mch	
"yuman"@jam	<http://ids.clld.org/values/2-100-218-3>		<http://ids.clld.org/parameters/2-100>		<http://ids.clld.org/values/2-100-174-1>		"ssoto"@mch	
"ɩn-saɩd"@jam	<http://ids.clld.org/values/12-50-218-1>		<http://ids.clld.org/parameters/12-50>		<http://ids.clld.org/values/12-50-174-3>		"anwaʔka"@mch	
"ɩn-saɩd"@jam	<http://ids.clld.org/values/12-50-218-1>		<http://ids.clld.org/parameters/12-50>		<http://ids.clld.org/values/12-50-174-1>		"aʔka"@mch	
"si"@jam	<http://ids.clld.org/values/15-510-218-1>		<http://ids.clld.org/parameters/15-510>		<http://ids.clld.org/values/15-510-174-1>		"ene-dɨ"@mch	
"tri"@jam	<http://ids.clld.org/values/13-30-218-1>		<http://ids.clld.org/parameters/13-30>		<http://ids.clld.org/values/13-30-174-1>		"aduwawə"@mch	
"šʊɔ"@jam	<http://ids.clld.org/values/15-550-218-1>		<http://ids.clld.org/parameters/15-550>		<http://ids.clld.org/values/15-550-174-1>		"eneho-dɨ"@mch	
"fāl"@jam	<http://ids.clld.org/values/10-230-218-1>		<http://ids.clld.org/parameters/10-230>		<http://ids.clld.org/values/10-230-174-1>		"w-eduka-nə"@mch	
"ǰaɩ-fʊl"@jam	<http://ids.clld.org/values/16-230-218-5>		<http://ids.clld.org/parameters/16-230>		<http://ids.clld.org/values/16-230-174-1>		"takwanɲe"@mch	
"blak"@jam	<http://ids.clld.org/values/15-650-218-1>		<http://ids.clld.org/parameters/15-650>		<http://ids.clld.org/values/15-650-174-1>		"hudumato"@mch	
"mɔu(n)tɩn"@jam	<http://ids.clld.org/values/1-220-218-1>		<http://ids.clld.org/parameters/1-220>		<http://ids.clld.org/values/1-220-174-1>		"hɨ̄"@mch	
"agɩn"@jam	<http://ids.clld.org/values/14-350-218-1>		<http://ids.clld.org/parameters/14-350>		<http://ids.clld.org/values/14-350-174-1>		"dea"@mch	
"kʸur"@jam	<http://ids.clld.org/values/4-860-218-1>		<http://ids.clld.org/parameters/4-860>		<http://ids.clld.org/values/4-860-174-1>		"adonkadɨ"@mch	
"klʊɔ(d)ɩŋ"@jam	<http://ids.clld.org/values/6-120-218-1>		<http://ids.clld.org/parameters/6-120>		<http://ids.clld.org/values/6-120-174-1>		"womɨ"@mch	
"ɛǰ"@jam	<http://ids.clld.org/values/12-353-218-1>		<http://ids.clld.org/parameters/12-353>		<http://ids.clld.org/values/12-353-174-1>		"čəʔhiyu"@mch	
"āntɩ"@jam	<http://ids.clld.org/values/2-520-218-1>		<http://ids.clld.org/parameters/2-520>		<http://ids.clld.org/values/2-520-174-1>		"waynɲeʔney"@mch	
"gʊd"@jam	<http://ids.clld.org/values/4-830-218-3>		<http://ids.clld.org/parameters/4-830>		<http://ids.clld.org/values/4-830-174-1>		"tadəinɲe"@mch	
"tɩk"@jam	<http://ids.clld.org/values/12-630-218-1>		<http://ids.clld.org/parameters/12-630>		<http://ids.clld.org/values/12-630-174-1>		"hūšīhe"@mch	
"trap"@jam	<http://ids.clld.org/values/20-640-218-1>		<http://ids.clld.org/parameters/20-640>		<http://ids.clld.org/values/20-640-174-1>		"hāno"@mch	
"daš"@jam	<http://ids.clld.org/values/10-250-218-5>		<http://ids.clld.org/parameters/10-250>		<http://ids.clld.org/values/10-250-174-1>		"himā-dɨ"@mch	
"u"@jam	<http://ids.clld.org/values/17-680-218-1>		<http://ids.clld.org/parameters/17-680>		<http://ids.clld.org/values/17-680-174-1>		"ənə̄kɨ"@mch	
"lʊkɩŋ glās"@jam	<http://ids.clld.org/values/6-960-218-3>		<http://ids.clld.org/parameters/6-960>		<http://ids.clld.org/values/6-960-174-1>		"hekūde"@mch	
"kʸari"@jam	<http://ids.clld.org/values/10-610-218-1>		<http://ids.clld.org/parameters/10-610>		<http://ids.clld.org/values/10-610-174-1>		"-adə̄-"@mch	
"rɛd"@jam	<http://ids.clld.org/values/15-660-218-1>		<http://ids.clld.org/parameters/15-660>		<http://ids.clld.org/values/15-660-174-1>		"seweičato"@mch	
"tɩŋ"@jam	<http://ids.clld.org/values/11-180-218-1>		<http://ids.clld.org/parameters/11-180>		<http://ids.clld.org/values/11-180-174-1>		"k-ɨnnɨdɨʔ-komo"@mch	
"stāt"@jam	<http://ids.clld.org/values/14-250-218-3>		<http://ids.clld.org/parameters/14-250>		<http://ids.clld.org/values/14-250-174-1>		"ahəntədɨ"@mch	
"ašɩz"@jam	<http://ids.clld.org/values/1-840-218-1>		<http://ids.clld.org/parameters/1-840>		<http://ids.clld.org/values/1-840-174-1>		"wedēnnə"@mch	
"taɩyd"@jam	<http://ids.clld.org/values/4-910-218-1>		<http://ids.clld.org/parameters/4-910>		<http://ids.clld.org/values/4-910-174-1>		"tɨkinča"@mch	
"laɩs"@jam	<http://ids.clld.org/values/3-811-218-1>		<http://ids.clld.org/parameters/3-811>		<http://ids.clld.org/values/3-811-174-1>		"dāmə"@mch	
"fɩŋga-nɛɩl"@jam	<http://ids.clld.org/values/4-344-218-1>		<http://ids.clld.org/parameters/4-344>		<http://ids.clld.org/values/4-344-174-1>		"əmmi"@mch	
"tɩn"@jam	<http://ids.clld.org/values/12-650-218-1>		<http://ids.clld.org/parameters/12-650>		<http://ids.clld.org/values/12-650-174-1>		"sāʔtahe"@mch	
"ʊɔl"@jam	<http://ids.clld.org/values/14-150-218-1>		<http://ids.clld.org/parameters/14-150>		<http://ids.clld.org/values/14-150-174-1>		"henaʔdohə"@mch	
"sālt ~ salt"@jam	<http://ids.clld.org/values/5-810-218-1>		<http://ids.clld.org/parameters/5-810>		<http://ids.clld.org/values/5-810-174-1>		"[sayu]"@mch	
"pɩg"@jam	<http://ids.clld.org/values/3-350-218-3>		<http://ids.clld.org/parameters/3-350>		<http://ids.clld.org/values/3-350-174-1>		"[kūši]"@mch	
"dɔŋ"@jam	<http://ids.clld.org/values/12-30-218-1>		<http://ids.clld.org/parameters/12-30>		<http://ids.clld.org/values/12-30-174-1>		"doʔnə"@mch	
"kwɩk"@jam	<http://ids.clld.org/values/14-210-218-3>		<http://ids.clld.org/parameters/14-210>		<http://ids.clld.org/values/14-210-174-1>		"tamhə̄ʔne"@mch	
"aŋ ɔp ~ ɛŋ ɔp"@jam	<http://ids.clld.org/values/9-341-218-1>		<http://ids.clld.org/parameters/9-341>		<http://ids.clld.org/values/9-341-174-1>		"-ewaʔtə-dɨ"@mch	
"ɩt"@jam	<http://ids.clld.org/values/9-210-218-1>		<http://ids.clld.org/parameters/9-210>		<http://ids.clld.org/values/9-210-174-1>		"-aiʔhuka-dɨ"@mch	
"krap"@jam	<http://ids.clld.org/values/8-410-218-1>		<http://ids.clld.org/parameters/8-410>		<http://ids.clld.org/values/8-410-174-1>		"inɲatɨʔtə̄dɨ"@mch	
"drim"@jam	<http://ids.clld.org/values/4-620-218-1>		<http://ids.clld.org/parameters/4-620>		<http://ids.clld.org/values/4-620-174-1>		"wənētɨnə"@mch	
"tɛk"@jam	<http://ids.clld.org/values/11-130-218-1>		<http://ids.clld.org/parameters/11-130>		<http://ids.clld.org/values/11-130-174-1>		"w-emhan-nə"@mch	
"sɩv(ɩ)n"@jam	<http://ids.clld.org/values/13-70-218-1>		<http://ids.clld.org/parameters/13-70>		<http://ids.clld.org/values/13-70-174-1>		"āʔkə amohaʔto"@mch	
"pʊt"@jam	<http://ids.clld.org/values/12-120-218-1>		<http://ids.clld.org/parameters/12-120>		<http://ids.clld.org/values/12-120-174-1>		"enɨ̄ta"@mch	
"pʊt"@jam	<http://ids.clld.org/values/12-120-218-1>		<http://ids.clld.org/parameters/12-120>		<http://ids.clld.org/values/12-120-174-3>		"-ehuʔta-"@mch	
"mit"@jam	<http://ids.clld.org/values/19-650-218-1>		<http://ids.clld.org/parameters/19-650>		<http://ids.clld.org/values/19-650-174-1>		"edantə-dɨ"@mch	
"sw��m"@jam	<http://ids.clld.org/values/10-350-218-1>		<http://ids.clld.org/parameters/10-350>		<http://ids.clld.org/values/10-350-174-1>		"tɨwəʔhiyɨ"@mch	
"pɛpa"@jam	<http://ids.clld.org/values/5-821-218-1>		<http://ids.clld.org/parameters/5-821>		<http://ids.clld.org/values/5-821-174-1>		"homi"@mch	
"wɩč"@jam	<http://ids.clld.org/values/17-670-218-1>		<http://ids.clld.org/parameters/17-670>		<http://ids.clld.org/values/17-670-174-1>		"əišə̄no"@mch	
"gɛɩt"@jam	<http://ids.clld.org/values/7-220-218-3>		<http://ids.clld.org/parameters/7-220>		<http://ids.clld.org/values/7-220-174-1>		"mɨnātata"@mch	
"waš"@jam	<http://ids.clld.org/values/9-360-218-1>		<http://ids.clld.org/parameters/9-360>		<http://ids.clld.org/values/9-360-174-1>		"-ičoʔka-dɨ"@mch	
"diər"@jam	<http://ids.clld.org/values/3-750-218-1>		<http://ids.clld.org/parameters/3-750>		<http://ids.clld.org/values/3-750-174-1>		"kawādi"@mch	
"(s)kwiz"@jam	<http://ids.clld.org/values/9-343-218-1>		<http://ids.clld.org/parameters/9-343>		<http://ids.clld.org/values/9-343-174-1>		"eʔkukā-dɨ"@mch	
"krʊɔ"@jam	<http://ids.clld.org/values/3-586-218-1>		<http://ids.clld.org/parameters/3-586>		<http://ids.clld.org/values/3-586-174-1>		"kudūmu"@mch	
"pʊs"@jam	<http://ids.clld.org/values/3-620-218-3>		<http://ids.clld.org/parameters/3-620>		<http://ids.clld.org/values/3-620-174-1>		"[mēši]"@mch	
"nʊɔz"@jam	<http://ids.clld.org/values/4-230-218-1>		<http://ids.clld.org/parameters/4-230>		<http://ids.clld.org/values/4-230-174-1>		"ənna"@mch	
"dāg"@jam	<http://ids.clld.org/values/3-610-218-1>		<http://ids.clld.org/parameters/3-610>		<http://ids.clld.org/values/3-610-174-1>		"sɨ̄ʔna"@mch	
"brɩŋ"@jam	<http://ids.clld.org/values/10-620-218-1>		<http://ids.clld.org/parameters/10-620>		<http://ids.clld.org/values/10-620-174-1>		"-enehɨ"@mch	
"fɩnɩš"@jam	<http://ids.clld.org/values/14-270-218-1>		<http://ids.clld.org/parameters/14-270>		<http://ids.clld.org/values/14-270-174-1>		"w-əʔka-nə"@mch	
"spɛɩr"@jam	<http://ids.clld.org/values/20-260-218-1>		<http://ids.clld.org/parameters/20-260>		<http://ids.clld.org/values/20-260-174-1>		"sukuhi"@mch	
"grin"@jam	<http://ids.clld.org/values/15-680-218-1>		<http://ids.clld.org/parameters/15-680>		<http://ids.clld.org/values/15-680-174-1>		"šēne"@mch	
"wan"@jam	<http://ids.clld.org/values/13-10-218-1>		<http://ids.clld.org/parameters/13-10>		<http://ids.clld.org/values/13-10-174-1>		"tōni"@mch	
"nɩt"@jam	<http://ids.clld.org/values/6-330-218-1>		<http://ids.clld.org/parameters/6-330>		<http://ids.clld.org/values/6-330-174-1>		"tɨʔkaʔhɨdɨ"@mch	
"ivnɩŋ"@jam	<http://ids.clld.org/values/14-460-218-1>		<http://ids.clld.org/parameters/14-460>		<http://ids.clld.org/values/14-460-174-1>		"čomomɨdawə"@mch	
"dāns"@jam	<http://ids.clld.org/values/10-440-218-1>		<http://ids.clld.org/parameters/10-440>		<http://ids.clld.org/values/10-440-174-1>		"-ənwa-"@mch	
"alo"@jam	<http://ids.clld.org/values/19-470-218-5>		<http://ids.clld.org/parameters/19-470>		<http://ids.clld.org/values/19-470-174-1>		"tɨdɨho-dɨ"@mch	
"grās"@jam	<http://ids.clld.org/values/11-140-218-1>		<http://ids.clld.org/parameters/11-140>		<http://ids.clld.org/values/11-140-174-1>		"-ahəi-"@mch	
"nɛvyɔ"@jam	<http://ids.clld.org/values/2-530-218-1>		<http://ids.clld.org/parameters/2-530>		<http://ids.clld.org/values/2-530-174-1>		"honɨ"@mch	
"nɛvyɔ"@jam	<http://ids.clld.org/values/2-530-218-1>		<http://ids.clld.org/parameters/2-530>		<http://ids.clld.org/values/2-530-174-3>		"honɨ-kə"@mch	
"vamɩt"@jam	<http://ids.clld.org/values/4-570-218-1>		<http://ids.clld.org/parameters/4-570>		<http://ids.clld.org/values/4-570-174-1>		"wenaʔtahəʔeʔnə"@mch	
"kān"@jam	<http://ids.clld.org/values/8-470-218-1>		<http://ids.clld.org/parameters/8-470>		<http://ids.clld.org/values/8-470-174-1>		"ənɲa"@mch	
"ǰɔmp"@jam	<http://ids.clld.org/values/10-430-218-1>		<http://ids.clld.org/parameters/10-430>		<http://ids.clld.org/values/10-430-174-1>		"w-ahanɨn-nə"@mch	
"waɩn"@jam	<http://ids.clld.org/values/10-140-218-1>		<http://ids.clld.org/parameters/10-140>		<http://ids.clld.org/values/10-140-174-1>		"weməīya"@mch	
"ɛrt-kwɛɩk"@jam	<http://ids.clld.org/values/1-450-218-1>		<http://ids.clld.org/parameters/1-450>		<http://ids.clld.org/values/1-450-174-1>		"dehūši"@mch	
"kāf"@jam	<http://ids.clld.org/values/4-530-218-1>		<http://ids.clld.org/parameters/4-530>		<http://ids.clld.org/values/4-530-174-1>		"təinšiʔho"@mch	
"gɔt"@jam	<http://ids.clld.org/values/4-460-218-5>		<http://ids.clld.org/parameters/4-460>		<http://ids.clld.org/values/4-460-174-1>		"dudūnoi"@mch	
"at"@jam	<http://ids.clld.org/values/15-850-218-1>		<http://ids.clld.org/parameters/15-850>		<http://ids.clld.org/values/15-850-174-1>		"taʔne"@mch	
"kɛɩv"@jam	<http://ids.clld.org/values/1-280-218-1>		<http://ids.clld.org/parameters/1-280>		<http://ids.clld.org/values/1-280-174-1>		"ewɨ̄tɨ"@mch	
"grand-pā"@jam	<http://ids.clld.org/values/2-460-218-3>		<http://ids.clld.org/parameters/2-460>		<http://ids.clld.org/values/2-460-174-1>		"kōko"@mch	
"lɩ"@jam	<http://ids.clld.org/values/4-740-218-1>		<http://ids.clld.org/parameters/4-740>		<http://ids.clld.org/values/4-740-174-1>		"wenɲə"@mch	
"nɩam"@jam	<http://ids.clld.org/values/5-110-218-1>		<http://ids.clld.org/parameters/5-110>		<http://ids.clld.org/values/5-110-174-1>		"wowašīnčənə"@mch	
"dɩzaɩa"@jam	<http://ids.clld.org/values/16-620-218-3>		<http://ids.clld.org/parameters/16-620>		<http://ids.clld.org/values/16-620-174-1>		"hyumma-dɨ"@mch	
"fɔs ~ fərs"@jam	<http://ids.clld.org/values/13-340-218-1>		<http://ids.clld.org/parameters/13-340>		<http://ids.clld.org/values/13-340-174-1>		"awaʔde"@mch	
"hi-"@jam	<http://ids.clld.org/values/2-230-218-1>		<http://ids.clld.org/parameters/2-230>		<http://ids.clld.org/values/2-230-174-1>		"danwa"@mch	
"lɛɩm"@jam	<http://ids.clld.org/values/4-940-218-1>		<http://ids.clld.org/parameters/4-940>		<http://ids.clld.org/values/4-940-174-1>		"sekumhe"@mch	
"trʊɔ-ɔp"@jam	<http://ids.clld.org/values/4-570-218-3>		<http://ids.clld.org/parameters/4-570>		<http://ids.clld.org/values/4-570-174-1>		"wenaʔtahəʔeʔnə"@mch	
"yɔŋ man"@jam	<http://ids.clld.org/values/2-251-218-1>		<http://ids.clld.org/parameters/2-251>		<http://ids.clld.org/values/2-251-174-1>		"mudēši"@mch	
"wāta"@jam	<http://ids.clld.org/values/1-310-218-1>		<http://ids.clld.org/parameters/1-310>		<http://ids.clld.org/values/1-310-174-1>		"tuna"@mch	
"(s)kɩn"@jam	<http://ids.clld.org/values/4-120-218-1>		<http://ids.clld.org/parameters/4-120>		<http://ids.clld.org/values/4-120-174-1>		"hiʔhə"@mch	
"buš"@jam	<http://ids.clld.org/values/1-410-218-5>		<http://ids.clld.org/parameters/1-410>		<http://ids.clld.org/values/1-410-174-1>		"čūta"@mch	
"dɔv"@jam	<http://ids.clld.org/values/3-594-218-1>		<http://ids.clld.org/parameters/3-594>		<http://ids.clld.org/values/3-594-174-1>		"hadūma"@mch	
"(h)aɩ"@jam	<http://ids.clld.org/values/4-210-218-1>		<http://ids.clld.org/parameters/4-210>		<http://ids.clld.org/values/4-210-174-1>		"ənu"@mch	
"kɩŋgl"@jam	<http://ids.clld.org/values/1-860-218-3>		<http://ids.clld.org/parameters/1-860>		<http://ids.clld.org/values/1-860-174-1>		"-kemetə-"@mch	
"sɔn"@jam	<http://ids.clld.org/values/2-410-218-1>		<http://ids.clld.org/parameters/2-410>		<http://ids.clld.org/values/2-410-174-1>		"nnedɨ"@mch	
"ɩnɩšɛɩt"@jam	<http://ids.clld.org/values/14-250-218-7>		<http://ids.clld.org/parameters/14-250>		<http://ids.clld.org/values/14-250-174-1>		"ahəntədɨ"@mch	
"laɩ"@jam	<http://ids.clld.org/values/16-670-218-1>		<http://ids.clld.org/parameters/16-670>		<http://ids.clld.org/values/16-670-174-1>		"-enkutə-"@mch	
"bɛvrɩǰ"@jam	<http://ids.clld.org/values/5-900-218-3>		<http://ids.clld.org/parameters/5-900>		<http://ids.clld.org/values/5-900-174-1>		"kuši"@mch	
"samɔn"@jam	<http://ids.clld.org/values/18-410-218-3>		<http://ids.clld.org/parameters/18-410>		<http://ids.clld.org/values/18-410-174-1>		"aʔdewhaʔdɨ"@mch	
"kalabaš"@jam	<http://ids.clld.org/values/8-930-218-3>		<http://ids.clld.org/parameters/8-930>		<http://ids.clld.org/values/8-930-174-1>		"kankudu"@mch	
"rɛɩz"@jam	<http://ids.clld.org/values/10-210-218-3>		<http://ids.clld.org/parameters/10-210>		<http://ids.clld.org/values/10-210-174-1>		"w-ənuʔnə"@mch	
"farɩs"@jam	<http://ids.clld.org/values/1-410-218-3>		<http://ids.clld.org/parameters/1-410>		<http://ids.clld.org/values/1-410-174-1>		"čūta"@mch	
"nɛɩr"@jam	<http://ids.clld.org/values/12-430-218-1>		<http://ids.clld.org/parameters/12-430>		<http://ids.clld.org/values/12-430-174-1>		"amoinče-ʔda"@mch	
"frag"@jam	<http://ids.clld.org/values/3-950-218-1>		<http://ids.clld.org/parameters/3-950>		<http://ids.clld.org/values/3-950-174-1>		"kɨʔto"@mch	
"flaɩ"@jam	<http://ids.clld.org/values/3-830-218-1>		<http://ids.clld.org/parameters/3-830>		<http://ids.clld.org/values/3-830-174-1>		"wedēsede"@mch	
"aɩ"@jam	<http://ids.clld.org/values/2-910-218-1>		<http://ids.clld.org/parameters/2-910>		<http://ids.clld.org/values/2-910-174-1>		"ɨwɨ"@mch	
"draɩ"@jam	<http://ids.clld.org/values/15-840-218-1>		<http://ids.clld.org/parameters/15-840>		<http://ids.clld.org/values/15-840-174-1>		"ssedēhe"@mch	
"tɛrkl"@jam	<http://ids.clld.org/values/3-980-218-1>		<http://ids.clld.org/parameters/3-980>		<http://ids.clld.org/values/3-980-174-1>		"heʔde"@mch	
"kʊɔl"@jam	<http://ids.clld.org/values/15-860-218-1>		<http://ids.clld.org/parameters/15-860>		<http://ids.clld.org/values/15-860-174-1>		"kəmme"@mch	
"lif"@jam	<http://ids.clld.org/values/8-560-218-1>		<http://ids.clld.org/parameters/8-560>		<http://ids.clld.org/values/8-560-174-1>		"yadɨ"@mch	
"faɩt"@jam	<http://ids.clld.org/values/20-110-218-1>		<http://ids.clld.org/parameters/20-110>		<http://ids.clld.org/values/20-110-174-1>		"wətə̄nehānə"@mch	
"tɛl laɩ"@jam	<http://ids.clld.org/values/16-670-218-3>		<http://ids.clld.org/parameters/16-670>		<http://ids.clld.org/values/16-670-174-1>		"-enkutə-"@mch	
"dɔl"@jam	<http://ids.clld.org/values/15-790-218-3>		<http://ids.clld.org/parameters/15-790>		<http://ids.clld.org/values/15-790-174-1>		"tuhuʔhūdato"@mch	
"šut"@jam	<http://ids.clld.org/values/20-620-218-1>		<http://ids.clld.org/parameters/20-620>		<http://ids.clld.org/values/20-620-174-1>		"t-ɨwə̄-dɨ"@mch	
"tɛɩl"@jam	<http://ids.clld.org/values/4-180-218-1>		<http://ids.clld.org/parameters/4-180>		<http://ids.clld.org/values/4-180-174-1>		"dāʔkɨdɨ"@mch	
"wi ~ wɩ"@jam	<http://ids.clld.org/values/2-942-218-1>		<http://ids.clld.org/parameters/2-942>		<http://ids.clld.org/values/2-942-174-1>		"nɲa"@mch	
"wān(t)"@jam	<http://ids.clld.org/values/16-620-218-1>		<http://ids.clld.org/parameters/16-620>		<http://ids.clld.org/values/16-620-174-1>		"hyumma-dɨ"@mch	
"ɛn"@jam	<http://ids.clld.org/values/3-540-218-1>		<http://ids.clld.org/parameters/3-540>		<http://ids.clld.org/values/3-540-174-1>		"kudaymādu"@mch	
"faya-(w)ud"@jam	<http://ids.clld.org/values/1-880-218-1>		<http://ids.clld.org/parameters/1-880>		<http://ids.clld.org/values/1-880-174-1>		"-keme-dɨ"@mch	
"kraɩ"@jam	<http://ids.clld.org/values/16-370-218-1>		<http://ids.clld.org/parameters/16-370>		<http://ids.clld.org/values/16-370-174-1>		"w-amo-nə"@mch	
"bɩg"@jam	<http://ids.clld.org/values/12-550-218-3>		<http://ids.clld.org/parameters/12-550>		<http://ids.clld.org/values/12-550-174-1>		"nuwe"@mch	
"arɔ"@jam	<http://ids.clld.org/values/20-250-218-1>		<http://ids.clld.org/parameters/20-250>		<http://ids.clld.org/values/20-250-174-1>		"šimāda"@mch	
"bɩhaɩn"@jam	<http://ids.clld.org/values/12-11-218-1>		<http://ids.clld.org/parameters/12-11>		<http://ids.clld.org/values/12-11-174-1>		"mənse"@mch	
"brɛs"@jam	<http://ids.clld.org/values/4-410-218-1>		<http://ids.clld.org/parameters/4-410>		<http://ids.clld.org/values/4-410-174-1>		"ʔdohɨ-dɨ"@mch	
"farɩd"@jam	<http://ids.clld.org/values/4-205-218-1>		<http://ids.clld.org/parameters/4-205>		<http://ids.clld.org/values/4-205-174-1>		"heʔkay"@mch	
"čat"@jam	<http://ids.clld.org/values/18-210-218-3>		<http://ids.clld.org/parameters/18-210>		<http://ids.clld.org/values/18-210-174-1>		"w-aʔdew-nə"@mch	
"mɩks"@jam	<http://ids.clld.org/values/5-490-218-3>		<http://ids.clld.org/parameters/5-490>		<http://ids.clld.org/values/5-490-174-1>		"-oima-dɨ"@mch	
"wɩŋ"@jam	<http://ids.clld.org/values/4-392-218-1>		<http://ids.clld.org/parameters/4-392>		<http://ids.clld.org/values/4-392-174-1>		"ahəʔsai"@mch	
"mos ~ mʊs-mʊs"@jam	<http://ids.clld.org/values/3-630-218-1>		<http://ids.clld.org/parameters/3-630>		<http://ids.clld.org/values/3-630-174-1>		"asɨ̄kɨ"@mch	
"an"@jam	<http://ids.clld.org/values/4-330-218-1>		<http://ids.clld.org/parameters/4-330>		<http://ids.clld.org/values/4-330-174-1>		"amō-dɨ"@mch	
"luz ~ lās"@jam	<http://ids.clld.org/values/11-330-218-1>		<http://ids.clld.org/parameters/11-330>		<http://ids.clld.org/values/11-330-174-1>		"w-ənnanɨʔ-nə"@mch	
"fāda"@jam	<http://ids.clld.org/values/2-350-218-1>		<http://ids.clld.org/parameters/2-350>		<http://ids.clld.org/values/2-350-174-1>		"haha"@mch	
"čɩkɩn"@jam	<http://ids.clld.org/values/3-550-218-1>		<http://ids.clld.org/parameters/3-550>		<http://ids.clld.org/values/3-550-174-1>		"wamēdi"@mch	
"bad"@jam	<http://ids.clld.org/values/16-720-218-1>		<http://ids.clld.org/parameters/16-720>		<http://ids.clld.org/values/16-720-174-1>		"kənemhɨnɨ"@mch	
"raɩz"@jam	<http://ids.clld.org/values/10-210-218-1>		<http://ids.clld.org/parameters/10-210>		<http://ids.clld.org/values/10-210-174-1>		"w-ənuʔnə"@mch	
"pagl"@jam	<http://ids.clld.org/values/10-851-218-1>		<http://ids.clld.org/parameters/10-851>		<http://ids.clld.org/values/10-851-174-1>		"hēna"@mch	
"bɩta"@jam	<http://ids.clld.org/values/15-370-218-1>		<http://ids.clld.org/parameters/15-370>		<http://ids.clld.org/values/15-370-174-1>		"tutune"@mch	
"āntɩ"@jam	<http://ids.clld.org/values/2-522-218-1>		<http://ids.clld.org/parameters/2-522>		<http://ids.clld.org/values/2-522-174-1>		"waynɲeʔney"@mch	
"grɔŋ ~ groŋ"@jam	<http://ids.clld.org/values/1-212-218-3>		<http://ids.clld.org/parameters/1-212>		<http://ids.clld.org/values/1-212-174-1>		"nono"@mch	
"lʊɔ"@jam	<http://ids.clld.org/values/12-320-218-1>		<http://ids.clld.org/parameters/12-320>		<http://ids.clld.org/values/12-320-174-1>		"nonohoʔčə"@mch	
"ʊɔl ʊman"@jam	<http://ids.clld.org/values/2-471-218-1>		<http://ids.clld.org/parameters/2-471>		<http://ids.clld.org/values/2-471-174-1>		"noʔsamoʔkɨ"@mch	
"lɛt"@jam	<http://ids.clld.org/values/19-470-218-1>		<http://ids.clld.org/parameters/19-470>		<http://ids.clld.org/values/19-470-174-1>		"tɨdɨho-dɨ"@mch	
"laɩt"@jam	<http://ids.clld.org/values/1-860-218-1>		<http://ids.clld.org/parameters/1-860>		<http://ids.clld.org/values/1-860-174-1>		"-kemetə-"@mch	
"čɛɩn"@jam	<http://ids.clld.org/values/6-750-218-3>		<http://ids.clld.org/parameters/6-750>		<http://ids.clld.org/values/6-750-174-1>		"wōʔmo"@mch	
"fɩf-tin"@jam	<http://ids.clld.org/values/13-103-218-1>		<http://ids.clld.org/parameters/13-103>		<http://ids.clld.org/values/13-103-174-1>		"amohadəʔto dēwə hyatodea"@mch	
"gād"@jam	<http://ids.clld.org/values/22-120-218-1>		<http://ids.clld.org/parameters/22-120>		<http://ids.clld.org/values/22-120-174-1>		"wanādi"@mch	
"afta"@jam	<http://ids.clld.org/values/12-10-218-1>		<http://ids.clld.org/parameters/12-10>		<http://ids.clld.org/values/12-10-174-1>		"yə̄ʔhəhe"@mch	
"tɛɩr"@jam	<http://ids.clld.org/values/9-280-218-1>		<http://ids.clld.org/parameters/9-280>		<http://ids.clld.org/values/9-280-174-1>		"-iši-"@mch	
"drɩŋk"@jam	<http://ids.clld.org/values/5-900-218-1>		<http://ids.clld.org/parameters/5-900>		<http://ids.clld.org/values/5-900-174-1>		"kuši"@mch	
"rič"@jam	<http://ids.clld.org/values/10-550-218-1>		<http://ids.clld.org/parameters/10-550>		<http://ids.clld.org/values/10-550-174-1>		"w-əʔdɨ-nə"@mch	
"bɩrt ~ bərt"@jam	<http://ids.clld.org/values/4-720-218-1>		<http://ids.clld.org/parameters/4-720>		<http://ids.clld.org/values/4-720-174-1>		"w-ennu-nə"@mch	
"pat"@jam	<http://ids.clld.org/values/5-280-218-3>		<http://ids.clld.org/parameters/5-280>		<http://ids.clld.org/values/5-280-174-1>		"ʔtadī-yɨ"@mch	
"flɔwa"@jam	<http://ids.clld.org/values/8-570-218-1>		<http://ids.clld.org/parameters/8-570>		<http://ids.clld.org/values/8-570-174-1>		"čə̄hɨdɨ"@mch	
"bɔn ~ bərn"@jam	<http://ids.clld.org/values/1-852-218-1>		<http://ids.clld.org/parameters/1-852>		<http://ids.clld.org/values/1-852-174-1>		"daʔtwa-dɨ"@mch	
"fʊt"@jam	<http://ids.clld.org/values/4-352-218-3>		<http://ids.clld.org/parameters/4-352>		<http://ids.clld.org/values/4-352-174-1>		"hōde"@mch	
"kɩl"@jam	<http://ids.clld.org/values/4-760-218-1>		<http://ids.clld.org/parameters/4-760>		<http://ids.clld.org/values/4-760-174-1>		"aminɲaʔkadɨ"@mch	
"av"@jam	<http://ids.clld.org/values/11-110-218-1>		<http://ids.clld.org/parameters/11-110>		<http://ids.clld.org/values/11-110-174-1>		"tɨweiye wənɲe"@mch	
"mɔʊt"@jam	<http://ids.clld.org/values/4-240-218-1>		<http://ids.clld.org/parameters/4-240>		<http://ids.clld.org/values/4-240-174-1>		"ənta"@mch	
"nɛk"@jam	<http://ids.clld.org/values/4-280-218-1>		<http://ids.clld.org/parameters/4-280>		<http://ids.clld.org/values/4-280-174-1>		"hɨ̄mɨ"@mch	
"nʊɔ"@jam	<http://ids.clld.org/values/17-170-218-1>		<http://ids.clld.org/parameters/17-170>		<http://ids.clld.org/values/17-170-174-1>		"t-owanəkə t-ɨdɨ-dɨ"@mch	
"vaɩs"@jam	<http://ids.clld.org/values/18-110-218-3>		<http://ids.clld.org/parameters/18-110>		<http://ids.clld.org/values/18-110-174-1>		"kəʔtɨnnə"@mch	
"kɔm bak"@jam	<http://ids.clld.org/values/10-481-218-1>		<http://ids.clld.org/parameters/10-481>		<http://ids.clld.org/values/10-481-174-1>		"w-ennakā-nə"@mch	
"mun"@jam	<http://ids.clld.org/values/1-530-218-1>		<http://ids.clld.org/parameters/1-530>		<http://ids.clld.org/values/1-530-174-1>		"nūnə"@mch	
"rak-stʊn"@jam	<http://ids.clld.org/values/1-440-218-1>		<http://ids.clld.org/parameters/1-440>		<http://ids.clld.org/values/1-440-174-1>		"təʔhu"@mch	
"smud"@jam	<http://ids.clld.org/values/15-770-218-1>		<http://ids.clld.org/parameters/15-770>		<http://ids.clld.org/values/15-770-174-1>		"tɨwansuʔde"@mch	
"gran-māda"@jam	<http://ids.clld.org/values/2-470-218-1>		<http://ids.clld.org/parameters/2-470>		<http://ids.clld.org/values/2-470-174-1>		"-tamū-du"@mch	
"spaɩda"@jam	<http://ids.clld.org/values/3-818-218-1>		<http://ids.clld.org/parameters/3-818>		<http://ids.clld.org/values/3-818-174-1>		"modoy"@mch	
"swip"@jam	<http://ids.clld.org/values/9-370-218-1>		<http://ids.clld.org/parameters/9-370>		<http://ids.clld.org/values/9-370-174-1>		"šēmeka-dɨ"@mch	
"dɛɩ"@jam	<http://ids.clld.org/values/14-410-218-1>		<http://ids.clld.org/parameters/14-410>		<http://ids.clld.org/values/14-410-174-1>		"anə̄to"@mch	
"əŋga"@jam	<http://ids.clld.org/values/5-140-218-1>		<http://ids.clld.org/parameters/5-140>		<http://ids.clld.org/values/5-140-174-1>		"əmīhe"@mch	
"plat"@jam	<http://ids.clld.org/values/9-750-218-1>		<http://ids.clld.org/parameters/9-750>		<http://ids.clld.org/values/9-750-174-1>		"aʔtoʔtotoʔho"@mch	
"pāt"@jam	<http://ids.clld.org/values/10-720-218-1>		<http://ids.clld.org/parameters/10-720>		<http://ids.clld.org/values/10-720-174-1>		"ə̄ma"@mch	
"naɩf"@jam	<http://ids.clld.org/values/5-380-218-1>		<http://ids.clld.org/parameters/5-380>		<http://ids.clld.org/values/5-380-174-1>		"kɨmɨʔkə"@mch	
"mačɩz"@jam	<http://ids.clld.org/values/1-870-218-1>		<http://ids.clld.org/parameters/1-870>		<http://ids.clld.org/values/1-870-174-1>		"tɨsočāmɨ"@mch	
"drɔŋk"@jam	<http://ids.clld.org/values/4-980-218-1>		<http://ids.clld.org/parameters/4-980>		<http://ids.clld.org/values/4-980-174-1>		"-oʔdoʔhə"@mch	
"parat"@jam	<http://ids.clld.org/values/3-592-218-1>		<http://ids.clld.org/parameters/3-592>		<http://ids.clld.org/values/3-592-174-1>		"[dodo]"@mch	
"ɛnta"@jam	<http://ids.clld.org/values/10-570-218-1>		<http://ids.clld.org/parameters/10-570>		<http://ids.clld.org/values/10-570-174-1>		"w-omon-nə"@mch	
"ɔndrɛd ~ ɔndrɩd"@jam	<http://ids.clld.org/values/13-105-218-1>		<http://ids.clld.org/parameters/13-105>		<http://ids.clld.org/values/13-105-174-1>		"hyātodea ssoto"@mch	
"yɔŋ ʊman"@jam	<http://ids.clld.org/values/2-261-218-1>		<http://ids.clld.org/parameters/2-261>		<http://ids.clld.org/values/2-261-174-1>		"mudēši"@mch	
"ɩlɛv(ɛ)n"@jam	<http://ids.clld.org/values/13-101-218-1>		<http://ids.clld.org/parameters/13-101>		<http://ids.clld.org/values/13-101-174-1>		"amohadəʔto dēwə tōni"@mch	
"fat"@jam	<http://ids.clld.org/values/5-791-218-3>		<http://ids.clld.org/parameters/5-791>		<http://ids.clld.org/values/5-791-174-1>		"kātɨ"@mch	
"šot"@jam	<http://ids.clld.org/values/18-130-218-1>		<http://ids.clld.org/parameters/18-130>		<http://ids.clld.org/values/18-130-174-1>		"kəʔtɨn-nə"@mch	
"lʊk fa"@jam	<http://ids.clld.org/values/11-310-218-3>		<http://ids.clld.org/parameters/11-310>		<http://ids.clld.org/values/11-310-174-1>		"uhīyɨ"@mch	
"aks"@jam	<http://ids.clld.org/values/9-250-218-1>		<http://ids.clld.org/parameters/9-250>		<http://ids.clld.org/values/9-250-174-1>		"wɨ̄wɨ"@mch	
"flʊɔt"@jam	<http://ids.clld.org/values/10-340-218-1>		<http://ids.clld.org/parameters/10-340>		<http://ids.clld.org/values/10-340-174-1>		"tɨtāwaʔta"@mch	
"plɛnti"@jam	<http://ids.clld.org/values/13-150-218-1>		<http://ids.clld.org/parameters/13-150>		<http://ids.clld.org/values/13-150-174-1>		"hōhe"@mch	
"(h)ɛg"@jam	<http://ids.clld.org/values/5-970-218-1>		<http://ids.clld.org/parameters/5-970>		<http://ids.clld.org/values/5-970-174-1>		"iʔmoi"@mch	
"bʷaɩ"@jam	<http://ids.clld.org/values/2-250-218-1>		<http://ids.clld.org/parameters/2-250>		<http://ids.clld.org/values/2-250-174-1>		"mudekə̄kə"@mch	
"glad"@jam	<http://ids.clld.org/values/16-230-218-1>		<http://ids.clld.org/parameters/16-230>		<http://ids.clld.org/values/16-230-174-1>		"takwanɲe"@mch	
"rat"@jam	<http://ids.clld.org/values/3-630-218-3>		<http://ids.clld.org/parameters/3-630>		<http://ids.clld.org/values/3-630-174-1>		"asɨ̄kɨ"@mch	
"blɔnt"@jam	<http://ids.clld.org/values/15-790-218-1>		<http://ids.clld.org/parameters/15-790>		<http://ids.clld.org/values/15-790-174-1>		"tuhuʔhūdato"@mch	
"kāl"@jam	<http://ids.clld.org/values/18-420-218-1>		<http://ids.clld.org/parameters/18-420>		<http://ids.clld.org/values/18-420-174-1>		"tə̄tɨ"@mch	
"nɛs"@jam	<http://ids.clld.org/values/3-580-218-1>		<http://ids.clld.org/parameters/3-580>		<http://ids.clld.org/values/3-580-174-1>		"danɲami"@mch	
"pʊš"@jam	<http://ids.clld.org/values/10-670-218-1>		<http://ids.clld.org/parameters/10-670>		<http://ids.clld.org/values/10-670-174-1>		"-adima-dɨ"@mch	
"laɩt"@jam	<http://ids.clld.org/values/15-820-218-1>		<http://ids.clld.org/parameters/15-820>		<http://ids.clld.org/values/15-820-174-1>		"tawāhe"@mch	
"ɛɩz"@jam	<http://ids.clld.org/values/4-220-218-1>		<http://ids.clld.org/parameters/4-220>		<http://ids.clld.org/values/4-220-174-1>		"hāna"@mch	
"stɔmɔk"@jam	<http://ids.clld.org/values/4-460-218-1>		<http://ids.clld.org/parameters/4-460>		<http://ids.clld.org/values/4-460-174-1>		"dudūnoi"@mch	
"fʊt"@jam	<http://ids.clld.org/values/4-350-218-3>		<http://ids.clld.org/parameters/4-350>		<http://ids.clld.org/values/4-350-174-1>		"hētɨ"@mch	
"byʊtɩfʊl"@jam	<http://ids.clld.org/values/16-810-218-1>		<http://ids.clld.org/parameters/16-810>		<http://ids.clld.org/values/16-810-174-1>		"inɲatahe"@mch	
"mɔŋkɩ"@jam	<http://ids.clld.org/values/3-760-218-1>		<http://ids.clld.org/parameters/3-760>		<http://ids.clld.org/values/3-760-174-1>		"yadākadu"@mch	
"gɔ dɔŋ ~ gɔ dɔn"@jam	<http://ids.clld.org/values/10-473-218-1>		<http://ids.clld.org/parameters/10-473>		<http://ids.clld.org/values/10-473-174-1>		"hɨ̄ʔwakādə"@mch	
"čif"@jam	<http://ids.clld.org/values/19-240-218-1>		<http://ids.clld.org/parameters/19-240>		<http://ids.clld.org/values/19-240-174-1>		"ədāhə"@mch	
"rum"@jam	<http://ids.clld.org/values/7-210-218-1>		<http://ids.clld.org/parameters/7-210>		<http://ids.clld.org/values/7-210-174-1>		"əʔsa"@mch	
"gʊɔd(ɩ)"@jam	<http://ids.clld.org/values/8-930-218-1>		<http://ids.clld.org/parameters/8-930>		<http://ids.clld.org/values/8-930-174-1>		"kankudu"@mch	
"brada  ~ brɛda"@jam	<http://ids.clld.org/values/2-440-218-1>		<http://ids.clld.org/parameters/2-440>		<http://ids.clld.org/values/2-440-174-1>		"-nuwā-dɨ"@mch	
"čɛs"@jam	<http://ids.clld.org/values/4-400-218-1>		<http://ids.clld.org/parameters/4-400>		<http://ids.clld.org/values/4-400-174-1>		"dōʔta"@mch	
"gʸərl ~ gʸal"@jam	<http://ids.clld.org/values/2-260-218-1>		<http://ids.clld.org/parameters/2-260>		<http://ids.clld.org/values/2-260-174-1>		"wodi-ʔčə"@mch	
"laɩf"@jam	<http://ids.clld.org/values/4-740-218-5>		<http://ids.clld.org/parameters/4-740>		<http://ids.clld.org/values/4-740-174-1>		"wenɲə"@mch	
"i"@jam	<http://ids.clld.org/values/2-930-218-1>		<http://ids.clld.org/parameters/2-930>		<http://ids.clld.org/values/2-930-174-1>		"tɨwɨ"@mch	
"laŋ"@jam	<http://ids.clld.org/values/12-570-218-1>		<http://ids.clld.org/parameters/12-570>		<http://ids.clld.org/values/12-570-174-1>		"nuwe"@mch	
"pazam"@jam	<http://ids.clld.org/values/3-622-218-1>		<http://ids.clld.org/parameters/3-622>		<http://ids.clld.org/values/3-622-174-1>		"dawāde"@mch	
"čɛɩŋǰ"@jam	<http://ids.clld.org/values/12-930-218-1>		<http://ids.clld.org/parameters/12-930>		<http://ids.clld.org/values/12-930-174-1>		"w-ekamhiaka-nə"@mch	
"nɛɩm"@jam	<http://ids.clld.org/values/18-420-218-3>		<http://ids.clld.org/parameters/18-420>		<http://ids.clld.org/values/18-420-174-1>		"tə̄tɨ"@mch	
"māda"@jam	<http://ids.clld.org/values/2-360-218-1>		<http://ids.clld.org/parameters/2-360>		<http://ids.clld.org/values/2-360-174-1>		"denɨ"@mch	
"ton"@jam	<http://ids.clld.org/values/19-160-218-3>		<http://ids.clld.org/parameters/19-160>		<http://ids.clld.org/values/19-160-174-1>		"haʔta"@mch	
"bʊɔn"@jam	<http://ids.clld.org/values/4-160-218-1>		<http://ids.clld.org/parameters/4-160>		<http://ids.clld.org/values/4-160-174-1>		"yēʔhə"@mch	
"flut"@jam	<http://ids.clld.org/values/18-710-218-1>		<http://ids.clld.org/parameters/18-710>		<http://ids.clld.org/values/18-710-174-1>		"hīču"@mch	
"trɛd"@jam	<http://ids.clld.org/values/6-380-218-1>		<http://ids.clld.org/parameters/6-380>		<http://ids.clld.org/values/6-380-174-1>		"hakūdimɨʔtɨ"@mch	
"fɛda"@jam	<http://ids.clld.org/values/4-393-218-1>		<http://ids.clld.org/parameters/4-393>		<http://ids.clld.org/values/4-393-174-1>		"iʔhōʔtɨ"@mch	
"gɔ"@jam	<http://ids.clld.org/values/10-470-218-1>		<http://ids.clld.org/parameters/10-470>		<http://ids.clld.org/values/10-470-174-1>		"wɨʔtə̄-nə"@mch	
"dɔtɩ ~ dərtɩ"@jam	<http://ids.clld.org/values/15-880-218-1>		<http://ids.clld.org/parameters/15-880>		<http://ids.clld.org/values/15-880-174-1>		"nossahe"@mch	
"mɛk"@jam	<http://ids.clld.org/values/19-470-218-7>		<http://ids.clld.org/parameters/19-470>		<http://ids.clld.org/values/19-470-174-1>		"tɨdɨho-dɨ"@mch	
"gɔts"@jam	<http://ids.clld.org/values/4-461-218-1>		<http://ids.clld.org/parameters/4-461>		<http://ids.clld.org/values/4-461-174-1>		"hyōtɨ"@mch	
"san"@jam	<http://ids.clld.org/values/1-215-218-1>		<http://ids.clld.org/parameters/1-215>		<http://ids.clld.org/values/1-215-174-1>		"sāʔdaʔda"@mch	
"raɩp"@jam	<http://ids.clld.org/values/5-123-218-1>		<http://ids.clld.org/parameters/5-123>		<http://ids.clld.org/values/5-123-174-1>		"sēweyčato"@mch	
"brɛɩslɛt"@jam	<http://ids.clld.org/values/6-740-218-1>		<http://ids.clld.org/parameters/6-740>		<http://ids.clld.org/values/6-740-174-1>		"ahəʔmɨy"@mch	
"zirɔ"@jam	<http://ids.clld.org/values/13-0-218-5>		<http://ids.clld.org/parameters/13-0>		<http://ids.clld.org/values/13-0-174-1>		"āʔke"@mch	
"fɩš"@jam	<http://ids.clld.org/values/3-650-218-1>		<http://ids.clld.org/parameters/3-650>		<http://ids.clld.org/values/3-650-174-1>		"nākukwāno"@mch	
"rɩŋ"@jam	<http://ids.clld.org/values/9-343-218-3>		<http://ids.clld.org/parameters/9-343>		<http://ids.clld.org/values/9-343-174-1>		"eʔkukā-dɨ"@mch	
"baɩn"@jam	<http://ids.clld.org/values/9-160-218-3>		<http://ids.clld.org/parameters/9-160>		<http://ids.clld.org/values/9-160-174-1>		"imɨdɨ"@mch	
"aɩlan"@jam	<http://ids.clld.org/values/1-250-218-1>		<http://ids.clld.org/parameters/1-250>		<http://ids.clld.org/values/1-250-174-1>		"dantadɨ"@mch	
"stār"@jam	<http://ids.clld.org/values/1-540-218-1>		<http://ids.clld.org/parameters/1-540>		<http://ids.clld.org/values/1-540-174-1>		"šidīčə"@mch	
"smʊɔk"@jam	<http://ids.clld.org/values/8-690-218-1>		<http://ids.clld.org/parameters/8-690>		<http://ids.clld.org/values/8-690-174-1>		"-eima-"@mch	
"raɩt"@jam	<http://ids.clld.org/values/12-410-218-1>		<http://ids.clld.org/parameters/12-410>		<http://ids.clld.org/values/12-410-174-1>		"əmuʔdemhɨnɨ"@mch	
"bɛɩr"@jam	<http://ids.clld.org/values/3-730-218-1>		<http://ids.clld.org/parameters/3-730>		<http://ids.clld.org/values/3-730-174-1>		"hədēmu"@mch	
"trɛɩd"@jam	<http://ids.clld.org/values/11-830-218-1>		<http://ids.clld.org/parameters/11-830>		<http://ids.clld.org/values/11-830-174-1>		"wətəʔtihānə"@mch	
"klaɩm"@jam	<http://ids.clld.org/values/10-472-218-1>		<http://ids.clld.org/parameters/10-472>		<http://ids.clld.org/values/10-472-174-1>		"-annuʔku-"@mch	
"frɛn"@jam	<http://ids.clld.org/values/19-510-218-1>		<http://ids.clld.org/parameters/19-510>		<http://ids.clld.org/values/19-510-174-1>		"weičakōno"@mch	
"māda sɩsta"@jam	<http://ids.clld.org/values/2-521-218-3>		<http://ids.clld.org/parameters/2-521>		<http://ids.clld.org/values/2-521-174-1>		"denɨ"@mch	
"wɛ"@jam	<http://ids.clld.org/values/17-660-218-1>		<http://ids.clld.org/parameters/17-660>		<http://ids.clld.org/values/17-660-174-1>		"ə̄iša"@mch	
"āfan"@jam	<http://ids.clld.org/values/2-750-218-1>		<http://ids.clld.org/parameters/2-750>		<http://ids.clld.org/values/2-750-174-1>		"tunkemhɨnɨ"@mch	
"wɛl"@jam	<http://ids.clld.org/values/4-830-218-1>		<http://ids.clld.org/parameters/4-830>		<http://ids.clld.org/values/4-830-174-1>		"tadəinɲe"@mch	
"sɛl"@jam	<http://ids.clld.org/values/11-820-218-1>		<http://ids.clld.org/parameters/11-820>		<http://ids.clld.org/values/11-820-174-1>		"ehema-hoi"@mch	
"bambu"@jam	<http://ids.clld.org/values/8-940-218-1>		<http://ids.clld.org/parameters/8-940>		<http://ids.clld.org/values/8-940-174-1>		"dahu"@mch	
"mɩrɔ"@jam	<http://ids.clld.org/values/6-960-218-1>		<http://ids.clld.org/parameters/6-960>		<http://ids.clld.org/values/6-960-174-1>		"hekūde"@mch	
"yu ~ yʊ"@jam	<http://ids.clld.org/values/2-950-218-3>		<http://ids.clld.org/parameters/2-950>		<http://ids.clld.org/values/2-950-174-1>		"ənwanno"@mch	
"sɛnta"@jam	<http://ids.clld.org/values/12-370-218-3>		<http://ids.clld.org/parameters/12-370>		<http://ids.clld.org/values/12-370-174-1>		"annai"@mch	
"lɛɩk"@jam	<http://ids.clld.org/values/1-330-218-1>		<http://ids.clld.org/parameters/1-330>		<http://ids.clld.org/values/1-330-174-1>		"čūʔhə"@mch	
"blʊɔ"@jam	<http://ids.clld.org/values/10-380-218-1>		<http://ids.clld.org/parameters/10-380>		<http://ids.clld.org/values/10-380-174-1>		"yaičumā-dɨ"@mch	
"narɔ"@jam	<http://ids.clld.org/values/12-620-218-1>		<http://ids.clld.org/parameters/12-620>		<http://ids.clld.org/values/12-620-174-3>		"anwakɨme"@mch	
"narɔ"@jam	<http://ids.clld.org/values/12-620-218-1>		<http://ids.clld.org/parameters/12-620>		<http://ids.clld.org/values/12-620-174-1>		"danwadɨ"@mch	
"tit"@jam	<http://ids.clld.org/values/4-270-218-1>		<http://ids.clld.org/parameters/4-270>		<http://ids.clld.org/values/4-270-174-1>		"dedɨ"@mch	
"sɛɩv"@jam	<http://ids.clld.org/values/11-250-218-1>		<http://ids.clld.org/parameters/11-250>		<http://ids.clld.org/values/11-250-174-1>		"ewanakādɨ"@mch	
"pɩtɛɩta ~ pɔtɛɩtɔ ~ pɔtɛɩta"@jam	<http://ids.clld.org/values/5-700-218-1>		<http://ids.clld.org/parameters/5-700>		<http://ids.clld.org/values/5-700-174-1>		"šāku"@mch	
"tɔŋ"@jam	<http://ids.clld.org/values/4-260-218-1>		<http://ids.clld.org/parameters/4-260>		<http://ids.clld.org/values/4-260-174-1>		"ɲūdu"@mch	
"blu"@jam	<http://ids.clld.org/values/15-670-218-1>		<http://ids.clld.org/parameters/15-670>		<http://ids.clld.org/values/15-670-174-1>		"šēne"@mch	
"flɛš"@jam	<http://ids.clld.org/values/4-130-218-1>		<http://ids.clld.org/parameters/4-130>		<http://ids.clld.org/values/4-130-174-1>		"hyunu"@mch	
"smʊɔk"@jam	<http://ids.clld.org/values/1-830-218-1>		<http://ids.clld.org/parameters/1-830>		<http://ids.clld.org/values/1-830-174-1>		"widīnčə"@mch	
"ʊk"@jam	<http://ids.clld.org/values/20-520-218-1>		<http://ids.clld.org/parameters/20-520>		<http://ids.clld.org/values/20-520-174-1>		"anə̄tə"@mch	
"ivl spɩrɩt"@jam	<http://ids.clld.org/values/22-350-218-3>		<http://ids.clld.org/parameters/22-350>		<http://ids.clld.org/values/22-350-174-1>		"kahūšawa"@mch	
"fud"@jam	<http://ids.clld.org/values/5-120-218-1>		<http://ids.clld.org/parameters/5-120>		<http://ids.clld.org/values/5-120-174-1>		"mudūkuku"@mch	
"lɩkl"@jam	<http://ids.clld.org/values/13-170-218-1>		<http://ids.clld.org/parameters/13-170>		<http://ids.clld.org/values/13-170-174-1>		"ākəʔkə"@mch	
"sɩks"@jam	<http://ids.clld.org/values/13-60-218-1>		<http://ids.clld.org/parameters/13-60>		<http://ids.clld.org/values/13-60-174-1>		"tōni amohaʔto"@mch	
"braɩt"@jam	<http://ids.clld.org/values/15-570-218-1>		<http://ids.clld.org/parameters/15-570>		<http://ids.clld.org/values/15-570-174-1>		"taʔwane"@mch	
"ɔnt"@jam	<http://ids.clld.org/values/20-610-218-1>		<http://ids.clld.org/parameters/20-610>		<http://ids.clld.org/values/20-610-174-1>		"emanɲuhɨdɨ"@mch	
"tās"@jam	<http://ids.clld.org/values/10-250-218-3>		<http://ids.clld.org/parameters/10-250>		<http://ids.clld.org/values/10-250-174-1>		"himā-dɨ"@mch	
"mil"@jam	<http://ids.clld.org/values/5-410-218-1>		<http://ids.clld.org/parameters/5-410>		<http://ids.clld.org/values/5-410-174-1>		"əwainši"@mch	
"mɛdɩsɩn"@jam	<http://ids.clld.org/values/4-880-218-1>		<http://ids.clld.org/parameters/4-880>		<http://ids.clld.org/values/4-880-174-1>		"əhi"@mch	
"lɩkl"@jam	<http://ids.clld.org/values/12-560-218-3>		<http://ids.clld.org/parameters/12-560>		<http://ids.clld.org/values/12-560-174-1>		"šeʔkə"@mch	
"kɔt dɔŋ ~ kɔt dɔn"@jam	<http://ids.clld.org/values/9-221-218-1>		<http://ids.clld.org/parameters/9-221>		<http://ids.clld.org/values/9-221-174-1>		"čūhiya-dɨ"@mch	
"kɔt dɔŋ ~ kɔt dɔn"@jam	<http://ids.clld.org/values/9-221-218-1>		<http://ids.clld.org/parameters/9-221>		<http://ids.clld.org/values/9-221-174-3>		"yaʔka-dɨ"@mch	
"(šʊga)-kɛɩn"@jam	<http://ids.clld.org/values/8-941-218-1>		<http://ids.clld.org/parameters/8-941>		<http://ids.clld.org/values/8-941-174-1>		"əšīčādɨ"@mch	
