"i 'vdekur"@als	<http://ids.clld.org/values/4-750-205-5>		<http://ids.clld.org/parameters/4-750>		<http://ids.clld.org/values/4-750-261-3>		"ṛ̌e'pen"@brg	
"i 'vdekur"@als	<http://ids.clld.org/values/4-750-205-5>		<http://ids.clld.org/parameters/4-750>		<http://ids.clld.org/values/4-750-261-1>		"-e'pe-"@brg	
"nd͜zə"@als	<http://ids.clld.org/values/17-240-205-3>		<http://ids.clld.org/parameters/17-240>		<http://ids.clld.org/values/17-240-261-1>		"-karo-'wo-w"@brg	
"'dayə"@als	<http://ids.clld.org/values/2-510-205-3>		<http://ids.clld.org/parameters/2-510>		<http://ids.clld.org/values/2-510-261-1>		"kik"@brg	
"pas'dite"@als	<http://ids.clld.org/values/14-451-205-3>		<http://ids.clld.org/parameters/14-451>		<http://ids.clld.org/values/14-451-261-1>		"kope'ap"@brg	
"pi"@als	<http://ids.clld.org/values/5-130-205-1>		<http://ids.clld.org/parameters/5-130>		<http://ids.clld.org/values/5-130-261-1>		"er"@brg	
"pi"@als	<http://ids.clld.org/values/5-130-205-1>		<http://ids.clld.org/parameters/5-130>		<http://ids.clld.org/values/5-130-261-3>		"-e'ro-"@brg	
"i laštə"@als	<http://ids.clld.org/values/14-150-205-3>		<http://ids.clld.org/parameters/14-150>		<http://ids.clld.org/values/14-150-261-1>		"či-n"@brg	
"plʸak"@als	<http://ids.clld.org/values/2-461-205-1>		<http://ids.clld.org/parameters/2-461>		<http://ids.clld.org/values/2-461-261-1>		"a'ne"@brg	
"gʸu"@als	<http://ids.clld.org/values/4-360-205-1>		<http://ids.clld.org/parameters/4-360>		<http://ids.clld.org/values/4-360-261-1>		"ničo'βekos"@brg	
"ha'va"@als	<http://ids.clld.org/values/1-510-205-3>		<http://ids.clld.org/parameters/1-510>		<http://ids.clld.org/values/1-510-261-1>		"a'ni-ye"@brg	
"a'det"@als	<http://ids.clld.org/values/19-610-205-3>		<http://ids.clld.org/parameters/19-610>		<http://ids.clld.org/values/19-610-261-1>		"-'rapi"@brg	
"'goyə"@als	<http://ids.clld.org/values/4-240-205-1>		<http://ids.clld.org/parameters/4-240>		<http://ids.clld.org/values/4-240-261-1>		"ni-'noki"@brg	
"gʸak"@als	<http://ids.clld.org/values/4-150-205-1>		<http://ids.clld.org/parameters/4-150>		<http://ids.clld.org/values/4-150-261-1>		"'iti"@brg	
"bišə"@als	<http://ids.clld.org/values/3-110-205-3>		<http://ids.clld.org/parameters/3-110>		<http://ids.clld.org/values/3-110-261-1>		"-'per"@brg	
"at"@als	<http://ids.clld.org/values/2-350-205-3>		<http://ids.clld.org/parameters/2-350>		<http://ids.clld.org/values/2-350-261-3>		"čač"@brg	
"at"@als	<http://ids.clld.org/values/2-350-205-3>		<http://ids.clld.org/parameters/2-350>		<http://ids.clld.org/values/2-350-261-1>		"-i'a"@brg	
"i 'ɲomə"@als	<http://ids.clld.org/values/15-830-205-3>		<http://ids.clld.org/parameters/15-830>		<http://ids.clld.org/values/15-830-261-1>		"-po'to-"@brg	
"e"@als	<http://ids.clld.org/values/17-510-205-1>		<http://ids.clld.org/parameters/17-510>		<http://ids.clld.org/values/17-510-261-1>		"ač"@brg	
"pu'non"@als	<http://ids.clld.org/values/9-120-205-1>		<http://ids.clld.org/parameters/9-120>		<http://ids.clld.org/values/9-120-261-1>		"koto-"@brg	
"za'kon"@als	<http://ids.clld.org/values/19-610-205-1>		<http://ids.clld.org/parameters/19-610>		<http://ids.clld.org/values/19-610-261-1>		"-'rapi"@brg	
"ndrüp"@als	<http://ids.clld.org/values/9-343-205-5>		<http://ids.clld.org/parameters/9-343>		<http://ids.clld.org/values/9-343-261-1>		"'ko-piti-"@brg	
"ndrüp"@als	<http://ids.clld.org/values/9-343-205-5>		<http://ids.clld.org/parameters/9-343>		<http://ids.clld.org/values/9-343-261-3>		"su'ipistakapa"@brg	
"sup"@als	<http://ids.clld.org/values/4-300-205-1>		<http://ids.clld.org/parameters/4-300>		<http://ids.clld.org/values/4-300-261-3>		"-'powos"@brg	
"sup"@als	<http://ids.clld.org/values/4-300-205-1>		<http://ids.clld.org/parameters/4-300>		<http://ids.clld.org/values/4-300-261-1>		"ni-'powosi"@brg	
"'ditə"@als	<http://ids.clld.org/values/14-410-205-1>		<http://ids.clld.org/parameters/14-410>		<http://ids.clld.org/values/14-410-261-3>		"ṛ̌o'sesokonoeṛ̌"@brg	
"'ditə"@als	<http://ids.clld.org/values/14-410-205-1>		<http://ids.clld.org/parameters/14-410>		<http://ids.clld.org/values/14-410-261-1>		"se-s"@brg	
"i močəm"@als	<http://ids.clld.org/values/14-150-205-1>		<http://ids.clld.org/parameters/14-150>		<http://ids.clld.org/values/14-150-261-1>		"či-n"@brg	
"'nənə"@als	<http://ids.clld.org/values/2-360-205-1>		<http://ids.clld.org/parameters/2-360>		<http://ids.clld.org/values/2-360-261-1>		"n-en"@brg	
"'ðembye"@als	<http://ids.clld.org/values/16-310-205-1>		<http://ids.clld.org/parameters/16-310>		<http://ids.clld.org/values/16-310-261-1>		"-koti-"@brg	
"'pluhur"@als	<http://ids.clld.org/values/1-213-205-1>		<http://ids.clld.org/parameters/1-213>		<http://ids.clld.org/values/1-213-261-3>		"poi-p"@brg	
"'pluhur"@als	<http://ids.clld.org/values/1-213-205-1>		<http://ids.clld.org/parameters/1-213>		<http://ids.clld.org/values/1-213-261-1>		"kopo'eṛ̌"@brg	
"šef"@als	<http://ids.clld.org/values/19-240-205-3>		<http://ids.clld.org/parameters/19-240>		<http://ids.clld.org/values/19-240-261-1>		"rom"@brg	
"gər'mon"@als	<http://ids.clld.org/values/8-220-205-3>		<http://ids.clld.org/parameters/8-220>		<http://ids.clld.org/values/8-220-261-1>		"-'saho-kia-"@brg	
"ɲerə'zi"@als	<http://ids.clld.org/values/19-210-205-3>		<http://ids.clld.org/parameters/19-210>		<http://ids.clld.org/values/19-210-261-1>		"'činti"@brg	
"ɲerə'zi"@als	<http://ids.clld.org/values/19-210-205-3>		<http://ids.clld.org/parameters/19-210>		<http://ids.clld.org/values/19-210-261-3>		"činti-neβ"@brg	
"'c̷ulə"@als	<http://ids.clld.org/values/4-460-205-7>		<http://ids.clld.org/parameters/4-460>		<http://ids.clld.org/values/4-460-261-1>		"-'he-ki"@brg	
"'c̷ulə"@als	<http://ids.clld.org/values/4-460-205-7>		<http://ids.clld.org/parameters/4-460>		<http://ids.clld.org/values/4-460-261-3>		"ničo'koki"@brg	
"'sipər"@als	<http://ids.clld.org/values/12-80-205-5>		<http://ids.clld.org/parameters/12-80>		<http://ids.clld.org/values/12-80-261-1>		"a'ni-ye"@brg	
"milin'gonə"@als	<http://ids.clld.org/values/3-817-205-1>		<http://ids.clld.org/parameters/3-817>		<http://ids.clld.org/values/3-817-261-1>		"ko'ši-ri"@brg	
"mban"@als	<http://ids.clld.org/values/11-150-205-1>		<http://ids.clld.org/parameters/11-150>		<http://ids.clld.org/values/11-150-261-1>		"-a'mo"@brg	
"'grošə"@als	<http://ids.clld.org/values/5-660-205-5>		<http://ids.clld.org/parameters/5-660>		<http://ids.clld.org/values/5-660-261-1>		"či'čoṛ̌op"@brg	
"dašu'ron"@als	<http://ids.clld.org/values/16-270-205-1>		<http://ids.clld.org/parameters/16-270>		<http://ids.clld.org/values/16-270-261-3>		"ememna'reko"@brg	
"dašu'ron"@als	<http://ids.clld.org/values/16-270-205-1>		<http://ids.clld.org/parameters/16-270>		<http://ids.clld.org/values/16-270-261-1>		"-'emo-ni"@brg	
"pa'tate e 'əmbəlʸ"@als	<http://ids.clld.org/values/8-910-205-1>		<http://ids.clld.org/parameters/8-910>		<http://ids.clld.org/values/8-910-261-1>		"se'ṛ̌e"@brg	
"tmer̃"@als	<http://ids.clld.org/values/16-530-205-3>		<http://ids.clld.org/parameters/16-530>		<http://ids.clld.org/values/16-530-261-1>		"-pi-"@brg	
"tmer̃"@als	<http://ids.clld.org/values/16-530-205-3>		<http://ids.clld.org/parameters/16-530>		<http://ids.clld.org/values/16-530-261-3>		"'ni-piko-w"@brg	
"ðe"@als	<http://ids.clld.org/values/1-210-205-3>		<http://ids.clld.org/parameters/1-210>		<http://ids.clld.org/values/1-210-261-1>		"po'ewok"@brg	
"mə'kəmbet"@als	<http://ids.clld.org/values/10-450-205-3>		<http://ids.clld.org/parameters/10-450>		<http://ids.clld.org/values/10-450-261-1>		"-yo'no"@brg	
"'tokə"@als	<http://ids.clld.org/values/1-210-205-1>		<http://ids.clld.org/parameters/1-210>		<http://ids.clld.org/values/1-210-261-1>		"po'ewok"@brg	
"gišt i 'kəmbəs"@als	<http://ids.clld.org/values/4-380-205-1>		<http://ids.clld.org/parameters/4-380>		<http://ids.clld.org/values/4-380-261-1>		"ni'wohis to ni'poih"@brg	
"'gyarpər"@als	<http://ids.clld.org/values/3-850-205-1>		<http://ids.clld.org/parameters/3-850>		<http://ids.clld.org/values/3-850-261-3>		"'peropi"@brg	
"'gyarpər"@als	<http://ids.clld.org/values/3-850-205-1>		<http://ids.clld.org/parameters/3-850>		<http://ids.clld.org/values/3-850-261-1>		"ki'woṛ̌"@brg	
"'zemər"@als	<http://ids.clld.org/values/4-440-205-1>		<http://ids.clld.org/parameters/4-440>		<http://ids.clld.org/values/4-440-261-1>		"neto'koʔin"@brg	
"frün"@als	<http://ids.clld.org/values/10-380-205-1>		<http://ids.clld.org/parameters/10-380>		<http://ids.clld.org/values/10-380-261-1>		"-'haβi-ko-w"@brg	
"ten'ǰere"@als	<http://ids.clld.org/values/5-260-205-1>		<http://ids.clld.org/parameters/5-260>		<http://ids.clld.org/values/5-260-261-3>		"keheβi"@brg	
"ten'ǰere"@als	<http://ids.clld.org/values/5-260-205-1>		<http://ids.clld.org/parameters/5-260>		<http://ids.clld.org/values/5-260-261-1>		"'hopi"@brg	
"'arəz"@als	<http://ids.clld.org/values/3-823-205-3>		<http://ids.clld.org/parameters/3-823>		<http://ids.clld.org/values/3-823-261-1>		"ane"@brg	
"šteg"@als	<http://ids.clld.org/values/10-720-205-1>		<http://ids.clld.org/parameters/10-720>		<http://ids.clld.org/values/10-720-261-1>		"ša'no-ki"@brg	
"šigʸetə"@als	<http://ids.clld.org/values/20-250-205-1>		<http://ids.clld.org/parameters/20-250>		<http://ids.clld.org/values/20-250-261-1>		"kori-"@brg	
"štə'pi"@als	<http://ids.clld.org/values/7-120-205-1>		<http://ids.clld.org/parameters/7-120>		<http://ids.clld.org/values/7-120-261-5>		"-den-pe-n"@brg	
"štə'pi"@als	<http://ids.clld.org/values/7-120-205-1>		<http://ids.clld.org/parameters/7-120>		<http://ids.clld.org/values/7-120-261-3>		"-'we-ṛ̌"@brg	
"štə'pi"@als	<http://ids.clld.org/values/7-120-205-1>		<http://ids.clld.org/parameters/7-120>		<http://ids.clld.org/values/7-120-261-1>		"'pa-ṛ̌i"@brg	
"'kəmbə"@als	<http://ids.clld.org/values/4-350-205-1>		<http://ids.clld.org/parameters/4-350>		<http://ids.clld.org/values/4-350-261-1>		"ni'pes"@brg	
"der̃"@als	<http://ids.clld.org/values/3-350-205-1>		<http://ids.clld.org/parameters/3-350>		<http://ids.clld.org/values/3-350-261-1>		"si'mori"@brg	
"i 'mirə"@als	<http://ids.clld.org/values/16-710-205-1>		<http://ids.clld.org/parameters/16-710>		<http://ids.clld.org/values/16-710-261-1>		"'heni"@brg	
"'kezə"@als	<http://ids.clld.org/values/6-780-205-1>		<http://ids.clld.org/parameters/6-780>		<http://ids.clld.org/values/6-780-261-1>		"šo'me"@brg	
"ül"@als	<http://ids.clld.org/values/1-540-205-1>		<http://ids.clld.org/parameters/1-540>		<http://ids.clld.org/values/1-540-261-1>		"wa'his"@brg	
"'grerəz"@als	<http://ids.clld.org/values/3-823-205-1>		<http://ids.clld.org/parameters/3-823>		<http://ids.clld.org/values/3-823-261-1>		"ane"@brg	
"'enə"@als	<http://ids.clld.org/values/5-260-205-5>		<http://ids.clld.org/parameters/5-260>		<http://ids.clld.org/values/5-260-261-3>		"keheβi"@brg	
"'enə"@als	<http://ids.clld.org/values/5-260-205-5>		<http://ids.clld.org/parameters/5-260>		<http://ids.clld.org/values/5-260-261-1>		"'hopi"@brg	
"mer̃ 'hua"@als	<http://ids.clld.org/values/11-620-205-1>		<http://ids.clld.org/parameters/11-620>		<http://ids.clld.org/values/11-620-261-1>		"kopo'e-"@brg	
"r̃eh"@als	<http://ids.clld.org/values/9-210-205-1>		<http://ids.clld.org/parameters/9-210>		<http://ids.clld.org/values/9-210-261-1>		"nesta'kaβiyar"@brg	
"'vete"@als	<http://ids.clld.org/values/10-470-205-3>		<http://ids.clld.org/parameters/10-470>		<http://ids.clld.org/values/10-470-261-1>		"-yono-w"@brg	
"i 'gʸalə"@als	<http://ids.clld.org/values/4-740-205-1>		<http://ids.clld.org/parameters/4-740>		<http://ids.clld.org/values/4-740-261-1>		"-čo-'ko-"@brg	
"lʸumə"@als	<http://ids.clld.org/values/1-360-205-1>		<http://ids.clld.org/parameters/1-360>		<http://ids.clld.org/values/1-360-261-1>		"wapo'eṛ̌"@brg	
"'prerəs"@als	<http://ids.clld.org/values/15-780-205-3>		<http://ids.clld.org/parameters/15-780>		<http://ids.clld.org/values/15-780-261-1>		"ko-'se-ro"@brg	
"pi'šinə"@als	<http://ids.clld.org/values/1-341-205-3>		<http://ids.clld.org/parameters/1-341>		<http://ids.clld.org/values/1-341-261-1>		"'aki"@brg	
"gʸi"@als	<http://ids.clld.org/values/4-410-205-1>		<http://ids.clld.org/parameters/4-410>		<http://ids.clld.org/values/4-410-261-1>		"-šo-n"@brg	
"'kəmbə"@als	<http://ids.clld.org/values/4-370-205-1>		<http://ids.clld.org/parameters/4-370>		<http://ids.clld.org/values/4-370-261-1>		"ni'poih"@brg	
"bubu'limə"@als	<http://ids.clld.org/values/1-560-205-1>		<http://ids.clld.org/parameters/1-560>		<http://ids.clld.org/values/1-560-261-1>		"ṛ̌o'čoṛ̌eow"@brg	
"'kokə"@als	<http://ids.clld.org/values/4-200-205-1>		<http://ids.clld.org/parameters/4-200>		<http://ids.clld.org/values/4-200-261-1>		"ni-'poʔe"@brg	
"lʸə'kurə"@als	<http://ids.clld.org/values/4-120-205-1>		<http://ids.clld.org/parameters/4-120>		<http://ids.clld.org/values/4-120-261-1>		"-č-om"@brg	
"lʸə'kurə"@als	<http://ids.clld.org/values/4-120-205-1>		<http://ids.clld.org/parameters/4-120>		<http://ids.clld.org/values/4-120-261-3>		"ni-'čom"@brg	
"'bolə"@als	<http://ids.clld.org/values/3-850-205-3>		<http://ids.clld.org/parameters/3-850>		<http://ids.clld.org/values/3-850-261-3>		"'peropi"@brg	
"'bolə"@als	<http://ids.clld.org/values/3-850-205-3>		<http://ids.clld.org/parameters/3-850>		<http://ids.clld.org/values/3-850-261-1>		"ki'woṛ̌"@brg	
"mbart"@als	<http://ids.clld.org/values/10-610-205-3>		<http://ids.clld.org/parameters/10-610>		<http://ids.clld.org/values/10-610-261-1>		"nam"@brg	
"a'r̃in"@als	<http://ids.clld.org/values/10-550-205-1>		<http://ids.clld.org/parameters/10-550>		<http://ids.clld.org/values/10-550-261-1>		"to biši'moč"@brg	
"'r̃əɲə"@als	<http://ids.clld.org/values/8-540-205-1>		<http://ids.clld.org/parameters/8-540>		<http://ids.clld.org/values/8-540-261-1>		"ṛ̌eki'ton"@brg	
"'pemə"@als	<http://ids.clld.org/values/1-420-205-1>		<http://ids.clld.org/parameters/1-420>		<http://ids.clld.org/values/1-420-261-1>		"'ewokoe"@brg	
"θiθ"@als	<http://ids.clld.org/values/5-160-205-1>		<http://ids.clld.org/parameters/5-160>		<http://ids.clld.org/values/5-160-261-1>		"-hi-'ko-"@brg	
"'kripə"@als	<http://ids.clld.org/values/5-810-205-1>		<http://ids.clld.org/parameters/5-810>		<http://ids.clld.org/values/5-810-261-1>		"'čobi ~ 'čobe"@brg	
"gʸeθ"@als	<http://ids.clld.org/values/8-560-205-3>		<http://ids.clld.org/parameters/8-560>		<http://ids.clld.org/values/8-560-261-1>		"e-pono'e"@brg	
"i 'r̃otultə"@als	<http://ids.clld.org/values/12-810-205-5>		<http://ids.clld.org/parameters/12-810>		<http://ids.clld.org/values/12-810-261-1>		"čoporikon"@brg	
"tri"@als	<http://ids.clld.org/values/13-30-205-1>		<http://ids.clld.org/parameters/13-30>		<http://ids.clld.org/values/13-30-261-1>		"m'po-n"@brg	
"kušə'ri"@als	<http://ids.clld.org/values/2-550-205-1>		<http://ids.clld.org/parameters/2-550>		<http://ids.clld.org/values/2-550-261-1>		"'mpiri"@brg	
"məlʸ'či"@als	<http://ids.clld.org/values/4-450-205-1>		<http://ids.clld.org/parameters/4-450>		<http://ids.clld.org/values/4-450-261-1>		"-e'pe-ṛ̌on"@brg	
"pas"@als	<http://ids.clld.org/values/12-11-205-3>		<http://ids.clld.org/parameters/12-11>		<http://ids.clld.org/values/12-11-261-1>		"šiṛ̌iwa'niye"@brg	
"gʸu'mon"@als	<http://ids.clld.org/values/4-610-205-3>		<http://ids.clld.org/parameters/4-610>		<http://ids.clld.org/values/4-610-261-3>		"-mo'ko-w"@brg	
"gʸu'mon"@als	<http://ids.clld.org/values/4-610-205-3>		<http://ids.clld.org/parameters/4-610>		<http://ids.clld.org/values/4-610-261-1>		"-i'mo"@brg	
"pešk"@als	<http://ids.clld.org/values/3-650-205-1>		<http://ids.clld.org/parameters/3-650>		<http://ids.clld.org/values/3-650-261-1>		"him"@brg	
"pešk"@als	<http://ids.clld.org/values/3-650-205-1>		<http://ids.clld.org/parameters/3-650>		<http://ids.clld.org/values/3-650-261-3>		"koβes"@brg	
"fə'miyə"@als	<http://ids.clld.org/values/2-270-205-1>		<http://ids.clld.org/parameters/2-270>		<http://ids.clld.org/values/2-270-261-1>		"mo-"@brg	
"'c̷ilʸi"@als	<http://ids.clld.org/values/17-680-205-3>		<http://ids.clld.org/parameters/17-680>		<http://ids.clld.org/values/17-680-261-1>		"kon to 'woyokon"@brg	
"'zümtə"@als	<http://ids.clld.org/values/1-620-205-5>		<http://ids.clld.org/parameters/1-620>		<http://ids.clld.org/values/1-620-261-3>		"ha'mo-ṛ̌e"@brg	
"'zümtə"@als	<http://ids.clld.org/values/1-620-205-5>		<http://ids.clld.org/parameters/1-620>		<http://ids.clld.org/values/1-620-261-1>		"ha'moṛ̌en"@brg	
"bayrak'tar"@als	<http://ids.clld.org/values/19-240-205-5>		<http://ids.clld.org/parameters/19-240>		<http://ids.clld.org/values/19-240-261-1>		"rom"@brg	
"špinə"@als	<http://ids.clld.org/values/4-190-205-1>		<http://ids.clld.org/parameters/4-190>		<http://ids.clld.org/values/4-190-261-1>		"-'čipi"@brg	
"'uðə"@als	<http://ids.clld.org/values/10-710-205-3>		<http://ids.clld.org/parameters/10-710>		<http://ids.clld.org/values/10-710-261-3>		"ša'no-ki"@brg	
"'uðə"@als	<http://ids.clld.org/values/10-710-205-3>		<http://ids.clld.org/parameters/10-710>		<http://ids.clld.org/values/10-710-261-1>		"šo-'no-"@brg	
"'buzə"@als	<http://ids.clld.org/values/4-250-205-1>		<http://ids.clld.org/parameters/4-250>		<http://ids.clld.org/values/4-250-261-1>		"ni'čomonoki"@brg	
"ha"@als	<http://ids.clld.org/values/5-110-205-1>		<http://ids.clld.org/parameters/5-110>		<http://ids.clld.org/values/5-110-261-3>		"ni-'kow"@brg	
"ha"@als	<http://ids.clld.org/values/5-110-205-1>		<http://ids.clld.org/parameters/5-110>		<http://ids.clld.org/values/5-110-261-1>		"-ni-"@brg	
"veš"@als	<http://ids.clld.org/values/4-220-205-1>		<http://ids.clld.org/parameters/4-220>		<http://ids.clld.org/values/4-220-261-3>		"senoki"@brg	
"veš"@als	<http://ids.clld.org/values/4-220-205-1>		<http://ids.clld.org/parameters/4-220>		<http://ids.clld.org/values/4-220-261-1>		"-'čoko-n"@brg	
"'vyehər̃"@als	<http://ids.clld.org/values/2-620-205-1>		<http://ids.clld.org/parameters/2-620>		<http://ids.clld.org/values/2-620-261-3>		"-aki"@brg	
"'vyehər̃"@als	<http://ids.clld.org/values/2-620-205-1>		<http://ids.clld.org/parameters/2-620>		<http://ids.clld.org/values/2-620-261-1>		"-mos"@brg	
"syel"@als	<http://ids.clld.org/values/10-620-205-1>		<http://ids.clld.org/parameters/10-620>		<http://ids.clld.org/values/10-620-261-1>		"'amo(n-)"@brg	
"kalamše'kʸer"@als	<http://ids.clld.org/values/8-941-205-1>		<http://ids.clld.org/parameters/8-941>		<http://ids.clld.org/values/8-941-261-1>		"ko'te-n"@brg	
"'špulə"@als	<http://ids.clld.org/values/4-331-205-3>		<http://ids.clld.org/parameters/4-331>		<http://ids.clld.org/values/4-331-261-1>		"'waki"@brg	
"'hundə"@als	<http://ids.clld.org/values/4-230-205-1>		<http://ids.clld.org/parameters/4-230>		<http://ids.clld.org/values/4-230-261-1>		"-'si-ri"@brg	
"'hundə"@als	<http://ids.clld.org/values/4-230-205-1>		<http://ids.clld.org/parameters/4-230>		<http://ids.clld.org/values/4-230-261-3>		"ni-pa-'siṛ̌i"@brg	
"gʸə'mim"@als	<http://ids.clld.org/values/1-560-205-3>		<http://ids.clld.org/parameters/1-560>		<http://ids.clld.org/values/1-560-261-1>		"ṛ̌o'čoṛ̌eow"@brg	
"bišt"@als	<http://ids.clld.org/values/4-180-205-1>		<http://ids.clld.org/parameters/4-180>		<http://ids.clld.org/values/4-180-261-1>		"-i'ho-s"@brg	
"bar"@als	<http://ids.clld.org/values/4-880-205-3>		<http://ids.clld.org/parameters/4-880>		<http://ids.clld.org/values/4-880-261-1>		"we'ṛ̌ok"@brg	
"'ndien"@als	<http://ids.clld.org/values/15-410-205-3>		<http://ids.clld.org/parameters/15-410>		<http://ids.clld.org/values/15-410-261-1>		"-som-"@brg	
"'ndien"@als	<http://ids.clld.org/values/15-410-205-3>		<http://ids.clld.org/parameters/15-410>		<http://ids.clld.org/values/15-410-261-3>		"ṛ̌i-'somopoek"@brg	
"škʸüt"@als	<http://ids.clld.org/values/20-340-205-1>		<http://ids.clld.org/parameters/20-340>		<http://ids.clld.org/values/20-340-261-1>		"ni-yičo"@brg	
"mor̃"@als	<http://ids.clld.org/values/3-811-205-1>		<http://ids.clld.org/parameters/3-811>		<http://ids.clld.org/values/3-811-261-1>		"i'no-k"@brg	
"dü"@als	<http://ids.clld.org/values/13-20-205-1>		<http://ids.clld.org/parameters/13-20>		<http://ids.clld.org/values/13-20-261-1>		"m-a'pi-n"@brg	
"kurθ"@als	<http://ids.clld.org/values/20-640-205-3>		<http://ids.clld.org/parameters/20-640>		<http://ids.clld.org/values/20-640-261-1>		"siṛ̌ia'mok"@brg	
"hark"@als	<http://ids.clld.org/values/20-240-205-1>		<http://ids.clld.org/parameters/20-240>		<http://ids.clld.org/values/20-240-261-1>		"tipo'pok"@brg	
"hark"@als	<http://ids.clld.org/values/20-240-205-1>		<http://ids.clld.org/parameters/20-240>		<http://ids.clld.org/values/20-240-261-3>		"-tipo"@brg	
"u'ri"@als	<http://ids.clld.org/values/5-140-205-1>		<http://ids.clld.org/parameters/5-140>		<http://ids.clld.org/values/5-140-261-1>		"ni'βeiʔinow"@brg	
"taš'ti"@als	<http://ids.clld.org/values/14-180-205-3>		<http://ids.clld.org/parameters/14-180>		<http://ids.clld.org/values/14-180-261-1>		"ne'ṛ̌iki"@brg	
"'maškul"@als	<http://ids.clld.org/values/2-230-205-1>		<http://ids.clld.org/parameters/2-230>		<http://ids.clld.org/values/2-230-261-1>		"a'čane"@brg	
"pa'mbuk"@als	<http://ids.clld.org/values/6-240-205-1>		<http://ids.clld.org/parameters/6-240>		<http://ids.clld.org/values/6-240-261-1>		"ka'ha-weš"@brg	
"'grua"@als	<http://ids.clld.org/values/2-220-205-1>		<http://ids.clld.org/parameters/2-220>		<http://ids.clld.org/values/2-220-261-1>		"e'ton"@brg	
"fa'sulʸe"@als	<http://ids.clld.org/values/5-660-205-3>		<http://ids.clld.org/parameters/5-660>		<http://ids.clld.org/values/5-660-261-1>		"či'čoṛ̌op"@brg	
"mbu'royə"@als	<http://ids.clld.org/values/20-340-205-3>		<http://ids.clld.org/parameters/20-340>		<http://ids.clld.org/values/20-340-261-1>		"ni-yičo"@brg	
"i 'trašə"@als	<http://ids.clld.org/values/12-630-205-1>		<http://ids.clld.org/parameters/12-630>		<http://ids.clld.org/values/12-630-261-1>		"šo'po-"@brg	
"'erə"@als	<http://ids.clld.org/values/1-720-205-1>		<http://ids.clld.org/parameters/1-720>		<http://ids.clld.org/values/1-720-261-1>		"βiṛ̌"@brg	
"ši'gʸetul"@als	<http://ids.clld.org/values/3-850-205-7>		<http://ids.clld.org/parameters/3-850>		<http://ids.clld.org/values/3-850-261-3>		"'peropi"@brg	
"ši'gʸetul"@als	<http://ids.clld.org/values/3-850-205-7>		<http://ids.clld.org/parameters/3-850>		<http://ids.clld.org/values/3-850-261-1>		"ki'woṛ̌"@brg	
"'prapa"@als	<http://ids.clld.org/values/12-11-205-1>		<http://ids.clld.org/parameters/12-11>		<http://ids.clld.org/values/12-11-261-1>		"šiṛ̌iwa'niye"@brg	
"r̃otu'lak"@als	<http://ids.clld.org/values/12-810-205-1>		<http://ids.clld.org/parameters/12-810>		<http://ids.clld.org/values/12-810-261-1>		"čoporikon"@brg	
"di"@als	<http://ids.clld.org/values/17-170-205-1>		<http://ids.clld.org/parameters/17-170>		<http://ids.clld.org/values/17-170-261-1>		"-čo-"@brg	
"di"@als	<http://ids.clld.org/values/17-170-205-1>		<http://ids.clld.org/parameters/17-170>		<http://ids.clld.org/values/17-170-261-3>		"-tiṛ̌i"@brg	
"flʸe"@als	<http://ids.clld.org/values/4-610-205-1>		<http://ids.clld.org/parameters/4-610>		<http://ids.clld.org/values/4-610-261-3>		"-mo'ko-w"@brg	
"flʸe"@als	<http://ids.clld.org/values/4-610-205-1>		<http://ids.clld.org/parameters/4-610>		<http://ids.clld.org/values/4-610-261-1>		"-i'mo"@brg	
"fil"@als	<http://ids.clld.org/values/6-380-205-1>		<http://ids.clld.org/parameters/6-380>		<http://ids.clld.org/values/6-380-261-1>		"kotipo'pin"@brg	
"i kekʸ"@als	<http://ids.clld.org/values/16-720-205-1>		<http://ids.clld.org/parameters/16-720>		<http://ids.clld.org/values/16-720-261-1>		"me'hewokon"@brg	
"ðəmb"@als	<http://ids.clld.org/values/4-270-205-1>		<http://ids.clld.org/parameters/4-270>		<http://ids.clld.org/values/4-270-261-1>		"ni-'se-ṛ̌"@brg	
"go'det"@als	<http://ids.clld.org/values/9-210-205-3>		<http://ids.clld.org/parameters/9-210>		<http://ids.clld.org/values/9-210-261-1>		"nesta'kaβiyar"@brg	
"ši"@als	<http://ids.clld.org/values/1-750-205-1>		<http://ids.clld.org/parameters/1-750>		<http://ids.clld.org/values/1-750-261-1>		"so'won"@brg	
"'gʸuhə"@als	<http://ids.clld.org/values/4-260-205-1>		<http://ids.clld.org/parameters/4-260>		<http://ids.clld.org/values/4-260-261-1>		"-pe-n"@brg	
"'gʸuhə"@als	<http://ids.clld.org/values/4-260-205-1>		<http://ids.clld.org/parameters/4-260>		<http://ids.clld.org/values/4-260-261-3>		"epenene"@brg	
"'vegə"@als	<http://ids.clld.org/values/4-351-205-3>		<http://ids.clld.org/parameters/4-351>		<http://ids.clld.org/values/4-351-261-1>		"-pes"@brg	
"'er̃ət"@als	<http://ids.clld.org/values/1-620-205-1>		<http://ids.clld.org/parameters/1-620>		<http://ids.clld.org/values/1-620-261-3>		"ha'mo-ṛ̌e"@brg	
"'er̃ət"@als	<http://ids.clld.org/values/1-620-205-1>		<http://ids.clld.org/parameters/1-620>		<http://ids.clld.org/values/1-620-261-1>		"ha'moṛ̌en"@brg	
"'škʸilʸə"@als	<http://ids.clld.org/values/4-460-205-5>		<http://ids.clld.org/parameters/4-460>		<http://ids.clld.org/values/4-460-261-1>		"-'he-ki"@brg	
"'škʸilʸə"@als	<http://ids.clld.org/values/4-460-205-5>		<http://ids.clld.org/parameters/4-460>		<http://ids.clld.org/values/4-460-261-3>		"ničo'koki"@brg	
"tavo'lʸinə"@als	<http://ids.clld.org/values/7-440-205-5>		<http://ids.clld.org/parameters/7-440>		<http://ids.clld.org/values/7-440-261-1>		"[mes]"@brg	
"sə'patə"@als	<http://ids.clld.org/values/9-250-205-1>		<http://ids.clld.org/parameters/9-250>		<http://ids.clld.org/values/9-250-261-1>		"po'e"@brg	
"'trüezə"@als	<http://ids.clld.org/values/7-440-205-1>		<http://ids.clld.org/parameters/7-440>		<http://ids.clld.org/values/7-440-261-1>		"[mes]"@brg	
"kʸeš"@als	<http://ids.clld.org/values/16-250-205-1>		<http://ids.clld.org/parameters/16-250>		<http://ids.clld.org/values/16-250-261-1>		"-'ko-ka-"@brg	
"'mulə"@als	<http://ids.clld.org/values/4-460-205-9>		<http://ids.clld.org/parameters/4-460>		<http://ids.clld.org/values/4-460-261-1>		"-'he-ki"@brg	
"'mulə"@als	<http://ids.clld.org/values/4-460-205-9>		<http://ids.clld.org/parameters/4-460>		<http://ids.clld.org/values/4-460-261-3>		"ničo'koki"@brg	
"mik"@als	<http://ids.clld.org/values/19-510-205-1>		<http://ids.clld.org/parameters/19-510>		<http://ids.clld.org/values/19-510-261-1>		"ni'toṛ̌i"@brg	
"bən"@als	<http://ids.clld.org/values/17-420-205-3>		<http://ids.clld.org/parameters/17-420>		<http://ids.clld.org/values/17-420-261-3>		"imo-"@brg	
"bən"@als	<http://ids.clld.org/values/17-420-205-3>		<http://ids.clld.org/parameters/17-420>		<http://ids.clld.org/values/17-420-261-1>		"i-"@brg	
"i 'dehur"@als	<http://ids.clld.org/values/4-980-205-1>		<http://ids.clld.org/parameters/4-980>		<http://ids.clld.org/values/4-980-261-1>		"-'kaβio"@brg	
"lʸeš"@als	<http://ids.clld.org/values/4-144-205-1>		<http://ids.clld.org/parameters/4-144>		<http://ids.clld.org/values/4-144-261-1>		"-i'ša"@brg	
"ra"@als	<http://ids.clld.org/values/10-230-205-3>		<http://ids.clld.org/parameters/10-230>		<http://ids.clld.org/values/10-230-261-1>		"nesta'paika"@brg	
"ar'sehet"@als	<http://ids.clld.org/values/17-240-205-5>		<http://ids.clld.org/parameters/17-240>		<http://ids.clld.org/values/17-240-261-1>		"-karo-'wo-w"@brg	
"'vyehər̃"@als	<http://ids.clld.org/values/2-610-205-1>		<http://ids.clld.org/parameters/2-610>		<http://ids.clld.org/values/2-610-261-1>		"nimo'šok"@brg	
"r̃avə"@als	<http://ids.clld.org/values/10-720-205-5>		<http://ids.clld.org/parameters/10-720>		<http://ids.clld.org/values/10-720-261-1>		"ša'no-ki"@brg	
"gʸoks"@als	<http://ids.clld.org/values/4-400-205-1>		<http://ids.clld.org/parameters/4-400>		<http://ids.clld.org/values/4-400-261-1>		"ča'ko-ki"@brg	
"kʸel"@als	<http://ids.clld.org/values/1-510-205-1>		<http://ids.clld.org/parameters/1-510>		<http://ids.clld.org/values/1-510-261-1>		"a'ni-ye"@brg	
"a'to"@als	<http://ids.clld.org/values/2-960-205-3>		<http://ids.clld.org/parameters/2-960>		<http://ids.clld.org/values/2-960-261-1>		"no-'ti"@brg	
"i 'amət"@als	<http://ids.clld.org/values/15-830-205-5>		<http://ids.clld.org/parameters/15-830>		<http://ids.clld.org/values/15-830-261-1>		"-po'to-"@brg	
"dəši'ron"@als	<http://ids.clld.org/values/16-620-205-1>		<http://ids.clld.org/parameters/16-620>		<http://ids.clld.org/values/16-620-261-1>		"-'kami-"@brg	
"dəši'ron"@als	<http://ids.clld.org/values/16-620-205-1>		<http://ids.clld.org/parameters/16-620>		<http://ids.clld.org/values/16-620-261-3>		"ni-'kiʔinow"@brg	
"'yetə"@als	<http://ids.clld.org/values/4-740-205-5>		<http://ids.clld.org/parameters/4-740>		<http://ids.clld.org/values/4-740-261-1>		"-čo-'ko-"@brg	
"'mr̃agə"@als	<http://ids.clld.org/values/3-817-205-5>		<http://ids.clld.org/parameters/3-817>		<http://ids.clld.org/values/3-817-261-1>		"ko'ši-ri"@brg	
"ün'dürə"@als	<http://ids.clld.org/values/5-791-205-1>		<http://ids.clld.org/parameters/5-791>		<http://ids.clld.org/values/5-791-261-1>		"ro'kamokow"@brg	
"'flʸokə"@als	<http://ids.clld.org/values/4-140-205-1>		<http://ids.clld.org/parameters/4-140>		<http://ids.clld.org/values/4-140-261-3>		"ni-'čahaih"@brg	
"'flʸokə"@als	<http://ids.clld.org/values/4-140-205-1>		<http://ids.clld.org/parameters/4-140>		<http://ids.clld.org/values/4-140-261-1>		"-ča-"@brg	
"'šalʸə"@als	<http://ids.clld.org/values/4-351-205-1>		<http://ids.clld.org/parameters/4-351>		<http://ids.clld.org/values/4-351-261-1>		"-pes"@brg	
"plʸak"@als	<http://ids.clld.org/values/14-150-205-5>		<http://ids.clld.org/parameters/14-150>		<http://ids.clld.org/values/14-150-261-1>		"či-n"@brg	
"'vdekye"@als	<http://ids.clld.org/values/4-750-205-3>		<http://ids.clld.org/parameters/4-750>		<http://ids.clld.org/values/4-750-261-3>		"ṛ̌e'pen"@brg	
"'vdekye"@als	<http://ids.clld.org/values/4-750-205-3>		<http://ids.clld.org/parameters/4-750>		<http://ids.clld.org/values/4-750-261-1>		"-e'pe-"@brg	
"laku'rikʸ"@als	<http://ids.clld.org/values/3-591-205-1>		<http://ids.clld.org/parameters/3-591>		<http://ids.clld.org/values/3-591-261-1>		"βi'te-ṛ̌"@brg	
"mə'son"@als	<http://ids.clld.org/values/17-240-205-1>		<http://ids.clld.org/parameters/17-240>		<http://ids.clld.org/values/17-240-261-1>		"-karo-'wo-w"@brg	
"'špirə"@als	<http://ids.clld.org/values/4-441-205-3>		<http://ids.clld.org/parameters/4-441>		<http://ids.clld.org/values/4-441-261-1>		"ta'ha"@brg	
"'poštə"@als	<http://ids.clld.org/values/12-30-205-1>		<http://ids.clld.org/parameters/12-30>		<http://ids.clld.org/values/12-30-261-3>		"poe-"@brg	
"'poštə"@als	<http://ids.clld.org/values/12-30-205-1>		<http://ids.clld.org/parameters/12-30>		<http://ids.clld.org/values/12-30-261-1>		"pai-"@brg	
"i 'dreytə"@als	<http://ids.clld.org/values/12-730-205-1>		<http://ids.clld.org/parameters/12-730>		<http://ids.clld.org/values/12-730-261-1>		"to'βi-"@brg	
"kal'kan"@als	<http://ids.clld.org/values/20-340-205-5>		<http://ids.clld.org/parameters/20-340>		<http://ids.clld.org/values/20-340-261-1>		"ni-yičo"@brg	
"'natə"@als	<http://ids.clld.org/values/14-420-205-1>		<http://ids.clld.org/parameters/14-420>		<http://ids.clld.org/values/14-420-261-1>		"yoto'e-ṛ̌"@brg	
"i 'pyekur"@als	<http://ids.clld.org/values/5-123-205-1>		<http://ids.clld.org/parameters/5-123>		<http://ids.clld.org/values/5-123-261-1>		"-ya-"@brg	
"ɲerə'zi"@als	<http://ids.clld.org/values/2-810-205-1>		<http://ids.clld.org/parameters/2-810>		<http://ids.clld.org/values/2-810-261-1>		"ni'čonopos"@brg	
"'hənə"@als	<http://ids.clld.org/values/1-530-205-1>		<http://ids.clld.org/parameters/1-530>		<http://ids.clld.org/values/1-530-261-1>		"ki'he-ṛ̌"@brg	
"'myekər"@als	<http://ids.clld.org/values/4-142-205-1>		<http://ids.clld.org/parameters/4-142>		<http://ids.clld.org/values/4-142-261-1>		"ni-ša'won"@brg	
"'flʸetə"@als	<http://ids.clld.org/values/8-560-205-1>		<http://ids.clld.org/parameters/8-560>		<http://ids.clld.org/values/8-560-261-1>		"e-pono'e"@brg	
"fšin"@als	<http://ids.clld.org/values/9-370-205-1>		<http://ids.clld.org/parameters/9-370>		<http://ids.clld.org/values/9-370-261-1>		"heβi-ṛ̌"@brg	
"zota'ron"@als	<http://ids.clld.org/values/11-120-205-1>		<http://ids.clld.org/parameters/11-120>		<http://ids.clld.org/values/11-120-261-1>		"-'ko-ti"@brg	
"mban"@als	<http://ids.clld.org/values/10-610-205-1>		<http://ids.clld.org/parameters/10-610>		<http://ids.clld.org/values/10-610-261-1>		"nam"@brg	
"flʸutu'ron"@als	<http://ids.clld.org/values/10-370-205-1>		<http://ids.clld.org/parameters/10-370>		<http://ids.clld.org/values/10-370-261-1>		"-ar-"@brg	
"ko'nop"@als	<http://ids.clld.org/values/9-190-205-3>		<http://ids.clld.org/parameters/9-190>		<http://ids.clld.org/values/9-190-261-1>		"ni-'ro-"@brg	
"plešt"@als	<http://ids.clld.org/values/3-813-205-1>		<http://ids.clld.org/parameters/3-813>		<http://ids.clld.org/values/3-813-261-1>		"to'tikop"@brg	
"ba'tate"@als	<http://ids.clld.org/values/8-910-205-3>		<http://ids.clld.org/parameters/8-910>		<http://ids.clld.org/values/8-910-261-1>		"se'ṛ̌e"@brg	
"gišt"@als	<http://ids.clld.org/values/4-340-205-1>		<http://ids.clld.org/parameters/4-340>		<http://ids.clld.org/values/4-340-261-1>		"ni-'wohis"@brg	
"kuš"@als	<http://ids.clld.org/values/17-680-205-1>		<http://ids.clld.org/parameters/17-680>		<http://ids.clld.org/values/17-680-261-1>		"kon to 'woyokon"@brg	
"štrüð"@als	<http://ids.clld.org/values/9-343-205-1>		<http://ids.clld.org/parameters/9-343>		<http://ids.clld.org/values/9-343-261-1>		"'ko-piti-"@brg	
"štrüð"@als	<http://ids.clld.org/values/9-343-205-1>		<http://ids.clld.org/parameters/9-343>		<http://ids.clld.org/values/9-343-261-3>		"su'ipistakapa"@brg	
"i 'lʸagət"@als	<http://ids.clld.org/values/15-830-205-1>		<http://ids.clld.org/parameters/15-830>		<http://ids.clld.org/values/15-830-261-1>		"-po'to-"@brg	
"štrə'ngon"@als	<http://ids.clld.org/values/9-343-205-3>		<http://ids.clld.org/parameters/9-343>		<http://ids.clld.org/values/9-343-261-1>		"'ko-piti-"@brg	
"štrə'ngon"@als	<http://ids.clld.org/values/9-343-205-3>		<http://ids.clld.org/parameters/9-343>		<http://ids.clld.org/values/9-343-261-3>		"su'ipistakapa"@brg	
"ne"@als	<http://ids.clld.org/values/2-940-205-1>		<http://ids.clld.org/parameters/2-940>		<http://ids.clld.org/values/2-940-261-1>		"βi-'ti"@brg	
"sü"@als	<http://ids.clld.org/values/4-210-205-1>		<http://ids.clld.org/parameters/4-210>		<http://ids.clld.org/values/4-210-261-1>		"-i'ki"@brg	
"sü"@als	<http://ids.clld.org/values/4-210-205-1>		<http://ids.clld.org/parameters/4-210>		<http://ids.clld.org/values/4-210-261-3>		"ni-'kis"@brg	
"bretk"@als	<http://ids.clld.org/values/3-950-205-3>		<http://ids.clld.org/parameters/3-950>		<http://ids.clld.org/values/3-950-261-1>		"si'poṛ̌i"@brg	
"i 'mprehtə"@als	<http://ids.clld.org/values/15-780-205-1>		<http://ids.clld.org/parameters/15-780>		<http://ids.clld.org/values/15-780-261-1>		"ko-'se-ro"@brg	
"'koc̷kə"@als	<http://ids.clld.org/values/4-160-205-1>		<http://ids.clld.org/parameters/4-160>		<http://ids.clld.org/values/4-160-261-1>		"-'opi"@brg	
"ülʸ'ber"@als	<http://ids.clld.org/values/1-590-205-1>		<http://ids.clld.org/parameters/1-590>		<http://ids.clld.org/values/1-590-261-1>		"ni'a"@brg	
"'r̃oba"@als	<http://ids.clld.org/values/6-120-205-1>		<http://ids.clld.org/parameters/6-120>		<http://ids.clld.org/values/6-120-261-1>		"ra'roni"@brg	
"'ec̷ən"@als	<http://ids.clld.org/values/10-450-205-1>		<http://ids.clld.org/parameters/10-450>		<http://ids.clld.org/values/10-450-261-1>		"-yo'no"@brg	
"'myekər"@als	<http://ids.clld.org/values/4-209-205-1>		<http://ids.clld.org/parameters/4-209>		<http://ids.clld.org/values/4-209-261-1>		"nipoeho'kon"@brg	
"'šumə"@als	<http://ids.clld.org/values/13-150-205-1>		<http://ids.clld.org/parameters/13-150>		<http://ids.clld.org/values/13-150-261-1>		"mo-"@brg	
"zə"@als	<http://ids.clld.org/values/11-130-205-3>		<http://ids.clld.org/parameters/11-130>		<http://ids.clld.org/values/11-130-261-1>		"-a'mo"@brg	
"mbi"@als	<http://ids.clld.org/values/12-80-205-1>		<http://ids.clld.org/parameters/12-80>		<http://ids.clld.org/values/12-80-261-1>		"a'ni-ye"@brg	
"lʸi'tar"@als	<http://ids.clld.org/values/9-190-205-1>		<http://ids.clld.org/parameters/9-190>		<http://ids.clld.org/values/9-190-261-1>		"ni-'ro-"@brg	
"miš"@als	<http://ids.clld.org/values/5-610-205-1>		<http://ids.clld.org/parameters/5-610>		<http://ids.clld.org/values/5-610-261-1>		"n-eš"@brg	
"'plʸotə"@als	<http://ids.clld.org/values/13-210-205-1>		<http://ids.clld.org/parameters/13-210>		<http://ids.clld.org/values/13-210-261-1>		"'ačokon"@brg	
"'popul"@als	<http://ids.clld.org/values/19-210-205-1>		<http://ids.clld.org/parameters/19-210>		<http://ids.clld.org/values/19-210-261-1>		"'činti"@brg	
"'popul"@als	<http://ids.clld.org/values/19-210-205-1>		<http://ids.clld.org/parameters/19-210>		<http://ids.clld.org/values/19-210-261-3>		"činti-neβ"@brg	
"lʸi'kʸen"@als	<http://ids.clld.org/values/1-330-205-1>		<http://ids.clld.org/parameters/1-330>		<http://ids.clld.org/values/1-330-261-1>		"'č-aki"@brg	
"yep"@als	<http://ids.clld.org/values/11-210-205-1>		<http://ids.clld.org/parameters/11-210>		<http://ids.clld.org/values/11-210-261-1>		"-po'e-ko-w"@brg	
"dru zyar̃i"@als	<http://ids.clld.org/values/1-880-205-1>		<http://ids.clld.org/parameters/1-880>		<http://ids.clld.org/values/1-880-261-1>		"ya'kis"@brg	
"'tutə"@als	<http://ids.clld.org/values/16-530-205-5>		<http://ids.clld.org/parameters/16-530>		<http://ids.clld.org/values/16-530-261-1>		"-pi-"@brg	
"'tutə"@als	<http://ids.clld.org/values/16-530-205-5>		<http://ids.clld.org/parameters/16-530>		<http://ids.clld.org/values/16-530-261-3>		"'ni-piko-w"@brg	
"ye'ton"@als	<http://ids.clld.org/values/4-740-205-3>		<http://ids.clld.org/parameters/4-740>		<http://ids.clld.org/values/4-740-261-1>		"-čo-'ko-"@brg	
"'mizə"@als	<http://ids.clld.org/values/3-830-205-1>		<http://ids.clld.org/parameters/3-830>		<http://ids.clld.org/values/3-830-261-1>		"-a'ro"@brg	
"flʸet"@als	<http://ids.clld.org/values/18-220-205-3>		<http://ids.clld.org/parameters/18-220>		<http://ids.clld.org/values/18-220-261-1>		"'k-ičo"@brg	
"tüm"@als	<http://ids.clld.org/values/1-830-205-1>		<http://ids.clld.org/parameters/1-830>		<http://ids.clld.org/values/1-830-261-1>		"kotiso'kon"@brg	
"i 'gʸatə"@als	<http://ids.clld.org/values/12-570-205-1>		<http://ids.clld.org/parameters/12-570>		<http://ids.clld.org/values/12-570-261-1>		"-pi"@brg	
"i 'gʸatə"@als	<http://ids.clld.org/values/12-570-205-1>		<http://ids.clld.org/parameters/12-570>		<http://ids.clld.org/values/12-570-261-3>		"'pero-"@brg	
"zyar̃"@als	<http://ids.clld.org/values/1-810-205-1>		<http://ids.clld.org/parameters/1-810>		<http://ids.clld.org/values/1-810-261-1>		"'ya-ki"@brg	
"i mað"@als	<http://ids.clld.org/values/12-550-205-1>		<http://ids.clld.org/parameters/12-550>		<http://ids.clld.org/values/12-550-261-1>		"čo-"@brg	
"as'gʸə"@als	<http://ids.clld.org/values/13-0-205-3>		<http://ids.clld.org/parameters/13-0>		<http://ids.clld.org/values/13-0-261-1>		"'inkaw ~ 'onkaw"@brg	
"ðyet"@als	<http://ids.clld.org/values/4-660-205-1>		<http://ids.clld.org/parameters/4-660>		<http://ids.clld.org/values/4-660-261-1>		"e'tis"@brg	
"ča'ti"@als	<http://ids.clld.org/values/7-510-205-1>		<http://ids.clld.org/parameters/7-510>		<http://ids.clld.org/values/7-510-261-1>		"ečo'pi"@brg	
"'ana e 'maytə"@als	<http://ids.clld.org/values/12-420-205-1>		<http://ids.clld.org/parameters/12-420>		<http://ids.clld.org/values/12-420-261-1>		"'sa-pi"@brg	
"ðe' eðe"@als	<http://ids.clld.org/values/17-510-205-3>		<http://ids.clld.org/parameters/17-510>		<http://ids.clld.org/values/17-510-261-1>		"ač"@brg	
"mer̃"@als	<http://ids.clld.org/values/11-130-205-1>		<http://ids.clld.org/parameters/11-130>		<http://ids.clld.org/values/11-130-261-1>		"-a'mo"@brg	
"'bur̃ə"@als	<http://ids.clld.org/values/2-310-205-1>		<http://ids.clld.org/parameters/2-310>		<http://ids.clld.org/values/2-310-261-3>		"-emo"@brg	
"'bur̃ə"@als	<http://ids.clld.org/values/2-310-205-1>		<http://ids.clld.org/parameters/2-310>		<http://ids.clld.org/values/2-310-261-1>		"naβi'non"@brg	
"'krüe"@als	<http://ids.clld.org/values/4-200-205-3>		<http://ids.clld.org/parameters/4-200>		<http://ids.clld.org/values/4-200-261-1>		"ni-'poʔe"@brg	
"pə'ləmbə"@als	<http://ids.clld.org/values/4-331-205-1>		<http://ids.clld.org/parameters/4-331>		<http://ids.clld.org/values/4-331-261-1>		"'waki"@brg	
"kur̃iz"@als	<http://ids.clld.org/values/4-190-205-3>		<http://ids.clld.org/parameters/4-190>		<http://ids.clld.org/values/4-190-261-1>		"-'čipi"@brg	
"gər'mih"@als	<http://ids.clld.org/values/8-220-205-1>		<http://ids.clld.org/parameters/8-220>		<http://ids.clld.org/values/8-220-261-1>		"-'saho-kia-"@brg	
"ti"@als	<http://ids.clld.org/values/2-920-205-1>		<http://ids.clld.org/parameters/2-920>		<http://ids.clld.org/values/2-920-261-1>		"pi-'ti"@brg	
"ta'ni"@als	<http://ids.clld.org/values/14-180-205-1>		<http://ids.clld.org/parameters/14-180>		<http://ids.clld.org/values/14-180-261-1>		"ne'ṛ̌iki"@brg	
"i 'bukur"@als	<http://ids.clld.org/values/16-810-205-1>		<http://ids.clld.org/parameters/16-810>		<http://ids.clld.org/values/16-810-261-1>		"'monikowapa"@brg	
"kʸan"@als	<http://ids.clld.org/values/16-370-205-1>		<http://ids.clld.org/parameters/16-370>		<http://ids.clld.org/values/16-370-261-1>		"-ya"@brg	
"tre"@als	<http://ids.clld.org/values/13-30-205-3>		<http://ids.clld.org/parameters/13-30>		<http://ids.clld.org/values/13-30-261-1>		"m'po-n"@brg	
"və'la"@als	<http://ids.clld.org/values/2-440-205-1>		<http://ids.clld.org/parameters/2-440>		<http://ids.clld.org/values/2-440-261-1>		"ni'piri"@brg	
"və'la"@als	<http://ids.clld.org/values/2-440-205-1>		<http://ids.clld.org/parameters/2-440>		<http://ids.clld.org/values/2-440-261-3>		"ni'ay"@brg	
"ne'voyə"@als	<http://ids.clld.org/values/17-450-205-1>		<http://ids.clld.org/parameters/17-450>		<http://ids.clld.org/values/17-450-261-1>		"ni'kamoseṛ̌ow"@brg	
"pər'poš"@als	<http://ids.clld.org/values/12-30-205-3>		<http://ids.clld.org/parameters/12-30>		<http://ids.clld.org/values/12-30-261-3>		"poe-"@brg	
"pər'poš"@als	<http://ids.clld.org/values/12-30-205-3>		<http://ids.clld.org/parameters/12-30>		<http://ids.clld.org/values/12-30-261-1>		"pai-"@brg	
"'dorə"@als	<http://ids.clld.org/values/4-330-205-1>		<http://ids.clld.org/parameters/4-330>		<http://ids.clld.org/values/4-330-261-1>		"-wo-"@brg	
"'dorə"@als	<http://ids.clld.org/values/4-330-205-1>		<http://ids.clld.org/parameters/4-330>		<http://ids.clld.org/values/4-330-261-3>		"ni-'wohi-s"@brg	
"i štreɲtə"@als	<http://ids.clld.org/values/11-880-205-1>		<http://ids.clld.org/parameters/11-880>		<http://ids.clld.org/values/11-880-261-1>		"šo-'wa-no-n"@brg	
"kafšə"@als	<http://ids.clld.org/values/3-110-205-1>		<http://ids.clld.org/parameters/3-110>		<http://ids.clld.org/values/3-110-261-1>		"-'per"@brg	
"yo"@als	<http://ids.clld.org/values/17-560-205-1>		<http://ids.clld.org/parameters/17-560>		<http://ids.clld.org/values/17-560-261-1>		"'onkaw"@brg	
"r̃umbu'lak"@als	<http://ids.clld.org/values/12-810-205-3>		<http://ids.clld.org/parameters/12-810>		<http://ids.clld.org/values/12-810-261-1>		"čoporikon"@brg	
"krah"@als	<http://ids.clld.org/values/4-310-205-1>		<http://ids.clld.org/parameters/4-310>		<http://ids.clld.org/values/4-310-261-3>		"-ton"@brg	
"krah"@als	<http://ids.clld.org/values/4-310-205-1>		<http://ids.clld.org/parameters/4-310>		<http://ids.clld.org/values/4-310-261-1>		"-po'wo-ki"@brg	
"pas'dreke"@als	<http://ids.clld.org/values/14-451-205-1>		<http://ids.clld.org/parameters/14-451>		<http://ids.clld.org/values/14-451-261-1>		"kope'ap"@brg	
"kʸep"@als	<http://ids.clld.org/values/6-350-205-1>		<http://ids.clld.org/parameters/6-350>		<http://ids.clld.org/values/6-350-261-1>		"-'po-ri-a"@brg	
"kʸep"@als	<http://ids.clld.org/values/6-350-205-1>		<http://ids.clld.org/parameters/6-350>		<http://ids.clld.org/values/6-350-261-3>		"ni-'poṛ̌ia-w"@brg	
"'grua"@als	<http://ids.clld.org/values/2-320-205-1>		<http://ids.clld.org/parameters/2-320>		<http://ids.clld.org/values/2-320-261-1>		"ne-'yon"@brg	
"may'mun"@als	<http://ids.clld.org/values/3-760-205-1>		<http://ids.clld.org/parameters/3-760>		<http://ids.clld.org/values/3-760-261-1>		"yo-ṛ̌"@brg	
"pül"@als	<http://ids.clld.org/values/1-410-205-1>		<http://ids.clld.org/parameters/1-410>		<http://ids.clld.org/values/1-410-261-1>		"kaki'woko-ye"@brg	
"'ngrihet"@als	<http://ids.clld.org/values/12-150-205-3>		<http://ids.clld.org/parameters/12-150>		<http://ids.clld.org/values/12-150-261-1>		"-šom"@brg	
"hap"@als	<http://ids.clld.org/values/12-240-205-1>		<http://ids.clld.org/parameters/12-240>		<http://ids.clld.org/values/12-240-261-1>		"'βe-ha"@brg	
"su'valʸ"@als	<http://ids.clld.org/values/3-850-205-5>		<http://ids.clld.org/parameters/3-850>		<http://ids.clld.org/values/3-850-261-3>		"'peropi"@brg	
"su'valʸ"@als	<http://ids.clld.org/values/3-850-205-5>		<http://ids.clld.org/parameters/3-850>		<http://ids.clld.org/values/3-850-261-1>		"ki'woṛ̌"@brg	
"dyeg"@als	<http://ids.clld.org/values/1-851-205-1>		<http://ids.clld.org/parameters/1-851>		<http://ids.clld.org/values/1-851-261-1>		"-a'haṛ̌ow"@brg	
"ɲə"@als	<http://ids.clld.org/values/13-10-205-1>		<http://ids.clld.org/parameters/13-10>		<http://ids.clld.org/values/13-10-261-1>		"po'noš"@brg	
"'mizə 'ðeu"@als	<http://ids.clld.org/values/3-817-205-3>		<http://ids.clld.org/parameters/3-817>		<http://ids.clld.org/values/3-817-261-1>		"ko'ši-ri"@brg	
"'motər"@als	<http://ids.clld.org/values/2-450-205-1>		<http://ids.clld.org/parameters/2-450>		<http://ids.clld.org/values/2-450-261-3>		"'n-eta"@brg	
"'motər"@als	<http://ids.clld.org/values/2-450-205-1>		<http://ids.clld.org/parameters/2-450>		<http://ids.clld.org/values/2-450-261-1>		"ni-'piṛ̌i"@brg	
"ba'nanə"@als	<http://ids.clld.org/values/8-840-205-1>		<http://ids.clld.org/parameters/8-840>		<http://ids.clld.org/values/8-840-261-1>		"-'apoe"@brg	
"'unə"@als	<http://ids.clld.org/values/2-910-205-1>		<http://ids.clld.org/parameters/2-910>		<http://ids.clld.org/values/2-910-261-3>		"n-ti"@brg	
"'unə"@als	<http://ids.clld.org/values/2-910-205-1>		<http://ids.clld.org/parameters/2-910>		<http://ids.clld.org/values/2-910-261-1>		"ni-"@brg	
"pi'per"@als	<http://ids.clld.org/values/5-820-205-1>		<http://ids.clld.org/parameters/5-820>		<http://ids.clld.org/values/5-820-261-1>		"'yiti"@brg	
"'kʸafə"@als	<http://ids.clld.org/values/4-280-205-1>		<http://ids.clld.org/parameters/4-280>		<http://ids.clld.org/values/4-280-261-3>		"ni-'pi-h"@brg	
"'kʸafə"@als	<http://ids.clld.org/values/4-280-205-1>		<http://ids.clld.org/parameters/4-280>		<http://ids.clld.org/values/4-280-261-1>		"-pi-h"@brg	
"'kʸafə"@als	<http://ids.clld.org/values/4-280-205-1>		<http://ids.clld.org/parameters/4-280>		<http://ids.clld.org/values/4-280-261-5>		"-ča'no-ki"@brg	
"flʸet'rac̷"@als	<http://ids.clld.org/values/3-591-205-5>		<http://ids.clld.org/parameters/3-591>		<http://ids.clld.org/values/3-591-261-1>		"βi'te-ṛ̌"@brg	
"ɲe'ri"@als	<http://ids.clld.org/values/2-100-205-1>		<http://ids.clld.org/parameters/2-100>		<http://ids.clld.org/values/2-100-261-1>		"'či-n-ti"@brg	
"ɲe'ri"@als	<http://ids.clld.org/values/2-100-205-1>		<http://ids.clld.org/parameters/2-100>		<http://ids.clld.org/values/2-100-261-3>		"čonoe-"@brg	
"'krüe"@als	<http://ids.clld.org/values/19-240-205-1>		<http://ids.clld.org/parameters/19-240>		<http://ids.clld.org/values/19-240-261-1>		"rom"@brg	
"də'gʸon"@als	<http://ids.clld.org/values/15-410-205-1>		<http://ids.clld.org/parameters/15-410>		<http://ids.clld.org/values/15-410-261-1>		"-som-"@brg	
"də'gʸon"@als	<http://ids.clld.org/values/15-410-205-1>		<http://ids.clld.org/parameters/15-410>		<http://ids.clld.org/values/15-410-261-3>		"ṛ̌i-'somopoek"@brg	
"'uyə"@als	<http://ids.clld.org/values/1-310-205-1>		<http://ids.clld.org/parameters/1-310>		<http://ids.clld.org/values/1-310-261-1>		"in"@brg	
"'breškə"@als	<http://ids.clld.org/values/3-980-205-1>		<http://ids.clld.org/parameters/3-980>		<http://ids.clld.org/values/3-980-261-1>		"so'pi-ṛ̌"@brg	
"'pulʸə"@als	<http://ids.clld.org/values/3-550-205-1>		<http://ids.clld.org/parameters/3-550>		<http://ids.clld.org/values/3-550-261-1>		"'tipoṛ̌ek"@brg	
"'gʸüše"@als	<http://ids.clld.org/values/2-470-205-1>		<http://ids.clld.org/parameters/2-470>		<http://ids.clld.org/values/2-470-261-1>		"-os"@brg	
"pic̷'katə"@als	<http://ids.clld.org/values/3-832-205-3>		<http://ids.clld.org/parameters/3-832>		<http://ids.clld.org/values/3-832-261-1>		"ni"@brg	
"kur"@als	<http://ids.clld.org/values/17-650-205-1>		<http://ids.clld.org/parameters/17-650>		<http://ids.clld.org/values/17-650-261-1>		"kaeerapoka"@brg	
"θot"@als	<http://ids.clld.org/values/18-220-205-1>		<http://ids.clld.org/parameters/18-220>		<http://ids.clld.org/values/18-220-261-1>		"'k-ičo"@brg	
"i'lʸač"@als	<http://ids.clld.org/values/4-880-205-1>		<http://ids.clld.org/parameters/4-880>		<http://ids.clld.org/values/4-880-261-1>		"we'ṛ̌ok"@brg	
"lʸarg"@als	<http://ids.clld.org/values/12-440-205-1>		<http://ids.clld.org/parameters/12-440>		<http://ids.clld.org/values/12-440-261-1>		"a'βe-"@brg	
"ngʸeš"@als	<http://ids.clld.org/values/9-343-205-7>		<http://ids.clld.org/parameters/9-343>		<http://ids.clld.org/values/9-343-261-1>		"'ko-piti-"@brg	
"ngʸeš"@als	<http://ids.clld.org/values/9-343-205-7>		<http://ids.clld.org/parameters/9-343>		<http://ids.clld.org/values/9-343-261-3>		"su'ipistakapa"@brg	
"ba'ba"@als	<http://ids.clld.org/values/2-350-205-1>		<http://ids.clld.org/parameters/2-350>		<http://ids.clld.org/values/2-350-261-3>		"čač"@brg	
"ba'ba"@als	<http://ids.clld.org/values/2-350-205-1>		<http://ids.clld.org/parameters/2-350>		<http://ids.clld.org/values/2-350-261-1>		"-i'a"@brg	
"lʸart"@als	<http://ids.clld.org/values/12-80-205-7>		<http://ids.clld.org/parameters/12-80>		<http://ids.clld.org/values/12-80-261-1>		"a'ni-ye"@brg	
"'grac̷kə"@als	<http://ids.clld.org/values/20-640-205-1>		<http://ids.clld.org/parameters/20-640>		<http://ids.clld.org/values/20-640-261-1>		"siṛ̌ia'mok"@brg	
"pər'mbi"@als	<http://ids.clld.org/values/12-80-205-3>		<http://ids.clld.org/parameters/12-80>		<http://ids.clld.org/values/12-80-261-1>		"a'ni-ye"@brg	
"bret'koc̷ə"@als	<http://ids.clld.org/values/3-950-205-1>		<http://ids.clld.org/parameters/3-950>		<http://ids.clld.org/values/3-950-261-1>		"si'poṛ̌i"@brg	
"yu"@als	<http://ids.clld.org/values/2-950-205-1>		<http://ids.clld.org/parameters/2-950>		<http://ids.clld.org/values/2-950-261-1>		"yi-'ti"@brg	
"bie"@als	<http://ids.clld.org/values/10-230-205-1>		<http://ids.clld.org/parameters/10-230>		<http://ids.clld.org/values/10-230-261-1>		"nesta'paika"@brg	
"'pendə"@als	<http://ids.clld.org/values/4-393-205-1>		<http://ids.clld.org/parameters/4-393>		<http://ids.clld.org/values/4-393-261-1>		"e'sis"@brg	
"lʸo'dron"@als	<http://ids.clld.org/values/16-260-205-3>		<http://ids.clld.org/parameters/16-260>		<http://ids.clld.org/values/16-260-261-1>		"ṛ̌o'ponič"@brg	
"er̃a'sirə"@als	<http://ids.clld.org/values/1-620-205-3>		<http://ids.clld.org/parameters/1-620>		<http://ids.clld.org/values/1-620-261-3>		"ha'mo-ṛ̌e"@brg	
"er̃a'sirə"@als	<http://ids.clld.org/values/1-620-205-3>		<http://ids.clld.org/parameters/1-620>		<http://ids.clld.org/values/1-620-261-1>		"ha'moṛ̌en"@brg	
"'zero"@als	<http://ids.clld.org/values/13-0-205-1>		<http://ids.clld.org/parameters/13-0>		<http://ids.clld.org/values/13-0-261-1>		"'inkaw ~ 'onkaw"@brg	
"'uðə"@als	<http://ids.clld.org/values/10-720-205-3>		<http://ids.clld.org/parameters/10-720>		<http://ids.clld.org/values/10-720-261-1>		"ša'no-ki"@brg	
"ka"@als	<http://ids.clld.org/values/3-220-205-1>		<http://ids.clld.org/parameters/3-220>		<http://ids.clld.org/values/3-220-261-1>		"[wiye]"@brg	
"šok"@als	<http://ids.clld.org/values/19-510-205-3>		<http://ids.clld.org/parameters/19-510>		<http://ids.clld.org/values/19-510-261-1>		"ni'toṛ̌i"@brg	
"'brenda"@als	<http://ids.clld.org/values/12-50-205-1>		<http://ids.clld.org/parameters/12-50>		<http://ids.clld.org/values/12-50-261-1>		"-ye"@brg	
"'klukə"@als	<http://ids.clld.org/values/3-550-205-3>		<http://ids.clld.org/parameters/3-550>		<http://ids.clld.org/values/3-550-261-1>		"'tipoṛ̌ek"@brg	
"'afər"@als	<http://ids.clld.org/values/12-430-205-1>		<http://ids.clld.org/parameters/12-430>		<http://ids.clld.org/values/12-430-261-1>		"a'ne-kon"@brg	
"bər̃ül"@als	<http://ids.clld.org/values/4-320-205-1>		<http://ids.clld.org/parameters/4-320>		<http://ids.clld.org/values/4-320-261-1>		"nito'taki"@brg	
"lʸeš"@als	<http://ids.clld.org/values/4-140-205-3>		<http://ids.clld.org/parameters/4-140>		<http://ids.clld.org/values/4-140-261-3>		"ni-'čahaih"@brg	
"lʸeš"@als	<http://ids.clld.org/values/4-140-205-3>		<http://ids.clld.org/parameters/4-140>		<http://ids.clld.org/values/4-140-261-1>		"-ča-"@brg	
"kroko'dilʸ"@als	<http://ids.clld.org/values/3-970-205-1>		<http://ids.clld.org/parameters/3-970>		<http://ids.clld.org/values/3-970-261-1>		"kahire"@brg	
"'bie"@als	<http://ids.clld.org/values/10-620-205-3>		<http://ids.clld.org/parameters/10-620>		<http://ids.clld.org/values/10-620-261-1>		"'amo(n-)"@brg	
"'teša"@als	<http://ids.clld.org/values/6-120-205-3>		<http://ids.clld.org/parameters/6-120>		<http://ids.clld.org/values/6-120-261-1>		"ra'roni"@brg	
"a'ta"@als	<http://ids.clld.org/values/2-960-205-1>		<http://ids.clld.org/parameters/2-960>		<http://ids.clld.org/values/2-960-261-1>		"no-'ti"@brg	
"i 'rəndə"@als	<http://ids.clld.org/values/15-810-205-1>		<http://ids.clld.org/parameters/15-810>		<http://ids.clld.org/values/15-810-261-3>		"kohino-kon"@brg	
"i 'rəndə"@als	<http://ids.clld.org/values/15-810-205-1>		<http://ids.clld.org/parameters/15-810>		<http://ids.clld.org/values/15-810-261-1>		"-'hi-no-"@brg	
"'pemə"@als	<http://ids.clld.org/values/5-710-205-3>		<http://ids.clld.org/parameters/5-710>		<http://ids.clld.org/values/5-710-261-1>		"-i"@brg	
"vyen"@als	<http://ids.clld.org/values/10-480-205-1>		<http://ids.clld.org/parameters/10-480>		<http://ids.clld.org/values/10-480-261-1>		"-piko-w"@brg	
"früt"@als	<http://ids.clld.org/values/5-710-205-1>		<http://ids.clld.org/parameters/5-710>		<http://ids.clld.org/values/5-710-261-1>		"-i"@brg	
"vegš"@als	<http://ids.clld.org/values/5-260-205-3>		<http://ids.clld.org/parameters/5-260>		<http://ids.clld.org/values/5-260-261-3>		"keheβi"@brg	
"vegš"@als	<http://ids.clld.org/values/5-260-205-3>		<http://ids.clld.org/parameters/5-260>		<http://ids.clld.org/values/5-260-261-1>		"'hopi"@brg	
"i lʸig"@als	<http://ids.clld.org/values/16-720-205-3>		<http://ids.clld.org/parameters/16-720>		<http://ids.clld.org/values/16-720-261-1>		"me'hewokon"@brg	
"diel"@als	<http://ids.clld.org/values/1-520-205-1>		<http://ids.clld.org/parameters/1-520>		<http://ids.clld.org/values/1-520-261-1>		"se-s"@brg	
"gə'zof"@als	<http://ids.clld.org/values/6-280-205-1>		<http://ids.clld.org/parameters/6-280>		<http://ids.clld.org/values/6-280-261-1>		"-ša"@brg	
"muškə'ri"@als	<http://ids.clld.org/values/4-441-205-1>		<http://ids.clld.org/parameters/4-441>		<http://ids.clld.org/values/4-441-261-1>		"ta'ha"@brg	
"'farə"@als	<http://ids.clld.org/values/8-311-205-1>		<http://ids.clld.org/parameters/8-311>		<http://ids.clld.org/values/8-311-261-1>		"e'so-ki"@brg	
"'lʸuan"@als	<http://ids.clld.org/values/16-260-205-1>		<http://ids.clld.org/parameters/16-260>		<http://ids.clld.org/values/16-260-261-1>		"ṛ̌o'ponič"@brg	
"vdes"@als	<http://ids.clld.org/values/4-750-205-1>		<http://ids.clld.org/parameters/4-750>		<http://ids.clld.org/values/4-750-261-3>		"ṛ̌e'pen"@brg	
"vdes"@als	<http://ids.clld.org/values/4-750-205-1>		<http://ids.clld.org/parameters/4-750>		<http://ids.clld.org/values/4-750-261-1>		"-e'pe-"@brg	
"'kʸime"@als	<http://ids.clld.org/values/4-144-205-3>		<http://ids.clld.org/parameters/4-144>		<http://ids.clld.org/values/4-144-261-1>		"-i'ša"@brg	
"du'han"@als	<http://ids.clld.org/values/8-680-205-1>		<http://ids.clld.org/parameters/8-680>		<http://ids.clld.org/values/8-680-261-1>		"son"@brg	
"bri"@als	<http://ids.clld.org/values/4-170-205-1>		<http://ids.clld.org/parameters/4-170>		<http://ids.clld.org/values/4-170-261-1>		"e'hi"@brg	
"pər'poš"@als	<http://ids.clld.org/values/12-70-205-1>		<http://ids.clld.org/parameters/12-70>		<http://ids.clld.org/values/12-70-261-1>		"a'piye"@brg	
"'lʸürə"@als	<http://ids.clld.org/values/5-791-205-3>		<http://ids.clld.org/parameters/5-791>		<http://ids.clld.org/values/5-791-261-1>		"ro'kamokow"@brg	
"i kukʸ"@als	<http://ids.clld.org/values/15-660-205-1>		<http://ids.clld.org/parameters/15-660>		<http://ids.clld.org/values/15-660-261-1>		"moro'sero-"@brg	
"a'i"@als	<http://ids.clld.org/values/2-930-205-1>		<http://ids.clld.org/parameters/2-930>		<http://ids.clld.org/values/2-930-261-3>		"ṛ̌i-'ti"@brg	
"a'i"@als	<http://ids.clld.org/values/2-930-205-1>		<http://ids.clld.org/parameters/2-930>		<http://ids.clld.org/values/2-930-261-1>		"ṛ̌o-'ti"@brg	
"kʸü'mür"@als	<http://ids.clld.org/values/1-890-205-1>		<http://ids.clld.org/parameters/1-890>		<http://ids.clld.org/values/1-890-261-1>		"emones"@brg	
"bark"@als	<http://ids.clld.org/values/4-460-205-1>		<http://ids.clld.org/parameters/4-460>		<http://ids.clld.org/values/4-460-261-1>		"-'he-ki"@brg	
"bark"@als	<http://ids.clld.org/values/4-460-205-1>		<http://ids.clld.org/parameters/4-460>		<http://ids.clld.org/values/4-460-261-3>		"ničo'koki"@brg	
"čdo"@als	<http://ids.clld.org/values/13-140-205-1>		<http://ids.clld.org/parameters/13-140>		<http://ids.clld.org/values/13-140-261-1>		"pon"@brg	
"sto'mak"@als	<http://ids.clld.org/values/4-460-205-3>		<http://ids.clld.org/parameters/4-460>		<http://ids.clld.org/values/4-460-261-1>		"-'he-ki"@brg	
"sto'mak"@als	<http://ids.clld.org/values/4-460-205-3>		<http://ids.clld.org/parameters/4-460>		<http://ids.clld.org/values/4-460-261-3>		"ničo'koki"@brg	
"lʸan"@als	<http://ids.clld.org/values/9-360-205-1>		<http://ids.clld.org/parameters/9-360>		<http://ids.clld.org/values/9-360-261-1>		"-'sipa"@brg	
"'bletə"@als	<http://ids.clld.org/values/3-820-205-1>		<http://ids.clld.org/parameters/3-820>		<http://ids.clld.org/values/3-820-261-1>		"yomo'ep"@brg	
"'bur̃ə"@als	<http://ids.clld.org/values/2-210-205-1>		<http://ids.clld.org/parameters/2-210>		<http://ids.clld.org/values/2-210-261-1>		"hi-ṛ̌"@brg	
"'r̃ugə"@als	<http://ids.clld.org/values/10-710-205-1>		<http://ids.clld.org/parameters/10-710>		<http://ids.clld.org/values/10-710-261-3>		"ša'no-ki"@brg	
"'r̃ugə"@als	<http://ids.clld.org/values/10-710-205-1>		<http://ids.clld.org/parameters/10-710>		<http://ids.clld.org/values/10-710-261-1>		"šo-'no-"@brg	
"'krefəz"@als	<http://ids.clld.org/values/20-640-205-5>		<http://ids.clld.org/parameters/20-640>		<http://ids.clld.org/values/20-640-261-1>		"siṛ̌ia'mok"@brg	
"'kθetər"@als	<http://ids.clld.org/values/4-345-205-1>		<http://ids.clld.org/parameters/4-345>		<http://ids.clld.org/values/4-345-261-1>		"e'tip"@brg	
"'žabə"@als	<http://ids.clld.org/values/3-950-205-5>		<http://ids.clld.org/parameters/3-950>		<http://ids.clld.org/values/3-950-261-1>		"si'poṛ̌i"@brg	
"špi"@als	<http://ids.clld.org/values/7-120-205-3>		<http://ids.clld.org/parameters/7-120>		<http://ids.clld.org/values/7-120-261-5>		"-den-pe-n"@brg	
"špi"@als	<http://ids.clld.org/values/7-120-205-3>		<http://ids.clld.org/parameters/7-120>		<http://ids.clld.org/values/7-120-261-3>		"-'we-ṛ̌"@brg	
"špi"@als	<http://ids.clld.org/values/7-120-205-3>		<http://ids.clld.org/parameters/7-120>		<http://ids.clld.org/values/7-120-261-1>		"'pa-ṛ̌i"@brg	
"'frikə"@als	<http://ids.clld.org/values/16-530-205-1>		<http://ids.clld.org/parameters/16-530>		<http://ids.clld.org/values/16-530-261-1>		"-pi-"@brg	
"'frikə"@als	<http://ids.clld.org/values/16-530-205-1>		<http://ids.clld.org/parameters/16-530>		<http://ids.clld.org/values/16-530-261-3>		"'ni-piko-w"@brg	
"r̃ə'zohet"@als	<http://ids.clld.org/values/10-230-205-5>		<http://ids.clld.org/parameters/10-230>		<http://ids.clld.org/values/10-230-261-1>		"nesta'paika"@brg	
"muš'koɲə"@als	<http://ids.clld.org/values/3-832-205-1>		<http://ids.clld.org/parameters/3-832>		<http://ids.clld.org/values/3-832-261-1>		"ni"@brg	
"i 'vogəlʸ"@als	<http://ids.clld.org/values/12-560-205-1>		<http://ids.clld.org/parameters/12-560>		<http://ids.clld.org/values/12-560-261-5>		"ti'ʔa-ci"@brg	
"i 'vogəlʸ"@als	<http://ids.clld.org/values/12-560-205-1>		<http://ids.clld.org/parameters/12-560>		<http://ids.clld.org/values/12-560-261-3>		"'mičokiṛ̌i"@brg	
"i 'vogəlʸ"@als	<http://ids.clld.org/values/12-560-205-1>		<http://ids.clld.org/parameters/12-560>		<http://ids.clld.org/values/12-560-261-1>		"-či"@brg	
"i 'barðə"@als	<http://ids.clld.org/values/15-640-205-1>		<http://ids.clld.org/parameters/15-640>		<http://ids.clld.org/values/15-640-261-1>		"kotipo'pin"@brg	
"za'nat"@als	<http://ids.clld.org/values/19-610-205-5>		<http://ids.clld.org/parameters/19-610>		<http://ids.clld.org/values/19-610-261-1>		"-'rapi"@brg	
"golo'meš"@als	<http://ids.clld.org/values/3-591-205-3>		<http://ids.clld.org/parameters/3-591>		<http://ids.clld.org/values/3-591-261-1>		"βi'te-ṛ̌"@brg	
"ǰa'ǰa"@als	<http://ids.clld.org/values/2-510-205-1>		<http://ids.clld.org/parameters/2-510>		<http://ids.clld.org/values/2-510-261-1>		"kik"@brg	
"süz"@als	<http://ids.clld.org/values/1-540-205-3>		<http://ids.clld.org/parameters/1-540>		<http://ids.clld.org/values/1-540-261-1>		"wa'his"@brg	
"r̃ufe"@als	<http://ids.clld.org/values/1-570-205-1>		<http://ids.clld.org/parameters/1-570>		<http://ids.clld.org/values/1-570-261-1>		"ṛ̌o'čomoṛ̌omoṛ̌eow"@brg	
"nən"@als	<http://ids.clld.org/values/12-70-205-3>		<http://ids.clld.org/parameters/12-70>		<http://ids.clld.org/values/12-70-261-1>		"a'piye"@brg	
"ku"@als	<http://ids.clld.org/values/17-660-205-1>		<http://ids.clld.org/parameters/17-660>		<http://ids.clld.org/values/17-660-261-3>		"ṛ̌a'βiyowon?"@brg	
"ku"@als	<http://ids.clld.org/values/17-660-205-1>		<http://ids.clld.org/parameters/17-660>		<http://ids.clld.org/values/17-660-261-1>		"oypoka"@brg	
"'fošɲə"@als	<http://ids.clld.org/values/2-280-205-1>		<http://ids.clld.org/parameters/2-280>		<http://ids.clld.org/values/2-280-261-1>		"'monči"@brg	
"'baθə"@als	<http://ids.clld.org/values/5-660-205-1>		<http://ids.clld.org/parameters/5-660>		<http://ids.clld.org/values/5-660-261-1>		"či'čoṛ̌op"@brg	
"škon"@als	<http://ids.clld.org/values/10-470-205-1>		<http://ids.clld.org/parameters/10-470>		<http://ids.clld.org/values/10-470-261-1>		"-yono-w"@brg	
"pelg"@als	<http://ids.clld.org/values/1-341-205-1>		<http://ids.clld.org/parameters/1-341>		<http://ids.clld.org/values/1-341-261-1>		"'aki"@brg	
"hua'zon"@als	<http://ids.clld.org/values/11-620-205-3>		<http://ids.clld.org/parameters/11-620>		<http://ids.clld.org/values/11-620-261-1>		"kopo'e-"@brg	
"hi"@als	<http://ids.clld.org/values/1-840-205-1>		<http://ids.clld.org/parameters/1-840>		<http://ids.clld.org/values/1-840-261-1>		"po'ip"@brg	
"'θua"@als	<http://ids.clld.org/values/4-344-205-1>		<http://ids.clld.org/parameters/4-344>		<http://ids.clld.org/values/4-344-261-1>		"n-i'tip"@brg	
"'balə"@als	<http://ids.clld.org/values/4-205-205-1>		<http://ids.clld.org/parameters/4-205>		<http://ids.clld.org/values/4-205-261-1>		"ni'panoṛ̌"@brg	
"škak'ton"@als	<http://ids.clld.org/values/17-420-205-1>		<http://ids.clld.org/parameters/17-420>		<http://ids.clld.org/values/17-420-261-3>		"imo-"@brg	
"škak'ton"@als	<http://ids.clld.org/values/17-420-205-1>		<http://ids.clld.org/parameters/17-420>		<http://ids.clld.org/values/17-420-261-1>		"i-"@brg	
"kʸən'dron"@als	<http://ids.clld.org/values/12-150-205-1>		<http://ids.clld.org/parameters/12-150>		<http://ids.clld.org/values/12-150-261-1>		"-šom"@brg	
"tra'pezə"@als	<http://ids.clld.org/values/7-440-205-3>		<http://ids.clld.org/parameters/7-440>		<http://ids.clld.org/values/7-440-261-1>		"[mes]"@brg	
"lʸo'patə"@als	<http://ids.clld.org/values/10-851-205-1>		<http://ids.clld.org/parameters/10-851>		<http://ids.clld.org/values/10-851-261-1>		"'haβi"@brg	
