"i 'vdekur"@als	<http://ids.clld.org/values/4-750-205-5>		<http://ids.clld.org/parameters/4-750>		<http://ids.clld.org/values/4-750-232-1>		"'ʔatmin-"@cjh	
"štrat"@als	<http://ids.clld.org/values/7-420-205-3>		<http://ids.clld.org/parameters/7-420>		<http://ids.clld.org/values/7-420-232-1>		"c̷ə'kʷi-"@cjh	
"'degə"@als	<http://ids.clld.org/values/8-550-205-1>		<http://ids.clld.org/parameters/8-550>		<http://ids.clld.org/values/8-550-232-1>		"'čˀālˀaš-"@cjh	
"bri"@als	<http://ids.clld.org/values/12-20-205-3>		<http://ids.clld.org/parameters/12-20>		<http://ids.clld.org/values/12-20-232-1>		"'pˀən-"@cjh	
"ko'let"@als	<http://ids.clld.org/values/4-530-205-1>		<http://ids.clld.org/parameters/4-530>		<http://ids.clld.org/values/4-530-232-1>		"'χʷōʔi-"@cjh	
"pas'dite"@als	<http://ids.clld.org/values/14-451-205-3>		<http://ids.clld.org/parameters/14-451>		<http://ids.clld.org/values/14-451-232-1>		"ɬu'kʷaɬ"@cjh	
"gʸu"@als	<http://ids.clld.org/values/4-360-205-1>		<http://ids.clld.org/parameters/4-360>		<http://ids.clld.org/values/4-360-232-1>		"ta'nˀis-"@cjh	
"čə'ulʸ"@als	<http://ids.clld.org/values/4-207-205-3>		<http://ids.clld.org/parameters/4-207>		<http://ids.clld.org/values/4-207-232-1>		"'ḳəl-"@cjh	
"i 'šurðət"@als	<http://ids.clld.org/values/4-950-205-1>		<http://ids.clld.org/parameters/4-950>		<http://ids.clld.org/values/4-950-232-1>		"'təḳ-"@cjh	
"ha'va"@als	<http://ids.clld.org/values/1-510-205-3>		<http://ids.clld.org/parameters/1-510>		<http://ids.clld.org/values/1-510-232-1>		"ɬt-"@cjh	
"štrat"@als	<http://ids.clld.org/values/12-340-205-3>		<http://ids.clld.org/parameters/12-340>		<http://ids.clld.org/values/12-340-232-1>		"'nuw-"@cjh	
"sə'mundye"@als	<http://ids.clld.org/values/4-840-205-3>		<http://ids.clld.org/parameters/4-840>		<http://ids.clld.org/values/4-840-232-3>		"'tač"@cjh	
"sə'mundye"@als	<http://ids.clld.org/values/4-840-205-3>		<http://ids.clld.org/parameters/4-840>		<http://ids.clld.org/values/4-840-232-1>		"'ɬəčˀ"@cjh	
"sə'mundye"@als	<http://ids.clld.org/values/4-840-205-3>		<http://ids.clld.org/parameters/4-840>		<http://ids.clld.org/values/4-840-232-5>		"χaw-"@cjh	
"'aškə"@als	<http://ids.clld.org/values/4-213-205-3>		<http://ids.clld.org/parameters/4-213>		<http://ids.clld.org/values/4-213-232-1>		"'šic̷-"@cjh	
"kʸin"@als	<http://ids.clld.org/values/4-670-205-1>		<http://ids.clld.org/parameters/4-670>		<http://ids.clld.org/values/4-670-232-3>		"'yōmi-"@cjh	
"kʸin"@als	<http://ids.clld.org/values/4-670-205-1>		<http://ids.clld.org/parameters/4-670>		<http://ids.clld.org/values/4-670-232-1>		"c̷a'kʷu-"@cjh	
"'mitər"@als	<http://ids.clld.org/values/4-470-205-3>		<http://ids.clld.org/parameters/4-470>		<http://ids.clld.org/values/4-470-232-1>		"'manˀ"@cjh	
"'goyə"@als	<http://ids.clld.org/values/4-240-205-1>		<http://ids.clld.org/parameters/4-240>		<http://ids.clld.org/values/4-240-232-1>		"ḳə'nuš-"@cjh	
"ku'fi"@als	<http://ids.clld.org/values/19-170-205-1>		<http://ids.clld.org/parameters/19-170>		<http://ids.clld.org/values/19-170-232-1>		"'tˀanimi-"@cjh	
"'biz"@als	<http://ids.clld.org/values/6-370-205-1>		<http://ids.clld.org/parameters/6-370>		<http://ids.clld.org/values/6-370-232-1>		"makʷ-"@cjh	
"gʸak"@als	<http://ids.clld.org/values/4-150-205-1>		<http://ids.clld.org/parameters/4-150>		<http://ids.clld.org/values/4-150-232-1>		"ḳʷi'li(m)-"@cjh	
"'varkə"@als	<http://ids.clld.org/values/10-830-205-1>		<http://ids.clld.org/parameters/10-830>		<http://ids.clld.org/values/10-830-232-1>		"'put"@cjh	
"bišə"@als	<http://ids.clld.org/values/3-110-205-3>		<http://ids.clld.org/parameters/3-110>		<http://ids.clld.org/values/3-110-232-1>		"'χəs"@cjh	
"gʸüšər"@als	<http://ids.clld.org/values/2-560-205-3>		<http://ids.clld.org/parameters/2-560>		<http://ids.clld.org/values/2-560-232-1>		"'tulap-"@cjh	
"'blʸudə"@als	<http://ids.clld.org/values/5-330-205-5>		<http://ids.clld.org/parameters/5-330>		<http://ids.clld.org/values/5-330-232-1>		"c̷ə'kʷi-"@cjh	
"e"@als	<http://ids.clld.org/values/17-510-205-1>		<http://ids.clld.org/parameters/17-510>		<http://ids.clld.org/values/17-510-232-1>		"ča"@cjh	
"e"@als	<http://ids.clld.org/values/17-510-205-1>		<http://ids.clld.org/parameters/17-510>		<http://ids.clld.org/values/17-510-232-3>		"pəs"@cjh	
"sulʸ'mon"@als	<http://ids.clld.org/values/20-430-205-1>		<http://ids.clld.org/parameters/20-430>		<http://ids.clld.org/values/20-430-232-1>		"ḳa'li-"@cjh	
"'botə"@als	<http://ids.clld.org/values/1-100-205-1>		<http://ids.clld.org/parameters/1-100>		<http://ids.clld.org/values/1-100-232-1>		"tə'miš-"@cjh	
"tru"@als	<http://ids.clld.org/values/4-203-205-1>		<http://ids.clld.org/parameters/4-203>		<http://ids.clld.org/values/4-203-232-1>		"tɬˀa'laš"@cjh	
"tru"@als	<http://ids.clld.org/values/4-203-205-1>		<http://ids.clld.org/parameters/4-203>		<http://ids.clld.org/values/4-203-232-3>		"'yəc̷ḳ-"@cjh	
"'vetul"@als	<http://ids.clld.org/values/4-212-205-1>		<http://ids.clld.org/parameters/4-212>		<http://ids.clld.org/values/4-212-232-1>		"'c̷um-"@cjh	
"sup"@als	<http://ids.clld.org/values/4-300-205-1>		<http://ids.clld.org/parameters/4-300>		<http://ids.clld.org/values/4-300-232-1>		"'tˀəčˀ-"@cjh	
"vend"@als	<http://ids.clld.org/values/19-110-205-1>		<http://ids.clld.org/parameters/19-110>		<http://ids.clld.org/values/19-110-232-1>		"tə'miš-"@cjh	
"zog"@als	<http://ids.clld.org/values/3-581-205-1>		<http://ids.clld.org/parameters/3-581>		<http://ids.clld.org/values/3-581-232-1>		"'pēps-"@cjh	
"'pluhur"@als	<http://ids.clld.org/values/1-213-205-1>		<http://ids.clld.org/parameters/1-213>		<http://ids.clld.org/values/1-213-232-1>		"tɬˀə'səḳʷ-"@cjh	
"ku'fomə"@als	<http://ids.clld.org/values/4-770-205-1>		<http://ids.clld.org/parameters/4-770>		<http://ids.clld.org/values/4-770-232-1>		"'makʷˀt"@cjh	
"'mbütet"@als	<http://ids.clld.org/values/5-190-205-1>		<http://ids.clld.org/parameters/5-190>		<http://ids.clld.org/values/5-190-232-3>		"'ḳəḳ-"@cjh	
"'mbütet"@als	<http://ids.clld.org/values/5-190-205-1>		<http://ids.clld.org/parameters/5-190>		<http://ids.clld.org/values/5-190-232-1>		"'mic̷ˀi-"@cjh	
"breg'det"@als	<http://ids.clld.org/values/1-270-205-3>		<http://ids.clld.org/parameters/1-270>		<http://ids.clld.org/values/1-270-232-3>		"tˀəmš-"@cjh	
"breg'det"@als	<http://ids.clld.org/values/1-270-205-3>		<http://ids.clld.org/parameters/1-270>		<http://ids.clld.org/values/1-270-232-1>		"'šəm-"@cjh	
"breg'det"@als	<http://ids.clld.org/values/1-270-205-3>		<http://ids.clld.org/parameters/1-270>		<http://ids.clld.org/values/1-270-232-5>		"'yəl-"@cjh	
"'c̷ulə"@als	<http://ids.clld.org/values/4-460-205-7>		<http://ids.clld.org/parameters/4-460>		<http://ids.clld.org/values/4-460-232-1>		"'tɬˀač"@cjh	
"'c̷ulə"@als	<http://ids.clld.org/values/4-460-205-7>		<http://ids.clld.org/parameters/4-460>		<http://ids.clld.org/values/4-460-232-3>		"'kʷˀasin-"@cjh	
"'c̷ulə"@als	<http://ids.clld.org/values/4-460-205-7>		<http://ids.clld.org/parameters/4-460>		<http://ids.clld.org/values/4-460-232-5>		"'tawˀ"@cjh	
"'sipər"@als	<http://ids.clld.org/values/12-80-205-5>		<http://ids.clld.org/parameters/12-80>		<http://ids.clld.org/values/12-80-232-1>		"'tɬˀukʷˀ"@cjh	
"milin'gonə"@als	<http://ids.clld.org/values/3-817-205-1>		<http://ids.clld.org/parameters/3-817>		<http://ids.clld.org/values/3-817-232-1>		"c̷ˀ'skiyaḳ-"@cjh	
"'fušə"@als	<http://ids.clld.org/values/1-230-205-1>		<http://ids.clld.org/parameters/1-230>		<http://ids.clld.org/values/1-230-232-1>		"'maḳʷam-"@cjh	
"ndri'c̷im"@als	<http://ids.clld.org/values/1-610-205-3>		<http://ids.clld.org/parameters/1-610>		<http://ids.clld.org/values/1-610-232-1>		"ḳə'ləχ-"@cjh	
"uyθ"@als	<http://ids.clld.org/values/4-857-205-1>		<http://ids.clld.org/parameters/4-857>		<http://ids.clld.org/values/4-857-232-1>		"'təmn-"@cjh	
"mes"@als	<http://ids.clld.org/values/12-370-205-1>		<http://ids.clld.org/parameters/12-370>		<http://ids.clld.org/values/12-370-232-1>		"'kʷac̷-"@cjh	
"tmer̃"@als	<http://ids.clld.org/values/16-530-205-3>		<http://ids.clld.org/parameters/16-530>		<http://ids.clld.org/values/16-530-232-1>		"ḳʷa'nu-"@cjh	
"ðe"@als	<http://ids.clld.org/values/1-210-205-3>		<http://ids.clld.org/parameters/1-210>		<http://ids.clld.org/values/1-210-232-1>		"tə'miš-"@cjh	
"miria'podə"@als	<http://ids.clld.org/values/3-814-205-3>		<http://ids.clld.org/parameters/3-814>		<http://ids.clld.org/values/3-814-232-1>		"'ʔaxʷpˀaḳˀimɬn"@cjh	
"go'dit"@als	<http://ids.clld.org/values/9-440-205-3>		<http://ids.clld.org/parameters/9-440>		<http://ids.clld.org/values/9-440-232-1>		"ḳˀə'laχanˀ"@cjh	
"'tokə"@als	<http://ids.clld.org/values/1-210-205-1>		<http://ids.clld.org/parameters/1-210>		<http://ids.clld.org/values/1-210-232-1>		"tə'miš-"@cjh	
"gišt i 'kəmbəs"@als	<http://ids.clld.org/values/4-380-205-1>		<http://ids.clld.org/parameters/4-380>		<http://ids.clld.org/values/4-380-232-1>		"šɬč'tunway-"@cjh	
"'zemər"@als	<http://ids.clld.org/values/4-440-205-1>		<http://ids.clld.org/parameters/4-440>		<http://ids.clld.org/values/4-440-232-1>		"'ḳʷəlam-"@cjh	
"də'r̃asə"@als	<http://ids.clld.org/values/7-570-205-1>		<http://ids.clld.org/parameters/7-570>		<http://ids.clld.org/values/7-570-232-1>		"siɬ-"@cjh	
"frün"@als	<http://ids.clld.org/values/10-380-205-1>		<http://ids.clld.org/parameters/10-380>		<http://ids.clld.org/values/10-380-232-1>		"'puxʷi-"@cjh	
"'pranə"@als	<http://ids.clld.org/values/12-20-205-1>		<http://ids.clld.org/parameters/12-20>		<http://ids.clld.org/values/12-20-232-1>		"'pˀən-"@cjh	
"šigʸetə"@als	<http://ids.clld.org/values/20-250-205-1>		<http://ids.clld.org/parameters/20-250>		<http://ids.clld.org/values/20-250-232-1>		"χəl'χaʔs-"@cjh	
"'kəmbə"@als	<http://ids.clld.org/values/4-350-205-1>		<http://ids.clld.org/parameters/4-350>		<http://ids.clld.org/values/4-350-232-1>		"'c̷ulis-"@cjh	
"'rərə"@als	<http://ids.clld.org/values/1-215-205-1>		<http://ids.clld.org/parameters/1-215>		<http://ids.clld.org/values/1-215-232-1>		"c̷ˀa'χæʔs"@cjh	
"'prekə"@als	<http://ids.clld.org/values/4-858-205-7>		<http://ids.clld.org/parameters/4-858>		<http://ids.clld.org/values/4-858-232-1>		"'ɬumi-"@cjh	
"küč i 'kəmbəs"@als	<http://ids.clld.org/values/4-371-205-7>		<http://ids.clld.org/parameters/4-371>		<http://ids.clld.org/values/4-371-232-1>		"ḳə'muχʷ-"@cjh	
"bagə'ti e 'trašə"@als	<http://ids.clld.org/values/3-200-205-3>		<http://ids.clld.org/parameters/3-200>		<http://ids.clld.org/values/3-200-232-1>		"'mus"@cjh	
"bata'niye"@als	<http://ids.clld.org/values/7-422-205-1>		<http://ids.clld.org/parameters/7-422>		<http://ids.clld.org/values/7-422-232-1>		"'ɬaχɬin-"@cjh	
"koš"@als	<http://ids.clld.org/values/9-760-205-3>		<http://ids.clld.org/parameters/9-760>		<http://ids.clld.org/values/9-760-232-1>		"'ḳāʔ"@cjh	
"lʸaku'rikʸ"@als	<http://ids.clld.org/values/4-990-205-1>		<http://ids.clld.org/parameters/4-990>		<http://ids.clld.org/values/4-990-232-1>		"mə'ləχʷ-"@cjh	
"büzü'lʸük"@als	<http://ids.clld.org/values/4-321-205-1>		<http://ids.clld.org/parameters/4-321>		<http://ids.clld.org/values/4-321-232-1>		"tˀa'las-"@cjh	
"su'tak"@als	<http://ids.clld.org/values/4-202-205-5>		<http://ids.clld.org/parameters/4-202>		<http://ids.clld.org/values/4-202-232-1>		"ḳə'ʔuḳʷlas-"@cjh	
"'teskə"@als	<http://ids.clld.org/values/9-251-205-5>		<http://ids.clld.org/parameters/9-251>		<http://ids.clld.org/values/9-251-232-1>		"'tɬˀəm-"@cjh	
"'kʸəfə"@als	<http://ids.clld.org/values/4-281-205-1>		<http://ids.clld.org/parameters/4-281>		<http://ids.clld.org/values/4-281-232-1>		"'ʔaw-"@cjh	
"füt"@als	<http://ids.clld.org/values/4-290-205-1>		<http://ids.clld.org/parameters/4-290>		<http://ids.clld.org/values/4-290-232-1>		"'məḳʷˀ-"@cjh	
"'r̃yepə"@als	<http://ids.clld.org/values/4-146-205-9>		<http://ids.clld.org/parameters/4-146>		<http://ids.clld.org/values/4-146-232-1>		"'ʔiɬn"@cjh	
"'pikʸet"@als	<http://ids.clld.org/values/5-240-205-3>		<http://ids.clld.org/parameters/5-240>		<http://ids.clld.org/values/5-240-232-3>		"c̷ˀa'χʷasi-"@cjh	
"'pikʸet"@als	<http://ids.clld.org/values/5-240-205-3>		<http://ids.clld.org/parameters/5-240>		<http://ids.clld.org/values/5-240-232-1>		"'ʔac̷aḳʷi-"@cjh	
"ül"@als	<http://ids.clld.org/values/1-540-205-1>		<http://ids.clld.org/parameters/1-540>		<http://ids.clld.org/values/1-540-232-1>		"'ḳilitin-"@cjh	
"'eškə"@als	<http://ids.clld.org/values/4-451-205-3>		<http://ids.clld.org/parameters/4-451>		<http://ids.clld.org/values/4-451-232-1>		"mə'tˀus-"@cjh	
"'guvə"@als	<http://ids.clld.org/values/1-280-205-3>		<http://ids.clld.org/parameters/1-280>		<http://ids.clld.org/values/1-280-232-1>		"ʔac̷'kʷˀalaxʷɬ"@cjh	
"mer̃ 'hua"@als	<http://ids.clld.org/values/11-620-205-1>		<http://ids.clld.org/parameters/11-620>		<http://ids.clld.org/values/11-620-232-1>		"'čōyaʔ"@cjh	
"gu'fim"@als	<http://ids.clld.org/values/4-853-205-5>		<http://ids.clld.org/parameters/4-853>		<http://ids.clld.org/values/4-853-232-1>		"pu'su-"@cjh	
"stuhi"@als	<http://ids.clld.org/values/1-580-205-1>		<http://ids.clld.org/parameters/1-580>		<http://ids.clld.org/values/1-580-232-1>		"'χəs"@cjh	
"i 'gʸalə"@als	<http://ids.clld.org/values/4-740-205-1>		<http://ids.clld.org/parameters/4-740>		<http://ids.clld.org/values/4-740-232-1>		"pˀa'luxʷ"@cjh	
"i 'gʸalə"@als	<http://ids.clld.org/values/4-740-205-1>		<http://ids.clld.org/parameters/4-740>		<http://ids.clld.org/values/4-740-232-3>		"'kʷaxʷ-"@cjh	
"lʸumə"@als	<http://ids.clld.org/values/1-360-205-1>		<http://ids.clld.org/parameters/1-360>		<http://ids.clld.org/values/1-360-232-1>		"'ḳāʔ"@cjh	
"lʸumə"@als	<http://ids.clld.org/values/1-360-205-1>		<http://ids.clld.org/parameters/1-360>		<http://ids.clld.org/values/1-360-232-3>		"'c̷apaš-"@cjh	
"lʸumə"@als	<http://ids.clld.org/values/1-360-205-1>		<http://ids.clld.org/parameters/1-360>		<http://ids.clld.org/values/1-360-232-5>		"'nəxʷ-"@cjh	
"lʸem'zon"@als	<http://ids.clld.org/values/4-521-205-1>		<http://ids.clld.org/parameters/4-521>		<http://ids.clld.org/values/4-521-232-1>		"'šəkʷˀiy-"@cjh	
"ðe"@als	<http://ids.clld.org/values/1-100-205-3>		<http://ids.clld.org/parameters/1-100>		<http://ids.clld.org/values/1-100-232-1>		"tə'miš-"@cjh	
"gʸi"@als	<http://ids.clld.org/values/4-410-205-1>		<http://ids.clld.org/parameters/4-410>		<http://ids.clld.org/values/4-410-232-1>		"c̷ˀa'mi-"@cjh	
"'kəmbə"@als	<http://ids.clld.org/values/4-370-205-1>		<http://ids.clld.org/parameters/4-370>		<http://ids.clld.org/values/4-370-232-3>		"'tawˀ"@cjh	
"'kəmbə"@als	<http://ids.clld.org/values/4-370-205-1>		<http://ids.clld.org/parameters/4-370>		<http://ids.clld.org/values/4-370-232-1>		"'c̷ulis-"@cjh	
"'kopsə"@als	<http://ids.clld.org/values/6-620-205-1>		<http://ids.clld.org/parameters/6-620>		<http://ids.clld.org/values/6-620-232-1>		"'ɬana-"@cjh	
"i zi"@als	<http://ids.clld.org/values/15-650-205-1>		<http://ids.clld.org/parameters/15-650>		<http://ids.clld.org/values/15-650-232-1>		"'nəḳ-"@cjh	
"brez"@als	<http://ids.clld.org/values/6-570-205-1>		<http://ids.clld.org/parameters/6-570>		<http://ids.clld.org/values/6-570-232-1>		"'tˀəḳ-"@cjh	
"bubu'limə"@als	<http://ids.clld.org/values/1-560-205-1>		<http://ids.clld.org/parameters/1-560>		<http://ids.clld.org/values/1-560-232-1>		"'tuḳʷ-"@cjh	
"'kokə"@als	<http://ids.clld.org/values/4-200-205-1>		<http://ids.clld.org/parameters/4-200>		<http://ids.clld.org/values/4-200-232-1>		"'matin-"@cjh	
"ep"@als	<http://ids.clld.org/values/9-140-205-1>		<http://ids.clld.org/parameters/9-140>		<http://ids.clld.org/values/9-140-232-1>		"'puyi-"@cjh	
"zba'tic̷ə"@als	<http://ids.clld.org/values/1-352-205-1>		<http://ids.clld.org/parameters/1-352>		<http://ids.clld.org/values/1-352-232-3>		"'šāptc̷in"@cjh	
"zba'tic̷ə"@als	<http://ids.clld.org/values/1-352-205-1>		<http://ids.clld.org/parameters/1-352>		<http://ids.clld.org/values/1-352-232-1>		"χə'pi-"@cjh	
"'krua"@als	<http://ids.clld.org/values/1-370-205-5>		<http://ids.clld.org/parameters/1-370>		<http://ids.clld.org/values/1-370-232-1>		"'c̷iḳʷi-"@cjh	
"'krua"@als	<http://ids.clld.org/values/1-370-205-5>		<http://ids.clld.org/parameters/1-370>		<http://ids.clld.org/values/1-370-232-3>		"'ḳāʔ"@cjh	
"kʸi'vur"@als	<http://ids.clld.org/values/4-790-205-3>		<http://ids.clld.org/parameters/4-790>		<http://ids.clld.org/values/4-790-232-1>		"'makʷˀt"@cjh	
"šə'ron"@als	<http://ids.clld.org/values/4-860-205-1>		<http://ids.clld.org/parameters/4-860>		<http://ids.clld.org/values/4-860-232-1>		"'pəlxʷ-"@cjh	
"lʸə'kurə"@als	<http://ids.clld.org/values/4-120-205-1>		<http://ids.clld.org/parameters/4-120>		<http://ids.clld.org/values/4-120-232-1>		"tɬˀ'ʔičɬ-"@cjh	
"'športə"@als	<http://ids.clld.org/values/9-760-205-1>		<http://ids.clld.org/parameters/9-760>		<http://ids.clld.org/values/9-760-232-1>		"'ḳāʔ"@cjh	
"mbart"@als	<http://ids.clld.org/values/10-610-205-3>		<http://ids.clld.org/parameters/10-610>		<http://ids.clld.org/values/10-610-232-1>		"'ʔam-"@cjh	
"a'r̃in"@als	<http://ids.clld.org/values/10-550-205-1>		<http://ids.clld.org/parameters/10-550>		<http://ids.clld.org/values/10-550-232-1>		"'ɬeʔ"@cjh	
"'pemə"@als	<http://ids.clld.org/values/1-420-205-1>		<http://ids.clld.org/parameters/1-420>		<http://ids.clld.org/values/1-420-232-1>		"'tɬˀəš-tɬˀaš-"@cjh	
"'akul"@als	<http://ids.clld.org/values/1-770-205-1>		<http://ids.clld.org/parameters/1-770>		<http://ids.clld.org/values/1-770-232-1>		"ḳˀa'xʷa-"@cjh	
"ko'ri"@als	<http://ids.clld.org/values/16-450-205-3>		<http://ids.clld.org/parameters/16-450>		<http://ids.clld.org/values/16-450-232-1>		"'sixʷi-"@cjh	
"zgav'ron"@als	<http://ids.clld.org/values/9-461-205-1>		<http://ids.clld.org/parameters/9-461>		<http://ids.clld.org/values/9-461-232-1>		"'kʷˀəlxʷ-"@cjh	
"lʸeš"@als	<http://ids.clld.org/values/4-145-205-1>		<http://ids.clld.org/parameters/4-145>		<http://ids.clld.org/values/4-145-232-1>		"'kʷˀans"@cjh	
"'mbarsə"@als	<http://ids.clld.org/values/4-730-205-3>		<http://ids.clld.org/parameters/4-730>		<http://ids.clld.org/values/4-730-232-1>		"'nəxʷ-"@cjh	
"lʸi'man"@als	<http://ids.clld.org/values/1-340-205-3>		<http://ids.clld.org/parameters/1-340>		<http://ids.clld.org/values/1-340-232-1>		"'ḳiwal-"@cjh	
"'myegul"@als	<http://ids.clld.org/values/1-740-205-1>		<http://ids.clld.org/parameters/1-740>		<http://ids.clld.org/values/1-740-232-1>		"'pˀəɬ-"@cjh	
"lʸə'putə"@als	<http://ids.clld.org/values/4-221-205-3>		<http://ids.clld.org/parameters/4-221>		<http://ids.clld.org/values/4-221-232-1>		"'liχ-"@cjh	
"məlʸ'či"@als	<http://ids.clld.org/values/4-450-205-1>		<http://ids.clld.org/parameters/4-450>		<http://ids.clld.org/values/4-450-232-1>		"'saʔš"@cjh	
"pas"@als	<http://ids.clld.org/values/12-11-205-3>		<http://ids.clld.org/parameters/12-11>		<http://ids.clld.org/values/12-11-232-1>		"'ʔaw-"@cjh	
"pər'gʸigʸet"@als	<http://ids.clld.org/values/18-320-205-1>		<http://ids.clld.org/parameters/18-320>		<http://ids.clld.org/values/18-320-232-1>		"'kʷawˀ-"@cjh	
"gʸu'mon"@als	<http://ids.clld.org/values/4-610-205-3>		<http://ids.clld.org/parameters/4-610>		<http://ids.clld.org/values/4-610-232-1>		"'mˀus-"@cjh	
"pas"@als	<http://ids.clld.org/values/12-10-205-1>		<http://ids.clld.org/parameters/12-10>		<http://ids.clld.org/values/12-10-232-1>		"'ʔaw-"@cjh	
"'lʸende"@als	<http://ids.clld.org/values/8-660-205-3>		<http://ids.clld.org/parameters/8-660>		<http://ids.clld.org/values/8-660-232-1>		"'kʷis-"@cjh	
"pər'tac̷"@als	<http://ids.clld.org/values/4-920-205-1>		<http://ids.clld.org/parameters/4-920>		<http://ids.clld.org/values/4-920-232-1>		"'c̷uχʷum-"@cjh	
"kapar'diset"@als	<http://ids.clld.org/values/18-450-205-5>		<http://ids.clld.org/parameters/18-450>		<http://ids.clld.org/values/18-450-232-1>		"'c̷əp-"@cjh	
"fay"@als	<http://ids.clld.org/values/16-780-205-1>		<http://ids.clld.org/parameters/16-780>		<http://ids.clld.org/values/16-780-232-1>		"'ɬun-"@cjh	
"'zümtə"@als	<http://ids.clld.org/values/1-620-205-5>		<http://ids.clld.org/parameters/1-620>		<http://ids.clld.org/values/1-620-232-1>		"tˀa'nˀap"@cjh	
"'plʸagə"@als	<http://ids.clld.org/values/4-850-205-1>		<http://ids.clld.org/parameters/4-850>		<http://ids.clld.org/values/4-850-232-1>		"'ḳʷˀāli-"@cjh	
"'plʸagə"@als	<http://ids.clld.org/values/4-850-205-1>		<http://ids.clld.org/parameters/4-850>		<http://ids.clld.org/values/4-850-232-5>		"'c̷ˀaḳa-"@cjh	
"'plʸagə"@als	<http://ids.clld.org/values/4-850-205-1>		<http://ids.clld.org/parameters/4-850>		<http://ids.clld.org/values/4-850-232-3>		"c̷ˀa'weʔ-"@cjh	
"c̷a'kule"@als	<http://ids.clld.org/values/4-853-205-3>		<http://ids.clld.org/parameters/4-853>		<http://ids.clld.org/values/4-853-232-1>		"pu'su-"@cjh	
"špinə"@als	<http://ids.clld.org/values/4-190-205-1>		<http://ids.clld.org/parameters/4-190>		<http://ids.clld.org/values/4-190-232-1>		"'ɬawl-"@cjh	
"'gunə"@als	<http://ids.clld.org/values/6-410-205-1>		<http://ids.clld.org/parameters/6-410>		<http://ids.clld.org/values/6-410-232-1>		"'lala"@cjh	
"'urə"@als	<http://ids.clld.org/values/10-740-205-1>		<http://ids.clld.org/parameters/10-740>		<http://ids.clld.org/values/10-740-232-1>		"'tiwat-"@cjh	
"i 'hiður"@als	<http://ids.clld.org/values/15-370-205-1>		<http://ids.clld.org/parameters/15-370>		<http://ids.clld.org/values/15-370-232-1>		"'tɬˀəɬ"@cjh	
"'buzə"@als	<http://ids.clld.org/values/4-250-205-1>		<http://ids.clld.org/parameters/4-250>		<http://ids.clld.org/values/4-250-232-1>		"kʷa'təl-"@cjh	
"veš"@als	<http://ids.clld.org/values/4-220-205-1>		<http://ids.clld.org/parameters/4-220>		<http://ids.clld.org/values/4-220-232-1>		"ḳʷˀal-"@cjh	
"skʸep"@als	<http://ids.clld.org/values/4-241-205-1>		<http://ids.clld.org/parameters/4-241>		<http://ids.clld.org/values/4-241-232-1>		"'ɬəkʷˀ-"@cjh	
"syel"@als	<http://ids.clld.org/values/10-620-205-1>		<http://ids.clld.org/parameters/10-620>		<http://ids.clld.org/values/10-620-232-1>		"'tˀul-"@cjh	
"'špulə"@als	<http://ids.clld.org/values/4-331-205-3>		<http://ids.clld.org/parameters/4-331>		<http://ids.clld.org/values/4-331-232-1>		"tˀa'las-"@cjh	
"'eθe"@als	<http://ids.clld.org/values/4-841-205-1>		<http://ids.clld.org/parameters/4-841>		<http://ids.clld.org/values/4-841-232-1>		"χʷa'lāʔ"@cjh	
"'dalgə"@als	<http://ids.clld.org/values/1-350-205-1>		<http://ids.clld.org/parameters/1-350>		<http://ids.clld.org/values/1-350-232-1>		"'ʔamaniʔ"@cjh	
"va'lʸon"@als	<http://ids.clld.org/values/5-220-205-3>		<http://ids.clld.org/parameters/5-220>		<http://ids.clld.org/values/5-220-232-1>		"'c̷əḳ-"@cjh	
"va'lʸon"@als	<http://ids.clld.org/values/5-220-205-3>		<http://ids.clld.org/parameters/5-220>		<http://ids.clld.org/values/5-220-232-3>		"'ləp-"@cjh	
"'hundə"@als	<http://ids.clld.org/values/4-230-205-1>		<http://ids.clld.org/parameters/4-230>		<http://ids.clld.org/values/4-230-232-1>		"'məḳsin-"@cjh	
"pərsə'ri"@als	<http://ids.clld.org/values/14-350-205-1>		<http://ids.clld.org/parameters/14-350>		<http://ids.clld.org/values/14-350-232-1>		"'ɬeʔ"@cjh	
"fərgə'lon"@als	<http://ids.clld.org/values/4-680-205-1>		<http://ids.clld.org/parameters/4-680>		<http://ids.clld.org/values/4-680-232-1>		"'čˀən-"@cjh	
"lʸu'ginə"@als	<http://ids.clld.org/values/1-240-205-1>		<http://ids.clld.org/parameters/1-240>		<http://ids.clld.org/values/1-240-232-1>		"'maḳʷam-"@cjh	
"lʸu'ginə"@als	<http://ids.clld.org/values/1-240-205-1>		<http://ids.clld.org/parameters/1-240>		<http://ids.clld.org/values/1-240-232-3>		"'sac̷ayəḳ"@cjh	
"gʸə'mim"@als	<http://ids.clld.org/values/1-560-205-3>		<http://ids.clld.org/parameters/1-560>		<http://ids.clld.org/values/1-560-232-1>		"'tuḳʷ-"@cjh	
"tər'met"@als	<http://ids.clld.org/values/1-450-205-1>		<http://ids.clld.org/parameters/1-450>		<http://ids.clld.org/values/1-450-232-1>		"ya'ḳʷa-"@cjh	
"vrokθ"@als	<http://ids.clld.org/values/4-146-205-7>		<http://ids.clld.org/parameters/4-146>		<http://ids.clld.org/values/4-146-232-1>		"'ʔiɬn"@cjh	
"'fakʸe"@als	<http://ids.clld.org/values/4-208-205-1>		<http://ids.clld.org/parameters/4-208>		<http://ids.clld.org/values/4-208-232-1>		"'c̷ˀiḳ-"@cjh	
"mo'čalʸ"@als	<http://ids.clld.org/values/1-380-205-3>		<http://ids.clld.org/parameters/1-380>		<http://ids.clld.org/values/1-380-232-1>		"'paɬχn-"@cjh	
"bišt"@als	<http://ids.clld.org/values/4-180-205-1>		<http://ids.clld.org/parameters/4-180>		<http://ids.clld.org/values/4-180-232-1>		"'sups-"@cjh	
"kar"@als	<http://ids.clld.org/values/4-492-205-1>		<http://ids.clld.org/parameters/4-492>		<http://ids.clld.org/values/4-492-232-1>		"'pəlḳ-"@cjh	
"bar"@als	<http://ids.clld.org/values/4-880-205-3>		<http://ids.clld.org/parameters/4-880>		<http://ids.clld.org/values/4-880-232-1>		"ʔa'yōʔi-"@cjh	
"gur"@als	<http://ids.clld.org/values/1-440-205-1>		<http://ids.clld.org/parameters/1-440>		<http://ids.clld.org/values/1-440-232-1>		"pa'talan-"@cjh	
"gur"@als	<http://ids.clld.org/values/1-440-205-1>		<http://ids.clld.org/parameters/1-440>		<http://ids.clld.org/values/1-440-232-3>		"'tawˀ"@cjh	
"gur"@als	<http://ids.clld.org/values/1-440-205-1>		<http://ids.clld.org/parameters/1-440>		<http://ids.clld.org/values/1-440-232-5>		"'səwin-"@cjh	
"'sferə"@als	<http://ids.clld.org/values/12-830-205-3>		<http://ids.clld.org/parameters/12-830>		<http://ids.clld.org/values/12-830-232-1>		"'pōsaḳˀ-"@cjh	
"fü'türə"@als	<http://ids.clld.org/values/4-204-205-1>		<http://ids.clld.org/parameters/4-204>		<http://ids.clld.org/values/4-204-232-1>		"'mus"@cjh	
"fü'türə"@als	<http://ids.clld.org/values/4-204-205-1>		<http://ids.clld.org/parameters/4-204>		<http://ids.clld.org/values/4-204-232-3>		"c̷m-"@cjh	
"hark"@als	<http://ids.clld.org/values/20-240-205-1>		<http://ids.clld.org/parameters/20-240>		<http://ids.clld.org/values/20-240-232-1>		"tˀə'kʷˀəɬ-"@cjh	
"skʸe'pər"@als	<http://ids.clld.org/values/9-251-205-3>		<http://ids.clld.org/parameters/9-251>		<http://ids.clld.org/values/9-251-232-1>		"'tɬˀəm-"@cjh	
"ayr"@als	<http://ids.clld.org/values/1-710-205-1>		<http://ids.clld.org/parameters/1-710>		<http://ids.clld.org/values/1-710-232-1>		"tɬˀə'ḳi-"@cjh	
"me'it"@als	<http://ids.clld.org/values/4-770-205-5>		<http://ids.clld.org/parameters/4-770>		<http://ids.clld.org/values/4-770-232-1>		"'makʷˀt"@cjh	
"pərə'nikə"@als	<http://ids.clld.org/values/2-560-205-1>		<http://ids.clld.org/parameters/2-560>		<http://ids.clld.org/values/2-560-232-1>		"'tulap-"@cjh	
"pšur̃"@als	<http://ids.clld.org/values/4-650-205-1>		<http://ids.clld.org/parameters/4-650>		<http://ids.clld.org/values/4-650-232-1>		"'xʷay"@cjh	
"i 'bruztə"@als	<http://ids.clld.org/values/15-670-205-3>		<http://ids.clld.org/parameters/15-670>		<http://ids.clld.org/values/15-670-232-1>		"'ḳʷˀiχ-"@cjh	
"en'de"@als	<http://ids.clld.org/values/14-350-205-5>		<http://ids.clld.org/parameters/14-350>		<http://ids.clld.org/values/14-350-232-1>		"'ɬeʔ"@cjh	
"lʸot"@als	<http://ids.clld.org/values/16-380-205-1>		<http://ids.clld.org/parameters/16-380>		<http://ids.clld.org/values/16-380-232-1>		"'ḳāʔ"@cjh	
"kər'θizə"@als	<http://ids.clld.org/values/4-430-205-1>		<http://ids.clld.org/parameters/4-430>		<http://ids.clld.org/values/4-430-232-1>		"ma'čiwˀ"@cjh	
"dok'tor"@als	<http://ids.clld.org/values/4-870-205-3>		<http://ids.clld.org/parameters/4-870>		<http://ids.clld.org/values/4-870-232-1>		"'pəlxʷ-"@cjh	
"bu'romə"@als	<http://ids.clld.org/values/1-370-205-9>		<http://ids.clld.org/parameters/1-370>		<http://ids.clld.org/values/1-370-232-1>		"'c̷iḳʷi-"@cjh	
"bu'romə"@als	<http://ids.clld.org/values/1-370-205-9>		<http://ids.clld.org/parameters/1-370>		<http://ids.clld.org/values/1-370-232-3>		"'ḳāʔ"@cjh	
"'θembər"@als	<http://ids.clld.org/values/4-372-205-1>		<http://ids.clld.org/parameters/4-372>		<http://ids.clld.org/values/4-372-232-1>		"'ʔaw-"@cjh	
"i škəl'kʸyer"@als	<http://ids.clld.org/values/15-570-205-3>		<http://ids.clld.org/parameters/15-570>		<http://ids.clld.org/values/15-570-232-1>		"ḳə'ləχ"@cjh	
"pus"@als	<http://ids.clld.org/values/1-370-205-1>		<http://ids.clld.org/parameters/1-370>		<http://ids.clld.org/values/1-370-232-1>		"'c̷iḳʷi-"@cjh	
"pus"@als	<http://ids.clld.org/values/1-370-205-1>		<http://ids.clld.org/parameters/1-370>		<http://ids.clld.org/values/1-370-232-3>		"'ḳāʔ"@cjh	
"por'c̷ek"@als	<http://ids.clld.org/values/4-202-205-7>		<http://ids.clld.org/parameters/4-202>		<http://ids.clld.org/values/4-202-232-1>		"ḳə'ʔuḳʷlas-"@cjh	
"lʸan"@als	<http://ids.clld.org/values/4-690-205-3>		<http://ids.clld.org/parameters/4-690>		<http://ids.clld.org/values/4-690-232-1>		"'pˀǣχluwˀ"@cjh	
"θə'r̃et"@als	<http://ids.clld.org/values/18-410-205-1>		<http://ids.clld.org/parameters/18-410>		<http://ids.clld.org/values/18-410-232-1>		"'tˀəḳʷˀ-"@cjh	
"či'ban"@als	<http://ids.clld.org/values/4-856-205-1>		<http://ids.clld.org/parameters/4-856>		<http://ids.clld.org/values/4-856-232-1>		"pu'su-"@cjh	
"či'ban"@als	<http://ids.clld.org/values/4-856-205-1>		<http://ids.clld.org/parameters/4-856>		<http://ids.clld.org/values/4-856-232-3>		"'ɬəχʷəl-"@cjh	
"'erə"@als	<http://ids.clld.org/values/1-720-205-1>		<http://ids.clld.org/parameters/1-720>		<http://ids.clld.org/values/1-720-232-1>		"'ɬəčiyaḳ-"@cjh	
"'mbresə"@als	<http://ids.clld.org/values/4-858-205-3>		<http://ids.clld.org/parameters/4-858>		<http://ids.clld.org/values/4-858-232-1>		"'ɬumi-"@cjh	
"'prapa"@als	<http://ids.clld.org/values/12-11-205-1>		<http://ids.clld.org/parameters/12-11>		<http://ids.clld.org/values/12-11-232-1>		"'ʔaw-"@cjh	
"flʸe"@als	<http://ids.clld.org/values/4-610-205-1>		<http://ids.clld.org/parameters/4-610>		<http://ids.clld.org/values/4-610-232-1>		"'mˀus-"@cjh	
"küč i 'dorəs"@als	<http://ids.clld.org/values/4-321-205-3>		<http://ids.clld.org/parameters/4-321>		<http://ids.clld.org/values/4-321-232-1>		"tˀa'las-"@cjh	
"tərs"@als	<http://ids.clld.org/values/4-371-205-1>		<http://ids.clld.org/parameters/4-371>		<http://ids.clld.org/values/4-371-232-1>		"ḳə'muχʷ-"@cjh	
"'špelə"@als	<http://ids.clld.org/values/1-280-205-1>		<http://ids.clld.org/parameters/1-280>		<http://ids.clld.org/values/1-280-232-1>		"ʔac̷'kʷˀalaxʷɬ"@cjh	
"uyə'varə"@als	<http://ids.clld.org/values/1-390-205-1>		<http://ids.clld.org/parameters/1-390>		<http://ids.clld.org/values/1-390-232-1>		"'pup-"@cjh	
"i kekʸ"@als	<http://ids.clld.org/values/16-720-205-1>		<http://ids.clld.org/parameters/16-720>		<http://ids.clld.org/values/16-720-232-1>		"'χəs"@cjh	
"plaž"@als	<http://ids.clld.org/values/1-270-205-1>		<http://ids.clld.org/parameters/1-270>		<http://ids.clld.org/values/1-270-232-3>		"tˀəmš-"@cjh	
"plaž"@als	<http://ids.clld.org/values/1-270-205-1>		<http://ids.clld.org/parameters/1-270>		<http://ids.clld.org/values/1-270-232-1>		"'šəm-"@cjh	
"plaž"@als	<http://ids.clld.org/values/1-270-205-1>		<http://ids.clld.org/parameters/1-270>		<http://ids.clld.org/values/1-270-232-5>		"'yəl-"@cjh	
"ðəmb"@als	<http://ids.clld.org/values/4-270-205-1>		<http://ids.clld.org/parameters/4-270>		<http://ids.clld.org/values/4-270-232-1>		"yə'nis-"@cjh	
"štat"@als	<http://ids.clld.org/values/4-110-205-3>		<http://ids.clld.org/parameters/4-110>		<http://ids.clld.org/values/4-110-232-1>		"'nawa-"@cjh	
"i 'lʸoður"@als	<http://ids.clld.org/values/4-910-205-1>		<http://ids.clld.org/parameters/4-910>		<http://ids.clld.org/values/4-910-232-1>		"'xʷən-"@cjh	
"ši"@als	<http://ids.clld.org/values/1-750-205-1>		<http://ids.clld.org/parameters/1-750>		<http://ids.clld.org/values/1-750-232-1>		"χa'silˀ"@cjh	
"'gʸuhə"@als	<http://ids.clld.org/values/4-260-205-1>		<http://ids.clld.org/parameters/4-260>		<http://ids.clld.org/values/4-260-232-1>		"'tixʷc̷aɬ-"@cjh	
"'vegə"@als	<http://ids.clld.org/values/4-351-205-3>		<http://ids.clld.org/parameters/4-351>		<http://ids.clld.org/values/4-351-232-1>		"'pˀən-"@cjh	
"'kʸendər"@als	<http://ids.clld.org/values/12-370-205-5>		<http://ids.clld.org/parameters/12-370>		<http://ids.clld.org/values/12-370-232-1>		"'kʷac̷-"@cjh	
"'er̃ət"@als	<http://ids.clld.org/values/1-620-205-1>		<http://ids.clld.org/parameters/1-620>		<http://ids.clld.org/values/1-620-232-1>		"tˀa'nˀap"@cjh	
"'kafkə"@als	<http://ids.clld.org/values/4-202-205-1>		<http://ids.clld.org/parameters/4-202>		<http://ids.clld.org/values/4-202-232-1>		"ḳə'ʔuḳʷlas-"@cjh	
"'škʸilʸə"@als	<http://ids.clld.org/values/4-460-205-5>		<http://ids.clld.org/parameters/4-460>		<http://ids.clld.org/values/4-460-232-1>		"'tɬˀač"@cjh	
"'škʸilʸə"@als	<http://ids.clld.org/values/4-460-205-5>		<http://ids.clld.org/parameters/4-460>		<http://ids.clld.org/values/4-460-232-3>		"'kʷˀasin-"@cjh	
"'škʸilʸə"@als	<http://ids.clld.org/values/4-460-205-5>		<http://ids.clld.org/parameters/4-460>		<http://ids.clld.org/values/4-460-232-5>		"'tawˀ"@cjh	
"'mirə me šən'det"@als	<http://ids.clld.org/values/4-830-205-1>		<http://ids.clld.org/parameters/4-830>		<http://ids.clld.org/values/4-830-232-1>		"'c̷ˀəp"@cjh	
"sə'patə"@als	<http://ids.clld.org/values/9-250-205-1>		<http://ids.clld.org/parameters/9-250>		<http://ids.clld.org/values/9-250-232-1>		"'tɬˀali-"@cjh	
"'bazə"@als	<http://ids.clld.org/values/12-340-205-5>		<http://ids.clld.org/parameters/12-340>		<http://ids.clld.org/values/12-340-232-1>		"'nuw-"@cjh	
"'mulə"@als	<http://ids.clld.org/values/4-460-205-9>		<http://ids.clld.org/parameters/4-460>		<http://ids.clld.org/values/4-460-232-1>		"'tɬˀač"@cjh	
"'mulə"@als	<http://ids.clld.org/values/4-460-205-9>		<http://ids.clld.org/parameters/4-460>		<http://ids.clld.org/values/4-460-232-3>		"'kʷˀasin-"@cjh	
"'mulə"@als	<http://ids.clld.org/values/4-460-205-9>		<http://ids.clld.org/parameters/4-460>		<http://ids.clld.org/values/4-460-232-5>		"'tawˀ"@cjh	
"'driðet"@als	<http://ids.clld.org/values/4-680-205-5>		<http://ids.clld.org/parameters/4-680>		<http://ids.clld.org/values/4-680-232-1>		"'čˀən-"@cjh	
"vyel"@als	<http://ids.clld.org/values/4-570-205-3>		<http://ids.clld.org/parameters/4-570>		<http://ids.clld.org/values/4-570-232-1>		"ɬa'χʷa-"@cjh	
"i 'dobət"@als	<http://ids.clld.org/values/4-820-205-1>		<http://ids.clld.org/parameters/4-820>		<http://ids.clld.org/values/4-820-232-1>		"'xʷən-"@cjh	
"frü'mos"@als	<http://ids.clld.org/values/4-510-205-1>		<http://ids.clld.org/parameters/4-510>		<http://ids.clld.org/values/4-510-232-3>		"'ḳama-"@cjh	
"frü'mos"@als	<http://ids.clld.org/values/4-510-205-1>		<http://ids.clld.org/parameters/4-510>		<http://ids.clld.org/values/4-510-232-1>		"tɬˀə'ḳi-"@cjh	
"i 'dehur"@als	<http://ids.clld.org/values/4-980-205-1>		<http://ids.clld.org/parameters/4-980>		<http://ids.clld.org/values/4-980-232-1>		"'lam"@cjh	
"i 'dehur"@als	<http://ids.clld.org/values/4-980-205-1>		<http://ids.clld.org/parameters/4-980>		<http://ids.clld.org/values/4-980-232-3>		"'ḳʷōʔ"@cjh	
"'gufə"@als	<http://ids.clld.org/values/1-370-205-3>		<http://ids.clld.org/parameters/1-370>		<http://ids.clld.org/values/1-370-232-1>		"'c̷iḳʷi-"@cjh	
"'gufə"@als	<http://ids.clld.org/values/1-370-205-3>		<http://ids.clld.org/parameters/1-370>		<http://ids.clld.org/values/1-370-232-3>		"'ḳāʔ"@cjh	
"'paftə"@als	<http://ids.clld.org/values/6-620-205-3>		<http://ids.clld.org/parameters/6-620>		<http://ids.clld.org/values/6-620-232-1>		"'ɬana-"@cjh	
"tas"@als	<http://ids.clld.org/values/5-330-205-1>		<http://ids.clld.org/parameters/5-330>		<http://ids.clld.org/values/5-330-232-1>		"c̷ə'kʷi-"@cjh	
"'pulʸpə"@als	<http://ids.clld.org/values/4-352-205-1>		<http://ids.clld.org/parameters/4-352>		<http://ids.clld.org/values/4-352-232-1>		"'ʔaw-"@cjh	
"mbu'lʸoyə"@als	<http://ids.clld.org/values/7-422-205-3>		<http://ids.clld.org/parameters/7-422>		<http://ids.clld.org/values/7-422-232-1>		"'ɬaχɬin-"@cjh	
"'balʸtə"@als	<http://ids.clld.org/values/1-214-205-1>		<http://ids.clld.org/parameters/1-214>		<http://ids.clld.org/values/1-214-232-1>		"ḳˀa'χayˀ-"@cjh	
"gʸoks"@als	<http://ids.clld.org/values/4-400-205-1>		<http://ids.clld.org/parameters/4-400>		<http://ids.clld.org/values/4-400-232-1>		"'taχʷac̷-"@cjh	
"bir"@als	<http://ids.clld.org/values/2-250-205-3>		<http://ids.clld.org/parameters/2-250>		<http://ids.clld.org/values/2-250-232-1>		"ɬt-"@cjh	
"'lʸuftə"@als	<http://ids.clld.org/values/20-130-205-1>		<http://ids.clld.org/parameters/20-130>		<http://ids.clld.org/values/20-130-232-1>		"'yupi-"@cjh	
"r̃eθ"@als	<http://ids.clld.org/values/12-820-205-1>		<http://ids.clld.org/parameters/12-820>		<http://ids.clld.org/values/12-820-232-1>		"'yəl-"@cjh	
"kʸel"@als	<http://ids.clld.org/values/1-510-205-1>		<http://ids.clld.org/parameters/1-510>		<http://ids.clld.org/values/1-510-232-1>		"ɬt-"@cjh	
"kəlʸk"@als	<http://ids.clld.org/values/4-463-205-1>		<http://ids.clld.org/parameters/4-463>		<http://ids.clld.org/values/4-463-232-1>		"'čəm-"@cjh	
"zbokθ"@als	<http://ids.clld.org/values/4-146-205-1>		<http://ids.clld.org/parameters/4-146>		<http://ids.clld.org/values/4-146-232-1>		"'ʔiɬn"@cjh	
"bü'mesə"@als	<http://ids.clld.org/values/4-853-205-9>		<http://ids.clld.org/parameters/4-853>		<http://ids.clld.org/values/4-853-232-1>		"pu'su-"@cjh	
"'komčə"@als	<http://ids.clld.org/values/6-620-205-7>		<http://ids.clld.org/parameters/6-620>		<http://ids.clld.org/values/6-620-232-1>		"'ɬana-"@cjh	
"'yetə"@als	<http://ids.clld.org/values/4-740-205-5>		<http://ids.clld.org/parameters/4-740>		<http://ids.clld.org/values/4-740-232-1>		"pˀa'luxʷ"@cjh	
"'yetə"@als	<http://ids.clld.org/values/4-740-205-5>		<http://ids.clld.org/parameters/4-740>		<http://ids.clld.org/values/4-740-232-3>		"'kʷaxʷ-"@cjh	
"'r̃uazə"@als	<http://ids.clld.org/values/6-760-205-1>		<http://ids.clld.org/parameters/6-760>		<http://ids.clld.org/values/6-760-232-1>		"'tamˀ-"@cjh	
"'mr̃agə"@als	<http://ids.clld.org/values/3-817-205-5>		<http://ids.clld.org/parameters/3-817>		<http://ids.clld.org/values/3-817-232-1>		"c̷ˀ'skiyaḳ-"@cjh	
"'flʸokə"@als	<http://ids.clld.org/values/4-140-205-1>		<http://ids.clld.org/parameters/4-140>		<http://ids.clld.org/values/4-140-232-1>		"čˀə'sis-"@cjh	
"lʸə'pin"@als	<http://ids.clld.org/values/4-590-205-3>		<http://ids.clld.org/parameters/4-590>		<http://ids.clld.org/values/4-590-232-1>		"'tˀaḳʷa-"@cjh	
"gogə'sin"@als	<http://ids.clld.org/values/4-520-205-3>		<http://ids.clld.org/parameters/4-520>		<http://ids.clld.org/values/4-520-232-1>		"'c̷ˀawačˀa"@cjh	
"'tulə"@als	<http://ids.clld.org/values/4-930-205-1>		<http://ids.clld.org/parameters/4-930>		<http://ids.clld.org/values/4-930-232-1>		"'ɬuḳʷˀ-"@cjh	
"det"@als	<http://ids.clld.org/values/1-320-205-1>		<http://ids.clld.org/parameters/1-320>		<http://ids.clld.org/values/1-320-232-1>		"'ḳiwal-"@cjh	
"helʸm"@als	<http://ids.clld.org/values/4-890-205-1>		<http://ids.clld.org/parameters/4-890>		<http://ids.clld.org/values/4-890-232-1>		"'čini-"@cjh	
"'šalʸə"@als	<http://ids.clld.org/values/4-351-205-1>		<http://ids.clld.org/parameters/4-351>		<http://ids.clld.org/values/4-351-232-1>		"'pˀən-"@cjh	
"'vdekye"@als	<http://ids.clld.org/values/4-750-205-3>		<http://ids.clld.org/parameters/4-750>		<http://ids.clld.org/values/4-750-232-1>		"'ʔatmin-"@cjh	
"laku'rikʸ"@als	<http://ids.clld.org/values/3-591-205-1>		<http://ids.clld.org/parameters/3-591>		<http://ids.clld.org/values/3-591-232-1>		"wa'yəχ"@cjh	
"'kokʸe"@als	<http://ids.clld.org/values/4-490-205-1>		<http://ids.clld.org/parameters/4-490>		<http://ids.clld.org/values/4-490-232-1>		"'mačini-"@cjh	
"gre'minə"@als	<http://ids.clld.org/values/1-222-205-3>		<http://ids.clld.org/parameters/1-222>		<http://ids.clld.org/values/1-222-232-1>		"sa'ḳˀilalḳʷˀt"@cjh	
"'špirə"@als	<http://ids.clld.org/values/4-441-205-3>		<http://ids.clld.org/parameters/4-441>		<http://ids.clld.org/values/4-441-232-1>		"'pˀus-"@cjh	
"'poštə"@als	<http://ids.clld.org/values/12-30-205-1>		<http://ids.clld.org/parameters/12-30>		<http://ids.clld.org/values/12-30-232-1>		"'ɬa-"@cjh	
"be'son"@als	<http://ids.clld.org/values/17-150-205-1>		<http://ids.clld.org/parameters/17-150>		<http://ids.clld.org/values/17-150-232-1>		"'c̷un"@cjh	
"'c̷ire"@als	<http://ids.clld.org/values/8-750-205-7>		<http://ids.clld.org/parameters/8-750>		<http://ids.clld.org/values/8-750-232-1>		"pˀā'lan-"@cjh	
"'veškə"@als	<http://ids.clld.org/values/4-451-205-1>		<http://ids.clld.org/parameters/4-451>		<http://ids.clld.org/values/4-451-232-1>		"mə'tˀus-"@cjh	
"'grükə"@als	<http://ids.clld.org/values/4-290-205-3>		<http://ids.clld.org/parameters/4-290>		<http://ids.clld.org/values/4-290-232-1>		"'məḳʷˀ-"@cjh	
"ča'lʸon"@als	<http://ids.clld.org/values/10-451-205-1>		<http://ids.clld.org/parameters/10-451>		<http://ids.clld.org/values/10-451-232-1>		"'tɬˀiḳˀʷ-"@cjh	
"'vyeštə"@als	<http://ids.clld.org/values/14-770-205-1>		<http://ids.clld.org/parameters/14-770>		<http://ids.clld.org/values/14-770-232-1>		"mə'ɬič-"@cjh	
"'vetəm"@als	<http://ids.clld.org/values/13-330-205-3>		<http://ids.clld.org/parameters/13-330>		<http://ids.clld.org/values/13-330-232-1>		"'ʔuc̷ˀs"@cjh	
"an"@als	<http://ids.clld.org/values/4-470-205-1>		<http://ids.clld.org/parameters/4-470>		<http://ids.clld.org/values/4-470-232-1>		"'manˀ"@cjh	
"'mbur̃et"@als	<http://ids.clld.org/values/18-450-205-1>		<http://ids.clld.org/parameters/18-450>		<http://ids.clld.org/values/18-450-232-1>		"'c̷əp-"@cjh	
"'miši i ðəmbəve"@als	<http://ids.clld.org/values/4-271-205-3>		<http://ids.clld.org/parameters/4-271>		<http://ids.clld.org/values/4-271-232-1>		"kʷa'təl-"@cjh	
"'vorbul"@als	<http://ids.clld.org/values/1-362-205-1>		<http://ids.clld.org/parameters/1-362>		<http://ids.clld.org/values/1-362-232-1>		"'pˀalkʷˀ"@cjh	
"pə'štümə"@als	<http://ids.clld.org/values/4-560-205-1>		<http://ids.clld.org/parameters/4-560>		<http://ids.clld.org/values/4-560-232-3>		"'ḳāʔ"@cjh	
"pə'štümə"@als	<http://ids.clld.org/values/4-560-205-1>		<http://ids.clld.org/parameters/4-560>		<http://ids.clld.org/values/4-560-232-1>		"'təχʷs-"@cjh	
"kʸer'pik"@als	<http://ids.clld.org/values/4-214-205-1>		<http://ids.clld.org/parameters/4-214>		<http://ids.clld.org/values/4-214-232-1>		"'c̷ˀipxʷ-"@cjh	
"'əɲtye"@als	<http://ids.clld.org/values/4-853-205-7>		<http://ids.clld.org/parameters/4-853>		<http://ids.clld.org/values/4-853-232-1>		"pu'su-"@cjh	
"'hoyəz"@als	<http://ids.clld.org/values/4-231-205-3>		<http://ids.clld.org/parameters/4-231>		<http://ids.clld.org/values/4-231-232-1>		"lə'pəxʷ-"@cjh	
"'hənə"@als	<http://ids.clld.org/values/1-530-205-1>		<http://ids.clld.org/parameters/1-530>		<http://ids.clld.org/values/1-530-232-1>		"ɬu'kʷaɬ"@cjh	
"'škumə"@als	<http://ids.clld.org/values/1-324-205-1>		<http://ids.clld.org/parameters/1-324>		<http://ids.clld.org/values/1-324-232-1>		"'payin-"@cjh	
"pu'bis"@als	<http://ids.clld.org/values/4-145-205-3>		<http://ids.clld.org/parameters/4-145>		<http://ids.clld.org/values/4-145-232-1>		"'kʷˀans"@cjh	
"hum'nerə"@als	<http://ids.clld.org/values/1-222-205-1>		<http://ids.clld.org/parameters/1-222>		<http://ids.clld.org/values/1-222-232-1>		"sa'ḳˀilalḳʷˀt"@cjh	
"mə'ngʸes"@als	<http://ids.clld.org/values/5-420-205-1>		<http://ids.clld.org/parameters/5-420>		<http://ids.clld.org/values/5-420-232-1>		"'pət-"@cjh	
"tu'fan"@als	<http://ids.clld.org/values/1-580-205-5>		<http://ids.clld.org/parameters/1-580>		<http://ids.clld.org/values/1-580-232-1>		"'χəs"@cjh	
"du'hač"@als	<http://ids.clld.org/values/1-580-205-7>		<http://ids.clld.org/parameters/1-580>		<http://ids.clld.org/values/1-580-232-1>		"'χəs"@cjh	
"miš"@als	<http://ids.clld.org/values/4-130-205-1>		<http://ids.clld.org/parameters/4-130>		<http://ids.clld.org/values/4-130-232-1>		"'šic̷-"@cjh	
"'myekər"@als	<http://ids.clld.org/values/4-142-205-1>		<http://ids.clld.org/parameters/4-142>		<http://ids.clld.org/values/4-142-232-1>		"čˀp-"@cjh	
"da'mar"@als	<http://ids.clld.org/values/4-151-205-1>		<http://ids.clld.org/parameters/4-151>		<http://ids.clld.org/values/4-151-232-1>		"wa'səlˀ"@cjh	
"pah"@als	<http://ids.clld.org/values/4-146-205-3>		<http://ids.clld.org/parameters/4-146>		<http://ids.clld.org/values/4-146-232-1>		"'ʔiɬn"@cjh	
"'kupə"@als	<http://ids.clld.org/values/5-330-205-3>		<http://ids.clld.org/parameters/5-330>		<http://ids.clld.org/values/5-330-232-1>		"c̷ə'kʷi-"@cjh	
"te'štin"@als	<http://ids.clld.org/values/4-540-205-1>		<http://ids.clld.org/parameters/4-540>		<http://ids.clld.org/values/4-540-232-1>		"'ʔaw-"@cjh	
"bu'rim"@als	<http://ids.clld.org/values/1-370-205-7>		<http://ids.clld.org/parameters/1-370>		<http://ids.clld.org/values/1-370-232-1>		"'c̷iḳʷi-"@cjh	
"bu'rim"@als	<http://ids.clld.org/values/1-370-205-7>		<http://ids.clld.org/parameters/1-370>		<http://ids.clld.org/values/1-370-232-3>		"'ḳāʔ"@cjh	
"'anəs"@als	<http://ids.clld.org/values/12-20-205-5>		<http://ids.clld.org/parameters/12-20>		<http://ids.clld.org/values/12-20-232-1>		"'pˀən-"@cjh	
"'trualʸ"@als	<http://ids.clld.org/values/1-212-205-3>		<http://ids.clld.org/parameters/1-212>		<http://ids.clld.org/values/1-212-232-1>		"tə'miš-"@cjh	
"mban"@als	<http://ids.clld.org/values/10-610-205-1>		<http://ids.clld.org/parameters/10-610>		<http://ids.clld.org/values/10-610-232-1>		"'ʔam-"@cjh	
"'šeɲə"@als	<http://ids.clld.org/values/4-858-205-11>		<http://ids.clld.org/parameters/4-858>		<http://ids.clld.org/values/4-858-232-1>		"'ɬumi-"@cjh	
"i 'šogət"@als	<http://ids.clld.org/values/4-930-205-3>		<http://ids.clld.org/parameters/4-930>		<http://ids.clld.org/values/4-930-232-1>		"'ɬuḳʷˀ-"@cjh	
"myek"@als	<http://ids.clld.org/values/4-870-205-1>		<http://ids.clld.org/parameters/4-870>		<http://ids.clld.org/values/4-870-232-1>		"'pəlxʷ-"@cjh	
"gišt"@als	<http://ids.clld.org/values/4-340-205-1>		<http://ids.clld.org/parameters/4-340>		<http://ids.clld.org/values/4-340-232-1>		"ɬa'χay-"@cjh	
"r̃okulʸi a'lʸem"@als	<http://ids.clld.org/values/1-100-205-5>		<http://ids.clld.org/parameters/1-100>		<http://ids.clld.org/values/1-100-232-1>		"tə'miš-"@cjh	
"dem'bel"@als	<http://ids.clld.org/values/4-920-205-3>		<http://ids.clld.org/parameters/4-920>		<http://ids.clld.org/values/4-920-232-1>		"'c̷uχʷum-"@cjh	
"'fšesə"@als	<http://ids.clld.org/values/9-380-205-1>		<http://ids.clld.org/parameters/9-380>		<http://ids.clld.org/values/9-380-232-1>		"'xʷakʷa-"@cjh	
"zg'uan"@als	<http://ids.clld.org/values/4-630-205-1>		<http://ids.clld.org/parameters/4-630>		<http://ids.clld.org/values/4-630-232-1>		"'pˀala-"@cjh	
"'teze"@als	<http://ids.clld.org/values/2-520-205-1>		<http://ids.clld.org/parameters/2-520>		<http://ids.clld.org/values/2-520-232-1>		"'kʷəɬuʔ-"@cjh	
"kʸark"@als	<http://ids.clld.org/values/12-820-205-3>		<http://ids.clld.org/parameters/12-820>		<http://ids.clld.org/values/12-820-232-1>		"'yəl-"@cjh	
"'püet"@als	<http://ids.clld.org/values/18-310-205-1>		<http://ids.clld.org/parameters/18-310>		<http://ids.clld.org/values/18-310-232-1>		"'sawla-"@cjh	
"'yargə"@als	<http://ids.clld.org/values/4-560-205-3>		<http://ids.clld.org/parameters/4-560>		<http://ids.clld.org/values/4-560-232-3>		"'ḳāʔ"@cjh	
"'yargə"@als	<http://ids.clld.org/values/4-560-205-3>		<http://ids.clld.org/parameters/4-560>		<http://ids.clld.org/values/4-560-232-1>		"'təχʷs-"@cjh	
"sü"@als	<http://ids.clld.org/values/4-210-205-1>		<http://ids.clld.org/parameters/4-210>		<http://ids.clld.org/values/4-210-232-1>		"'tawˀ"@cjh	
"ko'rube"@als	<http://ids.clld.org/values/3-822-205-3>		<http://ids.clld.org/parameters/3-822>		<http://ids.clld.org/values/3-822-232-1>		"'c̷ičs"@cjh	
"'koc̷kə"@als	<http://ids.clld.org/values/4-160-205-1>		<http://ids.clld.org/parameters/4-160>		<http://ids.clld.org/values/4-160-232-1>		"'šawˀ"@cjh	
"ülʸ'ber"@als	<http://ids.clld.org/values/1-590-205-1>		<http://ids.clld.org/parameters/1-590>		<http://ids.clld.org/values/1-590-232-1>		"'xʷəplˀḳn"@cjh	
"sepse"@als	<http://ids.clld.org/values/17-520-205-1>		<http://ids.clld.org/parameters/17-520>		<http://ids.clld.org/values/17-520-232-1>		"ḳas"@cjh	
"'myekər"@als	<http://ids.clld.org/values/4-209-205-1>		<http://ids.clld.org/parameters/4-209>		<http://ids.clld.org/values/4-209-232-1>		"'ḳəl-"@cjh	
"bu'brek"@als	<http://ids.clld.org/values/4-451-205-5>		<http://ids.clld.org/parameters/4-451>		<http://ids.clld.org/values/4-451-232-1>		"mə'tˀus-"@cjh	
"pyerð"@als	<http://ids.clld.org/values/4-640-205-1>		<http://ids.clld.org/parameters/4-640>		<http://ids.clld.org/values/4-640-232-1>		"'pōʔ-"@cjh	
"turp"@als	<http://ids.clld.org/values/16-450-205-1>		<http://ids.clld.org/parameters/16-450>		<http://ids.clld.org/values/16-450-232-1>		"'sixʷi-"@cjh	
"'dritə"@als	<http://ids.clld.org/values/1-610-205-1>		<http://ids.clld.org/parameters/1-610>		<http://ids.clld.org/values/1-610-232-1>		"ḳə'ləχ-"@cjh	
"mbi"@als	<http://ids.clld.org/values/12-80-205-1>		<http://ids.clld.org/parameters/12-80>		<http://ids.clld.org/values/12-80-232-1>		"'tɬˀukʷˀ"@cjh	
"i sə'murə"@als	<http://ids.clld.org/values/4-840-205-1>		<http://ids.clld.org/parameters/4-840>		<http://ids.clld.org/values/4-840-232-3>		"'tač"@cjh	
"i sə'murə"@als	<http://ids.clld.org/values/4-840-205-1>		<http://ids.clld.org/parameters/4-840>		<http://ids.clld.org/values/4-840-232-1>		"'ɬəčˀ"@cjh	
"i sə'murə"@als	<http://ids.clld.org/values/4-840-205-1>		<http://ids.clld.org/parameters/4-840>		<http://ids.clld.org/values/4-840-232-5>		"χaw-"@cjh	
"kʸor̃"@als	<http://ids.clld.org/values/4-970-205-3>		<http://ids.clld.org/parameters/4-970>		<http://ids.clld.org/values/4-970-232-1>		"'ʔəχ-"@cjh	
"kʸor̃"@als	<http://ids.clld.org/values/4-970-205-3>		<http://ids.clld.org/parameters/4-970>		<http://ids.clld.org/values/4-970-232-3>		"'tay-"@cjh	
"guk'son"@als	<http://ids.clld.org/values/4-570-205-1>		<http://ids.clld.org/parameters/4-570>		<http://ids.clld.org/values/4-570-232-1>		"ɬa'χʷa-"@cjh	
"kre'vat"@als	<http://ids.clld.org/values/7-420-205-1>		<http://ids.clld.org/parameters/7-420>		<http://ids.clld.org/values/7-420-232-1>		"c̷ə'kʷi-"@cjh	
"'briɲə"@als	<http://ids.clld.org/values/4-162-205-1>		<http://ids.clld.org/parameters/4-162>		<http://ids.clld.org/values/4-162-232-1>		"'χac̷ˀ-"@cjh	
"'noful"@als	<http://ids.clld.org/values/4-207-205-1>		<http://ids.clld.org/parameters/4-207>		<http://ids.clld.org/values/4-207-232-1>		"'ḳəl-"@cjh	
"pu'šon"@als	<http://ids.clld.org/values/4-912-205-1>		<http://ids.clld.org/parameters/4-912>		<http://ids.clld.org/values/4-912-232-1>		"'naɬa-"@cjh	
"baɲə'zon"@als	<http://ids.clld.org/values/4-690-205-5>		<http://ids.clld.org/parameters/4-690>		<http://ids.clld.org/values/4-690-232-1>		"'pˀǣχluwˀ"@cjh	
"'blʸində"@als	<http://ids.clld.org/values/20-310-205-1>		<http://ids.clld.org/parameters/20-310>		<http://ids.clld.org/values/20-310-232-1>		"ma'c̷alčɬ"@cjh	
"lʸip'san"@als	<http://ids.clld.org/values/4-770-205-3>		<http://ids.clld.org/parameters/4-770>		<http://ids.clld.org/values/4-770-232-1>		"'makʷˀt"@cjh	
"lʸi'kʸen"@als	<http://ids.clld.org/values/1-330-205-1>		<http://ids.clld.org/parameters/1-330>		<http://ids.clld.org/values/1-330-232-1>		"'c̷alaʔɬ-"@cjh	
"'palʸəz"@als	<http://ids.clld.org/values/4-221-205-1>		<http://ids.clld.org/parameters/4-221>		<http://ids.clld.org/values/4-221-232-1>		"'liχ-"@cjh	
"lap"@als	<http://ids.clld.org/values/4-590-205-1>		<http://ids.clld.org/parameters/4-590>		<http://ids.clld.org/values/4-590-232-1>		"'tˀaḳʷa-"@cjh	
"dru zyar̃i"@als	<http://ids.clld.org/values/1-880-205-1>		<http://ids.clld.org/parameters/1-880>		<http://ids.clld.org/values/1-880-232-1>		"'χʷā-"@cjh	
"büz 'lʸük"@als	<http://ids.clld.org/values/4-371-205-5>		<http://ids.clld.org/parameters/4-371>		<http://ids.clld.org/values/4-371-232-1>		"ḳə'muχʷ-"@cjh	
"nen"@als	<http://ids.clld.org/values/4-371-205-3>		<http://ids.clld.org/parameters/4-371>		<http://ids.clld.org/values/4-371-232-1>		"ḳə'muχʷ-"@cjh	
"'tutə"@als	<http://ids.clld.org/values/16-530-205-5>		<http://ids.clld.org/parameters/16-530>		<http://ids.clld.org/values/16-530-232-1>		"ḳʷa'nu-"@cjh	
"'ehul"@als	<http://ids.clld.org/values/8-660-205-1>		<http://ids.clld.org/parameters/8-660>		<http://ids.clld.org/values/8-660-232-1>		"'kʷis-"@cjh	
"ye'ton"@als	<http://ids.clld.org/values/4-740-205-3>		<http://ids.clld.org/parameters/4-740>		<http://ids.clld.org/values/4-740-232-1>		"pˀa'luxʷ"@cjh	
"ye'ton"@als	<http://ids.clld.org/values/4-740-205-3>		<http://ids.clld.org/parameters/4-740>		<http://ids.clld.org/values/4-740-232-3>		"'kʷaxʷ-"@cjh	
"tüm"@als	<http://ids.clld.org/values/1-830-205-1>		<http://ids.clld.org/parameters/1-830>		<http://ids.clld.org/values/1-830-232-1>		"'ḳʷōʔ"@cjh	
"tüm"@als	<http://ids.clld.org/values/1-830-205-1>		<http://ids.clld.org/parameters/1-830>		<http://ids.clld.org/values/1-830-232-3>		"'ḳʷˀuχʷ-"@cjh	
"zyar̃"@als	<http://ids.clld.org/values/1-810-205-1>		<http://ids.clld.org/parameters/1-810>		<http://ids.clld.org/values/1-810-232-1>		"'ḳʷˀətˀ-"@cjh	
"zgor'kon"@als	<http://ids.clld.org/values/9-461-205-3>		<http://ids.clld.org/parameters/9-461>		<http://ids.clld.org/values/9-461-232-1>		"'kʷˀəlxʷ-"@cjh	
"vič"@als	<http://ids.clld.org/values/3-240-205-1>		<http://ids.clld.org/parameters/3-240>		<http://ids.clld.org/values/3-240-232-1>		"'mus"@cjh	
"i mað"@als	<http://ids.clld.org/values/12-550-205-1>		<http://ids.clld.org/parameters/12-550>		<http://ids.clld.org/values/12-550-232-1>		"'kʷac̷"@cjh	
"i'nat"@als	<http://ids.clld.org/values/16-420-205-1>		<http://ids.clld.org/parameters/16-420>		<http://ids.clld.org/values/16-420-232-1>		"ḳə'ɬəχ"@cjh	
"'zor̃ə"@als	<http://ids.clld.org/values/4-461-205-1>		<http://ids.clld.org/parameters/4-461>		<http://ids.clld.org/values/4-461-232-1>		"ḳˀə'yaχ-"@cjh	
"ðyet"@als	<http://ids.clld.org/values/4-660-205-1>		<http://ids.clld.org/parameters/4-660>		<http://ids.clld.org/values/4-660-232-1>		"'c̷ˀəm-"@cjh	
"ðyet"@als	<http://ids.clld.org/values/4-660-205-1>		<http://ids.clld.org/parameters/4-660>		<http://ids.clld.org/values/4-660-232-3>		"mə'nač-"@cjh	
"ðe' eðe"@als	<http://ids.clld.org/values/17-510-205-3>		<http://ids.clld.org/parameters/17-510>		<http://ids.clld.org/values/17-510-232-1>		"ča"@cjh	
"ðe' eðe"@als	<http://ids.clld.org/values/17-510-205-3>		<http://ids.clld.org/parameters/17-510>		<http://ids.clld.org/values/17-510-232-3>		"pəs"@cjh	
"'zgʸua"@als	<http://ids.clld.org/values/3-822-205-1>		<http://ids.clld.org/parameters/3-822>		<http://ids.clld.org/values/3-822-232-1>		"'c̷ičs"@cjh	
"i 'kalʸtər"@als	<http://ids.clld.org/values/15-670-205-1>		<http://ids.clld.org/parameters/15-670>		<http://ids.clld.org/values/15-670-232-1>		"'ḳʷˀiχ-"@cjh	
"'krüe"@als	<http://ids.clld.org/values/4-200-205-3>		<http://ids.clld.org/parameters/4-200>		<http://ids.clld.org/values/4-200-232-1>		"'matin-"@cjh	
"'borə"@als	<http://ids.clld.org/values/1-760-205-1>		<http://ids.clld.org/parameters/1-760>		<http://ids.clld.org/values/1-760-232-1>		"'ɬaḳʷˀ-"@cjh	
"lʸara'viðe"@als	<http://ids.clld.org/values/3-814-205-1>		<http://ids.clld.org/parameters/3-814>		<http://ids.clld.org/values/3-814-232-1>		"'ʔaxʷpˀaḳˀimɬn"@cjh	
"pə'ləmbə"@als	<http://ids.clld.org/values/4-331-205-1>		<http://ids.clld.org/parameters/4-331>		<http://ids.clld.org/values/4-331-232-1>		"tˀa'las-"@cjh	
"'skʸetul"@als	<http://ids.clld.org/values/4-312-205-1>		<http://ids.clld.org/parameters/4-312>		<http://ids.clld.org/values/4-312-232-1>		"'tɬˀəp"@cjh	
"'mac̷e"@als	<http://ids.clld.org/values/3-620-205-1>		<http://ids.clld.org/parameters/3-620>		<http://ids.clld.org/values/3-620-232-1>		"'pišpiš"@cjh	
"'lʸindet"@als	<http://ids.clld.org/values/4-720-205-3>		<http://ids.clld.org/parameters/4-720>		<http://ids.clld.org/values/4-720-232-1>		"'manˀ"@cjh	
"kur̃iz"@als	<http://ids.clld.org/values/4-190-205-3>		<http://ids.clld.org/parameters/4-190>		<http://ids.clld.org/values/4-190-232-1>		"'ɬawl-"@cjh	
"i 'bukur"@als	<http://ids.clld.org/values/16-810-205-1>		<http://ids.clld.org/parameters/16-810>		<http://ids.clld.org/values/16-810-232-1>		"'ʔəy"@cjh	
"u'yerk"@als	<http://ids.clld.org/values/4-857-205-3>		<http://ids.clld.org/parameters/4-857>		<http://ids.clld.org/values/4-857-232-1>		"'təmn-"@cjh	
"'barkə"@als	<http://ids.clld.org/values/10-830-205-3>		<http://ids.clld.org/parameters/10-830>		<http://ids.clld.org/values/10-830-232-1>		"'put"@cjh	
"krah"@als	<http://ids.clld.org/values/4-392-205-1>		<http://ids.clld.org/parameters/4-392>		<http://ids.clld.org/values/4-392-232-1>		"tɬˀə'ḳˀali-"@cjh	
"bu'lungə"@als	<http://ids.clld.org/values/4-853-205-1>		<http://ids.clld.org/parameters/4-853>		<http://ids.clld.org/values/4-853-232-1>		"pu'su-"@cjh	
"i 'fortə"@als	<http://ids.clld.org/values/4-810-205-3>		<http://ids.clld.org/parameters/4-810>		<http://ids.clld.org/values/4-810-232-1>		"'c̷ˀəp"@cjh	
"pər'poš"@als	<http://ids.clld.org/values/12-30-205-3>		<http://ids.clld.org/parameters/12-30>		<http://ids.clld.org/values/12-30-232-1>		"'ɬa-"@cjh	
"'dorə"@als	<http://ids.clld.org/values/4-330-205-1>		<http://ids.clld.org/parameters/4-330>		<http://ids.clld.org/values/4-330-232-1>		"'čališ-"@cjh	
"kafšə"@als	<http://ids.clld.org/values/3-110-205-1>		<http://ids.clld.org/parameters/3-110>		<http://ids.clld.org/values/3-110-232-1>		"'χəs"@cjh	
"furtunə"@als	<http://ids.clld.org/values/1-580-205-3>		<http://ids.clld.org/parameters/1-580>		<http://ids.clld.org/values/1-580-232-1>		"'χəs"@cjh	
"'büθə"@als	<http://ids.clld.org/values/4-464-205-5>		<http://ids.clld.org/parameters/4-464>		<http://ids.clld.org/values/4-464-232-1>		"'χʷum-"@cjh	
"priš"@als	<http://ids.clld.org/values/9-260-205-1>		<http://ids.clld.org/parameters/9-260>		<http://ids.clld.org/values/9-260-232-1>		"'χətɬˀ-"@cjh	
"pulʸ'kʸer"@als	<http://ids.clld.org/values/4-342-205-1>		<http://ids.clld.org/parameters/4-342>		<http://ids.clld.org/values/4-342-232-1>		"šɬč'tunway-"@cjh	
"'špatul"@als	<http://ids.clld.org/values/4-301-205-1>		<http://ids.clld.org/parameters/4-301>		<http://ids.clld.org/values/4-301-232-3>		"'čǣ"@cjh	
"'špatul"@als	<http://ids.clld.org/values/4-301-205-1>		<http://ids.clld.org/parameters/4-301>		<http://ids.clld.org/values/4-301-232-1>		"'šawˀ"@cjh	
"dru"@als	<http://ids.clld.org/values/1-430-205-1>		<http://ids.clld.org/parameters/1-430>		<http://ids.clld.org/values/1-430-232-1>		"'tɬˀəš-tɬˀaš-"@cjh	
"krah"@als	<http://ids.clld.org/values/4-310-205-1>		<http://ids.clld.org/parameters/4-310>		<http://ids.clld.org/values/4-310-232-1>		"'čališ-"@cjh	
"kʸe'palə"@als	<http://ids.clld.org/values/4-213-205-1>		<http://ids.clld.org/parameters/4-213>		<http://ids.clld.org/values/4-213-232-1>		"'šic̷-"@cjh	
"'lʸibər"@als	<http://ids.clld.org/values/18-610-205-1>		<http://ids.clld.org/parameters/18-610>		<http://ids.clld.org/values/18-610-232-1>		"[buk]"@cjh	
"pas'dreke"@als	<http://ids.clld.org/values/14-451-205-1>		<http://ids.clld.org/parameters/14-451>		<http://ids.clld.org/values/14-451-232-1>		"ɬu'kʷaɬ"@cjh	
"'hiye"@als	<http://ids.clld.org/values/1-630-205-1>		<http://ids.clld.org/parameters/1-630>		<http://ids.clld.org/values/1-630-232-3>		"ḳaḳ-"@cjh	
"'hiye"@als	<http://ids.clld.org/values/1-630-205-1>		<http://ids.clld.org/parameters/1-630>		<http://ids.clld.org/values/1-630-232-1>		"'taḳa-"@cjh	
"pül"@als	<http://ids.clld.org/values/1-410-205-1>		<http://ids.clld.org/parameters/1-410>		<http://ids.clld.org/values/1-410-232-3>		"'yamac̷-"@cjh	
"pül"@als	<http://ids.clld.org/values/1-410-205-1>		<http://ids.clld.org/parameters/1-410>		<http://ids.clld.org/values/1-410-232-1>		"'χatɬˀ"@cjh	
"pül"@als	<http://ids.clld.org/values/1-410-205-1>		<http://ids.clld.org/parameters/1-410>		<http://ids.clld.org/values/1-410-232-5>		"χa'siɬšin-"@cjh	
"'lʸetər"@als	<http://ids.clld.org/values/18-560-205-1>		<http://ids.clld.org/parameters/18-560>		<http://ids.clld.org/values/18-560-232-1>		"['pipa]"@cjh	
"lʸa'kon"@als	<http://ids.clld.org/values/9-140-205-3>		<http://ids.clld.org/parameters/9-140>		<http://ids.clld.org/values/9-140-232-1>		"'puyi-"@cjh	
"əndə'r̃on"@als	<http://ids.clld.org/values/4-620-205-1>		<http://ids.clld.org/parameters/4-620>		<http://ids.clld.org/values/4-620-232-1>		"'tukʷli-"@cjh	
"zdrukθə'tar"@als	<http://ids.clld.org/values/9-430-205-3>		<http://ids.clld.org/parameters/9-430>		<http://ids.clld.org/values/9-430-232-1>		"pə'tus-"@cjh	
"šurð"@als	<http://ids.clld.org/values/4-950-205-3>		<http://ids.clld.org/parameters/4-950>		<http://ids.clld.org/values/4-950-232-1>		"'təḳ-"@cjh	
"'išul"@als	<http://ids.clld.org/values/1-250-205-1>		<http://ids.clld.org/parameters/1-250>		<http://ids.clld.org/values/1-250-232-1>		"tˀa'čǣʔ"@cjh	
"re"@als	<http://ids.clld.org/values/1-730-205-1>		<http://ids.clld.org/parameters/1-730>		<http://ids.clld.org/values/1-730-232-3>		"ti'pi-"@cjh	
"re"@als	<http://ids.clld.org/values/1-730-205-1>		<http://ids.clld.org/parameters/1-730>		<http://ids.clld.org/values/1-730-232-1>		"ɬt-"@cjh	
"'lundər"@als	<http://ids.clld.org/values/10-830-205-5>		<http://ids.clld.org/parameters/10-830>		<http://ids.clld.org/values/10-830-232-1>		"'put"@cjh	
"breg"@als	<http://ids.clld.org/values/1-270-205-5>		<http://ids.clld.org/parameters/1-270>		<http://ids.clld.org/values/1-270-232-3>		"tˀəmš-"@cjh	
"breg"@als	<http://ids.clld.org/values/1-270-205-5>		<http://ids.clld.org/parameters/1-270>		<http://ids.clld.org/values/1-270-232-1>		"'šəm-"@cjh	
"breg"@als	<http://ids.clld.org/values/1-270-205-5>		<http://ids.clld.org/parameters/1-270>		<http://ids.clld.org/values/1-270-232-5>		"'yəl-"@cjh	
"krimb"@als	<http://ids.clld.org/values/3-840-205-1>		<http://ids.clld.org/parameters/3-840>		<http://ids.clld.org/values/3-840-232-1>		"'ḳʷat-"@cjh	
"dyeg"@als	<http://ids.clld.org/values/1-851-205-1>		<http://ids.clld.org/parameters/1-851>		<http://ids.clld.org/values/1-851-232-3>		"'kəw-"@cjh	
"dyeg"@als	<http://ids.clld.org/values/1-851-205-1>		<http://ids.clld.org/parameters/1-851>		<http://ids.clld.org/values/1-851-232-1>		"'ɬəχ-"@cjh	
"'mizə 'ðeu"@als	<http://ids.clld.org/values/3-817-205-3>		<http://ids.clld.org/parameters/3-817>		<http://ids.clld.org/values/3-817-232-1>		"c̷ˀ'skiyaḳ-"@cjh	
"ba'tic̷a"@als	<http://ids.clld.org/values/1-354-205-1>		<http://ids.clld.org/parameters/1-354>		<http://ids.clld.org/values/1-354-232-1>		"ta'wǣlˀs"@cjh	
"gʸi"@als	<http://ids.clld.org/values/1-340-205-1>		<http://ids.clld.org/parameters/1-340>		<http://ids.clld.org/values/1-340-232-1>		"'ḳiwal-"@cjh	
"škəmb"@als	<http://ids.clld.org/values/1-440-205-3>		<http://ids.clld.org/parameters/1-440>		<http://ids.clld.org/values/1-440-232-1>		"pa'talan-"@cjh	
"škəmb"@als	<http://ids.clld.org/values/1-440-205-3>		<http://ids.clld.org/parameters/1-440>		<http://ids.clld.org/values/1-440-232-3>		"'tawˀ"@cjh	
"škəmb"@als	<http://ids.clld.org/values/1-440-205-3>		<http://ids.clld.org/parameters/1-440>		<http://ids.clld.org/values/1-440-232-5>		"'səwin-"@cjh	
"tə ndeɲurat"@als	<http://ids.clld.org/values/4-464-205-3>		<http://ids.clld.org/parameters/4-464>		<http://ids.clld.org/values/4-464-232-1>		"'χʷum-"@cjh	
"'kʸafə"@als	<http://ids.clld.org/values/4-280-205-1>		<http://ids.clld.org/parameters/4-280>		<http://ids.clld.org/values/4-280-232-1>		"'χətɬˀ-"@cjh	
"gər'hin"@als	<http://ids.clld.org/values/4-612-205-3>		<http://ids.clld.org/parameters/4-612>		<http://ids.clld.org/values/4-612-232-1>		"'χʷōlan-"@cjh	
"'tur̃et"@als	<http://ids.clld.org/values/20-430-205-3>		<http://ids.clld.org/parameters/20-430>		<http://ids.clld.org/values/20-430-232-1>		"ḳa'li-"@cjh	
"flʸet'rac̷"@als	<http://ids.clld.org/values/3-591-205-5>		<http://ids.clld.org/parameters/3-591>		<http://ids.clld.org/values/3-591-232-1>		"wa'yəχ"@cjh	
"pruš"@als	<http://ids.clld.org/values/1-841-205-1>		<http://ids.clld.org/parameters/1-841>		<http://ids.clld.org/values/1-841-232-1>		"'ḳʷˀaɬ-"@cjh	
"mbas"@als	<http://ids.clld.org/values/12-10-205-3>		<http://ids.clld.org/parameters/12-10>		<http://ids.clld.org/values/12-10-232-1>		"'ʔaw-"@cjh	
"maran'goz"@als	<http://ids.clld.org/values/9-430-205-1>		<http://ids.clld.org/parameters/9-430>		<http://ids.clld.org/values/9-430-232-1>		"pə'tus-"@cjh	
"fi'lon"@als	<http://ids.clld.org/values/14-250-205-1>		<http://ids.clld.org/parameters/14-250>		<http://ids.clld.org/values/14-250-232-1>		"'tulap-"@cjh	
"'flʸutur"@als	<http://ids.clld.org/values/3-920-205-1>		<http://ids.clld.org/parameters/3-920>		<http://ids.clld.org/values/3-920-232-1>		"χa'lewχalu"@cjh	
"vu'r̃atə"@als	<http://ids.clld.org/values/4-858-205-5>		<http://ids.clld.org/parameters/4-858>		<http://ids.clld.org/values/4-858-232-1>		"'ɬumi-"@cjh	
"'uyə"@als	<http://ids.clld.org/values/1-310-205-1>		<http://ids.clld.org/parameters/1-310>		<http://ids.clld.org/values/1-310-232-1>		"'ḳāʔ"@cjh	
"'r̃uzul"@als	<http://ids.clld.org/values/12-830-205-1>		<http://ids.clld.org/parameters/12-830>		<http://ids.clld.org/values/12-830-232-1>		"'pōsaḳˀ-"@cjh	
"fund"@als	<http://ids.clld.org/values/12-340-205-1>		<http://ids.clld.org/parameters/12-340>		<http://ids.clld.org/values/12-340-232-1>		"'nuw-"@cjh	
"yar'gos"@als	<http://ids.clld.org/values/4-591-205-1>		<http://ids.clld.org/parameters/4-591>		<http://ids.clld.org/values/4-591-232-1>		"'c̷ətχ-"@cjh	
"belʸe'ǰik"@als	<http://ids.clld.org/values/6-740-205-3>		<http://ids.clld.org/parameters/6-740>		<http://ids.clld.org/values/6-740-232-1>		"'ʔuc̷ˀs"@cjh	
"'ngrihet"@als	<http://ids.clld.org/values/10-210-205-1>		<http://ids.clld.org/parameters/10-210>		<http://ids.clld.org/values/10-210-232-1>		"'xʷətˀi-"@cjh	
"[okʸean]"@als	<http://ids.clld.org/values/1-329-205-1>		<http://ids.clld.org/parameters/1-329>		<http://ids.clld.org/values/1-329-232-1>		"'ḳiwal-"@cjh	
"zemə'ratə"@als	<http://ids.clld.org/values/16-420-205-3>		<http://ids.clld.org/parameters/16-420>		<http://ids.clld.org/values/16-420-232-1>		"ḳə'ɬəχ"@cjh	
"'damkə"@als	<http://ids.clld.org/values/4-858-205-9>		<http://ids.clld.org/parameters/4-858>		<http://ids.clld.org/values/4-858-232-1>		"'ɬumi-"@cjh	
"va'r̃os"@als	<http://ids.clld.org/values/4-780-205-1>		<http://ids.clld.org/parameters/4-780>		<http://ids.clld.org/values/4-780-232-1>		"'nəm-"@cjh	
"blʸen"@als	<http://ids.clld.org/values/11-810-205-1>		<http://ids.clld.org/parameters/11-810>		<http://ids.clld.org/values/11-810-232-1>		"'ɬəḳʷ-"@cjh	
"'r̃ümə"@als	<http://ids.clld.org/values/1-352-205-3>		<http://ids.clld.org/parameters/1-352>		<http://ids.clld.org/values/1-352-232-3>		"'šāptc̷in"@cjh	
"'r̃ümə"@als	<http://ids.clld.org/values/1-352-205-3>		<http://ids.clld.org/parameters/1-352>		<http://ids.clld.org/values/1-352-232-1>		"χə'pi-"@cjh	
"i'lʸač"@als	<http://ids.clld.org/values/4-880-205-1>		<http://ids.clld.org/parameters/4-880>		<http://ids.clld.org/values/4-880-232-1>		"ʔa'yōʔi-"@cjh	
"'kore"@als	<http://ids.clld.org/values/8-750-205-3>		<http://ids.clld.org/parameters/8-750>		<http://ids.clld.org/values/8-750-232-1>		"pˀā'lan-"@cjh	
"kre'nohet"@als	<http://ids.clld.org/values/18-450-205-3>		<http://ids.clld.org/parameters/18-450>		<http://ids.clld.org/values/18-450-232-1>		"'c̷əp-"@cjh	
"'trüsa"@als	<http://ids.clld.org/values/4-271-205-1>		<http://ids.clld.org/parameters/4-271>		<http://ids.clld.org/values/4-271-232-1>		"kʷa'təl-"@cjh	
"trup"@als	<http://ids.clld.org/values/4-110-205-1>		<http://ids.clld.org/parameters/4-110>		<http://ids.clld.org/values/4-110-232-1>		"'nawa-"@cjh	
"i fu'kʸišəm"@als	<http://ids.clld.org/values/4-810-205-1>		<http://ids.clld.org/parameters/4-810>		<http://ids.clld.org/values/4-810-232-1>		"'c̷ˀəp"@cjh	
"r̃a'dake"@als	<http://ids.clld.org/values/4-202-205-3>		<http://ids.clld.org/parameters/4-202>		<http://ids.clld.org/values/4-202-232-1>		"ḳə'ʔuḳʷlas-"@cjh	
"lʸart"@als	<http://ids.clld.org/values/12-80-205-7>		<http://ids.clld.org/parameters/12-80>		<http://ids.clld.org/values/12-80-232-1>		"'tɬˀukʷˀ"@cjh	
"pər'mbi"@als	<http://ids.clld.org/values/12-80-205-3>		<http://ids.clld.org/parameters/12-80>		<http://ids.clld.org/values/12-80-232-1>		"'tɬˀukʷˀ"@cjh	
"'flʸakə"@als	<http://ids.clld.org/values/1-820-205-1>		<http://ids.clld.org/parameters/1-820>		<http://ids.clld.org/values/1-820-232-1>		"'kəw-"@cjh	
"'θadər"@als	<http://ids.clld.org/values/9-251-205-1>		<http://ids.clld.org/parameters/9-251>		<http://ids.clld.org/values/9-251-232-1>		"'tɬˀəm-"@cjh	
"i 'čalʸə"@als	<http://ids.clld.org/values/4-940-205-1>		<http://ids.clld.org/parameters/4-940>		<http://ids.clld.org/values/4-940-232-1>		"'ḳˀāχi-"@cjh	
"'pendə"@als	<http://ids.clld.org/values/4-393-205-1>		<http://ids.clld.org/parameters/4-393>		<http://ids.clld.org/values/4-393-232-1>		"'tˀuḳʷ-"@cjh	
"c̷i'mbilʸ"@als	<http://ids.clld.org/values/6-370-205-5>		<http://ids.clld.org/parameters/6-370>		<http://ids.clld.org/values/6-370-232-1>		"makʷ-"@cjh	
"lʸind"@als	<http://ids.clld.org/values/4-720-205-1>		<http://ids.clld.org/parameters/4-720>		<http://ids.clld.org/values/4-720-232-1>		"'manˀ"@cjh	
"er̃a'sirə"@als	<http://ids.clld.org/values/1-620-205-3>		<http://ids.clld.org/parameters/1-620>		<http://ids.clld.org/values/1-620-232-1>		"tˀa'nˀap"@cjh	
"'kʸepet"@als	<http://ids.clld.org/values/4-670-205-3>		<http://ids.clld.org/parameters/4-670>		<http://ids.clld.org/values/4-670-232-3>		"'yōmi-"@cjh	
"'kʸepet"@als	<http://ids.clld.org/values/4-670-205-3>		<http://ids.clld.org/parameters/4-670>		<http://ids.clld.org/values/4-670-232-1>		"c̷a'kʷu-"@cjh	
"belʸ"@als	<http://ids.clld.org/values/4-462-205-1>		<http://ids.clld.org/parameters/4-462>		<http://ids.clld.org/values/4-462-232-1>		"'wit-"@cjh	
"pyek"@als	<http://ids.clld.org/values/5-240-205-1>		<http://ids.clld.org/parameters/5-240>		<http://ids.clld.org/values/5-240-232-3>		"c̷ˀa'χʷasi-"@cjh	
"pyek"@als	<http://ids.clld.org/values/5-240-205-1>		<http://ids.clld.org/parameters/5-240>		<http://ids.clld.org/values/5-240-232-1>		"'ʔac̷aḳʷi-"@cjh	
"'člʸoðet"@als	<http://ids.clld.org/values/4-912-205-3>		<http://ids.clld.org/parameters/4-912>		<http://ids.clld.org/values/4-912-232-1>		"'naɬa-"@cjh	
"štat'zənə"@als	<http://ids.clld.org/values/4-730-205-1>		<http://ids.clld.org/parameters/4-730>		<http://ids.clld.org/values/4-730-232-1>		"'nəxʷ-"@cjh	
"bər̃ül"@als	<http://ids.clld.org/values/4-320-205-1>		<http://ids.clld.org/parameters/4-320>		<http://ids.clld.org/values/4-320-232-1>		"ta'nˀis-"@cjh	
"'lʸahet"@als	<http://ids.clld.org/values/4-690-205-1>		<http://ids.clld.org/parameters/4-690>		<http://ids.clld.org/values/4-690-232-1>		"'pˀǣχluwˀ"@cjh	
"r̃uful"@als	<http://ids.clld.org/values/1-362-205-5>		<http://ids.clld.org/parameters/1-362>		<http://ids.clld.org/values/1-362-232-1>		"'pˀalkʷˀ"@cjh	
"var̃"@als	<http://ids.clld.org/values/4-790-205-1>		<http://ids.clld.org/parameters/4-790>		<http://ids.clld.org/values/4-790-232-1>		"'makʷˀt"@cjh	
"uš'tri"@als	<http://ids.clld.org/values/20-150-205-1>		<http://ids.clld.org/parameters/20-150>		<http://ids.clld.org/values/20-150-232-1>		"'sulčs"@cjh	
"lʸeš"@als	<http://ids.clld.org/values/4-140-205-3>		<http://ids.clld.org/parameters/4-140>		<http://ids.clld.org/values/4-140-232-1>		"čˀə'sis-"@cjh	
"i škəl'kʸüšəm"@als	<http://ids.clld.org/values/15-570-205-1>		<http://ids.clld.org/parameters/15-570>		<http://ids.clld.org/values/15-570-232-1>		"ḳə'ləχ"@cjh	
"'bie"@als	<http://ids.clld.org/values/10-620-205-3>		<http://ids.clld.org/parameters/10-620>		<http://ids.clld.org/values/10-620-232-1>		"'tˀul-"@cjh	
"i 'verbər"@als	<http://ids.clld.org/values/4-970-205-1>		<http://ids.clld.org/parameters/4-970>		<http://ids.clld.org/values/4-970-232-1>		"'ʔəχ-"@cjh	
"i 'verbər"@als	<http://ids.clld.org/values/4-970-205-1>		<http://ids.clld.org/parameters/4-970>		<http://ids.clld.org/values/4-970-232-3>		"'tay-"@cjh	
"'zien"@als	<http://ids.clld.org/values/5-220-205-1>		<http://ids.clld.org/parameters/5-220>		<http://ids.clld.org/values/5-220-232-1>		"'c̷əḳ-"@cjh	
"'zien"@als	<http://ids.clld.org/values/5-220-205-1>		<http://ids.clld.org/parameters/5-220>		<http://ids.clld.org/values/5-220-232-3>		"'ləp-"@cjh	
"kaf'šon"@als	<http://ids.clld.org/values/4-580-205-1>		<http://ids.clld.org/parameters/4-580>		<http://ids.clld.org/values/4-580-232-1>		"'tˀəkʷˀ-"@cjh	
"'kruarye"@als	<http://ids.clld.org/values/4-854-205-1>		<http://ids.clld.org/parameters/4-854>		<http://ids.clld.org/values/4-854-232-1>		"'c̷ˀaḳa-"@cjh	
"ka'r̃ige"@als	<http://ids.clld.org/values/7-430-205-1>		<http://ids.clld.org/parameters/7-430>		<http://ids.clld.org/values/7-430-232-1>		"ta'wila-"@cjh	
"gʸeð"@als	<http://ids.clld.org/values/3-200-205-1>		<http://ids.clld.org/parameters/3-200>		<http://ids.clld.org/values/3-200-232-1>		"'mus"@cjh	
"'eðe ɲə 'herə"@als	<http://ids.clld.org/values/14-350-205-3>		<http://ids.clld.org/parameters/14-350>		<http://ids.clld.org/values/14-350-232-1>		"'ɬeʔ"@cjh	
"'pemə"@als	<http://ids.clld.org/values/5-710-205-3>		<http://ids.clld.org/parameters/5-710>		<http://ids.clld.org/values/5-710-232-1>		"ḳʷˀə'li-"@cjh	
"ar'mor"@als	<http://ids.clld.org/values/20-310-205-3>		<http://ids.clld.org/parameters/20-310>		<http://ids.clld.org/values/20-310-232-1>		"ma'c̷alčɬ"@cjh	
"früt"@als	<http://ids.clld.org/values/5-710-205-1>		<http://ids.clld.org/parameters/5-710>		<http://ids.clld.org/values/5-710-232-1>		"ḳʷˀə'li-"@cjh	
"brez"@als	<http://ids.clld.org/values/4-462-205-3>		<http://ids.clld.org/parameters/4-462>		<http://ids.clld.org/values/4-462-232-1>		"'wit-"@cjh	
"'pošti i ku'r̃iz"@als	<http://ids.clld.org/values/4-191-205-1>		<http://ids.clld.org/parameters/4-191>		<http://ids.clld.org/values/4-191-232-3>		"'šawˀ"@cjh	
"'pošti i ku'r̃iz"@als	<http://ids.clld.org/values/4-191-205-1>		<http://ids.clld.org/parameters/4-191>		<http://ids.clld.org/values/4-191-232-1>		"'nəw-"@cjh	
"'pošti i ku'r̃iz"@als	<http://ids.clld.org/values/4-191-205-1>		<http://ids.clld.org/parameters/4-191>		<http://ids.clld.org/values/4-191-232-5>		"χaw-"@cjh	
"vesə"@als	<http://ids.clld.org/values/1-640-205-1>		<http://ids.clld.org/parameters/1-640>		<http://ids.clld.org/values/1-640-232-1>		"'səxʷ-"@cjh	
"'pulə"@als	<http://ids.clld.org/values/6-620-205-5>		<http://ids.clld.org/parameters/6-620>		<http://ids.clld.org/values/6-620-232-1>		"'ɬana-"@cjh	
"i lʸig"@als	<http://ids.clld.org/values/16-720-205-3>		<http://ids.clld.org/parameters/16-720>		<http://ids.clld.org/values/16-720-232-1>		"'χəs"@cjh	
"'mbütur"@als	<http://ids.clld.org/values/4-751-205-1>		<http://ids.clld.org/parameters/4-751>		<http://ids.clld.org/values/4-751-232-1>		"'čˀəɬ-"@cjh	
"vetə'timə"@als	<http://ids.clld.org/values/1-550-205-1>		<http://ids.clld.org/parameters/1-550>		<http://ids.clld.org/values/1-550-232-1>		"'ḳʷat-"@cjh	
"diel"@als	<http://ids.clld.org/values/1-520-205-1>		<http://ids.clld.org/parameters/1-520>		<http://ids.clld.org/values/1-520-232-1>		"ɬu'kʷaɬ"@cjh	
"gə'zof"@als	<http://ids.clld.org/values/6-280-205-1>		<http://ids.clld.org/parameters/6-280>		<http://ids.clld.org/values/6-280-232-1>		"tˀa'min"@cjh	
"'uǰə"@als	<http://ids.clld.org/values/1-280-205-5>		<http://ids.clld.org/parameters/1-280>		<http://ids.clld.org/values/1-280-232-1>		"ʔac̷'kʷˀalaxʷɬ"@cjh	
"gʸegʸ"@als	<http://ids.clld.org/values/18-320-205-3>		<http://ids.clld.org/parameters/18-320>		<http://ids.clld.org/values/18-320-232-1>		"'kʷawˀ-"@cjh	
"'blore"@als	<http://ids.clld.org/values/8-750-205-5>		<http://ids.clld.org/parameters/8-750>		<http://ids.clld.org/values/8-750-232-1>		"pˀā'lan-"@cjh	
"bülʸü'zük"@als	<http://ids.clld.org/values/6-740-205-1>		<http://ids.clld.org/parameters/6-740>		<http://ids.clld.org/values/6-740-232-1>		"'ʔuc̷ˀs"@cjh	
"muškə'ri"@als	<http://ids.clld.org/values/4-441-205-1>		<http://ids.clld.org/parameters/4-441>		<http://ids.clld.org/values/4-441-232-1>		"'pˀus-"@cjh	
"vret"@als	<http://ids.clld.org/values/4-760-205-1>		<http://ids.clld.org/parameters/4-760>		<http://ids.clld.org/values/4-760-232-1>		"'tixʷni-"@cjh	
"'tokə"@als	<http://ids.clld.org/values/1-212-205-1>		<http://ids.clld.org/parameters/1-212>		<http://ids.clld.org/values/1-212-232-1>		"tə'miš-"@cjh	
"žarg"@als	<http://ids.clld.org/values/8-750-205-1>		<http://ids.clld.org/parameters/8-750>		<http://ids.clld.org/values/8-750-232-1>		"pˀā'lan-"@cjh	
"zverk"@als	<http://ids.clld.org/values/4-281-205-3>		<http://ids.clld.org/parameters/4-281>		<http://ids.clld.org/values/4-281-232-1>		"'ʔaw-"@cjh	
"'šuay"@als	<http://ids.clld.org/values/1-861-205-1>		<http://ids.clld.org/parameters/1-861>		<http://ids.clld.org/values/1-861-232-1>		"'kʷˀəlčˀ-"@cjh	
"vdes"@als	<http://ids.clld.org/values/4-750-205-1>		<http://ids.clld.org/parameters/4-750>		<http://ids.clld.org/values/4-750-232-1>		"'ʔatmin-"@cjh	
"bri"@als	<http://ids.clld.org/values/4-170-205-1>		<http://ids.clld.org/parameters/4-170>		<http://ids.clld.org/values/4-170-232-1>		"wi'nawˀ"@cjh	
"dru"@als	<http://ids.clld.org/values/8-600-205-3>		<http://ids.clld.org/parameters/8-600>		<http://ids.clld.org/values/8-600-232-1>		"'tɬˀəš"@cjh	
"dru"@als	<http://ids.clld.org/values/8-600-205-3>		<http://ids.clld.org/parameters/8-600>		<http://ids.clld.org/values/8-600-232-3>		"tɬˀaš-"@cjh	
"dü'ɲa"@als	<http://ids.clld.org/values/1-100-205-7>		<http://ids.clld.org/parameters/1-100>		<http://ids.clld.org/values/1-100-232-1>		"tə'miš-"@cjh	
"r̃ip"@als	<http://ids.clld.org/values/6-570-205-3>		<http://ids.clld.org/parameters/6-570>		<http://ids.clld.org/values/6-570-232-1>		"'tˀəḳ-"@cjh	
"ðəm'balə"@als	<http://ids.clld.org/values/4-272-205-1>		<http://ids.clld.org/parameters/4-272>		<http://ids.clld.org/values/4-272-232-1>		"kʷˀa'ya-"@cjh	
"kʸü'mür"@als	<http://ids.clld.org/values/1-890-205-1>		<http://ids.clld.org/parameters/1-890>		<http://ids.clld.org/values/1-890-232-1>		"'c̷ˀæ(?)-"@cjh	
"bark"@als	<http://ids.clld.org/values/4-460-205-1>		<http://ids.clld.org/parameters/4-460>		<http://ids.clld.org/values/4-460-232-1>		"'tɬˀač"@cjh	
"bark"@als	<http://ids.clld.org/values/4-460-205-1>		<http://ids.clld.org/parameters/4-460>		<http://ids.clld.org/values/4-460-232-3>		"'kʷˀasin-"@cjh	
"bark"@als	<http://ids.clld.org/values/4-460-205-1>		<http://ids.clld.org/parameters/4-460>		<http://ids.clld.org/values/4-460-232-5>		"'tawˀ"@cjh	
"pər'tüp"@als	<http://ids.clld.org/values/5-180-205-1>		<http://ids.clld.org/parameters/5-180>		<http://ids.clld.org/values/5-180-232-1>		"kʷˀa'ya-"@cjh	
"pal"@als	<http://ids.clld.org/values/4-146-205-5>		<http://ids.clld.org/parameters/4-146>		<http://ids.clld.org/values/4-146-232-1>		"'ʔiɬn"@cjh	
"kə'netə"@als	<http://ids.clld.org/values/1-380-205-1>		<http://ids.clld.org/parameters/1-380>		<http://ids.clld.org/values/1-380-232-1>		"'paɬχn-"@cjh	
"'para"@als	<http://ids.clld.org/values/12-40-205-1>		<http://ids.clld.org/parameters/12-40>		<http://ids.clld.org/values/12-40-232-1>		"'c̷əni"@cjh	
"šən'doš"@als	<http://ids.clld.org/values/4-860-205-3>		<http://ids.clld.org/parameters/4-860>		<http://ids.clld.org/values/4-860-232-1>		"'pəlxʷ-"@cjh	
"lʸu'gon"@als	<http://ids.clld.org/values/9-461-205-5>		<http://ids.clld.org/parameters/9-461>		<http://ids.clld.org/values/9-461-232-1>		"'kʷˀəlxʷ-"@cjh	
"malʸ"@als	<http://ids.clld.org/values/1-220-205-1>		<http://ids.clld.org/parameters/1-220>		<http://ids.clld.org/values/1-220-232-1>		"'maniči-"@cjh	
"malʸ"@als	<http://ids.clld.org/values/1-220-205-1>		<http://ids.clld.org/parameters/1-220>		<http://ids.clld.org/values/1-220-232-3>		"'məkʷˀ-"@cjh	
"čdo"@als	<http://ids.clld.org/values/13-140-205-1>		<http://ids.clld.org/parameters/13-140>		<http://ids.clld.org/values/13-140-232-1>		"ḳˀa-"@cjh	
"sto'mak"@als	<http://ids.clld.org/values/4-460-205-3>		<http://ids.clld.org/parameters/4-460>		<http://ids.clld.org/values/4-460-232-1>		"'tɬˀač"@cjh	
"sto'mak"@als	<http://ids.clld.org/values/4-460-205-3>		<http://ids.clld.org/parameters/4-460>		<http://ids.clld.org/values/4-460-232-3>		"'kʷˀasin-"@cjh	
"sto'mak"@als	<http://ids.clld.org/values/4-460-205-3>		<http://ids.clld.org/parameters/4-460>		<http://ids.clld.org/values/4-460-232-5>		"'tawˀ"@cjh	
"kər'θizə"@als	<http://ids.clld.org/values/12-370-205-3>		<http://ids.clld.org/parameters/12-370>		<http://ids.clld.org/values/12-370-232-1>		"'kʷac̷-"@cjh	
"šən'det"@als	<http://ids.clld.org/values/4-830-205-3>		<http://ids.clld.org/parameters/4-830>		<http://ids.clld.org/values/4-830-232-1>		"'c̷ˀəp"@cjh	
"'bletə"@als	<http://ids.clld.org/values/3-820-205-1>		<http://ids.clld.org/parameters/3-820>		<http://ids.clld.org/values/3-820-232-1>		"ḳʷa'təm-"@cjh	
"r̃ə'c̷ok"@als	<http://ids.clld.org/values/4-856-205-3>		<http://ids.clld.org/parameters/4-856>		<http://ids.clld.org/values/4-856-232-1>		"pu'su-"@cjh	
"r̃ə'c̷ok"@als	<http://ids.clld.org/values/4-856-205-3>		<http://ids.clld.org/parameters/4-856>		<http://ids.clld.org/values/4-856-232-3>		"'ɬəχʷəl-"@cjh	
"kʸur̃a"@als	<http://ids.clld.org/values/4-232-205-1>		<http://ids.clld.org/parameters/4-232>		<http://ids.clld.org/values/4-232-232-1>		"'tˀəp-"@cjh	
"i 'vetəm"@als	<http://ids.clld.org/values/13-330-205-1>		<http://ids.clld.org/parameters/13-330>		<http://ids.clld.org/values/13-330-232-1>		"'ʔuc̷ˀs"@cjh	
"gʸir"@als	<http://ids.clld.org/values/1-362-205-3>		<http://ids.clld.org/parameters/1-362>		<http://ids.clld.org/values/1-362-232-1>		"'pˀalkʷˀ"@cjh	
"'ster̃ə"@als	<http://ids.clld.org/values/15-650-205-3>		<http://ids.clld.org/parameters/15-650>		<http://ids.clld.org/values/15-650-232-1>		"'nəḳ-"@cjh	
"'flʸegər"@als	<http://ids.clld.org/values/4-231-205-1>		<http://ids.clld.org/parameters/4-231>		<http://ids.clld.org/values/4-231-232-1>		"lə'pəxʷ-"@cjh	
"'kθetər"@als	<http://ids.clld.org/values/4-345-205-1>		<http://ids.clld.org/parameters/4-345>		<http://ids.clld.org/values/4-345-232-1>		"ɬa'χay-"@cjh	
"'frikə"@als	<http://ids.clld.org/values/16-530-205-1>		<http://ids.clld.org/parameters/16-530>		<http://ids.clld.org/values/16-530-232-1>		"ḳʷa'nu-"@cjh	
"ndər'ton"@als	<http://ids.clld.org/values/9-440-205-1>		<http://ids.clld.org/parameters/9-440>		<http://ids.clld.org/values/9-440-232-1>		"ḳˀə'laχanˀ"@cjh	
"'halə"@als	<http://ids.clld.org/values/2-520-205-3>		<http://ids.clld.org/parameters/2-520>		<http://ids.clld.org/values/2-520-232-1>		"'kʷəɬuʔ-"@cjh	
"molʸakʸe"@als	<http://ids.clld.org/values/4-464-205-1>		<http://ids.clld.org/parameters/4-464>		<http://ids.clld.org/values/4-464-232-1>		"'χʷum-"@cjh	
"'pemə"@als	<http://ids.clld.org/values/8-600-205-1>		<http://ids.clld.org/parameters/8-600>		<http://ids.clld.org/values/8-600-232-1>		"'tɬˀəš"@cjh	
"'pemə"@als	<http://ids.clld.org/values/8-600-205-1>		<http://ids.clld.org/parameters/8-600>		<http://ids.clld.org/values/8-600-232-3>		"tɬˀaš-"@cjh	
"čun"@als	<http://ids.clld.org/values/2-250-205-5>		<http://ids.clld.org/parameters/2-250>		<http://ids.clld.org/values/2-250-232-1>		"ɬt-"@cjh	
"'dyalʸə"@als	<http://ids.clld.org/values/2-250-205-1>		<http://ids.clld.org/parameters/2-250>		<http://ids.clld.org/values/2-250-232-1>		"ɬt-"@cjh	
"golo'meš"@als	<http://ids.clld.org/values/3-591-205-3>		<http://ids.clld.org/parameters/3-591>		<http://ids.clld.org/values/3-591-232-1>		"wa'yəχ"@cjh	
"'brengə"@als	<http://ids.clld.org/values/4-858-205-1>		<http://ids.clld.org/parameters/4-858>		<http://ids.clld.org/values/4-858-232-1>		"'ɬumi-"@cjh	
"dyer'sit"@als	<http://ids.clld.org/values/4-550-205-1>		<http://ids.clld.org/parameters/4-550>		<http://ids.clld.org/values/4-550-232-1>		"'χʷəl-"@cjh	
"vər'tet"@als	<http://ids.clld.org/values/16-660-205-1>		<http://ids.clld.org/parameters/16-660>		<http://ids.clld.org/values/16-660-232-1>		"'naxʷɬ-"@cjh	
"süz"@als	<http://ids.clld.org/values/1-540-205-3>		<http://ids.clld.org/parameters/1-540>		<http://ids.clld.org/values/1-540-232-1>		"'ḳilitin-"@cjh	
"r̃ufe"@als	<http://ids.clld.org/values/1-570-205-1>		<http://ids.clld.org/parameters/1-570>		<http://ids.clld.org/values/1-570-232-1>		"'ḳʷat-"@cjh	
"to'rua"@als	<http://ids.clld.org/values/4-374-205-1>		<http://ids.clld.org/parameters/4-374>		<http://ids.clld.org/values/4-374-232-1>		"'yəp-"@cjh	
"'fošɲə"@als	<http://ids.clld.org/values/2-280-205-1>		<http://ids.clld.org/parameters/2-280>		<http://ids.clld.org/values/2-280-232-1>		"ḳʷa'ya-"@cjh	
"gu'hat"@als	<http://ids.clld.org/values/4-520-205-1>		<http://ids.clld.org/parameters/4-520>		<http://ids.clld.org/values/4-520-232-1>		"'c̷ˀawačˀa"@cjh	
"r̃ə'kʸeθet"@als	<http://ids.clld.org/values/4-680-205-3>		<http://ids.clld.org/parameters/4-680>		<http://ids.clld.org/values/4-680-232-1>		"'čˀən-"@cjh	
"a'frohet"@als	<http://ids.clld.org/values/10-560-205-1>		<http://ids.clld.org/parameters/10-560>		<http://ids.clld.org/values/10-560-232-1>		"'yač-"@cjh	
"hua'zon"@als	<http://ids.clld.org/values/11-620-205-3>		<http://ids.clld.org/parameters/11-620>		<http://ids.clld.org/values/11-620-232-1>		"'čōyaʔ"@cjh	
"'škrepase"@als	<http://ids.clld.org/values/1-870-205-1>		<http://ids.clld.org/parameters/1-870>		<http://ids.clld.org/values/1-870-232-1>		"'yičˀic̷ˀ"@cjh	
"gər'šet"@als	<http://ids.clld.org/values/6-921-205-1>		<http://ids.clld.org/parameters/6-921>		<http://ids.clld.org/values/6-921-232-1>		"'ḳˀayac̷ˀi-"@cjh	
"hi"@als	<http://ids.clld.org/values/1-840-205-1>		<http://ids.clld.org/parameters/1-840>		<http://ids.clld.org/values/1-840-232-1>		"ḳʷˀə'li-"@cjh	
"'θua"@als	<http://ids.clld.org/values/4-344-205-1>		<http://ids.clld.org/parameters/4-344>		<http://ids.clld.org/values/4-344-232-1>		"pap-"@cjh	
"'balə"@als	<http://ids.clld.org/values/4-205-205-1>		<http://ids.clld.org/parameters/4-205>		<http://ids.clld.org/values/4-205-232-1>		"'pukʷis-"@cjh	
"gər'het"@als	<http://ids.clld.org/values/4-612-205-1>		<http://ids.clld.org/parameters/4-612>		<http://ids.clld.org/values/4-612-232-1>		"'χʷōlan-"@cjh	
"'kʸengʸə"@als	<http://ids.clld.org/values/3-822-205-5>		<http://ids.clld.org/parameters/3-822>		<http://ids.clld.org/values/3-822-232-1>		"'c̷ičs"@cjh	
"'feme"@als	<http://ids.clld.org/values/6-370-205-3>		<http://ids.clld.org/parameters/6-370>		<http://ids.clld.org/values/6-370-232-1>		"makʷ-"@cjh	
