"вацІ"@kjj	<http://ids.clld.org/values/1-530-69-1>		<http://ids.clld.org/parameters/1-530>		<http://ids.clld.org/values/1-530-280-1>		"'ʔoṣ̌ɨ"@pcp	
"узунбурун"@kjj	<http://ids.clld.org/values/3-832-69-5>		<http://ids.clld.org/parameters/3-832>		<http://ids.clld.org/values/3-832-280-1>		"'wii"@pcp	
"мац"@kjj	<http://ids.clld.org/values/4-240-69-3>		<http://ids.clld.org/parameters/4-240>		<http://ids.clld.org/values/4-240-280-1>		"kɨ'wɨči"@pcp	
"унг"@kjj	<http://ids.clld.org/values/4-440-69-1>		<http://ids.clld.org/parameters/4-440>		<http://ids.clld.org/values/4-440-280-1>		"howi'ti"@pcp	
"анк"@kjj	<http://ids.clld.org/values/4-370-69-1>		<http://ids.clld.org/parameters/4-370>		<http://ids.clld.org/values/4-370-280-1>		"'taʔɨ"@pcp	
"мицІ"@kjj	<http://ids.clld.org/values/4-260-69-1>		<http://ids.clld.org/parameters/4-260>		<http://ids.clld.org/values/4-260-280-1>		"'hana"@pcp	
"цацыхкири"@kjj	<http://ids.clld.org/values/15-550-69-1>		<http://ids.clld.org/parameters/15-550>		<http://ids.clld.org/values/15-550-280-1>		"hi-'maki"@pcp	
"лыгылд"@kjj	<http://ids.clld.org/values/2-210-69-1>		<http://ids.clld.org/parameters/2-210>		<http://ids.clld.org/values/2-210-280-1>		"'honi"@pcp	
"улка"@kjj	<http://ids.clld.org/values/1-210-69-3>		<http://ids.clld.org/parameters/1-210>		<http://ids.clld.org/values/1-210-280-1>		"'mai"@pcp	
"йарпагъ"@kjj	<http://ids.clld.org/values/8-560-69-1>		<http://ids.clld.org/parameters/8-560>		<http://ids.clld.org/values/8-560-280-1>		"'pɨʔi"@pcp	
"мац"@kjj	<http://ids.clld.org/values/12-850-69-1>		<http://ids.clld.org/parameters/12-850>		<http://ids.clld.org/values/12-850-280-1>		"'kini"@pcp	
"вишаь"@kjj	<http://ids.clld.org/values/8-600-69-1>		<http://ids.clld.org/parameters/8-600>		<http://ids.clld.org/values/8-600-280-1>		"'hiwi"@pcp	
"ттокъуд"@kjj	<http://ids.clld.org/values/1-560-69-1>		<http://ids.clld.org/parameters/1-560>		<http://ids.clld.org/values/1-560-280-1>		"'naina"@pcp	
"пил"@kjj	<http://ids.clld.org/values/4-210-69-1>		<http://ids.clld.org/parameters/4-210>		<http://ids.clld.org/values/4-210-280-1>		"'wɨřo"@pcp	
"вишаь"@kjj	<http://ids.clld.org/values/1-420-69-1>		<http://ids.clld.org/parameters/1-420>		<http://ids.clld.org/values/1-420-280-1>		"'hiwi"@pcp	
"пхунцІ"@kjj	<http://ids.clld.org/values/1-540-69-1>		<http://ids.clld.org/parameters/1-540>		<http://ids.clld.org/values/1-540-280-1>		"'wištima"@pcp	
"къаьнаьт"@kjj	<http://ids.clld.org/values/3-832-69-3>		<http://ids.clld.org/parameters/3-832>		<http://ids.clld.org/values/3-832-280-1>		"'wii"@pcp	
"хир"@kjj	<http://ids.clld.org/values/8-120-69-3>		<http://ids.clld.org/parameters/8-120>		<http://ids.clld.org/values/8-120-280-1>		"'wai"@pcp	
"гуьл"@kjj	<http://ids.clld.org/values/8-570-69-3>		<http://ids.clld.org/parameters/8-570>		<http://ids.clld.org/values/8-570-280-3>		"řeṣ̌'pana"@pcp	
"гуьл"@kjj	<http://ids.clld.org/values/8-570-69-3>		<http://ids.clld.org/parameters/8-570>		<http://ids.clld.org/values/8-570-280-1>		"'hoa"@pcp	
"йер-йемиш"@kjj	<http://ids.clld.org/values/5-710-69-1>		<http://ids.clld.org/parameters/5-710>		<http://ids.clld.org/values/5-710-280-1>		"'kɨo"@pcp	
"ымза"@kjj	<http://ids.clld.org/values/5-140-69-1>		<http://ids.clld.org/parameters/5-140>		<http://ids.clld.org/values/5-140-280-1>		"paṣ̌na'hai"@pcp	
"ппача"@kjj	<http://ids.clld.org/values/4-350-69-3>		<http://ids.clld.org/parameters/4-350>		<http://ids.clld.org/values/4-350-280-1>		"'wiko"@pcp	
"инхъаьдаь"@kjj	<http://ids.clld.org/values/2-320-69-1>		<http://ids.clld.org/parameters/2-320>		<http://ids.clld.org/values/2-320-280-1>		"ʔa'wini"@pcp	
"вилайаьт"@kjj	<http://ids.clld.org/values/1-210-69-5>		<http://ids.clld.org/parameters/1-210>		<http://ids.clld.org/values/1-210-280-1>		"'mai"@pcp	
"тІукІун"@kjj	<http://ids.clld.org/values/4-208-69-1>		<http://ids.clld.org/parameters/4-208>		<http://ids.clld.org/values/4-208-280-1>		"'tamo"@pcp	
"сумка"@kjj	<http://ids.clld.org/values/9-780-69-1>		<http://ids.clld.org/parameters/9-780>		<http://ids.clld.org/values/9-780-280-1>		"'sota"@pcp	
"каьл"@kjj	<http://ids.clld.org/values/3-750-69-1>		<http://ids.clld.org/parameters/3-750>		<http://ids.clld.org/values/3-750-280-1>		"'čaṣ̌o"@pcp	
"чІар"@kjj	<http://ids.clld.org/values/4-140-69-3>		<http://ids.clld.org/parameters/4-140>		<http://ids.clld.org/values/4-140-280-1>		"'woo"@pcp	
"къарасу"@kjj	<http://ids.clld.org/values/1-360-69-3>		<http://ids.clld.org/parameters/1-360>		<http://ids.clld.org/values/1-360-280-1>		"'ʔani"@pcp	
"къарасу"@kjj	<http://ids.clld.org/values/1-360-69-3>		<http://ids.clld.org/parameters/1-360>		<http://ids.clld.org/values/1-360-280-3>		"'pao"@pcp	
"кул"@kjj	<http://ids.clld.org/values/4-310-69-3>		<http://ids.clld.org/parameters/4-310>		<http://ids.clld.org/values/4-310-280-1>		"po'yana"@pcp	
"микІир"@kjj	<http://ids.clld.org/values/4-200-69-5>		<http://ids.clld.org/parameters/4-200>		<http://ids.clld.org/values/4-200-280-1>		"'mapo"@pcp	
"аблейсан"@kjj	<http://ids.clld.org/values/1-750-69-3>		<http://ids.clld.org/parameters/1-750>		<http://ids.clld.org/values/1-750-280-3>		"ʔo'i"@pcp	
"аблейсан"@kjj	<http://ids.clld.org/values/1-750-69-3>		<http://ids.clld.org/parameters/1-750>		<http://ids.clld.org/values/1-750-280-1>		"o'i"@pcp	
"лыгылд"@kjj	<http://ids.clld.org/values/2-310-69-9>		<http://ids.clld.org/parameters/2-310>		<http://ids.clld.org/values/2-310-280-1>		"'wɨnɨ"@pcp	
"чІир ары"@kjj	<http://ids.clld.org/values/3-823-69-1>		<http://ids.clld.org/parameters/3-823>		<http://ids.clld.org/values/3-823-280-1>		"'wina"@pcp	
"инкІе"@kjj	<http://ids.clld.org/values/15-780-69-1>		<http://ids.clld.org/parameters/15-780>		<http://ids.clld.org/values/15-780-280-1>		"'ɨika"@pcp	
"луьткаь"@kjj	<http://ids.clld.org/values/10-831-69-1>		<http://ids.clld.org/parameters/10-831>		<http://ids.clld.org/values/10-831-280-1>		"'noti"@pcp	
"кот"@kjj	<http://ids.clld.org/values/3-580-69-3>		<http://ids.clld.org/parameters/3-580>		<http://ids.clld.org/values/3-580-280-1>		"'naʔa"@pcp	
"кьуркьор"@kjj	<http://ids.clld.org/values/3-950-69-1>		<http://ids.clld.org/parameters/3-950>		<http://ids.clld.org/values/3-950-280-1>		"wɨṣ̌ko"@pcp	
"дуьдуь"@kjj	<http://ids.clld.org/values/3-550-69-3>		<http://ids.clld.org/parameters/3-550>		<http://ids.clld.org/values/3-550-280-1>		"pati'aři"@pcp	
"баджи"@kjj	<http://ids.clld.org/values/2-360-69-1>		<http://ids.clld.org/parameters/2-360>		<http://ids.clld.org/values/2-360-280-1>		"'kai"@pcp	
"хьими"@kjj	<http://ids.clld.org/values/1-830-69-1>		<http://ids.clld.org/parameters/1-830>		<http://ids.clld.org/values/1-830-280-1>		"ko'ʔina"@pcp	
"чаралы"@kjj	<http://ids.clld.org/values/2-280-69-1>		<http://ids.clld.org/parameters/2-280>		<http://ids.clld.org/values/2-280-280-1>		"'wakɨ 'pistia"@pcp	
"къонджа"@kjj	<http://ids.clld.org/values/2-310-69-3>		<http://ids.clld.org/parameters/2-310>		<http://ids.clld.org/values/2-310-280-1>		"'wɨnɨ"@pcp	
"дахи"@kjj	<http://ids.clld.org/values/15-510-69-1>		<http://ids.clld.org/parameters/15-510>		<http://ids.clld.org/values/15-510-280-1>		"his'pa"@pcp	
"дахи"@kjj	<http://ids.clld.org/values/15-510-69-1>		<http://ids.clld.org/parameters/15-510>		<http://ids.clld.org/values/15-510-280-3>		"'hisna"@pcp	
"зы"@kjj	<http://ids.clld.org/values/2-910-69-1>		<http://ids.clld.org/parameters/2-910>		<http://ids.clld.org/values/2-910-280-1>		"'ɨa"@pcp	
"тутукъуш"@kjj	<http://ids.clld.org/values/3-592-69-1>		<http://ids.clld.org/parameters/3-592>		<http://ids.clld.org/values/3-592-280-1>		"'wawa"@pcp	
"рыцыри"@kjj	<http://ids.clld.org/values/9-360-69-1>		<http://ids.clld.org/parameters/9-360>		<http://ids.clld.org/values/9-360-280-1>		"'aši"@pcp	
"цулоз"@kjj	<http://ids.clld.org/values/4-270-69-1>		<http://ids.clld.org/parameters/4-270>		<http://ids.clld.org/values/4-270-280-1>		"'ṣ̌ɨna"@pcp	
"балта"@kjj	<http://ids.clld.org/values/9-250-69-1>		<http://ids.clld.org/parameters/9-250>		<http://ids.clld.org/values/9-250-280-1>		"[hača]"@pcp	
"йолдаш"@kjj	<http://ids.clld.org/values/2-320-69-3>		<http://ids.clld.org/parameters/2-320>		<http://ids.clld.org/values/2-320-280-1>		"ʔa'wini"@pcp	
"кокруз"@kjj	<http://ids.clld.org/values/8-470-69-1>		<http://ids.clld.org/parameters/8-470>		<http://ids.clld.org/values/8-470-280-1>		"'ṣ̌ɨki"@pcp	
"кьаь"@kjj	<http://ids.clld.org/values/14-410-69-1>		<http://ids.clld.org/parameters/14-410>		<http://ids.clld.org/values/14-410-280-1>		"'waři"@pcp	
"къоргІаьдали"@kjj	<http://ids.clld.org/values/8-470-69-5>		<http://ids.clld.org/parameters/8-470>		<http://ids.clld.org/values/8-470-280-1>		"'ṣ̌ɨki"@pcp	
"кок"@kjj	<http://ids.clld.org/values/8-540-69-1>		<http://ids.clld.org/parameters/8-540>		<http://ids.clld.org/values/8-540-280-1>		"ta'pono"@pcp	
"хьырыцІ"@kjj	<http://ids.clld.org/values/15-640-69-1>		<http://ids.clld.org/parameters/15-640>		<http://ids.clld.org/values/15-640-280-1>		"'hoṣ̌o"@pcp	
"гьаь"@kjj	<http://ids.clld.org/values/2-930-69-3>		<http://ids.clld.org/parameters/2-930>		<http://ids.clld.org/values/2-930-280-1>		"'haa"@pcp	
"узах"@kjj	<http://ids.clld.org/values/12-440-69-1>		<http://ids.clld.org/parameters/12-440>		<http://ids.clld.org/values/12-440-280-1>		"nɨ'ama"@pcp	
"хинимкІир"@kjj	<http://ids.clld.org/values/2-220-69-1>		<http://ids.clld.org/parameters/2-220>		<http://ids.clld.org/values/2-220-280-1>		"'yoṣ̌a"@pcp	
"кІытыр"@kjj	<http://ids.clld.org/values/4-230-69-1>		<http://ids.clld.org/parameters/4-230>		<http://ids.clld.org/values/4-230-280-1>		"řɨ'kina"@pcp	
"йува"@kjj	<http://ids.clld.org/values/3-580-69-1>		<http://ids.clld.org/parameters/3-580>		<http://ids.clld.org/values/3-580-280-1>		"'naʔa"@pcp	
"кІун"@kjj	<http://ids.clld.org/values/5-550-69-1>		<http://ids.clld.org/parameters/5-550>		<http://ids.clld.org/values/5-550-280-1>		"'moto"@pcp	
"ццыма"@kjj	<http://ids.clld.org/values/15-660-69-3>		<http://ids.clld.org/parameters/15-660>		<http://ids.clld.org/values/15-660-280-1>		"'šini"@pcp	
"кІир"@kjj	<http://ids.clld.org/values/4-120-69-1>		<http://ids.clld.org/parameters/4-120>		<http://ids.clld.org/values/4-120-280-1>		"'wiči"@pcp	
"пыт"@kjj	<http://ids.clld.org/values/4-140-69-1>		<http://ids.clld.org/parameters/4-140>		<http://ids.clld.org/values/4-140-280-1>		"'woo"@pcp	
"багъа"@kjj	<http://ids.clld.org/values/3-980-69-1>		<http://ids.clld.org/parameters/3-980>		<http://ids.clld.org/values/3-980-280-1>		"'ṣ̌awɨ"@pcp	
"тІоп"@kjj	<http://ids.clld.org/values/4-220-69-1>		<http://ids.clld.org/parameters/4-220>		<http://ids.clld.org/values/4-220-280-1>		"'paʔoki"@pcp	
"хьу"@kjj	<http://ids.clld.org/values/1-310-69-1>		<http://ids.clld.org/parameters/1-310>		<http://ids.clld.org/values/1-310-280-1>		"'hɨnɨ"@pcp	
"ццва"@kjj	<http://ids.clld.org/values/1-510-69-1>		<http://ids.clld.org/parameters/1-510>		<http://ids.clld.org/values/1-510-280-1>		"na'ipa"@pcp	
"даьдаь"@kjj	<http://ids.clld.org/values/2-360-69-3>		<http://ids.clld.org/parameters/2-360>		<http://ids.clld.org/values/2-360-280-1>		"'kai"@pcp	
"анк"@kjj	<http://ids.clld.org/values/4-350-69-1>		<http://ids.clld.org/parameters/4-350>		<http://ids.clld.org/values/4-350-280-1>		"'wiko"@pcp	
"бый"@kjj	<http://ids.clld.org/values/2-350-69-1>		<http://ids.clld.org/parameters/2-350>		<http://ids.clld.org/values/2-350-280-1>		"'ɨpa"@pcp	
"бый"@kjj	<http://ids.clld.org/values/2-350-69-1>		<http://ids.clld.org/parameters/2-350>		<http://ids.clld.org/values/2-350-280-3>		"'ʔɨpa"@pcp	
"гран"@kjj	<http://ids.clld.org/values/15-810-69-1>		<http://ids.clld.org/parameters/15-810>		<http://ids.clld.org/values/15-810-280-1>		"'iwɨ"@pcp	
"чІаь"@kjj	<http://ids.clld.org/values/1-810-69-1>		<http://ids.clld.org/parameters/1-810>		<http://ids.clld.org/values/1-810-280-1>		"'čiʔi"@pcp	
"кьула"@kjj	<http://ids.clld.org/values/1-750-69-1>		<http://ids.clld.org/parameters/1-750>		<http://ids.clld.org/values/1-750-280-3>		"ʔo'i"@pcp	
"кьула"@kjj	<http://ids.clld.org/values/1-750-69-1>		<http://ids.clld.org/parameters/1-750>		<http://ids.clld.org/values/1-750-280-1>		"o'i"@pcp	
"агъзы"@kjj	<http://ids.clld.org/values/4-240-69-1>		<http://ids.clld.org/parameters/4-240>		<http://ids.clld.org/values/4-240-280-1>		"kɨ'wɨči"@pcp	
"цІи��"@kjj	<http://ids.clld.org/values/15-350-69-1>		<http://ids.clld.org/parameters/15-350>		<http://ids.clld.org/values/15-350-280-1>		"tɨ'ɨ"@pcp	
"инкІ"@kjj	<http://ids.clld.org/values/9-190-69-1>		<http://ids.clld.org/parameters/9-190>		<http://ids.clld.org/values/9-190-280-1>		"'taška"@pcp	
"хІаьйаьл"@kjj	<http://ids.clld.org/values/2-280-69-3>		<http://ids.clld.org/parameters/2-280>		<http://ids.clld.org/values/2-280-280-1>		"'wakɨ 'pistia"@pcp	
"баж"@kjj	<http://ids.clld.org/values/8-570-69-1>		<http://ids.clld.org/parameters/8-570>		<http://ids.clld.org/values/8-570-280-3>		"řeṣ̌'pana"@pcp	
"баж"@kjj	<http://ids.clld.org/values/8-570-69-1>		<http://ids.clld.org/parameters/8-570>		<http://ids.clld.org/values/8-570-280-1>		"'hoa"@pcp	
"агъджа"@kjj	<http://ids.clld.org/values/3-832-69-1>		<http://ids.clld.org/parameters/3-832>		<http://ids.clld.org/values/3-832-280-1>		"'wii"@pcp	
"къадаш"@kjj	<http://ids.clld.org/values/2-350-69-3>		<http://ids.clld.org/parameters/2-350>		<http://ids.clld.org/values/2-350-280-1>		"'ɨpa"@pcp	
"къадаш"@kjj	<http://ids.clld.org/values/2-350-69-3>		<http://ids.clld.org/parameters/2-350>		<http://ids.clld.org/values/2-350-280-3>		"'ʔɨpa"@pcp	
"ттахкыри"@kjj	<http://ids.clld.org/values/9-270-69-1>		<http://ids.clld.org/parameters/9-270>		<http://ids.clld.org/values/9-270-280-1>		"ma'tošmaki"@pcp	
"ынхъа"@kjj	<http://ids.clld.org/values/8-120-69-1>		<http://ids.clld.org/parameters/8-120>		<http://ids.clld.org/values/8-120-280-1>		"'wai"@pcp	
"бийар"@kjj	<http://ids.clld.org/values/4-450-69-1>		<http://ids.clld.org/parameters/4-450>		<http://ids.clld.org/values/4-450-280-1>		"'taka"@pcp	
"калла"@kjj	<http://ids.clld.org/values/4-200-69-3>		<http://ids.clld.org/parameters/4-200>		<http://ids.clld.org/values/4-200-280-1>		"'mapo"@pcp	
"байгъуш"@kjj	<http://ids.clld.org/values/3-596-69-1>		<http://ids.clld.org/parameters/3-596>		<http://ids.clld.org/values/3-596-280-1>		"'popo"@pcp	
"кІаз"@kjj	<http://ids.clld.org/values/5-970-69-1>		<http://ids.clld.org/parameters/5-970>		<http://ids.clld.org/values/5-970-280-1>		"'wači"@pcp	
"гьу"@kjj	<http://ids.clld.org/values/2-930-69-1>		<http://ids.clld.org/parameters/2-930>		<http://ids.clld.org/values/2-930-280-1>		"'haa"@pcp	
"кІу"@kjj	<http://ids.clld.org/values/13-20-69-1>		<http://ids.clld.org/parameters/13-20>		<http://ids.clld.org/values/13-20-280-1>		"ra'wɨ"@pcp	
"инкІ"@kjj	<http://ids.clld.org/values/4-160-69-1>		<http://ids.clld.org/parameters/4-160>		<http://ids.clld.org/values/4-160-280-1>		"'ṣ̌ao"@pcp	
"удун"@kjj	<http://ids.clld.org/values/1-880-69-1>		<http://ids.clld.org/parameters/1-880>		<http://ids.clld.org/values/1-880-280-1>		"'kařo"@pcp	
"кІыл"@kjj	<http://ids.clld.org/values/4-310-69-1>		<http://ids.clld.org/parameters/4-310>		<http://ids.clld.org/values/4-310-280-1>		"po'yana"@pcp	
"мыси"@kjj	<http://ids.clld.org/values/2-310-69-7>		<http://ids.clld.org/parameters/2-310>		<http://ids.clld.org/values/2-310-280-1>		"'wɨnɨ"@pcp	
"къуш"@kjj	<http://ids.clld.org/values/3-581-69-1>		<http://ids.clld.org/parameters/3-581>		<http://ids.clld.org/values/3-581-280-1>		"'isko"@pcp	
"джине"@kjj	<http://ids.clld.org/values/1-210-69-1>		<http://ids.clld.org/parameters/1-210>		<http://ids.clld.org/values/1-210-280-1>		"'mai"@pcp	
"хинимкІир"@kjj	<http://ids.clld.org/values/2-320-69-5>		<http://ids.clld.org/parameters/2-320>		<http://ids.clld.org/values/2-320-280-1>		"ʔa'wini"@pcp	
"маьйва"@kjj	<http://ids.clld.org/values/5-710-69-3>		<http://ids.clld.org/parameters/5-710>		<http://ids.clld.org/values/5-710-280-1>		"'kɨo"@pcp	
"инхъаьрду"@kjj	<http://ids.clld.org/values/2-310-69-1>		<http://ids.clld.org/parameters/2-310>		<http://ids.clld.org/values/2-310-280-1>		"'wɨnɨ"@pcp	
"заькІ"@kjj	<http://ids.clld.org/values/1-840-69-1>		<http://ids.clld.org/parameters/1-840>		<http://ids.clld.org/values/1-840-280-1>		"'mišpo"@pcp	
"хъим"@kjj	<http://ids.clld.org/values/8-470-69-3>		<http://ids.clld.org/parameters/8-470>		<http://ids.clld.org/values/8-470-280-1>		"'ṣ̌ɨki"@pcp	
"баш"@kjj	<http://ids.clld.org/values/4-200-69-1>		<http://ids.clld.org/parameters/4-200>		<http://ids.clld.org/values/4-200-280-1>		"'mapo"@pcp	
"бобоги парча"@kjj	<http://ids.clld.org/values/6-240-69-1>		<http://ids.clld.org/parameters/6-240>		<http://ids.clld.org/values/6-240-280-1>		"waṣ̌'mɨna"@pcp	
"кІан"@kjj	<http://ids.clld.org/values/6-760-69-1>		<http://ids.clld.org/parameters/6-760>		<http://ids.clld.org/values/6-760-280-1>		"'kisi"@pcp	
"загъи"@kjj	<http://ids.clld.org/values/15-510-69-3>		<http://ids.clld.org/parameters/15-510>		<http://ids.clld.org/values/15-510-280-1>		"his'pa"@pcp	
"загъи"@kjj	<http://ids.clld.org/values/15-510-69-3>		<http://ids.clld.org/parameters/15-510>		<http://ids.clld.org/values/15-510-280-3>		"'hisna"@pcp	
"балыгъ"@kjj	<http://ids.clld.org/values/3-650-69-1>		<http://ids.clld.org/parameters/3-650>		<http://ids.clld.org/values/3-650-280-3>		"'woɨ"@pcp	
"балыгъ"@kjj	<http://ids.clld.org/values/3-650-69-1>		<http://ids.clld.org/parameters/3-650>		<http://ids.clld.org/values/3-650-280-1>		"sa'nino"@pcp	
"ынкь"@kjj	<http://ids.clld.org/values/1-520-69-1>		<http://ids.clld.org/parameters/1-520>		<http://ids.clld.org/values/1-520-280-1>		"'waři"@pcp	
"лыгад"@kjj	<http://ids.clld.org/values/2-310-69-5>		<http://ids.clld.org/parameters/2-310>		<http://ids.clld.org/values/2-310-280-1>		"'wɨnɨ"@pcp	
"къаракъызгъын"@kjj	<http://ids.clld.org/values/3-586-69-1>		<http://ids.clld.org/parameters/3-586>		<http://ids.clld.org/values/3-586-280-1>		"po'iko"@pcp	
"джуьджаь"@kjj	<http://ids.clld.org/values/3-550-69-1>		<http://ids.clld.org/parameters/3-550>		<http://ids.clld.org/values/3-550-280-1>		"pati'aři"@pcp	
"ал"@kjj	<http://ids.clld.org/values/15-660-69-1>		<http://ids.clld.org/parameters/15-660>		<http://ids.clld.org/values/15-660-280-1>		"'šini"@pcp	
"ттаькьири"@kjj	<http://ids.clld.org/values/9-220-69-1>		<http://ids.clld.org/parameters/9-220>		<http://ids.clld.org/values/9-220-280-1>		"'kɨɨsakia"@pcp	
"цІва"@kjj	<http://ids.clld.org/values/7-120-69-1>		<http://ids.clld.org/parameters/7-120>		<http://ids.clld.org/values/7-120-280-1>		"'ṣ̌owo"@pcp	
"палма"@kjj	<http://ids.clld.org/values/8-810-69-1>		<http://ids.clld.org/parameters/8-810>		<http://ids.clld.org/values/8-810-280-1>		"'koti"@pcp	
"пІи"@kjj	<http://ids.clld.org/values/4-150-69-3>		<http://ids.clld.org/parameters/4-150>		<http://ids.clld.org/values/4-150-280-1>		"'himi"@pcp	
"джигаьр"@kjj	<http://ids.clld.org/values/4-441-69-1>		<http://ids.clld.org/parameters/4-441>		<http://ids.clld.org/values/4-441-280-1>		"'taṣ̌a"@pcp	
"ымзавал"@kjj	<http://ids.clld.org/values/5-140-69-3>		<http://ids.clld.org/parameters/5-140>		<http://ids.clld.org/values/5-140-280-1>		"paṣ̌na'hai"@pcp	
"кири"@kjj	<http://ids.clld.org/values/9-110-69-1>		<http://ids.clld.org/parameters/9-110>		<http://ids.clld.org/values/9-110-280-1>		"i'wɨ"@pcp	
"миси"@kjj	<http://ids.clld.org/values/12-560-69-1>		<http://ids.clld.org/parameters/12-560>		<http://ids.clld.org/values/12-560-280-1>		"'mišni"@pcp	
"ынкка"@kjj	<http://ids.clld.org/values/1-360-69-1>		<http://ids.clld.org/parameters/1-360>		<http://ids.clld.org/values/1-360-280-1>		"'ʔani"@pcp	
"ынкка"@kjj	<http://ids.clld.org/values/1-360-69-1>		<http://ids.clld.org/parameters/1-360>		<http://ids.clld.org/values/1-360-280-3>		"'pao"@pcp	
"агъджа къаьнаьт"@kjj	<http://ids.clld.org/values/3-831-69-1>		<http://ids.clld.org/parameters/3-831>		<http://ids.clld.org/values/3-831-280-1>		"'šio"@pcp	
"агъджа къаьнаьт"@kjj	<http://ids.clld.org/values/3-831-69-1>		<http://ids.clld.org/parameters/3-831>		<http://ids.clld.org/values/3-831-280-3>		"'čio"@pcp	
"ункІ"@kjj	<http://ids.clld.org/values/1-730-69-1>		<http://ids.clld.org/parameters/1-730>		<http://ids.clld.org/values/1-730-280-1>		"'c̷ɨmo"@pcp	
"къан"@kjj	<http://ids.clld.org/values/4-150-69-1>		<http://ids.clld.org/parameters/4-150>		<http://ids.clld.org/values/4-150-280-1>		"'himi"@pcp	
"кул"@kjj	<http://ids.clld.org/values/4-330-69-1>		<http://ids.clld.org/parameters/4-330>		<http://ids.clld.org/values/4-330-280-1>		"mɨ'kɨna"@pcp	
"гьаьшаьрат"@kjj	<http://ids.clld.org/values/3-810-69-1>		<http://ids.clld.org/parameters/3-810>		<http://ids.clld.org/values/3-810-280-1>		"wɨ'oso"@pcp	
"мичаыш"@kjj	<http://ids.clld.org/values/4-142-69-1>		<http://ids.clld.org/parameters/4-142>		<http://ids.clld.org/values/4-142-280-1>		"'kɨni"@pcp	
"наджагъ"@kjj	<http://ids.clld.org/values/9-250-69-3>		<http://ids.clld.org/parameters/9-250>		<http://ids.clld.org/values/9-250-280-1>		"[hača]"@pcp	
