"къабигъ"@kjj	<http://ids.clld.org/values/8-750-69-1>		<http://ids.clld.org/parameters/8-750>		<http://ids.clld.org/values/8-750-286-1>		"tapari"@pav	
"вацІ"@kjj	<http://ids.clld.org/values/1-530-69-1>		<http://ids.clld.org/parameters/1-530>		<http://ids.clld.org/values/1-530-286-1>		"panawoʔ"@pav	
"новыр"@kjj	<http://ids.clld.org/values/1-330-69-1>		<http://ids.clld.org/parameters/1-330>		<http://ids.clld.org/values/1-330-286-1>		"šuteremʔ"@pav	
"мац"@kjj	<http://ids.clld.org/values/4-240-69-3>		<http://ids.clld.org/parameters/4-240>		<http://ids.clld.org/values/4-240-286-1>		"kapiyašiʔ (topak)"@pav	
"унг"@kjj	<http://ids.clld.org/values/4-440-69-1>		<http://ids.clld.org/parameters/4-440>		<http://ids.clld.org/values/4-440-286-1>		"šimišiʔ (šim)"@pav	
"анк"@kjj	<http://ids.clld.org/values/4-370-69-1>		<http://ids.clld.org/parameters/4-370>		<http://ids.clld.org/values/4-370-286-1>		"kašimašiʔ (kašim)"@pav	
"мицІ"@kjj	<http://ids.clld.org/values/4-260-69-1>		<http://ids.clld.org/parameters/4-260>		<http://ids.clld.org/values/4-260-286-1>		"petehwet nešiʔ (petehwet)"@pav	
"чыкІыри"@kjj	<http://ids.clld.org/values/18-210-69-1>		<http://ids.clld.org/parameters/18-210>		<http://ids.clld.org/values/18-210-286-1>		"tomiʔ"@pav	
"аччыври"@kjj	<http://ids.clld.org/values/12-140-69-1>		<http://ids.clld.org/parameters/12-140>		<http://ids.clld.org/values/12-140-286-1>		"teremʔ"@pav	
"аччыври"@kjj	<http://ids.clld.org/values/12-140-69-1>		<http://ids.clld.org/parameters/12-140>		<http://ids.clld.org/values/12-140-286-3>		"tokoʔ"@pav	
"талккуи"@kjj	<http://ids.clld.org/values/10-480-69-3>		<http://ids.clld.org/parameters/10-480>		<http://ids.clld.org/values/10-480-286-1>		"makiʔ"@pav	
"инк"@kjj	<http://ids.clld.org/values/8-510-69-1>		<http://ids.clld.org/parameters/8-510>		<http://ids.clld.org/values/8-510-286-1>		"tononoin"@pav	
"кин"@kjj	<http://ids.clld.org/values/2-941-69-1>		<http://ids.clld.org/parameters/2-941>		<http://ids.clld.org/values/2-941-286-1>		"wariʔ"@pav	
"лыгылд"@kjj	<http://ids.clld.org/values/2-210-69-1>		<http://ids.clld.org/parameters/2-210>		<http://ids.clld.org/values/2-210-286-1>		"taramaʔ"@pav	
"мыцІыри"@kjj	<http://ids.clld.org/values/9-210-69-3>		<http://ids.clld.org/parameters/9-210>		<http://ids.clld.org/values/9-210-286-1>		"toʔ"@pav	
"улка"@kjj	<http://ids.clld.org/values/1-210-69-3>		<http://ids.clld.org/parameters/1-210>		<http://ids.clld.org/values/1-210-286-1>		"makanʔ"@pav	
"инсан"@kjj	<http://ids.clld.org/values/2-100-69-3>		<http://ids.clld.org/parameters/2-100>		<http://ids.clld.org/values/2-100-286-1>		"wariʔ"@pav	
"йарпагъ"@kjj	<http://ids.clld.org/values/8-560-69-1>		<http://ids.clld.org/parameters/8-560>		<http://ids.clld.org/values/8-560-286-1>		"tenenein"@pav	
"пызмышкири"@kjj	<http://ids.clld.org/values/5-480-69-1>		<http://ids.clld.org/parameters/5-480>		<http://ids.clld.org/values/5-480-286-1>		"kuruk"@pav	
"тоз"@kjj	<http://ids.clld.org/values/1-213-69-1>		<http://ids.clld.org/parameters/1-213>		<http://ids.clld.org/values/1-213-286-1>		"tainʔ"@pav	
"вишаь"@kjj	<http://ids.clld.org/values/8-600-69-1>		<http://ids.clld.org/parameters/8-600>		<http://ids.clld.org/values/8-600-286-1>		"pana"@pav	
"ула какуи"@kjj	<http://ids.clld.org/values/15-210-69-1>		<http://ids.clld.org/parameters/15-210>		<http://ids.clld.org/values/15-210-286-3>		"hu"@pav	
"ула какуи"@kjj	<http://ids.clld.org/values/15-210-69-1>		<http://ids.clld.org/parameters/15-210>		<http://ids.clld.org/values/15-210-286-1>		"nak"@pav	
"даьрйаьгь"@kjj	<http://ids.clld.org/values/1-320-69-1>		<http://ids.clld.org/parameters/1-320>		<http://ids.clld.org/values/1-320-286-1>		"kote ne kom"@pav	
"лыкка"@kjj	<http://ids.clld.org/values/5-610-69-1>		<http://ids.clld.org/parameters/5-610>		<http://ids.clld.org/values/5-610-286-1>		"karawa (karamayišiʔ)"@pav	
"чиркин"@kjj	<http://ids.clld.org/values/15-880-69-5>		<http://ids.clld.org/parameters/15-880>		<http://ids.clld.org/values/15-880-286-1>		"mišem"@pav	
"пил"@kjj	<http://ids.clld.org/values/4-210-69-1>		<http://ids.clld.org/parameters/4-210>		<http://ids.clld.org/values/4-210-286-1>		"tokošiʔ (tok)"@pav	
"эркег"@kjj	<http://ids.clld.org/values/2-230-69-3>		<http://ids.clld.org/parameters/2-230>		<http://ids.clld.org/values/2-230-286-1>		"taramaʔ"@pav	
"таза"@kjj	<http://ids.clld.org/values/14-130-69-1>		<http://ids.clld.org/parameters/14-130>		<http://ids.clld.org/values/14-130-286-1>		"šokori"@pav	
"заьхкири"@kjj	<http://ids.clld.org/values/16-260-69-3>		<http://ids.clld.org/parameters/16-260>		<http://ids.clld.org/values/16-260-286-1>		"warayu"@pav	
"вишаь"@kjj	<http://ids.clld.org/values/1-420-69-1>		<http://ids.clld.org/parameters/1-420>		<http://ids.clld.org/values/1-420-286-1>		"pana"@pav	
"кІатккуи"@kjj	<http://ids.clld.org/values/10-450-69-3>		<http://ids.clld.org/parameters/10-450>		<http://ids.clld.org/values/10-450-286-1>		"šut"@pav	
"кІатккуи"@kjj	<http://ids.clld.org/values/10-450-69-3>		<http://ids.clld.org/parameters/10-450>		<http://ids.clld.org/values/10-450-286-3>		"šurušut"@pav	
"пхунцІ"@kjj	<http://ids.clld.org/values/1-540-69-1>		<http://ids.clld.org/parameters/1-540>		<http://ids.clld.org/values/1-540-286-1>		"piyoʔ"@pav	
"къалшылкыри"@kjj	<http://ids.clld.org/values/10-450-69-1>		<http://ids.clld.org/parameters/10-450>		<http://ids.clld.org/values/10-450-286-1>		"šut"@pav	
"къалшылкыри"@kjj	<http://ids.clld.org/values/10-450-69-1>		<http://ids.clld.org/parameters/10-450>		<http://ids.clld.org/values/10-450-286-3>		"šurušut"@pav	
"гуьл"@kjj	<http://ids.clld.org/values/8-570-69-3>		<http://ids.clld.org/parameters/8-570>		<http://ids.clld.org/values/8-570-286-3>		"wiyein"@pav	
"гуьл"@kjj	<http://ids.clld.org/values/8-570-69-3>		<http://ids.clld.org/parameters/8-570>		<http://ids.clld.org/values/8-570-286-1>		"piwain"@pav	
"мишкири"@kjj	<http://ids.clld.org/values/4-610-69-1>		<http://ids.clld.org/parameters/4-610>		<http://ids.clld.org/values/4-610-286-1>		"piʔam"@pav	
"пызмышкири"@kjj	<http://ids.clld.org/values/9-310-69-1>		<http://ids.clld.org/parameters/9-310>		<http://ids.clld.org/values/9-310-286-1>		"šik"@pav	
"йер-йемиш"@kjj	<http://ids.clld.org/values/5-710-69-1>		<http://ids.clld.org/parameters/5-710>		<http://ids.clld.org/values/5-710-286-3>		"winain"@pav	
"йер-йемиш"@kjj	<http://ids.clld.org/values/5-710-69-1>		<http://ids.clld.org/parameters/5-710>		<http://ids.clld.org/values/5-710-286-1>		"memem"@pav	
"ппача"@kjj	<http://ids.clld.org/values/4-350-69-3>		<http://ids.clld.org/parameters/4-350>		<http://ids.clld.org/values/4-350-286-1>		"pišiyašiʔ"@pav	
"ппача"@kjj	<http://ids.clld.org/values/4-350-69-3>		<http://ids.clld.org/parameters/4-350>		<http://ids.clld.org/values/4-350-286-3>		"kokošiʔ"@pav	
"кьандаь"@kjj	<http://ids.clld.org/values/5-110-69-1>		<http://ids.clld.org/parameters/5-110>		<http://ids.clld.org/values/5-110-286-1>		"kaoʔ"@pav	
"кьандаь"@kjj	<http://ids.clld.org/values/5-110-69-1>		<http://ids.clld.org/parameters/5-110>		<http://ids.clld.org/values/5-110-286-3>		"kakakaoʔ"@pav	
"инхъаьдаь"@kjj	<http://ids.clld.org/values/2-320-69-1>		<http://ids.clld.org/parameters/2-320>		<http://ids.clld.org/values/2-320-286-1>		"mana"@pav	
"хъазы"@kjj	<http://ids.clld.org/values/12-550-69-5>		<http://ids.clld.org/parameters/12-550>		<http://ids.clld.org/values/12-550-286-1>		"hwaraʔ"@pav	
"хъазы"@kjj	<http://ids.clld.org/values/12-550-69-5>		<http://ids.clld.org/parameters/12-550>		<http://ids.clld.org/values/12-550-286-3>		"horon"@pav	
"вилайаьт"@kjj	<http://ids.clld.org/values/1-210-69-5>		<http://ids.clld.org/parameters/1-210>		<http://ids.clld.org/values/1-210-286-1>		"makanʔ"@pav	
"фичІаь"@kjj	<http://ids.clld.org/values/15-830-69-1>		<http://ids.clld.org/parameters/15-830>		<http://ids.clld.org/values/15-830-286-1>		"šoʔ"@pav	
"къи"@kjj	<http://ids.clld.org/values/15-860-69-1>		<http://ids.clld.org/parameters/15-860>		<http://ids.clld.org/values/15-860-286-1>		"šio"@pav	
"къи"@kjj	<http://ids.clld.org/values/15-860-69-1>		<http://ids.clld.org/parameters/15-860>		<http://ids.clld.org/values/15-860-286-3>		"kapinʔ"@pav	
"ови ккуи"@kjj	<http://ids.clld.org/values/20-610-69-1>		<http://ids.clld.org/parameters/20-610>		<http://ids.clld.org/values/20-610-286-1>		"yiʔam"@pav	
"чІар"@kjj	<http://ids.clld.org/values/4-140-69-3>		<http://ids.clld.org/parameters/4-140>		<http://ids.clld.org/values/4-140-286-1>		"tenenešiʔ"@pav	
"чІар"@kjj	<http://ids.clld.org/values/4-140-69-3>		<http://ids.clld.org/parameters/4-140>		<http://ids.clld.org/values/4-140-286-3>		"tenenein (šun)"@pav	
"къурагъ"@kjj	<http://ids.clld.org/values/15-840-69-1>		<http://ids.clld.org/parameters/15-840>		<http://ids.clld.org/values/15-840-286-1>		"kawainʔ"@pav	
"дуьз"@kjj	<http://ids.clld.org/values/12-730-69-1>		<http://ids.clld.org/parameters/12-730>		<http://ids.clld.org/values/12-730-286-1>		"ka om šone ne"@pav	
"къарасу"@kjj	<http://ids.clld.org/values/1-360-69-3>		<http://ids.clld.org/parameters/1-360>		<http://ids.clld.org/values/1-360-286-1>		"kom"@pav	
"кІыли"@kjj	<http://ids.clld.org/values/4-750-69-1>		<http://ids.clld.org/parameters/4-750>		<http://ids.clld.org/values/4-750-286-3>		"konoʔ"@pav	
"кІыли"@kjj	<http://ids.clld.org/values/4-750-69-1>		<http://ids.clld.org/parameters/4-750>		<http://ids.clld.org/values/4-750-286-1>		"miʔ pin"@pav	
"микІир"@kjj	<http://ids.clld.org/values/4-200-69-5>		<http://ids.clld.org/parameters/4-200>		<http://ids.clld.org/values/4-200-286-1>		"winašiʔ (wayiʔ)"@pav	
"йир"@kjj	<http://ids.clld.org/values/2-942-69-1>		<http://ids.clld.org/parameters/2-942>		<http://ids.clld.org/values/2-942-286-1>		"warut"@pav	
"хІаьйаьл"@kjj	<http://ids.clld.org/values/2-270-69-3>		<http://ids.clld.org/parameters/2-270>		<http://ids.clld.org/values/2-270-286-1>		"piyeʔ"@pav	
"аблейсан"@kjj	<http://ids.clld.org/values/1-750-69-3>		<http://ids.clld.org/parameters/1-750>		<http://ids.clld.org/values/1-750-286-1>		"šowiʔ"@pav	
"йагълы"@kjj	<http://ids.clld.org/values/5-791-69-1>		<http://ids.clld.org/parameters/5-791>		<http://ids.clld.org/values/5-791-286-1>		"homain"@pav	
"генг"@kjj	<http://ids.clld.org/values/12-610-69-1>		<http://ids.clld.org/parameters/12-610>		<http://ids.clld.org/values/12-610-286-1>		"kote ne kimain"@pav	
"чІихьири"@kjj	<http://ids.clld.org/values/11-150-69-1>		<http://ids.clld.org/parameters/11-150>		<http://ids.clld.org/values/11-150-286-1>		"kep"@pav	
"лыгылд"@kjj	<http://ids.clld.org/values/2-310-69-9>		<http://ids.clld.org/parameters/2-310>		<http://ids.clld.org/values/2-310-286-1>		"taši"@pav	
"кІыл"@kjj	<http://ids.clld.org/values/4-190-69-5>		<http://ids.clld.org/parameters/4-190>		<http://ids.clld.org/values/4-190-286-1>		"warašiʔ"@pav	
"ликІуьври"@kjj	<http://ids.clld.org/values/18-120-69-1>		<http://ids.clld.org/parameters/18-120>		<http://ids.clld.org/values/18-120-286-1>		"kom"@pav	
"инкІе"@kjj	<http://ids.clld.org/values/15-780-69-1>		<http://ids.clld.org/parameters/15-780>		<http://ids.clld.org/values/15-780-286-1>		"šaʔ"@pav	
"кашпири"@kjj	<http://ids.clld.org/values/6-350-69-1>		<http://ids.clld.org/parameters/6-350>		<http://ids.clld.org/values/6-350-286-1>		"ok"@pav	
"хаькиндаь"@kjj	<http://ids.clld.org/values/16-250-69-1>		<http://ids.clld.org/parameters/16-250>		<http://ids.clld.org/values/16-250-286-1>		"tatamʔ"@pav	
"хаькиндаь"@kjj	<http://ids.clld.org/values/16-250-69-1>		<http://ids.clld.org/parameters/16-250>		<http://ids.clld.org/values/16-250-286-3>		"katamʔ"@pav	
"кьаж"@kjj	<http://ids.clld.org/values/4-180-69-1>		<http://ids.clld.org/parameters/4-180>		<http://ids.clld.org/values/4-180-286-1>		"kahwerein"@pav	
"тум"@kjj	<http://ids.clld.org/values/8-311-69-1>		<http://ids.clld.org/parameters/8-311>		<http://ids.clld.org/values/8-311-286-1>		"tokwi"@pav	
"баджи"@kjj	<http://ids.clld.org/values/2-360-69-1>		<http://ids.clld.org/parameters/2-360>		<http://ids.clld.org/values/2-360-286-1>		"naʔ"@pav	
"фаткири"@kjj	<http://ids.clld.org/values/10-250-69-3>		<http://ids.clld.org/parameters/10-250>		<http://ids.clld.org/values/10-250-286-3>		"wišikaoʔ"@pav	
"фаткири"@kjj	<http://ids.clld.org/values/10-250-69-3>		<http://ids.clld.org/parameters/10-250>		<http://ids.clld.org/values/10-250-286-1>		"šin"@pav	
"хьими"@kjj	<http://ids.clld.org/values/1-830-69-1>		<http://ids.clld.org/parameters/1-830>		<http://ids.clld.org/values/1-830-286-1>		"tainʔ"@pav	
"йака"@kjj	<http://ids.clld.org/values/12-550-69-3>		<http://ids.clld.org/parameters/12-550>		<http://ids.clld.org/values/12-550-286-1>		"hwaraʔ"@pav	
"йака"@kjj	<http://ids.clld.org/values/12-550-69-3>		<http://ids.clld.org/parameters/12-550>		<http://ids.clld.org/values/12-550-286-3>		"horon"@pav	
"чижаь"@kjj	<http://ids.clld.org/values/12-590-69-3>		<http://ids.clld.org/parameters/12-590>		<http://ids.clld.org/values/12-590-286-1>		"wiyimain"@pav	
"шум"@kjj	<http://ids.clld.org/values/1-215-69-3>		<http://ids.clld.org/parameters/1-215>		<http://ids.clld.org/values/1-215-286-1>		"namayi"@pav	
"кІачІын"@kjj	<http://ids.clld.org/values/1-440-69-5>		<http://ids.clld.org/parameters/1-440>		<http://ids.clld.org/values/1-440-286-1>		"pakun"@pav	
"маша"@kjj	<http://ids.clld.org/values/1-410-69-1>		<http://ids.clld.org/parameters/1-410>		<http://ids.clld.org/values/1-410-286-1>		"nahwarak"@pav	
"къонджа"@kjj	<http://ids.clld.org/values/2-310-69-3>		<http://ids.clld.org/parameters/2-310>		<http://ids.clld.org/values/2-310-286-1>		"taši"@pav	
"дахи"@kjj	<http://ids.clld.org/values/15-510-69-1>		<http://ids.clld.org/parameters/15-510>		<http://ids.clld.org/values/15-510-286-1>		"kerek"@pav	
"цІили"@kjj	<http://ids.clld.org/values/8-220-69-1>		<http://ids.clld.org/parameters/8-220>		<http://ids.clld.org/values/8-220-286-1>		"še"@pav	
"цІили"@kjj	<http://ids.clld.org/values/8-220-69-1>		<http://ids.clld.org/parameters/8-220>		<http://ids.clld.org/values/8-220-286-3>		"šikeʔ"@pav	
"кІыли"@kjj	<http://ids.clld.org/values/4-760-69-3>		<http://ids.clld.org/parameters/4-760>		<http://ids.clld.org/values/4-760-286-1>		"paʔ"@pav	
"зы"@kjj	<http://ids.clld.org/values/2-910-69-1>		<http://ids.clld.org/parameters/2-910>		<http://ids.clld.org/values/2-910-286-1>		"wataʔ"@pav	
"гаьхккун"@kjj	<http://ids.clld.org/values/4-740-69-1>		<http://ids.clld.org/parameters/4-740>		<http://ids.clld.org/values/4-740-286-1>		"eʔ"@pav	
"чуруг"@kjj	<http://ids.clld.org/values/5-125-69-1>		<http://ids.clld.org/parameters/5-125>		<http://ids.clld.org/values/5-125-286-1>		"šowuru"@pav	
"чинел"@kjj	<http://ids.clld.org/values/13-140-69-3>		<http://ids.clld.org/parameters/13-140>		<http://ids.clld.org/values/13-140-286-1>		"šam"@pav	
"ми"@kjj	<http://ids.clld.org/values/5-791-69-3>		<http://ids.clld.org/parameters/5-791>		<http://ids.clld.org/values/5-791-286-1>		"homain"@pav	
"рыцыри"@kjj	<http://ids.clld.org/values/9-360-69-1>		<http://ids.clld.org/parameters/9-360>		<http://ids.clld.org/values/9-360-286-3>		"toʔ"@pav	
"рыцыри"@kjj	<http://ids.clld.org/values/9-360-69-1>		<http://ids.clld.org/parameters/9-360>		<http://ids.clld.org/values/9-360-286-1>		"hohok"@pav	
"дидмишкири"@kjj	<http://ids.clld.org/values/4-580-69-1>		<http://ids.clld.org/parameters/4-580>		<http://ids.clld.org/values/4-580-286-1>		"kio"@pav	
"тфу лашкьири"@kjj	<http://ids.clld.org/values/4-560-69-1>		<http://ids.clld.org/parameters/4-560>		<http://ids.clld.org/values/4-560-286-1>		"hupaʔ"@pav	
"цулоз"@kjj	<http://ids.clld.org/values/4-270-69-1>		<http://ids.clld.org/parameters/4-270>		<http://ids.clld.org/values/4-270-286-1>		"šišiʔ (yat)"@pav	
"йолдаш"@kjj	<http://ids.clld.org/values/2-320-69-3>		<http://ids.clld.org/parameters/2-320>		<http://ids.clld.org/values/2-320-286-1>		"mana"@pav	
"ломпІортІум"@kjj	<http://ids.clld.org/values/12-810-69-3>		<http://ids.clld.org/parameters/12-810>		<http://ids.clld.org/values/12-810-286-1>		"monoʔo"@pav	
"кьаь"@kjj	<http://ids.clld.org/values/14-410-69-1>		<http://ids.clld.org/parameters/14-410>		<http://ids.clld.org/values/14-410-286-1>		"šek"@pav	
"ихер"@kjj	<http://ids.clld.org/values/13-150-69-1>		<http://ids.clld.org/parameters/13-150>		<http://ids.clld.org/values/13-150-286-1>		"iriʔ miyo/ miya"@pav	
"хаьлкьири"@kjj	<http://ids.clld.org/values/10-380-69-1>		<http://ids.clld.org/parameters/10-380>		<http://ids.clld.org/values/10-380-286-3>		"hukoʔ"@pav	
"хаьлкьири"@kjj	<http://ids.clld.org/values/10-380-69-1>		<http://ids.clld.org/parameters/10-380>		<http://ids.clld.org/values/10-380-286-1>		"hu"@pav	
"чІыкІылд"@kjj	<http://ids.clld.org/values/4-461-69-1>		<http://ids.clld.org/parameters/4-461>		<http://ids.clld.org/values/4-461-286-1>		"monošiʔ (mon)"@pav	
"чченхъири"@kjj	<http://ids.clld.org/values/9-330-69-1>		<http://ids.clld.org/parameters/9-330>		<http://ids.clld.org/values/9-330-286-1>		"kök"@pav	
"далп"@kjj	<http://ids.clld.org/values/4-190-69-1>		<http://ids.clld.org/parameters/4-190>		<http://ids.clld.org/values/4-190-286-1>		"warašiʔ"@pav	
"таьпаь"@kjj	<http://ids.clld.org/values/1-220-69-3>		<http://ids.clld.org/parameters/1-220>		<http://ids.clld.org/values/1-220-286-1>		"pakun"@pav	
"башттаккуи"@kjj	<http://ids.clld.org/values/17-170-69-1>		<http://ids.clld.org/parameters/17-170>		<http://ids.clld.org/values/17-170-286-1>		"tašiʔ"@pav	
"башттаккуи"@kjj	<http://ids.clld.org/values/17-170-69-1>		<http://ids.clld.org/parameters/17-170>		<http://ids.clld.org/values/17-170-286-3>		"kerek"@pav	
"башттаккуи"@kjj	<http://ids.clld.org/values/17-170-69-1>		<http://ids.clld.org/parameters/17-170>		<http://ids.clld.org/values/17-170-286-5>		"kerek pinʔ"@pav	
"къаьнаьт"@kjj	<http://ids.clld.org/values/4-392-69-1>		<http://ids.clld.org/parameters/4-392>		<http://ids.clld.org/values/4-392-286-1>		"tapaši"@pav	
"кьулач"@kjj	<http://ids.clld.org/values/3-840-69-3>		<http://ids.clld.org/parameters/3-840>		<http://ids.clld.org/values/3-840-286-1>		"meteʔ"@pav	
"ккуи"@kjj	<http://ids.clld.org/values/10-450-69-5>		<http://ids.clld.org/parameters/10-450>		<http://ids.clld.org/values/10-450-286-1>		"šut"@pav	
"ккуи"@kjj	<http://ids.clld.org/values/10-450-69-5>		<http://ids.clld.org/parameters/10-450>		<http://ids.clld.org/values/10-450-286-3>		"šurušut"@pav	
"никІаьз"@kjj	<http://ids.clld.org/values/15-770-69-3>		<http://ids.clld.org/parameters/15-770>		<http://ids.clld.org/values/15-770-286-1>		"topišik"@pav	
"кьаь"@kjj	<http://ids.clld.org/values/5-810-69-1>		<http://ids.clld.org/parameters/5-810>		<http://ids.clld.org/values/5-810-286-1>		"[sal]"@pav	
"вы"@kjj	<http://ids.clld.org/values/2-920-69-1>		<http://ids.clld.org/parameters/2-920>		<http://ids.clld.org/values/2-920-286-1>		"wum"@pav	
"гог"@kjj	<http://ids.clld.org/values/15-680-69-1>		<http://ids.clld.org/parameters/15-680>		<http://ids.clld.org/values/15-680-286-1>		"tb̃um"@pav	
"кок"@kjj	<http://ids.clld.org/values/8-540-69-1>		<http://ids.clld.org/parameters/8-540>		<http://ids.clld.org/values/8-540-286-1>		"kašimain"@pav	
"хьырыцІ"@kjj	<http://ids.clld.org/values/15-640-69-1>		<http://ids.clld.org/parameters/15-640>		<http://ids.clld.org/values/15-640-286-1>		"towoʔ"@pav	
"йаьккири"@kjj	<http://ids.clld.org/values/1-851-69-1>		<http://ids.clld.org/parameters/1-851>		<http://ids.clld.org/values/1-851-286-3>		"wiran"@pav	
"йаьккири"@kjj	<http://ids.clld.org/values/1-851-69-1>		<http://ids.clld.org/parameters/1-851>		<http://ids.clld.org/values/1-851-286-1>		"tom"@pav	
"йаьккири"@kjj	<http://ids.clld.org/values/1-851-69-1>		<http://ids.clld.org/parameters/1-851>		<http://ids.clld.org/values/1-851-286-5>		"karahoʔ"@pav	
"бичІи"@kjj	<http://ids.clld.org/values/12-630-69-1>		<http://ids.clld.org/parameters/12-630>		<http://ids.clld.org/values/12-630-286-1>		"kwere"@pav	
"ттохундаь"@kjj	<http://ids.clld.org/values/12-150-69-1>		<http://ids.clld.org/parameters/12-150>		<http://ids.clld.org/values/12-150-286-1>		"tekiʔ pe"@pav	
"ттохундаь"@kjj	<http://ids.clld.org/values/12-150-69-1>		<http://ids.clld.org/parameters/12-150>		<http://ids.clld.org/values/12-150-286-3>		"tekiʔ to"@pav	
"ункІ"@kjj	<http://ids.clld.org/values/1-740-69-1>		<http://ids.clld.org/parameters/1-740>		<http://ids.clld.org/values/1-740-286-1>		"murukukuʔ"@pav	
"наьфаьс къалтыркири"@kjj	<http://ids.clld.org/values/4-510-69-1>		<http://ids.clld.org/parameters/4-510>		<http://ids.clld.org/values/4-510-286-1>		"wereme"@pav	
"хІаьлдаь"@kjj	<http://ids.clld.org/values/12-410-69-1>		<http://ids.clld.org/parameters/12-410>		<http://ids.clld.org/values/12-410-286-1>		"irikwerešiʔ"@pav	
"гьаь"@kjj	<http://ids.clld.org/values/2-930-69-3>		<http://ids.clld.org/parameters/2-930>		<http://ids.clld.org/values/2-930-286-1>		"ko maʔ"@pav	
"узах"@kjj	<http://ids.clld.org/values/12-440-69-1>		<http://ids.clld.org/parameters/12-440>		<http://ids.clld.org/values/12-440-286-1>		"pira"@pav	
"ункІури"@kjj	<http://ids.clld.org/values/11-310-69-1>		<http://ids.clld.org/parameters/11-310>		<http://ids.clld.org/values/11-310-286-1>		"noro"@pav	
"хъили"@kjj	<http://ids.clld.org/values/16-260-69-5>		<http://ids.clld.org/parameters/16-260>		<http://ids.clld.org/values/16-260-286-1>		"warayu"@pav	
"алттыкІыри"@kjj	<http://ids.clld.org/values/10-250-69-1>		<http://ids.clld.org/parameters/10-250>		<http://ids.clld.org/values/10-250-286-3>		"wišikaoʔ"@pav	
"алттыкІыри"@kjj	<http://ids.clld.org/values/10-250-69-1>		<http://ids.clld.org/parameters/10-250>		<http://ids.clld.org/values/10-250-286-1>		"šin"@pav	
"йохьури"@kjj	<http://ids.clld.org/values/13-107-69-1>		<http://ids.clld.org/parameters/13-107>		<http://ids.clld.org/values/13-107-286-1>		"piyimʔ"@pav	
"баьд"@kjj	<http://ids.clld.org/values/16-720-69-1>		<http://ids.clld.org/parameters/16-720>		<http://ids.clld.org/values/16-720-286-1>		"kayi"@pav	
"хинимкІир"@kjj	<http://ids.clld.org/values/2-220-69-1>		<http://ids.clld.org/parameters/2-220>		<http://ids.clld.org/values/2-220-286-1>		"narimaʔ"@pav	
"ки"@kjj	<http://ids.clld.org/values/2-230-69-1>		<http://ids.clld.org/parameters/2-230>		<http://ids.clld.org/values/2-230-286-1>		"taramaʔ"@pav	
"кулак"@kjj	<http://ids.clld.org/values/1-720-69-1>		<http://ids.clld.org/parameters/1-720>		<http://ids.clld.org/values/1-720-286-1>		"hotowa"@pav	
"кІытыр"@kjj	<http://ids.clld.org/values/4-230-69-1>		<http://ids.clld.org/parameters/4-230>		<http://ids.clld.org/values/4-230-286-1>		"werešiʔ (ut)"@pav	
"цІи"@kjj	<http://ids.clld.org/values/13-210-69-3>		<http://ids.clld.org/parameters/13-210>		<http://ids.clld.org/values/13-210-286-5>		"maʔam"@pav	
"цІи"@kjj	<http://ids.clld.org/values/13-210-69-3>		<http://ids.clld.org/parameters/13-210>		<http://ids.clld.org/values/13-210-286-3>		"moromoinʔ"@pav	
"цІи"@kjj	<http://ids.clld.org/values/13-210-69-3>		<http://ids.clld.org/parameters/13-210>		<http://ids.clld.org/values/13-210-286-1>		"moinʔ"@pav	
"мац кири"@kjj	<http://ids.clld.org/values/9-223-69-1>		<http://ids.clld.org/parameters/9-223>		<http://ids.clld.org/values/9-223-286-1>		"šukunʔ"@pav	
"ццыма"@kjj	<http://ids.clld.org/values/15-660-69-3>		<http://ids.clld.org/parameters/15-660>		<http://ids.clld.org/values/15-660-286-1>		"pakaʔ"@pav	
"кІир"@kjj	<http://ids.clld.org/values/4-120-69-1>		<http://ids.clld.org/parameters/4-120>		<http://ids.clld.org/values/4-120-286-1>		"taparišiʔ"@pav	
"локІ"@kjj	<http://ids.clld.org/values/12-650-69-1>		<http://ids.clld.org/parameters/12-650>		<http://ids.clld.org/values/12-650-286-1>		"šašiʔ"@pav	
"пыт"@kjj	<http://ids.clld.org/values/4-140-69-1>		<http://ids.clld.org/parameters/4-140>		<http://ids.clld.org/values/4-140-286-1>		"tenenešiʔ"@pav	
"пыт"@kjj	<http://ids.clld.org/values/4-140-69-1>		<http://ids.clld.org/parameters/4-140>		<http://ids.clld.org/values/4-140-286-3>		"tenenein (šun)"@pav	
"цІу"@kjj	<http://ids.clld.org/values/18-280-69-1>		<http://ids.clld.org/parameters/18-280>		<http://ids.clld.org/values/18-280-286-1>		"wišišiʔ (wit)"@pav	
"тІоп"@kjj	<http://ids.clld.org/values/4-220-69-1>		<http://ids.clld.org/parameters/4-220>		<http://ids.clld.org/values/4-220-286-1>		"tara-yišiʔ (taraʔ)"@pav	
"къум"@kjj	<http://ids.clld.org/values/1-215-69-1>		<http://ids.clld.org/parameters/1-215>		<http://ids.clld.org/values/1-215-286-1>		"namayi"@pav	
"уьзмуьшкьи"@kjj	<http://ids.clld.org/values/10-350-69-1>		<http://ids.clld.org/parameters/10-350>		<http://ids.clld.org/values/10-350-286-3>		"panʔ karakam"@pav	
"уьзмуьшкьи"@kjj	<http://ids.clld.org/values/10-350-69-1>		<http://ids.clld.org/parameters/10-350>		<http://ids.clld.org/values/10-350-286-1>		"panʔ kam"@pav	
"чими"@kjj	<http://ids.clld.org/values/4-345-69-1>		<http://ids.clld.org/parameters/4-345>		<http://ids.clld.org/values/4-345-286-1>		"šikinain"@pav	
"вихаь"@kjj	<http://ids.clld.org/values/12-570-69-1>		<http://ids.clld.org/parameters/12-570>		<http://ids.clld.org/values/12-570-286-1>		"matam"@pav	
"мичІаь"@kjj	<http://ids.clld.org/values/15-650-69-1>		<http://ids.clld.org/parameters/15-650>		<http://ids.clld.org/values/15-650-286-1>		"mišem"@pav	
"хІаьдми"@kjj	<http://ids.clld.org/values/2-100-69-1>		<http://ids.clld.org/parameters/2-100>		<http://ids.clld.org/values/2-100-286-1>		"wariʔ"@pav	
"ишкІири"@kjj	<http://ids.clld.org/values/9-160-69-1>		<http://ids.clld.org/parameters/9-160>		<http://ids.clld.org/values/9-160-286-1>		"tuku"@pav	
"алккуи"@kjj	<http://ids.clld.org/values/10-320-69-1>		<http://ids.clld.org/parameters/10-320>		<http://ids.clld.org/values/10-320-286-3>		"weweweo"@pav	
"алккуи"@kjj	<http://ids.clld.org/values/10-320-69-1>		<http://ids.clld.org/parameters/10-320>		<http://ids.clld.org/values/10-320-286-1>		"weo"@pav	
"даьрд"@kjj	<http://ids.clld.org/values/16-420-69-3>		<http://ids.clld.org/parameters/16-420>		<http://ids.clld.org/values/16-420-286-1>		"manaʔ"@pav	
"сыб"@kjj	<http://ids.clld.org/values/15-680-69-3>		<http://ids.clld.org/parameters/15-680>		<http://ids.clld.org/values/15-680-286-1>		"tb̃um"@pav	
"салахей"@kjj	<http://ids.clld.org/values/12-420-69-1>		<http://ids.clld.org/parameters/12-420>		<http://ids.clld.org/values/12-420-286-1>		"parayišiʔ"@pav	
"хьу"@kjj	<http://ids.clld.org/values/1-310-69-1>		<http://ids.clld.org/parameters/1-310>		<http://ids.clld.org/values/1-310-286-1>		"kom (komišiʔ)"@pav	
"ццва"@kjj	<http://ids.clld.org/values/1-510-69-1>		<http://ids.clld.org/parameters/1-510>		<http://ids.clld.org/values/1-510-286-1>		"nanawin"@pav	
"даьдаь"@kjj	<http://ids.clld.org/values/2-360-69-3>		<http://ids.clld.org/parameters/2-360>		<http://ids.clld.org/values/2-360-286-1>		"naʔ"@pav	
"ттаьгьаьнг"@kjj	<http://ids.clld.org/values/8-670-69-1>		<http://ids.clld.org/parameters/8-670>		<http://ids.clld.org/values/8-670-286-1>		"makon (makorišiʔ)"@pav	
"анк"@kjj	<http://ids.clld.org/values/4-350-69-1>		<http://ids.clld.org/parameters/4-350>		<http://ids.clld.org/values/4-350-286-1>		"pišiyašiʔ"@pav	
"анк"@kjj	<http://ids.clld.org/values/4-350-69-1>		<http://ids.clld.org/parameters/4-350>		<http://ids.clld.org/values/4-350-286-3>		"kokošiʔ"@pav	
"кли"@kjj	<http://ids.clld.org/values/15-410-69-1>		<http://ids.clld.org/parameters/15-410>		<http://ids.clld.org/values/15-410-286-1>		"tarayu"@pav	
"кьакьал"@kjj	<http://ids.clld.org/values/4-190-69-3>		<http://ids.clld.org/parameters/4-190>		<http://ids.clld.org/values/4-190-286-1>		"warašiʔ"@pav	
"бый"@kjj	<http://ids.clld.org/values/2-350-69-1>		<http://ids.clld.org/parameters/2-350>		<http://ids.clld.org/values/2-350-286-1>		"te"@pav	
"гран"@kjj	<http://ids.clld.org/values/15-810-69-1>		<http://ids.clld.org/parameters/15-810>		<http://ids.clld.org/values/15-810-286-3>		"taʔ man"@pav	
"гран"@kjj	<http://ids.clld.org/values/15-810-69-1>		<http://ids.clld.org/parameters/15-810>		<http://ids.clld.org/values/15-810-286-1>		"šite"@pav	
"гран"@kjj	<http://ids.clld.org/values/15-810-69-1>		<http://ids.clld.org/parameters/15-810>		<http://ids.clld.org/values/15-810-286-5>		"teʔ man"@pav	
"чІаь"@kjj	<http://ids.clld.org/values/1-810-69-1>		<http://ids.clld.org/parameters/1-810>		<http://ids.clld.org/values/1-810-286-1>		"še"@pav	
"кьула"@kjj	<http://ids.clld.org/values/1-750-69-1>		<http://ids.clld.org/parameters/1-750>		<http://ids.clld.org/values/1-750-286-1>		"šowiʔ"@pav	
"агъзы"@kjj	<http://ids.clld.org/values/4-240-69-1>		<http://ids.clld.org/parameters/4-240>		<http://ids.clld.org/values/4-240-286-1>		"kapiyašiʔ (topak)"@pav	
"пхра"@kjj	<http://ids.clld.org/values/3-610-69-1>		<http://ids.clld.org/parameters/3-610>		<http://ids.clld.org/values/3-610-286-1>		"oromiyak"@pav	
"уьзмуьшкьи"@kjj	<http://ids.clld.org/values/10-340-69-1>		<http://ids.clld.org/parameters/10-340>		<http://ids.clld.org/values/10-340-286-1>		"ho"@pav	
"уьзмуьшкьи"@kjj	<http://ids.clld.org/values/10-340-69-1>		<http://ids.clld.org/parameters/10-340>		<http://ids.clld.org/values/10-340-286-3>		"horoho"@pav	
"са къаьдаьр"@kjj	<http://ids.clld.org/values/13-181-69-1>		<http://ids.clld.org/parameters/13-181>		<http://ids.clld.org/values/13-181-286-1>		"arakaʔ"@pav	
"мыда"@kjj	<http://ids.clld.org/values/1-220-69-1>		<http://ids.clld.org/parameters/1-220>		<http://ids.clld.org/values/1-220-286-1>		"pakun"@pav	
"бичІи"@kjj	<http://ids.clld.org/values/13-210-69-1>		<http://ids.clld.org/parameters/13-210>		<http://ids.clld.org/values/13-210-286-5>		"maʔam"@pav	
"бичІи"@kjj	<http://ids.clld.org/values/13-210-69-1>		<http://ids.clld.org/parameters/13-210>		<http://ids.clld.org/values/13-210-286-3>		"moromoinʔ"@pav	
"бичІи"@kjj	<http://ids.clld.org/values/13-210-69-1>		<http://ids.clld.org/parameters/13-210>		<http://ids.clld.org/values/13-210-286-1>		"moinʔ"@pav	
"илигъ"@kjj	<http://ids.clld.org/values/15-851-69-3>		<http://ids.clld.org/parameters/15-851>		<http://ids.clld.org/values/15-851-286-3>		"nonoe"@pav	
"илигъ"@kjj	<http://ids.clld.org/values/15-851-69-3>		<http://ids.clld.org/parameters/15-851>		<http://ids.clld.org/values/15-851-286-1>		"šain"@pav	
"инкІ"@kjj	<http://ids.clld.org/values/9-190-69-1>		<http://ids.clld.org/parameters/9-190>		<http://ids.clld.org/values/9-190-286-1>		"makon (makorišiʔ)"@pav	
"чІир"@kjj	<http://ids.clld.org/values/16-720-69-3>		<http://ids.clld.org/parameters/16-720>		<http://ids.clld.org/values/16-720-286-1>		"kayi"@pav	
"баж"@kjj	<http://ids.clld.org/values/8-570-69-1>		<http://ids.clld.org/parameters/8-570>		<http://ids.clld.org/values/8-570-286-3>		"wiyein"@pav	
"баж"@kjj	<http://ids.clld.org/values/8-570-69-1>		<http://ids.clld.org/parameters/8-570>		<http://ids.clld.org/values/8-570-286-1>		"piwain"@pav	
"вурмушкьи"@kjj	<http://ids.clld.org/values/20-110-69-1>		<http://ids.clld.org/parameters/20-110>		<http://ids.clld.org/values/20-110-286-1>		"mišita"@pav	
"чаькмишкири"@kjj	<http://ids.clld.org/values/5-160-69-1>		<http://ids.clld.org/parameters/5-160>		<http://ids.clld.org/values/5-160-286-1>		"šok"@pav	
"чаькмишкири"@kjj	<http://ids.clld.org/values/5-160-69-1>		<http://ids.clld.org/parameters/5-160>		<http://ids.clld.org/values/5-160-286-3>		"šak"@pav	
"кьи"@kjj	<http://ids.clld.org/values/15-840-69-3>		<http://ids.clld.org/parameters/15-840>		<http://ids.clld.org/values/15-840-286-1>		"kawainʔ"@pav	
"къадаш"@kjj	<http://ids.clld.org/values/2-350-69-3>		<http://ids.clld.org/parameters/2-350>		<http://ids.clld.org/values/2-350-286-1>		"te"@pav	
"ттахкыри"@kjj	<http://ids.clld.org/values/9-270-69-1>		<http://ids.clld.org/parameters/9-270>		<http://ids.clld.org/values/9-270-286-1>		"toʔ pahot"@pav	
"ттахкыри"@kjj	<http://ids.clld.org/values/9-270-69-1>		<http://ids.clld.org/parameters/9-270>		<http://ids.clld.org/values/9-270-286-3>		"toʔ pahorohot"@pav	
"иттиркири"@kjj	<http://ids.clld.org/values/9-210-69-1>		<http://ids.clld.org/parameters/9-210>		<http://ids.clld.org/values/9-210-286-1>		"toʔ"@pav	
"таькІири"@kjj	<http://ids.clld.org/values/11-210-69-1>		<http://ids.clld.org/parameters/11-210>		<http://ids.clld.org/values/11-210-286-1>		"miʔ"@pav	
"даьнаь"@kjj	<http://ids.clld.org/values/13-170-69-1>		<http://ids.clld.org/parameters/13-170>		<http://ids.clld.org/values/13-170-286-1>		"parek"@pav	
"бийар"@kjj	<http://ids.clld.org/values/4-450-69-1>		<http://ids.clld.org/parameters/4-450>		<http://ids.clld.org/values/4-450-286-1>		"tarawanašiʔ (tarawan)"@pav	
"калла"@kjj	<http://ids.clld.org/values/4-200-69-3>		<http://ids.clld.org/parameters/4-200>		<http://ids.clld.org/values/4-200-286-1>		"winašiʔ (wayiʔ)"@pav	
"хІаьйван"@kjj	<http://ids.clld.org/values/3-110-69-1>		<http://ids.clld.org/parameters/3-110>		<http://ids.clld.org/values/3-110-286-1>		"karawa"@pav	
"кІаз"@kjj	<http://ids.clld.org/values/5-970-69-1>		<http://ids.clld.org/parameters/5-970>		<http://ids.clld.org/values/5-970-286-1>		"arayein"@pav	
"гьу"@kjj	<http://ids.clld.org/values/2-930-69-1>		<http://ids.clld.org/parameters/2-930>		<http://ids.clld.org/values/2-930-286-1>		"ko maʔ"@pav	
"кІу"@kjj	<http://ids.clld.org/values/13-20-69-1>		<http://ids.clld.org/parameters/13-20>		<http://ids.clld.org/values/13-20-286-1>		"tuku karakan"@pav	
"инкІ"@kjj	<http://ids.clld.org/values/4-160-69-1>		<http://ids.clld.org/parameters/4-160>		<http://ids.clld.org/values/4-160-286-1>		"arašiʔ (at)"@pav	
"микІ"@kjj	<http://ids.clld.org/values/1-770-69-1>		<http://ids.clld.org/parameters/1-770>		<http://ids.clld.org/values/1-770-286-1>		"šio šio"@pav	
"кІаз"@kjj	<http://ids.clld.org/values/3-850-69-1>		<http://ids.clld.org/parameters/3-850>		<http://ids.clld.org/values/3-850-286-1>		"emʔ"@pav	
"мырдар"@kjj	<http://ids.clld.org/values/15-880-69-3>		<http://ids.clld.org/parameters/15-880>		<http://ids.clld.org/values/15-880-286-1>		"mišem"@pav	
"мыси"@kjj	<http://ids.clld.org/values/2-310-69-7>		<http://ids.clld.org/parameters/2-310>		<http://ids.clld.org/values/2-310-286-1>		"taši"@pav	
"къуш"@kjj	<http://ids.clld.org/values/3-581-69-1>		<http://ids.clld.org/parameters/3-581>		<http://ids.clld.org/values/3-581-286-1>		"me"@pav	
"джине"@kjj	<http://ids.clld.org/values/1-210-69-1>		<http://ids.clld.org/parameters/1-210>		<http://ids.clld.org/values/1-210-286-1>		"makanʔ"@pav	
"хинимкІир"@kjj	<http://ids.clld.org/values/2-320-69-5>		<http://ids.clld.org/parameters/2-320>		<http://ids.clld.org/values/2-320-286-1>		"mana"@pav	
"маьйва"@kjj	<http://ids.clld.org/values/5-710-69-3>		<http://ids.clld.org/parameters/5-710>		<http://ids.clld.org/values/5-710-286-3>		"winain"@pav	
"маьйва"@kjj	<http://ids.clld.org/values/5-710-69-3>		<http://ids.clld.org/parameters/5-710>		<http://ids.clld.org/values/5-710-286-1>		"memem"@pav	
"гардан"@kjj	<http://ids.clld.org/values/4-280-69-1>		<http://ids.clld.org/parameters/4-280>		<http://ids.clld.org/values/4-280-286-1>		"paramašiʔ"@pav	
"инхъаьрду"@kjj	<http://ids.clld.org/values/2-310-69-1>		<http://ids.clld.org/parameters/2-310>		<http://ids.clld.org/values/2-310-286-1>		"taši"@pav	
"мырдар"@kjj	<http://ids.clld.org/values/3-850-69-3>		<http://ids.clld.org/parameters/3-850>		<http://ids.clld.org/values/3-850-286-1>		"emʔ"@pav	
"заькІ"@kjj	<http://ids.clld.org/values/1-840-69-1>		<http://ids.clld.org/parameters/1-840>		<http://ids.clld.org/values/1-840-286-1>		"topakon"@pav	
"мыккар"@kjj	<http://ids.clld.org/values/1-430-69-1>		<http://ids.clld.org/parameters/1-430>		<http://ids.clld.org/values/1-430-286-1>		"pana"@pav	
"баш"@kjj	<http://ids.clld.org/values/4-200-69-1>		<http://ids.clld.org/parameters/4-200>		<http://ids.clld.org/values/4-200-286-1>		"winašiʔ (wayiʔ)"@pav	
"ччивыри"@kjj	<http://ids.clld.org/values/12-130-69-1>		<http://ids.clld.org/parameters/12-130>		<http://ids.clld.org/values/12-130-286-1>		"šaoʔ pe"@pav	
"ччивыри"@kjj	<http://ids.clld.org/values/12-130-69-1>		<http://ids.clld.org/parameters/12-130>		<http://ids.clld.org/values/12-130-286-3>		"šaoʔ to"@pav	
"хаькири"@kjj	<http://ids.clld.org/values/10-670-69-1>		<http://ids.clld.org/parameters/10-670>		<http://ids.clld.org/values/10-670-286-1>		"yök"@pav	
"йибири"@kjj	<http://ids.clld.org/values/4-760-69-1>		<http://ids.clld.org/parameters/4-760>		<http://ids.clld.org/values/4-760-286-1>		"paʔ"@pav	
"махар"@kjj	<http://ids.clld.org/values/4-410-69-1>		<http://ids.clld.org/parameters/4-410>		<http://ids.clld.org/values/4-410-286-1>		"karašišiʔ (katat)"@pav	
"загъи"@kjj	<http://ids.clld.org/values/15-510-69-3>		<http://ids.clld.org/parameters/15-510>		<http://ids.clld.org/values/15-510-286-1>		"kerek"@pav	
"гисхири"@kjj	<http://ids.clld.org/values/10-130-69-1>		<http://ids.clld.org/parameters/10-130>		<http://ids.clld.org/values/10-130-286-1>		"yami"@pav	
"балыгъ"@kjj	<http://ids.clld.org/values/3-650-69-1>		<http://ids.clld.org/parameters/3-650>		<http://ids.clld.org/values/3-650-286-1>		"hwam (hwamišiʔ)"@pav	
"ынкь"@kjj	<http://ids.clld.org/values/1-520-69-1>		<http://ids.clld.org/parameters/1-520>		<http://ids.clld.org/values/1-520-286-1>		"šina"@pav	
"лыгад"@kjj	<http://ids.clld.org/values/2-310-69-5>		<http://ids.clld.org/parameters/2-310>		<http://ids.clld.org/values/2-310-286-1>		"taši"@pav	
"гонгазлы"@kjj	<http://ids.clld.org/values/12-810-69-1>		<http://ids.clld.org/parameters/12-810>		<http://ids.clld.org/values/12-810-286-1>		"monoʔo"@pav	
"йетІири"@kjj	<http://ids.clld.org/values/4-580-69-3>		<http://ids.clld.org/parameters/4-580>		<http://ids.clld.org/values/4-580-286-1>		"kio"@pav	
"чІири"@kjj	<http://ids.clld.org/values/18-220-69-1>		<http://ids.clld.org/parameters/18-220>		<http://ids.clld.org/values/18-220-286-1>		"tomiʔ šoʔ"@pav	
"фикир кири"@kjj	<http://ids.clld.org/values/17-130-69-1>		<http://ids.clld.org/parameters/17-130>		<http://ids.clld.org/values/17-130-286-1>		"koromikat"@pav	
"чІихьири-чІихьттондаь"@kjj	<http://ids.clld.org/values/13-140-69-1>		<http://ids.clld.org/parameters/13-140>		<http://ids.clld.org/values/13-140-286-1>		"šam"@pav	
"йаьхъири"@kjj	<http://ids.clld.org/values/16-260-69-1>		<http://ids.clld.org/parameters/16-260>		<http://ids.clld.org/values/16-260-286-1>		"warayu"@pav	
"зур"@kjj	<http://ids.clld.org/values/2-950-69-1>		<http://ids.clld.org/parameters/2-950>		<http://ids.clld.org/values/2-950-286-1>		"wahuʔ"@pav	
"ал"@kjj	<http://ids.clld.org/values/15-660-69-1>		<http://ids.clld.org/parameters/15-660>		<http://ids.clld.org/values/15-660-286-1>		"pakaʔ"@pav	
"дуьз"@kjj	<http://ids.clld.org/values/16-730-69-1>		<http://ids.clld.org/parameters/16-730>		<http://ids.clld.org/values/16-730-286-1>		"šoʔ"@pav	
"чхи"@kjj	<http://ids.clld.org/values/12-550-69-7>		<http://ids.clld.org/parameters/12-550>		<http://ids.clld.org/values/12-550-286-1>		"hwaraʔ"@pav	
"чхи"@kjj	<http://ids.clld.org/values/12-550-69-7>		<http://ids.clld.org/parameters/12-550>		<http://ids.clld.org/values/12-550-286-3>		"horon"@pav	
"къайа"@kjj	<http://ids.clld.org/values/1-440-69-3>		<http://ids.clld.org/parameters/1-440>		<http://ids.clld.org/values/1-440-286-1>		"pakun"@pav	
"нашхьири"@kjj	<http://ids.clld.org/values/9-343-69-1>		<http://ids.clld.org/parameters/9-343>		<http://ids.clld.org/values/9-343-286-1>		"humʔ"@pav	
"мыда"@kjj	<http://ids.clld.org/values/1-440-69-1>		<http://ids.clld.org/parameters/1-440>		<http://ids.clld.org/values/1-440-286-1>		"pakun"@pav	
"ттаькьири"@kjj	<http://ids.clld.org/values/9-220-69-1>		<http://ids.clld.org/parameters/9-220>		<http://ids.clld.org/values/9-220-286-7>		"nakarkamʔ"@pav	
"ттаькьири"@kjj	<http://ids.clld.org/values/9-220-69-1>		<http://ids.clld.org/parameters/9-220>		<http://ids.clld.org/values/9-220-286-3>		"wawak"@pav	
"ттаькьири"@kjj	<http://ids.clld.org/values/9-220-69-1>		<http://ids.clld.org/parameters/9-220>		<http://ids.clld.org/values/9-220-286-9>		"ta"@pav	
"ттаькьири"@kjj	<http://ids.clld.org/values/9-220-69-1>		<http://ids.clld.org/parameters/9-220>		<http://ids.clld.org/values/9-220-286-5>		"nakamʔ"@pav	
"ттаькьири"@kjj	<http://ids.clld.org/values/9-220-69-1>		<http://ids.clld.org/parameters/9-220>		<http://ids.clld.org/values/9-220-286-1>		"wak"@pav	
"ккаккуи"@kjj	<http://ids.clld.org/values/10-480-69-1>		<http://ids.clld.org/parameters/10-480>		<http://ids.clld.org/values/10-480-286-1>		"makiʔ"@pav	
"уьс"@kjj	<http://ids.clld.org/values/14-730-69-1>		<http://ids.clld.org/parameters/14-730>		<http://ids.clld.org/values/14-730-286-1>		"kawašiʔ"@pav	
"батта"@kjj	<http://ids.clld.org/values/12-590-69-1>		<http://ids.clld.org/parameters/12-590>		<http://ids.clld.org/values/12-590-286-1>		"wiyimain"@pav	
"фырфыр"@kjj	<http://ids.clld.org/values/1-720-69-3>		<http://ids.clld.org/parameters/1-720>		<http://ids.clld.org/values/1-720-286-1>		"hotowa"@pav	
"шиш"@kjj	<http://ids.clld.org/values/4-853-69-1>		<http://ids.clld.org/parameters/4-853>		<http://ids.clld.org/values/4-853-286-1>		"mom"@pav	
"кІушкІула"@kjj	<http://ids.clld.org/values/15-690-69-1>		<http://ids.clld.org/parameters/15-690>		<http://ids.clld.org/values/15-690-286-1>		"košik"@pav	
"зыкыри"@kjj	<http://ids.clld.org/values/10-230-69-1>		<http://ids.clld.org/parameters/10-230>		<http://ids.clld.org/values/10-230-286-3>		"kamaraʔ"@pav	
"зыкыри"@kjj	<http://ids.clld.org/values/10-230-69-1>		<http://ids.clld.org/parameters/10-230>		<http://ids.clld.org/values/10-230-286-1>		"panʔ"@pav	
"гьамавар"@kjj	<http://ids.clld.org/values/15-770-69-1>		<http://ids.clld.org/parameters/15-770>		<http://ids.clld.org/values/15-770-286-1>		"topišik"@pav	
"дартмышкири"@kjj	<http://ids.clld.org/values/9-330-69-3>		<http://ids.clld.org/parameters/9-330>		<http://ids.clld.org/values/9-330-286-1>		"kök"@pav	
"зорба"@kjj	<http://ids.clld.org/values/12-550-69-1>		<http://ids.clld.org/parameters/12-550>		<http://ids.clld.org/values/12-550-286-1>		"hwaraʔ"@pav	
"зорба"@kjj	<http://ids.clld.org/values/12-550-69-1>		<http://ids.clld.org/parameters/12-550>		<http://ids.clld.org/values/12-550-286-3>		"horon"@pav	
"пІи"@kjj	<http://ids.clld.org/values/4-150-69-3>		<http://ids.clld.org/parameters/4-150>		<http://ids.clld.org/values/4-150-286-1>		"kišiʔ (wik)"@pav	
"учмышкири"@kjj	<http://ids.clld.org/values/10-370-69-1>		<http://ids.clld.org/parameters/10-370>		<http://ids.clld.org/values/10-370-286-3>		"toin"@pav	
"учмышкири"@kjj	<http://ids.clld.org/values/10-370-69-1>		<http://ids.clld.org/parameters/10-370>		<http://ids.clld.org/values/10-370-286-1>		"takiʔ"@pav	
"энны"@kjj	<http://ids.clld.org/values/12-610-69-3>		<http://ids.clld.org/parameters/12-610>		<http://ids.clld.org/values/12-610-286-1>		"kote ne kimain"@pav	
"инхъер"@kjj	<http://ids.clld.org/values/14-150-69-3>		<http://ids.clld.org/parameters/14-150>		<http://ids.clld.org/values/14-150-286-1>		"maraʔ"@pav	
"инхъер"@kjj	<http://ids.clld.org/values/14-150-69-3>		<http://ids.clld.org/parameters/14-150>		<http://ids.clld.org/values/14-150-286-3>		"horon"@pav	
"хъол"@kjj	<http://ids.clld.org/values/16-420-69-5>		<http://ids.clld.org/parameters/16-420>		<http://ids.clld.org/values/16-420-286-1>		"manaʔ"@pav	
"кфир"@kjj	<http://ids.clld.org/values/15-880-69-1>		<http://ids.clld.org/parameters/15-880>		<http://ids.clld.org/values/15-880-286-1>		"mišem"@pav	
"ксан"@kjj	<http://ids.clld.org/values/16-710-69-1>		<http://ids.clld.org/parameters/16-710>		<http://ids.clld.org/values/16-710-286-1>		"awi"@pav	
"сон"@kjj	<http://ids.clld.org/values/2-270-69-1>		<http://ids.clld.org/parameters/2-270>		<http://ids.clld.org/values/2-270-286-1>		"piyeʔ"@pav	
"йаьлаьк"@kjj	<http://ids.clld.org/values/4-393-69-1>		<http://ids.clld.org/parameters/4-393>		<http://ids.clld.org/values/4-393-286-1>		"tenenein (šun)"@pav	
"фара-фара"@kjj	<http://ids.clld.org/values/15-851-69-1>		<http://ids.clld.org/parameters/15-851>		<http://ids.clld.org/values/15-851-286-3>		"nonoe"@pav	
"фара-фара"@kjj	<http://ids.clld.org/values/15-851-69-1>		<http://ids.clld.org/parameters/15-851>		<http://ids.clld.org/values/15-851-286-1>		"šain"@pav	
"миси"@kjj	<http://ids.clld.org/values/12-560-69-1>		<http://ids.clld.org/parameters/12-560>		<http://ids.clld.org/values/12-560-286-1>		"wiyimain"@pav	
"гьаь"@kjj	<http://ids.clld.org/values/2-960-69-1>		<http://ids.clld.org/parameters/2-960>		<http://ids.clld.org/values/2-960-286-1>		"karam maʔ"@pav	
"ынкка"@kjj	<http://ids.clld.org/values/1-360-69-1>		<http://ids.clld.org/parameters/1-360>		<http://ids.clld.org/values/1-360-286-1>		"kom"@pav	
"джигъир"@kjj	<http://ids.clld.org/values/10-720-69-1>		<http://ids.clld.org/parameters/10-720>		<http://ids.clld.org/values/10-720-286-1>		"wana (wanayišiʔ)"@pav	
"мок"@kjj	<http://ids.clld.org/values/3-840-69-1>		<http://ids.clld.org/parameters/3-840>		<http://ids.clld.org/values/3-840-286-1>		"meteʔ"@pav	
"ынхъ"@kjj	<http://ids.clld.org/values/16-530-69-1>		<http://ids.clld.org/parameters/16-530>		<http://ids.clld.org/values/16-530-286-1>		"yinʔ"@pav	
"сан"@kjj	<http://ids.clld.org/values/14-420-69-1>		<http://ids.clld.org/parameters/14-420>		<http://ids.clld.org/values/14-420-286-1>		"šim"@pav	
"анаж"@kjj	<http://ids.clld.org/values/14-150-69-1>		<http://ids.clld.org/parameters/14-150>		<http://ids.clld.org/values/14-150-286-1>		"maraʔ"@pav	
"анаж"@kjj	<http://ids.clld.org/values/14-150-69-1>		<http://ids.clld.org/parameters/14-150>		<http://ids.clld.org/values/14-150-286-3>		"horon"@pav	
"ункІ"@kjj	<http://ids.clld.org/values/1-730-69-1>		<http://ids.clld.org/parameters/1-730>		<http://ids.clld.org/values/1-730-286-1>		"tayain nanawin"@pav	
"баьдаьн"@kjj	<http://ids.clld.org/values/4-130-69-1>		<http://ids.clld.org/parameters/4-130>		<http://ids.clld.org/values/4-130-286-1>		"kwerešiʔ"@pav	
"къан"@kjj	<http://ids.clld.org/values/4-150-69-1>		<http://ids.clld.org/parameters/4-150>		<http://ids.clld.org/values/4-150-286-1>		"kišiʔ (wik)"@pav	
"чоьлхьири"@kjj	<http://ids.clld.org/values/6-350-69-3>		<http://ids.clld.org/parameters/6-350>		<http://ids.clld.org/values/6-350-286-1>		"ok"@pav	
"нимцІ"@kjj	<http://ids.clld.org/values/3-811-69-1>		<http://ids.clld.org/parameters/3-811>		<http://ids.clld.org/values/3-811-286-1>		"ioʔ"@pav	
"кул"@kjj	<http://ids.clld.org/values/4-330-69-1>		<http://ids.clld.org/parameters/4-330>		<http://ids.clld.org/values/4-330-286-1>		"mišiʔ"@pav	
"кул"@kjj	<http://ids.clld.org/values/4-330-69-1>		<http://ids.clld.org/parameters/4-330>		<http://ids.clld.org/values/4-330-286-3>		"(umʔ)"@pav	
"аджыгъ"@kjj	<http://ids.clld.org/values/16-420-69-1>		<http://ids.clld.org/parameters/16-420>		<http://ids.clld.org/values/16-420-286-1>		"manaʔ"@pav	
"аьгмаь"@kjj	<http://ids.clld.org/values/4-360-69-1>		<http://ids.clld.org/parameters/4-360>		<http://ids.clld.org/values/4-360-286-1>		"karamašiʔ (karam)"@pav	
"ник"@kjj	<http://ids.clld.org/values/4-360-69-3>		<http://ids.clld.org/parameters/4-360>		<http://ids.clld.org/values/4-360-286-1>		"karamašiʔ (karam)"@pav	
"цуври"@kjj	<http://ids.clld.org/values/5-130-69-1>		<http://ids.clld.org/parameters/5-130>		<http://ids.clld.org/values/5-130-286-1>		"tok"@pav	
"цуври"@kjj	<http://ids.clld.org/values/5-130-69-1>		<http://ids.clld.org/parameters/5-130>		<http://ids.clld.org/values/5-130-286-3>		"tototok"@pav	
