"'bakʷa"@aro	<http://ids.clld.org/values/2-270-272-1>		<http://ids.clld.org/parameters/2-270>		<http://ids.clld.org/values/2-270-261-1>		"mo-"@brg	
"šoa-iɲa"@aro	<http://ids.clld.org/values/4-140-272-1>		<http://ids.clld.org/parameters/4-140>		<http://ids.clld.org/values/4-140-261-3>		"ni-'čahaih"@brg	
"šoa-iɲa"@aro	<http://ids.clld.org/values/4-140-272-1>		<http://ids.clld.org/parameters/4-140>		<http://ids.clld.org/values/4-140-261-1>		"-ča-"@brg	
"iše"@aro	<http://ids.clld.org/values/9-210-272-1>		<http://ids.clld.org/parameters/9-210>		<http://ids.clld.org/values/9-210-261-1>		"nesta'kaβiyar"@brg	
"haha-haha"@aro	<http://ids.clld.org/values/12-810-272-3>		<http://ids.clld.org/parameters/12-810>		<http://ids.clld.org/values/12-810-261-1>		"čoporikon"@brg	
"lepe"@aro	<http://ids.clld.org/values/10-380-272-3>		<http://ids.clld.org/parameters/10-380>		<http://ids.clld.org/values/10-380-261-1>		"-'haβi-ko-w"@brg	
"kʷa-ti"@aro	<http://ids.clld.org/values/1-810-272-1>		<http://ids.clld.org/parameters/1-810>		<http://ids.clld.org/values/1-810-261-1>		"'ya-ki"@brg	
"e-tae"@aro	<http://ids.clld.org/values/7-120-272-1>		<http://ids.clld.org/parameters/7-120>		<http://ids.clld.org/values/7-120-261-5>		"-den-pe-n"@brg	
"e-tae"@aro	<http://ids.clld.org/values/7-120-272-1>		<http://ids.clld.org/parameters/7-120>		<http://ids.clld.org/values/7-120-261-3>		"-'we-ṛ̌"@brg	
"e-tae"@aro	<http://ids.clld.org/values/7-120-272-1>		<http://ids.clld.org/parameters/7-120>		<http://ids.clld.org/values/7-120-261-1>		"'pa-ṛ̌i"@brg	
"eotata"@aro	<http://ids.clld.org/values/12-240-272-1>		<http://ids.clld.org/parameters/12-240>		<http://ids.clld.org/values/12-240-261-1>		"'βe-ha"@brg	
"isea"@aro	<http://ids.clld.org/values/11-150-272-1>		<http://ids.clld.org/parameters/11-150>		<http://ids.clld.org/values/11-150-261-1>		"-a'mo"@brg	
"kʷipac̷io"@aro	<http://ids.clld.org/values/17-650-272-1>		<http://ids.clld.org/parameters/17-650>		<http://ids.clld.org/values/17-650-261-1>		"kaeerapoka"@brg	
"maesa"@aro	<http://ids.clld.org/values/13-0-272-1>		<http://ids.clld.org/parameters/13-0>		<http://ids.clld.org/values/13-0-261-1>		"'inkaw ~ 'onkaw"@brg	
"me-ac̷a"@aro	<http://ids.clld.org/values/4-340-272-1>		<http://ids.clld.org/parameters/4-340>		<http://ids.clld.org/values/4-340-261-1>		"ni-'wohis"@brg	
"madaha"@aro	<http://ids.clld.org/values/4-360-272-3>		<http://ids.clld.org/parameters/4-360>		<http://ids.clld.org/values/4-360-261-1>		"ničo'βekos"@brg	
"abao"@aro	<http://ids.clld.org/values/12-570-272-1>		<http://ids.clld.org/parameters/12-570>		<http://ids.clld.org/values/12-570-261-1>		"-pi"@brg	
"abao"@aro	<http://ids.clld.org/values/12-570-272-1>		<http://ids.clld.org/parameters/12-570>		<http://ids.clld.org/values/12-570-261-3>		"'pero-"@brg	
"aokʷe"@aro	<http://ids.clld.org/values/12-440-272-3>		<http://ids.clld.org/parameters/12-440>		<http://ids.clld.org/values/12-440-261-1>		"a'βe-"@brg	
"akʷi-iɲa"@aro	<http://ids.clld.org/values/8-560-272-1>		<http://ids.clld.org/parameters/8-560>		<http://ids.clld.org/values/8-560-261-1>		"e-pono'e"@brg	
"e-c̷e"@aro	<http://ids.clld.org/values/4-270-272-1>		<http://ids.clld.org/parameters/4-270>		<http://ids.clld.org/values/4-270-261-1>		"ni-'se-ṛ̌"@brg	
"aliso"@aro	<http://ids.clld.org/values/16-810-272-3>		<http://ids.clld.org/parameters/16-810>		<http://ids.clld.org/values/16-810-261-1>		"'monikowapa"@brg	
"ami"@aro	<http://ids.clld.org/values/4-150-272-1>		<http://ids.clld.org/parameters/4-150>		<http://ids.clld.org/values/4-150-261-1>		"'iti"@brg	
"homa"@aro	<http://ids.clld.org/values/2-930-272-5>		<http://ids.clld.org/parameters/2-930>		<http://ids.clld.org/values/2-930-261-3>		"ṛ̌i-'ti"@brg	
"homa"@aro	<http://ids.clld.org/values/2-930-272-5>		<http://ids.clld.org/parameters/2-930>		<http://ids.clld.org/values/2-930-261-1>		"ṛ̌o-'ti"@brg	
"bado"@aro	<http://ids.clld.org/values/9-190-272-1>		<http://ids.clld.org/parameters/9-190>		<http://ids.clld.org/values/9-190-261-1>		"ni-'ro-"@brg	
"da"@aro	<http://ids.clld.org/values/16-710-272-3>		<http://ids.clld.org/parameters/16-710>		<http://ids.clld.org/values/16-710-261-1>		"'heni"@brg	
"kʷesa"@aro	<http://ids.clld.org/values/4-142-272-1>		<http://ids.clld.org/parameters/4-142>		<http://ids.clld.org/values/4-142-261-1>		"ni-ša'won"@brg	
"a-abalipi"@aro	<http://ids.clld.org/values/11-880-272-5>		<http://ids.clld.org/parameters/11-880>		<http://ids.clld.org/values/11-880-261-1>		"šo-'wa-no-n"@brg	
"haliǰa"@aro	<http://ids.clld.org/values/12-550-272-1>		<http://ids.clld.org/parameters/12-550>		<http://ids.clld.org/values/12-550-261-1>		"čo-"@brg	
"bebakʷa bene"@aro	<http://ids.clld.org/values/12-11-272-1>		<http://ids.clld.org/parameters/12-11>		<http://ids.clld.org/values/12-11-261-1>		"šiṛ̌iwa'niye"@brg	
"esi"@aro	<http://ids.clld.org/values/2-461-272-1>		<http://ids.clld.org/parameters/2-461>		<http://ids.clld.org/values/2-461-261-1>		"a'ne"@brg	
"kʷala"@aro	<http://ids.clld.org/values/2-360-272-1>		<http://ids.clld.org/parameters/2-360>		<http://ids.clld.org/values/2-360-261-1>		"n-en"@brg	
"wapehe"@aro	<http://ids.clld.org/values/6-240-272-1>		<http://ids.clld.org/parameters/6-240>		<http://ids.clld.org/values/6-240-261-1>		"ka'ha-weš"@brg	
"tedi"@aro	<http://ids.clld.org/values/9-343-272-1>		<http://ids.clld.org/parameters/9-343>		<http://ids.clld.org/values/9-343-261-1>		"'ko-piti-"@brg	
"tedi"@aro	<http://ids.clld.org/values/9-343-272-1>		<http://ids.clld.org/parameters/9-343>		<http://ids.clld.org/values/9-343-261-3>		"su'ipistakapa"@brg	
"mi-ǰa-ha"@aro	<http://ids.clld.org/values/2-920-272-5>		<http://ids.clld.org/parameters/2-920>		<http://ids.clld.org/values/2-920-261-1>		"pi-'ti"@brg	
"eowi"@aro	<http://ids.clld.org/values/1-310-272-3>		<http://ids.clld.org/parameters/1-310>		<http://ids.clld.org/values/1-310-261-1>		"in"@brg	
"ba-mewe"@aro	<http://ids.clld.org/values/17-170-272-3>		<http://ids.clld.org/parameters/17-170>		<http://ids.clld.org/values/17-170-261-1>		"-čo-"@brg	
"ba-mewe"@aro	<http://ids.clld.org/values/17-170-272-3>		<http://ids.clld.org/parameters/17-170>		<http://ids.clld.org/values/17-170-261-3>		"-tiṛ̌i"@brg	
"ba'kʷa"@aro	<http://ids.clld.org/values/3-850-272-1>		<http://ids.clld.org/parameters/3-850>		<http://ids.clld.org/values/3-850-261-3>		"'peropi"@brg	
"ba'kʷa"@aro	<http://ids.clld.org/values/3-850-272-1>		<http://ids.clld.org/parameters/3-850>		<http://ids.clld.org/values/3-850-261-1>		"ki'woṛ̌"@brg	
"po"@aro	<http://ids.clld.org/values/10-470-272-1>		<http://ids.clld.org/parameters/10-470>		<http://ids.clld.org/values/10-470-261-1>		"-yono-w"@brg	
"mama"@aro	<http://ids.clld.org/values/2-320-272-3>		<http://ids.clld.org/parameters/2-320>		<http://ids.clld.org/values/2-320-261-1>		"ne-'yon"@brg	
"kimiša"@aro	<http://ids.clld.org/values/13-30-272-1>		<http://ids.clld.org/parameters/13-30>		<http://ids.clld.org/values/13-30-261-1>		"m'po-n"@brg	
"eiye"@aro	<http://ids.clld.org/values/1-410-272-1>		<http://ids.clld.org/parameters/1-410>		<http://ids.clld.org/values/1-410-261-1>		"kaki'woko-ye"@brg	
"c̷io"@aro	<http://ids.clld.org/values/17-650-272-5>		<http://ids.clld.org/parameters/17-650>		<http://ids.clld.org/values/17-650-261-1>		"kaeerapoka"@brg	
"ma"@aro	<http://ids.clld.org/values/17-560-272-1>		<http://ids.clld.org/parameters/17-560>		<http://ids.clld.org/values/17-560-261-1>		"'onkaw"@brg	
"dana"@aro	<http://ids.clld.org/values/4-170-272-1>		<http://ids.clld.org/parameters/4-170>		<http://ids.clld.org/values/4-170-261-1>		"e'hi"@brg	
"me-tezi"@aro	<http://ids.clld.org/values/4-344-272-1>		<http://ids.clld.org/parameters/4-344>		<http://ids.clld.org/values/4-344-261-1>		"n-i'tip"@brg	
"tipae"@aro	<http://ids.clld.org/values/12-70-272-3>		<http://ids.clld.org/parameters/12-70>		<http://ids.clld.org/values/12-70-261-1>		"a'piye"@brg	
"peyo"@aro	<http://ids.clld.org/values/20-340-272-1>		<http://ids.clld.org/parameters/20-340>		<http://ids.clld.org/values/20-340-261-1>		"ni-yičo"@brg	
"neti"@aro	<http://ids.clld.org/values/12-150-272-1>		<http://ids.clld.org/parameters/12-150>		<http://ids.clld.org/values/12-150-261-1>		"-šom"@brg	
"e-kʷiča-kana"@aro	<http://ids.clld.org/values/19-210-272-1>		<http://ids.clld.org/parameters/19-210>		<http://ids.clld.org/values/19-210-261-1>		"'činti"@brg	
"e-kʷiča-kana"@aro	<http://ids.clld.org/values/19-210-272-1>		<http://ids.clld.org/parameters/19-210>		<http://ids.clld.org/values/19-210-261-3>		"činti-neβ"@brg	
"walibao"@aro	<http://ids.clld.org/values/1-590-272-1>		<http://ids.clld.org/parameters/1-590>		<http://ids.clld.org/values/1-590-261-1>		"ni'a"@brg	
"me-takʷa"@aro	<http://ids.clld.org/values/4-331-272-1>		<http://ids.clld.org/parameters/4-331>		<http://ids.clld.org/values/4-331-261-1>		"'waki"@brg	
"ema"@aro	<http://ids.clld.org/values/2-910-272-1>		<http://ids.clld.org/parameters/2-910>		<http://ids.clld.org/values/2-910-261-3>		"n-ti"@brg	
"ema"@aro	<http://ids.clld.org/values/2-910-272-1>		<http://ids.clld.org/parameters/2-910>		<http://ids.clld.org/values/2-910-261-1>		"ni-"@brg	
"takʷa"@aro	<http://ids.clld.org/values/4-450-272-1>		<http://ids.clld.org/parameters/4-450>		<http://ids.clld.org/values/4-450-261-1>		"-e'pe-ṛ̌on"@brg	
"sihi"@aro	<http://ids.clld.org/values/11-210-272-3>		<http://ids.clld.org/parameters/11-210>		<http://ids.clld.org/values/11-210-261-1>		"-po'e-ko-w"@brg	
"ha-topa-ti"@aro	<http://ids.clld.org/values/16-260-272-3>		<http://ids.clld.org/parameters/16-260>		<http://ids.clld.org/values/16-260-261-1>		"ṛ̌o'ponič"@brg	
"haha"@aro	<http://ids.clld.org/values/8-311-272-1>		<http://ids.clld.org/parameters/8-311>		<http://ids.clld.org/values/8-311-261-1>		"e'so-ki"@brg	
"-mane"@aro	<http://ids.clld.org/values/19-610-272-1>		<http://ids.clld.org/parameters/19-610>		<http://ids.clld.org/values/19-610-261-1>		"-'rapi"@brg	
"dizi"@aro	<http://ids.clld.org/values/10-720-272-1>		<http://ids.clld.org/parameters/10-720>		<http://ids.clld.org/values/10-720-261-1>		"ša'no-ki"@brg	
"apamo"@aro	<http://ids.clld.org/values/13-150-272-1>		<http://ids.clld.org/parameters/13-150>		<http://ids.clld.org/values/13-150-261-1>		"mo-"@brg	
"ho-towaha"@aro	<http://ids.clld.org/values/5-260-272-1>		<http://ids.clld.org/parameters/5-260>		<http://ids.clld.org/values/5-260-261-3>		"keheβi"@brg	
"ho-towaha"@aro	<http://ids.clld.org/values/5-260-272-1>		<http://ids.clld.org/parameters/5-260>		<http://ids.clld.org/values/5-260-261-1>		"'hopi"@brg	
"baha"@aro	<http://ids.clld.org/values/9-250-272-1>		<http://ids.clld.org/parameters/9-250>		<http://ids.clld.org/values/9-250-261-1>		"po'e"@brg	
"abalimi"@aro	<http://ids.clld.org/values/11-880-272-1>		<http://ids.clld.org/parameters/11-880>		<http://ids.clld.org/values/11-880-261-1>		"šo-'wa-no-n"@brg	
"e-c̷oa"@aro	<http://ids.clld.org/values/4-160-272-1>		<http://ids.clld.org/parameters/4-160>		<http://ids.clld.org/values/4-160-261-1>		"-'opi"@brg	
"hehe-a"@aro	<http://ids.clld.org/values/13-210-272-1>		<http://ids.clld.org/parameters/13-210>		<http://ids.clld.org/values/13-210-261-1>		"'ačokon"@brg	
"toma"@aro	<http://ids.clld.org/values/16-620-272-3>		<http://ids.clld.org/parameters/16-620>		<http://ids.clld.org/values/16-620-261-1>		"-'kami-"@brg	
"toma"@aro	<http://ids.clld.org/values/16-620-272-3>		<http://ids.clld.org/parameters/16-620>		<http://ids.clld.org/values/16-620-261-3>		"ni-'kiʔinow"@brg	
"dobe-a"@aro	<http://ids.clld.org/values/10-620-272-3>		<http://ids.clld.org/parameters/10-620>		<http://ids.clld.org/values/10-620-261-1>		"'amo(n-)"@brg	
"oši"@aro	<http://ids.clld.org/values/8-941-272-1>		<http://ids.clld.org/parameters/8-941>		<http://ids.clld.org/values/8-941-261-1>		"ko'te-n"@brg	
"tiǰada"@aro	<http://ids.clld.org/values/4-350-272-1>		<http://ids.clld.org/parameters/4-350>		<http://ids.clld.org/values/4-350-261-1>		"ni'pes"@brg	
"lokʷa"@aro	<http://ids.clld.org/values/9-360-272-1>		<http://ids.clld.org/parameters/9-360>		<http://ids.clld.org/values/9-360-261-1>		"-'sipa"@brg	
"mano"@aro	<http://ids.clld.org/values/4-750-272-1>		<http://ids.clld.org/parameters/4-750>		<http://ids.clld.org/values/4-750-261-3>		"ṛ̌e'pen"@brg	
"mano"@aro	<http://ids.clld.org/values/4-750-272-1>		<http://ids.clld.org/parameters/4-750>		<http://ids.clld.org/values/4-750-261-1>		"-e'pe-"@brg	
"dea"@aro	<http://ids.clld.org/values/2-210-272-1>		<http://ids.clld.org/parameters/2-210>		<http://ids.clld.org/values/2-210-261-1>		"hi-ṛ̌"@brg	
"c̷edapo"@aro	<http://ids.clld.org/values/2-100-272-3>		<http://ids.clld.org/parameters/2-100>		<http://ids.clld.org/values/2-100-261-1>		"'či-n-ti"@brg	
"c̷edapo"@aro	<http://ids.clld.org/values/2-100-272-3>		<http://ids.clld.org/parameters/2-100>		<http://ids.clld.org/values/2-100-261-3>		"čonoe-"@brg	
"kʷekʷe"@aro	<http://ids.clld.org/values/4-250-272-1>		<http://ids.clld.org/parameters/4-250>		<http://ids.clld.org/values/4-250-261-1>		"ni'čomonoki"@brg	
"hoho"@aro	<http://ids.clld.org/values/2-230-272-3>		<http://ids.clld.org/parameters/2-230>		<http://ids.clld.org/values/2-230-261-1>		"a'čane"@brg	
"tezi"@aro	<http://ids.clld.org/values/1-890-272-1>		<http://ids.clld.org/parameters/1-890>		<http://ids.clld.org/values/1-890-261-1>		"emones"@brg	
"ano-bololo"@aro	<http://ids.clld.org/values/3-950-272-1>		<http://ids.clld.org/parameters/3-950>		<http://ids.clld.org/values/3-950-261-1>		"si'poṛ̌i"@brg	
"mosoho"@aro	<http://ids.clld.org/values/4-440-272-1>		<http://ids.clld.org/parameters/4-440>		<http://ids.clld.org/values/4-440-261-1>		"neto'koʔin"@brg	
"e-kʷiča"@aro	<http://ids.clld.org/values/2-100-272-1>		<http://ids.clld.org/parameters/2-100>		<http://ids.clld.org/values/2-100-261-1>		"'či-n-ti"@brg	
"e-kʷiča"@aro	<http://ids.clld.org/values/2-100-272-1>		<http://ids.clld.org/parameters/2-100>		<http://ids.clld.org/values/2-100-261-3>		"čonoe-"@brg	
"eta"@aro	<http://ids.clld.org/values/4-350-272-3>		<http://ids.clld.org/parameters/4-350>		<http://ids.clld.org/values/4-350-261-1>		"ni'pes"@brg	
"kʷa-ti"@aro	<http://ids.clld.org/values/1-880-272-1>		<http://ids.clld.org/parameters/1-880>		<http://ids.clld.org/values/1-880-261-1>		"ya'kis"@brg	
"bele"@aro	<http://ids.clld.org/values/9-370-272-1>		<http://ids.clld.org/parameters/9-370>		<http://ids.clld.org/values/9-370-261-1>		"heβi-ṛ̌"@brg	
"bakʷeo"@aro	<http://ids.clld.org/values/12-80-272-1>		<http://ids.clld.org/parameters/12-80>		<http://ids.clld.org/values/12-80-261-1>		"a'ni-ye"@brg	
"pia"@aro	<http://ids.clld.org/values/20-250-272-1>		<http://ids.clld.org/parameters/20-250>		<http://ids.clld.org/values/20-250-261-1>		"kori-"@brg	
"likʷi"@aro	<http://ids.clld.org/values/6-350-272-1>		<http://ids.clld.org/parameters/6-350>		<http://ids.clld.org/values/6-350-261-1>		"-'po-ri-a"@brg	
"likʷi"@aro	<http://ids.clld.org/values/6-350-272-1>		<http://ids.clld.org/parameters/6-350>		<http://ids.clld.org/values/6-350-261-3>		"ni-'poṛ̌ia-w"@brg	
"-lipi"@aro	<http://ids.clld.org/values/16-270-272-3>		<http://ids.clld.org/parameters/16-270>		<http://ids.clld.org/values/16-270-261-3>		"ememna'reko"@brg	
"-lipi"@aro	<http://ids.clld.org/values/16-270-272-3>		<http://ids.clld.org/parameters/16-270>		<http://ids.clld.org/values/16-270-261-1>		"-'emo-ni"@brg	
"mama"@aro	<http://ids.clld.org/values/2-220-272-3>		<http://ids.clld.org/parameters/2-220>		<http://ids.clld.org/values/2-220-261-1>		"e'ton"@brg	
"zeti"@aro	<http://ids.clld.org/values/1-520-272-1>		<http://ids.clld.org/parameters/1-520>		<http://ids.clld.org/values/1-520-261-1>		"se-s"@brg	
"me"@aro	<http://ids.clld.org/values/17-420-272-1>		<http://ids.clld.org/parameters/17-420>		<http://ids.clld.org/values/17-420-261-3>		"imo-"@brg	
"me"@aro	<http://ids.clld.org/values/17-420-272-1>		<http://ids.clld.org/parameters/17-420>		<http://ids.clld.org/values/17-420-261-1>		"i-"@brg	
"maedada"@aro	<http://ids.clld.org/values/4-205-272-1>		<http://ids.clld.org/parameters/4-205>		<http://ids.clld.org/values/4-205-261-1>		"ni'panoṛ̌"@brg	
"hamomoneti"@aro	<http://ids.clld.org/values/1-620-272-3>		<http://ids.clld.org/parameters/1-620>		<http://ids.clld.org/values/1-620-261-3>		"ha'mo-ṛ̌e"@brg	
"hamomoneti"@aro	<http://ids.clld.org/values/1-620-272-3>		<http://ids.clld.org/parameters/1-620>		<http://ids.clld.org/values/1-620-261-1>		"ha'moṛ̌en"@brg	
"c̷edo"@aro	<http://ids.clld.org/values/4-400-272-3>		<http://ids.clld.org/parameters/4-400>		<http://ids.clld.org/values/4-400-261-1>		"ča'ko-ki"@brg	
"pic̷oe"@aro	<http://ids.clld.org/values/20-240-272-1>		<http://ids.clld.org/parameters/20-240>		<http://ids.clld.org/values/20-240-261-1>		"tipo'pok"@brg	
"pic̷oe"@aro	<http://ids.clld.org/values/20-240-272-1>		<http://ids.clld.org/parameters/20-240>		<http://ids.clld.org/values/20-240-261-3>		"-tipo"@brg	
"e-c̷ei"@aro	<http://ids.clld.org/values/5-791-272-1>		<http://ids.clld.org/parameters/5-791>		<http://ids.clld.org/values/5-791-261-1>		"ro'kamokow"@brg	
"babaowe"@aro	<http://ids.clld.org/values/13-140-272-1>		<http://ids.clld.org/parameters/13-140>		<http://ids.clld.org/values/13-140-261-1>		"pon"@brg	
"kanawa"@aro	<http://ids.clld.org/values/10-831-272-1>		<http://ids.clld.org/parameters/10-831>		<http://ids.clld.org/values/10-831-261-1>		"ya'šoṛ̌"@brg	
"kanawa"@aro	<http://ids.clld.org/values/10-831-272-1>		<http://ids.clld.org/parameters/10-831>		<http://ids.clld.org/values/10-831-261-3>		"pkore"@brg	
"c̷eiɲeba"@aro	<http://ids.clld.org/values/4-740-272-5>		<http://ids.clld.org/parameters/4-740>		<http://ids.clld.org/values/4-740-261-1>		"-čo-'ko-"@brg	
"wac̷i-ac̷a"@aro	<http://ids.clld.org/values/4-380-272-1>		<http://ids.clld.org/parameters/4-380>		<http://ids.clld.org/values/4-380-261-1>		"ni'wohis to ni'poih"@brg	
"hodo"@aro	<http://ids.clld.org/values/1-830-272-1>		<http://ids.clld.org/parameters/1-830>		<http://ids.clld.org/values/1-830-261-1>		"kotiso'kon"@brg	
"e-na"@aro	<http://ids.clld.org/values/1-310-272-1>		<http://ids.clld.org/parameters/1-310>		<http://ids.clld.org/values/1-310-261-1>		"in"@brg	
"topa"@aro	<http://ids.clld.org/values/16-260-272-1>		<http://ids.clld.org/parameters/16-260>		<http://ids.clld.org/values/16-260-261-1>		"ṛ̌o'ponič"@brg	
"bototo"@aro	<http://ids.clld.org/values/3-817-272-1>		<http://ids.clld.org/parameters/3-817>		<http://ids.clld.org/values/3-817-261-1>		"ko'ši-ri"@brg	
"tipao"@aro	<http://ids.clld.org/values/12-30-272-1>		<http://ids.clld.org/parameters/12-30>		<http://ids.clld.org/values/12-30-261-3>		"poe-"@brg	
"tipao"@aro	<http://ids.clld.org/values/12-30-272-1>		<http://ids.clld.org/parameters/12-30>		<http://ids.clld.org/values/12-30-261-1>		"pai-"@brg	
"e-awe"@aro	<http://ids.clld.org/values/2-310-272-1>		<http://ids.clld.org/parameters/2-310>		<http://ids.clld.org/values/2-310-261-3>		"-emo"@brg	
"e-awe"@aro	<http://ids.clld.org/values/2-310-272-1>		<http://ids.clld.org/parameters/2-310>		<http://ids.clld.org/values/2-310-261-1>		"naβi'non"@brg	
"aiyaha"@aro	<http://ids.clld.org/values/17-680-272-3>		<http://ids.clld.org/parameters/17-680>		<http://ids.clld.org/values/17-680-261-1>		"kon to 'woyokon"@brg	
"akʷi-c̷aha"@aro	<http://ids.clld.org/values/8-540-272-1>		<http://ids.clld.org/parameters/8-540>		<http://ids.clld.org/values/8-540-261-1>		"ṛ̌eki'ton"@brg	
"biki"@aro	<http://ids.clld.org/values/4-120-272-1>		<http://ids.clld.org/parameters/4-120>		<http://ids.clld.org/values/4-120-261-1>		"-č-om"@brg	
"biki"@aro	<http://ids.clld.org/values/4-120-272-1>		<http://ids.clld.org/parameters/4-120>		<http://ids.clld.org/values/4-120-261-3>		"ni-'čom"@brg	
"poc̷ac̷a-i"@aro	<http://ids.clld.org/values/1-213-272-1>		<http://ids.clld.org/parameters/1-213>		<http://ids.clld.org/values/1-213-261-3>		"poi-p"@brg	
"poc̷ac̷a-i"@aro	<http://ids.clld.org/values/1-213-272-1>		<http://ids.clld.org/parameters/1-213>		<http://ids.clld.org/values/1-213-261-1>		"kopo'eṛ̌"@brg	
"ebe-"@aro	<http://ids.clld.org/values/4-300-272-3>		<http://ids.clld.org/parameters/4-300>		<http://ids.clld.org/values/4-300-261-3>		"-'powos"@brg	
"ebe-"@aro	<http://ids.clld.org/values/4-300-272-3>		<http://ids.clld.org/parameters/4-300>		<http://ids.clld.org/values/4-300-261-1>		"ni-'powosi"@brg	
"izibati"@aro	<http://ids.clld.org/values/16-250-272-1>		<http://ids.clld.org/parameters/16-250>		<http://ids.clld.org/values/16-250-261-1>		"-'ko-ka-"@brg	
"okʷeda"@aro	<http://ids.clld.org/values/12-440-272-1>		<http://ids.clld.org/parameters/12-440>		<http://ids.clld.org/values/12-440-261-1>		"a'βe-"@brg	
"baepa"@aro	<http://ids.clld.org/values/1-510-272-1>		<http://ids.clld.org/parameters/1-510>		<http://ids.clld.org/values/1-510-261-1>		"a'ni-ye"@brg	
"lopo"@aro	<http://ids.clld.org/values/12-560-272-1>		<http://ids.clld.org/parameters/12-560>		<http://ids.clld.org/values/12-560-261-5>		"ti'ʔa-ci"@brg	
"lopo"@aro	<http://ids.clld.org/values/12-560-272-1>		<http://ids.clld.org/parameters/12-560>		<http://ids.clld.org/values/12-560-261-3>		"'mičokiṛ̌i"@brg	
"lopo"@aro	<http://ids.clld.org/values/12-560-272-1>		<http://ids.clld.org/parameters/12-560>		<http://ids.clld.org/values/12-560-261-1>		"-či"@brg	
"beta-kata"@aro	<http://ids.clld.org/values/13-20-272-3>		<http://ids.clld.org/parameters/13-20>		<http://ids.clld.org/values/13-20-261-1>		"m-a'pi-n"@brg	
"izi"@aro	<http://ids.clld.org/values/5-130-272-1>		<http://ids.clld.org/parameters/5-130>		<http://ids.clld.org/values/5-130-261-1>		"er"@brg	
"izi"@aro	<http://ids.clld.org/values/5-130-272-1>		<http://ids.clld.org/parameters/5-130>		<http://ids.clld.org/values/5-130-261-3>		"-e'ro-"@brg	
"wo"@aro	<http://ids.clld.org/values/10-380-272-1>		<http://ids.clld.org/parameters/10-380>		<http://ids.clld.org/values/10-380-261-1>		"-'haβi-ko-w"@brg	
"c̷abaha"@aro	<http://ids.clld.org/values/15-410-272-1>		<http://ids.clld.org/parameters/15-410>		<http://ids.clld.org/values/15-410-261-1>		"-som-"@brg	
"c̷abaha"@aro	<http://ids.clld.org/values/15-410-272-1>		<http://ids.clld.org/parameters/15-410>		<http://ids.clld.org/values/15-410-261-3>		"ṛ̌i-'somopoek"@brg	
"ac̷o"@aro	<http://ids.clld.org/values/4-410-272-1>		<http://ids.clld.org/parameters/4-410>		<http://ids.clld.org/values/4-410-261-1>		"-šo-n"@brg	
"peada-we"@aro	<http://ids.clld.org/values/13-10-272-3>		<http://ids.clld.org/parameters/13-10>		<http://ids.clld.org/values/13-10-261-1>		"po'noš"@brg	
"ewi"@aro	<http://ids.clld.org/values/4-230-272-1>		<http://ids.clld.org/parameters/4-230>		<http://ids.clld.org/values/4-230-261-1>		"-'si-ri"@brg	
"ewi"@aro	<http://ids.clld.org/values/4-230-272-1>		<http://ids.clld.org/parameters/4-230>		<http://ids.clld.org/values/4-230-261-3>		"ni-pa-'siṛ̌i"@brg	
"asele"@aro	<http://ids.clld.org/values/15-660-272-1>		<http://ids.clld.org/parameters/15-660>		<http://ids.clld.org/values/15-660-261-1>		"moro'sero-"@brg	
"kʷawe-a"@aro	<http://ids.clld.org/values/8-920-272-1>		<http://ids.clld.org/parameters/8-920>		<http://ids.clld.org/values/8-920-261-1>		"ka'ha-"@brg	
"c̷ic̷i"@aro	<http://ids.clld.org/values/9-370-272-3>		<http://ids.clld.org/parameters/9-370>		<http://ids.clld.org/values/9-370-261-1>		"heβi-ṛ̌"@brg	
"biɲa"@aro	<http://ids.clld.org/values/3-591-272-1>		<http://ids.clld.org/parameters/3-591>		<http://ids.clld.org/values/3-591-261-1>		"βi'te-ṛ̌"@brg	
"dati"@aro	<http://ids.clld.org/values/3-980-272-1>		<http://ids.clld.org/parameters/3-980>		<http://ids.clld.org/values/3-980-261-1>		"so'pi-ṛ̌"@brg	
"e-toa"@aro	<http://ids.clld.org/values/4-210-272-1>		<http://ids.clld.org/parameters/4-210>		<http://ids.clld.org/values/4-210-261-1>		"-i'ki"@brg	
"e-toa"@aro	<http://ids.clld.org/values/4-210-272-1>		<http://ids.clld.org/parameters/4-210>		<http://ids.clld.org/values/4-210-261-3>		"ni-'kis"@brg	
"sisa"@aro	<http://ids.clld.org/values/14-420-272-1>		<http://ids.clld.org/parameters/14-420>		<http://ids.clld.org/values/14-420-261-1>		"yoto'e-ṛ̌"@brg	
"lawia"@aro	<http://ids.clld.org/values/9-210-272-3>		<http://ids.clld.org/parameters/9-210>		<http://ids.clld.org/values/9-210-261-1>		"nesta'kaβiyar"@brg	
"c̷ihabati"@aro	<http://ids.clld.org/values/19-510-272-3>		<http://ids.clld.org/parameters/19-510>		<http://ids.clld.org/values/19-510-261-1>		"ni'toṛ̌i"@brg	
"kʷaiɲati"@aro	<http://ids.clld.org/values/10-550-272-1>		<http://ids.clld.org/parameters/10-550>		<http://ids.clld.org/values/10-550-261-1>		"to biši'moč"@brg	
"ano"@aro	<http://ids.clld.org/values/2-470-272-1>		<http://ids.clld.org/parameters/2-470>		<http://ids.clld.org/values/2-470-261-1>		"-os"@brg	
"hec̷i"@aro	<http://ids.clld.org/values/4-351-272-3>		<http://ids.clld.org/parameters/4-351>		<http://ids.clld.org/values/4-351-261-1>		"-pes"@brg	
"noho-noho"@aro	<http://ids.clld.org/values/4-144-272-1>		<http://ids.clld.org/parameters/4-144>		<http://ids.clld.org/values/4-144-261-1>		"-i'ša"@brg	
"amahoho"@aro	<http://ids.clld.org/values/5-140-272-3>		<http://ids.clld.org/parameters/5-140>		<http://ids.clld.org/values/5-140-261-1>		"ni'βeiʔinow"@brg	
"maesa"@aro	<http://ids.clld.org/values/17-560-272-3>		<http://ids.clld.org/parameters/17-560>		<http://ids.clld.org/values/17-560-261-1>		"'onkaw"@brg	
"ese"@aro	<http://ids.clld.org/values/4-460-272-1>		<http://ids.clld.org/parameters/4-460>		<http://ids.clld.org/values/4-460-261-1>		"-'he-ki"@brg	
"ese"@aro	<http://ids.clld.org/values/4-460-272-1>		<http://ids.clld.org/parameters/4-460>		<http://ids.clld.org/values/4-460-261-3>		"ničo'koki"@brg	
"kʷiča-po"@aro	<http://ids.clld.org/values/2-350-272-1>		<http://ids.clld.org/parameters/2-350>		<http://ids.clld.org/values/2-350-261-3>		"čač"@brg	
"kʷiča-po"@aro	<http://ids.clld.org/values/2-350-272-1>		<http://ids.clld.org/parameters/2-350>		<http://ids.clld.org/values/2-350-261-1>		"-i'a"@brg	
"piša"@aro	<http://ids.clld.org/values/20-250-272-3>		<http://ids.clld.org/parameters/20-250>		<http://ids.clld.org/values/20-250-261-1>		"kori-"@brg	
"nala"@aro	<http://ids.clld.org/values/4-280-272-1>		<http://ids.clld.org/parameters/4-280>		<http://ids.clld.org/values/4-280-261-3>		"ni-'pi-h"@brg	
"nala"@aro	<http://ids.clld.org/values/4-280-272-1>		<http://ids.clld.org/parameters/4-280>		<http://ids.clld.org/values/4-280-261-1>		"-pi-h"@brg	
"nala"@aro	<http://ids.clld.org/values/4-280-272-1>		<http://ids.clld.org/parameters/4-280>		<http://ids.clld.org/values/4-280-261-5>		"-ča'no-ki"@brg	
"walipa"@aro	<http://ids.clld.org/values/3-550-272-1>		<http://ids.clld.org/parameters/3-550>		<http://ids.clld.org/values/3-550-261-1>		"'tipoṛ̌ek"@brg	
"aokʷe"@aro	<http://ids.clld.org/values/12-570-272-3>		<http://ids.clld.org/parameters/12-570>		<http://ids.clld.org/values/12-570-261-1>		"-pi"@brg	
"aokʷe"@aro	<http://ids.clld.org/values/12-570-272-3>		<http://ids.clld.org/parameters/12-570>		<http://ids.clld.org/values/12-570-261-3>		"'pero-"@brg	
"masawe"@aro	<http://ids.clld.org/values/16-720-272-5>		<http://ids.clld.org/parameters/16-720>		<http://ids.clld.org/values/16-720-261-1>		"me'hewokon"@brg	
"haiba-i"@aro	<http://ids.clld.org/values/6-120-272-1>		<http://ids.clld.org/parameters/6-120>		<http://ids.clld.org/values/6-120-261-1>		"ra'roni"@brg	
"eowa"@aro	<http://ids.clld.org/values/1-210-272-3>		<http://ids.clld.org/parameters/1-210>		<http://ids.clld.org/values/1-210-261-1>		"po'ewok"@brg	
"dodo"@aro	<http://ids.clld.org/values/2-450-272-1>		<http://ids.clld.org/parameters/2-450>		<http://ids.clld.org/values/2-450-261-3>		"'n-eta"@brg	
"dodo"@aro	<http://ids.clld.org/values/2-450-272-1>		<http://ids.clld.org/parameters/2-450>		<http://ids.clld.org/values/2-450-261-1>		"ni-'piṛ̌i"@brg	
"a"@aro	<http://ids.clld.org/values/18-220-272-1>		<http://ids.clld.org/parameters/18-220>		<http://ids.clld.org/values/18-220-261-1>		"'k-ičo"@brg	
"bac̷o"@aro	<http://ids.clld.org/values/4-320-272-1>		<http://ids.clld.org/parameters/4-320>		<http://ids.clld.org/values/4-320-261-1>		"nito'taki"@brg	
"wawa"@aro	<http://ids.clld.org/values/2-550-272-1>		<http://ids.clld.org/parameters/2-550>		<http://ids.clld.org/values/2-550-261-1>		"'mpiri"@brg	
"koc̷i"@aro	<http://ids.clld.org/values/3-350-272-1>		<http://ids.clld.org/parameters/3-350>		<http://ids.clld.org/values/3-350-261-1>		"si'mori"@brg	
"apaha"@aro	<http://ids.clld.org/values/15-640-272-3>		<http://ids.clld.org/parameters/15-640>		<http://ids.clld.org/values/15-640-261-1>		"kotipo'pin"@brg	
"halili"@aro	<http://ids.clld.org/values/8-910-272-1>		<http://ids.clld.org/parameters/8-910>		<http://ids.clld.org/values/8-910-261-1>		"se'ṛ̌e"@brg	
"apo-na bene"@aro	<http://ids.clld.org/values/14-451-272-1>		<http://ids.clld.org/parameters/14-451>		<http://ids.clld.org/values/14-451-261-1>		"kope'ap"@brg	
"bisa"@aro	<http://ids.clld.org/values/10-230-272-1>		<http://ids.clld.org/parameters/10-230>		<http://ids.clld.org/values/10-230-261-1>		"nesta'paika"@brg	
"mi-ǰa"@aro	<http://ids.clld.org/values/2-920-272-3>		<http://ids.clld.org/parameters/2-920>		<http://ids.clld.org/values/2-920-261-1>		"pi-'ti"@brg	
"emeo"@aro	<http://ids.clld.org/values/12-50-272-1>		<http://ids.clld.org/parameters/12-50>		<http://ids.clld.org/values/12-50-261-1>		"-ye"@brg	
"be-bakʷa"@aro	<http://ids.clld.org/values/4-190-272-1>		<http://ids.clld.org/parameters/4-190>		<http://ids.clld.org/values/4-190-261-1>		"-'čipi"@brg	
"meo"@aro	<http://ids.clld.org/values/12-50-272-3>		<http://ids.clld.org/parameters/12-50>		<http://ids.clld.org/values/12-50-261-1>		"-ye"@brg	
"pena-pena"@aro	<http://ids.clld.org/values/15-770-272-1>		<http://ids.clld.org/parameters/15-770>		<http://ids.clld.org/values/15-770-261-1>		"-'mo-ri"@brg	
"hoda"@aro	<http://ids.clld.org/values/2-930-272-3>		<http://ids.clld.org/parameters/2-930>		<http://ids.clld.org/values/2-930-261-3>		"ṛ̌i-'ti"@brg	
"hoda"@aro	<http://ids.clld.org/values/2-930-272-3>		<http://ids.clld.org/parameters/2-930>		<http://ids.clld.org/values/2-930-261-1>		"ṛ̌o-'ti"@brg	
"hakʷepati"@aro	<http://ids.clld.org/values/12-430-272-1>		<http://ids.clld.org/parameters/12-430>		<http://ids.clld.org/values/12-430-261-1>		"a'ne-kon"@brg	
"oc̷o"@aro	<http://ids.clld.org/values/1-851-272-1>		<http://ids.clld.org/parameters/1-851>		<http://ids.clld.org/values/1-851-261-1>		"-a'haṛ̌ow"@brg	
"ateli"@aro	<http://ids.clld.org/values/12-730-272-3>		<http://ids.clld.org/parameters/12-730>		<http://ids.clld.org/values/12-730-261-1>		"to'βi-"@brg	
"kʷabec̷a"@aro	<http://ids.clld.org/values/10-370-272-1>		<http://ids.clld.org/parameters/10-370>		<http://ids.clld.org/values/10-370-261-1>		"-ar-"@brg	
"silo"@aro	<http://ids.clld.org/values/12-240-272-3>		<http://ids.clld.org/parameters/12-240>		<http://ids.clld.org/values/12-240-261-1>		"'βe-ha"@brg	
"kʷala-doe"@aro	<http://ids.clld.org/values/2-620-272-1>		<http://ids.clld.org/parameters/2-620>		<http://ids.clld.org/values/2-620-261-3>		"-aki"@brg	
"kʷala-doe"@aro	<http://ids.clld.org/values/2-620-272-1>		<http://ids.clld.org/parameters/2-620>		<http://ids.clld.org/values/2-620-261-1>		"-mos"@brg	
"zania bene"@aro	<http://ids.clld.org/values/12-420-272-1>		<http://ids.clld.org/parameters/12-420>		<http://ids.clld.org/values/12-420-261-1>		"'sa-pi"@brg	
"ti"@aro	<http://ids.clld.org/values/11-210-272-1>		<http://ids.clld.org/parameters/11-210>		<http://ids.clld.org/values/11-210-261-1>		"-po'e-ko-w"@brg	
"mikana-ha"@aro	<http://ids.clld.org/values/2-950-272-3>		<http://ids.clld.org/parameters/2-950>		<http://ids.clld.org/values/2-950-261-1>		"yi-'ti"@brg	
"toaba (?)"@aro	<http://ids.clld.org/values/11-150-272-3>		<http://ids.clld.org/parameters/11-150>		<http://ids.clld.org/values/11-150-261-1>		"-a'mo"@brg	
"emi"@aro	<http://ids.clld.org/values/4-400-272-1>		<http://ids.clld.org/parameters/4-400>		<http://ids.clld.org/values/4-400-261-1>		"ča'ko-ki"@brg	
"apamotihi"@aro	<http://ids.clld.org/values/12-630-272-1>		<http://ids.clld.org/parameters/12-630>		<http://ids.clld.org/values/12-630-261-1>		"šo'po-"@brg	
"laka"@aro	<http://ids.clld.org/values/5-130-272-3>		<http://ids.clld.org/parameters/5-130>		<http://ids.clld.org/values/5-130-261-1>		"er"@brg	
"laka"@aro	<http://ids.clld.org/values/5-130-272-3>		<http://ids.clld.org/parameters/5-130>		<http://ids.clld.org/values/5-130-261-3>		"-e'ro-"@brg	
"beta"@aro	<http://ids.clld.org/values/13-20-272-1>		<http://ids.clld.org/parameters/13-20>		<http://ids.clld.org/values/13-20-261-1>		"m-a'pi-n"@brg	
"esi"@aro	<http://ids.clld.org/values/14-150-272-1>		<http://ids.clld.org/parameters/14-150>		<http://ids.clld.org/values/14-150-261-1>		"či-n"@brg	
"ane"@aro	<http://ids.clld.org/values/16-310-272-1>		<http://ids.clld.org/parameters/16-310>		<http://ids.clld.org/values/16-310-261-1>		"-koti-"@brg	
"naeda"@aro	<http://ids.clld.org/values/2-960-272-3>		<http://ids.clld.org/parameters/2-960>		<http://ids.clld.org/values/2-960-261-1>		"no-'ti"@brg	
"nai"@aro	<http://ids.clld.org/values/1-750-272-1>		<http://ids.clld.org/parameters/1-750>		<http://ids.clld.org/values/1-750-261-1>		"so'won"@brg	
"misa"@aro	<http://ids.clld.org/values/9-190-272-3>		<http://ids.clld.org/parameters/9-190>		<http://ids.clld.org/values/9-190-261-1>		"ni-'ro-"@brg	
"ize"@aro	<http://ids.clld.org/values/4-740-272-1>		<http://ids.clld.org/parameters/4-740>		<http://ids.clld.org/values/4-740-261-1>		"-čo-'ko-"@brg	
"matoa"@aro	<http://ids.clld.org/values/3-970-272-1>		<http://ids.clld.org/parameters/3-970>		<http://ids.clld.org/values/3-970-261-1>		"kahire"@brg	
"ebai"@aro	<http://ids.clld.org/values/4-310-272-1>		<http://ids.clld.org/parameters/4-310>		<http://ids.clld.org/values/4-310-261-3>		"-ton"@brg	
"ebai"@aro	<http://ids.clld.org/values/4-310-272-1>		<http://ids.clld.org/parameters/4-310>		<http://ids.clld.org/values/4-310-261-1>		"-po'wo-ki"@brg	
"tipao"@aro	<http://ids.clld.org/values/12-70-272-1>		<http://ids.clld.org/parameters/12-70>		<http://ids.clld.org/values/12-70-261-1>		"a'piye"@brg	
"towaha"@aro	<http://ids.clld.org/values/5-260-272-3>		<http://ids.clld.org/parameters/5-260>		<http://ids.clld.org/values/5-260-261-3>		"keheβi"@brg	
"towaha"@aro	<http://ids.clld.org/values/5-260-272-3>		<http://ids.clld.org/parameters/5-260>		<http://ids.clld.org/values/5-260-261-1>		"'hopi"@brg	
"tašoi"@aro	<http://ids.clld.org/values/20-640-272-3>		<http://ids.clld.org/parameters/20-640>		<http://ids.clld.org/values/20-640-261-1>		"siṛ̌ia'mok"@brg	
"mahi"@aro	<http://ids.clld.org/values/6-380-272-1>		<http://ids.clld.org/parameters/6-380>		<http://ids.clld.org/values/6-380-261-1>		"kotipo'pin"@brg	
"-lelahai"@aro	<http://ids.clld.org/values/19-610-272-3>		<http://ids.clld.org/parameters/19-610>		<http://ids.clld.org/values/19-610-261-1>		"-'rapi"@brg	
"loso"@aro	<http://ids.clld.org/values/3-817-272-3>		<http://ids.clld.org/parameters/3-817>		<http://ids.clld.org/values/3-817-261-1>		"ko'ši-ri"@brg	
"c̷eiɲe"@aro	<http://ids.clld.org/values/14-410-272-1>		<http://ids.clld.org/parameters/14-410>		<http://ids.clld.org/values/14-410-261-3>		"ṛ̌o'sesokonoeṛ̌"@brg	
"c̷eiɲe"@aro	<http://ids.clld.org/values/14-410-272-1>		<http://ids.clld.org/parameters/14-410>		<http://ids.clld.org/values/14-410-261-1>		"se-s"@brg	
"siča"@aro	<http://ids.clld.org/values/4-180-272-1>		<http://ids.clld.org/parameters/4-180>		<http://ids.clld.org/values/4-180-261-1>		"-i'ho-s"@brg	
"ezoe"@aro	<http://ids.clld.org/values/2-280-272-3>		<http://ids.clld.org/parameters/2-280>		<http://ids.clld.org/values/2-280-261-1>		"'monči"@brg	
"po-na"@aro	<http://ids.clld.org/values/10-470-272-3>		<http://ids.clld.org/parameters/10-470>		<http://ids.clld.org/values/10-470-261-1>		"-yono-w"@brg	
"e-šoa"@aro	<http://ids.clld.org/values/4-200-272-1>		<http://ids.clld.org/parameters/4-200>		<http://ids.clld.org/values/4-200-261-1>		"ni-'poʔe"@brg	
"bedada"@aro	<http://ids.clld.org/values/14-180-272-1>		<http://ids.clld.org/parameters/14-180>		<http://ids.clld.org/values/14-180-261-1>		"ne'ṛ̌iki"@brg	
"kʷeme"@aro	<http://ids.clld.org/values/13-150-272-3>		<http://ids.clld.org/parameters/13-150>		<http://ids.clld.org/values/13-150-261-1>		"mo-"@brg	
"tili-tili"@aro	<http://ids.clld.org/values/1-560-272-1>		<http://ids.clld.org/parameters/1-560>		<http://ids.clld.org/values/1-560-261-1>		"ṛ̌o'čoṛ̌eow"@brg	
"wac̷a"@aro	<http://ids.clld.org/values/1-341-272-1>		<http://ids.clld.org/parameters/1-341>		<http://ids.clld.org/values/1-341-261-1>		"'aki"@brg	
"wane"@aro	<http://ids.clld.org/values/2-320-272-1>		<http://ids.clld.org/parameters/2-320>		<http://ids.clld.org/values/2-320-261-1>		"ne-'yon"@brg	
"pobe-a"@aro	<http://ids.clld.org/values/10-480-272-1>		<http://ids.clld.org/parameters/10-480>		<http://ids.clld.org/values/10-480-261-1>		"-piko-w"@brg	
"hai-ǰa"@aro	<http://ids.clld.org/values/16-710-272-5>		<http://ids.clld.org/parameters/16-710>		<http://ids.clld.org/values/16-710-261-1>		"'heni"@brg	
"akeoli"@aro	<http://ids.clld.org/values/16-530-272-1>		<http://ids.clld.org/parameters/16-530>		<http://ids.clld.org/values/16-530-261-1>		"-pi-"@brg	
"akeoli"@aro	<http://ids.clld.org/values/16-530-272-1>		<http://ids.clld.org/parameters/16-530>		<http://ids.clld.org/values/16-530-261-3>		"'ni-piko-w"@brg	
"loe"@aro	<http://ids.clld.org/values/8-220-272-1>		<http://ids.clld.org/parameters/8-220>		<http://ids.clld.org/values/8-220-261-1>		"-'saho-kia-"@brg	
"dewa"@aro	<http://ids.clld.org/values/16-620-272-1>		<http://ids.clld.org/parameters/16-620>		<http://ids.clld.org/values/16-620-261-1>		"-'kami-"@brg	
"dewa"@aro	<http://ids.clld.org/values/16-620-272-1>		<http://ids.clld.org/parameters/16-620>		<http://ids.clld.org/values/16-620-261-3>		"ni-'kiʔinow"@brg	
"mano"@aro	<http://ids.clld.org/values/1-360-272-3>		<http://ids.clld.org/parameters/1-360>		<http://ids.clld.org/values/1-360-261-1>		"wapo'eṛ̌"@brg	
"pa"@aro	<http://ids.clld.org/values/16-370-272-1>		<http://ids.clld.org/parameters/16-370>		<http://ids.clld.org/values/16-370-261-1>		"-ya"@brg	
"c̷awa"@aro	<http://ids.clld.org/values/12-430-272-3>		<http://ids.clld.org/parameters/12-430>		<http://ids.clld.org/values/12-430-261-1>		"a'ne-kon"@brg	
"biki"@aro	<http://ids.clld.org/values/6-280-272-1>		<http://ids.clld.org/parameters/6-280>		<http://ids.clld.org/values/6-280-261-1>		"-ša"@brg	
"di"@aro	<http://ids.clld.org/values/5-110-272-1>		<http://ids.clld.org/parameters/5-110>		<http://ids.clld.org/values/5-110-261-3>		"ni-'kow"@brg	
"di"@aro	<http://ids.clld.org/values/5-110-272-1>		<http://ids.clld.org/parameters/5-110>		<http://ids.clld.org/values/5-110-261-1>		"-ni-"@brg	
"ko"@aro	<http://ids.clld.org/values/17-660-272-1>		<http://ids.clld.org/parameters/17-660>		<http://ids.clld.org/values/17-660-261-3>		"ṛ̌a'βiyowon?"@brg	
"ko"@aro	<http://ids.clld.org/values/17-660-272-1>		<http://ids.clld.org/parameters/17-660>		<http://ids.clld.org/values/17-660-261-1>		"oypoka"@brg	
"eadai"@aro	<http://ids.clld.org/values/4-360-272-1>		<http://ids.clld.org/parameters/4-360>		<http://ids.clld.org/values/4-360-261-1>		"ničo'βekos"@brg	
"pona"@aro	<http://ids.clld.org/values/2-220-272-1>		<http://ids.clld.org/parameters/2-220>		<http://ids.clld.org/values/2-220-261-1>		"e'ton"@brg	
"bibi"@aro	<http://ids.clld.org/values/5-160-272-1>		<http://ids.clld.org/parameters/5-160>		<http://ids.clld.org/values/5-160-261-1>		"-hi-'ko-"@brg	
"anaha"@aro	<http://ids.clld.org/values/15-830-272-1>		<http://ids.clld.org/parameters/15-830>		<http://ids.clld.org/values/15-830-261-1>		"-po'to-"@brg	
"akʷeo"@aro	<http://ids.clld.org/values/15-780-272-1>		<http://ids.clld.org/parameters/15-780>		<http://ids.clld.org/values/15-780-261-1>		"ko-'se-ro"@brg	
"kec̷io"@aro	<http://ids.clld.org/values/17-650-272-3>		<http://ids.clld.org/parameters/17-650>		<http://ids.clld.org/values/17-650-261-1>		"kaeerapoka"@brg	
"wele-wele-i"@aro	<http://ids.clld.org/values/3-830-272-1>		<http://ids.clld.org/parameters/3-830>		<http://ids.clld.org/values/3-830-261-1>		"-a'ro"@brg	
"mec̷e"@aro	<http://ids.clld.org/values/11-120-272-1>		<http://ids.clld.org/parameters/11-120>		<http://ids.clld.org/values/11-120-261-1>		"-'ko-ti"@brg	
"dizi"@aro	<http://ids.clld.org/values/10-710-272-1>		<http://ids.clld.org/parameters/10-710>		<http://ids.clld.org/values/10-710-261-3>		"ša'no-ki"@brg	
"dizi"@aro	<http://ids.clld.org/values/10-710-272-1>		<http://ids.clld.org/parameters/10-710>		<http://ids.clld.org/values/10-710-261-1>		"šo-'no-"@brg	
"mosozata"@aro	<http://ids.clld.org/values/4-441-272-1>		<http://ids.clld.org/parameters/4-441>		<http://ids.clld.org/values/4-441-261-1>		"ta'ha"@brg	
"haha"@aro	<http://ids.clld.org/values/5-710-272-1>		<http://ids.clld.org/parameters/5-710>		<http://ids.clld.org/values/5-710-261-1>		"-i"@brg	
"bakʷa"@aro	<http://ids.clld.org/values/2-280-272-1>		<http://ids.clld.org/parameters/2-280>		<http://ids.clld.org/values/2-280-261-1>		"'monči"@brg	
"poisa"@aro	<http://ids.clld.org/values/2-461-272-3>		<http://ids.clld.org/parameters/2-461>		<http://ids.clld.org/values/2-461-261-1>		"a'ne"@brg	
"pai"@aro	<http://ids.clld.org/values/10-230-272-3>		<http://ids.clld.org/parameters/10-230>		<http://ids.clld.org/values/10-230-261-1>		"nesta'paika"@brg	
"wisoi-ono"@aro	<http://ids.clld.org/values/4-351-272-1>		<http://ids.clld.org/parameters/4-351>		<http://ids.clld.org/values/4-351-261-1>		"-pes"@brg	
"a-aba"@aro	<http://ids.clld.org/values/19-510-272-1>		<http://ids.clld.org/parameters/19-510>		<http://ids.clld.org/values/19-510-261-1>		"ni'toṛ̌i"@brg	
"dihi"@aro	<http://ids.clld.org/values/3-832-272-1>		<http://ids.clld.org/parameters/3-832>		<http://ids.clld.org/values/3-832-261-1>		"ni"@brg	
"c̷aha"@aro	<http://ids.clld.org/values/8-540-272-3>		<http://ids.clld.org/parameters/8-540>		<http://ids.clld.org/values/8-540-261-1>		"ṛ̌eki'ton"@brg	
"solo"@aro	<http://ids.clld.org/values/9-343-272-3>		<http://ids.clld.org/parameters/9-343>		<http://ids.clld.org/values/9-343-261-1>		"'ko-piti-"@brg	
"solo"@aro	<http://ids.clld.org/values/9-343-272-3>		<http://ids.clld.org/parameters/9-343>		<http://ids.clld.org/values/9-343-261-3>		"su'ipistakapa"@brg	
"wadi"@aro	<http://ids.clld.org/values/2-360-272-3>		<http://ids.clld.org/parameters/2-360>		<http://ids.clld.org/values/2-360-261-1>		"n-en"@brg	
"mikata"@aro	<http://ids.clld.org/values/13-0-272-3>		<http://ids.clld.org/parameters/13-0>		<http://ids.clld.org/values/13-0-261-1>		"'inkaw ~ 'onkaw"@brg	
"toho"@aro	<http://ids.clld.org/values/20-640-272-1>		<http://ids.clld.org/parameters/20-640>		<http://ids.clld.org/values/20-640-261-1>		"siṛ̌ia'mok"@brg	
"a-apo"@aro	<http://ids.clld.org/values/1-620-272-1>		<http://ids.clld.org/parameters/1-620>		<http://ids.clld.org/values/1-620-261-3>		"ha'mo-ṛ̌e"@brg	
"a-apo"@aro	<http://ids.clld.org/values/1-620-272-1>		<http://ids.clld.org/parameters/1-620>		<http://ids.clld.org/values/1-620-261-1>		"ha'moṛ̌en"@brg	
"maša"@aro	<http://ids.clld.org/values/6-120-272-3>		<http://ids.clld.org/parameters/6-120>		<http://ids.clld.org/values/6-120-261-1>		"ra'roni"@brg	
"dohaena"@aro	<http://ids.clld.org/values/10-610-272-1>		<http://ids.clld.org/parameters/10-610>		<http://ids.clld.org/values/10-610-261-1>		"nam"@brg	
"naha"@aro	<http://ids.clld.org/values/8-840-272-1>		<http://ids.clld.org/parameters/8-840>		<http://ids.clld.org/values/8-840-261-1>		"-'apoe"@brg	
"a-aba"@aro	<http://ids.clld.org/values/16-270-272-1>		<http://ids.clld.org/parameters/16-270>		<http://ids.clld.org/values/16-270-261-3>		"ememna'reko"@brg	
"a-aba"@aro	<http://ids.clld.org/values/16-270-272-1>		<http://ids.clld.org/parameters/16-270>		<http://ids.clld.org/values/16-270-261-1>		"-'emo-ni"@brg	
"a-hawa"@aro	<http://ids.clld.org/values/15-690-272-1>		<http://ids.clld.org/parameters/15-690>		<http://ids.clld.org/values/15-690-261-1>		"'ya-s-ko-"@brg	
"timo"@aro	<http://ids.clld.org/values/1-840-272-1>		<http://ids.clld.org/parameters/1-840>		<http://ids.clld.org/values/1-840-261-1>		"po'ip"@brg	
"e-iɲa"@aro	<http://ids.clld.org/values/4-393-272-1>		<http://ids.clld.org/parameters/4-393>		<http://ids.clld.org/values/4-393-261-1>		"e'sis"@brg	
"semihi"@aro	<http://ids.clld.org/values/15-770-272-3>		<http://ids.clld.org/parameters/15-770>		<http://ids.clld.org/values/15-770-261-1>		"-'mo-ri"@brg	
"doe-mec̷e"@aro	<http://ids.clld.org/values/2-810-272-1>		<http://ids.clld.org/parameters/2-810>		<http://ids.clld.org/values/2-810-261-1>		"ni'čonopos"@brg	
"apia"@aro	<http://ids.clld.org/values/12-730-272-1>		<http://ids.clld.org/parameters/12-730>		<http://ids.clld.org/values/12-730-261-1>		"to'βi-"@brg	
"modo"@aro	<http://ids.clld.org/values/9-120-272-1>		<http://ids.clld.org/parameters/9-120>		<http://ids.clld.org/values/9-120-261-1>		"koto-"@brg	
"tawi"@aro	<http://ids.clld.org/values/4-610-272-1>		<http://ids.clld.org/parameters/4-610>		<http://ids.clld.org/values/4-610-261-3>		"-mo'ko-w"@brg	
"tawi"@aro	<http://ids.clld.org/values/4-610-272-1>		<http://ids.clld.org/parameters/4-610>		<http://ids.clld.org/values/4-610-261-1>		"-i'mo"@brg	
"domi"@aro	<http://ids.clld.org/values/4-660-272-1>		<http://ids.clld.org/parameters/4-660>		<http://ids.clld.org/values/4-660-261-1>		"e'tis"@brg	
"mata"@aro	<http://ids.clld.org/values/13-210-272-3>		<http://ids.clld.org/parameters/13-210>		<http://ids.clld.org/values/13-210-261-1>		"'ačokon"@brg	
"neda"@aro	<http://ids.clld.org/values/16-310-272-3>		<http://ids.clld.org/parameters/16-310>		<http://ids.clld.org/values/16-310-261-1>		"-koti-"@brg	
"iɲakʷa"@aro	<http://ids.clld.org/values/3-811-272-1>		<http://ids.clld.org/parameters/3-811>		<http://ids.clld.org/values/3-811-261-1>		"i'no-k"@brg	
"e-iza-ha"@aro	<http://ids.clld.org/values/4-220-272-1>		<http://ids.clld.org/parameters/4-220>		<http://ids.clld.org/values/4-220-261-3>		"senoki"@brg	
"e-iza-ha"@aro	<http://ids.clld.org/values/4-220-272-1>		<http://ids.clld.org/parameters/4-220>		<http://ids.clld.org/values/4-220-261-1>		"-'čoko-n"@brg	
"hae"@aro	<http://ids.clld.org/values/3-650-272-1>		<http://ids.clld.org/parameters/3-650>		<http://ids.clld.org/values/3-650-261-1>		"him"@brg	
"hae"@aro	<http://ids.clld.org/values/3-650-272-1>		<http://ids.clld.org/parameters/3-650>		<http://ids.clld.org/values/3-650-261-3>		"koβes"@brg	
"poisa"@aro	<http://ids.clld.org/values/14-150-272-3>		<http://ids.clld.org/parameters/14-150>		<http://ids.clld.org/values/14-150-261-1>		"či-n"@brg	
"-isi"@aro	<http://ids.clld.org/values/16-720-272-1>		<http://ids.clld.org/parameters/16-720>		<http://ids.clld.org/values/16-720-261-1>		"me'hewokon"@brg	
"popa"@aro	<http://ids.clld.org/values/1-570-272-1>		<http://ids.clld.org/parameters/1-570>		<http://ids.clld.org/values/1-570-261-1>		"ṛ̌o'čomoṛ̌omoṛ̌eow"@brg	
"šili"@aro	<http://ids.clld.org/values/16-720-272-3>		<http://ids.clld.org/parameters/16-720>		<http://ids.clld.org/values/16-720-261-1>		"me'hewokon"@brg	
"hemi"@aro	<http://ids.clld.org/values/11-130-272-1>		<http://ids.clld.org/parameters/11-130>		<http://ids.clld.org/values/11-130-261-1>		"-a'mo"@brg	
"tadi"@aro	<http://ids.clld.org/values/2-350-272-3>		<http://ids.clld.org/parameters/2-350>		<http://ids.clld.org/values/2-350-261-3>		"čač"@brg	
"tadi"@aro	<http://ids.clld.org/values/2-350-272-3>		<http://ids.clld.org/parameters/2-350>		<http://ids.clld.org/values/2-350-261-1>		"-i'a"@brg	
"bata"@aro	<http://ids.clld.org/values/4-300-272-1>		<http://ids.clld.org/parameters/4-300>		<http://ids.clld.org/values/4-300-261-3>		"-'powos"@brg	
"bata"@aro	<http://ids.clld.org/values/4-300-272-1>		<http://ids.clld.org/parameters/4-300>		<http://ids.clld.org/values/4-300-261-1>		"ni-'powosi"@brg	
"mi"@aro	<http://ids.clld.org/values/2-920-272-1>		<http://ids.clld.org/parameters/2-920>		<http://ids.clld.org/values/2-920-261-1>		"pi-'ti"@brg	
"wana"@aro	<http://ids.clld.org/values/7-510-272-1>		<http://ids.clld.org/parameters/7-510>		<http://ids.clld.org/values/7-510-261-1>		"ečo'pi"@brg	
"e-ami"@aro	<http://ids.clld.org/values/5-610-272-1>		<http://ids.clld.org/parameters/5-610>		<http://ids.clld.org/values/5-610-261-1>		"n-eš"@brg	
"walo-i"@aro	<http://ids.clld.org/values/10-851-272-1>		<http://ids.clld.org/parameters/10-851>		<http://ids.clld.org/values/10-851-261-1>		"'haβi"@brg	
"wac̷i"@aro	<http://ids.clld.org/values/4-370-272-1>		<http://ids.clld.org/parameters/4-370>		<http://ids.clld.org/values/4-370-261-1>		"ni'poih"@brg	
"amae"@aro	<http://ids.clld.org/values/15-640-272-1>		<http://ids.clld.org/parameters/15-640>		<http://ids.clld.org/values/15-640-261-1>		"kotipo'pin"@brg	
"dea"@aro	<http://ids.clld.org/values/2-230-272-1>		<http://ids.clld.org/parameters/2-230>		<http://ids.clld.org/values/2-230-261-1>		"a'čane"@brg	
"oc̷o-a"@aro	<http://ids.clld.org/values/1-851-272-3>		<http://ids.clld.org/parameters/1-851>		<http://ids.clld.org/values/1-851-261-1>		"-a'haṛ̌ow"@brg	
"oho"@aro	<http://ids.clld.org/values/2-930-272-7>		<http://ids.clld.org/parameters/2-930>		<http://ids.clld.org/values/2-930-261-3>		"ṛ̌i-'ti"@brg	
"oho"@aro	<http://ids.clld.org/values/2-930-272-7>		<http://ids.clld.org/parameters/2-930>		<http://ids.clld.org/values/2-930-261-1>		"ṛ̌o-'ti"@brg	
"yama"@aro	<http://ids.clld.org/values/2-910-272-3>		<http://ids.clld.org/parameters/2-910>		<http://ids.clld.org/values/2-910-261-3>		"n-ti"@brg	
"yama"@aro	<http://ids.clld.org/values/2-910-272-3>		<http://ids.clld.org/parameters/2-910>		<http://ids.clld.org/values/2-910-261-1>		"ni-"@brg	
"ewa"@aro	<http://ids.clld.org/values/1-210-272-1>		<http://ids.clld.org/parameters/1-210>		<http://ids.clld.org/values/1-210-261-1>		"po'ewok"@brg	
"kana"@aro	<http://ids.clld.org/values/2-960-272-1>		<http://ids.clld.org/parameters/2-960>		<http://ids.clld.org/values/2-960-261-1>		"no-'ti"@brg	
"aiǰihae"@aro	<http://ids.clld.org/values/5-140-272-1>		<http://ids.clld.org/parameters/5-140>		<http://ids.clld.org/values/5-140-261-1>		"ni'βeiʔinow"@brg	
"hememe-i"@aro	<http://ids.clld.org/values/4-460-272-3>		<http://ids.clld.org/parameters/4-460>		<http://ids.clld.org/values/4-460-261-1>		"-'he-ki"@brg	
"hememe-i"@aro	<http://ids.clld.org/values/4-460-272-3>		<http://ids.clld.org/parameters/4-460>		<http://ids.clld.org/values/4-460-261-3>		"ničo'koki"@brg	
"da"@aro	<http://ids.clld.org/values/2-930-272-1>		<http://ids.clld.org/parameters/2-930>		<http://ids.clld.org/values/2-930-261-3>		"ṛ̌i-'ti"@brg	
"da"@aro	<http://ids.clld.org/values/2-930-272-1>		<http://ids.clld.org/parameters/2-930>		<http://ids.clld.org/values/2-930-261-1>		"ṛ̌o-'ti"@brg	
"tipae"@aro	<http://ids.clld.org/values/12-30-272-3>		<http://ids.clld.org/parameters/12-30>		<http://ids.clld.org/values/12-30-261-3>		"poe-"@brg	
"tipae"@aro	<http://ids.clld.org/values/12-30-272-3>		<http://ids.clld.org/parameters/12-30>		<http://ids.clld.org/values/12-30-261-1>		"pai-"@brg	
"mawa"@aro	<http://ids.clld.org/values/12-80-272-3>		<http://ids.clld.org/parameters/12-80>		<http://ids.clld.org/values/12-80-261-1>		"a'ni-ye"@brg	
"a-hawa-hawa"@aro	<http://ids.clld.org/values/5-123-272-1>		<http://ids.clld.org/parameters/5-123>		<http://ids.clld.org/values/5-123-261-1>		"-ya-"@brg	
"ahe"@aro	<http://ids.clld.org/values/10-450-272-1>		<http://ids.clld.org/parameters/10-450>		<http://ids.clld.org/values/10-450-261-1>		"-yo'no"@brg	
"aheni"@aro	<http://ids.clld.org/values/16-530-272-3>		<http://ids.clld.org/parameters/16-530>		<http://ids.clld.org/values/16-530-261-1>		"-pi-"@brg	
"aheni"@aro	<http://ids.clld.org/values/16-530-272-3>		<http://ids.clld.org/parameters/16-530>		<http://ids.clld.org/values/16-530-261-3>		"'ni-piko-w"@brg	
"dohoi"@aro	<http://ids.clld.org/values/19-240-272-1>		<http://ids.clld.org/parameters/19-240>		<http://ids.clld.org/values/19-240-261-1>		"rom"@brg	
"mikana"@aro	<http://ids.clld.org/values/2-950-272-1>		<http://ids.clld.org/parameters/2-950>		<http://ids.clld.org/values/2-950-261-1>		"yi-'ti"@brg	
"beni"@aro	<http://ids.clld.org/values/1-720-272-1>		<http://ids.clld.org/parameters/1-720>		<http://ids.clld.org/values/1-720-261-1>		"βiṛ̌"@brg	
"abalimi"@aro	<http://ids.clld.org/values/16-810-272-1>		<http://ids.clld.org/parameters/16-810>		<http://ids.clld.org/values/16-810-261-1>		"'monikowapa"@brg	
"šašo-kʷe"@aro	<http://ids.clld.org/values/1-360-272-1>		<http://ids.clld.org/parameters/1-360>		<http://ids.clld.org/values/1-360-261-1>		"wapo'eṛ̌"@brg	
"ec̷iawe"@aro	<http://ids.clld.org/values/14-451-272-3>		<http://ids.clld.org/parameters/14-451>		<http://ids.clld.org/values/14-451-261-1>		"kope'ap"@brg	
"e-ana"@aro	<http://ids.clld.org/values/4-260-272-1>		<http://ids.clld.org/parameters/4-260>		<http://ids.clld.org/values/4-260-261-1>		"-pe-n"@brg	
"e-ana"@aro	<http://ids.clld.org/values/4-260-272-1>		<http://ids.clld.org/parameters/4-260>		<http://ids.clld.org/values/4-260-261-3>		"epenene"@brg	
"a-ize"@aro	<http://ids.clld.org/values/3-820-272-1>		<http://ids.clld.org/parameters/3-820>		<http://ids.clld.org/values/3-820-261-1>		"yomo'ep"@brg	
"aliso"@aro	<http://ids.clld.org/values/11-880-272-3>		<http://ids.clld.org/parameters/11-880>		<http://ids.clld.org/values/11-880-261-1>		"šo-'wa-no-n"@brg	
"tehe"@aro	<http://ids.clld.org/values/17-240-272-1>		<http://ids.clld.org/parameters/17-240>		<http://ids.clld.org/values/17-240-261-1>		"-karo-'wo-w"@brg	
"akʷi"@aro	<http://ids.clld.org/values/1-420-272-1>		<http://ids.clld.org/parameters/1-420>		<http://ids.clld.org/values/1-420-261-1>		"'ewokoe"@brg	
"kʷalolo"@aro	<http://ids.clld.org/values/12-810-272-1>		<http://ids.clld.org/parameters/12-810>		<http://ids.clld.org/values/12-810-261-1>		"čoporikon"@brg	
"aise"@aro	<http://ids.clld.org/values/17-680-272-1>		<http://ids.clld.org/parameters/17-680>		<http://ids.clld.org/values/17-680-261-1>		"kon to 'woyokon"@brg	
"kʷada"@aro	<http://ids.clld.org/values/2-940-272-1>		<http://ids.clld.org/parameters/2-940>		<http://ids.clld.org/values/2-940-261-1>		"βi-'ti"@brg	
"ahai"@aro	<http://ids.clld.org/values/16-710-272-1>		<http://ids.clld.org/parameters/16-710>		<http://ids.clld.org/values/16-710-261-1>		"'heni"@brg	
"ba"@aro	<http://ids.clld.org/values/17-170-272-1>		<http://ids.clld.org/parameters/17-170>		<http://ids.clld.org/values/17-170-261-1>		"-čo-"@brg	
"ba"@aro	<http://ids.clld.org/values/17-170-272-1>		<http://ids.clld.org/parameters/17-170>		<http://ids.clld.org/values/17-170-261-3>		"-tiṛ̌i"@brg	
"bai"@aro	<http://ids.clld.org/values/1-330-272-1>		<http://ids.clld.org/parameters/1-330>		<http://ids.clld.org/values/1-330-261-1>		"'č-aki"@brg	
"neti"@aro	<http://ids.clld.org/values/4-740-272-3>		<http://ids.clld.org/parameters/4-740>		<http://ids.clld.org/values/4-740-261-1>		"-čo-'ko-"@brg	
"koc̷o"@aro	<http://ids.clld.org/values/17-660-272-3>		<http://ids.clld.org/parameters/17-660>		<http://ids.clld.org/values/17-660-261-3>		"ṛ̌a'βiyowon?"@brg	
"koc̷o"@aro	<http://ids.clld.org/values/17-660-272-3>		<http://ids.clld.org/parameters/17-660>		<http://ids.clld.org/values/17-660-261-1>		"oypoka"@brg	
"heti"@aro	<http://ids.clld.org/values/10-620-272-1>		<http://ids.clld.org/parameters/10-620>		<http://ids.clld.org/values/10-620-261-1>		"'amo(n-)"@brg	
"be-sese"@aro	<http://ids.clld.org/values/4-190-272-3>		<http://ids.clld.org/parameters/4-190>		<http://ids.clld.org/values/4-190-261-1>		"-'čipi"@brg	
"didia"@aro	<http://ids.clld.org/values/5-110-272-3>		<http://ids.clld.org/parameters/5-110>		<http://ids.clld.org/values/5-110-261-3>		"ni-'kow"@brg	
"didia"@aro	<http://ids.clld.org/values/5-110-272-3>		<http://ids.clld.org/parameters/5-110>		<http://ids.clld.org/values/5-110-261-1>		"-ni-"@brg	
"peada"@aro	<http://ids.clld.org/values/13-10-272-1>		<http://ids.clld.org/parameters/13-10>		<http://ids.clld.org/values/13-10-261-1>		"po'noš"@brg	
"bia"@aro	<http://ids.clld.org/values/3-823-272-1>		<http://ids.clld.org/parameters/3-823>		<http://ids.clld.org/values/3-823-261-1>		"ane"@brg	
"a-bikʷe"@aro	<http://ids.clld.org/values/15-810-272-1>		<http://ids.clld.org/parameters/15-810>		<http://ids.clld.org/values/15-810-261-3>		"kohino-kon"@brg	
"a-bikʷe"@aro	<http://ids.clld.org/values/15-810-272-1>		<http://ids.clld.org/parameters/15-810>		<http://ids.clld.org/values/15-810-261-1>		"-'hi-no-"@brg	
"zao"@aro	<http://ids.clld.org/values/2-440-272-1>		<http://ids.clld.org/parameters/2-440>		<http://ids.clld.org/values/2-440-261-1>		"ni'piri"@brg	
"zao"@aro	<http://ids.clld.org/values/2-440-272-1>		<http://ids.clld.org/parameters/2-440>		<http://ids.clld.org/values/2-440-261-3>		"ni'ay"@brg	
"e-me"@aro	<http://ids.clld.org/values/4-330-272-1>		<http://ids.clld.org/parameters/4-330>		<http://ids.clld.org/values/4-330-261-1>		"-wo-"@brg	
"e-me"@aro	<http://ids.clld.org/values/4-330-272-1>		<http://ids.clld.org/parameters/4-330>		<http://ids.clld.org/values/4-330-261-3>		"ni-'wohi-s"@brg	
"badi"@aro	<http://ids.clld.org/values/1-530-272-1>		<http://ids.clld.org/parameters/1-530>		<http://ids.clld.org/values/1-530-261-1>		"ki'he-ṛ̌"@brg	
"kʷac̷a"@aro	<http://ids.clld.org/values/4-240-272-1>		<http://ids.clld.org/parameters/4-240>		<http://ids.clld.org/values/4-240-261-1>		"ni-'noki"@brg	
"piǰa"@aro	<http://ids.clld.org/values/12-730-272-5>		<http://ids.clld.org/parameters/12-730>		<http://ids.clld.org/values/12-730-261-1>		"to'βi-"@brg	
