"šoa-iɲa"@aro	<http://ids.clld.org/values/4-140-272-1>		<http://ids.clld.org/parameters/4-140>		<http://ids.clld.org/values/4-140-232-1>		"čˀə'sis-"@cjh	
"lepe"@aro	<http://ids.clld.org/values/10-380-272-3>		<http://ids.clld.org/parameters/10-380>		<http://ids.clld.org/values/10-380-232-1>		"'puxʷi-"@cjh	
"hana-miki"@aro	<http://ids.clld.org/values/4-510-272-1>		<http://ids.clld.org/parameters/4-510>		<http://ids.clld.org/values/4-510-232-3>		"'ḳama-"@cjh	
"hana-miki"@aro	<http://ids.clld.org/values/4-510-272-1>		<http://ids.clld.org/parameters/4-510>		<http://ids.clld.org/values/4-510-232-1>		"tɬˀə'ḳi-"@cjh	
"telihi"@aro	<http://ids.clld.org/values/6-570-272-1>		<http://ids.clld.org/parameters/6-570>		<http://ids.clld.org/values/6-570-232-1>		"'tˀəḳ-"@cjh	
"kʷa-ti"@aro	<http://ids.clld.org/values/1-810-272-1>		<http://ids.clld.org/parameters/1-810>		<http://ids.clld.org/values/1-810-232-1>		"'ḳʷˀətˀ-"@cjh	
"iša"@aro	<http://ids.clld.org/values/14-350-272-3>		<http://ids.clld.org/parameters/14-350>		<http://ids.clld.org/values/14-350-232-1>		"'ɬeʔ"@cjh	
"mioso"@aro	<http://ids.clld.org/values/12-370-272-1>		<http://ids.clld.org/parameters/12-370>		<http://ids.clld.org/values/12-370-232-1>		"'kʷac̷-"@cjh	
"toa"@aro	<http://ids.clld.org/values/16-660-272-1>		<http://ids.clld.org/parameters/16-660>		<http://ids.clld.org/values/16-660-232-1>		"'naxʷɬ-"@cjh	
"me-ac̷a"@aro	<http://ids.clld.org/values/4-340-272-1>		<http://ids.clld.org/parameters/4-340>		<http://ids.clld.org/values/4-340-232-1>		"ɬa'χay-"@cjh	
"madaha"@aro	<http://ids.clld.org/values/4-360-272-3>		<http://ids.clld.org/parameters/4-360>		<http://ids.clld.org/values/4-360-232-1>		"ta'nˀis-"@cjh	
"dawewe"@aro	<http://ids.clld.org/values/12-20-272-3>		<http://ids.clld.org/parameters/12-20>		<http://ids.clld.org/values/12-20-232-1>		"'pˀən-"@cjh	
"ani-c̷oa"@aro	<http://ids.clld.org/values/10-210-272-1>		<http://ids.clld.org/parameters/10-210>		<http://ids.clld.org/values/10-210-232-1>		"'xʷətˀi-"@cjh	
"hapo-i"@aro	<http://ids.clld.org/values/3-920-272-3>		<http://ids.clld.org/parameters/3-920>		<http://ids.clld.org/values/3-920-232-1>		"χa'lewχalu"@cjh	
"zei"@aro	<http://ids.clld.org/values/1-230-272-1>		<http://ids.clld.org/parameters/1-230>		<http://ids.clld.org/values/1-230-232-1>		"'maḳʷam-"@cjh	
"lokʷakʷa"@aro	<http://ids.clld.org/values/4-856-272-1>		<http://ids.clld.org/parameters/4-856>		<http://ids.clld.org/values/4-856-232-1>		"pu'su-"@cjh	
"lokʷakʷa"@aro	<http://ids.clld.org/values/4-856-272-1>		<http://ids.clld.org/parameters/4-856>		<http://ids.clld.org/values/4-856-232-3>		"'ɬəχʷəl-"@cjh	
"nawi"@aro	<http://ids.clld.org/values/4-690-272-1>		<http://ids.clld.org/parameters/4-690>		<http://ids.clld.org/values/4-690-232-1>		"'pˀǣχluwˀ"@cjh	
"mozizi-bade"@aro	<http://ids.clld.org/values/1-730-272-3>		<http://ids.clld.org/parameters/1-730>		<http://ids.clld.org/values/1-730-232-3>		"ti'pi-"@cjh	
"mozizi-bade"@aro	<http://ids.clld.org/values/1-730-272-3>		<http://ids.clld.org/parameters/1-730>		<http://ids.clld.org/values/1-730-232-1>		"ɬt-"@cjh	
"e-c̷e"@aro	<http://ids.clld.org/values/4-270-272-1>		<http://ids.clld.org/parameters/4-270>		<http://ids.clld.org/values/4-270-232-1>		"yə'nis-"@cjh	
"ode"@aro	<http://ids.clld.org/values/1-610-272-1>		<http://ids.clld.org/parameters/1-610>		<http://ids.clld.org/values/1-610-232-1>		"ḳə'ləχ-"@cjh	
"aliso"@aro	<http://ids.clld.org/values/16-810-272-3>		<http://ids.clld.org/parameters/16-810>		<http://ids.clld.org/values/16-810-232-1>		"'ʔəy"@cjh	
"ami"@aro	<http://ids.clld.org/values/4-150-272-1>		<http://ids.clld.org/parameters/4-150>		<http://ids.clld.org/values/4-150-232-1>		"ḳʷi'li(m)-"@cjh	
"kʷesa"@aro	<http://ids.clld.org/values/4-142-272-1>		<http://ids.clld.org/parameters/4-142>		<http://ids.clld.org/values/4-142-232-1>		"čˀp-"@cjh	
"c̷ihi"@aro	<http://ids.clld.org/values/4-858-272-3>		<http://ids.clld.org/parameters/4-858>		<http://ids.clld.org/values/4-858-232-1>		"'ɬumi-"@cjh	
"toa-kʷekʷe iɲa"@aro	<http://ids.clld.org/values/4-214-272-1>		<http://ids.clld.org/parameters/4-214>		<http://ids.clld.org/values/4-214-232-1>		"'c̷ˀipxʷ-"@cjh	
"haliǰa"@aro	<http://ids.clld.org/values/12-550-272-1>		<http://ids.clld.org/parameters/12-550>		<http://ids.clld.org/values/12-550-232-1>		"'kʷac̷"@cjh	
"azeza"@aro	<http://ids.clld.org/values/15-670-272-1>		<http://ids.clld.org/parameters/15-670>		<http://ids.clld.org/values/15-670-232-1>		"'ḳʷˀiχ-"@cjh	
"bebakʷa bene"@aro	<http://ids.clld.org/values/12-11-272-1>		<http://ids.clld.org/parameters/12-11>		<http://ids.clld.org/values/12-11-232-1>		"'ʔaw-"@cjh	
"iše"@aro	<http://ids.clld.org/values/4-760-272-1>		<http://ids.clld.org/parameters/4-760>		<http://ids.clld.org/values/4-760-232-1>		"'tixʷni-"@cjh	
"badodoa"@aro	<http://ids.clld.org/values/9-140-272-1>		<http://ids.clld.org/parameters/9-140>		<http://ids.clld.org/values/9-140-232-1>		"'puyi-"@cjh	
"poho"@aro	<http://ids.clld.org/values/17-520-272-5>		<http://ids.clld.org/parameters/17-520>		<http://ids.clld.org/values/17-520-232-1>		"ḳas"@cjh	
"ehi"@aro	<http://ids.clld.org/values/8-750-272-3>		<http://ids.clld.org/parameters/8-750>		<http://ids.clld.org/values/8-750-232-1>		"pˀā'lan-"@cjh	
"po"@aro	<http://ids.clld.org/values/9-440-272-7>		<http://ids.clld.org/parameters/9-440>		<http://ids.clld.org/values/9-440-232-1>		"ḳˀə'laχanˀ"@cjh	
"eowi"@aro	<http://ids.clld.org/values/1-310-272-3>		<http://ids.clld.org/parameters/1-310>		<http://ids.clld.org/values/1-310-232-1>		"'ḳāʔ"@cjh	
"biyo"@aro	<http://ids.clld.org/values/17-520-272-3>		<http://ids.clld.org/parameters/17-520>		<http://ids.clld.org/values/17-520-232-1>		"ḳas"@cjh	
"neda"@aro	<http://ids.clld.org/values/4-840-272-1>		<http://ids.clld.org/parameters/4-840>		<http://ids.clld.org/values/4-840-232-3>		"'tač"@cjh	
"neda"@aro	<http://ids.clld.org/values/4-840-272-1>		<http://ids.clld.org/parameters/4-840>		<http://ids.clld.org/values/4-840-232-1>		"'ɬəčˀ"@cjh	
"neda"@aro	<http://ids.clld.org/values/4-840-272-1>		<http://ids.clld.org/parameters/4-840>		<http://ids.clld.org/values/4-840-232-5>		"χaw-"@cjh	
"eti"@aro	<http://ids.clld.org/values/4-492-272-1>		<http://ids.clld.org/parameters/4-492>		<http://ids.clld.org/values/4-492-232-1>		"'pəlḳ-"@cjh	
"apoakata"@aro	<http://ids.clld.org/values/4-860-272-1>		<http://ids.clld.org/parameters/4-860>		<http://ids.clld.org/values/4-860-232-1>		"'pəlxʷ-"@cjh	
"šalada"@aro	<http://ids.clld.org/values/1-640-272-1>		<http://ids.clld.org/parameters/1-640>		<http://ids.clld.org/values/1-640-232-1>		"'səxʷ-"@cjh	
"zeti šama"@aro	<http://ids.clld.org/values/1-630-272-1>		<http://ids.clld.org/parameters/1-630>		<http://ids.clld.org/values/1-630-232-3>		"ḳaḳ-"@cjh	
"zeti šama"@aro	<http://ids.clld.org/values/1-630-272-1>		<http://ids.clld.org/parameters/1-630>		<http://ids.clld.org/values/1-630-232-1>		"'taḳa-"@cjh	
"eiye"@aro	<http://ids.clld.org/values/1-410-272-1>		<http://ids.clld.org/parameters/1-410>		<http://ids.clld.org/values/1-410-232-3>		"'yamac̷-"@cjh	
"eiye"@aro	<http://ids.clld.org/values/1-410-272-1>		<http://ids.clld.org/parameters/1-410>		<http://ids.clld.org/values/1-410-232-1>		"'χatɬˀ"@cjh	
"eiye"@aro	<http://ids.clld.org/values/1-410-272-1>		<http://ids.clld.org/parameters/1-410>		<http://ids.clld.org/values/1-410-232-5>		"χa'siɬšin-"@cjh	
"dana"@aro	<http://ids.clld.org/values/4-170-272-1>		<http://ids.clld.org/parameters/4-170>		<http://ids.clld.org/values/4-170-232-1>		"wi'nawˀ"@cjh	
"šenono"@aro	<http://ids.clld.org/values/1-861-272-3>		<http://ids.clld.org/parameters/1-861>		<http://ids.clld.org/values/1-861-232-1>		"'kʷˀəlčˀ-"@cjh	
"me-tezi"@aro	<http://ids.clld.org/values/4-344-272-1>		<http://ids.clld.org/parameters/4-344>		<http://ids.clld.org/values/4-344-232-1>		"pap-"@cjh	
"hehe"@aro	<http://ids.clld.org/values/18-410-272-3>		<http://ids.clld.org/parameters/18-410>		<http://ids.clld.org/values/18-410-232-1>		"'tˀəḳʷˀ-"@cjh	
"patatahapo"@aro	<http://ids.clld.org/values/1-270-272-1>		<http://ids.clld.org/parameters/1-270>		<http://ids.clld.org/values/1-270-232-3>		"tˀəmš-"@cjh	
"patatahapo"@aro	<http://ids.clld.org/values/1-270-272-1>		<http://ids.clld.org/parameters/1-270>		<http://ids.clld.org/values/1-270-232-1>		"'šəm-"@cjh	
"patatahapo"@aro	<http://ids.clld.org/values/1-270-272-1>		<http://ids.clld.org/parameters/1-270>		<http://ids.clld.org/values/1-270-232-5>		"'yəl-"@cjh	
"kʷaebaha"@aro	<http://ids.clld.org/values/11-810-272-1>		<http://ids.clld.org/parameters/11-810>		<http://ids.clld.org/values/11-810-232-1>		"'ɬəḳʷ-"@cjh	
"kʷene-"@aro	<http://ids.clld.org/values/12-40-272-1>		<http://ids.clld.org/parameters/12-40>		<http://ids.clld.org/values/12-40-232-1>		"'c̷əni"@cjh	
"moba"@aro	<http://ids.clld.org/values/1-324-272-1>		<http://ids.clld.org/parameters/1-324>		<http://ids.clld.org/values/1-324-232-1>		"'payin-"@cjh	
"tezi"@aro	<http://ids.clld.org/values/1-841-272-1>		<http://ids.clld.org/parameters/1-841>		<http://ids.clld.org/values/1-841-232-1>		"'ḳʷˀaɬ-"@cjh	
"wac̷oc̷oa"@aro	<http://ids.clld.org/values/9-140-272-3>		<http://ids.clld.org/parameters/9-140>		<http://ids.clld.org/values/9-140-232-1>		"'puyi-"@cjh	
"kʷac̷a-wati"@aro	<http://ids.clld.org/values/4-520-272-1>		<http://ids.clld.org/parameters/4-520>		<http://ids.clld.org/values/4-520-232-1>		"'c̷ˀawačˀa"@cjh	
"mezizo"@aro	<http://ids.clld.org/values/1-215-272-1>		<http://ids.clld.org/parameters/1-215>		<http://ids.clld.org/values/1-215-232-1>		"c̷ˀa'χæʔs"@cjh	
"batadao"@aro	<http://ids.clld.org/values/12-20-272-7>		<http://ids.clld.org/parameters/12-20>		<http://ids.clld.org/values/12-20-232-1>		"'pˀən-"@cjh	
"walibao"@aro	<http://ids.clld.org/values/1-590-272-1>		<http://ids.clld.org/parameters/1-590>		<http://ids.clld.org/values/1-590-232-1>		"'xʷəplˀḳn"@cjh	
"me-takʷa"@aro	<http://ids.clld.org/values/4-331-272-1>		<http://ids.clld.org/parameters/4-331>		<http://ids.clld.org/values/4-331-232-1>		"tˀa'las-"@cjh	
"takʷa"@aro	<http://ids.clld.org/values/4-450-272-1>		<http://ids.clld.org/parameters/4-450>		<http://ids.clld.org/values/4-450-232-1>		"'saʔš"@cjh	
"c̷eo"@aro	<http://ids.clld.org/values/4-590-272-1>		<http://ids.clld.org/parameters/4-590>		<http://ids.clld.org/values/4-590-232-1>		"'tˀaḳʷa-"@cjh	
"popa"@aro	<http://ids.clld.org/values/1-550-272-1>		<http://ids.clld.org/parameters/1-550>		<http://ids.clld.org/values/1-550-232-1>		"'ḳʷat-"@cjh	
"ali"@aro	<http://ids.clld.org/values/4-910-272-1>		<http://ids.clld.org/parameters/4-910>		<http://ids.clld.org/values/4-910-232-1>		"'xʷən-"@cjh	
"[fosforo]"@aro	<http://ids.clld.org/values/1-870-272-1>		<http://ids.clld.org/parameters/1-870>		<http://ids.clld.org/values/1-870-232-1>		"'yičˀic̷ˀ"@cjh	
"-c̷ane"@aro	<http://ids.clld.org/values/14-250-272-1>		<http://ids.clld.org/parameters/14-250>		<http://ids.clld.org/values/14-250-232-1>		"'tulap-"@cjh	
"haha-haha"@aro	<http://ids.clld.org/values/12-830-272-1>		<http://ids.clld.org/parameters/12-830>		<http://ids.clld.org/values/12-830-232-1>		"'pōsaḳˀ-"@cjh	
"tipao"@aro	<http://ids.clld.org/values/12-340-272-3>		<http://ids.clld.org/parameters/12-340>		<http://ids.clld.org/values/12-340-232-1>		"'nuw-"@cjh	
"baha"@aro	<http://ids.clld.org/values/9-250-272-1>		<http://ids.clld.org/parameters/9-250>		<http://ids.clld.org/values/9-250-232-1>		"'tɬˀali-"@cjh	
"tolo"@aro	<http://ids.clld.org/values/2-250-272-3>		<http://ids.clld.org/parameters/2-250>		<http://ids.clld.org/values/2-250-232-1>		"ɬt-"@cjh	
"asawa"@aro	<http://ids.clld.org/values/4-910-272-3>		<http://ids.clld.org/parameters/4-910>		<http://ids.clld.org/values/4-910-232-1>		"'xʷən-"@cjh	
"iwa"@aro	<http://ids.clld.org/values/18-410-272-1>		<http://ids.clld.org/parameters/18-410>		<http://ids.clld.org/values/18-410-232-1>		"'tˀəḳʷˀ-"@cjh	
"e-c̷oa"@aro	<http://ids.clld.org/values/4-160-272-1>		<http://ids.clld.org/parameters/4-160>		<http://ids.clld.org/values/4-160-232-1>		"'šawˀ"@cjh	
"bedaokʷa"@aro	<http://ids.clld.org/values/13-330-272-1>		<http://ids.clld.org/parameters/13-330>		<http://ids.clld.org/values/13-330-232-1>		"'ʔuc̷ˀs"@cjh	
"dohoda"@aro	<http://ids.clld.org/values/16-420-272-3>		<http://ids.clld.org/parameters/16-420>		<http://ids.clld.org/values/16-420-232-1>		"ḳə'ɬəχ"@cjh	
"hai-ǰa"@aro	<http://ids.clld.org/values/4-830-272-5>		<http://ids.clld.org/parameters/4-830>		<http://ids.clld.org/values/4-830-232-1>		"'c̷ˀəp"@cjh	
"labi"@aro	<http://ids.clld.org/values/4-215-272-1>		<http://ids.clld.org/parameters/4-215>		<http://ids.clld.org/values/4-215-232-1>		"ɬip-"@cjh	
"-dada"@aro	<http://ids.clld.org/values/12-10-272-1>		<http://ids.clld.org/parameters/12-10>		<http://ids.clld.org/values/12-10-232-1>		"'ʔaw-"@cjh	
"dobe-a"@aro	<http://ids.clld.org/values/10-620-272-3>		<http://ids.clld.org/parameters/10-620>		<http://ids.clld.org/values/10-620-232-1>		"'tˀul-"@cjh	
"sami"@aro	<http://ids.clld.org/values/1-861-272-1>		<http://ids.clld.org/parameters/1-861>		<http://ids.clld.org/values/1-861-232-1>		"'kʷˀəlčˀ-"@cjh	
"tiǰada"@aro	<http://ids.clld.org/values/4-350-272-1>		<http://ids.clld.org/parameters/4-350>		<http://ids.clld.org/values/4-350-232-1>		"'c̷ulis-"@cjh	
"c̷opolo"@aro	<http://ids.clld.org/values/4-853-272-3>		<http://ids.clld.org/parameters/4-853>		<http://ids.clld.org/values/4-853-232-1>		"pu'su-"@cjh	
"akʷi-ša"@aro	<http://ids.clld.org/values/8-550-272-1>		<http://ids.clld.org/parameters/8-550>		<http://ids.clld.org/values/8-550-232-1>		"'čˀālˀaš-"@cjh	
"lae"@aro	<http://ids.clld.org/values/9-260-272-1>		<http://ids.clld.org/parameters/9-260>		<http://ids.clld.org/values/9-260-232-1>		"'χətɬˀ-"@cjh	
"hanana-me-i"@aro	<http://ids.clld.org/values/4-470-272-1>		<http://ids.clld.org/parameters/4-470>		<http://ids.clld.org/values/4-470-232-1>		"'manˀ"@cjh	
"mikata"@aro	<http://ids.clld.org/values/4-840-272-3>		<http://ids.clld.org/parameters/4-840>		<http://ids.clld.org/values/4-840-232-3>		"'tač"@cjh	
"mikata"@aro	<http://ids.clld.org/values/4-840-272-3>		<http://ids.clld.org/parameters/4-840>		<http://ids.clld.org/values/4-840-232-1>		"'ɬəčˀ"@cjh	
"mikata"@aro	<http://ids.clld.org/values/4-840-272-3>		<http://ids.clld.org/parameters/4-840>		<http://ids.clld.org/values/4-840-232-5>		"χaw-"@cjh	
"mano"@aro	<http://ids.clld.org/values/4-750-272-1>		<http://ids.clld.org/parameters/4-750>		<http://ids.clld.org/values/4-750-232-1>		"'ʔatmin-"@cjh	
"waza-waza"@aro	<http://ids.clld.org/values/1-380-272-1>		<http://ids.clld.org/parameters/1-380>		<http://ids.clld.org/values/1-380-232-1>		"'paɬχn-"@cjh	
"kʷekʷe"@aro	<http://ids.clld.org/values/4-250-272-1>		<http://ids.clld.org/parameters/4-250>		<http://ids.clld.org/values/4-250-232-1>		"kʷa'təl-"@cjh	
"tezi"@aro	<http://ids.clld.org/values/1-890-272-1>		<http://ids.clld.org/parameters/1-890>		<http://ids.clld.org/values/1-890-232-1>		"'c̷ˀæ(?)-"@cjh	
"mosoho"@aro	<http://ids.clld.org/values/4-440-272-1>		<http://ids.clld.org/parameters/4-440>		<http://ids.clld.org/values/4-440-232-1>		"'ḳʷəlam-"@cjh	
"eta"@aro	<http://ids.clld.org/values/4-350-272-3>		<http://ids.clld.org/parameters/4-350>		<http://ids.clld.org/values/4-350-232-1>		"'c̷ulis-"@cjh	
"kʷa-ti"@aro	<http://ids.clld.org/values/1-880-272-1>		<http://ids.clld.org/parameters/1-880>		<http://ids.clld.org/values/1-880-232-1>		"'χʷā-"@cjh	
"oto"@aro	<http://ids.clld.org/values/4-530-272-1>		<http://ids.clld.org/parameters/4-530>		<http://ids.clld.org/values/4-530-232-1>		"'χʷōʔi-"@cjh	
"pelolo"@aro	<http://ids.clld.org/values/12-830-272-3>		<http://ids.clld.org/parameters/12-830>		<http://ids.clld.org/values/12-830-232-1>		"'pōsaḳˀ-"@cjh	
"bakʷeo"@aro	<http://ids.clld.org/values/12-80-272-1>		<http://ids.clld.org/parameters/12-80>		<http://ids.clld.org/values/12-80-232-1>		"'tɬˀukʷˀ"@cjh	
"pia"@aro	<http://ids.clld.org/values/20-250-272-1>		<http://ids.clld.org/parameters/20-250>		<http://ids.clld.org/values/20-250-232-1>		"χəl'χaʔs-"@cjh	
"eowa"@aro	<http://ids.clld.org/values/1-100-272-3>		<http://ids.clld.org/parameters/1-100>		<http://ids.clld.org/values/1-100-232-1>		"tə'miš-"@cjh	
"šowaene"@aro	<http://ids.clld.org/values/11-810-272-3>		<http://ids.clld.org/parameters/11-810>		<http://ids.clld.org/values/11-810-232-1>		"'ɬəḳʷ-"@cjh	
"mec̷i"@aro	<http://ids.clld.org/values/4-790-272-1>		<http://ids.clld.org/parameters/4-790>		<http://ids.clld.org/values/4-790-232-1>		"'makʷˀt"@cjh	
"ašolili"@aro	<http://ids.clld.org/values/15-570-272-1>		<http://ids.clld.org/parameters/15-570>		<http://ids.clld.org/values/15-570-232-1>		"ḳə'ləχ"@cjh	
"zeti"@aro	<http://ids.clld.org/values/1-520-272-1>		<http://ids.clld.org/parameters/1-520>		<http://ids.clld.org/values/1-520-232-1>		"ɬu'kʷaɬ"@cjh	
"ebeiye"@aro	<http://ids.clld.org/values/19-170-272-1>		<http://ids.clld.org/parameters/19-170>		<http://ids.clld.org/values/19-170-232-1>		"'tˀanimi-"@cjh	
"maedada"@aro	<http://ids.clld.org/values/4-205-272-1>		<http://ids.clld.org/parameters/4-205>		<http://ids.clld.org/values/4-205-232-1>		"'pukʷis-"@cjh	
"hamomoneti"@aro	<http://ids.clld.org/values/1-620-272-3>		<http://ids.clld.org/parameters/1-620>		<http://ids.clld.org/values/1-620-232-1>		"tˀa'nˀap"@cjh	
"pe-ac̷a"@aro	<http://ids.clld.org/values/4-162-272-1>		<http://ids.clld.org/parameters/4-162>		<http://ids.clld.org/values/4-162-232-1>		"'χac̷ˀ-"@cjh	
"mahana"@aro	<http://ids.clld.org/values/1-440-272-1>		<http://ids.clld.org/parameters/1-440>		<http://ids.clld.org/values/1-440-232-1>		"pa'talan-"@cjh	
"mahana"@aro	<http://ids.clld.org/values/1-440-272-1>		<http://ids.clld.org/parameters/1-440>		<http://ids.clld.org/values/1-440-232-3>		"'tawˀ"@cjh	
"mahana"@aro	<http://ids.clld.org/values/1-440-272-1>		<http://ids.clld.org/parameters/1-440>		<http://ids.clld.org/values/1-440-232-5>		"'səwin-"@cjh	
"c̷edo"@aro	<http://ids.clld.org/values/4-400-272-3>		<http://ids.clld.org/parameters/4-400>		<http://ids.clld.org/values/4-400-232-1>		"'taχʷac̷-"@cjh	
"pic̷oe"@aro	<http://ids.clld.org/values/20-240-272-1>		<http://ids.clld.org/parameters/20-240>		<http://ids.clld.org/values/20-240-232-1>		"tˀə'kʷˀəɬ-"@cjh	
"loene"@aro	<http://ids.clld.org/values/10-740-272-1>		<http://ids.clld.org/parameters/10-740>		<http://ids.clld.org/values/10-740-232-1>		"'tiwat-"@cjh	
"besese"@aro	<http://ids.clld.org/values/4-191-272-1>		<http://ids.clld.org/parameters/4-191>		<http://ids.clld.org/values/4-191-232-3>		"'šawˀ"@cjh	
"besese"@aro	<http://ids.clld.org/values/4-191-272-1>		<http://ids.clld.org/parameters/4-191>		<http://ids.clld.org/values/4-191-232-1>		"'nəw-"@cjh	
"besese"@aro	<http://ids.clld.org/values/4-191-272-1>		<http://ids.clld.org/parameters/4-191>		<http://ids.clld.org/values/4-191-232-5>		"χaw-"@cjh	
"šipa"@aro	<http://ids.clld.org/values/12-20-272-11>		<http://ids.clld.org/parameters/12-20>		<http://ids.clld.org/values/12-20-232-1>		"'pˀən-"@cjh	
"tawi-ba"@aro	<http://ids.clld.org/values/4-620-272-1>		<http://ids.clld.org/parameters/4-620>		<http://ids.clld.org/values/4-620-232-1>		"'tukʷli-"@cjh	
"ašoho"@aro	<http://ids.clld.org/values/4-920-272-3>		<http://ids.clld.org/parameters/4-920>		<http://ids.clld.org/values/4-920-232-1>		"'c̷uχʷum-"@cjh	
"babaowe"@aro	<http://ids.clld.org/values/13-140-272-1>		<http://ids.clld.org/parameters/13-140>		<http://ids.clld.org/values/13-140-232-1>		"ḳˀa-"@cjh	
"kanawa"@aro	<http://ids.clld.org/values/10-831-272-1>		<http://ids.clld.org/parameters/10-831>		<http://ids.clld.org/values/10-831-232-1>		"'wiɬ"@cjh	
"c̷eiɲeba"@aro	<http://ids.clld.org/values/4-740-272-5>		<http://ids.clld.org/parameters/4-740>		<http://ids.clld.org/values/4-740-232-1>		"pˀa'luxʷ"@cjh	
"c̷eiɲeba"@aro	<http://ids.clld.org/values/4-740-272-5>		<http://ids.clld.org/parameters/4-740>		<http://ids.clld.org/values/4-740-232-3>		"'kʷaxʷ-"@cjh	
"wac̷i-ac̷a"@aro	<http://ids.clld.org/values/4-380-272-1>		<http://ids.clld.org/parameters/4-380>		<http://ids.clld.org/values/4-380-232-1>		"šɬč'tunway-"@cjh	
"hodo"@aro	<http://ids.clld.org/values/1-830-272-1>		<http://ids.clld.org/parameters/1-830>		<http://ids.clld.org/values/1-830-232-1>		"'ḳʷōʔ"@cjh	
"hodo"@aro	<http://ids.clld.org/values/1-830-272-1>		<http://ids.clld.org/parameters/1-830>		<http://ids.clld.org/values/1-830-232-3>		"'ḳʷˀuχʷ-"@cjh	
"e-na"@aro	<http://ids.clld.org/values/1-310-272-1>		<http://ids.clld.org/parameters/1-310>		<http://ids.clld.org/values/1-310-232-1>		"'ḳāʔ"@cjh	
"bototo"@aro	<http://ids.clld.org/values/3-817-272-1>		<http://ids.clld.org/parameters/3-817>		<http://ids.clld.org/values/3-817-232-1>		"c̷ˀ'skiyaḳ-"@cjh	
"donoi"@aro	<http://ids.clld.org/values/7-422-272-1>		<http://ids.clld.org/parameters/7-422>		<http://ids.clld.org/values/7-422-232-1>		"'ɬaχɬin-"@cjh	
"laihihiye"@aro	<http://ids.clld.org/values/19-170-272-3>		<http://ids.clld.org/parameters/19-170>		<http://ids.clld.org/values/19-170-232-1>		"'tˀanimi-"@cjh	
"timaihi"@aro	<http://ids.clld.org/values/6-570-272-3>		<http://ids.clld.org/parameters/6-570>		<http://ids.clld.org/values/6-570-232-1>		"'tˀəḳ-"@cjh	
"habatime"@aro	<http://ids.clld.org/values/17-150-272-3>		<http://ids.clld.org/parameters/17-150>		<http://ids.clld.org/values/17-150-232-1>		"'c̷un"@cjh	
"tipao"@aro	<http://ids.clld.org/values/12-30-272-1>		<http://ids.clld.org/parameters/12-30>		<http://ids.clld.org/values/12-30-232-1>		"'ɬa-"@cjh	
"anizomawe"@aro	<http://ids.clld.org/values/4-820-272-1>		<http://ids.clld.org/parameters/4-820>		<http://ids.clld.org/values/4-820-232-1>		"'xʷən-"@cjh	
"biki"@aro	<http://ids.clld.org/values/4-120-272-1>		<http://ids.clld.org/parameters/4-120>		<http://ids.clld.org/values/4-120-232-1>		"tɬˀ'ʔičɬ-"@cjh	
"ǰa-iša"@aro	<http://ids.clld.org/values/14-350-272-1>		<http://ids.clld.org/parameters/14-350>		<http://ids.clld.org/values/14-350-232-1>		"'ɬeʔ"@cjh	
"c̷omoto"@aro	<http://ids.clld.org/values/4-430-272-1>		<http://ids.clld.org/parameters/4-430>		<http://ids.clld.org/values/4-430-232-1>		"ma'čiwˀ"@cjh	
"akʷi"@aro	<http://ids.clld.org/values/8-600-272-1>		<http://ids.clld.org/parameters/8-600>		<http://ids.clld.org/values/8-600-232-1>		"'tɬˀəš"@cjh	
"akʷi"@aro	<http://ids.clld.org/values/8-600-272-1>		<http://ids.clld.org/parameters/8-600>		<http://ids.clld.org/values/8-600-232-3>		"tɬˀaš-"@cjh	
"pehaha"@aro	<http://ids.clld.org/values/4-451-272-1>		<http://ids.clld.org/parameters/4-451>		<http://ids.clld.org/values/4-451-232-1>		"mə'tˀus-"@cjh	
"poc̷ac̷a-i"@aro	<http://ids.clld.org/values/1-213-272-1>		<http://ids.clld.org/parameters/1-213>		<http://ids.clld.org/values/1-213-232-1>		"tɬˀə'səḳʷ-"@cjh	
"atai"@aro	<http://ids.clld.org/values/4-854-272-1>		<http://ids.clld.org/parameters/4-854>		<http://ids.clld.org/values/4-854-232-1>		"'c̷ˀaḳa-"@cjh	
"mewe"@aro	<http://ids.clld.org/values/9-461-272-1>		<http://ids.clld.org/parameters/9-461>		<http://ids.clld.org/values/9-461-232-1>		"'kʷˀəlxʷ-"@cjh	
"ebe-"@aro	<http://ids.clld.org/values/4-300-272-3>		<http://ids.clld.org/parameters/4-300>		<http://ids.clld.org/values/4-300-232-1>		"'tˀəčˀ-"@cjh	
"boni"@aro	<http://ids.clld.org/values/3-581-272-1>		<http://ids.clld.org/parameters/3-581>		<http://ids.clld.org/values/3-581-232-1>		"'pēps-"@cjh	
"baepa"@aro	<http://ids.clld.org/values/1-510-272-1>		<http://ids.clld.org/parameters/1-510>		<http://ids.clld.org/values/1-510-232-1>		"ɬt-"@cjh	
"mia"@aro	<http://ids.clld.org/values/5-180-272-1>		<http://ids.clld.org/parameters/5-180>		<http://ids.clld.org/values/5-180-232-1>		"kʷˀa'ya-"@cjh	
"c̷ena"@aro	<http://ids.clld.org/values/3-840-272-3>		<http://ids.clld.org/parameters/3-840>		<http://ids.clld.org/values/3-840-232-1>		"'ḳʷat-"@cjh	
"lala"@aro	<http://ids.clld.org/values/1-280-272-3>		<http://ids.clld.org/parameters/1-280>		<http://ids.clld.org/values/1-280-232-1>		"ʔac̷'kʷˀalaxʷɬ"@cjh	
"wo"@aro	<http://ids.clld.org/values/10-380-272-1>		<http://ids.clld.org/parameters/10-380>		<http://ids.clld.org/values/10-380-232-1>		"'puxʷi-"@cjh	
"amaha"@aro	<http://ids.clld.org/values/1-430-272-1>		<http://ids.clld.org/parameters/1-430>		<http://ids.clld.org/values/1-430-232-1>		"'tɬˀəš-tɬˀaš-"@cjh	
"wele"@aro	<http://ids.clld.org/values/10-740-272-3>		<http://ids.clld.org/parameters/10-740>		<http://ids.clld.org/values/10-740-232-1>		"'tiwat-"@cjh	
"sewa"@aro	<http://ids.clld.org/values/15-650-272-1>		<http://ids.clld.org/parameters/15-650>		<http://ids.clld.org/values/15-650-232-1>		"'nəḳ-"@cjh	
"ac̷o"@aro	<http://ids.clld.org/values/4-410-272-1>		<http://ids.clld.org/parameters/4-410>		<http://ids.clld.org/values/4-410-232-1>		"c̷ˀa'mi-"@cjh	
"močačo bade"@aro	<http://ids.clld.org/values/4-730-272-1>		<http://ids.clld.org/parameters/4-730>		<http://ids.clld.org/values/4-730-232-1>		"'nəxʷ-"@cjh	
"ewi"@aro	<http://ids.clld.org/values/4-230-272-1>		<http://ids.clld.org/parameters/4-230>		<http://ids.clld.org/values/4-230-232-1>		"'məḳsin-"@cjh	
"biɲa"@aro	<http://ids.clld.org/values/3-591-272-1>		<http://ids.clld.org/parameters/3-591>		<http://ids.clld.org/values/3-591-232-1>		"wa'yəχ"@cjh	
"-hao"@aro	<http://ids.clld.org/values/12-10-272-3>		<http://ids.clld.org/parameters/12-10>		<http://ids.clld.org/values/12-10-232-1>		"'ʔaw-"@cjh	
"e-toa"@aro	<http://ids.clld.org/values/4-210-272-1>		<http://ids.clld.org/parameters/4-210>		<http://ids.clld.org/values/4-210-232-1>		"'tawˀ"@cjh	
"kʷaiɲati"@aro	<http://ids.clld.org/values/10-550-272-1>		<http://ids.clld.org/parameters/10-550>		<http://ids.clld.org/values/10-550-232-1>		"'ɬeʔ"@cjh	
"naba-i"@aro	<http://ids.clld.org/values/4-392-272-1>		<http://ids.clld.org/parameters/4-392>		<http://ids.clld.org/values/4-392-232-1>		"tɬˀə'ḳˀali-"@cjh	
"hilika"@aro	<http://ids.clld.org/values/18-560-272-1>		<http://ids.clld.org/parameters/18-560>		<http://ids.clld.org/values/18-560-232-1>		"['pipa]"@cjh	
"hec̷i"@aro	<http://ids.clld.org/values/4-351-272-3>		<http://ids.clld.org/parameters/4-351>		<http://ids.clld.org/values/4-351-232-1>		"'pˀən-"@cjh	
"ese"@aro	<http://ids.clld.org/values/4-460-272-1>		<http://ids.clld.org/parameters/4-460>		<http://ids.clld.org/values/4-460-232-1>		"'tɬˀač"@cjh	
"ese"@aro	<http://ids.clld.org/values/4-460-272-1>		<http://ids.clld.org/parameters/4-460>		<http://ids.clld.org/values/4-460-232-3>		"'kʷˀasin-"@cjh	
"ese"@aro	<http://ids.clld.org/values/4-460-272-1>		<http://ids.clld.org/parameters/4-460>		<http://ids.clld.org/values/4-460-232-5>		"'tawˀ"@cjh	
"piša"@aro	<http://ids.clld.org/values/20-250-272-3>		<http://ids.clld.org/parameters/20-250>		<http://ids.clld.org/values/20-250-232-1>		"χəl'χaʔs-"@cjh	
"c̷eiɲena"@aro	<http://ids.clld.org/values/1-320-272-1>		<http://ids.clld.org/parameters/1-320>		<http://ids.clld.org/values/1-320-232-1>		"'ḳiwal-"@cjh	
"nala"@aro	<http://ids.clld.org/values/4-280-272-1>		<http://ids.clld.org/parameters/4-280>		<http://ids.clld.org/values/4-280-232-1>		"'χətɬˀ-"@cjh	
"hilika ladaihipo"@aro	<http://ids.clld.org/values/18-610-272-1>		<http://ids.clld.org/parameters/18-610>		<http://ids.clld.org/values/18-610-232-1>		"[buk]"@cjh	
"masawe"@aro	<http://ids.clld.org/values/16-720-272-5>		<http://ids.clld.org/parameters/16-720>		<http://ids.clld.org/values/16-720-232-1>		"'χəs"@cjh	
"eowa"@aro	<http://ids.clld.org/values/1-210-272-3>		<http://ids.clld.org/parameters/1-210>		<http://ids.clld.org/values/1-210-232-1>		"tə'miš-"@cjh	
"e-bo"@aro	<http://ids.clld.org/values/4-204-272-1>		<http://ids.clld.org/parameters/4-204>		<http://ids.clld.org/values/4-204-232-1>		"'mus"@cjh	
"e-bo"@aro	<http://ids.clld.org/values/4-204-272-1>		<http://ids.clld.org/parameters/4-204>		<http://ids.clld.org/values/4-204-232-3>		"c̷m-"@cjh	
"bac̷o"@aro	<http://ids.clld.org/values/4-320-272-1>		<http://ids.clld.org/parameters/4-320>		<http://ids.clld.org/values/4-320-232-1>		"ta'nˀis-"@cjh	
"kʷedi"@aro	<http://ids.clld.org/values/4-560-272-1>		<http://ids.clld.org/parameters/4-560>		<http://ids.clld.org/values/4-560-232-3>		"'ḳāʔ"@cjh	
"kʷedi"@aro	<http://ids.clld.org/values/4-560-272-1>		<http://ids.clld.org/parameters/4-560>		<http://ids.clld.org/values/4-560-232-1>		"'təχʷs-"@cjh	
"e-hai"@aro	<http://ids.clld.org/values/7-420-272-1>		<http://ids.clld.org/parameters/7-420>		<http://ids.clld.org/values/7-420-232-1>		"c̷ə'kʷi-"@cjh	
"lokʷakʷa"@aro	<http://ids.clld.org/values/5-220-272-1>		<http://ids.clld.org/parameters/5-220>		<http://ids.clld.org/values/5-220-232-1>		"'c̷əḳ-"@cjh	
"lokʷakʷa"@aro	<http://ids.clld.org/values/5-220-272-1>		<http://ids.clld.org/parameters/5-220>		<http://ids.clld.org/values/5-220-232-3>		"'ləp-"@cjh	
"boso"@aro	<http://ids.clld.org/values/1-730-272-1>		<http://ids.clld.org/parameters/1-730>		<http://ids.clld.org/values/1-730-232-3>		"ti'pi-"@cjh	
"boso"@aro	<http://ids.clld.org/values/1-730-272-1>		<http://ids.clld.org/parameters/1-730>		<http://ids.clld.org/values/1-730-232-1>		"ɬt-"@cjh	
"apo-na bene"@aro	<http://ids.clld.org/values/14-451-272-1>		<http://ids.clld.org/parameters/14-451>		<http://ids.clld.org/values/14-451-232-1>		"ɬu'kʷaɬ"@cjh	
"be-bakʷa"@aro	<http://ids.clld.org/values/4-190-272-1>		<http://ids.clld.org/parameters/4-190>		<http://ids.clld.org/values/4-190-232-1>		"'ɬawl-"@cjh	
"a-bela-bela"@aro	<http://ids.clld.org/values/1-214-272-1>		<http://ids.clld.org/parameters/1-214>		<http://ids.clld.org/values/1-214-232-1>		"ḳˀa'χayˀ-"@cjh	
"oc̷o"@aro	<http://ids.clld.org/values/1-851-272-1>		<http://ids.clld.org/parameters/1-851>		<http://ids.clld.org/values/1-851-232-3>		"'kəw-"@cjh	
"oc̷o"@aro	<http://ids.clld.org/values/1-851-272-1>		<http://ids.clld.org/parameters/1-851>		<http://ids.clld.org/values/1-851-232-1>		"'ɬəχ-"@cjh	
"imea"@aro	<http://ids.clld.org/values/9-440-272-3>		<http://ids.clld.org/parameters/9-440>		<http://ids.clld.org/values/9-440-232-1>		"ḳˀə'laχanˀ"@cjh	
"kʷalolo"@aro	<http://ids.clld.org/values/12-820-272-1>		<http://ids.clld.org/parameters/12-820>		<http://ids.clld.org/values/12-820-232-1>		"'yəl-"@cjh	
"boho"@aro	<http://ids.clld.org/values/4-857-272-1>		<http://ids.clld.org/parameters/4-857>		<http://ids.clld.org/values/4-857-232-1>		"'təmn-"@cjh	
"ewašokʷe"@aro	<http://ids.clld.org/values/1-220-272-1>		<http://ids.clld.org/parameters/1-220>		<http://ids.clld.org/values/1-220-232-1>		"'maniči-"@cjh	
"ewašokʷe"@aro	<http://ids.clld.org/values/1-220-272-1>		<http://ids.clld.org/parameters/1-220>		<http://ids.clld.org/values/1-220-232-3>		"'məkʷˀ-"@cjh	
"hai"@aro	<http://ids.clld.org/values/4-830-272-1>		<http://ids.clld.org/parameters/4-830>		<http://ids.clld.org/values/4-830-232-1>		"'c̷ˀəp"@cjh	
"c̷imewe"@aro	<http://ids.clld.org/values/16-660-272-3>		<http://ids.clld.org/parameters/16-660>		<http://ids.clld.org/values/16-660-232-1>		"'naxʷɬ-"@cjh	
"emi"@aro	<http://ids.clld.org/values/4-400-272-1>		<http://ids.clld.org/parameters/4-400>		<http://ids.clld.org/values/4-400-232-1>		"'taχʷac̷-"@cjh	
"nai"@aro	<http://ids.clld.org/values/1-750-272-1>		<http://ids.clld.org/parameters/1-750>		<http://ids.clld.org/values/1-750-232-1>		"χa'silˀ"@cjh	
"talale"@aro	<http://ids.clld.org/values/1-280-272-1>		<http://ids.clld.org/parameters/1-280>		<http://ids.clld.org/values/1-280-232-1>		"ʔac̷'kʷˀalaxʷɬ"@cjh	
"ize"@aro	<http://ids.clld.org/values/4-740-272-1>		<http://ids.clld.org/parameters/4-740>		<http://ids.clld.org/values/4-740-232-1>		"pˀa'luxʷ"@cjh	
"ize"@aro	<http://ids.clld.org/values/4-740-272-1>		<http://ids.clld.org/parameters/4-740>		<http://ids.clld.org/values/4-740-232-3>		"'kʷaxʷ-"@cjh	
"bobo-i"@aro	<http://ids.clld.org/values/9-380-272-1>		<http://ids.clld.org/parameters/9-380>		<http://ids.clld.org/values/9-380-232-1>		"'xʷakʷa-"@cjh	
"c̷ama"@aro	<http://ids.clld.org/values/4-461-272-1>		<http://ids.clld.org/parameters/4-461>		<http://ids.clld.org/values/4-461-232-1>		"ḳˀə'yaχ-"@cjh	
"eša"@aro	<http://ids.clld.org/values/8-550-272-3>		<http://ids.clld.org/parameters/8-550>		<http://ids.clld.org/values/8-550-232-1>		"'čˀālˀaš-"@cjh	
"bata-sepe"@aro	<http://ids.clld.org/values/4-301-272-1>		<http://ids.clld.org/parameters/4-301>		<http://ids.clld.org/values/4-301-232-3>		"'čǣ"@cjh	
"bata-sepe"@aro	<http://ids.clld.org/values/4-301-272-1>		<http://ids.clld.org/parameters/4-301>		<http://ids.clld.org/values/4-301-232-1>		"'šawˀ"@cjh	
"haona"@aro	<http://ids.clld.org/values/4-151-272-1>		<http://ids.clld.org/parameters/4-151>		<http://ids.clld.org/values/4-151-232-1>		"wa'səlˀ"@cjh	
"ebai"@aro	<http://ids.clld.org/values/4-310-272-1>		<http://ids.clld.org/parameters/4-310>		<http://ids.clld.org/values/4-310-232-1>		"'čališ-"@cjh	
"piwiwineti"@aro	<http://ids.clld.org/values/1-250-272-1>		<http://ids.clld.org/parameters/1-250>		<http://ids.clld.org/values/1-250-232-1>		"tˀa'čǣʔ"@cjh	
"hababa-i"@aro	<http://ids.clld.org/values/3-920-272-1>		<http://ids.clld.org/parameters/3-920>		<http://ids.clld.org/values/3-920-232-1>		"χa'lewχalu"@cjh	
"masa-masa-iɲa"@aro	<http://ids.clld.org/values/4-890-272-1>		<http://ids.clld.org/parameters/4-890>		<http://ids.clld.org/values/4-890-232-1>		"'čini-"@cjh	
"loso"@aro	<http://ids.clld.org/values/3-817-272-3>		<http://ids.clld.org/parameters/3-817>		<http://ids.clld.org/values/3-817-232-1>		"c̷ˀ'skiyaḳ-"@cjh	
"pihono"@aro	<http://ids.clld.org/values/4-191-272-3>		<http://ids.clld.org/parameters/4-191>		<http://ids.clld.org/values/4-191-232-3>		"'šawˀ"@cjh	
"pihono"@aro	<http://ids.clld.org/values/4-191-272-3>		<http://ids.clld.org/parameters/4-191>		<http://ids.clld.org/values/4-191-232-1>		"'nəw-"@cjh	
"pihono"@aro	<http://ids.clld.org/values/4-191-272-3>		<http://ids.clld.org/parameters/4-191>		<http://ids.clld.org/values/4-191-232-5>		"χaw-"@cjh	
"c̷oi"@aro	<http://ids.clld.org/values/4-580-272-3>		<http://ids.clld.org/parameters/4-580>		<http://ids.clld.org/values/4-580-232-1>		"'tˀəkʷˀ-"@cjh	
"siča"@aro	<http://ids.clld.org/values/4-180-272-1>		<http://ids.clld.org/parameters/4-180>		<http://ids.clld.org/values/4-180-232-1>		"'sups-"@cjh	
"ezoe"@aro	<http://ids.clld.org/values/2-280-272-3>		<http://ids.clld.org/parameters/2-280>		<http://ids.clld.org/values/2-280-232-1>		"ḳʷa'ya-"@cjh	
"e-šoa"@aro	<http://ids.clld.org/values/4-200-272-1>		<http://ids.clld.org/parameters/4-200>		<http://ids.clld.org/values/4-200-232-1>		"'matin-"@cjh	
"hai-we"@aro	<http://ids.clld.org/values/4-830-272-3>		<http://ids.clld.org/parameters/4-830>		<http://ids.clld.org/values/4-830-232-1>		"'c̷ˀəp"@cjh	
"c̷ota"@aro	<http://ids.clld.org/values/9-760-272-3>		<http://ids.clld.org/parameters/9-760>		<http://ids.clld.org/values/9-760-232-1>		"'ḳāʔ"@cjh	
"c̷ope"@aro	<http://ids.clld.org/values/4-853-272-1>		<http://ids.clld.org/parameters/4-853>		<http://ids.clld.org/values/4-853-232-1>		"pu'su-"@cjh	
"padi"@aro	<http://ids.clld.org/values/4-374-272-1>		<http://ids.clld.org/parameters/4-374>		<http://ids.clld.org/values/4-374-232-1>		"'yəp-"@cjh	
"hanawa"@aro	<http://ids.clld.org/values/4-912-272-1>		<http://ids.clld.org/parameters/4-912>		<http://ids.clld.org/values/4-912-232-1>		"'naɬa-"@cjh	
"mewe-ana"@aro	<http://ids.clld.org/values/9-461-272-3>		<http://ids.clld.org/parameters/9-461>		<http://ids.clld.org/values/9-461-232-1>		"'kʷˀəlxʷ-"@cjh	
"kʷiča"@aro	<http://ids.clld.org/values/4-110-272-1>		<http://ids.clld.org/parameters/4-110>		<http://ids.clld.org/values/4-110-232-1>		"'nawa-"@cjh	
"e-amaha"@aro	<http://ids.clld.org/values/4-272-272-1>		<http://ids.clld.org/parameters/4-272>		<http://ids.clld.org/values/4-272-232-1>		"kʷˀa'ya-"@cjh	
"ize"@aro	<http://ids.clld.org/values/4-630-272-1>		<http://ids.clld.org/parameters/4-630>		<http://ids.clld.org/values/4-630-232-1>		"'pˀala-"@cjh	
"nene"@aro	<http://ids.clld.org/values/2-520-272-3>		<http://ids.clld.org/parameters/2-520>		<http://ids.clld.org/values/2-520-232-1>		"'kʷəɬuʔ-"@cjh	
"c̷odo"@aro	<http://ids.clld.org/values/4-521-272-1>		<http://ids.clld.org/parameters/4-521>		<http://ids.clld.org/values/4-521-232-1>		"'šəkʷˀiy-"@cjh	
"ba"@aro	<http://ids.clld.org/values/17-150-272-1>		<http://ids.clld.org/parameters/17-150>		<http://ids.clld.org/values/17-150-232-1>		"'c̷un"@cjh	
"tili-tili"@aro	<http://ids.clld.org/values/1-560-272-1>		<http://ids.clld.org/parameters/1-560>		<http://ids.clld.org/values/1-560-232-1>		"'tuḳʷ-"@cjh	
"bizo"@aro	<http://ids.clld.org/values/16-450-272-1>		<http://ids.clld.org/parameters/16-450>		<http://ids.clld.org/values/16-450-232-1>		"'sixʷi-"@cjh	
"kʷata"@aro	<http://ids.clld.org/values/12-20-272-5>		<http://ids.clld.org/parameters/12-20>		<http://ids.clld.org/values/12-20-232-1>		"'pˀən-"@cjh	
"papa"@aro	<http://ids.clld.org/values/4-780-272-1>		<http://ids.clld.org/parameters/4-780>		<http://ids.clld.org/values/4-780-232-1>		"'nəm-"@cjh	
"ahohi"@aro	<http://ids.clld.org/values/4-810-272-3>		<http://ids.clld.org/parameters/4-810>		<http://ids.clld.org/values/4-810-232-1>		"'c̷ˀəp"@cjh	
"kʷe-ono"@aro	<http://ids.clld.org/values/4-271-272-1>		<http://ids.clld.org/parameters/4-271>		<http://ids.clld.org/values/4-271-232-1>		"kʷa'təl-"@cjh	
"akeoli"@aro	<http://ids.clld.org/values/16-530-272-1>		<http://ids.clld.org/parameters/16-530>		<http://ids.clld.org/values/16-530-232-1>		"ḳʷa'nu-"@cjh	
"tiado"@aro	<http://ids.clld.org/values/4-281-272-1>		<http://ids.clld.org/parameters/4-281>		<http://ids.clld.org/values/4-281-232-1>		"'ʔaw-"@cjh	
"wi"@aro	<http://ids.clld.org/values/4-650-272-1>		<http://ids.clld.org/parameters/4-650>		<http://ids.clld.org/values/4-650-232-1>		"'xʷay"@cjh	
"baepa mozizi"@aro	<http://ids.clld.org/values/1-740-272-1>		<http://ids.clld.org/parameters/1-740>		<http://ids.clld.org/values/1-740-232-1>		"'pˀəɬ-"@cjh	
"emi"@aro	<http://ids.clld.org/values/4-130-272-1>		<http://ids.clld.org/parameters/4-130>		<http://ids.clld.org/values/4-130-232-1>		"'šic̷-"@cjh	
"mano"@aro	<http://ids.clld.org/values/1-360-272-3>		<http://ids.clld.org/parameters/1-360>		<http://ids.clld.org/values/1-360-232-1>		"'ḳāʔ"@cjh	
"mano"@aro	<http://ids.clld.org/values/1-360-272-3>		<http://ids.clld.org/parameters/1-360>		<http://ids.clld.org/values/1-360-232-3>		"'c̷apaš-"@cjh	
"mano"@aro	<http://ids.clld.org/values/1-360-272-3>		<http://ids.clld.org/parameters/1-360>		<http://ids.clld.org/values/1-360-232-5>		"'nəxʷ-"@cjh	
"a"@aro	<http://ids.clld.org/values/9-440-272-1>		<http://ids.clld.org/parameters/9-440>		<http://ids.clld.org/values/9-440-232-1>		"ḳˀə'laχanˀ"@cjh	
"me-bahatibo"@aro	<http://ids.clld.org/values/4-321-272-1>		<http://ids.clld.org/parameters/4-321>		<http://ids.clld.org/values/4-321-232-1>		"tˀa'las-"@cjh	
"misi"@aro	<http://ids.clld.org/values/3-620-272-1>		<http://ids.clld.org/parameters/3-620>		<http://ids.clld.org/values/3-620-232-1>		"'pišpiš"@cjh	
"biki"@aro	<http://ids.clld.org/values/6-280-272-1>		<http://ids.clld.org/parameters/6-280>		<http://ids.clld.org/values/6-280-232-1>		"tˀa'min"@cjh	
"akʷi-biki bewe"@aro	<http://ids.clld.org/values/8-750-272-1>		<http://ids.clld.org/parameters/8-750>		<http://ids.clld.org/values/8-750-232-1>		"pˀā'lan-"@cjh	
"eadai"@aro	<http://ids.clld.org/values/4-360-272-1>		<http://ids.clld.org/parameters/4-360>		<http://ids.clld.org/values/4-360-232-1>		"ta'nˀis-"@cjh	
"tomihaha"@aro	<http://ids.clld.org/values/4-371-272-1>		<http://ids.clld.org/parameters/4-371>		<http://ids.clld.org/values/4-371-232-1>		"ḳə'muχʷ-"@cjh	
"mezizo"@aro	<http://ids.clld.org/values/1-212-272-1>		<http://ids.clld.org/parameters/1-212>		<http://ids.clld.org/values/1-212-232-1>		"tə'miš-"@cjh	
"welolo"@aro	<http://ids.clld.org/values/4-550-272-1>		<http://ids.clld.org/parameters/4-550>		<http://ids.clld.org/values/4-550-232-1>		"'χʷəl-"@cjh	
"toa-bei"@aro	<http://ids.clld.org/values/4-212-272-1>		<http://ids.clld.org/parameters/4-212>		<http://ids.clld.org/values/4-212-232-1>		"'c̷um-"@cjh	
"wiǰi"@aro	<http://ids.clld.org/values/4-751-272-1>		<http://ids.clld.org/parameters/4-751>		<http://ids.clld.org/values/4-751-232-1>		"'čˀəɬ-"@cjh	
"piwiwihi"@aro	<http://ids.clld.org/values/4-858-272-1>		<http://ids.clld.org/parameters/4-858>		<http://ids.clld.org/values/4-858-232-1>		"'ɬumi-"@cjh	
"sipia"@aro	<http://ids.clld.org/values/1-370-272-1>		<http://ids.clld.org/parameters/1-370>		<http://ids.clld.org/values/1-370-232-1>		"'c̷iḳʷi-"@cjh	
"sipia"@aro	<http://ids.clld.org/values/1-370-272-1>		<http://ids.clld.org/parameters/1-370>		<http://ids.clld.org/values/1-370-232-3>		"'ḳāʔ"@cjh	
"nokʷizi"@aro	<http://ids.clld.org/values/4-312-272-1>		<http://ids.clld.org/parameters/4-312>		<http://ids.clld.org/values/4-312-232-1>		"'tɬˀəp"@cjh	
"paša"@aro	<http://ids.clld.org/values/1-230-272-3>		<http://ids.clld.org/parameters/1-230>		<http://ids.clld.org/values/1-230-232-1>		"'maḳʷam-"@cjh	
"moto"@aro	<http://ids.clld.org/values/4-464-272-3>		<http://ids.clld.org/parameters/4-464>		<http://ids.clld.org/values/4-464-232-1>		"'χʷum-"@cjh	
"bac̷o"@aro	<http://ids.clld.org/values/17-520-272-1>		<http://ids.clld.org/parameters/17-520>		<http://ids.clld.org/values/17-520-232-1>		"ḳas"@cjh	
"e-kʷe"@aro	<http://ids.clld.org/values/4-241-272-1>		<http://ids.clld.org/parameters/4-241>		<http://ids.clld.org/values/4-241-232-1>		"'ɬəkʷˀ-"@cjh	
"iza-tobo"@aro	<http://ids.clld.org/values/4-950-272-1>		<http://ids.clld.org/parameters/4-950>		<http://ids.clld.org/values/4-950-232-1>		"'təḳ-"@cjh	
"mosozata"@aro	<http://ids.clld.org/values/4-441-272-1>		<http://ids.clld.org/parameters/4-441>		<http://ids.clld.org/values/4-441-232-1>		"'pˀus-"@cjh	
"bataiyo"@aro	<http://ids.clld.org/values/4-570-272-1>		<http://ids.clld.org/parameters/4-570>		<http://ids.clld.org/values/4-570-232-1>		"ɬa'χʷa-"@cjh	
"haha"@aro	<http://ids.clld.org/values/5-710-272-1>		<http://ids.clld.org/parameters/5-710>		<http://ids.clld.org/values/5-710-232-1>		"ḳʷˀə'li-"@cjh	
"bakʷa"@aro	<http://ids.clld.org/values/2-280-272-1>		<http://ids.clld.org/parameters/2-280>		<http://ids.clld.org/values/2-280-232-1>		"ḳʷa'ya-"@cjh	
"mani"@aro	<http://ids.clld.org/values/4-464-272-1>		<http://ids.clld.org/parameters/4-464>		<http://ids.clld.org/values/4-464-232-1>		"'χʷum-"@cjh	
"e-ani-hi"@aro	<http://ids.clld.org/values/7-430-272-1>		<http://ids.clld.org/parameters/7-430>		<http://ids.clld.org/values/7-430-232-1>		"ta'wila-"@cjh	
"wisoi-ono"@aro	<http://ids.clld.org/values/4-351-272-1>		<http://ids.clld.org/parameters/4-351>		<http://ids.clld.org/values/4-351-232-1>		"'pˀən-"@cjh	
"wawa"@aro	<http://ids.clld.org/values/2-520-272-1>		<http://ids.clld.org/parameters/2-520>		<http://ids.clld.org/values/2-520-232-1>		"'kʷəɬuʔ-"@cjh	
"a-apo"@aro	<http://ids.clld.org/values/1-620-272-1>		<http://ids.clld.org/parameters/1-620>		<http://ids.clld.org/values/1-620-232-1>		"tˀa'nˀap"@cjh	
"bakʷa-piɲoli"@aro	<http://ids.clld.org/values/3-814-272-1>		<http://ids.clld.org/parameters/3-814>		<http://ids.clld.org/values/3-814-232-1>		"'ʔaxʷpˀaḳˀimɬn"@cjh	
"dohaena"@aro	<http://ids.clld.org/values/10-610-272-1>		<http://ids.clld.org/parameters/10-610>		<http://ids.clld.org/values/10-610-232-1>		"'ʔam-"@cjh	
"peho"@aro	<http://ids.clld.org/values/12-20-272-9>		<http://ids.clld.org/parameters/12-20>		<http://ids.clld.org/values/12-20-232-1>		"'pˀən-"@cjh	
"azeza"@aro	<http://ids.clld.org/values/15-570-272-3>		<http://ids.clld.org/parameters/15-570>		<http://ids.clld.org/values/15-570-232-1>		"ḳə'ləχ"@cjh	
"zaiki"@aro	<http://ids.clld.org/values/16-420-272-1>		<http://ids.clld.org/parameters/16-420>		<http://ids.clld.org/values/16-420-232-1>		"ḳə'ɬəχ"@cjh	
"timo"@aro	<http://ids.clld.org/values/1-840-272-1>		<http://ids.clld.org/parameters/1-840>		<http://ids.clld.org/values/1-840-232-1>		"ḳʷˀə'li-"@cjh	
"e-iɲa"@aro	<http://ids.clld.org/values/4-393-272-1>		<http://ids.clld.org/parameters/4-393>		<http://ids.clld.org/values/4-393-232-1>		"'tˀuḳʷ-"@cjh	
"me"@aro	<http://ids.clld.org/values/9-440-272-5>		<http://ids.clld.org/parameters/9-440>		<http://ids.clld.org/values/9-440-232-1>		"ḳˀə'laχanˀ"@cjh	
"tawi"@aro	<http://ids.clld.org/values/4-610-272-1>		<http://ids.clld.org/parameters/4-610>		<http://ids.clld.org/values/4-610-232-1>		"'mˀus-"@cjh	
"domi"@aro	<http://ids.clld.org/values/4-660-272-1>		<http://ids.clld.org/parameters/4-660>		<http://ids.clld.org/values/4-660-232-1>		"'c̷ˀəm-"@cjh	
"domi"@aro	<http://ids.clld.org/values/4-660-272-1>		<http://ids.clld.org/parameters/4-660>		<http://ids.clld.org/values/4-660-232-3>		"mə'nač-"@cjh	
"tizo"@aro	<http://ids.clld.org/values/4-540-272-1>		<http://ids.clld.org/parameters/4-540>		<http://ids.clld.org/values/4-540-232-1>		"'ʔaw-"@cjh	
"wiǰi"@aro	<http://ids.clld.org/values/5-190-272-1>		<http://ids.clld.org/parameters/5-190>		<http://ids.clld.org/values/5-190-232-3>		"'ḳəḳ-"@cjh	
"wiǰi"@aro	<http://ids.clld.org/values/5-190-272-1>		<http://ids.clld.org/parameters/5-190>		<http://ids.clld.org/values/5-190-232-1>		"'mic̷ˀi-"@cjh	
"babataso"@aro	<http://ids.clld.org/values/12-340-272-1>		<http://ids.clld.org/parameters/12-340>		<http://ids.clld.org/values/12-340-232-1>		"'nuw-"@cjh	
"toa-kʷekʷe biki"@aro	<http://ids.clld.org/values/4-213-272-1>		<http://ids.clld.org/parameters/4-213>		<http://ids.clld.org/values/4-213-232-1>		"'šic̷-"@cjh	
"tadada"@aro	<http://ids.clld.org/values/2-250-272-1>		<http://ids.clld.org/parameters/2-250>		<http://ids.clld.org/values/2-250-232-1>		"ɬt-"@cjh	
"a-oli"@aro	<http://ids.clld.org/values/4-920-272-1>		<http://ids.clld.org/parameters/4-920>		<http://ids.clld.org/values/4-920-232-1>		"'c̷uχʷum-"@cjh	
"apac̷e"@aro	<http://ids.clld.org/values/15-370-272-1>		<http://ids.clld.org/parameters/15-370>		<http://ids.clld.org/values/15-370-232-1>		"'tɬˀəɬ"@cjh	
"e-iza-ha"@aro	<http://ids.clld.org/values/4-220-272-1>		<http://ids.clld.org/parameters/4-220>		<http://ids.clld.org/values/4-220-232-1>		"ḳʷˀal-"@cjh	
"haiǰa-owe"@aro	<http://ids.clld.org/values/4-720-272-1>		<http://ids.clld.org/parameters/4-720>		<http://ids.clld.org/values/4-720-232-1>		"'manˀ"@cjh	
"-isi"@aro	<http://ids.clld.org/values/16-720-272-1>		<http://ids.clld.org/parameters/16-720>		<http://ids.clld.org/values/16-720-232-1>		"'χəs"@cjh	
"noi"@aro	<http://ids.clld.org/values/9-260-272-3>		<http://ids.clld.org/parameters/9-260>		<http://ids.clld.org/values/9-260-232-1>		"'χətɬˀ-"@cjh	
"popa"@aro	<http://ids.clld.org/values/1-570-272-1>		<http://ids.clld.org/parameters/1-570>		<http://ids.clld.org/values/1-570-232-1>		"'ḳʷat-"@cjh	
"šili"@aro	<http://ids.clld.org/values/16-720-272-3>		<http://ids.clld.org/parameters/16-720>		<http://ids.clld.org/values/16-720-232-1>		"'χəs"@cjh	
"wede wede"@aro	<http://ids.clld.org/values/10-451-272-1>		<http://ids.clld.org/parameters/10-451>		<http://ids.clld.org/values/10-451-232-1>		"'tɬˀiḳˀʷ-"@cjh	
"doc̷oa-ti"@aro	<http://ids.clld.org/values/10-210-272-3>		<http://ids.clld.org/parameters/10-210>		<http://ids.clld.org/values/10-210-232-1>		"'xʷətˀi-"@cjh	
"bata"@aro	<http://ids.clld.org/values/4-300-272-1>		<http://ids.clld.org/parameters/4-300>		<http://ids.clld.org/values/4-300-232-1>		"'tˀəčˀ-"@cjh	
"biša"@aro	<http://ids.clld.org/values/12-20-272-1>		<http://ids.clld.org/parameters/12-20>		<http://ids.clld.org/values/12-20-232-1>		"'pˀən-"@cjh	
"ewa"@aro	<http://ids.clld.org/values/1-100-272-1>		<http://ids.clld.org/parameters/1-100>		<http://ids.clld.org/values/1-100-232-1>		"tə'miš-"@cjh	
"wede wede"@aro	<http://ids.clld.org/values/4-940-272-1>		<http://ids.clld.org/parameters/4-940>		<http://ids.clld.org/values/4-940-232-1>		"'ḳˀāχi-"@cjh	
"wac̷i"@aro	<http://ids.clld.org/values/4-370-272-1>		<http://ids.clld.org/parameters/4-370>		<http://ids.clld.org/values/4-370-232-3>		"'tawˀ"@cjh	
"wac̷i"@aro	<http://ids.clld.org/values/4-370-272-1>		<http://ids.clld.org/parameters/4-370>		<http://ids.clld.org/values/4-370-232-1>		"'c̷ulis-"@cjh	
"eodi"@aro	<http://ids.clld.org/values/4-930-272-1>		<http://ids.clld.org/parameters/4-930>		<http://ids.clld.org/values/4-930-232-1>		"'ɬuḳʷˀ-"@cjh	
"pilika"@aro	<http://ids.clld.org/values/1-222-272-1>		<http://ids.clld.org/parameters/1-222>		<http://ids.clld.org/values/1-222-232-1>		"sa'ḳˀilalḳʷˀt"@cjh	
"me-šokʷe"@aro	<http://ids.clld.org/values/4-342-272-1>		<http://ids.clld.org/parameters/4-342>		<http://ids.clld.org/values/4-342-232-1>		"šɬč'tunway-"@cjh	
"oc̷o-a"@aro	<http://ids.clld.org/values/1-851-272-3>		<http://ids.clld.org/parameters/1-851>		<http://ids.clld.org/values/1-851-232-3>		"'kəw-"@cjh	
"oc̷o-a"@aro	<http://ids.clld.org/values/1-851-272-3>		<http://ids.clld.org/parameters/1-851>		<http://ids.clld.org/values/1-851-232-1>		"'ɬəχ-"@cjh	
"ewa"@aro	<http://ids.clld.org/values/1-210-272-1>		<http://ids.clld.org/parameters/1-210>		<http://ids.clld.org/values/1-210-232-1>		"tə'miš-"@cjh	
"abeise"@aro	<http://ids.clld.org/values/4-810-272-1>		<http://ids.clld.org/parameters/4-810>		<http://ids.clld.org/values/4-810-232-1>		"'c̷ˀəp"@cjh	
"aweo"@aro	<http://ids.clld.org/values/1-820-272-1>		<http://ids.clld.org/parameters/1-820>		<http://ids.clld.org/values/1-820-232-1>		"'kəw-"@cjh	
"hememe-i"@aro	<http://ids.clld.org/values/4-460-272-3>		<http://ids.clld.org/parameters/4-460>		<http://ids.clld.org/values/4-460-232-1>		"'tɬˀač"@cjh	
"hememe-i"@aro	<http://ids.clld.org/values/4-460-272-3>		<http://ids.clld.org/parameters/4-460>		<http://ids.clld.org/values/4-460-232-3>		"'kʷˀasin-"@cjh	
"hememe-i"@aro	<http://ids.clld.org/values/4-460-272-3>		<http://ids.clld.org/parameters/4-460>		<http://ids.clld.org/values/4-460-232-5>		"'tawˀ"@cjh	
"liati"@aro	<http://ids.clld.org/values/4-680-272-1>		<http://ids.clld.org/parameters/4-680>		<http://ids.clld.org/values/4-680-232-1>		"'čˀən-"@cjh	
"wizi"@aro	<http://ids.clld.org/values/4-232-272-1>		<http://ids.clld.org/parameters/4-232>		<http://ids.clld.org/values/4-232-232-1>		"'tˀəp-"@cjh	
"tipae"@aro	<http://ids.clld.org/values/12-30-272-3>		<http://ids.clld.org/parameters/12-30>		<http://ids.clld.org/values/12-30-232-1>		"'ɬa-"@cjh	
"mawa"@aro	<http://ids.clld.org/values/12-80-272-3>		<http://ids.clld.org/parameters/12-80>		<http://ids.clld.org/values/12-80-232-1>		"'tɬˀukʷˀ"@cjh	
"aheni"@aro	<http://ids.clld.org/values/16-530-272-3>		<http://ids.clld.org/parameters/16-530>		<http://ids.clld.org/values/16-530-232-1>		"ḳʷa'nu-"@cjh	
"beni"@aro	<http://ids.clld.org/values/1-720-272-1>		<http://ids.clld.org/parameters/1-720>		<http://ids.clld.org/values/1-720-232-1>		"'ɬəčiyaḳ-"@cjh	
"abalimi"@aro	<http://ids.clld.org/values/16-810-272-1>		<http://ids.clld.org/parameters/16-810>		<http://ids.clld.org/values/16-810-232-1>		"'ʔəy"@cjh	
"šašo-kʷe"@aro	<http://ids.clld.org/values/1-360-272-1>		<http://ids.clld.org/parameters/1-360>		<http://ids.clld.org/values/1-360-232-1>		"'ḳāʔ"@cjh	
"šašo-kʷe"@aro	<http://ids.clld.org/values/1-360-272-1>		<http://ids.clld.org/parameters/1-360>		<http://ids.clld.org/values/1-360-232-3>		"'c̷apaš-"@cjh	
"šašo-kʷe"@aro	<http://ids.clld.org/values/1-360-272-1>		<http://ids.clld.org/parameters/1-360>		<http://ids.clld.org/values/1-360-232-5>		"'nəxʷ-"@cjh	
"ec̷iawe"@aro	<http://ids.clld.org/values/14-451-272-3>		<http://ids.clld.org/parameters/14-451>		<http://ids.clld.org/values/14-451-232-1>		"ɬu'kʷaɬ"@cjh	
"e-ana"@aro	<http://ids.clld.org/values/4-260-272-1>		<http://ids.clld.org/parameters/4-260>		<http://ids.clld.org/values/4-260-232-1>		"'tixʷc̷aɬ-"@cjh	
"a-ize"@aro	<http://ids.clld.org/values/3-820-272-1>		<http://ids.clld.org/parameters/3-820>		<http://ids.clld.org/values/3-820-232-1>		"ḳʷa'təm-"@cjh	
"akʷi"@aro	<http://ids.clld.org/values/1-420-272-1>		<http://ids.clld.org/parameters/1-420>		<http://ids.clld.org/values/1-420-232-1>		"'tɬˀəš-tɬˀaš-"@cjh	
"loleti"@aro	<http://ids.clld.org/values/4-670-272-1>		<http://ids.clld.org/parameters/4-670>		<http://ids.clld.org/values/4-670-232-3>		"'yōmi-"@cjh	
"loleti"@aro	<http://ids.clld.org/values/4-670-272-1>		<http://ids.clld.org/parameters/4-670>		<http://ids.clld.org/values/4-670-232-1>		"c̷a'kʷu-"@cjh	
"lao"@aro	<http://ids.clld.org/values/4-580-272-1>		<http://ids.clld.org/parameters/4-580>		<http://ids.clld.org/values/4-580-232-1>		"'tˀəkʷˀ-"@cjh	
"eha"@aro	<http://ids.clld.org/values/4-490-272-1>		<http://ids.clld.org/parameters/4-490>		<http://ids.clld.org/values/4-490-232-1>		"'mačini-"@cjh	
"zawi"@aro	<http://ids.clld.org/values/4-207-272-1>		<http://ids.clld.org/parameters/4-207>		<http://ids.clld.org/values/4-207-232-1>		"'ḳəl-"@cjh	
"hoto"@aro	<http://ids.clld.org/values/3-840-272-1>		<http://ids.clld.org/parameters/3-840>		<http://ids.clld.org/values/3-840-232-1>		"'ḳʷat-"@cjh	
"ziki"@aro	<http://ids.clld.org/values/9-760-272-5>		<http://ids.clld.org/parameters/9-760>		<http://ids.clld.org/values/9-760-232-1>		"'ḳāʔ"@cjh	
"bai"@aro	<http://ids.clld.org/values/1-330-272-1>		<http://ids.clld.org/parameters/1-330>		<http://ids.clld.org/values/1-330-232-1>		"'c̷alaʔɬ-"@cjh	
"neti"@aro	<http://ids.clld.org/values/4-740-272-3>		<http://ids.clld.org/parameters/4-740>		<http://ids.clld.org/values/4-740-232-1>		"pˀa'luxʷ"@cjh	
"neti"@aro	<http://ids.clld.org/values/4-740-272-3>		<http://ids.clld.org/parameters/4-740>		<http://ids.clld.org/values/4-740-232-3>		"'kʷaxʷ-"@cjh	
"heti"@aro	<http://ids.clld.org/values/10-620-272-1>		<http://ids.clld.org/parameters/10-620>		<http://ids.clld.org/values/10-620-232-1>		"'tˀul-"@cjh	
"toa-na"@aro	<http://ids.clld.org/values/16-380-272-1>		<http://ids.clld.org/parameters/16-380>		<http://ids.clld.org/values/16-380-232-1>		"'ḳāʔ"@cjh	
"be-sese"@aro	<http://ids.clld.org/values/4-190-272-3>		<http://ids.clld.org/parameters/4-190>		<http://ids.clld.org/values/4-190-232-1>		"'ɬawl-"@cjh	
"e-me"@aro	<http://ids.clld.org/values/4-330-272-1>		<http://ids.clld.org/parameters/4-330>		<http://ids.clld.org/values/4-330-232-1>		"'čališ-"@cjh	
"kʷaba"@aro	<http://ids.clld.org/values/9-760-272-1>		<http://ids.clld.org/parameters/9-760>		<http://ids.clld.org/values/9-760-232-1>		"'ḳāʔ"@cjh	
"badi"@aro	<http://ids.clld.org/values/1-530-272-1>		<http://ids.clld.org/parameters/1-530>		<http://ids.clld.org/values/1-530-232-1>		"ɬu'kʷaɬ"@cjh	
"kʷac̷a"@aro	<http://ids.clld.org/values/4-240-272-1>		<http://ids.clld.org/parameters/4-240>		<http://ids.clld.org/values/4-240-232-1>		"ḳə'nuš-"@cjh	
"bi-kʷae-baha"@aro	<http://ids.clld.org/values/18-310-272-1>		<http://ids.clld.org/parameters/18-310>		<http://ids.clld.org/values/18-310-232-1>		"'sawla-"@cjh	
"doboso"@aro	<http://ids.clld.org/values/4-203-272-1>		<http://ids.clld.org/parameters/4-203>		<http://ids.clld.org/values/4-203-232-1>		"tɬˀa'laš"@cjh	
"doboso"@aro	<http://ids.clld.org/values/4-203-272-1>		<http://ids.clld.org/parameters/4-203>		<http://ids.clld.org/values/4-203-232-3>		"'yəc̷ḳ-"@cjh	
