"'bakʷa"@aro	<http://ids.clld.org/values/2-270-272-1>		<http://ids.clld.org/parameters/2-270>		<http://ids.clld.org/values/2-270-264-1>		"whene ~ wɨhene"@cuj	
"šoa-iɲa"@aro	<http://ids.clld.org/values/4-140-272-1>		<http://ids.clld.org/parameters/4-140>		<http://ids.clld.org/values/4-140-264-1>		"xiwɨ-c̷a"@cuj	
"haha-haha"@aro	<http://ids.clld.org/values/12-810-272-3>		<http://ids.clld.org/parameters/12-810>		<http://ids.clld.org/values/12-810-264-1>		"po-pro-ľo-ľɨ"@cuj	
"wawa"@aro	<http://ids.clld.org/values/2-540-272-1>		<http://ids.clld.org/parameters/2-540>		<http://ids.clld.org/values/2-540-264-1>		"paľikľero"@cuj	
"lepe"@aro	<http://ids.clld.org/values/10-380-272-3>		<http://ids.clld.org/parameters/10-380>		<http://ids.clld.org/values/10-380-264-1>		"haxpoka"@cuj	
"hana-miki"@aro	<http://ids.clld.org/values/4-510-272-1>		<http://ids.clld.org/parameters/4-510>		<http://ids.clld.org/values/4-510-264-3>		"nˑiphya"@cuj	
"hana-miki"@aro	<http://ids.clld.org/values/4-510-272-1>		<http://ids.clld.org/parameters/4-510>		<http://ids.clld.org/values/4-510-264-1>		"hinˑiphya"@cuj	
"c̷a-i"@aro	<http://ids.clld.org/values/3-930-272-1>		<http://ids.clld.org/parameters/3-930>		<http://ids.clld.org/values/3-930-264-1>		"c̷ec̷e"@cuj	
"kʷa-ti"@aro	<http://ids.clld.org/values/1-810-272-1>		<http://ids.clld.org/parameters/1-810>		<http://ids.clld.org/values/1-810-264-1>		"yošika"@cuj	
"e-c̷oi"@aro	<http://ids.clld.org/values/18-110-272-1>		<http://ids.clld.org/parameters/18-110>		<http://ids.clld.org/values/18-110-264-1>		"pľaxi"@cuj	
"mahi"@aro	<http://ids.clld.org/values/9-730-272-3>		<http://ids.clld.org/parameters/9-730>		<http://ids.clld.org/values/9-730-264-1>		"tawna"@cuj	
"mahi"@aro	<http://ids.clld.org/values/9-730-272-3>		<http://ids.clld.org/parameters/9-730>		<http://ids.clld.org/values/9-730-264-3>		"taši"@cuj	
"e-tae"@aro	<http://ids.clld.org/values/7-120-272-1>		<http://ids.clld.org/parameters/7-120>		<http://ids.clld.org/values/7-120-264-3>		"pxi"@cuj	
"e-tae"@aro	<http://ids.clld.org/values/7-120-272-1>		<http://ids.clld.org/parameters/7-120>		<http://ids.clld.org/values/7-120-264-1>		"panči"@cuj	
"bani"@aro	<http://ids.clld.org/values/18-280-272-1>		<http://ids.clld.org/parameters/18-280>		<http://ids.clld.org/values/18-280-264-1>		"hi-waka"@cuj	
"kʷipac̷io"@aro	<http://ids.clld.org/values/17-650-272-1>		<http://ids.clld.org/parameters/17-650>		<http://ids.clld.org/values/17-650-264-1>		"hikľɨ"@cuj	
"a"@aro	<http://ids.clld.org/values/9-110-272-1>		<http://ids.clld.org/parameters/9-110>		<http://ids.clld.org/values/9-110-264-1>		"kam-rɨ-ta"@cuj	
"hohe"@aro	<http://ids.clld.org/values/3-570-272-1>		<http://ids.clld.org/parameters/3-570>		<http://ids.clld.org/values/3-570-264-1>		"hopši"@cuj	
"me"@aro	<http://ids.clld.org/values/9-110-272-5>		<http://ids.clld.org/parameters/9-110>		<http://ids.clld.org/values/9-110-264-1>		"kam-rɨ-ta"@cuj	
"me-ac̷a"@aro	<http://ids.clld.org/values/4-340-272-1>		<http://ids.clld.org/parameters/4-340>		<http://ids.clld.org/values/4-340-264-1>		"myoxi"@cuj	
"madaha"@aro	<http://ids.clld.org/values/4-360-272-3>		<http://ids.clld.org/parameters/4-360>		<http://ids.clld.org/values/4-360-264-1>		"soxi"@cuj	
"kʷipa"@aro	<http://ids.clld.org/values/17-640-272-3>		<http://ids.clld.org/parameters/17-640>		<http://ids.clld.org/values/17-640-264-1>		"kľa"@cuj	
"kʷipa"@aro	<http://ids.clld.org/values/17-640-272-3>		<http://ids.clld.org/parameters/17-640>		<http://ids.clld.org/values/17-640-264-3>		"kľɨ"@cuj	
"lema"@aro	<http://ids.clld.org/values/9-280-272-3>		<http://ids.clld.org/parameters/9-280>		<http://ids.clld.org/values/9-280-264-1>		"kteha"@cuj	
"ani-c̷oa"@aro	<http://ids.clld.org/values/10-210-272-1>		<http://ids.clld.org/parameters/10-210>		<http://ids.clld.org/values/10-210-264-1>		"hitʸenowna"@cuj	
"hapo-i"@aro	<http://ids.clld.org/values/3-920-272-3>		<http://ids.clld.org/parameters/3-920>		<http://ids.clld.org/values/3-920-264-1>		"katato"@cuj	
"lokʷakʷa"@aro	<http://ids.clld.org/values/4-856-272-1>		<http://ids.clld.org/parameters/4-856>		<http://ids.clld.org/values/4-856-264-1>		"yma"@cuj	
"nawi"@aro	<http://ids.clld.org/values/4-690-272-1>		<http://ids.clld.org/parameters/4-690>		<http://ids.clld.org/values/4-690-264-1>		"kata"@cuj	
"nawi"@aro	<http://ids.clld.org/values/4-690-272-1>		<http://ids.clld.org/parameters/4-690>		<http://ids.clld.org/values/4-690-264-3>		"kawa"@cuj	
"mozizi-bade"@aro	<http://ids.clld.org/values/1-730-272-3>		<http://ids.clld.org/parameters/1-730>		<http://ids.clld.org/values/1-730-264-1>		"kyačhapererɨmko"@cuj	
"akʷi-iɲa"@aro	<http://ids.clld.org/values/8-560-272-1>		<http://ids.clld.org/parameters/8-560>		<http://ids.clld.org/values/8-560-264-1>		"sɨre"@cuj	
"aise"@aro	<http://ids.clld.org/values/17-670-272-3>		<http://ids.clld.org/parameters/17-670>		<http://ids.clld.org/values/17-670-264-1>		"hirɨ"@cuj	
"lihi-we"@aro	<http://ids.clld.org/values/13-230-272-1>		<http://ids.clld.org/parameters/13-230>		<http://ids.clld.org/values/13-230-264-1>		"psoxi"@cuj	
"dali"@aro	<http://ids.clld.org/values/17-172-272-3>		<http://ids.clld.org/parameters/17-172>		<http://ids.clld.org/values/17-172-264-1>		"yima"@cuj	
"e-c̷e"@aro	<http://ids.clld.org/values/4-270-272-1>		<http://ids.clld.org/parameters/4-270>		<http://ids.clld.org/values/4-270-264-1>		"yhi"@cuj	
"ode"@aro	<http://ids.clld.org/values/1-610-272-1>		<http://ids.clld.org/parameters/1-610>		<http://ids.clld.org/values/1-610-264-1>		"po-kamľa-ľɨ"@cuj	
"ami"@aro	<http://ids.clld.org/values/4-150-272-1>		<http://ids.clld.org/parameters/4-150>		<http://ids.clld.org/values/4-150-264-1>		"-hra-ha"@cuj	
"pololoa"@aro	<http://ids.clld.org/values/4-855-272-1>		<http://ids.clld.org/parameters/4-855>		<http://ids.clld.org/values/4-855-264-1>		"xitho"@cuj	
"pololoa"@aro	<http://ids.clld.org/values/4-855-272-1>		<http://ids.clld.org/parameters/4-855>		<http://ids.clld.org/values/4-855-264-3>		"ximľewata"@cuj	
"homa"@aro	<http://ids.clld.org/values/2-930-272-5>		<http://ids.clld.org/parameters/2-930>		<http://ids.clld.org/values/2-930-264-1>		"waľe"@cuj	
"homa"@aro	<http://ids.clld.org/values/2-930-272-5>		<http://ids.clld.org/parameters/2-930>		<http://ids.clld.org/values/2-930-264-3>		"waľa"@cuj	
"bado"@aro	<http://ids.clld.org/values/9-190-272-1>		<http://ids.clld.org/parameters/9-190>		<http://ids.clld.org/values/9-190-264-1>		"c̷a"@cuj	
"banakʷa"@aro	<http://ids.clld.org/values/3-960-272-1>		<http://ids.clld.org/parameters/3-960>		<http://ids.clld.org/values/3-960-264-1>		"xpiro"@cuj	
"waezakʷa"@aro	<http://ids.clld.org/values/2-251-272-1>		<http://ids.clld.org/parameters/2-251>		<http://ids.clld.org/values/2-251-264-1>		"makľɨxi"@cuj	
"da"@aro	<http://ids.clld.org/values/16-710-272-3>		<http://ids.clld.org/parameters/16-710>		<http://ids.clld.org/values/16-710-264-1>		"kihľe"@cuj	
"kʷesa"@aro	<http://ids.clld.org/values/4-142-272-1>		<http://ids.clld.org/parameters/4-142>		<http://ids.clld.org/values/4-142-264-1>		"šapto"@cuj	
"oc̷e"@aro	<http://ids.clld.org/values/2-490-272-1>		<http://ids.clld.org/parameters/2-490>		<http://ids.clld.org/values/2-490-264-1>		"mekahyi"@cuj	
"c̷ihi"@aro	<http://ids.clld.org/values/4-858-272-3>		<http://ids.clld.org/parameters/4-858>		<http://ids.clld.org/values/4-858-264-1>		"pčo"@cuj	
"c̷ihi"@aro	<http://ids.clld.org/values/4-858-272-3>		<http://ids.clld.org/parameters/4-858>		<http://ids.clld.org/values/4-858-264-3>		"pčo-ľe"@cuj	
"ahi"@aro	<http://ids.clld.org/values/3-815-272-1>		<http://ids.clld.org/parameters/3-815>		<http://ids.clld.org/values/3-815-264-1>		"hekľo"@cuj	
"isawa"@aro	<http://ids.clld.org/values/22-350-272-1>		<http://ids.clld.org/parameters/22-350>		<http://ids.clld.org/values/22-350-264-1>		"kam-či"@cuj	
"toa-kʷekʷe iɲa"@aro	<http://ids.clld.org/values/4-214-272-1>		<http://ids.clld.org/parameters/4-214>		<http://ids.clld.org/values/4-214-264-1>		"šapta-ha"@cuj	
"pehihi"@aro	<http://ids.clld.org/values/3-831-272-3>		<http://ids.clld.org/parameters/3-831>		<http://ids.clld.org/values/3-831-264-1>		"hačikata"@cuj	
"azeza"@aro	<http://ids.clld.org/values/15-670-272-1>		<http://ids.clld.org/parameters/15-670>		<http://ids.clld.org/values/15-670-264-1>		"poľe"@cuj	
"pawe-oha"@aro	<http://ids.clld.org/values/16-820-272-1>		<http://ids.clld.org/parameters/16-820>		<http://ids.clld.org/values/16-820-264-1>		"hiktɨ"@cuj	
"esi"@aro	<http://ids.clld.org/values/2-461-272-1>		<http://ids.clld.org/parameters/2-461>		<http://ids.clld.org/values/2-461-264-1>		"kapokotɨ"@cuj	
"iše"@aro	<http://ids.clld.org/values/4-760-272-1>		<http://ids.clld.org/parameters/4-760>		<http://ids.clld.org/values/4-760-264-3>		"kama-ka-ta"@cuj	
"iše"@aro	<http://ids.clld.org/values/4-760-272-1>		<http://ids.clld.org/parameters/4-760>		<http://ids.clld.org/values/4-760-264-1>		"hiyľata"@cuj	
"kʷala"@aro	<http://ids.clld.org/values/2-360-272-1>		<http://ids.clld.org/parameters/2-360>		<http://ids.clld.org/values/2-360-264-3>		"hin-ro"@cuj	
"kʷala"@aro	<http://ids.clld.org/values/2-360-272-1>		<http://ids.clld.org/parameters/2-360>		<http://ids.clld.org/values/2-360-264-1>		"nato"@cuj	
"wapehe"@aro	<http://ids.clld.org/values/6-240-272-1>		<http://ids.clld.org/parameters/6-240>		<http://ids.clld.org/values/6-240-264-1>		"waphɨ"@cuj	
"ehi"@aro	<http://ids.clld.org/values/8-750-272-3>		<http://ids.clld.org/parameters/8-750>		<http://ids.clld.org/values/8-750-264-1>		"mta"@cuj	
"ehi"@aro	<http://ids.clld.org/values/8-750-272-3>		<http://ids.clld.org/parameters/8-750>		<http://ids.clld.org/values/8-750-264-3>		"pata"@cuj	
"lekʷekʷe-a"@aro	<http://ids.clld.org/values/9-330-272-1>		<http://ids.clld.org/parameters/9-330>		<http://ids.clld.org/values/9-330-264-1>		"kose-ta"@cuj	
"haizikihae"@aro	<http://ids.clld.org/values/5-150-272-1>		<http://ids.clld.org/parameters/5-150>		<http://ids.clld.org/values/5-150-264-1>		"honunˑahatewata"@cuj	
"ebeiye"@aro	<http://ids.clld.org/values/12-353-272-1>		<http://ids.clld.org/parameters/12-353>		<http://ids.clld.org/values/12-353-264-1>		"spɨ ~ špɨ"@cuj	
"mi-ǰa-ha"@aro	<http://ids.clld.org/values/2-920-272-5>		<http://ids.clld.org/parameters/2-920>		<http://ids.clld.org/values/2-920-264-3>		"p-"@cuj	
"mi-ǰa-ha"@aro	<http://ids.clld.org/values/2-920-272-5>		<http://ids.clld.org/parameters/2-920>		<http://ids.clld.org/values/2-920-264-5>		"pɨ-"@cuj	
"mi-ǰa-ha"@aro	<http://ids.clld.org/values/2-920-272-5>		<http://ids.clld.org/parameters/2-920>		<http://ids.clld.org/values/2-920-264-1>		"pitʸa"@cuj	
"c̷ekʷe"@aro	<http://ids.clld.org/values/7-150-272-1>		<http://ids.clld.org/parameters/7-150>		<http://ids.clld.org/values/7-150-264-1>		"pɨtɨ"@cuj	
"eowi"@aro	<http://ids.clld.org/values/1-310-272-3>		<http://ids.clld.org/parameters/1-310>		<http://ids.clld.org/values/1-310-264-1>		"ha"@cuj	
"eowi"@aro	<http://ids.clld.org/values/1-310-272-3>		<http://ids.clld.org/parameters/1-310>		<http://ids.clld.org/values/1-310-264-3>		"honɨ"@cuj	
"ba-mewe"@aro	<http://ids.clld.org/values/17-170-272-3>		<http://ids.clld.org/parameters/17-170>		<http://ids.clld.org/values/17-170-264-1>		"himata"@cuj	
"ba'kʷa"@aro	<http://ids.clld.org/values/3-850-272-1>		<http://ids.clld.org/parameters/3-850>		<http://ids.clld.org/values/3-850-264-3>		"pi"@cuj	
"ba'kʷa"@aro	<http://ids.clld.org/values/3-850-272-1>		<http://ids.clld.org/parameters/3-850>		<http://ids.clld.org/values/3-850-264-1>		"himnɨ"@cuj	
"neda"@aro	<http://ids.clld.org/values/4-840-272-1>		<http://ids.clld.org/parameters/4-840>		<http://ids.clld.org/values/4-840-264-1>		"kapo-haľɨ"@cuj	
"neda"@aro	<http://ids.clld.org/values/4-840-272-1>		<http://ids.clld.org/parameters/4-840>		<http://ids.clld.org/values/4-840-264-3>		"poha"@cuj	
"eti"@aro	<http://ids.clld.org/values/4-492-272-1>		<http://ids.clld.org/parameters/4-492>		<http://ids.clld.org/values/4-492-264-1>		"ksɨ"@cuj	
"eti"@aro	<http://ids.clld.org/values/4-492-272-1>		<http://ids.clld.org/parameters/4-492>		<http://ids.clld.org/values/4-492-264-3>		"sme"@cuj	
"šoatai"@aro	<http://ids.clld.org/values/3-586-272-3>		<http://ids.clld.org/parameters/3-586>		<http://ids.clld.org/values/3-586-264-1>		"may-ľɨ"@cuj	
"a-c̷ikʷi-c̷ikʷi"@aro	<http://ids.clld.org/values/15-890-272-1>		<http://ids.clld.org/parameters/15-890>		<http://ids.clld.org/values/15-890-264-1>		"kačiyo"@cuj	
"mama"@aro	<http://ids.clld.org/values/2-320-272-3>		<http://ids.clld.org/parameters/2-320>		<http://ids.clld.org/values/2-320-264-1>		"hanɨnro ~ hnɨnro"@cuj	
"apoakata"@aro	<http://ids.clld.org/values/4-860-272-1>		<http://ids.clld.org/parameters/4-860>		<http://ids.clld.org/values/4-860-264-1>		"hic̷kaľaka"@cuj	
"todi"@aro	<http://ids.clld.org/values/2-410-272-3>		<http://ids.clld.org/parameters/2-410>		<http://ids.clld.org/values/2-410-264-1>		"tɨrɨ ~ hitɨrɨ"@cuj	
"šalada"@aro	<http://ids.clld.org/values/1-640-272-1>		<http://ids.clld.org/parameters/1-640>		<http://ids.clld.org/values/1-640-264-1>		"yatsɨnɨ"@cuj	
"popo"@aro	<http://ids.clld.org/values/3-596-272-1>		<http://ids.clld.org/parameters/3-596>		<http://ids.clld.org/values/3-596-264-3>		"mosa"@cuj	
"popo"@aro	<http://ids.clld.org/values/3-596-272-1>		<http://ids.clld.org/parameters/3-596>		<http://ids.clld.org/values/3-596-264-1>		"hnono"@cuj	
"bakʷa"@aro	<http://ids.clld.org/values/2-420-272-3>		<http://ids.clld.org/parameters/2-420>		<http://ids.clld.org/values/2-420-264-1>		"šičo ~ nšičo"@cuj	
"zeti šama"@aro	<http://ids.clld.org/values/1-630-272-1>		<http://ids.clld.org/parameters/1-630>		<http://ids.clld.org/values/1-630-264-1>		"mayawľɨ"@cuj	
"zeti šama"@aro	<http://ids.clld.org/values/1-630-272-1>		<http://ids.clld.org/parameters/1-630>		<http://ids.clld.org/values/1-630-264-3>		"čikľe"@cuj	
"kimiša"@aro	<http://ids.clld.org/values/13-30-272-1>		<http://ids.clld.org/parameters/13-30>		<http://ids.clld.org/values/13-30-264-1>		"mapa"@cuj	
"eiye"@aro	<http://ids.clld.org/values/1-410-272-1>		<http://ids.clld.org/parameters/1-410>		<http://ids.clld.org/values/1-410-264-1>		"hoša"@cuj	
"c̷io"@aro	<http://ids.clld.org/values/17-650-272-5>		<http://ids.clld.org/parameters/17-650>		<http://ids.clld.org/values/17-650-264-1>		"hikľɨ"@cuj	
"ma"@aro	<http://ids.clld.org/values/17-560-272-1>		<http://ids.clld.org/parameters/17-560>		<http://ids.clld.org/values/17-560-264-3>		"hike"@cuj	
"ma"@aro	<http://ids.clld.org/values/17-560-272-1>		<http://ids.clld.org/parameters/17-560>		<http://ids.clld.org/values/17-560-264-1>		"hi"@cuj	
"bakʷe-dea"@aro	<http://ids.clld.org/values/2-410-272-1>		<http://ids.clld.org/parameters/2-410>		<http://ids.clld.org/values/2-410-264-1>		"tɨrɨ ~ hitɨrɨ"@cuj	
"nime-(h)ono"@aro	<http://ids.clld.org/values/17-110-272-1>		<http://ids.clld.org/parameters/17-110>		<http://ids.clld.org/values/17-110-264-1>		"nšinikanɨ"@cuj	
"šopili"@aro	<http://ids.clld.org/values/6-360-272-1>		<http://ids.clld.org/parameters/6-360>		<http://ids.clld.org/values/6-360-264-1>		"c̷apɨ"@cuj	
"awe mawe"@aro	<http://ids.clld.org/values/2-760-272-1>		<http://ids.clld.org/parameters/2-760>		<http://ids.clld.org/values/2-760-264-1>		"hipnahnɨrɨtačro"@cuj	
"silo"@aro	<http://ids.clld.org/values/5-460-272-1>		<http://ids.clld.org/parameters/5-460>		<http://ids.clld.org/values/5-460-264-1>		"pata"@cuj	
"ihi"@aro	<http://ids.clld.org/values/9-160-272-1>		<http://ids.clld.org/parameters/9-160>		<http://ids.clld.org/values/9-160-264-1>		"hišrika"@cuj	
"dana"@aro	<http://ids.clld.org/values/4-170-272-1>		<http://ids.clld.org/parameters/4-170>		<http://ids.clld.org/values/4-170-264-1>		"hwa"@cuj	
"mala"@aro	<http://ids.clld.org/values/14-730-272-1>		<http://ids.clld.org/parameters/14-730>		<http://ids.clld.org/values/14-730-264-1>		"waľapɨ"@cuj	
"me-tezi"@aro	<http://ids.clld.org/values/4-344-272-1>		<http://ids.clld.org/parameters/4-344>		<http://ids.clld.org/values/4-344-264-1>		"sewata"@cuj	
"patatahapo"@aro	<http://ids.clld.org/values/1-270-272-1>		<http://ids.clld.org/parameters/1-270>		<http://ids.clld.org/values/1-270-264-1>		"wakanɨ"@cuj	
"kʷawi"@aro	<http://ids.clld.org/values/5-230-272-1>		<http://ids.clld.org/parameters/5-230>		<http://ids.clld.org/values/5-230-264-1>		"xima"@cuj	
"pene"@aro	<http://ids.clld.org/values/7-270-272-1>		<http://ids.clld.org/parameters/7-270>		<http://ids.clld.org/values/7-270-264-1>		"prixerɨ"@cuj	
"po-"@aro	<http://ids.clld.org/values/9-110-272-7>		<http://ids.clld.org/parameters/9-110>		<http://ids.clld.org/values/9-110-264-1>		"kam-rɨ-ta"@cuj	
"c̷i-mimi"@aro	<http://ids.clld.org/values/18-150-272-1>		<http://ids.clld.org/parameters/18-150>		<http://ids.clld.org/values/18-150-264-1>		"himsaľe-wata"@cuj	
"moba"@aro	<http://ids.clld.org/values/1-324-272-1>		<http://ids.clld.org/parameters/1-324>		<http://ids.clld.org/values/1-324-264-1>		"soľi"@cuj	
"tezi"@aro	<http://ids.clld.org/values/1-841-272-1>		<http://ids.clld.org/parameters/1-841>		<http://ids.clld.org/values/1-841-264-1>		"čič-mero"@cuj	
"tezi"@aro	<http://ids.clld.org/values/1-841-272-1>		<http://ids.clld.org/parameters/1-841>		<http://ids.clld.org/values/1-841-264-3>		"mero"@cuj	
"wiɲi"@aro	<http://ids.clld.org/values/8-760-272-3>		<http://ids.clld.org/parameters/8-760>		<http://ids.clld.org/values/8-760-264-1>		"kši"@cuj	
"wiɲi"@aro	<http://ids.clld.org/values/8-760-272-3>		<http://ids.clld.org/parameters/8-760>		<http://ids.clld.org/values/8-760-264-3>		"šikhaľɨ"@cuj	
"kʷac̷a-wati"@aro	<http://ids.clld.org/values/4-520-272-1>		<http://ids.clld.org/parameters/4-520>		<http://ids.clld.org/values/4-520-264-1>		"haphatata"@cuj	
"hewa"@aro	<http://ids.clld.org/values/12-530-272-1>		<http://ids.clld.org/parameters/12-530>		<http://ids.clld.org/values/12-530-264-1>		"c̷erɨwna"@cuj	
"mezizo"@aro	<http://ids.clld.org/values/1-215-272-1>		<http://ids.clld.org/parameters/1-215>		<http://ids.clld.org/values/1-215-264-1>		"ksatɨ"@cuj	
"neti"@aro	<http://ids.clld.org/values/12-150-272-1>		<http://ids.clld.org/parameters/12-150>		<http://ids.clld.org/values/12-150-264-1>		"tɨn-wa-ta"@cuj	
"waoti"@aro	<http://ids.clld.org/values/10-350-272-1>		<http://ids.clld.org/parameters/10-350>		<http://ids.clld.org/values/10-350-264-1>		"ha-noha-ta"@cuj	
"e-kʷiča-kana"@aro	<http://ids.clld.org/values/19-210-272-1>		<http://ids.clld.org/parameters/19-210>		<http://ids.clld.org/values/19-210-264-1>		"yine"@cuj	
"walibao"@aro	<http://ids.clld.org/values/1-590-272-1>		<http://ids.clld.org/parameters/1-590>		<http://ids.clld.org/values/1-590-264-1>		"kši"@cuj	
"me-takʷa"@aro	<http://ids.clld.org/values/4-331-272-1>		<http://ids.clld.org/parameters/4-331>		<http://ids.clld.org/values/4-331-264-1>		"stapa-myo"@cuj	
"ema"@aro	<http://ids.clld.org/values/2-910-272-1>		<http://ids.clld.org/parameters/2-910>		<http://ids.clld.org/values/2-910-264-1>		"hita"@cuj	
"ema"@aro	<http://ids.clld.org/values/2-910-272-1>		<http://ids.clld.org/parameters/2-910>		<http://ids.clld.org/values/2-910-264-3>		"-no"@cuj	
"takʷa"@aro	<http://ids.clld.org/values/4-450-272-1>		<http://ids.clld.org/parameters/4-450>		<http://ids.clld.org/values/4-450-264-1>		"ho-pna"@cuj	
"apaza"@aro	<http://ids.clld.org/values/15-440-272-1>		<http://ids.clld.org/parameters/15-440>		<http://ids.clld.org/values/15-440-264-1>		"hima"@cuj	
"toloneti"@aro	<http://ids.clld.org/values/10-412-272-3>		<http://ids.clld.org/parameters/10-412>		<http://ids.clld.org/values/10-412-264-1>		"yopc̷oxita"@cuj	
"hamani"@aro	<http://ids.clld.org/values/3-586-272-1>		<http://ids.clld.org/parameters/3-586>		<http://ids.clld.org/values/3-586-264-1>		"may-ľɨ"@cuj	
"kʷae-sapa"@aro	<http://ids.clld.org/values/5-640-272-1>		<http://ids.clld.org/parameters/5-640>		<http://ids.clld.org/values/5-640-264-1>		"čopi"@cuj	
"ha-topa-ti"@aro	<http://ids.clld.org/values/16-260-272-3>		<http://ids.clld.org/parameters/16-260>		<http://ids.clld.org/values/16-260-264-1>		"hapnoka-wa-ta"@cuj	
"c̷eo"@aro	<http://ids.clld.org/values/4-590-272-1>		<http://ids.clld.org/parameters/4-590>		<http://ids.clld.org/values/4-590-264-1>		"hemroka"@cuj	
"ho pewe"@aro	<http://ids.clld.org/values/2-760-272-3>		<http://ids.clld.org/parameters/2-760>		<http://ids.clld.org/values/2-760-264-1>		"hipnahnɨrɨtačro"@cuj	
"popa"@aro	<http://ids.clld.org/values/1-550-272-1>		<http://ids.clld.org/parameters/1-550>		<http://ids.clld.org/values/1-550-264-1>		"rawrakľe"@cuj	
"ali"@aro	<http://ids.clld.org/values/4-910-272-1>		<http://ids.clld.org/parameters/4-910>		<http://ids.clld.org/values/4-910-264-1>		"hama"@cuj	
"ali"@aro	<http://ids.clld.org/values/4-910-272-1>		<http://ids.clld.org/parameters/4-910>		<http://ids.clld.org/values/4-910-264-3>		"hipčiha"@cuj	
"haha"@aro	<http://ids.clld.org/values/8-311-272-1>		<http://ids.clld.org/parameters/8-311>		<http://ids.clld.org/values/8-311-264-3>		"kaxirɨxi"@cuj	
"haha"@aro	<http://ids.clld.org/values/8-311-272-1>		<http://ids.clld.org/parameters/8-311>		<http://ids.clld.org/values/8-311-264-1>		"xi"@cuj	
"[fosforo]"@aro	<http://ids.clld.org/values/1-870-272-1>		<http://ids.clld.org/parameters/1-870>		<http://ids.clld.org/values/1-870-264-1>		"[posporo]"@cuj	
"dizi"@aro	<http://ids.clld.org/values/10-720-272-1>		<http://ids.clld.org/parameters/10-720>		<http://ids.clld.org/values/10-720-264-1>		"hapo"@cuj	
"haha-haha"@aro	<http://ids.clld.org/values/12-830-272-1>		<http://ids.clld.org/parameters/12-830>		<http://ids.clld.org/values/12-830-264-1>		"poproľsahi"@cuj	
"haha-haha"@aro	<http://ids.clld.org/values/12-830-272-1>		<http://ids.clld.org/parameters/12-830>		<http://ids.clld.org/values/12-830-264-3>		"sahi"@cuj	
"tolo"@aro	<http://ids.clld.org/values/2-250-272-3>		<http://ids.clld.org/parameters/2-250>		<http://ids.clld.org/values/2-250-264-1>		"hexha"@cuj	
"asawa"@aro	<http://ids.clld.org/values/4-910-272-3>		<http://ids.clld.org/parameters/4-910>		<http://ids.clld.org/values/4-910-264-1>		"hama"@cuj	
"asawa"@aro	<http://ids.clld.org/values/4-910-272-3>		<http://ids.clld.org/parameters/4-910>		<http://ids.clld.org/values/4-910-264-3>		"hipčiha"@cuj	
"e-c̷oa"@aro	<http://ids.clld.org/values/4-160-272-1>		<http://ids.clld.org/parameters/4-160>		<http://ids.clld.org/values/4-160-264-1>		"ha-pɨ"@cuj	
"bedaokʷa"@aro	<http://ids.clld.org/values/13-330-272-1>		<http://ids.clld.org/parameters/13-330>		<http://ids.clld.org/values/13-330-264-1>		"pxe ~ pxa"@cuj	
"-nana"@aro	<http://ids.clld.org/values/14-140-272-3>		<http://ids.clld.org/parameters/14-140>		<http://ids.clld.org/values/14-140-264-1>		"makľɨta"@cuj	
"labi"@aro	<http://ids.clld.org/values/4-215-272-1>		<http://ids.clld.org/parameters/4-215>		<http://ids.clld.org/values/4-215-264-1>		"hixpɨka"@cuj	
"dobe-a"@aro	<http://ids.clld.org/values/10-620-272-3>		<http://ids.clld.org/parameters/10-620>		<http://ids.clld.org/values/10-620-264-1>		"hwa-pa"@cuj	
"ba"@aro	<http://ids.clld.org/values/15-520-272-1>		<http://ids.clld.org/parameters/15-520>		<http://ids.clld.org/values/15-520-264-1>		"heta"@cuj	
"oši"@aro	<http://ids.clld.org/values/8-941-272-1>		<http://ids.clld.org/parameters/8-941>		<http://ids.clld.org/values/8-941-264-1>		"počwaksɨrɨ"@cuj	
"tiǰada"@aro	<http://ids.clld.org/values/4-350-272-1>		<http://ids.clld.org/parameters/4-350>		<http://ids.clld.org/values/4-350-264-3>		"tpaľi"@cuj	
"tiǰada"@aro	<http://ids.clld.org/values/4-350-272-1>		<http://ids.clld.org/parameters/4-350>		<http://ids.clld.org/values/4-350-264-1>		"ksɨxe"@cuj	
"c̷opolo"@aro	<http://ids.clld.org/values/4-853-272-3>		<http://ids.clld.org/parameters/4-853>		<http://ids.clld.org/values/4-853-264-3>		"hanka-xrɨ"@cuj	
"c̷opolo"@aro	<http://ids.clld.org/values/4-853-272-3>		<http://ids.clld.org/parameters/4-853>		<http://ids.clld.org/values/4-853-264-1>		"hanka"@cuj	
"akʷi-ša"@aro	<http://ids.clld.org/values/8-550-272-1>		<http://ids.clld.org/parameters/8-550>		<http://ids.clld.org/values/8-550-264-5>		"xe"@cuj	
"akʷi-ša"@aro	<http://ids.clld.org/values/8-550-272-1>		<http://ids.clld.org/parameters/8-550>		<http://ids.clld.org/values/8-550-264-3>		"c̷ki"@cuj	
"akʷi-ša"@aro	<http://ids.clld.org/values/8-550-272-1>		<http://ids.clld.org/parameters/8-550>		<http://ids.clld.org/values/8-550-264-1>		"pľɨ"@cuj	
"wai"@aro	<http://ids.clld.org/values/3-594-272-1>		<http://ids.clld.org/parameters/3-594>		<http://ids.clld.org/values/3-594-264-1>		"kamowa"@cuj	
"topo"@aro	<http://ids.clld.org/values/13-107-272-1>		<http://ids.clld.org/parameters/13-107>		<http://ids.clld.org/values/13-107-264-1>		"yanta-ta"@cuj	
"leo"@aro	<http://ids.clld.org/values/3-596-272-3>		<http://ids.clld.org/parameters/3-596>		<http://ids.clld.org/values/3-596-264-3>		"mosa"@cuj	
"leo"@aro	<http://ids.clld.org/values/3-596-272-3>		<http://ids.clld.org/parameters/3-596>		<http://ids.clld.org/values/3-596-264-1>		"hnono"@cuj	
"lokʷa"@aro	<http://ids.clld.org/values/9-360-272-1>		<http://ids.clld.org/parameters/9-360>		<http://ids.clld.org/values/9-360-264-3>		"hero-ta"@cuj	
"lokʷa"@aro	<http://ids.clld.org/values/9-360-272-1>		<http://ids.clld.org/parameters/9-360>		<http://ids.clld.org/values/9-360-264-1>		"herka"@cuj	
"hode"@aro	<http://ids.clld.org/values/19-160-272-1>		<http://ids.clld.org/parameters/19-160>		<http://ids.clld.org/values/19-160-264-1>		"poko"@cuj	
"mikata"@aro	<http://ids.clld.org/values/4-840-272-3>		<http://ids.clld.org/parameters/4-840>		<http://ids.clld.org/values/4-840-264-1>		"kapo-haľɨ"@cuj	
"mikata"@aro	<http://ids.clld.org/values/4-840-272-3>		<http://ids.clld.org/parameters/4-840>		<http://ids.clld.org/values/4-840-264-3>		"poha"@cuj	
"mano"@aro	<http://ids.clld.org/values/4-750-272-1>		<http://ids.clld.org/parameters/4-750>		<http://ids.clld.org/values/4-750-264-1>		"hi-pna"@cuj	
"mano"@aro	<http://ids.clld.org/values/4-750-272-1>		<http://ids.clld.org/parameters/4-750>		<http://ids.clld.org/values/4-750-264-3>		"hipɨka"@cuj	
"dea"@aro	<http://ids.clld.org/values/2-210-272-1>		<http://ids.clld.org/parameters/2-210>		<http://ids.clld.org/values/2-210-264-1>		"xexi"@cuj	
"waza-waza"@aro	<http://ids.clld.org/values/1-380-272-1>		<http://ids.clld.org/parameters/1-380>		<http://ids.clld.org/values/1-380-264-1>		"hihawakľe"@cuj	
"kʷekʷe"@aro	<http://ids.clld.org/values/4-250-272-1>		<http://ids.clld.org/parameters/4-250>		<http://ids.clld.org/values/4-250-264-1>		"spɨ ~ špɨ"@cuj	
"tezi"@aro	<http://ids.clld.org/values/1-890-272-1>		<http://ids.clld.org/parameters/1-890>		<http://ids.clld.org/values/1-890-264-1>		"ksamome"@cuj	
"ano-bololo"@aro	<http://ids.clld.org/values/3-950-272-1>		<http://ids.clld.org/parameters/3-950>		<http://ids.clld.org/values/3-950-264-1>		"toľo-x-rɨ"@cuj	
"mosoho"@aro	<http://ids.clld.org/values/4-440-272-1>		<http://ids.clld.org/parameters/4-440>		<http://ids.clld.org/values/4-440-264-1>		"haxi"@cuj	
"eta"@aro	<http://ids.clld.org/values/4-350-272-3>		<http://ids.clld.org/parameters/4-350>		<http://ids.clld.org/values/4-350-264-3>		"tpaľi"@cuj	
"eta"@aro	<http://ids.clld.org/values/4-350-272-3>		<http://ids.clld.org/parameters/4-350>		<http://ids.clld.org/values/4-350-264-1>		"ksɨxe"@cuj	
"kʷa-ti"@aro	<http://ids.clld.org/values/1-880-272-1>		<http://ids.clld.org/parameters/1-880>		<http://ids.clld.org/values/1-880-264-1>		"čiči"@cuj	
"kʷa-ti"@aro	<http://ids.clld.org/values/1-880-272-1>		<http://ids.clld.org/parameters/1-880>		<http://ids.clld.org/values/1-880-264-3>		"hičima"@cuj	
"toma"@aro	<http://ids.clld.org/values/16-440-272-1>		<http://ids.clld.org/parameters/16-440>		<http://ids.clld.org/values/16-440-264-3>		"hokči"@cuj	
"toma"@aro	<http://ids.clld.org/values/16-440-272-1>		<http://ids.clld.org/parameters/16-440>		<http://ids.clld.org/values/16-440-264-1>		"hoktata"@cuj	
"wane-i"@aro	<http://ids.clld.org/values/2-330-272-1>		<http://ids.clld.org/parameters/2-330>		<http://ids.clld.org/values/2-330-264-1>		"kašimyota"@cuj	
"oto"@aro	<http://ids.clld.org/values/4-530-272-1>		<http://ids.clld.org/parameters/4-530>		<http://ids.clld.org/values/4-530-264-1>		"hethota"@cuj	
"pelolo"@aro	<http://ids.clld.org/values/12-830-272-3>		<http://ids.clld.org/parameters/12-830>		<http://ids.clld.org/values/12-830-264-1>		"poproľsahi"@cuj	
"pelolo"@aro	<http://ids.clld.org/values/12-830-272-3>		<http://ids.clld.org/parameters/12-830>		<http://ids.clld.org/values/12-830-264-3>		"sahi"@cuj	
"pia"@aro	<http://ids.clld.org/values/20-250-272-1>		<http://ids.clld.org/parameters/20-250>		<http://ids.clld.org/values/20-250-264-1>		"kašri"@cuj	
"eowa"@aro	<http://ids.clld.org/values/1-100-272-3>		<http://ids.clld.org/parameters/1-100>		<http://ids.clld.org/values/1-100-264-1>		"hohi"@cuj	
"mec̷i"@aro	<http://ids.clld.org/values/4-790-272-1>		<http://ids.clld.org/parameters/4-790>		<http://ids.clld.org/values/4-790-264-1>		"yomľe"@cuj	
"likʷi"@aro	<http://ids.clld.org/values/6-350-272-1>		<http://ids.clld.org/parameters/6-350>		<http://ids.clld.org/values/6-350-264-1>		"yo-c̷-ha"@cuj	
"-lipi"@aro	<http://ids.clld.org/values/16-270-272-3>		<http://ids.clld.org/parameters/16-270>		<http://ids.clld.org/values/16-270-264-3>		"hišinika"@cuj	
"-lipi"@aro	<http://ids.clld.org/values/16-270-272-3>		<http://ids.clld.org/parameters/16-270>		<http://ids.clld.org/values/16-270-264-1>		"haľɨka"@cuj	
"mama"@aro	<http://ids.clld.org/values/2-220-272-3>		<http://ids.clld.org/parameters/2-220>		<http://ids.clld.org/values/2-220-264-1>		"sɨtʸo"@cuj	
"zeti"@aro	<http://ids.clld.org/values/1-520-272-1>		<http://ids.clld.org/parameters/1-520>		<http://ids.clld.org/values/1-520-264-1>		"tka-či"@cuj	
"hemi"@aro	<http://ids.clld.org/values/8-931-272-1>		<http://ids.clld.org/parameters/8-931>		<http://ids.clld.org/values/8-931-264-1>		"c̷oľya"@cuj	
"maedada"@aro	<http://ids.clld.org/values/4-205-272-1>		<http://ids.clld.org/parameters/4-205>		<http://ids.clld.org/values/4-205-264-1>		"xrota"@cuj	
"hamomoneti"@aro	<http://ids.clld.org/values/1-620-272-3>		<http://ids.clld.org/parameters/1-620>		<http://ids.clld.org/values/1-620-264-1>		"yačhe"@cuj	
"hamomoneti"@aro	<http://ids.clld.org/values/1-620-272-3>		<http://ids.clld.org/parameters/1-620>		<http://ids.clld.org/values/1-620-264-3>		"yačnewľɨ"@cuj	
"pe-ac̷a"@aro	<http://ids.clld.org/values/4-162-272-1>		<http://ids.clld.org/parameters/4-162>		<http://ids.clld.org/values/4-162-264-3>		"kwansat-hapɨ"@cuj	
"pe-ac̷a"@aro	<http://ids.clld.org/values/4-162-272-1>		<http://ids.clld.org/parameters/4-162>		<http://ids.clld.org/values/4-162-264-1>		"kwansata"@cuj	
"mahana"@aro	<http://ids.clld.org/values/1-440-272-1>		<http://ids.clld.org/parameters/1-440>		<http://ids.clld.org/values/1-440-264-1>		"sotľɨ"@cuj	
"mama-zao"@aro	<http://ids.clld.org/values/2-445-272-1>		<http://ids.clld.org/parameters/2-445>		<http://ids.clld.org/values/2-445-264-1>		"hepɨ-rɨ"@cuj	
"c̷edo"@aro	<http://ids.clld.org/values/4-400-272-3>		<http://ids.clld.org/parameters/4-400>		<http://ids.clld.org/values/4-400-264-1>		"tľo"@cuj	
"wi"@aro	<http://ids.clld.org/values/18-170-272-1>		<http://ids.clld.org/parameters/18-170>		<http://ids.clld.org/values/18-170-264-1>		"xroľoxi"@cuj	
"baba-šodi"@aro	<http://ids.clld.org/values/2-460-272-1>		<http://ids.clld.org/parameters/2-460>		<http://ids.clld.org/values/2-460-264-1>		"hatʸi-rɨ"@cuj	
"pic̷oe"@aro	<http://ids.clld.org/values/20-240-272-1>		<http://ids.clld.org/parameters/20-240>		<http://ids.clld.org/values/20-240-264-1>		"twa (?)"@cuj	
"besese"@aro	<http://ids.clld.org/values/4-191-272-1>		<http://ids.clld.org/parameters/4-191>		<http://ids.clld.org/values/4-191-264-1>		"hayixi"@cuj	
"wodoho"@aro	<http://ids.clld.org/values/3-594-272-3>		<http://ids.clld.org/parameters/3-594>		<http://ids.clld.org/values/3-594-264-1>		"kamowa"@cuj	
"e-c̷ei"@aro	<http://ids.clld.org/values/5-791-272-1>		<http://ids.clld.org/parameters/5-791>		<http://ids.clld.org/values/5-791-264-1>		"nhi-či"@cuj	
"tawi-ba"@aro	<http://ids.clld.org/values/4-620-272-1>		<http://ids.clld.org/parameters/4-620>		<http://ids.clld.org/values/4-620-264-1>		"hipnawata"@cuj	
"mawic̷aha (?)"@aro	<http://ids.clld.org/values/5-590-272-1>		<http://ids.clld.org/parameters/5-590>		<http://ids.clld.org/values/5-590-264-1>		"hitɨsc̷i"@cuj	
"aboa"@aro	<http://ids.clld.org/values/15-860-272-1>		<http://ids.clld.org/parameters/15-860>		<http://ids.clld.org/values/15-860-264-1>		"kačik-ľe-rɨ"@cuj	
"ašoho"@aro	<http://ids.clld.org/values/4-920-272-3>		<http://ids.clld.org/parameters/4-920>		<http://ids.clld.org/values/4-920-264-1>		"merso"@cuj	
"bewe"@aro	<http://ids.clld.org/values/3-655-272-1>		<http://ids.clld.org/parameters/3-655>		<http://ids.clld.org/values/3-655-264-1>		"hopawo"@cuj	
"babaowe"@aro	<http://ids.clld.org/values/13-140-272-1>		<http://ids.clld.org/parameters/13-140>		<http://ids.clld.org/values/13-140-264-3>		"ptowrɨ"@cuj	
"babaowe"@aro	<http://ids.clld.org/values/13-140-272-1>		<http://ids.clld.org/parameters/13-140>		<http://ids.clld.org/values/13-140-264-1>		"pexnɨ"@cuj	
"lewa-lewa-i"@aro	<http://ids.clld.org/values/3-819-272-1>		<http://ids.clld.org/parameters/3-819>		<http://ids.clld.org/values/3-819-264-1>		"mkaľɨ"@cuj	
"kanawa"@aro	<http://ids.clld.org/values/10-831-272-1>		<http://ids.clld.org/parameters/10-831>		<http://ids.clld.org/values/10-831-264-1>		"kanawa"@cuj	
"c̷eiɲeba"@aro	<http://ids.clld.org/values/4-740-272-5>		<http://ids.clld.org/parameters/4-740>		<http://ids.clld.org/values/4-740-264-1>		"hiweka"@cuj	
"madi"@aro	<http://ids.clld.org/values/8-760-272-1>		<http://ids.clld.org/parameters/8-760>		<http://ids.clld.org/values/8-760-264-1>		"kši"@cuj	
"madi"@aro	<http://ids.clld.org/values/8-760-272-1>		<http://ids.clld.org/parameters/8-760>		<http://ids.clld.org/values/8-760-264-3>		"šikhaľɨ"@cuj	
"wac̷i-ac̷a"@aro	<http://ids.clld.org/values/4-380-272-1>		<http://ids.clld.org/parameters/4-380>		<http://ids.clld.org/values/4-380-264-1>		"xitʸi-xi"@cuj	
"pec̷e"@aro	<http://ids.clld.org/values/9-192-272-3>		<http://ids.clld.org/parameters/9-192>		<http://ids.clld.org/values/9-192-264-3>		"skiwa"@cuj	
"pec̷e"@aro	<http://ids.clld.org/values/9-192-272-3>		<http://ids.clld.org/parameters/9-192>		<http://ids.clld.org/values/9-192-264-1>		"hišriskiwľɨ"@cuj	
"hodo"@aro	<http://ids.clld.org/values/1-830-272-1>		<http://ids.clld.org/parameters/1-830>		<http://ids.clld.org/values/1-830-264-1>		"či-či-phya"@cuj	
"e-na"@aro	<http://ids.clld.org/values/1-310-272-1>		<http://ids.clld.org/parameters/1-310>		<http://ids.clld.org/values/1-310-264-1>		"ha"@cuj	
"e-na"@aro	<http://ids.clld.org/values/1-310-272-1>		<http://ids.clld.org/parameters/1-310>		<http://ids.clld.org/values/1-310-264-3>		"honɨ"@cuj	
"topa"@aro	<http://ids.clld.org/values/16-260-272-1>		<http://ids.clld.org/parameters/16-260>		<http://ids.clld.org/values/16-260-264-1>		"hapnoka-wa-ta"@cuj	
"bototo"@aro	<http://ids.clld.org/values/3-817-272-1>		<http://ids.clld.org/parameters/3-817>		<http://ids.clld.org/values/3-817-264-1>		"pokhi"@cuj	
"eha"@aro	<http://ids.clld.org/values/5-970-272-1>		<http://ids.clld.org/parameters/5-970>		<http://ids.clld.org/values/5-970-264-1>		"naxi"@cuj	
"boana"@aro	<http://ids.clld.org/values/17-172-272-1>		<http://ids.clld.org/parameters/17-172>		<http://ids.clld.org/values/17-172-264-1>		"yima"@cuj	
"lopo"@aro	<http://ids.clld.org/values/9-192-272-1>		<http://ids.clld.org/parameters/9-192>		<http://ids.clld.org/values/9-192-264-3>		"skiwa"@cuj	
"lopo"@aro	<http://ids.clld.org/values/9-192-272-1>		<http://ids.clld.org/parameters/9-192>		<http://ids.clld.org/values/9-192-264-1>		"hišriskiwľɨ"@cuj	
"abiča"@aro	<http://ids.clld.org/values/15-350-272-1>		<http://ids.clld.org/parameters/15-350>		<http://ids.clld.org/values/15-350-264-1>		"počwa-ľɨ"@cuj	
"e-awe"@aro	<http://ids.clld.org/values/2-310-272-1>		<http://ids.clld.org/parameters/2-310>		<http://ids.clld.org/values/2-310-264-1>		"hanɨ-rɨ"@cuj	
"aiyaha"@aro	<http://ids.clld.org/values/17-680-272-3>		<http://ids.clld.org/parameters/17-680>		<http://ids.clld.org/values/17-680-264-1>		"katɨ"@cuj	
"anizomawe"@aro	<http://ids.clld.org/values/4-820-272-1>		<http://ids.clld.org/parameters/4-820>		<http://ids.clld.org/values/4-820-264-1>		"pohro"@cuj	
"akʷi-c̷aha"@aro	<http://ids.clld.org/values/8-540-272-1>		<http://ids.clld.org/parameters/8-540>		<http://ids.clld.org/values/8-540-264-1>		"ko-c̷a"@cuj	
"akʷi-c̷aha"@aro	<http://ids.clld.org/values/8-540-272-1>		<http://ids.clld.org/parameters/8-540>		<http://ids.clld.org/values/8-540-264-3>		"c̷ki"@cuj	
"biki"@aro	<http://ids.clld.org/values/4-120-272-1>		<http://ids.clld.org/parameters/4-120>		<http://ids.clld.org/values/4-120-264-1>		"nikči-mta"@cuj	
"biki"@aro	<http://ids.clld.org/values/4-120-272-1>		<http://ids.clld.org/parameters/4-120>		<http://ids.clld.org/values/4-120-264-3>		"mta"@cuj	
"c̷omoto"@aro	<http://ids.clld.org/values/4-430-272-1>		<http://ids.clld.org/parameters/4-430>		<http://ids.clld.org/values/4-430-264-1>		"pľo"@cuj	
"akʷi"@aro	<http://ids.clld.org/values/8-600-272-1>		<http://ids.clld.org/parameters/8-600>		<http://ids.clld.org/values/8-600-264-1>		"hah-mɨna"@cuj	
"pehaha"@aro	<http://ids.clld.org/values/4-451-272-1>		<http://ids.clld.org/parameters/4-451>		<http://ids.clld.org/values/4-451-264-1>		"hepoxi"@cuj	
"lao"@aro	<http://ids.clld.org/values/9-280-272-5>		<http://ids.clld.org/parameters/9-280>		<http://ids.clld.org/values/9-280-264-1>		"kteha"@cuj	
"poc̷ac̷a-i"@aro	<http://ids.clld.org/values/1-213-272-1>		<http://ids.clld.org/parameters/1-213>		<http://ids.clld.org/values/1-213-264-1>		"pahi"@cuj	
"sipia"@aro	<http://ids.clld.org/values/8-170-272-1>		<http://ids.clld.org/parameters/8-170>		<http://ids.clld.org/values/8-170-264-1>		"tľapa"@cuj	
"atai"@aro	<http://ids.clld.org/values/4-854-272-1>		<http://ids.clld.org/parameters/4-854>		<http://ids.clld.org/values/4-854-264-1>		"hahrɨ"@cuj	
"ebe-"@aro	<http://ids.clld.org/values/4-300-272-3>		<http://ids.clld.org/parameters/4-300>		<http://ids.clld.org/values/4-300-264-3>		"thana"@cuj	
"ebe-"@aro	<http://ids.clld.org/values/4-300-272-3>		<http://ids.clld.org/parameters/4-300>		<http://ids.clld.org/values/4-300-264-1>		"sko-thana"@cuj	
"dipawe"@aro	<http://ids.clld.org/values/17-550-272-1>		<http://ids.clld.org/parameters/17-550>		<http://ids.clld.org/values/17-550-264-1>		"hi-hi"@cuj	
"boni"@aro	<http://ids.clld.org/values/3-581-272-1>		<http://ids.clld.org/parameters/3-581>		<http://ids.clld.org/values/3-581-264-1>		"koši-či"@cuj	
"izibati"@aro	<http://ids.clld.org/values/16-250-272-1>		<http://ids.clld.org/parameters/16-250>		<http://ids.clld.org/values/16-250-264-1>		"hic̷oľhiwata"@cuj	
"baepa"@aro	<http://ids.clld.org/values/1-510-272-1>		<http://ids.clld.org/parameters/1-510>		<http://ids.clld.org/values/1-510-264-1>		"teno"@cuj	
"baepa"@aro	<http://ids.clld.org/values/1-510-272-1>		<http://ids.clld.org/parameters/1-510>		<http://ids.clld.org/values/1-510-264-3>		"tenhohne"@cuj	
"mia"@aro	<http://ids.clld.org/values/5-180-272-1>		<http://ids.clld.org/parameters/5-180>		<http://ids.clld.org/values/5-180-264-1>		"hawiyaka"@cuj	
"c̷ena"@aro	<http://ids.clld.org/values/3-840-272-3>		<http://ids.clld.org/parameters/3-840>		<http://ids.clld.org/values/3-840-264-1>		"c̷omi"@cuj	
"zoto selena"@aro	<http://ids.clld.org/values/3-720-272-1>		<http://ids.clld.org/parameters/3-720>		<http://ids.clld.org/values/3-720-264-1>		"seroľɨ mhenokľɨ"@cuj	
"lala"@aro	<http://ids.clld.org/values/1-280-272-3>		<http://ids.clld.org/parameters/1-280>		<http://ids.clld.org/values/1-280-264-1>		"mahka"@cuj	
"lala"@aro	<http://ids.clld.org/values/1-280-272-3>		<http://ids.clld.org/parameters/1-280>		<http://ids.clld.org/values/1-280-264-3>		"kapna"@cuj	
"lopo"@aro	<http://ids.clld.org/values/12-560-272-1>		<http://ids.clld.org/parameters/12-560>		<http://ids.clld.org/values/12-560-264-1>		"mtɨ-rɨ"@cuj	
"beta-kata"@aro	<http://ids.clld.org/values/13-20-272-3>		<http://ids.clld.org/parameters/13-20>		<http://ids.clld.org/values/13-20-264-1>		"hepi"@cuj	
"izi"@aro	<http://ids.clld.org/values/5-130-272-1>		<http://ids.clld.org/parameters/5-130>		<http://ids.clld.org/values/5-130-264-1>		"hašroka"@cuj	
"wo"@aro	<http://ids.clld.org/values/10-380-272-1>		<http://ids.clld.org/parameters/10-380>		<http://ids.clld.org/values/10-380-264-1>		"haxpoka"@cuj	
"amaha"@aro	<http://ids.clld.org/values/1-430-272-1>		<http://ids.clld.org/parameters/1-430>		<http://ids.clld.org/values/1-430-264-1>		"hah-mɨna"@cuj	
"amaha"@aro	<http://ids.clld.org/values/1-430-272-1>		<http://ids.clld.org/parameters/1-430>		<http://ids.clld.org/values/1-430-264-3>		"mɨna"@cuj	
"c̷abaha"@aro	<http://ids.clld.org/values/15-410-272-1>		<http://ids.clld.org/parameters/15-410>		<http://ids.clld.org/values/15-410-264-1>		"xema"@cuj	
"c̷abaha"@aro	<http://ids.clld.org/values/15-410-272-1>		<http://ids.clld.org/parameters/15-410>		<http://ids.clld.org/values/15-410-264-3>		"yixnakota"@cuj	
"sewa"@aro	<http://ids.clld.org/values/15-650-272-1>		<http://ids.clld.org/parameters/15-650>		<http://ids.clld.org/values/15-650-264-1>		"ksaxi"@cuj	
"ac̷o"@aro	<http://ids.clld.org/values/4-410-272-1>		<http://ids.clld.org/parameters/4-410>		<http://ids.clld.org/values/4-410-264-1>		"sta"@cuj	
"ac̷o"@aro	<http://ids.clld.org/values/4-410-272-1>		<http://ids.clld.org/parameters/4-410>		<http://ids.clld.org/values/4-410-264-3>		"t-nɨ"@cuj	
"peada-we"@aro	<http://ids.clld.org/values/13-10-272-3>		<http://ids.clld.org/parameters/13-10>		<http://ids.clld.org/values/13-10-264-3>		"satɨ"@cuj	
"peada-we"@aro	<http://ids.clld.org/values/13-10-272-3>		<http://ids.clld.org/parameters/13-10>		<http://ids.clld.org/values/13-10-264-1>		"pa"@cuj	
"močačo bade"@aro	<http://ids.clld.org/values/4-730-272-1>		<http://ids.clld.org/parameters/4-730>		<http://ids.clld.org/values/4-730-264-1>		"mɨšiwata"@cuj	
"ewi"@aro	<http://ids.clld.org/values/4-230-272-1>		<http://ids.clld.org/parameters/4-230>		<http://ids.clld.org/values/4-230-264-1>		"xri"@cuj	
"me-anai bene"@aro	<http://ids.clld.org/values/12-410-272-1>		<http://ids.clld.org/parameters/12-410>		<http://ids.clld.org/values/12-410-264-1>		"potɨkľe"@cuj	
"asele"@aro	<http://ids.clld.org/values/15-660-272-1>		<http://ids.clld.org/parameters/15-660>		<http://ids.clld.org/values/15-660-264-1>		"sero"@cuj	
"kʷawe-a"@aro	<http://ids.clld.org/values/8-920-272-1>		<http://ids.clld.org/parameters/8-920>		<http://ids.clld.org/values/8-920-264-1>		"ximeka"@cuj	
"biɲa"@aro	<http://ids.clld.org/values/3-591-272-1>		<http://ids.clld.org/parameters/3-591>		<http://ids.clld.org/values/3-591-264-1>		"šyo"@cuj	
"dati"@aro	<http://ids.clld.org/values/3-980-272-1>		<http://ids.clld.org/parameters/3-980>		<http://ids.clld.org/values/3-980-264-3>		"sɨprɨ"@cuj	
"dati"@aro	<http://ids.clld.org/values/3-980-272-1>		<http://ids.clld.org/parameters/3-980>		<http://ids.clld.org/values/3-980-264-1>		"čkipɨ"@cuj	
"e-toa"@aro	<http://ids.clld.org/values/4-210-272-1>		<http://ids.clld.org/parameters/4-210>		<http://ids.clld.org/values/4-210-264-1>		"yhaľe"@cuj	
"e-toa"@aro	<http://ids.clld.org/values/4-210-272-1>		<http://ids.clld.org/parameters/4-210>		<http://ids.clld.org/values/4-210-264-3>		"ha"@cuj	
"noehaha"@aro	<http://ids.clld.org/values/2-261-272-1>		<http://ids.clld.org/parameters/2-261>		<http://ids.clld.org/values/2-261-264-3>		"mkapyaľo"@cuj	
"noehaha"@aro	<http://ids.clld.org/values/2-261-272-1>		<http://ids.clld.org/parameters/2-261>		<http://ids.clld.org/values/2-261-264-1>		"mhanɨrɨto"@cuj	
"weta"@aro	<http://ids.clld.org/values/1-860-272-1>		<http://ids.clld.org/parameters/1-860>		<http://ids.clld.org/values/1-860-264-3>		"tʸirna"@cuj	
"weta"@aro	<http://ids.clld.org/values/1-860-272-1>		<http://ids.clld.org/parameters/1-860>		<http://ids.clld.org/values/1-860-264-1>		"tʸirika"@cuj	
"kʷaiɲati"@aro	<http://ids.clld.org/values/10-550-272-1>		<http://ids.clld.org/parameters/10-550>		<http://ids.clld.org/values/10-550-264-1>		"ha-po-ka"@cuj	
"naba-i"@aro	<http://ids.clld.org/values/4-392-272-1>		<http://ids.clld.org/parameters/4-392>		<http://ids.clld.org/values/4-392-264-1>		"mexi"@cuj	
"ano"@aro	<http://ids.clld.org/values/2-470-272-1>		<http://ids.clld.org/parameters/2-470>		<http://ids.clld.org/values/2-470-264-1>		"ha-xi-ro"@cuj	
"iɲakʷe"@aro	<http://ids.clld.org/values/16-440-272-3>		<http://ids.clld.org/parameters/16-440>		<http://ids.clld.org/values/16-440-264-3>		"hokči"@cuj	
"iɲakʷe"@aro	<http://ids.clld.org/values/16-440-272-3>		<http://ids.clld.org/parameters/16-440>		<http://ids.clld.org/values/16-440-264-1>		"hoktata"@cuj	
"hilika"@aro	<http://ids.clld.org/values/18-560-272-1>		<http://ids.clld.org/parameters/18-560>		<http://ids.clld.org/values/18-560-264-1>		"[kirɨka]"@cuj	
"hec̷i"@aro	<http://ids.clld.org/values/4-351-272-3>		<http://ids.clld.org/parameters/4-351>		<http://ids.clld.org/values/4-351-264-1>		"skotpaľi"@cuj	
"noho-noho"@aro	<http://ids.clld.org/values/4-144-272-1>		<http://ids.clld.org/parameters/4-144>		<http://ids.clld.org/values/4-144-264-3>		"šape"@cuj	
"noho-noho"@aro	<http://ids.clld.org/values/4-144-272-1>		<http://ids.clld.org/parameters/4-144>		<http://ids.clld.org/values/4-144-264-1>		"pitʸi"@cuj	
"amahoho"@aro	<http://ids.clld.org/values/5-140-272-3>		<http://ids.clld.org/parameters/5-140>		<http://ids.clld.org/values/5-140-264-1>		"nači-ma"@cuj	
"maesa"@aro	<http://ids.clld.org/values/17-560-272-3>		<http://ids.clld.org/parameters/17-560>		<http://ids.clld.org/values/17-560-264-3>		"hike"@cuj	
"maesa"@aro	<http://ids.clld.org/values/17-560-272-3>		<http://ids.clld.org/parameters/17-560>		<http://ids.clld.org/values/17-560-264-1>		"hi"@cuj	
"ese"@aro	<http://ids.clld.org/values/4-460-272-1>		<http://ids.clld.org/parameters/4-460>		<http://ids.clld.org/values/4-460-264-1>		"hička-mapa"@cuj	
"kʷiča-po"@aro	<http://ids.clld.org/values/2-350-272-1>		<http://ids.clld.org/parameters/2-350>		<http://ids.clld.org/values/2-350-264-1>		"hi-rɨ"@cuj	
"kʷiča-po"@aro	<http://ids.clld.org/values/2-350-272-1>		<http://ids.clld.org/parameters/2-350>		<http://ids.clld.org/values/2-350-264-3>		"pa-tɨ"@cuj	
"piša"@aro	<http://ids.clld.org/values/20-250-272-3>		<http://ids.clld.org/parameters/20-250>		<http://ids.clld.org/values/20-250-264-1>		"kašri"@cuj	
"nala"@aro	<http://ids.clld.org/values/4-280-272-1>		<http://ids.clld.org/parameters/4-280>		<http://ids.clld.org/values/4-280-264-1>		"noxi"@cuj	
"walipa"@aro	<http://ids.clld.org/values/3-550-272-1>		<http://ids.clld.org/parameters/3-550>		<http://ids.clld.org/values/3-550-264-1>		"hatʸawripa"@cuj	
"tata-i"@aro	<http://ids.clld.org/values/9-500-272-1>		<http://ids.clld.org/parameters/9-500>		<http://ids.clld.org/values/9-500-264-1>		"[kľawo]"@cuj	
"aničada"@aro	<http://ids.clld.org/values/7-480-272-1>		<http://ids.clld.org/parameters/7-480>		<http://ids.clld.org/values/7-480-264-1>		"košo"@cuj	
"pehe"@aro	<http://ids.clld.org/values/12-360-272-3>		<http://ids.clld.org/parameters/12-360>		<http://ids.clld.org/values/12-360-264-1>		"tamnɨ"@cuj	
"haiba-i"@aro	<http://ids.clld.org/values/6-120-272-1>		<http://ids.clld.org/parameters/6-120>		<http://ids.clld.org/values/6-120-264-1>		"mka"@cuj	
"eowa"@aro	<http://ids.clld.org/values/1-210-272-3>		<http://ids.clld.org/parameters/1-210>		<http://ids.clld.org/values/1-210-264-1>		"čixi"@cuj	
"e-bo"@aro	<http://ids.clld.org/values/4-204-272-1>		<http://ids.clld.org/parameters/4-204>		<http://ids.clld.org/values/4-204-264-1>		"hoxi"@cuj	
"dokʷe-i"@aro	<http://ids.clld.org/values/3-750-272-1>		<http://ids.clld.org/parameters/3-750>		<http://ids.clld.org/values/3-750-264-1>		"kšote-rɨ"@cuj	
"bac̷o"@aro	<http://ids.clld.org/values/4-320-272-1>		<http://ids.clld.org/parameters/4-320>		<http://ids.clld.org/values/4-320-264-1>		"c̷oxere"@cuj	
"kʷedi"@aro	<http://ids.clld.org/values/4-560-272-1>		<http://ids.clld.org/parameters/4-560>		<http://ids.clld.org/values/4-560-264-1>		"c̷kaha"@cuj	
"e-hai"@aro	<http://ids.clld.org/values/7-420-272-1>		<http://ids.clld.org/parameters/7-420>		<http://ids.clld.org/values/7-420-264-1>		"xeko"@cuj	
"wawa"@aro	<http://ids.clld.org/values/2-550-272-1>		<http://ids.clld.org/parameters/2-550>		<http://ids.clld.org/values/2-550-264-1>		"hanɨrɨ"@cuj	
"apaha"@aro	<http://ids.clld.org/values/15-640-272-3>		<http://ids.clld.org/parameters/15-640>		<http://ids.clld.org/values/15-640-264-1>		"kľata"@cuj	
"halili"@aro	<http://ids.clld.org/values/8-910-272-1>		<http://ids.clld.org/parameters/8-910>		<http://ids.clld.org/values/8-910-264-1>		"xipa-ľɨ"@cuj	
"pisoso"@aro	<http://ids.clld.org/values/3-960-272-3>		<http://ids.clld.org/parameters/3-960>		<http://ids.clld.org/values/3-960-264-1>		"xpiro"@cuj	
"nime-a"@aro	<http://ids.clld.org/values/17-130-272-1>		<http://ids.clld.org/parameters/17-130>		<http://ids.clld.org/values/17-130-264-1>		"hi-šinika"@cuj	
"e-tae mawa"@aro	<http://ids.clld.org/values/7-530-272-1>		<http://ids.clld.org/parameters/7-530>		<http://ids.clld.org/values/7-530-264-1>		"hayixi"@cuj	
"lokʷakʷa"@aro	<http://ids.clld.org/values/5-220-272-1>		<http://ids.clld.org/parameters/5-220>		<http://ids.clld.org/values/5-220-264-3>		"hixpaxpata"@cuj	
"lokʷakʷa"@aro	<http://ids.clld.org/values/5-220-272-1>		<http://ids.clld.org/parameters/5-220>		<http://ids.clld.org/values/5-220-264-1>		"ximľeka"@cuj	
"boso"@aro	<http://ids.clld.org/values/1-730-272-1>		<http://ids.clld.org/parameters/1-730>		<http://ids.clld.org/values/1-730-264-1>		"kyačhapererɨmko"@cuj	
"boli"@aro	<http://ids.clld.org/values/16-251-272-1>		<http://ids.clld.org/parameters/16-251>		<http://ids.clld.org/values/16-251-264-1>		"hašyaka"@cuj	
"zomama"@aro	<http://ids.clld.org/values/3-816-272-3>		<http://ids.clld.org/parameters/3-816>		<http://ids.clld.org/values/3-816-264-1>		"kačipkočirotero"@cuj	
"bisa"@aro	<http://ids.clld.org/values/10-230-272-1>		<http://ids.clld.org/parameters/10-230>		<http://ids.clld.org/values/10-230-264-1>		"hixrɨ-ka"@cuj	
"anodi"@aro	<http://ids.clld.org/values/2-420-272-1>		<http://ids.clld.org/parameters/2-420>		<http://ids.clld.org/values/2-420-264-1>		"šičo ~ nšičo"@cuj	
"mi-ǰa"@aro	<http://ids.clld.org/values/2-920-272-3>		<http://ids.clld.org/parameters/2-920>		<http://ids.clld.org/values/2-920-264-3>		"p-"@cuj	
"mi-ǰa"@aro	<http://ids.clld.org/values/2-920-272-3>		<http://ids.clld.org/parameters/2-920>		<http://ids.clld.org/values/2-920-264-5>		"pɨ-"@cuj	
"mi-ǰa"@aro	<http://ids.clld.org/values/2-920-272-3>		<http://ids.clld.org/parameters/2-920>		<http://ids.clld.org/values/2-920-264-1>		"pitʸa"@cuj	
"pele-i"@aro	<http://ids.clld.org/values/2-458-272-1>		<http://ids.clld.org/parameters/2-458>		<http://ids.clld.org/values/2-458-264-1>		"hepiritɨ ~ hepirɨtɨ"@cuj	
"emeo"@aro	<http://ids.clld.org/values/12-50-272-1>		<http://ids.clld.org/parameters/12-50>		<http://ids.clld.org/values/12-50-264-1>		"hitoko"@cuj	
"emeo"@aro	<http://ids.clld.org/values/12-50-272-1>		<http://ids.clld.org/parameters/12-50>		<http://ids.clld.org/values/12-50-264-3>		"nanwaka"@cuj	
"be-bakʷa"@aro	<http://ids.clld.org/values/4-190-272-1>		<http://ids.clld.org/parameters/4-190>		<http://ids.clld.org/values/4-190-264-1>		"tʸi"@cuj	
"a-bela-bela"@aro	<http://ids.clld.org/values/1-214-272-1>		<http://ids.clld.org/parameters/1-214>		<http://ids.clld.org/values/1-214-264-3>		"xpa"@cuj	
"a-bela-bela"@aro	<http://ids.clld.org/values/1-214-272-1>		<http://ids.clld.org/parameters/1-214>		<http://ids.clld.org/values/1-214-264-1>		"kaxpa"@cuj	
"meo"@aro	<http://ids.clld.org/values/12-50-272-3>		<http://ids.clld.org/parameters/12-50>		<http://ids.clld.org/values/12-50-264-1>		"hitoko"@cuj	
"meo"@aro	<http://ids.clld.org/values/12-50-272-3>		<http://ids.clld.org/parameters/12-50>		<http://ids.clld.org/values/12-50-264-3>		"nanwaka"@cuj	
"[kʷišilo]"@aro	<http://ids.clld.org/values/5-380-272-1>		<http://ids.clld.org/parameters/5-380>		<http://ids.clld.org/values/5-380-264-1>		"wa-ta"@cuj	
"hoda"@aro	<http://ids.clld.org/values/2-930-272-3>		<http://ids.clld.org/parameters/2-930>		<http://ids.clld.org/values/2-930-264-1>		"waľe"@cuj	
"hoda"@aro	<http://ids.clld.org/values/2-930-272-3>		<http://ids.clld.org/parameters/2-930>		<http://ids.clld.org/values/2-930-264-3>		"waľa"@cuj	
"heheme"@aro	<http://ids.clld.org/values/18-240-272-1>		<http://ids.clld.org/parameters/18-240>		<http://ids.clld.org/values/18-240-264-1>		"tokanɨ"@cuj	
"ihana"@aro	<http://ids.clld.org/values/17-172-272-5>		<http://ids.clld.org/parameters/17-172>		<http://ids.clld.org/values/17-172-264-1>		"yima"@cuj	
"oc̷o"@aro	<http://ids.clld.org/values/1-851-272-1>		<http://ids.clld.org/parameters/1-851>		<http://ids.clld.org/values/1-851-264-3>		"haľha"@cuj	
"oc̷o"@aro	<http://ids.clld.org/values/1-851-272-1>		<http://ids.clld.org/parameters/1-851>		<http://ids.clld.org/values/1-851-264-1>		"hapkaha"@cuj	
"hahi"@aro	<http://ids.clld.org/values/3-580-272-1>		<http://ids.clld.org/parameters/3-580>		<http://ids.clld.org/values/3-580-264-1>		"sreta"@cuj	
"hahi"@aro	<http://ids.clld.org/values/3-580-272-1>		<http://ids.clld.org/parameters/3-580>		<http://ids.clld.org/values/3-580-264-3>		"šaľe"@cuj	
"kʷabec̷a"@aro	<http://ids.clld.org/values/10-370-272-1>		<http://ids.clld.org/parameters/10-370>		<http://ids.clld.org/values/10-370-264-1>		"haľna"@cuj	
"kʷala-doe"@aro	<http://ids.clld.org/values/2-620-272-1>		<http://ids.clld.org/parameters/2-620>		<http://ids.clld.org/values/2-620-264-1>		"himaxiro"@cuj	
"zania bene"@aro	<http://ids.clld.org/values/12-420-272-1>		<http://ids.clld.org/parameters/12-420>		<http://ids.clld.org/values/12-420-264-1>		"kehnete"@cuj	
"ewašokʷe"@aro	<http://ids.clld.org/values/1-220-272-1>		<http://ids.clld.org/parameters/1-220>		<http://ids.clld.org/values/1-220-264-3>		"pxita"@cuj	
"ewašokʷe"@aro	<http://ids.clld.org/values/1-220-272-1>		<http://ids.clld.org/parameters/1-220>		<http://ids.clld.org/values/1-220-264-1>		"mahka"@cuj	
"mikana-ha"@aro	<http://ids.clld.org/values/2-950-272-3>		<http://ids.clld.org/parameters/2-950>		<http://ids.clld.org/values/2-950-264-3>		"hi-"@cuj	
"mikana-ha"@aro	<http://ids.clld.org/values/2-950-272-3>		<http://ids.clld.org/parameters/2-950>		<http://ids.clld.org/values/2-950-264-1>		"hitʸa"@cuj	
"apoze"@aro	<http://ids.clld.org/values/15-380-272-1>		<http://ids.clld.org/parameters/15-380>		<http://ids.clld.org/values/15-380-264-3>		"kač-ha"@cuj	
"apoze"@aro	<http://ids.clld.org/values/15-380-272-1>		<http://ids.clld.org/parameters/15-380>		<http://ids.clld.org/values/15-380-264-1>		"kačo"@cuj	
"lelo"@aro	<http://ids.clld.org/values/10-410-272-1>		<http://ids.clld.org/parameters/10-410>		<http://ids.clld.org/values/10-410-264-1>		"kamita"@cuj	
"wane mawe"@aro	<http://ids.clld.org/values/2-770-272-1>		<http://ids.clld.org/parameters/2-770>		<http://ids.clld.org/values/2-770-264-1>		"hipnahnɨnrotačri"@cuj	
"emi"@aro	<http://ids.clld.org/values/4-400-272-1>		<http://ids.clld.org/parameters/4-400>		<http://ids.clld.org/values/4-400-264-1>		"tľo"@cuj	
"laka"@aro	<http://ids.clld.org/values/5-130-272-3>		<http://ids.clld.org/parameters/5-130>		<http://ids.clld.org/values/5-130-264-1>		"hašroka"@cuj	
"beta"@aro	<http://ids.clld.org/values/13-20-272-1>		<http://ids.clld.org/parameters/13-20>		<http://ids.clld.org/values/13-20-264-1>		"hepi"@cuj	
"esi"@aro	<http://ids.clld.org/values/14-150-272-1>		<http://ids.clld.org/parameters/14-150>		<http://ids.clld.org/values/14-150-264-1>		"c̷-rɨ"@cuj	
"heheme"@aro	<http://ids.clld.org/values/18-260-272-1>		<http://ids.clld.org/parameters/18-260>		<http://ids.clld.org/values/18-260-264-1>		"tokanɨ"@cuj	
"ane"@aro	<http://ids.clld.org/values/16-310-272-1>		<http://ids.clld.org/parameters/16-310>		<http://ids.clld.org/values/16-310-264-1>		"čino"@cuj	
"nai"@aro	<http://ids.clld.org/values/1-750-272-1>		<http://ids.clld.org/parameters/1-750>		<http://ids.clld.org/values/1-750-264-3>		"neka"@cuj	
"nai"@aro	<http://ids.clld.org/values/1-750-272-1>		<http://ids.clld.org/parameters/1-750>		<http://ids.clld.org/values/1-750-264-1>		"hina"@cuj	
"[aloso]"@aro	<http://ids.clld.org/values/8-480-272-1>		<http://ids.clld.org/parameters/8-480>		<http://ids.clld.org/values/8-480-264-1>		"h[aroso]"@cuj	
"talale"@aro	<http://ids.clld.org/values/1-280-272-1>		<http://ids.clld.org/parameters/1-280>		<http://ids.clld.org/values/1-280-264-1>		"mahka"@cuj	
"talale"@aro	<http://ids.clld.org/values/1-280-272-1>		<http://ids.clld.org/parameters/1-280>		<http://ids.clld.org/values/1-280-264-3>		"kapna"@cuj	
"misa"@aro	<http://ids.clld.org/values/9-190-272-3>		<http://ids.clld.org/parameters/9-190>		<http://ids.clld.org/values/9-190-264-1>		"c̷a"@cuj	
"ize"@aro	<http://ids.clld.org/values/4-740-272-1>		<http://ids.clld.org/parameters/4-740>		<http://ids.clld.org/values/4-740-264-1>		"hiweka"@cuj	
"c̷ama"@aro	<http://ids.clld.org/values/4-461-272-1>		<http://ids.clld.org/parameters/4-461>		<http://ids.clld.org/values/4-461-264-1>		"hičkapi"@cuj	
"matoa"@aro	<http://ids.clld.org/values/3-970-272-1>		<http://ids.clld.org/parameters/3-970>		<http://ids.clld.org/values/3-970-264-1>		"kšiyo-x-rɨ"@cuj	
"pelei"@aro	<http://ids.clld.org/values/19-230-272-1>		<http://ids.clld.org/parameters/19-230>		<http://ids.clld.org/values/19-230-264-1>		"nerɨ"@cuj	
"hehe"@aro	<http://ids.clld.org/values/17-550-272-3>		<http://ids.clld.org/parameters/17-550>		<http://ids.clld.org/values/17-550-264-1>		"hi-hi"@cuj	
"eša"@aro	<http://ids.clld.org/values/8-550-272-3>		<http://ids.clld.org/parameters/8-550>		<http://ids.clld.org/values/8-550-264-5>		"xe"@cuj	
"eša"@aro	<http://ids.clld.org/values/8-550-272-3>		<http://ids.clld.org/parameters/8-550>		<http://ids.clld.org/values/8-550-264-3>		"c̷ki"@cuj	
"eša"@aro	<http://ids.clld.org/values/8-550-272-3>		<http://ids.clld.org/parameters/8-550>		<http://ids.clld.org/values/8-550-264-1>		"pľɨ"@cuj	
"tawata"@aro	<http://ids.clld.org/values/3-585-272-1>		<http://ids.clld.org/parameters/3-585>		<http://ids.clld.org/values/3-585-264-1>		"koyano"@cuj	
"tawata"@aro	<http://ids.clld.org/values/3-585-272-1>		<http://ids.clld.org/parameters/3-585>		<http://ids.clld.org/values/3-585-264-3>		"koyataľe"@cuj	
"haona"@aro	<http://ids.clld.org/values/4-151-272-1>		<http://ids.clld.org/parameters/4-151>		<http://ids.clld.org/values/4-151-264-1>		"koc̷a"@cuj	
"ebai"@aro	<http://ids.clld.org/values/4-310-272-1>		<http://ids.clld.org/parameters/4-310>		<http://ids.clld.org/values/4-310-264-1>		"kano"@cuj	
"piwiwineti"@aro	<http://ids.clld.org/values/1-250-272-1>		<http://ids.clld.org/parameters/1-250>		<http://ids.clld.org/values/1-250-264-1>		"kaniprekľi ~ kaniprekľɨ"@cuj	
"hababa-i"@aro	<http://ids.clld.org/values/3-920-272-1>		<http://ids.clld.org/parameters/3-920>		<http://ids.clld.org/values/3-920-264-1>		"katato"@cuj	
"tašoi"@aro	<http://ids.clld.org/values/20-640-272-3>		<http://ids.clld.org/parameters/20-640>		<http://ids.clld.org/values/20-640-264-1>		"hic̷ekľɨ"@cuj	
"zemo"@aro	<http://ids.clld.org/values/3-940-272-1>		<http://ids.clld.org/parameters/3-940>		<http://ids.clld.org/values/3-940-264-1>		"šišrikapi"@cuj	
"loso"@aro	<http://ids.clld.org/values/3-817-272-3>		<http://ids.clld.org/parameters/3-817>		<http://ids.clld.org/values/3-817-264-1>		"pokhi"@cuj	
"pihono"@aro	<http://ids.clld.org/values/4-191-272-3>		<http://ids.clld.org/parameters/4-191>		<http://ids.clld.org/values/4-191-264-1>		"hayixi"@cuj	
"c̷eiɲe"@aro	<http://ids.clld.org/values/14-410-272-1>		<http://ids.clld.org/parameters/14-410>		<http://ids.clld.org/values/14-410-264-1>		"po-kamľa-ľɨ"@cuj	
"lele"@aro	<http://ids.clld.org/values/19-160-272-3>		<http://ids.clld.org/parameters/19-160>		<http://ids.clld.org/values/19-160-264-1>		"poko"@cuj	
"kaleši"@aro	<http://ids.clld.org/values/3-818-272-1>		<http://ids.clld.org/parameters/3-818>		<http://ids.clld.org/values/3-818-264-1>		"pɨthana"@cuj	
"c̷oi"@aro	<http://ids.clld.org/values/4-580-272-3>		<http://ids.clld.org/parameters/4-580>		<http://ids.clld.org/values/4-580-264-1>		"haškaka"@cuj	
"c̷oi"@aro	<http://ids.clld.org/values/4-580-272-3>		<http://ids.clld.org/parameters/4-580>		<http://ids.clld.org/values/4-580-264-3>		"-ta"@cuj	
"siča"@aro	<http://ids.clld.org/values/4-180-272-1>		<http://ids.clld.org/parameters/4-180>		<http://ids.clld.org/values/4-180-264-1>		"nši"@cuj	
"ezoe"@aro	<http://ids.clld.org/values/2-280-272-3>		<http://ids.clld.org/parameters/2-280>		<http://ids.clld.org/values/2-280-264-1>		"mtɨ-rɨ"@cuj	
"beza"@aro	<http://ids.clld.org/values/10-340-272-1>		<http://ids.clld.org/parameters/10-340>		<http://ids.clld.org/values/10-340-264-1>		"hikmahata"@cuj	
"e-šoa"@aro	<http://ids.clld.org/values/4-200-272-1>		<http://ids.clld.org/parameters/4-200>		<http://ids.clld.org/values/4-200-264-1>		"xiwɨ"@cuj	
"pezo"@aro	<http://ids.clld.org/values/13-230-272-3>		<http://ids.clld.org/parameters/13-230>		<http://ids.clld.org/values/13-230-264-1>		"psoxi"@cuj	
"ani"@aro	<http://ids.clld.org/values/12-130-272-1>		<http://ids.clld.org/parameters/12-130>		<http://ids.clld.org/values/12-130-264-1>		"tɨpľa-ta"@cuj	
"c̷ota"@aro	<http://ids.clld.org/values/9-760-272-3>		<http://ids.clld.org/parameters/9-760>		<http://ids.clld.org/values/9-760-264-1>		"koxi-ta"@cuj	
"c̷ope"@aro	<http://ids.clld.org/values/4-853-272-1>		<http://ids.clld.org/parameters/4-853>		<http://ids.clld.org/values/4-853-264-3>		"hanka-xrɨ"@cuj	
"c̷ope"@aro	<http://ids.clld.org/values/4-853-272-1>		<http://ids.clld.org/parameters/4-853>		<http://ids.clld.org/values/4-853-264-1>		"hanka"@cuj	
"lele"@aro	<http://ids.clld.org/values/12-110-272-3>		<http://ids.clld.org/parameters/12-110>		<http://ids.clld.org/values/12-110-264-1>		"-waka"@cuj	
"padi"@aro	<http://ids.clld.org/values/4-374-272-1>		<http://ids.clld.org/parameters/4-374>		<http://ids.clld.org/values/4-374-264-1>		"hapo"@cuj	
"hanawa"@aro	<http://ids.clld.org/values/4-912-272-1>		<http://ids.clld.org/parameters/4-912>		<http://ids.clld.org/values/4-912-264-1>		"hapnanɨta"@cuj	
"ai"@aro	<http://ids.clld.org/values/17-640-272-1>		<http://ids.clld.org/parameters/17-640>		<http://ids.clld.org/values/17-640-264-1>		"kľa"@cuj	
"ai"@aro	<http://ids.clld.org/values/17-640-272-1>		<http://ids.clld.org/parameters/17-640>		<http://ids.clld.org/values/17-640-264-3>		"kľɨ"@cuj	
"wizaboto"@aro	<http://ids.clld.org/values/12-330-272-3>		<http://ids.clld.org/parameters/12-330>		<http://ids.clld.org/values/12-330-264-1>		"c̷opo"@cuj	
"zio"@aro	<http://ids.clld.org/values/9-280-272-1>		<http://ids.clld.org/parameters/9-280>		<http://ids.clld.org/values/9-280-264-1>		"kteha"@cuj	
"kʷiča"@aro	<http://ids.clld.org/values/4-110-272-1>		<http://ids.clld.org/parameters/4-110>		<http://ids.clld.org/values/4-110-264-1>		"mane"@cuj	
"hehe"@aro	<http://ids.clld.org/values/18-120-272-1>		<http://ids.clld.org/parameters/18-120>		<http://ids.clld.org/values/18-120-264-1>		"šikaľe-ta"@cuj	
"ize"@aro	<http://ids.clld.org/values/4-630-272-1>		<http://ids.clld.org/parameters/4-630>		<http://ids.clld.org/values/4-630-264-1>		"komyeka"@cuj	
"nime"@aro	<http://ids.clld.org/values/16-110-272-1>		<http://ids.clld.org/parameters/16-110>		<http://ids.clld.org/values/16-110-264-1>		"kam-či"@cuj	
"ec̷a"@aro	<http://ids.clld.org/values/8-570-272-1>		<http://ids.clld.org/parameters/8-570>		<http://ids.clld.org/values/8-570-264-1>		"hwɨ ~ howɨ"@cuj	
"tili-tili"@aro	<http://ids.clld.org/values/1-560-272-1>		<http://ids.clld.org/parameters/1-560>		<http://ids.clld.org/values/1-560-264-1>		"hitľohita"@cuj	
"sawawe"@aro	<http://ids.clld.org/values/5-122-272-1>		<http://ids.clld.org/parameters/5-122>		<http://ids.clld.org/values/5-122-264-1>		"herotɨ"@cuj	
"c̷owaha"@aro	<http://ids.clld.org/values/5-640-272-3>		<http://ids.clld.org/parameters/5-640>		<http://ids.clld.org/values/5-640-264-1>		"čopi"@cuj	
"wane"@aro	<http://ids.clld.org/values/2-320-272-1>		<http://ids.clld.org/parameters/2-320>		<http://ids.clld.org/values/2-320-264-1>		"hanɨnro ~ hnɨnro"@cuj	
"imea"@aro	<http://ids.clld.org/values/9-110-272-3>		<http://ids.clld.org/parameters/9-110>		<http://ids.clld.org/values/9-110-264-1>		"kam-rɨ-ta"@cuj	
"papa"@aro	<http://ids.clld.org/values/4-780-272-1>		<http://ids.clld.org/parameters/4-780>		<http://ids.clld.org/values/4-780-264-1>		"kapnata"@cuj	
"pobe-a"@aro	<http://ids.clld.org/values/10-480-272-1>		<http://ids.clld.org/parameters/10-480>		<http://ids.clld.org/values/10-480-264-1>		"hina"@cuj	
"šakʷa"@aro	<http://ids.clld.org/values/2-251-272-3>		<http://ids.clld.org/parameters/2-251>		<http://ids.clld.org/values/2-251-264-1>		"makľɨxi"@cuj	
"ahohi"@aro	<http://ids.clld.org/values/4-810-272-3>		<http://ids.clld.org/parameters/4-810>		<http://ids.clld.org/values/4-810-264-1>		"hičko"@cuj	
"lao"@aro	<http://ids.clld.org/values/3-583-272-3>		<http://ids.clld.org/parameters/3-583>		<http://ids.clld.org/values/3-583-264-1>		"hakapľa"@cuj	
"kʷe-ono"@aro	<http://ids.clld.org/values/4-271-272-1>		<http://ids.clld.org/parameters/4-271>		<http://ids.clld.org/values/4-271-264-1>		"kyapi"@cuj	
"hai-ǰa"@aro	<http://ids.clld.org/values/16-710-272-5>		<http://ids.clld.org/parameters/16-710>		<http://ids.clld.org/values/16-710-264-1>		"kihľe"@cuj	
"akeoli"@aro	<http://ids.clld.org/values/16-530-272-1>		<http://ids.clld.org/parameters/16-530>		<http://ids.clld.org/values/16-530-264-1>		"pika"@cuj	
"tiado"@aro	<http://ids.clld.org/values/4-281-272-1>		<http://ids.clld.org/parameters/4-281>		<http://ids.clld.org/values/4-281-264-1>		"paxnohi / noxi (?)"@cuj	
"wi"@aro	<http://ids.clld.org/values/4-650-272-1>		<http://ids.clld.org/parameters/4-650>		<http://ids.clld.org/values/4-650-264-1>		"c̷ɨna-ka"@cuj	
"zei"@aro	<http://ids.clld.org/values/12-110-272-1>		<http://ids.clld.org/parameters/12-110>		<http://ids.clld.org/values/12-110-264-1>		"-waka"@cuj	
"baepa mozizi"@aro	<http://ids.clld.org/values/1-740-272-1>		<http://ids.clld.org/parameters/1-740>		<http://ids.clld.org/values/1-740-264-1>		"kyačhapererɨmko"@cuj	
"emi"@aro	<http://ids.clld.org/values/4-130-272-1>		<http://ids.clld.org/parameters/4-130>		<http://ids.clld.org/values/4-130-264-1>		"hitɨ"@cuj	
"mano"@aro	<http://ids.clld.org/values/1-360-272-3>		<http://ids.clld.org/parameters/1-360>		<http://ids.clld.org/values/1-360-264-3>		"hapha"@cuj	
"mano"@aro	<http://ids.clld.org/values/1-360-272-3>		<http://ids.clld.org/parameters/1-360>		<http://ids.clld.org/values/1-360-264-1>		"wenɨ"@cuj	
"pa"@aro	<http://ids.clld.org/values/16-370-272-1>		<http://ids.clld.org/parameters/16-370>		<http://ids.clld.org/values/16-370-264-3>		"sapľe"@cuj	
"pa"@aro	<http://ids.clld.org/values/16-370-272-1>		<http://ids.clld.org/parameters/16-370>		<http://ids.clld.org/values/16-370-264-1>		"čiyaha-ta"@cuj	
"misi"@aro	<http://ids.clld.org/values/3-620-272-1>		<http://ids.clld.org/parameters/3-620>		<http://ids.clld.org/values/3-620-264-1>		"mišito"@cuj	
"zaka"@aro	<http://ids.clld.org/values/18-740-272-1>		<http://ids.clld.org/parameters/18-740>		<http://ids.clld.org/values/18-740-264-3>		"škikixi"@cuj	
"zaka"@aro	<http://ids.clld.org/values/18-740-272-1>		<http://ids.clld.org/parameters/18-740>		<http://ids.clld.org/values/18-740-264-1>		"šakapaxi"@cuj	
"ke (?)"@aro	<http://ids.clld.org/values/17-670-272-5>		<http://ids.clld.org/parameters/17-670>		<http://ids.clld.org/values/17-670-264-1>		"hirɨ"@cuj	
"akʷi-biki bewe"@aro	<http://ids.clld.org/values/8-750-272-1>		<http://ids.clld.org/parameters/8-750>		<http://ids.clld.org/values/8-750-264-1>		"mta"@cuj	
"akʷi-biki bewe"@aro	<http://ids.clld.org/values/8-750-272-1>		<http://ids.clld.org/parameters/8-750>		<http://ids.clld.org/values/8-750-264-3>		"pata"@cuj	
"di"@aro	<http://ids.clld.org/values/5-110-272-1>		<http://ids.clld.org/parameters/5-110>		<http://ids.clld.org/values/5-110-264-1>		"nika"@cuj	
"ko"@aro	<http://ids.clld.org/values/17-660-272-1>		<http://ids.clld.org/parameters/17-660>		<http://ids.clld.org/values/17-660-264-1>		"hinaka"@cuj	
"eadai"@aro	<http://ids.clld.org/values/4-360-272-1>		<http://ids.clld.org/parameters/4-360>		<http://ids.clld.org/values/4-360-264-1>		"soxi"@cuj	
"pona"@aro	<http://ids.clld.org/values/2-220-272-1>		<http://ids.clld.org/parameters/2-220>		<http://ids.clld.org/values/2-220-264-1>		"sɨtʸo"@cuj	
"waha"@aro	<http://ids.clld.org/values/5-840-272-1>		<http://ids.clld.org/parameters/5-840>		<http://ids.clld.org/values/5-840-264-3>		"wroľ-ha"@cuj	
"waha"@aro	<http://ids.clld.org/values/5-840-272-1>		<http://ids.clld.org/parameters/5-840>		<http://ids.clld.org/values/5-840-264-1>		"popnixirha"@cuj	
"tomihaha"@aro	<http://ids.clld.org/values/4-371-272-1>		<http://ids.clld.org/parameters/4-371>		<http://ids.clld.org/values/4-371-264-1>		"yhalexi"@cuj	
"bibi"@aro	<http://ids.clld.org/values/5-160-272-1>		<http://ids.clld.org/parameters/5-160>		<http://ids.clld.org/values/5-160-264-1>		"haši-ča"@cuj	
"oha"@aro	<http://ids.clld.org/values/5-460-272-3>		<http://ids.clld.org/parameters/5-460>		<http://ids.clld.org/values/5-460-264-1>		"pata"@cuj	
"anaha"@aro	<http://ids.clld.org/values/15-830-272-1>		<http://ids.clld.org/parameters/15-830>		<http://ids.clld.org/values/15-830-264-3>		"kha"@cuj	
"anaha"@aro	<http://ids.clld.org/values/15-830-272-1>		<http://ids.clld.org/parameters/15-830>		<http://ids.clld.org/values/15-830-264-1>		"hi-ha-ka"@cuj	
"poc̷otana"@aro	<http://ids.clld.org/values/15-440-272-3>		<http://ids.clld.org/parameters/15-440>		<http://ids.clld.org/values/15-440-264-1>		"hima"@cuj	
"akʷeo"@aro	<http://ids.clld.org/values/15-780-272-1>		<http://ids.clld.org/parameters/15-780>		<http://ids.clld.org/values/15-780-264-1>		"phewna"@cuj	
"ba"@aro	<http://ids.clld.org/values/15-510-272-1>		<http://ids.clld.org/parameters/15-510>		<http://ids.clld.org/values/15-510-264-1>		"heta"@cuj	
"kec̷io"@aro	<http://ids.clld.org/values/17-650-272-3>		<http://ids.clld.org/parameters/17-650>		<http://ids.clld.org/values/17-650-264-1>		"hikľɨ"@cuj	
"wele-wele-i"@aro	<http://ids.clld.org/values/3-830-272-1>		<http://ids.clld.org/parameters/3-830>		<http://ids.clld.org/values/3-830-264-3>		"yowini"@cuj	
"wele-wele-i"@aro	<http://ids.clld.org/values/3-830-272-1>		<http://ids.clld.org/parameters/3-830>		<http://ids.clld.org/values/3-830-264-1>		"xemxerne"@cuj	
"welolo"@aro	<http://ids.clld.org/values/4-550-272-1>		<http://ids.clld.org/parameters/4-550>		<http://ids.clld.org/values/4-550-264-1>		"hinkoka"@cuj	
"toa-bei"@aro	<http://ids.clld.org/values/4-212-272-1>		<http://ids.clld.org/parameters/4-212>		<http://ids.clld.org/values/4-212-264-1>		"šawrɨ-ha"@cuj	
"toloanini"@aro	<http://ids.clld.org/values/10-412-272-1>		<http://ids.clld.org/parameters/10-412>		<http://ids.clld.org/values/10-412-264-1>		"yopc̷oxita"@cuj	
"wiǰi"@aro	<http://ids.clld.org/values/4-751-272-1>		<http://ids.clld.org/parameters/4-751>		<http://ids.clld.org/values/4-751-264-1>		"hahyeka"@cuj	
"piwiwihi"@aro	<http://ids.clld.org/values/4-858-272-1>		<http://ids.clld.org/parameters/4-858>		<http://ids.clld.org/values/4-858-264-1>		"pčo"@cuj	
"piwiwihi"@aro	<http://ids.clld.org/values/4-858-272-1>		<http://ids.clld.org/parameters/4-858>		<http://ids.clld.org/values/4-858-264-3>		"pčo-ľe"@cuj	
"noc̷a"@aro	<http://ids.clld.org/values/8-510-272-1>		<http://ids.clld.org/parameters/8-510>		<http://ids.clld.org/values/8-510-264-3>		"kac̷-ľɨ"@cuj	
"noc̷a"@aro	<http://ids.clld.org/values/8-510-272-1>		<http://ids.clld.org/parameters/8-510>		<http://ids.clld.org/values/8-510-264-1>		"pekľo"@cuj	
"nokʷizi"@aro	<http://ids.clld.org/values/4-312-272-1>		<http://ids.clld.org/parameters/4-312>		<http://ids.clld.org/values/4-312-264-1>		"kxepɨ"@cuj	
"dizi"@aro	<http://ids.clld.org/values/10-710-272-1>		<http://ids.clld.org/parameters/10-710>		<http://ids.clld.org/values/10-710-264-1>		"hapo"@cuj	
"dizi"@aro	<http://ids.clld.org/values/10-710-272-1>		<http://ids.clld.org/parameters/10-710>		<http://ids.clld.org/values/10-710-264-3>		"hatnɨ"@cuj	
"moto"@aro	<http://ids.clld.org/values/4-464-272-3>		<http://ids.clld.org/parameters/4-464>		<http://ids.clld.org/values/4-464-264-1>		"srɨ"@cuj	
"wahei"@aro	<http://ids.clld.org/values/3-652-272-1>		<http://ids.clld.org/parameters/3-652>		<http://ids.clld.org/values/3-652-264-3>		"patľeta"@cuj	
"wahei"@aro	<http://ids.clld.org/values/3-652-272-1>		<http://ids.clld.org/parameters/3-652>		<http://ids.clld.org/values/3-652-264-1>		"hwa"@cuj	
"e-kʷe"@aro	<http://ids.clld.org/values/4-241-272-1>		<http://ids.clld.org/parameters/4-241>		<http://ids.clld.org/values/4-241-264-3>		"swɨtɨ"@cuj	
"e-kʷe"@aro	<http://ids.clld.org/values/4-241-272-1>		<http://ids.clld.org/parameters/4-241>		<http://ids.clld.org/values/4-241-264-1>		"xri"@cuj	
"iza-tobo"@aro	<http://ids.clld.org/values/4-950-272-1>		<http://ids.clld.org/parameters/4-950>		<http://ids.clld.org/values/4-950-264-1>		"[mašonti]"@cuj	
"mosozata"@aro	<http://ids.clld.org/values/4-441-272-1>		<http://ids.clld.org/parameters/4-441>		<http://ids.clld.org/values/4-441-264-1>		"čiyľe ~ čiiľe"@cuj	
"bataiyo"@aro	<http://ids.clld.org/values/4-570-272-1>		<http://ids.clld.org/parameters/4-570>		<http://ids.clld.org/values/4-570-264-1>		"hapľita"@cuj	
"bakʷa"@aro	<http://ids.clld.org/values/2-280-272-1>		<http://ids.clld.org/parameters/2-280>		<http://ids.clld.org/values/2-280-264-1>		"mtɨ-rɨ"@cuj	
"mani"@aro	<http://ids.clld.org/values/4-464-272-1>		<http://ids.clld.org/parameters/4-464>		<http://ids.clld.org/values/4-464-264-1>		"srɨ"@cuj	
"poisa"@aro	<http://ids.clld.org/values/2-461-272-3>		<http://ids.clld.org/parameters/2-461>		<http://ids.clld.org/values/2-461-264-1>		"kapokotɨ"@cuj	
"pai"@aro	<http://ids.clld.org/values/10-230-272-3>		<http://ids.clld.org/parameters/10-230>		<http://ids.clld.org/values/10-230-264-1>		"hixrɨ-ka"@cuj	
"wisoi-ono"@aro	<http://ids.clld.org/values/4-351-272-1>		<http://ids.clld.org/parameters/4-351>		<http://ids.clld.org/values/4-351-264-1>		"skotpaľi"@cuj	
"dihi"@aro	<http://ids.clld.org/values/3-832-272-1>		<http://ids.clld.org/parameters/3-832>		<http://ids.clld.org/values/3-832-264-1>		"hahyo"@cuj	
"c̷aha"@aro	<http://ids.clld.org/values/8-540-272-3>		<http://ids.clld.org/parameters/8-540>		<http://ids.clld.org/values/8-540-264-1>		"ko-c̷a"@cuj	
"c̷aha"@aro	<http://ids.clld.org/values/8-540-272-3>		<http://ids.clld.org/parameters/8-540>		<http://ids.clld.org/values/8-540-264-3>		"c̷ki"@cuj	
"walipa-ha"@aro	<http://ids.clld.org/values/5-970-272-3>		<http://ids.clld.org/parameters/5-970>		<http://ids.clld.org/values/5-970-264-1>		"naxi"@cuj	
"wadi"@aro	<http://ids.clld.org/values/2-360-272-3>		<http://ids.clld.org/parameters/2-360>		<http://ids.clld.org/values/2-360-264-3>		"hin-ro"@cuj	
"wadi"@aro	<http://ids.clld.org/values/2-360-272-3>		<http://ids.clld.org/parameters/2-360>		<http://ids.clld.org/values/2-360-264-1>		"nato"@cuj	
"tahaha"@aro	<http://ids.clld.org/values/6-320-272-1>		<http://ids.clld.org/parameters/6-320>		<http://ids.clld.org/values/6-320-264-1>		"xiwe-ta"@cuj	
"toho"@aro	<http://ids.clld.org/values/20-640-272-1>		<http://ids.clld.org/parameters/20-640>		<http://ids.clld.org/values/20-640-264-1>		"hic̷ekľɨ"@cuj	
"a-apo"@aro	<http://ids.clld.org/values/1-620-272-1>		<http://ids.clld.org/parameters/1-620>		<http://ids.clld.org/values/1-620-264-1>		"yačhe"@cuj	
"a-apo"@aro	<http://ids.clld.org/values/1-620-272-1>		<http://ids.clld.org/parameters/1-620>		<http://ids.clld.org/values/1-620-264-3>		"yačnewľɨ"@cuj	
"bakʷa-piɲoli"@aro	<http://ids.clld.org/values/3-814-272-1>		<http://ids.clld.org/parameters/3-814>		<http://ids.clld.org/values/3-814-264-1>		"ponro"@cuj	
"maša"@aro	<http://ids.clld.org/values/6-120-272-3>		<http://ids.clld.org/parameters/6-120>		<http://ids.clld.org/values/6-120-264-1>		"mka"@cuj	
"a-aba"@aro	<http://ids.clld.org/values/16-270-272-1>		<http://ids.clld.org/parameters/16-270>		<http://ids.clld.org/values/16-270-264-3>		"hišinika"@cuj	
"a-aba"@aro	<http://ids.clld.org/values/16-270-272-1>		<http://ids.clld.org/parameters/16-270>		<http://ids.clld.org/values/16-270-264-1>		"haľɨka"@cuj	
"toti"@aro	<http://ids.clld.org/values/4-855-272-3>		<http://ids.clld.org/parameters/4-855>		<http://ids.clld.org/values/4-855-264-1>		"xitho"@cuj	
"toti"@aro	<http://ids.clld.org/values/4-855-272-3>		<http://ids.clld.org/parameters/4-855>		<http://ids.clld.org/values/4-855-264-3>		"ximľewata"@cuj	
"asemimihi"@aro	<http://ids.clld.org/values/14-140-272-1>		<http://ids.clld.org/parameters/14-140>		<http://ids.clld.org/values/14-140-264-1>		"makľɨta"@cuj	
"a-hawa"@aro	<http://ids.clld.org/values/15-690-272-1>		<http://ids.clld.org/parameters/15-690>		<http://ids.clld.org/values/15-690-264-1>		"pwaľo"@cuj	
"timo"@aro	<http://ids.clld.org/values/1-840-272-1>		<http://ids.clld.org/parameters/1-840>		<http://ids.clld.org/values/1-840-264-1>		"čiči-pahi"@cuj	
"e-iɲa"@aro	<http://ids.clld.org/values/4-393-272-1>		<http://ids.clld.org/parameters/4-393>		<http://ids.clld.org/values/4-393-264-1>		"mexi"@cuj	
"hike"@aro	<http://ids.clld.org/values/17-670-272-1>		<http://ids.clld.org/parameters/17-670>		<http://ids.clld.org/values/17-670-264-1>		"hirɨ"@cuj	
"modo"@aro	<http://ids.clld.org/values/9-120-272-1>		<http://ids.clld.org/parameters/9-120>		<http://ids.clld.org/values/9-120-264-1>		"kamrɨrči"@cuj	
"tawi"@aro	<http://ids.clld.org/values/4-610-272-1>		<http://ids.clld.org/parameters/4-610>		<http://ids.clld.org/values/4-610-264-1>		"himka ~ himaka"@cuj	
"domi"@aro	<http://ids.clld.org/values/4-660-272-1>		<http://ids.clld.org/parameters/4-660>		<http://ids.clld.org/values/4-660-264-1>		"hička-ta"@cuj	
"tizo"@aro	<http://ids.clld.org/values/4-540-272-1>		<http://ids.clld.org/parameters/4-540>		<http://ids.clld.org/values/4-540-264-1>		"hečhota"@cuj	
"babasata"@aro	<http://ids.clld.org/values/3-583-272-1>		<http://ids.clld.org/parameters/3-583>		<http://ids.clld.org/values/3-583-264-1>		"hakapľa"@cuj	
"toa-kʷekʷe biki"@aro	<http://ids.clld.org/values/4-213-272-1>		<http://ids.clld.org/parameters/4-213>		<http://ids.clld.org/values/4-213-264-1>		"mta-ha"@cuj	
"laihihiye"@aro	<http://ids.clld.org/values/12-353-272-3>		<http://ids.clld.org/parameters/12-353>		<http://ids.clld.org/values/12-353-264-1>		"spɨ ~ špɨ"@cuj	
"tadada"@aro	<http://ids.clld.org/values/2-250-272-1>		<http://ids.clld.org/parameters/2-250>		<http://ids.clld.org/values/2-250-264-1>		"hexha"@cuj	
"šaha"@aro	<http://ids.clld.org/values/3-750-272-3>		<http://ids.clld.org/parameters/3-750>		<http://ids.clld.org/values/3-750-264-1>		"kšote-rɨ"@cuj	
"a-oli"@aro	<http://ids.clld.org/values/4-920-272-1>		<http://ids.clld.org/parameters/4-920>		<http://ids.clld.org/values/4-920-264-1>		"merso"@cuj	
"zia"@aro	<http://ids.clld.org/values/8-470-272-1>		<http://ids.clld.org/parameters/8-470>		<http://ids.clld.org/values/8-470-264-1>		"šixi"@cuj	
"neda"@aro	<http://ids.clld.org/values/16-310-272-3>		<http://ids.clld.org/parameters/16-310>		<http://ids.clld.org/values/16-310-264-1>		"čino"@cuj	
"apac̷e"@aro	<http://ids.clld.org/values/15-370-272-1>		<http://ids.clld.org/parameters/15-370>		<http://ids.clld.org/values/15-370-264-1>		"psaľo"@cuj	
"iɲakʷa"@aro	<http://ids.clld.org/values/3-811-272-1>		<http://ids.clld.org/parameters/3-811>		<http://ids.clld.org/values/3-811-264-3>		"šep-či"@cuj	
"iɲakʷa"@aro	<http://ids.clld.org/values/3-811-272-1>		<http://ids.clld.org/parameters/3-811>		<http://ids.clld.org/values/3-811-264-1>		"xepa"@cuj	
"laka"@aro	<http://ids.clld.org/values/5-181-272-1>		<http://ids.clld.org/parameters/5-181>		<http://ids.clld.org/values/5-181-264-1>		"nikľoka"@cuj	
"e-iza-ha"@aro	<http://ids.clld.org/values/4-220-272-1>		<http://ids.clld.org/parameters/4-220>		<http://ids.clld.org/values/4-220-264-3>		"xepi"@cuj	
"e-iza-ha"@aro	<http://ids.clld.org/values/4-220-272-1>		<http://ids.clld.org/parameters/4-220>		<http://ids.clld.org/values/4-220-264-1>		"xnako"@cuj	
"haiǰa-owe"@aro	<http://ids.clld.org/values/4-720-272-1>		<http://ids.clld.org/parameters/4-720>		<http://ids.clld.org/values/4-720-264-1>		"hišpaka"@cuj	
"hae"@aro	<http://ids.clld.org/values/3-650-272-1>		<http://ids.clld.org/parameters/3-650>		<http://ids.clld.org/values/3-650-264-1>		"šima"@cuj	
"zata"@aro	<http://ids.clld.org/values/10-340-272-3>		<http://ids.clld.org/parameters/10-340>		<http://ids.clld.org/values/10-340-264-1>		"hikmahata"@cuj	
"poisa"@aro	<http://ids.clld.org/values/14-150-272-3>		<http://ids.clld.org/parameters/14-150>		<http://ids.clld.org/values/14-150-264-1>		"c̷-rɨ"@cuj	
"woi"@aro	<http://ids.clld.org/values/18-170-272-3>		<http://ids.clld.org/parameters/18-170>		<http://ids.clld.org/values/18-170-264-1>		"xroľoxi"@cuj	
"wede wede"@aro	<http://ids.clld.org/values/10-451-272-1>		<http://ids.clld.org/parameters/10-451>		<http://ids.clld.org/values/10-451-264-1>		"mayapetɨta"@cuj	
"hono"@aro	<http://ids.clld.org/values/8-670-272-1>		<http://ids.clld.org/parameters/8-670>		<http://ids.clld.org/values/8-670-264-3>		"haha-pi-c̷a"@cuj	
"hono"@aro	<http://ids.clld.org/values/8-670-272-1>		<http://ids.clld.org/parameters/8-670>		<http://ids.clld.org/values/8-670-264-1>		"c̷a-pi"@cuj	
"hemi"@aro	<http://ids.clld.org/values/11-130-272-1>		<http://ids.clld.org/parameters/11-130>		<http://ids.clld.org/values/11-130-264-1>		"hani-ka"@cuj	
"doc̷oa-ti"@aro	<http://ids.clld.org/values/10-210-272-3>		<http://ids.clld.org/parameters/10-210>		<http://ids.clld.org/values/10-210-264-1>		"hitʸenowna"@cuj	
"kʷasi"@aro	<http://ids.clld.org/values/15-520-272-3>		<http://ids.clld.org/parameters/15-520>		<http://ids.clld.org/values/15-520-264-1>		"heta"@cuj	
"tadi"@aro	<http://ids.clld.org/values/2-350-272-3>		<http://ids.clld.org/parameters/2-350>		<http://ids.clld.org/values/2-350-264-1>		"hi-rɨ"@cuj	
"tadi"@aro	<http://ids.clld.org/values/2-350-272-3>		<http://ids.clld.org/parameters/2-350>		<http://ids.clld.org/values/2-350-264-3>		"pa-tɨ"@cuj	
"ešoli"@aro	<http://ids.clld.org/values/3-665-272-1>		<http://ids.clld.org/parameters/3-665>		<http://ids.clld.org/values/3-665-264-1>		"pɨc̷o-tɨ"@cuj	
"bata"@aro	<http://ids.clld.org/values/4-300-272-1>		<http://ids.clld.org/parameters/4-300>		<http://ids.clld.org/values/4-300-264-3>		"thana"@cuj	
"bata"@aro	<http://ids.clld.org/values/4-300-272-1>		<http://ids.clld.org/parameters/4-300>		<http://ids.clld.org/values/4-300-264-1>		"sko-thana"@cuj	
"mi"@aro	<http://ids.clld.org/values/2-920-272-1>		<http://ids.clld.org/parameters/2-920>		<http://ids.clld.org/values/2-920-264-3>		"p-"@cuj	
"mi"@aro	<http://ids.clld.org/values/2-920-272-1>		<http://ids.clld.org/parameters/2-920>		<http://ids.clld.org/values/2-920-264-5>		"pɨ-"@cuj	
"mi"@aro	<http://ids.clld.org/values/2-920-272-1>		<http://ids.clld.org/parameters/2-920>		<http://ids.clld.org/values/2-920-264-1>		"pitʸa"@cuj	
"e-ami"@aro	<http://ids.clld.org/values/5-610-272-1>		<http://ids.clld.org/parameters/5-610>		<http://ids.clld.org/values/5-610-264-1>		"nikči-hitɨ"@cuj	
"dono"@aro	<http://ids.clld.org/values/10-140-272-1>		<http://ids.clld.org/parameters/10-140>		<http://ids.clld.org/values/10-140-264-1>		"powata"@cuj	
"taze"@aro	<http://ids.clld.org/values/8-980-272-1>		<http://ids.clld.org/parameters/8-980>		<http://ids.clld.org/values/8-980-264-1>		"kačipɨ"@cuj	
"ewa"@aro	<http://ids.clld.org/values/1-100-272-1>		<http://ids.clld.org/parameters/1-100>		<http://ids.clld.org/values/1-100-264-1>		"hohi"@cuj	
"ode"@aro	<http://ids.clld.org/values/7-450-272-1>		<http://ids.clld.org/parameters/7-450>		<http://ids.clld.org/values/7-450-264-1>		"kataľo"@cuj	
"wede wede"@aro	<http://ids.clld.org/values/4-940-272-1>		<http://ids.clld.org/parameters/4-940>		<http://ids.clld.org/values/4-940-264-1>		"čoľi"@cuj	
"wac̷i"@aro	<http://ids.clld.org/values/4-370-272-1>		<http://ids.clld.org/parameters/4-370>		<http://ids.clld.org/values/4-370-264-1>		"xitʸi"@cuj	
"ewai"@aro	<http://ids.clld.org/values/9-790-272-1>		<http://ids.clld.org/parameters/9-790>		<http://ids.clld.org/values/9-790-264-1>		"hepno-pi"@cuj	
"eodi"@aro	<http://ids.clld.org/values/4-930-272-1>		<http://ids.clld.org/parameters/4-930>		<http://ids.clld.org/values/4-930-264-1>		"hopoľha"@cuj	
"amae"@aro	<http://ids.clld.org/values/15-640-272-1>		<http://ids.clld.org/parameters/15-640>		<http://ids.clld.org/values/15-640-264-1>		"kľata"@cuj	
"pilika"@aro	<http://ids.clld.org/values/1-222-272-1>		<http://ids.clld.org/parameters/1-222>		<http://ids.clld.org/values/1-222-264-1>		"pxita"@cuj	
"atapea"@aro	<http://ids.clld.org/values/19-230-272-3>		<http://ids.clld.org/parameters/19-230>		<http://ids.clld.org/values/19-230-264-1>		"nerɨ"@cuj	
"c̷ani"@aro	<http://ids.clld.org/values/3-831-272-1>		<http://ids.clld.org/parameters/3-831>		<http://ids.clld.org/values/3-831-264-1>		"hačikata"@cuj	
"me-šokʷe"@aro	<http://ids.clld.org/values/4-342-272-1>		<http://ids.clld.org/parameters/4-342>		<http://ids.clld.org/values/4-342-264-1>		"c̷rɨxirɨ"@cuj	
"oc̷o-a"@aro	<http://ids.clld.org/values/1-851-272-3>		<http://ids.clld.org/parameters/1-851>		<http://ids.clld.org/values/1-851-264-3>		"haľha"@cuj	
"oc̷o-a"@aro	<http://ids.clld.org/values/1-851-272-3>		<http://ids.clld.org/parameters/1-851>		<http://ids.clld.org/values/1-851-264-1>		"hapkaha"@cuj	
"oho"@aro	<http://ids.clld.org/values/2-930-272-7>		<http://ids.clld.org/parameters/2-930>		<http://ids.clld.org/values/2-930-264-1>		"waľe"@cuj	
"oho"@aro	<http://ids.clld.org/values/2-930-272-7>		<http://ids.clld.org/parameters/2-930>		<http://ids.clld.org/values/2-930-264-3>		"waľa"@cuj	
"yama"@aro	<http://ids.clld.org/values/2-910-272-3>		<http://ids.clld.org/parameters/2-910>		<http://ids.clld.org/values/2-910-264-1>		"hita"@cuj	
"yama"@aro	<http://ids.clld.org/values/2-910-272-3>		<http://ids.clld.org/parameters/2-910>		<http://ids.clld.org/values/2-910-264-3>		"-no"@cuj	
"ewa"@aro	<http://ids.clld.org/values/1-210-272-1>		<http://ids.clld.org/parameters/1-210>		<http://ids.clld.org/values/1-210-264-1>		"čixi"@cuj	
"abeise"@aro	<http://ids.clld.org/values/4-810-272-1>		<http://ids.clld.org/parameters/4-810>		<http://ids.clld.org/values/4-810-264-1>		"hičko"@cuj	
"aweo"@aro	<http://ids.clld.org/values/1-820-272-1>		<http://ids.clld.org/parameters/1-820>		<http://ids.clld.org/values/1-820-264-1>		"katmeroľɨ"@cuj	
"aiǰihae"@aro	<http://ids.clld.org/values/5-140-272-1>		<http://ids.clld.org/parameters/5-140>		<http://ids.clld.org/values/5-140-264-1>		"nači-ma"@cuj	
"hememe-i"@aro	<http://ids.clld.org/values/4-460-272-3>		<http://ids.clld.org/parameters/4-460>		<http://ids.clld.org/values/4-460-264-1>		"hička-mapa"@cuj	
"da"@aro	<http://ids.clld.org/values/2-930-272-1>		<http://ids.clld.org/parameters/2-930>		<http://ids.clld.org/values/2-930-264-1>		"waľe"@cuj	
"da"@aro	<http://ids.clld.org/values/2-930-272-1>		<http://ids.clld.org/parameters/2-930>		<http://ids.clld.org/values/2-930-264-3>		"waľa"@cuj	
"liati"@aro	<http://ids.clld.org/values/4-680-272-1>		<http://ids.clld.org/parameters/4-680>		<http://ids.clld.org/values/4-680-264-1>		"hišpiypeta"@cuj	
"wizi"@aro	<http://ids.clld.org/values/4-232-272-1>		<http://ids.clld.org/parameters/4-232>		<http://ids.clld.org/values/4-232-264-1>		"sro"@cuj	
"a-hawa-hawa"@aro	<http://ids.clld.org/values/5-123-272-1>		<http://ids.clld.org/parameters/5-123>		<http://ids.clld.org/values/5-123-264-1>		"sero"@cuj	
"ahe"@aro	<http://ids.clld.org/values/10-450-272-1>		<http://ids.clld.org/parameters/10-450>		<http://ids.clld.org/values/10-450-264-1>		"yana"@cuj	
"aheni"@aro	<http://ids.clld.org/values/16-530-272-3>		<http://ids.clld.org/parameters/16-530>		<http://ids.clld.org/values/16-530-264-1>		"pika"@cuj	
"mikana"@aro	<http://ids.clld.org/values/2-950-272-1>		<http://ids.clld.org/parameters/2-950>		<http://ids.clld.org/values/2-950-264-3>		"hi-"@cuj	
"mikana"@aro	<http://ids.clld.org/values/2-950-272-1>		<http://ids.clld.org/parameters/2-950>		<http://ids.clld.org/values/2-950-264-1>		"hitʸa"@cuj	
"beni"@aro	<http://ids.clld.org/values/1-720-272-1>		<http://ids.clld.org/parameters/1-720>		<http://ids.clld.org/values/1-720-264-3>		"hawoka"@cuj	
"beni"@aro	<http://ids.clld.org/values/1-720-272-1>		<http://ids.clld.org/parameters/1-720>		<http://ids.clld.org/values/1-720-264-1>		"nˑiphya"@cuj	
"šašo-kʷe"@aro	<http://ids.clld.org/values/1-360-272-1>		<http://ids.clld.org/parameters/1-360>		<http://ids.clld.org/values/1-360-264-3>		"hapha"@cuj	
"šašo-kʷe"@aro	<http://ids.clld.org/values/1-360-272-1>		<http://ids.clld.org/parameters/1-360>		<http://ids.clld.org/values/1-360-264-1>		"wenɨ"@cuj	
"e-ana"@aro	<http://ids.clld.org/values/4-260-272-1>		<http://ids.clld.org/parameters/4-260>		<http://ids.clld.org/values/4-260-264-1>		"nnɨ"@cuj	
"a-ize"@aro	<http://ids.clld.org/values/3-820-272-1>		<http://ids.clld.org/parameters/3-820>		<http://ids.clld.org/values/3-820-264-1>		"šišri"@cuj	
"oc̷e"@aro	<http://ids.clld.org/values/2-480-272-1>		<http://ids.clld.org/parameters/2-480>		<http://ids.clld.org/values/2-480-264-1>		"mekahyi"@cuj	
"c̷ekele"@aro	<http://ids.clld.org/values/3-930-272-3>		<http://ids.clld.org/parameters/3-930>		<http://ids.clld.org/values/3-930-264-1>		"c̷ec̷e"@cuj	
"akʷi"@aro	<http://ids.clld.org/values/1-420-272-1>		<http://ids.clld.org/parameters/1-420>		<http://ids.clld.org/values/1-420-264-3>		"hah-mɨna"@cuj	
"akʷi"@aro	<http://ids.clld.org/values/1-420-272-1>		<http://ids.clld.org/parameters/1-420>		<http://ids.clld.org/values/1-420-264-1>		"mɨna"@cuj	
"loleti"@aro	<http://ids.clld.org/values/4-670-272-1>		<http://ids.clld.org/parameters/4-670>		<http://ids.clld.org/values/4-670-264-1>		"kapere"@cuj	
"kʷalolo"@aro	<http://ids.clld.org/values/12-810-272-1>		<http://ids.clld.org/parameters/12-810>		<http://ids.clld.org/values/12-810-264-1>		"po-pro-ľo-ľɨ"@cuj	
"aise"@aro	<http://ids.clld.org/values/17-680-272-1>		<http://ids.clld.org/parameters/17-680>		<http://ids.clld.org/values/17-680-264-1>		"katɨ"@cuj	
"lao"@aro	<http://ids.clld.org/values/4-580-272-1>		<http://ids.clld.org/parameters/4-580>		<http://ids.clld.org/values/4-580-264-1>		"haškaka"@cuj	
"lao"@aro	<http://ids.clld.org/values/4-580-272-1>		<http://ids.clld.org/parameters/4-580>		<http://ids.clld.org/values/4-580-264-3>		"-ta"@cuj	
"eha"@aro	<http://ids.clld.org/values/4-490-272-1>		<http://ids.clld.org/parameters/4-490>		<http://ids.clld.org/values/4-490-264-3>		"naxi"@cuj	
"eha"@aro	<http://ids.clld.org/values/4-490-272-1>		<http://ids.clld.org/parameters/4-490>		<http://ids.clld.org/values/4-490-264-1>		"hexha-naxi"@cuj	
"kʷada"@aro	<http://ids.clld.org/values/2-940-272-1>		<http://ids.clld.org/parameters/2-940>		<http://ids.clld.org/values/2-940-264-3>		"ha-"@cuj	
"kʷada"@aro	<http://ids.clld.org/values/2-940-272-1>		<http://ids.clld.org/parameters/2-940>		<http://ids.clld.org/values/2-940-264-1>		"witʸa"@cuj	
"ahai"@aro	<http://ids.clld.org/values/16-710-272-1>		<http://ids.clld.org/parameters/16-710>		<http://ids.clld.org/values/16-710-264-1>		"kihľe"@cuj	
"ba"@aro	<http://ids.clld.org/values/17-170-272-1>		<http://ids.clld.org/parameters/17-170>		<http://ids.clld.org/values/17-170-264-1>		"himata"@cuj	
"hoto"@aro	<http://ids.clld.org/values/3-840-272-1>		<http://ids.clld.org/parameters/3-840>		<http://ids.clld.org/values/3-840-264-1>		"c̷omi"@cuj	
"ziki"@aro	<http://ids.clld.org/values/9-760-272-5>		<http://ids.clld.org/parameters/9-760>		<http://ids.clld.org/values/9-760-264-1>		"koxi-ta"@cuj	
"bai"@aro	<http://ids.clld.org/values/1-330-272-1>		<http://ids.clld.org/parameters/1-330>		<http://ids.clld.org/values/1-330-264-3>		"wenɨ"@cuj	
"bai"@aro	<http://ids.clld.org/values/1-330-272-1>		<http://ids.clld.org/parameters/1-330>		<http://ids.clld.org/values/1-330-264-1>		"pow-ha"@cuj	
"pele-i"@aro	<http://ids.clld.org/values/10-840-272-1>		<http://ids.clld.org/parameters/10-840>		<http://ids.clld.org/values/10-840-264-1>		"pɨmľɨ"@cuj	
"zewi"@aro	<http://ids.clld.org/values/18-510-272-1>		<http://ids.clld.org/parameters/18-510>		<http://ids.clld.org/values/18-510-264-1>		"hitakyonhata"@cuj	
"bi(y)o"@aro	<http://ids.clld.org/values/12-330-272-1>		<http://ids.clld.org/parameters/12-330>		<http://ids.clld.org/values/12-330-264-1>		"c̷opo"@cuj	
"loto"@aro	<http://ids.clld.org/values/9-730-272-1>		<http://ids.clld.org/parameters/9-730>		<http://ids.clld.org/values/9-730-264-1>		"tawna"@cuj	
"loto"@aro	<http://ids.clld.org/values/9-730-272-1>		<http://ids.clld.org/parameters/9-730>		<http://ids.clld.org/values/9-730-264-3>		"taši"@cuj	
"talale"@aro	<http://ids.clld.org/values/12-850-272-1>		<http://ids.clld.org/parameters/12-850>		<http://ids.clld.org/values/12-850-264-3>		"nama"@cuj	
"talale"@aro	<http://ids.clld.org/values/12-850-272-1>		<http://ids.clld.org/parameters/12-850>		<http://ids.clld.org/values/12-850-264-1>		"pna"@cuj	
"neti"@aro	<http://ids.clld.org/values/4-740-272-3>		<http://ids.clld.org/parameters/4-740>		<http://ids.clld.org/values/4-740-264-1>		"hiweka"@cuj	
"koc̷o"@aro	<http://ids.clld.org/values/17-660-272-3>		<http://ids.clld.org/parameters/17-660>		<http://ids.clld.org/values/17-660-264-1>		"hinaka"@cuj	
"heti"@aro	<http://ids.clld.org/values/10-620-272-1>		<http://ids.clld.org/parameters/10-620>		<http://ids.clld.org/values/10-620-264-1>		"hwa-pa"@cuj	
"be-sese"@aro	<http://ids.clld.org/values/4-190-272-3>		<http://ids.clld.org/parameters/4-190>		<http://ids.clld.org/values/4-190-264-1>		"tʸi"@cuj	
"tibone"@aro	<http://ids.clld.org/values/11-280-272-1>		<http://ids.clld.org/parameters/11-280>		<http://ids.clld.org/values/11-280-264-1>		"himtɨteta"@cuj	
"didia"@aro	<http://ids.clld.org/values/5-110-272-3>		<http://ids.clld.org/parameters/5-110>		<http://ids.clld.org/values/5-110-264-1>		"nika"@cuj	
"bene"@aro	<http://ids.clld.org/values/12-360-272-1>		<http://ids.clld.org/parameters/12-360>		<http://ids.clld.org/values/12-360-264-1>		"tamnɨ"@cuj	
"esi"@aro	<http://ids.clld.org/values/12-530-272-3>		<http://ids.clld.org/parameters/12-530>		<http://ids.clld.org/values/12-530-264-1>		"c̷erɨwna"@cuj	
"no-lipi"@aro	<http://ids.clld.org/values/2-445-272-3>		<http://ids.clld.org/parameters/2-445>		<http://ids.clld.org/values/2-445-264-1>		"hepɨ-rɨ"@cuj	
"peada"@aro	<http://ids.clld.org/values/13-10-272-1>		<http://ids.clld.org/parameters/13-10>		<http://ids.clld.org/values/13-10-264-3>		"satɨ"@cuj	
"peada"@aro	<http://ids.clld.org/values/13-10-272-1>		<http://ids.clld.org/parameters/13-10>		<http://ids.clld.org/values/13-10-264-1>		"pa"@cuj	
"bia"@aro	<http://ids.clld.org/values/3-823-272-1>		<http://ids.clld.org/parameters/3-823>		<http://ids.clld.org/values/3-823-264-1>		"sanɨ"@cuj	
"a-bikʷe"@aro	<http://ids.clld.org/values/15-810-272-1>		<http://ids.clld.org/parameters/15-810>		<http://ids.clld.org/values/15-810-264-1>		"hi-no-ľɨ"@cuj	
"e-me"@aro	<http://ids.clld.org/values/4-330-272-1>		<http://ids.clld.org/parameters/4-330>		<http://ids.clld.org/values/4-330-264-1>		"myo"@cuj	
"kʷaba"@aro	<http://ids.clld.org/values/9-760-272-1>		<http://ids.clld.org/parameters/9-760>		<http://ids.clld.org/values/9-760-264-1>		"koxi-ta"@cuj	
"badi"@aro	<http://ids.clld.org/values/1-530-272-1>		<http://ids.clld.org/parameters/1-530>		<http://ids.clld.org/values/1-530-264-1>		"ksɨ-rɨ"@cuj	
"kʷac̷a"@aro	<http://ids.clld.org/values/4-240-272-1>		<http://ids.clld.org/parameters/4-240>		<http://ids.clld.org/values/4-240-264-1>		"nama"@cuj	
"doboso"@aro	<http://ids.clld.org/values/4-203-272-1>		<http://ids.clld.org/parameters/4-203>		<http://ids.clld.org/values/4-203-264-1>		"hašiče"@cuj	
"boatiki"@aro	<http://ids.clld.org/values/3-816-272-1>		<http://ids.clld.org/parameters/3-816>		<http://ids.clld.org/values/3-816-264-1>		"kačipkočirotero"@cuj	
"soso-na"@aro	<http://ids.clld.org/values/5-860-272-1>		<http://ids.clld.org/parameters/5-860>		<http://ids.clld.org/values/5-860-264-1>		"t-nɨ-ha"@cuj	
