"kʷada"@aro	<http://ids.clld.org/values/2-941-272-1>		<http://ids.clld.org/parameters/2-941>		<http://ids.clld.org/values/2-941-295-1>		"inɨ"@kpj	
"'bakʷa"@aro	<http://ids.clld.org/values/2-270-272-1>		<http://ids.clld.org/parameters/2-270>		<http://ids.clld.org/values/2-270-295-1>		"uladu"@kpj	
"šoa-iɲa"@aro	<http://ids.clld.org/values/4-140-272-1>		<http://ids.clld.org/parameters/4-140>		<http://ids.clld.org/values/4-140-295-1>		"ra-de"@kpj	
"iše"@aro	<http://ids.clld.org/values/9-210-272-1>		<http://ids.clld.org/parameters/9-210>		<http://ids.clld.org/values/9-210-295-1>		"bete"@kpj	
"iše"@aro	<http://ids.clld.org/values/9-210-272-1>		<http://ids.clld.org/parameters/9-210>		<http://ids.clld.org/values/9-210-295-3>		"we"@kpj	
"haha-haha"@aro	<http://ids.clld.org/values/12-810-272-3>		<http://ids.clld.org/parameters/12-810>		<http://ids.clld.org/values/12-810-295-1>		"i-webəse"@kpj	
"wawa"@aro	<http://ids.clld.org/values/2-540-272-1>		<http://ids.clld.org/parameters/2-540>		<http://ids.clld.org/values/2-540-295-1>		"ra"@kpj	
"lepe"@aro	<http://ids.clld.org/values/10-380-272-3>		<http://ids.clld.org/parameters/10-380>		<http://ids.clld.org/values/10-380-295-1>		"ibunɨ"@kpj	
"hana-miki"@aro	<http://ids.clld.org/values/4-510-272-1>		<http://ids.clld.org/parameters/4-510>		<http://ids.clld.org/values/4-510-295-1>		"ele"@kpj	
"telihi"@aro	<http://ids.clld.org/values/6-570-272-1>		<http://ids.clld.org/parameters/6-570>		<http://ids.clld.org/values/6-570-295-1>		"were-ɨsana"@kpj	
"walo-walo"@aro	<http://ids.clld.org/values/5-490-272-1>		<http://ids.clld.org/parameters/5-490>		<http://ids.clld.org/values/5-490-295-1>		"sɨ"@kpj	
"kʷa-ti"@aro	<http://ids.clld.org/values/1-810-272-1>		<http://ids.clld.org/parameters/1-810>		<http://ids.clld.org/values/1-810-295-1>		"heɔtɨ"@kpj	
"piso"@aro	<http://ids.clld.org/values/9-161-272-1>		<http://ids.clld.org/parameters/9-161>		<http://ids.clld.org/values/9-161-295-1>		"əsenɨ"@kpj	
"e-tae"@aro	<http://ids.clld.org/values/7-120-272-1>		<http://ids.clld.org/parameters/7-120>		<http://ids.clld.org/values/7-120-295-1>		"heto"@kpj	
"eotata"@aro	<http://ids.clld.org/values/12-240-272-1>		<http://ids.clld.org/parameters/12-240>		<http://ids.clld.org/values/12-240-295-1>		"iǰɔ"@kpj	
"bani"@aro	<http://ids.clld.org/values/18-280-272-1>		<http://ids.clld.org/parameters/18-280>		<http://ids.clld.org/values/18-280-295-1>		"ni"@kpj	
"iša"@aro	<http://ids.clld.org/values/14-350-272-3>		<http://ids.clld.org/parameters/14-350>		<http://ids.clld.org/values/14-350-295-3>		"išitɨre"@kpj	
"iša"@aro	<http://ids.clld.org/values/14-350-272-3>		<http://ids.clld.org/parameters/14-350>		<http://ids.clld.org/values/14-350-295-1>		"išəbɨ"@kpj	
"mioso"@aro	<http://ids.clld.org/values/12-370-272-1>		<http://ids.clld.org/parameters/12-370>		<http://ids.clld.org/values/12-370-295-3>		"were"@kpj	
"mioso"@aro	<http://ids.clld.org/values/12-370-272-1>		<http://ids.clld.org/parameters/12-370>		<http://ids.clld.org/values/12-370-295-1>		"tɨa"@kpj	
"kʷipac̷io"@aro	<http://ids.clld.org/values/17-650-272-1>		<http://ids.clld.org/parameters/17-650>		<http://ids.clld.org/values/17-650-295-1>		"tiu"@kpj	
"kʷipac̷io"@aro	<http://ids.clld.org/values/17-650-272-1>		<http://ids.clld.org/parameters/17-650>		<http://ids.clld.org/values/17-650-295-3>		"u"@kpj	
"a"@aro	<http://ids.clld.org/values/9-110-272-1>		<http://ids.clld.org/parameters/9-110>		<http://ids.clld.org/values/9-110-295-1>		"otəɨnɨ"@kpj	
"toa"@aro	<http://ids.clld.org/values/16-660-272-1>		<http://ids.clld.org/parameters/16-660>		<http://ids.clld.org/values/16-660-295-1>		"inatɨhɨ"@kpj	
"me"@aro	<http://ids.clld.org/values/9-110-272-5>		<http://ids.clld.org/parameters/9-110>		<http://ids.clld.org/values/9-110-295-1>		"otəɨnɨ"@kpj	
"me-ac̷a"@aro	<http://ids.clld.org/values/4-340-272-1>		<http://ids.clld.org/parameters/4-340>		<http://ids.clld.org/values/4-340-295-1>		"debɔ"@kpj	
"madaha"@aro	<http://ids.clld.org/values/4-360-272-3>		<http://ids.clld.org/parameters/4-360>		<http://ids.clld.org/values/4-360-295-1>		"(?) (d?i-)ɔho"@kpj	
"ha-wana"@aro	<http://ids.clld.org/values/12-140-272-3>		<http://ids.clld.org/parameters/12-140>		<http://ids.clld.org/values/12-140-295-1>		"aədɔnɨ"@kpj	
"noka"@aro	<http://ids.clld.org/values/6-460-272-3>		<http://ids.clld.org/parameters/6-460>		<http://ids.clld.org/values/6-460-295-1>		"ɨɨ"@kpj	
"hapo-i"@aro	<http://ids.clld.org/values/3-920-272-3>		<http://ids.clld.org/parameters/3-920>		<http://ids.clld.org/values/3-920-295-1>		"očiša"@kpj	
"dewa"@aro	<http://ids.clld.org/values/16-630-272-1>		<http://ids.clld.org/parameters/16-630>		<http://ids.clld.org/values/16-630-295-1>		"raɔ (?)"@kpj	
"zei"@aro	<http://ids.clld.org/values/1-230-272-1>		<http://ids.clld.org/parameters/1-230>		<http://ids.clld.org/values/1-230-295-1>		"bədero"@kpj	
"c̷abaha"@aro	<http://ids.clld.org/values/15-420-272-3>		<http://ids.clld.org/parameters/15-420>		<http://ids.clld.org/values/15-420-295-1>		"hokuǰa"@kpj	
"nawi"@aro	<http://ids.clld.org/values/4-690-272-1>		<http://ids.clld.org/parameters/4-690>		<http://ids.clld.org/values/4-690-295-1>		"səbe-nɨ"@kpj	
"aokʷe"@aro	<http://ids.clld.org/values/12-440-272-3>		<http://ids.clld.org/parameters/12-440>		<http://ids.clld.org/values/12-440-295-1>		"irehe"@kpj	
"mama"@aro	<http://ids.clld.org/values/2-444-272-1>		<http://ids.clld.org/parameters/2-444>		<http://ids.clld.org/values/2-444-295-1>		"dela"@kpj	
"mama"@aro	<http://ids.clld.org/values/2-444-272-1>		<http://ids.clld.org/parameters/2-444>		<http://ids.clld.org/values/2-444-295-3>		"umɨ-dela"@kpj	
"lihi-we"@aro	<http://ids.clld.org/values/13-230-272-1>		<http://ids.clld.org/parameters/13-230>		<http://ids.clld.org/values/13-230-295-1>		"əre"@kpj	
"dali"@aro	<http://ids.clld.org/values/17-172-272-3>		<http://ids.clld.org/parameters/17-172>		<http://ids.clld.org/values/17-172-295-1>		"sə-nɨ"@kpj	
"e-c̷e"@aro	<http://ids.clld.org/values/4-270-272-1>		<http://ids.clld.org/parameters/4-270>		<http://ids.clld.org/values/4-270-295-1>		"ǰuu"@kpj	
"e-c̷e"@aro	<http://ids.clld.org/values/4-270-272-1>		<http://ids.clld.org/parameters/4-270>		<http://ids.clld.org/values/4-270-295-3>		"čuu"@kpj	
"aliso"@aro	<http://ids.clld.org/values/16-810-272-3>		<http://ids.clld.org/parameters/16-810>		<http://ids.clld.org/values/16-810-295-1>		"ruše"@kpj	
"ami"@aro	<http://ids.clld.org/values/4-150-272-1>		<http://ids.clld.org/parameters/4-150>		<http://ids.clld.org/values/4-150-295-1>		"hãləbu"@kpj	
"homa"@aro	<http://ids.clld.org/values/2-930-272-5>		<http://ids.clld.org/parameters/2-930>		<http://ids.clld.org/values/2-930-295-1>		"tii"@kpj	
"c̷eiɲeba"@aro	<http://ids.clld.org/values/7-110-272-5>		<http://ids.clld.org/parameters/7-110>		<http://ids.clld.org/values/7-110-295-1>		"isɨ̃"@kpj	
"bado"@aro	<http://ids.clld.org/values/9-190-272-1>		<http://ids.clld.org/parameters/9-190>		<http://ids.clld.org/values/9-190-295-3>		"lɔɨsana (?)"@kpj	
"bado"@aro	<http://ids.clld.org/values/9-190-272-1>		<http://ids.clld.org/parameters/9-190>		<http://ids.clld.org/values/9-190-295-1>		"reroti"@kpj	
"banakʷa"@aro	<http://ids.clld.org/values/3-960-272-1>		<http://ids.clld.org/parameters/3-960>		<http://ids.clld.org/values/3-960-295-1>		"iǰare"@kpj	
"waezakʷa"@aro	<http://ids.clld.org/values/2-251-272-1>		<http://ids.clld.org/parameters/2-251>		<http://ids.clld.org/values/2-251-295-1>		"werɨrɨ-bɔ"@kpj	
"da"@aro	<http://ids.clld.org/values/16-710-272-3>		<http://ids.clld.org/parameters/16-710>		<http://ids.clld.org/values/16-710-295-1>		"awi"@kpj	
"kʷesa"@aro	<http://ids.clld.org/values/4-142-272-1>		<http://ids.clld.org/parameters/4-142>		<http://ids.clld.org/values/4-142-295-1>		"iǰɔsiri (?)"@kpj	
"haliǰa"@aro	<http://ids.clld.org/values/12-550-272-1>		<http://ids.clld.org/parameters/12-550>		<http://ids.clld.org/values/12-550-295-1>		"təbɨhɨkɨ̃"@kpj	
"azeza"@aro	<http://ids.clld.org/values/15-670-272-1>		<http://ids.clld.org/parameters/15-670>		<http://ids.clld.org/values/15-670-295-1>		"lɨ̃re"@kpj	
"azeza"@aro	<http://ids.clld.org/values/15-670-272-1>		<http://ids.clld.org/parameters/15-670>		<http://ids.clld.org/values/15-670-295-3>		"tɨ̃re"@kpj	
"c̷ekʷe tomo-i"@aro	<http://ids.clld.org/values/7-220-272-1>		<http://ids.clld.org/parameters/7-220>		<http://ids.clld.org/values/7-220-295-1>		"iǰɔtəbɔna"@kpj	
"bakʷe hike"@aro	<http://ids.clld.org/values/3-630-272-3>		<http://ids.clld.org/parameters/3-630>		<http://ids.clld.org/values/3-630-295-1>		"lawahakɨ̃"@kpj	
"esi"@aro	<http://ids.clld.org/values/2-461-272-1>		<http://ids.clld.org/parameters/2-461>		<http://ids.clld.org/values/2-461-295-1>		"nɨrɨ̃"@kpj	
"iše"@aro	<http://ids.clld.org/values/4-760-272-1>		<http://ids.clld.org/parameters/4-760>		<http://ids.clld.org/values/4-760-295-1>		"rəbu"@kpj	
"kʷala"@aro	<http://ids.clld.org/values/2-360-272-1>		<http://ids.clld.org/parameters/2-360>		<http://ids.clld.org/values/2-360-295-1>		"adi"@kpj	
"kʷala"@aro	<http://ids.clld.org/values/2-360-272-1>		<http://ids.clld.org/parameters/2-360>		<http://ids.clld.org/values/2-360-295-5>		"ise"@kpj	
"kʷala"@aro	<http://ids.clld.org/values/2-360-272-1>		<http://ids.clld.org/parameters/2-360>		<http://ids.clld.org/values/2-360-295-3>		"tadi"@kpj	
"wapehe"@aro	<http://ids.clld.org/values/6-240-272-1>		<http://ids.clld.org/parameters/6-240>		<http://ids.clld.org/values/6-240-295-1>		"esõde"@kpj	
"tedi"@aro	<http://ids.clld.org/values/9-343-272-1>		<http://ids.clld.org/parameters/9-343>		<http://ids.clld.org/values/9-343-295-1>		"irarɨčɨnɨ"@kpj	
"noi"@aro	<http://ids.clld.org/values/9-270-272-1>		<http://ids.clld.org/parameters/9-270>		<http://ids.clld.org/values/9-270-295-1>		"abɨnɨ"@kpj	
"noi"@aro	<http://ids.clld.org/values/9-270-272-1>		<http://ids.clld.org/parameters/9-270>		<http://ids.clld.org/values/9-270-295-3>		"čua"@kpj	
"poho"@aro	<http://ids.clld.org/values/17-520-272-5>		<http://ids.clld.org/parameters/17-520>		<http://ids.clld.org/values/17-520-295-1>		"šierɨ (?)"@kpj	
"lekʷekʷe-a"@aro	<http://ids.clld.org/values/9-330-272-1>		<http://ids.clld.org/parameters/9-330>		<http://ids.clld.org/values/9-330-295-1>		"irurehe"@kpj	
"nime-tioba"@aro	<http://ids.clld.org/values/16-150-272-1>		<http://ids.clld.org/parameters/16-150>		<http://ids.clld.org/values/16-150-295-1>		"ɔtii"@kpj	
"iyoti"@aro	<http://ids.clld.org/values/15-851-272-1>		<http://ids.clld.org/parameters/15-851>		<http://ids.clld.org/values/15-851-295-1>		"aõbina"@kpj	
"mi-ǰa-ha"@aro	<http://ids.clld.org/values/2-920-272-5>		<http://ids.clld.org/parameters/2-920>		<http://ids.clld.org/values/2-920-295-1>		"kai"@kpj	
"ašoda"@aro	<http://ids.clld.org/values/15-850-272-3>		<http://ids.clld.org/parameters/15-850>		<http://ids.clld.org/values/15-850-295-1>		"tɔtee"@kpj	
"a-pamo"@aro	<http://ids.clld.org/values/13-160-272-1>		<http://ids.clld.org/parameters/13-160>		<http://ids.clld.org/values/13-160-295-1>		"wɨna"@kpj	
"eowi"@aro	<http://ids.clld.org/values/1-310-272-3>		<http://ids.clld.org/parameters/1-310>		<http://ids.clld.org/values/1-310-295-3>		"bera"@kpj	
"eowi"@aro	<http://ids.clld.org/values/1-310-272-3>		<http://ids.clld.org/parameters/1-310>		<http://ids.clld.org/values/1-310-295-1>		"be"@kpj	
"biyo"@aro	<http://ids.clld.org/values/17-520-272-3>		<http://ids.clld.org/parameters/17-520>		<http://ids.clld.org/values/17-520-295-1>		"šierɨ (?)"@kpj	
"ba-mewe"@aro	<http://ids.clld.org/values/17-170-272-3>		<http://ids.clld.org/parameters/17-170>		<http://ids.clld.org/values/17-170-295-1>		"erɨ"@kpj	
"ba'kʷa"@aro	<http://ids.clld.org/values/3-850-272-1>		<http://ids.clld.org/parameters/3-850>		<http://ids.clld.org/values/3-850-295-1>		"hemɨlala"@kpj	
"eti"@aro	<http://ids.clld.org/values/4-492-272-1>		<http://ids.clld.org/parameters/4-492>		<http://ids.clld.org/values/4-492-295-1>		"no"@kpj	
"pena-pena"@aro	<http://ids.clld.org/values/15-750-272-1>		<http://ids.clld.org/parameters/15-750>		<http://ids.clld.org/values/15-750-295-1>		"aašinɨ"@kpj	
"apoakata"@aro	<http://ids.clld.org/values/4-860-272-1>		<http://ids.clld.org/parameters/4-860>		<http://ids.clld.org/values/4-860-295-1>		"teɨte-nɨ"@kpj	
"todi"@aro	<http://ids.clld.org/values/2-410-272-3>		<http://ids.clld.org/parameters/2-410>		<http://ids.clld.org/values/2-410-295-1>		"dəə"@kpj	
"sapa"@aro	<http://ids.clld.org/values/5-210-272-3>		<http://ids.clld.org/parameters/5-210>		<http://ids.clld.org/values/5-210-295-3>		"idere"@kpj	
"sapa"@aro	<http://ids.clld.org/values/5-210-272-3>		<http://ids.clld.org/parameters/5-210>		<http://ids.clld.org/values/5-210-295-1>		"hera"@kpj	
"popo"@aro	<http://ids.clld.org/values/3-596-272-1>		<http://ids.clld.org/parameters/3-596>		<http://ids.clld.org/values/3-596-295-1>		"tori-tori"@kpj	
"ai-kana"@aro	<http://ids.clld.org/values/11-180-272-1>		<http://ids.clld.org/parameters/11-180>		<http://ids.clld.org/values/11-180-295-1>		"aõ"@kpj	
"zoya"@aro	<http://ids.clld.org/values/9-350-272-1>		<http://ids.clld.org/parameters/9-350>		<http://ids.clld.org/values/9-350-295-1>		"ǰušu"@kpj	
"bakʷa"@aro	<http://ids.clld.org/values/2-420-272-3>		<http://ids.clld.org/parameters/2-420>		<http://ids.clld.org/values/2-420-295-1>		"deei"@kpj	
"šikata"@aro	<http://ids.clld.org/values/16-150-272-3>		<http://ids.clld.org/parameters/16-150>		<http://ids.clld.org/values/16-150-295-1>		"ɔtii"@kpj	
"zeti šama"@aro	<http://ids.clld.org/values/1-630-272-1>		<http://ids.clld.org/parameters/1-630>		<http://ids.clld.org/values/1-630-295-1>		"ubərɔrɔ"@kpj	
"kimiša"@aro	<http://ids.clld.org/values/13-30-272-1>		<http://ids.clld.org/parameters/13-30>		<http://ids.clld.org/values/13-30-295-1>		"inataõ"@kpj	
"eiye"@aro	<http://ids.clld.org/values/1-410-272-1>		<http://ids.clld.org/parameters/1-410>		<http://ids.clld.org/values/1-410-295-1>		"bədiu"@kpj	
"poeti"@aro	<http://ids.clld.org/values/14-270-272-3>		<http://ids.clld.org/parameters/14-270>		<http://ids.clld.org/values/14-270-295-1>		"mahãdunɨ"@kpj	
"poeti"@aro	<http://ids.clld.org/values/14-270-272-3>		<http://ids.clld.org/parameters/14-270>		<http://ids.clld.org/values/14-270-295-3>		"ɔbɨ"@kpj	
"aliba"@aro	<http://ids.clld.org/values/9-560-272-1>		<http://ids.clld.org/parameters/9-560>		<http://ids.clld.org/values/9-560-295-1>		"išiura"@kpj	
"c̷io"@aro	<http://ids.clld.org/values/17-650-272-5>		<http://ids.clld.org/parameters/17-650>		<http://ids.clld.org/values/17-650-295-1>		"tiu"@kpj	
"c̷io"@aro	<http://ids.clld.org/values/17-650-272-5>		<http://ids.clld.org/parameters/17-650>		<http://ids.clld.org/values/17-650-295-3>		"u"@kpj	
"ma"@aro	<http://ids.clld.org/values/17-560-272-1>		<http://ids.clld.org/parameters/17-560>		<http://ids.clld.org/values/17-560-295-1>		"aõkõ"@kpj	
"bakʷe-dea"@aro	<http://ids.clld.org/values/2-410-272-1>		<http://ids.clld.org/parameters/2-410>		<http://ids.clld.org/values/2-410-295-1>		"dəə"@kpj	
"awe mawe"@aro	<http://ids.clld.org/values/2-760-272-1>		<http://ids.clld.org/parameters/2-760>		<http://ids.clld.org/values/2-760-295-1>		"wɨtese"@kpj	
"ihi"@aro	<http://ids.clld.org/values/9-160-272-1>		<http://ids.clld.org/parameters/9-160>		<http://ids.clld.org/values/9-160-295-1>		"tɨ̃te-nɨ"@kpj	
"hapoc̷o"@aro	<http://ids.clld.org/values/17-690-272-3>		<http://ids.clld.org/parameters/17-690>		<http://ids.clld.org/values/17-690-295-1>		"aõherekiwe"@kpj	
"mala"@aro	<http://ids.clld.org/values/14-730-272-1>		<http://ids.clld.org/parameters/14-730>		<http://ids.clld.org/values/14-730-295-1>		"beɔra"@kpj	
"me-tezi"@aro	<http://ids.clld.org/values/4-344-272-1>		<http://ids.clld.org/parameters/4-344>		<http://ids.clld.org/values/4-344-295-1>		"dešiɔ"@kpj	
"maaposa"@aro	<http://ids.clld.org/values/6-460-272-1>		<http://ids.clld.org/parameters/6-460>		<http://ids.clld.org/values/6-460-295-1>		"ɨɨ"@kpj	
"hehe"@aro	<http://ids.clld.org/values/18-410-272-3>		<http://ids.clld.org/parameters/18-410>		<http://ids.clld.org/values/18-410-295-1>		"rəki"@kpj	
"patatahapo"@aro	<http://ids.clld.org/values/1-270-272-1>		<http://ids.clld.org/parameters/1-270>		<http://ids.clld.org/values/1-270-295-1>		"iǰəti (?)"@kpj	
"po-"@aro	<http://ids.clld.org/values/9-110-272-7>		<http://ids.clld.org/parameters/9-110>		<http://ids.clld.org/values/9-110-295-1>		"otəɨnɨ"@kpj	
"zipe-i"@aro	<http://ids.clld.org/values/9-770-272-1>		<http://ids.clld.org/parameters/9-770>		<http://ids.clld.org/values/9-770-295-1>		"bɨre"@kpj	
"kʷene-"@aro	<http://ids.clld.org/values/12-40-272-1>		<http://ids.clld.org/parameters/12-40>		<http://ids.clld.org/values/12-40-295-1>		"lau"@kpj	
"lobo-ti"@aro	<http://ids.clld.org/values/12-270-272-1>		<http://ids.clld.org/parameters/12-270>		<http://ids.clld.org/values/12-270-295-1>		"wasi"@kpj	
"pisa"@aro	<http://ids.clld.org/values/20-610-272-3>		<http://ids.clld.org/parameters/20-610>		<http://ids.clld.org/values/20-610-295-1>		"riu"@kpj	
"wiɲi"@aro	<http://ids.clld.org/values/8-760-272-3>		<http://ids.clld.org/parameters/8-760>		<http://ids.clld.org/values/8-760-295-1>		"bru (?)"@kpj	
"hewa"@aro	<http://ids.clld.org/values/12-530-272-1>		<http://ids.clld.org/parameters/12-530>		<http://ids.clld.org/values/12-530-295-1>		"təbie-nɨ"@kpj	
"mezizo"@aro	<http://ids.clld.org/values/1-215-272-1>		<http://ids.clld.org/parameters/1-215>		<http://ids.clld.org/values/1-215-295-1>		"ɨ̃nɨra"@kpj	
"neti"@aro	<http://ids.clld.org/values/12-150-272-1>		<http://ids.clld.org/parameters/12-150>		<http://ids.clld.org/values/12-150-295-1>		"ɨni"@kpj	
"waoti"@aro	<http://ids.clld.org/values/10-350-272-1>		<http://ids.clld.org/parameters/10-350>		<http://ids.clld.org/values/10-350-295-1>		"obunɨ"@kpj	
"zakʷai (?)"@aro	<http://ids.clld.org/values/6-920-272-1>		<http://ids.clld.org/parameters/6-920>		<http://ids.clld.org/values/6-920-295-1>		"irurinɨ"@kpj	
"weno sisa-ewe"@aro	<http://ids.clld.org/values/14-440-272-3>		<http://ids.clld.org/parameters/14-440>		<http://ids.clld.org/values/14-440-295-1>		"biurasɔ"@kpj	
"poli"@aro	<http://ids.clld.org/values/15-710-272-3>		<http://ids.clld.org/parameters/15-710>		<http://ids.clld.org/values/15-710-295-1>		"eri"@kpj	
"ema"@aro	<http://ids.clld.org/values/2-910-272-1>		<http://ids.clld.org/parameters/2-910>		<http://ids.clld.org/values/2-910-295-1>		"ǰiarɨ̃"@kpj	
"takʷa"@aro	<http://ids.clld.org/values/4-450-272-1>		<http://ids.clld.org/parameters/4-450>		<http://ids.clld.org/values/4-450-295-1>		"maa"@kpj	
"sihi"@aro	<http://ids.clld.org/values/11-210-272-3>		<http://ids.clld.org/parameters/11-210>		<http://ids.clld.org/values/11-210-295-1>		"õ"@kpj	
"sihi"@aro	<http://ids.clld.org/values/11-210-272-3>		<http://ids.clld.org/parameters/11-210>		<http://ids.clld.org/values/11-210-295-3>		"wahi"@kpj	
"apaza"@aro	<http://ids.clld.org/values/15-440-272-1>		<http://ids.clld.org/parameters/15-440>		<http://ids.clld.org/values/15-440-295-1>		"wodəɨ̃"@kpj	
"toloneti"@aro	<http://ids.clld.org/values/10-412-272-3>		<http://ids.clld.org/parameters/10-412>		<http://ids.clld.org/values/10-412-295-1>		"tiowoti-nɨ"@kpj	
"kʷae-sapa"@aro	<http://ids.clld.org/values/5-640-272-1>		<http://ids.clld.org/parameters/5-640>		<http://ids.clld.org/values/5-640-295-1>		"iweru"@kpj	
"ha-topa-ti"@aro	<http://ids.clld.org/values/16-260-272-3>		<http://ids.clld.org/parameters/16-260>		<http://ids.clld.org/values/16-260-295-1>		"ləsi"@kpj	
"ho pewe"@aro	<http://ids.clld.org/values/2-760-272-3>		<http://ids.clld.org/parameters/2-760>		<http://ids.clld.org/values/2-760-295-1>		"wɨtese"@kpj	
"ali"@aro	<http://ids.clld.org/values/4-910-272-1>		<http://ids.clld.org/parameters/4-910>		<http://ids.clld.org/values/4-910-295-1>		"ituede"@kpj	
"haha"@aro	<http://ids.clld.org/values/8-311-272-1>		<http://ids.clld.org/parameters/8-311>		<http://ids.clld.org/values/8-311-295-3>		"tɨ"@kpj	
"haha"@aro	<http://ids.clld.org/values/8-311-272-1>		<http://ids.clld.org/parameters/8-311>		<http://ids.clld.org/values/8-311-295-1>		"lɔbərɔna"@kpj	
"ic̷oba"@aro	<http://ids.clld.org/values/15-710-272-1>		<http://ids.clld.org/parameters/15-710>		<http://ids.clld.org/values/15-710-295-1>		"eri"@kpj	
"dizi"@aro	<http://ids.clld.org/values/10-720-272-1>		<http://ids.clld.org/parameters/10-720>		<http://ids.clld.org/values/10-720-295-1>		"rɨ"@kpj	
"apamo"@aro	<http://ids.clld.org/values/13-150-272-1>		<http://ids.clld.org/parameters/13-150>		<http://ids.clld.org/values/13-150-295-1>		"sõwe"@kpj	
"ho-towaha"@aro	<http://ids.clld.org/values/5-260-272-1>		<http://ids.clld.org/parameters/5-260>		<http://ids.clld.org/values/5-260-295-1>		"buči"@kpj	
"tolo"@aro	<http://ids.clld.org/values/2-250-272-3>		<http://ids.clld.org/parameters/2-250>		<http://ids.clld.org/values/2-250-295-1>		"werɨrɨ (?)"@kpj	
"-poda"@aro	<http://ids.clld.org/values/14-230-272-1>		<http://ids.clld.org/parameters/14-230>		<http://ids.clld.org/values/14-230-295-1>		"eledəɨ̃"@kpj	
"asawa"@aro	<http://ids.clld.org/values/4-910-272-3>		<http://ids.clld.org/parameters/4-910>		<http://ids.clld.org/values/4-910-295-1>		"ituede"@kpj	
"iwa"@aro	<http://ids.clld.org/values/18-410-272-1>		<http://ids.clld.org/parameters/18-410>		<http://ids.clld.org/values/18-410-295-1>		"rəki"@kpj	
"e-c̷oa"@aro	<http://ids.clld.org/values/4-160-272-1>		<http://ids.clld.org/parameters/4-160>		<http://ids.clld.org/values/4-160-295-1>		"ti"@kpj	
"šewi"@aro	<http://ids.clld.org/values/19-590-272-3>		<http://ids.clld.org/parameters/19-590>		<http://ids.clld.org/values/19-590-295-3>		"uritere"@kpj	
"šewi"@aro	<http://ids.clld.org/values/19-590-272-3>		<http://ids.clld.org/parameters/19-590>		<http://ids.clld.org/values/19-590-295-1>		"ikočinɨ"@kpj	
"bedaokʷa"@aro	<http://ids.clld.org/values/13-330-272-1>		<http://ids.clld.org/parameters/13-330>		<http://ids.clld.org/values/13-330-295-1>		"urile"@kpj	
"dohoda"@aro	<http://ids.clld.org/values/16-420-272-3>		<http://ids.clld.org/parameters/16-420>		<http://ids.clld.org/values/16-420-295-1>		"sira"@kpj	
"hehe-a"@aro	<http://ids.clld.org/values/13-210-272-1>		<http://ids.clld.org/parameters/13-210>		<http://ids.clld.org/values/13-210-295-1>		"hɨdɨnɨ"@kpj	
"hehe-a"@aro	<http://ids.clld.org/values/13-210-272-1>		<http://ids.clld.org/parameters/13-210>		<http://ids.clld.org/values/13-210-295-3>		"tɨ̃ši"@kpj	
"-dada"@aro	<http://ids.clld.org/values/12-10-272-1>		<http://ids.clld.org/parameters/12-10>		<http://ids.clld.org/values/12-10-295-1>		"he"@kpj	
"toma"@aro	<http://ids.clld.org/values/16-620-272-3>		<http://ids.clld.org/parameters/16-620>		<http://ids.clld.org/values/16-620-295-1>		"kɔte"@kpj	
"pana"@aro	<http://ids.clld.org/values/10-150-272-3>		<http://ids.clld.org/parameters/10-150>		<http://ids.clld.org/values/10-150-295-1>		"iwɨrinɨ"@kpj	
"ba"@aro	<http://ids.clld.org/values/15-520-272-1>		<http://ids.clld.org/parameters/15-520>		<http://ids.clld.org/values/15-520-295-1>		"etehe"@kpj	
"yanakona"@aro	<http://ids.clld.org/values/22-430-272-1>		<http://ids.clld.org/parameters/22-430>		<http://ids.clld.org/values/22-430-295-1>		"həri"@kpj	
"boso"@aro	<http://ids.clld.org/values/15-880-272-3>		<http://ids.clld.org/parameters/15-880>		<http://ids.clld.org/values/15-880-295-1>		"isuisu"@kpj	
"oši"@aro	<http://ids.clld.org/values/8-941-272-1>		<http://ids.clld.org/parameters/8-941>		<http://ids.clld.org/values/8-941-295-1>		"maiti"@kpj	
"c̷opolo"@aro	<http://ids.clld.org/values/4-853-272-3>		<http://ids.clld.org/parameters/4-853>		<http://ids.clld.org/values/4-853-295-1>		"atarinɨ"@kpj	
"mimi"@aro	<http://ids.clld.org/values/18-210-272-1>		<http://ids.clld.org/parameters/18-210>		<http://ids.clld.org/values/18-210-295-1>		"arɨbe"@kpj	
"beta"@aro	<http://ids.clld.org/values/13-170-272-1>		<http://ids.clld.org/parameters/13-170>		<http://ids.clld.org/values/13-170-295-1>		"ibute"@kpj	
"a-ašo"@aro	<http://ids.clld.org/values/15-850-272-1>		<http://ids.clld.org/parameters/15-850>		<http://ids.clld.org/values/15-850-295-1>		"tɔtee"@kpj	
"wai"@aro	<http://ids.clld.org/values/3-594-272-1>		<http://ids.clld.org/parameters/3-594>		<http://ids.clld.org/values/3-594-295-1>		"urasaha (ura-saha ?)"@kpj	
"lae"@aro	<http://ids.clld.org/values/9-260-272-1>		<http://ids.clld.org/parameters/9-260>		<http://ids.clld.org/values/9-260-295-1>		"əro"@kpj	
"topo"@aro	<http://ids.clld.org/values/13-107-272-1>		<http://ids.clld.org/parameters/13-107>		<http://ids.clld.org/values/13-107-295-1>		"aria"@kpj	
"akʷi-šokʷe"@aro	<http://ids.clld.org/values/8-730-272-1>		<http://ids.clld.org/parameters/8-730>		<http://ids.clld.org/values/8-730-295-1>		"ɔ"@kpj	
"leo"@aro	<http://ids.clld.org/values/3-596-272-3>		<http://ids.clld.org/parameters/3-596>		<http://ids.clld.org/values/3-596-295-1>		"tori-tori"@kpj	
"hode"@aro	<http://ids.clld.org/values/19-160-272-1>		<http://ids.clld.org/parameters/19-160>		<http://ids.clld.org/values/19-160-295-1>		"hãwã"@kpj	
"mano"@aro	<http://ids.clld.org/values/4-750-272-1>		<http://ids.clld.org/parameters/4-750>		<http://ids.clld.org/values/4-750-295-1>		"uru"@kpj	
"dea"@aro	<http://ids.clld.org/values/2-210-272-1>		<http://ids.clld.org/parameters/2-210>		<http://ids.clld.org/values/2-210-295-1>		"hãbu"@kpj	
"c̷oto"@aro	<http://ids.clld.org/values/5-125-272-5>		<http://ids.clld.org/parameters/5-125>		<http://ids.clld.org/values/5-125-295-1>		"irɔ"@kpj	
"bodoa"@aro	<http://ids.clld.org/values/12-210-272-9>		<http://ids.clld.org/parameters/12-210>		<http://ids.clld.org/values/12-210-295-1>		"botunɨ"@kpj	
"c̷edapo"@aro	<http://ids.clld.org/values/2-100-272-3>		<http://ids.clld.org/parameters/2-100>		<http://ids.clld.org/values/2-100-295-1>		"inɨ"@kpj	
"kʷekʷe"@aro	<http://ids.clld.org/values/4-250-272-1>		<http://ids.clld.org/parameters/4-250>		<http://ids.clld.org/values/4-250-295-1>		"iǰeti"@kpj	
"lasa-lasa"@aro	<http://ids.clld.org/values/12-650-272-1>		<http://ids.clld.org/parameters/12-650>		<http://ids.clld.org/values/12-650-295-1>		"deɔ̃dəɨ̃nanɨ"@kpj	
"ano-bololo"@aro	<http://ids.clld.org/values/3-950-272-1>		<http://ids.clld.org/parameters/3-950>		<http://ids.clld.org/values/3-950-295-1>		"ərɔ"@kpj	
"mosoho"@aro	<http://ids.clld.org/values/4-440-272-1>		<http://ids.clld.org/parameters/4-440>		<http://ids.clld.org/values/4-440-295-1>		"telesõ"@kpj	
"e-kʷiča"@aro	<http://ids.clld.org/values/2-100-272-1>		<http://ids.clld.org/parameters/2-100>		<http://ids.clld.org/values/2-100-295-1>		"inɨ"@kpj	
"toma"@aro	<http://ids.clld.org/values/16-440-272-1>		<http://ids.clld.org/parameters/16-440>		<http://ids.clld.org/values/16-440-295-1>		"hãru"@kpj	
"wane-i"@aro	<http://ids.clld.org/values/2-330-272-1>		<http://ids.clld.org/parameters/2-330>		<http://ids.clld.org/values/2-330-295-1>		"heri"@kpj	
"pia"@aro	<http://ids.clld.org/values/20-250-272-1>		<http://ids.clld.org/parameters/20-250>		<http://ids.clld.org/values/20-250-295-1>		"wɨhɨ"@kpj	
"mala bene"@aro	<http://ids.clld.org/values/12-480-272-1>		<http://ids.clld.org/parameters/12-480>		<http://ids.clld.org/values/12-480-295-1>		"bɔɔ"@kpj	
"hana"@aro	<http://ids.clld.org/values/5-120-272-1>		<http://ids.clld.org/parameters/5-120>		<http://ids.clld.org/values/5-120-295-1>		"bɔre"@kpj	
"hana"@aro	<http://ids.clld.org/values/5-120-272-1>		<http://ids.clld.org/parameters/5-120>		<http://ids.clld.org/values/5-120-295-3>		"hetɨ"@kpj	
"eowa"@aro	<http://ids.clld.org/values/1-100-272-3>		<http://ids.clld.org/parameters/1-100>		<http://ids.clld.org/values/1-100-295-1>		"bəde"@kpj	
"abizi"@aro	<http://ids.clld.org/values/16-230-272-1>		<http://ids.clld.org/parameters/16-230>		<http://ids.clld.org/values/16-230-295-3>		"teɨsa"@kpj	
"abizi"@aro	<http://ids.clld.org/values/16-230-272-1>		<http://ids.clld.org/parameters/16-230>		<http://ids.clld.org/values/16-230-295-1>		"deɨsa"@kpj	
"likʷi"@aro	<http://ids.clld.org/values/6-350-272-1>		<http://ids.clld.org/parameters/6-350>		<http://ids.clld.org/values/6-350-295-1>		"oretɨ"@kpj	
"kʷiwio"@aro	<http://ids.clld.org/values/12-620-272-1>		<http://ids.clld.org/parameters/12-620>		<http://ids.clld.org/values/12-620-295-1>		"ibuču"@kpj	
"-lipi"@aro	<http://ids.clld.org/values/16-270-272-3>		<http://ids.clld.org/parameters/16-270>		<http://ids.clld.org/values/16-270-295-1>		"luu"@kpj	
"mama"@aro	<http://ids.clld.org/values/2-220-272-3>		<http://ids.clld.org/parameters/2-220>		<http://ids.clld.org/values/2-220-295-1>		"hãwɨɨ"@kpj	
"zeti"@aro	<http://ids.clld.org/values/1-520-272-1>		<http://ids.clld.org/parameters/1-520>		<http://ids.clld.org/values/1-520-295-1>		"čuu"@kpj	
"dipanoši"@aro	<http://ids.clld.org/values/16-670-272-1>		<http://ids.clld.org/parameters/16-670>		<http://ids.clld.org/values/16-670-295-1>		"rui"@kpj	
"kʷihi"@aro	<http://ids.clld.org/values/9-310-272-1>		<http://ids.clld.org/parameters/9-310>		<http://ids.clld.org/values/9-310-295-1>		"ešiɔka (?)"@kpj	
"teli"@aro	<http://ids.clld.org/values/12-250-272-1>		<http://ids.clld.org/parameters/12-250>		<http://ids.clld.org/values/12-250-295-1>		"iɔhɔ"@kpj	
"hemi"@aro	<http://ids.clld.org/values/8-931-272-1>		<http://ids.clld.org/parameters/8-931>		<http://ids.clld.org/values/8-931-295-1>		"tɔera"@kpj	
"c̷ihi"@aro	<http://ids.clld.org/values/21-510-272-1>		<http://ids.clld.org/parameters/21-510>		<http://ids.clld.org/values/21-510-295-1>		"wasi-nɨ"@kpj	
"dilo"@aro	<http://ids.clld.org/values/12-260-272-1>		<http://ids.clld.org/parameters/12-260>		<http://ids.clld.org/values/12-260-295-1>		"hetɨ-nɨ"@kpj	
"hana"@aro	<http://ids.clld.org/values/8-150-272-1>		<http://ids.clld.org/parameters/8-150>		<http://ids.clld.org/values/8-150-295-1>		"oworu"@kpj	
"hododo"@aro	<http://ids.clld.org/values/10-460-272-1>		<http://ids.clld.org/parameters/10-460>		<http://ids.clld.org/values/10-460-295-1>		"iǰəra"@kpj	
"maedada"@aro	<http://ids.clld.org/values/4-205-272-1>		<http://ids.clld.org/parameters/4-205>		<http://ids.clld.org/values/4-205-295-1>		"ɔru"@kpj	
"hamomoneti"@aro	<http://ids.clld.org/values/1-620-272-3>		<http://ids.clld.org/parameters/1-620>		<http://ids.clld.org/values/1-620-295-1>		"uru-nɨ"@kpj	
"pe-ac̷a"@aro	<http://ids.clld.org/values/4-162-272-1>		<http://ids.clld.org/parameters/4-162>		<http://ids.clld.org/values/4-162-295-1>		"wiči"@kpj	
"mahana"@aro	<http://ids.clld.org/values/1-440-272-1>		<http://ids.clld.org/parameters/1-440>		<http://ids.clld.org/values/1-440-295-1>		"mɨna"@kpj	
"mama-zao"@aro	<http://ids.clld.org/values/2-445-272-1>		<http://ids.clld.org/parameters/2-445>		<http://ids.clld.org/values/2-445-295-1>		"iheruše"@kpj	
"c̷edo"@aro	<http://ids.clld.org/values/4-400-272-3>		<http://ids.clld.org/parameters/4-400>		<http://ids.clld.org/values/4-400-295-1>		"lɔɨ"@kpj	
"a-sawa-lili"@aro	<http://ids.clld.org/values/15-680-272-3>		<http://ids.clld.org/parameters/15-680>		<http://ids.clld.org/values/15-680-295-1>		"lɨ̃re"@kpj	
"a-sawa-lili"@aro	<http://ids.clld.org/values/15-680-272-3>		<http://ids.clld.org/parameters/15-680>		<http://ids.clld.org/values/15-680-295-3>		"tɨ̃re"@kpj	
"daokʷawe"@aro	<http://ids.clld.org/values/13-180-272-1>		<http://ids.clld.org/parameters/13-180>		<http://ids.clld.org/values/13-180-295-1>		"šãwi"@kpj	
"nio"@aro	<http://ids.clld.org/values/3-610-272-1>		<http://ids.clld.org/parameters/3-610>		<http://ids.clld.org/values/3-610-295-1>		"iǰɔrɔ-sa"@kpj	
"haha"@aro	<http://ids.clld.org/values/10-150-272-1>		<http://ids.clld.org/parameters/10-150>		<http://ids.clld.org/values/10-150-295-1>		"iwɨrinɨ"@kpj	
"c̷aiya"@aro	<http://ids.clld.org/values/18-130-272-3>		<http://ids.clld.org/parameters/18-130>		<http://ids.clld.org/values/18-130-295-1>		"raǰua"@kpj	
"wi"@aro	<http://ids.clld.org/values/18-170-272-1>		<http://ids.clld.org/parameters/18-170>		<http://ids.clld.org/values/18-170-295-1>		"iǰɔsiwi"@kpj	
"baba-šodi"@aro	<http://ids.clld.org/values/2-460-272-1>		<http://ids.clld.org/parameters/2-460>		<http://ids.clld.org/values/2-460-295-1>		"labie"@kpj	
"wodoho"@aro	<http://ids.clld.org/values/3-594-272-3>		<http://ids.clld.org/parameters/3-594>		<http://ids.clld.org/values/3-594-295-1>		"urasaha (ura-saha ?)"@kpj	
"e-c̷ei"@aro	<http://ids.clld.org/values/5-791-272-1>		<http://ids.clld.org/parameters/5-791>		<http://ids.clld.org/values/5-791-295-1>		"deni-deni (?)"@kpj	
"semihi"@aro	<http://ids.clld.org/values/15-750-272-3>		<http://ids.clld.org/parameters/15-750>		<http://ids.clld.org/values/15-750-295-1>		"aašinɨ"@kpj	
"mawic̷aha (?)"@aro	<http://ids.clld.org/values/5-590-272-1>		<http://ids.clld.org/parameters/5-590>		<http://ids.clld.org/values/5-590-295-1>		"owo"@kpj	
"aboa"@aro	<http://ids.clld.org/values/15-860-272-1>		<http://ids.clld.org/parameters/15-860>		<http://ids.clld.org/values/15-860-295-1>		"čutɨtɨ"@kpj	
"zabobo-a"@aro	<http://ids.clld.org/values/15-710-272-5>		<http://ids.clld.org/parameters/15-710>		<http://ids.clld.org/values/15-710-295-1>		"eri"@kpj	
"neti"@aro	<http://ids.clld.org/values/7-110-272-3>		<http://ids.clld.org/parameters/7-110>		<http://ids.clld.org/values/7-110-295-1>		"isɨ̃"@kpj	
"babaowe"@aro	<http://ids.clld.org/values/13-140-272-1>		<http://ids.clld.org/parameters/13-140>		<http://ids.clld.org/values/13-140-295-1>		"butu"@kpj	
"so(w)a"@aro	<http://ids.clld.org/values/20-510-272-1>		<http://ids.clld.org/parameters/20-510>		<http://ids.clld.org/values/20-510-295-1>		"waši-du"@kpj	
"kanawa"@aro	<http://ids.clld.org/values/10-831-272-1>		<http://ids.clld.org/parameters/10-831>		<http://ids.clld.org/values/10-831-295-3>		"lawɔ"@kpj	
"kanawa"@aro	<http://ids.clld.org/values/10-831-272-1>		<http://ids.clld.org/parameters/10-831>		<http://ids.clld.org/values/10-831-295-1>		"hãwɔ"@kpj	
"c̷eiɲeba"@aro	<http://ids.clld.org/values/4-740-272-5>		<http://ids.clld.org/parameters/4-740>		<http://ids.clld.org/values/4-740-295-1>		"iru"@kpj	
"madi"@aro	<http://ids.clld.org/values/8-760-272-1>		<http://ids.clld.org/parameters/8-760>		<http://ids.clld.org/values/8-760-295-1>		"bru (?)"@kpj	
"azaha"@aro	<http://ids.clld.org/values/15-840-272-1>		<http://ids.clld.org/parameters/15-840>		<http://ids.clld.org/values/15-840-295-1>		"irəbu"@kpj	
"pec̷e"@aro	<http://ids.clld.org/values/9-192-272-3>		<http://ids.clld.org/parameters/9-192>		<http://ids.clld.org/values/9-192-295-1>		"ratisa (?)"@kpj	
"hodo"@aro	<http://ids.clld.org/values/1-830-272-1>		<http://ids.clld.org/parameters/1-830>		<http://ids.clld.org/values/1-830-295-1>		"ɔti"@kpj	
"e-na"@aro	<http://ids.clld.org/values/1-310-272-1>		<http://ids.clld.org/parameters/1-310>		<http://ids.clld.org/values/1-310-295-3>		"bera"@kpj	
"e-na"@aro	<http://ids.clld.org/values/1-310-272-1>		<http://ids.clld.org/parameters/1-310>		<http://ids.clld.org/values/1-310-295-1>		"be"@kpj	
"topa"@aro	<http://ids.clld.org/values/16-260-272-1>		<http://ids.clld.org/parameters/16-260>		<http://ids.clld.org/values/16-260-295-1>		"ləsi"@kpj	
"eha"@aro	<http://ids.clld.org/values/5-970-272-1>		<http://ids.clld.org/parameters/5-970>		<http://ids.clld.org/values/5-970-295-1>		"si"@kpj	
"donoi"@aro	<http://ids.clld.org/values/7-422-272-1>		<http://ids.clld.org/parameters/7-422>		<http://ids.clld.org/values/7-422-295-1>		"hetɨ"@kpj	
"hebe"@aro	<http://ids.clld.org/values/15-210-272-1>		<http://ids.clld.org/parameters/15-210>		<http://ids.clld.org/values/15-210-295-1>		"uɔ"@kpj	
"timaihi"@aro	<http://ids.clld.org/values/6-570-272-3>		<http://ids.clld.org/parameters/6-570>		<http://ids.clld.org/values/6-570-295-1>		"were-ɨsana"@kpj	
"habatime"@aro	<http://ids.clld.org/values/17-150-272-3>		<http://ids.clld.org/parameters/17-150>		<http://ids.clld.org/values/17-150-295-1>		"itɨhɨ"@kpj	
"[kʷišilo]"@aro	<http://ids.clld.org/values/9-230-272-1>		<http://ids.clld.org/parameters/9-230>		<http://ids.clld.org/values/9-230-295-1>		"maɨ"@kpj	
"boana"@aro	<http://ids.clld.org/values/17-172-272-1>		<http://ids.clld.org/parameters/17-172>		<http://ids.clld.org/values/17-172-295-1>		"sə-nɨ"@kpj	
"lopo"@aro	<http://ids.clld.org/values/9-192-272-1>		<http://ids.clld.org/parameters/9-192>		<http://ids.clld.org/values/9-192-295-1>		"ratisa (?)"@kpj	
"abiča"@aro	<http://ids.clld.org/values/15-350-272-1>		<http://ids.clld.org/parameters/15-350>		<http://ids.clld.org/values/15-350-295-1>		"ibəree"@kpj	
"pawi-pawi"@aro	<http://ids.clld.org/values/3-592-272-3>		<http://ids.clld.org/parameters/3-592>		<http://ids.clld.org/values/3-592-295-1>		"dɔre"@kpj	
"biki"@aro	<http://ids.clld.org/values/4-120-272-1>		<http://ids.clld.org/parameters/4-120>		<http://ids.clld.org/values/4-120-295-1>		"tɨ"@kpj	
"ǰa-iša"@aro	<http://ids.clld.org/values/14-350-272-1>		<http://ids.clld.org/parameters/14-350>		<http://ids.clld.org/values/14-350-295-3>		"išitɨre"@kpj	
"ǰa-iša"@aro	<http://ids.clld.org/values/14-350-272-1>		<http://ids.clld.org/parameters/14-350>		<http://ids.clld.org/values/14-350-295-1>		"išəbɨ"@kpj	
"tomo"@aro	<http://ids.clld.org/values/12-260-272-3>		<http://ids.clld.org/parameters/12-260>		<http://ids.clld.org/values/12-260-295-1>		"hetɨ-nɨ"@kpj	
"poc̷ac̷a-i"@aro	<http://ids.clld.org/values/1-213-272-1>		<http://ids.clld.org/parameters/1-213>		<http://ids.clld.org/values/1-213-295-1>		"brɨbɨ-si"@kpj	
"pa"@aro	<http://ids.clld.org/values/12-350-272-1>		<http://ids.clld.org/parameters/12-350>		<http://ids.clld.org/values/12-350-295-1>		"kie"@kpj	
"c̷o"@aro	<http://ids.clld.org/values/11-320-272-1>		<http://ids.clld.org/parameters/11-320>		<http://ids.clld.org/values/11-320-295-1>		"ha"@kpj	
"ebe-"@aro	<http://ids.clld.org/values/4-300-272-3>		<http://ids.clld.org/parameters/4-300>		<http://ids.clld.org/values/4-300-295-1>		"ašiɔ-ti"@kpj	
"dipawe"@aro	<http://ids.clld.org/values/17-550-272-1>		<http://ids.clld.org/parameters/17-550>		<http://ids.clld.org/values/17-550-295-3>		"kohe"@kpj	
"dipawe"@aro	<http://ids.clld.org/values/17-550-272-1>		<http://ids.clld.org/parameters/17-550>		<http://ids.clld.org/values/17-550-295-1>		"hɨ̃de"@kpj	
"boni"@aro	<http://ids.clld.org/values/3-581-272-1>		<http://ids.clld.org/parameters/3-581>		<http://ids.clld.org/values/3-581-295-1>		"nawii"@kpj	
"kʷae"@aro	<http://ids.clld.org/values/15-550-272-1>		<http://ids.clld.org/parameters/15-550>		<http://ids.clld.org/values/15-550-295-1>		"teɔsi-nɨ"@kpj	
"okʷeda"@aro	<http://ids.clld.org/values/12-440-272-1>		<http://ids.clld.org/parameters/12-440>		<http://ids.clld.org/values/12-440-295-1>		"irehe"@kpj	
"tašoi"@aro	<http://ids.clld.org/values/12-750-272-1>		<http://ids.clld.org/parameters/12-750>		<http://ids.clld.org/values/12-750-295-1>		"waši (?)"@kpj	
"baepa"@aro	<http://ids.clld.org/values/1-510-272-1>		<http://ids.clld.org/parameters/1-510>		<http://ids.clld.org/values/1-510-295-1>		"biu-wetɔkɨ"@kpj	
"balele-a"@aro	<http://ids.clld.org/values/10-130-272-1>		<http://ids.clld.org/parameters/10-130>		<http://ids.clld.org/values/10-130-295-1>		"abuare"@kpj	
"c̷ena"@aro	<http://ids.clld.org/values/3-840-272-3>		<http://ids.clld.org/parameters/3-840>		<http://ids.clld.org/values/3-840-295-1>		"woudɔ"@kpj	
"ziki benepo maša"@aro	<http://ids.clld.org/values/6-440-272-1>		<http://ids.clld.org/parameters/6-440>		<http://ids.clld.org/values/6-440-295-3>		"nore"@kpj	
"ziki benepo maša"@aro	<http://ids.clld.org/values/6-440-272-1>		<http://ids.clld.org/parameters/6-440>		<http://ids.clld.org/values/6-440-295-1>		"dera"@kpj	
"zaboboa"@aro	<http://ids.clld.org/values/12-210-272-5>		<http://ids.clld.org/parameters/12-210>		<http://ids.clld.org/values/12-210-295-1>		"botunɨ"@kpj	
"lopo"@aro	<http://ids.clld.org/values/12-560-272-1>		<http://ids.clld.org/parameters/12-560>		<http://ids.clld.org/values/12-560-295-1>		"iɨǰa"@kpj	
"lopo"@aro	<http://ids.clld.org/values/12-560-272-1>		<http://ids.clld.org/parameters/12-560>		<http://ids.clld.org/values/12-560-295-3>		"i-ɨla"@kpj	
"lopo"@aro	<http://ids.clld.org/values/12-560-272-1>		<http://ids.clld.org/parameters/12-560>		<http://ids.clld.org/values/12-560-295-5>		"səmo"@kpj	
"beta-kata"@aro	<http://ids.clld.org/values/13-20-272-3>		<http://ids.clld.org/parameters/13-20>		<http://ids.clld.org/values/13-20-295-1>		"inači"@kpj	
"izi"@aro	<http://ids.clld.org/values/5-130-272-1>		<http://ids.clld.org/parameters/5-130>		<http://ids.clld.org/values/5-130-295-1>		"-õ-"@kpj	
"wo"@aro	<http://ids.clld.org/values/10-380-272-1>		<http://ids.clld.org/parameters/10-380>		<http://ids.clld.org/values/10-380-295-1>		"ibunɨ"@kpj	
"sewa"@aro	<http://ids.clld.org/values/15-650-272-1>		<http://ids.clld.org/parameters/15-650>		<http://ids.clld.org/values/15-650-295-1>		"iləbɨ"@kpj	
"ac̷o"@aro	<http://ids.clld.org/values/4-410-272-1>		<http://ids.clld.org/parameters/4-410>		<http://ids.clld.org/values/4-410-295-1>		"howɨ̃"@kpj	
"peada-we"@aro	<http://ids.clld.org/values/13-10-272-3>		<http://ids.clld.org/parameters/13-10>		<http://ids.clld.org/values/13-10-295-1>		"sohoǰi"@kpj	
"ewi"@aro	<http://ids.clld.org/values/4-230-272-1>		<http://ids.clld.org/parameters/4-230>		<http://ids.clld.org/values/4-230-295-1>		"deiãsɨ̃"@kpj	
"baba"@aro	<http://ids.clld.org/values/22-120-272-1>		<http://ids.clld.org/parameters/22-120>		<http://ids.clld.org/values/22-120-295-1>		"[deušu]"@kpj	
"me-anai bene"@aro	<http://ids.clld.org/values/12-410-272-1>		<http://ids.clld.org/parameters/12-410>		<http://ids.clld.org/values/12-410-295-1>		"ruruna-rəbi"@kpj	
"asele"@aro	<http://ids.clld.org/values/15-660-272-1>		<http://ids.clld.org/parameters/15-660>		<http://ids.clld.org/values/15-660-295-1>		"isɔ"@kpj	
"kʷawe-a"@aro	<http://ids.clld.org/values/8-920-272-1>		<http://ids.clld.org/parameters/8-920>		<http://ids.clld.org/values/8-920-295-1>		"ɨ̃ǰiura"@kpj	
"tozo"@aro	<http://ids.clld.org/values/9-270-272-3>		<http://ids.clld.org/parameters/9-270>		<http://ids.clld.org/values/9-270-295-1>		"abɨnɨ"@kpj	
"tozo"@aro	<http://ids.clld.org/values/9-270-272-3>		<http://ids.clld.org/parameters/9-270>		<http://ids.clld.org/values/9-270-295-3>		"čua"@kpj	
"walipa"@aro	<http://ids.clld.org/values/3-540-272-1>		<http://ids.clld.org/parameters/3-540>		<http://ids.clld.org/values/3-540-295-1>		"hãnie"@kpj	
"dati"@aro	<http://ids.clld.org/values/3-980-272-1>		<http://ids.clld.org/parameters/3-980>		<http://ids.clld.org/values/3-980-295-1>		"ɔtu"@kpj	
"dati"@aro	<http://ids.clld.org/values/3-980-272-1>		<http://ids.clld.org/parameters/3-980>		<http://ids.clld.org/values/3-980-295-3>		"ɔtuni"@kpj	
"-hao"@aro	<http://ids.clld.org/values/12-10-272-3>		<http://ids.clld.org/parameters/12-10>		<http://ids.clld.org/values/12-10-295-1>		"he"@kpj	
"e-toa"@aro	<http://ids.clld.org/values/4-210-272-1>		<http://ids.clld.org/parameters/4-210>		<http://ids.clld.org/values/4-210-295-1>		"rue"@kpj	
"sisa"@aro	<http://ids.clld.org/values/14-420-272-1>		<http://ids.clld.org/parameters/14-420>		<http://ids.clld.org/values/14-420-295-1>		"ruu"@kpj	
"lawia"@aro	<http://ids.clld.org/values/9-210-272-3>		<http://ids.clld.org/parameters/9-210>		<http://ids.clld.org/values/9-210-295-1>		"bete"@kpj	
"lawia"@aro	<http://ids.clld.org/values/9-210-272-3>		<http://ids.clld.org/parameters/9-210>		<http://ids.clld.org/values/9-210-295-3>		"we"@kpj	
"weta"@aro	<http://ids.clld.org/values/1-860-272-1>		<http://ids.clld.org/parameters/1-860>		<http://ids.clld.org/values/1-860-295-1>		"woro"@kpj	
"c̷ihabati"@aro	<http://ids.clld.org/values/19-510-272-3>		<http://ids.clld.org/parameters/19-510>		<http://ids.clld.org/values/19-510-295-1>		"biɔwa"@kpj	
"c̷ihabati"@aro	<http://ids.clld.org/values/19-510-272-3>		<http://ids.clld.org/parameters/19-510>		<http://ids.clld.org/values/19-510-295-3>		"iɔ"@kpj	
"kʷaiɲati"@aro	<http://ids.clld.org/values/10-550-272-1>		<http://ids.clld.org/parameters/10-550>		<http://ids.clld.org/values/10-550-295-1>		"hemɨnɨ"@kpj	
"naba-i"@aro	<http://ids.clld.org/values/4-392-272-1>		<http://ids.clld.org/parameters/4-392>		<http://ids.clld.org/values/4-392-295-1>		"deratɨti"@kpj	
"mic̷ičana"@aro	<http://ids.clld.org/values/14-270-272-1>		<http://ids.clld.org/parameters/14-270>		<http://ids.clld.org/values/14-270-295-1>		"mahãdunɨ"@kpj	
"mic̷ičana"@aro	<http://ids.clld.org/values/14-270-272-1>		<http://ids.clld.org/parameters/14-270>		<http://ids.clld.org/values/14-270-295-3>		"ɔbɨ"@kpj	
"ano"@aro	<http://ids.clld.org/values/2-470-272-1>		<http://ids.clld.org/parameters/2-470>		<http://ids.clld.org/values/2-470-295-1>		"lahi"@kpj	
"iɲakʷe"@aro	<http://ids.clld.org/values/16-440-272-3>		<http://ids.clld.org/parameters/16-440>		<http://ids.clld.org/values/16-440-295-1>		"hãru"@kpj	
"amahoho"@aro	<http://ids.clld.org/values/5-140-272-3>		<http://ids.clld.org/parameters/5-140>		<http://ids.clld.org/values/5-140-295-1>		"rəma"@kpj	
"maesa"@aro	<http://ids.clld.org/values/17-560-272-3>		<http://ids.clld.org/parameters/17-560>		<http://ids.clld.org/values/17-560-295-1>		"aõkõ"@kpj	
"pahakata"@aro	<http://ids.clld.org/values/16-320-272-3>		<http://ids.clld.org/parameters/16-320>		<http://ids.clld.org/values/16-320-295-1>		"sɨ̃bina"@kpj	
"kʷiča-po"@aro	<http://ids.clld.org/values/2-350-272-1>		<http://ids.clld.org/parameters/2-350>		<http://ids.clld.org/values/2-350-295-1>		"təbɨ"@kpj	
"kʷiča-po"@aro	<http://ids.clld.org/values/2-350-272-1>		<http://ids.clld.org/parameters/2-350>		<http://ids.clld.org/values/2-350-295-3>		"waha"@kpj	
"piša"@aro	<http://ids.clld.org/values/20-250-272-3>		<http://ids.clld.org/parameters/20-250>		<http://ids.clld.org/values/20-250-295-1>		"wɨhɨ"@kpj	
"nala"@aro	<http://ids.clld.org/values/4-280-272-1>		<http://ids.clld.org/parameters/4-280>		<http://ids.clld.org/values/4-280-295-1>		"lɔti"@kpj	
"ha"@aro	<http://ids.clld.org/values/17-430-272-1>		<http://ids.clld.org/parameters/17-430>		<http://ids.clld.org/values/17-430-295-3>		"nɨhe"@kpj	
"ha"@aro	<http://ids.clld.org/values/17-430-272-1>		<http://ids.clld.org/parameters/17-430>		<http://ids.clld.org/values/17-430-295-5>		"seõ-nɨ"@kpj	
"ha"@aro	<http://ids.clld.org/values/17-430-272-1>		<http://ids.clld.org/parameters/17-430>		<http://ids.clld.org/values/17-430-295-1>		"kɨ̃na"@kpj	
"ilo"@aro	<http://ids.clld.org/values/10-630-272-3>		<http://ids.clld.org/parameters/10-630>		<http://ids.clld.org/values/10-630-295-1>		"iteɔ"@kpj	
"c̷amao"@aro	<http://ids.clld.org/values/3-740-272-1>		<http://ids.clld.org/parameters/3-740>		<http://ids.clld.org/values/3-740-295-1>		"iǰɔrɔ"@kpj	
"sowa-i"@aro	<http://ids.clld.org/values/20-520-272-1>		<http://ids.clld.org/parameters/20-520>		<http://ids.clld.org/values/20-520-295-1>		"waši"@kpj	
"hilika ladaihipo"@aro	<http://ids.clld.org/values/18-610-272-1>		<http://ids.clld.org/parameters/18-610>		<http://ids.clld.org/values/18-610-295-1>		"tɨɨrəti"@kpj	
"pehe"@aro	<http://ids.clld.org/values/12-360-272-3>		<http://ids.clld.org/parameters/12-360>		<http://ids.clld.org/values/12-360-295-1>		"iɨre"@kpj	
"masawe"@aro	<http://ids.clld.org/values/16-720-272-5>		<http://ids.clld.org/parameters/16-720>		<http://ids.clld.org/values/16-720-295-1>		"bina"@kpj	
"eowa"@aro	<http://ids.clld.org/values/1-210-272-3>		<http://ids.clld.org/parameters/1-210>		<http://ids.clld.org/values/1-210-295-1>		"su"@kpj	
"dodo"@aro	<http://ids.clld.org/values/2-450-272-1>		<http://ids.clld.org/parameters/2-450>		<http://ids.clld.org/values/2-450-295-1>		"erɨ̃"@kpj	
"e-bo"@aro	<http://ids.clld.org/values/4-204-272-1>		<http://ids.clld.org/parameters/4-204>		<http://ids.clld.org/values/4-204-295-1>		"ɔsana"@kpj	
"dokʷe-i"@aro	<http://ids.clld.org/values/3-750-272-1>		<http://ids.clld.org/parameters/3-750>		<http://ids.clld.org/values/3-750-295-1>		"brɔre"@kpj	
"he-anawiki"@aro	<http://ids.clld.org/values/10-670-272-1>		<http://ids.clld.org/parameters/10-670>		<http://ids.clld.org/values/10-670-295-1>		"itorunɨ"@kpj	
"doc̷oa"@aro	<http://ids.clld.org/values/10-220-272-1>		<http://ids.clld.org/parameters/10-220>		<http://ids.clld.org/values/10-220-295-1>		"otəmanɨ"@kpj	
"hike"@aro	<http://ids.clld.org/values/3-630-272-1>		<http://ids.clld.org/parameters/3-630>		<http://ids.clld.org/values/3-630-295-1>		"lawahakɨ̃"@kpj	
"kʷedi"@aro	<http://ids.clld.org/values/4-560-272-1>		<http://ids.clld.org/parameters/4-560>		<http://ids.clld.org/values/4-560-295-3>		"dɔrɔtɔiǰera"@kpj	
"kʷedi"@aro	<http://ids.clld.org/values/4-560-272-1>		<http://ids.clld.org/parameters/4-560>		<http://ids.clld.org/values/4-560-295-1>		"rɨ-beši"@kpj	
"e-hai"@aro	<http://ids.clld.org/values/7-420-272-1>		<http://ids.clld.org/parameters/7-420>		<http://ids.clld.org/values/7-420-295-1>		"heri-na"@kpj	
"ec̷iawe"@aro	<http://ids.clld.org/values/14-170-272-3>		<http://ids.clld.org/parameters/14-170>		<http://ids.clld.org/values/14-170-295-1>		"roorehe-nɨ"@kpj	
"koc̷i"@aro	<http://ids.clld.org/values/3-350-272-1>		<http://ids.clld.org/parameters/3-350>		<http://ids.clld.org/values/3-350-295-1>		"išɨ̃"@kpj	
"sepe"@aro	<http://ids.clld.org/values/5-320-272-1>		<http://ids.clld.org/parameters/5-320>		<http://ids.clld.org/values/5-320-295-1>		"alɔsena"@kpj	
"apaha"@aro	<http://ids.clld.org/values/15-640-272-3>		<http://ids.clld.org/parameters/15-640>		<http://ids.clld.org/values/15-640-295-1>		"ura"@kpj	
"tobotana"@aro	<http://ids.clld.org/values/15-790-272-1>		<http://ids.clld.org/parameters/15-790>		<http://ids.clld.org/values/15-790-295-1>		"buhã"@kpj	
"halili"@aro	<http://ids.clld.org/values/8-910-272-1>		<http://ids.clld.org/parameters/8-910>		<http://ids.clld.org/values/8-910-295-1>		"ɔteroti"@kpj	
"pisoso"@aro	<http://ids.clld.org/values/3-960-272-3>		<http://ids.clld.org/parameters/3-960>		<http://ids.clld.org/values/3-960-295-1>		"iǰare"@kpj	
"nime-a"@aro	<http://ids.clld.org/values/17-130-272-1>		<http://ids.clld.org/parameters/17-130>		<http://ids.clld.org/values/17-130-295-1>		"õhõtinɨ"@kpj	
"boli"@aro	<http://ids.clld.org/values/16-251-272-1>		<http://ids.clld.org/parameters/16-251>		<http://ids.clld.org/values/16-251-295-1>		"učue-nɨ"@kpj	
"apo-na bene"@aro	<http://ids.clld.org/values/14-451-272-1>		<http://ids.clld.org/parameters/14-451>		<http://ids.clld.org/values/14-451-295-1>		"čioro (?)"@kpj	
"anodi"@aro	<http://ids.clld.org/values/2-420-272-1>		<http://ids.clld.org/parameters/2-420>		<http://ids.clld.org/values/2-420-295-1>		"deei"@kpj	
"mi-ǰa"@aro	<http://ids.clld.org/values/2-920-272-3>		<http://ids.clld.org/parameters/2-920>		<http://ids.clld.org/values/2-920-295-1>		"kai"@kpj	
"amosone"@aro	<http://ids.clld.org/values/16-320-272-1>		<http://ids.clld.org/parameters/16-320>		<http://ids.clld.org/values/16-320-295-1>		"sɨ̃bina"@kpj	
"emeo"@aro	<http://ids.clld.org/values/12-50-272-1>		<http://ids.clld.org/parameters/12-50>		<http://ids.clld.org/values/12-50-295-1>		"ki"@kpj	
"emeo"@aro	<http://ids.clld.org/values/12-50-272-1>		<http://ids.clld.org/parameters/12-50>		<http://ids.clld.org/values/12-50-295-3>		"ro"@kpj	
"be-bakʷa"@aro	<http://ids.clld.org/values/4-190-272-1>		<http://ids.clld.org/parameters/4-190>		<http://ids.clld.org/values/4-190-295-1>		"bərɔ"@kpj	
"a-bela-bela"@aro	<http://ids.clld.org/values/1-214-272-1>		<http://ids.clld.org/parameters/1-214>		<http://ids.clld.org/values/1-214-295-1>		"su-bərɔrɔ"@kpj	
"meo"@aro	<http://ids.clld.org/values/12-50-272-3>		<http://ids.clld.org/parameters/12-50>		<http://ids.clld.org/values/12-50-295-1>		"ki"@kpj	
"meo"@aro	<http://ids.clld.org/values/12-50-272-3>		<http://ids.clld.org/parameters/12-50>		<http://ids.clld.org/values/12-50-295-3>		"ro"@kpj	
"sipa"@aro	<http://ids.clld.org/values/12-270-272-3>		<http://ids.clld.org/parameters/12-270>		<http://ids.clld.org/values/12-270-295-1>		"wasi"@kpj	
"pena-pena"@aro	<http://ids.clld.org/values/15-770-272-1>		<http://ids.clld.org/parameters/15-770>		<http://ids.clld.org/values/15-770-295-1>		"tɨtɨ"@kpj	
"hoda"@aro	<http://ids.clld.org/values/2-930-272-3>		<http://ids.clld.org/parameters/2-930>		<http://ids.clld.org/values/2-930-295-1>		"tii"@kpj	
"hakʷepati"@aro	<http://ids.clld.org/values/12-430-272-1>		<http://ids.clld.org/parameters/12-430>		<http://ids.clld.org/values/12-430-295-1>		"ɔtitɨ"@kpj	
"ihana"@aro	<http://ids.clld.org/values/17-172-272-5>		<http://ids.clld.org/parameters/17-172>		<http://ids.clld.org/values/17-172-295-1>		"sə-nɨ"@kpj	
"dipapowe"@aro	<http://ids.clld.org/values/14-310-272-3>		<http://ids.clld.org/parameters/14-310>		<http://ids.clld.org/values/14-310-295-1>		"urena"@kpj	
"oc̷o"@aro	<http://ids.clld.org/values/1-851-272-1>		<http://ids.clld.org/parameters/1-851>		<http://ids.clld.org/values/1-851-295-1>		"so"@kpj	
"dakʷa"@aro	<http://ids.clld.org/values/5-470-272-1>		<http://ids.clld.org/parameters/5-470>		<http://ids.clld.org/values/5-470-295-1>		"owičə"@kpj	
"abec̷o"@aro	<http://ids.clld.org/values/14-210-272-1>		<http://ids.clld.org/parameters/14-210>		<http://ids.clld.org/values/14-210-295-1>		"wɨ"@kpj	
"ateli"@aro	<http://ids.clld.org/values/12-730-272-3>		<http://ids.clld.org/parameters/12-730>		<http://ids.clld.org/values/12-730-295-3>		"ɔbiti"@kpj	
"ateli"@aro	<http://ids.clld.org/values/12-730-272-3>		<http://ids.clld.org/parameters/12-730>		<http://ids.clld.org/values/12-730-295-1>		"ɔbiti-nɨ"@kpj	
"-nana"@aro	<http://ids.clld.org/values/14-130-272-3>		<http://ids.clld.org/parameters/14-130>		<http://ids.clld.org/values/14-130-295-1>		"itɨ̃mɨra"@kpj	
"kʷabec̷a"@aro	<http://ids.clld.org/values/10-370-272-1>		<http://ids.clld.org/parameters/10-370>		<http://ids.clld.org/values/10-370-295-3>		"uwo"@kpj	
"kʷabec̷a"@aro	<http://ids.clld.org/values/10-370-272-1>		<http://ids.clld.org/parameters/10-370>		<http://ids.clld.org/values/10-370-295-1>		"ɔhɔ"@kpj	
"kʷalolo"@aro	<http://ids.clld.org/values/12-820-272-1>		<http://ids.clld.org/parameters/12-820>		<http://ids.clld.org/values/12-820-295-1>		"rurawo"@kpj	
"silo"@aro	<http://ids.clld.org/values/12-240-272-3>		<http://ids.clld.org/parameters/12-240>		<http://ids.clld.org/values/12-240-295-1>		"iǰɔ"@kpj	
"zania bene"@aro	<http://ids.clld.org/values/12-420-272-1>		<http://ids.clld.org/parameters/12-420>		<http://ids.clld.org/values/12-420-295-1>		"hɨwe-rəbi"@kpj	
"ti"@aro	<http://ids.clld.org/values/11-210-272-1>		<http://ids.clld.org/parameters/11-210>		<http://ids.clld.org/values/11-210-295-1>		"õ"@kpj	
"ti"@aro	<http://ids.clld.org/values/11-210-272-1>		<http://ids.clld.org/parameters/11-210>		<http://ids.clld.org/values/11-210-295-3>		"wahi"@kpj	
"ewašokʷe"@aro	<http://ids.clld.org/values/1-220-272-1>		<http://ids.clld.org/parameters/1-220>		<http://ids.clld.org/values/1-220-295-1>		"hãwãlɔ"@kpj	
"c̷imewe"@aro	<http://ids.clld.org/values/16-660-272-3>		<http://ids.clld.org/parameters/16-660>		<http://ids.clld.org/values/16-660-295-1>		"inatɨhɨ"@kpj	
"lelo"@aro	<http://ids.clld.org/values/10-410-272-1>		<http://ids.clld.org/parameters/10-410>		<http://ids.clld.org/values/10-410-295-1>		"tira-nɨ"@kpj	
"abawepia"@aro	<http://ids.clld.org/values/17-210-272-1>		<http://ids.clld.org/parameters/17-210>		<http://ids.clld.org/values/17-210-295-1>		"bəde"@kpj	
"emi"@aro	<http://ids.clld.org/values/4-400-272-1>		<http://ids.clld.org/parameters/4-400>		<http://ids.clld.org/values/4-400-295-1>		"lɔɨ"@kpj	
"laka"@aro	<http://ids.clld.org/values/5-130-272-3>		<http://ids.clld.org/parameters/5-130>		<http://ids.clld.org/values/5-130-295-1>		"-õ-"@kpj	
"beta"@aro	<http://ids.clld.org/values/13-20-272-1>		<http://ids.clld.org/parameters/13-20>		<http://ids.clld.org/values/13-20-295-1>		"inači"@kpj	
"esi"@aro	<http://ids.clld.org/values/14-150-272-1>		<http://ids.clld.org/parameters/14-150>		<http://ids.clld.org/values/14-150-295-3>		"matuari"@kpj	
"esi"@aro	<http://ids.clld.org/values/14-150-272-1>		<http://ids.clld.org/parameters/14-150>		<http://ids.clld.org/values/14-150-295-1>		"iheči"@kpj	
"heheme"@aro	<http://ids.clld.org/values/18-260-272-1>		<http://ids.clld.org/parameters/18-260>		<http://ids.clld.org/values/18-260-295-1>		"rɨ-be"@kpj	
"ane"@aro	<http://ids.clld.org/values/16-310-272-1>		<http://ids.clld.org/parameters/16-310>		<http://ids.clld.org/values/16-310-295-1>		"sa"@kpj	
"bio"@aro	<http://ids.clld.org/values/13-160-272-3>		<http://ids.clld.org/parameters/13-160>		<http://ids.clld.org/values/13-160-295-1>		"wɨna"@kpj	
"nobi"@aro	<http://ids.clld.org/values/10-570-272-1>		<http://ids.clld.org/parameters/10-570>		<http://ids.clld.org/values/10-570-295-1>		"lo"@kpj	
"nobi"@aro	<http://ids.clld.org/values/10-570-272-1>		<http://ids.clld.org/parameters/10-570>		<http://ids.clld.org/values/10-570-295-3>		"rɔte"@kpj	
"nai"@aro	<http://ids.clld.org/values/1-750-272-1>		<http://ids.clld.org/parameters/1-750>		<http://ids.clld.org/values/1-750-295-1>		"biu"@kpj	
"nai"@aro	<http://ids.clld.org/values/1-750-272-1>		<http://ids.clld.org/parameters/1-750>		<http://ids.clld.org/values/1-750-295-3>		"nanaɨ"@kpj	
"[aloso]"@aro	<http://ids.clld.org/values/8-480-272-1>		<http://ids.clld.org/parameters/8-480>		<http://ids.clld.org/values/8-480-295-1>		"maišəmo"@kpj	
"kʷibi"@aro	<http://ids.clld.org/values/15-840-272-3>		<http://ids.clld.org/parameters/15-840>		<http://ids.clld.org/values/15-840-295-1>		"irəbu"@kpj	
"šodo"@aro	<http://ids.clld.org/values/12-210-272-1>		<http://ids.clld.org/parameters/12-210>		<http://ids.clld.org/values/12-210-295-1>		"botunɨ"@kpj	
"wanabotea"@aro	<http://ids.clld.org/values/10-250-272-1>		<http://ids.clld.org/parameters/10-250>		<http://ids.clld.org/values/10-250-295-1>		"sihe"@kpj	
"wanabotea"@aro	<http://ids.clld.org/values/10-250-272-1>		<http://ids.clld.org/parameters/10-250>		<http://ids.clld.org/values/10-250-295-3>		"ta"@kpj	
"misa"@aro	<http://ids.clld.org/values/9-190-272-3>		<http://ids.clld.org/parameters/9-190>		<http://ids.clld.org/values/9-190-295-3>		"lɔɨsana (?)"@kpj	
"misa"@aro	<http://ids.clld.org/values/9-190-272-3>		<http://ids.clld.org/parameters/9-190>		<http://ids.clld.org/values/9-190-295-1>		"reroti"@kpj	
"azalo"@aro	<http://ids.clld.org/values/15-880-272-1>		<http://ids.clld.org/parameters/15-880>		<http://ids.clld.org/values/15-880-295-1>		"isuisu"@kpj	
"ize"@aro	<http://ids.clld.org/values/4-740-272-1>		<http://ids.clld.org/parameters/4-740>		<http://ids.clld.org/values/4-740-295-1>		"iru"@kpj	
"baleweti"@aro	<http://ids.clld.org/values/10-481-272-1>		<http://ids.clld.org/parameters/10-481>		<http://ids.clld.org/values/10-481-295-7>		"rehenɨ"@kpj	
"baleweti"@aro	<http://ids.clld.org/values/10-481-272-1>		<http://ids.clld.org/parameters/10-481>		<http://ids.clld.org/values/10-481-295-3>		"ibuare"@kpj	
"baleweti"@aro	<http://ids.clld.org/values/10-481-272-1>		<http://ids.clld.org/parameters/10-481>		<http://ids.clld.org/values/10-481-295-5>		"ɔɔse"@kpj	
"baleweti"@aro	<http://ids.clld.org/values/10-481-272-1>		<http://ids.clld.org/parameters/10-481>		<http://ids.clld.org/values/10-481-295-1>		"be"@kpj	
"c̷ama"@aro	<http://ids.clld.org/values/4-461-272-1>		<http://ids.clld.org/parameters/4-461>		<http://ids.clld.org/values/4-461-295-1>		"werɨri"@kpj	
"matoa"@aro	<http://ids.clld.org/values/3-970-272-1>		<http://ids.clld.org/parameters/3-970>		<http://ids.clld.org/values/3-970-295-3>		"ɔrera"@kpj	
"matoa"@aro	<http://ids.clld.org/values/3-970-272-1>		<http://ids.clld.org/parameters/3-970>		<http://ids.clld.org/values/3-970-295-1>		"abɔrɔrɔ"@kpj	
"hehe"@aro	<http://ids.clld.org/values/17-550-272-3>		<http://ids.clld.org/parameters/17-550>		<http://ids.clld.org/values/17-550-295-3>		"kohe"@kpj	
"hehe"@aro	<http://ids.clld.org/values/17-550-272-3>		<http://ids.clld.org/parameters/17-550>		<http://ids.clld.org/values/17-550-295-1>		"hɨ̃de"@kpj	
"mewe"@aro	<http://ids.clld.org/values/9-460-272-1>		<http://ids.clld.org/parameters/9-460>		<http://ids.clld.org/values/9-460-295-3>		"rure"@kpj	
"mewe"@aro	<http://ids.clld.org/values/9-460-272-1>		<http://ids.clld.org/parameters/9-460>		<http://ids.clld.org/values/9-460-295-1>		"roro"@kpj	
"[waka]"@aro	<http://ids.clld.org/values/3-230-272-1>		<http://ids.clld.org/parameters/3-230>		<http://ids.clld.org/values/3-230-295-1>		"broreni"@kpj	
"kʷada-ha"@aro	<http://ids.clld.org/values/2-941-272-3>		<http://ids.clld.org/parameters/2-941>		<http://ids.clld.org/values/2-941-295-1>		"inɨ"@kpj	
"c̷a"@aro	<http://ids.clld.org/values/20-610-272-5>		<http://ids.clld.org/parameters/20-610>		<http://ids.clld.org/values/20-610-295-1>		"riu"@kpj	
"tawata"@aro	<http://ids.clld.org/values/3-585-272-1>		<http://ids.clld.org/parameters/3-585>		<http://ids.clld.org/values/3-585-295-1>		"hire"@kpj	
"ebai"@aro	<http://ids.clld.org/values/4-310-272-1>		<http://ids.clld.org/parameters/4-310>		<http://ids.clld.org/values/4-310-295-1>		"ašiɔ"@kpj	
"hababa-i"@aro	<http://ids.clld.org/values/3-920-272-1>		<http://ids.clld.org/parameters/3-920>		<http://ids.clld.org/values/3-920-295-1>		"očiša"@kpj	
"towaha"@aro	<http://ids.clld.org/values/5-260-272-3>		<http://ids.clld.org/parameters/5-260>		<http://ids.clld.org/values/5-260-295-1>		"buči"@kpj	
"zemo"@aro	<http://ids.clld.org/values/3-940-272-1>		<http://ids.clld.org/parameters/3-940>		<http://ids.clld.org/values/3-940-295-1>		"brobure"@kpj	
"mahi"@aro	<http://ids.clld.org/values/6-380-272-1>		<http://ids.clld.org/parameters/6-380>		<http://ids.clld.org/values/6-380-295-1>		"esõ"@kpj	
"šowae-hi"@aro	<http://ids.clld.org/values/11-430-272-1>		<http://ids.clld.org/parameters/11-430>		<http://ids.clld.org/values/11-430-295-1>		"nieru"@kpj	
"c̷eiɲe"@aro	<http://ids.clld.org/values/14-410-272-1>		<http://ids.clld.org/parameters/14-410>		<http://ids.clld.org/values/14-410-295-1>		"čuu"@kpj	
"lele"@aro	<http://ids.clld.org/values/19-160-272-3>		<http://ids.clld.org/parameters/19-160>		<http://ids.clld.org/values/19-160-295-1>		"hãwã"@kpj	
"kaleši"@aro	<http://ids.clld.org/values/3-818-272-1>		<http://ids.clld.org/parameters/3-818>		<http://ids.clld.org/values/3-818-295-1>		"očuruku (?)"@kpj	
"c̷oi"@aro	<http://ids.clld.org/values/4-580-272-3>		<http://ids.clld.org/parameters/4-580>		<http://ids.clld.org/values/4-580-295-3>		"urua"@kpj	
"c̷oi"@aro	<http://ids.clld.org/values/4-580-272-3>		<http://ids.clld.org/parameters/4-580>		<http://ids.clld.org/values/4-580-295-1>		"rua"@kpj	
"siča"@aro	<http://ids.clld.org/values/4-180-272-1>		<http://ids.clld.org/parameters/4-180>		<http://ids.clld.org/values/4-180-295-3>		"tõhewɔru"@kpj	
"siča"@aro	<http://ids.clld.org/values/4-180-272-1>		<http://ids.clld.org/parameters/4-180>		<http://ids.clld.org/values/4-180-295-1>		"nohewɔru"@kpj	
"ezoe"@aro	<http://ids.clld.org/values/2-280-272-3>		<http://ids.clld.org/parameters/2-280>		<http://ids.clld.org/values/2-280-295-1>		"tohouɨ̃"@kpj	
"e-šoa"@aro	<http://ids.clld.org/values/4-200-272-1>		<http://ids.clld.org/parameters/4-200>		<http://ids.clld.org/values/4-200-295-1>		"ra"@kpj	
"e-šoa"@aro	<http://ids.clld.org/values/4-200-272-1>		<http://ids.clld.org/parameters/4-200>		<http://ids.clld.org/values/4-200-295-3>		"ra-ti"@kpj	
"pezo"@aro	<http://ids.clld.org/values/13-230-272-3>		<http://ids.clld.org/parameters/13-230>		<http://ids.clld.org/values/13-230-295-1>		"əre"@kpj	
"ha-sisa"@aro	<http://ids.clld.org/values/12-140-272-1>		<http://ids.clld.org/parameters/12-140>		<http://ids.clld.org/values/12-140-295-1>		"aədɔnɨ"@kpj	
"c̷ota"@aro	<http://ids.clld.org/values/9-760-272-3>		<http://ids.clld.org/parameters/9-760>		<http://ids.clld.org/values/9-760-295-1>		"behɨra"@kpj	
"c̷ota"@aro	<http://ids.clld.org/values/9-760-272-3>		<http://ids.clld.org/parameters/9-760>		<http://ids.clld.org/values/9-760-295-3>		"lala"@kpj	
"c̷ope"@aro	<http://ids.clld.org/values/4-853-272-1>		<http://ids.clld.org/parameters/4-853>		<http://ids.clld.org/values/4-853-295-1>		"atarinɨ"@kpj	
"mewe-ana"@aro	<http://ids.clld.org/values/9-460-272-3>		<http://ids.clld.org/parameters/9-460>		<http://ids.clld.org/values/9-460-295-3>		"rure"@kpj	
"mewe-ana"@aro	<http://ids.clld.org/values/9-460-272-3>		<http://ids.clld.org/parameters/9-460>		<http://ids.clld.org/values/9-460-295-1>		"roro"@kpj	
"bele"@aro	<http://ids.clld.org/values/12-210-272-3>		<http://ids.clld.org/parameters/12-210>		<http://ids.clld.org/values/12-210-295-1>		"botunɨ"@kpj	
"hanawa"@aro	<http://ids.clld.org/values/4-912-272-1>		<http://ids.clld.org/parameters/4-912>		<http://ids.clld.org/values/4-912-295-1>		"elehɨnɨ"@kpj	
"bedada"@aro	<http://ids.clld.org/values/14-180-272-1>		<http://ids.clld.org/parameters/14-180>		<http://ids.clld.org/values/14-180-295-1>		"wiǰi"@kpj	
"ana"@aro	<http://ids.clld.org/values/10-510-272-1>		<http://ids.clld.org/parameters/10-510>		<http://ids.clld.org/values/10-510-295-1>		"henɨ"@kpj	
"kʷeme"@aro	<http://ids.clld.org/values/13-150-272-3>		<http://ids.clld.org/parameters/13-150>		<http://ids.clld.org/values/13-150-295-1>		"sõwe"@kpj	
"kʷiča"@aro	<http://ids.clld.org/values/4-110-272-1>		<http://ids.clld.org/parameters/4-110>		<http://ids.clld.org/values/4-110-295-1>		"umɨ"@kpj	
"hehe"@aro	<http://ids.clld.org/values/18-120-272-1>		<http://ids.clld.org/parameters/18-120>		<http://ids.clld.org/values/18-120-295-1>		"awinɨ"@kpj	
"nene"@aro	<http://ids.clld.org/values/2-520-272-3>		<http://ids.clld.org/parameters/2-520>		<http://ids.clld.org/values/2-520-295-1>		"lana"@kpj	
"nime"@aro	<http://ids.clld.org/values/16-110-272-1>		<http://ids.clld.org/parameters/16-110>		<http://ids.clld.org/values/16-110-295-1>		"tɨɨtɨbɨ"@kpj	
"wiki"@aro	<http://ids.clld.org/values/12-60-272-3>		<http://ids.clld.org/parameters/12-60>		<http://ids.clld.org/values/12-60-295-1>		"ahana"@kpj	
"ec̷a"@aro	<http://ids.clld.org/values/8-570-272-1>		<http://ids.clld.org/parameters/8-570>		<http://ids.clld.org/values/8-570-295-1>		"noiǰesa"@kpj	
"ba"@aro	<http://ids.clld.org/values/17-150-272-1>		<http://ids.clld.org/parameters/17-150>		<http://ids.clld.org/values/17-150-295-1>		"itɨhɨ"@kpj	
"c̷owaha"@aro	<http://ids.clld.org/values/5-640-272-3>		<http://ids.clld.org/parameters/5-640>		<http://ids.clld.org/values/5-640-295-1>		"iweru"@kpj	
"c̷ehonopea"@aro	<http://ids.clld.org/values/19-550-272-1>		<http://ids.clld.org/parameters/19-550>		<http://ids.clld.org/values/19-550-295-1>		"tori"@kpj	
"imea"@aro	<http://ids.clld.org/values/9-110-272-3>		<http://ids.clld.org/parameters/9-110>		<http://ids.clld.org/values/9-110-295-1>		"otəɨnɨ"@kpj	
"pobe-a"@aro	<http://ids.clld.org/values/10-480-272-1>		<http://ids.clld.org/parameters/10-480>		<http://ids.clld.org/values/10-480-295-1>		"na"@kpj	
"šakʷa"@aro	<http://ids.clld.org/values/2-251-272-3>		<http://ids.clld.org/parameters/2-251>		<http://ids.clld.org/values/2-251-295-1>		"werɨrɨ-bɔ"@kpj	
"sisa-ewe"@aro	<http://ids.clld.org/values/14-440-272-1>		<http://ids.clld.org/parameters/14-440>		<http://ids.clld.org/values/14-440-295-1>		"biurasɔ"@kpj	
"ahohi"@aro	<http://ids.clld.org/values/4-810-272-3>		<http://ids.clld.org/parameters/4-810>		<http://ids.clld.org/values/4-810-295-1>		"orəko"@kpj	
"c̷a"@aro	<http://ids.clld.org/values/11-310-272-1>		<http://ids.clld.org/parameters/11-310>		<http://ids.clld.org/values/11-310-295-1>		"e"@kpj	
"c̷a"@aro	<http://ids.clld.org/values/11-310-272-1>		<http://ids.clld.org/parameters/11-310>		<http://ids.clld.org/values/11-310-295-5>		"iǰe"@kpj	
"c̷a"@aro	<http://ids.clld.org/values/11-310-272-1>		<http://ids.clld.org/parameters/11-310>		<http://ids.clld.org/values/11-310-295-3>		"ie"@kpj	
"hai-ǰa"@aro	<http://ids.clld.org/values/16-710-272-5>		<http://ids.clld.org/parameters/16-710>		<http://ids.clld.org/values/16-710-295-1>		"awi"@kpj	
"medihi"@aro	<http://ids.clld.org/values/5-370-272-1>		<http://ids.clld.org/parameters/5-370>		<http://ids.clld.org/values/5-370-295-1>		"ətara"@kpj	
"akeoli"@aro	<http://ids.clld.org/values/16-530-272-1>		<http://ids.clld.org/parameters/16-530>		<http://ids.clld.org/values/16-530-295-1>		"masaǰua"@kpj	
"akeoli"@aro	<http://ids.clld.org/values/16-530-272-1>		<http://ids.clld.org/parameters/16-530>		<http://ids.clld.org/values/16-530-295-3>		"uberu"@kpj	
"batame"@aro	<http://ids.clld.org/values/12-920-272-3>		<http://ids.clld.org/parameters/12-920>		<http://ids.clld.org/values/12-920-295-1>		"wəse"@kpj	
"loe"@aro	<http://ids.clld.org/values/8-220-272-1>		<http://ids.clld.org/parameters/8-220>		<http://ids.clld.org/values/8-220-295-1>		"ia"@kpj	
"baepa mozizi"@aro	<http://ids.clld.org/values/1-740-272-1>		<http://ids.clld.org/parameters/1-740>		<http://ids.clld.org/values/1-740-295-1>		"nonoe"@kpj	
"dewa"@aro	<http://ids.clld.org/values/16-620-272-1>		<http://ids.clld.org/parameters/16-620>		<http://ids.clld.org/values/16-620-295-1>		"kɔte"@kpj	
"mano"@aro	<http://ids.clld.org/values/1-360-272-3>		<http://ids.clld.org/parameters/1-360>		<http://ids.clld.org/values/1-360-295-3>		"əsetere"@kpj	
"mano"@aro	<http://ids.clld.org/values/1-360-272-3>		<http://ids.clld.org/parameters/1-360>		<http://ids.clld.org/values/1-360-295-5>		"teɨ"@kpj	
"mano"@aro	<http://ids.clld.org/values/1-360-272-3>		<http://ids.clld.org/parameters/1-360>		<http://ids.clld.org/values/1-360-295-1>		"be-ro"@kpj	
"hiɲebaha"@aro	<http://ids.clld.org/values/15-420-272-1>		<http://ids.clld.org/parameters/15-420>		<http://ids.clld.org/values/15-420-295-1>		"hokuǰa"@kpj	
"pa"@aro	<http://ids.clld.org/values/16-370-272-1>		<http://ids.clld.org/parameters/16-370>		<http://ids.clld.org/values/16-370-295-3>		"obu"@kpj	
"pa"@aro	<http://ids.clld.org/values/16-370-272-1>		<http://ids.clld.org/parameters/16-370>		<http://ids.clld.org/values/16-370-295-1>		"ahinɨ"@kpj	
"misi"@aro	<http://ids.clld.org/values/3-620-272-1>		<http://ids.clld.org/parameters/3-620>		<http://ids.clld.org/values/3-620-295-1>		"hãloeni"@kpj	
"c̷awa"@aro	<http://ids.clld.org/values/12-430-272-3>		<http://ids.clld.org/parameters/12-430>		<http://ids.clld.org/values/12-430-295-1>		"ɔtitɨ"@kpj	
"c̷ewe"@aro	<http://ids.clld.org/values/12-750-272-3>		<http://ids.clld.org/parameters/12-750>		<http://ids.clld.org/values/12-750-295-1>		"waši (?)"@kpj	
"di"@aro	<http://ids.clld.org/values/5-110-272-1>		<http://ids.clld.org/parameters/5-110>		<http://ids.clld.org/values/5-110-295-7>		"-kɨ-"@kpj	
"di"@aro	<http://ids.clld.org/values/5-110-272-1>		<http://ids.clld.org/parameters/5-110>		<http://ids.clld.org/values/5-110-295-3>		"iɔwe"@kpj	
"di"@aro	<http://ids.clld.org/values/5-110-272-1>		<http://ids.clld.org/parameters/5-110>		<http://ids.clld.org/values/5-110-295-5>		"roši"@kpj	
"di"@aro	<http://ids.clld.org/values/5-110-272-1>		<http://ids.clld.org/parameters/5-110>		<http://ids.clld.org/values/5-110-295-1>		"ɨ"@kpj	
"pičiloe"@aro	<http://ids.clld.org/values/5-370-272-3>		<http://ids.clld.org/parameters/5-370>		<http://ids.clld.org/values/5-370-295-1>		"ətara"@kpj	
"eadai"@aro	<http://ids.clld.org/values/4-360-272-1>		<http://ids.clld.org/parameters/4-360>		<http://ids.clld.org/values/4-360-295-1>		"(?) (d?i-)ɔho"@kpj	
"sopa"@aro	<http://ids.clld.org/values/6-910-272-1>		<http://ids.clld.org/parameters/6-910>		<http://ids.clld.org/values/6-910-295-1>		"sihɔ-nɨ"@kpj	
"pona"@aro	<http://ids.clld.org/values/2-220-272-1>		<http://ids.clld.org/parameters/2-220>		<http://ids.clld.org/values/2-220-295-1>		"hãwɨɨ"@kpj	
"waha"@aro	<http://ids.clld.org/values/5-840-272-1>		<http://ids.clld.org/parameters/5-840>		<http://ids.clld.org/values/5-840-295-1>		"bədi"@kpj	
"tasasa"@aro	<http://ids.clld.org/values/6-710-272-1>		<http://ids.clld.org/parameters/6-710>		<http://ids.clld.org/values/6-710-295-1>		"õhõtisana"@kpj	
"bibi"@aro	<http://ids.clld.org/values/5-160-272-1>		<http://ids.clld.org/parameters/5-160>		<http://ids.clld.org/values/5-160-295-1>		"tɔ"@kpj	
"anaha"@aro	<http://ids.clld.org/values/15-830-272-1>		<http://ids.clld.org/parameters/15-830>		<http://ids.clld.org/values/15-830-295-3>		"təko"@kpj	
"anaha"@aro	<http://ids.clld.org/values/15-830-272-1>		<http://ids.clld.org/parameters/15-830>		<http://ids.clld.org/values/15-830-295-1>		"ituu"@kpj	
"mezizo"@aro	<http://ids.clld.org/values/1-212-272-1>		<http://ids.clld.org/parameters/1-212>		<http://ids.clld.org/values/1-212-295-1>		"tɨti (?)"@kpj	
"bediwe"@aro	<http://ids.clld.org/values/14-310-272-1>		<http://ids.clld.org/parameters/14-310>		<http://ids.clld.org/values/14-310-295-1>		"urena"@kpj	
"poc̷otana"@aro	<http://ids.clld.org/values/15-440-272-3>		<http://ids.clld.org/parameters/15-440>		<http://ids.clld.org/values/15-440-295-1>		"wodəɨ̃"@kpj	
"haiba"@aro	<http://ids.clld.org/values/6-110-272-1>		<http://ids.clld.org/parameters/6-110>		<http://ids.clld.org/values/6-110-295-1>		"tɨɨ-nɨ"@kpj	
"ba"@aro	<http://ids.clld.org/values/15-510-272-1>		<http://ids.clld.org/parameters/15-510>		<http://ids.clld.org/values/15-510-295-1>		"ičere"@kpj	
"ba"@aro	<http://ids.clld.org/values/15-510-272-1>		<http://ids.clld.org/parameters/15-510>		<http://ids.clld.org/values/15-510-295-3>		"obi"@kpj	
"kec̷io"@aro	<http://ids.clld.org/values/17-650-272-3>		<http://ids.clld.org/parameters/17-650>		<http://ids.clld.org/values/17-650-295-1>		"tiu"@kpj	
"kec̷io"@aro	<http://ids.clld.org/values/17-650-272-3>		<http://ids.clld.org/parameters/17-650>		<http://ids.clld.org/values/17-650-295-3>		"u"@kpj	
"toloanini"@aro	<http://ids.clld.org/values/10-412-272-1>		<http://ids.clld.org/parameters/10-412>		<http://ids.clld.org/values/10-412-295-1>		"tiowoti-nɨ"@kpj	
"wac̷eda wac̷eda"@aro	<http://ids.clld.org/values/13-40-272-1>		<http://ids.clld.org/parameters/13-40>		<http://ids.clld.org/values/13-40-295-1>		"inaubiɔwa"@kpj	
"noc̷a"@aro	<http://ids.clld.org/values/8-510-272-1>		<http://ids.clld.org/parameters/8-510>		<http://ids.clld.org/values/8-510-295-1>		"asi"@kpj	
"mec̷e"@aro	<http://ids.clld.org/values/11-120-272-1>		<http://ids.clld.org/parameters/11-120>		<http://ids.clld.org/values/11-120-295-1>		"hõrõ"@kpj	
"paša"@aro	<http://ids.clld.org/values/1-230-272-3>		<http://ids.clld.org/parameters/1-230>		<http://ids.clld.org/values/1-230-295-1>		"bədero"@kpj	
"dizi"@aro	<http://ids.clld.org/values/10-710-272-1>		<http://ids.clld.org/parameters/10-710>		<http://ids.clld.org/values/10-710-295-1>		"rɨ"@kpj	
"no"@aro	<http://ids.clld.org/values/2-444-272-3>		<http://ids.clld.org/parameters/2-444>		<http://ids.clld.org/values/2-444-295-1>		"dela"@kpj	
"no"@aro	<http://ids.clld.org/values/2-444-272-3>		<http://ids.clld.org/parameters/2-444>		<http://ids.clld.org/values/2-444-295-3>		"umɨ-dela"@kpj	
"bac̷o"@aro	<http://ids.clld.org/values/17-520-272-1>		<http://ids.clld.org/parameters/17-520>		<http://ids.clld.org/values/17-520-295-1>		"šierɨ (?)"@kpj	
"we-c̷eiɲe-o"@aro	<http://ids.clld.org/values/14-490-272-1>		<http://ids.clld.org/parameters/14-490>		<http://ids.clld.org/values/14-490-295-1>		"kau"@kpj	
"bataiyo"@aro	<http://ids.clld.org/values/4-570-272-1>		<http://ids.clld.org/parameters/4-570>		<http://ids.clld.org/values/4-570-295-1>		"ahɨlɔi"@kpj	
"haha"@aro	<http://ids.clld.org/values/5-710-272-1>		<http://ids.clld.org/parameters/5-710>		<http://ids.clld.org/values/5-710-295-1>		"bəderatɨ"@kpj	
"bakʷa"@aro	<http://ids.clld.org/values/2-280-272-1>		<http://ids.clld.org/parameters/2-280>		<http://ids.clld.org/values/2-280-295-1>		"tohouɨ̃"@kpj	
"ai kʷaeihi"@aro	<http://ids.clld.org/values/17-270-272-1>		<http://ids.clld.org/parameters/17-270>		<http://ids.clld.org/values/17-270-295-1>		"erɨ-dãɨ̃du"@kpj	
"poisa"@aro	<http://ids.clld.org/values/2-461-272-3>		<http://ids.clld.org/parameters/2-461>		<http://ids.clld.org/values/2-461-295-1>		"nɨrɨ̃"@kpj	
"e-ani-hi"@aro	<http://ids.clld.org/values/7-430-272-1>		<http://ids.clld.org/parameters/7-430>		<http://ids.clld.org/values/7-430-295-1>		"rɨnana (?)"@kpj	
"iša-botea"@aro	<http://ids.clld.org/values/10-250-272-5>		<http://ids.clld.org/parameters/10-250>		<http://ids.clld.org/values/10-250-295-1>		"sihe"@kpj	
"iša-botea"@aro	<http://ids.clld.org/values/10-250-272-5>		<http://ids.clld.org/parameters/10-250>		<http://ids.clld.org/values/10-250-295-3>		"ta"@kpj	
"walipa"@aro	<http://ids.clld.org/values/3-520-272-1>		<http://ids.clld.org/parameters/3-520>		<http://ids.clld.org/values/3-520-295-1>		"hãnie-hãbu"@kpj	
"kʷeneloe"@aro	<http://ids.clld.org/values/19-590-272-1>		<http://ids.clld.org/parameters/19-590>		<http://ids.clld.org/values/19-590-295-3>		"uritere"@kpj	
"kʷeneloe"@aro	<http://ids.clld.org/values/19-590-272-1>		<http://ids.clld.org/parameters/19-590>		<http://ids.clld.org/values/19-590-295-1>		"ikočinɨ"@kpj	
"a-aba"@aro	<http://ids.clld.org/values/19-510-272-1>		<http://ids.clld.org/parameters/19-510>		<http://ids.clld.org/values/19-510-295-1>		"biɔwa"@kpj	
"a-aba"@aro	<http://ids.clld.org/values/19-510-272-1>		<http://ids.clld.org/parameters/19-510>		<http://ids.clld.org/values/19-510-295-3>		"iɔ"@kpj	
"dihi"@aro	<http://ids.clld.org/values/3-832-272-1>		<http://ids.clld.org/parameters/3-832>		<http://ids.clld.org/values/3-832-295-1>		"mərõra"@kpj	
"dihi"@aro	<http://ids.clld.org/values/3-832-272-1>		<http://ids.clld.org/parameters/3-832>		<http://ids.clld.org/values/3-832-295-3>		"mɨrõra"@kpj	
"hiɲa"@aro	<http://ids.clld.org/values/5-210-272-1>		<http://ids.clld.org/parameters/5-210>		<http://ids.clld.org/values/5-210-295-3>		"idere"@kpj	
"hiɲa"@aro	<http://ids.clld.org/values/5-210-272-1>		<http://ids.clld.org/parameters/5-210>		<http://ids.clld.org/values/5-210-295-1>		"hera"@kpj	
"solo"@aro	<http://ids.clld.org/values/9-343-272-3>		<http://ids.clld.org/parameters/9-343>		<http://ids.clld.org/values/9-343-295-1>		"irarɨčɨnɨ"@kpj	
"walipa-ha"@aro	<http://ids.clld.org/values/5-970-272-3>		<http://ids.clld.org/parameters/5-970>		<http://ids.clld.org/values/5-970-295-1>		"si"@kpj	
"aleo"@aro	<http://ids.clld.org/values/14-210-272-3>		<http://ids.clld.org/parameters/14-210>		<http://ids.clld.org/values/14-210-295-1>		"wɨ"@kpj	
"wawa"@aro	<http://ids.clld.org/values/2-520-272-1>		<http://ids.clld.org/parameters/2-520>		<http://ids.clld.org/values/2-520-295-1>		"lana"@kpj	
"apona bene"@aro	<http://ids.clld.org/values/14-170-272-1>		<http://ids.clld.org/parameters/14-170>		<http://ids.clld.org/values/14-170-295-1>		"roorehe-nɨ"@kpj	
"aiwe"@aro	<http://ids.clld.org/values/16-680-272-1>		<http://ids.clld.org/parameters/16-680>		<http://ids.clld.org/values/16-680-295-1>		"ɔwari"@kpj	
"wadi"@aro	<http://ids.clld.org/values/2-360-272-3>		<http://ids.clld.org/parameters/2-360>		<http://ids.clld.org/values/2-360-295-1>		"adi"@kpj	
"wadi"@aro	<http://ids.clld.org/values/2-360-272-3>		<http://ids.clld.org/parameters/2-360>		<http://ids.clld.org/values/2-360-295-5>		"ise"@kpj	
"wadi"@aro	<http://ids.clld.org/values/2-360-272-3>		<http://ids.clld.org/parameters/2-360>		<http://ids.clld.org/values/2-360-295-3>		"tadi"@kpj	
"a-apo"@aro	<http://ids.clld.org/values/1-620-272-1>		<http://ids.clld.org/parameters/1-620>		<http://ids.clld.org/values/1-620-295-1>		"uru-nɨ"@kpj	
"lia"@aro	<http://ids.clld.org/values/10-260-272-1>		<http://ids.clld.org/parameters/10-260>		<http://ids.clld.org/values/10-260-295-1>		"mɨtɨta-mɨtɨta"@kpj	
"dohaena"@aro	<http://ids.clld.org/values/10-610-272-1>		<http://ids.clld.org/parameters/10-610>		<http://ids.clld.org/values/10-610-295-1>		"dɨ"@kpj	
"oli"@aro	<http://ids.clld.org/values/5-125-272-3>		<http://ids.clld.org/parameters/5-125>		<http://ids.clld.org/values/5-125-295-1>		"irɔ"@kpj	
"a-aba"@aro	<http://ids.clld.org/values/16-270-272-1>		<http://ids.clld.org/parameters/16-270>		<http://ids.clld.org/values/16-270-295-1>		"luu"@kpj	
"zaiki"@aro	<http://ids.clld.org/values/16-420-272-1>		<http://ids.clld.org/parameters/16-420>		<http://ids.clld.org/values/16-420-295-1>		"sira"@kpj	
"a-laka-laka"@aro	<http://ids.clld.org/values/9-161-272-3>		<http://ids.clld.org/parameters/9-161>		<http://ids.clld.org/values/9-161-295-1>		"əsenɨ"@kpj	
"timo"@aro	<http://ids.clld.org/values/1-840-272-1>		<http://ids.clld.org/parameters/1-840>		<http://ids.clld.org/values/1-840-295-1>		"brɨbɨ"@kpj	
"semihi"@aro	<http://ids.clld.org/values/15-770-272-3>		<http://ids.clld.org/parameters/15-770>		<http://ids.clld.org/values/15-770-295-1>		"tɨtɨ"@kpj	
"awiši"@aro	<http://ids.clld.org/values/15-870-272-1>		<http://ids.clld.org/parameters/15-870>		<http://ids.clld.org/values/15-870-295-1>		"brasa"@kpj	
"adoe"@aro	<http://ids.clld.org/values/12-670-272-1>		<http://ids.clld.org/parameters/12-670>		<http://ids.clld.org/values/12-670-295-1>		"weluu"@kpj	
"beo"@aro	<http://ids.clld.org/values/10-490-272-1>		<http://ids.clld.org/parameters/10-490>		<http://ids.clld.org/values/10-490-295-1>		"iri"@kpj	
"beo"@aro	<http://ids.clld.org/values/10-490-272-1>		<http://ids.clld.org/parameters/10-490>		<http://ids.clld.org/values/10-490-295-3>		"ɔhɔ-nɨ"@kpj	
"iwi"@aro	<http://ids.clld.org/values/5-125-272-1>		<http://ids.clld.org/parameters/5-125>		<http://ids.clld.org/values/5-125-295-1>		"irɔ"@kpj	
"kʷade"@aro	<http://ids.clld.org/values/20-610-272-1>		<http://ids.clld.org/parameters/20-610>		<http://ids.clld.org/values/20-610-295-1>		"riu"@kpj	
"ezae"@aro	<http://ids.clld.org/values/17-410-272-1>		<http://ids.clld.org/parameters/17-410>		<http://ids.clld.org/values/17-410-295-1>		"tutɨhɨki"@kpj	
"apia"@aro	<http://ids.clld.org/values/12-730-272-1>		<http://ids.clld.org/parameters/12-730>		<http://ids.clld.org/values/12-730-295-3>		"ɔbiti"@kpj	
"apia"@aro	<http://ids.clld.org/values/12-730-272-1>		<http://ids.clld.org/parameters/12-730>		<http://ids.clld.org/values/12-730-295-1>		"ɔbiti-nɨ"@kpj	
"modo"@aro	<http://ids.clld.org/values/9-120-272-1>		<http://ids.clld.org/parameters/9-120>		<http://ids.clld.org/values/9-120-295-1>		"aõmɨsɨ̃dəɨ̃"@kpj	
"tawi"@aro	<http://ids.clld.org/values/4-610-272-1>		<http://ids.clld.org/parameters/4-610>		<http://ids.clld.org/values/4-610-295-3>		"ron"@kpj	
"tawi"@aro	<http://ids.clld.org/values/4-610-272-1>		<http://ids.clld.org/parameters/4-610>		<http://ids.clld.org/values/4-610-295-5>		"rõrõ-"@kpj	
"tawi"@aro	<http://ids.clld.org/values/4-610-272-1>		<http://ids.clld.org/parameters/4-610>		<http://ids.clld.org/values/4-610-295-1>		"õrõ"@kpj	
"mata"@aro	<http://ids.clld.org/values/13-210-272-3>		<http://ids.clld.org/parameters/13-210>		<http://ids.clld.org/values/13-210-295-1>		"hɨdɨnɨ"@kpj	
"mata"@aro	<http://ids.clld.org/values/13-210-272-3>		<http://ids.clld.org/parameters/13-210>		<http://ids.clld.org/values/13-210-295-3>		"tɨ̃ši"@kpj	
"kʷipa"@aro	<http://ids.clld.org/values/17-690-272-1>		<http://ids.clld.org/parameters/17-690>		<http://ids.clld.org/values/17-690-295-1>		"aõherekiwe"@kpj	
"tadada"@aro	<http://ids.clld.org/values/2-250-272-1>		<http://ids.clld.org/parameters/2-250>		<http://ids.clld.org/values/2-250-295-1>		"werɨrɨ (?)"@kpj	
"šaha"@aro	<http://ids.clld.org/values/3-750-272-3>		<http://ids.clld.org/parameters/3-750>		<http://ids.clld.org/values/3-750-295-1>		"brɔre"@kpj	
"bakʷe-pona"@aro	<http://ids.clld.org/values/2-260-272-1>		<http://ids.clld.org/parameters/2-260>		<http://ids.clld.org/values/2-260-295-1>		"hirari"@kpj	
"izoa"@aro	<http://ids.clld.org/values/16-630-272-3>		<http://ids.clld.org/parameters/16-630>		<http://ids.clld.org/values/16-630-295-1>		"raɔ (?)"@kpj	
"-dea"@aro	<http://ids.clld.org/values/12-41-272-1>		<http://ids.clld.org/parameters/12-41>		<http://ids.clld.org/values/12-41-295-1>		"ko"@kpj	
"zia"@aro	<http://ids.clld.org/values/8-470-272-1>		<http://ids.clld.org/parameters/8-470>		<http://ids.clld.org/values/8-470-295-1>		"mai"@kpj	
"neda"@aro	<http://ids.clld.org/values/16-310-272-3>		<http://ids.clld.org/parameters/16-310>		<http://ids.clld.org/values/16-310-295-1>		"sa"@kpj	
"iɲakʷa"@aro	<http://ids.clld.org/values/3-811-272-1>		<http://ids.clld.org/parameters/3-811>		<http://ids.clld.org/values/3-811-295-1>		"təburu"@kpj	
"amohihi"@aro	<http://ids.clld.org/values/16-540-272-1>		<http://ids.clld.org/parameters/16-540>		<http://ids.clld.org/values/16-540-295-1>		"ɔhãru"@kpj	
"e-iza-ha"@aro	<http://ids.clld.org/values/4-220-272-1>		<http://ids.clld.org/parameters/4-220>		<http://ids.clld.org/values/4-220-295-1>		"nohõti"@kpj	
"toaba"@aro	<http://ids.clld.org/values/11-170-272-3>		<http://ids.clld.org/parameters/11-170>		<http://ids.clld.org/values/11-170-295-1>		"həkɨ̃na"@kpj	
"hae"@aro	<http://ids.clld.org/values/3-650-272-1>		<http://ids.clld.org/parameters/3-650>		<http://ids.clld.org/values/3-650-295-1>		"ətora"@kpj	
"poisa"@aro	<http://ids.clld.org/values/14-150-272-3>		<http://ids.clld.org/parameters/14-150>		<http://ids.clld.org/values/14-150-295-3>		"matuari"@kpj	
"poisa"@aro	<http://ids.clld.org/values/14-150-272-3>		<http://ids.clld.org/parameters/14-150>		<http://ids.clld.org/values/14-150-295-1>		"iheči"@kpj	
"-isi"@aro	<http://ids.clld.org/values/16-720-272-1>		<http://ids.clld.org/parameters/16-720>		<http://ids.clld.org/values/16-720-295-1>		"bina"@kpj	
"woi"@aro	<http://ids.clld.org/values/18-170-272-3>		<http://ids.clld.org/parameters/18-170>		<http://ids.clld.org/values/18-170-295-1>		"iǰɔsiwi"@kpj	
"noi"@aro	<http://ids.clld.org/values/9-260-272-3>		<http://ids.clld.org/parameters/9-260>		<http://ids.clld.org/values/9-260-295-1>		"əro"@kpj	
"šili"@aro	<http://ids.clld.org/values/16-720-272-3>		<http://ids.clld.org/parameters/16-720>		<http://ids.clld.org/values/16-720-295-1>		"bina"@kpj	
"awoc̷a"@aro	<http://ids.clld.org/values/5-550-272-1>		<http://ids.clld.org/parameters/5-550>		<http://ids.clld.org/values/5-550-295-1>		"iǰərena"@kpj	
"dilo-ti"@aro	<http://ids.clld.org/values/12-250-272-3>		<http://ids.clld.org/parameters/12-250>		<http://ids.clld.org/values/12-250-295-1>		"iɔhɔ"@kpj	
"šakʷa"@aro	<http://ids.clld.org/values/14-130-272-1>		<http://ids.clld.org/parameters/14-130>		<http://ids.clld.org/values/14-130-295-1>		"itɨ̃mɨra"@kpj	
"kʷasi"@aro	<http://ids.clld.org/values/15-520-272-3>		<http://ids.clld.org/parameters/15-520>		<http://ids.clld.org/values/15-520-295-1>		"etehe"@kpj	
"tadi"@aro	<http://ids.clld.org/values/2-350-272-3>		<http://ids.clld.org/parameters/2-350>		<http://ids.clld.org/values/2-350-295-1>		"təbɨ"@kpj	
"tadi"@aro	<http://ids.clld.org/values/2-350-272-3>		<http://ids.clld.org/parameters/2-350>		<http://ids.clld.org/values/2-350-295-3>		"waha"@kpj	
"šoa-wana-i"@aro	<http://ids.clld.org/values/7-421-272-1>		<http://ids.clld.org/parameters/7-421>		<http://ids.clld.org/values/7-421-295-1>		"rahɨna"@kpj	
"bata"@aro	<http://ids.clld.org/values/4-300-272-1>		<http://ids.clld.org/parameters/4-300>		<http://ids.clld.org/values/4-300-295-1>		"ašiɔ-ti"@kpj	
"isea"@aro	<http://ids.clld.org/values/11-170-272-1>		<http://ids.clld.org/parameters/11-170>		<http://ids.clld.org/values/11-170-295-1>		"həkɨ̃na"@kpj	
"mi"@aro	<http://ids.clld.org/values/2-920-272-1>		<http://ids.clld.org/parameters/2-920>		<http://ids.clld.org/values/2-920-295-1>		"kai"@kpj	
"zeiye"@aro	<http://ids.clld.org/values/13-170-272-3>		<http://ids.clld.org/parameters/13-170>		<http://ids.clld.org/values/13-170-295-1>		"ibute"@kpj	
"ic̷a"@aro	<http://ids.clld.org/values/5-470-272-3>		<http://ids.clld.org/parameters/5-470>		<http://ids.clld.org/values/5-470-295-1>		"owičə"@kpj	
"e-ami"@aro	<http://ids.clld.org/values/5-610-272-1>		<http://ids.clld.org/parameters/5-610>		<http://ids.clld.org/values/5-610-295-1>		"dee"@kpj	
"c̷anati"@aro	<http://ids.clld.org/values/11-310-272-3>		<http://ids.clld.org/parameters/11-310>		<http://ids.clld.org/values/11-310-295-1>		"e"@kpj	
"c̷anati"@aro	<http://ids.clld.org/values/11-310-272-3>		<http://ids.clld.org/parameters/11-310>		<http://ids.clld.org/values/11-310-295-5>		"iǰe"@kpj	
"c̷anati"@aro	<http://ids.clld.org/values/11-310-272-3>		<http://ids.clld.org/parameters/11-310>		<http://ids.clld.org/values/11-310-295-3>		"ie"@kpj	
"ewa"@aro	<http://ids.clld.org/values/1-100-272-1>		<http://ids.clld.org/parameters/1-100>		<http://ids.clld.org/values/1-100-295-1>		"bəde"@kpj	
"po-c̷oa"@aro	<http://ids.clld.org/values/10-471-272-1>		<http://ids.clld.org/parameters/10-471>		<http://ids.clld.org/values/10-471-295-1>		"aõwõnɨ"@kpj	
"walo-i"@aro	<http://ids.clld.org/values/10-851-272-1>		<http://ids.clld.org/parameters/10-851>		<http://ids.clld.org/values/10-851-295-1>		"narihi"@kpj	
"c̷ona"@aro	<http://ids.clld.org/values/9-161-272-5>		<http://ids.clld.org/parameters/9-161>		<http://ids.clld.org/values/9-161-295-1>		"əsenɨ"@kpj	
"wac̷i"@aro	<http://ids.clld.org/values/4-370-272-1>		<http://ids.clld.org/parameters/4-370>		<http://ids.clld.org/values/4-370-295-1>		"wa"@kpj	
"toka"@aro	<http://ids.clld.org/values/10-260-272-3>		<http://ids.clld.org/parameters/10-260>		<http://ids.clld.org/values/10-260-295-1>		"mɨtɨta-mɨtɨta"@kpj	
"amae"@aro	<http://ids.clld.org/values/15-640-272-1>		<http://ids.clld.org/parameters/15-640>		<http://ids.clld.org/values/15-640-295-1>		"ura"@kpj	
"pilika"@aro	<http://ids.clld.org/values/1-222-272-1>		<http://ids.clld.org/parameters/1-222>		<http://ids.clld.org/values/1-222-295-1>		"iǰoti"@kpj	
"oc̷o-a"@aro	<http://ids.clld.org/values/1-851-272-3>		<http://ids.clld.org/parameters/1-851>		<http://ids.clld.org/values/1-851-295-1>		"so"@kpj	
"oho"@aro	<http://ids.clld.org/values/2-930-272-7>		<http://ids.clld.org/parameters/2-930>		<http://ids.clld.org/values/2-930-295-1>		"tii"@kpj	
"yama"@aro	<http://ids.clld.org/values/2-910-272-3>		<http://ids.clld.org/parameters/2-910>		<http://ids.clld.org/values/2-910-295-1>		"ǰiarɨ̃"@kpj	
"haeda"@aro	<http://ids.clld.org/values/14-470-272-1>		<http://ids.clld.org/parameters/14-470>		<http://ids.clld.org/values/14-470-295-1>		"wiǰi"@kpj	
"hehe"@aro	<http://ids.clld.org/values/18-130-272-1>		<http://ids.clld.org/parameters/18-130>		<http://ids.clld.org/values/18-130-295-1>		"raǰua"@kpj	
"sawa-lili"@aro	<http://ids.clld.org/values/15-680-272-1>		<http://ids.clld.org/parameters/15-680>		<http://ids.clld.org/values/15-680-295-1>		"lɨ̃re"@kpj	
"sawa-lili"@aro	<http://ids.clld.org/values/15-680-272-1>		<http://ids.clld.org/parameters/15-680>		<http://ids.clld.org/values/15-680-295-3>		"tɨ̃re"@kpj	
"ewa"@aro	<http://ids.clld.org/values/1-210-272-1>		<http://ids.clld.org/parameters/1-210>		<http://ids.clld.org/values/1-210-295-1>		"su"@kpj	
"pele"@aro	<http://ids.clld.org/values/12-210-272-7>		<http://ids.clld.org/parameters/12-210>		<http://ids.clld.org/values/12-210-295-1>		"botunɨ"@kpj	
"abeise"@aro	<http://ids.clld.org/values/4-810-272-1>		<http://ids.clld.org/parameters/4-810>		<http://ids.clld.org/values/4-810-295-1>		"orəko"@kpj	
"pa-ezae"@aro	<http://ids.clld.org/values/12-350-272-3>		<http://ids.clld.org/parameters/12-350>		<http://ids.clld.org/values/12-350-295-1>		"kie"@kpj	
"iša"@aro	<http://ids.clld.org/values/10-250-272-3>		<http://ids.clld.org/parameters/10-250>		<http://ids.clld.org/values/10-250-295-1>		"sihe"@kpj	
"iša"@aro	<http://ids.clld.org/values/10-250-272-3>		<http://ids.clld.org/parameters/10-250>		<http://ids.clld.org/values/10-250-295-3>		"ta"@kpj	
"aiǰihae"@aro	<http://ids.clld.org/values/5-140-272-1>		<http://ids.clld.org/parameters/5-140>		<http://ids.clld.org/values/5-140-295-1>		"rəma"@kpj	
"da"@aro	<http://ids.clld.org/values/2-930-272-1>		<http://ids.clld.org/parameters/2-930>		<http://ids.clld.org/values/2-930-295-1>		"tii"@kpj	
"holakʷa"@aro	<http://ids.clld.org/values/3-592-272-1>		<http://ids.clld.org/parameters/3-592>		<http://ids.clld.org/values/3-592-295-1>		"dɔre"@kpj	
"ha"@aro	<http://ids.clld.org/values/10-250-272-7>		<http://ids.clld.org/parameters/10-250>		<http://ids.clld.org/values/10-250-295-1>		"sihe"@kpj	
"ha"@aro	<http://ids.clld.org/values/10-250-272-7>		<http://ids.clld.org/parameters/10-250>		<http://ids.clld.org/values/10-250-295-3>		"ta"@kpj	
"a-hawa-hawa"@aro	<http://ids.clld.org/values/5-123-272-1>		<http://ids.clld.org/parameters/5-123>		<http://ids.clld.org/values/5-123-295-1>		"sɔ-nɨ"@kpj	
"ahe"@aro	<http://ids.clld.org/values/10-450-272-1>		<http://ids.clld.org/parameters/10-450>		<http://ids.clld.org/values/10-450-295-1>		"rira-n��"@kpj	
"aheni"@aro	<http://ids.clld.org/values/16-530-272-3>		<http://ids.clld.org/parameters/16-530>		<http://ids.clld.org/values/16-530-295-1>		"masaǰua"@kpj	
"aheni"@aro	<http://ids.clld.org/values/16-530-272-3>		<http://ids.clld.org/parameters/16-530>		<http://ids.clld.org/values/16-530-295-3>		"uberu"@kpj	
"beni"@aro	<http://ids.clld.org/values/1-720-272-1>		<http://ids.clld.org/parameters/1-720>		<http://ids.clld.org/values/1-720-295-1>		"ɨhɨ"@kpj	
"abalimi"@aro	<http://ids.clld.org/values/16-810-272-1>		<http://ids.clld.org/parameters/16-810>		<http://ids.clld.org/values/16-810-295-1>		"ruše"@kpj	
"šašo-kʷe"@aro	<http://ids.clld.org/values/1-360-272-1>		<http://ids.clld.org/parameters/1-360>		<http://ids.clld.org/values/1-360-295-3>		"əsetere"@kpj	
"šašo-kʷe"@aro	<http://ids.clld.org/values/1-360-272-1>		<http://ids.clld.org/parameters/1-360>		<http://ids.clld.org/values/1-360-295-5>		"teɨ"@kpj	
"šašo-kʷe"@aro	<http://ids.clld.org/values/1-360-272-1>		<http://ids.clld.org/parameters/1-360>		<http://ids.clld.org/values/1-360-295-1>		"be-ro"@kpj	
"ec̷iawe"@aro	<http://ids.clld.org/values/14-451-272-3>		<http://ids.clld.org/parameters/14-451>		<http://ids.clld.org/values/14-451-295-1>		"čioro (?)"@kpj	
"e-ana"@aro	<http://ids.clld.org/values/4-260-272-1>		<http://ids.clld.org/parameters/4-260>		<http://ids.clld.org/values/4-260-295-1>		"dɔrɔtɔ (?)"@kpj	
"akʷi"@aro	<http://ids.clld.org/values/1-420-272-1>		<http://ids.clld.org/parameters/1-420>		<http://ids.clld.org/values/1-420-295-1>		"ɔwɔru"@kpj	
"loleti"@aro	<http://ids.clld.org/values/4-670-272-1>		<http://ids.clld.org/parameters/4-670>		<http://ids.clld.org/values/4-670-295-1>		"rora ['visit' ?]"@kpj	
"kʷalolo"@aro	<http://ids.clld.org/values/12-810-272-1>		<http://ids.clld.org/parameters/12-810>		<http://ids.clld.org/values/12-810-295-1>		"i-webəse"@kpj	
"izi"@aro	<http://ids.clld.org/values/7-110-272-1>		<http://ids.clld.org/parameters/7-110>		<http://ids.clld.org/values/7-110-295-1>		"isɨ̃"@kpj	
"lao"@aro	<http://ids.clld.org/values/4-580-272-1>		<http://ids.clld.org/parameters/4-580>		<http://ids.clld.org/values/4-580-295-3>		"urua"@kpj	
"lao"@aro	<http://ids.clld.org/values/4-580-272-1>		<http://ids.clld.org/parameters/4-580>		<http://ids.clld.org/values/4-580-295-1>		"rua"@kpj	
"ahai"@aro	<http://ids.clld.org/values/16-710-272-1>		<http://ids.clld.org/parameters/16-710>		<http://ids.clld.org/values/16-710-295-1>		"awi"@kpj	
"ba"@aro	<http://ids.clld.org/values/17-170-272-1>		<http://ids.clld.org/parameters/17-170>		<http://ids.clld.org/values/17-170-295-1>		"erɨ"@kpj	
"hoto"@aro	<http://ids.clld.org/values/3-840-272-1>		<http://ids.clld.org/parameters/3-840>		<http://ids.clld.org/values/3-840-295-1>		"woudɔ"@kpj	
"ziki"@aro	<http://ids.clld.org/values/9-760-272-5>		<http://ids.clld.org/parameters/9-760>		<http://ids.clld.org/values/9-760-295-1>		"behɨra"@kpj	
"ziki"@aro	<http://ids.clld.org/values/9-760-272-5>		<http://ids.clld.org/parameters/9-760>		<http://ids.clld.org/values/9-760-295-3>		"lala"@kpj	
"bai"@aro	<http://ids.clld.org/values/1-330-272-1>		<http://ids.clld.org/parameters/1-330>		<http://ids.clld.org/values/1-330-295-3>		"sɨraru"@kpj	
"bai"@aro	<http://ids.clld.org/values/1-330-272-1>		<http://ids.clld.org/parameters/1-330>		<http://ids.clld.org/values/1-330-295-1>		"aho"@kpj	
"hašatana"@aro	<http://ids.clld.org/values/14-252-272-1>		<http://ids.clld.org/parameters/14-252>		<http://ids.clld.org/values/14-252-295-1>		"tere"@kpj	
"talale"@aro	<http://ids.clld.org/values/12-850-272-1>		<http://ids.clld.org/parameters/12-850>		<http://ids.clld.org/values/12-850-295-1>		"hãloo"@kpj	
"neti"@aro	<http://ids.clld.org/values/4-740-272-3>		<http://ids.clld.org/parameters/4-740>		<http://ids.clld.org/values/4-740-295-1>		"iru"@kpj	
"toa-na"@aro	<http://ids.clld.org/values/16-380-272-1>		<http://ids.clld.org/parameters/16-380>		<http://ids.clld.org/values/16-380-295-1>		"rube"@kpj	
"be-sese"@aro	<http://ids.clld.org/values/4-190-272-3>		<http://ids.clld.org/parameters/4-190>		<http://ids.clld.org/values/4-190-295-1>		"bərɔ"@kpj	
"beičowiki"@aro	<http://ids.clld.org/values/10-630-272-1>		<http://ids.clld.org/parameters/10-630>		<http://ids.clld.org/values/10-630-295-1>		"iteɔ"@kpj	
"didia"@aro	<http://ids.clld.org/values/5-110-272-3>		<http://ids.clld.org/parameters/5-110>		<http://ids.clld.org/values/5-110-295-7>		"-kɨ-"@kpj	
"didia"@aro	<http://ids.clld.org/values/5-110-272-3>		<http://ids.clld.org/parameters/5-110>		<http://ids.clld.org/values/5-110-295-3>		"iɔwe"@kpj	
"didia"@aro	<http://ids.clld.org/values/5-110-272-3>		<http://ids.clld.org/parameters/5-110>		<http://ids.clld.org/values/5-110-295-5>		"roši"@kpj	
"didia"@aro	<http://ids.clld.org/values/5-110-272-3>		<http://ids.clld.org/parameters/5-110>		<http://ids.clld.org/values/5-110-295-1>		"ɨ"@kpj	
"bene"@aro	<http://ids.clld.org/values/12-360-272-1>		<http://ids.clld.org/parameters/12-360>		<http://ids.clld.org/values/12-360-295-1>		"iɨre"@kpj	
"esi"@aro	<http://ids.clld.org/values/12-530-272-3>		<http://ids.clld.org/parameters/12-530>		<http://ids.clld.org/values/12-530-295-1>		"təbie-nɨ"@kpj	
"no-lipi"@aro	<http://ids.clld.org/values/2-445-272-3>		<http://ids.clld.org/parameters/2-445>		<http://ids.clld.org/values/2-445-295-1>		"iheruše"@kpj	
"sala"@aro	<http://ids.clld.org/values/9-270-272-5>		<http://ids.clld.org/parameters/9-270>		<http://ids.clld.org/values/9-270-295-1>		"abɨnɨ"@kpj	
"sala"@aro	<http://ids.clld.org/values/9-270-272-5>		<http://ids.clld.org/parameters/9-270>		<http://ids.clld.org/values/9-270-295-3>		"čua"@kpj	
"mata-kata"@aro	<http://ids.clld.org/values/13-350-272-1>		<http://ids.clld.org/parameters/13-350>		<http://ids.clld.org/values/13-350-295-1>		"ikona"@kpj	
"-na"@aro	<http://ids.clld.org/values/12-60-272-1>		<http://ids.clld.org/parameters/12-60>		<http://ids.clld.org/values/12-60-295-1>		"ahana"@kpj	
"peada"@aro	<http://ids.clld.org/values/13-10-272-1>		<http://ids.clld.org/parameters/13-10>		<http://ids.clld.org/values/13-10-295-1>		"sohoǰi"@kpj	
"a-bikʷe"@aro	<http://ids.clld.org/values/15-810-272-1>		<http://ids.clld.org/parameters/15-810>		<http://ids.clld.org/values/15-810-295-1>		"iučie"@kpj	
"e-me"@aro	<http://ids.clld.org/values/4-330-272-1>		<http://ids.clld.org/parameters/4-330>		<http://ids.clld.org/values/4-330-295-1>		"debɔ"@kpj	
"e-me"@aro	<http://ids.clld.org/values/4-330-272-1>		<http://ids.clld.org/parameters/4-330>		<http://ids.clld.org/values/4-330-295-3>		"tebɔ"@kpj	
"batawe"@aro	<http://ids.clld.org/values/12-920-272-1>		<http://ids.clld.org/parameters/12-920>		<http://ids.clld.org/values/12-920-295-1>		"wəse"@kpj	
"kʷaba"@aro	<http://ids.clld.org/values/9-760-272-1>		<http://ids.clld.org/parameters/9-760>		<http://ids.clld.org/values/9-760-295-1>		"behɨra"@kpj	
"kʷaba"@aro	<http://ids.clld.org/values/9-760-272-1>		<http://ids.clld.org/parameters/9-760>		<http://ids.clld.org/values/9-760-295-3>		"lala"@kpj	
"kʷac̷a"@aro	<http://ids.clld.org/values/4-240-272-1>		<http://ids.clld.org/parameters/4-240>		<http://ids.clld.org/values/4-240-295-3>		"rɨ"@kpj	
"kʷac̷a"@aro	<http://ids.clld.org/values/4-240-272-1>		<http://ids.clld.org/parameters/4-240>		<http://ids.clld.org/values/4-240-295-1>		"irɨ"@kpj	
"eta benepo maša"@aro	<http://ids.clld.org/values/6-480-272-1>		<http://ids.clld.org/parameters/6-480>		<http://ids.clld.org/values/6-480-295-1>		"ruu (?)"@kpj	
"bi-kʷae-baha"@aro	<http://ids.clld.org/values/18-310-272-1>		<http://ids.clld.org/parameters/18-310>		<http://ids.clld.org/values/18-310-295-1>		"tɨ̃-ɨ̃raši-nɨ"@kpj	
"piǰa"@aro	<http://ids.clld.org/values/12-730-272-5>		<http://ids.clld.org/parameters/12-730>		<http://ids.clld.org/values/12-730-295-3>		"ɔbiti"@kpj	
"piǰa"@aro	<http://ids.clld.org/values/12-730-272-5>		<http://ids.clld.org/parameters/12-730>		<http://ids.clld.org/values/12-730-295-1>		"ɔbiti-nɨ"@kpj	
"soso-na"@aro	<http://ids.clld.org/values/5-860-272-1>		<http://ids.clld.org/parameters/5-860>		<http://ids.clld.org/values/5-860-295-1>		"howɨ̃-sɨ"@kpj	
