"'bakʷa"@aro	<http://ids.clld.org/values/2-270-272-1>		<http://ids.clld.org/parameters/2-270>		<http://ids.clld.org/values/2-270-198-1>		"malnīk[a]s"@prg	
"šoa-iɲa"@aro	<http://ids.clld.org/values/4-140-272-1>		<http://ids.clld.org/parameters/4-140>		<http://ids.clld.org/values/4-140-198-1>		"skebelis"@prg	
"šamakana"@aro	<http://ids.clld.org/values/14-260-272-3>		<http://ids.clld.org/parameters/14-260>		<http://ids.clld.org/values/14-260-198-1>		"vangan"@prg	
"telihi"@aro	<http://ids.clld.org/values/6-570-272-1>		<http://ids.clld.org/parameters/6-570>		<http://ids.clld.org/values/6-570-198-1>		"savinzlē"@prg	
"kʷa-ti"@aro	<http://ids.clld.org/values/1-810-272-1>		<http://ids.clld.org/parameters/1-810>		<http://ids.clld.org/values/1-810-198-1>		"panā"@prg	
"e-c̷oi"@aro	<http://ids.clld.org/values/18-110-272-1>		<http://ids.clld.org/parameters/18-110>		<http://ids.clld.org/values/18-110-198-1>		"tārin"@prg	
"mahi"@aro	<http://ids.clld.org/values/9-730-272-3>		<http://ids.clld.org/parameters/9-730>		<http://ids.clld.org/values/9-730-198-1>		"laidis"@prg	
"e-tae"@aro	<http://ids.clld.org/values/7-120-272-1>		<http://ids.clld.org/parameters/7-120>		<http://ids.clld.org/values/7-120-198-1>		"butas"@prg	
"eotata"@aro	<http://ids.clld.org/values/12-240-272-1>		<http://ids.clld.org/parameters/12-240>		<http://ids.clld.org/values/12-240-198-1>		"atvér'a"@prg	
"bani"@aro	<http://ids.clld.org/values/18-280-272-1>		<http://ids.clld.org/parameters/18-280>		<http://ids.clld.org/values/18-280-198-1>		"imens"@prg	
"liya-liya"@aro	<http://ids.clld.org/values/10-110-272-1>		<http://ids.clld.org/parameters/10-110>		<http://ids.clld.org/values/10-110-198-1>		"pabanginuns"@prg	
"kʷipac̷io"@aro	<http://ids.clld.org/values/17-650-272-1>		<http://ids.clld.org/parameters/17-650>		<http://ids.clld.org/values/17-650-198-1>		"kadan"@prg	
"a"@aro	<http://ids.clld.org/values/9-110-272-1>		<http://ids.clld.org/parameters/9-110>		<http://ids.clld.org/values/9-110-198-1>		"segēt"@prg	
"maesa"@aro	<http://ids.clld.org/values/13-0-272-1>		<http://ids.clld.org/parameters/13-0>		<http://ids.clld.org/values/13-0-198-1>		"niainunt[a]s"@prg	
"toa"@aro	<http://ids.clld.org/values/16-660-272-1>		<http://ids.clld.org/parameters/16-660>		<http://ids.clld.org/values/16-660-198-1>		"arvis"@prg	
"hohe"@aro	<http://ids.clld.org/values/3-570-272-1>		<http://ids.clld.org/parameters/3-570>		<http://ids.clld.org/values/3-570-198-1>		"antis"@prg	
"me"@aro	<http://ids.clld.org/values/9-110-272-5>		<http://ids.clld.org/parameters/9-110>		<http://ids.clld.org/values/9-110-198-1>		"segēt"@prg	
"me-ac̷a"@aro	<http://ids.clld.org/values/4-340-272-1>		<http://ids.clld.org/parameters/4-340>		<http://ids.clld.org/values/4-340-198-1>		"pirstan"@prg	
"madaha"@aro	<http://ids.clld.org/values/4-360-272-3>		<http://ids.clld.org/parameters/4-360>		<http://ids.clld.org/values/4-360-198-1>		"klupstis"@prg	
"kʷipa"@aro	<http://ids.clld.org/values/17-640-272-3>		<http://ids.clld.org/parameters/17-640>		<http://ids.clld.org/values/17-640-198-1>		"ka"@prg	
"ani-c̷oa"@aro	<http://ids.clld.org/values/10-210-272-1>		<http://ids.clld.org/parameters/10-210>		<http://ids.clld.org/values/10-210-198-1>		"atskīsai"@prg	
"dewa"@aro	<http://ids.clld.org/values/16-630-272-1>		<http://ids.clld.org/parameters/16-630>		<http://ids.clld.org/values/16-630-198-3>		"padruvēsnan"@prg	
"dewa"@aro	<http://ids.clld.org/values/16-630-272-1>		<http://ids.clld.org/parameters/16-630>		<http://ids.clld.org/values/16-630-198-1>		"nādruvēsnan"@prg	
"zei"@aro	<http://ids.clld.org/values/1-230-272-1>		<http://ids.clld.org/parameters/1-230>		<http://ids.clld.org/values/1-230-198-1>		"lauks"@prg	
"abao"@aro	<http://ids.clld.org/values/12-570-272-1>		<http://ids.clld.org/parameters/12-570>		<http://ids.clld.org/values/12-570-198-1>		"ilga"@prg	
"mozizi-bade"@aro	<http://ids.clld.org/values/1-730-272-3>		<http://ids.clld.org/parameters/1-730>		<http://ids.clld.org/values/1-730-198-1>		"(v)up'an"@prg	
"e-c̷e"@aro	<http://ids.clld.org/values/4-270-272-1>		<http://ids.clld.org/parameters/4-270>		<http://ids.clld.org/values/4-270-198-1>		"dantis"@prg	
"ode"@aro	<http://ids.clld.org/values/1-610-272-1>		<http://ids.clld.org/parameters/1-610>		<http://ids.clld.org/values/1-610-198-3>		"sváikstan"@prg	
"ode"@aro	<http://ids.clld.org/values/1-610-272-1>		<http://ids.clld.org/parameters/1-610>		<http://ids.clld.org/values/1-610-198-1>		"zváikstan"@prg	
"ami"@aro	<http://ids.clld.org/values/4-150-272-1>		<http://ids.clld.org/parameters/4-150>		<http://ids.clld.org/values/4-150-198-1>		"kraujā"@prg	
"pololoa"@aro	<http://ids.clld.org/values/4-855-272-1>		<http://ids.clld.org/parameters/4-855>		<http://ids.clld.org/values/4-855-198-1>		"dumslē"@prg	
"homa"@aro	<http://ids.clld.org/values/2-930-272-5>		<http://ids.clld.org/parameters/2-930>		<http://ids.clld.org/values/2-930-198-3>		"tanā"@prg	
"homa"@aro	<http://ids.clld.org/values/2-930-272-5>		<http://ids.clld.org/parameters/2-930>		<http://ids.clld.org/values/2-930-198-1>		"tan[a]s"@prg	
"c̷eiɲeba"@aro	<http://ids.clld.org/values/7-110-272-5>		<http://ids.clld.org/parameters/7-110>		<http://ids.clld.org/values/7-110-198-1>		"givēt"@prg	
"bado"@aro	<http://ids.clld.org/values/9-190-272-1>		<http://ids.clld.org/parameters/9-190>		<http://ids.clld.org/values/9-190-198-1>		"virbē"@prg	
"banakʷa"@aro	<http://ids.clld.org/values/3-960-272-1>		<http://ids.clld.org/parameters/3-960>		<http://ids.clld.org/values/3-960-198-1>		"estureitā"@prg	
"waezakʷa"@aro	<http://ids.clld.org/values/2-251-272-1>		<http://ids.clld.org/parameters/2-251>		<http://ids.clld.org/values/2-251-198-1>		"maldai"@prg	
"da"@aro	<http://ids.clld.org/values/16-710-272-3>		<http://ids.clld.org/parameters/16-710>		<http://ids.clld.org/values/16-710-198-1>		"labs"@prg	
"baba-tae"@aro	<http://ids.clld.org/values/22-130-272-1>		<http://ids.clld.org/parameters/22-130>		<http://ids.clld.org/values/22-130-198-1>		"kírkē"@prg	
"kʷesa"@aro	<http://ids.clld.org/values/4-142-272-1>		<http://ids.clld.org/parameters/4-142>		<http://ids.clld.org/values/4-142-198-1>		"bārdus"@prg	
"a-abalipi"@aro	<http://ids.clld.org/values/11-880-272-5>		<http://ids.clld.org/parameters/11-880>		<http://ids.clld.org/values/11-880-198-1>		"témpran"@prg	
"haliǰa"@aro	<http://ids.clld.org/values/12-550-272-1>		<http://ids.clld.org/parameters/12-550>		<http://ids.clld.org/values/12-550-198-1>		"debīkan"@prg	
"pehihi"@aro	<http://ids.clld.org/values/3-831-272-3>		<http://ids.clld.org/parameters/3-831>		<http://ids.clld.org/values/3-831-198-1>		"kusis"@prg	
"c̷awa"@aro	<http://ids.clld.org/values/19-580-272-1>		<http://ids.clld.org/parameters/19-580>		<http://ids.clld.org/values/19-580-198-1>		"pagalbtan"@prg	
"azeza"@aro	<http://ids.clld.org/values/15-670-272-1>		<http://ids.clld.org/parameters/15-670>		<http://ids.clld.org/values/15-670-198-1>		"galimban"@prg	
"c̷ekʷe tomo-i"@aro	<http://ids.clld.org/values/7-220-272-1>		<http://ids.clld.org/parameters/7-220>		<http://ids.clld.org/values/7-220-198-1>		"vartā"@prg	
"iše"@aro	<http://ids.clld.org/values/4-760-272-1>		<http://ids.clld.org/parameters/4-760>		<http://ids.clld.org/values/4-760-198-1>		"galintvei"@prg	
"kʷala"@aro	<http://ids.clld.org/values/2-360-272-1>		<http://ids.clld.org/parameters/2-360>		<http://ids.clld.org/values/2-360-198-1>		"mātē"@prg	
"poho"@aro	<http://ids.clld.org/values/17-520-272-5>		<http://ids.clld.org/parameters/17-520>		<http://ids.clld.org/values/17-520-198-1>		"begi"@prg	
"ehi"@aro	<http://ids.clld.org/values/8-750-272-3>		<http://ids.clld.org/parameters/8-750>		<http://ids.clld.org/values/8-750-198-1>		"sakstis"@prg	
"mi-ǰa-ha"@aro	<http://ids.clld.org/values/2-920-272-5>		<http://ids.clld.org/parameters/2-920>		<http://ids.clld.org/values/2-920-198-1>		"tū"@prg	
"a-pamo"@aro	<http://ids.clld.org/values/13-160-272-1>		<http://ids.clld.org/parameters/13-160>		<http://ids.clld.org/values/13-160-198-1>		"tūl[i]s (?)"@prg	
"eowi"@aro	<http://ids.clld.org/values/1-310-272-3>		<http://ids.clld.org/parameters/1-310>		<http://ids.clld.org/values/1-310-198-1>		"(v)undas"@prg	
"biyo"@aro	<http://ids.clld.org/values/17-520-272-3>		<http://ids.clld.org/parameters/17-520>		<http://ids.clld.org/values/17-520-198-1>		"begi"@prg	
"ba-mewe"@aro	<http://ids.clld.org/values/17-170-272-3>		<http://ids.clld.org/parameters/17-170>		<http://ids.clld.org/values/17-170-198-1>		"vaist"@prg	
"po"@aro	<http://ids.clld.org/values/10-470-272-1>		<http://ids.clld.org/parameters/10-470>		<http://ids.clld.org/values/10-470-198-1>		"éit"@prg	
"šoatai"@aro	<http://ids.clld.org/values/3-586-272-3>		<http://ids.clld.org/parameters/3-586>		<http://ids.clld.org/values/3-586-198-1>		"aukis"@prg	
"mama"@aro	<http://ids.clld.org/values/2-320-272-3>		<http://ids.clld.org/parameters/2-320>		<http://ids.clld.org/values/2-320-198-1>		"salūban"@prg	
"todi"@aro	<http://ids.clld.org/values/2-410-272-3>		<http://ids.clld.org/parameters/2-410>		<http://ids.clld.org/values/2-410-198-1>		"sūnun"@prg	
"zei"@aro	<http://ids.clld.org/values/8-120-272-1>		<http://ids.clld.org/parameters/8-120>		<http://ids.clld.org/values/8-120-198-1>		"lauks"@prg	
"ai-kana"@aro	<http://ids.clld.org/values/11-180-272-1>		<http://ids.clld.org/parameters/11-180>		<http://ids.clld.org/values/11-180-198-1>		"daiktas"@prg	
"bakʷa"@aro	<http://ids.clld.org/values/2-420-272-3>		<http://ids.clld.org/parameters/2-420>		<http://ids.clld.org/values/2-420-198-1>		"duktē"@prg	
"eiye"@aro	<http://ids.clld.org/values/1-410-272-1>		<http://ids.clld.org/parameters/1-410>		<http://ids.clld.org/values/1-410-198-1>		"med'an"@prg	
"c̷io"@aro	<http://ids.clld.org/values/17-650-272-5>		<http://ids.clld.org/parameters/17-650>		<http://ids.clld.org/values/17-650-198-1>		"kadan"@prg	
"bakʷe-dea"@aro	<http://ids.clld.org/values/2-410-272-1>		<http://ids.clld.org/parameters/2-410>		<http://ids.clld.org/values/2-410-198-1>		"sūnun"@prg	
"nime-(h)ono"@aro	<http://ids.clld.org/values/17-110-272-1>		<http://ids.clld.org/parameters/17-110>		<http://ids.clld.org/values/17-110-198-1>		"isprasnā"@prg	
"šopili"@aro	<http://ids.clld.org/values/6-360-272-1>		<http://ids.clld.org/parameters/6-360>		<http://ids.clld.org/values/6-360-198-1>		"aigulā"@prg	
"awe mawe"@aro	<http://ids.clld.org/values/2-760-272-1>		<http://ids.clld.org/parameters/2-760>		<http://ids.clld.org/values/2-760-198-1>		"vidavā ~ viduvā"@prg	
"ihi"@aro	<http://ids.clld.org/values/9-160-272-1>		<http://ids.clld.org/parameters/9-160>		<http://ids.clld.org/values/9-160-198-1>		"perréist"@prg	
"dana"@aro	<http://ids.clld.org/values/4-170-272-1>		<http://ids.clld.org/parameters/4-170>		<http://ids.clld.org/values/4-170-198-1>		"ragis"@prg	
"mala"@aro	<http://ids.clld.org/values/14-730-272-1>		<http://ids.clld.org/parameters/14-730>		<http://ids.clld.org/values/14-730-198-1>		"metan"@prg	
"me-tezi"@aro	<http://ids.clld.org/values/4-344-272-1>		<http://ids.clld.org/parameters/4-344>		<http://ids.clld.org/values/4-344-198-1>		"nagutis"@prg	
"hehe"@aro	<http://ids.clld.org/values/18-410-272-3>		<http://ids.clld.org/parameters/18-410>		<http://ids.clld.org/values/18-410-198-1>		"vakētvei"@prg	
"tipae"@aro	<http://ids.clld.org/values/12-70-272-3>		<http://ids.clld.org/parameters/12-70>		<http://ids.clld.org/values/12-70-198-1>		"pā"@prg	
"pene"@aro	<http://ids.clld.org/values/7-270-272-1>		<http://ids.clld.org/parameters/7-270>		<http://ids.clld.org/values/7-270-198-1>		"zeidis"@prg	
"po-"@aro	<http://ids.clld.org/values/9-110-272-7>		<http://ids.clld.org/parameters/9-110>		<http://ids.clld.org/values/9-110-198-1>		"segēt"@prg	
"kʷene-"@aro	<http://ids.clld.org/values/12-40-272-1>		<http://ids.clld.org/parameters/12-40>		<http://ids.clld.org/values/12-40-198-1>		"pirzdau"@prg	
"moba"@aro	<http://ids.clld.org/values/1-324-272-1>		<http://ids.clld.org/parameters/1-324>		<http://ids.clld.org/values/1-324-198-1>		"spāinā"@prg	
"tezi"@aro	<http://ids.clld.org/values/1-841-272-1>		<http://ids.clld.org/parameters/1-841>		<http://ids.clld.org/values/1-841-198-1>		"zarī"@prg	
"hememe"@aro	<http://ids.clld.org/values/16-730-272-3>		<http://ids.clld.org/parameters/16-730>		<http://ids.clld.org/values/16-730-198-1>		"tikrāmiskan"@prg	
"pisa"@aro	<http://ids.clld.org/values/20-610-272-3>		<http://ids.clld.org/parameters/20-610>		<http://ids.clld.org/values/20-610-198-1>		"mediyas"@prg	
"peyo"@aro	<http://ids.clld.org/values/20-340-272-1>		<http://ids.clld.org/parameters/20-340>		<http://ids.clld.org/values/20-340-198-1>		"skaitan"@prg	
"pele"@aro	<http://ids.clld.org/values/12-220-272-3>		<http://ids.clld.org/parameters/12-220>		<http://ids.clld.org/values/12-220-198-1>		"sanrists"@prg	
"hada"@aro	<http://ids.clld.org/values/17-610-272-5>		<http://ids.clld.org/parameters/17-610>		<http://ids.clld.org/values/17-610-198-1>		"kai"@prg	
"mezizo"@aro	<http://ids.clld.org/values/1-215-272-1>		<http://ids.clld.org/parameters/1-215>		<http://ids.clld.org/values/1-215-198-1>		"zigzdā"@prg	
"neti"@aro	<http://ids.clld.org/values/12-150-272-1>		<http://ids.clld.org/parameters/12-150>		<http://ids.clld.org/values/12-150-198-1>		"stalēt"@prg	
"e-kʷiča-kana"@aro	<http://ids.clld.org/values/19-210-272-1>		<http://ids.clld.org/parameters/19-210>		<http://ids.clld.org/values/19-210-198-1>		"amzin"@prg	
"zakʷai (?)"@aro	<http://ids.clld.org/values/6-920-272-1>		<http://ids.clld.org/parameters/6-920>		<http://ids.clld.org/values/6-920-198-1>		"kāistvē"@prg	
"poli"@aro	<http://ids.clld.org/values/15-710-272-3>		<http://ids.clld.org/parameters/15-710>		<http://ids.clld.org/values/15-710-198-1>		"enkasint"@prg	
"ema"@aro	<http://ids.clld.org/values/2-910-272-1>		<http://ids.clld.org/parameters/2-910>		<http://ids.clld.org/values/2-910-198-1>		"as"@prg	
"takʷa"@aro	<http://ids.clld.org/values/4-450-272-1>		<http://ids.clld.org/parameters/4-450>		<http://ids.clld.org/values/4-450-198-1>		"yaknā"@prg	
"sihi"@aro	<http://ids.clld.org/values/11-210-272-3>		<http://ids.clld.org/parameters/11-210>		<http://ids.clld.org/values/11-210-198-1>		"dāt[vei]"@prg	
"toloneti"@aro	<http://ids.clld.org/values/10-412-272-3>		<http://ids.clld.org/parameters/10-412>		<http://ids.clld.org/values/10-412-198-1>		"pakvelptan"@prg	
"hamani"@aro	<http://ids.clld.org/values/3-586-272-1>		<http://ids.clld.org/parameters/3-586>		<http://ids.clld.org/values/3-586-198-1>		"aukis"@prg	
"ho pewe"@aro	<http://ids.clld.org/values/2-760-272-3>		<http://ids.clld.org/parameters/2-760>		<http://ids.clld.org/values/2-760-198-1>		"vidavā ~ viduvā"@prg	
"popa"@aro	<http://ids.clld.org/values/1-550-272-1>		<http://ids.clld.org/parameters/1-550>		<http://ids.clld.org/values/1-550-198-1>		"mēldē"@prg	
"haha"@aro	<http://ids.clld.org/values/8-311-272-1>		<http://ids.clld.org/parameters/8-311>		<http://ids.clld.org/values/8-311-198-1>		"sēmen"@prg	
"ic̷oba"@aro	<http://ids.clld.org/values/15-710-272-1>		<http://ids.clld.org/parameters/15-710>		<http://ids.clld.org/values/15-710-198-1>		"enkasint"@prg	
"wac̷i-hozoi"@aro	<http://ids.clld.org/values/6-490-272-1>		<http://ids.clld.org/parameters/6-490>		<http://ids.clld.org/values/6-490-198-1>		"pēd'ai"@prg	
"dizi"@aro	<http://ids.clld.org/values/10-720-272-1>		<http://ids.clld.org/parameters/10-720>		<http://ids.clld.org/values/10-720-198-1>		"pintis"@prg	
"apamo"@aro	<http://ids.clld.org/values/13-150-272-1>		<http://ids.clld.org/parameters/13-150>		<http://ids.clld.org/values/13-150-198-1>		"tūlan"@prg	
"ateli"@aro	<http://ids.clld.org/values/16-650-272-1>		<http://ids.clld.org/parameters/16-650>		<http://ids.clld.org/values/16-650-198-1>		"aušaudēvings"@prg	
"ho-towaha"@aro	<http://ids.clld.org/values/5-260-272-1>		<http://ids.clld.org/parameters/5-260>		<http://ids.clld.org/values/5-260-198-1>		"zvikstis"@prg	
"baha"@aro	<http://ids.clld.org/values/9-250-272-1>		<http://ids.clld.org/parameters/9-250>		<http://ids.clld.org/values/9-250-198-1>		"bīlē"@prg	
"tolo"@aro	<http://ids.clld.org/values/2-250-272-3>		<http://ids.clld.org/parameters/2-250>		<http://ids.clld.org/values/2-250-198-1>		"malnīk[a]s"@prg	
"abalimi"@aro	<http://ids.clld.org/values/11-880-272-1>		<http://ids.clld.org/parameters/11-880>		<http://ids.clld.org/values/11-880-198-1>		"témpran"@prg	
"iwa"@aro	<http://ids.clld.org/values/18-410-272-1>		<http://ids.clld.org/parameters/18-410>		<http://ids.clld.org/values/18-410-198-1>		"vakētvei"@prg	
"e-c̷oa"@aro	<http://ids.clld.org/values/4-160-272-1>		<http://ids.clld.org/parameters/4-160>		<http://ids.clld.org/values/4-160-198-1>		"kaulan"@prg	
"dohoda"@aro	<http://ids.clld.org/values/16-420-272-3>		<http://ids.clld.org/parameters/16-420>		<http://ids.clld.org/values/16-420-198-1>		"nerteis"@prg	
"mawe-anai"@aro	<http://ids.clld.org/values/10-330-272-3>		<http://ids.clld.org/parameters/10-330>		<http://ids.clld.org/values/10-330-198-1>		"auskéndlai"@prg	
"hehe-a"@aro	<http://ids.clld.org/values/13-210-272-1>		<http://ids.clld.org/parameters/13-210>		<http://ids.clld.org/values/13-210-198-1>		"pilnan"@prg	
"hai-ǰa"@aro	<http://ids.clld.org/values/4-830-272-5>		<http://ids.clld.org/parameters/4-830>		<http://ids.clld.org/values/4-830-198-1>		"kails"@prg	
"-nana"@aro	<http://ids.clld.org/values/14-140-272-3>		<http://ids.clld.org/parameters/14-140>		<http://ids.clld.org/values/14-140-198-1>		"maldans"@prg	
"-dada"@aro	<http://ids.clld.org/values/12-10-272-1>		<http://ids.clld.org/parameters/12-10>		<http://ids.clld.org/values/12-10-198-1>		"pā"@prg	
"toma"@aro	<http://ids.clld.org/values/16-620-272-3>		<http://ids.clld.org/parameters/16-620>		<http://ids.clld.org/values/16-620-198-1>		"pakaitēsnan"@prg	
"dobe-a"@aro	<http://ids.clld.org/values/10-620-272-3>		<http://ids.clld.org/parameters/10-620>		<http://ids.clld.org/values/10-620-198-1>		"pīst"@prg	
"ba"@aro	<http://ids.clld.org/values/15-520-272-1>		<http://ids.clld.org/parameters/15-520>		<http://ids.clld.org/values/15-520-198-1>		"endīrīt[vei]"@prg	
"peati"@aro	<http://ids.clld.org/values/12-930-272-3>		<http://ids.clld.org/parameters/12-930>		<http://ids.clld.org/values/12-930-198-1>		"kitavidintun sin"@prg	
"tiǰada"@aro	<http://ids.clld.org/values/4-350-272-1>		<http://ids.clld.org/parameters/4-350>		<http://ids.clld.org/values/4-350-198-1>		"nagē"@prg	
"mimi"@aro	<http://ids.clld.org/values/18-210-272-1>		<http://ids.clld.org/parameters/18-210>		<http://ids.clld.org/values/18-210-198-1>		"gérbt"@prg	
"akʷi-ša"@aro	<http://ids.clld.org/values/8-550-272-1>		<http://ids.clld.org/parameters/8-550>		<http://ids.clld.org/values/8-550-198-1>		"vipis"@prg	
"wai"@aro	<http://ids.clld.org/values/3-594-272-1>		<http://ids.clld.org/parameters/3-594>		<http://ids.clld.org/values/3-594-198-1>		"pālis"@prg	
"e-iloi"@aro	<http://ids.clld.org/values/19-430-272-1>		<http://ids.clld.org/parameters/19-430>		<http://ids.clld.org/values/19-430-198-1>		"slūznikā"@prg	
"hode"@aro	<http://ids.clld.org/values/19-160-272-1>		<http://ids.clld.org/parameters/19-160>		<http://ids.clld.org/values/19-160-198-1>		"kaimis"@prg	
"dodo-i"@aro	<http://ids.clld.org/values/5-570-272-1>		<http://ids.clld.org/parameters/5-570>		<http://ids.clld.org/values/5-570-198-1>		"malūnis"@prg	
"mano"@aro	<http://ids.clld.org/values/4-750-272-1>		<http://ids.clld.org/parameters/4-750>		<http://ids.clld.org/values/4-750-198-1>		"aul'aút"@prg	
"dea"@aro	<http://ids.clld.org/values/2-210-272-1>		<http://ids.clld.org/parameters/2-210>		<http://ids.clld.org/values/2-210-198-1>		"vīrs"@prg	
"bodoa"@aro	<http://ids.clld.org/values/12-210-272-9>		<http://ids.clld.org/parameters/12-210>		<http://ids.clld.org/values/12-210-198-1>		"sanrénka"@prg	
"c̷edapo"@aro	<http://ids.clld.org/values/2-100-272-3>		<http://ids.clld.org/parameters/2-100>		<http://ids.clld.org/values/2-100-198-1>		"zmānen[t]s"@prg	
"waza-waza"@aro	<http://ids.clld.org/values/1-380-272-1>		<http://ids.clld.org/parameters/1-380>		<http://ids.clld.org/values/1-380-198-1>		"pelkī"@prg	
"kʷekʷe"@aro	<http://ids.clld.org/values/4-250-272-1>		<http://ids.clld.org/parameters/4-250>		<http://ids.clld.org/values/4-250-198-1>		"varsus"@prg	
"hoho"@aro	<http://ids.clld.org/values/2-230-272-3>		<http://ids.clld.org/parameters/2-230>		<http://ids.clld.org/values/2-230-198-1>		"vīrs"@prg	
"ano-bololo"@aro	<http://ids.clld.org/values/3-950-272-1>		<http://ids.clld.org/parameters/3-950>		<http://ids.clld.org/values/3-950-198-1>		"krupeilē"@prg	
"mosoho"@aro	<http://ids.clld.org/values/4-440-272-1>		<http://ids.clld.org/parameters/4-440>		<http://ids.clld.org/values/4-440-198-1>		"sēr"@prg	
"e-kʷiča"@aro	<http://ids.clld.org/values/2-100-272-1>		<http://ids.clld.org/parameters/2-100>		<http://ids.clld.org/values/2-100-198-1>		"zmānen[t]s"@prg	
"eta"@aro	<http://ids.clld.org/values/4-350-272-3>		<http://ids.clld.org/parameters/4-350>		<http://ids.clld.org/values/4-350-198-1>		"nagē"@prg	
"kʷa-ti"@aro	<http://ids.clld.org/values/1-880-272-1>		<http://ids.clld.org/parameters/1-880>		<http://ids.clld.org/values/1-880-198-1>		"malkā"@prg	
"bakʷeo"@aro	<http://ids.clld.org/values/12-80-272-1>		<http://ids.clld.org/parameters/12-80>		<http://ids.clld.org/values/12-80-198-3>		"kérša[n]"@prg	
"bakʷeo"@aro	<http://ids.clld.org/values/12-80-272-1>		<http://ids.clld.org/parameters/12-80>		<http://ids.clld.org/values/12-80-198-1>		"kirša[n]"@prg	
"bade-a"@aro	<http://ids.clld.org/values/9-341-272-1>		<http://ids.clld.org/parameters/9-341>		<http://ids.clld.org/values/9-341-198-1>		"kabē[v]uns"@prg	
"hana"@aro	<http://ids.clld.org/values/5-120-272-1>		<http://ids.clld.org/parameters/5-120>		<http://ids.clld.org/values/5-120-198-1>		"ēdā"@prg	
"eowa"@aro	<http://ids.clld.org/values/1-100-272-3>		<http://ids.clld.org/parameters/1-100>		<http://ids.clld.org/values/1-100-198-1>		"svētā"@prg	
"ni"@aro	<http://ids.clld.org/values/17-370-272-1>		<http://ids.clld.org/parameters/17-370>		<http://ids.clld.org/values/17-370-198-1>		"tikr[a]s"@prg	
"abizi"@aro	<http://ids.clld.org/values/16-230-272-1>		<http://ids.clld.org/parameters/16-230>		<http://ids.clld.org/values/16-230-198-1>		"[vesals]"@prg	
"-lipi"@aro	<http://ids.clld.org/values/16-270-272-3>		<http://ids.clld.org/parameters/16-270>		<http://ids.clld.org/values/16-270-198-1>		"mīlēt"@prg	
"mama"@aro	<http://ids.clld.org/values/2-220-272-3>		<http://ids.clld.org/parameters/2-220>		<http://ids.clld.org/values/2-220-198-1>		"genā"@prg	
"zeti"@aro	<http://ids.clld.org/values/1-520-272-1>		<http://ids.clld.org/parameters/1-520>		<http://ids.clld.org/values/1-520-198-1>		"saulē"@prg	
"dipanoši"@aro	<http://ids.clld.org/values/16-670-272-1>		<http://ids.clld.org/parameters/16-670>		<http://ids.clld.org/values/16-670-198-1>		"mént'ama"@prg	
"ebeiye"@aro	<http://ids.clld.org/values/19-170-272-1>		<http://ids.clld.org/parameters/19-170>		<http://ids.clld.org/values/19-170-198-1>		"azī"@prg	
"c̷ihi"@aro	<http://ids.clld.org/values/21-510-272-1>		<http://ids.clld.org/parameters/21-510>		<http://ids.clld.org/values/21-510-198-1>		"ránktvei"@prg	
"hahotana"@aro	<http://ids.clld.org/values/5-940-272-1>		<http://ids.clld.org/parameters/5-940>		<http://ids.clld.org/values/5-940-198-1>		"rūktan-dadan"@prg	
"maedada"@aro	<http://ids.clld.org/values/4-205-272-1>		<http://ids.clld.org/parameters/4-205>		<http://ids.clld.org/values/4-205-198-1>		"kaktā"@prg	
"pe-ac̷a"@aro	<http://ids.clld.org/values/4-162-272-1>		<http://ids.clld.org/parameters/4-162>		<http://ids.clld.org/values/4-162-198-1>		"gravē"@prg	
"mahana"@aro	<http://ids.clld.org/values/1-440-272-1>		<http://ids.clld.org/parameters/1-440>		<http://ids.clld.org/values/1-440-198-1>		"stabis"@prg	
"c̷edo"@aro	<http://ids.clld.org/values/4-400-272-3>		<http://ids.clld.org/parameters/4-400>		<http://ids.clld.org/values/4-400-198-1>		"kraklan"@prg	
"a-sawa-lili"@aro	<http://ids.clld.org/values/15-680-272-3>		<http://ids.clld.org/parameters/15-680>		<http://ids.clld.org/values/15-680-198-1>		"zal'an"@prg	
"daokʷawe"@aro	<http://ids.clld.org/values/13-180-272-1>		<http://ids.clld.org/parameters/13-180>		<http://ids.clld.org/values/13-180-198-1>		"zuit"@prg	
"nio"@aro	<http://ids.clld.org/values/3-610-272-1>		<http://ids.clld.org/parameters/3-610>		<http://ids.clld.org/values/3-610-198-1>		"sunis"@prg	
"baba-šodi"@aro	<http://ids.clld.org/values/2-460-272-1>		<http://ids.clld.org/parameters/2-460>		<http://ids.clld.org/values/2-460-198-1>		"tētis"@prg	
"wec̷iowepo"@aro	<http://ids.clld.org/values/19-540-272-1>		<http://ids.clld.org/parameters/19-540>		<http://ids.clld.org/values/19-540-198-1>		"taviš'an"@prg	
"wac̷i-hozoi"@aro	<http://ids.clld.org/values/6-510-272-1>		<http://ids.clld.org/parameters/6-510>		<http://ids.clld.org/values/6-510-198-1>		"kurpē"@prg	
"wodoho"@aro	<http://ids.clld.org/values/3-594-272-3>		<http://ids.clld.org/parameters/3-594>		<http://ids.clld.org/values/3-594-198-1>		"pālis"@prg	
"aboa"@aro	<http://ids.clld.org/values/15-860-272-1>		<http://ids.clld.org/parameters/15-860>		<http://ids.clld.org/values/15-860-198-1>		"salta"@prg	
"zabobo-a"@aro	<http://ids.clld.org/values/15-710-272-5>		<http://ids.clld.org/parameters/15-710>		<http://ids.clld.org/values/15-710-198-1>		"enkasint"@prg	
"neti"@aro	<http://ids.clld.org/values/7-110-272-3>		<http://ids.clld.org/parameters/7-110>		<http://ids.clld.org/values/7-110-198-1>		"givēt"@prg	
"babaowe"@aro	<http://ids.clld.org/values/13-140-272-1>		<http://ids.clld.org/parameters/13-140>		<http://ids.clld.org/values/13-140-198-1>		"erains"@prg	
"c̷eiɲeba"@aro	<http://ids.clld.org/values/4-740-272-5>		<http://ids.clld.org/parameters/4-740>		<http://ids.clld.org/values/4-740-198-1>		"gīvas"@prg	
"ai nime-oma"@aro	<http://ids.clld.org/values/21-360-272-1>		<http://ids.clld.org/parameters/21-360>		<http://ids.clld.org/values/21-360-198-1>		"nivinautan"@prg	
"azaha"@aro	<http://ids.clld.org/values/15-840-272-1>		<http://ids.clld.org/parameters/15-840>		<http://ids.clld.org/values/15-840-198-1>		"sausan"@prg	
"hodo"@aro	<http://ids.clld.org/values/1-830-272-1>		<http://ids.clld.org/parameters/1-830>		<http://ids.clld.org/values/1-830-198-1>		"dūmis"@prg	
"e-na"@aro	<http://ids.clld.org/values/1-310-272-1>		<http://ids.clld.org/parameters/1-310>		<http://ids.clld.org/values/1-310-198-1>		"(v)undas"@prg	
"bototo"@aro	<http://ids.clld.org/values/3-817-272-1>		<http://ids.clld.org/parameters/3-817>		<http://ids.clld.org/values/3-817-198-1>		"saugis"@prg	
"eha"@aro	<http://ids.clld.org/values/5-970-272-1>		<http://ids.clld.org/parameters/5-970>		<http://ids.clld.org/values/5-970-198-1>		"paute"@prg	
"laihihiye"@aro	<http://ids.clld.org/values/19-170-272-3>		<http://ids.clld.org/parameters/19-170>		<http://ids.clld.org/values/19-170-198-1>		"azī"@prg	
"[ola]"@aro	<http://ids.clld.org/values/14-510-272-1>		<http://ids.clld.org/parameters/14-510>		<http://ids.clld.org/values/14-510-198-1>		"stúndiks"@prg	
"iša"@aro	<http://ids.clld.org/values/12-120-272-1>		<http://ids.clld.org/parameters/12-120>		<http://ids.clld.org/values/12-120-198-1>		"lazinā"@prg	
"timaihi"@aro	<http://ids.clld.org/values/6-570-272-3>		<http://ids.clld.org/parameters/6-570>		<http://ids.clld.org/values/6-570-198-1>		"savinzlē"@prg	
"habatime"@aro	<http://ids.clld.org/values/17-150-272-3>		<http://ids.clld.org/parameters/17-150>		<http://ids.clld.org/values/17-150-198-1>		"druvēt"@prg	
"[kʷišilo]"@aro	<http://ids.clld.org/values/9-230-272-1>		<http://ids.clld.org/parameters/9-230>		<http://ids.clld.org/values/9-230-198-1>		"peile"@prg	
"tipao"@aro	<http://ids.clld.org/values/12-30-272-1>		<http://ids.clld.org/parameters/12-30>		<http://ids.clld.org/values/12-30-198-1>		"zemai"@prg	
"abiča"@aro	<http://ids.clld.org/values/15-350-272-1>		<http://ids.clld.org/parameters/15-350>		<http://ids.clld.org/values/15-350-198-1>		"pādaminan"@prg	
"e-awe"@aro	<http://ids.clld.org/values/2-310-272-1>		<http://ids.clld.org/parameters/2-310>		<http://ids.clld.org/values/2-310-198-1>		"grandan"@prg	
"aiyaha"@aro	<http://ids.clld.org/values/17-680-272-3>		<http://ids.clld.org/parameters/17-680>		<http://ids.clld.org/values/17-680-198-1>		"kas"@prg	
"akʷi-c̷aha"@aro	<http://ids.clld.org/values/8-540-272-1>		<http://ids.clld.org/parameters/8-540>		<http://ids.clld.org/values/8-540-198-1>		"saknis"@prg	
"doho-i"@aro	<http://ids.clld.org/values/10-640-272-1>		<http://ids.clld.org/parameters/10-640>		<http://ids.clld.org/values/10-640-198-1>		"vest[vei]"@prg	
"biki"@aro	<http://ids.clld.org/values/4-120-272-1>		<http://ids.clld.org/parameters/4-120>		<http://ids.clld.org/values/4-120-198-1>		"k'autā"@prg	
"biki"@aro	<http://ids.clld.org/values/4-120-272-1>		<http://ids.clld.org/parameters/4-120>		<http://ids.clld.org/values/4-120-198-3>		"skārdā"@prg	
"c̷omoto"@aro	<http://ids.clld.org/values/4-430-272-1>		<http://ids.clld.org/parameters/4-430>		<http://ids.clld.org/values/4-430-198-1>		"nabis"@prg	
"akʷi"@aro	<http://ids.clld.org/values/8-600-272-1>		<http://ids.clld.org/parameters/8-600>		<http://ids.clld.org/values/8-600-198-1>		"gar'an"@prg	
"pehaha"@aro	<http://ids.clld.org/values/4-451-272-1>		<http://ids.clld.org/parameters/4-451>		<http://ids.clld.org/values/4-451-198-1>		"inkstē"@prg	
"sipia"@aro	<http://ids.clld.org/values/8-170-272-1>		<http://ids.clld.org/parameters/8-170>		<http://ids.clld.org/values/8-170-198-1>		"ravis"@prg	
"pa"@aro	<http://ids.clld.org/values/12-350-272-1>		<http://ids.clld.org/parameters/12-350>		<http://ids.clld.org/values/12-350-198-1>		"vangan"@prg	
"c̷o"@aro	<http://ids.clld.org/values/11-320-272-1>		<http://ids.clld.org/parameters/11-320>		<http://ids.clld.org/values/11-320-198-1>		"aupala"@prg	
"ebe-"@aro	<http://ids.clld.org/values/4-300-272-3>		<http://ids.clld.org/parameters/4-300>		<http://ids.clld.org/values/4-300-198-1>		"petē"@prg	
"dipawe"@aro	<http://ids.clld.org/values/17-550-272-1>		<http://ids.clld.org/parameters/17-550>		<http://ids.clld.org/values/17-550-198-1>		"[ya]"@prg	
"boni"@aro	<http://ids.clld.org/values/3-581-272-1>		<http://ids.clld.org/parameters/3-581>		<http://ids.clld.org/values/3-581-198-1>		"pepelis ~ pipelkā"@prg	
"kʷae"@aro	<http://ids.clld.org/values/15-550-272-1>		<http://ids.clld.org/parameters/15-550>		<http://ids.clld.org/values/15-550-198-1>		"vaidina"@prg	
"ac̷o"@aro	<http://ids.clld.org/values/4-412-272-1>		<http://ids.clld.org/parameters/4-412>		<http://ids.clld.org/values/4-412-198-1>		"spenis"@prg	
"baepa"@aro	<http://ids.clld.org/values/1-510-272-1>		<http://ids.clld.org/parameters/1-510>		<http://ids.clld.org/values/1-510-198-1>		"dangus"@prg	
"c̷ena"@aro	<http://ids.clld.org/values/3-840-272-3>		<http://ids.clld.org/parameters/3-840>		<http://ids.clld.org/values/3-840-198-1>		"kirmis"@prg	
"ziki benepo maša"@aro	<http://ids.clld.org/values/6-440-272-1>		<http://ids.clld.org/parameters/6-440>		<http://ids.clld.org/values/6-440-198-1>		"nurtvē"@prg	
"zaboboa"@aro	<http://ids.clld.org/values/12-210-272-5>		<http://ids.clld.org/parameters/12-210>		<http://ids.clld.org/values/12-210-198-1>		"sanrénka"@prg	
"lopo"@aro	<http://ids.clld.org/values/12-560-272-1>		<http://ids.clld.org/parameters/12-560>		<http://ids.clld.org/values/12-560-198-1>		"likuts"@prg	
"beta-kata"@aro	<http://ids.clld.org/values/13-20-272-3>		<http://ids.clld.org/parameters/13-20>		<http://ids.clld.org/values/13-20-198-1>		"dvai"@prg	
"izi"@aro	<http://ids.clld.org/values/5-130-272-1>		<http://ids.clld.org/parameters/5-130>		<http://ids.clld.org/values/5-130-198-1>		"pūtvei"@prg	
"biǰiloa"@aro	<http://ids.clld.org/values/10-330-272-1>		<http://ids.clld.org/parameters/10-330>		<http://ids.clld.org/values/10-330-198-1>		"auskéndlai"@prg	
"amaha"@aro	<http://ids.clld.org/values/1-430-272-1>		<http://ids.clld.org/parameters/1-430>		<http://ids.clld.org/values/1-430-198-1>		"malkā"@prg	
"c̷abaha"@aro	<http://ids.clld.org/values/15-410-272-1>		<http://ids.clld.org/parameters/15-410>		<http://ids.clld.org/values/15-410-198-3>		"klausītun"@prg	
"c̷abaha"@aro	<http://ids.clld.org/values/15-410-272-1>		<http://ids.clld.org/parameters/15-410>		<http://ids.clld.org/values/15-410-198-1>		"kirdē̈t[vei]"@prg	
"sewa"@aro	<http://ids.clld.org/values/15-650-272-1>		<http://ids.clld.org/parameters/15-650>		<http://ids.clld.org/values/15-650-198-1>		"kirsnan"@prg	
"peada-we"@aro	<http://ids.clld.org/values/13-10-272-3>		<http://ids.clld.org/parameters/13-10>		<http://ids.clld.org/values/13-10-198-1>		"ains"@prg	
"močačo bade"@aro	<http://ids.clld.org/values/4-730-272-1>		<http://ids.clld.org/parameters/4-730>		<http://ids.clld.org/values/4-730-198-1>		"brendekermnen"@prg	
"ewi"@aro	<http://ids.clld.org/values/4-230-272-1>		<http://ids.clld.org/parameters/4-230>		<http://ids.clld.org/values/4-230-198-1>		"nāsī"@prg	
"baba"@aro	<http://ids.clld.org/values/22-120-272-1>		<http://ids.clld.org/parameters/22-120>		<http://ids.clld.org/values/22-120-198-1>		"deivas"@prg	
"asele"@aro	<http://ids.clld.org/values/15-660-272-1>		<http://ids.clld.org/parameters/15-660>		<http://ids.clld.org/values/15-660-198-1>		"varminan"@prg	
"mato"@aro	<http://ids.clld.org/values/5-340-272-1>		<http://ids.clld.org/parameters/5-340>		<http://ids.clld.org/values/5-340-198-1>		"kragis"@prg	
"mimi-isi"@aro	<http://ids.clld.org/values/22-240-272-1>		<http://ids.clld.org/parameters/22-240>		<http://ids.clld.org/values/22-240-198-1>		"perklantīt"@prg	
"walipa"@aro	<http://ids.clld.org/values/3-540-272-1>		<http://ids.clld.org/parameters/3-540>		<http://ids.clld.org/values/3-540-198-1>		"gertā"@prg	
"-hao"@aro	<http://ids.clld.org/values/12-10-272-3>		<http://ids.clld.org/parameters/12-10>		<http://ids.clld.org/values/12-10-198-1>		"pā"@prg	
"e-toa"@aro	<http://ids.clld.org/values/4-210-272-1>		<http://ids.clld.org/parameters/4-210>		<http://ids.clld.org/values/4-210-198-1>		"akis"@prg	
"sisa"@aro	<http://ids.clld.org/values/14-420-272-1>		<http://ids.clld.org/parameters/14-420>		<http://ids.clld.org/values/14-420-198-1>		"naktin"@prg	
"noehaha"@aro	<http://ids.clld.org/values/2-261-272-1>		<http://ids.clld.org/parameters/2-261>		<http://ids.clld.org/values/2-261-198-1>		"mergā"@prg	
"tabo"@aro	<http://ids.clld.org/values/12-220-272-1>		<http://ids.clld.org/parameters/12-220>		<http://ids.clld.org/values/12-220-198-1>		"sanrists"@prg	
"weta"@aro	<http://ids.clld.org/values/1-860-272-1>		<http://ids.clld.org/parameters/1-860>		<http://ids.clld.org/values/1-860-198-1>		"ankaitītai"@prg	
"c̷ihabati"@aro	<http://ids.clld.org/values/19-510-272-3>		<http://ids.clld.org/parameters/19-510>		<http://ids.clld.org/values/19-510-198-1>		"ginens"@prg	
"ano"@aro	<http://ids.clld.org/values/2-470-272-1>		<http://ids.clld.org/parameters/2-470>		<http://ids.clld.org/values/2-470-198-1>		"anē"@prg	
"hec̷i"@aro	<http://ids.clld.org/values/4-351-272-3>		<http://ids.clld.org/parameters/4-351>		<http://ids.clld.org/values/4-351-198-1>		"slaunis"@prg	
"-haomo"@aro	<http://ids.clld.org/values/17-530-272-1>		<http://ids.clld.org/parameters/17-530>		<http://ids.clld.org/values/17-530-198-1>		"ikai"@prg	
"ese"@aro	<http://ids.clld.org/values/4-460-272-1>		<http://ids.clld.org/parameters/4-460>		<http://ids.clld.org/values/4-460-198-1>		"vēders"@prg	
"kʷiča-po"@aro	<http://ids.clld.org/values/2-350-272-1>		<http://ids.clld.org/parameters/2-350>		<http://ids.clld.org/values/2-350-198-1>		"tāvas"@prg	
"c̷eiɲena"@aro	<http://ids.clld.org/values/1-320-272-1>		<http://ids.clld.org/parameters/1-320>		<http://ids.clld.org/values/1-320-198-1>		"yūren"@prg	
"nala"@aro	<http://ids.clld.org/values/4-280-272-1>		<http://ids.clld.org/parameters/4-280>		<http://ids.clld.org/values/4-280-198-1>		"vinzus"@prg	
"[čiba]"@aro	<http://ids.clld.org/values/3-360-272-1>		<http://ids.clld.org/parameters/3-360>		<http://ids.clld.org/values/3-360-198-1>		"(v)āzē"@prg	
"ha"@aro	<http://ids.clld.org/values/17-430-272-1>		<http://ids.clld.org/parameters/17-430>		<http://ids.clld.org/values/17-430-198-1>		"dvigubāt"@prg	
"ilo"@aro	<http://ids.clld.org/values/10-630-272-3>		<http://ids.clld.org/parameters/10-630>		<http://ids.clld.org/values/10-630-198-1>		"pertenginuns"@prg	
"c̷amao"@aro	<http://ids.clld.org/values/3-740-272-1>		<http://ids.clld.org/parameters/3-740>		<http://ids.clld.org/values/3-740-198-1>		"lapē"@prg	
"walipa"@aro	<http://ids.clld.org/values/3-550-272-1>		<http://ids.clld.org/parameters/3-550>		<http://ids.clld.org/values/3-550-198-1>		"gertist'an"@prg	
"tata-i"@aro	<http://ids.clld.org/values/9-500-272-1>		<http://ids.clld.org/parameters/9-500>		<http://ids.clld.org/values/9-500-198-1>		"kramtis"@prg	
"hilika ladaihipo"@aro	<http://ids.clld.org/values/18-610-272-1>		<http://ids.clld.org/parameters/18-610>		<http://ids.clld.org/values/18-610-198-1>		"laiskas"@prg	
"ena"@aro	<http://ids.clld.org/values/5-900-272-1>		<http://ids.clld.org/parameters/5-900>		<http://ids.clld.org/values/5-900-198-1>		"pū[y]is"@prg	
"aokʷe"@aro	<http://ids.clld.org/values/12-570-272-3>		<http://ids.clld.org/parameters/12-570>		<http://ids.clld.org/values/12-570-198-1>		"ilga"@prg	
"aničada"@aro	<http://ids.clld.org/values/7-480-272-1>		<http://ids.clld.org/parameters/7-480>		<http://ids.clld.org/values/7-480-198-1>		"galdā"@prg	
"pic̷ada mawe"@aro	<http://ids.clld.org/values/17-160-272-1>		<http://ids.clld.org/parameters/17-160>		<http://ids.clld.org/values/17-160-198-1>		"isprastun"@prg	
"masawe"@aro	<http://ids.clld.org/values/16-720-272-5>		<http://ids.clld.org/parameters/16-720>		<http://ids.clld.org/values/16-720-198-1>		"vargs"@prg	
"haiba-i"@aro	<http://ids.clld.org/values/6-120-272-1>		<http://ids.clld.org/parameters/6-120>		<http://ids.clld.org/values/6-120-198-1>		"rūkai"@prg	
"eowa"@aro	<http://ids.clld.org/values/1-210-272-3>		<http://ids.clld.org/parameters/1-210>		<http://ids.clld.org/values/1-210-198-1>		"zemē"@prg	
"dodo"@aro	<http://ids.clld.org/values/2-450-272-1>		<http://ids.clld.org/parameters/2-450>		<http://ids.clld.org/values/2-450-198-1>		"svestrā"@prg	
"e-bo"@aro	<http://ids.clld.org/values/4-204-272-1>		<http://ids.clld.org/parameters/4-204>		<http://ids.clld.org/values/4-204-198-1>		"prusnas"@prg	
"dokʷe-i"@aro	<http://ids.clld.org/values/3-750-272-1>		<http://ids.clld.org/parameters/3-750>		<http://ids.clld.org/values/3-750-198-1>		"braidis"@prg	
"a"@aro	<http://ids.clld.org/values/18-220-272-1>		<http://ids.clld.org/parameters/18-220>		<http://ids.clld.org/values/18-220-198-1>		"bilēt[vei]"@prg	
"doc̷oa"@aro	<http://ids.clld.org/values/10-220-272-1>		<http://ids.clld.org/parameters/10-220>		<http://ids.clld.org/values/10-220-198-1>		"erláng'a"@prg	
"bac̷o"@aro	<http://ids.clld.org/values/4-320-272-1>		<http://ids.clld.org/parameters/4-320>		<http://ids.clld.org/values/4-320-198-1>		"alkūnis"@prg	
"kʷedi"@aro	<http://ids.clld.org/values/4-560-272-1>		<http://ids.clld.org/parameters/4-560>		<http://ids.clld.org/values/4-560-198-1>		"vimbis"@prg	
"e-hai"@aro	<http://ids.clld.org/values/7-420-272-1>		<http://ids.clld.org/parameters/7-420>		<http://ids.clld.org/values/7-420-198-1>		"lastā"@prg	
"ec̷e"@aro	<http://ids.clld.org/values/8-420-272-1>		<http://ids.clld.org/parameters/8-420>		<http://ids.clld.org/values/8-420-198-3>		"ar'an"@prg	
"ec̷e"@aro	<http://ids.clld.org/values/8-420-272-1>		<http://ids.clld.org/parameters/8-420>		<http://ids.clld.org/values/8-420-198-1>		"aren"@prg	
"apo-na"@aro	<http://ids.clld.org/values/14-460-272-1>		<http://ids.clld.org/parameters/14-460>		<http://ids.clld.org/values/14-460-198-1>		"bītas"@prg	
"koc̷i"@aro	<http://ids.clld.org/values/3-350-272-1>		<http://ids.clld.org/parameters/3-350>		<http://ids.clld.org/values/3-350-198-1>		"parst'an"@prg	
"apaha"@aro	<http://ids.clld.org/values/15-640-272-3>		<http://ids.clld.org/parameters/15-640>		<http://ids.clld.org/values/15-640-198-1>		"gailis"@prg	
"pisoso"@aro	<http://ids.clld.org/values/3-960-272-3>		<http://ids.clld.org/parameters/3-960>		<http://ids.clld.org/values/3-960-198-1>		"estureitā"@prg	
"nime-a"@aro	<http://ids.clld.org/values/17-130-272-1>		<http://ids.clld.org/parameters/17-130>		<http://ids.clld.org/values/17-130-198-1>		"pamērīt"@prg	
"boso"@aro	<http://ids.clld.org/values/1-730-272-1>		<http://ids.clld.org/parameters/1-730>		<http://ids.clld.org/values/1-730-198-1>		"(v)up'an"@prg	
"bisa"@aro	<http://ids.clld.org/values/10-230-272-1>		<http://ids.clld.org/parameters/10-230>		<http://ids.clld.org/values/10-230-198-1>		"krūt"@prg	
"anodi"@aro	<http://ids.clld.org/values/2-420-272-1>		<http://ids.clld.org/parameters/2-420>		<http://ids.clld.org/values/2-420-198-1>		"duktē"@prg	
"mi-ǰa"@aro	<http://ids.clld.org/values/2-920-272-3>		<http://ids.clld.org/parameters/2-920>		<http://ids.clld.org/values/2-920-198-1>		"tū"@prg	
"-bec̷ota"@aro	<http://ids.clld.org/values/13-340-272-1>		<http://ids.clld.org/parameters/13-340>		<http://ids.clld.org/values/13-340-198-1>		"pirmas"@prg	
"emeo"@aro	<http://ids.clld.org/values/12-50-272-1>		<http://ids.clld.org/parameters/12-50>		<http://ids.clld.org/values/12-50-198-1>		"en"@prg	
"be-bakʷa"@aro	<http://ids.clld.org/values/4-190-272-1>		<http://ids.clld.org/parameters/4-190>		<http://ids.clld.org/values/4-190-198-1>		"rītīznan"@prg	
"meo"@aro	<http://ids.clld.org/values/12-50-272-3>		<http://ids.clld.org/parameters/12-50>		<http://ids.clld.org/values/12-50-198-1>		"en"@prg	
"[kʷišilo]"@aro	<http://ids.clld.org/values/5-380-272-1>		<http://ids.clld.org/parameters/5-380>		<http://ids.clld.org/values/5-380-198-1>		"peile"@prg	
"meiya"@aro	<http://ids.clld.org/values/12-230-272-3>		<http://ids.clld.org/parameters/12-230>		<http://ids.clld.org/values/12-230-198-1>		"sklaitint"@prg	
"hoda"@aro	<http://ids.clld.org/values/2-930-272-3>		<http://ids.clld.org/parameters/2-930>		<http://ids.clld.org/values/2-930-198-3>		"tanā"@prg	
"hoda"@aro	<http://ids.clld.org/values/2-930-272-3>		<http://ids.clld.org/parameters/2-930>		<http://ids.clld.org/values/2-930-198-1>		"tan[a]s"@prg	
"ac̷ono"@aro	<http://ids.clld.org/values/14-332-272-1>		<http://ids.clld.org/parameters/14-332>		<http://ids.clld.org/values/14-332-198-1>		"ilgai"@prg	
"dipapowe"@aro	<http://ids.clld.org/values/14-310-272-3>		<http://ids.clld.org/parameters/14-310>		<http://ids.clld.org/values/14-310-198-1>		"ainat"@prg	
"dakʷa"@aro	<http://ids.clld.org/values/5-470-272-1>		<http://ids.clld.org/parameters/5-470>		<http://ids.clld.org/values/5-470-198-1>		"saitan"@prg	
"po-bote"@aro	<http://ids.clld.org/values/10-473-272-1>		<http://ids.clld.org/parameters/10-473>		<http://ids.clld.org/values/10-473-198-1>		"zemailēzuns"@prg	
"abec̷o"@aro	<http://ids.clld.org/values/14-210-272-1>		<http://ids.clld.org/parameters/14-210>		<http://ids.clld.org/values/14-210-198-1>		"entikrikai"@prg	
"-nana"@aro	<http://ids.clld.org/values/14-130-272-3>		<http://ids.clld.org/parameters/14-130>		<http://ids.clld.org/values/14-130-198-1>		"nauns"@prg	
"silo"@aro	<http://ids.clld.org/values/12-240-272-3>		<http://ids.clld.org/parameters/12-240>		<http://ids.clld.org/values/12-240-198-1>		"atvér'a"@prg	
"ti"@aro	<http://ids.clld.org/values/11-210-272-1>		<http://ids.clld.org/parameters/11-210>		<http://ids.clld.org/values/11-210-198-1>		"dāt[vei]"@prg	
"ewašokʷe"@aro	<http://ids.clld.org/values/1-220-272-1>		<http://ids.clld.org/parameters/1-220>		<http://ids.clld.org/values/1-220-198-1>		"garbis"@prg	
"hai"@aro	<http://ids.clld.org/values/4-830-272-1>		<http://ids.clld.org/parameters/4-830>		<http://ids.clld.org/values/4-830-198-1>		"kails"@prg	
"c̷imewe"@aro	<http://ids.clld.org/values/16-660-272-3>		<http://ids.clld.org/parameters/16-660>		<http://ids.clld.org/values/16-660-198-1>		"arvis"@prg	
"mikana-ha"@aro	<http://ids.clld.org/values/2-950-272-3>		<http://ids.clld.org/parameters/2-950>		<http://ids.clld.org/values/2-950-198-1>		"yūs"@prg	
"apoze"@aro	<http://ids.clld.org/values/15-380-272-1>		<http://ids.clld.org/parameters/15-380>		<http://ids.clld.org/values/15-380-198-1>		"rūktan"@prg	
"emi"@aro	<http://ids.clld.org/values/4-400-272-1>		<http://ids.clld.org/parameters/4-400>		<http://ids.clld.org/values/4-400-198-1>		"kraklan"@prg	
"laka"@aro	<http://ids.clld.org/values/5-130-272-3>		<http://ids.clld.org/parameters/5-130>		<http://ids.clld.org/values/5-130-198-1>		"pūtvei"@prg	
"beta"@aro	<http://ids.clld.org/values/13-20-272-1>		<http://ids.clld.org/parameters/13-20>		<http://ids.clld.org/values/13-20-198-1>		"dvai"@prg	
"esi"@aro	<http://ids.clld.org/values/14-150-272-1>		<http://ids.clld.org/parameters/14-150>		<http://ids.clld.org/values/14-150-198-1>		"vār[a]s"@prg	
"heheme"@aro	<http://ids.clld.org/values/18-260-272-1>		<http://ids.clld.org/parameters/18-260>		<http://ids.clld.org/values/18-260-198-1>		"vírd[a]s"@prg	
"ane"@aro	<http://ids.clld.org/values/16-310-272-1>		<http://ids.clld.org/parameters/16-310>		<http://ids.clld.org/values/16-310-198-1>		"gulsenin"@prg	
"naeda"@aro	<http://ids.clld.org/values/2-960-272-3>		<http://ids.clld.org/parameters/2-960>		<http://ids.clld.org/values/2-960-198-3>		"tanans"@prg	
"naeda"@aro	<http://ids.clld.org/values/2-960-272-3>		<http://ids.clld.org/parameters/2-960>		<http://ids.clld.org/values/2-960-198-1>		"tanai"@prg	
"isea"@aro	<http://ids.clld.org/values/20-471-272-1>		<http://ids.clld.org/parameters/20-471>		<http://ids.clld.org/values/20-471-198-1>		"*-sargs"@prg	
"bio"@aro	<http://ids.clld.org/values/13-160-272-3>		<http://ids.clld.org/parameters/13-160>		<http://ids.clld.org/values/13-160-198-1>		"tūl[i]s (?)"@prg	
"c̷i-"@aro	<http://ids.clld.org/values/20-140-272-1>		<http://ids.clld.org/parameters/20-140>		<http://ids.clld.org/values/20-140-198-1>		"pakayan"@prg	
"nai"@aro	<http://ids.clld.org/values/1-750-272-1>		<http://ids.clld.org/parameters/1-750>		<http://ids.clld.org/values/1-750-198-1>		"aglā"@prg	
"kʷibi"@aro	<http://ids.clld.org/values/15-840-272-3>		<http://ids.clld.org/parameters/15-840>		<http://ids.clld.org/values/15-840-198-1>		"sausan"@prg	
"šodo"@aro	<http://ids.clld.org/values/12-210-272-1>		<http://ids.clld.org/parameters/12-210>		<http://ids.clld.org/values/12-210-198-1>		"sanrénka"@prg	
"misa"@aro	<http://ids.clld.org/values/9-190-272-3>		<http://ids.clld.org/parameters/9-190>		<http://ids.clld.org/values/9-190-198-1>		"virbē"@prg	
"ize"@aro	<http://ids.clld.org/values/4-740-272-1>		<http://ids.clld.org/parameters/4-740>		<http://ids.clld.org/values/4-740-198-1>		"gīvas"@prg	
"c̷ama"@aro	<http://ids.clld.org/values/4-461-272-1>		<http://ids.clld.org/parameters/4-461>		<http://ids.clld.org/values/4-461-198-1>		"grābis"@prg	
"haipiwe"@aro	<http://ids.clld.org/values/14-260-272-1>		<http://ids.clld.org/parameters/14-260>		<http://ids.clld.org/values/14-260-198-1>		"vangan"@prg	
"hehe"@aro	<http://ids.clld.org/values/17-550-272-3>		<http://ids.clld.org/parameters/17-550>		<http://ids.clld.org/values/17-550-198-1>		"[ya]"@prg	
"eša"@aro	<http://ids.clld.org/values/8-550-272-3>		<http://ids.clld.org/parameters/8-550>		<http://ids.clld.org/values/8-550-198-1>		"vipis"@prg	
"pona"@aro	<http://ids.clld.org/values/2-240-272-1>		<http://ids.clld.org/parameters/2-240>		<http://ids.clld.org/values/2-240-198-1>		"genā"@prg	
"[waka]"@aro	<http://ids.clld.org/values/3-230-272-1>		<http://ids.clld.org/parameters/3-230>		<http://ids.clld.org/values/3-230-198-1>		"klentē"@prg	
"bata-sepe"@aro	<http://ids.clld.org/values/4-301-272-1>		<http://ids.clld.org/parameters/4-301>		<http://ids.clld.org/values/4-301-198-1>		"petis"@prg	
"c̷a"@aro	<http://ids.clld.org/values/20-610-272-5>		<http://ids.clld.org/parameters/20-610>		<http://ids.clld.org/values/20-610-198-1>		"mediyas"@prg	
"tawata"@aro	<http://ids.clld.org/values/3-585-272-1>		<http://ids.clld.org/parameters/3-585>		<http://ids.clld.org/values/3-585-198-1>		"[falks]"@prg	
"haona"@aro	<http://ids.clld.org/values/4-151-272-1>		<http://ids.clld.org/parameters/4-151>		<http://ids.clld.org/values/4-151-198-3>		"strujā"@prg	
"haona"@aro	<http://ids.clld.org/values/4-151-272-1>		<http://ids.clld.org/parameters/4-151>		<http://ids.clld.org/values/4-151-198-1>		"gīslā"@prg	
"ebai"@aro	<http://ids.clld.org/values/4-310-272-1>		<http://ids.clld.org/parameters/4-310>		<http://ids.clld.org/values/4-310-198-1>		"irmā"@prg	
"tipao"@aro	<http://ids.clld.org/values/12-70-272-1>		<http://ids.clld.org/parameters/12-70>		<http://ids.clld.org/values/12-70-198-1>		"pā"@prg	
"towaha"@aro	<http://ids.clld.org/values/5-260-272-3>		<http://ids.clld.org/parameters/5-260>		<http://ids.clld.org/values/5-260-198-1>		"zvikstis"@prg	
"tašoi"@aro	<http://ids.clld.org/values/20-640-272-3>		<http://ids.clld.org/parameters/20-640>		<http://ids.clld.org/values/20-640-198-1>		"tinklā"@prg	
"mate"@aro	<http://ids.clld.org/values/14-332-272-5>		<http://ids.clld.org/parameters/14-332>		<http://ids.clld.org/values/14-332-198-1>		"ilgai"@prg	
"ti-ana"@aro	<http://ids.clld.org/values/10-520-272-1>		<http://ids.clld.org/parameters/10-520>		<http://ids.clld.org/values/10-520-198-1>		"rīpaite"@prg	
"mahi"@aro	<http://ids.clld.org/values/6-380-272-1>		<http://ids.clld.org/parameters/6-380>		<http://ids.clld.org/values/6-380-198-1>		"auvilkis"@prg	
"šowae-hi"@aro	<http://ids.clld.org/values/11-430-272-1>		<http://ids.clld.org/parameters/11-430>		<http://ids.clld.org/values/11-430-198-1>		"peningans"@prg	
"loso"@aro	<http://ids.clld.org/values/3-817-272-3>		<http://ids.clld.org/parameters/3-817>		<http://ids.clld.org/values/3-817-198-1>		"saugis"@prg	
"c̷eiɲe"@aro	<http://ids.clld.org/values/14-410-272-1>		<http://ids.clld.org/parameters/14-410>		<http://ids.clld.org/values/14-410-198-1>		"deinan"@prg	
"lele"@aro	<http://ids.clld.org/values/19-160-272-3>		<http://ids.clld.org/parameters/19-160>		<http://ids.clld.org/values/19-160-198-1>		"kaimis"@prg	
"ezoe"@aro	<http://ids.clld.org/values/2-280-272-3>		<http://ids.clld.org/parameters/2-280>		<http://ids.clld.org/values/2-280-198-1>		"malnīkik[a]s"@prg	
"po-na"@aro	<http://ids.clld.org/values/10-470-272-3>		<http://ids.clld.org/parameters/10-470>		<http://ids.clld.org/values/10-470-198-1>		"éit"@prg	
"sičo (?)"@aro	<http://ids.clld.org/values/9-180-272-1>		<http://ids.clld.org/parameters/9-180>		<http://ids.clld.org/values/9-180-198-1>		"ratinzis"@prg	
"e-šoa"@aro	<http://ids.clld.org/values/4-200-272-1>		<http://ids.clld.org/parameters/4-200>		<http://ids.clld.org/values/4-200-198-1>		"galvā"@prg	
"ani"@aro	<http://ids.clld.org/values/12-130-272-1>		<http://ids.clld.org/parameters/12-130>		<http://ids.clld.org/values/12-130-198-1>		"sindan[t]s"@prg	
"hai-we"@aro	<http://ids.clld.org/values/4-830-272-3>		<http://ids.clld.org/parameters/4-830>		<http://ids.clld.org/values/4-830-198-1>		"kails"@prg	
"ani"@aro	<http://ids.clld.org/values/12-160-272-1>		<http://ids.clld.org/parameters/12-160>		<http://ids.clld.org/values/12-160-198-1>		"paláikt"@prg	
"bele"@aro	<http://ids.clld.org/values/12-210-272-3>		<http://ids.clld.org/parameters/12-210>		<http://ids.clld.org/values/12-210-198-1>		"sanrénka"@prg	
"bedada"@aro	<http://ids.clld.org/values/14-180-272-1>		<http://ids.clld.org/parameters/14-180>		<http://ids.clld.org/values/14-180-198-1>		"teinū"@prg	
"ai"@aro	<http://ids.clld.org/values/17-640-272-1>		<http://ids.clld.org/parameters/17-640>		<http://ids.clld.org/values/17-640-198-1>		"ka"@prg	
"ana"@aro	<http://ids.clld.org/values/10-510-272-1>		<http://ids.clld.org/parameters/10-510>		<http://ids.clld.org/values/10-510-198-1>		"begaite"@prg	
"kʷeme"@aro	<http://ids.clld.org/values/13-150-272-3>		<http://ids.clld.org/parameters/13-150>		<http://ids.clld.org/values/13-150-198-1>		"tūlan"@prg	
"kʷiča"@aro	<http://ids.clld.org/values/4-110-272-1>		<http://ids.clld.org/parameters/4-110>		<http://ids.clld.org/values/4-110-198-1>		"kérmens"@prg	
"hehe"@aro	<http://ids.clld.org/values/18-120-272-1>		<http://ids.clld.org/parameters/18-120>		<http://ids.clld.org/values/18-120-198-1>		"grīmuns"@prg	
"ize"@aro	<http://ids.clld.org/values/4-630-272-1>		<http://ids.clld.org/parameters/4-630>		<http://ids.clld.org/values/4-630-198-1>		"*atbaudint"@prg	
"nene"@aro	<http://ids.clld.org/values/2-520-272-3>		<http://ids.clld.org/parameters/2-520>		<http://ids.clld.org/values/2-520-198-1>		"māsā"@prg	
"nime"@aro	<http://ids.clld.org/values/16-110-272-1>		<http://ids.clld.org/parameters/16-110>		<http://ids.clld.org/values/16-110-198-1>		"nāseilis"@prg	
"ba"@aro	<http://ids.clld.org/values/17-150-272-1>		<http://ids.clld.org/parameters/17-150>		<http://ids.clld.org/values/17-150-198-1>		"druvēt"@prg	
"tili-tili"@aro	<http://ids.clld.org/values/1-560-272-1>		<http://ids.clld.org/parameters/1-560>		<http://ids.clld.org/values/1-560-198-1>		"perkūnis"@prg	
"bizo"@aro	<http://ids.clld.org/values/16-450-272-1>		<http://ids.clld.org/parameters/16-450>		<http://ids.clld.org/values/16-450-198-1>		"gēdan"@prg	
"wane"@aro	<http://ids.clld.org/values/2-320-272-1>		<http://ids.clld.org/parameters/2-320>		<http://ids.clld.org/values/2-320-198-1>		"salūban"@prg	
"imea"@aro	<http://ids.clld.org/values/9-110-272-3>		<http://ids.clld.org/parameters/9-110>		<http://ids.clld.org/values/9-110-198-1>		"segēt"@prg	
"papa"@aro	<http://ids.clld.org/values/4-780-272-1>		<http://ids.clld.org/parameters/4-780>		<http://ids.clld.org/values/4-780-198-1>		"*enkapti"@prg	
"pobe-a"@aro	<http://ids.clld.org/values/10-480-272-1>		<http://ids.clld.org/parameters/10-480>		<http://ids.clld.org/values/10-480-198-1>		"peréit"@prg	
"šakʷa"@aro	<http://ids.clld.org/values/2-251-272-3>		<http://ids.clld.org/parameters/2-251>		<http://ids.clld.org/values/2-251-198-1>		"maldai"@prg	
"ahohi"@aro	<http://ids.clld.org/values/4-810-272-3>		<http://ids.clld.org/parameters/4-810>		<http://ids.clld.org/values/4-810-198-1>		"sparts"@prg	
"izedea"@aro	<http://ids.clld.org/values/17-250-272-1>		<http://ids.clld.org/parameters/17-250>		<http://ids.clld.org/values/17-250-198-1>		"mākint"@prg	
"lao"@aro	<http://ids.clld.org/values/3-583-272-3>		<http://ids.clld.org/parameters/3-583>		<http://ids.clld.org/values/3-583-198-1>		"gēisē"@prg	
"zei"@aro	<http://ids.clld.org/values/14-110-272-1>		<http://ids.clld.org/parameters/14-110>		<http://ids.clld.org/values/14-110-198-3>		"kérdan"@prg	
"zei"@aro	<http://ids.clld.org/values/14-110-272-1>		<http://ids.clld.org/parameters/14-110>		<http://ids.clld.org/values/14-110-198-1>		"kīsman"@prg	
"c̷a"@aro	<http://ids.clld.org/values/11-310-272-1>		<http://ids.clld.org/parameters/11-310>		<http://ids.clld.org/values/11-310-198-1>		"laukīt"@prg	
"kʷe-ono"@aro	<http://ids.clld.org/values/4-271-272-1>		<http://ids.clld.org/parameters/4-271>		<http://ids.clld.org/values/4-271-198-1>		"dantimaks"@prg	
"hai-ǰa"@aro	<http://ids.clld.org/values/16-710-272-5>		<http://ids.clld.org/parameters/16-710>		<http://ids.clld.org/values/16-710-198-1>		"labs"@prg	
"medihi"@aro	<http://ids.clld.org/values/5-370-272-1>		<http://ids.clld.org/parameters/5-370>		<http://ids.clld.org/values/5-370-198-1>		"lapinis"@prg	
"akeoli"@aro	<http://ids.clld.org/values/16-530-272-1>		<http://ids.clld.org/parameters/16-530>		<http://ids.clld.org/values/16-530-198-1>		"bi[y]āsnan"@prg	
"batame"@aro	<http://ids.clld.org/values/12-920-272-3>		<http://ids.clld.org/parameters/12-920>		<http://ids.clld.org/values/12-920-198-1>		"palīgun"@prg	
"tiado"@aro	<http://ids.clld.org/values/4-281-272-1>		<http://ids.clld.org/parameters/4-281>		<http://ids.clld.org/values/4-281-198-1>		"pergalvis"@prg	
"baepa mozizi"@aro	<http://ids.clld.org/values/1-740-272-1>		<http://ids.clld.org/parameters/1-740>		<http://ids.clld.org/values/1-740-198-1>		"kūpsins"@prg	
"emi"@aro	<http://ids.clld.org/values/4-130-272-1>		<http://ids.clld.org/parameters/4-130>		<http://ids.clld.org/values/4-130-198-1>		"mensā"@prg	
"dewa"@aro	<http://ids.clld.org/values/16-620-272-1>		<http://ids.clld.org/parameters/16-620>		<http://ids.clld.org/values/16-620-198-1>		"pakaitēsnan"@prg	
"mano"@aro	<http://ids.clld.org/values/1-360-272-3>		<http://ids.clld.org/parameters/1-360>		<http://ids.clld.org/values/1-360-198-1>		"apē"@prg	
"kʷipac̷io"@aro	<http://ids.clld.org/values/17-610-272-3>		<http://ids.clld.org/parameters/17-610>		<http://ids.clld.org/values/17-610-198-1>		"kai"@prg	
"misi"@aro	<http://ids.clld.org/values/3-620-272-1>		<http://ids.clld.org/parameters/3-620>		<http://ids.clld.org/values/3-620-198-1>		"paustā katā"@prg	
"šowaene"@aro	<http://ids.clld.org/values/12-930-272-1>		<http://ids.clld.org/parameters/12-930>		<http://ids.clld.org/values/12-930-198-1>		"kitavidintun sin"@prg	
"lokʷikʷihi"@aro	<http://ids.clld.org/values/10-750-272-1>		<http://ids.clld.org/parameters/10-750>		<http://ids.clld.org/values/10-750-198-1>		"abazus"@prg	
"biki"@aro	<http://ids.clld.org/values/6-280-272-1>		<http://ids.clld.org/parameters/6-280>		<http://ids.clld.org/values/6-280-198-1>		"skārdā"@prg	
"akʷi-biki bewe"@aro	<http://ids.clld.org/values/8-750-272-1>		<http://ids.clld.org/parameters/8-750>		<http://ids.clld.org/values/8-750-198-1>		"sakstis"@prg	
"toa-ba"@aro	<http://ids.clld.org/values/20-471-272-3>		<http://ids.clld.org/parameters/20-471>		<http://ids.clld.org/values/20-471-198-1>		"*-sargs"@prg	
"di"@aro	<http://ids.clld.org/values/5-110-272-1>		<http://ids.clld.org/parameters/5-110>		<http://ids.clld.org/values/5-110-198-1>		"īst ~ ēst"@prg	
"pičiloe"@aro	<http://ids.clld.org/values/5-370-272-3>		<http://ids.clld.org/parameters/5-370>		<http://ids.clld.org/values/5-370-198-1>		"lapinis"@prg	
"ko"@aro	<http://ids.clld.org/values/17-660-272-1>		<http://ids.clld.org/parameters/17-660>		<http://ids.clld.org/values/17-660-198-1>		"kvei"@prg	
"eadai"@aro	<http://ids.clld.org/values/4-360-272-1>		<http://ids.clld.org/parameters/4-360>		<http://ids.clld.org/values/4-360-198-1>		"klupstis"@prg	
"ada"@aro	<http://ids.clld.org/values/12-220-272-5>		<http://ids.clld.org/parameters/12-220>		<http://ids.clld.org/values/12-220-198-1>		"sanrists"@prg	
"sopa"@aro	<http://ids.clld.org/values/6-910-272-1>		<http://ids.clld.org/parameters/6-910>		<http://ids.clld.org/values/6-910-198-1>		"kāisnis"@prg	
"pona"@aro	<http://ids.clld.org/values/2-220-272-1>		<http://ids.clld.org/parameters/2-220>		<http://ids.clld.org/values/2-220-198-1>		"genā"@prg	
"[tišila]"@aro	<http://ids.clld.org/values/9-240-272-1>		<http://ids.clld.org/parameters/9-240>		<http://ids.clld.org/values/9-240-198-1>		"skrundus"@prg	
"waha"@aro	<http://ids.clld.org/values/5-840-272-1>		<http://ids.clld.org/parameters/5-840>		<http://ids.clld.org/values/5-840-198-1>		"medu"@prg	
"tomihaha"@aro	<http://ids.clld.org/values/4-371-272-1>		<http://ids.clld.org/parameters/4-371>		<http://ids.clld.org/values/4-371-198-1>		"kulnis"@prg	
"mezizo"@aro	<http://ids.clld.org/values/1-212-272-1>		<http://ids.clld.org/parameters/1-212>		<http://ids.clld.org/values/1-212-198-1>		"zemē"@prg	
"bediwe"@aro	<http://ids.clld.org/values/14-310-272-1>		<http://ids.clld.org/parameters/14-310>		<http://ids.clld.org/values/14-310-198-1>		"ainat"@prg	
"oliba"@aro	<http://ids.clld.org/values/19-580-272-3>		<http://ids.clld.org/parameters/19-580>		<http://ids.clld.org/values/19-580-198-1>		"pagalbtan"@prg	
"ba"@aro	<http://ids.clld.org/values/15-510-272-1>		<http://ids.clld.org/parameters/15-510>		<http://ids.clld.org/values/15-510-198-1>		"vidā ~ vidē"@prg	
"kec̷io"@aro	<http://ids.clld.org/values/17-650-272-3>		<http://ids.clld.org/parameters/17-650>		<http://ids.clld.org/values/17-650-198-1>		"kadan"@prg	
"wele-wele-i"@aro	<http://ids.clld.org/values/3-830-272-1>		<http://ids.clld.org/parameters/3-830>		<http://ids.clld.org/values/3-830-198-1>		"musā"@prg	
"biki"@aro	<http://ids.clld.org/values/6-290-272-1>		<http://ids.clld.org/parameters/6-290>		<http://ids.clld.org/values/6-290-198-1>		"nōgnan"@prg	
"toa-bei"@aro	<http://ids.clld.org/values/4-212-272-1>		<http://ids.clld.org/parameters/4-212>		<http://ids.clld.org/values/4-212-198-1>		"bruvī"@prg	
"toloanini"@aro	<http://ids.clld.org/values/10-412-272-1>		<http://ids.clld.org/parameters/10-412>		<http://ids.clld.org/values/10-412-198-1>		"pakvelptan"@prg	
"noc̷a"@aro	<http://ids.clld.org/values/8-510-272-1>		<http://ids.clld.org/parameters/8-510>		<http://ids.clld.org/values/8-510-198-1>		"zālis"@prg	
"sipia"@aro	<http://ids.clld.org/values/1-370-272-1>		<http://ids.clld.org/parameters/1-370>		<http://ids.clld.org/values/1-370-198-1>		"apus"@prg	
"tehe"@aro	<http://ids.clld.org/values/8-120-272-3>		<http://ids.clld.org/parameters/8-120>		<http://ids.clld.org/values/8-120-198-1>		"lauks"@prg	
"paša"@aro	<http://ids.clld.org/values/1-230-272-3>		<http://ids.clld.org/parameters/1-230>		<http://ids.clld.org/values/1-230-198-1>		"lauks"@prg	
"bac̷o"@aro	<http://ids.clld.org/values/17-520-272-1>		<http://ids.clld.org/parameters/17-520>		<http://ids.clld.org/values/17-520-198-1>		"begi"@prg	
"mosozata"@aro	<http://ids.clld.org/values/4-441-272-1>		<http://ids.clld.org/parameters/4-441>		<http://ids.clld.org/values/4-441-198-1>		"plauti"@prg	
"haa"@aro	<http://ids.clld.org/values/16-730-272-1>		<http://ids.clld.org/parameters/16-730>		<http://ids.clld.org/values/16-730-198-1>		"tikrāmiskan"@prg	
"haha"@aro	<http://ids.clld.org/values/5-710-272-1>		<http://ids.clld.org/parameters/5-710>		<http://ids.clld.org/values/5-710-198-1>		"véisin"@prg	
"bakʷa"@aro	<http://ids.clld.org/values/2-280-272-1>		<http://ids.clld.org/parameters/2-280>		<http://ids.clld.org/values/2-280-198-1>		"malnīkik[a]s"@prg	
"ai kʷaeihi"@aro	<http://ids.clld.org/values/17-270-272-1>		<http://ids.clld.org/parameters/17-270>		<http://ids.clld.org/values/17-270-198-1>		"mākinivingans"@prg	
"e-ani-hi"@aro	<http://ids.clld.org/values/7-430-272-1>		<http://ids.clld.org/parameters/7-430>		<http://ids.clld.org/values/7-430-198-1>		"klumpis"@prg	
"pai"@aro	<http://ids.clld.org/values/10-230-272-3>		<http://ids.clld.org/parameters/10-230>		<http://ids.clld.org/values/10-230-198-1>		"krūt"@prg	
"walipa"@aro	<http://ids.clld.org/values/3-520-272-1>		<http://ids.clld.org/parameters/3-520>		<http://ids.clld.org/values/3-520-198-1>		"gertis"@prg	
"wisoi-ono"@aro	<http://ids.clld.org/values/4-351-272-1>		<http://ids.clld.org/parameters/4-351>		<http://ids.clld.org/values/4-351-198-1>		"slaunis"@prg	
"a-aba"@aro	<http://ids.clld.org/values/19-510-272-1>		<http://ids.clld.org/parameters/19-510>		<http://ids.clld.org/values/19-510-198-1>		"ginens"@prg	
"sokaha"@aro	<http://ids.clld.org/values/12-760-272-1>		<http://ids.clld.org/parameters/12-760>		<http://ids.clld.org/values/12-760-198-1>		"lunkis"@prg	
"c̷aha"@aro	<http://ids.clld.org/values/8-540-272-3>		<http://ids.clld.org/parameters/8-540>		<http://ids.clld.org/values/8-540-198-1>		"saknis"@prg	
"walipa-ha"@aro	<http://ids.clld.org/values/5-970-272-3>		<http://ids.clld.org/parameters/5-970>		<http://ids.clld.org/values/5-970-198-1>		"paute"@prg	
"aleo"@aro	<http://ids.clld.org/values/14-210-272-3>		<http://ids.clld.org/parameters/14-210>		<http://ids.clld.org/values/14-210-198-1>		"entikrikai"@prg	
"ai iloi-hi"@aro	<http://ids.clld.org/values/19-450-272-1>		<http://ids.clld.org/parameters/19-450>		<http://ids.clld.org/values/19-450-198-1>		"laipinā"@prg	
"wawa"@aro	<http://ids.clld.org/values/2-520-272-1>		<http://ids.clld.org/parameters/2-520>		<http://ids.clld.org/values/2-520-198-1>		"māsā"@prg	
"maša"@aro	<http://ids.clld.org/values/6-210-272-1>		<http://ids.clld.org/parameters/6-210>		<http://ids.clld.org/values/6-210-198-1>		"milan"@prg	
"kʷaloloihi"@aro	<http://ids.clld.org/values/6-730-272-1>		<http://ids.clld.org/parameters/6-730>		<http://ids.clld.org/values/6-730-198-1>		"prēipīrstans"@prg	
"wadi"@aro	<http://ids.clld.org/values/2-360-272-3>		<http://ids.clld.org/parameters/2-360>		<http://ids.clld.org/values/2-360-198-1>		"mātē"@prg	
"mikata"@aro	<http://ids.clld.org/values/13-0-272-3>		<http://ids.clld.org/parameters/13-0>		<http://ids.clld.org/values/13-0-198-1>		"niainunt[a]s"@prg	
"toho"@aro	<http://ids.clld.org/values/20-640-272-1>		<http://ids.clld.org/parameters/20-640>		<http://ids.clld.org/values/20-640-198-1>		"tinklā"@prg	
"namia-izi"@aro	<http://ids.clld.org/values/5-900-272-3>		<http://ids.clld.org/parameters/5-900>		<http://ids.clld.org/values/5-900-198-1>		"pū[y]is"@prg	
"ai iloi-hi"@aro	<http://ids.clld.org/values/19-410-272-1>		<http://ids.clld.org/parameters/19-410>		<http://ids.clld.org/values/19-410-198-1>		"mistran"@prg	
"e-tawi-ke"@aro	<http://ids.clld.org/values/7-130-272-1>		<http://ids.clld.org/parameters/7-130>		<http://ids.clld.org/values/7-130-198-1>		"stubā"@prg	
"maša"@aro	<http://ids.clld.org/values/6-120-272-3>		<http://ids.clld.org/parameters/6-120>		<http://ids.clld.org/values/6-120-198-1>		"rūkai"@prg	
"a-aba"@aro	<http://ids.clld.org/values/16-270-272-1>		<http://ids.clld.org/parameters/16-270>		<http://ids.clld.org/values/16-270-198-1>		"mīlēt"@prg	
"toti"@aro	<http://ids.clld.org/values/4-855-272-3>		<http://ids.clld.org/parameters/4-855>		<http://ids.clld.org/values/4-855-198-1>		"dumslē"@prg	
"zaiki"@aro	<http://ids.clld.org/values/16-420-272-1>		<http://ids.clld.org/parameters/16-420>		<http://ids.clld.org/values/16-420-198-1>		"nerteis"@prg	
"asemimihi"@aro	<http://ids.clld.org/values/14-140-272-1>		<http://ids.clld.org/parameters/14-140>		<http://ids.clld.org/values/14-140-198-1>		"maldans"@prg	
"a-hawa"@aro	<http://ids.clld.org/values/15-690-272-1>		<http://ids.clld.org/parameters/15-690>		<http://ids.clld.org/values/15-690-198-1>		"geltainan"@prg	
"timo"@aro	<http://ids.clld.org/values/1-840-272-1>		<http://ids.clld.org/parameters/1-840>		<http://ids.clld.org/values/1-840-198-1>		"pelanē"@prg	
"adoe"@aro	<http://ids.clld.org/values/12-670-272-1>		<http://ids.clld.org/parameters/12-670>		<http://ids.clld.org/values/12-670-198-1>		"gilin"@prg	
"kʷade"@aro	<http://ids.clld.org/values/20-610-272-1>		<http://ids.clld.org/parameters/20-610>		<http://ids.clld.org/values/20-610-198-1>		"mediyas"@prg	
"kʷala-doe"@aro	<http://ids.clld.org/values/2-720-272-1>		<http://ids.clld.org/parameters/2-720>		<http://ids.clld.org/values/2-720-198-1>		"pāmātrē ~ pamātrē"@prg	
"tawi"@aro	<http://ids.clld.org/values/4-610-272-1>		<http://ids.clld.org/parameters/4-610>		<http://ids.clld.org/values/4-610-198-1>		"meikti"@prg	
"babasata"@aro	<http://ids.clld.org/values/3-583-272-1>		<http://ids.clld.org/parameters/3-583>		<http://ids.clld.org/values/3-583-198-1>		"gēisē"@prg	
"mata"@aro	<http://ids.clld.org/values/13-210-272-3>		<http://ids.clld.org/parameters/13-210>		<http://ids.clld.org/values/13-210-198-1>		"pilnan"@prg	
"tadada"@aro	<http://ids.clld.org/values/2-250-272-1>		<http://ids.clld.org/parameters/2-250>		<http://ids.clld.org/values/2-250-198-1>		"malnīk[a]s"@prg	
"šaha"@aro	<http://ids.clld.org/values/3-750-272-3>		<http://ids.clld.org/parameters/3-750>		<http://ids.clld.org/values/3-750-198-1>		"braidis"@prg	
"bepoa"@aro	<http://ids.clld.org/values/14-110-272-3>		<http://ids.clld.org/parameters/14-110>		<http://ids.clld.org/values/14-110-198-3>		"kérdan"@prg	
"bepoa"@aro	<http://ids.clld.org/values/14-110-272-3>		<http://ids.clld.org/parameters/14-110>		<http://ids.clld.org/values/14-110-198-1>		"kīsman"@prg	
"bakʷe-pona"@aro	<http://ids.clld.org/values/2-260-272-1>		<http://ids.clld.org/parameters/2-260>		<http://ids.clld.org/values/2-260-198-1>		"mergā"@prg	
"izoa"@aro	<http://ids.clld.org/values/16-630-272-3>		<http://ids.clld.org/parameters/16-630>		<http://ids.clld.org/values/16-630-198-3>		"padruvēsnan"@prg	
"izoa"@aro	<http://ids.clld.org/values/16-630-272-3>		<http://ids.clld.org/parameters/16-630>		<http://ids.clld.org/values/16-630-198-1>		"nādruvēsnan"@prg	
"baepa"@aro	<http://ids.clld.org/values/22-310-272-1>		<http://ids.clld.org/parameters/22-310>		<http://ids.clld.org/values/22-310-198-1>		"dangus"@prg	
"iša-bote-a"@aro	<http://ids.clld.org/values/12-120-272-3>		<http://ids.clld.org/parameters/12-120>		<http://ids.clld.org/values/12-120-198-1>		"lazinā"@prg	
"neda"@aro	<http://ids.clld.org/values/16-310-272-3>		<http://ids.clld.org/parameters/16-310>		<http://ids.clld.org/values/16-310-198-1>		"gulsenin"@prg	
"apac̷e"@aro	<http://ids.clld.org/values/15-370-272-1>		<http://ids.clld.org/parameters/15-370>		<http://ids.clld.org/values/15-370-198-1>		"kártai"@prg	
"amohihi"@aro	<http://ids.clld.org/values/16-540-272-1>		<http://ids.clld.org/parameters/16-540>		<http://ids.clld.org/values/16-540-198-1>		"vargan"@prg	
"lala"@aro	<http://ids.clld.org/values/7-250-272-1>		<http://ids.clld.org/parameters/7-250>		<http://ids.clld.org/values/7-250-198-1>		"lankstā"@prg	
"e-iza-ha"@aro	<http://ids.clld.org/values/4-220-272-1>		<http://ids.clld.org/parameters/4-220>		<http://ids.clld.org/values/4-220-198-1>		"ausins"@prg	
"toaba"@aro	<http://ids.clld.org/values/11-170-272-3>		<http://ids.clld.org/parameters/11-170>		<http://ids.clld.org/values/11-170-198-1>		"erlaikāt"@prg	
"haiǰa-owe"@aro	<http://ids.clld.org/values/4-720-272-1>		<http://ids.clld.org/parameters/4-720>		<http://ids.clld.org/values/4-720-198-1>		"gemtun"@prg	
"hae"@aro	<http://ids.clld.org/values/3-650-272-1>		<http://ids.clld.org/parameters/3-650>		<http://ids.clld.org/values/3-650-198-1>		"zukis"@prg	
"poisa"@aro	<http://ids.clld.org/values/14-150-272-3>		<http://ids.clld.org/parameters/14-150>		<http://ids.clld.org/values/14-150-198-1>		"vār[a]s"@prg	
"-isi"@aro	<http://ids.clld.org/values/16-720-272-1>		<http://ids.clld.org/parameters/16-720>		<http://ids.clld.org/values/16-720-198-1>		"vargs"@prg	
"šili"@aro	<http://ids.clld.org/values/16-720-272-3>		<http://ids.clld.org/parameters/16-720>		<http://ids.clld.org/values/16-720-198-1>		"vargs"@prg	
"awoc̷a"@aro	<http://ids.clld.org/values/5-550-272-1>		<http://ids.clld.org/parameters/5-550>		<http://ids.clld.org/values/5-550-198-1>		"meltan"@prg	
"ailotahai"@aro	<http://ids.clld.org/values/19-460-272-1>		<http://ids.clld.org/parameters/19-460>		<http://ids.clld.org/values/19-460-198-1>		"klausītun"@prg	
"šakʷa"@aro	<http://ids.clld.org/values/14-130-272-1>		<http://ids.clld.org/parameters/14-130>		<http://ids.clld.org/values/14-130-198-1>		"nauns"@prg	
"hemi"@aro	<http://ids.clld.org/values/11-130-272-1>		<http://ids.clld.org/parameters/11-130>		<http://ids.clld.org/values/11-130-198-1>		"ímt"@prg	
"doc̷oa-ti"@aro	<http://ids.clld.org/values/10-210-272-3>		<http://ids.clld.org/parameters/10-210>		<http://ids.clld.org/values/10-210-198-1>		"atskīsai"@prg	
"kʷasi"@aro	<http://ids.clld.org/values/15-520-272-3>		<http://ids.clld.org/parameters/15-520>		<http://ids.clld.org/values/15-520-198-1>		"endīrīt[vei]"@prg	
"tadi"@aro	<http://ids.clld.org/values/2-350-272-3>		<http://ids.clld.org/parameters/2-350>		<http://ids.clld.org/values/2-350-198-1>		"tāvas"@prg	
"ešoli"@aro	<http://ids.clld.org/values/3-665-272-1>		<http://ids.clld.org/parameters/3-665>		<http://ids.clld.org/values/3-665-198-1>		"anguris"@prg	
"šoa-wana-i"@aro	<http://ids.clld.org/values/7-421-272-1>		<http://ids.clld.org/parameters/7-421>		<http://ids.clld.org/values/7-421-198-1>		"balzinis"@prg	
"bata"@aro	<http://ids.clld.org/values/4-300-272-1>		<http://ids.clld.org/parameters/4-300>		<http://ids.clld.org/values/4-300-198-1>		"petē"@prg	
"isea"@aro	<http://ids.clld.org/values/11-170-272-1>		<http://ids.clld.org/parameters/11-170>		<http://ids.clld.org/values/11-170-198-1>		"erlaikāt"@prg	
"mi"@aro	<http://ids.clld.org/values/2-920-272-1>		<http://ids.clld.org/parameters/2-920>		<http://ids.clld.org/values/2-920-198-1>		"tū"@prg	
"ic̷a"@aro	<http://ids.clld.org/values/5-470-272-3>		<http://ids.clld.org/parameters/5-470>		<http://ids.clld.org/values/5-470-198-1>		"saitan"@prg	
"wana"@aro	<http://ids.clld.org/values/7-510-272-1>		<http://ids.clld.org/parameters/7-510>		<http://ids.clld.org/values/7-510-198-1>		"stāgis"@prg	
"e-ami"@aro	<http://ids.clld.org/values/5-610-272-1>		<http://ids.clld.org/parameters/5-610>		<http://ids.clld.org/values/5-610-198-1>		"mensā"@prg	
"c̷anati"@aro	<http://ids.clld.org/values/11-310-272-3>		<http://ids.clld.org/parameters/11-310>		<http://ids.clld.org/values/11-310-198-1>		"laukīt"@prg	
"ewa"@aro	<http://ids.clld.org/values/1-100-272-1>		<http://ids.clld.org/parameters/1-100>		<http://ids.clld.org/values/1-100-198-1>		"svētā"@prg	
"wac̷i"@aro	<http://ids.clld.org/values/4-370-272-1>		<http://ids.clld.org/parameters/4-370>		<http://ids.clld.org/values/4-370-198-1>		"nagē"@prg	
"-c̷omo"@aro	<http://ids.clld.org/values/17-530-272-3>		<http://ids.clld.org/parameters/17-530>		<http://ids.clld.org/values/17-530-198-1>		"ikai"@prg	
"amae"@aro	<http://ids.clld.org/values/15-640-272-1>		<http://ids.clld.org/parameters/15-640>		<http://ids.clld.org/values/15-640-198-1>		"gailis"@prg	
"c̷ani"@aro	<http://ids.clld.org/values/3-831-272-1>		<http://ids.clld.org/parameters/3-831>		<http://ids.clld.org/values/3-831-198-1>		"kusis"@prg	
"dea"@aro	<http://ids.clld.org/values/2-230-272-1>		<http://ids.clld.org/parameters/2-230>		<http://ids.clld.org/values/2-230-198-1>		"vīrs"@prg	
"me-šokʷe"@aro	<http://ids.clld.org/values/4-342-272-1>		<http://ids.clld.org/parameters/4-342>		<http://ids.clld.org/values/4-342-198-1>		"instiks"@prg	
"oho"@aro	<http://ids.clld.org/values/2-930-272-7>		<http://ids.clld.org/parameters/2-930>		<http://ids.clld.org/values/2-930-198-3>		"tanā"@prg	
"oho"@aro	<http://ids.clld.org/values/2-930-272-7>		<http://ids.clld.org/parameters/2-930>		<http://ids.clld.org/values/2-930-198-1>		"tan[a]s"@prg	
"kʷipa"@aro	<http://ids.clld.org/values/17-610-272-1>		<http://ids.clld.org/parameters/17-610>		<http://ids.clld.org/values/17-610-198-1>		"kai"@prg	
"yama"@aro	<http://ids.clld.org/values/2-910-272-3>		<http://ids.clld.org/parameters/2-910>		<http://ids.clld.org/values/2-910-198-1>		"as"@prg	
"haeda"@aro	<http://ids.clld.org/values/14-470-272-1>		<http://ids.clld.org/parameters/14-470>		<http://ids.clld.org/values/14-470-198-1>		"š'an deinan"@prg	
"sawa-lili"@aro	<http://ids.clld.org/values/15-680-272-1>		<http://ids.clld.org/parameters/15-680>		<http://ids.clld.org/values/15-680-198-1>		"zal'an"@prg	
"ewa"@aro	<http://ids.clld.org/values/1-210-272-1>		<http://ids.clld.org/parameters/1-210>		<http://ids.clld.org/values/1-210-198-1>		"zemē"@prg	
"ai kʷaeihi"@aro	<http://ids.clld.org/values/22-170-272-1>		<http://ids.clld.org/parameters/22-170>		<http://ids.clld.org/values/22-170-198-1>		"madlīt"@prg	
"pele"@aro	<http://ids.clld.org/values/12-210-272-7>		<http://ids.clld.org/parameters/12-210>		<http://ids.clld.org/values/12-210-198-1>		"sanrénka"@prg	
"iboba"@aro	<http://ids.clld.org/values/21-230-272-1>		<http://ids.clld.org/parameters/21-230>		<http://ids.clld.org/values/21-230-198-1>		"vīdikausnan"@prg	
"abeise"@aro	<http://ids.clld.org/values/4-810-272-1>		<http://ids.clld.org/parameters/4-810>		<http://ids.clld.org/values/4-810-198-1>		"sparts"@prg	
"aweo"@aro	<http://ids.clld.org/values/1-820-272-1>		<http://ids.clld.org/parameters/1-820>		<http://ids.clld.org/values/1-820-198-1>		"lāpis"@prg	
"pa-ezae"@aro	<http://ids.clld.org/values/12-350-272-3>		<http://ids.clld.org/parameters/12-350>		<http://ids.clld.org/values/12-350-198-1>		"vangan"@prg	
"kana"@aro	<http://ids.clld.org/values/2-960-272-1>		<http://ids.clld.org/parameters/2-960>		<http://ids.clld.org/values/2-960-198-3>		"tanans"@prg	
"kana"@aro	<http://ids.clld.org/values/2-960-272-1>		<http://ids.clld.org/parameters/2-960>		<http://ids.clld.org/values/2-960-198-1>		"tanai"@prg	
"c̷ono-da"@aro	<http://ids.clld.org/values/14-332-272-3>		<http://ids.clld.org/parameters/14-332>		<http://ids.clld.org/values/14-332-198-1>		"ilgai"@prg	
"hememe-i"@aro	<http://ids.clld.org/values/4-460-272-3>		<http://ids.clld.org/parameters/4-460>		<http://ids.clld.org/values/4-460-198-1>		"vēders"@prg	
"da"@aro	<http://ids.clld.org/values/2-930-272-1>		<http://ids.clld.org/parameters/2-930>		<http://ids.clld.org/values/2-930-198-3>		"tanā"@prg	
"da"@aro	<http://ids.clld.org/values/2-930-272-1>		<http://ids.clld.org/parameters/2-930>		<http://ids.clld.org/values/2-930-198-1>		"tan[a]s"@prg	
"tipae"@aro	<http://ids.clld.org/values/12-30-272-3>		<http://ids.clld.org/parameters/12-30>		<http://ids.clld.org/values/12-30-198-1>		"zemai"@prg	
"mawa"@aro	<http://ids.clld.org/values/12-80-272-3>		<http://ids.clld.org/parameters/12-80>		<http://ids.clld.org/values/12-80-198-3>		"kérša[n]"@prg	
"mawa"@aro	<http://ids.clld.org/values/12-80-272-3>		<http://ids.clld.org/parameters/12-80>		<http://ids.clld.org/values/12-80-198-1>		"kirša[n]"@prg	
"da babaowe"@aro	<http://ids.clld.org/values/14-510-272-3>		<http://ids.clld.org/parameters/14-510>		<http://ids.clld.org/values/14-510-198-1>		"stúndiks"@prg	
"ahe"@aro	<http://ids.clld.org/values/10-450-272-1>		<http://ids.clld.org/parameters/10-450>		<http://ids.clld.org/values/10-450-198-1>		"neikaut"@prg	
"aheni"@aro	<http://ids.clld.org/values/16-530-272-3>		<http://ids.clld.org/parameters/16-530>		<http://ids.clld.org/values/16-530-198-1>		"bi[y]āsnan"@prg	
"mikana"@aro	<http://ids.clld.org/values/2-950-272-1>		<http://ids.clld.org/parameters/2-950>		<http://ids.clld.org/values/2-950-198-1>		"yūs"@prg	
"beni"@aro	<http://ids.clld.org/values/1-720-272-1>		<http://ids.clld.org/parameters/1-720>		<http://ids.clld.org/values/1-720-198-1>		"vētrā"@prg	
"šašo-kʷe"@aro	<http://ids.clld.org/values/1-360-272-1>		<http://ids.clld.org/parameters/1-360>		<http://ids.clld.org/values/1-360-198-1>		"apē"@prg	
"e-ana"@aro	<http://ids.clld.org/values/4-260-272-1>		<http://ids.clld.org/parameters/4-260>		<http://ids.clld.org/values/4-260-198-1>		"inzuvis"@prg	
"a-ize"@aro	<http://ids.clld.org/values/3-820-272-1>		<http://ids.clld.org/parameters/3-820>		<http://ids.clld.org/values/3-820-198-1>		"bitē"@prg	
"aliso"@aro	<http://ids.clld.org/values/11-880-272-3>		<http://ids.clld.org/parameters/11-880>		<http://ids.clld.org/values/11-880-198-1>		"témpran"@prg	
"akʷi"@aro	<http://ids.clld.org/values/1-420-272-1>		<http://ids.clld.org/parameters/1-420>		<http://ids.clld.org/values/1-420-198-1>		"gar'an"@prg	
"izi"@aro	<http://ids.clld.org/values/7-110-272-1>		<http://ids.clld.org/parameters/7-110>		<http://ids.clld.org/values/7-110-198-1>		"givēt"@prg	
"aise"@aro	<http://ids.clld.org/values/17-680-272-1>		<http://ids.clld.org/parameters/17-680>		<http://ids.clld.org/values/17-680-198-1>		"kas"@prg	
"kʷada"@aro	<http://ids.clld.org/values/2-940-272-1>		<http://ids.clld.org/parameters/2-940>		<http://ids.clld.org/values/2-940-198-1>		"mes"@prg	
"ahai"@aro	<http://ids.clld.org/values/16-710-272-1>		<http://ids.clld.org/parameters/16-710>		<http://ids.clld.org/values/16-710-198-1>		"labs"@prg	
"tomo"@aro	<http://ids.clld.org/values/9-490-272-1>		<http://ids.clld.org/parameters/9-490>		<http://ids.clld.org/values/9-490-198-1>		"kūyis"@prg	
"ba"@aro	<http://ids.clld.org/values/17-170-272-1>		<http://ids.clld.org/parameters/17-170>		<http://ids.clld.org/values/17-170-198-1>		"vaist"@prg	
"hoto"@aro	<http://ids.clld.org/values/3-840-272-1>		<http://ids.clld.org/parameters/3-840>		<http://ids.clld.org/values/3-840-198-1>		"kirmis"@prg	
"bai"@aro	<http://ids.clld.org/values/1-330-272-1>		<http://ids.clld.org/parameters/1-330>		<http://ids.clld.org/values/1-330-198-1>		"azaran"@prg	
"maha"@aro	<http://ids.clld.org/values/6-210-272-3>		<http://ids.clld.org/parameters/6-210>		<http://ids.clld.org/values/6-210-198-1>		"milan"@prg	
"zewi"@aro	<http://ids.clld.org/values/18-510-272-1>		<http://ids.clld.org/parameters/18-510>		<http://ids.clld.org/values/18-510-198-1>		"peisātan"@prg	
"loto"@aro	<http://ids.clld.org/values/9-730-272-1>		<http://ids.clld.org/parameters/9-730>		<http://ids.clld.org/values/9-730-198-1>		"laidis"@prg	
"hašatana"@aro	<http://ids.clld.org/values/14-252-272-1>		<http://ids.clld.org/parameters/14-252>		<http://ids.clld.org/values/14-252-198-1>		"vérauya"@prg	
"talale"@aro	<http://ids.clld.org/values/12-850-272-1>		<http://ids.clld.org/parameters/12-850>		<http://ids.clld.org/values/12-850-198-1>		"dulzis"@prg	
"neti"@aro	<http://ids.clld.org/values/4-740-272-3>		<http://ids.clld.org/parameters/4-740>		<http://ids.clld.org/values/4-740-198-1>		"gīvas"@prg	
"koc̷o"@aro	<http://ids.clld.org/values/17-660-272-3>		<http://ids.clld.org/parameters/17-660>		<http://ids.clld.org/values/17-660-198-1>		"kvei"@prg	
"heti"@aro	<http://ids.clld.org/values/10-620-272-1>		<http://ids.clld.org/parameters/10-620>		<http://ids.clld.org/values/10-620-198-1>		"pīst"@prg	
"be-sese"@aro	<http://ids.clld.org/values/4-190-272-3>		<http://ids.clld.org/parameters/4-190>		<http://ids.clld.org/values/4-190-198-1>		"rītīznan"@prg	
"beičowiki"@aro	<http://ids.clld.org/values/10-630-272-1>		<http://ids.clld.org/parameters/10-630>		<http://ids.clld.org/values/10-630-198-1>		"pertenginuns"@prg	
"didia"@aro	<http://ids.clld.org/values/5-110-272-3>		<http://ids.clld.org/parameters/5-110>		<http://ids.clld.org/values/5-110-198-1>		"īst ~ ēst"@prg	
"sobelele"@aro	<http://ids.clld.org/values/6-550-272-1>		<http://ids.clld.org/parameters/6-550>		<http://ids.clld.org/values/6-550-198-1>		"kelmis"@prg	
"mata-kata"@aro	<http://ids.clld.org/values/13-350-272-1>		<http://ids.clld.org/parameters/13-350>		<http://ids.clld.org/values/13-350-198-1>		"pansdaumanin"@prg	
"zowiwi"@aro	<http://ids.clld.org/values/5-124-272-1>		<http://ids.clld.org/parameters/5-124>		<http://ids.clld.org/values/5-124-198-1>		"zal'an"@prg	
"peada"@aro	<http://ids.clld.org/values/13-10-272-1>		<http://ids.clld.org/parameters/13-10>		<http://ids.clld.org/values/13-10-198-1>		"ains"@prg	
"bia"@aro	<http://ids.clld.org/values/3-823-272-1>		<http://ids.clld.org/parameters/3-823>		<http://ids.clld.org/values/3-823-198-1>		"vapsē"@prg	
"zao"@aro	<http://ids.clld.org/values/2-440-272-1>		<http://ids.clld.org/parameters/2-440>		<http://ids.clld.org/values/2-440-198-1>		"brātē"@prg	
"e-me"@aro	<http://ids.clld.org/values/4-330-272-1>		<http://ids.clld.org/parameters/4-330>		<http://ids.clld.org/values/4-330-198-1>		"rankā"@prg	
"batawe"@aro	<http://ids.clld.org/values/12-920-272-1>		<http://ids.clld.org/parameters/12-920>		<http://ids.clld.org/values/12-920-198-1>		"palīgun"@prg	
"badi"@aro	<http://ids.clld.org/values/1-530-272-1>		<http://ids.clld.org/parameters/1-530>		<http://ids.clld.org/values/1-530-198-1>		"mēnikīs"@prg	
"kʷac̷a"@aro	<http://ids.clld.org/values/4-240-272-1>		<http://ids.clld.org/parameters/4-240>		<http://ids.clld.org/values/4-240-198-1>		"austā"@prg	
"eta benepo maša"@aro	<http://ids.clld.org/values/6-480-272-1>		<http://ids.clld.org/parameters/6-480>		<http://ids.clld.org/values/6-480-198-1>		"laknā"@prg	
"doboso"@aro	<http://ids.clld.org/values/4-203-272-1>		<http://ids.clld.org/parameters/4-203>		<http://ids.clld.org/values/4-203-198-1>		"muzgenā"@prg	
"zilo"@aro	<http://ids.clld.org/values/12-230-272-1>		<http://ids.clld.org/parameters/12-230>		<http://ids.clld.org/values/12-230-198-1>		"sklaitint"@prg	
"soso-na"@aro	<http://ids.clld.org/values/5-860-272-1>		<http://ids.clld.org/parameters/5-860>		<http://ids.clld.org/values/5-860-198-1>		"dadan"@prg	
