"'bakʷa"@aro	<http://ids.clld.org/values/2-270-272-1>		<http://ids.clld.org/parameters/2-270>		<http://ids.clld.org/values/2-270-293-1>		"aʔ-kʰra-rɛ"@ram	
"šoa-iɲa"@aro	<http://ids.clld.org/values/4-140-272-1>		<http://ids.clld.org/parameters/4-140>		<http://ids.clld.org/values/4-140-293-1>		"ii-kʰĩ"@ram	
"iše"@aro	<http://ids.clld.org/values/9-210-272-1>		<http://ids.clld.org/parameters/9-210>		<http://ids.clld.org/values/9-210-293-1>		"kʰrɔ̃k"@ram	
"lepe"@aro	<http://ids.clld.org/values/10-380-272-3>		<http://ids.clld.org/parameters/10-380>		<http://ids.clld.org/values/10-380-293-1>		"hakkoo"@ram	
"kʷa-ti"@aro	<http://ids.clld.org/values/1-810-272-1>		<http://ids.clld.org/parameters/1-810>		<http://ids.clld.org/values/1-810-293-1>		"kuhɨ"@ram	
"e-tae"@aro	<http://ids.clld.org/values/7-120-272-1>		<http://ids.clld.org/parameters/7-120>		<http://ids.clld.org/values/7-120-293-1>		"ii-kʰrɛ"@ram	
"bani"@aro	<http://ids.clld.org/values/18-280-272-1>		<http://ids.clld.org/parameters/18-280>		<http://ids.clld.org/values/18-280-293-1>		"awkʰe-"@ram	
"bani"@aro	<http://ids.clld.org/values/18-280-272-1>		<http://ids.clld.org/parameters/18-280>		<http://ids.clld.org/values/18-280-293-3>		"yəyə-"@ram	
"a"@aro	<http://ids.clld.org/values/9-110-272-1>		<http://ids.clld.org/parameters/9-110>		<http://ids.clld.org/values/9-110-293-1>		"tɔn"@ram	
"me"@aro	<http://ids.clld.org/values/9-110-272-5>		<http://ids.clld.org/parameters/9-110>		<http://ids.clld.org/values/9-110-293-1>		"tɔn"@ram	
"madaha"@aro	<http://ids.clld.org/values/4-360-272-3>		<http://ids.clld.org/parameters/4-360>		<http://ids.clld.org/values/4-360-293-1>		"ii-kʰõn"@ram	
"ha-wana"@aro	<http://ids.clld.org/values/12-140-272-3>		<http://ids.clld.org/parameters/12-140>		<http://ids.clld.org/values/12-140-293-1>		"nɔ̃"@ram	
"hapo-i"@aro	<http://ids.clld.org/values/3-920-272-3>		<http://ids.clld.org/parameters/3-920>		<http://ids.clld.org/values/3-920-293-1>		"wɛwɛ-"@ram	
"c̷abaha"@aro	<http://ids.clld.org/values/15-420-272-3>		<http://ids.clld.org/parameters/15-420>		<http://ids.clld.org/values/15-420-293-1>		"k mpa (?)"@ram	
"lokʷakʷa"@aro	<http://ids.clld.org/values/4-856-272-1>		<http://ids.clld.org/parameters/4-856>		<http://ids.clld.org/values/4-856-293-1>		"kuhe"@ram	
"abao"@aro	<http://ids.clld.org/values/12-570-272-1>		<http://ids.clld.org/parameters/12-570>		<http://ids.clld.org/values/12-570-293-1>		"i-rɨɨ"@ram	
"nawi"@aro	<http://ids.clld.org/values/4-690-272-1>		<http://ids.clld.org/parameters/4-690>		<http://ids.clld.org/values/4-690-293-1>		"c̷wa"@ram	
"akʷi-iɲa"@aro	<http://ids.clld.org/values/8-560-272-1>		<http://ids.clld.org/parameters/8-560>		<http://ids.clld.org/values/8-560-293-1>		"iʔ-ho"@ram	
"e-c̷e"@aro	<http://ids.clld.org/values/4-270-272-1>		<http://ids.clld.org/parameters/4-270>		<http://ids.clld.org/values/4-270-293-1>		"ii-c̷wa"@ram	
"ami"@aro	<http://ids.clld.org/values/4-150-272-1>		<http://ids.clld.org/parameters/4-150>		<http://ids.clld.org/values/4-150-293-1>		"ii-kaproo"@ram	
"homa"@aro	<http://ids.clld.org/values/2-930-272-5>		<http://ids.clld.org/parameters/2-930>		<http://ids.clld.org/values/2-930-293-1>		"tamə̃"@ram	
"c̷eiɲeba"@aro	<http://ids.clld.org/values/7-110-272-5>		<http://ids.clld.org/parameters/7-110>		<http://ids.clld.org/values/7-110-293-1>		"kʰrĩ"@ram	
"da"@aro	<http://ids.clld.org/values/16-710-272-3>		<http://ids.clld.org/parameters/16-710>		<http://ids.clld.org/values/16-710-293-1>		"-pɛy"@ram	
"a-wac̷o-wac̷o"@aro	<http://ids.clld.org/values/12-740-272-1>		<http://ids.clld.org/parameters/12-740>		<http://ids.clld.org/values/12-740-293-1>		"yakɔt"@ram	
"ahi"@aro	<http://ids.clld.org/values/3-815-272-1>		<http://ids.clld.org/parameters/3-815>		<http://ids.clld.org/values/3-815-293-1>		"pak"@ram	
"haliǰa"@aro	<http://ids.clld.org/values/12-550-272-1>		<http://ids.clld.org/parameters/12-550>		<http://ids.clld.org/values/12-550-293-1>		"ti-"@ram	
"kʷala"@aro	<http://ids.clld.org/values/2-360-272-1>		<http://ids.clld.org/parameters/2-360>		<http://ids.clld.org/values/2-360-293-1>		"-nə̃ə̃"@ram	
"tedi"@aro	<http://ids.clld.org/values/9-343-272-1>		<http://ids.clld.org/parameters/9-343>		<http://ids.clld.org/values/9-343-293-1>		"ŋɛ̃n"@ram	
"ehi"@aro	<http://ids.clld.org/values/8-750-272-3>		<http://ids.clld.org/parameters/8-750>		<http://ids.clld.org/values/8-750-293-1>		"ii-kʰə"@ram	
"mi-ǰa-ha"@aro	<http://ids.clld.org/values/2-920-272-5>		<http://ids.clld.org/parameters/2-920>		<http://ids.clld.org/values/2-920-293-1>		"ka"@ram	
"ašoda"@aro	<http://ids.clld.org/values/15-850-272-3>		<http://ids.clld.org/parameters/15-850>		<http://ids.clld.org/values/15-850-293-1>		"kakrɔ"@ram	
"c̷ekʷe"@aro	<http://ids.clld.org/values/7-150-272-1>		<http://ids.clld.org/parameters/7-150>		<http://ids.clld.org/values/7-150-293-1>		"ka-"@ram	
"eowi"@aro	<http://ids.clld.org/values/1-310-272-3>		<http://ids.clld.org/parameters/1-310>		<http://ids.clld.org/values/1-310-293-1>		"ko"@ram	
"ba'kʷa"@aro	<http://ids.clld.org/values/3-850-272-1>		<http://ids.clld.org/parameters/3-850>		<http://ids.clld.org/values/3-850-293-3>		"pat"@ram	
"ba'kʷa"@aro	<http://ids.clld.org/values/3-850-272-1>		<http://ids.clld.org/parameters/3-850>		<http://ids.clld.org/values/3-850-293-1>		"kaaŋə"@ram	
"po"@aro	<http://ids.clld.org/values/10-470-272-1>		<http://ids.clld.org/parameters/10-470>		<http://ids.clld.org/values/10-470-293-1>		"mɔ̃"@ram	
"atoli"@aro	<http://ids.clld.org/values/12-740-272-5>		<http://ids.clld.org/parameters/12-740>		<http://ids.clld.org/values/12-740-293-1>		"yakɔt"@ram	
"mama"@aro	<http://ids.clld.org/values/2-320-272-3>		<http://ids.clld.org/parameters/2-320>		<http://ids.clld.org/values/2-320-293-1>		"ĩĩ-prõ"@ram	
"zei"@aro	<http://ids.clld.org/values/8-120-272-1>		<http://ids.clld.org/parameters/8-120>		<http://ids.clld.org/values/8-120-293-1>		"pur"@ram	
"šalada"@aro	<http://ids.clld.org/values/1-640-272-1>		<http://ids.clld.org/parameters/1-640>		<http://ids.clld.org/values/1-640-293-1>		"atər-"@ram	
"kimiša"@aro	<http://ids.clld.org/values/13-30-272-1>		<http://ids.clld.org/parameters/13-30>		<http://ids.clld.org/values/13-30-293-1>		"ɨnkre-"@ram	
"eiye"@aro	<http://ids.clld.org/values/1-410-272-1>		<http://ids.clld.org/parameters/1-410>		<http://ids.clld.org/values/1-410-293-1>		"lam-"@ram	
"kʷelihi"@aro	<http://ids.clld.org/values/9-211-272-1>		<http://ids.clld.org/parameters/9-211>		<http://ids.clld.org/values/9-211-293-1>		"twə"@ram	
"ma"@aro	<http://ids.clld.org/values/17-560-272-1>		<http://ids.clld.org/parameters/17-560>		<http://ids.clld.org/values/17-560-293-1>		"ke-"@ram	
"po-"@aro	<http://ids.clld.org/values/9-110-272-7>		<http://ids.clld.org/parameters/9-110>		<http://ids.clld.org/values/9-110-293-1>		"tɔn"@ram	
"zipe-i"@aro	<http://ids.clld.org/values/9-770-272-1>		<http://ids.clld.org/parameters/9-770>		<http://ids.clld.org/values/9-770-293-1>		"kohpip (koʔpip ?)"@ram	
"mezizo"@aro	<http://ids.clld.org/values/1-215-272-1>		<http://ids.clld.org/parameters/1-215>		<http://ids.clld.org/values/1-215-293-1>		"pye"@ram	
"neti"@aro	<http://ids.clld.org/values/12-150-272-1>		<http://ids.clld.org/parameters/12-150>		<http://ids.clld.org/values/12-150-293-1>		"c̷a"@ram	
"waoti"@aro	<http://ids.clld.org/values/10-350-272-1>		<http://ids.clld.org/parameters/10-350>		<http://ids.clld.org/values/10-350-293-1>		"ree"@ram	
"waoti"@aro	<http://ids.clld.org/values/10-350-272-1>		<http://ids.clld.org/parameters/10-350>		<http://ids.clld.org/values/10-350-293-3>		"c̷wa"@ram	
"weno sisa-ewe"@aro	<http://ids.clld.org/values/14-440-272-3>		<http://ids.clld.org/parameters/14-440>		<http://ids.clld.org/values/14-440-293-1>		"apɛ̃"@ram	
"ema"@aro	<http://ids.clld.org/values/2-910-272-1>		<http://ids.clld.org/parameters/2-910>		<http://ids.clld.org/values/2-910-293-3>		"wa"@ram	
"ema"@aro	<http://ids.clld.org/values/2-910-272-1>		<http://ids.clld.org/parameters/2-910>		<http://ids.clld.org/values/2-910-293-1>		"pa"@ram	
"takʷa"@aro	<http://ids.clld.org/values/4-450-272-1>		<http://ids.clld.org/parameters/4-450>		<http://ids.clld.org/values/4-450-293-1>		"ii-pa"@ram	
"sihi"@aro	<http://ids.clld.org/values/11-210-272-3>		<http://ids.clld.org/parameters/11-210>		<http://ids.clld.org/values/11-210-293-3>		"ŋɔ̃"@ram	
"sihi"@aro	<http://ids.clld.org/values/11-210-272-3>		<http://ids.clld.org/parameters/11-210>		<http://ids.clld.org/values/11-210-293-1>		"c̷i-"@ram	
"haha"@aro	<http://ids.clld.org/values/8-311-272-1>		<http://ids.clld.org/parameters/8-311>		<http://ids.clld.org/values/8-311-293-1>		"iʔ-hɨɨ (hɨ- ?)"@ram	
"dizi"@aro	<http://ids.clld.org/values/10-720-272-1>		<http://ids.clld.org/parameters/10-720>		<http://ids.clld.org/values/10-720-293-1>		"prɨɨ"@ram	
"e-c̷oa"@aro	<http://ids.clld.org/values/4-160-272-1>		<http://ids.clld.org/parameters/4-160>		<http://ids.clld.org/values/4-160-293-1>		"-hi"@ram	
"bedaokʷa"@aro	<http://ids.clld.org/values/13-330-272-1>		<http://ids.clld.org/parameters/13-330>		<http://ids.clld.org/values/13-330-293-3>		"kamã"@ram	
"bedaokʷa"@aro	<http://ids.clld.org/values/13-330-272-1>		<http://ids.clld.org/parameters/13-330>		<http://ids.clld.org/values/13-330-293-1>		"pit"@ram	
"hehe-a"@aro	<http://ids.clld.org/values/13-210-272-1>		<http://ids.clld.org/parameters/13-210>		<http://ids.clld.org/values/13-210-293-1>		"yic̷u"@ram	
"tiǰada"@aro	<http://ids.clld.org/values/4-350-272-1>		<http://ids.clld.org/parameters/4-350>		<http://ids.clld.org/values/4-350-293-1>		"ii-tɛ"@ram	
"beta"@aro	<http://ids.clld.org/values/13-170-272-1>		<http://ids.clld.org/parameters/13-170>		<http://ids.clld.org/values/13-170-293-1>		"kʰɨɨpe-"@ram	
"a-ašo"@aro	<http://ids.clld.org/values/15-850-272-1>		<http://ids.clld.org/parameters/15-850>		<http://ids.clld.org/values/15-850-293-1>		"kakrɔ"@ram	
"lokʷa"@aro	<http://ids.clld.org/values/9-360-272-1>		<http://ids.clld.org/parameters/9-360>		<http://ids.clld.org/values/9-360-293-1>		"kuʔhõ"@ram	
"lokʷa"@aro	<http://ids.clld.org/values/9-360-272-1>		<http://ids.clld.org/parameters/9-360>		<http://ids.clld.org/values/9-360-293-3>		"kaʔhõ"@ram	
"mano"@aro	<http://ids.clld.org/values/4-750-272-1>		<http://ids.clld.org/parameters/4-750>		<http://ids.clld.org/values/4-750-293-1>		"tɨɨ- (tɨ ?)"@ram	
"dea"@aro	<http://ids.clld.org/values/2-210-272-1>		<http://ids.clld.org/parameters/2-210>		<http://ids.clld.org/values/2-210-293-1>		"hũm"@ram	
"eta"@aro	<http://ids.clld.org/values/4-350-272-3>		<http://ids.clld.org/parameters/4-350>		<http://ids.clld.org/values/4-350-293-1>		"ii-tɛ"@ram	
"pia"@aro	<http://ids.clld.org/values/20-250-272-1>		<http://ids.clld.org/parameters/20-250>		<http://ids.clld.org/values/20-250-293-1>		"kruw"@ram	
"abizi"@aro	<http://ids.clld.org/values/16-230-272-1>		<http://ids.clld.org/parameters/16-230>		<http://ids.clld.org/values/16-230-293-1>		"hakʰrɨ"@ram	
"zeti"@aro	<http://ids.clld.org/values/1-520-272-1>		<http://ids.clld.org/parameters/1-520>		<http://ids.clld.org/values/1-520-293-3>		"pɨtɨ"@ram	
"zeti"@aro	<http://ids.clld.org/values/1-520-272-1>		<http://ids.clld.org/parameters/1-520>		<http://ids.clld.org/values/1-520-293-1>		"pɨt"@ram	
"dipanoši"@aro	<http://ids.clld.org/values/16-670-272-1>		<http://ids.clld.org/parameters/16-670>		<http://ids.clld.org/values/16-670-293-1>		"nõ"@ram	
"mahana"@aro	<http://ids.clld.org/values/1-440-272-1>		<http://ids.clld.org/parameters/1-440>		<http://ids.clld.org/values/1-440-293-1>		"kʰɛn"@ram	
"nio"@aro	<http://ids.clld.org/values/3-610-272-1>		<http://ids.clld.org/parameters/3-610>		<http://ids.clld.org/values/3-610-293-1>		"rɔp"@ram	
"pic̷oe"@aro	<http://ids.clld.org/values/20-240-272-1>		<http://ids.clld.org/parameters/20-240>		<http://ids.clld.org/values/20-240-293-1>		"kuuhe"@ram	
"e-c̷ei"@aro	<http://ids.clld.org/values/5-791-272-1>		<http://ids.clld.org/parameters/5-791>		<http://ids.clld.org/values/5-791-293-1>		"iʔ-twɨm"@ram	
"aboa"@aro	<http://ids.clld.org/values/15-860-272-1>		<http://ids.clld.org/parameters/15-860>		<http://ids.clld.org/values/15-860-293-1>		"kʰrɨ"@ram	
"neti"@aro	<http://ids.clld.org/values/7-110-272-3>		<http://ids.clld.org/parameters/7-110>		<http://ids.clld.org/values/7-110-293-1>		"kʰrĩ"@ram	
"babaowe"@aro	<http://ids.clld.org/values/13-140-272-1>		<http://ids.clld.org/parameters/13-140>		<http://ids.clld.org/values/13-140-293-1>		"tu-"@ram	
"c̷eiɲeba"@aro	<http://ids.clld.org/values/4-740-272-5>		<http://ids.clld.org/parameters/4-740>		<http://ids.clld.org/values/4-740-293-1>		"tĩ"@ram	
"azaha"@aro	<http://ids.clld.org/values/15-840-272-1>		<http://ids.clld.org/parameters/15-840>		<http://ids.clld.org/values/15-840-293-1>		"krə"@ram	
"azaha"@aro	<http://ids.clld.org/values/15-840-272-1>		<http://ids.clld.org/parameters/15-840>		<http://ids.clld.org/values/15-840-293-3>		"(kʰra ?)"@ram	
"hodo"@aro	<http://ids.clld.org/values/1-830-272-1>		<http://ids.clld.org/parameters/1-830>		<http://ids.clld.org/values/1-830-293-1>		"iʔ-kʰũm"@ram	
"e-na"@aro	<http://ids.clld.org/values/1-310-272-1>		<http://ids.clld.org/parameters/1-310>		<http://ids.clld.org/values/1-310-293-1>		"ko"@ram	
"bototo"@aro	<http://ids.clld.org/values/3-817-272-1>		<http://ids.clld.org/parameters/3-817>		<http://ids.clld.org/values/3-817-293-1>		"ahc̷un- (aʔc̷un- ?)"@ram	
"eičoi"@aro	<http://ids.clld.org/values/19-250-272-1>		<http://ids.clld.org/parameters/19-250>		<http://ids.clld.org/values/19-250-293-1>		"kʰo-"@ram	
"eha"@aro	<http://ids.clld.org/values/5-970-272-1>		<http://ids.clld.org/parameters/5-970>		<http://ids.clld.org/values/5-970-293-1>		"in-krɛ"@ram	
"abiča"@aro	<http://ids.clld.org/values/15-350-272-1>		<http://ids.clld.org/parameters/15-350>		<http://ids.clld.org/values/15-350-293-1>		"c̷o-"@ram	
"e-awe"@aro	<http://ids.clld.org/values/2-310-272-1>		<http://ids.clld.org/parameters/2-310>		<http://ids.clld.org/values/2-310-293-1>		"ĩĩ-pyɛ"@ram	
"anizomawe"@aro	<http://ids.clld.org/values/4-820-272-1>		<http://ids.clld.org/parameters/4-820>		<http://ids.clld.org/values/4-820-293-1>		"pɛk-"@ram	
"akʷi-c̷aha"@aro	<http://ids.clld.org/values/8-540-272-1>		<http://ids.clld.org/parameters/8-540>		<http://ids.clld.org/values/8-540-293-1>		"haare"@ram	
"pawi-pawi"@aro	<http://ids.clld.org/values/3-592-272-3>		<http://ids.clld.org/parameters/3-592>		<http://ids.clld.org/values/3-592-293-1>		"krɨy-ti"@ram	
"biki"@aro	<http://ids.clld.org/values/4-120-272-1>		<http://ids.clld.org/parameters/4-120>		<http://ids.clld.org/values/4-120-293-1>		"ii-kʰə (?)"@ram	
"akʷi"@aro	<http://ids.clld.org/values/8-600-272-1>		<http://ids.clld.org/parameters/8-600>		<http://ids.clld.org/values/8-600-293-1>		"pĩĩ"@ram	
"poc̷ac̷a-i"@aro	<http://ids.clld.org/values/1-213-272-1>		<http://ids.clld.org/parameters/1-213>		<http://ids.clld.org/values/1-213-293-1>		"pye yakro"@ram	
"boni"@aro	<http://ids.clld.org/values/3-581-272-1>		<http://ids.clld.org/parameters/3-581>		<http://ids.clld.org/values/3-581-293-1>		"kɛ̃"@ram	
"baepa"@aro	<http://ids.clld.org/values/1-510-272-1>		<http://ids.clld.org/parameters/1-510>		<http://ids.clld.org/values/1-510-293-1>		"koykʰwa"@ram	
"balele-a"@aro	<http://ids.clld.org/values/10-130-272-1>		<http://ids.clld.org/parameters/10-130>		<http://ids.clld.org/values/10-130-293-1>		"ayrɔ̃"@ram	
"c̷ena"@aro	<http://ids.clld.org/values/3-840-272-3>		<http://ids.clld.org/parameters/3-840>		<http://ids.clld.org/values/3-840-293-1>		"hɔɔc̷ã"@ram	
"lopo"@aro	<http://ids.clld.org/values/12-560-272-1>		<http://ids.clld.org/parameters/12-560>		<http://ids.clld.org/values/12-560-293-3>		"lɛ"@ram	
"lopo"@aro	<http://ids.clld.org/values/12-560-272-1>		<http://ids.clld.org/parameters/12-560>		<http://ids.clld.org/values/12-560-293-1>		"ĩn-krirɛ"@ram	
"izi"@aro	<http://ids.clld.org/values/5-130-272-1>		<http://ids.clld.org/parameters/5-130>		<http://ids.clld.org/values/5-130-293-1>		"-kʰõ (kʰɔ̃ ?)"@ram	
"wo"@aro	<http://ids.clld.org/values/10-380-272-1>		<http://ids.clld.org/parameters/10-380>		<http://ids.clld.org/values/10-380-293-1>		"hakkoo"@ram	
"amaha"@aro	<http://ids.clld.org/values/1-430-272-1>		<http://ids.clld.org/parameters/1-430>		<http://ids.clld.org/values/1-430-293-1>		"pĩ"@ram	
"c̷abaha"@aro	<http://ids.clld.org/values/15-410-272-1>		<http://ids.clld.org/parameters/15-410>		<http://ids.clld.org/values/15-410-293-1>		"kʰə̃-pa"@ram	
"sewa"@aro	<http://ids.clld.org/values/15-650-272-1>		<http://ids.clld.org/parameters/15-650>		<http://ids.clld.org/values/15-650-293-1>		"iʔ-tɨk"@ram	
"peada-we"@aro	<http://ids.clld.org/values/13-10-272-3>		<http://ids.clld.org/parameters/13-10>		<http://ids.clld.org/values/13-10-293-1>		"pɨc̷it"@ram	
"ewi"@aro	<http://ids.clld.org/values/4-230-272-1>		<http://ids.clld.org/parameters/4-230>		<http://ids.clld.org/values/4-230-293-1>		"-yĩyakʰrɛ"@ram	
"kʷawe-a"@aro	<http://ids.clld.org/values/8-920-272-1>		<http://ids.clld.org/parameters/8-920>		<http://ids.clld.org/values/8-920-293-1>		"kʰwɨrɨ"@ram	
"biɲa"@aro	<http://ids.clld.org/values/3-591-272-1>		<http://ids.clld.org/parameters/3-591>		<http://ids.clld.org/values/3-591-293-1>		"c̷ɛprɛ"@ram	
"e-toa"@aro	<http://ids.clld.org/values/4-210-272-1>		<http://ids.clld.org/parameters/4-210>		<http://ids.clld.org/values/4-210-293-1>		"ii-tɔ"@ram	
"sisa"@aro	<http://ids.clld.org/values/14-420-272-1>		<http://ids.clld.org/parameters/14-420>		<http://ids.clld.org/values/14-420-293-1>		"kac̷wa"@ram	
"lawia"@aro	<http://ids.clld.org/values/9-210-272-3>		<http://ids.clld.org/parameters/9-210>		<http://ids.clld.org/values/9-210-293-1>		"kʰrɔ̃k"@ram	
"naba-i"@aro	<http://ids.clld.org/values/4-392-272-1>		<http://ids.clld.org/parameters/4-392>		<http://ids.clld.org/values/4-392-293-1>		"haaraa"@ram	
"maesa"@aro	<http://ids.clld.org/values/17-560-272-3>		<http://ids.clld.org/parameters/17-560>		<http://ids.clld.org/values/17-560-293-1>		"ke-"@ram	
"ese"@aro	<http://ids.clld.org/values/4-460-272-1>		<http://ids.clld.org/parameters/4-460>		<http://ids.clld.org/values/4-460-293-1>		"ii-tu"@ram	
"kʷiča-po"@aro	<http://ids.clld.org/values/2-350-272-1>		<http://ids.clld.org/parameters/2-350>		<http://ids.clld.org/values/2-350-293-1>		"-pãm"@ram	
"kʷiča-po"@aro	<http://ids.clld.org/values/2-350-272-1>		<http://ids.clld.org/parameters/2-350>		<http://ids.clld.org/values/2-350-293-3>		"c̷ũ"@ram	
"piša"@aro	<http://ids.clld.org/values/20-250-272-3>		<http://ids.clld.org/parameters/20-250>		<http://ids.clld.org/values/20-250-293-1>		"kruw"@ram	
"nala"@aro	<http://ids.clld.org/values/4-280-272-1>		<http://ids.clld.org/parameters/4-280>		<http://ids.clld.org/values/4-280-293-1>		"ii-put"@ram	
"aokʷe"@aro	<http://ids.clld.org/values/12-570-272-3>		<http://ids.clld.org/parameters/12-570>		<http://ids.clld.org/values/12-570-293-1>		"i-rɨɨ"@ram	
"masawe"@aro	<http://ids.clld.org/values/16-720-272-5>		<http://ids.clld.org/parameters/16-720>		<http://ids.clld.org/values/16-720-293-1>		"iʔkʰɛn"@ram	
"dodo"@aro	<http://ids.clld.org/values/2-450-272-1>		<http://ids.clld.org/parameters/2-450>		<http://ids.clld.org/values/2-450-293-1>		"tɔ̃y-"@ram	
"dokʷe-i"@aro	<http://ids.clld.org/values/3-750-272-1>		<http://ids.clld.org/parameters/3-750>		<http://ids.clld.org/values/3-750-293-1>		"pɔ"@ram	
"dokʷe-i"@aro	<http://ids.clld.org/values/3-750-272-1>		<http://ids.clld.org/parameters/3-750>		<http://ids.clld.org/values/3-750-293-3>		"kaarə"@ram	
"koc̷i"@aro	<http://ids.clld.org/values/3-350-272-1>		<http://ids.clld.org/parameters/3-350>		<http://ids.clld.org/values/3-350-293-1>		"kʰro"@ram	
"apaha"@aro	<http://ids.clld.org/values/15-640-272-3>		<http://ids.clld.org/parameters/15-640>		<http://ids.clld.org/values/15-640-293-1>		"hakkʰa"@ram	
"apaha"@aro	<http://ids.clld.org/values/15-640-272-3>		<http://ids.clld.org/parameters/15-640>		<http://ids.clld.org/values/15-640-293-3>		"yakʰaa"@ram	
"mi-ǰa"@aro	<http://ids.clld.org/values/2-920-272-3>		<http://ids.clld.org/parameters/2-920>		<http://ids.clld.org/values/2-920-293-1>		"ka"@ram	
"emeo"@aro	<http://ids.clld.org/values/12-50-272-1>		<http://ids.clld.org/parameters/12-50>		<http://ids.clld.org/values/12-50-293-1>		"kʰam"@ram	
"meo"@aro	<http://ids.clld.org/values/12-50-272-3>		<http://ids.clld.org/parameters/12-50>		<http://ids.clld.org/values/12-50-293-1>		"kʰam"@ram	
"hoda"@aro	<http://ids.clld.org/values/2-930-272-3>		<http://ids.clld.org/parameters/2-930>		<http://ids.clld.org/values/2-930-293-1>		"tamə̃"@ram	
"oc̷o"@aro	<http://ids.clld.org/values/1-851-272-1>		<http://ids.clld.org/parameters/1-851>		<http://ids.clld.org/values/1-851-293-1>		"ka-c̷ər"@ram	
"abec̷o"@aro	<http://ids.clld.org/values/14-210-272-1>		<http://ids.clld.org/parameters/14-210>		<http://ids.clld.org/values/14-210-293-1>		"kɨt-"@ram	
"-nana"@aro	<http://ids.clld.org/values/14-130-272-3>		<http://ids.clld.org/parameters/14-130>		<http://ids.clld.org/values/14-130-293-1>		"-tuwa"@ram	
"kʷabec̷a"@aro	<http://ids.clld.org/values/10-370-272-1>		<http://ids.clld.org/parameters/10-370>		<http://ids.clld.org/values/10-370-293-1>		"tɛɛ"@ram	
"zania bene"@aro	<http://ids.clld.org/values/12-420-272-1>		<http://ids.clld.org/parameters/12-420>		<http://ids.clld.org/values/12-420-293-1>		"aw-kʰɛ"@ram	
"ti"@aro	<http://ids.clld.org/values/11-210-272-1>		<http://ids.clld.org/parameters/11-210>		<http://ids.clld.org/values/11-210-293-3>		"ŋɔ̃"@ram	
"ti"@aro	<http://ids.clld.org/values/11-210-272-1>		<http://ids.clld.org/parameters/11-210>		<http://ids.clld.org/values/11-210-293-1>		"c̷i-"@ram	
"laka"@aro	<http://ids.clld.org/values/5-130-272-3>		<http://ids.clld.org/parameters/5-130>		<http://ids.clld.org/values/5-130-293-1>		"-kʰõ (kʰɔ̃ ?)"@ram	
"esi"@aro	<http://ids.clld.org/values/14-150-272-1>		<http://ids.clld.org/parameters/14-150>		<http://ids.clld.org/values/14-150-293-1>		"tũm"@ram	
"ane"@aro	<http://ids.clld.org/values/16-310-272-1>		<http://ids.clld.org/parameters/16-310>		<http://ids.clld.org/values/16-310-293-1>		"-c̷a-"@ram	
"ane"@aro	<http://ids.clld.org/values/16-310-272-1>		<http://ids.clld.org/parameters/16-310>		<http://ids.clld.org/values/16-310-293-3>		"ha- (?)"@ram	
"nai"@aro	<http://ids.clld.org/values/1-750-272-1>		<http://ids.clld.org/parameters/1-750>		<http://ids.clld.org/values/1-750-293-1>		"taa (ta ?)"@ram	
"kʷibi"@aro	<http://ids.clld.org/values/15-840-272-3>		<http://ids.clld.org/parameters/15-840>		<http://ids.clld.org/values/15-840-293-1>		"krə"@ram	
"kʷibi"@aro	<http://ids.clld.org/values/15-840-272-3>		<http://ids.clld.org/parameters/15-840>		<http://ids.clld.org/values/15-840-293-3>		"(kʰra ?)"@ram	
"ize"@aro	<http://ids.clld.org/values/4-740-272-1>		<http://ids.clld.org/parameters/4-740>		<http://ids.clld.org/values/4-740-293-1>		"tĩ"@ram	
"matoa"@aro	<http://ids.clld.org/values/3-970-272-1>		<http://ids.clld.org/parameters/3-970>		<http://ids.clld.org/values/3-970-293-1>		"mĩĩ (mɨ̃ ?)"@ram	
"ebai"@aro	<http://ids.clld.org/values/4-310-272-1>		<http://ids.clld.org/parameters/4-310>		<http://ids.clld.org/values/4-310-293-1>		"pa"@ram	
"hababa-i"@aro	<http://ids.clld.org/values/3-920-272-1>		<http://ids.clld.org/parameters/3-920>		<http://ids.clld.org/values/3-920-293-1>		"wɛwɛ-"@ram	
"mahi"@aro	<http://ids.clld.org/values/6-380-272-1>		<http://ids.clld.org/parameters/6-380>		<http://ids.clld.org/values/6-380-293-1>		"he-"@ram	
"mahi"@aro	<http://ids.clld.org/values/6-380-272-1>		<http://ids.clld.org/parameters/6-380>		<http://ids.clld.org/values/6-380-293-3>		"-c̷e- (?)"@ram	
"loso"@aro	<http://ids.clld.org/values/3-817-272-3>		<http://ids.clld.org/parameters/3-817>		<http://ids.clld.org/values/3-817-293-1>		"ahc̷un- (aʔc̷un- ?)"@ram	
"c̷oi"@aro	<http://ids.clld.org/values/4-580-272-3>		<http://ids.clld.org/parameters/4-580>		<http://ids.clld.org/values/4-580-293-1>		"-ku-c̷a"@ram	
"siča"@aro	<http://ids.clld.org/values/4-180-272-1>		<http://ids.clld.org/parameters/4-180>		<http://ids.clld.org/values/4-180-293-1>		"ha-ppɨ"@ram	
"po-na"@aro	<http://ids.clld.org/values/10-470-272-3>		<http://ids.clld.org/parameters/10-470>		<http://ids.clld.org/values/10-470-293-1>		"mɔ̃"@ram	
"e-šoa"@aro	<http://ids.clld.org/values/4-200-272-1>		<http://ids.clld.org/parameters/4-200>		<http://ids.clld.org/values/4-200-293-1>		"ii-kʰrə̃"@ram	
"ani"@aro	<http://ids.clld.org/values/12-130-272-1>		<http://ids.clld.org/parameters/12-130>		<http://ids.clld.org/values/12-130-293-1>		"yə̃ (yɨ̃ ?)"@ram	
"ha-sisa"@aro	<http://ids.clld.org/values/12-140-272-1>		<http://ids.clld.org/parameters/12-140>		<http://ids.clld.org/values/12-140-293-1>		"nɔ̃"@ram	
"lele"@aro	<http://ids.clld.org/values/12-110-272-3>		<http://ids.clld.org/parameters/12-110>		<http://ids.clld.org/values/12-110-293-1>		"-li-"@ram	
"wisoi-ono-kata"@aro	<http://ids.clld.org/values/12-610-272-1>		<http://ids.clld.org/parameters/12-610>		<http://ids.clld.org/values/12-610-293-1>		"iʔ-pɔ"@ram	
"hehe"@aro	<http://ids.clld.org/values/18-120-272-1>		<http://ids.clld.org/parameters/18-120>		<http://ids.clld.org/values/18-120-293-1>		"-krɛ"@ram	
"c̷odo"@aro	<http://ids.clld.org/values/4-521-272-1>		<http://ids.clld.org/parameters/4-521>		<http://ids.clld.org/values/4-521-293-1>		"hɛk"@ram	
"ec̷a"@aro	<http://ids.clld.org/values/8-570-272-1>		<http://ids.clld.org/parameters/8-570>		<http://ids.clld.org/values/8-570-293-1>		"ii-rə̃"@ram	
"wane"@aro	<http://ids.clld.org/values/2-320-272-1>		<http://ids.clld.org/parameters/2-320>		<http://ids.clld.org/values/2-320-293-1>		"ĩĩ-prõ"@ram	
"imea"@aro	<http://ids.clld.org/values/9-110-272-3>		<http://ids.clld.org/parameters/9-110>		<http://ids.clld.org/values/9-110-293-1>		"tɔn"@ram	
"pobe-a"@aro	<http://ids.clld.org/values/10-480-272-1>		<http://ids.clld.org/parameters/10-480>		<http://ids.clld.org/values/10-480-293-1>		"-tẽ"@ram	
"sisa-ewe"@aro	<http://ids.clld.org/values/14-440-272-1>		<http://ids.clld.org/parameters/14-440>		<http://ids.clld.org/values/14-440-293-1>		"apɛ̃"@ram	
"soe"@aro	<http://ids.clld.org/values/20-220-272-1>		<http://ids.clld.org/parameters/20-220>		<http://ids.clld.org/values/20-220-293-1>		"kʰo"@ram	
"c̷a"@aro	<http://ids.clld.org/values/11-310-272-1>		<http://ids.clld.org/parameters/11-310>		<http://ids.clld.org/values/11-310-293-1>		"lɨ̃t"@ram	
"hai-ǰa"@aro	<http://ids.clld.org/values/16-710-272-5>		<http://ids.clld.org/parameters/16-710>		<http://ids.clld.org/values/16-710-293-1>		"-pɛy"@ram	
"batame"@aro	<http://ids.clld.org/values/12-920-272-3>		<http://ids.clld.org/parameters/12-920>		<http://ids.clld.org/values/12-920-293-1>		"kʰĩ"@ram	
"ano-ano-a"@aro	<http://ids.clld.org/values/12-740-272-3>		<http://ids.clld.org/parameters/12-740>		<http://ids.clld.org/values/12-740-293-1>		"yakɔt"@ram	
"zei"@aro	<http://ids.clld.org/values/12-110-272-1>		<http://ids.clld.org/parameters/12-110>		<http://ids.clld.org/values/12-110-293-1>		"-li-"@ram	
"hiɲebaha"@aro	<http://ids.clld.org/values/15-420-272-1>		<http://ids.clld.org/parameters/15-420>		<http://ids.clld.org/values/15-420-293-1>		"k mpa (?)"@ram	
"akʷi-biki bewe"@aro	<http://ids.clld.org/values/8-750-272-1>		<http://ids.clld.org/parameters/8-750>		<http://ids.clld.org/values/8-750-293-1>		"ii-kʰə"@ram	
"di"@aro	<http://ids.clld.org/values/5-110-272-1>		<http://ids.clld.org/parameters/5-110>		<http://ids.clld.org/values/5-110-293-3>		"kʰuu"@ram	
"di"@aro	<http://ids.clld.org/values/5-110-272-1>		<http://ids.clld.org/parameters/5-110>		<http://ids.clld.org/values/5-110-293-7>		"pa-"@ram	
"di"@aro	<http://ids.clld.org/values/5-110-272-1>		<http://ids.clld.org/parameters/5-110>		<http://ids.clld.org/values/5-110-293-5>		"kukʰu-"@ram	
"di"@aro	<http://ids.clld.org/values/5-110-272-1>		<http://ids.clld.org/parameters/5-110>		<http://ids.clld.org/values/5-110-293-1>		"-kʰrẽ"@ram	
"eadai"@aro	<http://ids.clld.org/values/4-360-272-1>		<http://ids.clld.org/parameters/4-360>		<http://ids.clld.org/values/4-360-293-1>		"ii-kʰõn"@ram	
"waha"@aro	<http://ids.clld.org/values/5-840-272-1>		<http://ids.clld.org/parameters/5-840>		<http://ids.clld.org/values/5-840-293-1>		"pɛn"@ram	
"bibi"@aro	<http://ids.clld.org/values/5-160-272-1>		<http://ids.clld.org/parameters/5-160>		<http://ids.clld.org/values/5-160-293-1>		"kaho"@ram	
"anaha"@aro	<http://ids.clld.org/values/15-830-272-1>		<http://ids.clld.org/parameters/15-830>		<http://ids.clld.org/values/15-830-293-1>		"mrɔ̃ (?)"@ram	
"ba"@aro	<http://ids.clld.org/values/15-510-272-1>		<http://ids.clld.org/parameters/15-510>		<http://ids.clld.org/values/15-510-293-1>		"-hõm-pu"@ram	
"ba"@aro	<http://ids.clld.org/values/15-510-272-1>		<http://ids.clld.org/parameters/15-510>		<http://ids.clld.org/values/15-510-293-3>		"pu-pun"@ram	
"noc̷a"@aro	<http://ids.clld.org/values/8-510-272-1>		<http://ids.clld.org/parameters/8-510>		<http://ids.clld.org/values/8-510-293-1>		"aʔ-tuu"@ram	
"sipia"@aro	<http://ids.clld.org/values/1-370-272-1>		<http://ids.clld.org/parameters/1-370>		<http://ids.clld.org/values/1-370-293-1>		"kʰwa"@ram	
"tehe"@aro	<http://ids.clld.org/values/8-120-272-3>		<http://ids.clld.org/parameters/8-120>		<http://ids.clld.org/values/8-120-293-1>		"pur"@ram	
"moto"@aro	<http://ids.clld.org/values/4-464-272-3>		<http://ids.clld.org/parameters/4-464>		<http://ids.clld.org/values/4-464-293-1>		"ayɔ"@ram	
"mani"@aro	<http://ids.clld.org/values/4-464-272-1>		<http://ids.clld.org/parameters/4-464>		<http://ids.clld.org/values/4-464-293-1>		"ayɔ"@ram	
"ešoa"@aro	<http://ids.clld.org/values/5-700-272-1>		<http://ids.clld.org/parameters/5-700>		<http://ids.clld.org/values/5-700-293-1>		"yat (yɛt ?)"@ram	
"c̷aha"@aro	<http://ids.clld.org/values/8-540-272-3>		<http://ids.clld.org/parameters/8-540>		<http://ids.clld.org/values/8-540-293-1>		"haare"@ram	
"solo"@aro	<http://ids.clld.org/values/9-343-272-3>		<http://ids.clld.org/parameters/9-343>		<http://ids.clld.org/values/9-343-293-1>		"ŋɛ̃n"@ram	
"walipa-ha"@aro	<http://ids.clld.org/values/5-970-272-3>		<http://ids.clld.org/parameters/5-970>		<http://ids.clld.org/values/5-970-293-1>		"in-krɛ"@ram	
"aleo"@aro	<http://ids.clld.org/values/14-210-272-3>		<http://ids.clld.org/parameters/14-210>		<http://ids.clld.org/values/14-210-293-1>		"kɨt-"@ram	
"tenaikana"@aro	<http://ids.clld.org/values/10-472-272-1>		<http://ids.clld.org/parameters/10-472>		<http://ids.clld.org/values/10-472-293-1>		"pi-"@ram	
"wadi"@aro	<http://ids.clld.org/values/2-360-272-3>		<http://ids.clld.org/parameters/2-360>		<http://ids.clld.org/values/2-360-293-1>		"-nə̃ə̃"@ram	
"dohaena"@aro	<http://ids.clld.org/values/10-610-272-1>		<http://ids.clld.org/parameters/10-610>		<http://ids.clld.org/values/10-610-293-1>		"pə"@ram	
"timo"@aro	<http://ids.clld.org/values/1-840-272-1>		<http://ids.clld.org/parameters/1-840>		<http://ids.clld.org/values/1-840-293-1>		"prɔ"@ram	
"tawi"@aro	<http://ids.clld.org/values/4-610-272-1>		<http://ids.clld.org/parameters/4-610>		<http://ids.clld.org/values/4-610-293-1>		"-ŋõr (ŋɔ̃r ?)"@ram	
"mata"@aro	<http://ids.clld.org/values/13-210-272-3>		<http://ids.clld.org/parameters/13-210>		<http://ids.clld.org/values/13-210-293-1>		"yic̷u"@ram	
"šaha"@aro	<http://ids.clld.org/values/3-750-272-3>		<http://ids.clld.org/parameters/3-750>		<http://ids.clld.org/values/3-750-293-1>		"pɔ"@ram	
"šaha"@aro	<http://ids.clld.org/values/3-750-272-3>		<http://ids.clld.org/parameters/3-750>		<http://ids.clld.org/values/3-750-293-3>		"kaarə"@ram	
"neda"@aro	<http://ids.clld.org/values/16-310-272-3>		<http://ids.clld.org/parameters/16-310>		<http://ids.clld.org/values/16-310-293-1>		"-c̷a-"@ram	
"neda"@aro	<http://ids.clld.org/values/16-310-272-3>		<http://ids.clld.org/parameters/16-310>		<http://ids.clld.org/values/16-310-293-3>		"ha- (?)"@ram	
"apac̷e"@aro	<http://ids.clld.org/values/15-370-272-1>		<http://ids.clld.org/parameters/15-370>		<http://ids.clld.org/values/15-370-293-1>		"-c̷ə-"@ram	
"apac̷e"@aro	<http://ids.clld.org/values/15-370-272-1>		<http://ids.clld.org/parameters/15-370>		<http://ids.clld.org/values/15-370-293-3>		"hə"@ram	
"iɲakʷa"@aro	<http://ids.clld.org/values/3-811-272-1>		<http://ids.clld.org/parameters/3-811>		<http://ids.clld.org/values/3-811-293-1>		"ii-ko"@ram	
"hae"@aro	<http://ids.clld.org/values/3-650-272-1>		<http://ids.clld.org/parameters/3-650>		<http://ids.clld.org/values/3-650-293-3>		"krən-"@ram	
"hae"@aro	<http://ids.clld.org/values/3-650-272-1>		<http://ids.clld.org/parameters/3-650>		<http://ids.clld.org/values/3-650-293-1>		"tɛp"@ram	
"poisa"@aro	<http://ids.clld.org/values/14-150-272-3>		<http://ids.clld.org/parameters/14-150>		<http://ids.clld.org/values/14-150-293-1>		"tũm"@ram	
"-isi"@aro	<http://ids.clld.org/values/16-720-272-1>		<http://ids.clld.org/parameters/16-720>		<http://ids.clld.org/values/16-720-293-1>		"iʔkʰɛn"@ram	
"šili"@aro	<http://ids.clld.org/values/16-720-272-3>		<http://ids.clld.org/parameters/16-720>		<http://ids.clld.org/values/16-720-293-1>		"iʔkʰɛn"@ram	
"šakʷa"@aro	<http://ids.clld.org/values/14-130-272-1>		<http://ids.clld.org/parameters/14-130>		<http://ids.clld.org/values/14-130-293-1>		"-tuwa"@ram	
"tadi"@aro	<http://ids.clld.org/values/2-350-272-3>		<http://ids.clld.org/parameters/2-350>		<http://ids.clld.org/values/2-350-293-1>		"-pãm"@ram	
"tadi"@aro	<http://ids.clld.org/values/2-350-272-3>		<http://ids.clld.org/parameters/2-350>		<http://ids.clld.org/values/2-350-293-3>		"c̷ũ"@ram	
"mi"@aro	<http://ids.clld.org/values/2-920-272-1>		<http://ids.clld.org/parameters/2-920>		<http://ids.clld.org/values/2-920-293-1>		"ka"@ram	
"zeiye"@aro	<http://ids.clld.org/values/13-170-272-3>		<http://ids.clld.org/parameters/13-170>		<http://ids.clld.org/values/13-170-293-1>		"kʰɨɨpe-"@ram	
"e-ami"@aro	<http://ids.clld.org/values/5-610-272-1>		<http://ids.clld.org/parameters/5-610>		<http://ids.clld.org/values/5-610-293-1>		"hĩ"@ram	
"e-ami"@aro	<http://ids.clld.org/values/5-610-272-1>		<http://ids.clld.org/parameters/5-610>		<http://ids.clld.org/values/5-610-293-3>		"yĩ"@ram	
"c̷anati"@aro	<http://ids.clld.org/values/11-310-272-3>		<http://ids.clld.org/parameters/11-310>		<http://ids.clld.org/values/11-310-293-1>		"lɨ̃t"@ram	
"wac̷i"@aro	<http://ids.clld.org/values/4-370-272-1>		<http://ids.clld.org/parameters/4-370>		<http://ids.clld.org/values/4-370-293-1>		"ii-par"@ram	
"amae"@aro	<http://ids.clld.org/values/15-640-272-1>		<http://ids.clld.org/parameters/15-640>		<http://ids.clld.org/values/15-640-293-1>		"hakkʰa"@ram	
"amae"@aro	<http://ids.clld.org/values/15-640-272-1>		<http://ids.clld.org/parameters/15-640>		<http://ids.clld.org/values/15-640-293-3>		"yakʰaa"@ram	
"oc̷o-a"@aro	<http://ids.clld.org/values/1-851-272-3>		<http://ids.clld.org/parameters/1-851>		<http://ids.clld.org/values/1-851-293-1>		"ka-c̷ər"@ram	
"oho"@aro	<http://ids.clld.org/values/2-930-272-7>		<http://ids.clld.org/parameters/2-930>		<http://ids.clld.org/values/2-930-293-1>		"tamə̃"@ram	
"yama"@aro	<http://ids.clld.org/values/2-910-272-3>		<http://ids.clld.org/parameters/2-910>		<http://ids.clld.org/values/2-910-293-3>		"wa"@ram	
"yama"@aro	<http://ids.clld.org/values/2-910-272-3>		<http://ids.clld.org/parameters/2-910>		<http://ids.clld.org/values/2-910-293-1>		"pa"@ram	
"hememe-i"@aro	<http://ids.clld.org/values/4-460-272-3>		<http://ids.clld.org/parameters/4-460>		<http://ids.clld.org/values/4-460-293-1>		"ii-tu"@ram	
"da"@aro	<http://ids.clld.org/values/2-930-272-1>		<http://ids.clld.org/parameters/2-930>		<http://ids.clld.org/values/2-930-293-1>		"tamə̃"@ram	
"holakʷa"@aro	<http://ids.clld.org/values/3-592-272-1>		<http://ids.clld.org/parameters/3-592>		<http://ids.clld.org/values/3-592-293-1>		"krɨy-ti"@ram	
"ahe"@aro	<http://ids.clld.org/values/10-450-272-1>		<http://ids.clld.org/parameters/10-450>		<http://ids.clld.org/values/10-450-293-1>		"mõ"@ram	
"beni"@aro	<http://ids.clld.org/values/1-720-272-1>		<http://ids.clld.org/parameters/1-720>		<http://ids.clld.org/values/1-720-293-1>		"kʰook"@ram	
"e-ana"@aro	<http://ids.clld.org/values/4-260-272-1>		<http://ids.clld.org/parameters/4-260>		<http://ids.clld.org/values/4-260-293-1>		"-yõʔtɔ"@ram	
"akʷi"@aro	<http://ids.clld.org/values/1-420-272-1>		<http://ids.clld.org/parameters/1-420>		<http://ids.clld.org/values/1-420-293-1>		"pĩĩ"@ram	
"izi"@aro	<http://ids.clld.org/values/7-110-272-1>		<http://ids.clld.org/parameters/7-110>		<http://ids.clld.org/values/7-110-293-1>		"kʰrĩ"@ram	
"lao"@aro	<http://ids.clld.org/values/4-580-272-1>		<http://ids.clld.org/parameters/4-580>		<http://ids.clld.org/values/4-580-293-1>		"-ku-c̷a"@ram	
"ahai"@aro	<http://ids.clld.org/values/16-710-272-1>		<http://ids.clld.org/parameters/16-710>		<http://ids.clld.org/values/16-710-293-1>		"-pɛy"@ram	
"hoto"@aro	<http://ids.clld.org/values/3-840-272-1>		<http://ids.clld.org/parameters/3-840>		<http://ids.clld.org/values/3-840-293-1>		"hɔɔc̷ã"@ram	
"talale"@aro	<http://ids.clld.org/values/12-850-272-1>		<http://ids.clld.org/parameters/12-850>		<http://ids.clld.org/values/12-850-293-1>		"kʰrɛ"@ram	
"neti"@aro	<http://ids.clld.org/values/4-740-272-3>		<http://ids.clld.org/parameters/4-740>		<http://ids.clld.org/values/4-740-293-1>		"tĩ"@ram	
"didia"@aro	<http://ids.clld.org/values/5-110-272-3>		<http://ids.clld.org/parameters/5-110>		<http://ids.clld.org/values/5-110-293-3>		"kʰuu"@ram	
"didia"@aro	<http://ids.clld.org/values/5-110-272-3>		<http://ids.clld.org/parameters/5-110>		<http://ids.clld.org/values/5-110-293-7>		"pa-"@ram	
"didia"@aro	<http://ids.clld.org/values/5-110-272-3>		<http://ids.clld.org/parameters/5-110>		<http://ids.clld.org/values/5-110-293-5>		"kukʰu-"@ram	
"didia"@aro	<http://ids.clld.org/values/5-110-272-3>		<http://ids.clld.org/parameters/5-110>		<http://ids.clld.org/values/5-110-293-1>		"-kʰrẽ"@ram	
"peada"@aro	<http://ids.clld.org/values/13-10-272-1>		<http://ids.clld.org/parameters/13-10>		<http://ids.clld.org/values/13-10-293-1>		"pɨc̷it"@ram	
"a-bikʷe"@aro	<http://ids.clld.org/values/15-810-272-1>		<http://ids.clld.org/parameters/15-810>		<http://ids.clld.org/values/15-810-293-1>		"hũũ-tĩ"@ram	
"e-me"@aro	<http://ids.clld.org/values/4-330-272-1>		<http://ids.clld.org/parameters/4-330>		<http://ids.clld.org/values/4-330-293-1>		"hũʔkʰra"@ram	
"batawe"@aro	<http://ids.clld.org/values/12-920-272-1>		<http://ids.clld.org/parameters/12-920>		<http://ids.clld.org/values/12-920-293-1>		"kʰĩ"@ram	
"kʷac̷a"@aro	<http://ids.clld.org/values/4-240-272-1>		<http://ids.clld.org/parameters/4-240>		<http://ids.clld.org/values/4-240-293-1>		"-yarkʰwa"@ram	
