"kʷada"@aro	<http://ids.clld.org/values/2-941-272-1>		<http://ids.clld.org/parameters/2-941>		<http://ids.clld.org/values/2-941-174-1>		"kɨwɨ"@mch	
"'bakʷa"@aro	<http://ids.clld.org/values/2-270-272-1>		<http://ids.clld.org/parameters/2-270>		<http://ids.clld.org/values/2-270-174-1>		"nnedɨ"@mch	
"šoa-iɲa"@aro	<http://ids.clld.org/values/4-140-272-1>		<http://ids.clld.org/parameters/4-140>		<http://ids.clld.org/values/4-140-174-1>		"hū"@mch	
"iše"@aro	<http://ids.clld.org/values/9-210-272-1>		<http://ids.clld.org/parameters/9-210>		<http://ids.clld.org/values/9-210-174-1>		"-aiʔhuka-dɨ"@mch	
"haha-haha"@aro	<http://ids.clld.org/values/12-810-272-3>		<http://ids.clld.org/parameters/12-810>		<http://ids.clld.org/values/12-810-174-1>		"kokkoduhaʔto"@mch	
"wawa"@aro	<http://ids.clld.org/values/2-540-272-1>		<http://ids.clld.org/parameters/2-540>		<http://ids.clld.org/values/2-540-174-1>		"hāse"@mch	
"lepe"@aro	<http://ids.clld.org/values/10-380-272-3>		<http://ids.clld.org/parameters/10-380>		<http://ids.clld.org/values/10-380-174-1>		"yaičumā-dɨ"@mch	
"c̷a-i"@aro	<http://ids.clld.org/values/3-930-272-1>		<http://ids.clld.org/parameters/3-930>		<http://ids.clld.org/values/3-930-174-1>		"kɨdatay"@mch	
"walo-walo"@aro	<http://ids.clld.org/values/5-490-272-1>		<http://ids.clld.org/parameters/5-490>		<http://ids.clld.org/values/5-490-174-1>		"-oima-dɨ"@mch	
"kʷa-ti"@aro	<http://ids.clld.org/values/1-810-272-1>		<http://ids.clld.org/parameters/1-810>		<http://ids.clld.org/values/1-810-174-1>		"wāʔto"@mch	
"e-c̷oi"@aro	<http://ids.clld.org/values/18-110-272-1>		<http://ids.clld.org/parameters/18-110>		<http://ids.clld.org/values/18-110-174-1>		"kəʔtɨnnə"@mch	
"e-tae"@aro	<http://ids.clld.org/values/7-120-272-1>		<http://ids.clld.org/parameters/7-120>		<http://ids.clld.org/values/7-120-174-1>		"mmā"@mch	
"iša"@aro	<http://ids.clld.org/values/14-350-272-3>		<http://ids.clld.org/parameters/14-350>		<http://ids.clld.org/values/14-350-174-1>		"dea"@mch	
"mioso"@aro	<http://ids.clld.org/values/12-370-272-1>		<http://ids.clld.org/parameters/12-370>		<http://ids.clld.org/values/12-370-174-1>		"annai"@mch	
"kʷipac̷io"@aro	<http://ids.clld.org/values/17-650-272-1>		<http://ids.clld.org/parameters/17-650>		<http://ids.clld.org/values/17-650-174-1>		"əičənnāwəkə"@mch	
"a"@aro	<http://ids.clld.org/values/9-110-272-1>		<http://ids.clld.org/parameters/9-110>		<http://ids.clld.org/values/9-110-174-1>		"tɨdɨ̄dɨ"@mch	
"maesa"@aro	<http://ids.clld.org/values/13-0-272-1>		<http://ids.clld.org/parameters/13-0>		<http://ids.clld.org/values/13-0-174-1>		"āʔke"@mch	
"hohe"@aro	<http://ids.clld.org/values/3-570-272-1>		<http://ids.clld.org/parameters/3-570>		<http://ids.clld.org/values/3-570-174-1>		"[hātu]"@mch	
"me"@aro	<http://ids.clld.org/values/9-110-272-5>		<http://ids.clld.org/parameters/9-110>		<http://ids.clld.org/values/9-110-174-1>		"tɨdɨ̄dɨ"@mch	
"madaha"@aro	<http://ids.clld.org/values/4-360-272-3>		<http://ids.clld.org/parameters/4-360>		<http://ids.clld.org/values/4-360-174-1>		"ə̄ʔmu"@mch	
"kʷipa"@aro	<http://ids.clld.org/values/17-640-272-3>		<http://ids.clld.org/parameters/17-640>		<http://ids.clld.org/values/17-640-174-1>		"ākene"@mch	
"dawewe"@aro	<http://ids.clld.org/values/12-20-272-3>		<http://ids.clld.org/parameters/12-20>		<http://ids.clld.org/values/12-20-174-1>		"dɨʔtə"@mch	
"iɲa"@aro	<http://ids.clld.org/values/11-140-272-1>		<http://ids.clld.org/parameters/11-140>		<http://ids.clld.org/values/11-140-174-1>		"-ahəi-"@mch	
"lema"@aro	<http://ids.clld.org/values/9-280-272-3>		<http://ids.clld.org/parameters/9-280>		<http://ids.clld.org/values/9-280-174-1>		"-iši-"@mch	
"ani-c̷oa"@aro	<http://ids.clld.org/values/10-210-272-1>		<http://ids.clld.org/parameters/10-210>		<http://ids.clld.org/values/10-210-174-1>		"w-ənuʔnə"@mch	
"ano"@aro	<http://ids.clld.org/values/2-471-272-1>		<http://ids.clld.org/parameters/2-471>		<http://ids.clld.org/values/2-471-174-1>		"noʔsamoʔkɨ"@mch	
"hapo-i"@aro	<http://ids.clld.org/values/3-920-272-3>		<http://ids.clld.org/parameters/3-920>		<http://ids.clld.org/values/3-920-174-1>		"matūtu"@mch	
"abao"@aro	<http://ids.clld.org/values/12-570-272-1>		<http://ids.clld.org/parameters/12-570>		<http://ids.clld.org/values/12-570-174-1>		"nuwe"@mch	
"aokʷe"@aro	<http://ids.clld.org/values/12-440-272-3>		<http://ids.clld.org/parameters/12-440>		<http://ids.clld.org/values/12-440-174-1>		"amoinče"@mch	
"mozizi-bade"@aro	<http://ids.clld.org/values/1-730-272-3>		<http://ids.clld.org/parameters/1-730>		<http://ids.clld.org/values/1-730-174-1>		"kāʔdutu"@mch	
"akʷi-iɲa"@aro	<http://ids.clld.org/values/8-560-272-1>		<http://ids.clld.org/parameters/8-560>		<http://ids.clld.org/values/8-560-174-1>		"yadɨ"@mch	
"aise"@aro	<http://ids.clld.org/values/17-670-272-3>		<http://ids.clld.org/parameters/17-670>		<http://ids.clld.org/values/17-670-174-1>		"əišə̄no"@mch	
"e-c̷e"@aro	<http://ids.clld.org/values/4-270-272-1>		<http://ids.clld.org/parameters/4-270>		<http://ids.clld.org/values/4-270-174-1>		"dedɨ"@mch	
"ode"@aro	<http://ids.clld.org/values/1-610-272-1>		<http://ids.clld.org/parameters/1-610>		<http://ids.clld.org/values/1-610-174-1>		"šī"@mch	
"aliso"@aro	<http://ids.clld.org/values/16-810-272-3>		<http://ids.clld.org/parameters/16-810>		<http://ids.clld.org/values/16-810-174-1>		"inɲatahe"@mch	
"ami"@aro	<http://ids.clld.org/values/4-150-272-1>		<http://ids.clld.org/parameters/4-150>		<http://ids.clld.org/values/4-150-174-1>		"munu"@mch	
"homa"@aro	<http://ids.clld.org/values/2-930-272-5>		<http://ids.clld.org/parameters/2-930>		<http://ids.clld.org/values/2-930-174-1>		"tɨwɨ"@mch	
"bado"@aro	<http://ids.clld.org/values/9-190-272-1>		<http://ids.clld.org/parameters/9-190>		<http://ids.clld.org/values/9-190-174-1>		"āʔto"@mch	
"waezakʷa"@aro	<http://ids.clld.org/values/2-251-272-1>		<http://ids.clld.org/parameters/2-251>		<http://ids.clld.org/values/2-251-174-1>		"mudēši"@mch	
"da"@aro	<http://ids.clld.org/values/16-710-272-3>		<http://ids.clld.org/parameters/16-710>		<http://ids.clld.org/values/16-710-174-1>		"ašiča"@mch	
"kʷesa"@aro	<http://ids.clld.org/values/4-142-272-1>		<http://ids.clld.org/parameters/4-142>		<http://ids.clld.org/values/4-142-174-1>		"ettəmuho"@mch	
"lewa"@aro	<http://ids.clld.org/values/6-330-272-3>		<http://ids.clld.org/parameters/6-330>		<http://ids.clld.org/values/6-330-174-1>		"tɨʔkaʔhɨdɨ"@mch	
"oc̷e"@aro	<http://ids.clld.org/values/2-490-272-1>		<http://ids.clld.org/parameters/2-490>		<http://ids.clld.org/values/2-490-174-1>		"hādɨ"@mch	
"iɲe"@aro	<http://ids.clld.org/values/6-750-272-1>		<http://ids.clld.org/parameters/6-750>		<http://ids.clld.org/values/6-750-174-1>		"wōʔmo"@mch	
"ahi"@aro	<http://ids.clld.org/values/3-815-272-1>		<http://ids.clld.org/parameters/3-815>		<http://ids.clld.org/values/3-815-174-1>		"mɨnə̄tə"@mch	
"isawa"@aro	<http://ids.clld.org/values/22-350-272-1>		<http://ids.clld.org/parameters/22-350>		<http://ids.clld.org/values/22-350-174-1>		"kahūšawa"@mch	
"haliǰa"@aro	<http://ids.clld.org/values/12-550-272-1>		<http://ids.clld.org/parameters/12-550>		<http://ids.clld.org/values/12-550-174-1>		"nuwe"@mch	
"azeza"@aro	<http://ids.clld.org/values/15-670-272-1>		<http://ids.clld.org/parameters/15-670>		<http://ids.clld.org/values/15-670-174-1>		"šēne"@mch	
"bebakʷa bene"@aro	<http://ids.clld.org/values/12-11-272-1>		<http://ids.clld.org/parameters/12-11>		<http://ids.clld.org/values/12-11-174-1>		"mənse"@mch	
"dodo"@aro	<http://ids.clld.org/values/2-454-272-1>		<http://ids.clld.org/parameters/2-454>		<http://ids.clld.org/values/2-454-174-1>		"yāya"@mch	
"c̷ekʷe tomo-i"@aro	<http://ids.clld.org/values/7-220-272-1>		<http://ids.clld.org/parameters/7-220>		<http://ids.clld.org/values/7-220-174-1>		"mɨnātata"@mch	
"bakʷe hike"@aro	<http://ids.clld.org/values/3-630-272-3>		<http://ids.clld.org/parameters/3-630>		<http://ids.clld.org/values/3-630-174-1>		"asɨ̄kɨ"@mch	
"iše"@aro	<http://ids.clld.org/values/4-760-272-1>		<http://ids.clld.org/parameters/4-760>		<http://ids.clld.org/values/4-760-174-1>		"aminɲaʔkadɨ"@mch	
"kʷala"@aro	<http://ids.clld.org/values/2-360-272-1>		<http://ids.clld.org/parameters/2-360>		<http://ids.clld.org/values/2-360-174-1>		"denɨ"@mch	
"wapehe"@aro	<http://ids.clld.org/values/6-240-272-1>		<http://ids.clld.org/parameters/6-240>		<http://ids.clld.org/values/6-240-174-1>		"wadēkū"@mch	
"tedi"@aro	<http://ids.clld.org/values/9-343-272-1>		<http://ids.clld.org/parameters/9-343>		<http://ids.clld.org/values/9-343-174-1>		"eʔkukā-dɨ"@mch	
"pisa"@aro	<http://ids.clld.org/values/20-620-272-3>		<http://ids.clld.org/parameters/20-620>		<http://ids.clld.org/values/20-620-174-1>		"t-ɨwə̄-dɨ"@mch	
"ebeiye"@aro	<http://ids.clld.org/values/12-353-272-1>		<http://ids.clld.org/parameters/12-353>		<http://ids.clld.org/values/12-353-174-1>		"čəʔhiyu"@mch	
"mi-ǰa-ha"@aro	<http://ids.clld.org/values/2-920-272-5>		<http://ids.clld.org/parameters/2-920>		<http://ids.clld.org/values/2-920-174-1>		"əmədə"@mch	
"ašoda"@aro	<http://ids.clld.org/values/15-850-272-3>		<http://ids.clld.org/parameters/15-850>		<http://ids.clld.org/values/15-850-174-1>		"taʔne"@mch	
"c̷ekʷe"@aro	<http://ids.clld.org/values/7-150-272-1>		<http://ids.clld.org/parameters/7-150>		<http://ids.clld.org/values/7-150-174-1>		"hɨdōdo"@mch	
"eowi"@aro	<http://ids.clld.org/values/1-310-272-3>		<http://ids.clld.org/parameters/1-310>		<http://ids.clld.org/values/1-310-174-1>		"tuna"@mch	
"ba-mewe"@aro	<http://ids.clld.org/values/17-170-272-3>		<http://ids.clld.org/parameters/17-170>		<http://ids.clld.org/values/17-170-174-1>		"t-owanəkə t-ɨdɨ-dɨ"@mch	
"ba'kʷa"@aro	<http://ids.clld.org/values/3-850-272-1>		<http://ids.clld.org/parameters/3-850>		<http://ids.clld.org/values/3-850-174-1>		"əkə̄yu"@mch	
"po"@aro	<http://ids.clld.org/values/10-470-272-1>		<http://ids.clld.org/parameters/10-470>		<http://ids.clld.org/values/10-470-174-1>		"wɨʔtə̄-nə"@mch	
"šoatai"@aro	<http://ids.clld.org/values/3-586-272-3>		<http://ids.clld.org/parameters/3-586>		<http://ids.clld.org/values/3-586-174-1>		"kudūmu"@mch	
"po-haena"@aro	<http://ids.clld.org/values/10-474-272-1>		<http://ids.clld.org/parameters/10-474>		<http://ids.clld.org/values/10-474-174-1>		"w-ehaʔka-nə"@mch	
"a-c̷ikʷi-c̷ikʷi"@aro	<http://ids.clld.org/values/15-890-272-1>		<http://ids.clld.org/parameters/15-890>		<http://ids.clld.org/values/15-890-174-1>		"deyude"@mch	
"pena-pena"@aro	<http://ids.clld.org/values/15-750-272-1>		<http://ids.clld.org/parameters/15-750>		<http://ids.clld.org/values/15-750-174-1>		"tɨwansuʔde"@mch	
"apoakata"@aro	<http://ids.clld.org/values/4-860-272-1>		<http://ids.clld.org/parameters/4-860>		<http://ids.clld.org/values/4-860-174-1>		"adonkadɨ"@mch	
"todi"@aro	<http://ids.clld.org/values/2-410-272-3>		<http://ids.clld.org/parameters/2-410>		<http://ids.clld.org/values/2-410-174-1>		"nnedɨ"@mch	
"sapa"@aro	<http://ids.clld.org/values/5-210-272-3>		<http://ids.clld.org/parameters/5-210>		<http://ids.clld.org/values/5-210-174-1>		"-aʔnə"@mch	
"ai-kana"@aro	<http://ids.clld.org/values/11-180-272-1>		<http://ids.clld.org/parameters/11-180>		<http://ids.clld.org/values/11-180-174-1>		"k-ɨnnɨdɨʔ-komo"@mch	
"bakʷa"@aro	<http://ids.clld.org/values/2-420-272-3>		<http://ids.clld.org/parameters/2-420>		<http://ids.clld.org/values/2-420-174-1>		"nnedɨ"@mch	
"kimiša"@aro	<http://ids.clld.org/values/13-30-272-1>		<http://ids.clld.org/parameters/13-30>		<http://ids.clld.org/values/13-30-174-1>		"aduwawə"@mch	
"eiye"@aro	<http://ids.clld.org/values/1-410-272-1>		<http://ids.clld.org/parameters/1-410>		<http://ids.clld.org/values/1-410-174-1>		"čūta"@mch	
"poeti"@aro	<http://ids.clld.org/values/14-270-272-3>		<http://ids.clld.org/parameters/14-270>		<http://ids.clld.org/values/14-270-174-1>		"w-əʔka-nə"@mch	
"c̷io"@aro	<http://ids.clld.org/values/17-650-272-5>		<http://ids.clld.org/parameters/17-650>		<http://ids.clld.org/values/17-650-174-1>		"əičənnāwəkə"@mch	
"ma"@aro	<http://ids.clld.org/values/17-560-272-1>		<http://ids.clld.org/parameters/17-560>		<http://ids.clld.org/values/17-560-174-1>		"mmʔhm"@mch	
"bakʷe-dea"@aro	<http://ids.clld.org/values/2-410-272-1>		<http://ids.clld.org/parameters/2-410>		<http://ids.clld.org/values/2-410-174-1>		"nnedɨ"@mch	
"šopili"@aro	<http://ids.clld.org/values/6-360-272-1>		<http://ids.clld.org/parameters/6-360>		<http://ids.clld.org/values/6-360-174-1>		"makūsa"@mch	
"silo"@aro	<http://ids.clld.org/values/5-460-272-1>		<http://ids.clld.org/parameters/5-460>		<http://ids.clld.org/values/5-460-174-1>		"-iʔša-"@mch	
"ihi"@aro	<http://ids.clld.org/values/9-160-272-1>		<http://ids.clld.org/parameters/9-160>		<http://ids.clld.org/values/9-160-174-1>		"imɨdɨ"@mch	
"hapoc̷o"@aro	<http://ids.clld.org/values/17-690-272-3>		<http://ids.clld.org/parameters/17-690>		<http://ids.clld.org/values/17-690-174-1>		"ākene yeihəkə"@mch	
"mala"@aro	<http://ids.clld.org/values/14-730-272-1>		<http://ids.clld.org/parameters/14-730>		<http://ids.clld.org/values/14-730-174-1>		"wedɨ"@mch	
"me-tezi"@aro	<http://ids.clld.org/values/4-344-272-1>		<http://ids.clld.org/parameters/4-344>		<http://ids.clld.org/values/4-344-174-1>		"əmmi"@mch	
"hehe"@aro	<http://ids.clld.org/values/18-410-272-3>		<http://ids.clld.org/parameters/18-410>		<http://ids.clld.org/values/18-410-174-1>		"aʔdewhaʔdɨ"@mch	
"kʷaebaha"@aro	<http://ids.clld.org/values/11-810-272-1>		<http://ids.clld.org/parameters/11-810>		<http://ids.clld.org/values/11-810-174-1>		"ehēma-dɨ"@mch	
"pene"@aro	<http://ids.clld.org/values/7-270-272-1>		<http://ids.clld.org/parameters/7-270>		<http://ids.clld.org/values/7-270-174-1>		"həʔhudu"@mch	
"po-"@aro	<http://ids.clld.org/values/9-110-272-7>		<http://ids.clld.org/parameters/9-110>		<http://ids.clld.org/values/9-110-174-1>		"tɨdɨ̄dɨ"@mch	
"a-ato"@aro	<http://ids.clld.org/values/12-310-272-1>		<http://ids.clld.org/parameters/12-310>		<http://ids.clld.org/values/12-310-174-1>		"kawə"@mch	
"kʷene-"@aro	<http://ids.clld.org/values/12-40-272-1>		<http://ids.clld.org/parameters/12-40>		<http://ids.clld.org/values/12-40-174-1>		"owāho"@mch	
"kʷene-"@aro	<http://ids.clld.org/values/12-40-272-1>		<http://ids.clld.org/parameters/12-40>		<http://ids.clld.org/values/12-40-174-3>		"awaʔde"@mch	
"pisa"@aro	<http://ids.clld.org/values/20-610-272-3>		<http://ids.clld.org/parameters/20-610>		<http://ids.clld.org/values/20-610-174-1>		"emanɲuhɨdɨ"@mch	
"hada"@aro	<http://ids.clld.org/values/17-610-272-5>		<http://ids.clld.org/parameters/17-610>		<http://ids.clld.org/values/17-610-174-1>		"ākene"@mch	
"mezizo"@aro	<http://ids.clld.org/values/1-215-272-1>		<http://ids.clld.org/parameters/1-215>		<http://ids.clld.org/values/1-215-174-1>		"sāʔdaʔda"@mch	
"waoti"@aro	<http://ids.clld.org/values/10-350-272-1>		<http://ids.clld.org/parameters/10-350>		<http://ids.clld.org/values/10-350-174-1>		"tɨwəʔhiyɨ"@mch	
"e-kʷiča-kana"@aro	<http://ids.clld.org/values/19-210-272-1>		<http://ids.clld.org/parameters/19-210>		<http://ids.clld.org/values/19-210-174-1>		"weiʔčɨ"@mch	
"kʷenewana"@aro	<http://ids.clld.org/values/19-650-272-1>		<http://ids.clld.org/parameters/19-650>		<http://ids.clld.org/values/19-650-174-1>		"edantə-dɨ"@mch	
"batadao"@aro	<http://ids.clld.org/values/12-20-272-7>		<http://ids.clld.org/parameters/12-20>		<http://ids.clld.org/values/12-20-174-1>		"dɨʔtə"@mch	
"ema"@aro	<http://ids.clld.org/values/2-910-272-1>		<http://ids.clld.org/parameters/2-910>		<http://ids.clld.org/values/2-910-174-1>		"ɨwɨ"@mch	
"sihi"@aro	<http://ids.clld.org/values/11-210-272-3>		<http://ids.clld.org/parameters/11-210>		<http://ids.clld.org/values/11-210-174-1>		"utūdu"@mch	
"a-poko-poko"@aro	<http://ids.clld.org/values/12-590-272-1>		<http://ids.clld.org/parameters/12-590>		<http://ids.clld.org/values/12-590-174-1>		"tawedato"@mch	
"hamani"@aro	<http://ids.clld.org/values/3-586-272-1>		<http://ids.clld.org/parameters/3-586>		<http://ids.clld.org/values/3-586-174-1>		"kudūmu"@mch	
"ali"@aro	<http://ids.clld.org/values/4-910-272-1>		<http://ids.clld.org/parameters/4-910>		<http://ids.clld.org/values/4-910-174-1>		"tɨkinča"@mch	
"haha"@aro	<http://ids.clld.org/values/8-311-272-1>		<http://ids.clld.org/parameters/8-311>		<http://ids.clld.org/values/8-311-174-1>		"čə̄huʔhə"@mch	
"[fosforo]"@aro	<http://ids.clld.org/values/1-870-272-1>		<http://ids.clld.org/parameters/1-870>		<http://ids.clld.org/values/1-870-174-1>		"tɨsočāmɨ"@mch	
"-c̷ane"@aro	<http://ids.clld.org/values/14-250-272-1>		<http://ids.clld.org/parameters/14-250>		<http://ids.clld.org/values/14-250-174-1>		"ahəntədɨ"@mch	
"dizi"@aro	<http://ids.clld.org/values/10-720-272-1>		<http://ids.clld.org/parameters/10-720>		<http://ids.clld.org/values/10-720-174-1>		"ə̄ma"@mch	
"apamo"@aro	<http://ids.clld.org/values/13-150-272-1>		<http://ids.clld.org/parameters/13-150>		<http://ids.clld.org/values/13-150-174-1>		"hōhe"@mch	
"tipao"@aro	<http://ids.clld.org/values/12-340-272-3>		<http://ids.clld.org/parameters/12-340>		<http://ids.clld.org/values/12-340-174-1>		"nwaʔkəi"@mch	
"ho-towaha"@aro	<http://ids.clld.org/values/5-260-272-1>		<http://ids.clld.org/parameters/5-260>		<http://ids.clld.org/values/5-260-174-1>		"ədinɲə"@mch	
"baha"@aro	<http://ids.clld.org/values/9-250-272-1>		<http://ids.clld.org/parameters/9-250>		<http://ids.clld.org/values/9-250-174-1>		"wɨ̄wɨ"@mch	
"tolo"@aro	<http://ids.clld.org/values/2-250-272-3>		<http://ids.clld.org/parameters/2-250>		<http://ids.clld.org/values/2-250-174-1>		"mudekə̄kə"@mch	
"asawa"@aro	<http://ids.clld.org/values/4-910-272-3>		<http://ids.clld.org/parameters/4-910>		<http://ids.clld.org/values/4-910-174-1>		"tɨkinča"@mch	
"iwa"@aro	<http://ids.clld.org/values/18-410-272-1>		<http://ids.clld.org/parameters/18-410>		<http://ids.clld.org/values/18-410-174-1>		"aʔdewhaʔdɨ"@mch	
"e-c̷oa"@aro	<http://ids.clld.org/values/4-160-272-1>		<http://ids.clld.org/parameters/4-160>		<http://ids.clld.org/values/4-160-174-1>		"yēʔhə"@mch	
"mawe-anai"@aro	<http://ids.clld.org/values/10-330-272-3>		<http://ids.clld.org/parameters/10-330>		<http://ids.clld.org/values/10-330-174-1>		"yehuʔkwai"@mch	
"hai-ǰa"@aro	<http://ids.clld.org/values/4-830-272-5>		<http://ids.clld.org/parameters/4-830>		<http://ids.clld.org/values/4-830-174-1>		"tadəinɲe"@mch	
"-dada"@aro	<http://ids.clld.org/values/12-10-272-1>		<http://ids.clld.org/parameters/12-10>		<http://ids.clld.org/values/12-10-174-1>		"yə̄ʔhəhe"@mch	
"toma"@aro	<http://ids.clld.org/values/16-620-272-3>		<http://ids.clld.org/parameters/16-620>		<http://ids.clld.org/values/16-620-174-1>		"hyumma-dɨ"@mch	
"dobe-a"@aro	<http://ids.clld.org/values/10-620-272-3>		<http://ids.clld.org/parameters/10-620>		<http://ids.clld.org/values/10-620-174-1>		"-enehɨ"@mch	
"boso"@aro	<http://ids.clld.org/values/15-880-272-3>		<http://ids.clld.org/parameters/15-880>		<http://ids.clld.org/values/15-880-174-1>		"nossahe"@mch	
"oši"@aro	<http://ids.clld.org/values/8-941-272-1>		<http://ids.clld.org/parameters/8-941>		<http://ids.clld.org/values/8-941-174-1>		"əšīčādɨ"@mch	
"peati"@aro	<http://ids.clld.org/values/12-930-272-3>		<http://ids.clld.org/parameters/12-930>		<http://ids.clld.org/values/12-930-174-1>		"w-ekamhiaka-nə"@mch	
"tiǰada"@aro	<http://ids.clld.org/values/4-350-272-1>		<http://ids.clld.org/parameters/4-350>		<http://ids.clld.org/values/4-350-174-1>		"hētɨ"@mch	
"c̷opolo"@aro	<http://ids.clld.org/values/4-853-272-3>		<http://ids.clld.org/parameters/4-853>		<http://ids.clld.org/values/4-853-174-1>		"awonɲəʔkādɨ"@mch	
"mimi"@aro	<http://ids.clld.org/values/18-210-272-1>		<http://ids.clld.org/parameters/18-210>		<http://ids.clld.org/values/18-210-174-1>		"w-aʔdew-nə"@mch	
"beta"@aro	<http://ids.clld.org/values/13-170-272-1>		<http://ids.clld.org/parameters/13-170>		<http://ids.clld.org/values/13-170-174-1>		"ākəʔkə"@mch	
"a-ašo"@aro	<http://ids.clld.org/values/15-850-272-1>		<http://ids.clld.org/parameters/15-850>		<http://ids.clld.org/values/15-850-174-1>		"taʔne"@mch	
"wai"@aro	<http://ids.clld.org/values/3-594-272-1>		<http://ids.clld.org/parameters/3-594>		<http://ids.clld.org/values/3-594-174-1>		"hadūma"@mch	
"lae"@aro	<http://ids.clld.org/values/9-260-272-1>		<http://ids.clld.org/parameters/9-260>		<http://ids.clld.org/values/9-260-174-1>		"-išiča-dɨ"@mch	
"lokʷa"@aro	<http://ids.clld.org/values/9-360-272-1>		<http://ids.clld.org/parameters/9-360>		<http://ids.clld.org/values/9-360-174-1>		"-ičoʔka-dɨ"@mch	
"hode"@aro	<http://ids.clld.org/values/19-160-272-1>		<http://ids.clld.org/parameters/19-160>		<http://ids.clld.org/values/19-160-174-1>		"haʔta"@mch	
"mano"@aro	<http://ids.clld.org/values/4-750-272-1>		<http://ids.clld.org/parameters/4-750>		<http://ids.clld.org/values/4-750-174-1>		"-əma-"@mch	
"dea"@aro	<http://ids.clld.org/values/2-210-272-1>		<http://ids.clld.org/parameters/2-210>		<http://ids.clld.org/values/2-210-174-1>		"danwa"@mch	
"c̷oto"@aro	<http://ids.clld.org/values/5-125-272-5>		<http://ids.clld.org/parameters/5-125>		<http://ids.clld.org/values/5-125-174-1>		"čə̄tāhə"@mch	
"c̷edapo"@aro	<http://ids.clld.org/values/2-100-272-3>		<http://ids.clld.org/parameters/2-100>		<http://ids.clld.org/values/2-100-174-1>		"ssoto"@mch	
"kʷekʷe"@aro	<http://ids.clld.org/values/4-250-272-1>		<http://ids.clld.org/parameters/4-250>		<http://ids.clld.org/values/4-250-174-1>		"ə̄ʔhi"@mch	
"hoho"@aro	<http://ids.clld.org/values/2-230-272-3>		<http://ids.clld.org/parameters/2-230>		<http://ids.clld.org/values/2-230-174-1>		"danwa"@mch	
"lasa-lasa"@aro	<http://ids.clld.org/values/12-650-272-1>		<http://ids.clld.org/parameters/12-650>		<http://ids.clld.org/values/12-650-174-1>		"sāʔtahe"@mch	
"ano-bololo"@aro	<http://ids.clld.org/values/3-950-272-1>		<http://ids.clld.org/parameters/3-950>		<http://ids.clld.org/values/3-950-174-1>		"kɨʔto"@mch	
"mosoho"@aro	<http://ids.clld.org/values/4-440-272-1>		<http://ids.clld.org/parameters/4-440>		<http://ids.clld.org/values/4-440-174-1>		"yēwanɨ"@mch	
"e-kʷiča"@aro	<http://ids.clld.org/values/2-100-272-1>		<http://ids.clld.org/parameters/2-100>		<http://ids.clld.org/values/2-100-174-1>		"ssoto"@mch	
"eta"@aro	<http://ids.clld.org/values/4-350-272-3>		<http://ids.clld.org/parameters/4-350>		<http://ids.clld.org/values/4-350-174-1>		"hētɨ"@mch	
"kʷa-ti"@aro	<http://ids.clld.org/values/1-880-272-1>		<http://ids.clld.org/parameters/1-880>		<http://ids.clld.org/values/1-880-174-1>		"-keme-dɨ"@mch	
"bele"@aro	<http://ids.clld.org/values/9-370-272-1>		<http://ids.clld.org/parameters/9-370>		<http://ids.clld.org/values/9-370-174-1>		"šēmeka-dɨ"@mch	
"oto"@aro	<http://ids.clld.org/values/4-530-272-1>		<http://ids.clld.org/parameters/4-530>		<http://ids.clld.org/values/4-530-174-1>		"təinšiʔho"@mch	
"bakʷeo"@aro	<http://ids.clld.org/values/12-80-272-1>		<http://ids.clld.org/parameters/12-80>		<http://ids.clld.org/values/12-80-174-1>		"kawə̄"@mch	
"bade-a"@aro	<http://ids.clld.org/values/9-341-272-1>		<http://ids.clld.org/parameters/9-341>		<http://ids.clld.org/values/9-341-174-1>		"-ewaʔtə-dɨ"@mch	
"pia"@aro	<http://ids.clld.org/values/20-250-272-1>		<http://ids.clld.org/parameters/20-250>		<http://ids.clld.org/values/20-250-174-1>		"šimāda"@mch	
"hana"@aro	<http://ids.clld.org/values/5-120-272-1>		<http://ids.clld.org/parameters/5-120>		<http://ids.clld.org/values/5-120-174-1>		"mudūkuku"@mch	
"šowaene"@aro	<http://ids.clld.org/values/11-810-272-3>		<http://ids.clld.org/parameters/11-810>		<http://ids.clld.org/values/11-810-174-1>		"ehēma-dɨ"@mch	
"ašolili"@aro	<http://ids.clld.org/values/15-570-272-1>		<http://ids.clld.org/parameters/15-570>		<http://ids.clld.org/values/15-570-174-1>		"taʔwane"@mch	
"abizi"@aro	<http://ids.clld.org/values/16-230-272-1>		<http://ids.clld.org/parameters/16-230>		<http://ids.clld.org/values/16-230-174-1>		"takwanɲe"@mch	
"likʷi"@aro	<http://ids.clld.org/values/6-350-272-1>		<http://ids.clld.org/parameters/6-350>		<http://ids.clld.org/values/6-350-174-1>		"šōka-dɨ"@mch	
"kʷiwio"@aro	<http://ids.clld.org/values/12-620-272-1>		<http://ids.clld.org/parameters/12-620>		<http://ids.clld.org/values/12-620-174-3>		"anwakɨme"@mch	
"kʷiwio"@aro	<http://ids.clld.org/values/12-620-272-1>		<http://ids.clld.org/parameters/12-620>		<http://ids.clld.org/values/12-620-174-1>		"danwadɨ"@mch	
"-lipi"@aro	<http://ids.clld.org/values/16-270-272-3>		<http://ids.clld.org/parameters/16-270>		<http://ids.clld.org/values/16-270-174-1>		"hyumma-dɨ"@mch	
"mama"@aro	<http://ids.clld.org/values/2-220-272-3>		<http://ids.clld.org/parameters/2-220>		<http://ids.clld.org/values/2-220-174-1>		"wodi"@mch	
"zeti"@aro	<http://ids.clld.org/values/1-520-272-1>		<http://ids.clld.org/parameters/1-520>		<http://ids.clld.org/values/1-520-174-1>		"šī"@mch	
"dipanoši"@aro	<http://ids.clld.org/values/16-670-272-1>		<http://ids.clld.org/parameters/16-670>		<http://ids.clld.org/values/16-670-174-1>		"-enkutə-"@mch	
"hododo"@aro	<http://ids.clld.org/values/10-460-272-1>		<http://ids.clld.org/parameters/10-460>		<http://ids.clld.org/values/10-460-174-1>		"w-ekaʔtɨn-nə"@mch	
"maedada"@aro	<http://ids.clld.org/values/4-205-272-1>		<http://ids.clld.org/parameters/4-205>		<http://ids.clld.org/values/4-205-174-1>		"heʔkay"@mch	
"mahana"@aro	<http://ids.clld.org/values/1-440-272-1>		<http://ids.clld.org/parameters/1-440>		<http://ids.clld.org/values/1-440-174-1>		"təʔhu"@mch	
"mama-zao"@aro	<http://ids.clld.org/values/2-445-272-1>		<http://ids.clld.org/parameters/2-445>		<http://ids.clld.org/values/2-445-174-1>		"šīʔčɨ"@mch	
"c̷edo"@aro	<http://ids.clld.org/values/4-400-272-3>		<http://ids.clld.org/parameters/4-400>		<http://ids.clld.org/values/4-400-174-1>		"dōʔta"@mch	
"a-sawa-lili"@aro	<http://ids.clld.org/values/15-680-272-3>		<http://ids.clld.org/parameters/15-680>		<http://ids.clld.org/values/15-680-174-1>		"šēne"@mch	
"nio"@aro	<http://ids.clld.org/values/3-610-272-1>		<http://ids.clld.org/parameters/3-610>		<http://ids.clld.org/values/3-610-174-1>		"sɨ̄ʔna"@mch	
"c̷aiya"@aro	<http://ids.clld.org/values/18-130-272-3>		<http://ids.clld.org/parameters/18-130>		<http://ids.clld.org/values/18-130-174-1>		"kəʔtɨn-nə"@mch	
"baba-šodi"@aro	<http://ids.clld.org/values/2-460-272-1>		<http://ids.clld.org/parameters/2-460>		<http://ids.clld.org/values/2-460-174-1>		"kōko"@mch	
"pic̷oe"@aro	<http://ids.clld.org/values/20-240-272-1>		<http://ids.clld.org/parameters/20-240>		<http://ids.clld.org/values/20-240-174-1>		"šimāda ehɨ̄dɨ"@mch	
"babataso"@aro	<http://ids.clld.org/values/12-320-272-1>		<http://ids.clld.org/parameters/12-320>		<http://ids.clld.org/values/12-320-174-1>		"nonohoʔčə"@mch	
"šipa"@aro	<http://ids.clld.org/values/12-20-272-11>		<http://ids.clld.org/parameters/12-20>		<http://ids.clld.org/values/12-20-174-1>		"dɨʔtə"@mch	
"wodoho"@aro	<http://ids.clld.org/values/3-594-272-3>		<http://ids.clld.org/parameters/3-594>		<http://ids.clld.org/values/3-594-174-1>		"hadūma"@mch	
"e-c̷ei"@aro	<http://ids.clld.org/values/5-791-272-1>		<http://ids.clld.org/parameters/5-791>		<http://ids.clld.org/values/5-791-174-1>		"kātɨ"@mch	
"lae"@aro	<http://ids.clld.org/values/9-221-272-3>		<http://ids.clld.org/parameters/9-221>		<http://ids.clld.org/values/9-221-174-1>		"čūhiya-dɨ"@mch	
"lae"@aro	<http://ids.clld.org/values/9-221-272-3>		<http://ids.clld.org/parameters/9-221>		<http://ids.clld.org/values/9-221-174-3>		"yaʔka-dɨ"@mch	
"semihi"@aro	<http://ids.clld.org/values/15-750-272-3>		<http://ids.clld.org/parameters/15-750>		<http://ids.clld.org/values/15-750-174-1>		"tɨwansuʔde"@mch	
"tawi-ba"@aro	<http://ids.clld.org/values/4-620-272-1>		<http://ids.clld.org/parameters/4-620>		<http://ids.clld.org/values/4-620-174-1>		"wənētɨnə"@mch	
"aboa"@aro	<http://ids.clld.org/values/15-860-272-1>		<http://ids.clld.org/parameters/15-860>		<http://ids.clld.org/values/15-860-174-1>		"kəmme"@mch	
"c̷opawa"@aro	<http://ids.clld.org/values/19-650-272-3>		<http://ids.clld.org/parameters/19-650>		<http://ids.clld.org/values/19-650-174-1>		"edantə-dɨ"@mch	
"kanawa"@aro	<http://ids.clld.org/values/10-831-272-1>		<http://ids.clld.org/parameters/10-831>		<http://ids.clld.org/values/10-831-174-1>		"[kanowa]"@mch	
"c̷eiɲeba"@aro	<http://ids.clld.org/values/4-740-272-5>		<http://ids.clld.org/parameters/4-740>		<http://ids.clld.org/values/4-740-174-1>		"wenɲə"@mch	
"azaha"@aro	<http://ids.clld.org/values/15-840-272-1>		<http://ids.clld.org/parameters/15-840>		<http://ids.clld.org/values/15-840-174-1>		"ssedēhe"@mch	
"hodo"@aro	<http://ids.clld.org/values/1-830-272-1>		<http://ids.clld.org/parameters/1-830>		<http://ids.clld.org/values/1-830-174-1>		"widīnčə"@mch	
"e-na"@aro	<http://ids.clld.org/values/1-310-272-1>		<http://ids.clld.org/parameters/1-310>		<http://ids.clld.org/values/1-310-174-1>		"tuna"@mch	
"eha"@aro	<http://ids.clld.org/values/5-970-272-1>		<http://ids.clld.org/parameters/5-970>		<http://ids.clld.org/values/5-970-174-1>		"iʔmoi"@mch	
"hebe"@aro	<http://ids.clld.org/values/15-210-272-1>		<http://ids.clld.org/parameters/15-210>		<http://ids.clld.org/values/15-210-174-1>		"hyoʔhōdɨ"@mch	
"iša"@aro	<http://ids.clld.org/values/12-120-272-1>		<http://ids.clld.org/parameters/12-120>		<http://ids.clld.org/values/12-120-174-1>		"enɨ̄ta"@mch	
"iša"@aro	<http://ids.clld.org/values/12-120-272-1>		<http://ids.clld.org/parameters/12-120>		<http://ids.clld.org/values/12-120-174-3>		"-ehuʔta-"@mch	
"a-sewe"@aro	<http://ids.clld.org/values/15-630-272-3>		<http://ids.clld.org/parameters/15-630>		<http://ids.clld.org/values/15-630-174-1>		"tɨhe"@mch	
"habatime"@aro	<http://ids.clld.org/values/17-150-272-3>		<http://ids.clld.org/parameters/17-150>		<http://ids.clld.org/values/17-150-174-1>		"-ekanɨhɨ-dɨ"@mch	
"[kʷišilo]"@aro	<http://ids.clld.org/values/9-230-272-1>		<http://ids.clld.org/parameters/9-230>		<http://ids.clld.org/values/9-230-174-1>		"kɨmɨʔkə"@mch	
"tipao"@aro	<http://ids.clld.org/values/12-30-272-1>		<http://ids.clld.org/parameters/12-30>		<http://ids.clld.org/values/12-30-174-1>		"doʔnə"@mch	
"abiča"@aro	<http://ids.clld.org/values/15-350-272-1>		<http://ids.clld.org/parameters/15-350>		<http://ids.clld.org/values/15-350-174-1>		"kādo"@mch	
"e-awe"@aro	<http://ids.clld.org/values/2-310-272-1>		<http://ids.clld.org/parameters/2-310>		<http://ids.clld.org/values/2-310-174-1>		"-ɲno"@mch	
"aiyaha"@aro	<http://ids.clld.org/values/17-680-272-3>		<http://ids.clld.org/parameters/17-680>		<http://ids.clld.org/values/17-680-174-1>		"ənə̄kɨ"@mch	
"lalo"@aro	<http://ids.clld.org/values/8-410-272-1>		<http://ids.clld.org/parameters/8-410>		<http://ids.clld.org/values/8-410-174-1>		"inɲatɨʔtə̄dɨ"@mch	
"anizomawe"@aro	<http://ids.clld.org/values/4-820-272-1>		<http://ids.clld.org/parameters/4-820>		<http://ids.clld.org/values/4-820-174-1>		"āʔkedēto"@mch	
"pawi-pawi"@aro	<http://ids.clld.org/values/3-592-272-3>		<http://ids.clld.org/parameters/3-592>		<http://ids.clld.org/values/3-592-174-1>		"[dodo]"@mch	
"biki"@aro	<http://ids.clld.org/values/4-120-272-1>		<http://ids.clld.org/parameters/4-120>		<http://ids.clld.org/values/4-120-174-1>		"hiʔhə"@mch	
"kʷade"@aro	<http://ids.clld.org/values/10-530-272-1>		<http://ids.clld.org/parameters/10-530>		<http://ids.clld.org/values/10-530-174-1>		"-aheʔka-dɨ"@mch	
"ǰa-iša"@aro	<http://ids.clld.org/values/14-350-272-1>		<http://ids.clld.org/parameters/14-350>		<http://ids.clld.org/values/14-350-174-1>		"dea"@mch	
"akʷi"@aro	<http://ids.clld.org/values/8-600-272-1>		<http://ids.clld.org/parameters/8-600>		<http://ids.clld.org/values/8-600-174-1>		"dē"@mch	
"lao"@aro	<http://ids.clld.org/values/9-280-272-5>		<http://ids.clld.org/parameters/9-280>		<http://ids.clld.org/values/9-280-174-1>		"-iši-"@mch	
"c̷o"@aro	<http://ids.clld.org/values/11-320-272-1>		<http://ids.clld.org/parameters/11-320>		<http://ids.clld.org/values/11-320-174-1>		"edantə-dɨ"@mch	
"ebe-"@aro	<http://ids.clld.org/values/4-300-272-3>		<http://ids.clld.org/parameters/4-300>		<http://ids.clld.org/values/4-300-174-1>		"nkawə"@mch	
"dipawe"@aro	<http://ids.clld.org/values/17-550-272-1>		<http://ids.clld.org/parameters/17-550>		<http://ids.clld.org/values/17-550-174-3>		"mmhm"@mch	
"dipawe"@aro	<http://ids.clld.org/values/17-550-272-1>		<http://ids.clld.org/parameters/17-550>		<http://ids.clld.org/values/17-550-174-1>		"ʔeee"@mch	
"boni"@aro	<http://ids.clld.org/values/3-581-272-1>		<http://ids.clld.org/parameters/3-581>		<http://ids.clld.org/values/3-581-174-1>		"hawi"@mch	
"kʷae"@aro	<http://ids.clld.org/values/15-550-272-1>		<http://ids.clld.org/parameters/15-550>		<http://ids.clld.org/values/15-550-174-1>		"eneho-dɨ"@mch	
"izibati"@aro	<http://ids.clld.org/values/16-250-272-1>		<http://ids.clld.org/parameters/16-250>		<http://ids.clld.org/values/16-250-174-1>		"waʔsenɲo"@mch	
"okʷeda"@aro	<http://ids.clld.org/values/12-440-272-1>		<http://ids.clld.org/parameters/12-440>		<http://ids.clld.org/values/12-440-174-1>		"amoinče"@mch	
"baepa"@aro	<http://ids.clld.org/values/1-510-272-1>		<http://ids.clld.org/parameters/1-510>		<http://ids.clld.org/values/1-510-174-1>		"kahu"@mch	
"c̷ena"@aro	<http://ids.clld.org/values/3-840-272-3>		<http://ids.clld.org/parameters/3-840>		<http://ids.clld.org/values/3-840-174-1>		"motto"@mch	
"zoto selena"@aro	<http://ids.clld.org/values/3-720-272-1>		<http://ids.clld.org/parameters/3-720>		<http://ids.clld.org/values/3-720-174-1>		"kawadīmə"@mch	
"lala"@aro	<http://ids.clld.org/values/1-280-272-3>		<http://ids.clld.org/parameters/1-280>		<http://ids.clld.org/values/1-280-174-1>		"ewɨ̄tɨ"@mch	
"lopo"@aro	<http://ids.clld.org/values/12-560-272-1>		<http://ids.clld.org/parameters/12-560>		<http://ids.clld.org/values/12-560-174-1>		"šeʔkə"@mch	
"beta-kata"@aro	<http://ids.clld.org/values/13-20-272-3>		<http://ids.clld.org/parameters/13-20>		<http://ids.clld.org/values/13-20-174-1>		"āʔkə"@mch	
"izi"@aro	<http://ids.clld.org/values/5-130-272-1>		<http://ids.clld.org/parameters/5-130>		<http://ids.clld.org/values/5-130-174-1>		"enku"@mch	
"biǰiloa"@aro	<http://ids.clld.org/values/10-330-272-1>		<http://ids.clld.org/parameters/10-330>		<http://ids.clld.org/values/10-330-174-1>		"yehuʔkwai"@mch	
"wo"@aro	<http://ids.clld.org/values/10-380-272-1>		<http://ids.clld.org/parameters/10-380>		<http://ids.clld.org/values/10-380-174-1>		"yaičumā-dɨ"@mch	
"amaha"@aro	<http://ids.clld.org/values/1-430-272-1>		<http://ids.clld.org/parameters/1-430>		<http://ids.clld.org/values/1-430-174-1>		"dē"@mch	
"sewa"@aro	<http://ids.clld.org/values/15-650-272-1>		<http://ids.clld.org/parameters/15-650>		<http://ids.clld.org/values/15-650-174-1>		"hudumato"@mch	
"ac̷o"@aro	<http://ids.clld.org/values/4-410-272-1>		<http://ids.clld.org/parameters/4-410>		<http://ids.clld.org/values/4-410-174-1>		"ʔdohɨ-dɨ"@mch	
"peada-we"@aro	<http://ids.clld.org/values/13-10-272-3>		<http://ids.clld.org/parameters/13-10>		<http://ids.clld.org/values/13-10-174-1>		"tōni"@mch	
"ewi"@aro	<http://ids.clld.org/values/4-230-272-1>		<http://ids.clld.org/parameters/4-230>		<http://ids.clld.org/values/4-230-174-1>		"ənna"@mch	
"baba"@aro	<http://ids.clld.org/values/22-120-272-1>		<http://ids.clld.org/parameters/22-120>		<http://ids.clld.org/values/22-120-174-1>		"wanādi"@mch	
"me-anai bene"@aro	<http://ids.clld.org/values/12-410-272-1>		<http://ids.clld.org/parameters/12-410>		<http://ids.clld.org/values/12-410-174-1>		"əmuʔdemhɨnɨ"@mch	
"asele"@aro	<http://ids.clld.org/values/15-660-272-1>		<http://ids.clld.org/parameters/15-660>		<http://ids.clld.org/values/15-660-174-1>		"seweičato"@mch	
"kʷawe-a"@aro	<http://ids.clld.org/values/8-920-272-1>		<http://ids.clld.org/parameters/8-920>		<http://ids.clld.org/values/8-920-174-1>		"kɨdēde"@mch	
"c̷ic̷i"@aro	<http://ids.clld.org/values/9-370-272-3>		<http://ids.clld.org/parameters/9-370>		<http://ids.clld.org/values/9-370-174-1>		"šēmeka-dɨ"@mch	
"walipa"@aro	<http://ids.clld.org/values/3-540-272-1>		<http://ids.clld.org/parameters/3-540>		<http://ids.clld.org/values/3-540-174-1>		"kudaymādu"@mch	
"dati"@aro	<http://ids.clld.org/values/3-980-272-1>		<http://ids.clld.org/parameters/3-980>		<http://ids.clld.org/values/3-980-174-1>		"heʔde"@mch	
"-hao"@aro	<http://ids.clld.org/values/12-10-272-3>		<http://ids.clld.org/parameters/12-10>		<http://ids.clld.org/values/12-10-174-1>		"yə̄ʔhəhe"@mch	
"e-toa"@aro	<http://ids.clld.org/values/4-210-272-1>		<http://ids.clld.org/parameters/4-210>		<http://ids.clld.org/values/4-210-174-1>		"ənu"@mch	
"sisa"@aro	<http://ids.clld.org/values/14-420-272-1>		<http://ids.clld.org/parameters/14-420>		<http://ids.clld.org/values/14-420-174-1>		"čomomɨ̄dɨ"@mch	
"lawia"@aro	<http://ids.clld.org/values/9-210-272-3>		<http://ids.clld.org/parameters/9-210>		<http://ids.clld.org/values/9-210-174-1>		"-aiʔhuka-dɨ"@mch	
"noehaha"@aro	<http://ids.clld.org/values/2-261-272-1>		<http://ids.clld.org/parameters/2-261>		<http://ids.clld.org/values/2-261-174-1>		"mudēši"@mch	
"weta"@aro	<http://ids.clld.org/values/1-860-272-1>		<http://ids.clld.org/parameters/1-860>		<http://ids.clld.org/values/1-860-174-1>		"-kemetə-"@mch	
"c̷ihabati"@aro	<http://ids.clld.org/values/19-510-272-3>		<http://ids.clld.org/parameters/19-510>		<http://ids.clld.org/values/19-510-174-1>		"weičakōno"@mch	
"kʷaiɲati"@aro	<http://ids.clld.org/values/10-550-272-1>		<http://ids.clld.org/parameters/10-550>		<http://ids.clld.org/values/10-550-174-1>		"w-əʔdɨ-nə"@mch	
"naba-i"@aro	<http://ids.clld.org/values/4-392-272-1>		<http://ids.clld.org/parameters/4-392>		<http://ids.clld.org/values/4-392-174-1>		"ahəʔsai"@mch	
"mic̷ičana"@aro	<http://ids.clld.org/values/14-270-272-1>		<http://ids.clld.org/parameters/14-270>		<http://ids.clld.org/values/14-270-174-1>		"w-əʔka-nə"@mch	
"ano"@aro	<http://ids.clld.org/values/2-470-272-1>		<http://ids.clld.org/parameters/2-470>		<http://ids.clld.org/values/2-470-174-1>		"-tamū-du"@mch	
"hilika"@aro	<http://ids.clld.org/values/18-560-272-1>		<http://ids.clld.org/parameters/18-560>		<http://ids.clld.org/values/18-560-174-1>		"[hahēda]"@mch	
"amahoho"@aro	<http://ids.clld.org/values/5-140-272-3>		<http://ids.clld.org/parameters/5-140>		<http://ids.clld.org/values/5-140-174-1>		"əmīhe"@mch	
"maesa"@aro	<http://ids.clld.org/values/17-560-272-3>		<http://ids.clld.org/parameters/17-560>		<http://ids.clld.org/values/17-560-174-1>		"mmʔhm"@mch	
"pahakata"@aro	<http://ids.clld.org/values/16-320-272-3>		<http://ids.clld.org/parameters/16-320>		<http://ids.clld.org/values/16-320-174-1>		"wentumhe"@mch	
"ese"@aro	<http://ids.clld.org/values/4-460-272-1>		<http://ids.clld.org/parameters/4-460>		<http://ids.clld.org/values/4-460-174-1>		"dudūnoi"@mch	
"kʷiča-po"@aro	<http://ids.clld.org/values/2-350-272-1>		<http://ids.clld.org/parameters/2-350>		<http://ids.clld.org/values/2-350-174-1>		"haha"@mch	
"piša"@aro	<http://ids.clld.org/values/20-250-272-3>		<http://ids.clld.org/parameters/20-250>		<http://ids.clld.org/values/20-250-174-1>		"šimāda"@mch	
"c̷eiɲena"@aro	<http://ids.clld.org/values/1-320-272-1>		<http://ids.clld.org/parameters/1-320>		<http://ids.clld.org/values/1-320-174-1>		"dama"@mch	
"nala"@aro	<http://ids.clld.org/values/4-280-272-1>		<http://ids.clld.org/parameters/4-280>		<http://ids.clld.org/values/4-280-174-1>		"hɨ̄mɨ"@mch	
"c̷amao"@aro	<http://ids.clld.org/values/3-740-272-1>		<http://ids.clld.org/parameters/3-740>		<http://ids.clld.org/values/3-740-174-1>		"awadudi"@mch	
"walipa"@aro	<http://ids.clld.org/values/3-550-272-1>		<http://ids.clld.org/parameters/3-550>		<http://ids.clld.org/values/3-550-174-1>		"wamēdi"@mch	
"sowa-i"@aro	<http://ids.clld.org/values/20-520-272-1>		<http://ids.clld.org/parameters/20-520>		<http://ids.clld.org/values/20-520-174-1>		"anə̄tə"@mch	
"ena"@aro	<http://ids.clld.org/values/5-900-272-1>		<http://ids.clld.org/parameters/5-900>		<http://ids.clld.org/values/5-900-174-1>		"kuši"@mch	
"aokʷe"@aro	<http://ids.clld.org/values/12-570-272-3>		<http://ids.clld.org/parameters/12-570>		<http://ids.clld.org/values/12-570-174-1>		"nuwe"@mch	
"zaza"@aro	<http://ids.clld.org/values/8-531-272-3>		<http://ids.clld.org/parameters/8-531>		<http://ids.clld.org/values/8-531-174-1>		"aiʔčɨdɨ"@mch	
"masawe"@aro	<http://ids.clld.org/values/16-720-272-5>		<http://ids.clld.org/parameters/16-720>		<http://ids.clld.org/values/16-720-174-1>		"kənemhɨnɨ"@mch	
"haiba-i"@aro	<http://ids.clld.org/values/6-120-272-1>		<http://ids.clld.org/parameters/6-120>		<http://ids.clld.org/values/6-120-174-1>		"womɨ"@mch	
"weno"@aro	<http://ids.clld.org/values/14-480-272-3>		<http://ids.clld.org/parameters/14-480>		<http://ids.clld.org/values/14-480-174-1>		"henamma"@mch	
"e-bo"@aro	<http://ids.clld.org/values/4-204-272-1>		<http://ids.clld.org/parameters/4-204>		<http://ids.clld.org/values/4-204-174-1>		"heʔ-dɨ"@mch	
"bana"@aro	<http://ids.clld.org/values/8-531-272-1>		<http://ids.clld.org/parameters/8-531>		<http://ids.clld.org/values/8-531-174-1>		"aiʔčɨdɨ"@mch	
"dokʷe-i"@aro	<http://ids.clld.org/values/3-750-272-1>		<http://ids.clld.org/parameters/3-750>		<http://ids.clld.org/values/3-750-174-1>		"kawādi"@mch	
"he-anawiki"@aro	<http://ids.clld.org/values/10-670-272-1>		<http://ids.clld.org/parameters/10-670>		<http://ids.clld.org/values/10-670-174-1>		"-adima-dɨ"@mch	
"bac̷o"@aro	<http://ids.clld.org/values/4-320-272-1>		<http://ids.clld.org/parameters/4-320>		<http://ids.clld.org/values/4-320-174-1>		"ə̄ʔmu"@mch	
"hike"@aro	<http://ids.clld.org/values/3-630-272-1>		<http://ids.clld.org/parameters/3-630>		<http://ids.clld.org/values/3-630-174-1>		"asɨ̄kɨ"@mch	
"kʷae"@aro	<http://ids.clld.org/values/18-350-272-1>		<http://ids.clld.org/parameters/18-350>		<http://ids.clld.org/values/18-350-174-1>		"eʔkatə-dɨ"@mch	
"wawa"@aro	<http://ids.clld.org/values/2-550-272-1>		<http://ids.clld.org/parameters/2-550>		<http://ids.clld.org/values/2-550-174-1>		"waiɲe"@mch	
"wawa"@aro	<http://ids.clld.org/values/2-550-272-1>		<http://ids.clld.org/parameters/2-550>		<http://ids.clld.org/values/2-550-174-3>		"yāʔko"@mch	
"apo-na"@aro	<http://ids.clld.org/values/14-460-272-1>		<http://ids.clld.org/parameters/14-460>		<http://ids.clld.org/values/14-460-174-1>		"čomomɨdawə"@mch	
"koc̷i"@aro	<http://ids.clld.org/values/3-350-272-1>		<http://ids.clld.org/parameters/3-350>		<http://ids.clld.org/values/3-350-174-1>		"[kūši]"@mch	
"apaha"@aro	<http://ids.clld.org/values/15-640-272-3>		<http://ids.clld.org/parameters/15-640>		<http://ids.clld.org/values/15-640-174-1>		"təʔkeʔne"@mch	
"tobotana"@aro	<http://ids.clld.org/values/15-790-272-1>		<http://ids.clld.org/parameters/15-790>		<http://ids.clld.org/values/15-790-174-1>		"tuhuʔhūdato"@mch	
"nime-a"@aro	<http://ids.clld.org/values/17-130-272-1>		<http://ids.clld.org/parameters/17-130>		<http://ids.clld.org/values/17-130-174-1>		"tɨtahə-nə"@mch	
"boso"@aro	<http://ids.clld.org/values/1-730-272-1>		<http://ids.clld.org/parameters/1-730>		<http://ids.clld.org/values/1-730-174-1>		"kāʔdutu"@mch	
"bisa"@aro	<http://ids.clld.org/values/10-230-272-1>		<http://ids.clld.org/parameters/10-230>		<http://ids.clld.org/values/10-230-174-1>		"w-eduka-nə"@mch	
"anodi"@aro	<http://ids.clld.org/values/2-420-272-1>		<http://ids.clld.org/parameters/2-420>		<http://ids.clld.org/values/2-420-174-1>		"nnedɨ"@mch	
"mi-ǰa"@aro	<http://ids.clld.org/values/2-920-272-3>		<http://ids.clld.org/parameters/2-920>		<http://ids.clld.org/values/2-920-174-1>		"əmədə"@mch	
"amosone"@aro	<http://ids.clld.org/values/16-320-272-1>		<http://ids.clld.org/parameters/16-320>		<http://ids.clld.org/values/16-320-174-1>		"wentumhe"@mch	
"-bec̷ota"@aro	<http://ids.clld.org/values/13-340-272-1>		<http://ids.clld.org/parameters/13-340>		<http://ids.clld.org/values/13-340-174-1>		"awaʔde"@mch	
"emeo"@aro	<http://ids.clld.org/values/12-50-272-1>		<http://ids.clld.org/parameters/12-50>		<http://ids.clld.org/values/12-50-174-3>		"anwaʔka"@mch	
"emeo"@aro	<http://ids.clld.org/values/12-50-272-1>		<http://ids.clld.org/parameters/12-50>		<http://ids.clld.org/values/12-50-174-1>		"aʔka"@mch	
"meo"@aro	<http://ids.clld.org/values/12-50-272-3>		<http://ids.clld.org/parameters/12-50>		<http://ids.clld.org/values/12-50-174-3>		"anwaʔka"@mch	
"meo"@aro	<http://ids.clld.org/values/12-50-272-3>		<http://ids.clld.org/parameters/12-50>		<http://ids.clld.org/values/12-50-174-1>		"aʔka"@mch	
"[kʷišilo]"@aro	<http://ids.clld.org/values/5-380-272-1>		<http://ids.clld.org/parameters/5-380>		<http://ids.clld.org/values/5-380-174-1>		"kɨmɨʔkə"@mch	
"meiya"@aro	<http://ids.clld.org/values/12-230-272-3>		<http://ids.clld.org/parameters/12-230>		<http://ids.clld.org/values/12-230-174-1>		"šādamadɨ̄he"@mch	
"pena-pena"@aro	<http://ids.clld.org/values/15-770-272-1>		<http://ids.clld.org/parameters/15-770>		<http://ids.clld.org/values/15-770-174-1>		"tɨwansuʔde"@mch	
"hoda"@aro	<http://ids.clld.org/values/2-930-272-3>		<http://ids.clld.org/parameters/2-930>		<http://ids.clld.org/values/2-930-174-1>		"tɨwɨ"@mch	
"heheme"@aro	<http://ids.clld.org/values/18-240-272-1>		<http://ids.clld.org/parameters/18-240>		<http://ids.clld.org/values/18-240-174-1>		"āʔdewʔkwe"@mch	
"hakʷepati"@aro	<http://ids.clld.org/values/12-430-272-1>		<http://ids.clld.org/parameters/12-430>		<http://ids.clld.org/values/12-430-174-1>		"amoinče-ʔda"@mch	
"dipapowe"@aro	<http://ids.clld.org/values/14-310-272-3>		<http://ids.clld.org/parameters/14-310>		<http://ids.clld.org/values/14-310-174-1>		"wenēne"@mch	
"oc̷o"@aro	<http://ids.clld.org/values/1-851-272-1>		<http://ids.clld.org/parameters/1-851>		<http://ids.clld.org/values/1-851-174-1>		"ukā-dɨ"@mch	
"po-bote"@aro	<http://ids.clld.org/values/10-473-272-1>		<http://ids.clld.org/parameters/10-473>		<http://ids.clld.org/values/10-473-174-1>		"hɨ̄ʔwakādə"@mch	
"abec̷o"@aro	<http://ids.clld.org/values/14-210-272-1>		<http://ids.clld.org/parameters/14-210>		<http://ids.clld.org/values/14-210-174-1>		"tamhə̄ʔne"@mch	
"hahi"@aro	<http://ids.clld.org/values/3-580-272-1>		<http://ids.clld.org/parameters/3-580>		<http://ids.clld.org/values/3-580-174-1>		"danɲami"@mch	
"apopa"@aro	<http://ids.clld.org/values/15-630-272-1>		<http://ids.clld.org/parameters/15-630>		<http://ids.clld.org/values/15-630-174-1>		"tɨhe"@mch	
"bičena"@aro	<http://ids.clld.org/values/10-430-272-1>		<http://ids.clld.org/parameters/10-430>		<http://ids.clld.org/values/10-430-174-1>		"w-ahanɨn-nə"@mch	
"kʷai"@aro	<http://ids.clld.org/values/9-750-272-1>		<http://ids.clld.org/parameters/9-750>		<http://ids.clld.org/values/9-750-174-1>		"aʔtoʔtotoʔho"@mch	
"ti"@aro	<http://ids.clld.org/values/11-210-272-1>		<http://ids.clld.org/parameters/11-210>		<http://ids.clld.org/values/11-210-174-1>		"utūdu"@mch	
"ewašokʷe"@aro	<http://ids.clld.org/values/1-220-272-1>		<http://ids.clld.org/parameters/1-220>		<http://ids.clld.org/values/1-220-174-1>		"hɨ̄"@mch	
"hai"@aro	<http://ids.clld.org/values/4-830-272-1>		<http://ids.clld.org/parameters/4-830>		<http://ids.clld.org/values/4-830-174-1>		"tadəinɲe"@mch	
"mikana-ha"@aro	<http://ids.clld.org/values/2-950-272-3>		<http://ids.clld.org/parameters/2-950>		<http://ids.clld.org/values/2-950-174-1>		"ənwanno"@mch	
"emi"@aro	<http://ids.clld.org/values/4-400-272-1>		<http://ids.clld.org/parameters/4-400>		<http://ids.clld.org/values/4-400-174-1>		"dōʔta"@mch	
"apamotihi"@aro	<http://ids.clld.org/values/12-630-272-1>		<http://ids.clld.org/parameters/12-630>		<http://ids.clld.org/values/12-630-174-1>		"hūšīhe"@mch	
"laka"@aro	<http://ids.clld.org/values/5-130-272-3>		<http://ids.clld.org/parameters/5-130>		<http://ids.clld.org/values/5-130-174-1>		"enku"@mch	
"beta"@aro	<http://ids.clld.org/values/13-20-272-1>		<http://ids.clld.org/parameters/13-20>		<http://ids.clld.org/values/13-20-174-1>		"āʔkə"@mch	
"esi"@aro	<http://ids.clld.org/values/14-150-272-1>		<http://ids.clld.org/parameters/14-150>		<http://ids.clld.org/values/14-150-174-1>		"henaʔdohə"@mch	
"naeda"@aro	<http://ids.clld.org/values/2-960-272-3>		<http://ids.clld.org/parameters/2-960>		<http://ids.clld.org/values/2-960-174-1>		"tɨnwano"@mch	
"nobi"@aro	<http://ids.clld.org/values/10-570-272-1>		<http://ids.clld.org/parameters/10-570>		<http://ids.clld.org/values/10-570-174-1>		"w-omon-nə"@mch	
"nai"@aro	<http://ids.clld.org/values/1-750-272-1>		<http://ids.clld.org/parameters/1-750>		<http://ids.clld.org/values/1-750-174-1>		"konōho"@mch	
"talale"@aro	<http://ids.clld.org/values/1-280-272-1>		<http://ids.clld.org/parameters/1-280>		<http://ids.clld.org/values/1-280-174-1>		"ewɨ̄tɨ"@mch	
"kʷibi"@aro	<http://ids.clld.org/values/15-840-272-3>		<http://ids.clld.org/parameters/15-840>		<http://ids.clld.org/values/15-840-174-1>		"ssedēhe"@mch	
"wanabotea"@aro	<http://ids.clld.org/values/10-250-272-1>		<http://ids.clld.org/parameters/10-250>		<http://ids.clld.org/values/10-250-174-1>		"himā-dɨ"@mch	
"misa"@aro	<http://ids.clld.org/values/9-190-272-3>		<http://ids.clld.org/parameters/9-190>		<http://ids.clld.org/values/9-190-174-1>		"āʔto"@mch	
"azalo"@aro	<http://ids.clld.org/values/15-880-272-1>		<http://ids.clld.org/parameters/15-880>		<http://ids.clld.org/values/15-880-174-1>		"nossahe"@mch	
"ize"@aro	<http://ids.clld.org/values/4-740-272-1>		<http://ids.clld.org/parameters/4-740>		<http://ids.clld.org/values/4-740-174-1>		"wenɲə"@mch	
"baleweti"@aro	<http://ids.clld.org/values/10-481-272-1>		<http://ids.clld.org/parameters/10-481>		<http://ids.clld.org/values/10-481-174-1>		"w-ennakā-nə"@mch	
"c̷ama"@aro	<http://ids.clld.org/values/4-461-272-1>		<http://ids.clld.org/parameters/4-461>		<http://ids.clld.org/values/4-461-174-1>		"hyōtɨ"@mch	
"hehe"@aro	<http://ids.clld.org/values/17-550-272-3>		<http://ids.clld.org/parameters/17-550>		<http://ids.clld.org/values/17-550-174-3>		"mmhm"@mch	
"hehe"@aro	<http://ids.clld.org/values/17-550-272-3>		<http://ids.clld.org/parameters/17-550>		<http://ids.clld.org/values/17-550-174-1>		"ʔeee"@mch	
"pona"@aro	<http://ids.clld.org/values/2-240-272-1>		<http://ids.clld.org/parameters/2-240>		<http://ids.clld.org/values/2-240-174-1>		"wodi"@mch	
"kʷada-ha"@aro	<http://ids.clld.org/values/2-941-272-3>		<http://ids.clld.org/parameters/2-941>		<http://ids.clld.org/values/2-941-174-1>		"kɨwɨ"@mch	
"c̷a"@aro	<http://ids.clld.org/values/20-610-272-5>		<http://ids.clld.org/parameters/20-610>		<http://ids.clld.org/values/20-610-174-1>		"emanɲuhɨdɨ"@mch	
"nala"@aro	<http://ids.clld.org/values/6-450-272-1>		<http://ids.clld.org/parameters/6-450>		<http://ids.clld.org/values/6-450-174-1>		"wōʔmo"@mch	
"tawata"@aro	<http://ids.clld.org/values/3-585-272-1>		<http://ids.clld.org/parameters/3-585>		<http://ids.clld.org/values/3-585-174-1>		"hiyāna"@mch	
"ebai"@aro	<http://ids.clld.org/values/4-310-272-1>		<http://ids.clld.org/parameters/4-310>		<http://ids.clld.org/values/4-310-174-1>		"aʔhə"@mch	
"piwiwineti"@aro	<http://ids.clld.org/values/1-250-272-1>		<http://ids.clld.org/parameters/1-250>		<http://ids.clld.org/values/1-250-174-1>		"dantadɨ"@mch	
"hababa-i"@aro	<http://ids.clld.org/values/3-920-272-1>		<http://ids.clld.org/parameters/3-920>		<http://ids.clld.org/values/3-920-174-1>		"matūtu"@mch	
"bizo"@aro	<http://ids.clld.org/values/5-821-272-1>		<http://ids.clld.org/parameters/5-821>		<http://ids.clld.org/values/5-821-174-1>		"homi"@mch	
"pi"@aro	<http://ids.clld.org/values/20-620-272-1>		<http://ids.clld.org/parameters/20-620>		<http://ids.clld.org/values/20-620-174-1>		"t-ɨwə̄-dɨ"@mch	
"towaha"@aro	<http://ids.clld.org/values/5-260-272-3>		<http://ids.clld.org/parameters/5-260>		<http://ids.clld.org/values/5-260-174-1>		"ədinɲə"@mch	
"tašoi"@aro	<http://ids.clld.org/values/20-640-272-3>		<http://ids.clld.org/parameters/20-640>		<http://ids.clld.org/values/20-640-174-1>		"hāno"@mch	
"zemo"@aro	<http://ids.clld.org/values/3-940-272-1>		<http://ids.clld.org/parameters/3-940>		<http://ids.clld.org/values/3-940-174-1>		"memu"@mch	
"mahi"@aro	<http://ids.clld.org/values/6-380-272-1>		<http://ids.clld.org/parameters/6-380>		<http://ids.clld.org/values/6-380-174-1>		"hakūdimɨʔtɨ"@mch	
"c̷eiɲe"@aro	<http://ids.clld.org/values/14-410-272-1>		<http://ids.clld.org/parameters/14-410>		<http://ids.clld.org/values/14-410-174-1>		"anə̄to"@mch	
"lele"@aro	<http://ids.clld.org/values/19-160-272-3>		<http://ids.clld.org/parameters/19-160>		<http://ids.clld.org/values/19-160-174-1>		"haʔta"@mch	
"kaleši"@aro	<http://ids.clld.org/values/3-818-272-1>		<http://ids.clld.org/parameters/3-818>		<http://ids.clld.org/values/3-818-174-1>		"modoy"@mch	
"c̷oi"@aro	<http://ids.clld.org/values/4-580-272-3>		<http://ids.clld.org/parameters/4-580>		<http://ids.clld.org/values/4-580-174-1>		"ēkādɨ"@mch	
"siča"@aro	<http://ids.clld.org/values/4-180-272-1>		<http://ids.clld.org/parameters/4-180>		<http://ids.clld.org/values/4-180-174-1>		"dāʔkɨdɨ"@mch	
"c̷ala"@aro	<http://ids.clld.org/values/15-820-272-1>		<http://ids.clld.org/parameters/15-820>		<http://ids.clld.org/values/15-820-174-1>		"tawāhe"@mch	
"beza"@aro	<http://ids.clld.org/values/10-340-272-1>		<http://ids.clld.org/parameters/10-340>		<http://ids.clld.org/values/10-340-174-1>		"tɨtāwaʔta"@mch	
"po-na"@aro	<http://ids.clld.org/values/10-470-272-3>		<http://ids.clld.org/parameters/10-470>		<http://ids.clld.org/values/10-470-174-1>		"wɨʔtə̄-nə"@mch	
"e-šoa"@aro	<http://ids.clld.org/values/4-200-272-1>		<http://ids.clld.org/parameters/4-200>		<http://ids.clld.org/values/4-200-174-1>		"hūʔhə"@mch	
"ani"@aro	<http://ids.clld.org/values/12-130-272-1>		<http://ids.clld.org/parameters/12-130>		<http://ids.clld.org/values/12-130-174-1>		"w-atahhimā-nə"@mch	
"hai-we"@aro	<http://ids.clld.org/values/4-830-272-3>		<http://ids.clld.org/parameters/4-830>		<http://ids.clld.org/values/4-830-174-1>		"tadəinɲe"@mch	
"c̷ota"@aro	<http://ids.clld.org/values/9-760-272-3>		<http://ids.clld.org/parameters/9-760>		<http://ids.clld.org/values/9-760-174-1>		"wɨ̄wa"@mch	
"kʷama"@aro	<http://ids.clld.org/values/2-942-272-1>		<http://ids.clld.org/parameters/2-942>		<http://ids.clld.org/values/2-942-174-1>		"nɲa"@mch	
"c̷ope"@aro	<http://ids.clld.org/values/4-853-272-1>		<http://ids.clld.org/parameters/4-853>		<http://ids.clld.org/values/4-853-174-1>		"awonɲəʔkādɨ"@mch	
"hanawa"@aro	<http://ids.clld.org/values/4-912-272-1>		<http://ids.clld.org/parameters/4-912>		<http://ids.clld.org/values/4-912-174-1>		"wə̄dētanə"@mch	
"wisoi-ono-kata"@aro	<http://ids.clld.org/values/12-610-272-1>		<http://ids.clld.org/parameters/12-610>		<http://ids.clld.org/values/12-610-174-1>		"taʔhuhūne"@mch	
"bedada"@aro	<http://ids.clld.org/values/14-180-272-1>		<http://ids.clld.org/parameters/14-180>		<http://ids.clld.org/values/14-180-174-1>		"edūwa"@mch	
"ai"@aro	<http://ids.clld.org/values/17-640-272-1>		<http://ids.clld.org/parameters/17-640>		<http://ids.clld.org/values/17-640-174-1>		"ākene"@mch	
"ana"@aro	<http://ids.clld.org/values/10-510-272-1>		<http://ids.clld.org/parameters/10-510>		<http://ids.clld.org/values/10-510-174-1>		"w-ə̄nehē-nə"@mch	
"wizaboto"@aro	<http://ids.clld.org/values/12-330-272-3>		<http://ids.clld.org/parameters/12-330>		<http://ids.clld.org/values/12-330-174-1>		"akoiʔčaʔhɨdɨ"@mch	
"zio"@aro	<http://ids.clld.org/values/9-280-272-1>		<http://ids.clld.org/parameters/9-280>		<http://ids.clld.org/values/9-280-174-1>		"-iši-"@mch	
"kʷeme"@aro	<http://ids.clld.org/values/13-150-272-3>		<http://ids.clld.org/parameters/13-150>		<http://ids.clld.org/values/13-150-174-1>		"hōhe"@mch	
"hehe"@aro	<http://ids.clld.org/values/18-120-272-1>		<http://ids.clld.org/parameters/18-120>		<http://ids.clld.org/values/18-120-174-1>		"we[kantā]ʔɲənə"@mch	
"nene"@aro	<http://ids.clld.org/values/2-520-272-3>		<http://ids.clld.org/parameters/2-520>		<http://ids.clld.org/values/2-520-174-1>		"waynɲeʔney"@mch	
"nime"@aro	<http://ids.clld.org/values/16-110-272-1>		<http://ids.clld.org/parameters/16-110>		<http://ids.clld.org/values/16-110-174-1>		"dōʔta"@mch	
"ec̷a"@aro	<http://ids.clld.org/values/8-570-272-1>		<http://ids.clld.org/parameters/8-570>		<http://ids.clld.org/values/8-570-174-1>		"čə̄hɨdɨ"@mch	
"ba"@aro	<http://ids.clld.org/values/17-150-272-1>		<http://ids.clld.org/parameters/17-150>		<http://ids.clld.org/values/17-150-174-1>		"-ekanɨhɨ-dɨ"@mch	
"pepa"@aro	<http://ids.clld.org/values/9-890-272-1>		<http://ids.clld.org/parameters/9-890>		<http://ids.clld.org/values/9-890-174-1>		"wemānʔa"@mch	
"imea"@aro	<http://ids.clld.org/values/9-110-272-3>		<http://ids.clld.org/parameters/9-110>		<http://ids.clld.org/values/9-110-174-1>		"tɨdɨ̄dɨ"@mch	
"kʷata"@aro	<http://ids.clld.org/values/12-20-272-5>		<http://ids.clld.org/parameters/12-20>		<http://ids.clld.org/values/12-20-174-1>		"dɨʔtə"@mch	
"pobe-a"@aro	<http://ids.clld.org/values/10-480-272-1>		<http://ids.clld.org/parameters/10-480>		<http://ids.clld.org/values/10-480-174-1>		"w-eʔ-nə"@mch	
"šakʷa"@aro	<http://ids.clld.org/values/2-251-272-3>		<http://ids.clld.org/parameters/2-251>		<http://ids.clld.org/values/2-251-174-1>		"mudēši"@mch	
"izedea"@aro	<http://ids.clld.org/values/17-250-272-1>		<http://ids.clld.org/parameters/17-250>		<http://ids.clld.org/values/17-250-174-1>		"-owānoma-"@mch	
"lao"@aro	<http://ids.clld.org/values/3-583-272-3>		<http://ids.clld.org/parameters/3-583>		<http://ids.clld.org/values/3-583-174-1>		"tadāya"@mch	
"c̷a"@aro	<http://ids.clld.org/values/11-310-272-1>		<http://ids.clld.org/parameters/11-310>		<http://ids.clld.org/values/11-310-174-1>		"uhīyɨ"@mch	
"hai-ǰa"@aro	<http://ids.clld.org/values/16-710-272-5>		<http://ids.clld.org/parameters/16-710>		<http://ids.clld.org/values/16-710-174-1>		"ašiča"@mch	
"woya"@aro	<http://ids.clld.org/values/11-330-272-1>		<http://ids.clld.org/parameters/11-330>		<http://ids.clld.org/values/11-330-174-1>		"w-ənnanɨʔ-nə"@mch	
"loe"@aro	<http://ids.clld.org/values/8-220-272-1>		<http://ids.clld.org/parameters/8-220>		<http://ids.clld.org/values/8-220-174-1>		"tɨʔkādɨ"@mch	
"emi"@aro	<http://ids.clld.org/values/4-130-272-1>		<http://ids.clld.org/parameters/4-130>		<http://ids.clld.org/values/4-130-174-1>		"hyunu"@mch	
"kʷai"@aro	<http://ids.clld.org/values/6-330-272-1>		<http://ids.clld.org/parameters/6-330>		<http://ids.clld.org/values/6-330-174-1>		"tɨʔkaʔhɨdɨ"@mch	
"dewa"@aro	<http://ids.clld.org/values/16-620-272-1>		<http://ids.clld.org/parameters/16-620>		<http://ids.clld.org/values/16-620-174-1>		"hyumma-dɨ"@mch	
"kʷipac̷io"@aro	<http://ids.clld.org/values/17-610-272-3>		<http://ids.clld.org/parameters/17-610>		<http://ids.clld.org/values/17-610-174-1>		"ākene"@mch	
"pa"@aro	<http://ids.clld.org/values/16-370-272-1>		<http://ids.clld.org/parameters/16-370>		<http://ids.clld.org/values/16-370-174-1>		"w-amo-nə"@mch	
"misi"@aro	<http://ids.clld.org/values/3-620-272-1>		<http://ids.clld.org/parameters/3-620>		<http://ids.clld.org/values/3-620-174-1>		"[mēši]"@mch	
"šowaene"@aro	<http://ids.clld.org/values/12-930-272-1>		<http://ids.clld.org/parameters/12-930>		<http://ids.clld.org/values/12-930-174-1>		"w-ekamhiaka-nə"@mch	
"c̷awa"@aro	<http://ids.clld.org/values/12-430-272-3>		<http://ids.clld.org/parameters/12-430>		<http://ids.clld.org/values/12-430-174-1>		"amoinče-ʔda"@mch	
"ke (?)"@aro	<http://ids.clld.org/values/17-670-272-5>		<http://ids.clld.org/parameters/17-670>		<http://ids.clld.org/values/17-670-174-1>		"əišə̄no"@mch	
"di"@aro	<http://ids.clld.org/values/5-110-272-1>		<http://ids.clld.org/parameters/5-110>		<http://ids.clld.org/values/5-110-174-1>		"wowašīnčənə"@mch	
"hia"@aro	<http://ids.clld.org/values/20-620-272-5>		<http://ids.clld.org/parameters/20-620>		<http://ids.clld.org/values/20-620-174-1>		"t-ɨwə̄-dɨ"@mch	
"ko"@aro	<http://ids.clld.org/values/17-660-272-1>		<http://ids.clld.org/parameters/17-660>		<http://ids.clld.org/values/17-660-174-1>		"ə̄iša"@mch	
"eadai"@aro	<http://ids.clld.org/values/4-360-272-1>		<http://ids.clld.org/parameters/4-360>		<http://ids.clld.org/values/4-360-174-1>		"ə̄ʔmu"@mch	
"pona"@aro	<http://ids.clld.org/values/2-220-272-1>		<http://ids.clld.org/parameters/2-220>		<http://ids.clld.org/values/2-220-174-1>		"wodi"@mch	
"tasasa"@aro	<http://ids.clld.org/values/6-710-272-1>		<http://ids.clld.org/parameters/6-710>		<http://ids.clld.org/values/6-710-174-1>		"sawīya"@mch	
"oha"@aro	<http://ids.clld.org/values/5-460-272-3>		<http://ids.clld.org/parameters/5-460>		<http://ids.clld.org/values/5-460-174-1>		"-iʔša-"@mch	
"mezizo"@aro	<http://ids.clld.org/values/1-212-272-1>		<http://ids.clld.org/parameters/1-212>		<http://ids.clld.org/values/1-212-174-1>		"nono"@mch	
"bediwe"@aro	<http://ids.clld.org/values/14-310-272-1>		<http://ids.clld.org/parameters/14-310>		<http://ids.clld.org/values/14-310-174-1>		"wenēne"@mch	
"akʷeo"@aro	<http://ids.clld.org/values/15-780-272-1>		<http://ids.clld.org/parameters/15-780>		<http://ids.clld.org/values/15-780-174-1>		"ākə̄tədɨ"@mch	
"haiba"@aro	<http://ids.clld.org/values/6-110-272-1>		<http://ids.clld.org/parameters/6-110>		<http://ids.clld.org/values/6-110-174-1>		"wewontənə"@mch	
"ba"@aro	<http://ids.clld.org/values/15-510-272-1>		<http://ids.clld.org/parameters/15-510>		<http://ids.clld.org/values/15-510-174-1>		"ene-dɨ"@mch	
"kec̷io"@aro	<http://ids.clld.org/values/17-650-272-3>		<http://ids.clld.org/parameters/17-650>		<http://ids.clld.org/values/17-650-174-1>		"əičənnāwəkə"@mch	
"wele-wele-i"@aro	<http://ids.clld.org/values/3-830-272-1>		<http://ids.clld.org/parameters/3-830>		<http://ids.clld.org/values/3-830-174-1>		"wedēsede"@mch	
"tipao"@aro	<http://ids.clld.org/values/12-320-272-3>		<http://ids.clld.org/parameters/12-320>		<http://ids.clld.org/values/12-320-174-1>		"nonohoʔčə"@mch	
"wac̷eda wac̷eda"@aro	<http://ids.clld.org/values/13-40-272-1>		<http://ids.clld.org/parameters/13-40>		<http://ids.clld.org/values/13-40-174-1>		"āʔkəiʔčea"@mch	
"kʷae-baha"@aro	<http://ids.clld.org/values/18-350-272-3>		<http://ids.clld.org/parameters/18-350>		<http://ids.clld.org/values/18-350-174-1>		"eʔkatə-dɨ"@mch	
"kʷe"@aro	<http://ids.clld.org/values/9-221-272-1>		<http://ids.clld.org/parameters/9-221>		<http://ids.clld.org/values/9-221-174-1>		"čūhiya-dɨ"@mch	
"kʷe"@aro	<http://ids.clld.org/values/9-221-272-1>		<http://ids.clld.org/parameters/9-221>		<http://ids.clld.org/values/9-221-174-3>		"yaʔka-dɨ"@mch	
"dizi"@aro	<http://ids.clld.org/values/10-710-272-1>		<http://ids.clld.org/parameters/10-710>		<http://ids.clld.org/values/10-710-174-1>		"ə̄ma"@mch	
"mosozata"@aro	<http://ids.clld.org/values/4-441-272-1>		<http://ids.clld.org/parameters/4-441>		<http://ids.clld.org/values/4-441-174-1>		"ʔtaway-dɨ"@mch	
"bataiyo"@aro	<http://ids.clld.org/values/4-570-272-1>		<http://ids.clld.org/parameters/4-570>		<http://ids.clld.org/values/4-570-174-1>		"wenaʔtahəʔeʔnə"@mch	
"haha"@aro	<http://ids.clld.org/values/5-710-272-1>		<http://ids.clld.org/parameters/5-710>		<http://ids.clld.org/values/5-710-174-1>		"čə̄hɨdɨ̄-hɨdɨ"@mch	
"ai kʷaeihi"@aro	<http://ids.clld.org/values/17-270-272-1>		<http://ids.clld.org/parameters/17-270>		<http://ids.clld.org/values/17-270-174-1>		"yowānomani"@mch	
"e-ani-hi"@aro	<http://ids.clld.org/values/7-430-272-1>		<http://ids.clld.org/parameters/7-430>		<http://ids.clld.org/values/7-430-174-1>		"āʔtəy"@mch	
"pai"@aro	<http://ids.clld.org/values/10-230-272-3>		<http://ids.clld.org/parameters/10-230>		<http://ids.clld.org/values/10-230-174-1>		"w-eduka-nə"@mch	
"iša-botea"@aro	<http://ids.clld.org/values/10-250-272-5>		<http://ids.clld.org/parameters/10-250>		<http://ids.clld.org/values/10-250-174-1>		"himā-dɨ"@mch	
"a-aba"@aro	<http://ids.clld.org/values/19-510-272-1>		<http://ids.clld.org/parameters/19-510>		<http://ids.clld.org/values/19-510-174-1>		"weičakōno"@mch	
"ešoa"@aro	<http://ids.clld.org/values/5-700-272-1>		<http://ids.clld.org/parameters/5-700>		<http://ids.clld.org/values/5-700-174-1>		"šāku"@mch	
"hiɲa"@aro	<http://ids.clld.org/values/5-210-272-1>		<http://ids.clld.org/parameters/5-210>		<http://ids.clld.org/values/5-210-174-1>		"-aʔnə"@mch	
"solo"@aro	<http://ids.clld.org/values/9-343-272-3>		<http://ids.clld.org/parameters/9-343>		<http://ids.clld.org/values/9-343-174-1>		"eʔkukā-dɨ"@mch	
"walipa-ha"@aro	<http://ids.clld.org/values/5-970-272-3>		<http://ids.clld.org/parameters/5-970>		<http://ids.clld.org/values/5-970-174-1>		"iʔmoi"@mch	
"aleo"@aro	<http://ids.clld.org/values/14-210-272-3>		<http://ids.clld.org/parameters/14-210>		<http://ids.clld.org/values/14-210-174-1>		"tamhə̄ʔne"@mch	
"wawa"@aro	<http://ids.clld.org/values/2-520-272-1>		<http://ids.clld.org/parameters/2-520>		<http://ids.clld.org/values/2-520-174-1>		"waynɲeʔney"@mch	
"bani"@aro	<http://ids.clld.org/values/18-420-272-1>		<http://ids.clld.org/parameters/18-420>		<http://ids.clld.org/values/18-420-174-1>		"tə̄tɨ"@mch	
"tenaikana"@aro	<http://ids.clld.org/values/10-472-272-1>		<http://ids.clld.org/parameters/10-472>		<http://ids.clld.org/values/10-472-174-1>		"-annuʔku-"@mch	
"wadi"@aro	<http://ids.clld.org/values/2-360-272-3>		<http://ids.clld.org/parameters/2-360>		<http://ids.clld.org/values/2-360-174-1>		"denɨ"@mch	
"mikata"@aro	<http://ids.clld.org/values/13-0-272-3>		<http://ids.clld.org/parameters/13-0>		<http://ids.clld.org/values/13-0-174-1>		"āʔke"@mch	
"toho"@aro	<http://ids.clld.org/values/20-640-272-1>		<http://ids.clld.org/parameters/20-640>		<http://ids.clld.org/values/20-640-174-1>		"hāno"@mch	
"namia-izi"@aro	<http://ids.clld.org/values/5-900-272-3>		<http://ids.clld.org/parameters/5-900>		<http://ids.clld.org/values/5-900-174-1>		"kuši"@mch	
"maša"@aro	<http://ids.clld.org/values/6-120-272-3>		<http://ids.clld.org/parameters/6-120>		<http://ids.clld.org/values/6-120-174-1>		"womɨ"@mch	
"dohaena"@aro	<http://ids.clld.org/values/10-610-272-1>		<http://ids.clld.org/parameters/10-610>		<http://ids.clld.org/values/10-610-174-1>		"-adə̄-"@mch	
"peho"@aro	<http://ids.clld.org/values/12-20-272-9>		<http://ids.clld.org/parameters/12-20>		<http://ids.clld.org/values/12-20-174-1>		"dɨʔtə"@mch	
"oli"@aro	<http://ids.clld.org/values/5-125-272-3>		<http://ids.clld.org/parameters/5-125>		<http://ids.clld.org/values/5-125-174-1>		"čə̄tāhə"@mch	
"a-aba"@aro	<http://ids.clld.org/values/16-270-272-1>		<http://ids.clld.org/parameters/16-270>		<http://ids.clld.org/values/16-270-174-1>		"hyumma-dɨ"@mch	
"azeza"@aro	<http://ids.clld.org/values/15-570-272-3>		<http://ids.clld.org/parameters/15-570>		<http://ids.clld.org/values/15-570-174-1>		"taʔwane"@mch	
"a-hawa"@aro	<http://ids.clld.org/values/15-690-272-1>		<http://ids.clld.org/parameters/15-690>		<http://ids.clld.org/values/15-690-174-1>		"kɨnota"@mch	
"moi"@aro	<http://ids.clld.org/values/18-710-272-1>		<http://ids.clld.org/parameters/18-710>		<http://ids.clld.org/values/18-710-174-1>		"hīču"@mch	
"timo"@aro	<http://ids.clld.org/values/1-840-272-1>		<http://ids.clld.org/parameters/1-840>		<http://ids.clld.org/values/1-840-174-1>		"wedēnnə"@mch	
"e-iɲa"@aro	<http://ids.clld.org/values/4-393-272-1>		<http://ids.clld.org/parameters/4-393>		<http://ids.clld.org/values/4-393-174-1>		"iʔhōʔtɨ"@mch	
"semihi"@aro	<http://ids.clld.org/values/15-770-272-3>		<http://ids.clld.org/parameters/15-770>		<http://ids.clld.org/values/15-770-174-1>		"tɨwansuʔde"@mch	
"hike"@aro	<http://ids.clld.org/values/17-670-272-1>		<http://ids.clld.org/parameters/17-670>		<http://ids.clld.org/values/17-670-174-1>		"əišə̄no"@mch	
"iwi"@aro	<http://ids.clld.org/values/5-125-272-1>		<http://ids.clld.org/parameters/5-125>		<http://ids.clld.org/values/5-125-174-1>		"čə̄tāhə"@mch	
"kʷade"@aro	<http://ids.clld.org/values/20-610-272-1>		<http://ids.clld.org/parameters/20-610>		<http://ids.clld.org/values/20-610-174-1>		"emanɲuhɨdɨ"@mch	
"abao"@aro	<http://ids.clld.org/values/12-310-272-3>		<http://ids.clld.org/parameters/12-310>		<http://ids.clld.org/values/12-310-174-1>		"kawə"@mch	
"modo"@aro	<http://ids.clld.org/values/9-120-272-1>		<http://ids.clld.org/parameters/9-120>		<http://ids.clld.org/values/9-120-174-1>		"tadawāhu"@mch	
"tawi"@aro	<http://ids.clld.org/values/4-610-272-1>		<http://ids.clld.org/parameters/4-610>		<http://ids.clld.org/values/4-610-174-1>		"w-ɨnɨʔ-nə"@mch	
"šama-bai"@aro	<http://ids.clld.org/values/6-960-272-1>		<http://ids.clld.org/parameters/6-960>		<http://ids.clld.org/values/6-960-174-1>		"hekūde"@mch	
"babasata"@aro	<http://ids.clld.org/values/3-583-272-1>		<http://ids.clld.org/parameters/3-583>		<http://ids.clld.org/values/3-583-174-1>		"tadāya"@mch	
"babataso"@aro	<http://ids.clld.org/values/12-340-272-1>		<http://ids.clld.org/parameters/12-340>		<http://ids.clld.org/values/12-340-174-1>		"nwaʔkəi"@mch	
"laihihiye"@aro	<http://ids.clld.org/values/12-353-272-3>		<http://ids.clld.org/parameters/12-353>		<http://ids.clld.org/values/12-353-174-1>		"čəʔhiyu"@mch	
"kʷipa"@aro	<http://ids.clld.org/values/17-690-272-1>		<http://ids.clld.org/parameters/17-690>		<http://ids.clld.org/values/17-690-174-1>		"ākene yeihəkə"@mch	
"tadada"@aro	<http://ids.clld.org/values/2-250-272-1>		<http://ids.clld.org/parameters/2-250>		<http://ids.clld.org/values/2-250-174-1>		"mudekə̄kə"@mch	
"šaha"@aro	<http://ids.clld.org/values/3-750-272-3>		<http://ids.clld.org/parameters/3-750>		<http://ids.clld.org/values/3-750-174-1>		"kawādi"@mch	
"bakʷe-pona"@aro	<http://ids.clld.org/values/2-260-272-1>		<http://ids.clld.org/parameters/2-260>		<http://ids.clld.org/values/2-260-174-1>		"wodi-ʔčə"@mch	
"zia"@aro	<http://ids.clld.org/values/8-470-272-1>		<http://ids.clld.org/parameters/8-470>		<http://ids.clld.org/values/8-470-174-1>		"ənɲa"@mch	
"iša-bote-a"@aro	<http://ids.clld.org/values/12-120-272-3>		<http://ids.clld.org/parameters/12-120>		<http://ids.clld.org/values/12-120-174-1>		"enɨ̄ta"@mch	
"iša-bote-a"@aro	<http://ids.clld.org/values/12-120-272-3>		<http://ids.clld.org/parameters/12-120>		<http://ids.clld.org/values/12-120-174-3>		"-ehuʔta-"@mch	
"apac̷e"@aro	<http://ids.clld.org/values/15-370-272-1>		<http://ids.clld.org/parameters/15-370>		<http://ids.clld.org/values/15-370-174-1>		"tutune"@mch	
"iɲakʷa"@aro	<http://ids.clld.org/values/3-811-272-1>		<http://ids.clld.org/parameters/3-811>		<http://ids.clld.org/values/3-811-174-1>		"dāmə"@mch	
"e-iza-ha"@aro	<http://ids.clld.org/values/4-220-272-1>		<http://ids.clld.org/parameters/4-220>		<http://ids.clld.org/values/4-220-174-1>		"hāna"@mch	
"haiǰa-owe"@aro	<http://ids.clld.org/values/4-720-272-1>		<http://ids.clld.org/parameters/4-720>		<http://ids.clld.org/values/4-720-174-1>		"w-ennu-nə"@mch	
"hae"@aro	<http://ids.clld.org/values/3-650-272-1>		<http://ids.clld.org/parameters/3-650>		<http://ids.clld.org/values/3-650-174-1>		"nākukwāno"@mch	
"zata"@aro	<http://ids.clld.org/values/10-340-272-3>		<http://ids.clld.org/parameters/10-340>		<http://ids.clld.org/values/10-340-174-1>		"tɨtāwaʔta"@mch	
"poisa"@aro	<http://ids.clld.org/values/14-150-272-3>		<http://ids.clld.org/parameters/14-150>		<http://ids.clld.org/values/14-150-174-1>		"henaʔdohə"@mch	
"-isi"@aro	<http://ids.clld.org/values/16-720-272-1>		<http://ids.clld.org/parameters/16-720>		<http://ids.clld.org/values/16-720-174-1>		"kənemhɨnɨ"@mch	
"noi"@aro	<http://ids.clld.org/values/9-260-272-3>		<http://ids.clld.org/parameters/9-260>		<http://ids.clld.org/values/9-260-174-1>		"-išiča-dɨ"@mch	
"šili"@aro	<http://ids.clld.org/values/16-720-272-3>		<http://ids.clld.org/parameters/16-720>		<http://ids.clld.org/values/16-720-174-1>		"kənemhɨnɨ"@mch	
"hoya"@aro	<http://ids.clld.org/values/11-330-272-3>		<http://ids.clld.org/parameters/11-330>		<http://ids.clld.org/values/11-330-174-1>		"w-ənnanɨʔ-nə"@mch	
"hemi"@aro	<http://ids.clld.org/values/11-130-272-1>		<http://ids.clld.org/parameters/11-130>		<http://ids.clld.org/values/11-130-174-1>		"w-emhan-nə"@mch	
"doc̷oa-ti"@aro	<http://ids.clld.org/values/10-210-272-3>		<http://ids.clld.org/parameters/10-210>		<http://ids.clld.org/values/10-210-174-1>		"w-ənuʔnə"@mch	
"tadi"@aro	<http://ids.clld.org/values/2-350-272-3>		<http://ids.clld.org/parameters/2-350>		<http://ids.clld.org/values/2-350-174-1>		"haha"@mch	
"bata"@aro	<http://ids.clld.org/values/4-300-272-1>		<http://ids.clld.org/parameters/4-300>		<http://ids.clld.org/values/4-300-174-1>		"nkawə"@mch	
"mi"@aro	<http://ids.clld.org/values/2-920-272-1>		<http://ids.clld.org/parameters/2-920>		<http://ids.clld.org/values/2-920-174-1>		"əmədə"@mch	
"zeiye"@aro	<http://ids.clld.org/values/13-170-272-3>		<http://ids.clld.org/parameters/13-170>		<http://ids.clld.org/values/13-170-174-1>		"ākəʔkə"@mch	
"wana"@aro	<http://ids.clld.org/values/7-510-272-1>		<http://ids.clld.org/parameters/7-510>		<http://ids.clld.org/values/7-510-174-1>		"aməʔhɨdɨ"@mch	
"biša"@aro	<http://ids.clld.org/values/12-20-272-1>		<http://ids.clld.org/parameters/12-20>		<http://ids.clld.org/values/12-20-174-1>		"dɨʔtə"@mch	
"dono"@aro	<http://ids.clld.org/values/10-140-272-1>		<http://ids.clld.org/parameters/10-140>		<http://ids.clld.org/values/10-140-174-1>		"weməīya"@mch	
"c̷anati"@aro	<http://ids.clld.org/values/11-310-272-3>		<http://ids.clld.org/parameters/11-310>		<http://ids.clld.org/values/11-310-174-1>		"uhīyɨ"@mch	
"ode"@aro	<http://ids.clld.org/values/7-450-272-1>		<http://ids.clld.org/parameters/7-450>		<http://ids.clld.org/values/7-450-174-1>		"adāwa"@mch	
"walo-i"@aro	<http://ids.clld.org/values/10-851-272-1>		<http://ids.clld.org/parameters/10-851>		<http://ids.clld.org/values/10-851-174-1>		"hēna"@mch	
"hiho"@aro	<http://ids.clld.org/values/8-410-272-3>		<http://ids.clld.org/parameters/8-410>		<http://ids.clld.org/values/8-410-174-1>		"inɲatɨʔtə̄dɨ"@mch	
"wede wede"@aro	<http://ids.clld.org/values/4-940-272-1>		<http://ids.clld.org/parameters/4-940>		<http://ids.clld.org/values/4-940-174-1>		"sekumhe"@mch	
"wac̷i"@aro	<http://ids.clld.org/values/4-370-272-1>		<http://ids.clld.org/parameters/4-370>		<http://ids.clld.org/values/4-370-174-1>		"hūdu"@mch	
"ewai"@aro	<http://ids.clld.org/values/9-790-272-1>		<http://ids.clld.org/parameters/9-790>		<http://ids.clld.org/values/9-790-174-1>		"wadi-wadi"@mch	
"amae"@aro	<http://ids.clld.org/values/15-640-272-1>		<http://ids.clld.org/parameters/15-640>		<http://ids.clld.org/values/15-640-174-1>		"təʔkeʔne"@mch	
"dea"@aro	<http://ids.clld.org/values/2-230-272-1>		<http://ids.clld.org/parameters/2-230>		<http://ids.clld.org/values/2-230-174-1>		"danwa"@mch	
"oc̷o-a"@aro	<http://ids.clld.org/values/1-851-272-3>		<http://ids.clld.org/parameters/1-851>		<http://ids.clld.org/values/1-851-174-1>		"ukā-dɨ"@mch	
"oho"@aro	<http://ids.clld.org/values/2-930-272-7>		<http://ids.clld.org/parameters/2-930>		<http://ids.clld.org/values/2-930-174-1>		"tɨwɨ"@mch	
"kʷipa"@aro	<http://ids.clld.org/values/17-610-272-1>		<http://ids.clld.org/parameters/17-610>		<http://ids.clld.org/values/17-610-174-1>		"ākene"@mch	
"yama"@aro	<http://ids.clld.org/values/2-910-272-3>		<http://ids.clld.org/parameters/2-910>		<http://ids.clld.org/values/2-910-174-1>		"ɨwɨ"@mch	
"hehe"@aro	<http://ids.clld.org/values/18-130-272-1>		<http://ids.clld.org/parameters/18-130>		<http://ids.clld.org/values/18-130-174-1>		"kəʔtɨn-nə"@mch	
"sawa-lili"@aro	<http://ids.clld.org/values/15-680-272-1>		<http://ids.clld.org/parameters/15-680>		<http://ids.clld.org/values/15-680-174-1>		"šēne"@mch	
"aweo"@aro	<http://ids.clld.org/values/1-820-272-1>		<http://ids.clld.org/parameters/1-820>		<http://ids.clld.org/values/1-820-174-1>		"wāʔto"@mch	
"iša"@aro	<http://ids.clld.org/values/10-250-272-3>		<http://ids.clld.org/parameters/10-250>		<http://ids.clld.org/values/10-250-174-1>		"himā-dɨ"@mch	
"kana"@aro	<http://ids.clld.org/values/2-960-272-1>		<http://ids.clld.org/parameters/2-960>		<http://ids.clld.org/values/2-960-174-1>		"tɨnwano"@mch	
"aiǰihae"@aro	<http://ids.clld.org/values/5-140-272-1>		<http://ids.clld.org/parameters/5-140>		<http://ids.clld.org/values/5-140-174-1>		"əmīhe"@mch	
"hememe-i"@aro	<http://ids.clld.org/values/4-460-272-3>		<http://ids.clld.org/parameters/4-460>		<http://ids.clld.org/values/4-460-174-1>		"dudūnoi"@mch	
"da"@aro	<http://ids.clld.org/values/2-930-272-1>		<http://ids.clld.org/parameters/2-930>		<http://ids.clld.org/values/2-930-174-1>		"tɨwɨ"@mch	
"wizi"@aro	<http://ids.clld.org/values/4-232-272-1>		<http://ids.clld.org/parameters/4-232>		<http://ids.clld.org/values/4-232-174-1>		"ənuʔtə"@mch	
"tipae"@aro	<http://ids.clld.org/values/12-30-272-3>		<http://ids.clld.org/parameters/12-30>		<http://ids.clld.org/values/12-30-174-1>		"doʔnə"@mch	
"holakʷa"@aro	<http://ids.clld.org/values/3-592-272-1>		<http://ids.clld.org/parameters/3-592>		<http://ids.clld.org/values/3-592-174-1>		"[dodo]"@mch	
"mawa"@aro	<http://ids.clld.org/values/12-80-272-3>		<http://ids.clld.org/parameters/12-80>		<http://ids.clld.org/values/12-80-174-1>		"kawə̄"@mch	
"ha"@aro	<http://ids.clld.org/values/10-250-272-7>		<http://ids.clld.org/parameters/10-250>		<http://ids.clld.org/values/10-250-174-1>		"himā-dɨ"@mch	
"a-hawa-hawa"@aro	<http://ids.clld.org/values/5-123-272-1>		<http://ids.clld.org/parameters/5-123>		<http://ids.clld.org/values/5-123-174-1>		"sēweyčato"@mch	
"ahe"@aro	<http://ids.clld.org/values/10-450-272-1>		<http://ids.clld.org/parameters/10-450>		<http://ids.clld.org/values/10-450-174-1>		"w-ōhoyma-nə"@mch	
"dohoi"@aro	<http://ids.clld.org/values/19-240-272-1>		<http://ids.clld.org/parameters/19-240>		<http://ids.clld.org/values/19-240-174-1>		"ədāhə"@mch	
"mikana"@aro	<http://ids.clld.org/values/2-950-272-1>		<http://ids.clld.org/parameters/2-950>		<http://ids.clld.org/values/2-950-174-1>		"ənwanno"@mch	
"beni"@aro	<http://ids.clld.org/values/1-720-272-1>		<http://ids.clld.org/parameters/1-720>		<http://ids.clld.org/values/1-720-174-1>		"hehēnčə"@mch	
"abalimi"@aro	<http://ids.clld.org/values/16-810-272-1>		<http://ids.clld.org/parameters/16-810>		<http://ids.clld.org/values/16-810-174-1>		"inɲatahe"@mch	
"e-ana"@aro	<http://ids.clld.org/values/4-260-272-1>		<http://ids.clld.org/parameters/4-260>		<http://ids.clld.org/values/4-260-174-1>		"ɲūdu"@mch	
"a-ize"@aro	<http://ids.clld.org/values/3-820-272-1>		<http://ids.clld.org/parameters/3-820>		<http://ids.clld.org/values/3-820-174-1>		"wannə"@mch	
"tehe"@aro	<http://ids.clld.org/values/17-240-272-1>		<http://ids.clld.org/parameters/17-240>		<http://ids.clld.org/values/17-240-174-1>		"-ōwanoma-"@mch	
"oc̷e"@aro	<http://ids.clld.org/values/2-480-272-1>		<http://ids.clld.org/parameters/2-480>		<http://ids.clld.org/values/2-480-174-1>		"hādɨ"@mch	
"c̷ekele"@aro	<http://ids.clld.org/values/3-930-272-3>		<http://ids.clld.org/parameters/3-930>		<http://ids.clld.org/values/3-930-174-1>		"kɨdatay"@mch	
"akʷi"@aro	<http://ids.clld.org/values/1-420-272-1>		<http://ids.clld.org/parameters/1-420>		<http://ids.clld.org/values/1-420-174-1>		"dē"@mch	
"kʷalolo"@aro	<http://ids.clld.org/values/12-810-272-1>		<http://ids.clld.org/parameters/12-810>		<http://ids.clld.org/values/12-810-174-1>		"kokkoduhaʔto"@mch	
"aise"@aro	<http://ids.clld.org/values/17-680-272-1>		<http://ids.clld.org/parameters/17-680>		<http://ids.clld.org/values/17-680-174-1>		"ənə̄kɨ"@mch	
"lao"@aro	<http://ids.clld.org/values/4-580-272-1>		<http://ids.clld.org/parameters/4-580>		<http://ids.clld.org/values/4-580-174-1>		"ēkādɨ"@mch	
"ahai"@aro	<http://ids.clld.org/values/16-710-272-1>		<http://ids.clld.org/parameters/16-710>		<http://ids.clld.org/values/16-710-174-1>		"ašiča"@mch	
"mimi-kʷae"@aro	<http://ids.clld.org/values/18-221-272-1>		<http://ids.clld.org/parameters/18-221>		<http://ids.clld.org/values/18-221-174-1>		"mēʔkuʔtə̄dɨ"@mch	
"ba"@aro	<http://ids.clld.org/values/17-170-272-1>		<http://ids.clld.org/parameters/17-170>		<http://ids.clld.org/values/17-170-174-1>		"t-owanəkə t-ɨdɨ-dɨ"@mch	
"hoto"@aro	<http://ids.clld.org/values/3-840-272-1>		<http://ids.clld.org/parameters/3-840>		<http://ids.clld.org/values/3-840-174-1>		"motto"@mch	
"-wena"@aro	<http://ids.clld.org/values/14-480-272-1>		<http://ids.clld.org/parameters/14-480>		<http://ids.clld.org/values/14-480-174-1>		"henamma"@mch	
"ziki"@aro	<http://ids.clld.org/values/9-760-272-5>		<http://ids.clld.org/parameters/9-760>		<http://ids.clld.org/values/9-760-174-1>		"wɨ̄wa"@mch	
"bai"@aro	<http://ids.clld.org/values/1-330-272-1>		<http://ids.clld.org/parameters/1-330>		<http://ids.clld.org/values/1-330-174-1>		"čūʔhə"@mch	
"bi(y)o"@aro	<http://ids.clld.org/values/12-330-272-1>		<http://ids.clld.org/parameters/12-330>		<http://ids.clld.org/values/12-330-174-1>		"akoiʔčaʔhɨdɨ"@mch	
"neti"@aro	<http://ids.clld.org/values/4-740-272-3>		<http://ids.clld.org/parameters/4-740>		<http://ids.clld.org/values/4-740-174-1>		"wenɲə"@mch	
"koc̷o"@aro	<http://ids.clld.org/values/17-660-272-3>		<http://ids.clld.org/parameters/17-660>		<http://ids.clld.org/values/17-660-174-1>		"ə̄iša"@mch	
"heti"@aro	<http://ids.clld.org/values/10-620-272-1>		<http://ids.clld.org/parameters/10-620>		<http://ids.clld.org/values/10-620-174-1>		"-enehɨ"@mch	
"didia"@aro	<http://ids.clld.org/values/5-110-272-3>		<http://ids.clld.org/parameters/5-110>		<http://ids.clld.org/values/5-110-174-1>		"wowašīnčənə"@mch	
"no-lipi"@aro	<http://ids.clld.org/values/2-445-272-3>		<http://ids.clld.org/parameters/2-445>		<http://ids.clld.org/values/2-445-174-1>		"šīʔčɨ"@mch	
"zowiwi"@aro	<http://ids.clld.org/values/5-124-272-1>		<http://ids.clld.org/parameters/5-124>		<http://ids.clld.org/values/5-124-174-1>		"šēne"@mch	
"peada"@aro	<http://ids.clld.org/values/13-10-272-1>		<http://ids.clld.org/parameters/13-10>		<http://ids.clld.org/values/13-10-174-1>		"tōni"@mch	
"bia"@aro	<http://ids.clld.org/values/3-823-272-1>		<http://ids.clld.org/parameters/3-823>		<http://ids.clld.org/values/3-823-174-1>		"sūnwa"@mch	
"a-bikʷe"@aro	<http://ids.clld.org/values/15-810-272-1>		<http://ids.clld.org/parameters/15-810>		<http://ids.clld.org/values/15-810-174-1>		"tamənɲato"@mch	
"zao"@aro	<http://ids.clld.org/values/2-440-272-1>		<http://ids.clld.org/parameters/2-440>		<http://ids.clld.org/values/2-440-174-1>		"-nuwā-dɨ"@mch	
"e-me"@aro	<http://ids.clld.org/values/4-330-272-1>		<http://ids.clld.org/parameters/4-330>		<http://ids.clld.org/values/4-330-174-1>		"amō-dɨ"@mch	
"kʷaba"@aro	<http://ids.clld.org/values/9-760-272-1>		<http://ids.clld.org/parameters/9-760>		<http://ids.clld.org/values/9-760-174-1>		"wɨ̄wa"@mch	
"badi"@aro	<http://ids.clld.org/values/1-530-272-1>		<http://ids.clld.org/parameters/1-530>		<http://ids.clld.org/values/1-530-174-1>		"nūnə"@mch	
"kʷac̷a"@aro	<http://ids.clld.org/values/4-240-272-1>		<http://ids.clld.org/parameters/4-240>		<http://ids.clld.org/values/4-240-174-1>		"ənta"@mch	
"kʷama-ha"@aro	<http://ids.clld.org/values/2-942-272-3>		<http://ids.clld.org/parameters/2-942>		<http://ids.clld.org/values/2-942-174-1>		"nɲa"@mch	
"bi-kʷae-baha"@aro	<http://ids.clld.org/values/18-310-272-1>		<http://ids.clld.org/parameters/18-310>		<http://ids.clld.org/values/18-310-174-1>		"-ekammaho-"@mch	
"zilo"@aro	<http://ids.clld.org/values/12-230-272-1>		<http://ids.clld.org/parameters/12-230>		<http://ids.clld.org/values/12-230-174-1>		"šādamadɨ̄he"@mch	
