"maj.6"@kkh	<http://ids.clld.org/values/1-851-408-3>		<http://ids.clld.org/parameters/1-851>		<http://ids.clld.org/values/1-851-823-1>		"tu:c.3"@scb-x-rucc1239	
"pa:.2"@kkh	<http://ids.clld.org/values/1-410-408-1>		<http://ids.clld.org/parameters/1-410>		<http://ids.clld.org/values/1-410-823-1>		"brw.3"@scb-x-rucc1239	
"kwan.1"@kkh	<http://ids.clld.org/values/1-830-408-1>		<http://ids.clld.org/parameters/1-830>		<http://ids.clld.org/values/1-830-823-1>		"kahɔ:j.3"@scb-x-rucc1239	
"kwan.1"@kkh	<http://ids.clld.org/values/1-830-408-1>		<http://ids.clld.org/parameters/1-830>		<http://ids.clld.org/values/1-830-823-2>		"camaŋ.1"@scb-x-rucc1239	
"kwan.1"@kkh	<http://ids.clld.org/values/1-830-408-1>		<http://ids.clld.org/parameters/1-830>		<http://ids.clld.org/values/1-830-823-3>		"patj.1"@scb-x-rucc1239	
"hɛm.3"@kkh	<http://ids.clld.org/values/4-760-408-3>		<http://ids.clld.org/parameters/4-760>		<http://ids.clld.org/values/4-760-823-1>		"kacit"@scb-x-rucc1239	
"kha:.6"@kkh	<http://ids.clld.org/values/4-760-408-1>		<http://ids.clld.org/parameters/4-760>		<http://ids.clld.org/values/4-760-823-1>		"kacit"@scb-x-rucc1239	
"lu:k.4 ca:j.1"@kkh	<http://ids.clld.org/values/2-410-408-1>		<http://ids.clld.org/parameters/2-410>		<http://ids.clld.org/values/2-410-823-1>		"kɔ:n.1 puku:ń.3"@scb-x-rucc1239	
"sa:.3-mi.1-ka.1"@kkh	<http://ids.clld.org/values/2-310-408-3>		<http://ids.clld.org/parameters/2-310>		<http://ids.clld.org/values/2-310-823-1>		"məku:ń.3"@scb-x-rucc1239	
"lu:k.4 jiŋ.1"@kkh	<http://ids.clld.org/values/2-420-408-1>		<http://ids.clld.org/parameters/2-420>		<http://ids.clld.org/values/2-420-823-1>		"kɔ:n.1 pukj.3"@scb-x-rucc1239	
"pa:.6"@kkh	<http://ids.clld.org/values/2-521-408-3>		<http://ids.clld.org/parameters/2-521>		<http://ids.clld.org/values/2-521-823-1>		"na:j.1"@scb-x-rucc1239	
"pa:.6"@kkh	<http://ids.clld.org/values/2-521-408-3>		<http://ids.clld.org/parameters/2-521>		<http://ids.clld.org/values/2-521-823-2>		"mɨ.4"@scb-x-rucc1239	
"nam.5 tɔk.1 ta:t.2"@kkh	<http://ids.clld.org/values/1-390-408-1>		<http://ids.clld.org/parameters/1-390>		<http://ids.clld.org/values/1-390-823-1>		"tha:k.3 da:k.3"@scb-x-rucc1239	
"la.1-ʔɔn.2 ca:j.1"@kkh	<http://ids.clld.org/values/2-250-408-1>		<http://ids.clld.org/parameters/2-250>		<http://ids.clld.org/values/2-250-823-1>		"ba:w.1"@scb-x-rucc1239	
"nam.5 puŋ.2"@kkh	<http://ids.clld.org/values/1-370-408-1>		<http://ids.clld.org/parameters/1-370>		<http://ids.clld.org/values/1-370-823-1>		"ru:k.4"@scb-x-rucc1239	
"tha:n.2 maj.5"@kkh	<http://ids.clld.org/values/1-890-408-1>		<http://ids.clld.org/parameters/1-890>		<http://ids.clld.org/values/1-890-823-1>		"laŋ.caŋ.1"@scb-x-rucc1239	
"tham.6"@kkh	<http://ids.clld.org/values/1-280-408-1>		<http://ids.clld.org/parameters/1-280>		<http://ids.clld.org/values/1-280-823-1>		"kɨ:p.4"@scb-x-rucc1239	
"la:n.3 jiŋ.1"@kkh	<http://ids.clld.org/values/2-490-408-1>		<http://ids.clld.org/parameters/2-490>		<http://ids.clld.org/values/2-490-823-1>		"cw.3"@scb-x-rucc1239	
"sum.3 phaj.1"@kkh	<http://ids.clld.org/values/1-860-408-1>		<http://ids.clld.org/parameters/1-860>		<http://ids.clld.org/values/1-860-823-1>		"tu:c.3"@scb-x-rucc1239	
"tɔŋ.5 pha:.5"@kkh	<http://ids.clld.org/values/1-510-408-1>		<http://ids.clld.org/parameters/1-510>		<http://ids.clld.org/values/1-510-823-1>		"plə:j.2"@scb-x-rucc1239	
"huŋ.1-haj.1 kin.3 nam.5"@kkh	<http://ids.clld.org/values/1-590-408-1>		<http://ids.clld.org/parameters/1-590>		<http://ids.clld.org/values/1-590-823-1>		"ro:ŋ.1"@scb-x-rucc1239	
"nam.5 mə:j.3"@kkh	<http://ids.clld.org/values/1-640-408-1>		<http://ids.clld.org/parameters/1-640>		<http://ids.clld.org/values/1-640-823-1>		"da:k.3 mw.2"@scb-x-rucc1239	
"ʔa:.1"@kkh	<http://ids.clld.org/values/2-522-408-1>		<http://ids.clld.org/parameters/2-522>		<http://ids.clld.org/values/2-522-823-2>		"ʔɔ.1"@scb-x-rucc1239	
"ʔa:.1"@kkh	<http://ids.clld.org/values/2-522-408-1>		<http://ids.clld.org/parameters/2-522>		<http://ids.clld.org/values/2-522-823-1>		"ja.1"@scb-x-rucc1239	
"pha:.5 hɔ:ŋ.5"@kkh	<http://ids.clld.org/values/1-560-408-1>		<http://ids.clld.org/parameters/1-560>		<http://ids.clld.org/values/1-560-823-1>		"krɨ:m.4"@scb-x-rucc1239	
"me:k.4"@kkh	<http://ids.clld.org/values/1-730-408-1>		<http://ids.clld.org/parameters/1-730>		<http://ids.clld.org/values/1-730-823-1>		"məl.1"@scb-x-rucc1239	
"pɔ:.4 pho:.3"@kkh	<http://ids.clld.org/values/2-610-408-1>		<http://ids.clld.org/parameters/2-610>		<http://ids.clld.org/values/2-610-823-1>		"pɨ.4 makj.#"@scb-x-rucc1239	
"kun.2 muk.5"@kkh	<http://ids.clld.org/values/1-213-408-1>		<http://ids.clld.org/parameters/1-213>		<http://ids.clld.org/values/1-213-823-1>		"kəhɔ:j.3"@scb-x-rucc1239	
"ŋaj.4"@kkh	<http://ids.clld.org/values/1-212-408-1>		<http://ids.clld.org/parameters/1-212>		<http://ids.clld.org/values/1-212-823-1>		"bə:n.3"@scb-x-rucc1239	
"na:.6 pha:.3"@kkh	<http://ids.clld.org/values/1-222-408-1>		<http://ids.clld.org/parameters/1-222>		<http://ids.clld.org/values/1-222-823-1>		"kupə:ŋ.1"@scb-x-rucc1239	
"ŋaw.1"@kkh	<http://ids.clld.org/values/1-630-408-1>		<http://ids.clld.org/parameters/1-630>		<http://ids.clld.org/values/1-630-823-1>		"pɔ:ŋ.3"@scb-x-rucc1239	
"pu:.2 ta:.3"@kkh	<http://ids.clld.org/values/2-460-408-1>		<http://ids.clld.org/parameters/2-460>		<http://ids.clld.org/values/2-460-823-1>		"pw.1"@scb-x-rucc1239	
"pu:.2 ta:.3"@kkh	<http://ids.clld.org/values/2-460-408-1>		<http://ids.clld.org/parameters/2-460>		<http://ids.clld.org/values/2-460-823-2>		"ta.1"@scb-x-rucc1239	
"pi:.4 nɔ:ŋ.5"@kkh	<http://ids.clld.org/values/2-456-408-1>		<http://ids.clld.org/parameters/2-456>		<http://ids.clld.org/values/2-456-823-1>		"ceɛ.4 məaŋ.4"@scb-x-rucc1239	
"phaw.3"@kkh	<http://ids.clld.org/values/1-851-408-1>		<http://ids.clld.org/parameters/1-851>		<http://ids.clld.org/values/1-851-823-1>		"tu:c.3"@scb-x-rucc1239	
"me:.1"@kkh	<http://ids.clld.org/values/2-320-408-1>		<http://ids.clld.org/parameters/2-320>		<http://ids.clld.org/values/2-320-823-1>		"makj.3"@scb-x-rucc1239	
"la:w.1"@kkh	<http://ids.clld.org/values/1-540-408-1>		<http://ids.clld.org/parameters/1-540>		<http://ids.clld.org/values/1-540-823-1>		"kumi:ŋ.1"@scb-x-rucc1239	
"mɛ:.4 pho:.3"@kkh	<http://ids.clld.org/values/2-620-408-1>		<http://ids.clld.org/parameters/2-620>		<http://ids.clld.org/values/2-620-823-1>		"meɛ.4 makj.3"@scb-x-rucc1239	
"tsa:j.1"@kkh	<http://ids.clld.org/values/1-215-408-1>		<http://ids.clld.org/parameters/1-215>		<http://ids.clld.org/values/1-215-823-1>		"təka:c.3"@scb-x-rucc1239	
"nam.5 pan.2 waj.3"@kkh	<http://ids.clld.org/values/1-362-408-1>		<http://ids.clld.org/parameters/1-362>		<http://ids.clld.org/values/1-362-823-1>		"da:k.3 thuəj.3"@scb-x-rucc1239	
"kon.1"@kkh	<http://ids.clld.org/values/2-100-408-3>		<http://ids.clld.org/parameters/2-100>		<http://ids.clld.org/values/2-100-823-1>		"ŋa:j.2"@scb-x-rucc1239	
"pu:.4 ca:j.1"@kkh	<http://ids.clld.org/values/2-210-408-1>		<http://ids.clld.org/parameters/2-210>		<http://ids.clld.org/values/2-210-823-1>		"puku:ń.3"@scb-x-rucc1239	
"lə:n.1"@kkh	<http://ids.clld.org/values/1-530-408-1>		<http://ids.clld.org/parameters/1-530>		<http://ids.clld.org/values/1-530-823-1>		"puləan.2"@scb-x-rucc1239	
"khi:.6 taw.4"@kkh	<http://ids.clld.org/values/1-840-408-1>		<http://ids.clld.org/parameters/1-840>		<http://ids.clld.org/values/1-840-823-1>		"tapeh.1"@scb-x-rucc1239	
"maj.5"@kkh	<http://ids.clld.org/values/1-430-408-1>		<http://ids.clld.org/parameters/1-430>		<http://ids.clld.org/values/1-430-823-1>		"kəʌj.2"@scb-x-rucc1239	
"nɔ:ŋ.5 ca:j.1"@kkh	<http://ids.clld.org/values/2-445-408-1>		<http://ids.clld.org/parameters/2-445>		<http://ids.clld.org/values/2-445-823-1>		"ceɛ.4"@scb-x-rucc1239	
"na:.5"@kkh	<http://ids.clld.org/values/2-521-408-1>		<http://ids.clld.org/parameters/2-521>		<http://ids.clld.org/values/2-521-823-1>		"na:j.1"@scb-x-rucc1239	
"na:.5"@kkh	<http://ids.clld.org/values/2-521-408-1>		<http://ids.clld.org/parameters/2-521>		<http://ids.clld.org/values/2-521-823-2>		"mɨ.4"@scb-x-rucc1239	
"phaj.1"@kkh	<http://ids.clld.org/values/1-810-408-1>		<http://ids.clld.org/parameters/1-810>		<http://ids.clld.org/values/1-810-823-1>		"ku:r.1"@scb-x-rucc1239	
"ca:j.1 ba:w.2"@kkh	<http://ids.clld.org/values/2-251-408-1>		<http://ids.clld.org/parameters/2-251>		<http://ids.clld.org/values/2-251-823-1>		"ba:w.1"@scb-x-rucc1239	
"ta:.3 wan.1"@kkh	<http://ids.clld.org/values/1-520-408-1>		<http://ids.clld.org/parameters/1-520>		<http://ids.clld.org/values/1-520-823-1>		"məʌt.4 kara:ŋ.1"@scb-x-rucc1239	
"lo:.3"@kkh	<http://ids.clld.org/values/1-880-408-1>		<http://ids.clld.org/parameters/1-880>		<http://ids.clld.org/values/1-880-823-1>		"ku:r.1"@scb-x-rucc1239	
"khaw.3"@kkh	<http://ids.clld.org/values/4-170-408-1>		<http://ids.clld.org/parameters/4-170>		<http://ids.clld.org/values/4-170-823-1>		"krɨŋ"@scb-x-rucc1239	
"phɛn.2 lin.1"@kkh	<http://ids.clld.org/values/1-210-408-1>		<http://ids.clld.org/parameters/1-210>		<http://ids.clld.org/values/1-210-823-1>		"bə:n.3"@scb-x-rucc1239	
"luŋ.1"@kkh	<http://ids.clld.org/values/2-512-408-3>		<http://ids.clld.org/parameters/2-512>		<http://ids.clld.org/values/2-512-823-1>		"pw.2"@scb-x-rucc1239	
"luŋ.1"@kkh	<http://ids.clld.org/values/2-512-408-3>		<http://ids.clld.org/parameters/2-512>		<http://ids.clld.org/values/2-512-823-2>		"poɔ.4"@scb-x-rucc1239	
"phaŋ.2"@kkh	<http://ids.clld.org/values/1-270-408-1>		<http://ids.clld.org/parameters/1-270>		<http://ids.clld.org/values/1-270-823-1>		"kupə:ŋ.1"@scb-x-rucc1239	
"khi:.6 pəʔ.1"@kkh	<http://ids.clld.org/values/1-214-408-3>		<http://ids.clld.org/parameters/1-214>		<http://ids.clld.org/values/1-214-823-1>		"la:r.4"@scb-x-rucc1239	
"pi:.4 ca:j.1"@kkh	<http://ids.clld.org/values/2-444-408-1>		<http://ids.clld.org/parameters/2-444>		<http://ids.clld.org/values/2-444-823-1>		"məaŋ.4"@scb-x-rucc1239	
"lɔ:j.1"@kkh	<http://ids.clld.org/values/1-220-408-1>		<http://ids.clld.org/parameters/1-220>		<http://ids.clld.org/values/1-220-823-2>		"do:l.1"@scb-x-rucc1239	
"lɔ:j.1"@kkh	<http://ids.clld.org/values/1-220-408-1>		<http://ids.clld.org/parameters/1-220>		<http://ids.clld.org/values/1-220-823-1>		"cɨ:t.3"@scb-x-rucc1239	
"nam.5"@kkh	<http://ids.clld.org/values/1-310-408-1>		<http://ids.clld.org/parameters/1-310>		<http://ids.clld.org/values/1-310-823-1>		"da:k.3"@scb-x-rucc1239	
"luŋ.1"@kkh	<http://ids.clld.org/values/2-511-408-3>		<http://ids.clld.org/parameters/2-511>		<http://ids.clld.org/values/2-511-823-1>		"ta.1"@scb-x-rucc1239	
"luŋ.1"@kkh	<http://ids.clld.org/values/2-511-408-3>		<http://ids.clld.org/parameters/2-511>		<http://ids.clld.org/values/2-511-823-2>		"ta.1"@scb-x-rucc1239	
"luŋ.1"@kkh	<http://ids.clld.org/values/2-511-408-3>		<http://ids.clld.org/parameters/2-511>		<http://ids.clld.org/values/2-511-823-3>		"kw.4"@scb-x-rucc1239	
"ʔa:.1"@kkh	<http://ids.clld.org/values/2-512-408-1>		<http://ids.clld.org/parameters/2-512>		<http://ids.clld.org/values/2-512-823-1>		"pw.2"@scb-x-rucc1239	
"ʔa:.1"@kkh	<http://ids.clld.org/values/2-512-408-1>		<http://ids.clld.org/parameters/2-512>		<http://ids.clld.org/values/2-512-823-2>		"poɔ.4"@scb-x-rucc1239	
"jiŋ.1 sa:w.3"@kkh	<http://ids.clld.org/values/2-261-408-1>		<http://ids.clld.org/parameters/2-261>		<http://ids.clld.org/values/2-261-823-1>		"puma:j.3"@scb-x-rucc1239	
"mɛ:.4"@kkh	<http://ids.clld.org/values/2-240-408-1>		<http://ids.clld.org/parameters/2-240>		<http://ids.clld.org/values/2-240-823-1>		"kj.3"@scb-x-rucc1239	
"lɔm.1"@kkh	<http://ids.clld.org/values/1-720-408-1>		<http://ids.clld.org/parameters/1-720>		<http://ids.clld.org/values/1-720-823-1>		"kajɔ.3"@scb-x-rucc1239	
"maj.6"@kkh	<http://ids.clld.org/values/1-852-408-3>		<http://ids.clld.org/parameters/1-852>		<http://ids.clld.org/values/1-852-823-1>		"kɨcɔh.1"@scb-x-rucc1239	
"phɔn.3"@kkh	<http://ids.clld.org/values/1-750-408-1>		<http://ids.clld.org/parameters/1-750>		<http://ids.clld.org/values/1-750-823-1>		"kəməa.2"@scb-x-rucc1239	
"la:n.3 ca:j.1"@kkh	<http://ids.clld.org/values/2-480-408-1>		<http://ids.clld.org/parameters/2-480>		<http://ids.clld.org/values/2-480-823-1>		"cw.3"@scb-x-rucc1239	
"la.1-ʔɔn.2 nɔ:j.4"@kkh	<http://ids.clld.org/values/2-280-408-1>		<http://ids.clld.org/parameters/2-280>		<http://ids.clld.org/values/2-280-823-1>		"pucɔ:j.3"@scb-x-rucc1239	
"mɛ:.4 me:.1"@kkh	<http://ids.clld.org/values/2-621-408-1>		<http://ids.clld.org/parameters/2-621>		<http://ids.clld.org/values/2-621-823-1>		"meɛ.4 maku:ń.3"@scb-x-rucc1239	
"xɔn.1"@kkh	<http://ids.clld.org/values/2-100-408-1>		<http://ids.clld.org/parameters/2-100>		<http://ids.clld.org/values/2-100-823-1>		"ŋa:j.2"@scb-x-rucc1239	
"mə:j.3"@kkh	<http://ids.clld.org/values/1-740-408-1>		<http://ids.clld.org/parameters/1-740>		<http://ids.clld.org/values/1-740-823-1>		"tulu:k.3"@scb-x-rucc1239	
"khɔn.1 thaw.6 jiŋ.1"@kkh	<http://ids.clld.org/values/2-471-408-1>		<http://ids.clld.org/parameters/2-471>		<http://ids.clld.org/values/2-471-823-1>		"moɔ.4 kuməʌk.4"@scb-x-rucc1239	
"tɔn.6 cə:.5 sa:j.3"@kkh	<http://ids.clld.org/values/2-560-408-1>		<http://ids.clld.org/parameters/2-560>		<http://ids.clld.org/values/2-560-823-1>		"ʔo:ŋ.1 pluok.4"@scb-x-rucc1239	
"la:n.3 jiŋ.1"@kkh	<http://ids.clld.org/values/2-540-408-1>		<http://ids.clld.org/parameters/2-540>		<http://ids.clld.org/values/2-540-823-1>		"cw.3"@scb-x-rucc1239	
"pho:.3"@kkh	<http://ids.clld.org/values/2-310-408-1>		<http://ids.clld.org/parameters/2-310>		<http://ids.clld.org/values/2-310-823-1>		"məku:ń.3"@scb-x-rucc1239	
"lɔm.1 lo:ŋ.3"@kkh	<http://ids.clld.org/values/1-580-408-1>		<http://ids.clld.org/parameters/1-580>		<http://ids.clld.org/values/1-580-823-1>		"pa:w.4"@scb-x-rucc1239	
"pha:.5 mɛ:p.4"@kkh	<http://ids.clld.org/values/1-550-408-1>		<http://ids.clld.org/parameters/1-550>		<http://ids.clld.org/values/1-550-823-1>		"ala:r.3"@scb-x-rucc1239	
"naj.1 hoj.6"@kkh	<http://ids.clld.org/values/1-240-408-1>		<http://ids.clld.org/parameters/1-240>		<http://ids.clld.org/values/1-240-823-1>		"ulu:ŋ.1"@scb-x-rucc1239	
"ʔi.1-na:j.1"@kkh	<http://ids.clld.org/values/2-470-408-1>		<http://ids.clld.org/parameters/2-470>		<http://ids.clld.org/values/2-470-823-1>		"za.1"@scb-x-rucc1239	
"ʔi.1-na:j.1"@kkh	<http://ids.clld.org/values/2-470-408-1>		<http://ids.clld.org/parameters/2-470>		<http://ids.clld.org/values/2-470-823-2>		"na:j.1"@scb-x-rucc1239	
"khɔn.2 thaw.6 ca:j.1"@kkh	<http://ids.clld.org/values/2-461-408-1>		<http://ids.clld.org/parameters/2-461>		<http://ids.clld.org/values/2-461-823-1>		"ʔo:ŋ.1 kuməʌk.4"@scb-x-rucc1239	
"pu:.4"@kkh	<http://ids.clld.org/values/2-230-408-1>		<http://ids.clld.org/parameters/2-230>		<http://ids.clld.org/values/2-230-823-1>		"tɨk.4"@scb-x-rucc1239	
"la.1-ʔɔn.2"@kkh	<http://ids.clld.org/values/2-270-408-1>		<http://ids.clld.org/parameters/2-270>		<http://ids.clld.org/values/2-270-823-1>		"kɔ:n.1"@scb-x-rucc1239	
"nɔ:ŋ.5 jiŋ.1"@kkh	<http://ids.clld.org/values/2-455-408-1>		<http://ids.clld.org/parameters/2-455>		<http://ids.clld.org/values/2-455-823-1>		"ceɛ.$"@scb-x-rucc1239	
"pha.1 ʔa:.1-tit.5"@kkh	<http://ids.clld.org/values/1-520-408-3>		<http://ids.clld.org/parameters/1-520>		<http://ids.clld.org/values/1-520-823-1>		"məʌt.4 kara:ŋ.1"@scb-x-rucc1239	
"pɔ:.4"@kkh	<http://ids.clld.org/values/2-350-408-1>		<http://ids.clld.org/parameters/2-350>		<http://ids.clld.org/values/2-350-823-1>		"pɨ.4"@scb-x-rucc1239	
"luk.5"@kkh	<http://ids.clld.org/values/1-852-408-1>		<http://ids.clld.org/parameters/1-852>		<http://ids.clld.org/values/1-852-823-1>		"kɨcɔh.1"@scb-x-rucc1239	
"mɛ:.4 jiŋ.1"@kkh	<http://ids.clld.org/values/2-220-408-1>		<http://ids.clld.org/parameters/2-220>		<http://ids.clld.org/values/2-220-823-1>		"pukj.3"@scb-x-rucc1239	
"la.1-ʔɔn.2 jiŋ.1"@kkh	<http://ids.clld.org/values/2-260-408-1>		<http://ids.clld.org/parameters/2-260>		<http://ids.clld.org/values/2-260-823-1>		"puma:j.3"@scb-x-rucc1239	
"pha.1-ri.1-ja:.1"@kkh	<http://ids.clld.org/values/2-320-408-3>		<http://ids.clld.org/parameters/2-320>		<http://ids.clld.org/values/2-320-823-1>		"makj.3"@scb-x-rucc1239	
"kin.3 khɛ:k.2"@kkh	<http://ids.clld.org/values/2-330-408-1>		<http://ids.clld.org/parameters/2-330>		<http://ids.clld.org/values/2-330-823-2>		"lj.4 maku:ń.3"@scb-x-rucc1239	
"kin.3 khɛ:k.2"@kkh	<http://ids.clld.org/values/2-330-408-1>		<http://ids.clld.org/parameters/2-330>		<http://ids.clld.org/values/2-330-823-3>		"dɔ:ŋ.1"@scb-x-rucc1239	
"kin.3 khɛ:k.2"@kkh	<http://ids.clld.org/values/2-330-408-1>		<http://ids.clld.org/parameters/2-330>		<http://ids.clld.org/values/2-330-823-1>		"lj.4 makj.3"@scb-x-rucc1239	
"phɔ:ŋ.1"@kkh	<http://ids.clld.org/values/1-324-408-1>		<http://ids.clld.org/parameters/1-324>		<http://ids.clld.org/values/1-324-823-1>		"pɔh.pɔh.1"@scb-x-rucc1239	
"pɛ:t.4"@kkh	<http://ids.clld.org/values/2-341-408-1>		<http://ids.clld.org/parameters/2-341>		<http://ids.clld.org/values/2-341-823-1>		"ßɨʌt.4"@scb-x-rucc1239	
"ŋaj.4 pəʔ.1"@kkh	<http://ids.clld.org/values/1-214-408-1>		<http://ids.clld.org/parameters/1-214>		<http://ids.clld.org/values/1-214-823-1>		"la:r.4"@scb-x-rucc1239	
"la:n.3 ca:j.1"@kkh	<http://ids.clld.org/values/2-530-408-1>		<http://ids.clld.org/parameters/2-530>		<http://ids.clld.org/values/2-530-823-1>		"cw.3"@scb-x-rucc1239	
"baw.2"@kkh	<http://ids.clld.org/values/17-560-408-1>		<http://ids.clld.org/parameters/17-560>		<http://ids.clld.org/values/17-560-823-1>		"lata.3"@scb-x-rucc1239	
"na:.5"@kkh	<http://ids.clld.org/values/2-511-408-1>		<http://ids.clld.org/parameters/2-511>		<http://ids.clld.org/values/2-511-823-1>		"ta.1"@scb-x-rucc1239	
"na:.5"@kkh	<http://ids.clld.org/values/2-511-408-1>		<http://ids.clld.org/parameters/2-511>		<http://ids.clld.org/values/2-511-823-2>		"ta.1"@scb-x-rucc1239	
"na:.5"@kkh	<http://ids.clld.org/values/2-511-408-1>		<http://ids.clld.org/parameters/2-511>		<http://ids.clld.org/values/2-511-823-3>		"kw.4"@scb-x-rucc1239	
"pi:.4 jiŋ.1"@kkh	<http://ids.clld.org/values/2-454-408-1>		<http://ids.clld.org/parameters/2-454>		<http://ids.clld.org/values/2-454-823-1>		"cj.4"@scb-x-rucc1239	
"lin.1"@kkh	<http://ids.clld.org/values/1-212-408-3>		<http://ids.clld.org/parameters/1-212>		<http://ids.clld.org/values/1-212-823-1>		"bə:n.3"@scb-x-rucc1239	
"hoj.6"@kkh	<http://ids.clld.org/values/1-360-408-1>		<http://ids.clld.org/parameters/1-360>		<http://ids.clld.org/values/1-360-823-1>		"ju:ŋ.4"@scb-x-rucc1239	
"hoj.6"@kkh	<http://ids.clld.org/values/1-360-408-1>		<http://ids.clld.org/parameters/1-360>		<http://ids.clld.org/values/1-360-823-2>		"cərɔ:k.3"@scb-x-rucc1239	
"pha.1 can.3"@kkh	<http://ids.clld.org/values/1-530-408-3>		<http://ids.clld.org/parameters/1-530>		<http://ids.clld.org/values/1-530-823-1>		"puləan.2"@scb-x-rucc1239	
"pɔ:.4 me:.1"@kkh	<http://ids.clld.org/values/2-611-408-1>		<http://ids.clld.org/parameters/2-611>		<http://ids.clld.org/values/2-611-823-1>		"pɨ.4 maju:ń.3"@scb-x-rucc1239	
"pa:.6"@kkh	<http://ids.clld.org/values/2-522-408-3>		<http://ids.clld.org/parameters/2-522>		<http://ids.clld.org/values/2-522-823-2>		"ʔɔ.1"@scb-x-rucc1239	
"pa:.6"@kkh	<http://ids.clld.org/values/2-522-408-3>		<http://ids.clld.org/parameters/2-522>		<http://ids.clld.org/values/2-522-823-1>		"ja.1"@scb-x-rucc1239	
