"maj.6"@kkh	<http://ids.clld.org/values/1-851-408-3>		<http://ids.clld.org/parameters/1-851>		<http://ids.clld.org/values/1-851-174-1>		"ukā-dɨ"@mch	
"tam.2"@kkh	<http://ids.clld.org/values/20-640-408-1>		<http://ids.clld.org/parameters/20-640>		<http://ids.clld.org/values/20-640-174-1>		"hāno"@mch	
"nɔ:j.5"@kkh	<http://ids.clld.org/values/13-170-408-1>		<http://ids.clld.org/parameters/13-170>		<http://ids.clld.org/values/13-170-174-1>		"ākəʔkə"@mch	
"sɛw.2 ʔa:j.1"@kkh	<http://ids.clld.org/values/15-210-408-1>		<http://ids.clld.org/parameters/15-210>		<http://ids.clld.org/values/15-210-174-1>		"hyoʔhōdɨ"@mch	
"kwə:n.3"@kkh	<http://ids.clld.org/values/20-222-408-1>		<http://ids.clld.org/parameters/20-222>		<http://ids.clld.org/values/20-222-174-1>		"wɨ̄wɨ"@mch	
"ʔan.1 ti:.4 nɨŋ.4"@kkh	<http://ids.clld.org/values/13-340-408-1>		<http://ids.clld.org/parameters/13-340>		<http://ids.clld.org/values/13-340-174-1>		"awaʔde"@mch	
"tɛ:.2 tɔn.6"@kkh	<http://ids.clld.org/values/14-250-408-3>		<http://ids.clld.org/parameters/14-250>		<http://ids.clld.org/values/14-250-174-1>		"ahəntədɨ"@mch	
"sɔ:n.3"@kkh	<http://ids.clld.org/values/17-250-408-1>		<http://ids.clld.org/parameters/17-250>		<http://ids.clld.org/values/17-250-174-1>		"-owānoma-"@mch	
"ma:.1"@kkh	<http://ids.clld.org/values/10-480-408-1>		<http://ids.clld.org/parameters/10-480>		<http://ids.clld.org/values/10-480-174-1>		"w-eʔ-nə"@mch	
"pa:.2"@kkh	<http://ids.clld.org/values/1-410-408-1>		<http://ids.clld.org/parameters/1-410>		<http://ids.clld.org/values/1-410-174-1>		"čūta"@mch	
"khɔŋ.3"@kkh	<http://ids.clld.org/values/11-180-408-1>		<http://ids.clld.org/parameters/11-180>		<http://ids.clld.org/values/11-180-174-1>		"k-ɨnnɨdɨʔ-komo"@mch	
"nu:.3"@kkh	<http://ids.clld.org/values/3-630-408-1>		<http://ids.clld.org/parameters/3-630>		<http://ids.clld.org/values/3-630-174-1>		"asɨ̄kɨ"@mch	
"bi:p.2"@kkh	<http://ids.clld.org/values/9-343-408-1>		<http://ids.clld.org/parameters/9-343>		<http://ids.clld.org/values/9-343-174-1>		"eʔkukā-dɨ"@mch	
"mɛ:.4"@kkh	<http://ids.clld.org/values/2-360-408-1>		<http://ids.clld.org/parameters/2-360>		<http://ids.clld.org/values/2-360-174-1>		"denɨ"@mch	
"si:.3 khun.2"@kkh	<http://ids.clld.org/values/15-630-408-1>		<http://ids.clld.org/parameters/15-630>		<http://ids.clld.org/values/15-630-174-1>		"tɨhe"@mch	
"cɔm.3"@kkh	<http://ids.clld.org/values/10-330-408-1>		<http://ids.clld.org/parameters/10-330>		<http://ids.clld.org/values/10-330-174-1>		"yehuʔkwai"@mch	
"la:j.6"@kkh	<http://ids.clld.org/values/6-380-408-1>		<http://ids.clld.org/parameters/6-380>		<http://ids.clld.org/values/6-380-174-1>		"hakūdimɨʔtɨ"@mch	
"ci:.1-wit.1 (Pali)"@kkh	<http://ids.clld.org/values/4-740-408-1>		<http://ids.clld.org/parameters/4-740>		<http://ids.clld.org/values/4-740-174-1>		"wenɲə"@mch	
"so:m.6"@kkh	<http://ids.clld.org/values/7-210-408-1>		<http://ids.clld.org/parameters/7-210>		<http://ids.clld.org/values/7-210-174-1>		"əʔsa"@mch	
"ti:.3"@kkh	<http://ids.clld.org/values/9-210-408-1>		<http://ids.clld.org/parameters/9-210>		<http://ids.clld.org/values/9-210-174-1>		"-aiʔhuka-dɨ"@mch	
"tɔ:.2"@kkh	<http://ids.clld.org/values/3-823-408-1>		<http://ids.clld.org/parameters/3-823>		<http://ids.clld.org/values/3-823-174-1>		"sūnwa"@mch	
"kwan.1"@kkh	<http://ids.clld.org/values/1-830-408-1>		<http://ids.clld.org/parameters/1-830>		<http://ids.clld.org/values/1-830-174-1>		"widīnčə"@mch	
"hu:.5 cak.1"@kkh	<http://ids.clld.org/values/17-170-408-1>		<http://ids.clld.org/parameters/17-170>		<http://ids.clld.org/values/17-170-174-1>		"t-owanəkə t-ɨdɨ-dɨ"@mch	
"sip.1 ha:.6"@kkh	<http://ids.clld.org/values/13-103-408-1>		<http://ids.clld.org/parameters/13-103>		<http://ids.clld.org/values/13-103-174-1>		"amohadəʔto dēwə hyatodea"@mch	
"hɛm.3"@kkh	<http://ids.clld.org/values/4-760-408-3>		<http://ids.clld.org/parameters/4-760>		<http://ids.clld.org/values/4-760-174-1>		"aminɲaʔkadɨ"@mch	
"khɔŋ.3 kin.3 pɛn.3 nam.5"@kkh	<http://ids.clld.org/values/5-900-408-1>		<http://ids.clld.org/parameters/5-900>		<http://ids.clld.org/values/5-900-174-1>		"kuši"@mch	
"kha:.6"@kkh	<http://ids.clld.org/values/4-760-408-1>		<http://ids.clld.org/parameters/4-760>		<http://ids.clld.org/values/4-760-174-1>		"aminɲaʔkadɨ"@mch	
"sɔ:ŋ.3"@kkh	<http://ids.clld.org/values/13-20-408-1>		<http://ids.clld.org/parameters/13-20>		<http://ids.clld.org/values/13-20-174-1>		"āʔkə"@mch	
"ʔan.1 naj.3"@kkh	<http://ids.clld.org/values/17-670-408-1>		<http://ids.clld.org/parameters/17-670>		<http://ids.clld.org/values/17-670-174-1>		"əišə̄no"@mch	
"taw.2"@kkh	<http://ids.clld.org/values/3-980-408-1>		<http://ids.clld.org/parameters/3-980>		<http://ids.clld.org/values/3-980-174-1>		"heʔde"@mch	
"kha:.3 pe:.3"@kkh	<http://ids.clld.org/values/4-940-408-1>		<http://ids.clld.org/parameters/4-940>		<http://ids.clld.org/values/4-940-174-1>		"sekumhe"@mch	
"khaw.2"@kkh	<http://ids.clld.org/values/4-360-408-1>		<http://ids.clld.org/parameters/4-360>		<http://ids.clld.org/values/4-360-174-1>		"ə̄ʔmu"@mch	
"ʔɔŋ.2"@kkh	<http://ids.clld.org/values/14-270-408-3>		<http://ids.clld.org/parameters/14-270>		<http://ids.clld.org/values/14-270-174-1>		"w-əʔka-nə"@mch	
"cə:k.4"@kkh	<http://ids.clld.org/values/9-190-408-1>		<http://ids.clld.org/parameters/9-190>		<http://ids.clld.org/values/9-190-174-1>		"āʔto"@mch	
"hɔ:ŋ.5"@kkh	<http://ids.clld.org/values/18-420-408-1>		<http://ids.clld.org/parameters/18-420>		<http://ids.clld.org/values/18-420-174-1>		"tə̄tɨ"@mch	
"phɔm.3"@kkh	<http://ids.clld.org/values/4-140-408-1>		<http://ids.clld.org/parameters/4-140>		<http://ids.clld.org/values/4-140-174-1>		"hū"@mch	
"tha.5-nu:.1"@kkh	<http://ids.clld.org/values/20-250-408-1>		<http://ids.clld.org/parameters/20-250>		<http://ids.clld.org/values/20-250-174-1>		"šimāda"@mch	
"sa:j.3 khɔ:.1"@kkh	<http://ids.clld.org/values/6-750-408-1>		<http://ids.clld.org/parameters/6-750>		<http://ids.clld.org/values/6-750-174-1>		"wōʔmo"@mch	
"xaj.2"@kkh	<http://ids.clld.org/values/5-970-408-1>		<http://ids.clld.org/parameters/5-970>		<http://ids.clld.org/values/5-970-174-1>		"iʔmoi"@mch	
"tɔŋ.6-ka:n.3"@kkh	<http://ids.clld.org/values/16-620-408-1>		<http://ids.clld.org/parameters/16-620>		<http://ids.clld.org/values/16-620-174-1>		"hyumma-dɨ"@mch	
"lu:k.4 ca:j.1"@kkh	<http://ids.clld.org/values/2-410-408-1>		<http://ids.clld.org/parameters/2-410>		<http://ids.clld.org/values/2-410-174-1>		"nnedɨ"@mch	
"ʔaw.1 ma:.1"@kkh	<http://ids.clld.org/values/10-620-408-1>		<http://ids.clld.org/parameters/10-620>		<http://ids.clld.org/values/10-620-174-1>		"-enehɨ"@mch	
"win.1-ja:n.1 (Pali)"@kkh	<http://ids.clld.org/values/16-110-408-1>		<http://ids.clld.org/parameters/16-110>		<http://ids.clld.org/values/16-110-174-1>		"dōʔta"@mch	
"hɔk.1"@kkh	<http://ids.clld.org/values/13-60-408-1>		<http://ids.clld.org/parameters/13-60>		<http://ids.clld.org/values/13-60-174-1>		"tōni amohaʔto"@mch	
"pɛt.1"@kkh	<http://ids.clld.org/values/3-570-408-1>		<http://ids.clld.org/parameters/3-570>		<http://ids.clld.org/values/3-570-174-1>		"[hātu]"@mch	
"mɨ:.1"@kkh	<http://ids.clld.org/values/4-330-408-1>		<http://ids.clld.org/parameters/4-330>		<http://ids.clld.org/values/4-330-174-1>		"amō-dɨ"@mch	
"khə:ŋ.4 jɔŋ.6"@kkh	<http://ids.clld.org/values/6-710-408-1>		<http://ids.clld.org/parameters/6-710>		<http://ids.clld.org/values/6-710-174-1>		"sawīya"@mch	
"ʔi.1-wɔ:k.4"@kkh	<http://ids.clld.org/values/3-760-408-1>		<http://ids.clld.org/parameters/3-760>		<http://ids.clld.org/values/3-760-174-1>		"yadākadu"@mch	
"nɔk.5"@kkh	<http://ids.clld.org/values/3-581-408-1>		<http://ids.clld.org/parameters/3-581>		<http://ids.clld.org/values/3-581-174-1>		"hawi"@mch	
"khɔn.1 hə:n.1 liaw.1 kan.3"@kkh	<http://ids.clld.org/values/2-820-408-1>		<http://ids.clld.org/parameters/2-820>		<http://ids.clld.org/values/2-820-174-1>		"himmə"@mch	
"mu:.2 haw.1"@kkh	<http://ids.clld.org/values/2-942-408-1>		<http://ids.clld.org/parameters/2-942>		<http://ids.clld.org/values/2-942-174-1>		"nɲa"@mch	
"tɛ:m.6 phuŋ.2"@kkh	<http://ids.clld.org/values/9-890-408-1>		<http://ids.clld.org/parameters/9-890>		<http://ids.clld.org/values/9-890-174-1>		"wemānʔa"@mch	
"khɔ:.3 bɛt.1"@kkh	<http://ids.clld.org/values/20-520-408-1>		<http://ids.clld.org/parameters/20-520>		<http://ids.clld.org/values/20-520-174-1>		"anə̄tə"@mch	
"tat.1 lɔŋ.1"@kkh	<http://ids.clld.org/values/9-221-408-1>		<http://ids.clld.org/parameters/9-221>		<http://ids.clld.org/values/9-221-174-1>		"čūhiya-dɨ"@mch	
"tat.1 lɔŋ.1"@kkh	<http://ids.clld.org/values/9-221-408-1>		<http://ids.clld.org/parameters/9-221>		<http://ids.clld.org/values/9-221-174-3>		"yaʔka-dɨ"@mch	
"ka:ŋ.3"@kkh	<http://ids.clld.org/values/12-370-408-1>		<http://ids.clld.org/parameters/12-370>		<http://ids.clld.org/values/12-370-174-1>		"annai"@mch	
"ja:.1 kwan.1"@kkh	<http://ids.clld.org/values/8-690-408-5>		<http://ids.clld.org/parameters/8-690>		<http://ids.clld.org/values/8-690-174-1>		"-eima-"@mch	
"hɔ:ŋ.5 ʔaw.1"@kkh	<http://ids.clld.org/values/18-410-408-1>		<http://ids.clld.org/parameters/18-410>		<http://ids.clld.org/values/18-410-174-1>		"aʔdewhaʔdɨ"@mch	
"xaj.3 man.1"@kkh	<http://ids.clld.org/values/5-791-408-1>		<http://ids.clld.org/parameters/5-791>		<http://ids.clld.org/values/5-791-174-1>		"kātɨ"@mch	
"sa:.3-mi.1-ka.1"@kkh	<http://ids.clld.org/values/2-310-408-3>		<http://ids.clld.org/parameters/2-310>		<http://ids.clld.org/values/2-310-174-1>		"-ɲno"@mch	
"ja:ŋ.4"@kkh	<http://ids.clld.org/values/10-450-408-1>		<http://ids.clld.org/parameters/10-450>		<http://ids.clld.org/values/10-450-174-1>		"w-ōhoyma-nə"@mch	
"mɛ:w.1"@kkh	<http://ids.clld.org/values/3-620-408-1>		<http://ids.clld.org/parameters/3-620>		<http://ids.clld.org/values/3-620-174-1>		"[mēši]"@mch	
"kat.1"@kkh	<http://ids.clld.org/values/15-860-408-1>		<http://ids.clld.org/parameters/15-860>		<http://ids.clld.org/values/15-860-174-1>		"kəmme"@mch	
"pa:k.2"@kkh	<http://ids.clld.org/values/13-105-408-1>		<http://ids.clld.org/parameters/13-105>		<http://ids.clld.org/values/13-105-174-1>		"hyātodea ssoto"@mch	
"hɛt.1"@kkh	<http://ids.clld.org/values/9-110-408-1>		<http://ids.clld.org/parameters/9-110>		<http://ids.clld.org/values/9-110-174-1>		"tɨdɨ̄dɨ"@mch	
"tɔk.1"@kkh	<http://ids.clld.org/values/10-230-408-1>		<http://ids.clld.org/parameters/10-230>		<http://ids.clld.org/values/10-230-174-1>		"w-eduka-nə"@mch	
"pa:j.4"@kkh	<http://ids.clld.org/values/10-510-408-1>		<http://ids.clld.org/parameters/10-510>		<http://ids.clld.org/values/10-510-174-1>		"w-ə̄nehē-nə"@mch	
"ʔon.6 mɔ:j.4"@kkh	<http://ids.clld.org/values/4-910-408-1>		<http://ids.clld.org/parameters/4-910>		<http://ids.clld.org/values/4-910-174-1>		"tɨkinča"@mch	
"tɔn.6 maj.5"@kkh	<http://ids.clld.org/values/1-420-408-1>		<http://ids.clld.org/parameters/1-420>		<http://ids.clld.org/values/1-420-174-1>		"dē"@mch	
"ju:.2 li:.1"@kkh	<http://ids.clld.org/values/4-830-408-1>		<http://ids.clld.org/parameters/4-830>		<http://ids.clld.org/values/4-830-174-1>		"tadəinɲe"@mch	
"phə:n.3"@kkh	<http://ids.clld.org/values/7-440-408-3>		<http://ids.clld.org/parameters/7-440>		<http://ids.clld.org/values/7-440-174-1>		"[mesa]i"@mch	
"kwa:n.3"@kkh	<http://ids.clld.org/values/9-250-408-1>		<http://ids.clld.org/parameters/9-250>		<http://ids.clld.org/values/9-250-174-1>		"wɨ̄wɨ"@mch	
"nam.1 ma:.1"@kkh	<http://ids.clld.org/values/10-620-408-3>		<http://ids.clld.org/parameters/10-620>		<http://ids.clld.org/values/10-620-174-1>		"-enehɨ"@mch	
"kɔp.1"@kkh	<http://ids.clld.org/values/3-950-408-1>		<http://ids.clld.org/parameters/3-950>		<http://ids.clld.org/values/3-950-174-1>		"kɨʔto"@mch	
"wɛn.4 kɛ:w.6"@kkh	<http://ids.clld.org/values/6-960-408-3>		<http://ids.clld.org/parameters/6-960>		<http://ids.clld.org/values/6-960-174-1>		"hekūde"@mch	
"baw.2 suk.1"@kkh	<http://ids.clld.org/values/5-124-408-3>		<http://ids.clld.org/parameters/5-124>		<http://ids.clld.org/values/5-124-174-1>		"šēne"@mch	
"sa.2-mə:.3"@kkh	<http://ids.clld.org/values/14-310-408-1>		<http://ids.clld.org/parameters/14-310>		<http://ids.clld.org/values/14-310-174-1>		"wenēne"@mch	
"kaj.2"@kkh	<http://ids.clld.org/values/3-550-408-1>		<http://ids.clld.org/parameters/3-550>		<http://ids.clld.org/values/3-550-174-1>		"wamēdi"@mch	
"cɔ:m.4"@kkh	<http://ids.clld.org/values/12-620-408-1>		<http://ids.clld.org/parameters/12-620>		<http://ids.clld.org/values/12-620-174-3>		"anwakɨme"@mch	
"cɔ:m.4"@kkh	<http://ids.clld.org/values/12-620-408-1>		<http://ids.clld.org/parameters/12-620>		<http://ids.clld.org/values/12-620-174-1>		"danwadɨ"@mch	
"lu:k.4 jiŋ.1"@kkh	<http://ids.clld.org/values/2-420-408-1>		<http://ids.clld.org/parameters/2-420>		<http://ids.clld.org/values/2-420-174-1>		"nnedɨ"@mch	
"haw.3"@kkh	<http://ids.clld.org/values/3-811-408-1>		<http://ids.clld.org/parameters/3-811>		<http://ids.clld.org/values/3-811-174-1>		"dāmə"@mch	
"pa:.6"@kkh	<http://ids.clld.org/values/2-521-408-3>		<http://ids.clld.org/parameters/2-521>		<http://ids.clld.org/values/2-521-174-1>		"denɨ"@mch	
"lu:k.2"@kkh	<http://ids.clld.org/values/4-160-408-1>		<http://ids.clld.org/parameters/4-160>		<http://ids.clld.org/values/4-160-174-1>		"yēʔhə"@mch	
"nam.5 tɔk.1 ta:t.2"@kkh	<http://ids.clld.org/values/1-390-408-1>		<http://ids.clld.org/parameters/1-390>		<http://ids.clld.org/values/1-390-174-1>		"yedukadɨ"@mch	
"lɔ:.1"@kkh	<http://ids.clld.org/values/5-490-408-1>		<http://ids.clld.org/parameters/5-490>		<http://ids.clld.org/values/5-490-174-1>		"-oima-dɨ"@mch	
"mɔ:ŋ.3 caj.3"@kkh	<http://ids.clld.org/values/16-320-408-1>		<http://ids.clld.org/parameters/16-320>		<http://ids.clld.org/values/16-320-174-1>		"wentumhe"@mch	
"kap.1 khit.1"@kkh	<http://ids.clld.org/values/1-870-408-3>		<http://ids.clld.org/parameters/1-870>		<http://ids.clld.org/values/1-870-174-1>		"tɨsočāmɨ"@mch	
"sa:.5"@kkh	<http://ids.clld.org/values/9-760-408-1>		<http://ids.clld.org/parameters/9-760>		<http://ids.clld.org/values/9-760-174-1>		"wɨ̄wa"@mch	
"khi:.6 pjɛ:t.4"@kkh	<http://ids.clld.org/values/16-670-408-3>		<http://ids.clld.org/parameters/16-670>		<http://ids.clld.org/values/16-670-174-1>		"-enkutə-"@mch	
"la.1-ʔɔn.2 ca:j.1"@kkh	<http://ids.clld.org/values/2-250-408-1>		<http://ids.clld.org/parameters/2-250>		<http://ids.clld.org/values/2-250-174-1>		"mudekə̄kə"@mch	
"ja:ŋ.2 laj.1"@kkh	<http://ids.clld.org/values/17-610-408-1>		<http://ids.clld.org/parameters/17-610>		<http://ids.clld.org/values/17-610-174-1>		"ākene"@mch	
"pɔ:k.2 pə:k.2"@kkh	<http://ids.clld.org/values/5-460-408-1>		<http://ids.clld.org/parameters/5-460>		<http://ids.clld.org/values/5-460-174-1>		"-iʔša-"@mch	
"jiaw.2 jaj.2"@kkh	<http://ids.clld.org/values/3-584-408-1>		<http://ids.clld.org/parameters/3-584>		<http://ids.clld.org/values/3-584-174-1>		"demōši"@mch	
"lɔŋ.1 la:ŋ.4"@kkh	<http://ids.clld.org/values/10-473-408-1>		<http://ids.clld.org/parameters/10-473>		<http://ids.clld.org/values/10-473-174-1>		"hɨ̄ʔwakādə"@mch	
"kɛ:.2"@kkh	<http://ids.clld.org/values/14-150-408-1>		<http://ids.clld.org/parameters/14-150>		<http://ids.clld.org/values/14-150-174-1>		"henaʔdohə"@mch	
"ha:k.4"@kkh	<http://ids.clld.org/values/4-570-408-1>		<http://ids.clld.org/parameters/4-570>		<http://ids.clld.org/values/4-570-174-1>		"wenaʔtahəʔeʔnə"@mch	
"mɛ:ŋ.1 wan.1"@kkh	<http://ids.clld.org/values/3-830-408-1>		<http://ids.clld.org/parameters/3-830>		<http://ids.clld.org/values/3-830-174-1>		"wedēsede"@mch	
"jaŋ.5"@kkh	<http://ids.clld.org/values/4-912-408-1>		<http://ids.clld.org/parameters/4-912>		<http://ids.clld.org/values/4-912-174-1>		"wə̄dētanə"@mch	
"hu:.3"@kkh	<http://ids.clld.org/values/4-220-408-1>		<http://ids.clld.org/parameters/4-220>		<http://ids.clld.org/values/4-220-174-1>		"hāna"@mch	
"ʔa:.1-ca:ŋ.3"@kkh	<http://ids.clld.org/values/17-270-408-3>		<http://ids.clld.org/parameters/17-270>		<http://ids.clld.org/values/17-270-174-1>		"yowānomani"@mch	
"khiaw.3"@kkh	<http://ids.clld.org/values/5-124-408-1>		<http://ids.clld.org/parameters/5-124>		<http://ids.clld.org/values/5-124-174-1>		"šēne"@mch	
"han.3"@kkh	<http://ids.clld.org/values/15-510-408-1>		<http://ids.clld.org/parameters/15-510>		<http://ids.clld.org/values/15-510-174-1>		"ene-dɨ"@mch	
"ca:j.2"@kkh	<http://ids.clld.org/values/11-650-408-1>		<http://ids.clld.org/parameters/11-650>		<http://ids.clld.org/values/11-650-174-1>		"ehēma-dɨ"@mch	
"sew.2"@kkh	<http://ids.clld.org/values/19-510-408-7>		<http://ids.clld.org/parameters/19-510>		<http://ids.clld.org/values/19-510-174-1>		"weičakōno"@mch	
"nɔk.5 ka.1-sa:.3"@kkh	<http://ids.clld.org/values/3-583-408-1>		<http://ids.clld.org/parameters/3-583>		<http://ids.clld.org/values/3-583-174-1>		"tadāya"@mch	
"kə:.3"@kkh	<http://ids.clld.org/values/5-810-408-1>		<http://ids.clld.org/parameters/5-810>		<http://ids.clld.org/values/5-810-174-1>		"[sayu]"@mch	
"nɔ:j.5"@kkh	<http://ids.clld.org/values/12-560-408-1>		<http://ids.clld.org/parameters/12-560>		<http://ids.clld.org/values/12-560-174-1>		"šeʔkə"@mch	
"lu:t.2 ja:.1 kwan.1"@kkh	<http://ids.clld.org/values/8-690-408-1>		<http://ids.clld.org/parameters/8-690>		<http://ids.clld.org/values/8-690-174-1>		"-eima-"@mch	
"tin.3"@kkh	<http://ids.clld.org/values/4-370-408-1>		<http://ids.clld.org/parameters/4-370>		<http://ids.clld.org/values/4-370-174-1>		"hūdu"@mch	
"khi:.6 cu.1"@kkh	<http://ids.clld.org/values/16-670-408-1>		<http://ids.clld.org/parameters/16-670>		<http://ids.clld.org/values/16-670-174-1>		"-enkutə-"@mch	
"pɔ:k.4"@kkh	<http://ids.clld.org/values/10-481-408-5>		<http://ids.clld.org/parameters/10-481>		<http://ids.clld.org/values/10-481-174-1>		"w-ennakā-nə"@mch	
"wan.1"@kkh	<http://ids.clld.org/values/14-410-408-1>		<http://ids.clld.org/parameters/14-410>		<http://ids.clld.org/values/14-410-174-1>		"anə̄to"@mch	
"pɔp.5"@kkh	<http://ids.clld.org/values/19-650-408-1>		<http://ids.clld.org/parameters/19-650>		<http://ids.clld.org/values/19-650-174-1>		"edantə-dɨ"@mch	
"ʔiŋ.2 san.2"@kkh	<http://ids.clld.org/values/1-450-408-1>		<http://ids.clld.org/parameters/1-450>		<http://ids.clld.org/values/1-450-174-1>		"dehūši"@mch	
"tham.6"@kkh	<http://ids.clld.org/values/1-280-408-1>		<http://ids.clld.org/parameters/1-280>		<http://ids.clld.org/values/1-280-174-1>		"ewɨ̄tɨ"@mch	
"tɔ:n.3 lɛ:ŋ.1"@kkh	<http://ids.clld.org/values/14-460-408-1>		<http://ids.clld.org/parameters/14-460>		<http://ids.clld.org/values/14-460-174-1>		"čomomɨdawə"@mch	
"la:n.3 jiŋ.1"@kkh	<http://ids.clld.org/values/2-490-408-1>		<http://ids.clld.org/parameters/2-490>		<http://ids.clld.org/values/2-490-174-1>		"hādɨ"@mch	
"taŋ.1 nə:.3"@kkh	<http://ids.clld.org/values/12-80-408-3>		<http://ids.clld.org/parameters/12-80>		<http://ids.clld.org/values/12-80-174-1>		"kawə̄"@mch	
"nɔ:ŋ.5"@kkh	<http://ids.clld.org/values/2-440-408-3>		<http://ids.clld.org/parameters/2-440>		<http://ids.clld.org/values/2-440-174-1>		"-nuwā-dɨ"@mch	
"sum.3 phaj.1"@kkh	<http://ids.clld.org/values/1-860-408-1>		<http://ids.clld.org/parameters/1-860>		<http://ids.clld.org/values/1-860-174-1>		"-kemetə-"@mch	
"ma:k.2 ʔo:p.2"@kkh	<http://ids.clld.org/values/8-930-408-1>		<http://ids.clld.org/parameters/8-930>		<http://ids.clld.org/values/8-930-174-1>		"kankudu"@mch	
"mat.5"@kkh	<http://ids.clld.org/values/9-160-408-1>		<http://ids.clld.org/parameters/9-160>		<http://ids.clld.org/values/9-160-174-1>		"imɨdɨ"@mch	
"laj.4 sat.1"@kkh	<http://ids.clld.org/values/20-610-408-1>		<http://ids.clld.org/parameters/20-610>		<http://ids.clld.org/values/20-610-174-1>		"emanɲuhɨdɨ"@mch	
"tɔŋ.5 pha:.5"@kkh	<http://ids.clld.org/values/1-510-408-1>		<http://ids.clld.org/parameters/1-510>		<http://ids.clld.org/values/1-510-174-1>		"kahu"@mch	
"khan.6-laj.1"@kkh	<http://ids.clld.org/values/7-370-408-1>		<http://ids.clld.org/parameters/7-370>		<http://ids.clld.org/values/7-370-174-1>		"inɲahuʔtahə"@mch	
"maj.5 bo:.2"@kkh	<http://ids.clld.org/values/8-940-408-1>		<http://ids.clld.org/parameters/8-940>		<http://ids.clld.org/values/8-940-174-1>		"dahu"@mch	
"hɔ:n.5"@kkh	<http://ids.clld.org/values/15-850-408-1>		<http://ids.clld.org/parameters/15-850>		<http://ids.clld.org/values/15-850-174-1>		"taʔne"@mch	
"ca:w.1 mə:ŋ.1"@kkh	<http://ids.clld.org/values/19-210-408-1>		<http://ids.clld.org/parameters/19-210>		<http://ids.clld.org/values/19-210-174-1>		"weiʔčɨ"@mch	
"si:.3 lə:n.6"@kkh	<http://ids.clld.org/values/15-670-408-1>		<http://ids.clld.org/parameters/15-670>		<http://ids.clld.org/values/15-670-174-1>		"šēne"@mch	
"se:.3 ha:j.3"@kkh	<http://ids.clld.org/values/11-330-408-1>		<http://ids.clld.org/parameters/11-330>		<http://ids.clld.org/values/11-330-174-1>		"w-ənnanɨʔ-nə"@mch	
"se:ŋ.3 hɔ:ŋ.5"@kkh	<http://ids.clld.org/values/18-110-408-1>		<http://ids.clld.org/parameters/18-110>		<http://ids.clld.org/values/18-110-174-1>		"kəʔtɨnnə"@mch	
"baw.2 pha:j.3"@kkh	<http://ids.clld.org/values/15-790-408-1>		<http://ids.clld.org/parameters/15-790>		<http://ids.clld.org/values/15-790-174-1>		"tuhuʔhūdato"@mch	
"khiŋ.2 ʔaw.1 khaw.6 ʔaw.1 nam.5"@kkh	<http://ids.clld.org/values/8-410-408-1>		<http://ids.clld.org/parameters/8-410>		<http://ids.clld.org/values/8-410-174-1>		"inɲatɨʔtə̄dɨ"@mch	
"waj.1"@kkh	<http://ids.clld.org/values/14-210-408-1>		<http://ids.clld.org/parameters/14-210>		<http://ids.clld.org/values/14-210-174-1>		"tamhə̄ʔne"@mch	
"ʔaw.1"@kkh	<http://ids.clld.org/values/11-130-408-1>		<http://ids.clld.org/parameters/11-130>		<http://ids.clld.org/values/11-130-174-1>		"w-emhan-nə"@mch	
"thaw.6"@kkh	<http://ids.clld.org/values/14-150-408-3>		<http://ids.clld.org/parameters/14-150>		<http://ids.clld.org/values/14-150-174-1>		"henaʔdohə"@mch	
"pha:j.6"@kkh	<http://ids.clld.org/values/6-240-408-1>		<http://ids.clld.org/parameters/6-240>		<http://ids.clld.org/values/6-240-174-1>		"wadēkū"@mch	
"mɛ:.4 kaj.2"@kkh	<http://ids.clld.org/values/3-540-408-1>		<http://ids.clld.org/parameters/3-540>		<http://ids.clld.org/values/3-540-174-1>		"kudaymādu"@mch	
"khi:.6 mu:k.4"@kkh	<http://ids.clld.org/values/4-232-408-1>		<http://ids.clld.org/parameters/4-232>		<http://ids.clld.org/values/4-232-174-1>		"ənuʔtə"@mch	
"pa.1-tu:.3"@kkh	<http://ids.clld.org/values/7-220-408-1>		<http://ids.clld.org/parameters/7-220>		<http://ids.clld.org/values/7-220-174-1>		"mɨnātata"@mch	
"ʔa:.1"@kkh	<http://ids.clld.org/values/2-522-408-1>		<http://ids.clld.org/parameters/2-522>		<http://ids.clld.org/values/2-522-174-1>		"waynɲeʔney"@mch	
"khu:.1"@kkh	<http://ids.clld.org/values/17-270-408-1>		<http://ids.clld.org/parameters/17-270>		<http://ids.clld.org/values/17-270-174-1>		"yowānomani"@mch	
"naŋ.3"@kkh	<http://ids.clld.org/values/4-120-408-1>		<http://ids.clld.org/parameters/4-120>		<http://ids.clld.org/values/4-120-174-1>		"hiʔhə"@mch	
"tɔ:ŋ.5"@kkh	<http://ids.clld.org/values/4-460-408-1>		<http://ids.clld.org/parameters/4-460>		<http://ids.clld.org/values/4-460-174-1>		"dudūnoi"@mch	
"wa:ŋ.1"@kkh	<http://ids.clld.org/values/12-120-408-1>		<http://ids.clld.org/parameters/12-120>		<http://ids.clld.org/values/12-120-174-1>		"enɨ̄ta"@mch	
"wa:ŋ.1"@kkh	<http://ids.clld.org/values/12-120-408-1>		<http://ids.clld.org/parameters/12-120>		<http://ids.clld.org/values/12-120-174-3>		"-ehuʔta-"@mch	
"pɛ:ŋ.3"@kkh	<http://ids.clld.org/values/9-110-408-3>		<http://ids.clld.org/parameters/9-110>		<http://ids.clld.org/values/9-110-174-1>		"tɨdɨ̄dɨ"@mch	
"me:k.4"@kkh	<http://ids.clld.org/values/1-730-408-1>		<http://ids.clld.org/parameters/1-730>		<http://ids.clld.org/values/1-730-174-1>		"kāʔdutu"@mch	
"ŋu:.1"@kkh	<http://ids.clld.org/values/3-850-408-1>		<http://ids.clld.org/parameters/3-850>		<http://ids.clld.org/values/3-850-174-1>		"əkə̄yu"@mch	
"lɔ:k.2 maj.5"@kkh	<http://ids.clld.org/values/8-570-408-1>		<http://ids.clld.org/parameters/8-570>		<http://ids.clld.org/values/8-570-174-1>		"čə̄hɨdɨ"@mch	
"siŋ.3"@kkh	<http://ids.clld.org/values/3-720-408-3>		<http://ids.clld.org/parameters/3-720>		<http://ids.clld.org/values/3-720-174-1>		"kawadīmə"@mch	
"pɔ:.4 pho:.3"@kkh	<http://ids.clld.org/values/2-610-408-1>		<http://ids.clld.org/parameters/2-610>		<http://ids.clld.org/values/2-610-174-1>		"wōdɨ̄mə"@mch	
"na:.3"@kkh	<http://ids.clld.org/values/12-630-408-1>		<http://ids.clld.org/parameters/12-630>		<http://ids.clld.org/values/12-630-174-1>		"hūšīhe"@mch	
"suk.1"@kkh	<http://ids.clld.org/values/5-123-408-1>		<http://ids.clld.org/parameters/5-123>		<http://ids.clld.org/values/5-123-174-1>		"sēweyčato"@mch	
"nə:.3"@kkh	<http://ids.clld.org/values/12-80-408-1>		<http://ids.clld.org/parameters/12-80>		<http://ids.clld.org/values/12-80-174-1>		"kawə̄"@mch	
"ŋaj.4"@kkh	<http://ids.clld.org/values/1-212-408-1>		<http://ids.clld.org/parameters/1-212>		<http://ids.clld.org/values/1-212-174-1>		"nono"@mch	
"pa:k.2"@kkh	<http://ids.clld.org/values/4-240-408-3>		<http://ids.clld.org/parameters/4-240>		<http://ids.clld.org/values/4-240-174-1>		"ənta"@mch	
"wa:j.6 nam.5"@kkh	<http://ids.clld.org/values/10-350-408-1>		<http://ids.clld.org/parameters/10-350>		<http://ids.clld.org/values/10-350-174-1>		"tɨwəʔhiyɨ"@mch	
"nə:.5"@kkh	<http://ids.clld.org/values/4-130-408-1>		<http://ids.clld.org/parameters/4-130>		<http://ids.clld.org/values/4-130-174-1>		"hyunu"@mch	
"ʔi.1-cɔn.1 nɔ:j.5"@kkh	<http://ids.clld.org/values/3-622-408-1>		<http://ids.clld.org/parameters/3-622>		<http://ids.clld.org/values/3-622-174-1>		"dawāde"@mch	
"kha:ŋ.6 kha:ŋ.6"@kkh	<http://ids.clld.org/values/12-20-408-1>		<http://ids.clld.org/parameters/12-20>		<http://ids.clld.org/values/12-20-174-1>		"dɨʔtə"@mch	
"jɛn.1"@kkh	<http://ids.clld.org/values/15-860-408-3>		<http://ids.clld.org/parameters/15-860>		<http://ids.clld.org/values/15-860-174-1>		"kəmme"@mch	
"nə:.3 sut.1"@kkh	<http://ids.clld.org/values/12-330-408-1>		<http://ids.clld.org/parameters/12-330>		<http://ids.clld.org/values/12-330-174-1>		"akoiʔčaʔhɨdɨ"@mch	
"mə:.4 phuk.5"@kkh	<http://ids.clld.org/values/14-480-408-1>		<http://ids.clld.org/parameters/14-480>		<http://ids.clld.org/values/14-480-174-1>		"henamma"@mch	
"pu:.2 ta:.3"@kkh	<http://ids.clld.org/values/2-460-408-1>		<http://ids.clld.org/parameters/2-460>		<http://ids.clld.org/values/2-460-174-1>		"kōko"@mch	
"mɔ:.6"@kkh	<http://ids.clld.org/values/5-260-408-1>		<http://ids.clld.org/parameters/5-260>		<http://ids.clld.org/values/5-260-174-1>		"ədinɲə"@mch	
"nɔk.5 tu:.6"@kkh	<http://ids.clld.org/values/3-594-408-1>		<http://ids.clld.org/parameters/3-594>		<http://ids.clld.org/values/3-594-174-1>		"hadūma"@mch	
"pan.2-ka:.2 lɔm.1"@kkh	<http://ids.clld.org/values/9-790-408-1>		<http://ids.clld.org/parameters/9-790>		<http://ids.clld.org/values/9-790-174-1>		"wadi-wadi"@mch	
"ma:.3"@kkh	<http://ids.clld.org/values/3-610-408-1>		<http://ids.clld.org/parameters/3-610>		<http://ids.clld.org/values/3-610-174-1>		"sɨ̄ʔna"@mch	
"caj.4"@kkh	<http://ids.clld.org/values/17-550-408-1>		<http://ids.clld.org/parameters/17-550>		<http://ids.clld.org/values/17-550-174-3>		"mmhm"@mch	
"caj.4"@kkh	<http://ids.clld.org/values/17-550-408-1>		<http://ids.clld.org/parameters/17-550>		<http://ids.clld.org/values/17-550-174-1>		"ʔeee"@mch	
"sip.1 sɔ:ŋ.3"@kkh	<http://ids.clld.org/values/13-102-408-1>		<http://ids.clld.org/parameters/13-102>		<http://ids.clld.org/values/13-102-174-1>		"amohadəʔto dēwə āʔkə"@mch	
"kha:.6 sɨk.1"@kkh	<http://ids.clld.org/values/19-520-408-1>		<http://ids.clld.org/parameters/19-520>		<http://ids.clld.org/values/19-520-174-1>		"tuʔde"@mch	
"nɔ:ŋ.3 lo:ŋ.3"@kkh	<http://ids.clld.org/values/1-330-408-1>		<http://ids.clld.org/parameters/1-330>		<http://ids.clld.org/values/1-330-174-1>		"čūʔhə"@mch	
"phaw.3"@kkh	<http://ids.clld.org/values/1-851-408-1>		<http://ids.clld.org/parameters/1-851>		<http://ids.clld.org/values/1-851-174-1>		"ukā-dɨ"@mch	
"kaw.6"@kkh	<http://ids.clld.org/values/13-90-408-1>		<http://ids.clld.org/parameters/13-90>		<http://ids.clld.org/values/13-90-174-1>		"āʔkəi čea amohaʔto"@mch	
"phə:.3"@kkh	<http://ids.clld.org/values/6-330-408-5>		<http://ids.clld.org/parameters/6-330>		<http://ids.clld.org/values/6-330-174-1>		"tɨʔkaʔhɨdɨ"@mch	
"phi:.3"@kkh	<http://ids.clld.org/values/22-350-408-3>		<http://ids.clld.org/parameters/22-350>		<http://ids.clld.org/values/22-350-174-1>		"kahūšawa"@mch	
"hɛ:ŋ.5"@kkh	<http://ids.clld.org/values/3-586-408-1>		<http://ids.clld.org/parameters/3-586>		<http://ids.clld.org/values/3-586-174-1>		"kudūmu"@mch	
"ta:.1-si:.3"@kkh	<http://ids.clld.org/values/9-890-408-5>		<http://ids.clld.org/parameters/9-890>		<http://ids.clld.org/values/9-890-174-1>		"wemānʔa"@mch	
"lu:t.2 si.1-lik.1"@kkh	<http://ids.clld.org/values/8-690-408-3>		<http://ids.clld.org/parameters/8-690>		<http://ids.clld.org/values/8-690-174-1>		"-eima-"@mch	
"kwa:ŋ.6"@kkh	<http://ids.clld.org/values/12-610-408-1>		<http://ids.clld.org/parameters/12-610>		<http://ids.clld.org/values/12-610-174-1>		"taʔhuhūne"@mch	
"khaw.3"@kkh	<http://ids.clld.org/values/2-930-408-3>		<http://ids.clld.org/parameters/2-930>		<http://ids.clld.org/values/2-930-174-1>		"tɨwɨ"@mch	
"la:w.1"@kkh	<http://ids.clld.org/values/1-540-408-1>		<http://ids.clld.org/parameters/1-540>		<http://ids.clld.org/values/1-540-174-1>		"šidīčə"@mch	
"cɛ:ŋ.6"@kkh	<http://ids.clld.org/values/15-570-408-1>		<http://ids.clld.org/parameters/15-570>		<http://ids.clld.org/values/15-570-174-1>		"taʔwane"@mch	
"pha:j.3"@kkh	<http://ids.clld.org/values/15-780-408-1>		<http://ids.clld.org/parameters/15-780>		<http://ids.clld.org/values/15-780-174-1>		"ākə̄tədɨ"@mch	
"lo:ŋ.4"@kkh	<http://ids.clld.org/values/12-550-408-1>		<http://ids.clld.org/parameters/12-550>		<http://ids.clld.org/values/12-550-174-1>		"nuwe"@mch	
"mɔ:.6 kha:ŋ.3"@kkh	<http://ids.clld.org/values/5-280-408-1>		<http://ids.clld.org/parameters/5-280>		<http://ids.clld.org/values/5-280-174-1>		"ʔtadī-yɨ"@mch	
"pa.2-cam.3"@kkh	<http://ids.clld.org/values/14-310-408-3>		<http://ids.clld.org/parameters/14-310>		<http://ids.clld.org/values/14-310-174-1>		"wenēne"@mch	
"baw.2 li:.1"@kkh	<http://ids.clld.org/values/5-125-408-3>		<http://ids.clld.org/parameters/5-125>		<http://ids.clld.org/values/5-125-174-1>		"čə̄tāhə"@mch	
"paw.2"@kkh	<http://ids.clld.org/values/10-380-408-1>		<http://ids.clld.org/parameters/10-380>		<http://ids.clld.org/values/10-380-174-1>		"yaičumā-dɨ"@mch	
"tsa:j.1"@kkh	<http://ids.clld.org/values/1-215-408-1>		<http://ids.clld.org/parameters/1-215>		<http://ids.clld.org/values/1-215-174-1>		"sāʔdaʔda"@mch	
"ja:.1"@kkh	<http://ids.clld.org/values/4-880-408-1>		<http://ids.clld.org/parameters/4-880>		<http://ids.clld.org/values/4-880-174-1>		"əhi"@mch	
"la:ŋ.5"@kkh	<http://ids.clld.org/values/9-360-408-1>		<http://ids.clld.org/parameters/9-360>		<http://ids.clld.org/values/9-360-174-1>		"-ičoʔka-dɨ"@mch	
"naŋ.4"@kkh	<http://ids.clld.org/values/12-130-408-1>		<http://ids.clld.org/parameters/12-130>		<http://ids.clld.org/values/12-130-174-1>		"w-atahhimā-nə"@mch	
"ka:ŋ.2"@kkh	<http://ids.clld.org/values/20-240-408-1>		<http://ids.clld.org/parameters/20-240>		<http://ids.clld.org/values/20-240-174-1>		"šimāda ehɨ̄dɨ"@mch	
"kon.1"@kkh	<http://ids.clld.org/values/2-100-408-3>		<http://ids.clld.org/parameters/2-100>		<http://ids.clld.org/values/2-100-174-1>		"ssoto"@mch	
"baw.2 lan.1-kan.1"@kkh	<http://ids.clld.org/values/4-820-408-1>		<http://ids.clld.org/parameters/4-820>		<http://ids.clld.org/values/4-820-174-1>		"āʔkedēto"@mch	
"pu:.4 ca:j.1"@kkh	<http://ids.clld.org/values/2-210-408-1>		<http://ids.clld.org/parameters/2-210>		<http://ids.clld.org/values/2-210-174-1>		"danwa"@mch	
"mu:.2 caw.6"@kkh	<http://ids.clld.org/values/2-950-408-1>		<http://ids.clld.org/parameters/2-950>		<http://ids.clld.org/values/2-950-174-1>		"ənwanno"@mch	
"taŋ.2"@kkh	<http://ids.clld.org/values/7-430-408-1>		<http://ids.clld.org/parameters/7-430>		<http://ids.clld.org/values/7-430-174-1>		"āʔtəy"@mch	
"law.4 lə:ŋ.4"@kkh	<http://ids.clld.org/values/18-221-408-1>		<http://ids.clld.org/parameters/18-221>		<http://ids.clld.org/values/18-221-174-1>		"mēʔkuʔtə̄dɨ"@mch	
"laj.4 cɔ:m.1"@kkh	<http://ids.clld.org/values/10-530-408-3>		<http://ids.clld.org/parameters/10-530>		<http://ids.clld.org/values/10-530-174-1>		"-aheʔka-dɨ"@mch	
"tɛ:ŋ.2 to:.3"@kkh	<http://ids.clld.org/values/6-110-408-1>		<http://ids.clld.org/parameters/6-110>		<http://ids.clld.org/values/6-110-174-1>		"wewontənə"@mch	
"taj.6"@kkh	<http://ids.clld.org/values/12-340-408-1>		<http://ids.clld.org/parameters/12-340>		<http://ids.clld.org/values/12-340-174-1>		"nwaʔkəi"@mch	
"sa.2-lɛ:ŋ.1"@kkh	<http://ids.clld.org/values/15-550-408-1>		<http://ids.clld.org/parameters/15-550>		<http://ids.clld.org/values/15-550-174-1>		"eneho-dɨ"@mch	
"baw.2 li:.1"@kkh	<http://ids.clld.org/values/16-720-408-1>		<http://ids.clld.org/parameters/16-720>		<http://ids.clld.org/values/16-720-174-1>		"kənemhɨnɨ"@mch	
"pu:k.2"@kkh	<http://ids.clld.org/values/8-531-408-1>		<http://ids.clld.org/parameters/8-531>		<http://ids.clld.org/values/8-531-174-1>		"aiʔčɨdɨ"@mch	
"lə:n.1"@kkh	<http://ids.clld.org/values/1-530-408-1>		<http://ids.clld.org/parameters/1-530>		<http://ids.clld.org/values/1-530-174-1>		"nūnə"@mch	
"kha:.3"@kkh	<http://ids.clld.org/values/4-350-408-1>		<http://ids.clld.org/parameters/4-350>		<http://ids.clld.org/values/4-350-174-1>		"hētɨ"@mch	
"sa.2-pɔ:j.1"@kkh	<http://ids.clld.org/values/7-440-408-1>		<http://ids.clld.org/parameters/7-440>		<http://ids.clld.org/values/7-440-174-1>		"[mesa]i"@mch	
"cə:.5 sa:j.3"@kkh	<http://ids.clld.org/values/2-430-408-1>		<http://ids.clld.org/parameters/2-430>		<http://ids.clld.org/values/2-430-174-1>		"nnedɨ"@mch	
"cak.1-tɛ:n.3"@kkh	<http://ids.clld.org/values/3-930-408-1>		<http://ids.clld.org/parameters/3-930>		<http://ids.clld.org/values/3-930-174-1>		"kɨdatay"@mch	
"khi:.6 taw.4"@kkh	<http://ids.clld.org/values/1-840-408-1>		<http://ids.clld.org/parameters/1-840>		<http://ids.clld.org/values/1-840-174-1>		"wedēnnə"@mch	
"mo:n.5"@kkh	<http://ids.clld.org/values/10-140-408-3>		<http://ids.clld.org/parameters/10-140>		<http://ids.clld.org/values/10-140-174-1>		"weməīya"@mch	
"kə:t.2"@kkh	<http://ids.clld.org/values/4-720-408-1>		<http://ids.clld.org/parameters/4-720>		<http://ids.clld.org/values/4-720-174-1>		"w-ennu-nə"@mch	
"nɔ:n.1 lap.1"@kkh	<http://ids.clld.org/values/4-610-408-1>		<http://ids.clld.org/parameters/4-610>		<http://ids.clld.org/values/4-610-174-1>		"w-ɨnɨʔ-nə"@mch	
"maj.5"@kkh	<http://ids.clld.org/values/1-430-408-1>		<http://ids.clld.org/parameters/1-430>		<http://ids.clld.org/values/1-430-174-1>		"dē"@mch	
"nɔ:ŋ.5 ca:j.1"@kkh	<http://ids.clld.org/values/2-445-408-1>		<http://ids.clld.org/parameters/2-445>		<http://ids.clld.org/values/2-445-174-1>		"šīʔčɨ"@mch	
"caw.6"@kkh	<http://ids.clld.org/values/2-920-408-1>		<http://ids.clld.org/parameters/2-920>		<http://ids.clld.org/values/2-920-174-1>		"əmədə"@mch	
"hɔk.1 wɛ:n.3"@kkh	<http://ids.clld.org/values/10-430-408-3>		<http://ids.clld.org/parameters/10-430>		<http://ids.clld.org/values/10-430-174-1>		"w-ahanɨn-nə"@mch	
"nɔŋ.4"@kkh	<http://ids.clld.org/values/4-352-408-1>		<http://ids.clld.org/parameters/4-352>		<http://ids.clld.org/values/4-352-174-1>		"hōde"@mch	
"luŋ.1"@kkh	<http://ids.clld.org/values/2-510-408-1>		<http://ids.clld.org/parameters/2-510>		<http://ids.clld.org/values/2-510-174-1>		"wōdɨ"@mch	
"ha:.6"@kkh	<http://ids.clld.org/values/13-50-408-1>		<http://ids.clld.org/parameters/13-50>		<http://ids.clld.org/values/13-50-174-1>		"hyātodea"@mch	
"ʔɔ:j.6"@kkh	<http://ids.clld.org/values/8-941-408-1>		<http://ids.clld.org/parameters/8-941>		<http://ids.clld.org/values/8-941-174-1>		"əšīčādɨ"@mch	
"tɨk.1 sɨk.1"@kkh	<http://ids.clld.org/values/20-110-408-3>		<http://ids.clld.org/parameters/20-110>		<http://ids.clld.org/values/20-110-174-1>		"wətə̄nehānə"@mch	
"ba:ŋ.1"@kkh	<http://ids.clld.org/values/12-650-408-1>		<http://ids.clld.org/parameters/12-650>		<http://ids.clld.org/values/12-650-174-1>		"sāʔtahe"@mch	
"hɛ:ŋ.6"@kkh	<http://ids.clld.org/values/15-840-408-1>		<http://ids.clld.org/parameters/15-840>		<http://ids.clld.org/values/15-840-174-1>		"ssedēhe"@mch	
"na:.5"@kkh	<http://ids.clld.org/values/2-521-408-1>		<http://ids.clld.org/parameters/2-521>		<http://ids.clld.org/values/2-521-174-1>		"denɨ"@mch	
"phaj.1"@kkh	<http://ids.clld.org/values/1-810-408-1>		<http://ids.clld.org/parameters/1-810>		<http://ids.clld.org/values/1-810-174-1>		"wāʔto"@mch	
"haŋ.1"@kkh	<http://ids.clld.org/values/3-580-408-1>		<http://ids.clld.org/parameters/3-580>		<http://ids.clld.org/values/3-580-174-1>		"danɲami"@mch	
"mi:t.4"@kkh	<http://ids.clld.org/values/5-380-408-1>		<http://ids.clld.org/parameters/5-380>		<http://ids.clld.org/values/5-380-174-1>		"kɨmɨʔkə"@mch	
"ma:.1 phɛw.3"@kkh	<http://ids.clld.org/values/10-550-408-1>		<http://ids.clld.org/parameters/10-550>		<http://ids.clld.org/values/10-550-174-1>		"w-əʔdɨ-nə"@mch	
"ka:p.2-bə:.6"@kkh	<http://ids.clld.org/values/3-920-408-1>		<http://ids.clld.org/parameters/3-920>		<http://ids.clld.org/values/3-920-174-1>		"matūtu"@mch	
"cɛt.1"@kkh	<http://ids.clld.org/values/13-70-408-1>		<http://ids.clld.org/parameters/13-70>		<http://ids.clld.org/values/13-70-174-1>		"āʔkə amohaʔto"@mch	
"kan.5"@kkh	<http://ids.clld.org/values/9-343-408-3>		<http://ids.clld.org/parameters/9-343>		<http://ids.clld.org/values/9-343-174-1>		"eʔkukā-dɨ"@mch	
"ca:j.1 ba:w.2"@kkh	<http://ids.clld.org/values/2-251-408-1>		<http://ids.clld.org/parameters/2-251>		<http://ids.clld.org/values/2-251-174-1>		"mudēši"@mch	
"ʔɔk.1"@kkh	<http://ids.clld.org/values/4-400-408-1>		<http://ids.clld.org/parameters/4-400>		<http://ids.clld.org/values/4-400-174-1>		"dōʔta"@mch	
"sa.2-ha:j.3"@kkh	<http://ids.clld.org/values/19-510-408-5>		<http://ids.clld.org/parameters/19-510>		<http://ids.clld.org/values/19-510-174-1>		"weičakōno"@mch	
"cam.3"@kkh	<http://ids.clld.org/values/12-430-408-1>		<http://ids.clld.org/parameters/12-430>		<http://ids.clld.org/values/12-430-174-1>		"amoinče-ʔda"@mch	
"jum.2"@kkh	<http://ids.clld.org/values/17-150-408-1>		<http://ids.clld.org/parameters/17-150>		<http://ids.clld.org/values/17-150-174-1>		"-ekanɨhɨ-dɨ"@mch	
"khɛ:p.4"@kkh	<http://ids.clld.org/values/12-620-408-3>		<http://ids.clld.org/parameters/12-620>		<http://ids.clld.org/values/12-620-174-3>		"anwakɨme"@mch	
"khɛ:p.4"@kkh	<http://ids.clld.org/values/12-620-408-3>		<http://ids.clld.org/parameters/12-620>		<http://ids.clld.org/values/12-620-174-1>		"danwadɨ"@mch	
"hɔ:j.6"@kkh	<http://ids.clld.org/values/9-341-408-1>		<http://ids.clld.org/parameters/9-341>		<http://ids.clld.org/values/9-341-174-1>		"-ewaʔtə-dɨ"@mch	
"ta:.3 wan.1"@kkh	<http://ids.clld.org/values/1-520-408-1>		<http://ids.clld.org/parameters/1-520>		<http://ids.clld.org/values/1-520-174-1>		"šī"@mch	
"lo:.3"@kkh	<http://ids.clld.org/values/1-880-408-1>		<http://ids.clld.org/parameters/1-880>		<http://ids.clld.org/values/1-880-174-1>		"-keme-dɨ"@mch	
"hə:.1 pha:j.1"@kkh	<http://ids.clld.org/values/10-831-408-1>		<http://ids.clld.org/parameters/10-831>		<http://ids.clld.org/values/10-831-174-1>		"[kanowa]"@mch	
"jɨŋ.1"@kkh	<http://ids.clld.org/values/20-620-408-3>		<http://ids.clld.org/parameters/20-620>		<http://ids.clld.org/values/20-620-174-1>		"t-ɨwə̄-dɨ"@mch	
"ho:ŋ.1-hian.1"@kkh	<http://ids.clld.org/values/17-280-408-3>		<http://ids.clld.org/parameters/17-280>		<http://ids.clld.org/values/17-280-174-1>		"wōwanomatoho"@mch	
"saj.2 sə:.6 pha:.6"@kkh	<http://ids.clld.org/values/6-120-408-1>		<http://ids.clld.org/parameters/6-120>		<http://ids.clld.org/values/6-120-174-1>		"womɨ"@mch	
"ja:.1 kwan.1"@kkh	<http://ids.clld.org/values/8-680-408-1>		<http://ids.clld.org/parameters/8-680>		<http://ids.clld.org/values/8-680-174-1>		"kawai"@mch	
"ham.1"@kkh	<http://ids.clld.org/values/10-140-408-1>		<http://ids.clld.org/parameters/10-140>		<http://ids.clld.org/values/10-140-174-1>		"weməīya"@mch	
"ha:j.5"@kkh	<http://ids.clld.org/values/16-720-408-3>		<http://ids.clld.org/parameters/16-720>		<http://ids.clld.org/values/16-720-174-1>		"kənemhɨnɨ"@mch	
"kɔ:n.2"@kkh	<http://ids.clld.org/values/12-40-408-1>		<http://ids.clld.org/parameters/12-40>		<http://ids.clld.org/values/12-40-174-1>		"owāho"@mch	
"kɔ:n.2"@kkh	<http://ids.clld.org/values/12-40-408-1>		<http://ids.clld.org/parameters/12-40>		<http://ids.clld.org/values/12-40-174-3>		"awaʔde"@mch	
"luŋ.1"@kkh	<http://ids.clld.org/values/2-512-408-3>		<http://ids.clld.org/parameters/2-512>		<http://ids.clld.org/values/2-512-174-1>		"haha"@mch	
"sa:w.1"@kkh	<http://ids.clld.org/values/13-104-408-1>		<http://ids.clld.org/parameters/13-104>		<http://ids.clld.org/values/13-104-174-1>		"tōni ssoto"@mch	
"law.1"@kkh	<http://ids.clld.org/values/16-810-408-3>		<http://ids.clld.org/parameters/16-810>		<http://ids.clld.org/values/16-810-174-1>		"inɲatahe"@mch	
"laŋ.3 kha:.1"@kkh	<http://ids.clld.org/values/7-510-408-1>		<http://ids.clld.org/parameters/7-510>		<http://ids.clld.org/values/7-510-174-1>		"aməʔhɨdɨ"@mch	
"khɛ:n.3"@kkh	<http://ids.clld.org/values/4-310-408-1>		<http://ids.clld.org/parameters/4-310>		<http://ids.clld.org/values/4-310-174-1>		"aʔhə"@mch	
"lɛ:t.2"@kkh	<http://ids.clld.org/values/1-610-408-1>		<http://ids.clld.org/parameters/1-610>		<http://ids.clld.org/values/1-610-174-1>		"šī"@mch	
"wɛn.4"@kkh	<http://ids.clld.org/values/6-960-408-1>		<http://ids.clld.org/parameters/6-960>		<http://ids.clld.org/values/6-960-174-1>		"hekūde"@mch	
"laŋ.3"@kkh	<http://ids.clld.org/values/12-11-408-1>		<http://ids.clld.org/parameters/12-11>		<http://ids.clld.org/values/12-11-174-1>		"mənse"@mch	
"hɛt.1 phak.1"@kkh	<http://ids.clld.org/values/5-210-408-1>		<http://ids.clld.org/parameters/5-210>		<http://ids.clld.org/values/5-210-174-1>		"-aʔnə"@mch	
"ʔuj.3"@kkh	<http://ids.clld.org/values/4-410-408-3>		<http://ids.clld.org/parameters/4-410>		<http://ids.clld.org/values/4-410-174-1>		"ʔdohɨ-dɨ"@mch	
"jɔ:n.1"@kkh	<http://ids.clld.org/values/18-350-408-1>		<http://ids.clld.org/parameters/18-350>		<http://ids.clld.org/values/18-350-174-1>		"eʔkatə-dɨ"@mch	
"kɔ.1"@kkh	<http://ids.clld.org/values/1-250-408-1>		<http://ids.clld.org/parameters/1-250>		<http://ids.clld.org/values/1-250-174-1>		"dantadɨ"@mch	
"sa:m.3"@kkh	<http://ids.clld.org/values/13-30-408-1>		<http://ids.clld.org/parameters/13-30>		<http://ids.clld.org/values/13-30-174-1>		"aduwawə"@mch	
"ma:.3 ciŋ.6-cɔ:k.2"@kkh	<http://ids.clld.org/values/3-740-408-1>		<http://ids.clld.org/parameters/3-740>		<http://ids.clld.org/values/3-740-174-1>		"awadudi"@mch	
"mu:.2 khaw.3"@kkh	<http://ids.clld.org/values/2-960-408-1>		<http://ids.clld.org/parameters/2-960>		<http://ids.clld.org/values/2-960-174-1>		"tɨnwano"@mch	
"lɛ:w.5"@kkh	<http://ids.clld.org/values/14-270-408-1>		<http://ids.clld.org/parameters/14-270>		<http://ids.clld.org/values/14-270-174-1>		"w-əʔka-nə"@mch	
"pi:.4"@kkh	<http://ids.clld.org/values/2-440-408-1>		<http://ids.clld.org/parameters/2-440>		<http://ids.clld.org/values/2-440-174-1>		"-nuwā-dɨ"@mch	
"lu:k.4 khə:j.3"@kkh	<http://ids.clld.org/values/2-630-408-1>		<http://ids.clld.org/parameters/2-630>		<http://ids.clld.org/values/2-630-174-1>		"-hannɨ-dɨ"@mch	
"ka:ŋ.1 mɔ:j.3"@kkh	<http://ids.clld.org/values/4-142-408-1>		<http://ids.clld.org/parameters/4-142>		<http://ids.clld.org/values/4-142-174-1>		"ettəmuho"@mch	
"si:.3 lɛ:ŋ.1"@kkh	<http://ids.clld.org/values/15-660-408-1>		<http://ids.clld.org/parameters/15-660>		<http://ids.clld.org/values/15-660-174-1>		"seweičato"@mch	
"tha:m.3"@kkh	<http://ids.clld.org/values/18-310-408-1>		<http://ids.clld.org/parameters/18-310>		<http://ids.clld.org/values/18-310-174-1>		"-ekammaho-"@mch	
"laj.2"@kkh	<http://ids.clld.org/values/4-300-408-1>		<http://ids.clld.org/parameters/4-300>		<http://ids.clld.org/values/4-300-174-1>		"nkawə"@mch	
"no:n.1"@kkh	<http://ids.clld.org/values/15-750-408-1>		<http://ids.clld.org/parameters/15-750>		<http://ids.clld.org/values/15-750-174-1>		"tɨwansuʔde"@mch	
"laŋ.1"@kkh	<http://ids.clld.org/values/4-230-408-1>		<http://ids.clld.org/parameters/4-230>		<http://ids.clld.org/values/4-230-174-1>		"ənna"@mch	
"lɔ:j.1"@kkh	<http://ids.clld.org/values/1-220-408-1>		<http://ids.clld.org/parameters/1-220>		<http://ids.clld.org/values/1-220-174-1>		"hɨ̄"@mch	
"ta:ŋ.1 te:w.1 (ia ̃ e:)"@kkh	<http://ids.clld.org/values/10-720-408-1>		<http://ids.clld.org/parameters/10-720>		<http://ids.clld.org/values/10-720-174-1>		"ə̄ma"@mch	
"pha:.3"@kkh	<http://ids.clld.org/values/7-270-408-1>		<http://ids.clld.org/parameters/7-270>		<http://ids.clld.org/values/7-270-174-1>		"həʔhudu"@mch	
"jɔ:n.2"@kkh	<http://ids.clld.org/values/15-890-408-1>		<http://ids.clld.org/parameters/15-890>		<http://ids.clld.org/values/15-890-174-1>		"deyude"@mch	
"pa:.3"@kkh	<http://ids.clld.org/values/3-650-408-1>		<http://ids.clld.org/parameters/3-650>		<http://ids.clld.org/values/3-650-174-1>		"nākukwāno"@mch	
"laj.4 thə:n.2"@kkh	<http://ids.clld.org/values/20-610-408-3>		<http://ids.clld.org/parameters/20-610>		<http://ids.clld.org/values/20-610-174-1>		"emanɲuhɨdɨ"@mch	
"mi:.1 kwa:m.1 suk.1"@kkh	<http://ids.clld.org/values/16-230-408-1>		<http://ids.clld.org/parameters/16-230>		<http://ids.clld.org/values/16-230-174-1>		"takwanɲe"@mch	
"mu:.2 ba:n.6"@kkh	<http://ids.clld.org/values/19-160-408-1>		<http://ids.clld.org/parameters/19-160>		<http://ids.clld.org/values/19-160-174-1>		"haʔta"@mch	
"jɔ:ŋ.6 phɔm.3"@kkh	<http://ids.clld.org/values/6-760-408-1>		<http://ids.clld.org/parameters/6-760>		<http://ids.clld.org/values/6-760-174-1>		"mayūdu"@mch	
"phɛn.2 lin.1 waj.3"@kkh	<http://ids.clld.org/values/1-450-408-3>		<http://ids.clld.org/parameters/1-450>		<http://ids.clld.org/values/1-450-174-1>		"dehūši"@mch	
"phaj.3"@kkh	<http://ids.clld.org/values/17-680-408-1>		<http://ids.clld.org/parameters/17-680>		<http://ids.clld.org/values/17-680-174-1>		"ənə̄kɨ"@mch	
"kɨt.5 sɔ:n.2"@kkh	<http://ids.clld.org/values/17-130-408-1>		<http://ids.clld.org/parameters/17-130>		<http://ids.clld.org/values/17-130-174-1>		"tɨtahə-nə"@mch	
"xiaw.6"@kkh	<http://ids.clld.org/values/4-270-408-1>		<http://ids.clld.org/parameters/4-270>		<http://ids.clld.org/values/4-270-174-1>		"dedɨ"@mch	
"nam.5"@kkh	<http://ids.clld.org/values/1-310-408-1>		<http://ids.clld.org/parameters/1-310>		<http://ids.clld.org/values/1-310-174-1>		"tuna"@mch	
"luŋ.1"@kkh	<http://ids.clld.org/values/2-511-408-3>		<http://ids.clld.org/parameters/2-511>		<http://ids.clld.org/values/2-511-174-1>		"yawo"@mch	
"pɔ:ŋ.1"@kkh	<http://ids.clld.org/values/4-853-408-1>		<http://ids.clld.org/parameters/4-853>		<http://ids.clld.org/values/4-853-174-1>		"awonɲəʔkādɨ"@mch	
"sɔ:k.2"@kkh	<http://ids.clld.org/values/4-320-408-1>		<http://ids.clld.org/parameters/4-320>		<http://ids.clld.org/values/4-320-174-1>		"ə̄ʔmu"@mch	
"pɔ:t.2"@kkh	<http://ids.clld.org/values/4-441-408-1>		<http://ids.clld.org/parameters/4-441>		<http://ids.clld.org/values/4-441-174-1>		"ʔtaway-dɨ"@mch	
"mi:.3"@kkh	<http://ids.clld.org/values/3-730-408-1>		<http://ids.clld.org/parameters/3-730>		<http://ids.clld.org/values/3-730-174-1>		"hədēmu"@mch	
"ja:w.1"@kkh	<http://ids.clld.org/values/12-570-408-1>		<http://ids.clld.org/parameters/12-570>		<http://ids.clld.org/values/12-570-174-1>		"nuwe"@mch	
"kha:j.3"@kkh	<http://ids.clld.org/values/11-820-408-1>		<http://ids.clld.org/parameters/11-820>		<http://ids.clld.org/values/11-820-174-1>		"ehema-hoi"@mch	
"ʔa:.1"@kkh	<http://ids.clld.org/values/2-512-408-1>		<http://ids.clld.org/parameters/2-512>		<http://ids.clld.org/values/2-512-174-1>		"haha"@mch	
"man.1 kɛ:w.3 la:w.1 (la:w.1 = Laos)"@kkh	<http://ids.clld.org/values/8-920-408-1>		<http://ids.clld.org/parameters/8-920>		<http://ids.clld.org/values/8-920-174-1>		"kɨdēde"@mch	
"jɔ:t.2"@kkh	<http://ids.clld.org/values/10-230-408-3>		<http://ids.clld.org/parameters/10-230>		<http://ids.clld.org/values/10-230-174-1>		"w-eduka-nə"@mch	
"laŋ.3"@kkh	<http://ids.clld.org/values/12-10-408-1>		<http://ids.clld.org/parameters/12-10>		<http://ids.clld.org/values/12-10-174-1>		"yə̄ʔhəhe"@mch	
"nɔ:n.3"@kkh	<http://ids.clld.org/values/3-840-408-1>		<http://ids.clld.org/parameters/3-840>		<http://ids.clld.org/values/3-840-174-1>		"motto"@mch	
"haw.3 cɔ:p.4 ju:.2 ti:.4 lap.1 khɔŋ.3 khɔn.1"@kkh	<http://ids.clld.org/values/3-811-408-3>		<http://ids.clld.org/parameters/3-811>		<http://ids.clld.org/values/3-811-174-1>		"dāmə"@mch	
"baw.1"@kkh	<http://ids.clld.org/values/15-820-408-1>		<http://ids.clld.org/parameters/15-820>		<http://ids.clld.org/values/15-820-174-1>		"tawāhe"@mch	
"tɔ:.1"@kkh	<http://ids.clld.org/values/6-330-408-1>		<http://ids.clld.org/parameters/6-330>		<http://ids.clld.org/values/6-330-174-1>		"tɨʔkaʔhɨdɨ"@mch	
"ta:j.3"@kkh	<http://ids.clld.org/values/4-750-408-1>		<http://ids.clld.org/parameters/4-750>		<http://ids.clld.org/values/4-750-174-1>		"-əma-"@mch	
"jiŋ.1 sa:w.3"@kkh	<http://ids.clld.org/values/2-261-408-1>		<http://ids.clld.org/parameters/2-261>		<http://ids.clld.org/values/2-261-174-1>		"mudēši"@mch	
"ju:.5"@kkh	<http://ids.clld.org/values/10-670-408-1>		<http://ids.clld.org/parameters/10-670>		<http://ids.clld.org/values/10-670-174-1>		"-adima-dɨ"@mch	
"ʔi.1 saŋ.3"@kkh	<http://ids.clld.org/values/17-640-408-1>		<http://ids.clld.org/parameters/17-640>		<http://ids.clld.org/values/17-640-174-1>		"ākene"@mch	
"pi:k.2"@kkh	<http://ids.clld.org/values/4-392-408-1>		<http://ids.clld.org/parameters/4-392>		<http://ids.clld.org/values/4-392-174-1>		"ahəʔsai"@mch	
"pi:.3"@kkh	<http://ids.clld.org/values/14-730-408-1>		<http://ids.clld.org/parameters/14-730>		<http://ids.clld.org/values/14-730-174-1>		"wedɨ"@mch	
"cɔ:ŋ.1"@kkh	<http://ids.clld.org/values/17-280-408-1>		<http://ids.clld.org/parameters/17-280>		<http://ids.clld.org/values/17-280-174-1>		"wōwanomatoho"@mch	
"khɨn.6"@kkh	<http://ids.clld.org/values/10-210-408-1>		<http://ids.clld.org/parameters/10-210>		<http://ids.clld.org/values/10-210-174-1>		"w-ənuʔnə"@mch	
"het.1 saŋ.3"@kkh	<http://ids.clld.org/values/17-690-408-1>		<http://ids.clld.org/parameters/17-690>		<http://ids.clld.org/values/17-690-174-1>		"ākene yeihəkə"@mch	
"ʔu:.6 ca:.3"@kkh	<http://ids.clld.org/values/18-210-408-1>		<http://ids.clld.org/parameters/18-210>		<http://ids.clld.org/values/18-210-174-1>		"w-aʔdew-nə"@mch	
"mɛ:.4"@kkh	<http://ids.clld.org/values/2-240-408-1>		<http://ids.clld.org/parameters/2-240>		<http://ids.clld.org/values/2-240-174-1>		"wodi"@mch	
"pe:ŋ.1"@kkh	<http://ids.clld.org/values/15-770-408-1>		<http://ids.clld.org/parameters/15-770>		<http://ids.clld.org/values/15-770-174-1>		"tɨwansuʔde"@mch	
"lɔm.1"@kkh	<http://ids.clld.org/values/1-720-408-1>		<http://ids.clld.org/parameters/1-720>		<http://ids.clld.org/values/1-720-174-1>		"hehēnčə"@mch	
"sɔ:j.1 phuŋ.2"@kkh	<http://ids.clld.org/values/9-890-408-3>		<http://ids.clld.org/parameters/9-890>		<http://ids.clld.org/values/9-890-174-1>		"wemānʔa"@mch	
"ta:.3"@kkh	<http://ids.clld.org/values/4-210-408-1>		<http://ids.clld.org/parameters/4-210>		<http://ids.clld.org/values/4-210-174-1>		"ənu"@mch	
"cɔ:j.4 lə:.3"@kkh	<http://ids.clld.org/values/11-250-408-1>		<http://ids.clld.org/parameters/11-250>		<http://ids.clld.org/values/11-250-174-1>		"ewanakādɨ"@mch	
"xa:.6"@kkh	<http://ids.clld.org/values/2-910-408-1>		<http://ids.clld.org/parameters/2-910>		<http://ids.clld.org/values/2-910-174-1>		"ɨwɨ"@mch	
"phɨŋ.6"@kkh	<http://ids.clld.org/values/3-820-408-1>		<http://ids.clld.org/parameters/3-820>		<http://ids.clld.org/values/3-820-174-1>		"wannə"@mch	
"maj.6"@kkh	<http://ids.clld.org/values/1-852-408-3>		<http://ids.clld.org/parameters/1-852>		<http://ids.clld.org/values/1-852-174-1>		"daʔtwa-dɨ"@mch	
"pɔt.1"@kkh	<http://ids.clld.org/values/12-590-408-1>		<http://ids.clld.org/parameters/12-590>		<http://ids.clld.org/values/12-590-174-1>		"tawedato"@mch	
"kin.3"@kkh	<http://ids.clld.org/values/5-110-408-1>		<http://ids.clld.org/parameters/5-110>		<http://ids.clld.org/values/5-110-174-1>		"wowašīnčənə"@mch	
"phik.5 phɔ:ŋ.3"@kkh	<http://ids.clld.org/values/5-821-408-1>		<http://ids.clld.org/parameters/5-821>		<http://ids.clld.org/values/5-821-174-1>		"homi"@mch	
"cɛm.1"@kkh	<http://ids.clld.org/values/15-350-408-1>		<http://ids.clld.org/parameters/15-350>		<http://ids.clld.org/values/15-350-174-1>		"kādo"@mch	
"phɔn.3"@kkh	<http://ids.clld.org/values/1-750-408-1>		<http://ids.clld.org/parameters/1-750>		<http://ids.clld.org/values/1-750-174-1>		"konōho"@mch	
"lɛ:k.4 pe:n.2 khɔŋ.3 ka:.4 ka:n.3 kha:j.3"@kkh	<http://ids.clld.org/values/11-830-408-1>		<http://ids.clld.org/parameters/11-830>		<http://ids.clld.org/values/11-830-174-1>		"wətəʔtihānə"@mch	
"ma:k.2 maj.5"@kkh	<http://ids.clld.org/values/5-710-408-1>		<http://ids.clld.org/parameters/5-710>		<http://ids.clld.org/values/5-710-174-1>		"čə̄hɨdɨ̄-hɨdɨ"@mch	
"sip.1"@kkh	<http://ids.clld.org/values/13-100-408-1>		<http://ids.clld.org/parameters/13-100>		<http://ids.clld.org/values/13-100-174-1>		"amohadə"@mch	
"la:n.3 ca:j.1"@kkh	<http://ids.clld.org/values/2-480-408-1>		<http://ids.clld.org/parameters/2-480>		<http://ids.clld.org/values/2-480-174-1>		"hādɨ"@mch	
"kaj.3"@kkh	<http://ids.clld.org/values/12-430-408-3>		<http://ids.clld.org/parameters/12-430>		<http://ids.clld.org/values/12-430-174-1>		"amoinče-ʔda"@mch	
"hɔn.3 ta:ŋ.1"@kkh	<http://ids.clld.org/values/10-710-408-1>		<http://ids.clld.org/parameters/10-710>		<http://ids.clld.org/values/10-710-174-1>		"ə̄ma"@mch	
"tam.2"@kkh	<http://ids.clld.org/values/12-320-408-1>		<http://ids.clld.org/parameters/12-320>		<http://ids.clld.org/values/12-320-174-1>		"nonohoʔčə"@mch	
"bit.1"@kkh	<http://ids.clld.org/values/9-343-408-5>		<http://ids.clld.org/parameters/9-343>		<http://ids.clld.org/values/9-343-174-1>		"eʔkukā-dɨ"@mch	
"la:j.6"@kkh	<http://ids.clld.org/values/9-190-408-3>		<http://ids.clld.org/parameters/9-190>		<http://ids.clld.org/values/9-190-174-1>		"āʔto"@mch	
"xɔn.1"@kkh	<http://ids.clld.org/values/2-100-408-1>		<http://ids.clld.org/parameters/2-100>		<http://ids.clld.org/values/2-100-174-1>		"ssoto"@mch	
"so:n.3"@kkh	<http://ids.clld.org/values/8-130-408-1>		<http://ids.clld.org/parameters/8-130>		<http://ids.clld.org/values/8-130-174-1>		"awdwāhə"@mch	
"khwa:.3"@kkh	<http://ids.clld.org/values/12-410-408-1>		<http://ids.clld.org/parameters/12-410>		<http://ids.clld.org/values/12-410-174-1>		"əmuʔdemhɨnɨ"@mch	
"khɔn.1 thaw.6 jiŋ.1"@kkh	<http://ids.clld.org/values/2-471-408-1>		<http://ids.clld.org/parameters/2-471>		<http://ids.clld.org/values/2-471-174-1>		"noʔsamoʔkɨ"@mch	
"hɨ:.6"@kkh	<http://ids.clld.org/values/11-210-408-1>		<http://ids.clld.org/parameters/11-210>		<http://ids.clld.org/values/11-210-174-1>		"utūdu"@mch	
"nak.1"@kkh	<http://ids.clld.org/values/15-810-408-1>		<http://ids.clld.org/parameters/15-810>		<http://ids.clld.org/values/15-810-174-1>		"tamənɲato"@mch	
"li:.1"@kkh	<http://ids.clld.org/values/16-710-408-1>		<http://ids.clld.org/parameters/16-710>		<http://ids.clld.org/values/16-710-174-1>		"ašiča"@mch	
"hian.1 hu:.5"@kkh	<http://ids.clld.org/values/17-240-408-1>		<http://ids.clld.org/parameters/17-240>		<http://ids.clld.org/values/17-240-174-1>		"-ōwanoma-"@mch	
"hɛ:ŋ.6 lɛ:ŋ.5"@kkh	<http://ids.clld.org/values/15-840-408-3>		<http://ids.clld.org/parameters/15-840>		<http://ids.clld.org/values/15-840-174-1>		"ssedēhe"@mch	
"jip.1 pha:.6"@kkh	<http://ids.clld.org/values/6-350-408-1>		<http://ids.clld.org/parameters/6-350>		<http://ids.clld.org/values/6-350-174-1>		"šōka-dɨ"@mch	
"khɔp.1"@kkh	<http://ids.clld.org/values/4-580-408-1>		<http://ids.clld.org/parameters/4-580>		<http://ids.clld.org/values/4-580-174-1>		"ēkādɨ"@mch	
"la:n.3 jiŋ.1"@kkh	<http://ids.clld.org/values/2-540-408-1>		<http://ids.clld.org/parameters/2-540>		<http://ids.clld.org/values/2-540-174-1>		"hāse"@mch	
"hak.5"@kkh	<http://ids.clld.org/values/16-270-408-1>		<http://ids.clld.org/parameters/16-270>		<http://ids.clld.org/values/16-270-174-1>		"hyumma-dɨ"@mch	
"phan.3"@kkh	<http://ids.clld.org/values/4-620-408-1>		<http://ids.clld.org/parameters/4-620>		<http://ids.clld.org/values/4-620-174-1>		"wənētɨnə"@mch	
"nɔm.1"@kkh	<http://ids.clld.org/values/4-410-408-5>		<http://ids.clld.org/parameters/4-410>		<http://ids.clld.org/values/4-410-174-1>		"ʔdohɨ-dɨ"@mch	
"khaj.4 su:.6"@kkh	<http://ids.clld.org/values/16-250-408-1>		<http://ids.clld.org/parameters/16-250>		<http://ids.clld.org/values/16-250-174-1>		"waʔsenɲo"@mch	
"kin.3"@kkh	<http://ids.clld.org/values/5-130-408-1>		<http://ids.clld.org/parameters/5-130>		<http://ids.clld.org/values/5-130-174-1>		"enku"@mch	
"pɛ:t.2"@kkh	<http://ids.clld.org/values/13-80-408-1>		<http://ids.clld.org/parameters/13-80>		<http://ids.clld.org/values/13-80-174-1>		"aduwawə amohaʔto"@mch	
"pho:.3"@kkh	<http://ids.clld.org/values/2-310-408-1>		<http://ids.clld.org/parameters/2-310>		<http://ids.clld.org/values/2-310-174-1>		"-ɲno"@mch	
"sun.3"@kkh	<http://ids.clld.org/values/5-490-408-3>		<http://ids.clld.org/parameters/5-490>		<http://ids.clld.org/values/5-490-174-1>		"-oima-dɨ"@mch	
"ta:.4 hə:.1"@kkh	<http://ids.clld.org/values/10-910-408-1>		<http://ids.clld.org/parameters/10-910>		<http://ids.clld.org/values/10-910-174-1>		"wəʔtə"@mch	
"khɔ:p.2"@kkh	<http://ids.clld.org/values/12-353-408-1>		<http://ids.clld.org/parameters/12-353>		<http://ids.clld.org/values/12-353-174-1>		"čəʔhiyu"@mch	
"cə:.1"@kkh	<http://ids.clld.org/values/19-650-408-3>		<http://ids.clld.org/parameters/19-650>		<http://ids.clld.org/values/19-650-174-1>		"edantə-dɨ"@mch	
"lɛ:w.3"@kkh	<http://ids.clld.org/values/9-260-408-3>		<http://ids.clld.org/parameters/9-260>		<http://ids.clld.org/values/9-260-174-1>		"-išiča-dɨ"@mch	
"jɛ:k.4"@kkh	<http://ids.clld.org/values/12-230-408-1>		<http://ids.clld.org/parameters/12-230>		<http://ids.clld.org/values/12-230-174-1>		"šādamadɨ̄he"@mch	
"pe:n.2"@kkh	<http://ids.clld.org/values/12-930-408-1>		<http://ids.clld.org/parameters/12-930>		<http://ids.clld.org/values/12-930-174-1>		"w-ekamhiaka-nə"@mch	
"naj.1"@kkh	<http://ids.clld.org/values/12-50-408-1>		<http://ids.clld.org/parameters/12-50>		<http://ids.clld.org/values/12-50-174-3>		"anwaʔka"@mch	
"naj.1"@kkh	<http://ids.clld.org/values/12-50-408-1>		<http://ids.clld.org/parameters/12-50>		<http://ids.clld.org/values/12-50-174-1>		"aʔka"@mch	
"mu:.3"@kkh	<http://ids.clld.org/values/3-350-408-1>		<http://ids.clld.org/parameters/3-350>		<http://ids.clld.org/values/3-350-174-1>		"[kūši]"@mch	
"ta:.2 khaw.6 phak.1"@kkh	<http://ids.clld.org/values/5-410-408-1>		<http://ids.clld.org/parameters/5-410>		<http://ids.clld.org/values/5-410-174-1>		"əwainši"@mch	
"taj.1 kɔ:.5"@kkh	<http://ids.clld.org/values/19-510-408-1>		<http://ids.clld.org/parameters/19-510>		<http://ids.clld.org/values/19-510-174-1>		"weičakōno"@mch	
"ʔi.1-na:j.1"@kkh	<http://ids.clld.org/values/2-470-408-1>		<http://ids.clld.org/parameters/2-470>		<http://ids.clld.org/values/2-470-174-1>		"-tamū-du"@mch	
"tɔn.6 maj.5"@kkh	<http://ids.clld.org/values/8-600-408-1>		<http://ids.clld.org/parameters/8-600>		<http://ids.clld.org/values/8-600-174-1>		"dē"@mch	
"ha:.3"@kkh	<http://ids.clld.org/values/11-320-408-1>		<http://ids.clld.org/parameters/11-320>		<http://ids.clld.org/values/11-320-174-1>		"edantə-dɨ"@mch	
"pɔ:k.4 khɨn.1"@kkh	<http://ids.clld.org/values/10-481-408-3>		<http://ids.clld.org/parameters/10-481>		<http://ids.clld.org/values/10-481-174-1>		"w-ennakā-nə"@mch	
"si:.3 lə:ŋ.3"@kkh	<http://ids.clld.org/values/15-690-408-1>		<http://ids.clld.org/parameters/15-690>		<http://ids.clld.org/values/15-690-174-1>		"kɨnota"@mch	
"ʔi.1-liŋ.1"@kkh	<http://ids.clld.org/values/3-760-408-3>		<http://ids.clld.org/parameters/3-760>		<http://ids.clld.org/values/3-760-174-1>		"yadākadu"@mch	
"pu:.4"@kkh	<http://ids.clld.org/values/2-230-408-1>		<http://ids.clld.org/parameters/2-230>		<http://ids.clld.org/values/2-230-174-1>		"danwa"@mch	
"bɛ:k.2"@kkh	<http://ids.clld.org/values/10-610-408-1>		<http://ids.clld.org/parameters/10-610>		<http://ids.clld.org/values/10-610-174-1>		"-adə̄-"@mch	
"la.1-ʔɔn.2"@kkh	<http://ids.clld.org/values/2-270-408-1>		<http://ids.clld.org/parameters/2-270>		<http://ids.clld.org/values/2-270-174-1>		"nnedɨ"@mch	
"sɨ:.5"@kkh	<http://ids.clld.org/values/11-810-408-1>		<http://ids.clld.org/parameters/11-810>		<http://ids.clld.org/values/11-810-174-1>		"ehēma-dɨ"@mch	
"khi:k.2"@kkh	<http://ids.clld.org/values/9-280-408-1>		<http://ids.clld.org/parameters/9-280>		<http://ids.clld.org/values/9-280-174-1>		"-iši-"@mch	
"piw.3"@kkh	<http://ids.clld.org/values/10-380-408-3>		<http://ids.clld.org/parameters/10-380>		<http://ids.clld.org/values/10-380-174-1>		"yaičumā-dɨ"@mch	
"baw.2 khɛŋ.3 hɛ:ŋ.1"@kkh	<http://ids.clld.org/values/4-820-408-3>		<http://ids.clld.org/parameters/4-820>		<http://ids.clld.org/values/4-820-174-1>		"āʔkedēto"@mch	
"koŋ.1-ka:w.3"@kkh	<http://ids.clld.org/values/3-818-408-1>		<http://ids.clld.org/parameters/3-818>		<http://ids.clld.org/values/3-818-174-1>		"modoy"@mch	
"pha.1 ʔa:.1-tit.5"@kkh	<http://ids.clld.org/values/1-520-408-3>		<http://ids.clld.org/parameters/1-520>		<http://ids.clld.org/values/1-520-174-1>		"šī"@mch	
"khɔ:.1"@kkh	<http://ids.clld.org/values/4-280-408-1>		<http://ids.clld.org/parameters/4-280>		<http://ids.clld.org/values/4-280-174-1>		"hɨ̄mɨ"@mch	
"ka:ŋ.3 khɨ:n.1"@kkh	<http://ids.clld.org/values/14-420-408-1>		<http://ids.clld.org/parameters/14-420>		<http://ids.clld.org/values/14-420-174-1>		"čomomɨ̄dɨ"@mch	
"ma:.1 thɨŋ.3"@kkh	<http://ids.clld.org/values/10-550-408-3>		<http://ids.clld.org/parameters/10-550>		<http://ids.clld.org/values/10-550-174-1>		"w-əʔdɨ-nə"@mch	
"tɨk.1 sɨk.1"@kkh	<http://ids.clld.org/values/20-130-408-1>		<http://ids.clld.org/parameters/20-130>		<http://ids.clld.org/values/20-130-174-1>		"wənə"@mch	
"ka:.6"@kkh	<http://ids.clld.org/values/10-440-408-1>		<http://ids.clld.org/parameters/10-440>		<http://ids.clld.org/values/10-440-174-1>		"-ənwa-"@mch	
"nam.5 ma.2-ha:.3-sa.2-mut.1"@kkh	<http://ids.clld.org/values/1-320-408-1>		<http://ids.clld.org/parameters/1-320>		<http://ids.clld.org/values/1-320-174-1>		"dama"@mch	
"mə:.4 laj.1"@kkh	<http://ids.clld.org/values/17-650-408-1>		<http://ids.clld.org/parameters/17-650>		<http://ids.clld.org/values/17-650-174-1>		"əičənnāwəkə"@mch	
"tup.5"@kkh	<http://ids.clld.org/values/9-210-408-3>		<http://ids.clld.org/parameters/9-210>		<http://ids.clld.org/values/9-210-174-1>		"-aiʔhuka-dɨ"@mch	
"hɔ:ŋ.5 haj.6"@kkh	<http://ids.clld.org/values/16-370-408-1>		<http://ids.clld.org/parameters/16-370>		<http://ids.clld.org/values/16-370-174-1>		"w-amo-nə"@mch	
"la:j.3"@kkh	<http://ids.clld.org/values/13-150-408-1>		<http://ids.clld.org/parameters/13-150>		<http://ids.clld.org/values/13-150-174-1>		"hōhe"@mch	
"taŋ.1 naj.1"@kkh	<http://ids.clld.org/values/12-50-408-3>		<http://ids.clld.org/parameters/12-50>		<http://ids.clld.org/values/12-50-174-3>		"anwaʔka"@mch	
"taŋ.1 naj.1"@kkh	<http://ids.clld.org/values/12-50-408-3>		<http://ids.clld.org/parameters/12-50>		<http://ids.clld.org/values/12-50-174-1>		"aʔka"@mch	
"hɔ:k.2"@kkh	<http://ids.clld.org/values/20-260-408-1>		<http://ids.clld.org/parameters/20-260>		<http://ids.clld.org/values/20-260-174-1>		"sukuhi"@mch	
"kwa:ŋ.3"@kkh	<http://ids.clld.org/values/3-750-408-1>		<http://ids.clld.org/parameters/3-750>		<http://ids.clld.org/values/3-750-174-1>		"kawādi"@mch	
"pat.1"@kkh	<http://ids.clld.org/values/9-370-408-1>		<http://ids.clld.org/parameters/9-370>		<http://ids.clld.org/values/9-370-174-1>		"šēmeka-dɨ"@mch	
"ho:.3 caj.3"@kkh	<http://ids.clld.org/values/4-440-408-1>		<http://ids.clld.org/parameters/4-440>		<http://ids.clld.org/values/4-440-174-1>		"yēwanɨ"@mch	
"ho:.3"@kkh	<http://ids.clld.org/values/4-200-408-1>		<http://ids.clld.org/parameters/4-200>		<http://ids.clld.org/values/4-200-174-1>		"hūʔhə"@mch	
"maj.5 pha:j.1 hə:.1"@kkh	<http://ids.clld.org/values/10-851-408-1>		<http://ids.clld.org/parameters/10-851>		<http://ids.clld.org/values/10-851-174-1>		"hēna"@mch	
"hɔ:ŋ.5 phe:ŋ.1"@kkh	<http://ids.clld.org/values/18-120-408-1>		<http://ids.clld.org/parameters/18-120>		<http://ids.clld.org/values/18-120-174-1>		"we[kantā]ʔɲənə"@mch	
"pɔ:.4"@kkh	<http://ids.clld.org/values/2-350-408-1>		<http://ids.clld.org/parameters/2-350>		<http://ids.clld.org/values/2-350-174-1>		"haha"@mch	
"luk.5"@kkh	<http://ids.clld.org/values/1-852-408-1>		<http://ids.clld.org/parameters/1-852>		<http://ids.clld.org/values/1-852-174-1>		"daʔtwa-dɨ"@mch	
"phə:.3"@kkh	<http://ids.clld.org/values/9-750-408-1>		<http://ids.clld.org/parameters/9-750>		<http://ids.clld.org/values/9-750-174-1>		"aʔtoʔtotoʔho"@mch	
"hap.5"@kkh	<http://ids.clld.org/values/11-130-408-3>		<http://ids.clld.org/parameters/11-130>		<http://ids.clld.org/values/11-130-174-1>		"w-emhan-nə"@mch	
"na:.6-pha:k.2"@kkh	<http://ids.clld.org/values/4-205-408-1>		<http://ids.clld.org/parameters/4-205>		<http://ids.clld.org/values/4-205-174-1>		"heʔkay"@mch	
"ma:k.2 ʔa:.1-lu:.1"@kkh	<http://ids.clld.org/values/5-700-408-1>		<http://ids.clld.org/parameters/5-700>		<http://ids.clld.org/values/5-700-174-1>		"šāku"@mch	
"lɔ:j.1"@kkh	<http://ids.clld.org/values/10-340-408-1>		<http://ids.clld.org/parameters/10-340>		<http://ids.clld.org/values/10-340-174-1>		"tɨtāwaʔta"@mch	
"wɛ:n.3 mɨ:.1"@kkh	<http://ids.clld.org/values/6-740-408-1>		<http://ids.clld.org/parameters/6-740>		<http://ids.clld.org/values/6-740-174-1>		"ahəʔmɨy"@mch	
"khɛm.3"@kkh	<http://ids.clld.org/values/6-360-408-1>		<http://ids.clld.org/parameters/6-360>		<http://ids.clld.org/values/6-360-174-1>		"makūsa"@mch	
"bə:.3 ba:k.2"@kkh	<http://ids.clld.org/values/15-880-408-1>		<http://ids.clld.org/parameters/15-880>		<http://ids.clld.org/values/15-880-174-1>		"nossahe"@mch	
"wɨt.5"@kkh	<http://ids.clld.org/values/10-250-408-1>		<http://ids.clld.org/parameters/10-250>		<http://ids.clld.org/values/10-250-174-1>		"himā-dɨ"@mch	
"pi:.4 nɔ:ŋ.5"@kkh	<http://ids.clld.org/values/2-550-408-1>		<http://ids.clld.org/parameters/2-550>		<http://ids.clld.org/values/2-550-174-1>		"waiɲe"@mch	
"pi:.4 nɔ:ŋ.5"@kkh	<http://ids.clld.org/values/2-550-408-1>		<http://ids.clld.org/parameters/2-550>		<http://ids.clld.org/values/2-550-174-3>		"yāʔko"@mch	
"pha:ŋ.2 man.1"@kkh	<http://ids.clld.org/values/7-450-408-1>		<http://ids.clld.org/parameters/7-450>		<http://ids.clld.org/values/7-450-174-1>		"adāwa"@mch	
"mɔn.1"@kkh	<http://ids.clld.org/values/12-810-408-1>		<http://ids.clld.org/parameters/12-810>		<http://ids.clld.org/values/12-810-174-1>		"kokkoduhaʔto"@mch	
"maw.1"@kkh	<http://ids.clld.org/values/4-980-408-1>		<http://ids.clld.org/parameters/4-980>		<http://ids.clld.org/values/4-980-174-1>		"-oʔdoʔhə"@mch	
"khɔn.3"@kkh	<http://ids.clld.org/values/4-393-408-1>		<http://ids.clld.org/parameters/4-393>		<http://ids.clld.org/values/4-393-174-1>		"iʔhōʔtɨ"@mch	
"mi:.1"@kkh	<http://ids.clld.org/values/11-110-408-1>		<http://ids.clld.org/parameters/11-110>		<http://ids.clld.org/values/11-110-174-1>		"tɨweiye wənɲe"@mch	
"sa:n.3"@kkh	<http://ids.clld.org/values/6-330-408-3>		<http://ids.clld.org/parameters/6-330>		<http://ids.clld.org/values/6-330-174-1>		"tɨʔkaʔhɨdɨ"@mch	
"man.1"@kkh	<http://ids.clld.org/values/2-930-408-1>		<http://ids.clld.org/parameters/2-930>		<http://ids.clld.org/values/2-930-174-1>		"tɨwɨ"@mch	
"pɔ:k.4 ma:.1"@kkh	<http://ids.clld.org/values/10-481-408-1>		<http://ids.clld.org/parameters/10-481>		<http://ids.clld.org/values/10-481-174-1>		"w-ennakā-nə"@mch	
"sat.1-thu:.3 (Pali)"@kkh	<http://ids.clld.org/values/19-520-408-3>		<http://ids.clld.org/parameters/19-520>		<http://ids.clld.org/values/19-520-174-1>		"tuʔde"@mch	
"mit.1"@kkh	<http://ids.clld.org/values/19-510-408-3>		<http://ids.clld.org/parameters/19-510>		<http://ids.clld.org/values/19-510-174-1>		"weičakōno"@mch	
"saj.6"@kkh	<http://ids.clld.org/values/4-461-408-1>		<http://ids.clld.org/parameters/4-461>		<http://ids.clld.org/values/4-461-174-1>		"hyōtɨ"@mch	
"ka.2-la:t.2"@kkh	<http://ids.clld.org/values/18-560-408-1>		<http://ids.clld.org/parameters/18-560>		<http://ids.clld.org/values/18-560-174-1>		"[hahēda]"@mch	
"hɔ:j.3 ta:k.4"@kkh	<http://ids.clld.org/values/3-940-408-1>		<http://ids.clld.org/parameters/3-940>		<http://ids.clld.org/values/3-940-174-1>		"memu"@mch	
"haw.1"@kkh	<http://ids.clld.org/values/2-941-408-1>		<http://ids.clld.org/parameters/2-941>		<http://ids.clld.org/values/2-941-174-1>		"kɨwɨ"@mch	
"no:t.2 pɛ.5"@kkh	<http://ids.clld.org/values/4-142-408-3>		<http://ids.clld.org/parameters/4-142>		<http://ids.clld.org/values/4-142-174-1>		"ettəmuho"@mch	
"khɔn.5 ha:.3"@kkh	<http://ids.clld.org/values/11-310-408-1>		<http://ids.clld.org/parameters/11-310>		<http://ids.clld.org/values/11-310-174-1>		"uhīyɨ"@mch	
"khɔ:.1 sə:.6"@kkh	<http://ids.clld.org/values/6-450-408-1>		<http://ids.clld.org/parameters/6-450>		<http://ids.clld.org/values/6-450-174-1>		"wōʔmo"@mch	
"suŋ.3"@kkh	<http://ids.clld.org/values/12-310-408-1>		<http://ids.clld.org/parameters/12-310>		<http://ids.clld.org/values/12-310-174-1>		"kawə"@mch	
"mɛ:.4 jiŋ.1"@kkh	<http://ids.clld.org/values/2-220-408-1>		<http://ids.clld.org/parameters/2-220>		<http://ids.clld.org/values/2-220-174-1>		"wodi"@mch	
"ha:ŋ.3"@kkh	<http://ids.clld.org/values/4-180-408-1>		<http://ids.clld.org/parameters/4-180>		<http://ids.clld.org/values/4-180-174-1>		"dāʔkɨdɨ"@mch	
"pi:.2"@kkh	<http://ids.clld.org/values/18-710-408-1>		<http://ids.clld.org/parameters/18-710>		<http://ids.clld.org/values/18-710-174-1>		"hīču"@mch	
"su:.6 kan.3"@kkh	<http://ids.clld.org/values/20-110-408-1>		<http://ids.clld.org/parameters/20-110>		<http://ids.clld.org/values/20-110-174-1>		"wətə̄nehānə"@mch	
"si:.3 khe:w.3"@kkh	<http://ids.clld.org/values/15-680-408-1>		<http://ids.clld.org/parameters/15-680>		<http://ids.clld.org/values/15-680-174-1>		"šēne"@mch	
"hin.3"@kkh	<http://ids.clld.org/values/1-440-408-1>		<http://ids.clld.org/parameters/1-440>		<http://ids.clld.org/values/1-440-174-1>		"təʔhu"@mch	
"baj.1 maj.5"@kkh	<http://ids.clld.org/values/8-560-408-1>		<http://ids.clld.org/parameters/8-560>		<http://ids.clld.org/values/8-560-174-1>		"yadɨ"@mch	
"hɔk.1"@kkh	<http://ids.clld.org/values/10-430-408-1>		<http://ids.clld.org/parameters/10-430>		<http://ids.clld.org/values/10-430-174-1>		"w-ahanɨn-nə"@mch	
"tɔ:n.3 ni:.5"@kkh	<http://ids.clld.org/values/14-180-408-1>		<http://ids.clld.org/parameters/14-180>		<http://ids.clld.org/values/14-180-174-1>		"edūwa"@mch	
"piaw.3 phaj.1"@kkh	<http://ids.clld.org/values/1-820-408-1>		<http://ids.clld.org/parameters/1-820>		<http://ids.clld.org/values/1-820-174-1>		"wāʔto"@mch	
"ʔɔ:k.2 paj.1"@kkh	<http://ids.clld.org/values/10-474-408-1>		<http://ids.clld.org/parameters/10-474>		<http://ids.clld.org/values/10-474-174-1>		"w-ehaʔka-nə"@mch	
"la.1-ʔɔn.2 jiŋ.1"@kkh	<http://ids.clld.org/values/2-260-408-1>		<http://ids.clld.org/parameters/2-260>		<http://ids.clld.org/values/2-260-174-1>		"wodi-ʔčə"@mch	
"mɛ:ŋ.1 pɔŋ.2"@kkh	<http://ids.clld.org/values/3-815-408-1>		<http://ids.clld.org/parameters/3-815>		<http://ids.clld.org/values/3-815-174-1>		"mɨnə̄tə"@mch	
"naw.4"@kkh	<http://ids.clld.org/values/5-125-408-1>		<http://ids.clld.org/parameters/5-125>		<http://ids.clld.org/values/5-125-174-1>		"čə̄tāhə"@mch	
"khɔŋ.3 kin.3"@kkh	<http://ids.clld.org/values/5-120-408-1>		<http://ids.clld.org/parameters/5-120>		<http://ids.clld.org/values/5-120-174-1>		"mudūkuku"@mch	
"jaj.2"@kkh	<http://ids.clld.org/values/12-550-408-3>		<http://ids.clld.org/parameters/12-550>		<http://ids.clld.org/values/12-550-174-1>		"nuwe"@mch	
"hə:n.1"@kkh	<http://ids.clld.org/values/7-120-408-1>		<http://ids.clld.org/parameters/7-120>		<http://ids.clld.org/values/7-120-174-1>		"mmā"@mch	
"xo:ŋ.2"@kkh	<http://ids.clld.org/values/7-150-408-1>		<http://ids.clld.org/parameters/7-150>		<http://ids.clld.org/values/7-150-174-1>		"hɨdōdo"@mch	
"sɔp.1"@kkh	<http://ids.clld.org/values/4-240-408-1>		<http://ids.clld.org/parameters/4-240>		<http://ids.clld.org/values/4-240-174-1>		"ənta"@mch	
"hɛt.1 ka:n.3"@kkh	<http://ids.clld.org/values/9-120-408-1>		<http://ids.clld.org/parameters/9-120>		<http://ids.clld.org/values/9-120-174-1>		"tadawāhu"@mch	
"khaw.6 sa:.3-li:.1 kɔ:.4"@kkh	<http://ids.clld.org/values/8-470-408-1>		<http://ids.clld.org/parameters/8-470>		<http://ids.clld.org/values/8-470-174-1>		"ənɲa"@mch	
"ma:n.1"@kkh	<http://ids.clld.org/values/22-350-408-1>		<http://ids.clld.org/parameters/22-350>		<http://ids.clld.org/values/22-350-174-1>		"kahūšawa"@mch	
"si:.3"@kkh	<http://ids.clld.org/values/9-880-408-1>		<http://ids.clld.org/parameters/9-880>		<http://ids.clld.org/values/9-880-174-1>		"wānai"@mch	
"hɛ:.3"@kkh	<http://ids.clld.org/values/20-540-408-1>		<http://ids.clld.org/parameters/20-540>		<http://ids.clld.org/values/20-540-174-1>		"anətə"@mch	
"mi:t.4"@kkh	<http://ids.clld.org/values/9-230-408-1>		<http://ids.clld.org/parameters/9-230>		<http://ids.clld.org/values/9-230-174-1>		"kɨmɨʔkə"@mch	
"la:ŋ.4"@kkh	<http://ids.clld.org/values/12-340-408-3>		<http://ids.clld.org/parameters/12-340>		<http://ids.clld.org/values/12-340-174-1>		"nwaʔkəi"@mch	
"khɨn.6"@kkh	<http://ids.clld.org/values/10-472-408-1>		<http://ids.clld.org/parameters/10-472>		<http://ids.clld.org/values/10-472-174-1>		"-annuʔku-"@mch	
"ʔaj.1"@kkh	<http://ids.clld.org/values/4-530-408-1>		<http://ids.clld.org/parameters/4-530>		<http://ids.clld.org/values/4-530-174-1>		"təinšiʔho"@mch	
"lɛn.4"@kkh	<http://ids.clld.org/values/10-460-408-1>		<http://ids.clld.org/parameters/10-460>		<http://ids.clld.org/values/10-460-174-1>		"w-ekaʔtɨn-nə"@mch	
"sa.1-ʔa:t.2"@kkh	<http://ids.clld.org/values/15-860-408-5>		<http://ids.clld.org/parameters/15-860>		<http://ids.clld.org/values/15-860-174-1>		"kəmme"@mch	
"nɔk.5 kɛ:w.6"@kkh	<http://ids.clld.org/values/3-592-408-1>		<http://ids.clld.org/parameters/3-592>		<http://ids.clld.org/values/3-592-174-1>		"[dodo]"@mch	
"ho:.3 na:.6"@kkh	<http://ids.clld.org/values/19-240-408-1>		<http://ids.clld.org/parameters/19-240>		<http://ids.clld.org/values/19-240-174-1>		"ədāhə"@mch	
"kap.1 phaj.1"@kkh	<http://ids.clld.org/values/1-870-408-1>		<http://ids.clld.org/parameters/1-870>		<http://ids.clld.org/values/1-870-174-1>		"tɨsočāmɨ"@mch	
"si:.3 lam.1"@kkh	<http://ids.clld.org/values/15-650-408-1>		<http://ids.clld.org/parameters/15-650>		<http://ids.clld.org/values/15-650-174-1>		"hudumato"@mch	
"hɔ:ŋ.5"@kkh	<http://ids.clld.org/values/18-130-408-1>		<http://ids.clld.org/parameters/18-130>		<http://ids.clld.org/values/18-130-174-1>		"kəʔtɨn-nə"@mch	
"lɛp.5"@kkh	<http://ids.clld.org/values/4-344-408-1>		<http://ids.clld.org/parameters/4-344>		<http://ids.clld.org/values/4-344-174-1>		"əmmi"@mch	
"ʔun.6 lɛp.5 mɨ:.1"@kkh	<http://ids.clld.org/values/4-345-408-1>		<http://ids.clld.org/parameters/4-345>		<http://ids.clld.org/values/4-345-174-1>		"əmmi"@mch	
"taŋ.6 kaw.5"@kkh	<http://ids.clld.org/values/14-250-408-1>		<http://ids.clld.org/parameters/14-250>		<http://ids.clld.org/values/14-250-174-1>		"ahəntədɨ"@mch	
"hak.1-sa:.3 (pali)"@kkh	<http://ids.clld.org/values/4-860-408-1>		<http://ids.clld.org/parameters/4-860>		<http://ids.clld.org/values/4-860-174-1>		"adonkadɨ"@mch	
"jiŋ.1"@kkh	<http://ids.clld.org/values/20-620-408-1>		<http://ids.clld.org/parameters/20-620>		<http://ids.clld.org/values/20-620-174-1>		"t-ɨwə̄-dɨ"@mch	
"khɔm.3"@kkh	<http://ids.clld.org/values/15-370-408-1>		<http://ids.clld.org/parameters/15-370>		<http://ids.clld.org/values/15-370-174-1>		"tutune"@mch	
"na:.6 ʔɔk.1"@kkh	<http://ids.clld.org/values/4-410-408-1>		<http://ids.clld.org/parameters/4-410>		<http://ids.clld.org/values/4-410-174-1>		"ʔdohɨ-dɨ"@mch	
"pha:.1-sa:.3"@kkh	<http://ids.clld.org/values/18-240-408-1>		<http://ids.clld.org/parameters/18-240>		<http://ids.clld.org/values/18-240-174-1>		"āʔdewʔkwe"@mch	
"ʔa:.1-nu.1-ja:t.3 (Pali)"@kkh	<http://ids.clld.org/values/19-470-408-1>		<http://ids.clld.org/parameters/19-470>		<http://ids.clld.org/values/19-470-174-1>		"tɨdɨho-dɨ"@mch	
"na:.6"@kkh	<http://ids.clld.org/values/4-204-408-1>		<http://ids.clld.org/parameters/4-204>		<http://ids.clld.org/values/4-204-174-1>		"heʔ-dɨ"@mch	
"si:.3 kha:w.3"@kkh	<http://ids.clld.org/values/15-640-408-1>		<http://ids.clld.org/parameters/15-640>		<http://ids.clld.org/values/15-640-174-1>		"təʔkeʔne"@mch	
"paj.1"@kkh	<http://ids.clld.org/values/10-470-408-1>		<http://ids.clld.org/parameters/10-470>		<http://ids.clld.org/values/10-470-174-1>		"wɨʔtə̄-nə"@mch	
"khɔŋ.4"@kkh	<http://ids.clld.org/values/7-210-408-3>		<http://ids.clld.org/parameters/7-210>		<http://ids.clld.org/values/7-210-174-1>		"əʔsa"@mch	
"la:t.4-ca.2-si:.3"@kkh	<http://ids.clld.org/values/3-720-408-1>		<http://ids.clld.org/parameters/3-720>		<http://ids.clld.org/values/3-720-174-1>		"kawadīmə"@mch	
"ni:.3"@kkh	<http://ids.clld.org/values/10-510-408-3>		<http://ids.clld.org/parameters/10-510>		<http://ids.clld.org/values/10-510-174-1>		"w-ə̄nehē-nə"@mch	
"pha.5 caw.6"@kkh	<http://ids.clld.org/values/22-120-408-1>		<http://ids.clld.org/parameters/22-120>		<http://ids.clld.org/values/22-120-174-1>		"wanādi"@mch	
"bɛŋ.2"@kkh	<http://ids.clld.org/values/12-232-408-1>		<http://ids.clld.org/parameters/12-232>		<http://ids.clld.org/values/12-232-174-1>		"yātohətɨdɨ"@mch	
"pa:.6"@kkh	<http://ids.clld.org/values/2-520-408-1>		<http://ids.clld.org/parameters/2-520>		<http://ids.clld.org/values/2-520-174-1>		"waynɲeʔney"@mch	
"la:n.3 ca:j.1"@kkh	<http://ids.clld.org/values/2-530-408-1>		<http://ids.clld.org/parameters/2-530>		<http://ids.clld.org/values/2-530-174-1>		"honɨ"@mch	
"la:n.3 ca:j.1"@kkh	<http://ids.clld.org/values/2-530-408-1>		<http://ids.clld.org/parameters/2-530>		<http://ids.clld.org/values/2-530-174-3>		"honɨ-kə"@mch	
"baw.2"@kkh	<http://ids.clld.org/values/17-560-408-1>		<http://ids.clld.org/parameters/17-560>		<http://ids.clld.org/values/17-560-174-1>		"mmʔhm"@mch	
"nɨŋ.4"@kkh	<http://ids.clld.org/values/13-10-408-1>		<http://ids.clld.org/parameters/13-10>		<http://ids.clld.org/values/13-10-174-1>		"tōni"@mch	
"na:.5"@kkh	<http://ids.clld.org/values/2-511-408-1>		<http://ids.clld.org/parameters/2-511>		<http://ids.clld.org/values/2-511-174-1>		"yawo"@mch	
"hɔ:.2"@kkh	<http://ids.clld.org/values/10-140-408-5>		<http://ids.clld.org/parameters/10-140>		<http://ids.clld.org/values/10-140-174-1>		"weməīya"@mch	
"pi:.4 jiŋ.1"@kkh	<http://ids.clld.org/values/2-454-408-1>		<http://ids.clld.org/parameters/2-454>		<http://ids.clld.org/values/2-454-174-1>		"yāya"@mch	
"lu:k.4 kam.2-pha:.5"@kkh	<http://ids.clld.org/values/2-750-408-1>		<http://ids.clld.org/parameters/2-750>		<http://ids.clld.org/values/2-750-174-1>		"tunkemhɨnɨ"@mch	
"lə:t.4"@kkh	<http://ids.clld.org/values/4-150-408-1>		<http://ids.clld.org/parameters/4-150>		<http://ids.clld.org/values/4-150-174-1>		"munu"@mch	
"phin.2 sɔp.1"@kkh	<http://ids.clld.org/values/4-250-408-1>		<http://ids.clld.org/parameters/4-250>		<http://ids.clld.org/values/4-250-174-1>		"ə̄ʔhi"@mch	
"lin.1"@kkh	<http://ids.clld.org/values/1-212-408-3>		<http://ids.clld.org/parameters/1-212>		<http://ids.clld.org/values/1-212-174-1>		"nono"@mch	
"lin.5"@kkh	<http://ids.clld.org/values/4-260-408-1>		<http://ids.clld.org/parameters/4-260>		<http://ids.clld.org/values/4-260-174-1>		"ɲūdu"@mch	
"khaw.6"@kkh	<http://ids.clld.org/values/10-570-408-1>		<http://ids.clld.org/parameters/10-570>		<http://ids.clld.org/values/10-570-174-1>		"w-omon-nə"@mch	
"kam.3"@kkh	<http://ids.clld.org/values/11-140-408-1>		<http://ids.clld.org/parameters/11-140>		<http://ids.clld.org/values/11-140-174-1>		"-ahəi-"@mch	
"sip.1 ʔɛt.1"@kkh	<http://ids.clld.org/values/13-101-408-1>		<http://ids.clld.org/parameters/13-101>		<http://ids.clld.org/values/13-101-174-1>		"amohadəʔto dēwə tōni"@mch	
"pha:.5"@kkh	<http://ids.clld.org/values/5-380-408-3>		<http://ids.clld.org/parameters/5-380>		<http://ids.clld.org/values/5-380-174-1>		"kɨmɨʔkə"@mch	
"lə:j.1 cɔ:m.1"@kkh	<http://ids.clld.org/values/10-530-408-1>		<http://ids.clld.org/parameters/10-530>		<http://ids.clld.org/values/10-530-174-1>		"-aheʔka-dɨ"@mch	
"paw.2"@kkh	<http://ids.clld.org/values/13-0-408-1>		<http://ids.clld.org/parameters/13-0>		<http://ids.clld.org/values/13-0-174-1>		"āʔke"@mch	
"thɛ:ŋ.6 pɔ:k.4"@kkh	<http://ids.clld.org/values/14-350-408-1>		<http://ids.clld.org/parameters/14-350>		<http://ids.clld.org/values/14-350-174-1>		"dea"@mch	
"jiaw.2"@kkh	<http://ids.clld.org/values/3-585-408-1>		<http://ids.clld.org/parameters/3-585>		<http://ids.clld.org/values/3-585-174-1>		"hiyāna"@mch	
"phak.5"@kkh	<http://ids.clld.org/values/4-912-408-3>		<http://ids.clld.org/parameters/4-912>		<http://ids.clld.org/values/4-912-174-1>		"wə̄dētanə"@mch	
"si:.2"@kkh	<http://ids.clld.org/values/13-40-408-1>		<http://ids.clld.org/parameters/13-40>		<http://ids.clld.org/values/13-40-174-1>		"āʔkəiʔčea"@mch	
"ja:k.2"@kkh	<http://ids.clld.org/values/5-140-408-1>		<http://ids.clld.org/parameters/5-140>		<http://ids.clld.org/values/5-140-174-1>		"əmīhe"@mch	
"maj.5 pɛ:n.6"@kkh	<http://ids.clld.org/values/7-570-408-1>		<http://ids.clld.org/parameters/7-570>		<http://ids.clld.org/values/7-570-174-1>		"[tadwa]"@mch	
"ti:.4 naj.3"@kkh	<http://ids.clld.org/values/17-660-408-1>		<http://ids.clld.org/parameters/17-660>		<http://ids.clld.org/values/17-660-174-1>		"ə̄iša"@mch	
"pha.1 can.3"@kkh	<http://ids.clld.org/values/1-530-408-3>		<http://ids.clld.org/parameters/1-530>		<http://ids.clld.org/values/1-530-174-1>		"nūnə"@mch	
"khut.1"@kkh	<http://ids.clld.org/values/8-220-408-1>		<http://ids.clld.org/parameters/8-220>		<http://ids.clld.org/values/8-220-174-1>		"tɨʔkādɨ"@mch	
"tɛ:k.2"@kkh	<http://ids.clld.org/values/9-260-408-1>		<http://ids.clld.org/parameters/9-260>		<http://ids.clld.org/values/9-260-174-1>		"-išiča-dɨ"@mch	
"pa:.6"@kkh	<http://ids.clld.org/values/2-522-408-3>		<http://ids.clld.org/parameters/2-522>		<http://ids.clld.org/values/2-522-174-1>		"waynɲeʔney"@mch	
"cə:.5 phak.1"@kkh	<http://ids.clld.org/values/8-311-408-1>		<http://ids.clld.org/parameters/8-311>		<http://ids.clld.org/values/8-311-174-1>		"čə̄huʔhə"@mch	
"lɔt.5 lɔŋ.1"@kkh	<http://ids.clld.org/values/9-221-408-3>		<http://ids.clld.org/parameters/9-221>		<http://ids.clld.org/values/9-221-174-1>		"čūhiya-dɨ"@mch	
"lɔt.5 lɔŋ.1"@kkh	<http://ids.clld.org/values/9-221-408-3>		<http://ids.clld.org/parameters/9-221>		<http://ids.clld.org/values/9-221-174-3>		"yaʔka-dɨ"@mch	
"ŋa:m.1"@kkh	<http://ids.clld.org/values/16-810-408-1>		<http://ids.clld.org/parameters/16-810>		<http://ids.clld.org/values/16-810-174-1>		"inɲatahe"@mch	
"la:ŋ.4"@kkh	<http://ids.clld.org/values/12-30-408-1>		<http://ids.clld.org/parameters/12-30>		<http://ids.clld.org/values/12-30-174-1>		"doʔnə"@mch	
