"maj.6"@kkh	<http://ids.clld.org/values/1-851-408-3>		<http://ids.clld.org/parameters/1-851>		<http://ids.clld.org/values/1-851-293-1>		"ka-c̷ər"@ram	
"ʔi.1-khum.4"@kkh	<http://ids.clld.org/values/3-591-408-1>		<http://ids.clld.org/parameters/3-591>		<http://ids.clld.org/values/3-591-293-1>		"c̷ɛprɛ"@ram	
"nɔ:j.5"@kkh	<http://ids.clld.org/values/13-170-408-1>		<http://ids.clld.org/parameters/13-170>		<http://ids.clld.org/values/13-170-293-1>		"kʰɨɨpe-"@ram	
"ma:.1"@kkh	<http://ids.clld.org/values/10-480-408-1>		<http://ids.clld.org/parameters/10-480>		<http://ids.clld.org/values/10-480-293-1>		"-tẽ"@ram	
"pa:.2"@kkh	<http://ids.clld.org/values/1-410-408-1>		<http://ids.clld.org/parameters/1-410>		<http://ids.clld.org/values/1-410-293-1>		"lam-"@ram	
"bin.1"@kkh	<http://ids.clld.org/values/10-370-408-1>		<http://ids.clld.org/parameters/10-370>		<http://ids.clld.org/values/10-370-293-1>		"tɛɛ"@ram	
"bi:p.2"@kkh	<http://ids.clld.org/values/9-343-408-1>		<http://ids.clld.org/parameters/9-343>		<http://ids.clld.org/values/9-343-293-1>		"ŋɛ̃n"@ram	
"mɛ:.4"@kkh	<http://ids.clld.org/values/2-360-408-1>		<http://ids.clld.org/parameters/2-360>		<http://ids.clld.org/values/2-360-293-1>		"-nə̃ə̃"@ram	
"pe.1"@kkh	<http://ids.clld.org/values/15-830-408-1>		<http://ids.clld.org/parameters/15-830>		<http://ids.clld.org/values/15-830-293-1>		"mrɔ̃ (?)"@ram	
"la:j.6"@kkh	<http://ids.clld.org/values/6-380-408-1>		<http://ids.clld.org/parameters/6-380>		<http://ids.clld.org/values/6-380-293-1>		"he-"@ram	
"la:j.6"@kkh	<http://ids.clld.org/values/6-380-408-1>		<http://ids.clld.org/parameters/6-380>		<http://ids.clld.org/values/6-380-293-3>		"-c̷e- (?)"@ram	
"ci:.1-wit.1 (Pali)"@kkh	<http://ids.clld.org/values/4-740-408-1>		<http://ids.clld.org/parameters/4-740>		<http://ids.clld.org/values/4-740-293-1>		"tĩ"@ram	
"ti:.3"@kkh	<http://ids.clld.org/values/9-210-408-1>		<http://ids.clld.org/parameters/9-210>		<http://ids.clld.org/values/9-210-293-1>		"kʰrɔ̃k"@ram	
"kwan.1"@kkh	<http://ids.clld.org/values/1-830-408-1>		<http://ids.clld.org/parameters/1-830>		<http://ids.clld.org/values/1-830-293-1>		"iʔ-kʰũm"@ram	
"cu:p.2"@kkh	<http://ids.clld.org/values/16-290-408-1>		<http://ids.clld.org/parameters/16-290>		<http://ids.clld.org/values/16-290-293-1>		"p (?)"@ram	
"khaw.2"@kkh	<http://ids.clld.org/values/4-360-408-1>		<http://ids.clld.org/parameters/4-360>		<http://ids.clld.org/values/4-360-293-1>		"ii-kʰõn"@ram	
"ja:ŋ.2 nɨŋ.4"@kkh	<http://ids.clld.org/values/13-330-408-3>		<http://ids.clld.org/parameters/13-330>		<http://ids.clld.org/values/13-330-293-3>		"kamã"@ram	
"ja:ŋ.2 nɨŋ.4"@kkh	<http://ids.clld.org/values/13-330-408-3>		<http://ids.clld.org/parameters/13-330>		<http://ids.clld.org/values/13-330-293-1>		"pit"@ram	
"phɔm.3"@kkh	<http://ids.clld.org/values/4-140-408-1>		<http://ids.clld.org/parameters/4-140>		<http://ids.clld.org/values/4-140-293-1>		"ii-kʰĩ"@ram	
"tha.5-nu:.1"@kkh	<http://ids.clld.org/values/20-250-408-1>		<http://ids.clld.org/parameters/20-250>		<http://ids.clld.org/values/20-250-293-1>		"kruw"@ram	
"phaŋ.1"@kkh	<http://ids.clld.org/values/15-420-408-1>		<http://ids.clld.org/parameters/15-420>		<http://ids.clld.org/values/15-420-293-1>		"k mpa (?)"@ram	
"xaj.2"@kkh	<http://ids.clld.org/values/5-970-408-1>		<http://ids.clld.org/parameters/5-970>		<http://ids.clld.org/values/5-970-293-1>		"in-krɛ"@ram	
"ka:ŋ.3 tɔŋ.4"@kkh	<http://ids.clld.org/values/8-120-408-1>		<http://ids.clld.org/parameters/8-120>		<http://ids.clld.org/values/8-120-293-1>		"pur"@ram	
"mɨ:.1"@kkh	<http://ids.clld.org/values/4-330-408-1>		<http://ids.clld.org/parameters/4-330>		<http://ids.clld.org/values/4-330-293-1>		"hũʔkʰra"@ram	
"phi:.3"@kkh	<http://ids.clld.org/values/4-856-408-1>		<http://ids.clld.org/parameters/4-856>		<http://ids.clld.org/values/4-856-293-1>		"kuhe"@ram	
"ʔi.1-wɔ:k.4"@kkh	<http://ids.clld.org/values/3-760-408-1>		<http://ids.clld.org/parameters/3-760>		<http://ids.clld.org/values/3-760-293-1>		"kukʰoy"@ram	
"nɔk.5"@kkh	<http://ids.clld.org/values/3-581-408-1>		<http://ids.clld.org/parameters/3-581>		<http://ids.clld.org/values/3-581-293-1>		"kɛ̃"@ram	
"xaj.3 man.1"@kkh	<http://ids.clld.org/values/5-791-408-1>		<http://ids.clld.org/parameters/5-791>		<http://ids.clld.org/values/5-791-293-1>		"iʔ-twɨm"@ram	
"sa:.3-mi.1-ka.1"@kkh	<http://ids.clld.org/values/2-310-408-3>		<http://ids.clld.org/parameters/2-310>		<http://ids.clld.org/values/2-310-293-1>		"ĩĩ-pyɛ"@ram	
"ja:ŋ.4"@kkh	<http://ids.clld.org/values/10-450-408-1>		<http://ids.clld.org/parameters/10-450>		<http://ids.clld.org/values/10-450-293-1>		"mõ"@ram	
"kat.1"@kkh	<http://ids.clld.org/values/15-860-408-1>		<http://ids.clld.org/parameters/15-860>		<http://ids.clld.org/values/15-860-293-1>		"kʰrɨ"@ram	
"hɛt.1"@kkh	<http://ids.clld.org/values/9-110-408-1>		<http://ids.clld.org/parameters/9-110>		<http://ids.clld.org/values/9-110-293-1>		"tɔn"@ram	
"tɔn.6 maj.5"@kkh	<http://ids.clld.org/values/1-420-408-1>		<http://ids.clld.org/parameters/1-420>		<http://ids.clld.org/values/1-420-293-1>		"pĩĩ"@ram	
"pə:k.2 maj.5"@kkh	<http://ids.clld.org/values/8-750-408-1>		<http://ids.clld.org/parameters/8-750>		<http://ids.clld.org/values/8-750-293-1>		"ii-kʰə"@ram	
"haw.3"@kkh	<http://ids.clld.org/values/3-811-408-1>		<http://ids.clld.org/parameters/3-811>		<http://ids.clld.org/values/3-811-293-1>		"ii-ko"@ram	
"lu:k.2"@kkh	<http://ids.clld.org/values/4-160-408-1>		<http://ids.clld.org/parameters/4-160>		<http://ids.clld.org/values/4-160-293-1>		"-hi"@ram	
"khi:.6 pjɛ:t.4"@kkh	<http://ids.clld.org/values/16-670-408-3>		<http://ids.clld.org/parameters/16-670>		<http://ids.clld.org/values/16-670-293-1>		"nõ"@ram	
"maj.2"@kkh	<http://ids.clld.org/values/14-130-408-1>		<http://ids.clld.org/parameters/14-130>		<http://ids.clld.org/values/14-130-293-1>		"-tuwa"@ram	
"kɛ:.2"@kkh	<http://ids.clld.org/values/14-150-408-1>		<http://ids.clld.org/parameters/14-150>		<http://ids.clld.org/values/14-150-293-1>		"tũm"@ram	
"nam.5 puŋ.2"@kkh	<http://ids.clld.org/values/1-370-408-1>		<http://ids.clld.org/parameters/1-370>		<http://ids.clld.org/values/1-370-293-1>		"kʰwa"@ram	
"han.3"@kkh	<http://ids.clld.org/values/15-510-408-1>		<http://ids.clld.org/parameters/15-510>		<http://ids.clld.org/values/15-510-293-1>		"-hõm-pu"@ram	
"han.3"@kkh	<http://ids.clld.org/values/15-510-408-1>		<http://ids.clld.org/parameters/15-510>		<http://ids.clld.org/values/15-510-293-3>		"pu-pun"@ram	
"cak.1-khɛ:.1"@kkh	<http://ids.clld.org/values/3-970-408-1>		<http://ids.clld.org/parameters/3-970>		<http://ids.clld.org/values/3-970-293-1>		"mĩĩ (mɨ̃ ?)"@ram	
"kə:.3"@kkh	<http://ids.clld.org/values/5-810-408-1>		<http://ids.clld.org/parameters/5-810>		<http://ids.clld.org/values/5-810-293-1>		"kaac̷wa"@ram	
"nɔ:j.5"@kkh	<http://ids.clld.org/values/12-560-408-1>		<http://ids.clld.org/parameters/12-560>		<http://ids.clld.org/values/12-560-293-3>		"lɛ"@ram	
"nɔ:j.5"@kkh	<http://ids.clld.org/values/12-560-408-1>		<http://ids.clld.org/parameters/12-560>		<http://ids.clld.org/values/12-560-293-1>		"ĩn-krirɛ"@ram	
"tin.3"@kkh	<http://ids.clld.org/values/4-370-408-1>		<http://ids.clld.org/parameters/4-370>		<http://ids.clld.org/values/4-370-293-1>		"ii-par"@ram	
"khi:.6 cu.1"@kkh	<http://ids.clld.org/values/16-670-408-1>		<http://ids.clld.org/parameters/16-670>		<http://ids.clld.org/values/16-670-293-1>		"nõ"@ram	
"kɛp.1"@kkh	<http://ids.clld.org/values/12-212-408-1>		<http://ids.clld.org/parameters/12-212>		<http://ids.clld.org/values/12-212-293-1>		"pɨ"@ram	
"tɔŋ.5 pha:.5"@kkh	<http://ids.clld.org/values/1-510-408-1>		<http://ids.clld.org/parameters/1-510>		<http://ids.clld.org/values/1-510-293-1>		"koykʰwa"@ram	
"hɔ:n.5"@kkh	<http://ids.clld.org/values/15-850-408-1>		<http://ids.clld.org/parameters/15-850>		<http://ids.clld.org/values/15-850-293-1>		"kakrɔ"@ram	
"we:.1-la:.1 caw.5"@kkh	<http://ids.clld.org/values/14-440-408-1>		<http://ids.clld.org/parameters/14-440>		<http://ids.clld.org/values/14-440-293-1>		"apɛ̃"@ram	
"lu:t.2"@kkh	<http://ids.clld.org/values/5-160-408-1>		<http://ids.clld.org/parameters/5-160>		<http://ids.clld.org/values/5-160-293-1>		"kaho"@ram	
"waj.1"@kkh	<http://ids.clld.org/values/14-210-408-1>		<http://ids.clld.org/parameters/14-210>		<http://ids.clld.org/values/14-210-293-1>		"kɨt-"@ram	
"thaw.6"@kkh	<http://ids.clld.org/values/14-150-408-3>		<http://ids.clld.org/parameters/14-150>		<http://ids.clld.org/values/14-150-293-1>		"tũm"@ram	
"nam.5 mə:j.3"@kkh	<http://ids.clld.org/values/1-640-408-1>		<http://ids.clld.org/parameters/1-640>		<http://ids.clld.org/values/1-640-293-1>		"atər-"@ram	
"naŋ.3"@kkh	<http://ids.clld.org/values/4-120-408-1>		<http://ids.clld.org/parameters/4-120>		<http://ids.clld.org/values/4-120-293-1>		"ii-kʰə (?)"@ram	
"tɔ:ŋ.5"@kkh	<http://ids.clld.org/values/4-460-408-1>		<http://ids.clld.org/parameters/4-460>		<http://ids.clld.org/values/4-460-293-1>		"ii-tu"@ram	
"pɛ:ŋ.3"@kkh	<http://ids.clld.org/values/9-110-408-3>		<http://ids.clld.org/parameters/9-110>		<http://ids.clld.org/values/9-110-293-1>		"tɔn"@ram	
"ŋu:.1"@kkh	<http://ids.clld.org/values/3-850-408-1>		<http://ids.clld.org/parameters/3-850>		<http://ids.clld.org/values/3-850-293-3>		"pat"@ram	
"ŋu:.1"@kkh	<http://ids.clld.org/values/3-850-408-1>		<http://ids.clld.org/parameters/3-850>		<http://ids.clld.org/values/3-850-293-1>		"kaaŋə"@ram	
"lɔ:k.2 maj.5"@kkh	<http://ids.clld.org/values/8-570-408-1>		<http://ids.clld.org/parameters/8-570>		<http://ids.clld.org/values/8-570-293-1>		"ii-rə̃"@ram	
"sa:t.2"@kkh	<http://ids.clld.org/values/9-770-408-1>		<http://ids.clld.org/parameters/9-770>		<http://ids.clld.org/values/9-770-293-1>		"kohpip (koʔpip ?)"@ram	
"phə:ŋ.1"@kkh	<http://ids.clld.org/values/8-520-408-1>		<http://ids.clld.org/parameters/8-520>		<http://ids.clld.org/values/8-520-293-1>		"po-"@ram	
"kun.2 muk.5"@kkh	<http://ids.clld.org/values/1-213-408-1>		<http://ids.clld.org/parameters/1-213>		<http://ids.clld.org/values/1-213-293-1>		"pye yakro"@ram	
"pa:k.2"@kkh	<http://ids.clld.org/values/4-240-408-3>		<http://ids.clld.org/parameters/4-240>		<http://ids.clld.org/values/4-240-293-1>		"-yarkʰwa"@ram	
"wa:j.6 nam.5"@kkh	<http://ids.clld.org/values/10-350-408-1>		<http://ids.clld.org/parameters/10-350>		<http://ids.clld.org/values/10-350-293-1>		"ree"@ram	
"wa:j.6 nam.5"@kkh	<http://ids.clld.org/values/10-350-408-1>		<http://ids.clld.org/parameters/10-350>		<http://ids.clld.org/values/10-350-293-3>		"c̷wa"@ram	
"jɛn.1"@kkh	<http://ids.clld.org/values/15-860-408-3>		<http://ids.clld.org/parameters/15-860>		<http://ids.clld.org/values/15-860-293-1>		"kʰrɨ"@ram	
"sa:j.5"@kkh	<http://ids.clld.org/values/12-420-408-1>		<http://ids.clld.org/parameters/12-420>		<http://ids.clld.org/values/12-420-293-1>		"aw-kʰɛ"@ram	
"ma:.3"@kkh	<http://ids.clld.org/values/3-610-408-1>		<http://ids.clld.org/parameters/3-610>		<http://ids.clld.org/values/3-610-293-1>		"rɔp"@ram	
"mɔt.5"@kkh	<http://ids.clld.org/values/3-817-408-1>		<http://ids.clld.org/parameters/3-817>		<http://ids.clld.org/values/3-817-293-1>		"ahc̷un- (aʔc̷un- ?)"@ram	
"ŋɔ:.1"@kkh	<http://ids.clld.org/values/12-740-408-1>		<http://ids.clld.org/parameters/12-740>		<http://ids.clld.org/values/12-740-293-1>		"yakɔt"@ram	
"phaw.3"@kkh	<http://ids.clld.org/values/1-851-408-1>		<http://ids.clld.org/parameters/1-851>		<http://ids.clld.org/values/1-851-293-1>		"ka-c̷ər"@ram	
"me:.1"@kkh	<http://ids.clld.org/values/2-320-408-1>		<http://ids.clld.org/parameters/2-320>		<http://ids.clld.org/values/2-320-293-1>		"ĩĩ-prõ"@ram	
"kwa:ŋ.6"@kkh	<http://ids.clld.org/values/12-610-408-1>		<http://ids.clld.org/parameters/12-610>		<http://ids.clld.org/values/12-610-293-1>		"iʔ-pɔ"@ram	
"khaw.3"@kkh	<http://ids.clld.org/values/2-930-408-3>		<http://ids.clld.org/parameters/2-930>		<http://ids.clld.org/values/2-930-293-1>		"tamə̃"@ram	
"la:w.1"@kkh	<http://ids.clld.org/values/1-540-408-1>		<http://ids.clld.org/parameters/1-540>		<http://ids.clld.org/values/1-540-293-1>		"kac̷ee-rɛ"@ram	
"lo:ŋ.4"@kkh	<http://ids.clld.org/values/12-550-408-1>		<http://ids.clld.org/parameters/12-550>		<http://ids.clld.org/values/12-550-293-1>		"ti-"@ram	
"paw.2"@kkh	<http://ids.clld.org/values/10-380-408-1>		<http://ids.clld.org/parameters/10-380>		<http://ids.clld.org/values/10-380-293-1>		"hakkoo"@ram	
"tsa:j.1"@kkh	<http://ids.clld.org/values/1-215-408-1>		<http://ids.clld.org/parameters/1-215>		<http://ids.clld.org/values/1-215-293-1>		"pye"@ram	
"la:ŋ.5"@kkh	<http://ids.clld.org/values/9-360-408-1>		<http://ids.clld.org/parameters/9-360>		<http://ids.clld.org/values/9-360-293-1>		"kuʔhõ"@ram	
"la:ŋ.5"@kkh	<http://ids.clld.org/values/9-360-408-1>		<http://ids.clld.org/parameters/9-360>		<http://ids.clld.org/values/9-360-293-3>		"kaʔhõ"@ram	
"naŋ.4"@kkh	<http://ids.clld.org/values/12-130-408-1>		<http://ids.clld.org/parameters/12-130>		<http://ids.clld.org/values/12-130-293-1>		"yə̃ (yɨ̃ ?)"@ram	
"ka:ŋ.2"@kkh	<http://ids.clld.org/values/20-240-408-1>		<http://ids.clld.org/parameters/20-240>		<http://ids.clld.org/values/20-240-293-1>		"kuuhe"@ram	
"baw.2 lan.1-kan.1"@kkh	<http://ids.clld.org/values/4-820-408-1>		<http://ids.clld.org/parameters/4-820>		<http://ids.clld.org/values/4-820-293-1>		"pɛk-"@ram	
"pu:.4 ca:j.1"@kkh	<http://ids.clld.org/values/2-210-408-1>		<http://ids.clld.org/parameters/2-210>		<http://ids.clld.org/values/2-210-293-1>		"hũm"@ram	
"mun.3"@kkh	<http://ids.clld.org/values/10-130-408-1>		<http://ids.clld.org/parameters/10-130>		<http://ids.clld.org/values/10-130-293-1>		"ayrɔ̃"@ram	
"baw.2 li:.1"@kkh	<http://ids.clld.org/values/16-720-408-1>		<http://ids.clld.org/parameters/16-720>		<http://ids.clld.org/values/16-720-293-1>		"iʔkʰɛn"@ram	
"kha:.3"@kkh	<http://ids.clld.org/values/4-350-408-1>		<http://ids.clld.org/parameters/4-350>		<http://ids.clld.org/values/4-350-293-1>		"ii-tɛ"@ram	
"khi:.6 taw.4"@kkh	<http://ids.clld.org/values/1-840-408-1>		<http://ids.clld.org/parameters/1-840>		<http://ids.clld.org/values/1-840-293-1>		"prɔ"@ram	
"nɔ:n.1 lap.1"@kkh	<http://ids.clld.org/values/4-610-408-1>		<http://ids.clld.org/parameters/4-610>		<http://ids.clld.org/values/4-610-293-1>		"-ŋõr (ŋɔ̃r ?)"@ram	
"tuk.5 tuk.5"@kkh	<http://ids.clld.org/values/13-140-408-3>		<http://ids.clld.org/parameters/13-140>		<http://ids.clld.org/values/13-140-293-1>		"tu-"@ram	
"maj.5"@kkh	<http://ids.clld.org/values/1-430-408-1>		<http://ids.clld.org/parameters/1-430>		<http://ids.clld.org/values/1-430-293-1>		"pĩ"@ram	
"caw.6"@kkh	<http://ids.clld.org/values/2-920-408-1>		<http://ids.clld.org/parameters/2-920>		<http://ids.clld.org/values/2-920-293-1>		"ka"@ram	
"luŋ.1"@kkh	<http://ids.clld.org/values/2-510-408-1>		<http://ids.clld.org/parameters/2-510>		<http://ids.clld.org/values/2-510-293-1>		"kɛt"@ram	
"hɛ:ŋ.6"@kkh	<http://ids.clld.org/values/15-840-408-1>		<http://ids.clld.org/parameters/15-840>		<http://ids.clld.org/values/15-840-293-1>		"krə"@ram	
"hɛ:ŋ.6"@kkh	<http://ids.clld.org/values/15-840-408-1>		<http://ids.clld.org/parameters/15-840>		<http://ids.clld.org/values/15-840-293-3>		"(kʰra ?)"@ram	
"phaj.1"@kkh	<http://ids.clld.org/values/1-810-408-1>		<http://ids.clld.org/parameters/1-810>		<http://ids.clld.org/values/1-810-293-1>		"kuhɨ"@ram	
"ka:p.2-bə:.6"@kkh	<http://ids.clld.org/values/3-920-408-1>		<http://ids.clld.org/parameters/3-920>		<http://ids.clld.org/values/3-920-293-1>		"wɛwɛ-"@ram	
"kɔn.6 kɔp.1"@kkh	<http://ids.clld.org/values/4-463-408-1>		<http://ids.clld.org/parameters/4-463>		<http://ids.clld.org/values/4-463-293-1>		"hɔ̃"@ram	
"kan.5"@kkh	<http://ids.clld.org/values/9-343-408-3>		<http://ids.clld.org/parameters/9-343>		<http://ids.clld.org/values/9-343-293-1>		"ŋɛ̃n"@ram	
"ta:.3 wan.1"@kkh	<http://ids.clld.org/values/1-520-408-1>		<http://ids.clld.org/parameters/1-520>		<http://ids.clld.org/values/1-520-293-3>		"pɨtɨ"@ram	
"ta:.3 wan.1"@kkh	<http://ids.clld.org/values/1-520-408-1>		<http://ids.clld.org/parameters/1-520>		<http://ids.clld.org/values/1-520-293-1>		"pɨt"@ram	
"taw.3 phaj.1"@kkh	<http://ids.clld.org/values/7-310-408-1>		<http://ids.clld.org/parameters/7-310>		<http://ids.clld.org/values/7-310-293-1>		"kiz (?)"@ram	
"ja:.1 kwan.1"@kkh	<http://ids.clld.org/values/8-680-408-1>		<http://ids.clld.org/parameters/8-680>		<http://ids.clld.org/values/8-680-293-1>		"parho"@ram	
"ha:j.5"@kkh	<http://ids.clld.org/values/16-720-408-3>		<http://ids.clld.org/parameters/16-720>		<http://ids.clld.org/values/16-720-293-1>		"iʔkʰɛn"@ram	
"nə:.5 sat.1"@kkh	<http://ids.clld.org/values/5-610-408-1>		<http://ids.clld.org/parameters/5-610>		<http://ids.clld.org/values/5-610-293-1>		"hĩ"@ram	
"nə:.5 sat.1"@kkh	<http://ids.clld.org/values/5-610-408-1>		<http://ids.clld.org/parameters/5-610>		<http://ids.clld.org/values/5-610-293-3>		"yĩ"@ram	
"khɛ:n.3"@kkh	<http://ids.clld.org/values/4-310-408-1>		<http://ids.clld.org/parameters/4-310>		<http://ids.clld.org/values/4-310-293-1>		"pa"@ram	
"hu:.1"@kkh	<http://ids.clld.org/values/12-850-408-1>		<http://ids.clld.org/parameters/12-850>		<http://ids.clld.org/values/12-850-293-1>		"kʰrɛ"@ram	
"ka:ŋ.1"@kkh	<http://ids.clld.org/values/4-209-408-1>		<http://ids.clld.org/parameters/4-209>		<http://ids.clld.org/values/4-209-293-1>		"hamã"@ram	
"sa:m.3"@kkh	<http://ids.clld.org/values/13-30-408-1>		<http://ids.clld.org/parameters/13-30>		<http://ids.clld.org/values/13-30-293-1>		"ɨnkre-"@ram	
"jɨ:n.1"@kkh	<http://ids.clld.org/values/12-150-408-1>		<http://ids.clld.org/parameters/12-150>		<http://ids.clld.org/values/12-150-293-1>		"c̷a"@ram	
"laŋ.1"@kkh	<http://ids.clld.org/values/4-230-408-1>		<http://ids.clld.org/parameters/4-230>		<http://ids.clld.org/values/4-230-293-1>		"-yĩyakʰrɛ"@ram	
"laŋ.3 kha:.1 baj.1 ca:k.2"@kkh	<http://ids.clld.org/values/7-520-408-1>		<http://ids.clld.org/parameters/7-520>		<http://ids.clld.org/values/7-520-293-1>		"po"@ram	
"ta:ŋ.1 te:w.1 (ia ̃ e:)"@kkh	<http://ids.clld.org/values/10-720-408-1>		<http://ids.clld.org/parameters/10-720>		<http://ids.clld.org/values/10-720-293-1>		"prɨɨ"@ram	
"ko:ŋ.5"@kkh	<http://ids.clld.org/values/12-740-408-3>		<http://ids.clld.org/parameters/12-740>		<http://ids.clld.org/values/12-740-293-1>		"yakɔt"@ram	
"pa:.3"@kkh	<http://ids.clld.org/values/3-650-408-1>		<http://ids.clld.org/parameters/3-650>		<http://ids.clld.org/values/3-650-293-3>		"krən-"@ram	
"pa:.3"@kkh	<http://ids.clld.org/values/3-650-408-1>		<http://ids.clld.org/parameters/3-650>		<http://ids.clld.org/values/3-650-293-1>		"tɛp"@ram	
"mi:.1 kwa:m.1 suk.1"@kkh	<http://ids.clld.org/values/16-230-408-1>		<http://ids.clld.org/parameters/16-230>		<http://ids.clld.org/values/16-230-293-1>		"hakʰrɨ"@ram	
"xiaw.6"@kkh	<http://ids.clld.org/values/4-270-408-1>		<http://ids.clld.org/parameters/4-270>		<http://ids.clld.org/values/4-270-293-1>		"ii-c̷wa"@ram	
"nam.5"@kkh	<http://ids.clld.org/values/1-310-408-1>		<http://ids.clld.org/parameters/1-310>		<http://ids.clld.org/values/1-310-293-1>		"ko"@ram	
"cɛp.1"@kkh	<http://ids.clld.org/values/16-310-408-1>		<http://ids.clld.org/parameters/16-310>		<http://ids.clld.org/values/16-310-293-1>		"-c̷a-"@ram	
"cɛp.1"@kkh	<http://ids.clld.org/values/16-310-408-1>		<http://ids.clld.org/parameters/16-310>		<http://ids.clld.org/values/16-310-293-3>		"ha- (?)"@ram	
"ja:w.1"@kkh	<http://ids.clld.org/values/12-570-408-1>		<http://ids.clld.org/parameters/12-570>		<http://ids.clld.org/values/12-570-293-1>		"i-rɨɨ"@ram	
"man.1 kɛ:w.3 la:w.1 (la:w.1 = Laos)"@kkh	<http://ids.clld.org/values/8-920-408-1>		<http://ids.clld.org/parameters/8-920>		<http://ids.clld.org/values/8-920-293-1>		"kʰwɨrɨ"@ram	
"ka:ŋ.3 na:.1"@kkh	<http://ids.clld.org/values/8-120-408-3>		<http://ids.clld.org/parameters/8-120>		<http://ids.clld.org/values/8-120-293-1>		"pur"@ram	
"nɔ:n.3"@kkh	<http://ids.clld.org/values/3-840-408-1>		<http://ids.clld.org/parameters/3-840>		<http://ids.clld.org/values/3-840-293-1>		"hɔɔc̷ã"@ram	
"haw.3 cɔ:p.4 ju:.2 ti:.4 lap.1 khɔŋ.3 khɔn.1"@kkh	<http://ids.clld.org/values/3-811-408-3>		<http://ids.clld.org/parameters/3-811>		<http://ids.clld.org/values/3-811-293-1>		"ii-ko"@ram	
"ta:j.3"@kkh	<http://ids.clld.org/values/4-750-408-1>		<http://ids.clld.org/parameters/4-750>		<http://ids.clld.org/values/4-750-293-1>		"tɨɨ- (tɨ ?)"@ram	
"ta:.3-mɨ:.1 pat.5"@kkh	<http://ids.clld.org/values/9-211-408-1>		<http://ids.clld.org/parameters/9-211>		<http://ids.clld.org/values/9-211-293-1>		"twə"@ram	
"mə:n.3"@kkh	<http://ids.clld.org/values/12-920-408-1>		<http://ids.clld.org/parameters/12-920>		<http://ids.clld.org/values/12-920-293-1>		"kʰĩ"@ram	
"pi:k.2"@kkh	<http://ids.clld.org/values/4-392-408-1>		<http://ids.clld.org/parameters/4-392>		<http://ids.clld.org/values/4-392-293-1>		"haaraa"@ram	
"ʔan.1 nɨŋ.4"@kkh	<http://ids.clld.org/values/13-330-408-1>		<http://ids.clld.org/parameters/13-330>		<http://ids.clld.org/values/13-330-293-3>		"kamã"@ram	
"ʔan.1 nɨŋ.4"@kkh	<http://ids.clld.org/values/13-330-408-1>		<http://ids.clld.org/parameters/13-330>		<http://ids.clld.org/values/13-330-293-1>		"pit"@ram	
"lɔm.1"@kkh	<http://ids.clld.org/values/1-720-408-1>		<http://ids.clld.org/parameters/1-720>		<http://ids.clld.org/values/1-720-293-1>		"kʰook"@ram	
"ta:.3"@kkh	<http://ids.clld.org/values/4-210-408-1>		<http://ids.clld.org/parameters/4-210>		<http://ids.clld.org/values/4-210-293-1>		"ii-tɔ"@ram	
"xa:.6"@kkh	<http://ids.clld.org/values/2-910-408-1>		<http://ids.clld.org/parameters/2-910>		<http://ids.clld.org/values/2-910-293-3>		"wa"@ram	
"xa:.6"@kkh	<http://ids.clld.org/values/2-910-408-1>		<http://ids.clld.org/parameters/2-910>		<http://ids.clld.org/values/2-910-293-1>		"pa"@ram	
"maj.6"@kkh	<http://ids.clld.org/values/1-852-408-3>		<http://ids.clld.org/parameters/1-852>		<http://ids.clld.org/values/1-852-293-1>		"pok"@ram	
"kin.3"@kkh	<http://ids.clld.org/values/5-110-408-1>		<http://ids.clld.org/parameters/5-110>		<http://ids.clld.org/values/5-110-293-3>		"kʰuu"@ram	
"kin.3"@kkh	<http://ids.clld.org/values/5-110-408-1>		<http://ids.clld.org/parameters/5-110>		<http://ids.clld.org/values/5-110-293-7>		"pa-"@ram	
"kin.3"@kkh	<http://ids.clld.org/values/5-110-408-1>		<http://ids.clld.org/parameters/5-110>		<http://ids.clld.org/values/5-110-293-5>		"kukʰu-"@ram	
"kin.3"@kkh	<http://ids.clld.org/values/5-110-408-1>		<http://ids.clld.org/parameters/5-110>		<http://ids.clld.org/values/5-110-293-1>		"-kʰrẽ"@ram	
"cɛm.1"@kkh	<http://ids.clld.org/values/15-350-408-1>		<http://ids.clld.org/parameters/15-350>		<http://ids.clld.org/values/15-350-293-1>		"c̷o-"@ram	
"phɔn.3"@kkh	<http://ids.clld.org/values/1-750-408-1>		<http://ids.clld.org/parameters/1-750>		<http://ids.clld.org/values/1-750-293-1>		"taa (ta ?)"@ram	
"siw.3"@kkh	<http://ids.clld.org/values/4-856-408-3>		<http://ids.clld.org/parameters/4-856>		<http://ids.clld.org/values/4-856-293-1>		"kuhe"@ram	
"bit.1"@kkh	<http://ids.clld.org/values/9-343-408-5>		<http://ids.clld.org/parameters/9-343>		<http://ids.clld.org/values/9-343-293-1>		"ŋɛ̃n"@ram	
"hɨ:.6"@kkh	<http://ids.clld.org/values/11-210-408-1>		<http://ids.clld.org/parameters/11-210>		<http://ids.clld.org/values/11-210-293-3>		"ŋɔ̃"@ram	
"hɨ:.6"@kkh	<http://ids.clld.org/values/11-210-408-1>		<http://ids.clld.org/parameters/11-210>		<http://ids.clld.org/values/11-210-293-1>		"c̷i-"@ram	
"nak.1"@kkh	<http://ids.clld.org/values/15-810-408-1>		<http://ids.clld.org/parameters/15-810>		<http://ids.clld.org/values/15-810-293-1>		"hũũ-tĩ"@ram	
"li:.1"@kkh	<http://ids.clld.org/values/16-710-408-1>		<http://ids.clld.org/parameters/16-710>		<http://ids.clld.org/values/16-710-293-1>		"-pɛy"@ram	
"nɔ:ŋ.5"@kkh	<http://ids.clld.org/values/2-450-408-3>		<http://ids.clld.org/parameters/2-450>		<http://ids.clld.org/values/2-450-293-1>		"tɔ̃y-"@ram	
"hɛ:ŋ.6 lɛ:ŋ.5"@kkh	<http://ids.clld.org/values/15-840-408-3>		<http://ids.clld.org/parameters/15-840>		<http://ids.clld.org/values/15-840-293-1>		"krə"@ram	
"hɛ:ŋ.6 lɛ:ŋ.5"@kkh	<http://ids.clld.org/values/15-840-408-3>		<http://ids.clld.org/parameters/15-840>		<http://ids.clld.org/values/15-840-293-3>		"(kʰra ?)"@ram	
"maj.5 taw.5"@kkh	<http://ids.clld.org/values/19-250-408-1>		<http://ids.clld.org/parameters/19-250>		<http://ids.clld.org/values/19-250-293-1>		"kʰo-"@ram	
"khɔp.1"@kkh	<http://ids.clld.org/values/4-580-408-1>		<http://ids.clld.org/parameters/4-580>		<http://ids.clld.org/values/4-580-293-1>		"-ku-c̷a"@ram	
"kin.3"@kkh	<http://ids.clld.org/values/5-130-408-1>		<http://ids.clld.org/parameters/5-130>		<http://ids.clld.org/values/5-130-293-1>		"-kʰõ (kʰɔ̃ ?)"@ram	
"cɨ:.4"@kkh	<http://ids.clld.org/values/18-280-408-1>		<http://ids.clld.org/parameters/18-280>		<http://ids.clld.org/values/18-280-293-1>		"awkʰe-"@ram	
"cɨ:.4"@kkh	<http://ids.clld.org/values/18-280-408-1>		<http://ids.clld.org/parameters/18-280>		<http://ids.clld.org/values/18-280-293-3>		"yəyə-"@ram	
"pho:.3"@kkh	<http://ids.clld.org/values/2-310-408-1>		<http://ids.clld.org/parameters/2-310>		<http://ids.clld.org/values/2-310-293-1>		"ĩĩ-pyɛ"@ram	
"tap.1"@kkh	<http://ids.clld.org/values/4-450-408-1>		<http://ids.clld.org/parameters/4-450>		<http://ids.clld.org/values/4-450-293-1>		"ii-pa"@ram	
"naj.1"@kkh	<http://ids.clld.org/values/12-50-408-1>		<http://ids.clld.org/parameters/12-50>		<http://ids.clld.org/values/12-50-293-1>		"kʰam"@ram	
"mu:.3"@kkh	<http://ids.clld.org/values/3-350-408-1>		<http://ids.clld.org/parameters/3-350>		<http://ids.clld.org/values/3-350-293-1>		"kʰro"@ram	
"sa-ʔɨn.6"@kkh	<http://ids.clld.org/values/4-521-408-1>		<http://ids.clld.org/parameters/4-521>		<http://ids.clld.org/values/4-521-293-1>		"hɛk"@ram	
"tɔn.6 maj.5"@kkh	<http://ids.clld.org/values/8-600-408-1>		<http://ids.clld.org/parameters/8-600>		<http://ids.clld.org/values/8-600-293-1>		"pĩĩ"@ram	
"ʔi.1-liŋ.1"@kkh	<http://ids.clld.org/values/3-760-408-3>		<http://ids.clld.org/parameters/3-760>		<http://ids.clld.org/values/3-760-293-1>		"kukʰoy"@ram	
"bɛ:k.2"@kkh	<http://ids.clld.org/values/10-610-408-1>		<http://ids.clld.org/parameters/10-610>		<http://ids.clld.org/values/10-610-293-1>		"pə"@ram	
"la.1-ʔɔn.2"@kkh	<http://ids.clld.org/values/2-270-408-1>		<http://ids.clld.org/parameters/2-270>		<http://ids.clld.org/values/2-270-293-1>		"aʔ-kʰra-rɛ"@ram	
"laj.6 jin.1"@kkh	<http://ids.clld.org/values/15-410-408-1>		<http://ids.clld.org/parameters/15-410>		<http://ids.clld.org/values/15-410-293-1>		"kʰə̃-pa"@ram	
"piw.3"@kkh	<http://ids.clld.org/values/10-380-408-3>		<http://ids.clld.org/parameters/10-380>		<http://ids.clld.org/values/10-380-293-1>		"hakkoo"@ram	
"baw.2 khɛŋ.3 hɛ:ŋ.1"@kkh	<http://ids.clld.org/values/4-820-408-3>		<http://ids.clld.org/parameters/4-820>		<http://ids.clld.org/values/4-820-293-1>		"pɛk-"@ram	
"pha.1 ʔa:.1-tit.5"@kkh	<http://ids.clld.org/values/1-520-408-3>		<http://ids.clld.org/parameters/1-520>		<http://ids.clld.org/values/1-520-293-3>		"pɨtɨ"@ram	
"pha.1 ʔa:.1-tit.5"@kkh	<http://ids.clld.org/values/1-520-408-3>		<http://ids.clld.org/parameters/1-520>		<http://ids.clld.org/values/1-520-293-1>		"pɨt"@ram	
"khɔ:.1"@kkh	<http://ids.clld.org/values/4-280-408-1>		<http://ids.clld.org/parameters/4-280>		<http://ids.clld.org/values/4-280-293-1>		"ii-put"@ram	
"ka:ŋ.3 khɨ:n.1"@kkh	<http://ids.clld.org/values/14-420-408-1>		<http://ids.clld.org/parameters/14-420>		<http://ids.clld.org/values/14-420-293-1>		"kac̷wa"@ram	
"ka:.6"@kkh	<http://ids.clld.org/values/10-440-408-1>		<http://ids.clld.org/parameters/10-440>		<http://ids.clld.org/values/10-440-293-1>		"hakrun (?)"@ram	
"tup.5"@kkh	<http://ids.clld.org/values/9-210-408-3>		<http://ids.clld.org/parameters/9-210>		<http://ids.clld.org/values/9-210-293-1>		"kʰrɔ̃k"@ram	
"tjɛm.3"@kkh	<http://ids.clld.org/values/13-210-408-1>		<http://ids.clld.org/parameters/13-210>		<http://ids.clld.org/values/13-210-293-1>		"yic̷u"@ram	
"taŋ.1 naj.1"@kkh	<http://ids.clld.org/values/12-50-408-3>		<http://ids.clld.org/parameters/12-50>		<http://ids.clld.org/values/12-50-293-1>		"kʰam"@ram	
"kwa:ŋ.3"@kkh	<http://ids.clld.org/values/3-750-408-1>		<http://ids.clld.org/parameters/3-750>		<http://ids.clld.org/values/3-750-293-1>		"pɔ"@ram	
"kwa:ŋ.3"@kkh	<http://ids.clld.org/values/3-750-408-1>		<http://ids.clld.org/parameters/3-750>		<http://ids.clld.org/values/3-750-293-3>		"kaarə"@ram	
"ho:.3"@kkh	<http://ids.clld.org/values/4-200-408-1>		<http://ids.clld.org/parameters/4-200>		<http://ids.clld.org/values/4-200-293-1>		"ii-kʰrə̃"@ram	
"hɔ:ŋ.5 phe:ŋ.1"@kkh	<http://ids.clld.org/values/18-120-408-1>		<http://ids.clld.org/parameters/18-120>		<http://ids.clld.org/values/18-120-293-1>		"-krɛ"@ram	
"pɔ:.4"@kkh	<http://ids.clld.org/values/2-350-408-1>		<http://ids.clld.org/parameters/2-350>		<http://ids.clld.org/values/2-350-293-1>		"-pãm"@ram	
"pɔ:.4"@kkh	<http://ids.clld.org/values/2-350-408-1>		<http://ids.clld.org/parameters/2-350>		<http://ids.clld.org/values/2-350-293-3>		"c̷ũ"@ram	
"luk.5"@kkh	<http://ids.clld.org/values/1-852-408-1>		<http://ids.clld.org/parameters/1-852>		<http://ids.clld.org/values/1-852-293-1>		"pok"@ram	
"cim.1"@kkh	<http://ids.clld.org/values/5-160-408-3>		<http://ids.clld.org/parameters/5-160>		<http://ids.clld.org/values/5-160-293-1>		"kaho"@ram	
"ha:k.4"@kkh	<http://ids.clld.org/values/8-540-408-1>		<http://ids.clld.org/parameters/8-540>		<http://ids.clld.org/values/8-540-293-1>		"haare"@ram	
"ma:k.2 ʔa:.1-lu:.1"@kkh	<http://ids.clld.org/values/5-700-408-1>		<http://ids.clld.org/parameters/5-700>		<http://ids.clld.org/values/5-700-293-1>		"yat (yɛt ?)"@ram	
"man.1"@kkh	<http://ids.clld.org/values/2-930-408-1>		<http://ids.clld.org/parameters/2-930>		<http://ids.clld.org/values/2-930-293-1>		"tamə̃"@ram	
"taŋ.1 mɔt.1"@kkh	<http://ids.clld.org/values/13-140-408-1>		<http://ids.clld.org/parameters/13-140>		<http://ids.clld.org/values/13-140-293-1>		"tu-"@ram	
"ju:.2 cɔ:m.1"@kkh	<http://ids.clld.org/values/7-110-408-1>		<http://ids.clld.org/parameters/7-110>		<http://ids.clld.org/values/7-110-293-1>		"kʰrĩ"@ram	
"khɔn.5 ha:.3"@kkh	<http://ids.clld.org/values/11-310-408-1>		<http://ids.clld.org/parameters/11-310>		<http://ids.clld.org/values/11-310-293-1>		"lɨ̃t"@ram	
"ha:ŋ.3"@kkh	<http://ids.clld.org/values/4-180-408-1>		<http://ids.clld.org/parameters/4-180>		<http://ids.clld.org/values/4-180-293-1>		"ha-ppɨ"@ram	
"maj.5 ka.2-bɔ:ŋ.1"@kkh	<http://ids.clld.org/values/20-220-408-1>		<http://ids.clld.org/parameters/20-220>		<http://ids.clld.org/values/20-220-293-1>		"kʰo"@ram	
"hin.3"@kkh	<http://ids.clld.org/values/1-440-408-1>		<http://ids.clld.org/parameters/1-440>		<http://ids.clld.org/values/1-440-293-1>		"kʰɛn"@ram	
"baj.1 maj.5"@kkh	<http://ids.clld.org/values/8-560-408-1>		<http://ids.clld.org/parameters/8-560>		<http://ids.clld.org/values/8-560-293-1>		"iʔ-ho"@ram	
"kɔn.6"@kkh	<http://ids.clld.org/values/4-464-408-1>		<http://ids.clld.org/parameters/4-464>		<http://ids.clld.org/values/4-464-293-1>		"ayɔ"@ram	
"mɛ:ŋ.1 pɔŋ.2"@kkh	<http://ids.clld.org/values/3-815-408-1>		<http://ids.clld.org/parameters/3-815>		<http://ids.clld.org/values/3-815-293-1>		"pak"@ram	
"jaj.2"@kkh	<http://ids.clld.org/values/12-550-408-3>		<http://ids.clld.org/parameters/12-550>		<http://ids.clld.org/values/12-550-293-1>		"ti-"@ram	
"hə:n.1"@kkh	<http://ids.clld.org/values/7-120-408-1>		<http://ids.clld.org/parameters/7-120>		<http://ids.clld.org/values/7-120-293-1>		"ii-kʰrɛ"@ram	
"xo:ŋ.2"@kkh	<http://ids.clld.org/values/7-150-408-1>		<http://ids.clld.org/parameters/7-150>		<http://ids.clld.org/values/7-150-293-1>		"ka-"@ram	
"sɔp.1"@kkh	<http://ids.clld.org/values/4-240-408-1>		<http://ids.clld.org/parameters/4-240>		<http://ids.clld.org/values/4-240-293-1>		"-yarkʰwa"@ram	
"tɔ:n.3 caw.5"@kkh	<http://ids.clld.org/values/14-440-408-3>		<http://ids.clld.org/parameters/14-440>		<http://ids.clld.org/values/14-440-293-1>		"apɛ̃"@ram	
"pha.1-ri.1-ja:.1"@kkh	<http://ids.clld.org/values/2-320-408-3>		<http://ids.clld.org/parameters/2-320>		<http://ids.clld.org/values/2-320-293-1>		"ĩĩ-prõ"@ram	
"si:.3"@kkh	<http://ids.clld.org/values/9-880-408-1>		<http://ids.clld.org/parameters/9-880>		<http://ids.clld.org/values/9-880-293-1>		"kʰrɔr"@ram	
"nam.5 phɨŋ.6"@kkh	<http://ids.clld.org/values/5-840-408-1>		<http://ids.clld.org/parameters/5-840>		<http://ids.clld.org/values/5-840-293-1>		"pɛn"@ram	
"ʔa:p.2 nam.5"@kkh	<http://ids.clld.org/values/4-690-408-1>		<http://ids.clld.org/parameters/4-690>		<http://ids.clld.org/values/4-690-293-1>		"c̷wa"@ram	
"khɨn.6"@kkh	<http://ids.clld.org/values/10-472-408-1>		<http://ids.clld.org/parameters/10-472>		<http://ids.clld.org/values/10-472-293-1>		"pi-"@ram	
"sa.1-ʔa:t.2"@kkh	<http://ids.clld.org/values/15-860-408-5>		<http://ids.clld.org/parameters/15-860>		<http://ids.clld.org/values/15-860-293-1>		"kʰrɨ"@ram	
"nɔk.5 kɛ:w.6"@kkh	<http://ids.clld.org/values/3-592-408-1>		<http://ids.clld.org/parameters/3-592>		<http://ids.clld.org/values/3-592-293-1>		"krɨy-ti"@ram	
"si:.3 lam.1"@kkh	<http://ids.clld.org/values/15-650-408-1>		<http://ids.clld.org/parameters/15-650>		<http://ids.clld.org/values/15-650-293-1>		"iʔ-tɨk"@ram	
"khɔm.3"@kkh	<http://ids.clld.org/values/15-370-408-1>		<http://ids.clld.org/parameters/15-370>		<http://ids.clld.org/values/15-370-293-1>		"-c̷ə-"@ram	
"khɔm.3"@kkh	<http://ids.clld.org/values/15-370-408-1>		<http://ids.clld.org/parameters/15-370>		<http://ids.clld.org/values/15-370-293-3>		"hə"@ram	
"pi:.4"@kkh	<http://ids.clld.org/values/2-450-408-1>		<http://ids.clld.org/parameters/2-450>		<http://ids.clld.org/values/2-450-293-1>		"tɔ̃y-"@ram	
"nɔ:n.1"@kkh	<http://ids.clld.org/values/12-140-408-1>		<http://ids.clld.org/parameters/12-140>		<http://ids.clld.org/values/12-140-293-1>		"nɔ̃"@ram	
"si:.3 kha:w.3"@kkh	<http://ids.clld.org/values/15-640-408-1>		<http://ids.clld.org/parameters/15-640>		<http://ids.clld.org/values/15-640-293-1>		"hakkʰa"@ram	
"si:.3 kha:w.3"@kkh	<http://ids.clld.org/values/15-640-408-1>		<http://ids.clld.org/parameters/15-640>		<http://ids.clld.org/values/15-640-293-3>		"yakʰaa"@ram	
"paj.1"@kkh	<http://ids.clld.org/values/10-470-408-1>		<http://ids.clld.org/parameters/10-470>		<http://ids.clld.org/values/10-470-293-1>		"mɔ̃"@ram	
"khoŋ.2"@kkh	<http://ids.clld.org/values/12-110-408-1>		<http://ids.clld.org/parameters/12-110>		<http://ids.clld.org/values/12-110-293-1>		"-li-"@ram	
"baw.2"@kkh	<http://ids.clld.org/values/17-560-408-1>		<http://ids.clld.org/parameters/17-560>		<http://ids.clld.org/values/17-560-293-1>		"ke-"@ram	
"nɨŋ.4"@kkh	<http://ids.clld.org/values/13-10-408-1>		<http://ids.clld.org/parameters/13-10>		<http://ids.clld.org/values/13-10-293-1>		"pɨc̷it"@ram	
"lə:t.4"@kkh	<http://ids.clld.org/values/4-150-408-1>		<http://ids.clld.org/parameters/4-150>		<http://ids.clld.org/values/4-150-293-1>		"ii-kaproo"@ram	
"lin.5"@kkh	<http://ids.clld.org/values/4-260-408-1>		<http://ids.clld.org/parameters/4-260>		<http://ids.clld.org/values/4-260-293-1>		"-yõʔtɔ"@ram	
"mat.1"@kkh	<http://ids.clld.org/values/3-813-408-1>		<http://ids.clld.org/parameters/3-813>		<http://ids.clld.org/values/3-813-293-1>		"ĩnko"@ram	
"ja:.6"@kkh	<http://ids.clld.org/values/8-510-408-1>		<http://ids.clld.org/parameters/8-510>		<http://ids.clld.org/values/8-510-293-1>		"aʔ-tuu"@ram	
"cə:.5 phak.1"@kkh	<http://ids.clld.org/values/8-311-408-1>		<http://ids.clld.org/parameters/8-311>		<http://ids.clld.org/values/8-311-293-1>		"iʔ-hɨɨ (hɨ- ?)"@ram	
