"mɛ:.4"@kkh	<http://ids.clld.org/values/2-360-408-1>		<http://ids.clld.org/parameters/2-360>		<http://ids.clld.org/values/2-360-280-1>		"'kai"@pcp	
"tɔ:.2"@kkh	<http://ids.clld.org/values/3-823-408-1>		<http://ids.clld.org/parameters/3-823>		<http://ids.clld.org/values/3-823-280-1>		"'wina"@pcp	
"kwan.1"@kkh	<http://ids.clld.org/values/1-830-408-1>		<http://ids.clld.org/parameters/1-830>		<http://ids.clld.org/values/1-830-280-1>		"ko'ʔina"@pcp	
"tɔn.6 pa:m.1"@kkh	<http://ids.clld.org/values/8-810-408-1>		<http://ids.clld.org/parameters/8-810>		<http://ids.clld.org/values/8-810-280-1>		"'koti"@pcp	
"sɔ:ŋ.3"@kkh	<http://ids.clld.org/values/13-20-408-1>		<http://ids.clld.org/parameters/13-20>		<http://ids.clld.org/values/13-20-280-1>		"ra'wɨ"@pcp	
"taw.2"@kkh	<http://ids.clld.org/values/3-980-408-1>		<http://ids.clld.org/parameters/3-980>		<http://ids.clld.org/values/3-980-280-1>		"'ṣ̌awɨ"@pcp	
"cə:k.4"@kkh	<http://ids.clld.org/values/9-190-408-1>		<http://ids.clld.org/parameters/9-190>		<http://ids.clld.org/values/9-190-280-1>		"'taška"@pcp	
"phɔm.3"@kkh	<http://ids.clld.org/values/4-140-408-1>		<http://ids.clld.org/parameters/4-140>		<http://ids.clld.org/values/4-140-280-1>		"'woo"@pcp	
"xaj.2"@kkh	<http://ids.clld.org/values/5-970-408-1>		<http://ids.clld.org/parameters/5-970>		<http://ids.clld.org/values/5-970-280-1>		"'wači"@pcp	
"ka:ŋ.3 tɔŋ.4"@kkh	<http://ids.clld.org/values/8-120-408-1>		<http://ids.clld.org/parameters/8-120>		<http://ids.clld.org/values/8-120-280-1>		"'wai"@pcp	
"mɨ:.1"@kkh	<http://ids.clld.org/values/4-330-408-1>		<http://ids.clld.org/parameters/4-330>		<http://ids.clld.org/values/4-330-280-1>		"mɨ'kɨna"@pcp	
"nɔk.5"@kkh	<http://ids.clld.org/values/3-581-408-1>		<http://ids.clld.org/parameters/3-581>		<http://ids.clld.org/values/3-581-280-1>		"'isko"@pcp	
"sa:.3-mi.1-ka.1"@kkh	<http://ids.clld.org/values/2-310-408-3>		<http://ids.clld.org/parameters/2-310>		<http://ids.clld.org/values/2-310-280-1>		"'wɨnɨ"@pcp	
"hɛt.1"@kkh	<http://ids.clld.org/values/9-110-408-1>		<http://ids.clld.org/parameters/9-110>		<http://ids.clld.org/values/9-110-280-1>		"i'wɨ"@pcp	
"tɔn.6 maj.5"@kkh	<http://ids.clld.org/values/1-420-408-1>		<http://ids.clld.org/parameters/1-420>		<http://ids.clld.org/values/1-420-280-1>		"'hiwi"@pcp	
"kwa:n.3"@kkh	<http://ids.clld.org/values/9-250-408-1>		<http://ids.clld.org/parameters/9-250>		<http://ids.clld.org/values/9-250-280-1>		"[hača]"@pcp	
"kɔp.1"@kkh	<http://ids.clld.org/values/3-950-408-1>		<http://ids.clld.org/parameters/3-950>		<http://ids.clld.org/values/3-950-280-1>		"wɨṣ̌ko"@pcp	
"kaj.2"@kkh	<http://ids.clld.org/values/3-550-408-1>		<http://ids.clld.org/parameters/3-550>		<http://ids.clld.org/values/3-550-280-1>		"pati'aři"@pcp	
"lu:k.2"@kkh	<http://ids.clld.org/values/4-160-408-1>		<http://ids.clld.org/parameters/4-160>		<http://ids.clld.org/values/4-160-280-1>		"'ṣ̌ao"@pcp	
"hu:.3"@kkh	<http://ids.clld.org/values/4-220-408-1>		<http://ids.clld.org/parameters/4-220>		<http://ids.clld.org/values/4-220-280-1>		"'paʔoki"@pcp	
"han.3"@kkh	<http://ids.clld.org/values/15-510-408-1>		<http://ids.clld.org/parameters/15-510>		<http://ids.clld.org/values/15-510-280-1>		"his'pa"@pcp	
"han.3"@kkh	<http://ids.clld.org/values/15-510-408-1>		<http://ids.clld.org/parameters/15-510>		<http://ids.clld.org/values/15-510-280-3>		"'hisna"@pcp	
"nɔ:j.5"@kkh	<http://ids.clld.org/values/12-560-408-1>		<http://ids.clld.org/parameters/12-560>		<http://ids.clld.org/values/12-560-280-1>		"'mišni"@pcp	
"tin.3"@kkh	<http://ids.clld.org/values/4-370-408-1>		<http://ids.clld.org/parameters/4-370>		<http://ids.clld.org/values/4-370-280-1>		"'taʔɨ"@pcp	
"wan.1"@kkh	<http://ids.clld.org/values/14-410-408-1>		<http://ids.clld.org/parameters/14-410>		<http://ids.clld.org/values/14-410-280-1>		"'waři"@pcp	
"thɔŋ.3 pu:.2-ʔik.5"@kkh	<http://ids.clld.org/values/9-780-408-1>		<http://ids.clld.org/parameters/9-780>		<http://ids.clld.org/values/9-780-280-1>		"'sota"@pcp	
"ma:k.2 hɛp.1"@kkh	<http://ids.clld.org/values/3-831-408-3>		<http://ids.clld.org/parameters/3-831>		<http://ids.clld.org/values/3-831-280-1>		"'šio"@pcp	
"ma:k.2 hɛp.1"@kkh	<http://ids.clld.org/values/3-831-408-3>		<http://ids.clld.org/parameters/3-831>		<http://ids.clld.org/values/3-831-280-3>		"'čio"@pcp	
"tɔŋ.5 pha:.5"@kkh	<http://ids.clld.org/values/1-510-408-1>		<http://ids.clld.org/parameters/1-510>		<http://ids.clld.org/values/1-510-280-1>		"na'ipa"@pcp	
"pha:j.6"@kkh	<http://ids.clld.org/values/6-240-408-1>		<http://ids.clld.org/parameters/6-240>		<http://ids.clld.org/values/6-240-280-1>		"waṣ̌'mɨna"@pcp	
"khaw.6-phɔ:ŋ.1"@kkh	<http://ids.clld.org/values/5-550-408-1>		<http://ids.clld.org/parameters/5-550>		<http://ids.clld.org/values/5-550-280-1>		"'moto"@pcp	
"pha:.5 hɔ:ŋ.5"@kkh	<http://ids.clld.org/values/1-560-408-1>		<http://ids.clld.org/parameters/1-560>		<http://ids.clld.org/values/1-560-280-1>		"'naina"@pcp	
"naŋ.3"@kkh	<http://ids.clld.org/values/4-120-408-1>		<http://ids.clld.org/parameters/4-120>		<http://ids.clld.org/values/4-120-280-1>		"'wiči"@pcp	
"pɛ:ŋ.3"@kkh	<http://ids.clld.org/values/9-110-408-3>		<http://ids.clld.org/parameters/9-110>		<http://ids.clld.org/values/9-110-280-1>		"i'wɨ"@pcp	
"me:k.4"@kkh	<http://ids.clld.org/values/1-730-408-1>		<http://ids.clld.org/parameters/1-730>		<http://ids.clld.org/values/1-730-280-1>		"'c̷ɨmo"@pcp	
"lɔ:k.2 maj.5"@kkh	<http://ids.clld.org/values/8-570-408-1>		<http://ids.clld.org/parameters/8-570>		<http://ids.clld.org/values/8-570-280-3>		"řeṣ̌'pana"@pcp	
"lɔ:k.2 maj.5"@kkh	<http://ids.clld.org/values/8-570-408-1>		<http://ids.clld.org/parameters/8-570>		<http://ids.clld.org/values/8-570-280-1>		"'hoa"@pcp	
"pa:k.2"@kkh	<http://ids.clld.org/values/4-240-408-3>		<http://ids.clld.org/parameters/4-240>		<http://ids.clld.org/values/4-240-280-1>		"kɨ'wɨči"@pcp	
"kɛ:m.6"@kkh	<http://ids.clld.org/values/4-208-408-1>		<http://ids.clld.org/parameters/4-208>		<http://ids.clld.org/values/4-208-280-1>		"'tamo"@pcp	
"me:.1"@kkh	<http://ids.clld.org/values/2-320-408-1>		<http://ids.clld.org/parameters/2-320>		<http://ids.clld.org/values/2-320-280-1>		"ʔa'wini"@pcp	
"hɛ:ŋ.5"@kkh	<http://ids.clld.org/values/3-586-408-1>		<http://ids.clld.org/parameters/3-586>		<http://ids.clld.org/values/3-586-280-1>		"po'iko"@pcp	
"khaw.3"@kkh	<http://ids.clld.org/values/2-930-408-3>		<http://ids.clld.org/parameters/2-930>		<http://ids.clld.org/values/2-930-280-1>		"'haa"@pcp	
"la:w.1"@kkh	<http://ids.clld.org/values/1-540-408-1>		<http://ids.clld.org/parameters/1-540>		<http://ids.clld.org/values/1-540-280-1>		"'wištima"@pcp	
"pha:j.3"@kkh	<http://ids.clld.org/values/15-780-408-1>		<http://ids.clld.org/parameters/15-780>		<http://ids.clld.org/values/15-780-280-1>		"'ɨika"@pcp	
"juŋ.1"@kkh	<http://ids.clld.org/values/3-832-408-1>		<http://ids.clld.org/parameters/3-832>		<http://ids.clld.org/values/3-832-280-1>		"'wii"@pcp	
"la:ŋ.5"@kkh	<http://ids.clld.org/values/9-360-408-1>		<http://ids.clld.org/parameters/9-360>		<http://ids.clld.org/values/9-360-280-1>		"'aši"@pcp	
"pu:.4 ca:j.1"@kkh	<http://ids.clld.org/values/2-210-408-1>		<http://ids.clld.org/parameters/2-210>		<http://ids.clld.org/values/2-210-280-1>		"'honi"@pcp	
"sa.2-lɛ:ŋ.1"@kkh	<http://ids.clld.org/values/15-550-408-1>		<http://ids.clld.org/parameters/15-550>		<http://ids.clld.org/values/15-550-280-1>		"hi-'maki"@pcp	
"lə:n.1"@kkh	<http://ids.clld.org/values/1-530-408-1>		<http://ids.clld.org/parameters/1-530>		<http://ids.clld.org/values/1-530-280-1>		"'ʔoṣ̌ɨ"@pcp	
"tat.1"@kkh	<http://ids.clld.org/values/9-220-408-1>		<http://ids.clld.org/parameters/9-220>		<http://ids.clld.org/values/9-220-280-1>		"'kɨɨsakia"@pcp	
"kha:.3"@kkh	<http://ids.clld.org/values/4-350-408-1>		<http://ids.clld.org/parameters/4-350>		<http://ids.clld.org/values/4-350-280-1>		"'wiko"@pcp	
"khi:.6 taw.4"@kkh	<http://ids.clld.org/values/1-840-408-1>		<http://ids.clld.org/parameters/1-840>		<http://ids.clld.org/values/1-840-280-1>		"'mišpo"@pcp	
"nɔk.5 kaw.5 mɛ:w.1"@kkh	<http://ids.clld.org/values/3-596-408-1>		<http://ids.clld.org/parameters/3-596>		<http://ids.clld.org/values/3-596-280-1>		"'popo"@pcp	
"phaj.1"@kkh	<http://ids.clld.org/values/1-810-408-1>		<http://ids.clld.org/parameters/1-810>		<http://ids.clld.org/values/1-810-280-1>		"'čiʔi"@pcp	
"haŋ.1"@kkh	<http://ids.clld.org/values/3-580-408-1>		<http://ids.clld.org/parameters/3-580>		<http://ids.clld.org/values/3-580-280-1>		"'naʔa"@pcp	
"ta:.3 wan.1"@kkh	<http://ids.clld.org/values/1-520-408-1>		<http://ids.clld.org/parameters/1-520>		<http://ids.clld.org/values/1-520-280-1>		"'waři"@pcp	
"lo:.3"@kkh	<http://ids.clld.org/values/1-880-408-1>		<http://ids.clld.org/parameters/1-880>		<http://ids.clld.org/values/1-880-280-1>		"'kařo"@pcp	
"hə:.1 pha:j.1"@kkh	<http://ids.clld.org/values/10-831-408-1>		<http://ids.clld.org/parameters/10-831>		<http://ids.clld.org/values/10-831-280-1>		"'noti"@pcp	
"phɛn.2 lin.1"@kkh	<http://ids.clld.org/values/1-210-408-1>		<http://ids.clld.org/parameters/1-210>		<http://ids.clld.org/values/1-210-280-1>		"'mai"@pcp	
"khɛ:n.3"@kkh	<http://ids.clld.org/values/4-310-408-1>		<http://ids.clld.org/parameters/4-310>		<http://ids.clld.org/values/4-310-280-1>		"po'yana"@pcp	
"hu:.1"@kkh	<http://ids.clld.org/values/12-850-408-1>		<http://ids.clld.org/parameters/12-850>		<http://ids.clld.org/values/12-850-280-1>		"'kini"@pcp	
"ka:ŋ.1 mɔ:j.3"@kkh	<http://ids.clld.org/values/4-142-408-1>		<http://ids.clld.org/parameters/4-142>		<http://ids.clld.org/values/4-142-280-1>		"'kɨni"@pcp	
"si:.3 lɛ:ŋ.1"@kkh	<http://ids.clld.org/values/15-660-408-1>		<http://ids.clld.org/parameters/15-660>		<http://ids.clld.org/values/15-660-280-1>		"'šini"@pcp	
"laŋ.1"@kkh	<http://ids.clld.org/values/4-230-408-1>		<http://ids.clld.org/parameters/4-230>		<http://ids.clld.org/values/4-230-280-1>		"řɨ'kina"@pcp	
"pa:.3"@kkh	<http://ids.clld.org/values/3-650-408-1>		<http://ids.clld.org/parameters/3-650>		<http://ids.clld.org/values/3-650-280-3>		"'woɨ"@pcp	
"pa:.3"@kkh	<http://ids.clld.org/values/3-650-408-1>		<http://ids.clld.org/parameters/3-650>		<http://ids.clld.org/values/3-650-280-1>		"sa'nino"@pcp	
"jɔ:ŋ.6 phɔm.3"@kkh	<http://ids.clld.org/values/6-760-408-1>		<http://ids.clld.org/parameters/6-760>		<http://ids.clld.org/values/6-760-280-1>		"'kisi"@pcp	
"xiaw.6"@kkh	<http://ids.clld.org/values/4-270-408-1>		<http://ids.clld.org/parameters/4-270>		<http://ids.clld.org/values/4-270-280-1>		"'ṣ̌ɨna"@pcp	
"nam.5"@kkh	<http://ids.clld.org/values/1-310-408-1>		<http://ids.clld.org/parameters/1-310>		<http://ids.clld.org/values/1-310-280-1>		"'hɨnɨ"@pcp	
"pɔ:t.2"@kkh	<http://ids.clld.org/values/4-441-408-1>		<http://ids.clld.org/parameters/4-441>		<http://ids.clld.org/values/4-441-280-1>		"'taṣ̌a"@pcp	
"man.1 kɛ:w.3 la:w.1 (la:w.1 = Laos)"@kkh	<http://ids.clld.org/values/8-920-408-1>		<http://ids.clld.org/parameters/8-920>		<http://ids.clld.org/values/8-920-280-1>		"'ac̷a"@pcp	
"ka:ŋ.3 na:.1"@kkh	<http://ids.clld.org/values/8-120-408-3>		<http://ids.clld.org/parameters/8-120>		<http://ids.clld.org/values/8-120-280-1>		"'wai"@pcp	
"ta:.3"@kkh	<http://ids.clld.org/values/4-210-408-1>		<http://ids.clld.org/parameters/4-210>		<http://ids.clld.org/values/4-210-280-1>		"'wɨřo"@pcp	
"xa:.6"@kkh	<http://ids.clld.org/values/2-910-408-1>		<http://ids.clld.org/parameters/2-910>		<http://ids.clld.org/values/2-910-280-1>		"'ɨa"@pcp	
"mɛ:ŋ.1 hin.5"@kkh	<http://ids.clld.org/values/3-831-408-1>		<http://ids.clld.org/parameters/3-831>		<http://ids.clld.org/values/3-831-280-1>		"'šio"@pcp	
"mɛ:ŋ.1 hin.5"@kkh	<http://ids.clld.org/values/3-831-408-1>		<http://ids.clld.org/parameters/3-831>		<http://ids.clld.org/values/3-831-280-3>		"'čio"@pcp	
"cɛm.1"@kkh	<http://ids.clld.org/values/15-350-408-1>		<http://ids.clld.org/parameters/15-350>		<http://ids.clld.org/values/15-350-280-1>		"tɨ'ɨ"@pcp	
"phɔn.3"@kkh	<http://ids.clld.org/values/1-750-408-1>		<http://ids.clld.org/parameters/1-750>		<http://ids.clld.org/values/1-750-280-3>		"ʔo'i"@pcp	
"phɔn.3"@kkh	<http://ids.clld.org/values/1-750-408-1>		<http://ids.clld.org/parameters/1-750>		<http://ids.clld.org/values/1-750-280-1>		"o'i"@pcp	
"ma:k.2 maj.5"@kkh	<http://ids.clld.org/values/5-710-408-1>		<http://ids.clld.org/parameters/5-710>		<http://ids.clld.org/values/5-710-280-1>		"'kɨo"@pcp	
"la.1-ʔɔn.2 nɔ:j.4"@kkh	<http://ids.clld.org/values/2-280-408-1>		<http://ids.clld.org/parameters/2-280>		<http://ids.clld.org/values/2-280-280-1>		"'wakɨ 'pistia"@pcp	
"la:j.6"@kkh	<http://ids.clld.org/values/9-190-408-3>		<http://ids.clld.org/parameters/9-190>		<http://ids.clld.org/values/9-190-280-1>		"'taška"@pcp	
"nak.1"@kkh	<http://ids.clld.org/values/15-810-408-1>		<http://ids.clld.org/parameters/15-810>		<http://ids.clld.org/values/15-810-280-1>		"'iwɨ"@pcp	
"pho:.3"@kkh	<http://ids.clld.org/values/2-310-408-1>		<http://ids.clld.org/parameters/2-310>		<http://ids.clld.org/values/2-310-280-1>		"'wɨnɨ"@pcp	
"tap.1"@kkh	<http://ids.clld.org/values/4-450-408-1>		<http://ids.clld.org/parameters/4-450>		<http://ids.clld.org/values/4-450-280-1>		"'taka"@pcp	
"tɔn.6 maj.5"@kkh	<http://ids.clld.org/values/8-600-408-1>		<http://ids.clld.org/parameters/8-600>		<http://ids.clld.org/values/8-600-280-1>		"'hiwi"@pcp	
"pha.1 ʔa:.1-tit.5"@kkh	<http://ids.clld.org/values/1-520-408-3>		<http://ids.clld.org/parameters/1-520>		<http://ids.clld.org/values/1-520-280-1>		"'waři"@pcp	
"kwa:ŋ.3"@kkh	<http://ids.clld.org/values/3-750-408-1>		<http://ids.clld.org/parameters/3-750>		<http://ids.clld.org/values/3-750-280-1>		"'čaṣ̌o"@pcp	
"ho:.3 caj.3"@kkh	<http://ids.clld.org/values/4-440-408-1>		<http://ids.clld.org/parameters/4-440>		<http://ids.clld.org/values/4-440-280-1>		"howi'ti"@pcp	
"ho:.3"@kkh	<http://ids.clld.org/values/4-200-408-1>		<http://ids.clld.org/parameters/4-200>		<http://ids.clld.org/values/4-200-280-1>		"'mapo"@pcp	
"pɔ:.4"@kkh	<http://ids.clld.org/values/2-350-408-1>		<http://ids.clld.org/parameters/2-350>		<http://ids.clld.org/values/2-350-280-1>		"'ɨpa"@pcp	
"pɔ:.4"@kkh	<http://ids.clld.org/values/2-350-408-1>		<http://ids.clld.org/parameters/2-350>		<http://ids.clld.org/values/2-350-280-3>		"'ʔɨpa"@pcp	
"ha:k.4"@kkh	<http://ids.clld.org/values/8-540-408-1>		<http://ids.clld.org/parameters/8-540>		<http://ids.clld.org/values/8-540-280-1>		"ta'pono"@pcp	
"man.1"@kkh	<http://ids.clld.org/values/2-930-408-1>		<http://ids.clld.org/parameters/2-930>		<http://ids.clld.org/values/2-930-280-1>		"'haa"@pcp	
"no:t.2 pɛ.5"@kkh	<http://ids.clld.org/values/4-142-408-3>		<http://ids.clld.org/parameters/4-142>		<http://ids.clld.org/values/4-142-280-1>		"'kɨni"@pcp	
"mɛ:.4 jiŋ.1"@kkh	<http://ids.clld.org/values/2-220-408-1>		<http://ids.clld.org/parameters/2-220>		<http://ids.clld.org/values/2-220-280-1>		"'yoṣ̌a"@pcp	
"baj.1 maj.5"@kkh	<http://ids.clld.org/values/8-560-408-1>		<http://ids.clld.org/parameters/8-560>		<http://ids.clld.org/values/8-560-280-1>		"'pɨʔi"@pcp	
"pha:.2"@kkh	<http://ids.clld.org/values/9-270-408-1>		<http://ids.clld.org/parameters/9-270>		<http://ids.clld.org/values/9-270-280-1>		"ma'tošmaki"@pcp	
"hə:n.1"@kkh	<http://ids.clld.org/values/7-120-408-1>		<http://ids.clld.org/parameters/7-120>		<http://ids.clld.org/values/7-120-280-1>		"'ṣ̌owo"@pcp	
"sɔp.1"@kkh	<http://ids.clld.org/values/4-240-408-1>		<http://ids.clld.org/parameters/4-240>		<http://ids.clld.org/values/4-240-280-1>		"kɨ'wɨči"@pcp	
"sɔ:j.1"@kkh	<http://ids.clld.org/values/9-220-408-3>		<http://ids.clld.org/parameters/9-220>		<http://ids.clld.org/values/9-220-280-1>		"'kɨɨsakia"@pcp	
"khaw.6 sa:.3-li:.1 kɔ:.4"@kkh	<http://ids.clld.org/values/8-470-408-1>		<http://ids.clld.org/parameters/8-470>		<http://ids.clld.org/values/8-470-280-1>		"'ṣ̌ɨki"@pcp	
"pha.1-ri.1-ja:.1"@kkh	<http://ids.clld.org/values/2-320-408-3>		<http://ids.clld.org/parameters/2-320>		<http://ids.clld.org/values/2-320-280-1>		"ʔa'wini"@pcp	
"nɔk.5 kɛ:w.6"@kkh	<http://ids.clld.org/values/3-592-408-1>		<http://ids.clld.org/parameters/3-592>		<http://ids.clld.org/values/3-592-280-1>		"'wawa"@pcp	
"si:.3 kha:w.3"@kkh	<http://ids.clld.org/values/15-640-408-1>		<http://ids.clld.org/parameters/15-640>		<http://ids.clld.org/values/15-640-280-1>		"'hoṣ̌o"@pcp	
"lə:t.4"@kkh	<http://ids.clld.org/values/4-150-408-1>		<http://ids.clld.org/parameters/4-150>		<http://ids.clld.org/values/4-150-280-1>		"'himi"@pcp	
"lin.5"@kkh	<http://ids.clld.org/values/4-260-408-1>		<http://ids.clld.org/parameters/4-260>		<http://ids.clld.org/values/4-260-280-1>		"'hana"@pcp	
"hoj.6"@kkh	<http://ids.clld.org/values/1-360-408-1>		<http://ids.clld.org/parameters/1-360>		<http://ids.clld.org/values/1-360-280-1>		"'ʔani"@pcp	
"hoj.6"@kkh	<http://ids.clld.org/values/1-360-408-1>		<http://ids.clld.org/parameters/1-360>		<http://ids.clld.org/values/1-360-280-3>		"'pao"@pcp	
"ja:k.2"@kkh	<http://ids.clld.org/values/5-140-408-1>		<http://ids.clld.org/parameters/5-140>		<http://ids.clld.org/values/5-140-280-1>		"paṣ̌na'hai"@pcp	
"pha.1 can.3"@kkh	<http://ids.clld.org/values/1-530-408-3>		<http://ids.clld.org/parameters/1-530>		<http://ids.clld.org/values/1-530-280-1>		"'ʔoṣ̌ɨ"@pcp	
"mɛ:ŋ.1"@kkh	<http://ids.clld.org/values/3-810-408-1>		<http://ids.clld.org/parameters/3-810>		<http://ids.clld.org/values/3-810-280-1>		"wɨ'oso"@pcp	
