"maj.6"@kkh	<http://ids.clld.org/values/1-851-408-3>		<http://ids.clld.org/parameters/1-851>		<http://ids.clld.org/values/1-851-286-3>		"wiran"@pav	
"maj.6"@kkh	<http://ids.clld.org/values/1-851-408-3>		<http://ids.clld.org/parameters/1-851>		<http://ids.clld.org/values/1-851-286-1>		"tom"@pav	
"maj.6"@kkh	<http://ids.clld.org/values/1-851-408-3>		<http://ids.clld.org/parameters/1-851>		<http://ids.clld.org/values/1-851-286-5>		"karahoʔ"@pav	
"nɔ:j.5"@kkh	<http://ids.clld.org/values/13-170-408-1>		<http://ids.clld.org/parameters/13-170>		<http://ids.clld.org/values/13-170-286-1>		"parek"@pav	
"sɛw.2 ʔa:j.1"@kkh	<http://ids.clld.org/values/15-210-408-1>		<http://ids.clld.org/parameters/15-210>		<http://ids.clld.org/values/15-210-286-3>		"hu"@pav	
"sɛw.2 ʔa:j.1"@kkh	<http://ids.clld.org/values/15-210-408-1>		<http://ids.clld.org/parameters/15-210>		<http://ids.clld.org/values/15-210-286-1>		"nak"@pav	
"ma:.1"@kkh	<http://ids.clld.org/values/10-480-408-1>		<http://ids.clld.org/parameters/10-480>		<http://ids.clld.org/values/10-480-286-1>		"makiʔ"@pav	
"pa:.2"@kkh	<http://ids.clld.org/values/1-410-408-1>		<http://ids.clld.org/parameters/1-410>		<http://ids.clld.org/values/1-410-286-1>		"nahwarak"@pav	
"bin.1"@kkh	<http://ids.clld.org/values/10-370-408-1>		<http://ids.clld.org/parameters/10-370>		<http://ids.clld.org/values/10-370-286-3>		"toin"@pav	
"bin.1"@kkh	<http://ids.clld.org/values/10-370-408-1>		<http://ids.clld.org/parameters/10-370>		<http://ids.clld.org/values/10-370-286-1>		"takiʔ"@pav	
"bi:p.2"@kkh	<http://ids.clld.org/values/9-343-408-1>		<http://ids.clld.org/parameters/9-343>		<http://ids.clld.org/values/9-343-286-1>		"humʔ"@pav	
"mɛ:.4"@kkh	<http://ids.clld.org/values/2-360-408-1>		<http://ids.clld.org/parameters/2-360>		<http://ids.clld.org/values/2-360-286-1>		"naʔ"@pav	
"ka:w.2"@kkh	<http://ids.clld.org/values/18-220-408-1>		<http://ids.clld.org/parameters/18-220>		<http://ids.clld.org/values/18-220-286-1>		"tomiʔ šoʔ"@pav	
"pe.1"@kkh	<http://ids.clld.org/values/15-830-408-1>		<http://ids.clld.org/parameters/15-830>		<http://ids.clld.org/values/15-830-286-1>		"šoʔ"@pav	
"ci:.1-wit.1 (Pali)"@kkh	<http://ids.clld.org/values/4-740-408-1>		<http://ids.clld.org/parameters/4-740>		<http://ids.clld.org/values/4-740-286-1>		"eʔ"@pav	
"ti:.3"@kkh	<http://ids.clld.org/values/9-210-408-1>		<http://ids.clld.org/parameters/9-210>		<http://ids.clld.org/values/9-210-286-1>		"toʔ"@pav	
"kwan.1"@kkh	<http://ids.clld.org/values/1-830-408-1>		<http://ids.clld.org/parameters/1-830>		<http://ids.clld.org/values/1-830-286-1>		"tainʔ"@pav	
"hu:.5 cak.1"@kkh	<http://ids.clld.org/values/17-170-408-1>		<http://ids.clld.org/parameters/17-170>		<http://ids.clld.org/values/17-170-286-1>		"tašiʔ"@pav	
"hu:.5 cak.1"@kkh	<http://ids.clld.org/values/17-170-408-1>		<http://ids.clld.org/parameters/17-170>		<http://ids.clld.org/values/17-170-286-3>		"kerek"@pav	
"hu:.5 cak.1"@kkh	<http://ids.clld.org/values/17-170-408-1>		<http://ids.clld.org/parameters/17-170>		<http://ids.clld.org/values/17-170-286-5>		"kerek pinʔ"@pav	
"hɛm.3"@kkh	<http://ids.clld.org/values/4-760-408-3>		<http://ids.clld.org/parameters/4-760>		<http://ids.clld.org/values/4-760-286-1>		"paʔ"@pav	
"kha:.6"@kkh	<http://ids.clld.org/values/4-760-408-1>		<http://ids.clld.org/parameters/4-760>		<http://ids.clld.org/values/4-760-286-1>		"paʔ"@pav	
"sɔ:ŋ.3"@kkh	<http://ids.clld.org/values/13-20-408-1>		<http://ids.clld.org/parameters/13-20>		<http://ids.clld.org/values/13-20-286-1>		"tuku karakan"@pav	
"khaw.2"@kkh	<http://ids.clld.org/values/4-360-408-1>		<http://ids.clld.org/parameters/4-360>		<http://ids.clld.org/values/4-360-286-1>		"karamašiʔ (karam)"@pav	
"cə:k.4"@kkh	<http://ids.clld.org/values/9-190-408-1>		<http://ids.clld.org/parameters/9-190>		<http://ids.clld.org/values/9-190-286-1>		"makon (makorišiʔ)"@pav	
"phɔm.3"@kkh	<http://ids.clld.org/values/4-140-408-1>		<http://ids.clld.org/parameters/4-140>		<http://ids.clld.org/values/4-140-286-1>		"tenenešiʔ"@pav	
"phɔm.3"@kkh	<http://ids.clld.org/values/4-140-408-1>		<http://ids.clld.org/parameters/4-140>		<http://ids.clld.org/values/4-140-286-3>		"tenenein (šun)"@pav	
"xaj.2"@kkh	<http://ids.clld.org/values/5-970-408-1>		<http://ids.clld.org/parameters/5-970>		<http://ids.clld.org/values/5-970-286-1>		"arayein"@pav	
"tɛ:ŋ.1"@kkh	<http://ids.clld.org/values/9-223-408-1>		<http://ids.clld.org/parameters/9-223>		<http://ids.clld.org/values/9-223-286-1>		"šukunʔ"@pav	
"mɨ:.1"@kkh	<http://ids.clld.org/values/4-330-408-1>		<http://ids.clld.org/parameters/4-330>		<http://ids.clld.org/values/4-330-286-1>		"mišiʔ"@pav	
"mɨ:.1"@kkh	<http://ids.clld.org/values/4-330-408-1>		<http://ids.clld.org/parameters/4-330>		<http://ids.clld.org/values/4-330-286-3>		"(umʔ)"@pav	
"nɔk.5"@kkh	<http://ids.clld.org/values/3-581-408-1>		<http://ids.clld.org/parameters/3-581>		<http://ids.clld.org/values/3-581-286-1>		"me"@pav	
"mu:.2 haw.1"@kkh	<http://ids.clld.org/values/2-942-408-1>		<http://ids.clld.org/parameters/2-942>		<http://ids.clld.org/values/2-942-286-1>		"warut"@pav	
"xaj.3 man.1"@kkh	<http://ids.clld.org/values/5-791-408-1>		<http://ids.clld.org/parameters/5-791>		<http://ids.clld.org/values/5-791-286-1>		"homain"@pav	
"sa:.3-mi.1-ka.1"@kkh	<http://ids.clld.org/values/2-310-408-3>		<http://ids.clld.org/parameters/2-310>		<http://ids.clld.org/values/2-310-286-1>		"taši"@pav	
"ja:ŋ.4"@kkh	<http://ids.clld.org/values/10-450-408-1>		<http://ids.clld.org/parameters/10-450>		<http://ids.clld.org/values/10-450-286-1>		"šut"@pav	
"ja:ŋ.4"@kkh	<http://ids.clld.org/values/10-450-408-1>		<http://ids.clld.org/parameters/10-450>		<http://ids.clld.org/values/10-450-286-3>		"šurušut"@pav	
"thu:k.2"@kkh	<http://ids.clld.org/values/16-730-408-1>		<http://ids.clld.org/parameters/16-730>		<http://ids.clld.org/values/16-730-286-1>		"šoʔ"@pav	
"kat.1"@kkh	<http://ids.clld.org/values/15-860-408-1>		<http://ids.clld.org/parameters/15-860>		<http://ids.clld.org/values/15-860-286-1>		"šio"@pav	
"kat.1"@kkh	<http://ids.clld.org/values/15-860-408-1>		<http://ids.clld.org/parameters/15-860>		<http://ids.clld.org/values/15-860-286-3>		"kapinʔ"@pav	
"tɔk.1"@kkh	<http://ids.clld.org/values/10-230-408-1>		<http://ids.clld.org/parameters/10-230>		<http://ids.clld.org/values/10-230-286-3>		"kamaraʔ"@pav	
"tɔk.1"@kkh	<http://ids.clld.org/values/10-230-408-1>		<http://ids.clld.org/parameters/10-230>		<http://ids.clld.org/values/10-230-286-1>		"panʔ"@pav	
"tɔn.6 maj.5"@kkh	<http://ids.clld.org/values/1-420-408-1>		<http://ids.clld.org/parameters/1-420>		<http://ids.clld.org/values/1-420-286-1>		"pana"@pav	
"pə:k.2 maj.5"@kkh	<http://ids.clld.org/values/8-750-408-1>		<http://ids.clld.org/parameters/8-750>		<http://ids.clld.org/values/8-750-286-1>		"tapari"@pav	
"tɔn.6 ʔa.1-ŋun.2"@kkh	<http://ids.clld.org/values/8-670-408-1>		<http://ids.clld.org/parameters/8-670>		<http://ids.clld.org/values/8-670-286-1>		"makon (makorišiʔ)"@pav	
"la:k.4"@kkh	<http://ids.clld.org/values/9-330-408-3>		<http://ids.clld.org/parameters/9-330>		<http://ids.clld.org/values/9-330-286-1>		"kök"@pav	
"haw.3"@kkh	<http://ids.clld.org/values/3-811-408-1>		<http://ids.clld.org/parameters/3-811>		<http://ids.clld.org/values/3-811-286-1>		"ioʔ"@pav	
"lu:k.2"@kkh	<http://ids.clld.org/values/4-160-408-1>		<http://ids.clld.org/parameters/4-160>		<http://ids.clld.org/values/4-160-286-1>		"arašiʔ (at)"@pav	
"laŋ.3"@kkh	<http://ids.clld.org/values/4-190-408-1>		<http://ids.clld.org/parameters/4-190>		<http://ids.clld.org/values/4-190-286-1>		"warašiʔ"@pav	
"maj.2"@kkh	<http://ids.clld.org/values/14-130-408-1>		<http://ids.clld.org/parameters/14-130>		<http://ids.clld.org/values/14-130-286-1>		"šokori"@pav	
"kɛ:.2"@kkh	<http://ids.clld.org/values/14-150-408-1>		<http://ids.clld.org/parameters/14-150>		<http://ids.clld.org/values/14-150-286-1>		"maraʔ"@pav	
"kɛ:.2"@kkh	<http://ids.clld.org/values/14-150-408-1>		<http://ids.clld.org/parameters/14-150>		<http://ids.clld.org/values/14-150-286-3>		"horon"@pav	
"ha:k.4"@kkh	<http://ids.clld.org/values/4-570-408-1>		<http://ids.clld.org/parameters/4-570>		<http://ids.clld.org/values/4-570-286-1>		"weʔ"@pav	
"hu:.3"@kkh	<http://ids.clld.org/values/4-220-408-1>		<http://ids.clld.org/parameters/4-220>		<http://ids.clld.org/values/4-220-286-1>		"tara-yišiʔ (taraʔ)"@pav	
"han.3"@kkh	<http://ids.clld.org/values/15-510-408-1>		<http://ids.clld.org/parameters/15-510>		<http://ids.clld.org/values/15-510-286-1>		"kerek"@pav	
"kə:.3"@kkh	<http://ids.clld.org/values/5-810-408-1>		<http://ids.clld.org/parameters/5-810>		<http://ids.clld.org/values/5-810-286-1>		"[sal]"@pav	
"nɔ:j.5"@kkh	<http://ids.clld.org/values/12-560-408-1>		<http://ids.clld.org/parameters/12-560>		<http://ids.clld.org/values/12-560-286-1>		"wiyimain"@pav	
"tin.3"@kkh	<http://ids.clld.org/values/4-370-408-1>		<http://ids.clld.org/parameters/4-370>		<http://ids.clld.org/values/4-370-286-1>		"kašimašiʔ (kašim)"@pav	
"wan.1"@kkh	<http://ids.clld.org/values/14-410-408-1>		<http://ids.clld.org/parameters/14-410>		<http://ids.clld.org/values/14-410-286-1>		"šek"@pav	
"ko:.3"@kkh	<http://ids.clld.org/values/16-530-408-1>		<http://ids.clld.org/parameters/16-530>		<http://ids.clld.org/values/16-530-286-1>		"yinʔ"@pav	
"mat.5"@kkh	<http://ids.clld.org/values/9-160-408-1>		<http://ids.clld.org/parameters/9-160>		<http://ids.clld.org/values/9-160-286-1>		"tuku"@pav	
"laj.4 sat.1"@kkh	<http://ids.clld.org/values/20-610-408-1>		<http://ids.clld.org/parameters/20-610>		<http://ids.clld.org/values/20-610-286-1>		"yiʔam"@pav	
"tɔŋ.5 pha:.5"@kkh	<http://ids.clld.org/values/1-510-408-1>		<http://ids.clld.org/parameters/1-510>		<http://ids.clld.org/values/1-510-286-1>		"nanawin"@pav	
"khu:t.2"@kkh	<http://ids.clld.org/values/5-480-408-1>		<http://ids.clld.org/parameters/5-480>		<http://ids.clld.org/values/5-480-286-1>		"kuruk"@pav	
"lu:t.2"@kkh	<http://ids.clld.org/values/5-160-408-1>		<http://ids.clld.org/parameters/5-160>		<http://ids.clld.org/values/5-160-286-1>		"šok"@pav	
"lu:t.2"@kkh	<http://ids.clld.org/values/5-160-408-1>		<http://ids.clld.org/parameters/5-160>		<http://ids.clld.org/values/5-160-286-3>		"šak"@pav	
"thaw.6"@kkh	<http://ids.clld.org/values/14-150-408-3>		<http://ids.clld.org/parameters/14-150>		<http://ids.clld.org/values/14-150-286-1>		"maraʔ"@pav	
"thaw.6"@kkh	<http://ids.clld.org/values/14-150-408-3>		<http://ids.clld.org/parameters/14-150>		<http://ids.clld.org/values/14-150-286-3>		"horon"@pav	
"naŋ.3"@kkh	<http://ids.clld.org/values/4-120-408-1>		<http://ids.clld.org/parameters/4-120>		<http://ids.clld.org/values/4-120-286-1>		"taparišiʔ"@pav	
"me:k.4"@kkh	<http://ids.clld.org/values/1-730-408-1>		<http://ids.clld.org/parameters/1-730>		<http://ids.clld.org/values/1-730-286-1>		"tayain nanawin"@pav	
"ŋu:.1"@kkh	<http://ids.clld.org/values/3-850-408-1>		<http://ids.clld.org/parameters/3-850>		<http://ids.clld.org/values/3-850-286-1>		"emʔ"@pav	
"lɔ:k.2 maj.5"@kkh	<http://ids.clld.org/values/8-570-408-1>		<http://ids.clld.org/parameters/8-570>		<http://ids.clld.org/values/8-570-286-3>		"wiyein"@pav	
"lɔ:k.2 maj.5"@kkh	<http://ids.clld.org/values/8-570-408-1>		<http://ids.clld.org/parameters/8-570>		<http://ids.clld.org/values/8-570-286-1>		"piwain"@pav	
"nam.5 la:j.1"@kkh	<http://ids.clld.org/values/4-560-408-1>		<http://ids.clld.org/parameters/4-560>		<http://ids.clld.org/values/4-560-286-1>		"hupaʔ"@pav	
"na:.3"@kkh	<http://ids.clld.org/values/12-630-408-1>		<http://ids.clld.org/parameters/12-630>		<http://ids.clld.org/values/12-630-286-1>		"kwere"@pav	
"nam.5 khɛŋ.3"@kkh	<http://ids.clld.org/values/1-770-408-1>		<http://ids.clld.org/parameters/1-770>		<http://ids.clld.org/values/1-770-286-1>		"šio šio"@pav	
"ʔun.2"@kkh	<http://ids.clld.org/values/15-851-408-1>		<http://ids.clld.org/parameters/15-851>		<http://ids.clld.org/values/15-851-286-3>		"nonoe"@pav	
"ʔun.2"@kkh	<http://ids.clld.org/values/15-851-408-1>		<http://ids.clld.org/parameters/15-851>		<http://ids.clld.org/values/15-851-286-1>		"šain"@pav	
"kun.2 muk.5"@kkh	<http://ids.clld.org/values/1-213-408-1>		<http://ids.clld.org/parameters/1-213>		<http://ids.clld.org/values/1-213-286-1>		"tainʔ"@pav	
"pa:k.2"@kkh	<http://ids.clld.org/values/4-240-408-3>		<http://ids.clld.org/parameters/4-240>		<http://ids.clld.org/values/4-240-286-1>		"kapiyašiʔ (topak)"@pav	
"wa:j.6 nam.5"@kkh	<http://ids.clld.org/values/10-350-408-1>		<http://ids.clld.org/parameters/10-350>		<http://ids.clld.org/values/10-350-286-3>		"panʔ karakam"@pav	
"wa:j.6 nam.5"@kkh	<http://ids.clld.org/values/10-350-408-1>		<http://ids.clld.org/parameters/10-350>		<http://ids.clld.org/values/10-350-286-1>		"panʔ kam"@pav	
"nə:.5"@kkh	<http://ids.clld.org/values/4-130-408-1>		<http://ids.clld.org/parameters/4-130>		<http://ids.clld.org/values/4-130-286-1>		"kwerešiʔ"@pav	
"jɛn.1"@kkh	<http://ids.clld.org/values/15-860-408-3>		<http://ids.clld.org/parameters/15-860>		<http://ids.clld.org/values/15-860-286-1>		"šio"@pav	
"jɛn.1"@kkh	<http://ids.clld.org/values/15-860-408-3>		<http://ids.clld.org/parameters/15-860>		<http://ids.clld.org/values/15-860-286-3>		"kapinʔ"@pav	
"sa:j.5"@kkh	<http://ids.clld.org/values/12-420-408-1>		<http://ids.clld.org/parameters/12-420>		<http://ids.clld.org/values/12-420-286-1>		"parayišiʔ"@pav	
"ma:.3"@kkh	<http://ids.clld.org/values/3-610-408-1>		<http://ids.clld.org/parameters/3-610>		<http://ids.clld.org/values/3-610-286-1>		"oromiyak"@pav	
"nɔ:ŋ.3 lo:ŋ.3"@kkh	<http://ids.clld.org/values/1-330-408-1>		<http://ids.clld.org/parameters/1-330>		<http://ids.clld.org/values/1-330-286-1>		"šuteremʔ"@pav	
"phaw.3"@kkh	<http://ids.clld.org/values/1-851-408-1>		<http://ids.clld.org/parameters/1-851>		<http://ids.clld.org/values/1-851-286-3>		"wiran"@pav	
"phaw.3"@kkh	<http://ids.clld.org/values/1-851-408-1>		<http://ids.clld.org/parameters/1-851>		<http://ids.clld.org/values/1-851-286-1>		"tom"@pav	
"phaw.3"@kkh	<http://ids.clld.org/values/1-851-408-1>		<http://ids.clld.org/parameters/1-851>		<http://ids.clld.org/values/1-851-286-5>		"karahoʔ"@pav	
"me:.1"@kkh	<http://ids.clld.org/values/2-320-408-1>		<http://ids.clld.org/parameters/2-320>		<http://ids.clld.org/values/2-320-286-1>		"mana"@pav	
"kwa:ŋ.6"@kkh	<http://ids.clld.org/values/12-610-408-1>		<http://ids.clld.org/parameters/12-610>		<http://ids.clld.org/values/12-610-286-1>		"kote ne kimain"@pav	
"khaw.3"@kkh	<http://ids.clld.org/values/2-930-408-3>		<http://ids.clld.org/parameters/2-930>		<http://ids.clld.org/values/2-930-286-1>		"ko maʔ"@pav	
"la:w.1"@kkh	<http://ids.clld.org/values/1-540-408-1>		<http://ids.clld.org/parameters/1-540>		<http://ids.clld.org/values/1-540-286-1>		"piyoʔ"@pav	
"pha:j.3"@kkh	<http://ids.clld.org/values/15-780-408-1>		<http://ids.clld.org/parameters/15-780>		<http://ids.clld.org/values/15-780-286-1>		"šaʔ"@pav	
"lo:ŋ.4"@kkh	<http://ids.clld.org/values/12-550-408-1>		<http://ids.clld.org/parameters/12-550>		<http://ids.clld.org/values/12-550-286-1>		"hwaraʔ"@pav	
"lo:ŋ.4"@kkh	<http://ids.clld.org/values/12-550-408-1>		<http://ids.clld.org/parameters/12-550>		<http://ids.clld.org/values/12-550-286-3>		"horon"@pav	
"baw.2 li:.1"@kkh	<http://ids.clld.org/values/5-125-408-3>		<http://ids.clld.org/parameters/5-125>		<http://ids.clld.org/values/5-125-286-1>		"šowuru"@pav	
"paw.2"@kkh	<http://ids.clld.org/values/10-380-408-1>		<http://ids.clld.org/parameters/10-380>		<http://ids.clld.org/values/10-380-286-3>		"hukoʔ"@pav	
"paw.2"@kkh	<http://ids.clld.org/values/10-380-408-1>		<http://ids.clld.org/parameters/10-380>		<http://ids.clld.org/values/10-380-286-1>		"hu"@pav	
"tsa:j.1"@kkh	<http://ids.clld.org/values/1-215-408-1>		<http://ids.clld.org/parameters/1-215>		<http://ids.clld.org/values/1-215-286-1>		"namayi"@pav	
"la:ŋ.5"@kkh	<http://ids.clld.org/values/9-360-408-1>		<http://ids.clld.org/parameters/9-360>		<http://ids.clld.org/values/9-360-286-3>		"toʔ"@pav	
"la:ŋ.5"@kkh	<http://ids.clld.org/values/9-360-408-1>		<http://ids.clld.org/parameters/9-360>		<http://ids.clld.org/values/9-360-286-1>		"hohok"@pav	
"naŋ.4"@kkh	<http://ids.clld.org/values/12-130-408-1>		<http://ids.clld.org/parameters/12-130>		<http://ids.clld.org/values/12-130-286-1>		"šaoʔ pe"@pav	
"naŋ.4"@kkh	<http://ids.clld.org/values/12-130-408-1>		<http://ids.clld.org/parameters/12-130>		<http://ids.clld.org/values/12-130-286-3>		"šaoʔ to"@pav	
"kon.1"@kkh	<http://ids.clld.org/values/2-100-408-3>		<http://ids.clld.org/parameters/2-100>		<http://ids.clld.org/values/2-100-286-1>		"wariʔ"@pav	
"pu:.4 ca:j.1"@kkh	<http://ids.clld.org/values/2-210-408-1>		<http://ids.clld.org/parameters/2-210>		<http://ids.clld.org/values/2-210-286-1>		"taramaʔ"@pav	
"mu:.2 caw.6"@kkh	<http://ids.clld.org/values/2-950-408-1>		<http://ids.clld.org/parameters/2-950>		<http://ids.clld.org/values/2-950-286-1>		"wahuʔ"@pav	
"bi:p.2"@kkh	<http://ids.clld.org/values/9-310-408-1>		<http://ids.clld.org/parameters/9-310>		<http://ids.clld.org/values/9-310-286-1>		"šik"@pav	
"mun.3"@kkh	<http://ids.clld.org/values/10-130-408-1>		<http://ids.clld.org/parameters/10-130>		<http://ids.clld.org/values/10-130-286-1>		"yami"@pav	
"baw.2 li:.1"@kkh	<http://ids.clld.org/values/16-720-408-1>		<http://ids.clld.org/parameters/16-720>		<http://ids.clld.org/values/16-720-286-1>		"kayi"@pav	
"sat.1"@kkh	<http://ids.clld.org/values/3-110-408-1>		<http://ids.clld.org/parameters/3-110>		<http://ids.clld.org/values/3-110-286-1>		"karawa"@pav	
"lə:n.1"@kkh	<http://ids.clld.org/values/1-530-408-1>		<http://ids.clld.org/parameters/1-530>		<http://ids.clld.org/values/1-530-286-1>		"panawoʔ"@pav	
"tat.1"@kkh	<http://ids.clld.org/values/9-220-408-1>		<http://ids.clld.org/parameters/9-220>		<http://ids.clld.org/values/9-220-286-7>		"nakarkamʔ"@pav	
"tat.1"@kkh	<http://ids.clld.org/values/9-220-408-1>		<http://ids.clld.org/parameters/9-220>		<http://ids.clld.org/values/9-220-286-3>		"wawak"@pav	
"tat.1"@kkh	<http://ids.clld.org/values/9-220-408-1>		<http://ids.clld.org/parameters/9-220>		<http://ids.clld.org/values/9-220-286-9>		"ta"@pav	
"tat.1"@kkh	<http://ids.clld.org/values/9-220-408-1>		<http://ids.clld.org/parameters/9-220>		<http://ids.clld.org/values/9-220-286-5>		"nakamʔ"@pav	
"tat.1"@kkh	<http://ids.clld.org/values/9-220-408-1>		<http://ids.clld.org/parameters/9-220>		<http://ids.clld.org/values/9-220-286-1>		"wak"@pav	
"kha:.3"@kkh	<http://ids.clld.org/values/4-350-408-1>		<http://ids.clld.org/parameters/4-350>		<http://ids.clld.org/values/4-350-286-1>		"pišiyašiʔ"@pav	
"kha:.3"@kkh	<http://ids.clld.org/values/4-350-408-1>		<http://ids.clld.org/parameters/4-350>		<http://ids.clld.org/values/4-350-286-3>		"kokošiʔ"@pav	
"khi:.6 taw.4"@kkh	<http://ids.clld.org/values/1-840-408-1>		<http://ids.clld.org/parameters/1-840>		<http://ids.clld.org/values/1-840-286-1>		"topakon"@pav	
"nɔ:n.1 lap.1"@kkh	<http://ids.clld.org/values/4-610-408-1>		<http://ids.clld.org/parameters/4-610>		<http://ids.clld.org/values/4-610-286-1>		"piʔam"@pav	
"tuk.5 tuk.5"@kkh	<http://ids.clld.org/values/13-140-408-3>		<http://ids.clld.org/parameters/13-140>		<http://ids.clld.org/values/13-140-286-1>		"šam"@pav	
"maj.5"@kkh	<http://ids.clld.org/values/1-430-408-1>		<http://ids.clld.org/parameters/1-430>		<http://ids.clld.org/values/1-430-286-1>		"pana"@pav	
"caw.6"@kkh	<http://ids.clld.org/values/2-920-408-1>		<http://ids.clld.org/parameters/2-920>		<http://ids.clld.org/values/2-920-286-1>		"wum"@pav	
"tɨk.1 sɨk.1"@kkh	<http://ids.clld.org/values/20-110-408-3>		<http://ids.clld.org/parameters/20-110>		<http://ids.clld.org/values/20-110-286-1>		"mišita"@pav	
"ba:ŋ.1"@kkh	<http://ids.clld.org/values/12-650-408-1>		<http://ids.clld.org/parameters/12-650>		<http://ids.clld.org/values/12-650-286-1>		"šašiʔ"@pav	
"hɛ:ŋ.6"@kkh	<http://ids.clld.org/values/15-840-408-1>		<http://ids.clld.org/parameters/15-840>		<http://ids.clld.org/values/15-840-286-1>		"kawainʔ"@pav	
"phaj.1"@kkh	<http://ids.clld.org/values/1-810-408-1>		<http://ids.clld.org/parameters/1-810>		<http://ids.clld.org/values/1-810-286-1>		"še"@pav	
"tɨ:t.4"@kkh	<http://ids.clld.org/values/9-330-408-1>		<http://ids.clld.org/parameters/9-330>		<http://ids.clld.org/values/9-330-286-1>		"kök"@pav	
"kan.5"@kkh	<http://ids.clld.org/values/9-343-408-3>		<http://ids.clld.org/parameters/9-343>		<http://ids.clld.org/values/9-343-286-1>		"humʔ"@pav	
"ta:.3 wan.1"@kkh	<http://ids.clld.org/values/1-520-408-1>		<http://ids.clld.org/parameters/1-520>		<http://ids.clld.org/values/1-520-286-1>		"šina"@pav	
"phɛn.2 lin.1"@kkh	<http://ids.clld.org/values/1-210-408-1>		<http://ids.clld.org/parameters/1-210>		<http://ids.clld.org/values/1-210-286-1>		"makanʔ"@pav	
"ha:j.5"@kkh	<http://ids.clld.org/values/16-720-408-3>		<http://ids.clld.org/parameters/16-720>		<http://ids.clld.org/values/16-720-286-1>		"kayi"@pav	
"lɔm.1 ha:j.3 caj.3"@kkh	<http://ids.clld.org/values/4-510-408-1>		<http://ids.clld.org/parameters/4-510>		<http://ids.clld.org/values/4-510-286-1>		"wereme"@pav	
"nə:.5 sat.1"@kkh	<http://ids.clld.org/values/5-610-408-1>		<http://ids.clld.org/parameters/5-610>		<http://ids.clld.org/values/5-610-286-1>		"karawa (karamayišiʔ)"@pav	
"ʔuj.3"@kkh	<http://ids.clld.org/values/4-410-408-3>		<http://ids.clld.org/parameters/4-410>		<http://ids.clld.org/values/4-410-286-1>		"karašišiʔ (katat)"@pav	
"jɨ:n.1"@kkh	<http://ids.clld.org/values/12-150-408-1>		<http://ids.clld.org/parameters/12-150>		<http://ids.clld.org/values/12-150-286-1>		"tekiʔ pe"@pav	
"jɨ:n.1"@kkh	<http://ids.clld.org/values/12-150-408-1>		<http://ids.clld.org/parameters/12-150>		<http://ids.clld.org/values/12-150-286-3>		"tekiʔ to"@pav	
"mu:.2 khaw.3"@kkh	<http://ids.clld.org/values/2-960-408-1>		<http://ids.clld.org/parameters/2-960>		<http://ids.clld.org/values/2-960-286-1>		"karam maʔ"@pav	
"si:.3 lɛ:ŋ.1"@kkh	<http://ids.clld.org/values/15-660-408-1>		<http://ids.clld.org/parameters/15-660>		<http://ids.clld.org/values/15-660-286-1>		"pakaʔ"@pav	
"laŋ.1"@kkh	<http://ids.clld.org/values/4-230-408-1>		<http://ids.clld.org/parameters/4-230>		<http://ids.clld.org/values/4-230-286-1>		"werešiʔ (ut)"@pav	
"lɔ:j.1"@kkh	<http://ids.clld.org/values/1-220-408-1>		<http://ids.clld.org/parameters/1-220>		<http://ids.clld.org/values/1-220-286-1>		"pakun"@pav	
"ta:ŋ.1 te:w.1 (ia ̃ e:)"@kkh	<http://ids.clld.org/values/10-720-408-1>		<http://ids.clld.org/parameters/10-720>		<http://ids.clld.org/values/10-720-286-1>		"wana (wanayišiʔ)"@pav	
"pa:.3"@kkh	<http://ids.clld.org/values/3-650-408-1>		<http://ids.clld.org/parameters/3-650>		<http://ids.clld.org/values/3-650-286-1>		"hwam (hwamišiʔ)"@pav	
"laj.4 thə:n.2"@kkh	<http://ids.clld.org/values/20-610-408-3>		<http://ids.clld.org/parameters/20-610>		<http://ids.clld.org/values/20-610-286-1>		"yiʔam"@pav	
"kɨt.5 sɔ:n.2"@kkh	<http://ids.clld.org/values/17-130-408-1>		<http://ids.clld.org/parameters/17-130>		<http://ids.clld.org/values/17-130-286-1>		"koromikat"@pav	
"xiaw.6"@kkh	<http://ids.clld.org/values/4-270-408-1>		<http://ids.clld.org/parameters/4-270>		<http://ids.clld.org/values/4-270-286-1>		"šišiʔ (yat)"@pav	
"nam.5"@kkh	<http://ids.clld.org/values/1-310-408-1>		<http://ids.clld.org/parameters/1-310>		<http://ids.clld.org/values/1-310-286-1>		"kom (komišiʔ)"@pav	
"pɔ:ŋ.1"@kkh	<http://ids.clld.org/values/4-853-408-1>		<http://ids.clld.org/parameters/4-853>		<http://ids.clld.org/values/4-853-286-1>		"mom"@pav	
"phɔ:ŋ.4"@kkh	<http://ids.clld.org/values/13-181-408-1>		<http://ids.clld.org/parameters/13-181>		<http://ids.clld.org/values/13-181-286-1>		"arakaʔ"@pav	
"ja:w.1"@kkh	<http://ids.clld.org/values/12-570-408-1>		<http://ids.clld.org/parameters/12-570>		<http://ids.clld.org/values/12-570-286-1>		"matam"@pav	
"jɔ:t.2"@kkh	<http://ids.clld.org/values/10-230-408-3>		<http://ids.clld.org/parameters/10-230>		<http://ids.clld.org/values/10-230-286-3>		"kamaraʔ"@pav	
"jɔ:t.2"@kkh	<http://ids.clld.org/values/10-230-408-3>		<http://ids.clld.org/parameters/10-230>		<http://ids.clld.org/values/10-230-286-1>		"panʔ"@pav	
"siw.2"@kkh	<http://ids.clld.org/values/9-223-408-3>		<http://ids.clld.org/parameters/9-223>		<http://ids.clld.org/values/9-223-286-1>		"šukunʔ"@pav	
"nɔ:n.3"@kkh	<http://ids.clld.org/values/3-840-408-1>		<http://ids.clld.org/parameters/3-840>		<http://ids.clld.org/values/3-840-286-1>		"meteʔ"@pav	
"haw.3 cɔ:p.4 ju:.2 ti:.4 lap.1 khɔŋ.3 khɔn.1"@kkh	<http://ids.clld.org/values/3-811-408-3>		<http://ids.clld.org/parameters/3-811>		<http://ids.clld.org/values/3-811-286-1>		"ioʔ"@pav	
"ta:j.3"@kkh	<http://ids.clld.org/values/4-750-408-1>		<http://ids.clld.org/parameters/4-750>		<http://ids.clld.org/values/4-750-286-3>		"konoʔ"@pav	
"ta:j.3"@kkh	<http://ids.clld.org/values/4-750-408-1>		<http://ids.clld.org/parameters/4-750>		<http://ids.clld.org/values/4-750-286-1>		"miʔ pin"@pav	
"ju:.5"@kkh	<http://ids.clld.org/values/10-670-408-1>		<http://ids.clld.org/parameters/10-670>		<http://ids.clld.org/values/10-670-286-1>		"yök"@pav	
"pi:k.2"@kkh	<http://ids.clld.org/values/4-392-408-1>		<http://ids.clld.org/parameters/4-392>		<http://ids.clld.org/values/4-392-286-1>		"tapaši"@pav	
"pi:.3"@kkh	<http://ids.clld.org/values/14-730-408-1>		<http://ids.clld.org/parameters/14-730>		<http://ids.clld.org/values/14-730-286-1>		"kawašiʔ"@pav	
"ʔu:.6 ca:.3"@kkh	<http://ids.clld.org/values/18-210-408-1>		<http://ids.clld.org/parameters/18-210>		<http://ids.clld.org/values/18-210-286-1>		"tomiʔ"@pav	
"pe:ŋ.1"@kkh	<http://ids.clld.org/values/15-770-408-1>		<http://ids.clld.org/parameters/15-770>		<http://ids.clld.org/values/15-770-286-1>		"topišik"@pav	
"lɔm.1"@kkh	<http://ids.clld.org/values/1-720-408-1>		<http://ids.clld.org/parameters/1-720>		<http://ids.clld.org/values/1-720-286-1>		"hotowa"@pav	
"ta:.3"@kkh	<http://ids.clld.org/values/4-210-408-1>		<http://ids.clld.org/parameters/4-210>		<http://ids.clld.org/values/4-210-286-1>		"tokošiʔ (tok)"@pav	
"xa:.6"@kkh	<http://ids.clld.org/values/2-910-408-1>		<http://ids.clld.org/parameters/2-910>		<http://ids.clld.org/values/2-910-286-1>		"wataʔ"@pav	
"pɔt.1"@kkh	<http://ids.clld.org/values/12-590-408-1>		<http://ids.clld.org/parameters/12-590>		<http://ids.clld.org/values/12-590-286-1>		"wiyimain"@pav	
"kin.3"@kkh	<http://ids.clld.org/values/5-110-408-1>		<http://ids.clld.org/parameters/5-110>		<http://ids.clld.org/values/5-110-286-1>		"kaoʔ"@pav	
"kin.3"@kkh	<http://ids.clld.org/values/5-110-408-1>		<http://ids.clld.org/parameters/5-110>		<http://ids.clld.org/values/5-110-286-3>		"kakakaoʔ"@pav	
"phɔn.3"@kkh	<http://ids.clld.org/values/1-750-408-1>		<http://ids.clld.org/parameters/1-750>		<http://ids.clld.org/values/1-750-286-1>		"šowiʔ"@pav	
"ma:k.2 maj.5"@kkh	<http://ids.clld.org/values/5-710-408-1>		<http://ids.clld.org/parameters/5-710>		<http://ids.clld.org/values/5-710-286-3>		"winain"@pav	
"ma:k.2 maj.5"@kkh	<http://ids.clld.org/values/5-710-408-1>		<http://ids.clld.org/parameters/5-710>		<http://ids.clld.org/values/5-710-286-1>		"memem"@pav	
"bit.1"@kkh	<http://ids.clld.org/values/9-343-408-5>		<http://ids.clld.org/parameters/9-343>		<http://ids.clld.org/values/9-343-286-1>		"humʔ"@pav	
"la:j.6"@kkh	<http://ids.clld.org/values/9-190-408-3>		<http://ids.clld.org/parameters/9-190>		<http://ids.clld.org/values/9-190-286-1>		"makon (makorišiʔ)"@pav	
"sɨ:.4"@kkh	<http://ids.clld.org/values/12-730-408-1>		<http://ids.clld.org/parameters/12-730>		<http://ids.clld.org/values/12-730-286-1>		"ka om šone ne"@pav	
"xɔn.1"@kkh	<http://ids.clld.org/values/2-100-408-1>		<http://ids.clld.org/parameters/2-100>		<http://ids.clld.org/values/2-100-286-1>		"wariʔ"@pav	
"mə:j.3"@kkh	<http://ids.clld.org/values/1-740-408-1>		<http://ids.clld.org/parameters/1-740>		<http://ids.clld.org/values/1-740-286-1>		"murukukuʔ"@pav	
"khwa:.3"@kkh	<http://ids.clld.org/values/12-410-408-1>		<http://ids.clld.org/parameters/12-410>		<http://ids.clld.org/values/12-410-286-1>		"irikwerešiʔ"@pav	
"hɨ:.6"@kkh	<http://ids.clld.org/values/11-210-408-1>		<http://ids.clld.org/parameters/11-210>		<http://ids.clld.org/values/11-210-286-1>		"miʔ"@pav	
"nak.1"@kkh	<http://ids.clld.org/values/15-810-408-1>		<http://ids.clld.org/parameters/15-810>		<http://ids.clld.org/values/15-810-286-3>		"taʔ man"@pav	
"nak.1"@kkh	<http://ids.clld.org/values/15-810-408-1>		<http://ids.clld.org/parameters/15-810>		<http://ids.clld.org/values/15-810-286-1>		"šite"@pav	
"nak.1"@kkh	<http://ids.clld.org/values/15-810-408-1>		<http://ids.clld.org/parameters/15-810>		<http://ids.clld.org/values/15-810-286-5>		"teʔ man"@pav	
"li:.1"@kkh	<http://ids.clld.org/values/16-710-408-1>		<http://ids.clld.org/parameters/16-710>		<http://ids.clld.org/values/16-710-286-1>		"awi"@pav	
"hɛ:ŋ.6 lɛ:ŋ.5"@kkh	<http://ids.clld.org/values/15-840-408-3>		<http://ids.clld.org/parameters/15-840>		<http://ids.clld.org/values/15-840-286-1>		"kawainʔ"@pav	
"jip.1 pha:.6"@kkh	<http://ids.clld.org/values/6-350-408-1>		<http://ids.clld.org/parameters/6-350>		<http://ids.clld.org/values/6-350-286-1>		"ok"@pav	
"khɔp.1"@kkh	<http://ids.clld.org/values/4-580-408-1>		<http://ids.clld.org/parameters/4-580>		<http://ids.clld.org/values/4-580-286-1>		"kio"@pav	
"nɔm.1"@kkh	<http://ids.clld.org/values/4-410-408-5>		<http://ids.clld.org/parameters/4-410>		<http://ids.clld.org/values/4-410-286-1>		"karašišiʔ (katat)"@pav	
"khaj.4 su:.6"@kkh	<http://ids.clld.org/values/16-250-408-1>		<http://ids.clld.org/parameters/16-250>		<http://ids.clld.org/values/16-250-286-1>		"tatamʔ"@pav	
"khaj.4 su:.6"@kkh	<http://ids.clld.org/values/16-250-408-1>		<http://ids.clld.org/parameters/16-250>		<http://ids.clld.org/values/16-250-286-3>		"katamʔ"@pav	
"kin.3"@kkh	<http://ids.clld.org/values/5-130-408-1>		<http://ids.clld.org/parameters/5-130>		<http://ids.clld.org/values/5-130-286-1>		"tok"@pav	
"kin.3"@kkh	<http://ids.clld.org/values/5-130-408-1>		<http://ids.clld.org/parameters/5-130>		<http://ids.clld.org/values/5-130-286-3>		"tototok"@pav	
"cɨ:.4"@kkh	<http://ids.clld.org/values/18-280-408-1>		<http://ids.clld.org/parameters/18-280>		<http://ids.clld.org/values/18-280-286-1>		"wišišiʔ (wit)"@pav	
"laj.3"@kkh	<http://ids.clld.org/values/10-320-408-1>		<http://ids.clld.org/parameters/10-320>		<http://ids.clld.org/values/10-320-286-3>		"weweweo"@pav	
"laj.3"@kkh	<http://ids.clld.org/values/10-320-408-1>		<http://ids.clld.org/parameters/10-320>		<http://ids.clld.org/values/10-320-286-1>		"weo"@pav	
"pho:.3"@kkh	<http://ids.clld.org/values/2-310-408-1>		<http://ids.clld.org/parameters/2-310>		<http://ids.clld.org/values/2-310-286-1>		"taši"@pav	
"tap.1"@kkh	<http://ids.clld.org/values/4-450-408-1>		<http://ids.clld.org/parameters/4-450>		<http://ids.clld.org/values/4-450-286-1>		"tarawanašiʔ (tarawan)"@pav	
"caj.3 lam.1"@kkh	<http://ids.clld.org/values/16-420-408-1>		<http://ids.clld.org/parameters/16-420>		<http://ids.clld.org/values/16-420-286-1>		"manaʔ"@pav	
"tɔn.6 maj.5"@kkh	<http://ids.clld.org/values/8-600-408-1>		<http://ids.clld.org/parameters/8-600>		<http://ids.clld.org/values/8-600-286-1>		"pana"@pav	
"si:.3 lə:ŋ.3"@kkh	<http://ids.clld.org/values/15-690-408-1>		<http://ids.clld.org/parameters/15-690>		<http://ids.clld.org/values/15-690-286-1>		"košik"@pav	
"pu:.4"@kkh	<http://ids.clld.org/values/2-230-408-1>		<http://ids.clld.org/parameters/2-230>		<http://ids.clld.org/values/2-230-286-1>		"taramaʔ"@pav	
"khat.1"@kkh	<http://ids.clld.org/values/9-310-408-3>		<http://ids.clld.org/parameters/9-310>		<http://ids.clld.org/values/9-310-286-1>		"šik"@pav	
"la.1-ʔɔn.2"@kkh	<http://ids.clld.org/values/2-270-408-1>		<http://ids.clld.org/parameters/2-270>		<http://ids.clld.org/values/2-270-286-1>		"piyeʔ"@pav	
"laj.6 jin.1"@kkh	<http://ids.clld.org/values/15-410-408-1>		<http://ids.clld.org/parameters/15-410>		<http://ids.clld.org/values/15-410-286-1>		"tarayu"@pav	
"piw.3"@kkh	<http://ids.clld.org/values/10-380-408-3>		<http://ids.clld.org/parameters/10-380>		<http://ids.clld.org/values/10-380-286-3>		"hukoʔ"@pav	
"piw.3"@kkh	<http://ids.clld.org/values/10-380-408-3>		<http://ids.clld.org/parameters/10-380>		<http://ids.clld.org/values/10-380-286-1>		"hu"@pav	
"pha.1 ʔa:.1-tit.5"@kkh	<http://ids.clld.org/values/1-520-408-3>		<http://ids.clld.org/parameters/1-520>		<http://ids.clld.org/values/1-520-286-1>		"šina"@pav	
"khɔ:.1"@kkh	<http://ids.clld.org/values/4-280-408-1>		<http://ids.clld.org/parameters/4-280>		<http://ids.clld.org/values/4-280-286-1>		"paramašiʔ"@pav	
"ka:ŋ.3 khɨ:n.1"@kkh	<http://ids.clld.org/values/14-420-408-1>		<http://ids.clld.org/parameters/14-420>		<http://ids.clld.org/values/14-420-286-1>		"šim"@pav	
"nap.5"@kkh	<http://ids.clld.org/values/13-107-408-1>		<http://ids.clld.org/parameters/13-107>		<http://ids.clld.org/values/13-107-286-1>		"piyimʔ"@pav	
"nam.5 ma.2-ha:.3-sa.2-mut.1"@kkh	<http://ids.clld.org/values/1-320-408-1>		<http://ids.clld.org/parameters/1-320>		<http://ids.clld.org/values/1-320-286-1>		"kote ne kom"@pav	
"tup.5"@kkh	<http://ids.clld.org/values/9-210-408-3>		<http://ids.clld.org/parameters/9-210>		<http://ids.clld.org/values/9-210-286-1>		"toʔ"@pav	
"tjɛm.3"@kkh	<http://ids.clld.org/values/13-210-408-1>		<http://ids.clld.org/parameters/13-210>		<http://ids.clld.org/values/13-210-286-5>		"maʔam"@pav	
"tjɛm.3"@kkh	<http://ids.clld.org/values/13-210-408-1>		<http://ids.clld.org/parameters/13-210>		<http://ids.clld.org/values/13-210-286-3>		"moromoinʔ"@pav	
"tjɛm.3"@kkh	<http://ids.clld.org/values/13-210-408-1>		<http://ids.clld.org/parameters/13-210>		<http://ids.clld.org/values/13-210-286-1>		"moinʔ"@pav	
"la:j.3"@kkh	<http://ids.clld.org/values/13-150-408-1>		<http://ids.clld.org/parameters/13-150>		<http://ids.clld.org/values/13-150-286-1>		"iriʔ miyo/ miya"@pav	
"ho:.3 caj.3"@kkh	<http://ids.clld.org/values/4-440-408-1>		<http://ids.clld.org/parameters/4-440>		<http://ids.clld.org/values/4-440-286-1>		"šimišiʔ (šim)"@pav	
"ho:.3"@kkh	<http://ids.clld.org/values/4-200-408-1>		<http://ids.clld.org/parameters/4-200>		<http://ids.clld.org/values/4-200-286-1>		"winašiʔ (wayiʔ)"@pav	
"hɔ:ŋ.5 phe:ŋ.1"@kkh	<http://ids.clld.org/values/18-120-408-1>		<http://ids.clld.org/parameters/18-120>		<http://ids.clld.org/values/18-120-286-1>		"kom"@pav	
"pɔ:.4"@kkh	<http://ids.clld.org/values/2-350-408-1>		<http://ids.clld.org/parameters/2-350>		<http://ids.clld.org/values/2-350-286-1>		"te"@pav	
"cim.1"@kkh	<http://ids.clld.org/values/5-160-408-3>		<http://ids.clld.org/parameters/5-160>		<http://ids.clld.org/values/5-160-286-1>		"šok"@pav	
"cim.1"@kkh	<http://ids.clld.org/values/5-160-408-3>		<http://ids.clld.org/parameters/5-160>		<http://ids.clld.org/values/5-160-286-3>		"šak"@pav	
"ha:k.4"@kkh	<http://ids.clld.org/values/8-540-408-1>		<http://ids.clld.org/parameters/8-540>		<http://ids.clld.org/values/8-540-286-1>		"kašimain"@pav	
"lɔ:j.1"@kkh	<http://ids.clld.org/values/10-340-408-1>		<http://ids.clld.org/parameters/10-340>		<http://ids.clld.org/values/10-340-286-1>		"ho"@pav	
"lɔ:j.1"@kkh	<http://ids.clld.org/values/10-340-408-1>		<http://ids.clld.org/parameters/10-340>		<http://ids.clld.org/values/10-340-286-3>		"horoho"@pav	
"bə:.3 ba:k.2"@kkh	<http://ids.clld.org/values/15-880-408-1>		<http://ids.clld.org/parameters/15-880>		<http://ids.clld.org/values/15-880-286-1>		"mišem"@pav	
"wɨt.5"@kkh	<http://ids.clld.org/values/10-250-408-1>		<http://ids.clld.org/parameters/10-250>		<http://ids.clld.org/values/10-250-286-3>		"wišikaoʔ"@pav	
"wɨt.5"@kkh	<http://ids.clld.org/values/10-250-408-1>		<http://ids.clld.org/parameters/10-250>		<http://ids.clld.org/values/10-250-286-1>		"šin"@pav	
"mɔn.1"@kkh	<http://ids.clld.org/values/12-810-408-1>		<http://ids.clld.org/parameters/12-810>		<http://ids.clld.org/values/12-810-286-1>		"monoʔo"@pav	
"khɔn.3"@kkh	<http://ids.clld.org/values/4-393-408-1>		<http://ids.clld.org/parameters/4-393>		<http://ids.clld.org/values/4-393-286-1>		"tenenein (šun)"@pav	
"man.1"@kkh	<http://ids.clld.org/values/2-930-408-1>		<http://ids.clld.org/parameters/2-930>		<http://ids.clld.org/values/2-930-286-1>		"ko maʔ"@pav	
"taŋ.1 mɔt.1"@kkh	<http://ids.clld.org/values/13-140-408-1>		<http://ids.clld.org/parameters/13-140>		<http://ids.clld.org/values/13-140-286-1>		"šam"@pav	
"saj.6"@kkh	<http://ids.clld.org/values/4-461-408-1>		<http://ids.clld.org/parameters/4-461>		<http://ids.clld.org/values/4-461-286-1>		"monošiʔ (mon)"@pav	
"haw.1"@kkh	<http://ids.clld.org/values/2-941-408-1>		<http://ids.clld.org/parameters/2-941>		<http://ids.clld.org/values/2-941-286-1>		"wariʔ"@pav	
"khɔn.5 ha:.3"@kkh	<http://ids.clld.org/values/11-310-408-1>		<http://ids.clld.org/parameters/11-310>		<http://ids.clld.org/values/11-310-286-1>		"noro"@pav	
"mɛ:.4 jiŋ.1"@kkh	<http://ids.clld.org/values/2-220-408-1>		<http://ids.clld.org/parameters/2-220>		<http://ids.clld.org/values/2-220-286-1>		"narimaʔ"@pav	
"lɛn.6"@kkh	<http://ids.clld.org/values/16-260-408-1>		<http://ids.clld.org/parameters/16-260>		<http://ids.clld.org/values/16-260-286-1>		"warayu"@pav	
"ha:ŋ.3"@kkh	<http://ids.clld.org/values/4-180-408-1>		<http://ids.clld.org/parameters/4-180>		<http://ids.clld.org/values/4-180-286-1>		"kahwerein"@pav	
"su:.6 kan.3"@kkh	<http://ids.clld.org/values/20-110-408-1>		<http://ids.clld.org/parameters/20-110>		<http://ids.clld.org/values/20-110-286-1>		"mišita"@pav	
"si:.3 khe:w.3"@kkh	<http://ids.clld.org/values/15-680-408-1>		<http://ids.clld.org/parameters/15-680>		<http://ids.clld.org/values/15-680-286-1>		"tb̃um"@pav	
"hin.3"@kkh	<http://ids.clld.org/values/1-440-408-1>		<http://ids.clld.org/parameters/1-440>		<http://ids.clld.org/values/1-440-286-1>		"pakun"@pav	
"baj.1 maj.5"@kkh	<http://ids.clld.org/values/8-560-408-1>		<http://ids.clld.org/parameters/8-560>		<http://ids.clld.org/values/8-560-286-1>		"tenenein"@pav	
"pha:.2"@kkh	<http://ids.clld.org/values/9-270-408-1>		<http://ids.clld.org/parameters/9-270>		<http://ids.clld.org/values/9-270-286-1>		"toʔ pahot"@pav	
"pha:.2"@kkh	<http://ids.clld.org/values/9-270-408-1>		<http://ids.clld.org/parameters/9-270>		<http://ids.clld.org/values/9-270-286-3>		"toʔ pahorohot"@pav	
"naw.4"@kkh	<http://ids.clld.org/values/5-125-408-1>		<http://ids.clld.org/parameters/5-125>		<http://ids.clld.org/values/5-125-286-1>		"šowuru"@pav	
"cap.1"@kkh	<http://ids.clld.org/values/11-150-408-1>		<http://ids.clld.org/parameters/11-150>		<http://ids.clld.org/values/11-150-286-1>		"kep"@pav	
"jaj.2"@kkh	<http://ids.clld.org/values/12-550-408-3>		<http://ids.clld.org/parameters/12-550>		<http://ids.clld.org/values/12-550-286-1>		"hwaraʔ"@pav	
"jaj.2"@kkh	<http://ids.clld.org/values/12-550-408-3>		<http://ids.clld.org/parameters/12-550>		<http://ids.clld.org/values/12-550-286-3>		"horon"@pav	
"sɔp.1"@kkh	<http://ids.clld.org/values/4-240-408-1>		<http://ids.clld.org/parameters/4-240>		<http://ids.clld.org/values/4-240-286-1>		"kapiyašiʔ (topak)"@pav	
"sɔ:j.1"@kkh	<http://ids.clld.org/values/9-220-408-3>		<http://ids.clld.org/parameters/9-220>		<http://ids.clld.org/values/9-220-286-7>		"nakarkamʔ"@pav	
"sɔ:j.1"@kkh	<http://ids.clld.org/values/9-220-408-3>		<http://ids.clld.org/parameters/9-220>		<http://ids.clld.org/values/9-220-286-3>		"wawak"@pav	
"sɔ:j.1"@kkh	<http://ids.clld.org/values/9-220-408-3>		<http://ids.clld.org/parameters/9-220>		<http://ids.clld.org/values/9-220-286-9>		"ta"@pav	
"sɔ:j.1"@kkh	<http://ids.clld.org/values/9-220-408-3>		<http://ids.clld.org/parameters/9-220>		<http://ids.clld.org/values/9-220-286-5>		"nakamʔ"@pav	
"sɔ:j.1"@kkh	<http://ids.clld.org/values/9-220-408-3>		<http://ids.clld.org/parameters/9-220>		<http://ids.clld.org/values/9-220-286-1>		"wak"@pav	
"pha.1-ri.1-ja:.1"@kkh	<http://ids.clld.org/values/2-320-408-3>		<http://ids.clld.org/parameters/2-320>		<http://ids.clld.org/values/2-320-286-1>		"mana"@pav	
"sa.1-ʔa:t.2"@kkh	<http://ids.clld.org/values/15-860-408-5>		<http://ids.clld.org/parameters/15-860>		<http://ids.clld.org/values/15-860-286-1>		"šio"@pav	
"sa.1-ʔa:t.2"@kkh	<http://ids.clld.org/values/15-860-408-5>		<http://ids.clld.org/parameters/15-860>		<http://ids.clld.org/values/15-860-286-3>		"kapinʔ"@pav	
"si:.3 lam.1"@kkh	<http://ids.clld.org/values/15-650-408-1>		<http://ids.clld.org/parameters/15-650>		<http://ids.clld.org/values/15-650-286-1>		"mišem"@pav	
"ʔun.6 lɛp.5 mɨ:.1"@kkh	<http://ids.clld.org/values/4-345-408-1>		<http://ids.clld.org/parameters/4-345>		<http://ids.clld.org/values/4-345-286-1>		"šikinain"@pav	
"na:.6 ʔɔk.1"@kkh	<http://ids.clld.org/values/4-410-408-1>		<http://ids.clld.org/parameters/4-410>		<http://ids.clld.org/values/4-410-286-1>		"karašišiʔ (katat)"@pav	
"nɔ:n.1"@kkh	<http://ids.clld.org/values/12-140-408-1>		<http://ids.clld.org/parameters/12-140>		<http://ids.clld.org/values/12-140-286-1>		"teremʔ"@pav	
"nɔ:n.1"@kkh	<http://ids.clld.org/values/12-140-408-1>		<http://ids.clld.org/parameters/12-140>		<http://ids.clld.org/values/12-140-286-3>		"tokoʔ"@pav	
"si:.3 kha:w.3"@kkh	<http://ids.clld.org/values/15-640-408-1>		<http://ids.clld.org/parameters/15-640>		<http://ids.clld.org/values/15-640-286-1>		"towoʔ"@pav	
"lə:t.4"@kkh	<http://ids.clld.org/values/4-150-408-1>		<http://ids.clld.org/parameters/4-150>		<http://ids.clld.org/values/4-150-286-1>		"kišiʔ (wik)"@pav	
"lin.5"@kkh	<http://ids.clld.org/values/4-260-408-1>		<http://ids.clld.org/parameters/4-260>		<http://ids.clld.org/values/4-260-286-1>		"petehwet nešiʔ (petehwet)"@pav	
"hoj.6"@kkh	<http://ids.clld.org/values/1-360-408-1>		<http://ids.clld.org/parameters/1-360>		<http://ids.clld.org/values/1-360-286-1>		"kom"@pav	
"ja:.6"@kkh	<http://ids.clld.org/values/8-510-408-1>		<http://ids.clld.org/parameters/8-510>		<http://ids.clld.org/values/8-510-286-1>		"tononoin"@pav	
"pha.1 can.3"@kkh	<http://ids.clld.org/values/1-530-408-3>		<http://ids.clld.org/parameters/1-530>		<http://ids.clld.org/values/1-530-286-1>		"panawoʔ"@pav	
"khut.1"@kkh	<http://ids.clld.org/values/8-220-408-1>		<http://ids.clld.org/parameters/8-220>		<http://ids.clld.org/values/8-220-286-1>		"še"@pav	
"khut.1"@kkh	<http://ids.clld.org/values/8-220-408-1>		<http://ids.clld.org/parameters/8-220>		<http://ids.clld.org/values/8-220-286-3>		"šikeʔ"@pav	
"cə:.5 phak.1"@kkh	<http://ids.clld.org/values/8-311-408-1>		<http://ids.clld.org/parameters/8-311>		<http://ids.clld.org/values/8-311-286-1>		"tokwi"@pav	
