"semence"@fr	<http://ids.clld.org/values/8-311-171-3>		<http://ids.clld.org/parameters/8-311>		<http://ids.clld.org/values/8-311-242-1>		"ahḳooḳbah"@mot	
"cousin/ cousine"@fr	<http://ids.clld.org/values/2-550-171-1>		<http://ids.clld.org/parameters/2-550>		<http://ids.clld.org/values/2-550-242-1>		"sāya sašī"@mot	
"cousin/ cousine"@fr	<http://ids.clld.org/values/2-550-171-1>		<http://ids.clld.org/parameters/2-550>		<http://ids.clld.org/values/2-550-242-3>		"sāya ša"@mot	
"lune"@fr	<http://ids.clld.org/values/1-530-171-1>		<http://ids.clld.org/parameters/1-530>		<http://ids.clld.org/values/1-530-242-1>		"čibaɨg"@mot	
"grenouille"@fr	<http://ids.clld.org/values/3-950-171-1>		<http://ids.clld.org/parameters/3-950>		<http://ids.clld.org/values/3-950-242-1>		"babā"@mot	
"juste"@fr	<http://ids.clld.org/values/16-730-171-1>		<http://ids.clld.org/parameters/16-730>		<http://ids.clld.org/values/16-730-242-1>		"ããkai"@mot	
"cru"@fr	<http://ids.clld.org/values/5-122-171-1>		<http://ids.clld.org/parameters/5-122>		<http://ids.clld.org/values/5-122-242-1>		"tagta"@mot	
"sang"@fr	<http://ids.clld.org/values/4-150-171-1>		<http://ids.clld.org/parameters/4-150>		<http://ids.clld.org/values/4-150-242-1>		"aabi"@mot	
"soif"@fr	<http://ids.clld.org/values/5-150-171-1>		<http://ids.clld.org/parameters/5-150>		<http://ids.clld.org/values/5-150-242-1>		"šimasara"@mot	
"frère"@fr	<http://ids.clld.org/values/2-440-171-1>		<http://ids.clld.org/parameters/2-440>		<http://ids.clld.org/values/2-440-242-1>		"asari"@mot	
"savon"@fr	<http://ids.clld.org/values/6-950-171-1>		<http://ids.clld.org/parameters/6-950>		<http://ids.clld.org/values/6-950-242-1>		"yadūiduibai"@mot	
"nez"@fr	<http://ids.clld.org/values/4-230-171-1>		<http://ids.clld.org/parameters/4-230>		<http://ids.clld.org/values/4-230-242-1>		"ḍiisa"@mot	
"guêpe"@fr	<http://ids.clld.org/values/3-823-171-1>		<http://ids.clld.org/parameters/3-823>		<http://ids.clld.org/values/3-823-242-1>		"bašinši"@mot	
"côte"@fr	<http://ids.clld.org/values/4-162-171-1>		<http://ids.clld.org/parameters/4-162>		<http://ids.clld.org/values/4-162-242-1>		"ačičinda"@mot	
"fille"@fr	<http://ids.clld.org/values/2-260-171-1>		<http://ids.clld.org/parameters/2-260>		<http://ids.clld.org/values/2-260-242-1>		"šia"@mot	
"aigle"@fr	<http://ids.clld.org/values/3-584-171-1>		<http://ids.clld.org/parameters/3-584>		<http://ids.clld.org/values/3-584-242-1>		"banko"@mot	
"bûches"@fr	<http://ids.clld.org/values/1-880-171-3>		<http://ids.clld.org/parameters/1-880>		<http://ids.clld.org/values/1-880-242-1>		"kaa"@mot	
"aile"@fr	<http://ids.clld.org/values/4-392-171-1>		<http://ids.clld.org/parameters/4-392>		<http://ids.clld.org/values/4-392-242-1>		"ãčĩĩ"@mot	
"dans"@fr	<http://ids.clld.org/values/12-50-171-1>		<http://ids.clld.org/parameters/12-50>		<http://ids.clld.org/values/12-50-242-1>		"-ro"@mot	
"(malau) ventre"@fr	<http://ids.clld.org/values/4-460-171-3>		<http://ids.clld.org/parameters/4-460>		<http://ids.clld.org/values/4-460-242-1>		"išii"@mot	
"(malau) ventre"@fr	<http://ids.clld.org/values/4-460-171-3>		<http://ids.clld.org/parameters/4-460>		<http://ids.clld.org/values/4-460-242-3>		"aišii"@mot	
"herbe"@fr	<http://ids.clld.org/values/8-510-171-1>		<http://ids.clld.org/parameters/8-510>		<http://ids.clld.org/values/8-510-242-1>		"ši"@mot	
"pied"@fr	<http://ids.clld.org/values/4-370-171-1>		<http://ids.clld.org/parameters/4-370>		<http://ids.clld.org/values/4-370-242-1>		"kihtuu"@mot	
"falaise"@fr	<http://ids.clld.org/values/1-222-171-1>		<http://ids.clld.org/parameters/1-222>		<http://ids.clld.org/values/1-222-242-1>		"angbarī"@mot	
"cheville"@fr	<http://ids.clld.org/values/4-371-171-1>		<http://ids.clld.org/parameters/4-371>		<http://ids.clld.org/values/4-371-242-1>		"kiokbā karikāa"@mot	
"cracher"@fr	<http://ids.clld.org/values/4-560-171-1>		<http://ids.clld.org/parameters/4-560>		<http://ids.clld.org/values/4-560-242-1>		"kurukduu"@mot	
"ouïes"@fr	<http://ids.clld.org/values/3-654-171-1>		<http://ids.clld.org/parameters/3-654>		<http://ids.clld.org/values/3-654-242-1>		"akohkōu"@mot	
"soeur de la mère"@fr	<http://ids.clld.org/values/2-521-171-1>		<http://ids.clld.org/parameters/2-521>		<http://ids.clld.org/values/2-521-242-1>		"abāma si"@mot	
"brûler"@fr	<http://ids.clld.org/values/1-851-171-1>		<http://ids.clld.org/parameters/1-851>		<http://ids.clld.org/values/1-851-242-1>		"dyoosaḳãn"@mot	
"bec"@fr	<http://ids.clld.org/values/4-241-171-1>		<http://ids.clld.org/parameters/4-241>		<http://ids.clld.org/values/4-241-242-1>		"arurū"@mot	
"beaucoup"@fr	<http://ids.clld.org/values/13-150-171-1>		<http://ids.clld.org/parameters/13-150>		<http://ids.clld.org/values/13-150-242-1>		"škikbeh"@mot	
"tête"@fr	<http://ids.clld.org/values/4-200-171-1>		<http://ids.clld.org/parameters/4-200>		<http://ids.clld.org/values/4-200-242-1>		"asaakbah"@mot	
"tête"@fr	<http://ids.clld.org/values/4-200-171-1>		<http://ids.clld.org/parameters/4-200>		<http://ids.clld.org/values/4-200-242-3>		"asaɨg"@mot	
"savoir"@fr	<http://ids.clld.org/values/17-170-171-1>		<http://ids.clld.org/parameters/17-170>		<http://ids.clld.org/values/17-170-242-1>		"kaama"@mot	
"chien"@fr	<http://ids.clld.org/values/3-610-171-1>		<http://ids.clld.org/parameters/3-610>		<http://ids.clld.org/values/3-610-242-1>		"ḍuraaba"@mot	
"né"@fr	<http://ids.clld.org/values/4-720-171-1>		<http://ids.clld.org/parameters/4-720>		<http://ids.clld.org/values/4-720-242-1>		"šo"@mot	
"neveu"@fr	<http://ids.clld.org/values/2-530-171-1>		<http://ids.clld.org/parameters/2-530>		<http://ids.clld.org/values/2-530-242-1>		"aši asašī"@mot	
"crâne"@fr	<http://ids.clld.org/values/4-202-171-1>		<http://ids.clld.org/parameters/4-202>		<http://ids.clld.org/values/4-202-242-1>		"sākba kalā"@mot	
"cheval"@fr	<http://ids.clld.org/values/3-410-171-1>		<http://ids.clld.org/parameters/3-410>		<http://ids.clld.org/values/3-410-242-1>		"buēragba"@mot	
"graisse"@fr	<http://ids.clld.org/values/5-791-171-1>		<http://ids.clld.org/parameters/5-791>		<http://ids.clld.org/values/5-791-242-1>		"ahtooto"@mot	
"là-haut"@fr	<http://ids.clld.org/values/12-80-171-5>		<http://ids.clld.org/parameters/12-80>		<http://ids.clld.org/values/12-80-242-1>		"baaduu"@mot	
"étoile"@fr	<http://ids.clld.org/values/1-540-171-1>		<http://ids.clld.org/parameters/1-540>		<http://ids.clld.org/values/1-540-242-1>		"tootubi"@mot	
"en bas"@fr	<http://ids.clld.org/values/12-30-171-1>		<http://ids.clld.org/parameters/12-30>		<http://ids.clld.org/values/12-30-242-1>		"roradi"@mot	
"boyaux"@fr	<http://ids.clld.org/values/4-461-171-3>		<http://ids.clld.org/parameters/4-461>		<http://ids.clld.org/values/4-461-242-1>		"aaiši"@mot	
"luciole"@fr	<http://ids.clld.org/values/3-910-171-3>		<http://ids.clld.org/parameters/3-910>		<http://ids.clld.org/values/3-910-242-1>		"bāādukdū"@mot	
"cochon"@fr	<http://ids.clld.org/values/3-350-171-3>		<http://ids.clld.org/parameters/3-350>		<http://ids.clld.org/values/3-350-242-1>		"bisao"@mot	
"trois"@fr	<http://ids.clld.org/values/13-30-171-1>		<http://ids.clld.org/parameters/13-30>		<http://ids.clld.org/values/13-30-242-3>		"bitentoḳou"@mot	
"trois"@fr	<http://ids.clld.org/values/13-30-171-1>		<http://ids.clld.org/parameters/13-30>		<http://ids.clld.org/values/13-30-242-1>		"tentoḳou"@mot	
"bandeau"@fr	<http://ids.clld.org/values/6-780-171-3>		<http://ids.clld.org/parameters/6-780>		<http://ids.clld.org/values/6-780-242-1>		"somene"@mot	
"soeur du père"@fr	<http://ids.clld.org/values/2-522-171-1>		<http://ids.clld.org/parameters/2-522>		<http://ids.clld.org/values/2-522-242-1>		"ataida si"@mot	
"vivre"@fr	<http://ids.clld.org/values/4-740-171-1>		<http://ids.clld.org/parameters/4-740>		<http://ids.clld.org/values/4-740-242-3>		"baɨgbari"@mot	
"vivre"@fr	<http://ids.clld.org/values/4-740-171-1>		<http://ids.clld.org/parameters/4-740>		<http://ids.clld.org/values/4-740-242-1>		"dobaɨgbari"@mot	
"mentir"@fr	<http://ids.clld.org/values/16-670-171-1>		<http://ids.clld.org/parameters/16-670>		<http://ids.clld.org/values/16-670-242-1>		"aakčirokwã"@mot	
"sous"@fr	<http://ids.clld.org/values/12-30-171-3>		<http://ids.clld.org/parameters/12-30>		<http://ids.clld.org/values/12-30-242-1>		"roradi"@mot	
"chapeau"@fr	<http://ids.clld.org/values/6-550-171-1>		<http://ids.clld.org/parameters/6-550>		<http://ids.clld.org/values/6-550-242-1>		"somene"@mot	
"jeune homme"@fr	<http://ids.clld.org/values/2-251-171-1>		<http://ids.clld.org/parameters/2-251>		<http://ids.clld.org/values/2-251-242-1>		"atdaku"@mot	
"voler"@fr	<http://ids.clld.org/values/10-370-171-1>		<http://ids.clld.org/parameters/10-370>		<http://ids.clld.org/values/10-370-242-1>		"boohboo oḳadyĩ"@mot	
"mille-pattes"@fr	<http://ids.clld.org/values/3-814-171-1>		<http://ids.clld.org/parameters/3-814>		<http://ids.clld.org/values/3-814-242-1>		"iširabana"@mot	
"cicatrice"@fr	<http://ids.clld.org/values/4-858-171-1>		<http://ids.clld.org/parameters/4-858>		<http://ids.clld.org/values/4-858-242-1>		"kahkā"@mot	
"tousser"@fr	<http://ids.clld.org/values/4-530-171-1>		<http://ids.clld.org/parameters/4-530>		<http://ids.clld.org/values/4-530-242-1>		"irohbāh"@mot	
"cascade"@fr	<http://ids.clld.org/values/1-390-171-3>		<http://ids.clld.org/parameters/1-390>		<http://ids.clld.org/values/1-390-242-1>		"bohgi baado ahgyitakani"@mot	
"boue"@fr	<http://ids.clld.org/values/1-214-171-1>		<http://ids.clld.org/parameters/1-214>		<http://ids.clld.org/values/1-214-242-1>		"barā"@mot	
"vert"@fr	<http://ids.clld.org/values/5-124-171-1>		<http://ids.clld.org/parameters/5-124>		<http://ids.clld.org/values/5-124-242-1>		"tahta"@mot	
"coton"@fr	<http://ids.clld.org/values/6-240-171-1>		<http://ids.clld.org/parameters/6-240>		<http://ids.clld.org/values/6-240-242-1>		"kalã"@mot	
"mulet"@fr	<http://ids.clld.org/values/3-470-171-1>		<http://ids.clld.org/parameters/3-470>		<http://ids.clld.org/values/3-470-242-1>		"bueragbā"@mot	
"pluie"@fr	<http://ids.clld.org/values/1-750-171-1>		<http://ids.clld.org/parameters/1-750>		<http://ids.clld.org/values/1-750-242-1>		"dihkaɨg"@mot	
"bouche"@fr	<http://ids.clld.org/values/4-240-171-1>		<http://ids.clld.org/parameters/4-240>		<http://ids.clld.org/values/4-240-242-1>		"kaḳšuu"@mot	
"rosée"@fr	<http://ids.clld.org/values/1-640-171-1>		<http://ids.clld.org/parameters/1-640>		<http://ids.clld.org/values/1-640-242-1>		"tubīkā"@mot	
"daim"@fr	<http://ids.clld.org/values/3-750-171-1>		<http://ids.clld.org/parameters/3-750>		<http://ids.clld.org/values/3-750-242-1>		"šadā́ikba"@mot	
"époux"@fr	<http://ids.clld.org/values/2-310-171-3>		<http://ids.clld.org/parameters/2-310>		<http://ids.clld.org/values/2-310-242-1>		"aataida"@mot	
"verluisant"@fr	<http://ids.clld.org/values/3-910-171-1>		<http://ids.clld.org/parameters/3-910>		<http://ids.clld.org/values/3-910-242-1>		"bāādukdū"@mot	
"oú?"@fr	<http://ids.clld.org/values/17-660-171-1>		<http://ids.clld.org/parameters/17-660>		<http://ids.clld.org/values/17-660-242-1>		"abããhã"@mot	
"escargot"@fr	<http://ids.clld.org/values/3-940-171-1>		<http://ids.clld.org/parameters/3-940>		<http://ids.clld.org/values/3-940-242-1>		"kiugtū"@mot	
"opossum"@fr	<http://ids.clld.org/values/3-622-171-1>		<http://ids.clld.org/parameters/3-622>		<http://ids.clld.org/values/3-622-242-1>		"kahkū"@mot	
"haleine"@fr	<http://ids.clld.org/values/4-510-171-3>		<http://ids.clld.org/parameters/4-510>		<http://ids.clld.org/values/4-510-242-1>		"bosobuku"@mot	
"tisser"@fr	<http://ids.clld.org/values/6-330-171-1>		<http://ids.clld.org/parameters/6-330>		<http://ids.clld.org/values/6-330-242-1>		"bakāni"@mot	
"s'asseoir"@fr	<http://ids.clld.org/values/12-130-171-1>		<http://ids.clld.org/parameters/12-130>		<http://ids.clld.org/values/12-130-242-1>		"kaani"@mot	
"rond"@fr	<http://ids.clld.org/values/12-810-171-1>		<http://ids.clld.org/parameters/12-810>		<http://ids.clld.org/values/12-810-242-1>		"biroorwai"@mot	
"brume"@fr	<http://ids.clld.org/values/1-740-171-1>		<http://ids.clld.org/parameters/1-740>		<http://ids.clld.org/values/1-740-242-1>		"boraaba"@mot	
"quand?"@fr	<http://ids.clld.org/values/17-650-171-1>		<http://ids.clld.org/parameters/17-650>		<http://ids.clld.org/values/17-650-242-1>		"aaibi"@mot	
"fleuve"@fr	<http://ids.clld.org/values/1-360-171-1>		<http://ids.clld.org/parameters/1-360>		<http://ids.clld.org/values/1-360-242-1>		"bohgī"@mot	
"frère/ soeur"@fr	<http://ids.clld.org/values/2-456-171-1>		<http://ids.clld.org/parameters/2-456>		<http://ids.clld.org/values/2-456-242-1>		"sagdooyī"@mot	
"tranchant"@fr	<http://ids.clld.org/values/15-780-171-1>		<http://ids.clld.org/parameters/15-780>		<http://ids.clld.org/values/15-780-242-1>		"ihkobaaini"@mot	
"laver"@fr	<http://ids.clld.org/values/9-360-171-1>		<http://ids.clld.org/parameters/9-360>		<http://ids.clld.org/values/9-360-242-1>		"dukan"@mot	
"couleuvre"@fr	<http://ids.clld.org/values/3-850-171-3>		<http://ids.clld.org/parameters/3-850>		<http://ids.clld.org/values/3-850-242-1>		"čiidu"@mot	
"mamelon"@fr	<http://ids.clld.org/values/4-412-171-1>		<http://ids.clld.org/parameters/4-412>		<http://ids.clld.org/values/4-412-242-1>		"tuu"@mot	
"ruisseau"@fr	<http://ids.clld.org/values/1-360-171-5>		<http://ids.clld.org/parameters/1-360>		<http://ids.clld.org/values/1-360-242-1>		"bohgī"@mot	
"sourcil"@fr	<http://ids.clld.org/values/4-212-171-1>		<http://ids.clld.org/parameters/4-212>		<http://ids.clld.org/values/4-212-242-1>		"māčibaa"@mot	
"pâturage"@fr	<http://ids.clld.org/values/3-160-171-1>		<http://ids.clld.org/parameters/3-160>		<http://ids.clld.org/values/3-160-242-1>		"dihdyi"@mot	
"être humain"@fr	<http://ids.clld.org/values/2-100-171-3>		<http://ids.clld.org/parameters/2-100>		<http://ids.clld.org/values/2-100-242-1>		"barī"@mot	
"femelle"@fr	<http://ids.clld.org/values/2-240-171-1>		<http://ids.clld.org/parameters/2-240>		<http://ids.clld.org/values/2-240-242-1>		"abama"@mot	
"robe de femme"@fr	<http://ids.clld.org/values/6-420-171-1>		<http://ids.clld.org/parameters/6-420>		<http://ids.clld.org/values/6-420-242-1>		"dukdū"@mot	
"habiter"@fr	<http://ids.clld.org/values/7-110-171-1>		<http://ids.clld.org/parameters/7-110>		<http://ids.clld.org/values/7-110-242-1>		"baadarī"@mot	
"terre"@fr	<http://ids.clld.org/values/1-212-171-1>		<http://ids.clld.org/parameters/1-212>		<http://ids.clld.org/values/1-212-242-1>		"ihtãã"@mot	
"poule"@fr	<http://ids.clld.org/values/3-540-171-1>		<http://ids.clld.org/parameters/3-540>		<http://ids.clld.org/values/3-540-242-1>		"kari"@mot	
"quoi?"@fr	<http://ids.clld.org/values/17-640-171-1>		<http://ids.clld.org/parameters/17-640>		<http://ids.clld.org/values/17-640-242-1>		"aybi"@mot	
"quoi?"@fr	<http://ids.clld.org/values/17-640-171-1>		<http://ids.clld.org/parameters/17-640>		<http://ids.clld.org/values/17-640-242-3>		"aybidou"@mot	
"montagne"@fr	<http://ids.clld.org/values/1-220-171-1>		<http://ids.clld.org/parameters/1-220>		<http://ids.clld.org/values/1-220-242-1>		"dyɨra"@mot	
"menton"@fr	<http://ids.clld.org/values/4-209-171-1>		<http://ids.clld.org/parameters/4-209>		<http://ids.clld.org/values/4-209-242-1>		"kakā adyi"@mot	
"escarpement"@fr	<http://ids.clld.org/values/1-222-171-3>		<http://ids.clld.org/parameters/1-222>		<http://ids.clld.org/values/1-222-242-1>		"angbarī"@mot	
"creuser"@fr	<http://ids.clld.org/values/8-220-171-1>		<http://ids.clld.org/parameters/8-220>		<http://ids.clld.org/values/8-220-242-1>		"okdyikããn"@mot	
"ruche"@fr	<http://ids.clld.org/values/3-822-171-1>		<http://ids.clld.org/parameters/3-822>		<http://ids.clld.org/values/3-822-242-1>		"burubī"@mot	
"cuire"@fr	<http://ids.clld.org/values/5-210-171-1>		<http://ids.clld.org/parameters/5-210>		<http://ids.clld.org/values/5-210-242-1>		"binasa"@mot	
"fils"@fr	<http://ids.clld.org/values/2-410-171-1>		<http://ids.clld.org/parameters/2-410>		<http://ids.clld.org/values/2-410-242-1>		"saši"@mot	
"ciel"@fr	<http://ids.clld.org/values/1-510-171-1>		<http://ids.clld.org/parameters/1-510>		<http://ids.clld.org/values/1-510-242-1>		"baḍũ"@mot	
"lit"@fr	<http://ids.clld.org/values/7-420-171-1>		<http://ids.clld.org/parameters/7-420>		<http://ids.clld.org/values/7-420-242-1>		"kagsãduoyī"@mot	
"peu"@fr	<http://ids.clld.org/values/13-170-171-1>		<http://ids.clld.org/parameters/13-170>		<http://ids.clld.org/values/13-170-242-1>		"kobahkaaĩ"@mot	
"se reposer"@fr	<http://ids.clld.org/values/4-912-171-1>		<http://ids.clld.org/parameters/4-912>		<http://ids.clld.org/values/4-912-242-1>		"onšikākna"@mot	
"nouveau"@fr	<http://ids.clld.org/values/14-130-171-1>		<http://ids.clld.org/parameters/14-130>		<http://ids.clld.org/values/14-130-242-1>		"oḳdo"@mot	
"ivre"@fr	<http://ids.clld.org/values/4-980-171-1>		<http://ids.clld.org/parameters/4-980>		<http://ids.clld.org/values/4-980-242-1>		"agsabitbari"@mot	
"poil"@fr	<http://ids.clld.org/values/4-144-171-1>		<http://ids.clld.org/parameters/4-144>		<http://ids.clld.org/values/4-144-242-1>		"kāači"@mot	
"disette"@fr	<http://ids.clld.org/values/5-141-171-3>		<http://ids.clld.org/parameters/5-141>		<http://ids.clld.org/values/5-141-242-1>		"išīdobeši"@mot	
"fourmi"@fr	<http://ids.clld.org/values/3-817-171-1>		<http://ids.clld.org/parameters/3-817>		<http://ids.clld.org/values/3-817-242-1>		"kumaā"@mot	
"famille"@fr	<http://ids.clld.org/values/2-820-171-1>		<http://ids.clld.org/parameters/2-820>		<http://ids.clld.org/values/2-820-242-1>		"sadooyī"@mot	
"marcher"@fr	<http://ids.clld.org/values/10-450-171-1>		<http://ids.clld.org/parameters/10-450>		<http://ids.clld.org/values/10-450-242-1>		"nyũ"@mot	
"nager"@fr	<http://ids.clld.org/values/10-350-171-1>		<http://ids.clld.org/parameters/10-350>		<http://ids.clld.org/values/10-350-242-1>		"arubisaḳããng"@mot	
"frapper"@fr	<http://ids.clld.org/values/9-210-171-1>		<http://ids.clld.org/parameters/9-210>		<http://ids.clld.org/values/9-210-242-1>		"dõõ"@mot	
"frapper"@fr	<http://ids.clld.org/values/9-210-171-1>		<http://ids.clld.org/parameters/9-210>		<http://ids.clld.org/values/9-210-242-3>		"buukši (?)"@mot	
"col"@fr	<http://ids.clld.org/values/6-450-171-1>		<http://ids.clld.org/parameters/6-450>		<http://ids.clld.org/values/6-450-242-1>		"karāši"@mot	
"moustique"@fr	<http://ids.clld.org/values/3-832-171-1>		<http://ids.clld.org/parameters/3-832>		<http://ids.clld.org/values/3-832-242-1>		"iširigbi"@mot	
"araignée"@fr	<http://ids.clld.org/values/3-818-171-1>		<http://ids.clld.org/parameters/3-818>		<http://ids.clld.org/values/3-818-242-1>		"sōhsõ"@mot	
"couverture"@fr	<http://ids.clld.org/values/7-422-171-1>		<http://ids.clld.org/parameters/7-422>		<http://ids.clld.org/values/7-422-242-1>		"šanšān"@mot	
"dormir"@fr	<http://ids.clld.org/values/4-610-171-1>		<http://ids.clld.org/parameters/4-610>		<http://ids.clld.org/values/4-610-242-3>		"ooškɨkʔ"@mot	
"dormir"@fr	<http://ids.clld.org/values/4-610-171-1>		<http://ids.clld.org/parameters/4-610>		<http://ids.clld.org/values/4-610-242-1>		"kabukãng"@mot	
"vomir"@fr	<http://ids.clld.org/values/4-570-171-1>		<http://ids.clld.org/parameters/4-570>		<http://ids.clld.org/values/4-570-242-1>		"boɨgsɨ"@mot	
"belle-fille"@fr	<http://ids.clld.org/values/2-640-171-3>		<http://ids.clld.org/parameters/2-640>		<http://ids.clld.org/values/2-640-242-1>		"inatdakū ašī"@mot	
"testicule"@fr	<http://ids.clld.org/values/4-490-171-1>		<http://ids.clld.org/parameters/4-490>		<http://ids.clld.org/values/4-490-242-1>		"ok'bā"@mot	
"brouillard"@fr	<http://ids.clld.org/values/1-740-171-3>		<http://ids.clld.org/parameters/1-740>		<http://ids.clld.org/values/1-740-242-1>		"boraaba"@mot	
"malade"@fr	<http://ids.clld.org/values/4-840-171-1>		<http://ids.clld.org/parameters/4-840>		<http://ids.clld.org/values/4-840-242-1>		"sašini"@mot	
"vous"@fr	<http://ids.clld.org/values/2-920-171-3>		<http://ids.clld.org/parameters/2-920>		<http://ids.clld.org/values/2-920-242-1>		"bai"@mot	
"cinq"@fr	<http://ids.clld.org/values/13-50-171-1>		<http://ids.clld.org/parameters/13-50>		<http://ids.clld.org/values/13-50-242-1>		"aḳdu inški"@mot	
"frotter"@fr	<http://ids.clld.org/values/9-310-171-1>		<http://ids.clld.org/parameters/9-310>		<http://ids.clld.org/values/9-310-242-1>		"dyuug-dyug"@mot	
"queue"@fr	<http://ids.clld.org/values/4-180-171-1>		<http://ids.clld.org/parameters/4-180>		<http://ids.clld.org/values/4-180-242-1>		"arihku"@mot	
"le gras"@fr	<http://ids.clld.org/values/5-791-171-3>		<http://ids.clld.org/parameters/5-791>		<http://ids.clld.org/values/5-791-242-1>		"ahtooto"@mot	
"tous"@fr	<http://ids.clld.org/values/13-140-171-3>		<http://ids.clld.org/parameters/13-140>		<http://ids.clld.org/values/13-140-242-1>		"ĩĩški"@mot	
"alène"@fr	<http://ids.clld.org/values/6-370-171-1>		<http://ids.clld.org/parameters/6-370>		<http://ids.clld.org/values/6-370-242-1>		"ihbaĩkaddū"@mot	
"belle-mère"@fr	<http://ids.clld.org/values/2-621-171-1>		<http://ids.clld.org/parameters/2-621>		<http://ids.clld.org/values/2-621-242-1>		"ašība"@mot	
"chanter"@fr	<http://ids.clld.org/values/18-120-171-1>		<http://ids.clld.org/parameters/18-120>		<http://ids.clld.org/values/18-120-242-1>		"čibaa"@mot	
"peur"@fr	<http://ids.clld.org/values/16-530-171-1>		<http://ids.clld.org/parameters/16-530>		<http://ids.clld.org/values/16-530-242-1>		"doḳtosõn"@mot	
"vert"@fr	<http://ids.clld.org/values/15-680-171-1>		<http://ids.clld.org/parameters/15-680>		<http://ids.clld.org/values/15-680-242-1>		"bireikara"@mot	
"feuille"@fr	<http://ids.clld.org/values/8-560-171-1>		<http://ids.clld.org/parameters/8-560>		<http://ids.clld.org/values/8-560-242-1>		"ahḳaadu"@mot	
"fesses"@fr	<http://ids.clld.org/values/4-464-171-1>		<http://ids.clld.org/parameters/4-464>		<http://ids.clld.org/values/4-464-242-1>		"ahtūu"@mot	
"renard"@fr	<http://ids.clld.org/values/3-740-171-1>		<http://ids.clld.org/parameters/3-740>		<http://ids.clld.org/values/3-740-242-1>		"yaurāba"@mot	
"dent"@fr	<http://ids.clld.org/values/4-270-171-1>		<http://ids.clld.org/parameters/4-270>		<http://ids.clld.org/values/4-270-242-1>		"ḍuḍu"@mot	
"marais"@fr	<http://ids.clld.org/values/1-380-171-1>		<http://ids.clld.org/parameters/1-380>		<http://ids.clld.org/values/1-380-242-1>		"barona"@mot	
"miroir"@fr	<http://ids.clld.org/values/6-960-171-1>		<http://ids.clld.org/parameters/6-960>		<http://ids.clld.org/values/6-960-242-1>		"oyabiyīyi"@mot	
"mariage"@fr	<http://ids.clld.org/values/2-340-171-1>		<http://ids.clld.org/parameters/2-340>		<http://ids.clld.org/values/2-340-242-1>		"kayākba"@mot	
"déféquer"@fr	<http://ids.clld.org/values/4-660-171-1>		<http://ids.clld.org/parameters/4-660>		<http://ids.clld.org/values/4-660-242-1>		"ahtū"@mot	
"paume"@fr	<http://ids.clld.org/values/4-331-171-1>		<http://ids.clld.org/parameters/4-331>		<http://ids.clld.org/values/4-331-242-1>		"aḳduu būgda"@mot	
"beau-père"@fr	<http://ids.clld.org/values/2-710-171-1>		<http://ids.clld.org/parameters/2-710>		<http://ids.clld.org/values/2-710-242-1>		"kwaimai"@mot	
"poteau"@fr	<http://ids.clld.org/values/7-560-171-1>		<http://ids.clld.org/parameters/7-560>		<http://ids.clld.org/values/7-560-242-1>		"kakbaibai"@mot	
"couronne"@fr	<http://ids.clld.org/values/6-780-171-1>		<http://ids.clld.org/parameters/6-780>		<http://ids.clld.org/values/6-780-242-1>		"somene"@mot	
"charbon de bois"@fr	<http://ids.clld.org/values/1-890-171-1>		<http://ids.clld.org/parameters/1-890>		<http://ids.clld.org/values/1-890-242-1>		"ikogbah"@mot	
"enceinte"@fr	<http://ids.clld.org/values/4-730-171-1>		<http://ids.clld.org/parameters/4-730>		<http://ids.clld.org/values/4-730-242-1>		"bugdama"@mot	
"crasseux"@fr	<http://ids.clld.org/values/15-880-171-3>		<http://ids.clld.org/parameters/15-880>		<http://ids.clld.org/values/15-880-242-1>		"baidaani"@mot	
"corne"@fr	<http://ids.clld.org/values/4-170-171-1>		<http://ids.clld.org/parameters/4-170>		<http://ids.clld.org/values/4-170-242-1>		"abuiroḳdo"@mot	
"corne"@fr	<http://ids.clld.org/values/4-170-171-1>		<http://ids.clld.org/parameters/4-170>		<http://ids.clld.org/values/4-170-242-3>		"ačikbi"@mot	
"cire"@fr	<http://ids.clld.org/values/3-821-171-1>		<http://ids.clld.org/parameters/3-821>		<http://ids.clld.org/values/3-821-242-1>		"arōhkogbā"@mot	
"coquillage"@fr	<http://ids.clld.org/values/3-655-171-3>		<http://ids.clld.org/parameters/3-655>		<http://ids.clld.org/values/3-655-242-1>		"āškūu"@mot	
"femme"@fr	<http://ids.clld.org/values/2-220-171-1>		<http://ids.clld.org/parameters/2-220>		<http://ids.clld.org/values/2-220-242-1>		"byoo"@mot	
"macher"@fr	<http://ids.clld.org/values/5-180-171-3>		<http://ids.clld.org/parameters/5-180>		<http://ids.clld.org/values/5-180-242-1>		"kõõ"@mot	
"lézard"@fr	<http://ids.clld.org/values/3-960-171-1>		<http://ids.clld.org/parameters/3-960>		<http://ids.clld.org/values/3-960-242-1>		"bačkere"@mot	
"ver de terre"@fr	<http://ids.clld.org/values/3-840-171-1>		<http://ids.clld.org/parameters/3-840>		<http://ids.clld.org/values/3-840-242-1>		"iširabaa"@mot	
"démangeaison"@fr	<http://ids.clld.org/values/4-854-171-1>		<http://ids.clld.org/parameters/4-854>		<http://ids.clld.org/values/4-854-242-1>		"alošīni"@mot	
"femme mariée"@fr	<http://ids.clld.org/values/2-390-171-1>		<http://ids.clld.org/parameters/2-390>		<http://ids.clld.org/values/2-390-242-1>		"byoo"@mot	
"colline"@fr	<http://ids.clld.org/values/1-220-171-3>		<http://ids.clld.org/parameters/1-220>		<http://ids.clld.org/values/1-220-242-1>		"dyɨra"@mot	
"épouse"@fr	<http://ids.clld.org/values/2-320-171-3>		<http://ids.clld.org/parameters/2-320>		<http://ids.clld.org/values/2-320-242-1>		"a-byoo-bai"@mot	
"essuyer"@fr	<http://ids.clld.org/values/9-310-171-3>		<http://ids.clld.org/parameters/9-310>		<http://ids.clld.org/values/9-310-242-1>		"dyuug-dyug"@mot	
"pouce"@fr	<http://ids.clld.org/values/4-342-171-1>		<http://ids.clld.org/parameters/4-342>		<http://ids.clld.org/values/4-342-242-1>		"abi kiokbā"@mot	
"grand"@fr	<http://ids.clld.org/values/12-580-171-1>		<http://ids.clld.org/parameters/12-580>		<http://ids.clld.org/values/12-580-242-1>		"aḳbakɨ"@mot	
"animal"@fr	<http://ids.clld.org/values/3-110-171-1>		<http://ids.clld.org/parameters/3-110>		<http://ids.clld.org/values/3-110-242-1>		"rugčī"@mot	
"paresseux"@fr	<http://ids.clld.org/values/4-920-171-1>		<http://ids.clld.org/parameters/4-920>		<http://ids.clld.org/values/4-920-242-1>		"aktarã"@mot	
"épais"@fr	<http://ids.clld.org/values/12-630-171-1>		<http://ids.clld.org/parameters/12-630>		<http://ids.clld.org/values/12-630-242-1>		"aabi"@mot	
"sourd"@fr	<http://ids.clld.org/values/4-950-171-1>		<http://ids.clld.org/parameters/4-950>		<http://ids.clld.org/values/4-950-242-1>		"kokčikai"@mot	
"coude"@fr	<http://ids.clld.org/values/4-320-171-1>		<http://ids.clld.org/parameters/4-320>		<http://ids.clld.org/values/4-320-242-1>		"obāā"@mot	
"aveugle"@fr	<http://ids.clld.org/values/4-970-171-1>		<http://ids.clld.org/parameters/4-970>		<http://ids.clld.org/values/4-970-242-1>		"škakyūbigbari"@mot	
"père"@fr	<http://ids.clld.org/values/2-350-171-1>		<http://ids.clld.org/parameters/2-350>		<http://ids.clld.org/values/2-350-242-1>		"aataida"@mot	
"nom"@fr	<http://ids.clld.org/values/18-280-171-1>		<http://ids.clld.org/parameters/18-280>		<http://ids.clld.org/values/18-280-242-1>		"aa"@mot	
"piquet"@fr	<http://ids.clld.org/values/7-560-171-3>		<http://ids.clld.org/parameters/7-560>		<http://ids.clld.org/values/7-560-242-1>		"kakbaibai"@mot	
"derrière"@fr	<http://ids.clld.org/values/4-464-171-3>		<http://ids.clld.org/parameters/4-464>		<http://ids.clld.org/values/4-464-242-1>		"ahtūu"@mot	
"oiseau"@fr	<http://ids.clld.org/values/3-581-171-1>		<http://ids.clld.org/parameters/3-581>		<http://ids.clld.org/values/3-581-242-1>		"daarikbi"@mot	
"canard"@fr	<http://ids.clld.org/values/3-570-171-1>		<http://ids.clld.org/parameters/3-570>		<http://ids.clld.org/values/3-570-242-1>		"bakbā"@mot	
"se tenir debout"@fr	<http://ids.clld.org/values/12-150-171-1>		<http://ids.clld.org/parameters/12-150>		<http://ids.clld.org/values/12-150-242-1>		"bikigbisaa"@mot	
"couler"@fr	<http://ids.clld.org/values/10-320-171-1>		<http://ids.clld.org/parameters/10-320>		<http://ids.clld.org/values/10-320-242-1>		"širurũ otaḳbari"@mot	
"éteindre"@fr	<http://ids.clld.org/values/1-861-171-1>		<http://ids.clld.org/parameters/1-861>		<http://ids.clld.org/values/1-861-242-1>		"sirasāini"@mot	
"tomber"@fr	<http://ids.clld.org/values/10-230-171-1>		<http://ids.clld.org/parameters/10-230>		<http://ids.clld.org/values/10-230-242-1>		"baɨgkirakbã"@mot	
"mort"@fr	<http://ids.clld.org/values/4-750-171-3>		<http://ids.clld.org/parameters/4-750>		<http://ids.clld.org/values/4-750-242-1>		"širɨ̃ aḳbaikãng"@mot	
"épouser"@fr	<http://ids.clld.org/values/2-330-171-3>		<http://ids.clld.org/parameters/2-330>		<http://ids.clld.org/values/2-330-242-1>		"bio kayākba"@mot	
"fil"@fr	<http://ids.clld.org/values/6-380-171-1>		<http://ids.clld.org/parameters/6-380>		<http://ids.clld.org/values/6-380-242-1>		"kalāana"@mot	
"droit"@fr	<http://ids.clld.org/values/12-730-171-1>		<http://ids.clld.org/parameters/12-730>		<http://ids.clld.org/values/12-730-242-1>		"biiki"@mot	
"nuage"@fr	<http://ids.clld.org/values/1-730-171-1>		<http://ids.clld.org/parameters/1-730>		<http://ids.clld.org/values/1-730-242-1>		"nindihkɨ"@mot	
"nous"@fr	<http://ids.clld.org/values/2-940-171-1>		<http://ids.clld.org/parameters/2-940>		<http://ids.clld.org/values/2-940-242-1>		"čyiidyi"@mot	
"enfant"@fr	<http://ids.clld.org/values/2-270-171-1>		<http://ids.clld.org/parameters/2-270>		<http://ids.clld.org/values/2-270-242-1>		"asaaši"@mot	
"soeur"@fr	<http://ids.clld.org/values/2-450-171-1>		<http://ids.clld.org/parameters/2-450>		<http://ids.clld.org/values/2-450-242-1>		"aša"@mot	
"viande"@fr	<http://ids.clld.org/values/5-610-171-1>		<http://ids.clld.org/parameters/5-610>		<http://ids.clld.org/values/5-610-242-1>		"aaidyi"@mot	
"enfant"@fr	<http://ids.clld.org/values/2-280-171-1>		<http://ids.clld.org/parameters/2-280>		<http://ids.clld.org/values/2-280-242-1>		"bahkuī"@mot	
"garçon"@fr	<http://ids.clld.org/values/2-250-171-1>		<http://ids.clld.org/parameters/2-250>		<http://ids.clld.org/values/2-250-242-1>		"saaši"@mot	
"éternuer"@fr	<http://ids.clld.org/values/4-540-171-1>		<http://ids.clld.org/parameters/4-540>		<http://ids.clld.org/values/4-540-242-1>		"ahtrušū"@mot	
"voir"@fr	<http://ids.clld.org/values/15-510-171-1>		<http://ids.clld.org/parameters/15-510>		<http://ids.clld.org/values/15-510-242-1>		"maadyi"@mot	
"se marier"@fr	<http://ids.clld.org/values/2-330-171-1>		<http://ids.clld.org/parameters/2-330>		<http://ids.clld.org/values/2-330-242-1>		"bio kayākba"@mot	
"foudre"@fr	<http://ids.clld.org/values/1-570-171-1>		<http://ids.clld.org/parameters/1-570>		<http://ids.clld.org/values/1-570-242-1>		"yibahdu"@mot	
"vie"@fr	<http://ids.clld.org/values/4-740-171-5>		<http://ids.clld.org/parameters/4-740>		<http://ids.clld.org/values/4-740-242-3>		"baɨgbari"@mot	
"vie"@fr	<http://ids.clld.org/values/4-740-171-5>		<http://ids.clld.org/parameters/4-740>		<http://ids.clld.org/values/4-740-242-1>		"dobaɨgbari"@mot	
"visage"@fr	<http://ids.clld.org/values/4-204-171-1>		<http://ids.clld.org/parameters/4-204>		<http://ids.clld.org/values/4-204-242-1>		"lokbā"@mot	
"mâle"@fr	<http://ids.clld.org/values/2-230-171-1>		<http://ids.clld.org/parameters/2-230>		<http://ids.clld.org/values/2-230-242-1>		"ataida"@mot	
"vous"@fr	<http://ids.clld.org/values/2-950-171-1>		<http://ids.clld.org/parameters/2-950>		<http://ids.clld.org/values/2-950-242-1>		"bidyi"@mot	
"lèvre"@fr	<http://ids.clld.org/values/4-250-171-1>		<http://ids.clld.org/parameters/4-250>		<http://ids.clld.org/values/4-250-242-1>		"kaḳšu"@mot	
"colombe"@fr	<http://ids.clld.org/values/3-594-171-1>		<http://ids.clld.org/parameters/3-594>		<http://ids.clld.org/values/3-594-242-1>		"šibou"@mot	
"mère"@fr	<http://ids.clld.org/values/2-360-171-1>		<http://ids.clld.org/parameters/2-360>		<http://ids.clld.org/values/2-360-242-1>		"abaama"@mot	
"oeuf"@fr	<http://ids.clld.org/values/5-970-171-1>		<http://ids.clld.org/parameters/5-970>		<http://ids.clld.org/values/5-970-242-1>		"ãã"@mot	
"verglas"@fr	<http://ids.clld.org/values/1-770-171-3>		<http://ids.clld.org/parameters/1-770>		<http://ids.clld.org/values/1-770-242-1>		"sasaung-šiima"@mot	
"droite"@fr	<http://ids.clld.org/values/12-410-171-1>		<http://ids.clld.org/parameters/12-410>		<http://ids.clld.org/values/12-410-242-1>		"ããkai"@mot	
"singe"@fr	<http://ids.clld.org/values/3-760-171-1>		<http://ids.clld.org/parameters/3-760>		<http://ids.clld.org/values/3-760-242-1>		"baraši"@mot	
"je"@fr	<http://ids.clld.org/values/2-910-171-1>		<http://ids.clld.org/parameters/2-910>		<http://ids.clld.org/values/2-910-242-1>		"nãi"@mot	
"grand-mère"@fr	<http://ids.clld.org/values/2-470-171-1>		<http://ids.clld.org/parameters/2-470>		<http://ids.clld.org/values/2-470-242-1>		"ašiabāma"@mot	
"faire l'amour"@fr	<http://ids.clld.org/values/4-670-171-1>		<http://ids.clld.org/parameters/4-670>		<http://ids.clld.org/values/4-670-242-1>		"šikbā dikaina"@mot	
"lagune"@fr	<http://ids.clld.org/values/1-341-171-1>		<http://ids.clld.org/parameters/1-341>		<http://ids.clld.org/values/1-341-242-1>		"baḍõ"@mot	
"miel"@fr	<http://ids.clld.org/values/5-840-171-1>		<http://ids.clld.org/parameters/5-840>		<http://ids.clld.org/values/5-840-242-1>		"čiriba"@mot	
"genou"@fr	<http://ids.clld.org/values/4-360-171-1>		<http://ids.clld.org/parameters/4-360>		<http://ids.clld.org/values/4-360-242-1>		"obãã"@mot	
"écaille"@fr	<http://ids.clld.org/values/3-653-171-1>		<http://ids.clld.org/parameters/3-653>		<http://ids.clld.org/values/3-653-242-1>		"ataktā"@mot	
"se baigner"@fr	<http://ids.clld.org/values/4-690-171-1>		<http://ids.clld.org/parameters/4-690>		<http://ids.clld.org/values/4-690-242-1>		"aobēēbe"@mot	
"plein"@fr	<http://ids.clld.org/values/13-210-171-1>		<http://ids.clld.org/parameters/13-210>		<http://ids.clld.org/values/13-210-242-1>		"booḳbarik"@mot	
"bailler"@fr	<http://ids.clld.org/values/4-520-171-1>		<http://ids.clld.org/parameters/4-520>		<http://ids.clld.org/values/4-520-242-1>		"kabah agaksakei"@mot	
"mur"@fr	<http://ids.clld.org/values/7-270-171-1>		<http://ids.clld.org/parameters/7-270>		<http://ids.clld.org/values/7-270-242-1>		"kakabubumai"@mot	
"cuisse"@fr	<http://ids.clld.org/values/4-351-171-1>		<http://ids.clld.org/parameters/4-351>		<http://ids.clld.org/values/4-351-242-1>		"bibīī"@mot	
"âne"@fr	<http://ids.clld.org/values/3-460-171-1>		<http://ids.clld.org/parameters/3-460>		<http://ids.clld.org/values/3-460-242-3>		"sokuā"@mot	
"âne"@fr	<http://ids.clld.org/values/3-460-171-1>		<http://ids.clld.org/parameters/3-460>		<http://ids.clld.org/values/3-460-242-1>		"čoko"@mot	
"frissonner"@fr	<http://ids.clld.org/values/4-680-171-1>		<http://ids.clld.org/parameters/4-680>		<http://ids.clld.org/values/4-680-242-1>		"dikdeira"@mot	
"blanc"@fr	<http://ids.clld.org/values/15-640-171-1>		<http://ids.clld.org/parameters/15-640>		<http://ids.clld.org/values/15-640-242-1>		"bačii"@mot	
"blanc"@fr	<http://ids.clld.org/values/15-640-171-1>		<http://ids.clld.org/parameters/15-640>		<http://ids.clld.org/values/15-640-242-3>		"bačiini"@mot	
"vache"@fr	<http://ids.clld.org/values/3-230-171-1>		<http://ids.clld.org/parameters/3-230>		<http://ids.clld.org/values/3-230-242-1>		"šibāa"@mot	
"lance"@fr	<http://ids.clld.org/values/20-260-171-3>		<http://ids.clld.org/parameters/20-260>		<http://ids.clld.org/values/20-260-242-1>		"ããdyɨčkãn"@mot	
"casserole"@fr	<http://ids.clld.org/values/5-260-171-1>		<http://ids.clld.org/parameters/5-260>		<http://ids.clld.org/values/5-260-242-1>		"bašikalai"@mot	
"barbe"@fr	<http://ids.clld.org/values/4-142-171-1>		<http://ids.clld.org/parameters/4-142>		<http://ids.clld.org/values/4-142-242-1>		"dakã kači"@mot	
"sol"@fr	<http://ids.clld.org/values/7-260-171-3>		<http://ids.clld.org/parameters/7-260>		<http://ids.clld.org/values/7-260-242-1>		"ihtā"@mot	
"métier à tisser"@fr	<http://ids.clld.org/values/6-340-171-1>		<http://ids.clld.org/parameters/6-340>		<http://ids.clld.org/values/6-340-242-1>		"kāna"@mot	
"souris"@fr	<http://ids.clld.org/values/3-630-171-1>		<http://ids.clld.org/parameters/3-630>		<http://ids.clld.org/values/3-630-242-1>		"dahtumia"@mot	
"il/elle/il"@fr	<http://ids.clld.org/values/2-930-171-1>		<http://ids.clld.org/parameters/2-930>		<http://ids.clld.org/values/2-930-242-1>		"oobãi"@mot	
"chaud"@fr	<http://ids.clld.org/values/15-850-171-1>		<http://ids.clld.org/parameters/15-850>		<http://ids.clld.org/values/15-850-242-3>		"asaašini"@mot	
"chaud"@fr	<http://ids.clld.org/values/15-850-171-1>		<http://ids.clld.org/parameters/15-850>		<http://ids.clld.org/values/15-850-242-1>		"asãã"@mot	
"talon"@fr	<http://ids.clld.org/values/4-372-171-1>		<http://ids.clld.org/parameters/4-372>		<http://ids.clld.org/values/4-372-242-1>		"kihtū būgda"@mot	
"poumon"@fr	<http://ids.clld.org/values/4-441-171-1>		<http://ids.clld.org/parameters/4-441>		<http://ids.clld.org/values/4-441-242-1>		"ašiše"@mot	
"avaler"@fr	<http://ids.clld.org/values/5-181-171-1>		<http://ids.clld.org/parameters/5-181>		<http://ids.clld.org/values/5-181-242-1>		"kurī"@mot	
"botte"@fr	<http://ids.clld.org/values/5-712-171-1>		<http://ids.clld.org/parameters/5-712>		<http://ids.clld.org/values/5-712-242-1>		"kãširukū"@mot	
"foie"@fr	<http://ids.clld.org/values/4-450-171-1>		<http://ids.clld.org/parameters/4-450>		<http://ids.clld.org/values/4-450-242-1>		"aabingba"@mot	
"assiette"@fr	<http://ids.clld.org/values/5-320-171-1>		<http://ids.clld.org/parameters/5-320>		<http://ids.clld.org/values/5-320-242-1>		"dado"@mot	
"doigt de pied"@fr	<http://ids.clld.org/values/4-380-171-3>		<http://ids.clld.org/parameters/4-380>		<http://ids.clld.org/values/4-380-242-1>		"kuhtū biktrikbī"@mot	
"grand-père"@fr	<http://ids.clld.org/values/2-460-171-1>		<http://ids.clld.org/parameters/2-460>		<http://ids.clld.org/values/2-460-242-1>		"ašĩtaida"@mot	
"roc"@fr	<http://ids.clld.org/values/1-440-171-3>		<http://ids.clld.org/parameters/1-440>		<http://ids.clld.org/values/1-440-242-3>		"aɨna"@mot	
"roc"@fr	<http://ids.clld.org/values/1-440-171-3>		<http://ids.clld.org/parameters/1-440>		<http://ids.clld.org/values/1-440-242-1>		"ããng"@mot	
"venir"@fr	<http://ids.clld.org/values/10-480-171-1>		<http://ids.clld.org/parameters/10-480>		<http://ids.clld.org/values/10-480-242-1>		"abãi"@mot	
"lac"@fr	<http://ids.clld.org/values/1-330-171-1>		<http://ids.clld.org/parameters/1-330>		<http://ids.clld.org/values/1-330-242-1>		"badõo"@mot	
"sel"@fr	<http://ids.clld.org/values/5-810-171-1>		<http://ids.clld.org/parameters/5-810>		<http://ids.clld.org/values/5-810-242-1>		"saabĩ"@mot	
"taille"@fr	<http://ids.clld.org/values/4-462-171-1>		<http://ids.clld.org/parameters/4-462>		<http://ids.clld.org/values/4-462-242-1>		"oata"@mot	
"se réveiller"@fr	<http://ids.clld.org/values/4-630-171-1>		<http://ids.clld.org/parameters/4-630>		<http://ids.clld.org/values/4-630-242-1>		"kiārusa"@mot	
"fendre"@fr	<http://ids.clld.org/values/9-270-171-1>		<http://ids.clld.org/parameters/9-270>		<http://ids.clld.org/values/9-270-242-1>		"aɨgdon (?)"@mot	
"sur"@fr	<http://ids.clld.org/values/12-80-171-3>		<http://ids.clld.org/parameters/12-80>		<http://ids.clld.org/values/12-80-242-1>		"baaduu"@mot	
"sentir"@fr	<http://ids.clld.org/values/15-210-171-1>		<http://ids.clld.org/parameters/15-210>		<http://ids.clld.org/values/15-210-242-1>		"aantukãã"@mot	
"ténèbres"@fr	<http://ids.clld.org/values/1-620-171-3>		<http://ids.clld.org/parameters/1-620>		<http://ids.clld.org/values/1-620-242-1>		"baidaani"@mot	
"ronfler"@fr	<http://ids.clld.org/values/4-612-171-1>		<http://ids.clld.org/parameters/4-612>		<http://ids.clld.org/values/4-612-242-1>		"kabāla"@mot	
"beau-père"@fr	<http://ids.clld.org/values/2-610-171-1>		<http://ids.clld.org/parameters/2-610>		<http://ids.clld.org/values/2-610-242-1>		"ahgyība"@mot	
"mauvais"@fr	<http://ids.clld.org/values/16-720-171-1>		<http://ids.clld.org/parameters/16-720>		<http://ids.clld.org/values/16-720-242-1>		"arongbɨšini"@mot	
"mauvais"@fr	<http://ids.clld.org/values/16-720-171-1>		<http://ids.clld.org/parameters/16-720>		<http://ids.clld.org/values/16-720-242-3>		"atraḳaari"@mot	
"mâle"@fr	<http://ids.clld.org/values/3-120-171-1>		<http://ids.clld.org/parameters/3-120>		<http://ids.clld.org/values/3-120-242-1>		"ataida"@mot	
"poitrine"@fr	<http://ids.clld.org/values/4-400-171-1>		<http://ids.clld.org/parameters/4-400>		<http://ids.clld.org/values/4-400-242-1>		"bidū"@mot	
"sol"@fr	<http://ids.clld.org/values/1-212-171-3>		<http://ids.clld.org/parameters/1-212>		<http://ids.clld.org/values/1-212-242-1>		"ihtãã"@mot	
"noyé"@fr	<http://ids.clld.org/values/4-751-171-1>		<http://ids.clld.org/parameters/4-751>		<http://ids.clld.org/values/4-751-242-1>		"šimaksaɲona"@mot	
"mouchoir"@fr	<http://ids.clld.org/values/6-810-171-1>		<http://ids.clld.org/parameters/6-810>		<http://ids.clld.org/values/6-810-242-1>		"aḳduu"@mot	
"pus"@fr	<http://ids.clld.org/values/4-857-171-1>		<http://ids.clld.org/parameters/4-857>		<http://ids.clld.org/values/4-857-242-1>		"aigsō"@mot	
"chat"@fr	<http://ids.clld.org/values/3-620-171-1>		<http://ids.clld.org/parameters/3-620>		<http://ids.clld.org/values/3-620-242-1>		"biangbiā"@mot	
"casquette"@fr	<http://ids.clld.org/values/6-550-171-3>		<http://ids.clld.org/parameters/6-550>		<http://ids.clld.org/values/6-550-242-1>		"somene"@mot	
"près"@fr	<http://ids.clld.org/values/12-430-171-1>		<http://ids.clld.org/parameters/12-430>		<http://ids.clld.org/values/12-430-242-1>		"muungdani"@mot	
"rôtir"@fr	<http://ids.clld.org/values/5-230-171-1>		<http://ids.clld.org/parameters/5-230>		<http://ids.clld.org/values/5-230-242-1>		"yoobī"@mot	
"quatre"@fr	<http://ids.clld.org/values/13-40-171-1>		<http://ids.clld.org/parameters/13-40>		<http://ids.clld.org/values/13-40-242-1>		"asaaridgẽ"@mot	
"poitrine"@fr	<http://ids.clld.org/values/4-410-171-3>		<http://ids.clld.org/parameters/4-410>		<http://ids.clld.org/values/4-410-242-1>		"twaa"@mot	
"lisse"@fr	<http://ids.clld.org/values/15-770-171-1>		<http://ids.clld.org/parameters/15-770>		<http://ids.clld.org/values/15-770-242-1>		"dyibakaari"@mot	
"homme marié"@fr	<http://ids.clld.org/values/2-380-171-1>		<http://ids.clld.org/parameters/2-380>		<http://ids.clld.org/values/2-380-242-1>		"da"@mot	
"bois"@fr	<http://ids.clld.org/values/1-410-171-1>		<http://ids.clld.org/parameters/1-410>		<http://ids.clld.org/values/1-410-242-1>		"itenči"@mot	
"lier"@fr	<http://ids.clld.org/values/9-160-171-3>		<http://ids.clld.org/parameters/9-160>		<http://ids.clld.org/values/9-160-242-1>		"yuukããn"@mot	
"aiguisé"@fr	<http://ids.clld.org/values/15-780-171-3>		<http://ids.clld.org/parameters/15-780>		<http://ids.clld.org/values/15-780-242-1>		"ihkobaaini"@mot	
"froid"@fr	<http://ids.clld.org/values/15-860-171-1>		<http://ids.clld.org/parameters/15-860>		<http://ids.clld.org/values/15-860-242-1>		"tɨɨšini"@mot	
"médecine"@fr	<http://ids.clld.org/values/4-880-171-3>		<http://ids.clld.org/parameters/4-880>		<http://ids.clld.org/values/4-880-242-1>		"ogsā"@mot	
"pourri"@fr	<http://ids.clld.org/values/5-125-171-1>		<http://ids.clld.org/parameters/5-125>		<http://ids.clld.org/values/5-125-242-1>		"ããnta"@mot	
"rat"@fr	<http://ids.clld.org/values/3-630-171-3>		<http://ids.clld.org/parameters/3-630>		<http://ids.clld.org/values/3-630-242-1>		"dahtumia"@mot	
"source"@fr	<http://ids.clld.org/values/1-370-171-1>		<http://ids.clld.org/parameters/1-370>		<http://ids.clld.org/values/1-370-242-1>		"undaghakĩ"@mot	
"belle-mère"@fr	<http://ids.clld.org/values/2-720-171-1>		<http://ids.clld.org/parameters/2-720>		<http://ids.clld.org/values/2-720-242-1>		"abāama"@mot	
"bras"@fr	<http://ids.clld.org/values/4-310-171-1>		<http://ids.clld.org/parameters/4-310>		<http://ids.clld.org/values/4-310-242-1>		"bisãã"@mot	
"bosse"@fr	<http://ids.clld.org/values/4-853-171-1>		<http://ids.clld.org/parameters/4-853>		<http://ids.clld.org/values/4-853-242-1>		"ayrãã"@mot	
"couper"@fr	<http://ids.clld.org/values/9-220-171-1>		<http://ids.clld.org/parameters/9-220>		<http://ids.clld.org/values/9-220-242-1>		"aɨgdaḳan"@mot	
"morve"@fr	<http://ids.clld.org/values/4-232-171-1>		<http://ids.clld.org/parameters/4-232>		<http://ids.clld.org/values/4-232-242-1>		"isā činči"@mot	
"fort"@fr	<http://ids.clld.org/values/4-810-171-1>		<http://ids.clld.org/parameters/4-810>		<http://ids.clld.org/values/4-810-242-1>		"karābari"@mot	
"vieillard"@fr	<http://ids.clld.org/values/2-461-171-1>		<http://ids.clld.org/parameters/2-461>		<http://ids.clld.org/values/2-461-242-1>		"sagdou"@mot	
"foyer"@fr	<http://ids.clld.org/values/7-310-171-1>		<http://ids.clld.org/parameters/7-310>		<http://ids.clld.org/values/7-310-242-1>		"ibungĩ"@mot	
"hoqueter"@fr	<http://ids.clld.org/values/4-521-171-1>		<http://ids.clld.org/parameters/4-521>		<http://ids.clld.org/values/4-521-242-1>		"buyakaɨ"@mot	
"hibou"@fr	<http://ids.clld.org/values/3-596-171-1>		<http://ids.clld.org/parameters/3-596>		<http://ids.clld.org/values/3-596-242-1>		"bigtuu"@mot	
"plaine"@fr	<http://ids.clld.org/values/1-230-171-1>		<http://ids.clld.org/parameters/1-230>		<http://ids.clld.org/values/1-230-242-1>		"bẽa"@mot	
"chute d'eau"@fr	<http://ids.clld.org/values/1-390-171-1>		<http://ids.clld.org/parameters/1-390>		<http://ids.clld.org/values/1-390-242-1>		"bohgi baado ahgyitakani"@mot	
"muet"@fr	<http://ids.clld.org/values/4-960-171-1>		<http://ids.clld.org/parameters/4-960>		<http://ids.clld.org/values/4-960-242-1>		"arikbā"@mot	
"respirer"@fr	<http://ids.clld.org/values/4-510-171-1>		<http://ids.clld.org/parameters/4-510>		<http://ids.clld.org/values/4-510-242-1>		"bosobuku"@mot	
"bois de chauffage"@fr	<http://ids.clld.org/values/1-880-171-1>		<http://ids.clld.org/parameters/1-880>		<http://ids.clld.org/values/1-880-242-1>		"kaa"@mot	
"barrière"@fr	<http://ids.clld.org/values/8-160-171-1>		<http://ids.clld.org/parameters/8-160>		<http://ids.clld.org/values/8-160-242-1>		"watišišeše"@mot	
"qui?"@fr	<http://ids.clld.org/values/17-680-171-1>		<http://ids.clld.org/parameters/17-680>		<http://ids.clld.org/values/17-680-242-1>		"ããmai"@mot	
"humide"@fr	<http://ids.clld.org/values/15-830-171-1>		<http://ids.clld.org/parameters/15-830>		<http://ids.clld.org/values/15-830-242-1>		"atɨšini"@mot	
"faim"@fr	<http://ids.clld.org/values/5-140-171-1>		<http://ids.clld.org/parameters/5-140>		<http://ids.clld.org/values/5-140-242-1>		"sairē"@mot	
"tortue"@fr	<http://ids.clld.org/values/3-980-171-1>		<http://ids.clld.org/parameters/3-980>		<http://ids.clld.org/values/3-980-242-1>		"dãšũ"@mot	
"lobe de l'oreille"@fr	<http://ids.clld.org/values/4-221-171-1>		<http://ids.clld.org/parameters/4-221>		<http://ids.clld.org/values/4-221-242-1>		"kokčaidyi"@mot	
"pou"@fr	<http://ids.clld.org/values/3-811-171-1>		<http://ids.clld.org/parameters/3-811>		<http://ids.clld.org/values/3-811-242-1>		"kuu"@mot	
"entendre"@fr	<http://ids.clld.org/values/15-410-171-1>		<http://ids.clld.org/parameters/15-410>		<http://ids.clld.org/values/15-410-242-1>		"anaɨgkãng"@mot	
"bois"@fr	<http://ids.clld.org/values/1-430-171-1>		<http://ids.clld.org/parameters/1-430>		<http://ids.clld.org/values/1-430-242-1>		"kaa"@mot	
"soupe"@fr	<http://ids.clld.org/values/5-640-171-1>		<http://ids.clld.org/parameters/5-640>		<http://ids.clld.org/values/5-640-242-1>		"aribāh"@mot	
"oreille"@fr	<http://ids.clld.org/values/4-220-171-1>		<http://ids.clld.org/parameters/4-220>		<http://ids.clld.org/values/4-220-242-1>		"koḳčii"@mot	
"fièvre"@fr	<http://ids.clld.org/values/4-841-171-1>		<http://ids.clld.org/parameters/4-841>		<http://ids.clld.org/values/4-841-242-1>		"kalo"@mot	
"donner"@fr	<http://ids.clld.org/values/11-210-171-1>		<http://ids.clld.org/parameters/11-210>		<http://ids.clld.org/values/11-210-242-1>		"iiran"@mot	
"nageoire"@fr	<http://ids.clld.org/values/3-652-171-1>		<http://ids.clld.org/parameters/3-652>		<http://ids.clld.org/values/3-652-242-1>		"ačii"@mot	
"souffler"@fr	<http://ids.clld.org/values/10-380-171-1>		<http://ids.clld.org/parameters/10-380>		<http://ids.clld.org/values/10-380-242-1>		"buubãã"@mot	
"collier"@fr	<http://ids.clld.org/values/6-750-171-1>		<http://ids.clld.org/parameters/6-750>		<http://ids.clld.org/values/6-750-242-1>		"karahšī"@mot	
"aiguille"@fr	<http://ids.clld.org/values/6-360-171-1>		<http://ids.clld.org/parameters/6-360>		<http://ids.clld.org/values/6-360-242-1>		"ihbeĩkaddū"@mot	
"fumée"@fr	<http://ids.clld.org/values/1-830-171-1>		<http://ids.clld.org/parameters/1-830>		<http://ids.clld.org/values/1-830-242-1>		"iiraḳbah"@mot	
"arbre"@fr	<http://ids.clld.org/values/8-600-171-1>		<http://ids.clld.org/parameters/8-600>		<http://ids.clld.org/values/8-600-242-1>		"kãa"@mot	
"là dessus"@fr	<http://ids.clld.org/values/12-80-171-7>		<http://ids.clld.org/parameters/12-80>		<http://ids.clld.org/values/12-80-242-1>		"baaduu"@mot	
"jardin"@fr	<http://ids.clld.org/values/8-130-171-1>		<http://ids.clld.org/parameters/8-130>		<http://ids.clld.org/values/8-130-242-1>		"dogbah"@mot	
"correct"@fr	<http://ids.clld.org/values/16-730-171-3>		<http://ids.clld.org/parameters/16-730>		<http://ids.clld.org/values/16-730-242-1>		"ããkai"@mot	
"paupière"@fr	<http://ids.clld.org/values/4-213-171-1>		<http://ids.clld.org/parameters/4-213>		<http://ids.clld.org/values/4-213-242-1>		"ōwahšū"@mot	
"rein"@fr	<http://ids.clld.org/values/4-451-171-1>		<http://ids.clld.org/parameters/4-451>		<http://ids.clld.org/values/4-451-242-1>		"atubiyōkba"@mot	
"personne"@fr	<http://ids.clld.org/values/2-100-171-1>		<http://ids.clld.org/parameters/2-100>		<http://ids.clld.org/values/2-100-242-1>		"barī"@mot	
"frère de la mère"@fr	<http://ids.clld.org/values/2-511-171-1>		<http://ids.clld.org/parameters/2-511>		<http://ids.clld.org/values/2-511-242-3>		"abāma akbaĩ"@mot	
"frère de la mère"@fr	<http://ids.clld.org/values/2-511-171-1>		<http://ids.clld.org/parameters/2-511>		<http://ids.clld.org/values/2-511-242-1>		"aisī okarā"@mot	
"habit"@fr	<http://ids.clld.org/values/6-120-171-1>		<http://ids.clld.org/parameters/6-120>		<http://ids.clld.org/values/6-120-242-1>		"duksā"@mot	
"loin"@fr	<http://ids.clld.org/values/12-440-171-1>		<http://ids.clld.org/parameters/12-440>		<http://ids.clld.org/values/12-440-242-1>		"iitčikiri"@mot	
"corps"@fr	<http://ids.clld.org/values/4-110-171-1>		<http://ids.clld.org/parameters/4-110>		<http://ids.clld.org/values/4-110-242-1>		"aidyīi"@mot	
"front"@fr	<http://ids.clld.org/values/4-205-171-1>		<http://ids.clld.org/parameters/4-205>		<http://ids.clld.org/values/4-205-242-1>		"dokbā"@mot	
"graine"@fr	<http://ids.clld.org/values/8-311-171-1>		<http://ids.clld.org/parameters/8-311>		<http://ids.clld.org/values/8-311-242-1>		"ahḳooḳbah"@mot	
"soleil"@fr	<http://ids.clld.org/values/1-520-171-1>		<http://ids.clld.org/parameters/1-520>		<http://ids.clld.org/values/1-520-242-1>		"nyaa"@mot	
"poutre"@fr	<http://ids.clld.org/values/7-540-171-1>		<http://ids.clld.org/parameters/7-540>		<http://ids.clld.org/values/7-540-242-1>		"dāabara"@mot	
"vieille femme"@fr	<http://ids.clld.org/values/2-471-171-1>		<http://ids.clld.org/parameters/2-471>		<http://ids.clld.org/values/2-471-242-1>		"šibabiō"@mot	
"pousser"@fr	<http://ids.clld.org/values/10-670-171-1>		<http://ids.clld.org/parameters/10-670>		<http://ids.clld.org/values/10-670-242-1>		"iroḳdaḳaan"@mot	
"repas"@fr	<http://ids.clld.org/values/5-410-171-1>		<http://ids.clld.org/parameters/5-410>		<http://ids.clld.org/values/5-410-242-1>		"karabaseina"@mot	
"fatigué"@fr	<http://ids.clld.org/values/4-910-171-1>		<http://ids.clld.org/parameters/4-910>		<http://ids.clld.org/values/4-910-242-1>		"sabaribō"@mot	
"poutre"@fr	<http://ids.clld.org/values/7-550-171-1>		<http://ids.clld.org/parameters/7-550>		<http://ids.clld.org/values/7-550-242-1>		"arakāa"@mot	
"eau"@fr	<http://ids.clld.org/values/1-310-171-1>		<http://ids.clld.org/parameters/1-310>		<http://ids.clld.org/values/1-310-242-1>		"šiima"@mot	
"santé"@fr	<http://ids.clld.org/values/4-830-171-1>		<http://ids.clld.org/parameters/4-830>		<http://ids.clld.org/values/4-830-242-1>		"sabah"@mot	
"mucus"@fr	<http://ids.clld.org/values/4-232-171-3>		<http://ids.clld.org/parameters/4-232>		<http://ids.clld.org/values/4-232-242-1>		"isā činči"@mot	
"nombril"@fr	<http://ids.clld.org/values/4-430-171-1>		<http://ids.clld.org/parameters/4-430>		<http://ids.clld.org/values/4-430-242-1>		"baačiidu"@mot	
"blessure"@fr	<http://ids.clld.org/values/4-850-171-1>		<http://ids.clld.org/parameters/4-850>		<http://ids.clld.org/values/4-850-242-1>		"iaiyikākwa"@mot	
"orteil"@fr	<http://ids.clld.org/values/4-380-171-1>		<http://ids.clld.org/parameters/4-380>		<http://ids.clld.org/values/4-380-242-1>		"kuhtū biktrikbī"@mot	
"noir"@fr	<http://ids.clld.org/values/15-650-171-1>		<http://ids.clld.org/parameters/15-650>		<http://ids.clld.org/values/15-650-242-1>		"bɨɨh"@mot	
"vallée"@fr	<http://ids.clld.org/values/1-240-171-1>		<http://ids.clld.org/parameters/1-240>		<http://ids.clld.org/values/1-240-242-1>		"šiimbia"@mot	
"éclair"@fr	<http://ids.clld.org/values/1-550-171-1>		<http://ids.clld.org/parameters/1-550>		<http://ids.clld.org/values/1-550-242-1>		"dyibahdū"@mot	
"remède"@fr	<http://ids.clld.org/values/4-880-171-1>		<http://ids.clld.org/parameters/4-880>		<http://ids.clld.org/values/4-880-242-1>		"ogsā"@mot	
"pénis"@fr	<http://ids.clld.org/values/4-492-171-1>		<http://ids.clld.org/parameters/4-492>		<http://ids.clld.org/values/4-492-242-1>		"bašišũ"@mot	
"fille"@fr	<http://ids.clld.org/values/2-420-171-1>		<http://ids.clld.org/parameters/2-420>		<http://ids.clld.org/values/2-420-242-1>		"ša"@mot	
"cendres"@fr	<http://ids.clld.org/values/1-840-171-1>		<http://ids.clld.org/parameters/1-840>		<http://ids.clld.org/values/1-840-242-1>		"ibuungdyi"@mot	
"petit"@fr	<http://ids.clld.org/values/12-560-171-1>		<http://ids.clld.org/parameters/12-560>		<http://ids.clld.org/values/12-560-242-3>		"ihtoo"@mot	
"petit"@fr	<http://ids.clld.org/values/12-560-171-1>		<http://ids.clld.org/parameters/12-560>		<http://ids.clld.org/values/12-560-242-1>		"baakaĩ"@mot	
"cil"@fr	<http://ids.clld.org/values/4-214-171-1>		<http://ids.clld.org/parameters/4-214>		<http://ids.clld.org/values/4-214-242-1>		"obāšišī"@mot	
"tu"@fr	<http://ids.clld.org/values/2-920-171-1>		<http://ids.clld.org/parameters/2-920>		<http://ids.clld.org/values/2-920-242-1>		"bai"@mot	
"feu"@fr	<http://ids.clld.org/values/1-810-171-1>		<http://ids.clld.org/parameters/1-810>		<http://ids.clld.org/values/1-810-242-1>		"kaaḍɨ"@mot	
"poussière"@fr	<http://ids.clld.org/values/1-213-171-1>		<http://ids.clld.org/parameters/1-213>		<http://ids.clld.org/values/1-213-242-1>		"ihtan-bruki"@mot	
"artère"@fr	<http://ids.clld.org/values/4-151-171-3>		<http://ids.clld.org/parameters/4-151>		<http://ids.clld.org/values/4-151-242-1>		"ašĩšii"@mot	
"beau-père"@fr	<http://ids.clld.org/values/2-611-171-1>		<http://ids.clld.org/parameters/2-611>		<http://ids.clld.org/values/2-611-242-1>		"ašīaidā"@mot	
"faucon"@fr	<http://ids.clld.org/values/3-585-171-1>		<http://ids.clld.org/parameters/3-585>		<http://ids.clld.org/values/3-585-242-1>		"ōtakdā"@mot	
"sanglier"@fr	<http://ids.clld.org/values/3-320-171-1>		<http://ids.clld.org/parameters/3-320>		<http://ids.clld.org/values/3-320-242-1>		"bisao"@mot	
"parents"@fr	<http://ids.clld.org/values/2-810-171-1>		<http://ids.clld.org/parameters/2-810>		<http://ids.clld.org/values/2-810-242-1>		"sadooyī"@mot	
"perforer"@fr	<http://ids.clld.org/values/9-460-171-3>		<http://ids.clld.org/parameters/9-460>		<http://ids.clld.org/values/9-460-242-1>		"akotukããn"@mot	
"bru"@fr	<http://ids.clld.org/values/2-640-171-1>		<http://ids.clld.org/parameters/2-640>		<http://ids.clld.org/values/2-640-242-1>		"inatdakū ašī"@mot	
"nourriture"@fr	<http://ids.clld.org/values/5-120-171-1>		<http://ids.clld.org/parameters/5-120>		<http://ids.clld.org/values/5-120-242-1>		"kāraba"@mot	
"mari"@fr	<http://ids.clld.org/values/2-310-171-1>		<http://ids.clld.org/parameters/2-310>		<http://ids.clld.org/values/2-310-242-1>		"aataida"@mot	
"papillon"@fr	<http://ids.clld.org/values/3-920-171-1>		<http://ids.clld.org/parameters/3-920>		<http://ids.clld.org/values/3-920-242-1>		"somēme"@mot	
"sauterelle"@fr	<http://ids.clld.org/values/3-930-171-1>		<http://ids.clld.org/parameters/3-930>		<http://ids.clld.org/values/3-930-242-1>		"bĩbi"@mot	
"ombre"@fr	<http://ids.clld.org/values/1-630-171-1>		<http://ids.clld.org/parameters/1-630>		<http://ids.clld.org/values/1-630-242-1>		"sasaayn"@mot	
"pâture"@fr	<http://ids.clld.org/values/3-160-171-3>		<http://ids.clld.org/parameters/3-160>		<http://ids.clld.org/values/3-160-242-1>		"dihdyi"@mot	
"mince"@fr	<http://ids.clld.org/values/12-650-171-1>		<http://ids.clld.org/parameters/12-650>		<http://ids.clld.org/values/12-650-242-1>		"ihtoo"@mot	
"belle-mère"@fr	<http://ids.clld.org/values/2-620-171-1>		<http://ids.clld.org/parameters/2-620>		<http://ids.clld.org/values/2-620-242-1>		"inaika akairakbā"@mot	
"anguille d'eau douce"@fr	<http://ids.clld.org/values/3-665-171-1>		<http://ids.clld.org/parameters/3-665>		<http://ids.clld.org/values/3-665-242-1>		"bāībukū"@mot	
"poulet"@fr	<http://ids.clld.org/values/3-550-171-1>		<http://ids.clld.org/parameters/3-550>		<http://ids.clld.org/values/3-550-242-1>		"kari"@mot	
"homme"@fr	<http://ids.clld.org/values/2-210-171-1>		<http://ids.clld.org/parameters/2-210>		<http://ids.clld.org/values/2-210-242-1>		"la"@mot	
"mûr"@fr	<http://ids.clld.org/values/5-123-171-1>		<http://ids.clld.org/parameters/5-123>		<http://ids.clld.org/values/5-123-242-1>		"kibūuni"@mot	
"large"@fr	<http://ids.clld.org/values/12-610-171-1>		<http://ids.clld.org/parameters/12-610>		<http://ids.clld.org/values/12-610-242-1>		"yookari"@mot	
"graine"@fr	<http://ids.clld.org/values/6-760-171-1>		<http://ids.clld.org/parameters/6-760>		<http://ids.clld.org/values/6-760-242-1>		"karahšī"@mot	
"frire"@fr	<http://ids.clld.org/values/5-230-171-3>		<http://ids.clld.org/parameters/5-230>		<http://ids.clld.org/values/5-230-242-1>		"yoobī"@mot	
"gauche"@fr	<http://ids.clld.org/values/12-420-171-1>		<http://ids.clld.org/parameters/12-420>		<http://ids.clld.org/values/12-420-242-1>		"miikã"@mot	
"uriner"@fr	<http://ids.clld.org/values/4-650-171-1>		<http://ids.clld.org/parameters/4-650>		<http://ids.clld.org/values/4-650-242-1>		"itčiki"@mot	
"elles"@fr	<http://ids.clld.org/values/2-960-171-3>		<http://ids.clld.org/parameters/2-960>		<http://ids.clld.org/values/2-960-242-1>		"oračidyi"@mot	
"dedans"@fr	<http://ids.clld.org/values/12-50-171-3>		<http://ids.clld.org/parameters/12-50>		<http://ids.clld.org/values/12-50-242-1>		"-ro"@mot	
"main"@fr	<http://ids.clld.org/values/4-330-171-1>		<http://ids.clld.org/parameters/4-330>		<http://ids.clld.org/values/4-330-242-1>		"aḳduu"@mot	
"lapin"@fr	<http://ids.clld.org/values/3-614-171-1>		<http://ids.clld.org/parameters/3-614>		<http://ids.clld.org/values/3-614-242-1>		"bukū"@mot	
"piocher"@fr	<http://ids.clld.org/values/8-220-171-3>		<http://ids.clld.org/parameters/8-220>		<http://ids.clld.org/values/8-220-242-1>		"okdyikããn"@mot	
"adobe"@fr	<http://ids.clld.org/values/7-640-171-1>		<http://ids.clld.org/parameters/7-640>		<http://ids.clld.org/values/7-640-242-1>		"barakay"@mot	
"plat"@fr	<http://ids.clld.org/values/5-310-171-1>		<http://ids.clld.org/parameters/5-310>		<http://ids.clld.org/values/5-310-242-1>		"dado"@mot	
"épaule"@fr	<http://ids.clld.org/values/4-300-171-1>		<http://ids.clld.org/parameters/4-300>		<http://ids.clld.org/values/4-300-242-1>		"bahdoo"@mot	
"coudre"@fr	<http://ids.clld.org/values/6-350-171-1>		<http://ids.clld.org/parameters/6-350>		<http://ids.clld.org/values/6-350-242-1>		"oḳdyikããn"@mot	
"intestins"@fr	<http://ids.clld.org/values/4-461-171-1>		<http://ids.clld.org/parameters/4-461>		<http://ids.clld.org/values/4-461-242-1>		"aaiši"@mot	
"frêre aîné"@fr	<http://ids.clld.org/values/2-444-171-1>		<http://ids.clld.org/parameters/2-444>		<http://ids.clld.org/values/2-444-242-1>		"asāri iddō šōbimai"@mot	
"arc-en-ciel"@fr	<http://ids.clld.org/values/1-590-171-1>		<http://ids.clld.org/parameters/1-590>		<http://ids.clld.org/values/1-590-242-1>		"kajdō"@mot	
"cligner"@fr	<http://ids.clld.org/values/4-215-171-1>		<http://ids.clld.org/parameters/4-215>		<http://ids.clld.org/values/4-215-242-1>		"oogškegškeg"@mot	
"glace"@fr	<http://ids.clld.org/values/6-960-171-3>		<http://ids.clld.org/parameters/6-960>		<http://ids.clld.org/values/6-960-242-1>		"oyabiyīyi"@mot	
"penser"@fr	<http://ids.clld.org/values/17-130-171-1>		<http://ids.clld.org/parameters/17-130>		<http://ids.clld.org/values/17-130-242-1>		"yaamitdoḳaani"@mot	
"bouillir"@fr	<http://ids.clld.org/values/5-220-171-1>		<http://ids.clld.org/parameters/5-220>		<http://ids.clld.org/values/5-220-242-1>		"ašũdokwari"@mot	
"noces"@fr	<http://ids.clld.org/values/2-340-171-3>		<http://ids.clld.org/parameters/2-340>		<http://ids.clld.org/values/2-340-242-1>		"kayākba"@mot	
"lécher"@fr	<http://ids.clld.org/values/4-590-171-1>		<http://ids.clld.org/parameters/4-590>		<http://ids.clld.org/values/4-590-242-1>		"iaitatahkanina"@mot	
"corde"@fr	<http://ids.clld.org/values/9-190-171-1>		<http://ids.clld.org/parameters/9-190>		<http://ids.clld.org/values/9-190-242-1>		"kaaḳšibu"@mot	
"corde"@fr	<http://ids.clld.org/values/9-190-171-1>		<http://ids.clld.org/parameters/9-190>		<http://ids.clld.org/values/9-190-242-3>		"bwaisaɨg"@mot	
"poisson"@fr	<http://ids.clld.org/values/3-650-171-1>		<http://ids.clld.org/parameters/3-650>		<http://ids.clld.org/values/3-650-242-3>		"katutu"@mot	
"poisson"@fr	<http://ids.clld.org/values/3-650-171-1>		<http://ids.clld.org/parameters/3-650>		<http://ids.clld.org/values/3-650-242-1>		"tay"@mot	
"monde"@fr	<http://ids.clld.org/values/1-100-171-1>		<http://ids.clld.org/parameters/1-100>		<http://ids.clld.org/values/1-100-242-1>		"ihtãã"@mot	
"saisir"@fr	<http://ids.clld.org/values/11-140-171-1>		<http://ids.clld.org/parameters/11-140>		<http://ids.clld.org/values/11-140-242-1>		"kaaḳaan"@mot	
"piment"@fr	<http://ids.clld.org/values/5-821-171-1>		<http://ids.clld.org/parameters/5-821>		<http://ids.clld.org/values/5-821-242-1>		"lore"@mot	
"nuit"@fr	<http://ids.clld.org/values/14-420-171-1>		<http://ids.clld.org/parameters/14-420>		<http://ids.clld.org/values/14-420-242-1>		"sɨ̃ɨ̃"@mot	
"bébé"@fr	<http://ids.clld.org/values/2-280-171-3>		<http://ids.clld.org/parameters/2-280>		<http://ids.clld.org/values/2-280-242-1>		"bahkuī"@mot	
"sucre"@fr	<http://ids.clld.org/values/5-850-171-1>		<http://ids.clld.org/parameters/5-850>		<http://ids.clld.org/values/5-850-242-1>		"sasou sabī"@mot	
"estomac"@fr	<http://ids.clld.org/values/4-460-171-1>		<http://ids.clld.org/parameters/4-460>		<http://ids.clld.org/values/4-460-242-1>		"išii"@mot	
"estomac"@fr	<http://ids.clld.org/values/4-460-171-1>		<http://ids.clld.org/parameters/4-460>		<http://ids.clld.org/values/4-460-242-3>		"aišii"@mot	
"comment?"@fr	<http://ids.clld.org/values/17-610-171-1>		<http://ids.clld.org/parameters/17-610>		<http://ids.clld.org/values/17-610-242-1>		"aangka"@mot	
"couteau"@fr	<http://ids.clld.org/values/5-380-171-1>		<http://ids.clld.org/parameters/5-380>		<http://ids.clld.org/values/5-380-242-1>		"baktrusā"@mot	
"porc"@fr	<http://ids.clld.org/values/3-350-171-1>		<http://ids.clld.org/parameters/3-350>		<http://ids.clld.org/values/3-350-242-1>		"bisao"@mot	
"téton"@fr	<http://ids.clld.org/values/4-412-171-3>		<http://ids.clld.org/parameters/4-412>		<http://ids.clld.org/values/4-412-242-1>		"tuu"@mot	
"rivière"@fr	<http://ids.clld.org/values/1-360-171-3>		<http://ids.clld.org/parameters/1-360>		<http://ids.clld.org/values/1-360-242-1>		"bohgī"@mot	
"mastiquer"@fr	<http://ids.clld.org/values/5-180-171-1>		<http://ids.clld.org/parameters/5-180>		<http://ids.clld.org/values/5-180-242-1>		"kõõ"@mot	
"étroit"@fr	<http://ids.clld.org/values/12-620-171-1>		<http://ids.clld.org/parameters/12-620>		<http://ids.clld.org/values/12-620-242-1>		"bwaikaan"@mot	
"lait"@fr	<http://ids.clld.org/values/5-860-171-1>		<http://ids.clld.org/parameters/5-860>		<http://ids.clld.org/values/5-860-242-1>		"ahtuu"@mot	
"femme"@fr	<http://ids.clld.org/values/2-320-171-1>		<http://ids.clld.org/parameters/2-320>		<http://ids.clld.org/values/2-320-242-1>		"a-byoo-bai"@mot	
"grotte"@fr	<http://ids.clld.org/values/1-280-171-1>		<http://ids.clld.org/parameters/1-280>		<http://ids.clld.org/values/1-280-242-1>		"akdō"@mot	
"tourbillon"@fr	<http://ids.clld.org/values/1-362-171-1>		<http://ids.clld.org/parameters/1-362>		<http://ids.clld.org/values/1-362-242-1>		"sabarīka"@mot	
"demeurer"@fr	<http://ids.clld.org/values/7-110-171-3>		<http://ids.clld.org/parameters/7-110>		<http://ids.clld.org/values/7-110-242-1>		"baadarī"@mot	
"attraper"@fr	<http://ids.clld.org/values/11-140-171-3>		<http://ids.clld.org/parameters/11-140>		<http://ids.clld.org/values/11-140-242-1>		"kaaḳaan"@mot	
"boiteux"@fr	<http://ids.clld.org/values/4-940-171-1>		<http://ids.clld.org/parameters/4-940>		<http://ids.clld.org/values/4-940-242-1>		"sōodoru"@mot	
"maladie"@fr	<http://ids.clld.org/values/4-840-171-3>		<http://ids.clld.org/parameters/4-840>		<http://ids.clld.org/values/4-840-242-1>		"sašini"@mot	
"doigt"@fr	<http://ids.clld.org/values/4-340-171-1>		<http://ids.clld.org/parameters/4-340>		<http://ids.clld.org/values/4-340-242-1>		"aḳduu kiokbā"@mot	
"en bonne santé"@fr	<http://ids.clld.org/values/4-830-171-3>		<http://ids.clld.org/parameters/4-830>		<http://ids.clld.org/values/4-830-242-1>		"sabah"@mot	
"oeil"@fr	<http://ids.clld.org/values/4-210-171-1>		<http://ids.clld.org/parameters/4-210>		<http://ids.clld.org/values/4-210-242-3>		"oošubi"@mot	
"oeil"@fr	<http://ids.clld.org/values/4-210-171-1>		<http://ids.clld.org/parameters/4-210>		<http://ids.clld.org/values/4-210-242-1>		"oo"@mot	
"presser"@fr	<http://ids.clld.org/values/9-343-171-1>		<http://ids.clld.org/parameters/9-343>		<http://ids.clld.org/values/9-343-242-1>		"saɨng-saing"@mot	
"cerf"@fr	<http://ids.clld.org/values/3-750-171-3>		<http://ids.clld.org/parameters/3-750>		<http://ids.clld.org/values/3-750-242-1>		"šadā́ikba"@mot	
"moi"@fr	<http://ids.clld.org/values/2-910-171-3>		<http://ids.clld.org/parameters/2-910>		<http://ids.clld.org/values/2-910-242-1>		"nãi"@mot	
"cheveu"@fr	<http://ids.clld.org/values/4-140-171-1>		<http://ids.clld.org/parameters/4-140>		<http://ids.clld.org/values/4-140-242-1>		"kãatũũ"@mot	
"battre"@fr	<http://ids.clld.org/values/9-210-171-3>		<http://ids.clld.org/parameters/9-210>		<http://ids.clld.org/values/9-210-242-1>		"dõõ"@mot	
"battre"@fr	<http://ids.clld.org/values/9-210-171-3>		<http://ids.clld.org/parameters/9-210>		<http://ids.clld.org/values/9-210-242-3>		"buukši (?)"@mot	
"crocodile"@fr	<http://ids.clld.org/values/3-970-171-1>		<http://ids.clld.org/parameters/3-970>		<http://ids.clld.org/values/3-970-242-1>		"kantā"@mot	
"ours"@fr	<http://ids.clld.org/values/3-730-171-1>		<http://ids.clld.org/parameters/3-730>		<http://ids.clld.org/values/3-730-242-1>		"sabā́idakū"@mot	
"naître"@fr	<http://ids.clld.org/values/4-720-171-3>		<http://ids.clld.org/parameters/4-720>		<http://ids.clld.org/values/4-720-242-1>		"šo"@mot	
"bon"@fr	<http://ids.clld.org/values/16-710-171-1>		<http://ids.clld.org/parameters/16-710>		<http://ids.clld.org/values/16-710-242-1>		"sasaaini"@mot	
"bon"@fr	<http://ids.clld.org/values/16-710-171-1>		<http://ids.clld.org/parameters/16-710>		<http://ids.clld.org/values/16-710-242-3>		"sabaini"@mot	
"rouge"@fr	<http://ids.clld.org/values/15-660-171-1>		<http://ids.clld.org/parameters/15-660>		<http://ids.clld.org/values/15-660-242-1>		"bohḳaraa"@mot	
"sec"@fr	<http://ids.clld.org/values/15-840-171-1>		<http://ids.clld.org/parameters/15-840>		<http://ids.clld.org/values/15-840-242-1>		"buruuni"@mot	
"potage"@fr	<http://ids.clld.org/values/5-640-171-3>		<http://ids.clld.org/parameters/5-640>		<http://ids.clld.org/values/5-640-242-1>		"aribāh"@mot	
"marécage"@fr	<http://ids.clld.org/values/1-380-171-3>		<http://ids.clld.org/parameters/1-380>		<http://ids.clld.org/values/1-380-242-1>		"barona"@mot	
"beau-fils"@fr	<http://ids.clld.org/values/2-730-171-1>		<http://ids.clld.org/parameters/2-730>		<http://ids.clld.org/values/2-730-242-1>		"kobokā"@mot	
"chaque"@fr	<http://ids.clld.org/values/13-140-171-1>		<http://ids.clld.org/parameters/13-140>		<http://ids.clld.org/values/13-140-242-1>		"ĩĩški"@mot	
"jumeaux"@fr	<http://ids.clld.org/values/2-458-171-1>		<http://ids.clld.org/parameters/2-458>		<http://ids.clld.org/values/2-458-242-1>		"bōobou"@mot	
"plancher"@fr	<http://ids.clld.org/values/7-260-171-1>		<http://ids.clld.org/parameters/7-260>		<http://ids.clld.org/values/7-260-242-1>		"ihtā"@mot	
"sable"@fr	<http://ids.clld.org/values/1-215-171-1>		<http://ids.clld.org/parameters/1-215>		<http://ids.clld.org/values/1-215-242-1>		"ũũngda"@mot	
"cuir"@fr	<http://ids.clld.org/values/6-290-171-1>		<http://ids.clld.org/parameters/6-290>		<http://ids.clld.org/values/6-290-242-1>		"biruna"@mot	
"gendre"@fr	<http://ids.clld.org/values/2-630-171-1>		<http://ids.clld.org/parameters/2-630>		<http://ids.clld.org/values/2-630-242-1>		"inaikāsa"@mot	
"boire"@fr	<http://ids.clld.org/values/5-130-171-1>		<http://ids.clld.org/parameters/5-130>		<http://ids.clld.org/values/5-130-242-3>		"aɨkseɨba"@mot	
"boire"@fr	<http://ids.clld.org/values/5-130-171-1>		<http://ids.clld.org/parameters/5-130>		<http://ids.clld.org/values/5-130-242-1>		"da"@mot	
"plaie"@fr	<http://ids.clld.org/values/4-850-171-3>		<http://ids.clld.org/parameters/4-850>		<http://ids.clld.org/values/4-850-242-1>		"iaiyikākwa"@mot	
"sale"@fr	<http://ids.clld.org/values/15-880-171-1>		<http://ids.clld.org/parameters/15-880>		<http://ids.clld.org/values/15-880-242-1>		"baidaani"@mot	
"toile d'araignée"@fr	<http://ids.clld.org/values/3-819-171-1>		<http://ids.clld.org/parameters/3-819>		<http://ids.clld.org/values/3-819-242-1>		"kāinba sōhsõ"@mot	
"vêtement"@fr	<http://ids.clld.org/values/6-120-171-3>		<http://ids.clld.org/parameters/6-120>		<http://ids.clld.org/values/6-120-242-1>		"duksā"@mot	
"rhume"@fr	<http://ids.clld.org/values/4-843-171-1>		<http://ids.clld.org/parameters/4-843>		<http://ids.clld.org/values/4-843-242-1>		"iroghba"@mot	
"abeille"@fr	<http://ids.clld.org/values/3-820-171-1>		<http://ids.clld.org/parameters/3-820>		<http://ids.clld.org/values/3-820-242-1>		"myaa"@mot	
"racine"@fr	<http://ids.clld.org/values/8-540-171-1>		<http://ids.clld.org/parameters/8-540>		<http://ids.clld.org/values/8-540-242-1>		"ašišĩĩ"@mot	
"petit-fils"@fr	<http://ids.clld.org/values/2-480-171-1>		<http://ids.clld.org/parameters/2-480>		<http://ids.clld.org/values/2-480-242-1>		"sašī abira"@mot	
"vautour"@fr	<http://ids.clld.org/values/3-586-171-1>		<http://ids.clld.org/parameters/3-586>		<http://ids.clld.org/values/3-586-242-1>		"bačiragdu"@mot	
"nièce"@fr	<http://ids.clld.org/values/2-540-171-1>		<http://ids.clld.org/parameters/2-540>		<http://ids.clld.org/values/2-540-242-1>		"ašī ašiā"@mot	
"rocher"@fr	<http://ids.clld.org/values/1-440-171-5>		<http://ids.clld.org/parameters/1-440>		<http://ids.clld.org/values/1-440-242-3>		"aɨna"@mot	
"rocher"@fr	<http://ids.clld.org/values/1-440-171-5>		<http://ids.clld.org/parameters/1-440>		<http://ids.clld.org/values/1-440-242-1>		"ããng"@mot	
"terre"@fr	<http://ids.clld.org/values/1-210-171-1>		<http://ids.clld.org/parameters/1-210>		<http://ids.clld.org/values/1-210-242-1>		"ihtãã"@mot	
"gorge"@fr	<http://ids.clld.org/values/4-290-171-1>		<http://ids.clld.org/parameters/4-290>		<http://ids.clld.org/values/4-290-242-1>		"būuri"@mot	
"dos"@fr	<http://ids.clld.org/values/4-190-171-1>		<http://ids.clld.org/parameters/4-190>		<http://ids.clld.org/values/4-190-242-1>		"kwĩ"@mot	
"maison"@fr	<http://ids.clld.org/values/7-120-171-1>		<http://ids.clld.org/parameters/7-120>		<http://ids.clld.org/values/7-120-242-1>		"kaig"@mot	
"guérir"@fr	<http://ids.clld.org/values/4-860-171-1>		<http://ids.clld.org/parameters/4-860>		<http://ids.clld.org/values/4-860-242-1>		"boāimai"@mot	
"tuer"@fr	<http://ids.clld.org/values/4-760-171-1>		<http://ids.clld.org/parameters/4-760>		<http://ids.clld.org/values/4-760-242-1>		"sobãa��"@mot	
"mourir"@fr	<http://ids.clld.org/values/4-750-171-1>		<http://ids.clld.org/parameters/4-750>		<http://ids.clld.org/values/4-750-242-1>		"širɨ̃ aḳbaikãng"@mot	
"fleur"@fr	<http://ids.clld.org/values/8-570-171-1>		<http://ids.clld.org/parameters/8-570>		<http://ids.clld.org/values/8-570-242-1>		"tootubi"@mot	
"se brûler"@fr	<http://ids.clld.org/values/1-851-171-3>		<http://ids.clld.org/parameters/1-851>		<http://ids.clld.org/values/1-851-242-1>		"dyoosaḳãn"@mot	
"obscurité"@fr	<http://ids.clld.org/values/1-620-171-1>		<http://ids.clld.org/parameters/1-620>		<http://ids.clld.org/values/1-620-242-1>		"baidaani"@mot	
"peau"@fr	<http://ids.clld.org/values/4-120-171-1>		<http://ids.clld.org/parameters/4-120>		<http://ids.clld.org/values/4-120-242-1>		"aɨgšuu"@mot	
"année"@fr	<http://ids.clld.org/values/14-730-171-1>		<http://ids.clld.org/parameters/14-730>		<http://ids.clld.org/values/14-730-242-1>		"asoḳbari"@mot	
"poignet"@fr	<http://ids.clld.org/values/4-321-171-1>		<http://ids.clld.org/parameters/4-321>		<http://ids.clld.org/values/4-321-242-1>		"aḳduu obāā"@mot	
"épieu"@fr	<http://ids.clld.org/values/20-260-171-1>		<http://ids.clld.org/parameters/20-260>		<http://ids.clld.org/values/20-260-242-1>		"ããdyɨčkãn"@mot	
"serpent"@fr	<http://ids.clld.org/values/3-850-171-1>		<http://ids.clld.org/parameters/3-850>		<http://ids.clld.org/values/3-850-242-1>		"čiidu"@mot	
"furoncle"@fr	<http://ids.clld.org/values/4-856-171-1>		<http://ids.clld.org/parameters/4-856>		<http://ids.clld.org/values/4-856-242-1>		"yayōsaibu"@mot	
"narine"@fr	<http://ids.clld.org/values/4-231-171-1>		<http://ids.clld.org/parameters/4-231>		<http://ids.clld.org/values/4-231-242-1>		"nisokwā"@mot	
"s'eveiller"@fr	<http://ids.clld.org/values/4-630-171-3>		<http://ids.clld.org/parameters/4-630>		<http://ids.clld.org/values/4-630-242-1>		"kiārusa"@mot	
"écorce"@fr	<http://ids.clld.org/values/8-750-171-1>		<http://ids.clld.org/parameters/8-750>		<http://ids.clld.org/values/8-750-242-1>		"aɨgšuu"@mot	
"langue"@fr	<http://ids.clld.org/values/4-260-171-1>		<http://ids.clld.org/parameters/4-260>		<http://ids.clld.org/values/4-260-242-1>		"kobẽ"@mot	
"frère du père"@fr	<http://ids.clld.org/values/2-512-171-1>		<http://ids.clld.org/parameters/2-512>		<http://ids.clld.org/values/2-512-242-1>		"aisī okarā"@mot	
"fourrure"@fr	<http://ids.clld.org/values/6-280-171-1>		<http://ids.clld.org/parameters/6-280>		<http://ids.clld.org/values/6-280-242-1>		"ããkbãra"@mot	
"chair"@fr	<http://ids.clld.org/values/4-130-171-1>		<http://ids.clld.org/parameters/4-130>		<http://ids.clld.org/values/4-130-242-1>		"šungbāa"@mot	
"cafard"@fr	<http://ids.clld.org/values/3-816-171-1>		<http://ids.clld.org/parameters/3-816>		<http://ids.clld.org/values/3-816-242-1>		"šokdo"@mot	
"enflure"@fr	<http://ids.clld.org/values/4-853-171-3>		<http://ids.clld.org/parameters/4-853>		<http://ids.clld.org/values/4-853-242-1>		"ayrãã"@mot	
"tempe"@fr	<http://ids.clld.org/values/4-201-171-1>		<http://ids.clld.org/parameters/4-201>		<http://ids.clld.org/values/4-201-242-1>		"kuruu"@mot	
"chauve-souris"@fr	<http://ids.clld.org/values/3-591-171-1>		<http://ids.clld.org/parameters/3-591>		<http://ids.clld.org/values/3-591-242-1>		"dohdōngba"@mot	
"glace"@fr	<http://ids.clld.org/values/1-770-171-1>		<http://ids.clld.org/parameters/1-770>		<http://ids.clld.org/values/1-770-242-1>		"sasaung-šiima"@mot	
"crainte"@fr	<http://ids.clld.org/values/16-530-171-3>		<http://ids.clld.org/parameters/16-530>		<http://ids.clld.org/values/16-530-242-1>		"doḳtosõn"@mot	
"famine"@fr	<http://ids.clld.org/values/5-141-171-1>		<http://ids.clld.org/parameters/5-141>		<http://ids.clld.org/values/5-141-242-1>		"išīdobeši"@mot	
"jaune"@fr	<http://ids.clld.org/values/15-690-171-1>		<http://ids.clld.org/parameters/15-690>		<http://ids.clld.org/values/15-690-242-1>		"karikã ašungdu"@mot	
"marmite"@fr	<http://ids.clld.org/values/5-260-171-3>		<http://ids.clld.org/parameters/5-260>		<http://ids.clld.org/values/5-260-242-1>		"bašikalai"@mot	
"jambe"@fr	<http://ids.clld.org/values/4-350-171-1>		<http://ids.clld.org/parameters/4-350>		<http://ids.clld.org/values/4-350-242-1>		"kain"@mot	
"deux"@fr	<http://ids.clld.org/values/13-20-171-1>		<http://ids.clld.org/parameters/13-20>		<http://ids.clld.org/values/13-20-242-1>		"ĩĩsaami"@mot	
"femelle"@fr	<http://ids.clld.org/values/3-130-171-1>		<http://ids.clld.org/parameters/3-130>		<http://ids.clld.org/values/3-130-242-1>		"abama"@mot	
"attacher"@fr	<http://ids.clld.org/values/9-160-171-1>		<http://ids.clld.org/parameters/9-160>		<http://ids.clld.org/values/9-160-242-1>		"yuukããn"@mot	
"un"@fr	<http://ids.clld.org/values/13-10-171-1>		<http://ids.clld.org/parameters/13-10>		<http://ids.clld.org/values/13-10-242-1>		"ĩĩtoupʔ"@mot	
"vent"@fr	<http://ids.clld.org/values/1-720-171-1>		<http://ids.clld.org/parameters/1-720>		<http://ids.clld.org/values/1-720-242-1>		"saaba"@mot	
"rêver"@fr	<http://ids.clld.org/values/4-620-171-1>		<http://ids.clld.org/parameters/4-620>		<http://ids.clld.org/values/4-620-242-1>		"borog'barina"@mot	
"chiffon"@fr	<http://ids.clld.org/values/6-810-171-3>		<http://ids.clld.org/parameters/6-810>		<http://ids.clld.org/values/6-810-242-1>		"aḳduu"@mot	
"cancrelat"@fr	<http://ids.clld.org/values/3-816-171-3>		<http://ids.clld.org/parameters/3-816>		<http://ids.clld.org/values/3-816-242-1>		"šokdo"@mot	
"coquille"@fr	<http://ids.clld.org/values/3-655-171-1>		<http://ids.clld.org/parameters/3-655>		<http://ids.clld.org/values/3-655-242-1>		"āškūu"@mot	
"éplucher"@fr	<http://ids.clld.org/values/5-460-171-3>		<http://ids.clld.org/parameters/5-460>		<http://ids.clld.org/values/5-460-242-1>		"šū"@mot	
"jour"@fr	<http://ids.clld.org/values/14-410-171-1>		<http://ids.clld.org/parameters/14-410>		<http://ids.clld.org/values/14-410-242-1>		"barikari"@mot	
"plume"@fr	<http://ids.clld.org/values/4-393-171-1>		<http://ids.clld.org/parameters/4-393>		<http://ids.clld.org/values/4-393-242-1>		"ããčĩĩ"@mot	
"planche"@fr	<http://ids.clld.org/values/7-570-171-1>		<http://ids.clld.org/parameters/7-570>		<http://ids.clld.org/values/7-570-242-1>		"kaayābaī"@mot	
"mordre"@fr	<http://ids.clld.org/values/4-580-171-1>		<http://ids.clld.org/parameters/4-580>		<http://ids.clld.org/values/4-580-242-1>		"baḳosõõ"@mot	
"petite-fille"@fr	<http://ids.clld.org/values/2-490-171-1>		<http://ids.clld.org/parameters/2-490>		<http://ids.clld.org/values/2-490-242-1>		"šiā́ abira"@mot	
"ampoule"@fr	<http://ids.clld.org/values/4-855-171-1>		<http://ids.clld.org/parameters/4-855>		<http://ids.clld.org/values/4-855-242-1>		"boksoro"@mot	
"campagne"@fr	<http://ids.clld.org/values/1-230-171-3>		<http://ids.clld.org/parameters/1-230>		<http://ids.clld.org/values/1-230-242-1>		"bẽa"@mot	
"bête"@fr	<http://ids.clld.org/values/3-110-171-3>		<http://ids.clld.org/parameters/3-110>		<http://ids.clld.org/values/3-110-242-1>		"rugčī"@mot	
"ongle"@fr	<http://ids.clld.org/values/4-344-171-1>		<http://ids.clld.org/parameters/4-344>		<http://ids.clld.org/values/4-344-242-1>		"šdooh"@mot	
"sucer"@fr	<http://ids.clld.org/values/5-160-171-1>		<http://ids.clld.org/parameters/5-160>		<http://ids.clld.org/values/5-160-242-3>		"dada"@mot	
"sucer"@fr	<http://ids.clld.org/values/5-160-171-1>		<http://ids.clld.org/parameters/5-160>		<http://ids.clld.org/values/5-160-242-1>		"tuu aɨgsadyĩ"@mot	
"pierre"@fr	<http://ids.clld.org/values/1-440-171-1>		<http://ids.clld.org/parameters/1-440>		<http://ids.clld.org/values/1-440-242-3>		"aɨna"@mot	
"pierre"@fr	<http://ids.clld.org/values/1-440-171-1>		<http://ids.clld.org/parameters/1-440>		<http://ids.clld.org/values/1-440-242-1>		"ããng"@mot	
"puce"@fr	<http://ids.clld.org/values/3-813-171-1>		<http://ids.clld.org/parameters/3-813>		<http://ids.clld.org/values/3-813-242-1>		"durāba kū"@mot	
"lourd"@fr	<http://ids.clld.org/values/15-810-171-1>		<http://ids.clld.org/parameters/15-810>		<http://ids.clld.org/values/15-810-242-1>		"aabari"@mot	
"dire"@fr	<http://ids.clld.org/values/18-220-171-1>		<http://ids.clld.org/parameters/18-220>		<http://ids.clld.org/values/18-220-242-1>		"iibaḳan"@mot	
"vivant"@fr	<http://ids.clld.org/values/4-740-171-3>		<http://ids.clld.org/parameters/4-740>		<http://ids.clld.org/values/4-740-242-3>		"baɨgbari"@mot	
"vivant"@fr	<http://ids.clld.org/values/4-740-171-3>		<http://ids.clld.org/parameters/4-740>		<http://ids.clld.org/values/4-740-242-1>		"dobaɨgbari"@mot	
"grand"@fr	<http://ids.clld.org/values/12-550-171-1>		<http://ids.clld.org/parameters/12-550>		<http://ids.clld.org/values/12-550-242-1>		"aabii"@mot	
"gros"@fr	<http://ids.clld.org/values/12-550-171-3>		<http://ids.clld.org/parameters/12-550>		<http://ids.clld.org/values/12-550-242-1>		"aabii"@mot	
"eux"@fr	<http://ids.clld.org/values/2-960-171-1>		<http://ids.clld.org/parameters/2-960>		<http://ids.clld.org/values/2-960-242-1>		"oračidyi"@mot	
"perroquet"@fr	<http://ids.clld.org/values/3-592-171-1>		<http://ids.clld.org/parameters/3-592>		<http://ids.clld.org/values/3-592-242-1>		"dahba"@mot	
"veine"@fr	<http://ids.clld.org/values/4-151-171-1>		<http://ids.clld.org/parameters/4-151>		<http://ids.clld.org/values/4-151-242-1>		"ašĩšii"@mot	
"route"@fr	<http://ids.clld.org/values/10-710-171-1>		<http://ids.clld.org/parameters/10-710>		<http://ids.clld.org/values/10-710-242-1>		"šikɨ"@mot	
"arbre"@fr	<http://ids.clld.org/values/1-420-171-1>		<http://ids.clld.org/parameters/1-420>		<http://ids.clld.org/values/1-420-242-1>		"kaa"@mot	
"belle-fille"@fr	<http://ids.clld.org/values/2-740-171-1>		<http://ids.clld.org/parameters/2-740>		<http://ids.clld.org/values/2-740-242-1>		"kobokā"@mot	
"poil pubien"@fr	<http://ids.clld.org/values/4-145-171-1>		<http://ids.clld.org/parameters/4-145>		<http://ids.clld.org/values/4-145-242-1>		"bakači"@mot	
"court"@fr	<http://ids.clld.org/values/12-590-171-1>		<http://ids.clld.org/parameters/12-590>		<http://ids.clld.org/values/12-590-242-1>		"ooḳbarekʔ"@mot	
"vieux"@fr	<http://ids.clld.org/values/14-150-171-1>		<http://ids.clld.org/parameters/14-150>		<http://ids.clld.org/values/14-150-242-1>		"saatdau"@mot	
"griffe"@fr	<http://ids.clld.org/values/4-345-171-1>		<http://ids.clld.org/parameters/4-345>		<http://ids.clld.org/values/4-345-242-1>		"ašitdo"@mot	
"cou"@fr	<http://ids.clld.org/values/4-280-171-1>		<http://ids.clld.org/parameters/4-280>		<http://ids.clld.org/values/4-280-242-3>		"aboo aidyi"@mot	
"cou"@fr	<http://ids.clld.org/values/4-280-171-1>		<http://ids.clld.org/parameters/4-280>		<http://ids.clld.org/values/4-280-242-1>		"aboo"@mot	
"sein"@fr	<http://ids.clld.org/values/4-410-171-1>		<http://ids.clld.org/parameters/4-410>		<http://ids.clld.org/values/4-410-242-1>		"twaa"@mot	
"jeune fille"@fr	<http://ids.clld.org/values/2-261-171-1>		<http://ids.clld.org/parameters/2-261>		<http://ids.clld.org/values/2-261-242-1>		"ašibī dou"@mot	
"os"@fr	<http://ids.clld.org/values/4-160-171-1>		<http://ids.clld.org/parameters/4-160>		<http://ids.clld.org/values/4-160-242-1>		"ahkara"@mot	
"fruit"@fr	<http://ids.clld.org/values/5-710-171-1>		<http://ids.clld.org/parameters/5-710>		<http://ids.clld.org/values/5-710-242-1>		"kaaraba"@mot	
"puissant"@fr	<http://ids.clld.org/values/4-810-171-3>		<http://ids.clld.org/parameters/4-810>		<http://ids.clld.org/values/4-810-242-1>		"karābari"@mot	
"chevron"@fr	<http://ids.clld.org/values/7-540-171-3>		<http://ids.clld.org/parameters/7-540>		<http://ids.clld.org/values/7-540-242-1>		"dāabara"@mot	
"chevreuil"@fr	<http://ids.clld.org/values/3-750-171-5>		<http://ids.clld.org/parameters/3-750>		<http://ids.clld.org/values/3-750-242-1>		"šadā́ikba"@mot	
"tonnerre"@fr	<http://ids.clld.org/values/1-560-171-1>		<http://ids.clld.org/parameters/1-560>		<http://ids.clld.org/values/1-560-242-1>		"bihdāri"@mot	
"peler"@fr	<http://ids.clld.org/values/5-460-171-1>		<http://ids.clld.org/parameters/5-460>		<http://ids.clld.org/values/5-460-242-1>		"šū"@mot	
"forêt"@fr	<http://ids.clld.org/values/1-410-171-3>		<http://ids.clld.org/parameters/1-410>		<http://ids.clld.org/values/1-410-242-1>		"itenči"@mot	
"porter"@fr	<http://ids.clld.org/values/6-110-171-1>		<http://ids.clld.org/parameters/6-110>		<http://ids.clld.org/values/6-110-242-1>		"kāasa"@mot	
"au-dessus"@fr	<http://ids.clld.org/values/12-80-171-1>		<http://ids.clld.org/parameters/12-80>		<http://ids.clld.org/values/12-80-242-1>		"baaduu"@mot	
"mettre (vêtement)"@fr	<http://ids.clld.org/values/6-110-171-3>		<http://ids.clld.org/parameters/6-110>		<http://ids.clld.org/values/6-110-242-1>		"kāasa"@mot	
"percer"@fr	<http://ids.clld.org/values/9-460-171-1>		<http://ids.clld.org/parameters/9-460>		<http://ids.clld.org/values/9-460-242-1>		"akotukããn"@mot	
"manger"@fr	<http://ids.clld.org/values/5-110-171-1>		<http://ids.clld.org/parameters/5-110>		<http://ids.clld.org/values/5-110-242-1>		"karabaseɨba"@mot	
"porte"@fr	<http://ids.clld.org/values/7-220-171-1>		<http://ids.clld.org/parameters/7-220>		<http://ids.clld.org/values/7-220-242-1>		"unkušū"@mot	
"coeur"@fr	<http://ids.clld.org/values/4-440-171-1>		<http://ids.clld.org/parameters/4-440>		<http://ids.clld.org/values/4-440-242-1>		"aḳbadyĩĩ"@mot	
"héron"@fr	<http://ids.clld.org/values/3-583-171-1>		<http://ids.clld.org/parameters/3-583>		<http://ids.clld.org/values/3-583-242-1>		"taāna"@mot	
"pantalon"@fr	<http://ids.clld.org/values/6-480-171-1>		<http://ids.clld.org/parameters/6-480>		<http://ids.clld.org/values/6-480-242-1>		"ašiõkba"@mot	
"champ"@fr	<http://ids.clld.org/values/8-120-171-1>		<http://ids.clld.org/parameters/8-120>		<http://ids.clld.org/values/8-120-242-1>		"dogbah"@mot	
"oncle"@fr	<http://ids.clld.org/values/2-510-171-1>		<http://ids.clld.org/parameters/2-510>		<http://ids.clld.org/values/2-510-242-1>		"aisī okarā"@mot	
"puits"@fr	<http://ids.clld.org/values/1-370-171-3>		<http://ids.clld.org/parameters/1-370>		<http://ids.clld.org/values/1-370-242-1>		"undaghakĩ"@mot	
