"lune"@fr	<http://ids.clld.org/values/1-530-171-1>		<http://ids.clld.org/parameters/1-530>		<http://ids.clld.org/values/1-530-280-1>		"'ʔoṣ̌ɨ"@pcp	
"grenouille"@fr	<http://ids.clld.org/values/3-950-171-1>		<http://ids.clld.org/parameters/3-950>		<http://ids.clld.org/values/3-950-280-1>		"wɨṣ̌ko"@pcp	
"sang"@fr	<http://ids.clld.org/values/4-150-171-1>		<http://ids.clld.org/parameters/4-150>		<http://ids.clld.org/values/4-150-280-1>		"'himi"@pcp	
"nez"@fr	<http://ids.clld.org/values/4-230-171-1>		<http://ids.clld.org/parameters/4-230>		<http://ids.clld.org/values/4-230-280-1>		"řɨ'kina"@pcp	
"guêpe"@fr	<http://ids.clld.org/values/3-823-171-1>		<http://ids.clld.org/parameters/3-823>		<http://ids.clld.org/values/3-823-280-1>		"'wina"@pcp	
"bûches"@fr	<http://ids.clld.org/values/1-880-171-3>		<http://ids.clld.org/parameters/1-880>		<http://ids.clld.org/values/1-880-280-1>		"'kařo"@pcp	
"pied"@fr	<http://ids.clld.org/values/4-370-171-1>		<http://ids.clld.org/parameters/4-370>		<http://ids.clld.org/values/4-370-280-1>		"'taʔɨ"@pcp	
"tête"@fr	<http://ids.clld.org/values/4-200-171-1>		<http://ids.clld.org/parameters/4-200>		<http://ids.clld.org/values/4-200-280-1>		"'mapo"@pcp	
"moustique"@fr	<http://ids.clld.org/values/3-831-171-1>		<http://ids.clld.org/parameters/3-831>		<http://ids.clld.org/values/3-831-280-1>		"'šio"@pcp	
"moustique"@fr	<http://ids.clld.org/values/3-831-171-1>		<http://ids.clld.org/parameters/3-831>		<http://ids.clld.org/values/3-831-280-3>		"'čio"@pcp	
"étoile"@fr	<http://ids.clld.org/values/1-540-171-1>		<http://ids.clld.org/parameters/1-540>		<http://ids.clld.org/values/1-540-280-1>		"'wištima"@pcp	
"pirogue"@fr	<http://ids.clld.org/values/10-831-171-3>		<http://ids.clld.org/parameters/10-831>		<http://ids.clld.org/values/10-831-280-1>		"'noti"@pcp	
"farine"@fr	<http://ids.clld.org/values/5-550-171-1>		<http://ids.clld.org/parameters/5-550>		<http://ids.clld.org/values/5-550-280-1>		"'moto"@pcp	
"coton"@fr	<http://ids.clld.org/values/6-240-171-1>		<http://ids.clld.org/parameters/6-240>		<http://ids.clld.org/values/6-240-280-1>		"waṣ̌'mɨna"@pcp	
"pluie"@fr	<http://ids.clld.org/values/1-750-171-1>		<http://ids.clld.org/parameters/1-750>		<http://ids.clld.org/values/1-750-280-3>		"ʔo'i"@pcp	
"pluie"@fr	<http://ids.clld.org/values/1-750-171-1>		<http://ids.clld.org/parameters/1-750>		<http://ids.clld.org/values/1-750-280-1>		"o'i"@pcp	
"bouche"@fr	<http://ids.clld.org/values/4-240-171-1>		<http://ids.clld.org/parameters/4-240>		<http://ids.clld.org/values/4-240-280-1>		"kɨ'wɨči"@pcp	
"daim"@fr	<http://ids.clld.org/values/3-750-171-1>		<http://ids.clld.org/parameters/3-750>		<http://ids.clld.org/values/3-750-280-1>		"'čaṣ̌o"@pcp	
"époux"@fr	<http://ids.clld.org/values/2-310-171-3>		<http://ids.clld.org/parameters/2-310>		<http://ids.clld.org/values/2-310-280-1>		"'wɨnɨ"@pcp	
"fleuve"@fr	<http://ids.clld.org/values/1-360-171-1>		<http://ids.clld.org/parameters/1-360>		<http://ids.clld.org/values/1-360-280-1>		"'ʔani"@pcp	
"fleuve"@fr	<http://ids.clld.org/values/1-360-171-1>		<http://ids.clld.org/parameters/1-360>		<http://ids.clld.org/values/1-360-280-3>		"'pao"@pcp	
"tranchant"@fr	<http://ids.clld.org/values/15-780-171-1>		<http://ids.clld.org/parameters/15-780>		<http://ids.clld.org/values/15-780-280-1>		"'ɨika"@pcp	
"laver"@fr	<http://ids.clld.org/values/9-360-171-1>		<http://ids.clld.org/parameters/9-360>		<http://ids.clld.org/values/9-360-280-1>		"'aši"@pcp	
"ruisseau"@fr	<http://ids.clld.org/values/1-360-171-5>		<http://ids.clld.org/parameters/1-360>		<http://ids.clld.org/values/1-360-280-1>		"'ʔani"@pcp	
"ruisseau"@fr	<http://ids.clld.org/values/1-360-171-5>		<http://ids.clld.org/parameters/1-360>		<http://ids.clld.org/values/1-360-280-3>		"'pao"@pcp	
"filet"@fr	<http://ids.clld.org/values/9-780-171-1>		<http://ids.clld.org/parameters/9-780>		<http://ids.clld.org/values/9-780-280-1>		"'sota"@pcp	
"ciel"@fr	<http://ids.clld.org/values/1-510-171-1>		<http://ids.clld.org/parameters/1-510>		<http://ids.clld.org/values/1-510-280-1>		"na'ipa"@pcp	
"moustique"@fr	<http://ids.clld.org/values/3-832-171-1>		<http://ids.clld.org/parameters/3-832>		<http://ids.clld.org/values/3-832-280-1>		"'wii"@pcp	
"montrer"@fr	<http://ids.clld.org/values/15-550-171-1>		<http://ids.clld.org/parameters/15-550>		<http://ids.clld.org/values/15-550-280-1>		"hi-'maki"@pcp	
"feuille"@fr	<http://ids.clld.org/values/8-560-171-1>		<http://ids.clld.org/parameters/8-560>		<http://ids.clld.org/values/8-560-280-1>		"'pɨʔi"@pcp	
"dent"@fr	<http://ids.clld.org/values/4-270-171-1>		<http://ids.clld.org/parameters/4-270>		<http://ids.clld.org/values/4-270-280-1>		"'ṣ̌ɨna"@pcp	
"femme"@fr	<http://ids.clld.org/values/2-220-171-1>		<http://ids.clld.org/parameters/2-220>		<http://ids.clld.org/values/2-220-280-1>		"'yoṣ̌a"@pcp	
"épouse"@fr	<http://ids.clld.org/values/2-320-171-3>		<http://ids.clld.org/parameters/2-320>		<http://ids.clld.org/values/2-320-280-1>		"ʔa'wini"@pcp	
"nid"@fr	<http://ids.clld.org/values/3-580-171-1>		<http://ids.clld.org/parameters/3-580>		<http://ids.clld.org/values/3-580-280-1>		"'naʔa"@pcp	
"père"@fr	<http://ids.clld.org/values/2-350-171-1>		<http://ids.clld.org/parameters/2-350>		<http://ids.clld.org/values/2-350-280-1>		"'ɨpa"@pcp	
"père"@fr	<http://ids.clld.org/values/2-350-171-1>		<http://ids.clld.org/parameters/2-350>		<http://ids.clld.org/values/2-350-280-3>		"'ʔɨpa"@pcp	
"oiseau"@fr	<http://ids.clld.org/values/3-581-171-1>		<http://ids.clld.org/parameters/3-581>		<http://ids.clld.org/values/3-581-280-1>		"'isko"@pcp	
"canoe"@fr	<http://ids.clld.org/values/10-831-171-1>		<http://ids.clld.org/parameters/10-831>		<http://ids.clld.org/values/10-831-280-1>		"'noti"@pcp	
"nuage"@fr	<http://ids.clld.org/values/1-730-171-1>		<http://ids.clld.org/parameters/1-730>		<http://ids.clld.org/values/1-730-280-1>		"'c̷ɨmo"@pcp	
"enfant"@fr	<http://ids.clld.org/values/2-280-171-1>		<http://ids.clld.org/parameters/2-280>		<http://ids.clld.org/values/2-280-280-1>		"'wakɨ 'pistia"@pcp	
"voir"@fr	<http://ids.clld.org/values/15-510-171-1>		<http://ids.clld.org/parameters/15-510>		<http://ids.clld.org/values/15-510-280-1>		"his'pa"@pcp	
"voir"@fr	<http://ids.clld.org/values/15-510-171-1>		<http://ids.clld.org/parameters/15-510>		<http://ids.clld.org/values/15-510-280-3>		"'hisna"@pcp	
"insecte"@fr	<http://ids.clld.org/values/3-810-171-1>		<http://ids.clld.org/parameters/3-810>		<http://ids.clld.org/values/3-810-280-1>		"wɨ'oso"@pcp	
"mère"@fr	<http://ids.clld.org/values/2-360-171-1>		<http://ids.clld.org/parameters/2-360>		<http://ids.clld.org/values/2-360-280-1>		"'kai"@pcp	
"oeuf"@fr	<http://ids.clld.org/values/5-970-171-1>		<http://ids.clld.org/parameters/5-970>		<http://ids.clld.org/values/5-970-280-1>		"'wači"@pcp	
"je"@fr	<http://ids.clld.org/values/2-910-171-1>		<http://ids.clld.org/parameters/2-910>		<http://ids.clld.org/values/2-910-280-1>		"'ɨa"@pcp	
"blanc"@fr	<http://ids.clld.org/values/15-640-171-1>		<http://ids.clld.org/parameters/15-640>		<http://ids.clld.org/values/15-640-280-1>		"'hoṣ̌o"@pcp	
"barbe"@fr	<http://ids.clld.org/values/4-142-171-1>		<http://ids.clld.org/parameters/4-142>		<http://ids.clld.org/values/4-142-280-1>		"'kɨni"@pcp	
"il/elle/il"@fr	<http://ids.clld.org/values/2-930-171-1>		<http://ids.clld.org/parameters/2-930>		<http://ids.clld.org/values/2-930-280-1>		"'haa"@pcp	
"poumon"@fr	<http://ids.clld.org/values/4-441-171-1>		<http://ids.clld.org/parameters/4-441>		<http://ids.clld.org/values/4-441-280-1>		"'taṣ̌a"@pcp	
"foie"@fr	<http://ids.clld.org/values/4-450-171-1>		<http://ids.clld.org/parameters/4-450>		<http://ids.clld.org/values/4-450-280-1>		"'taka"@pcp	
"fendre"@fr	<http://ids.clld.org/values/9-270-171-1>		<http://ids.clld.org/parameters/9-270>		<http://ids.clld.org/values/9-270-280-1>		"ma'tošmaki"@pcp	
"aiguisé"@fr	<http://ids.clld.org/values/15-780-171-3>		<http://ids.clld.org/parameters/15-780>		<http://ids.clld.org/values/15-780-280-1>		"'ɨika"@pcp	
"manioc"@fr	<http://ids.clld.org/values/8-920-171-1>		<http://ids.clld.org/parameters/8-920>		<http://ids.clld.org/values/8-920-280-1>		"'ac̷a"@pcp	
"bras"@fr	<http://ids.clld.org/values/4-310-171-1>		<http://ids.clld.org/parameters/4-310>		<http://ids.clld.org/values/4-310-280-1>		"po'yana"@pcp	
"couper"@fr	<http://ids.clld.org/values/9-220-171-1>		<http://ids.clld.org/parameters/9-220>		<http://ids.clld.org/values/9-220-280-1>		"'kɨɨsakia"@pcp	
"hibou"@fr	<http://ids.clld.org/values/3-596-171-1>		<http://ids.clld.org/parameters/3-596>		<http://ids.clld.org/values/3-596-280-1>		"'popo"@pcp	
"bois de chauffage"@fr	<http://ids.clld.org/values/1-880-171-1>		<http://ids.clld.org/parameters/1-880>		<http://ids.clld.org/values/1-880-280-1>		"'kařo"@pcp	
"sucré"@fr	<http://ids.clld.org/values/15-350-171-1>		<http://ids.clld.org/parameters/15-350>		<http://ids.clld.org/values/15-350-280-1>		"tɨ'ɨ"@pcp	
"faim"@fr	<http://ids.clld.org/values/5-140-171-1>		<http://ids.clld.org/parameters/5-140>		<http://ids.clld.org/values/5-140-280-1>		"paṣ̌na'hai"@pcp	
"tortue"@fr	<http://ids.clld.org/values/3-980-171-1>		<http://ids.clld.org/parameters/3-980>		<http://ids.clld.org/values/3-980-280-1>		"'ṣ̌awɨ"@pcp	
"oreille"@fr	<http://ids.clld.org/values/4-220-171-1>		<http://ids.clld.org/parameters/4-220>		<http://ids.clld.org/values/4-220-280-1>		"'paʔoki"@pcp	
"fumée"@fr	<http://ids.clld.org/values/1-830-171-1>		<http://ids.clld.org/parameters/1-830>		<http://ids.clld.org/values/1-830-280-1>		"ko'ʔina"@pcp	
"arbre"@fr	<http://ids.clld.org/values/8-600-171-1>		<http://ids.clld.org/parameters/8-600>		<http://ids.clld.org/values/8-600-280-1>		"'hiwi"@pcp	
"loin"@fr	<http://ids.clld.org/values/12-440-171-1>		<http://ids.clld.org/parameters/12-440>		<http://ids.clld.org/values/12-440-280-1>		"nɨ'ama"@pcp	
"soleil"@fr	<http://ids.clld.org/values/1-520-171-1>		<http://ids.clld.org/parameters/1-520>		<http://ids.clld.org/values/1-520-280-1>		"'waři"@pcp	
"eau"@fr	<http://ids.clld.org/values/1-310-171-1>		<http://ids.clld.org/parameters/1-310>		<http://ids.clld.org/values/1-310-280-1>		"'hɨnɨ"@pcp	
"cendres"@fr	<http://ids.clld.org/values/1-840-171-1>		<http://ids.clld.org/parameters/1-840>		<http://ids.clld.org/values/1-840-280-1>		"'mišpo"@pcp	
"petit"@fr	<http://ids.clld.org/values/12-560-171-1>		<http://ids.clld.org/parameters/12-560>		<http://ids.clld.org/values/12-560-280-1>		"'mišni"@pcp	
"feu"@fr	<http://ids.clld.org/values/1-810-171-1>		<http://ids.clld.org/parameters/1-810>		<http://ids.clld.org/values/1-810-280-1>		"'čiʔi"@pcp	
"faire"@fr	<http://ids.clld.org/values/9-110-171-1>		<http://ids.clld.org/parameters/9-110>		<http://ids.clld.org/values/9-110-280-1>		"i'wɨ"@pcp	
"mari"@fr	<http://ids.clld.org/values/2-310-171-1>		<http://ids.clld.org/parameters/2-310>		<http://ids.clld.org/values/2-310-280-1>		"'wɨnɨ"@pcp	
"joue"@fr	<http://ids.clld.org/values/4-208-171-1>		<http://ids.clld.org/parameters/4-208>		<http://ids.clld.org/values/4-208-280-1>		"'tamo"@pcp	
"poulet"@fr	<http://ids.clld.org/values/3-550-171-1>		<http://ids.clld.org/parameters/3-550>		<http://ids.clld.org/values/3-550-280-1>		"pati'aři"@pcp	
"homme"@fr	<http://ids.clld.org/values/2-210-171-1>		<http://ids.clld.org/parameters/2-210>		<http://ids.clld.org/values/2-210-280-1>		"'honi"@pcp	
"graine"@fr	<http://ids.clld.org/values/6-760-171-1>		<http://ids.clld.org/parameters/6-760>		<http://ids.clld.org/values/6-760-280-1>		"'kisi"@pcp	
"maïs"@fr	<http://ids.clld.org/values/8-470-171-1>		<http://ids.clld.org/parameters/8-470>		<http://ids.clld.org/values/8-470-280-1>		"'ṣ̌ɨki"@pcp	
"main"@fr	<http://ids.clld.org/values/4-330-171-1>		<http://ids.clld.org/parameters/4-330>		<http://ids.clld.org/values/4-330-280-1>		"mɨ'kɨna"@pcp	
"doux"@fr	<http://ids.clld.org/values/15-350-171-3>		<http://ids.clld.org/parameters/15-350>		<http://ids.clld.org/values/15-350-280-1>		"tɨ'ɨ"@pcp	
"corde"@fr	<http://ids.clld.org/values/9-190-171-1>		<http://ids.clld.org/parameters/9-190>		<http://ids.clld.org/values/9-190-280-1>		"'taška"@pcp	
"poisson"@fr	<http://ids.clld.org/values/3-650-171-1>		<http://ids.clld.org/parameters/3-650>		<http://ids.clld.org/values/3-650-280-3>		"'woɨ"@pcp	
"poisson"@fr	<http://ids.clld.org/values/3-650-171-1>		<http://ids.clld.org/parameters/3-650>		<http://ids.clld.org/values/3-650-280-1>		"sa'nino"@pcp	
"bébé"@fr	<http://ids.clld.org/values/2-280-171-3>		<http://ids.clld.org/parameters/2-280>		<http://ids.clld.org/values/2-280-280-1>		"'wakɨ 'pistia"@pcp	
"rivière"@fr	<http://ids.clld.org/values/1-360-171-3>		<http://ids.clld.org/parameters/1-360>		<http://ids.clld.org/values/1-360-280-1>		"'ʔani"@pcp	
"rivière"@fr	<http://ids.clld.org/values/1-360-171-3>		<http://ids.clld.org/parameters/1-360>		<http://ids.clld.org/values/1-360-280-3>		"'pao"@pcp	
"femme"@fr	<http://ids.clld.org/values/2-320-171-1>		<http://ids.clld.org/parameters/2-320>		<http://ids.clld.org/values/2-320-280-1>		"ʔa'wini"@pcp	
"moucheron"@fr	<http://ids.clld.org/values/3-831-171-3>		<http://ids.clld.org/parameters/3-831>		<http://ids.clld.org/values/3-831-280-1>		"'šio"@pcp	
"moucheron"@fr	<http://ids.clld.org/values/3-831-171-3>		<http://ids.clld.org/parameters/3-831>		<http://ids.clld.org/values/3-831-280-3>		"'čio"@pcp	
"oeil"@fr	<http://ids.clld.org/values/4-210-171-1>		<http://ids.clld.org/parameters/4-210>		<http://ids.clld.org/values/4-210-280-1>		"'wɨřo"@pcp	
"cerf"@fr	<http://ids.clld.org/values/3-750-171-3>		<http://ids.clld.org/parameters/3-750>		<http://ids.clld.org/values/3-750-280-1>		"'čaṣ̌o"@pcp	
"moi"@fr	<http://ids.clld.org/values/2-910-171-3>		<http://ids.clld.org/parameters/2-910>		<http://ids.clld.org/values/2-910-280-1>		"'ɨa"@pcp	
"cheveu"@fr	<http://ids.clld.org/values/4-140-171-1>		<http://ids.clld.org/parameters/4-140>		<http://ids.clld.org/values/4-140-280-1>		"'woo"@pcp	
"rouge"@fr	<http://ids.clld.org/values/15-660-171-1>		<http://ids.clld.org/parameters/15-660>		<http://ids.clld.org/values/15-660-280-1>		"'šini"@pcp	
"hache"@fr	<http://ids.clld.org/values/9-250-171-1>		<http://ids.clld.org/parameters/9-250>		<http://ids.clld.org/values/9-250-280-1>		"[hača]"@pcp	
"racine"@fr	<http://ids.clld.org/values/8-540-171-1>		<http://ids.clld.org/parameters/8-540>		<http://ids.clld.org/values/8-540-280-1>		"ta'pono"@pcp	
"vautour"@fr	<http://ids.clld.org/values/3-586-171-1>		<http://ids.clld.org/parameters/3-586>		<http://ids.clld.org/values/3-586-280-1>		"po'iko"@pcp	
"terre"@fr	<http://ids.clld.org/values/1-210-171-1>		<http://ids.clld.org/parameters/1-210>		<http://ids.clld.org/values/1-210-280-1>		"'mai"@pcp	
"maison"@fr	<http://ids.clld.org/values/7-120-171-1>		<http://ids.clld.org/parameters/7-120>		<http://ids.clld.org/values/7-120-280-1>		"'ṣ̌owo"@pcp	
"fleur"@fr	<http://ids.clld.org/values/8-570-171-1>		<http://ids.clld.org/parameters/8-570>		<http://ids.clld.org/values/8-570-280-3>		"řeṣ̌'pana"@pcp	
"fleur"@fr	<http://ids.clld.org/values/8-570-171-1>		<http://ids.clld.org/parameters/8-570>		<http://ids.clld.org/values/8-570-280-1>		"'hoa"@pcp	
"peau"@fr	<http://ids.clld.org/values/4-120-171-1>		<http://ids.clld.org/parameters/4-120>		<http://ids.clld.org/values/4-120-280-1>		"'wiči"@pcp	
"langue"@fr	<http://ids.clld.org/values/4-260-171-1>		<http://ids.clld.org/parameters/4-260>		<http://ids.clld.org/values/4-260-280-1>		"'hana"@pcp	
"palmier"@fr	<http://ids.clld.org/values/8-810-171-1>		<http://ids.clld.org/parameters/8-810>		<http://ids.clld.org/values/8-810-280-1>		"'koti"@pcp	
"jambe"@fr	<http://ids.clld.org/values/4-350-171-1>		<http://ids.clld.org/parameters/4-350>		<http://ids.clld.org/values/4-350-280-1>		"'wiko"@pcp	
"deux"@fr	<http://ids.clld.org/values/13-20-171-1>		<http://ids.clld.org/parameters/13-20>		<http://ids.clld.org/values/13-20-280-1>		"ra'wɨ"@pcp	
"trou"@fr	<http://ids.clld.org/values/12-850-171-1>		<http://ids.clld.org/parameters/12-850>		<http://ids.clld.org/values/12-850-280-1>		"'kini"@pcp	
"jour"@fr	<http://ids.clld.org/values/14-410-171-1>		<http://ids.clld.org/parameters/14-410>		<http://ids.clld.org/values/14-410-280-1>		"'waři"@pcp	
"lourd"@fr	<http://ids.clld.org/values/15-810-171-1>		<http://ids.clld.org/parameters/15-810>		<http://ids.clld.org/values/15-810-280-1>		"'iwɨ"@pcp	
"perroquet"@fr	<http://ids.clld.org/values/3-592-171-1>		<http://ids.clld.org/parameters/3-592>		<http://ids.clld.org/values/3-592-280-1>		"'wawa"@pcp	
"arbre"@fr	<http://ids.clld.org/values/1-420-171-1>		<http://ids.clld.org/parameters/1-420>		<http://ids.clld.org/values/1-420-280-1>		"'hiwi"@pcp	
"os"@fr	<http://ids.clld.org/values/4-160-171-1>		<http://ids.clld.org/parameters/4-160>		<http://ids.clld.org/values/4-160-280-1>		"'ṣ̌ao"@pcp	
"fruit"@fr	<http://ids.clld.org/values/5-710-171-1>		<http://ids.clld.org/parameters/5-710>		<http://ids.clld.org/values/5-710-280-1>		"'kɨo"@pcp	
"chevreuil"@fr	<http://ids.clld.org/values/3-750-171-5>		<http://ids.clld.org/parameters/3-750>		<http://ids.clld.org/values/3-750-280-1>		"'čaṣ̌o"@pcp	
"tonnerre"@fr	<http://ids.clld.org/values/1-560-171-1>		<http://ids.clld.org/parameters/1-560>		<http://ids.clld.org/values/1-560-280-1>		"'naina"@pcp	
"coeur"@fr	<http://ids.clld.org/values/4-440-171-1>		<http://ids.clld.org/parameters/4-440>		<http://ids.clld.org/values/4-440-280-1>		"howi'ti"@pcp	
"champ"@fr	<http://ids.clld.org/values/8-120-171-1>		<http://ids.clld.org/parameters/8-120>		<http://ids.clld.org/values/8-120-280-1>		"'wai"@pcp	
