"semence"@fr	<http://ids.clld.org/values/8-311-171-3>		<http://ids.clld.org/parameters/8-311>		<http://ids.clld.org/values/8-311-286-1>		"tokwi"@pav	
"lune"@fr	<http://ids.clld.org/values/1-530-171-1>		<http://ids.clld.org/parameters/1-530>		<http://ids.clld.org/values/1-530-286-1>		"panawoʔ"@pav	
"juste"@fr	<http://ids.clld.org/values/16-730-171-1>		<http://ids.clld.org/parameters/16-730>		<http://ids.clld.org/values/16-730-286-1>		"šoʔ"@pav	
"sang"@fr	<http://ids.clld.org/values/4-150-171-1>		<http://ids.clld.org/parameters/4-150>		<http://ids.clld.org/values/4-150-286-1>		"kišiʔ (wik)"@pav	
"vigne"@fr	<http://ids.clld.org/values/8-670-171-1>		<http://ids.clld.org/parameters/8-670>		<http://ids.clld.org/values/8-670-286-1>		"makon (makorišiʔ)"@pav	
"se retourner"@fr	<http://ids.clld.org/values/10-130-171-3>		<http://ids.clld.org/parameters/10-130>		<http://ids.clld.org/values/10-130-286-1>		"yami"@pav	
"nez"@fr	<http://ids.clld.org/values/4-230-171-1>		<http://ids.clld.org/parameters/4-230>		<http://ids.clld.org/values/4-230-286-1>		"werešiʔ (ut)"@pav	
"aile"@fr	<http://ids.clld.org/values/4-392-171-1>		<http://ids.clld.org/parameters/4-392>		<http://ids.clld.org/values/4-392-286-1>		"tapaši"@pav	
"herbe"@fr	<http://ids.clld.org/values/8-510-171-1>		<http://ids.clld.org/parameters/8-510>		<http://ids.clld.org/values/8-510-286-1>		"tononoin"@pav	
"pied"@fr	<http://ids.clld.org/values/4-370-171-1>		<http://ids.clld.org/parameters/4-370>		<http://ids.clld.org/values/4-370-286-1>		"kašimašiʔ (kašim)"@pav	
"cracher"@fr	<http://ids.clld.org/values/4-560-171-1>		<http://ids.clld.org/parameters/4-560>		<http://ids.clld.org/values/4-560-286-1>		"hupaʔ"@pav	
"brûler"@fr	<http://ids.clld.org/values/1-851-171-1>		<http://ids.clld.org/parameters/1-851>		<http://ids.clld.org/values/1-851-286-3>		"wiran"@pav	
"brûler"@fr	<http://ids.clld.org/values/1-851-171-1>		<http://ids.clld.org/parameters/1-851>		<http://ids.clld.org/values/1-851-286-1>		"tom"@pav	
"brûler"@fr	<http://ids.clld.org/values/1-851-171-1>		<http://ids.clld.org/parameters/1-851>		<http://ids.clld.org/values/1-851-286-5>		"karahoʔ"@pav	
"beaucoup"@fr	<http://ids.clld.org/values/13-150-171-1>		<http://ids.clld.org/parameters/13-150>		<http://ids.clld.org/values/13-150-286-1>		"iriʔ miyo/ miya"@pav	
"tête"@fr	<http://ids.clld.org/values/4-200-171-1>		<http://ids.clld.org/parameters/4-200>		<http://ids.clld.org/values/4-200-286-1>		"winašiʔ (wayiʔ)"@pav	
"savoir"@fr	<http://ids.clld.org/values/17-170-171-1>		<http://ids.clld.org/parameters/17-170>		<http://ids.clld.org/values/17-170-286-1>		"tašiʔ"@pav	
"savoir"@fr	<http://ids.clld.org/values/17-170-171-1>		<http://ids.clld.org/parameters/17-170>		<http://ids.clld.org/values/17-170-286-3>		"kerek"@pav	
"savoir"@fr	<http://ids.clld.org/values/17-170-171-1>		<http://ids.clld.org/parameters/17-170>		<http://ids.clld.org/values/17-170-286-5>		"kerek pinʔ"@pav	
"chien"@fr	<http://ids.clld.org/values/3-610-171-1>		<http://ids.clld.org/parameters/3-610>		<http://ids.clld.org/values/3-610-286-1>		"oromiyak"@pav	
"graisse"@fr	<http://ids.clld.org/values/5-791-171-1>		<http://ids.clld.org/parameters/5-791>		<http://ids.clld.org/values/5-791-286-1>		"homain"@pav	
"étoile"@fr	<http://ids.clld.org/values/1-540-171-1>		<http://ids.clld.org/parameters/1-540>		<http://ids.clld.org/values/1-540-286-1>		"piyoʔ"@pav	
"boyaux"@fr	<http://ids.clld.org/values/4-461-171-3>		<http://ids.clld.org/parameters/4-461>		<http://ids.clld.org/values/4-461-286-1>		"monošiʔ (mon)"@pav	
"tenir"@fr	<http://ids.clld.org/values/11-150-171-1>		<http://ids.clld.org/parameters/11-150>		<http://ids.clld.org/values/11-150-286-1>		"kep"@pav	
"vivre"@fr	<http://ids.clld.org/values/4-740-171-1>		<http://ids.clld.org/parameters/4-740>		<http://ids.clld.org/values/4-740-286-1>		"eʔ"@pav	
"voler"@fr	<http://ids.clld.org/values/10-370-171-1>		<http://ids.clld.org/parameters/10-370>		<http://ids.clld.org/values/10-370-286-3>		"toin"@pav	
"voler"@fr	<http://ids.clld.org/values/10-370-171-1>		<http://ids.clld.org/parameters/10-370>		<http://ids.clld.org/values/10-370-286-1>		"takiʔ"@pav	
"pluie"@fr	<http://ids.clld.org/values/1-750-171-1>		<http://ids.clld.org/parameters/1-750>		<http://ids.clld.org/values/1-750-286-1>		"šowiʔ"@pav	
"flotter"@fr	<http://ids.clld.org/values/10-340-171-1>		<http://ids.clld.org/parameters/10-340>		<http://ids.clld.org/values/10-340-286-1>		"ho"@pav	
"flotter"@fr	<http://ids.clld.org/values/10-340-171-1>		<http://ids.clld.org/parameters/10-340>		<http://ids.clld.org/values/10-340-286-3>		"horoho"@pav	
"bouche"@fr	<http://ids.clld.org/values/4-240-171-1>		<http://ids.clld.org/parameters/4-240>		<http://ids.clld.org/values/4-240-286-1>		"kapiyašiʔ (topak)"@pav	
"époux"@fr	<http://ids.clld.org/values/2-310-171-3>		<http://ids.clld.org/parameters/2-310>		<http://ids.clld.org/values/2-310-286-1>		"taši"@pav	
"haleine"@fr	<http://ids.clld.org/values/4-510-171-3>		<http://ids.clld.org/parameters/4-510>		<http://ids.clld.org/values/4-510-286-1>		"wereme"@pav	
"s'asseoir"@fr	<http://ids.clld.org/values/12-130-171-1>		<http://ids.clld.org/parameters/12-130>		<http://ids.clld.org/values/12-130-286-1>		"šaoʔ pe"@pav	
"s'asseoir"@fr	<http://ids.clld.org/values/12-130-171-1>		<http://ids.clld.org/parameters/12-130>		<http://ids.clld.org/values/12-130-286-3>		"šaoʔ to"@pav	
"nous"@fr	<http://ids.clld.org/values/2-942-171-1>		<http://ids.clld.org/parameters/2-942>		<http://ids.clld.org/values/2-942-286-1>		"warut"@pav	
"rond"@fr	<http://ids.clld.org/values/12-810-171-1>		<http://ids.clld.org/parameters/12-810>		<http://ids.clld.org/values/12-810-286-1>		"monoʔo"@pav	
"brume"@fr	<http://ids.clld.org/values/1-740-171-1>		<http://ids.clld.org/parameters/1-740>		<http://ids.clld.org/values/1-740-286-1>		"murukukuʔ"@pav	
"fleuve"@fr	<http://ids.clld.org/values/1-360-171-1>		<http://ids.clld.org/parameters/1-360>		<http://ids.clld.org/values/1-360-286-1>		"kom"@pav	
"tranchant"@fr	<http://ids.clld.org/values/15-780-171-1>		<http://ids.clld.org/parameters/15-780>		<http://ids.clld.org/values/15-780-286-1>		"šaʔ"@pav	
"laver"@fr	<http://ids.clld.org/values/9-360-171-1>		<http://ids.clld.org/parameters/9-360>		<http://ids.clld.org/values/9-360-286-3>		"toʔ"@pav	
"laver"@fr	<http://ids.clld.org/values/9-360-171-1>		<http://ids.clld.org/parameters/9-360>		<http://ids.clld.org/values/9-360-286-1>		"hohok"@pav	
"couleuvre"@fr	<http://ids.clld.org/values/3-850-171-3>		<http://ids.clld.org/parameters/3-850>		<http://ids.clld.org/values/3-850-286-1>		"emʔ"@pav	
"ruisseau"@fr	<http://ids.clld.org/values/1-360-171-5>		<http://ids.clld.org/parameters/1-360>		<http://ids.clld.org/values/1-360-286-1>		"kom"@pav	
"être humain"@fr	<http://ids.clld.org/values/2-100-171-3>		<http://ids.clld.org/parameters/2-100>		<http://ids.clld.org/values/2-100-286-1>		"wariʔ"@pav	
"montagne"@fr	<http://ids.clld.org/values/1-220-171-1>		<http://ids.clld.org/parameters/1-220>		<http://ids.clld.org/values/1-220-286-1>		"pakun"@pav	
"creuser"@fr	<http://ids.clld.org/values/8-220-171-1>		<http://ids.clld.org/parameters/8-220>		<http://ids.clld.org/values/8-220-286-1>		"še"@pav	
"creuser"@fr	<http://ids.clld.org/values/8-220-171-1>		<http://ids.clld.org/parameters/8-220>		<http://ids.clld.org/values/8-220-286-3>		"šikeʔ"@pav	
"ciel"@fr	<http://ids.clld.org/values/1-510-171-1>		<http://ids.clld.org/parameters/1-510>		<http://ids.clld.org/values/1-510-286-1>		"nanawin"@pav	
"peu"@fr	<http://ids.clld.org/values/13-170-171-1>		<http://ids.clld.org/parameters/13-170>		<http://ids.clld.org/values/13-170-286-1>		"parek"@pav	
"nouveau"@fr	<http://ids.clld.org/values/14-130-171-1>		<http://ids.clld.org/parameters/14-130>		<http://ids.clld.org/values/14-130-286-1>		"šokori"@pav	
"marcher"@fr	<http://ids.clld.org/values/10-450-171-1>		<http://ids.clld.org/parameters/10-450>		<http://ids.clld.org/values/10-450-286-1>		"šut"@pav	
"marcher"@fr	<http://ids.clld.org/values/10-450-171-1>		<http://ids.clld.org/parameters/10-450>		<http://ids.clld.org/values/10-450-286-3>		"šurušut"@pav	
"nager"@fr	<http://ids.clld.org/values/10-350-171-1>		<http://ids.clld.org/parameters/10-350>		<http://ids.clld.org/values/10-350-286-3>		"panʔ karakam"@pav	
"nager"@fr	<http://ids.clld.org/values/10-350-171-1>		<http://ids.clld.org/parameters/10-350>		<http://ids.clld.org/values/10-350-286-1>		"panʔ kam"@pav	
"frapper"@fr	<http://ids.clld.org/values/9-210-171-1>		<http://ids.clld.org/parameters/9-210>		<http://ids.clld.org/values/9-210-286-1>		"toʔ"@pav	
"dormir"@fr	<http://ids.clld.org/values/4-610-171-1>		<http://ids.clld.org/parameters/4-610>		<http://ids.clld.org/values/4-610-286-1>		"piʔam"@pav	
"vomir"@fr	<http://ids.clld.org/values/4-570-171-1>		<http://ids.clld.org/parameters/4-570>		<http://ids.clld.org/values/4-570-286-1>		"weʔ"@pav	
"jeter"@fr	<http://ids.clld.org/values/10-250-171-1>		<http://ids.clld.org/parameters/10-250>		<http://ids.clld.org/values/10-250-286-3>		"wišikaoʔ"@pav	
"jeter"@fr	<http://ids.clld.org/values/10-250-171-1>		<http://ids.clld.org/parameters/10-250>		<http://ids.clld.org/values/10-250-286-1>		"šin"@pav	
"brouillard"@fr	<http://ids.clld.org/values/1-740-171-3>		<http://ids.clld.org/parameters/1-740>		<http://ids.clld.org/values/1-740-286-1>		"murukukuʔ"@pav	
"vous"@fr	<http://ids.clld.org/values/2-920-171-3>		<http://ids.clld.org/parameters/2-920>		<http://ids.clld.org/values/2-920-286-1>		"wum"@pav	
"frotter"@fr	<http://ids.clld.org/values/9-310-171-1>		<http://ids.clld.org/parameters/9-310>		<http://ids.clld.org/values/9-310-286-1>		"šik"@pav	
"queue"@fr	<http://ids.clld.org/values/4-180-171-1>		<http://ids.clld.org/parameters/4-180>		<http://ids.clld.org/values/4-180-286-1>		"kahwerein"@pav	
"le gras"@fr	<http://ids.clld.org/values/5-791-171-3>		<http://ids.clld.org/parameters/5-791>		<http://ids.clld.org/values/5-791-286-1>		"homain"@pav	
"tous"@fr	<http://ids.clld.org/values/13-140-171-3>		<http://ids.clld.org/parameters/13-140>		<http://ids.clld.org/values/13-140-286-1>		"šam"@pav	
"chanter"@fr	<http://ids.clld.org/values/18-120-171-1>		<http://ids.clld.org/parameters/18-120>		<http://ids.clld.org/values/18-120-286-1>		"kom"@pav	
"peur"@fr	<http://ids.clld.org/values/16-530-171-1>		<http://ids.clld.org/parameters/16-530>		<http://ids.clld.org/values/16-530-286-1>		"yinʔ"@pav	
"vert"@fr	<http://ids.clld.org/values/15-680-171-1>		<http://ids.clld.org/parameters/15-680>		<http://ids.clld.org/values/15-680-286-1>		"tb̃um"@pav	
"feuille"@fr	<http://ids.clld.org/values/8-560-171-1>		<http://ids.clld.org/parameters/8-560>		<http://ids.clld.org/values/8-560-286-1>		"tenenein"@pav	
"dent"@fr	<http://ids.clld.org/values/4-270-171-1>		<http://ids.clld.org/parameters/4-270>		<http://ids.clld.org/values/4-270-286-1>		"šišiʔ (yat)"@pav	
"crasseux"@fr	<http://ids.clld.org/values/15-880-171-3>		<http://ids.clld.org/parameters/15-880>		<http://ids.clld.org/values/15-880-286-1>		"mišem"@pav	
"colère"@fr	<http://ids.clld.org/values/16-420-171-1>		<http://ids.clld.org/parameters/16-420>		<http://ids.clld.org/values/16-420-286-1>		"manaʔ"@pav	
"femme"@fr	<http://ids.clld.org/values/2-220-171-1>		<http://ids.clld.org/parameters/2-220>		<http://ids.clld.org/values/2-220-286-1>		"narimaʔ"@pav	
"ver de terre"@fr	<http://ids.clld.org/values/3-840-171-1>		<http://ids.clld.org/parameters/3-840>		<http://ids.clld.org/values/3-840-286-1>		"meteʔ"@pav	
"colline"@fr	<http://ids.clld.org/values/1-220-171-3>		<http://ids.clld.org/parameters/1-220>		<http://ids.clld.org/values/1-220-286-1>		"pakun"@pav	
"épouse"@fr	<http://ids.clld.org/values/2-320-171-3>		<http://ids.clld.org/parameters/2-320>		<http://ids.clld.org/values/2-320-286-1>		"mana"@pav	
"essuyer"@fr	<http://ids.clld.org/values/9-310-171-3>		<http://ids.clld.org/parameters/9-310>		<http://ids.clld.org/values/9-310-286-1>		"šik"@pav	
"animal"@fr	<http://ids.clld.org/values/3-110-171-1>		<http://ids.clld.org/parameters/3-110>		<http://ids.clld.org/values/3-110-286-1>		"karawa"@pav	
"épais"@fr	<http://ids.clld.org/values/12-630-171-1>		<http://ids.clld.org/parameters/12-630>		<http://ids.clld.org/values/12-630-286-1>		"kwere"@pav	
"père"@fr	<http://ids.clld.org/values/2-350-171-1>		<http://ids.clld.org/parameters/2-350>		<http://ids.clld.org/values/2-350-286-1>		"te"@pav	
"nom"@fr	<http://ids.clld.org/values/18-280-171-1>		<http://ids.clld.org/parameters/18-280>		<http://ids.clld.org/values/18-280-286-1>		"wišišiʔ (wit)"@pav	
"oiseau"@fr	<http://ids.clld.org/values/3-581-171-1>		<http://ids.clld.org/parameters/3-581>		<http://ids.clld.org/values/3-581-286-1>		"me"@pav	
"se tenir debout"@fr	<http://ids.clld.org/values/12-150-171-1>		<http://ids.clld.org/parameters/12-150>		<http://ids.clld.org/values/12-150-286-1>		"tekiʔ pe"@pav	
"se tenir debout"@fr	<http://ids.clld.org/values/12-150-171-1>		<http://ids.clld.org/parameters/12-150>		<http://ids.clld.org/values/12-150-286-3>		"tekiʔ to"@pav	
"couler"@fr	<http://ids.clld.org/values/10-320-171-1>		<http://ids.clld.org/parameters/10-320>		<http://ids.clld.org/values/10-320-286-3>		"weweweo"@pav	
"couler"@fr	<http://ids.clld.org/values/10-320-171-1>		<http://ids.clld.org/parameters/10-320>		<http://ids.clld.org/values/10-320-286-1>		"weo"@pav	
"un peu"@fr	<http://ids.clld.org/values/13-181-171-1>		<http://ids.clld.org/parameters/13-181>		<http://ids.clld.org/values/13-181-286-1>		"arakaʔ"@pav	
"tomber"@fr	<http://ids.clld.org/values/10-230-171-1>		<http://ids.clld.org/parameters/10-230>		<http://ids.clld.org/values/10-230-286-3>		"kamaraʔ"@pav	
"tomber"@fr	<http://ids.clld.org/values/10-230-171-1>		<http://ids.clld.org/parameters/10-230>		<http://ids.clld.org/values/10-230-286-1>		"panʔ"@pav	
"mort"@fr	<http://ids.clld.org/values/4-750-171-3>		<http://ids.clld.org/parameters/4-750>		<http://ids.clld.org/values/4-750-286-3>		"konoʔ"@pav	
"mort"@fr	<http://ids.clld.org/values/4-750-171-3>		<http://ids.clld.org/parameters/4-750>		<http://ids.clld.org/values/4-750-286-1>		"miʔ pin"@pav	
"droit"@fr	<http://ids.clld.org/values/12-730-171-1>		<http://ids.clld.org/parameters/12-730>		<http://ids.clld.org/values/12-730-286-1>		"ka om šone ne"@pav	
"nuage"@fr	<http://ids.clld.org/values/1-730-171-1>		<http://ids.clld.org/parameters/1-730>		<http://ids.clld.org/values/1-730-286-1>		"tayain nanawin"@pav	
"enfant"@fr	<http://ids.clld.org/values/2-270-171-1>		<http://ids.clld.org/parameters/2-270>		<http://ids.clld.org/values/2-270-286-1>		"piyeʔ"@pav	
"jouer"@fr	<http://ids.clld.org/values/16-260-171-1>		<http://ids.clld.org/parameters/16-260>		<http://ids.clld.org/values/16-260-286-1>		"warayu"@pav	
"viande"@fr	<http://ids.clld.org/values/5-610-171-1>		<http://ids.clld.org/parameters/5-610>		<http://ids.clld.org/values/5-610-286-1>		"karawa (karamayišiʔ)"@pav	
"voir"@fr	<http://ids.clld.org/values/15-510-171-1>		<http://ids.clld.org/parameters/15-510>		<http://ids.clld.org/values/15-510-286-1>		"kerek"@pav	
"vie"@fr	<http://ids.clld.org/values/4-740-171-5>		<http://ids.clld.org/parameters/4-740>		<http://ids.clld.org/values/4-740-286-1>		"eʔ"@pav	
"parler"@fr	<http://ids.clld.org/values/18-210-171-1>		<http://ids.clld.org/parameters/18-210>		<http://ids.clld.org/values/18-210-286-1>		"tomiʔ"@pav	
"mâle"@fr	<http://ids.clld.org/values/2-230-171-1>		<http://ids.clld.org/parameters/2-230>		<http://ids.clld.org/values/2-230-286-1>		"taramaʔ"@pav	
"vous"@fr	<http://ids.clld.org/values/2-950-171-1>		<http://ids.clld.org/parameters/2-950>		<http://ids.clld.org/values/2-950-286-1>		"wahuʔ"@pav	
"mère"@fr	<http://ids.clld.org/values/2-360-171-1>		<http://ids.clld.org/parameters/2-360>		<http://ids.clld.org/values/2-360-286-1>		"naʔ"@pav	
"oeuf"@fr	<http://ids.clld.org/values/5-970-171-1>		<http://ids.clld.org/parameters/5-970>		<http://ids.clld.org/values/5-970-286-1>		"arayein"@pav	
"verglas"@fr	<http://ids.clld.org/values/1-770-171-3>		<http://ids.clld.org/parameters/1-770>		<http://ids.clld.org/values/1-770-286-1>		"šio šio"@pav	
"droite"@fr	<http://ids.clld.org/values/12-410-171-1>		<http://ids.clld.org/parameters/12-410>		<http://ids.clld.org/values/12-410-286-1>		"irikwerešiʔ"@pav	
"je"@fr	<http://ids.clld.org/values/2-910-171-1>		<http://ids.clld.org/parameters/2-910>		<http://ids.clld.org/values/2-910-286-1>		"wataʔ"@pav	
"culbuter"@fr	<http://ids.clld.org/values/10-130-171-1>		<http://ids.clld.org/parameters/10-130>		<http://ids.clld.org/values/10-130-286-1>		"yami"@pav	
"genou"@fr	<http://ids.clld.org/values/4-360-171-1>		<http://ids.clld.org/parameters/4-360>		<http://ids.clld.org/values/4-360-286-1>		"karamašiʔ (karam)"@pav	
"plein"@fr	<http://ids.clld.org/values/13-210-171-1>		<http://ids.clld.org/parameters/13-210>		<http://ids.clld.org/values/13-210-286-5>		"maʔam"@pav	
"plein"@fr	<http://ids.clld.org/values/13-210-171-1>		<http://ids.clld.org/parameters/13-210>		<http://ids.clld.org/values/13-210-286-3>		"moromoinʔ"@pav	
"plein"@fr	<http://ids.clld.org/values/13-210-171-1>		<http://ids.clld.org/parameters/13-210>		<http://ids.clld.org/values/13-210-286-1>		"moinʔ"@pav	
"se coucher"@fr	<http://ids.clld.org/values/12-140-171-1>		<http://ids.clld.org/parameters/12-140>		<http://ids.clld.org/values/12-140-286-1>		"teremʔ"@pav	
"se coucher"@fr	<http://ids.clld.org/values/12-140-171-1>		<http://ids.clld.org/parameters/12-140>		<http://ids.clld.org/values/12-140-286-3>		"tokoʔ"@pav	
"blanc"@fr	<http://ids.clld.org/values/15-640-171-1>		<http://ids.clld.org/parameters/15-640>		<http://ids.clld.org/values/15-640-286-1>		"towoʔ"@pav	
"il/elle/il"@fr	<http://ids.clld.org/values/2-930-171-1>		<http://ids.clld.org/parameters/2-930>		<http://ids.clld.org/values/2-930-286-1>		"ko maʔ"@pav	
"chaud"@fr	<http://ids.clld.org/values/15-851-171-3>		<http://ids.clld.org/parameters/15-851>		<http://ids.clld.org/values/15-851-286-3>		"nonoe"@pav	
"chaud"@fr	<http://ids.clld.org/values/15-851-171-3>		<http://ids.clld.org/parameters/15-851>		<http://ids.clld.org/values/15-851-286-1>		"šain"@pav	
"long"@fr	<http://ids.clld.org/values/12-570-171-1>		<http://ids.clld.org/parameters/12-570>		<http://ids.clld.org/values/12-570-286-1>		"matam"@pav	
"foie"@fr	<http://ids.clld.org/values/4-450-171-1>		<http://ids.clld.org/parameters/4-450>		<http://ids.clld.org/values/4-450-286-1>		"tarawanašiʔ (tarawan)"@pav	
"roc"@fr	<http://ids.clld.org/values/1-440-171-3>		<http://ids.clld.org/parameters/1-440>		<http://ids.clld.org/values/1-440-286-1>		"pakun"@pav	
"venir"@fr	<http://ids.clld.org/values/10-480-171-1>		<http://ids.clld.org/parameters/10-480>		<http://ids.clld.org/values/10-480-286-1>		"makiʔ"@pav	
"lac"@fr	<http://ids.clld.org/values/1-330-171-1>		<http://ids.clld.org/parameters/1-330>		<http://ids.clld.org/values/1-330-286-1>		"šuteremʔ"@pav	
"sel"@fr	<http://ids.clld.org/values/5-810-171-1>		<http://ids.clld.org/parameters/5-810>		<http://ids.clld.org/values/5-810-286-1>		"[sal]"@pav	
"fendre"@fr	<http://ids.clld.org/values/9-270-171-1>		<http://ids.clld.org/parameters/9-270>		<http://ids.clld.org/values/9-270-286-1>		"toʔ pahot"@pav	
"fendre"@fr	<http://ids.clld.org/values/9-270-171-1>		<http://ids.clld.org/parameters/9-270>		<http://ids.clld.org/values/9-270-286-3>		"toʔ pahorohot"@pav	
"sentir"@fr	<http://ids.clld.org/values/15-210-171-1>		<http://ids.clld.org/parameters/15-210>		<http://ids.clld.org/values/15-210-286-3>		"hu"@pav	
"sentir"@fr	<http://ids.clld.org/values/15-210-171-1>		<http://ids.clld.org/parameters/15-210>		<http://ids.clld.org/values/15-210-286-1>		"nak"@pav	
"compter"@fr	<http://ids.clld.org/values/13-107-171-1>		<http://ids.clld.org/parameters/13-107>		<http://ids.clld.org/values/13-107-286-1>		"piyimʔ"@pav	
"mauvais"@fr	<http://ids.clld.org/values/16-720-171-1>		<http://ids.clld.org/parameters/16-720>		<http://ids.clld.org/values/16-720-286-1>		"kayi"@pav	
"se battre"@fr	<http://ids.clld.org/values/20-110-171-1>		<http://ids.clld.org/parameters/20-110>		<http://ids.clld.org/values/20-110-286-1>		"mišita"@pav	
"poitrine"@fr	<http://ids.clld.org/values/4-410-171-3>		<http://ids.clld.org/parameters/4-410>		<http://ids.clld.org/values/4-410-286-1>		"karašišiʔ (katat)"@pav	
"lisse"@fr	<http://ids.clld.org/values/15-770-171-1>		<http://ids.clld.org/parameters/15-770>		<http://ids.clld.org/values/15-770-286-1>		"topišik"@pav	
"bois"@fr	<http://ids.clld.org/values/1-410-171-1>		<http://ids.clld.org/parameters/1-410>		<http://ids.clld.org/values/1-410-286-1>		"nahwarak"@pav	
"lier"@fr	<http://ids.clld.org/values/9-160-171-3>		<http://ids.clld.org/parameters/9-160>		<http://ids.clld.org/values/9-160-286-1>		"tuku"@pav	
"aiguisé"@fr	<http://ids.clld.org/values/15-780-171-3>		<http://ids.clld.org/parameters/15-780>		<http://ids.clld.org/values/15-780-286-1>		"šaʔ"@pav	
"froid"@fr	<http://ids.clld.org/values/15-860-171-1>		<http://ids.clld.org/parameters/15-860>		<http://ids.clld.org/values/15-860-286-1>		"šio"@pav	
"froid"@fr	<http://ids.clld.org/values/15-860-171-1>		<http://ids.clld.org/parameters/15-860>		<http://ids.clld.org/values/15-860-286-3>		"kapinʔ"@pav	
"pourri"@fr	<http://ids.clld.org/values/5-125-171-1>		<http://ids.clld.org/parameters/5-125>		<http://ids.clld.org/values/5-125-286-1>		"šowuru"@pav	
"bosse"@fr	<http://ids.clld.org/values/4-853-171-1>		<http://ids.clld.org/parameters/4-853>		<http://ids.clld.org/values/4-853-286-1>		"mom"@pav	
"couper"@fr	<http://ids.clld.org/values/9-220-171-1>		<http://ids.clld.org/parameters/9-220>		<http://ids.clld.org/values/9-220-286-7>		"nakarkamʔ"@pav	
"couper"@fr	<http://ids.clld.org/values/9-220-171-1>		<http://ids.clld.org/parameters/9-220>		<http://ids.clld.org/values/9-220-286-3>		"wawak"@pav	
"couper"@fr	<http://ids.clld.org/values/9-220-171-1>		<http://ids.clld.org/parameters/9-220>		<http://ids.clld.org/values/9-220-286-9>		"ta"@pav	
"couper"@fr	<http://ids.clld.org/values/9-220-171-1>		<http://ids.clld.org/parameters/9-220>		<http://ids.clld.org/values/9-220-286-5>		"nakamʔ"@pav	
"couper"@fr	<http://ids.clld.org/values/9-220-171-1>		<http://ids.clld.org/parameters/9-220>		<http://ids.clld.org/values/9-220-286-1>		"wak"@pav	
"respirer"@fr	<http://ids.clld.org/values/4-510-171-1>		<http://ids.clld.org/parameters/4-510>		<http://ids.clld.org/values/4-510-286-1>		"wereme"@pav	
"humide"@fr	<http://ids.clld.org/values/15-830-171-1>		<http://ids.clld.org/parameters/15-830>		<http://ids.clld.org/values/15-830-286-1>		"šoʔ"@pav	
"pou"@fr	<http://ids.clld.org/values/3-811-171-1>		<http://ids.clld.org/parameters/3-811>		<http://ids.clld.org/values/3-811-286-1>		"ioʔ"@pav	
"entendre"@fr	<http://ids.clld.org/values/15-410-171-1>		<http://ids.clld.org/parameters/15-410>		<http://ids.clld.org/values/15-410-286-1>		"tarayu"@pav	
"bois"@fr	<http://ids.clld.org/values/1-430-171-1>		<http://ids.clld.org/parameters/1-430>		<http://ids.clld.org/values/1-430-286-1>		"pana"@pav	
"oreille"@fr	<http://ids.clld.org/values/4-220-171-1>		<http://ids.clld.org/parameters/4-220>		<http://ids.clld.org/values/4-220-286-1>		"tara-yišiʔ (taraʔ)"@pav	
"donner"@fr	<http://ids.clld.org/values/11-210-171-1>		<http://ids.clld.org/parameters/11-210>		<http://ids.clld.org/values/11-210-286-1>		"miʔ"@pav	
"souffler"@fr	<http://ids.clld.org/values/10-380-171-1>		<http://ids.clld.org/parameters/10-380>		<http://ids.clld.org/values/10-380-286-3>		"hukoʔ"@pav	
"souffler"@fr	<http://ids.clld.org/values/10-380-171-1>		<http://ids.clld.org/parameters/10-380>		<http://ids.clld.org/values/10-380-286-1>		"hu"@pav	
"fumée"@fr	<http://ids.clld.org/values/1-830-171-1>		<http://ids.clld.org/parameters/1-830>		<http://ids.clld.org/values/1-830-286-1>		"tainʔ"@pav	
"arbre"@fr	<http://ids.clld.org/values/8-600-171-1>		<http://ids.clld.org/parameters/8-600>		<http://ids.clld.org/values/8-600-286-1>		"pana"@pav	
"correct"@fr	<http://ids.clld.org/values/16-730-171-3>		<http://ids.clld.org/parameters/16-730>		<http://ids.clld.org/values/16-730-286-1>		"šoʔ"@pav	
"chercher"@fr	<http://ids.clld.org/values/11-310-171-1>		<http://ids.clld.org/parameters/11-310>		<http://ids.clld.org/values/11-310-286-1>		"noro"@pav	
"chemin"@fr	<http://ids.clld.org/values/10-720-171-3>		<http://ids.clld.org/parameters/10-720>		<http://ids.clld.org/values/10-720-286-1>		"wana (wanayišiʔ)"@pav	
"personne"@fr	<http://ids.clld.org/values/2-100-171-1>		<http://ids.clld.org/parameters/2-100>		<http://ids.clld.org/values/2-100-286-1>		"wariʔ"@pav	
"loin"@fr	<http://ids.clld.org/values/12-440-171-1>		<http://ids.clld.org/parameters/12-440>		<http://ids.clld.org/values/12-440-286-1>		"pira"@pav	
"graine"@fr	<http://ids.clld.org/values/8-311-171-1>		<http://ids.clld.org/parameters/8-311>		<http://ids.clld.org/values/8-311-286-1>		"tokwi"@pav	
"soleil"@fr	<http://ids.clld.org/values/1-520-171-1>		<http://ids.clld.org/parameters/1-520>		<http://ids.clld.org/values/1-520-286-1>		"šina"@pav	
"pousser"@fr	<http://ids.clld.org/values/10-670-171-1>		<http://ids.clld.org/parameters/10-670>		<http://ids.clld.org/values/10-670-286-1>		"yök"@pav	
"chasser"@fr	<http://ids.clld.org/values/20-610-171-1>		<http://ids.clld.org/parameters/20-610>		<http://ids.clld.org/values/20-610-286-1>		"yiʔam"@pav	
"eau"@fr	<http://ids.clld.org/values/1-310-171-1>		<http://ids.clld.org/parameters/1-310>		<http://ids.clld.org/values/1-310-286-1>		"kom (komišiʔ)"@pav	
"noir"@fr	<http://ids.clld.org/values/15-650-171-1>		<http://ids.clld.org/parameters/15-650>		<http://ids.clld.org/values/15-650-286-1>		"mišem"@pav	
"cendres"@fr	<http://ids.clld.org/values/1-840-171-1>		<http://ids.clld.org/parameters/1-840>		<http://ids.clld.org/values/1-840-286-1>		"topakon"@pav	
"petit"@fr	<http://ids.clld.org/values/12-560-171-1>		<http://ids.clld.org/parameters/12-560>		<http://ids.clld.org/values/12-560-286-1>		"wiyimain"@pav	
"poignarder"@fr	<http://ids.clld.org/values/9-223-171-1>		<http://ids.clld.org/parameters/9-223>		<http://ids.clld.org/values/9-223-286-1>		"šukunʔ"@pav	
"tu"@fr	<http://ids.clld.org/values/2-920-171-1>		<http://ids.clld.org/parameters/2-920>		<http://ids.clld.org/values/2-920-286-1>		"wum"@pav	
"feu"@fr	<http://ids.clld.org/values/1-810-171-1>		<http://ids.clld.org/parameters/1-810>		<http://ids.clld.org/values/1-810-286-1>		"še"@pav	
"poussière"@fr	<http://ids.clld.org/values/1-213-171-1>		<http://ids.clld.org/parameters/1-213>		<http://ids.clld.org/values/1-213-286-1>		"tainʔ"@pav	
"rire"@fr	<http://ids.clld.org/values/16-250-171-1>		<http://ids.clld.org/parameters/16-250>		<http://ids.clld.org/values/16-250-286-1>		"tatamʔ"@pav	
"rire"@fr	<http://ids.clld.org/values/16-250-171-1>		<http://ids.clld.org/parameters/16-250>		<http://ids.clld.org/values/16-250-286-3>		"katamʔ"@pav	
"mari"@fr	<http://ids.clld.org/values/2-310-171-1>		<http://ids.clld.org/parameters/2-310>		<http://ids.clld.org/values/2-310-286-1>		"taši"@pav	
"mince"@fr	<http://ids.clld.org/values/12-650-171-1>		<http://ids.clld.org/parameters/12-650>		<http://ids.clld.org/values/12-650-286-1>		"šašiʔ"@pav	
"homme"@fr	<http://ids.clld.org/values/2-210-171-1>		<http://ids.clld.org/parameters/2-210>		<http://ids.clld.org/values/2-210-286-1>		"taramaʔ"@pav	
"large"@fr	<http://ids.clld.org/values/12-610-171-1>		<http://ids.clld.org/parameters/12-610>		<http://ids.clld.org/values/12-610-286-1>		"kote ne kimain"@pav	
"gauche"@fr	<http://ids.clld.org/values/12-420-171-1>		<http://ids.clld.org/parameters/12-420>		<http://ids.clld.org/values/12-420-286-1>		"parayišiʔ"@pav	
"elles"@fr	<http://ids.clld.org/values/2-960-171-3>		<http://ids.clld.org/parameters/2-960>		<http://ids.clld.org/values/2-960-286-1>		"karam maʔ"@pav	
"main"@fr	<http://ids.clld.org/values/4-330-171-1>		<http://ids.clld.org/parameters/4-330>		<http://ids.clld.org/values/4-330-286-1>		"mišiʔ"@pav	
"main"@fr	<http://ids.clld.org/values/4-330-171-1>		<http://ids.clld.org/parameters/4-330>		<http://ids.clld.org/values/4-330-286-3>		"(umʔ)"@pav	
"piocher"@fr	<http://ids.clld.org/values/8-220-171-3>		<http://ids.clld.org/parameters/8-220>		<http://ids.clld.org/values/8-220-286-1>		"še"@pav	
"piocher"@fr	<http://ids.clld.org/values/8-220-171-3>		<http://ids.clld.org/parameters/8-220>		<http://ids.clld.org/values/8-220-286-3>		"šikeʔ"@pav	
"coudre"@fr	<http://ids.clld.org/values/6-350-171-1>		<http://ids.clld.org/parameters/6-350>		<http://ids.clld.org/values/6-350-286-1>		"ok"@pav	
"intestins"@fr	<http://ids.clld.org/values/4-461-171-1>		<http://ids.clld.org/parameters/4-461>		<http://ids.clld.org/values/4-461-286-1>		"monošiʔ (mon)"@pav	
"penser"@fr	<http://ids.clld.org/values/17-130-171-1>		<http://ids.clld.org/parameters/17-130>		<http://ids.clld.org/values/17-130-286-1>		"koromikat"@pav	
"tiède"@fr	<http://ids.clld.org/values/15-851-171-1>		<http://ids.clld.org/parameters/15-851>		<http://ids.clld.org/values/15-851-286-3>		"nonoe"@pav	
"tiède"@fr	<http://ids.clld.org/values/15-851-171-1>		<http://ids.clld.org/parameters/15-851>		<http://ids.clld.org/values/15-851-286-1>		"šain"@pav	
"corde"@fr	<http://ids.clld.org/values/9-190-171-1>		<http://ids.clld.org/parameters/9-190>		<http://ids.clld.org/values/9-190-286-1>		"makon (makorišiʔ)"@pav	
"poisson"@fr	<http://ids.clld.org/values/3-650-171-1>		<http://ids.clld.org/parameters/3-650>		<http://ids.clld.org/values/3-650-286-1>		"hwam (hwamišiʔ)"@pav	
"nuit"@fr	<http://ids.clld.org/values/14-420-171-1>		<http://ids.clld.org/parameters/14-420>		<http://ids.clld.org/values/14-420-286-1>		"šim"@pav	
"rivière"@fr	<http://ids.clld.org/values/1-360-171-3>		<http://ids.clld.org/parameters/1-360>		<http://ids.clld.org/values/1-360-286-1>		"kom"@pav	
"femme"@fr	<http://ids.clld.org/values/2-320-171-1>		<http://ids.clld.org/parameters/2-320>		<http://ids.clld.org/values/2-320-286-1>		"mana"@pav	
"oeil"@fr	<http://ids.clld.org/values/4-210-171-1>		<http://ids.clld.org/parameters/4-210>		<http://ids.clld.org/values/4-210-286-1>		"tokošiʔ (tok)"@pav	
"presser"@fr	<http://ids.clld.org/values/9-343-171-1>		<http://ids.clld.org/parameters/9-343>		<http://ids.clld.org/values/9-343-286-1>		"humʔ"@pav	
"moi"@fr	<http://ids.clld.org/values/2-910-171-3>		<http://ids.clld.org/parameters/2-910>		<http://ids.clld.org/values/2-910-286-1>		"wataʔ"@pav	
"cheveu"@fr	<http://ids.clld.org/values/4-140-171-1>		<http://ids.clld.org/parameters/4-140>		<http://ids.clld.org/values/4-140-286-1>		"tenenešiʔ"@pav	
"cheveu"@fr	<http://ids.clld.org/values/4-140-171-1>		<http://ids.clld.org/parameters/4-140>		<http://ids.clld.org/values/4-140-286-3>		"tenenein (šun)"@pav	
"battre"@fr	<http://ids.clld.org/values/9-210-171-3>		<http://ids.clld.org/parameters/9-210>		<http://ids.clld.org/values/9-210-286-1>		"toʔ"@pav	
"bon"@fr	<http://ids.clld.org/values/16-710-171-1>		<http://ids.clld.org/parameters/16-710>		<http://ids.clld.org/values/16-710-286-1>		"awi"@pav	
"rouge"@fr	<http://ids.clld.org/values/15-660-171-1>		<http://ids.clld.org/parameters/15-660>		<http://ids.clld.org/values/15-660-286-1>		"pakaʔ"@pav	
"sec"@fr	<http://ids.clld.org/values/15-840-171-1>		<http://ids.clld.org/parameters/15-840>		<http://ids.clld.org/values/15-840-286-1>		"kawainʔ"@pav	
"gratter"@fr	<http://ids.clld.org/values/5-480-171-1>		<http://ids.clld.org/parameters/5-480>		<http://ids.clld.org/values/5-480-286-1>		"kuruk"@pav	
"chaque"@fr	<http://ids.clld.org/values/13-140-171-1>		<http://ids.clld.org/parameters/13-140>		<http://ids.clld.org/values/13-140-286-1>		"šam"@pav	
"assez chaud"@fr	<http://ids.clld.org/values/15-851-171-5>		<http://ids.clld.org/parameters/15-851>		<http://ids.clld.org/values/15-851-286-3>		"nonoe"@pav	
"assez chaud"@fr	<http://ids.clld.org/values/15-851-171-5>		<http://ids.clld.org/parameters/15-851>		<http://ids.clld.org/values/15-851-286-1>		"šain"@pav	
"sable"@fr	<http://ids.clld.org/values/1-215-171-1>		<http://ids.clld.org/parameters/1-215>		<http://ids.clld.org/values/1-215-286-1>		"namayi"@pav	
"boire"@fr	<http://ids.clld.org/values/5-130-171-1>		<http://ids.clld.org/parameters/5-130>		<http://ids.clld.org/values/5-130-286-1>		"tok"@pav	
"boire"@fr	<http://ids.clld.org/values/5-130-171-1>		<http://ids.clld.org/parameters/5-130>		<http://ids.clld.org/values/5-130-286-3>		"tototok"@pav	
"sale"@fr	<http://ids.clld.org/values/15-880-171-1>		<http://ids.clld.org/parameters/15-880>		<http://ids.clld.org/values/15-880-286-1>		"mišem"@pav	
"racine"@fr	<http://ids.clld.org/values/8-540-171-1>		<http://ids.clld.org/parameters/8-540>		<http://ids.clld.org/values/8-540-286-1>		"kašimain"@pav	
"râper"@fr	<http://ids.clld.org/values/5-480-171-3>		<http://ids.clld.org/parameters/5-480>		<http://ids.clld.org/values/5-480-286-1>		"kuruk"@pav	
"rocher"@fr	<http://ids.clld.org/values/1-440-171-5>		<http://ids.clld.org/parameters/1-440>		<http://ids.clld.org/values/1-440-286-1>		"pakun"@pav	
"terre"@fr	<http://ids.clld.org/values/1-210-171-1>		<http://ids.clld.org/parameters/1-210>		<http://ids.clld.org/values/1-210-286-1>		"makanʔ"@pav	
"dos"@fr	<http://ids.clld.org/values/4-190-171-1>		<http://ids.clld.org/parameters/4-190>		<http://ids.clld.org/values/4-190-286-1>		"warašiʔ"@pav	
"mer"@fr	<http://ids.clld.org/values/1-320-171-1>		<http://ids.clld.org/parameters/1-320>		<http://ids.clld.org/values/1-320-286-1>		"kote ne kom"@pav	
"tuer"@fr	<http://ids.clld.org/values/4-760-171-1>		<http://ids.clld.org/parameters/4-760>		<http://ids.clld.org/values/4-760-286-1>		"paʔ"@pav	
"mourir"@fr	<http://ids.clld.org/values/4-750-171-1>		<http://ids.clld.org/parameters/4-750>		<http://ids.clld.org/values/4-750-286-3>		"konoʔ"@pav	
"mourir"@fr	<http://ids.clld.org/values/4-750-171-1>		<http://ids.clld.org/parameters/4-750>		<http://ids.clld.org/values/4-750-286-1>		"miʔ pin"@pav	
"fleur"@fr	<http://ids.clld.org/values/8-570-171-1>		<http://ids.clld.org/parameters/8-570>		<http://ids.clld.org/values/8-570-286-3>		"wiyein"@pav	
"fleur"@fr	<http://ids.clld.org/values/8-570-171-1>		<http://ids.clld.org/parameters/8-570>		<http://ids.clld.org/values/8-570-286-1>		"piwain"@pav	
"se brûler"@fr	<http://ids.clld.org/values/1-851-171-3>		<http://ids.clld.org/parameters/1-851>		<http://ids.clld.org/values/1-851-286-3>		"wiran"@pav	
"se brûler"@fr	<http://ids.clld.org/values/1-851-171-3>		<http://ids.clld.org/parameters/1-851>		<http://ids.clld.org/values/1-851-286-1>		"tom"@pav	
"se brûler"@fr	<http://ids.clld.org/values/1-851-171-3>		<http://ids.clld.org/parameters/1-851>		<http://ids.clld.org/values/1-851-286-5>		"karahoʔ"@pav	
"peau"@fr	<http://ids.clld.org/values/4-120-171-1>		<http://ids.clld.org/parameters/4-120>		<http://ids.clld.org/values/4-120-286-1>		"taparišiʔ"@pav	
"année"@fr	<http://ids.clld.org/values/14-730-171-1>		<http://ids.clld.org/parameters/14-730>		<http://ids.clld.org/values/14-730-286-1>		"kawašiʔ"@pav	
"serpent"@fr	<http://ids.clld.org/values/3-850-171-1>		<http://ids.clld.org/parameters/3-850>		<http://ids.clld.org/values/3-850-286-1>		"emʔ"@pav	
"écorce"@fr	<http://ids.clld.org/values/8-750-171-1>		<http://ids.clld.org/parameters/8-750>		<http://ids.clld.org/values/8-750-286-1>		"tapari"@pav	
"langue"@fr	<http://ids.clld.org/values/4-260-171-1>		<http://ids.clld.org/parameters/4-260>		<http://ids.clld.org/values/4-260-286-1>		"petehwet nešiʔ (petehwet)"@pav	
"chair"@fr	<http://ids.clld.org/values/4-130-171-1>		<http://ids.clld.org/parameters/4-130>		<http://ids.clld.org/values/4-130-286-1>		"kwerešiʔ"@pav	
"enflure"@fr	<http://ids.clld.org/values/4-853-171-3>		<http://ids.clld.org/parameters/4-853>		<http://ids.clld.org/values/4-853-286-1>		"mom"@pav	
"glace"@fr	<http://ids.clld.org/values/1-770-171-1>		<http://ids.clld.org/parameters/1-770>		<http://ids.clld.org/values/1-770-286-1>		"šio šio"@pav	
"crainte"@fr	<http://ids.clld.org/values/16-530-171-3>		<http://ids.clld.org/parameters/16-530>		<http://ids.clld.org/values/16-530-286-1>		"yinʔ"@pav	
"jaune"@fr	<http://ids.clld.org/values/15-690-171-1>		<http://ids.clld.org/parameters/15-690>		<http://ids.clld.org/values/15-690-286-1>		"košik"@pav	
"jambe"@fr	<http://ids.clld.org/values/4-350-171-1>		<http://ids.clld.org/parameters/4-350>		<http://ids.clld.org/values/4-350-286-1>		"pišiyašiʔ"@pav	
"jambe"@fr	<http://ids.clld.org/values/4-350-171-1>		<http://ids.clld.org/parameters/4-350>		<http://ids.clld.org/values/4-350-286-3>		"kokošiʔ"@pav	
"deux"@fr	<http://ids.clld.org/values/13-20-171-1>		<http://ids.clld.org/parameters/13-20>		<http://ids.clld.org/values/13-20-286-1>		"tuku karakan"@pav	
"attacher"@fr	<http://ids.clld.org/values/9-160-171-1>		<http://ids.clld.org/parameters/9-160>		<http://ids.clld.org/values/9-160-286-1>		"tuku"@pav	
"vent"@fr	<http://ids.clld.org/values/1-720-171-1>		<http://ids.clld.org/parameters/1-720>		<http://ids.clld.org/values/1-720-286-1>		"hotowa"@pav	
"jour"@fr	<http://ids.clld.org/values/14-410-171-1>		<http://ids.clld.org/parameters/14-410>		<http://ids.clld.org/values/14-410-286-1>		"šek"@pav	
"plume"@fr	<http://ids.clld.org/values/4-393-171-1>		<http://ids.clld.org/parameters/4-393>		<http://ids.clld.org/values/4-393-286-1>		"tenenein (šun)"@pav	
"mordre"@fr	<http://ids.clld.org/values/4-580-171-1>		<http://ids.clld.org/parameters/4-580>		<http://ids.clld.org/values/4-580-286-1>		"kio"@pav	
"bête"@fr	<http://ids.clld.org/values/3-110-171-3>		<http://ids.clld.org/parameters/3-110>		<http://ids.clld.org/values/3-110-286-1>		"karawa"@pav	
"sucer"@fr	<http://ids.clld.org/values/5-160-171-1>		<http://ids.clld.org/parameters/5-160>		<http://ids.clld.org/values/5-160-286-1>		"šok"@pav	
"sucer"@fr	<http://ids.clld.org/values/5-160-171-1>		<http://ids.clld.org/parameters/5-160>		<http://ids.clld.org/values/5-160-286-3>		"šak"@pav	
"pierre"@fr	<http://ids.clld.org/values/1-440-171-1>		<http://ids.clld.org/parameters/1-440>		<http://ids.clld.org/values/1-440-286-1>		"pakun"@pav	
"lourd"@fr	<http://ids.clld.org/values/15-810-171-1>		<http://ids.clld.org/parameters/15-810>		<http://ids.clld.org/values/15-810-286-3>		"taʔ man"@pav	
"lourd"@fr	<http://ids.clld.org/values/15-810-171-1>		<http://ids.clld.org/parameters/15-810>		<http://ids.clld.org/values/15-810-286-1>		"šite"@pav	
"lourd"@fr	<http://ids.clld.org/values/15-810-171-1>		<http://ids.clld.org/parameters/15-810>		<http://ids.clld.org/values/15-810-286-5>		"teʔ man"@pav	
"dire"@fr	<http://ids.clld.org/values/18-220-171-1>		<http://ids.clld.org/parameters/18-220>		<http://ids.clld.org/values/18-220-286-1>		"tomiʔ šoʔ"@pav	
"vivant"@fr	<http://ids.clld.org/values/4-740-171-3>		<http://ids.clld.org/parameters/4-740>		<http://ids.clld.org/values/4-740-286-1>		"eʔ"@pav	
"grand"@fr	<http://ids.clld.org/values/12-550-171-1>		<http://ids.clld.org/parameters/12-550>		<http://ids.clld.org/values/12-550-286-1>		"hwaraʔ"@pav	
"grand"@fr	<http://ids.clld.org/values/12-550-171-1>		<http://ids.clld.org/parameters/12-550>		<http://ids.clld.org/values/12-550-286-3>		"horon"@pav	
"gros"@fr	<http://ids.clld.org/values/12-550-171-3>		<http://ids.clld.org/parameters/12-550>		<http://ids.clld.org/values/12-550-286-1>		"hwaraʔ"@pav	
"gros"@fr	<http://ids.clld.org/values/12-550-171-3>		<http://ids.clld.org/parameters/12-550>		<http://ids.clld.org/values/12-550-286-3>		"horon"@pav	
"eux"@fr	<http://ids.clld.org/values/2-960-171-1>		<http://ids.clld.org/parameters/2-960>		<http://ids.clld.org/values/2-960-286-1>		"karam maʔ"@pav	
"sentier"@fr	<http://ids.clld.org/values/10-720-171-1>		<http://ids.clld.org/parameters/10-720>		<http://ids.clld.org/values/10-720-286-1>		"wana (wanayišiʔ)"@pav	
"arbre"@fr	<http://ids.clld.org/values/1-420-171-1>		<http://ids.clld.org/parameters/1-420>		<http://ids.clld.org/values/1-420-286-1>		"pana"@pav	
"nous"@fr	<http://ids.clld.org/values/2-941-171-1>		<http://ids.clld.org/parameters/2-941>		<http://ids.clld.org/values/2-941-286-1>		"wariʔ"@pav	
"court"@fr	<http://ids.clld.org/values/12-590-171-1>		<http://ids.clld.org/parameters/12-590>		<http://ids.clld.org/values/12-590-286-1>		"wiyimain"@pav	
"vieux"@fr	<http://ids.clld.org/values/14-150-171-1>		<http://ids.clld.org/parameters/14-150>		<http://ids.clld.org/values/14-150-286-1>		"maraʔ"@pav	
"vieux"@fr	<http://ids.clld.org/values/14-150-171-1>		<http://ids.clld.org/parameters/14-150>		<http://ids.clld.org/values/14-150-286-3>		"horon"@pav	
"griffe"@fr	<http://ids.clld.org/values/4-345-171-1>		<http://ids.clld.org/parameters/4-345>		<http://ids.clld.org/values/4-345-286-1>		"šikinain"@pav	
"cou"@fr	<http://ids.clld.org/values/4-280-171-1>		<http://ids.clld.org/parameters/4-280>		<http://ids.clld.org/values/4-280-286-1>		"paramašiʔ"@pav	
"sein"@fr	<http://ids.clld.org/values/4-410-171-1>		<http://ids.clld.org/parameters/4-410>		<http://ids.clld.org/values/4-410-286-1>		"karašišiʔ (katat)"@pav	
"os"@fr	<http://ids.clld.org/values/4-160-171-1>		<http://ids.clld.org/parameters/4-160>		<http://ids.clld.org/values/4-160-286-1>		"arašiʔ (at)"@pav	
"fruit"@fr	<http://ids.clld.org/values/5-710-171-1>		<http://ids.clld.org/parameters/5-710>		<http://ids.clld.org/values/5-710-286-3>		"winain"@pav	
"fruit"@fr	<http://ids.clld.org/values/5-710-171-1>		<http://ids.clld.org/parameters/5-710>		<http://ids.clld.org/values/5-710-286-1>		"memem"@pav	
"forêt"@fr	<http://ids.clld.org/values/1-410-171-3>		<http://ids.clld.org/parameters/1-410>		<http://ids.clld.org/values/1-410-286-1>		"nahwarak"@pav	
"manger"@fr	<http://ids.clld.org/values/5-110-171-1>		<http://ids.clld.org/parameters/5-110>		<http://ids.clld.org/values/5-110-286-1>		"kaoʔ"@pav	
"manger"@fr	<http://ids.clld.org/values/5-110-171-1>		<http://ids.clld.org/parameters/5-110>		<http://ids.clld.org/values/5-110-286-3>		"kakakaoʔ"@pav	
"tirer"@fr	<http://ids.clld.org/values/9-330-171-1>		<http://ids.clld.org/parameters/9-330>		<http://ids.clld.org/values/9-330-286-1>		"kök"@pav	
"coeur"@fr	<http://ids.clld.org/values/4-440-171-1>		<http://ids.clld.org/parameters/4-440>		<http://ids.clld.org/values/4-440-286-1>		"šimišiʔ (šim)"@pav	
