"semence"@fr	<http://ids.clld.org/values/8-311-171-3>		<http://ids.clld.org/parameters/8-311>		<http://ids.clld.org/values/8-311-293-1>		"iʔ-hɨɨ (hɨ- ?)"@ram	
"faible"@fr	<http://ids.clld.org/values/4-820-171-1>		<http://ids.clld.org/parameters/4-820>		<http://ids.clld.org/values/4-820-293-1>		"pɛk-"@ram	
"sang"@fr	<http://ids.clld.org/values/4-150-171-1>		<http://ids.clld.org/parameters/4-150>		<http://ids.clld.org/values/4-150-293-1>		"ii-kaproo"@ram	
"se retourner"@fr	<http://ids.clld.org/values/10-130-171-3>		<http://ids.clld.org/parameters/10-130>		<http://ids.clld.org/values/10-130-293-1>		"ayrɔ̃"@ram	
"nez"@fr	<http://ids.clld.org/values/4-230-171-1>		<http://ids.clld.org/parameters/4-230>		<http://ids.clld.org/values/4-230-293-1>		"-yĩyakʰrɛ"@ram	
"seulement"@fr	<http://ids.clld.org/values/13-330-171-3>		<http://ids.clld.org/parameters/13-330>		<http://ids.clld.org/values/13-330-293-3>		"kamã"@ram	
"seulement"@fr	<http://ids.clld.org/values/13-330-171-3>		<http://ids.clld.org/parameters/13-330>		<http://ids.clld.org/values/13-330-293-1>		"pit"@ram	
"aile"@fr	<http://ids.clld.org/values/4-392-171-1>		<http://ids.clld.org/parameters/4-392>		<http://ids.clld.org/values/4-392-293-1>		"haaraa"@ram	
"dans"@fr	<http://ids.clld.org/values/12-50-171-1>		<http://ids.clld.org/parameters/12-50>		<http://ids.clld.org/values/12-50-293-1>		"kʰam"@ram	
"(malau) ventre"@fr	<http://ids.clld.org/values/4-460-171-3>		<http://ids.clld.org/parameters/4-460>		<http://ids.clld.org/values/4-460-293-1>		"ii-tu"@ram	
"herbe"@fr	<http://ids.clld.org/values/8-510-171-1>		<http://ids.clld.org/parameters/8-510>		<http://ids.clld.org/values/8-510-293-1>		"aʔ-tuu"@ram	
"pied"@fr	<http://ids.clld.org/values/4-370-171-1>		<http://ids.clld.org/parameters/4-370>		<http://ids.clld.org/values/4-370-293-1>		"ii-par"@ram	
"scorpion"@fr	<http://ids.clld.org/values/3-815-171-1>		<http://ids.clld.org/parameters/3-815>		<http://ids.clld.org/values/3-815-293-1>		"pak"@ram	
"brûler"@fr	<http://ids.clld.org/values/1-851-171-1>		<http://ids.clld.org/parameters/1-851>		<http://ids.clld.org/values/1-851-293-1>		"ka-c̷ər"@ram	
"tête"@fr	<http://ids.clld.org/values/4-200-171-1>		<http://ids.clld.org/parameters/4-200>		<http://ids.clld.org/values/4-200-293-1>		"ii-kʰrə̃"@ram	
"hanche"@fr	<http://ids.clld.org/values/4-463-171-1>		<http://ids.clld.org/parameters/4-463>		<http://ids.clld.org/values/4-463-293-1>		"hɔ̃"@ram	
"chien"@fr	<http://ids.clld.org/values/3-610-171-1>		<http://ids.clld.org/parameters/3-610>		<http://ids.clld.org/values/3-610-293-1>		"rɔp"@ram	
"graisse"@fr	<http://ids.clld.org/values/5-791-171-1>		<http://ids.clld.org/parameters/5-791>		<http://ids.clld.org/values/5-791-293-1>		"iʔ-twɨm"@ram	
"étoile"@fr	<http://ids.clld.org/values/1-540-171-1>		<http://ids.clld.org/parameters/1-540>		<http://ids.clld.org/values/1-540-293-1>		"kac̷ee-rɛ"@ram	
"cochon"@fr	<http://ids.clld.org/values/3-350-171-3>		<http://ids.clld.org/parameters/3-350>		<http://ids.clld.org/values/3-350-293-1>		"kʰro"@ram	
"trois"@fr	<http://ids.clld.org/values/13-30-171-1>		<http://ids.clld.org/parameters/13-30>		<http://ids.clld.org/values/13-30-293-1>		"ɨnkre-"@ram	
"vivre"@fr	<http://ids.clld.org/values/4-740-171-1>		<http://ids.clld.org/parameters/4-740>		<http://ids.clld.org/values/4-740-293-1>		"tĩ"@ram	
"mentir"@fr	<http://ids.clld.org/values/16-670-171-1>		<http://ids.clld.org/parameters/16-670>		<http://ids.clld.org/values/16-670-293-1>		"nõ"@ram	
"toiture de chaume"@fr	<http://ids.clld.org/values/7-520-171-1>		<http://ids.clld.org/parameters/7-520>		<http://ids.clld.org/values/7-520-293-1>		"po"@ram	
"voler"@fr	<http://ids.clld.org/values/10-370-171-1>		<http://ids.clld.org/parameters/10-370>		<http://ids.clld.org/values/10-370-293-1>		"tɛɛ"@ram	
"brûler"@fr	<http://ids.clld.org/values/1-852-171-1>		<http://ids.clld.org/parameters/1-852>		<http://ids.clld.org/values/1-852-293-1>		"pok"@ram	
"pluie"@fr	<http://ids.clld.org/values/1-750-171-1>		<http://ids.clld.org/parameters/1-750>		<http://ids.clld.org/values/1-750-293-1>		"taa (ta ?)"@ram	
"bouche"@fr	<http://ids.clld.org/values/4-240-171-1>		<http://ids.clld.org/parameters/4-240>		<http://ids.clld.org/values/4-240-293-1>		"-yarkʰwa"@ram	
"rosée"@fr	<http://ids.clld.org/values/1-640-171-1>		<http://ids.clld.org/parameters/1-640>		<http://ids.clld.org/values/1-640-293-1>		"atər-"@ram	
"daim"@fr	<http://ids.clld.org/values/3-750-171-1>		<http://ids.clld.org/parameters/3-750>		<http://ids.clld.org/values/3-750-293-1>		"pɔ"@ram	
"daim"@fr	<http://ids.clld.org/values/3-750-171-1>		<http://ids.clld.org/parameters/3-750>		<http://ids.clld.org/values/3-750-293-3>		"kaarə"@ram	
"époux"@fr	<http://ids.clld.org/values/2-310-171-3>		<http://ids.clld.org/parameters/2-310>		<http://ids.clld.org/values/2-310-293-1>		"ĩĩ-pyɛ"@ram	
"amer"@fr	<http://ids.clld.org/values/15-370-171-1>		<http://ids.clld.org/parameters/15-370>		<http://ids.clld.org/values/15-370-293-1>		"-c̷ə-"@ram	
"amer"@fr	<http://ids.clld.org/values/15-370-171-1>		<http://ids.clld.org/parameters/15-370>		<http://ids.clld.org/values/15-370-293-3>		"hə"@ram	
"s'asseoir"@fr	<http://ids.clld.org/values/12-130-171-1>		<http://ids.clld.org/parameters/12-130>		<http://ids.clld.org/values/12-130-293-1>		"yə̃ (yɨ̃ ?)"@ram	
"laver"@fr	<http://ids.clld.org/values/9-360-171-1>		<http://ids.clld.org/parameters/9-360>		<http://ids.clld.org/values/9-360-293-1>		"kuʔhõ"@ram	
"laver"@fr	<http://ids.clld.org/values/9-360-171-1>		<http://ids.clld.org/parameters/9-360>		<http://ids.clld.org/values/9-360-293-3>		"kaʔhõ"@ram	
"couleuvre"@fr	<http://ids.clld.org/values/3-850-171-3>		<http://ids.clld.org/parameters/3-850>		<http://ids.clld.org/values/3-850-293-3>		"pat"@ram	
"couleuvre"@fr	<http://ids.clld.org/values/3-850-171-3>		<http://ids.clld.org/parameters/3-850>		<http://ids.clld.org/values/3-850-293-1>		"kaaŋə"@ram	
"habiter"@fr	<http://ids.clld.org/values/7-110-171-1>		<http://ids.clld.org/parameters/7-110>		<http://ids.clld.org/values/7-110-293-1>		"kʰrĩ"@ram	
"menton"@fr	<http://ids.clld.org/values/4-209-171-1>		<http://ids.clld.org/parameters/4-209>		<http://ids.clld.org/values/4-209-293-1>		"hamã"@ram	
"place"@fr	<http://ids.clld.org/values/12-110-171-3>		<http://ids.clld.org/parameters/12-110>		<http://ids.clld.org/values/12-110-293-1>		"-li-"@ram	
"matinée"@fr	<http://ids.clld.org/values/14-440-171-3>		<http://ids.clld.org/parameters/14-440>		<http://ids.clld.org/values/14-440-293-1>		"apɛ̃"@ram	
"ciel"@fr	<http://ids.clld.org/values/1-510-171-1>		<http://ids.clld.org/parameters/1-510>		<http://ids.clld.org/values/1-510-293-1>		"koykʰwa"@ram	
"peu"@fr	<http://ids.clld.org/values/13-170-171-1>		<http://ids.clld.org/parameters/13-170>		<http://ids.clld.org/values/13-170-293-1>		"kʰɨɨpe-"@ram	
"nouveau"@fr	<http://ids.clld.org/values/14-130-171-1>		<http://ids.clld.org/parameters/14-130>		<http://ids.clld.org/values/14-130-293-1>		"-tuwa"@ram	
"fourmi"@fr	<http://ids.clld.org/values/3-817-171-1>		<http://ids.clld.org/parameters/3-817>		<http://ids.clld.org/values/3-817-293-1>		"ahc̷un- (aʔc̷un- ?)"@ram	
"marcher"@fr	<http://ids.clld.org/values/10-450-171-1>		<http://ids.clld.org/parameters/10-450>		<http://ids.clld.org/values/10-450-293-1>		"mõ"@ram	
"nager"@fr	<http://ids.clld.org/values/10-350-171-1>		<http://ids.clld.org/parameters/10-350>		<http://ids.clld.org/values/10-350-293-1>		"ree"@ram	
"nager"@fr	<http://ids.clld.org/values/10-350-171-1>		<http://ids.clld.org/parameters/10-350>		<http://ids.clld.org/values/10-350-293-3>		"c̷wa"@ram	
"frapper"@fr	<http://ids.clld.org/values/9-210-171-1>		<http://ids.clld.org/parameters/9-210>		<http://ids.clld.org/values/9-210-293-1>		"kʰrɔ̃k"@ram	
"dormir"@fr	<http://ids.clld.org/values/4-610-171-1>		<http://ids.clld.org/parameters/4-610>		<http://ids.clld.org/values/4-610-293-1>		"-ŋõr (ŋɔ̃r ?)"@ram	
"vous"@fr	<http://ids.clld.org/values/2-920-171-3>		<http://ids.clld.org/parameters/2-920>		<http://ids.clld.org/values/2-920-293-1>		"ka"@ram	
"queue"@fr	<http://ids.clld.org/values/4-180-171-1>		<http://ids.clld.org/parameters/4-180>		<http://ids.clld.org/values/4-180-293-1>		"ha-ppɨ"@ram	
"le gras"@fr	<http://ids.clld.org/values/5-791-171-3>		<http://ids.clld.org/parameters/5-791>		<http://ids.clld.org/values/5-791-293-1>		"iʔ-twɨm"@ram	
"tous"@fr	<http://ids.clld.org/values/13-140-171-3>		<http://ids.clld.org/parameters/13-140>		<http://ids.clld.org/values/13-140-293-1>		"tu-"@ram	
"chanter"@fr	<http://ids.clld.org/values/18-120-171-1>		<http://ids.clld.org/parameters/18-120>		<http://ids.clld.org/values/18-120-293-1>		"-krɛ"@ram	
"feuille"@fr	<http://ids.clld.org/values/8-560-171-1>		<http://ids.clld.org/parameters/8-560>		<http://ids.clld.org/values/8-560-293-1>		"iʔ-ho"@ram	
"fesses"@fr	<http://ids.clld.org/values/4-464-171-1>		<http://ids.clld.org/parameters/4-464>		<http://ids.clld.org/values/4-464-293-1>		"ayɔ"@ram	
"natte"@fr	<http://ids.clld.org/values/9-770-171-1>		<http://ids.clld.org/parameters/9-770>		<http://ids.clld.org/values/9-770-293-1>		"kohpip (koʔpip ?)"@ram	
"dent"@fr	<http://ids.clld.org/values/4-270-171-1>		<http://ids.clld.org/parameters/4-270>		<http://ids.clld.org/values/4-270-293-1>		"ii-c̷wa"@ram	
"aller"@fr	<http://ids.clld.org/values/10-470-171-1>		<http://ids.clld.org/parameters/10-470>		<http://ids.clld.org/values/10-470-293-1>		"mɔ̃"@ram	
"foin"@fr	<http://ids.clld.org/values/8-520-171-1>		<http://ids.clld.org/parameters/8-520>		<http://ids.clld.org/values/8-520-293-1>		"po-"@ram	
"ver de terre"@fr	<http://ids.clld.org/values/3-840-171-1>		<http://ids.clld.org/parameters/3-840>		<http://ids.clld.org/values/3-840-293-1>		"hɔɔc̷ã"@ram	
"épouse"@fr	<http://ids.clld.org/values/2-320-171-3>		<http://ids.clld.org/parameters/2-320>		<http://ids.clld.org/values/2-320-293-1>		"ĩĩ-prõ"@ram	
"embrasser"@fr	<http://ids.clld.org/values/16-290-171-3>		<http://ids.clld.org/parameters/16-290>		<http://ids.clld.org/values/16-290-293-1>		"p (?)"@ram	
"père"@fr	<http://ids.clld.org/values/2-350-171-1>		<http://ids.clld.org/parameters/2-350>		<http://ids.clld.org/values/2-350-293-1>		"-pãm"@ram	
"père"@fr	<http://ids.clld.org/values/2-350-171-1>		<http://ids.clld.org/parameters/2-350>		<http://ids.clld.org/values/2-350-293-3>		"c̷ũ"@ram	
"nom"@fr	<http://ids.clld.org/values/18-280-171-1>		<http://ids.clld.org/parameters/18-280>		<http://ids.clld.org/values/18-280-293-1>		"awkʰe-"@ram	
"nom"@fr	<http://ids.clld.org/values/18-280-171-1>		<http://ids.clld.org/parameters/18-280>		<http://ids.clld.org/values/18-280-293-3>		"yəyə-"@ram	
"derrière"@fr	<http://ids.clld.org/values/4-464-171-3>		<http://ids.clld.org/parameters/4-464>		<http://ids.clld.org/values/4-464-293-1>		"ayɔ"@ram	
"oiseau"@fr	<http://ids.clld.org/values/3-581-171-1>		<http://ids.clld.org/parameters/3-581>		<http://ids.clld.org/values/3-581-293-1>		"kɛ̃"@ram	
"se tenir debout"@fr	<http://ids.clld.org/values/12-150-171-1>		<http://ids.clld.org/parameters/12-150>		<http://ids.clld.org/values/12-150-293-1>		"c̷a"@ram	
"mort"@fr	<http://ids.clld.org/values/4-750-171-3>		<http://ids.clld.org/parameters/4-750>		<http://ids.clld.org/values/4-750-293-1>		"tɨɨ- (tɨ ?)"@ram	
"tabac"@fr	<http://ids.clld.org/values/8-680-171-1>		<http://ids.clld.org/parameters/8-680>		<http://ids.clld.org/values/8-680-293-1>		"parho"@ram	
"fil"@fr	<http://ids.clld.org/values/6-380-171-1>		<http://ids.clld.org/parameters/6-380>		<http://ids.clld.org/values/6-380-293-1>		"he-"@ram	
"fil"@fr	<http://ids.clld.org/values/6-380-171-1>		<http://ids.clld.org/parameters/6-380>		<http://ids.clld.org/values/6-380-293-3>		"-c̷e- (?)"@ram	
"enfant"@fr	<http://ids.clld.org/values/2-270-171-1>		<http://ids.clld.org/parameters/2-270>		<http://ids.clld.org/values/2-270-293-1>		"aʔ-kʰra-rɛ"@ram	
"porter"@fr	<http://ids.clld.org/values/10-610-171-1>		<http://ids.clld.org/parameters/10-610>		<http://ids.clld.org/values/10-610-293-1>		"pə"@ram	
"pas droit"@fr	<http://ids.clld.org/values/12-740-171-3>		<http://ids.clld.org/parameters/12-740>		<http://ids.clld.org/values/12-740-293-1>		"yakɔt"@ram	
"joyeux"@fr	<http://ids.clld.org/values/16-230-171-1>		<http://ids.clld.org/parameters/16-230>		<http://ids.clld.org/values/16-230-293-1>		"hakʰrɨ"@ram	
"soeur"@fr	<http://ids.clld.org/values/2-450-171-1>		<http://ids.clld.org/parameters/2-450>		<http://ids.clld.org/values/2-450-293-1>		"tɔ̃y-"@ram	
"viande"@fr	<http://ids.clld.org/values/5-610-171-1>		<http://ids.clld.org/parameters/5-610>		<http://ids.clld.org/values/5-610-293-1>		"hĩ"@ram	
"viande"@fr	<http://ids.clld.org/values/5-610-171-1>		<http://ids.clld.org/parameters/5-610>		<http://ids.clld.org/values/5-610-293-3>		"yĩ"@ram	
"voir"@fr	<http://ids.clld.org/values/15-510-171-1>		<http://ids.clld.org/parameters/15-510>		<http://ids.clld.org/values/15-510-293-1>		"-hõm-pu"@ram	
"voir"@fr	<http://ids.clld.org/values/15-510-171-1>		<http://ids.clld.org/parameters/15-510>		<http://ids.clld.org/values/15-510-293-3>		"pu-pun"@ram	
"vie"@fr	<http://ids.clld.org/values/4-740-171-5>		<http://ids.clld.org/parameters/4-740>		<http://ids.clld.org/values/4-740-293-1>		"tĩ"@ram	
"arc"@fr	<http://ids.clld.org/values/20-240-171-1>		<http://ids.clld.org/parameters/20-240>		<http://ids.clld.org/values/20-240-293-1>		"kuuhe"@ram	
"mère"@fr	<http://ids.clld.org/values/2-360-171-1>		<http://ids.clld.org/parameters/2-360>		<http://ids.clld.org/values/2-360-293-1>		"-nə̃ə̃"@ram	
"oeuf"@fr	<http://ids.clld.org/values/5-970-171-1>		<http://ids.clld.org/parameters/5-970>		<http://ids.clld.org/values/5-970-293-1>		"in-krɛ"@ram	
"singe"@fr	<http://ids.clld.org/values/3-760-171-1>		<http://ids.clld.org/parameters/3-760>		<http://ids.clld.org/values/3-760-293-1>		"kukʰoy"@ram	
"je"@fr	<http://ids.clld.org/values/2-910-171-1>		<http://ids.clld.org/parameters/2-910>		<http://ids.clld.org/values/2-910-293-3>		"wa"@ram	
"je"@fr	<http://ids.clld.org/values/2-910-171-1>		<http://ids.clld.org/parameters/2-910>		<http://ids.clld.org/values/2-910-293-1>		"pa"@ram	
"culbuter"@fr	<http://ids.clld.org/values/10-130-171-1>		<http://ids.clld.org/parameters/10-130>		<http://ids.clld.org/values/10-130-293-1>		"ayrɔ̃"@ram	
"miel"@fr	<http://ids.clld.org/values/5-840-171-1>		<http://ids.clld.org/parameters/5-840>		<http://ids.clld.org/values/5-840-293-1>		"pɛn"@ram	
"genou"@fr	<http://ids.clld.org/values/4-360-171-1>		<http://ids.clld.org/parameters/4-360>		<http://ids.clld.org/values/4-360-293-1>		"ii-kʰõn"@ram	
"se baigner"@fr	<http://ids.clld.org/values/4-690-171-1>		<http://ids.clld.org/parameters/4-690>		<http://ids.clld.org/values/4-690-293-1>		"c̷wa"@ram	
"plein"@fr	<http://ids.clld.org/values/13-210-171-1>		<http://ids.clld.org/parameters/13-210>		<http://ids.clld.org/values/13-210-293-1>		"yic̷u"@ram	
"se coucher"@fr	<http://ids.clld.org/values/12-140-171-1>		<http://ids.clld.org/parameters/12-140>		<http://ids.clld.org/values/12-140-293-1>		"nɔ̃"@ram	
"blanc"@fr	<http://ids.clld.org/values/15-640-171-1>		<http://ids.clld.org/parameters/15-640>		<http://ids.clld.org/values/15-640-293-1>		"hakkʰa"@ram	
"blanc"@fr	<http://ids.clld.org/values/15-640-171-1>		<http://ids.clld.org/parameters/15-640>		<http://ids.clld.org/values/15-640-293-3>		"yakʰaa"@ram	
"il/elle/il"@fr	<http://ids.clld.org/values/2-930-171-1>		<http://ids.clld.org/parameters/2-930>		<http://ids.clld.org/values/2-930-293-1>		"tamə̃"@ram	
"chaud"@fr	<http://ids.clld.org/values/15-850-171-1>		<http://ids.clld.org/parameters/15-850>		<http://ids.clld.org/values/15-850-293-1>		"kakrɔ"@ram	
"matin"@fr	<http://ids.clld.org/values/14-440-171-1>		<http://ids.clld.org/parameters/14-440>		<http://ids.clld.org/values/14-440-293-1>		"apɛ̃"@ram	
"long"@fr	<http://ids.clld.org/values/12-570-171-1>		<http://ids.clld.org/parameters/12-570>		<http://ids.clld.org/values/12-570-293-1>		"i-rɨɨ"@ram	
"foie"@fr	<http://ids.clld.org/values/4-450-171-1>		<http://ids.clld.org/parameters/4-450>		<http://ids.clld.org/values/4-450-293-1>		"ii-pa"@ram	
"roc"@fr	<http://ids.clld.org/values/1-440-171-3>		<http://ids.clld.org/parameters/1-440>		<http://ids.clld.org/values/1-440-293-1>		"kʰɛn"@ram	
"venir"@fr	<http://ids.clld.org/values/10-480-171-1>		<http://ids.clld.org/parameters/10-480>		<http://ids.clld.org/values/10-480-293-1>		"-tẽ"@ram	
"sel"@fr	<http://ids.clld.org/values/5-810-171-1>		<http://ids.clld.org/parameters/5-810>		<http://ids.clld.org/values/5-810-293-1>		"kaac̷wa"@ram	
"ramasser"@fr	<http://ids.clld.org/values/12-212-171-1>		<http://ids.clld.org/parameters/12-212>		<http://ids.clld.org/values/12-212-293-1>		"pɨ"@ram	
"mauvais"@fr	<http://ids.clld.org/values/16-720-171-1>		<http://ids.clld.org/parameters/16-720>		<http://ids.clld.org/values/16-720-293-1>		"iʔkʰɛn"@ram	
"bois"@fr	<http://ids.clld.org/values/1-410-171-1>		<http://ids.clld.org/parameters/1-410>		<http://ids.clld.org/values/1-410-293-1>		"lam-"@ram	
"froid"@fr	<http://ids.clld.org/values/15-860-171-1>		<http://ids.clld.org/parameters/15-860>		<http://ids.clld.org/values/15-860-293-1>		"kʰrɨ"@ram	
"manioc"@fr	<http://ids.clld.org/values/8-920-171-1>		<http://ids.clld.org/parameters/8-920>		<http://ids.clld.org/values/8-920-293-1>		"kʰwɨrɨ"@ram	
"source"@fr	<http://ids.clld.org/values/1-370-171-1>		<http://ids.clld.org/parameters/1-370>		<http://ids.clld.org/values/1-370-293-1>		"kʰwa"@ram	
"bras"@fr	<http://ids.clld.org/values/4-310-171-1>		<http://ids.clld.org/parameters/4-310>		<http://ids.clld.org/values/4-310-293-1>		"pa"@ram	
"foyer"@fr	<http://ids.clld.org/values/7-310-171-1>		<http://ids.clld.org/parameters/7-310>		<http://ids.clld.org/values/7-310-293-1>		"kiz (?)"@ram	
"hoqueter"@fr	<http://ids.clld.org/values/4-521-171-1>		<http://ids.clld.org/parameters/4-521>		<http://ids.clld.org/values/4-521-293-1>		"hɛk"@ram	
"sucré"@fr	<http://ids.clld.org/values/15-350-171-1>		<http://ids.clld.org/parameters/15-350>		<http://ids.clld.org/values/15-350-293-1>		"c̷o-"@ram	
"lieu"@fr	<http://ids.clld.org/values/12-110-171-5>		<http://ids.clld.org/parameters/12-110>		<http://ids.clld.org/values/12-110-293-1>		"-li-"@ram	
"humide"@fr	<http://ids.clld.org/values/15-830-171-1>		<http://ids.clld.org/parameters/15-830>		<http://ids.clld.org/values/15-830-293-1>		"mrɔ̃ (?)"@ram	
"pou"@fr	<http://ids.clld.org/values/3-811-171-1>		<http://ids.clld.org/parameters/3-811>		<http://ids.clld.org/values/3-811-293-1>		"ii-ko"@ram	
"entendre"@fr	<http://ids.clld.org/values/15-410-171-1>		<http://ids.clld.org/parameters/15-410>		<http://ids.clld.org/values/15-410-293-1>		"kʰə̃-pa"@ram	
"bois"@fr	<http://ids.clld.org/values/1-430-171-1>		<http://ids.clld.org/parameters/1-430>		<http://ids.clld.org/values/1-430-293-1>		"pĩ"@ram	
"donner"@fr	<http://ids.clld.org/values/11-210-171-1>		<http://ids.clld.org/parameters/11-210>		<http://ids.clld.org/values/11-210-293-3>		"ŋɔ̃"@ram	
"donner"@fr	<http://ids.clld.org/values/11-210-171-1>		<http://ids.clld.org/parameters/11-210>		<http://ids.clld.org/values/11-210-293-1>		"c̷i-"@ram	
"souffler"@fr	<http://ids.clld.org/values/10-380-171-1>		<http://ids.clld.org/parameters/10-380>		<http://ids.clld.org/values/10-380-293-1>		"hakkoo"@ram	
"fumée"@fr	<http://ids.clld.org/values/1-830-171-1>		<http://ids.clld.org/parameters/1-830>		<http://ids.clld.org/values/1-830-293-1>		"iʔ-kʰũm"@ram	
"arbre"@fr	<http://ids.clld.org/values/8-600-171-1>		<http://ids.clld.org/parameters/8-600>		<http://ids.clld.org/values/8-600-293-1>		"pĩĩ"@ram	
"chercher"@fr	<http://ids.clld.org/values/11-310-171-1>		<http://ids.clld.org/parameters/11-310>		<http://ids.clld.org/values/11-310-293-1>		"lɨ̃t"@ram	
"chemin"@fr	<http://ids.clld.org/values/10-720-171-3>		<http://ids.clld.org/parameters/10-720>		<http://ids.clld.org/values/10-720-293-1>		"prɨɨ"@ram	
"graine"@fr	<http://ids.clld.org/values/8-311-171-1>		<http://ids.clld.org/parameters/8-311>		<http://ids.clld.org/values/8-311-293-1>		"iʔ-hɨɨ (hɨ- ?)"@ram	
"soleil"@fr	<http://ids.clld.org/values/1-520-171-1>		<http://ids.clld.org/parameters/1-520>		<http://ids.clld.org/values/1-520-293-3>		"pɨtɨ"@ram	
"soleil"@fr	<http://ids.clld.org/values/1-520-171-1>		<http://ids.clld.org/parameters/1-520>		<http://ids.clld.org/values/1-520-293-1>		"pɨt"@ram	
"eau"@fr	<http://ids.clld.org/values/1-310-171-1>		<http://ids.clld.org/parameters/1-310>		<http://ids.clld.org/values/1-310-293-1>		"ko"@ram	
"danser"@fr	<http://ids.clld.org/values/10-440-171-1>		<http://ids.clld.org/parameters/10-440>		<http://ids.clld.org/values/10-440-293-1>		"hakrun (?)"@ram	
"cour"@fr	<http://ids.clld.org/values/7-150-171-1>		<http://ids.clld.org/parameters/7-150>		<http://ids.clld.org/values/7-150-293-1>		"ka-"@ram	
"noir"@fr	<http://ids.clld.org/values/15-650-171-1>		<http://ids.clld.org/parameters/15-650>		<http://ids.clld.org/values/15-650-293-1>		"iʔ-tɨk"@ram	
"douleur"@fr	<http://ids.clld.org/values/16-310-171-1>		<http://ids.clld.org/parameters/16-310>		<http://ids.clld.org/values/16-310-293-1>		"-c̷a-"@ram	
"douleur"@fr	<http://ids.clld.org/values/16-310-171-1>		<http://ids.clld.org/parameters/16-310>		<http://ids.clld.org/values/16-310-293-3>		"ha- (?)"@ram	
"cendres"@fr	<http://ids.clld.org/values/1-840-171-1>		<http://ids.clld.org/parameters/1-840>		<http://ids.clld.org/values/1-840-293-1>		"prɔ"@ram	
"petit"@fr	<http://ids.clld.org/values/12-560-171-1>		<http://ids.clld.org/parameters/12-560>		<http://ids.clld.org/values/12-560-293-3>		"lɛ"@ram	
"petit"@fr	<http://ids.clld.org/values/12-560-171-1>		<http://ids.clld.org/parameters/12-560>		<http://ids.clld.org/values/12-560-293-1>		"ĩn-krirɛ"@ram	
"tu"@fr	<http://ids.clld.org/values/2-920-171-1>		<http://ids.clld.org/parameters/2-920>		<http://ids.clld.org/values/2-920-293-1>		"ka"@ram	
"feu"@fr	<http://ids.clld.org/values/1-810-171-1>		<http://ids.clld.org/parameters/1-810>		<http://ids.clld.org/values/1-810-293-1>		"kuhɨ"@ram	
"poussière"@fr	<http://ids.clld.org/values/1-213-171-1>		<http://ids.clld.org/parameters/1-213>		<http://ids.clld.org/values/1-213-293-1>		"pye yakro"@ram	
"pomme de terre"@fr	<http://ids.clld.org/values/5-700-171-1>		<http://ids.clld.org/parameters/5-700>		<http://ids.clld.org/values/5-700-293-1>		"yat (yɛt ?)"@ram	
"faire"@fr	<http://ids.clld.org/values/9-110-171-1>		<http://ids.clld.org/parameters/9-110>		<http://ids.clld.org/values/9-110-293-1>		"tɔn"@ram	
"mari"@fr	<http://ids.clld.org/values/2-310-171-1>		<http://ids.clld.org/parameters/2-310>		<http://ids.clld.org/values/2-310-293-1>		"ĩĩ-pyɛ"@ram	
"papillon"@fr	<http://ids.clld.org/values/3-920-171-1>		<http://ids.clld.org/parameters/3-920>		<http://ids.clld.org/values/3-920-293-1>		"wɛwɛ-"@ram	
"courbe"@fr	<http://ids.clld.org/values/12-740-171-1>		<http://ids.clld.org/parameters/12-740>		<http://ids.clld.org/values/12-740-293-1>		"yakɔt"@ram	
"âpre"@fr	<http://ids.clld.org/values/15-370-171-3>		<http://ids.clld.org/parameters/15-370>		<http://ids.clld.org/values/15-370-293-1>		"-c̷ə-"@ram	
"âpre"@fr	<http://ids.clld.org/values/15-370-171-3>		<http://ids.clld.org/parameters/15-370>		<http://ids.clld.org/values/15-370-293-3>		"hə"@ram	
"vite"@fr	<http://ids.clld.org/values/14-210-171-1>		<http://ids.clld.org/parameters/14-210>		<http://ids.clld.org/values/14-210-293-1>		"kɨt-"@ram	
"homme"@fr	<http://ids.clld.org/values/2-210-171-1>		<http://ids.clld.org/parameters/2-210>		<http://ids.clld.org/values/2-210-293-1>		"hũm"@ram	
"large"@fr	<http://ids.clld.org/values/12-610-171-1>		<http://ids.clld.org/parameters/12-610>		<http://ids.clld.org/values/12-610-293-1>		"iʔ-pɔ"@ram	
"peinture"@fr	<http://ids.clld.org/values/9-880-171-1>		<http://ids.clld.org/parameters/9-880>		<http://ids.clld.org/values/9-880-293-1>		"kʰrɔr"@ram	
"endroit"@fr	<http://ids.clld.org/values/12-110-171-1>		<http://ids.clld.org/parameters/12-110>		<http://ids.clld.org/values/12-110-293-1>		"-li-"@ram	
"gauche"@fr	<http://ids.clld.org/values/12-420-171-1>		<http://ids.clld.org/parameters/12-420>		<http://ids.clld.org/values/12-420-293-1>		"aw-kʰɛ"@ram	
"seul"@fr	<http://ids.clld.org/values/13-330-171-1>		<http://ids.clld.org/parameters/13-330>		<http://ids.clld.org/values/13-330-293-3>		"kamã"@ram	
"seul"@fr	<http://ids.clld.org/values/13-330-171-1>		<http://ids.clld.org/parameters/13-330>		<http://ids.clld.org/values/13-330-293-1>		"pit"@ram	
"dedans"@fr	<http://ids.clld.org/values/12-50-171-3>		<http://ids.clld.org/parameters/12-50>		<http://ids.clld.org/values/12-50-293-1>		"kʰam"@ram	
"main"@fr	<http://ids.clld.org/values/4-330-171-1>		<http://ids.clld.org/parameters/4-330>		<http://ids.clld.org/values/4-330-293-1>		"hũʔkʰra"@ram	
"doux"@fr	<http://ids.clld.org/values/15-350-171-3>		<http://ids.clld.org/parameters/15-350>		<http://ids.clld.org/values/15-350-293-1>		"c̷o-"@ram	
"poisson"@fr	<http://ids.clld.org/values/3-650-171-1>		<http://ids.clld.org/parameters/3-650>		<http://ids.clld.org/values/3-650-293-3>		"krən-"@ram	
"poisson"@fr	<http://ids.clld.org/values/3-650-171-1>		<http://ids.clld.org/parameters/3-650>		<http://ids.clld.org/values/3-650-293-1>		"tɛp"@ram	
"canne"@fr	<http://ids.clld.org/values/19-250-171-1>		<http://ids.clld.org/parameters/19-250>		<http://ids.clld.org/values/19-250-293-1>		"kʰo-"@ram	
"nuit"@fr	<http://ids.clld.org/values/14-420-171-1>		<http://ids.clld.org/parameters/14-420>		<http://ids.clld.org/values/14-420-293-1>		"kac̷wa"@ram	
"estomac"@fr	<http://ids.clld.org/values/4-460-171-1>		<http://ids.clld.org/parameters/4-460>		<http://ids.clld.org/values/4-460-293-1>		"ii-tu"@ram	
"porc"@fr	<http://ids.clld.org/values/3-350-171-1>		<http://ids.clld.org/parameters/3-350>		<http://ids.clld.org/values/3-350-293-1>		"kʰro"@ram	
"femme"@fr	<http://ids.clld.org/values/2-320-171-1>		<http://ids.clld.org/parameters/2-320>		<http://ids.clld.org/values/2-320-293-1>		"ĩĩ-prõ"@ram	
"demeurer"@fr	<http://ids.clld.org/values/7-110-171-3>		<http://ids.clld.org/parameters/7-110>		<http://ids.clld.org/values/7-110-293-1>		"kʰrĩ"@ram	
"oeil"@fr	<http://ids.clld.org/values/4-210-171-1>		<http://ids.clld.org/parameters/4-210>		<http://ids.clld.org/values/4-210-293-1>		"ii-tɔ"@ram	
"presser"@fr	<http://ids.clld.org/values/9-343-171-1>		<http://ids.clld.org/parameters/9-343>		<http://ids.clld.org/values/9-343-293-1>		"ŋɛ̃n"@ram	
"cerf"@fr	<http://ids.clld.org/values/3-750-171-3>		<http://ids.clld.org/parameters/3-750>		<http://ids.clld.org/values/3-750-293-1>		"pɔ"@ram	
"cerf"@fr	<http://ids.clld.org/values/3-750-171-3>		<http://ids.clld.org/parameters/3-750>		<http://ids.clld.org/values/3-750-293-3>		"kaarə"@ram	
"moi"@fr	<http://ids.clld.org/values/2-910-171-3>		<http://ids.clld.org/parameters/2-910>		<http://ids.clld.org/values/2-910-293-3>		"wa"@ram	
"moi"@fr	<http://ids.clld.org/values/2-910-171-3>		<http://ids.clld.org/parameters/2-910>		<http://ids.clld.org/values/2-910-293-1>		"pa"@ram	
"cheveu"@fr	<http://ids.clld.org/values/4-140-171-1>		<http://ids.clld.org/parameters/4-140>		<http://ids.clld.org/values/4-140-293-1>		"ii-kʰĩ"@ram	
"battre"@fr	<http://ids.clld.org/values/9-210-171-3>		<http://ids.clld.org/parameters/9-210>		<http://ids.clld.org/values/9-210-293-1>		"kʰrɔ̃k"@ram	
"marteler de ses poing"@fr	<http://ids.clld.org/values/9-211-171-1>		<http://ids.clld.org/parameters/9-211>		<http://ids.clld.org/values/9-211-293-1>		"twə"@ram	
"crocodile"@fr	<http://ids.clld.org/values/3-970-171-1>		<http://ids.clld.org/parameters/3-970>		<http://ids.clld.org/values/3-970-293-1>		"mĩĩ (mɨ̃ ?)"@ram	
"baiser"@fr	<http://ids.clld.org/values/16-290-171-1>		<http://ids.clld.org/parameters/16-290>		<http://ids.clld.org/values/16-290-293-1>		"p (?)"@ram	
"bon"@fr	<http://ids.clld.org/values/16-710-171-1>		<http://ids.clld.org/parameters/16-710>		<http://ids.clld.org/values/16-710-293-1>		"-pɛy"@ram	
"sec"@fr	<http://ids.clld.org/values/15-840-171-1>		<http://ids.clld.org/parameters/15-840>		<http://ids.clld.org/values/15-840-293-1>		"krə"@ram	
"sec"@fr	<http://ids.clld.org/values/15-840-171-1>		<http://ids.clld.org/parameters/15-840>		<http://ids.clld.org/values/15-840-293-3>		"(kʰra ?)"@ram	
"chaque"@fr	<http://ids.clld.org/values/13-140-171-1>		<http://ids.clld.org/parameters/13-140>		<http://ids.clld.org/values/13-140-293-1>		"tu-"@ram	
"sable"@fr	<http://ids.clld.org/values/1-215-171-1>		<http://ids.clld.org/parameters/1-215>		<http://ids.clld.org/values/1-215-293-1>		"pye"@ram	
"boire"@fr	<http://ids.clld.org/values/5-130-171-1>		<http://ids.clld.org/parameters/5-130>		<http://ids.clld.org/values/5-130-293-1>		"-kʰõ (kʰɔ̃ ?)"@ram	
"racine"@fr	<http://ids.clld.org/values/8-540-171-1>		<http://ids.clld.org/parameters/8-540>		<http://ids.clld.org/values/8-540-293-1>		"haare"@ram	
"rapide"@fr	<http://ids.clld.org/values/14-210-171-3>		<http://ids.clld.org/parameters/14-210>		<http://ids.clld.org/values/14-210-293-1>		"kɨt-"@ram	
"semblable"@fr	<http://ids.clld.org/values/12-920-171-1>		<http://ids.clld.org/parameters/12-920>		<http://ids.clld.org/values/12-920-293-1>		"kʰĩ"@ram	
"rocher"@fr	<http://ids.clld.org/values/1-440-171-5>		<http://ids.clld.org/parameters/1-440>		<http://ids.clld.org/values/1-440-293-1>		"kʰɛn"@ram	
"non"@fr	<http://ids.clld.org/values/17-560-171-1>		<http://ids.clld.org/parameters/17-560>		<http://ids.clld.org/values/17-560-293-1>		"ke-"@ram	
"grimper"@fr	<http://ids.clld.org/values/10-472-171-1>		<http://ids.clld.org/parameters/10-472>		<http://ids.clld.org/values/10-472-293-1>		"pi-"@ram	
"maison"@fr	<http://ids.clld.org/values/7-120-171-1>		<http://ids.clld.org/parameters/7-120>		<http://ids.clld.org/values/7-120-293-1>		"ii-kʰrɛ"@ram	
"mourir"@fr	<http://ids.clld.org/values/4-750-171-1>		<http://ids.clld.org/parameters/4-750>		<http://ids.clld.org/values/4-750-293-1>		"tɨɨ- (tɨ ?)"@ram	
"fleur"@fr	<http://ids.clld.org/values/8-570-171-1>		<http://ids.clld.org/parameters/8-570>		<http://ids.clld.org/values/8-570-293-1>		"ii-rə̃"@ram	
"se brûler"@fr	<http://ids.clld.org/values/1-851-171-3>		<http://ids.clld.org/parameters/1-851>		<http://ids.clld.org/values/1-851-293-1>		"ka-c̷ər"@ram	
"peau"@fr	<http://ids.clld.org/values/4-120-171-1>		<http://ids.clld.org/parameters/4-120>		<http://ids.clld.org/values/4-120-293-1>		"ii-kʰə (?)"@ram	
"serpent"@fr	<http://ids.clld.org/values/3-850-171-1>		<http://ids.clld.org/parameters/3-850>		<http://ids.clld.org/values/3-850-293-3>		"pat"@ram	
"serpent"@fr	<http://ids.clld.org/values/3-850-171-1>		<http://ids.clld.org/parameters/3-850>		<http://ids.clld.org/values/3-850-293-1>		"kaaŋə"@ram	
"furoncle"@fr	<http://ids.clld.org/values/4-856-171-1>		<http://ids.clld.org/parameters/4-856>		<http://ids.clld.org/values/4-856-293-1>		"kuhe"@ram	
"négatif"@fr	<http://ids.clld.org/values/17-560-171-3>		<http://ids.clld.org/parameters/17-560>		<http://ids.clld.org/values/17-560-293-1>		"ke-"@ram	
"écorce"@fr	<http://ids.clld.org/values/8-750-171-1>		<http://ids.clld.org/parameters/8-750>		<http://ids.clld.org/values/8-750-293-1>		"ii-kʰə"@ram	
"langue"@fr	<http://ids.clld.org/values/4-260-171-1>		<http://ids.clld.org/parameters/4-260>		<http://ids.clld.org/values/4-260-293-1>		"-yõʔtɔ"@ram	
"chauve-souris"@fr	<http://ids.clld.org/values/3-591-171-1>		<http://ids.clld.org/parameters/3-591>		<http://ids.clld.org/values/3-591-293-1>		"c̷ɛprɛ"@ram	
"heureux"@fr	<http://ids.clld.org/values/16-230-171-3>		<http://ids.clld.org/parameters/16-230>		<http://ids.clld.org/values/16-230-293-1>		"hakʰrɨ"@ram	
"jambe"@fr	<http://ids.clld.org/values/4-350-171-1>		<http://ids.clld.org/parameters/4-350>		<http://ids.clld.org/values/4-350-293-1>		"ii-tɛ"@ram	
"un"@fr	<http://ids.clld.org/values/13-10-171-1>		<http://ids.clld.org/parameters/13-10>		<http://ids.clld.org/values/13-10-293-1>		"pɨc̷it"@ram	
"vent"@fr	<http://ids.clld.org/values/1-720-171-1>		<http://ids.clld.org/parameters/1-720>		<http://ids.clld.org/values/1-720-293-1>		"kʰook"@ram	
"trou"@fr	<http://ids.clld.org/values/12-850-171-1>		<http://ids.clld.org/parameters/12-850>		<http://ids.clld.org/values/12-850-293-1>		"kʰrɛ"@ram	
"mordre"@fr	<http://ids.clld.org/values/4-580-171-1>		<http://ids.clld.org/parameters/4-580>		<http://ids.clld.org/values/4-580-293-1>		"-ku-c̷a"@ram	
"sucer"@fr	<http://ids.clld.org/values/5-160-171-1>		<http://ids.clld.org/parameters/5-160>		<http://ids.clld.org/values/5-160-293-1>		"kaho"@ram	
"pierre"@fr	<http://ids.clld.org/values/1-440-171-1>		<http://ids.clld.org/parameters/1-440>		<http://ids.clld.org/values/1-440-293-1>		"kʰɛn"@ram	
"puce"@fr	<http://ids.clld.org/values/3-813-171-1>		<http://ids.clld.org/parameters/3-813>		<http://ids.clld.org/values/3-813-293-1>		"ĩnko"@ram	
"lourd"@fr	<http://ids.clld.org/values/15-810-171-1>		<http://ids.clld.org/parameters/15-810>		<http://ids.clld.org/values/15-810-293-1>		"hũũ-tĩ"@ram	
"vivant"@fr	<http://ids.clld.org/values/4-740-171-3>		<http://ids.clld.org/parameters/4-740>		<http://ids.clld.org/values/4-740-293-1>		"tĩ"@ram	
"grand"@fr	<http://ids.clld.org/values/12-550-171-1>		<http://ids.clld.org/parameters/12-550>		<http://ids.clld.org/values/12-550-293-1>		"ti-"@ram	
"gros"@fr	<http://ids.clld.org/values/12-550-171-3>		<http://ids.clld.org/parameters/12-550>		<http://ids.clld.org/values/12-550-293-1>		"ti-"@ram	
"perroquet"@fr	<http://ids.clld.org/values/3-592-171-1>		<http://ids.clld.org/parameters/3-592>		<http://ids.clld.org/values/3-592-293-1>		"krɨy-ti"@ram	
"sentier"@fr	<http://ids.clld.org/values/10-720-171-1>		<http://ids.clld.org/parameters/10-720>		<http://ids.clld.org/values/10-720-293-1>		"prɨɨ"@ram	
"arbre"@fr	<http://ids.clld.org/values/1-420-171-1>		<http://ids.clld.org/parameters/1-420>		<http://ids.clld.org/values/1-420-293-1>		"pĩĩ"@ram	
"vieux"@fr	<http://ids.clld.org/values/14-150-171-1>		<http://ids.clld.org/parameters/14-150>		<http://ids.clld.org/values/14-150-293-1>		"tũm"@ram	
"cou"@fr	<http://ids.clld.org/values/4-280-171-1>		<http://ids.clld.org/parameters/4-280>		<http://ids.clld.org/values/4-280-293-1>		"ii-put"@ram	
"os"@fr	<http://ids.clld.org/values/4-160-171-1>		<http://ids.clld.org/parameters/4-160>		<http://ids.clld.org/values/4-160-293-1>		"-hi"@ram	
"chevreuil"@fr	<http://ids.clld.org/values/3-750-171-5>		<http://ids.clld.org/parameters/3-750>		<http://ids.clld.org/values/3-750-293-1>		"pɔ"@ram	
"chevreuil"@fr	<http://ids.clld.org/values/3-750-171-5>		<http://ids.clld.org/parameters/3-750>		<http://ids.clld.org/values/3-750-293-3>		"kaarə"@ram	
"forêt"@fr	<http://ids.clld.org/values/1-410-171-3>		<http://ids.clld.org/parameters/1-410>		<http://ids.clld.org/values/1-410-293-1>		"lam-"@ram	
"manger"@fr	<http://ids.clld.org/values/5-110-171-1>		<http://ids.clld.org/parameters/5-110>		<http://ids.clld.org/values/5-110-293-3>		"kʰuu"@ram	
"manger"@fr	<http://ids.clld.org/values/5-110-171-1>		<http://ids.clld.org/parameters/5-110>		<http://ids.clld.org/values/5-110-293-7>		"pa-"@ram	
"manger"@fr	<http://ids.clld.org/values/5-110-171-1>		<http://ids.clld.org/parameters/5-110>		<http://ids.clld.org/values/5-110-293-5>		"kukʰu-"@ram	
"manger"@fr	<http://ids.clld.org/values/5-110-171-1>		<http://ids.clld.org/parameters/5-110>		<http://ids.clld.org/values/5-110-293-1>		"-kʰrẽ"@ram	
"casse-tête"@fr	<http://ids.clld.org/values/20-220-171-1>		<http://ids.clld.org/parameters/20-220>		<http://ids.clld.org/values/20-220-293-1>		"kʰo"@ram	
"flèche"@fr	<http://ids.clld.org/values/20-250-171-1>		<http://ids.clld.org/parameters/20-250>		<http://ids.clld.org/values/20-250-293-1>		"kruw"@ram	
"champ"@fr	<http://ids.clld.org/values/8-120-171-1>		<http://ids.clld.org/parameters/8-120>		<http://ids.clld.org/values/8-120-293-1>		"pur"@ram	
"oncle"@fr	<http://ids.clld.org/values/2-510-171-1>		<http://ids.clld.org/parameters/2-510>		<http://ids.clld.org/values/2-510-293-1>		"kɛt"@ram	
"écouter"@fr	<http://ids.clld.org/values/15-420-171-1>		<http://ids.clld.org/parameters/15-420>		<http://ids.clld.org/values/15-420-293-1>		"k mpa (?)"@ram	
"puits"@fr	<http://ids.clld.org/values/1-370-171-3>		<http://ids.clld.org/parameters/1-370>		<http://ids.clld.org/values/1-370-293-1>		"kʰwa"@ram	
