"хаІдей"@rut-x-ixre1238	<http://ids.clld.org/values/1-540-529-1>		<http://ids.clld.org/parameters/1-540>		<http://ids.clld.org/values/1-540-823-1>		"kumi:ŋ.1"@scb-x-rucc1239	
"гаІнин"@rut	<http://ids.clld.org/values/2-621-66-1>		<http://ids.clld.org/parameters/2-621>		<http://ids.clld.org/values/2-621-823-1>		"meɛ.4 maku:ń.3"@scb-x-rucc1239	
"кач"@rut	<http://ids.clld.org/values/4-170-527-1>		<http://ids.clld.org/parameters/4-170>		<http://ids.clld.org/values/4-170-823-1>		"krɨŋ"@scb-x-rucc1239	
"кач"@rut-x-ixre1238	<http://ids.clld.org/values/4-170-529-1>		<http://ids.clld.org/parameters/4-170>		<http://ids.clld.org/values/4-170-823-1>		"krɨŋ"@scb-x-rucc1239	
"уьлке"@rut	<http://ids.clld.org/values/1-210-527-1>		<http://ids.clld.org/parameters/1-210>		<http://ids.clld.org/values/1-210-823-1>		"bə:n.3"@scb-x-rucc1239	
"къирагъ"@rut-x-shin1265	<http://ids.clld.org/values/1-270-530-1>		<http://ids.clld.org/parameters/1-270>		<http://ids.clld.org/values/1-270-823-1>		"kupə:ŋ.1"@scb-x-rucc1239	
"мыри"@rut-x-ixre1238	<http://ids.clld.org/values/1-360-529-1>		<http://ids.clld.org/parameters/1-360>		<http://ids.clld.org/values/1-360-823-1>		"ju:ŋ.4"@scb-x-rucc1239	
"мыри"@rut-x-ixre1238	<http://ids.clld.org/values/1-360-529-1>		<http://ids.clld.org/parameters/1-360>		<http://ids.clld.org/values/1-360-823-2>		"cərɔ:k.3"@scb-x-rucc1239	
"нинды шу"@rut	<http://ids.clld.org/values/2-511-66-3>		<http://ids.clld.org/parameters/2-511>		<http://ids.clld.org/values/2-511-823-1>		"ta.1"@scb-x-rucc1239	
"нинды шу"@rut	<http://ids.clld.org/values/2-511-66-3>		<http://ids.clld.org/parameters/2-511>		<http://ids.clld.org/values/2-511-823-2>		"ta.1"@scb-x-rucc1239	
"нинды шу"@rut	<http://ids.clld.org/values/2-511-66-3>		<http://ids.clld.org/parameters/2-511>		<http://ids.clld.org/values/2-511-823-3>		"kw.4"@scb-x-rucc1239	
"джегьилды рыш"@rut-x-ixre1238	<http://ids.clld.org/values/2-261-528-1>		<http://ids.clld.org/parameters/2-261>		<http://ids.clld.org/values/2-261-823-1>		"puma:j.3"@scb-x-rucc1239	
"дитды риши"@rut-x-shin1265	<http://ids.clld.org/values/2-522-530-1>		<http://ids.clld.org/parameters/2-522>		<http://ids.clld.org/values/2-522-823-2>		"ʔɔ.1"@scb-x-rucc1239	
"дитды риши"@rut-x-shin1265	<http://ids.clld.org/values/2-522-530-1>		<http://ids.clld.org/parameters/2-522>		<http://ids.clld.org/values/2-522-823-1>		"ja.1"@scb-x-rucc1239	
"кІаІшен"@rut-x-ixre1238	<http://ids.clld.org/values/1-890-529-1>		<http://ids.clld.org/parameters/1-890>		<http://ids.clld.org/values/1-890-823-1>		"laŋ.caŋ.1"@scb-x-rucc1239	
"ата-бабаяр"@rut-x-shin1265	<http://ids.clld.org/values/2-560-530-1>		<http://ids.clld.org/parameters/2-560>		<http://ids.clld.org/values/2-560-823-1>		"ʔo:ŋ.1 pluok.4"@scb-x-rucc1239	
"рыхъ"@rut	<http://ids.clld.org/values/1-840-66-1>		<http://ids.clld.org/parameters/1-840>		<http://ids.clld.org/values/1-840-823-1>		"tapeh.1"@scb-x-rucc1239	
"рыш"@rut	<http://ids.clld.org/values/2-260-66-1>		<http://ids.clld.org/parameters/2-260>		<http://ids.clld.org/values/2-260-823-1>		"puma:j.3"@scb-x-rucc1239	
"дид"@rut-x-ixre1238	<http://ids.clld.org/values/2-460-529-1>		<http://ids.clld.org/parameters/2-460>		<http://ids.clld.org/values/2-460-823-1>		"pw.1"@scb-x-rucc1239	
"дид"@rut-x-ixre1238	<http://ids.clld.org/values/2-460-529-1>		<http://ids.clld.org/parameters/2-460>		<http://ids.clld.org/values/2-460-823-2>		"ta.1"@scb-x-rucc1239	
"леркьыд рыш"@rut-x-ixre1238	<http://ids.clld.org/values/2-261-529-1>		<http://ids.clld.org/parameters/2-261>		<http://ids.clld.org/values/2-261-823-1>		"puma:j.3"@scb-x-rucc1239	
"кьухьды шу"@rut	<http://ids.clld.org/values/2-444-527-1>		<http://ids.clld.org/parameters/2-444>		<http://ids.clld.org/values/2-444-823-1>		"məaŋ.4"@scb-x-rucc1239	
"дух"@rut-x-ixre1238	<http://ids.clld.org/values/2-410-529-1>		<http://ids.clld.org/parameters/2-410>		<http://ids.clld.org/values/2-410-823-1>		"kɔ:n.1 puku:ń.3"@scb-x-rucc1239	
"хурт"@rut-x-ixre1238	<http://ids.clld.org/values/1-324-528-1>		<http://ids.clld.org/parameters/1-324>		<http://ids.clld.org/values/1-324-823-1>		"pɔh.pɔh.1"@scb-x-rucc1239	
"дей"@rut	<http://ids.clld.org/values/2-620-527-1>		<http://ids.clld.org/parameters/2-620>		<http://ids.clld.org/values/2-620-823-1>		"meɛ.4 makj.3"@scb-x-rucc1239	
"бугъаІл"@rut	<http://ids.clld.org/values/1-362-527-1>		<http://ids.clld.org/parameters/1-362>		<http://ids.clld.org/values/1-362-823-1>		"da:k.3 thuəj.3"@scb-x-rucc1239	
"кирше гьавын"@rut-x-ixre1238	<http://ids.clld.org/values/1-860-528-1>		<http://ids.clld.org/parameters/1-860>		<http://ids.clld.org/values/1-860-823-1>		"tu:c.3"@scb-x-rucc1239	
"къари"@rut-x-ixre1238	<http://ids.clld.org/values/2-320-529-1>		<http://ids.clld.org/parameters/2-320>		<http://ids.clld.org/values/2-320-823-1>		"makj.3"@scb-x-rucc1239	
"къари"@rut	<http://ids.clld.org/values/2-320-527-1>		<http://ids.clld.org/parameters/2-320>		<http://ids.clld.org/values/2-320-823-1>		"makj.3"@scb-x-rucc1239	
"былах"@rut-x-ixre1238	<http://ids.clld.org/values/1-370-529-1>		<http://ids.clld.org/parameters/1-370>		<http://ids.clld.org/values/1-370-823-1>		"ru:k.4"@scb-x-rucc1239	
"накьв"@rut	<http://ids.clld.org/values/1-210-66-1>		<http://ids.clld.org/parameters/1-210>		<http://ids.clld.org/values/1-210-823-1>		"bə:n.3"@scb-x-rucc1239	
"инсан"@rut-x-ixre1238	<http://ids.clld.org/values/2-100-528-3>		<http://ids.clld.org/parameters/2-100>		<http://ids.clld.org/values/2-100-823-1>		"ŋa:j.2"@scb-x-rucc1239	
"хыдыл"@rut	<http://ids.clld.org/values/2-480-66-1>		<http://ids.clld.org/parameters/2-480>		<http://ids.clld.org/values/2-480-823-1>		"cw.3"@scb-x-rucc1239	
"накьв"@rut	<http://ids.clld.org/values/1-212-66-1>		<http://ids.clld.org/parameters/1-212>		<http://ids.clld.org/values/1-212-823-1>		"bə:n.3"@scb-x-rucc1239	
"чий"@rut	<http://ids.clld.org/values/1-640-527-1>		<http://ids.clld.org/parameters/1-640>		<http://ids.clld.org/values/1-640-823-1>		"da:k.3 mw.2"@scb-x-rucc1239	
"кьаІсий"@rut	<http://ids.clld.org/values/2-461-66-1>		<http://ids.clld.org/parameters/2-461>		<http://ids.clld.org/values/2-461-823-1>		"ʔo:ŋ.1 kuməʌk.4"@scb-x-rucc1239	
"йугъал"@rut	<http://ids.clld.org/values/1-750-527-1>		<http://ids.clld.org/parameters/1-750>		<http://ids.clld.org/values/1-750-823-1>		"kəməa.2"@scb-x-rucc1239	
"къирах"@rut	<http://ids.clld.org/values/1-270-66-1>		<http://ids.clld.org/parameters/1-270>		<http://ids.clld.org/values/1-270-823-1>		"kupə:ŋ.1"@scb-x-rucc1239	
"каьгьриз"@rut-x-ixre1238	<http://ids.clld.org/values/1-370-528-5>		<http://ids.clld.org/parameters/1-370>		<http://ids.clld.org/values/1-370-823-1>		"ru:k.4"@scb-x-rucc1239	
"хыдыл"@rut	<http://ids.clld.org/values/2-490-66-1>		<http://ids.clld.org/parameters/2-490>		<http://ids.clld.org/values/2-490-823-1>		"cw.3"@scb-x-rucc1239	
"нинды шу"@rut-x-shin1265	<http://ids.clld.org/values/2-511-530-1>		<http://ids.clld.org/parameters/2-511>		<http://ids.clld.org/values/2-511-823-1>		"ta.1"@scb-x-rucc1239	
"нинды шу"@rut-x-shin1265	<http://ids.clld.org/values/2-511-530-1>		<http://ids.clld.org/parameters/2-511>		<http://ids.clld.org/values/2-511-823-2>		"ta.1"@scb-x-rucc1239	
"нинды шу"@rut-x-shin1265	<http://ids.clld.org/values/2-511-530-1>		<http://ids.clld.org/parameters/2-511>		<http://ids.clld.org/values/2-511-823-3>		"kw.4"@scb-x-rucc1239	
"къирах"@rut	<http://ids.clld.org/values/1-270-527-1>		<http://ids.clld.org/parameters/1-270>		<http://ids.clld.org/values/1-270-823-1>		"kupə:ŋ.1"@scb-x-rucc1239	
"хьыбыл"@rut-x-ixre1238	<http://ids.clld.org/values/1-730-529-3>		<http://ids.clld.org/parameters/1-730>		<http://ids.clld.org/values/1-730-823-1>		"məl.1"@scb-x-rucc1239	
"дей"@rut	<http://ids.clld.org/values/2-522-527-1>		<http://ids.clld.org/parameters/2-522>		<http://ids.clld.org/values/2-522-823-2>		"ʔɔ.1"@scb-x-rucc1239	
"дей"@rut	<http://ids.clld.org/values/2-522-527-1>		<http://ids.clld.org/parameters/2-522>		<http://ids.clld.org/values/2-522-823-1>		"ja.1"@scb-x-rucc1239	
"выгIлис рыхьин"@rut-x-shin1265	<http://ids.clld.org/values/2-330-530-3>		<http://ids.clld.org/parameters/2-330>		<http://ids.clld.org/values/2-330-823-2>		"lj.4 maku:ń.3"@scb-x-rucc1239	
"выгIлис рыхьин"@rut-x-shin1265	<http://ids.clld.org/values/2-330-530-3>		<http://ids.clld.org/parameters/2-330>		<http://ids.clld.org/values/2-330-823-3>		"dɔ:ŋ.1"@scb-x-rucc1239	
"выгIлис рыхьин"@rut-x-shin1265	<http://ids.clld.org/values/2-330-530-3>		<http://ids.clld.org/parameters/2-330>		<http://ids.clld.org/values/2-330-823-1>		"lj.4 makj.3"@scb-x-rucc1239	
"хыдыл"@rut-x-ixre1238	<http://ids.clld.org/values/2-490-529-1>		<http://ids.clld.org/parameters/2-490>		<http://ids.clld.org/values/2-490-823-1>		"cw.3"@scb-x-rucc1239	
"рыш"@rut-x-ixre1238	<http://ids.clld.org/values/2-420-529-1>		<http://ids.clld.org/parameters/2-420>		<http://ids.clld.org/values/2-420-823-1>		"kɔ:n.1 pukj.3"@scb-x-rucc1239	
"хыдыл"@rut-x-shin1265	<http://ids.clld.org/values/2-530-530-1>		<http://ids.clld.org/parameters/2-530>		<http://ids.clld.org/values/2-530-823-1>		"cw.3"@scb-x-rucc1239	
"цІай"@rut	<http://ids.clld.org/values/1-810-527-1>		<http://ids.clld.org/parameters/1-810>		<http://ids.clld.org/values/1-810-823-1>		"ku:r.1"@scb-x-rucc1239	
"выгІыл"@rut-x-ixre1238	<http://ids.clld.org/values/2-310-528-1>		<http://ids.clld.org/parameters/2-310>		<http://ids.clld.org/values/2-310-823-1>		"məku:ń.3"@scb-x-rucc1239	
"киршавын"@rut-x-ixre1238	<http://ids.clld.org/values/1-851-528-1>		<http://ids.clld.org/parameters/1-851>		<http://ids.clld.org/values/1-851-823-1>		"tu:c.3"@scb-x-rucc1239	
"ликІва гьыъын"@rut-x-ixre1238	<http://ids.clld.org/values/1-860-529-1>		<http://ids.clld.org/parameters/1-860>		<http://ids.clld.org/values/1-860-823-1>		"tu:c.3"@scb-x-rucc1239	
"гыбыл"@rut-x-ixre1238	<http://ids.clld.org/values/1-730-528-1>		<http://ids.clld.org/parameters/1-730>		<http://ids.clld.org/values/1-730-823-1>		"məl.1"@scb-x-rucc1239	
"дупар"@rut	<http://ids.clld.org/values/2-280-66-1>		<http://ids.clld.org/parameters/2-280>		<http://ids.clld.org/values/2-280-823-1>		"pucɔ:j.3"@scb-x-rucc1239	
"гьуІкумат"@rut-x-ixre1238	<http://ids.clld.org/values/1-210-529-1>		<http://ids.clld.org/parameters/1-210>		<http://ids.clld.org/values/1-210-823-1>		"bə:n.3"@scb-x-rucc1239	
"кулак"@rut-x-ixre1238	<http://ids.clld.org/values/1-720-528-3>		<http://ids.clld.org/parameters/1-720>		<http://ids.clld.org/values/1-720-823-1>		"kajɔ.3"@scb-x-rucc1239	
"бэл"@rut-x-shin1265	<http://ids.clld.org/values/1-222-530-1>		<http://ids.clld.org/parameters/1-222>		<http://ids.clld.org/values/1-222-823-1>		"kupə:ŋ.1"@scb-x-rucc1239	
"гаг"@rut-x-ixre1238	<http://ids.clld.org/values/2-610-528-1>		<http://ids.clld.org/parameters/2-610>		<http://ids.clld.org/values/2-610-823-1>		"pɨ.4 makj.#"@scb-x-rucc1239	
"выгIлис рыхын"@rut	<http://ids.clld.org/values/2-330-527-3>		<http://ids.clld.org/parameters/2-330>		<http://ids.clld.org/values/2-330-823-2>		"lj.4 maku:ń.3"@scb-x-rucc1239	
"выгIлис рыхын"@rut	<http://ids.clld.org/values/2-330-527-3>		<http://ids.clld.org/parameters/2-330>		<http://ids.clld.org/values/2-330-823-3>		"dɔ:ŋ.1"@scb-x-rucc1239	
"выгIлис рыхын"@rut	<http://ids.clld.org/values/2-330-527-3>		<http://ids.clld.org/parameters/2-330>		<http://ids.clld.org/values/2-330-823-1>		"lj.4 makj.3"@scb-x-rucc1239	
"усбыр"@rut-x-shin1265	<http://ids.clld.org/values/1-880-530-1>		<http://ids.clld.org/parameters/1-880>		<http://ids.clld.org/values/1-880-823-1>		"ku:r.1"@scb-x-rucc1239	
"ус"@rut	<http://ids.clld.org/values/1-430-527-1>		<http://ids.clld.org/parameters/1-430>		<http://ids.clld.org/values/1-430-823-1>		"kəʌj.2"@scb-x-rucc1239	
"къала"@rut	<http://ids.clld.org/values/1-222-66-1>		<http://ids.clld.org/parameters/1-222>		<http://ids.clld.org/values/1-222-823-1>		"kupə:ŋ.1"@scb-x-rucc1239	
"чІиртІди риший"@rut	<http://ids.clld.org/values/2-455-527-1>		<http://ids.clld.org/parameters/2-455>		<http://ids.clld.org/values/2-455-823-1>		"ceɛ.$"@scb-x-rucc1239	
"чІир"@rut	<http://ids.clld.org/values/1-212-527-1>		<http://ids.clld.org/parameters/1-212>		<http://ids.clld.org/values/1-212-823-1>		"bə:n.3"@scb-x-rucc1239	
"кьухьды шу"@rut	<http://ids.clld.org/values/2-444-66-1>		<http://ids.clld.org/parameters/2-444>		<http://ids.clld.org/values/2-444-823-1>		"məaŋ.4"@scb-x-rucc1239	
"хыных"@rut-x-shin1265	<http://ids.clld.org/values/2-270-530-1>		<http://ids.clld.org/parameters/2-270>		<http://ids.clld.org/values/2-270-823-1>		"kɔ:n.1"@scb-x-rucc1239	
"гьутIкьуды джигаь"@rut-x-ixre1238	<http://ids.clld.org/values/1-222-528-5>		<http://ids.clld.org/parameters/1-222>		<http://ids.clld.org/values/1-222-823-1>		"kupə:ŋ.1"@scb-x-rucc1239	
"усбыр"@rut-x-ixre1238	<http://ids.clld.org/values/1-880-528-1>		<http://ids.clld.org/parameters/1-880>		<http://ids.clld.org/values/1-880-823-1>		"ku:r.1"@scb-x-rucc1239	
"цІай"@rut-x-ixre1238	<http://ids.clld.org/values/1-810-529-1>		<http://ids.clld.org/parameters/1-810>		<http://ids.clld.org/values/1-810-823-1>		"ku:r.1"@scb-x-rucc1239	
"кІыхьды кулак"@rut-x-shin1265	<http://ids.clld.org/values/1-580-530-1>		<http://ids.clld.org/parameters/1-580>		<http://ids.clld.org/values/1-580-823-1>		"pa:w.4"@scb-x-rucc1239	
"вырыгъ"@rut-x-ixre1238	<http://ids.clld.org/values/1-520-529-1>		<http://ids.clld.org/parameters/1-520>		<http://ids.clld.org/values/1-520-823-1>		"məʌt.4 kara:ŋ.1"@scb-x-rucc1239	
"хыдыл"@rut-x-shin1265	<http://ids.clld.org/values/2-490-530-1>		<http://ids.clld.org/parameters/2-490>		<http://ids.clld.org/values/2-490-823-1>		"cw.3"@scb-x-rucc1239	
"палчикь"@rut-x-ixre1238	<http://ids.clld.org/values/1-214-528-1>		<http://ids.clld.org/parameters/1-214>		<http://ids.clld.org/values/1-214-823-1>		"la:r.4"@scb-x-rucc1239	
"дидды шугу"@rut-x-ixre1238	<http://ids.clld.org/values/2-512-528-1>		<http://ids.clld.org/parameters/2-512>		<http://ids.clld.org/values/2-512-823-1>		"pw.2"@scb-x-rucc1239	
"дидды шугу"@rut-x-ixre1238	<http://ids.clld.org/values/2-512-528-1>		<http://ids.clld.org/parameters/2-512>		<http://ids.clld.org/values/2-512-823-2>		"poɔ.4"@scb-x-rucc1239	
"выглис рыхьын"@rut-x-ixre1238	<http://ids.clld.org/values/2-330-528-3>		<http://ids.clld.org/parameters/2-330>		<http://ids.clld.org/values/2-330-823-2>		"lj.4 maku:ń.3"@scb-x-rucc1239	
"выглис рыхьын"@rut-x-ixre1238	<http://ids.clld.org/values/2-330-528-3>		<http://ids.clld.org/parameters/2-330>		<http://ids.clld.org/values/2-330-823-3>		"dɔ:ŋ.1"@scb-x-rucc1239	
"выглис рыхьын"@rut-x-ixre1238	<http://ids.clld.org/values/2-330-528-3>		<http://ids.clld.org/parameters/2-330>		<http://ids.clld.org/values/2-330-823-1>		"lj.4 makj.3"@scb-x-rucc1239	
"ваъ"@rut	<http://ids.clld.org/values/17-560-527-1>		<http://ids.clld.org/parameters/17-560>		<http://ids.clld.org/values/17-560-823-1>		"lata.3"@scb-x-rucc1239	
"накьв"@rut-x-shin1265	<http://ids.clld.org/values/1-212-530-1>		<http://ids.clld.org/parameters/1-212>		<http://ids.clld.org/values/1-212-823-1>		"bə:n.3"@scb-x-rucc1239	
"илсан"@rut-x-ixre1238	<http://ids.clld.org/values/2-100-529-3>		<http://ids.clld.org/parameters/2-100>		<http://ids.clld.org/values/2-100-823-1>		"ŋa:j.2"@scb-x-rucc1239	
"руг"@rut-x-ixre1238	<http://ids.clld.org/values/1-213-528-1>		<http://ids.clld.org/parameters/1-213>		<http://ids.clld.org/values/1-213-823-1>		"kəhɔ:j.3"@scb-x-rucc1239	
"усыд кІаІшен"@rut	<http://ids.clld.org/values/1-890-527-1>		<http://ids.clld.org/parameters/1-890>		<http://ids.clld.org/values/1-890-823-1>		"laŋ.caŋ.1"@scb-x-rucc1239	
"ликІв гьыъын"@rut-x-shin1265	<http://ids.clld.org/values/1-860-530-1>		<http://ids.clld.org/parameters/1-860>		<http://ids.clld.org/values/1-860-823-1>		"tu:c.3"@scb-x-rucc1239	
"дукар"@rut-x-ixre1238	<http://ids.clld.org/values/2-280-529-1>		<http://ids.clld.org/parameters/2-280>		<http://ids.clld.org/values/2-280-823-1>		"pucɔ:j.3"@scb-x-rucc1239	
"кIаъды риш"@rut	<http://ids.clld.org/values/2-260-527-1>		<http://ids.clld.org/parameters/2-260>		<http://ids.clld.org/values/2-260-823-1>		"puma:j.3"@scb-x-rucc1239	
"уьлке"@rut-x-ixre1238	<http://ids.clld.org/values/1-210-529-3>		<http://ids.clld.org/parameters/1-210>		<http://ids.clld.org/values/1-210-823-1>		"bə:n.3"@scb-x-rucc1239	
"дид"@rut	<http://ids.clld.org/values/2-350-66-1>		<http://ids.clld.org/parameters/2-350>		<http://ids.clld.org/values/2-350-823-1>		"pɨ.4"@scb-x-rucc1239	
"усбыр"@rut	<http://ids.clld.org/values/1-880-66-1>		<http://ids.clld.org/parameters/1-880>		<http://ids.clld.org/values/1-880-823-1>		"ku:r.1"@scb-x-rucc1239	
"чІир"@rut-x-ixre1238	<http://ids.clld.org/values/1-212-529-3>		<http://ids.clld.org/parameters/1-212>		<http://ids.clld.org/values/1-212-823-1>		"bə:n.3"@scb-x-rucc1239	
"къуй"@rut-x-ixre1238	<http://ids.clld.org/values/1-370-528-3>		<http://ids.clld.org/parameters/1-370>		<http://ids.clld.org/values/1-370-823-1>		"ru:k.4"@scb-x-rucc1239	
"кьухьды риший"@rut	<http://ids.clld.org/values/2-454-527-1>		<http://ids.clld.org/parameters/2-454>		<http://ids.clld.org/values/2-454-823-1>		"cj.4"@scb-x-rucc1239	
"джеван"@rut-x-ixre1238	<http://ids.clld.org/values/2-251-528-3>		<http://ids.clld.org/parameters/2-251>		<http://ids.clld.org/values/2-251-823-1>		"ba:w.1"@scb-x-rucc1239	
"кьухьду риши"@rut-x-shin1265	<http://ids.clld.org/values/2-454-530-1>		<http://ids.clld.org/parameters/2-454>		<http://ids.clld.org/values/2-454-823-1>		"cj.4"@scb-x-rucc1239	
"ваз"@rut-x-ixre1238	<http://ids.clld.org/values/1-530-528-1>		<http://ids.clld.org/parameters/1-530>		<http://ids.clld.org/values/1-530-823-1>		"puləan.2"@scb-x-rucc1239	
"кІаъды рыш"@rut-x-shin1265	<http://ids.clld.org/values/2-260-530-1>		<http://ids.clld.org/parameters/2-260>		<http://ids.clld.org/values/2-260-823-1>		"puma:j.3"@scb-x-rucc1239	
"выгІлис рыхьын"@rut	<http://ids.clld.org/values/2-330-66-1>		<http://ids.clld.org/parameters/2-330>		<http://ids.clld.org/values/2-330-823-2>		"lj.4 maku:ń.3"@scb-x-rucc1239	
"выгІлис рыхьын"@rut	<http://ids.clld.org/values/2-330-66-1>		<http://ids.clld.org/parameters/2-330>		<http://ids.clld.org/values/2-330-823-3>		"dɔ:ŋ.1"@scb-x-rucc1239	
"выгІлис рыхьын"@rut	<http://ids.clld.org/values/2-330-66-1>		<http://ids.clld.org/parameters/2-330>		<http://ids.clld.org/values/2-330-823-1>		"lj.4 makj.3"@scb-x-rucc1239	
"гада"@rut	<http://ids.clld.org/values/2-250-66-1>		<http://ids.clld.org/parameters/2-250>		<http://ids.clld.org/values/2-250-823-1>		"ba:w.1"@scb-x-rucc1239	
"кьаІсды кьари"@rut-x-shin1265	<http://ids.clld.org/values/2-471-530-1>		<http://ids.clld.org/parameters/2-471>		<http://ids.clld.org/values/2-471-823-1>		"moɔ.4 kuməʌk.4"@scb-x-rucc1239	
"гада"@rut	<http://ids.clld.org/values/2-250-527-1>		<http://ids.clld.org/parameters/2-250>		<http://ids.clld.org/values/2-250-823-1>		"ba:w.1"@scb-x-rucc1239	
"къаIм"@rut	<http://ids.clld.org/values/1-280-527-1>		<http://ids.clld.org/parameters/1-280>		<http://ids.clld.org/values/1-280-823-1>		"kɨ:p.4"@scb-x-rucc1239	
"набалигъ"@rut-x-ixre1238	<http://ids.clld.org/values/2-280-528-3>		<http://ids.clld.org/parameters/2-280>		<http://ids.clld.org/values/2-280-823-1>		"pucɔ:j.3"@scb-x-rucc1239	
"хыних"@rut-x-ixre1238	<http://ids.clld.org/values/2-270-528-1>		<http://ids.clld.org/parameters/2-270>		<http://ids.clld.org/values/2-270-823-1>		"kɔ:n.1"@scb-x-rucc1239	
"цІай"@rut-x-shin1265	<http://ids.clld.org/values/1-810-530-1>		<http://ids.clld.org/parameters/1-810>		<http://ids.clld.org/values/1-810-823-1>		"ku:r.1"@scb-x-rucc1239	
"мири"@rut	<http://ids.clld.org/values/1-360-66-1>		<http://ids.clld.org/parameters/1-360>		<http://ids.clld.org/values/1-360-823-1>		"ju:ŋ.4"@scb-x-rucc1239	
"мири"@rut	<http://ids.clld.org/values/1-360-66-1>		<http://ids.clld.org/parameters/1-360>		<http://ids.clld.org/values/1-360-823-2>		"cərɔ:k.3"@scb-x-rucc1239	
"нене"@rut	<http://ids.clld.org/values/2-470-527-1>		<http://ids.clld.org/parameters/2-470>		<http://ids.clld.org/values/2-470-823-1>		"za.1"@scb-x-rucc1239	
"нене"@rut	<http://ids.clld.org/values/2-470-527-1>		<http://ids.clld.org/parameters/2-470>		<http://ids.clld.org/values/2-470-823-2>		"na:j.1"@scb-x-rucc1239	
"выгъылды"@rut	<http://ids.clld.org/values/2-210-66-1>		<http://ids.clld.org/parameters/2-210>		<http://ids.clld.org/values/2-210-823-1>		"puku:ń.3"@scb-x-rucc1239	
"къари рыъын"@rut-x-ixre1238	<http://ids.clld.org/values/2-330-529-1>		<http://ids.clld.org/parameters/2-330>		<http://ids.clld.org/values/2-330-823-2>		"lj.4 maku:ń.3"@scb-x-rucc1239	
"къари рыъын"@rut-x-ixre1238	<http://ids.clld.org/values/2-330-529-1>		<http://ids.clld.org/parameters/2-330>		<http://ids.clld.org/values/2-330-823-3>		"dɔ:ŋ.1"@scb-x-rucc1239	
"къари рыъын"@rut-x-ixre1238	<http://ids.clld.org/values/2-330-529-1>		<http://ids.clld.org/parameters/2-330>		<http://ids.clld.org/values/2-330-823-1>		"lj.4 makj.3"@scb-x-rucc1239	
"былах"@rut-x-ixre1238	<http://ids.clld.org/values/1-370-528-1>		<http://ids.clld.org/parameters/1-370>		<http://ids.clld.org/values/1-370-823-1>		"ru:k.4"@scb-x-rucc1239	
"кьухьду дид"@rut-x-shin1265	<http://ids.clld.org/values/2-460-530-1>		<http://ids.clld.org/parameters/2-460>		<http://ids.clld.org/values/2-460-823-1>		"pw.1"@scb-x-rucc1239	
"кьухьду дид"@rut-x-shin1265	<http://ids.clld.org/values/2-460-530-1>		<http://ids.clld.org/parameters/2-460>		<http://ids.clld.org/values/2-460-823-2>		"ta.1"@scb-x-rucc1239	
"палчыІкъ"@rut-x-ixre1238	<http://ids.clld.org/values/1-214-529-1>		<http://ids.clld.org/parameters/1-214>		<http://ids.clld.org/values/1-214-823-1>		"la:r.4"@scb-x-rucc1239	
"гаг"@rut-x-shin1265	<http://ids.clld.org/values/2-610-530-1>		<http://ids.clld.org/parameters/2-610>		<http://ids.clld.org/values/2-610-823-1>		"pɨ.4 makj.#"@scb-x-rucc1239	
"выгIылды"@rut-x-shin1265	<http://ids.clld.org/values/2-230-530-1>		<http://ids.clld.org/parameters/2-230>		<http://ids.clld.org/values/2-230-823-1>		"tɨk.4"@scb-x-rucc1239	
"кубук"@rut	<http://ids.clld.org/values/1-324-527-1>		<http://ids.clld.org/parameters/1-324>		<http://ids.clld.org/values/1-324-823-1>		"pɔh.pɔh.1"@scb-x-rucc1239	
"абай"@rut	<http://ids.clld.org/values/2-610-527-1>		<http://ids.clld.org/parameters/2-610>		<http://ids.clld.org/values/2-610-823-1>		"pɨ.4 makj.#"@scb-x-rucc1239	
"хаІл"@rut	<http://ids.clld.org/values/1-510-527-1>		<http://ids.clld.org/parameters/1-510>		<http://ids.clld.org/values/1-510-823-1>		"plə:j.2"@scb-x-rucc1239	
"гьугъал"@rut	<http://ids.clld.org/values/1-750-66-1>		<http://ids.clld.org/parameters/1-750>		<http://ids.clld.org/values/1-750-823-1>		"kəməa.2"@scb-x-rucc1239	
"микь"@rut-x-ixre1238	<http://ids.clld.org/values/1-214-528-3>		<http://ids.clld.org/parameters/1-214>		<http://ids.clld.org/values/1-214-823-1>		"la:r.4"@scb-x-rucc1239	
"сецІ"@rut-x-ixre1238	<http://ids.clld.org/values/1-215-528-1>		<http://ids.clld.org/parameters/1-215>		<http://ids.clld.org/values/1-215-823-1>		"təka:c.3"@scb-x-rucc1239	
"кьаІсди нене"@rut	<http://ids.clld.org/values/2-471-527-1>		<http://ids.clld.org/parameters/2-471>		<http://ids.clld.org/values/2-471-823-1>		"moɔ.4 kuməʌk.4"@scb-x-rucc1239	
"дере"@rut-x-shin1265	<http://ids.clld.org/values/1-240-530-1>		<http://ids.clld.org/parameters/1-240>		<http://ids.clld.org/values/1-240-823-1>		"ulu:ŋ.1"@scb-x-rucc1239	
"выгІылды"@rut	<http://ids.clld.org/values/2-230-527-1>		<http://ids.clld.org/parameters/2-230>		<http://ids.clld.org/values/2-230-823-1>		"tɨk.4"@scb-x-rucc1239	
"накьв"@rut-x-ixre1238	<http://ids.clld.org/values/1-212-529-1>		<http://ids.clld.org/parameters/1-212>		<http://ids.clld.org/values/1-212-823-1>		"bə:n.3"@scb-x-rucc1239	
"думан"@rut-x-ixre1238	<http://ids.clld.org/values/1-740-528-1>		<http://ids.clld.org/parameters/1-740>		<http://ids.clld.org/values/1-740-823-1>		"tulu:k.3"@scb-x-rucc1239	
"нинды риши"@rut-x-shin1265	<http://ids.clld.org/values/2-521-530-1>		<http://ids.clld.org/parameters/2-521>		<http://ids.clld.org/values/2-521-823-1>		"na:j.1"@scb-x-rucc1239	
"нинды риши"@rut-x-shin1265	<http://ids.clld.org/values/2-521-530-1>		<http://ids.clld.org/parameters/2-521>		<http://ids.clld.org/values/2-521-823-2>		"mɨ.4"@scb-x-rucc1239	
"бугъаІл"@rut	<http://ids.clld.org/values/1-362-66-1>		<http://ids.clld.org/parameters/1-362>		<http://ids.clld.org/values/1-362-823-1>		"da:k.3 thuəj.3"@scb-x-rucc1239	
"дид"@rut	<http://ids.clld.org/values/2-350-527-1>		<http://ids.clld.org/parameters/2-350>		<http://ids.clld.org/values/2-350-823-1>		"pɨ.4"@scb-x-rucc1239	
"тІурхьван"@rut	<http://ids.clld.org/values/1-580-66-5>		<http://ids.clld.org/parameters/1-580>		<http://ids.clld.org/values/1-580-823-1>		"pa:w.4"@scb-x-rucc1239	
"дей"@rut	<http://ids.clld.org/values/2-521-527-1>		<http://ids.clld.org/parameters/2-521>		<http://ids.clld.org/values/2-521-823-1>		"na:j.1"@scb-x-rucc1239	
"дей"@rut	<http://ids.clld.org/values/2-521-527-1>		<http://ids.clld.org/parameters/2-521>		<http://ids.clld.org/values/2-521-823-2>		"mɨ.4"@scb-x-rucc1239	
"хаІдий"@rut	<http://ids.clld.org/values/1-540-66-1>		<http://ids.clld.org/parameters/1-540>		<http://ids.clld.org/values/1-540-823-1>		"kumi:ŋ.1"@scb-x-rucc1239	
"къари"@rut	<http://ids.clld.org/values/2-320-66-1>		<http://ids.clld.org/parameters/2-320>		<http://ids.clld.org/values/2-320-823-1>		"makj.3"@scb-x-rucc1239	
"джигьил эдеми"@rut	<http://ids.clld.org/values/2-251-66-1>		<http://ids.clld.org/parameters/2-251>		<http://ids.clld.org/values/2-251-823-1>		"ba:w.1"@scb-x-rucc1239	
"нинды риши"@rut	<http://ids.clld.org/values/2-521-66-1>		<http://ids.clld.org/parameters/2-521>		<http://ids.clld.org/values/2-521-823-1>		"na:j.1"@scb-x-rucc1239	
"нинды риши"@rut	<http://ids.clld.org/values/2-521-66-1>		<http://ids.clld.org/parameters/2-521>		<http://ids.clld.org/values/2-521-823-2>		"mɨ.4"@scb-x-rucc1239	
"куч"@rut	<http://ids.clld.org/values/2-240-66-1>		<http://ids.clld.org/parameters/2-240>		<http://ids.clld.org/values/2-240-823-1>		"kj.3"@scb-x-rucc1239	
"хьыдылды"@rut-x-ixre1238	<http://ids.clld.org/values/2-240-529-1>		<http://ids.clld.org/parameters/2-240>		<http://ids.clld.org/values/2-240-823-1>		"kj.3"@scb-x-rucc1239	
"баба"@rut	<http://ids.clld.org/values/2-460-527-1>		<http://ids.clld.org/parameters/2-460>		<http://ids.clld.org/values/2-460-823-1>		"pw.1"@scb-x-rucc1239	
"баба"@rut	<http://ids.clld.org/values/2-460-527-1>		<http://ids.clld.org/parameters/2-460>		<http://ids.clld.org/values/2-460-823-2>		"ta.1"@scb-x-rucc1239	
"дух"@rut	<http://ids.clld.org/values/2-410-66-1>		<http://ids.clld.org/parameters/2-410>		<http://ids.clld.org/values/2-410-823-1>		"kɔ:n.1 puku:ń.3"@scb-x-rucc1239	
"вишиен"@rut-x-shin1265	<http://ids.clld.org/values/1-360-530-3>		<http://ids.clld.org/parameters/1-360>		<http://ids.clld.org/values/1-360-823-1>		"ju:ŋ.4"@scb-x-rucc1239	
"вишиен"@rut-x-shin1265	<http://ids.clld.org/values/1-360-530-3>		<http://ids.clld.org/parameters/1-360>		<http://ids.clld.org/values/1-360-823-2>		"cərɔ:k.3"@scb-x-rucc1239	
"кІаъды шу"@rut	<http://ids.clld.org/values/2-445-66-1>		<http://ids.clld.org/parameters/2-445>		<http://ids.clld.org/values/2-445-823-1>		"ceɛ.4"@scb-x-rucc1239	
"кач"@rut-x-shin1265	<http://ids.clld.org/values/4-170-530-1>		<http://ids.clld.org/parameters/4-170>		<http://ids.clld.org/values/4-170-823-1>		"krɨŋ"@scb-x-rucc1239	
"гаІнин"@rut-x-ixre1238	<http://ids.clld.org/values/2-621-529-1>		<http://ids.clld.org/parameters/2-621>		<http://ids.clld.org/values/2-621-823-1>		"meɛ.4 maku:ń.3"@scb-x-rucc1239	
"кІашен"@rut	<http://ids.clld.org/values/1-890-66-1>		<http://ids.clld.org/parameters/1-890>		<http://ids.clld.org/values/1-890-823-1>		"laŋ.caŋ.1"@scb-x-rucc1239	
"хыдыл"@rut-x-ixre1238	<http://ids.clld.org/values/2-480-529-1>		<http://ids.clld.org/parameters/2-480>		<http://ids.clld.org/values/2-480-823-1>		"cw.3"@scb-x-rucc1239	
"лаІрбаІгь"@rut	<http://ids.clld.org/values/1-214-527-1>		<http://ids.clld.org/parameters/1-214>		<http://ids.clld.org/values/1-214-823-1>		"la:r.4"@scb-x-rucc1239	
"бан"@rut-x-ixre1238	<http://ids.clld.org/values/1-220-528-1>		<http://ids.clld.org/parameters/1-220>		<http://ids.clld.org/values/1-220-823-2>		"do:l.1"@scb-x-rucc1239	
"бан"@rut-x-ixre1238	<http://ids.clld.org/values/1-220-528-1>		<http://ids.clld.org/parameters/1-220>		<http://ids.clld.org/values/1-220-823-1>		"cɨ:t.3"@scb-x-rucc1239	
"чейлагъ"@rut-x-shin1265	<http://ids.clld.org/values/1-270-530-3>		<http://ids.clld.org/parameters/1-270>		<http://ids.clld.org/values/1-270-823-1>		"kupə:ŋ.1"@scb-x-rucc1239	
"выгІылды"@rut-x-ixre1238	<http://ids.clld.org/values/2-210-529-1>		<http://ids.clld.org/parameters/2-210>		<http://ids.clld.org/values/2-210-823-1>		"puku:ń.3"@scb-x-rucc1239	
"хыних"@rut-x-ixre1238	<http://ids.clld.org/values/2-250-529-1>		<http://ids.clld.org/parameters/2-250>		<http://ids.clld.org/values/2-250-823-1>		"ba:w.1"@scb-x-rucc1239	
"выгІылды"@rut-x-ixre1238	<http://ids.clld.org/values/2-230-528-1>		<http://ids.clld.org/parameters/2-230>		<http://ids.clld.org/values/2-230-823-1>		"tɨk.4"@scb-x-rucc1239	
"сецІ"@rut	<http://ids.clld.org/values/1-215-66-1>		<http://ids.clld.org/parameters/1-215>		<http://ids.clld.org/values/1-215-823-1>		"təka:c.3"@scb-x-rucc1239	
"хьыбыл"@rut-x-ixre1238	<http://ids.clld.org/values/1-720-528-1>		<http://ids.clld.org/parameters/1-720>		<http://ids.clld.org/values/1-720-823-1>		"kajɔ.3"@scb-x-rucc1239	
"хьед"@rut-x-shin1265	<http://ids.clld.org/values/1-310-530-1>		<http://ids.clld.org/parameters/1-310>		<http://ids.clld.org/values/1-310-823-1>		"da:k.3"@scb-x-rucc1239	
"ваъ"@rut-x-ixre1238	<http://ids.clld.org/values/17-560-529-1>		<http://ids.clld.org/parameters/17-560>		<http://ids.clld.org/values/17-560-823-1>		"lata.3"@scb-x-rucc1239	
"гада"@rut-x-shin1265	<http://ids.clld.org/values/2-251-530-1>		<http://ids.clld.org/parameters/2-251>		<http://ids.clld.org/values/2-251-823-1>		"ba:w.1"@scb-x-rucc1239	
"хьыбыл"@rut	<http://ids.clld.org/values/1-720-66-1>		<http://ids.clld.org/parameters/1-720>		<http://ids.clld.org/values/1-720-823-1>		"kajɔ.3"@scb-x-rucc1239	
"хыдыл"@rut-x-ixre1238	<http://ids.clld.org/values/2-540-528-1>		<http://ids.clld.org/parameters/2-540>		<http://ids.clld.org/values/2-540-823-1>		"cw.3"@scb-x-rucc1239	
"лар"@rut-x-shin1265	<http://ids.clld.org/values/1-214-530-1>		<http://ids.clld.org/parameters/1-214>		<http://ids.clld.org/values/1-214-823-1>		"la:r.4"@scb-x-rucc1239	
"хаІдей"@rut-x-ixre1238	<http://ids.clld.org/values/1-540-528-1>		<http://ids.clld.org/parameters/1-540>		<http://ids.clld.org/values/1-540-823-1>		"kumi:ŋ.1"@scb-x-rucc1239	
"гьутхьа гьыъын"@rut	<http://ids.clld.org/values/1-860-66-1>		<http://ids.clld.org/parameters/1-860>		<http://ids.clld.org/values/1-860-823-1>		"tu:c.3"@scb-x-rucc1239	
"выгІыл"@rut	<http://ids.clld.org/values/2-310-527-1>		<http://ids.clld.org/parameters/2-310>		<http://ids.clld.org/values/2-310-823-1>		"məku:ń.3"@scb-x-rucc1239	
"кулак"@rut	<http://ids.clld.org/values/1-580-66-3>		<http://ids.clld.org/parameters/1-580>		<http://ids.clld.org/values/1-580-823-1>		"pa:w.4"@scb-x-rucc1239	
"гьутхьа гьыъын"@rut	<http://ids.clld.org/values/1-851-66-1>		<http://ids.clld.org/parameters/1-851>		<http://ids.clld.org/values/1-851-823-1>		"tu:c.3"@scb-x-rucc1239	
"кулак"@rut-x-ixre1238	<http://ids.clld.org/values/1-730-529-1>		<http://ids.clld.org/parameters/1-730>		<http://ids.clld.org/values/1-730-823-1>		"məl.1"@scb-x-rucc1239	
"ликІва гьыъын"@rut-x-shin1265	<http://ids.clld.org/values/1-851-530-1>		<http://ids.clld.org/parameters/1-851>		<http://ids.clld.org/values/1-851-823-1>		"tu:c.3"@scb-x-rucc1239	
"хьыдылды"@rut-x-ixre1238	<http://ids.clld.org/values/2-220-529-1>		<http://ids.clld.org/parameters/2-220>		<http://ids.clld.org/values/2-220-823-1>		"pukj.3"@scb-x-rucc1239	
"хаІлеваз"@rut-x-shin1265	<http://ids.clld.org/values/1-590-530-1>		<http://ids.clld.org/parameters/1-590>		<http://ids.clld.org/values/1-590-823-1>		"ro:ŋ.1"@scb-x-rucc1239	
"хук"@rut	<http://ids.clld.org/values/1-430-66-3>		<http://ids.clld.org/parameters/1-430>		<http://ids.clld.org/values/1-430-823-1>		"kəʌj.2"@scb-x-rucc1239	
"кьыхьды дид"@rut-x-ixre1238	<http://ids.clld.org/values/2-460-528-1>		<http://ids.clld.org/parameters/2-460>		<http://ids.clld.org/values/2-460-823-1>		"pw.1"@scb-x-rucc1239	
"кьыхьды дид"@rut-x-ixre1238	<http://ids.clld.org/values/2-460-528-1>		<http://ids.clld.org/parameters/2-460>		<http://ids.clld.org/values/2-460-823-2>		"ta.1"@scb-x-rucc1239	
"къирахбыр"@rut	<http://ids.clld.org/values/1-270-66-3>		<http://ids.clld.org/parameters/1-270>		<http://ids.clld.org/values/1-270-823-1>		"kupə:ŋ.1"@scb-x-rucc1239	
"гаг"@rut	<http://ids.clld.org/values/2-611-66-1>		<http://ids.clld.org/parameters/2-611>		<http://ids.clld.org/values/2-611-823-1>		"pɨ.4 maju:ń.3"@scb-x-rucc1239	
"шу"@rut-x-shin1265	<http://ids.clld.org/values/2-456-530-1>		<http://ids.clld.org/parameters/2-456>		<http://ids.clld.org/values/2-456-823-1>		"ceɛ.4 məaŋ.4"@scb-x-rucc1239	
"хыдыл"@rut-x-shin1265	<http://ids.clld.org/values/2-480-530-1>		<http://ids.clld.org/parameters/2-480>		<http://ids.clld.org/values/2-480-823-1>		"cw.3"@scb-x-rucc1239	
"кьаІсды нин"@rut-x-shin1265	<http://ids.clld.org/values/2-470-530-1>		<http://ids.clld.org/parameters/2-470>		<http://ids.clld.org/values/2-470-823-1>		"za.1"@scb-x-rucc1239	
"кьаІсды нин"@rut-x-shin1265	<http://ids.clld.org/values/2-470-530-1>		<http://ids.clld.org/parameters/2-470>		<http://ids.clld.org/values/2-470-823-2>		"na:j.1"@scb-x-rucc1239	
"дих"@rut	<http://ids.clld.org/values/2-410-527-1>		<http://ids.clld.org/parameters/2-410>		<http://ids.clld.org/values/2-410-823-1>		"kɔ:n.1 puku:ń.3"@scb-x-rucc1239	
"ус"@rut-x-ixre1238	<http://ids.clld.org/values/1-430-528-1>		<http://ids.clld.org/parameters/1-430>		<http://ids.clld.org/values/1-430-823-1>		"kəʌj.2"@scb-x-rucc1239	
"гаьнин"@rut-x-ixre1238	<http://ids.clld.org/values/2-620-528-1>		<http://ids.clld.org/parameters/2-620>		<http://ids.clld.org/values/2-620-823-1>		"meɛ.4 makj.3"@scb-x-rucc1239	
"гьутхьа гьыъын"@rut-x-ixre1238	<http://ids.clld.org/values/1-851-529-1>		<http://ids.clld.org/parameters/1-851>		<http://ids.clld.org/values/1-851-823-1>		"tu:c.3"@scb-x-rucc1239	
"дидты шу"@rut-x-shin1265	<http://ids.clld.org/values/2-512-530-1>		<http://ids.clld.org/parameters/2-512>		<http://ids.clld.org/values/2-512-823-1>		"pw.2"@scb-x-rucc1239	
"дидты шу"@rut-x-shin1265	<http://ids.clld.org/values/2-512-530-1>		<http://ids.clld.org/parameters/2-512>		<http://ids.clld.org/values/2-512-823-2>		"poɔ.4"@scb-x-rucc1239	
"хыдыл"@rut	<http://ids.clld.org/values/2-530-66-1>		<http://ids.clld.org/parameters/2-530>		<http://ids.clld.org/values/2-530-823-1>		"cw.3"@scb-x-rucc1239	
"гьугъал"@rut-x-ixre1238	<http://ids.clld.org/values/1-750-529-1>		<http://ids.clld.org/parameters/1-750>		<http://ids.clld.org/values/1-750-823-1>		"kəməa.2"@scb-x-rucc1239	
"кьухьды риши"@rut	<http://ids.clld.org/values/2-454-66-1>		<http://ids.clld.org/parameters/2-454>		<http://ids.clld.org/values/2-454-823-1>		"cj.4"@scb-x-rucc1239	
"гаьнин"@rut-x-ixre1238	<http://ids.clld.org/values/2-621-528-1>		<http://ids.clld.org/parameters/2-621>		<http://ids.clld.org/values/2-621-823-1>		"meɛ.4 maku:ń.3"@scb-x-rucc1239	
"былах"@rut-x-shin1265	<http://ids.clld.org/values/1-370-530-3>		<http://ids.clld.org/parameters/1-370>		<http://ids.clld.org/values/1-370-823-1>		"ru:k.4"@scb-x-rucc1239	
"хаІлеваз"@rut	<http://ids.clld.org/values/1-590-527-1>		<http://ids.clld.org/parameters/1-590>		<http://ids.clld.org/values/1-590-823-1>		"ro:ŋ.1"@scb-x-rucc1239	
"ус"@rut-x-shin1265	<http://ids.clld.org/values/1-430-530-1>		<http://ids.clld.org/parameters/1-430>		<http://ids.clld.org/values/1-430-823-1>		"kəʌj.2"@scb-x-rucc1239	
"хьум"@rut	<http://ids.clld.org/values/1-830-66-1>		<http://ids.clld.org/parameters/1-830>		<http://ids.clld.org/values/1-830-823-1>		"kahɔ:j.3"@scb-x-rucc1239	
"хьум"@rut	<http://ids.clld.org/values/1-830-66-1>		<http://ids.clld.org/parameters/1-830>		<http://ids.clld.org/values/1-830-823-2>		"camaŋ.1"@scb-x-rucc1239	
"хьум"@rut	<http://ids.clld.org/values/1-830-66-1>		<http://ids.clld.org/parameters/1-830>		<http://ids.clld.org/values/1-830-823-3>		"patj.1"@scb-x-rucc1239	
"ваъ"@rut-x-shin1265	<http://ids.clld.org/values/17-560-530-1>		<http://ids.clld.org/parameters/17-560>		<http://ids.clld.org/values/17-560-823-1>		"lata.3"@scb-x-rucc1239	
"чІалаг"@rut	<http://ids.clld.org/values/1-410-527-1>		<http://ids.clld.org/parameters/1-410>		<http://ids.clld.org/values/1-410-823-1>		"brw.3"@scb-x-rucc1239	
"цІайрапар"@rut-x-shin1265	<http://ids.clld.org/values/1-550-530-1>		<http://ids.clld.org/parameters/1-550>		<http://ids.clld.org/values/1-550-823-1>		"ala:r.3"@scb-x-rucc1239	
"ваз"@rut-x-ixre1238	<http://ids.clld.org/values/1-530-529-1>		<http://ids.clld.org/parameters/1-530>		<http://ids.clld.org/values/1-530-823-1>		"puləan.2"@scb-x-rucc1239	
"тІурфан"@rut-x-ixre1238	<http://ids.clld.org/values/1-580-529-1>		<http://ids.clld.org/parameters/1-580>		<http://ids.clld.org/values/1-580-823-1>		"pa:w.4"@scb-x-rucc1239	
"кьатІ хъидшин"@rut	<http://ids.clld.org/values/2-341-66-1>		<http://ids.clld.org/parameters/2-341>		<http://ids.clld.org/values/2-341-823-1>		"ßɨʌt.4"@scb-x-rucc1239	
"чарагъаІн"@rut	<http://ids.clld.org/values/1-360-527-1>		<http://ids.clld.org/parameters/1-360>		<http://ids.clld.org/values/1-360-823-1>		"ju:ŋ.4"@scb-x-rucc1239	
"чарагъаІн"@rut	<http://ids.clld.org/values/1-360-527-1>		<http://ids.clld.org/parameters/1-360>		<http://ids.clld.org/values/1-360-823-2>		"cərɔ:k.3"@scb-x-rucc1239	
"тепе"@rut-x-shin1265	<http://ids.clld.org/values/1-220-530-3>		<http://ids.clld.org/parameters/1-220>		<http://ids.clld.org/values/1-220-823-2>		"do:l.1"@scb-x-rucc1239	
"тепе"@rut-x-shin1265	<http://ids.clld.org/values/1-220-530-3>		<http://ids.clld.org/parameters/1-220>		<http://ids.clld.org/values/1-220-823-1>		"cɨ:t.3"@scb-x-rucc1239	
"къум"@rut-x-ixre1238	<http://ids.clld.org/values/1-215-529-1>		<http://ids.clld.org/parameters/1-215>		<http://ids.clld.org/values/1-215-823-1>		"təka:c.3"@scb-x-rucc1239	
"гай"@rut-x-shin1265	<http://ids.clld.org/values/2-621-530-1>		<http://ids.clld.org/parameters/2-621>		<http://ids.clld.org/values/2-621-823-1>		"meɛ.4 maku:ń.3"@scb-x-rucc1239	
"дере"@rut-x-ixre1238	<http://ids.clld.org/values/1-240-529-1>		<http://ids.clld.org/parameters/1-240>		<http://ids.clld.org/values/1-240-823-1>		"ulu:ŋ.1"@scb-x-rucc1239	
"кІаъды риши"@rut-x-shin1265	<http://ids.clld.org/values/2-455-530-1>		<http://ids.clld.org/parameters/2-455>		<http://ids.clld.org/values/2-455-823-1>		"ceɛ.$"@scb-x-rucc1239	
"хьум"@rut-x-ixre1238	<http://ids.clld.org/values/1-830-529-1>		<http://ids.clld.org/parameters/1-830>		<http://ids.clld.org/values/1-830-823-1>		"kahɔ:j.3"@scb-x-rucc1239	
"хьум"@rut-x-ixre1238	<http://ids.clld.org/values/1-830-529-1>		<http://ids.clld.org/parameters/1-830>		<http://ids.clld.org/values/1-830-823-2>		"camaŋ.1"@scb-x-rucc1239	
"хьум"@rut-x-ixre1238	<http://ids.clld.org/values/1-830-529-1>		<http://ids.clld.org/parameters/1-830>		<http://ids.clld.org/values/1-830-823-3>		"patj.1"@scb-x-rucc1239	
"хаІл гьудхун"@rut-x-ixre1238	<http://ids.clld.org/values/1-560-528-1>		<http://ids.clld.org/parameters/1-560>		<http://ids.clld.org/values/1-560-823-1>		"krɨ:m.4"@scb-x-rucc1239	
"виригъ"@rut	<http://ids.clld.org/values/1-520-66-1>		<http://ids.clld.org/parameters/1-520>		<http://ids.clld.org/values/1-520-823-1>		"məʌt.4 kara:ŋ.1"@scb-x-rucc1239	
"хаІл утхун"@rut	<http://ids.clld.org/values/1-560-66-1>		<http://ids.clld.org/parameters/1-560>		<http://ids.clld.org/values/1-560-823-1>		"krɨ:m.4"@scb-x-rucc1239	
"руг"@rut	<http://ids.clld.org/values/1-213-527-1>		<http://ids.clld.org/parameters/1-213>		<http://ids.clld.org/values/1-213-823-1>		"kəhɔ:j.3"@scb-x-rucc1239	
"кегьриз"@rut	<http://ids.clld.org/values/1-370-527-3>		<http://ids.clld.org/parameters/1-370>		<http://ids.clld.org/values/1-370-823-1>		"ru:k.4"@scb-x-rucc1239	
"кулак"@rut	<http://ids.clld.org/values/1-720-527-1>		<http://ids.clld.org/parameters/1-720>		<http://ids.clld.org/values/1-720-823-1>		"kajɔ.3"@scb-x-rucc1239	
"цІай"@rut	<http://ids.clld.org/values/1-810-66-1>		<http://ids.clld.org/parameters/1-810>		<http://ids.clld.org/values/1-810-823-1>		"ku:r.1"@scb-x-rucc1239	
"кулак"@rut-x-ixre1238	<http://ids.clld.org/values/1-720-529-1>		<http://ids.clld.org/parameters/1-720>		<http://ids.clld.org/values/1-720-823-1>		"kajɔ.3"@scb-x-rucc1239	
"дух"@rut-x-ixre1238	<http://ids.clld.org/values/2-410-528-1>		<http://ids.clld.org/parameters/2-410>		<http://ids.clld.org/values/2-410-823-1>		"kɔ:n.1 puku:ń.3"@scb-x-rucc1239	
"ваъ"@rut	<http://ids.clld.org/values/17-560-66-1>		<http://ids.clld.org/parameters/17-560>		<http://ids.clld.org/values/17-560-823-1>		"lata.3"@scb-x-rucc1239	
"гаг"@rut	<http://ids.clld.org/values/2-610-66-1>		<http://ids.clld.org/parameters/2-610>		<http://ids.clld.org/values/2-610-823-1>		"pɨ.4 makj.#"@scb-x-rucc1239	
"хаІлеваз"@rut-x-ixre1238	<http://ids.clld.org/values/1-590-529-1>		<http://ids.clld.org/parameters/1-590>		<http://ids.clld.org/values/1-590-823-1>		"ro:ŋ.1"@scb-x-rucc1239	
"чІиртІди шу"@rut	<http://ids.clld.org/values/2-445-527-1>		<http://ids.clld.org/parameters/2-445>		<http://ids.clld.org/values/2-445-823-1>		"ceɛ.4"@scb-x-rucc1239	
"сихъригын"@rut-x-ixre1238	<http://ids.clld.org/values/2-341-528-1>		<http://ids.clld.org/parameters/2-341>		<http://ids.clld.org/values/2-341-823-1>		"ßɨʌt.4"@scb-x-rucc1239	
"мырый"@rut	<http://ids.clld.org/values/1-240-527-1>		<http://ids.clld.org/parameters/1-240>		<http://ids.clld.org/values/1-240-823-1>		"ulu:ŋ.1"@scb-x-rucc1239	
"къас"@rut	<http://ids.clld.org/values/1-222-66-5>		<http://ids.clld.org/parameters/1-222>		<http://ids.clld.org/values/1-222-823-1>		"kupə:ŋ.1"@scb-x-rucc1239	
"йикье гьыъын"@rut-x-ixre1238	<http://ids.clld.org/values/4-760-529-1>		<http://ids.clld.org/parameters/4-760>		<http://ids.clld.org/values/4-760-823-1>		"kacit"@scb-x-rucc1239	
"бан"@rut-x-ixre1238	<http://ids.clld.org/values/1-220-529-1>		<http://ids.clld.org/parameters/1-220>		<http://ids.clld.org/values/1-220-823-2>		"do:l.1"@scb-x-rucc1239	
"бан"@rut-x-ixre1238	<http://ids.clld.org/values/1-220-529-1>		<http://ids.clld.org/parameters/1-220>		<http://ids.clld.org/values/1-220-823-1>		"cɨ:t.3"@scb-x-rucc1239	
"кьыхьды риши"@rut-x-ixre1238	<http://ids.clld.org/values/2-454-528-1>		<http://ids.clld.org/parameters/2-454>		<http://ids.clld.org/values/2-454-823-1>		"cj.4"@scb-x-rucc1239	
"кач"@rut	<http://ids.clld.org/values/4-170-66-1>		<http://ids.clld.org/parameters/4-170>		<http://ids.clld.org/values/4-170-823-1>		"krɨŋ"@scb-x-rucc1239	
"палчикь"@rut	<http://ids.clld.org/values/1-214-66-1>		<http://ids.clld.org/parameters/1-214>		<http://ids.clld.org/values/1-214-823-1>		"la:r.4"@scb-x-rucc1239	
"кІаІшен"@rut-x-ixre1238	<http://ids.clld.org/values/1-890-528-1>		<http://ids.clld.org/parameters/1-890>		<http://ids.clld.org/values/1-890-823-1>		"laŋ.caŋ.1"@scb-x-rucc1239	
"ата бабыер"@rut	<http://ids.clld.org/values/2-560-66-1>		<http://ids.clld.org/parameters/2-560>		<http://ids.clld.org/values/2-560-823-1>		"ʔo:ŋ.1 pluok.4"@scb-x-rucc1239	
"чыгъа"@rut	<http://ids.clld.org/values/2-280-527-1>		<http://ids.clld.org/parameters/2-280>		<http://ids.clld.org/values/2-280-823-1>		"pucɔ:j.3"@scb-x-rucc1239	
"хьед"@rut-x-ixre1238	<http://ids.clld.org/values/1-310-529-1>		<http://ids.clld.org/parameters/1-310>		<http://ids.clld.org/values/1-310-823-1>		"da:k.3"@scb-x-rucc1239	
"дам"@rut	<http://ids.clld.org/values/1-410-66-1>		<http://ids.clld.org/parameters/1-410>		<http://ids.clld.org/values/1-410-823-1>		"brw.3"@scb-x-rucc1239	
"выгIылды"@rut-x-shin1265	<http://ids.clld.org/values/2-210-530-1>		<http://ids.clld.org/parameters/2-210>		<http://ids.clld.org/values/2-210-823-1>		"puku:ń.3"@scb-x-rucc1239	
"бэл"@rut-x-ixre1238	<http://ids.clld.org/values/1-222-529-1>		<http://ids.clld.org/parameters/1-222>		<http://ids.clld.org/values/1-222-823-1>		"kupə:ŋ.1"@scb-x-rucc1239	
"эдемий"@rut	<http://ids.clld.org/values/2-210-527-1>		<http://ids.clld.org/parameters/2-210>		<http://ids.clld.org/values/2-210-823-1>		"puku:ń.3"@scb-x-rucc1239	
"гыбыл"@rut-x-ixre1238	<http://ids.clld.org/values/1-740-529-1>		<http://ids.clld.org/parameters/1-740>		<http://ids.clld.org/values/1-740-823-1>		"tulu:k.3"@scb-x-rucc1239	
"гьуІкумат"@rut-x-shin1265	<http://ids.clld.org/values/1-210-530-1>		<http://ids.clld.org/parameters/1-210>		<http://ids.clld.org/values/1-210-823-1>		"bə:n.3"@scb-x-rucc1239	
"накьв"@rut-x-ixre1238	<http://ids.clld.org/values/1-212-528-1>		<http://ids.clld.org/parameters/1-212>		<http://ids.clld.org/values/1-212-823-1>		"bə:n.3"@scb-x-rucc1239	
"маІгг"@rut	<http://ids.clld.org/values/1-390-527-1>		<http://ids.clld.org/parameters/1-390>		<http://ids.clld.org/values/1-390-823-1>		"tha:k.3 da:k.3"@scb-x-rucc1239	
"гаг"@rut-x-ixre1238	<http://ids.clld.org/values/2-611-529-1>		<http://ids.clld.org/parameters/2-611>		<http://ids.clld.org/values/2-611-823-1>		"pɨ.4 maju:ń.3"@scb-x-rucc1239	
"эдеми"@rut-x-ixre1238	<http://ids.clld.org/values/2-100-528-1>		<http://ids.clld.org/parameters/2-100>		<http://ids.clld.org/values/2-100-823-1>		"ŋa:j.2"@scb-x-rucc1239	
"гьуІкумаьт"@rut-x-ixre1238	<http://ids.clld.org/values/1-210-528-1>		<http://ids.clld.org/parameters/1-210>		<http://ids.clld.org/values/1-210-823-1>		"bə:n.3"@scb-x-rucc1239	
"ата-бабаер"@rut	<http://ids.clld.org/values/2-560-527-1>		<http://ids.clld.org/parameters/2-560>		<http://ids.clld.org/values/2-560-823-1>		"ʔo:ŋ.1 pluok.4"@scb-x-rucc1239	
"ус"@rut-x-ixre1238	<http://ids.clld.org/values/1-430-529-1>		<http://ids.clld.org/parameters/1-430>		<http://ids.clld.org/values/1-430-823-1>		"kəʌj.2"@scb-x-rucc1239	
"аІкъ"@rut-x-shin1265	<http://ids.clld.org/values/1-630-530-1>		<http://ids.clld.org/parameters/1-630>		<http://ids.clld.org/values/1-630-823-1>		"pɔ:ŋ.3"@scb-x-rucc1239	
"хьед"@rut	<http://ids.clld.org/values/1-310-66-1>		<http://ids.clld.org/parameters/1-310>		<http://ids.clld.org/values/1-310-823-1>		"da:k.3"@scb-x-rucc1239	
"тІалакь"@rut-x-ixre1238	<http://ids.clld.org/values/2-341-529-1>		<http://ids.clld.org/parameters/2-341>		<http://ids.clld.org/values/2-341-823-1>		"ßɨʌt.4"@scb-x-rucc1239	
"абай"@rut	<http://ids.clld.org/values/2-611-527-1>		<http://ids.clld.org/parameters/2-611>		<http://ids.clld.org/values/2-611-823-1>		"pɨ.4 maju:ń.3"@scb-x-rucc1239	
"дидды шу"@rut	<http://ids.clld.org/values/2-512-66-1>		<http://ids.clld.org/parameters/2-512>		<http://ids.clld.org/values/2-512-823-1>		"pw.2"@scb-x-rucc1239	
"дидды шу"@rut	<http://ids.clld.org/values/2-512-66-1>		<http://ids.clld.org/parameters/2-512>		<http://ids.clld.org/values/2-512-823-2>		"poɔ.4"@scb-x-rucc1239	
"хыних"@rut-x-ixre1238	<http://ids.clld.org/values/2-250-528-1>		<http://ids.clld.org/parameters/2-250>		<http://ids.clld.org/values/2-250-823-1>		"ba:w.1"@scb-x-rucc1239	
"шу-риши"@rut-x-ixre1238	<http://ids.clld.org/values/2-456-529-1>		<http://ids.clld.org/parameters/2-456>		<http://ids.clld.org/values/2-456-823-1>		"ceɛ.4 məaŋ.4"@scb-x-rucc1239	
"хъаш"@rut-x-shin1265	<http://ids.clld.org/values/1-640-530-1>		<http://ids.clld.org/parameters/1-640>		<http://ids.clld.org/values/1-640-823-1>		"da:k.3 mw.2"@scb-x-rucc1239	
"къари"@rut-x-ixre1238	<http://ids.clld.org/values/2-320-528-1>		<http://ids.clld.org/parameters/2-320>		<http://ids.clld.org/values/2-320-823-1>		"makj.3"@scb-x-rucc1239	
"кулак"@rut-x-shin1265	<http://ids.clld.org/values/1-720-530-1>		<http://ids.clld.org/parameters/1-720>		<http://ids.clld.org/values/1-720-823-1>		"kajɔ.3"@scb-x-rucc1239	
"вырыгъ"@rut-x-shin1265	<http://ids.clld.org/values/1-520-530-1>		<http://ids.clld.org/parameters/1-520>		<http://ids.clld.org/values/1-520-823-1>		"məʌt.4 kara:ŋ.1"@scb-x-rucc1239	
"дара"@rut-x-ixre1238	<http://ids.clld.org/values/1-240-528-1>		<http://ids.clld.org/parameters/1-240>		<http://ids.clld.org/values/1-240-823-1>		"ulu:ŋ.1"@scb-x-rucc1239	
"дид"@rut-x-ixre1238	<http://ids.clld.org/values/2-350-529-1>		<http://ids.clld.org/parameters/2-350>		<http://ids.clld.org/values/2-350-823-1>		"pɨ.4"@scb-x-rucc1239	
"хыдыл"@rut-x-ixre1238	<http://ids.clld.org/values/2-530-528-1>		<http://ids.clld.org/parameters/2-530>		<http://ids.clld.org/values/2-530-823-1>		"cw.3"@scb-x-rucc1239	
"гыгый"@rut	<http://ids.clld.org/values/2-511-66-1>		<http://ids.clld.org/parameters/2-511>		<http://ids.clld.org/values/2-511-823-1>		"ta.1"@scb-x-rucc1239	
"гыгый"@rut	<http://ids.clld.org/values/2-511-66-1>		<http://ids.clld.org/parameters/2-511>		<http://ids.clld.org/values/2-511-823-2>		"ta.1"@scb-x-rucc1239	
"гыгый"@rut	<http://ids.clld.org/values/2-511-66-1>		<http://ids.clld.org/parameters/2-511>		<http://ids.clld.org/values/2-511-823-3>		"kw.4"@scb-x-rucc1239	
"руг"@rut	<http://ids.clld.org/values/1-213-66-1>		<http://ids.clld.org/parameters/1-213>		<http://ids.clld.org/values/1-213-823-1>		"kəhɔ:j.3"@scb-x-rucc1239	
"шу"@rut	<http://ids.clld.org/values/2-456-66-1>		<http://ids.clld.org/parameters/2-456>		<http://ids.clld.org/values/2-456-823-1>		"ceɛ.4 məaŋ.4"@scb-x-rucc1239	
"кІыхьды шу"@rut-x-ixre1238	<http://ids.clld.org/values/2-444-529-1>		<http://ids.clld.org/parameters/2-444>		<http://ids.clld.org/values/2-444-823-1>		"məaŋ.4"@scb-x-rucc1239	
"дере"@rut	<http://ids.clld.org/values/1-240-66-1>		<http://ids.clld.org/parameters/1-240>		<http://ids.clld.org/values/1-240-823-1>		"ulu:ŋ.1"@scb-x-rucc1239	
"чейлагъ"@rut-x-ixre1238	<http://ids.clld.org/values/1-270-529-1>		<http://ids.clld.org/parameters/1-270>		<http://ids.clld.org/values/1-270-823-1>		"kupə:ŋ.1"@scb-x-rucc1239	
"хаІл утхун"@rut-x-ixre1238	<http://ids.clld.org/values/1-560-529-1>		<http://ids.clld.org/parameters/1-560>		<http://ids.clld.org/values/1-560-823-1>		"krɨ:m.4"@scb-x-rucc1239	
"абай"@rut	<http://ids.clld.org/values/2-512-527-1>		<http://ids.clld.org/parameters/2-512>		<http://ids.clld.org/values/2-512-823-1>		"pw.2"@scb-x-rucc1239	
"абай"@rut	<http://ids.clld.org/values/2-512-527-1>		<http://ids.clld.org/parameters/2-512>		<http://ids.clld.org/values/2-512-823-2>		"poɔ.4"@scb-x-rucc1239	
"чІир"@rut	<http://ids.clld.org/values/1-212-66-3>		<http://ids.clld.org/parameters/1-212>		<http://ids.clld.org/values/1-212-823-1>		"bə:n.3"@scb-x-rucc1239	
"кьыхьды шугу"@rut-x-ixre1238	<http://ids.clld.org/values/2-444-528-1>		<http://ids.clld.org/parameters/2-444>		<http://ids.clld.org/values/2-444-823-1>		"məaŋ.4"@scb-x-rucc1239	
"рыш"@rut	<http://ids.clld.org/values/2-261-66-1>		<http://ids.clld.org/parameters/2-261>		<http://ids.clld.org/values/2-261-823-1>		"puma:j.3"@scb-x-rucc1239	
"гаг"@rut-x-shin1265	<http://ids.clld.org/values/2-611-530-1>		<http://ids.clld.org/parameters/2-611>		<http://ids.clld.org/values/2-611-823-1>		"pɨ.4 maju:ń.3"@scb-x-rucc1239	
"хыдыл"@rut-x-shin1265	<http://ids.clld.org/values/2-540-530-1>		<http://ids.clld.org/parameters/2-540>		<http://ids.clld.org/values/2-540-823-1>		"cw.3"@scb-x-rucc1239	
"цІай кийин"@rut	<http://ids.clld.org/values/1-860-66-3>		<http://ids.clld.org/parameters/1-860>		<http://ids.clld.org/values/1-860-823-1>		"tu:c.3"@scb-x-rucc1239	
"кIер"@rut-x-ixre1238	<http://ids.clld.org/values/1-640-528-1>		<http://ids.clld.org/parameters/1-640>		<http://ids.clld.org/values/1-640-823-1>		"da:k.3 mw.2"@scb-x-rucc1239	
"гыбыл"@rut	<http://ids.clld.org/values/1-730-66-1>		<http://ids.clld.org/parameters/1-730>		<http://ids.clld.org/values/1-730-823-1>		"məl.1"@scb-x-rucc1239	
"кьаІсды"@rut-x-ixre1238	<http://ids.clld.org/values/2-471-529-1>		<http://ids.clld.org/parameters/2-471>		<http://ids.clld.org/values/2-471-823-1>		"moɔ.4 kuməʌk.4"@scb-x-rucc1239	
"хурт"@rut	<http://ids.clld.org/values/1-324-66-1>		<http://ids.clld.org/parameters/1-324>		<http://ids.clld.org/values/1-324-823-1>		"pɔh.pɔh.1"@scb-x-rucc1239	
"дей"@rut	<http://ids.clld.org/values/2-621-527-1>		<http://ids.clld.org/parameters/2-621>		<http://ids.clld.org/values/2-621-823-1>		"meɛ.4 maku:ń.3"@scb-x-rucc1239	
"кІаъды шугу"@rut-x-ixre1238	<http://ids.clld.org/values/2-445-528-1>		<http://ids.clld.org/parameters/2-445>		<http://ids.clld.org/values/2-445-823-1>		"ceɛ.4"@scb-x-rucc1239	
"усбы"@rut	<http://ids.clld.org/values/1-880-527-1>		<http://ids.clld.org/parameters/1-880>		<http://ids.clld.org/values/1-880-823-1>		"ku:r.1"@scb-x-rucc1239	
"рыІхъ"@rut-x-ixre1238	<http://ids.clld.org/values/1-840-529-1>		<http://ids.clld.org/parameters/1-840>		<http://ids.clld.org/values/1-840-823-1>		"tapeh.1"@scb-x-rucc1239	
"баба"@rut-x-ixre1238	<http://ids.clld.org/values/2-460-529-3>		<http://ids.clld.org/parameters/2-460>		<http://ids.clld.org/values/2-460-823-1>		"pw.1"@scb-x-rucc1239	
"баба"@rut-x-ixre1238	<http://ids.clld.org/values/2-460-529-3>		<http://ids.clld.org/parameters/2-460>		<http://ids.clld.org/values/2-460-823-2>		"ta.1"@scb-x-rucc1239	
"къум"@rut-x-shin1265	<http://ids.clld.org/values/1-215-530-1>		<http://ids.clld.org/parameters/1-215>		<http://ids.clld.org/values/1-215-823-1>		"təka:c.3"@scb-x-rucc1239	
"бан"@rut	<http://ids.clld.org/values/1-220-66-1>		<http://ids.clld.org/parameters/1-220>		<http://ids.clld.org/values/1-220-823-2>		"do:l.1"@scb-x-rucc1239	
"бан"@rut	<http://ids.clld.org/values/1-220-66-1>		<http://ids.clld.org/parameters/1-220>		<http://ids.clld.org/values/1-220-823-1>		"cɨ:t.3"@scb-x-rucc1239	
"кІаъды риши"@rut-x-ixre1238	<http://ids.clld.org/values/2-455-529-1>		<http://ids.clld.org/parameters/2-455>		<http://ids.clld.org/values/2-455-823-1>		"ceɛ.$"@scb-x-rucc1239	
"къирав"@rut-x-ixre1238	<http://ids.clld.org/values/1-640-529-1>		<http://ids.clld.org/parameters/1-640>		<http://ids.clld.org/values/1-640-823-1>		"da:k.3 mw.2"@scb-x-rucc1239	
"джиджей"@rut-x-ixre1238	<http://ids.clld.org/values/2-521-529-1>		<http://ids.clld.org/parameters/2-521>		<http://ids.clld.org/values/2-521-823-1>		"na:j.1"@scb-x-rucc1239	
"джиджей"@rut-x-ixre1238	<http://ids.clld.org/values/2-521-529-1>		<http://ids.clld.org/parameters/2-521>		<http://ids.clld.org/values/2-521-823-2>		"mɨ.4"@scb-x-rucc1239	
"хаІдей"@rut-x-shin1265	<http://ids.clld.org/values/1-540-530-1>		<http://ids.clld.org/parameters/1-540>		<http://ids.clld.org/values/1-540-823-1>		"kumi:ŋ.1"@scb-x-rucc1239	
"хыдыл"@rut	<http://ids.clld.org/values/2-530-527-1>		<http://ids.clld.org/parameters/2-530>		<http://ids.clld.org/values/2-530-823-1>		"cw.3"@scb-x-rucc1239	
"кІаъды риши"@rut-x-ixre1238	<http://ids.clld.org/values/2-455-528-1>		<http://ids.clld.org/parameters/2-455>		<http://ids.clld.org/values/2-455-823-1>		"ceɛ.$"@scb-x-rucc1239	
"абай"@rut	<http://ids.clld.org/values/2-511-527-1>		<http://ids.clld.org/parameters/2-511>		<http://ids.clld.org/values/2-511-823-1>		"ta.1"@scb-x-rucc1239	
"абай"@rut	<http://ids.clld.org/values/2-511-527-1>		<http://ids.clld.org/parameters/2-511>		<http://ids.clld.org/values/2-511-823-2>		"ta.1"@scb-x-rucc1239	
"абай"@rut	<http://ids.clld.org/values/2-511-527-1>		<http://ids.clld.org/parameters/2-511>		<http://ids.clld.org/values/2-511-823-3>		"kw.4"@scb-x-rucc1239	
"чІых"@rut	<http://ids.clld.org/values/1-222-527-5>		<http://ids.clld.org/parameters/1-222>		<http://ids.clld.org/values/1-222-823-1>		"kupə:ŋ.1"@scb-x-rucc1239	
"хука"@rut-x-ixre1238	<http://ids.clld.org/values/1-410-529-1>		<http://ids.clld.org/parameters/1-410>		<http://ids.clld.org/values/1-410-823-1>		"brw.3"@scb-x-rucc1239	
"гьуІкйумет"@rut	<http://ids.clld.org/values/1-210-66-3>		<http://ids.clld.org/parameters/1-210>		<http://ids.clld.org/values/1-210-823-1>		"bə:n.3"@scb-x-rucc1239	
"кІаъды риши"@rut	<http://ids.clld.org/values/2-455-66-1>		<http://ids.clld.org/parameters/2-455>		<http://ids.clld.org/values/2-455-823-1>		"ceɛ.$"@scb-x-rucc1239	
"йикье гьыъын"@rut-x-shin1265	<http://ids.clld.org/values/4-760-530-1>		<http://ids.clld.org/parameters/4-760>		<http://ids.clld.org/values/4-760-823-1>		"kacit"@scb-x-rucc1239	
"къари"@rut-x-shin1265	<http://ids.clld.org/values/2-320-530-1>		<http://ids.clld.org/parameters/2-320>		<http://ids.clld.org/values/2-320-823-1>		"makj.3"@scb-x-rucc1239	
"выгІылды (эдеми)"@rut-x-ixre1238	<http://ids.clld.org/values/2-210-528-1>		<http://ids.clld.org/parameters/2-210>		<http://ids.clld.org/values/2-210-823-1>		"puku:ń.3"@scb-x-rucc1239	
"рыш"@rut-x-shin1265	<http://ids.clld.org/values/2-420-530-1>		<http://ids.clld.org/parameters/2-420>		<http://ids.clld.org/values/2-420-823-1>		"kɔ:n.1 pukj.3"@scb-x-rucc1239	
"риш"@rut	<http://ids.clld.org/values/2-420-527-1>		<http://ids.clld.org/parameters/2-420>		<http://ids.clld.org/values/2-420-823-1>		"kɔ:n.1 pukj.3"@scb-x-rucc1239	
"гагай"@rut-x-ixre1238	<http://ids.clld.org/values/2-511-529-1>		<http://ids.clld.org/parameters/2-511>		<http://ids.clld.org/values/2-511-823-1>		"ta.1"@scb-x-rucc1239	
"гагай"@rut-x-ixre1238	<http://ids.clld.org/values/2-511-529-1>		<http://ids.clld.org/parameters/2-511>		<http://ids.clld.org/values/2-511-823-2>		"ta.1"@scb-x-rucc1239	
"гагай"@rut-x-ixre1238	<http://ids.clld.org/values/2-511-529-1>		<http://ids.clld.org/parameters/2-511>		<http://ids.clld.org/values/2-511-823-3>		"kw.4"@scb-x-rucc1239	
"цІайлапан"@rut-x-ixre1238	<http://ids.clld.org/values/1-550-529-1>		<http://ids.clld.org/parameters/1-550>		<http://ids.clld.org/values/1-550-823-1>		"ala:r.3"@scb-x-rucc1239	
"хурт"@rut-x-shin1265	<http://ids.clld.org/values/1-324-530-1>		<http://ids.clld.org/parameters/1-324>		<http://ids.clld.org/values/1-324-823-1>		"pɔh.pɔh.1"@scb-x-rucc1239	
"выгІылды"@rut	<http://ids.clld.org/values/2-230-66-1>		<http://ids.clld.org/parameters/2-230>		<http://ids.clld.org/values/2-230-823-1>		"tɨk.4"@scb-x-rucc1239	
"къари гьарвын"@rut-x-ixre1238	<http://ids.clld.org/values/2-330-528-1>		<http://ids.clld.org/parameters/2-330>		<http://ids.clld.org/values/2-330-823-2>		"lj.4 maku:ń.3"@scb-x-rucc1239	
"къари гьарвын"@rut-x-ixre1238	<http://ids.clld.org/values/2-330-528-1>		<http://ids.clld.org/parameters/2-330>		<http://ids.clld.org/values/2-330-823-3>		"dɔ:ŋ.1"@scb-x-rucc1239	
"къари гьарвын"@rut-x-ixre1238	<http://ids.clld.org/values/2-330-528-1>		<http://ids.clld.org/parameters/2-330>		<http://ids.clld.org/values/2-330-823-1>		"lj.4 makj.3"@scb-x-rucc1239	
"аІхъ"@rut-x-ixre1238	<http://ids.clld.org/values/1-630-529-1>		<http://ids.clld.org/parameters/1-630>		<http://ids.clld.org/values/1-630-823-1>		"pɔ:ŋ.3"@scb-x-rucc1239	
"джегьил"@rut	<http://ids.clld.org/values/2-251-527-1>		<http://ids.clld.org/parameters/2-251>		<http://ids.clld.org/values/2-251-823-1>		"ba:w.1"@scb-x-rucc1239	
"гаг"@rut-x-ixre1238	<http://ids.clld.org/values/2-611-528-1>		<http://ids.clld.org/parameters/2-611>		<http://ids.clld.org/values/2-611-823-1>		"pɨ.4 maju:ń.3"@scb-x-rucc1239	
"мекк"@rut-x-shin1265	<http://ids.clld.org/values/1-390-530-1>		<http://ids.clld.org/parameters/1-390>		<http://ids.clld.org/values/1-390-823-1>		"tha:k.3 da:k.3"@scb-x-rucc1239	
"гьугъал"@rut-x-ixre1238	<http://ids.clld.org/values/1-750-528-1>		<http://ids.clld.org/parameters/1-750>		<http://ids.clld.org/values/1-750-823-1>		"kəməa.2"@scb-x-rucc1239	
"чемре"@rut	<http://ids.clld.org/values/1-740-527-1>		<http://ids.clld.org/parameters/1-740>		<http://ids.clld.org/values/1-740-823-1>		"tulu:k.3"@scb-x-rucc1239	
"хаІл"@rut-x-ixre1238	<http://ids.clld.org/values/1-510-528-1>		<http://ids.clld.org/parameters/1-510>		<http://ids.clld.org/values/1-510-823-1>		"plə:j.2"@scb-x-rucc1239	
"хьыдылды"@rut	<http://ids.clld.org/values/2-220-66-1>		<http://ids.clld.org/parameters/2-220>		<http://ids.clld.org/values/2-220-823-1>		"pukj.3"@scb-x-rucc1239	
"кьаІсды нин"@rut	<http://ids.clld.org/values/2-470-66-1>		<http://ids.clld.org/parameters/2-470>		<http://ids.clld.org/values/2-470-823-1>		"za.1"@scb-x-rucc1239	
"кьаІсды нин"@rut	<http://ids.clld.org/values/2-470-66-1>		<http://ids.clld.org/parameters/2-470>		<http://ids.clld.org/values/2-470-823-2>		"na:j.1"@scb-x-rucc1239	
"къая"@rut-x-ixre1238	<http://ids.clld.org/values/1-222-529-3>		<http://ids.clld.org/parameters/1-222>		<http://ids.clld.org/values/1-222-823-1>		"kupə:ŋ.1"@scb-x-rucc1239	
"хаІл"@rut	<http://ids.clld.org/values/1-510-66-1>		<http://ids.clld.org/parameters/1-510>		<http://ids.clld.org/values/1-510-823-1>		"plə:j.2"@scb-x-rucc1239	
"хьыдылды"@rut-x-ixre1238	<http://ids.clld.org/values/2-240-528-1>		<http://ids.clld.org/parameters/2-240>		<http://ids.clld.org/values/2-240-823-1>		"kj.3"@scb-x-rucc1239	
"хьум"@rut-x-shin1265	<http://ids.clld.org/values/1-830-530-1>		<http://ids.clld.org/parameters/1-830>		<http://ids.clld.org/values/1-830-823-1>		"kahɔ:j.3"@scb-x-rucc1239	
"хьум"@rut-x-shin1265	<http://ids.clld.org/values/1-830-530-1>		<http://ids.clld.org/parameters/1-830>		<http://ids.clld.org/values/1-830-823-2>		"camaŋ.1"@scb-x-rucc1239	
"хьум"@rut-x-shin1265	<http://ids.clld.org/values/1-830-530-1>		<http://ids.clld.org/parameters/1-830>		<http://ids.clld.org/values/1-830-823-3>		"patj.1"@scb-x-rucc1239	
"хаІл удхун"@rut	<http://ids.clld.org/values/1-560-527-1>		<http://ids.clld.org/parameters/1-560>		<http://ids.clld.org/values/1-560-823-1>		"krɨ:m.4"@scb-x-rucc1239	
"хыдыл"@rut	<http://ids.clld.org/values/2-540-66-1>		<http://ids.clld.org/parameters/2-540>		<http://ids.clld.org/values/2-540-823-1>		"cw.3"@scb-x-rucc1239	
"хыдыл"@rut-x-ixre1238	<http://ids.clld.org/values/2-540-529-1>		<http://ids.clld.org/parameters/2-540>		<http://ids.clld.org/values/2-540-823-1>		"cw.3"@scb-x-rucc1239	
"цІайлапан"@rut-x-ixre1238	<http://ids.clld.org/values/1-550-528-1>		<http://ids.clld.org/parameters/1-550>		<http://ids.clld.org/values/1-550-823-1>		"ala:r.3"@scb-x-rucc1239	
"гьутхьун"@rut-x-ixre1238	<http://ids.clld.org/values/1-852-529-1>		<http://ids.clld.org/parameters/1-852>		<http://ids.clld.org/values/1-852-823-1>		"kɨcɔh.1"@scb-x-rucc1239	
"рыш"@rut	<http://ids.clld.org/values/2-420-66-1>		<http://ids.clld.org/parameters/2-420>		<http://ids.clld.org/values/2-420-823-1>		"kɔ:n.1 pukj.3"@scb-x-rucc1239	
"хаІдаІй"@rut	<http://ids.clld.org/values/1-540-527-1>		<http://ids.clld.org/parameters/1-540>		<http://ids.clld.org/values/1-540-823-1>		"kumi:ŋ.1"@scb-x-rucc1239	
"мури"@rut-x-ixre1238	<http://ids.clld.org/values/1-360-528-1>		<http://ids.clld.org/parameters/1-360>		<http://ids.clld.org/values/1-360-823-1>		"ju:ŋ.4"@scb-x-rucc1239	
"мури"@rut-x-ixre1238	<http://ids.clld.org/values/1-360-528-1>		<http://ids.clld.org/parameters/1-360>		<http://ids.clld.org/values/1-360-823-2>		"cərɔ:k.3"@scb-x-rucc1239	
"эдеми"@rut-x-ixre1238	<http://ids.clld.org/values/2-100-529-1>		<http://ids.clld.org/parameters/2-100>		<http://ids.clld.org/values/2-100-823-1>		"ŋa:j.2"@scb-x-rucc1239	
"хыных"@rut	<http://ids.clld.org/values/2-270-527-1>		<http://ids.clld.org/parameters/2-270>		<http://ids.clld.org/values/2-270-823-1>		"kɔ:n.1"@scb-x-rucc1239	
"гьутхьа гьыъын"@rut	<http://ids.clld.org/values/1-851-527-1>		<http://ids.clld.org/parameters/1-851>		<http://ids.clld.org/values/1-851-823-1>		"tu:c.3"@scb-x-rucc1239	
"палчыIкь"@rut-x-shin1265	<http://ids.clld.org/values/1-214-530-3>		<http://ids.clld.org/parameters/1-214>		<http://ids.clld.org/values/1-214-823-1>		"la:r.4"@scb-x-rucc1239	
"гьудхьавун"@rut-x-ixre1238	<http://ids.clld.org/values/1-851-528-3>		<http://ids.clld.org/parameters/1-851>		<http://ids.clld.org/values/1-851-823-1>		"tu:c.3"@scb-x-rucc1239	
"риш"@rut	<http://ids.clld.org/values/2-261-527-1>		<http://ids.clld.org/parameters/2-261>		<http://ids.clld.org/values/2-261-823-1>		"puma:j.3"@scb-x-rucc1239	
"выгІылды"@rut-x-ixre1238	<http://ids.clld.org/values/2-230-529-1>		<http://ids.clld.org/parameters/2-230>		<http://ids.clld.org/values/2-230-823-1>		"tɨk.4"@scb-x-rucc1239	
"неве"@rut-x-ixre1238	<http://ids.clld.org/values/2-480-528-1>		<http://ids.clld.org/parameters/2-480>		<http://ids.clld.org/values/2-480-823-1>		"cw.3"@scb-x-rucc1239	
"руг"@rut-x-ixre1238	<http://ids.clld.org/values/1-213-529-1>		<http://ids.clld.org/parameters/1-213>		<http://ids.clld.org/values/1-213-823-1>		"kəhɔ:j.3"@scb-x-rucc1239	
"фум"@rut-x-ixre1238	<http://ids.clld.org/values/1-830-528-1>		<http://ids.clld.org/parameters/1-830>		<http://ids.clld.org/values/1-830-823-1>		"kahɔ:j.3"@scb-x-rucc1239	
"фум"@rut-x-ixre1238	<http://ids.clld.org/values/1-830-528-1>		<http://ids.clld.org/parameters/1-830>		<http://ids.clld.org/values/1-830-823-2>		"camaŋ.1"@scb-x-rucc1239	
"фум"@rut-x-ixre1238	<http://ids.clld.org/values/1-830-528-1>		<http://ids.clld.org/parameters/1-830>		<http://ids.clld.org/values/1-830-823-3>		"patj.1"@scb-x-rucc1239	
"ваъ"@rut-x-ixre1238	<http://ids.clld.org/values/17-560-528-1>		<http://ids.clld.org/parameters/17-560>		<http://ids.clld.org/values/17-560-823-1>		"lata.3"@scb-x-rucc1239	
"хыдыл"@rut-x-ixre1238	<http://ids.clld.org/values/2-530-529-1>		<http://ids.clld.org/parameters/2-530>		<http://ids.clld.org/values/2-530-823-1>		"cw.3"@scb-x-rucc1239	
"рахын"@rut-x-ixre1238	<http://ids.clld.org/values/1-280-528-1>		<http://ids.clld.org/parameters/1-280>		<http://ids.clld.org/values/1-280-823-1>		"kɨ:p.4"@scb-x-rucc1239	
"хьед ад къуй"@rut	<http://ids.clld.org/values/1-370-66-3>		<http://ids.clld.org/parameters/1-370>		<http://ids.clld.org/values/1-370-823-1>		"ru:k.4"@scb-x-rucc1239	
"ата-бабаер"@rut-x-ixre1238	<http://ids.clld.org/values/2-560-529-1>		<http://ids.clld.org/parameters/2-560>		<http://ids.clld.org/values/2-560-823-1>		"ʔo:ŋ.1 pluok.4"@scb-x-rucc1239	
"къари къараъын"@rut-x-shin1265	<http://ids.clld.org/values/2-330-530-1>		<http://ids.clld.org/parameters/2-330>		<http://ids.clld.org/values/2-330-823-2>		"lj.4 maku:ń.3"@scb-x-rucc1239	
"къари къараъын"@rut-x-shin1265	<http://ids.clld.org/values/2-330-530-1>		<http://ids.clld.org/parameters/2-330>		<http://ids.clld.org/values/2-330-823-3>		"dɔ:ŋ.1"@scb-x-rucc1239	
"къари къараъын"@rut-x-shin1265	<http://ids.clld.org/values/2-330-530-1>		<http://ids.clld.org/parameters/2-330>		<http://ids.clld.org/values/2-330-823-1>		"lj.4 makj.3"@scb-x-rucc1239	
"хьыдылды"@rut-x-shin1265	<http://ids.clld.org/values/2-240-530-1>		<http://ids.clld.org/parameters/2-240>		<http://ids.clld.org/values/2-240-823-1>		"kj.3"@scb-x-rucc1239	
"тІалакь"@rut-x-shin1265	<http://ids.clld.org/values/2-341-530-1>		<http://ids.clld.org/parameters/2-341>		<http://ids.clld.org/values/2-341-823-1>		"ßɨʌt.4"@scb-x-rucc1239	
"туьстуь"@rut	<http://ids.clld.org/values/1-830-527-1>		<http://ids.clld.org/parameters/1-830>		<http://ids.clld.org/values/1-830-823-1>		"kahɔ:j.3"@scb-x-rucc1239	
"туьстуь"@rut	<http://ids.clld.org/values/1-830-527-1>		<http://ids.clld.org/parameters/1-830>		<http://ids.clld.org/values/1-830-823-2>		"camaŋ.1"@scb-x-rucc1239	
"туьстуь"@rut	<http://ids.clld.org/values/1-830-527-1>		<http://ids.clld.org/parameters/1-830>		<http://ids.clld.org/values/1-830-823-3>		"patj.1"@scb-x-rucc1239	
"тепе"@rut	<http://ids.clld.org/values/1-220-527-3>		<http://ids.clld.org/parameters/1-220>		<http://ids.clld.org/values/1-220-823-2>		"do:l.1"@scb-x-rucc1239	
"тепе"@rut	<http://ids.clld.org/values/1-220-527-3>		<http://ids.clld.org/parameters/1-220>		<http://ids.clld.org/values/1-220-823-1>		"cɨ:t.3"@scb-x-rucc1239	
"гада"@rut-x-shin1265	<http://ids.clld.org/values/2-250-530-1>		<http://ids.clld.org/parameters/2-250>		<http://ids.clld.org/values/2-250-823-1>		"ba:w.1"@scb-x-rucc1239	
"тІурфан"@rut-x-ixre1238	<http://ids.clld.org/values/1-580-528-1>		<http://ids.clld.org/parameters/1-580>		<http://ids.clld.org/values/1-580-823-1>		"pa:w.4"@scb-x-rucc1239	
"гагай"@rut-x-ixre1238	<http://ids.clld.org/values/2-512-529-1>		<http://ids.clld.org/parameters/2-512>		<http://ids.clld.org/values/2-512-823-1>		"pw.2"@scb-x-rucc1239	
"гагай"@rut-x-ixre1238	<http://ids.clld.org/values/2-512-529-1>		<http://ids.clld.org/parameters/2-512>		<http://ids.clld.org/values/2-512-823-2>		"poɔ.4"@scb-x-rucc1239	
"риши"@rut-x-shin1265	<http://ids.clld.org/values/2-456-530-3>		<http://ids.clld.org/parameters/2-456>		<http://ids.clld.org/values/2-456-823-1>		"ceɛ.4 məaŋ.4"@scb-x-rucc1239	
"кьул"@rut-x-ixre1238	<http://ids.clld.org/values/1-222-528-3>		<http://ids.clld.org/parameters/1-222>		<http://ids.clld.org/values/1-222-823-1>		"kupə:ŋ.1"@scb-x-rucc1239	
"кьаІсды"@rut-x-shin1265	<http://ids.clld.org/values/2-461-530-1>		<http://ids.clld.org/parameters/2-461>		<http://ids.clld.org/values/2-461-823-1>		"ʔo:ŋ.1 kuməʌk.4"@scb-x-rucc1239	
"хьед"@rut-x-ixre1238	<http://ids.clld.org/values/1-310-528-1>		<http://ids.clld.org/parameters/1-310>		<http://ids.clld.org/values/1-310-823-1>		"da:k.3"@scb-x-rucc1239	
"ваз"@rut	<http://ids.clld.org/values/1-530-527-1>		<http://ids.clld.org/parameters/1-530>		<http://ids.clld.org/values/1-530-823-1>		"puləan.2"@scb-x-rucc1239	
"маІгаІлихьде"@rut	<http://ids.clld.org/values/1-390-66-1>		<http://ids.clld.org/parameters/1-390>		<http://ids.clld.org/values/1-390-823-1>		"tha:k.3 da:k.3"@scb-x-rucc1239	
"эдем"@rut-x-shin1265	<http://ids.clld.org/values/2-100-530-1>		<http://ids.clld.org/parameters/2-100>		<http://ids.clld.org/values/2-100-823-1>		"ŋa:j.2"@scb-x-rucc1239	
"кан-кан"@rut	<http://ids.clld.org/values/1-280-66-1>		<http://ids.clld.org/parameters/1-280>		<http://ids.clld.org/values/1-280-823-1>		"kɨ:p.4"@scb-x-rucc1239	
"виригъ"@rut	<http://ids.clld.org/values/1-520-527-1>		<http://ids.clld.org/parameters/1-520>		<http://ids.clld.org/values/1-520-823-1>		"məʌt.4 kara:ŋ.1"@scb-x-rucc1239	
"ус"@rut	<http://ids.clld.org/values/1-430-66-1>		<http://ids.clld.org/parameters/1-430>		<http://ids.clld.org/values/1-430-823-1>		"kəʌj.2"@scb-x-rucc1239	
"йикье гьыъын"@rut	<http://ids.clld.org/values/4-760-527-1>		<http://ids.clld.org/parameters/4-760>		<http://ids.clld.org/values/4-760-823-1>		"kacit"@scb-x-rucc1239	
"хаІл утхун"@rut-x-shin1265	<http://ids.clld.org/values/1-560-530-1>		<http://ids.clld.org/parameters/1-560>		<http://ids.clld.org/values/1-560-823-1>		"krɨ:m.4"@scb-x-rucc1239	
"кьаІсий"@rut	<http://ids.clld.org/values/2-471-66-1>		<http://ids.clld.org/parameters/2-471>		<http://ids.clld.org/values/2-471-823-1>		"moɔ.4 kuməʌk.4"@scb-x-rucc1239	
"рыІхъ"@rut	<http://ids.clld.org/values/1-840-527-1>		<http://ids.clld.org/parameters/1-840>		<http://ids.clld.org/values/1-840-823-1>		"tapeh.1"@scb-x-rucc1239	
"къарх"@rut	<http://ids.clld.org/values/1-222-527-1>		<http://ids.clld.org/parameters/1-222>		<http://ids.clld.org/values/1-222-823-1>		"kupə:ŋ.1"@scb-x-rucc1239	
"кІаъды шу"@rut-x-ixre1238	<http://ids.clld.org/values/2-445-529-1>		<http://ids.clld.org/parameters/2-445>		<http://ids.clld.org/values/2-445-823-1>		"ceɛ.4"@scb-x-rucc1239	
"туз"@rut	<http://ids.clld.org/values/1-213-66-3>		<http://ids.clld.org/parameters/1-213>		<http://ids.clld.org/values/1-213-823-1>		"kəhɔ:j.3"@scb-x-rucc1239	
"ата-бабыер"@rut-x-ixre1238	<http://ids.clld.org/values/2-560-528-1>		<http://ids.clld.org/parameters/2-560>		<http://ids.clld.org/values/2-560-823-1>		"ʔo:ŋ.1 pluok.4"@scb-x-rucc1239	
"къая"@rut-x-shin1265	<http://ids.clld.org/values/1-222-530-3>		<http://ids.clld.org/parameters/1-222>		<http://ids.clld.org/values/1-222-823-1>		"kupə:ŋ.1"@scb-x-rucc1239	
"хьыдылды"@rut-x-ixre1238	<http://ids.clld.org/values/2-220-528-1>		<http://ids.clld.org/parameters/2-220>		<http://ids.clld.org/values/2-220-823-1>		"pukj.3"@scb-x-rucc1239	
"кыбыл"@rut	<http://ids.clld.org/values/1-730-527-1>		<http://ids.clld.org/parameters/1-730>		<http://ids.clld.org/values/1-730-823-1>		"məl.1"@scb-x-rucc1239	
"гыбыл"@rut-x-shin1265	<http://ids.clld.org/values/1-740-530-1>		<http://ids.clld.org/parameters/1-740>		<http://ids.clld.org/values/1-740-823-1>		"tulu:k.3"@scb-x-rucc1239	
"хаІле ваз"@rut	<http://ids.clld.org/values/1-590-66-1>		<http://ids.clld.org/parameters/1-590>		<http://ids.clld.org/values/1-590-823-1>		"ro:ŋ.1"@scb-x-rucc1239	
"чІалаг"@rut-x-ixre1238	<http://ids.clld.org/values/1-410-528-1>		<http://ids.clld.org/parameters/1-410>		<http://ids.clld.org/values/1-410-823-1>		"brw.3"@scb-x-rucc1239	
"нинды риши"@rut-x-ixre1238	<http://ids.clld.org/values/2-521-528-1>		<http://ids.clld.org/parameters/2-521>		<http://ids.clld.org/values/2-521-823-1>		"na:j.1"@scb-x-rucc1239	
"нинды риши"@rut-x-ixre1238	<http://ids.clld.org/values/2-521-528-1>		<http://ids.clld.org/parameters/2-521>		<http://ids.clld.org/values/2-521-823-2>		"mɨ.4"@scb-x-rucc1239	
"хьыдылды"@rut	<http://ids.clld.org/values/2-220-527-1>		<http://ids.clld.org/parameters/2-220>		<http://ids.clld.org/values/2-220-823-1>		"pukj.3"@scb-x-rucc1239	
"дуькер"@rut-x-ixre1238	<http://ids.clld.org/values/2-280-528-1>		<http://ids.clld.org/parameters/2-280>		<http://ids.clld.org/values/2-280-823-1>		"pucɔ:j.3"@scb-x-rucc1239	
"гай"@rut-x-shin1265	<http://ids.clld.org/values/2-620-530-1>		<http://ids.clld.org/parameters/2-620>		<http://ids.clld.org/values/2-620-823-1>		"meɛ.4 makj.3"@scb-x-rucc1239	
"ваз"@rut	<http://ids.clld.org/values/1-530-66-1>		<http://ids.clld.org/parameters/1-530>		<http://ids.clld.org/values/1-530-823-1>		"puləan.2"@scb-x-rucc1239	
"сарухьай"@rut	<http://ids.clld.org/values/1-222-527-3>		<http://ids.clld.org/parameters/1-222>		<http://ids.clld.org/values/1-222-823-1>		"kupə:ŋ.1"@scb-x-rucc1239	
"гыбыл"@rut	<http://ids.clld.org/values/1-740-66-1>		<http://ids.clld.org/parameters/1-740>		<http://ids.clld.org/values/1-740-823-1>		"tulu:k.3"@scb-x-rucc1239	
"йикье гьавын"@rut-x-ixre1238	<http://ids.clld.org/values/4-760-528-1>		<http://ids.clld.org/parameters/4-760>		<http://ids.clld.org/values/4-760-823-1>		"kacit"@scb-x-rucc1239	
"эдеми"@rut	<http://ids.clld.org/values/2-100-66-1>		<http://ids.clld.org/parameters/2-100>		<http://ids.clld.org/values/2-100-823-1>		"ŋa:j.2"@scb-x-rucc1239	
"гьутхьун"@rut	<http://ids.clld.org/values/1-852-66-1>		<http://ids.clld.org/parameters/1-852>		<http://ids.clld.org/values/1-852-823-1>		"kɨcɔh.1"@scb-x-rucc1239	
"хыдыл"@rut	<http://ids.clld.org/values/2-490-527-1>		<http://ids.clld.org/parameters/2-490>		<http://ids.clld.org/values/2-490-823-1>		"cw.3"@scb-x-rucc1239	
"хыдыл"@rut	<http://ids.clld.org/values/2-480-527-1>		<http://ids.clld.org/parameters/2-480>		<http://ids.clld.org/values/2-480-823-1>		"cw.3"@scb-x-rucc1239	
"туз"@rut-x-shin1265	<http://ids.clld.org/values/1-213-530-1>		<http://ids.clld.org/parameters/1-213>		<http://ids.clld.org/values/1-213-823-1>		"kəhɔ:j.3"@scb-x-rucc1239	
"кьаІсды дид"@rut	<http://ids.clld.org/values/2-460-66-1>		<http://ids.clld.org/parameters/2-460>		<http://ids.clld.org/values/2-460-823-1>		"pw.1"@scb-x-rucc1239	
"кьаІсды дид"@rut	<http://ids.clld.org/values/2-460-66-1>		<http://ids.clld.org/parameters/2-460>		<http://ids.clld.org/values/2-460-823-2>		"ta.1"@scb-x-rucc1239	
"кІаІшен"@rut-x-shin1265	<http://ids.clld.org/values/1-890-530-1>		<http://ids.clld.org/parameters/1-890>		<http://ids.clld.org/values/1-890-823-1>		"laŋ.caŋ.1"@scb-x-rucc1239	
"кан-кан"@rut-x-shin1265	<http://ids.clld.org/values/1-280-530-1>		<http://ids.clld.org/parameters/1-280>		<http://ids.clld.org/values/1-280-823-1>		"kɨ:p.4"@scb-x-rucc1239	
"сыв"@rut-x-ixre1238	<http://ids.clld.org/values/1-220-529-3>		<http://ids.clld.org/parameters/1-220>		<http://ids.clld.org/values/1-220-823-2>		"do:l.1"@scb-x-rucc1239	
"сыв"@rut-x-ixre1238	<http://ids.clld.org/values/1-220-529-3>		<http://ids.clld.org/parameters/1-220>		<http://ids.clld.org/values/1-220-823-1>		"cɨ:t.3"@scb-x-rucc1239	
"дидды риши"@rut	<http://ids.clld.org/values/2-522-66-1>		<http://ids.clld.org/parameters/2-522>		<http://ids.clld.org/values/2-522-823-2>		"ʔɔ.1"@scb-x-rucc1239	
"дидды риши"@rut	<http://ids.clld.org/values/2-522-66-1>		<http://ids.clld.org/parameters/2-522>		<http://ids.clld.org/values/2-522-823-1>		"ja.1"@scb-x-rucc1239	
"хурт"@rut-x-ixre1238	<http://ids.clld.org/values/1-324-529-1>		<http://ids.clld.org/parameters/1-324>		<http://ids.clld.org/values/1-324-823-1>		"pɔh.pɔh.1"@scb-x-rucc1239	
"мегг"@rut-x-ixre1238	<http://ids.clld.org/values/1-390-528-1>		<http://ids.clld.org/parameters/1-390>		<http://ids.clld.org/values/1-390-823-1>		"tha:k.3 da:k.3"@scb-x-rucc1239	
"йилдирим"@rut	<http://ids.clld.org/values/1-550-527-1>		<http://ids.clld.org/parameters/1-550>		<http://ids.clld.org/values/1-550-823-1>		"ala:r.3"@scb-x-rucc1239	
"дидды риши"@rut-x-ixre1238	<http://ids.clld.org/values/2-522-528-1>		<http://ids.clld.org/parameters/2-522>		<http://ids.clld.org/values/2-522-823-2>		"ʔɔ.1"@scb-x-rucc1239	
"дидды риши"@rut-x-ixre1238	<http://ids.clld.org/values/2-522-528-1>		<http://ids.clld.org/parameters/2-522>		<http://ids.clld.org/values/2-522-823-1>		"ja.1"@scb-x-rucc1239	
"диквар"@rut-x-shin1265	<http://ids.clld.org/values/2-280-530-1>		<http://ids.clld.org/parameters/2-280>		<http://ids.clld.org/values/2-280-823-1>		"pucɔ:j.3"@scb-x-rucc1239	
"гаІнин"@rut	<http://ids.clld.org/values/2-620-66-1>		<http://ids.clld.org/parameters/2-620>		<http://ids.clld.org/values/2-620-823-1>		"meɛ.4 makj.3"@scb-x-rucc1239	
"бан"@rut-x-shin1265	<http://ids.clld.org/values/1-220-530-1>		<http://ids.clld.org/parameters/1-220>		<http://ids.clld.org/values/1-220-823-2>		"do:l.1"@scb-x-rucc1239	
"бан"@rut-x-shin1265	<http://ids.clld.org/values/1-220-530-1>		<http://ids.clld.org/parameters/1-220>		<http://ids.clld.org/values/1-220-823-1>		"cɨ:t.3"@scb-x-rucc1239	
"риши-шугу"@rut-x-ixre1238	<http://ids.clld.org/values/2-456-528-1>		<http://ids.clld.org/parameters/2-456>		<http://ids.clld.org/values/2-456-823-1>		"ceɛ.4 məaŋ.4"@scb-x-rucc1239	
"киршин"@rut	<http://ids.clld.org/values/1-852-527-1>		<http://ids.clld.org/parameters/1-852>		<http://ids.clld.org/values/1-852-823-1>		"kɨcɔh.1"@scb-x-rucc1239	
"неве"@rut-x-ixre1238	<http://ids.clld.org/values/2-490-528-1>		<http://ids.clld.org/parameters/2-490>		<http://ids.clld.org/values/2-490-823-1>		"cw.3"@scb-x-rucc1239	
"лар"@rut	<http://ids.clld.org/values/1-214-66-3>		<http://ids.clld.org/parameters/1-214>		<http://ids.clld.org/values/1-214-823-1>		"la:r.4"@scb-x-rucc1239	
"кІыхьды риши"@rut-x-ixre1238	<http://ids.clld.org/values/2-454-529-1>		<http://ids.clld.org/parameters/2-454>		<http://ids.clld.org/values/2-454-823-1>		"cj.4"@scb-x-rucc1239	
"кьаІсды"@rut-x-ixre1238	<http://ids.clld.org/values/2-461-529-1>		<http://ids.clld.org/parameters/2-461>		<http://ids.clld.org/values/2-461-823-1>		"ʔo:ŋ.1 kuməʌk.4"@scb-x-rucc1239	
"зий"@rut	<http://ids.clld.org/values/1-270-527-3>		<http://ids.clld.org/parameters/1-270>		<http://ids.clld.org/values/1-270-823-1>		"kupə:ŋ.1"@scb-x-rucc1239	
"гыбыл"@rut-x-shin1265	<http://ids.clld.org/values/1-730-530-1>		<http://ids.clld.org/parameters/1-730>		<http://ids.clld.org/values/1-730-823-1>		"məl.1"@scb-x-rucc1239	
"былах"@rut	<http://ids.clld.org/values/1-370-66-1>		<http://ids.clld.org/parameters/1-370>		<http://ids.clld.org/values/1-370-823-1>		"ru:k.4"@scb-x-rucc1239	
"кьаІсди"@rut	<http://ids.clld.org/values/2-461-527-1>		<http://ids.clld.org/parameters/2-461>		<http://ids.clld.org/values/2-461-823-1>		"ʔo:ŋ.1 kuməʌk.4"@scb-x-rucc1239	
"выгІыл"@rut-x-ixre1238	<http://ids.clld.org/values/2-310-529-1>		<http://ids.clld.org/parameters/2-310>		<http://ids.clld.org/values/2-310-823-1>		"məku:ń.3"@scb-x-rucc1239	
"йкІе гьыъын"@rut	<http://ids.clld.org/values/4-760-66-1>		<http://ids.clld.org/parameters/4-760>		<http://ids.clld.org/values/4-760-823-1>		"kacit"@scb-x-rucc1239	
"кьаІсей"@rut-x-ixre1238	<http://ids.clld.org/values/2-461-528-1>		<http://ids.clld.org/parameters/2-461>		<http://ids.clld.org/values/2-461-823-1>		"ʔo:ŋ.1 kuməʌk.4"@scb-x-rucc1239	
"кьул"@rut	<http://ids.clld.org/values/1-222-66-3>		<http://ids.clld.org/parameters/1-222>		<http://ids.clld.org/values/1-222-823-1>		"kupə:ŋ.1"@scb-x-rucc1239	
"джегьил"@rut-x-ixre1238	<http://ids.clld.org/values/2-251-528-1>		<http://ids.clld.org/parameters/2-251>		<http://ids.clld.org/values/2-251-823-1>		"ba:w.1"@scb-x-rucc1239	
"джиджей"@rut-x-ixre1238	<http://ids.clld.org/values/2-522-529-1>		<http://ids.clld.org/parameters/2-522>		<http://ids.clld.org/values/2-522-823-2>		"ʔɔ.1"@scb-x-rucc1239	
"джиджей"@rut-x-ixre1238	<http://ids.clld.org/values/2-522-529-1>		<http://ids.clld.org/parameters/2-522>		<http://ids.clld.org/values/2-522-823-1>		"ja.1"@scb-x-rucc1239	
"ликІун"@rut-x-shin1265	<http://ids.clld.org/values/1-852-530-1>		<http://ids.clld.org/parameters/1-852>		<http://ids.clld.org/values/1-852-823-1>		"kɨcɔh.1"@scb-x-rucc1239	
"уьлке"@rut-x-ixre1238	<http://ids.clld.org/values/1-210-528-3>		<http://ids.clld.org/parameters/1-210>		<http://ids.clld.org/values/1-210-823-1>		"bə:n.3"@scb-x-rucc1239	
"выгІыл"@rut	<http://ids.clld.org/values/2-310-66-1>		<http://ids.clld.org/parameters/2-310>		<http://ids.clld.org/values/2-310-823-1>		"məku:ń.3"@scb-x-rucc1239	
"йугъал"@rut-x-shin1265	<http://ids.clld.org/values/1-750-530-1>		<http://ids.clld.org/parameters/1-750>		<http://ids.clld.org/values/1-750-823-1>		"kəməa.2"@scb-x-rucc1239	
"кирше гьыъын"@rut	<http://ids.clld.org/values/1-860-527-1>		<http://ids.clld.org/parameters/1-860>		<http://ids.clld.org/values/1-860-823-1>		"tu:c.3"@scb-x-rucc1239	
"хьыбыл"@rut	<http://ids.clld.org/values/1-580-66-1>		<http://ids.clld.org/parameters/1-580>		<http://ids.clld.org/values/1-580-823-1>		"pa:w.4"@scb-x-rucc1239	
"джигьил гада"@rut	<http://ids.clld.org/values/2-251-66-3>		<http://ids.clld.org/parameters/2-251>		<http://ids.clld.org/values/2-251-823-1>		"ba:w.1"@scb-x-rucc1239	
"хаIлеваз"@rut-x-ixre1238	<http://ids.clld.org/values/1-590-528-1>		<http://ids.clld.org/parameters/1-590>		<http://ids.clld.org/values/1-590-823-1>		"ro:ŋ.1"@scb-x-rucc1239	
"джегьил"@rut-x-ixre1238	<http://ids.clld.org/values/2-251-529-1>		<http://ids.clld.org/parameters/2-251>		<http://ids.clld.org/values/2-251-823-1>		"ba:w.1"@scb-x-rucc1239	
"хыных"@rut	<http://ids.clld.org/values/2-270-66-1>		<http://ids.clld.org/parameters/2-270>		<http://ids.clld.org/values/2-270-823-1>		"kɔ:n.1"@scb-x-rucc1239	
"чайлагъ"@rut-x-ixre1238	<http://ids.clld.org/values/1-270-528-1>		<http://ids.clld.org/parameters/1-270>		<http://ids.clld.org/values/1-270-823-1>		"kupə:ŋ.1"@scb-x-rucc1239	
"гаІнин"@rut-x-ixre1238	<http://ids.clld.org/values/2-620-529-1>		<http://ids.clld.org/parameters/2-620>		<http://ids.clld.org/values/2-620-823-1>		"meɛ.4 makj.3"@scb-x-rucc1239	
"гаг"@rut-x-ixre1238	<http://ids.clld.org/values/2-610-529-1>		<http://ids.clld.org/parameters/2-610>		<http://ids.clld.org/values/2-610-823-1>		"pɨ.4 makj.#"@scb-x-rucc1239	
"выгIыл"@rut-x-shin1265	<http://ids.clld.org/values/2-310-530-1>		<http://ids.clld.org/parameters/2-310>		<http://ids.clld.org/values/2-310-823-1>		"məku:ń.3"@scb-x-rucc1239	
"кІоар"@rut-x-shin1265	<http://ids.clld.org/values/1-370-530-1>		<http://ids.clld.org/parameters/1-370>		<http://ids.clld.org/values/1-370-823-1>		"ru:k.4"@scb-x-rucc1239	
"дух"@rut-x-shin1265	<http://ids.clld.org/values/2-410-530-1>		<http://ids.clld.org/parameters/2-410>		<http://ids.clld.org/values/2-410-823-1>		"kɔ:n.1 puku:ń.3"@scb-x-rucc1239	
"ваз"@rut-x-shin1265	<http://ids.clld.org/values/1-530-530-1>		<http://ids.clld.org/parameters/1-530>		<http://ids.clld.org/values/1-530-823-1>		"puləan.2"@scb-x-rucc1239	
"бугъаІл"@rut-x-shin1265	<http://ids.clld.org/values/1-362-530-1>		<http://ids.clld.org/parameters/1-362>		<http://ids.clld.org/values/1-362-823-1>		"da:k.3 thuəj.3"@scb-x-rucc1239	
"гьудхьун"@rut-x-ixre1238	<http://ids.clld.org/values/1-852-528-1>		<http://ids.clld.org/parameters/1-852>		<http://ids.clld.org/values/1-852-823-1>		"kɨcɔh.1"@scb-x-rucc1239	
"кьыхьды нин"@rut-x-ixre1238	<http://ids.clld.org/values/2-470-528-1>		<http://ids.clld.org/parameters/2-470>		<http://ids.clld.org/values/2-470-823-1>		"za.1"@scb-x-rucc1239	
"кьыхьды нин"@rut-x-ixre1238	<http://ids.clld.org/values/2-470-528-1>		<http://ids.clld.org/parameters/2-470>		<http://ids.clld.org/values/2-470-823-2>		"na:j.1"@scb-x-rucc1239	
"усбыр"@rut-x-ixre1238	<http://ids.clld.org/values/1-880-529-1>		<http://ids.clld.org/parameters/1-880>		<http://ids.clld.org/values/1-880-823-1>		"ku:r.1"@scb-x-rucc1239	
"виригъ"@rut-x-ixre1238	<http://ids.clld.org/values/1-520-528-1>		<http://ids.clld.org/parameters/1-520>		<http://ids.clld.org/values/1-520-823-1>		"məʌt.4 kara:ŋ.1"@scb-x-rucc1239	
"риши"@rut	<http://ids.clld.org/values/2-456-66-3>		<http://ids.clld.org/parameters/2-456>		<http://ids.clld.org/values/2-456-823-1>		"ceɛ.4 məaŋ.4"@scb-x-rucc1239	
"къум"@rut	<http://ids.clld.org/values/1-215-527-1>		<http://ids.clld.org/parameters/1-215>		<http://ids.clld.org/values/1-215-823-1>		"təka:c.3"@scb-x-rucc1239	
"рыш"@rut-x-ixre1238	<http://ids.clld.org/values/2-260-529-1>		<http://ids.clld.org/parameters/2-260>		<http://ids.clld.org/values/2-260-823-1>		"puma:j.3"@scb-x-rucc1239	
"рахын"@rut-x-ixre1238	<http://ids.clld.org/values/1-280-529-1>		<http://ids.clld.org/parameters/1-280>		<http://ids.clld.org/values/1-280-823-1>		"kɨ:p.4"@scb-x-rucc1239	
"хыних"@rut-x-ixre1238	<http://ids.clld.org/values/2-270-529-1>		<http://ids.clld.org/parameters/2-270>		<http://ids.clld.org/values/2-270-823-1>		"kɔ:n.1"@scb-x-rucc1239	
"уьлке"@rut-x-shin1265	<http://ids.clld.org/values/1-210-530-3>		<http://ids.clld.org/parameters/1-210>		<http://ids.clld.org/values/1-210-823-1>		"bə:n.3"@scb-x-rucc1239	
"хьыдылды"@rut-x-shin1265	<http://ids.clld.org/values/2-220-530-1>		<http://ids.clld.org/parameters/2-220>		<http://ids.clld.org/values/2-220-823-1>		"pukj.3"@scb-x-rucc1239	
"хаІл"@rut-x-ixre1238	<http://ids.clld.org/values/1-510-529-1>		<http://ids.clld.org/parameters/1-510>		<http://ids.clld.org/values/1-510-823-1>		"plə:j.2"@scb-x-rucc1239	
"хьед"@rut	<http://ids.clld.org/values/1-310-527-1>		<http://ids.clld.org/parameters/1-310>		<http://ids.clld.org/values/1-310-823-1>		"da:k.3"@scb-x-rucc1239	
"кьатІ хъидшин"@rut-x-ixre1238	<http://ids.clld.org/values/2-341-529-3>		<http://ids.clld.org/parameters/2-341>		<http://ids.clld.org/values/2-341-823-1>		"ßɨʌt.4"@scb-x-rucc1239	
"кач"@rut-x-ixre1238	<http://ids.clld.org/values/4-170-528-1>		<http://ids.clld.org/parameters/4-170>		<http://ids.clld.org/values/4-170-823-1>		"krɨŋ"@scb-x-rucc1239	
"хыдыл"@rut	<http://ids.clld.org/values/2-540-527-1>		<http://ids.clld.org/parameters/2-540>		<http://ids.clld.org/values/2-540-823-1>		"cw.3"@scb-x-rucc1239	
"цІа"@rut-x-ixre1238	<http://ids.clld.org/values/1-810-528-1>		<http://ids.clld.org/parameters/1-810>		<http://ids.clld.org/values/1-810-823-1>		"ku:r.1"@scb-x-rucc1239	
"рыІхъ"@rut-x-shin1265	<http://ids.clld.org/values/1-840-530-1>		<http://ids.clld.org/parameters/1-840>		<http://ids.clld.org/values/1-840-823-1>		"tapeh.1"@scb-x-rucc1239	
"инсан"@rut-x-shin1265	<http://ids.clld.org/values/2-100-530-3>		<http://ids.clld.org/parameters/2-100>		<http://ids.clld.org/values/2-100-823-1>		"ŋa:j.2"@scb-x-rucc1239	
"кьухьду шу"@rut-x-shin1265	<http://ids.clld.org/values/2-444-530-1>		<http://ids.clld.org/parameters/2-444>		<http://ids.clld.org/values/2-444-823-1>		"məaŋ.4"@scb-x-rucc1239	
"шу-риший"@rut	<http://ids.clld.org/values/2-456-527-1>		<http://ids.clld.org/parameters/2-456>		<http://ids.clld.org/values/2-456-823-1>		"ceɛ.4 məaŋ.4"@scb-x-rucc1239	
"рыш"@rut-x-ixre1238	<http://ids.clld.org/values/2-260-528-1>		<http://ids.clld.org/parameters/2-260>		<http://ids.clld.org/values/2-260-823-1>		"puma:j.3"@scb-x-rucc1239	
"выгІлис рыхьын"@rut-x-ixre1238	<http://ids.clld.org/values/2-330-529-3>		<http://ids.clld.org/parameters/2-330>		<http://ids.clld.org/values/2-330-823-2>		"lj.4 maku:ń.3"@scb-x-rucc1239	
"выгІлис рыхьын"@rut-x-ixre1238	<http://ids.clld.org/values/2-330-529-3>		<http://ids.clld.org/parameters/2-330>		<http://ids.clld.org/values/2-330-823-3>		"dɔ:ŋ.1"@scb-x-rucc1239	
"выгІлис рыхьын"@rut-x-ixre1238	<http://ids.clld.org/values/2-330-529-3>		<http://ids.clld.org/parameters/2-330>		<http://ids.clld.org/values/2-330-823-1>		"lj.4 makj.3"@scb-x-rucc1239	
"чамра"@rut-x-ixre1238	<http://ids.clld.org/values/1-362-529-1>		<http://ids.clld.org/parameters/1-362>		<http://ids.clld.org/values/1-362-823-1>		"da:k.3 thuəj.3"@scb-x-rucc1239	
"бабай"@rut-x-ixre1238	<http://ids.clld.org/values/2-470-529-1>		<http://ids.clld.org/parameters/2-470>		<http://ids.clld.org/values/2-470-823-1>		"za.1"@scb-x-rucc1239	
"бабай"@rut-x-ixre1238	<http://ids.clld.org/values/2-470-529-1>		<http://ids.clld.org/parameters/2-470>		<http://ids.clld.org/values/2-470-823-2>		"na:j.1"@scb-x-rucc1239	
"дид"@rut-x-shin1265	<http://ids.clld.org/values/2-350-530-1>		<http://ids.clld.org/parameters/2-350>		<http://ids.clld.org/values/2-350-823-1>		"pɨ.4"@scb-x-rucc1239	
"мегг"@rut-x-ixre1238	<http://ids.clld.org/values/1-390-529-1>		<http://ids.clld.org/parameters/1-390>		<http://ids.clld.org/values/1-390-823-1>		"tha:k.3 da:k.3"@scb-x-rucc1239	
"гуьлге"@rut	<http://ids.clld.org/values/1-630-527-1>		<http://ids.clld.org/parameters/1-630>		<http://ids.clld.org/values/1-630-823-1>		"pɔ:ŋ.3"@scb-x-rucc1239	
"ниндады рыш"@rut-x-shin1265	<http://ids.clld.org/values/2-261-530-1>		<http://ids.clld.org/parameters/2-261>		<http://ids.clld.org/values/2-261-823-1>		"puma:j.3"@scb-x-rucc1239	
"чамра"@rut-x-ixre1238	<http://ids.clld.org/values/1-362-528-1>		<http://ids.clld.org/parameters/1-362>		<http://ids.clld.org/values/1-362-823-1>		"da:k.3 thuəj.3"@scb-x-rucc1239	
"нинды шугу"@rut-x-ixre1238	<http://ids.clld.org/values/2-511-528-1>		<http://ids.clld.org/parameters/2-511>		<http://ids.clld.org/values/2-511-823-1>		"ta.1"@scb-x-rucc1239	
"нинды шугу"@rut-x-ixre1238	<http://ids.clld.org/values/2-511-528-1>		<http://ids.clld.org/parameters/2-511>		<http://ids.clld.org/values/2-511-823-2>		"ta.1"@scb-x-rucc1239	
"нинды шугу"@rut-x-ixre1238	<http://ids.clld.org/values/2-511-528-1>		<http://ids.clld.org/parameters/2-511>		<http://ids.clld.org/values/2-511-823-3>		"kw.4"@scb-x-rucc1239	
"хаІлйады цІай"@rut	<http://ids.clld.org/values/1-550-66-1>		<http://ids.clld.org/parameters/1-550>		<http://ids.clld.org/values/1-550-823-1>		"ala:r.3"@scb-x-rucc1239	
"вах"@rut	<http://ids.clld.org/values/1-360-66-3>		<http://ids.clld.org/parameters/1-360>		<http://ids.clld.org/values/1-360-823-1>		"ju:ŋ.4"@scb-x-rucc1239	
"вах"@rut	<http://ids.clld.org/values/1-360-66-3>		<http://ids.clld.org/parameters/1-360>		<http://ids.clld.org/values/1-360-823-2>		"cərɔ:k.3"@scb-x-rucc1239	
"кьаІсей"@rut-x-ixre1238	<http://ids.clld.org/values/2-471-528-1>		<http://ids.clld.org/parameters/2-471>		<http://ids.clld.org/values/2-471-823-1>		"moɔ.4 kuməʌk.4"@scb-x-rucc1239	
"аІхъ"@rut-x-ixre1238	<http://ids.clld.org/values/1-630-528-1>		<http://ids.clld.org/parameters/1-630>		<http://ids.clld.org/values/1-630-823-1>		"pɔ:ŋ.3"@scb-x-rucc1239	
"дам"@rut-x-shin1265	<http://ids.clld.org/values/1-410-530-1>		<http://ids.clld.org/parameters/1-410>		<http://ids.clld.org/values/1-410-823-1>		"brw.3"@scb-x-rucc1239	
"чура хъишин"@rut	<http://ids.clld.org/values/2-341-527-1>		<http://ids.clld.org/parameters/2-341>		<http://ids.clld.org/values/2-341-823-1>		"ßɨʌt.4"@scb-x-rucc1239	
"хьыдылды"@rut	<http://ids.clld.org/values/2-240-527-1>		<http://ids.clld.org/parameters/2-240>		<http://ids.clld.org/values/2-240-823-1>		"kj.3"@scb-x-rucc1239	
"тІурфан"@rut	<http://ids.clld.org/values/1-580-527-1>		<http://ids.clld.org/parameters/1-580>		<http://ids.clld.org/values/1-580-823-1>		"pa:w.4"@scb-x-rucc1239	
"хьыдылды"@rut-x-ixre1238	<http://ids.clld.org/values/2-320-528-3>		<http://ids.clld.org/parameters/2-320>		<http://ids.clld.org/values/2-320-823-1>		"makj.3"@scb-x-rucc1239	
"ахъ"@rut	<http://ids.clld.org/values/1-630-66-1>		<http://ids.clld.org/parameters/1-630>		<http://ids.clld.org/values/1-630-823-1>		"pɔ:ŋ.3"@scb-x-rucc1239	
"хаІл"@rut-x-shin1265	<http://ids.clld.org/values/1-510-530-1>		<http://ids.clld.org/parameters/1-510>		<http://ids.clld.org/values/1-510-823-1>		"plə:j.2"@scb-x-rucc1239	
"нецІ"@rut-x-shin1265	<http://ids.clld.org/values/1-360-530-1>		<http://ids.clld.org/parameters/1-360>		<http://ids.clld.org/values/1-360-823-1>		"ju:ŋ.4"@scb-x-rucc1239	
"нецІ"@rut-x-shin1265	<http://ids.clld.org/values/1-360-530-1>		<http://ids.clld.org/parameters/1-360>		<http://ids.clld.org/values/1-360-823-2>		"cərɔ:k.3"@scb-x-rucc1239	
"руг"@rut-x-shin1265	<http://ids.clld.org/values/1-213-530-3>		<http://ids.clld.org/parameters/1-213>		<http://ids.clld.org/values/1-213-823-1>		"kəhɔ:j.3"@scb-x-rucc1239	
"рыІхъ"@rut-x-ixre1238	<http://ids.clld.org/values/1-840-528-1>		<http://ids.clld.org/parameters/1-840>		<http://ids.clld.org/values/1-840-823-1>		"tapeh.1"@scb-x-rucc1239	
"эвлемиш йишин"@rut	<http://ids.clld.org/values/2-330-527-1>		<http://ids.clld.org/parameters/2-330>		<http://ids.clld.org/values/2-330-823-2>		"lj.4 maku:ń.3"@scb-x-rucc1239	
"эвлемиш йишин"@rut	<http://ids.clld.org/values/2-330-527-1>		<http://ids.clld.org/parameters/2-330>		<http://ids.clld.org/values/2-330-823-3>		"dɔ:ŋ.1"@scb-x-rucc1239	
"эвлемиш йишин"@rut	<http://ids.clld.org/values/2-330-527-1>		<http://ids.clld.org/parameters/2-330>		<http://ids.clld.org/values/2-330-823-1>		"lj.4 makj.3"@scb-x-rucc1239	
"рыш"@rut-x-ixre1238	<http://ids.clld.org/values/2-420-528-1>		<http://ids.clld.org/parameters/2-420>		<http://ids.clld.org/values/2-420-823-1>		"kɔ:n.1 pukj.3"@scb-x-rucc1239	
"навкь"@rut	<http://ids.clld.org/values/1-212-527-3>		<http://ids.clld.org/parameters/1-212>		<http://ids.clld.org/values/1-212-823-1>		"bə:n.3"@scb-x-rucc1239	
"илсан"@rut	<http://ids.clld.org/values/2-100-527-1>		<http://ids.clld.org/parameters/2-100>		<http://ids.clld.org/values/2-100-823-1>		"ŋa:j.2"@scb-x-rucc1239	
"дид"@rut-x-ixre1238	<http://ids.clld.org/values/2-350-528-1>		<http://ids.clld.org/parameters/2-350>		<http://ids.clld.org/values/2-350-823-1>		"pɨ.4"@scb-x-rucc1239	
"туз"@rut-x-ixre1238	<http://ids.clld.org/values/1-213-529-3>		<http://ids.clld.org/parameters/1-213>		<http://ids.clld.org/values/1-213-823-1>		"kəhɔ:j.3"@scb-x-rucc1239	
"къаье"@rut-x-ixre1238	<http://ids.clld.org/values/1-222-528-1>		<http://ids.clld.org/parameters/1-222>		<http://ids.clld.org/values/1-222-823-1>		"kupə:ŋ.1"@scb-x-rucc1239	
"къирав"@rut	<http://ids.clld.org/values/1-640-66-1>		<http://ids.clld.org/parameters/1-640>		<http://ids.clld.org/values/1-640-823-1>		"da:k.3 mw.2"@scb-x-rucc1239	
"былах"@rut	<http://ids.clld.org/values/1-370-527-1>		<http://ids.clld.org/parameters/1-370>		<http://ids.clld.org/values/1-370-823-1>		"ru:k.4"@scb-x-rucc1239	
"кІаъды шу"@rut-x-shin1265	<http://ids.clld.org/values/2-445-530-1>		<http://ids.clld.org/parameters/2-445>		<http://ids.clld.org/values/2-445-823-1>		"ceɛ.4"@scb-x-rucc1239	
"сув"@rut	<http://ids.clld.org/values/1-220-527-1>		<http://ids.clld.org/parameters/1-220>		<http://ids.clld.org/values/1-220-823-2>		"do:l.1"@scb-x-rucc1239	
"сув"@rut	<http://ids.clld.org/values/1-220-527-1>		<http://ids.clld.org/parameters/1-220>		<http://ids.clld.org/values/1-220-823-1>		"cɨ:t.3"@scb-x-rucc1239	
"чIир"@rut-x-shin1265	<http://ids.clld.org/values/1-212-530-3>		<http://ids.clld.org/parameters/1-212>		<http://ids.clld.org/values/1-212-823-1>		"bə:n.3"@scb-x-rucc1239	
