"maahuŋa"@mi	<http://ids.clld.org/values/4-200-236-5>		<http://ids.clld.org/parameters/4-200>		<http://ids.clld.org/values/4-200-280-1>		"'mapo"@pcp	
"peepi"@mi	<http://ids.clld.org/values/2-280-236-1>		<http://ids.clld.org/parameters/2-280>		<http://ids.clld.org/values/2-280-280-1>		"'wakɨ 'pistia"@pcp	
"maara"@mi	<http://ids.clld.org/values/8-120-236-1>		<http://ids.clld.org/parameters/8-120>		<http://ids.clld.org/values/8-120-280-1>		"'wai"@pcp	
"pane-pane"@mi	<http://ids.clld.org/values/4-200-236-11>		<http://ids.clld.org/parameters/4-200>		<http://ids.clld.org/values/4-200-280-1>		"'mapo"@pcp	
"aho"@mi	<http://ids.clld.org/values/9-190-236-9>		<http://ids.clld.org/parameters/9-190>		<http://ids.clld.org/values/9-190-280-1>		"'taška"@pcp	
"maŋai"@mi	<http://ids.clld.org/values/4-240-236-3>		<http://ids.clld.org/parameters/4-240>		<http://ids.clld.org/values/4-240-280-1>		"kɨ'wɨči"@pcp	
"rua"@mi	<http://ids.clld.org/values/12-850-236-5>		<http://ids.clld.org/parameters/12-850>		<http://ids.clld.org/values/12-850-280-1>		"'kini"@pcp	
"paahau"@mi	<http://ids.clld.org/values/4-142-236-1>		<http://ids.clld.org/parameters/4-142>		<http://ids.clld.org/values/4-142-280-1>		"'kɨni"@pcp	
"nohi-nohi"@mi	<http://ids.clld.org/values/12-560-236-3>		<http://ids.clld.org/parameters/12-560>		<http://ids.clld.org/values/12-560-280-1>		"'mišni"@pcp	
"auahi"@mi	<http://ids.clld.org/values/1-830-236-3>		<http://ids.clld.org/parameters/1-830>		<http://ids.clld.org/values/1-830-280-1>		"ko'ʔina"@pcp	
"huru"@mi	<http://ids.clld.org/values/4-140-236-3>		<http://ids.clld.org/parameters/4-140>		<http://ids.clld.org/values/4-140-280-1>		"'woo"@pcp	
"wae-wae"@mi	<http://ids.clld.org/values/4-350-236-1>		<http://ids.clld.org/parameters/4-350>		<http://ids.clld.org/values/4-350-280-1>		"'wiko"@pcp	
"paiaka"@mi	<http://ids.clld.org/values/8-540-236-3>		<http://ids.clld.org/parameters/8-540>		<http://ids.clld.org/values/8-540-280-1>		"ta'pono"@pcp	
"tohu-ŋia"@mi	<http://ids.clld.org/values/15-550-236-5>		<http://ids.clld.org/parameters/15-550>		<http://ids.clld.org/values/15-550-280-1>		"hi-'maki"@pcp	
"ao"@mi	<http://ids.clld.org/values/1-210-236-1>		<http://ids.clld.org/parameters/1-210>		<http://ids.clld.org/values/1-210-280-1>		"'mai"@pcp	
"manu"@mi	<http://ids.clld.org/values/3-581-236-1>		<http://ids.clld.org/parameters/3-581>		<http://ids.clld.org/values/3-581-280-1>		"'isko"@pcp	
"riŋa(riŋa)"@mi	<http://ids.clld.org/values/4-310-236-1>		<http://ids.clld.org/parameters/4-310>		<http://ids.clld.org/values/4-310-280-1>		"po'yana"@pcp	
"taŋata"@mi	<http://ids.clld.org/values/2-210-236-1>		<http://ids.clld.org/parameters/2-210>		<http://ids.clld.org/values/2-210-280-1>		"'honi"@pcp	
"tohu"@mi	<http://ids.clld.org/values/15-550-236-1>		<http://ids.clld.org/parameters/15-550>		<http://ids.clld.org/values/15-550-280-1>		"hi-'maki"@pcp	
"upoko"@mi	<http://ids.clld.org/values/4-200-236-1>		<http://ids.clld.org/parameters/4-200>		<http://ids.clld.org/values/4-200-280-1>		"'mapo"@pcp	
"mata"@mi	<http://ids.clld.org/values/4-210-236-5>		<http://ids.clld.org/parameters/4-210>		<http://ids.clld.org/values/4-210-280-1>		"'wɨřo"@pcp	
"kaaiŋa"@mi	<http://ids.clld.org/values/7-120-236-3>		<http://ids.clld.org/parameters/7-120>		<http://ids.clld.org/values/7-120-280-1>		"'ṣ̌owo"@pcp	
"maŋa"@mi	<http://ids.clld.org/values/1-360-236-3>		<http://ids.clld.org/parameters/1-360>		<http://ids.clld.org/values/1-360-280-1>		"'ʔani"@pcp	
"maŋa"@mi	<http://ids.clld.org/values/1-360-236-3>		<http://ids.clld.org/parameters/1-360>		<http://ids.clld.org/values/1-360-280-3>		"'pao"@pcp	
"tapahi-a"@mi	<http://ids.clld.org/values/9-220-236-5>		<http://ids.clld.org/parameters/9-220>		<http://ids.clld.org/values/9-220-280-1>		"'kɨɨsakia"@pcp	
"ruru"@mi	<http://ids.clld.org/values/3-596-236-1>		<http://ids.clld.org/parameters/3-596>		<http://ids.clld.org/values/3-596-280-1>		"'popo"@pcp	
"makawe"@mi	<http://ids.clld.org/values/4-140-236-1>		<http://ids.clld.org/parameters/4-140>		<http://ids.clld.org/values/4-140-280-1>		"'woo"@pcp	
"naeroa"@mi	<http://ids.clld.org/values/3-831-236-5>		<http://ids.clld.org/parameters/3-831>		<http://ids.clld.org/values/3-831-280-1>		"'šio"@pcp	
"naeroa"@mi	<http://ids.clld.org/values/3-831-236-5>		<http://ids.clld.org/parameters/3-831>		<http://ids.clld.org/values/3-831-280-3>		"'čio"@pcp	
"kite-a"@mi	<http://ids.clld.org/values/15-510-236-1>		<http://ids.clld.org/parameters/15-510>		<http://ids.clld.org/values/15-510-280-1>		"his'pa"@pcp	
"kite-a"@mi	<http://ids.clld.org/values/15-510-236-1>		<http://ids.clld.org/parameters/15-510>		<http://ids.clld.org/values/15-510-280-3>		"'hisna"@pcp	
"ihu"@mi	<http://ids.clld.org/values/4-230-236-1>		<http://ids.clld.org/parameters/4-230>		<http://ids.clld.org/values/4-230-280-1>		"řɨ'kina"@pcp	
"epa-ina"@mi	<http://ids.clld.org/values/4-120-236-7>		<http://ids.clld.org/parameters/4-120>		<http://ids.clld.org/values/4-120-280-1>		"'wiči"@pcp	
"marama"@mi	<http://ids.clld.org/values/1-530-236-1>		<http://ids.clld.org/parameters/1-530>		<http://ids.clld.org/values/1-530-280-1>		"'ʔoṣ̌ɨ"@pcp	
"kanohi"@mi	<http://ids.clld.org/values/4-210-236-1>		<http://ids.clld.org/parameters/4-210>		<http://ids.clld.org/values/4-210-280-1>		"'wɨřo"@pcp	
"arero"@mi	<http://ids.clld.org/values/4-260-236-1>		<http://ids.clld.org/parameters/4-260>		<http://ids.clld.org/values/4-260-280-1>		"'hana"@pcp	
"waeroa"@mi	<http://ids.clld.org/values/3-831-236-3>		<http://ids.clld.org/parameters/3-831>		<http://ids.clld.org/values/3-831-280-1>		"'šio"@pcp	
"waeroa"@mi	<http://ids.clld.org/values/3-831-236-3>		<http://ids.clld.org/parameters/3-831>		<http://ids.clld.org/values/3-831-280-3>		"'čio"@pcp	
"horoi-a"@mi	<http://ids.clld.org/values/9-360-236-1>		<http://ids.clld.org/parameters/9-360>		<http://ids.clld.org/values/9-360-280-1>		"'aši"@pcp	
"au"@mi	<http://ids.clld.org/values/2-910-236-1>		<http://ids.clld.org/parameters/2-910>		<http://ids.clld.org/values/2-910-280-1>		"'ɨa"@pcp	
"kooraa"@mi	<http://ids.clld.org/values/12-440-236-5>		<http://ids.clld.org/parameters/12-440>		<http://ids.clld.org/values/12-440-280-1>		"nɨ'ama"@pcp	
"kopua"@mi	<http://ids.clld.org/values/1-730-236-5>		<http://ids.clld.org/parameters/1-730>		<http://ids.clld.org/values/1-730-280-1>		"'c̷ɨmo"@pcp	
"whenua"@mi	<http://ids.clld.org/values/1-210-236-3>		<http://ids.clld.org/parameters/1-210>		<http://ids.clld.org/values/1-210-280-1>		"'mai"@pcp	
"tama"@mi	<http://ids.clld.org/values/2-210-236-5>		<http://ids.clld.org/parameters/2-210>		<http://ids.clld.org/values/2-210-280-1>		"'honi"@pcp	
"Maamaa"@mi	<http://ids.clld.org/values/2-360-236-9>		<http://ids.clld.org/parameters/2-360>		<http://ids.clld.org/values/2-360-280-1>		"'kai"@pcp	
"iti"@mi	<http://ids.clld.org/values/12-560-236-1>		<http://ids.clld.org/parameters/12-560>		<http://ids.clld.org/values/12-560-280-1>		"'mišni"@pcp	
"paku-paku"@mi	<http://ids.clld.org/values/12-560-236-5>		<http://ids.clld.org/parameters/12-560>		<http://ids.clld.org/values/12-560-280-1>		"'mišni"@pcp	
"moroiti"@mi	<http://ids.clld.org/values/12-560-236-9>		<http://ids.clld.org/parameters/12-560>		<http://ids.clld.org/values/12-560-280-1>		"'mišni"@pcp	
"riŋa"@mi	<http://ids.clld.org/values/4-330-236-3>		<http://ids.clld.org/parameters/4-330>		<http://ids.clld.org/values/4-330-280-1>		"mɨ'kɨna"@pcp	
"wahine"@mi	<http://ids.clld.org/values/2-220-236-1>		<http://ids.clld.org/parameters/2-220>		<http://ids.clld.org/values/2-220-280-1>		"'yoṣ̌a"@pcp	
"whaka-koi-a"@mi	<http://ids.clld.org/values/15-780-236-3>		<http://ids.clld.org/parameters/15-780>		<http://ids.clld.org/values/15-780-280-1>		"'ɨika"@pcp	
"koowhao"@mi	<http://ids.clld.org/values/12-850-236-7>		<http://ids.clld.org/parameters/12-850>		<http://ids.clld.org/values/12-850-280-1>		"'kini"@pcp	
"raa"@mi	<http://ids.clld.org/values/1-520-236-1>		<http://ids.clld.org/parameters/1-520>		<http://ids.clld.org/values/1-520-280-1>		"'waři"@pcp	
"oowhaŋa"@mi	<http://ids.clld.org/values/3-580-236-3>		<http://ids.clld.org/parameters/3-580>		<http://ids.clld.org/values/3-580-280-1>		"'naʔa"@pcp	
"paraaoa"@mi	<http://ids.clld.org/values/5-550-236-3>		<http://ids.clld.org/parameters/5-550>		<http://ids.clld.org/values/5-550-280-1>		"'moto"@pcp	
"wahie"@mi	<http://ids.clld.org/values/1-880-236-1>		<http://ids.clld.org/parameters/1-880>		<http://ids.clld.org/values/1-880-280-1>		"'kařo"@pcp	
"awatea"@mi	<http://ids.clld.org/values/14-410-236-5>		<http://ids.clld.org/parameters/14-410>		<http://ids.clld.org/values/14-410-280-1>		"'waři"@pcp	
"iia"@mi	<http://ids.clld.org/values/2-930-236-3>		<http://ids.clld.org/parameters/2-930>		<http://ids.clld.org/values/2-930-280-1>		"'haa"@pcp	
"pakiaka"@mi	<http://ids.clld.org/values/8-540-236-1>		<http://ids.clld.org/parameters/8-540>		<http://ids.clld.org/values/8-540-280-1>		"ta'pono"@pcp	
"whatitiri"@mi	<http://ids.clld.org/values/1-560-236-1>		<http://ids.clld.org/parameters/1-560>		<http://ids.clld.org/values/1-560-280-1>		"'naina"@pcp	
"whetuu"@mi	<http://ids.clld.org/values/1-540-236-1>		<http://ids.clld.org/parameters/1-540>		<http://ids.clld.org/values/1-540-280-1>		"'wištima"@pcp	
"reka"@mi	<http://ids.clld.org/values/15-350-236-1>		<http://ids.clld.org/parameters/15-350>		<http://ids.clld.org/values/15-350-280-1>		"tɨ'ɨ"@pcp	
"awau"@mi	<http://ids.clld.org/values/2-910-236-5>		<http://ids.clld.org/parameters/2-910>		<http://ids.clld.org/values/2-910-280-1>		"'ɨa"@pcp	
"raŋi"@mi	<http://ids.clld.org/values/14-410-236-3>		<http://ids.clld.org/parameters/14-410>		<http://ids.clld.org/values/14-410-280-1>		"'waři"@pcp	
"puta"@mi	<http://ids.clld.org/values/12-850-236-3>		<http://ids.clld.org/parameters/12-850>		<http://ids.clld.org/values/12-850-280-1>		"'kini"@pcp	
"hia-kai"@mi	<http://ids.clld.org/values/5-140-236-3>		<http://ids.clld.org/parameters/5-140>		<http://ids.clld.org/values/5-140-280-1>		"paṣ̌na'hai"@pcp	
"ua"@mi	<http://ids.clld.org/values/1-750-236-1>		<http://ids.clld.org/parameters/1-750>		<http://ids.clld.org/values/1-750-280-3>		"ʔo'i"@pcp	
"ua"@mi	<http://ids.clld.org/values/1-750-236-1>		<http://ids.clld.org/parameters/1-750>		<http://ids.clld.org/values/1-750-280-1>		"o'i"@pcp	
"tea"@mi	<http://ids.clld.org/values/15-640-236-3>		<http://ids.clld.org/parameters/15-640>		<http://ids.clld.org/values/15-640-280-1>		"'hoṣ̌o"@pcp	
"kookaa"@mi	<http://ids.clld.org/values/2-360-236-7>		<http://ids.clld.org/parameters/2-360>		<http://ids.clld.org/values/2-360-280-1>		"'kai"@pcp	
"waawahi"@mi	<http://ids.clld.org/values/9-270-236-3>		<http://ids.clld.org/parameters/9-270>		<http://ids.clld.org/values/9-270-280-1>		"ma'tošmaki"@pcp	
"tawhiti"@mi	<http://ids.clld.org/values/12-440-236-1>		<http://ids.clld.org/parameters/12-440>		<http://ids.clld.org/values/12-440-280-1>		"nɨ'ama"@pcp	
"kiri"@mi	<http://ids.clld.org/values/4-120-236-1>		<http://ids.clld.org/parameters/4-120>		<http://ids.clld.org/values/4-120-280-1>		"'wiči"@pcp	
"nae-nae"@mi	<http://ids.clld.org/values/3-831-236-7>		<http://ids.clld.org/parameters/3-831>		<http://ids.clld.org/values/3-831-280-1>		"'šio"@pcp	
"nae-nae"@mi	<http://ids.clld.org/values/3-831-236-7>		<http://ids.clld.org/parameters/3-831>		<http://ids.clld.org/values/3-831-280-3>		"'čio"@pcp	
"kamo"@mi	<http://ids.clld.org/values/4-210-236-7>		<http://ids.clld.org/parameters/4-210>		<http://ids.clld.org/values/4-210-280-1>		"'wɨřo"@pcp	
"wahine"@mi	<http://ids.clld.org/values/2-320-236-1>		<http://ids.clld.org/parameters/2-320>		<http://ids.clld.org/values/2-320-280-1>		"ʔa'wini"@pcp	
"mea-tia"@mi	<http://ids.clld.org/values/9-110-236-3>		<http://ids.clld.org/parameters/9-110>		<http://ids.clld.org/values/9-110-280-1>		"i'wɨ"@pcp	
"kokoti"@mi	<http://ids.clld.org/values/9-220-236-1>		<http://ids.clld.org/parameters/9-220>		<http://ids.clld.org/values/9-220-280-1>		"'kɨɨsakia"@pcp	
"paapaa"@mi	<http://ids.clld.org/values/2-350-236-1>		<http://ids.clld.org/parameters/2-350>		<http://ids.clld.org/values/2-350-280-1>		"'ɨpa"@pcp	
"paapaa"@mi	<http://ids.clld.org/values/2-350-236-1>		<http://ids.clld.org/parameters/2-350>		<http://ids.clld.org/values/2-350-280-3>		"'ʔɨpa"@pcp	
"kaha"@mi	<http://ids.clld.org/values/9-190-236-3>		<http://ids.clld.org/parameters/9-190>		<http://ids.clld.org/values/9-190-280-1>		"'taška"@pcp	
"hua manu"@mi	<http://ids.clld.org/values/5-970-236-1>		<http://ids.clld.org/parameters/5-970>		<http://ids.clld.org/values/5-970-280-1>		"'wači"@pcp	
"heeki"@mi	<http://ids.clld.org/values/5-970-236-3>		<http://ids.clld.org/parameters/5-970>		<http://ids.clld.org/values/5-970-280-1>		"'wači"@pcp	
"maahuna"@mi	<http://ids.clld.org/values/4-200-236-7>		<http://ids.clld.org/parameters/4-200>		<http://ids.clld.org/values/4-200-280-1>		"'mapo"@pcp	
"waka"@mi	<http://ids.clld.org/values/10-831-236-1>		<http://ids.clld.org/parameters/10-831>		<http://ids.clld.org/values/10-831-280-1>		"'noti"@pcp	
"manawa"@mi	<http://ids.clld.org/values/4-440-236-1>		<http://ids.clld.org/parameters/4-440>		<http://ids.clld.org/values/4-440-280-1>		"howi'ti"@pcp	
"niho"@mi	<http://ids.clld.org/values/4-270-236-1>		<http://ids.clld.org/parameters/4-270>		<http://ids.clld.org/values/4-270-280-1>		"'ṣ̌ɨna"@pcp	
"puaawai puti-puti"@mi	<http://ids.clld.org/values/8-570-236-5>		<http://ids.clld.org/parameters/8-570>		<http://ids.clld.org/values/8-570-280-3>		"řeṣ̌'pana"@pcp	
"puaawai puti-puti"@mi	<http://ids.clld.org/values/8-570-236-5>		<http://ids.clld.org/parameters/8-570>		<http://ids.clld.org/values/8-570-280-1>		"'hoa"@pcp	
"wai"@mi	<http://ids.clld.org/values/1-360-236-5>		<http://ids.clld.org/parameters/1-360>		<http://ids.clld.org/values/1-360-280-1>		"'ʔani"@pcp	
"wai"@mi	<http://ids.clld.org/values/1-360-236-5>		<http://ids.clld.org/parameters/1-360>		<http://ids.clld.org/values/1-360-280-3>		"'pao"@pcp	
"maraŋai"@mi	<http://ids.clld.org/values/1-750-236-5>		<http://ids.clld.org/parameters/1-750>		<http://ids.clld.org/values/1-750-280-3>		"ʔo'i"@pcp	
"maraŋai"@mi	<http://ids.clld.org/values/1-750-236-5>		<http://ids.clld.org/parameters/1-750>		<http://ids.clld.org/values/1-750-280-1>		"o'i"@pcp	
"kaapura"@mi	<http://ids.clld.org/values/1-810-236-3>		<http://ids.clld.org/parameters/1-810>		<http://ids.clld.org/values/1-810-280-1>		"'čiʔi"@pcp	
"tariŋa"@mi	<http://ids.clld.org/values/4-220-236-1>		<http://ids.clld.org/parameters/4-220>		<http://ids.clld.org/values/4-220-280-1>		"'paʔoki"@pcp	
"wheua"@mi	<http://ids.clld.org/values/4-160-236-3>		<http://ids.clld.org/parameters/4-160>		<http://ids.clld.org/values/4-160-280-1>		"'ṣ̌ao"@pcp	
"raŋi"@mi	<http://ids.clld.org/values/1-510-236-1>		<http://ids.clld.org/parameters/1-510>		<http://ids.clld.org/values/1-510-280-1>		"na'ipa"@pcp	
"taawaahi"@mi	<http://ids.clld.org/values/12-440-236-3>		<http://ids.clld.org/parameters/12-440>		<http://ids.clld.org/values/12-440-280-1>		"nɨ'ama"@pcp	
"raakau"@mi	<http://ids.clld.org/values/1-420-236-1>		<http://ids.clld.org/parameters/1-420>		<http://ids.clld.org/values/1-420-280-1>		"'hiwi"@pcp	
"taimaha"@mi	<http://ids.clld.org/values/15-810-236-1>		<http://ids.clld.org/parameters/15-810>		<http://ids.clld.org/values/15-810-280-1>		"'iwɨ"@pcp	
"waha"@mi	<http://ids.clld.org/values/4-240-236-5>		<http://ids.clld.org/parameters/4-240>		<http://ids.clld.org/values/4-240-280-1>		"kɨ'wɨči"@pcp	
"rua"@mi	<http://ids.clld.org/values/13-20-236-1>		<http://ids.clld.org/parameters/13-20>		<http://ids.clld.org/values/13-20-280-1>		"ra'wɨ"@pcp	
"kanoi"@mi	<http://ids.clld.org/values/9-190-236-7>		<http://ids.clld.org/parameters/9-190>		<http://ids.clld.org/values/9-190-280-1>		"'taška"@pcp	
"paraoa(puu-rere)"@mi	<http://ids.clld.org/values/5-550-236-1>		<http://ids.clld.org/parameters/5-550>		<http://ids.clld.org/values/5-550-280-1>		"'moto"@pcp	
"raa"@mi	<http://ids.clld.org/values/14-410-236-1>		<http://ids.clld.org/parameters/14-410>		<http://ids.clld.org/values/14-410-280-1>		"'waři"@pcp	
"waahi-a"@mi	<http://ids.clld.org/values/9-270-236-1>		<http://ids.clld.org/parameters/9-270>		<http://ids.clld.org/values/9-270-280-1>		"ma'tošmaki"@pcp	
"maaŋai"@mi	<http://ids.clld.org/values/4-240-236-1>		<http://ids.clld.org/parameters/4-240>		<http://ids.clld.org/values/4-240-280-1>		"kɨ'wɨči"@pcp	
"hemo-kai"@mi	<http://ids.clld.org/values/5-140-236-1>		<http://ids.clld.org/parameters/5-140>		<http://ids.clld.org/values/5-140-280-1>		"paṣ̌na'hai"@pcp	
"maateŋa"@mi	<http://ids.clld.org/values/4-200-236-3>		<http://ids.clld.org/parameters/4-200>		<http://ids.clld.org/values/4-200-280-1>		"'mapo"@pcp	
"toto"@mi	<http://ids.clld.org/values/4-150-236-1>		<http://ids.clld.org/parameters/4-150>		<http://ids.clld.org/values/4-150-280-1>		"'himi"@pcp	
"pua"@mi	<http://ids.clld.org/values/8-570-236-1>		<http://ids.clld.org/parameters/8-570>		<http://ids.clld.org/values/8-570-280-3>		"řeṣ̌'pana"@pcp	
"pua"@mi	<http://ids.clld.org/values/8-570-236-1>		<http://ids.clld.org/parameters/8-570>		<http://ids.clld.org/values/8-570-280-1>		"'hoa"@pcp	
"taumaha"@mi	<http://ids.clld.org/values/15-810-236-3>		<http://ids.clld.org/parameters/15-810>		<http://ids.clld.org/values/15-810-280-1>		"'iwɨ"@pcp	
"kite"@mi	<http://ids.clld.org/values/15-510-236-5>		<http://ids.clld.org/parameters/15-510>		<http://ids.clld.org/values/15-510-280-1>		"his'pa"@pcp	
"kite"@mi	<http://ids.clld.org/values/15-510-236-5>		<http://ids.clld.org/parameters/15-510>		<http://ids.clld.org/values/15-510-280-3>		"'hisna"@pcp	
"peka"@mi	<http://ids.clld.org/values/1-880-236-3>		<http://ids.clld.org/parameters/1-880>		<http://ids.clld.org/values/1-880-280-1>		"'kařo"@pcp	
"toki"@mi	<http://ids.clld.org/values/9-250-236-1>		<http://ids.clld.org/parameters/9-250>		<http://ids.clld.org/values/9-250-280-1>		"[hača]"@pcp	
"mata-kite"@mi	<http://ids.clld.org/values/15-510-236-3>		<http://ids.clld.org/parameters/15-510>		<http://ids.clld.org/values/15-510-280-1>		"his'pa"@pcp	
"mata-kite"@mi	<http://ids.clld.org/values/15-510-236-3>		<http://ids.clld.org/parameters/15-510>		<http://ids.clld.org/values/15-510-280-3>		"'hisna"@pcp	
"kapua"@mi	<http://ids.clld.org/values/1-730-236-1>		<http://ids.clld.org/parameters/1-730>		<http://ids.clld.org/values/1-730-280-1>		"'c̷ɨmo"@pcp	
"toimaha"@mi	<http://ids.clld.org/values/15-810-236-5>		<http://ids.clld.org/parameters/15-810>		<http://ids.clld.org/values/15-810-280-1>		"'iwɨ"@pcp	
"kaaŋa"@mi	<http://ids.clld.org/values/8-470-236-1>		<http://ids.clld.org/parameters/8-470>		<http://ids.clld.org/values/8-470-280-1>		"'ṣ̌ɨki"@pcp	
"paapaariŋa"@mi	<http://ids.clld.org/values/4-208-236-1>		<http://ids.clld.org/parameters/4-208>		<http://ids.clld.org/values/4-208-280-1>		"'tamo"@pcp	
"pii"@mi	<http://ids.clld.org/values/3-550-236-1>		<http://ids.clld.org/parameters/3-550>		<http://ids.clld.org/values/3-550-280-1>		"pati'aři"@pcp	
"haŋa-a"@mi	<http://ids.clld.org/values/9-110-236-1>		<http://ids.clld.org/parameters/9-110>		<http://ids.clld.org/values/9-110-280-1>		"i'wɨ"@pcp	
"ahau"@mi	<http://ids.clld.org/values/2-910-236-3>		<http://ids.clld.org/parameters/2-910>		<http://ids.clld.org/values/2-910-280-1>		"'ɨa"@pcp	
"koo atu"@mi	<http://ids.clld.org/values/12-440-236-7>		<http://ids.clld.org/parameters/12-440>		<http://ids.clld.org/values/12-440-280-1>		"nɨ'ama"@pcp	
"maarama"@mi	<http://ids.clld.org/values/15-550-236-3>		<http://ids.clld.org/parameters/15-550>		<http://ids.clld.org/values/15-550-280-1>		"hi-'maki"@pcp	
"nao-nao"@mi	<http://ids.clld.org/values/3-831-236-9>		<http://ids.clld.org/parameters/3-831>		<http://ids.clld.org/values/3-831-280-1>		"'šio"@pcp	
"nao-nao"@mi	<http://ids.clld.org/values/3-831-236-9>		<http://ids.clld.org/parameters/3-831>		<http://ids.clld.org/values/3-831-280-3>		"'čio"@pcp	
"tuhi-a"@mi	<http://ids.clld.org/values/15-550-236-7>		<http://ids.clld.org/parameters/15-550>		<http://ids.clld.org/values/15-550-280-1>		"hi-'maki"@pcp	
"poroka"@mi	<http://ids.clld.org/values/3-950-236-1>		<http://ids.clld.org/parameters/3-950>		<http://ids.clld.org/values/3-950-280-1>		"wɨṣ̌ko"@pcp	
"tapeha"@mi	<http://ids.clld.org/values/4-120-236-5>		<http://ids.clld.org/parameters/4-120>		<http://ids.clld.org/values/4-120-280-1>		"'wiči"@pcp	
"whaitiri"@mi	<http://ids.clld.org/values/1-560-236-3>		<http://ids.clld.org/parameters/1-560>		<http://ids.clld.org/values/1-560-280-1>		"'naina"@pcp	
"whero"@mi	<http://ids.clld.org/values/15-660-236-1>		<http://ids.clld.org/parameters/15-660>		<http://ids.clld.org/values/15-660-280-1>		"'šini"@pcp	
"riŋa-riŋa"@mi	<http://ids.clld.org/values/4-330-236-1>		<http://ids.clld.org/parameters/4-330>		<http://ids.clld.org/values/4-330-280-1>		"mɨ'kɨna"@pcp	
"puka-puka"@mi	<http://ids.clld.org/values/4-441-236-1>		<http://ids.clld.org/parameters/4-441>		<http://ids.clld.org/values/4-441-280-1>		"'taṣ̌a"@pcp	
"kura"@mi	<http://ids.clld.org/values/15-660-236-5>		<http://ids.clld.org/parameters/15-660>		<http://ids.clld.org/values/15-660-280-1>		"'šini"@pcp	
"maa"@mi	<http://ids.clld.org/values/15-640-236-1>		<http://ids.clld.org/parameters/15-640>		<http://ids.clld.org/values/15-640-280-1>		"'hoṣ̌o"@pcp	
"whare"@mi	<http://ids.clld.org/values/7-120-236-1>		<http://ids.clld.org/parameters/7-120>		<http://ids.clld.org/values/7-120-280-1>		"'ṣ̌owo"@pcp	
"koi"@mi	<http://ids.clld.org/values/15-780-236-1>		<http://ids.clld.org/parameters/15-780>		<http://ids.clld.org/values/15-780-280-1>		"'ɨika"@pcp	
"whaea"@mi	<http://ids.clld.org/values/2-360-236-3>		<http://ids.clld.org/parameters/2-360>		<http://ids.clld.org/values/2-360-280-1>		"'kai"@pcp	
"hau"@mi	<http://ids.clld.org/values/2-910-236-7>		<http://ids.clld.org/parameters/2-910>		<http://ids.clld.org/values/2-910-280-1>		"'ɨa"@pcp	
"whenua moomona"@mi	<http://ids.clld.org/values/8-120-236-3>		<http://ids.clld.org/parameters/8-120>		<http://ids.clld.org/values/8-120-280-1>		"'wai"@pcp	
"ao-hia"@mi	<http://ids.clld.org/values/1-730-236-3>		<http://ids.clld.org/parameters/1-730>		<http://ids.clld.org/values/1-730-280-1>		"'c̷ɨmo"@pcp	
"awa"@mi	<http://ids.clld.org/values/1-360-236-1>		<http://ids.clld.org/parameters/1-360>		<http://ids.clld.org/values/1-360-280-1>		"'ʔani"@pcp	
"awa"@mi	<http://ids.clld.org/values/1-360-236-1>		<http://ids.clld.org/parameters/1-360>		<http://ids.clld.org/values/1-360-280-3>		"'pao"@pcp	
"hua"@mi	<http://ids.clld.org/values/5-710-236-1>		<http://ids.clld.org/parameters/5-710>		<http://ids.clld.org/values/5-710-280-1>		"'kɨo"@pcp	
"waapi"@mi	<http://ids.clld.org/values/3-823-236-3>		<http://ids.clld.org/parameters/3-823>		<http://ids.clld.org/values/3-823-280-1>		"'wina"@pcp	
"paoa"@mi	<http://ids.clld.org/values/1-830-236-1>		<http://ids.clld.org/parameters/1-830>		<http://ids.clld.org/values/1-830-280-1>		"ko'ʔina"@pcp	
"matua wahine"@mi	<http://ids.clld.org/values/2-360-236-1>		<http://ids.clld.org/parameters/2-360>		<http://ids.clld.org/values/2-360-280-1>		"'kai"@pcp	
"rau"@mi	<http://ids.clld.org/values/8-560-236-1>		<http://ids.clld.org/parameters/8-560>		<http://ids.clld.org/values/8-560-280-1>		"'pɨʔi"@pcp	
"koo(w)haŋa"@mi	<http://ids.clld.org/values/3-580-236-1>		<http://ids.clld.org/parameters/3-580>		<http://ids.clld.org/values/3-580-280-1>		"'naʔa"@pcp	
"iwi"@mi	<http://ids.clld.org/values/4-160-236-1>		<http://ids.clld.org/parameters/4-160>		<http://ids.clld.org/values/4-160-280-1>		"'ṣ̌ao"@pcp	
"namu"@mi	<http://ids.clld.org/values/3-831-236-1>		<http://ids.clld.org/parameters/3-831>		<http://ids.clld.org/values/3-831-280-1>		"'šio"@pcp	
"namu"@mi	<http://ids.clld.org/values/3-831-236-1>		<http://ids.clld.org/parameters/3-831>		<http://ids.clld.org/values/3-831-280-3>		"'čio"@pcp	
"karu"@mi	<http://ids.clld.org/values/4-210-236-3>		<http://ids.clld.org/parameters/4-210>		<http://ids.clld.org/values/4-210-280-1>		"'wɨřo"@pcp	
"poka"@mi	<http://ids.clld.org/values/12-850-236-1>		<http://ids.clld.org/parameters/12-850>		<http://ids.clld.org/values/12-850-280-1>		"'kini"@pcp	
"wae-wae"@mi	<http://ids.clld.org/values/4-370-236-1>		<http://ids.clld.org/parameters/4-370>		<http://ids.clld.org/values/4-370-280-1>		"'taʔɨ"@pcp	
"kikowhiti"@mi	<http://ids.clld.org/values/4-310-236-3>		<http://ids.clld.org/parameters/4-310>		<http://ids.clld.org/values/4-310-280-1>		"po'yana"@pcp	
"waahine"@mi	<http://ids.clld.org/values/2-220-236-3>		<http://ids.clld.org/parameters/2-220>		<http://ids.clld.org/values/2-220-280-1>		"'yoṣ̌a"@pcp	
"naeroa"@mi	<http://ids.clld.org/values/3-832-236-3>		<http://ids.clld.org/parameters/3-832>		<http://ids.clld.org/values/3-832-280-1>		"'wii"@pcp	
"taura"@mi	<http://ids.clld.org/values/9-190-236-1>		<http://ids.clld.org/parameters/9-190>		<http://ids.clld.org/values/9-190-280-1>		"'taška"@pcp	
"ŋaakau"@mi	<http://ids.clld.org/values/4-440-236-3>		<http://ids.clld.org/parameters/4-440>		<http://ids.clld.org/values/4-440-280-1>		"howi'ti"@pcp	
"taane"@mi	<http://ids.clld.org/values/2-210-236-3>		<http://ids.clld.org/parameters/2-210>		<http://ids.clld.org/values/2-210-280-1>		"'honi"@pcp	
"ia"@mi	<http://ids.clld.org/values/2-930-236-1>		<http://ids.clld.org/parameters/2-930>		<http://ids.clld.org/values/2-930-280-1>		"'haa"@pcp	
"whatu"@mi	<http://ids.clld.org/values/4-210-236-9>		<http://ids.clld.org/parameters/4-210>		<http://ids.clld.org/values/4-210-280-1>		"'wɨřo"@pcp	
"naenae"@mi	<http://ids.clld.org/values/3-832-236-5>		<http://ids.clld.org/parameters/3-832>		<http://ids.clld.org/values/3-832-280-1>		"'wii"@pcp	
"kaaiŋa tupu"@mi	<http://ids.clld.org/values/7-120-236-5>		<http://ids.clld.org/parameters/7-120>		<http://ids.clld.org/values/7-120-280-1>		"'ṣ̌owo"@pcp	
"paku"@mi	<http://ids.clld.org/values/12-560-236-7>		<http://ids.clld.org/parameters/12-560>		<http://ids.clld.org/values/12-560-280-1>		"'mišni"@pcp	
"ao"@mi	<http://ids.clld.org/values/14-410-236-7>		<http://ids.clld.org/parameters/14-410>		<http://ids.clld.org/values/14-410-280-1>		"'waři"@pcp	
"puŋarehu"@mi	<http://ids.clld.org/values/1-840-236-1>		<http://ids.clld.org/parameters/1-840>		<http://ids.clld.org/values/1-840-280-1>		"'mišpo"@pcp	
"taane"@mi	<http://ids.clld.org/values/2-310-236-1>		<http://ids.clld.org/parameters/2-310>		<http://ids.clld.org/values/2-310-280-1>		"'wɨnɨ"@pcp	
"ŋaarara"@mi	<http://ids.clld.org/values/3-810-236-3>		<http://ids.clld.org/parameters/3-810>		<http://ids.clld.org/values/3-810-280-1>		"wɨ'oso"@pcp	
"kaakaa"@mi	<http://ids.clld.org/values/3-592-236-1>		<http://ids.clld.org/parameters/3-592>		<http://ids.clld.org/values/3-592-280-1>		"'wawa"@pcp	
"peha"@mi	<http://ids.clld.org/values/4-120-236-9>		<http://ids.clld.org/parameters/4-120>		<http://ids.clld.org/values/4-120-280-1>		"'wiči"@pcp	
"whaaea"@mi	<http://ids.clld.org/values/2-360-236-5>		<http://ids.clld.org/parameters/2-360>		<http://ids.clld.org/values/2-360-280-1>		"'kai"@pcp	
"haehae-a"@mi	<http://ids.clld.org/values/9-220-236-3>		<http://ids.clld.org/parameters/9-220>		<http://ids.clld.org/values/9-220-280-1>		"'kɨɨsakia"@pcp	
"pane"@mi	<http://ids.clld.org/values/4-200-236-9>		<http://ids.clld.org/parameters/4-200>		<http://ids.clld.org/values/4-200-280-1>		"'mapo"@pcp	
"matua taane"@mi	<http://ids.clld.org/values/2-350-236-3>		<http://ids.clld.org/parameters/2-350>		<http://ids.clld.org/values/2-350-280-1>		"'ɨpa"@pcp	
"matua taane"@mi	<http://ids.clld.org/values/2-350-236-3>		<http://ids.clld.org/parameters/2-350>		<http://ids.clld.org/values/2-350-280-3>		"'ʔɨpa"@pcp	
"waapu"@mi	<http://ids.clld.org/values/3-823-236-1>		<http://ids.clld.org/parameters/3-823>		<http://ids.clld.org/values/3-823-280-1>		"'wina"@pcp	
"ahi"@mi	<http://ids.clld.org/values/1-810-236-1>		<http://ids.clld.org/parameters/1-810>		<http://ids.clld.org/values/1-810-280-1>		"'čiʔi"@pcp	
"ika"@mi	<http://ids.clld.org/values/3-650-236-1>		<http://ids.clld.org/parameters/3-650>		<http://ids.clld.org/values/3-650-280-3>		"'woɨ"@pcp	
"ika"@mi	<http://ids.clld.org/values/3-650-236-1>		<http://ids.clld.org/parameters/3-650>		<http://ids.clld.org/values/3-650-280-1>		"sa'nino"@pcp	
"ropi"@mi	<http://ids.clld.org/values/9-190-236-5>		<http://ids.clld.org/parameters/9-190>		<http://ids.clld.org/values/9-190-280-1>		"'taška"@pcp	
"wawae-a"@mi	<http://ids.clld.org/values/9-220-236-7>		<http://ids.clld.org/parameters/9-220>		<http://ids.clld.org/values/9-220-280-1>		"'kɨɨsakia"@pcp	
"tua-rua"@mi	<http://ids.clld.org/values/13-20-236-3>		<http://ids.clld.org/parameters/13-20>		<http://ids.clld.org/values/13-20-280-1>		"ra'wɨ"@pcp	
"puaawai"@mi	<http://ids.clld.org/values/8-570-236-3>		<http://ids.clld.org/parameters/8-570>		<http://ids.clld.org/values/8-570-280-3>		"řeṣ̌'pana"@pcp	
"puaawai"@mi	<http://ids.clld.org/values/8-570-236-3>		<http://ids.clld.org/parameters/8-570>		<http://ids.clld.org/values/8-570-280-1>		"'hoa"@pcp	
"hiako"@mi	<http://ids.clld.org/values/4-120-236-3>		<http://ids.clld.org/parameters/4-120>		<http://ids.clld.org/values/4-120-280-1>		"'wiči"@pcp	
"peepeke"@mi	<http://ids.clld.org/values/3-810-236-1>		<http://ids.clld.org/parameters/3-810>		<http://ids.clld.org/values/3-810-280-1>		"wɨ'oso"@pcp	
"waeroa"@mi	<http://ids.clld.org/values/3-832-236-1>		<http://ids.clld.org/parameters/3-832>		<http://ids.clld.org/values/3-832-280-1>		"'wii"@pcp	
"kookoowai"@mi	<http://ids.clld.org/values/15-660-236-3>		<http://ids.clld.org/parameters/15-660>		<http://ids.clld.org/values/15-660-280-1>		"'šini"@pcp	
"ua-ina"@mi	<http://ids.clld.org/values/1-750-236-3>		<http://ids.clld.org/parameters/1-750>		<http://ids.clld.org/values/1-750-280-3>		"ʔo'i"@pcp	
"ua-ina"@mi	<http://ids.clld.org/values/1-750-236-3>		<http://ids.clld.org/parameters/1-750>		<http://ids.clld.org/values/1-750-280-1>		"o'i"@pcp	
"ŋohi"@mi	<http://ids.clld.org/values/3-650-236-3>		<http://ids.clld.org/parameters/3-650>		<http://ids.clld.org/values/3-650-280-3>		"'woɨ"@pcp	
"ŋohi"@mi	<http://ids.clld.org/values/3-650-236-3>		<http://ids.clld.org/parameters/3-650>		<http://ids.clld.org/values/3-650-280-1>		"sa'nino"@pcp	
"kou-kou"@mi	<http://ids.clld.org/values/3-596-236-3>		<http://ids.clld.org/parameters/3-596>		<http://ids.clld.org/values/3-596-280-1>		"'popo"@pcp	
"tia"@mi	<http://ids.clld.org/values/3-750-236-1>		<http://ids.clld.org/parameters/3-750>		<http://ids.clld.org/values/3-750-280-1>		"'čaṣ̌o"@pcp	
"ate"@mi	<http://ids.clld.org/values/4-450-236-1>		<http://ids.clld.org/parameters/4-450>		<http://ids.clld.org/values/4-450-280-1>		"'taka"@pcp	
"wai"@mi	<http://ids.clld.org/values/1-310-236-1>		<http://ids.clld.org/parameters/1-310>		<http://ids.clld.org/values/1-310-280-1>		"'hɨnɨ"@pcp	
