"koohatu"@mi	<http://ids.clld.org/values/1-440-236-3>		<http://ids.clld.org/parameters/1-440>		<http://ids.clld.org/values/1-440-286-1>		"pakun"@pav	
"maahuŋa"@mi	<http://ids.clld.org/values/4-200-236-5>		<http://ids.clld.org/parameters/4-200>		<http://ids.clld.org/values/4-200-286-1>		"winašiʔ (wayiʔ)"@pav	
"huru-huru"@mi	<http://ids.clld.org/values/4-393-236-3>		<http://ids.clld.org/parameters/4-393>		<http://ids.clld.org/values/4-393-286-1>		"tenenein (šun)"@pav	
"tui-tui"@mi	<http://ids.clld.org/values/6-350-236-3>		<http://ids.clld.org/parameters/6-350>		<http://ids.clld.org/values/6-350-286-1>		"ok"@pav	
"pane-pane"@mi	<http://ids.clld.org/values/4-200-236-11>		<http://ids.clld.org/parameters/4-200>		<http://ids.clld.org/values/4-200-286-1>		"winašiʔ (wayiʔ)"@pav	
"aho"@mi	<http://ids.clld.org/values/9-190-236-9>		<http://ids.clld.org/parameters/9-190>		<http://ids.clld.org/values/9-190-286-1>		"makon (makorišiʔ)"@pav	
"maŋai"@mi	<http://ids.clld.org/values/4-240-236-3>		<http://ids.clld.org/parameters/4-240>		<http://ids.clld.org/values/4-240-286-1>		"kapiyašiʔ (topak)"@pav	
"matikuku"@mi	<http://ids.clld.org/values/4-345-236-1>		<http://ids.clld.org/parameters/4-345>		<http://ids.clld.org/values/4-345-286-1>		"šikinain"@pav	
"haka-haka"@mi	<http://ids.clld.org/values/12-590-236-3>		<http://ids.clld.org/parameters/12-590>		<http://ids.clld.org/values/12-590-286-1>		"wiyimain"@pav	
"muri"@mi	<http://ids.clld.org/values/4-190-236-3>		<http://ids.clld.org/parameters/4-190>		<http://ids.clld.org/values/4-190-286-1>		"warašiʔ"@pav	
"inu-mia"@mi	<http://ids.clld.org/values/5-130-236-1>		<http://ids.clld.org/parameters/5-130>		<http://ids.clld.org/values/5-130-286-1>		"tok"@pav	
"inu-mia"@mi	<http://ids.clld.org/values/5-130-236-1>		<http://ids.clld.org/parameters/5-130>		<http://ids.clld.org/values/5-130-286-3>		"tototok"@pav	
"haere"@mi	<http://ids.clld.org/values/10-480-236-1>		<http://ids.clld.org/parameters/10-480>		<http://ids.clld.org/values/10-480-286-1>		"makiʔ"@pav	
"kii-a"@mi	<http://ids.clld.org/values/18-210-236-1>		<http://ids.clld.org/parameters/18-210>		<http://ids.clld.org/values/18-210-286-1>		"tomiʔ"@pav	
"rapu-a"@mi	<http://ids.clld.org/values/11-310-236-1>		<http://ids.clld.org/parameters/11-310>		<http://ids.clld.org/values/11-310-286-1>		"noro"@pav	
"parirau"@mi	<http://ids.clld.org/values/4-392-236-1>		<http://ids.clld.org/parameters/4-392>		<http://ids.clld.org/values/4-392-286-1>		"tapaši"@pav	
"hoou"@mi	<http://ids.clld.org/values/14-130-236-1>		<http://ids.clld.org/parameters/14-130>		<http://ids.clld.org/values/14-130-286-1>		"šokori"@pav	
"kata"@mi	<http://ids.clld.org/values/16-250-236-3>		<http://ids.clld.org/parameters/16-250>		<http://ids.clld.org/values/16-250-286-1>		"tatamʔ"@pav	
"kata"@mi	<http://ids.clld.org/values/16-250-236-3>		<http://ids.clld.org/parameters/16-250>		<http://ids.clld.org/values/16-250-286-3>		"katamʔ"@pav	
"hamu-hamu"@mi	<http://ids.clld.org/values/5-110-236-5>		<http://ids.clld.org/parameters/5-110>		<http://ids.clld.org/values/5-110-286-1>		"kaoʔ"@pav	
"hamu-hamu"@mi	<http://ids.clld.org/values/5-110-236-5>		<http://ids.clld.org/parameters/5-110>		<http://ids.clld.org/values/5-110-286-3>		"kakakaoʔ"@pav	
"ruaaki-na"@mi	<http://ids.clld.org/values/4-570-236-3>		<http://ids.clld.org/parameters/4-570>		<http://ids.clld.org/values/4-570-286-1>		"weʔ"@pav	
"kakii"@mi	<http://ids.clld.org/values/4-280-236-1>		<http://ids.clld.org/parameters/4-280>		<http://ids.clld.org/values/4-280-286-1>		"paramašiʔ"@pav	
"mauŋa"@mi	<http://ids.clld.org/values/1-220-236-1>		<http://ids.clld.org/parameters/1-220>		<http://ids.clld.org/values/1-220-286-1>		"pakun"@pav	
"koorero-tia"@mi	<http://ids.clld.org/values/18-220-236-1>		<http://ids.clld.org/parameters/18-220>		<http://ids.clld.org/values/18-220-286-1>		"tomiʔ šoʔ"@pav	
"puku"@mi	<http://ids.clld.org/values/4-853-236-1>		<http://ids.clld.org/parameters/4-853>		<http://ids.clld.org/values/4-853-286-1>		"mom"@pav	
"tika"@mi	<http://ids.clld.org/values/16-730-236-3>		<http://ids.clld.org/parameters/16-730>		<http://ids.clld.org/values/16-730-286-1>		"šoʔ"@pav	
"moe"@mi	<http://ids.clld.org/values/4-610-236-3>		<http://ids.clld.org/parameters/4-610>		<http://ids.clld.org/values/4-610-286-1>		"piʔam"@pav	
"puukohu"@mi	<http://ids.clld.org/values/1-740-236-3>		<http://ids.clld.org/parameters/1-740>		<http://ids.clld.org/values/1-740-286-1>		"murukukuʔ"@pav	
"wero-hia"@mi	<http://ids.clld.org/values/9-223-236-3>		<http://ids.clld.org/parameters/9-223>		<http://ids.clld.org/values/9-223-286-1>		"šukunʔ"@pav	
"maa-tou"@mi	<http://ids.clld.org/values/2-942-236-3>		<http://ids.clld.org/parameters/2-942>		<http://ids.clld.org/values/2-942-286-1>		"warut"@pav	
"kau"@mi	<http://ids.clld.org/values/10-350-236-1>		<http://ids.clld.org/parameters/10-350>		<http://ids.clld.org/values/10-350-286-3>		"panʔ karakam"@pav	
"kau"@mi	<http://ids.clld.org/values/10-350-236-1>		<http://ids.clld.org/parameters/10-350>		<http://ids.clld.org/values/10-350-286-1>		"panʔ kam"@pav	
"nohi-nohi"@mi	<http://ids.clld.org/values/12-560-236-3>		<http://ids.clld.org/parameters/12-560>		<http://ids.clld.org/values/12-560-286-1>		"wiyimain"@pav	
"kino"@mi	<http://ids.clld.org/values/16-720-236-1>		<http://ids.clld.org/parameters/16-720>		<http://ids.clld.org/values/16-720-286-1>		"kayi"@pav	
"riri"@mi	<http://ids.clld.org/values/16-420-236-5>		<http://ids.clld.org/parameters/16-420>		<http://ids.clld.org/values/16-420-286-1>		"manaʔ"@pav	
"tika"@mi	<http://ids.clld.org/values/12-730-236-3>		<http://ids.clld.org/parameters/12-730>		<http://ids.clld.org/values/12-730-286-1>		"ka om šone ne"@pav	
"kararehe"@mi	<http://ids.clld.org/values/3-110-236-1>		<http://ids.clld.org/parameters/3-110>		<http://ids.clld.org/values/3-110-286-1>		"karawa"@pav	
"moana"@mi	<http://ids.clld.org/values/1-330-236-3>		<http://ids.clld.org/parameters/1-330>		<http://ids.clld.org/values/1-330-286-1>		"šuteremʔ"@pav	
"poka-ia"@mi	<http://ids.clld.org/values/9-223-236-7>		<http://ids.clld.org/parameters/9-223>		<http://ids.clld.org/values/9-223-286-1>		"šukunʔ"@pav	
"auahi"@mi	<http://ids.clld.org/values/1-830-236-3>		<http://ids.clld.org/parameters/1-830>		<http://ids.clld.org/values/1-830-286-1>		"tainʔ"@pav	
"huru"@mi	<http://ids.clld.org/values/4-140-236-3>		<http://ids.clld.org/parameters/4-140>		<http://ids.clld.org/values/4-140-286-1>		"tenenešiʔ"@pav	
"huru"@mi	<http://ids.clld.org/values/4-140-236-3>		<http://ids.clld.org/parameters/4-140>		<http://ids.clld.org/values/4-140-286-3>		"tenenein (šun)"@pav	
"here"@mi	<http://ids.clld.org/values/9-160-236-1>		<http://ids.clld.org/parameters/9-160>		<http://ids.clld.org/values/9-160-286-1>		"tuku"@pav	
"whaka-atu-ria"@mi	<http://ids.clld.org/values/18-210-236-7>		<http://ids.clld.org/parameters/18-210>		<http://ids.clld.org/values/18-210-286-1>		"tomiʔ"@pav	
"wae-wae"@mi	<http://ids.clld.org/values/4-350-236-1>		<http://ids.clld.org/parameters/4-350>		<http://ids.clld.org/values/4-350-286-1>		"pišiyašiʔ"@pav	
"wae-wae"@mi	<http://ids.clld.org/values/4-350-236-1>		<http://ids.clld.org/parameters/4-350>		<http://ids.clld.org/values/4-350-286-3>		"kokošiʔ"@pav	
"paiaka"@mi	<http://ids.clld.org/values/8-540-236-3>		<http://ids.clld.org/parameters/8-540>		<http://ids.clld.org/values/8-540-286-1>		"kašimain"@pav	
"tai"@mi	<http://ids.clld.org/values/1-320-236-3>		<http://ids.clld.org/parameters/1-320>		<http://ids.clld.org/values/1-320-286-1>		"kote ne kom"@pav	
"memeha (?)"@mi	<http://ids.clld.org/values/4-750-236-5>		<http://ids.clld.org/parameters/4-750>		<http://ids.clld.org/values/4-750-286-3>		"konoʔ"@pav	
"memeha (?)"@mi	<http://ids.clld.org/values/4-750-236-5>		<http://ids.clld.org/parameters/4-750>		<http://ids.clld.org/values/4-750-286-1>		"miʔ pin"@pav	
"ao"@mi	<http://ids.clld.org/values/1-210-236-1>		<http://ids.clld.org/parameters/1-210>		<http://ids.clld.org/values/1-210-286-1>		"makanʔ"@pav	
"manu"@mi	<http://ids.clld.org/values/3-581-236-1>		<http://ids.clld.org/parameters/3-581>		<http://ids.clld.org/values/3-581-286-1>		"me"@pav	
"marere"@mi	<http://ids.clld.org/values/10-230-236-7>		<http://ids.clld.org/parameters/10-230>		<http://ids.clld.org/values/10-230-286-3>		"kamaraʔ"@pav	
"marere"@mi	<http://ids.clld.org/values/10-230-236-7>		<http://ids.clld.org/parameters/10-230>		<http://ids.clld.org/values/10-230-286-1>		"panʔ"@pav	
"ŋaki-a"@mi	<http://ids.clld.org/values/8-220-236-3>		<http://ids.clld.org/parameters/8-220>		<http://ids.clld.org/values/8-220-286-1>		"še"@pav	
"ŋaki-a"@mi	<http://ids.clld.org/values/8-220-236-3>		<http://ids.clld.org/parameters/8-220>		<http://ids.clld.org/values/8-220-286-3>		"šikeʔ"@pav	
"kutu"@mi	<http://ids.clld.org/values/3-811-236-1>		<http://ids.clld.org/parameters/3-811>		<http://ids.clld.org/values/3-811-286-1>		"ioʔ"@pav	
"waru-hia"@mi	<http://ids.clld.org/values/5-480-236-1>		<http://ids.clld.org/parameters/5-480>		<http://ids.clld.org/values/5-480-286-1>		"kuruk"@pav	
"kiriini"@mi	<http://ids.clld.org/values/15-680-236-3>		<http://ids.clld.org/parameters/15-680>		<http://ids.clld.org/values/15-680-286-1>		"tb̃um"@pav	
"uku-ia"@mi	<http://ids.clld.org/values/9-310-236-7>		<http://ids.clld.org/parameters/9-310>		<http://ids.clld.org/values/9-310-286-1>		"šik"@pav	
"pirau"@mi	<http://ids.clld.org/values/5-125-236-3>		<http://ids.clld.org/parameters/5-125>		<http://ids.clld.org/values/5-125-286-1>		"šowuru"@pav	
"taru-taru"@mi	<http://ids.clld.org/values/8-510-236-5>		<http://ids.clld.org/parameters/8-510>		<http://ids.clld.org/values/8-510-286-1>		"tononoin"@pav	
"toka"@mi	<http://ids.clld.org/values/1-440-236-9>		<http://ids.clld.org/parameters/1-440>		<http://ids.clld.org/values/1-440-286-1>		"pakun"@pav	
"taŋata"@mi	<http://ids.clld.org/values/2-210-236-1>		<http://ids.clld.org/parameters/2-210>		<http://ids.clld.org/values/2-210-286-1>		"taramaʔ"@pav	
"pona-ia"@mi	<http://ids.clld.org/values/9-160-236-7>		<http://ids.clld.org/parameters/9-160>		<http://ids.clld.org/values/9-160-286-1>		"tuku"@pav	
"roŋo"@mi	<http://ids.clld.org/values/15-410-236-5>		<http://ids.clld.org/parameters/15-410>		<http://ids.clld.org/values/15-410-286-1>		"tarayu"@pav	
"upoko"@mi	<http://ids.clld.org/values/4-200-236-1>		<http://ids.clld.org/parameters/4-200>		<http://ids.clld.org/values/4-200-286-1>		"winašiʔ (wayiʔ)"@pav	
"puhi"@mi	<http://ids.clld.org/values/10-380-236-3>		<http://ids.clld.org/parameters/10-380>		<http://ids.clld.org/values/10-380-286-3>		"hukoʔ"@pav	
"puhi"@mi	<http://ids.clld.org/values/10-380-236-3>		<http://ids.clld.org/parameters/10-380>		<http://ids.clld.org/values/10-380-286-1>		"hu"@pav	
"toa"@mi	<http://ids.clld.org/values/2-230-236-1>		<http://ids.clld.org/parameters/2-230>		<http://ids.clld.org/values/2-230-286-1>		"taramaʔ"@pav	
"kauhoe-tia"@mi	<http://ids.clld.org/values/10-350-236-5>		<http://ids.clld.org/parameters/10-350>		<http://ids.clld.org/values/10-350-286-3>		"panʔ karakam"@pav	
"kauhoe-tia"@mi	<http://ids.clld.org/values/10-350-236-5>		<http://ids.clld.org/parameters/10-350>		<http://ids.clld.org/values/10-350-286-1>		"panʔ kam"@pav	
"taane"@mi	<http://ids.clld.org/values/2-230-236-5>		<http://ids.clld.org/parameters/2-230>		<http://ids.clld.org/values/2-230-286-1>		"taramaʔ"@pav	
"ŋaahere-here"@mi	<http://ids.clld.org/values/1-410-236-3>		<http://ids.clld.org/parameters/1-410>		<http://ids.clld.org/values/1-410-286-1>		"nahwarak"@pav	
"koopura"@mi	<http://ids.clld.org/values/8-311-236-5>		<http://ids.clld.org/parameters/8-311>		<http://ids.clld.org/values/8-311-286-1>		"tokwi"@pav	
"haere maa raro"@mi	<http://ids.clld.org/values/10-450-236-5>		<http://ids.clld.org/parameters/10-450>		<http://ids.clld.org/values/10-450-286-1>		"šut"@pav	
"haere maa raro"@mi	<http://ids.clld.org/values/10-450-236-5>		<http://ids.clld.org/parameters/10-450>		<http://ids.clld.org/values/10-450-286-3>		"šurušut"@pav	
"mata"@mi	<http://ids.clld.org/values/4-210-236-5>		<http://ids.clld.org/parameters/4-210>		<http://ids.clld.org/values/4-210-286-1>		"tokošiʔ (tok)"@pav	
"aŋi-aŋi"@mi	<http://ids.clld.org/values/12-650-236-3>		<http://ids.clld.org/parameters/12-650>		<http://ids.clld.org/values/12-650-286-1>		"šašiʔ"@pav	
"[miiti]"@mi	<http://ids.clld.org/values/5-610-236-1>		<http://ids.clld.org/parameters/5-610>		<http://ids.clld.org/values/5-610-286-1>		"karawa (karamayišiʔ)"@pav	
"poro(w)hita"@mi	<http://ids.clld.org/values/12-810-236-3>		<http://ids.clld.org/parameters/12-810>		<http://ids.clld.org/values/12-810-286-1>		"monoʔo"@pav	
"maŋa"@mi	<http://ids.clld.org/values/1-360-236-3>		<http://ids.clld.org/parameters/1-360>		<http://ids.clld.org/values/1-360-286-1>		"kom"@pav	
"hiako"@mi	<http://ids.clld.org/values/8-750-236-3>		<http://ids.clld.org/parameters/8-750>		<http://ids.clld.org/values/8-750-286-1>		"tapari"@pav	
"raakau"@mi	<http://ids.clld.org/values/1-430-236-1>		<http://ids.clld.org/parameters/1-430>		<http://ids.clld.org/values/1-430-286-1>		"pana"@pav	
"ŋētahi"@mi	<http://ids.clld.org/values/13-181-236-1>		<http://ids.clld.org/parameters/13-181>		<http://ids.clld.org/values/13-181-286-1>		"arakaʔ"@pav	
"taatau"@mi	<http://ids.clld.org/values/2-960-236-5>		<http://ids.clld.org/parameters/2-960>		<http://ids.clld.org/values/2-960-286-1>		"karam maʔ"@pav	
"paa"@mi	<http://ids.clld.org/values/9-210-236-11>		<http://ids.clld.org/parameters/9-210>		<http://ids.clld.org/values/9-210-286-1>		"toʔ"@pav	
"wehi"@mi	<http://ids.clld.org/values/16-530-236-3>		<http://ids.clld.org/parameters/16-530>		<http://ids.clld.org/values/16-530-286-1>		"yinʔ"@pav	
"tapahi-a"@mi	<http://ids.clld.org/values/9-220-236-5>		<http://ids.clld.org/parameters/9-220>		<http://ids.clld.org/values/9-220-286-7>		"nakarkamʔ"@pav	
"tapahi-a"@mi	<http://ids.clld.org/values/9-220-236-5>		<http://ids.clld.org/parameters/9-220>		<http://ids.clld.org/values/9-220-286-3>		"wawak"@pav	
"tapahi-a"@mi	<http://ids.clld.org/values/9-220-236-5>		<http://ids.clld.org/parameters/9-220>		<http://ids.clld.org/values/9-220-286-9>		"ta"@pav	
"tapahi-a"@mi	<http://ids.clld.org/values/9-220-236-5>		<http://ids.clld.org/parameters/9-220>		<http://ids.clld.org/values/9-220-286-5>		"nakamʔ"@pav	
"tapahi-a"@mi	<http://ids.clld.org/values/9-220-236-5>		<http://ids.clld.org/parameters/9-220>		<http://ids.clld.org/values/9-220-286-1>		"wak"@pav	
"ora"@mi	<http://ids.clld.org/values/4-740-236-1>		<http://ids.clld.org/parameters/4-740>		<http://ids.clld.org/values/4-740-286-1>		"eʔ"@pav	
"makawe"@mi	<http://ids.clld.org/values/4-140-236-1>		<http://ids.clld.org/parameters/4-140>		<http://ids.clld.org/values/4-140-286-1>		"tenenešiʔ"@pav	
"makawe"@mi	<http://ids.clld.org/values/4-140-236-1>		<http://ids.clld.org/parameters/4-140>		<http://ids.clld.org/values/4-140-286-3>		"tenenein (šun)"@pav	
"kurii"@mi	<http://ids.clld.org/values/3-610-236-1>		<http://ids.clld.org/parameters/3-610>		<http://ids.clld.org/values/3-610-286-1>		"oromiyak"@pav	
"ŋau-a"@mi	<http://ids.clld.org/values/4-580-236-1>		<http://ids.clld.org/parameters/4-580>		<http://ids.clld.org/values/4-580-286-1>		"kio"@pav	
"kite-a"@mi	<http://ids.clld.org/values/15-510-236-1>		<http://ids.clld.org/parameters/15-510>		<http://ids.clld.org/values/15-510-286-1>		"kerek"@pav	
"ihu"@mi	<http://ids.clld.org/values/4-230-236-1>		<http://ids.clld.org/parameters/4-230>		<http://ids.clld.org/values/4-230-286-1>		"werešiʔ (ut)"@pav	
"kai-ŋa"@mi	<http://ids.clld.org/values/5-110-236-1>		<http://ids.clld.org/parameters/5-110>		<http://ids.clld.org/values/5-110-286-1>		"kaoʔ"@pav	
"kai-ŋa"@mi	<http://ids.clld.org/values/5-110-236-1>		<http://ids.clld.org/parameters/5-110>		<http://ids.clld.org/values/5-110-286-3>		"kakakaoʔ"@pav	
"one-puu"@mi	<http://ids.clld.org/values/1-215-236-1>		<http://ids.clld.org/parameters/1-215>		<http://ids.clld.org/values/1-215-286-1>		"namayi"@pav	
"epa-ina"@mi	<http://ids.clld.org/values/4-120-236-7>		<http://ids.clld.org/parameters/4-120>		<http://ids.clld.org/values/4-120-286-1>		"taparišiʔ"@pav	
"marama"@mi	<http://ids.clld.org/values/1-530-236-1>		<http://ids.clld.org/parameters/1-530>		<http://ids.clld.org/values/1-530-286-1>		"panawoʔ"@pav	
"kimi"@mi	<http://ids.clld.org/values/11-310-236-9>		<http://ids.clld.org/parameters/11-310>		<http://ids.clld.org/values/11-310-286-1>		"noro"@pav	
"too-ia"@mi	<http://ids.clld.org/values/9-330-236-1>		<http://ids.clld.org/parameters/9-330>		<http://ids.clld.org/values/9-330-286-1>		"kök"@pav	
"pupuhi"@mi	<http://ids.clld.org/values/10-380-236-1>		<http://ids.clld.org/parameters/10-380>		<http://ids.clld.org/values/10-380-286-3>		"hukoʔ"@pav	
"pupuhi"@mi	<http://ids.clld.org/values/10-380-236-1>		<http://ids.clld.org/parameters/10-380>		<http://ids.clld.org/values/10-380-286-1>		"hu"@pav	
"kanohi"@mi	<http://ids.clld.org/values/4-210-236-1>		<http://ids.clld.org/parameters/4-210>		<http://ids.clld.org/values/4-210-286-1>		"tokošiʔ (tok)"@pav	
"roa"@mi	<http://ids.clld.org/values/12-570-236-1>		<http://ids.clld.org/parameters/12-570>		<http://ids.clld.org/values/12-570-286-1>		"matam"@pav	
"arero"@mi	<http://ids.clld.org/values/4-260-236-1>		<http://ids.clld.org/parameters/4-260>		<http://ids.clld.org/values/4-260-286-1>		"petehwet nešiʔ (petehwet)"@pav	
"ŋaakahi"@mi	<http://ids.clld.org/values/3-850-236-5>		<http://ids.clld.org/parameters/3-850>		<http://ids.clld.org/values/3-850-286-1>		"emʔ"@pav	
"haaroo"@mi	<http://ids.clld.org/values/5-480-236-3>		<http://ids.clld.org/parameters/5-480>		<http://ids.clld.org/values/5-480-286-1>		"kuruk"@pav	
"ŋote-a"@mi	<http://ids.clld.org/values/5-160-236-1>		<http://ids.clld.org/parameters/5-160>		<http://ids.clld.org/values/5-160-286-1>		"šok"@pav	
"ŋote-a"@mi	<http://ids.clld.org/values/5-160-236-1>		<http://ids.clld.org/parameters/5-160>		<http://ids.clld.org/values/5-160-286-3>		"šak"@pav	
"tau"@mi	<http://ids.clld.org/values/14-730-236-1>		<http://ids.clld.org/parameters/14-730>		<http://ids.clld.org/values/14-730-286-1>		"kawašiʔ"@pav	
"miri-a"@mi	<http://ids.clld.org/values/9-310-236-1>		<http://ids.clld.org/parameters/9-310>		<http://ids.clld.org/values/9-310-286-1>		"šik"@pav	
"horoi-a"@mi	<http://ids.clld.org/values/9-360-236-1>		<http://ids.clld.org/parameters/9-360>		<http://ids.clld.org/values/9-360-286-3>		"toʔ"@pav	
"horoi-a"@mi	<http://ids.clld.org/values/9-360-236-1>		<http://ids.clld.org/parameters/9-360>		<http://ids.clld.org/values/9-360-286-1>		"hohok"@pav	
"waru"@mi	<http://ids.clld.org/values/5-480-236-7>		<http://ids.clld.org/parameters/5-480>		<http://ids.clld.org/values/5-480-286-1>		"kuruk"@pav	
"whaka-wiri-a"@mi	<http://ids.clld.org/values/9-343-236-3>		<http://ids.clld.org/parameters/9-343>		<http://ids.clld.org/values/9-343-286-1>		"humʔ"@pav	
"muri"@mi	<http://ids.clld.org/values/1-720-236-3>		<http://ids.clld.org/parameters/1-720>		<http://ids.clld.org/values/1-720-286-1>		"hotowa"@pav	
"au"@mi	<http://ids.clld.org/values/2-910-236-1>		<http://ids.clld.org/parameters/2-910>		<http://ids.clld.org/values/2-910-286-1>		"wataʔ"@pav	
"paihau"@mi	<http://ids.clld.org/values/4-392-236-7>		<http://ids.clld.org/parameters/4-392>		<http://ids.clld.org/values/4-392-286-1>		"tapaši"@pav	
"kooraa"@mi	<http://ids.clld.org/values/12-440-236-5>		<http://ids.clld.org/parameters/12-440>		<http://ids.clld.org/values/12-440-286-1>		"pira"@pav	
"tere"@mi	<http://ids.clld.org/values/10-320-236-5>		<http://ids.clld.org/parameters/10-320>		<http://ids.clld.org/values/10-320-286-3>		"weweweo"@pav	
"tere"@mi	<http://ids.clld.org/values/10-320-236-5>		<http://ids.clld.org/parameters/10-320>		<http://ids.clld.org/values/10-320-286-1>		"weo"@pav	
"kopua"@mi	<http://ids.clld.org/values/1-730-236-5>		<http://ids.clld.org/parameters/1-730>		<http://ids.clld.org/values/1-730-286-1>		"tayain nanawin"@pav	
"whenua"@mi	<http://ids.clld.org/values/1-210-236-3>		<http://ids.clld.org/parameters/1-210>		<http://ids.clld.org/values/1-210-286-1>		"makanʔ"@pav	
"tama"@mi	<http://ids.clld.org/values/2-210-236-5>		<http://ids.clld.org/parameters/2-210>		<http://ids.clld.org/values/2-210-286-1>		"taramaʔ"@pav	
"Maamaa"@mi	<http://ids.clld.org/values/2-360-236-9>		<http://ids.clld.org/parameters/2-360>		<http://ids.clld.org/values/2-360-286-1>		"naʔ"@pav	
"whaa-nui"@mi	<http://ids.clld.org/values/12-610-236-1>		<http://ids.clld.org/parameters/12-610>		<http://ids.clld.org/values/12-610-286-1>		"kote ne kimain"@pav	
"moana"@mi	<http://ids.clld.org/values/1-320-236-1>		<http://ids.clld.org/parameters/1-320>		<http://ids.clld.org/values/1-320-286-1>		"kote ne kom"@pav	
"kata-ina"@mi	<http://ids.clld.org/values/16-250-236-1>		<http://ids.clld.org/parameters/16-250>		<http://ids.clld.org/values/16-250-286-1>		"tatamʔ"@pav	
"kata-ina"@mi	<http://ids.clld.org/values/16-250-236-1>		<http://ids.clld.org/parameters/16-250>		<http://ids.clld.org/values/16-250-286-3>		"katamʔ"@pav	
"iti"@mi	<http://ids.clld.org/values/12-560-236-1>		<http://ids.clld.org/parameters/12-560>		<http://ids.clld.org/values/12-560-286-1>		"wiyimain"@pav	
"wero"@mi	<http://ids.clld.org/values/9-223-236-5>		<http://ids.clld.org/parameters/9-223>		<http://ids.clld.org/values/9-223-286-1>		"šukunʔ"@pav	
"unu"@mi	<http://ids.clld.org/values/5-130-236-5>		<http://ids.clld.org/parameters/5-130>		<http://ids.clld.org/values/5-130-286-1>		"tok"@pav	
"unu"@mi	<http://ids.clld.org/values/5-130-236-5>		<http://ids.clld.org/parameters/5-130>		<http://ids.clld.org/values/5-130-286-3>		"tototok"@pav	
"(ta)tau-ria"@mi	<http://ids.clld.org/values/13-107-236-1>		<http://ids.clld.org/parameters/13-107>		<http://ids.clld.org/values/13-107-286-1>		"piyimʔ"@pav	
"paŋo"@mi	<http://ids.clld.org/values/15-650-236-3>		<http://ids.clld.org/parameters/15-650>		<http://ids.clld.org/values/15-650-286-1>		"mišem"@pav	
"riri-a"@mi	<http://ids.clld.org/values/20-110-236-3>		<http://ids.clld.org/parameters/20-110>		<http://ids.clld.org/values/20-110-286-1>		"mišita"@pav	
"paku-paku"@mi	<http://ids.clld.org/values/12-560-236-5>		<http://ids.clld.org/parameters/12-560>		<http://ids.clld.org/values/12-560-286-1>		"wiyimain"@pav	
"haahau-tia"@mi	<http://ids.clld.org/values/11-310-236-7>		<http://ids.clld.org/parameters/11-310>		<http://ids.clld.org/values/11-310-286-1>		"noro"@pav	
"moroiti"@mi	<http://ids.clld.org/values/12-560-236-9>		<http://ids.clld.org/parameters/12-560>		<http://ids.clld.org/values/12-560-286-1>		"wiyimain"@pav	
"riŋa"@mi	<http://ids.clld.org/values/4-330-236-3>		<http://ids.clld.org/parameters/4-330>		<http://ids.clld.org/values/4-330-286-1>		"mišiʔ"@pav	
"riŋa"@mi	<http://ids.clld.org/values/4-330-236-3>		<http://ids.clld.org/parameters/4-330>		<http://ids.clld.org/values/4-330-286-3>		"(umʔ)"@pav	
"wahine"@mi	<http://ids.clld.org/values/2-220-236-1>		<http://ids.clld.org/parameters/2-220>		<http://ids.clld.org/values/2-220-286-1>		"narimaʔ"@pav	
"ŋiha"@mi	<http://ids.clld.org/values/1-851-236-3>		<http://ids.clld.org/parameters/1-851>		<http://ids.clld.org/values/1-851-286-3>		"wiran"@pav	
"ŋiha"@mi	<http://ids.clld.org/values/1-851-236-3>		<http://ids.clld.org/parameters/1-851>		<http://ids.clld.org/values/1-851-286-1>		"tom"@pav	
"ŋiha"@mi	<http://ids.clld.org/values/1-851-236-3>		<http://ids.clld.org/parameters/1-851>		<http://ids.clld.org/values/1-851-286-5>		"karahoʔ"@pav	
"inu"@mi	<http://ids.clld.org/values/5-130-236-3>		<http://ids.clld.org/parameters/5-130>		<http://ids.clld.org/values/5-130-286-1>		"tok"@pav	
"inu"@mi	<http://ids.clld.org/values/5-130-236-3>		<http://ids.clld.org/parameters/5-130>		<http://ids.clld.org/values/5-130-286-3>		"tototok"@pav	
"kaakano"@mi	<http://ids.clld.org/values/8-311-236-1>		<http://ids.clld.org/parameters/8-311>		<http://ids.clld.org/values/8-311-286-1>		"tokwi"@pav	
"paŋa-ia"@mi	<http://ids.clld.org/values/10-250-236-5>		<http://ids.clld.org/parameters/10-250>		<http://ids.clld.org/values/10-250-286-3>		"wišikaoʔ"@pav	
"paŋa-ia"@mi	<http://ids.clld.org/values/10-250-236-5>		<http://ids.clld.org/parameters/10-250>		<http://ids.clld.org/values/10-250-286-1>		"šin"@pav	
"whaka-koi-a"@mi	<http://ids.clld.org/values/15-780-236-3>		<http://ids.clld.org/parameters/15-780>		<http://ids.clld.org/values/15-780-286-1>		"šaʔ"@pav	
"ruaki-na"@mi	<http://ids.clld.org/values/4-570-236-1>		<http://ids.clld.org/parameters/4-570>		<http://ids.clld.org/values/4-570-286-1>		"weʔ"@pav	
"tahu"@mi	<http://ids.clld.org/values/1-851-236-7>		<http://ids.clld.org/parameters/1-851>		<http://ids.clld.org/values/1-851-286-3>		"wiran"@pav	
"tahu"@mi	<http://ids.clld.org/values/1-851-236-7>		<http://ids.clld.org/parameters/1-851>		<http://ids.clld.org/values/1-851-286-1>		"tom"@pav	
"tahu"@mi	<http://ids.clld.org/values/1-851-236-7>		<http://ids.clld.org/parameters/1-851>		<http://ids.clld.org/values/1-851-286-5>		"karahoʔ"@pav	
"raa"@mi	<http://ids.clld.org/values/1-520-236-1>		<http://ids.clld.org/parameters/1-520>		<http://ids.clld.org/values/1-520-286-1>		"šina"@pav	
"ŋaa"@mi	<http://ids.clld.org/values/4-510-236-7>		<http://ids.clld.org/parameters/4-510>		<http://ids.clld.org/values/4-510-286-1>		"wereme"@pav	
"kii-a"@mi	<http://ids.clld.org/values/18-220-236-3>		<http://ids.clld.org/parameters/18-220>		<http://ids.clld.org/values/18-220-286-1>		"tomiʔ šoʔ"@pav	
"purei"@mi	<http://ids.clld.org/values/16-260-236-1>		<http://ids.clld.org/parameters/16-260>		<http://ids.clld.org/values/16-260-286-1>		"warayu"@pav	
"kii-a"@mi	<http://ids.clld.org/values/18-220-236-7>		<http://ids.clld.org/parameters/18-220>		<http://ids.clld.org/values/18-220-286-1>		"tomiʔ šoʔ"@pav	
"awatea"@mi	<http://ids.clld.org/values/14-410-236-5>		<http://ids.clld.org/parameters/14-410>		<http://ids.clld.org/values/14-410-286-1>		"šek"@pav	
"iia"@mi	<http://ids.clld.org/values/2-930-236-3>		<http://ids.clld.org/parameters/2-930>		<http://ids.clld.org/values/2-930-286-1>		"ko maʔ"@pav	
"whaka-wehi"@mi	<http://ids.clld.org/values/16-530-236-5>		<http://ids.clld.org/parameters/16-530>		<http://ids.clld.org/values/16-530-286-1>		"yinʔ"@pav	
"pakiaka"@mi	<http://ids.clld.org/values/8-540-236-1>		<http://ids.clld.org/parameters/8-540>		<http://ids.clld.org/values/8-540-286-1>		"kašimain"@pav	
"kuia"@mi	<http://ids.clld.org/values/14-150-236-9>		<http://ids.clld.org/parameters/14-150>		<http://ids.clld.org/values/14-150-286-1>		"maraʔ"@pav	
"kuia"@mi	<http://ids.clld.org/values/14-150-236-9>		<http://ids.clld.org/parameters/14-150>		<http://ids.clld.org/values/14-150-286-3>		"horon"@pav	
"topa"@mi	<http://ids.clld.org/values/10-370-236-3>		<http://ids.clld.org/parameters/10-370>		<http://ids.clld.org/values/10-370-286-3>		"toin"@pav	
"topa"@mi	<http://ids.clld.org/values/10-370-236-3>		<http://ids.clld.org/parameters/10-370>		<http://ids.clld.org/values/10-370-286-1>		"takiʔ"@pav	
"whaka-maroke-tia"@mi	<http://ids.clld.org/values/15-840-236-3>		<http://ids.clld.org/parameters/15-840>		<http://ids.clld.org/values/15-840-286-1>		"kawainʔ"@pav	
"manawa"@mi	<http://ids.clld.org/values/4-510-236-1>		<http://ids.clld.org/parameters/4-510>		<http://ids.clld.org/values/4-510-286-1>		"wereme"@pav	
"whetuu"@mi	<http://ids.clld.org/values/1-540-236-1>		<http://ids.clld.org/parameters/1-540>		<http://ids.clld.org/values/1-540-286-1>		"piyoʔ"@pav	
"haa"@mi	<http://ids.clld.org/values/4-510-236-5>		<http://ids.clld.org/parameters/4-510>		<http://ids.clld.org/values/4-510-286-1>		"wereme"@pav	
"pakeke"@mi	<http://ids.clld.org/values/2-100-236-5>		<http://ids.clld.org/parameters/2-100>		<http://ids.clld.org/values/2-100-286-1>		"wariʔ"@pav	
"kiri raakau"@mi	<http://ids.clld.org/values/8-750-236-1>		<http://ids.clld.org/parameters/8-750>		<http://ids.clld.org/values/8-750-286-1>		"tapari"@pav	
"awau"@mi	<http://ids.clld.org/values/2-910-236-5>		<http://ids.clld.org/parameters/2-910>		<http://ids.clld.org/values/2-910-286-1>		"wataʔ"@pav	
"raŋi"@mi	<http://ids.clld.org/values/14-410-236-3>		<http://ids.clld.org/parameters/14-410>		<http://ids.clld.org/values/14-410-286-1>		"šek"@pav	
"haere-a-wae-wae"@mi	<http://ids.clld.org/values/10-450-236-3>		<http://ids.clld.org/parameters/10-450>		<http://ids.clld.org/values/10-450-286-1>		"šut"@pav	
"haere-a-wae-wae"@mi	<http://ids.clld.org/values/10-450-236-3>		<http://ids.clld.org/parameters/10-450>		<http://ids.clld.org/values/10-450-286-3>		"šurušut"@pav	
"koorero-tia"@mi	<http://ids.clld.org/values/18-210-236-5>		<http://ids.clld.org/parameters/18-210>		<http://ids.clld.org/values/18-210-286-1>		"tomiʔ"@pav	
"huarahi"@mi	<http://ids.clld.org/values/10-720-236-3>		<http://ids.clld.org/parameters/10-720>		<http://ids.clld.org/values/10-720-286-1>		"wana (wanayišiʔ)"@pav	
"ua"@mi	<http://ids.clld.org/values/1-750-236-1>		<http://ids.clld.org/parameters/1-750>		<http://ids.clld.org/values/1-750-286-1>		"šowiʔ"@pav	
"toke"@mi	<http://ids.clld.org/values/3-840-236-1>		<http://ids.clld.org/parameters/3-840>		<http://ids.clld.org/values/3-840-286-1>		"meteʔ"@pav	
"makere"@mi	<http://ids.clld.org/values/10-230-236-5>		<http://ids.clld.org/parameters/10-230>		<http://ids.clld.org/values/10-230-286-3>		"kamaraʔ"@pav	
"makere"@mi	<http://ids.clld.org/values/10-230-236-5>		<http://ids.clld.org/parameters/10-230>		<http://ids.clld.org/values/10-230-286-1>		"panʔ"@pav	
"poho"@mi	<http://ids.clld.org/values/4-410-236-3>		<http://ids.clld.org/parameters/4-410>		<http://ids.clld.org/values/4-410-286-1>		"karašišiʔ (katat)"@pav	
"tea"@mi	<http://ids.clld.org/values/15-640-236-3>		<http://ids.clld.org/parameters/15-640>		<http://ids.clld.org/values/15-640-286-1>		"towoʔ"@pav	
"ŋaakau"@mi	<http://ids.clld.org/values/4-461-236-5>		<http://ids.clld.org/parameters/4-461>		<http://ids.clld.org/values/4-461-286-1>		"monošiʔ (mon)"@pav	
"kookaa"@mi	<http://ids.clld.org/values/2-360-236-7>		<http://ids.clld.org/parameters/2-360>		<http://ids.clld.org/values/2-360-286-1>		"naʔ"@pav	
"hau-maakuu"@mi	<http://ids.clld.org/values/15-830-236-3>		<http://ids.clld.org/parameters/15-830>		<http://ids.clld.org/values/15-830-286-1>		"šoʔ"@pav	
"waawahi"@mi	<http://ids.clld.org/values/9-270-236-3>		<http://ids.clld.org/parameters/9-270>		<http://ids.clld.org/values/9-270-286-1>		"toʔ pahot"@pav	
"waawahi"@mi	<http://ids.clld.org/values/9-270-236-3>		<http://ids.clld.org/parameters/9-270>		<http://ids.clld.org/values/9-270-286-3>		"toʔ pahorohot"@pav	
"rewa"@mi	<http://ids.clld.org/values/10-340-236-5>		<http://ids.clld.org/parameters/10-340>		<http://ids.clld.org/values/10-340-286-1>		"ho"@pav	
"rewa"@mi	<http://ids.clld.org/values/10-340-236-5>		<http://ids.clld.org/parameters/10-340>		<http://ids.clld.org/values/10-340-286-3>		"horoho"@pav	
"tawhiti"@mi	<http://ids.clld.org/values/12-440-236-1>		<http://ids.clld.org/parameters/12-440>		<http://ids.clld.org/values/12-440-286-1>		"pira"@pav	
"ŋako"@mi	<http://ids.clld.org/values/5-791-236-3>		<http://ids.clld.org/parameters/5-791>		<http://ids.clld.org/values/5-791-286-1>		"homain"@pav	
"kiri"@mi	<http://ids.clld.org/values/4-120-236-1>		<http://ids.clld.org/parameters/4-120>		<http://ids.clld.org/values/4-120-286-1>		"taparišiʔ"@pav	
"mate"@mi	<http://ids.clld.org/values/4-750-236-1>		<http://ids.clld.org/parameters/4-750>		<http://ids.clld.org/values/4-750-286-3>		"konoʔ"@pav	
"mate"@mi	<http://ids.clld.org/values/4-750-236-1>		<http://ids.clld.org/parameters/4-750>		<http://ids.clld.org/values/4-750-286-1>		"miʔ pin"@pav	
"whaka-mataku-ria"@mi	<http://ids.clld.org/values/16-530-236-7>		<http://ids.clld.org/parameters/16-530>		<http://ids.clld.org/values/16-530-286-1>		"yinʔ"@pav	
"raatou"@mi	<http://ids.clld.org/values/2-960-236-3>		<http://ids.clld.org/parameters/2-960>		<http://ids.clld.org/values/2-960-286-1>		"karam maʔ"@pav	
"paru"@mi	<http://ids.clld.org/values/15-880-236-1>		<http://ids.clld.org/parameters/15-880>		<http://ids.clld.org/values/15-880-286-1>		"mišem"@pav	
"tute-a"@mi	<http://ids.clld.org/values/10-670-236-3>		<http://ids.clld.org/parameters/10-670>		<http://ids.clld.org/values/10-670-286-1>		"yök"@pav	
"rere"@mi	<http://ids.clld.org/values/10-320-236-1>		<http://ids.clld.org/parameters/10-320>		<http://ids.clld.org/values/10-320-286-3>		"weweweo"@pav	
"rere"@mi	<http://ids.clld.org/values/10-320-236-1>		<http://ids.clld.org/parameters/10-320>		<http://ids.clld.org/values/10-320-286-1>		"weo"@pav	
"kamo"@mi	<http://ids.clld.org/values/4-210-236-7>		<http://ids.clld.org/parameters/4-210>		<http://ids.clld.org/values/4-210-286-1>		"tokošiʔ (tok)"@pav	
"nehu"@mi	<http://ids.clld.org/values/1-213-236-1>		<http://ids.clld.org/parameters/1-213>		<http://ids.clld.org/values/1-213-286-1>		"tainʔ"@pav	
"pupuri"@mi	<http://ids.clld.org/values/11-150-236-1>		<http://ids.clld.org/parameters/11-150>		<http://ids.clld.org/values/11-150-286-1>		"kep"@pav	
"wahine"@mi	<http://ids.clld.org/values/2-320-236-1>		<http://ids.clld.org/parameters/2-320>		<http://ids.clld.org/values/2-320-286-1>		"mana"@pav	
"taa-ua"@mi	<http://ids.clld.org/values/2-941-236-3>		<http://ids.clld.org/parameters/2-941>		<http://ids.clld.org/values/2-941-286-1>		"wariʔ"@pav	
"kaakaariki"@mi	<http://ids.clld.org/values/15-680-236-1>		<http://ids.clld.org/parameters/15-680>		<http://ids.clld.org/values/15-680-286-1>		"tb̃um"@pav	
"maatao"@mi	<http://ids.clld.org/values/15-860-236-7>		<http://ids.clld.org/parameters/15-860>		<http://ids.clld.org/values/15-860-286-1>		"šio"@pav	
"maatao"@mi	<http://ids.clld.org/values/15-860-236-7>		<http://ids.clld.org/parameters/15-860>		<http://ids.clld.org/values/15-860-286-3>		"kapinʔ"@pav	
"riŋa matau"@mi	<http://ids.clld.org/values/12-410-236-1>		<http://ids.clld.org/parameters/12-410>		<http://ids.clld.org/values/12-410-286-1>		"irikwerešiʔ"@pav	
"katoa"@mi	<http://ids.clld.org/values/13-140-236-1>		<http://ids.clld.org/parameters/13-140>		<http://ids.clld.org/values/13-140-286-1>		"šam"@pav	
"kokoti"@mi	<http://ids.clld.org/values/9-220-236-1>		<http://ids.clld.org/parameters/9-220>		<http://ids.clld.org/values/9-220-286-7>		"nakarkamʔ"@pav	
"kokoti"@mi	<http://ids.clld.org/values/9-220-236-1>		<http://ids.clld.org/parameters/9-220>		<http://ids.clld.org/values/9-220-286-3>		"wawak"@pav	
"kokoti"@mi	<http://ids.clld.org/values/9-220-236-1>		<http://ids.clld.org/parameters/9-220>		<http://ids.clld.org/values/9-220-286-9>		"ta"@pav	
"kokoti"@mi	<http://ids.clld.org/values/9-220-236-1>		<http://ids.clld.org/parameters/9-220>		<http://ids.clld.org/values/9-220-286-5>		"nakamʔ"@pav	
"kokoti"@mi	<http://ids.clld.org/values/9-220-236-1>		<http://ids.clld.org/parameters/9-220>		<http://ids.clld.org/values/9-220-286-1>		"wak"@pav	
"tuaraa"@mi	<http://ids.clld.org/values/4-190-236-1>		<http://ids.clld.org/parameters/4-190>		<http://ids.clld.org/values/4-190-286-1>		"warašiʔ"@pav	
"paapaa"@mi	<http://ids.clld.org/values/2-350-236-1>		<http://ids.clld.org/parameters/2-350>		<http://ids.clld.org/values/2-350-286-1>		"te"@pav	
"pao"@mi	<http://ids.clld.org/values/9-210-236-3>		<http://ids.clld.org/parameters/9-210>		<http://ids.clld.org/values/9-210-286-1>		"toʔ"@pav	
"haere mai"@mi	<http://ids.clld.org/values/10-480-236-3>		<http://ids.clld.org/parameters/10-480>		<http://ids.clld.org/values/10-480-286-1>		"makiʔ"@pav	
"pai"@mi	<http://ids.clld.org/values/16-710-236-1>		<http://ids.clld.org/parameters/16-710>		<http://ids.clld.org/values/16-710-286-1>		"awi"@pav	
"kaha"@mi	<http://ids.clld.org/values/9-190-236-3>		<http://ids.clld.org/parameters/9-190>		<http://ids.clld.org/values/9-190-286-1>		"makon (makorišiʔ)"@pav	
"tuki"@mi	<http://ids.clld.org/values/9-210-236-7>		<http://ids.clld.org/parameters/9-210>		<http://ids.clld.org/values/9-210-286-1>		"toʔ"@pav	
"hua manu"@mi	<http://ids.clld.org/values/5-970-236-1>		<http://ids.clld.org/parameters/5-970>		<http://ids.clld.org/values/5-970-286-1>		"arayein"@pav	
"paatere"@mi	<http://ids.clld.org/values/10-320-236-3>		<http://ids.clld.org/parameters/10-320>		<http://ids.clld.org/values/10-320-286-3>		"weweweo"@pav	
"paatere"@mi	<http://ids.clld.org/values/10-320-236-3>		<http://ids.clld.org/parameters/10-320>		<http://ids.clld.org/values/10-320-286-1>		"weo"@pav	
"heeki"@mi	<http://ids.clld.org/values/5-970-236-3>		<http://ids.clld.org/parameters/5-970>		<http://ids.clld.org/values/5-970-286-1>		"arayein"@pav	
"maahuna"@mi	<http://ids.clld.org/values/4-200-236-7>		<http://ids.clld.org/parameters/4-200>		<http://ids.clld.org/values/4-200-286-1>		"winašiʔ (wayiʔ)"@pav	
"whakaaro"@mi	<http://ids.clld.org/values/17-130-236-1>		<http://ids.clld.org/parameters/17-130>		<http://ids.clld.org/values/17-130-286-1>		"koromikat"@pav	
"whiu"@mi	<http://ids.clld.org/values/10-250-236-9>		<http://ids.clld.org/parameters/10-250>		<http://ids.clld.org/values/10-250-286-3>		"wišikaoʔ"@pav	
"whiu"@mi	<http://ids.clld.org/values/10-250-236-9>		<http://ids.clld.org/parameters/10-250>		<http://ids.clld.org/values/10-250-286-1>		"šin"@pav	
"puku"@mi	<http://ids.clld.org/values/4-461-236-1>		<http://ids.clld.org/parameters/4-461>		<http://ids.clld.org/values/4-461-286-1>		"monošiʔ (mon)"@pav	
"peha"@mi	<http://ids.clld.org/values/8-750-236-5>		<http://ids.clld.org/parameters/8-750>		<http://ids.clld.org/values/8-750-286-1>		"tapari"@pav	
"waiho-tia"@mi	<http://ids.clld.org/values/12-140-236-3>		<http://ids.clld.org/parameters/12-140>		<http://ids.clld.org/values/12-140-286-1>		"teremʔ"@pav	
"waiho-tia"@mi	<http://ids.clld.org/values/12-140-236-3>		<http://ids.clld.org/parameters/12-140>		<http://ids.clld.org/values/12-140-286-3>		"tokoʔ"@pav	
"pana-a"@mi	<http://ids.clld.org/values/10-670-236-1>		<http://ids.clld.org/parameters/10-670>		<http://ids.clld.org/values/10-670-286-1>		"yök"@pav	
"manawa"@mi	<http://ids.clld.org/values/4-440-236-1>		<http://ids.clld.org/parameters/4-440>		<http://ids.clld.org/values/4-440-286-1>		"šimišiʔ (šim)"@pav	
"niho"@mi	<http://ids.clld.org/values/4-270-236-1>		<http://ids.clld.org/parameters/4-270>		<http://ids.clld.org/values/4-270-286-1>		"šišiʔ (yat)"@pav	
"momi-a"@mi	<http://ids.clld.org/values/5-160-236-3>		<http://ids.clld.org/parameters/5-160>		<http://ids.clld.org/values/5-160-286-1>		"šok"@pav	
"momi-a"@mi	<http://ids.clld.org/values/5-160-236-3>		<http://ids.clld.org/parameters/5-160>		<http://ids.clld.org/values/5-160-286-3>		"šak"@pav	
"maatotoru"@mi	<http://ids.clld.org/values/12-630-236-1>		<http://ids.clld.org/parameters/12-630>		<http://ids.clld.org/values/12-630-286-1>		"kwere"@pav	
"naakahi"@mi	<http://ids.clld.org/values/3-850-236-3>		<http://ids.clld.org/parameters/3-850>		<http://ids.clld.org/values/3-850-286-1>		"emʔ"@pav	
"puaawai puti-puti"@mi	<http://ids.clld.org/values/8-570-236-5>		<http://ids.clld.org/parameters/8-570>		<http://ids.clld.org/values/8-570-286-3>		"wiyein"@pav	
"puaawai puti-puti"@mi	<http://ids.clld.org/values/8-570-236-5>		<http://ids.clld.org/parameters/8-570>		<http://ids.clld.org/values/8-570-286-1>		"piwain"@pav	
"kimi-hia"@mi	<http://ids.clld.org/values/11-310-236-3>		<http://ids.clld.org/parameters/11-310>		<http://ids.clld.org/values/11-310-286-1>		"noro"@pav	
"roŋo-hia"@mi	<http://ids.clld.org/values/15-210-236-3>		<http://ids.clld.org/parameters/15-210>		<http://ids.clld.org/values/15-210-286-3>		"hu"@pav	
"roŋo-hia"@mi	<http://ids.clld.org/values/15-210-236-3>		<http://ids.clld.org/parameters/15-210>		<http://ids.clld.org/values/15-210-286-1>		"nak"@pav	
"pooraŋi"@mi	<http://ids.clld.org/values/16-420-236-7>		<http://ids.clld.org/parameters/16-420>		<http://ids.clld.org/values/16-420-286-1>		"manaʔ"@pav	
"koowhai"@mi	<http://ids.clld.org/values/15-690-236-1>		<http://ids.clld.org/parameters/15-690>		<http://ids.clld.org/values/15-690-286-1>		"košik"@pav	
"piro"@mi	<http://ids.clld.org/values/5-125-236-1>		<http://ids.clld.org/parameters/5-125>		<http://ids.clld.org/values/5-125-286-1>		"šowuru"@pav	
"tootika"@mi	<http://ids.clld.org/values/16-730-236-5>		<http://ids.clld.org/parameters/16-730>		<http://ids.clld.org/values/16-730-286-1>		"šoʔ"@pav	
"wai"@mi	<http://ids.clld.org/values/1-360-236-5>		<http://ids.clld.org/parameters/1-360>		<http://ids.clld.org/values/1-360-286-1>		"kom"@pav	
"maraŋai"@mi	<http://ids.clld.org/values/1-750-236-5>		<http://ids.clld.org/parameters/1-750>		<http://ids.clld.org/values/1-750-286-1>		"šowiʔ"@pav	
"kaapura"@mi	<http://ids.clld.org/values/1-810-236-3>		<http://ids.clld.org/parameters/1-810>		<http://ids.clld.org/values/1-810-286-1>		"še"@pav	
"mataku"@mi	<http://ids.clld.org/values/16-530-236-1>		<http://ids.clld.org/parameters/16-530>		<http://ids.clld.org/values/16-530-286-1>		"yinʔ"@pav	
"maha"@mi	<http://ids.clld.org/values/13-150-236-1>		<http://ids.clld.org/parameters/13-150>		<http://ids.clld.org/values/13-150-286-1>		"iriʔ miyo/ miya"@pav	
"hono"@mi	<http://ids.clld.org/values/9-160-236-5>		<http://ids.clld.org/parameters/9-160>		<http://ids.clld.org/values/9-160-286-1>		"tuku"@pav	
"tariŋa"@mi	<http://ids.clld.org/values/4-220-236-1>		<http://ids.clld.org/parameters/4-220>		<http://ids.clld.org/values/4-220-286-1>		"tara-yišiʔ (taraʔ)"@pav	
"wheua"@mi	<http://ids.clld.org/values/4-160-236-3>		<http://ids.clld.org/parameters/4-160>		<http://ids.clld.org/values/4-160-286-1>		"arašiʔ (at)"@pav	
"rapu"@mi	<http://ids.clld.org/values/11-310-236-11>		<http://ids.clld.org/parameters/11-310>		<http://ids.clld.org/values/11-310-286-1>		"noro"@pav	
"kaumaatua"@mi	<http://ids.clld.org/values/14-150-236-3>		<http://ids.clld.org/parameters/14-150>		<http://ids.clld.org/values/14-150-286-1>		"maraʔ"@pav	
"kaumaatua"@mi	<http://ids.clld.org/values/14-150-236-3>		<http://ids.clld.org/parameters/14-150>		<http://ids.clld.org/values/14-150-286-3>		"horon"@pav	
"raŋi"@mi	<http://ids.clld.org/values/1-510-236-1>		<http://ids.clld.org/parameters/1-510>		<http://ids.clld.org/values/1-510-286-1>		"nanawin"@pav	
"poo"@mi	<http://ids.clld.org/values/14-420-236-3>		<http://ids.clld.org/parameters/14-420>		<http://ids.clld.org/values/14-420-286-1>		"šim"@pav	
"tirotiro"@mi	<http://ids.clld.org/values/11-310-236-15>		<http://ids.clld.org/parameters/11-310>		<http://ids.clld.org/values/11-310-286-1>		"noro"@pav	
"taawaahi"@mi	<http://ids.clld.org/values/12-440-236-3>		<http://ids.clld.org/parameters/12-440>		<http://ids.clld.org/values/12-440-286-1>		"pira"@pav	
"raakau"@mi	<http://ids.clld.org/values/1-420-236-1>		<http://ids.clld.org/parameters/1-420>		<http://ids.clld.org/values/1-420-286-1>		"pana"@pav	
"taimaha"@mi	<http://ids.clld.org/values/15-810-236-1>		<http://ids.clld.org/parameters/15-810>		<http://ids.clld.org/values/15-810-286-3>		"taʔ man"@pav	
"taimaha"@mi	<http://ids.clld.org/values/15-810-236-1>		<http://ids.clld.org/parameters/15-810>		<http://ids.clld.org/values/15-810-286-1>		"šite"@pav	
"taimaha"@mi	<http://ids.clld.org/values/15-810-236-1>		<http://ids.clld.org/parameters/15-810>		<http://ids.clld.org/values/15-810-286-5>		"teʔ man"@pav	
"maaeke"@mi	<http://ids.clld.org/values/15-860-236-3>		<http://ids.clld.org/parameters/15-860>		<http://ids.clld.org/values/15-860-286-1>		"šio"@pav	
"maaeke"@mi	<http://ids.clld.org/values/15-860-236-3>		<http://ids.clld.org/parameters/15-860>		<http://ids.clld.org/values/15-860-286-3>		"kapinʔ"@pav	
"koutou"@mi	<http://ids.clld.org/values/2-950-236-1>		<http://ids.clld.org/parameters/2-950>		<http://ids.clld.org/values/2-950-286-1>		"wahuʔ"@pav	
"taatari-tia"@mi	<http://ids.clld.org/values/9-343-236-5>		<http://ids.clld.org/parameters/9-343>		<http://ids.clld.org/values/9-343-286-1>		"humʔ"@pav	
"rahi-rahi"@mi	<http://ids.clld.org/values/12-650-236-1>		<http://ids.clld.org/parameters/12-650>		<http://ids.clld.org/values/12-650-286-1>		"šašiʔ"@pav	
"piki"@mi	<http://ids.clld.org/values/4-393-236-5>		<http://ids.clld.org/parameters/4-393>		<http://ids.clld.org/values/4-393-286-1>		"tenenein (šun)"@pav	
"waha"@mi	<http://ids.clld.org/values/4-240-236-5>		<http://ids.clld.org/parameters/4-240>		<http://ids.clld.org/values/4-240-286-1>		"kapiyašiʔ (topak)"@pav	
"tini"@mi	<http://ids.clld.org/values/13-150-236-3>		<http://ids.clld.org/parameters/13-150>		<http://ids.clld.org/values/13-150-286-1>		"iriʔ miyo/ miya"@pav	
"parihau"@mi	<http://ids.clld.org/values/4-392-236-3>		<http://ids.clld.org/parameters/4-392>		<http://ids.clld.org/values/4-392-286-1>		"tapaši"@pav	
"mahana"@mi	<http://ids.clld.org/values/15-851-236-1>		<http://ids.clld.org/parameters/15-851>		<http://ids.clld.org/values/15-851-286-3>		"nonoe"@pav	
"mahana"@mi	<http://ids.clld.org/values/15-851-236-1>		<http://ids.clld.org/parameters/15-851>		<http://ids.clld.org/values/15-851-286-1>		"šain"@pav	
"hiŋa"@mi	<http://ids.clld.org/values/10-230-236-1>		<http://ids.clld.org/parameters/10-230>		<http://ids.clld.org/values/10-230-286-3>		"kamaraʔ"@pav	
"hiŋa"@mi	<http://ids.clld.org/values/10-230-236-1>		<http://ids.clld.org/parameters/10-230>		<http://ids.clld.org/values/10-230-286-1>		"panʔ"@pav	
"rua"@mi	<http://ids.clld.org/values/13-20-236-1>		<http://ids.clld.org/parameters/13-20>		<http://ids.clld.org/values/13-20-286-1>		"tuku karakan"@pav	
"tuwha-ina"@mi	<http://ids.clld.org/values/4-560-236-1>		<http://ids.clld.org/parameters/4-560>		<http://ids.clld.org/values/4-560-286-1>		"hupaʔ"@pav	
"maatau-ria"@mi	<http://ids.clld.org/values/17-170-236-3>		<http://ids.clld.org/parameters/17-170>		<http://ids.clld.org/values/17-170-286-1>		"tašiʔ"@pav	
"maatau-ria"@mi	<http://ids.clld.org/values/17-170-236-3>		<http://ids.clld.org/parameters/17-170>		<http://ids.clld.org/values/17-170-286-3>		"kerek"@pav	
"maatau-ria"@mi	<http://ids.clld.org/values/17-170-236-3>		<http://ids.clld.org/parameters/17-170>		<http://ids.clld.org/values/17-170-286-5>		"kerek pinʔ"@pav	
"puehu"@mi	<http://ids.clld.org/values/1-213-236-3>		<http://ids.clld.org/parameters/1-213>		<http://ids.clld.org/values/1-213-286-1>		"tainʔ"@pav	
"kanoi"@mi	<http://ids.clld.org/values/9-190-236-7>		<http://ids.clld.org/parameters/9-190>		<http://ids.clld.org/values/9-190-286-1>		"makon (makorišiʔ)"@pav	
"whiiore"@mi	<http://ids.clld.org/values/4-180-236-1>		<http://ids.clld.org/parameters/4-180>		<http://ids.clld.org/values/4-180-286-1>		"kahwerein"@pav	
"kaamaka"@mi	<http://ids.clld.org/values/1-440-236-11>		<http://ids.clld.org/parameters/1-440>		<http://ids.clld.org/values/1-440-286-1>		"pakun"@pav	
"raa"@mi	<http://ids.clld.org/values/14-410-236-1>		<http://ids.clld.org/parameters/14-410>		<http://ids.clld.org/values/14-410-286-1>		"šek"@pav	
"kau-taahoe"@mi	<http://ids.clld.org/values/10-350-236-7>		<http://ids.clld.org/parameters/10-350>		<http://ids.clld.org/values/10-350-286-3>		"panʔ karakam"@pav	
"kau-taahoe"@mi	<http://ids.clld.org/values/10-350-236-7>		<http://ids.clld.org/parameters/10-350>		<http://ids.clld.org/values/10-350-286-1>		"panʔ kam"@pav	
"waahi-a"@mi	<http://ids.clld.org/values/9-270-236-1>		<http://ids.clld.org/parameters/9-270>		<http://ids.clld.org/values/9-270-286-1>		"toʔ pahot"@pav	
"waahi-a"@mi	<http://ids.clld.org/values/9-270-236-1>		<http://ids.clld.org/parameters/9-270>		<http://ids.clld.org/values/9-270-286-3>		"toʔ pahorohot"@pav	
"tote"@mi	<http://ids.clld.org/values/5-810-236-1>		<http://ids.clld.org/parameters/5-810>		<http://ids.clld.org/values/5-810-286-1>		"[sal]"@pav	
"maaŋai"@mi	<http://ids.clld.org/values/4-240-236-1>		<http://ids.clld.org/parameters/4-240>		<http://ids.clld.org/values/4-240-286-1>		"kapiyašiʔ (topak)"@pav	
"maakuukuu"@mi	<http://ids.clld.org/values/15-830-236-1>		<http://ids.clld.org/parameters/15-830>		<http://ids.clld.org/values/15-830-286-1>		"šoʔ"@pav	
"hiikoi"@mi	<http://ids.clld.org/values/10-450-236-1>		<http://ids.clld.org/parameters/10-450>		<http://ids.clld.org/values/10-450-286-1>		"šut"@pav	
"hiikoi"@mi	<http://ids.clld.org/values/10-450-236-1>		<http://ids.clld.org/parameters/10-450>		<http://ids.clld.org/values/10-450-286-3>		"šurušut"@pav	
"haramai"@mi	<http://ids.clld.org/values/10-480-236-5>		<http://ids.clld.org/parameters/10-480>		<http://ids.clld.org/values/10-480-286-1>		"makiʔ"@pav	
"oka-ina"@mi	<http://ids.clld.org/values/9-223-236-1>		<http://ids.clld.org/parameters/9-223>		<http://ids.clld.org/values/9-223-286-1>		"šukunʔ"@pav	
"waina"@mi	<http://ids.clld.org/values/8-670-236-1>		<http://ids.clld.org/parameters/8-670>		<http://ids.clld.org/values/8-670-286-1>		"makon (makorišiʔ)"@pav	
"moe-a"@mi	<http://ids.clld.org/values/4-610-236-1>		<http://ids.clld.org/parameters/4-610>		<http://ids.clld.org/values/4-610-286-1>		"piʔam"@pav	
"maa-tau"@mi	<http://ids.clld.org/values/2-942-236-1>		<http://ids.clld.org/parameters/2-942>		<http://ids.clld.org/values/2-942-286-1>		"warut"@pav	
"maateŋa"@mi	<http://ids.clld.org/values/4-200-236-3>		<http://ids.clld.org/parameters/4-200>		<http://ids.clld.org/values/4-200-286-1>		"winašiʔ (wayiʔ)"@pav	
"toto"@mi	<http://ids.clld.org/values/4-150-236-1>		<http://ids.clld.org/parameters/4-150>		<http://ids.clld.org/values/4-150-286-1>		"kišiʔ (wik)"@pav	
"(w)hiiroki"@mi	<http://ids.clld.org/values/12-650-236-7>		<http://ids.clld.org/parameters/12-650>		<http://ids.clld.org/values/12-650-286-1>		"šašiʔ"@pav	
"ouou"@mi	<http://ids.clld.org/values/13-170-236-7>		<http://ids.clld.org/parameters/13-170>		<http://ids.clld.org/values/13-170-286-1>		"parek"@pav	
"whaka-ea-ea"@mi	<http://ids.clld.org/values/4-510-236-3>		<http://ids.clld.org/parameters/4-510>		<http://ids.clld.org/values/4-510-286-1>		"wereme"@pav	
"hauora"@mi	<http://ids.clld.org/values/1-720-236-5>		<http://ids.clld.org/parameters/1-720>		<http://ids.clld.org/values/1-720-286-1>		"hotowa"@pav	
"pupuhi"@mi	<http://ids.clld.org/values/4-853-236-3>		<http://ids.clld.org/parameters/4-853>		<http://ids.clld.org/values/4-853-286-1>		"mom"@pav	
"poto"@mi	<http://ids.clld.org/values/13-170-236-3>		<http://ids.clld.org/parameters/13-170>		<http://ids.clld.org/values/13-170-286-1>		"parek"@pav	
"pua"@mi	<http://ids.clld.org/values/8-570-236-1>		<http://ids.clld.org/parameters/8-570>		<http://ids.clld.org/values/8-570-286-3>		"wiyein"@pav	
"pua"@mi	<http://ids.clld.org/values/8-570-236-1>		<http://ids.clld.org/parameters/8-570>		<http://ids.clld.org/values/8-570-286-1>		"piwain"@pav	
"koroua"@mi	<http://ids.clld.org/values/14-150-236-7>		<http://ids.clld.org/parameters/14-150>		<http://ids.clld.org/values/14-150-286-1>		"maraʔ"@pav	
"koroua"@mi	<http://ids.clld.org/values/14-150-236-7>		<http://ids.clld.org/parameters/14-150>		<http://ids.clld.org/values/14-150-286-3>		"horon"@pav	
"taumaha"@mi	<http://ids.clld.org/values/15-810-236-3>		<http://ids.clld.org/parameters/15-810>		<http://ids.clld.org/values/15-810-286-3>		"taʔ man"@pav	
"taumaha"@mi	<http://ids.clld.org/values/15-810-236-3>		<http://ids.clld.org/parameters/15-810>		<http://ids.clld.org/values/15-810-286-1>		"šite"@pav	
"taumaha"@mi	<http://ids.clld.org/values/15-810-236-3>		<http://ids.clld.org/parameters/15-810>		<http://ids.clld.org/values/15-810-286-5>		"teʔ man"@pav	
"whai-whai"@mi	<http://ids.clld.org/values/20-610-236-1>		<http://ids.clld.org/parameters/20-610>		<http://ids.clld.org/values/20-610-286-1>		"yiʔam"@pav	
"kite"@mi	<http://ids.clld.org/values/15-510-236-5>		<http://ids.clld.org/parameters/15-510>		<http://ids.clld.org/values/15-510-286-1>		"kerek"@pav	
"tuu"@mi	<http://ids.clld.org/values/12-150-236-1>		<http://ids.clld.org/parameters/12-150>		<http://ids.clld.org/values/12-150-286-1>		"tekiʔ pe"@pav	
"tuu"@mi	<http://ids.clld.org/values/12-150-236-1>		<http://ids.clld.org/parameters/12-150>		<http://ids.clld.org/values/12-150-286-3>		"tekiʔ to"@pav	
"maahara-hara"@mi	<http://ids.clld.org/values/17-130-236-3>		<http://ids.clld.org/parameters/17-130>		<http://ids.clld.org/values/17-130-286-1>		"koromikat"@pav	
"pae"@mi	<http://ids.clld.org/values/12-810-236-5>		<http://ids.clld.org/parameters/12-810>		<http://ids.clld.org/values/12-810-286-1>		"monoʔo"@pav	
"ŋahe-ŋahe"@mi	<http://ids.clld.org/values/1-410-236-5>		<http://ids.clld.org/parameters/1-410>		<http://ids.clld.org/values/1-410-286-1>		"nahwarak"@pav	
"koroheke"@mi	<http://ids.clld.org/values/14-150-236-5>		<http://ids.clld.org/parameters/14-150>		<http://ids.clld.org/values/14-150-286-1>		"maraʔ"@pav	
"koroheke"@mi	<http://ids.clld.org/values/14-150-236-5>		<http://ids.clld.org/parameters/14-150>		<http://ids.clld.org/values/14-150-286-3>		"horon"@pav	
"kukume"@mi	<http://ids.clld.org/values/9-330-236-3>		<http://ids.clld.org/parameters/9-330>		<http://ids.clld.org/values/9-330-286-1>		"kök"@pav	
"raŋo-na"@mi	<http://ids.clld.org/values/15-410-236-3>		<http://ids.clld.org/parameters/15-410>		<http://ids.clld.org/values/15-410-286-1>		"tarayu"@pav	
"huuware"@mi	<http://ids.clld.org/values/4-560-236-3>		<http://ids.clld.org/parameters/4-560>		<http://ids.clld.org/values/4-560-286-1>		"hupaʔ"@pav	
"puutane-tane"@mi	<http://ids.clld.org/values/4-570-236-5>		<http://ids.clld.org/parameters/4-570>		<http://ids.clld.org/values/4-570-286-1>		"weʔ"@pav	
"mata-kite"@mi	<http://ids.clld.org/values/15-510-236-3>		<http://ids.clld.org/parameters/15-510>		<http://ids.clld.org/values/15-510-286-1>		"kerek"@pav	
"tama"@mi	<http://ids.clld.org/values/2-230-236-7>		<http://ids.clld.org/parameters/2-230>		<http://ids.clld.org/values/2-230-286-1>		"taramaʔ"@pav	
"whaka-tika-ia"@mi	<http://ids.clld.org/values/16-730-236-7>		<http://ids.clld.org/parameters/16-730>		<http://ids.clld.org/values/16-730-286-1>		"šoʔ"@pav	
"kapua"@mi	<http://ids.clld.org/values/1-730-236-1>		<http://ids.clld.org/parameters/1-730>		<http://ids.clld.org/values/1-730-286-1>		"tayain nanawin"@pav	
"tame"@mi	<http://ids.clld.org/values/2-230-236-3>		<http://ids.clld.org/parameters/2-230>		<http://ids.clld.org/values/2-230-286-1>		"taramaʔ"@pav	
"toimaha"@mi	<http://ids.clld.org/values/15-810-236-5>		<http://ids.clld.org/parameters/15-810>		<http://ids.clld.org/values/15-810-286-3>		"taʔ man"@pav	
"toimaha"@mi	<http://ids.clld.org/values/15-810-236-5>		<http://ids.clld.org/parameters/15-810>		<http://ids.clld.org/values/15-810-286-1>		"šite"@pav	
"toimaha"@mi	<http://ids.clld.org/values/15-810-236-5>		<http://ids.clld.org/parameters/15-810>		<http://ids.clld.org/values/15-810-286-5>		"teʔ man"@pav	
"puku-riri"@mi	<http://ids.clld.org/values/16-420-236-3>		<http://ids.clld.org/parameters/16-420>		<http://ids.clld.org/values/16-420-286-1>		"manaʔ"@pav	
"teera"@mi	<http://ids.clld.org/values/4-180-236-3>		<http://ids.clld.org/parameters/4-180>		<http://ids.clld.org/values/4-180-286-1>		"kahwerein"@pav	
"(muku)muku-a"@mi	<http://ids.clld.org/values/9-310-236-5>		<http://ids.clld.org/parameters/9-310>		<http://ids.clld.org/values/9-310-286-1>		"šik"@pav	
"ahau"@mi	<http://ids.clld.org/values/2-910-236-3>		<http://ids.clld.org/parameters/2-910>		<http://ids.clld.org/values/2-910-286-1>		"wataʔ"@pav	
"epa"@mi	<http://ids.clld.org/values/10-250-236-11>		<http://ids.clld.org/parameters/10-250>		<http://ids.clld.org/values/10-250-286-3>		"wišikaoʔ"@pav	
"epa"@mi	<http://ids.clld.org/values/10-250-236-11>		<http://ids.clld.org/parameters/10-250>		<http://ids.clld.org/values/10-250-286-1>		"šin"@pav	
"ŋaarara"@mi	<http://ids.clld.org/values/3-850-236-1>		<http://ids.clld.org/parameters/3-850>		<http://ids.clld.org/values/3-850-286-1>		"emʔ"@pav	
"koo atu"@mi	<http://ids.clld.org/values/12-440-236-7>		<http://ids.clld.org/parameters/12-440>		<http://ids.clld.org/values/12-440-286-1>		"pira"@pav	
"waiata-tia"@mi	<http://ids.clld.org/values/18-120-236-1>		<http://ids.clld.org/parameters/18-120>		<http://ids.clld.org/values/18-120-286-1>		"kom"@pav	
"roroi"@mi	<http://ids.clld.org/values/5-480-236-9>		<http://ids.clld.org/parameters/5-480>		<http://ids.clld.org/values/5-480-286-1>		"kuruk"@pav	
"makariri"@mi	<http://ids.clld.org/values/15-860-236-5>		<http://ids.clld.org/parameters/15-860>		<http://ids.clld.org/values/15-860-286-1>		"šio"@pav	
"makariri"@mi	<http://ids.clld.org/values/15-860-236-5>		<http://ids.clld.org/parameters/15-860>		<http://ids.clld.org/values/15-860-286-3>		"kapinʔ"@pav	
"roromi"@mi	<http://ids.clld.org/values/9-343-236-1>		<http://ids.clld.org/parameters/9-343>		<http://ids.clld.org/values/9-343-286-1>		"humʔ"@pav	
"tapeha"@mi	<http://ids.clld.org/values/4-120-236-5>		<http://ids.clld.org/parameters/4-120>		<http://ids.clld.org/values/4-120-286-1>		"taparišiʔ"@pav	
"karaaihe"@mi	<http://ids.clld.org/values/8-510-236-1>		<http://ids.clld.org/parameters/8-510>		<http://ids.clld.org/values/8-510-286-1>		"tononoin"@pav	
"maikuku"@mi	<http://ids.clld.org/values/4-345-236-3>		<http://ids.clld.org/parameters/4-345>		<http://ids.clld.org/values/4-345-286-1>		"šikinain"@pav	
"one"@mi	<http://ids.clld.org/values/1-215-236-3>		<http://ids.clld.org/parameters/1-215>		<http://ids.clld.org/values/1-215-286-1>		"namayi"@pav	
"(kau)kau-ria"@mi	<http://ids.clld.org/values/10-350-236-3>		<http://ids.clld.org/parameters/10-350>		<http://ids.clld.org/values/10-350-286-3>		"panʔ karakam"@pav	
"(kau)kau-ria"@mi	<http://ids.clld.org/values/10-350-236-3>		<http://ids.clld.org/parameters/10-350>		<http://ids.clld.org/values/10-350-286-1>		"panʔ kam"@pav	
"kaa-ŋia"@mi	<http://ids.clld.org/values/1-851-236-1>		<http://ids.clld.org/parameters/1-851>		<http://ids.clld.org/values/1-851-286-3>		"wiran"@pav	
"kaa-ŋia"@mi	<http://ids.clld.org/values/1-851-236-1>		<http://ids.clld.org/parameters/1-851>		<http://ids.clld.org/values/1-851-286-1>		"tom"@pav	
"kaa-ŋia"@mi	<http://ids.clld.org/values/1-851-236-1>		<http://ids.clld.org/parameters/1-851>		<http://ids.clld.org/values/1-851-286-5>		"karahoʔ"@pav	
"raaua"@mi	<http://ids.clld.org/values/2-960-236-1>		<http://ids.clld.org/parameters/2-960>		<http://ids.clld.org/values/2-960-286-1>		"karam maʔ"@pav	
"poowhatu"@mi	<http://ids.clld.org/values/1-440-236-5>		<http://ids.clld.org/parameters/1-440>		<http://ids.clld.org/values/1-440-286-1>		"pakun"@pav	
"whero"@mi	<http://ids.clld.org/values/15-660-236-1>		<http://ids.clld.org/parameters/15-660>		<http://ids.clld.org/values/15-660-286-1>		"pakaʔ"@pav	
"whaka-topa"@mi	<http://ids.clld.org/values/10-370-236-5>		<http://ids.clld.org/parameters/10-370>		<http://ids.clld.org/values/10-370-286-3>		"toin"@pav	
"whaka-topa"@mi	<http://ids.clld.org/values/10-370-236-5>		<http://ids.clld.org/parameters/10-370>		<http://ids.clld.org/values/10-370-286-1>		"takiʔ"@pav	
"haahaa"@mi	<http://ids.clld.org/values/11-310-236-5>		<http://ids.clld.org/parameters/11-310>		<http://ids.clld.org/values/11-310-286-1>		"noro"@pav	
"maruu"@mi	<http://ids.clld.org/values/13-210-236-3>		<http://ids.clld.org/parameters/13-210>		<http://ids.clld.org/values/13-210-286-5>		"maʔam"@pav	
"maruu"@mi	<http://ids.clld.org/values/13-210-236-3>		<http://ids.clld.org/parameters/13-210>		<http://ids.clld.org/values/13-210-286-3>		"moromoinʔ"@pav	
"maruu"@mi	<http://ids.clld.org/values/13-210-236-3>		<http://ids.clld.org/parameters/13-210>		<http://ids.clld.org/values/13-210-286-1>		"moinʔ"@pav	
"poohatu"@mi	<http://ids.clld.org/values/1-440-236-7>		<http://ids.clld.org/parameters/1-440>		<http://ids.clld.org/values/1-440-286-1>		"pakun"@pav	
"uu"@mi	<http://ids.clld.org/values/4-410-236-5>		<http://ids.clld.org/parameters/4-410>		<http://ids.clld.org/values/4-410-286-1>		"karašišiʔ (katat)"@pav	
"riŋa-riŋa"@mi	<http://ids.clld.org/values/4-330-236-1>		<http://ids.clld.org/parameters/4-330>		<http://ids.clld.org/values/4-330-286-1>		"mišiʔ"@pav	
"riŋa-riŋa"@mi	<http://ids.clld.org/values/4-330-236-1>		<http://ids.clld.org/parameters/4-330>		<http://ids.clld.org/values/4-330-286-3>		"(umʔ)"@pav	
"ota"@mi	<http://ids.clld.org/values/5-110-236-3>		<http://ids.clld.org/parameters/5-110>		<http://ids.clld.org/values/5-110-286-1>		"kaoʔ"@pav	
"ota"@mi	<http://ids.clld.org/values/5-110-236-3>		<http://ids.clld.org/parameters/5-110>		<http://ids.clld.org/values/5-110-286-3>		"kakakaoʔ"@pav	
"mea-tia"@mi	<http://ids.clld.org/values/18-220-236-5>		<http://ids.clld.org/parameters/18-220>		<http://ids.clld.org/values/18-220-286-1>		"tomiʔ šoʔ"@pav	
"hauŋa"@mi	<http://ids.clld.org/values/5-125-236-5>		<http://ids.clld.org/parameters/5-125>		<http://ids.clld.org/values/5-125-286-1>		"šowuru"@pav	
"tākaro"@mi	<http://ids.clld.org/values/16-260-236-3>		<http://ids.clld.org/parameters/16-260>		<http://ids.clld.org/values/16-260-286-1>		"warayu"@pav	
"kura"@mi	<http://ids.clld.org/values/15-660-236-5>		<http://ids.clld.org/parameters/15-660>		<http://ids.clld.org/values/15-660-286-1>		"pakaʔ"@pav	
"maa"@mi	<http://ids.clld.org/values/15-640-236-1>		<http://ids.clld.org/parameters/15-640>		<http://ids.clld.org/values/15-640-286-1>		"towoʔ"@pav	
"whaaki-na"@mi	<http://ids.clld.org/values/18-210-236-9>		<http://ids.clld.org/parameters/18-210>		<http://ids.clld.org/values/18-210-286-1>		"tomiʔ"@pav	
"taapae"@mi	<http://ids.clld.org/values/12-140-236-5>		<http://ids.clld.org/parameters/12-140>		<http://ids.clld.org/values/12-140-286-1>		"teremʔ"@pav	
"taapae"@mi	<http://ids.clld.org/values/12-140-236-5>		<http://ids.clld.org/parameters/12-140>		<http://ids.clld.org/values/12-140-286-3>		"tokoʔ"@pav	
"(ra)rawhia"@mi	<http://ids.clld.org/values/11-150-236-5>		<http://ids.clld.org/parameters/11-150>		<http://ids.clld.org/values/11-150-286-1>		"kep"@pav	
"roto"@mi	<http://ids.clld.org/values/1-330-236-1>		<http://ids.clld.org/parameters/1-330>		<http://ids.clld.org/values/1-330-286-1>		"šuteremʔ"@pav	
"maaene-ene"@mi	<http://ids.clld.org/values/15-770-236-1>		<http://ids.clld.org/parameters/15-770>		<http://ids.clld.org/values/15-770-286-1>		"topišik"@pav	
"teenei..."@mi	<http://ids.clld.org/values/13-140-236-3>		<http://ids.clld.org/parameters/13-140>		<http://ids.clld.org/values/13-140-286-1>		"šam"@pav	
"maka"@mi	<http://ids.clld.org/values/10-250-236-3>		<http://ids.clld.org/parameters/10-250>		<http://ids.clld.org/values/10-250-286-3>		"wišikaoʔ"@pav	
"maka"@mi	<http://ids.clld.org/values/10-250-236-3>		<http://ids.clld.org/parameters/10-250>		<http://ids.clld.org/values/10-250-286-1>		"šin"@pav	
"koi"@mi	<http://ids.clld.org/values/15-780-236-1>		<http://ids.clld.org/parameters/15-780>		<http://ids.clld.org/values/15-780-286-1>		"šaʔ"@pav	
"mea-tia"@mi	<http://ids.clld.org/values/18-210-236-3>		<http://ids.clld.org/parameters/18-210>		<http://ids.clld.org/values/18-210-286-1>		"tomiʔ"@pav	
"paake"@mi	<http://ids.clld.org/values/2-100-236-3>		<http://ids.clld.org/parameters/2-100>		<http://ids.clld.org/values/2-100-286-1>		"wariʔ"@pav	
"whaea"@mi	<http://ids.clld.org/values/2-360-236-3>		<http://ids.clld.org/parameters/2-360>		<http://ids.clld.org/values/2-360-286-1>		"naʔ"@pav	
"ŋahere"@mi	<http://ids.clld.org/values/1-410-236-1>		<http://ids.clld.org/parameters/1-410>		<http://ids.clld.org/values/1-410-286-1>		"nahwarak"@pav	
"hau"@mi	<http://ids.clld.org/values/2-910-236-7>		<http://ids.clld.org/parameters/2-910>		<http://ids.clld.org/values/2-910-286-1>		"wataʔ"@pav	
"pono"@mi	<http://ids.clld.org/values/16-730-236-1>		<http://ids.clld.org/parameters/16-730>		<http://ids.clld.org/values/16-730-286-1>		"šoʔ"@pav	
"ketu"@mi	<http://ids.clld.org/values/8-220-236-5>		<http://ids.clld.org/parameters/8-220>		<http://ids.clld.org/values/8-220-286-1>		"še"@pav	
"ketu"@mi	<http://ids.clld.org/values/8-220-236-5>		<http://ids.clld.org/parameters/8-220>		<http://ids.clld.org/values/8-220-286-3>		"šikeʔ"@pav	
"koohuŋa-huŋa"@mi	<http://ids.clld.org/values/2-270-236-3>		<http://ids.clld.org/parameters/2-270>		<http://ids.clld.org/values/2-270-286-1>		"piyeʔ"@pav	
"hemo"@mi	<http://ids.clld.org/values/4-750-236-3>		<http://ids.clld.org/parameters/4-750>		<http://ids.clld.org/values/4-750-286-3>		"konoʔ"@pav	
"hemo"@mi	<http://ids.clld.org/values/4-750-236-3>		<http://ids.clld.org/parameters/4-750>		<http://ids.clld.org/values/4-750-286-1>		"miʔ pin"@pav	
"koe"@mi	<http://ids.clld.org/values/2-920-236-1>		<http://ids.clld.org/parameters/2-920>		<http://ids.clld.org/values/2-920-286-1>		"wum"@pav	
"ao-hia"@mi	<http://ids.clld.org/values/1-730-236-3>		<http://ids.clld.org/parameters/1-730>		<http://ids.clld.org/values/1-730-286-1>		"tayain nanawin"@pav	
"awa"@mi	<http://ids.clld.org/values/1-360-236-1>		<http://ids.clld.org/parameters/1-360>		<http://ids.clld.org/values/1-360-286-1>		"kom"@pav	
"hua"@mi	<http://ids.clld.org/values/5-710-236-1>		<http://ids.clld.org/parameters/5-710>		<http://ids.clld.org/values/5-710-286-3>		"winain"@pav	
"hua"@mi	<http://ids.clld.org/values/5-710-236-1>		<http://ids.clld.org/parameters/5-710>		<http://ids.clld.org/values/5-710-286-1>		"memem"@pav	
"(ra)rapi-hia"@mi	<http://ids.clld.org/values/4-345-236-5>		<http://ids.clld.org/parameters/4-345>		<http://ids.clld.org/values/4-345-286-1>		"šikinain"@pav	
"maka-a"@mi	<http://ids.clld.org/values/10-250-236-1>		<http://ids.clld.org/parameters/10-250>		<http://ids.clld.org/values/10-250-286-3>		"wišikaoʔ"@pav	
"maka-a"@mi	<http://ids.clld.org/values/10-250-236-1>		<http://ids.clld.org/parameters/10-250>		<http://ids.clld.org/values/10-250-286-1>		"šin"@pav	
"paoa"@mi	<http://ids.clld.org/values/1-830-236-1>		<http://ids.clld.org/parameters/1-830>		<http://ids.clld.org/values/1-830-286-1>		"tainʔ"@pav	
"matua wahine"@mi	<http://ids.clld.org/values/2-360-236-1>		<http://ids.clld.org/parameters/2-360>		<http://ids.clld.org/values/2-360-286-1>		"naʔ"@pav	
"rau"@mi	<http://ids.clld.org/values/8-560-236-1>		<http://ids.clld.org/parameters/8-560>		<http://ids.clld.org/values/8-560-286-1>		"tenenein"@pav	
"here-a"@mi	<http://ids.clld.org/values/9-160-236-3>		<http://ids.clld.org/parameters/9-160>		<http://ids.clld.org/values/9-160-286-1>		"tuku"@pav	
"iwi"@mi	<http://ids.clld.org/values/4-160-236-1>		<http://ids.clld.org/parameters/4-160>		<http://ids.clld.org/values/4-160-286-1>		"arašiʔ (at)"@pav	
"hinu"@mi	<http://ids.clld.org/values/5-791-236-1>		<http://ids.clld.org/parameters/5-791>		<http://ids.clld.org/values/5-791-286-1>		"homain"@pav	
"karu"@mi	<http://ids.clld.org/values/4-210-236-3>		<http://ids.clld.org/parameters/4-210>		<http://ids.clld.org/values/4-210-286-1>		"tokošiʔ (tok)"@pav	
"maakuu"@mi	<http://ids.clld.org/values/15-830-236-5>		<http://ids.clld.org/parameters/15-830>		<http://ids.clld.org/values/15-830-286-1>		"šoʔ"@pav	
"wae-wae"@mi	<http://ids.clld.org/values/4-370-236-1>		<http://ids.clld.org/parameters/4-370>		<http://ids.clld.org/values/4-370-286-1>		"kašimašiʔ (kašim)"@pav	
"paatiitii"@mi	<http://ids.clld.org/values/8-510-236-3>		<http://ids.clld.org/parameters/8-510>		<http://ids.clld.org/values/8-510-286-1>		"tononoin"@pav	
"tui"@mi	<http://ids.clld.org/values/6-350-236-1>		<http://ids.clld.org/parameters/6-350>		<http://ids.clld.org/values/6-350-286-1>		"ok"@pav	
"waahine"@mi	<http://ids.clld.org/values/2-220-236-3>		<http://ids.clld.org/parameters/2-220>		<http://ids.clld.org/values/2-220-286-1>		"narimaʔ"@pav	
"taa-ou"@mi	<http://ids.clld.org/values/2-941-236-1>		<http://ids.clld.org/parameters/2-941>		<http://ids.clld.org/values/2-941-286-1>		"wariʔ"@pav	
"taura"@mi	<http://ids.clld.org/values/9-190-236-1>		<http://ids.clld.org/parameters/9-190>		<http://ids.clld.org/values/9-190-286-1>		"makon (makorišiʔ)"@pav	
"paakau"@mi	<http://ids.clld.org/values/4-392-236-5>		<http://ids.clld.org/parameters/4-392>		<http://ids.clld.org/values/4-392-286-1>		"tapaši"@pav	
"ŋaakau"@mi	<http://ids.clld.org/values/4-440-236-3>		<http://ids.clld.org/parameters/4-440>		<http://ids.clld.org/values/4-440-286-1>		"šimišiʔ (šim)"@pav	
"hau"@mi	<http://ids.clld.org/values/1-720-236-1>		<http://ids.clld.org/parameters/1-720>		<http://ids.clld.org/values/1-720-286-1>		"hotowa"@pav	
"koowhatu"@mi	<http://ids.clld.org/values/1-440-236-1>		<http://ids.clld.org/parameters/1-440>		<http://ids.clld.org/values/1-440-286-1>		"pakun"@pav	
"taane"@mi	<http://ids.clld.org/values/2-210-236-3>		<http://ids.clld.org/parameters/2-210>		<http://ids.clld.org/values/2-210-286-1>		"taramaʔ"@pav	
"puke"@mi	<http://ids.clld.org/values/1-220-236-3>		<http://ids.clld.org/parameters/1-220>		<http://ids.clld.org/values/1-220-286-1>		"pakun"@pav	
"maa-ua"@mi	<http://ids.clld.org/values/2-942-236-5>		<http://ids.clld.org/parameters/2-942>		<http://ids.clld.org/values/2-942-286-1>		"warut"@pav	
"ia"@mi	<http://ids.clld.org/values/2-930-236-1>		<http://ids.clld.org/parameters/2-930>		<http://ids.clld.org/values/2-930-286-1>		"ko maʔ"@pav	
"rahi"@mi	<http://ids.clld.org/values/12-550-236-3>		<http://ids.clld.org/parameters/12-550>		<http://ids.clld.org/values/12-550-286-1>		"hwaraʔ"@pav	
"rahi"@mi	<http://ids.clld.org/values/12-550-236-3>		<http://ids.clld.org/parameters/12-550>		<http://ids.clld.org/values/12-550-286-3>		"horon"@pav	
"whatu"@mi	<http://ids.clld.org/values/4-210-236-9>		<http://ids.clld.org/parameters/4-210>		<http://ids.clld.org/values/4-210-286-1>		"tokošiʔ (tok)"@pav	
"patu"@mi	<http://ids.clld.org/values/4-760-236-3>		<http://ids.clld.org/parameters/4-760>		<http://ids.clld.org/values/4-760-286-1>		"paʔ"@pav	
"tamaiti"@mi	<http://ids.clld.org/values/2-270-236-1>		<http://ids.clld.org/parameters/2-270>		<http://ids.clld.org/values/2-270-286-1>		"piyeʔ"@pav	
"paa-kia"@mi	<http://ids.clld.org/values/9-210-236-9>		<http://ids.clld.org/parameters/9-210>		<http://ids.clld.org/values/9-210-286-1>		"toʔ"@pav	
"pura-pura"@mi	<http://ids.clld.org/values/8-311-236-3>		<http://ids.clld.org/parameters/8-311>		<http://ids.clld.org/values/8-311-286-1>		"tokwi"@pav	
"iŋoa"@mi	<http://ids.clld.org/values/18-280-236-1>		<http://ids.clld.org/parameters/18-280>		<http://ids.clld.org/values/18-280-286-1>		"wišišiʔ (wit)"@pav	
"whiu-a"@mi	<http://ids.clld.org/values/10-250-236-7>		<http://ids.clld.org/parameters/10-250>		<http://ids.clld.org/values/10-250-286-3>		"wišikaoʔ"@pav	
"whiu-a"@mi	<http://ids.clld.org/values/10-250-236-7>		<http://ids.clld.org/parameters/10-250>		<http://ids.clld.org/values/10-250-286-1>		"šin"@pav	
"poo-ŋia"@mi	<http://ids.clld.org/values/14-420-236-1>		<http://ids.clld.org/parameters/14-420>		<http://ids.clld.org/values/14-420-286-1>		"šim"@pav	
"(po)poto"@mi	<http://ids.clld.org/values/12-590-236-1>		<http://ids.clld.org/parameters/12-590>		<http://ids.clld.org/values/12-590-286-1>		"wiyimain"@pav	
"maŋu"@mi	<http://ids.clld.org/values/15-650-236-1>		<http://ids.clld.org/parameters/15-650>		<http://ids.clld.org/values/15-650-286-1>		"mišem"@pav	
"patu"@mi	<http://ids.clld.org/values/9-210-236-5>		<http://ids.clld.org/parameters/9-210>		<http://ids.clld.org/values/9-210-286-1>		"toʔ"@pav	
"whiitiki-tia"@mi	<http://ids.clld.org/values/9-160-236-9>		<http://ids.clld.org/parameters/9-160>		<http://ids.clld.org/values/9-160-286-1>		"tuku"@pav	
"huri"@mi	<http://ids.clld.org/values/10-130-236-1>		<http://ids.clld.org/parameters/10-130>		<http://ids.clld.org/values/10-130-286-1>		"yami"@pav	
"paki"@mi	<http://ids.clld.org/values/9-210-236-1>		<http://ids.clld.org/parameters/9-210>		<http://ids.clld.org/values/9-210-286-1>		"toʔ"@pav	
"paku"@mi	<http://ids.clld.org/values/12-560-236-7>		<http://ids.clld.org/parameters/12-560>		<http://ids.clld.org/values/12-560-286-1>		"wiyimain"@pav	
"ao"@mi	<http://ids.clld.org/values/14-410-236-7>		<http://ids.clld.org/parameters/14-410>		<http://ids.clld.org/values/14-410-286-1>		"šek"@pav	
"keri-a"@mi	<http://ids.clld.org/values/8-220-236-1>		<http://ids.clld.org/parameters/8-220>		<http://ids.clld.org/values/8-220-286-1>		"še"@pav	
"keri-a"@mi	<http://ids.clld.org/values/8-220-236-1>		<http://ids.clld.org/parameters/8-220>		<http://ids.clld.org/values/8-220-286-3>		"šikeʔ"@pav	
"wani-a"@mi	<http://ids.clld.org/values/5-480-236-5>		<http://ids.clld.org/parameters/5-480>		<http://ids.clld.org/values/5-480-286-1>		"kuruk"@pav	
"moohio-tia(ki)"@mi	<http://ids.clld.org/values/17-170-236-1>		<http://ids.clld.org/parameters/17-170>		<http://ids.clld.org/values/17-170-286-1>		"tašiʔ"@pav	
"moohio-tia(ki)"@mi	<http://ids.clld.org/values/17-170-236-1>		<http://ids.clld.org/parameters/17-170>		<http://ids.clld.org/values/17-170-286-3>		"kerek"@pav	
"moohio-tia(ki)"@mi	<http://ids.clld.org/values/17-170-236-1>		<http://ids.clld.org/parameters/17-170>		<http://ids.clld.org/values/17-170-286-5>		"kerek pinʔ"@pav	
"noke"@mi	<http://ids.clld.org/values/3-840-236-3>		<http://ids.clld.org/parameters/3-840>		<http://ids.clld.org/values/3-840-286-1>		"meteʔ"@pav	
"puŋarehu"@mi	<http://ids.clld.org/values/1-840-236-1>		<http://ids.clld.org/parameters/1-840>		<http://ids.clld.org/values/1-840-286-1>		"topakon"@pav	
"noho"@mi	<http://ids.clld.org/values/12-130-236-3>		<http://ids.clld.org/parameters/12-130>		<http://ids.clld.org/values/12-130-286-1>		"šaoʔ pe"@pav	
"noho"@mi	<http://ids.clld.org/values/12-130-236-3>		<http://ids.clld.org/parameters/12-130>		<http://ids.clld.org/values/12-130-286-3>		"šaoʔ to"@pav	
"porotiti"@mi	<http://ids.clld.org/values/10-130-236-3>		<http://ids.clld.org/parameters/10-130>		<http://ids.clld.org/values/10-130-286-1>		"yami"@pav	
"iti"@mi	<http://ids.clld.org/values/13-170-236-1>		<http://ids.clld.org/parameters/13-170>		<http://ids.clld.org/values/13-170-286-1>		"parek"@pav	
"iti iho"@mi	<http://ids.clld.org/values/13-170-236-9>		<http://ids.clld.org/parameters/13-170>		<http://ids.clld.org/values/13-170-286-1>		"parek"@pav	
"taane"@mi	<http://ids.clld.org/values/2-310-236-1>		<http://ids.clld.org/parameters/2-310>		<http://ids.clld.org/values/2-310-286-1>		"taši"@pav	
"turi"@mi	<http://ids.clld.org/values/4-360-236-1>		<http://ids.clld.org/parameters/4-360>		<http://ids.clld.org/values/4-360-286-1>		"karamašiʔ (karam)"@pav	
"takoto-ria"@mi	<http://ids.clld.org/values/12-140-236-1>		<http://ids.clld.org/parameters/12-140>		<http://ids.clld.org/values/12-140-286-1>		"teremʔ"@pav	
"takoto-ria"@mi	<http://ids.clld.org/values/12-140-236-1>		<http://ids.clld.org/parameters/12-140>		<http://ids.clld.org/values/12-140-286-3>		"tokoʔ"@pav	
"puŋa-puŋa"@mi	<http://ids.clld.org/values/15-690-236-3>		<http://ids.clld.org/parameters/15-690>		<http://ids.clld.org/values/15-690-286-1>		"košik"@pav	
"tuupuhi"@mi	<http://ids.clld.org/values/12-650-236-5>		<http://ids.clld.org/parameters/12-650>		<http://ids.clld.org/values/12-650-286-1>		"šašiʔ"@pav	
"porotaka"@mi	<http://ids.clld.org/values/12-810-236-1>		<http://ids.clld.org/parameters/12-810>		<http://ids.clld.org/values/12-810-286-1>		"monoʔo"@pav	
"tere"@mi	<http://ids.clld.org/values/10-340-236-1>		<http://ids.clld.org/parameters/10-340>		<http://ids.clld.org/values/10-340-286-1>		"ho"@pav	
"tere"@mi	<http://ids.clld.org/values/10-340-236-1>		<http://ids.clld.org/parameters/10-340>		<http://ids.clld.org/values/10-340-286-3>		"horoho"@pav	
"toru-toru"@mi	<http://ids.clld.org/values/13-170-236-5>		<http://ids.clld.org/parameters/13-170>		<http://ids.clld.org/values/13-170-286-1>		"parek"@pav	
"kuumea"@mi	<http://ids.clld.org/values/9-330-236-5>		<http://ids.clld.org/parameters/9-330>		<http://ids.clld.org/values/9-330-286-1>		"kök"@pav	
"wheekau"@mi	<http://ids.clld.org/values/4-461-236-3>		<http://ids.clld.org/parameters/4-461>		<http://ids.clld.org/values/4-461-286-1>		"monošiʔ (mon)"@pav	
"muru-a"@mi	<http://ids.clld.org/values/9-310-236-3>		<http://ids.clld.org/parameters/9-310>		<http://ids.clld.org/values/9-310-286-1>		"šik"@pav	
"tahu-na"@mi	<http://ids.clld.org/values/1-851-236-5>		<http://ids.clld.org/parameters/1-851>		<http://ids.clld.org/values/1-851-286-3>		"wiran"@pav	
"tahu-na"@mi	<http://ids.clld.org/values/1-851-236-5>		<http://ids.clld.org/parameters/1-851>		<http://ids.clld.org/values/1-851-286-1>		"tom"@pav	
"tahu-na"@mi	<http://ids.clld.org/values/1-851-236-5>		<http://ids.clld.org/parameters/1-851>		<http://ids.clld.org/values/1-851-286-5>		"karahoʔ"@pav	
"peha"@mi	<http://ids.clld.org/values/4-120-236-9>		<http://ids.clld.org/parameters/4-120>		<http://ids.clld.org/values/4-120-286-1>		"taparišiʔ"@pav	
"hoatu"@mi	<http://ids.clld.org/values/11-210-236-1>		<http://ids.clld.org/parameters/11-210>		<http://ids.clld.org/values/11-210-286-1>		"miʔ"@pav	
"whawhai-tia (ki)"@mi	<http://ids.clld.org/values/20-110-236-1>		<http://ids.clld.org/parameters/20-110>		<http://ids.clld.org/values/20-110-286-1>		"mišita"@pav	
"whaaea"@mi	<http://ids.clld.org/values/2-360-236-5>		<http://ids.clld.org/parameters/2-360>		<http://ids.clld.org/values/2-360-286-1>		"naʔ"@pav	
"maanu"@mi	<http://ids.clld.org/values/10-340-236-3>		<http://ids.clld.org/parameters/10-340>		<http://ids.clld.org/values/10-340-286-1>		"ho"@pav	
"maanu"@mi	<http://ids.clld.org/values/10-340-236-3>		<http://ids.clld.org/parameters/10-340>		<http://ids.clld.org/values/10-340-286-3>		"horoho"@pav	
"ara"@mi	<http://ids.clld.org/values/10-720-236-1>		<http://ids.clld.org/parameters/10-720>		<http://ids.clld.org/values/10-720-286-1>		"wana (wanayišiʔ)"@pav	
"taŋata"@mi	<http://ids.clld.org/values/2-100-236-1>		<http://ids.clld.org/parameters/2-100>		<http://ids.clld.org/values/2-100-286-1>		"wariʔ"@pav	
"uma"@mi	<http://ids.clld.org/values/4-410-236-1>		<http://ids.clld.org/parameters/4-410>		<http://ids.clld.org/values/4-410-286-1>		"karašišiʔ (katat)"@pav	
"haehae-a"@mi	<http://ids.clld.org/values/9-220-236-3>		<http://ids.clld.org/parameters/9-220>		<http://ids.clld.org/values/9-220-286-7>		"nakarkamʔ"@pav	
"haehae-a"@mi	<http://ids.clld.org/values/9-220-236-3>		<http://ids.clld.org/parameters/9-220>		<http://ids.clld.org/values/9-220-286-3>		"wawak"@pav	
"haehae-a"@mi	<http://ids.clld.org/values/9-220-236-3>		<http://ids.clld.org/parameters/9-220>		<http://ids.clld.org/values/9-220-286-9>		"ta"@pav	
"haehae-a"@mi	<http://ids.clld.org/values/9-220-236-3>		<http://ids.clld.org/parameters/9-220>		<http://ids.clld.org/values/9-220-286-5>		"nakamʔ"@pav	
"haehae-a"@mi	<http://ids.clld.org/values/9-220-236-3>		<http://ids.clld.org/parameters/9-220>		<http://ids.clld.org/values/9-220-286-1>		"wak"@pav	
"pane"@mi	<http://ids.clld.org/values/4-200-236-9>		<http://ids.clld.org/parameters/4-200>		<http://ids.clld.org/values/4-200-286-1>		"winašiʔ (wayiʔ)"@pav	
"matua taane"@mi	<http://ids.clld.org/values/2-350-236-3>		<http://ids.clld.org/parameters/2-350>		<http://ids.clld.org/values/2-350-286-1>		"te"@pav	
"whiu-a"@mi	<http://ids.clld.org/values/9-210-236-13>		<http://ids.clld.org/parameters/9-210>		<http://ids.clld.org/values/9-210-286-1>		"toʔ"@pav	
"nui"@mi	<http://ids.clld.org/values/12-550-236-1>		<http://ids.clld.org/parameters/12-550>		<http://ids.clld.org/values/12-550-286-1>		"hwaraʔ"@pav	
"nui"@mi	<http://ids.clld.org/values/12-550-236-1>		<http://ids.clld.org/parameters/12-550>		<http://ids.clld.org/values/12-550-286-3>		"horon"@pav	
"ahi"@mi	<http://ids.clld.org/values/1-810-236-1>		<http://ids.clld.org/parameters/1-810>		<http://ids.clld.org/values/1-810-286-1>		"še"@pav	
"piro"@mi	<http://ids.clld.org/values/16-720-236-3>		<http://ids.clld.org/parameters/16-720>		<http://ids.clld.org/values/16-720-286-1>		"kayi"@pav	
"ika"@mi	<http://ids.clld.org/values/3-650-236-1>		<http://ids.clld.org/parameters/3-650>		<http://ids.clld.org/values/3-650-286-1>		"hwam (hwamišiʔ)"@pav	
"kiko-kiko"@mi	<http://ids.clld.org/values/4-130-236-1>		<http://ids.clld.org/parameters/4-130>		<http://ids.clld.org/values/4-130-286-1>		"kwerešiʔ"@pav	
"taka"@mi	<http://ids.clld.org/values/10-230-236-3>		<http://ids.clld.org/parameters/10-230>		<http://ids.clld.org/values/10-230-286-3>		"kamaraʔ"@pav	
"taka"@mi	<http://ids.clld.org/values/10-230-236-3>		<http://ids.clld.org/parameters/10-230>		<http://ids.clld.org/values/10-230-286-1>		"panʔ"@pav	
"ropi"@mi	<http://ids.clld.org/values/9-190-236-5>		<http://ids.clld.org/parameters/9-190>		<http://ids.clld.org/values/9-190-286-1>		"makon (makorišiʔ)"@pav	
"parekura"@mi	<http://ids.clld.org/values/20-110-236-5>		<http://ids.clld.org/parameters/20-110>		<http://ids.clld.org/values/20-110-286-1>		"mišita"@pav	
"ŋuha"@mi	<http://ids.clld.org/values/16-420-236-9>		<http://ids.clld.org/parameters/16-420>		<http://ids.clld.org/values/16-420-286-1>		"manaʔ"@pav	
"hou"@mi	<http://ids.clld.org/values/4-393-236-1>		<http://ids.clld.org/parameters/4-393>		<http://ids.clld.org/values/4-393-286-1>		"tenenein (šun)"@pav	
"wawae-a"@mi	<http://ids.clld.org/values/9-220-236-7>		<http://ids.clld.org/parameters/9-220>		<http://ids.clld.org/values/9-220-286-7>		"nakarkamʔ"@pav	
"wawae-a"@mi	<http://ids.clld.org/values/9-220-236-7>		<http://ids.clld.org/parameters/9-220>		<http://ids.clld.org/values/9-220-286-3>		"wawak"@pav	
"wawae-a"@mi	<http://ids.clld.org/values/9-220-236-7>		<http://ids.clld.org/parameters/9-220>		<http://ids.clld.org/values/9-220-286-9>		"ta"@pav	
"wawae-a"@mi	<http://ids.clld.org/values/9-220-236-7>		<http://ids.clld.org/parameters/9-220>		<http://ids.clld.org/values/9-220-286-5>		"nakamʔ"@pav	
"wawae-a"@mi	<http://ids.clld.org/values/9-220-236-7>		<http://ids.clld.org/parameters/9-220>		<http://ids.clld.org/values/9-220-286-1>		"wak"@pav	
"tootika"@mi	<http://ids.clld.org/values/12-730-236-1>		<http://ids.clld.org/parameters/12-730>		<http://ids.clld.org/values/12-730-286-1>		"ka om šone ne"@pav	
"hoo-mai"@mi	<http://ids.clld.org/values/11-210-236-3>		<http://ids.clld.org/parameters/11-210>		<http://ids.clld.org/values/11-210-286-1>		"miʔ"@pav	
"maroke"@mi	<http://ids.clld.org/values/15-840-236-1>		<http://ids.clld.org/parameters/15-840>		<http://ids.clld.org/values/15-840-286-1>		"kawainʔ"@pav	
"noho-ia"@mi	<http://ids.clld.org/values/12-130-236-1>		<http://ids.clld.org/parameters/12-130>		<http://ids.clld.org/values/12-130-286-1>		"šaoʔ pe"@pav	
"noho-ia"@mi	<http://ids.clld.org/values/12-130-236-1>		<http://ids.clld.org/parameters/12-130>		<http://ids.clld.org/values/12-130-286-3>		"šaoʔ to"@pav	
"nui"@mi	<http://ids.clld.org/values/13-150-236-5>		<http://ids.clld.org/parameters/13-150>		<http://ids.clld.org/values/13-150-286-1>		"iriʔ miyo/ miya"@pav	
"tua-rua"@mi	<http://ids.clld.org/values/13-20-236-3>		<http://ids.clld.org/parameters/13-20>		<http://ids.clld.org/values/13-20-286-1>		"tuku karakan"@pav	
"riŋa maui(i)"@mi	<http://ids.clld.org/values/12-420-236-1>		<http://ids.clld.org/parameters/12-420>		<http://ids.clld.org/values/12-420-286-1>		"parayišiʔ"@pav	
"puaawai"@mi	<http://ids.clld.org/values/8-570-236-3>		<http://ids.clld.org/parameters/8-570>		<http://ids.clld.org/values/8-570-286-3>		"wiyein"@pav	
"puaawai"@mi	<http://ids.clld.org/values/8-570-236-3>		<http://ids.clld.org/parameters/8-570>		<http://ids.clld.org/values/8-570-286-1>		"piwain"@pav	
"mea"@mi	<http://ids.clld.org/values/18-220-236-9>		<http://ids.clld.org/parameters/18-220>		<http://ids.clld.org/values/18-220-286-1>		"tomiʔ šoʔ"@pav	
"hiako"@mi	<http://ids.clld.org/values/4-120-236-3>		<http://ids.clld.org/parameters/4-120>		<http://ids.clld.org/values/4-120-286-1>		"taparišiʔ"@pav	
"(pu)puri-tia"@mi	<http://ids.clld.org/values/11-150-236-3>		<http://ids.clld.org/parameters/11-150>		<http://ids.clld.org/values/11-150-286-1>		"kep"@pav	
"riri-a"@mi	<http://ids.clld.org/values/16-420-236-1>		<http://ids.clld.org/parameters/16-420>		<http://ids.clld.org/values/16-420-286-1>		"manaʔ"@pav	
"tawhito"@mi	<http://ids.clld.org/values/14-150-236-1>		<http://ids.clld.org/parameters/14-150>		<http://ids.clld.org/values/14-150-286-1>		"maraʔ"@pav	
"tawhito"@mi	<http://ids.clld.org/values/14-150-236-1>		<http://ids.clld.org/parameters/14-150>		<http://ids.clld.org/values/14-150-286-3>		"horon"@pav	
"kookoowai"@mi	<http://ids.clld.org/values/15-660-236-3>		<http://ids.clld.org/parameters/15-660>		<http://ids.clld.org/values/15-660-286-1>		"pakaʔ"@pav	
"tiro"@mi	<http://ids.clld.org/values/11-310-236-13>		<http://ids.clld.org/parameters/11-310>		<http://ids.clld.org/values/11-310-286-1>		"noro"@pav	
"kii"@mi	<http://ids.clld.org/values/13-210-236-1>		<http://ids.clld.org/parameters/13-210>		<http://ids.clld.org/values/13-210-286-5>		"maʔam"@pav	
"kii"@mi	<http://ids.clld.org/values/13-210-236-1>		<http://ids.clld.org/parameters/13-210>		<http://ids.clld.org/values/13-210-286-3>		"moromoinʔ"@pav	
"kii"@mi	<http://ids.clld.org/values/13-210-236-1>		<http://ids.clld.org/parameters/13-210>		<http://ids.clld.org/values/13-210-286-1>		"moinʔ"@pav	
"rere"@mi	<http://ids.clld.org/values/10-370-236-1>		<http://ids.clld.org/parameters/10-370>		<http://ids.clld.org/values/10-370-286-3>		"toin"@pav	
"rere"@mi	<http://ids.clld.org/values/10-370-236-1>		<http://ids.clld.org/parameters/10-370>		<http://ids.clld.org/values/10-370-286-1>		"takiʔ"@pav	
"ua-ina"@mi	<http://ids.clld.org/values/1-750-236-3>		<http://ids.clld.org/parameters/1-750>		<http://ids.clld.org/values/1-750-286-1>		"šowiʔ"@pav	
"patu-a"@mi	<http://ids.clld.org/values/4-760-236-1>		<http://ids.clld.org/parameters/4-760>		<http://ids.clld.org/values/4-760-286-1>		"paʔ"@pav	
"ŋohi"@mi	<http://ids.clld.org/values/3-650-236-3>		<http://ids.clld.org/parameters/3-650>		<http://ids.clld.org/values/3-650-286-1>		"hwam (hwamišiʔ)"@pav	
"kohu"@mi	<http://ids.clld.org/values/1-740-236-1>		<http://ids.clld.org/parameters/1-740>		<http://ids.clld.org/values/1-740-286-1>		"murukukuʔ"@pav	
"whaka-ŋau-a"@mi	<http://ids.clld.org/values/20-610-236-3>		<http://ids.clld.org/parameters/20-610>		<http://ids.clld.org/values/20-610-286-1>		"yiʔam"@pav	
"koopeke"@mi	<http://ids.clld.org/values/15-860-236-1>		<http://ids.clld.org/parameters/15-860>		<http://ids.clld.org/values/15-860-286-1>		"šio"@pav	
"koopeke"@mi	<http://ids.clld.org/values/15-860-236-1>		<http://ids.clld.org/parameters/15-860>		<http://ids.clld.org/values/15-860-286-3>		"kapinʔ"@pav	
"roŋo"@mi	<http://ids.clld.org/values/15-210-236-5>		<http://ids.clld.org/parameters/15-210>		<http://ids.clld.org/values/15-210-286-3>		"hu"@pav	
"roŋo"@mi	<http://ids.clld.org/values/15-210-236-5>		<http://ids.clld.org/parameters/15-210>		<http://ids.clld.org/values/15-210-286-1>		"nak"@pav	
"wera-wera"@mi	<http://ids.clld.org/values/15-851-236-3>		<http://ids.clld.org/parameters/15-851>		<http://ids.clld.org/values/15-851-286-3>		"nonoe"@pav	
"wera-wera"@mi	<http://ids.clld.org/values/15-851-236-3>		<http://ids.clld.org/parameters/15-851>		<http://ids.clld.org/values/15-851-286-1>		"šain"@pav	
"hoŋi-a"@mi	<http://ids.clld.org/values/15-210-236-1>		<http://ids.clld.org/parameters/15-210>		<http://ids.clld.org/values/15-210-286-3>		"hu"@pav	
"hoŋi-a"@mi	<http://ids.clld.org/values/15-210-236-1>		<http://ids.clld.org/parameters/15-210>		<http://ids.clld.org/values/15-210-286-1>		"nak"@pav	
"ate"@mi	<http://ids.clld.org/values/4-450-236-1>		<http://ids.clld.org/parameters/4-450>		<http://ids.clld.org/values/4-450-286-1>		"tarawanašiʔ (tarawan)"@pav	
"kirehe"@mi	<http://ids.clld.org/values/3-610-236-3>		<http://ids.clld.org/parameters/3-610>		<http://ids.clld.org/values/3-610-286-1>		"oromiyak"@pav	
"wai"@mi	<http://ids.clld.org/values/1-310-236-1>		<http://ids.clld.org/parameters/1-310>		<http://ids.clld.org/values/1-310-286-1>		"kom (komišiʔ)"@pav	
"kite-a"@mi	<http://ids.clld.org/values/17-170-236-5>		<http://ids.clld.org/parameters/17-170>		<http://ids.clld.org/values/17-170-286-1>		"tašiʔ"@pav	
"kite-a"@mi	<http://ids.clld.org/values/17-170-236-5>		<http://ids.clld.org/parameters/17-170>		<http://ids.clld.org/values/17-170-286-3>		"kerek"@pav	
"kite-a"@mi	<http://ids.clld.org/values/17-170-236-5>		<http://ids.clld.org/parameters/17-170>		<http://ids.clld.org/values/17-170-286-5>		"kerek pinʔ"@pav	
"roŋo-hia"@mi	<http://ids.clld.org/values/15-410-236-1>		<http://ids.clld.org/parameters/15-410>		<http://ids.clld.org/values/15-410-286-1>		"tarayu"@pav	
