"koohatu"@mi	<http://ids.clld.org/values/1-440-236-3>		<http://ids.clld.org/parameters/1-440>		<http://ids.clld.org/values/1-440-293-1>		"kʰɛn"@ram	
"tuiau"@mi	<http://ids.clld.org/values/3-813-236-5>		<http://ids.clld.org/parameters/3-813>		<http://ids.clld.org/values/3-813-293-1>		"ĩnko"@ram	
"maahuŋa"@mi	<http://ids.clld.org/values/4-200-236-5>		<http://ids.clld.org/parameters/4-200>		<http://ids.clld.org/values/4-200-293-1>		"ii-kʰrə̃"@ram	
"noho"@mi	<http://ids.clld.org/values/7-110-236-3>		<http://ids.clld.org/parameters/7-110>		<http://ids.clld.org/values/7-110-293-1>		"kʰrĩ"@ram	
"maara"@mi	<http://ids.clld.org/values/8-120-236-1>		<http://ids.clld.org/parameters/8-120>		<http://ids.clld.org/values/8-120-293-1>		"pur"@ram	
"pane-pane"@mi	<http://ids.clld.org/values/4-200-236-11>		<http://ids.clld.org/parameters/4-200>		<http://ids.clld.org/values/4-200-293-1>		"ii-kʰrə̃"@ram	
"kawe-a"@mi	<http://ids.clld.org/values/10-610-236-1>		<http://ids.clld.org/parameters/10-610>		<http://ids.clld.org/values/10-610-293-1>		"pə"@ram	
"maŋai"@mi	<http://ids.clld.org/values/4-240-236-3>		<http://ids.clld.org/parameters/4-240>		<http://ids.clld.org/values/4-240-293-1>		"-yarkʰwa"@ram	
"aahuataŋa"@mi	<http://ids.clld.org/values/12-920-236-1>		<http://ids.clld.org/parameters/12-920>		<http://ids.clld.org/values/12-920-293-1>		"kʰĩ"@ram	
"whanatu"@mi	<http://ids.clld.org/values/10-470-236-5>		<http://ids.clld.org/parameters/10-470>		<http://ids.clld.org/values/10-470-293-1>		"mɔ̃"@ram	
"waahi"@mi	<http://ids.clld.org/values/12-110-236-1>		<http://ids.clld.org/parameters/12-110>		<http://ids.clld.org/values/12-110-293-1>		"-li-"@ram	
"wahaika"@mi	<http://ids.clld.org/values/20-220-236-3>		<http://ids.clld.org/parameters/20-220>		<http://ids.clld.org/values/20-220-293-1>		"kʰo"@ram	
"inu-mia"@mi	<http://ids.clld.org/values/5-130-236-1>		<http://ids.clld.org/parameters/5-130>		<http://ids.clld.org/values/5-130-293-1>		"-kʰõ (kʰɔ̃ ?)"@ram	
"haere"@mi	<http://ids.clld.org/values/10-480-236-1>		<http://ids.clld.org/parameters/10-480>		<http://ids.clld.org/values/10-480-293-1>		"-tẽ"@ram	
"rapu-a"@mi	<http://ids.clld.org/values/11-310-236-1>		<http://ids.clld.org/parameters/11-310>		<http://ids.clld.org/values/11-310-293-1>		"lɨ̃t"@ram	
"rua"@mi	<http://ids.clld.org/values/12-850-236-5>		<http://ids.clld.org/parameters/12-850>		<http://ids.clld.org/values/12-850-293-1>		"kʰrɛ"@ram	
"parirau"@mi	<http://ids.clld.org/values/4-392-236-1>		<http://ids.clld.org/parameters/4-392>		<http://ids.clld.org/values/4-392-293-1>		"haaraa"@ram	
"toko-toko"@mi	<http://ids.clld.org/values/19-250-236-1>		<http://ids.clld.org/parameters/19-250>		<http://ids.clld.org/values/19-250-293-1>		"kʰo-"@ram	
"whaariki-tia"@mi	<http://ids.clld.org/values/9-770-236-1>		<http://ids.clld.org/parameters/9-770>		<http://ids.clld.org/values/9-770-293-1>		"kohpip (koʔpip ?)"@ram	
"hoou"@mi	<http://ids.clld.org/values/14-130-236-1>		<http://ids.clld.org/parameters/14-130>		<http://ids.clld.org/values/14-130-293-1>		"-tuwa"@ram	
"pere-a"@mi	<http://ids.clld.org/values/20-250-236-1>		<http://ids.clld.org/parameters/20-250>		<http://ids.clld.org/values/20-250-293-1>		"kruw"@ram	
"hamu-hamu"@mi	<http://ids.clld.org/values/5-110-236-5>		<http://ids.clld.org/parameters/5-110>		<http://ids.clld.org/values/5-110-293-3>		"kʰuu"@ram	
"hamu-hamu"@mi	<http://ids.clld.org/values/5-110-236-5>		<http://ids.clld.org/parameters/5-110>		<http://ids.clld.org/values/5-110-293-7>		"pa-"@ram	
"hamu-hamu"@mi	<http://ids.clld.org/values/5-110-236-5>		<http://ids.clld.org/parameters/5-110>		<http://ids.clld.org/values/5-110-293-5>		"kukʰu-"@ram	
"hamu-hamu"@mi	<http://ids.clld.org/values/5-110-236-5>		<http://ids.clld.org/parameters/5-110>		<http://ids.clld.org/values/5-110-293-1>		"-kʰrẽ"@ram	
"puku"@mi	<http://ids.clld.org/values/4-460-236-1>		<http://ids.clld.org/parameters/4-460>		<http://ids.clld.org/values/4-460-293-1>		"ii-tu"@ram	
"kakii"@mi	<http://ids.clld.org/values/4-280-236-1>		<http://ids.clld.org/parameters/4-280>		<http://ids.clld.org/values/4-280-293-1>		"ii-put"@ram	
"kakama"@mi	<http://ids.clld.org/values/14-210-236-11>		<http://ids.clld.org/parameters/14-210>		<http://ids.clld.org/values/14-210-293-1>		"kɨt-"@ram	
"porera"@mi	<http://ids.clld.org/values/9-770-236-5>		<http://ids.clld.org/parameters/9-770>		<http://ids.clld.org/values/9-770-293-1>		"kohpip (koʔpip ?)"@ram	
"kotahi"@mi	<http://ids.clld.org/values/13-10-236-3>		<http://ids.clld.org/parameters/13-10>		<http://ids.clld.org/values/13-10-293-1>		"pɨc̷it"@ram	
"koopere"@mi	<http://ids.clld.org/values/20-240-236-1>		<http://ids.clld.org/parameters/20-240>		<http://ids.clld.org/values/20-240-293-1>		"kuuhe"@ram	
"patau"@mi	<http://ids.clld.org/values/16-670-236-1>		<http://ids.clld.org/parameters/16-670>		<http://ids.clld.org/values/16-670-293-1>		"nõ"@ram	
"tito"@mi	<http://ids.clld.org/values/16-670-236-5>		<http://ids.clld.org/parameters/16-670>		<http://ids.clld.org/values/16-670-293-1>		"nõ"@ram	
"moe"@mi	<http://ids.clld.org/values/4-610-236-3>		<http://ids.clld.org/parameters/4-610>		<http://ids.clld.org/values/4-610-293-1>		"-ŋõr (ŋɔ̃r ?)"@ram	
"kau"@mi	<http://ids.clld.org/values/10-350-236-1>		<http://ids.clld.org/parameters/10-350>		<http://ids.clld.org/values/10-350-293-1>		"ree"@ram	
"kau"@mi	<http://ids.clld.org/values/10-350-236-1>		<http://ids.clld.org/parameters/10-350>		<http://ids.clld.org/values/10-350-293-3>		"c̷wa"@ram	
"nohi-nohi"@mi	<http://ids.clld.org/values/12-560-236-3>		<http://ids.clld.org/parameters/12-560>		<http://ids.clld.org/values/12-560-293-3>		"lɛ"@ram	
"nohi-nohi"@mi	<http://ids.clld.org/values/12-560-236-3>		<http://ids.clld.org/parameters/12-560>		<http://ids.clld.org/values/12-560-293-1>		"ĩn-krirɛ"@ram	
"kino"@mi	<http://ids.clld.org/values/16-720-236-1>		<http://ids.clld.org/parameters/16-720>		<http://ids.clld.org/values/16-720-293-1>		"iʔkʰɛn"@ram	
"auahi"@mi	<http://ids.clld.org/values/1-830-236-3>		<http://ids.clld.org/parameters/1-830>		<http://ids.clld.org/values/1-830-293-1>		"iʔ-kʰũm"@ram	
"huru"@mi	<http://ids.clld.org/values/4-140-236-3>		<http://ids.clld.org/parameters/4-140>		<http://ids.clld.org/values/4-140-293-1>		"ii-kʰĩ"@ram	
"wae-wae"@mi	<http://ids.clld.org/values/4-350-236-1>		<http://ids.clld.org/parameters/4-350>		<http://ids.clld.org/values/4-350-293-1>		"ii-tɛ"@ram	
"hape"@mi	<http://ids.clld.org/values/12-740-236-1>		<http://ids.clld.org/parameters/12-740>		<http://ids.clld.org/values/12-740-293-1>		"yakɔt"@ram	
"kaare"@mi	<http://ids.clld.org/values/17-560-236-9>		<http://ids.clld.org/parameters/17-560>		<http://ids.clld.org/values/17-560-293-1>		"ke-"@ram	
"paiaka"@mi	<http://ids.clld.org/values/8-540-236-3>		<http://ids.clld.org/parameters/8-540>		<http://ids.clld.org/values/8-540-293-1>		"haare"@ram	
"miro"@mi	<http://ids.clld.org/values/6-380-236-3>		<http://ids.clld.org/parameters/6-380>		<http://ids.clld.org/values/6-380-293-1>		"he-"@ram	
"miro"@mi	<http://ids.clld.org/values/6-380-236-3>		<http://ids.clld.org/parameters/6-380>		<http://ids.clld.org/values/6-380-293-3>		"-c̷e- (?)"@ram	
"memeha (?)"@mi	<http://ids.clld.org/values/4-750-236-5>		<http://ids.clld.org/parameters/4-750>		<http://ids.clld.org/values/4-750-293-1>		"tɨɨ- (tɨ ?)"@ram	
"horo"@mi	<http://ids.clld.org/values/14-210-236-7>		<http://ids.clld.org/parameters/14-210>		<http://ids.clld.org/values/14-210-293-1>		"kɨt-"@ram	
"manu"@mi	<http://ids.clld.org/values/3-581-236-1>		<http://ids.clld.org/parameters/3-581>		<http://ids.clld.org/values/3-581-293-1>		"kɛ̃"@ram	
"kutu"@mi	<http://ids.clld.org/values/3-811-236-1>		<http://ids.clld.org/parameters/3-811>		<http://ids.clld.org/values/3-811-293-1>		"ii-ko"@ram	
"taru-taru"@mi	<http://ids.clld.org/values/8-510-236-5>		<http://ids.clld.org/parameters/8-510>		<http://ids.clld.org/values/8-510-293-1>		"aʔ-tuu"@ram	
"kake-a"@mi	<http://ids.clld.org/values/10-472-236-1>		<http://ids.clld.org/parameters/10-472>		<http://ids.clld.org/values/10-472-293-1>		"pi-"@ram	
"riŋa(riŋa)"@mi	<http://ids.clld.org/values/4-310-236-1>		<http://ids.clld.org/parameters/4-310>		<http://ids.clld.org/values/4-310-293-1>		"pa"@ram	
"toka"@mi	<http://ids.clld.org/values/1-440-236-9>		<http://ids.clld.org/parameters/1-440>		<http://ids.clld.org/values/1-440-293-1>		"kʰɛn"@ram	
"taŋata"@mi	<http://ids.clld.org/values/2-210-236-1>		<http://ids.clld.org/parameters/2-210>		<http://ids.clld.org/values/2-210-293-1>		"hũm"@ram	
"honi"@mi	<http://ids.clld.org/values/5-840-236-3>		<http://ids.clld.org/parameters/5-840>		<http://ids.clld.org/values/5-840-293-1>		"pɛn"@ram	
"roŋo"@mi	<http://ids.clld.org/values/15-410-236-5>		<http://ids.clld.org/parameters/15-410>		<http://ids.clld.org/values/15-410-293-1>		"kʰə̃-pa"@ram	
"upoko"@mi	<http://ids.clld.org/values/4-200-236-1>		<http://ids.clld.org/parameters/4-200>		<http://ids.clld.org/values/4-200-293-1>		"ii-kʰrə̃"@ram	
"puhi"@mi	<http://ids.clld.org/values/10-380-236-3>		<http://ids.clld.org/parameters/10-380>		<http://ids.clld.org/values/10-380-293-1>		"hakkoo"@ram	
"pepe"@mi	<http://ids.clld.org/values/3-920-236-3>		<http://ids.clld.org/parameters/3-920>		<http://ids.clld.org/values/3-920-293-1>		"wɛwɛ-"@ram	
"kauhoe-tia"@mi	<http://ids.clld.org/values/10-350-236-5>		<http://ids.clld.org/parameters/10-350>		<http://ids.clld.org/values/10-350-293-1>		"ree"@ram	
"kauhoe-tia"@mi	<http://ids.clld.org/values/10-350-236-5>		<http://ids.clld.org/parameters/10-350>		<http://ids.clld.org/values/10-350-293-3>		"c̷wa"@ram	
"ŋaahere-here"@mi	<http://ids.clld.org/values/1-410-236-3>		<http://ids.clld.org/parameters/1-410>		<http://ids.clld.org/values/1-410-293-1>		"lam-"@ram	
"hari-a"@mi	<http://ids.clld.org/values/10-610-236-5>		<http://ids.clld.org/parameters/10-610>		<http://ids.clld.org/values/10-610-293-1>		"pə"@ram	
"koopura"@mi	<http://ids.clld.org/values/8-311-236-5>		<http://ids.clld.org/parameters/8-311>		<http://ids.clld.org/values/8-311-293-1>		"iʔ-hɨɨ (hɨ- ?)"@ram	
"haere maa raro"@mi	<http://ids.clld.org/values/10-450-236-5>		<http://ids.clld.org/parameters/10-450>		<http://ids.clld.org/values/10-450-293-1>		"mõ"@ram	
"taewa"@mi	<http://ids.clld.org/values/5-700-236-5>		<http://ids.clld.org/parameters/5-700>		<http://ids.clld.org/values/5-700-293-1>		"yat (yɛt ?)"@ram	
"mata"@mi	<http://ids.clld.org/values/4-210-236-5>		<http://ids.clld.org/parameters/4-210>		<http://ids.clld.org/values/4-210-293-1>		"ii-tɔ"@ram	
"kaaiŋa"@mi	<http://ids.clld.org/values/7-120-236-3>		<http://ids.clld.org/parameters/7-120>		<http://ids.clld.org/values/7-120-293-1>		"ii-kʰrɛ"@ram	
"[miiti]"@mi	<http://ids.clld.org/values/5-610-236-1>		<http://ids.clld.org/parameters/5-610>		<http://ids.clld.org/values/5-610-293-1>		"hĩ"@ram	
"[miiti]"@mi	<http://ids.clld.org/values/5-610-236-1>		<http://ids.clld.org/parameters/5-610>		<http://ids.clld.org/values/5-610-293-3>		"yĩ"@ram	
"hiako"@mi	<http://ids.clld.org/values/8-750-236-3>		<http://ids.clld.org/parameters/8-750>		<http://ids.clld.org/values/8-750-293-1>		"ii-kʰə"@ram	
"raakau"@mi	<http://ids.clld.org/values/1-430-236-1>		<http://ids.clld.org/parameters/1-430>		<http://ids.clld.org/values/1-430-293-1>		"pĩ"@ram	
"paa"@mi	<http://ids.clld.org/values/9-210-236-11>		<http://ids.clld.org/parameters/9-210>		<http://ids.clld.org/values/9-210-293-1>		"kʰrɔ̃k"@ram	
"au"@mi	<http://ids.clld.org/values/14-210-236-3>		<http://ids.clld.org/parameters/14-210>		<http://ids.clld.org/values/14-210-293-1>		"kɨt-"@ram	
"ora"@mi	<http://ids.clld.org/values/4-740-236-1>		<http://ids.clld.org/parameters/4-740>		<http://ids.clld.org/values/4-740-293-1>		"tĩ"@ram	
"makawe"@mi	<http://ids.clld.org/values/4-140-236-1>		<http://ids.clld.org/parameters/4-140>		<http://ids.clld.org/values/4-140-293-1>		"ii-kʰĩ"@ram	
"kona"@mi	<http://ids.clld.org/values/4-460-236-5>		<http://ids.clld.org/parameters/4-460>		<http://ids.clld.org/values/4-460-293-1>		"ii-tu"@ram	
"kurii"@mi	<http://ids.clld.org/values/3-610-236-1>		<http://ids.clld.org/parameters/3-610>		<http://ids.clld.org/values/3-610-293-1>		"rɔp"@ram	
"ŋau-a"@mi	<http://ids.clld.org/values/4-580-236-1>		<http://ids.clld.org/parameters/4-580>		<http://ids.clld.org/values/4-580-293-1>		"-ku-c̷a"@ram	
"kite-a"@mi	<http://ids.clld.org/values/15-510-236-1>		<http://ids.clld.org/parameters/15-510>		<http://ids.clld.org/values/15-510-293-1>		"-hõm-pu"@ram	
"kite-a"@mi	<http://ids.clld.org/values/15-510-236-1>		<http://ids.clld.org/parameters/15-510>		<http://ids.clld.org/values/15-510-293-3>		"pu-pun"@ram	
"ihu"@mi	<http://ids.clld.org/values/4-230-236-1>		<http://ids.clld.org/parameters/4-230>		<http://ids.clld.org/values/4-230-293-1>		"-yĩyakʰrɛ"@ram	
"himu"@mi	<http://ids.clld.org/values/4-463-236-1>		<http://ids.clld.org/parameters/4-463>		<http://ids.clld.org/values/4-463-293-1>		"hɔ̃"@ram	
"kua tatuu te ŋaakau"@mi	<http://ids.clld.org/values/16-230-236-7>		<http://ids.clld.org/parameters/16-230>		<http://ids.clld.org/values/16-230-293-1>		"hakʰrɨ"@ram	
"kai-ŋa"@mi	<http://ids.clld.org/values/5-110-236-1>		<http://ids.clld.org/parameters/5-110>		<http://ids.clld.org/values/5-110-293-3>		"kʰuu"@ram	
"kai-ŋa"@mi	<http://ids.clld.org/values/5-110-236-1>		<http://ids.clld.org/parameters/5-110>		<http://ids.clld.org/values/5-110-293-7>		"pa-"@ram	
"kai-ŋa"@mi	<http://ids.clld.org/values/5-110-236-1>		<http://ids.clld.org/parameters/5-110>		<http://ids.clld.org/values/5-110-293-5>		"kukʰu-"@ram	
"kai-ŋa"@mi	<http://ids.clld.org/values/5-110-236-1>		<http://ids.clld.org/parameters/5-110>		<http://ids.clld.org/values/5-110-293-1>		"-kʰrẽ"@ram	
"one-puu"@mi	<http://ids.clld.org/values/1-215-236-1>		<http://ids.clld.org/parameters/1-215>		<http://ids.clld.org/values/1-215-293-1>		"pye"@ram	
"epa-ina"@mi	<http://ids.clld.org/values/4-120-236-7>		<http://ids.clld.org/parameters/4-120>		<http://ids.clld.org/values/4-120-293-1>		"ii-kʰə (?)"@ram	
"kaao"@mi	<http://ids.clld.org/values/17-560-236-5>		<http://ids.clld.org/parameters/17-560>		<http://ids.clld.org/values/17-560-293-1>		"ke-"@ram	
"kimi"@mi	<http://ids.clld.org/values/11-310-236-9>		<http://ids.clld.org/parameters/11-310>		<http://ids.clld.org/values/11-310-293-1>		"lɨ̃t"@ram	
"pupuhi"@mi	<http://ids.clld.org/values/10-380-236-1>		<http://ids.clld.org/parameters/10-380>		<http://ids.clld.org/values/10-380-293-1>		"hakkoo"@ram	
"kanohi"@mi	<http://ids.clld.org/values/4-210-236-1>		<http://ids.clld.org/parameters/4-210>		<http://ids.clld.org/values/4-210-293-1>		"ii-tɔ"@ram	
"roa"@mi	<http://ids.clld.org/values/12-570-236-1>		<http://ids.clld.org/parameters/12-570>		<http://ids.clld.org/values/12-570-293-1>		"i-rɨɨ"@ram	
"arero"@mi	<http://ids.clld.org/values/4-260-236-1>		<http://ids.clld.org/parameters/4-260>		<http://ids.clld.org/values/4-260-293-1>		"-yõʔtɔ"@ram	
"kakaa"@mi	<http://ids.clld.org/values/15-850-236-7>		<http://ids.clld.org/parameters/15-850>		<http://ids.clld.org/values/15-850-293-1>		"kakrɔ"@ram	
"ŋaakahi"@mi	<http://ids.clld.org/values/3-850-236-5>		<http://ids.clld.org/parameters/3-850>		<http://ids.clld.org/values/3-850-293-3>		"pat"@ram	
"ŋaakahi"@mi	<http://ids.clld.org/values/3-850-236-5>		<http://ids.clld.org/parameters/3-850>		<http://ids.clld.org/values/3-850-293-1>		"kaaŋə"@ram	
"kauwae"@mi	<http://ids.clld.org/values/4-209-236-1>		<http://ids.clld.org/parameters/4-209>		<http://ids.clld.org/values/4-209-293-1>		"hamã"@ram	
"ŋote-a"@mi	<http://ids.clld.org/values/5-160-236-1>		<http://ids.clld.org/parameters/5-160>		<http://ids.clld.org/values/5-160-293-1>		"kaho"@ram	
"mau"@mi	<http://ids.clld.org/values/10-610-236-11>		<http://ids.clld.org/parameters/10-610>		<http://ids.clld.org/values/10-610-293-1>		"pə"@ram	
"horoi-a"@mi	<http://ids.clld.org/values/9-360-236-1>		<http://ids.clld.org/parameters/9-360>		<http://ids.clld.org/values/9-360-293-1>		"kuʔhõ"@ram	
"horoi-a"@mi	<http://ids.clld.org/values/9-360-236-1>		<http://ids.clld.org/parameters/9-360>		<http://ids.clld.org/values/9-360-293-3>		"kaʔhõ"@ram	
"whaka-wiri-a"@mi	<http://ids.clld.org/values/9-343-236-3>		<http://ids.clld.org/parameters/9-343>		<http://ids.clld.org/values/9-343-293-1>		"ŋɛ̃n"@ram	
"muri"@mi	<http://ids.clld.org/values/1-720-236-3>		<http://ids.clld.org/parameters/1-720>		<http://ids.clld.org/values/1-720-293-1>		"kʰook"@ram	
"au"@mi	<http://ids.clld.org/values/2-910-236-1>		<http://ids.clld.org/parameters/2-910>		<http://ids.clld.org/values/2-910-293-3>		"wa"@ram	
"au"@mi	<http://ids.clld.org/values/2-910-236-1>		<http://ids.clld.org/parameters/2-910>		<http://ids.clld.org/values/2-910-293-1>		"pa"@ram	
"roo"@mi	<http://ids.clld.org/values/12-50-236-3>		<http://ids.clld.org/parameters/12-50>		<http://ids.clld.org/values/12-50-293-1>		"kʰam"@ram	
"paihau"@mi	<http://ids.clld.org/values/4-392-236-7>		<http://ids.clld.org/parameters/4-392>		<http://ids.clld.org/values/4-392-293-1>		"haaraa"@ram	
"puna"@mi	<http://ids.clld.org/values/1-370-236-1>		<http://ids.clld.org/parameters/1-370>		<http://ids.clld.org/values/1-370-293-1>		"kʰwa"@ram	
"tama"@mi	<http://ids.clld.org/values/2-210-236-5>		<http://ids.clld.org/parameters/2-210>		<http://ids.clld.org/values/2-210-293-1>		"hũm"@ram	
"Maamaa"@mi	<http://ids.clld.org/values/2-360-236-9>		<http://ids.clld.org/parameters/2-360>		<http://ids.clld.org/values/2-360-293-1>		"-nə̃ə̃"@ram	
"whaa-nui"@mi	<http://ids.clld.org/values/12-610-236-1>		<http://ids.clld.org/parameters/12-610>		<http://ids.clld.org/values/12-610-293-1>		"iʔ-pɔ"@ram	
"kau-kau"@mi	<http://ids.clld.org/values/4-690-236-3>		<http://ids.clld.org/parameters/4-690>		<http://ids.clld.org/values/4-690-293-1>		"c̷wa"@ram	
"iti"@mi	<http://ids.clld.org/values/12-560-236-1>		<http://ids.clld.org/parameters/12-560>		<http://ids.clld.org/values/12-560-293-3>		"lɛ"@ram	
"iti"@mi	<http://ids.clld.org/values/12-560-236-1>		<http://ids.clld.org/parameters/12-560>		<http://ids.clld.org/values/12-560-293-1>		"ĩn-krirɛ"@ram	
"unu"@mi	<http://ids.clld.org/values/5-130-236-5>		<http://ids.clld.org/parameters/5-130>		<http://ids.clld.org/values/5-130-293-1>		"-kʰõ (kʰɔ̃ ?)"@ram	
"hari"@mi	<http://ids.clld.org/values/10-610-236-9>		<http://ids.clld.org/parameters/10-610>		<http://ids.clld.org/values/10-610-293-1>		"pə"@ram	
"paŋo"@mi	<http://ids.clld.org/values/15-650-236-3>		<http://ids.clld.org/parameters/15-650>		<http://ids.clld.org/values/15-650-293-1>		"iʔ-tɨk"@ram	
"riteŋa"@mi	<http://ids.clld.org/values/12-920-236-5>		<http://ids.clld.org/parameters/12-920>		<http://ids.clld.org/values/12-920-293-1>		"kʰĩ"@ram	
"paku-paku"@mi	<http://ids.clld.org/values/12-560-236-5>		<http://ids.clld.org/parameters/12-560>		<http://ids.clld.org/values/12-560-293-3>		"lɛ"@ram	
"paku-paku"@mi	<http://ids.clld.org/values/12-560-236-5>		<http://ids.clld.org/parameters/12-560>		<http://ids.clld.org/values/12-560-293-1>		"ĩn-krirɛ"@ram	
"haahau-tia"@mi	<http://ids.clld.org/values/11-310-236-7>		<http://ids.clld.org/parameters/11-310>		<http://ids.clld.org/values/11-310-293-1>		"lɨ̃t"@ram	
"moroiti"@mi	<http://ids.clld.org/values/12-560-236-9>		<http://ids.clld.org/parameters/12-560>		<http://ids.clld.org/values/12-560-293-3>		"lɛ"@ram	
"moroiti"@mi	<http://ids.clld.org/values/12-560-236-9>		<http://ids.clld.org/parameters/12-560>		<http://ids.clld.org/values/12-560-293-1>		"ĩn-krirɛ"@ram	
"riŋa"@mi	<http://ids.clld.org/values/4-330-236-3>		<http://ids.clld.org/parameters/4-330>		<http://ids.clld.org/values/4-330-293-1>		"hũʔkʰra"@ram	
"toomai-raŋi"@mi	<http://ids.clld.org/values/1-640-236-3>		<http://ids.clld.org/parameters/1-640>		<http://ids.clld.org/values/1-640-293-1>		"atər-"@ram	
"ŋiha"@mi	<http://ids.clld.org/values/1-851-236-3>		<http://ids.clld.org/parameters/1-851>		<http://ids.clld.org/values/1-851-293-1>		"ka-c̷ər"@ram	
"inu"@mi	<http://ids.clld.org/values/5-130-236-3>		<http://ids.clld.org/parameters/5-130>		<http://ids.clld.org/values/5-130-293-1>		"-kʰõ (kʰɔ̃ ?)"@ram	
"matua kee-kee"@mi	<http://ids.clld.org/values/2-510-236-1>		<http://ids.clld.org/parameters/2-510>		<http://ids.clld.org/values/2-510-293-1>		"kɛt"@ram	
"kaakano"@mi	<http://ids.clld.org/values/8-311-236-1>		<http://ids.clld.org/parameters/8-311>		<http://ids.clld.org/values/8-311-293-1>		"iʔ-hɨɨ (hɨ- ?)"@ram	
"tahu"@mi	<http://ids.clld.org/values/1-851-236-7>		<http://ids.clld.org/parameters/1-851>		<http://ids.clld.org/values/1-851-293-1>		"ka-c̷ər"@ram	
"koowhao"@mi	<http://ids.clld.org/values/12-850-236-7>		<http://ids.clld.org/parameters/12-850>		<http://ids.clld.org/values/12-850-293-1>		"kʰrɛ"@ram	
"raa"@mi	<http://ids.clld.org/values/1-520-236-1>		<http://ids.clld.org/parameters/1-520>		<http://ids.clld.org/values/1-520-293-3>		"pɨtɨ"@ram	
"raa"@mi	<http://ids.clld.org/values/1-520-236-1>		<http://ids.clld.org/parameters/1-520>		<http://ids.clld.org/values/1-520-293-1>		"pɨt"@ram	
"iia"@mi	<http://ids.clld.org/values/2-930-236-3>		<http://ids.clld.org/parameters/2-930>		<http://ids.clld.org/values/2-930-293-1>		"tamə̃"@ram	
"pakiaka"@mi	<http://ids.clld.org/values/8-540-236-1>		<http://ids.clld.org/parameters/8-540>		<http://ids.clld.org/values/8-540-293-1>		"haare"@ram	
"kuia"@mi	<http://ids.clld.org/values/14-150-236-9>		<http://ids.clld.org/parameters/14-150>		<http://ids.clld.org/values/14-150-293-1>		"tũm"@ram	
"topa"@mi	<http://ids.clld.org/values/10-370-236-3>		<http://ids.clld.org/parameters/10-370>		<http://ids.clld.org/values/10-370-293-1>		"tɛɛ"@ram	
"whaka-maroke-tia"@mi	<http://ids.clld.org/values/15-840-236-3>		<http://ids.clld.org/parameters/15-840>		<http://ids.clld.org/values/15-840-293-1>		"krə"@ram	
"whaka-maroke-tia"@mi	<http://ids.clld.org/values/15-840-236-3>		<http://ids.clld.org/parameters/15-840>		<http://ids.clld.org/values/15-840-293-3>		"(kʰra ?)"@ram	
"[peita]"@mi	<http://ids.clld.org/values/9-880-236-1>		<http://ids.clld.org/parameters/9-880>		<http://ids.clld.org/values/9-880-293-1>		"kʰrɔr"@ram	
"whetuu"@mi	<http://ids.clld.org/values/1-540-236-1>		<http://ids.clld.org/parameters/1-540>		<http://ids.clld.org/values/1-540-293-1>		"kac̷ee-rɛ"@ram	
"reka"@mi	<http://ids.clld.org/values/15-350-236-1>		<http://ids.clld.org/parameters/15-350>		<http://ids.clld.org/values/15-350-293-1>		"c̷o-"@ram	
"kiri raakau"@mi	<http://ids.clld.org/values/8-750-236-1>		<http://ids.clld.org/parameters/8-750>		<http://ids.clld.org/values/8-750-293-1>		"ii-kʰə"@ram	
"awau"@mi	<http://ids.clld.org/values/2-910-236-5>		<http://ids.clld.org/parameters/2-910>		<http://ids.clld.org/values/2-910-293-3>		"wa"@ram	
"awau"@mi	<http://ids.clld.org/values/2-910-236-5>		<http://ids.clld.org/parameters/2-910>		<http://ids.clld.org/values/2-910-293-1>		"pa"@ram	
"haere-a-wae-wae"@mi	<http://ids.clld.org/values/10-450-236-3>		<http://ids.clld.org/parameters/10-450>		<http://ids.clld.org/values/10-450-293-1>		"mõ"@ram	
"paa-wera"@mi	<http://ids.clld.org/values/15-850-236-3>		<http://ids.clld.org/parameters/15-850>		<http://ids.clld.org/values/15-850-293-1>		"kakrɔ"@ram	
"puta"@mi	<http://ids.clld.org/values/12-850-236-3>		<http://ids.clld.org/parameters/12-850>		<http://ids.clld.org/values/12-850-293-1>		"kʰrɛ"@ram	
"huarahi"@mi	<http://ids.clld.org/values/10-720-236-3>		<http://ids.clld.org/parameters/10-720>		<http://ids.clld.org/values/10-720-293-1>		"prɨɨ"@ram	
"nuke"@mi	<http://ids.clld.org/values/12-740-236-5>		<http://ids.clld.org/parameters/12-740>		<http://ids.clld.org/values/12-740-293-1>		"yakɔt"@ram	
"ua"@mi	<http://ids.clld.org/values/1-750-236-1>		<http://ids.clld.org/parameters/1-750>		<http://ids.clld.org/values/1-750-293-1>		"taa (ta ?)"@ram	
"toke"@mi	<http://ids.clld.org/values/3-840-236-1>		<http://ids.clld.org/parameters/3-840>		<http://ids.clld.org/values/3-840-293-1>		"hɔɔc̷ã"@ram	
"kaua"@mi	<http://ids.clld.org/values/17-560-236-11>		<http://ids.clld.org/parameters/17-560>		<http://ids.clld.org/values/17-560-293-1>		"ke-"@ram	
"tea"@mi	<http://ids.clld.org/values/15-640-236-3>		<http://ids.clld.org/parameters/15-640>		<http://ids.clld.org/values/15-640-293-1>		"hakkʰa"@ram	
"tea"@mi	<http://ids.clld.org/values/15-640-236-3>		<http://ids.clld.org/parameters/15-640>		<http://ids.clld.org/values/15-640-293-3>		"yakʰaa"@ram	
"waa"@mi	<http://ids.clld.org/values/12-110-236-3>		<http://ids.clld.org/parameters/12-110>		<http://ids.clld.org/values/12-110-293-1>		"-li-"@ram	
"kaahore"@mi	<http://ids.clld.org/values/17-560-236-1>		<http://ids.clld.org/parameters/17-560>		<http://ids.clld.org/values/17-560-293-1>		"ke-"@ram	
"torori"@mi	<http://ids.clld.org/values/8-680-236-3>		<http://ids.clld.org/parameters/8-680>		<http://ids.clld.org/values/8-680-293-1>		"parho"@ram	
"kookaa"@mi	<http://ids.clld.org/values/2-360-236-7>		<http://ids.clld.org/parameters/2-360>		<http://ids.clld.org/values/2-360-293-1>		"-nə̃ə̃"@ram	
"hau-maakuu"@mi	<http://ids.clld.org/values/15-830-236-3>		<http://ids.clld.org/parameters/15-830>		<http://ids.clld.org/values/15-830-293-1>		"mrɔ̃ (?)"@ram	
"haka-a"@mi	<http://ids.clld.org/values/10-440-236-1>		<http://ids.clld.org/parameters/10-440>		<http://ids.clld.org/values/10-440-293-1>		"hakrun (?)"@ram	
"ŋako"@mi	<http://ids.clld.org/values/5-791-236-3>		<http://ids.clld.org/parameters/5-791>		<http://ids.clld.org/values/5-791-293-1>		"iʔ-twɨm"@ram	
"kiri"@mi	<http://ids.clld.org/values/4-120-236-1>		<http://ids.clld.org/parameters/4-120>		<http://ids.clld.org/values/4-120-293-1>		"ii-kʰə (?)"@ram	
"mate"@mi	<http://ids.clld.org/values/4-750-236-1>		<http://ids.clld.org/parameters/4-750>		<http://ids.clld.org/values/4-750-293-1>		"tɨɨ- (tɨ ?)"@ram	
"roto"@mi	<http://ids.clld.org/values/12-50-236-1>		<http://ids.clld.org/parameters/12-50>		<http://ids.clld.org/values/12-50-293-1>		"kʰam"@ram	
"papa"@mi	<http://ids.clld.org/values/4-464-236-1>		<http://ids.clld.org/parameters/4-464>		<http://ids.clld.org/values/4-464-293-1>		"ayɔ"@ram	
"raaihe"@mi	<http://ids.clld.org/values/7-150-236-3>		<http://ids.clld.org/parameters/7-150>		<http://ids.clld.org/values/7-150-293-1>		"ka-"@ram	
"kamo"@mi	<http://ids.clld.org/values/4-210-236-7>		<http://ids.clld.org/parameters/4-210>		<http://ids.clld.org/values/4-210-293-1>		"ii-tɔ"@ram	
"nehu"@mi	<http://ids.clld.org/values/1-213-236-1>		<http://ids.clld.org/parameters/1-213>		<http://ids.clld.org/values/1-213-293-1>		"pye yakro"@ram	
"wahine"@mi	<http://ids.clld.org/values/2-320-236-1>		<http://ids.clld.org/parameters/2-320>		<http://ids.clld.org/values/2-320-293-1>		"ĩĩ-prõ"@ram	
"mea-tia"@mi	<http://ids.clld.org/values/9-110-236-3>		<http://ids.clld.org/parameters/9-110>		<http://ids.clld.org/values/9-110-293-1>		"tɔn"@ram	
"tokomauri"@mi	<http://ids.clld.org/values/4-521-236-1>		<http://ids.clld.org/parameters/4-521>		<http://ids.clld.org/values/4-521-293-1>		"hɛk"@ram	
"whara"@mi	<http://ids.clld.org/values/16-310-236-3>		<http://ids.clld.org/parameters/16-310>		<http://ids.clld.org/values/16-310-293-1>		"-c̷a-"@ram	
"whara"@mi	<http://ids.clld.org/values/16-310-236-3>		<http://ids.clld.org/parameters/16-310>		<http://ids.clld.org/values/16-310-293-3>		"ha- (?)"@ram	
"tuaina"@mi	<http://ids.clld.org/values/6-380-236-7>		<http://ids.clld.org/parameters/6-380>		<http://ids.clld.org/values/6-380-293-1>		"he-"@ram	
"tuaina"@mi	<http://ids.clld.org/values/6-380-236-7>		<http://ids.clld.org/parameters/6-380>		<http://ids.clld.org/values/6-380-293-3>		"-c̷e- (?)"@ram	
"maatao"@mi	<http://ids.clld.org/values/15-860-236-7>		<http://ids.clld.org/parameters/15-860>		<http://ids.clld.org/values/15-860-293-1>		"kʰrɨ"@ram	
"taakakau"@mi	<http://ids.clld.org/values/8-520-236-1>		<http://ids.clld.org/parameters/8-520>		<http://ids.clld.org/values/8-520-293-1>		"po-"@ram	
"tere"@mi	<http://ids.clld.org/values/14-210-236-1>		<http://ids.clld.org/parameters/14-210>		<http://ids.clld.org/values/14-210-293-1>		"kɨt-"@ram	
"katoa"@mi	<http://ids.clld.org/values/13-140-236-1>		<http://ids.clld.org/parameters/13-140>		<http://ids.clld.org/values/13-140-293-1>		"tu-"@ram	
"poopokorua"@mi	<http://ids.clld.org/values/3-817-236-1>		<http://ids.clld.org/parameters/3-817>		<http://ids.clld.org/values/3-817-293-1>		"ahc̷un- (aʔc̷un- ?)"@ram	
"paapaa"@mi	<http://ids.clld.org/values/2-350-236-1>		<http://ids.clld.org/parameters/2-350>		<http://ids.clld.org/values/2-350-293-1>		"-pãm"@ram	
"paapaa"@mi	<http://ids.clld.org/values/2-350-236-1>		<http://ids.clld.org/parameters/2-350>		<http://ids.clld.org/values/2-350-293-3>		"c̷ũ"@ram	
"pao"@mi	<http://ids.clld.org/values/9-210-236-3>		<http://ids.clld.org/parameters/9-210>		<http://ids.clld.org/values/9-210-293-1>		"kʰrɔ̃k"@ram	
"haere mai"@mi	<http://ids.clld.org/values/10-480-236-3>		<http://ids.clld.org/parameters/10-480>		<http://ids.clld.org/values/10-480-293-1>		"-tẽ"@ram	
"pai"@mi	<http://ids.clld.org/values/16-710-236-1>		<http://ids.clld.org/parameters/16-710>		<http://ids.clld.org/values/16-710-293-1>		"-pɛy"@ram	
"tuki"@mi	<http://ids.clld.org/values/9-210-236-7>		<http://ids.clld.org/parameters/9-210>		<http://ids.clld.org/values/9-210-293-1>		"kʰrɔ̃k"@ram	
"hua manu"@mi	<http://ids.clld.org/values/5-970-236-1>		<http://ids.clld.org/parameters/5-970>		<http://ids.clld.org/values/5-970-293-1>		"in-krɛ"@ram	
"heeki"@mi	<http://ids.clld.org/values/5-970-236-3>		<http://ids.clld.org/parameters/5-970>		<http://ids.clld.org/values/5-970-293-1>		"in-krɛ"@ram	
"maahuna"@mi	<http://ids.clld.org/values/4-200-236-7>		<http://ids.clld.org/parameters/4-200>		<http://ids.clld.org/values/4-200-293-1>		"ii-kʰrə̃"@ram	
"haere-a atu"@mi	<http://ids.clld.org/values/10-470-236-3>		<http://ids.clld.org/parameters/10-470>		<http://ids.clld.org/values/10-470-293-1>		"mɔ̃"@ram	
"peha"@mi	<http://ids.clld.org/values/8-750-236-5>		<http://ids.clld.org/parameters/8-750>		<http://ids.clld.org/values/8-750-293-1>		"ii-kʰə"@ram	
"waiho-tia"@mi	<http://ids.clld.org/values/12-140-236-3>		<http://ids.clld.org/parameters/12-140>		<http://ids.clld.org/values/12-140-293-1>		"nɔ̃"@ram	
"niho"@mi	<http://ids.clld.org/values/4-270-236-1>		<http://ids.clld.org/parameters/4-270>		<http://ids.clld.org/values/4-270-293-1>		"ii-c̷wa"@ram	
"momi-a"@mi	<http://ids.clld.org/values/5-160-236-3>		<http://ids.clld.org/parameters/5-160>		<http://ids.clld.org/values/5-160-293-1>		"kaho"@ram	
"naakahi"@mi	<http://ids.clld.org/values/3-850-236-3>		<http://ids.clld.org/parameters/3-850>		<http://ids.clld.org/values/3-850-293-3>		"pat"@ram	
"naakahi"@mi	<http://ids.clld.org/values/3-850-236-3>		<http://ids.clld.org/parameters/3-850>		<http://ids.clld.org/values/3-850-293-1>		"kaaŋə"@ram	
"puaawai puti-puti"@mi	<http://ids.clld.org/values/8-570-236-5>		<http://ids.clld.org/parameters/8-570>		<http://ids.clld.org/values/8-570-293-1>		"ii-rə̃"@ram	
"kimi-hia"@mi	<http://ids.clld.org/values/11-310-236-3>		<http://ids.clld.org/parameters/11-310>		<http://ids.clld.org/values/11-310-293-1>		"lɨ̃t"@ram	
"iwikore"@mi	<http://ids.clld.org/values/4-820-236-3>		<http://ids.clld.org/parameters/4-820>		<http://ids.clld.org/values/4-820-293-1>		"pɛk-"@ram	
"ŋahau"@mi	<http://ids.clld.org/values/16-230-236-3>		<http://ids.clld.org/parameters/16-230>		<http://ids.clld.org/values/16-230-293-1>		"hakʰrɨ"@ram	
"patu-a"@mi	<http://ids.clld.org/values/20-220-236-1>		<http://ids.clld.org/parameters/20-220>		<http://ids.clld.org/values/20-220-293-1>		"kʰo"@ram	
"mere"@mi	<http://ids.clld.org/values/20-220-236-5>		<http://ids.clld.org/parameters/20-220>		<http://ids.clld.org/values/20-220-293-1>		"kʰo"@ram	
"maraŋai"@mi	<http://ids.clld.org/values/1-750-236-5>		<http://ids.clld.org/parameters/1-750>		<http://ids.clld.org/values/1-750-293-1>		"taa (ta ?)"@ram	
"kaapura"@mi	<http://ids.clld.org/values/1-810-236-3>		<http://ids.clld.org/parameters/1-810>		<http://ids.clld.org/values/1-810-293-1>		"kuhɨ"@ram	
"wheua"@mi	<http://ids.clld.org/values/4-160-236-3>		<http://ids.clld.org/parameters/4-160>		<http://ids.clld.org/values/4-160-293-1>		"-hi"@ram	
"rapu"@mi	<http://ids.clld.org/values/11-310-236-11>		<http://ids.clld.org/parameters/11-310>		<http://ids.clld.org/values/11-310-293-1>		"lɨ̃t"@ram	
"kaumaatua"@mi	<http://ids.clld.org/values/14-150-236-3>		<http://ids.clld.org/parameters/14-150>		<http://ids.clld.org/values/14-150-293-1>		"tũm"@ram	
"raŋi"@mi	<http://ids.clld.org/values/1-510-236-1>		<http://ids.clld.org/parameters/1-510>		<http://ids.clld.org/values/1-510-293-1>		"koykʰwa"@ram	
"poo"@mi	<http://ids.clld.org/values/14-420-236-3>		<http://ids.clld.org/parameters/14-420>		<http://ids.clld.org/values/14-420-293-1>		"kac̷wa"@ram	
"kau-ria"@mi	<http://ids.clld.org/values/4-690-236-5>		<http://ids.clld.org/parameters/4-690>		<http://ids.clld.org/values/4-690-293-1>		"c̷wa"@ram	
"tirotiro"@mi	<http://ids.clld.org/values/11-310-236-15>		<http://ids.clld.org/parameters/11-310>		<http://ids.clld.org/values/11-310-293-1>		"lɨ̃t"@ram	
"anake"@mi	<http://ids.clld.org/values/13-330-236-1>		<http://ids.clld.org/parameters/13-330>		<http://ids.clld.org/values/13-330-293-3>		"kamã"@ram	
"anake"@mi	<http://ids.clld.org/values/13-330-236-1>		<http://ids.clld.org/parameters/13-330>		<http://ids.clld.org/values/13-330-293-1>		"pit"@ram	
"raakau"@mi	<http://ids.clld.org/values/1-420-236-1>		<http://ids.clld.org/parameters/1-420>		<http://ids.clld.org/values/1-420-293-1>		"pĩĩ"@ram	
"kihi-a"@mi	<http://ids.clld.org/values/16-290-236-1>		<http://ids.clld.org/parameters/16-290>		<http://ids.clld.org/values/16-290-293-1>		"p (?)"@ram	
"taimaha"@mi	<http://ids.clld.org/values/15-810-236-1>		<http://ids.clld.org/parameters/15-810>		<http://ids.clld.org/values/15-810-293-1>		"hũũ-tĩ"@ram	
"maaeke"@mi	<http://ids.clld.org/values/15-860-236-3>		<http://ids.clld.org/parameters/15-860>		<http://ids.clld.org/values/15-860-293-1>		"kʰrɨ"@ram	
"taatari-tia"@mi	<http://ids.clld.org/values/9-343-236-5>		<http://ids.clld.org/parameters/9-343>		<http://ids.clld.org/values/9-343-293-1>		"ŋɛ̃n"@ram	
"takapau"@mi	<http://ids.clld.org/values/9-770-236-3>		<http://ids.clld.org/parameters/9-770>		<http://ids.clld.org/values/9-770-293-1>		"kohpip (koʔpip ?)"@ram	
"waha"@mi	<http://ids.clld.org/values/4-240-236-5>		<http://ids.clld.org/parameters/4-240>		<http://ids.clld.org/values/4-240-293-1>		"-yarkʰwa"@ram	
"tuakana"@mi	<http://ids.clld.org/values/2-450-236-5>		<http://ids.clld.org/parameters/2-450>		<http://ids.clld.org/values/2-450-293-1>		"tɔ̃y-"@ram	
"parihau"@mi	<http://ids.clld.org/values/4-392-236-3>		<http://ids.clld.org/parameters/4-392>		<http://ids.clld.org/values/4-392-293-1>		"haaraa"@ram	
"poaka"@mi	<http://ids.clld.org/values/3-350-236-1>		<http://ids.clld.org/parameters/3-350>		<http://ids.clld.org/values/3-350-293-1>		"kʰro"@ram	
"taapatu-tia"@mi	<http://ids.clld.org/values/7-520-236-3>		<http://ids.clld.org/parameters/7-520>		<http://ids.clld.org/values/7-520-293-1>		"po"@ram	
"puehu"@mi	<http://ids.clld.org/values/1-213-236-3>		<http://ids.clld.org/parameters/1-213>		<http://ids.clld.org/values/1-213-293-1>		"pye yakro"@ram	
"whiiore"@mi	<http://ids.clld.org/values/4-180-236-1>		<http://ids.clld.org/parameters/4-180>		<http://ids.clld.org/values/4-180-293-1>		"ha-ppɨ"@ram	
"kaamaka"@mi	<http://ids.clld.org/values/1-440-236-11>		<http://ids.clld.org/parameters/1-440>		<http://ids.clld.org/values/1-440-293-1>		"kʰɛn"@ram	
"noni"@mi	<http://ids.clld.org/values/12-740-236-3>		<http://ids.clld.org/parameters/12-740>		<http://ids.clld.org/values/12-740-293-1>		"yakɔt"@ram	
"kau-taahoe"@mi	<http://ids.clld.org/values/10-350-236-7>		<http://ids.clld.org/parameters/10-350>		<http://ids.clld.org/values/10-350-293-1>		"ree"@ram	
"kau-taahoe"@mi	<http://ids.clld.org/values/10-350-236-7>		<http://ids.clld.org/parameters/10-350>		<http://ids.clld.org/values/10-350-293-3>		"c̷wa"@ram	
"tote"@mi	<http://ids.clld.org/values/5-810-236-1>		<http://ids.clld.org/parameters/5-810>		<http://ids.clld.org/values/5-810-293-1>		"kaac̷wa"@ram	
"miere"@mi	<http://ids.clld.org/values/5-840-236-1>		<http://ids.clld.org/parameters/5-840>		<http://ids.clld.org/values/5-840-293-1>		"pɛn"@ram	
"maaŋai"@mi	<http://ids.clld.org/values/4-240-236-1>		<http://ids.clld.org/parameters/4-240>		<http://ids.clld.org/values/4-240-293-1>		"-yarkʰwa"@ram	
"maakuukuu"@mi	<http://ids.clld.org/values/15-830-236-1>		<http://ids.clld.org/parameters/15-830>		<http://ids.clld.org/values/15-830-293-1>		"mrɔ̃ (?)"@ram	
"hiikoi"@mi	<http://ids.clld.org/values/10-450-236-1>		<http://ids.clld.org/parameters/10-450>		<http://ids.clld.org/values/10-450-293-1>		"mõ"@ram	
"haramai"@mi	<http://ids.clld.org/values/10-480-236-5>		<http://ids.clld.org/parameters/10-480>		<http://ids.clld.org/values/10-480-293-1>		"-tẽ"@ram	
"moe-a"@mi	<http://ids.clld.org/values/4-610-236-1>		<http://ids.clld.org/parameters/4-610>		<http://ids.clld.org/values/4-610-293-1>		"-ŋõr (ŋɔ̃r ?)"@ram	
"maateŋa"@mi	<http://ids.clld.org/values/4-200-236-3>		<http://ids.clld.org/parameters/4-200>		<http://ids.clld.org/values/4-200-293-1>		"ii-kʰrə̃"@ram	
"toto"@mi	<http://ids.clld.org/values/4-150-236-1>		<http://ids.clld.org/parameters/4-150>		<http://ids.clld.org/values/4-150-293-1>		"ii-kaproo"@ram	
"ouou"@mi	<http://ids.clld.org/values/13-170-236-7>		<http://ids.clld.org/parameters/13-170>		<http://ids.clld.org/values/13-170-293-1>		"kʰɨɨpe-"@ram	
"hauora"@mi	<http://ids.clld.org/values/1-720-236-5>		<http://ids.clld.org/parameters/1-720>		<http://ids.clld.org/values/1-720-293-1>		"kʰook"@ram	
"teina"@mi	<http://ids.clld.org/values/2-450-236-3>		<http://ids.clld.org/parameters/2-450>		<http://ids.clld.org/values/2-450-293-1>		"tɔ̃y-"@ram	
"ko.nei"@mi	<http://ids.clld.org/values/12-110-236-7>		<http://ids.clld.org/parameters/12-110>		<http://ids.clld.org/values/12-110-293-1>		"-li-"@ram	
"tiriŋi"@mi	<http://ids.clld.org/values/6-380-236-5>		<http://ids.clld.org/parameters/6-380>		<http://ids.clld.org/values/6-380-293-1>		"he-"@ram	
"tiriŋi"@mi	<http://ids.clld.org/values/6-380-236-5>		<http://ids.clld.org/parameters/6-380>		<http://ids.clld.org/values/6-380-293-3>		"-c̷e- (?)"@ram	
"poto"@mi	<http://ids.clld.org/values/13-170-236-3>		<http://ids.clld.org/parameters/13-170>		<http://ids.clld.org/values/13-170-293-1>		"kʰɨɨpe-"@ram	
"pua"@mi	<http://ids.clld.org/values/8-570-236-1>		<http://ids.clld.org/parameters/8-570>		<http://ids.clld.org/values/8-570-293-1>		"ii-rə̃"@ram	
"koroua"@mi	<http://ids.clld.org/values/14-150-236-7>		<http://ids.clld.org/parameters/14-150>		<http://ids.clld.org/values/14-150-293-1>		"tũm"@ram	
"taumaha"@mi	<http://ids.clld.org/values/15-810-236-3>		<http://ids.clld.org/parameters/15-810>		<http://ids.clld.org/values/15-810-293-1>		"hũũ-tĩ"@ram	
"kite"@mi	<http://ids.clld.org/values/15-510-236-5>		<http://ids.clld.org/parameters/15-510>		<http://ids.clld.org/values/15-510-293-1>		"-hõm-pu"@ram	
"kite"@mi	<http://ids.clld.org/values/15-510-236-5>		<http://ids.clld.org/parameters/15-510>		<http://ids.clld.org/values/15-510-293-3>		"pu-pun"@ram	
"tuu"@mi	<http://ids.clld.org/values/12-150-236-1>		<http://ids.clld.org/parameters/12-150>		<http://ids.clld.org/values/12-150-293-1>		"c̷a"@ram	
"tarete"@mi	<http://ids.clld.org/values/6-380-236-9>		<http://ids.clld.org/parameters/6-380>		<http://ids.clld.org/values/6-380-293-1>		"he-"@ram	
"tarete"@mi	<http://ids.clld.org/values/6-380-236-9>		<http://ids.clld.org/parameters/6-380>		<http://ids.clld.org/values/6-380-293-3>		"-c̷e- (?)"@ram	
"whee-whee"@mi	<http://ids.clld.org/values/4-856-236-1>		<http://ids.clld.org/parameters/4-856>		<http://ids.clld.org/values/4-856-293-1>		"kuhe"@ram	
"ŋahe-ŋahe"@mi	<http://ids.clld.org/values/1-410-236-5>		<http://ids.clld.org/parameters/1-410>		<http://ids.clld.org/values/1-410-293-1>		"lam-"@ram	
"kawa"@mi	<http://ids.clld.org/values/15-370-236-1>		<http://ids.clld.org/parameters/15-370>		<http://ids.clld.org/values/15-370-293-1>		"-c̷ə-"@ram	
"kawa"@mi	<http://ids.clld.org/values/15-370-236-1>		<http://ids.clld.org/parameters/15-370>		<http://ids.clld.org/values/15-370-293-3>		"hə"@ram	
"koroheke"@mi	<http://ids.clld.org/values/14-150-236-5>		<http://ids.clld.org/parameters/14-150>		<http://ids.clld.org/values/14-150-293-1>		"tũm"@ram	
"amo-hia"@mi	<http://ids.clld.org/values/10-610-236-3>		<http://ids.clld.org/parameters/10-610>		<http://ids.clld.org/values/10-610-293-1>		"pə"@ram	
"raŋo-na"@mi	<http://ids.clld.org/values/15-410-236-3>		<http://ids.clld.org/parameters/15-410>		<http://ids.clld.org/values/15-410-293-1>		"kʰə̃-pa"@ram	
"whaka-roŋo"@mi	<http://ids.clld.org/values/15-420-236-1>		<http://ids.clld.org/parameters/15-420>		<http://ids.clld.org/values/15-420-293-1>		"k mpa (?)"@ram	
"mata-kite"@mi	<http://ids.clld.org/values/15-510-236-3>		<http://ids.clld.org/parameters/15-510>		<http://ids.clld.org/values/15-510-293-1>		"-hõm-pu"@ram	
"mata-kite"@mi	<http://ids.clld.org/values/15-510-236-3>		<http://ids.clld.org/parameters/15-510>		<http://ids.clld.org/values/15-510-293-3>		"pu-pun"@ram	
"toimaha"@mi	<http://ids.clld.org/values/15-810-236-5>		<http://ids.clld.org/parameters/15-810>		<http://ids.clld.org/values/15-810-293-1>		"hũũ-tĩ"@ram	
"teera"@mi	<http://ids.clld.org/values/4-180-236-3>		<http://ids.clld.org/parameters/4-180>		<http://ids.clld.org/values/4-180-293-1>		"ha-ppɨ"@ram	
"haŋa-a"@mi	<http://ids.clld.org/values/9-110-236-1>		<http://ids.clld.org/parameters/9-110>		<http://ids.clld.org/values/9-110-293-1>		"tɔn"@ram	
"ahau"@mi	<http://ids.clld.org/values/2-910-236-3>		<http://ids.clld.org/parameters/2-910>		<http://ids.clld.org/values/2-910-293-3>		"wa"@ram	
"ahau"@mi	<http://ids.clld.org/values/2-910-236-3>		<http://ids.clld.org/parameters/2-910>		<http://ids.clld.org/values/2-910-293-1>		"pa"@ram	
"parareka"@mi	<http://ids.clld.org/values/5-700-236-1>		<http://ids.clld.org/parameters/5-700>		<http://ids.clld.org/values/5-700-293-1>		"yat (yɛt ?)"@ram	
"ŋaarara"@mi	<http://ids.clld.org/values/3-850-236-1>		<http://ids.clld.org/parameters/3-850>		<http://ids.clld.org/values/3-850-293-3>		"pat"@ram	
"ŋaarara"@mi	<http://ids.clld.org/values/3-850-236-1>		<http://ids.clld.org/parameters/3-850>		<http://ids.clld.org/values/3-850-293-1>		"kaaŋə"@ram	
"wera"@mi	<http://ids.clld.org/values/15-850-236-1>		<http://ids.clld.org/parameters/15-850>		<http://ids.clld.org/values/15-850-293-1>		"kakrɔ"@ram	
"waiata-tia"@mi	<http://ids.clld.org/values/18-120-236-1>		<http://ids.clld.org/parameters/18-120>		<http://ids.clld.org/values/18-120-293-1>		"-krɛ"@ram	
"makariri"@mi	<http://ids.clld.org/values/15-860-236-5>		<http://ids.clld.org/parameters/15-860>		<http://ids.clld.org/values/15-860-293-1>		"kʰrɨ"@ram	
"roromi"@mi	<http://ids.clld.org/values/9-343-236-1>		<http://ids.clld.org/parameters/9-343>		<http://ids.clld.org/values/9-343-293-1>		"ŋɛ̃n"@ram	
"tapeha"@mi	<http://ids.clld.org/values/4-120-236-5>		<http://ids.clld.org/parameters/4-120>		<http://ids.clld.org/values/4-120-293-1>		"ii-kʰə (?)"@ram	
"karaaihe"@mi	<http://ids.clld.org/values/8-510-236-1>		<http://ids.clld.org/parameters/8-510>		<http://ids.clld.org/values/8-510-293-1>		"aʔ-tuu"@ram	
"one"@mi	<http://ids.clld.org/values/1-215-236-3>		<http://ids.clld.org/parameters/1-215>		<http://ids.clld.org/values/1-215-293-1>		"pye"@ram	
"eehe"@mi	<http://ids.clld.org/values/17-560-236-7>		<http://ids.clld.org/parameters/17-560>		<http://ids.clld.org/values/17-560-293-1>		"ke-"@ram	
"(kau)kau-ria"@mi	<http://ids.clld.org/values/10-350-236-3>		<http://ids.clld.org/parameters/10-350>		<http://ids.clld.org/values/10-350-293-1>		"ree"@ram	
"(kau)kau-ria"@mi	<http://ids.clld.org/values/10-350-236-3>		<http://ids.clld.org/parameters/10-350>		<http://ids.clld.org/values/10-350-293-3>		"c̷wa"@ram	
"kaa-ŋia"@mi	<http://ids.clld.org/values/1-851-236-1>		<http://ids.clld.org/parameters/1-851>		<http://ids.clld.org/values/1-851-293-1>		"ka-c̷ər"@ram	
"teka"@mi	<http://ids.clld.org/values/16-670-236-3>		<http://ids.clld.org/parameters/16-670>		<http://ids.clld.org/values/16-670-293-1>		"nõ"@ram	
"noho-ia"@mi	<http://ids.clld.org/values/7-110-236-1>		<http://ids.clld.org/parameters/7-110>		<http://ids.clld.org/values/7-110-293-1>		"kʰrĩ"@ram	
"patu"@mi	<http://ids.clld.org/values/9-211-236-1>		<http://ids.clld.org/parameters/9-211>		<http://ids.clld.org/values/9-211-293-1>		"twə"@ram	
"poowhatu"@mi	<http://ids.clld.org/values/1-440-236-5>		<http://ids.clld.org/parameters/1-440>		<http://ids.clld.org/values/1-440-293-1>		"kʰɛn"@ram	
"hori-hori"@mi	<http://ids.clld.org/values/16-670-236-7>		<http://ids.clld.org/parameters/16-670>		<http://ids.clld.org/values/16-670-293-1>		"nõ"@ram	
"whaka-topa"@mi	<http://ids.clld.org/values/10-370-236-5>		<http://ids.clld.org/parameters/10-370>		<http://ids.clld.org/values/10-370-293-1>		"tɛɛ"@ram	
"haahaa"@mi	<http://ids.clld.org/values/11-310-236-5>		<http://ids.clld.org/parameters/11-310>		<http://ids.clld.org/values/11-310-293-1>		"lɨ̃t"@ram	
"maruu"@mi	<http://ids.clld.org/values/13-210-236-3>		<http://ids.clld.org/parameters/13-210>		<http://ids.clld.org/values/13-210-293-1>		"yic̷u"@ram	
"poohatu"@mi	<http://ids.clld.org/values/1-440-236-7>		<http://ids.clld.org/parameters/1-440>		<http://ids.clld.org/values/1-440-293-1>		"kʰɛn"@ram	
"riŋa-riŋa"@mi	<http://ids.clld.org/values/4-330-236-1>		<http://ids.clld.org/parameters/4-330>		<http://ids.clld.org/values/4-330-293-1>		"hũʔkʰra"@ram	
"ota"@mi	<http://ids.clld.org/values/5-110-236-3>		<http://ids.clld.org/parameters/5-110>		<http://ids.clld.org/values/5-110-293-3>		"kʰuu"@ram	
"ota"@mi	<http://ids.clld.org/values/5-110-236-3>		<http://ids.clld.org/parameters/5-110>		<http://ids.clld.org/values/5-110-293-7>		"pa-"@ram	
"ota"@mi	<http://ids.clld.org/values/5-110-236-3>		<http://ids.clld.org/parameters/5-110>		<http://ids.clld.org/values/5-110-293-5>		"kukʰu-"@ram	
"ota"@mi	<http://ids.clld.org/values/5-110-236-3>		<http://ids.clld.org/parameters/5-110>		<http://ids.clld.org/values/5-110-293-1>		"-kʰrẽ"@ram	
"mau-ria"@mi	<http://ids.clld.org/values/10-610-236-7>		<http://ids.clld.org/parameters/10-610>		<http://ids.clld.org/values/10-610-293-1>		"pə"@ram	
"maa"@mi	<http://ids.clld.org/values/15-640-236-1>		<http://ids.clld.org/parameters/15-640>		<http://ids.clld.org/values/15-640-293-1>		"hakkʰa"@ram	
"maa"@mi	<http://ids.clld.org/values/15-640-236-1>		<http://ids.clld.org/parameters/15-640>		<http://ids.clld.org/values/15-640-293-3>		"yakʰaa"@ram	
"taapae"@mi	<http://ids.clld.org/values/12-140-236-5>		<http://ids.clld.org/parameters/12-140>		<http://ids.clld.org/values/12-140-293-1>		"nɔ̃"@ram	
"whare"@mi	<http://ids.clld.org/values/7-120-236-1>		<http://ids.clld.org/parameters/7-120>		<http://ids.clld.org/values/7-120-293-1>		"ii-kʰrɛ"@ram	
"teenei..."@mi	<http://ids.clld.org/values/13-140-236-3>		<http://ids.clld.org/parameters/13-140>		<http://ids.clld.org/values/13-140-293-1>		"tu-"@ram	
"puruhi"@mi	<http://ids.clld.org/values/3-813-236-1>		<http://ids.clld.org/parameters/3-813>		<http://ids.clld.org/values/3-813-293-1>		"ĩnko"@ram	
"whaea"@mi	<http://ids.clld.org/values/2-360-236-3>		<http://ids.clld.org/parameters/2-360>		<http://ids.clld.org/values/2-360-293-1>		"-nə̃ə̃"@ram	
"ŋahere"@mi	<http://ids.clld.org/values/1-410-236-1>		<http://ids.clld.org/parameters/1-410>		<http://ids.clld.org/values/1-410-293-1>		"lam-"@ram	
"tahi"@mi	<http://ids.clld.org/values/13-10-236-1>		<http://ids.clld.org/parameters/13-10>		<http://ids.clld.org/values/13-10-293-1>		"pɨc̷it"@ram	
"hau"@mi	<http://ids.clld.org/values/2-910-236-7>		<http://ids.clld.org/parameters/2-910>		<http://ids.clld.org/values/2-910-293-3>		"wa"@ram	
"hau"@mi	<http://ids.clld.org/values/2-910-236-7>		<http://ids.clld.org/parameters/2-910>		<http://ids.clld.org/values/2-910-293-1>		"pa"@ram	
"whenua moomona"@mi	<http://ids.clld.org/values/8-120-236-3>		<http://ids.clld.org/parameters/8-120>		<http://ids.clld.org/values/8-120-293-1>		"pur"@ram	
"pooaka"@mi	<http://ids.clld.org/values/3-350-236-3>		<http://ids.clld.org/parameters/3-350>		<http://ids.clld.org/values/3-350-293-1>		"kʰro"@ram	
"koohuŋa-huŋa"@mi	<http://ids.clld.org/values/2-270-236-3>		<http://ids.clld.org/parameters/2-270>		<http://ids.clld.org/values/2-270-293-1>		"aʔ-kʰra-rɛ"@ram	
"hemo"@mi	<http://ids.clld.org/values/4-750-236-3>		<http://ids.clld.org/parameters/4-750>		<http://ids.clld.org/values/4-750-293-1>		"tɨɨ- (tɨ ?)"@ram	
"koe"@mi	<http://ids.clld.org/values/2-920-236-1>		<http://ids.clld.org/parameters/2-920>		<http://ids.clld.org/values/2-920-293-1>		"ka"@ram	
"tatuu"@mi	<http://ids.clld.org/values/16-230-236-5>		<http://ids.clld.org/parameters/16-230>		<http://ids.clld.org/values/16-230-293-1>		"hakʰrɨ"@ram	
"tuahine"@mi	<http://ids.clld.org/values/2-450-236-1>		<http://ids.clld.org/parameters/2-450>		<http://ids.clld.org/values/2-450-293-1>		"tɔ̃y-"@ram	
"peepepe"@mi	<http://ids.clld.org/values/3-920-236-1>		<http://ids.clld.org/parameters/3-920>		<http://ids.clld.org/values/3-920-293-1>		"wɛwɛ-"@ram	
"taapoa"@mi	<http://ids.clld.org/values/4-856-236-5>		<http://ids.clld.org/parameters/4-856>		<http://ids.clld.org/values/4-856-293-1>		"kuhe"@ram	
"paoa"@mi	<http://ids.clld.org/values/1-830-236-1>		<http://ids.clld.org/parameters/1-830>		<http://ids.clld.org/values/1-830-293-1>		"iʔ-kʰũm"@ram	
"kotiate"@mi	<http://ids.clld.org/values/20-220-236-7>		<http://ids.clld.org/parameters/20-220>		<http://ids.clld.org/values/20-220-293-1>		"kʰo"@ram	
"kaaore"@mi	<http://ids.clld.org/values/17-560-236-3>		<http://ids.clld.org/parameters/17-560>		<http://ids.clld.org/values/17-560-293-1>		"ke-"@ram	
"matua wahine"@mi	<http://ids.clld.org/values/2-360-236-1>		<http://ids.clld.org/parameters/2-360>		<http://ids.clld.org/values/2-360-293-1>		"-nə̃ə̃"@ram	
"rau"@mi	<http://ids.clld.org/values/8-560-236-1>		<http://ids.clld.org/parameters/8-560>		<http://ids.clld.org/values/8-560-293-1>		"iʔ-ho"@ram	
"iwi"@mi	<http://ids.clld.org/values/4-160-236-1>		<http://ids.clld.org/parameters/4-160>		<http://ids.clld.org/values/4-160-293-1>		"-hi"@ram	
"hinu"@mi	<http://ids.clld.org/values/5-791-236-1>		<http://ids.clld.org/parameters/5-791>		<http://ids.clld.org/values/5-791-293-1>		"iʔ-twɨm"@ram	
"haukuu"@mi	<http://ids.clld.org/values/1-640-236-1>		<http://ids.clld.org/parameters/1-640>		<http://ids.clld.org/values/1-640-293-1>		"atər-"@ram	
"karu"@mi	<http://ids.clld.org/values/4-210-236-3>		<http://ids.clld.org/parameters/4-210>		<http://ids.clld.org/values/4-210-293-1>		"ii-tɔ"@ram	
"mahana"@mi	<http://ids.clld.org/values/15-850-236-5>		<http://ids.clld.org/parameters/15-850>		<http://ids.clld.org/values/15-850-293-1>		"kakrɔ"@ram	
"hake"@mi	<http://ids.clld.org/values/12-740-236-7>		<http://ids.clld.org/parameters/12-740>		<http://ids.clld.org/values/12-740-293-1>		"yakɔt"@ram	
"poka"@mi	<http://ids.clld.org/values/12-850-236-1>		<http://ids.clld.org/parameters/12-850>		<http://ids.clld.org/values/12-850-293-1>		"kʰrɛ"@ram	
"maakuu"@mi	<http://ids.clld.org/values/15-830-236-5>		<http://ids.clld.org/parameters/15-830>		<http://ids.clld.org/values/15-830-293-1>		"mrɔ̃ (?)"@ram	
"wae-wae"@mi	<http://ids.clld.org/values/4-370-236-1>		<http://ids.clld.org/parameters/4-370>		<http://ids.clld.org/values/4-370-293-1>		"ii-par"@ram	
"paatiitii"@mi	<http://ids.clld.org/values/8-510-236-3>		<http://ids.clld.org/parameters/8-510>		<http://ids.clld.org/values/8-510-293-1>		"aʔ-tuu"@ram	
"kikowhiti"@mi	<http://ids.clld.org/values/4-310-236-3>		<http://ids.clld.org/parameters/4-310>		<http://ids.clld.org/values/4-310-293-1>		"pa"@ram	
"peka-peka"@mi	<http://ids.clld.org/values/3-591-236-1>		<http://ids.clld.org/parameters/3-591>		<http://ids.clld.org/values/3-591-293-1>		"c̷ɛprɛ"@ram	
"puku"@mi	<http://ids.clld.org/values/4-856-236-3>		<http://ids.clld.org/parameters/4-856>		<http://ids.clld.org/values/4-856-293-1>		"kuhe"@ram	
"takiwaa"@mi	<http://ids.clld.org/values/12-110-236-5>		<http://ids.clld.org/parameters/12-110>		<http://ids.clld.org/values/12-110-293-1>		"-li-"@ram	
"ato-hia"@mi	<http://ids.clld.org/values/7-520-236-1>		<http://ids.clld.org/parameters/7-520>		<http://ids.clld.org/values/7-520-293-1>		"po"@ram	
"paakau"@mi	<http://ids.clld.org/values/4-392-236-5>		<http://ids.clld.org/parameters/4-392>		<http://ids.clld.org/values/4-392-293-1>		"haaraa"@ram	
"koopuu"@mi	<http://ids.clld.org/values/4-460-236-3>		<http://ids.clld.org/parameters/4-460>		<http://ids.clld.org/values/4-460-293-1>		"ii-tu"@ram	
"hau"@mi	<http://ids.clld.org/values/1-720-236-1>		<http://ids.clld.org/parameters/1-720>		<http://ids.clld.org/values/1-720-293-1>		"kʰook"@ram	
"koowhatu"@mi	<http://ids.clld.org/values/1-440-236-1>		<http://ids.clld.org/parameters/1-440>		<http://ids.clld.org/values/1-440-293-1>		"kʰɛn"@ram	
"taane"@mi	<http://ids.clld.org/values/2-210-236-3>		<http://ids.clld.org/parameters/2-210>		<http://ids.clld.org/values/2-210-293-1>		"hũm"@ram	
"ia"@mi	<http://ids.clld.org/values/2-930-236-1>		<http://ids.clld.org/parameters/2-930>		<http://ids.clld.org/values/2-930-293-1>		"tamə̃"@ram	
"hohoro"@mi	<http://ids.clld.org/values/14-210-236-9>		<http://ids.clld.org/parameters/14-210>		<http://ids.clld.org/values/14-210-293-1>		"kɨt-"@ram	
"rahi"@mi	<http://ids.clld.org/values/12-550-236-3>		<http://ids.clld.org/parameters/12-550>		<http://ids.clld.org/values/12-550-293-1>		"ti-"@ram	
"riiwai"@mi	<http://ids.clld.org/values/5-700-236-3>		<http://ids.clld.org/parameters/5-700>		<http://ids.clld.org/values/5-700-293-1>		"yat (yɛt ?)"@ram	
"whatu"@mi	<http://ids.clld.org/values/4-210-236-9>		<http://ids.clld.org/parameters/4-210>		<http://ids.clld.org/values/4-210-293-1>		"ii-tɔ"@ram	
"tau"@mi	<http://ids.clld.org/values/6-380-236-1>		<http://ids.clld.org/parameters/6-380>		<http://ids.clld.org/values/6-380-293-1>		"he-"@ram	
"tau"@mi	<http://ids.clld.org/values/6-380-236-1>		<http://ids.clld.org/parameters/6-380>		<http://ids.clld.org/values/6-380-293-3>		"-c̷e- (?)"@ram	
"tamaiti"@mi	<http://ids.clld.org/values/2-270-236-1>		<http://ids.clld.org/parameters/2-270>		<http://ids.clld.org/values/2-270-293-1>		"aʔ-kʰra-rɛ"@ram	
"paa-kia"@mi	<http://ids.clld.org/values/9-210-236-9>		<http://ids.clld.org/parameters/9-210>		<http://ids.clld.org/values/9-210-293-1>		"kʰrɔ̃k"@ram	
"tupeka"@mi	<http://ids.clld.org/values/8-680-236-1>		<http://ids.clld.org/parameters/8-680>		<http://ids.clld.org/values/8-680-293-1>		"parho"@ram	
"pura-pura"@mi	<http://ids.clld.org/values/8-311-236-3>		<http://ids.clld.org/parameters/8-311>		<http://ids.clld.org/values/8-311-293-1>		"iʔ-hɨɨ (hɨ- ?)"@ram	
"keha"@mi	<http://ids.clld.org/values/3-813-236-3>		<http://ids.clld.org/parameters/3-813>		<http://ids.clld.org/values/3-813-293-1>		"ĩnko"@ram	
"parori"@mi	<http://ids.clld.org/values/12-740-236-9>		<http://ids.clld.org/parameters/12-740>		<http://ids.clld.org/values/12-740-293-1>		"yakɔt"@ram	
"iŋoa"@mi	<http://ids.clld.org/values/18-280-236-1>		<http://ids.clld.org/parameters/18-280>		<http://ids.clld.org/values/18-280-293-1>		"awkʰe-"@ram	
"iŋoa"@mi	<http://ids.clld.org/values/18-280-236-1>		<http://ids.clld.org/parameters/18-280>		<http://ids.clld.org/values/18-280-293-3>		"yəyə-"@ram	
"kau"@mi	<http://ids.clld.org/values/4-690-236-1>		<http://ids.clld.org/parameters/4-690>		<http://ids.clld.org/values/4-690-293-1>		"c̷wa"@ram	
"poo-ŋia"@mi	<http://ids.clld.org/values/14-420-236-1>		<http://ids.clld.org/parameters/14-420>		<http://ids.clld.org/values/14-420-293-1>		"kac̷wa"@ram	
"maŋu"@mi	<http://ids.clld.org/values/15-650-236-1>		<http://ids.clld.org/parameters/15-650>		<http://ids.clld.org/values/15-650-293-1>		"iʔ-tɨk"@ram	
"kaaiŋa tupu"@mi	<http://ids.clld.org/values/7-120-236-5>		<http://ids.clld.org/parameters/7-120>		<http://ids.clld.org/values/7-120-293-1>		"ii-kʰrɛ"@ram	
"patu"@mi	<http://ids.clld.org/values/9-210-236-5>		<http://ids.clld.org/parameters/9-210>		<http://ids.clld.org/values/9-210-293-1>		"kʰrɔ̃k"@ram	
"rite"@mi	<http://ids.clld.org/values/12-920-236-3>		<http://ids.clld.org/parameters/12-920>		<http://ids.clld.org/values/12-920-293-1>		"kʰĩ"@ram	
"huri"@mi	<http://ids.clld.org/values/10-130-236-1>		<http://ids.clld.org/parameters/10-130>		<http://ids.clld.org/values/10-130-293-1>		"ayrɔ̃"@ram	
"paki"@mi	<http://ids.clld.org/values/9-210-236-1>		<http://ids.clld.org/parameters/9-210>		<http://ids.clld.org/values/9-210-293-1>		"kʰrɔ̃k"@ram	
"paku"@mi	<http://ids.clld.org/values/12-560-236-7>		<http://ids.clld.org/parameters/12-560>		<http://ids.clld.org/values/12-560-293-3>		"lɛ"@ram	
"paku"@mi	<http://ids.clld.org/values/12-560-236-7>		<http://ids.clld.org/parameters/12-560>		<http://ids.clld.org/values/12-560-293-1>		"ĩn-krirɛ"@ram	
"noke"@mi	<http://ids.clld.org/values/3-840-236-3>		<http://ids.clld.org/parameters/3-840>		<http://ids.clld.org/values/3-840-293-1>		"hɔɔc̷ã"@ram	
"puŋarehu"@mi	<http://ids.clld.org/values/1-840-236-1>		<http://ids.clld.org/parameters/1-840>		<http://ids.clld.org/values/1-840-293-1>		"prɔ"@ram	
"noho"@mi	<http://ids.clld.org/values/12-130-236-3>		<http://ids.clld.org/parameters/12-130>		<http://ids.clld.org/values/12-130-293-1>		"yə̃ (yɨ̃ ?)"@ram	
"porotiti"@mi	<http://ids.clld.org/values/10-130-236-3>		<http://ids.clld.org/parameters/10-130>		<http://ids.clld.org/values/10-130-293-1>		"ayrɔ̃"@ram	
"iti"@mi	<http://ids.clld.org/values/13-170-236-1>		<http://ids.clld.org/parameters/13-170>		<http://ids.clld.org/values/13-170-293-1>		"kʰɨɨpe-"@ram	
"iti iho"@mi	<http://ids.clld.org/values/13-170-236-9>		<http://ids.clld.org/parameters/13-170>		<http://ids.clld.org/values/13-170-293-1>		"kʰɨɨpe-"@ram	
"taane"@mi	<http://ids.clld.org/values/2-310-236-1>		<http://ids.clld.org/parameters/2-310>		<http://ids.clld.org/values/2-310-293-1>		"ĩĩ-pyɛ"@ram	
"turi"@mi	<http://ids.clld.org/values/4-360-236-1>		<http://ids.clld.org/parameters/4-360>		<http://ids.clld.org/values/4-360-293-1>		"ii-kʰõn"@ram	
"takoto-ria"@mi	<http://ids.clld.org/values/12-140-236-1>		<http://ids.clld.org/parameters/12-140>		<http://ids.clld.org/values/12-140-293-1>		"nɔ̃"@ram	
"paipa"@mi	<http://ids.clld.org/values/8-680-236-5>		<http://ids.clld.org/parameters/8-680>		<http://ids.clld.org/values/8-680-293-1>		"parho"@ram	
"mamae"@mi	<http://ids.clld.org/values/16-310-236-1>		<http://ids.clld.org/parameters/16-310>		<http://ids.clld.org/values/16-310-293-1>		"-c̷a-"@ram	
"mamae"@mi	<http://ids.clld.org/values/16-310-236-1>		<http://ids.clld.org/parameters/16-310>		<http://ids.clld.org/values/16-310-293-3>		"ha- (?)"@ram	
"poka wai"@mi	<http://ids.clld.org/values/1-370-236-3>		<http://ids.clld.org/parameters/1-370>		<http://ids.clld.org/values/1-370-293-1>		"kʰwa"@ram	
"marae"@mi	<http://ids.clld.org/values/7-150-236-1>		<http://ids.clld.org/parameters/7-150>		<http://ids.clld.org/values/7-150-293-1>		"ka-"@ram	
"toru-toru"@mi	<http://ids.clld.org/values/13-170-236-5>		<http://ids.clld.org/parameters/13-170>		<http://ids.clld.org/values/13-170-293-1>		"kʰɨɨpe-"@ram	
"piki-tia"@mi	<http://ids.clld.org/values/10-472-236-3>		<http://ids.clld.org/parameters/10-472>		<http://ids.clld.org/values/10-472-293-1>		"pi-"@ram	
"kaakaa"@mi	<http://ids.clld.org/values/3-592-236-1>		<http://ids.clld.org/parameters/3-592>		<http://ids.clld.org/values/3-592-293-1>		"krɨy-ti"@ram	
"tahu-na"@mi	<http://ids.clld.org/values/1-851-236-5>		<http://ids.clld.org/parameters/1-851>		<http://ids.clld.org/values/1-851-293-1>		"ka-c̷ər"@ram	
"peha"@mi	<http://ids.clld.org/values/4-120-236-9>		<http://ids.clld.org/parameters/4-120>		<http://ids.clld.org/values/4-120-293-1>		"ii-kʰə (?)"@ram	
"hoatu"@mi	<http://ids.clld.org/values/11-210-236-1>		<http://ids.clld.org/parameters/11-210>		<http://ids.clld.org/values/11-210-293-3>		"ŋɔ̃"@ram	
"hoatu"@mi	<http://ids.clld.org/values/11-210-236-1>		<http://ids.clld.org/parameters/11-210>		<http://ids.clld.org/values/11-210-293-1>		"c̷i-"@ram	
"whaaea"@mi	<http://ids.clld.org/values/2-360-236-5>		<http://ids.clld.org/parameters/2-360>		<http://ids.clld.org/values/2-360-293-1>		"-nə̃ə̃"@ram	
"haere"@mi	<http://ids.clld.org/values/10-470-236-1>		<http://ids.clld.org/parameters/10-470>		<http://ids.clld.org/values/10-470-293-1>		"mɔ̃"@ram	
"ara"@mi	<http://ids.clld.org/values/10-720-236-1>		<http://ids.clld.org/parameters/10-720>		<http://ids.clld.org/values/10-720-293-1>		"prɨɨ"@ram	
"pane"@mi	<http://ids.clld.org/values/4-200-236-9>		<http://ids.clld.org/parameters/4-200>		<http://ids.clld.org/values/4-200-293-1>		"ii-kʰrə̃"@ram	
"matua taane"@mi	<http://ids.clld.org/values/2-350-236-3>		<http://ids.clld.org/parameters/2-350>		<http://ids.clld.org/values/2-350-293-1>		"-pãm"@ram	
"matua taane"@mi	<http://ids.clld.org/values/2-350-236-3>		<http://ids.clld.org/parameters/2-350>		<http://ids.clld.org/values/2-350-293-3>		"c̷ũ"@ram	
"whiu-a"@mi	<http://ids.clld.org/values/9-210-236-13>		<http://ids.clld.org/parameters/9-210>		<http://ids.clld.org/values/9-210-293-1>		"kʰrɔ̃k"@ram	
"nui"@mi	<http://ids.clld.org/values/12-550-236-1>		<http://ids.clld.org/parameters/12-550>		<http://ids.clld.org/values/12-550-293-1>		"ti-"@ram	
"ahi"@mi	<http://ids.clld.org/values/1-810-236-1>		<http://ids.clld.org/parameters/1-810>		<http://ids.clld.org/values/1-810-293-1>		"kuhɨ"@ram	
"piro"@mi	<http://ids.clld.org/values/16-720-236-3>		<http://ids.clld.org/parameters/16-720>		<http://ids.clld.org/values/16-720-293-1>		"iʔkʰɛn"@ram	
"ika"@mi	<http://ids.clld.org/values/3-650-236-1>		<http://ids.clld.org/parameters/3-650>		<http://ids.clld.org/values/3-650-293-3>		"krən-"@ram	
"ika"@mi	<http://ids.clld.org/values/3-650-236-1>		<http://ids.clld.org/parameters/3-650>		<http://ids.clld.org/values/3-650-293-1>		"tɛp"@ram	
"toru"@mi	<http://ids.clld.org/values/13-30-236-1>		<http://ids.clld.org/parameters/13-30>		<http://ids.clld.org/values/13-30-293-1>		"ɨnkre-"@ram	
"ata"@mi	<http://ids.clld.org/values/14-440-236-1>		<http://ids.clld.org/parameters/14-440>		<http://ids.clld.org/values/14-440-293-1>		"apɛ̃"@ram	
"hoo-mai"@mi	<http://ids.clld.org/values/11-210-236-3>		<http://ids.clld.org/parameters/11-210>		<http://ids.clld.org/values/11-210-293-3>		"ŋɔ̃"@ram	
"hoo-mai"@mi	<http://ids.clld.org/values/11-210-236-3>		<http://ids.clld.org/parameters/11-210>		<http://ids.clld.org/values/11-210-293-1>		"c̷i-"@ram	
"maroke"@mi	<http://ids.clld.org/values/15-840-236-1>		<http://ids.clld.org/parameters/15-840>		<http://ids.clld.org/values/15-840-293-1>		"krə"@ram	
"maroke"@mi	<http://ids.clld.org/values/15-840-236-1>		<http://ids.clld.org/parameters/15-840>		<http://ids.clld.org/values/15-840-293-3>		"(kʰra ?)"@ram	
"noho-ia"@mi	<http://ids.clld.org/values/12-130-236-1>		<http://ids.clld.org/parameters/12-130>		<http://ids.clld.org/values/12-130-293-1>		"yə̃ (yɨ̃ ?)"@ram	
"ŋoikore"@mi	<http://ids.clld.org/values/4-820-236-1>		<http://ids.clld.org/parameters/4-820>		<http://ids.clld.org/values/4-820-293-1>		"pɛk-"@ram	
"riŋa maui(i)"@mi	<http://ids.clld.org/values/12-420-236-1>		<http://ids.clld.org/parameters/12-420>		<http://ids.clld.org/values/12-420-293-1>		"aw-kʰɛ"@ram	
"puaawai"@mi	<http://ids.clld.org/values/8-570-236-3>		<http://ids.clld.org/parameters/8-570>		<http://ids.clld.org/values/8-570-293-1>		"ii-rə̃"@ram	
"hiako"@mi	<http://ids.clld.org/values/4-120-236-3>		<http://ids.clld.org/parameters/4-120>		<http://ids.clld.org/values/4-120-293-1>		"ii-kʰə (?)"@ram	
"tawhito"@mi	<http://ids.clld.org/values/14-150-236-1>		<http://ids.clld.org/parameters/14-150>		<http://ids.clld.org/values/14-150-293-1>		"tũm"@ram	
"kani-kani"@mi	<http://ids.clld.org/values/10-440-236-3>		<http://ids.clld.org/parameters/10-440>		<http://ids.clld.org/values/10-440-293-1>		"hakrun (?)"@ram	
"tiro"@mi	<http://ids.clld.org/values/11-310-236-13>		<http://ids.clld.org/parameters/11-310>		<http://ids.clld.org/values/11-310-293-1>		"lɨ̃t"@ram	
"kii"@mi	<http://ids.clld.org/values/13-210-236-1>		<http://ids.clld.org/parameters/13-210>		<http://ids.clld.org/values/13-210-293-1>		"yic̷u"@ram	
"rere"@mi	<http://ids.clld.org/values/10-370-236-1>		<http://ids.clld.org/parameters/10-370>		<http://ids.clld.org/values/10-370-293-1>		"tɛɛ"@ram	
"ua-ina"@mi	<http://ids.clld.org/values/1-750-236-3>		<http://ids.clld.org/parameters/1-750>		<http://ids.clld.org/values/1-750-293-1>		"taa (ta ?)"@ram	
"ŋohi"@mi	<http://ids.clld.org/values/3-650-236-3>		<http://ids.clld.org/parameters/3-650>		<http://ids.clld.org/values/3-650-293-3>		"krən-"@ram	
"ŋohi"@mi	<http://ids.clld.org/values/3-650-236-3>		<http://ids.clld.org/parameters/3-650>		<http://ids.clld.org/values/3-650-293-1>		"tɛp"@ram	
"tia"@mi	<http://ids.clld.org/values/3-750-236-1>		<http://ids.clld.org/parameters/3-750>		<http://ids.clld.org/values/3-750-293-1>		"pɔ"@ram	
"tia"@mi	<http://ids.clld.org/values/3-750-236-1>		<http://ids.clld.org/parameters/3-750>		<http://ids.clld.org/values/3-750-293-3>		"kaarə"@ram	
"koopeke"@mi	<http://ids.clld.org/values/15-860-236-1>		<http://ids.clld.org/parameters/15-860>		<http://ids.clld.org/values/15-860-293-1>		"kʰrɨ"@ram	
"manahau"@mi	<http://ids.clld.org/values/16-230-236-1>		<http://ids.clld.org/parameters/16-230>		<http://ids.clld.org/values/16-230-293-1>		"hakʰrɨ"@ram	
"ate"@mi	<http://ids.clld.org/values/4-450-236-1>		<http://ids.clld.org/parameters/4-450>		<http://ids.clld.org/values/4-450-293-1>		"ii-pa"@ram	
"kirehe"@mi	<http://ids.clld.org/values/3-610-236-3>		<http://ids.clld.org/parameters/3-610>		<http://ids.clld.org/values/3-610-293-1>		"rɔp"@ram	
"wai"@mi	<http://ids.clld.org/values/1-310-236-1>		<http://ids.clld.org/parameters/1-310>		<http://ids.clld.org/values/1-310-293-1>		"ko"@ram	
"taaheke"@mi	<http://ids.clld.org/values/14-210-236-5>		<http://ids.clld.org/parameters/14-210>		<http://ids.clld.org/values/14-210-293-1>		"kɨt-"@ram	
"roŋo-hia"@mi	<http://ids.clld.org/values/15-410-236-1>		<http://ids.clld.org/parameters/15-410>		<http://ids.clld.org/values/15-410-293-1>		"kʰə̃-pa"@ram	
