"sur"@hy-x-west2348	<http://ids.clld.org/values/15-780-207-1>		<http://ids.clld.org/parameters/15-780>		<http://ids.clld.org/values/15-780-280-1>		"'ɨika"@pcp	
"b[ə]zdig"@hy-x-west2348	<http://ids.clld.org/values/12-560-207-1>		<http://ids.clld.org/parameters/12-560>		<http://ids.clld.org/values/12-560-280-1>		"'mišni"@pcp	
"gortˀ"@hy-x-east2283	<http://ids.clld.org/values/3-950-206-1>		<http://ids.clld.org/parameters/3-950>		<http://ids.clld.org/values/3-950-280-1>		"wɨṣ̌ko"@pcp	
"moc̷ˀakˀ"@hy-x-east2283	<http://ids.clld.org/values/3-832-206-1>		<http://ids.clld.org/parameters/3-832>		<http://ids.clld.org/values/3-832-280-1>		"'wii"@pcp	
"anel"@hy-x-east2283	<http://ids.clld.org/values/9-110-206-1>		<http://ids.clld.org/parameters/9-110>		<http://ids.clld.org/values/9-110-280-1>		"i'wɨ"@pcp	
"pˀ[ə]tˀuɣ"@hy-x-east2283	<http://ids.clld.org/values/5-710-206-1>		<http://ids.clld.org/parameters/5-710>		<http://ids.clld.org/values/5-710-280-1>		"'kɨo"@pcp	
"daštˀ"@hy-x-east2283	<http://ids.clld.org/values/8-120-206-1>		<http://ids.clld.org/parameters/8-120>		<http://ids.clld.org/values/8-120-280-1>		"'wai"@pcp	
"her̃u"@hy-x-east2283	<http://ids.clld.org/values/12-440-206-1>		<http://ids.clld.org/parameters/12-440>		<http://ids.clld.org/values/12-440-280-1>		"nɨ'ama"@pcp	
"k[əl]ux"@hy-x-west2348	<http://ids.clld.org/values/4-200-207-1>		<http://ids.clld.org/parameters/4-200>		<http://ids.clld.org/values/4-200-280-1>		"'mapo"@pcp	
"s[ə]runk"@hy-x-west2348	<http://ids.clld.org/values/4-350-207-1>		<http://ids.clld.org/parameters/4-350>		<http://ids.clld.org/values/4-350-280-1>		"'wiko"@pcp	
"yeɣnikˀ"@hy-x-east2283	<http://ids.clld.org/values/3-750-206-1>		<http://ids.clld.org/parameters/3-750>		<http://ids.clld.org/values/3-750-280-1>		"'čaṣ̌o"@pcp	
"mašg"@hy-x-west2348	<http://ids.clld.org/values/4-120-207-1>		<http://ids.clld.org/parameters/4-120>		<http://ids.clld.org/values/4-120-280-1>		"'wiči"@pcp	
"yergrakunt"@hy-x-west2348	<http://ids.clld.org/values/1-210-207-3>		<http://ids.clld.org/parameters/1-210>		<http://ids.clld.org/values/1-210-280-1>		"'mai"@pcp	
"maz"@hy-x-west2348	<http://ids.clld.org/values/4-140-207-1>		<http://ids.clld.org/parameters/4-140>		<http://ids.clld.org/values/4-140-280-1>		"'woo"@pcp	
"hosank"@hy-x-west2348	<http://ids.clld.org/values/1-360-207-3>		<http://ids.clld.org/parameters/1-360>		<http://ids.clld.org/values/1-360-280-1>		"'ʔani"@pcp	
"hosank"@hy-x-west2348	<http://ids.clld.org/values/1-360-207-3>		<http://ids.clld.org/parameters/1-360>		<http://ids.clld.org/values/1-360-280-3>		"'pao"@pcp	
"c̷ˀakˀ"@hy-x-east2283	<http://ids.clld.org/values/12-850-206-1>		<http://ids.clld.org/parameters/12-850>		<http://ids.clld.org/values/12-850-280-1>		"'kini"@pcp	
"maguyk"@hy-x-west2348	<http://ids.clld.org/values/10-831-207-1>		<http://ids.clld.org/parameters/10-831>		<http://ids.clld.org/values/10-831-280-1>		"'noti"@pcp	
"c̷ʰanc̷ʰ"@hy-x-east2283	<http://ids.clld.org/values/9-780-206-1>		<http://ids.clld.org/parameters/9-780>		<http://ids.clld.org/values/9-780-280-1>		"'sota"@pcp	
"tʰuš"@hy-x-east2283	<http://ids.clld.org/values/4-208-206-1>		<http://ids.clld.org/parameters/4-208>		<http://ids.clld.org/values/4-208-280-1>		"'tamo"@pcp	
"tʰokˀ"@hy-x-east2283	<http://ids.clld.org/values/9-190-206-3>		<http://ids.clld.org/parameters/9-190>		<http://ids.clld.org/values/9-190-280-1>		"'taška"@pcp	
"gaši"@hy-x-west2348	<http://ids.clld.org/values/4-120-207-3>		<http://ids.clld.org/parameters/4-120>		<http://ids.clld.org/values/4-120-280-1>		"'wiči"@pcp	
"s[ə]rac̷ˀayr"@hy-x-east2283	<http://ids.clld.org/values/15-780-206-3>		<http://ids.clld.org/parameters/15-780>		<http://ids.clld.org/values/15-780-280-1>		"'ɨika"@pcp	
"ayd"@hy-x-west2348	<http://ids.clld.org/values/4-208-207-1>		<http://ids.clld.org/parameters/4-208>		<http://ids.clld.org/values/4-208-280-1>		"'tamo"@pcp	
"tʰ[ə]r̃čʰun"@hy-x-east2283	<http://ids.clld.org/values/3-581-206-1>		<http://ids.clld.org/parameters/3-581>		<http://ids.clld.org/values/3-581-280-1>		"'isko"@pcp	
"kˀin"@hy-x-east2283	<http://ids.clld.org/values/2-220-206-1>		<http://ids.clld.org/parameters/2-220>		<http://ids.clld.org/values/2-220-280-1>		"'yoṣ̌a"@pcp	
"c̷ˀar̃"@hy-x-east2283	<http://ids.clld.org/values/1-420-206-1>		<http://ids.clld.org/parameters/1-420>		<http://ids.clld.org/values/1-420-280-1>		"'hiwi"@pcp	
"makˀuykˀ"@hy-x-east2283	<http://ids.clld.org/values/10-831-206-1>		<http://ids.clld.org/parameters/10-831>		<http://ids.clld.org/values/10-831-280-1>		"'noti"@pcp	
"anuš"@hy-x-west2348	<http://ids.clld.org/values/15-350-207-1>		<http://ids.clld.org/parameters/15-350>		<http://ids.clld.org/values/15-350-280-1>		"tɨ'ɨ"@pcp	
"yerexa"@hy-x-east2283	<http://ids.clld.org/values/2-280-206-3>		<http://ids.clld.org/parameters/2-280>		<http://ids.clld.org/values/2-280-280-1>		"'wakɨ 'pistia"@pcp	
"akˀanǰ"@hy-x-east2283	<http://ids.clld.org/values/4-220-206-1>		<http://ids.clld.org/parameters/4-220>		<http://ids.clld.org/values/4-220-280-1>		"'paʔoki"@pcp	
"maškˀ"@hy-x-east2283	<http://ids.clld.org/values/4-120-206-1>		<http://ids.clld.org/parameters/4-120>		<http://ids.clld.org/values/4-120-280-1>		"'wiči"@pcp	
"məžeɣ"@hy-x-west2348	<http://ids.clld.org/values/3-832-207-1>		<http://ids.clld.org/parameters/3-832>		<http://ids.clld.org/values/3-832-280-1>		"'wii"@pcp	
"garmir"@hy-x-west2348	<http://ids.clld.org/values/15-660-207-1>		<http://ids.clld.org/parameters/15-660>		<http://ids.clld.org/values/15-660-280-1>		"'šini"@pcp	
"aryun"@hy-x-west2348	<http://ids.clld.org/values/4-150-207-1>		<http://ids.clld.org/parameters/4-150>		<http://ids.clld.org/values/4-150-280-1>		"'himi"@pcp	
"d͜zux"@hy-x-west2348	<http://ids.clld.org/values/1-830-207-1>		<http://ids.clld.org/parameters/1-830>		<http://ids.clld.org/values/1-830-280-1>		"ko'ʔina"@pcp	
"ayr"@hy-x-west2348	<http://ids.clld.org/values/2-210-207-3>		<http://ids.clld.org/parameters/2-210>		<http://ids.clld.org/values/2-210-280-1>		"'honi"@pcp	
"ank[ə]ɣ"@hy-x-west2348	<http://ids.clld.org/values/3-586-207-1>		<http://ids.clld.org/parameters/3-586>		<http://ids.clld.org/values/3-586-280-1>		"po'iko"@pcp	
"hayr"@hy-x-east2283	<http://ids.clld.org/values/2-350-206-1>		<http://ids.clld.org/parameters/2-350>		<http://ids.clld.org/values/2-350-280-1>		"'ɨpa"@pcp	
"hayr"@hy-x-east2283	<http://ids.clld.org/values/2-350-206-1>		<http://ids.clld.org/parameters/2-350>		<http://ids.clld.org/values/2-350-280-3>		"'ʔɨpa"@pcp	
"kˀarmir"@hy-x-east2283	<http://ids.clld.org/values/15-660-206-1>		<http://ids.clld.org/parameters/15-660>		<http://ids.clld.org/values/15-660-280-1>		"'šini"@pcp	
"maz"@hy-x-east2283	<http://ids.clld.org/values/4-140-206-1>		<http://ids.clld.org/parameters/4-140>		<http://ids.clld.org/values/4-140-280-1>		"'woo"@pcp	
"moxir"@hy-x-west2348	<http://ids.clld.org/values/1-840-207-1>		<http://ids.clld.org/parameters/1-840>		<http://ids.clld.org/values/1-840-280-1>		"'mišpo"@pcp	
"or"@hy-x-east2283	<http://ids.clld.org/values/14-410-206-1>		<http://ids.clld.org/parameters/14-410>		<http://ids.clld.org/values/14-410-280-1>		"'waři"@pcp	
"yeraxa"@hy-x-west2348	<http://ids.clld.org/values/2-280-207-3>		<http://ids.clld.org/parameters/2-280>		<http://ids.clld.org/values/2-280-280-1>		"'wakɨ 'pistia"@pcp	
"aru"@hy-x-west2348	<http://ids.clld.org/values/1-360-207-5>		<http://ids.clld.org/parameters/1-360>		<http://ids.clld.org/values/1-360-280-1>		"'ʔani"@pcp	
"aru"@hy-x-west2348	<http://ids.clld.org/values/1-360-207-5>		<http://ids.clld.org/parameters/1-360>		<http://ids.clld.org/values/1-360-280-3>		"'pao"@pcp	
"c̷uyc̷ dal"@hy-x-west2348	<http://ids.clld.org/values/15-550-207-3>		<http://ids.clld.org/parameters/15-550>		<http://ids.clld.org/values/15-550-280-1>		"hi-'maki"@pcp	
"tˀerev"@hy-x-east2283	<http://ids.clld.org/values/8-560-206-1>		<http://ids.clld.org/parameters/8-560>		<http://ids.clld.org/values/8-560-280-1>		"'pɨʔi"@pcp	
"g[ə]lux"@hy-x-east2283	<http://ids.clld.org/values/4-200-206-1>		<http://ids.clld.org/parameters/4-200>		<http://ids.clld.org/values/4-200-280-1>		"'mapo"@pcp	
"lusin"@hy-x-west2348	<http://ids.clld.org/values/1-530-207-1>		<http://ids.clld.org/parameters/1-530>		<http://ids.clld.org/values/1-530-280-1>		"'ʔoṣ̌ɨ"@pcp	
"c̷ʰuyc̷ʰ tˀal"@hy-x-east2283	<http://ids.clld.org/values/15-550-206-1>		<http://ids.clld.org/parameters/15-550>		<http://ids.clld.org/values/15-550-280-1>		"hi-'maki"@pcp	
"c̷ˀar̃"@hy-x-east2283	<http://ids.clld.org/values/8-600-206-1>		<http://ids.clld.org/parameters/8-600>		<http://ids.clld.org/values/8-600-280-1>		"'hiwi"@pcp	
"kʰaɣc̷ʰ[ə]r"@hy-x-east2283	<http://ids.clld.org/values/15-350-206-1>		<http://ids.clld.org/parameters/15-350>		<http://ids.clld.org/values/15-350-280-1>		"tɨ'ɨ"@pcp	
"s[ə]runkʰ"@hy-x-east2283	<http://ids.clld.org/values/4-350-206-1>		<http://ids.clld.org/parameters/4-350>		<http://ids.clld.org/values/4-350-280-1>		"'wiko"@pcp	
"l[ə]vanal"@hy-x-east2283	<http://ids.clld.org/values/9-360-206-1>		<http://ids.clld.org/parameters/9-360>		<http://ids.clld.org/values/9-360-280-1>		"'aši"@pcp	
"hosankʰ"@hy-x-east2283	<http://ids.clld.org/values/1-360-206-3>		<http://ids.clld.org/parameters/1-360>		<http://ids.clld.org/values/1-360-280-1>		"'ʔani"@pcp	
"hosankʰ"@hy-x-east2283	<http://ids.clld.org/values/1-360-206-3>		<http://ids.clld.org/parameters/1-360>		<http://ids.clld.org/values/1-360-280-3>		"'pao"@pcp	
"vorod"@hy-x-west2348	<http://ids.clld.org/values/1-560-207-1>		<http://ids.clld.org/parameters/1-560>		<http://ids.clld.org/values/1-560-280-1>		"'naina"@pcp	
"sur"@hy-x-east2283	<http://ids.clld.org/values/15-780-206-1>		<http://ids.clld.org/parameters/15-780>		<http://ids.clld.org/values/15-780-280-1>		"'ɨika"@pcp	
"sird"@hy-x-west2348	<http://ids.clld.org/values/4-440-207-1>		<http://ids.clld.org/parameters/4-440>		<http://ids.clld.org/values/4-440-280-1>		"howi'ti"@pcp	
"m[ə]lag"@hy-x-west2348	<http://ids.clld.org/values/3-831-207-1>		<http://ids.clld.org/parameters/3-831>		<http://ids.clld.org/values/3-831-280-1>		"'šio"@pcp	
"m[ə]lag"@hy-x-west2348	<http://ids.clld.org/values/3-831-207-1>		<http://ids.clld.org/parameters/3-831>		<http://ids.clld.org/values/3-831-280-3>		"'čio"@pcp	
"lyard"@hy-x-east2283	<http://ids.clld.org/values/4-450-206-1>		<http://ids.clld.org/parameters/4-450>		<http://ids.clld.org/values/4-450-280-1>		"'taka"@pcp	
"d[ə]ɣamart"@hy-x-west2348	<http://ids.clld.org/values/2-210-207-1>		<http://ids.clld.org/parameters/2-210>		<http://ids.clld.org/values/2-210-280-1>		"'honi"@pcp	
"lezu"@hy-x-east2283	<http://ids.clld.org/values/4-260-206-1>		<http://ids.clld.org/parameters/4-260>		<http://ids.clld.org/values/4-260-280-1>		"'hana"@pcp	
"ulunk"@hy-x-west2348	<http://ids.clld.org/values/6-760-207-1>		<http://ids.clld.org/parameters/6-760>		<http://ids.clld.org/values/6-760-280-1>		"'kisi"@pcp	
"miǰatˀ"@hy-x-east2283	<http://ids.clld.org/values/3-810-206-1>		<http://ids.clld.org/parameters/3-810>		<http://ids.clld.org/values/3-810-280-1>		"wɨ'oso"@pcp	
"c̷ˀaɣikˀ"@hy-x-east2283	<http://ids.clld.org/values/8-570-206-1>		<http://ids.clld.org/parameters/8-570>		<http://ids.clld.org/values/8-570-280-3>		"řeṣ̌'pana"@pcp	
"c̷ˀaɣikˀ"@hy-x-east2283	<http://ids.clld.org/values/8-570-206-1>		<http://ids.clld.org/parameters/8-570>		<http://ids.clld.org/values/8-570-280-1>		"'hoa"@pcp	
"c̷erk"@hy-x-west2348	<http://ids.clld.org/values/4-330-207-1>		<http://ids.clld.org/parameters/4-330>		<http://ids.clld.org/values/4-330-280-1>		"mɨ'kɨna"@pcp	
"derev"@hy-x-west2348	<http://ids.clld.org/values/8-560-207-1>		<http://ids.clld.org/parameters/8-560>		<http://ids.clld.org/values/8-560-280-1>		"'pɨʔi"@pcp	
"baran"@hy-x-west2348	<http://ids.clld.org/values/9-190-207-3>		<http://ids.clld.org/parameters/9-190>		<http://ids.clld.org/values/9-190-280-1>		"'taška"@pcp	
"d͜zu"@hy-x-east2283	<http://ids.clld.org/values/5-970-206-1>		<http://ids.clld.org/parameters/5-970>		<http://ids.clld.org/values/5-970-280-1>		"'wači"@pcp	
"yegipˀtˀac̷ʰoren"@hy-x-east2283	<http://ids.clld.org/values/8-470-206-1>		<http://ids.clld.org/parameters/8-470>		<http://ids.clld.org/values/8-470-280-1>		"'ṣ̌ɨki"@pcp	
"mayr"@hy-x-west2348	<http://ids.clld.org/values/2-360-207-1>		<http://ids.clld.org/parameters/2-360>		<http://ids.clld.org/values/2-360-280-1>		"'kai"@pcp	
"tev"@hy-x-west2348	<http://ids.clld.org/values/4-310-207-1>		<http://ids.clld.org/parameters/4-310>		<http://ids.clld.org/values/4-310-280-1>		"po'yana"@pcp	
"(havi) čˀutˀ"@hy-x-east2283	<http://ids.clld.org/values/3-550-206-1>		<http://ids.clld.org/parameters/3-550>		<http://ids.clld.org/values/3-550-280-1>		"pati'aři"@pcp	
"desnel"@hy-x-west2348	<http://ids.clld.org/values/15-510-207-1>		<http://ids.clld.org/parameters/15-510>		<http://ids.clld.org/values/15-510-280-1>		"his'pa"@pcp	
"desnel"@hy-x-west2348	<http://ids.clld.org/values/15-510-207-1>		<http://ids.clld.org/parameters/15-510>		<http://ids.clld.org/values/15-510-280-3>		"'hisna"@pcp	
"pˀ[ə]stˀikˀ"@hy-x-east2283	<http://ids.clld.org/values/12-560-206-3>		<http://ids.clld.org/parameters/12-560>		<http://ids.clld.org/values/12-560-280-1>		"'mišni"@pcp	
"ačʰkʰ"@hy-x-east2283	<http://ids.clld.org/values/4-210-206-1>		<http://ids.clld.org/parameters/4-210>		<http://ids.clld.org/values/4-210-280-1>		"'wɨřo"@pcp	
"ayr"@hy-x-east2283	<http://ids.clld.org/values/2-210-206-3>		<http://ids.clld.org/parameters/2-210>		<http://ids.clld.org/values/2-210-280-1>		"'honi"@pcp	
"c̷uc̷[ə]nel"@hy-x-west2348	<http://ids.clld.org/values/15-550-207-1>		<http://ids.clld.org/parameters/15-550>		<http://ids.clld.org/values/15-550-280-1>		"hi-'maki"@pcp	
"aganč"@hy-x-west2348	<http://ids.clld.org/values/4-220-207-1>		<http://ids.clld.org/parameters/4-220>		<http://ids.clld.org/values/4-220-280-1>		"'paʔoki"@pcp	
"yergink"@hy-x-west2348	<http://ids.clld.org/values/1-510-207-1>		<http://ids.clld.org/parameters/1-510>		<http://ids.clld.org/values/1-510-280-1>		"na'ipa"@pcp	
"c̷ˀan[ə]r"@hy-x-east2283	<http://ids.clld.org/values/15-810-206-1>		<http://ids.clld.org/parameters/15-810>		<http://ids.clld.org/values/15-810-280-1>		"'iwɨ"@pcp	
"m[ə]lukˀ"@hy-x-east2283	<http://ids.clld.org/values/3-831-206-5>		<http://ids.clld.org/parameters/3-831>		<http://ids.clld.org/values/3-831-280-1>		"'šio"@pcp	
"m[ə]lukˀ"@hy-x-east2283	<http://ids.clld.org/values/3-831-206-5>		<http://ids.clld.org/parameters/3-831>		<http://ids.clld.org/values/3-831-280-3>		"'čio"@pcp	
"mac̷ʰar̃"@hy-x-east2283	<http://ids.clld.org/values/1-880-206-3>		<http://ids.clld.org/parameters/1-880>		<http://ids.clld.org/values/1-880-280-1>		"'kařo"@pcp	
"m[ə]lug"@hy-x-west2348	<http://ids.clld.org/values/3-831-207-5>		<http://ids.clld.org/parameters/3-831>		<http://ids.clld.org/values/3-831-280-1>		"'šio"@pcp	
"m[ə]lug"@hy-x-west2348	<http://ids.clld.org/values/3-831-207-5>		<http://ids.clld.org/parameters/3-831>		<http://ids.clld.org/values/3-831-280-3>		"'čio"@pcp	
"sirtˀ"@hy-x-east2283	<http://ids.clld.org/values/4-440-206-1>		<http://ids.clld.org/parameters/4-440>		<http://ids.clld.org/values/4-440-280-1>		"howi'ti"@pcp	
"adam"@hy-x-west2348	<http://ids.clld.org/values/4-270-207-3>		<http://ids.clld.org/parameters/4-270>		<http://ids.clld.org/values/4-270-280-1>		"'ṣ̌ɨna"@pcp	
"b[ə]duɣ"@hy-x-west2348	<http://ids.clld.org/values/5-710-207-1>		<http://ids.clld.org/parameters/5-710>		<http://ids.clld.org/values/5-710-280-1>		"'kɨo"@pcp	
"anc̷rev"@hy-x-west2348	<http://ids.clld.org/values/1-750-207-1>		<http://ids.clld.org/parameters/1-750>		<http://ids.clld.org/values/1-750-280-3>		"ʔo'i"@pcp	
"anc̷rev"@hy-x-west2348	<http://ids.clld.org/values/1-750-207-1>		<http://ids.clld.org/parameters/1-750>		<http://ids.clld.org/values/1-750-280-1>		"o'i"@pcp	
"pambag"@hy-x-west2348	<http://ids.clld.org/values/6-240-207-1>		<http://ids.clld.org/parameters/6-240>		<http://ids.clld.org/values/6-240-280-1>		"waṣ̌'mɨna"@pcp	
"yerkˀir"@hy-x-east2283	<http://ids.clld.org/values/1-210-206-1>		<http://ids.clld.org/parameters/1-210>		<http://ids.clld.org/values/1-210-280-1>		"'mai"@pcp	
"armad"@hy-x-west2348	<http://ids.clld.org/values/8-540-207-1>		<http://ids.clld.org/parameters/8-540>		<http://ids.clld.org/values/8-540-280-1>		"ta'pono"@pcp	
"tʰutʰakˀ"@hy-x-east2283	<http://ids.clld.org/values/3-592-206-1>		<http://ids.clld.org/parameters/3-592>		<http://ids.clld.org/values/3-592-280-1>		"'wawa"@pcp	
"alyur"@hy-x-east2283	<http://ids.clld.org/values/5-550-206-1>		<http://ids.clld.org/parameters/5-550>		<http://ids.clld.org/values/5-550-280-1>		"'moto"@pcp	
"yes"@hy-x-east2283	<http://ids.clld.org/values/2-910-206-1>		<http://ids.clld.org/parameters/2-910>		<http://ids.clld.org/values/2-910-280-1>		"'ɨa"@pcp	
"c̷u"@hy-x-west2348	<http://ids.clld.org/values/5-970-207-3>		<http://ids.clld.org/parameters/5-970>		<http://ids.clld.org/values/5-970-280-1>		"'wači"@pcp	
"mux"@hy-x-east2283	<http://ids.clld.org/values/1-830-206-3>		<http://ids.clld.org/parameters/1-830>		<http://ids.clld.org/values/1-830-280-1>		"ko'ʔina"@pcp	
"m[ə]žeɣ"@hy-x-east2283	<http://ids.clld.org/values/3-832-206-3>		<http://ids.clld.org/parameters/3-832>		<http://ids.clld.org/values/3-832-280-1>		"'wii"@pcp	
"išameɣu"@hy-x-west2348	<http://ids.clld.org/values/3-823-207-3>		<http://ids.clld.org/parameters/3-823>		<http://ids.clld.org/values/3-823-280-1>		"'wina"@pcp	
"sovac̷ˀutʰyun"@hy-x-east2283	<http://ids.clld.org/values/5-140-206-1>		<http://ids.clld.org/parameters/5-140>		<http://ids.clld.org/values/5-140-280-1>		"paṣ̌na'hai"@pcp	
"kˀin"@hy-x-east2283	<http://ids.clld.org/values/2-320-206-1>		<http://ids.clld.org/parameters/2-320>		<http://ids.clld.org/values/2-320-280-1>		"ʔa'wini"@pcp	
"vorotˀ"@hy-x-east2283	<http://ids.clld.org/values/1-560-206-1>		<http://ids.clld.org/parameters/1-560>		<http://ids.clld.org/values/1-560-280-1>		"'naina"@pcp	
"asd[ə]ɣ"@hy-x-west2348	<http://ids.clld.org/values/1-540-207-1>		<http://ids.clld.org/parameters/1-540>		<http://ids.clld.org/values/1-540-280-1>		"'wištima"@pcp	
"grag"@hy-x-west2348	<http://ids.clld.org/values/1-810-207-1>		<http://ids.clld.org/parameters/1-810>		<http://ids.clld.org/values/1-810-280-1>		"'čiʔi"@pcp	
"yerkˀragund"@hy-x-east2283	<http://ids.clld.org/values/1-210-206-3>		<http://ids.clld.org/parameters/1-210>		<http://ids.clld.org/values/1-210-280-1>		"'mai"@pcp	
"moxir"@hy-x-east2283	<http://ids.clld.org/values/1-840-206-1>		<http://ids.clld.org/parameters/1-840>		<http://ids.clld.org/values/1-840-280-1>		"'mišpo"@pcp	
"vosgor"@hy-x-west2348	<http://ids.clld.org/values/4-160-207-1>		<http://ids.clld.org/parameters/4-160>		<http://ids.clld.org/values/4-160-280-1>		"'ṣ̌ao"@pcp	
"d͜zer̃kʰ"@hy-x-east2283	<http://ids.clld.org/values/4-330-206-1>		<http://ids.clld.org/parameters/4-330>		<http://ids.clld.org/values/4-330-280-1>		"mɨ'kɨna"@pcp	
"ənel"@hy-x-west2348	<http://ids.clld.org/values/9-110-207-1>		<http://ids.clld.org/parameters/9-110>		<http://ids.clld.org/values/9-110-280-1>		"i'wɨ"@pcp	
"yeɣčeru"@hy-x-west2348	<http://ids.clld.org/values/3-750-207-3>		<http://ids.clld.org/parameters/3-750>		<http://ids.clld.org/values/3-750-280-1>		"'čaṣ̌o"@pcp	
"c̷ʰanc̷ʰapˀayusakˀ"@hy-x-east2283	<http://ids.clld.org/values/9-780-206-3>		<http://ids.clld.org/parameters/9-780>		<http://ids.clld.org/values/9-780-280-1>		"'sota"@pcp	
"amusin"@hy-x-west2348	<http://ids.clld.org/values/2-310-207-1>		<http://ids.clld.org/parameters/2-310>		<http://ids.clld.org/values/2-310-280-1>		"'wɨnɨ"@pcp	
"kaɣc̷[ə]r"@hy-x-west2348	<http://ids.clld.org/values/15-350-207-3>		<http://ids.clld.org/parameters/15-350>		<http://ids.clld.org/values/15-350-280-1>		"tɨ'ɨ"@pcp	
"tutag"@hy-x-west2348	<http://ids.clld.org/values/3-592-207-1>		<http://ids.clld.org/parameters/3-592>		<http://ids.clld.org/values/3-592-280-1>		"'wawa"@pcp	
"mirg"@hy-x-east2283	<http://ids.clld.org/values/5-710-206-3>		<http://ids.clld.org/parameters/5-710>		<http://ids.clld.org/values/5-710-280-1>		"'kɨo"@pcp	
"d͜zan[ə]r"@hy-x-west2348	<http://ids.clld.org/values/15-810-207-1>		<http://ids.clld.org/parameters/15-810>		<http://ids.clld.org/values/15-810-280-1>		"'iwɨ"@pcp	
"peran"@hy-x-west2348	<http://ids.clld.org/values/4-240-207-1>		<http://ids.clld.org/parameters/4-240>		<http://ids.clld.org/values/4-240-280-1>		"kɨ'wɨči"@pcp	
"g[ə]rya"@hy-x-west2348	<http://ids.clld.org/values/3-980-207-1>		<http://ids.clld.org/parameters/3-980>		<http://ids.clld.org/values/3-980-280-1>		"'ṣ̌awɨ"@pcp	
"c̷ug"@hy-x-west2348	<http://ids.clld.org/values/3-650-207-1>		<http://ids.clld.org/parameters/3-650>		<http://ids.clld.org/values/3-650-280-3>		"'woɨ"@pcp	
"c̷ug"@hy-x-west2348	<http://ids.clld.org/values/3-650-207-1>		<http://ids.clld.org/parameters/3-650>		<http://ids.clld.org/values/3-650-280-1>		"sa'nino"@pcp	
"pʰokʰ[ə]r"@hy-x-east2283	<http://ids.clld.org/values/12-560-206-1>		<http://ids.clld.org/parameters/12-560>		<http://ids.clld.org/values/12-560-280-1>		"'mišni"@pcp	
"getˀ"@hy-x-east2283	<http://ids.clld.org/values/1-360-206-1>		<http://ids.clld.org/parameters/1-360>		<http://ids.clld.org/values/1-360-280-1>		"'ʔani"@pcp	
"getˀ"@hy-x-east2283	<http://ids.clld.org/values/1-360-206-1>		<http://ids.clld.org/parameters/1-360>		<http://ids.clld.org/values/1-360-280-3>		"'pao"@pcp	
"vodk"@hy-x-west2348	<http://ids.clld.org/values/4-350-207-3>		<http://ids.clld.org/parameters/4-350>		<http://ids.clld.org/values/4-350-280-1>		"'wiko"@pcp	
"pu"@hy-x-west2348	<http://ids.clld.org/values/3-596-207-1>		<http://ids.clld.org/parameters/3-596>		<http://ids.clld.org/values/3-596-280-1>		"'popo"@pcp	
"kˀ[ə]tˀrel"@hy-x-east2283	<http://ids.clld.org/values/9-220-206-1>		<http://ids.clld.org/parameters/9-220>		<http://ids.clld.org/values/9-220-280-1>		"'kɨɨsakia"@pcp	
"kit"@hy-x-west2348	<http://ids.clld.org/values/4-230-207-1>		<http://ids.clld.org/parameters/4-230>		<http://ids.clld.org/values/4-230-280-1>		"řɨ'kina"@pcp	
"tok"@hy-x-west2348	<http://ids.clld.org/values/4-441-207-1>		<http://ids.clld.org/parameters/4-441>		<http://ids.clld.org/values/4-441-280-1>		"'taṣ̌a"@pcp	
"heru"@hy-x-west2348	<http://ids.clld.org/values/12-440-207-1>		<http://ids.clld.org/parameters/12-440>		<http://ids.clld.org/values/12-440-280-1>		"nɨ'ama"@pcp	
"pok[ə]r"@hy-x-west2348	<http://ids.clld.org/values/12-560-207-3>		<http://ids.clld.org/parameters/12-560>		<http://ids.clld.org/values/12-560-280-1>		"'mišni"@pcp	
"vodk"@hy-x-west2348	<http://ids.clld.org/values/4-370-207-1>		<http://ids.clld.org/parameters/4-370>		<http://ids.clld.org/values/4-370-280-1>		"'taʔɨ"@pcp	
"čˀeɣkʰel"@hy-x-east2283	<http://ids.clld.org/values/9-270-206-1>		<http://ids.clld.org/parameters/9-270>		<http://ids.clld.org/values/9-270-280-1>		"ma'tošmaki"@pcp	
"bor̃"@hy-x-east2283	<http://ids.clld.org/values/3-823-206-1>		<http://ids.clld.org/parameters/3-823>		<http://ids.clld.org/values/3-823-280-1>		"'wina"@pcp	
"morukʰ"@hy-x-east2283	<http://ids.clld.org/values/4-142-206-1>		<http://ids.clld.org/parameters/4-142>		<http://ids.clld.org/values/4-142-280-1>		"'kɨni"@pcp	
"č[ə]van"@hy-x-west2348	<http://ids.clld.org/values/9-190-207-1>		<http://ids.clld.org/parameters/9-190>		<http://ids.clld.org/values/9-190-280-1>		"'taška"@pcp	
"c̷ˀux"@hy-x-east2283	<http://ids.clld.org/values/1-830-206-1>		<http://ids.clld.org/parameters/1-830>		<http://ids.clld.org/values/1-830-280-1>		"ko'ʔina"@pcp	
"dun"@hy-x-west2348	<http://ids.clld.org/values/7-120-207-1>		<http://ids.clld.org/parameters/7-120>		<http://ids.clld.org/values/7-120-280-1>		"'ṣ̌owo"@pcp	
"gin"@hy-x-west2348	<http://ids.clld.org/values/2-220-207-1>		<http://ids.clld.org/parameters/2-220>		<http://ids.clld.org/values/2-220-280-1>		"'yoṣ̌a"@pcp	
"atˀam"@hy-x-east2283	<http://ids.clld.org/values/4-270-206-1>		<http://ids.clld.org/parameters/4-270>		<http://ids.clld.org/values/4-270-280-1>		"'ṣ̌ɨna"@pcp	
"lyart"@hy-x-west2348	<http://ids.clld.org/values/4-450-207-1>		<http://ids.clld.org/parameters/4-450>		<http://ids.clld.org/values/4-450-280-1>		"'taka"@pcp	
"ulunkʰ"@hy-x-east2283	<http://ids.clld.org/values/6-760-206-1>		<http://ids.clld.org/parameters/6-760>		<http://ids.clld.org/values/6-760-280-1>		"'kisi"@pcp	
"čur"@hy-x-west2348	<http://ids.clld.org/values/1-310-207-1>		<http://ids.clld.org/parameters/1-310>		<http://ids.clld.org/values/1-310-280-1>		"'hɨnɨ"@pcp	
"beran"@hy-x-east2283	<http://ids.clld.org/values/4-240-206-1>		<http://ids.clld.org/parameters/4-240>		<http://ids.clld.org/values/4-240-280-1>		"kɨ'wɨči"@pcp	
"ked"@hy-x-west2348	<http://ids.clld.org/values/1-360-207-1>		<http://ids.clld.org/parameters/1-360>		<http://ids.clld.org/values/1-360-280-1>		"'ʔani"@pcp	
"ked"@hy-x-west2348	<http://ids.clld.org/values/1-360-207-1>		<http://ids.clld.org/parameters/1-360>		<http://ids.clld.org/values/1-360-280-3>		"'pao"@pcp	
"d͜zaɣig"@hy-x-west2348	<http://ids.clld.org/values/8-570-207-1>		<http://ids.clld.org/parameters/8-570>		<http://ids.clld.org/values/8-570-280-3>		"řeṣ̌'pana"@pcp	
"d͜zaɣig"@hy-x-west2348	<http://ids.clld.org/values/8-570-207-1>		<http://ids.clld.org/parameters/8-570>		<http://ids.clld.org/values/8-570-280-1>		"'hoa"@pcp	
"manukˀ"@hy-x-east2283	<http://ids.clld.org/values/2-280-206-1>		<http://ids.clld.org/parameters/2-280>		<http://ids.clld.org/values/2-280-280-1>		"'wakɨ 'pistia"@pcp	
"armaveni"@hy-x-east2283	<http://ids.clld.org/values/8-810-206-1>		<http://ids.clld.org/parameters/8-810>		<http://ids.clld.org/values/8-810-280-1>		"'koti"@pcp	
"m[ə]lakˀ"@hy-x-east2283	<http://ids.clld.org/values/3-831-206-1>		<http://ids.clld.org/parameters/3-831>		<http://ids.clld.org/values/3-831-280-1>		"'šio"@pcp	
"m[ə]lakˀ"@hy-x-east2283	<http://ids.clld.org/values/3-831-206-1>		<http://ids.clld.org/parameters/3-831>		<http://ids.clld.org/values/3-831-280-3>		"'čio"@pcp	
"an"@hy-x-west2348	<http://ids.clld.org/values/2-930-207-1>		<http://ids.clld.org/parameters/2-930>		<http://ids.clld.org/values/2-930-280-1>		"'haa"@pcp	
"hayr"@hy-x-west2348	<http://ids.clld.org/values/2-350-207-1>		<http://ids.clld.org/parameters/2-350>		<http://ids.clld.org/values/2-350-280-1>		"'ɨpa"@pcp	
"hayr"@hy-x-west2348	<http://ids.clld.org/values/2-350-207-1>		<http://ids.clld.org/parameters/2-350>		<http://ids.clld.org/values/2-350-280-3>		"'ʔɨpa"@pcp	
"kˀac̷ʰin"@hy-x-east2283	<http://ids.clld.org/values/9-250-206-1>		<http://ids.clld.org/parameters/9-250>		<http://ids.clld.org/values/9-250-280-1>		"[hača]"@pcp	
"manug"@hy-x-west2348	<http://ids.clld.org/values/2-280-207-1>		<http://ids.clld.org/parameters/2-280>		<http://ids.clld.org/values/2-280-280-1>		"'wakɨ 'pistia"@pcp	
"puyn"@hy-x-west2348	<http://ids.clld.org/values/3-580-207-1>		<http://ids.clld.org/parameters/3-580>		<http://ids.clld.org/values/3-580-280-1>		"'naʔa"@pcp	
"agra"@hy-x-west2348	<http://ids.clld.org/values/4-270-207-1>		<http://ids.clld.org/parameters/4-270>		<http://ids.clld.org/values/4-270-280-1>		"'ṣ̌ɨna"@pcp	
"moruk"@hy-x-west2348	<http://ids.clld.org/values/4-142-207-1>		<http://ids.clld.org/parameters/4-142>		<http://ids.clld.org/values/4-142-280-1>		"'kɨni"@pcp	
"kˀrakˀ"@hy-x-east2283	<http://ids.clld.org/values/1-810-206-1>		<http://ids.clld.org/parameters/1-810>		<http://ids.clld.org/values/1-810-280-1>		"'čiʔi"@pcp	
"ǰermag"@hy-x-west2348	<http://ids.clld.org/values/15-640-207-1>		<http://ids.clld.org/parameters/15-640>		<http://ids.clld.org/values/15-640-280-1>		"'hoṣ̌o"@pcp	
"tʰokʰ"@hy-x-east2283	<http://ids.clld.org/values/4-441-206-1>		<http://ids.clld.org/parameters/4-441>		<http://ids.clld.org/values/4-441-280-1>		"'taṣ̌a"@pcp	
"t[ə]rčun"@hy-x-west2348	<http://ids.clld.org/values/3-581-207-1>		<http://ids.clld.org/parameters/3-581>		<http://ids.clld.org/values/3-581-280-1>		"'isko"@pcp	
"yerkˀu"@hy-x-east2283	<http://ids.clld.org/values/13-20-206-1>		<http://ids.clld.org/parameters/13-20>		<http://ids.clld.org/values/13-20-280-1>		"ra'wɨ"@pcp	
"gac̷in"@hy-x-west2348	<http://ids.clld.org/values/9-250-207-1>		<http://ids.clld.org/parameters/9-250>		<http://ids.clld.org/values/9-250-280-1>		"[hača]"@pcp	
"ǰeɣkel"@hy-x-west2348	<http://ids.clld.org/values/9-270-207-1>		<http://ids.clld.org/parameters/9-270>		<http://ids.clld.org/values/9-270-280-1>		"ma'tošmaki"@pcp	
"ang[ə]ɣ"@hy-x-east2283	<http://ids.clld.org/values/3-586-206-1>		<http://ids.clld.org/parameters/3-586>		<http://ids.clld.org/values/3-586-280-1>		"po'iko"@pcp	
"c̷anc̷abayusag"@hy-x-west2348	<http://ids.clld.org/values/9-780-207-3>		<http://ids.clld.org/parameters/9-780>		<http://ids.clld.org/values/9-780-280-1>		"'sota"@pcp	
"c̷anc̷"@hy-x-west2348	<http://ids.clld.org/values/9-780-207-1>		<http://ids.clld.org/parameters/9-780>		<http://ids.clld.org/values/9-780-280-1>		"'sota"@pcp	
"na"@hy-x-east2283	<http://ids.clld.org/values/2-930-206-1>		<http://ids.clld.org/parameters/2-930>		<http://ids.clld.org/values/2-930-280-1>		"'haa"@pcp	
"votˀkʰ"@hy-x-east2283	<http://ids.clld.org/values/4-370-206-1>		<http://ids.clld.org/parameters/4-370>		<http://ids.clld.org/values/4-370-280-1>		"'taʔɨ"@pcp	
"c̷ʰax"@hy-x-east2283	<http://ids.clld.org/values/1-880-206-1>		<http://ids.clld.org/parameters/1-880>		<http://ids.clld.org/values/1-880-280-1>		"'kařo"@pcp	
"(havi) ǰud"@hy-x-west2348	<http://ids.clld.org/values/3-550-207-1>		<http://ids.clld.org/parameters/3-550>		<http://ids.clld.org/values/3-550-280-1>		"pati'aři"@pcp	
"tˀun"@hy-x-east2283	<http://ids.clld.org/values/7-120-206-1>		<http://ids.clld.org/parameters/7-120>		<http://ids.clld.org/values/7-120-280-1>		"'ṣ̌owo"@pcp	
"tʰev"@hy-x-east2283	<http://ids.clld.org/values/4-310-206-1>		<http://ids.clld.org/parameters/4-310>		<http://ids.clld.org/values/4-310-280-1>		"po'yana"@pcp	
"mux"@hy-x-west2348	<http://ids.clld.org/values/1-830-207-3>		<http://ids.clld.org/parameters/1-830>		<http://ids.clld.org/values/1-830-280-1>		"ko'ʔina"@pcp	
"tˀ[ə]ɣamard"@hy-x-east2283	<http://ids.clld.org/values/2-210-206-1>		<http://ids.clld.org/parameters/2-210>		<http://ids.clld.org/values/2-210-280-1>		"'honi"@pcp	
"yeɣǰeru"@hy-x-east2283	<http://ids.clld.org/values/3-750-206-3>		<http://ids.clld.org/parameters/3-750>		<http://ids.clld.org/values/3-750-280-1>		"'čaṣ̌o"@pcp	
"mičad"@hy-x-west2348	<http://ids.clld.org/values/3-810-207-1>		<http://ids.clld.org/parameters/3-810>		<http://ids.clld.org/values/3-810-280-1>		"wɨ'oso"@pcp	
"d͜zar"@hy-x-west2348	<http://ids.clld.org/values/8-600-207-1>		<http://ids.clld.org/parameters/8-600>		<http://ids.clld.org/values/8-600-280-1>		"'hiwi"@pcp	
"yes"@hy-x-west2348	<http://ids.clld.org/values/2-910-207-1>		<http://ids.clld.org/parameters/2-910>		<http://ids.clld.org/values/2-910-280-1>		"'ɨa"@pcp	
"yekibdac̷oren"@hy-x-west2348	<http://ids.clld.org/values/8-470-207-1>		<http://ids.clld.org/parameters/8-470>		<http://ids.clld.org/values/8-470-280-1>		"'ṣ̌ɨki"@pcp	
"tašd"@hy-x-west2348	<http://ids.clld.org/values/8-120-207-1>		<http://ids.clld.org/parameters/8-120>		<http://ids.clld.org/values/8-120-280-1>		"'wai"@pcp	
"gin"@hy-x-west2348	<http://ids.clld.org/values/2-320-207-1>		<http://ids.clld.org/parameters/2-320>		<http://ids.clld.org/values/2-320-280-1>		"ʔa'wini"@pcp	
"varelapayd"@hy-x-west2348	<http://ids.clld.org/values/1-880-207-1>		<http://ids.clld.org/parameters/1-880>		<http://ids.clld.org/values/1-880-280-1>		"'kařo"@pcp	
"d͜zukˀ"@hy-x-east2283	<http://ids.clld.org/values/3-650-206-1>		<http://ids.clld.org/parameters/3-650>		<http://ids.clld.org/values/3-650-280-3>		"'woɨ"@pcp	
"d͜zukˀ"@hy-x-east2283	<http://ids.clld.org/values/3-650-206-1>		<http://ids.clld.org/parameters/3-650>		<http://ids.clld.org/values/3-650-280-1>		"sa'nino"@pcp	
"s[ə]rad͜zayr"@hy-x-west2348	<http://ids.clld.org/values/15-780-207-3>		<http://ids.clld.org/parameters/15-780>		<http://ids.clld.org/values/15-780-280-1>		"'ɨika"@pcp	
"bu"@hy-x-east2283	<http://ids.clld.org/values/3-596-206-1>		<http://ids.clld.org/parameters/3-596>		<http://ids.clld.org/values/3-596-280-1>		"'popo"@pcp	
"aryun"@hy-x-east2283	<http://ids.clld.org/values/4-150-206-1>		<http://ids.clld.org/parameters/4-150>		<http://ids.clld.org/values/4-150-280-1>		"'himi"@pcp	
"spˀitˀakˀ"@hy-x-east2283	<http://ids.clld.org/values/15-640-206-1>		<http://ids.clld.org/parameters/15-640>		<http://ids.clld.org/values/15-640-280-1>		"'hoṣ̌o"@pcp	
"kord"@hy-x-west2348	<http://ids.clld.org/values/3-950-207-1>		<http://ids.clld.org/parameters/3-950>		<http://ids.clld.org/values/3-950-280-1>		"wɨṣ̌ko"@pcp	
"voskˀor̃"@hy-x-east2283	<http://ids.clld.org/values/4-160-206-1>		<http://ids.clld.org/parameters/4-160>		<http://ids.clld.org/values/4-160-280-1>		"'ṣ̌ao"@pcp	
"yeɣnig"@hy-x-west2348	<http://ids.clld.org/values/3-750-207-1>		<http://ids.clld.org/parameters/3-750>		<http://ids.clld.org/values/3-750-280-1>		"'čaṣ̌o"@pcp	
"d͜zar"@hy-x-west2348	<http://ids.clld.org/values/1-420-207-1>		<http://ids.clld.org/parameters/1-420>		<http://ids.clld.org/values/1-420-280-1>		"'hiwi"@pcp	
"votˀkʰ"@hy-x-east2283	<http://ids.clld.org/values/4-350-206-3>		<http://ids.clld.org/parameters/4-350>		<http://ids.clld.org/values/4-350-280-1>		"'wiko"@pcp	
"mayr"@hy-x-east2283	<http://ids.clld.org/values/2-360-206-1>		<http://ids.clld.org/parameters/2-360>		<http://ids.clld.org/values/2-360-280-1>		"'kai"@pcp	
"tˀesnel"@hy-x-east2283	<http://ids.clld.org/values/15-510-206-1>		<http://ids.clld.org/parameters/15-510>		<http://ids.clld.org/values/15-510-280-1>		"his'pa"@pcp	
"tˀesnel"@hy-x-east2283	<http://ids.clld.org/values/15-510-206-1>		<http://ids.clld.org/parameters/15-510>		<http://ids.clld.org/values/15-510-280-3>		"'hisna"@pcp	
"and͜zrev"@hy-x-east2283	<http://ids.clld.org/values/1-750-206-1>		<http://ids.clld.org/parameters/1-750>		<http://ids.clld.org/values/1-750-280-3>		"ʔo'i"@pcp	
"and͜zrev"@hy-x-east2283	<http://ids.clld.org/values/1-750-206-1>		<http://ids.clld.org/parameters/1-750>		<http://ids.clld.org/values/1-750-280-1>		"o'i"@pcp	
"armatˀ"@hy-x-east2283	<http://ids.clld.org/values/8-540-206-1>		<http://ids.clld.org/parameters/8-540>		<http://ids.clld.org/values/8-540-280-1>		"ta'pono"@pcp	
"kʰitʰ"@hy-x-east2283	<http://ids.clld.org/values/4-230-206-1>		<http://ids.clld.org/parameters/4-230>		<http://ids.clld.org/values/4-230-280-1>		"řɨ'kina"@pcp	
"yerkˀinkʰ"@hy-x-east2283	<http://ids.clld.org/values/1-510-206-1>		<http://ids.clld.org/parameters/1-510>		<http://ids.clld.org/values/1-510-280-1>		"na'ipa"@pcp	
"yergu"@hy-x-west2348	<http://ids.clld.org/values/13-20-207-1>		<http://ids.clld.org/parameters/13-20>		<http://ids.clld.org/values/13-20-280-1>		"ra'wɨ"@pcp	
"or"@hy-x-west2348	<http://ids.clld.org/values/14-410-207-1>		<http://ids.clld.org/parameters/14-410>		<http://ids.clld.org/values/14-410-280-1>		"'waři"@pcp	
"anotutyun"@hy-x-west2348	<http://ids.clld.org/values/5-140-207-1>		<http://ids.clld.org/parameters/5-140>		<http://ids.clld.org/values/5-140-280-1>		"paṣ̌na'hai"@pcp	
"l[ə]val"@hy-x-west2348	<http://ids.clld.org/values/9-360-207-1>		<http://ids.clld.org/parameters/9-360>		<http://ids.clld.org/values/9-360-280-1>		"'aši"@pcp	
"buyn"@hy-x-east2283	<http://ids.clld.org/values/3-580-206-1>		<http://ids.clld.org/parameters/3-580>		<http://ids.clld.org/values/3-580-280-1>		"'naʔa"@pcp	
"alyur"@hy-x-west2348	<http://ids.clld.org/values/5-550-207-1>		<http://ids.clld.org/parameters/5-550>		<http://ids.clld.org/values/5-550-280-1>		"'moto"@pcp	
"ar̃u"@hy-x-east2283	<http://ids.clld.org/values/1-360-206-5>		<http://ids.clld.org/parameters/1-360>		<http://ids.clld.org/values/1-360-280-1>		"'ʔani"@pcp	
"ar̃u"@hy-x-east2283	<http://ids.clld.org/values/1-360-206-5>		<http://ids.clld.org/parameters/1-360>		<http://ids.clld.org/values/1-360-280-3>		"'pao"@pcp	
"arev"@hy-x-west2348	<http://ids.clld.org/values/1-520-207-1>		<http://ids.clld.org/parameters/1-520>		<http://ids.clld.org/values/1-520-280-1>		"'waři"@pcp	
"yergir"@hy-x-west2348	<http://ids.clld.org/values/1-210-207-1>		<http://ids.clld.org/parameters/1-210>		<http://ids.clld.org/values/1-210-280-1>		"'mai"@pcp	
"por"@hy-x-west2348	<http://ids.clld.org/values/3-823-207-1>		<http://ids.clld.org/parameters/3-823>		<http://ids.clld.org/values/3-823-280-1>		"'wina"@pcp	
"ačk"@hy-x-west2348	<http://ids.clld.org/values/4-210-207-1>		<http://ids.clld.org/parameters/4-210>		<http://ids.clld.org/values/4-210-280-1>		"'wɨřo"@pcp	
"g[ə]drel"@hy-x-west2348	<http://ids.clld.org/values/9-220-207-1>		<http://ids.clld.org/parameters/9-220>		<http://ids.clld.org/values/9-220-280-1>		"'kɨɨsakia"@pcp	
"d͜zag"@hy-x-west2348	<http://ids.clld.org/values/12-850-207-1>		<http://ids.clld.org/parameters/12-850>		<http://ids.clld.org/values/12-850-280-1>		"'kini"@pcp	
"havgit"@hy-x-west2348	<http://ids.clld.org/values/5-970-207-1>		<http://ids.clld.org/parameters/5-970>		<http://ids.clld.org/values/5-970-280-1>		"'wači"@pcp	
"amusin"@hy-x-east2283	<http://ids.clld.org/values/2-310-206-1>		<http://ids.clld.org/parameters/2-310>		<http://ids.clld.org/values/2-310-280-1>		"'wɨnɨ"@pcp	
"išameɣu"@hy-x-east2283	<http://ids.clld.org/values/3-823-206-3>		<http://ids.clld.org/parameters/3-823>		<http://ids.clld.org/values/3-823-280-1>		"'wina"@pcp	
"lusin"@hy-x-east2283	<http://ids.clld.org/values/1-530-206-1>		<http://ids.clld.org/parameters/1-530>		<http://ids.clld.org/values/1-530-280-1>		"'ʔoṣ̌ɨ"@pcp	
"bampˀakˀ"@hy-x-east2283	<http://ids.clld.org/values/6-240-206-1>		<http://ids.clld.org/parameters/6-240>		<http://ids.clld.org/values/6-240-280-1>		"waṣ̌'mɨna"@pcp	
"kˀ[ə]rya"@hy-x-east2283	<http://ids.clld.org/values/3-980-206-1>		<http://ids.clld.org/parameters/3-980>		<http://ids.clld.org/values/3-980-280-1>		"'ṣ̌awɨ"@pcp	
"amb"@hy-x-west2348	<http://ids.clld.org/values/1-730-207-1>		<http://ids.clld.org/parameters/1-730>		<http://ids.clld.org/values/1-730-280-1>		"'c̷ɨmo"@pcp	
"pˀaran"@hy-x-east2283	<http://ids.clld.org/values/9-190-206-1>		<http://ids.clld.org/parameters/9-190>		<http://ids.clld.org/values/9-190-280-1>		"'taška"@pcp	
"ampˀ"@hy-x-east2283	<http://ids.clld.org/values/1-730-206-1>		<http://ids.clld.org/parameters/1-730>		<http://ids.clld.org/values/1-730-280-1>		"'c̷ɨmo"@pcp	
"moc̷ˀakˀ"@hy-x-east2283	<http://ids.clld.org/values/3-831-206-3>		<http://ids.clld.org/parameters/3-831>		<http://ids.clld.org/values/3-831-280-1>		"'šio"@pcp	
"moc̷ˀakˀ"@hy-x-east2283	<http://ids.clld.org/values/3-831-206-3>		<http://ids.clld.org/parameters/3-831>		<http://ids.clld.org/values/3-831-280-3>		"'čio"@pcp	
"lezu"@hy-x-west2348	<http://ids.clld.org/values/4-260-207-1>		<http://ids.clld.org/parameters/4-260>		<http://ids.clld.org/values/4-260-280-1>		"'hana"@pcp	
"arev"@hy-x-east2283	<http://ids.clld.org/values/1-520-206-1>		<http://ids.clld.org/parameters/1-520>		<http://ids.clld.org/values/1-520-280-1>		"'waři"@pcp	
"astˀ[ə]ɣ"@hy-x-east2283	<http://ids.clld.org/values/1-540-206-1>		<http://ids.clld.org/parameters/1-540>		<http://ids.clld.org/values/1-540-280-1>		"'wištima"@pcp	
"anuš"@hy-x-east2283	<http://ids.clld.org/values/15-350-206-3>		<http://ids.clld.org/parameters/15-350>		<http://ids.clld.org/values/15-350-280-1>		"tɨ'ɨ"@pcp	
"ǰur"@hy-x-east2283	<http://ids.clld.org/values/1-310-206-1>		<http://ids.clld.org/parameters/1-310>		<http://ids.clld.org/values/1-310-280-1>		"'hɨnɨ"@pcp	
"armaveni"@hy-x-west2348	<http://ids.clld.org/values/8-810-207-1>		<http://ids.clld.org/parameters/8-810>		<http://ids.clld.org/values/8-810-280-1>		"'koti"@pcp	
"mod͜zag"@hy-x-west2348	<http://ids.clld.org/values/3-831-207-3>		<http://ids.clld.org/parameters/3-831>		<http://ids.clld.org/values/3-831-280-1>		"'šio"@pcp	
"mod͜zag"@hy-x-west2348	<http://ids.clld.org/values/3-831-207-3>		<http://ids.clld.org/parameters/3-831>		<http://ids.clld.org/values/3-831-280-3>		"'čio"@pcp	
"kˀaši"@hy-x-east2283	<http://ids.clld.org/values/4-120-206-3>		<http://ids.clld.org/parameters/4-120>		<http://ids.clld.org/values/4-120-280-1>		"'wiči"@pcp	
"aytˀ"@hy-x-east2283	<http://ids.clld.org/values/4-208-206-3>		<http://ids.clld.org/parameters/4-208>		<http://ids.clld.org/values/4-208-280-1>		"'tamo"@pcp	
