"tar[ə]n"@hy-x-west2348	<http://ids.clld.org/values/15-370-207-1>		<http://ids.clld.org/parameters/15-370>		<http://ids.clld.org/values/15-370-293-1>		"-c̷ə-"@ram	
"tar[ə]n"@hy-x-west2348	<http://ids.clld.org/values/15-370-207-1>		<http://ids.clld.org/parameters/15-370>		<http://ids.clld.org/values/15-370-293-3>		"hə"@ram	
"kamel"@hy-x-west2348	<http://ids.clld.org/values/9-343-207-3>		<http://ids.clld.org/parameters/9-343>		<http://ids.clld.org/values/9-343-293-1>		"ŋɛ̃n"@ram	
"šur̃ gal"@hy-x-east2283	<http://ids.clld.org/values/10-130-206-1>		<http://ids.clld.org/parameters/10-130>		<http://ids.clld.org/values/10-130-293-1>		"ayrɔ̃"@ram	
"c̷ʰamakʰ"@hy-x-east2283	<http://ids.clld.org/values/15-840-206-3>		<http://ids.clld.org/parameters/15-840>		<http://ids.clld.org/values/15-840-293-1>		"krə"@ram	
"c̷ʰamakʰ"@hy-x-east2283	<http://ids.clld.org/values/15-840-206-3>		<http://ids.clld.org/parameters/15-840>		<http://ids.clld.org/values/15-840-293-3>		"(kʰra ?)"@ram	
"abril"@hy-x-west2348	<http://ids.clld.org/values/7-110-207-3>		<http://ids.clld.org/parameters/7-110>		<http://ids.clld.org/values/7-110-293-1>		"kʰrĩ"@ram	
"b[ə]zdig"@hy-x-west2348	<http://ids.clld.org/values/12-560-207-1>		<http://ids.clld.org/parameters/12-560>		<http://ids.clld.org/values/12-560-293-3>		"lɛ"@ram	
"b[ə]zdig"@hy-x-west2348	<http://ids.clld.org/values/12-560-207-1>		<http://ids.clld.org/parameters/12-560>		<http://ids.clld.org/values/12-560-293-1>		"ĩn-krirɛ"@ram	
"mer̃ac̷ˀ"@hy-x-east2283	<http://ids.clld.org/values/4-750-206-3>		<http://ids.clld.org/parameters/4-750>		<http://ids.clld.org/values/4-750-293-1>		"tɨɨ- (tɨ ?)"@ram	
"kuyr"@hy-x-west2348	<http://ids.clld.org/values/2-450-207-1>		<http://ids.clld.org/parameters/2-450>		<http://ids.clld.org/values/2-450-293-1>		"tɔ̃y-"@ram	
"hampurel"@hy-x-west2348	<http://ids.clld.org/values/16-290-207-1>		<http://ids.clld.org/parameters/16-290>		<http://ids.clld.org/values/16-290-293-1>		"p (?)"@ram	
"anel"@hy-x-east2283	<http://ids.clld.org/values/9-110-206-1>		<http://ids.clld.org/parameters/9-110>		<http://ids.clld.org/values/9-110-293-1>		"tɔn"@ram	
"sev"@hy-x-west2348	<http://ids.clld.org/values/15-650-207-1>		<http://ids.clld.org/parameters/15-650>		<http://ids.clld.org/values/15-650-293-1>		"iʔ-tɨk"@ram	
"kʰičʰ"@hy-x-east2283	<http://ids.clld.org/values/13-170-206-1>		<http://ids.clld.org/parameters/13-170>		<http://ids.clld.org/values/13-170-293-1>		"kʰɨɨpe-"@ram	
"xotˀ"@hy-x-east2283	<http://ids.clld.org/values/8-510-206-1>		<http://ids.clld.org/parameters/8-510>		<http://ids.clld.org/values/8-510-293-1>		"aʔ-tuu"@ram	
"g[ə]zag"@hy-x-west2348	<http://ids.clld.org/values/4-209-207-1>		<http://ids.clld.org/parameters/4-209>		<http://ids.clld.org/values/4-209-293-1>		"hamã"@ram	
"voč"@hy-x-west2348	<http://ids.clld.org/values/17-560-207-1>		<http://ids.clld.org/parameters/17-560>		<http://ids.clld.org/values/17-560-293-1>		"ke-"@ram	
"zavakˀ"@hy-x-east2283	<http://ids.clld.org/values/2-270-206-3>		<http://ids.clld.org/parameters/2-270>		<http://ids.clld.org/values/2-270-293-1>		"aʔ-kʰra-rɛ"@ram	
"štˀapˀ"@hy-x-east2283	<http://ids.clld.org/values/14-210-206-5>		<http://ids.clld.org/parameters/14-210>		<http://ids.clld.org/values/14-210-293-1>		"kɨt-"@ram	
"gavazan"@hy-x-east2283	<http://ids.clld.org/values/19-250-206-1>		<http://ids.clld.org/parameters/19-250>		<http://ids.clld.org/values/19-250-293-1>		"kʰo-"@ram	
"kˀaričˀ"@hy-x-east2283	<http://ids.clld.org/values/3-815-206-1>		<http://ids.clld.org/parameters/3-815>		<http://ids.clld.org/values/3-815-293-1>		"pak"@ram	
"ganknil"@hy-x-west2348	<http://ids.clld.org/values/12-150-207-1>		<http://ids.clld.org/parameters/12-150>		<http://ids.clld.org/values/12-150-293-1>		"c̷a"@ram	
"p[ə]ndrel"@hy-x-west2348	<http://ids.clld.org/values/11-310-207-1>		<http://ids.clld.org/parameters/11-310>		<http://ids.clld.org/values/11-310-293-1>		"lɨ̃t"@ram	
"zarkˀel"@hy-x-east2283	<http://ids.clld.org/values/9-210-206-1>		<http://ids.clld.org/parameters/9-210>		<http://ids.clld.org/values/9-210-293-1>		"kʰrɔ̃k"@ram	
"d͜zer"@hy-x-west2348	<http://ids.clld.org/values/14-150-207-1>		<http://ids.clld.org/parameters/14-150>		<http://ids.clld.org/values/14-150-293-1>		"tũm"@ram	
"yertʰal"@hy-x-east2283	<http://ids.clld.org/values/10-470-206-3>		<http://ids.clld.org/parameters/10-470>		<http://ids.clld.org/values/10-470-293-1>		"mɔ̃"@ram	
"daštˀ"@hy-x-east2283	<http://ids.clld.org/values/8-120-206-1>		<http://ids.clld.org/parameters/8-120>		<http://ids.clld.org/values/8-120-293-1>		"pur"@ram	
"arag"@hy-x-east2283	<http://ids.clld.org/values/14-210-206-1>		<http://ids.clld.org/parameters/14-210>		<http://ids.clld.org/values/14-210-293-1>		"kɨt-"@ram	
"k[əl]ux"@hy-x-west2348	<http://ids.clld.org/values/4-200-207-1>		<http://ids.clld.org/parameters/4-200>		<http://ids.clld.org/values/4-200-293-1>		"ii-kʰrə̃"@ram	
"s[ə]runk"@hy-x-west2348	<http://ids.clld.org/values/4-350-207-1>		<http://ids.clld.org/parameters/4-350>		<http://ids.clld.org/values/4-350-293-1>		"ii-tɛ"@ram	
"tarnal"@hy-x-west2348	<http://ids.clld.org/values/10-130-207-3>		<http://ids.clld.org/parameters/10-130>		<http://ids.clld.org/values/10-130-293-1>		"ayrɔ̃"@ram	
"yeɣnikˀ"@hy-x-east2283	<http://ids.clld.org/values/3-750-206-1>		<http://ids.clld.org/parameters/3-750>		<http://ids.clld.org/values/3-750-293-1>		"pɔ"@ram	
"yeɣnikˀ"@hy-x-east2283	<http://ids.clld.org/values/3-750-206-1>		<http://ids.clld.org/parameters/3-750>		<http://ids.clld.org/values/3-750-293-3>		"kaarə"@ram	
"mašg"@hy-x-west2348	<http://ids.clld.org/values/4-120-207-1>		<http://ids.clld.org/parameters/4-120>		<http://ids.clld.org/values/4-120-293-1>		"ii-kʰə (?)"@ram	
"bakˀ"@hy-x-east2283	<http://ids.clld.org/values/7-150-206-1>		<http://ids.clld.org/parameters/7-150>		<http://ids.clld.org/values/7-150-293-1>		"ka-"@ram	
"n[ə]stˀel"@hy-x-east2283	<http://ids.clld.org/values/12-130-206-1>		<http://ids.clld.org/parameters/12-130>		<http://ids.clld.org/values/12-130-293-1>		"yə̃ (yɨ̃ ?)"@ram	
"ayr[ə]vel"@hy-x-east2283	<http://ids.clld.org/values/1-852-206-1>		<http://ids.clld.org/parameters/1-852>		<http://ids.clld.org/values/1-852-293-1>		"pok"@ram	
"tʰež"@hy-x-east2283	<http://ids.clld.org/values/15-850-206-3>		<http://ids.clld.org/parameters/15-850>		<http://ids.clld.org/values/15-850-293-1>		"kakrɔ"@ram	
"kal"@hy-x-west2348	<http://ids.clld.org/values/10-480-207-1>		<http://ids.clld.org/parameters/10-480>		<http://ids.clld.org/values/10-480-293-1>		"-tẽ"@ram	
"yerekʰ"@hy-x-east2283	<http://ids.clld.org/values/13-30-206-1>		<http://ids.clld.org/parameters/13-30>		<http://ids.clld.org/values/13-30-293-1>		"ɨnkre-"@ram	
"bolor"@hy-x-east2283	<http://ids.clld.org/values/13-140-206-3>		<http://ids.clld.org/parameters/13-140>		<http://ids.clld.org/values/13-140-293-1>		"tu-"@ram	
"pʰaytˀ"@hy-x-east2283	<http://ids.clld.org/values/1-430-206-1>		<http://ids.clld.org/parameters/1-430>		<http://ids.clld.org/values/1-430-293-1>		"pĩ"@ram	
"maz"@hy-x-west2348	<http://ids.clld.org/values/4-140-207-1>		<http://ids.clld.org/parameters/4-140>		<http://ids.clld.org/values/4-140-293-1>		"ii-kʰĩ"@ram	
"c̷ˀakˀ"@hy-x-east2283	<http://ids.clld.org/values/12-850-206-1>		<http://ids.clld.org/parameters/12-850>		<http://ids.clld.org/values/12-850-293-1>		"kʰrɛ"@ram	
"yergel"@hy-x-east2283	<http://ids.clld.org/values/18-120-206-1>		<http://ids.clld.org/parameters/18-120>		<http://ids.clld.org/values/18-120-293-1>		"-krɛ"@ram	
"baɣ"@hy-x-west2348	<http://ids.clld.org/values/15-860-207-1>		<http://ids.clld.org/parameters/15-860>		<http://ids.clld.org/values/15-860-293-1>		"kʰrɨ"@ram	
"vočʰ"@hy-x-east2283	<http://ids.clld.org/values/17-560-206-1>		<http://ids.clld.org/parameters/17-560>		<http://ids.clld.org/values/17-560-293-1>		"ke-"@ram	
"mekˀ"@hy-x-east2283	<http://ids.clld.org/values/13-10-206-1>		<http://ids.clld.org/parameters/13-10>		<http://ids.clld.org/values/13-10-293-1>		"pɨc̷it"@ram	
"aravod"@hy-x-west2348	<http://ids.clld.org/values/14-440-207-1>		<http://ids.clld.org/parameters/14-440>		<http://ids.clld.org/values/14-440-293-1>		"apɛ̃"@ram	
"tac̷"@hy-x-west2348	<http://ids.clld.org/values/15-830-207-1>		<http://ids.clld.org/parameters/15-830>		<http://ids.clld.org/values/15-830-293-1>		"mrɔ̃ (?)"@ram	
"vort"@hy-x-west2348	<http://ids.clld.org/values/3-840-207-1>		<http://ids.clld.org/parameters/3-840>		<http://ids.clld.org/values/3-840-293-1>		"hɔɔc̷ã"@ram	
"očax"@hy-x-west2348	<http://ids.clld.org/values/7-310-207-3>		<http://ids.clld.org/parameters/7-310>		<http://ids.clld.org/values/7-310-293-1>		"kiz (?)"@ram	
"taraxabalar"@hy-x-west2348	<http://ids.clld.org/values/4-856-207-3>		<http://ids.clld.org/parameters/4-856>		<http://ids.clld.org/values/4-856-293-1>		"kuhe"@ram	
"harvac̷ˀel"@hy-x-east2283	<http://ids.clld.org/values/9-210-206-3>		<http://ids.clld.org/parameters/9-210>		<http://ids.clld.org/values/9-210-293-1>		"kʰrɔ̃k"@ram	
"gaši"@hy-x-west2348	<http://ids.clld.org/values/4-120-207-3>		<http://ids.clld.org/parameters/4-120>		<http://ids.clld.org/values/4-120-293-1>		"ii-kʰə (?)"@ram	
"aɣpyur"@hy-x-west2348	<http://ids.clld.org/values/1-370-207-1>		<http://ids.clld.org/parameters/1-370>		<http://ids.clld.org/values/1-370-293-1>		"kʰwa"@ram	
"hov"@hy-x-east2283	<http://ids.clld.org/values/1-720-206-3>		<http://ids.clld.org/parameters/1-720>		<http://ids.clld.org/values/1-720-293-1>		"kʰook"@ram	
"tʰ[ə]r̃čʰun"@hy-x-east2283	<http://ids.clld.org/values/3-581-206-1>		<http://ids.clld.org/parameters/3-581>		<http://ids.clld.org/values/3-581-293-1>		"kɛ̃"@ram	
"payd"@hy-x-west2348	<http://ids.clld.org/values/1-430-207-1>		<http://ids.clld.org/parameters/1-430>		<http://ids.clld.org/values/1-430-293-1>		"pĩ"@ram	
"pˀar̃kˀel"@hy-x-east2283	<http://ids.clld.org/values/12-140-206-1>		<http://ids.clld.org/parameters/12-140>		<http://ids.clld.org/values/12-140-293-1>		"nɔ̃"@ram	
"šaviɣ"@hy-x-west2348	<http://ids.clld.org/values/10-720-207-3>		<http://ids.clld.org/parameters/10-720>		<http://ids.clld.org/values/10-720-293-1>		"prɨɨ"@ram	
"pʰ[ə]ntˀr̃el"@hy-x-east2283	<http://ids.clld.org/values/11-310-206-1>		<http://ids.clld.org/parameters/11-310>		<http://ids.clld.org/values/11-310-293-1>		"lɨ̃t"@ram	
"c̷ˀar̃"@hy-x-east2283	<http://ids.clld.org/values/1-420-206-1>		<http://ids.clld.org/parameters/1-420>		<http://ids.clld.org/values/1-420-293-1>		"pĩĩ"@ram	
"layn"@hy-x-east2283	<http://ids.clld.org/values/12-610-206-1>		<http://ids.clld.org/parameters/12-610>		<http://ids.clld.org/values/12-610-293-1>		"iʔ-pɔ"@ram	
"mahag"@hy-x-west2348	<http://ids.clld.org/values/20-220-207-1>		<http://ids.clld.org/parameters/20-220>		<http://ids.clld.org/values/20-220-293-1>		"kʰo"@ram	
"pˀalar"@hy-x-east2283	<http://ids.clld.org/values/4-856-206-1>		<http://ids.clld.org/parameters/4-856>		<http://ids.clld.org/values/4-856-293-1>		"kuhe"@ram	
"ǰ[ə]rhor"@hy-x-east2283	<http://ids.clld.org/values/1-370-206-5>		<http://ids.clld.org/parameters/1-370>		<http://ids.clld.org/values/1-370-293-1>		"kʰwa"@ram	
"anun"@hy-x-west2348	<http://ids.clld.org/values/18-280-207-1>		<http://ids.clld.org/parameters/18-280>		<http://ids.clld.org/values/18-280-293-1>		"awkʰe-"@ram	
"anun"@hy-x-west2348	<http://ids.clld.org/values/18-280-207-1>		<http://ids.clld.org/parameters/18-280>		<http://ids.clld.org/values/18-280-293-3>		"yəyə-"@ram	
"tun"@hy-x-west2348	<http://ids.clld.org/values/2-920-207-1>		<http://ids.clld.org/parameters/2-920>		<http://ids.clld.org/values/2-920-293-1>		"ka"@ram	
"anuš"@hy-x-west2348	<http://ids.clld.org/values/15-350-207-1>		<http://ids.clld.org/parameters/15-350>		<http://ids.clld.org/values/15-350-293-1>		"c̷o-"@ram	
"c̷amak"@hy-x-west2348	<http://ids.clld.org/values/15-840-207-3>		<http://ids.clld.org/parameters/15-840>		<http://ids.clld.org/values/15-840-293-1>		"krə"@ram	
"c̷amak"@hy-x-west2348	<http://ids.clld.org/values/15-840-207-3>		<http://ids.clld.org/parameters/15-840>		<http://ids.clld.org/values/15-840-293-3>		"(kʰra ?)"@ram	
"pˀaɣ"@hy-x-east2283	<http://ids.clld.org/values/15-860-206-3>		<http://ids.clld.org/parameters/15-860>		<http://ids.clld.org/values/15-860-293-1>		"kʰrɨ"@ram	
"ayril"@hy-x-west2348	<http://ids.clld.org/values/1-852-207-1>		<http://ids.clld.org/parameters/1-852>		<http://ids.clld.org/values/1-852-293-1>		"pok"@ram	
"meč"@hy-x-west2348	<http://ids.clld.org/values/12-50-207-3>		<http://ids.clld.org/parameters/12-50>		<http://ids.clld.org/values/12-50-293-1>		"kʰam"@ram	
"havakʰel"@hy-x-east2283	<http://ids.clld.org/values/12-212-206-3>		<http://ids.clld.org/parameters/12-212>		<http://ids.clld.org/values/12-212-293-1>		"pɨ"@ram	
"sud"@hy-x-west2348	<http://ids.clld.org/values/16-670-207-1>		<http://ids.clld.org/parameters/16-670>		<http://ids.clld.org/values/16-670-293-1>		"nõ"@ram	
"var̃vel"@hy-x-east2283	<http://ids.clld.org/values/1-852-206-3>		<http://ids.clld.org/parameters/1-852>		<http://ids.clld.org/values/1-852-293-1>		"pok"@ram	
"hartad͜zad͜zg g[ə]dur"@hy-x-west2348	<http://ids.clld.org/values/7-520-207-1>		<http://ids.clld.org/parameters/7-520>		<http://ids.clld.org/values/7-520-293-1>		"po"@ram	
"kˀyankʰ"@hy-x-east2283	<http://ids.clld.org/values/4-740-206-5>		<http://ids.clld.org/parameters/4-740>		<http://ids.clld.org/values/4-740-293-1>		"tĩ"@ram	
"serm"@hy-x-west2348	<http://ids.clld.org/values/8-311-207-1>		<http://ids.clld.org/parameters/8-311>		<http://ids.clld.org/values/8-311-293-1>		"iʔ-hɨɨ (hɨ- ?)"@ram	
"(šatˀ) tˀakʰ"@hy-x-east2283	<http://ids.clld.org/values/15-850-206-1>		<http://ids.clld.org/parameters/15-850>		<http://ids.clld.org/values/15-850-293-1>		"kakrɔ"@ram	
"(c̷ˀar̃i) kˀeɣev"@hy-x-east2283	<http://ids.clld.org/values/8-750-206-1>		<http://ids.clld.org/parameters/8-750>		<http://ids.clld.org/values/8-750-293-1>		"ii-kʰə"@ram	
"layn"@hy-x-west2348	<http://ids.clld.org/values/12-610-207-1>		<http://ids.clld.org/parameters/12-610>		<http://ids.clld.org/values/12-610-293-1>		"iʔ-pɔ"@ram	
"yeraxa"@hy-x-west2348	<http://ids.clld.org/values/2-270-207-1>		<http://ids.clld.org/parameters/2-270>		<http://ids.clld.org/values/2-270-293-1>		"aʔ-kʰra-rɛ"@ram	
"maškˀ"@hy-x-east2283	<http://ids.clld.org/values/4-120-206-1>		<http://ids.clld.org/parameters/4-120>		<http://ids.clld.org/values/4-120-293-1>		"ii-kʰə (?)"@ram	
"xad͜znel"@hy-x-west2348	<http://ids.clld.org/values/4-580-207-1>		<http://ids.clld.org/parameters/4-580>		<http://ids.clld.org/values/4-580-293-1>		"-ku-c̷a"@ram	
"havakel"@hy-x-west2348	<http://ids.clld.org/values/12-212-207-3>		<http://ids.clld.org/parameters/12-212>		<http://ids.clld.org/values/12-212-293-1>		"pɨ"@ram	
"urax"@hy-x-east2283	<http://ids.clld.org/values/16-230-206-1>		<http://ids.clld.org/parameters/16-230>		<http://ids.clld.org/values/16-230-293-1>		"hakʰrɨ"@ram	
"yerek"@hy-x-west2348	<http://ids.clld.org/values/13-30-207-1>		<http://ids.clld.org/parameters/13-30>		<http://ids.clld.org/values/13-30-293-1>		"ɨnkre-"@ram	
"ned"@hy-x-west2348	<http://ids.clld.org/values/20-250-207-1>		<http://ids.clld.org/parameters/20-250>		<http://ids.clld.org/values/20-250-293-1>		"kruw"@ram	
"aryun"@hy-x-west2348	<http://ids.clld.org/values/4-150-207-1>		<http://ids.clld.org/parameters/4-150>		<http://ids.clld.org/values/4-150-293-1>		"ii-kaproo"@ram	
"d͜zux"@hy-x-west2348	<http://ids.clld.org/values/1-830-207-1>		<http://ids.clld.org/parameters/1-830>		<http://ids.clld.org/values/1-830-293-1>		"iʔ-kʰũm"@ram	
"ayr"@hy-x-west2348	<http://ids.clld.org/values/2-210-207-3>		<http://ids.clld.org/parameters/2-210>		<http://ids.clld.org/values/2-210-293-1>		"hũm"@ram	
"hayr"@hy-x-east2283	<http://ids.clld.org/values/2-350-206-1>		<http://ids.clld.org/parameters/2-350>		<http://ids.clld.org/values/2-350-293-1>		"-pãm"@ram	
"hayr"@hy-x-east2283	<http://ids.clld.org/values/2-350-206-1>		<http://ids.clld.org/parameters/2-350>		<http://ids.clld.org/values/2-350-293-3>		"c̷ũ"@ram	
"abril"@hy-x-west2348	<http://ids.clld.org/values/4-740-207-1>		<http://ids.clld.org/parameters/4-740>		<http://ids.clld.org/values/4-740-293-1>		"tĩ"@ram	
"maz"@hy-x-east2283	<http://ids.clld.org/values/4-140-206-1>		<http://ids.clld.org/parameters/4-140>		<http://ids.clld.org/values/4-140-293-1>		"ii-kʰĩ"@ram	
"moxir"@hy-x-west2348	<http://ids.clld.org/values/1-840-207-1>		<http://ids.clld.org/parameters/1-840>		<http://ids.clld.org/values/1-840-293-1>		"prɔ"@ram	
"dal"@hy-x-west2348	<http://ids.clld.org/values/11-210-207-1>		<http://ids.clld.org/parameters/11-210>		<http://ids.clld.org/values/11-210-293-3>		"ŋɔ̃"@ram	
"dal"@hy-x-west2348	<http://ids.clld.org/values/11-210-207-1>		<http://ids.clld.org/parameters/11-210>		<http://ids.clld.org/values/11-210-293-1>		"c̷i-"@ram	
"ger"@hy-x-west2348	<http://ids.clld.org/values/12-740-207-5>		<http://ids.clld.org/parameters/12-740>		<http://ids.clld.org/values/12-740-293-1>		"yakɔt"@ram	
"čˀ[ə]ragu"@hy-x-east2283	<http://ids.clld.org/values/5-791-206-3>		<http://ids.clld.org/parameters/5-791>		<http://ids.clld.org/values/5-791-293-1>		"iʔ-twɨm"@ram	
"d͜zax (kˀoɣm)"@hy-x-east2283	<http://ids.clld.org/values/12-420-206-1>		<http://ids.clld.org/parameters/12-420>		<http://ids.clld.org/values/12-420-293-1>		"aw-kʰɛ"@ram	
"tev"@hy-x-west2348	<http://ids.clld.org/values/4-392-207-1>		<http://ids.clld.org/parameters/4-392>		<http://ids.clld.org/values/4-392-293-1>		"haaraa"@ram	
"vayr"@hy-x-west2348	<http://ids.clld.org/values/12-110-207-3>		<http://ids.clld.org/parameters/12-110>		<http://ids.clld.org/values/12-110-293-1>		"-li-"@ram	
"meɣ[ə]r"@hy-x-east2283	<http://ids.clld.org/values/5-840-206-1>		<http://ids.clld.org/parameters/5-840>		<http://ids.clld.org/values/5-840-293-1>		"pɛn"@ram	
"l[ə]sel"@hy-x-east2283	<http://ids.clld.org/values/15-410-206-1>		<http://ids.clld.org/parameters/15-410>		<http://ids.clld.org/values/15-410-293-1>		"kʰə̃-pa"@ram	
"voǰil"@hy-x-east2283	<http://ids.clld.org/values/3-811-206-1>		<http://ids.clld.org/parameters/3-811>		<http://ids.clld.org/values/3-811-293-1>		"ii-ko"@ram	
"tˀerev"@hy-x-east2283	<http://ids.clld.org/values/8-560-206-1>		<http://ids.clld.org/parameters/8-560>		<http://ids.clld.org/values/8-560-293-1>		"iʔ-ho"@ram	
"g[ə]lux"@hy-x-east2283	<http://ids.clld.org/values/4-200-206-1>		<http://ids.clld.org/parameters/4-200>		<http://ids.clld.org/values/4-200-293-1>		"ii-kʰrə̃"@ram	
"lu"@hy-x-east2283	<http://ids.clld.org/values/3-813-206-1>		<http://ids.clld.org/parameters/3-813>		<http://ids.clld.org/values/3-813-293-1>		"ĩnko"@ram	
"c̷ˀar̃"@hy-x-east2283	<http://ids.clld.org/values/8-600-206-1>		<http://ids.clld.org/parameters/8-600>		<http://ids.clld.org/values/8-600-293-1>		"pĩĩ"@ram	
"kʰaɣc̷ʰ[ə]r"@hy-x-east2283	<http://ids.clld.org/values/15-350-206-1>		<http://ids.clld.org/parameters/15-350>		<http://ids.clld.org/values/15-350-293-1>		"c̷o-"@ram	
"kˀapˀertˀ"@hy-x-east2283	<http://ids.clld.org/values/9-770-206-3>		<http://ids.clld.org/parameters/9-770>		<http://ids.clld.org/values/9-770-293-1>		"kohpip (koʔpip ?)"@ram	
"s[ə]runkʰ"@hy-x-east2283	<http://ids.clld.org/values/4-350-206-1>		<http://ids.clld.org/parameters/4-350>		<http://ids.clld.org/values/4-350-293-1>		"ii-tɛ"@ram	
"c̷ˀ[ə]c̷ˀel"@hy-x-east2283	<http://ids.clld.org/values/5-160-206-1>		<http://ids.clld.org/parameters/5-160>		<http://ids.clld.org/values/5-160-293-1>		"kaho"@ram	
"l[ə]vanal"@hy-x-east2283	<http://ids.clld.org/values/9-360-206-1>		<http://ids.clld.org/parameters/9-360>		<http://ids.clld.org/values/9-360-293-1>		"kuʔhõ"@ram	
"l[ə]vanal"@hy-x-east2283	<http://ids.clld.org/values/9-360-206-1>		<http://ids.clld.org/parameters/9-360>		<http://ids.clld.org/values/9-360-293-3>		"kaʔhõ"@ram	
"xaytʰel"@hy-x-east2283	<http://ids.clld.org/values/4-580-206-3>		<http://ids.clld.org/parameters/4-580>		<http://ids.clld.org/values/4-580-293-1>		"-ku-c̷a"@ram	
"utˀel"@hy-x-east2283	<http://ids.clld.org/values/5-110-206-1>		<http://ids.clld.org/parameters/5-110>		<http://ids.clld.org/values/5-110-293-3>		"kʰuu"@ram	
"utˀel"@hy-x-east2283	<http://ids.clld.org/values/5-110-206-1>		<http://ids.clld.org/parameters/5-110>		<http://ids.clld.org/values/5-110-293-7>		"pa-"@ram	
"utˀel"@hy-x-east2283	<http://ids.clld.org/values/5-110-206-1>		<http://ids.clld.org/parameters/5-110>		<http://ids.clld.org/values/5-110-293-5>		"kukʰu-"@ram	
"utˀel"@hy-x-east2283	<http://ids.clld.org/values/5-110-206-1>		<http://ids.clld.org/parameters/5-110>		<http://ids.clld.org/values/5-110-293-1>		"-kʰrẽ"@ram	
"hor"@hy-x-west2348	<http://ids.clld.org/values/1-370-207-7>		<http://ids.clld.org/parameters/1-370>		<http://ids.clld.org/values/1-370-293-1>		"kʰwa"@ram	
"m[ə]dig ənel"@hy-x-west2348	<http://ids.clld.org/values/15-420-207-5>		<http://ids.clld.org/parameters/15-420>		<http://ids.clld.org/values/15-420-293-1>		"k mpa (?)"@ram	
"sar̃ə"@hy-x-east2283	<http://ids.clld.org/values/15-860-206-1>		<http://ids.clld.org/parameters/15-860>		<http://ids.clld.org/values/15-860-293-1>		"kʰrɨ"@ram	
"apˀrel"@hy-x-east2283	<http://ids.clld.org/values/4-740-206-1>		<http://ids.clld.org/parameters/4-740>		<http://ids.clld.org/values/4-740-293-1>		"tĩ"@ram	
"loɣal"@hy-x-west2348	<http://ids.clld.org/values/4-690-207-1>		<http://ids.clld.org/parameters/4-690>		<http://ids.clld.org/values/4-690-293-1>		"c̷wa"@ram	
"c̷ʰav"@hy-x-east2283	<http://ids.clld.org/values/16-310-206-1>		<http://ids.clld.org/parameters/16-310>		<http://ids.clld.org/values/16-310-293-1>		"-c̷a-"@ram	
"c̷ʰav"@hy-x-east2283	<http://ids.clld.org/values/16-310-206-1>		<http://ids.clld.org/parameters/16-310>		<http://ids.clld.org/values/16-310-293-3>		"ha- (?)"@ram	
"n[ə]man"@hy-x-west2348	<http://ids.clld.org/values/12-920-207-1>		<http://ids.clld.org/parameters/12-920>		<http://ids.clld.org/values/12-920-293-1>		"kʰĩ"@ram	
"p[ə]nagil"@hy-x-west2348	<http://ids.clld.org/values/7-110-207-1>		<http://ids.clld.org/parameters/7-110>		<http://ids.clld.org/values/7-110-293-1>		"kʰrĩ"@ram	
"lav"@hy-x-east2283	<http://ids.clld.org/values/16-710-206-1>		<http://ids.clld.org/parameters/16-710>		<http://ids.clld.org/values/16-710-293-1>		"-pɛy"@ram	
"lyard"@hy-x-east2283	<http://ids.clld.org/values/4-450-206-1>		<http://ids.clld.org/parameters/4-450>		<http://ids.clld.org/values/4-450-293-1>		"ii-pa"@ram	
"c̷oɣ"@hy-x-west2348	<http://ids.clld.org/values/1-640-207-1>		<http://ids.clld.org/parameters/1-640>		<http://ids.clld.org/values/1-640-293-1>		"atər-"@ram	
"d[ə]ɣamart"@hy-x-west2348	<http://ids.clld.org/values/2-210-207-1>		<http://ids.clld.org/parameters/2-210>		<http://ids.clld.org/values/2-210-293-1>		"hũm"@ram	
"vayr"@hy-x-east2283	<http://ids.clld.org/values/12-110-206-3>		<http://ids.clld.org/parameters/12-110>		<http://ids.clld.org/values/12-110-293-1>		"-li-"@ram	
"amen"@hy-x-west2348	<http://ids.clld.org/values/13-140-207-1>		<http://ids.clld.org/parameters/13-140>		<http://ids.clld.org/values/13-140-293-1>		"tu-"@ram	
"lezu"@hy-x-east2283	<http://ids.clld.org/values/4-260-206-1>		<http://ids.clld.org/parameters/4-260>		<http://ids.clld.org/values/4-260-293-1>		"-yõʔtɔ"@ram	
"oc̷"@hy-x-west2348	<http://ids.clld.org/values/3-850-207-1>		<http://ids.clld.org/parameters/3-850>		<http://ids.clld.org/values/3-850-293-3>		"pat"@ram	
"oc̷"@hy-x-west2348	<http://ids.clld.org/values/3-850-207-1>		<http://ids.clld.org/parameters/3-850>		<http://ids.clld.org/values/3-850-293-1>		"kaaŋə"@ram	
"darikod"@hy-x-west2348	<http://ids.clld.org/values/14-150-207-3>		<http://ids.clld.org/parameters/14-150>		<http://ids.clld.org/values/14-150-293-1>		"tũm"@ram	
"c̷ˀaɣikˀ"@hy-x-east2283	<http://ids.clld.org/values/8-570-206-1>		<http://ids.clld.org/parameters/8-570>		<http://ids.clld.org/values/8-570-293-1>		"ii-rə̃"@ram	
"n[ə]sdadeɣ"@hy-x-west2348	<http://ids.clld.org/values/4-464-207-3>		<http://ids.clld.org/parameters/4-464>		<http://ids.clld.org/values/4-464-293-1>		"ayɔ"@ram	
"c̷erk"@hy-x-west2348	<http://ids.clld.org/values/4-330-207-1>		<http://ids.clld.org/parameters/4-330>		<http://ids.clld.org/values/4-330-293-1>		"hũʔkʰra"@ram	
"b[ə]r̃unc̷ʰkʰov harvac̷ˀel"@hy-x-east2283	<http://ids.clld.org/values/9-211-206-1>		<http://ids.clld.org/parameters/9-211>		<http://ids.clld.org/values/9-211-293-1>		"twə"@ram	
"žayr̃"@hy-x-east2283	<http://ids.clld.org/values/1-440-206-3>		<http://ids.clld.org/parameters/1-440>		<http://ids.clld.org/values/1-440-293-1>		"kʰɛn"@ram	
"derev"@hy-x-west2348	<http://ids.clld.org/values/8-560-207-1>		<http://ids.clld.org/parameters/8-560>		<http://ids.clld.org/values/8-560-293-1>		"iʔ-ho"@ram	
"d͜zung"@hy-x-west2348	<http://ids.clld.org/values/4-360-207-1>		<http://ids.clld.org/parameters/4-360>		<http://ids.clld.org/values/4-360-293-1>		"ii-kʰõn"@ram	
"viz"@hy-x-west2348	<http://ids.clld.org/values/4-280-207-1>		<http://ids.clld.org/parameters/4-280>		<http://ids.clld.org/values/4-280-293-1>		"ii-put"@ram	
"b[ə]nakˀvel"@hy-x-east2283	<http://ids.clld.org/values/7-110-206-1>		<http://ids.clld.org/parameters/7-110>		<http://ids.clld.org/values/7-110-293-1>		"kʰrĩ"@ram	
"nerg"@hy-x-west2348	<http://ids.clld.org/values/9-880-207-1>		<http://ids.clld.org/parameters/9-880>		<http://ids.clld.org/values/9-880-293-1>		"kʰrɔr"@ram	
"d͜zu"@hy-x-east2283	<http://ids.clld.org/values/5-970-206-1>		<http://ids.clld.org/parameters/5-970>		<http://ids.clld.org/values/5-970-293-1>		"in-krɛ"@ram	
"anun"@hy-x-east2283	<http://ids.clld.org/values/18-280-206-1>		<http://ids.clld.org/parameters/18-280>		<http://ids.clld.org/values/18-280-293-1>		"awkʰe-"@ram	
"anun"@hy-x-east2283	<http://ids.clld.org/values/18-280-206-1>		<http://ids.clld.org/parameters/18-280>		<http://ids.clld.org/values/18-280-293-3>		"yəyə-"@ram	
"yerǰanikˀ"@hy-x-east2283	<http://ids.clld.org/values/16-230-206-5>		<http://ids.clld.org/parameters/16-230>		<http://ids.clld.org/values/16-230-293-1>		"hakʰrɨ"@ram	
"arahetˀ"@hy-x-east2283	<http://ids.clld.org/values/10-720-206-1>		<http://ids.clld.org/parameters/10-720>		<http://ids.clld.org/values/10-720-293-1>		"prɨɨ"@ram	
"gal"@hy-x-east2283	<http://ids.clld.org/values/10-480-206-1>		<http://ids.clld.org/parameters/10-480>		<http://ids.clld.org/values/10-480-293-1>		"-tẽ"@ram	
"sev"@hy-x-east2283	<http://ids.clld.org/values/15-650-206-1>		<http://ids.clld.org/parameters/15-650>		<http://ids.clld.org/values/15-650-293-1>		"iʔ-tɨk"@ram	
"lu"@hy-x-west2348	<http://ids.clld.org/values/3-813-207-1>		<http://ids.clld.org/parameters/3-813>		<http://ids.clld.org/values/3-813-293-1>		"ĩnko"@ram	
"mayr"@hy-x-west2348	<http://ids.clld.org/values/2-360-207-1>		<http://ids.clld.org/parameters/2-360>		<http://ids.clld.org/values/2-360-293-1>		"-nə̃ə̃"@ram	
"zarnel"@hy-x-west2348	<http://ids.clld.org/values/9-210-207-1>		<http://ids.clld.org/parameters/9-210>		<http://ids.clld.org/values/9-210-293-1>		"kʰrɔ̃k"@ram	
"gogortilos"@hy-x-west2348	<http://ids.clld.org/values/3-970-207-1>		<http://ids.clld.org/parameters/3-970>		<http://ids.clld.org/values/3-970-293-1>		"mĩĩ (mɨ̃ ?)"@ram	
"mis"@hy-x-east2283	<http://ids.clld.org/values/5-610-206-1>		<http://ids.clld.org/parameters/5-610>		<http://ids.clld.org/values/5-610-293-1>		"hĩ"@ram	
"mis"@hy-x-east2283	<http://ids.clld.org/values/5-610-206-1>		<http://ids.clld.org/parameters/5-610>		<http://ids.clld.org/values/5-610-293-3>		"yĩ"@ram	
"mernil"@hy-x-west2348	<http://ids.clld.org/values/4-750-207-1>		<http://ids.clld.org/parameters/4-750>		<http://ids.clld.org/values/4-750-293-1>		"tɨɨ- (tɨ ?)"@ram	
"tev"@hy-x-west2348	<http://ids.clld.org/values/4-310-207-1>		<http://ids.clld.org/parameters/4-310>		<http://ids.clld.org/values/4-310-293-1>		"pa"@ram	
"gariǰ"@hy-x-west2348	<http://ids.clld.org/values/3-815-207-1>		<http://ids.clld.org/parameters/3-815>		<http://ids.clld.org/values/3-815-293-1>		"pak"@ram	
"c̷ˀ[ə]xaxotˀ"@hy-x-east2283	<http://ids.clld.org/values/8-680-206-1>		<http://ids.clld.org/parameters/8-680>		<http://ids.clld.org/values/8-680-293-1>		"parho"@ram	
"sud əsel"@hy-x-west2348	<http://ids.clld.org/values/16-670-207-3>		<http://ids.clld.org/parameters/16-670>		<http://ids.clld.org/values/16-670-293-1>		"nõ"@ram	
"hamburel"@hy-x-east2283	<http://ids.clld.org/values/16-290-206-1>		<http://ids.clld.org/parameters/16-290>		<http://ids.clld.org/values/16-290-293-1>		"p (?)"@ram	
"vatˀ"@hy-x-east2283	<http://ids.clld.org/values/16-720-206-1>		<http://ids.clld.org/parameters/16-720>		<http://ids.clld.org/values/16-720-293-1>		"iʔkʰɛn"@ram	
"desnel"@hy-x-west2348	<http://ids.clld.org/values/15-510-207-1>		<http://ids.clld.org/parameters/15-510>		<http://ids.clld.org/values/15-510-293-1>		"-hõm-pu"@ram	
"desnel"@hy-x-west2348	<http://ids.clld.org/values/15-510-207-1>		<http://ids.clld.org/parameters/15-510>		<http://ids.clld.org/values/15-510-293-3>		"pu-pun"@ram	
"pˀ[ə]stˀikˀ"@hy-x-east2283	<http://ids.clld.org/values/12-560-206-3>		<http://ids.clld.org/parameters/12-560>		<http://ids.clld.org/values/12-560-293-3>		"lɛ"@ram	
"pˀ[ə]stˀikˀ"@hy-x-east2283	<http://ids.clld.org/values/12-560-206-3>		<http://ids.clld.org/parameters/12-560>		<http://ids.clld.org/values/12-560-293-1>		"ĩn-krirɛ"@ram	
"kˀac̷ˀan"@hy-x-east2283	<http://ids.clld.org/values/10-720-206-5>		<http://ids.clld.org/parameters/10-720>		<http://ids.clld.org/values/10-720-293-1>		"prɨɨ"@ram	
"loɣanal"@hy-x-east2283	<http://ids.clld.org/values/4-690-206-1>		<http://ids.clld.org/parameters/4-690>		<http://ids.clld.org/values/4-690-293-1>		"c̷wa"@ram	
"x[ə]sir"@hy-x-west2348	<http://ids.clld.org/values/9-770-207-1>		<http://ids.clld.org/parameters/9-770>		<http://ids.clld.org/values/9-770-293-1>		"kohpip (koʔpip ?)"@ram	
"č[ə]ɣčig"@hy-x-west2348	<http://ids.clld.org/values/3-591-207-1>		<http://ids.clld.org/parameters/3-591>		<http://ids.clld.org/values/3-591-293-1>		"c̷ɛprɛ"@ram	
"mis"@hy-x-west2348	<http://ids.clld.org/values/5-610-207-1>		<http://ids.clld.org/parameters/5-610>		<http://ids.clld.org/values/5-610-293-1>		"hĩ"@ram	
"mis"@hy-x-west2348	<http://ids.clld.org/values/5-610-207-1>		<http://ids.clld.org/parameters/5-610>		<http://ids.clld.org/values/5-610-293-3>		"yĩ"@ram	
"pag"@hy-x-west2348	<http://ids.clld.org/values/7-150-207-1>		<http://ids.clld.org/parameters/7-150>		<http://ids.clld.org/values/7-150-293-1>		"ka-"@ram	
"ačʰkʰ"@hy-x-east2283	<http://ids.clld.org/values/4-210-206-1>		<http://ids.clld.org/parameters/4-210>		<http://ids.clld.org/values/4-210-293-1>		"ii-tɔ"@ram	
"li"@hy-x-west2348	<http://ids.clld.org/values/13-210-207-3>		<http://ids.clld.org/parameters/13-210>		<http://ids.clld.org/values/13-210-293-1>		"yic̷u"@ram	
"yerkel"@hy-x-west2348	<http://ids.clld.org/values/18-120-207-1>		<http://ids.clld.org/parameters/18-120>		<http://ids.clld.org/values/18-120-293-1>		"-krɛ"@ram	
"ayr"@hy-x-east2283	<http://ids.clld.org/values/2-210-206-3>		<http://ids.clld.org/parameters/2-210>		<http://ids.clld.org/values/2-210-293-1>		"hũm"@ram	
"kˀ[ə]rel"@hy-x-east2283	<http://ids.clld.org/values/10-610-206-1>		<http://ids.clld.org/parameters/10-610>		<http://ids.clld.org/values/10-610-293-1>		"pə"@ram	
"n[ə]stˀatˀeɣi"@hy-x-east2283	<http://ids.clld.org/values/4-464-206-3>		<http://ids.clld.org/parameters/4-464>		<http://ids.clld.org/values/4-464-293-1>		"ayɔ"@ram	
"tˀarikʰotˀ"@hy-x-east2283	<http://ids.clld.org/values/14-150-206-3>		<http://ids.clld.org/parameters/14-150>		<http://ids.clld.org/values/14-150-293-1>		"tũm"@ram	
"kami"@hy-x-west2348	<http://ids.clld.org/values/1-720-207-3>		<http://ids.clld.org/parameters/1-720>		<http://ids.clld.org/values/1-720-293-1>		"kʰook"@ram	
"balar"@hy-x-west2348	<http://ids.clld.org/values/4-856-207-1>		<http://ids.clld.org/parameters/4-856>		<http://ids.clld.org/values/4-856-293-1>		"kuhe"@ram	
"x[ə]mel"@hy-x-west2348	<http://ids.clld.org/values/5-130-207-1>		<http://ids.clld.org/parameters/5-130>		<http://ids.clld.org/values/5-130-293-1>		"-kʰõ (kʰɔ̃ ?)"@ram	
"c̷ˀur̃"@hy-x-east2283	<http://ids.clld.org/values/12-740-206-1>		<http://ids.clld.org/parameters/12-740>		<http://ids.clld.org/values/12-740-293-1>		"yakɔt"@ram	
"ag"@hy-x-west2348	<http://ids.clld.org/values/1-370-207-3>		<http://ids.clld.org/parameters/1-370>		<http://ids.clld.org/values/1-370-293-1>		"kʰwa"@ram	
"yergink"@hy-x-west2348	<http://ids.clld.org/values/1-510-207-1>		<http://ids.clld.org/parameters/1-510>		<http://ids.clld.org/values/1-510-293-1>		"koykʰwa"@ram	
"c̷ˀan[ə]r"@hy-x-east2283	<http://ids.clld.org/values/15-810-206-1>		<http://ids.clld.org/parameters/15-810>		<http://ids.clld.org/values/15-810-293-1>		"hũũ-tĩ"@ram	
"yerčanig"@hy-x-west2348	<http://ids.clld.org/values/16-230-207-5>		<http://ids.clld.org/parameters/16-230>		<http://ids.clld.org/values/16-230-293-1>		"hakʰrɨ"@ram	
"derd͜zan"@hy-x-east2283	<http://ids.clld.org/values/6-380-206-1>		<http://ids.clld.org/parameters/6-380>		<http://ids.clld.org/values/6-380-293-1>		"he-"@ram	
"derd͜zan"@hy-x-east2283	<http://ids.clld.org/values/6-380-206-1>		<http://ids.clld.org/parameters/6-380>		<http://ids.clld.org/values/6-380-293-3>		"-c̷e- (?)"@ram	
"loɣal"@hy-x-west2348	<http://ids.clld.org/values/10-350-207-1>		<http://ids.clld.org/parameters/10-350>		<http://ids.clld.org/values/10-350-293-1>		"ree"@ram	
"loɣal"@hy-x-west2348	<http://ids.clld.org/values/10-350-207-1>		<http://ids.clld.org/parameters/10-350>		<http://ids.clld.org/values/10-350-293-3>		"c̷wa"@ram	
"x[ə]mel"@hy-x-east2283	<http://ids.clld.org/values/5-130-206-1>		<http://ids.clld.org/parameters/5-130>		<http://ids.clld.org/values/5-130-293-1>		"-kʰõ (kʰɔ̃ ?)"@ram	
"čor"@hy-x-west2348	<http://ids.clld.org/values/15-840-207-1>		<http://ids.clld.org/parameters/15-840>		<http://ids.clld.org/values/15-840-293-1>		"krə"@ram	
"čor"@hy-x-west2348	<http://ids.clld.org/values/15-840-207-1>		<http://ids.clld.org/parameters/15-840>		<http://ids.clld.org/values/15-840-293-3>		"(kʰra ?)"@ram	
"oǰax"@hy-x-east2283	<http://ids.clld.org/values/7-310-206-3>		<http://ids.clld.org/parameters/7-310>		<http://ids.clld.org/values/7-310-293-1>		"kiz (?)"@ram	
"šog"@hy-x-east2283	<http://ids.clld.org/values/15-850-206-5>		<http://ids.clld.org/parameters/15-850>		<http://ids.clld.org/values/15-850-293-1>		"kakrɔ"@ram	
"tʰev"@hy-x-east2283	<http://ids.clld.org/values/4-392-206-1>		<http://ids.clld.org/parameters/4-392>		<http://ids.clld.org/values/4-392-293-1>		"haaraa"@ram	
"adam"@hy-x-west2348	<http://ids.clld.org/values/4-270-207-3>		<http://ids.clld.org/parameters/4-270>		<http://ids.clld.org/values/4-270-293-1>		"ii-c̷wa"@ram	
"anc̷rev"@hy-x-west2348	<http://ids.clld.org/values/1-750-207-1>		<http://ids.clld.org/parameters/1-750>		<http://ids.clld.org/values/1-750-293-1>		"taa (ta ?)"@ram	
"čˀ[ə]zmel"@hy-x-east2283	<http://ids.clld.org/values/9-343-206-1>		<http://ids.clld.org/parameters/9-343>		<http://ids.clld.org/values/9-343-293-1>		"ŋɛ̃n"@ram	
"d͜z[ə]g[ə]rtˀal"@hy-x-east2283	<http://ids.clld.org/values/4-521-206-3>		<http://ids.clld.org/parameters/4-521>		<http://ids.clld.org/values/4-521-293-1>		"hɛk"@ram	
"žayr"@hy-x-west2348	<http://ids.clld.org/values/1-440-207-3>		<http://ids.clld.org/parameters/1-440>		<http://ids.clld.org/values/1-440-293-1>		"kʰɛn"@ram	
"varil"@hy-x-west2348	<http://ids.clld.org/values/1-852-207-3>		<http://ids.clld.org/parameters/1-852>		<http://ids.clld.org/values/1-852-293-1>		"pok"@ram	
"armad"@hy-x-west2348	<http://ids.clld.org/values/8-540-207-1>		<http://ids.clld.org/parameters/8-540>		<http://ids.clld.org/values/8-540-293-1>		"haare"@ram	
"tʰutʰakˀ"@hy-x-east2283	<http://ids.clld.org/values/3-592-206-1>		<http://ids.clld.org/parameters/3-592>		<http://ids.clld.org/values/3-592-293-1>		"krɨy-ti"@ram	
"yes"@hy-x-east2283	<http://ids.clld.org/values/2-910-206-1>		<http://ids.clld.org/parameters/2-910>		<http://ids.clld.org/values/2-910-293-3>		"wa"@ram	
"yes"@hy-x-east2283	<http://ids.clld.org/values/2-910-206-1>		<http://ids.clld.org/parameters/2-910>		<http://ids.clld.org/values/2-910-293-1>		"pa"@ram	
"xošor"@hy-x-east2283	<http://ids.clld.org/values/12-550-206-3>		<http://ids.clld.org/parameters/12-550>		<http://ids.clld.org/values/12-550-293-1>		"ti-"@ram	
"ǰ[ə]ɣǰikˀ"@hy-x-east2283	<http://ids.clld.org/values/3-591-206-1>		<http://ids.clld.org/parameters/3-591>		<http://ids.clld.org/values/3-591-293-1>		"c̷ɛprɛ"@ram	
"terc̷an"@hy-x-west2348	<http://ids.clld.org/values/6-380-207-1>		<http://ids.clld.org/parameters/6-380>		<http://ids.clld.org/values/6-380-293-1>		"he-"@ram	
"terc̷an"@hy-x-west2348	<http://ids.clld.org/values/6-380-207-1>		<http://ids.clld.org/parameters/6-380>		<http://ids.clld.org/values/6-380-293-3>		"-c̷e- (?)"@ram	
"sutˀ"@hy-x-east2283	<http://ids.clld.org/values/16-670-206-1>		<http://ids.clld.org/parameters/16-670>		<http://ids.clld.org/values/16-670-293-1>		"nõ"@ram	
"c̷u"@hy-x-west2348	<http://ids.clld.org/values/5-970-207-3>		<http://ids.clld.org/parameters/5-970>		<http://ids.clld.org/values/5-970-293-1>		"in-krɛ"@ram	
"antˀar̃"@hy-x-east2283	<http://ids.clld.org/values/1-410-206-1>		<http://ids.clld.org/parameters/1-410>		<http://ids.clld.org/values/1-410-293-1>		"lam-"@ram	
"mux"@hy-x-east2283	<http://ids.clld.org/values/1-830-206-3>		<http://ids.clld.org/parameters/1-830>		<http://ids.clld.org/values/1-830-293-1>		"iʔ-kʰũm"@ram	
"xaytel"@hy-x-west2348	<http://ids.clld.org/values/4-580-207-3>		<http://ids.clld.org/parameters/4-580>		<http://ids.clld.org/values/4-580-293-1>		"-ku-c̷a"@ram	
"nerkˀ"@hy-x-east2283	<http://ids.clld.org/values/9-880-206-1>		<http://ids.clld.org/parameters/9-880>		<http://ids.clld.org/values/9-880-293-1>		"kʰrɔr"@ram	
"d[ə]gar"@hy-x-west2348	<http://ids.clld.org/values/4-820-207-3>		<http://ids.clld.org/parameters/4-820>		<http://ids.clld.org/values/4-820-293-1>		"pɛk-"@ram	
"meǰ"@hy-x-east2283	<http://ids.clld.org/values/12-50-206-3>		<http://ids.clld.org/parameters/12-50>		<http://ids.clld.org/values/12-50-293-1>		"kʰam"@ram	
"gonk"@hy-x-west2348	<http://ids.clld.org/values/4-463-207-1>		<http://ids.clld.org/parameters/4-463>		<http://ids.clld.org/values/4-463-293-1>		"hɔ̃"@ram	
"l[ə]sel"@hy-x-west2348	<http://ids.clld.org/values/15-410-207-1>		<http://ids.clld.org/parameters/15-410>		<http://ids.clld.org/values/15-410-293-1>		"kʰə̃-pa"@ram	
"p[ə]runc̷kov harvad͜zel"@hy-x-west2348	<http://ids.clld.org/values/9-211-207-1>		<http://ids.clld.org/parameters/9-211>		<http://ids.clld.org/values/9-211-293-1>		"twə"@ram	
"barel"@hy-x-west2348	<http://ids.clld.org/values/10-440-207-1>		<http://ids.clld.org/parameters/10-440>		<http://ids.clld.org/values/10-440-293-1>		"hakrun (?)"@ram	
"l[ə]sel"@hy-x-east2283	<http://ids.clld.org/values/15-420-206-1>		<http://ids.clld.org/parameters/15-420>		<http://ids.clld.org/values/15-420-293-1>		"k mpa (?)"@ram	
"getˀnax[ə]nd͜zor"@hy-x-east2283	<http://ids.clld.org/values/5-700-206-1>		<http://ids.clld.org/parameters/5-700>		<http://ids.clld.org/values/5-700-293-1>		"yat (yɛt ?)"@ram	
"kˀangnel"@hy-x-east2283	<http://ids.clld.org/values/12-150-206-1>		<http://ids.clld.org/parameters/12-150>		<http://ids.clld.org/values/12-150-293-1>		"c̷a"@ram	
"c̷av"@hy-x-west2348	<http://ids.clld.org/values/16-310-207-1>		<http://ids.clld.org/parameters/16-310>		<http://ids.clld.org/values/16-310-293-1>		"-c̷a-"@ram	
"c̷av"@hy-x-west2348	<http://ids.clld.org/values/16-310-207-1>		<http://ids.clld.org/parameters/16-310>		<http://ids.clld.org/values/16-310-293-3>		"ha- (?)"@ram	
"kˀin"@hy-x-east2283	<http://ids.clld.org/values/2-320-206-1>		<http://ids.clld.org/parameters/2-320>		<http://ids.clld.org/values/2-320-293-1>		"ĩĩ-prõ"@ram	
"kˀapˀikˀ"@hy-x-east2283	<http://ids.clld.org/values/3-760-206-1>		<http://ids.clld.org/parameters/3-760>		<http://ids.clld.org/values/3-760-293-1>		"kukʰoy"@ram	
"d͜zed͜zel"@hy-x-west2348	<http://ids.clld.org/values/9-210-207-5>		<http://ids.clld.org/parameters/9-210>		<http://ids.clld.org/values/9-210-293-1>		"kʰrɔ̃k"@ram	
"netˀ"@hy-x-east2283	<http://ids.clld.org/values/20-250-206-1>		<http://ids.clld.org/parameters/20-250>		<http://ids.clld.org/values/20-250-293-1>		"kruw"@ram	
"meǰə"@hy-x-east2283	<http://ids.clld.org/values/12-50-206-1>		<http://ids.clld.org/parameters/12-50>		<http://ids.clld.org/values/12-50-293-1>		"kʰam"@ram	
"asd[ə]ɣ"@hy-x-west2348	<http://ids.clld.org/values/1-540-207-1>		<http://ids.clld.org/parameters/1-540>		<http://ids.clld.org/values/1-540-293-1>		"kac̷ee-rɛ"@ram	
"grag"@hy-x-west2348	<http://ids.clld.org/values/1-810-207-1>		<http://ids.clld.org/parameters/1-810>		<http://ids.clld.org/values/1-810-293-1>		"kuhɨ"@ram	
"avaz"@hy-x-east2283	<http://ids.clld.org/values/1-215-206-1>		<http://ids.clld.org/parameters/1-215>		<http://ids.clld.org/values/1-215-293-1>		"pye"@ram	
"aɣ"@hy-x-west2348	<http://ids.clld.org/values/5-810-207-1>		<http://ids.clld.org/parameters/5-810>		<http://ids.clld.org/values/5-810-293-1>		"kaac̷wa"@ram	
"xoz"@hy-x-east2283	<http://ids.clld.org/values/3-350-206-1>		<http://ids.clld.org/parameters/3-350>		<http://ids.clld.org/values/3-350-293-1>		"kʰro"@ram	
"boč"@hy-x-west2348	<http://ids.clld.org/values/4-180-207-1>		<http://ids.clld.org/parameters/4-180>		<http://ids.clld.org/values/4-180-293-1>		"ha-ppɨ"@ram	
"pʰ[ə]čʰel"@hy-x-east2283	<http://ids.clld.org/values/10-380-206-1>		<http://ids.clld.org/parameters/10-380>		<http://ids.clld.org/values/10-380-293-1>		"hakkoo"@ram	
"d͜z[ə]d͜zel"@hy-x-west2348	<http://ids.clld.org/values/5-160-207-1>		<http://ids.clld.org/parameters/5-160>		<http://ids.clld.org/values/5-160-293-1>		"kaho"@ram	
"gragaran"@hy-x-west2348	<http://ids.clld.org/values/7-310-207-1>		<http://ids.clld.org/parameters/7-310>		<http://ids.clld.org/values/7-310-293-1>		"kiz (?)"@ram	
"arak"@hy-x-west2348	<http://ids.clld.org/values/14-210-207-1>		<http://ids.clld.org/parameters/14-210>		<http://ids.clld.org/values/14-210-293-1>		"kɨt-"@ram	
"sutˀ asel"@hy-x-east2283	<http://ids.clld.org/values/16-670-206-3>		<http://ids.clld.org/parameters/16-670>		<http://ids.clld.org/values/16-670-293-1>		"nõ"@ram	
"moxir"@hy-x-east2283	<http://ids.clld.org/values/1-840-206-1>		<http://ids.clld.org/parameters/1-840>		<http://ids.clld.org/values/1-840-293-1>		"prɔ"@ram	
"g[ə]rel"@hy-x-west2348	<http://ids.clld.org/values/10-610-207-1>		<http://ids.clld.org/parameters/10-610>		<http://ids.clld.org/values/10-610-293-1>		"pə"@ram	
"kič"@hy-x-west2348	<http://ids.clld.org/values/13-170-207-1>		<http://ids.clld.org/parameters/13-170>		<http://ids.clld.org/values/13-170-293-1>		"kʰɨɨpe-"@ram	
"vosgor"@hy-x-west2348	<http://ids.clld.org/values/4-160-207-1>		<http://ids.clld.org/parameters/4-160>		<http://ids.clld.org/values/4-160-293-1>		"-hi"@ram	
"d͜zer̃kʰ"@hy-x-east2283	<http://ids.clld.org/values/4-330-206-1>		<http://ids.clld.org/parameters/4-330>		<http://ids.clld.org/values/4-330-293-1>		"hũʔkʰra"@ram	
"šutˀ"@hy-x-east2283	<http://ids.clld.org/values/14-210-206-3>		<http://ids.clld.org/parameters/14-210>		<http://ids.clld.org/values/14-210-293-1>		"kɨt-"@ram	
"ənel"@hy-x-west2348	<http://ids.clld.org/values/9-110-207-1>		<http://ids.clld.org/parameters/9-110>		<http://ids.clld.org/values/9-110-293-1>		"tɔn"@ram	
"yeɣčeru"@hy-x-west2348	<http://ids.clld.org/values/3-750-207-3>		<http://ids.clld.org/parameters/3-750>		<http://ids.clld.org/values/3-750-293-1>		"pɔ"@ram	
"yeɣčeru"@hy-x-west2348	<http://ids.clld.org/values/3-750-207-3>		<http://ids.clld.org/parameters/3-750>		<http://ids.clld.org/values/3-750-293-3>		"kaarə"@ram	
"s[ə]del"@hy-x-west2348	<http://ids.clld.org/values/16-670-207-5>		<http://ids.clld.org/parameters/16-670>		<http://ids.clld.org/values/16-670-293-1>		"nõ"@ram	
"tʰac̷ʰ"@hy-x-east2283	<http://ids.clld.org/values/15-830-206-1>		<http://ids.clld.org/parameters/15-830>		<http://ids.clld.org/values/15-830-293-1>		"mrɔ̃ (?)"@ram	
"minag"@hy-x-west2348	<http://ids.clld.org/values/13-330-207-1>		<http://ids.clld.org/parameters/13-330>		<http://ids.clld.org/values/13-330-293-3>		"kamã"@ram	
"minag"@hy-x-west2348	<http://ids.clld.org/values/13-330-207-1>		<http://ids.clld.org/parameters/13-330>		<http://ids.clld.org/values/13-330-293-1>		"pit"@ram	
"amusin"@hy-x-west2348	<http://ids.clld.org/values/2-310-207-1>		<http://ids.clld.org/parameters/2-310>		<http://ids.clld.org/values/2-310-293-1>		"ĩĩ-pyɛ"@ram	
"lec̷ʰun"@hy-x-east2283	<http://ids.clld.org/values/13-210-206-3>		<http://ids.clld.org/parameters/13-210>		<http://ids.clld.org/values/13-210-293-1>		"yic̷u"@ram	
"kaɣc̷[ə]r"@hy-x-west2348	<http://ids.clld.org/values/15-350-207-3>		<http://ids.clld.org/parameters/15-350>		<http://ids.clld.org/values/15-350-293-1>		"c̷o-"@ram	
"yerexa"@hy-x-east2283	<http://ids.clld.org/values/2-270-206-1>		<http://ids.clld.org/parameters/2-270>		<http://ids.clld.org/values/2-270-293-1>		"aʔ-kʰra-rɛ"@ram	
"mer̃nel"@hy-x-east2283	<http://ids.clld.org/values/4-750-206-1>		<http://ids.clld.org/parameters/4-750>		<http://ids.clld.org/values/4-750-293-1>		"tɨɨ- (tɨ ?)"@ram	
"avaz"@hy-x-west2348	<http://ids.clld.org/values/1-215-207-1>		<http://ids.clld.org/parameters/1-215>		<http://ids.clld.org/values/1-215-293-1>		"pye"@ram	
"k[ə]nanal"@hy-x-west2348	<http://ids.clld.org/values/4-610-207-1>		<http://ids.clld.org/parameters/4-610>		<http://ids.clld.org/values/4-610-293-1>		"-ŋõr (ŋɔ̃r ?)"@ram	
"tutag"@hy-x-west2348	<http://ids.clld.org/values/3-592-207-1>		<http://ids.clld.org/parameters/3-592>		<http://ids.clld.org/values/3-592-293-1>		"krɨy-ti"@ram	
"poši"@hy-x-west2348	<http://ids.clld.org/values/1-213-207-1>		<http://ids.clld.org/parameters/1-213>		<http://ids.clld.org/values/1-213-293-1>		"pye yakro"@ram	
"d͜zan[ə]r"@hy-x-west2348	<http://ids.clld.org/values/15-810-207-1>		<http://ids.clld.org/parameters/15-810>		<http://ids.clld.org/values/15-810-293-1>		"hũũ-tĩ"@ram	
"peran"@hy-x-west2348	<http://ids.clld.org/values/4-240-207-1>		<http://ids.clld.org/parameters/4-240>		<http://ids.clld.org/values/4-240-293-1>		"-yarkʰwa"@ram	
"ž[ə]xtˀakˀan"@hy-x-east2283	<http://ids.clld.org/values/17-560-206-3>		<http://ids.clld.org/parameters/17-560>		<http://ids.clld.org/values/17-560-293-1>		"ke-"@ram	
"leɣi"@hy-x-west2348	<http://ids.clld.org/values/15-370-207-3>		<http://ids.clld.org/parameters/15-370>		<http://ids.clld.org/values/15-370-293-1>		"-c̷ə-"@ram	
"leɣi"@hy-x-west2348	<http://ids.clld.org/values/15-370-207-3>		<http://ids.clld.org/parameters/15-370>		<http://ids.clld.org/values/15-370-293-3>		"hə"@ram	
"mečə"@hy-x-west2348	<http://ids.clld.org/values/12-50-207-1>		<http://ids.clld.org/parameters/12-50>		<http://ids.clld.org/values/12-50-293-1>		"kʰam"@ram	
"ar̃avotˀ"@hy-x-east2283	<http://ids.clld.org/values/14-440-206-1>		<http://ids.clld.org/parameters/14-440>		<http://ids.clld.org/values/14-440-293-1>		"apɛ̃"@ram	
"c̷ug"@hy-x-west2348	<http://ids.clld.org/values/3-650-207-1>		<http://ids.clld.org/parameters/3-650>		<http://ids.clld.org/values/3-650-293-3>		"krən-"@ram	
"c̷ug"@hy-x-west2348	<http://ids.clld.org/values/3-650-207-1>		<http://ids.clld.org/parameters/3-650>		<http://ids.clld.org/values/3-650-293-1>		"tɛp"@ram	
"arahed"@hy-x-west2348	<http://ids.clld.org/values/10-720-207-1>		<http://ids.clld.org/parameters/10-720>		<http://ids.clld.org/values/10-720-293-1>		"prɨɨ"@ram	
"š[ə]rč[ə]vil"@hy-x-west2348	<http://ids.clld.org/values/10-130-207-1>		<http://ids.clld.org/parameters/10-130>		<http://ids.clld.org/values/10-130-293-1>		"ayrɔ̃"@ram	
"n[ə]man"@hy-x-east2283	<http://ids.clld.org/values/12-920-206-1>		<http://ids.clld.org/parameters/12-920>		<http://ids.clld.org/values/12-920-293-1>		"kʰĩ"@ram	
"pʰokʰ[ə]r"@hy-x-east2283	<http://ids.clld.org/values/12-560-206-1>		<http://ids.clld.org/parameters/12-560>		<http://ids.clld.org/values/12-560-293-3>		"lɛ"@ram	
"pʰokʰ[ə]r"@hy-x-east2283	<http://ids.clld.org/values/12-560-206-1>		<http://ids.clld.org/parameters/12-560>		<http://ids.clld.org/values/12-560-293-1>		"ĩn-krirɛ"@ram	
"kʰamel"@hy-x-east2283	<http://ids.clld.org/values/9-343-206-3>		<http://ids.clld.org/parameters/9-343>		<http://ids.clld.org/values/9-343-293-1>		"ŋɛ̃n"@ram	
"tʰaraxapˀalar"@hy-x-east2283	<http://ids.clld.org/values/4-856-206-3>		<http://ids.clld.org/parameters/4-856>		<http://ids.clld.org/values/4-856-293-1>		"kuhe"@ram	
"š[ə]rǰ[ə]vel"@hy-x-east2283	<http://ids.clld.org/values/10-130-206-3>		<http://ids.clld.org/parameters/10-130>		<http://ids.clld.org/values/10-130-293-1>		"ayrɔ̃"@ram	
"vodk"@hy-x-west2348	<http://ids.clld.org/values/4-350-207-3>		<http://ids.clld.org/parameters/4-350>		<http://ids.clld.org/values/4-350-293-1>		"ii-tɛ"@ram	
"kˀer̃"@hy-x-east2283	<http://ids.clld.org/values/12-740-206-5>		<http://ids.clld.org/parameters/12-740>		<http://ids.clld.org/values/12-740-293-1>		"yakɔt"@ram	
"kišer"@hy-x-west2348	<http://ids.clld.org/values/14-420-207-1>		<http://ids.clld.org/parameters/14-420>		<http://ids.clld.org/values/14-420-293-1>		"kac̷wa"@ram	
"serm"@hy-x-east2283	<http://ids.clld.org/values/8-311-206-1>		<http://ids.clld.org/parameters/8-311>		<http://ids.clld.org/values/8-311-293-1>		"iʔ-hɨɨ (hɨ- ?)"@ram	
"pˀarel"@hy-x-east2283	<http://ids.clld.org/values/10-440-206-1>		<http://ids.clld.org/parameters/10-440>		<http://ids.clld.org/values/10-440-293-1>		"hakrun (?)"@ram	
"m[ə]rčyun"@hy-x-west2348	<http://ids.clld.org/values/3-817-207-1>		<http://ids.clld.org/parameters/3-817>		<http://ids.clld.org/values/3-817-293-1>		"ahc̷un- (aʔc̷un- ?)"@ram	
"kʰaylel"@hy-x-east2283	<http://ids.clld.org/values/10-450-206-1>		<http://ids.clld.org/parameters/10-450>		<http://ids.clld.org/values/10-450-293-1>		"mõ"@ram	
"aɣeɣ"@hy-x-east2283	<http://ids.clld.org/values/20-240-206-1>		<http://ids.clld.org/parameters/20-240>		<http://ids.clld.org/values/20-240-293-1>		"kuuhe"@ram	
"z[ə]kˀ[ə]r̃tˀal"@hy-x-east2283	<http://ids.clld.org/values/4-521-206-1>		<http://ids.clld.org/parameters/4-521>		<http://ids.clld.org/values/4-521-293-1>		"hɛk"@ram	
"kit"@hy-x-west2348	<http://ids.clld.org/values/4-230-207-1>		<http://ids.clld.org/parameters/4-230>		<http://ids.clld.org/values/4-230-293-1>		"-yĩyakʰrɛ"@ram	
"tež"@hy-x-west2348	<http://ids.clld.org/values/15-850-207-3>		<http://ids.clld.org/parameters/15-850>		<http://ids.clld.org/values/15-850-293-1>		"kakrɔ"@ram	
"xošor"@hy-x-west2348	<http://ids.clld.org/values/12-550-207-3>		<http://ids.clld.org/parameters/12-550>		<http://ids.clld.org/values/12-550-293-1>		"ti-"@ram	
"keš"@hy-x-west2348	<http://ids.clld.org/values/16-720-207-1>		<http://ids.clld.org/parameters/16-720>		<http://ids.clld.org/values/16-720-293-1>		"iʔkʰɛn"@ram	
"miayn (tʰe)"@hy-x-east2283	<http://ids.clld.org/values/13-330-206-3>		<http://ids.clld.org/parameters/13-330>		<http://ids.clld.org/values/13-330-293-3>		"kamã"@ram	
"miayn (tʰe)"@hy-x-east2283	<http://ids.clld.org/values/13-330-206-3>		<http://ids.clld.org/parameters/13-330>		<http://ids.clld.org/values/13-330-293-1>		"pit"@ram	
"pok[ə]r"@hy-x-west2348	<http://ids.clld.org/values/12-560-207-3>		<http://ids.clld.org/parameters/12-560>		<http://ids.clld.org/values/12-560-293-3>		"lɛ"@ram	
"pok[ə]r"@hy-x-west2348	<http://ids.clld.org/values/12-560-207-3>		<http://ids.clld.org/parameters/12-560>		<http://ids.clld.org/values/12-560-293-1>		"ĩn-krirɛ"@ram	
"kar"@hy-x-west2348	<http://ids.clld.org/values/1-440-207-1>		<http://ids.clld.org/parameters/1-440>		<http://ids.clld.org/values/1-440-293-1>		"kʰɛn"@ram	
"amen"@hy-x-east2283	<http://ids.clld.org/values/13-140-206-1>		<http://ids.clld.org/parameters/13-140>		<http://ids.clld.org/values/13-140-293-1>		"tu-"@ram	
"vodk"@hy-x-west2348	<http://ids.clld.org/values/4-370-207-1>		<http://ids.clld.org/parameters/4-370>		<http://ids.clld.org/values/4-370-293-1>		"ii-par"@ram	
"c̷ub"@hy-x-west2348	<http://ids.clld.org/values/19-250-207-3>		<http://ids.clld.org/parameters/19-250>		<http://ids.clld.org/values/19-250-293-1>		"kʰo-"@ram	
"meg"@hy-x-west2348	<http://ids.clld.org/values/13-10-207-1>		<http://ids.clld.org/parameters/13-10>		<http://ids.clld.org/values/13-10-293-1>		"pɨc̷it"@ram	
"m[ə]rǰyun"@hy-x-east2283	<http://ids.clld.org/values/3-817-206-1>		<http://ids.clld.org/parameters/3-817>		<http://ids.clld.org/values/3-817-293-1>		"ahc̷un- (aʔc̷un- ?)"@ram	
"tˀ[ə]kˀar"@hy-x-east2283	<http://ids.clld.org/values/4-820-206-3>		<http://ids.clld.org/parameters/4-820>		<http://ids.clld.org/values/4-820-293-1>		"pɛk-"@ram	
"meɣ[ə]r"@hy-x-west2348	<http://ids.clld.org/values/5-840-207-1>		<http://ids.clld.org/parameters/5-840>		<http://ids.clld.org/values/5-840-293-1>		"pɛn"@ram	
"andar"@hy-x-west2348	<http://ids.clld.org/values/1-410-207-1>		<http://ids.clld.org/parameters/1-410>		<http://ids.clld.org/values/1-410-293-1>		"lam-"@ram	
"dak"@hy-x-west2348	<http://ids.clld.org/values/15-850-207-1>		<http://ids.clld.org/parameters/15-850>		<http://ids.clld.org/values/15-850-293-1>		"kakrɔ"@ram	
"l[ə]sel"@hy-x-west2348	<http://ids.clld.org/values/15-420-207-1>		<http://ids.clld.org/parameters/15-420>		<http://ids.clld.org/values/15-420-293-1>		"k mpa (?)"@ram	
"g[ə]nal"@hy-x-east2283	<http://ids.clld.org/values/10-470-206-1>		<http://ids.clld.org/parameters/10-470>		<http://ids.clld.org/values/10-470-293-1>		"mɔ̃"@ram	
"c̷ˀux"@hy-x-east2283	<http://ids.clld.org/values/1-830-206-1>		<http://ids.clld.org/parameters/1-830>		<http://ids.clld.org/values/1-830-293-1>		"iʔ-kʰũm"@ram	
"kˀonkʰ"@hy-x-east2283	<http://ids.clld.org/values/4-463-206-1>		<http://ids.clld.org/parameters/4-463>		<http://ids.clld.org/values/4-463-293-1>		"hɔ̃"@ram	
"[ə]šdab"@hy-x-west2348	<http://ids.clld.org/values/14-210-207-5>		<http://ids.clld.org/parameters/14-210>		<http://ids.clld.org/values/14-210-293-1>		"kɨt-"@ram	
"yerkˀar"@hy-x-east2283	<http://ids.clld.org/values/12-570-206-1>		<http://ids.clld.org/parameters/12-570>		<http://ids.clld.org/values/12-570-293-1>		"i-rɨɨ"@ram	
"p[ə]čel"@hy-x-west2348	<http://ids.clld.org/values/10-380-207-1>		<http://ids.clld.org/parameters/10-380>		<http://ids.clld.org/values/10-380-293-1>		"hakkoo"@ram	
"hetˀuykʰ"@hy-x-east2283	<http://ids.clld.org/values/4-464-206-1>		<http://ids.clld.org/parameters/4-464>		<http://ids.clld.org/values/4-464-293-1>		"ayɔ"@ram	
"z[ə]vartʰ"@hy-x-east2283	<http://ids.clld.org/values/16-230-206-3>		<http://ids.clld.org/parameters/16-230>		<http://ids.clld.org/values/16-230-293-1>		"hakʰrɨ"@ram	
"dun"@hy-x-west2348	<http://ids.clld.org/values/7-120-207-1>		<http://ids.clld.org/parameters/7-120>		<http://ids.clld.org/values/7-120-293-1>		"ii-kʰrɛ"@ram	
"pʰoši"@hy-x-east2283	<http://ids.clld.org/values/1-213-206-1>		<http://ids.clld.org/parameters/1-213>		<http://ids.clld.org/values/1-213-293-1>		"pye yakro"@ram	
"zavag"@hy-x-west2348	<http://ids.clld.org/values/2-270-207-3>		<http://ids.clld.org/parameters/2-270>		<http://ids.clld.org/values/2-270-293-1>		"aʔ-kʰra-rɛ"@ram	
"atˀam"@hy-x-east2283	<http://ids.clld.org/values/4-270-206-1>		<http://ids.clld.org/parameters/4-270>		<http://ids.clld.org/values/4-270-293-1>		"ii-c̷wa"@ram	
"šaviɣ"@hy-x-east2283	<http://ids.clld.org/values/10-720-206-3>		<http://ids.clld.org/parameters/10-720>		<http://ids.clld.org/values/10-720-293-1>		"prɨɨ"@ram	
"miayn (te)"@hy-x-west2348	<http://ids.clld.org/values/13-330-207-3>		<http://ids.clld.org/parameters/13-330>		<http://ids.clld.org/values/13-330-293-3>		"kamã"@ram	
"miayn (te)"@hy-x-west2348	<http://ids.clld.org/values/13-330-207-3>		<http://ids.clld.org/parameters/13-330>		<http://ids.clld.org/values/13-330-293-1>		"pit"@ram	
"čˀarpˀ"@hy-x-east2283	<http://ids.clld.org/values/5-791-206-1>		<http://ids.clld.org/parameters/5-791>		<http://ids.clld.org/values/5-791-293-1>		"iʔ-twɨm"@ram	
"lyart"@hy-x-west2348	<http://ids.clld.org/values/4-450-207-1>		<http://ids.clld.org/parameters/4-450>		<http://ids.clld.org/values/4-450-293-1>		"ii-pa"@ram	
"c̷ax (goɣm)"@hy-x-west2348	<http://ids.clld.org/values/12-420-207-1>		<http://ids.clld.org/parameters/12-420>		<http://ids.clld.org/values/12-420-293-1>		"aw-kʰɛ"@ram	
"čur"@hy-x-west2348	<http://ids.clld.org/values/1-310-207-1>		<http://ids.clld.org/parameters/1-310>		<http://ids.clld.org/values/1-310-293-1>		"ko"@ram	
"beran"@hy-x-east2283	<http://ids.clld.org/values/4-240-206-1>		<http://ids.clld.org/parameters/4-240>		<http://ids.clld.org/values/4-240-293-1>		"-yarkʰwa"@ram	
"gad͜zan"@hy-x-west2348	<http://ids.clld.org/values/10-720-207-5>		<http://ids.clld.org/parameters/10-720>		<http://ids.clld.org/values/10-720-293-1>		"prɨɨ"@ram	
"d͜zaɣig"@hy-x-west2348	<http://ids.clld.org/values/8-570-207-1>		<http://ids.clld.org/parameters/8-570>		<http://ids.clld.org/values/8-570-293-1>		"ii-rə̃"@ram	
"kednax[ə]nc̷or"@hy-x-west2348	<http://ids.clld.org/values/5-700-207-1>		<http://ids.clld.org/parameters/5-700>		<http://ids.clld.org/values/5-700-293-1>		"yat (yɛt ?)"@ram	
"kˀ[ə]zakˀ"@hy-x-east2283	<http://ids.clld.org/values/4-209-206-1>		<http://ids.clld.org/parameters/4-209>		<http://ids.clld.org/values/4-209-293-1>		"hamã"@ram	
"dar̃ə"@hy-x-east2283	<http://ids.clld.org/values/15-370-206-1>		<http://ids.clld.org/parameters/15-370>		<http://ids.clld.org/values/15-370-293-1>		"-c̷ə-"@ram	
"dar̃ə"@hy-x-east2283	<http://ids.clld.org/values/15-370-206-1>		<http://ids.clld.org/parameters/15-370>		<http://ids.clld.org/values/15-370-293-3>		"hə"@ram	
"kʰar"@hy-x-east2283	<http://ids.clld.org/values/1-440-206-1>		<http://ids.clld.org/parameters/1-440>		<http://ids.clld.org/values/1-440-293-1>		"kʰɛn"@ram	
"apˀrel"@hy-x-east2283	<http://ids.clld.org/values/7-110-206-3>		<http://ids.clld.org/parameters/7-110>		<http://ids.clld.org/values/7-110-293-1>		"kʰrĩ"@ram	
"voronel"@hy-x-east2283	<http://ids.clld.org/values/11-310-206-3>		<http://ids.clld.org/parameters/11-310>		<http://ids.clld.org/values/11-310-293-1>		"lɨ̃t"@ram	
"kaɣel"@hy-x-west2348	<http://ids.clld.org/values/12-212-207-1>		<http://ids.clld.org/parameters/12-212>		<http://ids.clld.org/values/12-212-293-1>		"pɨ"@ram	
"nor"@hy-x-west2348	<http://ids.clld.org/values/14-130-207-1>		<http://ids.clld.org/parameters/14-130>		<http://ids.clld.org/values/14-130-293-1>		"-tuwa"@ram	
"kʰaɣel"@hy-x-east2283	<http://ids.clld.org/values/12-212-206-1>		<http://ids.clld.org/parameters/12-212>		<http://ids.clld.org/values/12-212-293-1>		"pɨ"@ram	
"an"@hy-x-west2348	<http://ids.clld.org/values/2-930-207-1>		<http://ids.clld.org/parameters/2-930>		<http://ids.clld.org/values/2-930-293-1>		"tamə̃"@ram	
"kʰami"@hy-x-east2283	<http://ids.clld.org/values/1-720-206-1>		<http://ids.clld.org/parameters/1-720>		<http://ids.clld.org/values/1-720-293-1>		"kʰook"@ram	
"voronel"@hy-x-west2348	<http://ids.clld.org/values/11-310-207-3>		<http://ids.clld.org/parameters/11-310>		<http://ids.clld.org/values/11-310-293-1>		"lɨ̃t"@ram	
"hayr"@hy-x-west2348	<http://ids.clld.org/values/2-350-207-1>		<http://ids.clld.org/parameters/2-350>		<http://ids.clld.org/values/2-350-293-1>		"-pãm"@ram	
"hayr"@hy-x-west2348	<http://ids.clld.org/values/2-350-207-1>		<http://ids.clld.org/parameters/2-350>		<http://ids.clld.org/values/2-350-293-3>		"c̷ũ"@ram	
"ǰarb"@hy-x-west2348	<http://ids.clld.org/values/5-791-207-1>		<http://ids.clld.org/parameters/5-791>		<http://ids.clld.org/values/5-791-293-1>		"iʔ-twɨm"@ram	
"ardu"@hy-x-west2348	<http://ids.clld.org/values/14-440-207-3>		<http://ids.clld.org/parameters/14-440>		<http://ids.clld.org/values/14-440-293-1>		"apɛ̃"@ram	
"titernig"@hy-x-west2348	<http://ids.clld.org/values/3-920-207-1>		<http://ids.clld.org/parameters/3-920>		<http://ids.clld.org/values/3-920-293-1>		"wɛwɛ-"@ram	
"c̷ʰupˀ"@hy-x-east2283	<http://ids.clld.org/values/19-250-206-3>		<http://ids.clld.org/parameters/19-250>		<http://ids.clld.org/values/19-250-293-1>		"kʰo-"@ram	
"deɣ"@hy-x-west2348	<http://ids.clld.org/values/12-110-207-1>		<http://ids.clld.org/parameters/12-110>		<http://ids.clld.org/values/12-110-293-1>		"-li-"@ram	
"lec̷un"@hy-x-west2348	<http://ids.clld.org/values/13-210-207-1>		<http://ids.clld.org/parameters/13-210>		<http://ids.clld.org/values/13-210-293-1>		"yic̷u"@ram	
"n[ə]sdil"@hy-x-west2348	<http://ids.clld.org/values/12-130-207-1>		<http://ids.clld.org/parameters/12-130>		<http://ids.clld.org/values/12-130-293-1>		"yə̃ (yɨ̃ ?)"@ram	
"agra"@hy-x-west2348	<http://ids.clld.org/values/4-270-207-1>		<http://ids.clld.org/parameters/4-270>		<http://ids.clld.org/values/4-270-293-1>		"ii-c̷wa"@ram	
"voɣǰ"@hy-x-east2283	<http://ids.clld.org/values/4-740-206-3>		<http://ids.clld.org/parameters/4-740>		<http://ids.clld.org/values/4-740-293-1>		"tĩ"@ram	
"vord"@hy-x-east2283	<http://ids.clld.org/values/3-840-206-1>		<http://ids.clld.org/parameters/3-840>		<http://ids.clld.org/values/3-840-293-1>		"hɔɔc̷ã"@ram	
"kˀrakˀ"@hy-x-east2283	<http://ids.clld.org/values/1-810-206-1>		<http://ids.clld.org/parameters/1-810>		<http://ids.clld.org/values/1-810-293-1>		"kuhɨ"@ram	
"čor xod"@hy-x-west2348	<http://ids.clld.org/values/8-520-207-1>		<http://ids.clld.org/parameters/8-520>		<http://ids.clld.org/values/8-520-293-1>		"po-"@ram	
"akˀ"@hy-x-east2283	<http://ids.clld.org/values/1-370-206-3>		<http://ids.clld.org/parameters/1-370>		<http://ids.clld.org/values/1-370-293-1>		"kʰwa"@ram	
"ǰermag"@hy-x-west2348	<http://ids.clld.org/values/15-640-207-1>		<http://ids.clld.org/parameters/15-640>		<http://ids.clld.org/values/15-640-293-1>		"hakkʰa"@ram	
"ǰermag"@hy-x-west2348	<http://ids.clld.org/values/15-640-207-1>		<http://ids.clld.org/parameters/15-640>		<http://ids.clld.org/values/15-640-293-3>		"yakʰaa"@ram	
"tʰel"@hy-x-east2283	<http://ids.clld.org/values/6-380-206-3>		<http://ids.clld.org/parameters/6-380>		<http://ids.clld.org/values/6-380-293-1>		"he-"@ram	
"tʰel"@hy-x-east2283	<http://ids.clld.org/values/6-380-206-3>		<http://ids.clld.org/parameters/6-380>		<http://ids.clld.org/values/6-380-293-3>		"-c̷e- (?)"@ram	
"xonav"@hy-x-east2283	<http://ids.clld.org/values/15-830-206-3>		<http://ids.clld.org/parameters/15-830>		<http://ids.clld.org/values/15-830-293-1>		"mrɔ̃ (?)"@ram	
"d͜zur"@hy-x-west2348	<http://ids.clld.org/values/12-740-207-1>		<http://ids.clld.org/parameters/12-740>		<http://ids.clld.org/values/12-740-293-1>		"yakɔt"@ram	
"loɣal"@hy-x-east2283	<http://ids.clld.org/values/10-350-206-1>		<http://ids.clld.org/parameters/10-350>		<http://ids.clld.org/values/10-350-293-1>		"ree"@ram	
"loɣal"@hy-x-east2283	<http://ids.clld.org/values/10-350-206-1>		<http://ids.clld.org/parameters/10-350>		<http://ids.clld.org/values/10-350-293-3>		"c̷wa"@ram	
"hardac̷ˀac̷ˀkˀ kˀ[ə]tˀur"@hy-x-east2283	<http://ids.clld.org/values/7-520-206-1>		<http://ids.clld.org/parameters/7-520>		<http://ids.clld.org/values/7-520-293-1>		"po"@ram	
"t[ə]rčun"@hy-x-west2348	<http://ids.clld.org/values/3-581-207-1>		<http://ids.clld.org/parameters/3-581>		<http://ids.clld.org/values/3-581-293-1>		"kɛ̃"@ram	
"gišer"@hy-x-east2283	<http://ids.clld.org/values/14-420-206-1>		<http://ids.clld.org/parameters/14-420>		<http://ids.clld.org/values/14-420-293-1>		"kac̷wa"@ram	
"gaberd"@hy-x-west2348	<http://ids.clld.org/values/9-770-207-3>		<http://ids.clld.org/parameters/9-770>		<http://ids.clld.org/values/9-770-293-1>		"kohpip (koʔpip ?)"@ram	
"gyank"@hy-x-west2348	<http://ids.clld.org/values/4-740-207-5>		<http://ids.clld.org/parameters/4-740>		<http://ids.clld.org/values/4-740-293-1>		"tĩ"@ram	
"ž[ə]xdagan"@hy-x-west2348	<http://ids.clld.org/values/17-560-207-3>		<http://ids.clld.org/parameters/17-560>		<http://ids.clld.org/values/17-560-293-1>		"ke-"@ram	
"x[ə]sir"@hy-x-east2283	<http://ids.clld.org/values/9-770-206-1>		<http://ids.clld.org/parameters/9-770>		<http://ids.clld.org/values/9-770-293-1>		"kohpip (koʔpip ?)"@ram	
"c̷unkˀ"@hy-x-east2283	<http://ids.clld.org/values/4-360-206-1>		<http://ids.clld.org/parameters/4-360>		<http://ids.clld.org/values/4-360-293-1>		"ii-kʰõn"@ram	
"na"@hy-x-east2283	<http://ids.clld.org/values/2-930-206-1>		<http://ids.clld.org/parameters/2-930>		<http://ids.clld.org/values/2-930-293-1>		"tamə̃"@ram	
"votˀkʰ"@hy-x-east2283	<http://ids.clld.org/values/4-370-206-1>		<http://ids.clld.org/parameters/4-370>		<http://ids.clld.org/values/4-370-293-1>		"ii-par"@ram	
"xonav"@hy-x-west2348	<http://ids.clld.org/values/15-830-207-3>		<http://ids.clld.org/parameters/15-830>		<http://ids.clld.org/values/15-830-293-1>		"mrɔ̃ (?)"@ram	
"ayrel"@hy-x-west2348	<http://ids.clld.org/values/1-851-207-1>		<http://ids.clld.org/parameters/1-851>		<http://ids.clld.org/values/1-851-293-1>		"ka-c̷ər"@ram	
"tʰitʰer̃(nikˀ)"@hy-x-east2283	<http://ids.clld.org/values/3-920-206-1>		<http://ids.clld.org/parameters/3-920>		<http://ids.clld.org/values/3-920-293-1>		"wɛwɛ-"@ram	
"d͜z[ə]xaxod"@hy-x-west2348	<http://ids.clld.org/values/8-680-207-1>		<http://ids.clld.org/parameters/8-680>		<http://ids.clld.org/values/8-680-293-1>		"parho"@ram	
"c̷ʰurtˀ"@hy-x-east2283	<http://ids.clld.org/values/15-860-206-5>		<http://ids.clld.org/parameters/15-860>		<http://ids.clld.org/values/15-860-293-1>		"kʰrɨ"@ram	
"nor"@hy-x-east2283	<http://ids.clld.org/values/14-130-206-1>		<http://ids.clld.org/parameters/14-130>		<http://ids.clld.org/values/14-130-293-1>		"-tuwa"@ram	
"tˀun"@hy-x-east2283	<http://ids.clld.org/values/7-120-206-1>		<http://ids.clld.org/parameters/7-120>		<http://ids.clld.org/values/7-120-293-1>		"ii-kʰrɛ"@ram	
"kˀrakˀaran"@hy-x-east2283	<http://ids.clld.org/values/7-310-206-1>		<http://ids.clld.org/parameters/7-310>		<http://ids.clld.org/values/7-310-293-1>		"kiz (?)"@ram	
"tʰev"@hy-x-east2283	<http://ids.clld.org/values/4-310-206-1>		<http://ids.clld.org/parameters/4-310>		<http://ids.clld.org/values/4-310-293-1>		"pa"@ram	
"od͜z"@hy-x-east2283	<http://ids.clld.org/values/3-850-206-1>		<http://ids.clld.org/parameters/3-850>		<http://ids.clld.org/values/3-850-293-3>		"pat"@ram	
"od͜z"@hy-x-east2283	<http://ids.clld.org/values/3-850-206-1>		<http://ids.clld.org/parameters/3-850>		<http://ids.clld.org/values/3-850-293-1>		"kaaŋə"@ram	
"kavazan"@hy-x-west2348	<http://ids.clld.org/values/19-250-207-1>		<http://ids.clld.org/parameters/19-250>		<http://ids.clld.org/values/19-250-293-1>		"kʰo-"@ram	
"c̷ˀer"@hy-x-east2283	<http://ids.clld.org/values/14-150-206-1>		<http://ids.clld.org/parameters/14-150>		<http://ids.clld.org/values/14-150-293-1>		"tũm"@ram	
"mux"@hy-x-west2348	<http://ids.clld.org/values/1-830-207-3>		<http://ids.clld.org/parameters/1-830>		<http://ids.clld.org/values/1-830-293-1>		"iʔ-kʰũm"@ram	
"tˀ[ə]ɣamard"@hy-x-east2283	<http://ids.clld.org/values/2-210-206-1>		<http://ids.clld.org/parameters/2-210>		<http://ids.clld.org/values/2-210-293-1>		"hũm"@ram	
"yeɣǰeru"@hy-x-east2283	<http://ids.clld.org/values/3-750-206-3>		<http://ids.clld.org/parameters/3-750>		<http://ids.clld.org/values/3-750-293-1>		"pɔ"@ram	
"yeɣǰeru"@hy-x-east2283	<http://ids.clld.org/values/3-750-206-3>		<http://ids.clld.org/parameters/3-750>		<http://ids.clld.org/values/3-750-293-3>		"kaarə"@ram	
"bargil"@hy-x-west2348	<http://ids.clld.org/values/12-140-207-1>		<http://ids.clld.org/parameters/12-140>		<http://ids.clld.org/values/12-140-293-1>		"nɔ̃"@ram	
"hor"@hy-x-east2283	<http://ids.clld.org/values/1-370-206-7>		<http://ids.clld.org/parameters/1-370>		<http://ids.clld.org/values/1-370-293-1>		"kʰwa"@ram	
"kˀ[ə]c̷ˀel"@hy-x-east2283	<http://ids.clld.org/values/4-580-206-1>		<http://ids.clld.org/parameters/4-580>		<http://ids.clld.org/values/4-580-293-1>		"-ku-c̷a"@ram	
"unkˀ[ə]ndrel"@hy-x-east2283	<http://ids.clld.org/values/15-420-206-3>		<http://ids.clld.org/parameters/15-420>		<http://ids.clld.org/values/15-420-293-1>		"k mpa (?)"@ram	
"šun"@hy-x-east2283	<http://ids.clld.org/values/3-610-206-1>		<http://ids.clld.org/parameters/3-610>		<http://ids.clld.org/values/3-610-293-1>		"rɔp"@ram	
"d͜zar"@hy-x-west2348	<http://ids.clld.org/values/8-600-207-1>		<http://ids.clld.org/parameters/8-600>		<http://ids.clld.org/values/8-600-293-1>		"pĩĩ"@ram	
"s[ə]tˀel"@hy-x-east2283	<http://ids.clld.org/values/16-670-206-5>		<http://ids.clld.org/parameters/16-670>		<http://ids.clld.org/values/16-670-293-1>		"nõ"@ram	
"z[ə]g[ə]rdal"@hy-x-west2348	<http://ids.clld.org/values/4-521-207-1>		<http://ids.clld.org/parameters/4-521>		<http://ids.clld.org/values/4-521-293-1>		"hɛk"@ram	
"yes"@hy-x-west2348	<http://ids.clld.org/values/2-910-207-1>		<http://ids.clld.org/parameters/2-910>		<http://ids.clld.org/values/2-910-293-3>		"wa"@ram	
"yes"@hy-x-west2348	<http://ids.clld.org/values/2-910-207-1>		<http://ids.clld.org/parameters/2-910>		<http://ids.clld.org/values/2-910-293-1>		"pa"@ram	
"mak[ə]lc̷il"@hy-x-west2348	<http://ids.clld.org/values/10-472-207-1>		<http://ids.clld.org/parameters/10-472>		<http://ids.clld.org/values/10-472-293-1>		"pi-"@ram	
"tašd"@hy-x-west2348	<http://ids.clld.org/values/8-120-207-1>		<http://ids.clld.org/parameters/8-120>		<http://ids.clld.org/values/8-120-293-1>		"pur"@ram	
"gin"@hy-x-west2348	<http://ids.clld.org/values/2-320-207-1>		<http://ids.clld.org/parameters/2-320>		<http://ids.clld.org/values/2-320-293-1>		"ĩĩ-prõ"@ram	
"harvad͜zel"@hy-x-west2348	<http://ids.clld.org/values/9-210-207-3>		<http://ids.clld.org/parameters/9-210>		<http://ids.clld.org/values/9-210-293-1>		"kʰrɔ̃k"@ram	
"viz"@hy-x-east2283	<http://ids.clld.org/values/4-280-206-1>		<http://ids.clld.org/parameters/4-280>		<http://ids.clld.org/values/4-280-293-1>		"ii-put"@ram	
"d͜zukˀ"@hy-x-east2283	<http://ids.clld.org/values/3-650-206-1>		<http://ids.clld.org/parameters/3-650>		<http://ids.clld.org/values/3-650-293-3>		"krən-"@ram	
"d͜zukˀ"@hy-x-east2283	<http://ids.clld.org/values/3-650-206-1>		<http://ids.clld.org/parameters/3-650>		<http://ids.clld.org/values/3-650-293-1>		"tɛp"@ram	
"kʰ[ə]nel"@hy-x-east2283	<http://ids.clld.org/values/4-610-206-1>		<http://ids.clld.org/parameters/4-610>		<http://ids.clld.org/values/4-610-293-1>		"-ŋõr (ŋɔ̃r ?)"@ram	
"kʰuyr"@hy-x-east2283	<http://ids.clld.org/values/2-450-206-1>		<http://ids.clld.org/parameters/2-450>		<http://ids.clld.org/values/2-450-293-1>		"tɔ̃y-"@ram	
"(d͜zari) geɣev"@hy-x-west2348	<http://ids.clld.org/values/8-750-207-1>		<http://ids.clld.org/parameters/8-750>		<http://ids.clld.org/values/8-750-293-1>		"ii-kʰə"@ram	
"əntarc̷ag"@hy-x-west2348	<http://ids.clld.org/values/12-610-207-3>		<http://ids.clld.org/parameters/12-610>		<http://ids.clld.org/values/12-610-293-1>		"iʔ-pɔ"@ram	
"aɣbyur"@hy-x-east2283	<http://ids.clld.org/values/1-370-206-1>		<http://ids.clld.org/parameters/1-370>		<http://ids.clld.org/values/1-370-293-1>		"kʰwa"@ram	
"z[ə]vart"@hy-x-west2348	<http://ids.clld.org/values/16-230-207-3>		<http://ids.clld.org/parameters/16-230>		<http://ids.clld.org/values/16-230-293-1>		"hakʰrɨ"@ram	
"tʰuyl"@hy-x-east2283	<http://ids.clld.org/values/4-820-206-1>		<http://ids.clld.org/parameters/4-820>		<http://ids.clld.org/values/4-820-293-1>		"pɛk-"@ram	
"stˀamokʰs"@hy-x-east2283	<http://ids.clld.org/values/4-460-206-1>		<http://ids.clld.org/parameters/4-460>		<http://ids.clld.org/values/4-460-293-1>		"ii-tu"@ram	
"aryun"@hy-x-east2283	<http://ids.clld.org/values/4-150-206-1>		<http://ids.clld.org/parameters/4-150>		<http://ids.clld.org/values/4-150-293-1>		"ii-kaproo"@ram	
"ung[ə]ntrel"@hy-x-west2348	<http://ids.clld.org/values/15-420-207-3>		<http://ids.clld.org/parameters/15-420>		<http://ids.clld.org/values/15-420-293-1>		"k mpa (?)"@ram	
"xod"@hy-x-west2348	<http://ids.clld.org/values/8-510-207-1>		<http://ids.clld.org/parameters/8-510>		<http://ids.clld.org/values/8-510-293-1>		"aʔ-tuu"@ram	
"spˀitˀakˀ"@hy-x-east2283	<http://ids.clld.org/values/15-640-206-1>		<http://ids.clld.org/parameters/15-640>		<http://ids.clld.org/values/15-640-293-1>		"hakkʰa"@ram	
"spˀitˀakˀ"@hy-x-east2283	<http://ids.clld.org/values/15-640-206-1>		<http://ids.clld.org/parameters/15-640>		<http://ids.clld.org/values/15-640-293-3>		"yakʰaa"@ram	
"polor"@hy-x-west2348	<http://ids.clld.org/values/13-140-207-3>		<http://ids.clld.org/parameters/13-140>		<http://ids.clld.org/values/13-140-293-1>		"tu-"@ram	
"kˀartˀofil"@hy-x-east2283	<http://ids.clld.org/values/5-700-206-3>		<http://ids.clld.org/parameters/5-700>		<http://ids.clld.org/values/5-700-293-1>		"yat (yɛt ?)"@ram	
"ayrel"@hy-x-east2283	<http://ids.clld.org/values/1-851-206-1>		<http://ids.clld.org/parameters/1-851>		<http://ids.clld.org/values/1-851-293-1>		"ka-c̷ər"@ram	
"voskˀor̃"@hy-x-east2283	<http://ids.clld.org/values/4-160-206-1>		<http://ids.clld.org/parameters/4-160>		<http://ids.clld.org/values/4-160-293-1>		"-hi"@ram	
"yeɣnig"@hy-x-west2348	<http://ids.clld.org/values/3-750-207-1>		<http://ids.clld.org/parameters/3-750>		<http://ids.clld.org/values/3-750-293-1>		"pɔ"@ram	
"yeɣnig"@hy-x-west2348	<http://ids.clld.org/values/3-750-207-1>		<http://ids.clld.org/parameters/3-750>		<http://ids.clld.org/values/3-750-293-3>		"kaarə"@ram	
"leɣi"@hy-x-east2283	<http://ids.clld.org/values/15-370-206-3>		<http://ids.clld.org/parameters/15-370>		<http://ids.clld.org/values/15-370-293-1>		"-c̷ə-"@ram	
"leɣi"@hy-x-east2283	<http://ids.clld.org/values/15-370-206-3>		<http://ids.clld.org/parameters/15-370>		<http://ids.clld.org/values/15-370-293-3>		"hə"@ram	
"gabig"@hy-x-west2348	<http://ids.clld.org/values/3-760-207-1>		<http://ids.clld.org/parameters/3-760>		<http://ids.clld.org/values/3-760-293-1>		"kukʰoy"@ram	
"lav"@hy-x-west2348	<http://ids.clld.org/values/16-710-207-1>		<http://ids.clld.org/parameters/16-710>		<http://ids.clld.org/values/16-710-293-1>		"-pɛy"@ram	
"šun"@hy-x-west2348	<http://ids.clld.org/values/3-610-207-1>		<http://ids.clld.org/parameters/3-610>		<http://ids.clld.org/values/3-610-293-1>		"rɔp"@ram	
"d͜zar"@hy-x-west2348	<http://ids.clld.org/values/1-420-207-1>		<http://ids.clld.org/parameters/1-420>		<http://ids.clld.org/values/1-420-293-1>		"pĩĩ"@ram	
"votˀkʰ"@hy-x-east2283	<http://ids.clld.org/values/4-350-206-3>		<http://ids.clld.org/parameters/4-350>		<http://ids.clld.org/values/4-350-293-1>		"ii-tɛ"@ram	
"čʰor xotˀ"@hy-x-east2283	<http://ids.clld.org/values/8-520-206-1>		<http://ids.clld.org/parameters/8-520>		<http://ids.clld.org/values/8-520-293-1>		"po-"@ram	
"mayr"@hy-x-east2283	<http://ids.clld.org/values/2-360-206-1>		<http://ids.clld.org/parameters/2-360>		<http://ids.clld.org/values/2-360-293-1>		"-nə̃ə̃"@ram	
"tˀesnel"@hy-x-east2283	<http://ids.clld.org/values/15-510-206-1>		<http://ids.clld.org/parameters/15-510>		<http://ids.clld.org/values/15-510-293-1>		"-hõm-pu"@ram	
"tˀesnel"@hy-x-east2283	<http://ids.clld.org/values/15-510-206-1>		<http://ids.clld.org/parameters/15-510>		<http://ids.clld.org/values/15-510-293-3>		"pu-pun"@ram	
"tˀal"@hy-x-east2283	<http://ids.clld.org/values/11-210-206-1>		<http://ids.clld.org/parameters/11-210>		<http://ids.clld.org/values/11-210-293-3>		"ŋɔ̃"@ram	
"tˀal"@hy-x-east2283	<http://ids.clld.org/values/11-210-206-1>		<http://ids.clld.org/parameters/11-210>		<http://ids.clld.org/values/11-210-293-1>		"c̷i-"@ram	
"and͜zrev"@hy-x-east2283	<http://ids.clld.org/values/1-750-206-1>		<http://ids.clld.org/parameters/1-750>		<http://ids.clld.org/values/1-750-293-1>		"taa (ta ?)"@ram	
"armatˀ"@hy-x-east2283	<http://ids.clld.org/values/8-540-206-1>		<http://ids.clld.org/parameters/8-540>		<http://ids.clld.org/values/8-540-293-1>		"haare"@ram	
"buxari"@hy-x-east2283	<http://ids.clld.org/values/7-310-206-5>		<http://ids.clld.org/parameters/7-310>		<http://ids.clld.org/values/7-310-293-1>		"kiz (?)"@ram	
"kʰitʰ"@hy-x-east2283	<http://ids.clld.org/values/4-230-206-1>		<http://ids.clld.org/parameters/4-230>		<http://ids.clld.org/values/4-230-293-1>		"-yĩyakʰrɛ"@ram	
"yerkˀinkʰ"@hy-x-east2283	<http://ids.clld.org/values/1-510-206-1>		<http://ids.clld.org/parameters/1-510>		<http://ids.clld.org/values/1-510-293-1>		"koykʰwa"@ram	
"pˀočʰ"@hy-x-east2283	<http://ids.clld.org/values/4-180-206-1>		<http://ids.clld.org/parameters/4-180>		<http://ids.clld.org/values/4-180-293-1>		"ha-ppɨ"@ram	
"du"@hy-x-east2283	<http://ids.clld.org/values/2-920-206-1>		<http://ids.clld.org/parameters/2-920>		<http://ids.clld.org/values/2-920-293-1>		"ka"@ram	
"l[ə]val"@hy-x-west2348	<http://ids.clld.org/values/9-360-207-1>		<http://ids.clld.org/parameters/9-360>		<http://ids.clld.org/values/9-360-293-1>		"kuʔhõ"@ram	
"l[ə]val"@hy-x-west2348	<http://ids.clld.org/values/9-360-207-1>		<http://ids.clld.org/parameters/9-360>		<http://ids.clld.org/values/9-360-293-3>		"kaʔhõ"@ram	
"mahakˀ"@hy-x-east2283	<http://ids.clld.org/values/20-220-206-1>		<http://ids.clld.org/parameters/20-220>		<http://ids.clld.org/values/20-220-293-1>		"kʰo"@ram	
"arev"@hy-x-west2348	<http://ids.clld.org/values/1-520-207-1>		<http://ids.clld.org/parameters/1-520>		<http://ids.clld.org/values/1-520-293-3>		"pɨtɨ"@ram	
"arev"@hy-x-west2348	<http://ids.clld.org/values/1-520-207-1>		<http://ids.clld.org/parameters/1-520>		<http://ids.clld.org/values/1-520-293-1>		"pɨt"@ram	
"ǰ[ə]raku"@hy-x-west2348	<http://ids.clld.org/values/5-791-207-3>		<http://ids.clld.org/parameters/5-791>		<http://ids.clld.org/values/5-791-293-1>		"iʔ-twɨm"@ram	
"tˀeɣ"@hy-x-east2283	<http://ids.clld.org/values/12-110-206-1>		<http://ids.clld.org/parameters/12-110>		<http://ids.clld.org/values/12-110-293-1>		"-li-"@ram	
"ǰ[ə]zmel"@hy-x-west2348	<http://ids.clld.org/values/9-343-207-1>		<http://ids.clld.org/parameters/9-343>		<http://ids.clld.org/values/9-343-293-1>		"ŋɛ̃n"@ram	
"voɣč"@hy-x-west2348	<http://ids.clld.org/values/4-740-207-3>		<http://ids.clld.org/parameters/4-740>		<http://ids.clld.org/values/4-740-293-1>		"tĩ"@ram	
"tuyl"@hy-x-west2348	<http://ids.clld.org/values/4-820-207-1>		<http://ids.clld.org/parameters/4-820>		<http://ids.clld.org/values/4-820-293-1>		"pɛk-"@ram	
"gor"@hy-x-west2348	<http://ids.clld.org/values/12-740-207-3>		<http://ids.clld.org/parameters/12-740>		<http://ids.clld.org/values/12-740-293-1>		"yakɔt"@ram	
"ačk"@hy-x-west2348	<http://ids.clld.org/values/4-210-207-1>		<http://ids.clld.org/parameters/4-210>		<http://ids.clld.org/values/4-210-293-1>		"ii-tɔ"@ram	
"kalel"@hy-x-west2348	<http://ids.clld.org/values/10-450-207-1>		<http://ids.clld.org/parameters/10-450>		<http://ids.clld.org/values/10-450-293-1>		"mõ"@ram	
"d͜zag"@hy-x-west2348	<http://ids.clld.org/values/12-850-207-1>		<http://ids.clld.org/parameters/12-850>		<http://ids.clld.org/values/12-850-293-1>		"kʰrɛ"@ram	
"əndard͜zakˀ"@hy-x-east2283	<http://ids.clld.org/values/12-610-206-3>		<http://ids.clld.org/parameters/12-610>		<http://ids.clld.org/values/12-610-293-1>		"iʔ-pɔ"@ram	
"hov"@hy-x-west2348	<http://ids.clld.org/values/1-720-207-1>		<http://ids.clld.org/parameters/1-720>		<http://ids.clld.org/values/1-720-293-1>		"kʰook"@ram	
"havgit"@hy-x-west2348	<http://ids.clld.org/values/5-970-207-1>		<http://ids.clld.org/parameters/5-970>		<http://ids.clld.org/values/5-970-293-1>		"in-krɛ"@ram	
"amusin"@hy-x-east2283	<http://ids.clld.org/values/2-310-206-1>		<http://ids.clld.org/parameters/2-310>		<http://ids.clld.org/values/2-310-293-1>		"ĩĩ-pyɛ"@ram	
"merad͜z"@hy-x-west2348	<http://ids.clld.org/values/4-750-207-3>		<http://ids.clld.org/parameters/4-750>		<http://ids.clld.org/values/4-750-293-1>		"tɨɨ- (tɨ ?)"@ram	
"kˀor"@hy-x-east2283	<http://ids.clld.org/values/12-740-206-3>		<http://ids.clld.org/parameters/12-740>		<http://ids.clld.org/values/12-740-293-1>		"yakɔt"@ram	
"c̷ˀec̷ˀel"@hy-x-east2283	<http://ids.clld.org/values/9-210-206-5>		<http://ids.clld.org/parameters/9-210>		<http://ids.clld.org/values/9-210-293-1>		"kʰrɔ̃k"@ram	
"yertal"@hy-x-west2348	<http://ids.clld.org/values/10-470-207-1>		<http://ids.clld.org/parameters/10-470>		<http://ids.clld.org/values/10-470-293-1>		"mɔ̃"@ram	
"t[ə]rčil"@hy-x-west2348	<http://ids.clld.org/values/10-370-207-1>		<http://ids.clld.org/parameters/10-370>		<http://ids.clld.org/values/10-370-293-1>		"tɛɛ"@ram	
"vočil"@hy-x-west2348	<http://ids.clld.org/values/3-811-207-1>		<http://ids.clld.org/parameters/3-811>		<http://ids.clld.org/values/3-811-293-1>		"ii-ko"@ram	
"med͜z"@hy-x-west2348	<http://ids.clld.org/values/12-550-207-1>		<http://ids.clld.org/parameters/12-550>		<http://ids.clld.org/values/12-550-293-1>		"ti-"@ram	
"əsdamoks"@hy-x-west2348	<http://ids.clld.org/values/4-460-207-1>		<http://ids.clld.org/parameters/4-460>		<http://ids.clld.org/values/4-460-293-1>		"ii-tu"@ram	
"mec̷ˀ"@hy-x-east2283	<http://ids.clld.org/values/12-550-206-1>		<http://ids.clld.org/parameters/12-550>		<http://ids.clld.org/values/12-550-293-1>		"ti-"@ram	
"menakˀ"@hy-x-east2283	<http://ids.clld.org/values/13-330-206-1>		<http://ids.clld.org/parameters/13-330>		<http://ids.clld.org/values/13-330-293-3>		"kamã"@ram	
"menakˀ"@hy-x-east2283	<http://ids.clld.org/values/13-330-206-1>		<http://ids.clld.org/parameters/13-330>		<http://ids.clld.org/values/13-330-293-1>		"pit"@ram	
"aɣeɣ"@hy-x-west2348	<http://ids.clld.org/values/20-240-207-1>		<http://ids.clld.org/parameters/20-240>		<http://ids.clld.org/values/20-240-293-1>		"kuuhe"@ram	
"dar̃nal"@hy-x-east2283	<http://ids.clld.org/values/10-130-206-5>		<http://ids.clld.org/parameters/10-130>		<http://ids.clld.org/values/10-130-293-1>		"ayrɔ̃"@ram	
"c̷urd"@hy-x-west2348	<http://ids.clld.org/values/15-860-207-3>		<http://ids.clld.org/parameters/15-860>		<http://ids.clld.org/values/15-860-293-1>		"kʰrɨ"@ram	
"heduyk"@hy-x-west2348	<http://ids.clld.org/values/4-464-207-1>		<http://ids.clld.org/parameters/4-464>		<http://ids.clld.org/values/4-464-293-1>		"ayɔ"@ram	
"tʰ[ə]r̃čʰel"@hy-x-east2283	<http://ids.clld.org/values/10-370-206-1>		<http://ids.clld.org/parameters/10-370>		<http://ids.clld.org/values/10-370-293-1>		"tɛɛ"@ram	
"xoz"@hy-x-west2348	<http://ids.clld.org/values/3-350-207-1>		<http://ids.clld.org/parameters/3-350>		<http://ids.clld.org/values/3-350-293-1>		"kʰro"@ram	
"lezu"@hy-x-west2348	<http://ids.clld.org/values/4-260-207-1>		<http://ids.clld.org/parameters/4-260>		<http://ids.clld.org/values/4-260-293-1>		"-yõʔtɔ"@ram	
"arev"@hy-x-east2283	<http://ids.clld.org/values/1-520-206-1>		<http://ids.clld.org/parameters/1-520>		<http://ids.clld.org/values/1-520-293-3>		"pɨtɨ"@ram	
"arev"@hy-x-east2283	<http://ids.clld.org/values/1-520-206-1>		<http://ids.clld.org/parameters/1-520>		<http://ids.clld.org/values/1-520-293-1>		"pɨt"@ram	
"yergar"@hy-x-west2348	<http://ids.clld.org/values/12-570-207-1>		<http://ids.clld.org/parameters/12-570>		<http://ids.clld.org/values/12-570-293-1>		"i-rɨɨ"@ram	
"astˀ[ə]ɣ"@hy-x-east2283	<http://ids.clld.org/values/1-540-206-1>		<http://ids.clld.org/parameters/1-540>		<http://ids.clld.org/values/1-540-293-1>		"kac̷ee-rɛ"@ram	
"čʰor"@hy-x-east2283	<http://ids.clld.org/values/15-840-206-1>		<http://ids.clld.org/parameters/15-840>		<http://ids.clld.org/values/15-840-293-1>		"krə"@ram	
"čʰor"@hy-x-east2283	<http://ids.clld.org/values/15-840-206-1>		<http://ids.clld.org/parameters/15-840>		<http://ids.clld.org/values/15-840-293-3>		"(kʰra ?)"@ram	
"anuš"@hy-x-east2283	<http://ids.clld.org/values/15-350-206-3>		<http://ids.clld.org/parameters/15-350>		<http://ids.clld.org/values/15-350-293-1>		"c̷o-"@ram	
"udel"@hy-x-west2348	<http://ids.clld.org/values/5-110-207-1>		<http://ids.clld.org/parameters/5-110>		<http://ids.clld.org/values/5-110-293-3>		"kʰuu"@ram	
"udel"@hy-x-west2348	<http://ids.clld.org/values/5-110-207-1>		<http://ids.clld.org/parameters/5-110>		<http://ids.clld.org/values/5-110-293-7>		"pa-"@ram	
"udel"@hy-x-west2348	<http://ids.clld.org/values/5-110-207-1>		<http://ids.clld.org/parameters/5-110>		<http://ids.clld.org/values/5-110-293-5>		"kukʰu-"@ram	
"udel"@hy-x-west2348	<http://ids.clld.org/values/5-110-207-1>		<http://ids.clld.org/parameters/5-110>		<http://ids.clld.org/values/5-110-293-1>		"-kʰrẽ"@ram	
"ǰur"@hy-x-east2283	<http://ids.clld.org/values/1-310-206-1>		<http://ids.clld.org/parameters/1-310>		<http://ids.clld.org/values/1-310-293-1>		"ko"@ram	
"g[ə]rtal"@hy-x-west2348	<http://ids.clld.org/values/4-521-207-3>		<http://ids.clld.org/parameters/4-521>		<http://ids.clld.org/values/4-521-293-1>		"hɛk"@ram	
"urax"@hy-x-west2348	<http://ids.clld.org/values/16-230-207-1>		<http://ids.clld.org/parameters/16-230>		<http://ids.clld.org/values/16-230-293-1>		"hakʰrɨ"@ram	
"č[ə]rhor"@hy-x-west2348	<http://ids.clld.org/values/1-370-207-5>		<http://ids.clld.org/parameters/1-370>		<http://ids.clld.org/values/1-370-293-1>		"kʰwa"@ram	
"li"@hy-x-east2283	<http://ids.clld.org/values/13-210-206-1>		<http://ids.clld.org/parameters/13-210>		<http://ids.clld.org/values/13-210-293-1>		"yic̷u"@ram	
"mag[ə]lc̷ʰel"@hy-x-east2283	<http://ids.clld.org/values/10-472-206-1>		<http://ids.clld.org/parameters/10-472>		<http://ids.clld.org/values/10-472-293-1>		"pi-"@ram	
"kˀokˀordilos"@hy-x-east2283	<http://ids.clld.org/values/3-970-206-1>		<http://ids.clld.org/parameters/3-970>		<http://ids.clld.org/values/3-970-293-1>		"mĩĩ (mɨ̃ ?)"@ram	
"kˀaši"@hy-x-east2283	<http://ids.clld.org/values/4-120-206-3>		<http://ids.clld.org/parameters/4-120>		<http://ids.clld.org/values/4-120-293-1>		"ii-kʰə (?)"@ram	
"aɣ"@hy-x-east2283	<http://ids.clld.org/values/5-810-206-1>		<http://ids.clld.org/parameters/5-810>		<http://ids.clld.org/values/5-810-293-1>		"kaac̷wa"@ram	
"šud"@hy-x-west2348	<http://ids.clld.org/values/14-210-207-3>		<http://ids.clld.org/parameters/14-210>		<http://ids.clld.org/values/14-210-293-1>		"kɨt-"@ram	
"c̷ʰoɣ"@hy-x-east2283	<http://ids.clld.org/values/1-640-206-1>		<http://ids.clld.org/parameters/1-640>		<http://ids.clld.org/values/1-640-293-1>		"atər-"@ram	
