"kˀ[ə]rtˀser yeɣbayr"@hy-x-east2283	<http://ids.clld.org/values/2-445-206-1>		<http://ids.clld.org/parameters/2-445>		<http://ids.clld.org/values/2-445-823-1>		"ceɛ.4"@scb-x-rucc1239	
"hord͜zankʰ"@hy-x-east2283	<http://ids.clld.org/values/1-362-206-1>		<http://ids.clld.org/parameters/1-362>		<http://ids.clld.org/values/1-362-823-1>		"da:k.3 thuəj.3"@scb-x-rucc1239	
"aɣčig"@hy-x-west2348	<http://ids.clld.org/values/2-260-207-1>		<http://ids.clld.org/parameters/2-260>		<http://ids.clld.org/values/2-260-823-1>		"puma:j.3"@scb-x-rucc1239	
"antunt"@hy-x-west2348	<http://ids.clld.org/values/1-222-207-3>		<http://ids.clld.org/parameters/1-222>		<http://ids.clld.org/values/1-222-823-1>		"kupə:ŋ.1"@scb-x-rucc1239	
"voč"@hy-x-west2348	<http://ids.clld.org/values/17-560-207-1>		<http://ids.clld.org/parameters/17-560>		<http://ids.clld.org/values/17-560-823-1>		"lata.3"@scb-x-rucc1239	
"zavakˀ"@hy-x-east2283	<http://ids.clld.org/values/2-270-206-3>		<http://ids.clld.org/parameters/2-270>		<http://ids.clld.org/values/2-270-823-1>		"kɔ:n.1"@scb-x-rucc1239	
"med͜z yeɣpayr"@hy-x-west2348	<http://ids.clld.org/values/2-444-207-3>		<http://ids.clld.org/parameters/2-444>		<http://ids.clld.org/values/2-444-823-1>		"məaŋ.4"@scb-x-rucc1239	
"pʰotʰorikˀ"@hy-x-east2283	<http://ids.clld.org/values/1-580-206-1>		<http://ids.clld.org/parameters/1-580>		<http://ids.clld.org/values/1-580-823-1>		"pa:w.4"@scb-x-rucc1239	
"yeɣpor aɣčig"@hy-x-west2348	<http://ids.clld.org/values/2-540-207-1>		<http://ids.clld.org/parameters/2-540>		<http://ids.clld.org/values/2-540-823-1>		"cw.3"@scb-x-rucc1239	
"skˀesrayr"@hy-x-east2283	<http://ids.clld.org/values/2-611-206-1>		<http://ids.clld.org/parameters/2-611>		<http://ids.clld.org/values/2-611-823-1>		"pɨ.4 maju:ń.3"@scb-x-rucc1239	
"ayr[ə]vel"@hy-x-east2283	<http://ids.clld.org/values/1-852-206-1>		<http://ids.clld.org/parameters/1-852>		<http://ids.clld.org/values/1-852-823-1>		"kɨcɔh.1"@scb-x-rucc1239	
"varel"@hy-x-west2348	<http://ids.clld.org/values/1-860-207-1>		<http://ids.clld.org/parameters/1-860>		<http://ids.clld.org/values/1-860-823-1>		"tu:c.3"@scb-x-rucc1239	
"var̃el"@hy-x-east2283	<http://ids.clld.org/values/1-860-206-1>		<http://ids.clld.org/parameters/1-860>		<http://ids.clld.org/values/1-860-823-1>		"tu:c.3"@scb-x-rucc1239	
"d͜zor"@hy-x-east2283	<http://ids.clld.org/values/1-240-206-3>		<http://ids.clld.org/parameters/1-240>		<http://ids.clld.org/values/1-240-823-1>		"ulu:ŋ.1"@scb-x-rucc1239	
"pʰaytˀ"@hy-x-east2283	<http://ids.clld.org/values/1-430-206-1>		<http://ids.clld.org/parameters/1-430>		<http://ids.clld.org/values/1-430-823-1>		"kəʌj.2"@scb-x-rucc1239	
"yergrakunt"@hy-x-west2348	<http://ids.clld.org/values/1-210-207-3>		<http://ids.clld.org/parameters/1-210>		<http://ids.clld.org/values/1-210-823-1>		"bə:n.3"@scb-x-rucc1239	
"andund"@hy-x-east2283	<http://ids.clld.org/values/1-222-206-3>		<http://ids.clld.org/parameters/1-222>		<http://ids.clld.org/values/1-222-823-1>		"kupə:ŋ.1"@scb-x-rucc1239	
"hosank"@hy-x-west2348	<http://ids.clld.org/values/1-360-207-3>		<http://ids.clld.org/parameters/1-360>		<http://ids.clld.org/values/1-360-823-1>		"ju:ŋ.4"@scb-x-rucc1239	
"hosank"@hy-x-west2348	<http://ids.clld.org/values/1-360-207-3>		<http://ids.clld.org/parameters/1-360>		<http://ids.clld.org/values/1-360-823-2>		"cərɔ:k.3"@scb-x-rucc1239	
"morakʰuyr"@hy-x-east2283	<http://ids.clld.org/values/2-521-206-1>		<http://ids.clld.org/parameters/2-521>		<http://ids.clld.org/values/2-521-823-1>		"na:j.1"@scb-x-rucc1239	
"morakʰuyr"@hy-x-east2283	<http://ids.clld.org/values/2-521-206-1>		<http://ids.clld.org/parameters/2-521>		<http://ids.clld.org/values/2-521-823-2>		"mɨ.4"@scb-x-rucc1239	
"vočʰ"@hy-x-east2283	<http://ids.clld.org/values/17-560-206-1>		<http://ids.clld.org/parameters/17-560>		<http://ids.clld.org/values/17-560-823-1>		"lata.3"@scb-x-rucc1239	
"h[ə]rgizel"@hy-x-west2348	<http://ids.clld.org/values/1-860-207-5>		<http://ids.clld.org/parameters/1-860>		<http://ids.clld.org/values/1-860-823-1>		"tu:c.3"@scb-x-rucc1239	
"amusnanal"@hy-x-west2348	<http://ids.clld.org/values/2-330-207-1>		<http://ids.clld.org/parameters/2-330>		<http://ids.clld.org/values/2-330-823-2>		"lj.4 maku:ń.3"@scb-x-rucc1239	
"amusnanal"@hy-x-west2348	<http://ids.clld.org/values/2-330-207-1>		<http://ids.clld.org/parameters/2-330>		<http://ids.clld.org/values/2-330-823-3>		"dɔ:ŋ.1"@scb-x-rucc1239	
"amusnanal"@hy-x-west2348	<http://ids.clld.org/values/2-330-207-1>		<http://ids.clld.org/parameters/2-330>		<http://ids.clld.org/values/2-330-823-1>		"lj.4 makj.3"@scb-x-rucc1239	
"morakuyr"@hy-x-west2348	<http://ids.clld.org/values/2-521-207-1>		<http://ids.clld.org/parameters/2-521>		<http://ids.clld.org/values/2-521-823-1>		"na:j.1"@scb-x-rucc1239	
"morakuyr"@hy-x-west2348	<http://ids.clld.org/values/2-521-207-1>		<http://ids.clld.org/parameters/2-521>		<http://ids.clld.org/values/2-521-823-2>		"mɨ.4"@scb-x-rucc1239	
"aɣpyur"@hy-x-west2348	<http://ids.clld.org/values/1-370-207-1>		<http://ids.clld.org/parameters/1-370>		<http://ids.clld.org/values/1-370-823-1>		"ru:k.4"@scb-x-rucc1239	
"kʰroǰ aɣǰikˀ"@hy-x-east2283	<http://ids.clld.org/values/2-540-206-3>		<http://ids.clld.org/parameters/2-540>		<http://ids.clld.org/values/2-540-823-1>		"cw.3"@scb-x-rucc1239	
"hov"@hy-x-east2283	<http://ids.clld.org/values/1-720-206-3>		<http://ids.clld.org/parameters/1-720>		<http://ids.clld.org/values/1-720-823-1>		"kajɔ.3"@scb-x-rucc1239	
"arakan ser̃"@hy-x-east2283	<http://ids.clld.org/values/2-230-206-3>		<http://ids.clld.org/parameters/2-230>		<http://ids.clld.org/values/2-230-823-1>		"tɨk.4"@scb-x-rucc1239	
"payd"@hy-x-west2348	<http://ids.clld.org/values/1-430-207-1>		<http://ids.clld.org/parameters/1-430>		<http://ids.clld.org/values/1-430-823-1>		"kəʌj.2"@scb-x-rucc1239	
"d͜ziad͜zan"@hy-x-west2348	<http://ids.clld.org/values/1-590-207-3>		<http://ids.clld.org/parameters/1-590>		<http://ids.clld.org/values/1-590-823-1>		"ro:ŋ.1"@scb-x-rucc1239	
"kˀin"@hy-x-east2283	<http://ids.clld.org/values/2-220-206-1>		<http://ids.clld.org/parameters/2-220>		<http://ids.clld.org/values/2-220-823-1>		"pukj.3"@scb-x-rucc1239	
"ǰ[ə]rhor"@hy-x-east2283	<http://ids.clld.org/values/1-370-206-5>		<http://ids.clld.org/parameters/1-370>		<http://ids.clld.org/values/1-370-823-1>		"ru:k.4"@scb-x-rucc1239	
"gesrayr"@hy-x-west2348	<http://ids.clld.org/values/2-611-207-1>		<http://ids.clld.org/parameters/2-611>		<http://ids.clld.org/values/2-611-823-1>		"pɨ.4 maju:ń.3"@scb-x-rucc1239	
"ayril"@hy-x-west2348	<http://ids.clld.org/values/1-852-207-1>		<http://ids.clld.org/parameters/1-852>		<http://ids.clld.org/values/1-852-823-1>		"kɨcɔh.1"@scb-x-rucc1239	
"kʰer̃i"@hy-x-east2283	<http://ids.clld.org/values/2-511-206-1>		<http://ids.clld.org/parameters/2-511>		<http://ids.clld.org/values/2-511-823-1>		"ta.1"@scb-x-rucc1239	
"kʰer̃i"@hy-x-east2283	<http://ids.clld.org/values/2-511-206-1>		<http://ids.clld.org/parameters/2-511>		<http://ids.clld.org/values/2-511-823-2>		"ta.1"@scb-x-rucc1239	
"kʰer̃i"@hy-x-east2283	<http://ids.clld.org/values/2-511-206-1>		<http://ids.clld.org/parameters/2-511>		<http://ids.clld.org/values/2-511-823-3>		"kw.4"@scb-x-rucc1239	
"par̃av"@hy-x-east2283	<http://ids.clld.org/values/2-471-206-1>		<http://ids.clld.org/parameters/2-471>		<http://ids.clld.org/values/2-471-823-1>		"moɔ.4 kuməʌk.4"@scb-x-rucc1239	
"pʰokʰ[ə]r kʰuyr"@hy-x-east2283	<http://ids.clld.org/values/2-455-206-3>		<http://ids.clld.org/parameters/2-455>		<http://ids.clld.org/values/2-455-823-1>		"ceɛ.$"@scb-x-rucc1239	
"aɣčig"@hy-x-west2348	<http://ids.clld.org/values/2-261-207-1>		<http://ids.clld.org/parameters/2-261>		<http://ids.clld.org/values/2-261-823-1>		"puma:j.3"@scb-x-rucc1239	
"d͜zeruni"@hy-x-west2348	<http://ids.clld.org/values/2-461-207-1>		<http://ids.clld.org/parameters/2-461>		<http://ids.clld.org/values/2-461-823-1>		"ʔo:ŋ.1 kuməʌk.4"@scb-x-rucc1239	
"var̃vel"@hy-x-east2283	<http://ids.clld.org/values/1-852-206-3>		<http://ids.clld.org/parameters/1-852>		<http://ids.clld.org/values/1-852-823-1>		"kɨcɔh.1"@scb-x-rucc1239	
"tˀatˀikˀ"@hy-x-east2283	<http://ids.clld.org/values/2-470-206-3>		<http://ids.clld.org/parameters/2-470>		<http://ids.clld.org/values/2-470-823-1>		"za.1"@scb-x-rucc1239	
"tˀatˀikˀ"@hy-x-east2283	<http://ids.clld.org/values/2-470-206-3>		<http://ids.clld.org/parameters/2-470>		<http://ids.clld.org/values/2-470-823-2>		"na:j.1"@scb-x-rucc1239	
"yerexa"@hy-x-east2283	<http://ids.clld.org/values/2-280-206-3>		<http://ids.clld.org/parameters/2-280>		<http://ids.clld.org/values/2-280-823-1>		"pucɔ:j.3"@scb-x-rucc1239	
"pokr yeɣpayr"@hy-x-west2348	<http://ids.clld.org/values/2-445-207-3>		<http://ids.clld.org/parameters/2-445>		<http://ids.clld.org/values/2-445-823-1>		"ceɛ.4"@scb-x-rucc1239	
"yeraxa"@hy-x-west2348	<http://ids.clld.org/values/2-270-207-1>		<http://ids.clld.org/parameters/2-270>		<http://ids.clld.org/values/2-270-823-1>		"kɔ:n.1"@scb-x-rucc1239	
"aɣǰikˀ"@hy-x-east2283	<http://ids.clld.org/values/2-420-206-3>		<http://ids.clld.org/parameters/2-420>		<http://ids.clld.org/values/2-420-823-1>		"kɔ:n.1 pukj.3"@scb-x-rucc1239	
"c̷ˀiac̷ˀan"@hy-x-east2283	<http://ids.clld.org/values/1-590-206-1>		<http://ids.clld.org/parameters/1-590>		<http://ids.clld.org/values/1-590-823-1>		"ro:ŋ.1"@scb-x-rucc1239	
"pʰ[ə]rpʰur"@hy-x-east2283	<http://ids.clld.org/values/1-324-206-1>		<http://ids.clld.org/parameters/1-324>		<http://ids.clld.org/values/1-324-823-1>		"pɔh.pɔh.1"@scb-x-rucc1239	
"kročorti"@hy-x-west2348	<http://ids.clld.org/values/2-530-207-3>		<http://ids.clld.org/parameters/2-530>		<http://ids.clld.org/values/2-530-823-1>		"cw.3"@scb-x-rucc1239	
"d͜zux"@hy-x-west2348	<http://ids.clld.org/values/1-830-207-1>		<http://ids.clld.org/parameters/1-830>		<http://ids.clld.org/values/1-830-823-1>		"kahɔ:j.3"@scb-x-rucc1239	
"d͜zux"@hy-x-west2348	<http://ids.clld.org/values/1-830-207-1>		<http://ids.clld.org/parameters/1-830>		<http://ids.clld.org/values/1-830-823-2>		"camaŋ.1"@scb-x-rucc1239	
"d͜zux"@hy-x-west2348	<http://ids.clld.org/values/1-830-207-1>		<http://ids.clld.org/parameters/1-830>		<http://ids.clld.org/values/1-830-823-3>		"patj.1"@scb-x-rucc1239	
"ayr"@hy-x-west2348	<http://ids.clld.org/values/2-210-207-3>		<http://ids.clld.org/parameters/2-210>		<http://ids.clld.org/values/2-210-823-1>		"puku:ń.3"@scb-x-rucc1239	
"(aɣǰikˀ) tʰor̃"@hy-x-east2283	<http://ids.clld.org/values/2-490-206-1>		<http://ids.clld.org/parameters/2-490>		<http://ids.clld.org/values/2-490-823-1>		"cw.3"@scb-x-rucc1239	
"and͜z"@hy-x-east2283	<http://ids.clld.org/values/2-100-206-1>		<http://ids.clld.org/parameters/2-100>		<http://ids.clld.org/values/2-100-823-1>		"ŋa:j.2"@scb-x-rucc1239	
"hayr"@hy-x-east2283	<http://ids.clld.org/values/2-350-206-1>		<http://ids.clld.org/parameters/2-350>		<http://ids.clld.org/values/2-350-823-1>		"pɨ.4"@scb-x-rucc1239	
"moxir"@hy-x-west2348	<http://ids.clld.org/values/1-840-207-1>		<http://ids.clld.org/parameters/1-840>		<http://ids.clld.org/values/1-840-823-1>		"tapeh.1"@scb-x-rucc1239	
"ayr"@hy-x-east2283	<http://ids.clld.org/values/1-280-206-1>		<http://ids.clld.org/parameters/1-280>		<http://ids.clld.org/values/1-280-823-1>		"kɨ:p.4"@scb-x-rucc1239	
"horyeɣpayr"@hy-x-west2348	<http://ids.clld.org/values/2-512-207-1>		<http://ids.clld.org/parameters/2-512>		<http://ids.clld.org/values/2-512-823-1>		"pw.2"@scb-x-rucc1239	
"horyeɣpayr"@hy-x-west2348	<http://ids.clld.org/values/2-512-207-1>		<http://ids.clld.org/parameters/2-512>		<http://ids.clld.org/values/2-512-823-2>		"poɔ.4"@scb-x-rucc1239	
"d[ə]ɣa"@hy-x-west2348	<http://ids.clld.org/values/2-410-207-3>		<http://ids.clld.org/parameters/2-410>		<http://ids.clld.org/values/2-410-823-1>		"kɔ:n.1 puku:ń.3"@scb-x-rucc1239	
"c̷ˀovapʰ"@hy-x-east2283	<http://ids.clld.org/values/1-270-206-1>		<http://ids.clld.org/parameters/1-270>		<http://ids.clld.org/values/1-270-823-1>		"kupə:ŋ.1"@scb-x-rucc1239	
"yeraxa"@hy-x-west2348	<http://ids.clld.org/values/2-280-207-3>		<http://ids.clld.org/parameters/2-280>		<http://ids.clld.org/values/2-280-823-1>		"pucɔ:j.3"@scb-x-rucc1239	
"aru"@hy-x-west2348	<http://ids.clld.org/values/1-360-207-5>		<http://ids.clld.org/parameters/1-360>		<http://ids.clld.org/values/1-360-823-1>		"ju:ŋ.4"@scb-x-rucc1239	
"aru"@hy-x-west2348	<http://ids.clld.org/values/1-360-207-5>		<http://ids.clld.org/parameters/1-360>		<http://ids.clld.org/values/1-360-823-2>		"cərɔ:k.3"@scb-x-rucc1239	
"pˀatˀani"@hy-x-east2283	<http://ids.clld.org/values/2-251-206-1>		<http://ids.clld.org/parameters/2-251>		<http://ids.clld.org/values/2-251-823-1>		"ba:w.1"@scb-x-rucc1239	
"c̷ʰex"@hy-x-east2283	<http://ids.clld.org/values/1-214-206-1>		<http://ids.clld.org/parameters/1-214>		<http://ids.clld.org/values/1-214-823-1>		"la:r.4"@scb-x-rucc1239	
"skˀesur"@hy-x-east2283	<http://ids.clld.org/values/2-621-206-1>		<http://ids.clld.org/parameters/2-621>		<http://ids.clld.org/values/2-621-823-1>		"meɛ.4 maku:ń.3"@scb-x-rucc1239	
"tʰor̃(nikˀ)"@hy-x-east2283	<http://ids.clld.org/values/2-480-206-1>		<http://ids.clld.org/parameters/2-480>		<http://ids.clld.org/values/2-480-823-1>		"cw.3"@scb-x-rucc1239	
"igakˀan ser̃"@hy-x-east2283	<http://ids.clld.org/values/2-240-206-3>		<http://ids.clld.org/parameters/2-240>		<http://ids.clld.org/values/2-240-823-1>		"kj.3"@scb-x-rucc1239	
"lusin"@hy-x-west2348	<http://ids.clld.org/values/1-530-207-1>		<http://ids.clld.org/parameters/1-530>		<http://ids.clld.org/values/1-530-823-1>		"puləan.2"@scb-x-rucc1239	
"amusnalud͜zum"@hy-x-west2348	<http://ids.clld.org/values/2-341-207-1>		<http://ids.clld.org/parameters/2-341>		<http://ids.clld.org/values/2-341-823-1>		"ßɨʌt.4"@scb-x-rucc1239	
"hosankʰ"@hy-x-east2283	<http://ids.clld.org/values/1-360-206-3>		<http://ids.clld.org/parameters/1-360>		<http://ids.clld.org/values/1-360-823-1>		"ju:ŋ.4"@scb-x-rucc1239	
"hosankʰ"@hy-x-east2283	<http://ids.clld.org/values/1-360-206-3>		<http://ids.clld.org/parameters/1-360>		<http://ids.clld.org/values/1-360-823-2>		"cərɔ:k.3"@scb-x-rucc1239	
"d͜zovez[ə]r"@hy-x-west2348	<http://ids.clld.org/values/1-270-207-3>		<http://ids.clld.org/parameters/1-270>		<http://ids.clld.org/values/1-270-823-1>		"kupə:ŋ.1"@scb-x-rucc1239	
"hor"@hy-x-west2348	<http://ids.clld.org/values/1-370-207-7>		<http://ids.clld.org/parameters/1-370>		<http://ids.clld.org/values/1-370-823-1>		"ru:k.4"@scb-x-rucc1239	
"kˀotˀoš"@hy-x-east2283	<http://ids.clld.org/values/4-170-206-3>		<http://ids.clld.org/parameters/4-170>		<http://ids.clld.org/values/4-170-823-1>		"krɨŋ"@scb-x-rucc1239	
"vorod"@hy-x-west2348	<http://ids.clld.org/values/1-560-207-1>		<http://ids.clld.org/parameters/1-560>		<http://ids.clld.org/values/1-560-823-1>		"krɨ:m.4"@scb-x-rucc1239	
"vorti"@hy-x-west2348	<http://ids.clld.org/values/2-410-207-1>		<http://ids.clld.org/parameters/2-410>		<http://ids.clld.org/values/2-410-823-1>		"kɔ:n.1 puku:ń.3"@scb-x-rucc1239	
"sar"@hy-x-east2283	<http://ids.clld.org/values/1-220-206-3>		<http://ids.clld.org/parameters/1-220>		<http://ids.clld.org/values/1-220-823-2>		"do:l.1"@scb-x-rucc1239	
"sar"@hy-x-east2283	<http://ids.clld.org/values/1-220-206-3>		<http://ids.clld.org/parameters/1-220>		<http://ids.clld.org/values/1-220-823-1>		"cɨ:t.3"@scb-x-rucc1239	
"pˀapˀikˀ"@hy-x-east2283	<http://ids.clld.org/values/2-460-206-3>		<http://ids.clld.org/parameters/2-460>		<http://ids.clld.org/values/2-460-823-1>		"pw.1"@scb-x-rucc1239	
"pˀapˀikˀ"@hy-x-east2283	<http://ids.clld.org/values/2-460-206-3>		<http://ids.clld.org/parameters/2-460>		<http://ids.clld.org/values/2-460-823-2>		"ta.1"@scb-x-rucc1239	
"c̷oɣ"@hy-x-west2348	<http://ids.clld.org/values/1-640-207-1>		<http://ids.clld.org/parameters/1-640>		<http://ids.clld.org/values/1-640-823-1>		"da:k.3 mw.2"@scb-x-rucc1239	
"d[ə]ɣamart"@hy-x-west2348	<http://ids.clld.org/values/2-210-207-1>		<http://ids.clld.org/parameters/2-210>		<http://ids.clld.org/values/2-210-823-1>		"puku:ń.3"@scb-x-rucc1239	
"əsbanel"@hy-x-west2348	<http://ids.clld.org/values/4-760-207-1>		<http://ids.clld.org/parameters/4-760>		<http://ids.clld.org/values/4-760-823-1>		"kacit"@scb-x-rucc1239	
"aru"@hy-x-east2283	<http://ids.clld.org/values/2-230-206-1>		<http://ids.clld.org/parameters/2-230>		<http://ids.clld.org/values/2-230-823-1>		"tɨk.4"@scb-x-rucc1239	
"d͜zovezerk"@hy-x-west2348	<http://ids.clld.org/values/1-270-207-5>		<http://ids.clld.org/parameters/1-270>		<http://ids.clld.org/values/1-270-823-1>		"kupə:ŋ.1"@scb-x-rucc1239	
"aner"@hy-x-east2283	<http://ids.clld.org/values/2-610-206-1>		<http://ids.clld.org/parameters/2-610>		<http://ids.clld.org/values/2-610-823-1>		"pɨ.4 makj.#"@scb-x-rucc1239	
"c̷ex"@hy-x-west2348	<http://ids.clld.org/values/1-214-207-1>		<http://ids.clld.org/parameters/1-214>		<http://ids.clld.org/values/1-214-823-1>		"la:r.4"@scb-x-rucc1239	
"hoɣ"@hy-x-east2283	<http://ids.clld.org/values/1-212-206-1>		<http://ids.clld.org/parameters/1-212>		<http://ids.clld.org/values/1-212-823-1>		"bə:n.3"@scb-x-rucc1239	
"tornuhi"@hy-x-west2348	<http://ids.clld.org/values/2-490-207-1>		<http://ids.clld.org/parameters/2-490>		<http://ids.clld.org/values/2-490-823-1>		"cw.3"@scb-x-rucc1239	
"[ə]sdver"@hy-x-west2348	<http://ids.clld.org/values/1-630-207-1>		<http://ids.clld.org/parameters/1-630>		<http://ids.clld.org/values/1-630-823-1>		"pɔ:ŋ.3"@scb-x-rucc1239	
"žayr"@hy-x-west2348	<http://ids.clld.org/values/1-222-207-1>		<http://ids.clld.org/parameters/1-222>		<http://ids.clld.org/values/1-222-823-1>		"kupə:ŋ.1"@scb-x-rucc1239	
"vih"@hy-x-west2348	<http://ids.clld.org/values/1-222-207-5>		<http://ids.clld.org/parameters/1-222>		<http://ids.clld.org/values/1-222-823-1>		"kupə:ŋ.1"@scb-x-rucc1239	
"gayd͜zag"@hy-x-west2348	<http://ids.clld.org/values/1-550-207-1>		<http://ids.clld.org/parameters/1-550>		<http://ids.clld.org/values/1-550-823-1>		"ala:r.3"@scb-x-rucc1239	
"eg"@hy-x-east2283	<http://ids.clld.org/values/2-240-206-1>		<http://ids.clld.org/parameters/2-240>		<http://ids.clld.org/values/2-240-823-1>		"kj.3"@scb-x-rucc1239	
"aɣčig"@hy-x-west2348	<http://ids.clld.org/values/2-420-207-3>		<http://ids.clld.org/parameters/2-420>		<http://ids.clld.org/values/2-420-823-1>		"kɔ:n.1 pukj.3"@scb-x-rucc1239	
"aɣǰikˀ"@hy-x-east2283	<http://ids.clld.org/values/2-261-206-1>		<http://ids.clld.org/parameters/2-261>		<http://ids.clld.org/values/2-261-823-1>		"puma:j.3"@scb-x-rucc1239	
"p[ə]r[ə]ngec̷[ə]nel"@hy-x-west2348	<http://ids.clld.org/values/1-860-207-7>		<http://ids.clld.org/parameters/1-860>		<http://ids.clld.org/values/1-860-823-1>		"tu:c.3"@scb-x-rucc1239	
"ayrel"@hy-x-west2348	<http://ids.clld.org/values/1-860-207-3>		<http://ids.clld.org/parameters/1-860>		<http://ids.clld.org/values/1-860-823-1>		"tu:c.3"@scb-x-rucc1239	
"m[ə]rrig"@hy-x-west2348	<http://ids.clld.org/values/1-580-207-3>		<http://ids.clld.org/parameters/1-580>		<http://ids.clld.org/values/1-580-823-1>		"pa:w.4"@scb-x-rucc1239	
"naxnik"@hy-x-west2348	<http://ids.clld.org/values/2-560-207-3>		<http://ids.clld.org/parameters/2-560>		<http://ids.clld.org/values/2-560-823-1>		"ʔo:ŋ.1 pluok.4"@scb-x-rucc1239	
"mec̷ˀ yeɣbayr"@hy-x-east2283	<http://ids.clld.org/values/2-444-206-3>		<http://ids.clld.org/parameters/2-444>		<http://ids.clld.org/values/2-444-823-1>		"məaŋ.4"@scb-x-rucc1239	
"med͜z kuyr"@hy-x-west2348	<http://ids.clld.org/values/2-454-207-3>		<http://ids.clld.org/parameters/2-454>		<http://ids.clld.org/values/2-454-823-1>		"cj.4"@scb-x-rucc1239	
"ayr"@hy-x-east2283	<http://ids.clld.org/values/2-210-206-3>		<http://ids.clld.org/parameters/2-210>		<http://ids.clld.org/values/2-210-823-1>		"puku:ń.3"@scb-x-rucc1239	
"kami"@hy-x-west2348	<http://ids.clld.org/values/1-720-207-3>		<http://ids.clld.org/parameters/1-720>		<http://ids.clld.org/values/1-720-823-1>		"kajɔ.3"@scb-x-rucc1239	
"m[ə]rrikˀ"@hy-x-east2283	<http://ids.clld.org/values/1-580-206-3>		<http://ids.clld.org/parameters/1-580>		<http://ids.clld.org/values/1-580-823-1>		"pa:w.4"@scb-x-rucc1239	
"mec̷ˀ kʰuyr"@hy-x-east2283	<http://ids.clld.org/values/2-454-206-3>		<http://ids.clld.org/parameters/2-454>		<http://ids.clld.org/values/2-454-823-1>		"cj.4"@scb-x-rucc1239	
"amusnanal"@hy-x-east2283	<http://ids.clld.org/values/2-330-206-1>		<http://ids.clld.org/parameters/2-330>		<http://ids.clld.org/values/2-330-823-2>		"lj.4 maku:ń.3"@scb-x-rucc1239	
"amusnanal"@hy-x-east2283	<http://ids.clld.org/values/2-330-206-1>		<http://ids.clld.org/parameters/2-330>		<http://ids.clld.org/values/2-330-823-3>		"dɔ:ŋ.1"@scb-x-rucc1239	
"amusnanal"@hy-x-east2283	<http://ids.clld.org/values/2-330-206-1>		<http://ids.clld.org/parameters/2-330>		<http://ids.clld.org/values/2-330-823-1>		"lj.4 makj.3"@scb-x-rucc1239	
"ag"@hy-x-west2348	<http://ids.clld.org/values/1-370-207-3>		<http://ids.clld.org/parameters/1-370>		<http://ids.clld.org/values/1-370-823-1>		"ru:k.4"@scb-x-rucc1239	
"kuyr-yeɣpayr"@hy-x-west2348	<http://ids.clld.org/values/2-456-207-1>		<http://ids.clld.org/parameters/2-456>		<http://ids.clld.org/values/2-456-823-1>		"ceɛ.4 məaŋ.4"@scb-x-rucc1239	
"yergink"@hy-x-west2348	<http://ids.clld.org/values/1-510-207-1>		<http://ids.clld.org/parameters/1-510>		<http://ids.clld.org/values/1-510-823-1>		"plə:j.2"@scb-x-rucc1239	
"zokʰančʰ"@hy-x-east2283	<http://ids.clld.org/values/2-620-206-1>		<http://ids.clld.org/parameters/2-620>		<http://ids.clld.org/values/2-620-823-1>		"meɛ.4 makj.3"@scb-x-rucc1239	
"avak yeɣpayr"@hy-x-west2348	<http://ids.clld.org/values/2-444-207-1>		<http://ids.clld.org/parameters/2-444>		<http://ids.clld.org/values/2-444-823-1>		"məaŋ.4"@scb-x-rucc1239	
"oriort"@hy-x-west2348	<http://ids.clld.org/values/2-261-207-5>		<http://ids.clld.org/parameters/2-261>		<http://ids.clld.org/values/2-261-823-1>		"puma:j.3"@scb-x-rucc1239	
"mac̷ʰar̃"@hy-x-east2283	<http://ids.clld.org/values/1-880-206-3>		<http://ids.clld.org/parameters/1-880>		<http://ids.clld.org/values/1-880-823-1>		"ku:r.1"@scb-x-rucc1239	
"m[ə]šuš"@hy-x-east2283	<http://ids.clld.org/values/1-740-206-1>		<http://ids.clld.org/parameters/1-740>		<http://ids.clld.org/values/1-740-823-1>		"tulu:k.3"@scb-x-rucc1239	
"karayr"@hy-x-west2348	<http://ids.clld.org/values/1-280-207-3>		<http://ids.clld.org/parameters/1-280>		<http://ids.clld.org/values/1-280-823-1>		"kɨ:p.4"@scb-x-rucc1239	
"č[ə]rab[ə]duyd"@hy-x-west2348	<http://ids.clld.org/values/1-362-207-3>		<http://ids.clld.org/parameters/1-362>		<http://ids.clld.org/values/1-362-823-1>		"da:k.3 thuəj.3"@scb-x-rucc1239	
"tˀ[ə]ɣa"@hy-x-east2283	<http://ids.clld.org/values/2-410-206-3>		<http://ids.clld.org/parameters/2-410>		<http://ids.clld.org/values/2-410-823-1>		"kɔ:n.1 puku:ń.3"@scb-x-rucc1239	
"kʰuyr-yeɣbayr"@hy-x-east2283	<http://ids.clld.org/values/2-456-206-1>		<http://ids.clld.org/parameters/2-456>		<http://ids.clld.org/values/2-456-823-1>		"ceɛ.4 məaŋ.4"@scb-x-rucc1239	
"anc̷rev"@hy-x-west2348	<http://ids.clld.org/values/1-750-207-1>		<http://ids.clld.org/parameters/1-750>		<http://ids.clld.org/values/1-750-823-1>		"kəməa.2"@scb-x-rucc1239	
"m[ə]šuš"@hy-x-west2348	<http://ids.clld.org/values/1-740-207-1>		<http://ids.clld.org/parameters/1-740>		<http://ids.clld.org/values/1-740-823-1>		"tulu:k.3"@scb-x-rucc1239	
"varil"@hy-x-west2348	<http://ids.clld.org/values/1-852-207-3>		<http://ids.clld.org/parameters/1-852>		<http://ids.clld.org/values/1-852-823-1>		"kɨcɔh.1"@scb-x-rucc1239	
"yerkˀir"@hy-x-east2283	<http://ids.clld.org/values/1-210-206-1>		<http://ids.clld.org/parameters/1-210>		<http://ids.clld.org/values/1-210-823-1>		"bə:n.3"@scb-x-rucc1239	
"antˀar̃"@hy-x-east2283	<http://ids.clld.org/values/1-410-206-1>		<http://ids.clld.org/parameters/1-410>		<http://ids.clld.org/values/1-410-823-1>		"brw.3"@scb-x-rucc1239	
"yeɣborordi"@hy-x-east2283	<http://ids.clld.org/values/2-530-206-1>		<http://ids.clld.org/parameters/2-530>		<http://ids.clld.org/values/2-530-823-1>		"cw.3"@scb-x-rucc1239	
"mux"@hy-x-east2283	<http://ids.clld.org/values/1-830-206-3>		<http://ids.clld.org/parameters/1-830>		<http://ids.clld.org/values/1-830-823-1>		"kahɔ:j.3"@scb-x-rucc1239	
"mux"@hy-x-east2283	<http://ids.clld.org/values/1-830-206-3>		<http://ids.clld.org/parameters/1-830>		<http://ids.clld.org/values/1-830-823-2>		"camaŋ.1"@scb-x-rucc1239	
"mux"@hy-x-east2283	<http://ids.clld.org/values/1-830-206-3>		<http://ids.clld.org/parameters/1-830>		<http://ids.clld.org/values/1-830-823-3>		"patj.1"@scb-x-rucc1239	
"horc̷ank"@hy-x-west2348	<http://ids.clld.org/values/1-362-207-1>		<http://ids.clld.org/parameters/1-362>		<http://ids.clld.org/values/1-362-823-1>		"da:k.3 thuəj.3"@scb-x-rucc1239	
"aner"@hy-x-west2348	<http://ids.clld.org/values/2-610-207-1>		<http://ids.clld.org/parameters/2-610>		<http://ids.clld.org/values/2-610-823-1>		"pɨ.4 makj.#"@scb-x-rucc1239	
"kˀin"@hy-x-east2283	<http://ids.clld.org/values/2-320-206-1>		<http://ids.clld.org/parameters/2-320>		<http://ids.clld.org/values/2-320-823-1>		"makj.3"@scb-x-rucc1239	
"b[ə]r̃[ə]nkˀec̷ʰ[ə]nel"@hy-x-east2283	<http://ids.clld.org/values/1-860-206-7>		<http://ids.clld.org/parameters/1-860>		<http://ids.clld.org/values/1-860-823-1>		"tu:c.3"@scb-x-rucc1239	
"moryeɣpayr"@hy-x-west2348	<http://ids.clld.org/values/2-511-207-3>		<http://ids.clld.org/parameters/2-511>		<http://ids.clld.org/values/2-511-823-1>		"ta.1"@scb-x-rucc1239	
"moryeɣpayr"@hy-x-west2348	<http://ids.clld.org/values/2-511-207-3>		<http://ids.clld.org/parameters/2-511>		<http://ids.clld.org/values/2-511-823-2>		"ta.1"@scb-x-rucc1239	
"moryeɣpayr"@hy-x-west2348	<http://ids.clld.org/values/2-511-207-3>		<http://ids.clld.org/parameters/2-511>		<http://ids.clld.org/values/2-511-823-3>		"kw.4"@scb-x-rucc1239	
"tˀ[ə]ɣa"@hy-x-east2283	<http://ids.clld.org/values/2-250-206-1>		<http://ids.clld.org/parameters/2-250>		<http://ids.clld.org/values/2-250-823-1>		"ba:w.1"@scb-x-rucc1239	
"ler"@hy-x-west2348	<http://ids.clld.org/values/1-220-207-1>		<http://ids.clld.org/parameters/1-220>		<http://ids.clld.org/values/1-220-823-2>		"do:l.1"@scb-x-rucc1239	
"ler"@hy-x-west2348	<http://ids.clld.org/values/1-220-207-1>		<http://ids.clld.org/parameters/1-220>		<http://ids.clld.org/values/1-220-823-1>		"cɨ:t.3"@scb-x-rucc1239	
"vorotˀ"@hy-x-east2283	<http://ids.clld.org/values/1-560-206-1>		<http://ids.clld.org/parameters/1-560>		<http://ids.clld.org/values/1-560-823-1>		"krɨ:m.4"@scb-x-rucc1239	
"anc̷"@hy-x-west2348	<http://ids.clld.org/values/2-100-207-1>		<http://ids.clld.org/parameters/2-100>		<http://ids.clld.org/values/2-100-823-1>		"ŋa:j.2"@scb-x-rucc1239	
"asd[ə]ɣ"@hy-x-west2348	<http://ids.clld.org/values/1-540-207-1>		<http://ids.clld.org/parameters/1-540>		<http://ids.clld.org/values/1-540-823-1>		"kumi:ŋ.1"@scb-x-rucc1239	
"grag"@hy-x-west2348	<http://ids.clld.org/values/1-810-207-1>		<http://ids.clld.org/parameters/1-810>		<http://ids.clld.org/values/1-810-823-1>		"ku:r.1"@scb-x-rucc1239	
"apˀaharzan"@hy-x-east2283	<http://ids.clld.org/values/2-341-206-3>		<http://ids.clld.org/parameters/2-341>		<http://ids.clld.org/values/2-341-823-1>		"ßɨʌt.4"@scb-x-rucc1239	
"avaz"@hy-x-east2283	<http://ids.clld.org/values/1-215-206-1>		<http://ids.clld.org/parameters/1-215>		<http://ids.clld.org/values/1-215-823-1>		"təka:c.3"@scb-x-rucc1239	
"b[ə]zdig kuyr"@hy-x-west2348	<http://ids.clld.org/values/2-455-207-3>		<http://ids.clld.org/parameters/2-455>		<http://ids.clld.org/values/2-455-823-1>		"ceɛ.$"@scb-x-rucc1239	
"b[ə]lur"@hy-x-east2283	<http://ids.clld.org/values/1-220-206-5>		<http://ids.clld.org/parameters/1-220>		<http://ids.clld.org/values/1-220-823-2>		"do:l.1"@scb-x-rucc1239	
"b[ə]lur"@hy-x-east2283	<http://ids.clld.org/values/1-220-206-5>		<http://ids.clld.org/parameters/1-220>		<http://ids.clld.org/values/1-220-823-1>		"cɨ:t.3"@scb-x-rucc1239	
"kroč aɣčig"@hy-x-west2348	<http://ids.clld.org/values/2-540-207-3>		<http://ids.clld.org/parameters/2-540>		<http://ids.clld.org/values/2-540-823-1>		"cw.3"@scb-x-rucc1239	
"c̷or"@hy-x-west2348	<http://ids.clld.org/values/1-240-207-3>		<http://ids.clld.org/parameters/1-240>		<http://ids.clld.org/values/1-240-823-1>		"ulu:ŋ.1"@scb-x-rucc1239	
"yerkˀragund"@hy-x-east2283	<http://ids.clld.org/values/1-210-206-3>		<http://ids.clld.org/parameters/1-210>		<http://ids.clld.org/values/1-210-823-1>		"bə:n.3"@scb-x-rucc1239	
"ad͜zux"@hy-x-west2348	<http://ids.clld.org/values/1-890-207-1>		<http://ids.clld.org/parameters/1-890>		<http://ids.clld.org/values/1-890-823-1>		"laŋ.caŋ.1"@scb-x-rucc1239	
"moxir"@hy-x-east2283	<http://ids.clld.org/values/1-840-206-1>		<http://ids.clld.org/parameters/1-840>		<http://ids.clld.org/values/1-840-823-1>		"tapeh.1"@scb-x-rucc1239	
"d͜zirani kodi"@hy-x-west2348	<http://ids.clld.org/values/1-590-207-1>		<http://ids.clld.org/parameters/1-590>		<http://ids.clld.org/values/1-590-823-1>		"ro:ŋ.1"@scb-x-rucc1239	
"žayr̃"@hy-x-east2283	<http://ids.clld.org/values/1-222-206-1>		<http://ids.clld.org/parameters/1-222>		<http://ids.clld.org/values/1-222-823-1>		"kupə:ŋ.1"@scb-x-rucc1239	
"amusin"@hy-x-west2348	<http://ids.clld.org/values/2-310-207-1>		<http://ids.clld.org/parameters/2-310>		<http://ids.clld.org/values/2-310-823-1>		"məku:ń.3"@scb-x-rucc1239	
"yerexa"@hy-x-east2283	<http://ids.clld.org/values/2-270-206-1>		<http://ids.clld.org/parameters/2-270>		<http://ids.clld.org/values/2-270-823-1>		"kɔ:n.1"@scb-x-rucc1239	
"avaz"@hy-x-west2348	<http://ids.clld.org/values/1-215-207-1>		<http://ids.clld.org/parameters/1-215>		<http://ids.clld.org/values/1-215-823-1>		"təka:c.3"@scb-x-rucc1239	
"ǰ[ə]rapˀ[ə]tˀuytˀ"@hy-x-east2283	<http://ids.clld.org/values/1-362-206-3>		<http://ids.clld.org/parameters/1-362>		<http://ids.clld.org/values/1-362-823-1>		"da:k.3 thuəj.3"@scb-x-rucc1239	
"poši"@hy-x-west2348	<http://ids.clld.org/values/1-213-207-1>		<http://ids.clld.org/parameters/1-213>		<http://ids.clld.org/values/1-213-823-1>		"kəhɔ:j.3"@scb-x-rucc1239	
"pʰokʰr yeɣbayr"@hy-x-east2283	<http://ids.clld.org/values/2-445-206-3>		<http://ids.clld.org/parameters/2-445>		<http://ids.clld.org/values/2-445-823-1>		"ceɛ.4"@scb-x-rucc1239	
"zokanč"@hy-x-west2348	<http://ids.clld.org/values/2-620-207-1>		<http://ids.clld.org/parameters/2-620>		<http://ids.clld.org/values/2-620-823-1>		"meɛ.4 makj.3"@scb-x-rucc1239	
"ž[ə]xtˀakˀan"@hy-x-east2283	<http://ids.clld.org/values/17-560-206-3>		<http://ids.clld.org/parameters/17-560>		<http://ids.clld.org/values/17-560-823-1>		"lata.3"@scb-x-rucc1239	
"stˀver"@hy-x-east2283	<http://ids.clld.org/values/1-630-206-1>		<http://ids.clld.org/parameters/1-630>		<http://ids.clld.org/values/1-630-823-1>		"pɔ:ŋ.3"@scb-x-rucc1239	
"getˀ"@hy-x-east2283	<http://ids.clld.org/values/1-360-206-1>		<http://ids.clld.org/parameters/1-360>		<http://ids.clld.org/values/1-360-823-1>		"ju:ŋ.4"@scb-x-rucc1239	
"getˀ"@hy-x-east2283	<http://ids.clld.org/values/1-360-206-1>		<http://ids.clld.org/parameters/1-360>		<http://ids.clld.org/values/1-360-823-2>		"cərɔ:k.3"@scb-x-rucc1239	
"avag yeɣbayr"@hy-x-east2283	<http://ids.clld.org/values/2-444-206-1>		<http://ids.clld.org/parameters/2-444>		<http://ids.clld.org/values/2-444-823-1>		"məaŋ.4"@scb-x-rucc1239	
"č[ə]rvež"@hy-x-west2348	<http://ids.clld.org/values/1-390-207-1>		<http://ids.clld.org/parameters/1-390>		<http://ids.clld.org/values/1-390-823-1>		"tha:k.3 da:k.3"@scb-x-rucc1239	
"d[ə]ɣa"@hy-x-west2348	<http://ids.clld.org/values/2-250-207-1>		<http://ids.clld.org/parameters/2-250>		<http://ids.clld.org/values/2-250-823-1>		"ba:w.1"@scb-x-rucc1239	
"paylag"@hy-x-west2348	<http://ids.clld.org/values/1-550-207-3>		<http://ids.clld.org/parameters/1-550>		<http://ids.clld.org/values/1-550-823-1>		"ala:r.3"@scb-x-rucc1239	
"mard"@hy-x-east2283	<http://ids.clld.org/values/2-100-206-3>		<http://ids.clld.org/parameters/2-100>		<http://ids.clld.org/values/2-100-823-1>		"ŋa:j.2"@scb-x-rucc1239	
"ayrel"@hy-x-east2283	<http://ids.clld.org/values/1-860-206-3>		<http://ids.clld.org/parameters/1-860>		<http://ids.clld.org/values/1-860-823-1>		"tu:c.3"@scb-x-rucc1239	
"kˀ[ə]rtˀser kʰuyr"@hy-x-east2283	<http://ids.clld.org/values/2-455-206-1>		<http://ids.clld.org/parameters/2-455>		<http://ids.clld.org/values/2-455-823-1>		"ceɛ.$"@scb-x-rucc1239	
"yeridasartuhi"@hy-x-west2348	<http://ids.clld.org/values/2-261-207-3>		<http://ids.clld.org/parameters/2-261>		<http://ids.clld.org/values/2-261-823-1>		"puma:j.3"@scb-x-rucc1239	
"andar"@hy-x-west2348	<http://ids.clld.org/values/1-410-207-1>		<http://ids.clld.org/parameters/1-410>		<http://ids.clld.org/values/1-410-823-1>		"brw.3"@scb-x-rucc1239	
"aɣǰikˀ"@hy-x-east2283	<http://ids.clld.org/values/2-260-206-1>		<http://ids.clld.org/parameters/2-260>		<http://ids.clld.org/values/2-260-823-1>		"puma:j.3"@scb-x-rucc1239	
"hovitˀ"@hy-x-east2283	<http://ids.clld.org/values/1-240-206-1>		<http://ids.clld.org/parameters/1-240>		<http://ids.clld.org/values/1-240-823-1>		"ulu:ŋ.1"@scb-x-rucc1239	
"potorig"@hy-x-west2348	<http://ids.clld.org/values/1-580-207-1>		<http://ids.clld.org/parameters/1-580>		<http://ids.clld.org/values/1-580-823-1>		"pa:w.4"@scb-x-rucc1239	
"abaharzan"@hy-x-west2348	<http://ids.clld.org/values/2-341-207-3>		<http://ids.clld.org/parameters/2-341>		<http://ids.clld.org/values/2-341-823-1>		"ßɨʌt.4"@scb-x-rucc1239	
"p[ə]rpur"@hy-x-west2348	<http://ids.clld.org/values/1-324-207-1>		<http://ids.clld.org/parameters/1-324>		<http://ids.clld.org/values/1-324-823-1>		"pɔh.pɔh.1"@scb-x-rucc1239	
"c̷ˀux"@hy-x-east2283	<http://ids.clld.org/values/1-830-206-1>		<http://ids.clld.org/parameters/1-830>		<http://ids.clld.org/values/1-830-823-1>		"kahɔ:j.3"@scb-x-rucc1239	
"c̷ˀux"@hy-x-east2283	<http://ids.clld.org/values/1-830-206-1>		<http://ids.clld.org/parameters/1-830>		<http://ids.clld.org/values/1-830-823-2>		"camaŋ.1"@scb-x-rucc1239	
"c̷ˀux"@hy-x-east2283	<http://ids.clld.org/values/1-830-206-1>		<http://ids.clld.org/parameters/1-830>		<http://ids.clld.org/values/1-830-823-3>		"patj.1"@scb-x-rucc1239	
"ikagan ser"@hy-x-west2348	<http://ids.clld.org/values/2-240-207-3>		<http://ids.clld.org/parameters/2-240>		<http://ids.clld.org/values/2-240-823-1>		"kj.3"@scb-x-rucc1239	
"pˀoz"@hy-x-east2283	<http://ids.clld.org/values/4-170-206-1>		<http://ids.clld.org/parameters/4-170>		<http://ids.clld.org/values/4-170-823-1>		"krɨŋ"@scb-x-rucc1239	
"gin"@hy-x-west2348	<http://ids.clld.org/values/2-220-207-1>		<http://ids.clld.org/parameters/2-220>		<http://ids.clld.org/values/2-220-823-1>		"pukj.3"@scb-x-rucc1239	
"pʰoši"@hy-x-east2283	<http://ids.clld.org/values/1-213-206-1>		<http://ids.clld.org/parameters/1-213>		<http://ids.clld.org/values/1-213-823-1>		"kəhɔ:j.3"@scb-x-rucc1239	
"zavag"@hy-x-west2348	<http://ids.clld.org/values/2-270-207-3>		<http://ids.clld.org/parameters/2-270>		<http://ids.clld.org/values/2-270-823-1>		"kɔ:n.1"@scb-x-rucc1239	
"amusnaluc̷ˀutʰyun"@hy-x-east2283	<http://ids.clld.org/values/2-341-206-1>		<http://ids.clld.org/parameters/2-341>		<http://ids.clld.org/values/2-341-823-1>		"ßɨʌt.4"@scb-x-rucc1239	
"c̷ˀovez[ə]r"@hy-x-east2283	<http://ids.clld.org/values/1-270-206-3>		<http://ids.clld.org/parameters/1-270>		<http://ids.clld.org/values/1-270-823-1>		"kupə:ŋ.1"@scb-x-rucc1239	
"čur"@hy-x-west2348	<http://ids.clld.org/values/1-310-207-1>		<http://ids.clld.org/parameters/1-310>		<http://ids.clld.org/values/1-310-823-1>		"da:k.3"@scb-x-rucc1239	
"kʰarayr"@hy-x-east2283	<http://ids.clld.org/values/1-280-206-3>		<http://ids.clld.org/parameters/1-280>		<http://ids.clld.org/values/1-280-823-1>		"kɨ:p.4"@scb-x-rucc1239	
"vih"@hy-x-east2283	<http://ids.clld.org/values/1-222-206-5>		<http://ids.clld.org/parameters/1-222>		<http://ids.clld.org/values/1-222-823-1>		"kupə:ŋ.1"@scb-x-rucc1239	
"ac̷ˀux"@hy-x-east2283	<http://ids.clld.org/values/1-890-206-1>		<http://ids.clld.org/parameters/1-890>		<http://ids.clld.org/values/1-890-823-1>		"laŋ.caŋ.1"@scb-x-rucc1239	
"ked"@hy-x-west2348	<http://ids.clld.org/values/1-360-207-1>		<http://ids.clld.org/parameters/1-360>		<http://ids.clld.org/values/1-360-823-1>		"ju:ŋ.4"@scb-x-rucc1239	
"ked"@hy-x-west2348	<http://ids.clld.org/values/1-360-207-1>		<http://ids.clld.org/parameters/1-360>		<http://ids.clld.org/values/1-360-823-2>		"cərɔ:k.3"@scb-x-rucc1239	
"ler̃"@hy-x-east2283	<http://ids.clld.org/values/1-220-206-1>		<http://ids.clld.org/parameters/1-220>		<http://ids.clld.org/values/1-220-823-2>		"do:l.1"@scb-x-rucc1239	
"ler̃"@hy-x-east2283	<http://ids.clld.org/values/1-220-206-1>		<http://ids.clld.org/parameters/1-220>		<http://ids.clld.org/values/1-220-823-1>		"cɨ:t.3"@scb-x-rucc1239	
"c̷ˀeruni"@hy-x-east2283	<http://ids.clld.org/values/2-461-206-1>		<http://ids.clld.org/parameters/2-461>		<http://ids.clld.org/values/2-461-823-1>		"ʔo:ŋ.1 kuməʌk.4"@scb-x-rucc1239	
"manukˀ"@hy-x-east2283	<http://ids.clld.org/values/2-280-206-1>		<http://ids.clld.org/parameters/2-280>		<http://ids.clld.org/values/2-280-823-1>		"pucɔ:j.3"@scb-x-rucc1239	
"horyeɣbayr"@hy-x-east2283	<http://ids.clld.org/values/2-512-206-1>		<http://ids.clld.org/parameters/2-512>		<http://ids.clld.org/values/2-512-823-1>		"pw.2"@scb-x-rucc1239	
"horyeɣbayr"@hy-x-east2283	<http://ids.clld.org/values/2-512-206-1>		<http://ids.clld.org/parameters/2-512>		<http://ids.clld.org/values/2-512-823-2>		"poɔ.4"@scb-x-rucc1239	
"barav"@hy-x-west2348	<http://ids.clld.org/values/2-471-207-1>		<http://ids.clld.org/parameters/2-471>		<http://ids.clld.org/values/2-471-823-1>		"moɔ.4 kuməʌk.4"@scb-x-rucc1239	
"d͜zovap"@hy-x-west2348	<http://ids.clld.org/values/1-270-207-1>		<http://ids.clld.org/parameters/1-270>		<http://ids.clld.org/values/1-270-823-1>		"kupə:ŋ.1"@scb-x-rucc1239	
"naxniner"@hy-x-west2348	<http://ids.clld.org/values/2-560-207-5>		<http://ids.clld.org/parameters/2-560>		<http://ids.clld.org/values/2-560-823-1>		"ʔo:ŋ.1 pluok.4"@scb-x-rucc1239	
"kʰami"@hy-x-east2283	<http://ids.clld.org/values/1-720-206-1>		<http://ids.clld.org/parameters/1-720>		<http://ids.clld.org/values/1-720-823-1>		"kajɔ.3"@scb-x-rucc1239	
"naxahayrer"@hy-x-west2348	<http://ids.clld.org/values/2-560-207-1>		<http://ids.clld.org/parameters/2-560>		<http://ids.clld.org/values/2-560-823-1>		"ʔo:ŋ.1 pluok.4"@scb-x-rucc1239	
"yeɣpororti"@hy-x-west2348	<http://ids.clld.org/values/2-530-207-1>		<http://ids.clld.org/parameters/2-530>		<http://ids.clld.org/values/2-530-823-1>		"cw.3"@scb-x-rucc1239	
"hayr"@hy-x-west2348	<http://ids.clld.org/values/2-350-207-1>		<http://ids.clld.org/parameters/2-350>		<http://ids.clld.org/values/2-350-823-1>		"pɨ.4"@scb-x-rucc1239	
"ǰ[ə]rvež"@hy-x-east2283	<http://ids.clld.org/values/1-390-206-1>		<http://ids.clld.org/parameters/1-390>		<http://ids.clld.org/values/1-390-823-1>		"tha:k.3 da:k.3"@scb-x-rucc1239	
"manug"@hy-x-west2348	<http://ids.clld.org/values/2-280-207-1>		<http://ids.clld.org/parameters/2-280>		<http://ids.clld.org/values/2-280-823-1>		"pucɔ:j.3"@scb-x-rucc1239	
"g[ə]rdser yeɣpayr"@hy-x-west2348	<http://ids.clld.org/values/2-445-207-1>		<http://ids.clld.org/parameters/2-445>		<http://ids.clld.org/values/2-445-823-1>		"ceɛ.4"@scb-x-rucc1239	
"kˀrakˀ"@hy-x-east2283	<http://ids.clld.org/values/1-810-206-1>		<http://ids.clld.org/parameters/1-810>		<http://ids.clld.org/values/1-810-823-1>		"ku:r.1"@scb-x-rucc1239	
"akˀ"@hy-x-east2283	<http://ids.clld.org/values/1-370-206-3>		<http://ids.clld.org/parameters/1-370>		<http://ids.clld.org/values/1-370-823-1>		"ru:k.4"@scb-x-rucc1239	
"tusd[ə]r"@hy-x-west2348	<http://ids.clld.org/values/2-420-207-1>		<http://ids.clld.org/parameters/2-420>		<http://ids.clld.org/values/2-420-823-1>		"kɔ:n.1 pukj.3"@scb-x-rucc1239	
"spˀanel"@hy-x-east2283	<http://ids.clld.org/values/4-760-206-1>		<http://ids.clld.org/parameters/4-760>		<http://ids.clld.org/values/4-760-823-1>		"kacit"@scb-x-rucc1239	
"naxnikʰner"@hy-x-east2283	<http://ids.clld.org/values/2-560-206-3>		<http://ids.clld.org/parameters/2-560>		<http://ids.clld.org/values/2-560-823-1>		"ʔo:ŋ.1 pluok.4"@scb-x-rucc1239	
"c̷ˀovezerkʰ"@hy-x-east2283	<http://ids.clld.org/values/1-270-206-5>		<http://ids.clld.org/parameters/1-270>		<http://ids.clld.org/values/1-270-823-1>		"kupə:ŋ.1"@scb-x-rucc1239	
"ž[ə]xdagan"@hy-x-west2348	<http://ids.clld.org/values/17-560-207-3>		<http://ids.clld.org/parameters/17-560>		<http://ids.clld.org/values/17-560-823-1>		"lata.3"@scb-x-rucc1239	
"karanc̷av"@hy-x-west2348	<http://ids.clld.org/values/1-280-207-5>		<http://ids.clld.org/parameters/1-280>		<http://ids.clld.org/values/1-280-823-1>		"kɨ:p.4"@scb-x-rucc1239	
"ayr"@hy-x-west2348	<http://ids.clld.org/values/1-280-207-1>		<http://ids.clld.org/parameters/1-280>		<http://ids.clld.org/values/1-280-823-1>		"kɨ:p.4"@scb-x-rucc1239	
"tˀatˀ"@hy-x-east2283	<http://ids.clld.org/values/2-470-206-1>		<http://ids.clld.org/parameters/2-470>		<http://ids.clld.org/values/2-470-823-1>		"za.1"@scb-x-rucc1239	
"tˀatˀ"@hy-x-east2283	<http://ids.clld.org/values/2-470-206-1>		<http://ids.clld.org/parameters/2-470>		<http://ids.clld.org/values/2-470-823-2>		"na:j.1"@scb-x-rucc1239	
"ayrel"@hy-x-west2348	<http://ids.clld.org/values/1-851-207-1>		<http://ids.clld.org/parameters/1-851>		<http://ids.clld.org/values/1-851-823-1>		"tu:c.3"@scb-x-rucc1239	
"mart"@hy-x-west2348	<http://ids.clld.org/values/2-100-207-3>		<http://ids.clld.org/parameters/2-100>		<http://ids.clld.org/values/2-100-823-1>		"ŋa:j.2"@scb-x-rucc1239	
"c̷ʰax"@hy-x-east2283	<http://ids.clld.org/values/1-880-206-1>		<http://ids.clld.org/parameters/1-880>		<http://ids.clld.org/values/1-880-823-1>		"ku:r.1"@scb-x-rucc1239	
"pˀapˀ"@hy-x-east2283	<http://ids.clld.org/values/2-460-206-1>		<http://ids.clld.org/parameters/2-460>		<http://ids.clld.org/values/2-460-823-1>		"pw.1"@scb-x-rucc1239	
"pˀapˀ"@hy-x-east2283	<http://ids.clld.org/values/2-460-206-1>		<http://ids.clld.org/parameters/2-460>		<http://ids.clld.org/values/2-460-823-2>		"ta.1"@scb-x-rucc1239	
"mux"@hy-x-west2348	<http://ids.clld.org/values/1-830-207-3>		<http://ids.clld.org/parameters/1-830>		<http://ids.clld.org/values/1-830-823-1>		"kahɔ:j.3"@scb-x-rucc1239	
"mux"@hy-x-west2348	<http://ids.clld.org/values/1-830-207-3>		<http://ids.clld.org/parameters/1-830>		<http://ids.clld.org/values/1-830-823-2>		"camaŋ.1"@scb-x-rucc1239	
"mux"@hy-x-west2348	<http://ids.clld.org/values/1-830-207-3>		<http://ids.clld.org/parameters/1-830>		<http://ids.clld.org/values/1-830-823-3>		"patj.1"@scb-x-rucc1239	
"tˀ[ə]ɣamard"@hy-x-east2283	<http://ids.clld.org/values/2-210-206-1>		<http://ids.clld.org/parameters/2-210>		<http://ids.clld.org/values/2-210-823-1>		"puku:ń.3"@scb-x-rucc1239	
"tor(nig)"@hy-x-west2348	<http://ids.clld.org/values/2-480-207-1>		<http://ids.clld.org/parameters/2-480>		<http://ids.clld.org/values/2-480-823-1>		"cw.3"@scb-x-rucc1239	
"g[ə]rdser kuyr"@hy-x-west2348	<http://ids.clld.org/values/2-455-207-1>		<http://ids.clld.org/parameters/2-455>		<http://ids.clld.org/values/2-455-823-1>		"ceɛ.$"@scb-x-rucc1239	
"hor"@hy-x-east2283	<http://ids.clld.org/values/1-370-206-7>		<http://ids.clld.org/parameters/1-370>		<http://ids.clld.org/values/1-370-823-1>		"ru:k.4"@scb-x-rucc1239	
"hoɣ"@hy-x-west2348	<http://ids.clld.org/values/1-212-207-1>		<http://ids.clld.org/parameters/1-212>		<http://ids.clld.org/values/1-212-823-1>		"bə:n.3"@scb-x-rucc1239	
"horakʰuyr"@hy-x-east2283	<http://ids.clld.org/values/2-522-206-1>		<http://ids.clld.org/parameters/2-522>		<http://ids.clld.org/values/2-522-823-2>		"ʔɔ.1"@scb-x-rucc1239	
"horakʰuyr"@hy-x-east2283	<http://ids.clld.org/values/2-522-206-1>		<http://ids.clld.org/parameters/2-522>		<http://ids.clld.org/values/2-522-823-1>		"ja.1"@scb-x-rucc1239	
"gin"@hy-x-west2348	<http://ids.clld.org/values/2-320-207-1>		<http://ids.clld.org/parameters/2-320>		<http://ids.clld.org/values/2-320-823-1>		"makj.3"@scb-x-rucc1239	
"moryeɣbayr"@hy-x-east2283	<http://ids.clld.org/values/2-511-206-3>		<http://ids.clld.org/parameters/2-511>		<http://ids.clld.org/values/2-511-823-1>		"ta.1"@scb-x-rucc1239	
"moryeɣbayr"@hy-x-east2283	<http://ids.clld.org/values/2-511-206-3>		<http://ids.clld.org/parameters/2-511>		<http://ids.clld.org/values/2-511-823-2>		"ta.1"@scb-x-rucc1239	
"moryeɣbayr"@hy-x-east2283	<http://ids.clld.org/values/2-511-206-3>		<http://ids.clld.org/parameters/2-511>		<http://ids.clld.org/values/2-511-823-3>		"kw.4"@scb-x-rucc1239	
"varelapayd"@hy-x-west2348	<http://ids.clld.org/values/1-880-207-1>		<http://ids.clld.org/parameters/1-880>		<http://ids.clld.org/values/1-880-823-1>		"ku:r.1"@scb-x-rucc1239	
"ek"@hy-x-west2348	<http://ids.clld.org/values/2-240-207-1>		<http://ids.clld.org/parameters/2-240>		<http://ids.clld.org/values/2-240-823-1>		"kj.3"@scb-x-rucc1239	
"vordi"@hy-x-east2283	<http://ids.clld.org/values/2-410-206-1>		<http://ids.clld.org/parameters/2-410>		<http://ids.clld.org/values/2-410-823-1>		"kɔ:n.1 puku:ń.3"@scb-x-rucc1239	
"med͜z hayr"@hy-x-west2348	<http://ids.clld.org/values/2-460-207-1>		<http://ids.clld.org/parameters/2-460>		<http://ids.clld.org/values/2-460-823-1>		"pw.1"@scb-x-rucc1239	
"med͜z hayr"@hy-x-west2348	<http://ids.clld.org/values/2-460-207-1>		<http://ids.clld.org/parameters/2-460>		<http://ids.clld.org/values/2-460-823-2>		"ta.1"@scb-x-rucc1239	
"med͜z mayr"@hy-x-west2348	<http://ids.clld.org/values/2-470-207-1>		<http://ids.clld.org/parameters/2-470>		<http://ids.clld.org/values/2-470-823-1>		"za.1"@scb-x-rucc1239	
"med͜z mayr"@hy-x-west2348	<http://ids.clld.org/values/2-470-207-1>		<http://ids.clld.org/parameters/2-470>		<http://ids.clld.org/values/2-470-823-2>		"na:j.1"@scb-x-rucc1239	
"aɣbyur"@hy-x-east2283	<http://ids.clld.org/values/1-370-206-1>		<http://ids.clld.org/parameters/1-370>		<http://ids.clld.org/values/1-370-823-1>		"ru:k.4"@scb-x-rucc1239	
"aru"@hy-x-west2348	<http://ids.clld.org/values/2-230-207-1>		<http://ids.clld.org/parameters/2-230>		<http://ids.clld.org/values/2-230-823-1>		"tɨk.4"@scb-x-rucc1239	
"avag kʰuyr"@hy-x-east2283	<http://ids.clld.org/values/2-454-206-1>		<http://ids.clld.org/parameters/2-454>		<http://ids.clld.org/values/2-454-823-1>		"cj.4"@scb-x-rucc1239	
"ayrel"@hy-x-east2283	<http://ids.clld.org/values/1-851-206-1>		<http://ids.clld.org/parameters/1-851>		<http://ids.clld.org/values/1-851-823-1>		"tu:c.3"@scb-x-rucc1239	
"kʰarand͜zav"@hy-x-east2283	<http://ids.clld.org/values/1-280-206-5>		<http://ids.clld.org/parameters/1-280>		<http://ids.clld.org/values/1-280-823-1>		"kɨ:p.4"@scb-x-rucc1239	
"šuk"@hy-x-west2348	<http://ids.clld.org/values/1-630-207-3>		<http://ids.clld.org/parameters/1-630>		<http://ids.clld.org/values/1-630-823-1>		"pɔ:ŋ.3"@scb-x-rucc1239	
"dustˀ[ə]r"@hy-x-east2283	<http://ids.clld.org/values/2-420-206-1>		<http://ids.clld.org/parameters/2-420>		<http://ids.clld.org/values/2-420-823-1>		"kɔ:n.1 pukj.3"@scb-x-rucc1239	
"and͜zrev"@hy-x-east2283	<http://ids.clld.org/values/1-750-206-1>		<http://ids.clld.org/parameters/1-750>		<http://ids.clld.org/values/1-750-823-1>		"kəməa.2"@scb-x-rucc1239	
"naxahayrer"@hy-x-east2283	<http://ids.clld.org/values/2-560-206-1>		<http://ids.clld.org/parameters/2-560>		<http://ids.clld.org/values/2-560-823-1>		"ʔo:ŋ.1 pluok.4"@scb-x-rucc1239	
"yerkˀinkʰ"@hy-x-east2283	<http://ids.clld.org/values/1-510-206-1>		<http://ids.clld.org/parameters/1-510>		<http://ids.clld.org/values/1-510-823-1>		"plə:j.2"@scb-x-rucc1239	
"gesur"@hy-x-west2348	<http://ids.clld.org/values/2-620-207-3>		<http://ids.clld.org/parameters/2-620>		<http://ids.clld.org/values/2-620-823-1>		"meɛ.4 makj.3"@scb-x-rucc1239	
"badani"@hy-x-west2348	<http://ids.clld.org/values/2-251-207-1>		<http://ids.clld.org/parameters/2-251>		<http://ids.clld.org/values/2-251-823-1>		"ba:w.1"@scb-x-rucc1239	
"ar̃u"@hy-x-east2283	<http://ids.clld.org/values/1-360-206-5>		<http://ids.clld.org/parameters/1-360>		<http://ids.clld.org/values/1-360-823-1>		"ju:ŋ.4"@scb-x-rucc1239	
"ar̃u"@hy-x-east2283	<http://ids.clld.org/values/1-360-206-5>		<http://ids.clld.org/parameters/1-360>		<http://ids.clld.org/values/1-360-823-2>		"cərɔ:k.3"@scb-x-rucc1239	
"arev"@hy-x-west2348	<http://ids.clld.org/values/1-520-207-1>		<http://ids.clld.org/parameters/1-520>		<http://ids.clld.org/values/1-520-823-1>		"məʌt.4 kara:ŋ.1"@scb-x-rucc1239	
"yergir"@hy-x-west2348	<http://ids.clld.org/values/1-210-207-1>		<http://ids.clld.org/parameters/1-210>		<http://ids.clld.org/values/1-210-823-1>		"bə:n.3"@scb-x-rucc1239	
"keri"@hy-x-west2348	<http://ids.clld.org/values/2-511-207-1>		<http://ids.clld.org/parameters/2-511>		<http://ids.clld.org/values/2-511-823-1>		"ta.1"@scb-x-rucc1239	
"keri"@hy-x-west2348	<http://ids.clld.org/values/2-511-207-1>		<http://ids.clld.org/parameters/2-511>		<http://ids.clld.org/values/2-511-823-2>		"ta.1"@scb-x-rucc1239	
"keri"@hy-x-west2348	<http://ids.clld.org/values/2-511-207-1>		<http://ids.clld.org/parameters/2-511>		<http://ids.clld.org/values/2-511-823-3>		"kw.4"@scb-x-rucc1239	
"gesur"@hy-x-west2348	<http://ids.clld.org/values/2-621-207-1>		<http://ids.clld.org/parameters/2-621>		<http://ids.clld.org/values/2-621-823-1>		"meɛ.4 maku:ń.3"@scb-x-rucc1239	
"aragan ser"@hy-x-west2348	<http://ids.clld.org/values/2-230-207-3>		<http://ids.clld.org/parameters/2-230>		<http://ids.clld.org/values/2-230-823-1>		"tɨk.4"@scb-x-rucc1239	
"horakuyr"@hy-x-west2348	<http://ids.clld.org/values/2-522-207-1>		<http://ids.clld.org/parameters/2-522>		<http://ids.clld.org/values/2-522-823-2>		"ʔɔ.1"@scb-x-rucc1239	
"horakuyr"@hy-x-west2348	<http://ids.clld.org/values/2-522-207-1>		<http://ids.clld.org/parameters/2-522>		<http://ids.clld.org/values/2-522-823-1>		"ja.1"@scb-x-rucc1239	
"godoš"@hy-x-west2348	<http://ids.clld.org/values/4-170-207-3>		<http://ids.clld.org/parameters/4-170>		<http://ids.clld.org/values/4-170-823-1>		"krɨŋ"@scb-x-rucc1239	
"oriord"@hy-x-east2283	<http://ids.clld.org/values/2-261-206-3>		<http://ids.clld.org/parameters/2-261>		<http://ids.clld.org/values/2-261-823-1>		"puma:j.3"@scb-x-rucc1239	
"hov"@hy-x-west2348	<http://ids.clld.org/values/1-720-207-1>		<http://ids.clld.org/parameters/1-720>		<http://ids.clld.org/values/1-720-823-1>		"kajɔ.3"@scb-x-rucc1239	
"amusin"@hy-x-east2283	<http://ids.clld.org/values/2-310-206-1>		<http://ids.clld.org/parameters/2-310>		<http://ids.clld.org/values/2-310-823-1>		"məku:ń.3"@scb-x-rucc1239	
"yeɣbor aɣǰikˀ"@hy-x-east2283	<http://ids.clld.org/values/2-540-206-1>		<http://ids.clld.org/parameters/2-540>		<http://ids.clld.org/values/2-540-823-1>		"cw.3"@scb-x-rucc1239	
"lusin"@hy-x-east2283	<http://ids.clld.org/values/1-530-206-1>		<http://ids.clld.org/parameters/1-530>		<http://ids.clld.org/values/1-530-823-1>		"puləan.2"@scb-x-rucc1239	
"maraxuɣ"@hy-x-west2348	<http://ids.clld.org/values/1-740-207-3>		<http://ids.clld.org/parameters/1-740>		<http://ids.clld.org/values/1-740-823-1>		"tulu:k.3"@scb-x-rucc1239	
"avak kuyr"@hy-x-west2348	<http://ids.clld.org/values/2-454-207-1>		<http://ids.clld.org/parameters/2-454>		<http://ids.clld.org/values/2-454-823-1>		"cj.4"@scb-x-rucc1239	
"amb"@hy-x-west2348	<http://ids.clld.org/values/1-730-207-1>		<http://ids.clld.org/parameters/1-730>		<http://ids.clld.org/values/1-730-823-1>		"məl.1"@scb-x-rucc1239	
"pʰaylakˀ"@hy-x-east2283	<http://ids.clld.org/values/1-550-206-3>		<http://ids.clld.org/parameters/1-550>		<http://ids.clld.org/values/1-550-823-1>		"ala:r.3"@scb-x-rucc1239	
"ampˀ"@hy-x-east2283	<http://ids.clld.org/values/1-730-206-1>		<http://ids.clld.org/parameters/1-730>		<http://ids.clld.org/values/1-730-823-1>		"məl.1"@scb-x-rucc1239	
"boz"@hy-x-west2348	<http://ids.clld.org/values/4-170-207-1>		<http://ids.clld.org/parameters/4-170>		<http://ids.clld.org/values/4-170-823-1>		"krɨŋ"@scb-x-rucc1239	
"kˀayc̷ˀakˀ"@hy-x-east2283	<http://ids.clld.org/values/1-550-206-1>		<http://ids.clld.org/parameters/1-550>		<http://ids.clld.org/values/1-550-823-1>		"ala:r.3"@scb-x-rucc1239	
"arev"@hy-x-east2283	<http://ids.clld.org/values/1-520-206-1>		<http://ids.clld.org/parameters/1-520>		<http://ids.clld.org/values/1-520-823-1>		"məʌt.4 kara:ŋ.1"@scb-x-rucc1239	
"h[ə]rkˀizel"@hy-x-east2283	<http://ids.clld.org/values/1-860-206-5>		<http://ids.clld.org/parameters/1-860>		<http://ids.clld.org/values/1-860-823-1>		"tu:c.3"@scb-x-rucc1239	
"astˀ[ə]ɣ"@hy-x-east2283	<http://ids.clld.org/values/1-540-206-1>		<http://ids.clld.org/parameters/1-540>		<http://ids.clld.org/values/1-540-823-1>		"kumi:ŋ.1"@scb-x-rucc1239	
"šukʰ"@hy-x-east2283	<http://ids.clld.org/values/1-630-206-3>		<http://ids.clld.org/parameters/1-630>		<http://ids.clld.org/values/1-630-823-1>		"pɔ:ŋ.3"@scb-x-rucc1239	
"mar̃axuɣ"@hy-x-east2283	<http://ids.clld.org/values/1-740-206-3>		<http://ids.clld.org/parameters/1-740>		<http://ids.clld.org/values/1-740-823-1>		"tulu:k.3"@scb-x-rucc1239	
"kʰroǰordi"@hy-x-east2283	<http://ids.clld.org/values/2-530-206-3>		<http://ids.clld.org/parameters/2-530>		<http://ids.clld.org/values/2-530-823-1>		"cw.3"@scb-x-rucc1239	
"hovid"@hy-x-west2348	<http://ids.clld.org/values/1-240-207-1>		<http://ids.clld.org/parameters/1-240>		<http://ids.clld.org/values/1-240-823-1>		"ulu:ŋ.1"@scb-x-rucc1239	
"ǰur"@hy-x-east2283	<http://ids.clld.org/values/1-310-206-1>		<http://ids.clld.org/parameters/1-310>		<http://ids.clld.org/values/1-310-823-1>		"da:k.3"@scb-x-rucc1239	
"č[ə]rhor"@hy-x-west2348	<http://ids.clld.org/values/1-370-207-5>		<http://ids.clld.org/parameters/1-370>		<http://ids.clld.org/values/1-370-823-1>		"ru:k.4"@scb-x-rucc1239	
"c̷ʰoɣ"@hy-x-east2283	<http://ids.clld.org/values/1-640-206-1>		<http://ids.clld.org/parameters/1-640>		<http://ids.clld.org/values/1-640-823-1>		"da:k.3 mw.2"@scb-x-rucc1239	
"p[ə]lur"@hy-x-west2348	<http://ids.clld.org/values/1-220-207-3>		<http://ids.clld.org/parameters/1-220>		<http://ids.clld.org/values/1-220-823-2>		"do:l.1"@scb-x-rucc1239	
"p[ə]lur"@hy-x-west2348	<http://ids.clld.org/values/1-220-207-3>		<http://ids.clld.org/parameters/1-220>		<http://ids.clld.org/values/1-220-823-1>		"cɨ:t.3"@scb-x-rucc1239	
