"баб"@kap	<http://ids.clld.org/values/4-142-160-1>		<http://ids.clld.org/parameters/4-142>		<http://ids.clld.org/values/4-142-280-1>		"'kɨni"@pcp	
"аьᴴгьйо"@kap-x-khoc1238	<http://ids.clld.org/values/12-850-517-3>		<http://ids.clld.org/parameters/12-850>		<http://ids.clld.org/values/12-850-280-1>		"'kini"@pcp	
"билІо"@kap-x-khoc1238	<http://ids.clld.org/values/7-120-517-1>		<http://ids.clld.org/parameters/7-120>		<http://ids.clld.org/values/7-120-280-1>		"'ṣ̌owo"@pcp	
"къорас ийо"@kap-x-tlya1238	<http://ids.clld.org/values/2-360-531-5>		<http://ids.clld.org/parameters/2-360>		<http://ids.clld.org/values/2-360-280-1>		"'kai"@pcp	
"диъи"@kap-x-khoc1238	<http://ids.clld.org/values/8-570-517-1>		<http://ids.clld.org/parameters/8-570>		<http://ids.clld.org/values/8-570-280-3>		"řeṣ̌'pana"@pcp	
"диъи"@kap-x-khoc1238	<http://ids.clld.org/values/8-570-517-1>		<http://ids.clld.org/parameters/8-570>		<http://ids.clld.org/values/8-570-280-1>		"'hoa"@pcp	
"ришелал"@kap-x-tlya1238	<http://ids.clld.org/values/9-270-531-1>		<http://ids.clld.org/parameters/9-270>		<http://ids.clld.org/values/9-270-280-1>		"ma'tošmaki"@pcp	
"миц"@kap	<http://ids.clld.org/values/4-260-160-1>		<http://ids.clld.org/parameters/4-260>		<http://ids.clld.org/values/4-260-280-1>		"'hana"@pcp	
"хаьбаь"@kap-x-tlya1238	<http://ids.clld.org/values/4-350-531-1>		<http://ids.clld.org/parameters/4-350>		<http://ids.clld.org/values/4-350-280-1>		"'wiko"@pcp	
"гього"@kap-x-tlya1238	<http://ids.clld.org/values/2-930-531-9>		<http://ids.clld.org/parameters/2-930>		<http://ids.clld.org/values/2-930-280-1>		"'haa"@pcp	
"муьчІ"@kap-x-khoc1238	<http://ids.clld.org/values/4-140-517-1>		<http://ids.clld.org/parameters/4-140>		<http://ids.clld.org/values/4-140-280-1>		"'woo"@pcp	
"тит"@kap	<http://ids.clld.org/values/1-840-160-1>		<http://ids.clld.org/parameters/1-840>		<http://ids.clld.org/values/1-840-280-1>		"'mišpo"@pcp	
"итІино"@kap-x-khoc1238	<http://ids.clld.org/values/12-560-517-1>		<http://ids.clld.org/parameters/12-560>		<http://ids.clld.org/values/12-560-280-1>		"'mišni"@pcp	
"або"@kap-x-tlya1238	<http://ids.clld.org/values/2-350-531-1>		<http://ids.clld.org/parameters/2-350>		<http://ids.clld.org/values/2-350-280-1>		"'ɨpa"@pcp	
"або"@kap-x-tlya1238	<http://ids.clld.org/values/2-350-531-1>		<http://ids.clld.org/parameters/2-350>		<http://ids.clld.org/values/2-350-280-3>		"'ʔɨpa"@pcp	
"або"@kap-x-khoc1238	<http://ids.clld.org/values/2-350-517-1>		<http://ids.clld.org/parameters/2-350>		<http://ids.clld.org/values/2-350-280-1>		"'ɨpa"@pcp	
"або"@kap-x-khoc1238	<http://ids.clld.org/values/2-350-517-1>		<http://ids.clld.org/parameters/2-350>		<http://ids.clld.org/values/2-350-280-3>		"'ʔɨpa"@pcp	
"бетІергьан"@kap-x-khoc1238	<http://ids.clld.org/values/2-310-517-1>		<http://ids.clld.org/parameters/2-310>		<http://ids.clld.org/values/2-310-280-1>		"'wɨnɨ"@pcp	
"палма"@kap-x-khoc1238	<http://ids.clld.org/values/8-810-517-1>		<http://ids.clld.org/parameters/8-810>		<http://ids.clld.org/values/8-810-280-1>		"'koti"@pcp	
"баб"@kap-x-tlya1238	<http://ids.clld.org/values/4-142-531-1>		<http://ids.clld.org/parameters/4-142>		<http://ids.clld.org/values/4-142-280-1>		"'kɨni"@pcp	
"гьаьре"@kap-x-khoc1238	<http://ids.clld.org/values/4-210-517-1>		<http://ids.clld.org/parameters/4-210>		<http://ids.clld.org/values/4-210-280-1>		"'wɨřo"@pcp	
"каьлаь"@kap	<http://ids.clld.org/values/3-831-160-1>		<http://ids.clld.org/parameters/3-831>		<http://ids.clld.org/values/3-831-280-1>		"'šio"@pcp	
"каьлаь"@kap	<http://ids.clld.org/values/3-831-160-1>		<http://ids.clld.org/parameters/3-831>		<http://ids.clld.org/values/3-831-280-3>		"'čio"@pcp	
"чІихоь"@kap-x-tlya1238	<http://ids.clld.org/values/12-440-531-1>		<http://ids.clld.org/parameters/12-440>		<http://ids.clld.org/values/12-440-280-1>		"nɨ'ama"@pcp	
"аᴴхІ"@kap-x-tlya1238	<http://ids.clld.org/values/12-850-531-3>		<http://ids.clld.org/parameters/12-850>		<http://ids.clld.org/values/12-850-280-1>		"'kini"@pcp	
"гьас хъаьлІеролъи"@kap-x-tlya1238	<http://ids.clld.org/values/1-560-531-1>		<http://ids.clld.org/parameters/1-560>		<http://ids.clld.org/values/1-560-280-1>		"'naina"@pcp	
"билъо"@kap-x-tlya1238	<http://ids.clld.org/values/3-750-531-1>		<http://ids.clld.org/parameters/3-750>		<http://ids.clld.org/values/3-750-280-1>		"'čaṣ̌o"@pcp	
"цІу"@kap-x-khoc1238	<http://ids.clld.org/values/3-832-517-1>		<http://ids.clld.org/parameters/3-832>		<http://ids.clld.org/values/3-832-280-1>		"'wii"@pcp	
"гьагъола"@kap-x-tlya1238	<http://ids.clld.org/values/2-280-531-5>		<http://ids.clld.org/parameters/2-280>		<http://ids.clld.org/values/2-280-280-1>		"'wakɨ 'pistia"@pcp	
"лІордена"@kap	<http://ids.clld.org/values/3-823-160-1>		<http://ids.clld.org/parameters/3-823>		<http://ids.clld.org/values/3-823-280-1>		"'wina"@pcp	
"лIаплагъе"@kap-x-khoc1238	<http://ids.clld.org/values/3-950-517-1>		<http://ids.clld.org/parameters/3-950>		<http://ids.clld.org/values/3-950-280-1>		"wɨṣ̌ko"@pcp	
"гӯцас лъи"@kap-x-tlya1238	<http://ids.clld.org/values/1-360-531-7>		<http://ids.clld.org/parameters/1-360>		<http://ids.clld.org/values/1-360-280-1>		"'ʔani"@pcp	
"гӯцас лъи"@kap-x-tlya1238	<http://ids.clld.org/values/1-360-531-7>		<http://ids.clld.org/parameters/1-360>		<http://ids.clld.org/values/1-360-280-3>		"'pao"@pcp	
"руз"@kap-x-khoc1238	<http://ids.clld.org/values/3-596-517-1>		<http://ids.clld.org/parameters/3-596>		<http://ids.clld.org/values/3-596-280-1>		"'popo"@pcp	
"гъаьше"@kap	<http://ids.clld.org/values/4-120-160-3>		<http://ids.clld.org/parameters/4-120>		<http://ids.clld.org/values/4-120-280-1>		"'wiči"@pcp	
"цІудйо"@kap-x-khoc1238	<http://ids.clld.org/values/15-660-517-1>		<http://ids.clld.org/parameters/15-660>		<http://ids.clld.org/values/15-660-280-1>		"'šini"@pcp	
"гьуни"@kap-x-khoc1238	<http://ids.clld.org/values/2-930-517-3>		<http://ids.clld.org/parameters/2-930>		<http://ids.clld.org/values/2-930-280-1>		"'haa"@pcp	
"пиртІи"@kap-x-khoc1238	<http://ids.clld.org/values/4-441-517-1>		<http://ids.clld.org/parameters/4-441>		<http://ids.clld.org/values/4-441-280-1>		"'taṣ̌a"@pcp	
"пачалихъ"@kap-x-tlya1238	<http://ids.clld.org/values/1-210-531-3>		<http://ids.clld.org/parameters/1-210>		<http://ids.clld.org/values/1-210-280-1>		"'mai"@pcp	
"низāл"@kap	<http://ids.clld.org/values/9-360-160-1>		<http://ids.clld.org/parameters/9-360>		<http://ids.clld.org/values/9-360-280-1>		"'aši"@pcp	
"симилди"@kap	<http://ids.clld.org/values/8-470-160-3>		<http://ids.clld.org/parameters/8-470>		<http://ids.clld.org/values/8-470-280-1>		"'ṣ̌ɨki"@pcp	
"руьчІаьл’"@kap-x-tlya1238	<http://ids.clld.org/values/9-220-531-3>		<http://ids.clld.org/parameters/9-220>		<http://ids.clld.org/values/9-220-280-1>		"'kɨɨsakia"@pcp	
"куро"@kap-x-tlya1238	<http://ids.clld.org/values/1-360-531-3>		<http://ids.clld.org/parameters/1-360>		<http://ids.clld.org/values/1-360-280-1>		"'ʔani"@pcp	
"куро"@kap-x-tlya1238	<http://ids.clld.org/values/1-360-531-3>		<http://ids.clld.org/parameters/1-360>		<http://ids.clld.org/values/1-360-280-3>		"'pao"@pcp	
"уьжмуьжи"@kap-x-tlya1238	<http://ids.clld.org/values/3-823-531-3>		<http://ids.clld.org/parameters/3-823>		<http://ids.clld.org/values/3-823-280-1>		"'wina"@pcp	
"гьудо"@kap-x-tlya1238	<http://ids.clld.org/values/1-880-531-1>		<http://ids.clld.org/parameters/1-880>		<http://ids.clld.org/values/1-880-280-1>		"'kařo"@pcp	
"гейро"@kap-x-tlya1238	<http://ids.clld.org/values/3-750-531-9>		<http://ids.clld.org/parameters/3-750>		<http://ids.clld.org/values/3-750-280-1>		"'čaṣ̌o"@pcp	
"атā"@kap-x-tlya1238	<http://ids.clld.org/values/12-440-531-3>		<http://ids.clld.org/parameters/12-440>		<http://ids.clld.org/values/12-440-280-1>		"nɨ'ama"@pcp	
"ца"@kap-x-tlya1238	<http://ids.clld.org/values/1-540-531-1>		<http://ids.clld.org/parameters/1-540>		<http://ids.clld.org/values/1-540-280-1>		"'wištima"@pcp	
"мигьна"@kap-x-khoc1238	<http://ids.clld.org/values/3-581-517-1>		<http://ids.clld.org/parameters/3-581>		<http://ids.clld.org/values/3-581-280-1>		"'isko"@pcp	
"бихьинчи"@kap-x-tlya1238	<http://ids.clld.org/values/2-210-531-5>		<http://ids.clld.org/parameters/2-210>		<http://ids.clld.org/values/2-210-280-1>		"'honi"@pcp	
"гьаьтІтІоь"@kap	<http://ids.clld.org/values/5-550-160-1>		<http://ids.clld.org/parameters/5-550>		<http://ids.clld.org/values/5-550-280-1>		"'moto"@pcp	
"гъаьше"@kap-x-tlya1238	<http://ids.clld.org/values/4-120-531-3>		<http://ids.clld.org/parameters/4-120>		<http://ids.clld.org/values/4-120-280-1>		"'wiči"@pcp	
"келаь"@kap-x-tlya1238	<http://ids.clld.org/values/3-831-531-1>		<http://ids.clld.org/parameters/3-831>		<http://ids.clld.org/values/3-831-280-1>		"'šio"@pcp	
"келаь"@kap-x-tlya1238	<http://ids.clld.org/values/3-831-531-1>		<http://ids.clld.org/parameters/3-831>		<http://ids.clld.org/values/3-831-280-3>		"'čio"@pcp	
"хIаре рехелал"@kap-x-tlya1238	<http://ids.clld.org/values/15-510-531-3>		<http://ids.clld.org/parameters/15-510>		<http://ids.clld.org/values/15-510-280-1>		"his'pa"@pcp	
"хIаре рехелал"@kap-x-tlya1238	<http://ids.clld.org/values/15-510-531-3>		<http://ids.clld.org/parameters/15-510>		<http://ids.clld.org/values/15-510-280-3>		"'hisna"@pcp	
"бамбалаш гъечІе"@kap-x-tlya1238	<http://ids.clld.org/values/6-240-531-1>		<http://ids.clld.org/parameters/6-240>		<http://ids.clld.org/values/6-240-280-1>		"waṣ̌'mɨna"@pcp	
"боцо"@kap-x-khoc1238	<http://ids.clld.org/values/1-530-517-1>		<http://ids.clld.org/parameters/1-530>		<http://ids.clld.org/values/1-530-280-1>		"'ʔoṣ̌ɨ"@pcp	
"гього"@kap-x-khoc1238	<http://ids.clld.org/values/2-930-517-9>		<http://ids.clld.org/parameters/2-930>		<http://ids.clld.org/values/2-930-280-1>		"'haa"@pcp	
"раьгъелаьл’"@kap-x-tlya1238	<http://ids.clld.org/values/9-270-531-7>		<http://ids.clld.org/parameters/9-270>		<http://ids.clld.org/values/9-270-280-1>		"ma'tošmaki"@pcp	
"нукōлъи"@kap	<http://ids.clld.org/values/5-140-160-1>		<http://ids.clld.org/parameters/5-140>		<http://ids.clld.org/values/5-140-280-1>		"paṣ̌na'hai"@pcp	
"ралIокъерес мех"@kap-x-tlya1238	<http://ids.clld.org/values/14-410-531-3>		<http://ids.clld.org/parameters/14-410>		<http://ids.clld.org/values/14-410-280-1>		"'waři"@pcp	
"муьчІ"@kap-x-tlya1238	<http://ids.clld.org/values/4-140-531-1>		<http://ids.clld.org/parameters/4-140>		<http://ids.clld.org/values/4-140-280-1>		"'woo"@pcp	
"ришелал"@kap-x-khoc1238	<http://ids.clld.org/values/9-270-517-1>		<http://ids.clld.org/parameters/9-270>		<http://ids.clld.org/values/9-270-280-1>		"ma'tošmaki"@pcp	
"лодка"@kap-x-tlya1238	<http://ids.clld.org/values/10-831-531-3>		<http://ids.clld.org/parameters/10-831>		<http://ids.clld.org/values/10-831-280-1>		"'noti"@pcp	
"къона"@kap-x-khoc1238	<http://ids.clld.org/values/13-20-517-1>		<http://ids.clld.org/parameters/13-20>		<http://ids.clld.org/values/13-20-280-1>		"ra'wɨ"@pcp	
"або"@kap	<http://ids.clld.org/values/2-350-160-1>		<http://ids.clld.org/parameters/2-350>		<http://ids.clld.org/values/2-350-280-1>		"'ɨpa"@pcp	
"або"@kap	<http://ids.clld.org/values/2-350-160-1>		<http://ids.clld.org/parameters/2-350>		<http://ids.clld.org/values/2-350-280-3>		"'ʔɨpa"@pcp	
"лІаплагъе"@kap	<http://ids.clld.org/values/3-950-160-1>		<http://ids.clld.org/parameters/3-950>		<http://ids.clld.org/values/3-950-280-1>		"wɨṣ̌ko"@pcp	
"лъига"@kap-x-khoc1238	<http://ids.clld.org/values/3-750-517-7>		<http://ids.clld.org/parameters/3-750>		<http://ids.clld.org/values/3-750-280-1>		"'čaṣ̌o"@pcp	
"пиртІи"@kap-x-tlya1238	<http://ids.clld.org/values/4-441-531-1>		<http://ids.clld.org/parameters/4-441>		<http://ids.clld.org/values/4-441-280-1>		"'taṣ̌a"@pcp	
"ралIокъе̄ш мех"@kap-x-khoc1238	<http://ids.clld.org/values/14-410-517-3>		<http://ids.clld.org/parameters/14-410>		<http://ids.clld.org/values/14-410-280-1>		"'waři"@pcp	
"сукІо"@kap	<http://ids.clld.org/values/2-210-160-3>		<http://ids.clld.org/parameters/2-210>		<http://ids.clld.org/values/2-210-280-1>		"'honi"@pcp	
"папугай"@kap-x-khoc1238	<http://ids.clld.org/values/3-592-517-1>		<http://ids.clld.org/parameters/3-592>		<http://ids.clld.org/values/3-592-280-1>		"'wawa"@pcp	
"цІо"@kap	<http://ids.clld.org/values/1-810-160-1>		<http://ids.clld.org/parameters/1-810>		<http://ids.clld.org/values/1-810-280-1>		"'čiʔi"@pcp	
"гьаса хъаьлІейолъи"@kap	<http://ids.clld.org/values/1-560-160-1>		<http://ids.clld.org/parameters/1-560>		<http://ids.clld.org/values/1-560-280-1>		"'naina"@pcp	
"гугаро"@kap-x-tlya1238	<http://ids.clld.org/values/4-208-531-1>		<http://ids.clld.org/parameters/4-208>		<http://ids.clld.org/values/4-208-280-1>		"'tamo"@pcp	
"кеᴴйаᴴ"@kap	<http://ids.clld.org/values/4-140-160-3>		<http://ids.clld.org/parameters/4-140>		<http://ids.clld.org/values/4-140-280-1>		"'woo"@pcp	
"ровал"@kap-x-khoc1238	<http://ids.clld.org/values/9-110-517-1>		<http://ids.clld.org/parameters/9-110>		<http://ids.clld.org/values/9-110-280-1>		"i'wɨ"@pcp	
"симинди"@kap	<http://ids.clld.org/values/8-470-160-1>		<http://ids.clld.org/parameters/8-470>		<http://ids.clld.org/values/8-470-280-1>		"'ṣ̌ɨki"@pcp	
"коро"@kap-x-tlya1238	<http://ids.clld.org/values/4-310-531-1>		<http://ids.clld.org/parameters/4-310>		<http://ids.clld.org/values/4-310-280-1>		"po'yana"@pcp	
"симинди"@kap-x-tlya1238	<http://ids.clld.org/values/8-470-531-1>		<http://ids.clld.org/parameters/8-470>		<http://ids.clld.org/values/8-470-280-1>		"'ṣ̌ɨki"@pcp	
"къоргийан"@kap	<http://ids.clld.org/values/3-586-160-1>		<http://ids.clld.org/parameters/3-586>		<http://ids.clld.org/values/3-586-280-1>		"po'iko"@pcp	
"пийтІи"@kap	<http://ids.clld.org/values/4-441-160-1>		<http://ids.clld.org/parameters/4-441>		<http://ids.clld.org/values/4-441-280-1>		"'taṣ̌a"@pcp	
"гьоно"@kap-x-khoc1238	<http://ids.clld.org/values/2-930-517-7>		<http://ids.clld.org/parameters/2-930>		<http://ids.clld.org/values/2-930-280-1>		"'haa"@pcp	
"бицо"@kap	<http://ids.clld.org/values/4-310-160-1>		<http://ids.clld.org/parameters/4-310>		<http://ids.clld.org/values/4-310-280-1>		"po'yana"@pcp	
"хоьхоь"@kap	<http://ids.clld.org/values/1-420-160-1>		<http://ids.clld.org/parameters/1-420>		<http://ids.clld.org/values/1-420-280-1>		"'hiwi"@pcp	
"хІаьл’дийоь"@kap-x-tlya1238	<http://ids.clld.org/values/15-640-531-3>		<http://ids.clld.org/parameters/15-640>		<http://ids.clld.org/values/15-640-280-1>		"'hoṣ̌o"@pcp	
"хоьхоь"@kap-x-tlya1238	<http://ids.clld.org/values/8-600-531-1>		<http://ids.clld.org/parameters/8-600>		<http://ids.clld.org/values/8-600-280-1>		"'hiwi"@pcp	
"бетІергьан"@kap	<http://ids.clld.org/values/2-310-160-1>		<http://ids.clld.org/parameters/2-310>		<http://ids.clld.org/values/2-310-280-1>		"'wɨnɨ"@pcp	
"регаьлаьл’"@kap-x-tlya1238	<http://ids.clld.org/values/15-550-531-3>		<http://ids.clld.org/parameters/15-550>		<http://ids.clld.org/values/15-550-280-1>		"hi-'maki"@pcp	
"ракь"@kap	<http://ids.clld.org/values/1-210-160-1>		<http://ids.clld.org/parameters/1-210>		<http://ids.clld.org/values/1-210-280-1>		"'mai"@pcp	
"лед"@kap-x-tlya1238	<http://ids.clld.org/values/3-750-531-5>		<http://ids.clld.org/parameters/3-750>		<http://ids.clld.org/values/3-750-280-1>		"'čaṣ̌o"@pcp	
"пальма"@kap-x-tlya1238	<http://ids.clld.org/values/8-810-531-3>		<http://ids.clld.org/parameters/8-810>		<http://ids.clld.org/values/8-810-280-1>		"'koti"@pcp	
"абоц"@kap-x-khoc1238	<http://ids.clld.org/values/6-760-517-1>		<http://ids.clld.org/parameters/6-760>		<http://ids.clld.org/values/6-760-280-1>		"'kisi"@pcp	
"оᴴг"@kap-x-khoc1238	<http://ids.clld.org/values/9-250-517-1>		<http://ids.clld.org/parameters/9-250>		<http://ids.clld.org/values/9-250-280-1>		"[hača]"@pcp	
"цІихо"@kap-x-khoc1238	<http://ids.clld.org/values/12-440-517-1>		<http://ids.clld.org/parameters/12-440>		<http://ids.clld.org/values/12-440-280-1>		"nɨ'ama"@pcp	
"маьроь"@kap-x-khoc1238	<http://ids.clld.org/values/4-230-517-1>		<http://ids.clld.org/parameters/4-230>		<http://ids.clld.org/values/4-230-280-1>		"řɨ'kina"@pcp	
"гьас"@kap-x-khoc1238	<http://ids.clld.org/values/1-730-517-1>		<http://ids.clld.org/parameters/1-730>		<http://ids.clld.org/values/1-730-280-1>		"'c̷ɨmo"@pcp	
"баб"@kap-x-khoc1238	<http://ids.clld.org/values/4-142-517-1>		<http://ids.clld.org/parameters/4-142>		<http://ids.clld.org/values/4-142-280-1>		"'kɨni"@pcp	
"лъи"@kap-x-tlya1238	<http://ids.clld.org/values/1-310-531-1>		<http://ids.clld.org/parameters/1-310>		<http://ids.clld.org/values/1-310-280-1>		"'hɨnɨ"@pcp	
"гъаьше"@kap-x-khoc1238	<http://ids.clld.org/values/4-120-517-3>		<http://ids.clld.org/parameters/4-120>		<http://ids.clld.org/values/4-120-280-1>		"'wiči"@pcp	
"cи"@kap-x-khoc1238	<http://ids.clld.org/values/3-580-517-1>		<http://ids.clld.org/parameters/3-580>		<http://ids.clld.org/values/3-580-280-1>		"'naʔa"@pcp	
"бохъ"@kap-x-tlya1238	<http://ids.clld.org/values/1-520-531-1>		<http://ids.clld.org/parameters/1-520>		<http://ids.clld.org/values/1-520-280-1>		"'waři"@pcp	
"хизан"@kap-x-tlya1238	<http://ids.clld.org/values/2-320-531-3>		<http://ids.clld.org/parameters/2-320>		<http://ids.clld.org/values/2-320-280-1>		"ʔa'wini"@pcp	
"кьалис лІаплагъе"@kap	<http://ids.clld.org/values/3-980-160-1>		<http://ids.clld.org/parameters/3-980>		<http://ids.clld.org/values/3-980-280-1>		"'ṣ̌awɨ"@pcp	
"боцо"@kap	<http://ids.clld.org/values/1-530-160-1>		<http://ids.clld.org/parameters/1-530>		<http://ids.clld.org/values/1-530-280-1>		"'ʔoṣ̌ɨ"@pcp	
"гьаьлдийо"@kap	<http://ids.clld.org/values/15-640-160-1>		<http://ids.clld.org/parameters/15-640>		<http://ids.clld.org/values/15-640-280-1>		"'hoṣ̌o"@pcp	
"гьало"@kap-x-tlya1238	<http://ids.clld.org/values/4-370-531-1>		<http://ids.clld.org/parameters/4-370>		<http://ids.clld.org/values/4-370-280-1>		"'taʔɨ"@pcp	
"гІоьтІе"@kap-x-tlya1238	<http://ids.clld.org/values/3-950-531-1>		<http://ids.clld.org/parameters/3-950>		<http://ids.clld.org/values/3-950-280-1>		"wɨṣ̌ko"@pcp	
"аᴴхIхIо"@kap-x-tlya1238	<http://ids.clld.org/values/12-850-531-5>		<http://ids.clld.org/parameters/12-850>		<http://ids.clld.org/values/12-850-280-1>		"'kini"@pcp	
"лодка"@kap-x-khoc1238	<http://ids.clld.org/values/10-831-517-3>		<http://ids.clld.org/parameters/10-831>		<http://ids.clld.org/values/10-831-280-1>		"'noti"@pcp	
"бамбалас гъечІе"@kap-x-khoc1238	<http://ids.clld.org/values/6-240-517-1>		<http://ids.clld.org/parameters/6-240>		<http://ids.clld.org/values/6-240-280-1>		"waṣ̌'mɨna"@pcp	
"гьуди"@kap-x-tlya1238	<http://ids.clld.org/values/2-930-531-1>		<http://ids.clld.org/parameters/2-930>		<http://ids.clld.org/values/2-930-280-1>		"'haa"@pcp	
"миц"@kap-x-khoc1238	<http://ids.clld.org/values/4-260-517-1>		<http://ids.clld.org/parameters/4-260>		<http://ids.clld.org/values/4-260-280-1>		"'hana"@pcp	
"болІоцас маьче"@kap-x-tlya1238	<http://ids.clld.org/values/8-120-531-3>		<http://ids.clld.org/parameters/8-120>		<http://ids.clld.org/values/8-120-280-1>		"'wai"@pcp	
"шебоь"@kap-x-tlya1238	<http://ids.clld.org/values/4-450-531-1>		<http://ids.clld.org/parameters/4-450>		<http://ids.clld.org/values/4-450-280-1>		"'taka"@pcp	
"до"@kap-x-tlya1238	<http://ids.clld.org/values/2-910-531-1>		<http://ids.clld.org/parameters/2-910>		<http://ids.clld.org/values/2-910-280-1>		"'ɨa"@pcp	
"нави"@kap-x-tlya1238	<http://ids.clld.org/values/10-831-531-1>		<http://ids.clld.org/parameters/10-831>		<http://ids.clld.org/values/10-831-280-1>		"'noti"@pcp	
"чІуьхІи"@kap-x-tlya1238	<http://ids.clld.org/values/8-570-531-1>		<http://ids.clld.org/parameters/8-570>		<http://ids.clld.org/values/8-570-280-3>		"řeṣ̌'pana"@pcp	
"чІуьхІи"@kap-x-tlya1238	<http://ids.clld.org/values/8-570-531-1>		<http://ids.clld.org/parameters/8-570>		<http://ids.clld.org/values/8-570-280-1>		"'hoa"@pcp	
"йишелал"@kap	<http://ids.clld.org/values/9-270-160-1>		<http://ids.clld.org/parameters/9-270>		<http://ids.clld.org/values/9-270-280-1>		"ma'tošmaki"@pcp	
"гьас"@kap	<http://ids.clld.org/values/1-730-160-1>		<http://ids.clld.org/parameters/1-730>		<http://ids.clld.org/values/1-730-280-1>		"'c̷ɨmo"@pcp	
"билІо"@kap-x-tlya1238	<http://ids.clld.org/values/7-120-531-1>		<http://ids.clld.org/parameters/7-120>		<http://ids.clld.org/values/7-120-280-1>		"'ṣ̌owo"@pcp	
"хоьхоь"@kap-x-khoc1238	<http://ids.clld.org/values/1-420-517-1>		<http://ids.clld.org/parameters/1-420>		<http://ids.clld.org/values/1-420-280-1>		"'hiwi"@pcp	
"ришелаьл’"@kap-x-tlya1238	<http://ids.clld.org/values/9-270-531-5>		<http://ids.clld.org/parameters/9-270>		<http://ids.clld.org/values/9-270-280-1>		"ma'tošmaki"@pcp	
"кьалис лIаплагъе"@kap-x-khoc1238	<http://ids.clld.org/values/3-980-517-1>		<http://ids.clld.org/parameters/3-980>		<http://ids.clld.org/values/3-980-280-1>		"'ṣ̌awɨ"@pcp	
"хаьбаь"@kap-x-khoc1238	<http://ids.clld.org/values/4-350-517-1>		<http://ids.clld.org/parameters/4-350>		<http://ids.clld.org/values/4-350-280-1>		"'wiko"@pcp	
"лъилъ рехелал"@kap-x-tlya1238	<http://ids.clld.org/values/9-360-531-3>		<http://ids.clld.org/parameters/9-360>		<http://ids.clld.org/values/9-360-280-1>		"'aši"@pcp	
"шимула"@kap-x-tlya1238	<http://ids.clld.org/values/3-750-531-13>		<http://ids.clld.org/parameters/3-750>		<http://ids.clld.org/values/3-750-280-1>		"'čaṣ̌o"@pcp	
"водо"@kap-x-khoc1238	<http://ids.clld.org/values/14-410-517-1>		<http://ids.clld.org/parameters/14-410>		<http://ids.clld.org/values/14-410-280-1>		"'waři"@pcp	
"сила"@kap	<http://ids.clld.org/values/4-270-160-1>		<http://ids.clld.org/parameters/4-270>		<http://ids.clld.org/values/4-270-280-1>		"'ṣ̌ɨna"@pcp	
"гьудо-цІо"@kap-x-tlya1238	<http://ids.clld.org/values/1-880-531-3>		<http://ids.clld.org/parameters/1-880>		<http://ids.clld.org/values/1-880-280-1>		"'kařo"@pcp	
"эᴴш-пихъ"@kap-x-tlya1238	<http://ids.clld.org/values/5-710-531-3>		<http://ids.clld.org/parameters/5-710>		<http://ids.clld.org/values/5-710-280-1>		"'kɨo"@pcp	
"кIирмат"@kap-x-khoc1238	<http://ids.clld.org/values/9-190-517-3>		<http://ids.clld.org/parameters/9-190>		<http://ids.clld.org/values/9-190-280-1>		"'taška"@pcp	
"цІӯᴴ"@kap	<http://ids.clld.org/values/3-832-160-1>		<http://ids.clld.org/parameters/3-832>		<http://ids.clld.org/values/3-832-280-1>		"'wii"@pcp	
"цаᴴ"@kap	<http://ids.clld.org/values/1-540-160-1>		<http://ids.clld.org/parameters/1-540>		<http://ids.clld.org/values/1-540-280-1>		"'wištima"@pcp	
"улка"@kap	<http://ids.clld.org/values/1-210-160-3>		<http://ids.clld.org/parameters/1-210>		<http://ids.clld.org/values/1-210-280-1>		"'mai"@pcp	
"регалал"@kap-x-tlya1238	<http://ids.clld.org/values/15-550-531-1>		<http://ids.clld.org/parameters/15-550>		<http://ids.clld.org/values/15-550-280-1>		"hi-'maki"@pcp	
"гьеᴴ"@kap	<http://ids.clld.org/values/4-150-160-1>		<http://ids.clld.org/parameters/4-150>		<http://ids.clld.org/values/4-150-280-1>		"'himi"@pcp	
"цІо"@kap-x-tlya1238	<http://ids.clld.org/values/1-810-531-1>		<http://ids.clld.org/parameters/1-810>		<http://ids.clld.org/values/1-810-280-1>		"'čiʔi"@pcp	
"гьаьлдийо"@kap-x-khoc1238	<http://ids.clld.org/values/15-640-517-1>		<http://ids.clld.org/parameters/15-640>		<http://ids.clld.org/values/15-640-280-1>		"'hoṣ̌o"@pcp	
"мигьна-чІехъ"@kap	<http://ids.clld.org/values/3-581-160-1>		<http://ids.clld.org/parameters/3-581>		<http://ids.clld.org/values/3-581-280-1>		"'isko"@pcp	
"бес"@kap-x-khoc1238	<http://ids.clld.org/values/4-120-517-1>		<http://ids.clld.org/parameters/4-120>		<http://ids.clld.org/values/4-120-280-1>		"'wiči"@pcp	
"регāл"@kap-x-khoc1238	<http://ids.clld.org/values/15-510-517-1>		<http://ids.clld.org/parameters/15-510>		<http://ids.clld.org/values/15-510-280-1>		"his'pa"@pcp	
"регāл"@kap-x-khoc1238	<http://ids.clld.org/values/15-510-517-1>		<http://ids.clld.org/parameters/15-510>		<http://ids.clld.org/values/15-510-280-3>		"'hisna"@pcp	
"ахъо"@kap-x-tlya1238	<http://ids.clld.org/values/2-320-531-1>		<http://ids.clld.org/parameters/2-320>		<http://ids.clld.org/values/2-320-280-1>		"ʔa'wini"@pcp	
"гьугьудо"@kap-x-tlya1238	<http://ids.clld.org/values/3-596-531-3>		<http://ids.clld.org/parameters/3-596>		<http://ids.clld.org/values/3-596-280-1>		"'popo"@pcp	
"бикинчи"@kap-x-khoc1238	<http://ids.clld.org/values/2-210-517-3>		<http://ids.clld.org/parameters/2-210>		<http://ids.clld.org/values/2-210-280-1>		"'honi"@pcp	
"оᴴг"@kap	<http://ids.clld.org/values/9-250-160-1>		<http://ids.clld.org/parameters/9-250>		<http://ids.clld.org/values/9-250-280-1>		"[hača]"@pcp	
"лед"@kap	<http://ids.clld.org/values/3-750-160-5>		<http://ids.clld.org/parameters/3-750>		<http://ids.clld.org/values/3-750-280-1>		"'čaṣ̌o"@pcp	
"гьуги"@kap	<http://ids.clld.org/values/2-930-160-1>		<http://ids.clld.org/parameters/2-930>		<http://ids.clld.org/values/2-930-280-1>		"'haa"@pcp	
"аᴴлъо"@kap-x-khoc1238	<http://ids.clld.org/values/3-750-517-3>		<http://ids.clld.org/parameters/3-750>		<http://ids.clld.org/values/3-750-280-1>		"'čaṣ̌o"@pcp	
"руьвероь"@kap-x-tlya1238	<http://ids.clld.org/values/12-560-531-1>		<http://ids.clld.org/parameters/12-560>		<http://ids.clld.org/values/12-560-280-1>		"'mišni"@pcp	
"готІ"@kap-x-tlya1238	<http://ids.clld.org/values/1-830-531-3>		<http://ids.clld.org/parameters/1-830>		<http://ids.clld.org/values/1-830-280-1>		"ko'ʔina"@pcp	
"хъаьлІоь"@kap-x-khoc1238	<http://ids.clld.org/values/4-120-517-5>		<http://ids.clld.org/parameters/4-120>		<http://ids.clld.org/values/4-120-280-1>		"'wiči"@pcp	
"эᴴхо"@kap-x-tlya1238	<http://ids.clld.org/values/1-360-531-1>		<http://ids.clld.org/parameters/1-360>		<http://ids.clld.org/values/1-360-280-1>		"'ʔani"@pcp	
"эᴴхо"@kap-x-tlya1238	<http://ids.clld.org/values/1-360-531-1>		<http://ids.clld.org/parameters/1-360>		<http://ids.clld.org/values/1-360-280-3>		"'pao"@pcp	
"баькъйо"@kap-x-khoc1238	<http://ids.clld.org/values/15-810-517-1>		<http://ids.clld.org/parameters/15-810>		<http://ids.clld.org/values/15-810-280-1>		"'iwɨ"@pcp	
"нави"@kap	<http://ids.clld.org/values/10-831-160-1>		<http://ids.clld.org/parameters/10-831>		<http://ids.clld.org/values/10-831-280-1>		"'noti"@pcp	
"мӣна"@kap-x-tlya1238	<http://ids.clld.org/values/3-550-531-1>		<http://ids.clld.org/parameters/3-550>		<http://ids.clld.org/values/3-550-280-1>		"pati'aři"@pcp	
"палма"@kap	<http://ids.clld.org/values/8-810-160-1>		<http://ids.clld.org/parameters/8-810>		<http://ids.clld.org/values/8-810-280-1>		"'koti"@pcp	
"эᴴхе"@kap	<http://ids.clld.org/values/1-360-160-1>		<http://ids.clld.org/parameters/1-360>		<http://ids.clld.org/values/1-360-280-1>		"'ʔani"@pcp	
"эᴴхе"@kap	<http://ids.clld.org/values/1-360-160-1>		<http://ids.clld.org/parameters/1-360>		<http://ids.clld.org/values/1-360-280-3>		"'pao"@pcp	
"тит’"@kap-x-tlya1238	<http://ids.clld.org/values/1-840-531-3>		<http://ids.clld.org/parameters/1-840>		<http://ids.clld.org/values/1-840-280-1>		"'mišpo"@pcp	
"гьасa хъаьлІеролъи"@kap-x-khoc1238	<http://ids.clld.org/values/1-560-517-1>		<http://ids.clld.org/parameters/1-560>		<http://ids.clld.org/values/1-560-280-1>		"'naina"@pcp	
"хIукумат"@kap-x-khoc1238	<http://ids.clld.org/values/1-210-517-5>		<http://ids.clld.org/parameters/1-210>		<http://ids.clld.org/values/1-210-280-1>		"'mai"@pcp	
"кьалилІко гІоьтІе"@kap-x-tlya1238	<http://ids.clld.org/values/3-980-531-3>		<http://ids.clld.org/parameters/3-980>		<http://ids.clld.org/values/3-980-280-1>		"'ṣ̌awɨ"@pcp	
"рагъелал"@kap-x-tlya1238	<http://ids.clld.org/values/9-270-531-3>		<http://ids.clld.org/parameters/9-270>		<http://ids.clld.org/values/9-270-280-1>		"ma'tošmaki"@pcp	
"йегāл"@kap	<http://ids.clld.org/values/15-510-160-1>		<http://ids.clld.org/parameters/15-510>		<http://ids.clld.org/values/15-510-280-1>		"his'pa"@pcp	
"йегāл"@kap	<http://ids.clld.org/values/15-510-160-1>		<http://ids.clld.org/parameters/15-510>		<http://ids.clld.org/values/15-510-280-3>		"'hisna"@pcp	
"хъо"@kap-x-khoc1238	<http://ids.clld.org/values/1-830-517-1>		<http://ids.clld.org/parameters/1-830>		<http://ids.clld.org/values/1-830-280-1>		"ko'ʔina"@pcp	
"йуьгьи"@kap	<http://ids.clld.org/values/1-360-160-5>		<http://ids.clld.org/parameters/1-360>		<http://ids.clld.org/values/1-360-280-1>		"'ʔani"@pcp	
"йуьгьи"@kap	<http://ids.clld.org/values/1-360-160-5>		<http://ids.clld.org/parameters/1-360>		<http://ids.clld.org/values/1-360-280-3>		"'pao"@pcp	
"къорас або"@kap-x-tlya1238	<http://ids.clld.org/values/2-350-531-3>		<http://ids.clld.org/parameters/2-350>		<http://ids.clld.org/values/2-350-280-1>		"'ɨpa"@pcp	
"къорас або"@kap-x-tlya1238	<http://ids.clld.org/values/2-350-531-3>		<http://ids.clld.org/parameters/2-350>		<http://ids.clld.org/values/2-350-280-3>		"'ʔɨpa"@pcp	
"папугай"@kap-x-tlya1238	<http://ids.clld.org/values/3-592-531-1>		<http://ids.clld.org/parameters/3-592>		<http://ids.clld.org/values/3-592-280-1>		"'wawa"@pcp	
"гьас-мус"@kap-x-tlya1238	<http://ids.clld.org/values/1-730-531-3>		<http://ids.clld.org/parameters/1-730>		<http://ids.clld.org/values/1-730-280-1>		"'c̷ɨmo"@pcp	
"гьеᴴ"@kap-x-khoc1238	<http://ids.clld.org/values/4-150-517-1>		<http://ids.clld.org/parameters/4-150>		<http://ids.clld.org/values/4-150-280-1>		"'himi"@pcp	
"аьᴴгьейо"@kap	<http://ids.clld.org/values/12-850-160-1>		<http://ids.clld.org/parameters/12-850>		<http://ids.clld.org/values/12-850-280-1>		"'kini"@pcp	
"шикІоь"@kap-x-tlya1238	<http://ids.clld.org/values/4-240-531-1>		<http://ids.clld.org/parameters/4-240>		<http://ids.clld.org/values/4-240-280-1>		"kɨ'wɨči"@pcp	
"палма"@kap-x-tlya1238	<http://ids.clld.org/values/8-810-531-1>		<http://ids.clld.org/parameters/8-810>		<http://ids.clld.org/values/8-810-280-1>		"'koti"@pcp	
"нуьшекIаьл"@kap-x-tlya1238	<http://ids.clld.org/values/9-270-531-9>		<http://ids.clld.org/parameters/9-270>		<http://ids.clld.org/values/9-270-280-1>		"ma'tošmaki"@pcp	
"биса"@kap-x-tlya1238	<http://ids.clld.org/values/3-650-531-1>		<http://ids.clld.org/parameters/3-650>		<http://ids.clld.org/values/3-650-280-3>		"'woɨ"@pcp	
"биса"@kap-x-tlya1238	<http://ids.clld.org/values/3-650-531-1>		<http://ids.clld.org/parameters/3-650>		<http://ids.clld.org/values/3-650-280-1>		"sa'nino"@pcp	
"беш"@kap	<http://ids.clld.org/values/4-120-160-1>		<http://ids.clld.org/parameters/4-120>		<http://ids.clld.org/values/4-120-280-1>		"'wiči"@pcp	
"боцо"@kap-x-tlya1238	<http://ids.clld.org/values/1-530-531-1>		<http://ids.clld.org/parameters/1-530>		<http://ids.clld.org/values/1-530-280-1>		"'ʔoṣ̌ɨ"@pcp	
"пихъ"@kap-x-khoc1238	<http://ids.clld.org/values/5-710-517-1>		<http://ids.clld.org/parameters/5-710>		<http://ids.clld.org/values/5-710-280-1>		"'kɨo"@pcp	
"ровал"@kap-x-tlya1238	<http://ids.clld.org/values/9-110-531-1>		<http://ids.clld.org/parameters/9-110>		<http://ids.clld.org/values/9-110-280-1>		"i'wɨ"@pcp	
"хIуькуьмаьт"@kap-x-tlya1238	<http://ids.clld.org/values/1-210-531-7>		<http://ids.clld.org/parameters/1-210>		<http://ids.clld.org/values/1-210-280-1>		"'mai"@pcp	
"сиᴴ"@kap	<http://ids.clld.org/values/3-580-160-1>		<http://ids.clld.org/parameters/3-580>		<http://ids.clld.org/values/3-580-280-1>		"'naʔa"@pcp	
"хоьхоь"@kap-x-khoc1238	<http://ids.clld.org/values/8-600-517-1>		<http://ids.clld.org/parameters/8-600>		<http://ids.clld.org/values/8-600-280-1>		"'hiwi"@pcp	
"гьоно"@kap-x-tlya1238	<http://ids.clld.org/values/2-930-531-7>		<http://ids.clld.org/parameters/2-930>		<http://ids.clld.org/values/2-930-280-1>		"'haa"@pcp	
"хемух"@kap-x-tlya1238	<http://ids.clld.org/values/8-540-531-1>		<http://ids.clld.org/parameters/8-540>		<http://ids.clld.org/values/8-540-280-1>		"ta'pono"@pcp	
"гьуни"@kap-x-tlya1238	<http://ids.clld.org/values/2-930-531-3>		<http://ids.clld.org/parameters/2-930>		<http://ids.clld.org/values/2-930-280-1>		"'haa"@pcp	
"баькъкъоь"@kap-x-tlya1238	<http://ids.clld.org/values/15-810-531-1>		<http://ids.clld.org/parameters/15-810>		<http://ids.clld.org/values/15-810-280-1>		"'iwɨ"@pcp	
"хаьбаь"@kap	<http://ids.clld.org/values/4-350-160-1>		<http://ids.clld.org/parameters/4-350>		<http://ids.clld.org/values/4-350-280-1>		"'wiko"@pcp	
"эᴴхо"@kap-x-khoc1238	<http://ids.clld.org/values/1-360-517-1>		<http://ids.clld.org/parameters/1-360>		<http://ids.clld.org/values/1-360-280-1>		"'ʔani"@pcp	
"эᴴхо"@kap-x-khoc1238	<http://ids.clld.org/values/1-360-517-1>		<http://ids.clld.org/parameters/1-360>		<http://ids.clld.org/values/1-360-280-3>		"'pao"@pcp	
"хIукумат"@kap-x-tlya1238	<http://ids.clld.org/values/1-210-531-5>		<http://ids.clld.org/parameters/1-210>		<http://ids.clld.org/values/1-210-280-1>		"'mai"@pcp	
"гьуьтІ-хъумур"@kap-x-khoc1238	<http://ids.clld.org/values/3-810-517-1>		<http://ids.clld.org/parameters/3-810>		<http://ids.clld.org/values/3-810-280-1>		"wɨ'oso"@pcp	
"ацІцІо"@kap	<http://ids.clld.org/values/15-780-160-1>		<http://ids.clld.org/parameters/15-780>		<http://ids.clld.org/values/15-780-280-1>		"'ɨika"@pcp	
"къаьм"@kap-x-tlya1238	<http://ids.clld.org/values/4-200-531-1>		<http://ids.clld.org/parameters/4-200>		<http://ids.clld.org/values/4-200-280-1>		"'mapo"@pcp	
"руьвероь къора"@kap-x-tlya1238	<http://ids.clld.org/values/2-280-531-3>		<http://ids.clld.org/parameters/2-280>		<http://ids.clld.org/values/2-280-280-1>		"'wakɨ 'pistia"@pcp	
"цІу"@kap-x-tlya1238	<http://ids.clld.org/values/3-832-531-1>		<http://ids.clld.org/parameters/3-832>		<http://ids.clld.org/values/3-832-280-1>		"'wii"@pcp	
"водо"@kap-x-tlya1238	<http://ids.clld.org/values/1-750-531-1>		<http://ids.clld.org/parameters/1-750>		<http://ids.clld.org/values/1-750-280-3>		"ʔo'i"@pcp	
"водо"@kap-x-tlya1238	<http://ids.clld.org/values/1-750-531-1>		<http://ids.clld.org/parameters/1-750>		<http://ids.clld.org/values/1-750-280-1>		"o'i"@pcp	
"шебо"@kap-x-khoc1238	<http://ids.clld.org/values/4-450-517-1>		<http://ids.clld.org/parameters/4-450>		<http://ids.clld.org/values/4-450-280-1>		"'taka"@pcp	
"гьало"@kap	<http://ids.clld.org/values/4-370-160-1>		<http://ids.clld.org/parameters/4-370>		<http://ids.clld.org/values/4-370-280-1>		"'taʔɨ"@pcp	
"хоьхоь"@kap	<http://ids.clld.org/values/8-600-160-1>		<http://ids.clld.org/parameters/8-600>		<http://ids.clld.org/values/8-600-280-1>		"'hiwi"@pcp	
"гьаьй"@kap	<http://ids.clld.org/values/4-210-160-1>		<http://ids.clld.org/parameters/4-210>		<http://ids.clld.org/values/4-210-280-1>		"'wɨřo"@pcp	
"шебо"@kap	<http://ids.clld.org/values/4-450-160-1>		<http://ids.clld.org/parameters/4-450>		<http://ids.clld.org/values/4-450-280-1>		"'taka"@pcp	
"бетІергьан"@kap-x-tlya1238	<http://ids.clld.org/values/2-310-531-1>		<http://ids.clld.org/parameters/2-310>		<http://ids.clld.org/values/2-310-280-1>		"'wɨnɨ"@pcp	
"улка"@kap-x-khoc1238	<http://ids.clld.org/values/1-210-517-1>		<http://ids.clld.org/parameters/1-210>		<http://ids.clld.org/values/1-210-280-1>		"'mai"@pcp	
"або"@kap-x-tlya1238	<http://ids.clld.org/values/2-210-531-1>		<http://ids.clld.org/parameters/2-210>		<http://ids.clld.org/values/2-210-280-1>		"'honi"@pcp	
"водо"@kap-x-tlya1238	<http://ids.clld.org/values/14-410-531-1>		<http://ids.clld.org/parameters/14-410>		<http://ids.clld.org/values/14-410-280-1>		"'waři"@pcp	
"гьуги"@kap-x-khoc1238	<http://ids.clld.org/values/2-930-517-5>		<http://ids.clld.org/parameters/2-930>		<http://ids.clld.org/values/2-930-280-1>		"'haa"@pcp	
"маьроь"@kap-x-tlya1238	<http://ids.clld.org/values/4-230-531-1>		<http://ids.clld.org/parameters/4-230>		<http://ids.clld.org/values/4-230-280-1>		"řɨ'kina"@pcp	
"кІоьчІоь"@kap-x-tlya1238	<http://ids.clld.org/values/12-850-531-1>		<http://ids.clld.org/parameters/12-850>		<http://ids.clld.org/values/12-850-280-1>		"'kini"@pcp	
"нийаро"@kap-x-khoc1238	<http://ids.clld.org/values/15-350-517-1>		<http://ids.clld.org/parameters/15-350>		<http://ids.clld.org/values/15-350-280-1>		"tɨ'ɨ"@pcp	
"бижечаьш ракь"@kap-x-tlya1238	<http://ids.clld.org/values/8-120-531-5>		<http://ids.clld.org/parameters/8-120>		<http://ids.clld.org/values/8-120-280-1>		"'wai"@pcp	
"къона"@kap-x-tlya1238	<http://ids.clld.org/values/13-20-531-1>		<http://ids.clld.org/parameters/13-20>		<http://ids.clld.org/values/13-20-280-1>		"ra'wɨ"@pcp	
"до"@kap-x-khoc1238	<http://ids.clld.org/values/2-910-517-1>		<http://ids.clld.org/parameters/2-910>		<http://ids.clld.org/values/2-910-280-1>		"'ɨa"@pcp	
"лІоьраь"@kap-x-tlya1238	<http://ids.clld.org/values/4-160-531-1>		<http://ids.clld.org/parameters/4-160>		<http://ids.clld.org/values/4-160-280-1>		"'ṣ̌ao"@pcp	
"нузо"@kap	<http://ids.clld.org/values/2-310-160-3>		<http://ids.clld.org/parameters/2-310>		<http://ids.clld.org/values/2-310-280-1>		"'wɨnɨ"@pcp	
"гьугьудо"@kap-x-khoc1238	<http://ids.clld.org/values/3-596-517-3>		<http://ids.clld.org/parameters/3-596>		<http://ids.clld.org/values/3-596-280-1>		"'popo"@pcp	
"аьᴴгъаь"@kap	<http://ids.clld.org/values/4-220-160-1>		<http://ids.clld.org/parameters/4-220>		<http://ids.clld.org/values/4-220-280-1>		"'paʔoki"@pcp	
"кьалис гІоьтІе"@kap-x-tlya1238	<http://ids.clld.org/values/3-980-531-1>		<http://ids.clld.org/parameters/3-980>		<http://ids.clld.org/values/3-980-280-1>		"'ṣ̌awɨ"@pcp	
"гьас хъаьлІе"@kap-x-tlya1238	<http://ids.clld.org/values/1-560-531-3>		<http://ids.clld.org/parameters/1-560>		<http://ids.clld.org/values/1-560-280-1>		"'naina"@pcp	
"хур"@kap-x-tlya1238	<http://ids.clld.org/values/8-120-531-1>		<http://ids.clld.org/parameters/8-120>		<http://ids.clld.org/values/8-120-280-1>		"'wai"@pcp	
"мāь"@kap	<http://ids.clld.org/values/4-230-160-1>		<http://ids.clld.org/parameters/4-230>		<http://ids.clld.org/values/4-230-280-1>		"řɨ'kina"@pcp	
"йегалал"@kap	<http://ids.clld.org/values/15-550-160-1>		<http://ids.clld.org/parameters/15-550>		<http://ids.clld.org/values/15-550-280-1>		"hi-'maki"@pcp	
"до"@kap	<http://ids.clld.org/values/2-910-160-1>		<http://ids.clld.org/parameters/2-910>		<http://ids.clld.org/values/2-910-280-1>		"'ɨa"@pcp	
"ручІал"@kap-x-tlya1238	<http://ids.clld.org/values/9-220-531-1>		<http://ids.clld.org/parameters/9-220>		<http://ids.clld.org/values/9-220-280-1>		"'kɨɨsakia"@pcp	
"ца"@kap-x-khoc1238	<http://ids.clld.org/values/1-540-517-1>		<http://ids.clld.org/parameters/1-540>		<http://ids.clld.org/values/1-540-280-1>		"'wištima"@pcp	
"симинди"@kap-x-khoc1238	<http://ids.clld.org/values/8-470-517-1>		<http://ids.clld.org/parameters/8-470>		<http://ids.clld.org/values/8-470-280-1>		"'ṣ̌ɨki"@pcp	
"болІоцас маьче"@kap-x-khoc1238	<http://ids.clld.org/values/8-120-517-1>		<http://ids.clld.org/parameters/8-120>		<http://ids.clld.org/values/8-120-280-1>		"'wai"@pcp	
"сила"@kap-x-tlya1238	<http://ids.clld.org/values/4-270-531-1>		<http://ids.clld.org/parameters/4-270>		<http://ids.clld.org/values/4-270-280-1>		"'ṣ̌ɨna"@pcp	
"хъо"@kap	<http://ids.clld.org/values/1-830-160-1>		<http://ids.clld.org/parameters/1-830>		<http://ids.clld.org/values/1-830-280-1>		"ko'ʔina"@pcp	
"ракІо"@kap-x-tlya1238	<http://ids.clld.org/values/4-440-531-1>		<http://ids.clld.org/parameters/4-440>		<http://ids.clld.org/values/4-440-280-1>		"howi'ti"@pcp	
"чІуьчІуьли"@kap	<http://ids.clld.org/values/3-550-160-1>		<http://ids.clld.org/parameters/3-550>		<http://ids.clld.org/values/3-550-280-1>		"pati'aři"@pcp	
"цІуддо"@kap	<http://ids.clld.org/values/15-660-160-1>		<http://ids.clld.org/parameters/15-660>		<http://ids.clld.org/values/15-660-280-1>		"'šini"@pcp	
"цІундийо"@kap-x-tlya1238	<http://ids.clld.org/values/15-660-531-1>		<http://ids.clld.org/parameters/15-660>		<http://ids.clld.org/values/15-660-280-1>		"'šini"@pcp	
"улка"@kap-x-tlya1238	<http://ids.clld.org/values/1-210-531-1>		<http://ids.clld.org/parameters/1-210>		<http://ids.clld.org/values/1-210-280-1>		"'mai"@pcp	
"нийā"@kap	<http://ids.clld.org/values/15-350-160-1>		<http://ids.clld.org/parameters/15-350>		<http://ids.clld.org/values/15-350-280-1>		"tɨ'ɨ"@pcp	
"чIадиларахъ"@kap-x-tlya1238	<http://ids.clld.org/values/8-470-531-3>		<http://ids.clld.org/parameters/8-470>		<http://ids.clld.org/values/8-470-280-1>		"'ṣ̌ɨki"@pcp	
"билъо"@kap	<http://ids.clld.org/values/3-750-160-1>		<http://ids.clld.org/parameters/3-750>		<http://ids.clld.org/values/3-750-280-1>		"'čaṣ̌o"@pcp	
"нуко̄ролъи"@kap-x-tlya1238	<http://ids.clld.org/values/5-140-531-1>		<http://ids.clld.org/parameters/5-140>		<http://ids.clld.org/values/5-140-280-1>		"paṣ̌na'hai"@pcp	
"хIаьре"@kap-x-tlya1238	<http://ids.clld.org/values/4-210-531-1>		<http://ids.clld.org/parameters/4-210>		<http://ids.clld.org/values/4-210-280-1>		"'wɨřo"@pcp	
"лъи"@kap	<http://ids.clld.org/values/1-310-160-1>		<http://ids.clld.org/parameters/1-310>		<http://ids.clld.org/values/1-310-280-1>		"'hɨnɨ"@pcp	
"йуьчІаьл"@kap	<http://ids.clld.org/values/9-220-160-1>		<http://ids.clld.org/parameters/9-220>		<http://ids.clld.org/values/9-220-280-1>		"'kɨɨsakia"@pcp	
"пихъ"@kap	<http://ids.clld.org/values/5-710-160-1>		<http://ids.clld.org/parameters/5-710>		<http://ids.clld.org/values/5-710-280-1>		"'kɨo"@pcp	
"лIоьдана"@kap-x-tlya1238	<http://ids.clld.org/values/3-823-531-1>		<http://ids.clld.org/parameters/3-823>		<http://ids.clld.org/values/3-823-280-1>		"'wina"@pcp	
"гьас"@kap-x-tlya1238	<http://ids.clld.org/values/1-510-531-1>		<http://ids.clld.org/parameters/1-510>		<http://ids.clld.org/values/1-510-280-1>		"na'ipa"@pcp	
"руз"@kap-x-tlya1238	<http://ids.clld.org/values/3-596-531-1>		<http://ids.clld.org/parameters/3-596>		<http://ids.clld.org/values/3-596-280-1>		"'popo"@pcp	
"руьчІаьл"@kap-x-khoc1238	<http://ids.clld.org/values/9-220-517-1>		<http://ids.clld.org/parameters/9-220>		<http://ids.clld.org/values/9-220-280-1>		"'kɨɨsakia"@pcp	
"ацІцІо"@kap-x-tlya1238	<http://ids.clld.org/values/15-780-531-1>		<http://ids.clld.org/parameters/15-780>		<http://ids.clld.org/values/15-780-280-1>		"'ɨika"@pcp	
"кера"@kap-x-tlya1238	<http://ids.clld.org/values/4-140-531-3>		<http://ids.clld.org/parameters/4-140>		<http://ids.clld.org/values/4-140-280-1>		"'woo"@pcp	
"раьч"@kap-x-tlya1238	<http://ids.clld.org/values/9-190-531-1>		<http://ids.clld.org/parameters/9-190>		<http://ids.clld.org/values/9-190-280-1>		"'taška"@pcp	
"йовал"@kap	<http://ids.clld.org/values/9-110-160-1>		<http://ids.clld.org/parameters/9-110>		<http://ids.clld.org/values/9-110-280-1>		"i'wɨ"@pcp	
"нави"@kap-x-khoc1238	<http://ids.clld.org/values/10-831-517-1>		<http://ids.clld.org/parameters/10-831>		<http://ids.clld.org/values/10-831-280-1>		"'noti"@pcp	
"сетка"@kap-x-tlya1238	<http://ids.clld.org/values/9-780-531-3>		<http://ids.clld.org/parameters/9-780>		<http://ids.clld.org/values/9-780-280-1>		"'sota"@pcp	
"ракІо"@kap-x-khoc1238	<http://ids.clld.org/values/4-440-517-1>		<http://ids.clld.org/parameters/4-440>		<http://ids.clld.org/values/4-440-280-1>		"howi'ti"@pcp	
"хоьхоь"@kap-x-tlya1238	<http://ids.clld.org/values/1-420-531-3>		<http://ids.clld.org/parameters/1-420>		<http://ids.clld.org/values/1-420-280-1>		"'hiwi"@pcp	
"гьас"@kap-x-khoc1238	<http://ids.clld.org/values/1-510-517-1>		<http://ids.clld.org/parameters/1-510>		<http://ids.clld.org/values/1-510-280-1>		"na'ipa"@pcp	
"цІо"@kap-x-khoc1238	<http://ids.clld.org/values/1-810-517-1>		<http://ids.clld.org/parameters/1-810>		<http://ids.clld.org/values/1-810-280-1>		"'čiʔi"@pcp	
"ийо"@kap	<http://ids.clld.org/values/2-220-160-1>		<http://ids.clld.org/parameters/2-220>		<http://ids.clld.org/values/2-220-280-1>		"'yoṣ̌a"@pcp	
"гьудо-цІо"@kap-x-khoc1238	<http://ids.clld.org/values/1-880-517-3>		<http://ids.clld.org/parameters/1-880>		<http://ids.clld.org/values/1-880-280-1>		"'kařo"@pcp	
"ши"@kap-x-tlya1238	<http://ids.clld.org/values/3-580-531-1>		<http://ids.clld.org/parameters/3-580>		<http://ids.clld.org/values/3-580-280-1>		"'naʔa"@pcp	
"ийо"@kap-x-khoc1238	<http://ids.clld.org/values/2-360-517-1>		<http://ids.clld.org/parameters/2-360>		<http://ids.clld.org/values/2-360-280-1>		"'kai"@pcp	
"шуьйраь"@kap-x-tlya1238	<http://ids.clld.org/values/6-760-531-1>		<http://ids.clld.org/parameters/6-760>		<http://ids.clld.org/values/6-760-280-1>		"'kisi"@pcp	
"миц"@kap-x-tlya1238	<http://ids.clld.org/values/4-260-531-1>		<http://ids.clld.org/parameters/4-260>		<http://ids.clld.org/values/4-260-280-1>		"'hana"@pcp	
"регаьгьаьл"@kap-x-tlya1238	<http://ids.clld.org/values/15-510-531-1>		<http://ids.clld.org/parameters/15-510>		<http://ids.clld.org/values/15-510-280-1>		"his'pa"@pcp	
"регаьгьаьл"@kap-x-tlya1238	<http://ids.clld.org/values/15-510-531-1>		<http://ids.clld.org/parameters/15-510>		<http://ids.clld.org/values/15-510-280-3>		"'hisna"@pcp	
"бикинчи"@kap-x-tlya1238	<http://ids.clld.org/values/2-210-531-7>		<http://ids.clld.org/parameters/2-210>		<http://ids.clld.org/values/2-210-280-1>		"'honi"@pcp	
"цІихо"@kap	<http://ids.clld.org/values/12-440-160-1>		<http://ids.clld.org/parameters/12-440>		<http://ids.clld.org/values/12-440-280-1>		"nɨ'ama"@pcp	
"ахъо"@kap-x-khoc1238	<http://ids.clld.org/values/2-320-517-1>		<http://ids.clld.org/parameters/2-320>		<http://ids.clld.org/values/2-320-280-1>		"ʔa'wini"@pcp	
"биса"@kap	<http://ids.clld.org/values/3-650-160-1>		<http://ids.clld.org/parameters/3-650>		<http://ids.clld.org/values/3-650-280-3>		"'woɨ"@pcp	
"биса"@kap	<http://ids.clld.org/values/3-650-160-1>		<http://ids.clld.org/parameters/3-650>		<http://ids.clld.org/values/3-650-280-1>		"sa'nino"@pcp	
"ийоь"@kap-x-tlya1238	<http://ids.clld.org/values/2-220-531-1>		<http://ids.clld.org/parameters/2-220>		<http://ids.clld.org/values/2-220-280-1>		"'yoṣ̌a"@pcp	
"гьас"@kap	<http://ids.clld.org/values/1-510-160-1>		<http://ids.clld.org/parameters/1-510>		<http://ids.clld.org/values/1-510-280-1>		"na'ipa"@pcp	
"лІибо"@kap-x-tlya1238	<http://ids.clld.org/values/8-560-531-1>		<http://ids.clld.org/parameters/8-560>		<http://ids.clld.org/values/8-560-280-1>		"'pɨʔi"@pcp	
"муьчІ"@kap	<http://ids.clld.org/values/4-140-160-1>		<http://ids.clld.org/parameters/4-140>		<http://ids.clld.org/values/4-140-280-1>		"'woo"@pcp	
"лІибо"@kap	<http://ids.clld.org/values/8-560-160-1>		<http://ids.clld.org/parameters/8-560>		<http://ids.clld.org/values/8-560-280-1>		"'pɨʔi"@pcp	
"чІемуьчІ"@kap-x-tlya1238	<http://ids.clld.org/values/5-970-531-1>		<http://ids.clld.org/parameters/5-970>		<http://ids.clld.org/values/5-970-280-1>		"'wači"@pcp	
"цІемуцІ"@kap	<http://ids.clld.org/values/5-970-160-1>		<http://ids.clld.org/parameters/5-970>		<http://ids.clld.org/values/5-970-280-1>		"'wači"@pcp	
"лед"@kap-x-khoc1238	<http://ids.clld.org/values/3-750-517-5>		<http://ids.clld.org/parameters/3-750>		<http://ids.clld.org/values/3-750-280-1>		"'čaṣ̌o"@pcp	
"сетка"@kap-x-khoc1238	<http://ids.clld.org/values/9-780-517-3>		<http://ids.clld.org/parameters/9-780>		<http://ids.clld.org/values/9-780-280-1>		"'sota"@pcp	
"тит"@kap-x-tlya1238	<http://ids.clld.org/values/1-840-531-1>		<http://ids.clld.org/parameters/1-840>		<http://ids.clld.org/values/1-840-280-1>		"'mišpo"@pcp	
"водо"@kap	<http://ids.clld.org/values/14-410-160-1>		<http://ids.clld.org/parameters/14-410>		<http://ids.clld.org/values/14-410-280-1>		"'waři"@pcp	
"къаьжаь"@kap-x-tlya1238	<http://ids.clld.org/values/9-250-531-3>		<http://ids.clld.org/parameters/9-250>		<http://ids.clld.org/values/9-250-280-1>		"[hača]"@pcp	
"оᴴг"@kap-x-tlya1238	<http://ids.clld.org/values/9-250-531-1>		<http://ids.clld.org/parameters/9-250>		<http://ids.clld.org/values/9-250-280-1>		"[hača]"@pcp	
"тит"@kap-x-khoc1238	<http://ids.clld.org/values/1-840-517-1>		<http://ids.clld.org/parameters/1-840>		<http://ids.clld.org/values/1-840-280-1>		"'mišpo"@pcp	
"аьᴴгъаь"@kap-x-tlya1238	<http://ids.clld.org/values/4-220-531-1>		<http://ids.clld.org/parameters/4-220>		<http://ids.clld.org/values/4-220-280-1>		"'paʔoki"@pcp	
"водо"@kap-x-khoc1238	<http://ids.clld.org/values/1-750-517-1>		<http://ids.clld.org/parameters/1-750>		<http://ids.clld.org/values/1-750-280-3>		"ʔo'i"@pcp	
"водо"@kap-x-khoc1238	<http://ids.clld.org/values/1-750-517-1>		<http://ids.clld.org/parameters/1-750>		<http://ids.clld.org/values/1-750-280-1>		"o'i"@pcp	
"регалал"@kap-x-khoc1238	<http://ids.clld.org/values/15-550-517-1>		<http://ids.clld.org/parameters/15-550>		<http://ids.clld.org/values/15-550-280-1>		"hi-'maki"@pcp	
"бохъ"@kap-x-khoc1238	<http://ids.clld.org/values/1-520-517-1>		<http://ids.clld.org/parameters/1-520>		<http://ids.clld.org/values/1-520-280-1>		"'waři"@pcp	
"аьᴴгъаь"@kap-x-khoc1238	<http://ids.clld.org/values/4-220-517-1>		<http://ids.clld.org/parameters/4-220>		<http://ids.clld.org/values/4-220-280-1>		"'paʔoki"@pcp	
"кō"@kap	<http://ids.clld.org/values/4-330-160-1>		<http://ids.clld.org/parameters/4-330>		<http://ids.clld.org/values/4-330-280-1>		"mɨ'kɨna"@pcp	
"цIуйаб гIадам"@kap-x-tlya1238	<http://ids.clld.org/values/2-220-531-3>		<http://ids.clld.org/parameters/2-220>		<http://ids.clld.org/values/2-220-280-1>		"'yoṣ̌a"@pcp	
"беш"@kap-x-tlya1238	<http://ids.clld.org/values/4-120-531-1>		<http://ids.clld.org/parameters/4-120>		<http://ids.clld.org/values/4-120-280-1>		"'wiči"@pcp	
"бамба"@kap	<http://ids.clld.org/values/6-240-160-1>		<http://ids.clld.org/parameters/6-240>		<http://ids.clld.org/values/6-240-280-1>		"waṣ̌'mɨna"@pcp	
"цІемуцІ"@kap-x-khoc1238	<http://ids.clld.org/values/5-970-517-1>		<http://ids.clld.org/parameters/5-970>		<http://ids.clld.org/values/5-970-280-1>		"'wači"@pcp	
"коро"@kap-x-khoc1238	<http://ids.clld.org/values/4-330-517-1>		<http://ids.clld.org/parameters/4-330>		<http://ids.clld.org/values/4-330-280-1>		"mɨ'kɨna"@pcp	
"лодка"@kap	<http://ids.clld.org/values/10-831-160-3>		<http://ids.clld.org/parameters/10-831>		<http://ids.clld.org/values/10-831-280-1>		"'noti"@pcp	
"сумка"@kap	<http://ids.clld.org/values/9-780-160-1>		<http://ids.clld.org/parameters/9-780>		<http://ids.clld.org/values/9-780-280-1>		"'sota"@pcp	
"пачалихъ"@kap-x-khoc1238	<http://ids.clld.org/values/1-210-517-3>		<http://ids.clld.org/parameters/1-210>		<http://ids.clld.org/values/1-210-280-1>		"'mai"@pcp	
"тІетІали"@kap	<http://ids.clld.org/values/3-550-160-3>		<http://ids.clld.org/parameters/3-550>		<http://ids.clld.org/values/3-550-280-1>		"pati'aři"@pcp	
"атā"@kap-x-khoc1238	<http://ids.clld.org/values/12-440-517-3>		<http://ids.clld.org/parameters/12-440>		<http://ids.clld.org/values/12-440-280-1>		"nɨ'ama"@pcp	
"лъи"@kap-x-khoc1238	<http://ids.clld.org/values/1-310-517-1>		<http://ids.clld.org/parameters/1-310>		<http://ids.clld.org/values/1-310-280-1>		"'hɨnɨ"@pcp	
"хъаьлІоь"@kap-x-tlya1238	<http://ids.clld.org/values/4-120-531-5>		<http://ids.clld.org/parameters/4-120>		<http://ids.clld.org/values/4-120-280-1>		"'wiči"@pcp	
"хъо"@kap-x-tlya1238	<http://ids.clld.org/values/1-830-531-1>		<http://ids.clld.org/parameters/1-830>		<http://ids.clld.org/values/1-830-280-1>		"ko'ʔina"@pcp	
"бала"@kap-x-tlya1238	<http://ids.clld.org/values/3-750-531-7>		<http://ids.clld.org/parameters/3-750>		<http://ids.clld.org/values/3-750-280-1>		"'čaṣ̌o"@pcp	
"або"@kap	<http://ids.clld.org/values/2-210-160-1>		<http://ids.clld.org/parameters/2-210>		<http://ids.clld.org/values/2-210-280-1>		"'honi"@pcp	
"къоьчІоь"@kap	<http://ids.clld.org/values/12-850-160-3>		<http://ids.clld.org/parameters/12-850>		<http://ids.clld.org/values/12-850-280-1>		"'kini"@pcp	
"коро"@kap-x-khoc1238	<http://ids.clld.org/values/4-310-517-1>		<http://ids.clld.org/parameters/4-310>		<http://ids.clld.org/values/4-310-280-1>		"po'yana"@pcp	
"нукōролъи"@kap-x-khoc1238	<http://ids.clld.org/values/5-140-517-1>		<http://ids.clld.org/parameters/5-140>		<http://ids.clld.org/values/5-140-280-1>		"paṣ̌na'hai"@pcp	
"бакъзиахъиролъи"@kap-x-tlya1238	<http://ids.clld.org/values/5-140-531-3>		<http://ids.clld.org/parameters/5-140>		<http://ids.clld.org/values/5-140-280-1>		"paṣ̌na'hai"@pcp	
"баьйкъуьш"@kap	<http://ids.clld.org/values/3-596-160-3>		<http://ids.clld.org/parameters/3-596>		<http://ids.clld.org/values/3-596-280-1>		"'popo"@pcp	
"гoгаро"@kap-x-khoc1238	<http://ids.clld.org/values/4-208-517-1>		<http://ids.clld.org/parameters/4-208>		<http://ids.clld.org/values/4-208-280-1>		"'tamo"@pcp	
"хемух"@kap-x-khoc1238	<http://ids.clld.org/values/8-540-517-1>		<http://ids.clld.org/parameters/8-540>		<http://ids.clld.org/values/8-540-280-1>		"ta'pono"@pcp	
"кІигьмат"@kap	<http://ids.clld.org/values/9-190-160-1>		<http://ids.clld.org/parameters/9-190>		<http://ids.clld.org/values/9-190-280-1>		"'taška"@pcp	
"гьуги"@kap-x-tlya1238	<http://ids.clld.org/values/2-930-531-5>		<http://ids.clld.org/parameters/2-930>		<http://ids.clld.org/values/2-930-280-1>		"'haa"@pcp	
"сумка"@kap-x-tlya1238	<http://ids.clld.org/values/9-780-531-1>		<http://ids.clld.org/parameters/9-780>		<http://ids.clld.org/values/9-780-280-1>		"'sota"@pcp	
"сикІо"@kap	<http://ids.clld.org/values/4-240-160-1>		<http://ids.clld.org/parameters/4-240>		<http://ids.clld.org/values/4-240-280-1>		"kɨ'wɨči"@pcp	
"пихъ"@kap-x-tlya1238	<http://ids.clld.org/values/5-710-531-1>		<http://ids.clld.org/parameters/5-710>		<http://ids.clld.org/values/5-710-280-1>		"'kɨo"@pcp	
"гьаьтIйо"@kap-x-khoc1238	<http://ids.clld.org/values/5-550-517-1>		<http://ids.clld.org/parameters/5-550>		<http://ids.clld.org/values/5-550-280-1>		"'moto"@pcp	
"коро"@kap-x-tlya1238	<http://ids.clld.org/values/4-330-531-1>		<http://ids.clld.org/parameters/4-330>		<http://ids.clld.org/values/4-330-280-1>		"mɨ'kɨna"@pcp	
"водо-мизо"@kap-x-tlya1238	<http://ids.clld.org/values/1-750-531-3>		<http://ids.clld.org/parameters/1-750>		<http://ids.clld.org/values/1-750-280-3>		"ʔo'i"@pcp	
"водо-мизо"@kap-x-tlya1238	<http://ids.clld.org/values/1-750-531-3>		<http://ids.clld.org/parameters/1-750>		<http://ids.clld.org/values/1-750-280-1>		"o'i"@pcp	
"низагьал"@kap-x-tlya1238	<http://ids.clld.org/values/9-360-531-1>		<http://ids.clld.org/parameters/9-360>		<http://ids.clld.org/values/9-360-280-1>		"'aši"@pcp	
"цIуйаб аьдаьм"@kap-x-khoc1238	<http://ids.clld.org/values/2-220-517-1>		<http://ids.clld.org/parameters/2-220>		<http://ids.clld.org/values/2-220-280-1>		"'yoṣ̌a"@pcp	
"ругьи"@kap-x-tlya1238	<http://ids.clld.org/values/1-360-531-5>		<http://ids.clld.org/parameters/1-360>		<http://ids.clld.org/values/1-360-280-1>		"'ʔani"@pcp	
"ругьи"@kap-x-tlya1238	<http://ids.clld.org/values/1-360-531-5>		<http://ids.clld.org/parameters/1-360>		<http://ids.clld.org/values/1-360-280-3>		"'pao"@pcp	
"къора"@kap-x-tlya1238	<http://ids.clld.org/values/2-280-531-1>		<http://ids.clld.org/parameters/2-280>		<http://ids.clld.org/values/2-280-280-1>		"'wakɨ 'pistia"@pcp	
"аᴴлъе"@kap	<http://ids.clld.org/values/3-750-160-3>		<http://ids.clld.org/parameters/3-750>		<http://ids.clld.org/values/3-750-280-1>		"'čaṣ̌o"@pcp	
"бикинаьб сукІо"@kap-x-tlya1238	<http://ids.clld.org/values/2-210-531-3>		<http://ids.clld.org/parameters/2-210>		<http://ids.clld.org/values/2-210-280-1>		"'honi"@pcp	
"ругьи"@kap-x-khoc1238	<http://ids.clld.org/values/1-360-517-3>		<http://ids.clld.org/parameters/1-360>		<http://ids.clld.org/values/1-360-280-1>		"'ʔani"@pcp	
"ругьи"@kap-x-khoc1238	<http://ids.clld.org/values/1-360-517-3>		<http://ids.clld.org/parameters/1-360>		<http://ids.clld.org/values/1-360-280-3>		"'pao"@pcp	
"чІаьмаьл"@kap	<http://ids.clld.org/values/4-350-160-3>		<http://ids.clld.org/parameters/4-350>		<http://ids.clld.org/values/4-350-280-1>		"'wiko"@pcp	
"къона"@kap	<http://ids.clld.org/values/13-20-160-1>		<http://ids.clld.org/parameters/13-20>		<http://ids.clld.org/values/13-20-280-1>		"ra'wɨ"@pcp	
"хІалдийо"@kap-x-tlya1238	<http://ids.clld.org/values/15-640-531-1>		<http://ids.clld.org/parameters/15-640>		<http://ids.clld.org/values/15-640-280-1>		"'hoṣ̌o"@pcp	
"руз"@kap	<http://ids.clld.org/values/3-596-160-1>		<http://ids.clld.org/parameters/3-596>		<http://ids.clld.org/values/3-596-280-1>		"'popo"@pcp	
"гьудо"@kap-x-khoc1238	<http://ids.clld.org/values/1-880-517-1>		<http://ids.clld.org/parameters/1-880>		<http://ids.clld.org/values/1-880-280-1>		"'kařo"@pcp	
"каьлаь"@kap-x-khoc1238	<http://ids.clld.org/values/3-831-517-1>		<http://ids.clld.org/parameters/3-831>		<http://ids.clld.org/values/3-831-280-1>		"'šio"@pcp	
"каьлаь"@kap-x-khoc1238	<http://ids.clld.org/values/3-831-517-1>		<http://ids.clld.org/parameters/3-831>		<http://ids.clld.org/values/3-831-280-3>		"'čio"@pcp	
"тІетІали"@kap-x-khoc1238	<http://ids.clld.org/values/3-550-517-1>		<http://ids.clld.org/parameters/3-550>		<http://ids.clld.org/values/3-550-280-1>		"pati'aři"@pcp	
"хай"@kap	<http://ids.clld.org/values/1-360-160-3>		<http://ids.clld.org/parameters/1-360>		<http://ids.clld.org/values/1-360-280-1>		"'ʔani"@pcp	
"хай"@kap	<http://ids.clld.org/values/1-360-160-3>		<http://ids.clld.org/parameters/1-360>		<http://ids.clld.org/values/1-360-280-3>		"'pao"@pcp	
"къаьжаь"@kap-x-khoc1238	<http://ids.clld.org/values/9-250-517-3>		<http://ids.clld.org/parameters/9-250>		<http://ids.clld.org/values/9-250-280-1>		"[hača]"@pcp	
"гьало"@kap-x-khoc1238	<http://ids.clld.org/values/4-370-517-1>		<http://ids.clld.org/parameters/4-370>		<http://ids.clld.org/values/4-370-280-1>		"'taʔɨ"@pcp	
"абоц"@kap	<http://ids.clld.org/values/6-760-160-1>		<http://ids.clld.org/parameters/6-760>		<http://ids.clld.org/values/6-760-280-1>		"'kisi"@pcp	
"водо"@kap	<http://ids.clld.org/values/1-750-160-1>		<http://ids.clld.org/parameters/1-750>		<http://ids.clld.org/values/1-750-280-3>		"ʔo'i"@pcp	
"водо"@kap	<http://ids.clld.org/values/1-750-160-1>		<http://ids.clld.org/parameters/1-750>		<http://ids.clld.org/values/1-750-280-1>		"o'i"@pcp	
"ийо"@kap	<http://ids.clld.org/values/2-360-160-1>		<http://ids.clld.org/parameters/2-360>		<http://ids.clld.org/values/2-360-280-1>		"'kai"@pcp	
"къоьчІоь"@kap-x-khoc1238	<http://ids.clld.org/values/12-850-517-1>		<http://ids.clld.org/parameters/12-850>		<http://ids.clld.org/values/12-850-280-1>		"'kini"@pcp	
"итIино къора"@kap-x-khoc1238	<http://ids.clld.org/values/2-280-517-1>		<http://ids.clld.org/parameters/2-280>		<http://ids.clld.org/values/2-280-280-1>		"'wakɨ 'pistia"@pcp	
"сумка"@kap-x-khoc1238	<http://ids.clld.org/values/9-780-517-1>		<http://ids.clld.org/parameters/9-780>		<http://ids.clld.org/values/9-780-280-1>		"'sota"@pcp	
"цан"@kap-x-tlya1238	<http://ids.clld.org/values/3-750-531-15>		<http://ids.clld.org/parameters/3-750>		<http://ids.clld.org/values/3-750-280-1>		"'čaṣ̌o"@pcp	
"лІоьᴴваь"@kap	<http://ids.clld.org/values/4-160-160-1>		<http://ids.clld.org/parameters/4-160>		<http://ids.clld.org/values/4-160-280-1>		"'ṣ̌ao"@pcp	
"готІ"@kap	<http://ids.clld.org/values/1-830-160-3>		<http://ids.clld.org/parameters/1-830>		<http://ids.clld.org/values/1-830-280-1>		"ko'ʔina"@pcp	
"диъи"@kap	<http://ids.clld.org/values/8-570-160-1>		<http://ids.clld.org/parameters/8-570>		<http://ids.clld.org/values/8-570-280-3>		"řeṣ̌'pana"@pcp	
"диъи"@kap	<http://ids.clld.org/values/8-570-160-1>		<http://ids.clld.org/parameters/8-570>		<http://ids.clld.org/values/8-570-280-1>		"'hoa"@pcp	
"низāл"@kap-x-khoc1238	<http://ids.clld.org/values/9-360-517-1>		<http://ids.clld.org/parameters/9-360>		<http://ids.clld.org/values/9-360-280-1>		"'aši"@pcp	
"папугай"@kap	<http://ids.clld.org/values/3-592-160-1>		<http://ids.clld.org/parameters/3-592>		<http://ids.clld.org/values/3-592-280-1>		"'wawa"@pcp	
"йакІо"@kap	<http://ids.clld.org/values/4-440-160-1>		<http://ids.clld.org/parameters/4-440>		<http://ids.clld.org/values/4-440-280-1>		"howi'ti"@pcp	
"капурабликьако гІажабера"@kap-x-tlya1238	<http://ids.clld.org/values/3-586-531-3>		<http://ids.clld.org/parameters/3-586>		<http://ids.clld.org/values/3-586-280-1>		"po'iko"@pcp	
"хІаьтIтІоь"@kap-x-tlya1238	<http://ids.clld.org/values/5-550-531-1>		<http://ids.clld.org/parameters/5-550>		<http://ids.clld.org/values/5-550-280-1>		"'moto"@pcp	
"аᴴлъо"@kap-x-tlya1238	<http://ids.clld.org/values/3-750-531-3>		<http://ids.clld.org/parameters/3-750>		<http://ids.clld.org/values/3-750-280-1>		"'čaṣ̌o"@pcp	
"болІоцас маьче"@kap	<http://ids.clld.org/values/8-120-160-1>		<http://ids.clld.org/parameters/8-120>		<http://ids.clld.org/values/8-120-280-1>		"'wai"@pcp	
"гьуди"@kap-x-khoc1238	<http://ids.clld.org/values/2-930-517-1>		<http://ids.clld.org/parameters/2-930>		<http://ids.clld.org/values/2-930-280-1>		"'haa"@pcp	
"лІибо"@kap-x-khoc1238	<http://ids.clld.org/values/8-560-517-1>		<http://ids.clld.org/parameters/8-560>		<http://ids.clld.org/values/8-560-280-1>		"'pɨʔi"@pcp	
"ийоь"@kap-x-tlya1238	<http://ids.clld.org/values/2-360-531-3>		<http://ids.clld.org/parameters/2-360>		<http://ids.clld.org/values/2-360-280-1>		"'kai"@pcp	
"гьуьтІ-хъумур"@kap	<http://ids.clld.org/values/3-810-160-1>		<http://ids.clld.org/parameters/3-810>		<http://ids.clld.org/values/3-810-280-1>		"wɨ'oso"@pcp	
"раьч"@kap-x-khoc1238	<http://ids.clld.org/values/9-190-517-1>		<http://ids.clld.org/parameters/9-190>		<http://ids.clld.org/values/9-190-280-1>		"'taška"@pcp	
"хемух"@kap	<http://ids.clld.org/values/8-540-160-1>		<http://ids.clld.org/parameters/8-540>		<http://ids.clld.org/values/8-540-280-1>		"ta'pono"@pcp	
"готІ"@kap-x-khoc1238	<http://ids.clld.org/values/1-830-517-3>		<http://ids.clld.org/parameters/1-830>		<http://ids.clld.org/values/1-830-280-1>		"ko'ʔina"@pcp	
"ийо"@kap-x-tlya1238	<http://ids.clld.org/values/2-360-531-1>		<http://ids.clld.org/parameters/2-360>		<http://ids.clld.org/values/2-360-280-1>		"'kai"@pcp	
"сикІо"@kap-x-khoc1238	<http://ids.clld.org/values/4-240-517-1>		<http://ids.clld.org/parameters/4-240>		<http://ids.clld.org/values/4-240-280-1>		"kɨ'wɨči"@pcp	
"гъел"@kap-x-tlya1238	<http://ids.clld.org/values/3-750-531-11>		<http://ids.clld.org/parameters/3-750>		<http://ids.clld.org/values/3-750-280-1>		"'čaṣ̌o"@pcp	
"нийаьроь"@kap-x-tlya1238	<http://ids.clld.org/values/15-350-531-1>		<http://ids.clld.org/parameters/15-350>		<http://ids.clld.org/values/15-350-280-1>		"tɨ'ɨ"@pcp	
"итІино"@kap	<http://ids.clld.org/values/12-560-160-1>		<http://ids.clld.org/parameters/12-560>		<http://ids.clld.org/values/12-560-280-1>		"'mišni"@pcp	
"аᴴцІйо"@kap-x-khoc1238	<http://ids.clld.org/values/15-780-517-1>		<http://ids.clld.org/parameters/15-780>		<http://ids.clld.org/values/15-780-280-1>		"'ɨika"@pcp	
"гьудо"@kap	<http://ids.clld.org/values/1-880-160-1>		<http://ids.clld.org/parameters/1-880>		<http://ids.clld.org/values/1-880-280-1>		"'kařo"@pcp	
"билІо"@kap	<http://ids.clld.org/values/7-120-160-1>		<http://ids.clld.org/parameters/7-120>		<http://ids.clld.org/values/7-120-280-1>		"'ṣ̌owo"@pcp	
"гьеᴴ"@kap-x-tlya1238	<http://ids.clld.org/values/4-150-531-1>		<http://ids.clld.org/parameters/4-150>		<http://ids.clld.org/values/4-150-280-1>		"'himi"@pcp	
"кера"@kap-x-khoc1238	<http://ids.clld.org/values/4-140-517-3>		<http://ids.clld.org/parameters/4-140>		<http://ids.clld.org/values/4-140-280-1>		"'woo"@pcp	
"раьгъелал"@kap-x-khoc1238	<http://ids.clld.org/values/9-270-517-3>		<http://ids.clld.org/parameters/9-270>		<http://ids.clld.org/values/9-270-280-1>		"ma'tošmaki"@pcp	
"билъо"@kap-x-khoc1238	<http://ids.clld.org/values/3-750-517-1>		<http://ids.clld.org/parameters/3-750>		<http://ids.clld.org/values/3-750-280-1>		"'čaṣ̌o"@pcp	
"лIордена"@kap-x-khoc1238	<http://ids.clld.org/values/3-823-517-1>		<http://ids.clld.org/parameters/3-823>		<http://ids.clld.org/values/3-823-280-1>		"'wina"@pcp	
"ваьрлІоьчаьш мӣна"@kap-x-tlya1238	<http://ids.clld.org/values/3-592-531-3>		<http://ids.clld.org/parameters/3-592>		<http://ids.clld.org/values/3-592-280-1>		"'wawa"@pcp	
"къова"@kap	<http://ids.clld.org/values/2-280-160-1>		<http://ids.clld.org/parameters/2-280>		<http://ids.clld.org/values/2-280-280-1>		"'wakɨ 'pistia"@pcp	
"лІоьраь"@kap-x-khoc1238	<http://ids.clld.org/values/4-160-517-1>		<http://ids.clld.org/parameters/4-160>		<http://ids.clld.org/values/4-160-280-1>		"'ṣ̌ao"@pcp	
"ахъо"@kap	<http://ids.clld.org/values/2-320-160-1>		<http://ids.clld.org/parameters/2-320>		<http://ids.clld.org/values/2-320-280-1>		"ʔa'wini"@pcp	
"къаьм"@kap	<http://ids.clld.org/values/4-200-160-1>		<http://ids.clld.org/parameters/4-200>		<http://ids.clld.org/values/4-200-280-1>		"'mapo"@pcp	
"хІутІ-хъумур"@kap-x-tlya1238	<http://ids.clld.org/values/3-810-531-1>		<http://ids.clld.org/parameters/3-810>		<http://ids.clld.org/values/3-810-280-1>		"wɨ'oso"@pcp	
"хъаьлІоь"@kap	<http://ids.clld.org/values/4-120-160-5>		<http://ids.clld.org/parameters/4-120>		<http://ids.clld.org/values/4-120-280-1>		"'wiči"@pcp	
"сила"@kap-x-khoc1238	<http://ids.clld.org/values/4-270-517-1>		<http://ids.clld.org/parameters/4-270>		<http://ids.clld.org/values/4-270-280-1>		"'ṣ̌ɨna"@pcp	
"xoxo"@kap-x-tlya1238	<http://ids.clld.org/values/1-420-531-1>		<http://ids.clld.org/parameters/1-420>		<http://ids.clld.org/values/1-420-280-1>		"'hiwi"@pcp	
"гудиш мӣна"@kap-x-tlya1238	<http://ids.clld.org/values/3-550-531-3>		<http://ids.clld.org/parameters/3-550>		<http://ids.clld.org/values/3-550-280-1>		"pati'aři"@pcp	
"бохъ"@kap	<http://ids.clld.org/values/1-520-160-1>		<http://ids.clld.org/parameters/1-520>		<http://ids.clld.org/values/1-520-280-1>		"'waři"@pcp	
"биса"@kap-x-khoc1238	<http://ids.clld.org/values/3-650-517-1>		<http://ids.clld.org/parameters/3-650>		<http://ids.clld.org/values/3-650-280-3>		"'woɨ"@pcp	
"биса"@kap-x-khoc1238	<http://ids.clld.org/values/3-650-517-1>		<http://ids.clld.org/parameters/3-650>		<http://ids.clld.org/values/3-650-280-1>		"sa'nino"@pcp	
"йаькъкъоь"@kap	<http://ids.clld.org/values/15-810-160-1>		<http://ids.clld.org/parameters/15-810>		<http://ids.clld.org/values/15-810-280-1>		"'iwɨ"@pcp	
"лъигаь"@kap-x-tlya1238	<http://ids.clld.org/values/3-750-531-17>		<http://ids.clld.org/parameters/3-750>		<http://ids.clld.org/values/3-750-280-1>		"'čaṣ̌o"@pcp	
"къаьм"@kap-x-khoc1238	<http://ids.clld.org/values/4-200-517-1>		<http://ids.clld.org/parameters/4-200>		<http://ids.clld.org/values/4-200-280-1>		"'mapo"@pcp	
"ахъо"@kap	<http://ids.clld.org/values/2-220-160-3>		<http://ids.clld.org/parameters/2-220>		<http://ids.clld.org/values/2-220-280-1>		"'yoṣ̌a"@pcp	
"гього"@kap	<http://ids.clld.org/values/2-930-160-3>		<http://ids.clld.org/parameters/2-930>		<http://ids.clld.org/values/2-930-280-1>		"'haa"@pcp	
"цугьа"@kap-x-tlya1238	<http://ids.clld.org/values/3-586-531-1>		<http://ids.clld.org/parameters/3-586>		<http://ids.clld.org/values/3-586-280-1>		"po'iko"@pcp	
"мӣна"@kap-x-tlya1238	<http://ids.clld.org/values/3-581-531-1>		<http://ids.clld.org/parameters/3-581>		<http://ids.clld.org/values/3-581-280-1>		"'isko"@pcp	
"бикинаб сукІо"@kap-x-khoc1238	<http://ids.clld.org/values/2-210-517-1>		<http://ids.clld.org/parameters/2-210>		<http://ids.clld.org/values/2-210-280-1>		"'honi"@pcp	
"гьас"@kap-x-tlya1238	<http://ids.clld.org/values/1-730-531-1>		<http://ids.clld.org/parameters/1-730>		<http://ids.clld.org/values/1-730-280-1>		"'c̷ɨmo"@pcp	
"къоргийан"@kap-x-khoc1238	<http://ids.clld.org/values/3-586-517-1>		<http://ids.clld.org/parameters/3-586>		<http://ids.clld.org/values/3-586-280-1>		"po'iko"@pcp	
"гогā"@kap	<http://ids.clld.org/values/4-208-160-1>		<http://ids.clld.org/parameters/4-208>		<http://ids.clld.org/values/4-208-280-1>		"'tamo"@pcp	
