"cama"@ca	<http://ids.clld.org/values/4-350-177-1>		<http://ids.clld.org/parameters/4-350>		<http://ids.clld.org/values/4-350-232-1>		"'c̷ulis-"@cjh	
"mà"@ca	<http://ids.clld.org/values/4-330-177-1>		<http://ids.clld.org/parameters/4-330>		<http://ids.clld.org/values/4-330-232-1>		"'čališ-"@cjh	
"davant"@ca	<http://ids.clld.org/values/12-40-177-3>		<http://ids.clld.org/parameters/12-40>		<http://ids.clld.org/values/12-40-232-1>		"'c̷əni"@cjh	
"avantpassats"@ca	<http://ids.clld.org/values/2-560-177-1>		<http://ids.clld.org/parameters/2-560>		<http://ids.clld.org/values/2-560-232-1>		"'tulap-"@cjh	
"litoral"@ca	<http://ids.clld.org/values/1-270-177-1>		<http://ids.clld.org/parameters/1-270>		<http://ids.clld.org/values/1-270-232-3>		"tˀəmš-"@cjh	
"litoral"@ca	<http://ids.clld.org/values/1-270-177-1>		<http://ids.clld.org/parameters/1-270>		<http://ids.clld.org/values/1-270-232-1>		"'šəm-"@cjh	
"litoral"@ca	<http://ids.clld.org/values/1-270-177-1>		<http://ids.clld.org/parameters/1-270>		<http://ids.clld.org/values/1-270-232-5>		"'yəl-"@cjh	
"arc de Sant Martí"@ca	<http://ids.clld.org/values/1-590-177-1>		<http://ids.clld.org/parameters/1-590>		<http://ids.clld.org/values/1-590-232-1>		"'xʷəplˀḳn"@cjh	
"fuster"@ca	<http://ids.clld.org/values/9-430-177-1>		<http://ids.clld.org/parameters/9-430>		<http://ids.clld.org/values/9-430-232-1>		"pə'tus-"@cjh	
"mastegar"@ca	<http://ids.clld.org/values/5-180-177-1>		<http://ids.clld.org/parameters/5-180>		<http://ids.clld.org/values/5-180-232-1>		"kʷˀa'ya-"@cjh	
"escopir"@ca	<http://ids.clld.org/values/4-560-177-1>		<http://ids.clld.org/parameters/4-560>		<http://ids.clld.org/values/4-560-232-3>		"'ḳāʔ"@cjh	
"escopir"@ca	<http://ids.clld.org/values/4-560-177-1>		<http://ids.clld.org/parameters/4-560>		<http://ids.clld.org/values/4-560-232-1>		"'təχʷs-"@cjh	
"sòl"@ca	<http://ids.clld.org/values/1-212-177-1>		<http://ids.clld.org/parameters/1-212>		<http://ids.clld.org/values/1-212-232-1>		"tə'miš-"@cjh	
"pols"@ca	<http://ids.clld.org/values/1-213-177-1>		<http://ids.clld.org/parameters/1-213>		<http://ids.clld.org/values/1-213-232-1>		"tɬˀə'səḳʷ-"@cjh	
"vall"@ca	<http://ids.clld.org/values/1-240-177-1>		<http://ids.clld.org/parameters/1-240>		<http://ids.clld.org/values/1-240-232-1>		"'maḳʷam-"@cjh	
"vall"@ca	<http://ids.clld.org/values/1-240-177-1>		<http://ids.clld.org/parameters/1-240>		<http://ids.clld.org/values/1-240-232-3>		"'sac̷ayəḳ"@cjh	
"armadura"@ca	<http://ids.clld.org/values/20-310-177-1>		<http://ids.clld.org/parameters/20-310>		<http://ids.clld.org/values/20-310-232-1>		"ma'c̷alčɬ"@cjh	
"dèbil"@ca	<http://ids.clld.org/values/4-820-177-1>		<http://ids.clld.org/parameters/4-820>		<http://ids.clld.org/values/4-820-232-1>		"'xʷən-"@cjh	
"néixer"@ca	<http://ids.clld.org/values/4-720-177-1>		<http://ids.clld.org/parameters/4-720>		<http://ids.clld.org/values/4-720-232-1>		"'manˀ"@cjh	
"rusc"@ca	<http://ids.clld.org/values/3-822-177-1>		<http://ids.clld.org/parameters/3-822>		<http://ids.clld.org/values/3-822-232-1>		"'c̷ičs"@cjh	
"espatlla"@ca	<http://ids.clld.org/values/4-300-177-1>		<http://ids.clld.org/parameters/4-300>		<http://ids.clld.org/values/4-300-232-1>		"'tˀəčˀ-"@cjh	
"xulejar"@ca	<http://ids.clld.org/values/18-450-177-1>		<http://ids.clld.org/parameters/18-450>		<http://ids.clld.org/values/18-450-232-1>		"'c̷əp-"@cjh	
"núvol"@ca	<http://ids.clld.org/values/1-730-177-1>		<http://ids.clld.org/parameters/1-730>		<http://ids.clld.org/values/1-730-232-3>		"ti'pi-"@cjh	
"núvol"@ca	<http://ids.clld.org/values/1-730-177-1>		<http://ids.clld.org/parameters/1-730>		<http://ids.clld.org/values/1-730-232-1>		"ɬt-"@cjh	
"puig"@ca	<http://ids.clld.org/values/1-220-177-3>		<http://ids.clld.org/parameters/1-220>		<http://ids.clld.org/values/1-220-232-1>		"'maniči-"@cjh	
"puig"@ca	<http://ids.clld.org/values/1-220-177-3>		<http://ids.clld.org/parameters/1-220>		<http://ids.clld.org/values/1-220-232-3>		"'məkʷˀ-"@cjh	
"gran"@ca	<http://ids.clld.org/values/12-550-177-3>		<http://ids.clld.org/parameters/12-550>		<http://ids.clld.org/values/12-550-232-1>		"'kʷac̷"@cjh	
"mort"@ca	<http://ids.clld.org/values/4-750-177-3>		<http://ids.clld.org/parameters/4-750>		<http://ids.clld.org/values/4-750-232-1>		"'ʔatmin-"@cjh	
"alena"@ca	<http://ids.clld.org/values/6-370-177-1>		<http://ids.clld.org/parameters/6-370>		<http://ids.clld.org/values/6-370-232-1>		"makʷ-"@cjh	
"rat-penat"@ca	<http://ids.clld.org/values/3-591-177-1>		<http://ids.clld.org/parameters/3-591>		<http://ids.clld.org/values/3-591-232-1>		"wa'yəχ"@cjh	
"penis"@ca	<http://ids.clld.org/values/4-492-177-1>		<http://ids.clld.org/parameters/4-492>		<http://ids.clld.org/values/4-492-232-1>		"'pəlḳ-"@cjh	
"enterrar"@ca	<http://ids.clld.org/values/4-780-177-1>		<http://ids.clld.org/parameters/4-780>		<http://ids.clld.org/values/4-780-232-1>		"'nəm-"@cjh	
"maco"@ca	<http://ids.clld.org/values/16-810-177-3>		<http://ids.clld.org/parameters/16-810>		<http://ids.clld.org/values/16-810-232-1>		"'ʔəy"@cjh	
"llac"@ca	<http://ids.clld.org/values/1-330-177-1>		<http://ids.clld.org/parameters/1-330>		<http://ids.clld.org/values/1-330-232-1>		"'c̷alaʔɬ-"@cjh	
"medecina"@ca	<http://ids.clld.org/values/4-880-177-1>		<http://ids.clld.org/parameters/4-880>		<http://ids.clld.org/values/4-880-232-1>		"ʔa'yōʔi-"@cjh	
"cistella"@ca	<http://ids.clld.org/values/9-760-177-1>		<http://ids.clld.org/parameters/9-760>		<http://ids.clld.org/values/9-760-232-1>		"'ḳāʔ"@cjh	
"només"@ca	<http://ids.clld.org/values/13-330-177-3>		<http://ids.clld.org/parameters/13-330>		<http://ids.clld.org/values/13-330-232-1>		"'ʔuc̷ˀs"@cjh	
"guerra"@ca	<http://ids.clld.org/values/20-130-177-1>		<http://ids.clld.org/parameters/20-130>		<http://ids.clld.org/values/20-130-232-1>		"'yupi-"@cjh	
"coll"@ca	<http://ids.clld.org/values/4-280-177-1>		<http://ids.clld.org/parameters/4-280>		<http://ids.clld.org/values/4-280-232-1>		"'χətɬˀ-"@cjh	
"marea altariu"@ca	<http://ids.clld.org/values/1-354-177-1>		<http://ids.clld.org/parameters/1-354>		<http://ids.clld.org/values/1-354-232-1>		"ta'wǣlˀs"@cjh	
"cuc"@ca	<http://ids.clld.org/values/3-840-177-1>		<http://ids.clld.org/parameters/3-840>		<http://ids.clld.org/values/3-840-232-1>		"'ḳʷat-"@cjh	
"una altra vegada"@ca	<http://ids.clld.org/values/14-350-177-1>		<http://ids.clld.org/parameters/14-350>		<http://ids.clld.org/values/14-350-232-1>		"'ɬeʔ"@cjh	
"dit gros"@ca	<http://ids.clld.org/values/4-342-177-3>		<http://ids.clld.org/parameters/4-342>		<http://ids.clld.org/values/4-342-232-1>		"šɬč'tunway-"@cjh	
"aire"@ca	<http://ids.clld.org/values/1-710-177-1>		<http://ids.clld.org/parameters/1-710>		<http://ids.clld.org/values/1-710-232-1>		"tɬˀə'ḳi-"@cjh	
"negre"@ca	<http://ids.clld.org/values/15-650-177-1>		<http://ids.clld.org/parameters/15-650>		<http://ids.clld.org/values/15-650-232-1>		"'nəḳ-"@cjh	
"país"@ca	<http://ids.clld.org/values/19-110-177-1>		<http://ids.clld.org/parameters/19-110>		<http://ids.clld.org/values/19-110-232-1>		"tə'miš-"@cjh	
"calavera"@ca	<http://ids.clld.org/values/4-202-177-3>		<http://ids.clld.org/parameters/4-202>		<http://ids.clld.org/values/4-202-232-1>		"ḳə'ʔuḳʷlas-"@cjh	
"branca"@ca	<http://ids.clld.org/values/8-550-177-1>		<http://ids.clld.org/parameters/8-550>		<http://ids.clld.org/values/8-550-232-1>		"'čˀālˀaš-"@cjh	
"morir"@ca	<http://ids.clld.org/values/4-750-177-1>		<http://ids.clld.org/parameters/4-750>		<http://ids.clld.org/values/4-750-232-1>		"'ʔatmin-"@cjh	
"manantial"@ca	<http://ids.clld.org/values/1-370-177-1>		<http://ids.clld.org/parameters/1-370>		<http://ids.clld.org/values/1-370-232-1>		"'c̷iḳʷi-"@cjh	
"manantial"@ca	<http://ids.clld.org/values/1-370-177-1>		<http://ids.clld.org/parameters/1-370>		<http://ids.clld.org/values/1-370-232-3>		"'ḳāʔ"@cjh	
"escuma"@ca	<http://ids.clld.org/values/1-324-177-1>		<http://ids.clld.org/parameters/1-324>		<http://ids.clld.org/values/1-324-232-1>		"'payin-"@cjh	
"colze"@ca	<http://ids.clld.org/values/4-320-177-1>		<http://ids.clld.org/parameters/4-320>		<http://ids.clld.org/values/4-320-232-1>		"ta'nˀis-"@cjh	
"furóncol"@ca	<http://ids.clld.org/values/4-856-177-1>		<http://ids.clld.org/parameters/4-856>		<http://ids.clld.org/values/4-856-232-1>		"pu'su-"@cjh	
"furóncol"@ca	<http://ids.clld.org/values/4-856-177-1>		<http://ids.clld.org/parameters/4-856>		<http://ids.clld.org/values/4-856-232-3>		"'ɬəχʷəl-"@cjh	
"pit"@ca	<http://ids.clld.org/values/4-400-177-1>		<http://ids.clld.org/parameters/4-400>		<http://ids.clld.org/values/4-400-232-1>		"'taχʷac̷-"@cjh	
"planxa"@ca	<http://ids.clld.org/values/7-570-177-1>		<http://ids.clld.org/parameters/7-570>		<http://ids.clld.org/values/7-570-232-1>		"siɬ-"@cjh	
"respirar"@ca	<http://ids.clld.org/values/4-510-177-1>		<http://ids.clld.org/parameters/4-510>		<http://ids.clld.org/values/4-510-232-3>		"'ḳama-"@cjh	
"respirar"@ca	<http://ids.clld.org/values/4-510-177-1>		<http://ids.clld.org/parameters/4-510>		<http://ids.clld.org/values/4-510-232-1>		"tɬˀə'ḳi-"@cjh	
"portar"@ca	<http://ids.clld.org/values/10-610-177-1>		<http://ids.clld.org/parameters/10-610>		<http://ids.clld.org/values/10-610-232-1>		"'ʔam-"@cjh	
"precipici"@ca	<http://ids.clld.org/values/1-222-177-1>		<http://ids.clld.org/parameters/1-222>		<http://ids.clld.org/values/1-222-232-1>		"sa'ḳˀilalḳʷˀt"@cjh	
"respondre"@ca	<http://ids.clld.org/values/18-320-177-3>		<http://ids.clld.org/parameters/18-320>		<http://ids.clld.org/values/18-320-232-1>		"'kʷawˀ-"@cjh	
"pujol"@ca	<http://ids.clld.org/values/1-220-177-7>		<http://ids.clld.org/parameters/1-220>		<http://ids.clld.org/values/1-220-232-1>		"'maniči-"@cjh	
"pujol"@ca	<http://ids.clld.org/values/1-220-177-7>		<http://ids.clld.org/parameters/1-220>		<http://ids.clld.org/values/1-220-232-3>		"'məkʷˀ-"@cjh	
"flama"@ca	<http://ids.clld.org/values/1-820-177-1>		<http://ids.clld.org/parameters/1-820>		<http://ids.clld.org/values/1-820-232-1>		"'kəw-"@cjh	
"por"@ca	<http://ids.clld.org/values/16-530-177-1>		<http://ids.clld.org/parameters/16-530>		<http://ids.clld.org/values/16-530-232-1>		"ḳʷa'nu-"@cjh	
"muntanya"@ca	<http://ids.clld.org/values/1-220-177-1>		<http://ids.clld.org/parameters/1-220>		<http://ids.clld.org/values/1-220-232-1>		"'maniči-"@cjh	
"muntanya"@ca	<http://ids.clld.org/values/1-220-177-1>		<http://ids.clld.org/parameters/1-220>		<http://ids.clld.org/values/1-220-232-3>		"'məkʷˀ-"@cjh	
"illa"@ca	<http://ids.clld.org/values/1-250-177-1>		<http://ids.clld.org/parameters/1-250>		<http://ids.clld.org/values/1-250-232-1>		"tˀa'čǣʔ"@cjh	
"cada"@ca	<http://ids.clld.org/values/13-140-177-3>		<http://ids.clld.org/parameters/13-140>		<http://ids.clld.org/values/13-140-232-1>		"ḳˀa-"@cjh	
"defecar"@ca	<http://ids.clld.org/values/4-660-177-1>		<http://ids.clld.org/parameters/4-660>		<http://ids.clld.org/values/4-660-232-1>		"'c̷ˀəm-"@cjh	
"defecar"@ca	<http://ids.clld.org/values/4-660-177-1>		<http://ids.clld.org/parameters/4-660>		<http://ids.clld.org/values/4-660-232-3>		"mə'nač-"@cjh	
"apagar"@ca	<http://ids.clld.org/values/1-861-177-1>		<http://ids.clld.org/parameters/1-861>		<http://ids.clld.org/values/1-861-232-1>		"'kʷˀəlčˀ-"@cjh	
"singlot"@ca	<http://ids.clld.org/values/4-521-177-1>		<http://ids.clld.org/parameters/4-521>		<http://ids.clld.org/values/4-521-232-1>		"'šəkʷˀiy-"@cjh	
"aixa"@ca	<http://ids.clld.org/values/9-251-177-1>		<http://ids.clld.org/parameters/9-251>		<http://ids.clld.org/values/9-251-232-1>		"'tɬˀəm-"@cjh	
"llot"@ca	<http://ids.clld.org/values/1-214-177-1>		<http://ids.clld.org/parameters/1-214>		<http://ids.clld.org/values/1-214-232-1>		"ḳˀa'χayˀ-"@cjh	
"pluja"@ca	<http://ids.clld.org/values/1-750-177-1>		<http://ids.clld.org/parameters/1-750>		<http://ids.clld.org/values/1-750-232-1>		"χa'silˀ"@cjh	
"tenebra"@ca	<http://ids.clld.org/values/1-620-177-3>		<http://ids.clld.org/parameters/1-620>		<http://ids.clld.org/values/1-620-232-1>		"tˀa'nˀap"@cjh	
"adulteri"@ca	<http://ids.clld.org/values/21-430-177-1>		<http://ids.clld.org/parameters/21-430>		<http://ids.clld.org/values/21-430-232-1>		"'ḳat-"@cjh	
"sobre"@ca	<http://ids.clld.org/values/12-80-177-3>		<http://ids.clld.org/parameters/12-80>		<http://ids.clld.org/values/12-80-232-1>		"'tɬˀukʷˀ"@cjh	
"fum"@ca	<http://ids.clld.org/values/1-830-177-1>		<http://ids.clld.org/parameters/1-830>		<http://ids.clld.org/values/1-830-232-1>		"'ḳʷōʔ"@cjh	
"fum"@ca	<http://ids.clld.org/values/1-830-177-1>		<http://ids.clld.org/parameters/1-830>		<http://ids.clld.org/values/1-830-232-3>		"'ḳʷˀuχʷ-"@cjh	
"cadascun"@ca	<http://ids.clld.org/values/13-140-177-5>		<http://ids.clld.org/parameters/13-140>		<http://ids.clld.org/values/13-140-232-1>		"ḳˀa-"@cjh	
"terra"@ca	<http://ids.clld.org/values/1-210-177-1>		<http://ids.clld.org/parameters/1-210>		<http://ids.clld.org/values/1-210-232-1>		"tə'miš-"@cjh	
"en estat"@ca	<http://ids.clld.org/values/4-730-177-5>		<http://ids.clld.org/parameters/4-730>		<http://ids.clld.org/values/4-730-232-1>		"'nəxʷ-"@cjh	
"creure"@ca	<http://ids.clld.org/values/17-150-177-1>		<http://ids.clld.org/parameters/17-150>		<http://ids.clld.org/values/17-150-232-1>		"'c̷un"@cjh	
"bebè"@ca	<http://ids.clld.org/values/2-280-177-3>		<http://ids.clld.org/parameters/2-280>		<http://ids.clld.org/values/2-280-232-1>		"ḳʷa'ya-"@cjh	
"cinturó"@ca	<http://ids.clld.org/values/6-570-177-1>		<http://ids.clld.org/parameters/6-570>		<http://ids.clld.org/values/6-570-232-1>		"'tˀəḳ-"@cjh	
"ebri"@ca	<http://ids.clld.org/values/4-980-177-1>		<http://ids.clld.org/parameters/4-980>		<http://ids.clld.org/values/4-980-232-1>		"'lam"@cjh	
"ebri"@ca	<http://ids.clld.org/values/4-980-177-1>		<http://ids.clld.org/parameters/4-980>		<http://ids.clld.org/values/4-980-232-3>		"'ḳʷōʔ"@cjh	
"cervell"@ca	<http://ids.clld.org/values/4-203-177-1>		<http://ids.clld.org/parameters/4-203>		<http://ids.clld.org/values/4-203-232-1>		"tɬˀa'laš"@cjh	
"cervell"@ca	<http://ids.clld.org/values/4-203-177-1>		<http://ids.clld.org/parameters/4-203>		<http://ids.clld.org/values/4-203-232-3>		"'yəc̷ḳ-"@cjh	
"corrent"@ca	<http://ids.clld.org/values/1-360-177-3>		<http://ids.clld.org/parameters/1-360>		<http://ids.clld.org/values/1-360-232-1>		"'ḳāʔ"@cjh	
"corrent"@ca	<http://ids.clld.org/values/1-360-177-3>		<http://ids.clld.org/parameters/1-360>		<http://ids.clld.org/values/1-360-232-3>		"'c̷apaš-"@cjh	
"corrent"@ca	<http://ids.clld.org/values/1-360-177-3>		<http://ids.clld.org/parameters/1-360>		<http://ids.clld.org/values/1-360-232-5>		"'nəxʷ-"@cjh	
"comprar"@ca	<http://ids.clld.org/values/11-810-177-1>		<http://ids.clld.org/parameters/11-810>		<http://ids.clld.org/values/11-810-232-1>		"'ɬəḳʷ-"@cjh	
"taló"@ca	<http://ids.clld.org/values/4-372-177-1>		<http://ids.clld.org/parameters/4-372>		<http://ids.clld.org/values/4-372-232-1>		"'ʔaw-"@cjh	
"començament"@ca	<http://ids.clld.org/values/14-250-177-3>		<http://ids.clld.org/parameters/14-250>		<http://ids.clld.org/values/14-250-232-1>		"'tulap-"@cjh	
"carbó"@ca	<http://ids.clld.org/values/1-890-177-1>		<http://ids.clld.org/parameters/1-890>		<http://ids.clld.org/values/1-890-232-1>		"'c̷ˀæ(?)-"@cjh	
"centpeus"@ca	<http://ids.clld.org/values/3-814-177-1>		<http://ids.clld.org/parameters/3-814>		<http://ids.clld.org/values/3-814-232-1>		"'ʔaxʷpˀaḳˀimɬn"@cjh	
"badia"@ca	<http://ids.clld.org/values/1-340-177-3>		<http://ids.clld.org/parameters/1-340>		<http://ids.clld.org/values/1-340-232-1>		"'ḳiwal-"@cjh	
"costa"@ca	<http://ids.clld.org/values/1-270-177-5>		<http://ids.clld.org/parameters/1-270>		<http://ids.clld.org/values/1-270-232-3>		"tˀəmš-"@cjh	
"costa"@ca	<http://ids.clld.org/values/1-270-177-5>		<http://ids.clld.org/parameters/1-270>		<http://ids.clld.org/values/1-270-232-1>		"'šəm-"@cjh	
"costa"@ca	<http://ids.clld.org/values/1-270-177-5>		<http://ids.clld.org/parameters/1-270>		<http://ids.clld.org/values/1-270-232-5>		"'yəl-"@cjh	
"cridar"@ca	<http://ids.clld.org/values/18-410-177-1>		<http://ids.clld.org/parameters/18-410>		<http://ids.clld.org/values/18-410-232-1>		"'tˀəḳʷˀ-"@cjh	
"tomba"@ca	<http://ids.clld.org/values/4-790-177-1>		<http://ids.clld.org/parameters/4-790>		<http://ids.clld.org/values/4-790-232-1>		"'makʷˀt"@cjh	
"suar"@ca	<http://ids.clld.org/values/4-550-177-1>		<http://ids.clld.org/parameters/4-550>		<http://ids.clld.org/values/4-550-232-1>		"'χʷəl-"@cjh	
"tormenta"@ca	<http://ids.clld.org/values/1-580-177-3>		<http://ids.clld.org/parameters/1-580>		<http://ids.clld.org/values/1-580-232-1>		"'χəs"@cjh	
"arc"@ca	<http://ids.clld.org/values/20-240-177-1>		<http://ids.clld.org/parameters/20-240>		<http://ids.clld.org/values/20-240-232-1>		"tˀə'kʷˀəɬ-"@cjh	
"cadera"@ca	<http://ids.clld.org/values/4-463-177-1>		<http://ids.clld.org/parameters/4-463>		<http://ids.clld.org/values/4-463-232-1>		"'čəm-"@cjh	
"badallar"@ca	<http://ids.clld.org/values/4-520-177-1>		<http://ids.clld.org/parameters/4-520>		<http://ids.clld.org/values/4-520-232-1>		"'c̷ˀawačˀa"@cjh	
"fondalar"@ca	<http://ids.clld.org/values/9-461-177-1>		<http://ids.clld.org/parameters/9-461>		<http://ids.clld.org/values/9-461-232-1>		"'kʷˀəlxʷ-"@cjh	
"tenir relacions sexuals"@ca	<http://ids.clld.org/values/4-670-177-3>		<http://ids.clld.org/parameters/4-670>		<http://ids.clld.org/values/4-670-232-3>		"'yōmi-"@cjh	
"tenir relacions sexuals"@ca	<http://ids.clld.org/values/4-670-177-3>		<http://ids.clld.org/parameters/4-670>		<http://ids.clld.org/values/4-670-232-1>		"c̷a'kʷu-"@cjh	
"polze"@ca	<http://ids.clld.org/values/4-342-177-1>		<http://ids.clld.org/parameters/4-342>		<http://ids.clld.org/values/4-342-232-1>		"šɬč'tunway-"@cjh	
"pantà"@ca	<http://ids.clld.org/values/1-380-177-1>		<http://ids.clld.org/parameters/1-380>		<http://ids.clld.org/values/1-380-232-1>		"'paɬχn-"@cjh	
"cel"@ca	<http://ids.clld.org/values/1-510-177-1>		<http://ids.clld.org/parameters/1-510>		<http://ids.clld.org/values/1-510-232-1>		"ɬt-"@cjh	
"llampec"@ca	<http://ids.clld.org/values/1-570-177-1>		<http://ids.clld.org/parameters/1-570>		<http://ids.clld.org/values/1-570-232-1>		"'ḳʷat-"@cjh	
"aigua"@ca	<http://ids.clld.org/values/1-310-177-1>		<http://ids.clld.org/parameters/1-310>		<http://ids.clld.org/values/1-310-232-1>		"'ḳāʔ"@cjh	
"llum"@ca	<http://ids.clld.org/values/1-610-177-1>		<http://ids.clld.org/parameters/1-610>		<http://ids.clld.org/values/1-610-232-1>		"ḳə'ləχ-"@cjh	
"testicle"@ca	<http://ids.clld.org/values/4-490-177-1>		<http://ids.clld.org/parameters/4-490>		<http://ids.clld.org/values/4-490-232-1>		"'mačini-"@cjh	
"llamp"@ca	<http://ids.clld.org/values/1-570-177-3>		<http://ids.clld.org/parameters/1-570>		<http://ids.clld.org/values/1-570-232-1>		"'ḳʷat-"@cjh	
"ungla"@ca	<http://ids.clld.org/values/4-344-177-1>		<http://ids.clld.org/parameters/4-344>		<http://ids.clld.org/values/4-344-232-1>		"pap-"@cjh	
"cua"@ca	<http://ids.clld.org/values/4-180-177-1>		<http://ids.clld.org/parameters/4-180>		<http://ids.clld.org/values/4-180-232-1>		"'sups-"@cjh	
"pont"@ca	<http://ids.clld.org/values/10-740-177-1>		<http://ids.clld.org/parameters/10-740>		<http://ids.clld.org/values/10-740-232-1>		"'tiwat-"@cjh	
"dit"@ca	<http://ids.clld.org/values/4-340-177-1>		<http://ids.clld.org/parameters/4-340>		<http://ids.clld.org/values/4-340-232-1>		"ɬa'χay-"@cjh	
"lòbul (d'orella)"@ca	<http://ids.clld.org/values/4-221-177-1>		<http://ids.clld.org/parameters/4-221>		<http://ids.clld.org/values/4-221-232-1>		"'liχ-"@cjh	
"mandrós"@ca	<http://ids.clld.org/values/4-920-177-1>		<http://ids.clld.org/parameters/4-920>		<http://ids.clld.org/values/4-920-232-1>		"'c̷uχʷum-"@cjh	
"arbre"@ca	<http://ids.clld.org/values/1-420-177-1>		<http://ids.clld.org/parameters/1-420>		<http://ids.clld.org/values/1-420-232-1>		"'tɬˀəš-tɬˀaš-"@cjh	
"cara"@ca	<http://ids.clld.org/values/4-204-177-1>		<http://ids.clld.org/parameters/4-204>		<http://ids.clld.org/values/4-204-232-1>		"'mus"@cjh	
"cara"@ca	<http://ids.clld.org/values/4-204-177-1>		<http://ids.clld.org/parameters/4-204>		<http://ids.clld.org/values/4-204-232-3>		"c̷m-"@cjh	
"oceà"@ca	<http://ids.clld.org/values/1-329-177-1>		<http://ids.clld.org/parameters/1-329>		<http://ids.clld.org/values/1-329-232-1>		"'ḳiwal-"@cjh	
"terratrèmol"@ca	<http://ids.clld.org/values/1-450-177-1>		<http://ids.clld.org/parameters/1-450>		<http://ids.clld.org/values/1-450-232-1>		"ya'ḳʷa-"@cjh	
"brases"@ca	<http://ids.clld.org/values/1-841-177-1>		<http://ids.clld.org/parameters/1-841>		<http://ids.clld.org/values/1-841-232-1>		"'ḳʷˀaɬ-"@cjh	
"fruita"@ca	<http://ids.clld.org/values/5-710-177-1>		<http://ids.clld.org/parameters/5-710>		<http://ids.clld.org/values/5-710-232-1>		"ḳʷˀə'li-"@cjh	
"fer l'amor"@ca	<http://ids.clld.org/values/4-670-177-1>		<http://ids.clld.org/parameters/4-670>		<http://ids.clld.org/values/4-670-232-3>		"'yōmi-"@cjh	
"fer l'amor"@ca	<http://ids.clld.org/values/4-670-177-1>		<http://ids.clld.org/parameters/4-670>		<http://ids.clld.org/values/4-670-232-1>		"c̷a'kʷu-"@cjh	
"barbeta"@ca	<http://ids.clld.org/values/4-209-177-1>		<http://ids.clld.org/parameters/4-209>		<http://ids.clld.org/values/4-209-232-1>		"'ḳəl-"@cjh	
"doblegar"@ca	<http://ids.clld.org/values/9-140-177-1>		<http://ids.clld.org/parameters/9-140>		<http://ids.clld.org/values/9-140-232-1>		"'puyi-"@cjh	
"despullat"@ca	<http://ids.clld.org/values/4-990-177-1>		<http://ids.clld.org/parameters/4-990>		<http://ids.clld.org/values/4-990-232-1>		"mə'ləχʷ-"@cjh	
"destral"@ca	<http://ids.clld.org/values/9-250-177-1>		<http://ids.clld.org/parameters/9-250>		<http://ids.clld.org/values/9-250-232-1>		"'tɬˀali-"@cjh	
"intestins"@ca	<http://ids.clld.org/values/4-461-177-1>		<http://ids.clld.org/parameters/4-461>		<http://ids.clld.org/values/4-461-232-1>		"ḳˀə'yaχ-"@cjh	
"riarol"@ca	<http://ids.clld.org/values/1-360-177-5>		<http://ids.clld.org/parameters/1-360>		<http://ids.clld.org/values/1-360-232-1>		"'ḳāʔ"@cjh	
"riarol"@ca	<http://ids.clld.org/values/1-360-177-5>		<http://ids.clld.org/parameters/1-360>		<http://ids.clld.org/values/1-360-232-3>		"'c̷apaš-"@cjh	
"riarol"@ca	<http://ids.clld.org/values/1-360-177-5>		<http://ids.clld.org/parameters/1-360>		<http://ids.clld.org/values/1-360-232-5>		"'nəxʷ-"@cjh	
"tardor"@ca	<http://ids.clld.org/values/14-770-177-1>		<http://ids.clld.org/parameters/14-770>		<http://ids.clld.org/values/14-770-232-1>		"mə'ɬič-"@cjh	
"embarassada"@ca	<http://ids.clld.org/values/4-730-177-3>		<http://ids.clld.org/parameters/4-730>		<http://ids.clld.org/values/4-730-232-1>		"'nəxʷ-"@cjh	
"bosc"@ca	<http://ids.clld.org/values/1-410-177-3>		<http://ids.clld.org/parameters/1-410>		<http://ids.clld.org/values/1-410-232-3>		"'yamac̷-"@cjh	
"bosc"@ca	<http://ids.clld.org/values/1-410-177-3>		<http://ids.clld.org/parameters/1-410>		<http://ids.clld.org/values/1-410-232-1>		"'χatɬˀ"@cjh	
"bosc"@ca	<http://ids.clld.org/values/1-410-177-3>		<http://ids.clld.org/parameters/1-410>		<http://ids.clld.org/values/1-410-232-5>		"χa'siɬšin-"@cjh	
"onada"@ca	<http://ids.clld.org/values/1-350-177-1>		<http://ids.clld.org/parameters/1-350>		<http://ids.clld.org/values/1-350-232-1>		"'ʔamaniʔ"@cjh	
"peu"@ca	<http://ids.clld.org/values/4-370-177-1>		<http://ids.clld.org/parameters/4-370>		<http://ids.clld.org/values/4-370-232-3>		"'tawˀ"@cjh	
"peu"@ca	<http://ids.clld.org/values/4-370-177-1>		<http://ids.clld.org/parameters/4-370>		<http://ids.clld.org/values/4-370-232-1>		"'c̷ulis-"@cjh	
"gotejar"@ca	<http://ids.clld.org/values/4-591-177-1>		<http://ids.clld.org/parameters/4-591>		<http://ids.clld.org/values/4-591-232-1>		"'c̷ətχ-"@cjh	
"llumí"@ca	<http://ids.clld.org/values/1-870-177-1>		<http://ids.clld.org/parameters/1-870>		<http://ids.clld.org/values/1-870-232-1>		"'yičˀic̷ˀ"@cjh	
"ascendir"@ca	<http://ids.clld.org/values/10-210-177-5>		<http://ids.clld.org/parameters/10-210>		<http://ids.clld.org/values/10-210-232-1>		"'xʷətˀi-"@cjh	
"verí"@ca	<http://ids.clld.org/values/4-890-177-1>		<http://ids.clld.org/parameters/4-890>		<http://ids.clld.org/values/4-890-232-1>		"'čini-"@cjh	
"llaga"@ca	<http://ids.clld.org/values/4-850-177-3>		<http://ids.clld.org/parameters/4-850>		<http://ids.clld.org/values/4-850-232-1>		"'ḳʷˀāli-"@cjh	
"llaga"@ca	<http://ids.clld.org/values/4-850-177-3>		<http://ids.clld.org/parameters/4-850>		<http://ids.clld.org/values/4-850-232-5>		"'c̷ˀaḳa-"@cjh	
"llaga"@ca	<http://ids.clld.org/values/4-850-177-3>		<http://ids.clld.org/parameters/4-850>		<http://ids.clld.org/values/4-850-232-3>		"c̷ˀa'weʔ-"@cjh	
"cella"@ca	<http://ids.clld.org/values/4-212-177-1>		<http://ids.clld.org/parameters/4-212>		<http://ids.clld.org/values/4-212-232-1>		"'c̷um-"@cjh	
"fort"@ca	<http://ids.clld.org/values/4-810-177-1>		<http://ids.clld.org/parameters/4-810>		<http://ids.clld.org/values/4-810-232-1>		"'c̷ˀəp"@cjh	
"forat del nas"@ca	<http://ids.clld.org/values/4-231-177-1>		<http://ids.clld.org/parameters/4-231>		<http://ids.clld.org/values/4-231-232-1>		"lə'pəxʷ-"@cjh	
"sà"@ca	<http://ids.clld.org/values/4-830-177-1>		<http://ids.clld.org/parameters/4-830>		<http://ids.clld.org/values/4-830-232-1>		"'c̷ˀəp"@cjh	
"mig"@ca	<http://ids.clld.org/values/12-370-177-1>		<http://ids.clld.org/parameters/12-370>		<http://ids.clld.org/values/12-370-232-1>		"'kʷac̷-"@cjh	
"urpa"@ca	<http://ids.clld.org/values/4-345-177-1>		<http://ids.clld.org/parameters/4-345>		<http://ids.clld.org/values/4-345-232-1>		"ɬa'χay-"@cjh	
"cascada"@ca	<http://ids.clld.org/values/1-390-177-3>		<http://ids.clld.org/parameters/1-390>		<http://ids.clld.org/values/1-390-232-1>		"'pup-"@cjh	
"llavi"@ca	<http://ids.clld.org/values/4-250-177-1>		<http://ids.clld.org/parameters/4-250>		<http://ids.clld.org/values/4-250-232-1>		"kʷa'təl-"@cjh	
"elevar"@ca	<http://ids.clld.org/values/10-210-177-3>		<http://ids.clld.org/parameters/10-210>		<http://ids.clld.org/values/10-210-232-1>		"'xʷətˀi-"@cjh	
"flato"@ca	<http://ids.clld.org/values/4-640-177-1>		<http://ids.clld.org/parameters/4-640>		<http://ids.clld.org/values/4-640-232-1>		"'pōʔ-"@cjh	
"canoa"@ca	<http://ids.clld.org/values/10-831-177-1>		<http://ids.clld.org/parameters/10-831>		<http://ids.clld.org/values/10-831-232-1>		"'wiɬ"@cjh	
"noi"@ca	<http://ids.clld.org/values/2-250-177-1>		<http://ids.clld.org/parameters/2-250>		<http://ids.clld.org/values/2-250-232-1>		"ɬt-"@cjh	
"esguerrat"@ca	<http://ids.clld.org/values/4-940-177-3>		<http://ids.clld.org/parameters/4-940>		<http://ids.clld.org/values/4-940-232-1>		"'ḳˀāχi-"@cjh	
"tossir"@ca	<http://ids.clld.org/values/4-530-177-1>		<http://ids.clld.org/parameters/4-530>		<http://ids.clld.org/values/4-530-232-1>		"'χʷōʔi-"@cjh	
"acostar-se"@ca	<http://ids.clld.org/values/10-560-177-1>		<http://ids.clld.org/parameters/10-560>		<http://ids.clld.org/values/10-560-232-1>		"'yač-"@cjh	
"abans"@ca	<http://ids.clld.org/values/12-40-177-1>		<http://ids.clld.org/parameters/12-40>		<http://ids.clld.org/values/12-40-232-1>		"'c̷əni"@cjh	
"flassada"@ca	<http://ids.clld.org/values/7-422-177-3>		<http://ids.clld.org/parameters/7-422>		<http://ids.clld.org/values/7-422-232-1>		"'ɬaχɬin-"@cjh	
"braçalet"@ca	<http://ids.clld.org/values/6-740-177-1>		<http://ids.clld.org/parameters/6-740>		<http://ids.clld.org/values/6-740-232-1>		"'ʔuc̷ˀs"@cjh	
"mossegar"@ca	<http://ids.clld.org/values/4-580-177-1>		<http://ids.clld.org/parameters/4-580>		<http://ids.clld.org/values/4-580-232-1>		"'tˀəkʷˀ-"@cjh	
"doctor"@ca	<http://ids.clld.org/values/4-870-177-1>		<http://ids.clld.org/parameters/4-870>		<http://ids.clld.org/values/4-870-232-1>		"'pəlxʷ-"@cjh	
"pell"@ca	<http://ids.clld.org/values/4-120-177-1>		<http://ids.clld.org/parameters/4-120>		<http://ids.clld.org/values/4-120-232-1>		"tɬˀ'ʔičɬ-"@cjh	
"bullir"@ca	<http://ids.clld.org/values/5-220-177-1>		<http://ids.clld.org/parameters/5-220>		<http://ids.clld.org/values/5-220-232-1>		"'c̷əḳ-"@cjh	
"bullir"@ca	<http://ids.clld.org/values/5-220-177-1>		<http://ids.clld.org/parameters/5-220>		<http://ids.clld.org/values/5-220-232-3>		"'ləp-"@cjh	
"cuinar al forn"@ca	<http://ids.clld.org/values/5-240-177-1>		<http://ids.clld.org/parameters/5-240>		<http://ids.clld.org/values/5-240-232-3>		"c̷ˀa'χʷasi-"@cjh	
"cuinar al forn"@ca	<http://ids.clld.org/values/5-240-177-1>		<http://ids.clld.org/parameters/5-240>		<http://ids.clld.org/values/5-240-232-1>		"'ʔac̷aḳʷi-"@cjh	
"remolí"@ca	<http://ids.clld.org/values/1-362-177-1>		<http://ids.clld.org/parameters/1-362>		<http://ids.clld.org/values/1-362-232-1>		"'pˀalkʷˀ"@cjh	
"cercle"@ca	<http://ids.clld.org/values/12-820-177-1>		<http://ids.clld.org/parameters/12-820>		<http://ids.clld.org/values/12-820-232-1>		"'yəl-"@cjh	
"queixal"@ca	<http://ids.clld.org/values/4-272-177-1>		<http://ids.clld.org/parameters/4-272>		<http://ids.clld.org/values/4-272-232-1>		"kʷˀa'ya-"@cjh	
"cuixa"@ca	<http://ids.clld.org/values/4-351-177-1>		<http://ids.clld.org/parameters/4-351>		<http://ids.clld.org/values/4-351-232-1>		"'pˀən-"@cjh	
"món"@ca	<http://ids.clld.org/values/1-100-177-1>		<http://ids.clld.org/parameters/1-100>		<http://ids.clld.org/values/1-100-232-1>		"tə'miš-"@cjh	
"tia"@ca	<http://ids.clld.org/values/2-520-177-1>		<http://ids.clld.org/parameters/2-520>		<http://ids.clld.org/values/2-520-232-1>		"'kʷəɬuʔ-"@cjh	
"melic"@ca	<http://ids.clld.org/values/4-430-177-1>		<http://ids.clld.org/parameters/4-430>		<http://ids.clld.org/values/4-430-232-1>		"ma'čiwˀ"@cjh	
"cintura"@ca	<http://ids.clld.org/values/4-462-177-1>		<http://ids.clld.org/parameters/4-462>		<http://ids.clld.org/values/4-462-232-1>		"'wit-"@cjh	
"costella"@ca	<http://ids.clld.org/values/4-162-177-1>		<http://ids.clld.org/parameters/4-162>		<http://ids.clld.org/values/4-162-232-1>		"'χac̷ˀ-"@cjh	
"sofocar-se"@ca	<http://ids.clld.org/values/5-190-177-1>		<http://ids.clld.org/parameters/5-190>		<http://ids.clld.org/values/5-190-232-3>		"'ḳəḳ-"@cjh	
"sofocar-se"@ca	<http://ids.clld.org/values/5-190-177-1>		<http://ids.clld.org/parameters/5-190>		<http://ids.clld.org/values/5-190-232-1>		"'mic̷ˀi-"@cjh	
"batalla"@ca	<http://ids.clld.org/values/20-130-177-3>		<http://ids.clld.org/parameters/20-130>		<http://ids.clld.org/values/20-130-232-1>		"'yupi-"@cjh	
"brillant"@ca	<http://ids.clld.org/values/15-570-177-1>		<http://ids.clld.org/parameters/15-570>		<http://ids.clld.org/values/15-570-232-1>		"ḳə'ləχ"@cjh	
"cansat"@ca	<http://ids.clld.org/values/4-910-177-1>		<http://ids.clld.org/parameters/4-910>		<http://ids.clld.org/values/4-910-232-1>		"'xʷən-"@cjh	
"roncar"@ca	<http://ids.clld.org/values/4-612-177-1>		<http://ids.clld.org/parameters/4-612>		<http://ids.clld.org/values/4-612-232-1>		"'χʷōlan-"@cjh	
"penya-segat"@ca	<http://ids.clld.org/values/1-222-177-3>		<http://ids.clld.org/parameters/1-222>		<http://ids.clld.org/values/1-222-232-1>		"sa'ḳˀilalḳʷˀt"@cjh	
"llàgrima"@ca	<http://ids.clld.org/values/16-380-177-1>		<http://ids.clld.org/parameters/16-380>		<http://ids.clld.org/values/16-380-232-1>		"'ḳāʔ"@cjh	
"genives"@ca	<http://ids.clld.org/values/4-271-177-1>		<http://ids.clld.org/parameters/4-271>		<http://ids.clld.org/values/4-271-232-1>		"kʷa'təl-"@cjh	
"amarg"@ca	<http://ids.clld.org/values/15-370-177-1>		<http://ids.clld.org/parameters/15-370>		<http://ids.clld.org/values/15-370-232-1>		"'tɬˀəɬ"@cjh	
"bonic"@ca	<http://ids.clld.org/values/16-810-177-1>		<http://ids.clld.org/parameters/16-810>		<http://ids.clld.org/values/16-810-232-1>		"'ʔəy"@cjh	
"sota"@ca	<http://ids.clld.org/values/12-30-177-1>		<http://ids.clld.org/parameters/12-30>		<http://ids.clld.org/values/12-30-232-1>		"'ɬa-"@cjh	
"ombra"@ca	<http://ids.clld.org/values/1-630-177-1>		<http://ids.clld.org/parameters/1-630>		<http://ids.clld.org/values/1-630-232-3>		"ḳaḳ-"@cjh	
"ombra"@ca	<http://ids.clld.org/values/1-630-177-1>		<http://ids.clld.org/parameters/1-630>		<http://ids.clld.org/values/1-630-232-1>		"'taḳa-"@cjh	
"fusta"@ca	<http://ids.clld.org/values/1-430-177-1>		<http://ids.clld.org/parameters/1-430>		<http://ids.clld.org/values/1-430-232-1>		"'tɬˀəš-tɬˀaš-"@cjh	
"banya"@ca	<http://ids.clld.org/values/4-170-177-1>		<http://ids.clld.org/parameters/4-170>		<http://ids.clld.org/values/4-170-232-1>		"wi'nawˀ"@cjh	
"pus"@ca	<http://ids.clld.org/values/4-857-177-1>		<http://ids.clld.org/parameters/4-857>		<http://ids.clld.org/values/4-857-232-1>		"'təmn-"@cjh	
"nas"@ca	<http://ids.clld.org/values/4-230-177-1>		<http://ids.clld.org/parameters/4-230>		<http://ids.clld.org/values/4-230-232-1>		"'məḳsin-"@cjh	
"trenar"@ca	<http://ids.clld.org/values/6-921-177-1>		<http://ids.clld.org/parameters/6-921>		<http://ids.clld.org/values/6-921-232-1>		"'ḳˀayac̷ˀi-"@cjh	
"mar"@ca	<http://ids.clld.org/values/1-320-177-1>		<http://ids.clld.org/parameters/1-320>		<http://ids.clld.org/values/1-320-232-1>		"'ḳiwal-"@cjh	
"nen"@ca	<http://ids.clld.org/values/2-280-177-1>		<http://ids.clld.org/parameters/2-280>		<http://ids.clld.org/values/2-280-232-1>		"ḳʷa'ya-"@cjh	
"marea"@ca	<http://ids.clld.org/values/1-352-177-1>		<http://ids.clld.org/parameters/1-352>		<http://ids.clld.org/values/1-352-232-3>		"'šāptc̷in"@cjh	
"marea"@ca	<http://ids.clld.org/values/1-352-177-1>		<http://ids.clld.org/parameters/1-352>		<http://ids.clld.org/values/1-352-232-1>		"χə'pi-"@cjh	
"arbre"@ca	<http://ids.clld.org/values/8-600-177-1>		<http://ids.clld.org/parameters/8-600>		<http://ids.clld.org/values/8-600-232-1>		"'tɬˀəš"@cjh	
"arbre"@ca	<http://ids.clld.org/values/8-600-177-1>		<http://ids.clld.org/parameters/8-600>		<http://ids.clld.org/values/8-600-232-3>		"tɬˀaš-"@cjh	
"capa"@ca	<http://ids.clld.org/values/6-410-177-1>		<http://ids.clld.org/parameters/6-410>		<http://ids.clld.org/values/6-410-232-1>		"'lala"@cjh	
"escombra"@ca	<http://ids.clld.org/values/9-380-177-1>		<http://ids.clld.org/parameters/9-380>		<http://ids.clld.org/values/9-380-232-1>		"'xʷakʷa-"@cjh	
"manllevar"@ca	<http://ids.clld.org/values/11-620-177-1>		<http://ids.clld.org/parameters/11-620>		<http://ids.clld.org/values/11-620-232-1>		"'čōyaʔ"@cjh	
"aixella"@ca	<http://ids.clld.org/values/4-312-177-1>		<http://ids.clld.org/parameters/4-312>		<http://ids.clld.org/values/4-312-232-1>		"'tɬˀəp"@cjh	
"al costat de"@ca	<http://ids.clld.org/values/12-20-177-1>		<http://ids.clld.org/parameters/12-20>		<http://ids.clld.org/values/12-20-232-1>		"'pˀən-"@cjh	
"artèria"@ca	<http://ids.clld.org/values/4-151-177-3>		<http://ids.clld.org/parameters/4-151>		<http://ids.clld.org/values/4-151-232-1>		"wa'səlˀ"@cjh	
"atacar"@ca	<http://ids.clld.org/values/20-430-177-1>		<http://ids.clld.org/parameters/20-430>		<http://ids.clld.org/values/20-430-232-1>		"ḳa'li-"@cjh	
"mocs"@ca	<http://ids.clld.org/values/4-232-177-1>		<http://ids.clld.org/parameters/4-232>		<http://ids.clld.org/values/4-232-232-1>		"'tˀəp-"@cjh	
"dolent"@ca	<http://ids.clld.org/values/16-720-177-1>		<http://ids.clld.org/parameters/16-720>		<http://ids.clld.org/values/16-720-232-1>		"'χəs"@cjh	
"cor"@ca	<http://ids.clld.org/values/4-440-177-1>		<http://ids.clld.org/parameters/4-440>		<http://ids.clld.org/values/4-440-232-1>		"'ḳʷəlam-"@cjh	
"pluma"@ca	<http://ids.clld.org/values/4-393-177-1>		<http://ids.clld.org/parameters/4-393>		<http://ids.clld.org/values/4-393-232-1>		"'tˀuḳʷ-"@cjh	
"esternudar"@ca	<http://ids.clld.org/values/4-540-177-1>		<http://ids.clld.org/parameters/4-540>		<http://ids.clld.org/values/4-540-232-1>		"'ʔaw-"@cjh	
"pit"@ca	<http://ids.clld.org/values/4-410-177-1>		<http://ids.clld.org/parameters/4-410>		<http://ids.clld.org/values/4-410-232-1>		"c̷ˀa'mi-"@cjh	
"i"@ca	<http://ids.clld.org/values/17-510-177-1>		<http://ids.clld.org/parameters/17-510>		<http://ids.clld.org/values/17-510-232-1>		"ča"@cjh	
"i"@ca	<http://ids.clld.org/values/17-510-177-1>		<http://ids.clld.org/parameters/17-510>		<http://ids.clld.org/values/17-510-232-3>		"pəs"@cjh	
"omòplat"@ca	<http://ids.clld.org/values/4-301-177-1>		<http://ids.clld.org/parameters/4-301>		<http://ids.clld.org/values/4-301-232-3>		"'čǣ"@cjh	
"omòplat"@ca	<http://ids.clld.org/values/4-301-177-1>		<http://ids.clld.org/parameters/4-301>		<http://ids.clld.org/values/4-301-232-1>		"'šawˀ"@cjh	
"pestanya"@ca	<http://ids.clld.org/values/4-214-177-1>		<http://ids.clld.org/parameters/4-214>		<http://ids.clld.org/values/4-214-232-1>		"'c̷ˀipxʷ-"@cjh	
"dit del peu"@ca	<http://ids.clld.org/values/4-380-177-1>		<http://ids.clld.org/parameters/4-380>		<http://ids.clld.org/values/4-380-232-1>		"šɬč'tunway-"@cjh	
"tot"@ca	<http://ids.clld.org/values/13-140-177-1>		<http://ids.clld.org/parameters/13-140>		<http://ids.clld.org/values/13-140-232-1>		"ḳˀa-"@cjh	
"orinar"@ca	<http://ids.clld.org/values/4-650-177-1>		<http://ids.clld.org/parameters/4-650>		<http://ids.clld.org/values/4-650-232-1>		"'xʷay"@cjh	
"bufar"@ca	<http://ids.clld.org/values/10-380-177-1>		<http://ids.clld.org/parameters/10-380>		<http://ids.clld.org/values/10-380-232-1>		"'puxʷi-"@cjh	
"cendra"@ca	<http://ids.clld.org/values/1-840-177-1>		<http://ids.clld.org/parameters/1-840>		<http://ids.clld.org/values/1-840-232-1>		"ḳʷˀə'li-"@cjh	
"rosada"@ca	<http://ids.clld.org/values/1-640-177-1>		<http://ids.clld.org/parameters/1-640>		<http://ids.clld.org/values/1-640-232-1>		"'səxʷ-"@cjh	
"calb"@ca	<http://ids.clld.org/values/4-930-177-1>		<http://ids.clld.org/parameters/4-930>		<http://ids.clld.org/values/4-930-232-1>		"'ɬuḳʷˀ-"@cjh	
"faixa"@ca	<http://ids.clld.org/values/6-570-177-3>		<http://ids.clld.org/parameters/6-570>		<http://ids.clld.org/values/6-570-232-1>		"'tˀəḳ-"@cjh	
"frontera"@ca	<http://ids.clld.org/values/19-170-177-1>		<http://ids.clld.org/parameters/19-170>		<http://ids.clld.org/values/19-170-232-1>		"'tˀanimi-"@cjh	
"descansar"@ca	<http://ids.clld.org/values/4-912-177-1>		<http://ids.clld.org/parameters/4-912>		<http://ids.clld.org/values/4-912-232-1>		"'naɬa-"@cjh	
"culpa"@ca	<http://ids.clld.org/values/16-780-177-1>		<http://ids.clld.org/parameters/16-780>		<http://ids.clld.org/values/16-780-232-1>		"'ɬun-"@cjh	
"paper"@ca	<http://ids.clld.org/values/18-560-177-1>		<http://ids.clld.org/parameters/18-560>		<http://ids.clld.org/values/18-560-232-1>		"['pipa]"@cjh	
"tempesta"@ca	<http://ids.clld.org/values/1-580-177-1>		<http://ids.clld.org/parameters/1-580>		<http://ids.clld.org/values/1-580-232-1>		"'χəs"@cjh	
"sol"@ca	<http://ids.clld.org/values/13-330-177-1>		<http://ids.clld.org/parameters/13-330>		<http://ids.clld.org/values/13-330-232-1>		"'ʔuc̷ˀs"@cjh	
"estómac"@ca	<http://ids.clld.org/values/4-460-177-1>		<http://ids.clld.org/parameters/4-460>		<http://ids.clld.org/values/4-460-232-1>		"'tɬˀač"@cjh	
"estómac"@ca	<http://ids.clld.org/values/4-460-177-1>		<http://ids.clld.org/parameters/4-460>		<http://ids.clld.org/values/4-460-232-3>		"'kʷˀasin-"@cjh	
"estómac"@ca	<http://ids.clld.org/values/4-460-177-1>		<http://ids.clld.org/parameters/4-460>		<http://ids.clld.org/values/4-460-232-5>		"'tawˀ"@cjh	
"tro"@ca	<http://ids.clld.org/values/1-560-177-1>		<http://ids.clld.org/parameters/1-560>		<http://ids.clld.org/values/1-560-232-1>		"'tuḳʷ-"@cjh	
"darrere"@ca	<http://ids.clld.org/values/12-11-177-1>		<http://ids.clld.org/parameters/12-11>		<http://ids.clld.org/values/12-11-232-1>		"'ʔaw-"@cjh	
"vergonya"@ca	<http://ids.clld.org/values/16-450-177-1>		<http://ids.clld.org/parameters/16-450>		<http://ids.clld.org/values/16-450-232-1>		"'sixʷi-"@cjh	
"pla"@ca	<http://ids.clld.org/values/1-230-177-1>		<http://ids.clld.org/parameters/1-230>		<http://ids.clld.org/values/1-230-232-1>		"'maḳʷam-"@cjh	
"malaltia"@ca	<http://ids.clld.org/values/4-840-177-3>		<http://ids.clld.org/parameters/4-840>		<http://ids.clld.org/values/4-840-232-3>		"'tač"@cjh	
"malaltia"@ca	<http://ids.clld.org/values/4-840-177-3>		<http://ids.clld.org/parameters/4-840>		<http://ids.clld.org/values/4-840-232-1>		"'ɬəčˀ"@cjh	
"malaltia"@ca	<http://ids.clld.org/values/4-840-177-3>		<http://ids.clld.org/parameters/4-840>		<http://ids.clld.org/values/4-840-232-5>		"χaw-"@cjh	
"ocell"@ca	<http://ids.clld.org/values/3-581-177-1>		<http://ids.clld.org/parameters/3-581>		<http://ids.clld.org/values/3-581-232-1>		"'pēps-"@cjh	
"fetge"@ca	<http://ids.clld.org/values/4-450-177-1>		<http://ids.clld.org/parameters/4-450>		<http://ids.clld.org/values/4-450-232-1>		"'saʔš"@cjh	
"boca"@ca	<http://ids.clld.org/values/4-240-177-1>		<http://ids.clld.org/parameters/4-240>		<http://ids.clld.org/values/4-240-232-1>		"ḳə'nuš-"@cjh	
"orella"@ca	<http://ids.clld.org/values/4-220-177-1>		<http://ids.clld.org/parameters/4-220>		<http://ids.clld.org/values/4-220-232-1>		"ḳʷˀal-"@cjh	
"caspa"@ca	<http://ids.clld.org/values/4-146-177-1>		<http://ids.clld.org/parameters/4-146>		<http://ids.clld.org/values/4-146-232-1>		"'ʔiɬn"@cjh	
"bot"@ca	<http://ids.clld.org/values/10-830-177-1>		<http://ids.clld.org/parameters/10-830>		<http://ids.clld.org/values/10-830-232-1>		"'put"@cjh	
"curar"@ca	<http://ids.clld.org/values/4-860-177-1>		<http://ids.clld.org/parameters/4-860>		<http://ids.clld.org/values/4-860-232-1>		"'pəlxʷ-"@cjh	
"alè"@ca	<http://ids.clld.org/values/4-510-177-3>		<http://ids.clld.org/parameters/4-510>		<http://ids.clld.org/values/4-510-232-3>		"'ḳama-"@cjh	
"alè"@ca	<http://ids.clld.org/values/4-510-177-3>		<http://ids.clld.org/parameters/4-510>		<http://ids.clld.org/values/4-510-232-1>		"tɬˀə'ḳi-"@cjh	
"ofegat"@ca	<http://ids.clld.org/values/4-751-177-1>		<http://ids.clld.org/parameters/4-751>		<http://ids.clld.org/values/4-751-232-1>		"'čˀəɬ-"@cjh	
"cicatriu"@ca	<http://ids.clld.org/values/4-858-177-1>		<http://ids.clld.org/parameters/4-858>		<http://ids.clld.org/values/4-858-232-1>		"'ɬumi-"@cjh	
"inflamor"@ca	<http://ids.clld.org/values/4-853-177-1>		<http://ids.clld.org/parameters/4-853>		<http://ids.clld.org/values/4-853-232-1>		"pu'su-"@cjh	
"després"@ca	<http://ids.clld.org/values/12-10-177-1>		<http://ids.clld.org/parameters/12-10>		<http://ids.clld.org/values/12-10-232-1>		"'ʔaw-"@cjh	
"riu"@ca	<http://ids.clld.org/values/1-360-177-1>		<http://ids.clld.org/parameters/1-360>		<http://ids.clld.org/values/1-360-232-1>		"'ḳāʔ"@cjh	
"riu"@ca	<http://ids.clld.org/values/1-360-177-1>		<http://ids.clld.org/parameters/1-360>		<http://ids.clld.org/values/1-360-232-3>		"'c̷apaš-"@cjh	
"riu"@ca	<http://ids.clld.org/values/1-360-177-1>		<http://ids.clld.org/parameters/1-360>		<http://ids.clld.org/values/1-360-232-5>		"'nəxʷ-"@cjh	
"os"@ca	<http://ids.clld.org/values/4-160-177-1>		<http://ids.clld.org/parameters/4-160>		<http://ids.clld.org/values/4-160-232-1>		"'šawˀ"@cjh	
"bec"@ca	<http://ids.clld.org/values/4-241-177-1>		<http://ids.clld.org/parameters/4-241>		<http://ids.clld.org/values/4-241-232-1>		"'ɬəkʷˀ-"@cjh	
"matriu"@ca	<http://ids.clld.org/values/4-470-177-1>		<http://ids.clld.org/parameters/4-470>		<http://ids.clld.org/values/4-470-232-1>		"'manˀ"@cjh	
"panxell"@ca	<http://ids.clld.org/values/4-352-177-1>		<http://ids.clld.org/parameters/4-352>		<http://ids.clld.org/values/4-352-232-1>		"'ʔaw-"@cjh	
"petjada"@ca	<http://ids.clld.org/values/4-374-177-1>		<http://ids.clld.org/parameters/4-374>		<http://ids.clld.org/values/4-374-232-1>		"'yəp-"@cjh	
"cap"@ca	<http://ids.clld.org/values/4-200-177-1>		<http://ids.clld.org/parameters/4-200>		<http://ids.clld.org/values/4-200-232-1>		"'matin-"@cjh	
"cistell"@ca	<http://ids.clld.org/values/9-760-177-3>		<http://ids.clld.org/parameters/9-760>		<http://ids.clld.org/values/9-760-232-1>		"'ḳāʔ"@cjh	
"terra"@ca	<http://ids.clld.org/values/1-212-177-3>		<http://ids.clld.org/parameters/1-212>		<http://ids.clld.org/values/1-212-232-1>		"tə'miš-"@cjh	
"espinada"@ca	<http://ids.clld.org/values/4-191-177-1>		<http://ids.clld.org/parameters/4-191>		<http://ids.clld.org/values/4-191-232-3>		"'šawˀ"@cjh	
"espinada"@ca	<http://ids.clld.org/values/4-191-177-1>		<http://ids.clld.org/parameters/4-191>		<http://ids.clld.org/values/4-191-232-1>		"'nəw-"@cjh	
"espinada"@ca	<http://ids.clld.org/values/4-191-177-1>		<http://ids.clld.org/parameters/4-191>		<http://ids.clld.org/values/4-191-232-5>		"χaw-"@cjh	
"plana"@ca	<http://ids.clld.org/values/1-230-177-3>		<http://ids.clld.org/parameters/1-230>		<http://ids.clld.org/values/1-230-232-1>		"'maḳʷam-"@cjh	
"matar"@ca	<http://ids.clld.org/values/4-760-177-1>		<http://ids.clld.org/parameters/4-760>		<http://ids.clld.org/values/4-760-232-1>		"'tixʷni-"@cjh	
"marea baixa"@ca	<http://ids.clld.org/values/1-353-177-1>		<http://ids.clld.org/parameters/1-353>		<http://ids.clld.org/values/1-353-232-1>		"'namiyḳ"@cjh	
"ala"@ca	<http://ids.clld.org/values/4-392-177-1>		<http://ids.clld.org/parameters/4-392>		<http://ids.clld.org/values/4-392-232-1>		"tɬˀə'ḳˀali-"@cjh	
"selva"@ca	<http://ids.clld.org/values/1-410-177-1>		<http://ids.clld.org/parameters/1-410>		<http://ids.clld.org/values/1-410-232-3>		"'yamac̷-"@cjh	
"selva"@ca	<http://ids.clld.org/values/1-410-177-1>		<http://ids.clld.org/parameters/1-410>		<http://ids.clld.org/values/1-410-232-1>		"'χatɬˀ"@cjh	
"selva"@ca	<http://ids.clld.org/values/1-410-177-1>		<http://ids.clld.org/parameters/1-410>		<http://ids.clld.org/values/1-410-232-5>		"χa'siɬšin-"@cjh	
"nano"@ca	<http://ids.clld.org/values/2-250-177-3>		<http://ids.clld.org/parameters/2-250>		<http://ids.clld.org/values/2-250-232-1>		"ɬt-"@cjh	
"ennuegar-se"@ca	<http://ids.clld.org/values/5-190-177-3>		<http://ids.clld.org/parameters/5-190>		<http://ids.clld.org/values/5-190-232-3>		"'ḳəḳ-"@cjh	
"ennuegar-se"@ca	<http://ids.clld.org/values/5-190-177-3>		<http://ids.clld.org/parameters/5-190>		<http://ids.clld.org/values/5-190-232-1>		"'mic̷ˀi-"@cjh	
"blau"@ca	<http://ids.clld.org/values/15-670-177-1>		<http://ids.clld.org/parameters/15-670>		<http://ids.clld.org/values/15-670-232-1>		"'ḳʷˀiχ-"@cjh	
"parpellejar"@ca	<http://ids.clld.org/values/4-215-177-1>		<http://ids.clld.org/parameters/4-215>		<http://ids.clld.org/values/4-215-232-1>		"ɬip-"@cjh	
"portar"@ca	<http://ids.clld.org/values/10-620-177-1>		<http://ids.clld.org/parameters/10-620>		<http://ids.clld.org/values/10-620-232-1>		"'tˀul-"@cjh	
"tremolar"@ca	<http://ids.clld.org/values/4-680-177-1>		<http://ids.clld.org/parameters/4-680>		<http://ids.clld.org/values/4-680-232-1>		"'čˀən-"@cjh	
"riba"@ca	<http://ids.clld.org/values/1-270-177-3>		<http://ids.clld.org/parameters/1-270>		<http://ids.clld.org/values/1-270-232-3>		"tˀəmš-"@cjh	
"riba"@ca	<http://ids.clld.org/values/1-270-177-3>		<http://ids.clld.org/parameters/1-270>		<http://ids.clld.org/values/1-270-232-1>		"'šəm-"@cjh	
"riba"@ca	<http://ids.clld.org/values/1-270-177-3>		<http://ids.clld.org/parameters/1-270>		<http://ids.clld.org/values/1-270-232-5>		"'yəl-"@cjh	
"sarna"@ca	<http://ids.clld.org/values/4-854-177-1>		<http://ids.clld.org/parameters/4-854>		<http://ids.clld.org/values/4-854-232-1>		"'c̷ˀaḳa-"@cjh	
"dormir"@ca	<http://ids.clld.org/values/4-610-177-1>		<http://ids.clld.org/parameters/4-610>		<http://ids.clld.org/values/4-610-232-1>		"'mˀus-"@cjh	
"pulmó"@ca	<http://ids.clld.org/values/4-441-177-1>		<http://ids.clld.org/parameters/4-441>		<http://ids.clld.org/values/4-441-232-1>		"'pˀus-"@cjh	
"animal"@ca	<http://ids.clld.org/values/3-110-177-1>		<http://ids.clld.org/parameters/3-110>		<http://ids.clld.org/values/3-110-232-1>		"'χəs"@cjh	
"ràbia"@ca	<http://ids.clld.org/values/16-420-177-1>		<http://ids.clld.org/parameters/16-420>		<http://ids.clld.org/values/16-420-232-1>		"ḳə'ɬəχ"@cjh	
"esquena"@ca	<http://ids.clld.org/values/4-190-177-1>		<http://ids.clld.org/parameters/4-190>		<http://ids.clld.org/values/4-190-232-1>		"'ɬawl-"@cjh	
"sorra"@ca	<http://ids.clld.org/values/1-215-177-1>		<http://ids.clld.org/parameters/1-215>		<http://ids.clld.org/values/1-215-232-1>		"c̷ˀa'χæʔs"@cjh	
"pou"@ca	<http://ids.clld.org/values/1-370-177-3>		<http://ids.clld.org/parameters/1-370>		<http://ids.clld.org/values/1-370-232-1>		"'c̷iḳʷi-"@cjh	
"pou"@ca	<http://ids.clld.org/values/1-370-177-3>		<http://ids.clld.org/parameters/1-370>		<http://ids.clld.org/values/1-370-232-3>		"'ḳāʔ"@cjh	
"gola"@ca	<http://ids.clld.org/values/4-290-177-1>		<http://ids.clld.org/parameters/4-290>		<http://ids.clld.org/values/4-290-232-1>		"'məḳʷˀ-"@cjh	
"malalt"@ca	<http://ids.clld.org/values/4-840-177-1>		<http://ids.clld.org/parameters/4-840>		<http://ids.clld.org/values/4-840-232-3>		"'tač"@cjh	
"malalt"@ca	<http://ids.clld.org/values/4-840-177-1>		<http://ids.clld.org/parameters/4-840>		<http://ids.clld.org/values/4-840-232-1>		"'ɬəčˀ"@cjh	
"malalt"@ca	<http://ids.clld.org/values/4-840-177-1>		<http://ids.clld.org/parameters/4-840>		<http://ids.clld.org/values/4-840-232-5>		"χaw-"@cjh	
"pell"@ca	<http://ids.clld.org/values/6-280-177-1>		<http://ids.clld.org/parameters/6-280>		<http://ids.clld.org/values/6-280-232-1>		"tˀa'min"@cjh	
"llit"@ca	<http://ids.clld.org/values/7-420-177-1>		<http://ids.clld.org/parameters/7-420>		<http://ids.clld.org/values/7-420-232-1>		"c̷ə'kʷi-"@cjh	
"llenya"@ca	<http://ids.clld.org/values/1-880-177-1>		<http://ids.clld.org/parameters/1-880>		<http://ids.clld.org/values/1-880-232-1>		"'χʷā-"@cjh	
"braç"@ca	<http://ids.clld.org/values/4-310-177-1>		<http://ids.clld.org/parameters/4-310>		<http://ids.clld.org/values/4-310-232-1>		"'čališ-"@cjh	
"a dalt"@ca	<http://ids.clld.org/values/12-80-177-1>		<http://ids.clld.org/parameters/12-80>		<http://ids.clld.org/values/12-80-232-1>		"'tɬˀukʷˀ"@cjh	
"pedra"@ca	<http://ids.clld.org/values/1-440-177-1>		<http://ids.clld.org/parameters/1-440>		<http://ids.clld.org/values/1-440-232-1>		"pa'talan-"@cjh	
"pedra"@ca	<http://ids.clld.org/values/1-440-177-1>		<http://ids.clld.org/parameters/1-440>		<http://ids.clld.org/values/1-440-232-3>		"'tawˀ"@cjh	
"pedra"@ca	<http://ids.clld.org/values/1-440-177-1>		<http://ids.clld.org/parameters/1-440>		<http://ids.clld.org/values/1-440-232-5>		"'səwin-"@cjh	
"bol"@ca	<http://ids.clld.org/values/5-330-177-1>		<http://ids.clld.org/parameters/5-330>		<http://ids.clld.org/values/5-330-232-1>		"c̷ə'kʷi-"@cjh	
"fons"@ca	<http://ids.clld.org/values/12-340-177-1>		<http://ids.clld.org/parameters/12-340>		<http://ids.clld.org/values/12-340-232-1>		"'nuw-"@cjh	
"cremar"@ca	<http://ids.clld.org/values/1-851-177-1>		<http://ids.clld.org/parameters/1-851>		<http://ids.clld.org/values/1-851-232-3>		"'kəw-"@cjh	
"cremar"@ca	<http://ids.clld.org/values/1-851-177-1>		<http://ids.clld.org/parameters/1-851>		<http://ids.clld.org/values/1-851-232-1>		"'ɬəχ-"@cjh	
"papallona"@ca	<http://ids.clld.org/values/3-920-177-1>		<http://ids.clld.org/parameters/3-920>		<http://ids.clld.org/values/3-920-232-1>		"χa'lewχalu"@cjh	
"genoll"@ca	<http://ids.clld.org/values/4-360-177-1>		<http://ids.clld.org/parameters/4-360>		<http://ids.clld.org/values/4-360-232-1>		"ta'nˀis-"@cjh	
"cova"@ca	<http://ids.clld.org/values/1-280-177-1>		<http://ids.clld.org/parameters/1-280>		<http://ids.clld.org/values/1-280-232-1>		"ʔac̷'kʷˀalaxʷɬ"@cjh	
"maluc"@ca	<http://ids.clld.org/values/4-463-177-3>		<http://ids.clld.org/parameters/4-463>		<http://ids.clld.org/values/4-463-232-1>		"'čəm-"@cjh	
"banyar-se"@ca	<http://ids.clld.org/values/4-690-177-1>		<http://ids.clld.org/parameters/4-690>		<http://ids.clld.org/values/4-690-232-1>		"'pˀǣχluwˀ"@cjh	
"palma de la mà"@ca	<http://ids.clld.org/values/4-331-177-1>		<http://ids.clld.org/parameters/4-331>		<http://ids.clld.org/values/4-331-232-1>		"tˀa'las-"@cjh	
"parpell"@ca	<http://ids.clld.org/values/4-213-177-1>		<http://ids.clld.org/parameters/4-213>		<http://ids.clld.org/values/4-213-232-1>		"'šic̷-"@cjh	
"pujar"@ca	<http://ids.clld.org/values/10-210-177-1>		<http://ids.clld.org/parameters/10-210>		<http://ids.clld.org/values/10-210-232-1>		"'xʷətˀi-"@cjh	
"natja"@ca	<http://ids.clld.org/values/4-464-177-1>		<http://ids.clld.org/parameters/4-464>		<http://ids.clld.org/values/4-464-232-1>		"'χʷum-"@cjh	
"clatell"@ca	<http://ids.clld.org/values/4-281-177-1>		<http://ids.clld.org/parameters/4-281>		<http://ids.clld.org/values/4-281-232-1>		"'ʔaw-"@cjh	
"nariu"@ca	<http://ids.clld.org/values/4-231-177-3>		<http://ids.clld.org/parameters/4-231>		<http://ids.clld.org/values/4-231-232-1>		"lə'pəxʷ-"@cjh	
"viure"@ca	<http://ids.clld.org/values/4-740-177-1>		<http://ids.clld.org/parameters/4-740>		<http://ids.clld.org/values/4-740-232-1>		"pˀa'luxʷ"@cjh	
"viure"@ca	<http://ids.clld.org/values/4-740-177-1>		<http://ids.clld.org/parameters/4-740>		<http://ids.clld.org/values/4-740-232-3>		"'kʷaxʷ-"@cjh	
"gat"@ca	<http://ids.clld.org/values/3-620-177-1>		<http://ids.clld.org/parameters/3-620>		<http://ids.clld.org/values/3-620-232-1>		"'pišpiš"@cjh	
"perquè"@ca	<http://ids.clld.org/values/17-520-177-1>		<http://ids.clld.org/parameters/17-520>		<http://ids.clld.org/values/17-520-232-1>		"ḳas"@cjh	
"vomitar"@ca	<http://ids.clld.org/values/4-570-177-1>		<http://ids.clld.org/parameters/4-570>		<http://ids.clld.org/values/4-570-232-1>		"ɬa'χʷa-"@cjh	
"tauló"@ca	<http://ids.clld.org/values/7-570-177-3>		<http://ids.clld.org/parameters/7-570>		<http://ids.clld.org/values/7-570-232-1>		"siɬ-"@cjh	
"front"@ca	<http://ids.clld.org/values/4-205-177-1>		<http://ids.clld.org/parameters/4-205>		<http://ids.clld.org/values/4-205-232-1>		"'pukʷis-"@cjh	
"ferida"@ca	<http://ids.clld.org/values/4-850-177-1>		<http://ids.clld.org/parameters/4-850>		<http://ids.clld.org/values/4-850-232-1>		"'ḳʷˀāli-"@cjh	
"ferida"@ca	<http://ids.clld.org/values/4-850-177-1>		<http://ids.clld.org/parameters/4-850>		<http://ids.clld.org/values/4-850-232-5>		"'c̷ˀaḳa-"@cjh	
"ferida"@ca	<http://ids.clld.org/values/4-850-177-1>		<http://ids.clld.org/parameters/4-850>		<http://ids.clld.org/values/4-850-232-3>		"c̷ˀa'weʔ-"@cjh	
"sord"@ca	<http://ids.clld.org/values/4-950-177-1>		<http://ids.clld.org/parameters/4-950>		<http://ids.clld.org/values/4-950-232-1>		"'təḳ-"@cjh	
"barba"@ca	<http://ids.clld.org/values/4-142-177-1>		<http://ids.clld.org/parameters/4-142>		<http://ids.clld.org/values/4-142-232-1>		"čˀp-"@cjh	
"lluna"@ca	<http://ids.clld.org/values/1-530-177-1>		<http://ids.clld.org/parameters/1-530>		<http://ids.clld.org/values/1-530-232-1>		"ɬu'kʷaɬ"@cjh	
"estrella"@ca	<http://ids.clld.org/values/1-540-177-1>		<http://ids.clld.org/parameters/1-540>		<http://ids.clld.org/values/1-540-232-1>		"'ḳilitin-"@cjh	
"presumir"@ca	<http://ids.clld.org/values/18-450-177-3>		<http://ids.clld.org/parameters/18-450>		<http://ids.clld.org/values/18-450-232-1>		"'c̷əp-"@cjh	
"manta"@ca	<http://ids.clld.org/values/7-422-177-1>		<http://ids.clld.org/parameters/7-422>		<http://ids.clld.org/values/7-422-232-1>		"'ɬaχɬin-"@cjh	
"dent"@ca	<http://ids.clld.org/values/4-270-177-1>		<http://ids.clld.org/parameters/4-270>		<http://ids.clld.org/values/4-270-232-1>		"yə'nis-"@cjh	
"boira"@ca	<http://ids.clld.org/values/1-740-177-1>		<http://ids.clld.org/parameters/1-740>		<http://ids.clld.org/values/1-740-232-1>		"'pˀəɬ-"@cjh	
"fletxa"@ca	<http://ids.clld.org/values/20-250-177-1>		<http://ids.clld.org/parameters/20-250>		<http://ids.clld.org/values/20-250-232-1>		"χəl'χaʔs-"@cjh	
"cabell"@ca	<http://ids.clld.org/values/4-140-177-1>		<http://ids.clld.org/parameters/4-140>		<http://ids.clld.org/values/4-140-232-1>		"čˀə'sis-"@cjh	
"nu"@ca	<http://ids.clld.org/values/4-990-177-3>		<http://ids.clld.org/parameters/4-990>		<http://ids.clld.org/values/4-990-232-1>		"mə'ləχʷ-"@cjh	
"coixejar"@ca	<http://ids.clld.org/values/10-451-177-1>		<http://ids.clld.org/parameters/10-451>		<http://ids.clld.org/values/10-451-232-1>		"'tɬˀiḳˀʷ-"@cjh	
"cadàver"@ca	<http://ids.clld.org/values/4-770-177-1>		<http://ids.clld.org/parameters/4-770>		<http://ids.clld.org/values/4-770-232-1>		"'makʷˀt"@cjh	
"despertar-se"@ca	<http://ids.clld.org/values/4-630-177-1>		<http://ids.clld.org/parameters/4-630>		<http://ids.clld.org/values/4-630-232-1>		"'pˀala-"@cjh	
"bestiar"@ca	<http://ids.clld.org/values/3-200-177-1>		<http://ids.clld.org/parameters/3-200>		<http://ids.clld.org/values/3-200-232-1>		"'mus"@cjh	
"començar"@ca	<http://ids.clld.org/values/14-250-177-1>		<http://ids.clld.org/parameters/14-250>		<http://ids.clld.org/values/14-250-232-1>		"'tulap-"@cjh	
"formiga"@ca	<http://ids.clld.org/values/3-817-177-1>		<http://ids.clld.org/parameters/3-817>		<http://ids.clld.org/values/3-817-232-1>		"c̷ˀ'skiyaḳ-"@cjh	
"poderós"@ca	<http://ids.clld.org/values/4-810-177-3>		<http://ids.clld.org/parameters/4-810>		<http://ids.clld.org/values/4-810-232-1>		"'c̷ˀəp"@cjh	
"gra (de rosari/ de collaret)"@ca	<http://ids.clld.org/values/6-760-177-1>		<http://ids.clld.org/parameters/6-760>		<http://ids.clld.org/values/6-760-232-1>		"'tamˀ-"@cjh	
"construir"@ca	<http://ids.clld.org/values/9-440-177-1>		<http://ids.clld.org/parameters/9-440>		<http://ids.clld.org/values/9-440-232-1>		"ḳˀə'laχanˀ"@cjh	
"crani"@ca	<http://ids.clld.org/values/4-202-177-1>		<http://ids.clld.org/parameters/4-202>		<http://ids.clld.org/values/4-202-232-1>		"ḳə'ʔuḳʷlas-"@cjh	
"esfera"@ca	<http://ids.clld.org/values/12-830-177-1>		<http://ids.clld.org/parameters/12-830>		<http://ids.clld.org/values/12-830-232-1>		"'pōsaḳˀ-"@cjh	
"golf"@ca	<http://ids.clld.org/values/1-340-177-1>		<http://ids.clld.org/parameters/1-340>		<http://ids.clld.org/values/1-340-232-1>		"'ḳiwal-"@cjh	
"llampec"@ca	<http://ids.clld.org/values/1-550-177-1>		<http://ids.clld.org/parameters/1-550>		<http://ids.clld.org/values/1-550-232-1>		"'ḳʷat-"@cjh	
"foc"@ca	<http://ids.clld.org/values/1-810-177-1>		<http://ids.clld.org/parameters/1-810>		<http://ids.clld.org/values/1-810-232-1>		"'ḳʷˀətˀ-"@cjh	
"contestar"@ca	<http://ids.clld.org/values/18-320-177-1>		<http://ids.clld.org/parameters/18-320>		<http://ids.clld.org/values/18-320-232-1>		"'kʷawˀ-"@cjh	
"roca"@ca	<http://ids.clld.org/values/1-440-177-3>		<http://ids.clld.org/parameters/1-440>		<http://ids.clld.org/values/1-440-232-1>		"pa'talan-"@cjh	
"roca"@ca	<http://ids.clld.org/values/1-440-177-3>		<http://ids.clld.org/parameters/1-440>		<http://ids.clld.org/values/1-440-232-3>		"'tawˀ"@cjh	
"roca"@ca	<http://ids.clld.org/values/1-440-177-3>		<http://ids.clld.org/parameters/1-440>		<http://ids.clld.org/values/1-440-232-5>		"'səwin-"@cjh	
"ull"@ca	<http://ids.clld.org/values/4-210-177-1>		<http://ids.clld.org/parameters/4-210>		<http://ids.clld.org/values/4-210-232-1>		"'tawˀ"@cjh	
"vedell"@ca	<http://ids.clld.org/values/3-240-177-1>		<http://ids.clld.org/parameters/3-240>		<http://ids.clld.org/values/3-240-232-1>		"'mus"@cjh	
"sang"@ca	<http://ids.clld.org/values/4-150-177-1>		<http://ids.clld.org/parameters/4-150>		<http://ids.clld.org/values/4-150-232-1>		"ḳʷi'li(m)-"@cjh	
"neu"@ca	<http://ids.clld.org/values/1-760-177-1>		<http://ids.clld.org/parameters/1-760>		<http://ids.clld.org/values/1-760-232-1>		"'ɬaḳʷˀ-"@cjh	
"vent"@ca	<http://ids.clld.org/values/1-720-177-1>		<http://ids.clld.org/parameters/1-720>		<http://ids.clld.org/values/1-720-232-1>		"'ɬəčiyaḳ-"@cjh	
"escorça"@ca	<http://ids.clld.org/values/8-750-177-1>		<http://ids.clld.org/parameters/8-750>		<http://ids.clld.org/values/8-750-232-1>		"pˀā'lan-"@cjh	
"llibre"@ca	<http://ids.clld.org/values/18-610-177-1>		<http://ids.clld.org/parameters/18-610>		<http://ids.clld.org/values/18-610-232-1>		"[buk]"@cjh	
"gla"@ca	<http://ids.clld.org/values/8-660-177-1>		<http://ids.clld.org/parameters/8-660>		<http://ids.clld.org/values/8-660-232-1>		"'kʷis-"@cjh	
"vida"@ca	<http://ids.clld.org/values/4-740-177-3>		<http://ids.clld.org/parameters/4-740>		<http://ids.clld.org/values/4-740-232-1>		"pˀa'luxʷ"@cjh	
"vida"@ca	<http://ids.clld.org/values/4-740-177-3>		<http://ids.clld.org/parameters/4-740>		<http://ids.clld.org/values/4-740-232-3>		"'kʷaxʷ-"@cjh	
"cec"@ca	<http://ids.clld.org/values/4-970-177-1>		<http://ids.clld.org/parameters/4-970>		<http://ids.clld.org/values/4-970-232-1>		"'ʔəχ-"@cjh	
"cec"@ca	<http://ids.clld.org/values/4-970-177-1>		<http://ids.clld.org/parameters/4-970>		<http://ids.clld.org/values/4-970-232-3>		"'tay-"@cjh	
"turmell"@ca	<http://ids.clld.org/values/4-371-177-1>		<http://ids.clld.org/parameters/4-371>		<http://ids.clld.org/values/4-371-232-1>		"ḳə'muχʷ-"@cjh	
"abella"@ca	<http://ids.clld.org/values/3-820-177-1>		<http://ids.clld.org/parameters/3-820>		<http://ids.clld.org/values/3-820-232-1>		"ḳʷa'təm-"@cjh	
"sol"@ca	<http://ids.clld.org/values/1-520-177-1>		<http://ids.clld.org/parameters/1-520>		<http://ids.clld.org/values/1-520-232-1>		"ɬu'kʷaɬ"@cjh	
"somiar"@ca	<http://ids.clld.org/values/4-620-177-1>		<http://ids.clld.org/parameters/4-620>		<http://ids.clld.org/values/4-620-232-1>		"'tukʷli-"@cjh	
"carn"@ca	<http://ids.clld.org/values/4-130-177-1>		<http://ids.clld.org/parameters/4-130>		<http://ids.clld.org/values/4-130-232-1>		"'šic̷-"@cjh	
"esmorzar"@ca	<http://ids.clld.org/values/5-420-177-1>		<http://ids.clld.org/parameters/5-420>		<http://ids.clld.org/values/5-420-232-1>		"'pət-"@cjh	
"camp"@ca	<http://ids.clld.org/values/1-230-177-5>		<http://ids.clld.org/parameters/1-230>		<http://ids.clld.org/values/1-230-232-1>		"'maḳʷam-"@cjh	
"pilota"@ca	<http://ids.clld.org/values/12-830-177-3>		<http://ids.clld.org/parameters/12-830>		<http://ids.clld.org/values/12-830-232-1>		"'pōsaḳˀ-"@cjh	
"botó"@ca	<http://ids.clld.org/values/6-620-177-1>		<http://ids.clld.org/parameters/6-620>		<http://ids.clld.org/values/6-620-232-1>		"'ɬana-"@cjh	
"gros"@ca	<http://ids.clld.org/values/12-550-177-1>		<http://ids.clld.org/parameters/12-550>		<http://ids.clld.org/values/12-550-232-1>		"'kʷac̷"@cjh	
"pèl púbic"@ca	<http://ids.clld.org/values/4-145-177-1>		<http://ids.clld.org/parameters/4-145>		<http://ids.clld.org/values/4-145-232-1>		"'kʷˀans"@cjh	
"veritat"@ca	<http://ids.clld.org/values/16-660-177-1>		<http://ids.clld.org/parameters/16-660>		<http://ids.clld.org/values/16-660-232-1>		"'naxʷɬ-"@cjh	
"centre"@ca	<http://ids.clld.org/values/12-370-177-3>		<http://ids.clld.org/parameters/12-370>		<http://ids.clld.org/values/12-370-232-1>		"'kʷac̷-"@cjh	
"turó"@ca	<http://ids.clld.org/values/1-220-177-5>		<http://ids.clld.org/parameters/1-220>		<http://ids.clld.org/values/1-220-232-1>		"'maniči-"@cjh	
"turó"@ca	<http://ids.clld.org/values/1-220-177-5>		<http://ids.clld.org/parameters/1-220>		<http://ids.clld.org/values/1-220-232-3>		"'məkʷˀ-"@cjh	
"infant"@ca	<http://ids.clld.org/values/2-280-177-5>		<http://ids.clld.org/parameters/2-280>		<http://ids.clld.org/values/2-280-232-1>		"ḳʷa'ya-"@cjh	
"arribar"@ca	<http://ids.clld.org/values/10-550-177-1>		<http://ids.clld.org/parameters/10-550>		<http://ids.clld.org/values/10-550-232-1>		"'ɬeʔ"@cjh	
"ronyó"@ca	<http://ids.clld.org/values/4-451-177-1>		<http://ids.clld.org/parameters/4-451>		<http://ids.clld.org/values/4-451-232-1>		"mə'tˀus-"@cjh	
"gel"@ca	<http://ids.clld.org/values/1-770-177-1>		<http://ids.clld.org/parameters/1-770>		<http://ids.clld.org/values/1-770-232-1>		"ḳˀa'xʷa-"@cjh	
"vena"@ca	<http://ids.clld.org/values/4-151-177-1>		<http://ids.clld.org/parameters/4-151>		<http://ids.clld.org/values/4-151-232-1>		"wa'səlˀ"@cjh	
"febre"@ca	<http://ids.clld.org/values/4-841-177-1>		<http://ids.clld.org/parameters/4-841>		<http://ids.clld.org/values/4-841-232-1>		"χʷa'lāʔ"@cjh	
"trencar"@ca	<http://ids.clld.org/values/9-260-177-1>		<http://ids.clld.org/parameters/9-260>		<http://ids.clld.org/values/9-260-232-1>		"'χətɬˀ-"@cjh	
"tarda"@ca	<http://ids.clld.org/values/14-451-177-1>		<http://ids.clld.org/parameters/14-451>		<http://ids.clld.org/values/14-451-232-1>		"ɬu'kʷaɬ"@cjh	
"metge"@ca	<http://ids.clld.org/values/4-870-177-3>		<http://ids.clld.org/parameters/4-870>		<http://ids.clld.org/values/4-870-232-1>		"'pəlxʷ-"@cjh	
"prenyada"@ca	<http://ids.clld.org/values/4-730-177-1>		<http://ids.clld.org/parameters/4-730>		<http://ids.clld.org/values/4-730-232-1>		"'nəxʷ-"@cjh	
"salt d'aigua"@ca	<http://ids.clld.org/values/1-390-177-1>		<http://ids.clld.org/parameters/1-390>		<http://ids.clld.org/values/1-390-232-1>		"'pup-"@cjh	
"llepar"@ca	<http://ids.clld.org/values/4-590-177-1>		<http://ids.clld.org/parameters/4-590>		<http://ids.clld.org/values/4-590-232-1>		"'tˀaḳʷa-"@cjh	
"coix"@ca	<http://ids.clld.org/values/4-940-177-1>		<http://ids.clld.org/parameters/4-940>		<http://ids.clld.org/values/4-940-232-1>		"'ḳˀāχi-"@cjh	
"piragua"@ca	<http://ids.clld.org/values/10-831-177-3>		<http://ids.clld.org/parameters/10-831>		<http://ids.clld.org/values/10-831-232-1>		"'wiɬ"@cjh	
"exèrcit"@ca	<http://ids.clld.org/values/20-150-177-1>		<http://ids.clld.org/parameters/20-150>		<http://ids.clld.org/values/20-150-232-1>		"'sulčs"@cjh	
"mandíbula"@ca	<http://ids.clld.org/values/4-207-177-1>		<http://ids.clld.org/parameters/4-207>		<http://ids.clld.org/values/4-207-232-1>		"'ḳəl-"@cjh	
"llengua"@ca	<http://ids.clld.org/values/4-260-177-1>		<http://ids.clld.org/parameters/4-260>		<http://ids.clld.org/values/4-260-232-1>		"'tixʷc̷aɬ-"@cjh	
"preguntar"@ca	<http://ids.clld.org/values/18-310-177-1>		<http://ids.clld.org/parameters/18-310>		<http://ids.clld.org/values/18-310-232-1>		"'sawla-"@cjh	
"salut"@ca	<http://ids.clld.org/values/4-830-177-3>		<http://ids.clld.org/parameters/4-830>		<http://ids.clld.org/values/4-830-232-1>		"'c̷ˀəp"@cjh	
"resplandor"@ca	<http://ids.clld.org/values/15-570-177-3>		<http://ids.clld.org/parameters/15-570>		<http://ids.clld.org/values/15-570-232-1>		"ḳə'ləχ"@cjh	
"galta"@ca	<http://ids.clld.org/values/4-208-177-1>		<http://ids.clld.org/parameters/4-208>		<http://ids.clld.org/values/4-208-232-1>		"'c̷ˀiḳ-"@cjh	
"cos"@ca	<http://ids.clld.org/values/4-110-177-1>		<http://ids.clld.org/parameters/4-110>		<http://ids.clld.org/values/4-110-232-1>		"'nawa-"@cjh	
"fang"@ca	<http://ids.clld.org/values/1-214-177-3>		<http://ids.clld.org/parameters/1-214>		<http://ids.clld.org/values/1-214-232-1>		"ḳˀa'χayˀ-"@cjh	
"foscor"@ca	<http://ids.clld.org/values/1-620-177-1>		<http://ids.clld.org/parameters/1-620>		<http://ids.clld.org/values/1-620-232-1>		"tˀa'nˀap"@cjh	
"canyell"@ca	<http://ids.clld.org/values/4-321-177-1>		<http://ids.clld.org/parameters/4-321>		<http://ids.clld.org/values/4-321-232-1>		"tˀa'las-"@cjh	
"nascut"@ca	<http://ids.clld.org/values/4-720-177-3>		<http://ids.clld.org/parameters/4-720>		<http://ids.clld.org/values/4-720-232-1>		"'manˀ"@cjh	
"cadira"@ca	<http://ids.clld.org/values/7-430-177-1>		<http://ids.clld.org/parameters/7-430>		<http://ids.clld.org/values/7-430-232-1>		"ta'wila-"@cjh	
"límit"@ca	<http://ids.clld.org/values/19-170-177-3>		<http://ids.clld.org/parameters/19-170>		<http://ids.clld.org/values/19-170-232-1>		"'tˀanimi-"@cjh	
