"cama"@ca	<http://ids.clld.org/values/4-350-177-1>		<http://ids.clld.org/parameters/4-350>		<http://ids.clld.org/values/4-350-242-1>		"kain"@mot	
"mà"@ca	<http://ids.clld.org/values/4-330-177-1>		<http://ids.clld.org/parameters/4-330>		<http://ids.clld.org/values/4-330-242-1>		"aḳduu"@mot	
"fregar"@ca	<http://ids.clld.org/values/9-310-177-1>		<http://ids.clld.org/parameters/9-310>		<http://ids.clld.org/values/9-310-242-1>		"dyuug-dyug"@mot	
"bernat pescaire"@ca	<http://ids.clld.org/values/3-583-177-1>		<http://ids.clld.org/parameters/3-583>		<http://ids.clld.org/values/3-583-242-1>		"taāna"@mot	
"on? a on?"@ca	<http://ids.clld.org/values/17-660-177-1>		<http://ids.clld.org/parameters/17-660>		<http://ids.clld.org/values/17-660-242-1>		"abããhã"@mot	
"poc"@ca	<http://ids.clld.org/values/13-170-177-1>		<http://ids.clld.org/parameters/13-170>		<http://ids.clld.org/values/13-170-242-1>		"kobahkaaĩ"@mot	
"arc de Sant Martí"@ca	<http://ids.clld.org/values/1-590-177-1>		<http://ids.clld.org/parameters/1-590>		<http://ids.clld.org/values/1-590-242-1>		"kajdō"@mot	
"terra"@ca	<http://ids.clld.org/values/7-260-177-1>		<http://ids.clld.org/parameters/7-260>		<http://ids.clld.org/values/7-260-242-1>		"ihtā"@mot	
"mastegar"@ca	<http://ids.clld.org/values/5-180-177-1>		<http://ids.clld.org/parameters/5-180>		<http://ids.clld.org/values/5-180-242-1>		"kõõ"@mot	
"rostir"@ca	<http://ids.clld.org/values/5-230-177-1>		<http://ids.clld.org/parameters/5-230>		<http://ids.clld.org/values/5-230-242-1>		"yoobī"@mot	
"escopir"@ca	<http://ids.clld.org/values/4-560-177-1>		<http://ids.clld.org/parameters/4-560>		<http://ids.clld.org/values/4-560-242-1>		"kurukduu"@mot	
"mentir"@ca	<http://ids.clld.org/values/16-670-177-1>		<http://ids.clld.org/parameters/16-670>		<http://ids.clld.org/values/16-670-242-1>		"aakčirokwã"@mot	
"sòl"@ca	<http://ids.clld.org/values/1-212-177-1>		<http://ids.clld.org/parameters/1-212>		<http://ids.clld.org/values/1-212-242-1>		"ihtãã"@mot	
"pols"@ca	<http://ids.clld.org/values/1-213-177-1>		<http://ids.clld.org/parameters/1-213>		<http://ids.clld.org/values/1-213-242-1>		"ihtan-bruki"@mot	
"vall"@ca	<http://ids.clld.org/values/1-240-177-1>		<http://ids.clld.org/parameters/1-240>		<http://ids.clld.org/values/1-240-242-1>		"šiimbia"@mot	
"sabó"@ca	<http://ids.clld.org/values/6-950-177-1>		<http://ids.clld.org/parameters/6-950>		<http://ids.clld.org/values/6-950-242-1>		"yadūiduibai"@mot	
"cavall"@ca	<http://ids.clld.org/values/3-410-177-1>		<http://ids.clld.org/parameters/3-410>		<http://ids.clld.org/values/3-410-242-1>		"buēragba"@mot	
"pelar"@ca	<http://ids.clld.org/values/5-460-177-1>		<http://ids.clld.org/parameters/5-460>		<http://ids.clld.org/values/5-460-242-1>		"šū"@mot	
"muller"@ca	<http://ids.clld.org/values/2-320-177-1>		<http://ids.clld.org/parameters/2-320>		<http://ids.clld.org/values/2-320-242-1>		"a-byoo-bai"@mot	
"néixer"@ca	<http://ids.clld.org/values/4-720-177-1>		<http://ids.clld.org/parameters/4-720>		<http://ids.clld.org/values/4-720-242-1>		"šo"@mot	
"rusc"@ca	<http://ids.clld.org/values/3-822-177-1>		<http://ids.clld.org/parameters/3-822>		<http://ids.clld.org/values/3-822-242-1>		"burubī"@mot	
"mascle"@ca	<http://ids.clld.org/values/2-230-177-1>		<http://ids.clld.org/parameters/2-230>		<http://ids.clld.org/values/2-230-242-1>		"ataida"@mot	
"espatlla"@ca	<http://ids.clld.org/values/4-300-177-1>		<http://ids.clld.org/parameters/4-300>		<http://ids.clld.org/values/4-300-242-1>		"bahdoo"@mot	
"estret"@ca	<http://ids.clld.org/values/12-620-177-1>		<http://ids.clld.org/parameters/12-620>		<http://ids.clld.org/values/12-620-242-1>		"bwaikaan"@mot	
"closa"@ca	<http://ids.clld.org/values/8-160-177-3>		<http://ids.clld.org/parameters/8-160>		<http://ids.clld.org/values/8-160-242-1>		"watišišeše"@mot	
"núvol"@ca	<http://ids.clld.org/values/1-730-177-1>		<http://ids.clld.org/parameters/1-730>		<http://ids.clld.org/values/1-730-242-1>		"nindihkɨ"@mot	
"puig"@ca	<http://ids.clld.org/values/1-220-177-3>		<http://ids.clld.org/parameters/1-220>		<http://ids.clld.org/values/1-220-242-1>		"dyɨra"@mot	
"néta"@ca	<http://ids.clld.org/values/2-490-177-1>		<http://ids.clld.org/parameters/2-490>		<http://ids.clld.org/values/2-490-242-1>		"šiā́ abira"@mot	
"gran"@ca	<http://ids.clld.org/values/12-550-177-3>		<http://ids.clld.org/parameters/12-550>		<http://ids.clld.org/values/12-550-242-1>		"aabii"@mot	
"mort"@ca	<http://ids.clld.org/values/4-750-177-3>		<http://ids.clld.org/parameters/4-750>		<http://ids.clld.org/values/4-750-242-1>		"širɨ̃ aḳbaikãng"@mot	
"alena"@ca	<http://ids.clld.org/values/6-370-177-1>		<http://ids.clld.org/parameters/6-370>		<http://ids.clld.org/values/6-370-242-1>		"ihbaĩkaddū"@mot	
"rat-penat"@ca	<http://ids.clld.org/values/3-591-177-1>		<http://ids.clld.org/parameters/3-591>		<http://ids.clld.org/values/3-591-242-1>		"dohdōngba"@mot	
"penis"@ca	<http://ids.clld.org/values/4-492-177-1>		<http://ids.clld.org/parameters/4-492>		<http://ids.clld.org/values/4-492-242-1>		"bašišũ"@mot	
"ell/ ella/ allò"@ca	<http://ids.clld.org/values/2-930-177-1>		<http://ids.clld.org/parameters/2-930>		<http://ids.clld.org/values/2-930-242-1>		"oobãi"@mot	
"cargol"@ca	<http://ids.clld.org/values/3-940-177-1>		<http://ids.clld.org/parameters/3-940>		<http://ids.clld.org/values/3-940-242-1>		"kiugtū"@mot	
"fil"@ca	<http://ids.clld.org/values/6-380-177-1>		<http://ids.clld.org/parameters/6-380>		<http://ids.clld.org/values/6-380-242-1>		"kalāana"@mot	
"beure"@ca	<http://ids.clld.org/values/5-130-177-1>		<http://ids.clld.org/parameters/5-130>		<http://ids.clld.org/values/5-130-242-3>		"aɨkseɨba"@mot	
"beure"@ca	<http://ids.clld.org/values/5-130-177-1>		<http://ids.clld.org/parameters/5-130>		<http://ids.clld.org/values/5-130-242-1>		"da"@mot	
"constipat"@ca	<http://ids.clld.org/values/4-843-177-3>		<http://ids.clld.org/parameters/4-843>		<http://ids.clld.org/values/4-843-242-1>		"iroghba"@mot	
"menjar"@ca	<http://ids.clld.org/values/5-110-177-1>		<http://ids.clld.org/parameters/5-110>		<http://ids.clld.org/values/5-110-242-1>		"karabaseɨba"@mot	
"cotó"@ca	<http://ids.clld.org/values/6-240-177-1>		<http://ids.clld.org/parameters/6-240>		<http://ids.clld.org/values/6-240-242-1>		"kalã"@mot	
"llac"@ca	<http://ids.clld.org/values/1-330-177-1>		<http://ids.clld.org/parameters/1-330>		<http://ids.clld.org/values/1-330-242-1>		"badõo"@mot	
"medecina"@ca	<http://ids.clld.org/values/4-880-177-1>		<http://ids.clld.org/parameters/4-880>		<http://ids.clld.org/values/4-880-242-1>		"ogsā"@mot	
"manat"@ca	<http://ids.clld.org/values/5-712-177-1>		<http://ids.clld.org/parameters/5-712>		<http://ids.clld.org/values/5-712-242-1>		"kãširukū"@mot	
"mut"@ca	<http://ids.clld.org/values/4-960-177-1>		<http://ids.clld.org/parameters/4-960>		<http://ids.clld.org/values/4-960-242-1>		"arikbā"@mot	
"coll"@ca	<http://ids.clld.org/values/4-280-177-1>		<http://ids.clld.org/parameters/4-280>		<http://ids.clld.org/values/4-280-242-3>		"aboo aidyi"@mot	
"coll"@ca	<http://ids.clld.org/values/4-280-177-1>		<http://ids.clld.org/parameters/4-280>		<http://ids.clld.org/values/4-280-242-1>		"aboo"@mot	
"petit"@ca	<http://ids.clld.org/values/12-560-177-1>		<http://ids.clld.org/parameters/12-560>		<http://ids.clld.org/values/12-560-242-3>		"ihtoo"@mot	
"petit"@ca	<http://ids.clld.org/values/12-560-177-1>		<http://ids.clld.org/parameters/12-560>		<http://ids.clld.org/values/12-560-242-1>		"baakaĩ"@mot	
"vostè"@ca	<http://ids.clld.org/values/2-920-177-3>		<http://ids.clld.org/parameters/2-920>		<http://ids.clld.org/values/2-920-242-1>		"bai"@mot	
"cuc"@ca	<http://ids.clld.org/values/3-840-177-1>		<http://ids.clld.org/parameters/3-840>		<http://ids.clld.org/values/3-840-242-1>		"iširabaa"@mot	
"dit gros"@ca	<http://ids.clld.org/values/4-342-177-3>		<http://ids.clld.org/parameters/4-342>		<http://ids.clld.org/values/4-342-242-1>		"abi kiokbā"@mot	
"negre"@ca	<http://ids.clld.org/values/15-650-177-1>		<http://ids.clld.org/parameters/15-650>		<http://ids.clld.org/values/15-650-242-1>		"bɨɨh"@mot	
"saber"@ca	<http://ids.clld.org/values/17-170-177-1>		<http://ids.clld.org/parameters/17-170>		<http://ids.clld.org/values/17-170-242-1>		"kaama"@mot	
"calavera"@ca	<http://ids.clld.org/values/4-202-177-3>		<http://ids.clld.org/parameters/4-202>		<http://ids.clld.org/values/4-202-242-1>		"sākba kalā"@mot	
"tortuga"@ca	<http://ids.clld.org/values/3-980-177-1>		<http://ids.clld.org/parameters/3-980>		<http://ids.clld.org/values/3-980-242-1>		"dãšũ"@mot	
"agulla"@ca	<http://ids.clld.org/values/6-360-177-1>		<http://ids.clld.org/parameters/6-360>		<http://ids.clld.org/values/6-360-242-1>		"ihbeĩkaddū"@mot	
"morir"@ca	<http://ids.clld.org/values/4-750-177-1>		<http://ids.clld.org/parameters/4-750>		<http://ids.clld.org/values/4-750-242-1>		"širɨ̃ aḳbaikãng"@mot	
"lloro"@ca	<http://ids.clld.org/values/3-592-177-1>		<http://ids.clld.org/parameters/3-592>		<http://ids.clld.org/values/3-592-242-1>		"dahba"@mot	
"podrit"@ca	<http://ids.clld.org/values/5-125-177-1>		<http://ids.clld.org/parameters/5-125>		<http://ids.clld.org/values/5-125-242-1>		"ããnta"@mot	
"ganivet"@ca	<http://ids.clld.org/values/5-380-177-1>		<http://ids.clld.org/parameters/5-380>		<http://ids.clld.org/values/5-380-242-1>		"baktrusā"@mot	
"manantial"@ca	<http://ids.clld.org/values/1-370-177-1>		<http://ids.clld.org/parameters/1-370>		<http://ids.clld.org/values/1-370-242-1>		"undaghakĩ"@mot	
"nen"@ca	<http://ids.clld.org/values/2-270-177-1>		<http://ids.clld.org/parameters/2-270>		<http://ids.clld.org/values/2-270-242-1>		"asaaši"@mot	
"colze"@ca	<http://ids.clld.org/values/4-320-177-1>		<http://ids.clld.org/parameters/4-320>		<http://ids.clld.org/values/4-320-242-1>		"obāā"@mot	
"coll"@ca	<http://ids.clld.org/values/6-450-177-1>		<http://ids.clld.org/parameters/6-450>		<http://ids.clld.org/values/6-450-242-1>		"karāši"@mot	
"furóncol"@ca	<http://ids.clld.org/values/4-856-177-1>		<http://ids.clld.org/parameters/4-856>		<http://ids.clld.org/values/4-856-242-1>		"yayōsaibu"@mot	
"pit"@ca	<http://ids.clld.org/values/4-400-177-1>		<http://ids.clld.org/parameters/4-400>		<http://ids.clld.org/values/4-400-242-1>		"bidū"@mot	
"germà gran"@ca	<http://ids.clld.org/values/2-444-177-1>		<http://ids.clld.org/parameters/2-444>		<http://ids.clld.org/values/2-444-242-1>		"asāri iddō šōbimai"@mot	
"cavar"@ca	<http://ids.clld.org/values/8-220-177-1>		<http://ids.clld.org/parameters/8-220>		<http://ids.clld.org/values/8-220-242-1>		"okdyikããn"@mot	
"llança"@ca	<http://ids.clld.org/values/20-260-177-1>		<http://ids.clld.org/parameters/20-260>		<http://ids.clld.org/values/20-260-242-1>		"ããdyɨčkãn"@mot	
"immadur"@ca	<http://ids.clld.org/values/5-124-177-3>		<http://ids.clld.org/parameters/5-124>		<http://ids.clld.org/values/5-124-242-1>		"tahta"@mot	
"sogra d'una dona"@ca	<http://ids.clld.org/values/2-621-177-1>		<http://ids.clld.org/parameters/2-621>		<http://ids.clld.org/values/2-621-242-1>		"ašība"@mot	
"mel"@ca	<http://ids.clld.org/values/5-840-177-1>		<http://ids.clld.org/parameters/5-840>		<http://ids.clld.org/values/5-840-242-1>		"čiriba"@mot	
"planxa"@ca	<http://ids.clld.org/values/7-570-177-1>		<http://ids.clld.org/parameters/7-570>		<http://ids.clld.org/values/7-570-242-1>		"kaayābaī"@mot	
"padrastre"@ca	<http://ids.clld.org/values/2-710-177-1>		<http://ids.clld.org/parameters/2-710>		<http://ids.clld.org/values/2-710-242-1>		"kwaimai"@mot	
"respirar"@ca	<http://ids.clld.org/values/4-510-177-1>		<http://ids.clld.org/parameters/4-510>		<http://ids.clld.org/values/4-510-242-1>		"bosobuku"@mot	
"sucre"@ca	<http://ids.clld.org/values/5-850-177-1>		<http://ids.clld.org/parameters/5-850>		<http://ids.clld.org/values/5-850-242-1>		"sasou sabī"@mot	
"precipici"@ca	<http://ids.clld.org/values/1-222-177-1>		<http://ids.clld.org/parameters/1-222>		<http://ids.clld.org/values/1-222-242-1>		"angbarī"@mot	
"mono"@ca	<http://ids.clld.org/values/3-760-177-1>		<http://ids.clld.org/parameters/3-760>		<http://ids.clld.org/values/3-760-242-1>		"baraši"@mot	
"serp"@ca	<http://ids.clld.org/values/3-850-177-1>		<http://ids.clld.org/parameters/3-850>		<http://ids.clld.org/values/3-850-242-1>		"čiidu"@mot	
"pujol"@ca	<http://ids.clld.org/values/1-220-177-7>		<http://ids.clld.org/parameters/1-220>		<http://ids.clld.org/values/1-220-242-1>		"dyɨra"@mot	
"por"@ca	<http://ids.clld.org/values/16-530-177-1>		<http://ids.clld.org/parameters/16-530>		<http://ids.clld.org/values/16-530-242-1>		"doḳtosõn"@mot	
"elles"@ca	<http://ids.clld.org/values/2-960-177-3>		<http://ids.clld.org/parameters/2-960>		<http://ids.clld.org/values/2-960-242-1>		"oračidyi"@mot	
"muntanya"@ca	<http://ids.clld.org/values/1-220-177-1>		<http://ids.clld.org/parameters/1-220>		<http://ids.clld.org/values/1-220-242-1>		"dyɨra"@mot	
"cada"@ca	<http://ids.clld.org/values/13-140-177-3>		<http://ids.clld.org/parameters/13-140>		<http://ids.clld.org/values/13-140-242-1>		"ĩĩški"@mot	
"defecar"@ca	<http://ids.clld.org/values/4-660-177-1>		<http://ids.clld.org/parameters/4-660>		<http://ids.clld.org/values/4-660-242-1>		"ahtū"@mot	
"gorra"@ca	<http://ids.clld.org/values/6-550-177-3>		<http://ids.clld.org/parameters/6-550>		<http://ids.clld.org/values/6-550-242-1>		"somene"@mot	
"apagar"@ca	<http://ids.clld.org/values/1-861-177-1>		<http://ids.clld.org/parameters/1-861>		<http://ids.clld.org/values/1-861-242-1>		"sirasāini"@mot	
"asseure's"@ca	<http://ids.clld.org/values/12-130-177-1>		<http://ids.clld.org/parameters/12-130>		<http://ids.clld.org/values/12-130-242-1>		"kaani"@mot	
"singlot"@ca	<http://ids.clld.org/values/4-521-177-1>		<http://ids.clld.org/parameters/4-521>		<http://ids.clld.org/values/4-521-242-1>		"buyakaɨ"@mot	
"any"@ca	<http://ids.clld.org/values/14-730-177-1>		<http://ids.clld.org/parameters/14-730>		<http://ids.clld.org/values/14-730-242-1>		"asoḳbari"@mot	
"esmolat"@ca	<http://ids.clld.org/values/15-780-177-3>		<http://ids.clld.org/parameters/15-780>		<http://ids.clld.org/values/15-780-242-1>		"ihkobaaini"@mot	
"nit"@ca	<http://ids.clld.org/values/14-420-177-1>		<http://ids.clld.org/parameters/14-420>		<http://ids.clld.org/values/14-420-242-1>		"sɨ̃ɨ̃"@mot	
"grassa"@ca	<http://ids.clld.org/values/5-791-177-1>		<http://ids.clld.org/parameters/5-791>		<http://ids.clld.org/values/5-791-242-1>		"ahtooto"@mot	
"llot"@ca	<http://ids.clld.org/values/1-214-177-1>		<http://ids.clld.org/parameters/1-214>		<http://ids.clld.org/values/1-214-242-1>		"barā"@mot	
"neboda"@ca	<http://ids.clld.org/values/2-540-177-1>		<http://ids.clld.org/parameters/2-540>		<http://ids.clld.org/values/2-540-242-1>		"ašī ašiā"@mot	
"pluja"@ca	<http://ids.clld.org/values/1-750-177-1>		<http://ids.clld.org/parameters/1-750>		<http://ids.clld.org/values/1-750-242-1>		"dihkaɨg"@mot	
"tenebra"@ca	<http://ids.clld.org/values/1-620-177-3>		<http://ids.clld.org/parameters/1-620>		<http://ids.clld.org/values/1-620-242-1>		"baidaani"@mot	
"sobre"@ca	<http://ids.clld.org/values/12-80-177-3>		<http://ids.clld.org/parameters/12-80>		<http://ids.clld.org/values/12-80-242-1>		"baaduu"@mot	
"noi jove"@ca	<http://ids.clld.org/values/2-251-177-1>		<http://ids.clld.org/parameters/2-251>		<http://ids.clld.org/values/2-251-242-1>		"atdaku"@mot	
"cosí"@ca	<http://ids.clld.org/values/2-550-177-1>		<http://ids.clld.org/parameters/2-550>		<http://ids.clld.org/values/2-550-242-1>		"sāya sašī"@mot	
"cosí"@ca	<http://ids.clld.org/values/2-550-177-1>		<http://ids.clld.org/parameters/2-550>		<http://ids.clld.org/values/2-550-242-3>		"sāya ša"@mot	
"fum"@ca	<http://ids.clld.org/values/1-830-177-1>		<http://ids.clld.org/parameters/1-830>		<http://ids.clld.org/values/1-830-242-1>		"iiraḳbah"@mot	
"cadascun"@ca	<http://ids.clld.org/values/13-140-177-5>		<http://ids.clld.org/parameters/13-140>		<http://ids.clld.org/values/13-140-242-1>		"ĩĩški"@mot	
"terra"@ca	<http://ids.clld.org/values/1-210-177-1>		<http://ids.clld.org/parameters/1-210>		<http://ids.clld.org/values/1-210-242-1>		"ihtãã"@mot	
"jardí"@ca	<http://ids.clld.org/values/8-130-177-1>		<http://ids.clld.org/parameters/8-130>		<http://ids.clld.org/values/8-130-242-1>		"dogbah"@mot	
"en estat"@ca	<http://ids.clld.org/values/4-730-177-5>		<http://ids.clld.org/parameters/4-730>		<http://ids.clld.org/values/4-730-242-1>		"bugdama"@mot	
"llis"@ca	<http://ids.clld.org/values/15-770-177-1>		<http://ids.clld.org/parameters/15-770>		<http://ids.clld.org/values/15-770-242-1>		"dyibakaari"@mot	
"home casat"@ca	<http://ids.clld.org/values/2-380-177-1>		<http://ids.clld.org/parameters/2-380>		<http://ids.clld.org/values/2-380-242-1>		"da"@mot	
"cru"@ca	<http://ids.clld.org/values/5-122-177-1>		<http://ids.clld.org/parameters/5-122>		<http://ids.clld.org/values/5-122-242-1>		"tagta"@mot	
"bebè"@ca	<http://ids.clld.org/values/2-280-177-3>		<http://ids.clld.org/parameters/2-280>		<http://ids.clld.org/values/2-280-242-1>		"bahkuī"@mot	
"pal"@ca	<http://ids.clld.org/values/7-560-177-1>		<http://ids.clld.org/parameters/7-560>		<http://ids.clld.org/values/7-560-242-1>		"kakbaibai"@mot	
"mocador"@ca	<http://ids.clld.org/values/6-810-177-1>		<http://ids.clld.org/parameters/6-810>		<http://ids.clld.org/values/6-810-242-1>		"aḳduu"@mot	
"habitar"@ca	<http://ids.clld.org/values/7-110-177-1>		<http://ids.clld.org/parameters/7-110>		<http://ids.clld.org/values/7-110-242-1>		"baadarī"@mot	
"ebri"@ca	<http://ids.clld.org/values/4-980-177-1>		<http://ids.clld.org/parameters/4-980>		<http://ids.clld.org/values/4-980-242-1>		"agsabitbari"@mot	
"espòs"@ca	<http://ids.clld.org/values/2-310-177-3>		<http://ids.clld.org/parameters/2-310>		<http://ids.clld.org/values/2-310-242-1>		"aataida"@mot	
"dona casada"@ca	<http://ids.clld.org/values/2-390-177-1>		<http://ids.clld.org/parameters/2-390>		<http://ids.clld.org/values/2-390-242-1>		"byoo"@mot	
"família"@ca	<http://ids.clld.org/values/2-820-177-1>		<http://ids.clld.org/parameters/2-820>		<http://ids.clld.org/values/2-820-242-1>		"sadooyī"@mot	
"pensar"@ca	<http://ids.clld.org/values/17-130-177-1>		<http://ids.clld.org/parameters/17-130>		<http://ids.clld.org/values/17-130-242-1>		"yaamitdoḳaani"@mot	
"dreta"@ca	<http://ids.clld.org/values/12-410-177-1>		<http://ids.clld.org/parameters/12-410>		<http://ids.clld.org/values/12-410-242-1>		"ããkai"@mot	
"corrent"@ca	<http://ids.clld.org/values/1-360-177-3>		<http://ids.clld.org/parameters/1-360>		<http://ids.clld.org/values/1-360-242-1>		"bohgī"@mot	
"noia jove"@ca	<http://ids.clld.org/values/2-261-177-1>		<http://ids.clld.org/parameters/2-261>		<http://ids.clld.org/values/2-261-242-1>		"ašibī dou"@mot	
"taló"@ca	<http://ids.clld.org/values/4-372-177-1>		<http://ids.clld.org/parameters/4-372>		<http://ids.clld.org/values/4-372-242-1>		"kihtū būgda"@mot	
"àliga"@ca	<http://ids.clld.org/values/3-584-177-1>		<http://ids.clld.org/parameters/3-584>		<http://ids.clld.org/values/3-584-242-1>		"banko"@mot	
"cuir"@ca	<http://ids.clld.org/values/6-290-177-1>		<http://ids.clld.org/parameters/6-290>		<http://ids.clld.org/values/6-290-242-1>		"biruna"@mot	
"anguila d'aigua dolça"@ca	<http://ids.clld.org/values/3-665-177-1>		<http://ids.clld.org/parameters/3-665>		<http://ids.clld.org/values/3-665-242-1>		"bāībukū"@mot	
"bitxo"@ca	<http://ids.clld.org/values/5-821-177-1>		<http://ids.clld.org/parameters/5-821>		<http://ids.clld.org/values/5-821-242-1>		"lore"@mot	
"carbó"@ca	<http://ids.clld.org/values/1-890-177-1>		<http://ids.clld.org/parameters/1-890>		<http://ids.clld.org/values/1-890-242-1>		"ikogbah"@mot	
"ànec"@ca	<http://ids.clld.org/values/3-570-177-1>		<http://ids.clld.org/parameters/3-570>		<http://ids.clld.org/values/3-570-242-1>		"bakbā"@mot	
"esprémer"@ca	<http://ids.clld.org/values/9-343-177-1>		<http://ids.clld.org/parameters/9-343>		<http://ids.clld.org/values/9-343-242-1>		"saɨng-saing"@mot	
"centpeus"@ca	<http://ids.clld.org/values/3-814-177-1>		<http://ids.clld.org/parameters/3-814>		<http://ids.clld.org/values/3-814-242-1>		"iširabana"@mot	
"cassola"@ca	<http://ids.clld.org/values/5-260-177-1>		<http://ids.clld.org/parameters/5-260>		<http://ids.clld.org/values/5-260-242-1>		"bašikalai"@mot	
"llavor"@ca	<http://ids.clld.org/values/8-311-177-3>		<http://ids.clld.org/parameters/8-311>		<http://ids.clld.org/values/8-311-242-1>		"ahḳooḳbah"@mot	
"fer olor"@ca	<http://ids.clld.org/values/15-210-177-1>		<http://ids.clld.org/parameters/15-210>		<http://ids.clld.org/values/15-210-242-1>		"aantukãã"@mot	
"golpejar"@ca	<http://ids.clld.org/values/9-210-177-1>		<http://ids.clld.org/parameters/9-210>		<http://ids.clld.org/values/9-210-242-1>		"dõõ"@mot	
"golpejar"@ca	<http://ids.clld.org/values/9-210-177-1>		<http://ids.clld.org/parameters/9-210>		<http://ids.clld.org/values/9-210-242-3>		"buukši (?)"@mot	
"germana de la mare"@ca	<http://ids.clld.org/values/2-521-177-1>		<http://ids.clld.org/parameters/2-521>		<http://ids.clld.org/values/2-521-242-1>		"abāma si"@mot	
"closca"@ca	<http://ids.clld.org/values/3-655-177-1>		<http://ids.clld.org/parameters/3-655>		<http://ids.clld.org/values/3-655-242-1>		"āškūu"@mot	
"tres"@ca	<http://ids.clld.org/values/13-30-177-1>		<http://ids.clld.org/parameters/13-30>		<http://ids.clld.org/values/13-30-242-3>		"bitentoḳou"@mot	
"tres"@ca	<http://ids.clld.org/values/13-30-177-1>		<http://ids.clld.org/parameters/13-30>		<http://ids.clld.org/values/13-30-242-1>		"tentoḳou"@mot	
"escarabat"@ca	<http://ids.clld.org/values/3-816-177-1>		<http://ids.clld.org/parameters/3-816>		<http://ids.clld.org/values/3-816-242-1>		"šokdo"@mot	
"lluny"@ca	<http://ids.clld.org/values/12-440-177-1>		<http://ids.clld.org/parameters/12-440>		<http://ids.clld.org/values/12-440-242-1>		"iitčikiri"@mot	
"groc"@ca	<http://ids.clld.org/values/15-690-177-1>		<http://ids.clld.org/parameters/15-690>		<http://ids.clld.org/values/15-690-242-1>		"karikã ašungdu"@mot	
"pastura"@ca	<http://ids.clld.org/values/3-160-177-1>		<http://ids.clld.org/parameters/3-160>		<http://ids.clld.org/values/3-160-242-1>		"dihdyi"@mot	
"badallar"@ca	<http://ids.clld.org/values/4-520-177-1>		<http://ids.clld.org/parameters/4-520>		<http://ids.clld.org/values/4-520-242-1>		"kabah agaksakei"@mot	
"mascle"@ca	<http://ids.clld.org/values/3-120-177-1>		<http://ids.clld.org/parameters/3-120>		<http://ids.clld.org/values/3-120-242-1>		"ataida"@mot	
"nosaltres"@ca	<http://ids.clld.org/values/2-940-177-1>		<http://ids.clld.org/parameters/2-940>		<http://ids.clld.org/values/2-940-242-1>		"čyiidyi"@mot	
"germà de la mare"@ca	<http://ids.clld.org/values/2-511-177-1>		<http://ids.clld.org/parameters/2-511>		<http://ids.clld.org/values/2-511-242-3>		"abāma akbaĩ"@mot	
"germà de la mare"@ca	<http://ids.clld.org/values/2-511-177-1>		<http://ids.clld.org/parameters/2-511>		<http://ids.clld.org/values/2-511-242-1>		"aisī okarā"@mot	
"tenir relacions sexuals"@ca	<http://ids.clld.org/values/4-670-177-3>		<http://ids.clld.org/parameters/4-670>		<http://ids.clld.org/values/4-670-242-1>		"šikbā dikaina"@mot	
"polze"@ca	<http://ids.clld.org/values/4-342-177-1>		<http://ids.clld.org/parameters/4-342>		<http://ids.clld.org/values/4-342-242-1>		"abi kiokbā"@mot	
"bé"@ca	<http://ids.clld.org/values/16-730-177-3>		<http://ids.clld.org/parameters/16-730>		<http://ids.clld.org/values/16-730-242-1>		"ããkai"@mot	
"esquerre"@ca	<http://ids.clld.org/values/12-420-177-1>		<http://ids.clld.org/parameters/12-420>		<http://ids.clld.org/values/12-420-242-1>		"miikã"@mot	
"pantà"@ca	<http://ids.clld.org/values/1-380-177-1>		<http://ids.clld.org/parameters/1-380>		<http://ids.clld.org/values/1-380-242-1>		"barona"@mot	
"cel"@ca	<http://ids.clld.org/values/1-510-177-1>		<http://ids.clld.org/parameters/1-510>		<http://ids.clld.org/values/1-510-242-1>		"baḍũ"@mot	
"llampec"@ca	<http://ids.clld.org/values/1-570-177-1>		<http://ids.clld.org/parameters/1-570>		<http://ids.clld.org/values/1-570-242-1>		"yibahdu"@mot	
"aigua"@ca	<http://ids.clld.org/values/1-310-177-1>		<http://ids.clld.org/parameters/1-310>		<http://ids.clld.org/values/1-310-242-1>		"šiima"@mot	
"quan?"@ca	<http://ids.clld.org/values/17-650-177-1>		<http://ids.clld.org/parameters/17-650>		<http://ids.clld.org/values/17-650-242-1>		"aaibi"@mot	
"llet"@ca	<http://ids.clld.org/values/5-860-177-1>		<http://ids.clld.org/parameters/5-860>		<http://ids.clld.org/values/5-860-242-1>		"ahtuu"@mot	
"testicle"@ca	<http://ids.clld.org/values/4-490-177-1>		<http://ids.clld.org/parameters/4-490>		<http://ids.clld.org/values/4-490-242-1>		"ok'bā"@mot	
"llamp"@ca	<http://ids.clld.org/values/1-570-177-3>		<http://ids.clld.org/parameters/1-570>		<http://ids.clld.org/values/1-570-242-1>		"yibahdu"@mot	
"cuca de llum"@ca	<http://ids.clld.org/values/3-910-177-3>		<http://ids.clld.org/parameters/3-910>		<http://ids.clld.org/values/3-910-242-1>		"bāādukdū"@mot	
"verd"@ca	<http://ids.clld.org/values/15-680-177-1>		<http://ids.clld.org/parameters/15-680>		<http://ids.clld.org/values/15-680-242-1>		"bireikara"@mot	
"llar"@ca	<http://ids.clld.org/values/7-310-177-1>		<http://ids.clld.org/parameters/7-310>		<http://ids.clld.org/values/7-310-242-1>		"ibungĩ"@mot	
"ungla"@ca	<http://ids.clld.org/values/4-344-177-1>		<http://ids.clld.org/parameters/4-344>		<http://ids.clld.org/values/4-344-242-1>		"šdooh"@mot	
"cua"@ca	<http://ids.clld.org/values/4-180-177-1>		<http://ids.clld.org/parameters/4-180>		<http://ids.clld.org/values/4-180-242-1>		"arihku"@mot	
"set"@ca	<http://ids.clld.org/values/5-150-177-1>		<http://ids.clld.org/parameters/5-150>		<http://ids.clld.org/values/5-150-242-1>		"šimasara"@mot	
"nét"@ca	<http://ids.clld.org/values/2-480-177-1>		<http://ids.clld.org/parameters/2-480>		<http://ids.clld.org/values/2-480-242-1>		"sašī abira"@mot	
"posar-se dret"@ca	<http://ids.clld.org/values/12-150-177-1>		<http://ids.clld.org/parameters/12-150>		<http://ids.clld.org/values/12-150-242-1>		"bikigbisaa"@mot	
"germà"@ca	<http://ids.clld.org/values/2-456-177-1>		<http://ids.clld.org/parameters/2-456>		<http://ids.clld.org/values/2-456-242-1>		"sagdooyī"@mot	
"veure"@ca	<http://ids.clld.org/values/15-510-177-1>		<http://ids.clld.org/parameters/15-510>		<http://ids.clld.org/values/15-510-242-1>		"maadyi"@mot	
"nom"@ca	<http://ids.clld.org/values/18-280-177-1>		<http://ids.clld.org/parameters/18-280>		<http://ids.clld.org/values/18-280-242-1>		"aa"@mot	
"vestit"@ca	<http://ids.clld.org/values/6-420-177-3>		<http://ids.clld.org/parameters/6-420>		<http://ids.clld.org/values/6-420-242-1>		"dukdū"@mot	
"qui?"@ca	<http://ids.clld.org/values/17-680-177-1>		<http://ids.clld.org/parameters/17-680>		<http://ids.clld.org/values/17-680-242-1>		"ããmai"@mot	
"escata"@ca	<http://ids.clld.org/values/3-653-177-1>		<http://ids.clld.org/parameters/3-653>		<http://ids.clld.org/values/3-653-242-1>		"ataktā"@mot	
"dret"@ca	<http://ids.clld.org/values/12-730-177-3>		<http://ids.clld.org/parameters/12-730>		<http://ids.clld.org/values/12-730-242-1>		"biiki"@mot	
"dit"@ca	<http://ids.clld.org/values/4-340-177-1>		<http://ids.clld.org/parameters/4-340>		<http://ids.clld.org/values/4-340-242-1>		"aḳduu kiokbā"@mot	
"lòbul (d'orella)"@ca	<http://ids.clld.org/values/4-221-177-1>		<http://ids.clld.org/parameters/4-221>		<http://ids.clld.org/values/4-221-242-1>		"kokčaidyi"@mot	
"rentar"@ca	<http://ids.clld.org/values/9-360-177-1>		<http://ids.clld.org/parameters/9-360>		<http://ids.clld.org/values/9-360-242-1>		"dukan"@mot	
"fulla"@ca	<http://ids.clld.org/values/8-560-177-1>		<http://ids.clld.org/parameters/8-560>		<http://ids.clld.org/values/8-560-242-1>		"ahḳaadu"@mot	
"mandrós"@ca	<http://ids.clld.org/values/4-920-177-1>		<http://ids.clld.org/parameters/4-920>		<http://ids.clld.org/values/4-920-242-1>		"aktarã"@mot	
"camp"@ca	<http://ids.clld.org/values/8-120-177-1>		<http://ids.clld.org/parameters/8-120>		<http://ids.clld.org/values/8-120-242-1>		"dogbah"@mot	
"arbre"@ca	<http://ids.clld.org/values/1-420-177-1>		<http://ids.clld.org/parameters/1-420>		<http://ids.clld.org/values/1-420-242-1>		"kaa"@mot	
"mirall"@ca	<http://ids.clld.org/values/6-960-177-1>		<http://ids.clld.org/parameters/6-960>		<http://ids.clld.org/values/6-960-242-1>		"oyabiyīyi"@mot	
"carretera"@ca	<http://ids.clld.org/values/10-710-177-1>		<http://ids.clld.org/parameters/10-710>		<http://ids.clld.org/values/10-710-242-1>		"šikɨ"@mot	
"cara"@ca	<http://ids.clld.org/values/4-204-177-1>		<http://ids.clld.org/parameters/4-204>		<http://ids.clld.org/values/4-204-242-1>		"lokbā"@mot	
"moll"@ca	<http://ids.clld.org/values/15-830-177-1>		<http://ids.clld.org/parameters/15-830>		<http://ids.clld.org/values/15-830-242-1>		"atɨšini"@mot	
"fruita"@ca	<http://ids.clld.org/values/5-710-177-1>		<http://ids.clld.org/parameters/5-710>		<http://ids.clld.org/values/5-710-242-1>		"kaaraba"@mot	
"fer l'amor"@ca	<http://ids.clld.org/values/4-670-177-1>		<http://ids.clld.org/parameters/4-670>		<http://ids.clld.org/values/4-670-242-1>		"šikbā dikaina"@mot	
"nora d'un home"@ca	<http://ids.clld.org/values/2-640-177-3>		<http://ids.clld.org/parameters/2-640>		<http://ids.clld.org/values/2-640-242-1>		"inatdakū ašī"@mot	
"barbeta"@ca	<http://ids.clld.org/values/4-209-177-1>		<http://ids.clld.org/parameters/4-209>		<http://ids.clld.org/values/4-209-242-1>		"kakā adyi"@mot	
"porc"@ca	<http://ids.clld.org/values/3-350-177-1>		<http://ids.clld.org/parameters/3-350>		<http://ids.clld.org/values/3-350-242-1>		"bisao"@mot	
"biga"@ca	<http://ids.clld.org/values/7-550-177-1>		<http://ids.clld.org/parameters/7-550>		<http://ids.clld.org/values/7-550-242-1>		"arakāa"@mot	
"intestins"@ca	<http://ids.clld.org/values/4-461-177-1>		<http://ids.clld.org/parameters/4-461>		<http://ids.clld.org/values/4-461-242-1>		"aaiši"@mot	
"rata"@ca	<http://ids.clld.org/values/3-630-177-3>		<http://ids.clld.org/parameters/3-630>		<http://ids.clld.org/values/3-630-242-1>		"dahtumia"@mot	
"riarol"@ca	<http://ids.clld.org/values/1-360-177-5>		<http://ids.clld.org/parameters/1-360>		<http://ids.clld.org/values/1-360-242-1>		"bohgī"@mot	
"quatre"@ca	<http://ids.clld.org/values/13-40-177-1>		<http://ids.clld.org/parameters/13-40>		<http://ids.clld.org/values/13-40-242-1>		"asaaridgẽ"@mot	
"oncle"@ca	<http://ids.clld.org/values/2-510-177-1>		<http://ids.clld.org/parameters/2-510>		<http://ids.clld.org/values/2-510-242-1>		"aisī okarā"@mot	
"herba"@ca	<http://ids.clld.org/values/8-510-177-1>		<http://ids.clld.org/parameters/8-510>		<http://ids.clld.org/values/8-510-242-1>		"ši"@mot	
"embarassada"@ca	<http://ids.clld.org/values/4-730-177-3>		<http://ids.clld.org/parameters/4-730>		<http://ids.clld.org/values/4-730-242-1>		"bugdama"@mot	
"bosc"@ca	<http://ids.clld.org/values/1-410-177-3>		<http://ids.clld.org/parameters/1-410>		<http://ids.clld.org/values/1-410-242-1>		"itenči"@mot	
"tova"@ca	<http://ids.clld.org/values/7-640-177-1>		<http://ids.clld.org/parameters/7-640>		<http://ids.clld.org/values/7-640-242-1>		"barakay"@mot	
"sopa"@ca	<http://ids.clld.org/values/5-640-177-1>		<http://ids.clld.org/parameters/5-640>		<http://ids.clld.org/values/5-640-242-1>		"aribāh"@mot	
"fred"@ca	<http://ids.clld.org/values/15-860-177-1>		<http://ids.clld.org/parameters/15-860>		<http://ids.clld.org/values/15-860-242-1>		"tɨɨšini"@mot	
"petxina"@ca	<http://ids.clld.org/values/3-655-177-5>		<http://ids.clld.org/parameters/3-655>		<http://ids.clld.org/values/3-655-242-1>		"āškūu"@mot	
"blanc"@ca	<http://ids.clld.org/values/15-640-177-1>		<http://ids.clld.org/parameters/15-640>		<http://ids.clld.org/values/15-640-242-1>		"bačii"@mot	
"blanc"@ca	<http://ids.clld.org/values/15-640-177-1>		<http://ids.clld.org/parameters/15-640>		<http://ids.clld.org/values/15-640-242-3>		"bačiini"@mot	
"persona"@ca	<http://ids.clld.org/values/2-100-177-1>		<http://ids.clld.org/parameters/2-100>		<http://ids.clld.org/values/2-100-242-1>		"barī"@mot	
"peu"@ca	<http://ids.clld.org/values/4-370-177-1>		<http://ids.clld.org/parameters/4-370>		<http://ids.clld.org/values/4-370-242-1>		"kihtuu"@mot	
"llaga"@ca	<http://ids.clld.org/values/4-850-177-3>		<http://ids.clld.org/parameters/4-850>		<http://ids.clld.org/values/4-850-242-1>		"iaiyikākwa"@mot	
"cella"@ca	<http://ids.clld.org/values/4-212-177-1>		<http://ids.clld.org/parameters/4-212>		<http://ids.clld.org/values/4-212-242-1>		"māčibaa"@mot	
"fort"@ca	<http://ids.clld.org/values/4-810-177-1>		<http://ids.clld.org/parameters/4-810>		<http://ids.clld.org/values/4-810-242-1>		"karābari"@mot	
"dir"@ca	<http://ids.clld.org/values/18-220-177-1>		<http://ids.clld.org/parameters/18-220>		<http://ids.clld.org/values/18-220-242-1>		"iibaḳan"@mot	
"forat del nas"@ca	<http://ids.clld.org/values/4-231-177-1>		<http://ids.clld.org/parameters/4-231>		<http://ids.clld.org/values/4-231-242-1>		"nisokwā"@mot	
"sà"@ca	<http://ids.clld.org/values/4-830-177-1>		<http://ids.clld.org/parameters/4-830>		<http://ids.clld.org/values/4-830-242-1>		"sabah"@mot	
"germana"@ca	<http://ids.clld.org/values/2-450-177-1>		<http://ids.clld.org/parameters/2-450>		<http://ids.clld.org/values/2-450-242-1>		"aša"@mot	
"llacuna"@ca	<http://ids.clld.org/values/1-341-177-1>		<http://ids.clld.org/parameters/1-341>		<http://ids.clld.org/values/1-341-242-1>		"baḍõ"@mot	
"home vell"@ca	<http://ids.clld.org/values/2-461-177-1>		<http://ids.clld.org/parameters/2-461>		<http://ids.clld.org/values/2-461-242-1>		"sagdou"@mot	
"urpa"@ca	<http://ids.clld.org/values/4-345-177-1>		<http://ids.clld.org/parameters/4-345>		<http://ids.clld.org/values/4-345-242-1>		"ašitdo"@mot	
"cascada"@ca	<http://ids.clld.org/values/1-390-177-3>		<http://ids.clld.org/parameters/1-390>		<http://ids.clld.org/values/1-390-242-1>		"bohgi baado ahgyitakani"@mot	
"caminar"@ca	<http://ids.clld.org/values/10-450-177-1>		<http://ids.clld.org/parameters/10-450>		<http://ids.clld.org/values/10-450-242-1>		"nyũ"@mot	
"llavi"@ca	<http://ids.clld.org/values/4-250-177-1>		<http://ids.clld.org/parameters/4-250>		<http://ids.clld.org/values/4-250-242-1>		"kaḳšu"@mot	
"fam"@ca	<http://ids.clld.org/values/5-141-177-1>		<http://ids.clld.org/parameters/5-141>		<http://ids.clld.org/values/5-141-242-1>		"išīdobeši"@mot	
"ells"@ca	<http://ids.clld.org/values/2-960-177-1>		<http://ids.clld.org/parameters/2-960>		<http://ids.clld.org/values/2-960-242-1>		"oračidyi"@mot	
"jo"@ca	<http://ids.clld.org/values/2-910-177-1>		<http://ids.clld.org/parameters/2-910>		<http://ids.clld.org/values/2-910-242-1>		"nãi"@mot	
"nadar"@ca	<http://ids.clld.org/values/10-350-177-1>		<http://ids.clld.org/parameters/10-350>		<http://ids.clld.org/values/10-350-242-1>		"arubisaḳããng"@mot	
"noi"@ca	<http://ids.clld.org/values/2-250-177-1>		<http://ids.clld.org/parameters/2-250>		<http://ids.clld.org/values/2-250-242-1>		"saaši"@mot	
"esguerrat"@ca	<http://ids.clld.org/values/4-940-177-3>		<http://ids.clld.org/parameters/4-940>		<http://ids.clld.org/values/4-940-242-1>		"sōodoru"@mot	
"arrel"@ca	<http://ids.clld.org/values/8-540-177-1>		<http://ids.clld.org/parameters/8-540>		<http://ids.clld.org/values/8-540-242-1>		"ašišĩĩ"@mot	
"tossir"@ca	<http://ids.clld.org/values/4-530-177-1>		<http://ids.clld.org/parameters/4-530>		<http://ids.clld.org/values/4-530-242-1>		"irohbāh"@mot	
"fregir"@ca	<http://ids.clld.org/values/5-230-177-3>		<http://ids.clld.org/parameters/5-230>		<http://ids.clld.org/values/5-230-242-1>		"yoobī"@mot	
"fluir"@ca	<http://ids.clld.org/values/10-320-177-1>		<http://ids.clld.org/parameters/10-320>		<http://ids.clld.org/values/10-320-242-1>		"širurũ otaḳbari"@mot	
"llangardaix"@ca	<http://ids.clld.org/values/3-960-177-1>		<http://ids.clld.org/parameters/3-960>		<http://ids.clld.org/values/3-960-242-1>		"bačkere"@mot	
"gana"@ca	<http://ids.clld.org/values/5-140-177-1>		<http://ids.clld.org/parameters/5-140>		<http://ids.clld.org/values/5-140-242-1>		"sairē"@mot	
"flassada"@ca	<http://ids.clld.org/values/7-422-177-3>		<http://ids.clld.org/parameters/7-422>		<http://ids.clld.org/values/7-422-242-1>		"šanšān"@mot	
"marit"@ca	<http://ids.clld.org/values/2-310-177-1>		<http://ids.clld.org/parameters/2-310>		<http://ids.clld.org/values/2-310-242-1>		"aataida"@mot	
"mossegar"@ca	<http://ids.clld.org/values/4-580-177-1>		<http://ids.clld.org/parameters/4-580>		<http://ids.clld.org/values/4-580-242-1>		"baḳosõõ"@mot	
"ple"@ca	<http://ids.clld.org/values/13-210-177-1>		<http://ids.clld.org/parameters/13-210>		<http://ids.clld.org/values/13-210-242-1>		"booḳbarik"@mot	
"pell"@ca	<http://ids.clld.org/values/4-120-177-1>		<http://ids.clld.org/parameters/4-120>		<http://ids.clld.org/values/4-120-242-1>		"aɨgšuu"@mot	
"bullir"@ca	<http://ids.clld.org/values/5-220-177-1>		<http://ids.clld.org/parameters/5-220>		<http://ids.clld.org/values/5-220-242-1>		"ašũdokwari"@mot	
"remolí"@ca	<http://ids.clld.org/values/1-362-177-1>		<http://ids.clld.org/parameters/1-362>		<http://ids.clld.org/values/1-362-242-1>		"sabarīka"@mot	
"cera d'abella"@ca	<http://ids.clld.org/values/3-821-177-1>		<http://ids.clld.org/parameters/3-821>		<http://ids.clld.org/values/3-821-242-1>		"arōhkogbā"@mot	
"sentir"@ca	<http://ids.clld.org/values/15-410-177-1>		<http://ids.clld.org/parameters/15-410>		<http://ids.clld.org/values/15-410-242-1>		"anaɨgkãng"@mot	
"germana del pare"@ca	<http://ids.clld.org/values/2-522-177-1>		<http://ids.clld.org/parameters/2-522>		<http://ids.clld.org/values/2-522-242-1>		"ataida si"@mot	
"cuixa"@ca	<http://ids.clld.org/values/4-351-177-1>		<http://ids.clld.org/parameters/4-351>		<http://ids.clld.org/values/4-351-242-1>		"bibīī"@mot	
"món"@ca	<http://ids.clld.org/values/1-100-177-1>		<http://ids.clld.org/parameters/1-100>		<http://ids.clld.org/values/1-100-242-1>		"ihtãã"@mot	
"parents"@ca	<http://ids.clld.org/values/2-810-177-1>		<http://ids.clld.org/parameters/2-810>		<http://ids.clld.org/values/2-810-242-1>		"sadooyī"@mot	
"burro"@ca	<http://ids.clld.org/values/3-460-177-3>		<http://ids.clld.org/parameters/3-460>		<http://ids.clld.org/values/3-460-242-3>		"sokuā"@mot	
"burro"@ca	<http://ids.clld.org/values/3-460-177-3>		<http://ids.clld.org/parameters/3-460>		<http://ids.clld.org/values/3-460-242-1>		"čoko"@mot	
"vestir-se"@ca	<http://ids.clld.org/values/6-110-177-1>		<http://ids.clld.org/parameters/6-110>		<http://ids.clld.org/values/6-110-242-1>		"kāasa"@mot	
"vermell"@ca	<http://ids.clld.org/values/15-660-177-1>		<http://ids.clld.org/parameters/15-660>		<http://ids.clld.org/values/15-660-242-1>		"bohḳaraa"@mot	
"melic"@ca	<http://ids.clld.org/values/4-430-177-1>		<http://ids.clld.org/parameters/4-430>		<http://ids.clld.org/values/4-430-242-1>		"baačiidu"@mot	
"cintura"@ca	<http://ids.clld.org/values/4-462-177-1>		<http://ids.clld.org/parameters/4-462>		<http://ids.clld.org/values/4-462-242-1>		"oata"@mot	
"avi"@ca	<http://ids.clld.org/values/2-460-177-1>		<http://ids.clld.org/parameters/2-460>		<http://ids.clld.org/values/2-460-242-1>		"ašĩtaida"@mot	
"costella"@ca	<http://ids.clld.org/values/4-162-177-1>		<http://ids.clld.org/parameters/4-162>		<http://ids.clld.org/values/4-162-242-1>		"ačičinda"@mot	
"mula"@ca	<http://ids.clld.org/values/3-470-177-1>		<http://ids.clld.org/parameters/3-470>		<http://ids.clld.org/values/3-470-242-1>		"bueragbā"@mot	
"brut"@ca	<http://ids.clld.org/values/15-880-177-1>		<http://ids.clld.org/parameters/15-880>		<http://ids.clld.org/values/15-880-242-1>		"baidaani"@mot	
"ganya"@ca	<http://ids.clld.org/values/3-654-177-1>		<http://ids.clld.org/parameters/3-654>		<http://ids.clld.org/values/3-654-242-1>		"akohkōu"@mot	
"dir mentides"@ca	<http://ids.clld.org/values/16-670-177-3>		<http://ids.clld.org/parameters/16-670>		<http://ids.clld.org/values/16-670-242-1>		"aakčirokwã"@mot	
"pare"@ca	<http://ids.clld.org/values/2-350-177-1>		<http://ids.clld.org/parameters/2-350>		<http://ids.clld.org/values/2-350-242-1>		"aataida"@mot	
"cansat"@ca	<http://ids.clld.org/values/4-910-177-1>		<http://ids.clld.org/parameters/4-910>		<http://ids.clld.org/values/4-910-242-1>		"sabaribō"@mot	
"roncar"@ca	<http://ids.clld.org/values/4-612-177-1>		<http://ids.clld.org/parameters/4-612>		<http://ids.clld.org/values/4-612-242-1>		"kabāla"@mot	
"penya-segat"@ca	<http://ids.clld.org/values/1-222-177-3>		<http://ids.clld.org/parameters/1-222>		<http://ids.clld.org/values/1-222-242-1>		"angbarī"@mot	
"casar-se"@ca	<http://ids.clld.org/values/2-330-177-1>		<http://ids.clld.org/parameters/2-330>		<http://ids.clld.org/values/2-330-242-1>		"bio kayākba"@mot	
"sota"@ca	<http://ids.clld.org/values/12-30-177-1>		<http://ids.clld.org/parameters/12-30>		<http://ids.clld.org/values/12-30-242-1>		"roradi"@mot	
"ombra"@ca	<http://ids.clld.org/values/1-630-177-1>		<http://ids.clld.org/parameters/1-630>		<http://ids.clld.org/values/1-630-242-1>		"sasaayn"@mot	
"mare"@ca	<http://ids.clld.org/values/2-360-177-1>		<http://ids.clld.org/parameters/2-360>		<http://ids.clld.org/values/2-360-242-1>		"abaama"@mot	
"sogre d'un home"@ca	<http://ids.clld.org/values/2-610-177-1>		<http://ids.clld.org/parameters/2-610>		<http://ids.clld.org/values/2-610-242-1>		"ahgyība"@mot	
"fusta"@ca	<http://ids.clld.org/values/1-430-177-1>		<http://ids.clld.org/parameters/1-430>		<http://ids.clld.org/values/1-430-242-1>		"kaa"@mot	
"sòl"@ca	<http://ids.clld.org/values/7-260-177-3>		<http://ids.clld.org/parameters/7-260>		<http://ids.clld.org/values/7-260-242-1>		"ihtā"@mot	
"clofolla"@ca	<http://ids.clld.org/values/3-655-177-3>		<http://ids.clld.org/parameters/3-655>		<http://ids.clld.org/values/3-655-242-1>		"āškūu"@mot	
"banya"@ca	<http://ids.clld.org/values/4-170-177-1>		<http://ids.clld.org/parameters/4-170>		<http://ids.clld.org/values/4-170-242-1>		"abuiroḳdo"@mot	
"banya"@ca	<http://ids.clld.org/values/4-170-177-1>		<http://ids.clld.org/parameters/4-170>		<http://ids.clld.org/values/4-170-242-3>		"ačikbi"@mot	
"pus"@ca	<http://ids.clld.org/values/4-857-177-1>		<http://ids.clld.org/parameters/4-857>		<http://ids.clld.org/values/4-857-242-1>		"aigsō"@mot	
"molt"@ca	<http://ids.clld.org/values/13-150-177-1>		<http://ids.clld.org/parameters/13-150>		<http://ids.clld.org/values/13-150-242-1>		"škikbeh"@mot	
"biga"@ca	<http://ids.clld.org/values/7-540-177-1>		<http://ids.clld.org/parameters/7-540>		<http://ids.clld.org/values/7-540-242-1>		"dāabara"@mot	
"madrastra"@ca	<http://ids.clld.org/values/2-720-177-1>		<http://ids.clld.org/parameters/2-720>		<http://ids.clld.org/values/2-720-242-1>		"abāama"@mot	
"carn"@ca	<http://ids.clld.org/values/5-610-177-1>		<http://ids.clld.org/parameters/5-610>		<http://ids.clld.org/values/5-610-242-1>		"aaidyi"@mot	
"nas"@ca	<http://ids.clld.org/values/4-230-177-1>		<http://ids.clld.org/parameters/4-230>		<http://ids.clld.org/values/4-230-242-1>		"ḍiisa"@mot	
"sogre d'una dona"@ca	<http://ids.clld.org/values/2-611-177-1>		<http://ids.clld.org/parameters/2-611>		<http://ids.clld.org/values/2-611-242-1>		"ašīaidā"@mot	
"pantalons"@ca	<http://ids.clld.org/values/6-480-177-1>		<http://ids.clld.org/parameters/6-480>		<http://ids.clld.org/values/6-480-242-1>		"ašiõkba"@mot	
"germà del pare"@ca	<http://ids.clld.org/values/2-512-177-1>		<http://ids.clld.org/parameters/2-512>		<http://ids.clld.org/values/2-512-242-1>		"aisī okarā"@mot	
"nen"@ca	<http://ids.clld.org/values/2-280-177-1>		<http://ids.clld.org/parameters/2-280>		<http://ids.clld.org/values/2-280-242-1>		"bahkuī"@mot	
"esposa"@ca	<http://ids.clld.org/values/2-320-177-3>		<http://ids.clld.org/parameters/2-320>		<http://ids.clld.org/values/2-320-242-1>		"a-byoo-bai"@mot	
"tetina"@ca	<http://ids.clld.org/values/4-412-177-3>		<http://ids.clld.org/parameters/4-412>		<http://ids.clld.org/values/4-412-242-1>		"tuu"@mot	
"drap"@ca	<http://ids.clld.org/values/6-810-177-3>		<http://ids.clld.org/parameters/6-810>		<http://ids.clld.org/values/6-810-242-1>		"aḳduu"@mot	
"arbre"@ca	<http://ids.clld.org/values/8-600-177-1>		<http://ids.clld.org/parameters/8-600>		<http://ids.clld.org/values/8-600-242-1>		"kãa"@mot	
"brou"@ca	<http://ids.clld.org/values/5-640-177-3>		<http://ids.clld.org/parameters/5-640>		<http://ids.clld.org/values/5-640-242-1>		"aribāh"@mot	
"volar"@ca	<http://ids.clld.org/values/10-370-177-1>		<http://ids.clld.org/parameters/10-370>		<http://ids.clld.org/values/10-370-242-1>		"boohboo oḳadyĩ"@mot	
"ample"@ca	<http://ids.clld.org/values/12-610-177-1>		<http://ids.clld.org/parameters/12-610>		<http://ids.clld.org/values/12-610-242-1>		"yookari"@mot	
"vespa"@ca	<http://ids.clld.org/values/3-823-177-1>		<http://ids.clld.org/parameters/3-823>		<http://ids.clld.org/values/3-823-242-1>		"bašinši"@mot	
"bessons"@ca	<http://ids.clld.org/values/2-458-177-1>		<http://ids.clld.org/parameters/2-458>		<http://ids.clld.org/values/2-458-242-1>		"bōobou"@mot	
"fillastra"@ca	<http://ids.clld.org/values/2-740-177-1>		<http://ids.clld.org/parameters/2-740>		<http://ids.clld.org/values/2-740-242-1>		"kobokā"@mot	
"artèria"@ca	<http://ids.clld.org/values/4-151-177-3>		<http://ids.clld.org/parameters/4-151>		<http://ids.clld.org/values/4-151-242-1>		"ašĩšii"@mot	
"empassar-se"@ca	<http://ids.clld.org/values/5-181-177-1>		<http://ids.clld.org/parameters/5-181>		<http://ids.clld.org/values/5-181-242-1>		"kurī"@mot	
"mocs"@ca	<http://ids.clld.org/values/4-232-177-1>		<http://ids.clld.org/parameters/4-232>		<http://ids.clld.org/values/4-232-242-1>		"isā činči"@mot	
"menjar"@ca	<http://ids.clld.org/values/5-410-177-1>		<http://ids.clld.org/parameters/5-410>		<http://ids.clld.org/values/5-410-242-1>		"karabaseina"@mot	
"dolent"@ca	<http://ids.clld.org/values/16-720-177-1>		<http://ids.clld.org/parameters/16-720>		<http://ids.clld.org/values/16-720-242-1>		"arongbɨšini"@mot	
"dolent"@ca	<http://ids.clld.org/values/16-720-177-1>		<http://ids.clld.org/parameters/16-720>		<http://ids.clld.org/values/16-720-242-3>		"atraḳaari"@mot	
"cor"@ca	<http://ids.clld.org/values/4-440-177-1>		<http://ids.clld.org/parameters/4-440>		<http://ids.clld.org/values/4-440-242-1>		"aḳbadyĩĩ"@mot	
"conill"@ca	<http://ids.clld.org/values/3-614-177-1>		<http://ids.clld.org/parameters/3-614>		<http://ids.clld.org/values/3-614-242-1>		"bukū"@mot	
"pluma"@ca	<http://ids.clld.org/values/4-393-177-1>		<http://ids.clld.org/parameters/4-393>		<http://ids.clld.org/values/4-393-242-1>		"ããčĩĩ"@mot	
"dins"@ca	<http://ids.clld.org/values/12-50-177-1>		<http://ids.clld.org/parameters/12-50>		<http://ids.clld.org/values/12-50-242-1>		"-ro"@mot	
"esternudar"@ca	<http://ids.clld.org/values/4-540-177-1>		<http://ids.clld.org/parameters/4-540>		<http://ids.clld.org/values/4-540-242-1>		"ahtrušū"@mot	
"pit"@ca	<http://ids.clld.org/values/4-410-177-1>		<http://ids.clld.org/parameters/4-410>		<http://ids.clld.org/values/4-410-242-1>		"twaa"@mot	
"pestanya"@ca	<http://ids.clld.org/values/4-214-177-1>		<http://ids.clld.org/parameters/4-214>		<http://ids.clld.org/values/4-214-242-1>		"obāšišī"@mot	
"què?"@ca	<http://ids.clld.org/values/17-640-177-1>		<http://ids.clld.org/parameters/17-640>		<http://ids.clld.org/values/17-640-242-1>		"aybi"@mot	
"què?"@ca	<http://ids.clld.org/values/17-640-177-1>		<http://ids.clld.org/parameters/17-640>		<http://ids.clld.org/values/17-640-242-3>		"aybidou"@mot	
"partir"@ca	<http://ids.clld.org/values/9-270-177-1>		<http://ids.clld.org/parameters/9-270>		<http://ids.clld.org/values/9-270-242-1>		"aɨgdon (?)"@mot	
"correcte"@ca	<http://ids.clld.org/values/16-730-177-1>		<http://ids.clld.org/parameters/16-730>		<http://ids.clld.org/values/16-730-242-1>		"ããkai"@mot	
"temple"@ca	<http://ids.clld.org/values/4-201-177-1>		<http://ids.clld.org/parameters/4-201>		<http://ids.clld.org/values/4-201-242-1>		"kuruu"@mot	
"dit del peu"@ca	<http://ids.clld.org/values/4-380-177-1>		<http://ids.clld.org/parameters/4-380>		<http://ids.clld.org/values/4-380-242-1>		"kuhtū biktrikbī"@mot	
"olla"@ca	<http://ids.clld.org/values/5-260-177-3>		<http://ids.clld.org/parameters/5-260>		<http://ids.clld.org/values/5-260-242-1>		"bašikalai"@mot	
"poll"@ca	<http://ids.clld.org/values/3-811-177-1>		<http://ids.clld.org/parameters/3-811>		<http://ids.clld.org/values/3-811-242-1>		"kuu"@mot	
"porta"@ca	<http://ids.clld.org/values/7-220-177-1>		<http://ids.clld.org/parameters/7-220>		<http://ids.clld.org/values/7-220-242-1>		"unkušū"@mot	
"fillastre"@ca	<http://ids.clld.org/values/2-730-177-1>		<http://ids.clld.org/parameters/2-730>		<http://ids.clld.org/values/2-730-242-1>		"kobokā"@mot	
"tot"@ca	<http://ids.clld.org/values/13-140-177-1>		<http://ids.clld.org/parameters/13-140>		<http://ids.clld.org/values/13-140-242-1>		"ĩĩški"@mot	
"orinar"@ca	<http://ids.clld.org/values/4-650-177-1>		<http://ids.clld.org/parameters/4-650>		<http://ids.clld.org/values/4-650-242-1>		"itčiki"@mot	
"cèrvol"@ca	<http://ids.clld.org/values/3-750-177-1>		<http://ids.clld.org/parameters/3-750>		<http://ids.clld.org/values/3-750-242-1>		"šadā́ikba"@mot	
"bufar"@ca	<http://ids.clld.org/values/10-380-177-1>		<http://ids.clld.org/parameters/10-380>		<http://ids.clld.org/values/10-380-242-1>		"buubãã"@mot	
"tanca"@ca	<http://ids.clld.org/values/8-160-177-1>		<http://ids.clld.org/parameters/8-160>		<http://ids.clld.org/values/8-160-242-1>		"watišišeše"@mot	
"cendra"@ca	<http://ids.clld.org/values/1-840-177-1>		<http://ids.clld.org/parameters/1-840>		<http://ids.clld.org/values/1-840-242-1>		"ibuungdyi"@mot	
"madur"@ca	<http://ids.clld.org/values/5-123-177-1>		<http://ids.clld.org/parameters/5-123>		<http://ids.clld.org/values/5-123-242-1>		"kibūuni"@mot	
"rosada"@ca	<http://ids.clld.org/values/1-640-177-1>		<http://ids.clld.org/parameters/1-640>		<http://ids.clld.org/values/1-640-242-1>		"tubīkā"@mot	
"home"@ca	<http://ids.clld.org/values/2-210-177-1>		<http://ids.clld.org/parameters/2-210>		<http://ids.clld.org/values/2-210-242-1>		"la"@mot	
"descansar"@ca	<http://ids.clld.org/values/4-912-177-1>		<http://ids.clld.org/parameters/4-912>		<http://ids.clld.org/values/4-912-242-1>		"onšikākna"@mot	
"dona"@ca	<http://ids.clld.org/values/2-220-177-1>		<http://ids.clld.org/parameters/2-220>		<http://ids.clld.org/values/2-220-242-1>		"byoo"@mot	
"estómac"@ca	<http://ids.clld.org/values/4-460-177-1>		<http://ids.clld.org/parameters/4-460>		<http://ids.clld.org/values/4-460-242-1>		"išii"@mot	
"estómac"@ca	<http://ids.clld.org/values/4-460-177-1>		<http://ids.clld.org/parameters/4-460>		<http://ids.clld.org/values/4-460-242-3>		"aišii"@mot	
"nebot"@ca	<http://ids.clld.org/values/2-530-177-1>		<http://ids.clld.org/parameters/2-530>		<http://ids.clld.org/values/2-530-242-1>		"aši asašī"@mot	
"bo"@ca	<http://ids.clld.org/values/16-710-177-1>		<http://ids.clld.org/parameters/16-710>		<http://ids.clld.org/values/16-710-242-1>		"sasaaini"@mot	
"bo"@ca	<http://ids.clld.org/values/16-710-177-1>		<http://ids.clld.org/parameters/16-710>		<http://ids.clld.org/values/16-710-242-3>		"sabaini"@mot	
"tro"@ca	<http://ids.clld.org/values/1-560-177-1>		<http://ids.clld.org/parameters/1-560>		<http://ids.clld.org/values/1-560-242-1>		"bihdāri"@mot	
"pla"@ca	<http://ids.clld.org/values/1-230-177-1>		<http://ids.clld.org/parameters/1-230>		<http://ids.clld.org/values/1-230-242-1>		"bẽa"@mot	
"malaltia"@ca	<http://ids.clld.org/values/4-840-177-3>		<http://ids.clld.org/parameters/4-840>		<http://ids.clld.org/values/4-840-242-1>		"sašini"@mot	
"pesat"@ca	<http://ids.clld.org/values/15-810-177-1>		<http://ids.clld.org/parameters/15-810>		<http://ids.clld.org/values/15-810-242-1>		"aabari"@mot	
"flor"@ca	<http://ids.clld.org/values/8-570-177-1>		<http://ids.clld.org/parameters/8-570>		<http://ids.clld.org/values/8-570-242-1>		"tootubi"@mot	
"ocell"@ca	<http://ids.clld.org/values/3-581-177-1>		<http://ids.clld.org/parameters/3-581>		<http://ids.clld.org/values/3-581-242-1>		"daarikbi"@mot	
"plat"@ca	<http://ids.clld.org/values/5-320-177-1>		<http://ids.clld.org/parameters/5-320>		<http://ids.clld.org/values/5-320-242-1>		"dado"@mot	
"fetge"@ca	<http://ids.clld.org/values/4-450-177-1>		<http://ids.clld.org/parameters/4-450>		<http://ids.clld.org/values/4-450-242-1>		"aabingba"@mot	
"boca"@ca	<http://ids.clld.org/values/4-240-177-1>		<http://ids.clld.org/parameters/4-240>		<http://ids.clld.org/values/4-240-242-1>		"kaḳšuu"@mot	
"orella"@ca	<http://ids.clld.org/values/4-220-177-1>		<http://ids.clld.org/parameters/4-220>		<http://ids.clld.org/values/4-220-242-1>		"koḳčii"@mot	
"refredat"@ca	<http://ids.clld.org/values/4-843-177-1>		<http://ids.clld.org/parameters/4-843>		<http://ids.clld.org/values/4-843-242-1>		"iroghba"@mot	
"curar"@ca	<http://ids.clld.org/values/4-860-177-1>		<http://ids.clld.org/parameters/4-860>		<http://ids.clld.org/values/4-860-242-1>		"boāimai"@mot	
"alè"@ca	<http://ids.clld.org/values/4-510-177-3>		<http://ids.clld.org/parameters/4-510>		<http://ids.clld.org/values/4-510-242-1>		"bosobuku"@mot	
"donar"@ca	<http://ids.clld.org/values/11-210-177-1>		<http://ids.clld.org/parameters/11-210>		<http://ids.clld.org/values/11-210-242-1>		"iiran"@mot	
"ofegat"@ca	<http://ids.clld.org/values/4-751-177-1>		<http://ids.clld.org/parameters/4-751>		<http://ids.clld.org/values/4-751-242-1>		"šimaksaɲona"@mot	
"cicatriu"@ca	<http://ids.clld.org/values/4-858-177-1>		<http://ids.clld.org/parameters/4-858>		<http://ids.clld.org/values/4-858-242-1>		"kahkā"@mot	
"teranyina"@ca	<http://ids.clld.org/values/3-819-177-1>		<http://ids.clld.org/parameters/3-819>		<http://ids.clld.org/values/3-819-242-1>		"kāinba sōhsõ"@mot	
"cocodril"@ca	<http://ids.clld.org/values/3-970-177-1>		<http://ids.clld.org/parameters/3-970>		<http://ids.clld.org/values/3-970-242-1>		"kantā"@mot	
"xuclar"@ca	<http://ids.clld.org/values/5-160-177-1>		<http://ids.clld.org/parameters/5-160>		<http://ids.clld.org/values/5-160-242-3>		"dada"@mot	
"xuclar"@ca	<http://ids.clld.org/values/5-160-177-1>		<http://ids.clld.org/parameters/5-160>		<http://ids.clld.org/values/5-160-242-1>		"tuu aɨgsadyĩ"@mot	
"com?"@ca	<http://ids.clld.org/values/17-610-177-1>		<http://ids.clld.org/parameters/17-610>		<http://ids.clld.org/values/17-610-242-1>		"aangka"@mot	
"inflamor"@ca	<http://ids.clld.org/values/4-853-177-1>		<http://ids.clld.org/parameters/4-853>		<http://ids.clld.org/values/4-853-242-1>		"ayrãã"@mot	
"perforar"@ca	<http://ids.clld.org/values/9-460-177-1>		<http://ids.clld.org/parameters/9-460>		<http://ids.clld.org/values/9-460-242-1>		"akotukããn"@mot	
"riu"@ca	<http://ids.clld.org/values/1-360-177-1>		<http://ids.clld.org/parameters/1-360>		<http://ids.clld.org/values/1-360-242-1>		"bohgī"@mot	
"adolescent"@ca	<http://ids.clld.org/values/2-261-177-3>		<http://ids.clld.org/parameters/2-261>		<http://ids.clld.org/values/2-261-242-1>		"ašibī dou"@mot	
"os"@ca	<http://ids.clld.org/values/4-160-177-1>		<http://ids.clld.org/parameters/4-160>		<http://ids.clld.org/values/4-160-242-1>		"ahkara"@mot	
"bec"@ca	<http://ids.clld.org/values/4-241-177-1>		<http://ids.clld.org/parameters/4-241>		<http://ids.clld.org/values/4-241-242-1>		"arurū"@mot	
"noia"@ca	<http://ids.clld.org/values/2-260-177-1>		<http://ids.clld.org/parameters/2-260>		<http://ids.clld.org/values/2-260-242-1>		"šia"@mot	
"senyora gran"@ca	<http://ids.clld.org/values/2-471-177-3>		<http://ids.clld.org/parameters/2-471>		<http://ids.clld.org/values/2-471-242-1>		"šibabiō"@mot	
"cantar"@ca	<http://ids.clld.org/values/18-120-177-1>		<http://ids.clld.org/parameters/18-120>		<http://ids.clld.org/values/18-120-242-1>		"čibaa"@mot	
"corda"@ca	<http://ids.clld.org/values/9-190-177-1>		<http://ids.clld.org/parameters/9-190>		<http://ids.clld.org/values/9-190-242-1>		"kaaḳšibu"@mot	
"corda"@ca	<http://ids.clld.org/values/9-190-177-1>		<http://ids.clld.org/parameters/9-190>		<http://ids.clld.org/values/9-190-242-3>		"bwaisaɨg"@mot	
"caure"@ca	<http://ids.clld.org/values/10-230-177-1>		<http://ids.clld.org/parameters/10-230>		<http://ids.clld.org/values/10-230-242-1>		"baɨgkirakbã"@mot	
"cap"@ca	<http://ids.clld.org/values/4-200-177-1>		<http://ids.clld.org/parameters/4-200>		<http://ids.clld.org/values/4-200-242-1>		"asaakbah"@mot	
"cap"@ca	<http://ids.clld.org/values/4-200-177-1>		<http://ids.clld.org/parameters/4-200>		<http://ids.clld.org/values/4-200-242-3>		"asaɨg"@mot	
"terra"@ca	<http://ids.clld.org/values/1-212-177-3>		<http://ids.clld.org/parameters/1-212>		<http://ids.clld.org/values/1-212-242-1>		"ihtãã"@mot	
"femella"@ca	<http://ids.clld.org/values/2-240-177-1>		<http://ids.clld.org/parameters/2-240>		<http://ids.clld.org/values/2-240-242-1>		"abama"@mot	
"plana"@ca	<http://ids.clld.org/values/1-230-177-3>		<http://ids.clld.org/parameters/1-230>		<http://ids.clld.org/values/1-230-242-1>		"bẽa"@mot	
"matar"@ca	<http://ids.clld.org/values/4-760-177-1>		<http://ids.clld.org/parameters/4-760>		<http://ids.clld.org/values/4-760-242-1>		"sobãa��"@mot	
"ala"@ca	<http://ids.clld.org/values/4-392-177-1>		<http://ids.clld.org/parameters/4-392>		<http://ids.clld.org/values/4-392-242-1>		"ãčĩĩ"@mot	
"selva"@ca	<http://ids.clld.org/values/1-410-177-1>		<http://ids.clld.org/parameters/1-410>		<http://ids.clld.org/values/1-410-242-1>		"itenči"@mot	
"nano"@ca	<http://ids.clld.org/values/2-250-177-3>		<http://ids.clld.org/parameters/2-250>		<http://ids.clld.org/values/2-250-242-1>		"saaši"@mot	
"parpellejar"@ca	<http://ids.clld.org/values/4-215-177-1>		<http://ids.clld.org/parameters/4-215>		<http://ids.clld.org/values/4-215-242-1>		"oogškegškeg"@mot	
"adolescent"@ca	<http://ids.clld.org/values/2-251-177-3>		<http://ids.clld.org/parameters/2-251>		<http://ids.clld.org/values/2-251-242-1>		"atdaku"@mot	
"germà"@ca	<http://ids.clld.org/values/2-440-177-1>		<http://ids.clld.org/parameters/2-440>		<http://ids.clld.org/values/2-440-242-1>		"asari"@mot	
"tremolar"@ca	<http://ids.clld.org/values/4-680-177-1>		<http://ids.clld.org/parameters/4-680>		<http://ids.clld.org/values/4-680-242-1>		"dikdeira"@mot	
"greix"@ca	<http://ids.clld.org/values/5-791-177-3>		<http://ids.clld.org/parameters/5-791>		<http://ids.clld.org/values/5-791-242-1>		"ahtooto"@mot	
"sarna"@ca	<http://ids.clld.org/values/4-854-177-1>		<http://ids.clld.org/parameters/4-854>		<http://ids.clld.org/values/4-854-242-1>		"alošīni"@mot	
"roba"@ca	<http://ids.clld.org/values/6-120-177-1>		<http://ids.clld.org/parameters/6-120>		<http://ids.clld.org/values/6-120-242-1>		"duksā"@mot	
"dormir"@ca	<http://ids.clld.org/values/4-610-177-1>		<http://ids.clld.org/parameters/4-610>		<http://ids.clld.org/values/4-610-242-3>		"ooškɨkʔ"@mot	
"dormir"@ca	<http://ids.clld.org/values/4-610-177-1>		<http://ids.clld.org/parameters/4-610>		<http://ids.clld.org/values/4-610-242-1>		"kabukãng"@mot	
"gendre d'un home"@ca	<http://ids.clld.org/values/2-630-177-1>		<http://ids.clld.org/parameters/2-630>		<http://ids.clld.org/values/2-630-242-1>		"inaikāsa"@mot	
"pulmó"@ca	<http://ids.clld.org/values/4-441-177-1>		<http://ids.clld.org/parameters/4-441>		<http://ids.clld.org/values/4-441-242-1>		"ašiše"@mot	
"animal"@ca	<http://ids.clld.org/values/3-110-177-1>		<http://ids.clld.org/parameters/3-110>		<http://ids.clld.org/values/3-110-242-1>		"rugčī"@mot	
"pentinat"@ca	<http://ids.clld.org/values/6-780-177-3>		<http://ids.clld.org/parameters/6-780>		<http://ids.clld.org/values/6-780-242-1>		"somene"@mot	
"esquena"@ca	<http://ids.clld.org/values/4-190-177-1>		<http://ids.clld.org/parameters/4-190>		<http://ids.clld.org/values/4-190-242-1>		"kwĩ"@mot	
"paret"@ca	<http://ids.clld.org/values/7-270-177-1>		<http://ids.clld.org/parameters/7-270>		<http://ids.clld.org/values/7-270-242-1>		"kakabubumai"@mot	
"sorra"@ca	<http://ids.clld.org/values/1-215-177-1>		<http://ids.clld.org/parameters/1-215>		<http://ids.clld.org/values/1-215-242-1>		"ũũngda"@mot	
"ou"@ca	<http://ids.clld.org/values/5-970-177-1>		<http://ids.clld.org/parameters/5-970>		<http://ids.clld.org/values/5-970-242-1>		"ãã"@mot	
"pou"@ca	<http://ids.clld.org/values/1-370-177-3>		<http://ids.clld.org/parameters/1-370>		<http://ids.clld.org/values/1-370-242-1>		"undaghakĩ"@mot	
"barret"@ca	<http://ids.clld.org/values/6-550-177-1>		<http://ids.clld.org/parameters/6-550>		<http://ids.clld.org/values/6-550-242-1>		"somene"@mot	
"gola"@ca	<http://ids.clld.org/values/4-290-177-1>		<http://ids.clld.org/parameters/4-290>		<http://ids.clld.org/values/4-290-242-1>		"būuri"@mot	
"malalt"@ca	<http://ids.clld.org/values/4-840-177-1>		<http://ids.clld.org/parameters/4-840>		<http://ids.clld.org/values/4-840-242-1>		"sašini"@mot	
"pell"@ca	<http://ids.clld.org/values/6-280-177-1>		<http://ids.clld.org/parameters/6-280>		<http://ids.clld.org/values/6-280-242-1>		"ããkbãra"@mot	
"llit"@ca	<http://ids.clld.org/values/7-420-177-1>		<http://ids.clld.org/parameters/7-420>		<http://ids.clld.org/values/7-420-242-1>		"kagsãduoyī"@mot	
"llenya"@ca	<http://ids.clld.org/values/1-880-177-1>		<http://ids.clld.org/parameters/1-880>		<http://ids.clld.org/values/1-880-242-1>		"kaa"@mot	
"braç"@ca	<http://ids.clld.org/values/4-310-177-1>		<http://ids.clld.org/parameters/4-310>		<http://ids.clld.org/values/4-310-242-1>		"bisãã"@mot	
"dona vella"@ca	<http://ids.clld.org/values/2-471-177-1>		<http://ids.clld.org/parameters/2-471>		<http://ids.clld.org/values/2-471-242-1>		"šibabiō"@mot	
"un"@ca	<http://ids.clld.org/values/13-10-177-1>		<http://ids.clld.org/parameters/13-10>		<http://ids.clld.org/values/13-10-242-1>		"ĩĩtoupʔ"@mot	
"a dalt"@ca	<http://ids.clld.org/values/12-80-177-1>		<http://ids.clld.org/parameters/12-80>		<http://ids.clld.org/values/12-80-242-1>		"baaduu"@mot	
"cosina"@ca	<http://ids.clld.org/values/2-550-177-3>		<http://ids.clld.org/parameters/2-550>		<http://ids.clld.org/values/2-550-242-1>		"sāya sašī"@mot	
"cosina"@ca	<http://ids.clld.org/values/2-550-177-3>		<http://ids.clld.org/parameters/2-550>		<http://ids.clld.org/values/2-550-242-3>		"sāya ša"@mot	
"pedra"@ca	<http://ids.clld.org/values/1-440-177-1>		<http://ids.clld.org/parameters/1-440>		<http://ids.clld.org/values/1-440-242-3>		"aɨna"@mot	
"pedra"@ca	<http://ids.clld.org/values/1-440-177-1>		<http://ids.clld.org/parameters/1-440>		<http://ids.clld.org/values/1-440-242-1>		"ããng"@mot	
"aranya"@ca	<http://ids.clld.org/values/3-818-177-1>		<http://ids.clld.org/parameters/3-818>		<http://ids.clld.org/values/3-818-242-1>		"sōhsõ"@mot	
"vosaltres"@ca	<http://ids.clld.org/values/2-950-177-1>		<http://ids.clld.org/parameters/2-950>		<http://ids.clld.org/values/2-950-242-1>		"bidyi"@mot	
"cremar"@ca	<http://ids.clld.org/values/1-851-177-1>		<http://ids.clld.org/parameters/1-851>		<http://ids.clld.org/values/1-851-242-1>		"dyoosaḳãn"@mot	
"papallona"@ca	<http://ids.clld.org/values/3-920-177-1>		<http://ids.clld.org/parameters/3-920>		<http://ids.clld.org/values/3-920-242-1>		"somēme"@mot	
"genoll"@ca	<http://ids.clld.org/values/4-360-177-1>		<http://ids.clld.org/parameters/4-360>		<http://ids.clld.org/values/4-360-242-1>		"obãã"@mot	
"cova"@ca	<http://ids.clld.org/values/1-280-177-1>		<http://ids.clld.org/parameters/1-280>		<http://ids.clld.org/values/1-280-242-1>		"akdō"@mot	
"curt"@ca	<http://ids.clld.org/values/12-590-177-1>		<http://ids.clld.org/parameters/12-590>		<http://ids.clld.org/values/12-590-242-1>		"ooḳbarekʔ"@mot	
"banyar-se"@ca	<http://ids.clld.org/values/4-690-177-1>		<http://ids.clld.org/parameters/4-690>		<http://ids.clld.org/values/4-690-242-1>		"aobēēbe"@mot	
"mosquit"@ca	<http://ids.clld.org/values/3-832-177-1>		<http://ids.clld.org/parameters/3-832>		<http://ids.clld.org/values/3-832-242-1>		"iširigbi"@mot	
"palma de la mà"@ca	<http://ids.clld.org/values/4-331-177-1>		<http://ids.clld.org/parameters/4-331>		<http://ids.clld.org/values/4-331-242-1>		"aḳduu būgda"@mot	
"ase"@ca	<http://ids.clld.org/values/3-460-177-1>		<http://ids.clld.org/parameters/3-460>		<http://ids.clld.org/values/3-460-242-3>		"sokuā"@mot	
"ase"@ca	<http://ids.clld.org/values/3-460-177-1>		<http://ids.clld.org/parameters/3-460>		<http://ids.clld.org/values/3-460-242-1>		"čoko"@mot	
"parpell"@ca	<http://ids.clld.org/values/4-213-177-1>		<http://ids.clld.org/parameters/4-213>		<http://ids.clld.org/values/4-213-242-1>		"ōwahšū"@mot	
"germana"@ca	<http://ids.clld.org/values/2-456-177-3>		<http://ids.clld.org/parameters/2-456>		<http://ids.clld.org/values/2-456-242-1>		"sagdooyī"@mot	
"cuinar"@ca	<http://ids.clld.org/values/5-210-177-1>		<http://ids.clld.org/parameters/5-210>		<http://ids.clld.org/values/5-210-242-1>		"binasa"@mot	
"natja"@ca	<http://ids.clld.org/values/4-464-177-1>		<http://ids.clld.org/parameters/4-464>		<http://ids.clld.org/values/4-464-242-1>		"ahtūu"@mot	
"collaret"@ca	<http://ids.clld.org/values/6-750-177-1>		<http://ids.clld.org/parameters/6-750>		<http://ids.clld.org/values/6-750-242-1>		"karahšī"@mot	
"menjar"@ca	<http://ids.clld.org/values/5-120-177-1>		<http://ids.clld.org/parameters/5-120>		<http://ids.clld.org/values/5-120-242-1>		"kāraba"@mot	
"nariu"@ca	<http://ids.clld.org/values/4-231-177-3>		<http://ids.clld.org/parameters/4-231>		<http://ids.clld.org/values/4-231-242-1>		"nisokwā"@mot	
"viure"@ca	<http://ids.clld.org/values/4-740-177-1>		<http://ids.clld.org/parameters/4-740>		<http://ids.clld.org/values/4-740-242-3>		"baɨgbari"@mot	
"viure"@ca	<http://ids.clld.org/values/4-740-177-1>		<http://ids.clld.org/parameters/4-740>		<http://ids.clld.org/values/4-740-242-1>		"dobaɨgbari"@mot	
"atrapar"@ca	<http://ids.clld.org/values/11-140-177-3>		<http://ids.clld.org/parameters/11-140>		<http://ids.clld.org/values/11-140-242-1>		"kaaḳaan"@mot	
"gat"@ca	<http://ids.clld.org/values/3-620-177-1>		<http://ids.clld.org/parameters/3-620>		<http://ids.clld.org/values/3-620-242-1>		"biangbiā"@mot	
"vomitar"@ca	<http://ids.clld.org/values/4-570-177-1>		<http://ids.clld.org/parameters/4-570>		<http://ids.clld.org/values/4-570-242-1>		"boɨgsɨ"@mot	
"gruix"@ca	<http://ids.clld.org/values/12-630-177-1>		<http://ids.clld.org/parameters/12-630>		<http://ids.clld.org/values/12-630-242-1>		"aabi"@mot	
"tauló"@ca	<http://ids.clld.org/values/7-570-177-3>		<http://ids.clld.org/parameters/7-570>		<http://ids.clld.org/values/7-570-242-1>		"kaayābaī"@mot	
"front"@ca	<http://ids.clld.org/values/4-205-177-1>		<http://ids.clld.org/parameters/4-205>		<http://ids.clld.org/values/4-205-242-1>		"dokbā"@mot	
"ferida"@ca	<http://ids.clld.org/values/4-850-177-1>		<http://ids.clld.org/parameters/4-850>		<http://ids.clld.org/values/4-850-242-1>		"iaiyikākwa"@mot	
"sord"@ca	<http://ids.clld.org/values/4-950-177-1>		<http://ids.clld.org/parameters/4-950>		<http://ids.clld.org/values/4-950-242-1>		"kokčikai"@mot	
"falcó"@ca	<http://ids.clld.org/values/3-585-177-1>		<http://ids.clld.org/parameters/3-585>		<http://ids.clld.org/values/3-585-242-1>		"ōtakdā"@mot	
"barba"@ca	<http://ids.clld.org/values/4-142-177-1>		<http://ids.clld.org/parameters/4-142>		<http://ids.clld.org/values/4-142-242-1>		"dakã kači"@mot	
"lluna"@ca	<http://ids.clld.org/values/1-530-177-1>		<http://ids.clld.org/parameters/1-530>		<http://ids.clld.org/values/1-530-242-1>		"čibaɨg"@mot	
"estrella"@ca	<http://ids.clld.org/values/1-540-177-1>		<http://ids.clld.org/parameters/1-540>		<http://ids.clld.org/values/1-540-242-1>		"tootubi"@mot	
"mussol"@ca	<http://ids.clld.org/values/3-596-177-1>		<http://ids.clld.org/parameters/3-596>		<http://ids.clld.org/values/3-596-242-1>		"bigtuu"@mot	
"gos"@ca	<http://ids.clld.org/values/3-610-177-1>		<http://ids.clld.org/parameters/3-610>		<http://ids.clld.org/values/3-610-242-1>		"ḍuraaba"@mot	
"teixir"@ca	<http://ids.clld.org/values/6-330-177-1>		<http://ids.clld.org/parameters/6-330>		<http://ids.clld.org/values/6-330-242-1>		"bakāni"@mot	
"manta"@ca	<http://ids.clld.org/values/7-422-177-1>		<http://ids.clld.org/parameters/7-422>		<http://ids.clld.org/values/7-422-242-1>		"šanšān"@mot	
"a prop"@ca	<http://ids.clld.org/values/12-430-177-1>		<http://ids.clld.org/parameters/12-430>		<http://ids.clld.org/values/12-430-242-1>		"muungdani"@mot	
"peix"@ca	<http://ids.clld.org/values/3-650-177-1>		<http://ids.clld.org/parameters/3-650>		<http://ids.clld.org/values/3-650-242-3>		"katutu"@mot	
"peix"@ca	<http://ids.clld.org/values/3-650-177-1>		<http://ids.clld.org/parameters/3-650>		<http://ids.clld.org/values/3-650-242-1>		"tay"@mot	
"sec"@ca	<http://ids.clld.org/values/15-840-177-1>		<http://ids.clld.org/parameters/15-840>		<http://ids.clld.org/values/15-840-242-1>		"buruuni"@mot	
"calent"@ca	<http://ids.clld.org/values/15-850-177-1>		<http://ids.clld.org/parameters/15-850>		<http://ids.clld.org/values/15-850-242-3>		"asaašini"@mot	
"calent"@ca	<http://ids.clld.org/values/15-850-177-1>		<http://ids.clld.org/parameters/15-850>		<http://ids.clld.org/values/15-850-242-1>		"asãã"@mot	
"dent"@ca	<http://ids.clld.org/values/4-270-177-1>		<http://ids.clld.org/parameters/4-270>		<http://ids.clld.org/values/4-270-242-1>		"ḍuḍu"@mot	
"boira"@ca	<http://ids.clld.org/values/1-740-177-1>		<http://ids.clld.org/parameters/1-740>		<http://ids.clld.org/values/1-740-242-1>		"boraaba"@mot	
"ós"@ca	<http://ids.clld.org/values/3-730-177-1>		<http://ids.clld.org/parameters/3-730>		<http://ids.clld.org/values/3-730-242-1>		"sabā́idakū"@mot	
"casament"@ca	<http://ids.clld.org/values/2-340-177-1>		<http://ids.clld.org/parameters/2-340>		<http://ids.clld.org/values/2-340-242-1>		"kayākba"@mot	
"mur"@ca	<http://ids.clld.org/values/7-270-177-3>		<http://ids.clld.org/parameters/7-270>		<http://ids.clld.org/values/7-270-242-1>		"kakabubumai"@mot	
"cabell"@ca	<http://ids.clld.org/values/4-140-177-1>		<http://ids.clld.org/parameters/4-140>		<http://ids.clld.org/values/4-140-242-1>		"kãatũũ"@mot	
"arpó"@ca	<http://ids.clld.org/values/20-260-177-3>		<http://ids.clld.org/parameters/20-260>		<http://ids.clld.org/values/20-260-242-1>		"ããdyɨčkãn"@mot	
"àvia"@ca	<http://ids.clld.org/values/2-470-177-1>		<http://ids.clld.org/parameters/2-470>		<http://ids.clld.org/values/2-470-242-1>		"ašiabāma"@mot	
"despertar-se"@ca	<http://ids.clld.org/values/4-630-177-1>		<http://ids.clld.org/parameters/4-630>		<http://ids.clld.org/values/4-630-242-1>		"kiārusa"@mot	
"alt"@ca	<http://ids.clld.org/values/12-580-177-1>		<http://ids.clld.org/parameters/12-580>		<http://ids.clld.org/values/12-580-242-1>		"aḳbakɨ"@mot	
"dia"@ca	<http://ids.clld.org/values/14-410-177-1>		<http://ids.clld.org/parameters/14-410>		<http://ids.clld.org/values/14-410-242-1>		"barikari"@mot	
"sal"@ca	<http://ids.clld.org/values/5-810-177-1>		<http://ids.clld.org/parameters/5-810>		<http://ids.clld.org/values/5-810-242-1>		"saabĩ"@mot	
"formiga"@ca	<http://ids.clld.org/values/3-817-177-1>		<http://ids.clld.org/parameters/3-817>		<http://ids.clld.org/values/3-817-242-1>		"kumaā"@mot	
"poderós"@ca	<http://ids.clld.org/values/4-810-177-3>		<http://ids.clld.org/parameters/4-810>		<http://ids.clld.org/values/4-810-242-1>		"karābari"@mot	
"colom"@ca	<http://ids.clld.org/values/3-594-177-1>		<http://ids.clld.org/parameters/3-594>		<http://ids.clld.org/values/3-594-242-1>		"šibou"@mot	
"gallina"@ca	<http://ids.clld.org/values/3-540-177-1>		<http://ids.clld.org/parameters/3-540>		<http://ids.clld.org/values/3-540-242-1>		"kari"@mot	
"teler"@ca	<http://ids.clld.org/values/6-340-177-1>		<http://ids.clld.org/parameters/6-340>		<http://ids.clld.org/values/6-340-242-1>		"kāna"@mot	
"gra (de rosari/ de collaret)"@ca	<http://ids.clld.org/values/6-760-177-1>		<http://ids.clld.org/parameters/6-760>		<http://ids.clld.org/values/6-760-242-1>		"karahšī"@mot	
"ratolí"@ca	<http://ids.clld.org/values/3-630-177-1>		<http://ids.clld.org/parameters/3-630>		<http://ids.clld.org/values/3-630-242-1>		"dahtumia"@mot	
"crani"@ca	<http://ids.clld.org/values/4-202-177-1>		<http://ids.clld.org/parameters/4-202>		<http://ids.clld.org/values/4-202-242-1>		"sākba kalā"@mot	
"granota"@ca	<http://ids.clld.org/values/3-950-177-1>		<http://ids.clld.org/parameters/3-950>		<http://ids.clld.org/values/3-950-242-1>		"babā"@mot	
"ésser humà"@ca	<http://ids.clld.org/values/2-100-177-3>		<http://ids.clld.org/parameters/2-100>		<http://ids.clld.org/values/2-100-242-1>		"barī"@mot	
"boda"@ca	<http://ids.clld.org/values/2-340-177-3>		<http://ids.clld.org/parameters/2-340>		<http://ids.clld.org/values/2-340-242-1>		"kayākba"@mot	
"fill"@ca	<http://ids.clld.org/values/2-410-177-1>		<http://ids.clld.org/parameters/2-410>		<http://ids.clld.org/values/2-410-242-1>		"saši"@mot	
"llagosta"@ca	<http://ids.clld.org/values/3-930-177-1>		<http://ids.clld.org/parameters/3-930>		<http://ids.clld.org/values/3-930-242-1>		"bĩbi"@mot	
"llampec"@ca	<http://ids.clld.org/values/1-550-177-1>		<http://ids.clld.org/parameters/1-550>		<http://ids.clld.org/values/1-550-242-1>		"dyibahdū"@mot	
"foc"@ca	<http://ids.clld.org/values/1-810-177-1>		<http://ids.clld.org/parameters/1-810>		<http://ids.clld.org/values/1-810-242-1>		"kaaḍɨ"@mot	
"roca"@ca	<http://ids.clld.org/values/1-440-177-3>		<http://ids.clld.org/parameters/1-440>		<http://ids.clld.org/values/1-440-242-3>		"aɨna"@mot	
"roca"@ca	<http://ids.clld.org/values/1-440-177-3>		<http://ids.clld.org/parameters/1-440>		<http://ids.clld.org/values/1-440-242-1>		"ããng"@mot	
"ull"@ca	<http://ids.clld.org/values/4-210-177-1>		<http://ids.clld.org/parameters/4-210>		<http://ids.clld.org/values/4-210-242-3>		"oošubi"@mot	
"ull"@ca	<http://ids.clld.org/values/4-210-177-1>		<http://ids.clld.org/parameters/4-210>		<http://ids.clld.org/values/4-210-242-1>		"oo"@mot	
"porc senglar"@ca	<http://ids.clld.org/values/3-320-177-1>		<http://ids.clld.org/parameters/3-320>		<http://ids.clld.org/values/3-320-242-1>		"bisao"@mot	
"sang"@ca	<http://ids.clld.org/values/4-150-177-1>		<http://ids.clld.org/parameters/4-150>		<http://ids.clld.org/values/4-150-242-1>		"aabi"@mot	
"guineu"@ca	<http://ids.clld.org/values/3-740-177-1>		<http://ids.clld.org/parameters/3-740>		<http://ids.clld.org/values/3-740-242-1>		"yaurāba"@mot	
"vent"@ca	<http://ids.clld.org/values/1-720-177-1>		<http://ids.clld.org/parameters/1-720>		<http://ids.clld.org/values/1-720-242-1>		"saaba"@mot	
"córrer"@ca	<http://ids.clld.org/values/10-320-177-3>		<http://ids.clld.org/parameters/10-320>		<http://ids.clld.org/values/10-320-242-1>		"širurũ otaḳbari"@mot	
"agafar"@ca	<http://ids.clld.org/values/11-140-177-1>		<http://ids.clld.org/parameters/11-140>		<http://ids.clld.org/values/11-140-242-1>		"kaaḳaan"@mot	
"escorça"@ca	<http://ids.clld.org/values/8-750-177-1>		<http://ids.clld.org/parameters/8-750>		<http://ids.clld.org/values/8-750-242-1>		"aɨgšuu"@mot	
"roba de dona"@ca	<http://ids.clld.org/values/6-420-177-1>		<http://ids.clld.org/parameters/6-420>		<http://ids.clld.org/values/6-420-242-1>		"dukdū"@mot	
"plat"@ca	<http://ids.clld.org/values/5-310-177-1>		<http://ids.clld.org/parameters/5-310>		<http://ids.clld.org/values/5-310-242-1>		"dado"@mot	
"vida"@ca	<http://ids.clld.org/values/4-740-177-3>		<http://ids.clld.org/parameters/4-740>		<http://ids.clld.org/values/4-740-242-3>		"baɨgbari"@mot	
"vida"@ca	<http://ids.clld.org/values/4-740-177-3>		<http://ids.clld.org/parameters/4-740>		<http://ids.clld.org/values/4-740-242-1>		"dobaɨgbari"@mot	
"cec"@ca	<http://ids.clld.org/values/4-970-177-1>		<http://ids.clld.org/parameters/4-970>		<http://ids.clld.org/values/4-970-242-1>		"škakyūbigbari"@mot	
"turmell"@ca	<http://ids.clld.org/values/4-371-177-1>		<http://ids.clld.org/parameters/4-371>		<http://ids.clld.org/values/4-371-242-1>		"kiokbā karikāa"@mot	
"abella"@ca	<http://ids.clld.org/values/3-820-177-1>		<http://ids.clld.org/parameters/3-820>		<http://ids.clld.org/values/3-820-242-1>		"myaa"@mot	
"cinc"@ca	<http://ids.clld.org/values/13-50-177-1>		<http://ids.clld.org/parameters/13-50>		<http://ids.clld.org/values/13-50-242-1>		"aḳdu inški"@mot	
"butllofa"@ca	<http://ids.clld.org/values/4-855-177-1>		<http://ids.clld.org/parameters/4-855>		<http://ids.clld.org/values/4-855-242-1>		"boksoro"@mot	
"filla"@ca	<http://ids.clld.org/values/2-420-177-1>		<http://ids.clld.org/parameters/2-420>		<http://ids.clld.org/values/2-420-242-1>		"ša"@mot	
"sol"@ca	<http://ids.clld.org/values/1-520-177-1>		<http://ids.clld.org/parameters/1-520>		<http://ids.clld.org/values/1-520-242-1>		"nyaa"@mot	
"sogra d'un home"@ca	<http://ids.clld.org/values/2-620-177-1>		<http://ids.clld.org/parameters/2-620>		<http://ids.clld.org/values/2-620-242-1>		"inaika akairakbā"@mot	
"somiar"@ca	<http://ids.clld.org/values/4-620-177-1>		<http://ids.clld.org/parameters/4-620>		<http://ids.clld.org/values/4-620-242-1>		"borog'barina"@mot	
"carn"@ca	<http://ids.clld.org/values/4-130-177-1>		<http://ids.clld.org/parameters/4-130>		<http://ids.clld.org/values/4-130-242-1>		"šungbāa"@mot	
"camp"@ca	<http://ids.clld.org/values/1-230-177-5>		<http://ids.clld.org/parameters/1-230>		<http://ids.clld.org/values/1-230-242-1>		"bẽa"@mot	
"gros"@ca	<http://ids.clld.org/values/12-550-177-1>		<http://ids.clld.org/parameters/12-550>		<http://ids.clld.org/values/12-550-242-1>		"aabii"@mot	
"pèl púbic"@ca	<http://ids.clld.org/values/4-145-177-1>		<http://ids.clld.org/parameters/4-145>		<http://ids.clld.org/values/4-145-242-1>		"bakači"@mot	
"jove d'un home"@ca	<http://ids.clld.org/values/2-640-177-1>		<http://ids.clld.org/parameters/2-640>		<http://ids.clld.org/values/2-640-242-1>		"inatdakū ašī"@mot	
"femella"@ca	<http://ids.clld.org/values/3-130-177-1>		<http://ids.clld.org/parameters/3-130>		<http://ids.clld.org/values/3-130-242-1>		"abama"@mot	
"casa"@ca	<http://ids.clld.org/values/7-120-177-1>		<http://ids.clld.org/parameters/7-120>		<http://ids.clld.org/values/7-120-242-1>		"kaig"@mot	
"mugró"@ca	<http://ids.clld.org/values/4-412-177-1>		<http://ids.clld.org/parameters/4-412>		<http://ids.clld.org/values/4-412-242-1>		"tuu"@mot	
"esquerra"@ca	<http://ids.clld.org/values/12-420-177-3>		<http://ids.clld.org/parameters/12-420>		<http://ids.clld.org/values/12-420-242-1>		"miikã"@mot	
"turó"@ca	<http://ids.clld.org/values/1-220-177-5>		<http://ids.clld.org/parameters/1-220>		<http://ids.clld.org/values/1-220-242-1>		"dyɨra"@mot	
"tu"@ca	<http://ids.clld.org/values/2-920-177-1>		<http://ids.clld.org/parameters/2-920>		<http://ids.clld.org/values/2-920-242-1>		"bai"@mot	
"infant"@ca	<http://ids.clld.org/values/2-280-177-5>		<http://ids.clld.org/parameters/2-280>		<http://ids.clld.org/values/2-280-242-1>		"bahkuī"@mot	
"aleta"@ca	<http://ids.clld.org/values/3-652-177-1>		<http://ids.clld.org/parameters/3-652>		<http://ids.clld.org/values/3-652-242-1>		"ačii"@mot	
"opòssum"@ca	<http://ids.clld.org/values/3-622-177-1>		<http://ids.clld.org/parameters/3-622>		<http://ids.clld.org/values/3-622-242-1>		"kahkū"@mot	
"prim"@ca	<http://ids.clld.org/values/12-650-177-1>		<http://ids.clld.org/parameters/12-650>		<http://ids.clld.org/values/12-650-242-1>		"ihtoo"@mot	
"ronyó"@ca	<http://ids.clld.org/values/4-451-177-1>		<http://ids.clld.org/parameters/4-451>		<http://ids.clld.org/values/4-451-242-1>		"atubiyōkba"@mot	
"gel"@ca	<http://ids.clld.org/values/1-770-177-1>		<http://ids.clld.org/parameters/1-770>		<http://ids.clld.org/values/1-770-242-1>		"sasaung-šiima"@mot	
"recte"@ca	<http://ids.clld.org/values/12-730-177-1>		<http://ids.clld.org/parameters/12-730>		<http://ids.clld.org/values/12-730-242-1>		"biiki"@mot	
"vena"@ca	<http://ids.clld.org/values/4-151-177-1>		<http://ids.clld.org/parameters/4-151>		<http://ids.clld.org/values/4-151-242-1>		"ašĩšii"@mot	
"tallar"@ca	<http://ids.clld.org/values/9-220-177-1>		<http://ids.clld.org/parameters/9-220>		<http://ids.clld.org/values/9-220-242-1>		"aɨgdaḳan"@mot	
"ampli"@ca	<http://ids.clld.org/values/12-610-177-3>		<http://ids.clld.org/parameters/12-610>		<http://ids.clld.org/values/12-610-242-1>		"yookari"@mot	
"venir"@ca	<http://ids.clld.org/values/10-480-177-1>		<http://ids.clld.org/parameters/10-480>		<http://ids.clld.org/values/10-480-242-1>		"abãi"@mot	
"febre"@ca	<http://ids.clld.org/values/4-841-177-1>		<http://ids.clld.org/parameters/4-841>		<http://ids.clld.org/values/4-841-242-1>		"kalo"@mot	
"grana"@ca	<http://ids.clld.org/values/8-311-177-1>		<http://ids.clld.org/parameters/8-311>		<http://ids.clld.org/values/8-311-242-1>		"ahḳooḳbah"@mot	
"prenyada"@ca	<http://ids.clld.org/values/4-730-177-1>		<http://ids.clld.org/parameters/4-730>		<http://ids.clld.org/values/4-730-242-1>		"bugdama"@mot	
"vaca"@ca	<http://ids.clld.org/values/3-230-177-1>		<http://ids.clld.org/parameters/3-230>		<http://ids.clld.org/values/3-230-242-1>		"šibāa"@mot	
"puça"@ca	<http://ids.clld.org/values/3-813-177-1>		<http://ids.clld.org/parameters/3-813>		<http://ids.clld.org/values/3-813-242-1>		"durāba kū"@mot	
"nou"@ca	<http://ids.clld.org/values/14-130-177-1>		<http://ids.clld.org/parameters/14-130>		<http://ids.clld.org/values/14-130-242-1>		"oḳdo"@mot	
"salt d'aigua"@ca	<http://ids.clld.org/values/1-390-177-1>		<http://ids.clld.org/parameters/1-390>		<http://ids.clld.org/values/1-390-242-1>		"bohgi baado ahgyitakani"@mot	
"llepar"@ca	<http://ids.clld.org/values/4-590-177-1>		<http://ids.clld.org/parameters/4-590>		<http://ids.clld.org/values/4-590-242-1>		"iaitatahkanina"@mot	
"pollastre"@ca	<http://ids.clld.org/values/3-550-177-1>		<http://ids.clld.org/parameters/3-550>		<http://ids.clld.org/values/3-550-242-1>		"kari"@mot	
"coix"@ca	<http://ids.clld.org/values/4-940-177-1>		<http://ids.clld.org/parameters/4-940>		<http://ids.clld.org/values/4-940-242-1>		"sōodoru"@mot	
"vell"@ca	<http://ids.clld.org/values/14-150-177-1>		<http://ids.clld.org/parameters/14-150>		<http://ids.clld.org/values/14-150-242-1>		"saatdau"@mot	
"verd"@ca	<http://ids.clld.org/values/5-124-177-1>		<http://ids.clld.org/parameters/5-124>		<http://ids.clld.org/values/5-124-242-1>		"tahta"@mot	
"senyor gran"@ca	<http://ids.clld.org/values/2-461-177-3>		<http://ids.clld.org/parameters/2-461>		<http://ids.clld.org/values/2-461-242-1>		"sagdou"@mot	
"llengua"@ca	<http://ids.clld.org/values/4-260-177-1>		<http://ids.clld.org/parameters/4-260>		<http://ids.clld.org/values/4-260-242-1>		"kobẽ"@mot	
"pèl"@ca	<http://ids.clld.org/values/4-144-177-1>		<http://ids.clld.org/parameters/4-144>		<http://ids.clld.org/values/4-144-242-1>		"kāači"@mot	
"cosir"@ca	<http://ids.clld.org/values/6-350-177-1>		<http://ids.clld.org/parameters/6-350>		<http://ids.clld.org/values/6-350-242-1>		"oḳdyikããn"@mot	
"dos"@ca	<http://ids.clld.org/values/13-20-177-1>		<http://ids.clld.org/parameters/13-20>		<http://ids.clld.org/values/13-20-242-1>		"ĩĩsaami"@mot	
"salut"@ca	<http://ids.clld.org/values/4-830-177-3>		<http://ids.clld.org/parameters/4-830>		<http://ids.clld.org/values/4-830-242-1>		"sabah"@mot	
"eixugar"@ca	<http://ids.clld.org/values/9-310-177-3>		<http://ids.clld.org/parameters/9-310>		<http://ids.clld.org/values/9-310-242-1>		"dyuug-dyug"@mot	
"cos"@ca	<http://ids.clld.org/values/4-110-177-1>		<http://ids.clld.org/parameters/4-110>		<http://ids.clld.org/values/4-110-242-1>		"aidyīi"@mot	
"fang"@ca	<http://ids.clld.org/values/1-214-177-3>		<http://ids.clld.org/parameters/1-214>		<http://ids.clld.org/values/1-214-242-1>		"barā"@mot	
"foscor"@ca	<http://ids.clld.org/values/1-620-177-1>		<http://ids.clld.org/parameters/1-620>		<http://ids.clld.org/values/1-620-242-1>		"baidaani"@mot	
"canyell"@ca	<http://ids.clld.org/values/4-321-177-1>		<http://ids.clld.org/parameters/4-321>		<http://ids.clld.org/values/4-321-242-1>		"aḳduu obāā"@mot	
"afilat"@ca	<http://ids.clld.org/values/15-780-177-1>		<http://ids.clld.org/parameters/15-780>		<http://ids.clld.org/values/15-780-242-1>		"ihkobaaini"@mot	
"lluerna"@ca	<http://ids.clld.org/values/3-910-177-1>		<http://ids.clld.org/parameters/3-910>		<http://ids.clld.org/values/3-910-242-1>		"bāādukdū"@mot	
"nascut"@ca	<http://ids.clld.org/values/4-720-177-3>		<http://ids.clld.org/parameters/4-720>		<http://ids.clld.org/values/4-720-242-1>		"šo"@mot	
"rodó"@ca	<http://ids.clld.org/values/12-810-177-1>		<http://ids.clld.org/parameters/12-810>		<http://ids.clld.org/values/12-810-242-1>		"biroorwai"@mot	
"lligar"@ca	<http://ids.clld.org/values/9-160-177-1>		<http://ids.clld.org/parameters/9-160>		<http://ids.clld.org/values/9-160-242-1>		"yuukããn"@mot	
"cinta (per al cap)"@ca	<http://ids.clld.org/values/6-780-177-1>		<http://ids.clld.org/parameters/6-780>		<http://ids.clld.org/values/6-780-242-1>		"somene"@mot	
"empènyer"@ca	<http://ids.clld.org/values/10-670-177-1>		<http://ids.clld.org/parameters/10-670>		<http://ids.clld.org/values/10-670-242-1>		"iroḳdaḳaan"@mot	
"voltor"@ca	<http://ids.clld.org/values/3-586-177-1>		<http://ids.clld.org/parameters/3-586>		<http://ids.clld.org/values/3-586-242-1>		"bačiragdu"@mot	
