"cama"@ca	<http://ids.clld.org/values/4-350-177-1>		<http://ids.clld.org/parameters/4-350>		<http://ids.clld.org/values/4-350-174-1>		"hētɨ"@mch	
"mà"@ca	<http://ids.clld.org/values/4-330-177-1>		<http://ids.clld.org/parameters/4-330>		<http://ids.clld.org/values/4-330-174-1>		"amō-dɨ"@mch	
"davant"@ca	<http://ids.clld.org/values/12-40-177-3>		<http://ids.clld.org/parameters/12-40>		<http://ids.clld.org/values/12-40-174-1>		"owāho"@mch	
"davant"@ca	<http://ids.clld.org/values/12-40-177-3>		<http://ids.clld.org/parameters/12-40>		<http://ids.clld.org/values/12-40-174-3>		"awaʔde"@mch	
"deixar"@ca	<http://ids.clld.org/values/19-470-177-1>		<http://ids.clld.org/parameters/19-470>		<http://ids.clld.org/values/19-470-174-1>		"tɨdɨho-dɨ"@mch	
"bernat pescaire"@ca	<http://ids.clld.org/values/3-583-177-1>		<http://ids.clld.org/parameters/3-583>		<http://ids.clld.org/values/3-583-174-1>		"tadāya"@mch	
"trepar"@ca	<http://ids.clld.org/values/10-472-177-1>		<http://ids.clld.org/parameters/10-472>		<http://ids.clld.org/values/10-472-174-1>		"-annuʔku-"@mch	
"on? a on?"@ca	<http://ids.clld.org/values/17-660-177-1>		<http://ids.clld.org/parameters/17-660>		<http://ids.clld.org/values/17-660-174-1>		"ə̄iša"@mch	
"poc"@ca	<http://ids.clld.org/values/13-170-177-1>		<http://ids.clld.org/parameters/13-170>		<http://ids.clld.org/values/13-170-174-1>		"ākəʔkə"@mch	
"pati"@ca	<http://ids.clld.org/values/7-150-177-1>		<http://ids.clld.org/parameters/7-150>		<http://ids.clld.org/values/7-150-174-1>		"hɨdōdo"@mch	
"feliç"@ca	<http://ids.clld.org/values/16-230-177-1>		<http://ids.clld.org/parameters/16-230>		<http://ids.clld.org/values/16-230-174-1>		"takwanɲe"@mch	
"tristesa"@ca	<http://ids.clld.org/values/16-320-177-1>		<http://ids.clld.org/parameters/16-320>		<http://ids.clld.org/values/16-320-174-1>		"wentumhe"@mch	
"ganivet"@ca	<http://ids.clld.org/values/9-230-177-1>		<http://ids.clld.org/parameters/9-230>		<http://ids.clld.org/values/9-230-174-1>		"kɨmɨʔkə"@mch	
"mentir"@ca	<http://ids.clld.org/values/16-670-177-1>		<http://ids.clld.org/parameters/16-670>		<http://ids.clld.org/values/16-670-174-1>		"-enkutə-"@mch	
"sòl"@ca	<http://ids.clld.org/values/1-212-177-1>		<http://ids.clld.org/parameters/1-212>		<http://ids.clld.org/values/1-212-174-1>		"nono"@mch	
"enrotllar"@ca	<http://ids.clld.org/values/10-140-177-1>		<http://ids.clld.org/parameters/10-140>		<http://ids.clld.org/values/10-140-174-1>		"weməīya"@mch	
"company"@ca	<http://ids.clld.org/values/19-510-177-3>		<http://ids.clld.org/parameters/19-510>		<http://ids.clld.org/values/19-510-174-1>		"weičakōno"@mch	
"carbassa"@ca	<http://ids.clld.org/values/8-930-177-1>		<http://ids.clld.org/parameters/8-930>		<http://ids.clld.org/values/8-930-174-1>		"kankudu"@mch	
"beguda"@ca	<http://ids.clld.org/values/5-900-177-1>		<http://ids.clld.org/parameters/5-900>		<http://ids.clld.org/values/5-900-174-1>		"kuši"@mch	
"ensenyar"@ca	<http://ids.clld.org/values/15-550-177-1>		<http://ids.clld.org/parameters/15-550>		<http://ids.clld.org/values/15-550-174-1>		"eneho-dɨ"@mch	
"dèbil"@ca	<http://ids.clld.org/values/4-820-177-1>		<http://ids.clld.org/parameters/4-820>		<http://ids.clld.org/values/4-820-174-1>		"āʔkedēto"@mch	
"pelar"@ca	<http://ids.clld.org/values/5-460-177-1>		<http://ids.clld.org/parameters/5-460>		<http://ids.clld.org/values/5-460-174-1>		"-iʔša-"@mch	
"néixer"@ca	<http://ids.clld.org/values/4-720-177-1>		<http://ids.clld.org/parameters/4-720>		<http://ids.clld.org/values/4-720-174-1>		"w-ennu-nə"@mch	
"mascle"@ca	<http://ids.clld.org/values/2-230-177-1>		<http://ids.clld.org/parameters/2-230>		<http://ids.clld.org/values/2-230-174-1>		"danwa"@mch	
"espatlla"@ca	<http://ids.clld.org/values/4-300-177-1>		<http://ids.clld.org/parameters/4-300>		<http://ids.clld.org/values/4-300-174-1>		"nkawə"@mch	
"estret"@ca	<http://ids.clld.org/values/12-620-177-1>		<http://ids.clld.org/parameters/12-620>		<http://ids.clld.org/values/12-620-174-3>		"anwakɨme"@mch	
"estret"@ca	<http://ids.clld.org/values/12-620-177-1>		<http://ids.clld.org/parameters/12-620>		<http://ids.clld.org/values/12-620-174-1>		"danwadɨ"@mch	
"lleó"@ca	<http://ids.clld.org/values/3-720-177-1>		<http://ids.clld.org/parameters/3-720>		<http://ids.clld.org/values/3-720-174-1>		"kawadīmə"@mch	
"núvol"@ca	<http://ids.clld.org/values/1-730-177-1>		<http://ids.clld.org/parameters/1-730>		<http://ids.clld.org/values/1-730-174-1>		"kāʔdutu"@mch	
"puig"@ca	<http://ids.clld.org/values/1-220-177-3>		<http://ids.clld.org/parameters/1-220>		<http://ids.clld.org/values/1-220-174-1>		"hɨ̄"@mch	
"néta"@ca	<http://ids.clld.org/values/2-490-177-1>		<http://ids.clld.org/parameters/2-490>		<http://ids.clld.org/values/2-490-174-1>		"hādɨ"@mch	
"gran"@ca	<http://ids.clld.org/values/12-550-177-3>		<http://ids.clld.org/parameters/12-550>		<http://ids.clld.org/values/12-550-174-1>		"nuwe"@mch	
"mort"@ca	<http://ids.clld.org/values/4-750-177-3>		<http://ids.clld.org/parameters/4-750>		<http://ids.clld.org/values/4-750-174-1>		"-əma-"@mch	
"barrejar"@ca	<http://ids.clld.org/values/5-490-177-3>		<http://ids.clld.org/parameters/5-490>		<http://ids.clld.org/values/5-490-174-1>		"-oima-dɨ"@mch	
"ell/ ella/ allò"@ca	<http://ids.clld.org/values/2-930-177-1>		<http://ids.clld.org/parameters/2-930>		<http://ids.clld.org/values/2-930-174-1>		"tɨwɨ"@mch	
"cargol"@ca	<http://ids.clld.org/values/3-940-177-1>		<http://ids.clld.org/parameters/3-940>		<http://ids.clld.org/values/3-940-174-1>		"memu"@mch	
"fil"@ca	<http://ids.clld.org/values/6-380-177-1>		<http://ids.clld.org/parameters/6-380>		<http://ids.clld.org/values/6-380-174-1>		"hakūdimɨʔtɨ"@mch	
"llengua"@ca	<http://ids.clld.org/values/18-240-177-1>		<http://ids.clld.org/parameters/18-240>		<http://ids.clld.org/values/18-240-174-1>		"āʔdewʔkwe"@mch	
"beure"@ca	<http://ids.clld.org/values/5-130-177-1>		<http://ids.clld.org/parameters/5-130>		<http://ids.clld.org/values/5-130-174-1>		"enku"@mch	
"maco"@ca	<http://ids.clld.org/values/16-810-177-3>		<http://ids.clld.org/parameters/16-810>		<http://ids.clld.org/values/16-810-174-1>		"inɲatahe"@mch	
"escola"@ca	<http://ids.clld.org/values/17-280-177-1>		<http://ids.clld.org/parameters/17-280>		<http://ids.clld.org/values/17-280-174-1>		"wōwanomatoho"@mch	
"menjar"@ca	<http://ids.clld.org/values/5-110-177-1>		<http://ids.clld.org/parameters/5-110>		<http://ids.clld.org/values/5-110-174-1>		"wowašīnčənə"@mch	
"explicar una història"@ca	<http://ids.clld.org/values/18-221-177-1>		<http://ids.clld.org/parameters/18-221>		<http://ids.clld.org/values/18-221-174-1>		"mēʔkuʔtə̄dɨ"@mch	
"cotó"@ca	<http://ids.clld.org/values/6-240-177-1>		<http://ids.clld.org/parameters/6-240>		<http://ids.clld.org/values/6-240-174-1>		"wadēkū"@mch	
"llac"@ca	<http://ids.clld.org/values/1-330-177-1>		<http://ids.clld.org/parameters/1-330>		<http://ids.clld.org/values/1-330-174-1>		"čūʔhə"@mch	
"medecina"@ca	<http://ids.clld.org/values/4-880-177-1>		<http://ids.clld.org/parameters/4-880>		<http://ids.clld.org/values/4-880-174-1>		"əhi"@mch	
"cistella"@ca	<http://ids.clld.org/values/9-760-177-1>		<http://ids.clld.org/parameters/9-760>		<http://ids.clld.org/values/9-760-174-1>		"wɨ̄wa"@mch	
"guerra"@ca	<http://ids.clld.org/values/20-130-177-1>		<http://ids.clld.org/parameters/20-130>		<http://ids.clld.org/values/20-130-174-1>		"wənə"@mch	
"salvar"@ca	<http://ids.clld.org/values/11-250-177-1>		<http://ids.clld.org/parameters/11-250>		<http://ids.clld.org/values/11-250-174-1>		"ewanakādɨ"@mch	
"coll"@ca	<http://ids.clld.org/values/4-280-177-1>		<http://ids.clld.org/parameters/4-280>		<http://ids.clld.org/values/4-280-174-1>		"hɨ̄mɨ"@mch	
"petit"@ca	<http://ids.clld.org/values/12-560-177-1>		<http://ids.clld.org/parameters/12-560>		<http://ids.clld.org/values/12-560-174-1>		"šeʔkə"@mch	
"vostè"@ca	<http://ids.clld.org/values/2-920-177-3>		<http://ids.clld.org/parameters/2-920>		<http://ids.clld.org/values/2-920-174-1>		"əmədə"@mch	
"cuc"@ca	<http://ids.clld.org/values/3-840-177-1>		<http://ids.clld.org/parameters/3-840>		<http://ids.clld.org/values/3-840-174-1>		"motto"@mch	
"una altra vegada"@ca	<http://ids.clld.org/values/14-350-177-1>		<http://ids.clld.org/parameters/14-350>		<http://ids.clld.org/values/14-350-174-1>		"dea"@mch	
"negre"@ca	<http://ids.clld.org/values/15-650-177-1>		<http://ids.clld.org/parameters/15-650>		<http://ids.clld.org/values/15-650-174-1>		"hudumato"@mch	
"saber"@ca	<http://ids.clld.org/values/17-170-177-1>		<http://ids.clld.org/parameters/17-170>		<http://ids.clld.org/values/17-170-174-1>		"t-owanəkə t-ɨdɨ-dɨ"@mch	
"parany"@ca	<http://ids.clld.org/values/20-640-177-3>		<http://ids.clld.org/parameters/20-640>		<http://ids.clld.org/values/20-640-174-1>		"hāno"@mch	
"tortuga"@ca	<http://ids.clld.org/values/3-980-177-1>		<http://ids.clld.org/parameters/3-980>		<http://ids.clld.org/values/3-980-174-1>		"heʔde"@mch	
"agulla"@ca	<http://ids.clld.org/values/6-360-177-1>		<http://ids.clld.org/parameters/6-360>		<http://ids.clld.org/values/6-360-174-1>		"makūsa"@mch	
"ràpid"@ca	<http://ids.clld.org/values/14-210-177-1>		<http://ids.clld.org/parameters/14-210>		<http://ids.clld.org/values/14-210-174-1>		"tamhə̄ʔne"@mch	
"morir"@ca	<http://ids.clld.org/values/4-750-177-1>		<http://ids.clld.org/parameters/4-750>		<http://ids.clld.org/values/4-750-174-1>		"-əma-"@mch	
"lloro"@ca	<http://ids.clld.org/values/3-592-177-1>		<http://ids.clld.org/parameters/3-592>		<http://ids.clld.org/values/3-592-174-1>		"[dodo]"@mch	
"podrit"@ca	<http://ids.clld.org/values/5-125-177-1>		<http://ids.clld.org/parameters/5-125>		<http://ids.clld.org/values/5-125-174-1>		"čə̄tāhə"@mch	
"res"@ca	<http://ids.clld.org/values/13-0-177-3>		<http://ids.clld.org/parameters/13-0>		<http://ids.clld.org/values/13-0-174-1>		"āʔke"@mch	
"ganivet"@ca	<http://ids.clld.org/values/5-380-177-1>		<http://ids.clld.org/parameters/5-380>		<http://ids.clld.org/values/5-380-174-1>		"kɨmɨʔkə"@mch	
"cridar"@ca	<http://ids.clld.org/values/18-130-177-1>		<http://ids.clld.org/parameters/18-130>		<http://ids.clld.org/values/18-130-174-1>		"kəʔtɨn-nə"@mch	
"nen"@ca	<http://ids.clld.org/values/2-270-177-1>		<http://ids.clld.org/parameters/2-270>		<http://ids.clld.org/values/2-270-174-1>		"nnedɨ"@mch	
"negatiu"@ca	<http://ids.clld.org/values/17-560-177-3>		<http://ids.clld.org/parameters/17-560>		<http://ids.clld.org/values/17-560-174-1>		"mmʔhm"@mch	
"lluitar"@ca	<http://ids.clld.org/values/20-110-177-1>		<http://ids.clld.org/parameters/20-110>		<http://ids.clld.org/values/20-110-174-1>		"wətə̄nehānə"@mch	
"colze"@ca	<http://ids.clld.org/values/4-320-177-1>		<http://ids.clld.org/parameters/4-320>		<http://ids.clld.org/values/4-320-174-1>		"ə̄ʔmu"@mch	
"voler"@ca	<http://ids.clld.org/values/16-620-177-3>		<http://ids.clld.org/parameters/16-620>		<http://ids.clld.org/values/16-620-174-1>		"hyumma-dɨ"@mch	
"coll"@ca	<http://ids.clld.org/values/6-450-177-1>		<http://ids.clld.org/parameters/6-450>		<http://ids.clld.org/values/6-450-174-1>		"wōʔmo"@mch	
"sis"@ca	<http://ids.clld.org/values/13-60-177-1>		<http://ids.clld.org/parameters/13-60>		<http://ids.clld.org/values/13-60-174-1>		"tōni amohaʔto"@mch	
"pit"@ca	<http://ids.clld.org/values/4-400-177-1>		<http://ids.clld.org/parameters/4-400>		<http://ids.clld.org/values/4-400-174-1>		"dōʔta"@mch	
"taula"@ca	<http://ids.clld.org/values/7-440-177-1>		<http://ids.clld.org/parameters/7-440>		<http://ids.clld.org/values/7-440-174-1>		"[mesa]i"@mch	
"cavar"@ca	<http://ids.clld.org/values/8-220-177-1>		<http://ids.clld.org/parameters/8-220>		<http://ids.clld.org/values/8-220-174-1>		"tɨʔkādɨ"@mch	
"germà petit"@ca	<http://ids.clld.org/values/2-445-177-1>		<http://ids.clld.org/parameters/2-445>		<http://ids.clld.org/values/2-445-174-1>		"šīʔčɨ"@mch	
"fumar"@ca	<http://ids.clld.org/values/8-690-177-1>		<http://ids.clld.org/parameters/8-690>		<http://ids.clld.org/values/8-690-174-1>		"-eima-"@mch	
"llança"@ca	<http://ids.clld.org/values/20-260-177-1>		<http://ids.clld.org/parameters/20-260>		<http://ids.clld.org/values/20-260-174-1>		"sukuhi"@mch	
"zero"@ca	<http://ids.clld.org/values/13-0-177-1>		<http://ids.clld.org/parameters/13-0>		<http://ids.clld.org/values/13-0-174-1>		"āʔke"@mch	
"immadur"@ca	<http://ids.clld.org/values/5-124-177-3>		<http://ids.clld.org/parameters/5-124>		<http://ids.clld.org/values/5-124-174-1>		"šēne"@mch	
"planxa"@ca	<http://ids.clld.org/values/7-570-177-1>		<http://ids.clld.org/parameters/7-570>		<http://ids.clld.org/values/7-570-174-1>		"[tadwa]"@mch	
"portar"@ca	<http://ids.clld.org/values/10-610-177-1>		<http://ids.clld.org/parameters/10-610>		<http://ids.clld.org/values/10-610-174-1>		"-adə̄-"@mch	
"d'estral de combat"@ca	<http://ids.clld.org/values/20-222-177-1>		<http://ids.clld.org/parameters/20-222>		<http://ids.clld.org/values/20-222-174-1>		"wɨ̄wɨ"@mch	
"mono"@ca	<http://ids.clld.org/values/3-760-177-1>		<http://ids.clld.org/parameters/3-760>		<http://ids.clld.org/values/3-760-174-1>		"yadākadu"@mch	
"serp"@ca	<http://ids.clld.org/values/3-850-177-1>		<http://ids.clld.org/parameters/3-850>		<http://ids.clld.org/values/3-850-174-1>		"əkə̄yu"@mch	
"pujol"@ca	<http://ids.clld.org/values/1-220-177-7>		<http://ids.clld.org/parameters/1-220>		<http://ids.clld.org/values/1-220-174-1>		"hɨ̄"@mch	
"flama"@ca	<http://ids.clld.org/values/1-820-177-1>		<http://ids.clld.org/parameters/1-820>		<http://ids.clld.org/values/1-820-174-1>		"wāʔto"@mch	
"demà"@ca	<http://ids.clld.org/values/14-480-177-1>		<http://ids.clld.org/parameters/14-480>		<http://ids.clld.org/values/14-480-174-1>		"henamma"@mch	
"entrar"@ca	<http://ids.clld.org/values/10-570-177-1>		<http://ids.clld.org/parameters/10-570>		<http://ids.clld.org/values/10-570-174-1>		"w-omon-nə"@mch	
"elles"@ca	<http://ids.clld.org/values/2-960-177-3>		<http://ids.clld.org/parameters/2-960>		<http://ids.clld.org/values/2-960-174-1>		"tɨnwano"@mch	
"muntanya"@ca	<http://ids.clld.org/values/1-220-177-1>		<http://ids.clld.org/parameters/1-220>		<http://ids.clld.org/values/1-220-174-1>		"hɨ̄"@mch	
"illa"@ca	<http://ids.clld.org/values/1-250-177-1>		<http://ids.clld.org/parameters/1-250>		<http://ids.clld.org/values/1-250-174-1>		"dantadɨ"@mch	
"ballar"@ca	<http://ids.clld.org/values/10-440-177-1>		<http://ids.clld.org/parameters/10-440>		<http://ids.clld.org/values/10-440-174-1>		"-ənwa-"@mch	
"perdre"@ca	<http://ids.clld.org/values/11-330-177-1>		<http://ids.clld.org/parameters/11-330>		<http://ids.clld.org/values/11-330-174-1>		"w-ənnanɨʔ-nə"@mch	
"ara"@ca	<http://ids.clld.org/values/14-180-177-1>		<http://ids.clld.org/parameters/14-180>		<http://ids.clld.org/values/14-180-174-1>		"edūwa"@mch	
"asseure's"@ca	<http://ids.clld.org/values/12-130-177-1>		<http://ids.clld.org/parameters/12-130>		<http://ids.clld.org/values/12-130-174-1>		"w-atahhimā-nə"@mch	
"any"@ca	<http://ids.clld.org/values/14-730-177-1>		<http://ids.clld.org/parameters/14-730>		<http://ids.clld.org/values/14-730-174-1>		"wedɨ"@mch	
"ham"@ca	<http://ids.clld.org/values/20-520-177-1>		<http://ids.clld.org/parameters/20-520>		<http://ids.clld.org/values/20-520-174-1>		"anə̄tə"@mch	
"esmolat"@ca	<http://ids.clld.org/values/15-780-177-3>		<http://ids.clld.org/parameters/15-780>		<http://ids.clld.org/values/15-780-174-1>		"ākə̄tədɨ"@mch	
"nit"@ca	<http://ids.clld.org/values/14-420-177-1>		<http://ids.clld.org/parameters/14-420>		<http://ids.clld.org/values/14-420-174-1>		"čomomɨ̄dɨ"@mch	
"dir-se"@ca	<http://ids.clld.org/values/18-420-177-1>		<http://ids.clld.org/parameters/18-420>		<http://ids.clld.org/values/18-420-174-1>		"tə̄tɨ"@mch	
"grassa"@ca	<http://ids.clld.org/values/5-791-177-1>		<http://ids.clld.org/parameters/5-791>		<http://ids.clld.org/values/5-791-174-1>		"kātɨ"@mch	
"neboda"@ca	<http://ids.clld.org/values/2-540-177-1>		<http://ids.clld.org/parameters/2-540>		<http://ids.clld.org/values/2-540-174-1>		"hāse"@mch	
"vuit"@ca	<http://ids.clld.org/values/13-80-177-1>		<http://ids.clld.org/parameters/13-80>		<http://ids.clld.org/values/13-80-174-1>		"aduwawə amohaʔto"@mch	
"pluja"@ca	<http://ids.clld.org/values/1-750-177-1>		<http://ids.clld.org/parameters/1-750>		<http://ids.clld.org/values/1-750-174-1>		"konōho"@mch	
"sobre"@ca	<http://ids.clld.org/values/12-80-177-3>		<http://ids.clld.org/parameters/12-80>		<http://ids.clld.org/values/12-80-174-1>		"kawə̄"@mch	
"noi jove"@ca	<http://ids.clld.org/values/2-251-177-1>		<http://ids.clld.org/parameters/2-251>		<http://ids.clld.org/values/2-251-174-1>		"mudēši"@mch	
"cosí"@ca	<http://ids.clld.org/values/2-550-177-1>		<http://ids.clld.org/parameters/2-550>		<http://ids.clld.org/values/2-550-174-1>		"waiɲe"@mch	
"cosí"@ca	<http://ids.clld.org/values/2-550-177-1>		<http://ids.clld.org/parameters/2-550>		<http://ids.clld.org/values/2-550-174-3>		"yāʔko"@mch	
"fum"@ca	<http://ids.clld.org/values/1-830-177-1>		<http://ids.clld.org/parameters/1-830>		<http://ids.clld.org/values/1-830-174-1>		"widīnčə"@mch	
"parlar"@ca	<http://ids.clld.org/values/18-210-177-1>		<http://ids.clld.org/parameters/18-210>		<http://ids.clld.org/values/18-210-174-1>		"w-aʔdew-nə"@mch	
"jardí"@ca	<http://ids.clld.org/values/8-130-177-1>		<http://ids.clld.org/parameters/8-130>		<http://ids.clld.org/values/8-130-174-1>		"awdwāhə"@mch	
"llis"@ca	<http://ids.clld.org/values/15-770-177-1>		<http://ids.clld.org/parameters/15-770>		<http://ids.clld.org/values/15-770-174-1>		"tɨwansuʔde"@mch	
"caçar"@ca	<http://ids.clld.org/values/20-610-177-1>		<http://ids.clld.org/parameters/20-610>		<http://ids.clld.org/values/20-610-174-1>		"emanɲuhɨdɨ"@mch	
"creure"@ca	<http://ids.clld.org/values/17-150-177-1>		<http://ids.clld.org/parameters/17-150>		<http://ids.clld.org/values/17-150-174-1>		"-ekanɨhɨ-dɨ"@mch	
"baix"@ca	<http://ids.clld.org/values/12-320-177-1>		<http://ids.clld.org/parameters/12-320>		<http://ids.clld.org/values/12-320-174-1>		"nonohoʔčə"@mch	
"afirmatiu"@ca	<http://ids.clld.org/values/17-550-177-3>		<http://ids.clld.org/parameters/17-550>		<http://ids.clld.org/values/17-550-174-3>		"mmhm"@mch	
"afirmatiu"@ca	<http://ids.clld.org/values/17-550-177-3>		<http://ids.clld.org/parameters/17-550>		<http://ids.clld.org/values/17-550-174-1>		"ʔeee"@mch	
"pintar"@ca	<http://ids.clld.org/values/9-890-177-1>		<http://ids.clld.org/parameters/9-890>		<http://ids.clld.org/values/9-890-174-1>		"wemānʔa"@mch	
"bambú"@ca	<http://ids.clld.org/values/8-940-177-1>		<http://ids.clld.org/parameters/8-940>		<http://ids.clld.org/values/8-940-174-1>		"dahu"@mch	
"tenir"@ca	<http://ids.clld.org/values/11-110-177-1>		<http://ids.clld.org/parameters/11-110>		<http://ids.clld.org/values/11-110-174-1>		"tɨweiye wənɲe"@mch	
"acabar"@ca	<http://ids.clld.org/values/14-270-177-3>		<http://ids.clld.org/parameters/14-270>		<http://ids.clld.org/values/14-270-174-1>		"w-əʔka-nə"@mch	
"suau"@ca	<http://ids.clld.org/values/15-750-177-1>		<http://ids.clld.org/parameters/15-750>		<http://ids.clld.org/values/15-750-174-1>		"tɨwansuʔde"@mch	
"ebri"@ca	<http://ids.clld.org/values/4-980-177-1>		<http://ids.clld.org/parameters/4-980>		<http://ids.clld.org/values/4-980-174-1>		"-oʔdoʔhə"@mch	
"espòs"@ca	<http://ids.clld.org/values/2-310-177-3>		<http://ids.clld.org/parameters/2-310>		<http://ids.clld.org/values/2-310-174-1>		"-ɲno"@mch	
"família"@ca	<http://ids.clld.org/values/2-820-177-1>		<http://ids.clld.org/parameters/2-820>		<http://ids.clld.org/values/2-820-174-1>		"himmə"@mch	
"pensar"@ca	<http://ids.clld.org/values/17-130-177-1>		<http://ids.clld.org/parameters/17-130>		<http://ids.clld.org/values/17-130-174-1>		"tɨtahə-nə"@mch	
"dreta"@ca	<http://ids.clld.org/values/12-410-177-1>		<http://ids.clld.org/parameters/12-410>		<http://ids.clld.org/values/12-410-174-1>		"əmuʔdemhɨnɨ"@mch	
"noia jove"@ca	<http://ids.clld.org/values/2-261-177-1>		<http://ids.clld.org/parameters/2-261>		<http://ids.clld.org/values/2-261-174-1>		"mudēši"@mch	
"comprar"@ca	<http://ids.clld.org/values/11-810-177-1>		<http://ids.clld.org/parameters/11-810>		<http://ids.clld.org/values/11-810-174-1>		"ehēma-dɨ"@mch	
"àliga"@ca	<http://ids.clld.org/values/3-584-177-1>		<http://ids.clld.org/parameters/3-584>		<http://ids.clld.org/values/3-584-174-1>		"demōši"@mch	
"comercialitzar"@ca	<http://ids.clld.org/values/11-830-177-1>		<http://ids.clld.org/parameters/11-830>		<http://ids.clld.org/values/11-830-174-1>		"wətəʔtihānə"@mch	
"patata"@ca	<http://ids.clld.org/values/5-700-177-1>		<http://ids.clld.org/parameters/5-700>		<http://ids.clld.org/values/5-700-174-1>		"šāku"@mch	
"vespre"@ca	<http://ids.clld.org/values/14-460-177-1>		<http://ids.clld.org/parameters/14-460>		<http://ids.clld.org/values/14-460-174-1>		"čomomɨdawə"@mch	
"anar"@ca	<http://ids.clld.org/values/10-470-177-1>		<http://ids.clld.org/parameters/10-470>		<http://ids.clld.org/values/10-470-174-1>		"wɨʔtə̄-nə"@mch	
"bitxo"@ca	<http://ids.clld.org/values/5-821-177-1>		<http://ids.clld.org/parameters/5-821>		<http://ids.clld.org/values/5-821-174-1>		"homi"@mch	
"començament"@ca	<http://ids.clld.org/values/14-250-177-3>		<http://ids.clld.org/parameters/14-250>		<http://ids.clld.org/values/14-250-174-1>		"ahəntədɨ"@mch	
"tabac"@ca	<http://ids.clld.org/values/8-680-177-1>		<http://ids.clld.org/parameters/8-680>		<http://ids.clld.org/values/8-680-174-1>		"kawai"@mch	
"ànec"@ca	<http://ids.clld.org/values/3-570-177-1>		<http://ids.clld.org/parameters/3-570>		<http://ids.clld.org/values/3-570-174-1>		"[hātu]"@mch	
"esprémer"@ca	<http://ids.clld.org/values/9-343-177-1>		<http://ids.clld.org/parameters/9-343>		<http://ids.clld.org/values/9-343-174-1>		"eʔkukā-dɨ"@mch	
"cassola"@ca	<http://ids.clld.org/values/5-260-177-1>		<http://ids.clld.org/parameters/5-260>		<http://ids.clld.org/values/5-260-174-1>		"ədinɲə"@mch	
"nosaltres"@ca	<http://ids.clld.org/values/2-942-177-1>		<http://ids.clld.org/parameters/2-942>		<http://ids.clld.org/values/2-942-174-1>		"nɲa"@mch	
"quin?"@ca	<http://ids.clld.org/values/17-670-177-1>		<http://ids.clld.org/parameters/17-670>		<http://ids.clld.org/values/17-670-174-1>		"əišə̄no"@mch	
"cridar"@ca	<http://ids.clld.org/values/18-410-177-1>		<http://ids.clld.org/parameters/18-410>		<http://ids.clld.org/values/18-410-174-1>		"aʔdewhaʔdɨ"@mch	
"llavor"@ca	<http://ids.clld.org/values/8-311-177-3>		<http://ids.clld.org/parameters/8-311>		<http://ids.clld.org/values/8-311-174-1>		"čə̄huʔhə"@mch	
"tornar"@ca	<http://ids.clld.org/values/10-481-177-1>		<http://ids.clld.org/parameters/10-481>		<http://ids.clld.org/values/10-481-174-1>		"w-ennakā-nə"@mch	
"desitjar"@ca	<http://ids.clld.org/values/16-620-177-1>		<http://ids.clld.org/parameters/16-620>		<http://ids.clld.org/values/16-620-174-1>		"hyumma-dɨ"@mch	
"fer olor"@ca	<http://ids.clld.org/values/15-210-177-1>		<http://ids.clld.org/parameters/15-210>		<http://ids.clld.org/values/15-210-174-1>		"hyoʔhōdɨ"@mch	
"golpejar"@ca	<http://ids.clld.org/values/9-210-177-1>		<http://ids.clld.org/parameters/9-210>		<http://ids.clld.org/values/9-210-174-1>		"-aiʔhuka-dɨ"@mch	
"germana de la mare"@ca	<http://ids.clld.org/values/2-521-177-1>		<http://ids.clld.org/parameters/2-521>		<http://ids.clld.org/values/2-521-174-1>		"denɨ"@mch	
"tapioca"@ca	<http://ids.clld.org/values/8-920-177-1>		<http://ids.clld.org/parameters/8-920>		<http://ids.clld.org/values/8-920-174-1>		"kɨdēde"@mch	
"arc"@ca	<http://ids.clld.org/values/20-240-177-1>		<http://ids.clld.org/parameters/20-240>		<http://ids.clld.org/values/20-240-174-1>		"šimāda ehɨ̄dɨ"@mch	
"tres"@ca	<http://ids.clld.org/values/13-30-177-1>		<http://ids.clld.org/parameters/13-30>		<http://ids.clld.org/values/13-30-174-1>		"aduwawə"@mch	
"flauta"@ca	<http://ids.clld.org/values/18-710-177-1>		<http://ids.clld.org/parameters/18-710>		<http://ids.clld.org/values/18-710-174-1>		"hīču"@mch	
"permetre"@ca	<http://ids.clld.org/values/19-470-177-3>		<http://ids.clld.org/parameters/19-470>		<http://ids.clld.org/values/19-470-174-1>		"tɨdɨho-dɨ"@mch	
"lluny"@ca	<http://ids.clld.org/values/12-440-177-1>		<http://ids.clld.org/parameters/12-440>		<http://ids.clld.org/values/12-440-174-1>		"amoinče"@mch	
"groc"@ca	<http://ids.clld.org/values/15-690-177-1>		<http://ids.clld.org/parameters/15-690>		<http://ids.clld.org/values/15-690-174-1>		"kɨnota"@mch	
"sempre"@ca	<http://ids.clld.org/values/14-310-177-1>		<http://ids.clld.org/parameters/14-310>		<http://ids.clld.org/values/14-310-174-1>		"wenēne"@mch	
"negociar"@ca	<http://ids.clld.org/values/11-830-177-3>		<http://ids.clld.org/parameters/11-830>		<http://ids.clld.org/values/11-830-174-1>		"wətəʔtihānə"@mch	
"germà de la mare"@ca	<http://ids.clld.org/values/2-511-177-1>		<http://ids.clld.org/parameters/2-511>		<http://ids.clld.org/values/2-511-174-1>		"yawo"@mch	
"port"@ca	<http://ids.clld.org/values/10-910-177-1>		<http://ids.clld.org/parameters/10-910>		<http://ids.clld.org/values/10-910-174-1>		"wəʔtə"@mch	
"arrugat"@ca	<http://ids.clld.org/values/15-890-177-1>		<http://ids.clld.org/parameters/15-890>		<http://ids.clld.org/values/15-890-174-1>		"deyude"@mch	
"cel"@ca	<http://ids.clld.org/values/1-510-177-1>		<http://ids.clld.org/parameters/1-510>		<http://ids.clld.org/values/1-510-174-1>		"kahu"@mch	
"dolor"@ca	<http://ids.clld.org/values/16-320-177-3>		<http://ids.clld.org/parameters/16-320>		<http://ids.clld.org/values/16-320-174-1>		"wentumhe"@mch	
"embolicar"@ca	<http://ids.clld.org/values/10-140-177-3>		<http://ids.clld.org/parameters/10-140>		<http://ids.clld.org/values/10-140-174-1>		"weməīya"@mch	
"aigua"@ca	<http://ids.clld.org/values/1-310-177-1>		<http://ids.clld.org/parameters/1-310>		<http://ids.clld.org/values/1-310-174-1>		"tuna"@mch	
"llum"@ca	<http://ids.clld.org/values/1-610-177-1>		<http://ids.clld.org/parameters/1-610>		<http://ids.clld.org/values/1-610-174-1>		"šī"@mch	
"ànima"@ca	<http://ids.clld.org/values/16-110-177-1>		<http://ids.clld.org/parameters/16-110>		<http://ids.clld.org/values/16-110-174-1>		"dōʔta"@mch	
"quan?"@ca	<http://ids.clld.org/values/17-650-177-1>		<http://ids.clld.org/parameters/17-650>		<http://ids.clld.org/values/17-650-174-1>		"əičənnāwəkə"@mch	
"verd"@ca	<http://ids.clld.org/values/15-680-177-1>		<http://ids.clld.org/parameters/15-680>		<http://ids.clld.org/values/15-680-174-1>		"šēne"@mch	
"ungla"@ca	<http://ids.clld.org/values/4-344-177-1>		<http://ids.clld.org/parameters/4-344>		<http://ids.clld.org/values/4-344-174-1>		"əmmi"@mch	
"cua"@ca	<http://ids.clld.org/values/4-180-177-1>		<http://ids.clld.org/parameters/4-180>		<http://ids.clld.org/values/4-180-174-1>		"dāʔkɨdɨ"@mch	
"nét"@ca	<http://ids.clld.org/values/2-480-177-1>		<http://ids.clld.org/parameters/2-480>		<http://ids.clld.org/values/2-480-174-1>		"hādɨ"@mch	
"treballar"@ca	<http://ids.clld.org/values/9-120-177-1>		<http://ids.clld.org/parameters/9-120>		<http://ids.clld.org/values/9-120-174-1>		"tadawāhu"@mch	
"remenar"@ca	<http://ids.clld.org/values/5-490-177-1>		<http://ids.clld.org/parameters/5-490>		<http://ids.clld.org/values/5-490-174-1>		"-oima-dɨ"@mch	
"veu"@ca	<http://ids.clld.org/values/18-110-177-1>		<http://ids.clld.org/parameters/18-110>		<http://ids.clld.org/values/18-110-174-1>		"kəʔtɨnnə"@mch	
"veure"@ca	<http://ids.clld.org/values/15-510-177-1>		<http://ids.clld.org/parameters/15-510>		<http://ids.clld.org/values/15-510-174-1>		"ene-dɨ"@mch	
"qui?"@ca	<http://ids.clld.org/values/17-680-177-1>		<http://ids.clld.org/parameters/17-680>		<http://ids.clld.org/values/17-680-174-1>		"ənə̄kɨ"@mch	
"rentar"@ca	<http://ids.clld.org/values/9-360-177-1>		<http://ids.clld.org/parameters/9-360>		<http://ids.clld.org/values/9-360-174-1>		"-ičoʔka-dɨ"@mch	
"aprendre"@ca	<http://ids.clld.org/values/17-240-177-1>		<http://ids.clld.org/parameters/17-240>		<http://ids.clld.org/values/17-240-174-1>		"-ōwanoma-"@mch	
"tirar"@ca	<http://ids.clld.org/values/10-250-177-1>		<http://ids.clld.org/parameters/10-250>		<http://ids.clld.org/values/10-250-174-1>		"himā-dɨ"@mch	
"fulla"@ca	<http://ids.clld.org/values/8-560-177-1>		<http://ids.clld.org/parameters/8-560>		<http://ids.clld.org/values/8-560-174-1>		"yadɨ"@mch	
"arbre"@ca	<http://ids.clld.org/values/1-420-177-1>		<http://ids.clld.org/parameters/1-420>		<http://ids.clld.org/values/1-420-174-1>		"dē"@mch	
"mirall"@ca	<http://ids.clld.org/values/6-960-177-1>		<http://ids.clld.org/parameters/6-960>		<http://ids.clld.org/values/6-960-174-1>		"hekūde"@mch	
"deu"@ca	<http://ids.clld.org/values/13-100-177-1>		<http://ids.clld.org/parameters/13-100>		<http://ids.clld.org/values/13-100-174-1>		"amohadə"@mch	
"carretera"@ca	<http://ids.clld.org/values/10-710-177-1>		<http://ids.clld.org/parameters/10-710>		<http://ids.clld.org/values/10-710-174-1>		"ə̄ma"@mch	
"cara"@ca	<http://ids.clld.org/values/4-204-177-1>		<http://ids.clld.org/parameters/4-204>		<http://ids.clld.org/values/4-204-174-1>		"heʔ-dɨ"@mch	
"sí"@ca	<http://ids.clld.org/values/17-550-177-1>		<http://ids.clld.org/parameters/17-550>		<http://ids.clld.org/values/17-550-174-3>		"mmhm"@mch	
"sí"@ca	<http://ids.clld.org/values/17-550-177-1>		<http://ids.clld.org/parameters/17-550>		<http://ids.clld.org/values/17-550-174-1>		"ʔeee"@mch	
"terratrèmol"@ca	<http://ids.clld.org/values/1-450-177-1>		<http://ids.clld.org/parameters/1-450>		<http://ids.clld.org/values/1-450-174-1>		"dehūši"@mch	
"fruita"@ca	<http://ids.clld.org/values/5-710-177-1>		<http://ids.clld.org/parameters/5-710>		<http://ids.clld.org/values/5-710-174-1>		"čə̄hɨdɨ̄-hɨdɨ"@mch	
"porc"@ca	<http://ids.clld.org/values/3-350-177-1>		<http://ids.clld.org/parameters/3-350>		<http://ids.clld.org/values/3-350-174-1>		"[kūši]"@mch	
"destral"@ca	<http://ids.clld.org/values/9-250-177-1>		<http://ids.clld.org/parameters/9-250>		<http://ids.clld.org/values/9-250-174-1>		"wɨ̄wɨ"@mch	
"intestins"@ca	<http://ids.clld.org/values/4-461-177-1>		<http://ids.clld.org/parameters/4-461>		<http://ids.clld.org/values/4-461-174-1>		"hyōtɨ"@mch	
"rata"@ca	<http://ids.clld.org/values/3-630-177-3>		<http://ids.clld.org/parameters/3-630>		<http://ids.clld.org/values/3-630-174-1>		"asɨ̄kɨ"@mch	
"quatre"@ca	<http://ids.clld.org/values/13-40-177-1>		<http://ids.clld.org/parameters/13-40>		<http://ids.clld.org/values/13-40-174-1>		"āʔkəiʔčea"@mch	
"oncle"@ca	<http://ids.clld.org/values/2-510-177-1>		<http://ids.clld.org/parameters/2-510>		<http://ids.clld.org/values/2-510-174-1>		"wōdɨ"@mch	
"bosc"@ca	<http://ids.clld.org/values/1-410-177-3>		<http://ids.clld.org/parameters/1-410>		<http://ids.clld.org/values/1-410-174-1>		"čūta"@mch	
"fred"@ca	<http://ids.clld.org/values/15-860-177-1>		<http://ids.clld.org/parameters/15-860>		<http://ids.clld.org/values/15-860-174-1>		"kəmme"@mch	
"orfe"@ca	<http://ids.clld.org/values/2-750-177-1>		<http://ids.clld.org/parameters/2-750>		<http://ids.clld.org/values/2-750-174-1>		"tunkemhɨnɨ"@mch	
"rem"@ca	<http://ids.clld.org/values/10-851-177-1>		<http://ids.clld.org/parameters/10-851>		<http://ids.clld.org/values/10-851-174-1>		"hēna"@mch	
"blanc"@ca	<http://ids.clld.org/values/15-640-177-1>		<http://ids.clld.org/parameters/15-640>		<http://ids.clld.org/values/15-640-174-1>		"təʔkeʔne"@mch	
"persona"@ca	<http://ids.clld.org/values/2-100-177-1>		<http://ids.clld.org/parameters/2-100>		<http://ids.clld.org/values/2-100-174-1>		"ssoto"@mch	
"flotar"@ca	<http://ids.clld.org/values/10-340-177-1>		<http://ids.clld.org/parameters/10-340>		<http://ids.clld.org/values/10-340-174-1>		"tɨtāwaʔta"@mch	
"peu"@ca	<http://ids.clld.org/values/4-370-177-1>		<http://ids.clld.org/parameters/4-370>		<http://ids.clld.org/values/4-370-174-1>		"hūdu"@mch	
"llumí"@ca	<http://ids.clld.org/values/1-870-177-1>		<http://ids.clld.org/parameters/1-870>		<http://ids.clld.org/values/1-870-174-1>		"tɨsočāmɨ"@mch	
"filla"@ca	<http://ids.clld.org/values/2-430-177-3>		<http://ids.clld.org/parameters/2-430>		<http://ids.clld.org/values/2-430-174-1>		"nnedɨ"@mch	
"cap"@ca	<http://ids.clld.org/values/19-240-177-1>		<http://ids.clld.org/parameters/19-240>		<http://ids.clld.org/values/19-240-174-1>		"ədāhə"@mch	
"ascendir"@ca	<http://ids.clld.org/values/10-210-177-5>		<http://ids.clld.org/parameters/10-210>		<http://ids.clld.org/values/10-210-174-1>		"w-ənuʔnə"@mch	
"collita"@ca	<http://ids.clld.org/values/8-410-177-1>		<http://ids.clld.org/parameters/8-410>		<http://ids.clld.org/values/8-410-174-1>		"inɲatɨʔtə̄dɨ"@mch	
"sà"@ca	<http://ids.clld.org/values/4-830-177-1>		<http://ids.clld.org/parameters/4-830>		<http://ids.clld.org/values/4-830-174-1>		"tadəinɲe"@mch	
"per què?"@ca	<http://ids.clld.org/values/17-690-177-1>		<http://ids.clld.org/parameters/17-690>		<http://ids.clld.org/values/17-690-174-1>		"ākene yeihəkə"@mch	
"trobar-se"@ca	<http://ids.clld.org/values/19-650-177-1>		<http://ids.clld.org/parameters/19-650>		<http://ids.clld.org/values/19-650-174-1>		"edantə-dɨ"@mch	
"mig"@ca	<http://ids.clld.org/values/12-370-177-1>		<http://ids.clld.org/parameters/12-370>		<http://ids.clld.org/values/12-370-174-1>		"annai"@mch	
"Déu"@ca	<http://ids.clld.org/values/22-120-177-1>		<http://ids.clld.org/parameters/22-120>		<http://ids.clld.org/values/22-120-174-1>		"wanādi"@mch	
"urpa"@ca	<http://ids.clld.org/values/4-345-177-1>		<http://ids.clld.org/parameters/4-345>		<http://ids.clld.org/values/4-345-174-1>		"əmmi"@mch	
"cascada"@ca	<http://ids.clld.org/values/1-390-177-3>		<http://ids.clld.org/parameters/1-390>		<http://ids.clld.org/values/1-390-174-1>		"yedukadɨ"@mch	
"caminar"@ca	<http://ids.clld.org/values/10-450-177-1>		<http://ids.clld.org/parameters/10-450>		<http://ids.clld.org/values/10-450-174-1>		"w-ōhoyma-nə"@mch	
"llavi"@ca	<http://ids.clld.org/values/4-250-177-1>		<http://ids.clld.org/parameters/4-250>		<http://ids.clld.org/values/4-250-174-1>		"ə̄ʔhi"@mch	
"elevar"@ca	<http://ids.clld.org/values/10-210-177-3>		<http://ids.clld.org/parameters/10-210>		<http://ids.clld.org/values/10-210-174-1>		"w-ənuʔnə"@mch	
"ells"@ca	<http://ids.clld.org/values/2-960-177-1>		<http://ids.clld.org/parameters/2-960>		<http://ids.clld.org/values/2-960-174-1>		"tɨnwano"@mch	
"canoa"@ca	<http://ids.clld.org/values/10-831-177-1>		<http://ids.clld.org/parameters/10-831>		<http://ids.clld.org/values/10-831-174-1>		"[kanowa]"@mch	
"jo"@ca	<http://ids.clld.org/values/2-910-177-1>		<http://ids.clld.org/parameters/2-910>		<http://ids.clld.org/values/2-910-174-1>		"ɨwɨ"@mch	
"plantar"@ca	<http://ids.clld.org/values/8-531-177-3>		<http://ids.clld.org/parameters/8-531>		<http://ids.clld.org/values/8-531-174-1>		"aiʔčɨdɨ"@mch	
"nadar"@ca	<http://ids.clld.org/values/10-350-177-1>		<http://ids.clld.org/parameters/10-350>		<http://ids.clld.org/values/10-350-174-1>		"tɨwəʔhiyɨ"@mch	
"noi"@ca	<http://ids.clld.org/values/2-250-177-1>		<http://ids.clld.org/parameters/2-250>		<http://ids.clld.org/values/2-250-174-1>		"mudekə̄kə"@mch	
"esguerrat"@ca	<http://ids.clld.org/values/4-940-177-3>		<http://ids.clld.org/parameters/4-940>		<http://ids.clld.org/values/4-940-174-1>		"sekumhe"@mch	
"cremar-se"@ca	<http://ids.clld.org/values/1-852-177-1>		<http://ids.clld.org/parameters/1-852>		<http://ids.clld.org/values/1-852-174-1>		"daʔtwa-dɨ"@mch	
"tossir"@ca	<http://ids.clld.org/values/4-530-177-1>		<http://ids.clld.org/parameters/4-530>		<http://ids.clld.org/values/4-530-174-1>		"təinšiʔho"@mch	
"abans"@ca	<http://ids.clld.org/values/12-40-177-1>		<http://ids.clld.org/parameters/12-40>		<http://ids.clld.org/values/12-40-174-1>		"owāho"@mch	
"abans"@ca	<http://ids.clld.org/values/12-40-177-1>		<http://ids.clld.org/parameters/12-40>		<http://ids.clld.org/values/12-40-174-3>		"awaʔde"@mch	
"gana"@ca	<http://ids.clld.org/values/5-140-177-1>		<http://ids.clld.org/parameters/5-140>		<http://ids.clld.org/values/5-140-174-1>		"əmīhe"@mch	
"mosca"@ca	<http://ids.clld.org/values/3-830-177-1>		<http://ids.clld.org/parameters/3-830>		<http://ids.clld.org/values/3-830-174-1>		"wedēsede"@mch	
"nosaltres"@ca	<http://ids.clld.org/values/2-941-177-1>		<http://ids.clld.org/parameters/2-941>		<http://ids.clld.org/values/2-941-174-1>		"kɨwɨ"@mch	
"colˑlegi"@ca	<http://ids.clld.org/values/17-280-177-3>		<http://ids.clld.org/parameters/17-280>		<http://ids.clld.org/values/17-280-174-1>		"wōwanomatoho"@mch	
"marit"@ca	<http://ids.clld.org/values/2-310-177-1>		<http://ids.clld.org/parameters/2-310>		<http://ids.clld.org/values/2-310-174-1>		"-ɲno"@mch	
"braçalet"@ca	<http://ids.clld.org/values/6-740-177-1>		<http://ids.clld.org/parameters/6-740>		<http://ids.clld.org/values/6-740-174-1>		"ahəʔmɨy"@mch	
"mossegar"@ca	<http://ids.clld.org/values/4-580-177-1>		<http://ids.clld.org/parameters/4-580>		<http://ids.clld.org/values/4-580-174-1>		"ēkādɨ"@mch	
"dalt"@ca	<http://ids.clld.org/values/12-330-177-3>		<http://ids.clld.org/parameters/12-330>		<http://ids.clld.org/values/12-330-174-1>		"akoiʔčaʔhɨdɨ"@mch	
"cosa"@ca	<http://ids.clld.org/values/11-180-177-1>		<http://ids.clld.org/parameters/11-180>		<http://ids.clld.org/values/11-180-174-1>		"k-ɨnnɨdɨʔ-komo"@mch	
"pell"@ca	<http://ids.clld.org/values/4-120-177-1>		<http://ids.clld.org/parameters/4-120>		<http://ids.clld.org/values/4-120-174-1>		"hiʔhə"@mch	
"talar"@ca	<http://ids.clld.org/values/9-221-177-1>		<http://ids.clld.org/parameters/9-221>		<http://ids.clld.org/values/9-221-174-1>		"čūhiya-dɨ"@mch	
"talar"@ca	<http://ids.clld.org/values/9-221-177-1>		<http://ids.clld.org/parameters/9-221>		<http://ids.clld.org/values/9-221-174-3>		"yaʔka-dɨ"@mch	
"germana del pare"@ca	<http://ids.clld.org/values/2-522-177-1>		<http://ids.clld.org/parameters/2-522>		<http://ids.clld.org/values/2-522-174-1>		"waynɲeʔney"@mch	
"riure"@ca	<http://ids.clld.org/values/16-250-177-1>		<http://ids.clld.org/parameters/16-250>		<http://ids.clld.org/values/16-250-174-1>		"waʔsenɲo"@mch	
"tia"@ca	<http://ids.clld.org/values/2-520-177-1>		<http://ids.clld.org/parameters/2-520>		<http://ids.clld.org/values/2-520-174-1>		"waynɲeʔney"@mch	
"saltar"@ca	<http://ids.clld.org/values/10-430-177-1>		<http://ids.clld.org/parameters/10-430>		<http://ids.clld.org/values/10-430-174-1>		"w-ahanɨn-nə"@mch	
"vestir-se"@ca	<http://ids.clld.org/values/6-110-177-1>		<http://ids.clld.org/parameters/6-110>		<http://ids.clld.org/values/6-110-174-1>		"wewontənə"@mch	
"teulat"@ca	<http://ids.clld.org/values/7-510-177-1>		<http://ids.clld.org/parameters/7-510>		<http://ids.clld.org/values/7-510-174-1>		"aməʔhɨdɨ"@mch	
"vermell"@ca	<http://ids.clld.org/values/15-660-177-1>		<http://ids.clld.org/parameters/15-660>		<http://ids.clld.org/values/15-660-174-1>		"seweičato"@mch	
"avi"@ca	<http://ids.clld.org/values/2-460-177-1>		<http://ids.clld.org/parameters/2-460>		<http://ids.clld.org/values/2-460-174-1>		"kōko"@mch	
"brut"@ca	<http://ids.clld.org/values/15-880-177-1>		<http://ids.clld.org/parameters/15-880>		<http://ids.clld.org/values/15-880-174-1>		"nossahe"@mch	
"escala"@ca	<http://ids.clld.org/values/7-370-177-1>		<http://ids.clld.org/parameters/7-370>		<http://ids.clld.org/values/7-370-174-1>		"inɲahuʔtahə"@mch	
"batalla"@ca	<http://ids.clld.org/values/20-130-177-3>		<http://ids.clld.org/parameters/20-130>		<http://ids.clld.org/values/20-130-174-1>		"wənə"@mch	
"brillant"@ca	<http://ids.clld.org/values/15-570-177-1>		<http://ids.clld.org/parameters/15-570>		<http://ids.clld.org/values/15-570-174-1>		"taʔwane"@mch	
"dir mentides"@ca	<http://ids.clld.org/values/16-670-177-3>		<http://ids.clld.org/parameters/16-670>		<http://ids.clld.org/values/16-670-174-1>		"-enkutə-"@mch	
"pare"@ca	<http://ids.clld.org/values/2-350-177-1>		<http://ids.clld.org/parameters/2-350>		<http://ids.clld.org/values/2-350-174-1>		"haha"@mch	
"cansat"@ca	<http://ids.clld.org/values/4-910-177-1>		<http://ids.clld.org/parameters/4-910>		<http://ids.clld.org/values/4-910-174-1>		"tɨkinča"@mch	
"set"@ca	<http://ids.clld.org/values/13-70-177-1>		<http://ids.clld.org/parameters/13-70>		<http://ids.clld.org/values/13-70-174-1>		"āʔkə amohaʔto"@mch	
"sembrar"@ca	<http://ids.clld.org/values/8-531-177-1>		<http://ids.clld.org/parameters/8-531>		<http://ids.clld.org/values/8-531-174-1>		"aiʔčɨdɨ"@mch	
"amarg"@ca	<http://ids.clld.org/values/15-370-177-1>		<http://ids.clld.org/parameters/15-370>		<http://ids.clld.org/values/15-370-174-1>		"tutune"@mch	
"bonic"@ca	<http://ids.clld.org/values/16-810-177-1>		<http://ids.clld.org/parameters/16-810>		<http://ids.clld.org/values/16-810-174-1>		"inɲatahe"@mch	
"sota"@ca	<http://ids.clld.org/values/12-30-177-1>		<http://ids.clld.org/parameters/12-30>		<http://ids.clld.org/values/12-30-174-1>		"doʔnə"@mch	
"mare"@ca	<http://ids.clld.org/values/2-360-177-1>		<http://ids.clld.org/parameters/2-360>		<http://ids.clld.org/values/2-360-174-1>		"denɨ"@mch	
"alt"@ca	<http://ids.clld.org/values/12-310-177-1>		<http://ids.clld.org/parameters/12-310>		<http://ids.clld.org/values/12-310-174-1>		"kawə"@mch	
"ornament"@ca	<http://ids.clld.org/values/6-710-177-1>		<http://ids.clld.org/parameters/6-710>		<http://ids.clld.org/values/6-710-174-1>		"sawīya"@mch	
"sogre d'un home"@ca	<http://ids.clld.org/values/2-610-177-1>		<http://ids.clld.org/parameters/2-610>		<http://ids.clld.org/values/2-610-174-1>		"wōdɨ̄mə"@mch	
"fusta"@ca	<http://ids.clld.org/values/1-430-177-1>		<http://ids.clld.org/parameters/1-430>		<http://ids.clld.org/values/1-430-174-1>		"dē"@mch	
"molt"@ca	<http://ids.clld.org/values/13-150-177-1>		<http://ids.clld.org/parameters/13-150>		<http://ids.clld.org/values/13-150-174-1>		"hōhe"@mch	
"nas"@ca	<http://ids.clld.org/values/4-230-177-1>		<http://ids.clld.org/parameters/4-230>		<http://ids.clld.org/values/4-230-174-1>		"ənna"@mch	
"mar"@ca	<http://ids.clld.org/values/1-320-177-1>		<http://ids.clld.org/parameters/1-320>		<http://ids.clld.org/values/1-320-174-1>		"dama"@mch	
"cassola"@ca	<http://ids.clld.org/values/5-280-177-1>		<http://ids.clld.org/parameters/5-280>		<http://ids.clld.org/values/5-280-174-1>		"ʔtadī-yɨ"@mch	
"escorpí"@ca	<http://ids.clld.org/values/3-815-177-1>		<http://ids.clld.org/parameters/3-815>		<http://ids.clld.org/values/3-815-174-1>		"mɨnə̄tə"@mch	
"idioma"@ca	<http://ids.clld.org/values/18-240-177-3>		<http://ids.clld.org/parameters/18-240>		<http://ids.clld.org/values/18-240-174-1>		"āʔdewʔkwe"@mch	
"germà del pare"@ca	<http://ids.clld.org/values/2-512-177-1>		<http://ids.clld.org/parameters/2-512>		<http://ids.clld.org/values/2-512-174-1>		"haha"@mch	
"estimar"@ca	<http://ids.clld.org/values/16-270-177-1>		<http://ids.clld.org/parameters/16-270>		<http://ids.clld.org/values/16-270-174-1>		"hyumma-dɨ"@mch	
"arbre"@ca	<http://ids.clld.org/values/8-600-177-1>		<http://ids.clld.org/parameters/8-600>		<http://ids.clld.org/values/8-600-174-1>		"dē"@mch	
"ample"@ca	<http://ids.clld.org/values/12-610-177-1>		<http://ids.clld.org/parameters/12-610>		<http://ids.clld.org/values/12-610-174-1>		"taʔhuhūne"@mch	
"vespa"@ca	<http://ids.clld.org/values/3-823-177-1>		<http://ids.clld.org/parameters/3-823>		<http://ids.clld.org/values/3-823-174-1>		"sūnwa"@mch	
"ventall"@ca	<http://ids.clld.org/values/9-790-177-1>		<http://ids.clld.org/parameters/9-790>		<http://ids.clld.org/values/9-790-174-1>		"wadi-wadi"@mch	
"al costat de"@ca	<http://ids.clld.org/values/12-20-177-1>		<http://ids.clld.org/parameters/12-20>		<http://ids.clld.org/values/12-20-174-1>		"dɨʔtə"@mch	
"llarg"@ca	<http://ids.clld.org/values/12-570-177-1>		<http://ids.clld.org/parameters/12-570>		<http://ids.clld.org/values/12-570-174-1>		"nuwe"@mch	
"poble"@ca	<http://ids.clld.org/values/19-160-177-1>		<http://ids.clld.org/parameters/19-160>		<http://ids.clld.org/values/19-160-174-1>		"haʔta"@mch	
"quinze"@ca	<http://ids.clld.org/values/13-103-177-1>		<http://ids.clld.org/parameters/13-103>		<http://ids.clld.org/values/13-103-174-1>		"amohadəʔto dēwə hyatodea"@mch	
"mocs"@ca	<http://ids.clld.org/values/4-232-177-1>		<http://ids.clld.org/parameters/4-232>		<http://ids.clld.org/values/4-232-174-1>		"ənuʔtə"@mch	
"menjar"@ca	<http://ids.clld.org/values/5-410-177-1>		<http://ids.clld.org/parameters/5-410>		<http://ids.clld.org/values/5-410-174-1>		"əwainši"@mch	
"dolent"@ca	<http://ids.clld.org/values/16-720-177-1>		<http://ids.clld.org/parameters/16-720>		<http://ids.clld.org/values/16-720-174-1>		"kənemhɨnɨ"@mch	
"cor"@ca	<http://ids.clld.org/values/4-440-177-1>		<http://ids.clld.org/parameters/4-440>		<http://ids.clld.org/values/4-440-174-1>		"yēwanɨ"@mch	
"pluma"@ca	<http://ids.clld.org/values/4-393-177-1>		<http://ids.clld.org/parameters/4-393>		<http://ids.clld.org/values/4-393-174-1>		"iʔhōʔtɨ"@mch	
"dins"@ca	<http://ids.clld.org/values/12-50-177-1>		<http://ids.clld.org/parameters/12-50>		<http://ids.clld.org/values/12-50-174-3>		"anwaʔka"@mch	
"dins"@ca	<http://ids.clld.org/values/12-50-177-1>		<http://ids.clld.org/parameters/12-50>		<http://ids.clld.org/values/12-50-174-1>		"aʔka"@mch	
"pit"@ca	<http://ids.clld.org/values/4-410-177-1>		<http://ids.clld.org/parameters/4-410>		<http://ids.clld.org/values/4-410-174-1>		"ʔdohɨ-dɨ"@mch	
"què?"@ca	<http://ids.clld.org/values/17-640-177-1>		<http://ids.clld.org/parameters/17-640>		<http://ids.clld.org/values/17-640-174-1>		"ākene"@mch	
"olla"@ca	<http://ids.clld.org/values/5-260-177-3>		<http://ids.clld.org/parameters/5-260>		<http://ids.clld.org/values/5-260-174-1>		"ədinɲə"@mch	
"poll"@ca	<http://ids.clld.org/values/3-811-177-1>		<http://ids.clld.org/parameters/3-811>		<http://ids.clld.org/values/3-811-174-1>		"dāmə"@mch	
"porta"@ca	<http://ids.clld.org/values/7-220-177-1>		<http://ids.clld.org/parameters/7-220>		<http://ids.clld.org/values/7-220-174-1>		"mɨnātata"@mch	
"marge"@ca	<http://ids.clld.org/values/12-353-177-1>		<http://ids.clld.org/parameters/12-353>		<http://ids.clld.org/values/12-353-174-1>		"čəʔhiyu"@mch	
"cèrvol"@ca	<http://ids.clld.org/values/3-750-177-1>		<http://ids.clld.org/parameters/3-750>		<http://ids.clld.org/values/3-750-174-1>		"kawādi"@mch	
"enemic"@ca	<http://ids.clld.org/values/19-520-177-1>		<http://ids.clld.org/parameters/19-520>		<http://ids.clld.org/values/19-520-174-1>		"tuʔde"@mch	
"bufar"@ca	<http://ids.clld.org/values/10-380-177-1>		<http://ids.clld.org/parameters/10-380>		<http://ids.clld.org/values/10-380-174-1>		"yaičumā-dɨ"@mch	
"cendra"@ca	<http://ids.clld.org/values/1-840-177-1>		<http://ids.clld.org/parameters/1-840>		<http://ids.clld.org/values/1-840-174-1>		"wedēnnə"@mch	
"madur"@ca	<http://ids.clld.org/values/5-123-177-1>		<http://ids.clld.org/parameters/5-123>		<http://ids.clld.org/values/5-123-174-1>		"sēweyčato"@mch	
"home"@ca	<http://ids.clld.org/values/2-210-177-1>		<http://ids.clld.org/parameters/2-210>		<http://ids.clld.org/values/2-210-174-1>		"danwa"@mch	
"descansar"@ca	<http://ids.clld.org/values/4-912-177-1>		<http://ids.clld.org/parameters/4-912>		<http://ids.clld.org/values/4-912-174-1>		"wə̄dētanə"@mch	
"paper"@ca	<http://ids.clld.org/values/18-560-177-1>		<http://ids.clld.org/parameters/18-560>		<http://ids.clld.org/values/18-560-174-1>		"[hahēda]"@mch	
"dona"@ca	<http://ids.clld.org/values/2-220-177-1>		<http://ids.clld.org/parameters/2-220>		<http://ids.clld.org/values/2-220-174-1>		"wodi"@mch	
"estómac"@ca	<http://ids.clld.org/values/4-460-177-1>		<http://ids.clld.org/parameters/4-460>		<http://ids.clld.org/values/4-460-174-1>		"dudūnoi"@mch	
"nebot"@ca	<http://ids.clld.org/values/2-530-177-1>		<http://ids.clld.org/parameters/2-530>		<http://ids.clld.org/values/2-530-174-1>		"honɨ"@mch	
"nebot"@ca	<http://ids.clld.org/values/2-530-177-1>		<http://ids.clld.org/parameters/2-530>		<http://ids.clld.org/values/2-530-174-3>		"honɨ-kə"@mch	
"bo"@ca	<http://ids.clld.org/values/16-710-177-1>		<http://ids.clld.org/parameters/16-710>		<http://ids.clld.org/values/16-710-174-1>		"ašiča"@mch	
"darrere"@ca	<http://ids.clld.org/values/12-11-177-1>		<http://ids.clld.org/parameters/12-11>		<http://ids.clld.org/values/12-11-174-1>		"mənse"@mch	
"pesat"@ca	<http://ids.clld.org/values/15-810-177-1>		<http://ids.clld.org/parameters/15-810>		<http://ids.clld.org/values/15-810-174-1>		"tamənɲato"@mch	
"flor"@ca	<http://ids.clld.org/values/8-570-177-1>		<http://ids.clld.org/parameters/8-570>		<http://ids.clld.org/values/8-570-174-1>		"čə̄hɨdɨ"@mch	
"ocell"@ca	<http://ids.clld.org/values/3-581-177-1>		<http://ids.clld.org/parameters/3-581>		<http://ids.clld.org/values/3-581-174-1>		"hawi"@mch	
"camí"@ca	<http://ids.clld.org/values/10-720-177-1>		<http://ids.clld.org/parameters/10-720>		<http://ids.clld.org/values/10-720-174-1>		"ə̄ma"@mch	
"lleuger"@ca	<http://ids.clld.org/values/15-820-177-1>		<http://ids.clld.org/parameters/15-820>		<http://ids.clld.org/values/15-820-174-1>		"tawāhe"@mch	
"dividir"@ca	<http://ids.clld.org/values/12-232-177-1>		<http://ids.clld.org/parameters/12-232>		<http://ids.clld.org/values/12-232-174-1>		"yātohətɨdɨ"@mch	
"boca"@ca	<http://ids.clld.org/values/4-240-177-1>		<http://ids.clld.org/parameters/4-240>		<http://ids.clld.org/values/4-240-174-1>		"ənta"@mch	
"orella"@ca	<http://ids.clld.org/values/4-220-177-1>		<http://ids.clld.org/parameters/4-220>		<http://ids.clld.org/values/4-220-174-1>		"hāna"@mch	
"curar"@ca	<http://ids.clld.org/values/4-860-177-1>		<http://ids.clld.org/parameters/4-860>		<http://ids.clld.org/values/4-860-174-1>		"adonkadɨ"@mch	
"manioca"@ca	<http://ids.clld.org/values/8-920-177-3>		<http://ids.clld.org/parameters/8-920>		<http://ids.clld.org/values/8-920-174-1>		"kɨdēde"@mch	
"donar"@ca	<http://ids.clld.org/values/11-210-177-1>		<http://ids.clld.org/parameters/11-210>		<http://ids.clld.org/values/11-210-174-1>		"utūdu"@mch	
"com?"@ca	<http://ids.clld.org/values/17-610-177-1>		<http://ids.clld.org/parameters/17-610>		<http://ids.clld.org/values/17-610-174-1>		"ākene"@mch	
"inflamor"@ca	<http://ids.clld.org/values/4-853-177-1>		<http://ids.clld.org/parameters/4-853>		<http://ids.clld.org/values/4-853-174-1>		"awonɲəʔkādɨ"@mch	
"després"@ca	<http://ids.clld.org/values/12-10-177-1>		<http://ids.clld.org/parameters/12-10>		<http://ids.clld.org/values/12-10-174-1>		"yə̄ʔhəhe"@mch	
"adolescent"@ca	<http://ids.clld.org/values/2-261-177-3>		<http://ids.clld.org/parameters/2-261>		<http://ids.clld.org/values/2-261-174-1>		"mudēši"@mch	
"os"@ca	<http://ids.clld.org/values/4-160-177-1>		<http://ids.clld.org/parameters/4-160>		<http://ids.clld.org/values/4-160-174-1>		"yēʔhə"@mch	
"enfonsar"@ca	<http://ids.clld.org/values/10-330-177-1>		<http://ids.clld.org/parameters/10-330>		<http://ids.clld.org/values/10-330-174-1>		"yehuʔkwai"@mch	
"noia"@ca	<http://ids.clld.org/values/2-260-177-1>		<http://ids.clld.org/parameters/2-260>		<http://ids.clld.org/values/2-260-174-1>		"wodi-ʔčə"@mch	
"senyora gran"@ca	<http://ids.clld.org/values/2-471-177-3>		<http://ids.clld.org/parameters/2-471>		<http://ids.clld.org/values/2-471-174-1>		"noʔsamoʔkɨ"@mch	
"buscar"@ca	<http://ids.clld.org/values/11-310-177-1>		<http://ids.clld.org/parameters/11-310>		<http://ids.clld.org/values/11-310-174-1>		"uhīyɨ"@mch	
"cantar"@ca	<http://ids.clld.org/values/18-120-177-1>		<http://ids.clld.org/parameters/18-120>		<http://ids.clld.org/values/18-120-174-1>		"we[kantā]ʔɲənə"@mch	
"dolç"@ca	<http://ids.clld.org/values/15-350-177-1>		<http://ids.clld.org/parameters/15-350>		<http://ids.clld.org/values/15-350-174-1>		"kādo"@mch	
"prendre"@ca	<http://ids.clld.org/values/11-130-177-1>		<http://ids.clld.org/parameters/11-130>		<http://ids.clld.org/values/11-130-174-1>		"w-emhan-nə"@mch	
"no"@ca	<http://ids.clld.org/values/17-560-177-1>		<http://ids.clld.org/parameters/17-560>		<http://ids.clld.org/values/17-560-174-1>		"mmʔhm"@mch	
"corda"@ca	<http://ids.clld.org/values/9-190-177-1>		<http://ids.clld.org/parameters/9-190>		<http://ids.clld.org/values/9-190-174-1>		"āʔto"@mch	
"caure"@ca	<http://ids.clld.org/values/10-230-177-1>		<http://ids.clld.org/parameters/10-230>		<http://ids.clld.org/values/10-230-174-1>		"w-eduka-nə"@mch	
"gent"@ca	<http://ids.clld.org/values/19-210-177-1>		<http://ids.clld.org/parameters/19-210>		<http://ids.clld.org/values/19-210-174-1>		"weiʔčɨ"@mch	
"vora"@ca	<http://ids.clld.org/values/12-353-177-3>		<http://ids.clld.org/parameters/12-353>		<http://ids.clld.org/values/12-353-174-1>		"čəʔhiyu"@mch	
"panxell"@ca	<http://ids.clld.org/values/4-352-177-1>		<http://ids.clld.org/parameters/4-352>		<http://ids.clld.org/values/4-352-174-1>		"hōde"@mch	
"vendre"@ca	<http://ids.clld.org/values/11-820-177-1>		<http://ids.clld.org/parameters/11-820>		<http://ids.clld.org/values/11-820-174-1>		"ehema-hoi"@mch	
"cap"@ca	<http://ids.clld.org/values/4-200-177-1>		<http://ids.clld.org/parameters/4-200>		<http://ids.clld.org/values/4-200-174-1>		"hūʔhə"@mch	
"cistell"@ca	<http://ids.clld.org/values/9-760-177-3>		<http://ids.clld.org/parameters/9-760>		<http://ids.clld.org/values/9-760-174-1>		"wɨ̄wa"@mch	
"terra"@ca	<http://ids.clld.org/values/1-212-177-3>		<http://ids.clld.org/parameters/1-212>		<http://ids.clld.org/values/1-212-174-1>		"nono"@mch	
"baixar"@ca	<http://ids.clld.org/values/10-473-177-1>		<http://ids.clld.org/parameters/10-473>		<http://ids.clld.org/values/10-473-174-1>		"hɨ̄ʔwakādə"@mch	
"femella"@ca	<http://ids.clld.org/values/2-240-177-1>		<http://ids.clld.org/parameters/2-240>		<http://ids.clld.org/values/2-240-174-1>		"wodi"@mch	
"matar"@ca	<http://ids.clld.org/values/4-760-177-1>		<http://ids.clld.org/parameters/4-760>		<http://ids.clld.org/values/4-760-174-1>		"aminɲaʔkadɨ"@mch	
"ala"@ca	<http://ids.clld.org/values/4-392-177-1>		<http://ids.clld.org/parameters/4-392>		<http://ids.clld.org/values/4-392-174-1>		"ahəʔsai"@mch	
"selva"@ca	<http://ids.clld.org/values/1-410-177-1>		<http://ids.clld.org/parameters/1-410>		<http://ids.clld.org/values/1-410-174-1>		"čūta"@mch	
"fer"@ca	<http://ids.clld.org/values/9-110-177-1>		<http://ids.clld.org/parameters/9-110>		<http://ids.clld.org/values/9-110-174-1>		"tɨdɨ̄dɨ"@mch	
"nano"@ca	<http://ids.clld.org/values/2-250-177-3>		<http://ids.clld.org/parameters/2-250>		<http://ids.clld.org/values/2-250-174-1>		"mudekə̄kə"@mch	
"trobar"@ca	<http://ids.clld.org/values/11-320-177-1>		<http://ids.clld.org/parameters/11-320>		<http://ids.clld.org/values/11-320-174-1>		"edantə-dɨ"@mch	
"blau"@ca	<http://ids.clld.org/values/15-670-177-1>		<http://ids.clld.org/parameters/15-670>		<http://ids.clld.org/values/15-670-174-1>		"šēne"@mch	
"portar"@ca	<http://ids.clld.org/values/10-620-177-1>		<http://ids.clld.org/parameters/10-620>		<http://ids.clld.org/values/10-620-174-1>		"-enehɨ"@mch	
"adolescent"@ca	<http://ids.clld.org/values/2-251-177-3>		<http://ids.clld.org/parameters/2-251>		<http://ids.clld.org/values/2-251-174-1>		"mudēši"@mch	
"germà"@ca	<http://ids.clld.org/values/2-440-177-1>		<http://ids.clld.org/parameters/2-440>		<http://ids.clld.org/values/2-440-174-1>		"-nuwā-dɨ"@mch	
"greix"@ca	<http://ids.clld.org/values/5-791-177-3>		<http://ids.clld.org/parameters/5-791>		<http://ids.clld.org/values/5-791-174-1>		"kātɨ"@mch	
"roba"@ca	<http://ids.clld.org/values/6-120-177-1>		<http://ids.clld.org/parameters/6-120>		<http://ids.clld.org/values/6-120-174-1>		"womɨ"@mch	
"encendre"@ca	<http://ids.clld.org/values/1-860-177-1>		<http://ids.clld.org/parameters/1-860>		<http://ids.clld.org/values/1-860-174-1>		"-kemetə-"@mch	
"niu"@ca	<http://ids.clld.org/values/3-580-177-1>		<http://ids.clld.org/parameters/3-580>		<http://ids.clld.org/values/3-580-174-1>		"danɲami"@mch	
"alegre"@ca	<http://ids.clld.org/values/16-230-177-3>		<http://ids.clld.org/parameters/16-230>		<http://ids.clld.org/values/16-230-174-1>		"takwanɲe"@mch	
"dormir"@ca	<http://ids.clld.org/values/4-610-177-1>		<http://ids.clld.org/parameters/4-610>		<http://ids.clld.org/values/4-610-174-1>		"w-ɨnɨʔ-nə"@mch	
"gendre d'un home"@ca	<http://ids.clld.org/values/2-630-177-1>		<http://ids.clld.org/parameters/2-630>		<http://ids.clld.org/values/2-630-174-1>		"-hannɨ-dɨ"@mch	
"pulmó"@ca	<http://ids.clld.org/values/4-441-177-1>		<http://ids.clld.org/parameters/4-441>		<http://ids.clld.org/values/4-441-174-1>		"ʔtaway-dɨ"@mch	
"professor"@ca	<http://ids.clld.org/values/17-270-177-3>		<http://ids.clld.org/parameters/17-270>		<http://ids.clld.org/values/17-270-174-1>		"yowānomani"@mch	
"paret"@ca	<http://ids.clld.org/values/7-270-177-1>		<http://ids.clld.org/parameters/7-270>		<http://ids.clld.org/values/7-270-174-1>		"həʔhudu"@mch	
"sorra"@ca	<http://ids.clld.org/values/1-215-177-1>		<http://ids.clld.org/parameters/1-215>		<http://ids.clld.org/values/1-215-174-1>		"sāʔdaʔda"@mch	
"ou"@ca	<http://ids.clld.org/values/5-970-177-1>		<http://ids.clld.org/parameters/5-970>		<http://ids.clld.org/values/5-970-174-1>		"iʔmoi"@mch	
"estripar"@ca	<http://ids.clld.org/values/9-280-177-1>		<http://ids.clld.org/parameters/9-280>		<http://ids.clld.org/values/9-280-174-1>		"-iši-"@mch	
"llenya"@ca	<http://ids.clld.org/values/1-880-177-1>		<http://ids.clld.org/parameters/1-880>		<http://ids.clld.org/values/1-880-174-1>		"-keme-dɨ"@mch	
"braç"@ca	<http://ids.clld.org/values/4-310-177-1>		<http://ids.clld.org/parameters/4-310>		<http://ids.clld.org/values/4-310-174-1>		"aʔhə"@mch	
"ensenyar"@ca	<http://ids.clld.org/values/17-250-177-1>		<http://ids.clld.org/parameters/17-250>		<http://ids.clld.org/values/17-250-174-1>		"-owānoma-"@mch	
"dona vella"@ca	<http://ids.clld.org/values/2-471-177-1>		<http://ids.clld.org/parameters/2-471>		<http://ids.clld.org/values/2-471-174-1>		"noʔsamoʔkɨ"@mch	
"un"@ca	<http://ids.clld.org/values/13-10-177-1>		<http://ids.clld.org/parameters/13-10>		<http://ids.clld.org/values/13-10-174-1>		"tōni"@mch	
"a dalt"@ca	<http://ids.clld.org/values/12-80-177-1>		<http://ids.clld.org/parameters/12-80>		<http://ids.clld.org/values/12-80-174-1>		"kawə̄"@mch	
"cosina"@ca	<http://ids.clld.org/values/2-550-177-3>		<http://ids.clld.org/parameters/2-550>		<http://ids.clld.org/values/2-550-174-1>		"waiɲe"@mch	
"cosina"@ca	<http://ids.clld.org/values/2-550-177-3>		<http://ids.clld.org/parameters/2-550>		<http://ids.clld.org/values/2-550-174-3>		"yāʔko"@mch	
"pedra"@ca	<http://ids.clld.org/values/1-440-177-1>		<http://ids.clld.org/parameters/1-440>		<http://ids.clld.org/values/1-440-174-1>		"təʔhu"@mch	
"aranya"@ca	<http://ids.clld.org/values/3-818-177-1>		<http://ids.clld.org/parameters/3-818>		<http://ids.clld.org/values/3-818-174-1>		"modoy"@mch	
"amic"@ca	<http://ids.clld.org/values/19-510-177-1>		<http://ids.clld.org/parameters/19-510>		<http://ids.clld.org/values/19-510-174-1>		"weičakōno"@mch	
"vosaltres"@ca	<http://ids.clld.org/values/2-950-177-1>		<http://ids.clld.org/parameters/2-950>		<http://ids.clld.org/values/2-950-174-1>		"ənwanno"@mch	
"plorar"@ca	<http://ids.clld.org/values/16-370-177-1>		<http://ids.clld.org/parameters/16-370>		<http://ids.clld.org/values/16-370-174-1>		"w-amo-nə"@mch	
"canya de sucre"@ca	<http://ids.clld.org/values/8-941-177-1>		<http://ids.clld.org/parameters/8-941>		<http://ids.clld.org/values/8-941-174-1>		"əšīčādɨ"@mch	
"fons"@ca	<http://ids.clld.org/values/12-340-177-1>		<http://ids.clld.org/parameters/12-340>		<http://ids.clld.org/values/12-340-174-1>		"nwaʔkəi"@mch	
"cremar"@ca	<http://ids.clld.org/values/1-851-177-1>		<http://ids.clld.org/parameters/1-851>		<http://ids.clld.org/values/1-851-174-1>		"ukā-dɨ"@mch	
"papallona"@ca	<http://ids.clld.org/values/3-920-177-1>		<http://ids.clld.org/parameters/3-920>		<http://ids.clld.org/values/3-920-174-1>		"matūtu"@mch	
"genoll"@ca	<http://ids.clld.org/values/4-360-177-1>		<http://ids.clld.org/parameters/4-360>		<http://ids.clld.org/values/4-360-174-1>		"ə̄ʔmu"@mch	
"cova"@ca	<http://ids.clld.org/values/1-280-177-1>		<http://ids.clld.org/parameters/1-280>		<http://ids.clld.org/values/1-280-174-1>		"ewɨ̄tɨ"@mch	
"curt"@ca	<http://ids.clld.org/values/12-590-177-1>		<http://ids.clld.org/parameters/12-590>		<http://ids.clld.org/values/12-590-174-1>		"tawedato"@mch	
"pena"@ca	<http://ids.clld.org/values/16-320-177-5>		<http://ids.clld.org/parameters/16-320>		<http://ids.clld.org/values/16-320-174-1>		"wentumhe"@mch	
"cuinar"@ca	<http://ids.clld.org/values/5-210-177-1>		<http://ids.clld.org/parameters/5-210>		<http://ids.clld.org/values/5-210-174-1>		"-aʔnə"@mch	
"pujar"@ca	<http://ids.clld.org/values/10-210-177-1>		<http://ids.clld.org/parameters/10-210>		<http://ids.clld.org/values/10-210-174-1>		"w-ənuʔnə"@mch	
"collaret"@ca	<http://ids.clld.org/values/6-750-177-1>		<http://ids.clld.org/parameters/6-750>		<http://ids.clld.org/values/6-750-174-1>		"wōʔmo"@mch	
"menjar"@ca	<http://ids.clld.org/values/5-120-177-1>		<http://ids.clld.org/parameters/5-120>		<http://ids.clld.org/values/5-120-174-1>		"mudūkuku"@mch	
"habitació"@ca	<http://ids.clld.org/values/7-210-177-1>		<http://ids.clld.org/parameters/7-210>		<http://ids.clld.org/values/7-210-174-1>		"əʔsa"@mch	
"viure"@ca	<http://ids.clld.org/values/4-740-177-1>		<http://ids.clld.org/parameters/4-740>		<http://ids.clld.org/values/4-740-174-1>		"wenɲə"@mch	
"separar"@ca	<http://ids.clld.org/values/12-230-177-1>		<http://ids.clld.org/parameters/12-230>		<http://ids.clld.org/values/12-230-174-1>		"šādamadɨ̄he"@mch	
"fosc"@ca	<http://ids.clld.org/values/15-630-177-1>		<http://ids.clld.org/parameters/15-630>		<http://ids.clld.org/values/15-630-174-1>		"tɨhe"@mch	
"atrapar"@ca	<http://ids.clld.org/values/11-140-177-3>		<http://ids.clld.org/parameters/11-140>		<http://ids.clld.org/values/11-140-174-1>		"-ahəi-"@mch	
"gat"@ca	<http://ids.clld.org/values/3-620-177-1>		<http://ids.clld.org/parameters/3-620>		<http://ids.clld.org/values/3-620-174-1>		"[mēši]"@mch	
"vomitar"@ca	<http://ids.clld.org/values/4-570-177-1>		<http://ids.clld.org/parameters/4-570>		<http://ids.clld.org/values/4-570-174-1>		"wenaʔtahəʔeʔnə"@mch	
"xarxa"@ca	<http://ids.clld.org/values/20-540-177-1>		<http://ids.clld.org/parameters/20-540>		<http://ids.clld.org/values/20-540-174-1>		"anətə"@mch	
"gruix"@ca	<http://ids.clld.org/values/12-630-177-1>		<http://ids.clld.org/parameters/12-630>		<http://ids.clld.org/values/12-630-174-1>		"hūšīhe"@mch	
"tauló"@ca	<http://ids.clld.org/values/7-570-177-3>		<http://ids.clld.org/parameters/7-570>		<http://ids.clld.org/values/7-570-174-1>		"[tadwa]"@mch	
"front"@ca	<http://ids.clld.org/values/4-205-177-1>		<http://ids.clld.org/parameters/4-205>		<http://ids.clld.org/values/4-205-174-1>		"heʔkay"@mch	
"falcó"@ca	<http://ids.clld.org/values/3-585-177-1>		<http://ids.clld.org/parameters/3-585>		<http://ids.clld.org/values/3-585-174-1>		"hiyāna"@mch	
"posar"@ca	<http://ids.clld.org/values/12-120-177-1>		<http://ids.clld.org/parameters/12-120>		<http://ids.clld.org/values/12-120-174-1>		"enɨ̄ta"@mch	
"posar"@ca	<http://ids.clld.org/values/12-120-177-1>		<http://ids.clld.org/parameters/12-120>		<http://ids.clld.org/values/12-120-174-3>		"-ehuʔta-"@mch	
"barba"@ca	<http://ids.clld.org/values/4-142-177-1>		<http://ids.clld.org/parameters/4-142>		<http://ids.clld.org/values/4-142-174-1>		"ettəmuho"@mch	
"fugir"@ca	<http://ids.clld.org/values/10-510-177-1>		<http://ids.clld.org/parameters/10-510>		<http://ids.clld.org/values/10-510-174-1>		"w-ə̄nehē-nə"@mch	
"lluna"@ca	<http://ids.clld.org/values/1-530-177-1>		<http://ids.clld.org/parameters/1-530>		<http://ids.clld.org/values/1-530-174-1>		"nūnə"@mch	
"estrella"@ca	<http://ids.clld.org/values/1-540-177-1>		<http://ids.clld.org/parameters/1-540>		<http://ids.clld.org/values/1-540-174-1>		"šidīčə"@mch	
"gos"@ca	<http://ids.clld.org/values/3-610-177-1>		<http://ids.clld.org/parameters/3-610>		<http://ids.clld.org/values/3-610-174-1>		"sɨ̄ʔna"@mch	
"fill"@ca	<http://ids.clld.org/values/2-430-177-1>		<http://ids.clld.org/parameters/2-430>		<http://ids.clld.org/values/2-430-174-1>		"nnedɨ"@mch	
"teixir"@ca	<http://ids.clld.org/values/6-330-177-1>		<http://ids.clld.org/parameters/6-330>		<http://ids.clld.org/values/6-330-174-1>		"tɨʔkaʔhɨdɨ"@mch	
"a prop"@ca	<http://ids.clld.org/values/12-430-177-1>		<http://ids.clld.org/parameters/12-430>		<http://ids.clld.org/values/12-430-174-1>		"amoinče-ʔda"@mch	
"peix"@ca	<http://ids.clld.org/values/3-650-177-1>		<http://ids.clld.org/parameters/3-650>		<http://ids.clld.org/values/3-650-174-1>		"nākukwāno"@mch	
"sec"@ca	<http://ids.clld.org/values/15-840-177-1>		<http://ids.clld.org/parameters/15-840>		<http://ids.clld.org/values/15-840-174-1>		"ssedēhe"@mch	
"calent"@ca	<http://ids.clld.org/values/15-850-177-1>		<http://ids.clld.org/parameters/15-850>		<http://ids.clld.org/values/15-850-174-1>		"taʔne"@mch	
"dent"@ca	<http://ids.clld.org/values/4-270-177-1>		<http://ids.clld.org/parameters/4-270>		<http://ids.clld.org/values/4-270-174-1>		"dedɨ"@mch	
"rebatre"@ca	<http://ids.clld.org/values/9-221-177-3>		<http://ids.clld.org/parameters/9-221>		<http://ids.clld.org/values/9-221-174-1>		"čūhiya-dɨ"@mch	
"rebatre"@ca	<http://ids.clld.org/values/9-221-177-3>		<http://ids.clld.org/parameters/9-221>		<http://ids.clld.org/values/9-221-174-3>		"yaʔka-dɨ"@mch	
"ós"@ca	<http://ids.clld.org/values/3-730-177-1>		<http://ids.clld.org/parameters/3-730>		<http://ids.clld.org/values/3-730-174-1>		"hədēmu"@mch	
"mur"@ca	<http://ids.clld.org/values/7-270-177-3>		<http://ids.clld.org/parameters/7-270>		<http://ids.clld.org/values/7-270-174-1>		"həʔhudu"@mch	
"fletxa"@ca	<http://ids.clld.org/values/20-250-177-1>		<http://ids.clld.org/parameters/20-250>		<http://ids.clld.org/values/20-250-174-1>		"šimāda"@mch	
"cabell"@ca	<http://ids.clld.org/values/4-140-177-1>		<http://ids.clld.org/parameters/4-140>		<http://ids.clld.org/values/4-140-174-1>		"hū"@mch	
"munt"@ca	<http://ids.clld.org/values/12-330-177-1>		<http://ids.clld.org/parameters/12-330>		<http://ids.clld.org/values/12-330-174-1>		"akoiʔčaʔhɨdɨ"@mch	
"arpó"@ca	<http://ids.clld.org/values/20-260-177-3>		<http://ids.clld.org/parameters/20-260>		<http://ids.clld.org/values/20-260-174-1>		"sukuhi"@mch	
"esperit"@ca	<http://ids.clld.org/values/16-110-177-3>		<http://ids.clld.org/parameters/16-110>		<http://ids.clld.org/values/16-110-174-1>		"dōʔta"@mch	
"àvia"@ca	<http://ids.clld.org/values/2-470-177-1>		<http://ids.clld.org/parameters/2-470>		<http://ids.clld.org/values/2-470-174-1>		"-tamū-du"@mch	
"començar"@ca	<http://ids.clld.org/values/14-250-177-1>		<http://ids.clld.org/parameters/14-250>		<http://ids.clld.org/values/14-250-174-1>		"ahəntədɨ"@mch	
"dia"@ca	<http://ids.clld.org/values/14-410-177-1>		<http://ids.clld.org/parameters/14-410>		<http://ids.clld.org/values/14-410-174-1>		"anə̄to"@mch	
"sal"@ca	<http://ids.clld.org/values/5-810-177-1>		<http://ids.clld.org/parameters/5-810>		<http://ids.clld.org/values/5-810-174-1>		"[sayu]"@mch	
"sortir"@ca	<http://ids.clld.org/values/10-474-177-1>		<http://ids.clld.org/parameters/10-474>		<http://ids.clld.org/values/10-474-174-1>		"w-ehaʔka-nə"@mch	
"colom"@ca	<http://ids.clld.org/values/3-594-177-1>		<http://ids.clld.org/parameters/3-594>		<http://ids.clld.org/values/3-594-174-1>		"hadūma"@mch	
"dotze"@ca	<http://ids.clld.org/values/13-102-177-1>		<http://ids.clld.org/parameters/13-102>		<http://ids.clld.org/values/13-102-174-1>		"amohadəʔto dēwə āʔkə"@mch	
"gallina"@ca	<http://ids.clld.org/values/3-540-177-1>		<http://ids.clld.org/parameters/3-540>		<http://ids.clld.org/values/3-540-174-1>		"kudaymādu"@mch	
"gra (de rosari/ de collaret)"@ca	<http://ids.clld.org/values/6-760-177-1>		<http://ids.clld.org/parameters/6-760>		<http://ids.clld.org/values/6-760-174-1>		"mayūdu"@mch	
"ratolí"@ca	<http://ids.clld.org/values/3-630-177-1>		<http://ids.clld.org/parameters/3-630>		<http://ids.clld.org/values/3-630-174-1>		"asɨ̄kɨ"@mch	
"granota"@ca	<http://ids.clld.org/values/3-950-177-1>		<http://ids.clld.org/parameters/3-950>		<http://ids.clld.org/values/3-950-174-1>		"kɨʔto"@mch	
"ésser humà"@ca	<http://ids.clld.org/values/2-100-177-3>		<http://ids.clld.org/parameters/2-100>		<http://ids.clld.org/values/2-100-174-1>		"ssoto"@mch	
"fill"@ca	<http://ids.clld.org/values/2-410-177-1>		<http://ids.clld.org/parameters/2-410>		<http://ids.clld.org/values/2-410-174-1>		"nnedɨ"@mch	
"llagosta"@ca	<http://ids.clld.org/values/3-930-177-1>		<http://ids.clld.org/parameters/3-930>		<http://ids.clld.org/values/3-930-174-1>		"kɨdatay"@mch	
"foc"@ca	<http://ids.clld.org/values/1-810-177-1>		<http://ids.clld.org/parameters/1-810>		<http://ids.clld.org/values/1-810-174-1>		"wāʔto"@mch	
"vint"@ca	<http://ids.clld.org/values/13-104-177-1>		<http://ids.clld.org/parameters/13-104>		<http://ids.clld.org/values/13-104-174-1>		"tōni ssoto"@mch	
"roca"@ca	<http://ids.clld.org/values/1-440-177-3>		<http://ids.clld.org/parameters/1-440>		<http://ids.clld.org/values/1-440-174-1>		"təʔhu"@mch	
"nou"@ca	<http://ids.clld.org/values/13-90-177-1>		<http://ids.clld.org/parameters/13-90>		<http://ids.clld.org/values/13-90-174-1>		"āʔkəi čea amohaʔto"@mch	
"ull"@ca	<http://ids.clld.org/values/4-210-177-1>		<http://ids.clld.org/parameters/4-210>		<http://ids.clld.org/values/4-210-174-1>		"ənu"@mch	
"sang"@ca	<http://ids.clld.org/values/4-150-177-1>		<http://ids.clld.org/parameters/4-150>		<http://ids.clld.org/values/4-150-174-1>		"munu"@mch	
"guineu"@ca	<http://ids.clld.org/values/3-740-177-1>		<http://ids.clld.org/parameters/3-740>		<http://ids.clld.org/values/3-740-174-1>		"awadudi"@mch	
"vent"@ca	<http://ids.clld.org/values/1-720-177-1>		<http://ids.clld.org/parameters/1-720>		<http://ids.clld.org/values/1-720-174-1>		"hehēnčə"@mch	
"agafar"@ca	<http://ids.clld.org/values/11-140-177-1>		<http://ids.clld.org/parameters/11-140>		<http://ids.clld.org/values/11-140-174-1>		"-ahəi-"@mch	
"vida"@ca	<http://ids.clld.org/values/4-740-177-3>		<http://ids.clld.org/parameters/4-740>		<http://ids.clld.org/values/4-740-174-1>		"wenɲə"@mch	
"platós"@ca	<http://ids.clld.org/values/10-851-177-3>		<http://ids.clld.org/parameters/10-851>		<http://ids.clld.org/values/10-851-174-1>		"hēna"@mch	
"abella"@ca	<http://ids.clld.org/values/3-820-177-1>		<http://ids.clld.org/parameters/3-820>		<http://ids.clld.org/values/3-820-174-1>		"wannə"@mch	
"disparar"@ca	<http://ids.clld.org/values/20-620-177-1>		<http://ids.clld.org/parameters/20-620>		<http://ids.clld.org/values/20-620-174-1>		"t-ɨwə̄-dɨ"@mch	
"dimoni"@ca	<http://ids.clld.org/values/22-350-177-1>		<http://ids.clld.org/parameters/22-350>		<http://ids.clld.org/values/22-350-174-1>		"kahūšawa"@mch	
"cinc"@ca	<http://ids.clld.org/values/13-50-177-1>		<http://ids.clld.org/parameters/13-50>		<http://ids.clld.org/values/13-50-174-1>		"hyātodea"@mch	
"filla"@ca	<http://ids.clld.org/values/2-420-177-1>		<http://ids.clld.org/parameters/2-420>		<http://ids.clld.org/values/2-420-174-1>		"nnedɨ"@mch	
"sol"@ca	<http://ids.clld.org/values/1-520-177-1>		<http://ids.clld.org/parameters/1-520>		<http://ids.clld.org/values/1-520-174-1>		"šī"@mch	
"somiar"@ca	<http://ids.clld.org/values/4-620-177-1>		<http://ids.clld.org/parameters/4-620>		<http://ids.clld.org/values/4-620-174-1>		"wənētɨnə"@mch	
"carn"@ca	<http://ids.clld.org/values/4-130-177-1>		<http://ids.clld.org/parameters/4-130>		<http://ids.clld.org/values/4-130-174-1>		"hyunu"@mch	
"gros"@ca	<http://ids.clld.org/values/12-550-177-1>		<http://ids.clld.org/parameters/12-550>		<http://ids.clld.org/values/12-550-174-1>		"nuwe"@mch	
"trampa"@ca	<http://ids.clld.org/values/20-640-177-1>		<http://ids.clld.org/parameters/20-640>		<http://ids.clld.org/values/20-640-174-1>		"hāno"@mch	
"esmussat"@ca	<http://ids.clld.org/values/15-790-177-1>		<http://ids.clld.org/parameters/15-790>		<http://ids.clld.org/values/15-790-174-1>		"tuhuʔhūdato"@mch	
"casa"@ca	<http://ids.clld.org/values/7-120-177-1>		<http://ids.clld.org/parameters/7-120>		<http://ids.clld.org/values/7-120-174-1>		"mmā"@mch	
"penjar"@ca	<http://ids.clld.org/values/9-341-177-1>		<http://ids.clld.org/parameters/9-341>		<http://ids.clld.org/values/9-341-174-1>		"-ewaʔtə-dɨ"@mch	
"centre"@ca	<http://ids.clld.org/values/12-370-177-3>		<http://ids.clld.org/parameters/12-370>		<http://ids.clld.org/values/12-370-174-1>		"annai"@mch	
"turó"@ca	<http://ids.clld.org/values/1-220-177-5>		<http://ids.clld.org/parameters/1-220>		<http://ids.clld.org/values/1-220-174-1>		"hɨ̄"@mch	
"tu"@ca	<http://ids.clld.org/values/2-920-177-1>		<http://ids.clld.org/parameters/2-920>		<http://ids.clld.org/values/2-920-174-1>		"əmədə"@mch	
"opòssum"@ca	<http://ids.clld.org/values/3-622-177-1>		<http://ids.clld.org/parameters/3-622>		<http://ids.clld.org/values/3-622-174-1>		"dawāde"@mch	
"pagar"@ca	<http://ids.clld.org/values/11-650-177-1>		<http://ids.clld.org/parameters/11-650>		<http://ids.clld.org/values/11-650-174-1>		"ehēma-dɨ"@mch	
"arribar"@ca	<http://ids.clld.org/values/10-550-177-1>		<http://ids.clld.org/parameters/10-550>		<http://ids.clld.org/values/10-550-174-1>		"w-əʔdɨ-nə"@mch	
"prim"@ca	<http://ids.clld.org/values/12-650-177-1>		<http://ids.clld.org/parameters/12-650>		<http://ids.clld.org/values/12-650-174-1>		"sāʔtahe"@mch	
"finalitzar"@ca	<http://ids.clld.org/values/14-270-177-1>		<http://ids.clld.org/parameters/14-270>		<http://ids.clld.org/values/14-270-174-1>		"w-əʔka-nə"@mch	
"blat de moro"@ca	<http://ids.clld.org/values/8-470-177-1>		<http://ids.clld.org/parameters/8-470>		<http://ids.clld.org/values/8-470-174-1>		"ənɲa"@mch	
"mestre"@ca	<http://ids.clld.org/values/17-270-177-1>		<http://ids.clld.org/parameters/17-270>		<http://ids.clld.org/values/17-270-174-1>		"yowānomani"@mch	
"ampli"@ca	<http://ids.clld.org/values/12-610-177-3>		<http://ids.clld.org/parameters/12-610>		<http://ids.clld.org/values/12-610-174-1>		"taʔhuhūne"@mch	
"òrfena"@ca	<http://ids.clld.org/values/2-750-177-3>		<http://ids.clld.org/parameters/2-750>		<http://ids.clld.org/values/2-750-174-1>		"tunkemhɨnɨ"@mch	
"venir"@ca	<http://ids.clld.org/values/10-480-177-1>		<http://ids.clld.org/parameters/10-480>		<http://ids.clld.org/values/10-480-174-1>		"w-eʔ-nə"@mch	
"teixir"@ca	<http://ids.clld.org/values/9-750-177-1>		<http://ids.clld.org/parameters/9-750>		<http://ids.clld.org/values/9-750-174-1>		"aʔtoʔtotoʔho"@mch	
"perseguir"@ca	<http://ids.clld.org/values/10-530-177-1>		<http://ids.clld.org/parameters/10-530>		<http://ids.clld.org/values/10-530-174-1>		"-aheʔka-dɨ"@mch	
"grana"@ca	<http://ids.clld.org/values/8-311-177-1>		<http://ids.clld.org/parameters/8-311>		<http://ids.clld.org/values/8-311-174-1>		"čə̄huʔhə"@mch	
"demanar"@ca	<http://ids.clld.org/values/18-350-177-1>		<http://ids.clld.org/parameters/18-350>		<http://ids.clld.org/values/18-350-174-1>		"eʔkatə-dɨ"@mch	
"trencar"@ca	<http://ids.clld.org/values/9-260-177-1>		<http://ids.clld.org/parameters/9-260>		<http://ids.clld.org/values/9-260-174-1>		"-išiča-dɨ"@mch	
"córrer"@ca	<http://ids.clld.org/values/10-460-177-1>		<http://ids.clld.org/parameters/10-460>		<http://ids.clld.org/values/10-460-174-1>		"w-ekaʔtɨn-nə"@mch	
"pintura"@ca	<http://ids.clld.org/values/9-880-177-1>		<http://ids.clld.org/parameters/9-880>		<http://ids.clld.org/values/9-880-174-1>		"wānai"@mch	
"onze"@ca	<http://ids.clld.org/values/13-101-177-1>		<http://ids.clld.org/parameters/13-101>		<http://ids.clld.org/values/13-101-174-1>		"amohadəʔto dēwə tōni"@mch	
"salt d'aigua"@ca	<http://ids.clld.org/values/1-390-177-1>		<http://ids.clld.org/parameters/1-390>		<http://ids.clld.org/values/1-390-174-1>		"yedukadɨ"@mch	
"primer"@ca	<http://ids.clld.org/values/13-340-177-1>		<http://ids.clld.org/parameters/13-340>		<http://ids.clld.org/values/13-340-174-1>		"awaʔde"@mch	
"pollastre"@ca	<http://ids.clld.org/values/3-550-177-1>		<http://ids.clld.org/parameters/3-550>		<http://ids.clld.org/values/3-550-174-1>		"wamēdi"@mch	
"coix"@ca	<http://ids.clld.org/values/4-940-177-1>		<http://ids.clld.org/parameters/4-940>		<http://ids.clld.org/values/4-940-174-1>		"sekumhe"@mch	
"piragua"@ca	<http://ids.clld.org/values/10-831-177-3>		<http://ids.clld.org/parameters/10-831>		<http://ids.clld.org/values/10-831-174-1>		"[kanowa]"@mch	
"vell"@ca	<http://ids.clld.org/values/14-150-177-1>		<http://ids.clld.org/parameters/14-150>		<http://ids.clld.org/values/14-150-174-1>		"henaʔdohə"@mch	
"verd"@ca	<http://ids.clld.org/values/5-124-177-1>		<http://ids.clld.org/parameters/5-124>		<http://ids.clld.org/values/5-124-174-1>		"šēne"@mch	
"llengua"@ca	<http://ids.clld.org/values/4-260-177-1>		<http://ids.clld.org/parameters/4-260>		<http://ids.clld.org/values/4-260-174-1>		"ɲūdu"@mch	
"cosir"@ca	<http://ids.clld.org/values/6-350-177-1>		<http://ids.clld.org/parameters/6-350>		<http://ids.clld.org/values/6-350-174-1>		"šōka-dɨ"@mch	
"preguntar"@ca	<http://ids.clld.org/values/18-310-177-1>		<http://ids.clld.org/parameters/18-310>		<http://ids.clld.org/values/18-310-174-1>		"-ekammaho-"@mch	
"dos"@ca	<http://ids.clld.org/values/13-20-177-1>		<http://ids.clld.org/parameters/13-20>		<http://ids.clld.org/values/13-20-174-1>		"āʔkə"@mch	
"salut"@ca	<http://ids.clld.org/values/4-830-177-3>		<http://ids.clld.org/parameters/4-830>		<http://ids.clld.org/values/4-830-174-1>		"tadəinɲe"@mch	
"resplandor"@ca	<http://ids.clld.org/values/15-570-177-3>		<http://ids.clld.org/parameters/15-570>		<http://ids.clld.org/values/15-570-174-1>		"taʔwane"@mch	
"làmpara"@ca	<http://ids.clld.org/values/7-450-177-1>		<http://ids.clld.org/parameters/7-450>		<http://ids.clld.org/values/7-450-174-1>		"adāwa"@mch	
"escombrar"@ca	<http://ids.clld.org/values/9-370-177-1>		<http://ids.clld.org/parameters/9-370>		<http://ids.clld.org/values/9-370-174-1>		"šēmeka-dɨ"@mch	
"afilat"@ca	<http://ids.clld.org/values/15-780-177-1>		<http://ids.clld.org/parameters/15-780>		<http://ids.clld.org/values/15-780-174-1>		"ākə̄tədɨ"@mch	
"cent"@ca	<http://ids.clld.org/values/13-105-177-1>		<http://ids.clld.org/parameters/13-105>		<http://ids.clld.org/values/13-105-174-1>		"hyātodea ssoto"@mch	
"nascut"@ca	<http://ids.clld.org/values/4-720-177-3>		<http://ids.clld.org/parameters/4-720>		<http://ids.clld.org/values/4-720-174-1>		"w-ennu-nə"@mch	
"rodó"@ca	<http://ids.clld.org/values/12-810-177-1>		<http://ids.clld.org/parameters/12-810>		<http://ids.clld.org/values/12-810-174-1>		"kokkoduhaʔto"@mch	
"cadira"@ca	<http://ids.clld.org/values/7-430-177-1>		<http://ids.clld.org/parameters/7-430>		<http://ids.clld.org/values/7-430-174-1>		"āʔtəy"@mch	
"lligar"@ca	<http://ids.clld.org/values/9-160-177-1>		<http://ids.clld.org/parameters/9-160>		<http://ids.clld.org/values/9-160-174-1>		"imɨdɨ"@mch	
"canviar"@ca	<http://ids.clld.org/values/12-930-177-1>		<http://ids.clld.org/parameters/12-930>		<http://ids.clld.org/values/12-930-174-1>		"w-ekamhiaka-nə"@mch	
"empènyer"@ca	<http://ids.clld.org/values/10-670-177-1>		<http://ids.clld.org/parameters/10-670>		<http://ids.clld.org/values/10-670-174-1>		"-adima-dɨ"@mch	
"germana gran"@ca	<http://ids.clld.org/values/2-454-177-1>		<http://ids.clld.org/parameters/2-454>		<http://ids.clld.org/values/2-454-174-1>		"yāya"@mch	
"voltor"@ca	<http://ids.clld.org/values/3-586-177-1>		<http://ids.clld.org/parameters/3-586>		<http://ids.clld.org/values/3-586-174-1>		"kudūmu"@mch	
