"cama"@ca	<http://ids.clld.org/values/4-350-177-1>		<http://ids.clld.org/parameters/4-350>		<http://ids.clld.org/values/4-350-280-1>		"'wiko"@pcp	
"mà"@ca	<http://ids.clld.org/values/4-330-177-1>		<http://ids.clld.org/parameters/4-330>		<http://ids.clld.org/values/4-330-280-1>		"mɨ'kɨna"@pcp	
"ensenyar"@ca	<http://ids.clld.org/values/15-550-177-1>		<http://ids.clld.org/parameters/15-550>		<http://ids.clld.org/values/15-550-280-1>		"hi-'maki"@pcp	
"muller"@ca	<http://ids.clld.org/values/2-320-177-1>		<http://ids.clld.org/parameters/2-320>		<http://ids.clld.org/values/2-320-280-1>		"ʔa'wini"@pcp	
"núvol"@ca	<http://ids.clld.org/values/1-730-177-1>		<http://ids.clld.org/parameters/1-730>		<http://ids.clld.org/values/1-730-280-1>		"'c̷ɨmo"@pcp	
"ell/ ella/ allò"@ca	<http://ids.clld.org/values/2-930-177-1>		<http://ids.clld.org/parameters/2-930>		<http://ids.clld.org/values/2-930-280-1>		"'haa"@pcp	
"cotó"@ca	<http://ids.clld.org/values/6-240-177-1>		<http://ids.clld.org/parameters/6-240>		<http://ids.clld.org/values/6-240-280-1>		"waṣ̌'mɨna"@pcp	
"petit"@ca	<http://ids.clld.org/values/12-560-177-1>		<http://ids.clld.org/parameters/12-560>		<http://ids.clld.org/values/12-560-280-1>		"'mišni"@pcp	
"tortuga"@ca	<http://ids.clld.org/values/3-980-177-1>		<http://ids.clld.org/parameters/3-980>		<http://ids.clld.org/values/3-980-280-1>		"'ṣ̌awɨ"@pcp	
"rantell"@ca	<http://ids.clld.org/values/3-831-177-7>		<http://ids.clld.org/parameters/3-831>		<http://ids.clld.org/values/3-831-280-1>		"'šio"@pcp	
"rantell"@ca	<http://ids.clld.org/values/3-831-177-7>		<http://ids.clld.org/parameters/3-831>		<http://ids.clld.org/values/3-831-280-3>		"'čio"@pcp	
"lloro"@ca	<http://ids.clld.org/values/3-592-177-1>		<http://ids.clld.org/parameters/3-592>		<http://ids.clld.org/values/3-592-280-1>		"'wawa"@pcp	
"cuïc"@ca	<http://ids.clld.org/values/3-831-177-3>		<http://ids.clld.org/parameters/3-831>		<http://ids.clld.org/values/3-831-280-1>		"'šio"@pcp	
"cuïc"@ca	<http://ids.clld.org/values/3-831-177-3>		<http://ids.clld.org/parameters/3-831>		<http://ids.clld.org/values/3-831-280-3>		"'čio"@pcp	
"esmolat"@ca	<http://ids.clld.org/values/15-780-177-3>		<http://ids.clld.org/parameters/15-780>		<http://ids.clld.org/values/15-780-280-1>		"'ɨika"@pcp	
"pluja"@ca	<http://ids.clld.org/values/1-750-177-1>		<http://ids.clld.org/parameters/1-750>		<http://ids.clld.org/values/1-750-280-3>		"ʔo'i"@pcp	
"pluja"@ca	<http://ids.clld.org/values/1-750-177-1>		<http://ids.clld.org/parameters/1-750>		<http://ids.clld.org/values/1-750-280-1>		"o'i"@pcp	
"insecte"@ca	<http://ids.clld.org/values/3-810-177-1>		<http://ids.clld.org/parameters/3-810>		<http://ids.clld.org/values/3-810-280-1>		"wɨ'oso"@pcp	
"fum"@ca	<http://ids.clld.org/values/1-830-177-1>		<http://ids.clld.org/parameters/1-830>		<http://ids.clld.org/values/1-830-280-1>		"ko'ʔina"@pcp	
"terra"@ca	<http://ids.clld.org/values/1-210-177-1>		<http://ids.clld.org/parameters/1-210>		<http://ids.clld.org/values/1-210-280-1>		"'mai"@pcp	
"bebè"@ca	<http://ids.clld.org/values/2-280-177-3>		<http://ids.clld.org/parameters/2-280>		<http://ids.clld.org/values/2-280-280-1>		"'wakɨ 'pistia"@pcp	
"espòs"@ca	<http://ids.clld.org/values/2-310-177-3>		<http://ids.clld.org/parameters/2-310>		<http://ids.clld.org/values/2-310-280-1>		"'wɨnɨ"@pcp	
"corrent"@ca	<http://ids.clld.org/values/1-360-177-3>		<http://ids.clld.org/parameters/1-360>		<http://ids.clld.org/values/1-360-280-1>		"'ʔani"@pcp	
"corrent"@ca	<http://ids.clld.org/values/1-360-177-3>		<http://ids.clld.org/parameters/1-360>		<http://ids.clld.org/values/1-360-280-3>		"'pao"@pcp	
"marfull"@ca	<http://ids.clld.org/values/3-831-177-5>		<http://ids.clld.org/parameters/3-831>		<http://ids.clld.org/values/3-831-280-1>		"'šio"@pcp	
"marfull"@ca	<http://ids.clld.org/values/3-831-177-5>		<http://ids.clld.org/parameters/3-831>		<http://ids.clld.org/values/3-831-280-3>		"'čio"@pcp	
"tapioca"@ca	<http://ids.clld.org/values/8-920-177-1>		<http://ids.clld.org/parameters/8-920>		<http://ids.clld.org/values/8-920-280-1>		"'ac̷a"@pcp	
"lluny"@ca	<http://ids.clld.org/values/12-440-177-1>		<http://ids.clld.org/parameters/12-440>		<http://ids.clld.org/values/12-440-280-1>		"nɨ'ama"@pcp	
"cel"@ca	<http://ids.clld.org/values/1-510-177-1>		<http://ids.clld.org/parameters/1-510>		<http://ids.clld.org/values/1-510-280-1>		"na'ipa"@pcp	
"aigua"@ca	<http://ids.clld.org/values/1-310-177-1>		<http://ids.clld.org/parameters/1-310>		<http://ids.clld.org/values/1-310-280-1>		"'hɨnɨ"@pcp	
"veure"@ca	<http://ids.clld.org/values/15-510-177-1>		<http://ids.clld.org/parameters/15-510>		<http://ids.clld.org/values/15-510-280-1>		"his'pa"@pcp	
"veure"@ca	<http://ids.clld.org/values/15-510-177-1>		<http://ids.clld.org/parameters/15-510>		<http://ids.clld.org/values/15-510-280-3>		"'hisna"@pcp	
"rentar"@ca	<http://ids.clld.org/values/9-360-177-1>		<http://ids.clld.org/parameters/9-360>		<http://ids.clld.org/values/9-360-280-1>		"'aši"@pcp	
"fulla"@ca	<http://ids.clld.org/values/8-560-177-1>		<http://ids.clld.org/parameters/8-560>		<http://ids.clld.org/values/8-560-280-1>		"'pɨʔi"@pcp	
"camp"@ca	<http://ids.clld.org/values/8-120-177-1>		<http://ids.clld.org/parameters/8-120>		<http://ids.clld.org/values/8-120-280-1>		"'wai"@pcp	
"arbre"@ca	<http://ids.clld.org/values/1-420-177-1>		<http://ids.clld.org/parameters/1-420>		<http://ids.clld.org/values/1-420-280-1>		"'hiwi"@pcp	
"fruita"@ca	<http://ids.clld.org/values/5-710-177-1>		<http://ids.clld.org/parameters/5-710>		<http://ids.clld.org/values/5-710-280-1>		"'kɨo"@pcp	
"farina"@ca	<http://ids.clld.org/values/5-550-177-1>		<http://ids.clld.org/parameters/5-550>		<http://ids.clld.org/values/5-550-280-1>		"'moto"@pcp	
"destral"@ca	<http://ids.clld.org/values/9-250-177-1>		<http://ids.clld.org/parameters/9-250>		<http://ids.clld.org/values/9-250-280-1>		"[hača]"@pcp	
"riarol"@ca	<http://ids.clld.org/values/1-360-177-5>		<http://ids.clld.org/parameters/1-360>		<http://ids.clld.org/values/1-360-280-1>		"'ʔani"@pcp	
"riarol"@ca	<http://ids.clld.org/values/1-360-177-5>		<http://ids.clld.org/parameters/1-360>		<http://ids.clld.org/values/1-360-280-3>		"'pao"@pcp	
"blanc"@ca	<http://ids.clld.org/values/15-640-177-1>		<http://ids.clld.org/parameters/15-640>		<http://ids.clld.org/values/15-640-280-1>		"'hoṣ̌o"@pcp	
"peu"@ca	<http://ids.clld.org/values/4-370-177-1>		<http://ids.clld.org/parameters/4-370>		<http://ids.clld.org/values/4-370-280-1>		"'taʔɨ"@pcp	
"palmera"@ca	<http://ids.clld.org/values/8-810-177-1>		<http://ids.clld.org/parameters/8-810>		<http://ids.clld.org/values/8-810-280-1>		"'koti"@pcp	
"canoa"@ca	<http://ids.clld.org/values/10-831-177-1>		<http://ids.clld.org/parameters/10-831>		<http://ids.clld.org/values/10-831-280-1>		"'noti"@pcp	
"jo"@ca	<http://ids.clld.org/values/2-910-177-1>		<http://ids.clld.org/parameters/2-910>		<http://ids.clld.org/values/2-910-280-1>		"'ɨa"@pcp	
"arrel"@ca	<http://ids.clld.org/values/8-540-177-1>		<http://ids.clld.org/parameters/8-540>		<http://ids.clld.org/values/8-540-280-1>		"ta'pono"@pcp	
"gana"@ca	<http://ids.clld.org/values/5-140-177-1>		<http://ids.clld.org/parameters/5-140>		<http://ids.clld.org/values/5-140-280-1>		"paṣ̌na'hai"@pcp	
"marit"@ca	<http://ids.clld.org/values/2-310-177-1>		<http://ids.clld.org/parameters/2-310>		<http://ids.clld.org/values/2-310-280-1>		"'wɨnɨ"@pcp	
"pell"@ca	<http://ids.clld.org/values/4-120-177-1>		<http://ids.clld.org/parameters/4-120>		<http://ids.clld.org/values/4-120-280-1>		"'wiči"@pcp	
"vermell"@ca	<http://ids.clld.org/values/15-660-177-1>		<http://ids.clld.org/parameters/15-660>		<http://ids.clld.org/values/15-660-280-1>		"'šini"@pcp	
"moscard"@ca	<http://ids.clld.org/values/3-831-177-9>		<http://ids.clld.org/parameters/3-831>		<http://ids.clld.org/values/3-831-280-1>		"'šio"@pcp	
"moscard"@ca	<http://ids.clld.org/values/3-831-177-9>		<http://ids.clld.org/parameters/3-831>		<http://ids.clld.org/values/3-831-280-3>		"'čio"@pcp	
"pare"@ca	<http://ids.clld.org/values/2-350-177-1>		<http://ids.clld.org/parameters/2-350>		<http://ids.clld.org/values/2-350-280-1>		"'ɨpa"@pcp	
"pare"@ca	<http://ids.clld.org/values/2-350-177-1>		<http://ids.clld.org/parameters/2-350>		<http://ids.clld.org/values/2-350-280-3>		"'ʔɨpa"@pcp	
"mare"@ca	<http://ids.clld.org/values/2-360-177-1>		<http://ids.clld.org/parameters/2-360>		<http://ids.clld.org/values/2-360-280-1>		"'kai"@pcp	
"nas"@ca	<http://ids.clld.org/values/4-230-177-1>		<http://ids.clld.org/parameters/4-230>		<http://ids.clld.org/values/4-230-280-1>		"řɨ'kina"@pcp	
"nen"@ca	<http://ids.clld.org/values/2-280-177-1>		<http://ids.clld.org/parameters/2-280>		<http://ids.clld.org/values/2-280-280-1>		"'wakɨ 'pistia"@pcp	
"esposa"@ca	<http://ids.clld.org/values/2-320-177-3>		<http://ids.clld.org/parameters/2-320>		<http://ids.clld.org/values/2-320-280-1>		"ʔa'wini"@pcp	
"arbre"@ca	<http://ids.clld.org/values/8-600-177-1>		<http://ids.clld.org/parameters/8-600>		<http://ids.clld.org/values/8-600-280-1>		"'hiwi"@pcp	
"vespa"@ca	<http://ids.clld.org/values/3-823-177-1>		<http://ids.clld.org/parameters/3-823>		<http://ids.clld.org/values/3-823-280-1>		"'wina"@pcp	
"cor"@ca	<http://ids.clld.org/values/4-440-177-1>		<http://ids.clld.org/parameters/4-440>		<http://ids.clld.org/values/4-440-280-1>		"howi'ti"@pcp	
"partir"@ca	<http://ids.clld.org/values/9-270-177-1>		<http://ids.clld.org/parameters/9-270>		<http://ids.clld.org/values/9-270-280-1>		"ma'tošmaki"@pcp	
"cèrvol"@ca	<http://ids.clld.org/values/3-750-177-1>		<http://ids.clld.org/parameters/3-750>		<http://ids.clld.org/values/3-750-280-1>		"'čaṣ̌o"@pcp	
"cendra"@ca	<http://ids.clld.org/values/1-840-177-1>		<http://ids.clld.org/parameters/1-840>		<http://ids.clld.org/values/1-840-280-1>		"'mišpo"@pcp	
"home"@ca	<http://ids.clld.org/values/2-210-177-1>		<http://ids.clld.org/parameters/2-210>		<http://ids.clld.org/values/2-210-280-1>		"'honi"@pcp	
"dona"@ca	<http://ids.clld.org/values/2-220-177-1>		<http://ids.clld.org/parameters/2-220>		<http://ids.clld.org/values/2-220-280-1>		"'yoṣ̌a"@pcp	
"tro"@ca	<http://ids.clld.org/values/1-560-177-1>		<http://ids.clld.org/parameters/1-560>		<http://ids.clld.org/values/1-560-280-1>		"'naina"@pcp	
"pesat"@ca	<http://ids.clld.org/values/15-810-177-1>		<http://ids.clld.org/parameters/15-810>		<http://ids.clld.org/values/15-810-280-1>		"'iwɨ"@pcp	
"flor"@ca	<http://ids.clld.org/values/8-570-177-1>		<http://ids.clld.org/parameters/8-570>		<http://ids.clld.org/values/8-570-280-3>		"řeṣ̌'pana"@pcp	
"flor"@ca	<http://ids.clld.org/values/8-570-177-1>		<http://ids.clld.org/parameters/8-570>		<http://ids.clld.org/values/8-570-280-1>		"'hoa"@pcp	
"ocell"@ca	<http://ids.clld.org/values/3-581-177-1>		<http://ids.clld.org/parameters/3-581>		<http://ids.clld.org/values/3-581-280-1>		"'isko"@pcp	
"fetge"@ca	<http://ids.clld.org/values/4-450-177-1>		<http://ids.clld.org/parameters/4-450>		<http://ids.clld.org/values/4-450-280-1>		"'taka"@pcp	
"boca"@ca	<http://ids.clld.org/values/4-240-177-1>		<http://ids.clld.org/parameters/4-240>		<http://ids.clld.org/values/4-240-280-1>		"kɨ'wɨči"@pcp	
"orella"@ca	<http://ids.clld.org/values/4-220-177-1>		<http://ids.clld.org/parameters/4-220>		<http://ids.clld.org/values/4-220-280-1>		"'paʔoki"@pcp	
"manioca"@ca	<http://ids.clld.org/values/8-920-177-3>		<http://ids.clld.org/parameters/8-920>		<http://ids.clld.org/values/8-920-280-1>		"'ac̷a"@pcp	
"riu"@ca	<http://ids.clld.org/values/1-360-177-1>		<http://ids.clld.org/parameters/1-360>		<http://ids.clld.org/values/1-360-280-1>		"'ʔani"@pcp	
"riu"@ca	<http://ids.clld.org/values/1-360-177-1>		<http://ids.clld.org/parameters/1-360>		<http://ids.clld.org/values/1-360-280-3>		"'pao"@pcp	
"os"@ca	<http://ids.clld.org/values/4-160-177-1>		<http://ids.clld.org/parameters/4-160>		<http://ids.clld.org/values/4-160-280-1>		"'ṣ̌ao"@pcp	
"dolç"@ca	<http://ids.clld.org/values/15-350-177-1>		<http://ids.clld.org/parameters/15-350>		<http://ids.clld.org/values/15-350-280-1>		"tɨ'ɨ"@pcp	
"corda"@ca	<http://ids.clld.org/values/9-190-177-1>		<http://ids.clld.org/parameters/9-190>		<http://ids.clld.org/values/9-190-280-1>		"'taška"@pcp	
"cap"@ca	<http://ids.clld.org/values/4-200-177-1>		<http://ids.clld.org/parameters/4-200>		<http://ids.clld.org/values/4-200-280-1>		"'mapo"@pcp	
"fer"@ca	<http://ids.clld.org/values/9-110-177-1>		<http://ids.clld.org/parameters/9-110>		<http://ids.clld.org/values/9-110-280-1>		"i'wɨ"@pcp	
"niu"@ca	<http://ids.clld.org/values/3-580-177-1>		<http://ids.clld.org/parameters/3-580>		<http://ids.clld.org/values/3-580-280-1>		"'naʔa"@pcp	
"pulmó"@ca	<http://ids.clld.org/values/4-441-177-1>		<http://ids.clld.org/parameters/4-441>		<http://ids.clld.org/values/4-441-280-1>		"'taṣ̌a"@pcp	
"ou"@ca	<http://ids.clld.org/values/5-970-177-1>		<http://ids.clld.org/parameters/5-970>		<http://ids.clld.org/values/5-970-280-1>		"'wači"@pcp	
"llenya"@ca	<http://ids.clld.org/values/1-880-177-1>		<http://ids.clld.org/parameters/1-880>		<http://ids.clld.org/values/1-880-280-1>		"'kařo"@pcp	
"braç"@ca	<http://ids.clld.org/values/4-310-177-1>		<http://ids.clld.org/parameters/4-310>		<http://ids.clld.org/values/4-310-280-1>		"po'yana"@pcp	
"mosquit"@ca	<http://ids.clld.org/values/3-832-177-1>		<http://ids.clld.org/parameters/3-832>		<http://ids.clld.org/values/3-832-280-1>		"'wii"@pcp	
"barba"@ca	<http://ids.clld.org/values/4-142-177-1>		<http://ids.clld.org/parameters/4-142>		<http://ids.clld.org/values/4-142-280-1>		"'kɨni"@pcp	
"lluna"@ca	<http://ids.clld.org/values/1-530-177-1>		<http://ids.clld.org/parameters/1-530>		<http://ids.clld.org/values/1-530-280-1>		"'ʔoṣ̌ɨ"@pcp	
"estrella"@ca	<http://ids.clld.org/values/1-540-177-1>		<http://ids.clld.org/parameters/1-540>		<http://ids.clld.org/values/1-540-280-1>		"'wištima"@pcp	
"mussol"@ca	<http://ids.clld.org/values/3-596-177-1>		<http://ids.clld.org/parameters/3-596>		<http://ids.clld.org/values/3-596-280-1>		"'popo"@pcp	
"peix"@ca	<http://ids.clld.org/values/3-650-177-1>		<http://ids.clld.org/parameters/3-650>		<http://ids.clld.org/values/3-650-280-3>		"'woɨ"@pcp	
"peix"@ca	<http://ids.clld.org/values/3-650-177-1>		<http://ids.clld.org/parameters/3-650>		<http://ids.clld.org/values/3-650-280-1>		"sa'nino"@pcp	
"dent"@ca	<http://ids.clld.org/values/4-270-177-1>		<http://ids.clld.org/parameters/4-270>		<http://ids.clld.org/values/4-270-280-1>		"'ṣ̌ɨna"@pcp	
"cabell"@ca	<http://ids.clld.org/values/4-140-177-1>		<http://ids.clld.org/parameters/4-140>		<http://ids.clld.org/values/4-140-280-1>		"'woo"@pcp	
"dia"@ca	<http://ids.clld.org/values/14-410-177-1>		<http://ids.clld.org/parameters/14-410>		<http://ids.clld.org/values/14-410-280-1>		"'waři"@pcp	
"gra (de rosari/ de collaret)"@ca	<http://ids.clld.org/values/6-760-177-1>		<http://ids.clld.org/parameters/6-760>		<http://ids.clld.org/values/6-760-280-1>		"'kisi"@pcp	
"granota"@ca	<http://ids.clld.org/values/3-950-177-1>		<http://ids.clld.org/parameters/3-950>		<http://ids.clld.org/values/3-950-280-1>		"wɨṣ̌ko"@pcp	
"foc"@ca	<http://ids.clld.org/values/1-810-177-1>		<http://ids.clld.org/parameters/1-810>		<http://ids.clld.org/values/1-810-280-1>		"'čiʔi"@pcp	
"ull"@ca	<http://ids.clld.org/values/4-210-177-1>		<http://ids.clld.org/parameters/4-210>		<http://ids.clld.org/values/4-210-280-1>		"'wɨřo"@pcp	
"sang"@ca	<http://ids.clld.org/values/4-150-177-1>		<http://ids.clld.org/parameters/4-150>		<http://ids.clld.org/values/4-150-280-1>		"'himi"@pcp	
"bossa de malla"@ca	<http://ids.clld.org/values/9-780-177-1>		<http://ids.clld.org/parameters/9-780>		<http://ids.clld.org/values/9-780-280-1>		"'sota"@pcp	
"mosquit"@ca	<http://ids.clld.org/values/3-831-177-1>		<http://ids.clld.org/parameters/3-831>		<http://ids.clld.org/values/3-831-280-1>		"'šio"@pcp	
"mosquit"@ca	<http://ids.clld.org/values/3-831-177-1>		<http://ids.clld.org/parameters/3-831>		<http://ids.clld.org/values/3-831-280-3>		"'čio"@pcp	
"forat"@ca	<http://ids.clld.org/values/12-850-177-1>		<http://ids.clld.org/parameters/12-850>		<http://ids.clld.org/values/12-850-280-1>		"'kini"@pcp	
"sol"@ca	<http://ids.clld.org/values/1-520-177-1>		<http://ids.clld.org/parameters/1-520>		<http://ids.clld.org/values/1-520-280-1>		"'waři"@pcp	
"casa"@ca	<http://ids.clld.org/values/7-120-177-1>		<http://ids.clld.org/parameters/7-120>		<http://ids.clld.org/values/7-120-280-1>		"'ṣ̌owo"@pcp	
"infant"@ca	<http://ids.clld.org/values/2-280-177-5>		<http://ids.clld.org/parameters/2-280>		<http://ids.clld.org/values/2-280-280-1>		"'wakɨ 'pistia"@pcp	
"blat de moro"@ca	<http://ids.clld.org/values/8-470-177-1>		<http://ids.clld.org/parameters/8-470>		<http://ids.clld.org/values/8-470-280-1>		"'ṣ̌ɨki"@pcp	
"tallar"@ca	<http://ids.clld.org/values/9-220-177-1>		<http://ids.clld.org/parameters/9-220>		<http://ids.clld.org/values/9-220-280-1>		"'kɨɨsakia"@pcp	
"pollastre"@ca	<http://ids.clld.org/values/3-550-177-1>		<http://ids.clld.org/parameters/3-550>		<http://ids.clld.org/values/3-550-280-1>		"pati'aři"@pcp	
"piragua"@ca	<http://ids.clld.org/values/10-831-177-3>		<http://ids.clld.org/parameters/10-831>		<http://ids.clld.org/values/10-831-280-1>		"'noti"@pcp	
"llengua"@ca	<http://ids.clld.org/values/4-260-177-1>		<http://ids.clld.org/parameters/4-260>		<http://ids.clld.org/values/4-260-280-1>		"'hana"@pcp	
"dos"@ca	<http://ids.clld.org/values/13-20-177-1>		<http://ids.clld.org/parameters/13-20>		<http://ids.clld.org/values/13-20-280-1>		"ra'wɨ"@pcp	
"galta"@ca	<http://ids.clld.org/values/4-208-177-1>		<http://ids.clld.org/parameters/4-208>		<http://ids.clld.org/values/4-208-280-1>		"'tamo"@pcp	
"afilat"@ca	<http://ids.clld.org/values/15-780-177-1>		<http://ids.clld.org/parameters/15-780>		<http://ids.clld.org/values/15-780-280-1>		"'ɨika"@pcp	
"voltor"@ca	<http://ids.clld.org/values/3-586-177-1>		<http://ids.clld.org/parameters/3-586>		<http://ids.clld.org/values/3-586-280-1>		"po'iko"@pcp	
