"cama"@ca	<http://ids.clld.org/values/4-350-177-1>		<http://ids.clld.org/parameters/4-350>		<http://ids.clld.org/values/4-350-286-1>		"pišiyašiʔ"@pav	
"cama"@ca	<http://ids.clld.org/values/4-350-177-1>		<http://ids.clld.org/parameters/4-350>		<http://ids.clld.org/values/4-350-286-3>		"kokošiʔ"@pav	
"mà"@ca	<http://ids.clld.org/values/4-330-177-1>		<http://ids.clld.org/parameters/4-330>		<http://ids.clld.org/values/4-330-286-1>		"mišiʔ"@pav	
"mà"@ca	<http://ids.clld.org/values/4-330-177-1>		<http://ids.clld.org/parameters/4-330>		<http://ids.clld.org/values/4-330-286-3>		"(umʔ)"@pav	
"fregar"@ca	<http://ids.clld.org/values/9-310-177-1>		<http://ids.clld.org/parameters/9-310>		<http://ids.clld.org/values/9-310-286-1>		"šik"@pav	
"poc"@ca	<http://ids.clld.org/values/13-170-177-1>		<http://ids.clld.org/parameters/13-170>		<http://ids.clld.org/values/13-170-286-1>		"parek"@pav	
"escopir"@ca	<http://ids.clld.org/values/4-560-177-1>		<http://ids.clld.org/parameters/4-560>		<http://ids.clld.org/values/4-560-286-1>		"hupaʔ"@pav	
"jugar"@ca	<http://ids.clld.org/values/16-260-177-1>		<http://ids.clld.org/parameters/16-260>		<http://ids.clld.org/values/16-260-286-1>		"warayu"@pav	
"pols"@ca	<http://ids.clld.org/values/1-213-177-1>		<http://ids.clld.org/parameters/1-213>		<http://ids.clld.org/values/1-213-286-1>		"tainʔ"@pav	
"comptar"@ca	<http://ids.clld.org/values/13-107-177-1>		<http://ids.clld.org/parameters/13-107>		<http://ids.clld.org/values/13-107-286-1>		"piyimʔ"@pav	
"muller"@ca	<http://ids.clld.org/values/2-320-177-1>		<http://ids.clld.org/parameters/2-320>		<http://ids.clld.org/values/2-320-286-1>		"mana"@pav	
"mascle"@ca	<http://ids.clld.org/values/2-230-177-1>		<http://ids.clld.org/parameters/2-230>		<http://ids.clld.org/values/2-230-286-1>		"taramaʔ"@pav	
"núvol"@ca	<http://ids.clld.org/values/1-730-177-1>		<http://ids.clld.org/parameters/1-730>		<http://ids.clld.org/values/1-730-286-1>		"tayain nanawin"@pav	
"puig"@ca	<http://ids.clld.org/values/1-220-177-3>		<http://ids.clld.org/parameters/1-220>		<http://ids.clld.org/values/1-220-286-1>		"pakun"@pav	
"gran"@ca	<http://ids.clld.org/values/12-550-177-3>		<http://ids.clld.org/parameters/12-550>		<http://ids.clld.org/values/12-550-286-1>		"hwaraʔ"@pav	
"gran"@ca	<http://ids.clld.org/values/12-550-177-3>		<http://ids.clld.org/parameters/12-550>		<http://ids.clld.org/values/12-550-286-3>		"horon"@pav	
"mort"@ca	<http://ids.clld.org/values/4-750-177-3>		<http://ids.clld.org/parameters/4-750>		<http://ids.clld.org/values/4-750-286-3>		"konoʔ"@pav	
"mort"@ca	<http://ids.clld.org/values/4-750-177-3>		<http://ids.clld.org/parameters/4-750>		<http://ids.clld.org/values/4-750-286-1>		"miʔ pin"@pav	
"ell/ ella/ allò"@ca	<http://ids.clld.org/values/2-930-177-1>		<http://ids.clld.org/parameters/2-930>		<http://ids.clld.org/values/2-930-286-1>		"ko maʔ"@pav	
"beure"@ca	<http://ids.clld.org/values/5-130-177-1>		<http://ids.clld.org/parameters/5-130>		<http://ids.clld.org/values/5-130-286-1>		"tok"@pav	
"beure"@ca	<http://ids.clld.org/values/5-130-177-1>		<http://ids.clld.org/parameters/5-130>		<http://ids.clld.org/values/5-130-286-3>		"tototok"@pav	
"menjar"@ca	<http://ids.clld.org/values/5-110-177-1>		<http://ids.clld.org/parameters/5-110>		<http://ids.clld.org/values/5-110-286-1>		"kaoʔ"@pav	
"menjar"@ca	<http://ids.clld.org/values/5-110-177-1>		<http://ids.clld.org/parameters/5-110>		<http://ids.clld.org/values/5-110-286-3>		"kakakaoʔ"@pav	
"girar"@ca	<http://ids.clld.org/values/10-130-177-1>		<http://ids.clld.org/parameters/10-130>		<http://ids.clld.org/values/10-130-286-1>		"yami"@pav	
"llac"@ca	<http://ids.clld.org/values/1-330-177-1>		<http://ids.clld.org/parameters/1-330>		<http://ids.clld.org/values/1-330-286-1>		"šuteremʔ"@pav	
"coll"@ca	<http://ids.clld.org/values/4-280-177-1>		<http://ids.clld.org/parameters/4-280>		<http://ids.clld.org/values/4-280-286-1>		"paramašiʔ"@pav	
"petit"@ca	<http://ids.clld.org/values/12-560-177-1>		<http://ids.clld.org/parameters/12-560>		<http://ids.clld.org/values/12-560-286-1>		"wiyimain"@pav	
"vostè"@ca	<http://ids.clld.org/values/2-920-177-3>		<http://ids.clld.org/parameters/2-920>		<http://ids.clld.org/values/2-920-286-1>		"wum"@pav	
"cuc"@ca	<http://ids.clld.org/values/3-840-177-1>		<http://ids.clld.org/parameters/3-840>		<http://ids.clld.org/values/3-840-286-1>		"meteʔ"@pav	
"negre"@ca	<http://ids.clld.org/values/15-650-177-1>		<http://ids.clld.org/parameters/15-650>		<http://ids.clld.org/values/15-650-286-1>		"mišem"@pav	
"saber"@ca	<http://ids.clld.org/values/17-170-177-1>		<http://ids.clld.org/parameters/17-170>		<http://ids.clld.org/values/17-170-286-1>		"tašiʔ"@pav	
"saber"@ca	<http://ids.clld.org/values/17-170-177-1>		<http://ids.clld.org/parameters/17-170>		<http://ids.clld.org/values/17-170-286-3>		"kerek"@pav	
"saber"@ca	<http://ids.clld.org/values/17-170-177-1>		<http://ids.clld.org/parameters/17-170>		<http://ids.clld.org/values/17-170-286-5>		"kerek pinʔ"@pav	
"morir"@ca	<http://ids.clld.org/values/4-750-177-1>		<http://ids.clld.org/parameters/4-750>		<http://ids.clld.org/values/4-750-286-3>		"konoʔ"@pav	
"morir"@ca	<http://ids.clld.org/values/4-750-177-1>		<http://ids.clld.org/parameters/4-750>		<http://ids.clld.org/values/4-750-286-1>		"miʔ pin"@pav	
"podrit"@ca	<http://ids.clld.org/values/5-125-177-1>		<http://ids.clld.org/parameters/5-125>		<http://ids.clld.org/values/5-125-286-1>		"šowuru"@pav	
"nen"@ca	<http://ids.clld.org/values/2-270-177-1>		<http://ids.clld.org/parameters/2-270>		<http://ids.clld.org/values/2-270-286-1>		"piyeʔ"@pav	
"lluitar"@ca	<http://ids.clld.org/values/20-110-177-1>		<http://ids.clld.org/parameters/20-110>		<http://ids.clld.org/values/20-110-286-1>		"mišita"@pav	
"cavar"@ca	<http://ids.clld.org/values/8-220-177-1>		<http://ids.clld.org/parameters/8-220>		<http://ids.clld.org/values/8-220-286-1>		"še"@pav	
"cavar"@ca	<http://ids.clld.org/values/8-220-177-1>		<http://ids.clld.org/parameters/8-220>		<http://ids.clld.org/values/8-220-286-3>		"šikeʔ"@pav	
"respirar"@ca	<http://ids.clld.org/values/4-510-177-1>		<http://ids.clld.org/parameters/4-510>		<http://ids.clld.org/values/4-510-286-1>		"wereme"@pav	
"serp"@ca	<http://ids.clld.org/values/3-850-177-1>		<http://ids.clld.org/parameters/3-850>		<http://ids.clld.org/values/3-850-286-1>		"emʔ"@pav	
"pujol"@ca	<http://ids.clld.org/values/1-220-177-7>		<http://ids.clld.org/parameters/1-220>		<http://ids.clld.org/values/1-220-286-1>		"pakun"@pav	
"por"@ca	<http://ids.clld.org/values/16-530-177-1>		<http://ids.clld.org/parameters/16-530>		<http://ids.clld.org/values/16-530-286-1>		"yinʔ"@pav	
"elles"@ca	<http://ids.clld.org/values/2-960-177-3>		<http://ids.clld.org/parameters/2-960>		<http://ids.clld.org/values/2-960-286-1>		"karam maʔ"@pav	
"muntanya"@ca	<http://ids.clld.org/values/1-220-177-1>		<http://ids.clld.org/parameters/1-220>		<http://ids.clld.org/values/1-220-286-1>		"pakun"@pav	
"cada"@ca	<http://ids.clld.org/values/13-140-177-3>		<http://ids.clld.org/parameters/13-140>		<http://ids.clld.org/values/13-140-286-1>		"šam"@pav	
"asseure's"@ca	<http://ids.clld.org/values/12-130-177-1>		<http://ids.clld.org/parameters/12-130>		<http://ids.clld.org/values/12-130-286-1>		"šaoʔ pe"@pav	
"asseure's"@ca	<http://ids.clld.org/values/12-130-177-1>		<http://ids.clld.org/parameters/12-130>		<http://ids.clld.org/values/12-130-286-3>		"šaoʔ to"@pav	
"any"@ca	<http://ids.clld.org/values/14-730-177-1>		<http://ids.clld.org/parameters/14-730>		<http://ids.clld.org/values/14-730-286-1>		"kawašiʔ"@pav	
"esmolat"@ca	<http://ids.clld.org/values/15-780-177-3>		<http://ids.clld.org/parameters/15-780>		<http://ids.clld.org/values/15-780-286-1>		"šaʔ"@pav	
"nit"@ca	<http://ids.clld.org/values/14-420-177-1>		<http://ids.clld.org/parameters/14-420>		<http://ids.clld.org/values/14-420-286-1>		"šim"@pav	
"grassa"@ca	<http://ids.clld.org/values/5-791-177-1>		<http://ids.clld.org/parameters/5-791>		<http://ids.clld.org/values/5-791-286-1>		"homain"@pav	
"pluja"@ca	<http://ids.clld.org/values/1-750-177-1>		<http://ids.clld.org/parameters/1-750>		<http://ids.clld.org/values/1-750-286-1>		"šowiʔ"@pav	
"fum"@ca	<http://ids.clld.org/values/1-830-177-1>		<http://ids.clld.org/parameters/1-830>		<http://ids.clld.org/values/1-830-286-1>		"tainʔ"@pav	
"cadascun"@ca	<http://ids.clld.org/values/13-140-177-5>		<http://ids.clld.org/parameters/13-140>		<http://ids.clld.org/values/13-140-286-1>		"šam"@pav	
"terra"@ca	<http://ids.clld.org/values/1-210-177-1>		<http://ids.clld.org/parameters/1-210>		<http://ids.clld.org/values/1-210-286-1>		"makanʔ"@pav	
"parlar"@ca	<http://ids.clld.org/values/18-210-177-1>		<http://ids.clld.org/parameters/18-210>		<http://ids.clld.org/values/18-210-286-1>		"tomiʔ"@pav	
"llis"@ca	<http://ids.clld.org/values/15-770-177-1>		<http://ids.clld.org/parameters/15-770>		<http://ids.clld.org/values/15-770-286-1>		"topišik"@pav	
"caçar"@ca	<http://ids.clld.org/values/20-610-177-1>		<http://ids.clld.org/parameters/20-610>		<http://ids.clld.org/values/20-610-286-1>		"yiʔam"@pav	
"tirar"@ca	<http://ids.clld.org/values/9-330-177-1>		<http://ids.clld.org/parameters/9-330>		<http://ids.clld.org/values/9-330-286-1>		"kök"@pav	
"espòs"@ca	<http://ids.clld.org/values/2-310-177-3>		<http://ids.clld.org/parameters/2-310>		<http://ids.clld.org/values/2-310-286-1>		"taši"@pav	
"pensar"@ca	<http://ids.clld.org/values/17-130-177-1>		<http://ids.clld.org/parameters/17-130>		<http://ids.clld.org/values/17-130-286-1>		"koromikat"@pav	
"tenir"@ca	<http://ids.clld.org/values/11-150-177-1>		<http://ids.clld.org/parameters/11-150>		<http://ids.clld.org/values/11-150-286-1>		"kep"@pav	
"dreta"@ca	<http://ids.clld.org/values/12-410-177-1>		<http://ids.clld.org/parameters/12-410>		<http://ids.clld.org/values/12-410-286-1>		"irikwerešiʔ"@pav	
"corrent"@ca	<http://ids.clld.org/values/1-360-177-3>		<http://ids.clld.org/parameters/1-360>		<http://ids.clld.org/values/1-360-286-1>		"kom"@pav	
"esprémer"@ca	<http://ids.clld.org/values/9-343-177-1>		<http://ids.clld.org/parameters/9-343>		<http://ids.clld.org/values/9-343-286-1>		"humʔ"@pav	
"gratar"@ca	<http://ids.clld.org/values/5-480-177-1>		<http://ids.clld.org/parameters/5-480>		<http://ids.clld.org/values/5-480-286-1>		"kuruk"@pav	
"nosaltres"@ca	<http://ids.clld.org/values/2-942-177-1>		<http://ids.clld.org/parameters/2-942>		<http://ids.clld.org/values/2-942-286-1>		"warut"@pav	
"llavor"@ca	<http://ids.clld.org/values/8-311-177-3>		<http://ids.clld.org/parameters/8-311>		<http://ids.clld.org/values/8-311-286-1>		"tokwi"@pav	
"fer olor"@ca	<http://ids.clld.org/values/15-210-177-1>		<http://ids.clld.org/parameters/15-210>		<http://ids.clld.org/values/15-210-286-3>		"hu"@pav	
"fer olor"@ca	<http://ids.clld.org/values/15-210-177-1>		<http://ids.clld.org/parameters/15-210>		<http://ids.clld.org/values/15-210-286-1>		"nak"@pav	
"golpejar"@ca	<http://ids.clld.org/values/9-210-177-1>		<http://ids.clld.org/parameters/9-210>		<http://ids.clld.org/values/9-210-286-1>		"toʔ"@pav	
"lluny"@ca	<http://ids.clld.org/values/12-440-177-1>		<http://ids.clld.org/parameters/12-440>		<http://ids.clld.org/values/12-440-286-1>		"pira"@pav	
"groc"@ca	<http://ids.clld.org/values/15-690-177-1>		<http://ids.clld.org/parameters/15-690>		<http://ids.clld.org/values/15-690-286-1>		"košik"@pav	
"bé"@ca	<http://ids.clld.org/values/16-730-177-3>		<http://ids.clld.org/parameters/16-730>		<http://ids.clld.org/values/16-730-286-1>		"šoʔ"@pav	
"esquerre"@ca	<http://ids.clld.org/values/12-420-177-1>		<http://ids.clld.org/parameters/12-420>		<http://ids.clld.org/values/12-420-286-1>		"parayišiʔ"@pav	
"cel"@ca	<http://ids.clld.org/values/1-510-177-1>		<http://ids.clld.org/parameters/1-510>		<http://ids.clld.org/values/1-510-286-1>		"nanawin"@pav	
"aigua"@ca	<http://ids.clld.org/values/1-310-177-1>		<http://ids.clld.org/parameters/1-310>		<http://ids.clld.org/values/1-310-286-1>		"kom (komišiʔ)"@pav	
"verd"@ca	<http://ids.clld.org/values/15-680-177-1>		<http://ids.clld.org/parameters/15-680>		<http://ids.clld.org/values/15-680-286-1>		"tb̃um"@pav	
"cua"@ca	<http://ids.clld.org/values/4-180-177-1>		<http://ids.clld.org/parameters/4-180>		<http://ids.clld.org/values/4-180-286-1>		"kahwerein"@pav	
"posar-se dret"@ca	<http://ids.clld.org/values/12-150-177-1>		<http://ids.clld.org/parameters/12-150>		<http://ids.clld.org/values/12-150-286-1>		"tekiʔ pe"@pav	
"posar-se dret"@ca	<http://ids.clld.org/values/12-150-177-1>		<http://ids.clld.org/parameters/12-150>		<http://ids.clld.org/values/12-150-286-3>		"tekiʔ to"@pav	
"veure"@ca	<http://ids.clld.org/values/15-510-177-1>		<http://ids.clld.org/parameters/15-510>		<http://ids.clld.org/values/15-510-286-1>		"kerek"@pav	
"nom"@ca	<http://ids.clld.org/values/18-280-177-1>		<http://ids.clld.org/parameters/18-280>		<http://ids.clld.org/values/18-280-286-1>		"wišišiʔ (wit)"@pav	
"dret"@ca	<http://ids.clld.org/values/12-730-177-3>		<http://ids.clld.org/parameters/12-730>		<http://ids.clld.org/values/12-730-286-1>		"ka om šone ne"@pav	
"rentar"@ca	<http://ids.clld.org/values/9-360-177-1>		<http://ids.clld.org/parameters/9-360>		<http://ids.clld.org/values/9-360-286-3>		"toʔ"@pav	
"rentar"@ca	<http://ids.clld.org/values/9-360-177-1>		<http://ids.clld.org/parameters/9-360>		<http://ids.clld.org/values/9-360-286-1>		"hohok"@pav	
"tirar"@ca	<http://ids.clld.org/values/10-250-177-1>		<http://ids.clld.org/parameters/10-250>		<http://ids.clld.org/values/10-250-286-3>		"wišikaoʔ"@pav	
"tirar"@ca	<http://ids.clld.org/values/10-250-177-1>		<http://ids.clld.org/parameters/10-250>		<http://ids.clld.org/values/10-250-286-1>		"šin"@pav	
"fulla"@ca	<http://ids.clld.org/values/8-560-177-1>		<http://ids.clld.org/parameters/8-560>		<http://ids.clld.org/values/8-560-286-1>		"tenenein"@pav	
"arbre"@ca	<http://ids.clld.org/values/1-420-177-1>		<http://ids.clld.org/parameters/1-420>		<http://ids.clld.org/values/1-420-286-1>		"pana"@pav	
"moll"@ca	<http://ids.clld.org/values/15-830-177-1>		<http://ids.clld.org/parameters/15-830>		<http://ids.clld.org/values/15-830-286-1>		"šoʔ"@pav	
"fruita"@ca	<http://ids.clld.org/values/5-710-177-1>		<http://ids.clld.org/parameters/5-710>		<http://ids.clld.org/values/5-710-286-3>		"winain"@pav	
"fruita"@ca	<http://ids.clld.org/values/5-710-177-1>		<http://ids.clld.org/parameters/5-710>		<http://ids.clld.org/values/5-710-286-1>		"memem"@pav	
"intestins"@ca	<http://ids.clld.org/values/4-461-177-1>		<http://ids.clld.org/parameters/4-461>		<http://ids.clld.org/values/4-461-286-1>		"monošiʔ (mon)"@pav	
"riarol"@ca	<http://ids.clld.org/values/1-360-177-5>		<http://ids.clld.org/parameters/1-360>		<http://ids.clld.org/values/1-360-286-1>		"kom"@pav	
"herba"@ca	<http://ids.clld.org/values/8-510-177-1>		<http://ids.clld.org/parameters/8-510>		<http://ids.clld.org/values/8-510-286-1>		"tononoin"@pav	
"bosc"@ca	<http://ids.clld.org/values/1-410-177-3>		<http://ids.clld.org/parameters/1-410>		<http://ids.clld.org/values/1-410-286-1>		"nahwarak"@pav	
"fred"@ca	<http://ids.clld.org/values/15-860-177-1>		<http://ids.clld.org/parameters/15-860>		<http://ids.clld.org/values/15-860-286-1>		"šio"@pav	
"fred"@ca	<http://ids.clld.org/values/15-860-177-1>		<http://ids.clld.org/parameters/15-860>		<http://ids.clld.org/values/15-860-286-3>		"kapinʔ"@pav	
"parra"@ca	<http://ids.clld.org/values/8-670-177-1>		<http://ids.clld.org/parameters/8-670>		<http://ids.clld.org/values/8-670-286-1>		"makon (makorišiʔ)"@pav	
"blanc"@ca	<http://ids.clld.org/values/15-640-177-1>		<http://ids.clld.org/parameters/15-640>		<http://ids.clld.org/values/15-640-286-1>		"towoʔ"@pav	
"persona"@ca	<http://ids.clld.org/values/2-100-177-1>		<http://ids.clld.org/parameters/2-100>		<http://ids.clld.org/values/2-100-286-1>		"wariʔ"@pav	
"flotar"@ca	<http://ids.clld.org/values/10-340-177-1>		<http://ids.clld.org/parameters/10-340>		<http://ids.clld.org/values/10-340-286-1>		"ho"@pav	
"flotar"@ca	<http://ids.clld.org/values/10-340-177-1>		<http://ids.clld.org/parameters/10-340>		<http://ids.clld.org/values/10-340-286-3>		"horoho"@pav	
"peu"@ca	<http://ids.clld.org/values/4-370-177-1>		<http://ids.clld.org/parameters/4-370>		<http://ids.clld.org/values/4-370-286-1>		"kašimašiʔ (kašim)"@pav	
"dir"@ca	<http://ids.clld.org/values/18-220-177-1>		<http://ids.clld.org/parameters/18-220>		<http://ids.clld.org/values/18-220-286-1>		"tomiʔ šoʔ"@pav	
"tebi"@ca	<http://ids.clld.org/values/15-851-177-5>		<http://ids.clld.org/parameters/15-851>		<http://ids.clld.org/values/15-851-286-3>		"nonoe"@pav	
"tebi"@ca	<http://ids.clld.org/values/15-851-177-5>		<http://ids.clld.org/parameters/15-851>		<http://ids.clld.org/values/15-851-286-1>		"šain"@pav	
"urpa"@ca	<http://ids.clld.org/values/4-345-177-1>		<http://ids.clld.org/parameters/4-345>		<http://ids.clld.org/values/4-345-286-1>		"šikinain"@pav	
"caminar"@ca	<http://ids.clld.org/values/10-450-177-1>		<http://ids.clld.org/parameters/10-450>		<http://ids.clld.org/values/10-450-286-1>		"šut"@pav	
"caminar"@ca	<http://ids.clld.org/values/10-450-177-1>		<http://ids.clld.org/parameters/10-450>		<http://ids.clld.org/values/10-450-286-3>		"šurušut"@pav	
"ells"@ca	<http://ids.clld.org/values/2-960-177-1>		<http://ids.clld.org/parameters/2-960>		<http://ids.clld.org/values/2-960-286-1>		"karam maʔ"@pav	
"jo"@ca	<http://ids.clld.org/values/2-910-177-1>		<http://ids.clld.org/parameters/2-910>		<http://ids.clld.org/values/2-910-286-1>		"wataʔ"@pav	
"nadar"@ca	<http://ids.clld.org/values/10-350-177-1>		<http://ids.clld.org/parameters/10-350>		<http://ids.clld.org/values/10-350-286-3>		"panʔ karakam"@pav	
"nadar"@ca	<http://ids.clld.org/values/10-350-177-1>		<http://ids.clld.org/parameters/10-350>		<http://ids.clld.org/values/10-350-286-1>		"panʔ kam"@pav	
"arrel"@ca	<http://ids.clld.org/values/8-540-177-1>		<http://ids.clld.org/parameters/8-540>		<http://ids.clld.org/values/8-540-286-1>		"kašimain"@pav	
"fluir"@ca	<http://ids.clld.org/values/10-320-177-1>		<http://ids.clld.org/parameters/10-320>		<http://ids.clld.org/values/10-320-286-3>		"weweweo"@pav	
"fluir"@ca	<http://ids.clld.org/values/10-320-177-1>		<http://ids.clld.org/parameters/10-320>		<http://ids.clld.org/values/10-320-286-1>		"weo"@pav	
"nosaltres"@ca	<http://ids.clld.org/values/2-941-177-1>		<http://ids.clld.org/parameters/2-941>		<http://ids.clld.org/values/2-941-286-1>		"wariʔ"@pav	
"marit"@ca	<http://ids.clld.org/values/2-310-177-1>		<http://ids.clld.org/parameters/2-310>		<http://ids.clld.org/values/2-310-286-1>		"taši"@pav	
"donar la volta"@ca	<http://ids.clld.org/values/10-130-177-3>		<http://ids.clld.org/parameters/10-130>		<http://ids.clld.org/values/10-130-286-1>		"yami"@pav	
"mossegar"@ca	<http://ids.clld.org/values/4-580-177-1>		<http://ids.clld.org/parameters/4-580>		<http://ids.clld.org/values/4-580-286-1>		"kio"@pav	
"ple"@ca	<http://ids.clld.org/values/13-210-177-1>		<http://ids.clld.org/parameters/13-210>		<http://ids.clld.org/values/13-210-286-5>		"maʔam"@pav	
"ple"@ca	<http://ids.clld.org/values/13-210-177-1>		<http://ids.clld.org/parameters/13-210>		<http://ids.clld.org/values/13-210-286-3>		"moromoinʔ"@pav	
"ple"@ca	<http://ids.clld.org/values/13-210-177-1>		<http://ids.clld.org/parameters/13-210>		<http://ids.clld.org/values/13-210-286-1>		"moinʔ"@pav	
"pell"@ca	<http://ids.clld.org/values/4-120-177-1>		<http://ids.clld.org/parameters/4-120>		<http://ids.clld.org/values/4-120-286-1>		"taparišiʔ"@pav	
"sentir"@ca	<http://ids.clld.org/values/15-410-177-1>		<http://ids.clld.org/parameters/15-410>		<http://ids.clld.org/values/15-410-286-1>		"tarayu"@pav	
"riure"@ca	<http://ids.clld.org/values/16-250-177-1>		<http://ids.clld.org/parameters/16-250>		<http://ids.clld.org/values/16-250-286-1>		"tatamʔ"@pav	
"riure"@ca	<http://ids.clld.org/values/16-250-177-1>		<http://ids.clld.org/parameters/16-250>		<http://ids.clld.org/values/16-250-286-3>		"katamʔ"@pav	
"vermell"@ca	<http://ids.clld.org/values/15-660-177-1>		<http://ids.clld.org/parameters/15-660>		<http://ids.clld.org/values/15-660-286-1>		"pakaʔ"@pav	
"brut"@ca	<http://ids.clld.org/values/15-880-177-1>		<http://ids.clld.org/parameters/15-880>		<http://ids.clld.org/values/15-880-286-1>		"mišem"@pav	
"pare"@ca	<http://ids.clld.org/values/2-350-177-1>		<http://ids.clld.org/parameters/2-350>		<http://ids.clld.org/values/2-350-286-1>		"te"@pav	
"mare"@ca	<http://ids.clld.org/values/2-360-177-1>		<http://ids.clld.org/parameters/2-360>		<http://ids.clld.org/values/2-360-286-1>		"naʔ"@pav	
"fusta"@ca	<http://ids.clld.org/values/1-430-177-1>		<http://ids.clld.org/parameters/1-430>		<http://ids.clld.org/values/1-430-286-1>		"pana"@pav	
"molt"@ca	<http://ids.clld.org/values/13-150-177-1>		<http://ids.clld.org/parameters/13-150>		<http://ids.clld.org/values/13-150-286-1>		"iriʔ miyo/ miya"@pav	
"carn"@ca	<http://ids.clld.org/values/5-610-177-1>		<http://ids.clld.org/parameters/5-610>		<http://ids.clld.org/values/5-610-286-1>		"karawa (karamayišiʔ)"@pav	
"nas"@ca	<http://ids.clld.org/values/4-230-177-1>		<http://ids.clld.org/parameters/4-230>		<http://ids.clld.org/values/4-230-286-1>		"werešiʔ (ut)"@pav	
"mar"@ca	<http://ids.clld.org/values/1-320-177-1>		<http://ids.clld.org/parameters/1-320>		<http://ids.clld.org/values/1-320-286-1>		"kote ne kom"@pav	
"enfiladissa"@ca	<http://ids.clld.org/values/8-670-177-3>		<http://ids.clld.org/parameters/8-670>		<http://ids.clld.org/values/8-670-286-1>		"makon (makorišiʔ)"@pav	
"esposa"@ca	<http://ids.clld.org/values/2-320-177-3>		<http://ids.clld.org/parameters/2-320>		<http://ids.clld.org/values/2-320-286-1>		"mana"@pav	
"arbre"@ca	<http://ids.clld.org/values/8-600-177-1>		<http://ids.clld.org/parameters/8-600>		<http://ids.clld.org/values/8-600-286-1>		"pana"@pav	
"volar"@ca	<http://ids.clld.org/values/10-370-177-1>		<http://ids.clld.org/parameters/10-370>		<http://ids.clld.org/values/10-370-286-3>		"toin"@pav	
"volar"@ca	<http://ids.clld.org/values/10-370-177-1>		<http://ids.clld.org/parameters/10-370>		<http://ids.clld.org/values/10-370-286-1>		"takiʔ"@pav	
"ample"@ca	<http://ids.clld.org/values/12-610-177-1>		<http://ids.clld.org/parameters/12-610>		<http://ids.clld.org/values/12-610-286-1>		"kote ne kimain"@pav	
"llarg"@ca	<http://ids.clld.org/values/12-570-177-1>		<http://ids.clld.org/parameters/12-570>		<http://ids.clld.org/values/12-570-286-1>		"matam"@pav	
"dolent"@ca	<http://ids.clld.org/values/16-720-177-1>		<http://ids.clld.org/parameters/16-720>		<http://ids.clld.org/values/16-720-286-1>		"kayi"@pav	
"cor"@ca	<http://ids.clld.org/values/4-440-177-1>		<http://ids.clld.org/parameters/4-440>		<http://ids.clld.org/values/4-440-286-1>		"šimišiʔ (šim)"@pav	
"pluma"@ca	<http://ids.clld.org/values/4-393-177-1>		<http://ids.clld.org/parameters/4-393>		<http://ids.clld.org/values/4-393-286-1>		"tenenein (šun)"@pav	
"pit"@ca	<http://ids.clld.org/values/4-410-177-1>		<http://ids.clld.org/parameters/4-410>		<http://ids.clld.org/values/4-410-286-1>		"karašišiʔ (katat)"@pav	
"partir"@ca	<http://ids.clld.org/values/9-270-177-1>		<http://ids.clld.org/parameters/9-270>		<http://ids.clld.org/values/9-270-286-1>		"toʔ pahot"@pav	
"partir"@ca	<http://ids.clld.org/values/9-270-177-1>		<http://ids.clld.org/parameters/9-270>		<http://ids.clld.org/values/9-270-286-3>		"toʔ pahorohot"@pav	
"correcte"@ca	<http://ids.clld.org/values/16-730-177-1>		<http://ids.clld.org/parameters/16-730>		<http://ids.clld.org/values/16-730-286-1>		"šoʔ"@pav	
"poll"@ca	<http://ids.clld.org/values/3-811-177-1>		<http://ids.clld.org/parameters/3-811>		<http://ids.clld.org/values/3-811-286-1>		"ioʔ"@pav	
"tot"@ca	<http://ids.clld.org/values/13-140-177-1>		<http://ids.clld.org/parameters/13-140>		<http://ids.clld.org/values/13-140-286-1>		"šam"@pav	
"bufar"@ca	<http://ids.clld.org/values/10-380-177-1>		<http://ids.clld.org/parameters/10-380>		<http://ids.clld.org/values/10-380-286-3>		"hukoʔ"@pav	
"bufar"@ca	<http://ids.clld.org/values/10-380-177-1>		<http://ids.clld.org/parameters/10-380>		<http://ids.clld.org/values/10-380-286-1>		"hu"@pav	
"cendra"@ca	<http://ids.clld.org/values/1-840-177-1>		<http://ids.clld.org/parameters/1-840>		<http://ids.clld.org/values/1-840-286-1>		"topakon"@pav	
"home"@ca	<http://ids.clld.org/values/2-210-177-1>		<http://ids.clld.org/parameters/2-210>		<http://ids.clld.org/values/2-210-286-1>		"taramaʔ"@pav	
"dona"@ca	<http://ids.clld.org/values/2-220-177-1>		<http://ids.clld.org/parameters/2-220>		<http://ids.clld.org/values/2-220-286-1>		"narimaʔ"@pav	
"bo"@ca	<http://ids.clld.org/values/16-710-177-1>		<http://ids.clld.org/parameters/16-710>		<http://ids.clld.org/values/16-710-286-1>		"awi"@pav	
"pesat"@ca	<http://ids.clld.org/values/15-810-177-1>		<http://ids.clld.org/parameters/15-810>		<http://ids.clld.org/values/15-810-286-3>		"taʔ man"@pav	
"pesat"@ca	<http://ids.clld.org/values/15-810-177-1>		<http://ids.clld.org/parameters/15-810>		<http://ids.clld.org/values/15-810-286-1>		"šite"@pav	
"pesat"@ca	<http://ids.clld.org/values/15-810-177-1>		<http://ids.clld.org/parameters/15-810>		<http://ids.clld.org/values/15-810-286-5>		"teʔ man"@pav	
"flor"@ca	<http://ids.clld.org/values/8-570-177-1>		<http://ids.clld.org/parameters/8-570>		<http://ids.clld.org/values/8-570-286-3>		"wiyein"@pav	
"flor"@ca	<http://ids.clld.org/values/8-570-177-1>		<http://ids.clld.org/parameters/8-570>		<http://ids.clld.org/values/8-570-286-1>		"piwain"@pav	
"ocell"@ca	<http://ids.clld.org/values/3-581-177-1>		<http://ids.clld.org/parameters/3-581>		<http://ids.clld.org/values/3-581-286-1>		"me"@pav	
"fetge"@ca	<http://ids.clld.org/values/4-450-177-1>		<http://ids.clld.org/parameters/4-450>		<http://ids.clld.org/values/4-450-286-1>		"tarawanašiʔ (tarawan)"@pav	
"camí"@ca	<http://ids.clld.org/values/10-720-177-1>		<http://ids.clld.org/parameters/10-720>		<http://ids.clld.org/values/10-720-286-1>		"wana (wanayišiʔ)"@pav	
"estirar-se"@ca	<http://ids.clld.org/values/12-140-177-1>		<http://ids.clld.org/parameters/12-140>		<http://ids.clld.org/values/12-140-286-1>		"teremʔ"@pav	
"estirar-se"@ca	<http://ids.clld.org/values/12-140-177-1>		<http://ids.clld.org/parameters/12-140>		<http://ids.clld.org/values/12-140-286-3>		"tokoʔ"@pav	
"boca"@ca	<http://ids.clld.org/values/4-240-177-1>		<http://ids.clld.org/parameters/4-240>		<http://ids.clld.org/values/4-240-286-1>		"kapiyašiʔ (topak)"@pav	
"orella"@ca	<http://ids.clld.org/values/4-220-177-1>		<http://ids.clld.org/parameters/4-220>		<http://ids.clld.org/values/4-220-286-1>		"tara-yišiʔ (taraʔ)"@pav	
"alè"@ca	<http://ids.clld.org/values/4-510-177-3>		<http://ids.clld.org/parameters/4-510>		<http://ids.clld.org/values/4-510-286-1>		"wereme"@pav	
"donar"@ca	<http://ids.clld.org/values/11-210-177-1>		<http://ids.clld.org/parameters/11-210>		<http://ids.clld.org/values/11-210-286-1>		"miʔ"@pav	
"xuclar"@ca	<http://ids.clld.org/values/5-160-177-1>		<http://ids.clld.org/parameters/5-160>		<http://ids.clld.org/values/5-160-286-1>		"šok"@pav	
"xuclar"@ca	<http://ids.clld.org/values/5-160-177-1>		<http://ids.clld.org/parameters/5-160>		<http://ids.clld.org/values/5-160-286-3>		"šak"@pav	
"inflamor"@ca	<http://ids.clld.org/values/4-853-177-1>		<http://ids.clld.org/parameters/4-853>		<http://ids.clld.org/values/4-853-286-1>		"mom"@pav	
"riu"@ca	<http://ids.clld.org/values/1-360-177-1>		<http://ids.clld.org/parameters/1-360>		<http://ids.clld.org/values/1-360-286-1>		"kom"@pav	
"os"@ca	<http://ids.clld.org/values/4-160-177-1>		<http://ids.clld.org/parameters/4-160>		<http://ids.clld.org/values/4-160-286-1>		"arašiʔ (at)"@pav	
"buscar"@ca	<http://ids.clld.org/values/11-310-177-1>		<http://ids.clld.org/parameters/11-310>		<http://ids.clld.org/values/11-310-286-1>		"noro"@pav	
"cantar"@ca	<http://ids.clld.org/values/18-120-177-1>		<http://ids.clld.org/parameters/18-120>		<http://ids.clld.org/values/18-120-286-1>		"kom"@pav	
"corda"@ca	<http://ids.clld.org/values/9-190-177-1>		<http://ids.clld.org/parameters/9-190>		<http://ids.clld.org/values/9-190-286-1>		"makon (makorišiʔ)"@pav	
"caure"@ca	<http://ids.clld.org/values/10-230-177-1>		<http://ids.clld.org/parameters/10-230>		<http://ids.clld.org/values/10-230-286-3>		"kamaraʔ"@pav	
"caure"@ca	<http://ids.clld.org/values/10-230-177-1>		<http://ids.clld.org/parameters/10-230>		<http://ids.clld.org/values/10-230-286-1>		"panʔ"@pav	
"cap"@ca	<http://ids.clld.org/values/4-200-177-1>		<http://ids.clld.org/parameters/4-200>		<http://ids.clld.org/values/4-200-286-1>		"winašiʔ (wayiʔ)"@pav	
"matar"@ca	<http://ids.clld.org/values/4-760-177-1>		<http://ids.clld.org/parameters/4-760>		<http://ids.clld.org/values/4-760-286-1>		"paʔ"@pav	
"ala"@ca	<http://ids.clld.org/values/4-392-177-1>		<http://ids.clld.org/parameters/4-392>		<http://ids.clld.org/values/4-392-286-1>		"tapaši"@pav	
"selva"@ca	<http://ids.clld.org/values/1-410-177-1>		<http://ids.clld.org/parameters/1-410>		<http://ids.clld.org/values/1-410-286-1>		"nahwarak"@pav	
"calurós"@ca	<http://ids.clld.org/values/15-851-177-3>		<http://ids.clld.org/parameters/15-851>		<http://ids.clld.org/values/15-851-286-3>		"nonoe"@pav	
"calurós"@ca	<http://ids.clld.org/values/15-851-177-3>		<http://ids.clld.org/parameters/15-851>		<http://ids.clld.org/values/15-851-286-1>		"šain"@pav	
"greix"@ca	<http://ids.clld.org/values/5-791-177-3>		<http://ids.clld.org/parameters/5-791>		<http://ids.clld.org/values/5-791-286-1>		"homain"@pav	
"dormir"@ca	<http://ids.clld.org/values/4-610-177-1>		<http://ids.clld.org/parameters/4-610>		<http://ids.clld.org/values/4-610-286-1>		"piʔam"@pav	
"animal"@ca	<http://ids.clld.org/values/3-110-177-1>		<http://ids.clld.org/parameters/3-110>		<http://ids.clld.org/values/3-110-286-1>		"karawa"@pav	
"ràbia"@ca	<http://ids.clld.org/values/16-420-177-1>		<http://ids.clld.org/parameters/16-420>		<http://ids.clld.org/values/16-420-286-1>		"manaʔ"@pav	
"esquena"@ca	<http://ids.clld.org/values/4-190-177-1>		<http://ids.clld.org/parameters/4-190>		<http://ids.clld.org/values/4-190-286-1>		"warašiʔ"@pav	
"sorra"@ca	<http://ids.clld.org/values/1-215-177-1>		<http://ids.clld.org/parameters/1-215>		<http://ids.clld.org/values/1-215-286-1>		"namayi"@pav	
"ou"@ca	<http://ids.clld.org/values/5-970-177-1>		<http://ids.clld.org/parameters/5-970>		<http://ids.clld.org/values/5-970-286-1>		"arayein"@pav	
"pedra"@ca	<http://ids.clld.org/values/1-440-177-1>		<http://ids.clld.org/parameters/1-440>		<http://ids.clld.org/values/1-440-286-1>		"pakun"@pav	
"vosaltres"@ca	<http://ids.clld.org/values/2-950-177-1>		<http://ids.clld.org/parameters/2-950>		<http://ids.clld.org/values/2-950-286-1>		"wahuʔ"@pav	
"cremar"@ca	<http://ids.clld.org/values/1-851-177-1>		<http://ids.clld.org/parameters/1-851>		<http://ids.clld.org/values/1-851-286-3>		"wiran"@pav	
"cremar"@ca	<http://ids.clld.org/values/1-851-177-1>		<http://ids.clld.org/parameters/1-851>		<http://ids.clld.org/values/1-851-286-1>		"tom"@pav	
"cremar"@ca	<http://ids.clld.org/values/1-851-177-1>		<http://ids.clld.org/parameters/1-851>		<http://ids.clld.org/values/1-851-286-5>		"karahoʔ"@pav	
"genoll"@ca	<http://ids.clld.org/values/4-360-177-1>		<http://ids.clld.org/parameters/4-360>		<http://ids.clld.org/values/4-360-286-1>		"karamašiʔ (karam)"@pav	
"curt"@ca	<http://ids.clld.org/values/12-590-177-1>		<http://ids.clld.org/parameters/12-590>		<http://ids.clld.org/values/12-590-286-1>		"wiyimain"@pav	
"viure"@ca	<http://ids.clld.org/values/4-740-177-1>		<http://ids.clld.org/parameters/4-740>		<http://ids.clld.org/values/4-740-286-1>		"eʔ"@pav	
"vomitar"@ca	<http://ids.clld.org/values/4-570-177-1>		<http://ids.clld.org/parameters/4-570>		<http://ids.clld.org/values/4-570-286-1>		"weʔ"@pav	
"gruix"@ca	<http://ids.clld.org/values/12-630-177-1>		<http://ids.clld.org/parameters/12-630>		<http://ids.clld.org/values/12-630-286-1>		"kwere"@pav	
"càlid"@ca	<http://ids.clld.org/values/15-851-177-1>		<http://ids.clld.org/parameters/15-851>		<http://ids.clld.org/values/15-851-286-3>		"nonoe"@pav	
"càlid"@ca	<http://ids.clld.org/values/15-851-177-1>		<http://ids.clld.org/parameters/15-851>		<http://ids.clld.org/values/15-851-286-1>		"šain"@pav	
"lluna"@ca	<http://ids.clld.org/values/1-530-177-1>		<http://ids.clld.org/parameters/1-530>		<http://ids.clld.org/values/1-530-286-1>		"panawoʔ"@pav	
"estrella"@ca	<http://ids.clld.org/values/1-540-177-1>		<http://ids.clld.org/parameters/1-540>		<http://ids.clld.org/values/1-540-286-1>		"piyoʔ"@pav	
"gos"@ca	<http://ids.clld.org/values/3-610-177-1>		<http://ids.clld.org/parameters/3-610>		<http://ids.clld.org/values/3-610-286-1>		"oromiyak"@pav	
"peix"@ca	<http://ids.clld.org/values/3-650-177-1>		<http://ids.clld.org/parameters/3-650>		<http://ids.clld.org/values/3-650-286-1>		"hwam (hwamišiʔ)"@pav	
"sec"@ca	<http://ids.clld.org/values/15-840-177-1>		<http://ids.clld.org/parameters/15-840>		<http://ids.clld.org/values/15-840-286-1>		"kawainʔ"@pav	
"dent"@ca	<http://ids.clld.org/values/4-270-177-1>		<http://ids.clld.org/parameters/4-270>		<http://ids.clld.org/values/4-270-286-1>		"šišiʔ (yat)"@pav	
"boira"@ca	<http://ids.clld.org/values/1-740-177-1>		<http://ids.clld.org/parameters/1-740>		<http://ids.clld.org/values/1-740-286-1>		"murukukuʔ"@pav	
"cabell"@ca	<http://ids.clld.org/values/4-140-177-1>		<http://ids.clld.org/parameters/4-140>		<http://ids.clld.org/values/4-140-286-1>		"tenenešiʔ"@pav	
"cabell"@ca	<http://ids.clld.org/values/4-140-177-1>		<http://ids.clld.org/parameters/4-140>		<http://ids.clld.org/values/4-140-286-3>		"tenenein (šun)"@pav	
"dia"@ca	<http://ids.clld.org/values/14-410-177-1>		<http://ids.clld.org/parameters/14-410>		<http://ids.clld.org/values/14-410-286-1>		"šek"@pav	
"sal"@ca	<http://ids.clld.org/values/5-810-177-1>		<http://ids.clld.org/parameters/5-810>		<http://ids.clld.org/values/5-810-286-1>		"[sal]"@pav	
"ésser humà"@ca	<http://ids.clld.org/values/2-100-177-3>		<http://ids.clld.org/parameters/2-100>		<http://ids.clld.org/values/2-100-286-1>		"wariʔ"@pav	
"foc"@ca	<http://ids.clld.org/values/1-810-177-1>		<http://ids.clld.org/parameters/1-810>		<http://ids.clld.org/values/1-810-286-1>		"še"@pav	
"roca"@ca	<http://ids.clld.org/values/1-440-177-3>		<http://ids.clld.org/parameters/1-440>		<http://ids.clld.org/values/1-440-286-1>		"pakun"@pav	
"ull"@ca	<http://ids.clld.org/values/4-210-177-1>		<http://ids.clld.org/parameters/4-210>		<http://ids.clld.org/values/4-210-286-1>		"tokošiʔ (tok)"@pav	
"sang"@ca	<http://ids.clld.org/values/4-150-177-1>		<http://ids.clld.org/parameters/4-150>		<http://ids.clld.org/values/4-150-286-1>		"kišiʔ (wik)"@pav	
"vent"@ca	<http://ids.clld.org/values/1-720-177-1>		<http://ids.clld.org/parameters/1-720>		<http://ids.clld.org/values/1-720-286-1>		"hotowa"@pav	
"córrer"@ca	<http://ids.clld.org/values/10-320-177-3>		<http://ids.clld.org/parameters/10-320>		<http://ids.clld.org/values/10-320-286-3>		"weweweo"@pav	
"córrer"@ca	<http://ids.clld.org/values/10-320-177-3>		<http://ids.clld.org/parameters/10-320>		<http://ids.clld.org/values/10-320-286-1>		"weo"@pav	
"escorça"@ca	<http://ids.clld.org/values/8-750-177-1>		<http://ids.clld.org/parameters/8-750>		<http://ids.clld.org/values/8-750-286-1>		"tapari"@pav	
"vida"@ca	<http://ids.clld.org/values/4-740-177-3>		<http://ids.clld.org/parameters/4-740>		<http://ids.clld.org/values/4-740-286-1>		"eʔ"@pav	
"sol"@ca	<http://ids.clld.org/values/1-520-177-1>		<http://ids.clld.org/parameters/1-520>		<http://ids.clld.org/values/1-520-286-1>		"šina"@pav	
"carn"@ca	<http://ids.clld.org/values/4-130-177-1>		<http://ids.clld.org/parameters/4-130>		<http://ids.clld.org/values/4-130-286-1>		"kwerešiʔ"@pav	
"gros"@ca	<http://ids.clld.org/values/12-550-177-1>		<http://ids.clld.org/parameters/12-550>		<http://ids.clld.org/values/12-550-286-1>		"hwaraʔ"@pav	
"gros"@ca	<http://ids.clld.org/values/12-550-177-1>		<http://ids.clld.org/parameters/12-550>		<http://ids.clld.org/values/12-550-286-3>		"horon"@pav	
"esquerra"@ca	<http://ids.clld.org/values/12-420-177-3>		<http://ids.clld.org/parameters/12-420>		<http://ids.clld.org/values/12-420-286-1>		"parayišiʔ"@pav	
"turó"@ca	<http://ids.clld.org/values/1-220-177-5>		<http://ids.clld.org/parameters/1-220>		<http://ids.clld.org/values/1-220-286-1>		"pakun"@pav	
"tu"@ca	<http://ids.clld.org/values/2-920-177-1>		<http://ids.clld.org/parameters/2-920>		<http://ids.clld.org/values/2-920-286-1>		"wum"@pav	
"prim"@ca	<http://ids.clld.org/values/12-650-177-1>		<http://ids.clld.org/parameters/12-650>		<http://ids.clld.org/values/12-650-286-1>		"šašiʔ"@pav	
"gel"@ca	<http://ids.clld.org/values/1-770-177-1>		<http://ids.clld.org/parameters/1-770>		<http://ids.clld.org/values/1-770-286-1>		"šio šio"@pav	
"recte"@ca	<http://ids.clld.org/values/12-730-177-1>		<http://ids.clld.org/parameters/12-730>		<http://ids.clld.org/values/12-730-286-1>		"ka om šone ne"@pav	
"algun"@ca	<http://ids.clld.org/values/13-181-177-1>		<http://ids.clld.org/parameters/13-181>		<http://ids.clld.org/values/13-181-286-1>		"arakaʔ"@pav	
"tallar"@ca	<http://ids.clld.org/values/9-220-177-1>		<http://ids.clld.org/parameters/9-220>		<http://ids.clld.org/values/9-220-286-7>		"nakarkamʔ"@pav	
"tallar"@ca	<http://ids.clld.org/values/9-220-177-1>		<http://ids.clld.org/parameters/9-220>		<http://ids.clld.org/values/9-220-286-3>		"wawak"@pav	
"tallar"@ca	<http://ids.clld.org/values/9-220-177-1>		<http://ids.clld.org/parameters/9-220>		<http://ids.clld.org/values/9-220-286-9>		"ta"@pav	
"tallar"@ca	<http://ids.clld.org/values/9-220-177-1>		<http://ids.clld.org/parameters/9-220>		<http://ids.clld.org/values/9-220-286-5>		"nakamʔ"@pav	
"tallar"@ca	<http://ids.clld.org/values/9-220-177-1>		<http://ids.clld.org/parameters/9-220>		<http://ids.clld.org/values/9-220-286-1>		"wak"@pav	
"ampli"@ca	<http://ids.clld.org/values/12-610-177-3>		<http://ids.clld.org/parameters/12-610>		<http://ids.clld.org/values/12-610-286-1>		"kote ne kimain"@pav	
"venir"@ca	<http://ids.clld.org/values/10-480-177-1>		<http://ids.clld.org/parameters/10-480>		<http://ids.clld.org/values/10-480-286-1>		"makiʔ"@pav	
"grana"@ca	<http://ids.clld.org/values/8-311-177-1>		<http://ids.clld.org/parameters/8-311>		<http://ids.clld.org/values/8-311-286-1>		"tokwi"@pav	
"nou"@ca	<http://ids.clld.org/values/14-130-177-1>		<http://ids.clld.org/parameters/14-130>		<http://ids.clld.org/values/14-130-286-1>		"šokori"@pav	
"vell"@ca	<http://ids.clld.org/values/14-150-177-1>		<http://ids.clld.org/parameters/14-150>		<http://ids.clld.org/values/14-150-286-1>		"maraʔ"@pav	
"vell"@ca	<http://ids.clld.org/values/14-150-177-1>		<http://ids.clld.org/parameters/14-150>		<http://ids.clld.org/values/14-150-286-3>		"horon"@pav	
"llengua"@ca	<http://ids.clld.org/values/4-260-177-1>		<http://ids.clld.org/parameters/4-260>		<http://ids.clld.org/values/4-260-286-1>		"petehwet nešiʔ (petehwet)"@pav	
"cosir"@ca	<http://ids.clld.org/values/6-350-177-1>		<http://ids.clld.org/parameters/6-350>		<http://ids.clld.org/values/6-350-286-1>		"ok"@pav	
"dos"@ca	<http://ids.clld.org/values/13-20-177-1>		<http://ids.clld.org/parameters/13-20>		<http://ids.clld.org/values/13-20-286-1>		"tuku karakan"@pav	
"eixugar"@ca	<http://ids.clld.org/values/9-310-177-3>		<http://ids.clld.org/parameters/9-310>		<http://ids.clld.org/values/9-310-286-1>		"šik"@pav	
"afilat"@ca	<http://ids.clld.org/values/15-780-177-1>		<http://ids.clld.org/parameters/15-780>		<http://ids.clld.org/values/15-780-286-1>		"šaʔ"@pav	
"rodó"@ca	<http://ids.clld.org/values/12-810-177-1>		<http://ids.clld.org/parameters/12-810>		<http://ids.clld.org/values/12-810-286-1>		"monoʔo"@pav	
"apunyalar"@ca	<http://ids.clld.org/values/9-223-177-1>		<http://ids.clld.org/parameters/9-223>		<http://ids.clld.org/values/9-223-286-1>		"šukunʔ"@pav	
"lligar"@ca	<http://ids.clld.org/values/9-160-177-1>		<http://ids.clld.org/parameters/9-160>		<http://ids.clld.org/values/9-160-286-1>		"tuku"@pav	
"empènyer"@ca	<http://ids.clld.org/values/10-670-177-1>		<http://ids.clld.org/parameters/10-670>		<http://ids.clld.org/values/10-670-286-1>		"yök"@pav	
