"ikanor"@ghl	<http://ids.clld.org/values/1-880-318-1>		<http://ids.clld.org/parameters/1-880>		<http://ids.clld.org/values/1-880-280-1>		"'kařo"@pcp	
"tónu kortúnu /  tíni korɪ́ni | tónu wattonu /  tí:ni wattɪni | tɛ́rɖu wattonu /  tɛrɖí wattini"@ghl	<http://ids.clld.org/values/2-280-318-1>		<http://ids.clld.org/parameters/2-280>		<http://ids.clld.org/values/2-280-280-1>		"'wakɨ 'pistia"@pcp	
"oɽí"@ghl	<http://ids.clld.org/values/15-640-318-1>		<http://ids.clld.org/parameters/15-640>		<http://ids.clld.org/values/15-640-280-1>		"'hoṣ̌o"@pcp	
"íŋi"@ghl	<http://ids.clld.org/values/15-350-318-1>		<http://ids.clld.org/parameters/15-350>		<http://ids.clld.org/values/15-350-280-1>		"tɨ'ɨ"@pcp	
"kanɖe tunu / ka:nɖéni || ka:nɖí"@ghl	<http://ids.clld.org/values/3-581-318-1>		<http://ids.clld.org/parameters/3-581>		<http://ids.clld.org/values/3-581-280-1>		"'isko"@pcp	
"ilíri"@ghl	<http://ids.clld.org/values/15-550-318-1>		<http://ids.clld.org/parameters/15-550>		<http://ids.clld.org/values/15-550-280-1>		"hi-'maki"@pcp	
"ɪɡɪč / ɪɡiǰano"@ghl	<http://ids.clld.org/values/4-450-318-1>		<http://ids.clld.org/parameters/4-450>		<http://ids.clld.org/values/4-450-280-1>		"'taka"@pcp	
"ʈaɽaŋ / ʈaɽaŋí"@ghl	<http://ids.clld.org/values/3-980-318-1>		<http://ids.clld.org/parameters/3-980>		<http://ids.clld.org/values/3-980-280-1>		"'ṣ̌awɨ"@pcp	
"topɲɛrí"@ghl	<http://ids.clld.org/values/3-810-318-1>		<http://ids.clld.org/parameters/3-810>		<http://ids.clld.org/values/3-810-280-1>		"wɨ'oso"@pcp	
"ɪ́niŋ / ɛnɲáŋ ||  ɛnɪŋ / ɪnɲaŋ"@ghl	<http://ids.clld.org/values/2-360-318-1>		<http://ids.clld.org/parameters/2-360>		<http://ids.clld.org/values/2-360-280-1>		"'kai"@pcp	
"ʃiyát"@ghl	<http://ids.clld.org/values/15-780-318-1>		<http://ids.clld.org/parameters/15-780>		<http://ids.clld.org/values/15-780-280-1>		"'ɨika"@pcp	
"a:tú / a:"@ghl	<http://ids.clld.org/values/4-208-318-1>		<http://ids.clld.org/parameters/4-208>		<http://ids.clld.org/values/4-208-280-1>		"'tamo"@pcp	
"arinwɛt / aríni"@ghl	<http://ids.clld.org/values/8-470-318-1>		<http://ids.clld.org/parameters/8-470>		<http://ids.clld.org/values/8-470-280-1>		"'ṣ̌ɨki"@pcp	
"torga / torgɪl"@ghl	<http://ids.clld.org/values/1-360-318-1>		<http://ids.clld.org/parameters/1-360>		<http://ids.clld.org/values/1-360-280-1>		"'ʔani"@pcp	
"torga / torgɪl"@ghl	<http://ids.clld.org/values/1-360-318-1>		<http://ids.clld.org/parameters/1-360>		<http://ids.clld.org/values/1-360-280-3>		"'pao"@pcp	
"ǰa:t / ǰa:ní"@ghl	<http://ids.clld.org/values/8-810-318-1>		<http://ids.clld.org/parameters/8-810>		<http://ids.clld.org/values/8-810-280-1>		"'koti"@pcp	
"ʈílur"@ghl	<http://ids.clld.org/values/15-810-318-1>		<http://ids.clld.org/parameters/15-810>		<http://ids.clld.org/values/15-810-280-1>		"'iwɨ"@pcp	
"álɖo / aɖɪní"@ghl	<http://ids.clld.org/values/4-440-318-1>		<http://ids.clld.org/parameters/4-440>		<http://ids.clld.org/values/4-440-280-1>		"howi'ti"@pcp	
"otta"@ghl	<http://ids.clld.org/values/1-840-318-1>		<http://ids.clld.org/parameters/1-840>		<http://ids.clld.org/values/1-840-280-1>		"'mišpo"@pcp	
"kot/ kwe"@ghl	<http://ids.clld.org/values/4-350-318-1>		<http://ids.clld.org/parameters/4-350>		<http://ids.clld.org/values/4-350-280-1>		"'wiko"@pcp	
"alač / alaǰúlu"@ghl	<http://ids.clld.org/values/9-250-318-1>		<http://ids.clld.org/parameters/9-250>		<http://ids.clld.org/values/9-250-280-1>		"[hača]"@pcp	
"óra"@ghl	<http://ids.clld.org/values/13-20-318-1>		<http://ids.clld.org/parameters/13-20>		<http://ids.clld.org/values/13-20-280-1>		"ra'wɨ"@pcp	
"ʃal / ʃadú"@ghl	<http://ids.clld.org/values/7-120-318-1>		<http://ids.clld.org/parameters/7-120>		<http://ids.clld.org/values/7-120-280-1>		"'ṣ̌owo"@pcp	
"are"@ghl	<http://ids.clld.org/values/1-750-318-1>		<http://ids.clld.org/parameters/1-750>		<http://ids.clld.org/values/1-750-280-3>		"ʔo'i"@pcp	
"are"@ghl	<http://ids.clld.org/values/1-750-318-1>		<http://ids.clld.org/parameters/1-750>		<http://ids.clld.org/values/1-750-280-1>		"o'i"@pcp	
"yɛ | o"@ghl	<http://ids.clld.org/values/2-910-318-1>		<http://ids.clld.org/parameters/2-910>		<http://ids.clld.org/values/2-910-280-1>		"'ɨa"@pcp	
"ulál"@ghl	<http://ids.clld.org/values/14-410-318-1>		<http://ids.clld.org/parameters/14-410>		<http://ids.clld.org/values/14-410-280-1>		"'waři"@pcp	
"áɽo | áɖu"@ghl	<http://ids.clld.org/values/8-560-318-1>		<http://ids.clld.org/parameters/8-560>		<http://ids.clld.org/values/8-560-280-1>		"'pɨʔi"@pcp	
"duwɛt"@ghl	<http://ids.clld.org/values/1-730-318-1>		<http://ids.clld.org/parameters/1-730>		<http://ids.clld.org/values/1-730-280-1>		"'c̷ɨmo"@pcp	
"ɡɪm"@ghl	<http://ids.clld.org/values/3-831-318-1>		<http://ids.clld.org/parameters/3-831>		<http://ids.clld.org/values/3-831-280-1>		"'šio"@pcp	
"ɡɪm"@ghl	<http://ids.clld.org/values/3-831-318-1>		<http://ids.clld.org/parameters/3-831>		<http://ids.clld.org/values/3-831-280-3>		"'čio"@pcp	
"íɲuŋ / iɲé"@ghl	<http://ids.clld.org/values/4-230-318-1>		<http://ids.clld.org/parameters/4-230>		<http://ids.clld.org/values/4-230-280-1>		"řɨ'kina"@pcp	
"ɔʃí"@ghl	<http://ids.clld.org/values/4-330-318-1>		<http://ids.clld.org/parameters/4-330>		<http://ids.clld.org/values/4-330-280-1>		"mɨ'kɨna"@pcp	
"ʃɪttíri | ɖwatíɽi"@ghl	<http://ids.clld.org/values/9-220-318-1>		<http://ids.clld.org/parameters/9-220>		<http://ids.clld.org/values/9-220-280-1>		"'kɨɨsakia"@pcp	
"ku:t / kwe"@ghl	<http://ids.clld.org/values/4-370-318-1>		<http://ids.clld.org/parameters/4-370>		<http://ids.clld.org/values/4-370-280-1>		"'taʔɨ"@pcp	
"kóɽol / koɽudé"@ghl	<http://ids.clld.org/values/3-650-318-1>		<http://ids.clld.org/parameters/3-650>		<http://ids.clld.org/values/3-650-280-3>		"'woɨ"@pcp	
"kóɽol / koɽudé"@ghl	<http://ids.clld.org/values/3-650-318-1>		<http://ids.clld.org/parameters/3-650>		<http://ids.clld.org/values/3-650-280-1>		"sa'nino"@pcp	
"níntu / níni || niːniní"@ghl	<http://ids.clld.org/values/3-832-318-1>		<http://ids.clld.org/parameters/3-832>		<http://ids.clld.org/values/3-832-280-1>		"'wii"@pcp	
"nontu / nontí"@ghl	<http://ids.clld.org/values/1-530-318-1>		<http://ids.clld.org/parameters/1-530>		<http://ids.clld.org/values/1-530-280-1>		"'ʔoṣ̌ɨ"@pcp	
"top"@ghl	<http://ids.clld.org/values/1-210-318-1>		<http://ids.clld.org/parameters/1-210>		<http://ids.clld.org/values/1-210-280-1>		"'mai"@pcp	
"kor"@ghl	<http://ids.clld.org/values/5-140-318-1>		<http://ids.clld.org/parameters/5-140>		<http://ids.clld.org/values/5-140-280-1>		"paṣ̌na'hai"@pcp	
"ábul / abudé"@ghl	<http://ids.clld.org/values/4-240-318-1>		<http://ids.clld.org/parameters/4-240>		<http://ids.clld.org/values/4-240-280-1>		"kɨ'wɨči"@pcp	
"oǰaŋ / oǰáŋ || oǰaŋí"@ghl	<http://ids.clld.org/values/2-310-318-1>		<http://ids.clld.org/parameters/2-310>		<http://ids.clld.org/values/2-310-280-1>		"'wɨnɨ"@pcp	
"káltu / kalé"@ghl	<http://ids.clld.org/values/4-210-318-1>		<http://ids.clld.org/parameters/4-210>		<http://ids.clld.org/values/4-210-280-1>		"'wɨřo"@pcp	
"ebí"@ghl	<http://ids.clld.org/values/9-360-318-1>		<http://ids.clld.org/parameters/9-360>		<http://ids.clld.org/values/9-360-280-1>		"'aši"@pcp	
"ŋéli"@ghl	<http://ids.clld.org/values/15-510-318-1>		<http://ids.clld.org/parameters/15-510>		<http://ids.clld.org/values/15-510-280-1>		"his'pa"@pcp	
"ŋéli"@ghl	<http://ids.clld.org/values/15-510-318-1>		<http://ids.clld.org/parameters/15-510>		<http://ids.clld.org/values/15-510-280-3>		"'hisna"@pcp	
"ɪdu / ɪli"@ghl	<http://ids.clld.org/values/2-220-318-1>		<http://ids.clld.org/parameters/2-220>		<http://ids.clld.org/values/2-220-280-1>		"'yoṣ̌a"@pcp	
"kortu / koro"@ghl	<http://ids.clld.org/values/2-210-318-1>		<http://ids.clld.org/parameters/2-210>		<http://ids.clld.org/values/2-210-280-1>		"'honi"@pcp	
"ágaŋ / agáŋ | ʃalmaŋ"@ghl	<http://ids.clld.org/values/2-350-318-1>		<http://ids.clld.org/parameters/2-350>		<http://ids.clld.org/values/2-350-280-1>		"'ɨpa"@pcp	
"ágaŋ / agáŋ | ʃalmaŋ"@ghl	<http://ids.clld.org/values/2-350-318-1>		<http://ids.clld.org/parameters/2-350>		<http://ids.clld.org/values/2-350-280-3>		"'ʔɨpa"@pcp	
"kamé"@ghl	<http://ids.clld.org/values/5-550-318-1>		<http://ids.clld.org/parameters/5-550>		<http://ids.clld.org/values/5-550-280-1>		"'moto"@pcp	
"kul / kúli"@ghl	<http://ids.clld.org/values/12-850-318-1>		<http://ids.clld.org/parameters/12-850>		<http://ids.clld.org/values/12-850-280-1>		"'kini"@pcp	
"or / orí"@ghl	<http://ids.clld.org/values/8-600-318-1>		<http://ids.clld.org/parameters/8-600>		<http://ids.clld.org/values/8-600-280-1>		"'hiwi"@pcp	
"ɔ́nʈu / ɔnʈé"@ghl	<http://ids.clld.org/values/4-310-318-1>		<http://ids.clld.org/parameters/4-310>		<http://ids.clld.org/values/4-310-280-1>		"po'yana"@pcp	
"ǰɪɖu / ǰɪl"@ghl	<http://ids.clld.org/values/4-270-318-1>		<http://ids.clld.org/parameters/4-270>		<http://ids.clld.org/values/4-270-280-1>		"'ṣ̌ɨna"@pcp	
"uɽá / uɽíl"@ghl	<http://ids.clld.org/values/3-580-318-1>		<http://ids.clld.org/parameters/3-580>		<http://ids.clld.org/values/3-580-280-1>		"'naʔa"@pcp	
"wattunú"@ghl	<http://ids.clld.org/values/12-560-318-1>		<http://ids.clld.org/parameters/12-560>		<http://ids.clld.org/values/12-560-280-1>		"'mišni"@pcp	
"ʊ́r"@ghl	<http://ids.clld.org/values/4-150-318-1>		<http://ids.clld.org/parameters/4-150>		<http://ids.clld.org/values/4-150-280-1>		"'himi"@pcp	
"kɪl / kidú"@ghl	<http://ids.clld.org/values/3-750-318-1>		<http://ids.clld.org/parameters/3-750>		<http://ids.clld.org/values/3-750-280-1>		"'čaṣ̌o"@pcp	
"ʈoɲultu"@ghl	<http://ids.clld.org/values/3-823-318-1>		<http://ids.clld.org/parameters/3-823>		<http://ids.clld.org/values/3-823-280-1>		"'wina"@pcp	
"ʈɪltú / ʈɪl"@ghl	<http://ids.clld.org/values/4-140-318-1>		<http://ids.clld.org/parameters/4-140>		<http://ids.clld.org/values/4-140-280-1>		"'woo"@pcp	
"kawkow / kawkowí"@ghl	<http://ids.clld.org/values/4-441-318-1>		<http://ids.clld.org/parameters/4-441>		<http://ids.clld.org/values/4-441-280-1>		"'taṣ̌a"@pcp	
"to | Ø"@ghl	<http://ids.clld.org/values/2-930-318-1>		<http://ids.clld.org/parameters/2-930>		<http://ids.clld.org/values/2-930-280-1>		"'haa"@pcp	
"onu / onɛtu"@ghl	<http://ids.clld.org/values/1-540-318-1>		<http://ids.clld.org/parameters/1-540>		<http://ids.clld.org/values/1-540-280-1>		"'wištima"@pcp	
"kakiri"@ghl	<http://ids.clld.org/values/9-270-318-1>		<http://ids.clld.org/parameters/9-270>		<http://ids.clld.org/values/9-270-280-1>		"ma'tošmaki"@pcp	
"durǰír | a:ǰér"@ghl	<http://ids.clld.org/values/12-440-318-1>		<http://ids.clld.org/parameters/12-440>		<http://ids.clld.org/values/12-440-280-1>		"nɨ'ama"@pcp	
"kɛ́le"@ghl	<http://ids.clld.org/values/15-660-318-1>		<http://ids.clld.org/parameters/15-660>		<http://ids.clld.org/values/15-660-280-1>		"'šini"@pcp	
"íka / ikɪ́l"@ghl	<http://ids.clld.org/values/1-810-318-1>		<http://ids.clld.org/parameters/1-810>		<http://ids.clld.org/values/1-810-280-1>		"'čiʔi"@pcp	
"ɪ́rtit / ɪrtidanú || ɪrtinú"@ghl	<http://ids.clld.org/values/8-540-318-1>		<http://ids.clld.org/parameters/8-540>		<http://ids.clld.org/values/8-540-280-1>		"ta'pono"@pcp	
"ʃalme"@ghl	<http://ids.clld.org/values/4-142-318-1>		<http://ids.clld.org/parameters/4-142>		<http://ids.clld.org/values/4-142-280-1>		"'kɨni"@pcp	
"kɪŋíri"@ghl	<http://ids.clld.org/values/9-110-318-1>		<http://ids.clld.org/parameters/9-110>		<http://ids.clld.org/values/9-110-280-1>		"i'wɨ"@pcp	
"ɔti"@ghl	<http://ids.clld.org/values/1-310-318-1>		<http://ids.clld.org/parameters/1-310>		<http://ids.clld.org/values/1-310-280-1>		"'hɨnɨ"@pcp	
"arrɛnayn"@ghl	<http://ids.clld.org/values/1-510-318-1>		<http://ids.clld.org/parameters/1-510>		<http://ids.clld.org/values/1-510-280-1>		"na'ipa"@pcp	
"akka"@ghl	<http://ids.clld.org/values/6-240-318-1>		<http://ids.clld.org/parameters/6-240>		<http://ids.clld.org/values/6-240-280-1>		"waṣ̌'mɨna"@pcp	
"koɽu / koɽí"@ghl	<http://ids.clld.org/values/3-586-318-1>		<http://ids.clld.org/parameters/3-586>		<http://ids.clld.org/values/3-586-280-1>		"po'iko"@pcp	
"ʊr / ʊranú"@ghl	<http://ids.clld.org/values/4-200-318-1>		<http://ids.clld.org/parameters/4-200>		<http://ids.clld.org/values/4-200-280-1>		"'mapo"@pcp	
"káto / kaní"@ghl	<http://ids.clld.org/values/8-120-318-1>		<http://ids.clld.org/parameters/8-120>		<http://ids.clld.org/values/8-120-280-1>		"'wai"@pcp	
"koɲúltu / koɲɪ́l"@ghl	<http://ids.clld.org/values/5-970-318-1>		<http://ids.clld.org/parameters/5-970>		<http://ids.clld.org/values/5-970-280-1>		"'wači"@pcp	
"úlče / ulǰé"@ghl	<http://ids.clld.org/values/4-220-318-1>		<http://ids.clld.org/parameters/4-220>		<http://ids.clld.org/values/4-220-280-1>		"'paʔoki"@pcp	
"ordú / ordɪ́l"@ghl	<http://ids.clld.org/values/8-570-318-1>		<http://ids.clld.org/parameters/8-570>		<http://ids.clld.org/values/8-570-280-3>		"řeṣ̌'pana"@pcp	
"ordú / ordɪ́l"@ghl	<http://ids.clld.org/values/8-570-318-1>		<http://ids.clld.org/parameters/8-570>		<http://ids.clld.org/values/8-570-280-1>		"'hoa"@pcp	
"ku:nú"@ghl	<http://ids.clld.org/values/1-830-318-1>		<http://ids.clld.org/parameters/1-830>		<http://ids.clld.org/values/1-830-280-1>		"ko'ʔina"@pcp	
"areŋotute"@ghl	<http://ids.clld.org/values/1-560-318-1>		<http://ids.clld.org/parameters/1-560>		<http://ids.clld.org/values/1-560-280-1>		"'naina"@pcp	
"ǰaɖu / ǰalanu"@ghl	<http://ids.clld.org/values/4-260-318-1>		<http://ids.clld.org/parameters/4-260>		<http://ids.clld.org/values/4-260-280-1>		"'hana"@pcp	
"ʈwar / ʈwaréor ʈwarí"@ghl	<http://ids.clld.org/values/3-950-318-1>		<http://ids.clld.org/parameters/3-950>		<http://ids.clld.org/values/3-950-280-1>		"wɨṣ̌ko"@pcp	
"kukúr / kukíɽi"@ghl	<http://ids.clld.org/values/3-550-318-1>		<http://ids.clld.org/parameters/3-550>		<http://ids.clld.org/values/3-550-280-1>		"pati'aři"@pcp	
"ór / orí"@ghl	<http://ids.clld.org/values/1-420-318-1>		<http://ids.clld.org/parameters/1-420>		<http://ids.clld.org/values/1-420-280-1>		"'hiwi"@pcp	
"ɪdu / ɪli"@ghl	<http://ids.clld.org/values/2-320-318-1>		<http://ids.clld.org/parameters/2-320>		<http://ids.clld.org/values/2-320-280-1>		"ʔa'wini"@pcp	
"kwɛt / kwéni"@ghl	<http://ids.clld.org/values/4-160-318-1>		<http://ids.clld.org/parameters/4-160>		<http://ids.clld.org/values/4-160-280-1>		"'ṣ̌ao"@pcp	
"ɪŋŋaltu | ɪč"@ghl	<http://ids.clld.org/values/1-520-318-1>		<http://ids.clld.org/parameters/1-520>		<http://ids.clld.org/values/1-520-280-1>		"'waři"@pcp	
"ɖor / ɖorí"@ghl	<http://ids.clld.org/values/4-120-318-1>		<http://ids.clld.org/parameters/4-120>		<http://ids.clld.org/values/4-120-280-1>		"'wiči"@pcp	
"ími / ímil || íminu"@ghl	<http://ids.clld.org/values/3-596-318-1>		<http://ids.clld.org/parameters/3-596>		<http://ids.clld.org/values/3-596-280-1>		"'popo"@pcp	
