"aɲor"@ghl	<http://ids.clld.org/values/5-791-318-1>		<http://ids.clld.org/parameters/5-791>		<http://ids.clld.org/values/5-791-286-1>		"homain"@pav	
"ʈur"@ghl	<http://ids.clld.org/values/12-810-318-1>		<http://ids.clld.org/parameters/12-810>		<http://ids.clld.org/values/12-810-286-1>		"monoʔo"@pav	
"koloká"@ghl	<http://ids.clld.org/values/12-630-318-1>		<http://ids.clld.org/parameters/12-630>		<http://ids.clld.org/values/12-630-286-1>		"kwere"@pav	
"twe"@ghl	<http://ids.clld.org/values/10-480-318-1>		<http://ids.clld.org/parameters/10-480>		<http://ids.clld.org/values/10-480-286-1>		"makiʔ"@pav	
"oɽí"@ghl	<http://ids.clld.org/values/15-640-318-1>		<http://ids.clld.org/parameters/15-640>		<http://ids.clld.org/values/15-640-286-1>		"towoʔ"@pav	
"ɪt / ɪ́ni"@ghl	<http://ids.clld.org/values/2-100-318-1>		<http://ids.clld.org/parameters/2-100>		<http://ids.clld.org/values/2-100-286-1>		"wariʔ"@pav	
"ŋaǰí"@ghl	<http://ids.clld.org/values/10-450-318-1>		<http://ids.clld.org/parameters/10-450>		<http://ids.clld.org/values/10-450-286-1>		"šut"@pav	
"ŋaǰí"@ghl	<http://ids.clld.org/values/10-450-318-1>		<http://ids.clld.org/parameters/10-450>		<http://ids.clld.org/values/10-450-286-3>		"šurušut"@pav	
"kanɖe tunu / ka:nɖéni || ka:nɖí"@ghl	<http://ids.clld.org/values/3-581-318-1>		<http://ids.clld.org/parameters/3-581>		<http://ids.clld.org/values/3-581-286-1>		"me"@pav	
"iʃí"@ghl	<http://ids.clld.org/values/15-210-318-1>		<http://ids.clld.org/parameters/15-210>		<http://ids.clld.org/values/15-210-286-3>		"hu"@pav	
"iʃí"@ghl	<http://ids.clld.org/values/15-210-318-1>		<http://ids.clld.org/parameters/15-210>		<http://ids.clld.org/values/15-210-286-1>		"nak"@pav	
"ɪɡɪč / ɪɡiǰano"@ghl	<http://ids.clld.org/values/4-450-318-1>		<http://ids.clld.org/parameters/4-450>		<http://ids.clld.org/values/4-450-286-1>		"tarawanašiʔ (tarawan)"@pav	
"wi | wi"@ghl	<http://ids.clld.org/values/2-950-318-1>		<http://ids.clld.org/parameters/2-950>		<http://ids.clld.org/values/2-950-286-1>		"wahuʔ"@pav	
"wi:míŋ"@ghl	<http://ids.clld.org/values/15-851-318-1>		<http://ids.clld.org/parameters/15-851>		<http://ids.clld.org/values/15-851-286-3>		"nonoe"@pav	
"wi:míŋ"@ghl	<http://ids.clld.org/values/15-851-318-1>		<http://ids.clld.org/parameters/15-851>		<http://ids.clld.org/values/15-851-286-1>		"šain"@pav	
"ɪ́niŋ / ɛnɲáŋ ||  ɛnɪŋ / ɪnɲaŋ"@ghl	<http://ids.clld.org/values/2-360-318-1>		<http://ids.clld.org/parameters/2-360>		<http://ids.clld.org/values/2-360-286-1>		"naʔ"@pav	
"ʃiyát"@ghl	<http://ids.clld.org/values/15-780-318-1>		<http://ids.clld.org/parameters/15-780>		<http://ids.clld.org/values/15-780-286-1>		"šaʔ"@pav	
"odí"@ghl	<http://ids.clld.org/values/16-260-318-1>		<http://ids.clld.org/parameters/16-260>		<http://ids.clld.org/values/16-260-286-1>		"warayu"@pav	
"kwarí"@ghl	<http://ids.clld.org/values/5-480-318-1>		<http://ids.clld.org/parameters/5-480>		<http://ids.clld.org/values/5-480-286-1>		"kuruk"@pav	
"ʃɪn / ʃiní"@ghl	<http://ids.clld.org/values/14-730-318-1>		<http://ids.clld.org/parameters/14-730>		<http://ids.clld.org/values/14-730-286-1>		"kawašiʔ"@pav	
"torga / torgɪl"@ghl	<http://ids.clld.org/values/1-360-318-1>		<http://ids.clld.org/parameters/1-360>		<http://ids.clld.org/values/1-360-286-1>		"kom"@pav	
"ʈílur"@ghl	<http://ids.clld.org/values/15-810-318-1>		<http://ids.clld.org/parameters/15-810>		<http://ids.clld.org/values/15-810-286-3>		"taʔ man"@pav	
"ʈílur"@ghl	<http://ids.clld.org/values/15-810-318-1>		<http://ids.clld.org/parameters/15-810>		<http://ids.clld.org/values/15-810-286-1>		"šite"@pav	
"ʈílur"@ghl	<http://ids.clld.org/values/15-810-318-1>		<http://ids.clld.org/parameters/15-810>		<http://ids.clld.org/values/15-810-286-5>		"teʔ man"@pav	
"ʃa:duké | ʃa:dí"@ghl	<http://ids.clld.org/values/4-570-318-1>		<http://ids.clld.org/parameters/4-570>		<http://ids.clld.org/values/4-570-286-1>		"weʔ"@pav	
"wa:tiní"@ghl	<http://ids.clld.org/values/13-170-318-1>		<http://ids.clld.org/parameters/13-170>		<http://ids.clld.org/values/13-170-286-1>		"parek"@pav	
"álɖo / aɖɪní"@ghl	<http://ids.clld.org/values/4-440-318-1>		<http://ids.clld.org/parameters/4-440>		<http://ids.clld.org/values/4-440-286-1>		"šimišiʔ (šim)"@pav	
"ʈwakí"@ghl	<http://ids.clld.org/values/9-160-318-1>		<http://ids.clld.org/parameters/9-160>		<http://ids.clld.org/values/9-160-286-1>		"tuku"@pav	
"móno"@ghl	<http://ids.clld.org/values/8-510-318-1>		<http://ids.clld.org/parameters/8-510>		<http://ids.clld.org/values/8-510-286-1>		"tononoin"@pav	
"otta"@ghl	<http://ids.clld.org/values/1-840-318-1>		<http://ids.clld.org/parameters/1-840>		<http://ids.clld.org/values/1-840-286-1>		"topakon"@pav	
"kot/ kwe"@ghl	<http://ids.clld.org/values/4-350-318-1>		<http://ids.clld.org/parameters/4-350>		<http://ids.clld.org/values/4-350-286-1>		"pišiyašiʔ"@pav	
"kot/ kwe"@ghl	<http://ids.clld.org/values/4-350-318-1>		<http://ids.clld.org/parameters/4-350>		<http://ids.clld.org/values/4-350-286-3>		"kokošiʔ"@pav	
"kubi"@ghl	<http://ids.clld.org/values/4-853-318-1>		<http://ids.clld.org/parameters/4-853>		<http://ids.clld.org/values/4-853-286-1>		"mom"@pav	
"or / ordanú"@ghl	<http://ids.clld.org/values/18-280-318-1>		<http://ids.clld.org/parameters/18-280>		<http://ids.clld.org/values/18-280-286-1>		"wišišiʔ (wit)"@pav	
"óra"@ghl	<http://ids.clld.org/values/13-20-318-1>		<http://ids.clld.org/parameters/13-20>		<http://ids.clld.org/values/13-20-286-1>		"tuku karakan"@pav	
"ɔdu / ɔl"@ghl	<http://ids.clld.org/values/4-410-318-1>		<http://ids.clld.org/parameters/4-410>		<http://ids.clld.org/values/4-410-286-1>		"karašišiʔ (katat)"@pav	
"ǰɛl"@ghl	<http://ids.clld.org/values/4-610-318-1>		<http://ids.clld.org/parameters/4-610>		<http://ids.clld.org/values/4-610-286-1>		"piʔam"@pav	
"ɔtɪnɖwɛt"@ghl	<http://ids.clld.org/values/1-770-318-1>		<http://ids.clld.org/parameters/1-770>		<http://ids.clld.org/values/1-770-286-1>		"šio šio"@pav	
"ɲɪl"@ghl	<http://ids.clld.org/values/12-420-318-1>		<http://ids.clld.org/parameters/12-420>		<http://ids.clld.org/values/12-420-286-1>		"parayišiʔ"@pav	
"wéɪŋ"@ghl	<http://ids.clld.org/values/12-410-318-1>		<http://ids.clld.org/parameters/12-410>		<http://ids.clld.org/values/12-410-286-1>		"irikwerešiʔ"@pav	
"ór / orí"@ghl	<http://ids.clld.org/values/1-430-318-1>		<http://ids.clld.org/parameters/1-430>		<http://ids.clld.org/values/1-430-286-1>		"pana"@pav	
"kwaǰí"@ghl	<http://ids.clld.org/values/8-220-318-1>		<http://ids.clld.org/parameters/8-220>		<http://ids.clld.org/values/8-220-286-1>		"še"@pav	
"kwaǰí"@ghl	<http://ids.clld.org/values/8-220-318-1>		<http://ids.clld.org/parameters/8-220>		<http://ids.clld.org/values/8-220-286-3>		"šikeʔ"@pav	
"ʊɽʊ"@ghl	<http://ids.clld.org/values/1-213-318-1>		<http://ids.clld.org/parameters/1-213>		<http://ids.clld.org/values/1-213-286-1>		"tainʔ"@pav	
"kakar / aŕi"@ghl	<http://ids.clld.org/values/1-440-318-1>		<http://ids.clld.org/parameters/1-440>		<http://ids.clld.org/values/1-440-286-1>		"pakun"@pav	
"ɖetu ali | ɖetu"@ghl	<http://ids.clld.org/values/4-510-318-1>		<http://ids.clld.org/parameters/4-510>		<http://ids.clld.org/values/4-510-286-1>		"wereme"@pav	
"bol / bʊ́li"@ghl	<http://ids.clld.org/values/3-610-318-1>		<http://ids.clld.org/parameters/3-610>		<http://ids.clld.org/values/3-610-286-1>		"oromiyak"@pav	
"urum"@ghl	<http://ids.clld.org/values/1-740-318-1>		<http://ids.clld.org/parameters/1-740>		<http://ids.clld.org/values/1-740-286-1>		"murukukuʔ"@pav	
"kɔlí"@ghl	<http://ids.clld.org/values/5-110-318-1>		<http://ids.clld.org/parameters/5-110>		<http://ids.clld.org/values/5-110-286-1>		"kaoʔ"@pav	
"kɔlí"@ghl	<http://ids.clld.org/values/5-110-318-1>		<http://ids.clld.org/parameters/5-110>		<http://ids.clld.org/values/5-110-286-3>		"kakakaoʔ"@pav	
"are"@ghl	<http://ids.clld.org/values/1-750-318-1>		<http://ids.clld.org/parameters/1-750>		<http://ids.clld.org/values/1-750-286-1>		"šowiʔ"@pav	
"ɖúri | ʃwalákur"@ghl	<http://ids.clld.org/values/15-770-318-1>		<http://ids.clld.org/parameters/15-770>		<http://ids.clld.org/values/15-770-286-1>		"topišik"@pav	
"orŋu:da / oriŋu:da"@ghl	<http://ids.clld.org/values/8-750-318-1>		<http://ids.clld.org/parameters/8-750>		<http://ids.clld.org/values/8-750-286-1>		"tapari"@pav	
"yɛ | o"@ghl	<http://ids.clld.org/values/2-910-318-1>		<http://ids.clld.org/parameters/2-910>		<http://ids.clld.org/values/2-910-286-1>		"wataʔ"@pav	
"ʃóʈu / ʃóʈil | or"@ghl	<http://ids.clld.org/values/10-720-318-1>		<http://ids.clld.org/parameters/10-720>		<http://ids.clld.org/values/10-720-286-1>		"wana (wanayišiʔ)"@pav	
"ulál"@ghl	<http://ids.clld.org/values/14-410-318-1>		<http://ids.clld.org/parameters/14-410>		<http://ids.clld.org/values/14-410-286-1>		"šek"@pav	
"áɽo | áɖu"@ghl	<http://ids.clld.org/values/8-560-318-1>		<http://ids.clld.org/parameters/8-560>		<http://ids.clld.org/values/8-560-286-1>		"tenenein"@pav	
"duwɛt"@ghl	<http://ids.clld.org/values/1-730-318-1>		<http://ids.clld.org/parameters/1-730>		<http://ids.clld.org/values/1-730-286-1>		"tayain nanawin"@pav	
"baɼɽá"@ghl	<http://ids.clld.org/values/15-690-318-1>		<http://ids.clld.org/parameters/15-690>		<http://ids.clld.org/values/15-690-286-1>		"košik"@pav	
"kwaǰé / kwaǰɪ́l"@ghl	<http://ids.clld.org/values/5-610-318-1>		<http://ids.clld.org/parameters/5-610>		<http://ids.clld.org/values/5-610-286-1>		"karawa (karamayišiʔ)"@pav	
"kaʈí"@ghl	<http://ids.clld.org/values/10-670-318-1>		<http://ids.clld.org/parameters/10-670>		<http://ids.clld.org/values/10-670-286-1>		"yök"@pav	
"ɛǰe"@ghl	<http://ids.clld.org/values/1-410-318-1>		<http://ids.clld.org/parameters/1-410>		<http://ids.clld.org/values/1-410-286-1>		"nahwarak"@pav	
"bʊdí"@ghl	<http://ids.clld.org/values/9-210-318-1>		<http://ids.clld.org/parameters/9-210>		<http://ids.clld.org/values/9-210-286-1>		"toʔ"@pav	
"kagí"@ghl	<http://ids.clld.org/values/11-150-318-1>		<http://ids.clld.org/parameters/11-150>		<http://ids.clld.org/values/11-150-286-1>		"kep"@pav	
"kútu / kuté"@ghl	<http://ids.clld.org/values/4-360-318-1>		<http://ids.clld.org/parameters/4-360>		<http://ids.clld.org/values/4-360-286-1>		"karamašiʔ (karam)"@pav	
"áǰe"@ghl	<http://ids.clld.org/values/12-610-318-1>		<http://ids.clld.org/parameters/12-610>		<http://ids.clld.org/values/12-610-286-1>		"kote ne kimain"@pav	
"ilɛ́ri"@ghl	<http://ids.clld.org/values/1-851-318-1>		<http://ids.clld.org/parameters/1-851>		<http://ids.clld.org/values/1-851-286-3>		"wiran"@pav	
"ilɛ́ri"@ghl	<http://ids.clld.org/values/1-851-318-1>		<http://ids.clld.org/parameters/1-851>		<http://ids.clld.org/values/1-851-286-1>		"tom"@pav	
"ilɛ́ri"@ghl	<http://ids.clld.org/values/1-851-318-1>		<http://ids.clld.org/parameters/1-851>		<http://ids.clld.org/values/1-851-286-5>		"karahoʔ"@pav	
"ŋwa:tatnɪ́ŋ"@ghl	<http://ids.clld.org/values/12-730-318-1>		<http://ids.clld.org/parameters/12-730>		<http://ids.clld.org/values/12-730-286-1>		"ka om šone ne"@pav	
"komul / komudé || komudu"@ghl	<http://ids.clld.org/values/3-850-318-1>		<http://ids.clld.org/parameters/3-850>		<http://ids.clld.org/values/3-850-286-1>		"emʔ"@pav	
"íɲuŋ / iɲé"@ghl	<http://ids.clld.org/values/4-230-318-1>		<http://ids.clld.org/parameters/4-230>		<http://ids.clld.org/values/4-230-286-1>		"werešiʔ (ut)"@pav	
"ɔʃí"@ghl	<http://ids.clld.org/values/4-330-318-1>		<http://ids.clld.org/parameters/4-330>		<http://ids.clld.org/values/4-330-286-1>		"mišiʔ"@pav	
"ɔʃí"@ghl	<http://ids.clld.org/values/4-330-318-1>		<http://ids.clld.org/parameters/4-330>		<http://ids.clld.org/values/4-330-286-3>		"(umʔ)"@pav	
"ʃɪttíri | ɖwatíɽi"@ghl	<http://ids.clld.org/values/9-220-318-1>		<http://ids.clld.org/parameters/9-220>		<http://ids.clld.org/values/9-220-286-7>		"nakarkamʔ"@pav	
"ʃɪttíri | ɖwatíɽi"@ghl	<http://ids.clld.org/values/9-220-318-1>		<http://ids.clld.org/parameters/9-220>		<http://ids.clld.org/values/9-220-286-3>		"wawak"@pav	
"ʃɪttíri | ɖwatíɽi"@ghl	<http://ids.clld.org/values/9-220-318-1>		<http://ids.clld.org/parameters/9-220>		<http://ids.clld.org/values/9-220-286-9>		"ta"@pav	
"ʃɪttíri | ɖwatíɽi"@ghl	<http://ids.clld.org/values/9-220-318-1>		<http://ids.clld.org/parameters/9-220>		<http://ids.clld.org/values/9-220-286-5>		"nakamʔ"@pav	
"ʃɪttíri | ɖwatíɽi"@ghl	<http://ids.clld.org/values/9-220-318-1>		<http://ids.clld.org/parameters/9-220>		<http://ids.clld.org/values/9-220-286-1>		"wak"@pav	
"aʃé | aʃí"@ghl	<http://ids.clld.org/values/4-580-318-1>		<http://ids.clld.org/parameters/4-580>		<http://ids.clld.org/values/4-580-286-1>		"kio"@pav	
"ku:t / kwe"@ghl	<http://ids.clld.org/values/4-370-318-1>		<http://ids.clld.org/parameters/4-370>		<http://ids.clld.org/values/4-370-286-1>		"kašimašiʔ (kašim)"@pav	
"kóɽol / koɽudé"@ghl	<http://ids.clld.org/values/3-650-318-1>		<http://ids.clld.org/parameters/3-650>		<http://ids.clld.org/values/3-650-286-1>		"hwam (hwamišiʔ)"@pav	
"ɖiyɛ | ɖi"@ghl	<http://ids.clld.org/values/5-130-318-1>		<http://ids.clld.org/parameters/5-130>		<http://ids.clld.org/values/5-130-286-1>		"tok"@pav	
"ɖiyɛ | ɖi"@ghl	<http://ids.clld.org/values/5-130-318-1>		<http://ids.clld.org/parameters/5-130>		<http://ids.clld.org/values/5-130-286-3>		"tototok"@pav	
"ʈí"@ghl	<http://ids.clld.org/values/11-210-318-1>		<http://ids.clld.org/parameters/11-210>		<http://ids.clld.org/values/11-210-286-1>		"miʔ"@pav	
"nontu / nontí"@ghl	<http://ids.clld.org/values/1-530-318-1>		<http://ids.clld.org/parameters/1-530>		<http://ids.clld.org/values/1-530-286-1>		"panawoʔ"@pav	
"wa:tiní"@ghl	<http://ids.clld.org/values/13-181-318-1>		<http://ids.clld.org/parameters/13-181>		<http://ids.clld.org/values/13-181-286-1>		"arakaʔ"@pav	
"top"@ghl	<http://ids.clld.org/values/1-210-318-1>		<http://ids.clld.org/parameters/1-210>		<http://ids.clld.org/values/1-210-286-1>		"makanʔ"@pav	
"boloróŋ / boloroŋí | kúnɖu / kunɖanú"@ghl	<http://ids.clld.org/values/4-461-318-1>		<http://ids.clld.org/parameters/4-461>		<http://ids.clld.org/values/4-461-286-1>		"monošiʔ (mon)"@pav	
"ʃɛrgí"@ghl	<http://ids.clld.org/values/9-223-318-1>		<http://ids.clld.org/parameters/9-223>		<http://ids.clld.org/values/9-223-286-1>		"šukunʔ"@pav	
"áttu / atté"@ghl	<http://ids.clld.org/values/4-392-318-1>		<http://ids.clld.org/parameters/4-392>		<http://ids.clld.org/values/4-392-286-1>		"tapaši"@pav	
"ʊ́rguŋ || órguŋ"@ghl	<http://ids.clld.org/values/15-860-318-1>		<http://ids.clld.org/parameters/15-860>		<http://ids.clld.org/values/15-860-286-1>		"šio"@pav	
"ʊ́rguŋ || órguŋ"@ghl	<http://ids.clld.org/values/15-860-318-1>		<http://ids.clld.org/parameters/15-860>		<http://ids.clld.org/values/15-860-286-3>		"kapinʔ"@pav	
"ábul / abudé"@ghl	<http://ids.clld.org/values/4-240-318-1>		<http://ids.clld.org/parameters/4-240>		<http://ids.clld.org/values/4-240-286-1>		"kapiyašiʔ (topak)"@pav	
"waréri"@ghl	<http://ids.clld.org/values/18-120-318-1>		<http://ids.clld.org/parameters/18-120>		<http://ids.clld.org/values/18-120-286-1>		"kom"@pav	
"úbi"@ghl	<http://ids.clld.org/values/10-380-318-1>		<http://ids.clld.org/parameters/10-380>		<http://ids.clld.org/values/10-380-286-3>		"hukoʔ"@pav	
"úbi"@ghl	<http://ids.clld.org/values/10-380-318-1>		<http://ids.clld.org/parameters/10-380>		<http://ids.clld.org/values/10-380-286-1>		"hu"@pav	
"torɽá"@ghl	<http://ids.clld.org/values/14-150-318-1>		<http://ids.clld.org/parameters/14-150>		<http://ids.clld.org/values/14-150-286-1>		"maraʔ"@pav	
"torɽá"@ghl	<http://ids.clld.org/values/14-150-318-1>		<http://ids.clld.org/parameters/14-150>		<http://ids.clld.org/values/14-150-286-3>		"horon"@pav	
"oǰaŋ / oǰáŋ || oǰaŋí"@ghl	<http://ids.clld.org/values/2-310-318-1>		<http://ids.clld.org/parameters/2-310>		<http://ids.clld.org/values/2-310-286-1>		"taši"@pav	
"káltu / kalé"@ghl	<http://ids.clld.org/values/4-210-318-1>		<http://ids.clld.org/parameters/4-210>		<http://ids.clld.org/values/4-210-286-1>		"tokošiʔ (tok)"@pav	
"kɛ́ŋ"@ghl	<http://ids.clld.org/values/16-730-318-1>		<http://ids.clld.org/parameters/16-730>		<http://ids.clld.org/values/16-730-286-1>		"šoʔ"@pav	
"ebí"@ghl	<http://ids.clld.org/values/9-360-318-1>		<http://ids.clld.org/parameters/9-360>		<http://ids.clld.org/values/9-360-286-3>		"toʔ"@pav	
"ebí"@ghl	<http://ids.clld.org/values/9-360-318-1>		<http://ids.clld.org/parameters/9-360>		<http://ids.clld.org/values/9-360-286-1>		"hohok"@pav	
"ŋéli"@ghl	<http://ids.clld.org/values/15-510-318-1>		<http://ids.clld.org/parameters/15-510>		<http://ids.clld.org/values/15-510-286-1>		"kerek"@pav	
"ɲɛndu / ɲɛndini | tónu / tíni"@ghl	<http://ids.clld.org/values/2-270-318-1>		<http://ids.clld.org/parameters/2-270>		<http://ids.clld.org/values/2-270-286-1>		"piyeʔ"@pav	
"ip / ibanú || ibí"@ghl	<http://ids.clld.org/values/4-180-318-1>		<http://ids.clld.org/parameters/4-180>		<http://ids.clld.org/values/4-180-286-1>		"kahwerein"@pav	
"ʈiyál/ʈiyáni | ʈi"@ghl	<http://ids.clld.org/values/4-750-318-1>		<http://ids.clld.org/parameters/4-750>		<http://ids.clld.org/values/4-750-286-3>		"konoʔ"@pav	
"ʈiyál/ʈiyáni | ʈi"@ghl	<http://ids.clld.org/values/4-750-318-1>		<http://ids.clld.org/parameters/4-750>		<http://ids.clld.org/values/4-750-286-1>		"miʔ pin"@pav	
"itu"@ghl	<http://ids.clld.org/values/3-811-318-1>		<http://ids.clld.org/parameters/3-811>		<http://ids.clld.org/values/3-811-286-1>		"ioʔ"@pav	
"ɪdu / ɪli"@ghl	<http://ids.clld.org/values/2-220-318-1>		<http://ids.clld.org/parameters/2-220>		<http://ids.clld.org/values/2-220-286-1>		"narimaʔ"@pav	
"kortu / koro"@ghl	<http://ids.clld.org/values/2-210-318-1>		<http://ids.clld.org/parameters/2-210>		<http://ids.clld.org/values/2-210-286-1>		"taramaʔ"@pav	
"yɛrí"@ghl	<http://ids.clld.org/values/17-170-318-1>		<http://ids.clld.org/parameters/17-170>		<http://ids.clld.org/values/17-170-286-1>		"tašiʔ"@pav	
"yɛrí"@ghl	<http://ids.clld.org/values/17-170-318-1>		<http://ids.clld.org/parameters/17-170>		<http://ids.clld.org/values/17-170-286-3>		"kerek"@pav	
"yɛrí"@ghl	<http://ids.clld.org/values/17-170-318-1>		<http://ids.clld.org/parameters/17-170>		<http://ids.clld.org/values/17-170-286-5>		"kerek pinʔ"@pav	
"kardú / kardí"@ghl	<http://ids.clld.org/values/8-670-318-1>		<http://ids.clld.org/parameters/8-670>		<http://ids.clld.org/values/8-670-286-1>		"makon (makorišiʔ)"@pav	
"ágaŋ / agáŋ | ʃalmaŋ"@ghl	<http://ids.clld.org/values/2-350-318-1>		<http://ids.clld.org/parameters/2-350>		<http://ids.clld.org/values/2-350-286-1>		"te"@pav	
"tɪŋeri"@ghl	<http://ids.clld.org/values/10-230-318-1>		<http://ids.clld.org/parameters/10-230>		<http://ids.clld.org/values/10-230-286-3>		"kamaraʔ"@pav	
"tɪŋeri"@ghl	<http://ids.clld.org/values/10-230-318-1>		<http://ids.clld.org/parameters/10-230>		<http://ids.clld.org/values/10-230-286-1>		"panʔ"@pav	
"bɪ́ɽgi"@ghl	<http://ids.clld.org/values/10-130-318-1>		<http://ids.clld.org/parameters/10-130>		<http://ids.clld.org/values/10-130-286-1>		"yami"@pav	
"ɪnǰíri"@ghl	<http://ids.clld.org/values/13-150-318-1>		<http://ids.clld.org/parameters/13-150>		<http://ids.clld.org/values/13-150-286-1>		"iriʔ miyo/ miya"@pav	
"ʃíɽi"@ghl	<http://ids.clld.org/values/15-880-318-1>		<http://ids.clld.org/parameters/15-880>		<http://ids.clld.org/values/15-880-286-1>		"mišem"@pav	
"úǰi"@ghl	<http://ids.clld.org/values/9-310-318-1>		<http://ids.clld.org/parameters/9-310>		<http://ids.clld.org/values/9-310-286-1>		"šik"@pav	
"ʃele"@ghl	<http://ids.clld.org/values/5-810-318-1>		<http://ids.clld.org/parameters/5-810>		<http://ids.clld.org/values/5-810-286-1>		"[sal]"@pav	
"orgí"@ghl	<http://ids.clld.org/values/15-830-318-1>		<http://ids.clld.org/parameters/15-830>		<http://ids.clld.org/values/15-830-286-1>		"šoʔ"@pav	
"or / orí"@ghl	<http://ids.clld.org/values/8-600-318-1>		<http://ids.clld.org/parameters/8-600>		<http://ids.clld.org/values/8-600-286-1>		"pana"@pav	
"wey koní"@ghl	<http://ids.clld.org/values/18-210-318-1>		<http://ids.clld.org/parameters/18-210>		<http://ids.clld.org/values/18-210-286-1>		"tomiʔ"@pav	
"úri"@ghl	<http://ids.clld.org/values/15-650-318-1>		<http://ids.clld.org/parameters/15-650>		<http://ids.clld.org/values/15-650-286-1>		"mišem"@pav	
"ǰɪɖu / ǰɪl"@ghl	<http://ids.clld.org/values/4-270-318-1>		<http://ids.clld.org/parameters/4-270>		<http://ids.clld.org/values/4-270-286-1>		"šišiʔ (yat)"@pav	
"ɖul / ɖulanú"@ghl	<http://ids.clld.org/values/4-280-318-1>		<http://ids.clld.org/parameters/4-280>		<http://ids.clld.org/values/4-280-286-1>		"paramašiʔ"@pav	
"uɽi/uɽe | uɽí"@ghl	<http://ids.clld.org/values/4-760-318-1>		<http://ids.clld.org/parameters/4-760>		<http://ids.clld.org/values/4-760-286-1>		"paʔ"@pav	
"birkɛtu / birke"@ghl	<http://ids.clld.org/values/3-840-318-1>		<http://ids.clld.org/parameters/3-840>		<http://ids.clld.org/values/3-840-286-1>		"meteʔ"@pav	
"wattunú"@ghl	<http://ids.clld.org/values/12-560-318-1>		<http://ids.clld.org/parameters/12-560>		<http://ids.clld.org/values/12-560-286-1>		"wiyimain"@pav	
"ʊ́r"@ghl	<http://ids.clld.org/values/4-150-318-1>		<http://ids.clld.org/parameters/4-150>		<http://ids.clld.org/values/4-150-286-1>		"kišiʔ (wik)"@pav	
"ʃwi"@ghl	<http://ids.clld.org/values/4-740-318-1>		<http://ids.clld.org/parameters/4-740>		<http://ids.clld.org/values/4-740-286-1>		"eʔ"@pav	
"ɪɽʃu"@ghl	<http://ids.clld.org/values/1-720-318-1>		<http://ids.clld.org/parameters/1-720>		<http://ids.clld.org/values/1-720-286-1>		"hotowa"@pav	
"ǰidu | ǰidu biʃuŋ"@ghl	<http://ids.clld.org/values/4-560-318-1>		<http://ids.clld.org/parameters/4-560>		<http://ids.clld.org/values/4-560-286-1>		"hupaʔ"@pav	
"ɖuǰí"@ghl	<http://ids.clld.org/values/6-350-318-1>		<http://ids.clld.org/parameters/6-350>		<http://ids.clld.org/values/6-350-286-1>		"ok"@pav	
"ʈɪlt́u / ʈɪl"@ghl	<http://ids.clld.org/values/4-393-318-1>		<http://ids.clld.org/parameters/4-393>		<http://ids.clld.org/values/4-393-286-1>		"tenenein (šun)"@pav	
"ʈɪltú / ʈɪl"@ghl	<http://ids.clld.org/values/4-140-318-1>		<http://ids.clld.org/parameters/4-140>		<http://ids.clld.org/values/4-140-286-1>		"tenenešiʔ"@pav	
"ʈɪltú / ʈɪl"@ghl	<http://ids.clld.org/values/4-140-318-1>		<http://ids.clld.org/parameters/4-140>		<http://ids.clld.org/values/4-140-286-3>		"tenenein (šun)"@pav	
"maɲ / maɲanú"@ghl	<http://ids.clld.org/values/4-190-318-1>		<http://ids.clld.org/parameters/4-190>		<http://ids.clld.org/values/4-190-286-1>		"warašiʔ"@pav	
"kaŋé"@ghl	<http://ids.clld.org/values/20-610-318-1>		<http://ids.clld.org/parameters/20-610>		<http://ids.clld.org/values/20-610-286-1>		"yiʔam"@pav	
"to | Ø"@ghl	<http://ids.clld.org/values/2-930-318-1>		<http://ids.clld.org/parameters/2-930>		<http://ids.clld.org/values/2-930-286-1>		"ko maʔ"@pav	
"onu / onɛtu"@ghl	<http://ids.clld.org/values/1-540-318-1>		<http://ids.clld.org/parameters/1-540>		<http://ids.clld.org/values/1-540-286-1>		"piyoʔ"@pav	
"ɛrtí"@ghl	<http://ids.clld.org/values/10-250-318-1>		<http://ids.clld.org/parameters/10-250>		<http://ids.clld.org/values/10-250-286-3>		"wišikaoʔ"@pav	
"ɛrtí"@ghl	<http://ids.clld.org/values/10-250-318-1>		<http://ids.clld.org/parameters/10-250>		<http://ids.clld.org/values/10-250-286-1>		"šin"@pav	
"ʈa:ŕi"@ghl	<http://ids.clld.org/values/10-370-318-1>		<http://ids.clld.org/parameters/10-370>		<http://ids.clld.org/values/10-370-286-3>		"toin"@pav	
"ʈa:ŕi"@ghl	<http://ids.clld.org/values/10-370-318-1>		<http://ids.clld.org/parameters/10-370>		<http://ids.clld.org/values/10-370-286-1>		"takiʔ"@pav	
"kuǰí"@ghl	<http://ids.clld.org/values/10-340-318-1>		<http://ids.clld.org/parameters/10-340>		<http://ids.clld.org/values/10-340-286-1>		"ho"@pav	
"kuǰí"@ghl	<http://ids.clld.org/values/10-340-318-1>		<http://ids.clld.org/parameters/10-340>		<http://ids.clld.org/values/10-340-286-3>		"horoho"@pav	
"ʃɛrdú"@ghl	<http://ids.clld.org/values/12-590-318-1>		<http://ids.clld.org/parameters/12-590>		<http://ids.clld.org/values/12-590-286-1>		"wiyimain"@pav	
"kakiri"@ghl	<http://ids.clld.org/values/9-270-318-1>		<http://ids.clld.org/parameters/9-270>		<http://ids.clld.org/values/9-270-286-1>		"toʔ pahot"@pav	
"kakiri"@ghl	<http://ids.clld.org/values/9-270-318-1>		<http://ids.clld.org/parameters/9-270>		<http://ids.clld.org/values/9-270-286-3>		"toʔ pahorohot"@pav	
"kwaǰe / kwaǰɪl"@ghl	<http://ids.clld.org/values/4-130-318-1>		<http://ids.clld.org/parameters/4-130>		<http://ids.clld.org/values/4-130-286-1>		"kwerešiʔ"@pav	
"aǰe | ŋur"@ghl	<http://ids.clld.org/values/12-550-318-1>		<http://ids.clld.org/parameters/12-550>		<http://ids.clld.org/values/12-550-286-1>		"hwaraʔ"@pav	
"aǰe | ŋur"@ghl	<http://ids.clld.org/values/12-550-318-1>		<http://ids.clld.org/parameters/12-550>		<http://ids.clld.org/values/12-550-286-3>		"horon"@pav	
"durǰír | a:ǰér"@ghl	<http://ids.clld.org/values/12-440-318-1>		<http://ids.clld.org/parameters/12-440>		<http://ids.clld.org/values/12-440-286-1>		"pira"@pav	
"kiyeri"@ghl	<http://ids.clld.org/values/15-410-318-1>		<http://ids.clld.org/parameters/15-410>		<http://ids.clld.org/values/15-410-286-1>		"tarayu"@pav	
"kɛ́le"@ghl	<http://ids.clld.org/values/15-660-318-1>		<http://ids.clld.org/parameters/15-660>		<http://ids.clld.org/values/15-660-286-1>		"pakaʔ"@pav	
"kortu / kuru"@ghl	<http://ids.clld.org/values/2-230-318-1>		<http://ids.clld.org/parameters/2-230>		<http://ids.clld.org/values/2-230-286-1>		"taramaʔ"@pav	
"ʃwat"@ghl	<http://ids.clld.org/values/15-840-318-1>		<http://ids.clld.org/parameters/15-840>		<http://ids.clld.org/values/15-840-286-1>		"kawainʔ"@pav	
"íka / ikɪ́l"@ghl	<http://ids.clld.org/values/1-810-318-1>		<http://ids.clld.org/parameters/1-810>		<http://ids.clld.org/values/1-810-286-1>		"še"@pav	
"ɪ́rtit / ɪrtidanú || ɪrtinú"@ghl	<http://ids.clld.org/values/8-540-318-1>		<http://ids.clld.org/parameters/8-540>		<http://ids.clld.org/values/8-540-286-1>		"kašimain"@pav	
"ʃárdu"@ghl	<http://ids.clld.org/values/16-530-318-1>		<http://ids.clld.org/parameters/16-530>		<http://ids.clld.org/values/16-530-286-1>		"yinʔ"@pav	
"warí"@ghl	<http://ids.clld.org/values/11-310-318-1>		<http://ids.clld.org/parameters/11-310>		<http://ids.clld.org/values/11-310-286-1>		"noro"@pav	
"ɖiǰí | ɖitíri"@ghl	<http://ids.clld.org/values/9-343-318-1>		<http://ids.clld.org/parameters/9-343>		<http://ids.clld.org/values/9-343-286-1>		"humʔ"@pav	
"ɔti"@ghl	<http://ids.clld.org/values/1-310-318-1>		<http://ids.clld.org/parameters/1-310>		<http://ids.clld.org/values/1-310-286-1>		"kom (komišiʔ)"@pav	
"arrɛnayn"@ghl	<http://ids.clld.org/values/1-510-318-1>		<http://ids.clld.org/parameters/1-510>		<http://ids.clld.org/values/1-510-286-1>		"nanawin"@pav	
"ʃurdí"@ghl	<http://ids.clld.org/values/9-330-318-1>		<http://ids.clld.org/parameters/9-330>		<http://ids.clld.org/values/9-330-286-1>		"kök"@pav	
"kugí"@ghl	<http://ids.clld.org/values/13-107-318-1>		<http://ids.clld.org/parameters/13-107>		<http://ids.clld.org/values/13-107-286-1>		"piyimʔ"@pav	
"ɪɽi"@ghl	<http://ids.clld.org/values/1-320-318-1>		<http://ids.clld.org/parameters/1-320>		<http://ids.clld.org/values/1-320-286-1>		"kote ne kom"@pav	
"ʊr / ʊranú"@ghl	<http://ids.clld.org/values/4-200-318-1>		<http://ids.clld.org/parameters/4-200>		<http://ids.clld.org/values/4-200-286-1>		"winašiʔ (wayiʔ)"@pav	
"te"@ghl	<http://ids.clld.org/values/15-680-318-1>		<http://ids.clld.org/parameters/15-680>		<http://ids.clld.org/values/15-680-286-1>		"tb̃um"@pav	
"tɛbí"@ghl	<http://ids.clld.org/values/12-150-318-1>		<http://ids.clld.org/parameters/12-150>		<http://ids.clld.org/values/12-150-286-1>		"tekiʔ pe"@pav	
"tɛbí"@ghl	<http://ids.clld.org/values/12-150-318-1>		<http://ids.clld.org/parameters/12-150>		<http://ids.clld.org/values/12-150-286-3>		"tekiʔ to"@pav	
"koɲúltu / koɲɪ́l"@ghl	<http://ids.clld.org/values/5-970-318-1>		<http://ids.clld.org/parameters/5-970>		<http://ids.clld.org/values/5-970-286-1>		"arayein"@pav	
"obukɛ́ri"@ghl	<http://ids.clld.org/values/10-350-318-1>		<http://ids.clld.org/parameters/10-350>		<http://ids.clld.org/values/10-350-286-3>		"panʔ karakam"@pav	
"obukɛ́ri"@ghl	<http://ids.clld.org/values/10-350-318-1>		<http://ids.clld.org/parameters/10-350>		<http://ids.clld.org/values/10-350-286-1>		"panʔ kam"@pav	
"uǰí"@ghl	<http://ids.clld.org/values/20-110-318-1>		<http://ids.clld.org/parameters/20-110>		<http://ids.clld.org/values/20-110-286-1>		"mišita"@pav	
"úlče / ulǰé"@ghl	<http://ids.clld.org/values/4-220-318-1>		<http://ids.clld.org/parameters/4-220>		<http://ids.clld.org/values/4-220-286-1>		"tara-yišiʔ (taraʔ)"@pav	
"ʈi | ʈi"@ghl	<http://ids.clld.org/values/2-960-318-1>		<http://ids.clld.org/parameters/2-960>		<http://ids.clld.org/values/2-960-286-1>		"karam maʔ"@pav	
"ordú / ordɪ́l"@ghl	<http://ids.clld.org/values/8-570-318-1>		<http://ids.clld.org/parameters/8-570>		<http://ids.clld.org/values/8-570-286-3>		"wiyein"@pav	
"ordú / ordɪ́l"@ghl	<http://ids.clld.org/values/8-570-318-1>		<http://ids.clld.org/parameters/8-570>		<http://ids.clld.org/values/8-570-286-1>		"piwain"@pav	
"ʃunú / ʃuní"@ghl	<http://ids.clld.org/values/4-345-318-1>		<http://ids.clld.org/parameters/4-345>		<http://ids.clld.org/values/4-345-286-1>		"šikinain"@pav	
"ku:nú"@ghl	<http://ids.clld.org/values/1-830-318-1>		<http://ids.clld.org/parameters/1-830>		<http://ids.clld.org/values/1-830-286-1>		"tainʔ"@pav	
"ɖiʈí"@ghl	<http://ids.clld.org/values/16-250-318-1>		<http://ids.clld.org/parameters/16-250>		<http://ids.clld.org/values/16-250-286-1>		"tatamʔ"@pav	
"ɖiʈí"@ghl	<http://ids.clld.org/values/16-250-318-1>		<http://ids.clld.org/parameters/16-250>		<http://ids.clld.org/values/16-250-286-3>		"katamʔ"@pav	
"ǰɛrí"@ghl	<http://ids.clld.org/values/12-140-318-1>		<http://ids.clld.org/parameters/12-140>		<http://ids.clld.org/values/12-140-286-1>		"teremʔ"@pav	
"ǰɛrí"@ghl	<http://ids.clld.org/values/12-140-318-1>		<http://ids.clld.org/parameters/12-140>		<http://ids.clld.org/values/12-140-286-3>		"tokoʔ"@pav	
"ay | a"@ghl	<http://ids.clld.org/values/2-920-318-1>		<http://ids.clld.org/parameters/2-920>		<http://ids.clld.org/values/2-920-286-1>		"wum"@pav	
"teráp / tɛrabé"@ghl	<http://ids.clld.org/values/8-311-318-1>		<http://ids.clld.org/parameters/8-311>		<http://ids.clld.org/values/8-311-286-1>		"tokwi"@pav	
"ŋɛlí"@ghl	<http://ids.clld.org/values/17-130-318-1>		<http://ids.clld.org/parameters/17-130>		<http://ids.clld.org/values/17-130-286-1>		"koromikat"@pav	
"ǰaɖu / ǰalanu"@ghl	<http://ids.clld.org/values/4-260-318-1>		<http://ids.clld.org/parameters/4-260>		<http://ids.clld.org/values/4-260-286-1>		"petehwet nešiʔ (petehwet)"@pav	
"ʃukí"@ghl	<http://ids.clld.org/values/5-160-318-1>		<http://ids.clld.org/parameters/5-160>		<http://ids.clld.org/values/5-160-286-1>		"šok"@pav	
"ʃukí"@ghl	<http://ids.clld.org/values/5-160-318-1>		<http://ids.clld.org/parameters/5-160>		<http://ids.clld.org/values/5-160-286-3>		"šak"@pav	
"ɪɲát"@ghl	<http://ids.clld.org/values/13-210-318-1>		<http://ids.clld.org/parameters/13-210>		<http://ids.clld.org/values/13-210-286-5>		"maʔam"@pav	
"ɪɲát"@ghl	<http://ids.clld.org/values/13-210-318-1>		<http://ids.clld.org/parameters/13-210>		<http://ids.clld.org/values/13-210-286-3>		"moromoinʔ"@pav	
"ɪɲát"@ghl	<http://ids.clld.org/values/13-210-318-1>		<http://ids.clld.org/parameters/13-210>		<http://ids.clld.org/values/13-210-286-1>		"moinʔ"@pav	
"waǰat / waǰɛni"@ghl	<http://ids.clld.org/values/5-125-318-1>		<http://ids.clld.org/parameters/5-125>		<http://ids.clld.org/values/5-125-286-1>		"šowuru"@pav	
"ɪtɛrí"@ghl	<http://ids.clld.org/values/14-420-318-1>		<http://ids.clld.org/parameters/14-420>		<http://ids.clld.org/values/14-420-286-1>		"šim"@pav	
"kwartu"@ghl	<http://ids.clld.org/values/1-215-318-1>		<http://ids.clld.org/parameters/1-215>		<http://ids.clld.org/values/1-215-286-1>		"namayi"@pav	
"ór / orí"@ghl	<http://ids.clld.org/values/1-420-318-1>		<http://ids.clld.org/parameters/1-420>		<http://ids.clld.org/values/1-420-286-1>		"pana"@pav	
"ʈuwɛ́ŋ"@ghl	<http://ids.clld.org/values/13-140-318-1>		<http://ids.clld.org/parameters/13-140>		<http://ids.clld.org/values/13-140-286-1>		"šam"@pav	
"ʃar / ʃɛrí"@ghl	<http://ids.clld.org/values/3-110-318-1>		<http://ids.clld.org/parameters/3-110>		<http://ids.clld.org/values/3-110-286-1>		"karawa"@pav	
"oʈʊ́r"@ghl	<http://ids.clld.org/values/12-650-318-1>		<http://ids.clld.org/parameters/12-650>		<http://ids.clld.org/values/12-650-286-1>		"šašiʔ"@pav	
"akí"@ghl	<http://ids.clld.org/values/12-130-318-1>		<http://ids.clld.org/parameters/12-130>		<http://ids.clld.org/values/12-130-286-1>		"šaoʔ pe"@pav	
"akí"@ghl	<http://ids.clld.org/values/12-130-318-1>		<http://ids.clld.org/parameters/12-130>		<http://ids.clld.org/values/12-130-286-3>		"šaoʔ to"@pav	
"kɛŋ"@ghl	<http://ids.clld.org/values/16-710-318-1>		<http://ids.clld.org/parameters/16-710>		<http://ids.clld.org/values/16-710-286-1>		"awi"@pav	
"ɖetuŋé"@ghl	<http://ids.clld.org/values/16-420-318-1>		<http://ids.clld.org/parameters/16-420>		<http://ids.clld.org/values/16-420-286-1>		"manaʔ"@pav	
"ŋaǰi"@ghl	<http://ids.clld.org/values/10-320-318-1>		<http://ids.clld.org/parameters/10-320>		<http://ids.clld.org/values/10-320-286-3>		"weweweo"@pav	
"ŋaǰi"@ghl	<http://ids.clld.org/values/10-320-318-1>		<http://ids.clld.org/parameters/10-320>		<http://ids.clld.org/values/10-320-286-1>		"weo"@pav	
"ɪdu / ɪli"@ghl	<http://ids.clld.org/values/2-320-318-1>		<http://ids.clld.org/parameters/2-320>		<http://ids.clld.org/values/2-320-286-1>		"mana"@pav	
"wéy"@ghl	<http://ids.clld.org/values/18-220-318-1>		<http://ids.clld.org/parameters/18-220>		<http://ids.clld.org/values/18-220-286-1>		"tomiʔ šoʔ"@pav	
"kwɛt / kwéni"@ghl	<http://ids.clld.org/values/4-160-318-1>		<http://ids.clld.org/parameters/4-160>		<http://ids.clld.org/values/4-160-286-1>		"arašiʔ (at)"@pav	
"ɪŋŋaltu | ɪč"@ghl	<http://ids.clld.org/values/1-520-318-1>		<http://ids.clld.org/parameters/1-520>		<http://ids.clld.org/values/1-520-286-1>		"šina"@pav	
"kudu / kuli"@ghl	<http://ids.clld.org/values/1-220-318-1>		<http://ids.clld.org/parameters/1-220>		<http://ids.clld.org/values/1-220-286-1>		"pakun"@pav	
"ɖor / ɖorí"@ghl	<http://ids.clld.org/values/4-120-318-1>		<http://ids.clld.org/parameters/4-120>		<http://ids.clld.org/values/4-120-286-1>		"taparišiʔ"@pav	
"bɪ́ɽu"@ghl	<http://ids.clld.org/values/16-720-318-1>		<http://ids.clld.org/parameters/16-720>		<http://ids.clld.org/values/16-720-286-1>		"kayi"@pav	
"ɖoǰí"@ghl	<http://ids.clld.org/values/12-570-318-1>		<http://ids.clld.org/parameters/12-570>		<http://ids.clld.org/values/12-570-286-1>		"matam"@pav	
"er"@ghl	<http://ids.clld.org/values/14-130-318-1>		<http://ids.clld.org/parameters/14-130>		<http://ids.clld.org/values/14-130-286-1>		"šokori"@pav	
