"kaɲár / kaɲarí"@ghl	<http://ids.clld.org/values/6-930-318-1>		<http://ids.clld.org/parameters/6-930>		<http://ids.clld.org/values/6-930-209-1>		"[kṣur]"@xto	
"aɲor"@ghl	<http://ids.clld.org/values/5-791-318-1>		<http://ids.clld.org/parameters/5-791>		<http://ids.clld.org/values/5-791-209-1>		"ṣälyp"@xto	
"kɛrʃar / kɛrʃɛrí"@ghl	<http://ids.clld.org/values/17-260-318-1>		<http://ids.clld.org/parameters/17-260>		<http://ids.clld.org/values/17-260-209-1>		"ākälṣäl"@xto	
"koloká"@ghl	<http://ids.clld.org/values/12-630-318-1>		<http://ids.clld.org/parameters/12-630>		<http://ids.clld.org/values/12-630-209-1>		"ātsäts"@xto	
"twe"@ghl	<http://ids.clld.org/values/10-480-318-1>		<http://ids.clld.org/parameters/10-480>		<http://ids.clld.org/values/10-480-209-1>		"kum-"@xto	
"kwabí"@ghl	<http://ids.clld.org/values/10-491-318-1>		<http://ids.clld.org/parameters/10-491>		<http://ids.clld.org/values/10-491-209-1>		"nut-"@xto	
"kwabí"@ghl	<http://ids.clld.org/values/10-491-318-1>		<http://ids.clld.org/parameters/10-491>		<http://ids.clld.org/values/10-491-209-3>		"spärk-"@xto	
"wa:t / wa:ni"@ghl	<http://ids.clld.org/values/8-170-318-1>		<http://ids.clld.org/parameters/8-170>		<http://ids.clld.org/values/8-170-209-1>		"yṣaṃ"@xto	
"kotnáldu / kwe nadiní"@ghl	<http://ids.clld.org/values/4-374-318-1>		<http://ids.clld.org/parameters/4-374>		<http://ids.clld.org/values/4-374-209-1>		"ṣik"@xto	
"ómul / omudé"@ghl	<http://ids.clld.org/values/3-770-318-1>		<http://ids.clld.org/parameters/3-770>		<http://ids.clld.org/values/3-770-209-1>		"onkaläm"@xto	
"oɽí"@ghl	<http://ids.clld.org/values/15-640-318-1>		<http://ids.clld.org/parameters/15-640>		<http://ids.clld.org/values/15-640-209-1>		"ārki"@xto	
"kitiríŋ / kitiriŋí"@ghl	<http://ids.clld.org/values/7-270-318-1>		<http://ids.clld.org/parameters/7-270>		<http://ids.clld.org/values/7-270-209-1>		"poṣi"@xto	
"ʃɪti"@ghl	<http://ids.clld.org/values/9-222-318-1>		<http://ids.clld.org/parameters/9-222>		<http://ids.clld.org/values/9-222-209-1>		"kot-"@xto	
"ɪt / ɪ́ni"@ghl	<http://ids.clld.org/values/2-100-318-1>		<http://ids.clld.org/parameters/2-100>		<http://ids.clld.org/values/2-100-209-1>		"napeṃ"@xto	
"tɪl"@ghl	<http://ids.clld.org/values/6-280-318-1>		<http://ids.clld.org/parameters/6-280>		<http://ids.clld.org/values/6-280-209-1>		"yok"@xto	
"íŋi"@ghl	<http://ids.clld.org/values/15-350-318-1>		<http://ids.clld.org/parameters/15-350>		<http://ids.clld.org/values/15-350-209-1>		"swār"@xto	
"ŋaǰí"@ghl	<http://ids.clld.org/values/10-450-318-1>		<http://ids.clld.org/parameters/10-450>		<http://ids.clld.org/values/10-450-209-1>		"i-"@xto	
"kiláŋ / kilí"@ghl	<http://ids.clld.org/values/18-720-318-1>		<http://ids.clld.org/parameters/18-720>		<http://ids.clld.org/values/18-720-209-1>		"kumpäc"@xto	
"ka:lí"@ghl	<http://ids.clld.org/values/14-260-318-1>		<http://ids.clld.org/parameters/14-260>		<http://ids.clld.org/values/14-260-209-1>		"āk"@xto	
"e:lá"@ghl	<http://ids.clld.org/values/14-190-318-1>		<http://ids.clld.org/parameters/14-190>		<http://ids.clld.org/values/14-190-209-3>		"ātukek (?)"@xto	
"e:lá"@ghl	<http://ids.clld.org/values/14-190-318-1>		<http://ids.clld.org/parameters/14-190>		<http://ids.clld.org/values/14-190-209-1>		"śkā"@xto	
"buɽióra"@ghl	<http://ids.clld.org/values/13-102-318-1>		<http://ids.clld.org/parameters/13-102>		<http://ids.clld.org/values/13-102-209-1>		"śäk-we-pi"@xto	
"kwalakwala"@ghl	<http://ids.clld.org/values/14-160-318-1>		<http://ids.clld.org/parameters/14-160>		<http://ids.clld.org/values/14-160-209-1>		"neṣ"@xto	
"anɖi"@ghl	<http://ids.clld.org/values/10-440-318-1>		<http://ids.clld.org/parameters/10-440>		<http://ids.clld.org/values/10-440-209-1>		"tsip-"@xto	
"iʃí"@ghl	<http://ids.clld.org/values/15-210-318-1>		<http://ids.clld.org/parameters/15-210>		<http://ids.clld.org/values/15-210-209-1>		"wär-"@xto	
"ŋaǰúŋ"@ghl	<http://ids.clld.org/values/14-210-318-1>		<http://ids.clld.org/parameters/14-210>		<http://ids.clld.org/values/14-210-209-1>		"ymāräk"@xto	
"ɪlnɖɪltú / ɪlnɖɪl"@ghl	<http://ids.clld.org/values/4-144-318-1>		<http://ids.clld.org/parameters/4-144>		<http://ids.clld.org/values/4-144-209-1>		"yok"@xto	
"ilíri"@ghl	<http://ids.clld.org/values/15-550-318-1>		<http://ids.clld.org/parameters/15-550>		<http://ids.clld.org/values/15-550-209-1>		"läks-"@xto	
"kelar / kelari"@ghl	<http://ids.clld.org/values/17-270-318-1>		<http://ids.clld.org/parameters/17-270>		<http://ids.clld.org/values/17-270-209-1>		"[käṣṣi]"@xto	
"tuɽí / tuɽiɲɪ́l | wandurí / wanduriɲɪ́l"@ghl	<http://ids.clld.org/values/5-260-318-1>		<http://ids.clld.org/parameters/5-260>		<http://ids.clld.org/values/5-260-209-1>		"[kunti]"@xto	
"nontú / nontí"@ghl	<http://ids.clld.org/values/14-780-318-1>		<http://ids.clld.org/parameters/14-780>		<http://ids.clld.org/values/14-780-209-1>		"praṣt"@xto	
"kakar / kakarí"@ghl	<http://ids.clld.org/values/7-620-318-1>		<http://ids.clld.org/parameters/7-620>		<http://ids.clld.org/values/7-620-209-1>		"tukri"@xto	
"top"@ghl	<http://ids.clld.org/values/12-110-318-1>		<http://ids.clld.org/parameters/12-110>		<http://ids.clld.org/values/12-110-209-1>		"wṣeɲɲe"@xto	
"top"@ghl	<http://ids.clld.org/values/12-110-318-1>		<http://ids.clld.org/parameters/12-110>		<http://ids.clld.org/values/12-110-209-3>		"śmoɲɲe"@xto	
"oɽi"@ghl	<http://ids.clld.org/values/1-610-318-1>		<http://ids.clld.org/parameters/1-610>		<http://ids.clld.org/values/1-610-209-1>		"lkäś"@xto	
"wi | wi"@ghl	<http://ids.clld.org/values/2-950-318-1>		<http://ids.clld.org/parameters/2-950>		<http://ids.clld.org/values/2-950-209-1>		"yas"@xto	
"unɖuláŋ / unɖilí"@ghl	<http://ids.clld.org/values/22-450-318-1>		<http://ids.clld.org/parameters/22-450>		<http://ids.clld.org/values/22-450-209-3>		"[yakäṣ]"@xto	
"unɖuláŋ / unɖilí"@ghl	<http://ids.clld.org/values/22-450-318-1>		<http://ids.clld.org/parameters/22-450>		<http://ids.clld.org/values/22-450-209-1>		"[pret]"@xto	
"wi:míŋ"@ghl	<http://ids.clld.org/values/15-851-318-1>		<http://ids.clld.org/parameters/15-851>		<http://ids.clld.org/values/15-851-209-1>		"omäl"@xto	
"ɖotú / noní | orɲadu / oriɲalanú"@ghl	<http://ids.clld.org/values/8-550-318-1>		<http://ids.clld.org/parameters/8-550>		<http://ids.clld.org/values/8-550-209-1>		"karke"@xto	
"kági"@ghl	<http://ids.clld.org/values/5-490-318-1>		<http://ids.clld.org/parameters/5-490>		<http://ids.clld.org/values/5-490-209-1>		"triw-"@xto	
"kay twé"@ghl	<http://ids.clld.org/values/10-481-318-1>		<http://ids.clld.org/parameters/10-481>		<http://ids.clld.org/values/10-481-209-1>		"lotk-"@xto	
"ɪddu"@ghl	<http://ids.clld.org/values/13-80-318-1>		<http://ids.clld.org/parameters/13-80>		<http://ids.clld.org/values/13-80-209-1>		"okät"@xto	
"o:míɲ"@ghl	<http://ids.clld.org/values/14-750-318-1>		<http://ids.clld.org/parameters/14-750>		<http://ids.clld.org/values/14-750-209-1>		"yusār (?)"@xto	
"ɪ́niŋ / ɛnɲáŋ ||  ɛnɪŋ / ɪnɲaŋ"@ghl	<http://ids.clld.org/values/2-360-318-1>		<http://ids.clld.org/parameters/2-360>		<http://ids.clld.org/values/2-360-209-1>		"mācar"@xto	
"ɪddmeɽi"@ghl	<http://ids.clld.org/values/11-910-318-1>		<http://ids.clld.org/parameters/11-910>		<http://ids.clld.org/values/11-910-209-1>		"pāk yām-/ypa-/ya-"@xto	
"ɔ́ŋgul"@ghl	<http://ids.clld.org/values/10-710-318-1>		<http://ids.clld.org/parameters/10-710>		<http://ids.clld.org/values/10-710-209-1>		"ṣont"@xto	
"ʃiyát"@ghl	<http://ids.clld.org/values/15-780-318-1>		<http://ids.clld.org/parameters/15-780>		<http://ids.clld.org/values/15-780-209-1>		"pśär"@xto	
"eǰe"@ghl	<http://ids.clld.org/values/1-260-318-1>		<http://ids.clld.org/parameters/1-260>		<http://ids.clld.org/values/1-260-209-1>		"śoṃ"@xto	
"abulnɖor / abulnɖʊri || abulndɛnɖori"@ghl	<http://ids.clld.org/values/4-250-318-1>		<http://ids.clld.org/parameters/4-250>		<http://ids.clld.org/values/4-250-209-1>		"lymeṃ"@xto	
"ibiterí"@ghl	<http://ids.clld.org/values/22-160-318-1>		<http://ids.clld.org/parameters/22-160>		<http://ids.clld.org/values/22-160-209-1>		"winās-"@xto	
"twar"@ghl	<http://ids.clld.org/values/12-70-318-1>		<http://ids.clld.org/parameters/12-70>		<http://ids.clld.org/values/12-70-209-3>		"posäṃ"@xto	
"twar"@ghl	<http://ids.clld.org/values/12-70-318-1>		<http://ids.clld.org/parameters/12-70>		<http://ids.clld.org/values/12-70-209-1>		"āɲe"@xto	
"twar"@ghl	<http://ids.clld.org/values/12-70-318-1>		<http://ids.clld.org/parameters/12-70>		<http://ids.clld.org/values/12-70-209-5>		"posac"@xto	
"ikaŋól"@ghl	<http://ids.clld.org/values/22-320-318-1>		<http://ids.clld.org/parameters/22-320>		<http://ids.clld.org/values/22-320-209-1>		"[ɲare]"@xto	
"alač / alɛǰúlu"@ghl	<http://ids.clld.org/values/20-222-318-1>		<http://ids.clld.org/parameters/20-222>		<http://ids.clld.org/values/20-222-209-1>		"[porat]"@xto	
"tʊr"@ghl	<http://ids.clld.org/values/12-50-318-1>		<http://ids.clld.org/parameters/12-50>		<http://ids.clld.org/values/12-50-209-1>		"an(n)e"@xto	
"kiyeri"@ghl	<http://ids.clld.org/values/15-420-318-1>		<http://ids.clld.org/parameters/15-420>		<http://ids.clld.org/values/15-420-209-1>		"klyos-"@xto	
"turunít"@ghl	<http://ids.clld.org/values/20-170-318-1>		<http://ids.clld.org/parameters/20-170>		<http://ids.clld.org/values/20-170-209-1>		"waco"@xto	
"kal"@ghl	<http://ids.clld.org/values/14-170-318-1>		<http://ids.clld.org/parameters/14-170>		<http://ids.clld.org/values/14-170-209-1>		"särkiɲco"@xto	
"ore:nɖu"@ghl	<http://ids.clld.org/values/16-660-318-1>		<http://ids.clld.org/parameters/16-660>		<http://ids.clld.org/values/16-660-209-1>		"kārme"@xto	
"kwárʃu"@ghl	<http://ids.clld.org/values/13-60-318-1>		<http://ids.clld.org/parameters/13-60>		<http://ids.clld.org/values/13-60-209-1>		"ṣäk"@xto	
"ʃɪn / ʃiní"@ghl	<http://ids.clld.org/values/14-730-318-1>		<http://ids.clld.org/parameters/14-730>		<http://ids.clld.org/values/14-730-209-1>		"pùkäl"@xto	
"koté"@ghl	<http://ids.clld.org/values/10-620-318-1>		<http://ids.clld.org/parameters/10-620>		<http://ids.clld.org/values/10-620-209-1>		"käl-"@xto	
"kaltunɖɪl / kalɛnɖɪl"@ghl	<http://ids.clld.org/values/4-212-318-1>		<http://ids.clld.org/parameters/4-212>		<http://ids.clld.org/values/4-212-209-1>		"pärwāṃ"@xto	
"ɖáko / ɖakí"@ghl	<http://ids.clld.org/values/10-760-318-1>		<http://ids.clld.org/parameters/10-760>		<http://ids.clld.org/values/10-760-209-1>		"wärkänt"@xto	
"ŋéli"@ghl	<http://ids.clld.org/values/15-520-318-1>		<http://ids.clld.org/parameters/15-520>		<http://ids.clld.org/values/15-520-209-1>		"läk-"@xto	
"náye"@ghl	<http://ids.clld.org/values/17-640-318-1>		<http://ids.clld.org/parameters/17-640>		<http://ids.clld.org/values/17-640-209-1>		"kus"@xto	
"ɪ́nni"@ghl	<http://ids.clld.org/values/19-210-318-1>		<http://ids.clld.org/parameters/19-210>		<http://ids.clld.org/values/19-210-209-1>		"ārkiśoṣi"@xto	
"ɪ́nni"@ghl	<http://ids.clld.org/values/19-210-318-1>		<http://ids.clld.org/parameters/19-210>		<http://ids.clld.org/values/19-210-209-3>		"śoṣi"@xto	
"ʈílur"@ghl	<http://ids.clld.org/values/15-810-318-1>		<http://ids.clld.org/parameters/15-810>		<http://ids.clld.org/values/15-810-209-1>		"krāmärts"@xto	
"ʃarbar / ʃarbɛri"@ghl	<http://ids.clld.org/values/4-850-318-1>		<http://ids.clld.org/parameters/4-850>		<http://ids.clld.org/values/4-850-209-1>		"päl"@xto	
"táɲi"@ghl	<http://ids.clld.org/values/15-310-318-1>		<http://ids.clld.org/parameters/15-310>		<http://ids.clld.org/values/15-310-209-1>		"śuk"@xto	
"ʈíʃu"@ghl	<http://ids.clld.org/values/13-50-318-1>		<http://ids.clld.org/parameters/13-50>		<http://ids.clld.org/values/13-50-209-1>		"paɲ"@xto	
"iɽí"@ghl	<http://ids.clld.org/values/1-329-318-1>		<http://ids.clld.org/parameters/1-329>		<http://ids.clld.org/values/1-329-209-1>		"[sāmudtär]"@xto	
"wa:tiní"@ghl	<http://ids.clld.org/values/13-170-318-1>		<http://ids.clld.org/parameters/13-170>		<http://ids.clld.org/values/13-170-209-1>		"tsru"@xto	
"álɖo / aɖɪní"@ghl	<http://ids.clld.org/values/4-440-318-1>		<http://ids.clld.org/parameters/4-440>		<http://ids.clld.org/values/4-440-209-1>		"āriɲc"@xto	
"ʃɪl / ʃíli"@ghl	<http://ids.clld.org/values/19-240-318-1>		<http://ids.clld.org/parameters/19-240>		<http://ids.clld.org/values/19-240-209-1>		"nātäk"@xto	
"ɖótu | dí:da"@ghl	<http://ids.clld.org/values/1-214-318-1>		<http://ids.clld.org/parameters/1-214>		<http://ids.clld.org/values/1-214-209-1>		"lyom (?)"@xto	
"koič / koǰi"@ghl	<http://ids.clld.org/values/3-410-318-1>		<http://ids.clld.org/parameters/3-410>		<http://ids.clld.org/values/3-410-209-1>		"yuk"@xto	
"ʈwakí"@ghl	<http://ids.clld.org/values/9-160-318-1>		<http://ids.clld.org/parameters/9-160>		<http://ids.clld.org/values/9-160-209-1>		"kärk-"@xto	
"kuruli"@ghl	<http://ids.clld.org/values/5-220-318-1>		<http://ids.clld.org/parameters/5-220>		<http://ids.clld.org/values/5-220-209-1>		"särk-"@xto	
"iɽin ɖokolá / iɽin ɖokilí"@ghl	<http://ids.clld.org/values/10-830-318-1>		<http://ids.clld.org/parameters/10-830>		<http://ids.clld.org/values/10-830-209-1>		"koläm"@xto	
"oɲút"@ghl	<http://ids.clld.org/values/16-230-318-1>		<http://ids.clld.org/parameters/16-230>		<http://ids.clld.org/values/16-230-209-1>		"tsārwo"@xto	
"kɛrʃe | kɛl"@ghl	<http://ids.clld.org/values/12-840-318-1>		<http://ids.clld.org/parameters/12-840>		<http://ids.clld.org/values/12-840-209-1>		"slyi"@xto	
"ʈíɽi"@ghl	<http://ids.clld.org/values/6-110-318-1>		<http://ids.clld.org/parameters/6-110>		<http://ids.clld.org/values/6-110-209-1>		"wäs-"@xto	
"móno"@ghl	<http://ids.clld.org/values/8-510-318-1>		<http://ids.clld.org/parameters/8-510>		<http://ids.clld.org/values/8-510-209-1>		"āti"@xto	
"ʃʊɽgi | ŋaǰi"@ghl	<http://ids.clld.org/values/10-110-318-1>		<http://ids.clld.org/parameters/10-110>		<http://ids.clld.org/values/10-110-209-3>		"lit-"@xto	
"ʃʊɽgi | ŋaǰi"@ghl	<http://ids.clld.org/values/10-110-318-1>		<http://ids.clld.org/parameters/10-110>		<http://ids.clld.org/values/10-110-209-7>		"mus-"@xto	
"ʃʊɽgi | ŋaǰi"@ghl	<http://ids.clld.org/values/10-110-318-1>		<http://ids.clld.org/parameters/10-110>		<http://ids.clld.org/values/10-110-209-5>		"rutk-"@xto	
"ʃʊɽgi | ŋaǰi"@ghl	<http://ids.clld.org/values/10-110-318-1>		<http://ids.clld.org/parameters/10-110>		<http://ids.clld.org/values/10-110-209-1>		"wāsk-"@xto	
"kiʈiʈí"@ghl	<http://ids.clld.org/values/10-260-318-1>		<http://ids.clld.org/parameters/10-260>		<http://ids.clld.org/values/10-260-209-1>		"miw-"@xto	
"ʃobí | ɖerí"@ghl	<http://ids.clld.org/values/12-213-318-1>		<http://ids.clld.org/parameters/12-213>		<http://ids.clld.org/values/12-213-209-1>		"krop-"@xto	
"uč"@ghl	<http://ids.clld.org/values/20-130-318-1>		<http://ids.clld.org/parameters/20-130>		<http://ids.clld.org/values/20-130-209-1>		"wac"@xto	
"kordɛ́ɽi"@ghl	<http://ids.clld.org/values/18-440-318-1>		<http://ids.clld.org/parameters/18-440>		<http://ids.clld.org/values/18-440-209-1>		"nu-"@xto	
"ʃiɽinɖú || ʃiɽiyunɖú"@ghl	<http://ids.clld.org/values/15-870-318-1>		<http://ids.clld.org/parameters/15-870>		<http://ids.clld.org/values/15-870-209-1>		"āṣtär"@xto	
"otta"@ghl	<http://ids.clld.org/values/1-840-318-1>		<http://ids.clld.org/parameters/1-840>		<http://ids.clld.org/values/1-840-209-1>		"twe"@xto	
"otta"@ghl	<http://ids.clld.org/values/1-840-318-1>		<http://ids.clld.org/parameters/1-840>		<http://ids.clld.org/values/1-840-209-3>		"tor"@xto	
"ʃwarʃí"@ghl	<http://ids.clld.org/values/18-130-318-1>		<http://ids.clld.org/parameters/18-130>		<http://ids.clld.org/values/18-130-209-1>		"nu-"@xto	
"nop | ɖíɽi"@ghl	<http://ids.clld.org/values/9-640-318-1>		<http://ids.clld.org/parameters/9-640>		<http://ids.clld.org/values/9-640-209-1>		"wäs"@xto	
"bɛlwe:kuní"@ghl	<http://ids.clld.org/values/22-220-318-1>		<http://ids.clld.org/parameters/22-220>		<http://ids.clld.org/values/22-220-209-1>		"āks-"@xto	
"alač / alaǰúlu"@ghl	<http://ids.clld.org/values/9-250-318-1>		<http://ids.clld.org/parameters/9-250>		<http://ids.clld.org/values/9-250-209-1>		"[porat]"@xto	
"tɛ́rɖu / tɛrɖí"@ghl	<http://ids.clld.org/values/2-420-318-1>		<http://ids.clld.org/parameters/2-420>		<http://ids.clld.org/values/2-420-209-1>		"ckācar"@xto	
"ɔʃi nuánu / ɔʃi nuaní"@ghl	<http://ids.clld.org/values/4-340-318-1>		<http://ids.clld.org/parameters/4-340>		<http://ids.clld.org/values/4-340-209-1>		"prār"@xto	
"or / ordanú"@ghl	<http://ids.clld.org/values/18-280-318-1>		<http://ids.clld.org/parameters/18-280>		<http://ids.clld.org/values/18-280-209-1>		"ɲom"@xto	
"óra"@ghl	<http://ids.clld.org/values/13-20-318-1>		<http://ids.clld.org/parameters/13-20>		<http://ids.clld.org/values/13-20-209-1>		"wu"@xto	
"óra"@ghl	<http://ids.clld.org/values/13-20-318-1>		<http://ids.clld.org/parameters/13-20>		<http://ids.clld.org/values/13-20-209-3>		"we"@xto	
"ulát"@ghl	<http://ids.clld.org/values/12-170-318-1>		<http://ids.clld.org/parameters/12-170>		<http://ids.clld.org/values/12-170-209-1>		"lyipär"@xto	
"kɪl / kɪ́li"@ghl	<http://ids.clld.org/values/19-520-318-1>		<http://ids.clld.org/parameters/19-520>		<http://ids.clld.org/values/19-520-209-3>		"yäsluɲcas"@xto	
"kɪl / kɪ́li"@ghl	<http://ids.clld.org/values/19-520-318-1>		<http://ids.clld.org/parameters/19-520>		<http://ids.clld.org/values/19-520-209-1>		"yäslu"@xto	
"wey"@ghl	<http://ids.clld.org/values/18-240-318-1>		<http://ids.clld.org/parameters/18-240>		<http://ids.clld.org/values/18-240-209-1>		"käntu"@xto	
"iliɽi"@ghl	<http://ids.clld.org/values/17-242-318-1>		<http://ids.clld.org/parameters/17-242>		<http://ids.clld.org/values/17-242-209-1>		"ākl-"@xto	
"bɪɽgíɽi"@ghl	<http://ids.clld.org/values/10-120-318-1>		<http://ids.clld.org/parameters/10-120>		<http://ids.clld.org/values/10-120-209-1>		"lotk-"@xto	
"twéy"@ghl	<http://ids.clld.org/values/18-410-318-1>		<http://ids.clld.org/parameters/18-410>		<http://ids.clld.org/values/18-410-209-1>		"ken-"@xto	
"ɔdu / ɔl"@ghl	<http://ids.clld.org/values/4-410-318-1>		<http://ids.clld.org/parameters/4-410>		<http://ids.clld.org/values/4-410-209-1>		"päśśäṃ"@xto	
"ɪnǰíri"@ghl	<http://ids.clld.org/values/13-190-318-1>		<http://ids.clld.org/parameters/13-190>		<http://ids.clld.org/values/13-190-209-1>		"krop"@xto	
"oɲí:"@ghl	<http://ids.clld.org/values/16-480-318-1>		<http://ids.clld.org/parameters/16-480>		<http://ids.clld.org/values/16-480-209-1>		"āmāṃ"@xto	
"ǰɛl"@ghl	<http://ids.clld.org/values/4-610-318-1>		<http://ids.clld.org/parameters/4-610>		<http://ids.clld.org/values/4-610-209-1>		"klis-"@xto	
"ǰɛl"@ghl	<http://ids.clld.org/values/4-610-318-1>		<http://ids.clld.org/parameters/4-610>		<http://ids.clld.org/values/4-610-209-3>		"ṣpäṇ"@xto	
"kál"@ghl	<http://ids.clld.org/values/12-11-318-1>		<http://ids.clld.org/parameters/12-11>		<http://ids.clld.org/values/12-11-209-1>		"särki"@xto	
"ireri"@ghl	<http://ids.clld.org/values/17-160-318-1>		<http://ids.clld.org/parameters/17-160>		<http://ids.clld.org/values/17-160-209-1>		"kärs-"@xto	
"ɲɪl"@ghl	<http://ids.clld.org/values/12-420-318-1>		<http://ids.clld.org/parameters/12-420>		<http://ids.clld.org/values/12-420-209-1>		"pācyās"@xto	
"ilí"@ghl	<http://ids.clld.org/values/14-770-318-1>		<http://ids.clld.org/parameters/14-770>		<http://ids.clld.org/values/14-770-209-1>		"yäpsant (?)"@xto	
"ɔ́ŋgʊr / ɔŋgirí"@ghl	<http://ids.clld.org/values/4-300-318-1>		<http://ids.clld.org/parameters/4-300>		<http://ids.clld.org/values/4-300-209-1>		"es"@xto	
"wéɪŋ"@ghl	<http://ids.clld.org/values/12-410-318-1>		<http://ids.clld.org/parameters/12-410>		<http://ids.clld.org/values/12-410-209-1>		"śālyi"@xto	
"ɪʃɪné"@ghl	<http://ids.clld.org/values/17-610-318-1>		<http://ids.clld.org/parameters/17-610>		<http://ids.clld.org/values/17-610-209-1>		"mänt"@xto	
"ór / orí"@ghl	<http://ids.clld.org/values/1-430-318-1>		<http://ids.clld.org/parameters/1-430>		<http://ids.clld.org/values/1-430-209-1>		"or"@xto	
"weer otiri"@ghl	<http://ids.clld.org/values/16-780-318-1>		<http://ids.clld.org/parameters/16-780>		<http://ids.clld.org/values/16-780-209-1>		"nākäm"@xto	
"ʃal / ʃadú"@ghl	<http://ids.clld.org/values/7-120-318-1>		<http://ids.clld.org/parameters/7-120>		<http://ids.clld.org/values/7-120-209-1>		"waṣt"@xto	
"weynɖwáǰe"@ghl	<http://ids.clld.org/values/19-620-318-1>		<http://ids.clld.org/parameters/19-620>		<http://ids.clld.org/values/19-620-209-1>		"kùɲaś"@xto	
"kwaǰí"@ghl	<http://ids.clld.org/values/8-220-318-1>		<http://ids.clld.org/parameters/8-220>		<http://ids.clld.org/values/8-220-209-1>		"räp-"@xto	
"ʃwéri"@ghl	<http://ids.clld.org/values/11-140-318-1>		<http://ids.clld.org/parameters/11-140>		<http://ids.clld.org/values/11-140-209-1>		"eṃts-"@xto	
"kuɲí | bo:dí"@ghl	<http://ids.clld.org/values/11-250-318-1>		<http://ids.clld.org/parameters/11-250>		<http://ids.clld.org/values/11-250-209-1>		"tsälp-"@xto	
"ɪɲɪrí"@ghl	<http://ids.clld.org/values/14-470-318-1>		<http://ids.clld.org/parameters/14-470>		<http://ids.clld.org/values/14-470-209-1>		"ārśo"@xto	
"ʊɽʊ"@ghl	<http://ids.clld.org/values/1-213-318-1>		<http://ids.clld.org/parameters/1-213>		<http://ids.clld.org/values/1-213-209-3>		"tor"@xto	
"ʊɽʊ"@ghl	<http://ids.clld.org/values/1-213-318-1>		<http://ids.clld.org/parameters/1-213>		<http://ids.clld.org/values/1-213-209-1>		"twe"@xto	
"kakar / aŕi"@ghl	<http://ids.clld.org/values/1-440-318-1>		<http://ids.clld.org/parameters/1-440>		<http://ids.clld.org/values/1-440-209-1>		"pāreṃ"@xto	
"kamúrʈu / kamúre"@ghl	<http://ids.clld.org/values/3-593-318-1>		<http://ids.clld.org/parameters/3-593>		<http://ids.clld.org/values/3-593-209-1>		"sukrāṃ"@xto	
"wey"@ghl	<http://ids.clld.org/values/18-260-318-1>		<http://ids.clld.org/parameters/18-260>		<http://ids.clld.org/values/18-260-209-1>		"rake"@xto	
"kóɲi"@ghl	<http://ids.clld.org/values/15-760-318-1>		<http://ids.clld.org/parameters/15-760>		<http://ids.clld.org/values/15-760-209-1>		"āśāwe"@xto	
"eleri"@ghl	<http://ids.clld.org/values/11-160-318-1>		<http://ids.clld.org/parameters/11-160>		<http://ids.clld.org/values/11-160-209-1>		"kälp-"@xto	
"kál"@ghl	<http://ids.clld.org/values/12-10-318-1>		<http://ids.clld.org/parameters/12-10>		<http://ids.clld.org/values/12-10-209-1>		"särki"@xto	
"bikedáŋ / bikenáŋ"@ghl	<http://ids.clld.org/values/19-510-318-1>		<http://ids.clld.org/parameters/19-510>		<http://ids.clld.org/values/19-510-209-1>		"naṣu"@xto	
"ɖetu ali | ɖetu"@ghl	<http://ids.clld.org/values/4-510-318-1>		<http://ids.clld.org/parameters/4-510>		<http://ids.clld.org/values/4-510-209-1>		"wraseṃ"@xto	
"bol / bʊ́li"@ghl	<http://ids.clld.org/values/3-610-318-1>		<http://ids.clld.org/parameters/3-610>		<http://ids.clld.org/values/3-610-209-1>		"ku"@xto	
"ʃunú / ʃuní"@ghl	<http://ids.clld.org/values/4-344-318-1>		<http://ids.clld.org/parameters/4-344>		<http://ids.clld.org/values/4-344-209-1>		"maku"@xto	
"kɔlí"@ghl	<http://ids.clld.org/values/5-110-318-1>		<http://ids.clld.org/parameters/5-110>		<http://ids.clld.org/values/5-110-209-1>		"śu- ~ śuwā-"@xto	
"oráno"@ghl	<http://ids.clld.org/values/13-360-318-1>		<http://ids.clld.org/parameters/13-360>		<http://ids.clld.org/values/13-360-209-1>		"wät"@xto	
"óoŋ"@ghl	<http://ids.clld.org/values/17-560-318-1>		<http://ids.clld.org/parameters/17-560>		<http://ids.clld.org/values/17-560-209-1>		"mā"@xto	
"are"@ghl	<http://ids.clld.org/values/1-750-318-1>		<http://ids.clld.org/parameters/1-750>		<http://ids.clld.org/values/1-750-209-1>		"swase"@xto	
"tɛrʃí"@ghl	<http://ids.clld.org/values/12-230-318-1>		<http://ids.clld.org/parameters/12-230>		<http://ids.clld.org/values/12-230-209-1>		"wätk-"@xto	
"tɛrʃí"@ghl	<http://ids.clld.org/values/12-230-318-1>		<http://ids.clld.org/parameters/12-230>		<http://ids.clld.org/values/12-230-209-3>		"putk-"@xto	
"úɽi"@ghl	<http://ids.clld.org/values/1-861-318-1>		<http://ids.clld.org/parameters/1-861>		<http://ids.clld.org/values/1-861-209-1>		"käs-"@xto	
"yɛ | o"@ghl	<http://ids.clld.org/values/2-910-318-1>		<http://ids.clld.org/parameters/2-910>		<http://ids.clld.org/values/2-910-209-1>		"näṣ"@xto	
"yɛ | o"@ghl	<http://ids.clld.org/values/2-910-318-1>		<http://ids.clld.org/parameters/2-910>		<http://ids.clld.org/values/2-910-209-3>		"ɲuk"@xto	
"marti"@ghl	<http://ids.clld.org/values/5-210-318-1>		<http://ids.clld.org/parameters/5-210>		<http://ids.clld.org/values/5-210-209-1>		"päk-"@xto	
"ka:lí"@ghl	<http://ids.clld.org/values/14-270-318-1>		<http://ids.clld.org/parameters/14-270>		<http://ids.clld.org/values/14-270-209-1>		"ār- (?)"@xto	
"ʃóʈu / ʃóʈil | or"@ghl	<http://ids.clld.org/values/10-720-318-1>		<http://ids.clld.org/parameters/10-720>		<http://ids.clld.org/values/10-720-209-1>		"yme"@xto	
"kʊ́rtu"@ghl	<http://ids.clld.org/values/11-510-318-1>		<http://ids.clld.org/parameters/11-510>		<http://ids.clld.org/values/11-510-209-1>		"śāt"@xto	
"kʊ́rtu"@ghl	<http://ids.clld.org/values/11-510-318-1>		<http://ids.clld.org/parameters/11-510>		<http://ids.clld.org/values/11-510-209-3>		"niṣpalntu"@xto	
"ulál"@ghl	<http://ids.clld.org/values/14-410-318-1>		<http://ids.clld.org/parameters/14-410>		<http://ids.clld.org/values/14-410-209-1>		"koṃ"@xto	
"ǰe"@ghl	<http://ids.clld.org/values/17-660-318-1>		<http://ids.clld.org/parameters/17-660>		<http://ids.clld.org/values/17-660-209-1>		"äntanne"@xto	
"or"@ghl	<http://ids.clld.org/values/12-40-318-1>		<http://ids.clld.org/parameters/12-40>		<http://ids.clld.org/values/12-40-209-1>		"anapär"@xto	
"uč"@ghl	<http://ids.clld.org/values/15-460-318-1>		<http://ids.clld.org/parameters/15-460>		<http://ids.clld.org/values/15-460-209-1>		"sākät"@xto	
"áɽo | áɖu"@ghl	<http://ids.clld.org/values/8-560-318-1>		<http://ids.clld.org/parameters/8-560>		<http://ids.clld.org/values/8-560-209-1>		"pält"@xto	
"duwɛt"@ghl	<http://ids.clld.org/values/1-730-318-1>		<http://ids.clld.org/parameters/1-730>		<http://ids.clld.org/values/1-730-209-1>		"tärkär"@xto	
"kɪ́ɲu"@ghl	<http://ids.clld.org/values/13-40-318-1>		<http://ids.clld.org/parameters/13-40>		<http://ids.clld.org/values/13-40-209-1>		"śtwar"@xto	
"ǰoníŋ"@ghl	<http://ids.clld.org/values/17-650-318-1>		<http://ids.clld.org/parameters/17-650>		<http://ids.clld.org/values/17-650-209-1>		"äntāne"@xto	
"tór"@ghl	<http://ids.clld.org/values/22-420-318-1>		<http://ids.clld.org/parameters/22-420>		<http://ids.clld.org/values/22-420-209-1>		"[räddhi]"@xto	
"tebí"@ghl	<http://ids.clld.org/values/14-280-318-1>		<http://ids.clld.org/parameters/14-280>		<http://ids.clld.org/values/14-280-209-1>		"ār-"@xto	
"martát"@ghl	<http://ids.clld.org/values/5-121-318-1>		<http://ids.clld.org/parameters/5-121>		<http://ids.clld.org/values/5-121-209-1>		"pakku"@xto	
"kul / kúli"@ghl	<http://ids.clld.org/values/3-210-318-1>		<http://ids.clld.org/parameters/3-210>		<http://ids.clld.org/values/3-210-209-1>		"kayurṣ"@xto	
"kɛdɛre"@ghl	<http://ids.clld.org/values/14-340-318-1>		<http://ids.clld.org/parameters/14-340>		<http://ids.clld.org/values/14-340-209-1>		"mā ontaṃ"@xto	
"kuǰí"@ghl	<http://ids.clld.org/values/12-240-318-1>		<http://ids.clld.org/parameters/12-240>		<http://ids.clld.org/values/12-240-209-1>		"ru-"@xto	
"buré buré"@ghl	<http://ids.clld.org/values/13-105-318-1>		<http://ids.clld.org/parameters/13-105>		<http://ids.clld.org/values/13-105-209-1>		"känt"@xto	
"kwaǰé / kwaǰɪ́l"@ghl	<http://ids.clld.org/values/5-610-318-1>		<http://ids.clld.org/parameters/5-610>		<http://ids.clld.org/values/5-610-209-1>		"śwal"@xto	
"kaʈí"@ghl	<http://ids.clld.org/values/10-670-318-1>		<http://ids.clld.org/parameters/10-670>		<http://ids.clld.org/values/10-670-209-1>		"nätk-"@xto	
"kotonál"@ghl	<http://ids.clld.org/values/12-480-318-1>		<http://ids.clld.org/parameters/12-480>		<http://ids.clld.org/values/12-480-209-1>		"mäcriṃ (?)"@xto	
"mondóŋ / mondoŋí | ʃorál / ʃoralí | toŋkáɽuŋ / toŋkáɽuŋi"@ghl	<http://ids.clld.org/values/20-220-318-1>		<http://ids.clld.org/parameters/20-220>		<http://ids.clld.org/values/20-220-209-1>		"ṣtop"@xto	
"twar / twari | borkár / borkarí"@ghl	<http://ids.clld.org/values/21-520-318-1>		<http://ids.clld.org/parameters/21-520>		<http://ids.clld.org/values/21-520-209-1>		"lyäk"@xto	
"nuŋíri"@ghl	<http://ids.clld.org/values/9-260-318-1>		<http://ids.clld.org/parameters/9-260>		<http://ids.clld.org/values/9-260-209-1>		"kot-"@xto	
"ɖiǰí"@ghl	<http://ids.clld.org/values/9-120-318-1>		<http://ids.clld.org/parameters/9-120>		<http://ids.clld.org/values/9-120-209-1>		"wles-"@xto	
"ɛǰe"@ghl	<http://ids.clld.org/values/1-410-318-1>		<http://ids.clld.org/parameters/1-410>		<http://ids.clld.org/values/1-410-209-1>		"kārāś"@xto	
"bʊdí"@ghl	<http://ids.clld.org/values/9-210-318-1>		<http://ids.clld.org/parameters/9-210>		<http://ids.clld.org/values/9-210-209-1>		"on-"@xto	
"bʊdí"@ghl	<http://ids.clld.org/values/9-210-318-1>		<http://ids.clld.org/parameters/9-210>		<http://ids.clld.org/values/9-210-209-3>		"ko-"@xto	
"bʊdí"@ghl	<http://ids.clld.org/values/9-210-318-1>		<http://ids.clld.org/parameters/9-210>		<http://ids.clld.org/values/9-210-209-5>		"tsop-"@xto	
"tóǰuk"@ghl	<http://ids.clld.org/values/13-30-318-1>		<http://ids.clld.org/parameters/13-30>		<http://ids.clld.org/values/13-30-209-1>		"tre"@xto	
"tóǰuk"@ghl	<http://ids.clld.org/values/13-30-318-1>		<http://ids.clld.org/parameters/13-30>		<http://ids.clld.org/values/13-30-209-3>		"tri"@xto	
"bʊr"@ghl	<http://ids.clld.org/values/15-740-318-1>		<http://ids.clld.org/parameters/15-740>		<http://ids.clld.org/values/15-740-209-1>		"tsär"@xto	
"ʃallit / ʃalli"@ghl	<http://ids.clld.org/values/2-810-318-1>		<http://ids.clld.org/parameters/2-810>		<http://ids.clld.org/values/2-810-209-1>		"ṣɲaṣṣeɲ"@xto	
"kagí"@ghl	<http://ids.clld.org/values/10-610-318-1>		<http://ids.clld.org/parameters/10-610>		<http://ids.clld.org/values/10-610-209-1>		"pär-"@xto	
"kútu / kuté"@ghl	<http://ids.clld.org/values/4-360-318-1>		<http://ids.clld.org/parameters/4-360>		<http://ids.clld.org/values/4-360-209-1>		"kanweṃ"@xto	
"ɪrʃumál"@ghl	<http://ids.clld.org/values/12-470-318-1>		<http://ids.clld.org/parameters/12-470>		<http://ids.clld.org/values/12-470-209-1>		"ṣuliɲc"@xto	
"áǰe"@ghl	<http://ids.clld.org/values/12-610-318-1>		<http://ids.clld.org/parameters/12-610>		<http://ids.clld.org/values/12-610-209-1>		"wärts"@xto	
"úri"@ghl	<http://ids.clld.org/values/15-670-318-1>		<http://ids.clld.org/parameters/15-670>		<http://ids.clld.org/values/15-670-209-1>		"tseṃ"@xto	
"winwani"@ghl	<http://ids.clld.org/values/8-420-318-1>		<http://ids.clld.org/parameters/8-420>		<http://ids.clld.org/values/8-420-209-1>		"wsār"@xto	
"doŋnít / doŋní"@ghl	<http://ids.clld.org/values/19-410-318-1>		<http://ids.clld.org/parameters/19-410>		<http://ids.clld.org/values/19-410-209-1>		"nātäk"@xto	
"ilɛ́ri"@ghl	<http://ids.clld.org/values/1-851-318-1>		<http://ids.clld.org/parameters/1-851>		<http://ids.clld.org/values/1-851-209-1>		"tsäk-"@xto	
"komul / komudé || komudu"@ghl	<http://ids.clld.org/values/3-850-318-1>		<http://ids.clld.org/parameters/3-850>		<http://ids.clld.org/values/3-850-209-1>		"ārṣal"@xto	
"tɪrí | ŋwarí"@ghl	<http://ids.clld.org/values/12-530-318-1>		<http://ids.clld.org/parameters/12-530>		<http://ids.clld.org/values/12-530-209-1>		"śamantär"@xto	
"tɪrí | ŋwarí"@ghl	<http://ids.clld.org/values/12-530-318-1>		<http://ids.clld.org/parameters/12-530>		<http://ids.clld.org/values/12-530-209-3>		"tsäm-"@xto	
"íɲuŋ / iɲé"@ghl	<http://ids.clld.org/values/4-230-318-1>		<http://ids.clld.org/parameters/4-230>		<http://ids.clld.org/values/4-230-209-1>		"mal"@xto	
"bɪ́ɽu"@ghl	<http://ids.clld.org/values/16-540-318-1>		<http://ids.clld.org/parameters/16-540>		<http://ids.clld.org/values/16-540-209-1>		"ɲātse"@xto	
"bɪ́ɽu"@ghl	<http://ids.clld.org/values/16-540-318-1>		<http://ids.clld.org/parameters/16-540>		<http://ids.clld.org/values/16-540-209-3>		"oklop"@xto	
"wi:"@ghl	<http://ids.clld.org/values/8-430-318-1>		<http://ids.clld.org/parameters/8-430>		<http://ids.clld.org/values/8-430-209-1>		"wsār"@xto	
"ɔʃí"@ghl	<http://ids.clld.org/values/4-330-318-1>		<http://ids.clld.org/parameters/4-330>		<http://ids.clld.org/values/4-330-209-1>		"tsar"@xto	
"ʃɪttíri | ɖwatíɽi"@ghl	<http://ids.clld.org/values/9-220-318-1>		<http://ids.clld.org/parameters/9-220>		<http://ids.clld.org/values/9-220-209-1>		"karṣt-"@xto	
"ʃɪttíri | ɖwatíɽi"@ghl	<http://ids.clld.org/values/9-220-318-1>		<http://ids.clld.org/parameters/9-220>		<http://ids.clld.org/values/9-220-209-3>		"lātk-"@xto	
"ʃɪttíri | ɖwatíɽi"@ghl	<http://ids.clld.org/values/9-220-318-1>		<http://ids.clld.org/parameters/9-220>		<http://ids.clld.org/values/9-220-209-5>		"prutk-"@xto	
"oǰí"@ghl	<http://ids.clld.org/values/17-480-318-1>		<http://ids.clld.org/parameters/17-480>		<http://ids.clld.org/values/17-480-209-1>		"ske-"@xto	
"ɪnǰíri"@ghl	<http://ids.clld.org/values/13-160-318-1>		<http://ids.clld.org/parameters/13-160>		<http://ids.clld.org/values/13-160-209-1>		"ṣokyo"@xto	
"ɪnǰíri"@ghl	<http://ids.clld.org/values/13-160-318-1>		<http://ids.clld.org/parameters/13-160>		<http://ids.clld.org/values/13-160-209-3>		"lyutār"@xto	
"ku:t / kwe"@ghl	<http://ids.clld.org/values/4-370-318-1>		<http://ids.clld.org/parameters/4-370>		<http://ids.clld.org/values/4-370-209-1>		"pe"@xto	
"ɪlŋúku"@ghl	<http://ids.clld.org/values/16-450-318-1>		<http://ids.clld.org/parameters/16-450>		<http://ids.clld.org/values/16-450-209-1>		"kip"@xto	
"udiʃár"@ghl	<http://ids.clld.org/values/12-450-318-1>		<http://ids.clld.org/parameters/12-450>		<http://ids.clld.org/values/12-450-209-1>		"koṃ-pärkānt"@xto	
"warí"@ghl	<http://ids.clld.org/values/18-350-318-1>		<http://ids.clld.org/parameters/18-350>		<http://ids.clld.org/values/18-350-209-1>		"pärk-"@xto	
"ɖiyɛ | ɖi"@ghl	<http://ids.clld.org/values/5-130-318-1>		<http://ids.clld.org/parameters/5-130>		<http://ids.clld.org/values/5-130-209-1>		"yok-"@xto	
"ʈí"@ghl	<http://ids.clld.org/values/11-210-318-1>		<http://ids.clld.org/parameters/11-210>		<http://ids.clld.org/values/11-210-209-1>		"e-"@xto	
"orí / oriɲɪ́l"@ghl	<http://ids.clld.org/values/6-380-318-1>		<http://ids.clld.org/parameters/6-380>		<http://ids.clld.org/values/6-380-209-1>		"kluṃts (?)"@xto	
"nontu / nontí"@ghl	<http://ids.clld.org/values/1-530-318-1>		<http://ids.clld.org/parameters/1-530>		<http://ids.clld.org/values/1-530-209-1>		"maɲ"@xto	
"ɖírtu / ɖíre"@ghl	<http://ids.clld.org/values/6-720-318-1>		<http://ids.clld.org/parameters/6-720>		<http://ids.clld.org/values/6-720-209-5>		"wmār"@xto	
"ɖírtu / ɖíre"@ghl	<http://ids.clld.org/values/6-720-318-1>		<http://ids.clld.org/parameters/6-720>		<http://ids.clld.org/values/6-720-209-1>		"katu"@xto	
"ɖírtu / ɖíre"@ghl	<http://ids.clld.org/values/6-720-318-1>		<http://ids.clld.org/parameters/6-720>		<http://ids.clld.org/values/6-720-209-3>		"ɲemi"@xto	
"ɖírtu / ɖíre"@ghl	<http://ids.clld.org/values/6-720-318-1>		<http://ids.clld.org/parameters/6-720>		<http://ids.clld.org/values/6-720-209-7>		"yetwe"@xto	
"ʃwakíɽi"@ghl	<http://ids.clld.org/values/10-220-318-1>		<http://ids.clld.org/parameters/10-220>		<http://ids.clld.org/values/10-220-209-1>		"täl-"@xto	
"wa:tiní"@ghl	<http://ids.clld.org/values/13-181-318-1>		<http://ids.clld.org/parameters/13-181>		<http://ids.clld.org/values/13-181-209-1>		"some"@xto	
"top"@ghl	<http://ids.clld.org/values/1-210-318-1>		<http://ids.clld.org/parameters/1-210>		<http://ids.clld.org/values/1-210-209-1>		"tkaṃ"@xto	
"kudu / kulí"@ghl	<http://ids.clld.org/values/19-110-318-1>		<http://ids.clld.org/parameters/19-110>		<http://ids.clld.org/values/19-110-209-1>		"ype"@xto	
"ʃɛrgí"@ghl	<http://ids.clld.org/values/9-223-318-1>		<http://ids.clld.org/parameters/9-223>		<http://ids.clld.org/values/9-223-209-1>		"tsop-"@xto	
"kumí | orgí"@ghl	<http://ids.clld.org/values/10-650-318-1>		<http://ids.clld.org/parameters/10-650>		<http://ids.clld.org/values/10-650-209-1>		"āk-"@xto	
"ʃabí"@ghl	<http://ids.clld.org/values/19-460-318-1>		<http://ids.clld.org/parameters/19-460>		<http://ids.clld.org/values/19-460-209-1>		"nam"@xto	
"ʃiní"@ghl	<http://ids.clld.org/values/17-310-318-1>		<http://ids.clld.org/parameters/17-310>		<http://ids.clld.org/values/17-310-209-1>		"[opyac] käl-"@xto	
"ʊ́rguŋ || órguŋ"@ghl	<http://ids.clld.org/values/15-860-318-1>		<http://ids.clld.org/parameters/15-860>		<http://ids.clld.org/values/15-860-209-1>		"kùraś"@xto	
"kor"@ghl	<http://ids.clld.org/values/5-140-318-1>		<http://ids.clld.org/parameters/5-140>		<http://ids.clld.org/values/5-140-209-1>		"kaṣt"@xto	
"tárbo"@ghl	<http://ids.clld.org/values/13-104-318-1>		<http://ids.clld.org/parameters/13-104>		<http://ids.clld.org/values/13-104-209-1>		"wiki"@xto	
"warí"@ghl	<http://ids.clld.org/values/16-270-318-1>		<http://ids.clld.org/parameters/16-270>		<http://ids.clld.org/values/16-270-209-1>		"tunk-iɲɲ-"@xto	
"ábul / abudé"@ghl	<http://ids.clld.org/values/4-240-318-1>		<http://ids.clld.org/parameters/4-240>		<http://ids.clld.org/values/4-240-209-1>		"ko"@xto	
"oŋ"@ghl	<http://ids.clld.org/values/17-510-318-1>		<http://ids.clld.org/parameters/17-510>		<http://ids.clld.org/values/17-510-209-3>		"yo"@xto	
"oŋ"@ghl	<http://ids.clld.org/values/17-510-318-1>		<http://ids.clld.org/parameters/17-510>		<http://ids.clld.org/values/17-510-209-1>		"śkaṃ"@xto	
"túnu / tunú"@ghl	<http://ids.clld.org/values/4-970-318-1>		<http://ids.clld.org/parameters/4-970>		<http://ids.clld.org/values/4-970-209-1>		"trak"@xto	
"túrba / turbanú"@ghl	<http://ids.clld.org/values/11-690-318-1>		<http://ids.clld.org/parameters/11-690>		<http://ids.clld.org/values/11-690-209-1>		"potäk"@xto	
"úbi"@ghl	<http://ids.clld.org/values/10-380-318-1>		<http://ids.clld.org/parameters/10-380>		<http://ids.clld.org/values/10-380-209-1>		"pis-"@xto	
"aɲúr"@ghl	<http://ids.clld.org/values/6-940-318-1>		<http://ids.clld.org/parameters/6-940>		<http://ids.clld.org/values/6-940-209-1>		"ṣälyp"@xto	
"bidí"@ghl	<http://ids.clld.org/values/10-520-318-1>		<http://ids.clld.org/parameters/10-520>		<http://ids.clld.org/values/10-520-209-1>		"säk- (?)"@xto	
"uč ʃwamíŋ | top keŋiŋ"@ghl	<http://ids.clld.org/values/20-140-318-1>		<http://ids.clld.org/parameters/20-140>		<http://ids.clld.org/values/20-140-209-1>		"āɲu"@xto	
"kuǰí"@ghl	<http://ids.clld.org/values/11-340-318-1>		<http://ids.clld.org/parameters/11-340>		<http://ids.clld.org/values/11-340-209-1>		"tärk-"@xto	
"konayn / konaɲí"@ghl	<http://ids.clld.org/values/4-205-318-1>		<http://ids.clld.org/parameters/4-205>		<http://ids.clld.org/values/4-205-209-1>		"ānt"@xto	
"torɽá"@ghl	<http://ids.clld.org/values/14-150-318-1>		<http://ids.clld.org/parameters/14-150>		<http://ids.clld.org/values/14-150-209-1>		"mokone"@xto	
"kordé"@ghl	<http://ids.clld.org/values/19-450-318-1>		<http://ids.clld.org/parameters/19-450>		<http://ids.clld.org/values/19-450-209-1>		"wätk-"@xto	
"bɪɽunɪ́ŋ"@ghl	<http://ids.clld.org/values/17-470-318-1>		<http://ids.clld.org/parameters/17-470>		<http://ids.clld.org/values/17-470-209-1>		"māski"@xto	
"ʃalči"@ghl	<http://ids.clld.org/values/15-560-318-1>		<http://ids.clld.org/parameters/15-560>		<http://ids.clld.org/values/15-560-209-1>		"pälk-"@xto	
"walí"@ghl	<http://ids.clld.org/values/10-550-318-1>		<http://ids.clld.org/parameters/10-550>		<http://ids.clld.org/values/10-550-209-1>		"yom-"@xto	
"káltu / kalé"@ghl	<http://ids.clld.org/values/4-210-318-1>		<http://ids.clld.org/parameters/4-210>		<http://ids.clld.org/values/4-210-209-1>		"ak"@xto	
"ebí"@ghl	<http://ids.clld.org/values/9-360-318-1>		<http://ids.clld.org/parameters/9-360>		<http://ids.clld.org/values/9-360-209-1>		"lik-"@xto	
"ʈɛkí"@ghl	<http://ids.clld.org/values/18-310-318-1>		<http://ids.clld.org/parameters/18-310>		<http://ids.clld.org/values/18-310-209-1>		"pärk-"@xto	
"ŋéli"@ghl	<http://ids.clld.org/values/15-510-318-1>		<http://ids.clld.org/parameters/15-510>		<http://ids.clld.org/values/15-510-209-1>		"läk-"@xto	
"kwaʈa:r / kwaʈa:rí"@ghl	<http://ids.clld.org/values/9-230-318-1>		<http://ids.clld.org/parameters/9-230>		<http://ids.clld.org/values/9-230-209-1>		"yepe"@xto	
"ʃomádʊɽ"@ghl	<http://ids.clld.org/values/9-650-318-1>		<http://ids.clld.org/parameters/9-650>		<http://ids.clld.org/values/9-650-209-1>		"nkiɲc"@xto	
"ɲɛndu / ɲɛndini | tónu / tíni"@ghl	<http://ids.clld.org/values/2-270-318-1>		<http://ids.clld.org/parameters/2-270>		<http://ids.clld.org/values/2-270-209-1>		"śom"@xto	
"arenika / arenikɪl"@ghl	<http://ids.clld.org/values/1-570-318-1>		<http://ids.clld.org/parameters/1-570>		<http://ids.clld.org/values/1-570-209-1>		"[vājär]"@xto	
"buɽé buɽé"@ghl	<http://ids.clld.org/values/13-100-318-1>		<http://ids.clld.org/parameters/13-100>		<http://ids.clld.org/values/13-100-209-1>		"śäk"@xto	
"bukí"@ghl	<http://ids.clld.org/values/12-232-318-1>		<http://ids.clld.org/parameters/12-232>		<http://ids.clld.org/values/12-232-209-1>		"putk-"@xto	
"oǰár / oyɛrí || oǰiǰarí | anɖár / anɖɛ́ri"@ghl	<http://ids.clld.org/values/19-430-318-1>		<http://ids.clld.org/parameters/19-430>		<http://ids.clld.org/values/19-430-209-1>		"[māɲɲe]"@xto	
"ara"@ghl	<http://ids.clld.org/values/13-330-318-1>		<http://ids.clld.org/parameters/13-330>		<http://ids.clld.org/values/13-330-209-3>		"snāki"@xto	
"ara"@ghl	<http://ids.clld.org/values/13-330-318-1>		<http://ids.clld.org/parameters/13-330>		<http://ids.clld.org/values/13-330-209-1>		"sasak"@xto	
"ʈiyál/ʈiyáni | ʈi"@ghl	<http://ids.clld.org/values/4-750-318-1>		<http://ids.clld.org/parameters/4-750>		<http://ids.clld.org/values/4-750-209-3>		"walu"@xto	
"ʈiyál/ʈiyáni | ʈi"@ghl	<http://ids.clld.org/values/4-750-318-1>		<http://ids.clld.org/parameters/4-750>		<http://ids.clld.org/values/4-750-209-1>		"wäl-"@xto	
"minu"@ghl	<http://ids.clld.org/values/4-857-318-1>		<http://ids.clld.org/parameters/4-857>		<http://ids.clld.org/values/4-857-209-1>		"saku"@xto	
"ɪč"@ghl	<http://ids.clld.org/values/5-860-318-1>		<http://ids.clld.org/parameters/5-860>		<http://ids.clld.org/values/5-860-209-1>		"malke"@xto	
"ti"@ghl	<http://ids.clld.org/values/3-230-318-1>		<http://ids.clld.org/parameters/3-230>		<http://ids.clld.org/values/3-230-209-1>		"ko"@xto	
"ɪdu / ɪli"@ghl	<http://ids.clld.org/values/2-220-318-1>		<http://ids.clld.org/parameters/2-220>		<http://ids.clld.org/values/2-220-209-3>		"kùli"@xto	
"ɪdu / ɪli"@ghl	<http://ids.clld.org/values/2-220-318-1>		<http://ids.clld.org/parameters/2-220>		<http://ids.clld.org/values/2-220-209-1>		"śäṃ"@xto	
"ulát"@ghl	<http://ids.clld.org/values/13-230-318-1>		<http://ids.clld.org/parameters/13-230>		<http://ids.clld.org/values/13-230-209-1>		"pāk"@xto	
"ból / bódu"@ghl	<http://ids.clld.org/values/3-720-318-1>		<http://ids.clld.org/parameters/3-720>		<http://ids.clld.org/values/3-720-209-1>		"śiśäk"@xto	
"kortu / koro"@ghl	<http://ids.clld.org/values/2-210-318-1>		<http://ids.clld.org/parameters/2-210>		<http://ids.clld.org/values/2-210-209-1>		"onk"@xto	
"ʃillidú / ʃillilí"@ghl	<http://ids.clld.org/values/19-330-318-1>		<http://ids.clld.org/parameters/19-330>		<http://ids.clld.org/values/19-330-209-1>		"lānts"@xto	
"yɛrí"@ghl	<http://ids.clld.org/values/17-170-318-1>		<http://ids.clld.org/parameters/17-170>		<http://ids.clld.org/values/17-170-209-1>		"kärs-"@xto	
"kardú / kardí"@ghl	<http://ids.clld.org/values/8-670-318-1>		<http://ids.clld.org/parameters/8-670>		<http://ids.clld.org/values/8-670-209-1>		"letke"@xto	
"alwarmí"@ghl	<http://ids.clld.org/values/16-340-318-1>		<http://ids.clld.org/parameters/16-340>		<http://ids.clld.org/values/16-340-209-1>		"śur-"@xto	
"iladni | waʃitu"@ghl	<http://ids.clld.org/values/1-852-318-1>		<http://ids.clld.org/parameters/1-852>		<http://ids.clld.org/values/1-852-209-1>		"sälp-"@xto	
"ágaŋ / agáŋ | ʃalmaŋ"@ghl	<http://ids.clld.org/values/2-350-318-1>		<http://ids.clld.org/parameters/2-350>		<http://ids.clld.org/values/2-350-209-1>		"pācar"@xto	
"tɪŋeri"@ghl	<http://ids.clld.org/values/10-230-318-1>		<http://ids.clld.org/parameters/10-230>		<http://ids.clld.org/values/10-230-209-1>		"klā(w)-"@xto	
"aderi"@ghl	<http://ids.clld.org/values/14-250-318-1>		<http://ids.clld.org/parameters/14-250>		<http://ids.clld.org/values/14-250-209-1>		"on-"@xto	
"tɛ́rɖu / tɛrɖí"@ghl	<http://ids.clld.org/values/2-260-318-1>		<http://ids.clld.org/parameters/2-260>		<http://ids.clld.org/values/2-260-209-1>		"śomiṃ"@xto	
"bɪ́ɽgi"@ghl	<http://ids.clld.org/values/10-130-318-1>		<http://ids.clld.org/parameters/10-130>		<http://ids.clld.org/values/10-130-209-1>		"spārtw-"@xto	
"aŋíri"@ghl	<http://ids.clld.org/values/11-130-318-1>		<http://ids.clld.org/parameters/11-130>		<http://ids.clld.org/values/11-130-209-1>		"eṃts-"@xto	
"ɪl biɽu/idanu bɛɽu"@ghl	<http://ids.clld.org/values/4-840-318-1>		<http://ids.clld.org/parameters/4-840>		<http://ids.clld.org/values/4-840-209-1>		"ekro"@xto	
"moní"@ghl	<http://ids.clld.org/values/16-410-318-1>		<http://ids.clld.org/parameters/16-410>		<http://ids.clld.org/values/16-410-209-1>		"roɲcäm"@xto	
"moní"@ghl	<http://ids.clld.org/values/16-410-318-1>		<http://ids.clld.org/parameters/16-410>		<http://ids.clld.org/values/16-410-209-3>		"rse"@xto	
"ɔʃinálɖo / ɔʃinaɖiní"@ghl	<http://ids.clld.org/values/4-331-318-1>		<http://ids.clld.org/parameters/4-331>		<http://ids.clld.org/values/4-331-209-1>		"āle"@xto	
"wey"@ghl	<http://ids.clld.org/values/15-440-318-1>		<http://ids.clld.org/parameters/15-440>		<http://ids.clld.org/values/15-440-209-1>		"waśeṃ"@xto	
"ɪr"@ghl	<http://ids.clld.org/values/5-150-318-1>		<http://ids.clld.org/parameters/5-150>		<http://ids.clld.org/values/5-150-209-1>		"yoke"@xto	
"ɪnǰíri"@ghl	<http://ids.clld.org/values/13-150-318-1>		<http://ids.clld.org/parameters/13-150>		<http://ids.clld.org/values/13-150-209-1>		"māk"@xto	
"iʃí"@ghl	<http://ids.clld.org/values/15-220-318-1>		<http://ids.clld.org/parameters/15-220>		<http://ids.clld.org/values/15-220-209-1>		"wär-"@xto	
"ʃwaʃáŋ"@ghl	<http://ids.clld.org/values/14-252-318-1>		<http://ids.clld.org/parameters/14-252>		<http://ids.clld.org/values/14-252-209-1>		"käly-"@xto	
"ʃele"@ghl	<http://ids.clld.org/values/5-810-318-1>		<http://ids.clld.org/parameters/5-810>		<http://ids.clld.org/values/5-810-209-1>		"sāle"@xto	
"tu / tuano"@ghl	<http://ids.clld.org/values/4-460-318-1>		<http://ids.clld.org/parameters/4-460>		<http://ids.clld.org/values/4-460-209-1>		"kāts"@xto	
"kododoŋ"@ghl	<http://ids.clld.org/values/17-220-318-1>		<http://ids.clld.org/parameters/17-220>		<http://ids.clld.org/values/17-220-209-1>		"āknats"@xto	
"orgí"@ghl	<http://ids.clld.org/values/15-830-318-1>		<http://ids.clld.org/parameters/15-830>		<http://ids.clld.org/values/15-830-209-1>		"wip-"@xto	
"or / orí"@ghl	<http://ids.clld.org/values/8-600-318-1>		<http://ids.clld.org/parameters/8-600>		<http://ids.clld.org/values/8-600-209-1>		"ṣtām"@xto	
"ʊr"@ghl	<http://ids.clld.org/values/13-340-318-1>		<http://ids.clld.org/parameters/13-340>		<http://ids.clld.org/values/13-340-209-1>		"maltowinu"@xto	
"ɔ́nʈu / ɔnʈé"@ghl	<http://ids.clld.org/values/4-310-318-1>		<http://ids.clld.org/parameters/4-310>		<http://ids.clld.org/values/4-310-209-1>		"poke"@xto	
"wey koní"@ghl	<http://ids.clld.org/values/18-210-318-1>		<http://ids.clld.org/parameters/18-210>		<http://ids.clld.org/values/18-210-209-1>		"träṅk-"@xto	
"oɽtí / oɽtɪ́l"@ghl	<http://ids.clld.org/values/3-250-318-1>		<http://ids.clld.org/parameters/3-250>		<http://ids.clld.org/values/3-250-209-1>		"śoś"@xto	
"ɔ́kʊr"@ghl	<http://ids.clld.org/values/12-430-318-1>		<http://ids.clld.org/parameters/12-430>		<http://ids.clld.org/values/12-430-209-1>		"kātse"@xto	
"warkí"@ghl	<http://ids.clld.org/values/11-280-318-1>		<http://ids.clld.org/parameters/11-280>		<http://ids.clld.org/values/11-280-209-1>		"mi-"@xto	
"otíri"@ghl	<http://ids.clld.org/values/10-630-318-1>		<http://ids.clld.org/parameters/10-630>		<http://ids.clld.org/values/10-630-209-1>		"lu-"@xto	
"ʃalli"@ghl	<http://ids.clld.org/values/2-820-318-1>		<http://ids.clld.org/parameters/2-820>		<http://ids.clld.org/values/2-820-209-1>		"[kotär]"@xto	
"ʃɪɽɪŋ"@ghl	<http://ids.clld.org/values/14-440-318-1>		<http://ids.clld.org/parameters/14-440>		<http://ids.clld.org/values/14-440-209-1>		"ksär"@xto	
"ʃini"@ghl	<http://ids.clld.org/values/17-140-318-1>		<http://ids.clld.org/parameters/17-140>		<http://ids.clld.org/values/17-140-209-1>		"päl(t)sk-"@xto	
"ɪɽʃu"@ghl	<http://ids.clld.org/values/1-710-318-1>		<http://ids.clld.org/parameters/1-710>		<http://ids.clld.org/values/1-710-209-1>		"eprer-"@xto	
"tulí"@ghl	<http://ids.clld.org/values/12-210-318-1>		<http://ids.clld.org/parameters/12-210>		<http://ids.clld.org/values/12-210-209-1>		"krop-"@xto	
"kɛlɛrí"@ghl	<http://ids.clld.org/values/18-510-318-1>		<http://ids.clld.org/parameters/18-510>		<http://ids.clld.org/values/18-510-209-1>		"pik-"@xto	
"úri"@ghl	<http://ids.clld.org/values/15-650-318-1>		<http://ids.clld.org/parameters/15-650>		<http://ids.clld.org/values/15-650-209-1>		"arkant-"@xto	
"ǰɪɖu / ǰɪl"@ghl	<http://ids.clld.org/values/4-270-318-1>		<http://ids.clld.org/parameters/4-270>		<http://ids.clld.org/values/4-270-209-1>		"kam"@xto	
"wit"@ghl	<http://ids.clld.org/values/13-90-318-1>		<http://ids.clld.org/parameters/13-90>		<http://ids.clld.org/values/13-90-209-1>		"ɲu"@xto	
"ʃɪl / ʃíli"@ghl	<http://ids.clld.org/values/19-320-318-1>		<http://ids.clld.org/parameters/19-320>		<http://ids.clld.org/values/19-320-209-3>		"lāṃś"@xto	
"ʃɪl / ʃíli"@ghl	<http://ids.clld.org/values/19-320-318-1>		<http://ids.clld.org/parameters/19-320>		<http://ids.clld.org/values/19-320-209-1>		"wäl"@xto	
"wi"@ghl	<http://ids.clld.org/values/15-850-318-1>		<http://ids.clld.org/parameters/15-850>		<http://ids.clld.org/values/15-850-209-1>		"omäl"@xto	
"moníŋ / monɪŋdúlu"@ghl	<http://ids.clld.org/values/20-210-318-1>		<http://ids.clld.org/parameters/20-210>		<http://ids.clld.org/values/20-210-209-1>		"yepe"@xto	
"ka:ǰí"@ghl	<http://ids.clld.org/values/10-640-318-1>		<http://ids.clld.org/parameters/10-640>		<http://ids.clld.org/values/10-640-209-1>		"āk-"@xto	
"ɛǰe"@ghl	<http://ids.clld.org/values/3-160-318-1>		<http://ids.clld.org/parameters/3-160>		<http://ids.clld.org/values/3-160-209-1>		"wäsri"@xto	
"ʈwáy"@ghl	<http://ids.clld.org/values/12-310-318-1>		<http://ids.clld.org/parameters/12-310>		<http://ids.clld.org/values/12-310-209-1>		"tpär"@xto	
"atu"@ghl	<http://ids.clld.org/values/1-380-318-1>		<http://ids.clld.org/parameters/1-380>		<http://ids.clld.org/values/1-380-209-1>		"kärtkāl"@xto	
"ʊrdʊ́r"@ghl	<http://ids.clld.org/values/12-350-318-1>		<http://ids.clld.org/parameters/12-350>		<http://ids.clld.org/values/12-350-209-1>		"āk"@xto	
"ɖul / ɖulanú"@ghl	<http://ids.clld.org/values/4-280-318-1>		<http://ids.clld.org/parameters/4-280>		<http://ids.clld.org/values/4-280-209-1>		"kɲuk"@xto	
"arínɖɛl / arinɖɛ́li"@ghl	<http://ids.clld.org/values/19-150-318-1>		<http://ids.clld.org/parameters/19-150>		<http://ids.clld.org/values/19-150-209-1>		"ri"@xto	
"ʃibí | kwaɲí | tʊrí | korí"@ghl	<http://ids.clld.org/values/9-440-318-1>		<http://ids.clld.org/parameters/9-440>		<http://ids.clld.org/values/9-440-209-1>		"tsik-"@xto	
"uɽi/uɽe | uɽí"@ghl	<http://ids.clld.org/values/4-760-318-1>		<http://ids.clld.org/parameters/4-760>		<http://ids.clld.org/values/4-760-209-1>		"ko-"@xto	
"ʈur"@ghl	<http://ids.clld.org/values/12-820-318-1>		<http://ids.clld.org/parameters/12-820>		<http://ids.clld.org/values/12-820-209-1>		"sark"@xto	
"ʈwalé iʃá"@ghl	<http://ids.clld.org/values/10-473-318-1>		<http://ids.clld.org/parameters/10-473>		<http://ids.clld.org/values/10-473-209-1>		"kārp-"@xto	
"birkɛtu / birke"@ghl	<http://ids.clld.org/values/3-840-318-1>		<http://ids.clld.org/parameters/3-840>		<http://ids.clld.org/values/3-840-209-1>		"walyī"@xto	
"wattunú"@ghl	<http://ids.clld.org/values/12-560-318-1>		<http://ids.clld.org/parameters/12-560>		<http://ids.clld.org/values/12-560-209-1>		"lykäly"@xto	
"óɲu"@ghl	<http://ids.clld.org/values/11-640-318-1>		<http://ids.clld.org/parameters/11-640>		<http://ids.clld.org/values/11-640-209-1>		"pare"@xto	
"ʊ́r"@ghl	<http://ids.clld.org/values/4-150-318-1>		<http://ids.clld.org/parameters/4-150>		<http://ids.clld.org/values/4-150-209-1>		"ysār"@xto	
"ʃwi"@ghl	<http://ids.clld.org/values/4-740-318-1>		<http://ids.clld.org/parameters/4-740>		<http://ids.clld.org/values/4-740-209-3>		"śol"@xto	
"ʃwi"@ghl	<http://ids.clld.org/values/4-740-318-1>		<http://ids.clld.org/parameters/4-740>		<http://ids.clld.org/values/4-740-209-1>		"śo-"@xto	
"kommɪ́ŋ"@ghl	<http://ids.clld.org/values/13-220-318-1>		<http://ids.clld.org/parameters/13-220>		<http://ids.clld.org/values/13-220-209-1>		"ekär"@xto	
"ʈwakóni"@ghl	<http://ids.clld.org/values/9-161-318-1>		<http://ids.clld.org/parameters/9-161>		<http://ids.clld.org/values/9-161-209-1>		"tärk-"@xto	
"kaʈaʈí"@ghl	<http://ids.clld.org/values/10-150-318-1>		<http://ids.clld.org/parameters/10-150>		<http://ids.clld.org/values/10-150-209-1>		"spārtw-"@xto	
"togí"@ghl	<http://ids.clld.org/values/16-690-318-1>		<http://ids.clld.org/parameters/16-690>		<http://ids.clld.org/values/16-690-209-1>		"[kṣānti]"@xto	
"karí"@ghl	<http://ids.clld.org/values/10-140-318-1>		<http://ids.clld.org/parameters/10-140>		<http://ids.clld.org/values/10-140-209-1>		"wänt-"@xto	
"alum / alume"@ghl	<http://ids.clld.org/values/4-290-318-1>		<http://ids.clld.org/parameters/4-290>		<http://ids.clld.org/values/4-290-209-1>		"ṣunk"@xto	
"iliɽi"@ghl	<http://ids.clld.org/values/17-240-318-1>		<http://ids.clld.org/parameters/17-240>		<http://ids.clld.org/values/17-240-209-1>		"ākl-"@xto	
"ɪɽʃu"@ghl	<http://ids.clld.org/values/1-720-318-1>		<http://ids.clld.org/parameters/1-720>		<http://ids.clld.org/values/1-720-209-1>		"want"@xto	
"ɖwaŋ / ɖwaŋí"@ghl	<http://ids.clld.org/values/22-350-318-1>		<http://ids.clld.org/parameters/22-350>		<http://ids.clld.org/values/22-350-209-1>		"omäskeṃ"@xto	
"ɖwaŋ / ɖwaŋí"@ghl	<http://ids.clld.org/values/22-350-318-1>		<http://ids.clld.org/parameters/22-350>		<http://ids.clld.org/values/22-350-209-3>		"umpar"@xto	
"ulí"@ghl	<http://ids.clld.org/values/9-350-318-1>		<http://ids.clld.org/parameters/9-350>		<http://ids.clld.org/values/9-350-209-1>		"ku-"@xto	
"kɛmmíŋ"@ghl	<http://ids.clld.org/values/16-740-318-1>		<http://ids.clld.org/parameters/16-740>		<http://ids.clld.org/values/16-740-209-1>		"[appärmāt]"@xto	
"ŋwaʈíri"@ghl	<http://ids.clld.org/values/9-140-318-1>		<http://ids.clld.org/parameters/9-140>		<http://ids.clld.org/values/9-140-209-1>		"näm-"@xto	
"áy | i"@ghl	<http://ids.clld.org/values/2-940-318-1>		<http://ids.clld.org/parameters/2-940>		<http://ids.clld.org/values/2-940-209-1>		"was"@xto	
"kortu"@ghl	<http://ids.clld.org/values/3-120-318-1>		<http://ids.clld.org/parameters/3-120>		<http://ids.clld.org/values/3-120-209-1>		"oɲi"@xto	
"balǰiki"@ghl	<http://ids.clld.org/values/16-440-318-1>		<http://ids.clld.org/parameters/16-440>		<http://ids.clld.org/values/16-440-209-1>		"eṃts"@xto	
"uɲuŋálto / uɲuŋalé"@ghl	<http://ids.clld.org/values/16-380-318-1>		<http://ids.clld.org/parameters/16-380>		<http://ids.clld.org/values/16-380-209-1>		"ākär"@xto	
"ɖuǰí"@ghl	<http://ids.clld.org/values/6-350-318-1>		<http://ids.clld.org/parameters/6-350>		<http://ids.clld.org/values/6-350-209-1>		"su-"@xto	
"iʃá"@ghl	<http://ids.clld.org/values/10-470-318-1>		<http://ids.clld.org/parameters/10-470>		<http://ids.clld.org/values/10-470-209-5>		"kälk-"@xto	
"iʃá"@ghl	<http://ids.clld.org/values/10-470-318-1>		<http://ids.clld.org/parameters/10-470>		<http://ids.clld.org/values/10-470-209-1>		"i-"@xto	
"iʃá"@ghl	<http://ids.clld.org/values/10-470-318-1>		<http://ids.clld.org/parameters/10-470>		<http://ids.clld.org/values/10-470-209-3>		"yeṣ"@xto	
"aténeri"@ghl	<http://ids.clld.org/values/11-240-318-1>		<http://ids.clld.org/parameters/11-240>		<http://ids.clld.org/values/11-240-209-1>		"pās-"@xto	
"tɛrʃí"@ghl	<http://ids.clld.org/values/9-340-318-1>		<http://ids.clld.org/parameters/9-340>		<http://ids.clld.org/values/9-340-209-1>		"sätk-"@xto	
"ʈɪltú / ʈɪl"@ghl	<http://ids.clld.org/values/4-140-318-1>		<http://ids.clld.org/parameters/4-140>		<http://ids.clld.org/values/4-140-209-1>		"śāku"@xto	
"bal iʃa"@ghl	<http://ids.clld.org/values/10-474-318-1>		<http://ids.clld.org/parameters/10-474>		<http://ids.clld.org/values/10-474-209-1>		"länt-"@xto	
"detuŋát"@ghl	<http://ids.clld.org/values/16-320-318-1>		<http://ids.clld.org/parameters/16-320>		<http://ids.clld.org/values/16-320-209-1>		"śurām"@xto	
"íǰiri"@ghl	<http://ids.clld.org/values/14-430-318-1>		<http://ids.clld.org/parameters/14-430>		<http://ids.clld.org/values/14-430-209-1>		"koṃ-pärkānt"@xto	
"tóndukal"@ghl	<http://ids.clld.org/values/17-520-318-1>		<http://ids.clld.org/parameters/17-520>		<http://ids.clld.org/values/17-520-209-1>		"kuc"@xto	
"oŋul/oŋode"@ghl	<http://ids.clld.org/values/17-490-318-1>		<http://ids.clld.org/parameters/17-490>		<http://ids.clld.org/values/17-490-209-1>		"wkäṃ"@xto	
"tibár / tibarí"@ghl	<http://ids.clld.org/values/7-560-318-1>		<http://ids.clld.org/parameters/7-560>		<http://ids.clld.org/values/7-560-209-1>		"asäl"@xto	
"ʃukí"@ghl	<http://ids.clld.org/values/5-560-318-1>		<http://ids.clld.org/parameters/5-560>		<http://ids.clld.org/values/5-560-209-1>		"malyw-"@xto	
"ɪ́ntaŋ tɛ��rɖu / ɪntáŋ tɛrɖí"@ghl	<http://ids.clld.org/values/2-450-318-1>		<http://ids.clld.org/parameters/2-450>		<http://ids.clld.org/values/2-450-209-1>		"ṣar"@xto	
"berʃíri"@ghl	<http://ids.clld.org/values/9-280-318-1>		<http://ids.clld.org/parameters/9-280>		<http://ids.clld.org/values/9-280-209-1>		"kärṣt-"@xto	
"óti || ɔ́ti"@ghl	<http://ids.clld.org/values/15-750-318-1>		<http://ids.clld.org/parameters/15-750>		<http://ids.clld.org/values/15-750-209-1>		"wl(y)ep"@xto	
"utaŋa:l / utaŋa:dé"@ghl	<http://ids.clld.org/values/7-250-318-1>		<http://ids.clld.org/parameters/7-250>		<http://ids.clld.org/values/7-250-209-1>		"[pātsank]"@xto	
"walákʊr"@ghl	<http://ids.clld.org/values/15-570-318-1>		<http://ids.clld.org/parameters/15-570>		<http://ids.clld.org/values/15-570-209-1>		"lukśanu"@xto	
"ʊrdú / ʊrdiní"@ghl	<http://ids.clld.org/values/22-180-318-1>		<http://ids.clld.org/parameters/22-180>		<http://ids.clld.org/values/22-180-209-1>		"[ṣāmaṃ]"@xto	
"ultu / ule"@ghl	<http://ids.clld.org/values/8-760-318-1>		<http://ids.clld.org/parameters/8-760>		<http://ids.clld.org/values/8-760-209-1>		"śuk"@xto	
"aǰɛ́ɽ iʃá"@ghl	<http://ids.clld.org/values/10-490-318-1>		<http://ids.clld.org/parameters/10-490>		<http://ids.clld.org/values/10-490-209-1>		"lit-"@xto	
"koɲar / koɲɛrí"@ghl	<http://ids.clld.org/values/20-471-318-1>		<http://ids.clld.org/parameters/20-471>		<http://ids.clld.org/values/20-471-209-1>		"pās-"@xto	
"onu / onɛtu"@ghl	<http://ids.clld.org/values/1-540-318-1>		<http://ids.clld.org/parameters/1-540>		<http://ids.clld.org/values/1-540-209-1>		"śre-"@xto	
"ɛrtí"@ghl	<http://ids.clld.org/values/10-250-318-1>		<http://ids.clld.org/parameters/10-250>		<http://ids.clld.org/values/10-250-209-1>		"säl-"@xto	
"idu / ili"@ghl	<http://ids.clld.org/values/3-130-318-1>		<http://ids.clld.org/parameters/3-130>		<http://ids.clld.org/values/3-130-209-1>		"kùleɲci"@xto	
"ʈa:ŕi"@ghl	<http://ids.clld.org/values/10-370-318-1>		<http://ids.clld.org/parameters/10-370>		<http://ids.clld.org/values/10-370-209-3>		"säl-"@xto	
"ʈa:ŕi"@ghl	<http://ids.clld.org/values/10-370-318-1>		<http://ids.clld.org/parameters/10-370>		<http://ids.clld.org/values/10-370-209-1>		"plu-"@xto	
"kuǰí"@ghl	<http://ids.clld.org/values/10-340-318-1>		<http://ids.clld.org/parameters/10-340>		<http://ids.clld.org/values/10-340-209-1>		"plu-"@xto	
"ɛl"@ghl	<http://ids.clld.org/values/14-180-318-1>		<http://ids.clld.org/parameters/14-180>		<http://ids.clld.org/values/14-180-209-1>		"tāpärk"@xto	
"ɖuɽaŋ / ɖuɽaŋí | ʈop / ʈobí"@ghl	<http://ids.clld.org/values/5-340-318-1>		<http://ids.clld.org/parameters/5-340>		<http://ids.clld.org/values/5-340-209-1>		"[kunti]"@xto	
"il / idanú"@ghl	<http://ids.clld.org/values/4-110-318-1>		<http://ids.clld.org/parameters/4-110>		<http://ids.clld.org/values/4-110-209-1>		"kapśaɲi"@xto	
"ʃɪ́lwe | bɛ́lwe"@ghl	<http://ids.clld.org/values/21-110-318-1>		<http://ids.clld.org/parameters/21-110>		<http://ids.clld.org/values/21-110-209-1>		"märkampal"@xto	
"ʃɛrdú"@ghl	<http://ids.clld.org/values/12-590-318-1>		<http://ids.clld.org/parameters/12-590>		<http://ids.clld.org/values/12-590-209-1>		"tsru"@xto	
"kakiri"@ghl	<http://ids.clld.org/values/9-270-318-1>		<http://ids.clld.org/parameters/9-270>		<http://ids.clld.org/values/9-270-209-3>		"kaut-"@xto	
"kakiri"@ghl	<http://ids.clld.org/values/9-270-318-1>		<http://ids.clld.org/parameters/9-270>		<http://ids.clld.org/values/9-270-209-5>		"kot-"@xto	
"kakiri"@ghl	<http://ids.clld.org/values/9-270-318-1>		<http://ids.clld.org/parameters/9-270>		<http://ids.clld.org/values/9-270-209-1>		"wāk-"@xto	
"aŋgɛré / aŋgɛrenú | kuti / ?"@ghl	<http://ids.clld.org/values/7-420-318-1>		<http://ids.clld.org/parameters/7-420>		<http://ids.clld.org/values/7-420-209-1>		"lake"@xto	
"kuʃilí kene"@ghl	<http://ids.clld.org/values/16-180-318-1>		<http://ids.clld.org/parameters/16-180>		<http://ids.clld.org/values/16-180-209-1>		"[suk]"@xto	
"kwaǰe / kwaǰɪl"@ghl	<http://ids.clld.org/values/4-130-318-1>		<http://ids.clld.org/parameters/4-130>		<http://ids.clld.org/values/4-130-209-1>		"śwāl"@xto	
"ílware"@ghl	<http://ids.clld.org/values/16-310-318-1>		<http://ids.clld.org/parameters/16-310>		<http://ids.clld.org/values/16-310-209-1>		"klop"@xto	
"aǰe | ŋur"@ghl	<http://ids.clld.org/values/12-550-318-1>		<http://ids.clld.org/parameters/12-550>		<http://ids.clld.org/values/12-550-209-3>		"śāwe"@xto	
"aǰe | ŋur"@ghl	<http://ids.clld.org/values/12-550-318-1>		<http://ids.clld.org/parameters/12-550>		<http://ids.clld.org/values/12-550-209-1>		"tsopats"@xto	
"balí"@ghl	<http://ids.clld.org/values/10-510-318-1>		<http://ids.clld.org/parameters/10-510>		<http://ids.clld.org/values/10-510-209-1>		"mlusk-"@xto	
"ilɛ́ri || urɪŋ ɲɛri"@ghl	<http://ids.clld.org/values/1-860-318-1>		<http://ids.clld.org/parameters/1-860>		<http://ids.clld.org/values/1-860-209-1>		"tu-"@xto	
"durǰír | a:ǰér"@ghl	<http://ids.clld.org/values/12-440-318-1>		<http://ids.clld.org/parameters/12-440>		<http://ids.clld.org/values/12-440-209-1>		"lok"@xto	
"kiyeri"@ghl	<http://ids.clld.org/values/15-410-318-1>		<http://ids.clld.org/parameters/15-410>		<http://ids.clld.org/values/15-410-209-1>		"klyos-"@xto	
"buɽé tiʃú"@ghl	<http://ids.clld.org/values/13-103-318-1>		<http://ids.clld.org/parameters/13-103>		<http://ids.clld.org/values/13-103-209-1>		"śäk-päɲ-pi"@xto	
"kugár / kugarí"@ghl	<http://ids.clld.org/values/9-710-318-1>		<http://ids.clld.org/parameters/9-710>		<http://ids.clld.org/values/9-710-209-1>		"kuntis-tsek"@xto	
"ori | areŋwalakat"@ghl	<http://ids.clld.org/values/1-550-318-1>		<http://ids.clld.org/parameters/1-550>		<http://ids.clld.org/values/1-550-209-1>		"polkāṃts"@xto	
"u:no / u:ní | ɲɛlár / ɲɛlarí"@ghl	<http://ids.clld.org/values/6-960-318-1>		<http://ids.clld.org/parameters/6-960>		<http://ids.clld.org/values/6-960-209-1>		"tāpaki"@xto	
"ɛlkáŋ"@ghl	<http://ids.clld.org/values/14-350-318-1>		<http://ids.clld.org/parameters/14-350>		<http://ids.clld.org/values/14-350-209-1>		"nuṃ"@xto	
"kɛ́le"@ghl	<http://ids.clld.org/values/15-660-318-1>		<http://ids.clld.org/parameters/15-660>		<http://ids.clld.org/values/15-660-209-3>		"rätri"@xto	
"kɛ́le"@ghl	<http://ids.clld.org/values/15-660-318-1>		<http://ids.clld.org/parameters/15-660>		<http://ids.clld.org/values/15-660-209-1>		"rtär"@xto	
"ʈwari | borgí"@ghl	<http://ids.clld.org/values/21-510-318-1>		<http://ids.clld.org/parameters/21-510>		<http://ids.clld.org/values/21-510-209-1>		"kärk-"@xto	
"kortu / kuru"@ghl	<http://ids.clld.org/values/2-230-318-1>		<http://ids.clld.org/parameters/2-230>		<http://ids.clld.org/values/2-230-209-1>		"oɲi"@xto	
"ololúŋ"@ghl	<http://ids.clld.org/values/14-290-318-1>		<http://ids.clld.org/parameters/14-290>		<http://ids.clld.org/values/14-290-209-1>		"ārwar"@xto	
"kugí"@ghl	<http://ids.clld.org/values/12-260-318-1>		<http://ids.clld.org/parameters/12-260>		<http://ids.clld.org/values/12-260-209-5>		"wāl-"@xto	
"kugí"@ghl	<http://ids.clld.org/values/12-260-318-1>		<http://ids.clld.org/parameters/12-260>		<http://ids.clld.org/values/12-260-209-3>		"räk-"@xto	
"kugí"@ghl	<http://ids.clld.org/values/12-260-318-1>		<http://ids.clld.org/parameters/12-260>		<http://ids.clld.org/values/12-260-209-1>		"ep-"@xto	
"ʃar / ʃɛrí"@ghl	<http://ids.clld.org/values/11-180-318-1>		<http://ids.clld.org/parameters/11-180>		<http://ids.clld.org/values/11-180-209-1>		"wram"@xto	
"ɖwaǰí"@ghl	<http://ids.clld.org/values/11-270-318-1>		<http://ids.clld.org/parameters/11-270>		<http://ids.clld.org/values/11-270-209-1>		"näk-"@xto	
"ɔ́ku / okanú"@ghl	<http://ids.clld.org/values/4-400-318-1>		<http://ids.clld.org/parameters/4-400>		<http://ids.clld.org/values/4-400-209-1>		"pratsak"@xto	
"ʃwat"@ghl	<http://ids.clld.org/values/15-840-318-1>		<http://ids.clld.org/parameters/15-840>		<http://ids.clld.org/values/15-840-209-1>		"āsar"@xto	
"ber"@ghl	<http://ids.clld.org/values/13-10-318-1>		<http://ids.clld.org/parameters/13-10>		<http://ids.clld.org/values/13-10-209-1>		"sas"@xto	
"ber"@ghl	<http://ids.clld.org/values/13-10-318-1>		<http://ids.clld.org/parameters/13-10>		<http://ids.clld.org/values/13-10-209-3>		"säṃ"@xto	
"íka / ikɪ́l"@ghl	<http://ids.clld.org/values/1-810-318-1>		<http://ids.clld.org/parameters/1-810>		<http://ids.clld.org/values/1-810-209-1>		"por"@xto	
"kuréri"@ghl	<http://ids.clld.org/values/18-221-318-1>		<http://ids.clld.org/parameters/18-221>		<http://ids.clld.org/values/18-221-209-1>		"tränk-"@xto	
"top / tobi"@ghl	<http://ids.clld.org/values/1-100-318-1>		<http://ids.clld.org/parameters/1-100>		<http://ids.clld.org/values/1-100-209-1>		"ārkiśoṣi"@xto	
"kɪt"@ghl	<http://ids.clld.org/values/14-740-318-1>		<http://ids.clld.org/parameters/14-740>		<http://ids.clld.org/values/14-740-209-1>		"śärme"@xto	
"ɪ́rtit / ɪrtidanú || ɪrtinú"@ghl	<http://ids.clld.org/values/8-540-318-1>		<http://ids.clld.org/parameters/8-540>		<http://ids.clld.org/values/8-540-209-1>		"tsmār"@xto	
"úri"@ghl	<http://ids.clld.org/values/15-630-318-1>		<http://ids.clld.org/parameters/15-630>		<http://ids.clld.org/values/15-630-209-1>		"orkäm"@xto	
"ʃárdu"@ghl	<http://ids.clld.org/values/16-530-318-1>		<http://ids.clld.org/parameters/16-530>		<http://ids.clld.org/values/16-530-209-1>		"praski"@xto	
"ɪlǰɪlǰí"@ghl	<http://ids.clld.org/values/17-250-318-1>		<http://ids.clld.org/parameters/17-250>		<http://ids.clld.org/values/17-250-209-1>		"ṣärp-"@xto	
"elé"@ghl	<http://ids.clld.org/values/11-320-318-1>		<http://ids.clld.org/parameters/11-320>		<http://ids.clld.org/values/11-320-209-1>		"kälp-"@xto	
"warí"@ghl	<http://ids.clld.org/values/11-310-318-1>		<http://ids.clld.org/parameters/11-310>		<http://ids.clld.org/values/11-310-209-1>		"rit-"@xto	
"a:lɪ́r"@ghl	<http://ids.clld.org/values/17-110-318-1>		<http://ids.clld.org/parameters/17-110>		<http://ids.clld.org/values/17-110-209-1>		"pältsäk"@xto	
"uǰí"@ghl	<http://ids.clld.org/values/12-120-318-1>		<http://ids.clld.org/parameters/12-120>		<http://ids.clld.org/values/12-120-209-1>		"tā-"@xto	
"kɪŋíri"@ghl	<http://ids.clld.org/values/9-110-318-1>		<http://ids.clld.org/parameters/9-110>		<http://ids.clld.org/values/9-110-209-1>		"yām-/ypa-/ya-"@xto	
"ɖiǰí | ɖitíri"@ghl	<http://ids.clld.org/values/9-343-318-1>		<http://ids.clld.org/parameters/9-343>		<http://ids.clld.org/values/9-343-209-1>		"malyw-"@xto	
"ɖiǰí | ɖitíri"@ghl	<http://ids.clld.org/values/9-343-318-1>		<http://ids.clld.org/parameters/9-343>		<http://ids.clld.org/values/9-343-209-3>		"wnisk-"@xto	
"ɔti"@ghl	<http://ids.clld.org/values/1-310-318-1>		<http://ids.clld.org/parameters/1-310>		<http://ids.clld.org/values/1-310-209-3>		"wräntu"@xto	
"ɔti"@ghl	<http://ids.clld.org/values/1-310-318-1>		<http://ids.clld.org/parameters/1-310>		<http://ids.clld.org/values/1-310-209-1>		"wär"@xto	
"toǰúnu"@ghl	<http://ids.clld.org/values/13-420-318-1>		<http://ids.clld.org/parameters/13-420>		<http://ids.clld.org/values/13-420-209-1>		"trit"@xto	
"arrɛnayn"@ghl	<http://ids.clld.org/values/1-510-318-1>		<http://ids.clld.org/parameters/1-510>		<http://ids.clld.org/values/1-510-209-1>		"eprer-"@xto	
"ʃurdí"@ghl	<http://ids.clld.org/values/9-330-318-1>		<http://ids.clld.org/parameters/9-330>		<http://ids.clld.org/values/9-330-209-5>		"ru-"@xto	
"ʃurdí"@ghl	<http://ids.clld.org/values/9-330-318-1>		<http://ids.clld.org/parameters/9-330>		<http://ids.clld.org/values/9-330-209-3>		"ep-"@xto	
"ʃurdí"@ghl	<http://ids.clld.org/values/9-330-318-1>		<http://ids.clld.org/parameters/9-330>		<http://ids.clld.org/values/9-330-209-1>		"yärt-"@xto	
"koɲ / koɲanú"@ghl	<http://ids.clld.org/values/4-204-318-1>		<http://ids.clld.org/parameters/4-204>		<http://ids.clld.org/values/4-204-209-1>		"ak-mal"@xto	
"torí"@ghl	<http://ids.clld.org/values/12-250-318-1>		<http://ids.clld.org/parameters/12-250>		<http://ids.clld.org/values/12-250-209-1>		"prutk-"@xto	
"we:na"@ghl	<http://ids.clld.org/values/1-212-318-1>		<http://ids.clld.org/parameters/1-212>		<http://ids.clld.org/values/1-212-209-1>		"tkaṃ"@xto	
"ɖitíri"@ghl	<http://ids.clld.org/values/9-342-318-1>		<http://ids.clld.org/parameters/9-342>		<http://ids.clld.org/values/9-342-209-1>		"kälts-"@xto	
"ɪɽi"@ghl	<http://ids.clld.org/values/1-320-318-1>		<http://ids.clld.org/parameters/1-320>		<http://ids.clld.org/values/1-320-209-1>		"lyäm"@xto	
"ɖéyni"@ghl	<http://ids.clld.org/values/17-680-318-1>		<http://ids.clld.org/parameters/17-680>		<http://ids.clld.org/values/17-680-209-1>		"kus"@xto	
"ʊr / ʊranú"@ghl	<http://ids.clld.org/values/4-200-318-1>		<http://ids.clld.org/parameters/4-200>		<http://ids.clld.org/values/4-200-209-1>		"mrāc"@xto	
"ʊr / ʊranú"@ghl	<http://ids.clld.org/values/4-200-318-1>		<http://ids.clld.org/parameters/4-200>		<http://ids.clld.org/values/4-200-209-3>		"lap"@xto	
"kar / karí"@ghl	<http://ids.clld.org/values/21-390-318-1>		<http://ids.clld.org/parameters/21-390>		<http://ids.clld.org/values/21-390-209-1>		"protäk"@xto	
"atul/atule"@ghl	<http://ids.clld.org/values/4-820-318-1>		<http://ids.clld.org/parameters/4-820>		<http://ids.clld.org/values/4-820-209-1>		"ylār"@xto	
"tɛbí"@ghl	<http://ids.clld.org/values/12-150-318-1>		<http://ids.clld.org/parameters/12-150>		<http://ids.clld.org/values/12-150-209-1>		"käly-/ stäm-"@xto	
"kɪŋŋɪ́ri"@ghl	<http://ids.clld.org/values/17-420-318-1>		<http://ids.clld.org/parameters/17-420>		<http://ids.clld.org/values/17-420-209-1>		"ṣurm"@xto	
"girǰúlu ɪnǰɪ́ri"@ghl	<http://ids.clld.org/values/11-880-318-1>		<http://ids.clld.org/parameters/11-880>		<http://ids.clld.org/values/11-880-209-1>		"kāpɲe"@xto	
"kuǰí"@ghl	<http://ids.clld.org/values/10-660-318-1>		<http://ids.clld.org/parameters/10-660>		<http://ids.clld.org/values/10-660-209-1>		"klānk-"@xto	
"we:r otiri"@ghl	<http://ids.clld.org/values/18-390-318-1>		<http://ids.clld.org/parameters/18-390>		<http://ids.clld.org/values/18-390-209-1>		"nāk-"@xto	
"obukɛ́ri"@ghl	<http://ids.clld.org/values/10-350-318-1>		<http://ids.clld.org/parameters/10-350>		<http://ids.clld.org/values/10-350-209-1>		"yär-"@xto	
"kančé | kančí"@ghl	<http://ids.clld.org/values/4-520-318-1>		<http://ids.clld.org/parameters/4-520>		<http://ids.clld.org/values/4-520-209-1>		"śew-"@xto	
"kítu / kiní"@ghl	<http://ids.clld.org/values/7-220-318-1>		<http://ids.clld.org/parameters/7-220>		<http://ids.clld.org/values/7-220-209-1>		"yokäm"@xto	
"kučíri"@ghl	<http://ids.clld.org/values/9-341-318-1>		<http://ids.clld.org/parameters/9-341>		<http://ids.clld.org/values/9-341-209-1>		"länk-"@xto	
"úlče / ulǰé"@ghl	<http://ids.clld.org/values/4-220-318-1>		<http://ids.clld.org/parameters/4-220>		<http://ids.clld.org/values/4-220-209-1>		"klots"@xto	
"ordú / ordɪ́l"@ghl	<http://ids.clld.org/values/8-570-318-1>		<http://ids.clld.org/parameters/8-570>		<http://ids.clld.org/values/8-570-209-1>		"pyāpi"@xto	
"ɪrár / ɪrarí"@ghl	<http://ids.clld.org/values/11-530-318-1>		<http://ids.clld.org/parameters/11-530>		<http://ids.clld.org/values/11-530-209-1>		"yāṣṣuce"@xto	
"tokɪɲár"@ghl	<http://ids.clld.org/values/12-460-318-1>		<http://ids.clld.org/parameters/12-460>		<http://ids.clld.org/values/12-460-209-1>		"koṃ-wmānt"@xto	
"ɖiʈí"@ghl	<http://ids.clld.org/values/16-250-318-1>		<http://ids.clld.org/parameters/16-250>		<http://ids.clld.org/values/16-250-209-1>		"kary-"@xto	
"tuʈí"@ghl	<http://ids.clld.org/values/10-570-318-1>		<http://ids.clld.org/parameters/10-570>		<http://ids.clld.org/values/10-570-209-1>		"yow-"@xto	
"toǰukó"@ghl	<http://ids.clld.org/values/13-440-318-1>		<http://ids.clld.org/parameters/13-440>		<http://ids.clld.org/values/13-440-209-1>		"tri-lkwär"@xto	
"alkí"@ghl	<http://ids.clld.org/values/17-380-318-1>		<http://ids.clld.org/parameters/17-380>		<http://ids.clld.org/values/17-380-209-1>		"ṣärp-"@xto	
"ka:dí"@ghl	<http://ids.clld.org/values/16-300-318-1>		<http://ids.clld.org/parameters/16-300>		<http://ids.clld.org/values/16-300-209-1>		"yäks-"@xto	
"ay | a"@ghl	<http://ids.clld.org/values/2-920-318-1>		<http://ids.clld.org/parameters/2-920>		<http://ids.clld.org/values/2-920-209-1>		"tu"@xto	
"teráp / tɛrabé"@ghl	<http://ids.clld.org/values/8-311-318-1>		<http://ids.clld.org/parameters/8-311>		<http://ids.clld.org/values/8-311-209-1>		"sārm"@xto	
"ŋɛlí"@ghl	<http://ids.clld.org/values/17-130-318-1>		<http://ids.clld.org/parameters/17-130>		<http://ids.clld.org/values/17-130-209-1>		"päl(t)sk-"@xto	
"ǰaɖu / ǰalanu"@ghl	<http://ids.clld.org/values/4-260-318-1>		<http://ids.clld.org/parameters/4-260>		<http://ids.clld.org/values/4-260-209-1>		"käntu"@xto	
"warí"@ghl	<http://ids.clld.org/values/17-450-318-1>		<http://ids.clld.org/parameters/17-450>		<http://ids.clld.org/values/17-450-209-1>		"ɲātse"@xto	
"ʈwaŋ / ʈwaŋí"@ghl	<http://ids.clld.org/values/5-330-318-1>		<http://ids.clld.org/parameters/5-330>		<http://ids.clld.org/values/5-330-209-1>		"[pātär]"@xto	
"maɲɲɛr kɛrdu / maɲɲɛr kɛrí"@ghl	<http://ids.clld.org/values/4-191-318-1>		<http://ids.clld.org/parameters/4-191>		<http://ids.clld.org/values/4-191-209-1>		"särśi"@xto	
"ɪɲát"@ghl	<http://ids.clld.org/values/13-210-318-1>		<http://ids.clld.org/parameters/13-210>		<http://ids.clld.org/values/13-210-209-1>		"ypic"@xto	
"ʃini"@ghl	<http://ids.clld.org/values/17-430-318-1>		<http://ids.clld.org/parameters/17-430>		<http://ids.clld.org/values/17-430-209-1>		"saɲce"@xto	
"bát / báde"@ghl	<http://ids.clld.org/values/18-610-318-1>		<http://ids.clld.org/parameters/18-610>		<http://ids.clld.org/values/18-610-209-3>		"[postäk]"@xto	
"bát / báde"@ghl	<http://ids.clld.org/values/18-610-318-1>		<http://ids.clld.org/parameters/18-610>		<http://ids.clld.org/values/18-610-209-1>		"[postak]"@xto	
"ma:rŋúl"@ghl	<http://ids.clld.org/values/11-520-318-1>		<http://ids.clld.org/parameters/11-520>		<http://ids.clld.org/values/11-520-209-1>		"ekro"@xto	
"uw koǰí"@ghl	<http://ids.clld.org/values/18-430-318-1>		<http://ids.clld.org/parameters/18-430>		<http://ids.clld.org/values/18-430-209-1>		"klāw-"@xto	
"iɽké | iɽkí"@ghl	<http://ids.clld.org/values/4-720-318-1>		<http://ids.clld.org/parameters/4-720>		<http://ids.clld.org/values/4-720-209-1>		"täm-"@xto	
"tirǰí | bodí"@ghl	<http://ids.clld.org/values/9-890-318-1>		<http://ids.clld.org/parameters/9-890>		<http://ids.clld.org/values/9-890-209-1>		"pik-"@xto	
"ʃartí"@ghl	<http://ids.clld.org/values/6-330-318-1>		<http://ids.clld.org/parameters/6-330>		<http://ids.clld.org/values/6-330-209-1>		"wäp-"@xto	
"ɪtɛrí"@ghl	<http://ids.clld.org/values/14-420-318-1>		<http://ids.clld.org/parameters/14-420>		<http://ids.clld.org/values/14-420-209-1>		"wṣe"@xto	
"ɪtɛrí"@ghl	<http://ids.clld.org/values/14-420-318-1>		<http://ids.clld.org/parameters/14-420>		<http://ids.clld.org/values/14-420-209-3>		"oṣeɲi"@xto	
"twánu / twáni"@ghl	<http://ids.clld.org/values/2-410-318-1>		<http://ids.clld.org/parameters/2-410>		<http://ids.clld.org/values/2-410-209-1>		"se"@xto	
"twánu / twáni"@ghl	<http://ids.clld.org/values/2-410-318-1>		<http://ids.clld.org/parameters/2-410>		<http://ids.clld.org/values/2-410-209-3>		"sewās"@xto	
"ikaɲádu / ikaɲalanu || ikaɲalɛni"@ghl	<http://ids.clld.org/values/1-820-318-1>		<http://ids.clld.org/parameters/1-820>		<http://ids.clld.org/values/1-820-209-1>		"slam"@xto	
"ɪ́ntaŋ / ɪntáŋ"@ghl	<http://ids.clld.org/values/2-440-318-1>		<http://ids.clld.org/parameters/2-440>		<http://ids.clld.org/values/2-440-209-1>		"pracar"@xto	
"kwartu"@ghl	<http://ids.clld.org/values/1-215-318-1>		<http://ids.clld.org/parameters/1-215>		<http://ids.clld.org/values/1-215-209-1>		"wāryāɲc"@xto	
"tway"@ghl	<http://ids.clld.org/values/12-80-318-1>		<http://ids.clld.org/parameters/12-80>		<http://ids.clld.org/values/12-80-209-1>		"koc"@xto	
"ór / orí"@ghl	<http://ids.clld.org/values/1-420-318-1>		<http://ids.clld.org/parameters/1-420>		<http://ids.clld.org/values/1-420-209-1>		"ṣtām"@xto	
"ʈwalé"@ghl	<http://ids.clld.org/values/12-30-318-1>		<http://ids.clld.org/parameters/12-30>		<http://ids.clld.org/values/12-30-209-1>		"posaṃ"@xto	
"ʈwalé"@ghl	<http://ids.clld.org/values/12-30-318-1>		<http://ids.clld.org/parameters/12-30>		<http://ids.clld.org/values/12-30-209-3>		"posac"@xto	
"tɪč"@ghl	<http://ids.clld.org/values/5-790-318-1>		<http://ids.clld.org/parameters/5-790>		<http://ids.clld.org/values/5-790-209-1>		"ṣälyp"@xto	
"ʈuwɛ́ŋ"@ghl	<http://ids.clld.org/values/13-140-318-1>		<http://ids.clld.org/parameters/13-140>		<http://ids.clld.org/values/13-140-209-1>		"pont-"@xto	
"kamé"@ghl	<http://ids.clld.org/values/5-120-318-1>		<http://ids.clld.org/parameters/5-120>		<http://ids.clld.org/values/5-120-209-1>		"śwātsi"@xto	
"ʊr"@ghl	<http://ids.clld.org/values/12-360-318-1>		<http://ids.clld.org/parameters/12-360>		<http://ids.clld.org/values/12-360-209-1>		"poṣi"@xto	
"tɛtí"@ghl	<http://ids.clld.org/values/12-540-318-1>		<http://ids.clld.org/parameters/12-540>		<http://ids.clld.org/values/12-540-209-1>		"me-"@xto	
"maʃa / maʃɪ́l"@ghl	<http://ids.clld.org/values/8-130-318-1>		<http://ids.clld.org/parameters/8-130>		<http://ids.clld.org/values/8-130-209-3>		"warpi"@xto	
"maʃa / maʃɪ́l"@ghl	<http://ids.clld.org/values/8-130-318-1>		<http://ids.clld.org/parameters/8-130>		<http://ids.clld.org/values/8-130-209-1>		"warpiśke"@xto	
"ǰátuwe"@ghl	<http://ids.clld.org/values/17-670-318-1>		<http://ids.clld.org/parameters/17-670>		<http://ids.clld.org/values/17-670-209-1>		"äntsam"@xto	
"ʃar / ʃɛrí"@ghl	<http://ids.clld.org/values/3-110-318-1>		<http://ids.clld.org/parameters/3-110>		<http://ids.clld.org/values/3-110-209-1>		"lu"@xto	
"ɲɛlár / ɲelarí"@ghl	<http://ids.clld.org/values/21-230-318-1>		<http://ids.clld.org/parameters/21-230>		<http://ids.clld.org/values/21-230-209-1>		"ram"@xto	
"kwakíri"@ghl	<http://ids.clld.org/values/12-270-318-1>		<http://ids.clld.org/parameters/12-270>		<http://ids.clld.org/values/12-270-209-1>		"tpuk-"@xto	
"akí"@ghl	<http://ids.clld.org/values/12-130-318-1>		<http://ids.clld.org/parameters/12-130>		<http://ids.clld.org/values/12-130-209-1>		"ṣäm-/ laṃ-"@xto	
"kɛŋ"@ghl	<http://ids.clld.org/values/16-710-318-1>		<http://ids.clld.org/parameters/16-710>		<http://ids.clld.org/values/16-710-209-1>		"kāsu"@xto	
"bal"@ghl	<http://ids.clld.org/values/12-60-318-1>		<http://ids.clld.org/parameters/12-60>		<http://ids.clld.org/values/12-60-209-1>		"pärne"@xto	
"bɛl / béli"@ghl	<http://ids.clld.org/values/22-120-318-1>		<http://ids.clld.org/parameters/22-120>		<http://ids.clld.org/values/22-120-209-1>		"ɲkät"@xto	
"bur"@ghl	<http://ids.clld.org/values/4-810-318-1>		<http://ids.clld.org/parameters/4-810>		<http://ids.clld.org/values/4-810-209-1>		"tampe"@xto	
"a:lkɛ́li"@ghl	<http://ids.clld.org/values/14-760-318-1>		<http://ids.clld.org/parameters/14-760>		<http://ids.clld.org/values/14-760-209-1>		"ṣme"@xto	
"ɖetuŋé"@ghl	<http://ids.clld.org/values/16-420-318-1>		<http://ids.clld.org/parameters/16-420>		<http://ids.clld.org/values/16-420-209-1>		"tärm-"@xto	
"tɛgí"@ghl	<http://ids.clld.org/values/19-590-318-1>		<http://ids.clld.org/parameters/19-590>		<http://ids.clld.org/values/19-590-209-1>		"tänk-"@xto	
"tonú / tíni"@ghl	<http://ids.clld.org/values/2-250-318-1>		<http://ids.clld.org/parameters/2-250>		<http://ids.clld.org/values/2-250-209-1>		"śom"@xto	
"ɪdu / ɪli"@ghl	<http://ids.clld.org/values/2-320-318-1>		<http://ids.clld.org/parameters/2-320>		<http://ids.clld.org/values/2-320-209-1>		"śäṃ"@xto	
"ʈiɽ"@ghl	<http://ids.clld.org/values/6-120-318-1>		<http://ids.clld.org/parameters/6-120>		<http://ids.clld.org/values/6-120-209-1>		"wsal"@xto	
"alwarí"@ghl	<http://ids.clld.org/values/16-630-318-1>		<http://ids.clld.org/parameters/16-630>		<http://ids.clld.org/values/16-630-209-1>		"pärmank"@xto	
"tɪrɪmbɪ́l / tɪrɪmbɪlé"@ghl	<http://ids.clld.org/values/10-750-318-1>		<http://ids.clld.org/parameters/10-750>		<http://ids.clld.org/values/10-750-209-1>		"kukäl"@xto	
"kubí | oli | ɖi"@ghl	<http://ids.clld.org/values/10-210-318-1>		<http://ids.clld.org/parameters/10-210>		<http://ids.clld.org/values/10-210-209-3>		"pärk-"@xto	
"kubí | oli | ɖi"@ghl	<http://ids.clld.org/values/10-210-318-1>		<http://ids.clld.org/parameters/10-210>		<http://ids.clld.org/values/10-210-209-1>		"kātk-"@xto	
"biǰí"@ghl	<http://ids.clld.org/values/8-310-318-1>		<http://ids.clld.org/parameters/8-310>		<http://ids.clld.org/values/8-310-209-1>		"kät-"@xto	
"buɽebɛ́r"@ghl	<http://ids.clld.org/values/13-101-318-1>		<http://ids.clld.org/parameters/13-101>		<http://ids.clld.org/values/13-101-209-1>		"śäk-ṣa-pi"@xto	
"wéy"@ghl	<http://ids.clld.org/values/18-220-318-1>		<http://ids.clld.org/parameters/18-220>		<http://ids.clld.org/values/18-220-209-1>		"träṅk-"@xto	
"ɪl lalčé | ɪl lalí"@ghl	<http://ids.clld.org/values/4-912-318-1>		<http://ids.clld.org/parameters/4-912>		<http://ids.clld.org/values/4-912-209-1>		"āɲu"@xto	
"kor / kori | kunu"@ghl	<http://ids.clld.org/values/2-560-318-1>		<http://ids.clld.org/parameters/2-560>		<http://ids.clld.org/values/2-560-209-1>		"āp"@xto	
"armuʈu / armɪʈí"@ghl	<http://ids.clld.org/values/4-207-318-1>		<http://ids.clld.org/parameters/4-207>		<http://ids.clld.org/values/4-207-209-1>		"śanweṃ"@xto	
"óre | kurʃé"@ghl	<http://ids.clld.org/values/16-670-318-1>		<http://ids.clld.org/parameters/16-670>		<http://ids.clld.org/values/16-670-209-1>		"smale"@xto	
"nánɖukal"@ghl	<http://ids.clld.org/values/17-690-318-1>		<http://ids.clld.org/parameters/17-690>		<http://ids.clld.org/values/17-690-209-1>		"kùyal"@xto	
"di"@ghl	<http://ids.clld.org/values/4-630-318-1>		<http://ids.clld.org/parameters/4-630>		<http://ids.clld.org/values/4-630-209-1>		"wār-"@xto	
"walakɛ́r"@ghl	<http://ids.clld.org/values/17-340-318-1>		<http://ids.clld.org/parameters/17-340>		<http://ids.clld.org/values/17-340-209-1>		"āṣtär"@xto	
"uɽi"@ghl	<http://ids.clld.org/values/1-620-318-1>		<http://ids.clld.org/parameters/1-620>		<http://ids.clld.org/values/1-620-209-1>		"orkäm"@xto	
"ʃuʈu || ʃuʈʈu / ʃuʈɪ́l"@ghl	<http://ids.clld.org/values/8-210-318-1>		<http://ids.clld.org/parameters/8-210>		<http://ids.clld.org/values/8-210-209-1>		"pāt"@xto	
"kwɛt / kwéni"@ghl	<http://ids.clld.org/values/4-160-318-1>		<http://ids.clld.org/parameters/4-160>		<http://ids.clld.org/values/4-160-209-1>		"āy"@xto	
"kwɛt / kwéni"@ghl	<http://ids.clld.org/values/4-160-318-1>		<http://ids.clld.org/parameters/4-160>		<http://ids.clld.org/values/4-160-209-3>		"āyäntu"@xto	
"ʃa:lmé"@ghl	<http://ids.clld.org/values/16-790-318-1>		<http://ids.clld.org/parameters/16-790>		<http://ids.clld.org/values/16-790-209-1>		"päl-"@xto	
"ɛkí"@ghl	<http://ids.clld.org/values/12-930-318-1>		<http://ids.clld.org/parameters/12-930>		<http://ids.clld.org/values/12-930-209-1>		"lutk-"@xto	
"nontú / nontí"@ghl	<http://ids.clld.org/values/14-710-318-1>		<http://ids.clld.org/parameters/14-710>		<http://ids.clld.org/values/14-710-209-1>		"maɲ"@xto	
"ʃartí"@ghl	<http://ids.clld.org/values/9-750-318-1>		<http://ids.clld.org/parameters/9-750>		<http://ids.clld.org/values/9-750-209-1>		"wäp-"@xto	
"kaǰeye"@ghl	<http://ids.clld.org/values/17-620-318-1>		<http://ids.clld.org/parameters/17-620>		<http://ids.clld.org/values/17-620-209-1>		"kos"@xto	
"tuɽu"@ghl	<http://ids.clld.org/values/20-150-318-1>		<http://ids.clld.org/parameters/20-150>		<http://ids.clld.org/values/20-150-209-1>		"ratäk"@xto	
"ʃɪl"@ghl	<http://ids.clld.org/values/9-730-318-1>		<http://ids.clld.org/parameters/9-730>		<http://ids.clld.org/values/9-730-209-1>		"tukri"@xto	
"tirí"@ghl	<http://ids.clld.org/values/8-531-318-1>		<http://ids.clld.org/parameters/8-531>		<http://ids.clld.org/values/8-531-209-1>		"sāry-"@xto	
"ɪŋŋaltu | ɪč"@ghl	<http://ids.clld.org/values/1-520-318-1>		<http://ids.clld.org/parameters/1-520>		<http://ids.clld.org/values/1-520-209-1>		"koṃ"@xto	
"álwari"@ghl	<http://ids.clld.org/values/16-620-318-1>		<http://ids.clld.org/parameters/16-620>		<http://ids.clld.org/values/16-620-209-1>		"yoke"@xto	
"kudu / kuli"@ghl	<http://ids.clld.org/values/1-220-318-1>		<http://ids.clld.org/parameters/1-220>		<http://ids.clld.org/values/1-220-209-1>		"ṣul"@xto	
"kól / kolí | undiŋol / undiŋoli"@ghl	<http://ids.clld.org/values/7-130-318-1>		<http://ids.clld.org/parameters/7-130>		<http://ids.clld.org/values/7-130-209-1>		"yṣitstse (?)"@xto	
"kor / korí"@ghl	<http://ids.clld.org/values/19-230-318-1>		<http://ids.clld.org/parameters/19-230>		<http://ids.clld.org/values/19-230-209-1>		"[kotär]"@xto	
"ɖor / ɖorí"@ghl	<http://ids.clld.org/values/4-120-318-1>		<http://ids.clld.org/parameters/4-120>		<http://ids.clld.org/values/4-120-209-1>		"yats"@xto	
"ɖoǰí"@ghl	<http://ids.clld.org/values/12-670-318-1>		<http://ids.clld.org/parameters/12-670>		<http://ids.clld.org/values/12-670-209-1>		"kupār"@xto	
"wey"@ghl	<http://ids.clld.org/values/18-110-318-1>		<http://ids.clld.org/parameters/18-110>		<http://ids.clld.org/values/18-110-209-3>		"wak"@xto	
"wey"@ghl	<http://ids.clld.org/values/18-110-318-1>		<http://ids.clld.org/parameters/18-110>		<http://ids.clld.org/values/18-110-209-1>		"waśeṃ"@xto	
"ɖotú / noní"@ghl	<http://ids.clld.org/values/4-170-318-1>		<http://ids.clld.org/parameters/4-170>		<http://ids.clld.org/values/4-170-209-1>		"kror"@xto	
"oriŋár / oriŋarí"@ghl	<http://ids.clld.org/values/7-450-318-1>		<http://ids.clld.org/parameters/7-450>		<http://ids.clld.org/values/7-450-209-1>		"cok"@xto	
"bálu / balí"@ghl	<http://ids.clld.org/values/19-550-318-1>		<http://ids.clld.org/parameters/19-550>		<http://ids.clld.org/values/19-550-209-1>		"lokit"@xto	
"oɽti nidu / oɽti nili"@ghl	<http://ids.clld.org/values/3-280-318-1>		<http://ids.clld.org/parameters/3-280>		<http://ids.clld.org/values/3-280-209-1>		"āù"@xto	
"ič"@ghl	<http://ids.clld.org/values/14-610-318-1>		<http://ids.clld.org/parameters/14-610>		<http://ids.clld.org/values/14-610-209-1>		"ṣpät-koɲi"@xto	
"bɪ́ɽu"@ghl	<http://ids.clld.org/values/16-720-318-1>		<http://ids.clld.org/parameters/16-720>		<http://ids.clld.org/values/16-720-209-3>		"omäskeṃ"@xto	
"bɪ́ɽu"@ghl	<http://ids.clld.org/values/16-720-318-1>		<http://ids.clld.org/parameters/16-720>		<http://ids.clld.org/values/16-720-209-1>		"umpar"@xto	
"kwalát"@ghl	<http://ids.clld.org/values/13-70-318-1>		<http://ids.clld.org/parameters/13-70>		<http://ids.clld.org/values/13-70-209-1>		"ṣpat"@xto	
"bɛlɲar / bɛlɲɛrí"@ghl	<http://ids.clld.org/values/22-150-318-1>		<http://ids.clld.org/parameters/22-150>		<http://ids.clld.org/values/22-150-209-1>		"talke"@xto	
"bagirí"@ghl	<http://ids.clld.org/values/17-320-318-1>		<http://ids.clld.org/parameters/17-320>		<http://ids.clld.org/values/17-320-209-1>		"märs-"@xto	
"tumur / tumurí"@ghl	<http://ids.clld.org/values/3-820-318-1>		<http://ids.clld.org/parameters/3-820>		<http://ids.clld.org/values/3-820-209-1>		"kroṅśe"@xto	
"ɖoǰí"@ghl	<http://ids.clld.org/values/12-570-318-1>		<http://ids.clld.org/parameters/12-570>		<http://ids.clld.org/values/12-570-209-3>		"aryu"@xto	
"ɖoǰí"@ghl	<http://ids.clld.org/values/12-570-318-1>		<http://ids.clld.org/parameters/12-570>		<http://ids.clld.org/values/12-570-209-1>		"pärkär"@xto	
"er"@ghl	<http://ids.clld.org/values/14-130-318-1>		<http://ids.clld.org/parameters/14-130>		<http://ids.clld.org/values/14-130-209-1>		"ɲu"@xto	
