"aɲor"@ghl	<http://ids.clld.org/values/5-791-318-1>		<http://ids.clld.org/parameters/5-791>		<http://ids.clld.org/values/5-791-293-1>		"iʔ-twɨm"@ram	
"kʊl / kʊli"@ghl	<http://ids.clld.org/values/1-370-318-1>		<http://ids.clld.org/parameters/1-370>		<http://ids.clld.org/values/1-370-293-1>		"kʰwa"@ram	
"twe"@ghl	<http://ids.clld.org/values/10-480-318-1>		<http://ids.clld.org/parameters/10-480>		<http://ids.clld.org/values/10-480-293-1>		"-tẽ"@ram	
"ikaŋa:l / ikaŋa:dé"@ghl	<http://ids.clld.org/values/7-310-318-1>		<http://ids.clld.org/parameters/7-310>		<http://ids.clld.org/values/7-310-293-1>		"kiz (?)"@ram	
"oɽí"@ghl	<http://ids.clld.org/values/15-640-318-1>		<http://ids.clld.org/parameters/15-640>		<http://ids.clld.org/values/15-640-293-1>		"hakkʰa"@ram	
"oɽí"@ghl	<http://ids.clld.org/values/15-640-318-1>		<http://ids.clld.org/parameters/15-640>		<http://ids.clld.org/values/15-640-293-3>		"yakʰaa"@ram	
"íŋi"@ghl	<http://ids.clld.org/values/15-350-318-1>		<http://ids.clld.org/parameters/15-350>		<http://ids.clld.org/values/15-350-293-1>		"c̷o-"@ram	
"ŋaǰí"@ghl	<http://ids.clld.org/values/10-450-318-1>		<http://ids.clld.org/parameters/10-450>		<http://ids.clld.org/values/10-450-293-1>		"mõ"@ram	
"kanɖe tunu / ka:nɖéni || ka:nɖí"@ghl	<http://ids.clld.org/values/3-581-318-1>		<http://ids.clld.org/parameters/3-581>		<http://ids.clld.org/values/3-581-293-1>		"kɛ̃"@ram	
"ɖarum / ɖarumé"@ghl	<http://ids.clld.org/values/4-209-318-1>		<http://ids.clld.org/parameters/4-209>		<http://ids.clld.org/values/4-209-293-1>		"hamã"@ram	
"ortuŋ / ortuŋe || ortuŋí | ko:ǰaŋ / ko:ǰaŋí"@ghl	<http://ids.clld.org/values/3-970-318-1>		<http://ids.clld.org/parameters/3-970>		<http://ids.clld.org/values/3-970-293-1>		"mĩĩ (mɨ̃ ?)"@ram	
"anɖi"@ghl	<http://ids.clld.org/values/10-440-318-1>		<http://ids.clld.org/parameters/10-440>		<http://ids.clld.org/values/10-440-293-1>		"hakrun (?)"@ram	
"ŋaǰúŋ"@ghl	<http://ids.clld.org/values/14-210-318-1>		<http://ids.clld.org/parameters/14-210>		<http://ids.clld.org/values/14-210-293-1>		"kɨt-"@ram	
"ɪɡɪč / ɪɡiǰano"@ghl	<http://ids.clld.org/values/4-450-318-1>		<http://ids.clld.org/parameters/4-450>		<http://ids.clld.org/values/4-450-293-1>		"ii-pa"@ram	
"top"@ghl	<http://ids.clld.org/values/12-110-318-1>		<http://ids.clld.org/parameters/12-110>		<http://ids.clld.org/values/12-110-293-1>		"-li-"@ram	
"tititú / tititanó"@ghl	<http://ids.clld.org/values/4-463-318-1>		<http://ids.clld.org/parameters/4-463>		<http://ids.clld.org/values/4-463-293-1>		"hɔ̃"@ram	
"ŋay"@ghl	<http://ids.clld.org/values/15-370-318-1>		<http://ids.clld.org/parameters/15-370>		<http://ids.clld.org/values/15-370-293-1>		"-c̷ə-"@ram	
"ŋay"@ghl	<http://ids.clld.org/values/15-370-318-1>		<http://ids.clld.org/parameters/15-370>		<http://ids.clld.org/values/15-370-293-3>		"hə"@ram	
"ɪ́niŋ / ɛnɲáŋ ||  ɛnɪŋ / ɪnɲaŋ"@ghl	<http://ids.clld.org/values/2-360-318-1>		<http://ids.clld.org/parameters/2-360>		<http://ids.clld.org/values/2-360-293-1>		"-nə̃ə̃"@ram	
"tʊr"@ghl	<http://ids.clld.org/values/12-50-318-1>		<http://ids.clld.org/parameters/12-50>		<http://ids.clld.org/values/12-50-293-1>		"kʰam"@ram	
"kiyeri"@ghl	<http://ids.clld.org/values/15-420-318-1>		<http://ids.clld.org/parameters/15-420>		<http://ids.clld.org/values/15-420-293-1>		"k mpa (?)"@ram	
"ebé | ebí"@ghl	<http://ids.clld.org/values/4-690-318-1>		<http://ids.clld.org/parameters/4-690>		<http://ids.clld.org/values/4-690-293-1>		"c̷wa"@ram	
"maɽantúnu / maɽaɲiní"@ghl	<http://ids.clld.org/values/3-817-318-1>		<http://ids.clld.org/parameters/3-817>		<http://ids.clld.org/values/3-817-293-1>		"ahc̷un- (aʔc̷un- ?)"@ram	
"ʈílur"@ghl	<http://ids.clld.org/values/15-810-318-1>		<http://ids.clld.org/parameters/15-810>		<http://ids.clld.org/values/15-810-293-1>		"hũũ-tĩ"@ram	
"wa:tiní"@ghl	<http://ids.clld.org/values/13-170-318-1>		<http://ids.clld.org/parameters/13-170>		<http://ids.clld.org/values/13-170-293-1>		"kʰɨɨpe-"@ram	
"ʃwakíɽi"@ghl	<http://ids.clld.org/values/12-212-318-1>		<http://ids.clld.org/parameters/12-212>		<http://ids.clld.org/values/12-212-293-1>		"pɨ"@ram	
"oɲút"@ghl	<http://ids.clld.org/values/16-230-318-1>		<http://ids.clld.org/parameters/16-230>		<http://ids.clld.org/values/16-230-293-1>		"hakʰrɨ"@ram	
"móno"@ghl	<http://ids.clld.org/values/8-510-318-1>		<http://ids.clld.org/parameters/8-510>		<http://ids.clld.org/values/8-510-293-1>		"aʔ-tuu"@ram	
"otta"@ghl	<http://ids.clld.org/values/1-840-318-1>		<http://ids.clld.org/parameters/1-840>		<http://ids.clld.org/values/1-840-293-1>		"prɔ"@ram	
"kot/ kwe"@ghl	<http://ids.clld.org/values/4-350-318-1>		<http://ids.clld.org/parameters/4-350>		<http://ids.clld.org/values/4-350-293-1>		"ii-tɛ"@ram	
"or / ordanú"@ghl	<http://ids.clld.org/values/18-280-318-1>		<http://ids.clld.org/parameters/18-280>		<http://ids.clld.org/values/18-280-293-1>		"awkʰe-"@ram	
"or / ordanú"@ghl	<http://ids.clld.org/values/18-280-318-1>		<http://ids.clld.org/parameters/18-280>		<http://ids.clld.org/values/18-280-293-3>		"yəyə-"@ram	
"tíl / tídu | narkó / narkí"@ghl	<http://ids.clld.org/values/3-760-318-1>		<http://ids.clld.org/parameters/3-760>		<http://ids.clld.org/values/3-760-293-1>		"kukʰoy"@ram	
"ununtá / unɖí"@ghl	<http://ids.clld.org/values/7-520-318-1>		<http://ids.clld.org/parameters/7-520>		<http://ids.clld.org/values/7-520-293-1>		"po"@ram	
"ǰɛl"@ghl	<http://ids.clld.org/values/4-610-318-1>		<http://ids.clld.org/parameters/4-610>		<http://ids.clld.org/values/4-610-293-1>		"-ŋõr (ŋɔ̃r ?)"@ram	
"ɲɪl"@ghl	<http://ids.clld.org/values/12-420-318-1>		<http://ids.clld.org/parameters/12-420>		<http://ids.clld.org/values/12-420-293-1>		"aw-kʰɛ"@ram	
"ór / orí"@ghl	<http://ids.clld.org/values/1-430-318-1>		<http://ids.clld.org/parameters/1-430>		<http://ids.clld.org/values/1-430-293-1>		"pĩ"@ram	
"ʃal / ʃadú"@ghl	<http://ids.clld.org/values/7-120-318-1>		<http://ids.clld.org/parameters/7-120>		<http://ids.clld.org/values/7-120-293-1>		"ii-kʰrɛ"@ram	
"abʊrɡe / abʊrɡenu"@ghl	<http://ids.clld.org/values/3-591-318-1>		<http://ids.clld.org/parameters/3-591>		<http://ids.clld.org/values/3-591-293-1>		"c̷ɛprɛ"@ram	
"ŋwátat"@ghl	<http://ids.clld.org/values/12-740-318-1>		<http://ids.clld.org/parameters/12-740>		<http://ids.clld.org/values/12-740-293-1>		"yakɔt"@ram	
"ʊɽʊ"@ghl	<http://ids.clld.org/values/1-213-318-1>		<http://ids.clld.org/parameters/1-213>		<http://ids.clld.org/values/1-213-293-1>		"pye yakro"@ram	
"kakar / aŕi"@ghl	<http://ids.clld.org/values/1-440-318-1>		<http://ids.clld.org/parameters/1-440>		<http://ids.clld.org/values/1-440-293-1>		"kʰɛn"@ram	
"bol / bʊ́li"@ghl	<http://ids.clld.org/values/3-610-318-1>		<http://ids.clld.org/parameters/3-610>		<http://ids.clld.org/values/3-610-293-1>		"rɔp"@ram	
"bíɽʃu / biɽʃulú"@ghl	<http://ids.clld.org/values/9-770-318-1>		<http://ids.clld.org/parameters/9-770>		<http://ids.clld.org/values/9-770-293-1>		"kohpip (koʔpip ?)"@ram	
"kɔlí"@ghl	<http://ids.clld.org/values/5-110-318-1>		<http://ids.clld.org/parameters/5-110>		<http://ids.clld.org/values/5-110-293-3>		"kʰuu"@ram	
"kɔlí"@ghl	<http://ids.clld.org/values/5-110-318-1>		<http://ids.clld.org/parameters/5-110>		<http://ids.clld.org/values/5-110-293-7>		"pa-"@ram	
"kɔlí"@ghl	<http://ids.clld.org/values/5-110-318-1>		<http://ids.clld.org/parameters/5-110>		<http://ids.clld.org/values/5-110-293-5>		"kukʰu-"@ram	
"kɔlí"@ghl	<http://ids.clld.org/values/5-110-318-1>		<http://ids.clld.org/parameters/5-110>		<http://ids.clld.org/values/5-110-293-1>		"-kʰrẽ"@ram	
"óoŋ"@ghl	<http://ids.clld.org/values/17-560-318-1>		<http://ids.clld.org/parameters/17-560>		<http://ids.clld.org/values/17-560-293-1>		"ke-"@ram	
"are"@ghl	<http://ids.clld.org/values/1-750-318-1>		<http://ids.clld.org/parameters/1-750>		<http://ids.clld.org/values/1-750-293-1>		"taa (ta ?)"@ram	
"orŋu:da / oriŋu:da"@ghl	<http://ids.clld.org/values/8-750-318-1>		<http://ids.clld.org/parameters/8-750>		<http://ids.clld.org/values/8-750-293-1>		"ii-kʰə"@ram	
"yɛ | o"@ghl	<http://ids.clld.org/values/2-910-318-1>		<http://ids.clld.org/parameters/2-910>		<http://ids.clld.org/values/2-910-293-3>		"wa"@ram	
"yɛ | o"@ghl	<http://ids.clld.org/values/2-910-318-1>		<http://ids.clld.org/parameters/2-910>		<http://ids.clld.org/values/2-910-293-1>		"pa"@ram	
"ʃóʈu / ʃóʈil | or"@ghl	<http://ids.clld.org/values/10-720-318-1>		<http://ids.clld.org/parameters/10-720>		<http://ids.clld.org/values/10-720-293-1>		"prɨɨ"@ram	
"áɽo | áɖu"@ghl	<http://ids.clld.org/values/8-560-318-1>		<http://ids.clld.org/parameters/8-560>		<http://ids.clld.org/values/8-560-293-1>		"iʔ-ho"@ram	
"ʃilŋol | ʃorál / ʃoralí | monɖóŋ mondɖí | naǰena kol"@ghl	<http://ids.clld.org/values/19-250-318-1>		<http://ids.clld.org/parameters/19-250>		<http://ids.clld.org/values/19-250-293-1>		"kʰo-"@ram	
"kwaǰé / kwaǰɪ́l"@ghl	<http://ids.clld.org/values/5-610-318-1>		<http://ids.clld.org/parameters/5-610>		<http://ids.clld.org/values/5-610-293-1>		"hĩ"@ram	
"kwaǰé / kwaǰɪ́l"@ghl	<http://ids.clld.org/values/5-610-318-1>		<http://ids.clld.org/parameters/5-610>		<http://ids.clld.org/values/5-610-293-3>		"yĩ"@ram	
"mondóŋ / mondoŋí | ʃorál / ʃoralí | toŋkáɽuŋ / toŋkáɽuŋi"@ghl	<http://ids.clld.org/values/20-220-318-1>		<http://ids.clld.org/parameters/20-220>		<http://ids.clld.org/values/20-220-293-1>		"kʰo"@ram	
"ɛǰe"@ghl	<http://ids.clld.org/values/1-410-318-1>		<http://ids.clld.org/parameters/1-410>		<http://ids.clld.org/values/1-410-293-1>		"lam-"@ram	
"bʊdí"@ghl	<http://ids.clld.org/values/9-210-318-1>		<http://ids.clld.org/parameters/9-210>		<http://ids.clld.org/values/9-210-293-1>		"kʰrɔ̃k"@ram	
"tóǰuk"@ghl	<http://ids.clld.org/values/13-30-318-1>		<http://ids.clld.org/parameters/13-30>		<http://ids.clld.org/values/13-30-293-1>		"ɨnkre-"@ram	
"kagí"@ghl	<http://ids.clld.org/values/10-610-318-1>		<http://ids.clld.org/parameters/10-610>		<http://ids.clld.org/values/10-610-293-1>		"pə"@ram	
"kútu / kuté"@ghl	<http://ids.clld.org/values/4-360-318-1>		<http://ids.clld.org/parameters/4-360>		<http://ids.clld.org/values/4-360-293-1>		"ii-kʰõn"@ram	
"gɪm"@ghl	<http://ids.clld.org/values/3-813-318-1>		<http://ids.clld.org/parameters/3-813>		<http://ids.clld.org/values/3-813-293-1>		"ĩnko"@ram	
"áǰe"@ghl	<http://ids.clld.org/values/12-610-318-1>		<http://ids.clld.org/parameters/12-610>		<http://ids.clld.org/values/12-610-293-1>		"iʔ-pɔ"@ram	
"ilɛ́ri"@ghl	<http://ids.clld.org/values/1-851-318-1>		<http://ids.clld.org/parameters/1-851>		<http://ids.clld.org/values/1-851-293-1>		"ka-c̷ər"@ram	
"komul / komudé || komudu"@ghl	<http://ids.clld.org/values/3-850-318-1>		<http://ids.clld.org/parameters/3-850>		<http://ids.clld.org/values/3-850-293-3>		"pat"@ram	
"komul / komudé || komudu"@ghl	<http://ids.clld.org/values/3-850-318-1>		<http://ids.clld.org/parameters/3-850>		<http://ids.clld.org/values/3-850-293-1>		"kaaŋə"@ram	
"íɲuŋ / iɲé"@ghl	<http://ids.clld.org/values/4-230-318-1>		<http://ids.clld.org/parameters/4-230>		<http://ids.clld.org/values/4-230-293-1>		"-yĩyakʰrɛ"@ram	
"ɔʃí"@ghl	<http://ids.clld.org/values/4-330-318-1>		<http://ids.clld.org/parameters/4-330>		<http://ids.clld.org/values/4-330-293-1>		"hũʔkʰra"@ram	
"aʃé | aʃí"@ghl	<http://ids.clld.org/values/4-580-318-1>		<http://ids.clld.org/parameters/4-580>		<http://ids.clld.org/values/4-580-293-1>		"-ku-c̷a"@ram	
"ku:t / kwe"@ghl	<http://ids.clld.org/values/4-370-318-1>		<http://ids.clld.org/parameters/4-370>		<http://ids.clld.org/values/4-370-293-1>		"ii-par"@ram	
"kóɽol / koɽudé"@ghl	<http://ids.clld.org/values/3-650-318-1>		<http://ids.clld.org/parameters/3-650>		<http://ids.clld.org/values/3-650-293-3>		"krən-"@ram	
"kóɽol / koɽudé"@ghl	<http://ids.clld.org/values/3-650-318-1>		<http://ids.clld.org/parameters/3-650>		<http://ids.clld.org/values/3-650-293-1>		"tɛp"@ram	
"ɖiyɛ | ɖi"@ghl	<http://ids.clld.org/values/5-130-318-1>		<http://ids.clld.org/parameters/5-130>		<http://ids.clld.org/values/5-130-293-1>		"-kʰõ (kʰɔ̃ ?)"@ram	
"ɪɽiɲ / iɽiɲanu"@ghl	<http://ids.clld.org/values/3-815-318-1>		<http://ids.clld.org/parameters/3-815>		<http://ids.clld.org/values/3-815-293-1>		"pak"@ram	
"ʈí"@ghl	<http://ids.clld.org/values/11-210-318-1>		<http://ids.clld.org/parameters/11-210>		<http://ids.clld.org/values/11-210-293-3>		"ŋɔ̃"@ram	
"ʈí"@ghl	<http://ids.clld.org/values/11-210-318-1>		<http://ids.clld.org/parameters/11-210>		<http://ids.clld.org/values/11-210-293-1>		"c̷i-"@ram	
"orí / oriɲɪ́l"@ghl	<http://ids.clld.org/values/6-380-318-1>		<http://ids.clld.org/parameters/6-380>		<http://ids.clld.org/values/6-380-293-1>		"he-"@ram	
"orí / oriɲɪ́l"@ghl	<http://ids.clld.org/values/6-380-318-1>		<http://ids.clld.org/parameters/6-380>		<http://ids.clld.org/values/6-380-293-3>		"-c̷e- (?)"@ram	
"áttu / atté"@ghl	<http://ids.clld.org/values/4-392-318-1>		<http://ids.clld.org/parameters/4-392>		<http://ids.clld.org/values/4-392-293-1>		"haaraa"@ram	
"ʊ́rguŋ || órguŋ"@ghl	<http://ids.clld.org/values/15-860-318-1>		<http://ids.clld.org/parameters/15-860>		<http://ids.clld.org/values/15-860-293-1>		"kʰrɨ"@ram	
"ábul / abudé"@ghl	<http://ids.clld.org/values/4-240-318-1>		<http://ids.clld.org/parameters/4-240>		<http://ids.clld.org/values/4-240-293-1>		"-yarkʰwa"@ram	
"waréri"@ghl	<http://ids.clld.org/values/18-120-318-1>		<http://ids.clld.org/parameters/18-120>		<http://ids.clld.org/values/18-120-293-1>		"-krɛ"@ram	
"úbi"@ghl	<http://ids.clld.org/values/10-380-318-1>		<http://ids.clld.org/parameters/10-380>		<http://ids.clld.org/values/10-380-293-1>		"hakkoo"@ram	
"torɽá"@ghl	<http://ids.clld.org/values/14-150-318-1>		<http://ids.clld.org/parameters/14-150>		<http://ids.clld.org/values/14-150-293-1>		"tũm"@ram	
"oǰaŋ / oǰáŋ || oǰaŋí"@ghl	<http://ids.clld.org/values/2-310-318-1>		<http://ids.clld.org/parameters/2-310>		<http://ids.clld.org/values/2-310-293-1>		"ĩĩ-pyɛ"@ram	
"káltu / kalé"@ghl	<http://ids.clld.org/values/4-210-318-1>		<http://ids.clld.org/parameters/4-210>		<http://ids.clld.org/values/4-210-293-1>		"ii-tɔ"@ram	
"akí"@ghl	<http://ids.clld.org/values/7-110-318-1>		<http://ids.clld.org/parameters/7-110>		<http://ids.clld.org/values/7-110-293-1>		"kʰrĩ"@ram	
"ebí"@ghl	<http://ids.clld.org/values/9-360-318-1>		<http://ids.clld.org/parameters/9-360>		<http://ids.clld.org/values/9-360-293-1>		"kuʔhõ"@ram	
"ebí"@ghl	<http://ids.clld.org/values/9-360-318-1>		<http://ids.clld.org/parameters/9-360>		<http://ids.clld.org/values/9-360-293-3>		"kaʔhõ"@ram	
"ŋéli"@ghl	<http://ids.clld.org/values/15-510-318-1>		<http://ids.clld.org/parameters/15-510>		<http://ids.clld.org/values/15-510-293-1>		"-hõm-pu"@ram	
"ŋéli"@ghl	<http://ids.clld.org/values/15-510-318-1>		<http://ids.clld.org/parameters/15-510>		<http://ids.clld.org/values/15-510-293-3>		"pu-pun"@ram	
"ɲɛndu / ɲɛndini | tónu / tíni"@ghl	<http://ids.clld.org/values/2-270-318-1>		<http://ids.clld.org/parameters/2-270>		<http://ids.clld.org/values/2-270-293-1>		"aʔ-kʰra-rɛ"@ram	
"ip / ibanú || ibí"@ghl	<http://ids.clld.org/values/4-180-318-1>		<http://ids.clld.org/parameters/4-180>		<http://ids.clld.org/values/4-180-293-1>		"ha-ppɨ"@ram	
"ara"@ghl	<http://ids.clld.org/values/13-330-318-1>		<http://ids.clld.org/parameters/13-330>		<http://ids.clld.org/values/13-330-293-3>		"kamã"@ram	
"ara"@ghl	<http://ids.clld.org/values/13-330-318-1>		<http://ids.clld.org/parameters/13-330>		<http://ids.clld.org/values/13-330-293-1>		"pit"@ram	
"ʈiyál/ʈiyáni | ʈi"@ghl	<http://ids.clld.org/values/4-750-318-1>		<http://ids.clld.org/parameters/4-750>		<http://ids.clld.org/values/4-750-293-1>		"tɨɨ- (tɨ ?)"@ram	
"itu"@ghl	<http://ids.clld.org/values/3-811-318-1>		<http://ids.clld.org/parameters/3-811>		<http://ids.clld.org/values/3-811-293-1>		"ii-ko"@ram	
"kortu / koro"@ghl	<http://ids.clld.org/values/2-210-318-1>		<http://ids.clld.org/parameters/2-210>		<http://ids.clld.org/values/2-210-293-1>		"hũm"@ram	
"iladni | waʃitu"@ghl	<http://ids.clld.org/values/1-852-318-1>		<http://ids.clld.org/parameters/1-852>		<http://ids.clld.org/values/1-852-293-1>		"pok"@ram	
"ágaŋ / agáŋ | ʃalmaŋ"@ghl	<http://ids.clld.org/values/2-350-318-1>		<http://ids.clld.org/parameters/2-350>		<http://ids.clld.org/values/2-350-293-1>		"-pãm"@ram	
"ágaŋ / agáŋ | ʃalmaŋ"@ghl	<http://ids.clld.org/values/2-350-318-1>		<http://ids.clld.org/parameters/2-350>		<http://ids.clld.org/values/2-350-293-3>		"c̷ũ"@ram	
"bɪ́ɽgi"@ghl	<http://ids.clld.org/values/10-130-318-1>		<http://ids.clld.org/parameters/10-130>		<http://ids.clld.org/values/10-130-293-1>		"ayrɔ̃"@ram	
"kul / kúli"@ghl	<http://ids.clld.org/values/12-850-318-1>		<http://ids.clld.org/parameters/12-850>		<http://ids.clld.org/values/12-850-293-1>		"kʰrɛ"@ram	
"ʃele"@ghl	<http://ids.clld.org/values/5-810-318-1>		<http://ids.clld.org/parameters/5-810>		<http://ids.clld.org/values/5-810-293-1>		"kaac̷wa"@ram	
"tu / tuano"@ghl	<http://ids.clld.org/values/4-460-318-1>		<http://ids.clld.org/parameters/4-460>		<http://ids.clld.org/values/4-460-293-1>		"ii-tu"@ram	
"orgí"@ghl	<http://ids.clld.org/values/15-830-318-1>		<http://ids.clld.org/parameters/15-830>		<http://ids.clld.org/values/15-830-293-1>		"mrɔ̃ (?)"@ram	
"or / orí"@ghl	<http://ids.clld.org/values/8-600-318-1>		<http://ids.clld.org/parameters/8-600>		<http://ids.clld.org/values/8-600-293-1>		"pĩĩ"@ram	
"a:buldí"@ghl	<http://ids.clld.org/values/16-290-318-1>		<http://ids.clld.org/parameters/16-290>		<http://ids.clld.org/values/16-290-293-1>		"p (?)"@ram	
"ɔ́nʈu / ɔnʈé"@ghl	<http://ids.clld.org/values/4-310-318-1>		<http://ids.clld.org/parameters/4-310>		<http://ids.clld.org/values/4-310-293-1>		"pa"@ram	
"ʃɪɽɪŋ"@ghl	<http://ids.clld.org/values/14-440-318-1>		<http://ids.clld.org/parameters/14-440>		<http://ids.clld.org/values/14-440-293-1>		"apɛ̃"@ram	
"tumʊr"@ghl	<http://ids.clld.org/values/5-840-318-1>		<http://ids.clld.org/parameters/5-840>		<http://ids.clld.org/values/5-840-293-1>		"pɛn"@ram	
"úri"@ghl	<http://ids.clld.org/values/15-650-318-1>		<http://ids.clld.org/parameters/15-650>		<http://ids.clld.org/values/15-650-293-1>		"iʔ-tɨk"@ram	
"ǰɪɖu / ǰɪl"@ghl	<http://ids.clld.org/values/4-270-318-1>		<http://ids.clld.org/parameters/4-270>		<http://ids.clld.org/values/4-270-293-1>		"ii-c̷wa"@ram	
"wi"@ghl	<http://ids.clld.org/values/15-850-318-1>		<http://ids.clld.org/parameters/15-850>		<http://ids.clld.org/values/15-850-293-1>		"kakrɔ"@ram	
"ɖul / ɖulanú"@ghl	<http://ids.clld.org/values/4-280-318-1>		<http://ids.clld.org/parameters/4-280>		<http://ids.clld.org/values/4-280-293-1>		"ii-put"@ram	
"tuɽɪŋ ŋantú / tuɪŋŋamé"@ghl	<http://ids.clld.org/values/4-464-318-1>		<http://ids.clld.org/parameters/4-464>		<http://ids.clld.org/values/4-464-293-1>		"ayɔ"@ram	
"birkɛtu / birke"@ghl	<http://ids.clld.org/values/3-840-318-1>		<http://ids.clld.org/parameters/3-840>		<http://ids.clld.org/values/3-840-293-1>		"hɔɔc̷ã"@ram	
"wattunú"@ghl	<http://ids.clld.org/values/12-560-318-1>		<http://ids.clld.org/parameters/12-560>		<http://ids.clld.org/values/12-560-293-3>		"lɛ"@ram	
"wattunú"@ghl	<http://ids.clld.org/values/12-560-318-1>		<http://ids.clld.org/parameters/12-560>		<http://ids.clld.org/values/12-560-293-1>		"ĩn-krirɛ"@ram	
"ʊ́r"@ghl	<http://ids.clld.org/values/4-150-318-1>		<http://ids.clld.org/parameters/4-150>		<http://ids.clld.org/values/4-150-293-1>		"ii-kaproo"@ram	
"kíǰaŋ / kíǰi"@ghl	<http://ids.clld.org/values/3-350-318-1>		<http://ids.clld.org/parameters/3-350>		<http://ids.clld.org/values/3-350-293-1>		"kʰro"@ram	
"ʃwi"@ghl	<http://ids.clld.org/values/4-740-318-1>		<http://ids.clld.org/parameters/4-740>		<http://ids.clld.org/values/4-740-293-1>		"tĩ"@ram	
"kɪl / kidú"@ghl	<http://ids.clld.org/values/3-750-318-1>		<http://ids.clld.org/parameters/3-750>		<http://ids.clld.org/values/3-750-293-1>		"pɔ"@ram	
"kɪl / kidú"@ghl	<http://ids.clld.org/values/3-750-318-1>		<http://ids.clld.org/parameters/3-750>		<http://ids.clld.org/values/3-750-293-3>		"kaarə"@ram	
"álki"@ghl	<http://ids.clld.org/values/12-920-318-1>		<http://ids.clld.org/parameters/12-920>		<http://ids.clld.org/values/12-920-293-1>		"kʰĩ"@ram	
"ɪɽʃu"@ghl	<http://ids.clld.org/values/1-720-318-1>		<http://ids.clld.org/parameters/1-720>		<http://ids.clld.org/values/1-720-293-1>		"kʰook"@ram	
"ɖa"@ghl	<http://ids.clld.org/values/8-680-318-1>		<http://ids.clld.org/parameters/8-680>		<http://ids.clld.org/values/8-680-293-1>		"parho"@ram	
"iʃá"@ghl	<http://ids.clld.org/values/10-470-318-1>		<http://ids.clld.org/parameters/10-470>		<http://ids.clld.org/values/10-470-293-1>		"mɔ̃"@ram	
"ʈɪltú / ʈɪl"@ghl	<http://ids.clld.org/values/4-140-318-1>		<http://ids.clld.org/parameters/4-140>		<http://ids.clld.org/values/4-140-293-1>		"ii-kʰĩ"@ram	
"ɪ́ntaŋ tɛ��rɖu / ɪntáŋ tɛrɖí"@ghl	<http://ids.clld.org/values/2-450-318-1>		<http://ids.clld.org/parameters/2-450>		<http://ids.clld.org/values/2-450-293-1>		"tɔ̃y-"@ram	
"ʃoké | ʃokí"@ghl	<http://ids.clld.org/values/4-521-318-1>		<http://ids.clld.org/parameters/4-521>		<http://ids.clld.org/values/4-521-293-1>		"hɛk"@ram	
"to | Ø"@ghl	<http://ids.clld.org/values/2-930-318-1>		<http://ids.clld.org/parameters/2-930>		<http://ids.clld.org/values/2-930-293-1>		"tamə̃"@ram	
"onu / onɛtu"@ghl	<http://ids.clld.org/values/1-540-318-1>		<http://ids.clld.org/parameters/1-540>		<http://ids.clld.org/values/1-540-293-1>		"kac̷ee-rɛ"@ram	
"ʈa:ŕi"@ghl	<http://ids.clld.org/values/10-370-318-1>		<http://ids.clld.org/parameters/10-370>		<http://ids.clld.org/values/10-370-293-1>		"tɛɛ"@ram	
"ílware"@ghl	<http://ids.clld.org/values/16-310-318-1>		<http://ids.clld.org/parameters/16-310>		<http://ids.clld.org/values/16-310-293-1>		"-c̷a-"@ram	
"ílware"@ghl	<http://ids.clld.org/values/16-310-318-1>		<http://ids.clld.org/parameters/16-310>		<http://ids.clld.org/values/16-310-293-3>		"ha- (?)"@ram	
"aǰe | ŋur"@ghl	<http://ids.clld.org/values/12-550-318-1>		<http://ids.clld.org/parameters/12-550>		<http://ids.clld.org/values/12-550-293-1>		"ti-"@ram	
"kiyeri"@ghl	<http://ids.clld.org/values/15-410-318-1>		<http://ids.clld.org/parameters/15-410>		<http://ids.clld.org/values/15-410-293-1>		"kʰə̃-pa"@ram	
"ʃwat"@ghl	<http://ids.clld.org/values/15-840-318-1>		<http://ids.clld.org/parameters/15-840>		<http://ids.clld.org/values/15-840-293-1>		"krə"@ram	
"ʃwat"@ghl	<http://ids.clld.org/values/15-840-318-1>		<http://ids.clld.org/parameters/15-840>		<http://ids.clld.org/values/15-840-293-3>		"(kʰra ?)"@ram	
"ber"@ghl	<http://ids.clld.org/values/13-10-318-1>		<http://ids.clld.org/parameters/13-10>		<http://ids.clld.org/values/13-10-293-1>		"pɨc̷it"@ram	
"íka / ikɪ́l"@ghl	<http://ids.clld.org/values/1-810-318-1>		<http://ids.clld.org/parameters/1-810>		<http://ids.clld.org/values/1-810-293-1>		"kuhɨ"@ram	
"ɪ́rtit / ɪrtidanú || ɪrtinú"@ghl	<http://ids.clld.org/values/8-540-318-1>		<http://ids.clld.org/parameters/8-540>		<http://ids.clld.org/values/8-540-293-1>		"haare"@ram	
"warí"@ghl	<http://ids.clld.org/values/11-310-318-1>		<http://ids.clld.org/parameters/11-310>		<http://ids.clld.org/values/11-310-293-1>		"lɨ̃t"@ram	
"kɪŋíri"@ghl	<http://ids.clld.org/values/9-110-318-1>		<http://ids.clld.org/parameters/9-110>		<http://ids.clld.org/values/9-110-293-1>		"tɔn"@ram	
"ɖiǰí | ɖitíri"@ghl	<http://ids.clld.org/values/9-343-318-1>		<http://ids.clld.org/parameters/9-343>		<http://ids.clld.org/values/9-343-293-1>		"ŋɛ̃n"@ram	
"ɔti"@ghl	<http://ids.clld.org/values/1-310-318-1>		<http://ids.clld.org/parameters/1-310>		<http://ids.clld.org/values/1-310-293-1>		"ko"@ram	
"arrɛnayn"@ghl	<http://ids.clld.org/values/1-510-318-1>		<http://ids.clld.org/parameters/1-510>		<http://ids.clld.org/values/1-510-293-1>		"koykʰwa"@ram	
"ʊr / ʊranú"@ghl	<http://ids.clld.org/values/4-200-318-1>		<http://ids.clld.org/parameters/4-200>		<http://ids.clld.org/values/4-200-293-1>		"ii-kʰrə̃"@ram	
"atul/atule"@ghl	<http://ids.clld.org/values/4-820-318-1>		<http://ids.clld.org/parameters/4-820>		<http://ids.clld.org/values/4-820-293-1>		"pɛk-"@ram	
"tɛbí"@ghl	<http://ids.clld.org/values/12-150-318-1>		<http://ids.clld.org/parameters/12-150>		<http://ids.clld.org/values/12-150-293-1>		"c̷a"@ram	
"káto / kaní"@ghl	<http://ids.clld.org/values/8-120-318-1>		<http://ids.clld.org/parameters/8-120>		<http://ids.clld.org/values/8-120-293-1>		"pur"@ram	
"koɲúltu / koɲɪ́l"@ghl	<http://ids.clld.org/values/5-970-318-1>		<http://ids.clld.org/parameters/5-970>		<http://ids.clld.org/values/5-970-293-1>		"in-krɛ"@ram	
"obukɛ́ri"@ghl	<http://ids.clld.org/values/10-350-318-1>		<http://ids.clld.org/parameters/10-350>		<http://ids.clld.org/values/10-350-293-1>		"ree"@ram	
"obukɛ́ri"@ghl	<http://ids.clld.org/values/10-350-318-1>		<http://ids.clld.org/parameters/10-350>		<http://ids.clld.org/values/10-350-293-3>		"c̷wa"@ram	
"abutu / abuɖabutu || abat"@ghl	<http://ids.clld.org/values/3-920-318-1>		<http://ids.clld.org/parameters/3-920>		<http://ids.clld.org/values/3-920-293-1>		"wɛwɛ-"@ram	
"ordú / ordɪ́l"@ghl	<http://ids.clld.org/values/8-570-318-1>		<http://ids.clld.org/parameters/8-570>		<http://ids.clld.org/values/8-570-293-1>		"ii-rə̃"@ram	
"ku:nú"@ghl	<http://ids.clld.org/values/1-830-318-1>		<http://ids.clld.org/parameters/1-830>		<http://ids.clld.org/values/1-830-293-1>		"iʔ-kʰũm"@ram	
"ǰɛrí"@ghl	<http://ids.clld.org/values/12-140-318-1>		<http://ids.clld.org/parameters/12-140>		<http://ids.clld.org/values/12-140-293-1>		"nɔ̃"@ram	
"ay | a"@ghl	<http://ids.clld.org/values/2-920-318-1>		<http://ids.clld.org/parameters/2-920>		<http://ids.clld.org/values/2-920-293-1>		"ka"@ram	
"teráp / tɛrabé"@ghl	<http://ids.clld.org/values/8-311-318-1>		<http://ids.clld.org/parameters/8-311>		<http://ids.clld.org/values/8-311-293-1>		"iʔ-hɨɨ (hɨ- ?)"@ram	
"ǰaɖu / ǰalanu"@ghl	<http://ids.clld.org/values/4-260-318-1>		<http://ids.clld.org/parameters/4-260>		<http://ids.clld.org/values/4-260-293-1>		"-yõʔtɔ"@ram	
"ʃukí"@ghl	<http://ids.clld.org/values/5-160-318-1>		<http://ids.clld.org/parameters/5-160>		<http://ids.clld.org/values/5-160-293-1>		"kaho"@ram	
"ɪɲát"@ghl	<http://ids.clld.org/values/13-210-318-1>		<http://ids.clld.org/parameters/13-210>		<http://ids.clld.org/values/13-210-293-1>		"yic̷u"@ram	
"nɛnde"@ghl	<http://ids.clld.org/values/8-520-318-1>		<http://ids.clld.org/parameters/8-520>		<http://ids.clld.org/values/8-520-293-1>		"po-"@ram	
"ɪtɛrí"@ghl	<http://ids.clld.org/values/14-420-318-1>		<http://ids.clld.org/parameters/14-420>		<http://ids.clld.org/values/14-420-293-1>		"kac̷wa"@ram	
"kwartu"@ghl	<http://ids.clld.org/values/1-215-318-1>		<http://ids.clld.org/parameters/1-215>		<http://ids.clld.org/values/1-215-293-1>		"pye"@ram	
"ór / orí"@ghl	<http://ids.clld.org/values/1-420-318-1>		<http://ids.clld.org/parameters/1-420>		<http://ids.clld.org/values/1-420-293-1>		"pĩĩ"@ram	
"ʈuwɛ́ŋ"@ghl	<http://ids.clld.org/values/13-140-318-1>		<http://ids.clld.org/parameters/13-140>		<http://ids.clld.org/values/13-140-293-1>		"tu-"@ram	
"ɖugí"@ghl	<http://ids.clld.org/values/9-211-318-1>		<http://ids.clld.org/parameters/9-211>		<http://ids.clld.org/values/9-211-293-1>		"twə"@ram	
"akí"@ghl	<http://ids.clld.org/values/12-130-318-1>		<http://ids.clld.org/parameters/12-130>		<http://ids.clld.org/values/12-130-293-1>		"yə̃ (yɨ̃ ?)"@ram	
"kɛŋ"@ghl	<http://ids.clld.org/values/16-710-318-1>		<http://ids.clld.org/parameters/16-710>		<http://ids.clld.org/values/16-710-293-1>		"-pɛy"@ram	
"ɔǰa"@ghl	<http://ids.clld.org/values/1-640-318-1>		<http://ids.clld.org/parameters/1-640>		<http://ids.clld.org/values/1-640-293-1>		"atər-"@ram	
"ɪdu / ɪli"@ghl	<http://ids.clld.org/values/2-320-318-1>		<http://ids.clld.org/parameters/2-320>		<http://ids.clld.org/values/2-320-293-1>		"ĩĩ-prõ"@ram	
"óre | kurʃé"@ghl	<http://ids.clld.org/values/16-670-318-1>		<http://ids.clld.org/parameters/16-670>		<http://ids.clld.org/values/16-670-293-1>		"nõ"@ram	
"kwɛt / kwéni"@ghl	<http://ids.clld.org/values/4-160-318-1>		<http://ids.clld.org/parameters/4-160>		<http://ids.clld.org/values/4-160-293-1>		"-hi"@ram	
"ɪŋŋaltu | ɪč"@ghl	<http://ids.clld.org/values/1-520-318-1>		<http://ids.clld.org/parameters/1-520>		<http://ids.clld.org/values/1-520-293-3>		"pɨtɨ"@ram	
"ɪŋŋaltu | ɪč"@ghl	<http://ids.clld.org/values/1-520-318-1>		<http://ids.clld.org/parameters/1-520>		<http://ids.clld.org/values/1-520-293-1>		"pɨt"@ram	
"ɖor / ɖorí"@ghl	<http://ids.clld.org/values/4-120-318-1>		<http://ids.clld.org/parameters/4-120>		<http://ids.clld.org/values/4-120-293-1>		"ii-kʰə (?)"@ram	
"bɪ́ɽu"@ghl	<http://ids.clld.org/values/16-720-318-1>		<http://ids.clld.org/parameters/16-720>		<http://ids.clld.org/values/16-720-293-1>		"iʔkʰɛn"@ram	
"kábe / kábɪl"@ghl	<http://ids.clld.org/values/7-150-318-1>		<http://ids.clld.org/parameters/7-150>		<http://ids.clld.org/values/7-150-293-1>		"ka-"@ram	
"uɲɪɽí || ʊŋiɽi"@ghl	<http://ids.clld.org/values/10-472-318-1>		<http://ids.clld.org/parameters/10-472>		<http://ids.clld.org/values/10-472-293-1>		"pi-"@ram	
"ɖoǰí"@ghl	<http://ids.clld.org/values/12-570-318-1>		<http://ids.clld.org/parameters/12-570>		<http://ids.clld.org/values/12-570-293-1>		"i-rɨɨ"@ram	
"er"@ghl	<http://ids.clld.org/values/14-130-318-1>		<http://ids.clld.org/parameters/14-130>		<http://ids.clld.org/values/14-130-293-1>		"-tuwa"@ram	
