"aɲor"@ghl	<http://ids.clld.org/values/5-791-318-1>		<http://ids.clld.org/parameters/5-791>		<http://ids.clld.org/values/5-791-174-1>		"kātɨ"@mch	
"ɪdu / ɪli"@ghl	<http://ids.clld.org/values/2-240-318-1>		<http://ids.clld.org/parameters/2-240>		<http://ids.clld.org/values/2-240-174-1>		"wodi"@mch	
"ʈur"@ghl	<http://ids.clld.org/values/12-810-318-1>		<http://ids.clld.org/parameters/12-810>		<http://ids.clld.org/values/12-810-174-1>		"kokkoduhaʔto"@mch	
"ikanor"@ghl	<http://ids.clld.org/values/1-880-318-1>		<http://ids.clld.org/parameters/1-880>		<http://ids.clld.org/values/1-880-174-1>		"-keme-dɨ"@mch	
"koloká"@ghl	<http://ids.clld.org/values/12-630-318-1>		<http://ids.clld.org/parameters/12-630>		<http://ids.clld.org/values/12-630-174-1>		"hūšīhe"@mch	
"twe"@ghl	<http://ids.clld.org/values/10-480-318-1>		<http://ids.clld.org/parameters/10-480>		<http://ids.clld.org/values/10-480-174-1>		"w-eʔ-nə"@mch	
"arar / ararí"@ghl	<http://ids.clld.org/values/3-818-318-1>		<http://ids.clld.org/parameters/3-818>		<http://ids.clld.org/values/3-818-174-1>		"modoy"@mch	
"oɽí"@ghl	<http://ids.clld.org/values/15-640-318-1>		<http://ids.clld.org/parameters/15-640>		<http://ids.clld.org/values/15-640-174-1>		"təʔkeʔne"@mch	
"kitiríŋ / kitiriŋí"@ghl	<http://ids.clld.org/values/7-270-318-1>		<http://ids.clld.org/parameters/7-270>		<http://ids.clld.org/values/7-270-174-1>		"həʔhudu"@mch	
"ɪt / ɪ́ni"@ghl	<http://ids.clld.org/values/2-100-318-1>		<http://ids.clld.org/parameters/2-100>		<http://ids.clld.org/values/2-100-174-1>		"ssoto"@mch	
"warí"@ghl	<http://ids.clld.org/values/10-530-318-1>		<http://ids.clld.org/parameters/10-530>		<http://ids.clld.org/values/10-530-174-1>		"-aheʔka-dɨ"@mch	
"íŋi"@ghl	<http://ids.clld.org/values/15-350-318-1>		<http://ids.clld.org/parameters/15-350>		<http://ids.clld.org/values/15-350-174-1>		"kādo"@mch	
"ŋaǰí"@ghl	<http://ids.clld.org/values/10-450-318-1>		<http://ids.clld.org/parameters/10-450>		<http://ids.clld.org/values/10-450-174-1>		"w-ōhoyma-nə"@mch	
"ʊr"@ghl	<http://ids.clld.org/values/12-20-318-1>		<http://ids.clld.org/parameters/12-20>		<http://ids.clld.org/values/12-20-174-1>		"dɨʔtə"@mch	
"ʈwakaɲɪ́l / ʈwakaɲɪlé"@ghl	<http://ids.clld.org/values/7-370-318-1>		<http://ids.clld.org/parameters/7-370>		<http://ids.clld.org/values/7-370-174-1>		"inɲahuʔtahə"@mch	
"kanɖe tunu / ka:nɖéni || ka:nɖí"@ghl	<http://ids.clld.org/values/3-581-318-1>		<http://ids.clld.org/parameters/3-581>		<http://ids.clld.org/values/3-581-174-1>		"hawi"@mch	
"buɽióra"@ghl	<http://ids.clld.org/values/13-102-318-1>		<http://ids.clld.org/parameters/13-102>		<http://ids.clld.org/values/13-102-174-1>		"amohadəʔto dēwə āʔkə"@mch	
"anɖi"@ghl	<http://ids.clld.org/values/10-440-318-1>		<http://ids.clld.org/parameters/10-440>		<http://ids.clld.org/values/10-440-174-1>		"-ənwa-"@mch	
"iʃí"@ghl	<http://ids.clld.org/values/15-210-318-1>		<http://ids.clld.org/parameters/15-210>		<http://ids.clld.org/values/15-210-174-1>		"hyoʔhōdɨ"@mch	
"ŋaǰúŋ"@ghl	<http://ids.clld.org/values/14-210-318-1>		<http://ids.clld.org/parameters/14-210>		<http://ids.clld.org/values/14-210-174-1>		"tamhə̄ʔne"@mch	
"ilíri"@ghl	<http://ids.clld.org/values/15-550-318-1>		<http://ids.clld.org/parameters/15-550>		<http://ids.clld.org/values/15-550-174-1>		"eneho-dɨ"@mch	
"kelar / kelari"@ghl	<http://ids.clld.org/values/17-270-318-1>		<http://ids.clld.org/parameters/17-270>		<http://ids.clld.org/values/17-270-174-1>		"yowānomani"@mch	
"tuɽí / tuɽiɲɪ́l | wandurí / wanduriɲɪ́l"@ghl	<http://ids.clld.org/values/5-260-318-1>		<http://ids.clld.org/parameters/5-260>		<http://ids.clld.org/values/5-260-174-1>		"ədinɲə"@mch	
"oɽi"@ghl	<http://ids.clld.org/values/1-610-318-1>		<http://ids.clld.org/parameters/1-610>		<http://ids.clld.org/values/1-610-174-1>		"šī"@mch	
"ʈaɽaŋ / ʈaɽaŋí"@ghl	<http://ids.clld.org/values/3-980-318-1>		<http://ids.clld.org/parameters/3-980>		<http://ids.clld.org/values/3-980-174-1>		"heʔde"@mch	
"wi | wi"@ghl	<http://ids.clld.org/values/2-950-318-1>		<http://ids.clld.org/parameters/2-950>		<http://ids.clld.org/values/2-950-174-1>		"ənwanno"@mch	
"kwaɲé kúnuŋ"@ghl	<http://ids.clld.org/values/16-810-318-1>		<http://ids.clld.org/parameters/16-810>		<http://ids.clld.org/values/16-810-174-1>		"inɲatahe"@mch	
"ulunú / uliní"@ghl	<http://ids.clld.org/values/2-750-318-1>		<http://ids.clld.org/parameters/2-750>		<http://ids.clld.org/values/2-750-174-1>		"tunkemhɨnɨ"@mch	
"ʈwaŋár / ʈwaŋarí"@ghl	<http://ids.clld.org/values/3-584-318-1>		<http://ids.clld.org/parameters/3-584>		<http://ids.clld.org/values/3-584-174-1>		"demōši"@mch	
"ŋay"@ghl	<http://ids.clld.org/values/15-370-318-1>		<http://ids.clld.org/parameters/15-370>		<http://ids.clld.org/values/15-370-174-1>		"tutune"@mch	
"kági"@ghl	<http://ids.clld.org/values/5-490-318-1>		<http://ids.clld.org/parameters/5-490>		<http://ids.clld.org/values/5-490-174-1>		"-oima-dɨ"@mch	
"kay twé"@ghl	<http://ids.clld.org/values/10-481-318-1>		<http://ids.clld.org/parameters/10-481>		<http://ids.clld.org/values/10-481-174-1>		"w-ennakā-nə"@mch	
"ɪddu"@ghl	<http://ids.clld.org/values/13-80-318-1>		<http://ids.clld.org/parameters/13-80>		<http://ids.clld.org/values/13-80-174-1>		"aduwawə amohaʔto"@mch	
"ɪ́niŋ / ɛnɲáŋ ||  ɛnɪŋ / ɪnɲaŋ"@ghl	<http://ids.clld.org/values/2-360-318-1>		<http://ids.clld.org/parameters/2-360>		<http://ids.clld.org/values/2-360-174-1>		"denɨ"@mch	
"ɔ́ŋgul"@ghl	<http://ids.clld.org/values/10-710-318-1>		<http://ids.clld.org/parameters/10-710>		<http://ids.clld.org/values/10-710-174-1>		"ə̄ma"@mch	
"ʃiyát"@ghl	<http://ids.clld.org/values/15-780-318-1>		<http://ids.clld.org/parameters/15-780>		<http://ids.clld.org/values/15-780-174-1>		"ākə̄tədɨ"@mch	
"abulnɖor / abulnɖʊri || abulndɛnɖori"@ghl	<http://ids.clld.org/values/4-250-318-1>		<http://ids.clld.org/parameters/4-250>		<http://ids.clld.org/values/4-250-174-1>		"ə̄ʔhi"@mch	
"alač / alɛǰúlu"@ghl	<http://ids.clld.org/values/20-222-318-1>		<http://ids.clld.org/parameters/20-222>		<http://ids.clld.org/values/20-222-174-1>		"wɨ̄wɨ"@mch	
"tʊr"@ghl	<http://ids.clld.org/values/12-50-318-1>		<http://ids.clld.org/parameters/12-50>		<http://ids.clld.org/values/12-50-174-3>		"anwaʔka"@mch	
"tʊr"@ghl	<http://ids.clld.org/values/12-50-318-1>		<http://ids.clld.org/parameters/12-50>		<http://ids.clld.org/values/12-50-174-1>		"aʔka"@mch	
"arinwɛt / aríni"@ghl	<http://ids.clld.org/values/8-470-318-1>		<http://ids.clld.org/parameters/8-470>		<http://ids.clld.org/values/8-470-174-1>		"ənɲa"@mch	
"kwárʃu"@ghl	<http://ids.clld.org/values/13-60-318-1>		<http://ids.clld.org/parameters/13-60>		<http://ids.clld.org/values/13-60-174-1>		"tōni amohaʔto"@mch	
"ʃɪn / ʃiní"@ghl	<http://ids.clld.org/values/14-730-318-1>		<http://ids.clld.org/parameters/14-730>		<http://ids.clld.org/values/14-730-174-1>		"wedɨ"@mch	
"koté"@ghl	<http://ids.clld.org/values/10-620-318-1>		<http://ids.clld.org/parameters/10-620>		<http://ids.clld.org/values/10-620-174-1>		"-enehɨ"@mch	
"ʈilínɖú"@ghl	<http://ids.clld.org/values/15-820-318-1>		<http://ids.clld.org/parameters/15-820>		<http://ids.clld.org/values/15-820-174-1>		"tawāhe"@mch	
"náye"@ghl	<http://ids.clld.org/values/17-640-318-1>		<http://ids.clld.org/parameters/17-640>		<http://ids.clld.org/values/17-640-174-1>		"ākene"@mch	
"ɪ́nni"@ghl	<http://ids.clld.org/values/19-210-318-1>		<http://ids.clld.org/parameters/19-210>		<http://ids.clld.org/values/19-210-174-1>		"weiʔčɨ"@mch	
"ʈílur"@ghl	<http://ids.clld.org/values/15-810-318-1>		<http://ids.clld.org/parameters/15-810>		<http://ids.clld.org/values/15-810-174-1>		"tamənɲato"@mch	
"ʈíʃu"@ghl	<http://ids.clld.org/values/13-50-318-1>		<http://ids.clld.org/parameters/13-50>		<http://ids.clld.org/values/13-50-174-1>		"hyātodea"@mch	
"ʃa:duké | ʃa:dí"@ghl	<http://ids.clld.org/values/4-570-318-1>		<http://ids.clld.org/parameters/4-570>		<http://ids.clld.org/values/4-570-174-1>		"wenaʔtahəʔeʔnə"@mch	
"wa:tiní"@ghl	<http://ids.clld.org/values/13-170-318-1>		<http://ids.clld.org/parameters/13-170>		<http://ids.clld.org/values/13-170-174-1>		"ākəʔkə"@mch	
"álɖo / aɖɪní"@ghl	<http://ids.clld.org/values/4-440-318-1>		<http://ids.clld.org/parameters/4-440>		<http://ids.clld.org/values/4-440-174-1>		"yēwanɨ"@mch	
"karʃat / karʃáni"@ghl	<http://ids.clld.org/values/5-123-318-1>		<http://ids.clld.org/parameters/5-123>		<http://ids.clld.org/values/5-123-174-1>		"sēweyčato"@mch	
"tayn"@ghl	<http://ids.clld.org/values/12-330-318-1>		<http://ids.clld.org/parameters/12-330>		<http://ids.clld.org/values/12-330-174-1>		"akoiʔčaʔhɨdɨ"@mch	
"ʃɪl / ʃíli"@ghl	<http://ids.clld.org/values/19-240-318-1>		<http://ids.clld.org/parameters/19-240>		<http://ids.clld.org/values/19-240-174-1>		"ədāhə"@mch	
"ʈwakí"@ghl	<http://ids.clld.org/values/9-160-318-1>		<http://ids.clld.org/parameters/9-160>		<http://ids.clld.org/values/9-160-174-1>		"imɨdɨ"@mch	
"oɲút"@ghl	<http://ids.clld.org/values/16-230-318-1>		<http://ids.clld.org/parameters/16-230>		<http://ids.clld.org/values/16-230-174-1>		"takwanɲe"@mch	
"bát / báde"@ghl	<http://ids.clld.org/values/18-560-318-1>		<http://ids.clld.org/parameters/18-560>		<http://ids.clld.org/values/18-560-174-1>		"[hahēda]"@mch	
"kame"@ghl	<http://ids.clld.org/values/5-410-318-1>		<http://ids.clld.org/parameters/5-410>		<http://ids.clld.org/values/5-410-174-1>		"əwainši"@mch	
"bigí"@ghl	<http://ids.clld.org/values/11-330-318-1>		<http://ids.clld.org/parameters/11-330>		<http://ids.clld.org/values/11-330-174-1>		"w-ənnanɨʔ-nə"@mch	
"ábaŋ idu / abáŋ ili"@ghl	<http://ids.clld.org/values/2-470-318-1>		<http://ids.clld.org/parameters/2-470>		<http://ids.clld.org/values/2-470-174-1>		"-tamū-du"@mch	
"ʈíɽi"@ghl	<http://ids.clld.org/values/6-110-318-1>		<http://ids.clld.org/parameters/6-110>		<http://ids.clld.org/values/6-110-174-1>		"wewontənə"@mch	
"uč"@ghl	<http://ids.clld.org/values/20-130-318-1>		<http://ids.clld.org/parameters/20-130>		<http://ids.clld.org/values/20-130-174-1>		"wənə"@mch	
"otta"@ghl	<http://ids.clld.org/values/1-840-318-1>		<http://ids.clld.org/parameters/1-840>		<http://ids.clld.org/values/1-840-174-1>		"wedēnnə"@mch	
"kot/ kwe"@ghl	<http://ids.clld.org/values/4-350-318-1>		<http://ids.clld.org/parameters/4-350>		<http://ids.clld.org/values/4-350-174-1>		"hētɨ"@mch	
"kubi"@ghl	<http://ids.clld.org/values/4-853-318-1>		<http://ids.clld.org/parameters/4-853>		<http://ids.clld.org/values/4-853-174-1>		"awonɲəʔkādɨ"@mch	
"ʃwarʃí"@ghl	<http://ids.clld.org/values/18-130-318-1>		<http://ids.clld.org/parameters/18-130>		<http://ids.clld.org/values/18-130-174-1>		"kəʔtɨn-nə"@mch	
"kódaŋ / konáŋ | ɛ́rŋaŋ / ɛrŋáŋ"@ghl	<http://ids.clld.org/values/2-550-318-1>		<http://ids.clld.org/parameters/2-550>		<http://ids.clld.org/values/2-550-174-1>		"waiɲe"@mch	
"kódaŋ / konáŋ | ɛ́rŋaŋ / ɛrŋáŋ"@ghl	<http://ids.clld.org/values/2-550-318-1>		<http://ids.clld.org/parameters/2-550>		<http://ids.clld.org/values/2-550-174-3>		"yāʔko"@mch	
"kwaɽáŋ / kwaɽí"@ghl	<http://ids.clld.org/values/20-260-318-1>		<http://ids.clld.org/parameters/20-260>		<http://ids.clld.org/values/20-260-174-1>		"sukuhi"@mch	
"alač / alaǰúlu"@ghl	<http://ids.clld.org/values/9-250-318-1>		<http://ids.clld.org/parameters/9-250>		<http://ids.clld.org/values/9-250-174-1>		"wɨ̄wɨ"@mch	
"tɛ́rɖu / tɛrɖí"@ghl	<http://ids.clld.org/values/2-420-318-1>		<http://ids.clld.org/parameters/2-420>		<http://ids.clld.org/values/2-420-174-1>		"nnedɨ"@mch	
"óra"@ghl	<http://ids.clld.org/values/13-20-318-1>		<http://ids.clld.org/parameters/13-20>		<http://ids.clld.org/values/13-20-174-1>		"āʔkə"@mch	
"tíl / tídu | narkó / narkí"@ghl	<http://ids.clld.org/values/3-760-318-1>		<http://ids.clld.org/parameters/3-760>		<http://ids.clld.org/values/3-760-174-1>		"yadākadu"@mch	
"kɪl / kɪ́li"@ghl	<http://ids.clld.org/values/19-520-318-1>		<http://ids.clld.org/parameters/19-520>		<http://ids.clld.org/values/19-520-174-1>		"tuʔde"@mch	
"wey"@ghl	<http://ids.clld.org/values/18-240-318-1>		<http://ids.clld.org/parameters/18-240>		<http://ids.clld.org/values/18-240-174-1>		"āʔdewʔkwe"@mch	
"twéy"@ghl	<http://ids.clld.org/values/18-410-318-1>		<http://ids.clld.org/parameters/18-410>		<http://ids.clld.org/values/18-410-174-1>		"aʔdewhaʔdɨ"@mch	
"ɔdu / ɔl"@ghl	<http://ids.clld.org/values/4-410-318-1>		<http://ids.clld.org/parameters/4-410>		<http://ids.clld.org/values/4-410-174-1>		"ʔdohɨ-dɨ"@mch	
"bukuʈál"@ghl	<http://ids.clld.org/values/12-370-318-1>		<http://ids.clld.org/parameters/12-370>		<http://ids.clld.org/values/12-370-174-1>		"annai"@mch	
"ǰɛl"@ghl	<http://ids.clld.org/values/4-610-318-1>		<http://ids.clld.org/parameters/4-610>		<http://ids.clld.org/values/4-610-174-1>		"w-ɨnɨʔ-nə"@mch	
"kál"@ghl	<http://ids.clld.org/values/12-11-318-1>		<http://ids.clld.org/parameters/12-11>		<http://ids.clld.org/values/12-11-174-1>		"mənse"@mch	
"unuŋké | unuŋkí"@ghl	<http://ids.clld.org/values/4-620-318-1>		<http://ids.clld.org/parameters/4-620>		<http://ids.clld.org/values/4-620-174-1>		"wənētɨnə"@mch	
"ɪ́ntaŋ wattunu / ɪntáŋ wattɪni"@ghl	<http://ids.clld.org/values/2-445-318-1>		<http://ids.clld.org/parameters/2-445>		<http://ids.clld.org/values/2-445-174-1>		"šīʔčɨ"@mch	
"ɔ́ŋgʊr / ɔŋgirí"@ghl	<http://ids.clld.org/values/4-300-318-1>		<http://ids.clld.org/parameters/4-300>		<http://ids.clld.org/values/4-300-174-1>		"nkawə"@mch	
"wéɪŋ"@ghl	<http://ids.clld.org/values/12-410-318-1>		<http://ids.clld.org/parameters/12-410>		<http://ids.clld.org/values/12-410-174-1>		"əmuʔdemhɨnɨ"@mch	
"ɪʃɪné"@ghl	<http://ids.clld.org/values/17-610-318-1>		<http://ids.clld.org/parameters/17-610>		<http://ids.clld.org/values/17-610-174-1>		"ākene"@mch	
"ór / orí"@ghl	<http://ids.clld.org/values/1-430-318-1>		<http://ids.clld.org/parameters/1-430>		<http://ids.clld.org/values/1-430-174-1>		"dē"@mch	
"ʃal / ʃadú"@ghl	<http://ids.clld.org/values/7-120-318-1>		<http://ids.clld.org/parameters/7-120>		<http://ids.clld.org/values/7-120-174-1>		"mmā"@mch	
"kwaǰí"@ghl	<http://ids.clld.org/values/8-220-318-1>		<http://ids.clld.org/parameters/8-220>		<http://ids.clld.org/values/8-220-174-1>		"tɨʔkādɨ"@mch	
"ʃwéri"@ghl	<http://ids.clld.org/values/11-140-318-1>		<http://ids.clld.org/parameters/11-140>		<http://ids.clld.org/values/11-140-174-1>		"-ahəi-"@mch	
"kuɲí | bo:dí"@ghl	<http://ids.clld.org/values/11-250-318-1>		<http://ids.clld.org/parameters/11-250>		<http://ids.clld.org/values/11-250-174-1>		"ewanakādɨ"@mch	
"kakar / aŕi"@ghl	<http://ids.clld.org/values/1-440-318-1>		<http://ids.clld.org/parameters/1-440>		<http://ids.clld.org/values/1-440-174-1>		"təʔhu"@mch	
"únɛtu / úni || únini"@ghl	<http://ids.clld.org/values/3-830-318-1>		<http://ids.clld.org/parameters/3-830>		<http://ids.clld.org/values/3-830-174-1>		"wedēsede"@mch	
"kál"@ghl	<http://ids.clld.org/values/12-10-318-1>		<http://ids.clld.org/parameters/12-10>		<http://ids.clld.org/values/12-10-174-1>		"yə̄ʔhəhe"@mch	
"bikedáŋ / bikenáŋ"@ghl	<http://ids.clld.org/values/19-510-318-1>		<http://ids.clld.org/parameters/19-510>		<http://ids.clld.org/values/19-510-174-1>		"weičakōno"@mch	
"wattunú"@ghl	<http://ids.clld.org/values/12-620-318-1>		<http://ids.clld.org/parameters/12-620>		<http://ids.clld.org/values/12-620-174-3>		"anwakɨme"@mch	
"wattunú"@ghl	<http://ids.clld.org/values/12-620-318-1>		<http://ids.clld.org/parameters/12-620>		<http://ids.clld.org/values/12-620-174-1>		"danwadɨ"@mch	
"tɛndɛ́le / tɛndɛlenú"@ghl	<http://ids.clld.org/values/6-360-318-1>		<http://ids.clld.org/parameters/6-360>		<http://ids.clld.org/values/6-360-174-1>		"makūsa"@mch	
"bol / bʊ́li"@ghl	<http://ids.clld.org/values/3-610-318-1>		<http://ids.clld.org/parameters/3-610>		<http://ids.clld.org/values/3-610-174-1>		"sɨ̄ʔna"@mch	
"ʃunú / ʃuní"@ghl	<http://ids.clld.org/values/4-344-318-1>		<http://ids.clld.org/parameters/4-344>		<http://ids.clld.org/values/4-344-174-1>		"əmmi"@mch	
"kɔlí"@ghl	<http://ids.clld.org/values/5-110-318-1>		<http://ids.clld.org/parameters/5-110>		<http://ids.clld.org/values/5-110-174-1>		"wowašīnčənə"@mch	
"óoŋ"@ghl	<http://ids.clld.org/values/17-560-318-1>		<http://ids.clld.org/parameters/17-560>		<http://ids.clld.org/values/17-560-174-1>		"mmʔhm"@mch	
"are"@ghl	<http://ids.clld.org/values/1-750-318-1>		<http://ids.clld.org/parameters/1-750>		<http://ids.clld.org/values/1-750-174-1>		"konōho"@mch	
"kól / kolí"@ghl	<http://ids.clld.org/values/7-210-318-1>		<http://ids.clld.org/parameters/7-210>		<http://ids.clld.org/values/7-210-174-1>		"əʔsa"@mch	
"ɖúri | ʃwalákur"@ghl	<http://ids.clld.org/values/15-770-318-1>		<http://ids.clld.org/parameters/15-770>		<http://ids.clld.org/values/15-770-174-1>		"tɨwansuʔde"@mch	
"konudi"@ghl	<http://ids.clld.org/values/8-690-318-1>		<http://ids.clld.org/parameters/8-690>		<http://ids.clld.org/values/8-690-174-1>		"-eima-"@mch	
"tɛrʃí"@ghl	<http://ids.clld.org/values/12-230-318-1>		<http://ids.clld.org/parameters/12-230>		<http://ids.clld.org/values/12-230-174-1>		"šādamadɨ̄he"@mch	
"yɛ | o"@ghl	<http://ids.clld.org/values/2-910-318-1>		<http://ids.clld.org/parameters/2-910>		<http://ids.clld.org/values/2-910-174-1>		"ɨwɨ"@mch	
"ɛnɪnnɪ́ntaŋ / ɛnɪnnɪntáŋ"@ghl	<http://ids.clld.org/values/2-521-318-1>		<http://ids.clld.org/parameters/2-521>		<http://ids.clld.org/values/2-521-174-1>		"denɨ"@mch	
"marti"@ghl	<http://ids.clld.org/values/5-210-318-1>		<http://ids.clld.org/parameters/5-210>		<http://ids.clld.org/values/5-210-174-1>		"-aʔnə"@mch	
"ka:lí"@ghl	<http://ids.clld.org/values/14-270-318-1>		<http://ids.clld.org/parameters/14-270>		<http://ids.clld.org/values/14-270-174-1>		"w-əʔka-nə"@mch	
"ʃóʈu / ʃóʈil | or"@ghl	<http://ids.clld.org/values/10-720-318-1>		<http://ids.clld.org/parameters/10-720>		<http://ids.clld.org/values/10-720-174-1>		"ə̄ma"@mch	
"ulál"@ghl	<http://ids.clld.org/values/14-410-318-1>		<http://ids.clld.org/parameters/14-410>		<http://ids.clld.org/values/14-410-174-1>		"anə̄to"@mch	
"ǰe"@ghl	<http://ids.clld.org/values/17-660-318-1>		<http://ids.clld.org/parameters/17-660>		<http://ids.clld.org/values/17-660-174-1>		"ə̄iša"@mch	
"or"@ghl	<http://ids.clld.org/values/12-40-318-1>		<http://ids.clld.org/parameters/12-40>		<http://ids.clld.org/values/12-40-174-1>		"owāho"@mch	
"or"@ghl	<http://ids.clld.org/values/12-40-318-1>		<http://ids.clld.org/parameters/12-40>		<http://ids.clld.org/values/12-40-174-3>		"awaʔde"@mch	
"áɽo | áɖu"@ghl	<http://ids.clld.org/values/8-560-318-1>		<http://ids.clld.org/parameters/8-560>		<http://ids.clld.org/values/8-560-174-1>		"yadɨ"@mch	
"duwɛt"@ghl	<http://ids.clld.org/values/1-730-318-1>		<http://ids.clld.org/parameters/1-730>		<http://ids.clld.org/values/1-730-174-1>		"kāʔdutu"@mch	
"kɪ́ɲu"@ghl	<http://ids.clld.org/values/13-40-318-1>		<http://ids.clld.org/parameters/13-40>		<http://ids.clld.org/values/13-40-174-1>		"āʔkəiʔčea"@mch	
"ǰoníŋ"@ghl	<http://ids.clld.org/values/17-650-318-1>		<http://ids.clld.org/parameters/17-650>		<http://ids.clld.org/values/17-650-174-1>		"əičənnāwəkə"@mch	
"baɼɽá"@ghl	<http://ids.clld.org/values/15-690-318-1>		<http://ids.clld.org/parameters/15-690>		<http://ids.clld.org/values/15-690-174-1>		"kɨnota"@mch	
"ŋorbúltu / ŋorbulé"@ghl	<http://ids.clld.org/values/3-940-318-1>		<http://ids.clld.org/parameters/3-940>		<http://ids.clld.org/values/3-940-174-1>		"memu"@mch	
"aganɪ́ntaŋ / aganɪntáŋ"@ghl	<http://ids.clld.org/values/2-512-318-1>		<http://ids.clld.org/parameters/2-512>		<http://ids.clld.org/values/2-512-174-1>		"haha"@mch	
"buré buré"@ghl	<http://ids.clld.org/values/13-105-318-1>		<http://ids.clld.org/parameters/13-105>		<http://ids.clld.org/values/13-105-174-1>		"hyātodea ssoto"@mch	
"kaʈí"@ghl	<http://ids.clld.org/values/10-670-318-1>		<http://ids.clld.org/parameters/10-670>		<http://ids.clld.org/values/10-670-174-1>		"-adima-dɨ"@mch	
"nuŋíri"@ghl	<http://ids.clld.org/values/9-260-318-1>		<http://ids.clld.org/parameters/9-260>		<http://ids.clld.org/values/9-260-174-1>		"-išiča-dɨ"@mch	
"ɖiǰí"@ghl	<http://ids.clld.org/values/9-120-318-1>		<http://ids.clld.org/parameters/9-120>		<http://ids.clld.org/values/9-120-174-1>		"tadawāhu"@mch	
"ɛǰe"@ghl	<http://ids.clld.org/values/1-410-318-1>		<http://ids.clld.org/parameters/1-410>		<http://ids.clld.org/values/1-410-174-1>		"čūta"@mch	
"bʊdí"@ghl	<http://ids.clld.org/values/9-210-318-1>		<http://ids.clld.org/parameters/9-210>		<http://ids.clld.org/values/9-210-174-1>		"-aiʔhuka-dɨ"@mch	
"kúme / kumí"@ghl	<http://ids.clld.org/values/3-630-318-1>		<http://ids.clld.org/parameters/3-630>		<http://ids.clld.org/values/3-630-174-1>		"asɨ̄kɨ"@mch	
"ɛrtí | ǰilí"@ghl	<http://ids.clld.org/values/20-620-318-1>		<http://ids.clld.org/parameters/20-620>		<http://ids.clld.org/values/20-620-174-1>		"t-ɨwə̄-dɨ"@mch	
"ǰidú"@ghl	<http://ids.clld.org/values/12-353-318-1>		<http://ids.clld.org/parameters/12-353>		<http://ids.clld.org/values/12-353-174-1>		"čəʔhiyu"@mch	
"tóǰuk"@ghl	<http://ids.clld.org/values/13-30-318-1>		<http://ids.clld.org/parameters/13-30>		<http://ids.clld.org/values/13-30-174-1>		"aduwawə"@mch	
"kagí"@ghl	<http://ids.clld.org/values/10-610-318-1>		<http://ids.clld.org/parameters/10-610>		<http://ids.clld.org/values/10-610-174-1>		"-adə̄-"@mch	
"kútu / kuté"@ghl	<http://ids.clld.org/values/4-360-318-1>		<http://ids.clld.org/parameters/4-360>		<http://ids.clld.org/values/4-360-174-1>		"ə̄ʔmu"@mch	
"ʈiré/ʈiʈyé"@ghl	<http://ids.clld.org/values/20-640-318-1>		<http://ids.clld.org/parameters/20-640>		<http://ids.clld.org/values/20-640-174-1>		"hāno"@mch	
"áǰe"@ghl	<http://ids.clld.org/values/12-610-318-1>		<http://ids.clld.org/parameters/12-610>		<http://ids.clld.org/values/12-610-174-1>		"taʔhuhūne"@mch	
"mínu / míɲɪl"@ghl	<http://ids.clld.org/values/3-620-318-1>		<http://ids.clld.org/parameters/3-620>		<http://ids.clld.org/values/3-620-174-1>		"[mēši]"@mch	
"úri"@ghl	<http://ids.clld.org/values/15-670-318-1>		<http://ids.clld.org/parameters/15-670>		<http://ids.clld.org/values/15-670-174-1>		"šēne"@mch	
"ilɛ́ri"@ghl	<http://ids.clld.org/values/1-851-318-1>		<http://ids.clld.org/parameters/1-851>		<http://ids.clld.org/values/1-851-174-1>		"ukā-dɨ"@mch	
"wádaŋ / wadáŋ"@ghl	<http://ids.clld.org/values/2-630-318-1>		<http://ids.clld.org/parameters/2-630>		<http://ids.clld.org/values/2-630-174-1>		"-hannɨ-dɨ"@mch	
"kɛnnǝ | keŋɪŋ/kɛnenɪŋ"@ghl	<http://ids.clld.org/values/4-830-318-1>		<http://ids.clld.org/parameters/4-830>		<http://ids.clld.org/values/4-830-174-1>		"tadəinɲe"@mch	
"komul / komudé || komudu"@ghl	<http://ids.clld.org/values/3-850-318-1>		<http://ids.clld.org/parameters/3-850>		<http://ids.clld.org/values/3-850-174-1>		"əkə̄yu"@mch	
"íɲuŋ / iɲé"@ghl	<http://ids.clld.org/values/4-230-318-1>		<http://ids.clld.org/parameters/4-230>		<http://ids.clld.org/values/4-230-174-1>		"ənna"@mch	
"ɔʃí"@ghl	<http://ids.clld.org/values/4-330-318-1>		<http://ids.clld.org/parameters/4-330>		<http://ids.clld.org/values/4-330-174-1>		"amō-dɨ"@mch	
"bórul / borudé"@ghl	<http://ids.clld.org/values/3-740-318-1>		<http://ids.clld.org/parameters/3-740>		<http://ids.clld.org/values/3-740-174-1>		"awadudi"@mch	
"aʃé | aʃí"@ghl	<http://ids.clld.org/values/4-580-318-1>		<http://ids.clld.org/parameters/4-580>		<http://ids.clld.org/values/4-580-174-1>		"ēkādɨ"@mch	
"ku:t / kwe"@ghl	<http://ids.clld.org/values/4-370-318-1>		<http://ids.clld.org/parameters/4-370>		<http://ids.clld.org/values/4-370-174-1>		"hūdu"@mch	
"warí"@ghl	<http://ids.clld.org/values/18-350-318-1>		<http://ids.clld.org/parameters/18-350>		<http://ids.clld.org/values/18-350-174-1>		"eʔkatə-dɨ"@mch	
"kóɽol / koɽudé"@ghl	<http://ids.clld.org/values/3-650-318-1>		<http://ids.clld.org/parameters/3-650>		<http://ids.clld.org/values/3-650-174-1>		"nākukwāno"@mch	
"ɖiyɛ | ɖi"@ghl	<http://ids.clld.org/values/5-130-318-1>		<http://ids.clld.org/parameters/5-130>		<http://ids.clld.org/values/5-130-174-1>		"enku"@mch	
"ɪɽiɲ / iɽiɲanu"@ghl	<http://ids.clld.org/values/3-815-318-1>		<http://ids.clld.org/parameters/3-815>		<http://ids.clld.org/values/3-815-174-1>		"mɨnə̄tə"@mch	
"ɪttɪrí"@ghl	<http://ids.clld.org/values/14-460-318-1>		<http://ids.clld.org/parameters/14-460>		<http://ids.clld.org/values/14-460-174-1>		"čomomɨdawə"@mch	
"ʈí"@ghl	<http://ids.clld.org/values/11-210-318-1>		<http://ids.clld.org/parameters/11-210>		<http://ids.clld.org/values/11-210-174-1>		"utūdu"@mch	
"topŋiʈiʈye"@ghl	<http://ids.clld.org/values/1-450-318-1>		<http://ids.clld.org/parameters/1-450>		<http://ids.clld.org/values/1-450-174-1>		"dehūši"@mch	
"orí / oriɲɪ́l"@ghl	<http://ids.clld.org/values/6-380-318-1>		<http://ids.clld.org/parameters/6-380>		<http://ids.clld.org/values/6-380-174-1>		"hakūdimɨʔtɨ"@mch	
"ka:ŋa || kaŋŋa"@ghl	<http://ids.clld.org/values/1-280-318-1>		<http://ids.clld.org/parameters/1-280>		<http://ids.clld.org/values/1-280-174-1>		"ewɨ̄tɨ"@mch	
"nontu / nontí"@ghl	<http://ids.clld.org/values/1-530-318-1>		<http://ids.clld.org/parameters/1-530>		<http://ids.clld.org/values/1-530-174-1>		"nūnə"@mch	
"ɪntannu kortu / ɪntanni koru | kédaŋ kortu / kenáŋ koru"@ghl	<http://ids.clld.org/values/2-530-318-1>		<http://ids.clld.org/parameters/2-530>		<http://ids.clld.org/values/2-530-174-1>		"honɨ"@mch	
"ɪntannu kortu / ɪntanni koru | kédaŋ kortu / kenáŋ koru"@ghl	<http://ids.clld.org/values/2-530-318-1>		<http://ids.clld.org/parameters/2-530>		<http://ids.clld.org/values/2-530-174-3>		"honɨ-kə"@mch	
"ɛleri"@ghl	<http://ids.clld.org/values/19-650-318-1>		<http://ids.clld.org/parameters/19-650>		<http://ids.clld.org/values/19-650-174-1>		"edantə-dɨ"@mch	
"boloróŋ / boloroŋí | kúnɖu / kunɖanú"@ghl	<http://ids.clld.org/values/4-461-318-1>		<http://ids.clld.org/parameters/4-461>		<http://ids.clld.org/values/4-461-174-1>		"hyōtɨ"@mch	
"kɪp / kɪbé"@ghl	<http://ids.clld.org/values/4-320-318-1>		<http://ids.clld.org/parameters/4-320>		<http://ids.clld.org/values/4-320-174-1>		"ə̄ʔmu"@mch	
"ʃaní"@ghl	<http://ids.clld.org/values/11-650-318-1>		<http://ids.clld.org/parameters/11-650>		<http://ids.clld.org/values/11-650-174-1>		"ehēma-dɨ"@mch	
"áttu / atté"@ghl	<http://ids.clld.org/values/4-392-318-1>		<http://ids.clld.org/parameters/4-392>		<http://ids.clld.org/values/4-392-174-1>		"ahəʔsai"@mch	
"ʈári"@ghl	<http://ids.clld.org/values/10-430-318-1>		<http://ids.clld.org/parameters/10-430>		<http://ids.clld.org/values/10-430-174-1>		"w-ahanɨn-nə"@mch	
"ʊ́rguŋ || órguŋ"@ghl	<http://ids.clld.org/values/15-860-318-1>		<http://ids.clld.org/parameters/15-860>		<http://ids.clld.org/values/15-860-174-1>		"kəmme"@mch	
"kor"@ghl	<http://ids.clld.org/values/5-140-318-1>		<http://ids.clld.org/parameters/5-140>		<http://ids.clld.org/values/5-140-174-1>		"əmīhe"@mch	
"tárbo"@ghl	<http://ids.clld.org/values/13-104-318-1>		<http://ids.clld.org/parameters/13-104>		<http://ids.clld.org/values/13-104-174-1>		"tōni ssoto"@mch	
"warí"@ghl	<http://ids.clld.org/values/16-270-318-1>		<http://ids.clld.org/parameters/16-270>		<http://ids.clld.org/values/16-270-174-1>		"hyumma-dɨ"@mch	
"ábul / abudé"@ghl	<http://ids.clld.org/values/4-240-318-1>		<http://ids.clld.org/parameters/4-240>		<http://ids.clld.org/values/4-240-174-1>		"ənta"@mch	
"waréri"@ghl	<http://ids.clld.org/values/18-120-318-1>		<http://ids.clld.org/parameters/18-120>		<http://ids.clld.org/values/18-120-174-1>		"we[kantā]ʔɲənə"@mch	
"úbi"@ghl	<http://ids.clld.org/values/10-380-318-1>		<http://ids.clld.org/parameters/10-380>		<http://ids.clld.org/values/10-380-174-1>		"yaičumā-dɨ"@mch	
"konayn / konaɲí"@ghl	<http://ids.clld.org/values/4-205-318-1>		<http://ids.clld.org/parameters/4-205>		<http://ids.clld.org/values/4-205-174-1>		"heʔkay"@mch	
"torɽá"@ghl	<http://ids.clld.org/values/14-150-318-1>		<http://ids.clld.org/parameters/14-150>		<http://ids.clld.org/values/14-150-174-1>		"henaʔdohə"@mch	
"oǰaŋ / oǰáŋ || oǰaŋí"@ghl	<http://ids.clld.org/values/2-310-318-1>		<http://ids.clld.org/parameters/2-310>		<http://ids.clld.org/values/2-310-174-1>		"-ɲno"@mch	
"ɖibí"@ghl	<http://ids.clld.org/values/10-330-318-1>		<http://ids.clld.org/parameters/10-330>		<http://ids.clld.org/values/10-330-174-1>		"yehuʔkwai"@mch	
"ɔtiŋaltu"@ghl	<http://ids.clld.org/values/1-390-318-1>		<http://ids.clld.org/parameters/1-390>		<http://ids.clld.org/values/1-390-174-1>		"yedukadɨ"@mch	
"walí"@ghl	<http://ids.clld.org/values/10-550-318-1>		<http://ids.clld.org/parameters/10-550>		<http://ids.clld.org/values/10-550-174-1>		"w-əʔdɨ-nə"@mch	
"káltu / kalé"@ghl	<http://ids.clld.org/values/4-210-318-1>		<http://ids.clld.org/parameters/4-210>		<http://ids.clld.org/values/4-210-174-1>		"ənu"@mch	
"ebí"@ghl	<http://ids.clld.org/values/9-360-318-1>		<http://ids.clld.org/parameters/9-360>		<http://ids.clld.org/values/9-360-174-1>		"-ičoʔka-dɨ"@mch	
"ʈɛkí"@ghl	<http://ids.clld.org/values/18-310-318-1>		<http://ids.clld.org/parameters/18-310>		<http://ids.clld.org/values/18-310-174-1>		"-ekammaho-"@mch	
"ŋéli"@ghl	<http://ids.clld.org/values/15-510-318-1>		<http://ids.clld.org/parameters/15-510>		<http://ids.clld.org/values/15-510-174-1>		"ene-dɨ"@mch	
"kwaʈa:r / kwaʈa:rí"@ghl	<http://ids.clld.org/values/9-230-318-1>		<http://ids.clld.org/parameters/9-230>		<http://ids.clld.org/values/9-230-174-1>		"kɨmɨʔkə"@mch	
"ɲɛndu / ɲɛndini | tónu / tíni"@ghl	<http://ids.clld.org/values/2-270-318-1>		<http://ids.clld.org/parameters/2-270>		<http://ids.clld.org/values/2-270-174-1>		"nnedɨ"@mch	
"ip / ibanú || ibí"@ghl	<http://ids.clld.org/values/4-180-318-1>		<http://ids.clld.org/parameters/4-180>		<http://ids.clld.org/values/4-180-174-1>		"dāʔkɨdɨ"@mch	
"buɽé buɽé"@ghl	<http://ids.clld.org/values/13-100-318-1>		<http://ids.clld.org/parameters/13-100>		<http://ids.clld.org/values/13-100-174-1>		"amohadə"@mch	
"iǰát / iǰé"@ghl	<http://ids.clld.org/values/8-941-318-1>		<http://ids.clld.org/parameters/8-941>		<http://ids.clld.org/values/8-941-174-1>		"əšīčādɨ"@mch	
"bukí"@ghl	<http://ids.clld.org/values/12-232-318-1>		<http://ids.clld.org/parameters/12-232>		<http://ids.clld.org/values/12-232-174-1>		"yātohətɨdɨ"@mch	
"ʈiyál/ʈiyáni | ʈi"@ghl	<http://ids.clld.org/values/4-750-318-1>		<http://ids.clld.org/parameters/4-750>		<http://ids.clld.org/values/4-750-174-1>		"-əma-"@mch	
"itu"@ghl	<http://ids.clld.org/values/3-811-318-1>		<http://ids.clld.org/parameters/3-811>		<http://ids.clld.org/values/3-811-174-1>		"dāmə"@mch	
"ɪdu / ɪli"@ghl	<http://ids.clld.org/values/2-220-318-1>		<http://ids.clld.org/parameters/2-220>		<http://ids.clld.org/values/2-220-174-1>		"wodi"@mch	
"ból / bódu"@ghl	<http://ids.clld.org/values/3-720-318-1>		<http://ids.clld.org/parameters/3-720>		<http://ids.clld.org/values/3-720-174-1>		"kawadīmə"@mch	
"kortu / koro"@ghl	<http://ids.clld.org/values/2-210-318-1>		<http://ids.clld.org/parameters/2-210>		<http://ids.clld.org/values/2-210-174-1>		"danwa"@mch	
"dulɲítu / dulɲení"@ghl	<http://ids.clld.org/values/6-450-318-1>		<http://ids.clld.org/parameters/6-450>		<http://ids.clld.org/values/6-450-174-1>		"wōʔmo"@mch	
"yɛrí"@ghl	<http://ids.clld.org/values/17-170-318-1>		<http://ids.clld.org/parameters/17-170>		<http://ids.clld.org/values/17-170-174-1>		"t-owanəkə t-ɨdɨ-dɨ"@mch	
"ɖurʃí"@ghl	<http://ids.clld.org/values/10-460-318-1>		<http://ids.clld.org/parameters/10-460>		<http://ids.clld.org/values/10-460-174-1>		"w-ekaʔtɨn-nə"@mch	
"iladni | waʃitu"@ghl	<http://ids.clld.org/values/1-852-318-1>		<http://ids.clld.org/parameters/1-852>		<http://ids.clld.org/values/1-852-174-1>		"daʔtwa-dɨ"@mch	
"ágaŋ / agáŋ | ʃalmaŋ"@ghl	<http://ids.clld.org/values/2-350-318-1>		<http://ids.clld.org/parameters/2-350>		<http://ids.clld.org/values/2-350-174-1>		"haha"@mch	
"tɪŋeri"@ghl	<http://ids.clld.org/values/10-230-318-1>		<http://ids.clld.org/parameters/10-230>		<http://ids.clld.org/values/10-230-174-1>		"w-eduka-nə"@mch	
"aderi"@ghl	<http://ids.clld.org/values/14-250-318-1>		<http://ids.clld.org/parameters/14-250>		<http://ids.clld.org/values/14-250-174-1>		"ahəntədɨ"@mch	
"ɖarɛ | tulčí"@ghl	<http://ids.clld.org/values/4-530-318-1>		<http://ids.clld.org/parameters/4-530>		<http://ids.clld.org/values/4-530-174-1>		"təinšiʔho"@mch	
"tɛ́rɖu / tɛrɖí"@ghl	<http://ids.clld.org/values/2-260-318-1>		<http://ids.clld.org/parameters/2-260>		<http://ids.clld.org/values/2-260-174-1>		"wodi-ʔčə"@mch	
"ʃaní"@ghl	<http://ids.clld.org/values/11-810-318-1>		<http://ids.clld.org/parameters/11-810>		<http://ids.clld.org/values/11-810-174-1>		"ehēma-dɨ"@mch	
"aŋíri"@ghl	<http://ids.clld.org/values/11-130-318-1>		<http://ids.clld.org/parameters/11-130>		<http://ids.clld.org/values/11-130-174-1>		"w-emhan-nə"@mch	
"ɪnǰíri"@ghl	<http://ids.clld.org/values/13-150-318-1>		<http://ids.clld.org/parameters/13-150>		<http://ids.clld.org/values/13-150-174-1>		"hōhe"@mch	
"ʃíɽi"@ghl	<http://ids.clld.org/values/15-880-318-1>		<http://ids.clld.org/parameters/15-880>		<http://ids.clld.org/values/15-880-174-1>		"nossahe"@mch	
"ʃele"@ghl	<http://ids.clld.org/values/5-810-318-1>		<http://ids.clld.org/parameters/5-810>		<http://ids.clld.org/values/5-810-174-1>		"[sayu]"@mch	
"tu / tuano"@ghl	<http://ids.clld.org/values/4-460-318-1>		<http://ids.clld.org/parameters/4-460>		<http://ids.clld.org/values/4-460-174-1>		"dudūnoi"@mch	
"or / orí"@ghl	<http://ids.clld.org/values/8-600-318-1>		<http://ids.clld.org/parameters/8-600>		<http://ids.clld.org/values/8-600-174-1>		"dē"@mch	
"ʊr"@ghl	<http://ids.clld.org/values/13-340-318-1>		<http://ids.clld.org/parameters/13-340>		<http://ids.clld.org/values/13-340-174-1>		"awaʔde"@mch	
"ɔ́nʈu / ɔnʈé"@ghl	<http://ids.clld.org/values/4-310-318-1>		<http://ids.clld.org/parameters/4-310>		<http://ids.clld.org/values/4-310-174-1>		"aʔhə"@mch	
"wey koní"@ghl	<http://ids.clld.org/values/18-210-318-1>		<http://ids.clld.org/parameters/18-210>		<http://ids.clld.org/values/18-210-174-1>		"w-aʔdew-nə"@mch	
"twar"@ghl	<http://ids.clld.org/values/12-340-318-1>		<http://ids.clld.org/parameters/12-340>		<http://ids.clld.org/values/12-340-174-1>		"nwaʔkəi"@mch	
"ɔ́kʊr"@ghl	<http://ids.clld.org/values/12-430-318-1>		<http://ids.clld.org/parameters/12-430>		<http://ids.clld.org/values/12-430-174-1>		"amoinče-ʔda"@mch	
"alluŋ"@ghl	<http://ids.clld.org/values/14-480-318-1>		<http://ids.clld.org/parameters/14-480>		<http://ids.clld.org/values/14-480-174-1>		"henamma"@mch	
"ʃalli"@ghl	<http://ids.clld.org/values/2-820-318-1>		<http://ids.clld.org/parameters/2-820>		<http://ids.clld.org/values/2-820-174-1>		"himmə"@mch	
"kwaʈar / kwaʈarí"@ghl	<http://ids.clld.org/values/5-380-318-1>		<http://ids.clld.org/parameters/5-380>		<http://ids.clld.org/values/5-380-174-1>		"kɨmɨʔkə"@mch	
"úri"@ghl	<http://ids.clld.org/values/15-650-318-1>		<http://ids.clld.org/parameters/15-650>		<http://ids.clld.org/values/15-650-174-1>		"hudumato"@mch	
"ukaláŋ / ukaláŋe"@ghl	<http://ids.clld.org/values/3-585-318-1>		<http://ids.clld.org/parameters/3-585>		<http://ids.clld.org/values/3-585-174-1>		"hiyāna"@mch	
"ǰɪɖu / ǰɪl"@ghl	<http://ids.clld.org/values/4-270-318-1>		<http://ids.clld.org/parameters/4-270>		<http://ids.clld.org/values/4-270-174-1>		"dedɨ"@mch	
"uɽá / uɽíl"@ghl	<http://ids.clld.org/values/3-580-318-1>		<http://ids.clld.org/parameters/3-580>		<http://ids.clld.org/values/3-580-174-1>		"danɲami"@mch	
"áŋ"@ghl	<http://ids.clld.org/values/17-550-318-1>		<http://ids.clld.org/parameters/17-550>		<http://ids.clld.org/values/17-550-174-3>		"mmhm"@mch	
"áŋ"@ghl	<http://ids.clld.org/values/17-550-318-1>		<http://ids.clld.org/parameters/17-550>		<http://ids.clld.org/values/17-550-174-1>		"ʔeee"@mch	
"wit"@ghl	<http://ids.clld.org/values/13-90-318-1>		<http://ids.clld.org/parameters/13-90>		<http://ids.clld.org/values/13-90-174-1>		"āʔkəi čea amohaʔto"@mch	
"wi"@ghl	<http://ids.clld.org/values/15-850-318-1>		<http://ids.clld.org/parameters/15-850>		<http://ids.clld.org/values/15-850-174-1>		"taʔne"@mch	
"ɖulmíntu / ɖulmíne"@ghl	<http://ids.clld.org/values/6-750-318-1>		<http://ids.clld.org/parameters/6-750>		<http://ids.clld.org/values/6-750-174-1>		"wōʔmo"@mch	
"ʈwáy"@ghl	<http://ids.clld.org/values/12-310-318-1>		<http://ids.clld.org/parameters/12-310>		<http://ids.clld.org/values/12-310-174-1>		"kawə"@mch	
"korolnačena ɖotú"@ghl	<http://ids.clld.org/values/20-520-318-1>		<http://ids.clld.org/parameters/20-520>		<http://ids.clld.org/values/20-520-174-1>		"anə̄tə"@mch	
"idí"@ghl	<http://ids.clld.org/values/9-370-318-1>		<http://ids.clld.org/parameters/9-370>		<http://ids.clld.org/values/9-370-174-1>		"šēmeka-dɨ"@mch	
"ɖul / ɖulanú"@ghl	<http://ids.clld.org/values/4-280-318-1>		<http://ids.clld.org/parameters/4-280>		<http://ids.clld.org/values/4-280-174-1>		"hɨ̄mɨ"@mch	
"uɽi/uɽe | uɽí"@ghl	<http://ids.clld.org/values/4-760-318-1>		<http://ids.clld.org/parameters/4-760>		<http://ids.clld.org/values/4-760-174-1>		"aminɲaʔkadɨ"@mch	
"buta:r / buta:rí"@ghl	<http://ids.clld.org/values/4-352-318-1>		<http://ids.clld.org/parameters/4-352>		<http://ids.clld.org/values/4-352-174-1>		"hōde"@mch	
"ʈwalé iʃá"@ghl	<http://ids.clld.org/values/10-473-318-1>		<http://ids.clld.org/parameters/10-473>		<http://ids.clld.org/values/10-473-174-1>		"hɨ̄ʔwakādə"@mch	
"birkɛtu / birke"@ghl	<http://ids.clld.org/values/3-840-318-1>		<http://ids.clld.org/parameters/3-840>		<http://ids.clld.org/values/3-840-174-1>		"motto"@mch	
"wattunú"@ghl	<http://ids.clld.org/values/12-560-318-1>		<http://ids.clld.org/parameters/12-560>		<http://ids.clld.org/values/12-560-174-1>		"šeʔkə"@mch	
"ʊ́r"@ghl	<http://ids.clld.org/values/4-150-318-1>		<http://ids.clld.org/parameters/4-150>		<http://ids.clld.org/values/4-150-174-1>		"munu"@mch	
"kíǰaŋ / kíǰi"@ghl	<http://ids.clld.org/values/3-350-318-1>		<http://ids.clld.org/parameters/3-350>		<http://ids.clld.org/values/3-350-174-1>		"[kūši]"@mch	
"átaŋ tɛ́rɖu / atɪɲáŋ tɛrɖí"@ghl	<http://ids.clld.org/values/2-490-318-1>		<http://ids.clld.org/parameters/2-490>		<http://ids.clld.org/values/2-490-174-1>		"hādɨ"@mch	
"ʃwi"@ghl	<http://ids.clld.org/values/4-740-318-1>		<http://ids.clld.org/parameters/4-740>		<http://ids.clld.org/values/4-740-174-1>		"wenɲə"@mch	
"kɪl / kidú"@ghl	<http://ids.clld.org/values/3-750-318-1>		<http://ids.clld.org/parameters/3-750>		<http://ids.clld.org/values/3-750-174-1>		"kawādi"@mch	
"ʈoɲultu"@ghl	<http://ids.clld.org/values/3-823-318-1>		<http://ids.clld.org/parameters/3-823>		<http://ids.clld.org/values/3-823-174-1>		"sūnwa"@mch	
"karí"@ghl	<http://ids.clld.org/values/10-140-318-1>		<http://ids.clld.org/parameters/10-140>		<http://ids.clld.org/values/10-140-174-1>		"weməīya"@mch	
"iliɽi"@ghl	<http://ids.clld.org/values/17-240-318-1>		<http://ids.clld.org/parameters/17-240>		<http://ids.clld.org/values/17-240-174-1>		"-ōwanoma-"@mch	
"ɪɽʃu"@ghl	<http://ids.clld.org/values/1-720-318-1>		<http://ids.clld.org/parameters/1-720>		<http://ids.clld.org/values/1-720-174-1>		"hehēnčə"@mch	
"ɖwaŋ / ɖwaŋí"@ghl	<http://ids.clld.org/values/22-350-318-1>		<http://ids.clld.org/parameters/22-350>		<http://ids.clld.org/values/22-350-174-1>		"kahūšawa"@mch	
"biǰɪɛnɖiyat"@ghl	<http://ids.clld.org/values/4-980-318-1>		<http://ids.clld.org/parameters/4-980>		<http://ids.clld.org/values/4-980-174-1>		"-oʔdoʔhə"@mch	
"ʈwale"@ghl	<http://ids.clld.org/values/12-320-318-1>		<http://ids.clld.org/parameters/12-320>		<http://ids.clld.org/values/12-320-174-1>		"nonohoʔčə"@mch	
"ɖa"@ghl	<http://ids.clld.org/values/8-680-318-1>		<http://ids.clld.org/parameters/8-680>		<http://ids.clld.org/values/8-680-174-1>		"kawai"@mch	
"ɪdútuɽa / iliturɪ́l"@ghl	<http://ids.clld.org/values/2-471-318-1>		<http://ids.clld.org/parameters/2-471>		<http://ids.clld.org/values/2-471-174-1>		"noʔsamoʔkɨ"@mch	
"ɖuǰí"@ghl	<http://ids.clld.org/values/6-350-318-1>		<http://ids.clld.org/parameters/6-350>		<http://ids.clld.org/values/6-350-174-1>		"šōka-dɨ"@mch	
"iʃá"@ghl	<http://ids.clld.org/values/10-470-318-1>		<http://ids.clld.org/parameters/10-470>		<http://ids.clld.org/values/10-470-174-1>		"wɨʔtə̄-nə"@mch	
"ʈɪlt́u / ʈɪl"@ghl	<http://ids.clld.org/values/4-393-318-1>		<http://ids.clld.org/parameters/4-393>		<http://ids.clld.org/values/4-393-174-1>		"iʔhōʔtɨ"@mch	
"ʈɪltú / ʈɪl"@ghl	<http://ids.clld.org/values/4-140-318-1>		<http://ids.clld.org/parameters/4-140>		<http://ids.clld.org/values/4-140-174-1>		"hū"@mch	
"bal iʃa"@ghl	<http://ids.clld.org/values/10-474-318-1>		<http://ids.clld.org/parameters/10-474>		<http://ids.clld.org/values/10-474-174-1>		"w-ehaʔka-nə"@mch	
"detuŋát"@ghl	<http://ids.clld.org/values/16-320-318-1>		<http://ids.clld.org/parameters/16-320>		<http://ids.clld.org/values/16-320-174-1>		"wentumhe"@mch	
"kawkow / kawkowí"@ghl	<http://ids.clld.org/values/4-441-318-1>		<http://ids.clld.org/parameters/4-441>		<http://ids.clld.org/values/4-441-174-1>		"ʔtaway-dɨ"@mch	
"berʃíri"@ghl	<http://ids.clld.org/values/9-280-318-1>		<http://ids.clld.org/parameters/9-280>		<http://ids.clld.org/values/9-280-174-1>		"-iši-"@mch	
"kaŋé"@ghl	<http://ids.clld.org/values/20-610-318-1>		<http://ids.clld.org/parameters/20-610>		<http://ids.clld.org/values/20-610-174-1>		"emanɲuhɨdɨ"@mch	
"óti || ɔ́ti"@ghl	<http://ids.clld.org/values/15-750-318-1>		<http://ids.clld.org/parameters/15-750>		<http://ids.clld.org/values/15-750-174-1>		"tɨwansuʔde"@mch	
"uʃí"@ghl	<http://ids.clld.org/values/18-420-318-1>		<http://ids.clld.org/parameters/18-420>		<http://ids.clld.org/values/18-420-174-1>		"tə̄tɨ"@mch	
"to | Ø"@ghl	<http://ids.clld.org/values/2-930-318-1>		<http://ids.clld.org/parameters/2-930>		<http://ids.clld.org/values/2-930-174-1>		"tɨwɨ"@mch	
"wádaŋ kórtu / wadáŋ korú"@ghl	<http://ids.clld.org/values/2-610-318-1>		<http://ids.clld.org/parameters/2-610>		<http://ids.clld.org/values/2-610-174-1>		"wōdɨ̄mə"@mch	
"ákodu / akidí"@ghl	<http://ids.clld.org/values/7-430-318-1>		<http://ids.clld.org/parameters/7-430>		<http://ids.clld.org/values/7-430-174-1>		"āʔtəy"@mch	
"walákʊr"@ghl	<http://ids.clld.org/values/15-570-318-1>		<http://ids.clld.org/parameters/15-570>		<http://ids.clld.org/values/15-570-174-1>		"taʔwane"@mch	
"onu / onɛtu"@ghl	<http://ids.clld.org/values/1-540-318-1>		<http://ids.clld.org/parameters/1-540>		<http://ids.clld.org/values/1-540-174-1>		"šidīčə"@mch	
"ɛrtí"@ghl	<http://ids.clld.org/values/10-250-318-1>		<http://ids.clld.org/parameters/10-250>		<http://ids.clld.org/values/10-250-174-1>		"himā-dɨ"@mch	
"kuǰí"@ghl	<http://ids.clld.org/values/10-340-318-1>		<http://ids.clld.org/parameters/10-340>		<http://ids.clld.org/values/10-340-174-1>		"tɨtāwaʔta"@mch	
"ɛl"@ghl	<http://ids.clld.org/values/14-180-318-1>		<http://ids.clld.org/parameters/14-180>		<http://ids.clld.org/values/14-180-174-1>		"edūwa"@mch	
"ʃɛrdú"@ghl	<http://ids.clld.org/values/12-590-318-1>		<http://ids.clld.org/parameters/12-590>		<http://ids.clld.org/values/12-590-174-1>		"tawedato"@mch	
"kwaǰe / kwaǰɪl"@ghl	<http://ids.clld.org/values/4-130-318-1>		<http://ids.clld.org/parameters/4-130>		<http://ids.clld.org/values/4-130-174-1>		"hyunu"@mch	
"aǰe | ŋur"@ghl	<http://ids.clld.org/values/12-550-318-1>		<http://ids.clld.org/parameters/12-550>		<http://ids.clld.org/values/12-550-174-1>		"nuwe"@mch	
"ábaŋkortu / abáŋkuru || abaŋkoro || aba��koru | ábaŋ / abá́ŋ"@ghl	<http://ids.clld.org/values/2-460-318-1>		<http://ids.clld.org/parameters/2-460>		<http://ids.clld.org/values/2-460-174-1>		"kōko"@mch	
"balí"@ghl	<http://ids.clld.org/values/10-510-318-1>		<http://ids.clld.org/parameters/10-510>		<http://ids.clld.org/values/10-510-174-1>		"w-ə̄nehē-nə"@mch	
"ilɛ́ri || urɪŋ ɲɛri"@ghl	<http://ids.clld.org/values/1-860-318-1>		<http://ids.clld.org/parameters/1-860>		<http://ids.clld.org/values/1-860-174-1>		"-kemetə-"@mch	
"ʈíǰaŋ / ʈiǰáŋ"@ghl	<http://ids.clld.org/values/2-511-318-1>		<http://ids.clld.org/parameters/2-511>		<http://ids.clld.org/values/2-511-174-1>		"yawo"@mch	
"durǰír | a:ǰér"@ghl	<http://ids.clld.org/values/12-440-318-1>		<http://ids.clld.org/parameters/12-440>		<http://ids.clld.org/values/12-440-174-1>		"amoinče"@mch	
"buɽé tiʃú"@ghl	<http://ids.clld.org/values/13-103-318-1>		<http://ids.clld.org/parameters/13-103>		<http://ids.clld.org/values/13-103-174-1>		"amohadəʔto dēwə hyatodea"@mch	
"u:no / u:ní | ɲɛlár / ɲɛlarí"@ghl	<http://ids.clld.org/values/6-960-318-1>		<http://ids.clld.org/parameters/6-960>		<http://ids.clld.org/values/6-960-174-1>		"hekūde"@mch	
"ɛlkáŋ"@ghl	<http://ids.clld.org/values/14-350-318-1>		<http://ids.clld.org/parameters/14-350>		<http://ids.clld.org/values/14-350-174-1>		"dea"@mch	
"kɛ́le"@ghl	<http://ids.clld.org/values/15-660-318-1>		<http://ids.clld.org/parameters/15-660>		<http://ids.clld.org/values/15-660-174-1>		"seweičato"@mch	
"kortu / kuru"@ghl	<http://ids.clld.org/values/2-230-318-1>		<http://ids.clld.org/parameters/2-230>		<http://ids.clld.org/values/2-230-174-1>		"danwa"@mch	
"ʃar / ʃɛrí"@ghl	<http://ids.clld.org/values/11-180-318-1>		<http://ids.clld.org/parameters/11-180>		<http://ids.clld.org/values/11-180-174-1>		"k-ɨnnɨdɨʔ-komo"@mch	
"ɔ́ku / okanú"@ghl	<http://ids.clld.org/values/4-400-318-1>		<http://ids.clld.org/parameters/4-400>		<http://ids.clld.org/values/4-400-174-1>		"dōʔta"@mch	
"ʃwat"@ghl	<http://ids.clld.org/values/15-840-318-1>		<http://ids.clld.org/parameters/15-840>		<http://ids.clld.org/values/15-840-174-1>		"ssedēhe"@mch	
"ber"@ghl	<http://ids.clld.org/values/13-10-318-1>		<http://ids.clld.org/parameters/13-10>		<http://ids.clld.org/values/13-10-174-1>		"tōni"@mch	
"íka / ikɪ́l"@ghl	<http://ids.clld.org/values/1-810-318-1>		<http://ids.clld.org/parameters/1-810>		<http://ids.clld.org/values/1-810-174-1>		"wāʔto"@mch	
"ʈiyát"@ghl	<http://ids.clld.org/values/15-790-318-1>		<http://ids.clld.org/parameters/15-790>		<http://ids.clld.org/values/15-790-174-1>		"tuhuʔhūdato"@mch	
"kuréri"@ghl	<http://ids.clld.org/values/18-221-318-1>		<http://ids.clld.org/parameters/18-221>		<http://ids.clld.org/values/18-221-174-1>		"mēʔkuʔtə̄dɨ"@mch	
"kolnaɲ / kolnaɲí"@ghl	<http://ids.clld.org/values/7-510-318-1>		<http://ids.clld.org/parameters/7-510>		<http://ids.clld.org/values/7-510-174-1>		"aməʔhɨdɨ"@mch	
"úri"@ghl	<http://ids.clld.org/values/15-630-318-1>		<http://ids.clld.org/parameters/15-630>		<http://ids.clld.org/values/15-630-174-1>		"tɨhe"@mch	
"ʃalme"@ghl	<http://ids.clld.org/values/4-142-318-1>		<http://ids.clld.org/parameters/4-142>		<http://ids.clld.org/values/4-142-174-1>		"ettəmuho"@mch	
"bat / baɖulu"@ghl	<http://ids.clld.org/values/3-570-318-1>		<http://ids.clld.org/parameters/3-570>		<http://ids.clld.org/values/3-570-174-1>		"[hātu]"@mch	
"ɪlǰɪlǰí"@ghl	<http://ids.clld.org/values/17-250-318-1>		<http://ids.clld.org/parameters/17-250>		<http://ids.clld.org/values/17-250-174-1>		"-owānoma-"@mch	
"elé"@ghl	<http://ids.clld.org/values/11-320-318-1>		<http://ids.clld.org/parameters/11-320>		<http://ids.clld.org/values/11-320-174-1>		"edantə-dɨ"@mch	
"warí"@ghl	<http://ids.clld.org/values/11-310-318-1>		<http://ids.clld.org/parameters/11-310>		<http://ids.clld.org/values/11-310-174-1>		"uhīyɨ"@mch	
"uǰí"@ghl	<http://ids.clld.org/values/12-120-318-1>		<http://ids.clld.org/parameters/12-120>		<http://ids.clld.org/values/12-120-174-1>		"enɨ̄ta"@mch	
"uǰí"@ghl	<http://ids.clld.org/values/12-120-318-1>		<http://ids.clld.org/parameters/12-120>		<http://ids.clld.org/values/12-120-174-3>		"-ehuʔta-"@mch	
"togí"@ghl	<http://ids.clld.org/values/19-470-318-1>		<http://ids.clld.org/parameters/19-470>		<http://ids.clld.org/values/19-470-174-1>		"tɨdɨho-dɨ"@mch	
"kɪŋíri"@ghl	<http://ids.clld.org/values/9-110-318-1>		<http://ids.clld.org/parameters/9-110>		<http://ids.clld.org/values/9-110-174-1>		"tɨdɨ̄dɨ"@mch	
"ʃórot / ʃorodí"@ghl	<http://ids.clld.org/values/20-540-318-1>		<http://ids.clld.org/parameters/20-540>		<http://ids.clld.org/values/20-540-174-1>		"anətə"@mch	
"ɖiǰí | ɖitíri"@ghl	<http://ids.clld.org/values/9-343-318-1>		<http://ids.clld.org/parameters/9-343>		<http://ids.clld.org/values/9-343-174-1>		"eʔkukā-dɨ"@mch	
"ɔti"@ghl	<http://ids.clld.org/values/1-310-318-1>		<http://ids.clld.org/parameters/1-310>		<http://ids.clld.org/values/1-310-174-1>		"tuna"@mch	
"te / ti"@ghl	<http://ids.clld.org/values/5-124-318-1>		<http://ids.clld.org/parameters/5-124>		<http://ids.clld.org/values/5-124-174-1>		"šēne"@mch	
"arrɛnayn"@ghl	<http://ids.clld.org/values/1-510-318-1>		<http://ids.clld.org/parameters/1-510>		<http://ids.clld.org/values/1-510-174-1>		"kahu"@mch	
"koɲ / koɲanú"@ghl	<http://ids.clld.org/values/4-204-318-1>		<http://ids.clld.org/parameters/4-204>		<http://ids.clld.org/values/4-204-174-1>		"heʔ-dɨ"@mch	
"we:na"@ghl	<http://ids.clld.org/values/1-212-318-1>		<http://ids.clld.org/parameters/1-212>		<http://ids.clld.org/values/1-212-174-1>		"nono"@mch	
"ʈu:rgát"@ghl	<http://ids.clld.org/values/15-890-318-1>		<http://ids.clld.org/parameters/15-890>		<http://ids.clld.org/values/15-890-174-1>		"deyude"@mch	
"ɖwárme / ɖwarmenú"@ghl	<http://ids.clld.org/values/3-583-318-1>		<http://ids.clld.org/parameters/3-583>		<http://ids.clld.org/values/3-583-174-1>		"tadāya"@mch	
"akka"@ghl	<http://ids.clld.org/values/6-240-318-1>		<http://ids.clld.org/parameters/6-240>		<http://ids.clld.org/values/6-240-174-1>		"wadēkū"@mch	
"koɽu / koɽí"@ghl	<http://ids.clld.org/values/3-586-318-1>		<http://ids.clld.org/parameters/3-586>		<http://ids.clld.org/values/3-586-174-1>		"kudūmu"@mch	
"ɪɽi"@ghl	<http://ids.clld.org/values/1-320-318-1>		<http://ids.clld.org/parameters/1-320>		<http://ids.clld.org/values/1-320-174-1>		"dama"@mch	
"ɖéyni"@ghl	<http://ids.clld.org/values/17-680-318-1>		<http://ids.clld.org/parameters/17-680>		<http://ids.clld.org/values/17-680-174-1>		"ənə̄kɨ"@mch	
"ʊr / ʊranú"@ghl	<http://ids.clld.org/values/4-200-318-1>		<http://ids.clld.org/parameters/4-200>		<http://ids.clld.org/values/4-200-174-1>		"hūʔhə"@mch	
"te"@ghl	<http://ids.clld.org/values/15-680-318-1>		<http://ids.clld.org/parameters/15-680>		<http://ids.clld.org/values/15-680-174-1>		"šēne"@mch	
"atul/atule"@ghl	<http://ids.clld.org/values/4-820-318-1>		<http://ids.clld.org/parameters/4-820>		<http://ids.clld.org/values/4-820-174-1>		"āʔkedēto"@mch	
"koɲúltu / koɲɪ́l"@ghl	<http://ids.clld.org/values/5-970-318-1>		<http://ids.clld.org/parameters/5-970>		<http://ids.clld.org/values/5-970-174-1>		"iʔmoi"@mch	
"obukɛ́ri"@ghl	<http://ids.clld.org/values/10-350-318-1>		<http://ids.clld.org/parameters/10-350>		<http://ids.clld.org/values/10-350-174-1>		"tɨwəʔhiyɨ"@mch	
"uǰí"@ghl	<http://ids.clld.org/values/20-110-318-1>		<http://ids.clld.org/parameters/20-110>		<http://ids.clld.org/values/20-110-174-1>		"wətə̄nehānə"@mch	
"kítu / kiní"@ghl	<http://ids.clld.org/values/7-220-318-1>		<http://ids.clld.org/parameters/7-220>		<http://ids.clld.org/values/7-220-174-1>		"mɨnātata"@mch	
"abutu / abuɖabutu || abat"@ghl	<http://ids.clld.org/values/3-920-318-1>		<http://ids.clld.org/parameters/3-920>		<http://ids.clld.org/values/3-920-174-1>		"matūtu"@mch	
"kučíri"@ghl	<http://ids.clld.org/values/9-341-318-1>		<http://ids.clld.org/parameters/9-341>		<http://ids.clld.org/values/9-341-174-1>		"-ewaʔtə-dɨ"@mch	
"úlče / ulǰé"@ghl	<http://ids.clld.org/values/4-220-318-1>		<http://ids.clld.org/parameters/4-220>		<http://ids.clld.org/values/4-220-174-1>		"hāna"@mch	
"ʈi | ʈi"@ghl	<http://ids.clld.org/values/2-960-318-1>		<http://ids.clld.org/parameters/2-960>		<http://ids.clld.org/values/2-960-174-1>		"tɨnwano"@mch	
"ordú / ordɪ́l"@ghl	<http://ids.clld.org/values/8-570-318-1>		<http://ids.clld.org/parameters/8-570>		<http://ids.clld.org/values/8-570-174-1>		"čə̄hɨdɨ"@mch	
"ʈinɪ́ŋ / ʈinɪŋí"@ghl	<http://ids.clld.org/values/7-440-318-1>		<http://ids.clld.org/parameters/7-440>		<http://ids.clld.org/values/7-440-174-1>		"[mesa]i"@mch	
"ʃunú / ʃuní"@ghl	<http://ids.clld.org/values/4-345-318-1>		<http://ids.clld.org/parameters/4-345>		<http://ids.clld.org/values/4-345-174-1>		"əmmi"@mch	
"ku:nú"@ghl	<http://ids.clld.org/values/1-830-318-1>		<http://ids.clld.org/parameters/1-830>		<http://ids.clld.org/values/1-830-174-1>		"widīnčə"@mch	
"ɖiʈí"@ghl	<http://ids.clld.org/values/16-250-318-1>		<http://ids.clld.org/parameters/16-250>		<http://ids.clld.org/values/16-250-174-1>		"waʔsenɲo"@mch	
"áɲaŋ / aɲáŋ"@ghl	<http://ids.clld.org/values/2-522-318-1>		<http://ids.clld.org/parameters/2-522>		<http://ids.clld.org/values/2-522-174-1>		"waynɲeʔney"@mch	
"tuʈí"@ghl	<http://ids.clld.org/values/10-570-318-1>		<http://ids.clld.org/parameters/10-570>		<http://ids.clld.org/values/10-570-174-1>		"w-omon-nə"@mch	
"ekí"@ghl	<http://ids.clld.org/values/11-830-318-1>		<http://ids.clld.org/parameters/11-830>		<http://ids.clld.org/values/11-830-174-1>		"wətəʔtihānə"@mch	
"ay | a"@ghl	<http://ids.clld.org/values/2-920-318-1>		<http://ids.clld.org/parameters/2-920>		<http://ids.clld.org/values/2-920-174-1>		"əmədə"@mch	
"teráp / tɛrabé"@ghl	<http://ids.clld.org/values/8-311-318-1>		<http://ids.clld.org/parameters/8-311>		<http://ids.clld.org/values/8-311-174-1>		"čə̄huʔhə"@mch	
"ŋɛlí"@ghl	<http://ids.clld.org/values/17-130-318-1>		<http://ids.clld.org/parameters/17-130>		<http://ids.clld.org/values/17-130-174-1>		"tɨtahə-nə"@mch	
"ǰaɖu / ǰalanu"@ghl	<http://ids.clld.org/values/4-260-318-1>		<http://ids.clld.org/parameters/4-260>		<http://ids.clld.org/values/4-260-174-1>		"ɲūdu"@mch	
"kukúɽ nidu / kukíɽi nili"@ghl	<http://ids.clld.org/values/3-540-318-1>		<http://ids.clld.org/parameters/3-540>		<http://ids.clld.org/values/3-540-174-1>		"kudaymādu"@mch	
"uʈe:ʈul / uʈe:ʈulí"@ghl	<http://ids.clld.org/values/18-710-318-1>		<http://ids.clld.org/parameters/18-710>		<http://ids.clld.org/values/18-710-174-1>		"hīču"@mch	
"bá:lɖu / baː.lé"@ghl	<http://ids.clld.org/values/3-930-318-1>		<http://ids.clld.org/parameters/3-930>		<http://ids.clld.org/values/3-930-174-1>		"kɨdatay"@mch	
"átaŋ kortu / atɪɲáŋ koru"@ghl	<http://ids.clld.org/values/2-480-318-1>		<http://ids.clld.org/parameters/2-480>		<http://ids.clld.org/values/2-480-174-1>		"hādɨ"@mch	
"iɽké | iɽkí"@ghl	<http://ids.clld.org/values/4-720-318-1>		<http://ids.clld.org/parameters/4-720>		<http://ids.clld.org/values/4-720-174-1>		"w-ennu-nə"@mch	
"waǰat / waǰɛni"@ghl	<http://ids.clld.org/values/5-125-318-1>		<http://ids.clld.org/parameters/5-125>		<http://ids.clld.org/values/5-125-174-1>		"čə̄tāhə"@mch	
"ʈwar / ʈwaréor ʈwarí"@ghl	<http://ids.clld.org/values/3-950-318-1>		<http://ids.clld.org/parameters/3-950>		<http://ids.clld.org/values/3-950-174-1>		"kɨʔto"@mch	
"tirǰí | bodí"@ghl	<http://ids.clld.org/values/9-890-318-1>		<http://ids.clld.org/parameters/9-890>		<http://ids.clld.org/values/9-890-174-1>		"wemānʔa"@mch	
"ʃartí"@ghl	<http://ids.clld.org/values/6-330-318-1>		<http://ids.clld.org/parameters/6-330>		<http://ids.clld.org/values/6-330-174-1>		"tɨʔkaʔhɨdɨ"@mch	
"ɪtɛrí"@ghl	<http://ids.clld.org/values/14-420-318-1>		<http://ids.clld.org/parameters/14-420>		<http://ids.clld.org/values/14-420-174-1>		"čomomɨ̄dɨ"@mch	
"ɪntannu tɛ́rɖu / ɪntanni tɛrɖí | kédaŋ tɛ́rɖu / kenáŋ tɛrɖí"@ghl	<http://ids.clld.org/values/2-540-318-1>		<http://ids.clld.org/parameters/2-540>		<http://ids.clld.org/values/2-540-174-1>		"hāse"@mch	
"twánu / twáni"@ghl	<http://ids.clld.org/values/2-410-318-1>		<http://ids.clld.org/parameters/2-410>		<http://ids.clld.org/values/2-410-174-1>		"nnedɨ"@mch	
"kukúr / kukíɽi"@ghl	<http://ids.clld.org/values/3-550-318-1>		<http://ids.clld.org/parameters/3-550>		<http://ids.clld.org/values/3-550-174-1>		"wamēdi"@mch	
"ikaɲádu / ikaɲalanu || ikaɲalɛni"@ghl	<http://ids.clld.org/values/1-820-318-1>		<http://ids.clld.org/parameters/1-820>		<http://ids.clld.org/values/1-820-174-1>		"wāʔto"@mch	
"ɪ́ntaŋ / ɪntáŋ"@ghl	<http://ids.clld.org/values/2-440-318-1>		<http://ids.clld.org/parameters/2-440>		<http://ids.clld.org/values/2-440-174-1>		"-nuwā-dɨ"@mch	
"kwartu"@ghl	<http://ids.clld.org/values/1-215-318-1>		<http://ids.clld.org/parameters/1-215>		<http://ids.clld.org/values/1-215-174-1>		"sāʔdaʔda"@mch	
"tway"@ghl	<http://ids.clld.org/values/12-80-318-1>		<http://ids.clld.org/parameters/12-80>		<http://ids.clld.org/values/12-80-174-1>		"kawə̄"@mch	
"ór / orí"@ghl	<http://ids.clld.org/values/1-420-318-1>		<http://ids.clld.org/parameters/1-420>		<http://ids.clld.org/values/1-420-174-1>		"dē"@mch	
"ʈwalé"@ghl	<http://ids.clld.org/values/12-30-318-1>		<http://ids.clld.org/parameters/12-30>		<http://ids.clld.org/values/12-30-174-1>		"doʔnə"@mch	
"kamé"@ghl	<http://ids.clld.org/values/5-120-318-1>		<http://ids.clld.org/parameters/5-120>		<http://ids.clld.org/values/5-120-174-1>		"mudūkuku"@mch	
"maʃa / maʃɪ́l"@ghl	<http://ids.clld.org/values/8-130-318-1>		<http://ids.clld.org/parameters/8-130>		<http://ids.clld.org/values/8-130-174-1>		"awdwāhə"@mch	
"ʃaní"@ghl	<http://ids.clld.org/values/11-820-318-1>		<http://ids.clld.org/parameters/11-820>		<http://ids.clld.org/values/11-820-174-1>		"ehema-hoi"@mch	
"ǰátuwe"@ghl	<http://ids.clld.org/values/17-670-318-1>		<http://ids.clld.org/parameters/17-670>		<http://ids.clld.org/values/17-670-174-1>		"əišə̄no"@mch	
"tíŋol / tíŋoli"@ghl	<http://ids.clld.org/values/8-940-318-1>		<http://ids.clld.org/parameters/8-940>		<http://ids.clld.org/values/8-940-174-1>		"dahu"@mch	
"ɪ́rgotiŋ"@ghl	<http://ids.clld.org/values/17-150-318-1>		<http://ids.clld.org/parameters/17-150>		<http://ids.clld.org/values/17-150-174-1>		"-ekanɨhɨ-dɨ"@mch	
"oʈʊ́r"@ghl	<http://ids.clld.org/values/12-650-318-1>		<http://ids.clld.org/parameters/12-650>		<http://ids.clld.org/values/12-650-174-1>		"sāʔtahe"@mch	
"akí"@ghl	<http://ids.clld.org/values/12-130-318-1>		<http://ids.clld.org/parameters/12-130>		<http://ids.clld.org/values/12-130-174-1>		"w-atahhimā-nə"@mch	
"kɛŋ"@ghl	<http://ids.clld.org/values/16-710-318-1>		<http://ids.clld.org/parameters/16-710>		<http://ids.clld.org/values/16-710-174-1>		"ašiča"@mch	
"bɛl / béli"@ghl	<http://ids.clld.org/values/22-120-318-1>		<http://ids.clld.org/parameters/22-120>		<http://ids.clld.org/values/22-120-174-1>		"wanādi"@mch	
"tonú / tíni"@ghl	<http://ids.clld.org/values/2-250-318-1>		<http://ids.clld.org/parameters/2-250>		<http://ids.clld.org/values/2-250-174-1>		"mudekə̄kə"@mch	
"ʈiɽ"@ghl	<http://ids.clld.org/values/6-120-318-1>		<http://ids.clld.org/parameters/6-120>		<http://ids.clld.org/values/6-120-174-1>		"womɨ"@mch	
"míntu / míne"@ghl	<http://ids.clld.org/values/6-740-318-1>		<http://ids.clld.org/parameters/6-740>		<http://ids.clld.org/values/6-740-174-1>		"ahəʔmɨy"@mch	
"kubí | oli | ɖi"@ghl	<http://ids.clld.org/values/10-210-318-1>		<http://ids.clld.org/parameters/10-210>		<http://ids.clld.org/values/10-210-174-1>		"w-ənuʔnə"@mch	
"buɽebɛ́r"@ghl	<http://ids.clld.org/values/13-101-318-1>		<http://ids.clld.org/parameters/13-101>		<http://ids.clld.org/values/13-101-174-1>		"amohadəʔto dēwə tōni"@mch	
"ɪl lalčé | ɪl lalí"@ghl	<http://ids.clld.org/values/4-912-318-1>		<http://ids.clld.org/parameters/4-912>		<http://ids.clld.org/values/4-912-174-1>		"wə̄dētanə"@mch	
"óre | kurʃé"@ghl	<http://ids.clld.org/values/16-670-318-1>		<http://ids.clld.org/parameters/16-670>		<http://ids.clld.org/values/16-670-174-1>		"-enkutə-"@mch	
"nánɖukal"@ghl	<http://ids.clld.org/values/17-690-318-1>		<http://ids.clld.org/parameters/17-690>		<http://ids.clld.org/values/17-690-174-1>		"ākene yeihəkə"@mch	
"kwɛt / kwéni"@ghl	<http://ids.clld.org/values/4-160-318-1>		<http://ids.clld.org/parameters/4-160>		<http://ids.clld.org/values/4-160-174-1>		"yēʔhə"@mch	
"ɛkí"@ghl	<http://ids.clld.org/values/12-930-318-1>		<http://ids.clld.org/parameters/12-930>		<http://ids.clld.org/values/12-930-174-1>		"w-ekamhiaka-nə"@mch	
"ʃartí"@ghl	<http://ids.clld.org/values/9-750-318-1>		<http://ids.clld.org/parameters/9-750>		<http://ids.clld.org/values/9-750-174-1>		"aʔtoʔtotoʔho"@mch	
"tirí"@ghl	<http://ids.clld.org/values/8-531-318-1>		<http://ids.clld.org/parameters/8-531>		<http://ids.clld.org/values/8-531-174-1>		"aiʔčɨdɨ"@mch	
"kɛlɛndóp"@ghl	<http://ids.clld.org/values/17-280-318-1>		<http://ids.clld.org/parameters/17-280>		<http://ids.clld.org/values/17-280-174-1>		"wōwanomatoho"@mch	
"u:bur / u:ber"@ghl	<http://ids.clld.org/values/4-940-318-1>		<http://ids.clld.org/parameters/4-940>		<http://ids.clld.org/values/4-940-174-1>		"sekumhe"@mch	
"ɪŋŋaltu | ɪč"@ghl	<http://ids.clld.org/values/1-520-318-1>		<http://ids.clld.org/parameters/1-520>		<http://ids.clld.org/values/1-520-174-1>		"šī"@mch	
"álwari"@ghl	<http://ids.clld.org/values/16-620-318-1>		<http://ids.clld.org/parameters/16-620>		<http://ids.clld.org/values/16-620-174-1>		"hyumma-dɨ"@mch	
"kudu / kuli"@ghl	<http://ids.clld.org/values/1-220-318-1>		<http://ids.clld.org/parameters/1-220>		<http://ids.clld.org/values/1-220-174-1>		"hɨ̄"@mch	
"barat / barakaní"@ghl	<http://ids.clld.org/values/4-910-318-1>		<http://ids.clld.org/parameters/4-910>		<http://ids.clld.org/values/4-910-174-1>		"tɨkinča"@mch	
"ɖor / ɖorí"@ghl	<http://ids.clld.org/values/4-120-318-1>		<http://ids.clld.org/parameters/4-120>		<http://ids.clld.org/values/4-120-174-1>		"hiʔhə"@mch	
"wey"@ghl	<http://ids.clld.org/values/18-110-318-1>		<http://ids.clld.org/parameters/18-110>		<http://ids.clld.org/values/18-110-174-1>		"kəʔtɨnnə"@mch	
"oriŋár / oriŋarí"@ghl	<http://ids.clld.org/values/7-450-318-1>		<http://ids.clld.org/parameters/7-450>		<http://ids.clld.org/values/7-450-174-1>		"adāwa"@mch	
"konuré | kwali"@ghl	<http://ids.clld.org/values/11-110-318-1>		<http://ids.clld.org/parameters/11-110>		<http://ids.clld.org/values/11-110-174-1>		"tɨweiye wənɲe"@mch	
"ɪ́ntaŋ tɛ́rdu ŋor / ɪntáŋ tɛrɖí ŋwar"@ghl	<http://ids.clld.org/values/2-454-318-1>		<http://ids.clld.org/parameters/2-454>		<http://ids.clld.org/values/2-454-174-1>		"yāya"@mch	
"bɪ́ɽu"@ghl	<http://ids.clld.org/values/16-720-318-1>		<http://ids.clld.org/parameters/16-720>		<http://ids.clld.org/values/16-720-174-1>		"kənemhɨnɨ"@mch	
"ʃɛɽí"@ghl	<http://ids.clld.org/values/5-460-318-1>		<http://ids.clld.org/parameters/5-460>		<http://ids.clld.org/values/5-460-174-1>		"-iʔša-"@mch	
"kábe / kábɪl"@ghl	<http://ids.clld.org/values/7-150-318-1>		<http://ids.clld.org/parameters/7-150>		<http://ids.clld.org/values/7-150-174-1>		"hɨdōdo"@mch	
"kwalát"@ghl	<http://ids.clld.org/values/13-70-318-1>		<http://ids.clld.org/parameters/13-70>		<http://ids.clld.org/values/13-70-174-1>		"āʔkə amohaʔto"@mch	
"oɲí"@ghl	<http://ids.clld.org/values/16-370-318-1>		<http://ids.clld.org/parameters/16-370>		<http://ids.clld.org/values/16-370-174-1>		"w-amo-nə"@mch	
"ɖótú / noní | ʃukúlum / ʃukulumí | ʈop / ʈobi"@ghl	<http://ids.clld.org/values/8-930-318-1>		<http://ids.clld.org/parameters/8-930>		<http://ids.clld.org/values/8-930-174-1>		"kankudu"@mch	
"uɲɪɽí || ʊŋiɽi"@ghl	<http://ids.clld.org/values/10-472-318-1>		<http://ids.clld.org/parameters/10-472>		<http://ids.clld.org/values/10-472-174-1>		"-annuʔku-"@mch	
"tumur / tumurí"@ghl	<http://ids.clld.org/values/3-820-318-1>		<http://ids.clld.org/parameters/3-820>		<http://ids.clld.org/values/3-820-174-1>		"wannə"@mch	
"únu | ǰidu"@ghl	<http://ids.clld.org/values/4-232-318-1>		<http://ids.clld.org/parameters/4-232>		<http://ids.clld.org/values/4-232-174-1>		"ənuʔtə"@mch	
"ɖoǰí"@ghl	<http://ids.clld.org/values/12-570-318-1>		<http://ids.clld.org/parameters/12-570>		<http://ids.clld.org/values/12-570-174-1>		"nuwe"@mch	
