"danse"@da	<http://ids.clld.org/values/10-440-186-1>		<http://ids.clld.org/parameters/10-440>		<http://ids.clld.org/values/10-440-174-1>		"-ənwa-"@mch	
"bedstemor"@da	<http://ids.clld.org/values/2-470-186-1>		<http://ids.clld.org/parameters/2-470>		<http://ids.clld.org/values/2-470-174-1>		"-tamū-du"@mch	
"flip"@da	<http://ids.clld.org/values/6-450-186-3>		<http://ids.clld.org/parameters/6-450>		<http://ids.clld.org/values/6-450-174-1>		"wōʔmo"@mch	
"helbred"@da	<http://ids.clld.org/values/4-830-186-5>		<http://ids.clld.org/parameters/4-830>		<http://ids.clld.org/values/4-830-174-1>		"tadəinɲe"@mch	
"krig"@da	<http://ids.clld.org/values/20-130-186-1>		<http://ids.clld.org/parameters/20-130>		<http://ids.clld.org/values/20-130-174-1>		"wənə"@mch	
"Gud"@da	<http://ids.clld.org/values/22-120-186-1>		<http://ids.clld.org/parameters/22-120>		<http://ids.clld.org/values/22-120-174-1>		"wanādi"@mch	
"svans"@da	<http://ids.clld.org/values/4-180-186-3>		<http://ids.clld.org/parameters/4-180>		<http://ids.clld.org/values/4-180-174-1>		"dāʔkɨdɨ"@mch	
"blod"@da	<http://ids.clld.org/values/4-150-186-1>		<http://ids.clld.org/parameters/4-150>		<http://ids.clld.org/values/4-150-174-1>		"munu"@mch	
"syv"@da	<http://ids.clld.org/values/13-70-186-1>		<http://ids.clld.org/parameters/13-70>		<http://ids.clld.org/values/13-70-174-1>		"āʔkə amohaʔto"@mch	
"fire"@da	<http://ids.clld.org/values/13-40-186-1>		<http://ids.clld.org/parameters/13-40>		<http://ids.clld.org/values/13-40-174-1>		"āʔkəiʔčea"@mch	
"femten"@da	<http://ids.clld.org/values/13-103-186-1>		<http://ids.clld.org/parameters/13-103>		<http://ids.clld.org/values/13-103-174-1>		"amohadəʔto dēwə hyatodea"@mch	
"stige"@da	<http://ids.clld.org/values/7-370-186-1>		<http://ids.clld.org/parameters/7-370>		<http://ids.clld.org/values/7-370-174-1>		"inɲahuʔtahə"@mch	
"før"@da	<http://ids.clld.org/values/12-40-186-1>		<http://ids.clld.org/parameters/12-40>		<http://ids.clld.org/values/12-40-174-1>		"owāho"@mch	
"før"@da	<http://ids.clld.org/values/12-40-186-1>		<http://ids.clld.org/parameters/12-40>		<http://ids.clld.org/values/12-40-174-3>		"awaʔde"@mch	
"bede"@da	<http://ids.clld.org/values/18-350-186-1>		<http://ids.clld.org/parameters/18-350>		<http://ids.clld.org/values/18-350-174-1>		"eʔkatə-dɨ"@mch	
"veksle"@da	<http://ids.clld.org/values/12-930-186-5>		<http://ids.clld.org/parameters/12-930>		<http://ids.clld.org/values/12-930-174-1>		"w-ekamhiaka-nə"@mch	
"sy"@da	<http://ids.clld.org/values/6-350-186-1>		<http://ids.clld.org/parameters/6-350>		<http://ids.clld.org/values/6-350-174-1>		"šōka-dɨ"@mch	
"læge"@da	<http://ids.clld.org/values/4-860-186-3>		<http://ids.clld.org/parameters/4-860>		<http://ids.clld.org/values/4-860-174-1>		"adonkadɨ"@mch	
"majs"@da	<http://ids.clld.org/values/8-470-186-1>		<http://ids.clld.org/parameters/8-470>		<http://ids.clld.org/values/8-470-174-1>		"ənɲa"@mch	
"mange"@da	<http://ids.clld.org/values/13-150-186-3>		<http://ids.clld.org/parameters/13-150>		<http://ids.clld.org/values/13-150-174-1>		"hōhe"@mch	
"leve"@da	<http://ids.clld.org/values/4-740-186-1>		<http://ids.clld.org/parameters/4-740>		<http://ids.clld.org/values/4-740-174-1>		"wenɲə"@mch	
"fare"@da	<http://ids.clld.org/values/10-470-186-3>		<http://ids.clld.org/parameters/10-470>		<http://ids.clld.org/values/10-470-174-1>		"wɨʔtə̄-nə"@mch	
"ben"@da	<http://ids.clld.org/values/4-160-186-1>		<http://ids.clld.org/parameters/4-160>		<http://ids.clld.org/values/4-160-174-1>		"yēʔhə"@mch	
"sænke"@da	<http://ids.clld.org/values/10-330-186-3>		<http://ids.clld.org/parameters/10-330>		<http://ids.clld.org/values/10-330-174-1>		"yehuʔkwai"@mch	
"hals"@da	<http://ids.clld.org/values/4-280-186-1>		<http://ids.clld.org/parameters/4-280>		<http://ids.clld.org/values/4-280-174-1>		"hɨ̄mɨ"@mch	
"træ"@da	<http://ids.clld.org/values/1-430-186-1>		<http://ids.clld.org/parameters/1-430>		<http://ids.clld.org/values/1-430-174-1>		"dē"@mch	
"orm"@da	<http://ids.clld.org/values/3-840-186-1>		<http://ids.clld.org/parameters/3-840>		<http://ids.clld.org/values/3-840-174-1>		"motto"@mch	
"sidde"@da	<http://ids.clld.org/values/12-130-186-1>		<http://ids.clld.org/parameters/12-130>		<http://ids.clld.org/values/12-130-174-1>		"w-atahhimā-nə"@mch	
"lægge"@da	<http://ids.clld.org/values/12-120-186-5>		<http://ids.clld.org/parameters/12-120>		<http://ids.clld.org/values/12-120-174-1>		"enɨ̄ta"@mch	
"lægge"@da	<http://ids.clld.org/values/12-120-186-5>		<http://ids.clld.org/parameters/12-120>		<http://ids.clld.org/values/12-120-174-3>		"-ehuʔta-"@mch	
"møde"@da	<http://ids.clld.org/values/19-650-186-1>		<http://ids.clld.org/parameters/19-650>		<http://ids.clld.org/values/19-650-174-1>		"edantə-dɨ"@mch	
"snakke"@da	<http://ids.clld.org/values/18-210-186-3>		<http://ids.clld.org/parameters/18-210>		<http://ids.clld.org/values/18-210-174-1>		"w-aʔdew-nə"@mch	
"hoved"@da	<http://ids.clld.org/values/4-200-186-1>		<http://ids.clld.org/parameters/4-200>		<http://ids.clld.org/values/4-200-174-1>		"hūʔhə"@mch	
"slimhinde"@da	<http://ids.clld.org/values/4-232-186-1>		<http://ids.clld.org/parameters/4-232>		<http://ids.clld.org/values/4-232-174-1>		"ənuʔtə"@mch	
"beklædning"@da	<http://ids.clld.org/values/6-120-186-1>		<http://ids.clld.org/parameters/6-120>		<http://ids.clld.org/values/6-120-174-1>		"womɨ"@mch	
"sløv"@da	<http://ids.clld.org/values/15-790-186-1>		<http://ids.clld.org/parameters/15-790>		<http://ids.clld.org/values/15-790-174-1>		"tuhuʔhūdato"@mch	
"sommerfugl"@da	<http://ids.clld.org/values/3-920-186-1>		<http://ids.clld.org/parameters/3-920>		<http://ids.clld.org/values/3-920-174-1>		"matūtu"@mch	
"een"@da	<http://ids.clld.org/values/13-10-186-1>		<http://ids.clld.org/parameters/13-10>		<http://ids.clld.org/values/13-10-174-1>		"tōni"@mch	
"synke"@da	<http://ids.clld.org/values/10-330-186-1>		<http://ids.clld.org/parameters/10-330>		<http://ids.clld.org/values/10-330-174-1>		"yehuʔkwai"@mch	
"han/ hun/ det"@da	<http://ids.clld.org/values/2-930-186-1>		<http://ids.clld.org/parameters/2-930>		<http://ids.clld.org/values/2-930-174-1>		"tɨwɨ"@mch	
"hus"@da	<http://ids.clld.org/values/7-120-186-1>		<http://ids.clld.org/parameters/7-120>		<http://ids.clld.org/values/7-120-174-1>		"mmā"@mch	
"nat"@da	<http://ids.clld.org/values/14-420-186-1>		<http://ids.clld.org/parameters/14-420>		<http://ids.clld.org/values/14-420-174-1>		"čomomɨ̄dɨ"@mch	
"reb"@da	<http://ids.clld.org/values/9-190-186-1>		<http://ids.clld.org/parameters/9-190>		<http://ids.clld.org/values/9-190-174-1>		"āʔto"@mch	
"rand"@da	<http://ids.clld.org/values/12-353-186-3>		<http://ids.clld.org/parameters/12-353>		<http://ids.clld.org/values/12-353-174-1>		"čəʔhiyu"@mch	
"fortælle"@da	<http://ids.clld.org/values/18-221-186-1>		<http://ids.clld.org/parameters/18-221>		<http://ids.clld.org/values/18-221-174-1>		"mēʔkuʔtə̄dɨ"@mch	
"mand"@da	<http://ids.clld.org/values/2-310-186-1>		<http://ids.clld.org/parameters/2-310>		<http://ids.clld.org/values/2-310-174-1>		"-ɲno"@mch	
"de"@da	<http://ids.clld.org/values/2-960-186-1>		<http://ids.clld.org/parameters/2-960>		<http://ids.clld.org/values/2-960-174-1>		"tɨnwano"@mch	
"højre"@da	<http://ids.clld.org/values/12-410-186-1>		<http://ids.clld.org/parameters/12-410>		<http://ids.clld.org/values/12-410-174-1>		"əmuʔdemhɨnɨ"@mch	
"bitter"@da	<http://ids.clld.org/values/15-370-186-1>		<http://ids.clld.org/parameters/15-370>		<http://ids.clld.org/values/15-370-174-1>		"tutune"@mch	
"nå"@da	<http://ids.clld.org/values/10-550-186-3>		<http://ids.clld.org/parameters/10-550>		<http://ids.clld.org/values/10-550-174-1>		"w-əʔdɨ-nə"@mch	
"svigerfar"@da	<http://ids.clld.org/values/2-610-186-1>		<http://ids.clld.org/parameters/2-610>		<http://ids.clld.org/values/2-610-174-1>		"wōdɨ̄mə"@mch	
"armbånd"@da	<http://ids.clld.org/values/6-740-186-1>		<http://ids.clld.org/parameters/6-740>		<http://ids.clld.org/values/6-740-174-1>		"ahəʔmɨy"@mch	
"lillebror"@da	<http://ids.clld.org/values/2-445-186-1>		<http://ids.clld.org/parameters/2-445>		<http://ids.clld.org/values/2-445-174-1>		"šīʔčɨ"@mch	
"hvilken?"@da	<http://ids.clld.org/values/17-670-186-1>		<http://ids.clld.org/parameters/17-670>		<http://ids.clld.org/values/17-670-174-1>		"əišə̄no"@mch	
"vandfald"@da	<http://ids.clld.org/values/1-390-186-1>		<http://ids.clld.org/parameters/1-390>		<http://ids.clld.org/values/1-390-174-1>		"yedukadɨ"@mch	
"svigersøn"@da	<http://ids.clld.org/values/2-630-186-1>		<http://ids.clld.org/parameters/2-630>		<http://ids.clld.org/values/2-630-174-1>		"-hannɨ-dɨ"@mch	
"gård"@da	<http://ids.clld.org/values/7-150-186-1>		<http://ids.clld.org/parameters/7-150>		<http://ids.clld.org/values/7-150-174-1>		"hɨdōdo"@mch	
"hurtig"@da	<http://ids.clld.org/values/14-210-186-1>		<http://ids.clld.org/parameters/14-210>		<http://ids.clld.org/values/14-210-174-1>		"tamhə̄ʔne"@mch	
"fisk"@da	<http://ids.clld.org/values/3-650-186-1>		<http://ids.clld.org/parameters/3-650>		<http://ids.clld.org/values/3-650-174-1>		"nākukwāno"@mch	
"onkel"@da	<http://ids.clld.org/values/2-510-186-1>		<http://ids.clld.org/parameters/2-510>		<http://ids.clld.org/values/2-510-174-1>		"wōdɨ"@mch	
"himmel"@da	<http://ids.clld.org/values/1-510-186-1>		<http://ids.clld.org/parameters/1-510>		<http://ids.clld.org/values/1-510-174-1>		"kahu"@mch	
"sælge"@da	<http://ids.clld.org/values/11-820-186-1>		<http://ids.clld.org/parameters/11-820>		<http://ids.clld.org/values/11-820-174-1>		"ehema-hoi"@mch	
"frugt"@da	<http://ids.clld.org/values/5-710-186-1>		<http://ids.clld.org/parameters/5-710>		<http://ids.clld.org/values/5-710-174-1>		"čə̄hɨdɨ̄-hɨdɨ"@mch	
"kort"@da	<http://ids.clld.org/values/12-590-186-1>		<http://ids.clld.org/parameters/12-590>		<http://ids.clld.org/values/12-590-174-1>		"tawedato"@mch	
"moden"@da	<http://ids.clld.org/values/5-123-186-1>		<http://ids.clld.org/parameters/5-123>		<http://ids.clld.org/values/5-123-174-1>		"sēweyčato"@mch	
"potte"@da	<http://ids.clld.org/values/5-260-186-3>		<http://ids.clld.org/parameters/5-260>		<http://ids.clld.org/values/5-260-174-1>		"ədinɲə"@mch	
"drik"@da	<http://ids.clld.org/values/5-900-186-1>		<http://ids.clld.org/parameters/5-900>		<http://ids.clld.org/values/5-900-174-1>		"kuši"@mch	
"sø"@da	<http://ids.clld.org/values/1-330-186-1>		<http://ids.clld.org/parameters/1-330>		<http://ids.clld.org/values/1-330-174-1>		"čūʔhə"@mch	
"slå"@da	<http://ids.clld.org/values/9-210-186-1>		<http://ids.clld.org/parameters/9-210>		<http://ids.clld.org/values/9-210-174-1>		"-aiʔhuka-dɨ"@mch	
"lunger"@da	<http://ids.clld.org/values/4-441-186-1>		<http://ids.clld.org/parameters/4-441>		<http://ids.clld.org/values/4-441-174-1>		"ʔtaway-dɨ"@mch	
"svær"@da	<http://ids.clld.org/values/15-810-186-3>		<http://ids.clld.org/parameters/15-810>		<http://ids.clld.org/values/15-810-174-1>		"tamənɲato"@mch	
"tynd"@da	<http://ids.clld.org/values/12-650-186-1>		<http://ids.clld.org/parameters/12-650>		<http://ids.clld.org/values/12-650-174-1>		"sāʔtahe"@mch	
"storesøster"@da	<http://ids.clld.org/values/2-454-186-1>		<http://ids.clld.org/parameters/2-454>		<http://ids.clld.org/values/2-454-174-1>		"yāya"@mch	
"smykke"@da	<http://ids.clld.org/values/6-710-186-1>		<http://ids.clld.org/parameters/6-710>		<http://ids.clld.org/values/6-710-174-1>		"sawīya"@mch	
"slange"@da	<http://ids.clld.org/values/3-850-186-1>		<http://ids.clld.org/parameters/3-850>		<http://ids.clld.org/values/3-850-174-1>		"əkə̄yu"@mch	
"øre"@da	<http://ids.clld.org/values/4-220-186-1>		<http://ids.clld.org/parameters/4-220>		<http://ids.clld.org/values/4-220-174-1>		"hāna"@mch	
"svag"@da	<http://ids.clld.org/values/4-820-186-1>		<http://ids.clld.org/parameters/4-820>		<http://ids.clld.org/values/4-820-174-1>		"āʔkedēto"@mch	
"mad"@da	<http://ids.clld.org/values/5-120-186-1>		<http://ids.clld.org/parameters/5-120>		<http://ids.clld.org/values/5-120-174-1>		"mudūkuku"@mch	
"papagøje"@da	<http://ids.clld.org/values/3-592-186-1>		<http://ids.clld.org/parameters/3-592>		<http://ids.clld.org/values/3-592-174-1>		"[dodo]"@mch	
"ung mand"@da	<http://ids.clld.org/values/2-251-186-1>		<http://ids.clld.org/parameters/2-251>		<http://ids.clld.org/values/2-251-174-1>		"mudēši"@mch	
"kvindelig"@da	<http://ids.clld.org/values/2-240-186-1>		<http://ids.clld.org/parameters/2-240>		<http://ids.clld.org/values/2-240-174-1>		"wodi"@mch	
"mus"@da	<http://ids.clld.org/values/3-630-186-1>		<http://ids.clld.org/parameters/3-630>		<http://ids.clld.org/values/3-630-174-1>		"asɨ̄kɨ"@mch	
"blæse"@da	<http://ids.clld.org/values/10-380-186-1>		<http://ids.clld.org/parameters/10-380>		<http://ids.clld.org/values/10-380-174-1>		"yaičumā-dɨ"@mch	
"måne"@da	<http://ids.clld.org/values/1-530-186-1>		<http://ids.clld.org/parameters/1-530>		<http://ids.clld.org/values/1-530-174-1>		"nūnə"@mch	
"spise"@da	<http://ids.clld.org/values/5-120-186-5>		<http://ids.clld.org/parameters/5-120>		<http://ids.clld.org/values/5-120-174-1>		"mudūkuku"@mch	
"lav"@da	<http://ids.clld.org/values/12-320-186-1>		<http://ids.clld.org/parameters/12-320>		<http://ids.clld.org/values/12-320-174-1>		"nonohoʔčə"@mch	
"sø"@da	<http://ids.clld.org/values/1-320-186-3>		<http://ids.clld.org/parameters/1-320>		<http://ids.clld.org/values/1-320-174-1>		"dama"@mch	
"tag"@da	<http://ids.clld.org/values/7-510-186-1>		<http://ids.clld.org/parameters/7-510>		<http://ids.clld.org/values/7-510-174-1>		"aməʔhɨdɨ"@mch	
"brække"@da	<http://ids.clld.org/values/9-260-186-3>		<http://ids.clld.org/parameters/9-260>		<http://ids.clld.org/values/9-260-174-1>		"-išiča-dɨ"@mch	
"kartoffel"@da	<http://ids.clld.org/values/5-700-186-1>		<http://ids.clld.org/parameters/5-700>		<http://ids.clld.org/values/5-700-174-1>		"šāku"@mch	
"sorg"@da	<http://ids.clld.org/values/16-320-186-3>		<http://ids.clld.org/parameters/16-320>		<http://ids.clld.org/values/16-320-174-1>		"wentumhe"@mch	
"slutte"@da	<http://ids.clld.org/values/14-270-186-3>		<http://ids.clld.org/parameters/14-270>		<http://ids.clld.org/values/14-270-174-1>		"w-əʔka-nə"@mch	
"skulder"@da	<http://ids.clld.org/values/4-300-186-1>		<http://ids.clld.org/parameters/4-300>		<http://ids.clld.org/values/4-300-174-1>		"nkawə"@mch	
"hund"@da	<http://ids.clld.org/values/3-610-186-1>		<http://ids.clld.org/parameters/3-610>		<http://ids.clld.org/values/3-610-174-1>		"sɨ̄ʔna"@mch	
"nevø"@da	<http://ids.clld.org/values/2-530-186-1>		<http://ids.clld.org/parameters/2-530>		<http://ids.clld.org/values/2-530-174-1>		"honɨ"@mch	
"nevø"@da	<http://ids.clld.org/values/2-530-186-1>		<http://ids.clld.org/parameters/2-530>		<http://ids.clld.org/values/2-530-174-3>		"honɨ-kə"@mch	
"mellemst"@da	<http://ids.clld.org/values/12-370-186-3>		<http://ids.clld.org/parameters/12-370>		<http://ids.clld.org/values/12-370-174-1>		"annai"@mch	
"sand"@da	<http://ids.clld.org/values/1-215-186-1>		<http://ids.clld.org/parameters/1-215>		<http://ids.clld.org/values/1-215-174-1>		"sāʔdaʔda"@mch	
"ånd"@da	<http://ids.clld.org/values/16-110-186-3>		<http://ids.clld.org/parameters/16-110>		<http://ids.clld.org/values/16-110-174-1>		"dōʔta"@mch	
"vej"@da	<http://ids.clld.org/values/10-710-186-1>		<http://ids.clld.org/parameters/10-710>		<http://ids.clld.org/values/10-710-174-1>		"ə̄ma"@mch	
"uven"@da	<http://ids.clld.org/values/19-520-186-3>		<http://ids.clld.org/parameters/19-520>		<http://ids.clld.org/values/19-520-174-1>		"tuʔde"@mch	
"nul"@da	<http://ids.clld.org/values/13-0-186-1>		<http://ids.clld.org/parameters/13-0>		<http://ids.clld.org/values/13-0-174-1>		"āʔke"@mch	
"male"@da	<http://ids.clld.org/values/9-890-186-1>		<http://ids.clld.org/parameters/9-890>		<http://ids.clld.org/values/9-890-174-1>		"wemānʔa"@mch	
"fiskenet"@da	<http://ids.clld.org/values/20-540-186-1>		<http://ids.clld.org/parameters/20-540>		<http://ids.clld.org/values/20-540-174-1>		"anətə"@mch	
"gribe"@da	<http://ids.clld.org/values/11-140-186-1>		<http://ids.clld.org/parameters/11-140>		<http://ids.clld.org/values/11-140-174-1>		"-ahəi-"@mch	
"drukken"@da	<http://ids.clld.org/values/4-980-186-1>		<http://ids.clld.org/parameters/4-980>		<http://ids.clld.org/values/4-980-174-1>		"-oʔdoʔhə"@mch	
"skov"@da	<http://ids.clld.org/values/1-410-186-1>		<http://ids.clld.org/parameters/1-410>		<http://ids.clld.org/values/1-410-174-1>		"čūta"@mch	
"edderkop"@da	<http://ids.clld.org/values/3-818-186-1>		<http://ids.clld.org/parameters/3-818>		<http://ids.clld.org/values/3-818-174-1>		"modoy"@mch	
"køn"@da	<http://ids.clld.org/values/16-810-186-3>		<http://ids.clld.org/parameters/16-810>		<http://ids.clld.org/values/16-810-174-1>		"inɲatahe"@mch	
"hundrede"@da	<http://ids.clld.org/values/13-105-186-1>		<http://ids.clld.org/parameters/13-105>		<http://ids.clld.org/values/13-105-174-1>		"hyātodea ssoto"@mch	
"hed"@da	<http://ids.clld.org/values/15-850-186-1>		<http://ids.clld.org/parameters/15-850>		<http://ids.clld.org/values/15-850-174-1>		"taʔne"@mch	
"springe"@da	<http://ids.clld.org/values/10-430-186-3>		<http://ids.clld.org/parameters/10-430>		<http://ids.clld.org/values/10-430-174-1>		"w-ahanɨn-nə"@mch	
"snæver"@da	<http://ids.clld.org/values/12-620-186-1>		<http://ids.clld.org/parameters/12-620>		<http://ids.clld.org/values/12-620-174-3>		"anwakɨme"@mch	
"snæver"@da	<http://ids.clld.org/values/12-620-186-1>		<http://ids.clld.org/parameters/12-620>		<http://ids.clld.org/values/12-620-174-1>		"danwadɨ"@mch	
"hoste"@da	<http://ids.clld.org/values/4-530-186-1>		<http://ids.clld.org/parameters/4-530>		<http://ids.clld.org/values/4-530-174-1>		"təinšiʔho"@mch	
"glat"@da	<http://ids.clld.org/values/15-770-186-1>		<http://ids.clld.org/parameters/15-770>		<http://ids.clld.org/values/15-770-174-1>		"tɨwansuʔde"@mch	
"foldet"@da	<http://ids.clld.org/values/15-890-186-1>		<http://ids.clld.org/parameters/15-890>		<http://ids.clld.org/values/15-890-174-1>		"deyude"@mch	
"forfølge"@da	<http://ids.clld.org/values/10-530-186-1>		<http://ids.clld.org/parameters/10-530>		<http://ids.clld.org/values/10-530-174-1>		"-aheʔka-dɨ"@mch	
"du"@da	<http://ids.clld.org/values/2-920-186-1>		<http://ids.clld.org/parameters/2-920>		<http://ids.clld.org/values/2-920-174-1>		"əmədə"@mch	
"hveps"@da	<http://ids.clld.org/values/3-823-186-1>		<http://ids.clld.org/parameters/3-823>		<http://ids.clld.org/values/3-823-174-1>		"sūnwa"@mch	
"sort"@da	<http://ids.clld.org/values/15-650-186-1>		<http://ids.clld.org/parameters/15-650>		<http://ids.clld.org/values/15-650-174-1>		"hudumato"@mch	
"binde"@da	<http://ids.clld.org/values/9-160-186-1>		<http://ids.clld.org/parameters/9-160>		<http://ids.clld.org/values/9-160-174-1>		"imɨdɨ"@mch	
"vinge"@da	<http://ids.clld.org/values/4-392-186-1>		<http://ids.clld.org/parameters/4-392>		<http://ids.clld.org/values/4-392-174-1>		"ahəʔsai"@mch	
"bide"@da	<http://ids.clld.org/values/4-580-186-1>		<http://ids.clld.org/parameters/4-580>		<http://ids.clld.org/values/4-580-174-1>		"ēkādɨ"@mch	
"arm"@da	<http://ids.clld.org/values/4-310-186-1>		<http://ids.clld.org/parameters/4-310>		<http://ids.clld.org/values/4-310-174-1>		"aʔhə"@mch	
"mål"@da	<http://ids.clld.org/values/18-240-186-3>		<http://ids.clld.org/parameters/18-240>		<http://ids.clld.org/values/18-240-174-1>		"āʔdewʔkwe"@mch	
"tråd"@da	<http://ids.clld.org/values/6-380-186-1>		<http://ids.clld.org/parameters/6-380>		<http://ids.clld.org/values/6-380-174-1>		"hakūdimɨʔtɨ"@mch	
"lære"@da	<http://ids.clld.org/values/17-250-186-1>		<http://ids.clld.org/parameters/17-250>		<http://ids.clld.org/values/17-250-174-1>		"-owānoma-"@mch	
"I"@da	<http://ids.clld.org/values/2-950-186-1>		<http://ids.clld.org/parameters/2-950>		<http://ids.clld.org/values/2-950-174-1>		"ənwanno"@mch	
"kurv"@da	<http://ids.clld.org/values/9-760-186-1>		<http://ids.clld.org/parameters/9-760>		<http://ids.clld.org/values/9-760-174-1>		"wɨ̄wa"@mch	
"gå"@da	<http://ids.clld.org/values/10-450-186-1>		<http://ids.clld.org/parameters/10-450>		<http://ids.clld.org/values/10-450-174-1>		"w-ōhoyma-nə"@mch	
"synge"@da	<http://ids.clld.org/values/18-120-186-1>		<http://ids.clld.org/parameters/18-120>		<http://ids.clld.org/values/18-120-174-1>		"we[kantā]ʔɲənə"@mch	
"mor"@da	<http://ids.clld.org/values/2-360-186-3>		<http://ids.clld.org/parameters/2-360>		<http://ids.clld.org/values/2-360-174-1>		"denɨ"@mch	
"død"@da	<http://ids.clld.org/values/4-750-186-3>		<http://ids.clld.org/parameters/4-750>		<http://ids.clld.org/values/4-750-174-1>		"-əma-"@mch	
"kæmpe"@da	<http://ids.clld.org/values/20-110-186-3>		<http://ids.clld.org/parameters/20-110>		<http://ids.clld.org/values/20-110-174-1>		"wətə̄nehānə"@mch	
"fælde"@da	<http://ids.clld.org/values/20-640-186-1>		<http://ids.clld.org/parameters/20-640>		<http://ids.clld.org/values/20-640-174-1>		"hāno"@mch	
"midte"@da	<http://ids.clld.org/values/12-370-186-5>		<http://ids.clld.org/parameters/12-370>		<http://ids.clld.org/values/12-370-174-1>		"annai"@mch	
"nede"@da	<http://ids.clld.org/values/12-30-186-1>		<http://ids.clld.org/parameters/12-30>		<http://ids.clld.org/values/12-30-174-1>		"doʔnə"@mch	
"atter"@da	<http://ids.clld.org/values/14-350-186-3>		<http://ids.clld.org/parameters/14-350>		<http://ids.clld.org/values/14-350-174-1>		"dea"@mch	
"røg"@da	<http://ids.clld.org/values/1-830-186-1>		<http://ids.clld.org/parameters/1-830>		<http://ids.clld.org/values/1-830-174-1>		"widīnčə"@mch	
"fjeld"@da	<http://ids.clld.org/values/1-220-186-3>		<http://ids.clld.org/parameters/1-220>		<http://ids.clld.org/values/1-220-174-1>		"hɨ̄"@mch	
"gammel"@da	<http://ids.clld.org/values/14-150-186-1>		<http://ids.clld.org/parameters/14-150>		<http://ids.clld.org/values/14-150-174-1>		"henaʔdohə"@mch	
"varm"@da	<http://ids.clld.org/values/15-850-186-3>		<http://ids.clld.org/parameters/15-850>		<http://ids.clld.org/values/15-850-174-1>		"taʔne"@mch	
"vifte"@da	<http://ids.clld.org/values/9-790-186-1>		<http://ids.clld.org/parameters/9-790>		<http://ids.clld.org/values/9-790-174-1>		"wadi-wadi"@mch	
"hævelse"@da	<http://ids.clld.org/values/4-853-186-1>		<http://ids.clld.org/parameters/4-853>		<http://ids.clld.org/values/4-853-174-1>		"awonɲəʔkādɨ"@mch	
"salt"@da	<http://ids.clld.org/values/5-810-186-1>		<http://ids.clld.org/parameters/5-810>		<http://ids.clld.org/values/5-810-174-1>		"[sayu]"@mch	
"skifte"@da	<http://ids.clld.org/values/12-930-186-3>		<http://ids.clld.org/parameters/12-930>		<http://ids.clld.org/values/12-930-174-1>		"w-ekamhiaka-nə"@mch	
"grøn"@da	<http://ids.clld.org/values/5-124-186-1>		<http://ids.clld.org/parameters/5-124>		<http://ids.clld.org/values/5-124-174-1>		"šēne"@mch	
"år"@da	<http://ids.clld.org/values/14-730-186-1>		<http://ids.clld.org/parameters/14-730>		<http://ids.clld.org/values/14-730-174-1>		"wedɨ"@mch	
"plante"@da	<http://ids.clld.org/values/8-531-186-1>		<http://ids.clld.org/parameters/8-531>		<http://ids.clld.org/values/8-531-174-1>		"aiʔčɨdɨ"@mch	
"skyde"@da	<http://ids.clld.org/values/20-620-186-1>		<http://ids.clld.org/parameters/20-620>		<http://ids.clld.org/values/20-620-174-1>		"t-ɨwə̄-dɨ"@mch	
"søn"@da	<http://ids.clld.org/values/2-410-186-1>		<http://ids.clld.org/parameters/2-410>		<http://ids.clld.org/values/2-410-174-1>		"nnedɨ"@mch	
"slag"@da	<http://ids.clld.org/values/20-130-186-3>		<http://ids.clld.org/parameters/20-130>		<http://ids.clld.org/values/20-130-174-1>		"wənə"@mch	
"lang"@da	<http://ids.clld.org/values/12-570-186-1>		<http://ids.clld.org/parameters/12-570>		<http://ids.clld.org/values/12-570-174-1>		"nuwe"@mch	
"skøn"@da	<http://ids.clld.org/values/16-810-186-1>		<http://ids.clld.org/parameters/16-810>		<http://ids.clld.org/values/16-810-174-1>		"inɲatahe"@mch	
"bord"@da	<http://ids.clld.org/values/7-570-186-1>		<http://ids.clld.org/parameters/7-570>		<http://ids.clld.org/values/7-570-174-1>		"[tadwa]"@mch	
"dele"@da	<http://ids.clld.org/values/12-232-186-1>		<http://ids.clld.org/parameters/12-232>		<http://ids.clld.org/values/12-232-174-1>		"yātohətɨdɨ"@mch	
"mund"@da	<http://ids.clld.org/values/4-240-186-1>		<http://ids.clld.org/parameters/4-240>		<http://ids.clld.org/values/4-240-174-1>		"ənta"@mch	
"lave mad"@da	<http://ids.clld.org/values/5-210-186-3>		<http://ids.clld.org/parameters/5-210>		<http://ids.clld.org/values/5-210-174-1>		"-aʔnə"@mch	
"ung kvinde"@da	<http://ids.clld.org/values/2-261-186-1>		<http://ids.clld.org/parameters/2-261>		<http://ids.clld.org/values/2-261-174-1>		"mudēši"@mch	
"flette"@da	<http://ids.clld.org/values/9-750-186-1>		<http://ids.clld.org/parameters/9-750>		<http://ids.clld.org/values/9-750-174-1>		"aʔtoʔtotoʔho"@mch	
"dattersøn"@da	<http://ids.clld.org/values/2-480-186-3>		<http://ids.clld.org/parameters/2-480>		<http://ids.clld.org/values/2-480-174-1>		"hādɨ"@mch	
"snavset"@da	<http://ids.clld.org/values/15-880-186-3>		<http://ids.clld.org/parameters/15-880>		<http://ids.clld.org/values/15-880-174-1>		"nossahe"@mch	
"klatre"@da	<http://ids.clld.org/values/10-472-186-1>		<http://ids.clld.org/parameters/10-472>		<http://ids.clld.org/values/10-472-174-1>		"-annuʔku-"@mch	
"efter"@da	<http://ids.clld.org/values/12-10-186-1>		<http://ids.clld.org/parameters/12-10>		<http://ids.clld.org/values/12-10-174-1>		"yə̄ʔhəhe"@mch	
"æg"@da	<http://ids.clld.org/values/5-970-186-1>		<http://ids.clld.org/parameters/5-970>		<http://ids.clld.org/values/5-970-174-1>		"iʔmoi"@mch	
"fjer"@da	<http://ids.clld.org/values/4-393-186-3>		<http://ids.clld.org/parameters/4-393>		<http://ids.clld.org/values/4-393-174-1>		"iʔhōʔtɨ"@mch	
"halsbånd"@da	<http://ids.clld.org/values/6-750-186-1>		<http://ids.clld.org/parameters/6-750>		<http://ids.clld.org/values/6-750-174-1>		"wōʔmo"@mch	
"bakke"@da	<http://ids.clld.org/values/1-220-186-5>		<http://ids.clld.org/parameters/1-220>		<http://ids.clld.org/values/1-220-174-1>		"hɨ̄"@mch	
"lille"@da	<http://ids.clld.org/values/12-560-186-1>		<http://ids.clld.org/parameters/12-560>		<http://ids.clld.org/values/12-560-174-1>		"šeʔkə"@mch	
"se"@da	<http://ids.clld.org/values/15-510-186-1>		<http://ids.clld.org/parameters/15-510>		<http://ids.clld.org/values/15-510-174-1>		"ene-dɨ"@mch	
"pige"@da	<http://ids.clld.org/values/2-260-186-1>		<http://ids.clld.org/parameters/2-260>		<http://ids.clld.org/values/2-260-174-1>		"wodi-ʔčə"@mch	
"grøde"@da	<http://ids.clld.org/values/8-410-186-3>		<http://ids.clld.org/parameters/8-410>		<http://ids.clld.org/values/8-410-174-1>		"inɲatɨʔtə̄dɨ"@mch	
"brække sig"@da	<http://ids.clld.org/values/4-570-186-1>		<http://ids.clld.org/parameters/4-570>		<http://ids.clld.org/values/4-570-174-1>		"wenaʔtahəʔeʔnə"@mch	
"kniv"@da	<http://ids.clld.org/values/9-230-186-1>		<http://ids.clld.org/parameters/9-230>		<http://ids.clld.org/values/9-230-174-1>		"kɨmɨʔkə"@mch	
"aske"@da	<http://ids.clld.org/values/1-840-186-1>		<http://ids.clld.org/parameters/1-840>		<http://ids.clld.org/values/1-840-174-1>		"wedēnnə"@mch	
"drømme"@da	<http://ids.clld.org/values/4-620-186-1>		<http://ids.clld.org/parameters/4-620>		<http://ids.clld.org/values/4-620-174-1>		"wənētɨnə"@mch	
"mandlig"@da	<http://ids.clld.org/values/2-230-186-1>		<http://ids.clld.org/parameters/2-230>		<http://ids.clld.org/values/2-230-174-1>		"danwa"@mch	
"tillade"@da	<http://ids.clld.org/values/19-470-186-1>		<http://ids.clld.org/parameters/19-470>		<http://ids.clld.org/values/19-470-174-1>		"tɨdɨho-dɨ"@mch	
"dag"@da	<http://ids.clld.org/values/14-410-186-1>		<http://ids.clld.org/parameters/14-410>		<http://ids.clld.org/values/14-410-174-1>		"anə̄to"@mch	
"få"@da	<http://ids.clld.org/values/13-170-186-3>		<http://ids.clld.org/parameters/13-170>		<http://ids.clld.org/values/13-170-174-1>		"ākəʔkə"@mch	
"top"@da	<http://ids.clld.org/values/12-330-186-1>		<http://ids.clld.org/parameters/12-330>		<http://ids.clld.org/values/12-330-174-1>		"akoiʔčaʔhɨdɨ"@mch	
"tændstik"@da	<http://ids.clld.org/values/1-870-186-1>		<http://ids.clld.org/parameters/1-870>		<http://ids.clld.org/values/1-870-174-1>		"tɨsočāmɨ"@mch	
"liv"@da	<http://ids.clld.org/values/4-740-186-7>		<http://ids.clld.org/parameters/4-740>		<http://ids.clld.org/values/4-740-174-1>		"wenɲə"@mch	
"feje"@da	<http://ids.clld.org/values/9-370-186-1>		<http://ids.clld.org/parameters/9-370>		<http://ids.clld.org/values/9-370-174-1>		"šēmeka-dɨ"@mch	
"lam"@da	<http://ids.clld.org/values/4-940-186-3>		<http://ids.clld.org/parameters/4-940>		<http://ids.clld.org/values/4-940-174-1>		"sekumhe"@mch	
"økse"@da	<http://ids.clld.org/values/9-250-186-1>		<http://ids.clld.org/parameters/9-250>		<http://ids.clld.org/values/9-250-174-1>		"wɨ̄wɨ"@mch	
"rum"@da	<http://ids.clld.org/values/7-210-186-3>		<http://ids.clld.org/parameters/7-210>		<http://ids.clld.org/values/7-210-174-1>		"əʔsa"@mch	
"bag"@da	<http://ids.clld.org/values/12-11-186-1>		<http://ids.clld.org/parameters/12-11>		<http://ids.clld.org/values/12-11-174-1>		"mənse"@mch	
"græshoppe"@da	<http://ids.clld.org/values/3-930-186-1>		<http://ids.clld.org/parameters/3-930>		<http://ids.clld.org/values/3-930-174-1>		"kɨdatay"@mch	
"bror"@da	<http://ids.clld.org/values/2-440-186-3>		<http://ids.clld.org/parameters/2-440>		<http://ids.clld.org/values/2-440-174-1>		"-nuwā-dɨ"@mch	
"due"@da	<http://ids.clld.org/values/3-594-186-1>		<http://ids.clld.org/parameters/3-594>		<http://ids.clld.org/values/3-594-174-1>		"hadūma"@mch	
"bi"@da	<http://ids.clld.org/values/3-820-186-1>		<http://ids.clld.org/parameters/3-820>		<http://ids.clld.org/values/3-820-174-1>		"wannə"@mch	
"hav"@da	<http://ids.clld.org/values/1-320-186-1>		<http://ids.clld.org/parameters/1-320>		<http://ids.clld.org/values/1-320-174-1>		"dama"@mch	
"seks"@da	<http://ids.clld.org/values/13-60-186-1>		<http://ids.clld.org/parameters/13-60>		<http://ids.clld.org/values/13-60-174-1>		"tōni amohaʔto"@mch	
"høg"@da	<http://ids.clld.org/values/3-585-186-1>		<http://ids.clld.org/parameters/3-585>		<http://ids.clld.org/values/3-585-174-1>		"hiyāna"@mch	
"vand"@da	<http://ids.clld.org/values/1-310-186-1>		<http://ids.clld.org/parameters/1-310>		<http://ids.clld.org/values/1-310-174-1>		"tuna"@mch	
"fem"@da	<http://ids.clld.org/values/13-50-186-1>		<http://ids.clld.org/parameters/13-50>		<http://ids.clld.org/values/13-50-174-1>		"hyātodea"@mch	
"lugte"@da	<http://ids.clld.org/values/15-210-186-1>		<http://ids.clld.org/parameters/15-210>		<http://ids.clld.org/values/15-210-174-1>		"hyoʔhōdɨ"@mch	
"løve"@da	<http://ids.clld.org/values/3-720-186-1>		<http://ids.clld.org/parameters/3-720>		<http://ids.clld.org/values/3-720-174-1>		"kawadīmə"@mch	
"hjerte"@da	<http://ids.clld.org/values/4-440-186-1>		<http://ids.clld.org/parameters/4-440>		<http://ids.clld.org/values/4-440-174-1>		"yēwanɨ"@mch	
"træt"@da	<http://ids.clld.org/values/4-910-186-1>		<http://ids.clld.org/parameters/4-910>		<http://ids.clld.org/values/4-910-174-1>		"tɨkinča"@mch	
"abe"@da	<http://ids.clld.org/values/3-760-186-1>		<http://ids.clld.org/parameters/3-760>		<http://ids.clld.org/values/3-760-174-1>		"yadākadu"@mch	
"hjort"@da	<http://ids.clld.org/values/3-750-186-1>		<http://ids.clld.org/parameters/3-750>		<http://ids.clld.org/values/3-750-174-1>		"kawādi"@mch	
"små"@da	<http://ids.clld.org/values/12-560-186-3>		<http://ids.clld.org/parameters/12-560>		<http://ids.clld.org/values/12-560-174-1>		"šeʔkə"@mch	
"havn"@da	<http://ids.clld.org/values/10-910-186-1>		<http://ids.clld.org/parameters/10-910>		<http://ids.clld.org/values/10-910-174-1>		"wəʔtə"@mch	
"nu"@da	<http://ids.clld.org/values/14-180-186-1>		<http://ids.clld.org/parameters/14-180>		<http://ids.clld.org/values/14-180-174-1>		"edūwa"@mch	
"drikke"@da	<http://ids.clld.org/values/5-130-186-1>		<http://ids.clld.org/parameters/5-130>		<http://ids.clld.org/values/5-130-174-1>		"enku"@mch	
"hud"@da	<http://ids.clld.org/values/4-120-186-1>		<http://ids.clld.org/parameters/4-120>		<http://ids.clld.org/values/4-120-174-1>		"hiʔhə"@mch	
"tante"@da	<http://ids.clld.org/values/2-520-186-1>		<http://ids.clld.org/parameters/2-520>		<http://ids.clld.org/values/2-520-174-1>		"waynɲeʔney"@mch	
"tro"@da	<http://ids.clld.org/values/17-150-186-1>		<http://ids.clld.org/parameters/17-150>		<http://ids.clld.org/values/17-150-174-1>		"-ekanɨhɨ-dɨ"@mch	
"lys"@da	<http://ids.clld.org/values/15-570-186-1>		<http://ids.clld.org/parameters/15-570>		<http://ids.clld.org/values/15-570-174-1>		"taʔwane"@mch	
"smuk"@da	<http://ids.clld.org/values/16-810-186-5>		<http://ids.clld.org/parameters/16-810>		<http://ids.clld.org/values/16-810-174-1>		"inɲatahe"@mch	
"gris"@da	<http://ids.clld.org/values/3-350-186-1>		<http://ids.clld.org/parameters/3-350>		<http://ids.clld.org/values/3-350-174-1>		"[kūši]"@mch	
"oppe"@da	<http://ids.clld.org/values/12-80-186-1>		<http://ids.clld.org/parameters/12-80>		<http://ids.clld.org/values/12-80-174-1>		"kawə̄"@mch	
"flygte"@da	<http://ids.clld.org/values/10-510-186-1>		<http://ids.clld.org/parameters/10-510>		<http://ids.clld.org/values/10-510-174-1>		"w-ə̄nehē-nə"@mch	
"tre"@da	<http://ids.clld.org/values/13-30-186-1>		<http://ids.clld.org/parameters/13-30>		<http://ids.clld.org/values/13-30-174-1>		"aduwawə"@mch	
"presse"@da	<http://ids.clld.org/values/9-343-186-1>		<http://ids.clld.org/parameters/9-343>		<http://ids.clld.org/values/9-343-174-1>		"eʔkukā-dɨ"@mch	
"antænde"@da	<http://ids.clld.org/values/1-860-186-1>		<http://ids.clld.org/parameters/1-860>		<http://ids.clld.org/values/1-860-174-1>		"-kemetə-"@mch	
"lede efter"@da	<http://ids.clld.org/values/11-310-186-3>		<http://ids.clld.org/parameters/11-310>		<http://ids.clld.org/values/11-310-174-1>		"uhīyɨ"@mch	
"rød pebber"@da	<http://ids.clld.org/values/5-821-186-1>		<http://ids.clld.org/parameters/5-821>		<http://ids.clld.org/values/5-821-174-1>		"homi"@mch	
"høvding"@da	<http://ids.clld.org/values/19-240-186-1>		<http://ids.clld.org/parameters/19-240>		<http://ids.clld.org/values/19-240-174-1>		"ədāhə"@mch	
"bryst"@da	<http://ids.clld.org/values/4-400-186-1>		<http://ids.clld.org/parameters/4-400>		<http://ids.clld.org/values/4-400-174-1>		"dōʔta"@mch	
"købe"@da	<http://ids.clld.org/values/11-810-186-1>		<http://ids.clld.org/parameters/11-810>		<http://ids.clld.org/values/11-810-174-1>		"ehēma-dɨ"@mch	
"ting"@da	<http://ids.clld.org/values/11-180-186-1>		<http://ids.clld.org/parameters/11-180>		<http://ids.clld.org/values/11-180-174-1>		"k-ɨnnɨdɨʔ-komo"@mch	
"igen"@da	<http://ids.clld.org/values/14-350-186-1>		<http://ids.clld.org/parameters/14-350>		<http://ids.clld.org/values/14-350-174-1>		"dea"@mch	
"snegl"@da	<http://ids.clld.org/values/3-940-186-1>		<http://ids.clld.org/parameters/3-940>		<http://ids.clld.org/values/3-940-174-1>		"memu"@mch	
"sten"@da	<http://ids.clld.org/values/1-440-186-1>		<http://ids.clld.org/parameters/1-440>		<http://ids.clld.org/values/1-440-174-1>		"təʔhu"@mch	
"vi"@da	<http://ids.clld.org/values/2-941-186-1>		<http://ids.clld.org/parameters/2-941>		<http://ids.clld.org/values/2-941-174-1>		"kɨwɨ"@mch	
"vind"@da	<http://ids.clld.org/values/1-720-186-1>		<http://ids.clld.org/parameters/1-720>		<http://ids.clld.org/values/1-720-174-1>		"hehēnčə"@mch	
"kvinde"@da	<http://ids.clld.org/values/2-220-186-1>		<http://ids.clld.org/parameters/2-220>		<http://ids.clld.org/values/2-220-174-1>		"wodi"@mch	
"græde"@da	<http://ids.clld.org/values/16-370-186-1>		<http://ids.clld.org/parameters/16-370>		<http://ids.clld.org/values/16-370-174-1>		"w-amo-nə"@mch	
"undervise"@da	<http://ids.clld.org/values/17-250-186-3>		<http://ids.clld.org/parameters/17-250>		<http://ids.clld.org/values/17-250-174-1>		"-owānoma-"@mch	
"give"@da	<http://ids.clld.org/values/11-210-186-1>		<http://ids.clld.org/parameters/11-210>		<http://ids.clld.org/values/11-210-174-1>		"utūdu"@mch	
"skrælle"@da	<http://ids.clld.org/values/5-460-186-1>		<http://ids.clld.org/parameters/5-460>		<http://ids.clld.org/values/5-460-174-1>		"-iʔša-"@mch	
"slem"@da	<http://ids.clld.org/values/16-720-186-5>		<http://ids.clld.org/parameters/16-720>		<http://ids.clld.org/values/16-720-174-1>		"kənemhɨnɨ"@mch	
"perle"@da	<http://ids.clld.org/values/6-760-186-1>		<http://ids.clld.org/parameters/6-760>		<http://ids.clld.org/values/6-760-174-1>		"mayūdu"@mch	
"vinde"@da	<http://ids.clld.org/values/10-140-186-1>		<http://ids.clld.org/parameters/10-140>		<http://ids.clld.org/values/10-140-174-1>		"weməīya"@mch	
"ni"@da	<http://ids.clld.org/values/13-90-186-1>		<http://ids.clld.org/parameters/13-90>		<http://ids.clld.org/values/13-90-174-1>		"āʔkəi čea amohaʔto"@mch	
"gul"@da	<http://ids.clld.org/values/15-690-186-1>		<http://ids.clld.org/parameters/15-690>		<http://ids.clld.org/values/15-690-174-1>		"kɨnota"@mch	
"sky"@da	<http://ids.clld.org/values/1-730-186-1>		<http://ids.clld.org/parameters/1-730>		<http://ids.clld.org/values/1-730-174-1>		"kāʔdutu"@mch	
"fjernt"@da	<http://ids.clld.org/values/12-440-186-3>		<http://ids.clld.org/parameters/12-440>		<http://ids.clld.org/values/12-440-174-1>		"amoinče"@mch	
"ad-skille"@da	<http://ids.clld.org/values/12-230-186-3>		<http://ids.clld.org/parameters/12-230>		<http://ids.clld.org/values/12-230-174-1>		"šādamadɨ̄he"@mch	
"løbe"@da	<http://ids.clld.org/values/10-460-186-1>		<http://ids.clld.org/parameters/10-460>		<http://ids.clld.org/values/10-460-174-1>		"w-ekaʔtɨn-nə"@mch	
"have"@da	<http://ids.clld.org/values/8-130-186-1>		<http://ids.clld.org/parameters/8-130>		<http://ids.clld.org/values/8-130-174-1>		"awdwāhə"@mch	
"ønske"@da	<http://ids.clld.org/values/16-620-186-1>		<http://ids.clld.org/parameters/16-620>		<http://ids.clld.org/values/16-620-174-1>		"hyumma-dɨ"@mch	
"røst"@da	<http://ids.clld.org/values/18-110-186-3>		<http://ids.clld.org/parameters/18-110>		<http://ids.clld.org/values/18-110-174-1>		"kəʔtɨnnə"@mch	
"redde"@da	<http://ids.clld.org/values/11-250-186-1>		<http://ids.clld.org/parameters/11-250>		<http://ids.clld.org/values/11-250-174-1>		"ewanakādɨ"@mch	
"levende"@da	<http://ids.clld.org/values/4-740-186-3>		<http://ids.clld.org/parameters/4-740>		<http://ids.clld.org/values/4-740-174-1>		"wenɲə"@mch	
"pande"@da	<http://ids.clld.org/values/4-205-186-1>		<http://ids.clld.org/parameters/4-205>		<http://ids.clld.org/values/4-205-174-1>		"heʔkay"@mch	
"lanse"@da	<http://ids.clld.org/values/20-260-186-3>		<http://ids.clld.org/parameters/20-260>		<http://ids.clld.org/values/20-260-174-1>		"sukuhi"@mch	
"langt"@da	<http://ids.clld.org/values/12-440-186-1>		<http://ids.clld.org/parameters/12-440>		<http://ids.clld.org/values/12-440-174-1>		"amoinče"@mch	
"brænde"@da	<http://ids.clld.org/values/1-852-186-1>		<http://ids.clld.org/parameters/1-852>		<http://ids.clld.org/values/1-852-174-1>		"daʔtwa-dɨ"@mch	
"næse"@da	<http://ids.clld.org/values/4-230-186-1>		<http://ids.clld.org/parameters/4-230>		<http://ids.clld.org/values/4-230-174-1>		"ənna"@mch	
"klo"@da	<http://ids.clld.org/values/4-345-186-1>		<http://ids.clld.org/parameters/4-345>		<http://ids.clld.org/values/4-345-174-1>		"əmmi"@mch	
"fod"@da	<http://ids.clld.org/values/4-370-186-1>		<http://ids.clld.org/parameters/4-370>		<http://ids.clld.org/values/4-370-174-1>		"hūdu"@mch	
"tvætte"@da	<http://ids.clld.org/values/9-360-186-3>		<http://ids.clld.org/parameters/9-360>		<http://ids.clld.org/values/9-360-174-1>		"-ičoʔka-dɨ"@mch	
"aften"@da	<http://ids.clld.org/values/14-460-186-1>		<http://ids.clld.org/parameters/14-460>		<http://ids.clld.org/values/14-460-174-1>		"čomomɨdawə"@mch	
"rådden"@da	<http://ids.clld.org/values/5-125-186-1>		<http://ids.clld.org/parameters/5-125>		<http://ids.clld.org/values/5-125-174-1>		"čə̄tāhə"@mch	
"kalde"@da	<http://ids.clld.org/values/18-420-186-1>		<http://ids.clld.org/parameters/18-420>		<http://ids.clld.org/values/18-420-174-1>		"tə̄tɨ"@mch	
"brænde"@da	<http://ids.clld.org/values/1-851-186-1>		<http://ids.clld.org/parameters/1-851>		<http://ids.clld.org/values/1-851-174-1>		"ukā-dɨ"@mch	
"sød"@da	<http://ids.clld.org/values/15-350-186-1>		<http://ids.clld.org/parameters/15-350>		<http://ids.clld.org/values/15-350-174-1>		"kādo"@mch	
"bringe"@da	<http://ids.clld.org/values/10-620-186-1>		<http://ids.clld.org/parameters/10-620>		<http://ids.clld.org/values/10-620-174-1>		"-enehɨ"@mch	
"ond"@da	<http://ids.clld.org/values/16-720-186-3>		<http://ids.clld.org/parameters/16-720>		<http://ids.clld.org/values/16-720-174-1>		"kənemhɨnɨ"@mch	
"koge"@da	<http://ids.clld.org/values/5-210-186-1>		<http://ids.clld.org/parameters/5-210>		<http://ids.clld.org/values/5-210-174-1>		"-aʔnə"@mch	
"spejl"@da	<http://ids.clld.org/values/6-960-186-1>		<http://ids.clld.org/parameters/6-960>		<http://ids.clld.org/values/6-960-174-1>		"hekūde"@mch	
"tænke"@da	<http://ids.clld.org/values/17-130-186-1>		<http://ids.clld.org/parameters/17-130>		<http://ids.clld.org/values/17-130-174-1>		"tɨtahə-nə"@mch	
"pagaj"@da	<http://ids.clld.org/values/10-851-186-1>		<http://ids.clld.org/parameters/10-851>		<http://ids.clld.org/values/10-851-174-1>		"hēna"@mch	
"knogle"@da	<http://ids.clld.org/values/4-160-186-3>		<http://ids.clld.org/parameters/4-160>		<http://ids.clld.org/values/4-160-174-1>		"yēʔhə"@mch	
"tale"@da	<http://ids.clld.org/values/18-210-186-1>		<http://ids.clld.org/parameters/18-210>		<http://ids.clld.org/values/18-210-174-1>		"w-aʔdew-nə"@mch	
"vaske"@da	<http://ids.clld.org/values/9-360-186-1>		<http://ids.clld.org/parameters/9-360>		<http://ids.clld.org/values/9-360-174-1>		"-ičoʔka-dɨ"@mch	
"begynde"@da	<http://ids.clld.org/values/14-250-186-1>		<http://ids.clld.org/parameters/14-250>		<http://ids.clld.org/values/14-250-174-1>		"ahəntədɨ"@mch	
"finde"@da	<http://ids.clld.org/values/11-320-186-1>		<http://ids.clld.org/parameters/11-320>		<http://ids.clld.org/values/11-320-174-1>		"edantə-dɨ"@mch	
"ø"@da	<http://ids.clld.org/values/1-250-186-1>		<http://ids.clld.org/parameters/1-250>		<http://ids.clld.org/values/1-250-174-1>		"dantadɨ"@mch	
"først"@da	<http://ids.clld.org/values/13-340-186-1>		<http://ids.clld.org/parameters/13-340>		<http://ids.clld.org/values/13-340-174-1>		"awaʔde"@mch	
"læbe"@da	<http://ids.clld.org/values/4-250-186-1>		<http://ids.clld.org/parameters/4-250>		<http://ids.clld.org/values/4-250-174-1>		"ə̄ʔhi"@mch	
"spørge"@da	<http://ids.clld.org/values/18-310-186-1>		<http://ids.clld.org/parameters/18-310>		<http://ids.clld.org/values/18-310-174-1>		"-ekammaho-"@mch	
"to"@da	<http://ids.clld.org/values/13-20-186-1>		<http://ids.clld.org/parameters/13-20>		<http://ids.clld.org/values/13-20-174-1>		"āʔkə"@mch	
"maling"@da	<http://ids.clld.org/values/9-880-186-1>		<http://ids.clld.org/parameters/9-880>		<http://ids.clld.org/values/9-880-174-1>		"wānai"@mch	
"kylling"@da	<http://ids.clld.org/values/3-550-186-1>		<http://ids.clld.org/parameters/3-550>		<http://ids.clld.org/values/3-550-174-1>		"wamēdi"@mch	
"øje"@da	<http://ids.clld.org/values/4-210-186-1>		<http://ids.clld.org/parameters/4-210>		<http://ids.clld.org/values/4-210-174-1>		"ənu"@mch	
"indsø"@da	<http://ids.clld.org/values/1-330-186-3>		<http://ids.clld.org/parameters/1-330>		<http://ids.clld.org/values/1-330-174-1>		"čūʔhə"@mch	
"gå"@da	<http://ids.clld.org/values/10-470-186-1>		<http://ids.clld.org/parameters/10-470>		<http://ids.clld.org/values/10-470-174-1>		"wɨʔtə̄-nə"@mch	
"skæg"@da	<http://ids.clld.org/values/4-142-186-1>		<http://ids.clld.org/parameters/4-142>		<http://ids.clld.org/values/4-142-174-1>		"ettəmuho"@mch	
"ankomme"@da	<http://ids.clld.org/values/10-550-186-1>		<http://ids.clld.org/parameters/10-550>		<http://ids.clld.org/values/10-550-174-1>		"w-əʔdɨ-nə"@mch	
"tabe"@da	<http://ids.clld.org/values/11-330-186-1>		<http://ids.clld.org/parameters/11-330>		<http://ids.clld.org/values/11-330-174-1>		"w-ənnanɨʔ-nə"@mch	
"bryst"@da	<http://ids.clld.org/values/4-410-186-1>		<http://ids.clld.org/parameters/4-410>		<http://ids.clld.org/values/4-410-174-1>		"ʔdohɨ-dɨ"@mch	
"midterst"@da	<http://ids.clld.org/values/12-370-186-1>		<http://ids.clld.org/parameters/12-370>		<http://ids.clld.org/values/12-370-174-1>		"annai"@mch	
"vikle"@da	<http://ids.clld.org/values/10-140-186-5>		<http://ids.clld.org/parameters/10-140>		<http://ids.clld.org/values/10-140-174-1>		"weməīya"@mch	
"fly"@da	<http://ids.clld.org/values/10-510-186-3>		<http://ids.clld.org/parameters/10-510>		<http://ids.clld.org/values/10-510-174-1>		"w-ə̄nehē-nə"@mch	
"arbejde"@da	<http://ids.clld.org/values/9-120-186-1>		<http://ids.clld.org/parameters/9-120>		<http://ids.clld.org/values/9-120-174-1>		"tadawāhu"@mch	
"rask"@da	<http://ids.clld.org/values/4-830-186-1>		<http://ids.clld.org/parameters/4-830>		<http://ids.clld.org/values/4-830-174-1>		"tadəinɲe"@mch	
"fedt"@da	<http://ids.clld.org/values/5-791-186-1>		<http://ids.clld.org/parameters/5-791>		<http://ids.clld.org/values/5-791-174-1>		"kātɨ"@mch	
"begyndelse"@da	<http://ids.clld.org/values/14-250-186-3>		<http://ids.clld.org/parameters/14-250>		<http://ids.clld.org/values/14-250-174-1>		"ahəntədɨ"@mch	
"betale"@da	<http://ids.clld.org/values/11-650-186-1>		<http://ids.clld.org/parameters/11-650>		<http://ids.clld.org/values/11-650-174-1>		"ehēma-dɨ"@mch	
"fiskekrog"@da	<http://ids.clld.org/values/20-520-186-1>		<http://ids.clld.org/parameters/20-520>		<http://ids.clld.org/values/20-520-174-1>		"anə̄tə"@mch	
"hitte"@da	<http://ids.clld.org/values/11-320-186-3>		<http://ids.clld.org/parameters/11-320>		<http://ids.clld.org/values/11-320-174-1>		"edantə-dɨ"@mch	
"græskar"@da	<http://ids.clld.org/values/8-930-186-1>		<http://ids.clld.org/parameters/8-930>		<http://ids.clld.org/values/8-930-174-1>		"kankudu"@mch	
"kalde"@da	<http://ids.clld.org/values/18-410-186-1>		<http://ids.clld.org/parameters/18-410>		<http://ids.clld.org/values/18-410-174-1>		"aʔdewhaʔdɨ"@mch	
"blande"@da	<http://ids.clld.org/values/5-490-186-1>		<http://ids.clld.org/parameters/5-490>		<http://ids.clld.org/values/5-490-174-1>		"-oima-dɨ"@mch	
"sætte"@da	<http://ids.clld.org/values/12-120-186-1>		<http://ids.clld.org/parameters/12-120>		<http://ids.clld.org/values/12-120-174-1>		"enɨ̄ta"@mch	
"sætte"@da	<http://ids.clld.org/values/12-120-186-1>		<http://ids.clld.org/parameters/12-120>		<http://ids.clld.org/values/12-120-174-3>		"-ehuʔta-"@mch	
"tage"@da	<http://ids.clld.org/values/11-130-186-1>		<http://ids.clld.org/parameters/11-130>		<http://ids.clld.org/values/11-130-174-1>		"w-emhan-nə"@mch	
"snor"@da	<http://ids.clld.org/values/9-190-186-5>		<http://ids.clld.org/parameters/9-190>		<http://ids.clld.org/values/9-190-174-1>		"āʔto"@mch	
"moder"@da	<http://ids.clld.org/values/2-360-186-1>		<http://ids.clld.org/parameters/2-360>		<http://ids.clld.org/values/2-360-174-1>		"denɨ"@mch	
"gå ud"@da	<http://ids.clld.org/values/10-474-186-1>		<http://ids.clld.org/parameters/10-474>		<http://ids.clld.org/values/10-474-174-1>		"w-ehaʔka-nə"@mch	
"skildpadde"@da	<http://ids.clld.org/values/3-980-186-1>		<http://ids.clld.org/parameters/3-980>		<http://ids.clld.org/values/3-980-174-1>		"heʔde"@mch	
"and"@da	<http://ids.clld.org/values/3-570-186-1>		<http://ids.clld.org/parameters/3-570>		<http://ids.clld.org/values/3-570-174-1>		"[hātu]"@mch	
"hvile"@da	<http://ids.clld.org/values/4-912-186-1>		<http://ids.clld.org/parameters/4-912>		<http://ids.clld.org/values/4-912-174-1>		"wə̄dētanə"@mch	
"glad"@da	<http://ids.clld.org/values/16-230-186-1>		<http://ids.clld.org/parameters/16-230>		<http://ids.clld.org/values/16-230-174-1>		"takwanɲe"@mch	
"høne"@da	<http://ids.clld.org/values/3-540-186-1>		<http://ids.clld.org/parameters/3-540>		<http://ids.clld.org/values/3-540-174-1>		"kudaymādu"@mch	
"megen"@da	<http://ids.clld.org/values/13-150-186-1>		<http://ids.clld.org/parameters/13-150>		<http://ids.clld.org/values/13-150-174-1>		"hōhe"@mch	
"mørk"@da	<http://ids.clld.org/values/15-630-186-1>		<http://ids.clld.org/parameters/15-630>		<http://ids.clld.org/values/15-630-174-1>		"tɨhe"@mch	
"mave"@da	<http://ids.clld.org/values/4-460-186-1>		<http://ids.clld.org/parameters/4-460>		<http://ids.clld.org/values/4-460-174-1>		"dudūnoi"@mch	
"rede"@da	<http://ids.clld.org/values/3-580-186-1>		<http://ids.clld.org/parameters/3-580>		<http://ids.clld.org/values/3-580-174-1>		"danɲami"@mch	
"jævn"@da	<http://ids.clld.org/values/15-770-186-3>		<http://ids.clld.org/parameters/15-770>		<http://ids.clld.org/values/15-770-174-1>		"tɨwansuʔde"@mch	
"kaste"@da	<http://ids.clld.org/values/10-250-186-1>		<http://ids.clld.org/parameters/10-250>		<http://ids.clld.org/values/10-250-174-1>		"himā-dɨ"@mch	
"datterdatter"@da	<http://ids.clld.org/values/2-490-186-3>		<http://ids.clld.org/parameters/2-490>		<http://ids.clld.org/values/2-490-174-1>		"hādɨ"@mch	
"grøn"@da	<http://ids.clld.org/values/15-680-186-1>		<http://ids.clld.org/parameters/15-680>		<http://ids.clld.org/values/15-680-174-1>		"šēne"@mch	
"dør"@da	<http://ids.clld.org/values/7-220-186-1>		<http://ids.clld.org/parameters/7-220>		<http://ids.clld.org/values/7-220-174-1>		"mɨnātata"@mch	
"søskendebarn"@da	<http://ids.clld.org/values/2-550-186-1>		<http://ids.clld.org/parameters/2-550>		<http://ids.clld.org/values/2-550-174-1>		"waiɲe"@mch	
"søskendebarn"@da	<http://ids.clld.org/values/2-550-186-1>		<http://ids.clld.org/parameters/2-550>		<http://ids.clld.org/values/2-550-174-3>		"yāʔko"@mch	
"frø"@da	<http://ids.clld.org/values/8-311-186-1>		<http://ids.clld.org/parameters/8-311>		<http://ids.clld.org/values/8-311-174-1>		"čə̄huʔhə"@mch	
"lampe"@da	<http://ids.clld.org/values/7-450-186-1>		<http://ids.clld.org/parameters/7-450>		<http://ids.clld.org/values/7-450-174-1>		"adāwa"@mch	
"rotte"@da	<http://ids.clld.org/values/3-630-186-3>		<http://ids.clld.org/parameters/3-630>		<http://ids.clld.org/values/3-630-174-1>		"asɨ̄kɨ"@mch	
"bære"@da	<http://ids.clld.org/values/10-610-186-1>		<http://ids.clld.org/parameters/10-610>		<http://ids.clld.org/values/10-610-174-1>		"-adə̄-"@mch	
"tung"@da	<http://ids.clld.org/values/15-810-186-1>		<http://ids.clld.org/parameters/15-810>		<http://ids.clld.org/values/15-810-174-1>		"tamənɲato"@mch	
"stump"@da	<http://ids.clld.org/values/15-790-186-3>		<http://ids.clld.org/parameters/15-790>		<http://ids.clld.org/values/15-790-174-1>		"tuhuʔhūdato"@mch	
"kold"@da	<http://ids.clld.org/values/15-860-186-1>		<http://ids.clld.org/parameters/15-860>		<http://ids.clld.org/values/15-860-174-1>		"kəmme"@mch	
"mand"@da	<http://ids.clld.org/values/2-210-186-1>		<http://ids.clld.org/parameters/2-210>		<http://ids.clld.org/values/2-210-174-1>		"danwa"@mch	
"nær"@da	<http://ids.clld.org/values/12-430-186-1>		<http://ids.clld.org/parameters/12-430>		<http://ids.clld.org/values/12-430-174-1>		"amoinče-ʔda"@mch	
"bomuld"@da	<http://ids.clld.org/values/6-240-186-1>		<http://ids.clld.org/parameters/6-240>		<http://ids.clld.org/values/6-240-174-1>		"wadēkū"@mch	
"ond ånd"@da	<http://ids.clld.org/values/22-350-186-1>		<http://ids.clld.org/parameters/22-350>		<http://ids.clld.org/values/22-350-174-1>		"kahūšawa"@mch	
"slås"@da	<http://ids.clld.org/values/20-110-186-1>		<http://ids.clld.org/parameters/20-110>		<http://ids.clld.org/values/20-110-174-1>		"wətə̄nehānə"@mch	
"dø"@da	<http://ids.clld.org/values/4-750-186-1>		<http://ids.clld.org/parameters/4-750>		<http://ids.clld.org/values/4-750-174-1>		"-əma-"@mch	
"hvad?"@da	<http://ids.clld.org/values/17-640-186-1>		<http://ids.clld.org/parameters/17-640>		<http://ids.clld.org/values/17-640-174-1>		"ākene"@mch	
"hvordan?"@da	<http://ids.clld.org/values/17-610-186-1>		<http://ids.clld.org/parameters/17-610>		<http://ids.clld.org/values/17-610-174-1>		"ākene"@mch	
"føde"@da	<http://ids.clld.org/values/5-120-186-3>		<http://ids.clld.org/parameters/5-120>		<http://ids.clld.org/values/5-120-174-1>		"mudūkuku"@mch	
"hvorfor?"@da	<http://ids.clld.org/values/17-690-186-1>		<http://ids.clld.org/parameters/17-690>		<http://ids.clld.org/values/17-690-174-1>		"ākene yeihəkə"@mch	
"inde"@da	<http://ids.clld.org/values/12-50-186-1>		<http://ids.clld.org/parameters/12-50>		<http://ids.clld.org/values/12-50-174-3>		"anwaʔka"@mch	
"inde"@da	<http://ids.clld.org/values/12-50-186-1>		<http://ids.clld.org/parameters/12-50>		<http://ids.clld.org/values/12-50-174-1>		"aʔka"@mch	
"gå ned"@da	<http://ids.clld.org/values/10-473-186-1>		<http://ids.clld.org/parameters/10-473>		<http://ids.clld.org/values/10-473-174-1>		"hɨ̄ʔwakādə"@mch	
"have"@da	<http://ids.clld.org/values/11-110-186-1>		<http://ids.clld.org/parameters/11-110>		<http://ids.clld.org/values/11-110-174-1>		"tɨweiye wənɲe"@mch	
"tyk"@da	<http://ids.clld.org/values/12-630-186-1>		<http://ids.clld.org/parameters/12-630>		<http://ids.clld.org/values/12-630-174-1>		"hūšīhe"@mch	
"ansigt"@da	<http://ids.clld.org/values/4-204-186-1>		<http://ids.clld.org/parameters/4-204>		<http://ids.clld.org/values/4-204-174-1>		"heʔ-dɨ"@mch	
"kant"@da	<http://ids.clld.org/values/12-353-186-1>		<http://ids.clld.org/parameters/12-353>		<http://ids.clld.org/values/12-353-174-1>		"čəʔhiyu"@mch	
"forlange"@da	<http://ids.clld.org/values/18-350-186-3>		<http://ids.clld.org/parameters/18-350>		<http://ids.clld.org/values/18-350-174-1>		"eʔkatə-dɨ"@mch	
"fordre"@da	<http://ids.clld.org/values/18-350-186-5>		<http://ids.clld.org/parameters/18-350>		<http://ids.clld.org/values/18-350-174-1>		"eʔkatə-dɨ"@mch	
"hule"@da	<http://ids.clld.org/values/1-280-186-1>		<http://ids.clld.org/parameters/1-280>		<http://ids.clld.org/values/1-280-174-1>		"ewɨ̄tɨ"@mch	
"helbrede"@da	<http://ids.clld.org/values/4-860-186-1>		<http://ids.clld.org/parameters/4-860>		<http://ids.clld.org/values/4-860-174-1>		"adonkadɨ"@mch	
"vi"@da	<http://ids.clld.org/values/2-942-186-1>		<http://ids.clld.org/parameters/2-942>		<http://ids.clld.org/values/2-942-174-1>		"nɲa"@mch	
"sundhed"@da	<http://ids.clld.org/values/4-830-186-7>		<http://ids.clld.org/parameters/4-830>		<http://ids.clld.org/values/4-830-174-1>		"tadəinɲe"@mch	
"i morgen"@da	<http://ids.clld.org/values/14-480-186-1>		<http://ids.clld.org/parameters/14-480>		<http://ids.clld.org/values/14-480-174-1>		"henamma"@mch	
"kniv"@da	<http://ids.clld.org/values/5-380-186-1>		<http://ids.clld.org/parameters/5-380>		<http://ids.clld.org/values/5-380-174-1>		"kɨmɨʔkə"@mch	
"dreng"@da	<http://ids.clld.org/values/2-250-186-1>		<http://ids.clld.org/parameters/2-250>		<http://ids.clld.org/values/2-250-174-1>		"mudekə̄kə"@mch	
"ryge"@da	<http://ids.clld.org/values/8-690-186-1>		<http://ids.clld.org/parameters/8-690>		<http://ids.clld.org/values/8-690-174-1>		"-eima-"@mch	
"klippe"@da	<http://ids.clld.org/values/1-440-186-3>		<http://ids.clld.org/parameters/1-440>		<http://ids.clld.org/values/1-440-174-1>		"təʔhu"@mch	
"flue"@da	<http://ids.clld.org/values/3-830-186-1>		<http://ids.clld.org/parameters/3-830>		<http://ids.clld.org/values/3-830-174-1>		"wedēsede"@mch	
"grund"@da	<http://ids.clld.org/values/1-212-186-1>		<http://ids.clld.org/parameters/1-212>		<http://ids.clld.org/values/1-212-174-1>		"nono"@mch	
"tolv"@da	<http://ids.clld.org/values/13-102-186-1>		<http://ids.clld.org/parameters/13-102>		<http://ids.clld.org/values/13-102-174-1>		"amohadəʔto dēwə āʔkə"@mch	
"fløjte"@da	<http://ids.clld.org/values/18-710-186-1>		<http://ids.clld.org/parameters/18-710>		<http://ids.clld.org/values/18-710-174-1>		"hīču"@mch	
"klæder"@da	<http://ids.clld.org/values/6-120-186-3>		<http://ids.clld.org/parameters/6-120>		<http://ids.clld.org/values/6-120-174-1>		"womɨ"@mch	
"bund"@da	<http://ids.clld.org/values/12-340-186-1>		<http://ids.clld.org/parameters/12-340>		<http://ids.clld.org/values/12-340-174-1>		"nwaʔkəi"@mch	
"hvem?"@da	<http://ids.clld.org/values/17-680-186-1>		<http://ids.clld.org/parameters/17-680>		<http://ids.clld.org/values/17-680-174-1>		"ənə̄kɨ"@mch	
"ja"@da	<http://ids.clld.org/values/17-550-186-1>		<http://ids.clld.org/parameters/17-550>		<http://ids.clld.org/values/17-550-174-3>		"mmhm"@mch	
"ja"@da	<http://ids.clld.org/values/17-550-186-1>		<http://ids.clld.org/parameters/17-550>		<http://ids.clld.org/values/17-550-174-1>		"ʔeee"@mch	
"le"@da	<http://ids.clld.org/values/16-250-186-1>		<http://ids.clld.org/parameters/16-250>		<http://ids.clld.org/values/16-250-174-1>		"waʔsenɲo"@mch	
"ræv"@da	<http://ids.clld.org/values/3-740-186-1>		<http://ids.clld.org/parameters/3-740>		<http://ids.clld.org/values/3-740-174-1>		"awadudi"@mch	
"far"@da	<http://ids.clld.org/values/2-350-186-3>		<http://ids.clld.org/parameters/2-350>		<http://ids.clld.org/values/2-350-174-1>		"haha"@mch	
"hvor?"@da	<http://ids.clld.org/values/17-660-186-1>		<http://ids.clld.org/parameters/17-660>		<http://ids.clld.org/values/17-660-174-1>		"ə̄iša"@mch	
"høj"@da	<http://ids.clld.org/values/12-310-186-1>		<http://ids.clld.org/parameters/12-310>		<http://ids.clld.org/values/12-310-174-1>		"kawə"@mch	
"uren"@da	<http://ids.clld.org/values/15-880-186-5>		<http://ids.clld.org/parameters/15-880>		<http://ids.clld.org/values/15-880-174-1>		"nossahe"@mch	
"stå op"@da	<http://ids.clld.org/values/10-210-186-1>		<http://ids.clld.org/parameters/10-210>		<http://ids.clld.org/values/10-210-174-1>		"w-ənuʔnə"@mch	
"stille"@da	<http://ids.clld.org/values/12-120-186-3>		<http://ids.clld.org/parameters/12-120>		<http://ids.clld.org/values/12-120-174-1>		"enɨ̄ta"@mch	
"stille"@da	<http://ids.clld.org/values/12-120-186-3>		<http://ids.clld.org/parameters/12-120>		<http://ids.clld.org/values/12-120-174-3>		"-ehuʔta-"@mch	
"skind"@da	<http://ids.clld.org/values/4-120-186-3>		<http://ids.clld.org/parameters/4-120>		<http://ids.clld.org/values/4-120-174-1>		"hiʔhə"@mch	
"bryde"@da	<http://ids.clld.org/values/9-260-186-1>		<http://ids.clld.org/parameters/9-260>		<http://ids.clld.org/values/9-260-174-1>		"-išiča-dɨ"@mch	
"blad"@da	<http://ids.clld.org/values/8-560-186-1>		<http://ids.clld.org/parameters/8-560>		<http://ids.clld.org/values/8-560-174-1>		"yadɨ"@mch	
"læg"@da	<http://ids.clld.org/values/4-352-186-1>		<http://ids.clld.org/parameters/4-352>		<http://ids.clld.org/values/4-352-174-1>		"hōde"@mch	
"hale"@da	<http://ids.clld.org/values/4-180-186-1>		<http://ids.clld.org/parameters/4-180>		<http://ids.clld.org/values/4-180-174-1>		"dāʔkɨdɨ"@mch	
"dårlig"@da	<http://ids.clld.org/values/16-720-186-1>		<http://ids.clld.org/parameters/16-720>		<http://ids.clld.org/values/16-720-174-1>		"kənemhɨnɨ"@mch	
"brænde"@da	<http://ids.clld.org/values/1-880-186-1>		<http://ids.clld.org/parameters/1-880>		<http://ids.clld.org/values/1-880-174-1>		"-keme-dɨ"@mch	
"hvid"@da	<http://ids.clld.org/values/15-640-186-1>		<http://ids.clld.org/parameters/15-640>		<http://ids.clld.org/values/15-640-174-1>		"təʔkeʔne"@mch	
"sukkerrør"@da	<http://ids.clld.org/values/8-941-186-1>		<http://ids.clld.org/parameters/8-941>		<http://ids.clld.org/values/8-941-174-1>		"əšīčādɨ"@mch	
"tyve"@da	<http://ids.clld.org/values/13-104-186-1>		<http://ids.clld.org/parameters/13-104>		<http://ids.clld.org/values/13-104-174-1>		"tōni ssoto"@mch	
"forældreløs"@da	<http://ids.clld.org/values/2-750-186-1>		<http://ids.clld.org/parameters/2-750>		<http://ids.clld.org/values/2-750-174-1>		"tunkemhɨnɨ"@mch	
"ben"@da	<http://ids.clld.org/values/4-350-186-1>		<http://ids.clld.org/parameters/4-350>		<http://ids.clld.org/values/4-350-174-1>		"hētɨ"@mch	
"spids"@da	<http://ids.clld.org/values/12-330-186-3>		<http://ids.clld.org/parameters/12-330>		<http://ids.clld.org/values/12-330-174-1>		"akoiʔčaʔhɨdɨ"@mch	
"altid"@da	<http://ids.clld.org/values/14-310-186-1>		<http://ids.clld.org/parameters/14-310>		<http://ids.clld.org/values/14-310-174-1>		"wenēne"@mch	
"landsby"@da	<http://ids.clld.org/values/19-160-186-1>		<http://ids.clld.org/parameters/19-160>		<http://ids.clld.org/values/19-160-174-1>		"haʔta"@mch	
"otte"@da	<http://ids.clld.org/values/13-80-186-1>		<http://ids.clld.org/parameters/13-80>		<http://ids.clld.org/values/13-80-174-1>		"aduwawə amohaʔto"@mch	
"tunge"@da	<http://ids.clld.org/values/4-260-186-1>		<http://ids.clld.org/parameters/4-260>		<http://ids.clld.org/values/4-260-174-1>		"ɲūdu"@mch	
"pande"@da	<http://ids.clld.org/values/5-280-186-1>		<http://ids.clld.org/parameters/5-280>		<http://ids.clld.org/values/5-280-174-1>		"ʔtadī-yɨ"@mch	
"fjende"@da	<http://ids.clld.org/values/19-520-186-1>		<http://ids.clld.org/parameters/19-520>		<http://ids.clld.org/values/19-520-174-1>		"tuʔde"@mch	
"lærer"@da	<http://ids.clld.org/values/17-270-186-1>		<http://ids.clld.org/parameters/17-270>		<http://ids.clld.org/values/17-270-174-1>		"yowānomani"@mch	
"farbror"@da	<http://ids.clld.org/values/2-512-186-1>		<http://ids.clld.org/parameters/2-512>		<http://ids.clld.org/values/2-512-174-1>		"haha"@mch	
"familie"@da	<http://ids.clld.org/values/2-820-186-1>		<http://ids.clld.org/parameters/2-820>		<http://ids.clld.org/values/2-820-174-1>		"himmə"@mch	
"mur"@da	<http://ids.clld.org/values/7-270-186-1>		<http://ids.clld.org/parameters/7-270>		<http://ids.clld.org/values/7-270-174-1>		"həʔhudu"@mch	
"bedstefar"@da	<http://ids.clld.org/values/2-460-186-1>		<http://ids.clld.org/parameters/2-460>		<http://ids.clld.org/values/2-460-174-1>		"kōko"@mch	
"nål"@da	<http://ids.clld.org/values/6-360-186-1>		<http://ids.clld.org/parameters/6-360>		<http://ids.clld.org/values/6-360-174-1>		"makūsa"@mch	
"snog"@da	<http://ids.clld.org/values/3-850-186-3>		<http://ids.clld.org/parameters/3-850>		<http://ids.clld.org/values/3-850-174-1>		"əkə̄yu"@mch	
"komme"@da	<http://ids.clld.org/values/10-480-186-1>		<http://ids.clld.org/parameters/10-480>		<http://ids.clld.org/values/10-480-174-1>		"w-eʔ-nə"@mch	
"lus"@da	<http://ids.clld.org/values/3-811-186-1>		<http://ids.clld.org/parameters/3-811>		<http://ids.clld.org/values/3-811-174-1>		"dāmə"@mch	
"støde"@da	<http://ids.clld.org/values/10-670-186-3>		<http://ids.clld.org/parameters/10-670>		<http://ids.clld.org/values/10-670-174-1>		"-adima-dɨ"@mch	
"lægemiddel"@da	<http://ids.clld.org/values/4-880-186-3>		<http://ids.clld.org/parameters/4-880>		<http://ids.clld.org/values/4-880-174-1>		"əhi"@mch	
"ende"@da	<http://ids.clld.org/values/14-270-186-1>		<http://ids.clld.org/parameters/14-270>		<http://ids.clld.org/values/14-270-174-1>		"w-əʔka-nə"@mch	
"vride"@da	<http://ids.clld.org/values/9-343-186-3>		<http://ids.clld.org/parameters/9-343>		<http://ids.clld.org/values/9-343-174-1>		"eʔkukā-dɨ"@mch	
"sprog"@da	<http://ids.clld.org/values/18-240-186-1>		<http://ids.clld.org/parameters/18-240>		<http://ids.clld.org/values/18-240-174-1>		"āʔdewʔkwe"@mch	
"gammel kvinde"@da	<http://ids.clld.org/values/2-471-186-1>		<http://ids.clld.org/parameters/2-471>		<http://ids.clld.org/values/2-471-174-1>		"noʔsamoʔkɨ"@mch	
"flyde"@da	<http://ids.clld.org/values/10-340-186-1>		<http://ids.clld.org/parameters/10-340>		<http://ids.clld.org/values/10-340-174-1>		"tɨtāwaʔta"@mch	
"handle"@da	<http://ids.clld.org/values/11-830-186-1>		<http://ids.clld.org/parameters/11-830>		<http://ids.clld.org/values/11-830-174-1>		"wətəʔtihānə"@mch	
"sove"@da	<http://ids.clld.org/values/4-610-186-1>		<http://ids.clld.org/parameters/4-610>		<http://ids.clld.org/values/4-610-174-1>		"w-ɨnɨʔ-nə"@mch	
"forandre"@da	<http://ids.clld.org/values/12-930-186-1>		<http://ids.clld.org/parameters/12-930>		<http://ids.clld.org/values/12-930-174-1>		"w-ekamhiaka-nə"@mch	
"menneske"@da	<http://ids.clld.org/values/2-100-186-1>		<http://ids.clld.org/parameters/2-100>		<http://ids.clld.org/values/2-100-174-1>		"ssoto"@mch	
"hede"@da	<http://ids.clld.org/values/18-420-186-3>		<http://ids.clld.org/parameters/18-420>		<http://ids.clld.org/values/18-420-174-1>		"tə̄tɨ"@mch	
"hoppe"@da	<http://ids.clld.org/values/10-430-186-1>		<http://ids.clld.org/parameters/10-430>		<http://ids.clld.org/values/10-430-174-1>		"w-ahanɨn-nə"@mch	
"nej"@da	<http://ids.clld.org/values/17-560-186-1>		<http://ids.clld.org/parameters/17-560>		<http://ids.clld.org/values/17-560-174-1>		"mmʔhm"@mch	
"skorpion"@da	<http://ids.clld.org/values/3-815-186-1>		<http://ids.clld.org/parameters/3-815>		<http://ids.clld.org/values/3-815-174-1>		"mɨnə̄tə"@mch	
"blå"@da	<http://ids.clld.org/values/15-670-186-1>		<http://ids.clld.org/parameters/15-670>		<http://ids.clld.org/values/15-670-174-1>		"šēne"@mch	
"råbe"@da	<http://ids.clld.org/values/18-130-186-1>		<http://ids.clld.org/parameters/18-130>		<http://ids.clld.org/values/18-130-174-1>		"kəʔtɨn-nə"@mch	
"jeg"@da	<http://ids.clld.org/values/2-910-186-1>		<http://ids.clld.org/parameters/2-910>		<http://ids.clld.org/values/2-910-174-1>		"ɨwɨ"@mch	
"kano"@da	<http://ids.clld.org/values/10-831-186-1>		<http://ids.clld.org/parameters/10-831>		<http://ids.clld.org/values/10-831-174-1>		"[kanowa]"@mch	
"gryde"@da	<http://ids.clld.org/values/5-260-186-1>		<http://ids.clld.org/parameters/5-260>		<http://ids.clld.org/values/5-260-174-1>		"ədinɲə"@mch	
"stor"@da	<http://ids.clld.org/values/12-550-186-1>		<http://ids.clld.org/parameters/12-550>		<http://ids.clld.org/values/12-550-174-1>		"nuwe"@mch	
"krave"@da	<http://ids.clld.org/values/6-450-186-1>		<http://ids.clld.org/parameters/6-450>		<http://ids.clld.org/values/6-450-174-1>		"wōʔmo"@mch	
"bord"@da	<http://ids.clld.org/values/7-440-186-1>		<http://ids.clld.org/parameters/7-440>		<http://ids.clld.org/values/7-440-174-1>		"[mesa]i"@mch	
"knæ"@da	<http://ids.clld.org/values/4-360-186-1>		<http://ids.clld.org/parameters/4-360>		<http://ids.clld.org/values/4-360-174-1>		"ə̄ʔmu"@mch	
"fuld"@da	<http://ids.clld.org/values/4-980-186-3>		<http://ids.clld.org/parameters/4-980>		<http://ids.clld.org/values/4-980-174-1>		"-oʔdoʔhə"@mch	
"hænge op"@da	<http://ids.clld.org/values/9-341-186-1>		<http://ids.clld.org/parameters/9-341>		<http://ids.clld.org/values/9-341-174-1>		"-ewaʔtə-dɨ"@mch	
"bjerg"@da	<http://ids.clld.org/values/1-220-186-1>		<http://ids.clld.org/parameters/1-220>		<http://ids.clld.org/values/1-220-174-1>		"hɨ̄"@mch	
"fader"@da	<http://ids.clld.org/values/2-350-186-1>		<http://ids.clld.org/parameters/2-350>		<http://ids.clld.org/values/2-350-174-1>		"haha"@mch	
"faster"@da	<http://ids.clld.org/values/2-522-186-1>		<http://ids.clld.org/parameters/2-522>		<http://ids.clld.org/values/2-522-174-1>		"waynɲeʔney"@mch	
"løv"@da	<http://ids.clld.org/values/8-560-186-3>		<http://ids.clld.org/parameters/8-560>		<http://ids.clld.org/values/8-560-174-1>		"yadɨ"@mch	
"stjerne"@da	<http://ids.clld.org/values/1-540-186-1>		<http://ids.clld.org/parameters/1-540>		<http://ids.clld.org/values/1-540-174-1>		"šidīčə"@mch	
"tand"@da	<http://ids.clld.org/values/4-270-186-1>		<http://ids.clld.org/parameters/4-270>		<http://ids.clld.org/values/4-270-174-1>		"dedɨ"@mch	
"svøbe"@da	<http://ids.clld.org/values/10-140-186-3>		<http://ids.clld.org/parameters/10-140>		<http://ids.clld.org/values/10-140-174-1>		"weməīya"@mch	
"medicin"@da	<http://ids.clld.org/values/4-880-186-1>		<http://ids.clld.org/parameters/4-880>		<http://ids.clld.org/values/4-880-174-1>		"əhi"@mch	
"ovenpå"@da	<http://ids.clld.org/values/12-80-186-3>		<http://ids.clld.org/parameters/12-80>		<http://ids.clld.org/values/12-80-174-1>		"kawə̄"@mch	
"stridsøkse"@da	<http://ids.clld.org/values/20-222-186-1>		<http://ids.clld.org/parameters/20-222>		<http://ids.clld.org/values/20-222-174-1>		"wɨ̄wɨ"@mch	
"barn"@da	<http://ids.clld.org/values/2-270-186-1>		<http://ids.clld.org/parameters/2-270>		<http://ids.clld.org/values/2-270-174-1>		"nnedɨ"@mch	
"hvornår?"@da	<http://ids.clld.org/values/17-650-186-1>		<http://ids.clld.org/parameters/17-650>		<http://ids.clld.org/values/17-650-174-1>		"əičənnāwəkə"@mch	
"smudsig"@da	<http://ids.clld.org/values/15-880-186-1>		<http://ids.clld.org/parameters/15-880>		<http://ids.clld.org/values/15-880-174-1>		"nossahe"@mch	
"papir"@da	<http://ids.clld.org/values/18-560-186-1>		<http://ids.clld.org/parameters/18-560>		<http://ids.clld.org/values/18-560-174-1>		"[hahēda]"@mch	
"blød"@da	<http://ids.clld.org/values/15-750-186-1>		<http://ids.clld.org/parameters/15-750>		<http://ids.clld.org/values/15-750-174-1>		"tɨwansuʔde"@mch	
"skubbe"@da	<http://ids.clld.org/values/10-670-186-1>		<http://ids.clld.org/parameters/10-670>		<http://ids.clld.org/values/10-670-174-1>		"-adima-dɨ"@mch	
"hår"@da	<http://ids.clld.org/values/4-140-186-1>		<http://ids.clld.org/parameters/4-140>		<http://ids.clld.org/values/4-140-174-1>		"hū"@mch	
"træ"@da	<http://ids.clld.org/values/1-420-186-1>		<http://ids.clld.org/parameters/1-420>		<http://ids.clld.org/values/1-420-174-1>		"dē"@mch	
"i live"@da	<http://ids.clld.org/values/4-740-186-5>		<http://ids.clld.org/parameters/4-740>		<http://ids.clld.org/values/4-740-174-1>		"wenɲə"@mch	
"værelse"@da	<http://ids.clld.org/values/7-210-186-1>		<http://ids.clld.org/parameters/7-210>		<http://ids.clld.org/values/7-210-174-1>		"əʔsa"@mch	
"morbror"@da	<http://ids.clld.org/values/2-511-186-1>		<http://ids.clld.org/parameters/2-511>		<http://ids.clld.org/values/2-511-174-1>		"yawo"@mch	
"jage"@da	<http://ids.clld.org/values/20-610-186-1>		<http://ids.clld.org/parameters/20-610>		<http://ids.clld.org/values/20-610-174-1>		"emanɲuhɨdɨ"@mch	
"hejre"@da	<http://ids.clld.org/values/3-583-186-1>		<http://ids.clld.org/parameters/3-583>		<http://ids.clld.org/values/3-583-174-1>		"tadāya"@mch	
"dræbe"@da	<http://ids.clld.org/values/4-760-186-1>		<http://ids.clld.org/parameters/4-760>		<http://ids.clld.org/values/4-760-174-1>		"aminɲaʔkadɨ"@mch	
"kat"@da	<http://ids.clld.org/values/3-620-186-1>		<http://ids.clld.org/parameters/3-620>		<http://ids.clld.org/values/3-620-174-1>		"[mēši]"@mch	
"pil"@da	<http://ids.clld.org/values/20-250-186-1>		<http://ids.clld.org/parameters/20-250>		<http://ids.clld.org/values/20-250-174-1>		"šimāda"@mch	
"ørn"@da	<http://ids.clld.org/values/3-584-186-1>		<http://ids.clld.org/parameters/3-584>		<http://ids.clld.org/values/3-584-174-1>		"demōši"@mch	
"skole"@da	<http://ids.clld.org/values/17-280-186-1>		<http://ids.clld.org/parameters/17-280>		<http://ids.clld.org/values/17-280-174-1>		"wōwanomatoho"@mch	
"blomst"@da	<http://ids.clld.org/values/8-570-186-1>		<http://ids.clld.org/parameters/8-570>		<http://ids.clld.org/values/8-570-174-1>		"čə̄hɨdɨ"@mch	
"tobak"@da	<http://ids.clld.org/values/8-680-186-1>		<http://ids.clld.org/parameters/8-680>		<http://ids.clld.org/values/8-680-174-1>		"kawai"@mch	
"ti"@da	<http://ids.clld.org/values/13-100-186-1>		<http://ids.clld.org/parameters/13-100>		<http://ids.clld.org/values/13-100-174-1>		"amohadə"@mch	
"smal"@da	<http://ids.clld.org/values/12-620-186-3>		<http://ids.clld.org/parameters/12-620>		<http://ids.clld.org/values/12-620-174-3>		"anwakɨme"@mch	
"smal"@da	<http://ids.clld.org/values/12-620-186-3>		<http://ids.clld.org/parameters/12-620>		<http://ids.clld.org/values/12-620-174-1>		"danwadɨ"@mch	
"grave"@da	<http://ids.clld.org/values/8-220-186-1>		<http://ids.clld.org/parameters/8-220>		<http://ids.clld.org/values/8-220-174-1>		"tɨʔkādɨ"@mch	
"stemme"@da	<http://ids.clld.org/values/18-110-186-1>		<http://ids.clld.org/parameters/18-110>		<http://ids.clld.org/values/18-110-174-1>		"kəʔtɨnnə"@mch	
"halt"@da	<http://ids.clld.org/values/4-940-186-1>		<http://ids.clld.org/parameters/4-940>		<http://ids.clld.org/values/4-940-174-1>		"sekumhe"@mch	
"født"@da	<http://ids.clld.org/values/4-720-186-1>		<http://ids.clld.org/parameters/4-720>		<http://ids.clld.org/values/4-720-174-1>		"w-ennu-nə"@mch	
"høst"@da	<http://ids.clld.org/values/8-410-186-1>		<http://ids.clld.org/parameters/8-410>		<http://ids.clld.org/values/8-410-174-1>		"inɲatɨʔtə̄dɨ"@mch	
"vide"@da	<http://ids.clld.org/values/17-170-186-1>		<http://ids.clld.org/parameters/17-170>		<http://ids.clld.org/values/17-170-174-1>		"t-owanəkə t-ɨdɨ-dɨ"@mch	
"kummer"@da	<http://ids.clld.org/values/16-320-186-1>		<http://ids.clld.org/parameters/16-320>		<http://ids.clld.org/values/16-320-174-1>		"wentumhe"@mch	
"ven"@da	<http://ids.clld.org/values/19-510-186-1>		<http://ids.clld.org/parameters/19-510>		<http://ids.clld.org/values/19-510-174-1>		"weičakōno"@mch	
"kød"@da	<http://ids.clld.org/values/4-130-186-1>		<http://ids.clld.org/parameters/4-130>		<http://ids.clld.org/values/4-130-174-1>		"hyunu"@mch	
"god"@da	<http://ids.clld.org/values/16-710-186-1>		<http://ids.clld.org/parameters/16-710>		<http://ids.clld.org/values/16-710-174-1>		"ašiča"@mch	
"ingenting"@da	<http://ids.clld.org/values/13-0-186-3>		<http://ids.clld.org/parameters/13-0>		<http://ids.clld.org/values/13-0-174-1>		"āʔke"@mch	
"hunger"@da	<http://ids.clld.org/values/5-140-186-1>		<http://ids.clld.org/parameters/5-140>		<http://ids.clld.org/values/5-140-174-1>		"əmīhe"@mch	
"af-slutte"@da	<http://ids.clld.org/values/14-270-186-5>		<http://ids.clld.org/parameters/14-270>		<http://ids.clld.org/values/14-270-174-1>		"w-əʔka-nə"@mch	
"kende"@da	<http://ids.clld.org/values/17-170-186-3>		<http://ids.clld.org/parameters/17-170>		<http://ids.clld.org/values/17-170-174-1>		"t-owanəkə t-ɨdɨ-dɨ"@mch	
"rive"@da	<http://ids.clld.org/values/9-280-186-1>		<http://ids.clld.org/parameters/9-280>		<http://ids.clld.org/values/9-280-174-1>		"-iši-"@mch	
"grib"@da	<http://ids.clld.org/values/3-586-186-1>		<http://ids.clld.org/parameters/3-586>		<http://ids.clld.org/values/3-586-174-1>		"kudūmu"@mch	
"involde"@da	<http://ids.clld.org/values/4-461-186-1>		<http://ids.clld.org/parameters/4-461>		<http://ids.clld.org/values/4-461-174-1>		"hyōtɨ"@mch	
"elske"@da	<http://ids.clld.org/values/16-270-186-1>		<http://ids.clld.org/parameters/16-270>		<http://ids.clld.org/values/16-270-174-1>		"hyumma-dɨ"@mch	
"falde"@da	<http://ids.clld.org/values/10-230-186-1>		<http://ids.clld.org/parameters/10-230>		<http://ids.clld.org/values/10-230-174-1>		"w-eduka-nə"@mch	
"spyd"@da	<http://ids.clld.org/values/20-260-186-1>		<http://ids.clld.org/parameters/20-260>		<http://ids.clld.org/values/20-260-174-1>		"sukuhi"@mch	
"frelse"@da	<http://ids.clld.org/values/11-250-186-3>		<http://ids.clld.org/parameters/11-250>		<http://ids.clld.org/values/11-250-174-1>		"ewanakādɨ"@mch	
"folk"@da	<http://ids.clld.org/values/19-210-186-1>		<http://ids.clld.org/parameters/19-210>		<http://ids.clld.org/values/19-210-174-1>		"weiʔčɨ"@mch	
"moster"@da	<http://ids.clld.org/values/2-521-186-1>		<http://ids.clld.org/parameters/2-521>		<http://ids.clld.org/values/2-521-174-1>		"denɨ"@mch	
"fingernegl"@da	<http://ids.clld.org/values/4-344-186-1>		<http://ids.clld.org/parameters/4-344>		<http://ids.clld.org/values/4-344-174-1>		"əmmi"@mch	
"sol"@da	<http://ids.clld.org/values/1-520-186-1>		<http://ids.clld.org/parameters/1-520>		<http://ids.clld.org/values/1-520-174-1>		"šī"@mch	
"frø"@da	<http://ids.clld.org/values/3-950-186-1>		<http://ids.clld.org/parameters/3-950>		<http://ids.clld.org/values/3-950-174-1>		"kɨʔto"@mch	
"datter"@da	<http://ids.clld.org/values/2-420-186-1>		<http://ids.clld.org/parameters/2-420>		<http://ids.clld.org/values/2-420-174-1>		"nnedɨ"@mch	
"bred"@da	<http://ids.clld.org/values/12-610-186-1>		<http://ids.clld.org/parameters/12-610>		<http://ids.clld.org/values/12-610-174-1>		"taʔhuhūne"@mch	
"skille"@da	<http://ids.clld.org/values/12-230-186-1>		<http://ids.clld.org/parameters/12-230>		<http://ids.clld.org/values/12-230-174-1>		"šādamadɨ̄he"@mch	
"rød"@da	<http://ids.clld.org/values/15-660-186-1>		<http://ids.clld.org/parameters/15-660>		<http://ids.clld.org/values/15-660-174-1>		"seweičato"@mch	
"elleve"@da	<http://ids.clld.org/values/13-101-186-1>		<http://ids.clld.org/parameters/13-101>		<http://ids.clld.org/values/13-101-174-1>		"amohadəʔto dēwə tōni"@mch	
"lære"@da	<http://ids.clld.org/values/17-240-186-1>		<http://ids.clld.org/parameters/17-240>		<http://ids.clld.org/values/17-240-174-1>		"-ōwanoma-"@mch	
"sund"@da	<http://ids.clld.org/values/4-830-186-3>		<http://ids.clld.org/parameters/4-830>		<http://ids.clld.org/values/4-830-174-1>		"tadəinɲe"@mch	
"indtræde"@da	<http://ids.clld.org/values/10-570-186-1>		<http://ids.clld.org/parameters/10-570>		<http://ids.clld.org/values/10-570-174-1>		"w-omon-nə"@mch	
"regn"@da	<http://ids.clld.org/values/1-750-186-1>		<http://ids.clld.org/parameters/1-750>		<http://ids.clld.org/values/1-750-174-1>		"konōho"@mch	
"klar"@da	<http://ids.clld.org/values/15-570-186-3>		<http://ids.clld.org/parameters/15-570>		<http://ids.clld.org/values/15-570-174-1>		"taʔwane"@mch	
"gøre"@da	<http://ids.clld.org/values/9-110-186-1>		<http://ids.clld.org/parameters/9-110>		<http://ids.clld.org/values/9-110-174-1>		"tɨdɨ̄dɨ"@mch	
"hånd"@da	<http://ids.clld.org/values/4-330-186-1>		<http://ids.clld.org/parameters/4-330>		<http://ids.clld.org/values/4-330-174-1>		"amō-dɨ"@mch	
"fugl"@da	<http://ids.clld.org/values/3-581-186-1>		<http://ids.clld.org/parameters/3-581>		<http://ids.clld.org/values/3-581-174-1>		"hawi"@mch	
"jordskælv"@da	<http://ids.clld.org/values/1-450-186-1>		<http://ids.clld.org/parameters/1-450>		<http://ids.clld.org/values/1-450-174-1>		"dehūši"@mch	
"ved siden af"@da	<http://ids.clld.org/values/12-20-186-1>		<http://ids.clld.org/parameters/12-20>		<http://ids.clld.org/values/12-20-174-1>		"dɨʔtə"@mch	
"rund"@da	<http://ids.clld.org/values/12-810-186-1>		<http://ids.clld.org/parameters/12-810>		<http://ids.clld.org/values/12-810-174-1>		"kokkoduhaʔto"@mch	
"broder"@da	<http://ids.clld.org/values/2-440-186-1>		<http://ids.clld.org/parameters/2-440>		<http://ids.clld.org/values/2-440-174-1>		"-nuwā-dɨ"@mch	
"sti"@da	<http://ids.clld.org/values/10-720-186-1>		<http://ids.clld.org/parameters/10-720>		<http://ids.clld.org/values/10-720-174-1>		"ə̄ma"@mch	
"vid"@da	<http://ids.clld.org/values/12-610-186-3>		<http://ids.clld.org/parameters/12-610>		<http://ids.clld.org/values/12-610-174-1>		"taʔhuhūne"@mch	
"bambus"@da	<http://ids.clld.org/values/8-940-186-1>		<http://ids.clld.org/parameters/8-940>		<http://ids.clld.org/values/8-940-174-1>		"dahu"@mch	
"flamme"@da	<http://ids.clld.org/values/1-820-186-1>		<http://ids.clld.org/parameters/1-820>		<http://ids.clld.org/values/1-820-174-1>		"wāʔto"@mch	
"sønnedatter"@da	<http://ids.clld.org/values/2-490-186-1>		<http://ids.clld.org/parameters/2-490>		<http://ids.clld.org/values/2-490-174-1>		"hādɨ"@mch	
"sjæl"@da	<http://ids.clld.org/values/16-110-186-1>		<http://ids.clld.org/parameters/16-110>		<http://ids.clld.org/values/16-110-174-1>		"dōʔta"@mch	
"afkom"@da	<http://ids.clld.org/values/2-430-186-1>		<http://ids.clld.org/parameters/2-430>		<http://ids.clld.org/values/2-430-174-1>		"nnedɨ"@mch	
"væve"@da	<http://ids.clld.org/values/6-330-186-1>		<http://ids.clld.org/parameters/6-330>		<http://ids.clld.org/values/6-330-174-1>		"tɨʔkaʔhɨdɨ"@mch	
"træ"@da	<http://ids.clld.org/values/8-600-186-1>		<http://ids.clld.org/parameters/8-600>		<http://ids.clld.org/values/8-600-174-1>		"dē"@mch	
"ild"@da	<http://ids.clld.org/values/1-810-186-1>		<http://ids.clld.org/parameters/1-810>		<http://ids.clld.org/values/1-810-174-1>		"wāʔto"@mch	
"sønnesøn"@da	<http://ids.clld.org/values/2-480-186-1>		<http://ids.clld.org/parameters/2-480>		<http://ids.clld.org/values/2-480-174-1>		"hādɨ"@mch	
"svømme"@da	<http://ids.clld.org/values/10-350-186-1>		<http://ids.clld.org/parameters/10-350>		<http://ids.clld.org/values/10-350-174-1>		"tɨwəʔhiyɨ"@mch	
"måltid"@da	<http://ids.clld.org/values/5-410-186-1>		<http://ids.clld.org/parameters/5-410>		<http://ids.clld.org/values/5-410-174-1>		"əwainši"@mch	
"fælde"@da	<http://ids.clld.org/values/9-221-186-1>		<http://ids.clld.org/parameters/9-221>		<http://ids.clld.org/values/9-221-174-1>		"čūhiya-dɨ"@mch	
"fælde"@da	<http://ids.clld.org/values/9-221-186-1>		<http://ids.clld.org/parameters/9-221>		<http://ids.clld.org/values/9-221-174-3>		"yaʔka-dɨ"@mch	
"bue"@da	<http://ids.clld.org/values/20-240-186-1>		<http://ids.clld.org/parameters/20-240>		<http://ids.clld.org/values/20-240-174-1>		"šimāda ehɨ̄dɨ"@mch	
"stol"@da	<http://ids.clld.org/values/7-430-186-1>		<http://ids.clld.org/parameters/7-430>		<http://ids.clld.org/values/7-430-174-1>		"āʔtəy"@mch	
"spise"@da	<http://ids.clld.org/values/5-110-186-1>		<http://ids.clld.org/parameters/5-110>		<http://ids.clld.org/values/5-110-174-1>		"wowašīnčənə"@mch	
"tov"@da	<http://ids.clld.org/values/9-190-186-3>		<http://ids.clld.org/parameters/9-190>		<http://ids.clld.org/values/9-190-174-1>		"āʔto"@mch	
"søge"@da	<http://ids.clld.org/values/11-310-186-1>		<http://ids.clld.org/parameters/11-310>		<http://ids.clld.org/values/11-310-174-1>		"uhīyɨ"@mch	
"tør"@da	<http://ids.clld.org/values/15-840-186-1>		<http://ids.clld.org/parameters/15-840>		<http://ids.clld.org/values/15-840-174-1>		"ssedēhe"@mch	
"væg"@da	<http://ids.clld.org/values/7-270-186-3>		<http://ids.clld.org/parameters/7-270>		<http://ids.clld.org/values/7-270-174-1>		"həʔhudu"@mch	
"farve"@da	<http://ids.clld.org/values/9-880-186-3>		<http://ids.clld.org/parameters/9-880>		<http://ids.clld.org/values/9-880-174-1>		"wānai"@mch	
"løgn"@da	<http://ids.clld.org/values/16-670-186-1>		<http://ids.clld.org/parameters/16-670>		<http://ids.clld.org/values/16-670-174-1>		"-enkutə-"@mch	
"tage på"@da	<http://ids.clld.org/values/6-110-186-1>		<http://ids.clld.org/parameters/6-110>		<http://ids.clld.org/values/6-110-174-1>		"wewontənə"@mch	
"lidt"@da	<http://ids.clld.org/values/13-170-186-1>		<http://ids.clld.org/parameters/13-170>		<http://ids.clld.org/values/13-170-174-1>		"ākəʔkə"@mch	
"skarp"@da	<http://ids.clld.org/values/15-780-186-1>		<http://ids.clld.org/parameters/15-780>		<http://ids.clld.org/values/15-780-174-1>		"ākə̄tədɨ"@mch	
"dunkel"@da	<http://ids.clld.org/values/15-630-186-3>		<http://ids.clld.org/parameters/15-630>		<http://ids.clld.org/values/15-630-174-1>		"tɨhe"@mch	
"komme tilbage"@da	<http://ids.clld.org/values/10-481-186-1>		<http://ids.clld.org/parameters/10-481>		<http://ids.clld.org/values/10-481-174-1>		"w-ennakā-nə"@mch	
"let"@da	<http://ids.clld.org/values/15-820-186-1>		<http://ids.clld.org/parameters/15-820>		<http://ids.clld.org/values/15-820-174-1>		"tawāhe"@mch	
"opossum"@da	<http://ids.clld.org/values/3-622-186-1>		<http://ids.clld.org/parameters/3-622>		<http://ids.clld.org/values/3-622-174-1>		"dawāde"@mch	
"lys"@da	<http://ids.clld.org/values/1-610-186-1>		<http://ids.clld.org/parameters/1-610>		<http://ids.clld.org/values/1-610-174-1>		"šī"@mch	
"bjørn"@da	<http://ids.clld.org/values/3-730-186-1>		<http://ids.clld.org/parameters/3-730>		<http://ids.clld.org/values/3-730-174-1>		"hədēmu"@mch	
"albue"@da	<http://ids.clld.org/values/4-320-186-1>		<http://ids.clld.org/parameters/4-320>		<http://ids.clld.org/values/4-320-174-1>		"ə̄ʔmu"@mch	
"niece"@da	<http://ids.clld.org/values/2-540-186-1>		<http://ids.clld.org/parameters/2-540>		<http://ids.clld.org/values/2-540-174-1>		"hāse"@mch	
"fjeder"@da	<http://ids.clld.org/values/4-393-186-1>		<http://ids.clld.org/parameters/4-393>		<http://ids.clld.org/values/4-393-174-1>		"iʔhōʔtɨ"@mch	
"ægtemand"@da	<http://ids.clld.org/values/2-310-186-3>		<http://ids.clld.org/parameters/2-310>		<http://ids.clld.org/values/2-310-174-1>		"-ɲno"@mch	
"vise"@da	<http://ids.clld.org/values/15-550-186-1>		<http://ids.clld.org/parameters/15-550>		<http://ids.clld.org/values/15-550-174-1>		"eneho-dɨ"@mch	
