"våd"@da	<http://ids.clld.org/values/15-830-186-1>		<http://ids.clld.org/parameters/15-830>		<http://ids.clld.org/values/15-830-242-1>		"atɨšini"@mot	
"strube"@da	<http://ids.clld.org/values/4-290-186-1>		<http://ids.clld.org/parameters/4-290>		<http://ids.clld.org/values/4-290-242-1>		"būuri"@mot	
"bedstemor"@da	<http://ids.clld.org/values/2-470-186-1>		<http://ids.clld.org/parameters/2-470>		<http://ids.clld.org/values/2-470-242-1>		"ašiabāma"@mot	
"flip"@da	<http://ids.clld.org/values/6-450-186-3>		<http://ids.clld.org/parameters/6-450>		<http://ids.clld.org/values/6-450-242-1>		"karāši"@mot	
"suppe"@da	<http://ids.clld.org/values/5-640-186-1>		<http://ids.clld.org/parameters/5-640>		<http://ids.clld.org/values/5-640-242-1>		"aribāh"@mot	
"helbred"@da	<http://ids.clld.org/values/4-830-186-5>		<http://ids.clld.org/parameters/4-830>		<http://ids.clld.org/values/4-830-242-1>		"sabah"@mot	
"muldyr"@da	<http://ids.clld.org/values/3-470-186-1>		<http://ids.clld.org/parameters/3-470>		<http://ids.clld.org/values/3-470-242-1>		"bueragbā"@mot	
"flod"@da	<http://ids.clld.org/values/1-360-186-1>		<http://ids.clld.org/parameters/1-360>		<http://ids.clld.org/values/1-360-242-1>		"bohgī"@mot	
"svans"@da	<http://ids.clld.org/values/4-180-186-3>		<http://ids.clld.org/parameters/4-180>		<http://ids.clld.org/values/4-180-242-1>		"arihku"@mot	
"blod"@da	<http://ids.clld.org/values/4-150-186-1>		<http://ids.clld.org/parameters/4-150>		<http://ids.clld.org/values/4-150-242-1>		"aabi"@mot	
"fire"@da	<http://ids.clld.org/values/13-40-186-1>		<http://ids.clld.org/parameters/13-40>		<http://ids.clld.org/values/13-40-242-1>		"asaaridgẽ"@mot	
"kone"@da	<http://ids.clld.org/values/2-320-186-1>		<http://ids.clld.org/parameters/2-320>		<http://ids.clld.org/values/2-320-242-1>		"a-byoo-bai"@mot	
"penis"@da	<http://ids.clld.org/values/4-492-186-1>		<http://ids.clld.org/parameters/4-492>		<http://ids.clld.org/values/4-492-242-1>		"bašišũ"@mot	
"flyde"@da	<http://ids.clld.org/values/10-320-186-1>		<http://ids.clld.org/parameters/10-320>		<http://ids.clld.org/values/10-320-242-1>		"širurũ otaḳbari"@mot	
"sy"@da	<http://ids.clld.org/values/6-350-186-1>		<http://ids.clld.org/parameters/6-350>		<http://ids.clld.org/values/6-350-242-1>		"oḳdyikããn"@mot	
"tvillinge"@da	<http://ids.clld.org/values/2-458-186-1>		<http://ids.clld.org/parameters/2-458>		<http://ids.clld.org/values/2-458-242-1>		"bōobou"@mot	
"hare"@da	<http://ids.clld.org/values/3-614-186-1>		<http://ids.clld.org/parameters/3-614>		<http://ids.clld.org/values/3-614-242-1>		"bukū"@mot	
"læge"@da	<http://ids.clld.org/values/4-860-186-3>		<http://ids.clld.org/parameters/4-860>		<http://ids.clld.org/values/4-860-242-1>		"boāimai"@mot	
"hage"@da	<http://ids.clld.org/values/4-209-186-1>		<http://ids.clld.org/parameters/4-209>		<http://ids.clld.org/values/4-209-242-1>		"kakā adyi"@mot	
"mange"@da	<http://ids.clld.org/values/13-150-186-3>		<http://ids.clld.org/parameters/13-150>		<http://ids.clld.org/values/13-150-242-1>		"škikbeh"@mot	
"leve"@da	<http://ids.clld.org/values/4-740-186-1>		<http://ids.clld.org/parameters/4-740>		<http://ids.clld.org/values/4-740-242-3>		"baɨgbari"@mot	
"leve"@da	<http://ids.clld.org/values/4-740-186-1>		<http://ids.clld.org/parameters/4-740>		<http://ids.clld.org/values/4-740-242-1>		"dobaɨgbari"@mot	
"skær"@da	<http://ids.clld.org/values/1-222-186-1>		<http://ids.clld.org/parameters/1-222>		<http://ids.clld.org/values/1-222-242-1>		"angbarī"@mot	
"tisse"@da	<http://ids.clld.org/values/4-650-186-1>		<http://ids.clld.org/parameters/4-650>		<http://ids.clld.org/values/4-650-242-1>		"itčiki"@mot	
"ben"@da	<http://ids.clld.org/values/4-160-186-1>		<http://ids.clld.org/parameters/4-160>		<http://ids.clld.org/values/4-160-242-1>		"ahkara"@mot	
"is"@da	<http://ids.clld.org/values/1-770-186-1>		<http://ids.clld.org/parameters/1-770>		<http://ids.clld.org/values/1-770-242-1>		"sasaung-šiima"@mot	
"hals"@da	<http://ids.clld.org/values/4-280-186-1>		<http://ids.clld.org/parameters/4-280>		<http://ids.clld.org/values/4-280-242-3>		"aboo aidyi"@mot	
"hals"@da	<http://ids.clld.org/values/4-280-186-1>		<http://ids.clld.org/parameters/4-280>		<http://ids.clld.org/values/4-280-242-1>		"aboo"@mot	
"træ"@da	<http://ids.clld.org/values/1-430-186-1>		<http://ids.clld.org/parameters/1-430>		<http://ids.clld.org/values/1-430-242-1>		"kaa"@mot	
"orm"@da	<http://ids.clld.org/values/3-840-186-1>		<http://ids.clld.org/parameters/3-840>		<http://ids.clld.org/values/3-840-242-1>		"iširabaa"@mot	
"sidde"@da	<http://ids.clld.org/values/12-130-186-1>		<http://ids.clld.org/parameters/12-130>		<http://ids.clld.org/values/12-130-242-1>		"kaani"@mot	
"mægtig"@da	<http://ids.clld.org/values/4-810-186-3>		<http://ids.clld.org/parameters/4-810>		<http://ids.clld.org/values/4-810-242-1>		"karābari"@mot	
"jord"@da	<http://ids.clld.org/values/1-210-186-1>		<http://ids.clld.org/parameters/1-210>		<http://ids.clld.org/values/1-210-242-1>		"ihtãã"@mot	
"druknet"@da	<http://ids.clld.org/values/4-751-186-1>		<http://ids.clld.org/parameters/4-751>		<http://ids.clld.org/values/4-751-242-1>		"šimaksaɲona"@mot	
"våge"@da	<http://ids.clld.org/values/4-630-186-5>		<http://ids.clld.org/parameters/4-630>		<http://ids.clld.org/values/4-630-242-1>		"kiārusa"@mot	
"hoved"@da	<http://ids.clld.org/values/4-200-186-1>		<http://ids.clld.org/parameters/4-200>		<http://ids.clld.org/values/4-200-242-1>		"asaakbah"@mot	
"hoved"@da	<http://ids.clld.org/values/4-200-186-1>		<http://ids.clld.org/parameters/4-200>		<http://ids.clld.org/values/4-200-242-3>		"asaɨg"@mot	
"øjelåg"@da	<http://ids.clld.org/values/4-213-186-1>		<http://ids.clld.org/parameters/4-213>		<http://ids.clld.org/values/4-213-242-1>		"ōwahšū"@mot	
"storebror"@da	<http://ids.clld.org/values/2-444-186-1>		<http://ids.clld.org/parameters/2-444>		<http://ids.clld.org/values/2-444-242-1>		"asāri iddō šōbimai"@mot	
"slimhinde"@da	<http://ids.clld.org/values/4-232-186-1>		<http://ids.clld.org/parameters/4-232>		<http://ids.clld.org/values/4-232-242-1>		"isā činči"@mot	
"møg"@da	<http://ids.clld.org/values/4-660-186-5>		<http://ids.clld.org/parameters/4-660>		<http://ids.clld.org/values/4-660-242-1>		"ahtū"@mot	
"hovedskal"@da	<http://ids.clld.org/values/4-202-186-1>		<http://ids.clld.org/parameters/4-202>		<http://ids.clld.org/values/4-202-242-1>		"sākba kalā"@mot	
"beklædning"@da	<http://ids.clld.org/values/6-120-186-1>		<http://ids.clld.org/parameters/6-120>		<http://ids.clld.org/values/6-120-242-1>		"duksā"@mot	
"bagdel"@da	<http://ids.clld.org/values/4-464-186-1>		<http://ids.clld.org/parameters/4-464>		<http://ids.clld.org/values/4-464-242-1>		"ahtūu"@mot	
"brystvorte"@da	<http://ids.clld.org/values/4-412-186-1>		<http://ids.clld.org/parameters/4-412>		<http://ids.clld.org/values/4-412-242-1>		"tuu"@mot	
"flagermus"@da	<http://ids.clld.org/values/3-591-186-1>		<http://ids.clld.org/parameters/3-591>		<http://ids.clld.org/values/3-591-242-1>		"dohdōngba"@mot	
"sommerfugl"@da	<http://ids.clld.org/values/3-920-186-1>		<http://ids.clld.org/parameters/3-920>		<http://ids.clld.org/values/3-920-242-1>		"somēme"@mot	
"finne"@da	<http://ids.clld.org/values/3-652-186-1>		<http://ids.clld.org/parameters/3-652>		<http://ids.clld.org/values/3-652-242-1>		"ačii"@mot	
"een"@da	<http://ids.clld.org/values/13-10-186-1>		<http://ids.clld.org/parameters/13-10>		<http://ids.clld.org/values/13-10-242-1>		"ĩĩtoupʔ"@mot	
"han/ hun/ det"@da	<http://ids.clld.org/values/2-930-186-1>		<http://ids.clld.org/parameters/2-930>		<http://ids.clld.org/values/2-930-242-1>		"oobãi"@mot	
"hus"@da	<http://ids.clld.org/values/7-120-186-1>		<http://ids.clld.org/parameters/7-120>		<http://ids.clld.org/values/7-120-242-1>		"kaig"@mot	
"nat"@da	<http://ids.clld.org/values/14-420-186-1>		<http://ids.clld.org/parameters/14-420>		<http://ids.clld.org/values/14-420-242-1>		"sɨ̃ɨ̃"@mot	
"reb"@da	<http://ids.clld.org/values/9-190-186-1>		<http://ids.clld.org/parameters/9-190>		<http://ids.clld.org/values/9-190-242-1>		"kaaḳšibu"@mot	
"reb"@da	<http://ids.clld.org/values/9-190-186-1>		<http://ids.clld.org/parameters/9-190>		<http://ids.clld.org/values/9-190-242-3>		"bwaisaɨg"@mot	
"mand"@da	<http://ids.clld.org/values/2-310-186-1>		<http://ids.clld.org/parameters/2-310>		<http://ids.clld.org/values/2-310-242-1>		"aataida"@mot	
"søskende"@da	<http://ids.clld.org/values/2-456-186-1>		<http://ids.clld.org/parameters/2-456>		<http://ids.clld.org/values/2-456-242-1>		"sagdooyī"@mot	
"de"@da	<http://ids.clld.org/values/2-960-186-1>		<http://ids.clld.org/parameters/2-960>		<http://ids.clld.org/values/2-960-242-1>		"oračidyi"@mot	
"højre"@da	<http://ids.clld.org/values/12-410-186-1>		<http://ids.clld.org/parameters/12-410>		<http://ids.clld.org/values/12-410-242-1>		"ããkai"@mot	
"mudder"@da	<http://ids.clld.org/values/1-214-186-1>		<http://ids.clld.org/parameters/1-214>		<http://ids.clld.org/values/1-214-242-1>		"barā"@mot	
"svigerfar"@da	<http://ids.clld.org/values/2-610-186-1>		<http://ids.clld.org/parameters/2-610>		<http://ids.clld.org/values/2-610-242-1>		"ahgyība"@mot	
"vandfald"@da	<http://ids.clld.org/values/1-390-186-1>		<http://ids.clld.org/parameters/1-390>		<http://ids.clld.org/values/1-390-242-1>		"bohgi baado ahgyitakani"@mot	
"svigersøn"@da	<http://ids.clld.org/values/2-630-186-1>		<http://ids.clld.org/parameters/2-630>		<http://ids.clld.org/values/2-630-242-1>		"inaikāsa"@mot	
"regnbue"@da	<http://ids.clld.org/values/1-590-186-1>		<http://ids.clld.org/parameters/1-590>		<http://ids.clld.org/values/1-590-242-1>		"kajdō"@mot	
"fisk"@da	<http://ids.clld.org/values/3-650-186-1>		<http://ids.clld.org/parameters/3-650>		<http://ids.clld.org/values/3-650-242-3>		"katutu"@mot	
"fisk"@da	<http://ids.clld.org/values/3-650-186-1>		<http://ids.clld.org/parameters/3-650>		<http://ids.clld.org/values/3-650-242-1>		"tay"@mot	
"onkel"@da	<http://ids.clld.org/values/2-510-186-1>		<http://ids.clld.org/parameters/2-510>		<http://ids.clld.org/values/2-510-242-1>		"aisī okarā"@mot	
"svigermor"@da	<http://ids.clld.org/values/2-620-186-1>		<http://ids.clld.org/parameters/2-620>		<http://ids.clld.org/values/2-620-242-1>		"inaika akairakbā"@mot	
"himmel"@da	<http://ids.clld.org/values/1-510-186-1>		<http://ids.clld.org/parameters/1-510>		<http://ids.clld.org/values/1-510-242-1>		"baḍũ"@mot	
"frugt"@da	<http://ids.clld.org/values/5-710-186-1>		<http://ids.clld.org/parameters/5-710>		<http://ids.clld.org/values/5-710-242-1>		"kaaraba"@mot	
"kort"@da	<http://ids.clld.org/values/12-590-186-1>		<http://ids.clld.org/parameters/12-590>		<http://ids.clld.org/values/12-590-242-1>		"ooḳbarekʔ"@mot	
"moden"@da	<http://ids.clld.org/values/5-123-186-1>		<http://ids.clld.org/parameters/5-123>		<http://ids.clld.org/values/5-123-242-1>		"kibūuni"@mot	
"potte"@da	<http://ids.clld.org/values/5-260-186-3>		<http://ids.clld.org/parameters/5-260>		<http://ids.clld.org/values/5-260-242-1>		"bašikalai"@mot	
"nyre"@da	<http://ids.clld.org/values/4-451-186-1>		<http://ids.clld.org/parameters/4-451>		<http://ids.clld.org/values/4-451-242-1>		"atubiyōkba"@mot	
"øjenhår"@da	<http://ids.clld.org/values/4-214-186-1>		<http://ids.clld.org/parameters/4-214>		<http://ids.clld.org/values/4-214-242-1>		"obāšišī"@mot	
"sø"@da	<http://ids.clld.org/values/1-330-186-1>		<http://ids.clld.org/parameters/1-330>		<http://ids.clld.org/values/1-330-242-1>		"badõo"@mot	
"slå"@da	<http://ids.clld.org/values/9-210-186-1>		<http://ids.clld.org/parameters/9-210>		<http://ids.clld.org/values/9-210-242-1>		"dõõ"@mot	
"slå"@da	<http://ids.clld.org/values/9-210-186-1>		<http://ids.clld.org/parameters/9-210>		<http://ids.clld.org/values/9-210-242-3>		"buukši (?)"@mot	
"lunger"@da	<http://ids.clld.org/values/4-441-186-1>		<http://ids.clld.org/parameters/4-441>		<http://ids.clld.org/values/4-441-242-1>		"ašiše"@mot	
"svær"@da	<http://ids.clld.org/values/15-810-186-3>		<http://ids.clld.org/parameters/15-810>		<http://ids.clld.org/values/15-810-242-1>		"aabari"@mot	
"tynd"@da	<http://ids.clld.org/values/12-650-186-1>		<http://ids.clld.org/parameters/12-650>		<http://ids.clld.org/values/12-650-242-1>		"ihtoo"@mot	
"ret"@da	<http://ids.clld.org/values/16-730-186-1>		<http://ids.clld.org/parameters/16-730>		<http://ids.clld.org/values/16-730-242-1>		"ããkai"@mot	
"giftermål"@da	<http://ids.clld.org/values/2-340-186-1>		<http://ids.clld.org/parameters/2-340>		<http://ids.clld.org/values/2-340-242-1>		"kayākba"@mot	
"stor"@da	<http://ids.clld.org/values/12-580-186-1>		<http://ids.clld.org/parameters/12-580>		<http://ids.clld.org/values/12-580-242-1>		"aḳbakɨ"@mot	
"blinke"@da	<http://ids.clld.org/values/4-215-186-1>		<http://ids.clld.org/parameters/4-215>		<http://ids.clld.org/values/4-215-242-1>		"oogškegškeg"@mot	
"bark"@da	<http://ids.clld.org/values/8-750-186-1>		<http://ids.clld.org/parameters/8-750>		<http://ids.clld.org/values/8-750-242-1>		"aɨgšuu"@mot	
"søster"@da	<http://ids.clld.org/values/2-450-186-1>		<http://ids.clld.org/parameters/2-450>		<http://ids.clld.org/values/2-450-242-1>		"aša"@mot	
"slange"@da	<http://ids.clld.org/values/3-850-186-1>		<http://ids.clld.org/parameters/3-850>		<http://ids.clld.org/values/3-850-242-1>		"čiidu"@mot	
"øre"@da	<http://ids.clld.org/values/4-220-186-1>		<http://ids.clld.org/parameters/4-220>		<http://ids.clld.org/values/4-220-242-1>		"koḳčii"@mot	
"hæl"@da	<http://ids.clld.org/values/4-372-186-1>		<http://ids.clld.org/parameters/4-372>		<http://ids.clld.org/values/4-372-242-1>		"kihtū būgda"@mot	
"mad"@da	<http://ids.clld.org/values/5-120-186-1>		<http://ids.clld.org/parameters/5-120>		<http://ids.clld.org/values/5-120-242-1>		"kāraba"@mot	
"skamhår"@da	<http://ids.clld.org/values/4-145-186-1>		<http://ids.clld.org/parameters/4-145>		<http://ids.clld.org/values/4-145-242-1>		"bakači"@mot	
"papagøje"@da	<http://ids.clld.org/values/3-592-186-1>		<http://ids.clld.org/parameters/3-592>		<http://ids.clld.org/values/3-592-242-1>		"dahba"@mot	
"en-hver"@da	<http://ids.clld.org/values/13-140-186-3>		<http://ids.clld.org/parameters/13-140>		<http://ids.clld.org/values/13-140-242-1>		"ĩĩški"@mot	
"ung mand"@da	<http://ids.clld.org/values/2-251-186-1>		<http://ids.clld.org/parameters/2-251>		<http://ids.clld.org/values/2-251-242-1>		"atdaku"@mot	
"kvindelig"@da	<http://ids.clld.org/values/2-240-186-1>		<http://ids.clld.org/parameters/2-240>		<http://ids.clld.org/values/2-240-242-1>		"abama"@mot	
"steddatter"@da	<http://ids.clld.org/values/2-740-186-1>		<http://ids.clld.org/parameters/2-740>		<http://ids.clld.org/values/2-740-242-1>		"kobokā"@mot	
"mus"@da	<http://ids.clld.org/values/3-630-186-1>		<http://ids.clld.org/parameters/3-630>		<http://ids.clld.org/values/3-630-242-1>		"dahtumia"@mot	
"blæse"@da	<http://ids.clld.org/values/10-380-186-1>		<http://ids.clld.org/parameters/10-380>		<http://ids.clld.org/values/10-380-242-1>		"buubãã"@mot	
"koge"@da	<http://ids.clld.org/values/5-220-186-1>		<http://ids.clld.org/parameters/5-220>		<http://ids.clld.org/values/5-220-242-1>		"ašũdokwari"@mot	
"måne"@da	<http://ids.clld.org/values/1-530-186-1>		<http://ids.clld.org/parameters/1-530>		<http://ids.clld.org/values/1-530-242-1>		"čibaɨg"@mot	
"spise"@da	<http://ids.clld.org/values/5-120-186-5>		<http://ids.clld.org/parameters/5-120>		<http://ids.clld.org/values/5-120-242-1>		"kāraba"@mot	
"bundt"@da	<http://ids.clld.org/values/5-712-186-1>		<http://ids.clld.org/parameters/5-712>		<http://ids.clld.org/values/5-712-242-1>		"kãširukū"@mot	
"fad"@da	<http://ids.clld.org/values/5-310-186-1>		<http://ids.clld.org/parameters/5-310>		<http://ids.clld.org/values/5-310-242-1>		"dado"@mot	
"støv"@da	<http://ids.clld.org/values/1-213-186-1>		<http://ids.clld.org/parameters/1-213>		<http://ids.clld.org/values/1-213-242-1>		"ihtan-bruki"@mot	
"skulder"@da	<http://ids.clld.org/values/4-300-186-1>		<http://ids.clld.org/parameters/4-300>		<http://ids.clld.org/values/4-300-242-1>		"bahdoo"@mot	
"hund"@da	<http://ids.clld.org/values/3-610-186-1>		<http://ids.clld.org/parameters/3-610>		<http://ids.clld.org/values/3-610-242-1>		"ḍuraaba"@mot	
"håndled"@da	<http://ids.clld.org/values/4-321-186-1>		<http://ids.clld.org/parameters/4-321>		<http://ids.clld.org/values/4-321-242-1>		"aḳduu obāā"@mot	
"bivoks"@da	<http://ids.clld.org/values/3-821-186-1>		<http://ids.clld.org/parameters/3-821>		<http://ids.clld.org/values/3-821-242-1>		"arōhkogbā"@mot	
"nevø"@da	<http://ids.clld.org/values/2-530-186-1>		<http://ids.clld.org/parameters/2-530>		<http://ids.clld.org/values/2-530-242-1>		"aši asašī"@mot	
"die"@da	<http://ids.clld.org/values/5-160-186-3>		<http://ids.clld.org/parameters/5-160>		<http://ids.clld.org/values/5-160-242-3>		"dada"@mot	
"die"@da	<http://ids.clld.org/values/5-160-186-3>		<http://ids.clld.org/parameters/5-160>		<http://ids.clld.org/values/5-160-242-1>		"tuu aɨgsadyĩ"@mot	
"sand"@da	<http://ids.clld.org/values/1-215-186-1>		<http://ids.clld.org/parameters/1-215>		<http://ids.clld.org/values/1-215-242-1>		"ũũngda"@mot	
"vej"@da	<http://ids.clld.org/values/10-710-186-1>		<http://ids.clld.org/parameters/10-710>		<http://ids.clld.org/values/10-710-242-1>		"šikɨ"@mot	
"synke"@da	<http://ids.clld.org/values/5-181-186-1>		<http://ids.clld.org/parameters/5-181>		<http://ids.clld.org/values/5-181-242-1>		"kurī"@mot	
"gribe"@da	<http://ids.clld.org/values/11-140-186-1>		<http://ids.clld.org/parameters/11-140>		<http://ids.clld.org/values/11-140-242-1>		"kaaḳaan"@mot	
"stærk"@da	<http://ids.clld.org/values/4-810-186-1>		<http://ids.clld.org/parameters/4-810>		<http://ids.clld.org/values/4-810-242-1>		"karābari"@mot	
"ryg"@da	<http://ids.clld.org/values/4-190-186-1>		<http://ids.clld.org/parameters/4-190>		<http://ids.clld.org/values/4-190-242-1>		"kwĩ"@mot	
"drukken"@da	<http://ids.clld.org/values/4-980-186-1>		<http://ids.clld.org/parameters/4-980>		<http://ids.clld.org/values/4-980-242-1>		"agsabitbari"@mot	
"skov"@da	<http://ids.clld.org/values/1-410-186-1>		<http://ids.clld.org/parameters/1-410>		<http://ids.clld.org/values/1-410-242-1>		"itenči"@mot	
"edderkop"@da	<http://ids.clld.org/values/3-818-186-1>		<http://ids.clld.org/parameters/3-818>		<http://ids.clld.org/values/3-818-242-1>		"sōhsõ"@mot	
"hed"@da	<http://ids.clld.org/values/15-850-186-1>		<http://ids.clld.org/parameters/15-850>		<http://ids.clld.org/values/15-850-242-3>		"asaašini"@mot	
"hed"@da	<http://ids.clld.org/values/15-850-186-1>		<http://ids.clld.org/parameters/15-850>		<http://ids.clld.org/values/15-850-242-1>		"asãã"@mot	
"snæver"@da	<http://ids.clld.org/values/12-620-186-1>		<http://ids.clld.org/parameters/12-620>		<http://ids.clld.org/values/12-620-242-1>		"bwaikaan"@mot	
"hoste"@da	<http://ids.clld.org/values/4-530-186-1>		<http://ids.clld.org/parameters/4-530>		<http://ids.clld.org/values/4-530-242-1>		"irohbāh"@mot	
"glat"@da	<http://ids.clld.org/values/15-770-186-1>		<http://ids.clld.org/parameters/15-770>		<http://ids.clld.org/values/15-770-242-1>		"dyibakaari"@mot	
"smuds"@da	<http://ids.clld.org/values/1-214-186-3>		<http://ids.clld.org/parameters/1-214>		<http://ids.clld.org/values/1-214-242-1>		"barā"@mot	
"du"@da	<http://ids.clld.org/values/2-920-186-1>		<http://ids.clld.org/parameters/2-920>		<http://ids.clld.org/values/2-920-242-1>		"bai"@mot	
"hveps"@da	<http://ids.clld.org/values/3-823-186-1>		<http://ids.clld.org/parameters/3-823>		<http://ids.clld.org/values/3-823-242-1>		"bašinši"@mot	
"sort"@da	<http://ids.clld.org/values/15-650-186-1>		<http://ids.clld.org/parameters/15-650>		<http://ids.clld.org/values/15-650-242-1>		"bɨɨh"@mot	
"binde"@da	<http://ids.clld.org/values/9-160-186-1>		<http://ids.clld.org/parameters/9-160>		<http://ids.clld.org/values/9-160-242-1>		"yuukããn"@mot	
"vinge"@da	<http://ids.clld.org/values/4-392-186-1>		<http://ids.clld.org/parameters/4-392>		<http://ids.clld.org/values/4-392-242-1>		"ãčĩĩ"@mot	
"bide"@da	<http://ids.clld.org/values/4-580-186-1>		<http://ids.clld.org/parameters/4-580>		<http://ids.clld.org/values/4-580-242-1>		"baḳosõõ"@mot	
"lagune"@da	<http://ids.clld.org/values/1-341-186-1>		<http://ids.clld.org/parameters/1-341>		<http://ids.clld.org/values/1-341-242-1>		"baḍõ"@mot	
"arm"@da	<http://ids.clld.org/values/4-310-186-1>		<http://ids.clld.org/parameters/4-310>		<http://ids.clld.org/values/4-310-242-1>		"bisãã"@mot	
"navle"@da	<http://ids.clld.org/values/4-430-186-1>		<http://ids.clld.org/parameters/4-430>		<http://ids.clld.org/values/4-430-242-1>		"baačiidu"@mot	
"hue"@da	<http://ids.clld.org/values/6-550-186-3>		<http://ids.clld.org/parameters/6-550>		<http://ids.clld.org/values/6-550-242-1>		"somene"@mot	
"tråd"@da	<http://ids.clld.org/values/6-380-186-1>		<http://ids.clld.org/parameters/6-380>		<http://ids.clld.org/values/6-380-242-1>		"kalāana"@mot	
"I"@da	<http://ids.clld.org/values/2-950-186-1>		<http://ids.clld.org/parameters/2-950>		<http://ids.clld.org/values/2-950-242-1>		"bidyi"@mot	
"hest"@da	<http://ids.clld.org/values/3-410-186-1>		<http://ids.clld.org/parameters/3-410>		<http://ids.clld.org/values/3-410-242-1>		"buēragba"@mot	
"gå"@da	<http://ids.clld.org/values/10-450-186-1>		<http://ids.clld.org/parameters/10-450>		<http://ids.clld.org/values/10-450-242-1>		"nyũ"@mot	
"synge"@da	<http://ids.clld.org/values/18-120-186-1>		<http://ids.clld.org/parameters/18-120>		<http://ids.clld.org/values/18-120-242-1>		"čibaa"@mot	
"mor"@da	<http://ids.clld.org/values/2-360-186-3>		<http://ids.clld.org/parameters/2-360>		<http://ids.clld.org/values/2-360-242-1>		"abaama"@mot	
"død"@da	<http://ids.clld.org/values/4-750-186-3>		<http://ids.clld.org/parameters/4-750>		<http://ids.clld.org/values/4-750-242-1>		"širɨ̃ aḳbaikãng"@mot	
"moskito"@da	<http://ids.clld.org/values/3-832-186-1>		<http://ids.clld.org/parameters/3-832>		<http://ids.clld.org/values/3-832-242-1>		"iširigbi"@mot	
"nede"@da	<http://ids.clld.org/values/12-30-186-1>		<http://ids.clld.org/parameters/12-30>		<http://ids.clld.org/values/12-30-242-1>		"roradi"@mot	
"rigtig"@da	<http://ids.clld.org/values/16-730-186-3>		<http://ids.clld.org/parameters/16-730>		<http://ids.clld.org/values/16-730-242-1>		"ããkai"@mot	
"udryde"@da	<http://ids.clld.org/values/1-861-186-1>		<http://ids.clld.org/parameters/1-861>		<http://ids.clld.org/values/1-861-242-1>		"sirasāini"@mot	
"lynslag"@da	<http://ids.clld.org/values/1-570-186-1>		<http://ids.clld.org/parameters/1-570>		<http://ids.clld.org/values/1-570-242-1>		"yibahdu"@mot	
"røg"@da	<http://ids.clld.org/values/1-830-186-1>		<http://ids.clld.org/parameters/1-830>		<http://ids.clld.org/values/1-830-242-1>		"iiraḳbah"@mot	
"næsebor"@da	<http://ids.clld.org/values/4-231-186-1>		<http://ids.clld.org/parameters/4-231>		<http://ids.clld.org/values/4-231-242-1>		"nisokwā"@mot	
"fjeld"@da	<http://ids.clld.org/values/1-220-186-3>		<http://ids.clld.org/parameters/1-220>		<http://ids.clld.org/values/1-220-242-1>		"dyɨra"@mot	
"gammel"@da	<http://ids.clld.org/values/14-150-186-1>		<http://ids.clld.org/parameters/14-150>		<http://ids.clld.org/values/14-150-242-1>		"saatdau"@mot	
"varm"@da	<http://ids.clld.org/values/15-850-186-3>		<http://ids.clld.org/parameters/15-850>		<http://ids.clld.org/values/15-850-242-3>		"asaašini"@mot	
"varm"@da	<http://ids.clld.org/values/15-850-186-3>		<http://ids.clld.org/parameters/15-850>		<http://ids.clld.org/values/15-850-242-1>		"asãã"@mot	
"hævelse"@da	<http://ids.clld.org/values/4-853-186-1>		<http://ids.clld.org/parameters/4-853>		<http://ids.clld.org/values/4-853-242-1>		"ayrãã"@mot	
"salt"@da	<http://ids.clld.org/values/5-810-186-1>		<http://ids.clld.org/parameters/5-810>		<http://ids.clld.org/values/5-810-242-1>		"saabĩ"@mot	
"ugle"@da	<http://ids.clld.org/values/3-596-186-1>		<http://ids.clld.org/parameters/3-596>		<http://ids.clld.org/values/3-596-242-1>		"bigtuu"@mot	
"skære"@da	<http://ids.clld.org/values/9-220-186-1>		<http://ids.clld.org/parameters/9-220>		<http://ids.clld.org/values/9-220-242-1>		"aɨgdaḳan"@mot	
"grøn"@da	<http://ids.clld.org/values/5-124-186-1>		<http://ids.clld.org/parameters/5-124>		<http://ids.clld.org/values/5-124-242-1>		"tahta"@mot	
"år"@da	<http://ids.clld.org/values/14-730-186-1>		<http://ids.clld.org/parameters/14-730>		<http://ids.clld.org/values/14-730-242-1>		"asoḳbari"@mot	
"ankel"@da	<http://ids.clld.org/values/4-371-186-1>		<http://ids.clld.org/parameters/4-371>		<http://ids.clld.org/values/4-371-242-1>		"kiokbā karikāa"@mot	
"søn"@da	<http://ids.clld.org/values/2-410-186-1>		<http://ids.clld.org/parameters/2-410>		<http://ids.clld.org/values/2-410-242-1>		"saši"@mot	
"håndflade"@da	<http://ids.clld.org/values/4-331-186-1>		<http://ids.clld.org/parameters/4-331>		<http://ids.clld.org/values/4-331-242-1>		"aḳduu būgda"@mot	
"bord"@da	<http://ids.clld.org/values/7-570-186-1>		<http://ids.clld.org/parameters/7-570>		<http://ids.clld.org/values/7-570-242-1>		"kaayābaī"@mot	
"mund"@da	<http://ids.clld.org/values/4-240-186-1>		<http://ids.clld.org/parameters/4-240>		<http://ids.clld.org/values/4-240-242-1>		"kaḳšuu"@mot	
"stum"@da	<http://ids.clld.org/values/4-960-186-1>		<http://ids.clld.org/parameters/4-960>		<http://ids.clld.org/values/4-960-242-1>		"arikbā"@mot	
"høj"@da	<http://ids.clld.org/values/12-580-186-3>		<http://ids.clld.org/parameters/12-580>		<http://ids.clld.org/values/12-580-242-1>		"aḳbakɨ"@mot	
"lave mad"@da	<http://ids.clld.org/values/5-210-186-3>		<http://ids.clld.org/parameters/5-210>		<http://ids.clld.org/values/5-210-242-1>		"binasa"@mot	
"ung kvinde"@da	<http://ids.clld.org/values/2-261-186-1>		<http://ids.clld.org/parameters/2-261>		<http://ids.clld.org/values/2-261-242-1>		"ašibī dou"@mot	
"dattersøn"@da	<http://ids.clld.org/values/2-480-186-3>		<http://ids.clld.org/parameters/2-480>		<http://ids.clld.org/values/2-480-242-1>		"sašī abira"@mot	
"snavset"@da	<http://ids.clld.org/values/15-880-186-3>		<http://ids.clld.org/parameters/15-880>		<http://ids.clld.org/values/15-880-242-1>		"baidaani"@mot	
"sukker"@da	<http://ids.clld.org/values/5-850-186-1>		<http://ids.clld.org/parameters/5-850>		<http://ids.clld.org/values/5-850-242-1>		"sasou sabī"@mot	
"æg"@da	<http://ids.clld.org/values/5-970-186-1>		<http://ids.clld.org/parameters/5-970>		<http://ids.clld.org/values/5-970-242-1>		"ãã"@mot	
"fjer"@da	<http://ids.clld.org/values/4-393-186-3>		<http://ids.clld.org/parameters/4-393>		<http://ids.clld.org/values/4-393-242-1>		"ããčĩĩ"@mot	
"halsbånd"@da	<http://ids.clld.org/values/6-750-186-1>		<http://ids.clld.org/parameters/6-750>		<http://ids.clld.org/values/6-750-242-1>		"karahšī"@mot	
"bakke"@da	<http://ids.clld.org/values/1-220-186-5>		<http://ids.clld.org/parameters/1-220>		<http://ids.clld.org/values/1-220-242-1>		"dyɨra"@mot	
"lille"@da	<http://ids.clld.org/values/12-560-186-1>		<http://ids.clld.org/parameters/12-560>		<http://ids.clld.org/values/12-560-242-3>		"ihtoo"@mot	
"lille"@da	<http://ids.clld.org/values/12-560-186-1>		<http://ids.clld.org/parameters/12-560>		<http://ids.clld.org/values/12-560-242-1>		"baakaĩ"@mot	
"se"@da	<http://ids.clld.org/values/15-510-186-1>		<http://ids.clld.org/parameters/15-510>		<http://ids.clld.org/values/15-510-242-1>		"maadyi"@mot	
"pige"@da	<http://ids.clld.org/values/2-260-186-1>		<http://ids.clld.org/parameters/2-260>		<http://ids.clld.org/values/2-260-242-1>		"šia"@mot	
"brække sig"@da	<http://ids.clld.org/values/4-570-186-1>		<http://ids.clld.org/parameters/4-570>		<http://ids.clld.org/values/4-570-242-1>		"boɨgsɨ"@mot	
"hik"@da	<http://ids.clld.org/values/4-521-186-1>		<http://ids.clld.org/parameters/4-521>		<http://ids.clld.org/values/4-521-242-1>		"buyakaɨ"@mot	
"aske"@da	<http://ids.clld.org/values/1-840-186-1>		<http://ids.clld.org/parameters/1-840>		<http://ids.clld.org/values/1-840-242-1>		"ibuungdyi"@mot	
"drømme"@da	<http://ids.clld.org/values/4-620-186-1>		<http://ids.clld.org/parameters/4-620>		<http://ids.clld.org/values/4-620-242-1>		"borog'barina"@mot	
"tallerken"@da	<http://ids.clld.org/values/5-320-186-1>		<http://ids.clld.org/parameters/5-320>		<http://ids.clld.org/values/5-320-242-1>		"dado"@mot	
"mandlig"@da	<http://ids.clld.org/values/2-230-186-1>		<http://ids.clld.org/parameters/2-230>		<http://ids.clld.org/values/2-230-242-1>		"ataida"@mot	
"dag"@da	<http://ids.clld.org/values/14-410-186-1>		<http://ids.clld.org/parameters/14-410>		<http://ids.clld.org/values/14-410-242-1>		"barikari"@mot	
"få"@da	<http://ids.clld.org/values/13-170-186-3>		<http://ids.clld.org/parameters/13-170>		<http://ids.clld.org/values/13-170-242-1>		"kobahkaaĩ"@mot	
"liv"@da	<http://ids.clld.org/values/4-740-186-7>		<http://ids.clld.org/parameters/4-740>		<http://ids.clld.org/values/4-740-242-3>		"baɨgbari"@mot	
"liv"@da	<http://ids.clld.org/values/4-740-186-7>		<http://ids.clld.org/parameters/4-740>		<http://ids.clld.org/values/4-740-242-1>		"dobaɨgbari"@mot	
"sparre"@da	<http://ids.clld.org/values/7-540-186-3>		<http://ids.clld.org/parameters/7-540>		<http://ids.clld.org/values/7-540-242-1>		"dāabara"@mot	
"lam"@da	<http://ids.clld.org/values/4-940-186-3>		<http://ids.clld.org/parameters/4-940>		<http://ids.clld.org/values/4-940-242-1>		"sōodoru"@mot	
"tinding"@da	<http://ids.clld.org/values/4-201-186-1>		<http://ids.clld.org/parameters/4-201>		<http://ids.clld.org/values/4-201-242-1>		"kuruu"@mot	
"vi"@da	<http://ids.clld.org/values/2-940-186-1>		<http://ids.clld.org/parameters/2-940>		<http://ids.clld.org/values/2-940-242-1>		"čyiidyi"@mot	
"land"@da	<http://ids.clld.org/values/1-210-186-3>		<http://ids.clld.org/parameters/1-210>		<http://ids.clld.org/values/1-210-242-1>		"ihtãã"@mot	
"fugtig"@da	<http://ids.clld.org/values/15-830-186-3>		<http://ids.clld.org/parameters/15-830>		<http://ids.clld.org/values/15-830-242-1>		"atɨšini"@mot	
"græshoppe"@da	<http://ids.clld.org/values/3-930-186-1>		<http://ids.clld.org/parameters/3-930>		<http://ids.clld.org/values/3-930-242-1>		"bĩbi"@mot	
"strøm"@da	<http://ids.clld.org/values/1-360-186-3>		<http://ids.clld.org/parameters/1-360>		<http://ids.clld.org/values/1-360-242-1>		"bohgī"@mot	
"bror"@da	<http://ids.clld.org/values/2-440-186-3>		<http://ids.clld.org/parameters/2-440>		<http://ids.clld.org/values/2-440-242-1>		"asari"@mot	
"due"@da	<http://ids.clld.org/values/3-594-186-1>		<http://ids.clld.org/parameters/3-594>		<http://ids.clld.org/values/3-594-242-1>		"šibou"@mot	
"bi"@da	<http://ids.clld.org/values/3-820-186-1>		<http://ids.clld.org/parameters/3-820>		<http://ids.clld.org/values/3-820-242-1>		"myaa"@mot	
"høg"@da	<http://ids.clld.org/values/3-585-186-1>		<http://ids.clld.org/parameters/3-585>		<http://ids.clld.org/values/3-585-242-1>		"ōtakdā"@mot	
"tå"@da	<http://ids.clld.org/values/4-380-186-1>		<http://ids.clld.org/parameters/4-380>		<http://ids.clld.org/values/4-380-242-1>		"kuhtū biktrikbī"@mot	
"hun-"@da	<http://ids.clld.org/values/3-130-186-1>		<http://ids.clld.org/parameters/3-130>		<http://ids.clld.org/values/3-130-242-1>		"abama"@mot	
"kilde"@da	<http://ids.clld.org/values/1-370-186-1>		<http://ids.clld.org/parameters/1-370>		<http://ids.clld.org/values/1-370-242-1>		"undaghakĩ"@mot	
"lever"@da	<http://ids.clld.org/values/4-450-186-1>		<http://ids.clld.org/parameters/4-450>		<http://ids.clld.org/values/4-450-242-1>		"aabingba"@mot	
"vand"@da	<http://ids.clld.org/values/1-310-186-1>		<http://ids.clld.org/parameters/1-310>		<http://ids.clld.org/values/1-310-242-1>		"šiima"@mot	
"fem"@da	<http://ids.clld.org/values/13-50-186-1>		<http://ids.clld.org/parameters/13-50>		<http://ids.clld.org/values/13-50-242-1>		"aḳdu inški"@mot	
"lugte"@da	<http://ids.clld.org/values/15-210-186-1>		<http://ids.clld.org/parameters/15-210>		<http://ids.clld.org/values/15-210-242-1>		"aantukãã"@mot	
"stedfader"@da	<http://ids.clld.org/values/2-710-186-1>		<http://ids.clld.org/parameters/2-710>		<http://ids.clld.org/values/2-710-242-1>		"kwaimai"@mot	
"feber"@da	<http://ids.clld.org/values/4-841-186-1>		<http://ids.clld.org/parameters/4-841>		<http://ids.clld.org/values/4-841-242-1>		"kalo"@mot	
"hjerte"@da	<http://ids.clld.org/values/4-440-186-1>		<http://ids.clld.org/parameters/4-440>		<http://ids.clld.org/values/4-440-242-1>		"aḳbadyĩĩ"@mot	
"rod"@da	<http://ids.clld.org/values/8-540-186-1>		<http://ids.clld.org/parameters/8-540>		<http://ids.clld.org/values/8-540-242-1>		"ašišĩĩ"@mot	
"svigerfar"@da	<http://ids.clld.org/values/2-611-186-1>		<http://ids.clld.org/parameters/2-611>		<http://ids.clld.org/values/2-611-242-1>		"ašīaidā"@mot	
"træt"@da	<http://ids.clld.org/values/4-910-186-1>		<http://ids.clld.org/parameters/4-910>		<http://ids.clld.org/values/4-910-242-1>		"sabaribō"@mot	
"slægtninge"@da	<http://ids.clld.org/values/2-810-186-1>		<http://ids.clld.org/parameters/2-810>		<http://ids.clld.org/values/2-810-242-1>		"sadooyī"@mot	
"åre"@da	<http://ids.clld.org/values/4-151-186-1>		<http://ids.clld.org/parameters/4-151>		<http://ids.clld.org/values/4-151-242-1>		"ašĩšii"@mot	
"abe"@da	<http://ids.clld.org/values/3-760-186-1>		<http://ids.clld.org/parameters/3-760>		<http://ids.clld.org/values/3-760-242-1>		"baraši"@mot	
"hjort"@da	<http://ids.clld.org/values/3-750-186-1>		<http://ids.clld.org/parameters/3-750>		<http://ids.clld.org/values/3-750-242-1>		"šadā́ikba"@mot	
"svigermor"@da	<http://ids.clld.org/values/2-621-186-1>		<http://ids.clld.org/parameters/2-621>		<http://ids.clld.org/values/2-621-242-1>		"ašība"@mot	
"forkølelse"@da	<http://ids.clld.org/values/4-843-186-1>		<http://ids.clld.org/parameters/4-843>		<http://ids.clld.org/values/4-843-242-1>		"iroghba"@mot	
"små"@da	<http://ids.clld.org/values/12-560-186-3>		<http://ids.clld.org/parameters/12-560>		<http://ids.clld.org/values/12-560-242-3>		"ihtoo"@mot	
"små"@da	<http://ids.clld.org/values/12-560-186-3>		<http://ids.clld.org/parameters/12-560>		<http://ids.clld.org/values/12-560-242-1>		"baakaĩ"@mot	
"drikke"@da	<http://ids.clld.org/values/5-130-186-1>		<http://ids.clld.org/parameters/5-130>		<http://ids.clld.org/values/5-130-242-3>		"aɨkseɨba"@mot	
"drikke"@da	<http://ids.clld.org/values/5-130-186-1>		<http://ids.clld.org/parameters/5-130>		<http://ids.clld.org/values/5-130-242-1>		"da"@mot	
"hud"@da	<http://ids.clld.org/values/4-120-186-1>		<http://ids.clld.org/parameters/4-120>		<http://ids.clld.org/values/4-120-242-1>		"aɨgšuu"@mot	
"gravid"@da	<http://ids.clld.org/values/4-730-186-1>		<http://ids.clld.org/parameters/4-730>		<http://ids.clld.org/values/4-730-242-1>		"bugdama"@mot	
"ko"@da	<http://ids.clld.org/values/3-230-186-1>		<http://ids.clld.org/parameters/3-230>		<http://ids.clld.org/values/3-230-242-1>		"šibāa"@mot	
"gris"@da	<http://ids.clld.org/values/3-350-186-1>		<http://ids.clld.org/parameters/3-350>		<http://ids.clld.org/values/3-350-242-1>		"bisao"@mot	
"oppe"@da	<http://ids.clld.org/values/12-80-186-1>		<http://ids.clld.org/parameters/12-80>		<http://ids.clld.org/values/12-80-242-1>		"baaduu"@mot	
"vække"@da	<http://ids.clld.org/values/4-630-186-1>		<http://ids.clld.org/parameters/4-630>		<http://ids.clld.org/values/4-630-242-1>		"kiārusa"@mot	
"tre"@da	<http://ids.clld.org/values/13-30-186-1>		<http://ids.clld.org/parameters/13-30>		<http://ids.clld.org/values/13-30-242-3>		"bitentoḳou"@mot	
"tre"@da	<http://ids.clld.org/values/13-30-186-1>		<http://ids.clld.org/parameters/13-30>		<http://ids.clld.org/values/13-30-242-1>		"tentoḳou"@mot	
"læder"@da	<http://ids.clld.org/values/6-290-186-1>		<http://ids.clld.org/parameters/6-290>		<http://ids.clld.org/values/6-290-242-1>		"biruna"@mot	
"presse"@da	<http://ids.clld.org/values/9-343-186-1>		<http://ids.clld.org/parameters/9-343>		<http://ids.clld.org/values/9-343-242-1>		"saɨng-saing"@mot	
"rød pebber"@da	<http://ids.clld.org/values/5-821-186-1>		<http://ids.clld.org/parameters/5-821>		<http://ids.clld.org/values/5-821-242-1>		"lore"@mot	
"bæk"@da	<http://ids.clld.org/values/1-360-186-5>		<http://ids.clld.org/parameters/1-360>		<http://ids.clld.org/values/1-360-242-1>		"bohgī"@mot	
"bryst"@da	<http://ids.clld.org/values/4-400-186-1>		<http://ids.clld.org/parameters/4-400>		<http://ids.clld.org/values/4-400-242-1>		"bidū"@mot	
"øreflip"@da	<http://ids.clld.org/values/4-221-186-1>		<http://ids.clld.org/parameters/4-221>		<http://ids.clld.org/values/4-221-242-1>		"kokčaidyi"@mot	
"benklæder"@da	<http://ids.clld.org/values/6-480-186-3>		<http://ids.clld.org/parameters/6-480>		<http://ids.clld.org/values/6-480-242-1>		"ašiõkba"@mot	
"legeme"@da	<http://ids.clld.org/values/4-110-186-1>		<http://ids.clld.org/parameters/4-110>		<http://ids.clld.org/values/4-110-242-1>		"aidyīi"@mot	
"snegl"@da	<http://ids.clld.org/values/3-940-186-1>		<http://ids.clld.org/parameters/3-940>		<http://ids.clld.org/values/3-940-242-1>		"kiugtū"@mot	
"sten"@da	<http://ids.clld.org/values/1-440-186-1>		<http://ids.clld.org/parameters/1-440>		<http://ids.clld.org/values/1-440-242-3>		"aɨna"@mot	
"sten"@da	<http://ids.clld.org/values/1-440-186-1>		<http://ids.clld.org/parameters/1-440>		<http://ids.clld.org/values/1-440-242-1>		"ããng"@mot	
"vind"@da	<http://ids.clld.org/values/1-720-186-1>		<http://ids.clld.org/parameters/1-720>		<http://ids.clld.org/values/1-720-242-1>		"saaba"@mot	
"tygge"@da	<http://ids.clld.org/values/5-180-186-1>		<http://ids.clld.org/parameters/5-180>		<http://ids.clld.org/values/5-180-242-1>		"kõõ"@mot	
"kvinde"@da	<http://ids.clld.org/values/2-220-186-1>		<http://ids.clld.org/parameters/2-220>		<http://ids.clld.org/values/2-220-242-1>		"byoo"@mot	
"skide"@da	<http://ids.clld.org/values/4-660-186-1>		<http://ids.clld.org/parameters/4-660>		<http://ids.clld.org/values/4-660-242-1>		"ahtū"@mot	
"kød"@da	<http://ids.clld.org/values/5-610-186-1>		<http://ids.clld.org/parameters/5-610>		<http://ids.clld.org/values/5-610-242-1>		"aaidyi"@mot	
"klippe"@da	<http://ids.clld.org/values/1-222-186-3>		<http://ids.clld.org/parameters/1-222>		<http://ids.clld.org/values/1-222-242-1>		"angbarī"@mot	
"snorke"@da	<http://ids.clld.org/values/4-612-186-1>		<http://ids.clld.org/parameters/4-612>		<http://ids.clld.org/values/4-612-242-1>		"kabāla"@mot	
"hovedbeklædning"@da	<http://ids.clld.org/values/6-780-186-1>		<http://ids.clld.org/parameters/6-780>		<http://ids.clld.org/values/6-780-242-1>		"somene"@mot	
"give"@da	<http://ids.clld.org/values/11-210-186-1>		<http://ids.clld.org/parameters/11-210>		<http://ids.clld.org/values/11-210-242-1>		"iiran"@mot	
"skrælle"@da	<http://ids.clld.org/values/5-460-186-1>		<http://ids.clld.org/parameters/5-460>		<http://ids.clld.org/values/5-460-242-1>		"šū"@mot	
"slem"@da	<http://ids.clld.org/values/16-720-186-5>		<http://ids.clld.org/parameters/16-720>		<http://ids.clld.org/values/16-720-242-1>		"arongbɨšini"@mot	
"slem"@da	<http://ids.clld.org/values/16-720-186-5>		<http://ids.clld.org/parameters/16-720>		<http://ids.clld.org/values/16-720-242-3>		"atraḳaari"@mot	
"perle"@da	<http://ids.clld.org/values/6-760-186-1>		<http://ids.clld.org/parameters/6-760>		<http://ids.clld.org/values/6-760-242-1>		"karahšī"@mot	
"stedmor"@da	<http://ids.clld.org/values/2-720-186-3>		<http://ids.clld.org/parameters/2-720>		<http://ids.clld.org/values/2-720-242-1>		"abāama"@mot	
"skygge"@da	<http://ids.clld.org/values/1-630-186-1>		<http://ids.clld.org/parameters/1-630>		<http://ids.clld.org/values/1-630-242-1>		"sasaayn"@mot	
"døv"@da	<http://ids.clld.org/values/4-950-186-1>		<http://ids.clld.org/parameters/4-950>		<http://ids.clld.org/values/4-950-242-1>		"kokčikai"@mot	
"fuld"@da	<http://ids.clld.org/values/13-210-186-1>		<http://ids.clld.org/parameters/13-210>		<http://ids.clld.org/values/13-210-242-1>		"booḳbarik"@mot	
"gul"@da	<http://ids.clld.org/values/15-690-186-1>		<http://ids.clld.org/parameters/15-690>		<http://ids.clld.org/values/15-690-242-1>		"karikã ašungdu"@mot	
"klø"@da	<http://ids.clld.org/values/4-854-186-1>		<http://ids.clld.org/parameters/4-854>		<http://ids.clld.org/values/4-854-242-1>		"alošīni"@mot	
"sky"@da	<http://ids.clld.org/values/1-730-186-1>		<http://ids.clld.org/parameters/1-730>		<http://ids.clld.org/values/1-730-242-1>		"nindihkɨ"@mot	
"syg"@da	<http://ids.clld.org/values/4-840-186-1>		<http://ids.clld.org/parameters/4-840>		<http://ids.clld.org/values/4-840-242-1>		"sašini"@mot	
"fjernt"@da	<http://ids.clld.org/values/12-440-186-3>		<http://ids.clld.org/parameters/12-440>		<http://ids.clld.org/values/12-440-242-1>		"iitčikiri"@mot	
"spalte"@da	<http://ids.clld.org/values/9-270-186-1>		<http://ids.clld.org/parameters/9-270>		<http://ids.clld.org/values/9-270-242-1>		"aɨgdon (?)"@mot	
"bikube"@da	<http://ids.clld.org/values/3-822-186-1>		<http://ids.clld.org/parameters/3-822>		<http://ids.clld.org/values/3-822-242-1>		"burubī"@mot	
"gift kvinde"@da	<http://ids.clld.org/values/2-390-186-1>		<http://ids.clld.org/parameters/2-390>		<http://ids.clld.org/values/2-390-242-1>		"byoo"@mot	
"splitte"@da	<http://ids.clld.org/values/9-270-186-5>		<http://ids.clld.org/parameters/9-270>		<http://ids.clld.org/values/9-270-242-1>		"aɨgdon (?)"@mot	
"have"@da	<http://ids.clld.org/values/8-130-186-1>		<http://ids.clld.org/parameters/8-130>		<http://ids.clld.org/values/8-130-242-1>		"dogbah"@mot	
"hver"@da	<http://ids.clld.org/values/13-140-186-1>		<http://ids.clld.org/parameters/13-140>		<http://ids.clld.org/values/13-140-242-1>		"ĩĩški"@mot	
"levende"@da	<http://ids.clld.org/values/4-740-186-3>		<http://ids.clld.org/parameters/4-740>		<http://ids.clld.org/values/4-740-242-3>		"baɨgbari"@mot	
"levende"@da	<http://ids.clld.org/values/4-740-186-3>		<http://ids.clld.org/parameters/4-740>		<http://ids.clld.org/values/4-740-242-1>		"dobaɨgbari"@mot	
"ager"@da	<http://ids.clld.org/values/8-120-186-3>		<http://ids.clld.org/parameters/8-120>		<http://ids.clld.org/values/8-120-242-1>		"dogbah"@mot	
"pande"@da	<http://ids.clld.org/values/4-205-186-1>		<http://ids.clld.org/parameters/4-205>		<http://ids.clld.org/values/4-205-242-1>		"dokbā"@mot	
"lanse"@da	<http://ids.clld.org/values/20-260-186-3>		<http://ids.clld.org/parameters/20-260>		<http://ids.clld.org/values/20-260-242-1>		"ããdyɨčkãn"@mot	
"myre"@da	<http://ids.clld.org/values/3-817-186-1>		<http://ids.clld.org/parameters/3-817>		<http://ids.clld.org/values/3-817-242-1>		"kumaā"@mot	
"langt"@da	<http://ids.clld.org/values/12-440-186-1>		<http://ids.clld.org/parameters/12-440>		<http://ids.clld.org/values/12-440-242-1>		"iitčikiri"@mot	
"næse"@da	<http://ids.clld.org/values/4-230-186-1>		<http://ids.clld.org/parameters/4-230>		<http://ids.clld.org/values/4-230-242-1>		"ḍiisa"@mot	
"krokodille"@da	<http://ids.clld.org/values/3-970-186-1>		<http://ids.clld.org/parameters/3-970>		<http://ids.clld.org/values/3-970-242-1>		"kantā"@mot	
"klo"@da	<http://ids.clld.org/values/4-345-186-1>		<http://ids.clld.org/parameters/4-345>		<http://ids.clld.org/values/4-345-242-1>		"ašitdo"@mot	
"fod"@da	<http://ids.clld.org/values/4-370-186-1>		<http://ids.clld.org/parameters/4-370>		<http://ids.clld.org/values/4-370-242-1>		"kihtuu"@mot	
"tvætte"@da	<http://ids.clld.org/values/9-360-186-3>		<http://ids.clld.org/parameters/9-360>		<http://ids.clld.org/values/9-360-242-1>		"dukan"@mot	
"rådden"@da	<http://ids.clld.org/values/5-125-186-1>		<http://ids.clld.org/parameters/5-125>		<http://ids.clld.org/values/5-125-242-1>		"ããnta"@mot	
"finger"@da	<http://ids.clld.org/values/4-340-186-1>		<http://ids.clld.org/parameters/4-340>		<http://ids.clld.org/values/4-340-242-1>		"aḳduu kiokbā"@mot	
"mælk"@da	<http://ids.clld.org/values/5-860-186-1>		<http://ids.clld.org/parameters/5-860>		<http://ids.clld.org/values/5-860-242-1>		"ahtuu"@mot	
"brænde"@da	<http://ids.clld.org/values/1-851-186-1>		<http://ids.clld.org/parameters/1-851>		<http://ids.clld.org/values/1-851-242-1>		"dyoosaḳãn"@mot	
"ond"@da	<http://ids.clld.org/values/16-720-186-3>		<http://ids.clld.org/parameters/16-720>		<http://ids.clld.org/values/16-720-242-1>		"arongbɨšini"@mot	
"ond"@da	<http://ids.clld.org/values/16-720-186-3>		<http://ids.clld.org/parameters/16-720>		<http://ids.clld.org/values/16-720-242-3>		"atraḳaari"@mot	
"lysbille"@da	<http://ids.clld.org/values/3-910-186-1>		<http://ids.clld.org/parameters/3-910>		<http://ids.clld.org/values/3-910-242-1>		"bāādukdū"@mot	
"fiskeskæl"@da	<http://ids.clld.org/values/3-653-186-1>		<http://ids.clld.org/parameters/3-653>		<http://ids.clld.org/values/3-653-242-1>		"ataktā"@mot	
"koge"@da	<http://ids.clld.org/values/5-210-186-1>		<http://ids.clld.org/parameters/5-210>		<http://ids.clld.org/values/5-210-242-1>		"binasa"@mot	
"lyn"@da	<http://ids.clld.org/values/1-550-186-1>		<http://ids.clld.org/parameters/1-550>		<http://ids.clld.org/values/1-550-242-1>		"dyibahdū"@mot	
"spejl"@da	<http://ids.clld.org/values/6-960-186-1>		<http://ids.clld.org/parameters/6-960>		<http://ids.clld.org/values/6-960-242-1>		"oyabiyīyi"@mot	
"tænke"@da	<http://ids.clld.org/values/17-130-186-1>		<http://ids.clld.org/parameters/17-130>		<http://ids.clld.org/values/17-130-242-1>		"yaamitdoḳaani"@mot	
"suge"@da	<http://ids.clld.org/values/5-160-186-1>		<http://ids.clld.org/parameters/5-160>		<http://ids.clld.org/values/5-160-242-3>		"dada"@mot	
"suge"@da	<http://ids.clld.org/values/5-160-186-1>		<http://ids.clld.org/parameters/5-160>		<http://ids.clld.org/values/5-160-242-1>		"tuu aɨgsadyĩ"@mot	
"knogle"@da	<http://ids.clld.org/values/4-160-186-3>		<http://ids.clld.org/parameters/4-160>		<http://ids.clld.org/values/4-160-242-1>		"ahkara"@mot	
"vaske"@da	<http://ids.clld.org/values/9-360-186-1>		<http://ids.clld.org/parameters/9-360>		<http://ids.clld.org/values/9-360-242-1>		"dukan"@mot	
"flygt"@da	<http://ids.clld.org/values/16-530-186-1>		<http://ids.clld.org/parameters/16-530>		<http://ids.clld.org/values/16-530-242-1>		"doḳtosõn"@mot	
"tørst"@da	<http://ids.clld.org/values/5-150-186-1>		<http://ids.clld.org/parameters/5-150>		<http://ids.clld.org/values/5-150-242-1>		"šimasara"@mot	
"læbe"@da	<http://ids.clld.org/values/4-250-186-1>		<http://ids.clld.org/parameters/4-250>		<http://ids.clld.org/values/4-250-242-1>		"kaḳšu"@mot	
"tommelfinger"@da	<http://ids.clld.org/values/4-342-186-1>		<http://ids.clld.org/parameters/4-342>		<http://ids.clld.org/values/4-342-242-1>		"abi kiokbā"@mot	
"to"@da	<http://ids.clld.org/values/13-20-186-1>		<http://ids.clld.org/parameters/13-20>		<http://ids.clld.org/values/13-20-242-1>		"ĩĩsaami"@mot	
"år"@da	<http://ids.clld.org/values/4-858-186-1>		<http://ids.clld.org/parameters/4-858>		<http://ids.clld.org/values/4-858-242-1>		"kahkā"@mot	
"pisse"@da	<http://ids.clld.org/values/4-650-186-3>		<http://ids.clld.org/parameters/4-650>		<http://ids.clld.org/values/4-650-242-1>		"itčiki"@mot	
"kylling"@da	<http://ids.clld.org/values/3-550-186-1>		<http://ids.clld.org/parameters/3-550>		<http://ids.clld.org/values/3-550-242-1>		"kari"@mot	
"øje"@da	<http://ids.clld.org/values/4-210-186-1>		<http://ids.clld.org/parameters/4-210>		<http://ids.clld.org/values/4-210-242-3>		"oošubi"@mot	
"øje"@da	<http://ids.clld.org/values/4-210-186-1>		<http://ids.clld.org/parameters/4-210>		<http://ids.clld.org/values/4-210-242-1>		"oo"@mot	
"indsø"@da	<http://ids.clld.org/values/1-330-186-3>		<http://ids.clld.org/parameters/1-330>		<http://ids.clld.org/values/1-330-242-1>		"badõo"@mot	
"skæg"@da	<http://ids.clld.org/values/4-142-186-1>		<http://ids.clld.org/parameters/4-142>		<http://ids.clld.org/values/4-142-242-1>		"dakã kači"@mot	
"tusindben"@da	<http://ids.clld.org/values/3-814-186-1>		<http://ids.clld.org/parameters/3-814>		<http://ids.clld.org/values/3-814-242-1>		"iširabana"@mot	
"alle"@da	<http://ids.clld.org/values/13-140-186-7>		<http://ids.clld.org/parameters/13-140>		<http://ids.clld.org/values/13-140-242-1>		"ĩĩški"@mot	
"bryst"@da	<http://ids.clld.org/values/4-410-186-1>		<http://ids.clld.org/parameters/4-410>		<http://ids.clld.org/values/4-410-242-1>		"twaa"@mot	
"rask"@da	<http://ids.clld.org/values/4-830-186-1>		<http://ids.clld.org/parameters/4-830>		<http://ids.clld.org/values/4-830-242-1>		"sabah"@mot	
"fedt"@da	<http://ids.clld.org/values/5-791-186-1>		<http://ids.clld.org/parameters/5-791>		<http://ids.clld.org/values/5-791-242-1>		"ahtooto"@mot	
"snor"@da	<http://ids.clld.org/values/9-190-186-5>		<http://ids.clld.org/parameters/9-190>		<http://ids.clld.org/values/9-190-242-1>		"kaaḳšibu"@mot	
"snor"@da	<http://ids.clld.org/values/9-190-186-5>		<http://ids.clld.org/parameters/9-190>		<http://ids.clld.org/values/9-190-242-3>		"bwaisaɨg"@mot	
"moder"@da	<http://ids.clld.org/values/2-360-186-1>		<http://ids.clld.org/parameters/2-360>		<http://ids.clld.org/values/2-360-242-1>		"abaama"@mot	
"stå"@da	<http://ids.clld.org/values/12-150-186-1>		<http://ids.clld.org/parameters/12-150>		<http://ids.clld.org/values/12-150-242-1>		"bikigbisaa"@mot	
"ny"@da	<http://ids.clld.org/values/14-130-186-1>		<http://ids.clld.org/parameters/14-130>		<http://ids.clld.org/values/14-130-242-1>		"oḳdo"@mot	
"sygdom"@da	<http://ids.clld.org/values/4-840-186-3>		<http://ids.clld.org/parameters/4-840>		<http://ids.clld.org/values/4-840-242-1>		"sašini"@mot	
"skildpadde"@da	<http://ids.clld.org/values/3-980-186-1>		<http://ids.clld.org/parameters/3-980>		<http://ids.clld.org/values/3-980-242-1>		"dãšũ"@mot	
"sige"@da	<http://ids.clld.org/values/18-220-186-1>		<http://ids.clld.org/parameters/18-220>		<http://ids.clld.org/values/18-220-242-1>		"iibaḳan"@mot	
"hustru"@da	<http://ids.clld.org/values/2-320-186-3>		<http://ids.clld.org/parameters/2-320>		<http://ids.clld.org/values/2-320-242-1>		"a-byoo-bai"@mot	
"and"@da	<http://ids.clld.org/values/3-570-186-1>		<http://ids.clld.org/parameters/3-570>		<http://ids.clld.org/values/3-570-242-1>		"bakbā"@mot	
"hvile"@da	<http://ids.clld.org/values/4-912-186-1>		<http://ids.clld.org/parameters/4-912>		<http://ids.clld.org/values/4-912-242-1>		"onšikākna"@mot	
"tåge"@da	<http://ids.clld.org/values/1-740-186-1>		<http://ids.clld.org/parameters/1-740>		<http://ids.clld.org/values/1-740-242-1>		"boraaba"@mot	
"græsse"@da	<http://ids.clld.org/values/3-160-186-1>		<http://ids.clld.org/parameters/3-160>		<http://ids.clld.org/values/3-160-242-1>		"dihdyi"@mot	
"høne"@da	<http://ids.clld.org/values/3-540-186-1>		<http://ids.clld.org/parameters/3-540>		<http://ids.clld.org/values/3-540-242-1>		"kari"@mot	
"megen"@da	<http://ids.clld.org/values/13-150-186-1>		<http://ids.clld.org/parameters/13-150>		<http://ids.clld.org/values/13-150-242-1>		"škikbeh"@mot	
"mave"@da	<http://ids.clld.org/values/4-460-186-1>		<http://ids.clld.org/parameters/4-460>		<http://ids.clld.org/values/4-460-242-1>		"išii"@mot	
"mave"@da	<http://ids.clld.org/values/4-460-186-1>		<http://ids.clld.org/parameters/4-460>		<http://ids.clld.org/values/4-460-242-3>		"aišii"@mot	
"jævn"@da	<http://ids.clld.org/values/15-770-186-3>		<http://ids.clld.org/parameters/15-770>		<http://ids.clld.org/values/15-770-242-1>		"dyibakaari"@mot	
"datterdatter"@da	<http://ids.clld.org/values/2-490-186-3>		<http://ids.clld.org/parameters/2-490>		<http://ids.clld.org/values/2-490-242-1>		"šiā́ abira"@mot	
"grøn"@da	<http://ids.clld.org/values/15-680-186-1>		<http://ids.clld.org/parameters/15-680>		<http://ids.clld.org/values/15-680-242-1>		"bireikara"@mot	
"have samleje"@da	<http://ids.clld.org/values/4-670-186-1>		<http://ids.clld.org/parameters/4-670>		<http://ids.clld.org/values/4-670-242-1>		"šikbā dikaina"@mot	
"kraftig"@da	<http://ids.clld.org/values/4-810-186-5>		<http://ids.clld.org/parameters/4-810>		<http://ids.clld.org/values/4-810-242-1>		"karābari"@mot	
"pels"@da	<http://ids.clld.org/values/6-280-186-1>		<http://ids.clld.org/parameters/6-280>		<http://ids.clld.org/values/6-280-242-1>		"ããkbãra"@mot	
"dør"@da	<http://ids.clld.org/values/7-220-186-1>		<http://ids.clld.org/parameters/7-220>		<http://ids.clld.org/values/7-220-242-1>		"unkušū"@mot	
"hungersnød"@da	<http://ids.clld.org/values/5-141-186-1>		<http://ids.clld.org/parameters/5-141>		<http://ids.clld.org/values/5-141-242-1>		"išīdobeši"@mot	
"søskendebarn"@da	<http://ids.clld.org/values/2-550-186-1>		<http://ids.clld.org/parameters/2-550>		<http://ids.clld.org/values/2-550-242-1>		"sāya sašī"@mot	
"søskendebarn"@da	<http://ids.clld.org/values/2-550-186-1>		<http://ids.clld.org/parameters/2-550>		<http://ids.clld.org/values/2-550-242-3>		"sāya ša"@mot	
"frø"@da	<http://ids.clld.org/values/8-311-186-1>		<http://ids.clld.org/parameters/8-311>		<http://ids.clld.org/values/8-311-242-1>		"ahḳooḳbah"@mot	
"rotte"@da	<http://ids.clld.org/values/3-630-186-3>		<http://ids.clld.org/parameters/3-630>		<http://ids.clld.org/values/3-630-242-1>		"dahtumia"@mot	
"tung"@da	<http://ids.clld.org/values/15-810-186-1>		<http://ids.clld.org/parameters/15-810>		<http://ids.clld.org/values/15-810-242-1>		"aabari"@mot	
"hjerneskal"@da	<http://ids.clld.org/values/4-202-186-3>		<http://ids.clld.org/parameters/4-202>		<http://ids.clld.org/values/4-202-242-1>		"sākba kalā"@mot	
"kold"@da	<http://ids.clld.org/values/15-860-186-1>		<http://ids.clld.org/parameters/15-860>		<http://ids.clld.org/values/15-860-242-1>		"tɨɨšini"@mot	
"spædbarn"@da	<http://ids.clld.org/values/2-280-186-1>		<http://ids.clld.org/parameters/2-280>		<http://ids.clld.org/values/2-280-242-1>		"bahkuī"@mot	
"mand"@da	<http://ids.clld.org/values/2-210-186-1>		<http://ids.clld.org/parameters/2-210>		<http://ids.clld.org/values/2-210-242-1>		"la"@mot	
"dal"@da	<http://ids.clld.org/values/1-240-186-1>		<http://ids.clld.org/parameters/1-240>		<http://ids.clld.org/values/1-240-242-1>		"šiimbia"@mot	
"nær"@da	<http://ids.clld.org/values/12-430-186-1>		<http://ids.clld.org/parameters/12-430>		<http://ids.clld.org/values/12-430-242-1>		"muungdani"@mot	
"bomuld"@da	<http://ids.clld.org/values/6-240-186-1>		<http://ids.clld.org/parameters/6-240>		<http://ids.clld.org/values/6-240-242-1>		"kalã"@mot	
"kasket"@da	<http://ids.clld.org/values/6-550-186-5>		<http://ids.clld.org/parameters/6-550>		<http://ids.clld.org/values/6-550-242-1>		"somene"@mot	
"dø"@da	<http://ids.clld.org/values/4-750-186-1>		<http://ids.clld.org/parameters/4-750>		<http://ids.clld.org/values/4-750-242-1>		"širɨ̃ aḳbaikãng"@mot	
"hvad?"@da	<http://ids.clld.org/values/17-640-186-1>		<http://ids.clld.org/parameters/17-640>		<http://ids.clld.org/values/17-640-242-1>		"aybi"@mot	
"hvad?"@da	<http://ids.clld.org/values/17-640-186-1>		<http://ids.clld.org/parameters/17-640>		<http://ids.clld.org/values/17-640-242-3>		"aybidou"@mot	
"hvordan?"@da	<http://ids.clld.org/values/17-610-186-1>		<http://ids.clld.org/parameters/17-610>		<http://ids.clld.org/values/17-610-242-1>		"aangka"@mot	
"føde"@da	<http://ids.clld.org/values/5-120-186-3>		<http://ids.clld.org/parameters/5-120>		<http://ids.clld.org/values/5-120-242-1>		"kāraba"@mot	
"brønd"@da	<http://ids.clld.org/values/1-370-186-3>		<http://ids.clld.org/parameters/1-370>		<http://ids.clld.org/values/1-370-242-1>		"undaghakĩ"@mot	
"dyr"@da	<http://ids.clld.org/values/3-110-186-1>		<http://ids.clld.org/parameters/3-110>		<http://ids.clld.org/values/3-110-242-1>		"rugčī"@mot	
"inde"@da	<http://ids.clld.org/values/12-50-186-1>		<http://ids.clld.org/parameters/12-50>		<http://ids.clld.org/values/12-50-242-1>		"-ro"@mot	
"svigerdatter"@da	<http://ids.clld.org/values/2-640-186-1>		<http://ids.clld.org/parameters/2-640>		<http://ids.clld.org/values/2-640-242-1>		"inatdakū ašī"@mot	
"tyk"@da	<http://ids.clld.org/values/12-630-186-1>		<http://ids.clld.org/parameters/12-630>		<http://ids.clld.org/values/12-630-242-1>		"aabi"@mot	
"ansigt"@da	<http://ids.clld.org/values/4-204-186-1>		<http://ids.clld.org/parameters/4-204>		<http://ids.clld.org/values/4-204-242-1>		"lokbā"@mot	
"seng"@da	<http://ids.clld.org/values/7-420-186-1>		<http://ids.clld.org/parameters/7-420>		<http://ids.clld.org/values/7-420-242-1>		"kagsãduoyī"@mot	
"rå"@da	<http://ids.clld.org/values/5-122-186-1>		<http://ids.clld.org/parameters/5-122>		<http://ids.clld.org/values/5-122-242-1>		"tagta"@mot	
"rinde"@da	<http://ids.clld.org/values/10-320-186-3>		<http://ids.clld.org/parameters/10-320>		<http://ids.clld.org/values/10-320-242-1>		"širurũ otaḳbari"@mot	
"hule"@da	<http://ids.clld.org/values/1-280-186-1>		<http://ids.clld.org/parameters/1-280>		<http://ids.clld.org/values/1-280-242-1>		"akdō"@mot	
"spær"@da	<http://ids.clld.org/values/7-540-186-1>		<http://ids.clld.org/parameters/7-540>		<http://ids.clld.org/values/7-540-242-1>		"dāabara"@mot	
"helbrede"@da	<http://ids.clld.org/values/4-860-186-1>		<http://ids.clld.org/parameters/4-860>		<http://ids.clld.org/values/4-860-242-1>		"boāimai"@mot	
"mark"@da	<http://ids.clld.org/values/1-230-186-3>		<http://ids.clld.org/parameters/1-230>		<http://ids.clld.org/values/1-230-242-1>		"bẽa"@mot	
"testikel"@da	<http://ids.clld.org/values/4-490-186-1>		<http://ids.clld.org/parameters/4-490>		<http://ids.clld.org/values/4-490-242-1>		"ok'bā"@mot	
"verden"@da	<http://ids.clld.org/values/1-100-186-1>		<http://ids.clld.org/parameters/1-100>		<http://ids.clld.org/values/1-100-242-1>		"ihtãã"@mot	
"hår"@da	<http://ids.clld.org/values/4-144-186-1>		<http://ids.clld.org/parameters/4-144>		<http://ids.clld.org/values/4-144-242-1>		"kāači"@mot	
"sundhed"@da	<http://ids.clld.org/values/4-830-186-7>		<http://ids.clld.org/parameters/4-830>		<http://ids.clld.org/values/4-830-242-1>		"sabah"@mot	
"kniv"@da	<http://ids.clld.org/values/5-380-186-1>		<http://ids.clld.org/parameters/5-380>		<http://ids.clld.org/values/5-380-242-1>		"baktrusā"@mot	
"dreng"@da	<http://ids.clld.org/values/2-250-186-1>		<http://ids.clld.org/parameters/2-250>		<http://ids.clld.org/values/2-250-242-1>		"saaši"@mot	
"klippe"@da	<http://ids.clld.org/values/1-440-186-3>		<http://ids.clld.org/parameters/1-440>		<http://ids.clld.org/values/1-440-242-3>		"aɨna"@mot	
"klippe"@da	<http://ids.clld.org/values/1-440-186-3>		<http://ids.clld.org/parameters/1-440>		<http://ids.clld.org/values/1-440-242-1>		"ããng"@mot	
"flyve"@da	<http://ids.clld.org/values/10-370-186-1>		<http://ids.clld.org/parameters/10-370>		<http://ids.clld.org/values/10-370-242-1>		"boohboo oḳadyĩ"@mot	
"grund"@da	<http://ids.clld.org/values/1-212-186-1>		<http://ids.clld.org/parameters/1-212>		<http://ids.clld.org/values/1-212-242-1>		"ihtãã"@mot	
"tordenkile"@da	<http://ids.clld.org/values/1-570-186-3>		<http://ids.clld.org/parameters/1-570>		<http://ids.clld.org/values/1-570-242-1>		"yibahdu"@mot	
"klæder"@da	<http://ids.clld.org/values/6-120-186-3>		<http://ids.clld.org/parameters/6-120>		<http://ids.clld.org/values/6-120-242-1>		"duksā"@mot	
"pæl"@da	<http://ids.clld.org/values/7-560-186-1>		<http://ids.clld.org/parameters/7-560>		<http://ids.clld.org/values/7-560-242-1>		"kakbaibai"@mot	
"honning"@da	<http://ids.clld.org/values/5-840-186-1>		<http://ids.clld.org/parameters/5-840>		<http://ids.clld.org/values/5-840-242-1>		"čiriba"@mot	
"ånde"@da	<http://ids.clld.org/values/4-510-186-3>		<http://ids.clld.org/parameters/4-510>		<http://ids.clld.org/values/4-510-242-1>		"bosobuku"@mot	
"ferskvandsål"@da	<http://ids.clld.org/values/3-665-186-1>		<http://ids.clld.org/parameters/3-665>		<http://ids.clld.org/values/3-665-242-1>		"bāībukū"@mot	
"blind"@da	<http://ids.clld.org/values/4-970-186-1>		<http://ids.clld.org/parameters/4-970>		<http://ids.clld.org/values/4-970-242-1>		"škakyūbigbari"@mot	
"bore"@da	<http://ids.clld.org/values/9-460-186-1>		<http://ids.clld.org/parameters/9-460>		<http://ids.clld.org/values/9-460-242-1>		"akotukããn"@mot	
"hvem?"@da	<http://ids.clld.org/values/17-680-186-1>		<http://ids.clld.org/parameters/17-680>		<http://ids.clld.org/values/17-680-242-1>		"ããmai"@mot	
"ræv"@da	<http://ids.clld.org/values/3-740-186-1>		<http://ids.clld.org/parameters/3-740>		<http://ids.clld.org/values/3-740-242-1>		"yaurāba"@mot	
"far"@da	<http://ids.clld.org/values/2-350-186-3>		<http://ids.clld.org/parameters/2-350>		<http://ids.clld.org/values/2-350-242-1>		"aataida"@mot	
"hvor?"@da	<http://ids.clld.org/values/17-660-186-1>		<http://ids.clld.org/parameters/17-660>		<http://ids.clld.org/values/17-660-242-1>		"abããhã"@mot	
"gift mand"@da	<http://ids.clld.org/values/2-380-186-1>		<http://ids.clld.org/parameters/2-380>		<http://ids.clld.org/values/2-380-242-1>		"da"@mot	
"gælle"@da	<http://ids.clld.org/values/3-654-186-1>		<http://ids.clld.org/parameters/3-654>		<http://ids.clld.org/values/3-654-242-1>		"akohkōu"@mot	
"uren"@da	<http://ids.clld.org/values/15-880-186-5>		<http://ids.clld.org/parameters/15-880>		<http://ids.clld.org/values/15-880-242-1>		"baidaani"@mot	
"mark"@da	<http://ids.clld.org/values/8-120-186-1>		<http://ids.clld.org/parameters/8-120>		<http://ids.clld.org/values/8-120-242-1>		"dogbah"@mot	
"skind"@da	<http://ids.clld.org/values/4-120-186-3>		<http://ids.clld.org/parameters/4-120>		<http://ids.clld.org/values/4-120-242-1>		"aɨgšuu"@mot	
"ret"@da	<http://ids.clld.org/values/12-730-186-3>		<http://ids.clld.org/parameters/12-730>		<http://ids.clld.org/values/12-730-242-1>		"biiki"@mot	
"blad"@da	<http://ids.clld.org/values/8-560-186-1>		<http://ids.clld.org/parameters/8-560>		<http://ids.clld.org/values/8-560-242-1>		"ahḳaadu"@mot	
"svamp"@da	<http://ids.clld.org/values/1-380-186-1>		<http://ids.clld.org/parameters/1-380>		<http://ids.clld.org/values/1-380-242-1>		"barona"@mot	
"vævestol"@da	<http://ids.clld.org/values/6-340-186-1>		<http://ids.clld.org/parameters/6-340>		<http://ids.clld.org/values/6-340-242-1>		"kāna"@mot	
"hale"@da	<http://ids.clld.org/values/4-180-186-1>		<http://ids.clld.org/parameters/4-180>		<http://ids.clld.org/values/4-180-242-1>		"arihku"@mot	
"vågne"@da	<http://ids.clld.org/values/4-630-186-3>		<http://ids.clld.org/parameters/4-630>		<http://ids.clld.org/values/4-630-242-1>		"kiārusa"@mot	
"trækul"@da	<http://ids.clld.org/values/1-890-186-1>		<http://ids.clld.org/parameters/1-890>		<http://ids.clld.org/values/1-890-242-1>		"ikogbah"@mot	
"dårlig"@da	<http://ids.clld.org/values/16-720-186-1>		<http://ids.clld.org/parameters/16-720>		<http://ids.clld.org/values/16-720-242-1>		"arongbɨšini"@mot	
"dårlig"@da	<http://ids.clld.org/values/16-720-186-1>		<http://ids.clld.org/parameters/16-720>		<http://ids.clld.org/values/16-720-242-3>		"atraḳaari"@mot	
"brænde"@da	<http://ids.clld.org/values/1-880-186-1>		<http://ids.clld.org/parameters/1-880>		<http://ids.clld.org/values/1-880-242-1>		"kaa"@mot	
"kjole"@da	<http://ids.clld.org/values/6-420-186-1>		<http://ids.clld.org/parameters/6-420>		<http://ids.clld.org/values/6-420-242-1>		"dukdū"@mot	
"hvid"@da	<http://ids.clld.org/values/15-640-186-1>		<http://ids.clld.org/parameters/15-640>		<http://ids.clld.org/values/15-640-242-1>		"bačii"@mot	
"hvid"@da	<http://ids.clld.org/values/15-640-186-1>		<http://ids.clld.org/parameters/15-640>		<http://ids.clld.org/values/15-640-242-3>		"bačiini"@mot	
"bade"@da	<http://ids.clld.org/values/4-690-186-1>		<http://ids.clld.org/parameters/4-690>		<http://ids.clld.org/values/4-690-242-1>		"aobēēbe"@mot	
"ben"@da	<http://ids.clld.org/values/4-350-186-1>		<http://ids.clld.org/parameters/4-350>		<http://ids.clld.org/values/4-350-242-1>		"kain"@mot	
"bryllup"@da	<http://ids.clld.org/values/2-340-186-3>		<http://ids.clld.org/parameters/2-340>		<http://ids.clld.org/values/2-340-242-1>		"kayākba"@mot	
"tunge"@da	<http://ids.clld.org/values/4-260-186-1>		<http://ids.clld.org/parameters/4-260>		<http://ids.clld.org/values/4-260-242-1>		"kobẽ"@mot	
"spytte"@da	<http://ids.clld.org/values/4-560-186-1>		<http://ids.clld.org/parameters/4-560>		<http://ids.clld.org/values/4-560-242-1>		"kurukduu"@mot	
"lertegl"@da	<http://ids.clld.org/values/7-640-186-1>		<http://ids.clld.org/parameters/7-640>		<http://ids.clld.org/values/7-640-242-1>		"barakay"@mot	
"syl"@da	<http://ids.clld.org/values/6-370-186-1>		<http://ids.clld.org/parameters/6-370>		<http://ids.clld.org/values/6-370-242-1>		"ihbaĩkaddū"@mot	
"farbror"@da	<http://ids.clld.org/values/2-512-186-1>		<http://ids.clld.org/parameters/2-512>		<http://ids.clld.org/values/2-512-242-1>		"aisī okarā"@mot	
"familie"@da	<http://ids.clld.org/values/2-820-186-1>		<http://ids.clld.org/parameters/2-820>		<http://ids.clld.org/values/2-820-242-1>		"sadooyī"@mot	
"mur"@da	<http://ids.clld.org/values/7-270-186-1>		<http://ids.clld.org/parameters/7-270>		<http://ids.clld.org/values/7-270-242-1>		"kakabubumai"@mot	
"bedstefar"@da	<http://ids.clld.org/values/2-460-186-1>		<http://ids.clld.org/parameters/2-460>		<http://ids.clld.org/values/2-460-242-1>		"ašĩtaida"@mot	
"nål"@da	<http://ids.clld.org/values/6-360-186-1>		<http://ids.clld.org/parameters/6-360>		<http://ids.clld.org/values/6-360-242-1>		"ihbeĩkaddū"@mot	
"snog"@da	<http://ids.clld.org/values/3-850-186-3>		<http://ids.clld.org/parameters/3-850>		<http://ids.clld.org/values/3-850-242-1>		"čiidu"@mot	
"komme"@da	<http://ids.clld.org/values/10-480-186-1>		<http://ids.clld.org/parameters/10-480>		<http://ids.clld.org/values/10-480-242-1>		"abãi"@mot	
"lus"@da	<http://ids.clld.org/values/3-811-186-1>		<http://ids.clld.org/parameters/3-811>		<http://ids.clld.org/values/3-811-242-1>		"kuu"@mot	
"støde"@da	<http://ids.clld.org/values/10-670-186-3>		<http://ids.clld.org/parameters/10-670>		<http://ids.clld.org/values/10-670-242-1>		"iroḳdaḳaan"@mot	
"lægemiddel"@da	<http://ids.clld.org/values/4-880-186-3>		<http://ids.clld.org/parameters/4-880>		<http://ids.clld.org/values/4-880-242-1>		"ogsā"@mot	
"vride"@da	<http://ids.clld.org/values/9-343-186-3>		<http://ids.clld.org/parameters/9-343>		<http://ids.clld.org/values/9-343-242-1>		"saɨng-saing"@mot	
"gammel kvinde"@da	<http://ids.clld.org/values/2-471-186-1>		<http://ids.clld.org/parameters/2-471>		<http://ids.clld.org/values/2-471-242-1>		"šibabiō"@mot	
"svanger"@da	<http://ids.clld.org/values/4-730-186-3>		<http://ids.clld.org/parameters/4-730>		<http://ids.clld.org/values/4-730-242-1>		"bugdama"@mot	
"hat"@da	<http://ids.clld.org/values/6-550-186-1>		<http://ids.clld.org/parameters/6-550>		<http://ids.clld.org/values/6-550-242-1>		"somene"@mot	
"sove"@da	<http://ids.clld.org/values/4-610-186-1>		<http://ids.clld.org/parameters/4-610>		<http://ids.clld.org/values/4-610-242-3>		"ooškɨkʔ"@mot	
"sove"@da	<http://ids.clld.org/values/4-610-186-1>		<http://ids.clld.org/parameters/4-610>		<http://ids.clld.org/values/4-610-242-1>		"kabukãng"@mot	
"torden"@da	<http://ids.clld.org/values/1-560-186-1>		<http://ids.clld.org/parameters/1-560>		<http://ids.clld.org/values/1-560-242-1>		"bihdāri"@mot	
"dug"@da	<http://ids.clld.org/values/1-640-186-1>		<http://ids.clld.org/parameters/1-640>		<http://ids.clld.org/values/1-640-242-1>		"tubīkā"@mot	
"menneske"@da	<http://ids.clld.org/values/2-100-186-1>		<http://ids.clld.org/parameters/2-100>		<http://ids.clld.org/values/2-100-242-1>		"barī"@mot	
"krop"@da	<http://ids.clld.org/values/4-110-186-3>		<http://ids.clld.org/parameters/4-110>		<http://ids.clld.org/values/4-110-242-1>		"aidyīi"@mot	
"han-"@da	<http://ids.clld.org/values/3-120-186-1>		<http://ids.clld.org/parameters/3-120>		<http://ids.clld.org/values/3-120-242-1>		"ataida"@mot	
"hugge"@da	<http://ids.clld.org/values/9-220-186-3>		<http://ids.clld.org/parameters/9-220>		<http://ids.clld.org/values/9-220-242-1>		"aɨgdaḳan"@mot	
"ildsted"@da	<http://ids.clld.org/values/7-310-186-1>		<http://ids.clld.org/parameters/7-310>		<http://ids.clld.org/values/7-310-242-1>		"ibungĩ"@mot	
"jeg"@da	<http://ids.clld.org/values/2-910-186-1>		<http://ids.clld.org/parameters/2-910>		<http://ids.clld.org/values/2-910-242-1>		"nãi"@mot	
"gryde"@da	<http://ids.clld.org/values/5-260-186-1>		<http://ids.clld.org/parameters/5-260>		<http://ids.clld.org/values/5-260-242-1>		"bašikalai"@mot	
"loppe"@da	<http://ids.clld.org/values/3-813-186-1>		<http://ids.clld.org/parameters/3-813>		<http://ids.clld.org/values/3-813-242-1>		"durāba kū"@mot	
"stor"@da	<http://ids.clld.org/values/12-550-186-1>		<http://ids.clld.org/parameters/12-550>		<http://ids.clld.org/values/12-550-242-1>		"aabii"@mot	
"krave"@da	<http://ids.clld.org/values/6-450-186-1>		<http://ids.clld.org/parameters/6-450>		<http://ids.clld.org/values/6-450-242-1>		"karāši"@mot	
"græs"@da	<http://ids.clld.org/values/8-510-186-1>		<http://ids.clld.org/parameters/8-510>		<http://ids.clld.org/values/8-510-242-1>		"ši"@mot	
"knæ"@da	<http://ids.clld.org/values/4-360-186-1>		<http://ids.clld.org/parameters/4-360>		<http://ids.clld.org/values/4-360-242-1>		"obãã"@mot	
"fuld"@da	<http://ids.clld.org/values/4-980-186-3>		<http://ids.clld.org/parameters/4-980>		<http://ids.clld.org/values/4-980-242-1>		"agsabitbari"@mot	
"slikke"@da	<http://ids.clld.org/values/4-590-186-1>		<http://ids.clld.org/parameters/4-590>		<http://ids.clld.org/values/4-590-242-1>		"iaitatahkanina"@mot	
"bjerg"@da	<http://ids.clld.org/values/1-220-186-1>		<http://ids.clld.org/parameters/1-220>		<http://ids.clld.org/values/1-220-242-1>		"dyɨra"@mot	
"bukser"@da	<http://ids.clld.org/values/6-480-186-1>		<http://ids.clld.org/parameters/6-480>		<http://ids.clld.org/values/6-480-242-1>		"ašiõkba"@mot	
"fader"@da	<http://ids.clld.org/values/2-350-186-1>		<http://ids.clld.org/parameters/2-350>		<http://ids.clld.org/values/2-350-242-1>		"aataida"@mot	
"materie"@da	<http://ids.clld.org/values/4-857-186-1>		<http://ids.clld.org/parameters/4-857>		<http://ids.clld.org/values/4-857-242-1>		"aigsō"@mot	
"faster"@da	<http://ids.clld.org/values/2-522-186-1>		<http://ids.clld.org/parameters/2-522>		<http://ids.clld.org/values/2-522-242-1>		"ataida si"@mot	
"løv"@da	<http://ids.clld.org/values/8-560-186-3>		<http://ids.clld.org/parameters/8-560>		<http://ids.clld.org/values/8-560-242-1>		"ahḳaadu"@mot	
"lige"@da	<http://ids.clld.org/values/12-730-186-1>		<http://ids.clld.org/parameters/12-730>		<http://ids.clld.org/values/12-730-242-1>		"biiki"@mot	
"stjerne"@da	<http://ids.clld.org/values/1-540-186-1>		<http://ids.clld.org/parameters/1-540>		<http://ids.clld.org/values/1-540-242-1>		"tootubi"@mot	
"tand"@da	<http://ids.clld.org/values/4-270-186-1>		<http://ids.clld.org/parameters/4-270>		<http://ids.clld.org/values/4-270-242-1>		"ḍuḍu"@mot	
"æsel"@da	<http://ids.clld.org/values/3-460-186-1>		<http://ids.clld.org/parameters/3-460>		<http://ids.clld.org/values/3-460-242-3>		"sokuā"@mot	
"æsel"@da	<http://ids.clld.org/values/3-460-186-1>		<http://ids.clld.org/parameters/3-460>		<http://ids.clld.org/values/3-460-242-1>		"čoko"@mot	
"skidt"@da	<http://ids.clld.org/values/4-660-186-3>		<http://ids.clld.org/parameters/4-660>		<http://ids.clld.org/values/4-660-242-1>		"ahtū"@mot	
"medicin"@da	<http://ids.clld.org/values/4-880-186-1>		<http://ids.clld.org/parameters/4-880>		<http://ids.clld.org/values/4-880-242-1>		"ogsā"@mot	
"ovenpå"@da	<http://ids.clld.org/values/12-80-186-3>		<http://ids.clld.org/parameters/12-80>		<http://ids.clld.org/values/12-80-242-1>		"baaduu"@mot	
"barn"@da	<http://ids.clld.org/values/2-270-186-1>		<http://ids.clld.org/parameters/2-270>		<http://ids.clld.org/values/2-270-242-1>		"asaaši"@mot	
"hvornår?"@da	<http://ids.clld.org/values/17-650-186-1>		<http://ids.clld.org/parameters/17-650>		<http://ids.clld.org/values/17-650-242-1>		"aaibi"@mot	
"smudsig"@da	<http://ids.clld.org/values/15-880-186-1>		<http://ids.clld.org/parameters/15-880>		<http://ids.clld.org/values/15-880-242-1>		"baidaani"@mot	
"hvirvel"@da	<http://ids.clld.org/values/1-362-186-1>		<http://ids.clld.org/parameters/1-362>		<http://ids.clld.org/values/1-362-242-1>		"sabarīka"@mot	
"stedfar"@da	<http://ids.clld.org/values/2-710-186-3>		<http://ids.clld.org/parameters/2-710>		<http://ids.clld.org/values/2-710-242-1>		"kwaimai"@mot	
"skubbe"@da	<http://ids.clld.org/values/10-670-186-1>		<http://ids.clld.org/parameters/10-670>		<http://ids.clld.org/values/10-670-242-1>		"iroḳdaḳaan"@mot	
"hår"@da	<http://ids.clld.org/values/4-140-186-1>		<http://ids.clld.org/parameters/4-140>		<http://ids.clld.org/values/4-140-242-1>		"kãatũũ"@mot	
"træ"@da	<http://ids.clld.org/values/1-420-186-1>		<http://ids.clld.org/parameters/1-420>		<http://ids.clld.org/values/1-420-242-1>		"kaa"@mot	
"i live"@da	<http://ids.clld.org/values/4-740-186-5>		<http://ids.clld.org/parameters/4-740>		<http://ids.clld.org/values/4-740-242-3>		"baɨgbari"@mot	
"i live"@da	<http://ids.clld.org/values/4-740-186-5>		<http://ids.clld.org/parameters/4-740>		<http://ids.clld.org/values/4-740-242-1>		"dobaɨgbari"@mot	
"bule"@da	<http://ids.clld.org/values/4-856-186-1>		<http://ids.clld.org/parameters/4-856>		<http://ids.clld.org/values/4-856-242-1>		"yayōsaibu"@mot	
"lår"@da	<http://ids.clld.org/values/4-351-186-1>		<http://ids.clld.org/parameters/4-351>		<http://ids.clld.org/values/4-351-242-1>		"bibīī"@mot	
"morbror"@da	<http://ids.clld.org/values/2-511-186-1>		<http://ids.clld.org/parameters/2-511>		<http://ids.clld.org/values/2-511-242-3>		"abāma akbaĩ"@mot	
"morbror"@da	<http://ids.clld.org/values/2-511-186-1>		<http://ids.clld.org/parameters/2-511>		<http://ids.clld.org/values/2-511-242-1>		"aisī okarā"@mot	
"sår"@da	<http://ids.clld.org/values/4-850-186-1>		<http://ids.clld.org/parameters/4-850>		<http://ids.clld.org/values/4-850-242-1>		"iaiyikākwa"@mot	
"hejre"@da	<http://ids.clld.org/values/3-583-186-1>		<http://ids.clld.org/parameters/3-583>		<http://ids.clld.org/values/3-583-242-1>		"taāna"@mot	
"dræbe"@da	<http://ids.clld.org/values/4-760-186-1>		<http://ids.clld.org/parameters/4-760>		<http://ids.clld.org/values/4-760-242-1>		"sobãa��"@mot	
"ånde"@da	<http://ids.clld.org/values/4-510-186-1>		<http://ids.clld.org/parameters/4-510>		<http://ids.clld.org/values/4-510-242-1>		"bosobuku"@mot	
"kat"@da	<http://ids.clld.org/values/3-620-186-1>		<http://ids.clld.org/parameters/3-620>		<http://ids.clld.org/values/3-620-242-1>		"biangbiā"@mot	
"gabe"@da	<http://ids.clld.org/values/4-520-186-1>		<http://ids.clld.org/parameters/4-520>		<http://ids.clld.org/values/4-520-242-1>		"kabah agaksakei"@mot	
"snabel"@da	<http://ids.clld.org/values/4-241-186-1>		<http://ids.clld.org/parameters/4-241>		<http://ids.clld.org/values/4-241-242-1>		"arurū"@mot	
"ørn"@da	<http://ids.clld.org/values/3-584-186-1>		<http://ids.clld.org/parameters/3-584>		<http://ids.clld.org/values/3-584-242-1>		"banko"@mot	
"gammel mand"@da	<http://ids.clld.org/values/2-461-186-1>		<http://ids.clld.org/parameters/2-461>		<http://ids.clld.org/values/2-461-242-1>		"sagdou"@mot	
"blomst"@da	<http://ids.clld.org/values/8-570-186-1>		<http://ids.clld.org/parameters/8-570>		<http://ids.clld.org/values/8-570-242-1>		"tootubi"@mot	
"smal"@da	<http://ids.clld.org/values/12-620-186-3>		<http://ids.clld.org/parameters/12-620>		<http://ids.clld.org/values/12-620-242-1>		"bwaikaan"@mot	
"grave"@da	<http://ids.clld.org/values/8-220-186-1>		<http://ids.clld.org/parameters/8-220>		<http://ids.clld.org/values/8-220-242-1>		"okdyikããn"@mot	
"mulæsel"@da	<http://ids.clld.org/values/3-470-186-3>		<http://ids.clld.org/parameters/3-470>		<http://ids.clld.org/values/3-470-242-1>		"bueragbā"@mot	
"doven"@da	<http://ids.clld.org/values/4-920-186-1>		<http://ids.clld.org/parameters/4-920>		<http://ids.clld.org/values/4-920-242-1>		"aktarã"@mot	
"halt"@da	<http://ids.clld.org/values/4-940-186-1>		<http://ids.clld.org/parameters/4-940>		<http://ids.clld.org/values/4-940-242-1>		"sōodoru"@mot	
"født"@da	<http://ids.clld.org/values/4-720-186-1>		<http://ids.clld.org/parameters/4-720>		<http://ids.clld.org/values/4-720-242-1>		"šo"@mot	
"stege"@da	<http://ids.clld.org/values/5-230-186-1>		<http://ids.clld.org/parameters/5-230>		<http://ids.clld.org/values/5-230-242-1>		"yoobī"@mot	
"spindelvæv"@da	<http://ids.clld.org/values/3-819-186-1>		<http://ids.clld.org/parameters/3-819>		<http://ids.clld.org/values/3-819-242-1>		"kāinba sōhsõ"@mot	
"vide"@da	<http://ids.clld.org/values/17-170-186-1>		<http://ids.clld.org/parameters/17-170>		<http://ids.clld.org/values/17-170-242-1>		"kaama"@mot	
"stedmoder"@da	<http://ids.clld.org/values/2-720-186-1>		<http://ids.clld.org/parameters/2-720>		<http://ids.clld.org/values/2-720-242-1>		"abāama"@mot	
"hegn"@da	<http://ids.clld.org/values/8-160-186-1>		<http://ids.clld.org/parameters/8-160>		<http://ids.clld.org/values/8-160-242-1>		"watišišeše"@mot	
"kød"@da	<http://ids.clld.org/values/4-130-186-1>		<http://ids.clld.org/parameters/4-130>		<http://ids.clld.org/values/4-130-242-1>		"šungbāa"@mot	
"god"@da	<http://ids.clld.org/values/16-710-186-1>		<http://ids.clld.org/parameters/16-710>		<http://ids.clld.org/values/16-710-242-1>		"sasaaini"@mot	
"god"@da	<http://ids.clld.org/values/16-710-186-1>		<http://ids.clld.org/parameters/16-710>		<http://ids.clld.org/values/16-710-242-3>		"sabaini"@mot	
"sæbe"@da	<http://ids.clld.org/values/6-950-186-1>		<http://ids.clld.org/parameters/6-950>		<http://ids.clld.org/values/6-950-242-1>		"yadūiduibai"@mot	
"hunger"@da	<http://ids.clld.org/values/5-140-186-1>		<http://ids.clld.org/parameters/5-140>		<http://ids.clld.org/values/5-140-242-1>		"sairē"@mot	
"kende"@da	<http://ids.clld.org/values/17-170-186-3>		<http://ids.clld.org/parameters/17-170>		<http://ids.clld.org/values/17-170-242-1>		"kaama"@mot	
"mørke"@da	<http://ids.clld.org/values/1-620-186-1>		<http://ids.clld.org/parameters/1-620>		<http://ids.clld.org/values/1-620-242-1>		"baidaani"@mot	
"grib"@da	<http://ids.clld.org/values/3-586-186-1>		<http://ids.clld.org/parameters/3-586>		<http://ids.clld.org/values/3-586-242-1>		"bačiragdu"@mot	
"al"@da	<http://ids.clld.org/values/13-140-186-5>		<http://ids.clld.org/parameters/13-140>		<http://ids.clld.org/values/13-140-242-1>		"ĩĩški"@mot	
"involde"@da	<http://ids.clld.org/values/4-461-186-1>		<http://ids.clld.org/parameters/4-461>		<http://ids.clld.org/values/4-461-242-1>		"aaiši"@mot	
"falde"@da	<http://ids.clld.org/values/10-230-186-1>		<http://ids.clld.org/parameters/10-230>		<http://ids.clld.org/values/10-230-242-1>		"baɨgkirakbã"@mot	
"spyd"@da	<http://ids.clld.org/values/20-260-186-1>		<http://ids.clld.org/parameters/20-260>		<http://ids.clld.org/values/20-260-242-1>		"ããdyɨčkãn"@mot	
"nyse"@da	<http://ids.clld.org/values/4-540-186-1>		<http://ids.clld.org/parameters/4-540>		<http://ids.clld.org/values/4-540-242-1>		"ahtrušū"@mot	
"moster"@da	<http://ids.clld.org/values/2-521-186-1>		<http://ids.clld.org/parameters/2-521>		<http://ids.clld.org/values/2-521-242-1>		"abāma si"@mot	
"fingernegl"@da	<http://ids.clld.org/values/4-344-186-1>		<http://ids.clld.org/parameters/4-344>		<http://ids.clld.org/values/4-344-242-1>		"šdooh"@mot	
"sol"@da	<http://ids.clld.org/values/1-520-186-1>		<http://ids.clld.org/parameters/1-520>		<http://ids.clld.org/values/1-520-242-1>		"nyaa"@mot	
"frø"@da	<http://ids.clld.org/values/3-950-186-1>		<http://ids.clld.org/parameters/3-950>		<http://ids.clld.org/values/3-950-242-1>		"babā"@mot	
"gifte sig"@da	<http://ids.clld.org/values/2-330-186-1>		<http://ids.clld.org/parameters/2-330>		<http://ids.clld.org/values/2-330-242-1>		"bio kayākba"@mot	
"datter"@da	<http://ids.clld.org/values/2-420-186-1>		<http://ids.clld.org/parameters/2-420>		<http://ids.clld.org/values/2-420-242-1>		"ša"@mot	
"bred"@da	<http://ids.clld.org/values/12-610-186-1>		<http://ids.clld.org/parameters/12-610>		<http://ids.clld.org/values/12-610-242-1>		"yookari"@mot	
"lommetørklæde"@da	<http://ids.clld.org/values/6-810-186-1>		<http://ids.clld.org/parameters/6-810>		<http://ids.clld.org/values/6-810-242-1>		"aḳduu"@mot	
"rød"@da	<http://ids.clld.org/values/15-660-186-1>		<http://ids.clld.org/parameters/15-660>		<http://ids.clld.org/values/15-660-242-1>		"bohḳaraa"@mot	
"sund"@da	<http://ids.clld.org/values/4-830-186-3>		<http://ids.clld.org/parameters/4-830>		<http://ids.clld.org/values/4-830-242-1>		"sabah"@mot	
"kløve"@da	<http://ids.clld.org/values/9-270-186-3>		<http://ids.clld.org/parameters/9-270>		<http://ids.clld.org/values/9-270-242-1>		"aɨgdon (?)"@mot	
"orne"@da	<http://ids.clld.org/values/3-320-186-1>		<http://ids.clld.org/parameters/3-320>		<http://ids.clld.org/values/3-320-242-1>		"bisao"@mot	
"musling"@da	<http://ids.clld.org/values/3-655-186-1>		<http://ids.clld.org/parameters/3-655>		<http://ids.clld.org/values/3-655-242-1>		"āškūu"@mot	
"regn"@da	<http://ids.clld.org/values/1-750-186-1>		<http://ids.clld.org/parameters/1-750>		<http://ids.clld.org/values/1-750-242-1>		"dihkaɨg"@mot	
"horn"@da	<http://ids.clld.org/values/4-170-186-1>		<http://ids.clld.org/parameters/4-170>		<http://ids.clld.org/values/4-170-242-1>		"abuiroḳdo"@mot	
"horn"@da	<http://ids.clld.org/values/4-170-186-1>		<http://ids.clld.org/parameters/4-170>		<http://ids.clld.org/values/4-170-242-3>		"ačikbi"@mot	
"hånd"@da	<http://ids.clld.org/values/4-330-186-1>		<http://ids.clld.org/parameters/4-330>		<http://ids.clld.org/values/4-330-242-1>		"aḳduu"@mot	
"fugl"@da	<http://ids.clld.org/values/3-581-186-1>		<http://ids.clld.org/parameters/3-581>		<http://ids.clld.org/values/3-581-242-1>		"daarikbi"@mot	
"rund"@da	<http://ids.clld.org/values/12-810-186-1>		<http://ids.clld.org/parameters/12-810>		<http://ids.clld.org/values/12-810-242-1>		"biroorwai"@mot	
"broder"@da	<http://ids.clld.org/values/2-440-186-1>		<http://ids.clld.org/parameters/2-440>		<http://ids.clld.org/values/2-440-242-1>		"asari"@mot	
"vid"@da	<http://ids.clld.org/values/12-610-186-3>		<http://ids.clld.org/parameters/12-610>		<http://ids.clld.org/values/12-610-242-1>		"yookari"@mot	
"gnide"@da	<http://ids.clld.org/values/9-310-186-1>		<http://ids.clld.org/parameters/9-310>		<http://ids.clld.org/values/9-310-242-1>		"dyuug-dyug"@mot	
"ryste"@da	<http://ids.clld.org/values/4-680-186-1>		<http://ids.clld.org/parameters/4-680>		<http://ids.clld.org/values/4-680-242-1>		"dikdeira"@mot	
"sønnedatter"@da	<http://ids.clld.org/values/2-490-186-1>		<http://ids.clld.org/parameters/2-490>		<http://ids.clld.org/values/2-490-242-1>		"šiā́ abira"@mot	
"boble"@da	<http://ids.clld.org/values/4-855-186-1>		<http://ids.clld.org/parameters/4-855>		<http://ids.clld.org/values/4-855-242-1>		"boksoro"@mot	
"væve"@da	<http://ids.clld.org/values/6-330-186-1>		<http://ids.clld.org/parameters/6-330>		<http://ids.clld.org/values/6-330-242-1>		"bakāni"@mot	
"bo"@da	<http://ids.clld.org/values/7-110-186-1>		<http://ids.clld.org/parameters/7-110>		<http://ids.clld.org/values/7-110-242-1>		"baadarī"@mot	
"træ"@da	<http://ids.clld.org/values/8-600-186-1>		<http://ids.clld.org/parameters/8-600>		<http://ids.clld.org/values/8-600-242-1>		"kãa"@mot	
"firben"@da	<http://ids.clld.org/values/3-960-186-1>		<http://ids.clld.org/parameters/3-960>		<http://ids.clld.org/values/3-960-242-1>		"bačkere"@mot	
"ild"@da	<http://ids.clld.org/values/1-810-186-1>		<http://ids.clld.org/parameters/1-810>		<http://ids.clld.org/values/1-810-242-1>		"kaaḍɨ"@mot	
"høre"@da	<http://ids.clld.org/values/15-410-186-1>		<http://ids.clld.org/parameters/15-410>		<http://ids.clld.org/values/15-410-242-1>		"anaɨgkãng"@mot	
"sønnesøn"@da	<http://ids.clld.org/values/2-480-186-1>		<http://ids.clld.org/parameters/2-480>		<http://ids.clld.org/values/2-480-242-1>		"sašī abira"@mot	
"svømme"@da	<http://ids.clld.org/values/10-350-186-1>		<http://ids.clld.org/parameters/10-350>		<http://ids.clld.org/values/10-350-242-1>		"arubisaḳããng"@mot	
"kakerlak"@da	<http://ids.clld.org/values/3-816-186-1>		<http://ids.clld.org/parameters/3-816>		<http://ids.clld.org/values/3-816-242-1>		"šokdo"@mot	
"måltid"@da	<http://ids.clld.org/values/5-410-186-1>		<http://ids.clld.org/parameters/5-410>		<http://ids.clld.org/values/5-410-242-1>		"karabaseina"@mot	
"navn"@da	<http://ids.clld.org/values/18-280-186-1>		<http://ids.clld.org/parameters/18-280>		<http://ids.clld.org/values/18-280-242-1>		"aa"@mot	
"stedsøn"@da	<http://ids.clld.org/values/2-730-186-1>		<http://ids.clld.org/parameters/2-730>		<http://ids.clld.org/values/2-730-242-1>		"kobokā"@mot	
"øjenbryn"@da	<http://ids.clld.org/values/4-212-186-1>		<http://ids.clld.org/parameters/4-212>		<http://ids.clld.org/values/4-212-242-1>		"māčibaa"@mot	
"gulv"@da	<http://ids.clld.org/values/7-260-186-1>		<http://ids.clld.org/parameters/7-260>		<http://ids.clld.org/values/7-260-242-1>		"ihtā"@mot	
"slette"@da	<http://ids.clld.org/values/1-230-186-1>		<http://ids.clld.org/parameters/1-230>		<http://ids.clld.org/values/1-230-242-1>		"bẽa"@mot	
"spise"@da	<http://ids.clld.org/values/5-110-186-1>		<http://ids.clld.org/parameters/5-110>		<http://ids.clld.org/values/5-110-242-1>		"karabaseɨba"@mot	
"ribben"@da	<http://ids.clld.org/values/4-162-186-1>		<http://ids.clld.org/parameters/4-162>		<http://ids.clld.org/values/4-162-242-1>		"ačičinda"@mot	
"tov"@da	<http://ids.clld.org/values/9-190-186-3>		<http://ids.clld.org/parameters/9-190>		<http://ids.clld.org/values/9-190-242-1>		"kaaḳšibu"@mot	
"tov"@da	<http://ids.clld.org/values/9-190-186-3>		<http://ids.clld.org/parameters/9-190>		<http://ids.clld.org/values/9-190-242-3>		"bwaisaɨg"@mot	
"tør"@da	<http://ids.clld.org/values/15-840-186-1>		<http://ids.clld.org/parameters/15-840>		<http://ids.clld.org/values/15-840-242-1>		"buruuni"@mot	
"væg"@da	<http://ids.clld.org/values/7-270-186-3>		<http://ids.clld.org/parameters/7-270>		<http://ids.clld.org/values/7-270-242-1>		"kakabubumai"@mot	
"løgn"@da	<http://ids.clld.org/values/16-670-186-1>		<http://ids.clld.org/parameters/16-670>		<http://ids.clld.org/values/16-670-242-1>		"aakčirokwã"@mot	
"tage på"@da	<http://ids.clld.org/values/6-110-186-1>		<http://ids.clld.org/parameters/6-110>		<http://ids.clld.org/values/6-110-242-1>		"kāasa"@mot	
"lidt"@da	<http://ids.clld.org/values/13-170-186-1>		<http://ids.clld.org/parameters/13-170>		<http://ids.clld.org/values/13-170-242-1>		"kobahkaaĩ"@mot	
"tæppe"@da	<http://ids.clld.org/values/7-422-186-1>		<http://ids.clld.org/parameters/7-422>		<http://ids.clld.org/values/7-422-242-1>		"šanšān"@mot	
"skarp"@da	<http://ids.clld.org/values/15-780-186-1>		<http://ids.clld.org/parameters/15-780>		<http://ids.clld.org/values/15-780-242-1>		"ihkobaaini"@mot	
"opossum"@da	<http://ids.clld.org/values/3-622-186-1>		<http://ids.clld.org/parameters/3-622>		<http://ids.clld.org/values/3-622-242-1>		"kahkū"@mot	
"taille"@da	<http://ids.clld.org/values/4-462-186-1>		<http://ids.clld.org/parameters/4-462>		<http://ids.clld.org/values/4-462-242-1>		"oata"@mot	
"skræk"@da	<http://ids.clld.org/values/16-530-186-3>		<http://ids.clld.org/parameters/16-530>		<http://ids.clld.org/values/16-530-242-1>		"doḳtosõn"@mot	
"bjørn"@da	<http://ids.clld.org/values/3-730-186-1>		<http://ids.clld.org/parameters/3-730>		<http://ids.clld.org/values/3-730-242-1>		"sabā́idakū"@mot	
"albue"@da	<http://ids.clld.org/values/4-320-186-1>		<http://ids.clld.org/parameters/4-320>		<http://ids.clld.org/values/4-320-242-1>		"obāā"@mot	
"niece"@da	<http://ids.clld.org/values/2-540-186-1>		<http://ids.clld.org/parameters/2-540>		<http://ids.clld.org/values/2-540-242-1>		"ašī ašiā"@mot	
"venstre"@da	<http://ids.clld.org/values/12-420-186-1>		<http://ids.clld.org/parameters/12-420>		<http://ids.clld.org/values/12-420-242-1>		"miikã"@mot	
"bjælke"@da	<http://ids.clld.org/values/7-550-186-1>		<http://ids.clld.org/parameters/7-550>		<http://ids.clld.org/values/7-550-242-1>		"arakāa"@mot	
"fjeder"@da	<http://ids.clld.org/values/4-393-186-1>		<http://ids.clld.org/parameters/4-393>		<http://ids.clld.org/values/4-393-242-1>		"ããčĩĩ"@mot	
"ægtemand"@da	<http://ids.clld.org/values/2-310-186-3>		<http://ids.clld.org/parameters/2-310>		<http://ids.clld.org/values/2-310-242-1>		"aataida"@mot	
