"våd"@da	<http://ids.clld.org/values/15-830-186-1>		<http://ids.clld.org/parameters/15-830>		<http://ids.clld.org/values/15-830-286-1>		"šoʔ"@pav	
"flod"@da	<http://ids.clld.org/values/1-360-186-1>		<http://ids.clld.org/parameters/1-360>		<http://ids.clld.org/values/1-360-286-1>		"kom"@pav	
"svans"@da	<http://ids.clld.org/values/4-180-186-3>		<http://ids.clld.org/parameters/4-180>		<http://ids.clld.org/values/4-180-286-1>		"kahwerein"@pav	
"blod"@da	<http://ids.clld.org/values/4-150-186-1>		<http://ids.clld.org/parameters/4-150>		<http://ids.clld.org/values/4-150-286-1>		"kišiʔ (wik)"@pav	
"kone"@da	<http://ids.clld.org/values/2-320-186-1>		<http://ids.clld.org/parameters/2-320>		<http://ids.clld.org/values/2-320-286-1>		"mana"@pav	
"flyde"@da	<http://ids.clld.org/values/10-320-186-1>		<http://ids.clld.org/parameters/10-320>		<http://ids.clld.org/values/10-320-286-3>		"weweweo"@pav	
"flyde"@da	<http://ids.clld.org/values/10-320-186-1>		<http://ids.clld.org/parameters/10-320>		<http://ids.clld.org/values/10-320-286-1>		"weo"@pav	
"sy"@da	<http://ids.clld.org/values/6-350-186-1>		<http://ids.clld.org/parameters/6-350>		<http://ids.clld.org/values/6-350-286-1>		"ok"@pav	
"mange"@da	<http://ids.clld.org/values/13-150-186-3>		<http://ids.clld.org/parameters/13-150>		<http://ids.clld.org/values/13-150-286-1>		"iriʔ miyo/ miya"@pav	
"leve"@da	<http://ids.clld.org/values/4-740-186-1>		<http://ids.clld.org/parameters/4-740>		<http://ids.clld.org/values/4-740-286-1>		"eʔ"@pav	
"ben"@da	<http://ids.clld.org/values/4-160-186-1>		<http://ids.clld.org/parameters/4-160>		<http://ids.clld.org/values/4-160-286-1>		"arašiʔ (at)"@pav	
"is"@da	<http://ids.clld.org/values/1-770-186-1>		<http://ids.clld.org/parameters/1-770>		<http://ids.clld.org/values/1-770-286-1>		"šio šio"@pav	
"hals"@da	<http://ids.clld.org/values/4-280-186-1>		<http://ids.clld.org/parameters/4-280>		<http://ids.clld.org/values/4-280-286-1>		"paramašiʔ"@pav	
"træ"@da	<http://ids.clld.org/values/1-430-186-1>		<http://ids.clld.org/parameters/1-430>		<http://ids.clld.org/values/1-430-286-1>		"pana"@pav	
"orm"@da	<http://ids.clld.org/values/3-840-186-1>		<http://ids.clld.org/parameters/3-840>		<http://ids.clld.org/values/3-840-286-1>		"meteʔ"@pav	
"sidde"@da	<http://ids.clld.org/values/12-130-186-1>		<http://ids.clld.org/parameters/12-130>		<http://ids.clld.org/values/12-130-286-1>		"šaoʔ pe"@pav	
"sidde"@da	<http://ids.clld.org/values/12-130-186-1>		<http://ids.clld.org/parameters/12-130>		<http://ids.clld.org/values/12-130-286-3>		"šaoʔ to"@pav	
"snakke"@da	<http://ids.clld.org/values/18-210-186-3>		<http://ids.clld.org/parameters/18-210>		<http://ids.clld.org/values/18-210-286-1>		"tomiʔ"@pav	
"jord"@da	<http://ids.clld.org/values/1-210-186-1>		<http://ids.clld.org/parameters/1-210>		<http://ids.clld.org/values/1-210-286-1>		"makanʔ"@pav	
"hoved"@da	<http://ids.clld.org/values/4-200-186-1>		<http://ids.clld.org/parameters/4-200>		<http://ids.clld.org/values/4-200-286-1>		"winašiʔ (wayiʔ)"@pav	
"han/ hun/ det"@da	<http://ids.clld.org/values/2-930-186-1>		<http://ids.clld.org/parameters/2-930>		<http://ids.clld.org/values/2-930-286-1>		"ko maʔ"@pav	
"nat"@da	<http://ids.clld.org/values/14-420-186-1>		<http://ids.clld.org/parameters/14-420>		<http://ids.clld.org/values/14-420-286-1>		"šim"@pav	
"reb"@da	<http://ids.clld.org/values/9-190-186-1>		<http://ids.clld.org/parameters/9-190>		<http://ids.clld.org/values/9-190-286-1>		"makon (makorišiʔ)"@pav	
"mand"@da	<http://ids.clld.org/values/2-310-186-1>		<http://ids.clld.org/parameters/2-310>		<http://ids.clld.org/values/2-310-286-1>		"taši"@pav	
"de"@da	<http://ids.clld.org/values/2-960-186-1>		<http://ids.clld.org/parameters/2-960>		<http://ids.clld.org/values/2-960-286-1>		"karam maʔ"@pav	
"højre"@da	<http://ids.clld.org/values/12-410-186-1>		<http://ids.clld.org/parameters/12-410>		<http://ids.clld.org/values/12-410-286-1>		"irikwerešiʔ"@pav	
"fisk"@da	<http://ids.clld.org/values/3-650-186-1>		<http://ids.clld.org/parameters/3-650>		<http://ids.clld.org/values/3-650-286-1>		"hwam (hwamišiʔ)"@pav	
"himmel"@da	<http://ids.clld.org/values/1-510-186-1>		<http://ids.clld.org/parameters/1-510>		<http://ids.clld.org/values/1-510-286-1>		"nanawin"@pav	
"frugt"@da	<http://ids.clld.org/values/5-710-186-1>		<http://ids.clld.org/parameters/5-710>		<http://ids.clld.org/values/5-710-286-3>		"winain"@pav	
"frugt"@da	<http://ids.clld.org/values/5-710-186-1>		<http://ids.clld.org/parameters/5-710>		<http://ids.clld.org/values/5-710-286-1>		"memem"@pav	
"kort"@da	<http://ids.clld.org/values/12-590-186-1>		<http://ids.clld.org/parameters/12-590>		<http://ids.clld.org/values/12-590-286-1>		"wiyimain"@pav	
"sø"@da	<http://ids.clld.org/values/1-330-186-1>		<http://ids.clld.org/parameters/1-330>		<http://ids.clld.org/values/1-330-286-1>		"šuteremʔ"@pav	
"slå"@da	<http://ids.clld.org/values/9-210-186-1>		<http://ids.clld.org/parameters/9-210>		<http://ids.clld.org/values/9-210-286-1>		"toʔ"@pav	
"svær"@da	<http://ids.clld.org/values/15-810-186-3>		<http://ids.clld.org/parameters/15-810>		<http://ids.clld.org/values/15-810-286-3>		"taʔ man"@pav	
"svær"@da	<http://ids.clld.org/values/15-810-186-3>		<http://ids.clld.org/parameters/15-810>		<http://ids.clld.org/values/15-810-286-1>		"šite"@pav	
"svær"@da	<http://ids.clld.org/values/15-810-186-3>		<http://ids.clld.org/parameters/15-810>		<http://ids.clld.org/values/15-810-286-5>		"teʔ man"@pav	
"tynd"@da	<http://ids.clld.org/values/12-650-186-1>		<http://ids.clld.org/parameters/12-650>		<http://ids.clld.org/values/12-650-286-1>		"šašiʔ"@pav	
"ret"@da	<http://ids.clld.org/values/16-730-186-1>		<http://ids.clld.org/parameters/16-730>		<http://ids.clld.org/values/16-730-286-1>		"šoʔ"@pav	
"bark"@da	<http://ids.clld.org/values/8-750-186-1>		<http://ids.clld.org/parameters/8-750>		<http://ids.clld.org/values/8-750-286-1>		"tapari"@pav	
"slange"@da	<http://ids.clld.org/values/3-850-186-1>		<http://ids.clld.org/parameters/3-850>		<http://ids.clld.org/values/3-850-286-1>		"emʔ"@pav	
"øre"@da	<http://ids.clld.org/values/4-220-186-1>		<http://ids.clld.org/parameters/4-220>		<http://ids.clld.org/values/4-220-286-1>		"tara-yišiʔ (taraʔ)"@pav	
"en-hver"@da	<http://ids.clld.org/values/13-140-186-3>		<http://ids.clld.org/parameters/13-140>		<http://ids.clld.org/values/13-140-286-1>		"šam"@pav	
"blæse"@da	<http://ids.clld.org/values/10-380-186-1>		<http://ids.clld.org/parameters/10-380>		<http://ids.clld.org/values/10-380-286-3>		"hukoʔ"@pav	
"blæse"@da	<http://ids.clld.org/values/10-380-186-1>		<http://ids.clld.org/parameters/10-380>		<http://ids.clld.org/values/10-380-286-1>		"hu"@pav	
"måne"@da	<http://ids.clld.org/values/1-530-186-1>		<http://ids.clld.org/parameters/1-530>		<http://ids.clld.org/values/1-530-286-1>		"panawoʔ"@pav	
"sø"@da	<http://ids.clld.org/values/1-320-186-3>		<http://ids.clld.org/parameters/1-320>		<http://ids.clld.org/values/1-320-286-1>		"kote ne kom"@pav	
"støv"@da	<http://ids.clld.org/values/1-213-186-1>		<http://ids.clld.org/parameters/1-213>		<http://ids.clld.org/values/1-213-286-1>		"tainʔ"@pav	
"vrede"@da	<http://ids.clld.org/values/16-420-186-1>		<http://ids.clld.org/parameters/16-420>		<http://ids.clld.org/values/16-420-286-1>		"manaʔ"@pav	
"hund"@da	<http://ids.clld.org/values/3-610-186-1>		<http://ids.clld.org/parameters/3-610>		<http://ids.clld.org/values/3-610-286-1>		"oromiyak"@pav	
"die"@da	<http://ids.clld.org/values/5-160-186-3>		<http://ids.clld.org/parameters/5-160>		<http://ids.clld.org/values/5-160-286-1>		"šok"@pav	
"die"@da	<http://ids.clld.org/values/5-160-186-3>		<http://ids.clld.org/parameters/5-160>		<http://ids.clld.org/values/5-160-286-3>		"šak"@pav	
"sand"@da	<http://ids.clld.org/values/1-215-186-1>		<http://ids.clld.org/parameters/1-215>		<http://ids.clld.org/values/1-215-286-1>		"namayi"@pav	
"skrabe"@da	<http://ids.clld.org/values/5-480-186-1>		<http://ids.clld.org/parameters/5-480>		<http://ids.clld.org/values/5-480-286-1>		"kuruk"@pav	
"ryg"@da	<http://ids.clld.org/values/4-190-186-1>		<http://ids.clld.org/parameters/4-190>		<http://ids.clld.org/values/4-190-286-1>		"warašiʔ"@pav	
"skov"@da	<http://ids.clld.org/values/1-410-186-1>		<http://ids.clld.org/parameters/1-410>		<http://ids.clld.org/values/1-410-286-1>		"nahwarak"@pav	
"glat"@da	<http://ids.clld.org/values/15-770-186-1>		<http://ids.clld.org/parameters/15-770>		<http://ids.clld.org/values/15-770-286-1>		"topišik"@pav	
"du"@da	<http://ids.clld.org/values/2-920-186-1>		<http://ids.clld.org/parameters/2-920>		<http://ids.clld.org/values/2-920-286-1>		"wum"@pav	
"sort"@da	<http://ids.clld.org/values/15-650-186-1>		<http://ids.clld.org/parameters/15-650>		<http://ids.clld.org/values/15-650-286-1>		"mišem"@pav	
"binde"@da	<http://ids.clld.org/values/9-160-186-1>		<http://ids.clld.org/parameters/9-160>		<http://ids.clld.org/values/9-160-286-1>		"tuku"@pav	
"vinge"@da	<http://ids.clld.org/values/4-392-186-1>		<http://ids.clld.org/parameters/4-392>		<http://ids.clld.org/values/4-392-286-1>		"tapaši"@pav	
"bide"@da	<http://ids.clld.org/values/4-580-186-1>		<http://ids.clld.org/parameters/4-580>		<http://ids.clld.org/values/4-580-286-1>		"kio"@pav	
"I"@da	<http://ids.clld.org/values/2-950-186-1>		<http://ids.clld.org/parameters/2-950>		<http://ids.clld.org/values/2-950-286-1>		"wahuʔ"@pav	
"gå"@da	<http://ids.clld.org/values/10-450-186-1>		<http://ids.clld.org/parameters/10-450>		<http://ids.clld.org/values/10-450-286-1>		"šut"@pav	
"gå"@da	<http://ids.clld.org/values/10-450-186-1>		<http://ids.clld.org/parameters/10-450>		<http://ids.clld.org/values/10-450-286-3>		"šurušut"@pav	
"synge"@da	<http://ids.clld.org/values/18-120-186-1>		<http://ids.clld.org/parameters/18-120>		<http://ids.clld.org/values/18-120-286-1>		"kom"@pav	
"mor"@da	<http://ids.clld.org/values/2-360-186-3>		<http://ids.clld.org/parameters/2-360>		<http://ids.clld.org/values/2-360-286-1>		"naʔ"@pav	
"død"@da	<http://ids.clld.org/values/4-750-186-3>		<http://ids.clld.org/parameters/4-750>		<http://ids.clld.org/values/4-750-286-3>		"konoʔ"@pav	
"død"@da	<http://ids.clld.org/values/4-750-186-3>		<http://ids.clld.org/parameters/4-750>		<http://ids.clld.org/values/4-750-286-1>		"miʔ pin"@pav	
"kæmpe"@da	<http://ids.clld.org/values/20-110-186-3>		<http://ids.clld.org/parameters/20-110>		<http://ids.clld.org/values/20-110-286-1>		"mišita"@pav	
"rigtig"@da	<http://ids.clld.org/values/16-730-186-3>		<http://ids.clld.org/parameters/16-730>		<http://ids.clld.org/values/16-730-286-1>		"šoʔ"@pav	
"røg"@da	<http://ids.clld.org/values/1-830-186-1>		<http://ids.clld.org/parameters/1-830>		<http://ids.clld.org/values/1-830-286-1>		"tainʔ"@pav	
"fjeld"@da	<http://ids.clld.org/values/1-220-186-3>		<http://ids.clld.org/parameters/1-220>		<http://ids.clld.org/values/1-220-286-1>		"pakun"@pav	
"gammel"@da	<http://ids.clld.org/values/14-150-186-1>		<http://ids.clld.org/parameters/14-150>		<http://ids.clld.org/values/14-150-286-1>		"maraʔ"@pav	
"gammel"@da	<http://ids.clld.org/values/14-150-186-1>		<http://ids.clld.org/parameters/14-150>		<http://ids.clld.org/values/14-150-286-3>		"horon"@pav	
"hævelse"@da	<http://ids.clld.org/values/4-853-186-1>		<http://ids.clld.org/parameters/4-853>		<http://ids.clld.org/values/4-853-286-1>		"mom"@pav	
"salt"@da	<http://ids.clld.org/values/5-810-186-1>		<http://ids.clld.org/parameters/5-810>		<http://ids.clld.org/values/5-810-286-1>		"[sal]"@pav	
"skære"@da	<http://ids.clld.org/values/9-220-186-1>		<http://ids.clld.org/parameters/9-220>		<http://ids.clld.org/values/9-220-286-7>		"nakarkamʔ"@pav	
"skære"@da	<http://ids.clld.org/values/9-220-186-1>		<http://ids.clld.org/parameters/9-220>		<http://ids.clld.org/values/9-220-286-3>		"wawak"@pav	
"skære"@da	<http://ids.clld.org/values/9-220-186-1>		<http://ids.clld.org/parameters/9-220>		<http://ids.clld.org/values/9-220-286-9>		"ta"@pav	
"skære"@da	<http://ids.clld.org/values/9-220-186-1>		<http://ids.clld.org/parameters/9-220>		<http://ids.clld.org/values/9-220-286-5>		"nakamʔ"@pav	
"skære"@da	<http://ids.clld.org/values/9-220-186-1>		<http://ids.clld.org/parameters/9-220>		<http://ids.clld.org/values/9-220-286-1>		"wak"@pav	
"år"@da	<http://ids.clld.org/values/14-730-186-1>		<http://ids.clld.org/parameters/14-730>		<http://ids.clld.org/values/14-730-286-1>		"kawašiʔ"@pav	
"lang"@da	<http://ids.clld.org/values/12-570-186-1>		<http://ids.clld.org/parameters/12-570>		<http://ids.clld.org/values/12-570-286-1>		"matam"@pav	
"sno"@da	<http://ids.clld.org/values/10-130-186-3>		<http://ids.clld.org/parameters/10-130>		<http://ids.clld.org/values/10-130-286-1>		"yami"@pav	
"mund"@da	<http://ids.clld.org/values/4-240-186-1>		<http://ids.clld.org/parameters/4-240>		<http://ids.clld.org/values/4-240-286-1>		"kapiyašiʔ (topak)"@pav	
"snavset"@da	<http://ids.clld.org/values/15-880-186-3>		<http://ids.clld.org/parameters/15-880>		<http://ids.clld.org/values/15-880-286-1>		"mišem"@pav	
"æg"@da	<http://ids.clld.org/values/5-970-186-1>		<http://ids.clld.org/parameters/5-970>		<http://ids.clld.org/values/5-970-286-1>		"arayein"@pav	
"fjer"@da	<http://ids.clld.org/values/4-393-186-3>		<http://ids.clld.org/parameters/4-393>		<http://ids.clld.org/values/4-393-286-1>		"tenenein (šun)"@pav	
"bakke"@da	<http://ids.clld.org/values/1-220-186-5>		<http://ids.clld.org/parameters/1-220>		<http://ids.clld.org/values/1-220-286-1>		"pakun"@pav	
"lille"@da	<http://ids.clld.org/values/12-560-186-1>		<http://ids.clld.org/parameters/12-560>		<http://ids.clld.org/values/12-560-286-1>		"wiyimain"@pav	
"se"@da	<http://ids.clld.org/values/15-510-186-1>		<http://ids.clld.org/parameters/15-510>		<http://ids.clld.org/values/15-510-286-1>		"kerek"@pav	
"drage"@da	<http://ids.clld.org/values/9-330-186-3>		<http://ids.clld.org/parameters/9-330>		<http://ids.clld.org/values/9-330-286-1>		"kök"@pav	
"brække sig"@da	<http://ids.clld.org/values/4-570-186-1>		<http://ids.clld.org/parameters/4-570>		<http://ids.clld.org/values/4-570-286-1>		"weʔ"@pav	
"aske"@da	<http://ids.clld.org/values/1-840-186-1>		<http://ids.clld.org/parameters/1-840>		<http://ids.clld.org/values/1-840-286-1>		"topakon"@pav	
"mandlig"@da	<http://ids.clld.org/values/2-230-186-1>		<http://ids.clld.org/parameters/2-230>		<http://ids.clld.org/values/2-230-286-1>		"taramaʔ"@pav	
"dag"@da	<http://ids.clld.org/values/14-410-186-1>		<http://ids.clld.org/parameters/14-410>		<http://ids.clld.org/values/14-410-286-1>		"šek"@pav	
"få"@da	<http://ids.clld.org/values/13-170-186-3>		<http://ids.clld.org/parameters/13-170>		<http://ids.clld.org/values/13-170-286-1>		"parek"@pav	
"liv"@da	<http://ids.clld.org/values/4-740-186-7>		<http://ids.clld.org/parameters/4-740>		<http://ids.clld.org/values/4-740-286-1>		"eʔ"@pav	
"land"@da	<http://ids.clld.org/values/1-210-186-3>		<http://ids.clld.org/parameters/1-210>		<http://ids.clld.org/values/1-210-286-1>		"makanʔ"@pav	
"fugtig"@da	<http://ids.clld.org/values/15-830-186-3>		<http://ids.clld.org/parameters/15-830>		<http://ids.clld.org/values/15-830-286-1>		"šoʔ"@pav	
"strøm"@da	<http://ids.clld.org/values/1-360-186-3>		<http://ids.clld.org/parameters/1-360>		<http://ids.clld.org/values/1-360-286-1>		"kom"@pav	
"lege"@da	<http://ids.clld.org/values/16-260-186-1>		<http://ids.clld.org/parameters/16-260>		<http://ids.clld.org/values/16-260-286-1>		"warayu"@pav	
"hav"@da	<http://ids.clld.org/values/1-320-186-1>		<http://ids.clld.org/parameters/1-320>		<http://ids.clld.org/values/1-320-286-1>		"kote ne kom"@pav	
"lever"@da	<http://ids.clld.org/values/4-450-186-1>		<http://ids.clld.org/parameters/4-450>		<http://ids.clld.org/values/4-450-286-1>		"tarawanašiʔ (tarawan)"@pav	
"vand"@da	<http://ids.clld.org/values/1-310-186-1>		<http://ids.clld.org/parameters/1-310>		<http://ids.clld.org/values/1-310-286-1>		"kom (komišiʔ)"@pav	
"lugte"@da	<http://ids.clld.org/values/15-210-186-1>		<http://ids.clld.org/parameters/15-210>		<http://ids.clld.org/values/15-210-286-3>		"hu"@pav	
"lugte"@da	<http://ids.clld.org/values/15-210-186-1>		<http://ids.clld.org/parameters/15-210>		<http://ids.clld.org/values/15-210-286-1>		"nak"@pav	
"hjerte"@da	<http://ids.clld.org/values/4-440-186-1>		<http://ids.clld.org/parameters/4-440>		<http://ids.clld.org/values/4-440-286-1>		"šimišiʔ (šim)"@pav	
"rod"@da	<http://ids.clld.org/values/8-540-186-1>		<http://ids.clld.org/parameters/8-540>		<http://ids.clld.org/values/8-540-286-1>		"kašimain"@pav	
"små"@da	<http://ids.clld.org/values/12-560-186-3>		<http://ids.clld.org/parameters/12-560>		<http://ids.clld.org/values/12-560-286-1>		"wiyimain"@pav	
"drikke"@da	<http://ids.clld.org/values/5-130-186-1>		<http://ids.clld.org/parameters/5-130>		<http://ids.clld.org/values/5-130-286-1>		"tok"@pav	
"drikke"@da	<http://ids.clld.org/values/5-130-186-1>		<http://ids.clld.org/parameters/5-130>		<http://ids.clld.org/values/5-130-286-3>		"tototok"@pav	
"hud"@da	<http://ids.clld.org/values/4-120-186-1>		<http://ids.clld.org/parameters/4-120>		<http://ids.clld.org/values/4-120-286-1>		"taparišiʔ"@pav	
"presse"@da	<http://ids.clld.org/values/9-343-186-1>		<http://ids.clld.org/parameters/9-343>		<http://ids.clld.org/values/9-343-286-1>		"humʔ"@pav	
"lede efter"@da	<http://ids.clld.org/values/11-310-186-3>		<http://ids.clld.org/parameters/11-310>		<http://ids.clld.org/values/11-310-286-1>		"noro"@pav	
"bæk"@da	<http://ids.clld.org/values/1-360-186-5>		<http://ids.clld.org/parameters/1-360>		<http://ids.clld.org/values/1-360-286-1>		"kom"@pav	
"sten"@da	<http://ids.clld.org/values/1-440-186-1>		<http://ids.clld.org/parameters/1-440>		<http://ids.clld.org/values/1-440-286-1>		"pakun"@pav	
"vi"@da	<http://ids.clld.org/values/2-941-186-1>		<http://ids.clld.org/parameters/2-941>		<http://ids.clld.org/values/2-941-286-1>		"wariʔ"@pav	
"vind"@da	<http://ids.clld.org/values/1-720-186-1>		<http://ids.clld.org/parameters/1-720>		<http://ids.clld.org/values/1-720-286-1>		"hotowa"@pav	
"kvinde"@da	<http://ids.clld.org/values/2-220-186-1>		<http://ids.clld.org/parameters/2-220>		<http://ids.clld.org/values/2-220-286-1>		"narimaʔ"@pav	
"kød"@da	<http://ids.clld.org/values/5-610-186-1>		<http://ids.clld.org/parameters/5-610>		<http://ids.clld.org/values/5-610-286-1>		"karawa (karamayišiʔ)"@pav	
"give"@da	<http://ids.clld.org/values/11-210-186-1>		<http://ids.clld.org/parameters/11-210>		<http://ids.clld.org/values/11-210-286-1>		"miʔ"@pav	
"slem"@da	<http://ids.clld.org/values/16-720-186-5>		<http://ids.clld.org/parameters/16-720>		<http://ids.clld.org/values/16-720-286-1>		"kayi"@pav	
"fuld"@da	<http://ids.clld.org/values/13-210-186-1>		<http://ids.clld.org/parameters/13-210>		<http://ids.clld.org/values/13-210-286-5>		"maʔam"@pav	
"fuld"@da	<http://ids.clld.org/values/13-210-186-1>		<http://ids.clld.org/parameters/13-210>		<http://ids.clld.org/values/13-210-286-3>		"moromoinʔ"@pav	
"fuld"@da	<http://ids.clld.org/values/13-210-186-1>		<http://ids.clld.org/parameters/13-210>		<http://ids.clld.org/values/13-210-286-1>		"moinʔ"@pav	
"gul"@da	<http://ids.clld.org/values/15-690-186-1>		<http://ids.clld.org/parameters/15-690>		<http://ids.clld.org/values/15-690-286-1>		"košik"@pav	
"sky"@da	<http://ids.clld.org/values/1-730-186-1>		<http://ids.clld.org/parameters/1-730>		<http://ids.clld.org/values/1-730-286-1>		"tayain nanawin"@pav	
"fjernt"@da	<http://ids.clld.org/values/12-440-186-3>		<http://ids.clld.org/parameters/12-440>		<http://ids.clld.org/values/12-440-286-1>		"pira"@pav	
"spalte"@da	<http://ids.clld.org/values/9-270-186-1>		<http://ids.clld.org/parameters/9-270>		<http://ids.clld.org/values/9-270-286-1>		"toʔ pahot"@pav	
"spalte"@da	<http://ids.clld.org/values/9-270-186-1>		<http://ids.clld.org/parameters/9-270>		<http://ids.clld.org/values/9-270-286-3>		"toʔ pahorohot"@pav	
"splitte"@da	<http://ids.clld.org/values/9-270-186-5>		<http://ids.clld.org/parameters/9-270>		<http://ids.clld.org/values/9-270-286-1>		"toʔ pahot"@pav	
"splitte"@da	<http://ids.clld.org/values/9-270-186-5>		<http://ids.clld.org/parameters/9-270>		<http://ids.clld.org/values/9-270-286-3>		"toʔ pahorohot"@pav	
"hver"@da	<http://ids.clld.org/values/13-140-186-1>		<http://ids.clld.org/parameters/13-140>		<http://ids.clld.org/values/13-140-286-1>		"šam"@pav	
"levende"@da	<http://ids.clld.org/values/4-740-186-3>		<http://ids.clld.org/parameters/4-740>		<http://ids.clld.org/values/4-740-286-1>		"eʔ"@pav	
"langt"@da	<http://ids.clld.org/values/12-440-186-1>		<http://ids.clld.org/parameters/12-440>		<http://ids.clld.org/values/12-440-286-1>		"pira"@pav	
"næse"@da	<http://ids.clld.org/values/4-230-186-1>		<http://ids.clld.org/parameters/4-230>		<http://ids.clld.org/values/4-230-286-1>		"werešiʔ (ut)"@pav	
"klo"@da	<http://ids.clld.org/values/4-345-186-1>		<http://ids.clld.org/parameters/4-345>		<http://ids.clld.org/values/4-345-286-1>		"šikinain"@pav	
"fod"@da	<http://ids.clld.org/values/4-370-186-1>		<http://ids.clld.org/parameters/4-370>		<http://ids.clld.org/values/4-370-286-1>		"kašimašiʔ (kašim)"@pav	
"tvætte"@da	<http://ids.clld.org/values/9-360-186-3>		<http://ids.clld.org/parameters/9-360>		<http://ids.clld.org/values/9-360-286-3>		"toʔ"@pav	
"tvætte"@da	<http://ids.clld.org/values/9-360-186-3>		<http://ids.clld.org/parameters/9-360>		<http://ids.clld.org/values/9-360-286-1>		"hohok"@pav	
"rådden"@da	<http://ids.clld.org/values/5-125-186-1>		<http://ids.clld.org/parameters/5-125>		<http://ids.clld.org/values/5-125-286-1>		"šowuru"@pav	
"brænde"@da	<http://ids.clld.org/values/1-851-186-1>		<http://ids.clld.org/parameters/1-851>		<http://ids.clld.org/values/1-851-286-3>		"wiran"@pav	
"brænde"@da	<http://ids.clld.org/values/1-851-186-1>		<http://ids.clld.org/parameters/1-851>		<http://ids.clld.org/values/1-851-286-1>		"tom"@pav	
"brænde"@da	<http://ids.clld.org/values/1-851-186-1>		<http://ids.clld.org/parameters/1-851>		<http://ids.clld.org/values/1-851-286-5>		"karahoʔ"@pav	
"ond"@da	<http://ids.clld.org/values/16-720-186-3>		<http://ids.clld.org/parameters/16-720>		<http://ids.clld.org/values/16-720-286-1>		"kayi"@pav	
"tænke"@da	<http://ids.clld.org/values/17-130-186-1>		<http://ids.clld.org/parameters/17-130>		<http://ids.clld.org/values/17-130-286-1>		"koromikat"@pav	
"suge"@da	<http://ids.clld.org/values/5-160-186-1>		<http://ids.clld.org/parameters/5-160>		<http://ids.clld.org/values/5-160-286-1>		"šok"@pav	
"suge"@da	<http://ids.clld.org/values/5-160-186-1>		<http://ids.clld.org/parameters/5-160>		<http://ids.clld.org/values/5-160-286-3>		"šak"@pav	
"knogle"@da	<http://ids.clld.org/values/4-160-186-3>		<http://ids.clld.org/parameters/4-160>		<http://ids.clld.org/values/4-160-286-1>		"arašiʔ (at)"@pav	
"tale"@da	<http://ids.clld.org/values/18-210-186-1>		<http://ids.clld.org/parameters/18-210>		<http://ids.clld.org/values/18-210-286-1>		"tomiʔ"@pav	
"vaske"@da	<http://ids.clld.org/values/9-360-186-1>		<http://ids.clld.org/parameters/9-360>		<http://ids.clld.org/values/9-360-286-3>		"toʔ"@pav	
"vaske"@da	<http://ids.clld.org/values/9-360-186-1>		<http://ids.clld.org/parameters/9-360>		<http://ids.clld.org/values/9-360-286-1>		"hohok"@pav	
"flygt"@da	<http://ids.clld.org/values/16-530-186-1>		<http://ids.clld.org/parameters/16-530>		<http://ids.clld.org/values/16-530-286-1>		"yinʔ"@pav	
"spille"@da	<http://ids.clld.org/values/16-260-186-3>		<http://ids.clld.org/parameters/16-260>		<http://ids.clld.org/values/16-260-286-1>		"warayu"@pav	
"to"@da	<http://ids.clld.org/values/13-20-186-1>		<http://ids.clld.org/parameters/13-20>		<http://ids.clld.org/values/13-20-286-1>		"tuku karakan"@pav	
"øje"@da	<http://ids.clld.org/values/4-210-186-1>		<http://ids.clld.org/parameters/4-210>		<http://ids.clld.org/values/4-210-286-1>		"tokošiʔ (tok)"@pav	
"indsø"@da	<http://ids.clld.org/values/1-330-186-3>		<http://ids.clld.org/parameters/1-330>		<http://ids.clld.org/values/1-330-286-1>		"šuteremʔ"@pav	
"alle"@da	<http://ids.clld.org/values/13-140-186-7>		<http://ids.clld.org/parameters/13-140>		<http://ids.clld.org/values/13-140-286-1>		"šam"@pav	
"bryst"@da	<http://ids.clld.org/values/4-410-186-1>		<http://ids.clld.org/parameters/4-410>		<http://ids.clld.org/values/4-410-286-1>		"karašišiʔ (katat)"@pav	
"fedt"@da	<http://ids.clld.org/values/5-791-186-1>		<http://ids.clld.org/parameters/5-791>		<http://ids.clld.org/values/5-791-286-1>		"homain"@pav	
"snor"@da	<http://ids.clld.org/values/9-190-186-5>		<http://ids.clld.org/parameters/9-190>		<http://ids.clld.org/values/9-190-286-1>		"makon (makorišiʔ)"@pav	
"moder"@da	<http://ids.clld.org/values/2-360-186-1>		<http://ids.clld.org/parameters/2-360>		<http://ids.clld.org/values/2-360-286-1>		"naʔ"@pav	
"stå"@da	<http://ids.clld.org/values/12-150-186-1>		<http://ids.clld.org/parameters/12-150>		<http://ids.clld.org/values/12-150-286-1>		"tekiʔ pe"@pav	
"stå"@da	<http://ids.clld.org/values/12-150-186-1>		<http://ids.clld.org/parameters/12-150>		<http://ids.clld.org/values/12-150-286-3>		"tekiʔ to"@pav	
"ny"@da	<http://ids.clld.org/values/14-130-186-1>		<http://ids.clld.org/parameters/14-130>		<http://ids.clld.org/values/14-130-286-1>		"šokori"@pav	
"sige"@da	<http://ids.clld.org/values/18-220-186-1>		<http://ids.clld.org/parameters/18-220>		<http://ids.clld.org/values/18-220-286-1>		"tomiʔ šoʔ"@pav	
"hustru"@da	<http://ids.clld.org/values/2-320-186-3>		<http://ids.clld.org/parameters/2-320>		<http://ids.clld.org/values/2-320-286-1>		"mana"@pav	
"tåge"@da	<http://ids.clld.org/values/1-740-186-1>		<http://ids.clld.org/parameters/1-740>		<http://ids.clld.org/values/1-740-286-1>		"murukukuʔ"@pav	
"megen"@da	<http://ids.clld.org/values/13-150-186-1>		<http://ids.clld.org/parameters/13-150>		<http://ids.clld.org/values/13-150-286-1>		"iriʔ miyo/ miya"@pav	
"jævn"@da	<http://ids.clld.org/values/15-770-186-3>		<http://ids.clld.org/parameters/15-770>		<http://ids.clld.org/values/15-770-286-1>		"topišik"@pav	
"kaste"@da	<http://ids.clld.org/values/10-250-186-1>		<http://ids.clld.org/parameters/10-250>		<http://ids.clld.org/values/10-250-286-3>		"wišikaoʔ"@pav	
"kaste"@da	<http://ids.clld.org/values/10-250-186-1>		<http://ids.clld.org/parameters/10-250>		<http://ids.clld.org/values/10-250-286-1>		"šin"@pav	
"grøn"@da	<http://ids.clld.org/values/15-680-186-1>		<http://ids.clld.org/parameters/15-680>		<http://ids.clld.org/values/15-680-286-1>		"tb̃um"@pav	
"frø"@da	<http://ids.clld.org/values/8-311-186-1>		<http://ids.clld.org/parameters/8-311>		<http://ids.clld.org/values/8-311-286-1>		"tokwi"@pav	
"noget"@da	<http://ids.clld.org/values/13-181-186-1>		<http://ids.clld.org/parameters/13-181>		<http://ids.clld.org/values/13-181-286-1>		"arakaʔ"@pav	
"tung"@da	<http://ids.clld.org/values/15-810-186-1>		<http://ids.clld.org/parameters/15-810>		<http://ids.clld.org/values/15-810-286-3>		"taʔ man"@pav	
"tung"@da	<http://ids.clld.org/values/15-810-186-1>		<http://ids.clld.org/parameters/15-810>		<http://ids.clld.org/values/15-810-286-1>		"šite"@pav	
"tung"@da	<http://ids.clld.org/values/15-810-186-1>		<http://ids.clld.org/parameters/15-810>		<http://ids.clld.org/values/15-810-286-5>		"teʔ man"@pav	
"kold"@da	<http://ids.clld.org/values/15-860-186-1>		<http://ids.clld.org/parameters/15-860>		<http://ids.clld.org/values/15-860-286-1>		"šio"@pav	
"kold"@da	<http://ids.clld.org/values/15-860-186-1>		<http://ids.clld.org/parameters/15-860>		<http://ids.clld.org/values/15-860-286-3>		"kapinʔ"@pav	
"mand"@da	<http://ids.clld.org/values/2-210-186-1>		<http://ids.clld.org/parameters/2-210>		<http://ids.clld.org/values/2-210-286-1>		"taramaʔ"@pav	
"slås"@da	<http://ids.clld.org/values/20-110-186-1>		<http://ids.clld.org/parameters/20-110>		<http://ids.clld.org/values/20-110-286-1>		"mišita"@pav	
"dø"@da	<http://ids.clld.org/values/4-750-186-1>		<http://ids.clld.org/parameters/4-750>		<http://ids.clld.org/values/4-750-286-3>		"konoʔ"@pav	
"dø"@da	<http://ids.clld.org/values/4-750-186-1>		<http://ids.clld.org/parameters/4-750>		<http://ids.clld.org/values/4-750-286-1>		"miʔ pin"@pav	
"dyr"@da	<http://ids.clld.org/values/3-110-186-1>		<http://ids.clld.org/parameters/3-110>		<http://ids.clld.org/values/3-110-286-1>		"karawa"@pav	
"tyk"@da	<http://ids.clld.org/values/12-630-186-1>		<http://ids.clld.org/parameters/12-630>		<http://ids.clld.org/values/12-630-286-1>		"kwere"@pav	
"rinde"@da	<http://ids.clld.org/values/10-320-186-3>		<http://ids.clld.org/parameters/10-320>		<http://ids.clld.org/values/10-320-286-3>		"weweweo"@pav	
"rinde"@da	<http://ids.clld.org/values/10-320-186-3>		<http://ids.clld.org/parameters/10-320>		<http://ids.clld.org/values/10-320-286-1>		"weo"@pav	
"vi"@da	<http://ids.clld.org/values/2-942-186-1>		<http://ids.clld.org/parameters/2-942>		<http://ids.clld.org/values/2-942-286-1>		"warut"@pav	
"klippe"@da	<http://ids.clld.org/values/1-440-186-3>		<http://ids.clld.org/parameters/1-440>		<http://ids.clld.org/values/1-440-286-1>		"pakun"@pav	
"tælle"@da	<http://ids.clld.org/values/13-107-186-1>		<http://ids.clld.org/parameters/13-107>		<http://ids.clld.org/values/13-107-286-1>		"piyimʔ"@pav	
"flyve"@da	<http://ids.clld.org/values/10-370-186-1>		<http://ids.clld.org/parameters/10-370>		<http://ids.clld.org/values/10-370-286-3>		"toin"@pav	
"flyve"@da	<http://ids.clld.org/values/10-370-186-1>		<http://ids.clld.org/parameters/10-370>		<http://ids.clld.org/values/10-370-286-1>		"takiʔ"@pav	
"ånde"@da	<http://ids.clld.org/values/4-510-186-3>		<http://ids.clld.org/parameters/4-510>		<http://ids.clld.org/values/4-510-286-1>		"wereme"@pav	
"le"@da	<http://ids.clld.org/values/16-250-186-1>		<http://ids.clld.org/parameters/16-250>		<http://ids.clld.org/values/16-250-286-1>		"tatamʔ"@pav	
"le"@da	<http://ids.clld.org/values/16-250-186-1>		<http://ids.clld.org/parameters/16-250>		<http://ids.clld.org/values/16-250-286-3>		"katamʔ"@pav	
"far"@da	<http://ids.clld.org/values/2-350-186-3>		<http://ids.clld.org/parameters/2-350>		<http://ids.clld.org/values/2-350-286-1>		"te"@pav	
"stikke"@da	<http://ids.clld.org/values/9-223-186-1>		<http://ids.clld.org/parameters/9-223>		<http://ids.clld.org/values/9-223-286-1>		"šukunʔ"@pav	
"uren"@da	<http://ids.clld.org/values/15-880-186-5>		<http://ids.clld.org/parameters/15-880>		<http://ids.clld.org/values/15-880-286-1>		"mišem"@pav	
"skind"@da	<http://ids.clld.org/values/4-120-186-3>		<http://ids.clld.org/parameters/4-120>		<http://ids.clld.org/values/4-120-286-1>		"taparišiʔ"@pav	
"ret"@da	<http://ids.clld.org/values/12-730-186-3>		<http://ids.clld.org/parameters/12-730>		<http://ids.clld.org/values/12-730-286-1>		"ka om šone ne"@pav	
"blad"@da	<http://ids.clld.org/values/8-560-186-1>		<http://ids.clld.org/parameters/8-560>		<http://ids.clld.org/values/8-560-286-1>		"tenenein"@pav	
"hale"@da	<http://ids.clld.org/values/4-180-186-1>		<http://ids.clld.org/parameters/4-180>		<http://ids.clld.org/values/4-180-286-1>		"kahwerein"@pav	
"dårlig"@da	<http://ids.clld.org/values/16-720-186-1>		<http://ids.clld.org/parameters/16-720>		<http://ids.clld.org/values/16-720-286-1>		"kayi"@pav	
"hvid"@da	<http://ids.clld.org/values/15-640-186-1>		<http://ids.clld.org/parameters/15-640>		<http://ids.clld.org/values/15-640-286-1>		"towoʔ"@pav	
"vin-ranke"@da	<http://ids.clld.org/values/8-670-186-1>		<http://ids.clld.org/parameters/8-670>		<http://ids.clld.org/values/8-670-286-1>		"makon (makorišiʔ)"@pav	
"ben"@da	<http://ids.clld.org/values/4-350-186-1>		<http://ids.clld.org/parameters/4-350>		<http://ids.clld.org/values/4-350-286-1>		"pišiyašiʔ"@pav	
"ben"@da	<http://ids.clld.org/values/4-350-186-1>		<http://ids.clld.org/parameters/4-350>		<http://ids.clld.org/values/4-350-286-3>		"kokošiʔ"@pav	
"tunge"@da	<http://ids.clld.org/values/4-260-186-1>		<http://ids.clld.org/parameters/4-260>		<http://ids.clld.org/values/4-260-286-1>		"petehwet nešiʔ (petehwet)"@pav	
"spytte"@da	<http://ids.clld.org/values/4-560-186-1>		<http://ids.clld.org/parameters/4-560>		<http://ids.clld.org/values/4-560-286-1>		"hupaʔ"@pav	
"snog"@da	<http://ids.clld.org/values/3-850-186-3>		<http://ids.clld.org/parameters/3-850>		<http://ids.clld.org/values/3-850-286-1>		"emʔ"@pav	
"komme"@da	<http://ids.clld.org/values/10-480-186-1>		<http://ids.clld.org/parameters/10-480>		<http://ids.clld.org/values/10-480-286-1>		"makiʔ"@pav	
"lus"@da	<http://ids.clld.org/values/3-811-186-1>		<http://ids.clld.org/parameters/3-811>		<http://ids.clld.org/values/3-811-286-1>		"ioʔ"@pav	
"støde"@da	<http://ids.clld.org/values/10-670-186-3>		<http://ids.clld.org/parameters/10-670>		<http://ids.clld.org/values/10-670-286-1>		"yök"@pav	
"vride"@da	<http://ids.clld.org/values/9-343-186-3>		<http://ids.clld.org/parameters/9-343>		<http://ids.clld.org/values/9-343-286-1>		"humʔ"@pav	
"flyde"@da	<http://ids.clld.org/values/10-340-186-1>		<http://ids.clld.org/parameters/10-340>		<http://ids.clld.org/values/10-340-286-1>		"ho"@pav	
"flyde"@da	<http://ids.clld.org/values/10-340-186-1>		<http://ids.clld.org/parameters/10-340>		<http://ids.clld.org/values/10-340-286-3>		"horoho"@pav	
"sove"@da	<http://ids.clld.org/values/4-610-186-1>		<http://ids.clld.org/parameters/4-610>		<http://ids.clld.org/values/4-610-286-1>		"piʔam"@pav	
"menneske"@da	<http://ids.clld.org/values/2-100-186-1>		<http://ids.clld.org/parameters/2-100>		<http://ids.clld.org/values/2-100-286-1>		"wariʔ"@pav	
"hugge"@da	<http://ids.clld.org/values/9-220-186-3>		<http://ids.clld.org/parameters/9-220>		<http://ids.clld.org/values/9-220-286-7>		"nakarkamʔ"@pav	
"hugge"@da	<http://ids.clld.org/values/9-220-186-3>		<http://ids.clld.org/parameters/9-220>		<http://ids.clld.org/values/9-220-286-3>		"wawak"@pav	
"hugge"@da	<http://ids.clld.org/values/9-220-186-3>		<http://ids.clld.org/parameters/9-220>		<http://ids.clld.org/values/9-220-286-9>		"ta"@pav	
"hugge"@da	<http://ids.clld.org/values/9-220-186-3>		<http://ids.clld.org/parameters/9-220>		<http://ids.clld.org/values/9-220-286-5>		"nakamʔ"@pav	
"hugge"@da	<http://ids.clld.org/values/9-220-186-3>		<http://ids.clld.org/parameters/9-220>		<http://ids.clld.org/values/9-220-286-1>		"wak"@pav	
"jeg"@da	<http://ids.clld.org/values/2-910-186-1>		<http://ids.clld.org/parameters/2-910>		<http://ids.clld.org/values/2-910-286-1>		"wataʔ"@pav	
"stor"@da	<http://ids.clld.org/values/12-550-186-1>		<http://ids.clld.org/parameters/12-550>		<http://ids.clld.org/values/12-550-286-1>		"hwaraʔ"@pav	
"stor"@da	<http://ids.clld.org/values/12-550-186-1>		<http://ids.clld.org/parameters/12-550>		<http://ids.clld.org/values/12-550-286-3>		"horon"@pav	
"græs"@da	<http://ids.clld.org/values/8-510-186-1>		<http://ids.clld.org/parameters/8-510>		<http://ids.clld.org/values/8-510-286-1>		"tononoin"@pav	
"knæ"@da	<http://ids.clld.org/values/4-360-186-1>		<http://ids.clld.org/parameters/4-360>		<http://ids.clld.org/values/4-360-286-1>		"karamašiʔ (karam)"@pav	
"bjerg"@da	<http://ids.clld.org/values/1-220-186-1>		<http://ids.clld.org/parameters/1-220>		<http://ids.clld.org/values/1-220-286-1>		"pakun"@pav	
"fader"@da	<http://ids.clld.org/values/2-350-186-1>		<http://ids.clld.org/parameters/2-350>		<http://ids.clld.org/values/2-350-286-1>		"te"@pav	
"vin-stok"@da	<http://ids.clld.org/values/8-670-186-3>		<http://ids.clld.org/parameters/8-670>		<http://ids.clld.org/values/8-670-286-1>		"makon (makorišiʔ)"@pav	
"løv"@da	<http://ids.clld.org/values/8-560-186-3>		<http://ids.clld.org/parameters/8-560>		<http://ids.clld.org/values/8-560-286-1>		"tenenein"@pav	
"lige"@da	<http://ids.clld.org/values/12-730-186-1>		<http://ids.clld.org/parameters/12-730>		<http://ids.clld.org/values/12-730-286-1>		"ka om šone ne"@pav	
"stjerne"@da	<http://ids.clld.org/values/1-540-186-1>		<http://ids.clld.org/parameters/1-540>		<http://ids.clld.org/values/1-540-286-1>		"piyoʔ"@pav	
"tand"@da	<http://ids.clld.org/values/4-270-186-1>		<http://ids.clld.org/parameters/4-270>		<http://ids.clld.org/values/4-270-286-1>		"šišiʔ (yat)"@pav	
"dreje"@da	<http://ids.clld.org/values/10-130-186-1>		<http://ids.clld.org/parameters/10-130>		<http://ids.clld.org/values/10-130-286-1>		"yami"@pav	
"barn"@da	<http://ids.clld.org/values/2-270-186-1>		<http://ids.clld.org/parameters/2-270>		<http://ids.clld.org/values/2-270-286-1>		"piyeʔ"@pav	
"smudsig"@da	<http://ids.clld.org/values/15-880-186-1>		<http://ids.clld.org/parameters/15-880>		<http://ids.clld.org/values/15-880-286-1>		"mišem"@pav	
"skubbe"@da	<http://ids.clld.org/values/10-670-186-1>		<http://ids.clld.org/parameters/10-670>		<http://ids.clld.org/values/10-670-286-1>		"yök"@pav	
"hår"@da	<http://ids.clld.org/values/4-140-186-1>		<http://ids.clld.org/parameters/4-140>		<http://ids.clld.org/values/4-140-286-1>		"tenenešiʔ"@pav	
"hår"@da	<http://ids.clld.org/values/4-140-186-1>		<http://ids.clld.org/parameters/4-140>		<http://ids.clld.org/values/4-140-286-3>		"tenenein (šun)"@pav	
"træ"@da	<http://ids.clld.org/values/1-420-186-1>		<http://ids.clld.org/parameters/1-420>		<http://ids.clld.org/values/1-420-286-1>		"pana"@pav	
"i live"@da	<http://ids.clld.org/values/4-740-186-5>		<http://ids.clld.org/parameters/4-740>		<http://ids.clld.org/values/4-740-286-1>		"eʔ"@pav	
"jage"@da	<http://ids.clld.org/values/20-610-186-1>		<http://ids.clld.org/parameters/20-610>		<http://ids.clld.org/values/20-610-286-1>		"yiʔam"@pav	
"dræbe"@da	<http://ids.clld.org/values/4-760-186-1>		<http://ids.clld.org/parameters/4-760>		<http://ids.clld.org/values/4-760-286-1>		"paʔ"@pav	
"ånde"@da	<http://ids.clld.org/values/4-510-186-1>		<http://ids.clld.org/parameters/4-510>		<http://ids.clld.org/values/4-510-286-1>		"wereme"@pav	
"blomst"@da	<http://ids.clld.org/values/8-570-186-1>		<http://ids.clld.org/parameters/8-570>		<http://ids.clld.org/values/8-570-286-3>		"wiyein"@pav	
"blomst"@da	<http://ids.clld.org/values/8-570-186-1>		<http://ids.clld.org/parameters/8-570>		<http://ids.clld.org/values/8-570-286-1>		"piwain"@pav	
"grave"@da	<http://ids.clld.org/values/8-220-186-1>		<http://ids.clld.org/parameters/8-220>		<http://ids.clld.org/values/8-220-286-1>		"še"@pav	
"grave"@da	<http://ids.clld.org/values/8-220-186-1>		<http://ids.clld.org/parameters/8-220>		<http://ids.clld.org/values/8-220-286-3>		"šikeʔ"@pav	
"vide"@da	<http://ids.clld.org/values/17-170-186-1>		<http://ids.clld.org/parameters/17-170>		<http://ids.clld.org/values/17-170-286-1>		"tašiʔ"@pav	
"vide"@da	<http://ids.clld.org/values/17-170-186-1>		<http://ids.clld.org/parameters/17-170>		<http://ids.clld.org/values/17-170-286-3>		"kerek"@pav	
"vide"@da	<http://ids.clld.org/values/17-170-186-1>		<http://ids.clld.org/parameters/17-170>		<http://ids.clld.org/values/17-170-286-5>		"kerek pinʔ"@pav	
"trække"@da	<http://ids.clld.org/values/9-330-186-1>		<http://ids.clld.org/parameters/9-330>		<http://ids.clld.org/values/9-330-286-1>		"kök"@pav	
"kød"@da	<http://ids.clld.org/values/4-130-186-1>		<http://ids.clld.org/parameters/4-130>		<http://ids.clld.org/values/4-130-286-1>		"kwerešiʔ"@pav	
"god"@da	<http://ids.clld.org/values/16-710-186-1>		<http://ids.clld.org/parameters/16-710>		<http://ids.clld.org/values/16-710-286-1>		"awi"@pav	
"kende"@da	<http://ids.clld.org/values/17-170-186-3>		<http://ids.clld.org/parameters/17-170>		<http://ids.clld.org/values/17-170-286-1>		"tašiʔ"@pav	
"kende"@da	<http://ids.clld.org/values/17-170-186-3>		<http://ids.clld.org/parameters/17-170>		<http://ids.clld.org/values/17-170-286-3>		"kerek"@pav	
"kende"@da	<http://ids.clld.org/values/17-170-186-3>		<http://ids.clld.org/parameters/17-170>		<http://ids.clld.org/values/17-170-286-5>		"kerek pinʔ"@pav	
"al"@da	<http://ids.clld.org/values/13-140-186-5>		<http://ids.clld.org/parameters/13-140>		<http://ids.clld.org/values/13-140-286-1>		"šam"@pav	
"involde"@da	<http://ids.clld.org/values/4-461-186-1>		<http://ids.clld.org/parameters/4-461>		<http://ids.clld.org/values/4-461-286-1>		"monošiʔ (mon)"@pav	
"falde"@da	<http://ids.clld.org/values/10-230-186-1>		<http://ids.clld.org/parameters/10-230>		<http://ids.clld.org/values/10-230-286-3>		"kamaraʔ"@pav	
"falde"@da	<http://ids.clld.org/values/10-230-186-1>		<http://ids.clld.org/parameters/10-230>		<http://ids.clld.org/values/10-230-286-1>		"panʔ"@pav	
"sol"@da	<http://ids.clld.org/values/1-520-186-1>		<http://ids.clld.org/parameters/1-520>		<http://ids.clld.org/values/1-520-286-1>		"šina"@pav	
"holde"@da	<http://ids.clld.org/values/11-150-186-1>		<http://ids.clld.org/parameters/11-150>		<http://ids.clld.org/values/11-150-286-1>		"kep"@pav	
"bred"@da	<http://ids.clld.org/values/12-610-186-1>		<http://ids.clld.org/parameters/12-610>		<http://ids.clld.org/values/12-610-286-1>		"kote ne kimain"@pav	
"rød"@da	<http://ids.clld.org/values/15-660-186-1>		<http://ids.clld.org/parameters/15-660>		<http://ids.clld.org/values/15-660-286-1>		"pakaʔ"@pav	
"kløve"@da	<http://ids.clld.org/values/9-270-186-3>		<http://ids.clld.org/parameters/9-270>		<http://ids.clld.org/values/9-270-286-1>		"toʔ pahot"@pav	
"kløve"@da	<http://ids.clld.org/values/9-270-186-3>		<http://ids.clld.org/parameters/9-270>		<http://ids.clld.org/values/9-270-286-3>		"toʔ pahorohot"@pav	
"regn"@da	<http://ids.clld.org/values/1-750-186-1>		<http://ids.clld.org/parameters/1-750>		<http://ids.clld.org/values/1-750-286-1>		"šowiʔ"@pav	
"hånd"@da	<http://ids.clld.org/values/4-330-186-1>		<http://ids.clld.org/parameters/4-330>		<http://ids.clld.org/values/4-330-286-1>		"mišiʔ"@pav	
"hånd"@da	<http://ids.clld.org/values/4-330-186-1>		<http://ids.clld.org/parameters/4-330>		<http://ids.clld.org/values/4-330-286-3>		"(umʔ)"@pav	
"fugl"@da	<http://ids.clld.org/values/3-581-186-1>		<http://ids.clld.org/parameters/3-581>		<http://ids.clld.org/values/3-581-286-1>		"me"@pav	
"rund"@da	<http://ids.clld.org/values/12-810-186-1>		<http://ids.clld.org/parameters/12-810>		<http://ids.clld.org/values/12-810-286-1>		"monoʔo"@pav	
"sti"@da	<http://ids.clld.org/values/10-720-186-1>		<http://ids.clld.org/parameters/10-720>		<http://ids.clld.org/values/10-720-286-1>		"wana (wanayišiʔ)"@pav	
"vid"@da	<http://ids.clld.org/values/12-610-186-3>		<http://ids.clld.org/parameters/12-610>		<http://ids.clld.org/values/12-610-286-1>		"kote ne kimain"@pav	
"gnide"@da	<http://ids.clld.org/values/9-310-186-1>		<http://ids.clld.org/parameters/9-310>		<http://ids.clld.org/values/9-310-286-1>		"šik"@pav	
"træ"@da	<http://ids.clld.org/values/8-600-186-1>		<http://ids.clld.org/parameters/8-600>		<http://ids.clld.org/values/8-600-286-1>		"pana"@pav	
"ild"@da	<http://ids.clld.org/values/1-810-186-1>		<http://ids.clld.org/parameters/1-810>		<http://ids.clld.org/values/1-810-286-1>		"še"@pav	
"høre"@da	<http://ids.clld.org/values/15-410-186-1>		<http://ids.clld.org/parameters/15-410>		<http://ids.clld.org/values/15-410-286-1>		"tarayu"@pav	
"svømme"@da	<http://ids.clld.org/values/10-350-186-1>		<http://ids.clld.org/parameters/10-350>		<http://ids.clld.org/values/10-350-286-3>		"panʔ karakam"@pav	
"svømme"@da	<http://ids.clld.org/values/10-350-186-1>		<http://ids.clld.org/parameters/10-350>		<http://ids.clld.org/values/10-350-286-1>		"panʔ kam"@pav	
"navn"@da	<http://ids.clld.org/values/18-280-186-1>		<http://ids.clld.org/parameters/18-280>		<http://ids.clld.org/values/18-280-286-1>		"wišišiʔ (wit)"@pav	
"spise"@da	<http://ids.clld.org/values/5-110-186-1>		<http://ids.clld.org/parameters/5-110>		<http://ids.clld.org/values/5-110-286-1>		"kaoʔ"@pav	
"spise"@da	<http://ids.clld.org/values/5-110-186-1>		<http://ids.clld.org/parameters/5-110>		<http://ids.clld.org/values/5-110-286-3>		"kakakaoʔ"@pav	
"tov"@da	<http://ids.clld.org/values/9-190-186-3>		<http://ids.clld.org/parameters/9-190>		<http://ids.clld.org/values/9-190-286-1>		"makon (makorišiʔ)"@pav	
"søge"@da	<http://ids.clld.org/values/11-310-186-1>		<http://ids.clld.org/parameters/11-310>		<http://ids.clld.org/values/11-310-286-1>		"noro"@pav	
"tør"@da	<http://ids.clld.org/values/15-840-186-1>		<http://ids.clld.org/parameters/15-840>		<http://ids.clld.org/values/15-840-286-1>		"kawainʔ"@pav	
"varm"@da	<http://ids.clld.org/values/15-851-186-1>		<http://ids.clld.org/parameters/15-851>		<http://ids.clld.org/values/15-851-286-3>		"nonoe"@pav	
"varm"@da	<http://ids.clld.org/values/15-851-186-1>		<http://ids.clld.org/parameters/15-851>		<http://ids.clld.org/values/15-851-286-1>		"šain"@pav	
"lidt"@da	<http://ids.clld.org/values/13-170-186-1>		<http://ids.clld.org/parameters/13-170>		<http://ids.clld.org/values/13-170-286-1>		"parek"@pav	
"skarp"@da	<http://ids.clld.org/values/15-780-186-1>		<http://ids.clld.org/parameters/15-780>		<http://ids.clld.org/values/15-780-286-1>		"šaʔ"@pav	
"ligge"@da	<http://ids.clld.org/values/12-140-186-1>		<http://ids.clld.org/parameters/12-140>		<http://ids.clld.org/values/12-140-286-1>		"teremʔ"@pav	
"ligge"@da	<http://ids.clld.org/values/12-140-186-1>		<http://ids.clld.org/parameters/12-140>		<http://ids.clld.org/values/12-140-286-3>		"tokoʔ"@pav	
"skræk"@da	<http://ids.clld.org/values/16-530-186-3>		<http://ids.clld.org/parameters/16-530>		<http://ids.clld.org/values/16-530-286-1>		"yinʔ"@pav	
"venstre"@da	<http://ids.clld.org/values/12-420-186-1>		<http://ids.clld.org/parameters/12-420>		<http://ids.clld.org/values/12-420-286-1>		"parayišiʔ"@pav	
"fjeder"@da	<http://ids.clld.org/values/4-393-186-1>		<http://ids.clld.org/parameters/4-393>		<http://ids.clld.org/values/4-393-286-1>		"tenenein (šun)"@pav	
"ægtemand"@da	<http://ids.clld.org/values/2-310-186-3>		<http://ids.clld.org/parameters/2-310>		<http://ids.clld.org/values/2-310-286-1>		"taši"@pav	
