"bedstemor"@da	<http://ids.clld.org/values/2-470-186-1>		<http://ids.clld.org/parameters/2-470>		<http://ids.clld.org/values/2-470-823-1>		"za.1"@scb-x-rucc1239	
"bedstemor"@da	<http://ids.clld.org/values/2-470-186-1>		<http://ids.clld.org/parameters/2-470>		<http://ids.clld.org/values/2-470-823-2>		"na:j.1"@scb-x-rucc1239	
"flod"@da	<http://ids.clld.org/values/1-360-186-1>		<http://ids.clld.org/parameters/1-360>		<http://ids.clld.org/values/1-360-823-1>		"ju:ŋ.4"@scb-x-rucc1239	
"flod"@da	<http://ids.clld.org/values/1-360-186-1>		<http://ids.clld.org/parameters/1-360>		<http://ids.clld.org/values/1-360-823-2>		"cərɔ:k.3"@scb-x-rucc1239	
"kone"@da	<http://ids.clld.org/values/2-320-186-1>		<http://ids.clld.org/parameters/2-320>		<http://ids.clld.org/values/2-320-823-1>		"makj.3"@scb-x-rucc1239	
"skær"@da	<http://ids.clld.org/values/1-222-186-1>		<http://ids.clld.org/parameters/1-222>		<http://ids.clld.org/values/1-222-823-1>		"kupə:ŋ.1"@scb-x-rucc1239	
"træ"@da	<http://ids.clld.org/values/1-430-186-1>		<http://ids.clld.org/parameters/1-430>		<http://ids.clld.org/values/1-430-823-1>		"kəʌj.2"@scb-x-rucc1239	
"jord"@da	<http://ids.clld.org/values/1-210-186-1>		<http://ids.clld.org/parameters/1-210>		<http://ids.clld.org/values/1-210-823-1>		"bə:n.3"@scb-x-rucc1239	
"bred"@da	<http://ids.clld.org/values/1-270-186-3>		<http://ids.clld.org/parameters/1-270>		<http://ids.clld.org/values/1-270-823-1>		"kupə:ŋ.1"@scb-x-rucc1239	
"storebror"@da	<http://ids.clld.org/values/2-444-186-1>		<http://ids.clld.org/parameters/2-444>		<http://ids.clld.org/values/2-444-823-1>		"məaŋ.4"@scb-x-rucc1239	
"mand"@da	<http://ids.clld.org/values/2-310-186-1>		<http://ids.clld.org/parameters/2-310>		<http://ids.clld.org/values/2-310-823-1>		"məku:ń.3"@scb-x-rucc1239	
"søskende"@da	<http://ids.clld.org/values/2-456-186-1>		<http://ids.clld.org/parameters/2-456>		<http://ids.clld.org/values/2-456-823-1>		"ceɛ.4 məaŋ.4"@scb-x-rucc1239	
"mudder"@da	<http://ids.clld.org/values/1-214-186-1>		<http://ids.clld.org/parameters/1-214>		<http://ids.clld.org/values/1-214-823-1>		"la:r.4"@scb-x-rucc1239	
"svigerfar"@da	<http://ids.clld.org/values/2-610-186-1>		<http://ids.clld.org/parameters/2-610>		<http://ids.clld.org/values/2-610-823-1>		"pɨ.4 makj.#"@scb-x-rucc1239	
"lillebror"@da	<http://ids.clld.org/values/2-445-186-1>		<http://ids.clld.org/parameters/2-445>		<http://ids.clld.org/values/2-445-823-1>		"ceɛ.4"@scb-x-rucc1239	
"vandfald"@da	<http://ids.clld.org/values/1-390-186-1>		<http://ids.clld.org/parameters/1-390>		<http://ids.clld.org/values/1-390-823-1>		"tha:k.3 da:k.3"@scb-x-rucc1239	
"regnbue"@da	<http://ids.clld.org/values/1-590-186-1>		<http://ids.clld.org/parameters/1-590>		<http://ids.clld.org/values/1-590-823-1>		"ro:ŋ.1"@scb-x-rucc1239	
"svigermor"@da	<http://ids.clld.org/values/2-620-186-1>		<http://ids.clld.org/parameters/2-620>		<http://ids.clld.org/values/2-620-823-1>		"meɛ.4 makj.3"@scb-x-rucc1239	
"himmel"@da	<http://ids.clld.org/values/1-510-186-1>		<http://ids.clld.org/parameters/1-510>		<http://ids.clld.org/values/1-510-823-1>		"plə:j.2"@scb-x-rucc1239	
"storesøster"@da	<http://ids.clld.org/values/2-454-186-1>		<http://ids.clld.org/parameters/2-454>		<http://ids.clld.org/values/2-454-823-1>		"cj.4"@scb-x-rucc1239	
"ung mand"@da	<http://ids.clld.org/values/2-251-186-1>		<http://ids.clld.org/parameters/2-251>		<http://ids.clld.org/values/2-251-823-1>		"ba:w.1"@scb-x-rucc1239	
"kvindelig"@da	<http://ids.clld.org/values/2-240-186-1>		<http://ids.clld.org/parameters/2-240>		<http://ids.clld.org/values/2-240-823-1>		"kj.3"@scb-x-rucc1239	
"måne"@da	<http://ids.clld.org/values/1-530-186-1>		<http://ids.clld.org/parameters/1-530>		<http://ids.clld.org/values/1-530-823-1>		"puləan.2"@scb-x-rucc1239	
"støv"@da	<http://ids.clld.org/values/1-213-186-1>		<http://ids.clld.org/parameters/1-213>		<http://ids.clld.org/values/1-213-823-1>		"kəhɔ:j.3"@scb-x-rucc1239	
"nevø"@da	<http://ids.clld.org/values/2-530-186-1>		<http://ids.clld.org/parameters/2-530>		<http://ids.clld.org/values/2-530-823-1>		"cw.3"@scb-x-rucc1239	
"sand"@da	<http://ids.clld.org/values/1-215-186-1>		<http://ids.clld.org/parameters/1-215>		<http://ids.clld.org/values/1-215-823-1>		"təka:c.3"@scb-x-rucc1239	
"skov"@da	<http://ids.clld.org/values/1-410-186-1>		<http://ids.clld.org/parameters/1-410>		<http://ids.clld.org/values/1-410-823-1>		"brw.3"@scb-x-rucc1239	
"smuds"@da	<http://ids.clld.org/values/1-214-186-3>		<http://ids.clld.org/parameters/1-214>		<http://ids.clld.org/values/1-214-823-1>		"la:r.4"@scb-x-rucc1239	
"røg"@da	<http://ids.clld.org/values/1-830-186-1>		<http://ids.clld.org/parameters/1-830>		<http://ids.clld.org/values/1-830-823-1>		"kahɔ:j.3"@scb-x-rucc1239	
"røg"@da	<http://ids.clld.org/values/1-830-186-1>		<http://ids.clld.org/parameters/1-830>		<http://ids.clld.org/values/1-830-823-2>		"camaŋ.1"@scb-x-rucc1239	
"røg"@da	<http://ids.clld.org/values/1-830-186-1>		<http://ids.clld.org/parameters/1-830>		<http://ids.clld.org/values/1-830-823-3>		"patj.1"@scb-x-rucc1239	
"fjeld"@da	<http://ids.clld.org/values/1-220-186-3>		<http://ids.clld.org/parameters/1-220>		<http://ids.clld.org/values/1-220-823-2>		"do:l.1"@scb-x-rucc1239	
"fjeld"@da	<http://ids.clld.org/values/1-220-186-3>		<http://ids.clld.org/parameters/1-220>		<http://ids.clld.org/values/1-220-823-1>		"cɨ:t.3"@scb-x-rucc1239	
"søn"@da	<http://ids.clld.org/values/2-410-186-1>		<http://ids.clld.org/parameters/2-410>		<http://ids.clld.org/values/2-410-823-1>		"kɔ:n.1 puku:ń.3"@scb-x-rucc1239	
"ung kvinde"@da	<http://ids.clld.org/values/2-261-186-1>		<http://ids.clld.org/parameters/2-261>		<http://ids.clld.org/values/2-261-823-1>		"puma:j.3"@scb-x-rucc1239	
"dattersøn"@da	<http://ids.clld.org/values/2-480-186-3>		<http://ids.clld.org/parameters/2-480>		<http://ids.clld.org/values/2-480-823-1>		"cw.3"@scb-x-rucc1239	
"bakke"@da	<http://ids.clld.org/values/1-220-186-5>		<http://ids.clld.org/parameters/1-220>		<http://ids.clld.org/values/1-220-823-2>		"do:l.1"@scb-x-rucc1239	
"bakke"@da	<http://ids.clld.org/values/1-220-186-5>		<http://ids.clld.org/parameters/1-220>		<http://ids.clld.org/values/1-220-823-1>		"cɨ:t.3"@scb-x-rucc1239	
"pige"@da	<http://ids.clld.org/values/2-260-186-1>		<http://ids.clld.org/parameters/2-260>		<http://ids.clld.org/values/2-260-823-1>		"puma:j.3"@scb-x-rucc1239	
"aske"@da	<http://ids.clld.org/values/1-840-186-1>		<http://ids.clld.org/parameters/1-840>		<http://ids.clld.org/values/1-840-823-1>		"tapeh.1"@scb-x-rucc1239	
"mandlig"@da	<http://ids.clld.org/values/2-230-186-1>		<http://ids.clld.org/parameters/2-230>		<http://ids.clld.org/values/2-230-823-1>		"tɨk.4"@scb-x-rucc1239	
"land"@da	<http://ids.clld.org/values/1-210-186-3>		<http://ids.clld.org/parameters/1-210>		<http://ids.clld.org/values/1-210-823-1>		"bə:n.3"@scb-x-rucc1239	
"strøm"@da	<http://ids.clld.org/values/1-360-186-3>		<http://ids.clld.org/parameters/1-360>		<http://ids.clld.org/values/1-360-823-1>		"ju:ŋ.4"@scb-x-rucc1239	
"strøm"@da	<http://ids.clld.org/values/1-360-186-3>		<http://ids.clld.org/parameters/1-360>		<http://ids.clld.org/values/1-360-823-2>		"cərɔ:k.3"@scb-x-rucc1239	
"kilde"@da	<http://ids.clld.org/values/1-370-186-1>		<http://ids.clld.org/parameters/1-370>		<http://ids.clld.org/values/1-370-823-1>		"ru:k.4"@scb-x-rucc1239	
"forfædre"@da	<http://ids.clld.org/values/2-560-186-1>		<http://ids.clld.org/parameters/2-560>		<http://ids.clld.org/values/2-560-823-1>		"ʔo:ŋ.1 pluok.4"@scb-x-rucc1239	
"vand"@da	<http://ids.clld.org/values/1-310-186-1>		<http://ids.clld.org/parameters/1-310>		<http://ids.clld.org/values/1-310-823-1>		"da:k.3"@scb-x-rucc1239	
"svigerfar"@da	<http://ids.clld.org/values/2-611-186-1>		<http://ids.clld.org/parameters/2-611>		<http://ids.clld.org/values/2-611-823-1>		"pɨ.4 maju:ń.3"@scb-x-rucc1239	
"svigermor"@da	<http://ids.clld.org/values/2-621-186-1>		<http://ids.clld.org/parameters/2-621>		<http://ids.clld.org/values/2-621-823-1>		"meɛ.4 maku:ń.3"@scb-x-rucc1239	
"antænde"@da	<http://ids.clld.org/values/1-860-186-1>		<http://ids.clld.org/parameters/1-860>		<http://ids.clld.org/values/1-860-823-1>		"tu:c.3"@scb-x-rucc1239	
"bæk"@da	<http://ids.clld.org/values/1-360-186-5>		<http://ids.clld.org/parameters/1-360>		<http://ids.clld.org/values/1-360-823-1>		"ju:ŋ.4"@scb-x-rucc1239	
"bæk"@da	<http://ids.clld.org/values/1-360-186-5>		<http://ids.clld.org/parameters/1-360>		<http://ids.clld.org/values/1-360-823-2>		"cərɔ:k.3"@scb-x-rucc1239	
"vind"@da	<http://ids.clld.org/values/1-720-186-1>		<http://ids.clld.org/parameters/1-720>		<http://ids.clld.org/values/1-720-823-1>		"kajɔ.3"@scb-x-rucc1239	
"kvinde"@da	<http://ids.clld.org/values/2-220-186-1>		<http://ids.clld.org/parameters/2-220>		<http://ids.clld.org/values/2-220-823-1>		"pukj.3"@scb-x-rucc1239	
"klippe"@da	<http://ids.clld.org/values/1-222-186-3>		<http://ids.clld.org/parameters/1-222>		<http://ids.clld.org/values/1-222-823-1>		"kupə:ŋ.1"@scb-x-rucc1239	
"skygge"@da	<http://ids.clld.org/values/1-630-186-1>		<http://ids.clld.org/parameters/1-630>		<http://ids.clld.org/values/1-630-823-1>		"pɔ:ŋ.3"@scb-x-rucc1239	
"sky"@da	<http://ids.clld.org/values/1-730-186-1>		<http://ids.clld.org/parameters/1-730>		<http://ids.clld.org/values/1-730-823-1>		"məl.1"@scb-x-rucc1239	
"brænde"@da	<http://ids.clld.org/values/1-852-186-1>		<http://ids.clld.org/parameters/1-852>		<http://ids.clld.org/values/1-852-823-1>		"kɨcɔh.1"@scb-x-rucc1239	
"brænde"@da	<http://ids.clld.org/values/1-851-186-1>		<http://ids.clld.org/parameters/1-851>		<http://ids.clld.org/values/1-851-823-1>		"tu:c.3"@scb-x-rucc1239	
"lillesøster"@da	<http://ids.clld.org/values/2-455-186-1>		<http://ids.clld.org/parameters/2-455>		<http://ids.clld.org/values/2-455-823-1>		"ceɛ.$"@scb-x-rucc1239	
"lyn"@da	<http://ids.clld.org/values/1-550-186-1>		<http://ids.clld.org/parameters/1-550>		<http://ids.clld.org/values/1-550-823-1>		"ala:r.3"@scb-x-rucc1239	
"hustru"@da	<http://ids.clld.org/values/2-320-186-3>		<http://ids.clld.org/parameters/2-320>		<http://ids.clld.org/values/2-320-823-1>		"makj.3"@scb-x-rucc1239	
"tåge"@da	<http://ids.clld.org/values/1-740-186-1>		<http://ids.clld.org/parameters/1-740>		<http://ids.clld.org/values/1-740-823-1>		"tulu:k.3"@scb-x-rucc1239	
"datterdatter"@da	<http://ids.clld.org/values/2-490-186-3>		<http://ids.clld.org/parameters/2-490>		<http://ids.clld.org/values/2-490-823-1>		"cw.3"@scb-x-rucc1239	
"spædbarn"@da	<http://ids.clld.org/values/2-280-186-1>		<http://ids.clld.org/parameters/2-280>		<http://ids.clld.org/values/2-280-823-1>		"pucɔ:j.3"@scb-x-rucc1239	
"mand"@da	<http://ids.clld.org/values/2-210-186-1>		<http://ids.clld.org/parameters/2-210>		<http://ids.clld.org/values/2-210-823-1>		"puku:ń.3"@scb-x-rucc1239	
"dal"@da	<http://ids.clld.org/values/1-240-186-1>		<http://ids.clld.org/parameters/1-240>		<http://ids.clld.org/values/1-240-823-1>		"ulu:ŋ.1"@scb-x-rucc1239	
"brønd"@da	<http://ids.clld.org/values/1-370-186-3>		<http://ids.clld.org/parameters/1-370>		<http://ids.clld.org/values/1-370-823-1>		"ru:k.4"@scb-x-rucc1239	
"hule"@da	<http://ids.clld.org/values/1-280-186-1>		<http://ids.clld.org/parameters/1-280>		<http://ids.clld.org/values/1-280-823-1>		"kɨ:p.4"@scb-x-rucc1239	
"dreng"@da	<http://ids.clld.org/values/2-250-186-1>		<http://ids.clld.org/parameters/2-250>		<http://ids.clld.org/values/2-250-823-1>		"ba:w.1"@scb-x-rucc1239	
"grund"@da	<http://ids.clld.org/values/1-212-186-1>		<http://ids.clld.org/parameters/1-212>		<http://ids.clld.org/values/1-212-823-1>		"bə:n.3"@scb-x-rucc1239	
"far"@da	<http://ids.clld.org/values/2-350-186-3>		<http://ids.clld.org/parameters/2-350>		<http://ids.clld.org/values/2-350-823-1>		"pɨ.4"@scb-x-rucc1239	
"trækul"@da	<http://ids.clld.org/values/1-890-186-1>		<http://ids.clld.org/parameters/1-890>		<http://ids.clld.org/values/1-890-823-1>		"laŋ.caŋ.1"@scb-x-rucc1239	
"brænde"@da	<http://ids.clld.org/values/1-880-186-1>		<http://ids.clld.org/parameters/1-880>		<http://ids.clld.org/values/1-880-823-1>		"ku:r.1"@scb-x-rucc1239	
"farbror"@da	<http://ids.clld.org/values/2-512-186-1>		<http://ids.clld.org/parameters/2-512>		<http://ids.clld.org/values/2-512-823-1>		"pw.2"@scb-x-rucc1239	
"farbror"@da	<http://ids.clld.org/values/2-512-186-1>		<http://ids.clld.org/parameters/2-512>		<http://ids.clld.org/values/2-512-823-2>		"poɔ.4"@scb-x-rucc1239	
"skum"@da	<http://ids.clld.org/values/1-324-186-1>		<http://ids.clld.org/parameters/1-324>		<http://ids.clld.org/values/1-324-823-1>		"pɔh.pɔh.1"@scb-x-rucc1239	
"kyst"@da	<http://ids.clld.org/values/1-270-186-5>		<http://ids.clld.org/parameters/1-270>		<http://ids.clld.org/values/1-270-823-1>		"kupə:ŋ.1"@scb-x-rucc1239	
"bedstefar"@da	<http://ids.clld.org/values/2-460-186-1>		<http://ids.clld.org/parameters/2-460>		<http://ids.clld.org/values/2-460-823-1>		"pw.1"@scb-x-rucc1239	
"bedstefar"@da	<http://ids.clld.org/values/2-460-186-1>		<http://ids.clld.org/parameters/2-460>		<http://ids.clld.org/values/2-460-823-2>		"ta.1"@scb-x-rucc1239	
"gammel kvinde"@da	<http://ids.clld.org/values/2-471-186-1>		<http://ids.clld.org/parameters/2-471>		<http://ids.clld.org/values/2-471-823-1>		"moɔ.4 kuməʌk.4"@scb-x-rucc1239	
"torden"@da	<http://ids.clld.org/values/1-560-186-1>		<http://ids.clld.org/parameters/1-560>		<http://ids.clld.org/values/1-560-823-1>		"krɨ:m.4"@scb-x-rucc1239	
"dug"@da	<http://ids.clld.org/values/1-640-186-1>		<http://ids.clld.org/parameters/1-640>		<http://ids.clld.org/values/1-640-823-1>		"da:k.3 mw.2"@scb-x-rucc1239	
"menneske"@da	<http://ids.clld.org/values/2-100-186-1>		<http://ids.clld.org/parameters/2-100>		<http://ids.clld.org/values/2-100-823-1>		"ŋa:j.2"@scb-x-rucc1239	
"nej"@da	<http://ids.clld.org/values/17-560-186-1>		<http://ids.clld.org/parameters/17-560>		<http://ids.clld.org/values/17-560-823-1>		"lata.3"@scb-x-rucc1239	
"strand"@da	<http://ids.clld.org/values/1-270-186-1>		<http://ids.clld.org/parameters/1-270>		<http://ids.clld.org/values/1-270-823-1>		"kupə:ŋ.1"@scb-x-rucc1239	
"bjerg"@da	<http://ids.clld.org/values/1-220-186-1>		<http://ids.clld.org/parameters/1-220>		<http://ids.clld.org/values/1-220-823-2>		"do:l.1"@scb-x-rucc1239	
"bjerg"@da	<http://ids.clld.org/values/1-220-186-1>		<http://ids.clld.org/parameters/1-220>		<http://ids.clld.org/values/1-220-823-1>		"cɨ:t.3"@scb-x-rucc1239	
"fader"@da	<http://ids.clld.org/values/2-350-186-1>		<http://ids.clld.org/parameters/2-350>		<http://ids.clld.org/values/2-350-823-1>		"pɨ.4"@scb-x-rucc1239	
"faster"@da	<http://ids.clld.org/values/2-522-186-1>		<http://ids.clld.org/parameters/2-522>		<http://ids.clld.org/values/2-522-823-2>		"ʔɔ.1"@scb-x-rucc1239	
"faster"@da	<http://ids.clld.org/values/2-522-186-1>		<http://ids.clld.org/parameters/2-522>		<http://ids.clld.org/values/2-522-823-1>		"ja.1"@scb-x-rucc1239	
"stjerne"@da	<http://ids.clld.org/values/1-540-186-1>		<http://ids.clld.org/parameters/1-540>		<http://ids.clld.org/values/1-540-823-1>		"kumi:ŋ.1"@scb-x-rucc1239	
"barn"@da	<http://ids.clld.org/values/2-270-186-1>		<http://ids.clld.org/parameters/2-270>		<http://ids.clld.org/values/2-270-823-1>		"kɔ:n.1"@scb-x-rucc1239	
"hvirvel"@da	<http://ids.clld.org/values/1-362-186-1>		<http://ids.clld.org/parameters/1-362>		<http://ids.clld.org/values/1-362-823-1>		"da:k.3 thuəj.3"@scb-x-rucc1239	
"morbror"@da	<http://ids.clld.org/values/2-511-186-1>		<http://ids.clld.org/parameters/2-511>		<http://ids.clld.org/values/2-511-823-1>		"ta.1"@scb-x-rucc1239	
"morbror"@da	<http://ids.clld.org/values/2-511-186-1>		<http://ids.clld.org/parameters/2-511>		<http://ids.clld.org/values/2-511-823-2>		"ta.1"@scb-x-rucc1239	
"morbror"@da	<http://ids.clld.org/values/2-511-186-1>		<http://ids.clld.org/parameters/2-511>		<http://ids.clld.org/values/2-511-823-3>		"kw.4"@scb-x-rucc1239	
"dræbe"@da	<http://ids.clld.org/values/4-760-186-1>		<http://ids.clld.org/parameters/4-760>		<http://ids.clld.org/values/4-760-823-1>		"kacit"@scb-x-rucc1239	
"storm"@da	<http://ids.clld.org/values/1-580-186-1>		<http://ids.clld.org/parameters/1-580>		<http://ids.clld.org/values/1-580-823-1>		"pa:w.4"@scb-x-rucc1239	
"gammel mand"@da	<http://ids.clld.org/values/2-461-186-1>		<http://ids.clld.org/parameters/2-461>		<http://ids.clld.org/values/2-461-823-1>		"ʔo:ŋ.1 kuməʌk.4"@scb-x-rucc1239	
"moster"@da	<http://ids.clld.org/values/2-521-186-1>		<http://ids.clld.org/parameters/2-521>		<http://ids.clld.org/values/2-521-823-1>		"na:j.1"@scb-x-rucc1239	
"moster"@da	<http://ids.clld.org/values/2-521-186-1>		<http://ids.clld.org/parameters/2-521>		<http://ids.clld.org/values/2-521-823-2>		"mɨ.4"@scb-x-rucc1239	
"sol"@da	<http://ids.clld.org/values/1-520-186-1>		<http://ids.clld.org/parameters/1-520>		<http://ids.clld.org/values/1-520-823-1>		"məʌt.4 kara:ŋ.1"@scb-x-rucc1239	
"gifte sig"@da	<http://ids.clld.org/values/2-330-186-1>		<http://ids.clld.org/parameters/2-330>		<http://ids.clld.org/values/2-330-823-2>		"lj.4 maku:ń.3"@scb-x-rucc1239	
"gifte sig"@da	<http://ids.clld.org/values/2-330-186-1>		<http://ids.clld.org/parameters/2-330>		<http://ids.clld.org/values/2-330-823-3>		"dɔ:ŋ.1"@scb-x-rucc1239	
"gifte sig"@da	<http://ids.clld.org/values/2-330-186-1>		<http://ids.clld.org/parameters/2-330>		<http://ids.clld.org/values/2-330-823-1>		"lj.4 makj.3"@scb-x-rucc1239	
"datter"@da	<http://ids.clld.org/values/2-420-186-1>		<http://ids.clld.org/parameters/2-420>		<http://ids.clld.org/values/2-420-823-1>		"kɔ:n.1 pukj.3"@scb-x-rucc1239	
"regn"@da	<http://ids.clld.org/values/1-750-186-1>		<http://ids.clld.org/parameters/1-750>		<http://ids.clld.org/values/1-750-823-1>		"kəməa.2"@scb-x-rucc1239	
"horn"@da	<http://ids.clld.org/values/4-170-186-1>		<http://ids.clld.org/parameters/4-170>		<http://ids.clld.org/values/4-170-823-1>		"krɨŋ"@scb-x-rucc1239	
"sønnedatter"@da	<http://ids.clld.org/values/2-490-186-1>		<http://ids.clld.org/parameters/2-490>		<http://ids.clld.org/values/2-490-823-1>		"cw.3"@scb-x-rucc1239	
"skilsmisse"@da	<http://ids.clld.org/values/2-341-186-1>		<http://ids.clld.org/parameters/2-341>		<http://ids.clld.org/values/2-341-823-1>		"ßɨʌt.4"@scb-x-rucc1239	
"ild"@da	<http://ids.clld.org/values/1-810-186-1>		<http://ids.clld.org/parameters/1-810>		<http://ids.clld.org/values/1-810-823-1>		"ku:r.1"@scb-x-rucc1239	
"sønnesøn"@da	<http://ids.clld.org/values/2-480-186-1>		<http://ids.clld.org/parameters/2-480>		<http://ids.clld.org/values/2-480-823-1>		"cw.3"@scb-x-rucc1239	
"niece"@da	<http://ids.clld.org/values/2-540-186-1>		<http://ids.clld.org/parameters/2-540>		<http://ids.clld.org/values/2-540-823-1>		"cw.3"@scb-x-rucc1239	
"ægtemand"@da	<http://ids.clld.org/values/2-310-186-3>		<http://ids.clld.org/parameters/2-310>		<http://ids.clld.org/values/2-310-823-1>		"məku:ń.3"@scb-x-rucc1239	
