"mɪl:"@bfz	<http://ids.clld.org/values/1-640-704-1>		<http://ids.clld.org/parameters/1-640>		<http://ids.clld.org/values/1-640-823-1>		"da:k.3 mw.2"@scb-x-rucc1239	
"pocʈu"@bfz	<http://ids.clld.org/values/2-480-704-1>		<http://ids.clld.org/parameters/2-480>		<http://ids.clld.org/values/2-480-823-1>		"cw.3"@scb-x-rucc1239	
"nɛde"@bfz	<http://ids.clld.org/values/1-360-704-3>		<http://ids.clld.org/parameters/1-360>		<http://ids.clld.org/values/1-360-823-1>		"ju:ŋ.4"@scb-x-rucc1239	
"nɛde"@bfz	<http://ids.clld.org/values/1-360-704-3>		<http://ids.clld.org/parameters/1-360>		<http://ids.clld.org/values/1-360-823-2>		"cərɔ:k.3"@scb-x-rucc1239	
"tsɔnd"@bfz	<http://ids.clld.org/values/1-530-704-3>		<http://ids.clld.org/parameters/1-530>		<http://ids.clld.org/values/1-530-823-1>		"puləan.2"@scb-x-rucc1239	
"pwa:ɽ"@bfz	<http://ids.clld.org/values/1-220-704-3>		<http://ids.clld.org/parameters/1-220>		<http://ids.clld.org/values/1-220-823-2>		"do:l.1"@scb-x-rucc1239	
"pwa:ɽ"@bfz	<http://ids.clld.org/values/1-220-704-3>		<http://ids.clld.org/parameters/1-220>		<http://ids.clld.org/values/1-220-823-1>		"cɨ:t.3"@scb-x-rucc1239	
"d'ʊ`ɭɔ"@bfz	<http://ids.clld.org/values/1-213-704-1>		<http://ids.clld.org/parameters/1-213>		<http://ids.clld.org/values/1-213-823-1>		"kəhɔ:j.3"@scb-x-rucc1239	
"sɔ̄rəg"@bfz	<http://ids.clld.org/values/1-510-704-3>		<http://ids.clld.org/parameters/1-510>		<http://ids.clld.org/values/1-510-823-1>		"plə:j.2"@scb-x-rucc1239	
"kuɔ"@bfz	<http://ids.clld.org/values/1-370-704-1>		<http://ids.clld.org/parameters/1-370>		<http://ids.clld.org/values/1-370-823-1>		"ru:k.4"@scb-x-rucc1239	
"maʈ:ɔ"@bfz	<http://ids.clld.org/values/1-212-704-1>		<http://ids.clld.org/parameters/1-212>		<http://ids.clld.org/values/1-212-823-1>		"bə:n.3"@scb-x-rucc1239	
"dərɛu"@bfz	<http://ids.clld.org/values/1-360-704-1>		<http://ids.clld.org/parameters/1-360>		<http://ids.clld.org/values/1-360-823-1>		"ju:ŋ.4"@scb-x-rucc1239	
"dərɛu"@bfz	<http://ids.clld.org/values/1-360-704-1>		<http://ids.clld.org/parameters/1-360>		<http://ids.clld.org/values/1-360-823-2>		"cərɔ:k.3"@scb-x-rucc1239	
"bɔɭnõ"@bfz	<http://ids.clld.org/values/1-852-704-3>		<http://ids.clld.org/parameters/1-852>		<http://ids.clld.org/values/1-852-823-1>		"kɨcɔh.1"@scb-x-rucc1239	
"tshō"@bfz	<http://ids.clld.org/values/1-390-704-1>		<http://ids.clld.org/parameters/1-390>		<http://ids.clld.org/values/1-390-823-1>		"tha:k.3 da:k.3"@scb-x-rucc1239	
"bəɭauɳõ"@bfz	<http://ids.clld.org/values/1-860-704-1>		<http://ids.clld.org/parameters/1-860>		<http://ids.clld.org/values/1-860-823-1>		"tu:c.3"@scb-x-rucc1239	
"tarɔ"@bfz	<http://ids.clld.org/values/1-540-704-1>		<http://ids.clld.org/parameters/1-540>		<http://ids.clld.org/values/1-540-823-1>		"kumi:ŋ.1"@scb-x-rucc1239	
"bʊi"@bfz	<http://ids.clld.org/values/2-522-704-1>		<http://ids.clld.org/parameters/2-522>		<http://ids.clld.org/values/2-522-823-2>		"ʔɔ.1"@scb-x-rucc1239	
"bʊi"@bfz	<http://ids.clld.org/values/2-522-704-1>		<http://ids.clld.org/parameters/2-522>		<http://ids.clld.org/values/2-522-823-1>		"ja.1"@scb-x-rucc1239	
"dzaŋgəl"@bfz	<http://ids.clld.org/values/1-410-704-1>		<http://ids.clld.org/parameters/1-410>		<http://ids.clld.org/values/1-410-823-1>		"brw.3"@scb-x-rucc1239	
"bagur"@bfz	<http://ids.clld.org/values/1-720-704-3>		<http://ids.clld.org/parameters/1-720>		<http://ids.clld.org/values/1-720-823-1>		"kajɔ.3"@scb-x-rucc1239	
"d'ɔ̀:ɳ"@bfz	<http://ids.clld.org/values/2-320-704-1>		<http://ids.clld.org/parameters/2-320>		<http://ids.clld.org/values/2-320-823-1>		"makj.3"@scb-x-rucc1239	
"ɔ̀knɔ b'ài"@bfz	<http://ids.clld.org/values/2-445-704-1>		<http://ids.clld.org/parameters/2-445>		<http://ids.clld.org/values/2-445-823-1>		"ceɛ.4"@scb-x-rucc1239	
"chaŋgʈe"@bfz	<http://ids.clld.org/values/2-270-704-1>		<http://ids.clld.org/parameters/2-270>		<http://ids.clld.org/values/2-270-823-1>		"kɔ:n.1"@scb-x-rucc1239	
"bərurɔ"@bfz	<http://ids.clld.org/values/1-213-704-5>		<http://ids.clld.org/parameters/1-213>		<http://ids.clld.org/values/1-213-823-1>		"kəhɔ:j.3"@scb-x-rucc1239	
"nɔd:ɪ"@bfz	<http://ids.clld.org/values/1-360-704-5>		<http://ids.clld.org/parameters/1-360>		<http://ids.clld.org/values/1-360-823-1>		"ju:ŋ.4"@scb-x-rucc1239	
"nɔd:ɪ"@bfz	<http://ids.clld.org/values/1-360-704-5>		<http://ids.clld.org/parameters/1-360>		<http://ids.clld.org/values/1-360-823-2>		"cərɔ:k.3"@scb-x-rucc1239	
"na:n"@bfz	<http://ids.clld.org/values/2-460-704-3>		<http://ids.clld.org/parameters/2-460>		<http://ids.clld.org/values/2-460-823-1>		"pw.1"@scb-x-rucc1239	
"na:n"@bfz	<http://ids.clld.org/values/2-460-704-3>		<http://ids.clld.org/parameters/2-460>		<http://ids.clld.org/values/2-460-823-2>		"ta.1"@scb-x-rucc1239	
"sūrədz"@bfz	<http://ids.clld.org/values/1-520-704-3>		<http://ids.clld.org/parameters/1-520>		<http://ids.clld.org/values/1-520-823-1>		"məʌt.4 kara:ŋ.1"@scb-x-rucc1239	
"dz'àŋgɳõ"@bfz	<http://ids.clld.org/values/4-760-704-1>		<http://ids.clld.org/parameters/4-760>		<http://ids.clld.org/values/4-760-823-1>		"kacit"@scb-x-rucc1239	
"ʈhɔlɖɪ"@bfz	<http://ids.clld.org/values/2-220-704-1>		<http://ids.clld.org/parameters/2-220>		<http://ids.clld.org/values/2-220-823-1>		"pukj.3"@scb-x-rucc1239	
"ʃɔ̄:rɔ"@bfz	<http://ids.clld.org/values/2-610-704-3>		<http://ids.clld.org/parameters/2-610>		<http://ids.clld.org/values/2-610-823-1>		"pɨ.4 makj.#"@scb-x-rucc1239	
"paɳɪ"@bfz	<http://ids.clld.org/values/1-750-704-1>		<http://ids.clld.org/parameters/1-750>		<http://ids.clld.org/values/1-750-823-1>		"kəməa.2"@scb-x-rucc1239	
"dzao"@bfz	<http://ids.clld.org/values/2-410-704-1>		<http://ids.clld.org/parameters/2-410>		<http://ids.clld.org/values/2-410-823-1>		"kɔ:n.1 puku:ń.3"@scb-x-rucc1239	
"aɳnõ"@bfz	<http://ids.clld.org/values/2-330-704-1>		<http://ids.clld.org/parameters/2-330>		<http://ids.clld.org/values/2-330-823-2>		"lj.4 maku:ń.3"@scb-x-rucc1239	
"aɳnõ"@bfz	<http://ids.clld.org/values/2-330-704-1>		<http://ids.clld.org/parameters/2-330>		<http://ids.clld.org/values/2-330-823-3>		"dɔ:ŋ.1"@scb-x-rucc1239	
"aɳnõ"@bfz	<http://ids.clld.org/values/2-330-704-1>		<http://ids.clld.org/parameters/2-330>		<http://ids.clld.org/values/2-330-823-1>		"lj.4 makj.3"@scb-x-rucc1239	
"dz'òkʈɪ"@bfz	<http://ids.clld.org/values/1-880-704-1>		<http://ids.clld.org/parameters/1-880>		<http://ids.clld.org/values/1-880-823-1>		"ku:r.1"@scb-x-rucc1239	
"ʃēurɔ"@bfz	<http://ids.clld.org/values/2-610-704-1>		<http://ids.clld.org/parameters/2-610>		<http://ids.clld.org/values/2-610-823-1>		"pɨ.4 makj.#"@scb-x-rucc1239	
"tsho:ʈu"@bfz	<http://ids.clld.org/values/2-250-704-1>		<http://ids.clld.org/parameters/2-250>		<http://ids.clld.org/values/2-250-823-1>		"ba:w.1"@scb-x-rucc1239	
"garʈhɔ"@bfz	<http://ids.clld.org/values/1-890-704-3>		<http://ids.clld.org/parameters/1-890>		<http://ids.clld.org/values/1-890-823-1>		"laŋ.caŋ.1"@scb-x-rucc1239	
"tshoʈe"@bfz	<http://ids.clld.org/values/2-260-704-1>		<http://ids.clld.org/parameters/2-260>		<http://ids.clld.org/values/2-260-823-1>		"puma:j.3"@scb-x-rucc1239	
"ba:p"@bfz	<http://ids.clld.org/values/2-350-704-1>		<http://ids.clld.org/parameters/2-350>		<http://ids.clld.org/values/2-350-823-1>		"pɨ.4"@scb-x-rucc1239	
"gʊɽku"@bfz	<http://ids.clld.org/values/1-560-704-1>		<http://ids.clld.org/parameters/1-560>		<http://ids.clld.org/values/1-560-823-1>		"krɨ:m.4"@scb-x-rucc1239	
"ʃāʃ:u"@bfz	<http://ids.clld.org/values/2-620-704-1>		<http://ids.clld.org/parameters/2-620>		<http://ids.clld.org/values/2-620-823-1>		"meɛ.4 makj.3"@scb-x-rucc1239	
"pocʈɪ"@bfz	<http://ids.clld.org/values/2-490-704-1>		<http://ids.clld.org/parameters/2-490>		<http://ids.clld.org/values/2-490-823-1>		"cw.3"@scb-x-rucc1239	
"maʈo"@bfz	<http://ids.clld.org/values/1-212-704-3>		<http://ids.clld.org/parameters/1-212>		<http://ids.clld.org/values/1-212-823-1>		"bə:n.3"@scb-x-rucc1239	
"ɖ'ʊ̃`ɪ"@bfz	<http://ids.clld.org/values/1-740-704-1>		<http://ids.clld.org/parameters/1-740>		<http://ids.clld.org/values/1-740-823-1>		"tulu:k.3"@scb-x-rucc1239	
"dzaɭnõ"@bfz	<http://ids.clld.org/values/1-851-704-1>		<http://ids.clld.org/parameters/1-851>		<http://ids.clld.org/values/1-851-823-1>		"tu:c.3"@scb-x-rucc1239	
"o:l"@bfz	<http://ids.clld.org/values/1-280-704-1>		<http://ids.clld.org/parameters/1-280>		<http://ids.clld.org/values/1-280-823-1>		"kɨ:p.4"@scb-x-rucc1239	
"kjaɭɪ"@bfz	<http://ids.clld.org/values/1-240-704-1>		<http://ids.clld.org/parameters/1-240>		<http://ids.clld.org/values/1-240-823-1>		"ulu:ŋ.1"@scb-x-rucc1239	
"badəɭ"@bfz	<http://ids.clld.org/values/1-730-704-1>		<http://ids.clld.org/parameters/1-730>		<http://ids.clld.org/values/1-730-823-1>		"məl.1"@scb-x-rucc1239	
"ka:k"@bfz	<http://ids.clld.org/values/2-512-704-1>		<http://ids.clld.org/parameters/2-512>		<http://ids.clld.org/values/2-512-823-1>		"pw.2"@scb-x-rucc1239	
"ka:k"@bfz	<http://ids.clld.org/values/2-512-704-1>		<http://ids.clld.org/parameters/2-512>		<http://ids.clld.org/values/2-512-823-2>		"poɔ.4"@scb-x-rucc1239	
"pɔ:ɳ"@bfz	<http://ids.clld.org/values/1-720-704-1>		<http://ids.clld.org/parameters/1-720>		<http://ids.clld.org/values/1-720-823-1>		"kajɔ.3"@scb-x-rucc1239	
"beʈ:ɪ"@bfz	<http://ids.clld.org/values/2-260-704-3>		<http://ids.clld.org/parameters/2-260>		<http://ids.clld.org/values/2-260-823-1>		"puma:j.3"@scb-x-rucc1239	
"mɔũ"@bfz	<http://ids.clld.org/values/2-280-704-1>		<http://ids.clld.org/parameters/2-280>		<http://ids.clld.org/values/2-280-823-1>		"pucɔ:j.3"@scb-x-rucc1239	
"tsa:nd"@bfz	<http://ids.clld.org/values/1-530-704-1>		<http://ids.clld.org/parameters/1-530>		<http://ids.clld.org/values/1-530-823-1>		"puləan.2"@scb-x-rucc1239	
"pɔb:ət"@bfz	<http://ids.clld.org/values/1-220-704-1>		<http://ids.clld.org/parameters/1-220>		<http://ids.clld.org/values/1-220-823-2>		"do:l.1"@scb-x-rucc1239	
"pɔb:ət"@bfz	<http://ids.clld.org/values/1-220-704-1>		<http://ids.clld.org/parameters/1-220>		<http://ids.clld.org/values/1-220-823-1>		"cɨ:t.3"@scb-x-rucc1239	
"d'ũ`ɔ"@bfz	<http://ids.clld.org/values/1-830-704-1>		<http://ids.clld.org/parameters/1-830>		<http://ids.clld.org/values/1-830-823-1>		"kahɔ:j.3"@scb-x-rucc1239	
"d'ũ`ɔ"@bfz	<http://ids.clld.org/values/1-830-704-1>		<http://ids.clld.org/parameters/1-830>		<http://ids.clld.org/values/1-830-823-2>		"camaŋ.1"@scb-x-rucc1239	
"d'ũ`ɔ"@bfz	<http://ids.clld.org/values/1-830-704-1>		<http://ids.clld.org/parameters/1-830>		<http://ids.clld.org/values/1-830-823-3>		"patj.1"@scb-x-rucc1239	
"pɔ:ɳ"@bfz	<http://ids.clld.org/values/1-580-704-1>		<http://ids.clld.org/parameters/1-580>		<http://ids.clld.org/values/1-580-823-1>		"pa:w.4"@scb-x-rucc1239	
"tshɛ̃:"@bfz	<http://ids.clld.org/values/1-630-704-1>		<http://ids.clld.org/parameters/1-630>		<http://ids.clld.org/values/1-630-823-1>		"pɔ:ŋ.3"@scb-x-rucc1239	
"paɳɪ"@bfz	<http://ids.clld.org/values/1-310-704-3>		<http://ids.clld.org/parameters/1-310>		<http://ids.clld.org/values/1-310-823-1>		"da:k.3"@scb-x-rucc1239	
"tshɛ̄ɪ"@bfz	<http://ids.clld.org/values/2-455-704-1>		<http://ids.clld.org/parameters/2-455>		<http://ids.clld.org/values/2-455-823-1>		"ceɛ.$"@scb-x-rucc1239	
"bɪ:dz"@bfz	<http://ids.clld.org/values/1-550-704-1>		<http://ids.clld.org/parameters/1-550>		<http://ids.clld.org/values/1-550-823-1>		"ala:r.3"@scb-x-rucc1239	
"bagə"@bfz	<http://ids.clld.org/values/1-720-704-5>		<http://ids.clld.org/parameters/1-720>		<http://ids.clld.org/values/1-720-823-1>		"kajɔ.3"@scb-x-rucc1239	
"swā:"@bfz	<http://ids.clld.org/values/1-840-704-3>		<http://ids.clld.org/parameters/1-840>		<http://ids.clld.org/values/1-840-823-1>		"tapeh.1"@scb-x-rucc1239	
"a:dmi"@bfz	<http://ids.clld.org/values/2-210-704-1>		<http://ids.clld.org/parameters/2-210>		<http://ids.clld.org/values/2-210-823-1>		"puku:ń.3"@scb-x-rucc1239	
"bəru:r"@bfz	<http://ids.clld.org/values/1-213-704-3>		<http://ids.clld.org/parameters/1-213>		<http://ids.clld.org/values/1-213-823-1>		"kəhɔ:j.3"@scb-x-rucc1239	
"beʈku"@bfz	<http://ids.clld.org/values/2-410-704-3>		<http://ids.clld.org/parameters/2-410>		<http://ids.clld.org/values/2-410-823-1>		"kɔ:n.1 puku:ń.3"@scb-x-rucc1239	
"ba:b"@bfz	<http://ids.clld.org/values/2-350-704-3>		<http://ids.clld.org/parameters/2-350>		<http://ids.clld.org/values/2-350-823-1>		"pɨ.4"@scb-x-rucc1239	
"maʈ:e"@bfz	<http://ids.clld.org/values/1-212-704-7>		<http://ids.clld.org/parameters/1-212>		<http://ids.clld.org/values/1-212-823-1>		"bə:n.3"@scb-x-rucc1239	
"daɪ"@bfz	<http://ids.clld.org/values/2-454-704-3>		<http://ids.clld.org/parameters/2-454>		<http://ids.clld.org/values/2-454-823-1>		"cj.4"@scb-x-rucc1239	
"bɔ:ʈɪ"@bfz	<http://ids.clld.org/values/2-320-704-3>		<http://ids.clld.org/parameters/2-320>		<http://ids.clld.org/values/2-320-823-1>		"makj.3"@scb-x-rucc1239	
"nɛ:"@bfz	<http://ids.clld.org/values/1-360-704-7>		<http://ids.clld.org/parameters/1-360>		<http://ids.clld.org/values/1-360-823-1>		"ju:ŋ.4"@scb-x-rucc1239	
"nɛ:"@bfz	<http://ids.clld.org/values/1-360-704-7>		<http://ids.clld.org/parameters/1-360>		<http://ids.clld.org/values/1-360-823-2>		"cərɔ:k.3"@scb-x-rucc1239	
"ma:m"@bfz	<http://ids.clld.org/values/2-511-704-1>		<http://ids.clld.org/parameters/2-511>		<http://ids.clld.org/values/2-511-823-1>		"ta.1"@scb-x-rucc1239	
"ma:m"@bfz	<http://ids.clld.org/values/2-511-704-1>		<http://ids.clld.org/parameters/2-511>		<http://ids.clld.org/values/2-511-823-2>		"ta.1"@scb-x-rucc1239	
"ma:m"@bfz	<http://ids.clld.org/values/2-511-704-1>		<http://ids.clld.org/parameters/2-511>		<http://ids.clld.org/values/2-511-823-3>		"kw.4"@scb-x-rucc1239	
"mɔrd"@bfz	<http://ids.clld.org/values/2-210-704-3>		<http://ids.clld.org/parameters/2-210>		<http://ids.clld.org/values/2-210-823-1>		"puku:ń.3"@scb-x-rucc1239	
"ʃɔ̄:rɔ"@bfz	<http://ids.clld.org/values/2-611-704-3>		<http://ids.clld.org/parameters/2-611>		<http://ids.clld.org/values/2-611-823-1>		"pɨ.4 maju:ń.3"@scb-x-rucc1239	
"ʃī:ŋg"@bfz	<http://ids.clld.org/values/4-170-704-1>		<http://ids.clld.org/parameters/4-170>		<http://ids.clld.org/values/4-170-823-1>		"krɨŋ"@scb-x-rucc1239	
"dzəɭauɳõ"@bfz	<http://ids.clld.org/values/1-851-704-3>		<http://ids.clld.org/parameters/1-851>		<http://ids.clld.org/values/1-851-823-1>		"tu:c.3"@scb-x-rucc1239	
"nan:ɪ"@bfz	<http://ids.clld.org/values/2-470-704-3>		<http://ids.clld.org/parameters/2-470>		<http://ids.clld.org/values/2-470-823-1>		"za.1"@scb-x-rucc1239	
"nan:ɪ"@bfz	<http://ids.clld.org/values/2-470-704-3>		<http://ids.clld.org/parameters/2-470>		<http://ids.clld.org/values/2-470-823-2>		"na:j.1"@scb-x-rucc1239	
"a:dmi"@bfz	<http://ids.clld.org/values/2-310-704-1>		<http://ids.clld.org/parameters/2-310>		<http://ids.clld.org/values/2-310-823-1>		"məku:ń.3"@scb-x-rucc1239	
"dz'ɔɭno"@bfz	<http://ids.clld.org/values/1-852-704-1>		<http://ids.clld.org/parameters/1-852>		<http://ids.clld.org/values/1-852-823-1>		"kɨcɔh.1"@scb-x-rucc1239	
"dɔʃe"@bfz	<http://ids.clld.org/values/2-220-704-3>		<http://ids.clld.org/parameters/2-220>		<http://ids.clld.org/values/2-220-823-1>		"pukj.3"@scb-x-rucc1239	
"dzɔɳɔ"@bfz	<http://ids.clld.org/values/2-100-704-1>		<http://ids.clld.org/parameters/2-100>		<http://ids.clld.org/values/2-100-823-1>		"ŋa:j.2"@scb-x-rucc1239	
"dzai"@bfz	<http://ids.clld.org/values/2-420-704-1>		<http://ids.clld.org/parameters/2-420>		<http://ids.clld.org/values/2-420-823-1>		"kɔ:n.1 pukj.3"@scb-x-rucc1239	
"bɔ:ʈu"@bfz	<http://ids.clld.org/values/2-310-704-3>		<http://ids.clld.org/parameters/2-310>		<http://ids.clld.org/values/2-310-823-1>		"məku:ń.3"@scb-x-rucc1239	
"maʈ:ɪ"@bfz	<http://ids.clld.org/values/1-212-704-5>		<http://ids.clld.org/parameters/1-212>		<http://ids.clld.org/values/1-212-823-1>		"bə:n.3"@scb-x-rucc1239	
"dzɔl:"@bfz	<http://ids.clld.org/values/1-310-704-1>		<http://ids.clld.org/parameters/1-310>		<http://ids.clld.org/values/1-310-823-1>		"da:k.3"@scb-x-rucc1239	
"ɖwa:r"@bfz	<http://ids.clld.org/values/1-280-704-3>		<http://ids.clld.org/parameters/1-280>		<http://ids.clld.org/values/1-280-823-1>		"kɨ:p.4"@scb-x-rucc1239	
"paŋör"@bfz	<http://ids.clld.org/values/2-270-704-5>		<http://ids.clld.org/parameters/2-270>		<http://ids.clld.org/values/2-270-823-1>		"kɔ:n.1"@scb-x-rucc1239	
"ʃēurɔ"@bfz	<http://ids.clld.org/values/2-611-704-1>		<http://ids.clld.org/parameters/2-611>		<http://ids.clld.org/values/2-611-823-1>		"pɨ.4 maju:ń.3"@scb-x-rucc1239	
"ʃāʃ:u"@bfz	<http://ids.clld.org/values/2-621-704-1>		<http://ids.clld.org/parameters/2-621>		<http://ids.clld.org/values/2-621-823-1>		"meɛ.4 maku:ń.3"@scb-x-rucc1239	
"d'ai"@bfz	<http://ids.clld.org/values/2-454-704-1>		<http://ids.clld.org/parameters/2-454>		<http://ids.clld.org/values/2-454-823-1>		"cj.4"@scb-x-rucc1239	
"da:d"@bfz	<http://ids.clld.org/values/2-460-704-1>		<http://ids.clld.org/parameters/2-460>		<http://ids.clld.org/values/2-460-823-1>		"pw.1"@scb-x-rucc1239	
"da:d"@bfz	<http://ids.clld.org/values/2-460-704-1>		<http://ids.clld.org/parameters/2-460>		<http://ids.clld.org/values/2-460-823-2>		"ta.1"@scb-x-rucc1239	
"tsikɽɔ"@bfz	<http://ids.clld.org/values/1-214-704-1>		<http://ids.clld.org/parameters/1-214>		<http://ids.clld.org/values/1-214-823-1>		"la:r.4"@scb-x-rucc1239	
"na"@bfz	<http://ids.clld.org/values/17-560-704-1>		<http://ids.clld.org/parameters/17-560>		<http://ids.clld.org/values/17-560-823-1>		"lata.3"@scb-x-rucc1239	
"dad:ɪ"@bfz	<http://ids.clld.org/values/2-470-704-1>		<http://ids.clld.org/parameters/2-470>		<http://ids.clld.org/values/2-470-823-1>		"za.1"@scb-x-rucc1239	
"dad:ɪ"@bfz	<http://ids.clld.org/values/2-470-704-1>		<http://ids.clld.org/parameters/2-470>		<http://ids.clld.org/values/2-470-823-2>		"na:j.1"@scb-x-rucc1239	
"zəmi:n"@bfz	<http://ids.clld.org/values/1-212-704-9>		<http://ids.clld.org/parameters/1-212>		<http://ids.clld.org/values/1-212-823-1>		"bə:n.3"@scb-x-rucc1239	
"koilo"@bfz	<http://ids.clld.org/values/1-890-704-1>		<http://ids.clld.org/parameters/1-890>		<http://ids.clld.org/values/1-890-823-1>		"laŋ.caŋ.1"@scb-x-rucc1239	
"tshā:r"@bfz	<http://ids.clld.org/values/1-840-704-1>		<http://ids.clld.org/parameters/1-840>		<http://ids.clld.org/values/1-840-823-1>		"tapeh.1"@scb-x-rucc1239	
"laɽu"@bfz	<http://ids.clld.org/values/1-890-704-5>		<http://ids.clld.org/parameters/1-890>		<http://ids.clld.org/values/1-890-823-1>		"laŋ.caŋ.1"@scb-x-rucc1239	
"mamɪ"@bfz	<http://ids.clld.org/values/2-521-704-1>		<http://ids.clld.org/parameters/2-521>		<http://ids.clld.org/values/2-521-823-1>		"na:j.1"@scb-x-rucc1239	
"mamɪ"@bfz	<http://ids.clld.org/values/2-521-704-1>		<http://ids.clld.org/parameters/2-521>		<http://ids.clld.org/values/2-521-823-2>		"mɨ.4"@scb-x-rucc1239	
"dusɽu"@bfz	<http://ids.clld.org/values/1-520-704-1>		<http://ids.clld.org/parameters/1-520>		<http://ids.clld.org/values/1-520-823-1>		"məʌt.4 kara:ŋ.1"@scb-x-rucc1239	
"nã"@bfz	<http://ids.clld.org/values/17-560-704-3>		<http://ids.clld.org/parameters/17-560>		<http://ids.clld.org/values/17-560-823-1>		"lata.3"@scb-x-rucc1239	
"tsɔndər"@bfz	<http://ids.clld.org/values/1-530-704-5>		<http://ids.clld.org/parameters/1-530>		<http://ids.clld.org/values/1-530-823-1>		"puləan.2"@scb-x-rucc1239	
"dzɔ:th"@bfz	<http://ids.clld.org/values/1-530-704-7>		<http://ids.clld.org/parameters/1-530>		<http://ids.clld.org/values/1-530-823-1>		"puləan.2"@scb-x-rucc1239	
"dz'ūkhɽɔ"@bfz	<http://ids.clld.org/values/1-430-704-1>		<http://ids.clld.org/parameters/1-430>		<http://ids.clld.org/values/1-430-823-1>		"kəʌj.2"@scb-x-rucc1239	
"gɛ:ɳ"@bfz	<http://ids.clld.org/values/1-510-704-1>		<http://ids.clld.org/parameters/1-510>		<http://ids.clld.org/values/1-510-823-1>		"plə:j.2"@scb-x-rucc1239	
"naɭʈo"@bfz	<http://ids.clld.org/values/1-390-704-3>		<http://ids.clld.org/parameters/1-390>		<http://ids.clld.org/values/1-390-823-1>		"tha:k.3 da:k.3"@scb-x-rucc1239	
"a:g"@bfz	<http://ids.clld.org/values/1-810-704-1>		<http://ids.clld.org/parameters/1-810>		<http://ids.clld.org/values/1-810-823-1>		"ku:r.1"@scb-x-rucc1239	
"maẽ"@bfz	<http://ids.clld.org/values/2-260-704-5>		<http://ids.clld.org/parameters/2-260>		<http://ids.clld.org/values/2-260-823-1>		"puma:j.3"@scb-x-rucc1239	
"bɛ̄ɳ"@bfz	<http://ids.clld.org/values/2-455-704-3>		<http://ids.clld.org/parameters/2-455>		<http://ids.clld.org/values/2-455-823-1>		"ceɛ.$"@scb-x-rucc1239	
"baɭu"@bfz	<http://ids.clld.org/values/1-215-704-1>		<http://ids.clld.org/parameters/1-215>		<http://ids.clld.org/values/1-215-823-1>		"təka:c.3"@scb-x-rucc1239	
"re:t"@bfz	<http://ids.clld.org/values/1-215-704-3>		<http://ids.clld.org/parameters/1-215>		<http://ids.clld.org/values/1-215-823-1>		"təka:c.3"@scb-x-rucc1239	
"chaŋgʈu"@bfz	<http://ids.clld.org/values/2-270-704-3>		<http://ids.clld.org/parameters/2-270>		<http://ids.clld.org/values/2-270-823-1>		"kɔ:n.1"@scb-x-rucc1239	
