"dabɳõ"@bfz	<http://ids.clld.org/values/4-780-704-1>		<http://ids.clld.org/parameters/4-780>		<http://ids.clld.org/values/4-780-198-1>		"*enkapti"@prg	
"bɔɖɽɔ"@bfz	<http://ids.clld.org/values/12-550-704-1>		<http://ids.clld.org/parameters/12-550>		<http://ids.clld.org/values/12-550-198-1>		"debīkan"@prg	
"'òu"@bfz	<http://ids.clld.org/values/17-550-704-5>		<http://ids.clld.org/parameters/17-550>		<http://ids.clld.org/values/17-550-198-1>		"[ya]"@prg	
"mɪndzɔ"@bfz	<http://ids.clld.org/values/4-203-704-1>		<http://ids.clld.org/parameters/4-203>		<http://ids.clld.org/values/4-203-198-1>		"muzgenā"@prg	
"tshā:l"@bfz	<http://ids.clld.org/values/8-750-704-1>		<http://ids.clld.org/parameters/8-750>		<http://ids.clld.org/values/8-750-198-1>		"sakstis"@prg	
"g'ìnɳõ"@bfz	<http://ids.clld.org/values/11-130-704-3>		<http://ids.clld.org/parameters/11-130>		<http://ids.clld.org/values/11-130-198-1>		"ímt"@prg	
"suthəɳ"@bfz	<http://ids.clld.org/values/6-480-704-3>		<http://ids.clld.org/parameters/6-480>		<http://ids.clld.org/values/6-480-198-1>		"laknā"@prg	
"tshelʈu"@bfz	<http://ids.clld.org/values/3-380-704-3>		<http://ids.clld.org/parameters/3-380>		<http://ids.clld.org/values/3-380-198-1>		"(v)āzist'an"@prg	
"bānd'"@bfz	<http://ids.clld.org/values/9-190-704-3>		<http://ids.clld.org/parameters/9-190>		<http://ids.clld.org/values/9-190-198-1>		"virbē"@prg	
"ciuŋkhu"@bfz	<http://ids.clld.org/values/3-581-704-1>		<http://ids.clld.org/parameters/3-581>		<http://ids.clld.org/values/3-581-198-1>		"pepelis ~ pipelkā"@prg	
"tsɔŋkɽo"@bfz	<http://ids.clld.org/values/4-120-704-5>		<http://ids.clld.org/parameters/4-120>		<http://ids.clld.org/values/4-120-198-1>		"k'autā"@prg	
"tsɔŋkɽo"@bfz	<http://ids.clld.org/values/4-120-704-5>		<http://ids.clld.org/parameters/4-120>		<http://ids.clld.org/values/4-120-198-3>		"skārdā"@prg	
"paŋgra"@bfz	<http://ids.clld.org/values/2-440-704-1>		<http://ids.clld.org/parameters/2-440>		<http://ids.clld.org/values/2-440-198-1>		"brātē"@prg	
"dɔ̄ʃ"@bfz	<http://ids.clld.org/values/13-100-704-1>		<http://ids.clld.org/parameters/13-100>		<http://ids.clld.org/values/13-100-198-1>		"desimt[i]s"@prg	
"kʊrtɪ"@bfz	<http://ids.clld.org/values/6-440-704-3>		<http://ids.clld.org/parameters/6-440>		<http://ids.clld.org/values/6-440-198-1>		"nurtvē"@prg	
"ò"@bfz	<http://ids.clld.org/values/17-550-704-1>		<http://ids.clld.org/parameters/17-550>		<http://ids.clld.org/values/17-550-198-1>		"[ya]"@prg	
"pʊɽɪ"@bfz	<http://ids.clld.org/values/5-510-704-1>		<http://ids.clld.org/parameters/5-510>		<http://ids.clld.org/values/5-510-198-1>		"geitis"@prg	
"sīũ"@bfz	<http://ids.clld.org/values/19-170-704-1>		<http://ids.clld.org/parameters/19-170>		<http://ids.clld.org/values/19-170-198-1>		"azī"@prg	
"nɛde"@bfz	<http://ids.clld.org/values/1-360-704-3>		<http://ids.clld.org/parameters/1-360>		<http://ids.clld.org/values/1-360-198-1>		"apē"@prg	
"ʃəekhɛ̄uɳõ"@bfz	<http://ids.clld.org/values/17-250-704-1>		<http://ids.clld.org/parameters/17-250>		<http://ids.clld.org/values/17-250-198-1>		"mākint"@prg	
"d'àg:ɔ"@bfz	<http://ids.clld.org/values/6-380-704-3>		<http://ids.clld.org/parameters/6-380>		<http://ids.clld.org/values/6-380-198-1>		"auvilkis"@prg	
"bīstrɔ"@bfz	<http://ids.clld.org/values/7-420-704-3>		<http://ids.clld.org/parameters/7-420>		<http://ids.clld.org/values/7-420-198-1>		"lastā"@prg	
"gāɳʈhɳõ"@bfz	<http://ids.clld.org/values/9-160-704-1>		<http://ids.clld.org/parameters/9-160>		<http://ids.clld.org/values/9-160-198-1>		"perréist"@prg	
"tsɔnd"@bfz	<http://ids.clld.org/values/1-530-704-3>		<http://ids.clld.org/parameters/1-530>		<http://ids.clld.org/values/1-530-198-1>		"mēnikīs"@prg	
"la:t"@bfz	<http://ids.clld.org/values/4-370-704-3>		<http://ids.clld.org/parameters/4-370>		<http://ids.clld.org/values/4-370-198-1>		"nagē"@prg	
"bolɳõ"@bfz	<http://ids.clld.org/values/18-220-704-1>		<http://ids.clld.org/parameters/18-220>		<http://ids.clld.org/values/18-220-198-1>		"bilēt[vei]"@prg	
"rɔ̄ .ɳõ"@bfz	<http://ids.clld.org/values/12-160-704-1>		<http://ids.clld.org/parameters/12-160>		<http://ids.clld.org/values/12-160-198-1>		"paláikt"@prg	
"dʊʃmən"@bfz	<http://ids.clld.org/values/19-520-704-1>		<http://ids.clld.org/parameters/19-520>		<http://ids.clld.org/values/19-520-198-1>		"préisiks"@prg	
"dzaɳnõ"@bfz	<http://ids.clld.org/values/17-170-704-1>		<http://ids.clld.org/parameters/17-170>		<http://ids.clld.org/values/17-170-198-1>		"vaist"@prg	
"bɪ:dz"@bfz	<http://ids.clld.org/values/8-311-704-1>		<http://ids.clld.org/parameters/8-311>		<http://ids.clld.org/values/8-311-198-1>		"sēmen"@prg	
"dzaɳu"@bfz	<http://ids.clld.org/values/4-360-704-1>		<http://ids.clld.org/parameters/4-360>		<http://ids.clld.org/values/4-360-198-1>		"klupstis"@prg	
"pwa:ɽ"@bfz	<http://ids.clld.org/values/1-220-704-3>		<http://ids.clld.org/parameters/1-220>		<http://ids.clld.org/values/1-220-198-1>		"garbis"@prg	
"kaŋgɪ"@bfz	<http://ids.clld.org/values/6-910-704-1>		<http://ids.clld.org/parameters/6-910>		<http://ids.clld.org/values/6-910-198-1>		"kāisnis"@prg	
"dɛ:ɳõ"@bfz	<http://ids.clld.org/values/11-210-704-1>		<http://ids.clld.org/parameters/11-210>		<http://ids.clld.org/values/11-210-198-1>		"dāt[vei]"@prg	
"tsɔk:ər"@bfz	<http://ids.clld.org/values/10-760-704-1>		<http://ids.clld.org/parameters/10-760>		<http://ids.clld.org/values/10-760-198-1>		"kelan"@prg	
"mɔ:"@bfz	<http://ids.clld.org/values/5-840-704-3>		<http://ids.clld.org/parameters/5-840>		<http://ids.clld.org/values/5-840-198-1>		"medu"@prg	
"kaphi"@bfz	<http://ids.clld.org/values/13-180-704-1>		<http://ids.clld.org/parameters/13-180>		<http://ids.clld.org/values/13-180-198-1>		"zuit"@prg	
"'irəɳ"@bfz	<http://ids.clld.org/values/3-750-704-3>		<http://ids.clld.org/parameters/3-750>		<http://ids.clld.org/values/3-750-198-1>		"braidis"@prg	
"tsul:ɔ"@bfz	<http://ids.clld.org/values/5-250-704-3>		<http://ids.clld.org/parameters/5-250>		<http://ids.clld.org/values/5-250-198-1>		"[v]umnis"@prg	
"g'ās:əɳ"@bfz	<http://ids.clld.org/values/3-160-704-1>		<http://ids.clld.org/parameters/3-160>		<http://ids.clld.org/values/3-160-198-1>		"spar'us"@prg	
"kərnaɽɪ"@bfz	<http://ids.clld.org/values/18-730-704-1>		<http://ids.clld.org/parameters/18-730>		<http://ids.clld.org/values/18-730-198-1>		"ragis"@prg	
"grauɳʈu"@bfz	<http://ids.clld.org/values/19-160-704-3>		<http://ids.clld.org/parameters/19-160>		<http://ids.clld.org/values/19-160-198-1>		"kaimis"@prg	
"katsɔ"@bfz	<http://ids.clld.org/values/5-124-704-1>		<http://ids.clld.org/parameters/5-124>		<http://ids.clld.org/values/5-124-198-1>		"zal'an"@prg	
"pāt:hər"@bfz	<http://ids.clld.org/values/1-440-704-1>		<http://ids.clld.org/parameters/1-440>		<http://ids.clld.org/values/1-440-198-1>		"stabis"@prg	
"dūd:'"@bfz	<http://ids.clld.org/values/5-860-704-1>		<http://ids.clld.org/parameters/5-860>		<http://ids.clld.org/values/5-860-198-1>		"dadan"@prg	
"ai"@bfz	<http://ids.clld.org/values/2-360-704-1>		<http://ids.clld.org/parameters/2-360>		<http://ids.clld.org/values/2-360-198-1>		"mātē"@prg	
"b'ɔ̀rnõ"@bfz	<http://ids.clld.org/values/11-650-704-1>		<http://ids.clld.org/parameters/11-650>		<http://ids.clld.org/values/11-650-198-1>		"plateis"@prg	
"pɛita:l"@bfz	<http://ids.clld.org/values/22-320-704-1>		<http://ids.clld.org/parameters/22-320>		<http://ids.clld.org/values/22-320-198-1>		"pikuls"@prg	
"tsizəɭ"@bfz	<http://ids.clld.org/values/11-180-704-3>		<http://ids.clld.org/parameters/11-180>		<http://ids.clld.org/values/11-180-198-1>		"daiktas"@prg	
"b'è:ɽ"@bfz	<http://ids.clld.org/values/3-250-704-1>		<http://ids.clld.org/parameters/3-250>		<http://ids.clld.org/values/3-250-198-1>		"kamst'an"@prg	
"mʊnɖrɪ"@bfz	<http://ids.clld.org/values/6-730-704-3>		<http://ids.clld.org/parameters/6-730>		<http://ids.clld.org/values/6-730-198-1>		"prēipīrstans"@prg	
"sɔ̄rəg"@bfz	<http://ids.clld.org/values/1-510-704-3>		<http://ids.clld.org/parameters/1-510>		<http://ids.clld.org/values/1-510-198-1>		"dangus"@prg	
"pauli"@bfz	<http://ids.clld.org/values/11-430-704-1>		<http://ids.clld.org/parameters/11-430>		<http://ids.clld.org/values/11-430-198-1>		"peningans"@prg	
"tshelo"@bfz	<http://ids.clld.org/values/3-360-704-1>		<http://ids.clld.org/parameters/3-360>		<http://ids.clld.org/values/3-360-198-1>		"(v)āzē"@prg	
"dz'ù:m"@bfz	<http://ids.clld.org/values/6-410-704-1>		<http://ids.clld.org/parameters/6-410>		<http://ids.clld.org/values/6-410-198-1>		"pelkis"@prg	
"g'ɔ̀r:r"@bfz	<http://ids.clld.org/values/7-120-704-1>		<http://ids.clld.org/parameters/7-120>		<http://ids.clld.org/values/7-120-198-1>		"butas"@prg	
"bɛɽnõ"@bfz	<http://ids.clld.org/values/17-160-704-1>		<http://ids.clld.org/parameters/17-160>		<http://ids.clld.org/values/17-160-198-1>		"isprastun"@prg	
"ru:"@bfz	<http://ids.clld.org/values/16-110-704-1>		<http://ids.clld.org/parameters/16-110>		<http://ids.clld.org/values/16-110-198-1>		"nāseilis"@prg	
"g'ùɳɖɭɔ"@bfz	<http://ids.clld.org/values/4-371-704-1>		<http://ids.clld.org/parameters/4-371>		<http://ids.clld.org/values/4-371-198-1>		"kulnis"@prg	
"khā:ɳ"@bfz	<http://ids.clld.org/values/5-120-704-1>		<http://ids.clld.org/parameters/5-120>		<http://ids.clld.org/values/5-120-198-1>		"ēdā"@prg	
"khɔ̄ɽ'nõ"@bfz	<http://ids.clld.org/values/10-210-704-1>		<http://ids.clld.org/parameters/10-210>		<http://ids.clld.org/values/10-210-198-1>		"atskīsai"@prg	
"cənalʈu"@bfz	<http://ids.clld.org/values/4-440-704-1>		<http://ids.clld.org/parameters/4-440>		<http://ids.clld.org/values/4-440-198-1>		"sēr"@prg	
"kuɔ"@bfz	<http://ids.clld.org/values/1-370-704-1>		<http://ids.clld.org/parameters/1-370>		<http://ids.clld.org/values/1-370-198-1>		"apus"@prg	
"am:a"@bfz	<http://ids.clld.org/values/2-360-704-3>		<http://ids.clld.org/parameters/2-360>		<http://ids.clld.org/values/2-360-198-1>		"mātē"@prg	
"āt:h"@bfz	<http://ids.clld.org/values/4-330-704-1>		<http://ids.clld.org/parameters/4-330>		<http://ids.clld.org/values/4-330-198-1>		"rankā"@prg	
"kɔ̄ʃʈɔ"@bfz	<http://ids.clld.org/values/8-250-704-1>		<http://ids.clld.org/parameters/8-250>		<http://ids.clld.org/values/8-250-198-1>		"kerslē"@prg	
"muɔ"@bfz	<http://ids.clld.org/values/4-750-704-3>		<http://ids.clld.org/parameters/4-750>		<http://ids.clld.org/values/4-750-198-1>		"aul'aút"@prg	
"dzoɽnõ"@bfz	<http://ids.clld.org/values/12-220-704-1>		<http://ids.clld.org/parameters/12-220>		<http://ids.clld.org/values/12-220-198-1>		"sanrists"@prg	
"maʈ:ɔ"@bfz	<http://ids.clld.org/values/1-212-704-1>		<http://ids.clld.org/parameters/1-212>		<http://ids.clld.org/values/1-212-198-1>		"zemē"@prg	
"dərɛu"@bfz	<http://ids.clld.org/values/1-360-704-1>		<http://ids.clld.org/parameters/1-360>		<http://ids.clld.org/values/1-360-198-1>		"apē"@prg	
"pāɳ:'ɪ"@bfz	<http://ids.clld.org/values/6-510-704-1>		<http://ids.clld.org/parameters/6-510>		<http://ids.clld.org/values/6-510-198-1>		"kurpē"@prg	
"rupu"@bfz	<http://ids.clld.org/values/9-650-704-1>		<http://ids.clld.org/parameters/9-650>		<http://ids.clld.org/values/9-650-198-1>		"sirablis"@prg	
"dz'ò:ʈ"@bfz	<http://ids.clld.org/values/8-540-704-1>		<http://ids.clld.org/parameters/8-540>		<http://ids.clld.org/values/8-540-198-1>		"saknis"@prg	
"sɔda"@bfz	<http://ids.clld.org/values/14-310-704-1>		<http://ids.clld.org/parameters/14-310>		<http://ids.clld.org/values/14-310-198-1>		"ainat"@prg	
"pā:"@bfz	<http://ids.clld.org/values/12-10-704-1>		<http://ids.clld.org/parameters/12-10>		<http://ids.clld.org/values/12-10-198-1>		"pā"@prg	
"lɛ:ɳõ"@bfz	<http://ids.clld.org/values/10-620-704-1>		<http://ids.clld.org/parameters/10-620>		<http://ids.clld.org/values/10-620-198-1>		"pīst"@prg	
"deu"@bfz	<http://ids.clld.org/values/22-120-704-1>		<http://ids.clld.org/parameters/22-120>		<http://ids.clld.org/values/22-120-198-1>		"deivas"@prg	
"te:z"@bfz	<http://ids.clld.org/values/14-210-704-1>		<http://ids.clld.org/parameters/14-210>		<http://ids.clld.org/values/14-210-198-1>		"entikrikai"@prg	
"gād:'ɔ"@bfz	<http://ids.clld.org/values/3-460-704-1>		<http://ids.clld.org/parameters/3-460>		<http://ids.clld.org/values/3-460-198-1>		"[asilis]"@prg	
"pɪn:e"@bfz	<http://ids.clld.org/values/5-970-704-1>		<http://ids.clld.org/parameters/5-970>		<http://ids.clld.org/values/5-970-198-1>		"paute"@prg	
"ɖaŋgrɔ"@bfz	<http://ids.clld.org/values/9-250-704-1>		<http://ids.clld.org/parameters/9-250>		<http://ids.clld.org/values/9-250-198-1>		"bīlē"@prg	
"bəɭauɳõ"@bfz	<http://ids.clld.org/values/1-860-704-1>		<http://ids.clld.org/parameters/1-860>		<http://ids.clld.org/values/1-860-198-1>		"ankaitītai"@prg	
"lōu"@bfz	<http://ids.clld.org/values/4-150-704-1>		<http://ids.clld.org/parameters/4-150>		<http://ids.clld.org/values/4-150-198-1>		"kraujā"@prg	
"cɪ:ʈ"@bfz	<http://ids.clld.org/values/3-817-704-5>		<http://ids.clld.org/parameters/3-817>		<http://ids.clld.org/values/3-817-198-1>		"saugis"@prg	
"sāj'"@bfz	<http://ids.clld.org/values/12-920-704-3>		<http://ids.clld.org/parameters/12-920>		<http://ids.clld.org/values/12-920-198-1>		"palīgun"@prg	
"prīthɪ"@bfz	<http://ids.clld.org/values/1-100-704-3>		<http://ids.clld.org/parameters/1-100>		<http://ids.clld.org/values/1-100-198-1>		"svētā"@prg	
"ra:c"@bfz	<http://ids.clld.org/values/14-420-704-1>		<http://ids.clld.org/parameters/14-420>		<http://ids.clld.org/values/14-420-198-1>		"naktin"@prg	
"tsamɽɪ"@bfz	<http://ids.clld.org/values/4-120-704-1>		<http://ids.clld.org/parameters/4-120>		<http://ids.clld.org/values/4-120-198-1>		"k'autā"@prg	
"tsamɽɪ"@bfz	<http://ids.clld.org/values/4-120-704-1>		<http://ids.clld.org/parameters/4-120>		<http://ids.clld.org/values/4-120-198-3>		"skārdā"@prg	
"mɔɽɔ"@bfz	<http://ids.clld.org/values/4-770-704-1>		<http://ids.clld.org/parameters/4-770>		<http://ids.clld.org/values/4-770-198-1>		"nāvis"@prg	
"khʊʈe"@bfz	<http://ids.clld.org/values/4-350-704-1>		<http://ids.clld.org/parameters/4-350>		<http://ids.clld.org/values/4-350-198-1>		"nagē"@prg	
"loʈɳõ"@bfz	<http://ids.clld.org/values/10-230-704-3>		<http://ids.clld.org/parameters/10-230>		<http://ids.clld.org/values/10-230-198-1>		"krūt"@prg	
"sōʈhɳõ"@bfz	<http://ids.clld.org/values/17-130-704-1>		<http://ids.clld.org/parameters/17-130>		<http://ids.clld.org/values/17-130-198-1>		"pamērīt"@prg	
"khʊ̄ʃ:ɪ"@bfz	<http://ids.clld.org/values/16-230-704-3>		<http://ids.clld.org/parameters/16-230>		<http://ids.clld.org/values/16-230-198-1>		"[vesals]"@prg	
"tsa:kər"@bfz	<http://ids.clld.org/values/9-230-704-1>		<http://ids.clld.org/parameters/9-230>		<http://ids.clld.org/values/9-230-198-1>		"peile"@prg	
"bɔrtsho"@bfz	<http://ids.clld.org/values/20-260-704-1>		<http://ids.clld.org/parameters/20-260>		<http://ids.clld.org/values/20-260-198-1>		"kel'an"@prg	
"tarɔ"@bfz	<http://ids.clld.org/values/1-540-704-1>		<http://ids.clld.org/parameters/1-540>		<http://ids.clld.org/values/1-540-198-1>		"lauksnās"@prg	
"a:kh"@bfz	<http://ids.clld.org/values/4-210-704-3>		<http://ids.clld.org/parameters/4-210>		<http://ids.clld.org/values/4-210-198-1>		"akis"@prg	
"din"@bfz	<http://ids.clld.org/values/14-410-704-1>		<http://ids.clld.org/parameters/14-410>		<http://ids.clld.org/values/14-410-198-1>		"deinan"@prg	
"ũ"@bfz	<http://ids.clld.org/values/2-910-704-1>		<http://ids.clld.org/parameters/2-910>		<http://ids.clld.org/values/2-910-198-1>		"as"@prg	
"sɔ̄rəg"@bfz	<http://ids.clld.org/values/1-710-704-5>		<http://ids.clld.org/parameters/1-710>		<http://ids.clld.org/values/1-710-198-1>		"vins"@prg	
"manɳõ"@bfz	<http://ids.clld.org/values/18-330-704-1>		<http://ids.clld.org/parameters/18-330>		<http://ids.clld.org/values/18-330-198-1>		"grēkaut"@prg	
"māŋkhɔ"@bfz	<http://ids.clld.org/values/3-830-704-3>		<http://ids.clld.org/parameters/3-830>		<http://ids.clld.org/values/3-830-198-1>		"musā"@prg	
"roʈɪ"@bfz	<http://ids.clld.org/values/5-510-704-5>		<http://ids.clld.org/parameters/5-510>		<http://ids.clld.org/values/5-510-198-1>		"geitis"@prg	
"ʈapre"@bfz	<http://ids.clld.org/values/7-130-704-1>		<http://ids.clld.org/parameters/7-130>		<http://ids.clld.org/values/7-130-198-1>		"stubā"@prg	
"mātshɭɪ"@bfz	<http://ids.clld.org/values/3-650-704-1>		<http://ids.clld.org/parameters/3-650>		<http://ids.clld.org/values/3-650-198-1>		"zukis"@prg	
"nɛũ"@bfz	<http://ids.clld.org/values/18-280-704-1>		<http://ids.clld.org/parameters/18-280>		<http://ids.clld.org/values/18-280-198-1>		"imens"@prg	
"ma:s"@bfz	<http://ids.clld.org/values/4-130-704-3>		<http://ids.clld.org/parameters/4-130>		<http://ids.clld.org/values/4-130-198-1>		"mensā"@prg	
"dzaŋgəl"@bfz	<http://ids.clld.org/values/1-410-704-1>		<http://ids.clld.org/parameters/1-410>		<http://ids.clld.org/values/1-410-198-1>		"med'an"@prg	
"aɳɖko"@bfz	<http://ids.clld.org/values/5-260-704-1>		<http://ids.clld.org/parameters/5-260>		<http://ids.clld.org/values/5-260-198-1>		"zvikstis"@prg	
"bagur"@bfz	<http://ids.clld.org/values/1-720-704-3>		<http://ids.clld.org/parameters/1-720>		<http://ids.clld.org/values/1-720-198-1>		"vētrā"@prg	
"d'ɔ̀:ɳ"@bfz	<http://ids.clld.org/values/2-320-704-1>		<http://ids.clld.org/parameters/2-320>		<http://ids.clld.org/values/2-320-198-1>		"salūban"@prg	
"bed:əɳ"@bfz	<http://ids.clld.org/values/16-310-704-3>		<http://ids.clld.org/parameters/16-310>		<http://ids.clld.org/values/16-310-198-1>		"gulsenin"@prg	
"chaŋgʈe"@bfz	<http://ids.clld.org/values/2-270-704-1>		<http://ids.clld.org/parameters/2-270>		<http://ids.clld.org/values/2-270-198-1>		"malnīk[a]s"@prg	
"kil:ɛ ki"@bfz	<http://ids.clld.org/values/17-520-704-3>		<http://ids.clld.org/parameters/17-520>		<http://ids.clld.org/values/17-520-198-1>		"begi"@prg	
"dac:ɪ"@bfz	<http://ids.clld.org/values/8-330-704-1>		<http://ids.clld.org/parameters/8-330>		<http://ids.clld.org/values/8-330-198-3>		"dālgis"@prg	
"dac:ɪ"@bfz	<http://ids.clld.org/values/8-330-704-1>		<http://ids.clld.org/parameters/8-330>		<http://ids.clld.org/values/8-330-198-1>		"pyūklan"@prg	
"būd:'"@bfz	<http://ids.clld.org/values/14-650-704-1>		<http://ids.clld.org/parameters/14-650>		<http://ids.clld.org/values/14-650-198-1>		"pusisavaitē"@prg	
"ak:hər"@bfz	<http://ids.clld.org/values/14-260-704-1>		<http://ids.clld.org/parameters/14-260>		<http://ids.clld.org/values/14-260-198-1>		"vangan"@prg	
"sūɔ"@bfz	<http://ids.clld.org/values/6-360-704-3>		<http://ids.clld.org/parameters/6-360>		<http://ids.clld.org/values/6-360-198-1>		"aigulā"@prg	
"nɔuwɔ"@bfz	<http://ids.clld.org/values/14-140-704-3>		<http://ids.clld.org/parameters/14-140>		<http://ids.clld.org/values/14-140-198-1>		"maldans"@prg	
"ɔɳʈho"@bfz	<http://ids.clld.org/values/4-342-704-1>		<http://ids.clld.org/parameters/4-342>		<http://ids.clld.org/values/4-342-198-1>		"instiks"@prg	
"sɔ̄t:sɔ"@bfz	<http://ids.clld.org/values/16-660-704-1>		<http://ids.clld.org/parameters/16-660>		<http://ids.clld.org/values/16-660-198-1>		"arvis"@prg	
"ɔnt"@bfz	<http://ids.clld.org/values/12-350-704-3>		<http://ids.clld.org/parameters/12-350>		<http://ids.clld.org/values/12-350-198-1>		"vangan"@prg	
"dui"@bfz	<http://ids.clld.org/values/13-20-704-1>		<http://ids.clld.org/parameters/13-20>		<http://ids.clld.org/values/13-20-198-1>		"dvai"@prg	
"nɛ:ɳ"@bfz	<http://ids.clld.org/values/4-210-704-7>		<http://ids.clld.org/parameters/4-210>		<http://ids.clld.org/values/4-210-198-1>		"akis"@prg	
"|mɔr|tsuŋg"@bfz	<http://ids.clld.org/values/3-586-704-3>		<http://ids.clld.org/parameters/3-586>		<http://ids.clld.org/values/3-586-198-1>		"aukis"@prg	
"thaɪ"@bfz	<http://ids.clld.org/values/4-351-704-1>		<http://ids.clld.org/parameters/4-351>		<http://ids.clld.org/values/4-351-198-1>		"slaunis"@prg	
"purɔ"@bfz	<http://ids.clld.org/values/13-210-704-1>		<http://ids.clld.org/parameters/13-210>		<http://ids.clld.org/values/13-210-198-1>		"pilnan"@prg	
"kəɳauʈ"@bfz	<http://ids.clld.org/values/12-760-704-3>		<http://ids.clld.org/parameters/12-760>		<http://ids.clld.org/values/12-760-198-1>		"lunkis"@prg	
"ʃɛ̄ɳʃər"@bfz	<http://ids.clld.org/values/14-680-704-1>		<http://ids.clld.org/parameters/14-680>		<http://ids.clld.org/values/14-680-198-1>		"sabatikā"@prg	
"bɔ̄rʃ"@bfz	<http://ids.clld.org/values/14-730-704-1>		<http://ids.clld.org/parameters/14-730>		<http://ids.clld.org/values/14-730-198-1>		"metan"@prg	
"prɛ̄ʃ:ɔ"@bfz	<http://ids.clld.org/values/1-610-704-1>		<http://ids.clld.org/parameters/1-610>		<http://ids.clld.org/values/1-610-198-3>		"sváikstan"@prg	
"prɛ̄ʃ:ɔ"@bfz	<http://ids.clld.org/values/1-610-704-1>		<http://ids.clld.org/parameters/1-610>		<http://ids.clld.org/values/1-610-198-1>		"zváikstan"@prg	
"a:r"@bfz	<http://ids.clld.org/values/19-510-704-1>		<http://ids.clld.org/parameters/19-510>		<http://ids.clld.org/values/19-510-198-1>		"ginens"@prg	
"cito"@bfz	<http://ids.clld.org/values/15-640-704-1>		<http://ids.clld.org/parameters/15-640>		<http://ids.clld.org/values/15-640-198-1>		"gailis"@prg	
"nɔd:ɪ"@bfz	<http://ids.clld.org/values/1-360-704-5>		<http://ids.clld.org/parameters/1-360>		<http://ids.clld.org/values/1-360-198-1>		"apē"@prg	
"təɭwa:r"@bfz	<http://ids.clld.org/values/20-270-704-1>		<http://ids.clld.org/parameters/20-270>		<http://ids.clld.org/values/20-270-198-1>		"kalabīyan"@prg	
"pāɽ'i"@bfz	<http://ids.clld.org/values/12-70-704-3>		<http://ids.clld.org/parameters/12-70>		<http://ids.clld.org/values/12-70-198-1>		"pā"@prg	
"ʃūk:hɔ"@bfz	<http://ids.clld.org/values/15-840-704-1>		<http://ids.clld.org/parameters/15-840>		<http://ids.clld.org/values/15-840-198-1>		"sausan"@prg	
"kēc:hɛ"@bfz	<http://ids.clld.org/values/17-660-704-1>		<http://ids.clld.org/parameters/17-660>		<http://ids.clld.org/values/17-660-198-1>		"kvei"@prg	
"na:n"@bfz	<http://ids.clld.org/values/2-460-704-3>		<http://ids.clld.org/parameters/2-460>		<http://ids.clld.org/values/2-460-198-1>		"tētis"@prg	
"ʃāɳ:"@bfz	<http://ids.clld.org/values/1-770-704-1>		<http://ids.clld.org/parameters/1-770>		<http://ids.clld.org/values/1-770-198-1>		"ladis"@prg	
"ʃər'`ɛ:ɳ"@bfz	<http://ids.clld.org/values/7-421-704-1>		<http://ids.clld.org/parameters/7-421>		<http://ids.clld.org/values/7-421-198-1>		"balzinis"@prg	
"ʃã:"@bfz	<http://ids.clld.org/values/8-550-704-1>		<http://ids.clld.org/parameters/8-550>		<http://ids.clld.org/values/8-550-198-1>		"vipis"@prg	
"thūkɳõ"@bfz	<http://ids.clld.org/values/4-560-704-1>		<http://ids.clld.org/parameters/4-560>		<http://ids.clld.org/values/4-560-198-1>		"vimbis"@prg	
"ɟa:t"@bfz	<http://ids.clld.org/values/4-240-704-3>		<http://ids.clld.org/parameters/4-240>		<http://ids.clld.org/values/4-240-198-1>		"austā"@prg	
"dzɔɽu"@bfz	<http://ids.clld.org/values/3-290-704-1>		<http://ids.clld.org/parameters/3-290>		<http://ids.clld.org/values/3-290-198-1>		"ērist'an"@prg	
"sūrədz"@bfz	<http://ids.clld.org/values/1-520-704-3>		<http://ids.clld.org/parameters/1-520>		<http://ids.clld.org/values/1-520-198-1>		"saulē"@prg	
"me:z"@bfz	<http://ids.clld.org/values/7-440-704-1>		<http://ids.clld.org/parameters/7-440>		<http://ids.clld.org/values/7-440-198-1>		"stalis"@prg	
"murdɔ"@bfz	<http://ids.clld.org/values/4-770-704-3>		<http://ids.clld.org/parameters/4-770>		<http://ids.clld.org/values/4-770-198-1>		"nāvis"@prg	
"àɳɖɳõ"@bfz	<http://ids.clld.org/values/10-450-704-1>		<http://ids.clld.org/parameters/10-450>		<http://ids.clld.org/values/10-450-198-1>		"neikaut"@prg	
"kɪɽɔ"@bfz	<http://ids.clld.org/values/3-840-704-1>		<http://ids.clld.org/parameters/3-840>		<http://ids.clld.org/values/3-840-198-1>		"kirmis"@prg	
"'ùndi"@bfz	<http://ids.clld.org/values/12-30-704-1>		<http://ids.clld.org/parameters/12-30>		<http://ids.clld.org/values/12-30-198-1>		"zemai"@prg	
"ʃūk:ər"@bfz	<http://ids.clld.org/values/14-670-704-1>		<http://ids.clld.org/parameters/14-670>		<http://ids.clld.org/values/14-670-198-1>		"pentnīks"@prg	
"loʈɽu"@bfz	<http://ids.clld.org/values/5-340-704-3>		<http://ids.clld.org/parameters/5-340>		<http://ids.clld.org/values/5-340-198-1>		"kragis"@prg	
"duɟ:ɔ"@bfz	<http://ids.clld.org/values/13-360-704-1>		<http://ids.clld.org/parameters/13-360>		<http://ids.clld.org/values/13-360-198-1>		"antras"@prg	
"kəɳɪ:l"@bfz	<http://ids.clld.org/values/9-500-704-1>		<http://ids.clld.org/parameters/9-500>		<http://ids.clld.org/values/9-500-198-1>		"kramtis"@prg	
"kakre"@bfz	<http://ids.clld.org/values/4-460-704-1>		<http://ids.clld.org/parameters/4-460>		<http://ids.clld.org/values/4-460-198-1>		"vēders"@prg	
"maʈ:ɪ"@bfz	<http://ids.clld.org/values/9-730-704-1>		<http://ids.clld.org/parameters/9-730>		<http://ids.clld.org/values/9-730-198-1>		"laidis"@prg	
"mərɛre"@bfz	<http://ids.clld.org/values/3-585-704-1>		<http://ids.clld.org/parameters/3-585>		<http://ids.clld.org/values/3-585-198-1>		"[falks]"@prg	
"b'ɔ`nru"@bfz	<http://ids.clld.org/values/3-820-704-1>		<http://ids.clld.org/parameters/3-820>		<http://ids.clld.org/values/3-820-198-1>		"bitē"@prg	
"ba:n"@bfz	<http://ids.clld.org/values/8-610-704-1>		<http://ids.clld.org/parameters/8-610>		<http://ids.clld.org/values/8-610-198-1>		"anzōnis"@prg	
"pɪ:ɳõ"@bfz	<http://ids.clld.org/values/5-130-704-1>		<http://ids.clld.org/parameters/5-130>		<http://ids.clld.org/values/5-130-198-1>		"pūtvei"@prg	
"sɛ̃:sər"@bfz	<http://ids.clld.org/values/13-106-704-1>		<http://ids.clld.org/parameters/13-106>		<http://ids.clld.org/values/13-106-198-1>		"tūsimtans"@prg	
"kita:b"@bfz	<http://ids.clld.org/values/18-610-704-3>		<http://ids.clld.org/parameters/18-610>		<http://ids.clld.org/values/18-610-198-1>		"laiskas"@prg	
"kʊ:ɳ"@bfz	<http://ids.clld.org/values/17-680-704-3>		<http://ids.clld.org/parameters/17-680>		<http://ids.clld.org/values/17-680-198-1>		"kas"@prg	
"bagɳɔ"@bfz	<http://ids.clld.org/values/4-350-704-5>		<http://ids.clld.org/parameters/4-350>		<http://ids.clld.org/values/4-350-198-1>		"nagē"@prg	
"g'ās"@bfz	<http://ids.clld.org/values/8-510-704-5>		<http://ids.clld.org/parameters/8-510>		<http://ids.clld.org/values/8-510-198-1>		"zālis"@prg	
"bagur"@bfz	<http://ids.clld.org/values/1-710-704-1>		<http://ids.clld.org/parameters/1-710>		<http://ids.clld.org/values/1-710-198-1>		"vins"@prg	
"dz'àŋgɳõ"@bfz	<http://ids.clld.org/values/4-760-704-1>		<http://ids.clld.org/parameters/4-760>		<http://ids.clld.org/values/4-760-198-1>		"galintvei"@prg	
"gugte"@bfz	<http://ids.clld.org/values/3-594-704-1>		<http://ids.clld.org/parameters/3-594>		<http://ids.clld.org/values/3-594-198-1>		"pālis"@prg	
"b'rèũ"@bfz	<http://ids.clld.org/values/4-212-704-3>		<http://ids.clld.org/parameters/4-212>		<http://ids.clld.org/values/4-212-198-1>		"bruvī"@prg	
"kɔ:ɳ"@bfz	<http://ids.clld.org/values/17-680-704-1>		<http://ids.clld.org/parameters/17-680>		<http://ids.clld.org/values/17-680-198-1>		"kas"@prg	
"phēnɪ"@bfz	<http://ids.clld.org/values/4-372-704-1>		<http://ids.clld.org/parameters/4-372>		<http://ids.clld.org/values/4-372-198-1>		"pentis"@prg	
"khɔ̄ɭ"@bfz	<http://ids.clld.org/values/8-350-704-1>		<http://ids.clld.org/parameters/8-350>		<http://ids.clld.org/values/8-350-198-1>		"kalenē"@prg	
"gəlindo"@bfz	<http://ids.clld.org/values/16-720-704-3>		<http://ids.clld.org/parameters/16-720>		<http://ids.clld.org/values/16-720-198-1>		"vargs"@prg	
"mandzɳa"@bfz	<http://ids.clld.org/values/7-270-704-3>		<http://ids.clld.org/parameters/7-270>		<http://ids.clld.org/values/7-270-198-1>		"zeidis"@prg	
"ga:ɳõ"@bfz	<http://ids.clld.org/values/18-120-704-1>		<http://ids.clld.org/parameters/18-120>		<http://ids.clld.org/values/18-120-198-1>		"grīmuns"@prg	
"ʈhɔlɖɪ"@bfz	<http://ids.clld.org/values/2-220-704-1>		<http://ids.clld.org/parameters/2-220>		<http://ids.clld.org/values/2-220-198-1>		"genā"@prg	
"kau"@bfz	<http://ids.clld.org/values/3-593-704-1>		<http://ids.clld.org/parameters/3-593>		<http://ids.clld.org/values/3-593-198-1>		"varnē"@prg	
"naɽɪ"@bfz	<http://ids.clld.org/values/4-151-704-1>		<http://ids.clld.org/parameters/4-151>		<http://ids.clld.org/values/4-151-198-3>		"strujā"@prg	
"naɽɪ"@bfz	<http://ids.clld.org/values/4-151-704-1>		<http://ids.clld.org/parameters/4-151>		<http://ids.clld.org/values/4-151-198-1>		"gīslā"@prg	
"'ūnd'i"@bfz	<http://ids.clld.org/values/12-30-704-3>		<http://ids.clld.org/parameters/12-30>		<http://ids.clld.org/values/12-30-198-1>		"zemai"@prg	
"kʊ̄ʃ:ɪ"@bfz	<http://ids.clld.org/values/16-230-704-1>		<http://ids.clld.org/parameters/16-230>		<http://ids.clld.org/values/16-230-198-1>		"[vesals]"@prg	
"b'àũ"@bfz	<http://ids.clld.org/values/17-540-704-3>		<http://ids.clld.org/parameters/17-540>		<http://ids.clld.org/values/17-540-198-1>		"[ader]"@prg	
"bed:ɪ"@bfz	<http://ids.clld.org/values/22-140-704-1>		<http://ids.clld.org/parameters/22-140>		<http://ids.clld.org/values/22-140-198-1>		"altarē"@prg	
"pɛ:r"@bfz	<http://ids.clld.org/values/4-370-704-1>		<http://ids.clld.org/parameters/4-370>		<http://ids.clld.org/values/4-370-198-1>		"nagē"@prg	
"bɔ̄sɳõ"@bfz	<http://ids.clld.org/values/7-110-704-3>		<http://ids.clld.org/parameters/7-110>		<http://ids.clld.org/values/7-110-198-1>		"givēt"@prg	
"tɔkɽo"@bfz	<http://ids.clld.org/values/4-830-704-1>		<http://ids.clld.org/parameters/4-830>		<http://ids.clld.org/values/4-830-198-1>		"kails"@prg	
"lambɔ"@bfz	<http://ids.clld.org/values/12-570-704-3>		<http://ids.clld.org/parameters/12-570>		<http://ids.clld.org/values/12-570-198-1>		"ilga"@prg	
"piũɭɔ"@bfz	<http://ids.clld.org/values/15-690-704-1>		<http://ids.clld.org/parameters/15-690>		<http://ids.clld.org/values/15-690-198-1>		"geltainan"@prg	
"bagər"@bfz	<http://ids.clld.org/values/1-710-704-3>		<http://ids.clld.org/parameters/1-710>		<http://ids.clld.org/values/1-710-198-1>		"vins"@prg	
"na:k"@bfz	<http://ids.clld.org/values/4-230-704-1>		<http://ids.clld.org/parameters/4-230>		<http://ids.clld.org/values/4-230-198-1>		"nāsī"@prg	
"pudzɳõ"@bfz	<http://ids.clld.org/values/22-170-704-1>		<http://ids.clld.org/parameters/22-170>		<http://ids.clld.org/values/22-170-198-1>		"madlīt"@prg	
"ba:ɭ"@bfz	<http://ids.clld.org/values/4-140-704-1>		<http://ids.clld.org/parameters/4-140>		<http://ids.clld.org/values/4-140-198-1>		"skebelis"@prg	
"dza:ɳõ"@bfz	<http://ids.clld.org/values/4-720-704-1>		<http://ids.clld.org/parameters/4-720>		<http://ids.clld.org/values/4-720-198-1>		"gemtun"@prg	
"graũ"@bfz	<http://ids.clld.org/values/19-160-704-1>		<http://ids.clld.org/parameters/19-160>		<http://ids.clld.org/values/19-160-198-1>		"kaimis"@prg	
"tsi:t"@bfz	<http://ids.clld.org/values/17-110-704-3>		<http://ids.clld.org/parameters/17-110>		<http://ids.clld.org/values/17-110-198-1>		"isprasnā"@prg	
"ʃāŋəɭ"@bfz	<http://ids.clld.org/values/9-180-704-1>		<http://ids.clld.org/parameters/9-180>		<http://ids.clld.org/values/9-180-198-1>		"ratinzis"@prg	
"ʃɔ̄:rɔ"@bfz	<http://ids.clld.org/values/2-610-704-3>		<http://ids.clld.org/parameters/2-610>		<http://ids.clld.org/values/2-610-198-1>		"tist'as"@prg	
"bɔndu"@bfz	<http://ids.clld.org/values/20-340-704-1>		<http://ids.clld.org/parameters/20-340>		<http://ids.clld.org/values/20-340-198-1>		"skaitan"@prg	
"lʊ:ɳ"@bfz	<http://ids.clld.org/values/5-810-704-1>		<http://ids.clld.org/parameters/5-810>		<http://ids.clld.org/values/5-810-198-1>		"sali (?)"@prg	
"paɳɪ"@bfz	<http://ids.clld.org/values/1-750-704-1>		<http://ids.clld.org/parameters/1-750>		<http://ids.clld.org/values/1-750-198-1>		"aglā"@prg	
"dzaɳnõ"@bfz	<http://ids.clld.org/values/17-150-704-3>		<http://ids.clld.org/parameters/17-150>		<http://ids.clld.org/values/17-150-198-1>		"druvēt"@prg	
"məda:n"@bfz	<http://ids.clld.org/values/1-230-704-3>		<http://ids.clld.org/parameters/1-230>		<http://ids.clld.org/values/1-230-198-1>		"lauks"@prg	
"kɛrɪ"@bfz	<http://ids.clld.org/values/4-280-704-3>		<http://ids.clld.org/parameters/4-280>		<http://ids.clld.org/values/4-280-198-1>		"vinzus"@prg	
"rɔe"@bfz	<http://ids.clld.org/values/8-650-704-1>		<http://ids.clld.org/parameters/8-650>		<http://ids.clld.org/values/8-650-198-1>		"adlē"@prg	
"bɔ:to"@bfz	<http://ids.clld.org/values/13-150-704-1>		<http://ids.clld.org/parameters/13-150>		<http://ids.clld.org/values/13-150-198-1>		"tūlan"@prg	
"nāɪ"@bfz	<http://ids.clld.org/values/4-430-704-1>		<http://ids.clld.org/parameters/4-430>		<http://ids.clld.org/values/4-430-198-1>		"nabis"@prg	
"bja:"@bfz	<http://ids.clld.org/values/2-340-704-3>		<http://ids.clld.org/parameters/2-340>		<http://ids.clld.org/values/2-340-198-1>		"salūbsna"@prg	
"bāʈ:shu"@bfz	<http://ids.clld.org/values/3-240-704-3>		<http://ids.clld.org/parameters/3-240>		<http://ids.clld.org/values/3-240-198-1>		"verst'an"@prg	
"tshāɽnõ"@bfz	<http://ids.clld.org/values/10-630-704-1>		<http://ids.clld.org/parameters/10-630>		<http://ids.clld.org/values/10-630-198-1>		"pertenginuns"@prg	
"b'rìũ"@bfz	<http://ids.clld.org/values/4-212-704-1>		<http://ids.clld.org/parameters/4-212>		<http://ids.clld.org/values/4-212-198-1>		"bruvī"@prg	
"rɪ:ɳ"@bfz	<http://ids.clld.org/values/11-640-704-3>		<http://ids.clld.org/parameters/11-640>		<http://ids.clld.org/values/11-640-198-1>		"áušautins"@prg	
"da:nd"@bfz	<http://ids.clld.org/values/4-270-704-1>		<http://ids.clld.org/parameters/4-270>		<http://ids.clld.org/values/4-270-198-1>		"dantis"@prg	
"bɔɭd"@bfz	<http://ids.clld.org/values/3-220-704-1>		<http://ids.clld.org/parameters/3-220>		<http://ids.clld.org/values/3-220-198-1>		"kurvis ~ karvis"@prg	
"khəra:b"@bfz	<http://ids.clld.org/values/16-720-704-1>		<http://ids.clld.org/parameters/16-720>		<http://ids.clld.org/values/16-720-198-1>		"vargs"@prg	
"ʃā:ɳɖ"@bfz	<http://ids.clld.org/values/3-210-704-1>		<http://ids.clld.org/parameters/3-210>		<http://ids.clld.org/values/3-210-198-1>		"loniks ~ lānīks"@prg	
"ɖɔ:r"@bfz	<http://ids.clld.org/values/16-530-704-3>		<http://ids.clld.org/parameters/16-530>		<http://ids.clld.org/values/16-530-198-1>		"bi[y]āsnan"@prg	
"gɔl"@bfz	<http://ids.clld.org/values/18-260-704-1>		<http://ids.clld.org/parameters/18-260>		<http://ids.clld.org/values/18-260-198-1>		"vírd[a]s"@prg	
"ʃākɽa"@bfz	<http://ids.clld.org/values/1-440-704-5>		<http://ids.clld.org/parameters/1-440>		<http://ids.clld.org/values/1-440-198-1>		"stabis"@prg	
"dzao"@bfz	<http://ids.clld.org/values/2-410-704-1>		<http://ids.clld.org/parameters/2-410>		<http://ids.clld.org/values/2-410-198-1>		"sūnun"@prg	
"pɛ̄:lɔ"@bfz	<http://ids.clld.org/values/13-340-704-1>		<http://ids.clld.org/parameters/13-340>		<http://ids.clld.org/values/13-340-198-1>		"pirmas"@prg	
"kəta:b"@bfz	<http://ids.clld.org/values/18-610-704-1>		<http://ids.clld.org/parameters/18-610>		<http://ids.clld.org/values/18-610-198-1>		"laiskas"@prg	
"bɛrɪ"@bfz	<http://ids.clld.org/values/19-520-704-3>		<http://ids.clld.org/parameters/19-520>		<http://ids.clld.org/values/19-520-198-1>		"préisiks"@prg	
"dant"@bfz	<http://ids.clld.org/values/4-270-704-3>		<http://ids.clld.org/parameters/4-270>		<http://ids.clld.org/values/4-270-198-1>		"dantis"@prg	
"mū:n"@bfz	<http://ids.clld.org/values/4-204-704-1>		<http://ids.clld.org/parameters/4-204>		<http://ids.clld.org/values/4-204-198-1>		"prusnas"@prg	
"ìɔ`"@bfz	<http://ids.clld.org/values/4-400-704-1>		<http://ids.clld.org/parameters/4-400>		<http://ids.clld.org/values/4-400-198-1>		"kraklan"@prg	
"sūn:ɔ"@bfz	<http://ids.clld.org/values/9-640-704-1>		<http://ids.clld.org/parameters/9-640>		<http://ids.clld.org/values/9-640-198-1>		"ausis"@prg	
"khɔ̄dzɳõ"@bfz	<http://ids.clld.org/values/15-550-704-1>		<http://ids.clld.org/parameters/15-550>		<http://ids.clld.org/values/15-550-198-1>		"vaidina"@prg	
"ʃōʃ:əɭ"@bfz	<http://ids.clld.org/values/12-850-704-3>		<http://ids.clld.org/parameters/12-850>		<http://ids.clld.org/values/12-850-198-1>		"dulzis"@prg	
"kukhɽɔ"@bfz	<http://ids.clld.org/values/3-520-704-1>		<http://ids.clld.org/parameters/3-520>		<http://ids.clld.org/values/3-520-198-1>		"gertis"@prg	
"ɔɳʈhe"@bfz	<http://ids.clld.org/values/4-340-704-1>		<http://ids.clld.org/parameters/4-340>		<http://ids.clld.org/values/4-340-198-1>		"pirstan"@prg	
"ka"@bfz	<http://ids.clld.org/values/17-640-704-1>		<http://ids.clld.org/parameters/17-640>		<http://ids.clld.org/values/17-640-198-1>		"ka"@prg	
"dzwa:n"@bfz	<http://ids.clld.org/values/14-140-704-1>		<http://ids.clld.org/parameters/14-140>		<http://ids.clld.org/values/14-140-198-1>		"maldans"@prg	
"mandər"@bfz	<http://ids.clld.org/values/22-130-704-3>		<http://ids.clld.org/parameters/22-130>		<http://ids.clld.org/values/22-130-198-1>		"kírkē"@prg	
"paɽi"@bfz	<http://ids.clld.org/values/12-70-704-1>		<http://ids.clld.org/parameters/12-70>		<http://ids.clld.org/values/12-70-198-1>		"pā"@prg	
"āk:h"@bfz	<http://ids.clld.org/values/4-210-704-1>		<http://ids.clld.org/parameters/4-210>		<http://ids.clld.org/values/4-210-198-1>		"akis"@prg	
"da:kh"@bfz	<http://ids.clld.org/values/5-760-704-1>		<http://ids.clld.org/parameters/5-760>		<http://ids.clld.org/values/5-760-198-1>		"vīnavōgus"@prg	
"dz'òkʈɪ"@bfz	<http://ids.clld.org/values/1-880-704-1>		<http://ids.clld.org/parameters/1-880>		<http://ids.clld.org/values/1-880-198-1>		"malkā"@prg	
"du:d'"@bfz	<http://ids.clld.org/values/5-860-704-3>		<http://ids.clld.org/parameters/5-860>		<http://ids.clld.org/values/5-860-198-1>		"dadan"@prg	
"stɔbəl"@bfz	<http://ids.clld.org/values/3-190-704-1>		<http://ids.clld.org/parameters/3-190>		<http://ids.clld.org/values/3-190-198-1>		"[staldis]"@prg	
"sutiɳo"@bfz	<http://ids.clld.org/values/4-610-704-1>		<http://ids.clld.org/parameters/4-610>		<http://ids.clld.org/values/4-610-198-1>		"meikti"@prg	
"ʃēurɔ"@bfz	<http://ids.clld.org/values/2-610-704-1>		<http://ids.clld.org/parameters/2-610>		<http://ids.clld.org/values/2-610-198-1>		"tist'as"@prg	
"ma:"@bfz	<http://ids.clld.org/values/2-360-704-7>		<http://ids.clld.org/parameters/2-360>		<http://ids.clld.org/values/2-360-198-1>		"mātē"@prg	
"tsho:ʈu"@bfz	<http://ids.clld.org/values/2-250-704-1>		<http://ids.clld.org/parameters/2-250>		<http://ids.clld.org/values/2-250-198-1>		"malnīk[a]s"@prg	
"radzɔ"@bfz	<http://ids.clld.org/values/19-320-704-5>		<http://ids.clld.org/parameters/19-320>		<http://ids.clld.org/values/19-320-198-1>		"kunagis"@prg	
"b'èɽɪ"@bfz	<http://ids.clld.org/values/3-280-704-1>		<http://ids.clld.org/parameters/3-280>		<http://ids.clld.org/values/3-280-198-1>		"kamst'an"@prg	
"ɖo:r"@bfz	<http://ids.clld.org/values/9-190-704-1>		<http://ids.clld.org/parameters/9-190>		<http://ids.clld.org/values/9-190-198-1>		"virbē"@prg	
"dunia"@bfz	<http://ids.clld.org/values/1-100-704-1>		<http://ids.clld.org/parameters/1-100>		<http://ids.clld.org/values/1-100-198-1>		"svētā"@prg	
"pɛɳɖɔ"@bfz	<http://ids.clld.org/values/10-720-704-3>		<http://ids.clld.org/parameters/10-720>		<http://ids.clld.org/values/10-720-198-1>		"pintis"@prg	
"sērɪ"@bfz	<http://ids.clld.org/values/8-120-704-7>		<http://ids.clld.org/parameters/8-120>		<http://ids.clld.org/values/8-120-198-1>		"lauks"@prg	
"khīɽkɪ"@bfz	<http://ids.clld.org/values/7-250-704-1>		<http://ids.clld.org/parameters/7-250>		<http://ids.clld.org/values/7-250-198-1>		"lankstā"@prg	
"tshoʈe"@bfz	<http://ids.clld.org/values/2-260-704-1>		<http://ids.clld.org/parameters/2-260>		<http://ids.clld.org/values/2-260-198-1>		"mergā"@prg	
"b'āʃɳõ"@bfz	<http://ids.clld.org/values/18-360-704-1>		<http://ids.clld.org/parameters/18-360>		<http://ids.clld.org/values/18-360-198-3>		"taukinuns"@prg	
"b'āʃɳõ"@bfz	<http://ids.clld.org/values/18-360-704-1>		<http://ids.clld.org/parameters/18-360>		<http://ids.clld.org/values/18-360-198-1>		"preigerdauja"@prg	
"ba:p"@bfz	<http://ids.clld.org/values/2-350-704-1>		<http://ids.clld.org/parameters/2-350>		<http://ids.clld.org/values/2-350-198-1>		"tāvas"@prg	
"kɛ̄t:hɛ"@bfz	<http://ids.clld.org/values/17-660-704-3>		<http://ids.clld.org/parameters/17-660>		<http://ids.clld.org/values/17-660-198-1>		"kvei"@prg	
"ʃɔ̄stər"@bfz	<http://ids.clld.org/values/20-210-704-1>		<http://ids.clld.org/parameters/20-210>		<http://ids.clld.org/values/20-210-198-1>		"sarvis"@prg	
"kwago"@bfz	<http://ids.clld.org/values/3-593-704-5>		<http://ids.clld.org/parameters/3-593>		<http://ids.clld.org/values/3-593-198-1>		"varnē"@prg	
"bɪ:kh"@bfz	<http://ids.clld.org/values/8-600-704-1>		<http://ids.clld.org/parameters/8-600>		<http://ids.clld.org/values/8-600-198-1>		"gar'an"@prg	
"kəɽāu"@bfz	<http://ids.clld.org/values/5-270-704-3>		<http://ids.clld.org/parameters/5-270>		<http://ids.clld.org/values/5-270-198-1>		"katils"@prg	
"gʊɽku"@bfz	<http://ids.clld.org/values/1-560-704-1>		<http://ids.clld.org/parameters/1-560>		<http://ids.clld.org/values/1-560-198-1>		"perkūnis"@prg	
"khōɽu"@bfz	<http://ids.clld.org/values/8-510-704-1>		<http://ids.clld.org/parameters/8-510>		<http://ids.clld.org/values/8-510-198-1>		"zālis"@prg	
"g'àɳɖu"@bfz	<http://ids.clld.org/values/4-290-704-1>		<http://ids.clld.org/parameters/4-290>		<http://ids.clld.org/values/4-290-198-1>		"gurklē"@prg	
"brɪkʃ"@bfz	<http://ids.clld.org/values/8-600-704-5>		<http://ids.clld.org/parameters/8-600>		<http://ids.clld.org/values/8-600-198-1>		"gar'an"@prg	
"��ɽkɳɪ"@bfz	<http://ids.clld.org/values/4-320-704-3>		<http://ids.clld.org/parameters/4-320>		<http://ids.clld.org/values/4-320-198-1>		"alkūnis"@prg	
"tsərɽʊndər"@bfz	<http://ids.clld.org/values/12-850-704-7>		<http://ids.clld.org/parameters/12-850>		<http://ids.clld.org/values/12-850-198-1>		"dulzis"@prg	
"gɪũ"@bfz	<http://ids.clld.org/values/8-430-704-3>		<http://ids.clld.org/parameters/8-430>		<http://ids.clld.org/values/8-430-198-1>		"gaidis"@prg	
"ɛ̄:rəɳ"@bfz	<http://ids.clld.org/values/9-620-704-1>		<http://ids.clld.org/parameters/9-620>		<http://ids.clld.org/values/9-620-198-1>		"preikalis"@prg	
"tsandɪ"@bfz	<http://ids.clld.org/values/9-650-704-3>		<http://ids.clld.org/parameters/9-650>		<http://ids.clld.org/values/9-650-198-1>		"sirablis"@prg	
"sōɪ"@bfz	<http://ids.clld.org/values/6-130-704-3>		<http://ids.clld.org/parameters/6-130>		<http://ids.clld.org/values/6-130-198-1>		"skrūtelē"@prg	
"tu"@bfz	<http://ids.clld.org/values/2-920-704-3>		<http://ids.clld.org/parameters/2-920>		<http://ids.clld.org/values/2-920-198-1>		"tū"@prg	
"mɪɳɖkɔ"@bfz	<http://ids.clld.org/values/3-950-704-1>		<http://ids.clld.org/parameters/3-950>		<http://ids.clld.org/values/3-950-198-1>		"krupeilē"@prg	
"maʈo"@bfz	<http://ids.clld.org/values/1-212-704-3>		<http://ids.clld.org/parameters/1-212>		<http://ids.clld.org/values/1-212-198-1>		"zemē"@prg	
"da:r"@bfz	<http://ids.clld.org/values/7-550-704-1>		<http://ids.clld.org/parameters/7-550>		<http://ids.clld.org/values/7-550-198-1>		"sandā"@prg	
"ʈhī:k"@bfz	<http://ids.clld.org/values/16-730-704-1>		<http://ids.clld.org/parameters/16-730>		<http://ids.clld.org/values/16-730-198-1>		"tikrāmiskan"@prg	
"ɖ'ʊ̃`ɪ"@bfz	<http://ids.clld.org/values/1-740-704-1>		<http://ids.clld.org/parameters/1-740>		<http://ids.clld.org/values/1-740-198-1>		"kūpsins"@prg	
"ɔɭnõ"@bfz	<http://ids.clld.org/values/10-230-704-1>		<http://ids.clld.org/parameters/10-230>		<http://ids.clld.org/values/10-230-198-1>		"krūt"@prg	
"khākhlɔ"@bfz	<http://ids.clld.org/values/4-208-704-5>		<http://ids.clld.org/parameters/4-208>		<http://ids.clld.org/values/4-208-198-1>		"laiknan"@prg	
"ʈʊkɳõ"@bfz	<http://ids.clld.org/values/5-110-704-1>		<http://ids.clld.org/parameters/5-110>		<http://ids.clld.org/values/5-110-198-1>		"īst ~ ēst"@prg	
"kɔduɔ"@bfz	<http://ids.clld.org/values/15-370-704-1>		<http://ids.clld.org/parameters/15-370>		<http://ids.clld.org/values/15-370-198-1>		"kártai"@prg	
"khāt:sər"@bfz	<http://ids.clld.org/values/3-470-704-1>		<http://ids.clld.org/parameters/3-470>		<http://ids.clld.org/values/3-470-198-1>		"vel(u)blundis"@prg	
"bolɳõ"@bfz	<http://ids.clld.org/values/18-210-704-1>		<http://ids.clld.org/parameters/18-210>		<http://ids.clld.org/values/18-210-198-1>		"gérbt"@prg	
"ɛ̄:rni"@bfz	<http://ids.clld.org/values/9-620-704-3>		<http://ids.clld.org/parameters/9-620>		<http://ids.clld.org/values/9-620-198-1>		"preikalis"@prg	
"mɪrg"@bfz	<http://ids.clld.org/values/3-750-704-1>		<http://ids.clld.org/parameters/3-750>		<http://ids.clld.org/values/3-750-198-1>		"braidis"@prg	
"ra:ɳɖ"@bfz	<http://ids.clld.org/values/2-760-704-3>		<http://ids.clld.org/parameters/2-760>		<http://ids.clld.org/values/2-760-198-1>		"vidavā ~ viduvā"@prg	
"ɔr"@bfz	<http://ids.clld.org/values/17-510-704-5>		<http://ids.clld.org/parameters/17-510>		<http://ids.clld.org/values/17-510-198-1>		"ir"@prg	
"ɔr"@bfz	<http://ids.clld.org/values/17-510-704-5>		<http://ids.clld.org/parameters/17-510>		<http://ids.clld.org/values/17-510-198-3>		"be"@prg	
"khālʈɔ"@bfz	<http://ids.clld.org/values/4-120-704-3>		<http://ids.clld.org/parameters/4-120>		<http://ids.clld.org/values/4-120-198-1>		"k'autā"@prg	
"khālʈɔ"@bfz	<http://ids.clld.org/values/4-120-704-3>		<http://ids.clld.org/parameters/4-120>		<http://ids.clld.org/values/4-120-198-3>		"skārdā"@prg	
"sɔ̄ŋgɪ"@bfz	<http://ids.clld.org/values/19-510-704-3>		<http://ids.clld.org/parameters/19-510>		<http://ids.clld.org/values/19-510-198-1>		"ginens"@prg	
"tsornõ"@bfz	<http://ids.clld.org/values/21-510-704-1>		<http://ids.clld.org/parameters/21-510>		<http://ids.clld.org/values/21-510-198-1>		"ránktvei"@prg	
"pəkrɛñɟi"@bfz	<http://ids.clld.org/values/4-461-704-3>		<http://ids.clld.org/parameters/4-461>		<http://ids.clld.org/values/4-461-198-1>		"grābis"@prg	
"kan:'"@bfz	<http://ids.clld.org/values/4-300-704-1>		<http://ids.clld.org/parameters/4-300>		<http://ids.clld.org/values/4-300-198-1>		"petē"@prg	
"rɔstɔ"@bfz	<http://ids.clld.org/values/10-720-704-5>		<http://ids.clld.org/parameters/10-720>		<http://ids.clld.org/values/10-720-198-1>		"pintis"@prg	
"ʈekɳõ"@bfz	<http://ids.clld.org/values/12-150-704-1>		<http://ids.clld.org/parameters/12-150>		<http://ids.clld.org/values/12-150-198-1>		"stalēt"@prg	
"dʊbɳõ"@bfz	<http://ids.clld.org/values/10-330-704-1>		<http://ids.clld.org/parameters/10-330>		<http://ids.clld.org/values/10-330-198-1>		"auskéndlai"@prg	
"kjaɭɪ"@bfz	<http://ids.clld.org/values/1-240-704-1>		<http://ids.clld.org/parameters/1-240>		<http://ids.clld.org/values/1-240-198-3>		"padaubis"@prg	
"kjaɭɪ"@bfz	<http://ids.clld.org/values/1-240-704-1>		<http://ids.clld.org/parameters/1-240>		<http://ids.clld.org/values/1-240-198-1>		"lindan"@prg	
"badəɭ"@bfz	<http://ids.clld.org/values/1-730-704-1>		<http://ids.clld.org/parameters/1-730>		<http://ids.clld.org/values/1-730-198-1>		"(v)up'an"@prg	
"sēna"@bfz	<http://ids.clld.org/values/20-150-704-3>		<http://ids.clld.org/parameters/20-150>		<http://ids.clld.org/values/20-150-198-1>		"karis"@prg	
"ka:k"@bfz	<http://ids.clld.org/values/2-512-704-1>		<http://ids.clld.org/parameters/2-512>		<http://ids.clld.org/values/2-512-198-1>		"tēvis"@prg	
"tshɔ̄:ɳʈɪ"@bfz	<http://ids.clld.org/values/4-209-704-1>		<http://ids.clld.org/parameters/4-209>		<http://ids.clld.org/values/4-209-198-1>		"skalus"@prg	
"kukhɽe"@bfz	<http://ids.clld.org/values/3-540-704-3>		<http://ids.clld.org/parameters/3-540>		<http://ids.clld.org/values/3-540-198-1>		"gertā"@prg	
"nɔukər"@bfz	<http://ids.clld.org/values/19-430-704-1>		<http://ids.clld.org/parameters/19-430>		<http://ids.clld.org/values/19-430-198-1>		"slūznikā"@prg	
"pɔ:ɳ"@bfz	<http://ids.clld.org/values/1-720-704-1>		<http://ids.clld.org/parameters/1-720>		<http://ids.clld.org/values/1-720-198-1>		"vētrā"@prg	
"ɔ̀rɔ"@bfz	<http://ids.clld.org/values/15-680-704-1>		<http://ids.clld.org/parameters/15-680>		<http://ids.clld.org/values/15-680-198-1>		"zal'an"@prg	
"pɔ̄:rnõ"@bfz	<http://ids.clld.org/values/20-471-704-1>		<http://ids.clld.org/parameters/20-471>		<http://ids.clld.org/values/20-471-198-1>		"*-sargs"@prg	
"ʃɛ̄:r"@bfz	<http://ids.clld.org/values/19-150-704-1>		<http://ids.clld.org/parameters/19-150>		<http://ids.clld.org/values/19-150-198-1>		"mēstan"@prg	
"ləki:r"@bfz	<http://ids.clld.org/values/8-212-704-1>		<http://ids.clld.org/parameters/8-212>		<http://ids.clld.org/values/8-212-198-1>		"redā"@prg	
"beʈ:ɪ"@bfz	<http://ids.clld.org/values/2-260-704-3>		<http://ids.clld.org/parameters/2-260>		<http://ids.clld.org/values/2-260-198-1>		"mergā"@prg	
"nɔ:gre"@bfz	<http://ids.clld.org/values/19-150-704-9>		<http://ids.clld.org/parameters/19-150>		<http://ids.clld.org/values/19-150-198-1>		"mēstan"@prg	
"kəɽā:"@bfz	<http://ids.clld.org/values/5-280-704-1>		<http://ids.clld.org/parameters/5-280>		<http://ids.clld.org/values/5-280-198-1>		"panevkā"@prg	
"uʈhauɳo"@bfz	<http://ids.clld.org/values/10-220-704-1>		<http://ids.clld.org/parameters/10-220>		<http://ids.clld.org/values/10-220-198-1>		"erláng'a"@prg	
"ʃu:kho"@bfz	<http://ids.clld.org/values/15-840-704-3>		<http://ids.clld.org/parameters/15-840>		<http://ids.clld.org/values/15-840-198-1>		"sausan"@prg	
"tambɔ"@bfz	<http://ids.clld.org/values/9-660-704-1>		<http://ids.clld.org/parameters/9-660>		<http://ids.clld.org/values/9-660-198-1>		"var'an"@prg	
"nɔ:grɪ"@bfz	<http://ids.clld.org/values/19-150-704-5>		<http://ids.clld.org/parameters/19-150>		<http://ids.clld.org/values/19-150-198-1>		"mēstan"@prg	
"ʈop:ɔ"@bfz	<http://ids.clld.org/values/6-550-704-1>		<http://ids.clld.org/parameters/6-550>		<http://ids.clld.org/values/6-550-198-1>		"kelmis"@prg	
"twa:r"@bfz	<http://ids.clld.org/values/14-620-704-1>		<http://ids.clld.org/parameters/14-620>		<http://ids.clld.org/values/14-620-198-1>		"nadēlē"@prg	
"ōʈ:h"@bfz	<http://ids.clld.org/values/4-250-704-1>		<http://ids.clld.org/parameters/4-250>		<http://ids.clld.org/values/4-250-198-1>		"varsus"@prg	
"|bad|ʃā"@bfz	<http://ids.clld.org/values/19-320-704-1>		<http://ids.clld.org/parameters/19-320>		<http://ids.clld.org/values/19-320-198-1>		"kunagis"@prg	
"mɔũ"@bfz	<http://ids.clld.org/values/2-280-704-1>		<http://ids.clld.org/parameters/2-280>		<http://ids.clld.org/values/2-280-198-1>		"malnīkik[a]s"@prg	
"baguɳɔ"@bfz	<http://ids.clld.org/values/4-350-704-3>		<http://ids.clld.org/parameters/4-350>		<http://ids.clld.org/values/4-350-198-1>		"nagē"@prg	
"nɔ̄ ʃ"@bfz	<http://ids.clld.org/values/4-345-704-1>		<http://ids.clld.org/parameters/4-345>		<http://ids.clld.org/values/4-345-198-1>		"nagutis"@prg	
"gɔ̄ɳʈhɔ"@bfz	<http://ids.clld.org/values/4-342-704-3>		<http://ids.clld.org/parameters/4-342>		<http://ids.clld.org/values/4-342-198-1>		"instiks"@prg	
"māk:höɳ"@bfz	<http://ids.clld.org/values/5-890-704-1>		<http://ids.clld.org/parameters/5-890>		<http://ids.clld.org/values/5-890-198-1>		"anktan"@prg	
"brɪk:h"@bfz	<http://ids.clld.org/values/8-600-704-3>		<http://ids.clld.org/parameters/8-600>		<http://ids.clld.org/values/8-600-198-1>		"gar'an"@prg	
"kha:b"@bfz	<http://ids.clld.org/values/4-240-704-1>		<http://ids.clld.org/parameters/4-240>		<http://ids.clld.org/values/4-240-198-1>		"austā"@prg	
"ʈo:ʈ"@bfz	<http://ids.clld.org/values/4-240-704-5>		<http://ids.clld.org/parameters/4-240>		<http://ids.clld.org/values/4-240-198-1>		"austā"@prg	
"nɔugrɪ"@bfz	<http://ids.clld.org/values/19-150-704-3>		<http://ids.clld.org/parameters/19-150>		<http://ids.clld.org/values/19-150-198-1>		"mēstan"@prg	
"b'āʃɳõ"@bfz	<http://ids.clld.org/values/21-240-704-1>		<http://ids.clld.org/parameters/21-240>		<http://ids.clld.org/values/21-240-198-1>		"klantāma"@prg	
"tsa:nd"@bfz	<http://ids.clld.org/values/1-530-704-1>		<http://ids.clld.org/parameters/1-530>		<http://ids.clld.org/values/1-530-198-1>		"mēnikīs"@prg	
"pɔb:ət"@bfz	<http://ids.clld.org/values/1-220-704-1>		<http://ids.clld.org/parameters/1-220>		<http://ids.clld.org/values/1-220-198-1>		"garbis"@prg	
"ɔ̄ptɔ"@bfz	<http://ids.clld.org/values/14-610-704-1>		<http://ids.clld.org/parameters/14-610>		<http://ids.clld.org/values/14-610-198-1>		"saivaitē"@prg	
"paiɔ"@bfz	<http://ids.clld.org/values/10-760-704-3>		<http://ids.clld.org/parameters/10-760>		<http://ids.clld.org/values/10-760-198-1>		"kelan"@prg	
"a:ɳõ"@bfz	<http://ids.clld.org/values/10-480-704-1>		<http://ids.clld.org/parameters/10-480>		<http://ids.clld.org/values/10-480-198-1>		"peréit"@prg	
"ɛbɛ"@bfz	<http://ids.clld.org/values/14-180-704-1>		<http://ids.clld.org/parameters/14-180>		<http://ids.clld.org/values/14-180-198-1>		"teinū"@prg	
"b'ɔ̄ʃ"@bfz	<http://ids.clld.org/values/4-441-704-1>		<http://ids.clld.org/parameters/4-441>		<http://ids.clld.org/values/4-441-198-1>		"plauti"@prg	
"mɪ:r"@bfz	<http://ids.clld.org/values/5-510-704-3>		<http://ids.clld.org/parameters/5-510>		<http://ids.clld.org/values/5-510-198-1>		"geitis"@prg	
"da:ɳɖ"@bfz	<http://ids.clld.org/values/21-370-704-3>		<http://ids.clld.org/parameters/21-370>		<http://ids.clld.org/values/21-370-198-1>		"súndan"@prg	
"g'ʊɳɖo"@bfz	<http://ids.clld.org/values/4-371-704-3>		<http://ids.clld.org/parameters/4-371>		<http://ids.clld.org/values/4-371-198-1>		"kulnis"@prg	
"ād:'ɔ"@bfz	<http://ids.clld.org/values/13-240-704-1>		<http://ids.clld.org/parameters/13-240>		<http://ids.clld.org/values/13-240-198-1>		"pausan"@prg	
"tsörpaɪ"@bfz	<http://ids.clld.org/values/7-420-704-1>		<http://ids.clld.org/parameters/7-420>		<http://ids.clld.org/values/7-420-198-1>		"lastā"@prg	
"d'ũ`ɔ"@bfz	<http://ids.clld.org/values/1-830-704-1>		<http://ids.clld.org/parameters/1-830>		<http://ids.clld.org/values/1-830-198-1>		"dūmis"@prg	
"b'ì:t"@bfz	<http://ids.clld.org/values/7-270-704-1>		<http://ids.clld.org/parameters/7-270>		<http://ids.clld.org/values/7-270-198-1>		"zeidis"@prg	
"dzɔr"@bfz	<http://ids.clld.org/values/4-841-704-1>		<http://ids.clld.org/parameters/4-841>		<http://ids.clld.org/values/4-841-198-1>		"enāiss"@prg	
"dza"@bfz	<http://ids.clld.org/values/12-920-704-1>		<http://ids.clld.org/parameters/12-920>		<http://ids.clld.org/values/12-920-198-1>		"palīgun"@prg	
"bɔʈhɳo"@bfz	<http://ids.clld.org/values/12-130-704-1>		<http://ids.clld.org/parameters/12-130>		<http://ids.clld.org/values/12-130-198-1>		"sindan[t]s"@prg	
"ʃāp:əɽ"@bfz	<http://ids.clld.org/values/1-440-704-3>		<http://ids.clld.org/parameters/1-440>		<http://ids.clld.org/values/1-440-198-1>		"stabis"@prg	
"dwawrʈu"@bfz	<http://ids.clld.org/values/7-220-704-3>		<http://ids.clld.org/parameters/7-220>		<http://ids.clld.org/values/7-220-198-1>		"vartā"@prg	
"kʊɳɔ"@bfz	<http://ids.clld.org/values/12-760-704-1>		<http://ids.clld.org/parameters/12-760>		<http://ids.clld.org/values/12-760-198-1>		"lunkis"@prg	
"a:"@bfz	<http://ids.clld.org/values/17-540-704-1>		<http://ids.clld.org/parameters/17-540>		<http://ids.clld.org/values/17-540-198-1>		"[ader]"@prg	
"nɔ̄ʃ"@bfz	<http://ids.clld.org/values/4-344-704-1>		<http://ids.clld.org/parameters/4-344>		<http://ids.clld.org/values/4-344-198-1>		"nagutis"@prg	
"ʃiʃ:ɔ"@bfz	<http://ids.clld.org/values/9-740-704-1>		<http://ids.clld.org/parameters/9-740>		<http://ids.clld.org/values/9-740-198-1>		"stiklā"@prg	
"tsi:z"@bfz	<http://ids.clld.org/values/11-180-704-1>		<http://ids.clld.org/parameters/11-180>		<http://ids.clld.org/values/11-180-198-1>		"daiktas"@prg	
"kaŋgɳɪ"@bfz	<http://ids.clld.org/values/6-730-704-1>		<http://ids.clld.org/parameters/6-730>		<http://ids.clld.org/values/6-730-198-1>		"prēipīrstans"@prg	
"paɳɪ"@bfz	<http://ids.clld.org/values/1-310-704-3>		<http://ids.clld.org/parameters/1-310>		<http://ids.clld.org/values/1-310-198-1>		"(v)undas"@prg	
"lōɔ"@bfz	<http://ids.clld.org/values/9-670-704-1>		<http://ids.clld.org/parameters/9-670>		<http://ids.clld.org/values/9-670-198-1>		"gelzā"@prg	
"tsɪməts"@bfz	<http://ids.clld.org/values/5-370-704-1>		<http://ids.clld.org/parameters/5-370>		<http://ids.clld.org/values/5-370-198-1>		"lapinis"@prg	
"kagu"@bfz	<http://ids.clld.org/values/3-593-704-3>		<http://ids.clld.org/parameters/3-593>		<http://ids.clld.org/values/3-593-198-1>		"varnē"@prg	
"ʃəɳic:ər"@bfz	<http://ids.clld.org/values/14-680-704-3>		<http://ids.clld.org/parameters/14-680>		<http://ids.clld.org/values/14-680-198-1>		"sabatikā"@prg	
"sūŋgər"@bfz	<http://ids.clld.org/values/3-350-704-1>		<http://ids.clld.org/parameters/3-350>		<http://ids.clld.org/values/3-350-198-1>		"parst'an"@prg	
"tsak:u"@bfz	<http://ids.clld.org/values/5-380-704-1>		<http://ids.clld.org/parameters/5-380>		<http://ids.clld.org/values/5-380-198-1>		"peile"@prg	
"iɟe"@bfz	<http://ids.clld.org/values/2-360-704-5>		<http://ids.clld.org/parameters/2-360>		<http://ids.clld.org/values/2-360-198-1>		"mātē"@prg	
"b'ɛ̀:"@bfz	<http://ids.clld.org/values/16-530-704-1>		<http://ids.clld.org/parameters/16-530>		<http://ids.clld.org/values/16-530-198-1>		"bi[y]āsnan"@prg	
"bɪ:dz"@bfz	<http://ids.clld.org/values/1-550-704-1>		<http://ids.clld.org/parameters/1-550>		<http://ids.clld.org/values/1-550-198-1>		"mēldē"@prg	
"dʊg:ɔ"@bfz	<http://ids.clld.org/values/12-670-704-1>		<http://ids.clld.org/parameters/12-670>		<http://ids.clld.org/values/12-670-198-1>		"gilin"@prg	
"ʈhāɳɖɔ"@bfz	<http://ids.clld.org/values/15-860-704-1>		<http://ids.clld.org/parameters/15-860>		<http://ids.clld.org/values/15-860-198-1>		"salta"@prg	
"dzīb:"@bfz	<http://ids.clld.org/values/4-260-704-1>		<http://ids.clld.org/parameters/4-260>		<http://ids.clld.org/values/4-260-198-1>		"inzuvis"@prg	
"kil:ɛ"@bfz	<http://ids.clld.org/values/17-520-704-1>		<http://ids.clld.org/parameters/17-520>		<http://ids.clld.org/values/17-520-198-1>		"begi"@prg	
"ɟubəɽ"@bfz	<http://ids.clld.org/values/1-230-704-1>		<http://ids.clld.org/parameters/1-230>		<http://ids.clld.org/values/1-230-198-1>		"lauks"@prg	
"ʃʊ̄ɳnõ"@bfz	<http://ids.clld.org/values/15-410-704-1>		<http://ids.clld.org/parameters/15-410>		<http://ids.clld.org/values/15-410-198-3>		"klausītun"@prg	
"ʃʊ̄ɳnõ"@bfz	<http://ids.clld.org/values/15-410-704-1>		<http://ids.clld.org/parameters/15-410>		<http://ids.clld.org/values/15-410-198-1>		"kirdē̈t[vei]"@prg	
"dēkhɳõ"@bfz	<http://ids.clld.org/values/15-510-704-1>		<http://ids.clld.org/parameters/15-510>		<http://ids.clld.org/values/15-510-198-1>		"vidā ~ vidē"@prg	
"bagə"@bfz	<http://ids.clld.org/values/1-720-704-5>		<http://ids.clld.org/parameters/1-720>		<http://ids.clld.org/values/1-720-198-1>		"vētrā"@prg	
"göm'àuɳõ"@bfz	<http://ids.clld.org/values/10-640-704-1>		<http://ids.clld.org/parameters/10-640>		<http://ids.clld.org/values/10-640-198-1>		"vest[vei]"@prg	
"pəraɳɔ"@bfz	<http://ids.clld.org/values/14-150-704-1>		<http://ids.clld.org/parameters/14-150>		<http://ids.clld.org/values/14-150-198-1>		"vār[a]s"@prg	
"ʃɛ:r"@bfz	<http://ids.clld.org/values/14-770-704-1>		<http://ids.clld.org/parameters/14-770>		<http://ids.clld.org/values/14-770-198-1>		"asanis"@prg	
"bɔ̄:ɽ"@bfz	<http://ids.clld.org/values/7-260-704-1>		<http://ids.clld.org/parameters/7-260>		<http://ids.clld.org/values/7-260-198-1>		"talus"@prg	
"wɔkt"@bfz	<http://ids.clld.org/values/14-110-704-1>		<http://ids.clld.org/parameters/14-110>		<http://ids.clld.org/values/14-110-198-3>		"kérdan"@prg	
"wɔkt"@bfz	<http://ids.clld.org/values/14-110-704-1>		<http://ids.clld.org/parameters/14-110>		<http://ids.clld.org/values/14-110-198-1>		"kīsman"@prg	
"dzɔndo"@bfz	<http://ids.clld.org/values/7-230-704-1>		<http://ids.clld.org/parameters/7-230>		<http://ids.clld.org/values/7-230-198-1>		"zāmukis"@prg	
"bā:"@bfz	<http://ids.clld.org/values/4-310-704-1>		<http://ids.clld.org/parameters/4-310>		<http://ids.clld.org/values/4-310-198-1>		"irmā"@prg	
"bəraɭe"@bfz	<http://ids.clld.org/values/3-620-704-1>		<http://ids.clld.org/parameters/3-620>		<http://ids.clld.org/values/3-620-198-1>		"paustā katā"@prg	
"mās"@bfz	<http://ids.clld.org/values/4-130-704-1>		<http://ids.clld.org/parameters/4-130>		<http://ids.clld.org/values/4-130-198-1>		"mensā"@prg	
"ʃāũɔ"@bfz	<http://ids.clld.org/values/15-670-704-1>		<http://ids.clld.org/parameters/15-670>		<http://ids.clld.org/values/15-670-198-1>		"galimban"@prg	
"maɪ"@bfz	<http://ids.clld.org/values/2-360-704-9>		<http://ids.clld.org/parameters/2-360>		<http://ids.clld.org/values/2-360-198-1>		"mātē"@prg	
"māts:hɪ"@bfz	<http://ids.clld.org/values/3-650-704-3>		<http://ids.clld.org/parameters/3-650>		<http://ids.clld.org/values/3-650-198-1>		"zukis"@prg	
"ʃāɳʈɔ"@bfz	<http://ids.clld.org/values/8-550-704-3>		<http://ids.clld.org/parameters/8-550>		<http://ids.clld.org/values/8-550-198-1>		"vipis"@prg	
"patshkɔ"@bfz	<http://ids.clld.org/values/13-350-704-1>		<http://ids.clld.org/parameters/13-350>		<http://ids.clld.org/values/13-350-198-1>		"pansdaumanin"@prg	
"bando"@bfz	<http://ids.clld.org/values/19-420-704-1>		<http://ids.clld.org/parameters/19-420>		<http://ids.clld.org/values/19-420-198-1>		"vaiks"@prg	
"mʊ:ɳɖ"@bfz	<http://ids.clld.org/values/4-200-704-1>		<http://ids.clld.org/parameters/4-200>		<http://ids.clld.org/values/4-200-198-1>		"galvā"@prg	
"kurto"@bfz	<http://ids.clld.org/values/6-440-704-1>		<http://ids.clld.org/parameters/6-440>		<http://ids.clld.org/values/6-440-198-1>		"nurtvē"@prg	
"kuk:ər"@bfz	<http://ids.clld.org/values/3-610-704-1>		<http://ids.clld.org/parameters/3-610>		<http://ids.clld.org/values/3-610-198-1>		"sunis"@prg	
"'ùb:i"@bfz	<http://ids.clld.org/values/12-80-704-1>		<http://ids.clld.org/parameters/12-80>		<http://ids.clld.org/values/12-80-198-3>		"kérša[n]"@prg	
"'ùb:i"@bfz	<http://ids.clld.org/values/12-80-704-1>		<http://ids.clld.org/parameters/12-80>		<http://ids.clld.org/values/12-80-198-1>		"kirša[n]"@prg	
"ta:nd"@bfz	<http://ids.clld.org/values/6-380-704-1>		<http://ids.clld.org/parameters/6-380>		<http://ids.clld.org/values/6-380-198-1>		"auvilkis"@prg	
"khīmblɪ"@bfz	<http://ids.clld.org/values/3-817-704-3>		<http://ids.clld.org/parameters/3-817>		<http://ids.clld.org/values/3-817-198-1>		"saugis"@prg	
"'òe"@bfz	<http://ids.clld.org/values/17-550-704-3>		<http://ids.clld.org/parameters/17-550>		<http://ids.clld.org/values/17-550-198-1>		"[ya]"@prg	
"gʊ:ɳ"@bfz	<http://ids.clld.org/values/16-790-704-1>		<http://ids.clld.org/parameters/16-790>		<http://ids.clld.org/values/16-790-198-1>		"pagirsnan"@prg	
"ba:t"@bfz	<http://ids.clld.org/values/10-720-704-7>		<http://ids.clld.org/parameters/10-720>		<http://ids.clld.org/values/10-720-198-1>		"pintis"@prg	
"ìund"@bfz	<http://ids.clld.org/values/14-740-704-1>		<http://ids.clld.org/parameters/14-740>		<http://ids.clld.org/values/14-740-198-1>		"zēmā"@prg	
"swā:"@bfz	<http://ids.clld.org/values/1-840-704-3>		<http://ids.clld.org/parameters/1-840>		<http://ids.clld.org/values/1-840-198-1>		"pelanē"@prg	
"bɛ̄:"@bfz	<http://ids.clld.org/values/2-340-704-1>		<http://ids.clld.org/parameters/2-340>		<http://ids.clld.org/values/2-340-198-1>		"salūbsna"@prg	
"sā:b"@bfz	<http://ids.clld.org/values/19-410-704-1>		<http://ids.clld.org/parameters/19-410>		<http://ids.clld.org/values/19-410-198-1>		"mistran"@prg	
"ke:ro"@bfz	<http://ids.clld.org/values/17-610-704-1>		<http://ids.clld.org/parameters/17-610>		<http://ids.clld.org/values/17-610-198-1>		"kai"@prg	
"a:dmi"@bfz	<http://ids.clld.org/values/2-210-704-1>		<http://ids.clld.org/parameters/2-210>		<http://ids.clld.org/values/2-210-198-1>		"vīrs"@prg	
"phābɳõ"@bfz	<http://ids.clld.org/values/11-160-704-1>		<http://ids.clld.org/parameters/11-160>		<http://ids.clld.org/values/11-160-198-1>		"pagaút"@prg	
"pa:"@bfz	<http://ids.clld.org/values/12-10-704-3>		<http://ids.clld.org/parameters/12-10>		<http://ids.clld.org/values/12-10-198-1>		"pā"@prg	
"bɛ̄ɳ"@bfz	<http://ids.clld.org/values/2-450-704-1>		<http://ids.clld.org/parameters/2-450>		<http://ids.clld.org/values/2-450-198-1>		"svestrā"@prg	
"sūt:həɳ"@bfz	<http://ids.clld.org/values/6-480-704-1>		<http://ids.clld.org/parameters/6-480>		<http://ids.clld.org/values/6-480-198-1>		"laknā"@prg	
"a:ŋkh"@bfz	<http://ids.clld.org/values/4-210-704-5>		<http://ids.clld.org/parameters/4-210>		<http://ids.clld.org/values/4-210-198-1>		"akis"@prg	
"pāntshɪ"@bfz	<http://ids.clld.org/values/3-581-704-5>		<http://ids.clld.org/parameters/3-581>		<http://ids.clld.org/values/3-581-198-1>		"pepelis ~ pipelkā"@prg	
"bās:ɪɛ"@bfz	<http://ids.clld.org/values/12-10-704-5>		<http://ids.clld.org/parameters/12-10>		<http://ids.clld.org/values/12-10-198-1>		"pā"@prg	
"rɔ̄ʃ:ɔ"@bfz	<http://ids.clld.org/values/9-190-704-5>		<http://ids.clld.org/parameters/9-190>		<http://ids.clld.org/values/9-190-198-1>		"virbē"@prg	
"beʈku"@bfz	<http://ids.clld.org/values/2-410-704-3>		<http://ids.clld.org/parameters/2-410>		<http://ids.clld.org/values/2-410-198-1>		"sūnun"@prg	
"ak:hör"@bfz	<http://ids.clld.org/values/12-350-704-1>		<http://ids.clld.org/parameters/12-350>		<http://ids.clld.org/values/12-350-198-1>		"vangan"@prg	
"ba:b"@bfz	<http://ids.clld.org/values/2-350-704-3>		<http://ids.clld.org/parameters/2-350>		<http://ids.clld.org/values/2-350-198-1>		"tāvas"@prg	
"pīʈ:hɔ"@bfz	<http://ids.clld.org/values/5-530-704-1>		<http://ids.clld.org/parameters/5-530>		<http://ids.clld.org/values/5-530-198-1>		"zinkslā"@prg	
"maʈ:e"@bfz	<http://ids.clld.org/values/1-212-704-7>		<http://ids.clld.org/parameters/1-212>		<http://ids.clld.org/values/1-212-198-1>		"zemē"@prg	
"aɳe"@bfz	<http://ids.clld.org/values/17-510-704-3>		<http://ids.clld.org/parameters/17-510>		<http://ids.clld.org/values/17-510-198-1>		"ir"@prg	
"aɳe"@bfz	<http://ids.clld.org/values/17-510-704-3>		<http://ids.clld.org/parameters/17-510>		<http://ids.clld.org/values/17-510-198-3>		"be"@prg	
"cigɔɽ"@bfz	<http://ids.clld.org/values/4-190-704-1>		<http://ids.clld.org/parameters/4-190>		<http://ids.clld.org/values/4-190-198-1>		"rītīznan"@prg	
"ʃəɽɭol:"@bfz	<http://ids.clld.org/values/12-850-704-1>		<http://ids.clld.org/parameters/12-850>		<http://ids.clld.org/values/12-850-198-1>		"dulzis"@prg	
"loʈɽe"@bfz	<http://ids.clld.org/values/5-340-704-1>		<http://ids.clld.org/parameters/5-340>		<http://ids.clld.org/values/5-340-198-1>		"kragis"@prg	
"ɔʈho"@bfz	<http://ids.clld.org/values/4-280-704-1>		<http://ids.clld.org/parameters/4-280>		<http://ids.clld.org/values/4-280-198-1>		"vinzus"@prg	
"bɔ:ʈɪ"@bfz	<http://ids.clld.org/values/2-320-704-3>		<http://ids.clld.org/parameters/2-320>		<http://ids.clld.org/values/2-320-198-1>		"salūban"@prg	
"'aɳɖku"@bfz	<http://ids.clld.org/values/5-260-704-3>		<http://ids.clld.org/parameters/5-260>		<http://ids.clld.org/values/5-260-198-1>		"zvikstis"@prg	
"ʃīg:'ər"@bfz	<http://ids.clld.org/values/14-160-704-1>		<http://ids.clld.org/parameters/14-160>		<http://ids.clld.org/values/14-160-198-1>		"ankstainai"@prg	
"nɛ:"@bfz	<http://ids.clld.org/values/1-360-704-7>		<http://ids.clld.org/parameters/1-360>		<http://ids.clld.org/values/1-360-198-1>		"apē"@prg	
"mɛ̄ŋgɔ"@bfz	<http://ids.clld.org/values/11-880-704-1>		<http://ids.clld.org/parameters/11-880>		<http://ids.clld.org/values/11-880-198-1>		"témpran"@prg	
"goru"@bfz	<http://ids.clld.org/values/3-200-704-1>		<http://ids.clld.org/parameters/3-200>		<http://ids.clld.org/values/3-200-198-1>		"peku"@prg	
"kro:d"@bfz	<http://ids.clld.org/values/16-420-704-1>		<http://ids.clld.org/parameters/16-420>		<http://ids.clld.org/values/16-420-198-1>		"nerteis"@prg	
"ke:r"@bfz	<http://ids.clld.org/values/4-280-704-5>		<http://ids.clld.org/parameters/4-280>		<http://ids.clld.org/values/4-280-198-1>		"vinzus"@prg	
"ma:m"@bfz	<http://ids.clld.org/values/2-511-704-1>		<http://ids.clld.org/parameters/2-511>		<http://ids.clld.org/values/2-511-198-1>		"avis"@prg	
"dzaɳnõ"@bfz	<http://ids.clld.org/values/17-160-704-3>		<http://ids.clld.org/parameters/17-160>		<http://ids.clld.org/values/17-160-198-1>		"isprastun"@prg	
"dz'o:ʈ"@bfz	<http://ids.clld.org/values/3-240-704-1>		<http://ids.clld.org/parameters/3-240>		<http://ids.clld.org/values/3-240-198-1>		"verst'an"@prg	
"l'wà:r"@bfz	<http://ids.clld.org/values/9-600-704-1>		<http://ids.clld.org/parameters/9-600>		<http://ids.clld.org/values/9-600-198-1>		"[v]utris"@prg	
"prīthwɪ"@bfz	<http://ids.clld.org/values/1-100-704-5>		<http://ids.clld.org/parameters/1-100>		<http://ids.clld.org/values/1-100-198-1>		"svētā"@prg	
"thʊ̄ŋgɳõ"@bfz	<http://ids.clld.org/values/5-110-704-3>		<http://ids.clld.org/parameters/5-110>		<http://ids.clld.org/values/5-110-198-1>		"īst ~ ēst"@prg	
"kɔrnõ"@bfz	<http://ids.clld.org/values/9-110-704-1>		<http://ids.clld.org/parameters/9-110>		<http://ids.clld.org/values/9-110-198-1>		"segēt"@prg	
"lo:g"@bfz	<http://ids.clld.org/values/19-210-704-1>		<http://ids.clld.org/parameters/19-210>		<http://ids.clld.org/values/19-210-198-1>		"amzin"@prg	
"pɪl:ɪ"@bfz	<http://ids.clld.org/values/4-352-704-1>		<http://ids.clld.org/parameters/4-352>		<http://ids.clld.org/values/4-352-198-1>		"ikrā"@prg	
"batsa"@bfz	<http://ids.clld.org/values/18-110-704-1>		<http://ids.clld.org/parameters/18-110>		<http://ids.clld.org/values/18-110-198-1>		"tārin"@prg	
"ɔɽkəɳ"@bfz	<http://ids.clld.org/values/4-320-704-1>		<http://ids.clld.org/parameters/4-320>		<http://ids.clld.org/values/4-320-198-1>		"alkūnis"@prg	
"aʈ:ɔ"@bfz	<http://ids.clld.org/values/5-550-704-1>		<http://ids.clld.org/parameters/5-550>		<http://ids.clld.org/values/5-550-198-1>		"meltan"@prg	
"kʊʃrɪ"@bfz	<http://ids.clld.org/values/7-430-704-1>		<http://ids.clld.org/parameters/7-430>		<http://ids.clld.org/values/7-430-198-1>		"klumpis"@prg	
"mɔrd"@bfz	<http://ids.clld.org/values/2-210-704-3>		<http://ids.clld.org/parameters/2-210>		<http://ids.clld.org/values/2-210-198-1>		"vīrs"@prg	
"sɔ̄b"@bfz	<http://ids.clld.org/values/13-140-704-1>		<http://ids.clld.org/parameters/13-140>		<http://ids.clld.org/values/13-140-198-1>		"erains"@prg	
"ʃɛ̄:d"@bfz	<http://ids.clld.org/values/5-840-704-1>		<http://ids.clld.org/parameters/5-840>		<http://ids.clld.org/values/5-840-198-1>		"medu"@prg	
"glɔnto"@bfz	<http://ids.clld.org/values/4-208-704-7>		<http://ids.clld.org/parameters/4-208>		<http://ids.clld.org/values/4-208-198-1>		"laiknan"@prg	
"guɭuɔ"@bfz	<http://ids.clld.org/values/15-350-704-1>		<http://ids.clld.org/parameters/15-350>		<http://ids.clld.org/values/15-350-198-1>		"pādaminan"@prg	
"pɛ:ɳɖ"@bfz	<http://ids.clld.org/values/10-720-704-1>		<http://ids.clld.org/parameters/10-720>		<http://ids.clld.org/values/10-720-198-1>		"pintis"@prg	
"tshōʈ:ɔ"@bfz	<http://ids.clld.org/values/12-560-704-1>		<http://ids.clld.org/parameters/12-560>		<http://ids.clld.org/values/12-560-198-1>		"likuts"@prg	
"āt:shɔ"@bfz	<http://ids.clld.org/values/16-710-704-1>		<http://ids.clld.org/parameters/16-710>		<http://ids.clld.org/values/16-710-198-1>		"labs"@prg	
"g'wàɽnõ"@bfz	<http://ids.clld.org/values/12-240-704-1>		<http://ids.clld.org/parameters/12-240>		<http://ids.clld.org/values/12-240-198-1>		"atvér'a"@prg	
"n'È:ɳ"@bfz	<http://ids.clld.org/values/9-840-704-1>		<http://ids.clld.org/parameters/9-840>		<http://ids.clld.org/values/9-840-198-1>		"dalptan"@prg	
"kʊrsɪ"@bfz	<http://ids.clld.org/values/7-430-704-3>		<http://ids.clld.org/parameters/7-430>		<http://ids.clld.org/values/7-430-198-1>		"klumpis"@prg	
"kʊnɪ"@bfz	<http://ids.clld.org/values/4-320-704-5>		<http://ids.clld.org/parameters/4-320>		<http://ids.clld.org/values/4-320-198-1>		"alkūnis"@prg	
"ìũ"@bfz	<http://ids.clld.org/values/1-760-704-1>		<http://ids.clld.org/parameters/1-760>		<http://ids.clld.org/values/1-760-198-1>		"snaigis"@prg	
"kəɽɛŋkho"@bfz	<http://ids.clld.org/values/15-370-704-3>		<http://ids.clld.org/parameters/15-370>		<http://ids.clld.org/values/15-370-198-1>		"kártai"@prg	
"mɔrnõ"@bfz	<http://ids.clld.org/values/4-750-704-1>		<http://ids.clld.org/parameters/4-750>		<http://ids.clld.org/values/4-750-198-1>		"aul'aút"@prg	
"kɔmrɔ"@bfz	<http://ids.clld.org/values/7-210-704-1>		<http://ids.clld.org/parameters/7-210>		<http://ids.clld.org/values/7-210-198-1>		"kamerkā"@prg	
"kiɳo"@bfz	<http://ids.clld.org/values/17-610-704-3>		<http://ids.clld.org/parameters/17-610>		<http://ids.clld.org/values/17-610-198-1>		"kai"@prg	
"sɔ̄"@bfz	<http://ids.clld.org/values/2-930-704-1>		<http://ids.clld.org/parameters/2-930>		<http://ids.clld.org/values/2-930-198-3>		"tanā"@prg	
"sɔ̄"@bfz	<http://ids.clld.org/values/2-930-704-1>		<http://ids.clld.org/parameters/2-930>		<http://ids.clld.org/values/2-930-198-1>		"tan[a]s"@prg	
"lɔmbo"@bfz	<http://ids.clld.org/values/12-570-704-1>		<http://ids.clld.org/parameters/12-570>		<http://ids.clld.org/values/12-570-198-1>		"ilga"@prg	
"gau"@bfz	<http://ids.clld.org/values/3-230-704-1>		<http://ids.clld.org/parameters/3-230>		<http://ids.clld.org/values/3-230-198-1>		"klentē"@prg	
"māk:hɔ"@bfz	<http://ids.clld.org/values/3-830-704-1>		<http://ids.clld.org/parameters/3-830>		<http://ids.clld.org/values/3-830-198-1>		"musā"@prg	
"wedəna"@bfz	<http://ids.clld.org/values/16-310-704-1>		<http://ids.clld.org/parameters/16-310>		<http://ids.clld.org/values/16-310-198-1>		"gulsenin"@prg	
"e:k"@bfz	<http://ids.clld.org/values/13-10-704-1>		<http://ids.clld.org/parameters/13-10>		<http://ids.clld.org/values/13-10-198-1>		"ains"@prg	
"ɖeuɳõ"@bfz	<http://ids.clld.org/values/10-470-704-1>		<http://ids.clld.org/parameters/10-470>		<http://ids.clld.org/values/10-470-198-1>		"éit"@prg	
"g'àɳʈɔ"@bfz	<http://ids.clld.org/values/14-510-704-1>		<http://ids.clld.org/parameters/14-510>		<http://ids.clld.org/values/14-510-198-1>		"stúndiks"@prg	
"lupe"@bfz	<http://ids.clld.org/values/1-820-704-1>		<http://ids.clld.org/parameters/1-820>		<http://ids.clld.org/values/1-820-198-1>		"lāpis"@prg	
"ɖokrɔ"@bfz	<http://ids.clld.org/values/8-120-704-3>		<http://ids.clld.org/parameters/8-120>		<http://ids.clld.org/values/8-120-198-1>		"lauks"@prg	
"zɔbər"@bfz	<http://ids.clld.org/values/4-810-704-1>		<http://ids.clld.org/parameters/4-810>		<http://ids.clld.org/values/4-810-198-1>		"sparts"@prg	
"tshē:d"@bfz	<http://ids.clld.org/values/12-850-704-5>		<http://ids.clld.org/parameters/12-850>		<http://ids.clld.org/values/12-850-198-1>		"dulzis"@prg	
"dzərab"@bfz	<http://ids.clld.org/values/6-490-704-1>		<http://ids.clld.org/parameters/6-490>		<http://ids.clld.org/values/6-490-198-1>		"pēd'ai"@prg	
"thāɭɪ"@bfz	<http://ids.clld.org/values/5-310-704-1>		<http://ids.clld.org/parameters/5-310>		<http://ids.clld.org/values/5-310-198-1>		"minzavē"@prg	
"dɔrdzɪ"@bfz	<http://ids.clld.org/values/6-130-704-1>		<http://ids.clld.org/parameters/6-130>		<http://ids.clld.org/values/6-130-198-1>		"skrūtelē"@prg	
"nɔuwɔ"@bfz	<http://ids.clld.org/values/14-130-704-1>		<http://ids.clld.org/parameters/14-130>		<http://ids.clld.org/values/14-130-198-1>		"nauns"@prg	
"bɪ:dz"@bfz	<http://ids.clld.org/values/8-420-704-1>		<http://ids.clld.org/parameters/8-420>		<http://ids.clld.org/values/8-420-198-3>		"ar'an"@prg	
"bɪ:dz"@bfz	<http://ids.clld.org/values/8-420-704-1>		<http://ids.clld.org/parameters/8-420>		<http://ids.clld.org/values/8-420-198-1>		"aren"@prg	
"pərkɛñɟi"@bfz	<http://ids.clld.org/values/4-461-704-1>		<http://ids.clld.org/parameters/4-461>		<http://ids.clld.org/values/4-461-198-1>		"grābis"@prg	
"kɔɳök"@bfz	<http://ids.clld.org/values/8-430-704-1>		<http://ids.clld.org/parameters/8-430>		<http://ids.clld.org/values/8-430-198-1>		"gaidis"@prg	
"g'a:s"@bfz	<http://ids.clld.org/values/8-510-704-7>		<http://ids.clld.org/parameters/8-510>		<http://ids.clld.org/values/8-510-198-1>		"zālis"@prg	
"ʃī:ŋg"@bfz	<http://ids.clld.org/values/4-170-704-1>		<http://ids.clld.org/parameters/4-170>		<http://ids.clld.org/values/4-170-198-1>		"ragis"@prg	
"tsu:l"@bfz	<http://ids.clld.org/values/5-250-704-1>		<http://ids.clld.org/parameters/5-250>		<http://ids.clld.org/values/5-250-198-1>		"[v]umnis"@prg	
"kəʈɛurɔ"@bfz	<http://ids.clld.org/values/9-240-704-1>		<http://ids.clld.org/parameters/9-240>		<http://ids.clld.org/values/9-240-198-1>		"skrundus"@prg	
"kindɛ"@bfz	<http://ids.clld.org/values/17-660-704-5>		<http://ids.clld.org/parameters/17-660>		<http://ids.clld.org/values/17-660-198-1>		"kvei"@prg	
"'ɔ̀rɔ"@bfz	<http://ids.clld.org/values/15-670-704-3>		<http://ids.clld.org/parameters/15-670>		<http://ids.clld.org/values/15-670-198-1>		"galimban"@prg	
"radza"@bfz	<http://ids.clld.org/values/19-320-704-3>		<http://ids.clld.org/parameters/19-320>		<http://ids.clld.org/values/19-320-198-1>		"kunagis"@prg	
"tshʊ̃:ɳõ"@bfz	<http://ids.clld.org/values/15-710-704-1>		<http://ids.clld.org/parameters/15-710>		<http://ids.clld.org/values/15-710-198-1>		"enkasint"@prg	
"g'ìnɳõ"@bfz	<http://ids.clld.org/values/11-170-704-3>		<http://ids.clld.org/parameters/11-170>		<http://ids.clld.org/values/11-170-198-1>		"erlaikāt"@prg	
"meʈɳõ"@bfz	<http://ids.clld.org/values/12-210-704-1>		<http://ids.clld.org/parameters/12-210>		<http://ids.clld.org/values/12-210-198-1>		"sanrénka"@prg	
"nan:ɪ"@bfz	<http://ids.clld.org/values/2-470-704-3>		<http://ids.clld.org/parameters/2-470>		<http://ids.clld.org/values/2-470-198-1>		"anē"@prg	
"tshelʈu"@bfz	<http://ids.clld.org/values/3-360-704-3>		<http://ids.clld.org/parameters/3-360>		<http://ids.clld.org/values/3-360-198-1>		"(v)āzē"@prg	
"a:dmi"@bfz	<http://ids.clld.org/values/2-310-704-1>		<http://ids.clld.org/parameters/2-310>		<http://ids.clld.org/values/2-310-198-1>		"grandan"@prg	
"nɔugre"@bfz	<http://ids.clld.org/values/19-150-704-7>		<http://ids.clld.org/parameters/19-150>		<http://ids.clld.org/values/19-150-198-1>		"mēstan"@prg	
"kʊ-khɽɪ"@bfz	<http://ids.clld.org/values/3-540-704-1>		<http://ids.clld.org/parameters/3-540>		<http://ids.clld.org/values/3-540-198-1>		"gertā"@prg	
"dzɪʊɳõ"@bfz	<http://ids.clld.org/values/7-110-704-1>		<http://ids.clld.org/parameters/7-110>		<http://ids.clld.org/values/7-110-198-1>		"givēt"@prg	
"dɔʃe"@bfz	<http://ids.clld.org/values/2-220-704-3>		<http://ids.clld.org/parameters/2-220>		<http://ids.clld.org/values/2-220-198-1>		"genā"@prg	
"ã"@bfz	<http://ids.clld.org/values/17-510-704-1>		<http://ids.clld.org/parameters/17-510>		<http://ids.clld.org/values/17-510-198-1>		"ir"@prg	
"ã"@bfz	<http://ids.clld.org/values/17-510-704-1>		<http://ids.clld.org/parameters/17-510>		<http://ids.clld.org/values/17-510-198-3>		"be"@prg	
"ciɔ"@bfz	<http://ids.clld.org/values/13-420-704-1>		<http://ids.clld.org/parameters/13-420>		<http://ids.clld.org/values/13-420-198-1>		"tírt[a]s"@prg	
"tsu:l"@bfz	<http://ids.clld.org/values/7-310-704-1>		<http://ids.clld.org/parameters/7-310>		<http://ids.clld.org/values/7-310-198-1>		"pelanā"@prg	
"agər"@bfz	<http://ids.clld.org/values/17-530-704-1>		<http://ids.clld.org/parameters/17-530>		<http://ids.clld.org/values/17-530-198-1>		"ikai"@prg	
"dzɔɳɔ"@bfz	<http://ids.clld.org/values/2-100-704-1>		<http://ids.clld.org/parameters/2-100>		<http://ids.clld.org/values/2-100-198-1>		"zmānen[t]s"@prg	
"māʃɳɔ"@bfz	<http://ids.clld.org/values/5-890-704-3>		<http://ids.clld.org/parameters/5-890>		<http://ids.clld.org/values/5-890-198-1>		"anktan"@prg	
"kɛ:ɽo"@bfz	<http://ids.clld.org/values/17-610-704-5>		<http://ids.clld.org/parameters/17-610>		<http://ids.clld.org/values/17-610-198-1>		"kai"@prg	
"dzai"@bfz	<http://ids.clld.org/values/2-420-704-1>		<http://ids.clld.org/parameters/2-420>		<http://ids.clld.org/values/2-420-198-1>		"duktē"@prg	
"dwa:r"@bfz	<http://ids.clld.org/values/7-220-704-1>		<http://ids.clld.org/parameters/7-220>		<http://ids.clld.org/values/7-220-198-1>		"vartā"@prg	
"b'ìtri"@bfz	<http://ids.clld.org/values/12-50-704-1>		<http://ids.clld.org/parameters/12-50>		<http://ids.clld.org/values/12-50-198-1>		"en"@prg	
"tu:"@bfz	<http://ids.clld.org/values/2-920-704-1>		<http://ids.clld.org/parameters/2-920>		<http://ids.clld.org/values/2-920-198-1>		"tū"@prg	
"bɔ:ʈu"@bfz	<http://ids.clld.org/values/2-310-704-3>		<http://ids.clld.org/parameters/2-310>		<http://ids.clld.org/values/2-310-198-1>		"grandan"@prg	
"maʈ:ɪ"@bfz	<http://ids.clld.org/values/1-212-704-5>		<http://ids.clld.org/parameters/1-212>		<http://ids.clld.org/values/1-212-198-1>		"zemē"@prg	
"tshāp:ər"@bfz	<http://ids.clld.org/values/7-510-704-1>		<http://ids.clld.org/parameters/7-510>		<http://ids.clld.org/values/7-510-198-1>		"stāgis"@prg	
"phɔ̄ɭ"@bfz	<http://ids.clld.org/values/5-710-704-1>		<http://ids.clld.org/parameters/5-710>		<http://ids.clld.org/values/5-710-198-1>		"véisin"@prg	
"pōt:hɪ"@bfz	<http://ids.clld.org/values/18-610-704-5>		<http://ids.clld.org/parameters/18-610>		<http://ids.clld.org/values/18-610-198-1>		"laiskas"@prg	
"dzɔl:"@bfz	<http://ids.clld.org/values/1-310-704-1>		<http://ids.clld.org/parameters/1-310>		<http://ids.clld.org/values/1-310-198-1>		"(v)undas"@prg	
"bərʃā:ɭ"@bfz	<http://ids.clld.org/values/14-760-704-1>		<http://ids.clld.org/parameters/14-760>		<http://ids.clld.org/values/14-760-198-1>		"dagis"@prg	
"brēst"@bfz	<http://ids.clld.org/values/14-660-704-1>		<http://ids.clld.org/parameters/14-660>		<http://ids.clld.org/values/14-660-198-1>		"ketvirtiks"@prg	
"paŋör"@bfz	<http://ids.clld.org/values/2-270-704-5>		<http://ids.clld.org/parameters/2-270>		<http://ids.clld.org/values/2-270-198-1>		"malnīk[a]s"@prg	
"khədzɛɭnõ"@bfz	<http://ids.clld.org/values/15-550-704-3>		<http://ids.clld.org/parameters/15-550>		<http://ids.clld.org/values/15-550-198-1>		"vaidina"@prg	
"ro:ʈ"@bfz	<http://ids.clld.org/values/8-120-704-5>		<http://ids.clld.org/parameters/8-120>		<http://ids.clld.org/values/8-120-198-1>		"lauks"@prg	
"dɔʈɳõ"@bfz	<http://ids.clld.org/values/5-110-704-5>		<http://ids.clld.org/parameters/5-110>		<http://ids.clld.org/values/5-110-198-1>		"īst ~ ēst"@prg	
"gɔrz"@bfz	<http://ids.clld.org/values/17-450-704-1>		<http://ids.clld.org/parameters/17-450>		<http://ids.clld.org/values/17-450-198-1>		"nautin"@prg	
"ʃāŋgɔ"@bfz	<http://ids.clld.org/values/4-290-704-3>		<http://ids.clld.org/parameters/4-290>		<http://ids.clld.org/values/4-290-198-1>		"gurklē"@prg	
"bɛ:ɭ"@bfz	<http://ids.clld.org/values/14-460-704-1>		<http://ids.clld.org/parameters/14-460>		<http://ids.clld.org/values/14-460-198-1>		"bītas"@prg	
"muŋgəɭ"@bfz	<http://ids.clld.org/values/14-640-704-1>		<http://ids.clld.org/parameters/14-640>		<http://ids.clld.org/values/14-640-198-1>		"visasēdis"@prg	
"'ɔ̄ftɔ"@bfz	<http://ids.clld.org/values/14-610-704-3>		<http://ids.clld.org/parameters/14-610>		<http://ids.clld.org/values/14-610-198-1>		"saivaitē"@prg	
"deuʈhɪ"@bfz	<http://ids.clld.org/values/22-130-704-1>		<http://ids.clld.org/parameters/22-130>		<http://ids.clld.org/values/22-130-198-1>		"kírkē"@prg	
"kauʃəɳ"@bfz	<http://ids.clld.org/values/3-586-704-1>		<http://ids.clld.org/parameters/3-586>		<http://ids.clld.org/values/3-586-198-1>		"aukis"@prg	
"bɪdwā"@bfz	<http://ids.clld.org/values/2-760-704-1>		<http://ids.clld.org/parameters/2-760>		<http://ids.clld.org/values/2-760-198-1>		"vidavā ~ viduvā"@prg	
"kapɽu"@bfz	<http://ids.clld.org/values/6-210-704-1>		<http://ids.clld.org/parameters/6-210>		<http://ids.clld.org/values/6-210-198-1>		"milan"@prg	
"da:d"@bfz	<http://ids.clld.org/values/2-460-704-1>		<http://ids.clld.org/parameters/2-460>		<http://ids.clld.org/values/2-460-198-1>		"tētis"@prg	
"bāɪ"@bfz	<http://ids.clld.org/values/4-310-704-3>		<http://ids.clld.org/parameters/4-310>		<http://ids.clld.org/values/4-310-198-1>		"irmā"@prg	
"pa:ɳõ"@bfz	<http://ids.clld.org/values/12-120-704-1>		<http://ids.clld.org/parameters/12-120>		<http://ids.clld.org/values/12-120-198-1>		"lazinā"@prg	
"sīʊɳ"@bfz	<http://ids.clld.org/values/6-360-704-1>		<http://ids.clld.org/parameters/6-360>		<http://ids.clld.org/values/6-360-198-1>		"aigulā"@prg	
"rat:ɔ"@bfz	<http://ids.clld.org/values/15-660-704-1>		<http://ids.clld.org/parameters/15-660>		<http://ids.clld.org/values/15-660-198-1>		"varminan"@prg	
"ʃāpɽɔ"@bfz	<http://ids.clld.org/values/4-162-704-1>		<http://ids.clld.org/parameters/4-162>		<http://ids.clld.org/values/4-162-198-1>		"gravē"@prg	
"g'òɽɔ"@bfz	<http://ids.clld.org/values/3-410-704-1>		<http://ids.clld.org/parameters/3-410>		<http://ids.clld.org/values/3-410-198-3>		"paustākaikan"@prg	
"g'òɽɔ"@bfz	<http://ids.clld.org/values/3-410-704-1>		<http://ids.clld.org/parameters/3-410>		<http://ids.clld.org/values/3-410-198-1>		"aidenīkis"@prg	
"kindi"@bfz	<http://ids.clld.org/values/17-660-704-7>		<http://ids.clld.org/parameters/17-660>		<http://ids.clld.org/values/17-660-198-1>		"kvei"@prg	
"dad:ɪ"@bfz	<http://ids.clld.org/values/2-470-704-1>		<http://ids.clld.org/parameters/2-470>		<http://ids.clld.org/values/2-470-198-1>		"anē"@prg	
"kɔdru"@bfz	<http://ids.clld.org/values/17-650-704-3>		<http://ids.clld.org/parameters/17-650>		<http://ids.clld.org/values/17-650-198-1>		"kadan"@prg	
"dzɔ:"@bfz	<http://ids.clld.org/values/8-440-704-1>		<http://ids.clld.org/parameters/8-440>		<http://ids.clld.org/values/8-440-198-1>		"māzis"@prg	
"ʃīk:h"@bfz	<http://ids.clld.org/values/5-610-704-1>		<http://ids.clld.org/parameters/5-610>		<http://ids.clld.org/values/5-610-198-1>		"mensā"@prg	
"zəmi:n"@bfz	<http://ids.clld.org/values/1-212-704-9>		<http://ids.clld.org/parameters/1-212>		<http://ids.clld.org/values/1-212-198-1>		"zemē"@prg	
"paŋkhɽu"@bfz	<http://ids.clld.org/values/3-581-704-3>		<http://ids.clld.org/parameters/3-581>		<http://ids.clld.org/values/3-581-198-1>		"pepelis ~ pipelkā"@prg	
"dzanu"@bfz	<http://ids.clld.org/values/4-360-704-3>		<http://ids.clld.org/parameters/4-360>		<http://ids.clld.org/values/4-360-198-1>		"klupstis"@prg	
"swā:r"@bfz	<http://ids.clld.org/values/14-630-704-1>		<http://ids.clld.org/parameters/14-630>		<http://ids.clld.org/values/14-630-198-1>		"panadēlē"@prg	
"logu"@bfz	<http://ids.clld.org/values/19-210-704-3>		<http://ids.clld.org/parameters/19-210>		<http://ids.clld.org/values/19-210-198-1>		"amzin"@prg	
"maʈe"@bfz	<http://ids.clld.org/values/9-730-704-3>		<http://ids.clld.org/parameters/9-730>		<http://ids.clld.org/values/9-730-198-1>		"laidis"@prg	
"tshā:r"@bfz	<http://ids.clld.org/values/1-840-704-1>		<http://ids.clld.org/parameters/1-840>		<http://ids.clld.org/values/1-840-198-1>		"pelanē"@prg	
"ra:ɳɖɪ"@bfz	<http://ids.clld.org/values/2-760-704-5>		<http://ids.clld.org/parameters/2-760>		<http://ids.clld.org/values/2-760-198-1>		"vidavā ~ viduvā"@prg	
"laɖu"@bfz	<http://ids.clld.org/values/1-841-704-1>		<http://ids.clld.org/parameters/1-841>		<http://ids.clld.org/values/1-841-198-1>		"zarī"@prg	
"g'ʊ`gtɪ"@bfz	<http://ids.clld.org/values/3-594-704-3>		<http://ids.clld.org/parameters/3-594>		<http://ids.clld.org/values/3-594-198-1>		"pālis"@prg	
"g'ā:"@bfz	<http://ids.clld.org/values/8-510-704-3>		<http://ids.clld.org/parameters/8-510>		<http://ids.clld.org/values/8-510-198-1>		"zālis"@prg	
"ʈa:ɳʈ"@bfz	<http://ids.clld.org/values/4-202-704-1>		<http://ids.clld.org/parameters/4-202>		<http://ids.clld.org/values/4-202-198-1>		"kerpetis"@prg	
"khɔ:ɽ"@bfz	<http://ids.clld.org/values/8-520-704-1>		<http://ids.clld.org/parameters/8-520>		<http://ids.clld.org/values/8-520-198-1>		"kraiss"@prg	
"dusɽu"@bfz	<http://ids.clld.org/values/1-520-704-1>		<http://ids.clld.org/parameters/1-520>		<http://ids.clld.org/values/1-520-198-1>		"saulē"@prg	
"ʃāŋge"@bfz	<http://ids.clld.org/values/4-290-704-5>		<http://ids.clld.org/parameters/4-290>		<http://ids.clld.org/values/4-290-198-1>		"gurklē"@prg	
"tshelo"@bfz	<http://ids.clld.org/values/3-380-704-1>		<http://ids.clld.org/parameters/3-380>		<http://ids.clld.org/values/3-380-198-1>		"(v)āzist'an"@prg	
"kɔdu"@bfz	<http://ids.clld.org/values/17-650-704-1>		<http://ids.clld.org/parameters/17-650>		<http://ids.clld.org/values/17-650-198-1>		"kadan"@prg	
"mɔnɽu"@bfz	<http://ids.clld.org/values/17-110-704-1>		<http://ids.clld.org/parameters/17-110>		<http://ids.clld.org/values/17-110-198-1>		"isprasnā"@prg	
"rōʃ"@bfz	<http://ids.clld.org/values/16-420-704-3>		<http://ids.clld.org/parameters/16-420>		<http://ids.clld.org/values/16-420-198-1>		"nerteis"@prg	
"d'ìzɳõ"@bfz	<http://ids.clld.org/values/17-150-704-1>		<http://ids.clld.org/parameters/17-150>		<http://ids.clld.org/values/17-150-198-1>		"druvēt"@prg	
"lɔmbɽe"@bfz	<http://ids.clld.org/values/3-740-704-1>		<http://ids.clld.org/parameters/3-740>		<http://ids.clld.org/values/3-740-198-1>		"lapē"@prg	
"tsɔndər"@bfz	<http://ids.clld.org/values/1-530-704-5>		<http://ids.clld.org/parameters/1-530>		<http://ids.clld.org/values/1-530-198-1>		"mēnikīs"@prg	
"mũ"@bfz	<http://ids.clld.org/values/2-910-704-3>		<http://ids.clld.org/parameters/2-910>		<http://ids.clld.org/values/2-910-198-1>		"as"@prg	
"ɔnt"@bfz	<http://ids.clld.org/values/14-260-704-3>		<http://ids.clld.org/parameters/14-260>		<http://ids.clld.org/values/14-260-198-1>		"vangan"@prg	
"bakrɔ"@bfz	<http://ids.clld.org/values/3-370-704-1>		<http://ids.clld.org/parameters/3-370>		<http://ids.clld.org/values/3-370-198-1>		"(v)āzuks"@prg	
"rɪk:h"@bfz	<http://ids.clld.org/values/3-730-704-1>		<http://ids.clld.org/parameters/3-730>		<http://ids.clld.org/values/3-730-198-1>		"klākīs"@prg	
"nɔ:grɪ"@bfz	<http://ids.clld.org/values/19-430-704-3>		<http://ids.clld.org/parameters/19-430>		<http://ids.clld.org/values/19-430-198-1>		"slūznikā"@prg	
"dēɪ"@bfz	<http://ids.clld.org/values/4-110-704-1>		<http://ids.clld.org/parameters/4-110>		<http://ids.clld.org/values/4-110-198-1>		"kérmens"@prg	
"muluk"@bfz	<http://ids.clld.org/values/19-110-704-1>		<http://ids.clld.org/parameters/19-110>		<http://ids.clld.org/values/19-110-198-1>		"zemē"@prg	
"phɔ̄:dz"@bfz	<http://ids.clld.org/values/20-150-704-1>		<http://ids.clld.org/parameters/20-150>		<http://ids.clld.org/values/20-150-198-1>		"karis"@prg	
"àɖ:"@bfz	<http://ids.clld.org/values/4-160-704-1>		<http://ids.clld.org/parameters/4-160>		<http://ids.clld.org/values/4-160-198-1>		"kaulan"@prg	
"dzɔ:th"@bfz	<http://ids.clld.org/values/1-530-704-7>		<http://ids.clld.org/parameters/1-530>		<http://ids.clld.org/values/1-530-198-1>		"mēnikīs"@prg	
"dz'ūkhɽɔ"@bfz	<http://ids.clld.org/values/1-430-704-1>		<http://ids.clld.org/parameters/1-430>		<http://ids.clld.org/values/1-430-198-1>		"malkā"@prg	
"gɛ:ɳ"@bfz	<http://ids.clld.org/values/1-510-704-1>		<http://ids.clld.org/parameters/1-510>		<http://ids.clld.org/values/1-510-198-1>		"dangus"@prg	
"ginɳõ"@bfz	<http://ids.clld.org/values/11-170-704-1>		<http://ids.clld.org/parameters/11-170>		<http://ids.clld.org/values/11-170-198-1>		"erlaikāt"@prg	
"līkhɳõ"@bfz	<http://ids.clld.org/values/18-510-704-1>		<http://ids.clld.org/parameters/18-510>		<http://ids.clld.org/values/18-510-198-1>		"peisātan"@prg	
"ɛb:ɛ"@bfz	<http://ids.clld.org/values/14-180-704-3>		<http://ids.clld.org/parameters/14-180>		<http://ids.clld.org/values/14-180-198-1>		"teinū"@prg	
"dzagərnõ"@bfz	<http://ids.clld.org/values/4-630-704-1>		<http://ids.clld.org/parameters/4-630>		<http://ids.clld.org/values/4-630-198-1>		"*atbaudint"@prg	
"kɔrzɔ"@bfz	<http://ids.clld.org/values/11-640-704-1>		<http://ids.clld.org/parameters/11-640>		<http://ids.clld.org/values/11-640-198-1>		"áušautins"@prg	
"gɔ̄ɳʈhɪ"@bfz	<http://ids.clld.org/values/4-340-704-3>		<http://ids.clld.org/parameters/4-340>		<http://ids.clld.org/values/4-340-198-1>		"pirstan"@prg	
"dzʊɽkɛ"@bfz	<http://ids.clld.org/values/6-120-704-1>		<http://ids.clld.org/parameters/6-120>		<http://ids.clld.org/values/6-120-198-1>		"rūkai"@prg	
"bubu"@bfz	<http://ids.clld.org/values/4-412-704-1>		<http://ids.clld.org/parameters/4-412>		<http://ids.clld.org/values/4-412-198-1>		"spenis"@prg	
"'ì:k"@bfz	<http://ids.clld.org/values/4-400-704-3>		<http://ids.clld.org/parameters/4-400>		<http://ids.clld.org/values/4-400-198-1>		"kraklan"@prg	
"dāɽ'ɪ"@bfz	<http://ids.clld.org/values/4-142-704-1>		<http://ids.clld.org/parameters/4-142>		<http://ids.clld.org/values/4-142-198-1>		"bārdus"@prg	
"kīk-həɳ"@bfz	<http://ids.clld.org/values/3-960-704-1>		<http://ids.clld.org/parameters/3-960>		<http://ids.clld.org/values/3-960-198-1>		"estureitā"@prg	
"ʃīkhʈɪ"@bfz	<http://ids.clld.org/values/5-610-704-3>		<http://ids.clld.org/parameters/5-610>		<http://ids.clld.org/values/5-610-198-1>		"mensā"@prg	
"bʊ̄ɖ:'ɔ"@bfz	<http://ids.clld.org/values/14-150-704-3>		<http://ids.clld.org/parameters/14-150>		<http://ids.clld.org/values/14-150-198-1>		"vār[a]s"@prg	
"khē:c"@bfz	<http://ids.clld.org/values/8-120-704-1>		<http://ids.clld.org/parameters/8-120>		<http://ids.clld.org/values/8-120-198-1>		"lauks"@prg	
"khāk:hu"@bfz	<http://ids.clld.org/values/4-208-704-1>		<http://ids.clld.org/parameters/4-208>		<http://ids.clld.org/values/4-208-198-1>		"laiknan"@prg	
"ʃɔ̄ k"@bfz	<http://ids.clld.org/values/17-430-704-1>		<http://ids.clld.org/parameters/17-430>		<http://ids.clld.org/values/17-430-198-1>		"dvigubāt"@prg	
"pətile"@bfz	<http://ids.clld.org/values/5-270-704-1>		<http://ids.clld.org/parameters/5-270>		<http://ids.clld.org/values/5-270-198-1>		"katils"@prg	
"ka:n"@bfz	<http://ids.clld.org/values/4-220-704-1>		<http://ids.clld.org/parameters/4-220>		<http://ids.clld.org/values/4-220-198-1>		"ausins"@prg	
"a:g"@bfz	<http://ids.clld.org/values/1-810-704-1>		<http://ids.clld.org/parameters/1-810>		<http://ids.clld.org/values/1-810-198-1>		"panā"@prg	
"sɔ̄za"@bfz	<http://ids.clld.org/values/21-370-704-1>		<http://ids.clld.org/parameters/21-370>		<http://ids.clld.org/values/21-370-198-1>		"súndan"@prg	
"ginɳõ"@bfz	<http://ids.clld.org/values/11-130-704-1>		<http://ids.clld.org/parameters/11-130>		<http://ids.clld.org/values/11-130-198-1>		"ímt"@prg	
"tue"@bfz	<http://ids.clld.org/values/2-950-704-1>		<http://ids.clld.org/parameters/2-950>		<http://ids.clld.org/values/2-950-198-1>		"yūs"@prg	
"motsɪ"@bfz	<http://ids.clld.org/values/6-540-704-1>		<http://ids.clld.org/parameters/6-540>		<http://ids.clld.org/values/6-540-198-1>		"s̆uvikis"@prg	
"kɪmblɪ"@bfz	<http://ids.clld.org/values/3-817-704-1>		<http://ids.clld.org/parameters/3-817>		<http://ids.clld.org/values/3-817-198-1>		"saugis"@prg	
"maẽ"@bfz	<http://ids.clld.org/values/2-260-704-5>		<http://ids.clld.org/parameters/2-260>		<http://ids.clld.org/values/2-260-198-1>		"mergā"@prg	
"kheɽnõ"@bfz	<http://ids.clld.org/values/18-410-704-1>		<http://ids.clld.org/parameters/18-410>		<http://ids.clld.org/values/18-410-198-1>		"vakētvei"@prg	
"khāɖ:u"@bfz	<http://ids.clld.org/values/3-260-704-1>		<http://ids.clld.org/parameters/3-260>		<http://ids.clld.org/values/3-260-198-1>		"avins"@prg	
"kaɭɔ"@bfz	<http://ids.clld.org/values/15-650-704-1>		<http://ids.clld.org/parameters/15-650>		<http://ids.clld.org/values/15-650-198-1>		"kirsnan"@prg	
"cɔɽno"@bfz	<http://ids.clld.org/values/10-510-704-1>		<http://ids.clld.org/parameters/10-510>		<http://ids.clld.org/values/10-510-198-1>		"begaite"@prg	
"peʈ:ɪ"@bfz	<http://ids.clld.org/values/6-570-704-1>		<http://ids.clld.org/parameters/6-570>		<http://ids.clld.org/values/6-570-198-1>		"savinzlē"@prg	
"baɭu"@bfz	<http://ids.clld.org/values/1-215-704-1>		<http://ids.clld.org/parameters/1-215>		<http://ids.clld.org/values/1-215-198-1>		"zigzdā"@prg	
"re:t"@bfz	<http://ids.clld.org/values/1-215-704-3>		<http://ids.clld.org/parameters/1-215>		<http://ids.clld.org/values/1-215-198-1>		"zigzdā"@prg	
"khāk:hulɔ"@bfz	<http://ids.clld.org/values/4-208-704-3>		<http://ids.clld.org/parameters/4-208>		<http://ids.clld.org/values/4-208-198-1>		"laiknan"@prg	
"as|ma:n"@bfz	<http://ids.clld.org/values/22-310-704-1>		<http://ids.clld.org/parameters/22-310>		<http://ids.clld.org/values/22-310-198-1>		"dangus"@prg	
"b'òbəɽ"@bfz	<http://ids.clld.org/values/4-240-704-7>		<http://ids.clld.org/parameters/4-240>		<http://ids.clld.org/values/4-240-198-1>		"austā"@prg	
"chaŋgʈu"@bfz	<http://ids.clld.org/values/2-270-704-3>		<http://ids.clld.org/parameters/2-270>		<http://ids.clld.org/values/2-270-198-1>		"malnīk[a]s"@prg	
