"sɛ̄ʊ̃ɳõ"@bfz	<http://ids.clld.org/values/6-350-704-1>		<http://ids.clld.org/parameters/6-350>		<http://ids.clld.org/values/6-350-174-1>		"šōka-dɨ"@mch	
"bɔɖɽɔ"@bfz	<http://ids.clld.org/values/12-550-704-1>		<http://ids.clld.org/parameters/12-550>		<http://ids.clld.org/values/12-550-174-1>		"nuwe"@mch	
"natsɳõ"@bfz	<http://ids.clld.org/values/10-440-704-1>		<http://ids.clld.org/parameters/10-440>		<http://ids.clld.org/values/10-440-174-1>		"-ənwa-"@mch	
"'òu"@bfz	<http://ids.clld.org/values/17-550-704-5>		<http://ids.clld.org/parameters/17-550>		<http://ids.clld.org/values/17-550-174-3>		"mmhm"@mch	
"'òu"@bfz	<http://ids.clld.org/values/17-550-704-5>		<http://ids.clld.org/parameters/17-550>		<http://ids.clld.org/values/17-550-174-1>		"ʔeee"@mch	
"tɛ̄rnõ"@bfz	<http://ids.clld.org/values/10-350-704-1>		<http://ids.clld.org/parameters/10-350>		<http://ids.clld.org/values/10-350-174-1>		"tɨwəʔhiyɨ"@mch	
"paɳkho"@bfz	<http://ids.clld.org/values/4-393-704-3>		<http://ids.clld.org/parameters/4-393>		<http://ids.clld.org/values/4-393-174-1>		"iʔhōʔtɨ"@mch	
"g'ìnɳõ"@bfz	<http://ids.clld.org/values/11-130-704-3>		<http://ids.clld.org/parameters/11-130>		<http://ids.clld.org/values/11-130-174-1>		"w-emhan-nə"@mch	
"bānd'"@bfz	<http://ids.clld.org/values/9-190-704-3>		<http://ids.clld.org/parameters/9-190>		<http://ids.clld.org/values/9-190-174-1>		"āʔto"@mch	
"sā:t"@bfz	<http://ids.clld.org/values/13-70-704-1>		<http://ids.clld.org/parameters/13-70>		<http://ids.clld.org/values/13-70-174-1>		"āʔkə amohaʔto"@mch	
"ʈɛ̄ɭnõ"@bfz	<http://ids.clld.org/values/18-130-704-1>		<http://ids.clld.org/parameters/18-130>		<http://ids.clld.org/values/18-130-174-1>		"kəʔtɨn-nə"@mch	
"pocʈu"@bfz	<http://ids.clld.org/values/2-480-704-1>		<http://ids.clld.org/parameters/2-480>		<http://ids.clld.org/values/2-480-174-1>		"hādɨ"@mch	
"ciuŋkhu"@bfz	<http://ids.clld.org/values/3-581-704-1>		<http://ids.clld.org/parameters/3-581>		<http://ids.clld.org/values/3-581-174-1>		"hawi"@mch	
"tsɔŋkɽo"@bfz	<http://ids.clld.org/values/4-120-704-5>		<http://ids.clld.org/parameters/4-120>		<http://ids.clld.org/values/4-120-174-1>		"hiʔhə"@mch	
"paŋgra"@bfz	<http://ids.clld.org/values/2-440-704-1>		<http://ids.clld.org/parameters/2-440>		<http://ids.clld.org/values/2-440-174-1>		"-nuwā-dɨ"@mch	
"dɔ̄ʃ"@bfz	<http://ids.clld.org/values/13-100-704-1>		<http://ids.clld.org/parameters/13-100>		<http://ids.clld.org/values/13-100-174-1>		"amohadə"@mch	
"bəʃēũ kɔrnõ"@bfz	<http://ids.clld.org/values/4-912-704-1>		<http://ids.clld.org/parameters/4-912>		<http://ids.clld.org/values/4-912-174-1>		"wə̄dētanə"@mch	
"ò"@bfz	<http://ids.clld.org/values/17-550-704-1>		<http://ids.clld.org/parameters/17-550>		<http://ids.clld.org/values/17-550-174-3>		"mmhm"@mch	
"ò"@bfz	<http://ids.clld.org/values/17-550-704-1>		<http://ids.clld.org/parameters/17-550>		<http://ids.clld.org/values/17-550-174-1>		"ʔeee"@mch	
"pak:ɔ"@bfz	<http://ids.clld.org/values/5-123-704-1>		<http://ids.clld.org/parameters/5-123>		<http://ids.clld.org/values/5-123-174-1>		"sēweyčato"@mch	
"tsa:n:ɔ"@bfz	<http://ids.clld.org/values/15-570-704-1>		<http://ids.clld.org/parameters/15-570>		<http://ids.clld.org/values/15-570-174-1>		"taʔwane"@mch	
"bɔ:"@bfz	<http://ids.clld.org/values/5-791-704-1>		<http://ids.clld.org/parameters/5-791>		<http://ids.clld.org/values/5-791-174-1>		"kātɨ"@mch	
"pāŋkhɽɔ"@bfz	<http://ids.clld.org/values/4-392-704-5>		<http://ids.clld.org/parameters/4-392>		<http://ids.clld.org/values/4-392-174-1>		"ahəʔsai"@mch	
"ʃəekhɛ̄uɳõ"@bfz	<http://ids.clld.org/values/17-250-704-1>		<http://ids.clld.org/parameters/17-250>		<http://ids.clld.org/values/17-250-174-1>		"-owānoma-"@mch	
"d'àg:ɔ"@bfz	<http://ids.clld.org/values/6-380-704-3>		<http://ids.clld.org/parameters/6-380>		<http://ids.clld.org/values/6-380-174-1>		"hakūdimɨʔtɨ"@mch	
"gāɳʈhɳõ"@bfz	<http://ids.clld.org/values/9-160-704-1>		<http://ids.clld.org/parameters/9-160>		<http://ids.clld.org/values/9-160-174-1>		"imɨdɨ"@mch	
"tsɔnd"@bfz	<http://ids.clld.org/values/1-530-704-3>		<http://ids.clld.org/parameters/1-530>		<http://ids.clld.org/values/1-530-174-1>		"nūnə"@mch	
"la:t"@bfz	<http://ids.clld.org/values/4-370-704-3>		<http://ids.clld.org/parameters/4-370>		<http://ids.clld.org/values/4-370-174-1>		"hūdu"@mch	
"dʊʃmən"@bfz	<http://ids.clld.org/values/19-520-704-1>		<http://ids.clld.org/parameters/19-520>		<http://ids.clld.org/values/19-520-174-1>		"tuʔde"@mch	
"dzaɳnõ"@bfz	<http://ids.clld.org/values/17-170-704-1>		<http://ids.clld.org/parameters/17-170>		<http://ids.clld.org/values/17-170-174-1>		"t-owanəkə t-ɨdɨ-dɨ"@mch	
"bɪ:dz"@bfz	<http://ids.clld.org/values/8-311-704-1>		<http://ids.clld.org/parameters/8-311>		<http://ids.clld.org/values/8-311-174-1>		"čə̄huʔhə"@mch	
"kəmzo:r"@bfz	<http://ids.clld.org/values/4-820-704-1>		<http://ids.clld.org/parameters/4-820>		<http://ids.clld.org/values/4-820-174-1>		"āʔkedēto"@mch	
"dzaɳu"@bfz	<http://ids.clld.org/values/4-360-704-1>		<http://ids.clld.org/parameters/4-360>		<http://ids.clld.org/values/4-360-174-1>		"ə̄ʔmu"@mch	
"sõrlo"@bfz	<http://ids.clld.org/values/15-770-704-1>		<http://ids.clld.org/parameters/15-770>		<http://ids.clld.org/values/15-770-174-1>		"tɨwansuʔde"@mch	
"pwa:ɽ"@bfz	<http://ids.clld.org/values/1-220-704-3>		<http://ids.clld.org/parameters/1-220>		<http://ids.clld.org/values/1-220-174-1>		"hɨ̄"@mch	
"dɛ:ɳõ"@bfz	<http://ids.clld.org/values/11-210-704-1>		<http://ids.clld.org/parameters/11-210>		<http://ids.clld.org/values/11-210-174-1>		"utūdu"@mch	
"'irəɳ"@bfz	<http://ids.clld.org/values/3-750-704-3>		<http://ids.clld.org/parameters/3-750>		<http://ids.clld.org/values/3-750-174-1>		"kawādi"@mch	
"ukeɭnõ"@bfz	<http://ids.clld.org/values/10-472-704-1>		<http://ids.clld.org/parameters/10-472>		<http://ids.clld.org/values/10-472-174-1>		"-annuʔku-"@mch	
"grauɳʈu"@bfz	<http://ids.clld.org/values/19-160-704-3>		<http://ids.clld.org/parameters/19-160>		<http://ids.clld.org/values/19-160-174-1>		"haʔta"@mch	
"ba:ɳ"@bfz	<http://ids.clld.org/values/20-250-704-3>		<http://ids.clld.org/parameters/20-250>		<http://ids.clld.org/values/20-250-174-1>		"šimāda"@mch	
"katsɔ"@bfz	<http://ids.clld.org/values/5-124-704-1>		<http://ids.clld.org/parameters/5-124>		<http://ids.clld.org/values/5-124-174-1>		"šēne"@mch	
"pāt:hər"@bfz	<http://ids.clld.org/values/1-440-704-1>		<http://ids.clld.org/parameters/1-440>		<http://ids.clld.org/values/1-440-174-1>		"təʔhu"@mch	
"dakhɳo"@bfz	<http://ids.clld.org/values/12-410-704-3>		<http://ids.clld.org/parameters/12-410>		<http://ids.clld.org/values/12-410-174-1>		"əmuʔdemhɨnɨ"@mch	
"ai"@bfz	<http://ids.clld.org/values/2-360-704-1>		<http://ids.clld.org/parameters/2-360>		<http://ids.clld.org/values/2-360-174-1>		"denɨ"@mch	
"b'ɔ̀rnõ"@bfz	<http://ids.clld.org/values/11-650-704-1>		<http://ids.clld.org/parameters/11-650>		<http://ids.clld.org/values/11-650-174-1>		"ehēma-dɨ"@mch	
"kagəz"@bfz	<http://ids.clld.org/values/18-560-704-1>		<http://ids.clld.org/parameters/18-560>		<http://ids.clld.org/values/18-560-174-1>		"[hahēda]"@mch	
"tsizəɭ"@bfz	<http://ids.clld.org/values/11-180-704-3>		<http://ids.clld.org/parameters/11-180>		<http://ids.clld.org/values/11-180-174-1>		"k-ɨnnɨdɨʔ-komo"@mch	
"bɪ"@bfz	<http://ids.clld.org/values/13-104-704-1>		<http://ids.clld.org/parameters/13-104>		<http://ids.clld.org/values/13-104-174-1>		"tōni ssoto"@mch	
"sɔ̄rəg"@bfz	<http://ids.clld.org/values/1-510-704-3>		<http://ids.clld.org/parameters/1-510>		<http://ids.clld.org/values/1-510-174-1>		"kahu"@mch	
"g'ɔ̀r:r"@bfz	<http://ids.clld.org/values/7-120-704-1>		<http://ids.clld.org/parameters/7-120>		<http://ids.clld.org/values/7-120-174-1>		"mmā"@mch	
"pundz'ʈa"@bfz	<http://ids.clld.org/values/4-180-704-3>		<http://ids.clld.org/parameters/4-180>		<http://ids.clld.org/values/4-180-174-1>		"dāʔkɨdɨ"@mch	
"pɔtɭo"@bfz	<http://ids.clld.org/values/12-650-704-1>		<http://ids.clld.org/parameters/12-650>		<http://ids.clld.org/values/12-650-174-1>		"sāʔtahe"@mch	
"ru:"@bfz	<http://ids.clld.org/values/16-110-704-1>		<http://ids.clld.org/parameters/16-110>		<http://ids.clld.org/values/16-110-174-1>		"dōʔta"@mch	
"khā:ɳ"@bfz	<http://ids.clld.org/values/5-120-704-1>		<http://ids.clld.org/parameters/5-120>		<http://ids.clld.org/values/5-120-174-1>		"mudūkuku"@mch	
"khɔ̄ɽ'nõ"@bfz	<http://ids.clld.org/values/10-210-704-1>		<http://ids.clld.org/parameters/10-210>		<http://ids.clld.org/values/10-210-174-1>		"w-ənuʔnə"@mch	
"cənalʈu"@bfz	<http://ids.clld.org/values/4-440-704-1>		<http://ids.clld.org/parameters/4-440>		<http://ids.clld.org/values/4-440-174-1>		"yēwanɨ"@mch	
"am:a"@bfz	<http://ids.clld.org/values/2-360-704-3>		<http://ids.clld.org/parameters/2-360>		<http://ids.clld.org/values/2-360-174-1>		"denɨ"@mch	
"āt:h"@bfz	<http://ids.clld.org/values/4-330-704-1>		<http://ids.clld.org/parameters/4-330>		<http://ids.clld.org/values/4-330-174-1>		"amō-dɨ"@mch	
"d'agɭu"@bfz	<http://ids.clld.org/values/6-740-704-7>		<http://ids.clld.org/parameters/6-740>		<http://ids.clld.org/values/6-740-174-1>		"ahəʔmɨy"@mch	
"muɔ"@bfz	<http://ids.clld.org/values/4-750-704-3>		<http://ids.clld.org/parameters/4-750>		<http://ids.clld.org/values/4-750-174-1>		"-əma-"@mch	
"maʈ:ɔ"@bfz	<http://ids.clld.org/values/1-212-704-1>		<http://ids.clld.org/parameters/1-212>		<http://ids.clld.org/values/1-212-174-1>		"nono"@mch	
"pa:c"@bfz	<http://ids.clld.org/values/8-560-704-3>		<http://ids.clld.org/parameters/8-560>		<http://ids.clld.org/values/8-560-174-1>		"yadɨ"@mch	
"pundz'ɽɪ"@bfz	<http://ids.clld.org/values/4-180-704-7>		<http://ids.clld.org/parameters/4-180>		<http://ids.clld.org/values/4-180-174-1>		"dāʔkɨdɨ"@mch	
"sɔda"@bfz	<http://ids.clld.org/values/14-310-704-1>		<http://ids.clld.org/parameters/14-310>		<http://ids.clld.org/values/14-310-174-1>		"wenēne"@mch	
"pā:"@bfz	<http://ids.clld.org/values/12-10-704-1>		<http://ids.clld.org/parameters/12-10>		<http://ids.clld.org/values/12-10-174-1>		"yə̄ʔhəhe"@mch	
"lɛ:ɳõ"@bfz	<http://ids.clld.org/values/10-620-704-1>		<http://ids.clld.org/parameters/10-620>		<http://ids.clld.org/values/10-620-174-1>		"-enehɨ"@mch	
"deu"@bfz	<http://ids.clld.org/values/22-120-704-1>		<http://ids.clld.org/parameters/22-120>		<http://ids.clld.org/values/22-120-174-1>		"wanādi"@mch	
"b'òdzən"@bfz	<http://ids.clld.org/values/5-410-704-3>		<http://ids.clld.org/parameters/5-410>		<http://ids.clld.org/values/5-410-174-1>		"əwainši"@mch	
"te:z"@bfz	<http://ids.clld.org/values/14-210-704-1>		<http://ids.clld.org/parameters/14-210>		<http://ids.clld.org/values/14-210-174-1>		"tamhə̄ʔne"@mch	
"bɔɭnõ"@bfz	<http://ids.clld.org/values/1-852-704-3>		<http://ids.clld.org/parameters/1-852>		<http://ids.clld.org/values/1-852-174-1>		"daʔtwa-dɨ"@mch	
"tshō"@bfz	<http://ids.clld.org/values/1-390-704-1>		<http://ids.clld.org/parameters/1-390>		<http://ids.clld.org/values/1-390-174-1>		"yedukadɨ"@mch	
"pɪn:e"@bfz	<http://ids.clld.org/values/5-970-704-1>		<http://ids.clld.org/parameters/5-970>		<http://ids.clld.org/values/5-970-174-1>		"iʔmoi"@mch	
"säŋgɽɔ"@bfz	<http://ids.clld.org/values/12-620-704-1>		<http://ids.clld.org/parameters/12-620>		<http://ids.clld.org/values/12-620-174-3>		"anwakɨme"@mch	
"säŋgɽɔ"@bfz	<http://ids.clld.org/values/12-620-704-1>		<http://ids.clld.org/parameters/12-620>		<http://ids.clld.org/values/12-620-174-1>		"danwadɨ"@mch	
"ɖaŋgrɔ"@bfz	<http://ids.clld.org/values/9-250-704-1>		<http://ids.clld.org/parameters/9-250>		<http://ids.clld.org/values/9-250-174-1>		"wɨ̄wɨ"@mch	
"bəɭauɳõ"@bfz	<http://ids.clld.org/values/1-860-704-1>		<http://ids.clld.org/parameters/1-860>		<http://ids.clld.org/values/1-860-174-1>		"-kemetə-"@mch	
"lōu"@bfz	<http://ids.clld.org/values/4-150-704-1>		<http://ids.clld.org/parameters/4-150>		<http://ids.clld.org/values/4-150-174-1>		"munu"@mch	
"gʊɳɪ"@bfz	<http://ids.clld.org/values/3-760-704-1>		<http://ids.clld.org/parameters/3-760>		<http://ids.clld.org/values/3-760-174-1>		"yadākadu"@mch	
"ra:c"@bfz	<http://ids.clld.org/values/14-420-704-1>		<http://ids.clld.org/parameters/14-420>		<http://ids.clld.org/values/14-420-174-1>		"čomomɨ̄dɨ"@mch	
"tsamɽɪ"@bfz	<http://ids.clld.org/values/4-120-704-1>		<http://ids.clld.org/parameters/4-120>		<http://ids.clld.org/values/4-120-174-1>		"hiʔhə"@mch	
"neɖia"@bfz	<http://ids.clld.org/values/12-430-704-3>		<http://ids.clld.org/parameters/12-430>		<http://ids.clld.org/values/12-430-174-1>		"amoinče-ʔda"@mch	
"khʊʈe"@bfz	<http://ids.clld.org/values/4-350-704-1>		<http://ids.clld.org/parameters/4-350>		<http://ids.clld.org/values/4-350-174-1>		"hētɨ"@mch	
"loʈɳõ"@bfz	<http://ids.clld.org/values/10-230-704-3>		<http://ids.clld.org/parameters/10-230>		<http://ids.clld.org/values/10-230-174-1>		"w-eduka-nə"@mch	
"sōʈhɳõ"@bfz	<http://ids.clld.org/values/17-130-704-1>		<http://ids.clld.org/parameters/17-130>		<http://ids.clld.org/values/17-130-174-1>		"tɨtahə-nə"@mch	
"khʊ̄ʃ:ɪ"@bfz	<http://ids.clld.org/values/16-230-704-3>		<http://ids.clld.org/parameters/16-230>		<http://ids.clld.org/values/16-230-174-1>		"takwanɲe"@mch	
"tsa:kər"@bfz	<http://ids.clld.org/values/9-230-704-1>		<http://ids.clld.org/parameters/9-230>		<http://ids.clld.org/values/9-230-174-1>		"kɨmɨʔkə"@mch	
"bɔrtsho"@bfz	<http://ids.clld.org/values/20-260-704-1>		<http://ids.clld.org/parameters/20-260>		<http://ids.clld.org/values/20-260-174-1>		"sukuhi"@mch	
"tarɔ"@bfz	<http://ids.clld.org/values/1-540-704-1>		<http://ids.clld.org/parameters/1-540>		<http://ids.clld.org/values/1-540-174-1>		"šidīčə"@mch	
"bʊi"@bfz	<http://ids.clld.org/values/2-522-704-1>		<http://ids.clld.org/parameters/2-522>		<http://ids.clld.org/values/2-522-174-1>		"waynɲeʔney"@mch	
"a:kh"@bfz	<http://ids.clld.org/values/4-210-704-3>		<http://ids.clld.org/parameters/4-210>		<http://ids.clld.org/values/4-210-174-1>		"ənu"@mch	
"din"@bfz	<http://ids.clld.org/values/14-410-704-1>		<http://ids.clld.org/parameters/14-410>		<http://ids.clld.org/values/14-410-174-1>		"anə̄to"@mch	
"ũ"@bfz	<http://ids.clld.org/values/2-910-704-1>		<http://ids.clld.org/parameters/2-910>		<http://ids.clld.org/values/2-910-174-1>		"ɨwɨ"@mch	
"dɛ:ɳõ"@bfz	<http://ids.clld.org/values/19-470-704-1>		<http://ids.clld.org/parameters/19-470>		<http://ids.clld.org/values/19-470-174-1>		"tɨdɨho-dɨ"@mch	
"māŋkhɔ"@bfz	<http://ids.clld.org/values/3-830-704-3>		<http://ids.clld.org/parameters/3-830>		<http://ids.clld.org/values/3-830-174-1>		"wedēsede"@mch	
"mātshɭɪ"@bfz	<http://ids.clld.org/values/3-650-704-1>		<http://ids.clld.org/parameters/3-650>		<http://ids.clld.org/values/3-650-174-1>		"nākukwāno"@mch	
"ma:s"@bfz	<http://ids.clld.org/values/4-130-704-3>		<http://ids.clld.org/parameters/4-130>		<http://ids.clld.org/values/4-130-174-1>		"hyunu"@mch	
"dzaŋgəl"@bfz	<http://ids.clld.org/values/1-410-704-1>		<http://ids.clld.org/parameters/1-410>		<http://ids.clld.org/values/1-410-174-1>		"čūta"@mch	
"aɳɖko"@bfz	<http://ids.clld.org/values/5-260-704-1>		<http://ids.clld.org/parameters/5-260>		<http://ids.clld.org/values/5-260-174-1>		"ədinɲə"@mch	
"bagur"@bfz	<http://ids.clld.org/values/1-720-704-3>		<http://ids.clld.org/parameters/1-720>		<http://ids.clld.org/values/1-720-174-1>		"hehēnčə"@mch	
"tʊmʈɪ"@bfz	<http://ids.clld.org/values/8-930-704-1>		<http://ids.clld.org/parameters/8-930>		<http://ids.clld.org/values/8-930-174-1>		"kankudu"@mch	
"pa:ndz"@bfz	<http://ids.clld.org/values/13-50-704-1>		<http://ids.clld.org/parameters/13-50>		<http://ids.clld.org/values/13-50-174-1>		"hyātodea"@mch	
"ɔ̀knɔ b'ài"@bfz	<http://ids.clld.org/values/2-445-704-1>		<http://ids.clld.org/parameters/2-445>		<http://ids.clld.org/values/2-445-174-1>		"šīʔčɨ"@mch	
"tshɔ̄"@bfz	<http://ids.clld.org/values/13-60-704-1>		<http://ids.clld.org/parameters/13-60>		<http://ids.clld.org/values/13-60-174-1>		"tōni amohaʔto"@mch	
"chaŋgʈe"@bfz	<http://ids.clld.org/values/2-270-704-1>		<http://ids.clld.org/parameters/2-270>		<http://ids.clld.org/values/2-270-174-1>		"nnedɨ"@mch	
"nīʃʈɔ"@bfz	<http://ids.clld.org/values/12-320-704-1>		<http://ids.clld.org/parameters/12-320>		<http://ids.clld.org/values/12-320-174-1>		"nonohoʔčə"@mch	
"sūɔ"@bfz	<http://ids.clld.org/values/6-360-704-3>		<http://ids.clld.org/parameters/6-360>		<http://ids.clld.org/values/6-360-174-1>		"makūsa"@mch	
"cɔ:n"@bfz	<http://ids.clld.org/values/13-30-704-1>		<http://ids.clld.org/parameters/13-30>		<http://ids.clld.org/values/13-30-174-1>		"aduwawə"@mch	
"dui"@bfz	<http://ids.clld.org/values/13-20-704-1>		<http://ids.clld.org/parameters/13-20>		<http://ids.clld.org/values/13-20-174-1>		"āʔkə"@mch	
"nɛ:ɳ"@bfz	<http://ids.clld.org/values/4-210-704-7>		<http://ids.clld.org/parameters/4-210>		<http://ids.clld.org/values/4-210-174-1>		"ənu"@mch	
"tsirnõ"@bfz	<http://ids.clld.org/values/9-280-704-3>		<http://ids.clld.org/parameters/9-280>		<http://ids.clld.org/values/9-280-174-1>		"-iši-"@mch	
"cakɳõ"@bfz	<http://ids.clld.org/values/4-580-704-1>		<http://ids.clld.org/parameters/4-580>		<http://ids.clld.org/values/4-580-174-1>		"ēkādɨ"@mch	
"|mɔr|tsuŋg"@bfz	<http://ids.clld.org/values/3-586-704-3>		<http://ids.clld.org/parameters/3-586>		<http://ids.clld.org/values/3-586-174-1>		"kudūmu"@mch	
"paulo"@bfz	<http://ids.clld.org/values/8-560-704-1>		<http://ids.clld.org/parameters/8-560>		<http://ids.clld.org/values/8-560-174-1>		"yadɨ"@mch	
"ʃɔ̄"@bfz	<http://ids.clld.org/values/13-105-704-1>		<http://ids.clld.org/parameters/13-105>		<http://ids.clld.org/values/13-105-174-1>		"hyātodea ssoto"@mch	
"bɔ̄rʃ"@bfz	<http://ids.clld.org/values/14-730-704-1>		<http://ids.clld.org/parameters/14-730>		<http://ids.clld.org/values/14-730-174-1>		"wedɨ"@mch	
"tsa:r"@bfz	<http://ids.clld.org/values/13-40-704-1>		<http://ids.clld.org/parameters/13-40>		<http://ids.clld.org/values/13-40-174-1>		"āʔkəiʔčea"@mch	
"prɛ̄ʃ:ɔ"@bfz	<http://ids.clld.org/values/1-610-704-1>		<http://ids.clld.org/parameters/1-610>		<http://ids.clld.org/values/1-610-174-1>		"šī"@mch	
"a:r"@bfz	<http://ids.clld.org/values/19-510-704-1>		<http://ids.clld.org/parameters/19-510>		<http://ids.clld.org/values/19-510-174-1>		"weičakōno"@mch	
"kal:ɛ"@bfz	<http://ids.clld.org/values/14-480-704-3>		<http://ids.clld.org/parameters/14-480>		<http://ids.clld.org/values/14-480-174-1>		"henamma"@mch	
"cito"@bfz	<http://ids.clld.org/values/15-640-704-1>		<http://ids.clld.org/parameters/15-640>		<http://ids.clld.org/values/15-640-174-1>		"təʔkeʔne"@mch	
"ʃūk:hɔ"@bfz	<http://ids.clld.org/values/15-840-704-1>		<http://ids.clld.org/parameters/15-840>		<http://ids.clld.org/values/15-840-174-1>		"ssedēhe"@mch	
"kēc:hɛ"@bfz	<http://ids.clld.org/values/17-660-704-1>		<http://ids.clld.org/parameters/17-660>		<http://ids.clld.org/values/17-660-174-1>		"ə̄iša"@mch	
"na:n"@bfz	<http://ids.clld.org/values/2-460-704-3>		<http://ids.clld.org/parameters/2-460>		<http://ids.clld.org/values/2-460-174-1>		"kōko"@mch	
"ɟa:t"@bfz	<http://ids.clld.org/values/4-240-704-3>		<http://ids.clld.org/parameters/4-240>		<http://ids.clld.org/values/4-240-174-1>		"ənta"@mch	
"khul:ɔ"@bfz	<http://ids.clld.org/values/12-610-704-1>		<http://ids.clld.org/parameters/12-610>		<http://ids.clld.org/values/12-610-174-1>		"taʔhuhūne"@mch	
"sūrədz"@bfz	<http://ids.clld.org/values/1-520-704-3>		<http://ids.clld.org/parameters/1-520>		<http://ids.clld.org/values/1-520-174-1>		"šī"@mch	
"me:z"@bfz	<http://ids.clld.org/values/7-440-704-1>		<http://ids.clld.org/parameters/7-440>		<http://ids.clld.org/values/7-440-174-1>		"[mesa]i"@mch	
"sā:p"@bfz	<http://ids.clld.org/values/3-850-704-1>		<http://ids.clld.org/parameters/3-850>		<http://ids.clld.org/values/3-850-174-1>		"əkə̄yu"@mch	
"àɳɖɳõ"@bfz	<http://ids.clld.org/values/10-450-704-1>		<http://ids.clld.org/parameters/10-450>		<http://ids.clld.org/values/10-450-174-1>		"w-ōhoyma-nə"@mch	
"kɪɽɔ"@bfz	<http://ids.clld.org/values/3-840-704-1>		<http://ids.clld.org/parameters/3-840>		<http://ids.clld.org/values/3-840-174-1>		"motto"@mch	
"'ùndi"@bfz	<http://ids.clld.org/values/12-30-704-1>		<http://ids.clld.org/parameters/12-30>		<http://ids.clld.org/values/12-30-174-1>		"doʔnə"@mch	
"tshābɽɪ"@bfz	<http://ids.clld.org/values/9-760-704-3>		<http://ids.clld.org/parameters/9-760>		<http://ids.clld.org/values/9-760-174-1>		"wɨ̄wa"@mch	
"mukɳõ"@bfz	<http://ids.clld.org/values/14-270-704-1>		<http://ids.clld.org/parameters/14-270>		<http://ids.clld.org/values/14-270-174-1>		"w-əʔka-nə"@mch	
"kakre"@bfz	<http://ids.clld.org/values/4-460-704-1>		<http://ids.clld.org/parameters/4-460>		<http://ids.clld.org/values/4-460-174-1>		"dudūnoi"@mch	
"mərɛre"@bfz	<http://ids.clld.org/values/3-585-704-1>		<http://ids.clld.org/parameters/3-585>		<http://ids.clld.org/values/3-585-174-1>		"hiyāna"@mch	
"b'ɔ`nru"@bfz	<http://ids.clld.org/values/3-820-704-1>		<http://ids.clld.org/parameters/3-820>		<http://ids.clld.org/values/3-820-174-1>		"wannə"@mch	
"pɪ:ɳõ"@bfz	<http://ids.clld.org/values/5-130-704-1>		<http://ids.clld.org/parameters/5-130>		<http://ids.clld.org/values/5-130-174-1>		"enku"@mch	
"kʊ:ɳ"@bfz	<http://ids.clld.org/values/17-680-704-3>		<http://ids.clld.org/parameters/17-680>		<http://ids.clld.org/values/17-680-174-1>		"ənə̄kɨ"@mch	
"bagɳɔ"@bfz	<http://ids.clld.org/values/4-350-704-5>		<http://ids.clld.org/parameters/4-350>		<http://ids.clld.org/values/4-350-174-1>		"hētɨ"@mch	
"dz'àŋgɳõ"@bfz	<http://ids.clld.org/values/4-760-704-1>		<http://ids.clld.org/parameters/4-760>		<http://ids.clld.org/values/4-760-174-1>		"aminɲaʔkadɨ"@mch	
"gugte"@bfz	<http://ids.clld.org/values/3-594-704-1>		<http://ids.clld.org/parameters/3-594>		<http://ids.clld.org/values/3-594-174-1>		"hadūma"@mch	
"kaʈɳõ"@bfz	<http://ids.clld.org/values/9-221-704-1>		<http://ids.clld.org/parameters/9-221>		<http://ids.clld.org/values/9-221-174-1>		"čūhiya-dɨ"@mch	
"kaʈɳõ"@bfz	<http://ids.clld.org/values/9-221-704-1>		<http://ids.clld.org/parameters/9-221>		<http://ids.clld.org/values/9-221-174-3>		"yaʔka-dɨ"@mch	
"kɔ:ɳ"@bfz	<http://ids.clld.org/values/17-680-704-1>		<http://ids.clld.org/parameters/17-680>		<http://ids.clld.org/values/17-680-174-1>		"ənə̄kɨ"@mch	
"gəlindo"@bfz	<http://ids.clld.org/values/16-720-704-3>		<http://ids.clld.org/parameters/16-720>		<http://ids.clld.org/values/16-720-174-1>		"kənemhɨnɨ"@mch	
"mandzɳa"@bfz	<http://ids.clld.org/values/7-270-704-3>		<http://ids.clld.org/parameters/7-270>		<http://ids.clld.org/values/7-270-174-1>		"həʔhudu"@mch	
"ga:ɳõ"@bfz	<http://ids.clld.org/values/18-120-704-1>		<http://ids.clld.org/parameters/18-120>		<http://ids.clld.org/values/18-120-174-1>		"we[kantā]ʔɲənə"@mch	
"ʈhɔlɖɪ"@bfz	<http://ids.clld.org/values/2-220-704-1>		<http://ids.clld.org/parameters/2-220>		<http://ids.clld.org/values/2-220-174-1>		"wodi"@mch	
"'ūnd'i"@bfz	<http://ids.clld.org/values/12-30-704-3>		<http://ids.clld.org/parameters/12-30>		<http://ids.clld.org/values/12-30-174-1>		"doʔnə"@mch	
"kʊ̄ʃ:ɪ"@bfz	<http://ids.clld.org/values/16-230-704-1>		<http://ids.clld.org/parameters/16-230>		<http://ids.clld.org/values/16-230-174-1>		"takwanɲe"@mch	
"pɛ:r"@bfz	<http://ids.clld.org/values/4-370-704-1>		<http://ids.clld.org/parameters/4-370>		<http://ids.clld.org/values/4-370-174-1>		"hūdu"@mch	
"tɔkɽo"@bfz	<http://ids.clld.org/values/4-830-704-1>		<http://ids.clld.org/parameters/4-830>		<http://ids.clld.org/values/4-830-174-1>		"tadəinɲe"@mch	
"lambɔ"@bfz	<http://ids.clld.org/values/12-570-704-3>		<http://ids.clld.org/parameters/12-570>		<http://ids.clld.org/values/12-570-174-1>		"nuwe"@mch	
"piũɭɔ"@bfz	<http://ids.clld.org/values/15-690-704-1>		<http://ids.clld.org/parameters/15-690>		<http://ids.clld.org/values/15-690-174-1>		"kɨnota"@mch	
"ʈokrɔ"@bfz	<http://ids.clld.org/values/9-760-704-5>		<http://ids.clld.org/parameters/9-760>		<http://ids.clld.org/values/9-760-174-1>		"wɨ̄wa"@mch	
"na:k"@bfz	<http://ids.clld.org/values/4-230-704-1>		<http://ids.clld.org/parameters/4-230>		<http://ids.clld.org/values/4-230-174-1>		"ənna"@mch	
"d'ɔ̀:ɳ"@bfz	<http://ids.clld.org/values/20-240-704-1>		<http://ids.clld.org/parameters/20-240>		<http://ids.clld.org/values/20-240-174-1>		"šimāda ehɨ̄dɨ"@mch	
"ba:ɭ"@bfz	<http://ids.clld.org/values/4-140-704-1>		<http://ids.clld.org/parameters/4-140>		<http://ids.clld.org/values/4-140-174-1>		"hū"@mch	
"dza:ɳõ"@bfz	<http://ids.clld.org/values/4-720-704-1>		<http://ids.clld.org/parameters/4-720>		<http://ids.clld.org/values/4-720-174-1>		"w-ennu-nə"@mch	
"graũ"@bfz	<http://ids.clld.org/values/19-160-704-1>		<http://ids.clld.org/parameters/19-160>		<http://ids.clld.org/values/19-160-174-1>		"haʔta"@mch	
"ʃɔ̄:rɔ"@bfz	<http://ids.clld.org/values/2-610-704-3>		<http://ids.clld.org/parameters/2-610>		<http://ids.clld.org/values/2-610-174-1>		"wōdɨ̄mə"@mch	
"lʊ:ɳ"@bfz	<http://ids.clld.org/values/5-810-704-1>		<http://ids.clld.org/parameters/5-810>		<http://ids.clld.org/values/5-810-174-1>		"[sayu]"@mch	
"paɳɪ"@bfz	<http://ids.clld.org/values/1-750-704-1>		<http://ids.clld.org/parameters/1-750>		<http://ids.clld.org/values/1-750-174-1>		"konōho"@mch	
"dzaɳnõ"@bfz	<http://ids.clld.org/values/17-150-704-3>		<http://ids.clld.org/parameters/17-150>		<http://ids.clld.org/values/17-150-174-1>		"-ekanɨhɨ-dɨ"@mch	
"āʈ:hiɔ"@bfz	<http://ids.clld.org/values/13-80-704-1>		<http://ids.clld.org/parameters/13-80>		<http://ids.clld.org/values/13-80-174-1>		"aduwawə amohaʔto"@mch	
"kɛrɪ"@bfz	<http://ids.clld.org/values/4-280-704-3>		<http://ids.clld.org/parameters/4-280>		<http://ids.clld.org/values/4-280-174-1>		"hɨ̄mɨ"@mch	
"dzwaĩ"@bfz	<http://ids.clld.org/values/2-630-704-1>		<http://ids.clld.org/parameters/2-630>		<http://ids.clld.org/values/2-630-174-1>		"-hannɨ-dɨ"@mch	
"bɔ:to"@bfz	<http://ids.clld.org/values/13-150-704-1>		<http://ids.clld.org/parameters/13-150>		<http://ids.clld.org/values/13-150-174-1>		"hōhe"@mch	
"'āsɳõ"@bfz	<http://ids.clld.org/values/16-250-704-1>		<http://ids.clld.org/parameters/16-250>		<http://ids.clld.org/values/16-250-174-1>		"waʔsenɲo"@mch	
"da:nd"@bfz	<http://ids.clld.org/values/4-270-704-1>		<http://ids.clld.org/parameters/4-270>		<http://ids.clld.org/values/4-270-174-1>		"dedɨ"@mch	
"khəra:b"@bfz	<http://ids.clld.org/values/16-720-704-1>		<http://ids.clld.org/parameters/16-720>		<http://ids.clld.org/values/16-720-174-1>		"kənemhɨnɨ"@mch	
"nɔ:"@bfz	<http://ids.clld.org/values/13-90-704-1>		<http://ids.clld.org/parameters/13-90>		<http://ids.clld.org/values/13-90-174-1>		"āʔkəi čea amohaʔto"@mch	
"ʃākɽa"@bfz	<http://ids.clld.org/values/1-440-704-5>		<http://ids.clld.org/parameters/1-440>		<http://ids.clld.org/values/1-440-174-1>		"təʔhu"@mch	
"dzao"@bfz	<http://ids.clld.org/values/2-410-704-1>		<http://ids.clld.org/parameters/2-410>		<http://ids.clld.org/values/2-410-174-1>		"nnedɨ"@mch	
"pɛ̄:lɔ"@bfz	<http://ids.clld.org/values/13-340-704-1>		<http://ids.clld.org/parameters/13-340>		<http://ids.clld.org/values/13-340-174-1>		"awaʔde"@mch	
"bɛrɪ"@bfz	<http://ids.clld.org/values/19-520-704-3>		<http://ids.clld.org/parameters/19-520>		<http://ids.clld.org/values/19-520-174-1>		"tuʔde"@mch	
"nɔu"@bfz	<http://ids.clld.org/values/13-90-704-3>		<http://ids.clld.org/parameters/13-90>		<http://ids.clld.org/values/13-90-174-1>		"āʔkəi čea amohaʔto"@mch	
"dant"@bfz	<http://ids.clld.org/values/4-270-704-3>		<http://ids.clld.org/parameters/4-270>		<http://ids.clld.org/values/4-270-174-1>		"dedɨ"@mch	
"mū:n"@bfz	<http://ids.clld.org/values/4-204-704-1>		<http://ids.clld.org/parameters/4-204>		<http://ids.clld.org/values/4-204-174-1>		"heʔ-dɨ"@mch	
"ìɔ`"@bfz	<http://ids.clld.org/values/4-400-704-1>		<http://ids.clld.org/parameters/4-400>		<http://ids.clld.org/values/4-400-174-1>		"dōʔta"@mch	
"tsagɳõ"@bfz	<http://ids.clld.org/values/10-610-704-3>		<http://ids.clld.org/parameters/10-610>		<http://ids.clld.org/values/10-610-174-1>		"-adə̄-"@mch	
"khɔ̄dzɳõ"@bfz	<http://ids.clld.org/values/15-550-704-1>		<http://ids.clld.org/parameters/15-550>		<http://ids.clld.org/values/15-550-174-1>		"eneho-dɨ"@mch	
"kil:ɛ"@bfz	<http://ids.clld.org/values/17-690-704-5>		<http://ids.clld.org/parameters/17-690>		<http://ids.clld.org/values/17-690-174-1>		"ākene yeihəkə"@mch	
"nɛɽu"@bfz	<http://ids.clld.org/values/12-430-704-1>		<http://ids.clld.org/parameters/12-430>		<http://ids.clld.org/values/12-430-174-1>		"amoinče-ʔda"@mch	
"sɔɽək"@bfz	<http://ids.clld.org/values/10-710-704-1>		<http://ids.clld.org/parameters/10-710>		<http://ids.clld.org/values/10-710-174-1>		"ə̄ma"@mch	
"ʃānd'ɳõ"@bfz	<http://ids.clld.org/values/4-910-704-1>		<http://ids.clld.org/parameters/4-910>		<http://ids.clld.org/values/4-910-174-1>		"tɨkinča"@mch	
"ka"@bfz	<http://ids.clld.org/values/17-640-704-1>		<http://ids.clld.org/parameters/17-640>		<http://ids.clld.org/values/17-640-174-1>		"ākene"@mch	
"āk:h"@bfz	<http://ids.clld.org/values/4-210-704-1>		<http://ids.clld.org/parameters/4-210>		<http://ids.clld.org/values/4-210-174-1>		"ənu"@mch	
"tsuŋgɳõ"@bfz	<http://ids.clld.org/values/10-610-704-5>		<http://ids.clld.org/parameters/10-610>		<http://ids.clld.org/values/10-610-174-1>		"-adə̄-"@mch	
"dz'òkʈɪ"@bfz	<http://ids.clld.org/values/1-880-704-1>		<http://ids.clld.org/parameters/1-880>		<http://ids.clld.org/values/1-880-174-1>		"-keme-dɨ"@mch	
"sutiɳo"@bfz	<http://ids.clld.org/values/4-610-704-1>		<http://ids.clld.org/parameters/4-610>		<http://ids.clld.org/values/4-610-174-1>		"w-ɨnɨʔ-nə"@mch	
"ʃēurɔ"@bfz	<http://ids.clld.org/values/2-610-704-1>		<http://ids.clld.org/parameters/2-610>		<http://ids.clld.org/values/2-610-174-1>		"wōdɨ̄mə"@mch	
"ma:"@bfz	<http://ids.clld.org/values/2-360-704-7>		<http://ids.clld.org/parameters/2-360>		<http://ids.clld.org/values/2-360-174-1>		"denɨ"@mch	
"tsho:ʈu"@bfz	<http://ids.clld.org/values/2-250-704-1>		<http://ids.clld.org/parameters/2-250>		<http://ids.clld.org/values/2-250-174-1>		"mudekə̄kə"@mch	
"ba:g"@bfz	<http://ids.clld.org/values/8-130-704-1>		<http://ids.clld.org/parameters/8-130>		<http://ids.clld.org/values/8-130-174-1>		"awdwāhə"@mch	
"mɪɭɳõ"@bfz	<http://ids.clld.org/values/19-650-704-1>		<http://ids.clld.org/parameters/19-650>		<http://ids.clld.org/values/19-650-174-1>		"edantə-dɨ"@mch	
"ɖo:r"@bfz	<http://ids.clld.org/values/9-190-704-1>		<http://ids.clld.org/parameters/9-190>		<http://ids.clld.org/values/9-190-174-1>		"āʔto"@mch	
"pɔʃā:c"@bfz	<http://ids.clld.org/values/22-350-704-1>		<http://ids.clld.org/parameters/22-350>		<http://ids.clld.org/values/22-350-174-1>		"kahūšawa"@mch	
"pɛɳɖɔ"@bfz	<http://ids.clld.org/values/10-720-704-3>		<http://ids.clld.org/parameters/10-720>		<http://ids.clld.org/values/10-720-174-1>		"ə̄ma"@mch	
"tshoʈe"@bfz	<http://ids.clld.org/values/2-260-704-1>		<http://ids.clld.org/parameters/2-260>		<http://ids.clld.org/values/2-260-174-1>		"wodi-ʔčə"@mch	
"kõɭo"@bfz	<http://ids.clld.org/values/15-750-704-1>		<http://ids.clld.org/parameters/15-750>		<http://ids.clld.org/values/15-750-174-1>		"tɨwansuʔde"@mch	
"ba:p"@bfz	<http://ids.clld.org/values/2-350-704-1>		<http://ids.clld.org/parameters/2-350>		<http://ids.clld.org/values/2-350-174-1>		"haha"@mch	
"ʃō:g"@bfz	<http://ids.clld.org/values/16-320-704-1>		<http://ids.clld.org/parameters/16-320>		<http://ids.clld.org/values/16-320-174-1>		"wentumhe"@mch	
"kɛ̄t:hɛ"@bfz	<http://ids.clld.org/values/17-660-704-3>		<http://ids.clld.org/parameters/17-660>		<http://ids.clld.org/values/17-660-174-1>		"ə̄iša"@mch	
"bɪ:kh"@bfz	<http://ids.clld.org/values/8-600-704-1>		<http://ids.clld.org/parameters/8-600>		<http://ids.clld.org/values/8-600-174-1>		"dē"@mch	
"dɔɽnõ"@bfz	<http://ids.clld.org/values/10-460-704-1>		<http://ids.clld.org/parameters/10-460>		<http://ids.clld.org/values/10-460-174-1>		"w-ekaʔtɨn-nə"@mch	
"brɪkʃ"@bfz	<http://ids.clld.org/values/8-600-704-5>		<http://ids.clld.org/parameters/8-600>		<http://ids.clld.org/values/8-600-174-1>		"dē"@mch	
"��ɽkɳɪ"@bfz	<http://ids.clld.org/values/4-320-704-3>		<http://ids.clld.org/parameters/4-320>		<http://ids.clld.org/values/4-320-174-1>		"ə̄ʔmu"@mch	
"d'ò:ɳõ"@bfz	<http://ids.clld.org/values/9-360-704-1>		<http://ids.clld.org/parameters/9-360>		<http://ids.clld.org/values/9-360-174-1>		"-ičoʔka-dɨ"@mch	
"pocʈɪ"@bfz	<http://ids.clld.org/values/2-490-704-1>		<http://ids.clld.org/parameters/2-490>		<http://ids.clld.org/values/2-490-174-1>		"hādɨ"@mch	
"tu"@bfz	<http://ids.clld.org/values/2-920-704-3>		<http://ids.clld.org/parameters/2-920>		<http://ids.clld.org/values/2-920-174-1>		"əmədə"@mch	
"mɪɳɖkɔ"@bfz	<http://ids.clld.org/values/3-950-704-1>		<http://ids.clld.org/parameters/3-950>		<http://ids.clld.org/values/3-950-174-1>		"kɨʔto"@mch	
"baɳɖɳõ"@bfz	<http://ids.clld.org/values/12-232-704-1>		<http://ids.clld.org/parameters/12-232>		<http://ids.clld.org/values/12-232-174-1>		"yātohətɨdɨ"@mch	
"pāŋkh"@bfz	<http://ids.clld.org/values/4-392-704-1>		<http://ids.clld.org/parameters/4-392>		<http://ids.clld.org/values/4-392-174-1>		"ahəʔsai"@mch	
"maʈo"@bfz	<http://ids.clld.org/values/1-212-704-3>		<http://ids.clld.org/parameters/1-212>		<http://ids.clld.org/values/1-212-174-1>		"nono"@mch	
"d'agɭo"@bfz	<http://ids.clld.org/values/6-740-704-5>		<http://ids.clld.org/parameters/6-740>		<http://ids.clld.org/values/6-740-174-1>		"ahəʔmɨy"@mch	
"phīr'i"@bfz	<http://ids.clld.org/values/14-350-704-3>		<http://ids.clld.org/parameters/14-350>		<http://ids.clld.org/values/14-350-174-1>		"dea"@mch	
"ɔɭnõ"@bfz	<http://ids.clld.org/values/10-230-704-1>		<http://ids.clld.org/parameters/10-230>		<http://ids.clld.org/values/10-230-174-1>		"w-eduka-nə"@mch	
"ʈʊkɳõ"@bfz	<http://ids.clld.org/values/5-110-704-1>		<http://ids.clld.org/parameters/5-110>		<http://ids.clld.org/values/5-110-174-1>		"wowašīnčənə"@mch	
"kɔduɔ"@bfz	<http://ids.clld.org/values/15-370-704-1>		<http://ids.clld.org/parameters/15-370>		<http://ids.clld.org/values/15-370-174-1>		"tutune"@mch	
"bāɳʈhən"@bfz	<http://ids.clld.org/values/16-810-704-3>		<http://ids.clld.org/parameters/16-810>		<http://ids.clld.org/values/16-810-174-1>		"inɲatahe"@mch	
"bāĩʃɔ"@bfz	<http://ids.clld.org/values/8-940-704-3>		<http://ids.clld.org/parameters/8-940>		<http://ids.clld.org/values/8-940-174-1>		"dahu"@mch	
"pūshɳõ"@bfz	<http://ids.clld.org/values/18-310-704-1>		<http://ids.clld.org/parameters/18-310>		<http://ids.clld.org/values/18-310-174-1>		"-ekammaho-"@mch	
"ʃīɽɔ"@bfz	<http://ids.clld.org/values/7-370-704-3>		<http://ids.clld.org/parameters/7-370>		<http://ids.clld.org/values/7-370-174-1>		"inɲahuʔtahə"@mch	
"bɛlre"@bfz	<http://ids.clld.org/values/8-470-704-3>		<http://ids.clld.org/parameters/8-470>		<http://ids.clld.org/values/8-470-174-1>		"ənɲa"@mch	
"bolɳõ"@bfz	<http://ids.clld.org/values/18-210-704-1>		<http://ids.clld.org/parameters/18-210>		<http://ids.clld.org/values/18-210-174-1>		"w-aʔdew-nə"@mch	
"dzaɭnõ"@bfz	<http://ids.clld.org/values/1-851-704-1>		<http://ids.clld.org/parameters/1-851>		<http://ids.clld.org/values/1-851-174-1>		"ukā-dɨ"@mch	
"mɪrg"@bfz	<http://ids.clld.org/values/3-750-704-1>		<http://ids.clld.org/parameters/3-750>		<http://ids.clld.org/values/3-750-174-1>		"kawādi"@mch	
"o:l"@bfz	<http://ids.clld.org/values/1-280-704-1>		<http://ids.clld.org/parameters/1-280>		<http://ids.clld.org/values/1-280-174-1>		"ewɨ̄tɨ"@mch	
"'òtsɽɔ"@bfz	<http://ids.clld.org/values/12-590-704-3>		<http://ids.clld.org/parameters/12-590>		<http://ids.clld.org/values/12-590-174-1>		"tawedato"@mch	
"khālʈɔ"@bfz	<http://ids.clld.org/values/4-120-704-3>		<http://ids.clld.org/parameters/4-120>		<http://ids.clld.org/values/4-120-174-1>		"hiʔhə"@mch	
"sɔ̄ŋgɪ"@bfz	<http://ids.clld.org/values/19-510-704-3>		<http://ids.clld.org/parameters/19-510>		<http://ids.clld.org/values/19-510-174-1>		"weičakōno"@mch	
"g'ero"@bfz	<http://ids.clld.org/values/7-150-704-3>		<http://ids.clld.org/parameters/7-150>		<http://ids.clld.org/values/7-150-174-1>		"hɨdōdo"@mch	
"pəkrɛñɟi"@bfz	<http://ids.clld.org/values/4-461-704-3>		<http://ids.clld.org/parameters/4-461>		<http://ids.clld.org/values/4-461-174-1>		"hyōtɨ"@mch	
"kan:'"@bfz	<http://ids.clld.org/values/4-300-704-1>		<http://ids.clld.org/parameters/4-300>		<http://ids.clld.org/values/4-300-174-1>		"nkawə"@mch	
"kənarɪ"@bfz	<http://ids.clld.org/values/12-353-704-1>		<http://ids.clld.org/parameters/12-353>		<http://ids.clld.org/values/12-353-174-1>		"čəʔhiyu"@mch	
"b'a:ʃ"@bfz	<http://ids.clld.org/values/18-240-704-3>		<http://ids.clld.org/parameters/18-240>		<http://ids.clld.org/values/18-240-174-1>		"āʔdewʔkwe"@mch	
"rɔstɔ"@bfz	<http://ids.clld.org/values/10-720-704-5>		<http://ids.clld.org/parameters/10-720>		<http://ids.clld.org/values/10-720-174-1>		"ə̄ma"@mch	
"dʊbɳõ"@bfz	<http://ids.clld.org/values/10-330-704-1>		<http://ids.clld.org/parameters/10-330>		<http://ids.clld.org/values/10-330-174-1>		"yehuʔkwai"@mch	
"kɔɳɖɪ"@bfz	<http://ids.clld.org/values/9-760-704-1>		<http://ids.clld.org/parameters/9-760>		<http://ids.clld.org/values/9-760-174-1>		"wɨ̄wa"@mch	
"utsʈɔ"@bfz	<http://ids.clld.org/values/12-310-704-1>		<http://ids.clld.org/parameters/12-310>		<http://ids.clld.org/values/12-310-174-1>		"kawə"@mch	
"badəɭ"@bfz	<http://ids.clld.org/values/1-730-704-1>		<http://ids.clld.org/parameters/1-730>		<http://ids.clld.org/values/1-730-174-1>		"kāʔdutu"@mch	
"ka:k"@bfz	<http://ids.clld.org/values/2-512-704-1>		<http://ids.clld.org/parameters/2-512>		<http://ids.clld.org/values/2-512-174-1>		"haha"@mch	
"sīʈɳõ"@bfz	<http://ids.clld.org/values/5-210-704-1>		<http://ids.clld.org/parameters/5-210>		<http://ids.clld.org/values/5-210-174-1>		"-aʔnə"@mch	
"kukhɽe"@bfz	<http://ids.clld.org/values/3-540-704-3>		<http://ids.clld.org/parameters/3-540>		<http://ids.clld.org/values/3-540-174-1>		"kudaymādu"@mch	
"pɔ:ɳ"@bfz	<http://ids.clld.org/values/1-720-704-1>		<http://ids.clld.org/parameters/1-720>		<http://ids.clld.org/values/1-720-174-1>		"hehēnčə"@mch	
"kila"@bfz	<http://ids.clld.org/values/17-690-704-1>		<http://ids.clld.org/parameters/17-690>		<http://ids.clld.org/values/17-690-174-1>		"ākene yeihəkə"@mch	
"ɔ̀rɔ"@bfz	<http://ids.clld.org/values/15-680-704-1>		<http://ids.clld.org/parameters/15-680>		<http://ids.clld.org/values/15-680-174-1>		"šēne"@mch	
"phūkərnõ"@bfz	<http://ids.clld.org/values/10-380-704-1>		<http://ids.clld.org/parameters/10-380>		<http://ids.clld.org/values/10-380-174-1>		"yaičumā-dɨ"@mch	
"beʈ:ɪ"@bfz	<http://ids.clld.org/values/2-260-704-3>		<http://ids.clld.org/parameters/2-260>		<http://ids.clld.org/values/2-260-174-1>		"wodi-ʔčə"@mch	
"kəɽā:"@bfz	<http://ids.clld.org/values/5-280-704-1>		<http://ids.clld.org/parameters/5-280>		<http://ids.clld.org/values/5-280-174-1>		"ʔtadī-yɨ"@mch	
"ʃu:kho"@bfz	<http://ids.clld.org/values/15-840-704-3>		<http://ids.clld.org/parameters/15-840>		<http://ids.clld.org/values/15-840-174-1>		"ssedēhe"@mch	
"ōʈ:h"@bfz	<http://ids.clld.org/values/4-250-704-1>		<http://ids.clld.org/parameters/4-250>		<http://ids.clld.org/values/4-250-174-1>		"ə̄ʔhi"@mch	
"ka:m"@bfz	<http://ids.clld.org/values/9-120-704-1>		<http://ids.clld.org/parameters/9-120>		<http://ids.clld.org/values/9-120-174-1>		"tadawāhu"@mch	
"ti:r"@bfz	<http://ids.clld.org/values/20-250-704-1>		<http://ids.clld.org/parameters/20-250>		<http://ids.clld.org/values/20-250-174-1>		"šimāda"@mch	
"baguɳɔ"@bfz	<http://ids.clld.org/values/4-350-704-3>		<http://ids.clld.org/parameters/4-350>		<http://ids.clld.org/values/4-350-174-1>		"hētɨ"@mch	
"nɔ̄ ʃ"@bfz	<http://ids.clld.org/values/4-345-704-1>		<http://ids.clld.org/parameters/4-345>		<http://ids.clld.org/values/4-345-174-1>		"əmmi"@mch	
"ʃīkhɳõ"@bfz	<http://ids.clld.org/values/17-240-704-1>		<http://ids.clld.org/parameters/17-240>		<http://ids.clld.org/values/17-240-174-1>		"-ōwanoma-"@mch	
"brɪk:h"@bfz	<http://ids.clld.org/values/8-600-704-3>		<http://ids.clld.org/parameters/8-600>		<http://ids.clld.org/values/8-600-174-1>		"dē"@mch	
"kha:b"@bfz	<http://ids.clld.org/values/4-240-704-1>		<http://ids.clld.org/parameters/4-240>		<http://ids.clld.org/values/4-240-174-1>		"ənta"@mch	
"ʈo:ʈ"@bfz	<http://ids.clld.org/values/4-240-704-5>		<http://ids.clld.org/parameters/4-240>		<http://ids.clld.org/values/4-240-174-1>		"ənta"@mch	
"tsa:nd"@bfz	<http://ids.clld.org/values/1-530-704-1>		<http://ids.clld.org/parameters/1-530>		<http://ids.clld.org/values/1-530-174-1>		"nūnə"@mch	
"pɔb:ət"@bfz	<http://ids.clld.org/values/1-220-704-1>		<http://ids.clld.org/parameters/1-220>		<http://ids.clld.org/values/1-220-174-1>		"hɨ̄"@mch	
"a:ɳõ"@bfz	<http://ids.clld.org/values/10-480-704-1>		<http://ids.clld.org/parameters/10-480>		<http://ids.clld.org/values/10-480-174-1>		"w-eʔ-nə"@mch	
"ɛbɛ"@bfz	<http://ids.clld.org/values/14-180-704-1>		<http://ids.clld.org/parameters/14-180>		<http://ids.clld.org/values/14-180-174-1>		"edūwa"@mch	
"b'ɔ̄ʃ"@bfz	<http://ids.clld.org/values/4-441-704-1>		<http://ids.clld.org/parameters/4-441>		<http://ids.clld.org/values/4-441-174-1>		"ʔtaway-dɨ"@mch	
"təbaku"@bfz	<http://ids.clld.org/values/8-680-704-1>		<http://ids.clld.org/parameters/8-680>		<http://ids.clld.org/values/8-680-174-1>		"kawai"@mch	
"pāe"@bfz	<http://ids.clld.org/values/12-11-704-3>		<http://ids.clld.org/parameters/12-11>		<http://ids.clld.org/values/12-11-174-1>		"mənse"@mch	
"nɛt:ɔ"@bfz	<http://ids.clld.org/values/15-850-704-1>		<http://ids.clld.org/parameters/15-850>		<http://ids.clld.org/values/15-850-174-1>		"taʔne"@mch	
"d'ũ`ɔ"@bfz	<http://ids.clld.org/values/1-830-704-1>		<http://ids.clld.org/parameters/1-830>		<http://ids.clld.org/values/1-830-174-1>		"widīnčə"@mch	
"mɔŋgɳo"@bfz	<http://ids.clld.org/values/18-350-704-3>		<http://ids.clld.org/parameters/18-350>		<http://ids.clld.org/values/18-350-174-1>		"eʔkatə-dɨ"@mch	
"bol:ɪ"@bfz	<http://ids.clld.org/values/18-240-704-1>		<http://ids.clld.org/parameters/18-240>		<http://ids.clld.org/values/18-240-174-1>		"āʔdewʔkwe"@mch	
"b'ì:t"@bfz	<http://ids.clld.org/values/7-270-704-1>		<http://ids.clld.org/parameters/7-270>		<http://ids.clld.org/values/7-270-174-1>		"həʔhudu"@mch	
"mūʃ:ɔ"@bfz	<http://ids.clld.org/values/3-630-704-1>		<http://ids.clld.org/parameters/3-630>		<http://ids.clld.org/values/3-630-174-1>		"asɨ̄kɨ"@mch	
"bɔʈhɳo"@bfz	<http://ids.clld.org/values/12-130-704-1>		<http://ids.clld.org/parameters/12-130>		<http://ids.clld.org/values/12-130-174-1>		"w-atahhimā-nə"@mch	
"ʃāp:əɽ"@bfz	<http://ids.clld.org/values/1-440-704-3>		<http://ids.clld.org/parameters/1-440>		<http://ids.clld.org/values/1-440-174-1>		"təʔhu"@mch	
"lagɳõ"@bfz	<http://ids.clld.org/values/14-250-704-1>		<http://ids.clld.org/parameters/14-250>		<http://ids.clld.org/values/14-250-174-1>		"ahəntədɨ"@mch	
"ūshʈɔ"@bfz	<http://ids.clld.org/values/12-310-704-3>		<http://ids.clld.org/parameters/12-310>		<http://ids.clld.org/values/12-310-174-1>		"kawə"@mch	
"dwawrʈu"@bfz	<http://ids.clld.org/values/7-220-704-3>		<http://ids.clld.org/parameters/7-220>		<http://ids.clld.org/values/7-220-174-1>		"mɨnātata"@mch	
"nɔ̄ʃ"@bfz	<http://ids.clld.org/values/4-344-704-1>		<http://ids.clld.org/parameters/4-344>		<http://ids.clld.org/values/4-344-174-1>		"əmmi"@mch	
"tsi:z"@bfz	<http://ids.clld.org/values/11-180-704-1>		<http://ids.clld.org/parameters/11-180>		<http://ids.clld.org/values/11-180-174-1>		"k-ɨnnɨdɨʔ-komo"@mch	
"ɔ̀ɭkɔ"@bfz	<http://ids.clld.org/values/15-820-704-1>		<http://ids.clld.org/parameters/15-820>		<http://ids.clld.org/values/15-820-174-1>		"tawāhe"@mch	
"paɳɪ"@bfz	<http://ids.clld.org/values/1-310-704-3>		<http://ids.clld.org/parameters/1-310>		<http://ids.clld.org/values/1-310-174-1>		"tuna"@mch	
"du:r"@bfz	<http://ids.clld.org/values/12-440-704-1>		<http://ids.clld.org/parameters/12-440>		<http://ids.clld.org/values/12-440-174-1>		"amoinče"@mch	
"phulɽu"@bfz	<http://ids.clld.org/values/8-570-704-1>		<http://ids.clld.org/parameters/8-570>		<http://ids.clld.org/values/8-570-174-1>		"čə̄hɨdɨ"@mch	
"sūŋgər"@bfz	<http://ids.clld.org/values/3-350-704-1>		<http://ids.clld.org/parameters/3-350>		<http://ids.clld.org/values/3-350-174-1>		"[kūši]"@mch	
"tsak:u"@bfz	<http://ids.clld.org/values/5-380-704-1>		<http://ids.clld.org/parameters/5-380>		<http://ids.clld.org/values/5-380-174-1>		"kɨmɨʔkə"@mch	
"sāt:"@bfz	<http://ids.clld.org/values/13-70-704-3>		<http://ids.clld.org/parameters/13-70>		<http://ids.clld.org/values/13-70-174-1>		"āʔkə amohaʔto"@mch	
"neɖie"@bfz	<http://ids.clld.org/values/12-430-704-5>		<http://ids.clld.org/parameters/12-430>		<http://ids.clld.org/values/12-430-174-1>		"amoinče-ʔda"@mch	
"iɟe"@bfz	<http://ids.clld.org/values/2-360-704-5>		<http://ids.clld.org/parameters/2-360>		<http://ids.clld.org/values/2-360-174-1>		"denɨ"@mch	
"ʃɪ:m'"@bfz	<http://ids.clld.org/values/4-232-704-3>		<http://ids.clld.org/parameters/4-232>		<http://ids.clld.org/values/4-232-174-1>		"ənuʔtə"@mch	
"sɛʈ:ɛ"@bfz	<http://ids.clld.org/values/12-20-704-3>		<http://ids.clld.org/parameters/12-20>		<http://ids.clld.org/values/12-20-174-1>		"dɨʔtə"@mch	
"ʈhāɳɖɔ"@bfz	<http://ids.clld.org/values/15-860-704-1>		<http://ids.clld.org/parameters/15-860>		<http://ids.clld.org/values/15-860-174-1>		"kəmme"@mch	
"dzīb:"@bfz	<http://ids.clld.org/values/4-260-704-1>		<http://ids.clld.org/parameters/4-260>		<http://ids.clld.org/values/4-260-174-1>		"ɲūdu"@mch	
"ɔn:"@bfz	<http://ids.clld.org/values/8-470-704-1>		<http://ids.clld.org/parameters/8-470>		<http://ids.clld.org/values/8-470-174-1>		"ənɲa"@mch	
"khoɽnōn"@bfz	<http://ids.clld.org/values/8-220-704-1>		<http://ids.clld.org/parameters/8-220>		<http://ids.clld.org/values/8-220-174-1>		"tɨʔkādɨ"@mch	
"rʊɪ"@bfz	<http://ids.clld.org/values/6-240-704-1>		<http://ids.clld.org/parameters/6-240>		<http://ids.clld.org/values/6-240-174-1>		"wadēkū"@mch	
"dēkhɳõ"@bfz	<http://ids.clld.org/values/15-510-704-1>		<http://ids.clld.org/parameters/15-510>		<http://ids.clld.org/values/15-510-174-1>		"ene-dɨ"@mch	
"bagə"@bfz	<http://ids.clld.org/values/1-720-704-5>		<http://ids.clld.org/parameters/1-720>		<http://ids.clld.org/values/1-720-174-1>		"hehēnčə"@mch	
"pəraɳɔ"@bfz	<http://ids.clld.org/values/14-150-704-1>		<http://ids.clld.org/parameters/14-150>		<http://ids.clld.org/values/14-150-174-1>		"henaʔdohə"@mch	
"khəridɳõ"@bfz	<http://ids.clld.org/values/11-810-704-1>		<http://ids.clld.org/parameters/11-810>		<http://ids.clld.org/values/11-810-174-1>		"ehēma-dɨ"@mch	
"bā:"@bfz	<http://ids.clld.org/values/4-310-704-1>		<http://ids.clld.org/parameters/4-310>		<http://ids.clld.org/values/4-310-174-1>		"aʔhə"@mch	
"bəraɭe"@bfz	<http://ids.clld.org/values/3-620-704-1>		<http://ids.clld.org/parameters/3-620>		<http://ids.clld.org/values/3-620-174-1>		"[mēši]"@mch	
"mās"@bfz	<http://ids.clld.org/values/4-130-704-1>		<http://ids.clld.org/parameters/4-130>		<http://ids.clld.org/values/4-130-174-1>		"hyunu"@mch	
"ʃāũɔ"@bfz	<http://ids.clld.org/values/15-670-704-1>		<http://ids.clld.org/parameters/15-670>		<http://ids.clld.org/values/15-670-174-1>		"šēne"@mch	
"maɪ"@bfz	<http://ids.clld.org/values/2-360-704-9>		<http://ids.clld.org/parameters/2-360>		<http://ids.clld.org/values/2-360-174-1>		"denɨ"@mch	
"māts:hɪ"@bfz	<http://ids.clld.org/values/3-650-704-3>		<http://ids.clld.org/parameters/3-650>		<http://ids.clld.org/values/3-650-174-1>		"nākukwāno"@mch	
"d'àk:ɔ"@bfz	<http://ids.clld.org/values/10-670-704-1>		<http://ids.clld.org/parameters/10-670>		<http://ids.clld.org/values/10-670-174-1>		"-adima-dɨ"@mch	
"ʈokru"@bfz	<http://ids.clld.org/values/9-760-704-7>		<http://ids.clld.org/parameters/9-760>		<http://ids.clld.org/values/9-760-174-1>		"wɨ̄wa"@mch	
"mʊ:ɳɖ"@bfz	<http://ids.clld.org/values/4-200-704-1>		<http://ids.clld.org/parameters/4-200>		<http://ids.clld.org/values/4-200-174-1>		"hūʔhə"@mch	
"èdzɳõ"@bfz	<http://ids.clld.org/values/9-370-704-1>		<http://ids.clld.org/parameters/9-370>		<http://ids.clld.org/values/9-370-174-1>		"šēmeka-dɨ"@mch	
"kuk:ər"@bfz	<http://ids.clld.org/values/3-610-704-1>		<http://ids.clld.org/parameters/3-610>		<http://ids.clld.org/values/3-610-174-1>		"sɨ̄ʔna"@mch	
"'ùb:i"@bfz	<http://ids.clld.org/values/12-80-704-1>		<http://ids.clld.org/parameters/12-80>		<http://ids.clld.org/values/12-80-174-1>		"kawə̄"@mch	
"pɔ̄:tsɳõ"@bfz	<http://ids.clld.org/values/10-550-704-1>		<http://ids.clld.org/parameters/10-550>		<http://ids.clld.org/values/10-550-174-1>		"w-əʔdɨ-nə"@mch	
"ta:nd"@bfz	<http://ids.clld.org/values/6-380-704-1>		<http://ids.clld.org/parameters/6-380>		<http://ids.clld.org/values/6-380-174-1>		"hakūdimɨʔtɨ"@mch	
"laʈu"@bfz	<http://ids.clld.org/values/7-450-704-3>		<http://ids.clld.org/parameters/7-450>		<http://ids.clld.org/values/7-450-174-1>		"adāwa"@mch	
"tsintsuo"@bfz	<http://ids.clld.org/values/7-450-704-1>		<http://ids.clld.org/parameters/7-450>		<http://ids.clld.org/values/7-450-174-1>		"adāwa"@mch	
"'òe"@bfz	<http://ids.clld.org/values/17-550-704-3>		<http://ids.clld.org/parameters/17-550>		<http://ids.clld.org/values/17-550-174-3>		"mmhm"@mch	
"'òe"@bfz	<http://ids.clld.org/values/17-550-704-3>		<http://ids.clld.org/parameters/17-550>		<http://ids.clld.org/values/17-550-174-1>		"ʔeee"@mch	
"tsakɳõ"@bfz	<http://ids.clld.org/values/10-610-704-1>		<http://ids.clld.org/parameters/10-610>		<http://ids.clld.org/values/10-610-174-1>		"-adə̄-"@mch	
"ba:t"@bfz	<http://ids.clld.org/values/10-720-704-7>		<http://ids.clld.org/parameters/10-720>		<http://ids.clld.org/values/10-720-174-1>		"ə̄ma"@mch	
"ɟ'ʊ̀ʈɳõ"@bfz	<http://ids.clld.org/values/8-690-704-1>		<http://ids.clld.org/parameters/8-690>		<http://ids.clld.org/values/8-690-174-1>		"-eima-"@mch	
"swā:"@bfz	<http://ids.clld.org/values/1-840-704-3>		<http://ids.clld.org/parameters/1-840>		<http://ids.clld.org/values/1-840-174-1>		"wedēnnə"@mch	
"ke:ro"@bfz	<http://ids.clld.org/values/17-610-704-1>		<http://ids.clld.org/parameters/17-610>		<http://ids.clld.org/values/17-610-174-1>		"ākene"@mch	
"a:dmi"@bfz	<http://ids.clld.org/values/2-210-704-1>		<http://ids.clld.org/parameters/2-210>		<http://ids.clld.org/values/2-210-174-1>		"danwa"@mch	
"pa:"@bfz	<http://ids.clld.org/values/12-10-704-3>		<http://ids.clld.org/parameters/12-10>		<http://ids.clld.org/values/12-10-174-1>		"yə̄ʔhəhe"@mch	
"sūlʈɔ"@bfz	<http://ids.clld.org/values/12-410-704-1>		<http://ids.clld.org/parameters/12-410>		<http://ids.clld.org/values/12-410-174-1>		"əmuʔdemhɨnɨ"@mch	
"a:ŋkh"@bfz	<http://ids.clld.org/values/4-210-704-5>		<http://ids.clld.org/parameters/4-210>		<http://ids.clld.org/values/4-210-174-1>		"ənu"@mch	
"pāntshɪ"@bfz	<http://ids.clld.org/values/3-581-704-5>		<http://ids.clld.org/parameters/3-581>		<http://ids.clld.org/values/3-581-174-1>		"hawi"@mch	
"bās:ɪɛ"@bfz	<http://ids.clld.org/values/12-10-704-5>		<http://ids.clld.org/parameters/12-10>		<http://ids.clld.org/values/12-10-174-1>		"yə̄ʔhəhe"@mch	
"rɔ̄ʃ:ɔ"@bfz	<http://ids.clld.org/values/9-190-704-5>		<http://ids.clld.org/parameters/9-190>		<http://ids.clld.org/values/9-190-174-1>		"āʔto"@mch	
"beʈku"@bfz	<http://ids.clld.org/values/2-410-704-3>		<http://ids.clld.org/parameters/2-410>		<http://ids.clld.org/values/2-410-174-1>		"nnedɨ"@mch	
"ba:ra"@bfz	<http://ids.clld.org/values/13-102-704-1>		<http://ids.clld.org/parameters/13-102>		<http://ids.clld.org/values/13-102-174-1>		"amohadəʔto dēwə āʔkə"@mch	
"ba:b"@bfz	<http://ids.clld.org/values/2-350-704-3>		<http://ids.clld.org/parameters/2-350>		<http://ids.clld.org/values/2-350-174-1>		"haha"@mch	
"pāŋkh"@bfz	<http://ids.clld.org/values/4-393-704-1>		<http://ids.clld.org/parameters/4-393>		<http://ids.clld.org/values/4-393-174-1>		"iʔhōʔtɨ"@mch	
"ɖalɳo"@bfz	<http://ids.clld.org/values/10-250-704-1>		<http://ids.clld.org/parameters/10-250>		<http://ids.clld.org/values/10-250-174-1>		"himā-dɨ"@mch	
"maʈ:e"@bfz	<http://ids.clld.org/values/1-212-704-7>		<http://ids.clld.org/parameters/1-212>		<http://ids.clld.org/values/1-212-174-1>		"nono"@mch	
"daɪ"@bfz	<http://ids.clld.org/values/2-454-704-3>		<http://ids.clld.org/parameters/2-454>		<http://ids.clld.org/values/2-454-174-1>		"yāya"@mch	
"ɔʈho"@bfz	<http://ids.clld.org/values/4-280-704-1>		<http://ids.clld.org/parameters/4-280>		<http://ids.clld.org/values/4-280-174-1>		"hɨ̄mɨ"@mch	
"'aɳɖku"@bfz	<http://ids.clld.org/values/5-260-704-3>		<http://ids.clld.org/parameters/5-260>		<http://ids.clld.org/values/5-260-174-1>		"ədinɲə"@mch	
"paŋkho"@bfz	<http://ids.clld.org/values/4-392-704-3>		<http://ids.clld.org/parameters/4-392>		<http://ids.clld.org/values/4-392-174-1>		"ahəʔsai"@mch	
"aɭu"@bfz	<http://ids.clld.org/values/5-700-704-1>		<http://ids.clld.org/parameters/5-700>		<http://ids.clld.org/values/5-700-174-1>		"šāku"@mch	
"ke:r"@bfz	<http://ids.clld.org/values/4-280-704-5>		<http://ids.clld.org/parameters/4-280>		<http://ids.clld.org/values/4-280-174-1>		"hɨ̄mɨ"@mch	
"ma:m"@bfz	<http://ids.clld.org/values/2-511-704-1>		<http://ids.clld.org/parameters/2-511>		<http://ids.clld.org/values/2-511-174-1>		"yawo"@mch	
"laŋgɽɔ"@bfz	<http://ids.clld.org/values/4-940-704-1>		<http://ids.clld.org/parameters/4-940>		<http://ids.clld.org/values/4-940-174-1>		"sekumhe"@mch	
"ɟiʃo"@bfz	<http://ids.clld.org/values/14-480-704-1>		<http://ids.clld.org/parameters/14-480>		<http://ids.clld.org/values/14-480-174-1>		"henamma"@mch	
"maŋgɳõ"@bfz	<http://ids.clld.org/values/18-350-704-1>		<http://ids.clld.org/parameters/18-350>		<http://ids.clld.org/values/18-350-174-1>		"eʔkatə-dɨ"@mch	
"thʊ̄ŋgɳõ"@bfz	<http://ids.clld.org/values/5-110-704-3>		<http://ids.clld.org/parameters/5-110>		<http://ids.clld.org/values/5-110-174-1>		"wowašīnčənə"@mch	
"kɔrnõ"@bfz	<http://ids.clld.org/values/9-110-704-1>		<http://ids.clld.org/parameters/9-110>		<http://ids.clld.org/values/9-110-174-1>		"tɨdɨ̄dɨ"@mch	
"lo:g"@bfz	<http://ids.clld.org/values/19-210-704-1>		<http://ids.clld.org/parameters/19-210>		<http://ids.clld.org/values/19-210-174-1>		"weiʔčɨ"@mch	
"pɪl:ɪ"@bfz	<http://ids.clld.org/values/4-352-704-1>		<http://ids.clld.org/parameters/4-352>		<http://ids.clld.org/values/4-352-174-1>		"hōde"@mch	
"batsa"@bfz	<http://ids.clld.org/values/18-110-704-1>		<http://ids.clld.org/parameters/18-110>		<http://ids.clld.org/values/18-110-174-1>		"kəʔtɨnnə"@mch	
"ɔɽkəɳ"@bfz	<http://ids.clld.org/values/4-320-704-1>		<http://ids.clld.org/parameters/4-320>		<http://ids.clld.org/values/4-320-174-1>		"ə̄ʔmu"@mch	
"kʊʃrɪ"@bfz	<http://ids.clld.org/values/7-430-704-1>		<http://ids.clld.org/parameters/7-430>		<http://ids.clld.org/values/7-430-174-1>		"āʔtəy"@mch	
"mɔrd"@bfz	<http://ids.clld.org/values/2-210-704-3>		<http://ids.clld.org/parameters/2-210>		<http://ids.clld.org/values/2-210-174-1>		"danwa"@mch	
"d'èɽnõ"@bfz	<http://ids.clld.org/values/9-280-704-1>		<http://ids.clld.org/parameters/9-280>		<http://ids.clld.org/values/9-280-174-1>		"-iši-"@mch	
"guɭuɔ"@bfz	<http://ids.clld.org/values/15-350-704-1>		<http://ids.clld.org/parameters/15-350>		<http://ids.clld.org/values/15-350-174-1>		"kādo"@mch	
"pɛ:ɳɖ"@bfz	<http://ids.clld.org/values/10-720-704-1>		<http://ids.clld.org/parameters/10-720>		<http://ids.clld.org/values/10-720-174-1>		"ə̄ma"@mch	
"tshōʈ:ɔ"@bfz	<http://ids.clld.org/values/12-560-704-1>		<http://ids.clld.org/parameters/12-560>		<http://ids.clld.org/values/12-560-174-1>		"šeʔkə"@mch	
"āt:shɔ"@bfz	<http://ids.clld.org/values/16-710-704-1>		<http://ids.clld.org/parameters/16-710>		<http://ids.clld.org/values/16-710-174-1>		"ašiča"@mch	
"khā:ɳ"@bfz	<http://ids.clld.org/values/5-410-704-1>		<http://ids.clld.org/parameters/5-410>		<http://ids.clld.org/values/5-410-174-1>		"əwainši"@mch	
"bāĩʃ"@bfz	<http://ids.clld.org/values/8-940-704-1>		<http://ids.clld.org/parameters/8-940>		<http://ids.clld.org/values/8-940-174-1>		"dahu"@mch	
"kʊrsɪ"@bfz	<http://ids.clld.org/values/7-430-704-3>		<http://ids.clld.org/parameters/7-430>		<http://ids.clld.org/values/7-430-174-1>		"āʔtəy"@mch	
"kʊnɪ"@bfz	<http://ids.clld.org/values/4-320-704-5>		<http://ids.clld.org/parameters/4-320>		<http://ids.clld.org/values/4-320-174-1>		"ə̄ʔmu"@mch	
"pətsintsərnõ"@bfz	<http://ids.clld.org/values/9-343-704-1>		<http://ids.clld.org/parameters/9-343>		<http://ids.clld.org/values/9-343-174-1>		"eʔkukā-dɨ"@mch	
"kəɽɛŋkho"@bfz	<http://ids.clld.org/values/15-370-704-3>		<http://ids.clld.org/parameters/15-370>		<http://ids.clld.org/values/15-370-174-1>		"tutune"@mch	
"mɔrnõ"@bfz	<http://ids.clld.org/values/4-750-704-1>		<http://ids.clld.org/parameters/4-750>		<http://ids.clld.org/values/4-750-174-1>		"-əma-"@mch	
"kɔmrɔ"@bfz	<http://ids.clld.org/values/7-210-704-1>		<http://ids.clld.org/parameters/7-210>		<http://ids.clld.org/values/7-210-174-1>		"əʔsa"@mch	
"kɔ̄ɳʈhɪ"@bfz	<http://ids.clld.org/values/6-750-704-1>		<http://ids.clld.org/parameters/6-750>		<http://ids.clld.org/values/6-750-174-1>		"wōʔmo"@mch	
"sɪ"@bfz	<http://ids.clld.org/values/3-720-704-1>		<http://ids.clld.org/parameters/3-720>		<http://ids.clld.org/values/3-720-174-1>		"kawadīmə"@mch	
"kiɳo"@bfz	<http://ids.clld.org/values/17-610-704-3>		<http://ids.clld.org/parameters/17-610>		<http://ids.clld.org/values/17-610-174-1>		"ākene"@mch	
"sɔ̄"@bfz	<http://ids.clld.org/values/2-930-704-1>		<http://ids.clld.org/parameters/2-930>		<http://ids.clld.org/values/2-930-174-1>		"tɨwɨ"@mch	
"bərindɽu"@bfz	<http://ids.clld.org/values/2-820-704-1>		<http://ids.clld.org/parameters/2-820>		<http://ids.clld.org/values/2-820-174-1>		"himmə"@mch	
"lɔmbo"@bfz	<http://ids.clld.org/values/12-570-704-1>		<http://ids.clld.org/parameters/12-570>		<http://ids.clld.org/values/12-570-174-1>		"nuwe"@mch	
"pundz'əɽ"@bfz	<http://ids.clld.org/values/4-180-704-1>		<http://ids.clld.org/parameters/4-180>		<http://ids.clld.org/values/4-180-174-1>		"dāʔkɨdɨ"@mch	
"māk:hɔ"@bfz	<http://ids.clld.org/values/3-830-704-1>		<http://ids.clld.org/parameters/3-830>		<http://ids.clld.org/values/3-830-174-1>		"wedēsede"@mch	
"e:k"@bfz	<http://ids.clld.org/values/13-10-704-1>		<http://ids.clld.org/parameters/13-10>		<http://ids.clld.org/values/13-10-174-1>		"tōni"@mch	
"ɖeuɳõ"@bfz	<http://ids.clld.org/values/10-470-704-1>		<http://ids.clld.org/parameters/10-470>		<http://ids.clld.org/values/10-470-174-1>		"wɨʔtə̄-nə"@mch	
"dud'u"@bfz	<http://ids.clld.org/values/4-410-704-1>		<http://ids.clld.org/parameters/4-410>		<http://ids.clld.org/values/4-410-174-1>		"ʔdohɨ-dɨ"@mch	
"'daguɭo"@bfz	<http://ids.clld.org/values/6-740-704-3>		<http://ids.clld.org/parameters/6-740>		<http://ids.clld.org/values/6-740-174-1>		"ahəʔmɨy"@mch	
"gɔ̄:ɳɔ"@bfz	<http://ids.clld.org/values/6-710-704-1>		<http://ids.clld.org/parameters/6-710>		<http://ids.clld.org/values/6-710-174-1>		"sawīya"@mch	
"lupe"@bfz	<http://ids.clld.org/values/1-820-704-1>		<http://ids.clld.org/parameters/1-820>		<http://ids.clld.org/values/1-820-174-1>		"wāʔto"@mch	
"ʃīɽ'"@bfz	<http://ids.clld.org/values/7-370-704-1>		<http://ids.clld.org/parameters/7-370>		<http://ids.clld.org/values/7-370-174-1>		"inɲahuʔtahə"@mch	
"pərkɛñɟi"@bfz	<http://ids.clld.org/values/4-461-704-1>		<http://ids.clld.org/parameters/4-461>		<http://ids.clld.org/values/4-461-174-1>		"hyōtɨ"@mch	
"pɔndra"@bfz	<http://ids.clld.org/values/13-103-704-1>		<http://ids.clld.org/parameters/13-103>		<http://ids.clld.org/values/13-103-174-1>		"amohadəʔto dēwə hyatodea"@mch	
"sa:l"@bfz	<http://ids.clld.org/values/8-410-704-1>		<http://ids.clld.org/parameters/8-410>		<http://ids.clld.org/values/8-410-174-1>		"inɲatɨʔtə̄dɨ"@mch	
"ʃīm:'"@bfz	<http://ids.clld.org/values/4-232-704-1>		<http://ids.clld.org/parameters/4-232>		<http://ids.clld.org/values/4-232-174-1>		"ənuʔtə"@mch	
"bʊɳnõ"@bfz	<http://ids.clld.org/values/6-330-704-1>		<http://ids.clld.org/parameters/6-330>		<http://ids.clld.org/values/6-330-174-1>		"tɨʔkaʔhɨdɨ"@mch	
"kindɛ"@bfz	<http://ids.clld.org/values/17-660-704-5>		<http://ids.clld.org/parameters/17-660>		<http://ids.clld.org/values/17-660-174-1>		"ə̄iša"@mch	
"dzəɭauɳõ"@bfz	<http://ids.clld.org/values/1-851-704-3>		<http://ids.clld.org/parameters/1-851>		<http://ids.clld.org/values/1-851-174-1>		"ukā-dɨ"@mch	
"aŋgəɳ"@bfz	<http://ids.clld.org/values/7-150-704-1>		<http://ids.clld.org/parameters/7-150>		<http://ids.clld.org/values/7-150-174-1>		"hɨdōdo"@mch	
"'ɔ̀rɔ"@bfz	<http://ids.clld.org/values/15-670-704-3>		<http://ids.clld.org/parameters/15-670>		<http://ids.clld.org/values/15-670-174-1>		"šēne"@mch	
"rumbɳõ"@bfz	<http://ids.clld.org/values/8-531-704-1>		<http://ids.clld.org/parameters/8-531>		<http://ids.clld.org/values/8-531-174-1>		"aiʔčɨdɨ"@mch	
"nan:ɪ"@bfz	<http://ids.clld.org/values/2-470-704-3>		<http://ids.clld.org/parameters/2-470>		<http://ids.clld.org/values/2-470-174-1>		"-tamū-du"@mch	
"a:dmi"@bfz	<http://ids.clld.org/values/2-310-704-1>		<http://ids.clld.org/parameters/2-310>		<http://ids.clld.org/values/2-310-174-1>		"-ɲno"@mch	
"coɽnõ"@bfz	<http://ids.clld.org/values/9-260-704-1>		<http://ids.clld.org/parameters/9-260>		<http://ids.clld.org/values/9-260-174-1>		"-išiča-dɨ"@mch	
"ʃū:"@bfz	<http://ids.clld.org/values/3-592-704-1>		<http://ids.clld.org/parameters/3-592>		<http://ids.clld.org/values/3-592-174-1>		"[dodo]"@mch	
"kʊ-khɽɪ"@bfz	<http://ids.clld.org/values/3-540-704-1>		<http://ids.clld.org/parameters/3-540>		<http://ids.clld.org/values/3-540-174-1>		"kudaymādu"@mch	
"dz'ɔɭno"@bfz	<http://ids.clld.org/values/1-852-704-1>		<http://ids.clld.org/parameters/1-852>		<http://ids.clld.org/values/1-852-174-1>		"daʔtwa-dɨ"@mch	
"dɔʃe"@bfz	<http://ids.clld.org/values/2-220-704-3>		<http://ids.clld.org/parameters/2-220>		<http://ids.clld.org/values/2-220-174-1>		"wodi"@mch	
"sɛʈ:hɛ"@bfz	<http://ids.clld.org/values/12-20-704-1>		<http://ids.clld.org/parameters/12-20>		<http://ids.clld.org/values/12-20-174-1>		"dɨʔtə"@mch	
"pākhɽɔ"@bfz	<http://ids.clld.org/values/4-393-704-5>		<http://ids.clld.org/parameters/4-393>		<http://ids.clld.org/values/4-393-174-1>		"iʔhōʔtɨ"@mch	
"dzɔɳɔ"@bfz	<http://ids.clld.org/values/2-100-704-1>		<http://ids.clld.org/parameters/2-100>		<http://ids.clld.org/values/2-100-174-1>		"ssoto"@mch	
"kɛ:ɽo"@bfz	<http://ids.clld.org/values/17-610-704-5>		<http://ids.clld.org/parameters/17-610>		<http://ids.clld.org/values/17-610-174-1>		"ākene"@mch	
"dzai"@bfz	<http://ids.clld.org/values/2-420-704-1>		<http://ids.clld.org/parameters/2-420>		<http://ids.clld.org/values/2-420-174-1>		"nnedɨ"@mch	
"dwa:r"@bfz	<http://ids.clld.org/values/7-220-704-1>		<http://ids.clld.org/parameters/7-220>		<http://ids.clld.org/values/7-220-174-1>		"mɨnātata"@mch	
"b'ìtri"@bfz	<http://ids.clld.org/values/12-50-704-1>		<http://ids.clld.org/parameters/12-50>		<http://ids.clld.org/values/12-50-174-3>		"anwaʔka"@mch	
"b'ìtri"@bfz	<http://ids.clld.org/values/12-50-704-1>		<http://ids.clld.org/parameters/12-50>		<http://ids.clld.org/values/12-50-174-1>		"aʔka"@mch	
"tu:"@bfz	<http://ids.clld.org/values/2-920-704-1>		<http://ids.clld.org/parameters/2-920>		<http://ids.clld.org/values/2-920-174-1>		"əmədə"@mch	
"bɔ:ʈu"@bfz	<http://ids.clld.org/values/2-310-704-3>		<http://ids.clld.org/parameters/2-310>		<http://ids.clld.org/values/2-310-174-1>		"-ɲno"@mch	
"maʈ:ɪ"@bfz	<http://ids.clld.org/values/1-212-704-5>		<http://ids.clld.org/parameters/1-212>		<http://ids.clld.org/values/1-212-174-1>		"nono"@mch	
"tshāp:ər"@bfz	<http://ids.clld.org/values/7-510-704-1>		<http://ids.clld.org/parameters/7-510>		<http://ids.clld.org/values/7-510-174-1>		"aməʔhɨdɨ"@mch	
"phɔ̄ɭ"@bfz	<http://ids.clld.org/values/5-710-704-1>		<http://ids.clld.org/parameters/5-710>		<http://ids.clld.org/values/5-710-174-1>		"čə̄hɨdɨ̄-hɨdɨ"@mch	
"arʃu"@bfz	<http://ids.clld.org/values/6-960-704-1>		<http://ids.clld.org/parameters/6-960>		<http://ids.clld.org/values/6-960-174-1>		"hekūde"@mch	
"kudɳõ"@bfz	<http://ids.clld.org/values/10-430-704-1>		<http://ids.clld.org/parameters/10-430>		<http://ids.clld.org/values/10-430-174-1>		"w-ahanɨn-nə"@mch	
"pəɭɛ̄ʃɳõ"@bfz	<http://ids.clld.org/values/10-140-704-1>		<http://ids.clld.org/parameters/10-140>		<http://ids.clld.org/values/10-140-174-1>		"weməīya"@mch	
"dzɔl:"@bfz	<http://ids.clld.org/values/1-310-704-1>		<http://ids.clld.org/parameters/1-310>		<http://ids.clld.org/values/1-310-174-1>		"tuna"@mch	
"ɖwa:r"@bfz	<http://ids.clld.org/values/1-280-704-3>		<http://ids.clld.org/parameters/1-280>		<http://ids.clld.org/values/1-280-174-1>		"ewɨ̄tɨ"@mch	
"paŋör"@bfz	<http://ids.clld.org/values/2-270-704-5>		<http://ids.clld.org/parameters/2-270>		<http://ids.clld.org/values/2-270-174-1>		"nnedɨ"@mch	
"khədzɛɭnõ"@bfz	<http://ids.clld.org/values/15-550-704-3>		<http://ids.clld.org/parameters/15-550>		<http://ids.clld.org/values/15-550-174-1>		"eneho-dɨ"@mch	
"dɔʈɳõ"@bfz	<http://ids.clld.org/values/5-110-704-5>		<http://ids.clld.org/parameters/5-110>		<http://ids.clld.org/values/5-110-174-1>		"wowašīnčənə"@mch	
"gəɽauɳõ"@bfz	<http://ids.clld.org/values/11-330-704-1>		<http://ids.clld.org/parameters/11-330>		<http://ids.clld.org/values/11-330-174-1>		"w-ənnanɨʔ-nə"@mch	
"bɛ:ɭ"@bfz	<http://ids.clld.org/values/14-460-704-1>		<http://ids.clld.org/parameters/14-460>		<http://ids.clld.org/values/14-460-174-1>		"čomomɨdawə"@mch	
"ɟ'ɛ̄ʈhɳõ"@bfz	<http://ids.clld.org/values/20-110-704-1>		<http://ids.clld.org/parameters/20-110>		<http://ids.clld.org/values/20-110-174-1>		"wətə̄nehānə"@mch	
"dɔsɳõ"@bfz	<http://ids.clld.org/values/18-221-704-1>		<http://ids.clld.org/parameters/18-221>		<http://ids.clld.org/values/18-221-174-1>		"mēʔkuʔtə̄dɨ"@mch	
"pɪpɭɪ"@bfz	<http://ids.clld.org/values/5-821-704-1>		<http://ids.clld.org/parameters/5-821>		<http://ids.clld.org/values/5-821-174-1>		"homi"@mch	
"kauʃəɳ"@bfz	<http://ids.clld.org/values/3-586-704-1>		<http://ids.clld.org/parameters/3-586>		<http://ids.clld.org/values/3-586-174-1>		"kudūmu"@mch	
"d'ai"@bfz	<http://ids.clld.org/values/2-454-704-1>		<http://ids.clld.org/parameters/2-454>		<http://ids.clld.org/values/2-454-174-1>		"yāya"@mch	
"pae"@bfz	<http://ids.clld.org/values/12-11-704-1>		<http://ids.clld.org/parameters/12-11>		<http://ids.clld.org/values/12-11-174-1>		"mənse"@mch	
"da:d"@bfz	<http://ids.clld.org/values/2-460-704-1>		<http://ids.clld.org/parameters/2-460>		<http://ids.clld.org/values/2-460-174-1>		"kōko"@mch	
"bāɪ"@bfz	<http://ids.clld.org/values/4-310-704-3>		<http://ids.clld.org/parameters/4-310>		<http://ids.clld.org/values/4-310-174-1>		"aʔhə"@mch	
"pa:ɳõ"@bfz	<http://ids.clld.org/values/12-120-704-1>		<http://ids.clld.org/parameters/12-120>		<http://ids.clld.org/values/12-120-174-1>		"enɨ̄ta"@mch	
"pa:ɳõ"@bfz	<http://ids.clld.org/values/12-120-704-1>		<http://ids.clld.org/parameters/12-120>		<http://ids.clld.org/values/12-120-174-3>		"-ehuʔta-"@mch	
"sīʊɳ"@bfz	<http://ids.clld.org/values/6-360-704-1>		<http://ids.clld.org/parameters/6-360>		<http://ids.clld.org/values/6-360-174-1>		"makūsa"@mch	
"rat:ɔ"@bfz	<http://ids.clld.org/values/15-660-704-1>		<http://ids.clld.org/parameters/15-660>		<http://ids.clld.org/values/15-660-174-1>		"seweičato"@mch	
"bāɳʈhiɔ"@bfz	<http://ids.clld.org/values/16-810-704-1>		<http://ids.clld.org/parameters/16-810>		<http://ids.clld.org/values/16-810-174-1>		"inɲatahe"@mch	
"kindi"@bfz	<http://ids.clld.org/values/17-660-704-7>		<http://ids.clld.org/parameters/17-660>		<http://ids.clld.org/values/17-660-174-1>		"ə̄iša"@mch	
"gəsraɭnõ"@bfz	<http://ids.clld.org/values/9-210-704-1>		<http://ids.clld.org/parameters/9-210>		<http://ids.clld.org/values/9-210-174-1>		"-aiʔhuka-dɨ"@mch	
"na"@bfz	<http://ids.clld.org/values/17-560-704-1>		<http://ids.clld.org/parameters/17-560>		<http://ids.clld.org/values/17-560-174-1>		"mmʔhm"@mch	
"dad:ɪ"@bfz	<http://ids.clld.org/values/2-470-704-1>		<http://ids.clld.org/parameters/2-470>		<http://ids.clld.org/values/2-470-174-1>		"-tamū-du"@mch	
"kɔdru"@bfz	<http://ids.clld.org/values/17-650-704-3>		<http://ids.clld.org/parameters/17-650>		<http://ids.clld.org/values/17-650-174-1>		"əičənnāwəkə"@mch	
"khūŋgɳõ"@bfz	<http://ids.clld.org/values/4-530-704-1>		<http://ids.clld.org/parameters/4-530>		<http://ids.clld.org/values/4-530-174-1>		"təinšiʔho"@mch	
"phīri"@bfz	<http://ids.clld.org/values/14-350-704-1>		<http://ids.clld.org/parameters/14-350>		<http://ids.clld.org/values/14-350-174-1>		"dea"@mch	
"dzewər"@bfz	<http://ids.clld.org/values/6-710-704-3>		<http://ids.clld.org/parameters/6-710>		<http://ids.clld.org/values/6-710-174-1>		"sawīya"@mch	
"zəmi:n"@bfz	<http://ids.clld.org/values/1-212-704-9>		<http://ids.clld.org/parameters/1-212>		<http://ids.clld.org/values/1-212-174-1>		"nono"@mch	
"paŋkhɽu"@bfz	<http://ids.clld.org/values/3-581-704-3>		<http://ids.clld.org/parameters/3-581>		<http://ids.clld.org/values/3-581-174-1>		"hawi"@mch	
"gɔrkɔ"@bfz	<http://ids.clld.org/values/15-810-704-1>		<http://ids.clld.org/parameters/15-810>		<http://ids.clld.org/values/15-810-174-1>		"tamənɲato"@mch	
"dzanu"@bfz	<http://ids.clld.org/values/4-360-704-3>		<http://ids.clld.org/parameters/4-360>		<http://ids.clld.org/values/4-360-174-1>		"ə̄ʔmu"@mch	
"logu"@bfz	<http://ids.clld.org/values/19-210-704-3>		<http://ids.clld.org/parameters/19-210>		<http://ids.clld.org/values/19-210-174-1>		"weiʔčɨ"@mch	
"tshā:r"@bfz	<http://ids.clld.org/values/1-840-704-1>		<http://ids.clld.org/parameters/1-840>		<http://ids.clld.org/values/1-840-174-1>		"wedēnnə"@mch	
"g'ʊ`gtɪ"@bfz	<http://ids.clld.org/values/3-594-704-3>		<http://ids.clld.org/parameters/3-594>		<http://ids.clld.org/values/3-594-174-1>		"hadūma"@mch	
"mamɪ"@bfz	<http://ids.clld.org/values/2-521-704-1>		<http://ids.clld.org/parameters/2-521>		<http://ids.clld.org/values/2-521-174-1>		"denɨ"@mch	
"dusɽu"@bfz	<http://ids.clld.org/values/1-520-704-1>		<http://ids.clld.org/parameters/1-520>		<http://ids.clld.org/values/1-520-174-1>		"šī"@mch	
"kɔdu"@bfz	<http://ids.clld.org/values/17-650-704-1>		<http://ids.clld.org/parameters/17-650>		<http://ids.clld.org/values/17-650-174-1>		"əičənnāwəkə"@mch	
"d'ìzɳõ"@bfz	<http://ids.clld.org/values/17-150-704-1>		<http://ids.clld.org/parameters/17-150>		<http://ids.clld.org/values/17-150-174-1>		"-ekanɨhɨ-dɨ"@mch	
"ʃīɽ'ɪ"@bfz	<http://ids.clld.org/values/7-370-704-5>		<http://ids.clld.org/parameters/7-370>		<http://ids.clld.org/values/7-370-174-1>		"inɲahuʔtahə"@mch	
"lɔmbɽe"@bfz	<http://ids.clld.org/values/3-740-704-1>		<http://ids.clld.org/parameters/3-740>		<http://ids.clld.org/values/3-740-174-1>		"awadudi"@mch	
"nã"@bfz	<http://ids.clld.org/values/17-560-704-3>		<http://ids.clld.org/parameters/17-560>		<http://ids.clld.org/values/17-560-174-1>		"mmʔhm"@mch	
"tsɔndər"@bfz	<http://ids.clld.org/values/1-530-704-5>		<http://ids.clld.org/parameters/1-530>		<http://ids.clld.org/values/1-530-174-1>		"nūnə"@mch	
"mũ"@bfz	<http://ids.clld.org/values/2-910-704-3>		<http://ids.clld.org/parameters/2-910>		<http://ids.clld.org/values/2-910-174-1>		"ɨwɨ"@mch	
"rɪk:h"@bfz	<http://ids.clld.org/values/3-730-704-1>		<http://ids.clld.org/parameters/3-730>		<http://ids.clld.org/values/3-730-174-1>		"hədēmu"@mch	
"àɖ:"@bfz	<http://ids.clld.org/values/4-160-704-1>		<http://ids.clld.org/parameters/4-160>		<http://ids.clld.org/values/4-160-174-1>		"yēʔhə"@mch	
"dzɔ:th"@bfz	<http://ids.clld.org/values/1-530-704-7>		<http://ids.clld.org/parameters/1-530>		<http://ids.clld.org/values/1-530-174-1>		"nūnə"@mch	
"dz'ūkhɽɔ"@bfz	<http://ids.clld.org/values/1-430-704-1>		<http://ids.clld.org/parameters/1-430>		<http://ids.clld.org/values/1-430-174-1>		"dē"@mch	
"gɛ:ɳ"@bfz	<http://ids.clld.org/values/1-510-704-1>		<http://ids.clld.org/parameters/1-510>		<http://ids.clld.org/values/1-510-174-1>		"kahu"@mch	
"ka"@bfz	<http://ids.clld.org/values/17-690-704-3>		<http://ids.clld.org/parameters/17-690>		<http://ids.clld.org/values/17-690-174-1>		"ākene yeihəkə"@mch	
"ɟɔgrɔ"@bfz	<http://ids.clld.org/values/15-880-704-1>		<http://ids.clld.org/parameters/15-880>		<http://ids.clld.org/values/15-880-174-1>		"nossahe"@mch	
"bʊɳnõ"@bfz	<http://ids.clld.org/values/9-750-704-1>		<http://ids.clld.org/parameters/9-750>		<http://ids.clld.org/values/9-750-174-1>		"aʔtoʔtotoʔho"@mch	
"ɛb:ɛ"@bfz	<http://ids.clld.org/values/14-180-704-3>		<http://ids.clld.org/parameters/14-180>		<http://ids.clld.org/values/14-180-174-1>		"edūwa"@mch	
"kōɭ:"@bfz	<http://ids.clld.org/values/3-580-704-1>		<http://ids.clld.org/parameters/3-580>		<http://ids.clld.org/values/3-580-174-1>		"danɲami"@mch	
"dzʊɽkɛ"@bfz	<http://ids.clld.org/values/6-120-704-1>		<http://ids.clld.org/parameters/6-120>		<http://ids.clld.org/values/6-120-174-1>		"womɨ"@mch	
"pundz'ʈɪ"@bfz	<http://ids.clld.org/values/4-180-704-5>		<http://ids.clld.org/parameters/4-180>		<http://ids.clld.org/values/4-180-174-1>		"dāʔkɨdɨ"@mch	
"'ì:k"@bfz	<http://ids.clld.org/values/4-400-704-3>		<http://ids.clld.org/parameters/4-400>		<http://ids.clld.org/values/4-400-174-1>		"dōʔta"@mch	
"dāɽ'ɪ"@bfz	<http://ids.clld.org/values/4-142-704-1>		<http://ids.clld.org/parameters/4-142>		<http://ids.clld.org/values/4-142-174-1>		"ettəmuho"@mch	
"bʊ̄ɖ:'ɔ"@bfz	<http://ids.clld.org/values/14-150-704-3>		<http://ids.clld.org/parameters/14-150>		<http://ids.clld.org/values/14-150-174-1>		"henaʔdohə"@mch	
"naɭʈo"@bfz	<http://ids.clld.org/values/1-390-704-3>		<http://ids.clld.org/parameters/1-390>		<http://ids.clld.org/values/1-390-174-1>		"yedukadɨ"@mch	
"rākʃ"@bfz	<http://ids.clld.org/values/22-350-704-3>		<http://ids.clld.org/parameters/22-350>		<http://ids.clld.org/values/22-350-174-1>		"kahūšawa"@mch	
"ɔ̄k:höt"@bfz	<http://ids.clld.org/values/4-880-704-1>		<http://ids.clld.org/parameters/4-880>		<http://ids.clld.org/values/4-880-174-1>		"əhi"@mch	
"kaŋgɳu"@bfz	<http://ids.clld.org/values/6-740-704-1>		<http://ids.clld.org/parameters/6-740>		<http://ids.clld.org/values/6-740-174-1>		"ahəʔmɨy"@mch	
"betsɳõ"@bfz	<http://ids.clld.org/values/11-820-704-1>		<http://ids.clld.org/parameters/11-820>		<http://ids.clld.org/values/11-820-174-1>		"ehema-hoi"@mch	
"òstɔ"@bfz	<http://ids.clld.org/values/12-590-704-1>		<http://ids.clld.org/parameters/12-590>		<http://ids.clld.org/values/12-590-174-1>		"tawedato"@mch	
"pɛn:ɔ"@bfz	<http://ids.clld.org/values/15-780-704-1>		<http://ids.clld.org/parameters/15-780>		<http://ids.clld.org/values/15-780-174-1>		"ākə̄tədɨ"@mch	
"ka:n"@bfz	<http://ids.clld.org/values/4-220-704-1>		<http://ids.clld.org/parameters/4-220>		<http://ids.clld.org/values/4-220-174-1>		"hāna"@mch	
"gɛ:ra"@bfz	<http://ids.clld.org/values/13-101-704-1>		<http://ids.clld.org/parameters/13-101>		<http://ids.clld.org/values/13-101-174-1>		"amohadəʔto dēwə tōni"@mch	
"pɔtskɔ"@bfz	<http://ids.clld.org/values/11-140-704-1>		<http://ids.clld.org/parameters/11-140>		<http://ids.clld.org/values/11-140-174-1>		"-ahəi-"@mch	
"a:g"@bfz	<http://ids.clld.org/values/1-810-704-1>		<http://ids.clld.org/parameters/1-810>		<http://ids.clld.org/values/1-810-174-1>		"wāʔto"@mch	
"g'òɭɳõ"@bfz	<http://ids.clld.org/values/5-490-704-1>		<http://ids.clld.org/parameters/5-490>		<http://ids.clld.org/values/5-490-174-1>		"-oima-dɨ"@mch	
"tal:ɔ"@bfz	<http://ids.clld.org/values/12-340-704-1>		<http://ids.clld.org/parameters/12-340>		<http://ids.clld.org/values/12-340-174-1>		"nwaʔkəi"@mch	
"ginɳõ"@bfz	<http://ids.clld.org/values/11-130-704-1>		<http://ids.clld.org/parameters/11-130>		<http://ids.clld.org/values/11-130-174-1>		"w-emhan-nə"@mch	
"tue"@bfz	<http://ids.clld.org/values/2-950-704-1>		<http://ids.clld.org/parameters/2-950>		<http://ids.clld.org/values/2-950-174-1>		"ənwanno"@mch	
"maẽ"@bfz	<http://ids.clld.org/values/2-260-704-5>		<http://ids.clld.org/parameters/2-260>		<http://ids.clld.org/values/2-260-174-1>		"wodi-ʔčə"@mch	
"kheɽnõ"@bfz	<http://ids.clld.org/values/18-410-704-1>		<http://ids.clld.org/parameters/18-410>		<http://ids.clld.org/values/18-410-174-1>		"aʔdewhaʔdɨ"@mch	
"kaɭɔ"@bfz	<http://ids.clld.org/values/15-650-704-1>		<http://ids.clld.org/parameters/15-650>		<http://ids.clld.org/values/15-650-174-1>		"hudumato"@mch	
"cɔɽno"@bfz	<http://ids.clld.org/values/10-510-704-1>		<http://ids.clld.org/parameters/10-510>		<http://ids.clld.org/values/10-510-174-1>		"w-ə̄nehē-nə"@mch	
"baɭu"@bfz	<http://ids.clld.org/values/1-215-704-1>		<http://ids.clld.org/parameters/1-215>		<http://ids.clld.org/values/1-215-174-1>		"sāʔdaʔda"@mch	
"re:t"@bfz	<http://ids.clld.org/values/1-215-704-3>		<http://ids.clld.org/parameters/1-215>		<http://ids.clld.org/values/1-215-174-1>		"sāʔdaʔda"@mch	
"ʈʊɳɖɔ"@bfz	<http://ids.clld.org/values/15-790-704-1>		<http://ids.clld.org/parameters/15-790>		<http://ids.clld.org/values/15-790-174-1>		"tuhuʔhūdato"@mch	
"b'òbəɽ"@bfz	<http://ids.clld.org/values/4-240-704-7>		<http://ids.clld.org/parameters/4-240>		<http://ids.clld.org/values/4-240-174-1>		"ənta"@mch	
"chaŋgʈu"@bfz	<http://ids.clld.org/values/2-270-704-3>		<http://ids.clld.org/parameters/2-270>		<http://ids.clld.org/values/2-270-174-1>		"nnedɨ"@mch	
