"sɛ̄ʊ̃ɳõ"@bfz	<http://ids.clld.org/values/6-350-704-1>		<http://ids.clld.org/parameters/6-350>		<http://ids.clld.org/values/6-350-286-1>		"ok"@pav	
"bɔɖɽɔ"@bfz	<http://ids.clld.org/values/12-550-704-1>		<http://ids.clld.org/parameters/12-550>		<http://ids.clld.org/values/12-550-286-1>		"hwaraʔ"@pav	
"bɔɖɽɔ"@bfz	<http://ids.clld.org/values/12-550-704-1>		<http://ids.clld.org/parameters/12-550>		<http://ids.clld.org/values/12-550-286-3>		"horon"@pav	
"tɛ̄rnõ"@bfz	<http://ids.clld.org/values/10-350-704-1>		<http://ids.clld.org/parameters/10-350>		<http://ids.clld.org/values/10-350-286-3>		"panʔ karakam"@pav	
"tɛ̄rnõ"@bfz	<http://ids.clld.org/values/10-350-704-1>		<http://ids.clld.org/parameters/10-350>		<http://ids.clld.org/values/10-350-286-1>		"panʔ kam"@pav	
"paɳkho"@bfz	<http://ids.clld.org/values/4-393-704-3>		<http://ids.clld.org/parameters/4-393>		<http://ids.clld.org/values/4-393-286-1>		"tenenein (šun)"@pav	
"tshā:l"@bfz	<http://ids.clld.org/values/8-750-704-1>		<http://ids.clld.org/parameters/8-750>		<http://ids.clld.org/values/8-750-286-1>		"tapari"@pav	
"sɔrlo"@bfz	<http://ids.clld.org/values/12-730-704-1>		<http://ids.clld.org/parameters/12-730>		<http://ids.clld.org/values/12-730-286-1>		"ka om šone ne"@pav	
"bānd'"@bfz	<http://ids.clld.org/values/9-190-704-3>		<http://ids.clld.org/parameters/9-190>		<http://ids.clld.org/values/9-190-286-1>		"makon (makorišiʔ)"@pav	
"ciuŋkhu"@bfz	<http://ids.clld.org/values/3-581-704-1>		<http://ids.clld.org/parameters/3-581>		<http://ids.clld.org/values/3-581-286-1>		"me"@pav	
"tsɔŋkɽo"@bfz	<http://ids.clld.org/values/4-120-704-5>		<http://ids.clld.org/parameters/4-120>		<http://ids.clld.org/values/4-120-286-1>		"taparišiʔ"@pav	
"bɔ:"@bfz	<http://ids.clld.org/values/5-791-704-1>		<http://ids.clld.org/parameters/5-791>		<http://ids.clld.org/values/5-791-286-1>		"homain"@pav	
"pāŋkhɽɔ"@bfz	<http://ids.clld.org/values/4-392-704-5>		<http://ids.clld.org/parameters/4-392>		<http://ids.clld.org/values/4-392-286-1>		"tapaši"@pav	
"nɛde"@bfz	<http://ids.clld.org/values/1-360-704-3>		<http://ids.clld.org/parameters/1-360>		<http://ids.clld.org/values/1-360-286-1>		"kom"@pav	
"gāɳʈhɳõ"@bfz	<http://ids.clld.org/values/9-160-704-1>		<http://ids.clld.org/parameters/9-160>		<http://ids.clld.org/values/9-160-286-1>		"tuku"@pav	
"tsɔnd"@bfz	<http://ids.clld.org/values/1-530-704-3>		<http://ids.clld.org/parameters/1-530>		<http://ids.clld.org/values/1-530-286-1>		"panawoʔ"@pav	
"la:t"@bfz	<http://ids.clld.org/values/4-370-704-3>		<http://ids.clld.org/parameters/4-370>		<http://ids.clld.org/values/4-370-286-1>		"kašimašiʔ (kašim)"@pav	
"bolɳõ"@bfz	<http://ids.clld.org/values/18-220-704-1>		<http://ids.clld.org/parameters/18-220>		<http://ids.clld.org/values/18-220-286-1>		"tomiʔ šoʔ"@pav	
"dzaɳnõ"@bfz	<http://ids.clld.org/values/17-170-704-1>		<http://ids.clld.org/parameters/17-170>		<http://ids.clld.org/values/17-170-286-1>		"tašiʔ"@pav	
"dzaɳnõ"@bfz	<http://ids.clld.org/values/17-170-704-1>		<http://ids.clld.org/parameters/17-170>		<http://ids.clld.org/values/17-170-286-3>		"kerek"@pav	
"dzaɳnõ"@bfz	<http://ids.clld.org/values/17-170-704-1>		<http://ids.clld.org/parameters/17-170>		<http://ids.clld.org/values/17-170-286-5>		"kerek pinʔ"@pav	
"bɪ:dz"@bfz	<http://ids.clld.org/values/8-311-704-1>		<http://ids.clld.org/parameters/8-311>		<http://ids.clld.org/values/8-311-286-1>		"tokwi"@pav	
"dzaɳu"@bfz	<http://ids.clld.org/values/4-360-704-1>		<http://ids.clld.org/parameters/4-360>		<http://ids.clld.org/values/4-360-286-1>		"karamašiʔ (karam)"@pav	
"sõrlo"@bfz	<http://ids.clld.org/values/15-770-704-1>		<http://ids.clld.org/parameters/15-770>		<http://ids.clld.org/values/15-770-286-1>		"topišik"@pav	
"pwa:ɽ"@bfz	<http://ids.clld.org/values/1-220-704-3>		<http://ids.clld.org/parameters/1-220>		<http://ids.clld.org/values/1-220-286-1>		"pakun"@pav	
"dɛ:ɳõ"@bfz	<http://ids.clld.org/values/11-210-704-1>		<http://ids.clld.org/parameters/11-210>		<http://ids.clld.org/values/11-210-286-1>		"miʔ"@pav	
"d'ʊ`ɭɔ"@bfz	<http://ids.clld.org/values/1-213-704-1>		<http://ids.clld.org/parameters/1-213>		<http://ids.clld.org/values/1-213-286-1>		"tainʔ"@pav	
"pāt:hər"@bfz	<http://ids.clld.org/values/1-440-704-1>		<http://ids.clld.org/parameters/1-440>		<http://ids.clld.org/values/1-440-286-1>		"pakun"@pav	
"dakhɳo"@bfz	<http://ids.clld.org/values/12-410-704-3>		<http://ids.clld.org/parameters/12-410>		<http://ids.clld.org/values/12-410-286-1>		"irikwerešiʔ"@pav	
"ai"@bfz	<http://ids.clld.org/values/2-360-704-1>		<http://ids.clld.org/parameters/2-360>		<http://ids.clld.org/values/2-360-286-1>		"naʔ"@pav	
"sɔ̄rəg"@bfz	<http://ids.clld.org/values/1-510-704-3>		<http://ids.clld.org/parameters/1-510>		<http://ids.clld.org/values/1-510-286-1>		"nanawin"@pav	
"pundz'ʈa"@bfz	<http://ids.clld.org/values/4-180-704-3>		<http://ids.clld.org/parameters/4-180>		<http://ids.clld.org/values/4-180-286-1>		"kahwerein"@pav	
"pɔtɭo"@bfz	<http://ids.clld.org/values/12-650-704-1>		<http://ids.clld.org/parameters/12-650>		<http://ids.clld.org/values/12-650-286-1>		"šašiʔ"@pav	
"cənalʈu"@bfz	<http://ids.clld.org/values/4-440-704-1>		<http://ids.clld.org/parameters/4-440>		<http://ids.clld.org/values/4-440-286-1>		"šimišiʔ (šim)"@pav	
"am:a"@bfz	<http://ids.clld.org/values/2-360-704-3>		<http://ids.clld.org/parameters/2-360>		<http://ids.clld.org/values/2-360-286-1>		"naʔ"@pav	
"āt:h"@bfz	<http://ids.clld.org/values/4-330-704-1>		<http://ids.clld.org/parameters/4-330>		<http://ids.clld.org/values/4-330-286-1>		"mišiʔ"@pav	
"āt:h"@bfz	<http://ids.clld.org/values/4-330-704-1>		<http://ids.clld.org/parameters/4-330>		<http://ids.clld.org/values/4-330-286-3>		"(umʔ)"@pav	
"muɔ"@bfz	<http://ids.clld.org/values/4-750-704-3>		<http://ids.clld.org/parameters/4-750>		<http://ids.clld.org/values/4-750-286-3>		"konoʔ"@pav	
"muɔ"@bfz	<http://ids.clld.org/values/4-750-704-3>		<http://ids.clld.org/parameters/4-750>		<http://ids.clld.org/values/4-750-286-1>		"miʔ pin"@pav	
"pa:c"@bfz	<http://ids.clld.org/values/8-560-704-3>		<http://ids.clld.org/parameters/8-560>		<http://ids.clld.org/values/8-560-286-1>		"tenenein"@pav	
"pundz'ɽɪ"@bfz	<http://ids.clld.org/values/4-180-704-7>		<http://ids.clld.org/parameters/4-180>		<http://ids.clld.org/values/4-180-286-1>		"kahwerein"@pav	
"dərɛu"@bfz	<http://ids.clld.org/values/1-360-704-1>		<http://ids.clld.org/parameters/1-360>		<http://ids.clld.org/values/1-360-286-1>		"kom"@pav	
"dz'ò:ʈ"@bfz	<http://ids.clld.org/values/8-540-704-1>		<http://ids.clld.org/parameters/8-540>		<http://ids.clld.org/values/8-540-286-1>		"kašimain"@pav	
"ɽɛuɳõ"@bfz	<http://ids.clld.org/values/10-370-704-3>		<http://ids.clld.org/parameters/10-370>		<http://ids.clld.org/values/10-370-286-3>		"toin"@pav	
"ɽɛuɳõ"@bfz	<http://ids.clld.org/values/10-370-704-3>		<http://ids.clld.org/parameters/10-370>		<http://ids.clld.org/values/10-370-286-1>		"takiʔ"@pav	
"pɪn:e"@bfz	<http://ids.clld.org/values/5-970-704-1>		<http://ids.clld.org/parameters/5-970>		<http://ids.clld.org/values/5-970-286-1>		"arayein"@pav	
"lōu"@bfz	<http://ids.clld.org/values/4-150-704-1>		<http://ids.clld.org/parameters/4-150>		<http://ids.clld.org/values/4-150-286-1>		"kišiʔ (wik)"@pav	
"ra:c"@bfz	<http://ids.clld.org/values/14-420-704-1>		<http://ids.clld.org/parameters/14-420>		<http://ids.clld.org/values/14-420-286-1>		"šim"@pav	
"tsamɽɪ"@bfz	<http://ids.clld.org/values/4-120-704-1>		<http://ids.clld.org/parameters/4-120>		<http://ids.clld.org/values/4-120-286-1>		"taparišiʔ"@pav	
"phʊʈɳõ"@bfz	<http://ids.clld.org/values/9-270-704-1>		<http://ids.clld.org/parameters/9-270>		<http://ids.clld.org/values/9-270-286-1>		"toʔ pahot"@pav	
"phʊʈɳõ"@bfz	<http://ids.clld.org/values/9-270-704-1>		<http://ids.clld.org/parameters/9-270>		<http://ids.clld.org/values/9-270-286-3>		"toʔ pahorohot"@pav	
"khʊʈe"@bfz	<http://ids.clld.org/values/4-350-704-1>		<http://ids.clld.org/parameters/4-350>		<http://ids.clld.org/values/4-350-286-1>		"pišiyašiʔ"@pav	
"khʊʈe"@bfz	<http://ids.clld.org/values/4-350-704-1>		<http://ids.clld.org/parameters/4-350>		<http://ids.clld.org/values/4-350-286-3>		"kokošiʔ"@pav	
"loʈɳõ"@bfz	<http://ids.clld.org/values/10-230-704-3>		<http://ids.clld.org/parameters/10-230>		<http://ids.clld.org/values/10-230-286-3>		"kamaraʔ"@pav	
"loʈɳõ"@bfz	<http://ids.clld.org/values/10-230-704-3>		<http://ids.clld.org/parameters/10-230>		<http://ids.clld.org/values/10-230-286-1>		"panʔ"@pav	
"sōʈhɳõ"@bfz	<http://ids.clld.org/values/17-130-704-1>		<http://ids.clld.org/parameters/17-130>		<http://ids.clld.org/values/17-130-286-1>		"koromikat"@pav	
"tarɔ"@bfz	<http://ids.clld.org/values/1-540-704-1>		<http://ids.clld.org/parameters/1-540>		<http://ids.clld.org/values/1-540-286-1>		"piyoʔ"@pav	
"a:kh"@bfz	<http://ids.clld.org/values/4-210-704-3>		<http://ids.clld.org/parameters/4-210>		<http://ids.clld.org/values/4-210-286-1>		"tokošiʔ (tok)"@pav	
"din"@bfz	<http://ids.clld.org/values/14-410-704-1>		<http://ids.clld.org/parameters/14-410>		<http://ids.clld.org/values/14-410-286-1>		"šek"@pav	
"ũ"@bfz	<http://ids.clld.org/values/2-910-704-1>		<http://ids.clld.org/parameters/2-910>		<http://ids.clld.org/values/2-910-286-1>		"wataʔ"@pav	
"mātshɭɪ"@bfz	<http://ids.clld.org/values/3-650-704-1>		<http://ids.clld.org/parameters/3-650>		<http://ids.clld.org/values/3-650-286-1>		"hwam (hwamišiʔ)"@pav	
"nɛũ"@bfz	<http://ids.clld.org/values/18-280-704-1>		<http://ids.clld.org/parameters/18-280>		<http://ids.clld.org/values/18-280-286-1>		"wišišiʔ (wit)"@pav	
"ma:s"@bfz	<http://ids.clld.org/values/4-130-704-3>		<http://ids.clld.org/parameters/4-130>		<http://ids.clld.org/values/4-130-286-1>		"kwerešiʔ"@pav	
"dzaŋgəl"@bfz	<http://ids.clld.org/values/1-410-704-1>		<http://ids.clld.org/parameters/1-410>		<http://ids.clld.org/values/1-410-286-1>		"nahwarak"@pav	
"bagur"@bfz	<http://ids.clld.org/values/1-720-704-3>		<http://ids.clld.org/parameters/1-720>		<http://ids.clld.org/values/1-720-286-1>		"hotowa"@pav	
"d'ɔ̀:ɳ"@bfz	<http://ids.clld.org/values/2-320-704-1>		<http://ids.clld.org/parameters/2-320>		<http://ids.clld.org/values/2-320-286-1>		"mana"@pav	
"chaŋgʈe"@bfz	<http://ids.clld.org/values/2-270-704-1>		<http://ids.clld.org/parameters/2-270>		<http://ids.clld.org/values/2-270-286-1>		"piyeʔ"@pav	
"dui"@bfz	<http://ids.clld.org/values/13-20-704-1>		<http://ids.clld.org/parameters/13-20>		<http://ids.clld.org/values/13-20-286-1>		"tuku karakan"@pav	
"nɛ:ɳ"@bfz	<http://ids.clld.org/values/4-210-704-7>		<http://ids.clld.org/parameters/4-210>		<http://ids.clld.org/values/4-210-286-1>		"tokošiʔ (tok)"@pav	
"cakɳõ"@bfz	<http://ids.clld.org/values/4-580-704-1>		<http://ids.clld.org/parameters/4-580>		<http://ids.clld.org/values/4-580-286-1>		"kio"@pav	
"paulo"@bfz	<http://ids.clld.org/values/8-560-704-1>		<http://ids.clld.org/parameters/8-560>		<http://ids.clld.org/values/8-560-286-1>		"tenenein"@pav	
"khēɭɳõ"@bfz	<http://ids.clld.org/values/16-260-704-1>		<http://ids.clld.org/parameters/16-260>		<http://ids.clld.org/values/16-260-286-1>		"warayu"@pav	
"purɔ"@bfz	<http://ids.clld.org/values/13-210-704-1>		<http://ids.clld.org/parameters/13-210>		<http://ids.clld.org/values/13-210-286-5>		"maʔam"@pav	
"purɔ"@bfz	<http://ids.clld.org/values/13-210-704-1>		<http://ids.clld.org/parameters/13-210>		<http://ids.clld.org/values/13-210-286-3>		"moromoinʔ"@pav	
"purɔ"@bfz	<http://ids.clld.org/values/13-210-704-1>		<http://ids.clld.org/parameters/13-210>		<http://ids.clld.org/values/13-210-286-1>		"moinʔ"@pav	
"bɔ̄rʃ"@bfz	<http://ids.clld.org/values/14-730-704-1>		<http://ids.clld.org/parameters/14-730>		<http://ids.clld.org/values/14-730-286-1>		"kawašiʔ"@pav	
"cito"@bfz	<http://ids.clld.org/values/15-640-704-1>		<http://ids.clld.org/parameters/15-640>		<http://ids.clld.org/values/15-640-286-1>		"towoʔ"@pav	
"bərurɔ"@bfz	<http://ids.clld.org/values/1-213-704-5>		<http://ids.clld.org/parameters/1-213>		<http://ids.clld.org/values/1-213-286-1>		"tainʔ"@pav	
"nɔd:ɪ"@bfz	<http://ids.clld.org/values/1-360-704-5>		<http://ids.clld.org/parameters/1-360>		<http://ids.clld.org/values/1-360-286-1>		"kom"@pav	
"ʃūk:hɔ"@bfz	<http://ids.clld.org/values/15-840-704-1>		<http://ids.clld.org/parameters/15-840>		<http://ids.clld.org/values/15-840-286-1>		"kawainʔ"@pav	
"ʃāɳ:"@bfz	<http://ids.clld.org/values/1-770-704-1>		<http://ids.clld.org/parameters/1-770>		<http://ids.clld.org/values/1-770-286-1>		"šio šio"@pav	
"thūkɳõ"@bfz	<http://ids.clld.org/values/4-560-704-1>		<http://ids.clld.org/parameters/4-560>		<http://ids.clld.org/values/4-560-286-1>		"hupaʔ"@pav	
"ɟa:t"@bfz	<http://ids.clld.org/values/4-240-704-3>		<http://ids.clld.org/parameters/4-240>		<http://ids.clld.org/values/4-240-286-1>		"kapiyašiʔ (topak)"@pav	
"nɛtɭo"@bfz	<http://ids.clld.org/values/15-851-704-1>		<http://ids.clld.org/parameters/15-851>		<http://ids.clld.org/values/15-851-286-3>		"nonoe"@pav	
"nɛtɭo"@bfz	<http://ids.clld.org/values/15-851-704-1>		<http://ids.clld.org/parameters/15-851>		<http://ids.clld.org/values/15-851-286-1>		"šain"@pav	
"khul:ɔ"@bfz	<http://ids.clld.org/values/12-610-704-1>		<http://ids.clld.org/parameters/12-610>		<http://ids.clld.org/values/12-610-286-1>		"kote ne kimain"@pav	
"sūrədz"@bfz	<http://ids.clld.org/values/1-520-704-3>		<http://ids.clld.org/parameters/1-520>		<http://ids.clld.org/values/1-520-286-1>		"šina"@pav	
"sā:p"@bfz	<http://ids.clld.org/values/3-850-704-1>		<http://ids.clld.org/parameters/3-850>		<http://ids.clld.org/values/3-850-286-1>		"emʔ"@pav	
"àɳɖɳõ"@bfz	<http://ids.clld.org/values/10-450-704-1>		<http://ids.clld.org/parameters/10-450>		<http://ids.clld.org/values/10-450-286-1>		"šut"@pav	
"àɳɖɳõ"@bfz	<http://ids.clld.org/values/10-450-704-1>		<http://ids.clld.org/parameters/10-450>		<http://ids.clld.org/values/10-450-286-3>		"šurušut"@pav	
"kɪɽɔ"@bfz	<http://ids.clld.org/values/3-840-704-1>		<http://ids.clld.org/parameters/3-840>		<http://ids.clld.org/values/3-840-286-1>		"meteʔ"@pav	
"gəɳnõ"@bfz	<http://ids.clld.org/values/13-107-704-1>		<http://ids.clld.org/parameters/13-107>		<http://ids.clld.org/values/13-107-286-1>		"piyimʔ"@pav	
"pɪ:ɳõ"@bfz	<http://ids.clld.org/values/5-130-704-1>		<http://ids.clld.org/parameters/5-130>		<http://ids.clld.org/values/5-130-286-1>		"tok"@pav	
"pɪ:ɳõ"@bfz	<http://ids.clld.org/values/5-130-704-1>		<http://ids.clld.org/parameters/5-130>		<http://ids.clld.org/values/5-130-286-3>		"tototok"@pav	
"bagɳɔ"@bfz	<http://ids.clld.org/values/4-350-704-5>		<http://ids.clld.org/parameters/4-350>		<http://ids.clld.org/values/4-350-286-1>		"pišiyašiʔ"@pav	
"bagɳɔ"@bfz	<http://ids.clld.org/values/4-350-704-5>		<http://ids.clld.org/parameters/4-350>		<http://ids.clld.org/values/4-350-286-3>		"kokošiʔ"@pav	
"g'ās"@bfz	<http://ids.clld.org/values/8-510-704-5>		<http://ids.clld.org/parameters/8-510>		<http://ids.clld.org/values/8-510-286-1>		"tononoin"@pav	
"dz'àŋgɳõ"@bfz	<http://ids.clld.org/values/4-760-704-1>		<http://ids.clld.org/parameters/4-760>		<http://ids.clld.org/values/4-760-286-1>		"paʔ"@pav	
"gəlindo"@bfz	<http://ids.clld.org/values/16-720-704-3>		<http://ids.clld.org/parameters/16-720>		<http://ids.clld.org/values/16-720-286-1>		"kayi"@pav	
"ga:ɳõ"@bfz	<http://ids.clld.org/values/18-120-704-1>		<http://ids.clld.org/parameters/18-120>		<http://ids.clld.org/values/18-120-286-1>		"kom"@pav	
"ʈhɔlɖɪ"@bfz	<http://ids.clld.org/values/2-220-704-1>		<http://ids.clld.org/parameters/2-220>		<http://ids.clld.org/values/2-220-286-1>		"narimaʔ"@pav	
"pɛ:r"@bfz	<http://ids.clld.org/values/4-370-704-1>		<http://ids.clld.org/parameters/4-370>		<http://ids.clld.org/values/4-370-286-1>		"kašimašiʔ (kašim)"@pav	
"lambɔ"@bfz	<http://ids.clld.org/values/12-570-704-3>		<http://ids.clld.org/parameters/12-570>		<http://ids.clld.org/values/12-570-286-1>		"matam"@pav	
"piũɭɔ"@bfz	<http://ids.clld.org/values/15-690-704-1>		<http://ids.clld.org/parameters/15-690>		<http://ids.clld.org/values/15-690-286-1>		"košik"@pav	
"na:k"@bfz	<http://ids.clld.org/values/4-230-704-1>		<http://ids.clld.org/parameters/4-230>		<http://ids.clld.org/values/4-230-286-1>		"werešiʔ (ut)"@pav	
"ba:ɭ"@bfz	<http://ids.clld.org/values/4-140-704-1>		<http://ids.clld.org/parameters/4-140>		<http://ids.clld.org/values/4-140-286-1>		"tenenešiʔ"@pav	
"ba:ɭ"@bfz	<http://ids.clld.org/values/4-140-704-1>		<http://ids.clld.org/parameters/4-140>		<http://ids.clld.org/values/4-140-286-3>		"tenenein (šun)"@pav	
"lʊ:ɳ"@bfz	<http://ids.clld.org/values/5-810-704-1>		<http://ids.clld.org/parameters/5-810>		<http://ids.clld.org/values/5-810-286-1>		"[sal]"@pav	
"paɳɪ"@bfz	<http://ids.clld.org/values/1-750-704-1>		<http://ids.clld.org/parameters/1-750>		<http://ids.clld.org/values/1-750-286-1>		"šowiʔ"@pav	
"kɛrɪ"@bfz	<http://ids.clld.org/values/4-280-704-3>		<http://ids.clld.org/parameters/4-280>		<http://ids.clld.org/values/4-280-286-1>		"paramašiʔ"@pav	
"bɔ:to"@bfz	<http://ids.clld.org/values/13-150-704-1>		<http://ids.clld.org/parameters/13-150>		<http://ids.clld.org/values/13-150-286-1>		"iriʔ miyo/ miya"@pav	
"'āsɳõ"@bfz	<http://ids.clld.org/values/16-250-704-1>		<http://ids.clld.org/parameters/16-250>		<http://ids.clld.org/values/16-250-286-1>		"tatamʔ"@pav	
"'āsɳõ"@bfz	<http://ids.clld.org/values/16-250-704-1>		<http://ids.clld.org/parameters/16-250>		<http://ids.clld.org/values/16-250-286-3>		"katamʔ"@pav	
"da:nd"@bfz	<http://ids.clld.org/values/4-270-704-1>		<http://ids.clld.org/parameters/4-270>		<http://ids.clld.org/values/4-270-286-1>		"šišiʔ (yat)"@pav	
"khəra:b"@bfz	<http://ids.clld.org/values/16-720-704-1>		<http://ids.clld.org/parameters/16-720>		<http://ids.clld.org/values/16-720-286-1>		"kayi"@pav	
"ɖɔ:r"@bfz	<http://ids.clld.org/values/16-530-704-3>		<http://ids.clld.org/parameters/16-530>		<http://ids.clld.org/values/16-530-286-1>		"yinʔ"@pav	
"ʃākɽa"@bfz	<http://ids.clld.org/values/1-440-704-5>		<http://ids.clld.org/parameters/1-440>		<http://ids.clld.org/values/1-440-286-1>		"pakun"@pav	
"dant"@bfz	<http://ids.clld.org/values/4-270-704-3>		<http://ids.clld.org/parameters/4-270>		<http://ids.clld.org/values/4-270-286-1>		"šišiʔ (yat)"@pav	
"āk:h"@bfz	<http://ids.clld.org/values/4-210-704-1>		<http://ids.clld.org/parameters/4-210>		<http://ids.clld.org/values/4-210-286-1>		"tokošiʔ (tok)"@pav	
"sutiɳo"@bfz	<http://ids.clld.org/values/4-610-704-1>		<http://ids.clld.org/parameters/4-610>		<http://ids.clld.org/values/4-610-286-1>		"piʔam"@pav	
"ma:"@bfz	<http://ids.clld.org/values/2-360-704-7>		<http://ids.clld.org/parameters/2-360>		<http://ids.clld.org/values/2-360-286-1>		"naʔ"@pav	
"ɖo:r"@bfz	<http://ids.clld.org/values/9-190-704-1>		<http://ids.clld.org/parameters/9-190>		<http://ids.clld.org/values/9-190-286-1>		"makon (makorišiʔ)"@pav	
"pɛɳɖɔ"@bfz	<http://ids.clld.org/values/10-720-704-3>		<http://ids.clld.org/parameters/10-720>		<http://ids.clld.org/values/10-720-286-1>		"wana (wanayišiʔ)"@pav	
"ba:p"@bfz	<http://ids.clld.org/values/2-350-704-1>		<http://ids.clld.org/parameters/2-350>		<http://ids.clld.org/values/2-350-286-1>		"te"@pav	
"bɪ:kh"@bfz	<http://ids.clld.org/values/8-600-704-1>		<http://ids.clld.org/parameters/8-600>		<http://ids.clld.org/values/8-600-286-1>		"pana"@pav	
"khōɽu"@bfz	<http://ids.clld.org/values/8-510-704-1>		<http://ids.clld.org/parameters/8-510>		<http://ids.clld.org/values/8-510-286-1>		"tononoin"@pav	
"brɪkʃ"@bfz	<http://ids.clld.org/values/8-600-704-5>		<http://ids.clld.org/parameters/8-600>		<http://ids.clld.org/values/8-600-286-1>		"pana"@pav	
"d'ò:ɳõ"@bfz	<http://ids.clld.org/values/9-360-704-1>		<http://ids.clld.org/parameters/9-360>		<http://ids.clld.org/values/9-360-286-3>		"toʔ"@pav	
"d'ò:ɳõ"@bfz	<http://ids.clld.org/values/9-360-704-1>		<http://ids.clld.org/parameters/9-360>		<http://ids.clld.org/values/9-360-286-1>		"hohok"@pav	
"tu"@bfz	<http://ids.clld.org/values/2-920-704-3>		<http://ids.clld.org/parameters/2-920>		<http://ids.clld.org/values/2-920-286-1>		"wum"@pav	
"pāŋkh"@bfz	<http://ids.clld.org/values/4-392-704-1>		<http://ids.clld.org/parameters/4-392>		<http://ids.clld.org/values/4-392-286-1>		"tapaši"@pav	
"ʈhī:k"@bfz	<http://ids.clld.org/values/16-730-704-1>		<http://ids.clld.org/parameters/16-730>		<http://ids.clld.org/values/16-730-286-1>		"šoʔ"@pav	
"ɖ'ʊ̃`ɪ"@bfz	<http://ids.clld.org/values/1-740-704-1>		<http://ids.clld.org/parameters/1-740>		<http://ids.clld.org/values/1-740-286-1>		"murukukuʔ"@pav	
"ɔɭnõ"@bfz	<http://ids.clld.org/values/10-230-704-1>		<http://ids.clld.org/parameters/10-230>		<http://ids.clld.org/values/10-230-286-3>		"kamaraʔ"@pav	
"ɔɭnõ"@bfz	<http://ids.clld.org/values/10-230-704-1>		<http://ids.clld.org/parameters/10-230>		<http://ids.clld.org/values/10-230-286-1>		"panʔ"@pav	
"ʈʊkɳõ"@bfz	<http://ids.clld.org/values/5-110-704-1>		<http://ids.clld.org/parameters/5-110>		<http://ids.clld.org/values/5-110-286-1>		"kaoʔ"@pav	
"ʈʊkɳõ"@bfz	<http://ids.clld.org/values/5-110-704-1>		<http://ids.clld.org/parameters/5-110>		<http://ids.clld.org/values/5-110-286-3>		"kakakaoʔ"@pav	
"dz'aɽno"@bfz	<http://ids.clld.org/values/9-220-704-1>		<http://ids.clld.org/parameters/9-220>		<http://ids.clld.org/values/9-220-286-7>		"nakarkamʔ"@pav	
"dz'aɽno"@bfz	<http://ids.clld.org/values/9-220-704-1>		<http://ids.clld.org/parameters/9-220>		<http://ids.clld.org/values/9-220-286-3>		"wawak"@pav	
"dz'aɽno"@bfz	<http://ids.clld.org/values/9-220-704-1>		<http://ids.clld.org/parameters/9-220>		<http://ids.clld.org/values/9-220-286-9>		"ta"@pav	
"dz'aɽno"@bfz	<http://ids.clld.org/values/9-220-704-1>		<http://ids.clld.org/parameters/9-220>		<http://ids.clld.org/values/9-220-286-5>		"nakamʔ"@pav	
"dz'aɽno"@bfz	<http://ids.clld.org/values/9-220-704-1>		<http://ids.clld.org/parameters/9-220>		<http://ids.clld.org/values/9-220-286-1>		"wak"@pav	
"sīn:'ɔ"@bfz	<http://ids.clld.org/values/15-830-704-1>		<http://ids.clld.org/parameters/15-830>		<http://ids.clld.org/values/15-830-286-1>		"šoʔ"@pav	
"bolɳõ"@bfz	<http://ids.clld.org/values/18-210-704-1>		<http://ids.clld.org/parameters/18-210>		<http://ids.clld.org/values/18-210-286-1>		"tomiʔ"@pav	
"dzaɭnõ"@bfz	<http://ids.clld.org/values/1-851-704-1>		<http://ids.clld.org/parameters/1-851>		<http://ids.clld.org/values/1-851-286-3>		"wiran"@pav	
"dzaɭnõ"@bfz	<http://ids.clld.org/values/1-851-704-1>		<http://ids.clld.org/parameters/1-851>		<http://ids.clld.org/values/1-851-286-1>		"tom"@pav	
"dzaɭnõ"@bfz	<http://ids.clld.org/values/1-851-704-1>		<http://ids.clld.org/parameters/1-851>		<http://ids.clld.org/values/1-851-286-5>		"karahoʔ"@pav	
"'òtsɽɔ"@bfz	<http://ids.clld.org/values/12-590-704-3>		<http://ids.clld.org/parameters/12-590>		<http://ids.clld.org/values/12-590-286-1>		"wiyimain"@pav	
"mɔlɳõ"@bfz	<http://ids.clld.org/values/9-310-704-1>		<http://ids.clld.org/parameters/9-310>		<http://ids.clld.org/values/9-310-286-1>		"šik"@pav	
"khālʈɔ"@bfz	<http://ids.clld.org/values/4-120-704-3>		<http://ids.clld.org/parameters/4-120>		<http://ids.clld.org/values/4-120-286-1>		"taparišiʔ"@pav	
"pəkrɛñɟi"@bfz	<http://ids.clld.org/values/4-461-704-3>		<http://ids.clld.org/parameters/4-461>		<http://ids.clld.org/values/4-461-286-1>		"monošiʔ (mon)"@pav	
"rɔstɔ"@bfz	<http://ids.clld.org/values/10-720-704-5>		<http://ids.clld.org/parameters/10-720>		<http://ids.clld.org/values/10-720-286-1>		"wana (wanayišiʔ)"@pav	
"ʈekɳõ"@bfz	<http://ids.clld.org/values/12-150-704-1>		<http://ids.clld.org/parameters/12-150>		<http://ids.clld.org/values/12-150-286-1>		"tekiʔ pe"@pav	
"ʈekɳõ"@bfz	<http://ids.clld.org/values/12-150-704-1>		<http://ids.clld.org/parameters/12-150>		<http://ids.clld.org/values/12-150-286-3>		"tekiʔ to"@pav	
"ɽɛ:ɳõ"@bfz	<http://ids.clld.org/values/10-370-704-5>		<http://ids.clld.org/parameters/10-370>		<http://ids.clld.org/values/10-370-286-3>		"toin"@pav	
"ɽɛ:ɳõ"@bfz	<http://ids.clld.org/values/10-370-704-5>		<http://ids.clld.org/parameters/10-370>		<http://ids.clld.org/values/10-370-286-1>		"takiʔ"@pav	
"badəɭ"@bfz	<http://ids.clld.org/values/1-730-704-1>		<http://ids.clld.org/parameters/1-730>		<http://ids.clld.org/values/1-730-286-1>		"tayain nanawin"@pav	
"pɔ:ɳ"@bfz	<http://ids.clld.org/values/1-720-704-1>		<http://ids.clld.org/parameters/1-720>		<http://ids.clld.org/values/1-720-286-1>		"hotowa"@pav	
"ɔ̀rɔ"@bfz	<http://ids.clld.org/values/15-680-704-1>		<http://ids.clld.org/parameters/15-680>		<http://ids.clld.org/values/15-680-286-1>		"tb̃um"@pav	
"phūkərnõ"@bfz	<http://ids.clld.org/values/10-380-704-1>		<http://ids.clld.org/parameters/10-380>		<http://ids.clld.org/values/10-380-286-3>		"hukoʔ"@pav	
"phūkərnõ"@bfz	<http://ids.clld.org/values/10-380-704-1>		<http://ids.clld.org/parameters/10-380>		<http://ids.clld.org/values/10-380-286-1>		"hu"@pav	
"ʃu:kho"@bfz	<http://ids.clld.org/values/15-840-704-3>		<http://ids.clld.org/parameters/15-840>		<http://ids.clld.org/values/15-840-286-1>		"kawainʔ"@pav	
"baguɳɔ"@bfz	<http://ids.clld.org/values/4-350-704-3>		<http://ids.clld.org/parameters/4-350>		<http://ids.clld.org/values/4-350-286-1>		"pišiyašiʔ"@pav	
"baguɳɔ"@bfz	<http://ids.clld.org/values/4-350-704-3>		<http://ids.clld.org/parameters/4-350>		<http://ids.clld.org/values/4-350-286-3>		"kokošiʔ"@pav	
"nɔ̄ ʃ"@bfz	<http://ids.clld.org/values/4-345-704-1>		<http://ids.clld.org/parameters/4-345>		<http://ids.clld.org/values/4-345-286-1>		"šikinain"@pav	
"brɪk:h"@bfz	<http://ids.clld.org/values/8-600-704-3>		<http://ids.clld.org/parameters/8-600>		<http://ids.clld.org/values/8-600-286-1>		"pana"@pav	
"kha:b"@bfz	<http://ids.clld.org/values/4-240-704-1>		<http://ids.clld.org/parameters/4-240>		<http://ids.clld.org/values/4-240-286-1>		"kapiyašiʔ (topak)"@pav	
"ʈo:ʈ"@bfz	<http://ids.clld.org/values/4-240-704-5>		<http://ids.clld.org/parameters/4-240>		<http://ids.clld.org/values/4-240-286-1>		"kapiyašiʔ (topak)"@pav	
"tsa:nd"@bfz	<http://ids.clld.org/values/1-530-704-1>		<http://ids.clld.org/parameters/1-530>		<http://ids.clld.org/values/1-530-286-1>		"panawoʔ"@pav	
"pɔb:ət"@bfz	<http://ids.clld.org/values/1-220-704-1>		<http://ids.clld.org/parameters/1-220>		<http://ids.clld.org/values/1-220-286-1>		"pakun"@pav	
"a:ɳõ"@bfz	<http://ids.clld.org/values/10-480-704-1>		<http://ids.clld.org/parameters/10-480>		<http://ids.clld.org/values/10-480-286-1>		"makiʔ"@pav	
"d'ũ`ɔ"@bfz	<http://ids.clld.org/values/1-830-704-1>		<http://ids.clld.org/parameters/1-830>		<http://ids.clld.org/values/1-830-286-1>		"tainʔ"@pav	
"bɔʈhɳo"@bfz	<http://ids.clld.org/values/12-130-704-1>		<http://ids.clld.org/parameters/12-130>		<http://ids.clld.org/values/12-130-286-1>		"šaoʔ pe"@pav	
"bɔʈhɳo"@bfz	<http://ids.clld.org/values/12-130-704-1>		<http://ids.clld.org/parameters/12-130>		<http://ids.clld.org/values/12-130-286-3>		"šaoʔ to"@pav	
"ʃāp:əɽ"@bfz	<http://ids.clld.org/values/1-440-704-3>		<http://ids.clld.org/parameters/1-440>		<http://ids.clld.org/values/1-440-286-1>		"pakun"@pav	
"paɳɪ"@bfz	<http://ids.clld.org/values/1-310-704-3>		<http://ids.clld.org/parameters/1-310>		<http://ids.clld.org/values/1-310-286-1>		"kom (komišiʔ)"@pav	
"du:r"@bfz	<http://ids.clld.org/values/12-440-704-1>		<http://ids.clld.org/parameters/12-440>		<http://ids.clld.org/values/12-440-286-1>		"pira"@pav	
"phulɽu"@bfz	<http://ids.clld.org/values/8-570-704-1>		<http://ids.clld.org/parameters/8-570>		<http://ids.clld.org/values/8-570-286-3>		"wiyein"@pav	
"phulɽu"@bfz	<http://ids.clld.org/values/8-570-704-1>		<http://ids.clld.org/parameters/8-570>		<http://ids.clld.org/values/8-570-286-1>		"piwain"@pav	
"iɟe"@bfz	<http://ids.clld.org/values/2-360-704-5>		<http://ids.clld.org/parameters/2-360>		<http://ids.clld.org/values/2-360-286-1>		"naʔ"@pav	
"b'ɛ̀:"@bfz	<http://ids.clld.org/values/16-530-704-1>		<http://ids.clld.org/parameters/16-530>		<http://ids.clld.org/values/16-530-286-1>		"yinʔ"@pav	
"ʈhāɳɖɔ"@bfz	<http://ids.clld.org/values/15-860-704-1>		<http://ids.clld.org/parameters/15-860>		<http://ids.clld.org/values/15-860-286-1>		"šio"@pav	
"ʈhāɳɖɔ"@bfz	<http://ids.clld.org/values/15-860-704-1>		<http://ids.clld.org/parameters/15-860>		<http://ids.clld.org/values/15-860-286-3>		"kapinʔ"@pav	
"dzīb:"@bfz	<http://ids.clld.org/values/4-260-704-1>		<http://ids.clld.org/parameters/4-260>		<http://ids.clld.org/values/4-260-286-1>		"petehwet nešiʔ (petehwet)"@pav	
"khoɽnōn"@bfz	<http://ids.clld.org/values/8-220-704-1>		<http://ids.clld.org/parameters/8-220>		<http://ids.clld.org/values/8-220-286-1>		"še"@pav	
"khoɽnōn"@bfz	<http://ids.clld.org/values/8-220-704-1>		<http://ids.clld.org/parameters/8-220>		<http://ids.clld.org/values/8-220-286-3>		"šikeʔ"@pav	
"ʃʊ̄ɳnõ"@bfz	<http://ids.clld.org/values/15-410-704-1>		<http://ids.clld.org/parameters/15-410>		<http://ids.clld.org/values/15-410-286-1>		"tarayu"@pav	
"dēkhɳõ"@bfz	<http://ids.clld.org/values/15-510-704-1>		<http://ids.clld.org/parameters/15-510>		<http://ids.clld.org/values/15-510-286-1>		"kerek"@pav	
"bagə"@bfz	<http://ids.clld.org/values/1-720-704-5>		<http://ids.clld.org/parameters/1-720>		<http://ids.clld.org/values/1-720-286-1>		"hotowa"@pav	
"pəraɳɔ"@bfz	<http://ids.clld.org/values/14-150-704-1>		<http://ids.clld.org/parameters/14-150>		<http://ids.clld.org/values/14-150-286-1>		"maraʔ"@pav	
"pəraɳɔ"@bfz	<http://ids.clld.org/values/14-150-704-1>		<http://ids.clld.org/parameters/14-150>		<http://ids.clld.org/values/14-150-286-3>		"horon"@pav	
"mās"@bfz	<http://ids.clld.org/values/4-130-704-1>		<http://ids.clld.org/parameters/4-130>		<http://ids.clld.org/values/4-130-286-1>		"kwerešiʔ"@pav	
"maɪ"@bfz	<http://ids.clld.org/values/2-360-704-9>		<http://ids.clld.org/parameters/2-360>		<http://ids.clld.org/values/2-360-286-1>		"naʔ"@pav	
"māts:hɪ"@bfz	<http://ids.clld.org/values/3-650-704-3>		<http://ids.clld.org/parameters/3-650>		<http://ids.clld.org/values/3-650-286-1>		"hwam (hwamišiʔ)"@pav	
"d'àk:ɔ"@bfz	<http://ids.clld.org/values/10-670-704-1>		<http://ids.clld.org/parameters/10-670>		<http://ids.clld.org/values/10-670-286-1>		"yök"@pav	
"mʊ:ɳɖ"@bfz	<http://ids.clld.org/values/4-200-704-1>		<http://ids.clld.org/parameters/4-200>		<http://ids.clld.org/values/4-200-286-1>		"winašiʔ (wayiʔ)"@pav	
"kō:rɔ"@bfz	<http://ids.clld.org/values/12-730-704-5>		<http://ids.clld.org/parameters/12-730>		<http://ids.clld.org/values/12-730-286-1>		"ka om šone ne"@pav	
"kuk:ər"@bfz	<http://ids.clld.org/values/3-610-704-1>		<http://ids.clld.org/parameters/3-610>		<http://ids.clld.org/values/3-610-286-1>		"oromiyak"@pav	
"ulʈɔ"@bfz	<http://ids.clld.org/values/12-420-704-1>		<http://ids.clld.org/parameters/12-420>		<http://ids.clld.org/values/12-420-286-1>		"parayišiʔ"@pav	
"ba:t"@bfz	<http://ids.clld.org/values/10-720-704-7>		<http://ids.clld.org/parameters/10-720>		<http://ids.clld.org/values/10-720-286-1>		"wana (wanayišiʔ)"@pav	
"swā:"@bfz	<http://ids.clld.org/values/1-840-704-3>		<http://ids.clld.org/parameters/1-840>		<http://ids.clld.org/values/1-840-286-1>		"topakon"@pav	
"a:dmi"@bfz	<http://ids.clld.org/values/2-210-704-1>		<http://ids.clld.org/parameters/2-210>		<http://ids.clld.org/values/2-210-286-1>		"taramaʔ"@pav	
"bəru:r"@bfz	<http://ids.clld.org/values/1-213-704-3>		<http://ids.clld.org/parameters/1-213>		<http://ids.clld.org/values/1-213-286-1>		"tainʔ"@pav	
"sūlʈɔ"@bfz	<http://ids.clld.org/values/12-410-704-1>		<http://ids.clld.org/parameters/12-410>		<http://ids.clld.org/values/12-410-286-1>		"irikwerešiʔ"@pav	
"a:ŋkh"@bfz	<http://ids.clld.org/values/4-210-704-5>		<http://ids.clld.org/parameters/4-210>		<http://ids.clld.org/values/4-210-286-1>		"tokošiʔ (tok)"@pav	
"pāntshɪ"@bfz	<http://ids.clld.org/values/3-581-704-5>		<http://ids.clld.org/parameters/3-581>		<http://ids.clld.org/values/3-581-286-1>		"me"@pav	
"rɔ̄ʃ:ɔ"@bfz	<http://ids.clld.org/values/9-190-704-5>		<http://ids.clld.org/parameters/9-190>		<http://ids.clld.org/values/9-190-286-1>		"makon (makorišiʔ)"@pav	
"ba:b"@bfz	<http://ids.clld.org/values/2-350-704-3>		<http://ids.clld.org/parameters/2-350>		<http://ids.clld.org/values/2-350-286-1>		"te"@pav	
"pāŋkh"@bfz	<http://ids.clld.org/values/4-393-704-1>		<http://ids.clld.org/parameters/4-393>		<http://ids.clld.org/values/4-393-286-1>		"tenenein (šun)"@pav	
"ɖalɳo"@bfz	<http://ids.clld.org/values/10-250-704-1>		<http://ids.clld.org/parameters/10-250>		<http://ids.clld.org/values/10-250-286-3>		"wišikaoʔ"@pav	
"ɖalɳo"@bfz	<http://ids.clld.org/values/10-250-704-1>		<http://ids.clld.org/parameters/10-250>		<http://ids.clld.org/values/10-250-286-1>		"šin"@pav	
"cigɔɽ"@bfz	<http://ids.clld.org/values/4-190-704-1>		<http://ids.clld.org/parameters/4-190>		<http://ids.clld.org/values/4-190-286-1>		"warašiʔ"@pav	
"ɔʈho"@bfz	<http://ids.clld.org/values/4-280-704-1>		<http://ids.clld.org/parameters/4-280>		<http://ids.clld.org/values/4-280-286-1>		"paramašiʔ"@pav	
"bɔ:ʈɪ"@bfz	<http://ids.clld.org/values/2-320-704-3>		<http://ids.clld.org/parameters/2-320>		<http://ids.clld.org/values/2-320-286-1>		"mana"@pav	
"pətsɛʈ:ɔ"@bfz	<http://ids.clld.org/values/11-150-704-1>		<http://ids.clld.org/parameters/11-150>		<http://ids.clld.org/values/11-150-286-1>		"kep"@pav	
"paŋkho"@bfz	<http://ids.clld.org/values/4-392-704-3>		<http://ids.clld.org/parameters/4-392>		<http://ids.clld.org/values/4-392-286-1>		"tapaši"@pav	
"nɛ:"@bfz	<http://ids.clld.org/values/1-360-704-7>		<http://ids.clld.org/parameters/1-360>		<http://ids.clld.org/values/1-360-286-1>		"kom"@pav	
"kro:d"@bfz	<http://ids.clld.org/values/16-420-704-1>		<http://ids.clld.org/parameters/16-420>		<http://ids.clld.org/values/16-420-286-1>		"manaʔ"@pav	
"ke:r"@bfz	<http://ids.clld.org/values/4-280-704-5>		<http://ids.clld.org/parameters/4-280>		<http://ids.clld.org/values/4-280-286-1>		"paramašiʔ"@pav	
"thʊ̄ŋgɳõ"@bfz	<http://ids.clld.org/values/5-110-704-3>		<http://ids.clld.org/parameters/5-110>		<http://ids.clld.org/values/5-110-286-1>		"kaoʔ"@pav	
"thʊ̄ŋgɳõ"@bfz	<http://ids.clld.org/values/5-110-704-3>		<http://ids.clld.org/parameters/5-110>		<http://ids.clld.org/values/5-110-286-3>		"kakakaoʔ"@pav	
"mɔrd"@bfz	<http://ids.clld.org/values/2-210-704-3>		<http://ids.clld.org/parameters/2-210>		<http://ids.clld.org/values/2-210-286-1>		"taramaʔ"@pav	
"sɔ̄b"@bfz	<http://ids.clld.org/values/13-140-704-1>		<http://ids.clld.org/parameters/13-140>		<http://ids.clld.org/values/13-140-286-1>		"šam"@pav	
"nəsāsɳõ"@bfz	<http://ids.clld.org/values/4-510-704-1>		<http://ids.clld.org/parameters/4-510>		<http://ids.clld.org/values/4-510-286-1>		"wereme"@pav	
"pɛ:ɳɖ"@bfz	<http://ids.clld.org/values/10-720-704-1>		<http://ids.clld.org/parameters/10-720>		<http://ids.clld.org/values/10-720-286-1>		"wana (wanayišiʔ)"@pav	
"tshōʈ:ɔ"@bfz	<http://ids.clld.org/values/12-560-704-1>		<http://ids.clld.org/parameters/12-560>		<http://ids.clld.org/values/12-560-286-1>		"wiyimain"@pav	
"āt:shɔ"@bfz	<http://ids.clld.org/values/16-710-704-1>		<http://ids.clld.org/parameters/16-710>		<http://ids.clld.org/values/16-710-286-1>		"awi"@pav	
"cūʃɳõ"@bfz	<http://ids.clld.org/values/5-160-704-1>		<http://ids.clld.org/parameters/5-160>		<http://ids.clld.org/values/5-160-286-1>		"šok"@pav	
"cūʃɳõ"@bfz	<http://ids.clld.org/values/5-160-704-1>		<http://ids.clld.org/parameters/5-160>		<http://ids.clld.org/values/5-160-286-3>		"šak"@pav	
"pətsintsərnõ"@bfz	<http://ids.clld.org/values/9-343-704-1>		<http://ids.clld.org/parameters/9-343>		<http://ids.clld.org/values/9-343-286-1>		"humʔ"@pav	
"mɔrnõ"@bfz	<http://ids.clld.org/values/4-750-704-1>		<http://ids.clld.org/parameters/4-750>		<http://ids.clld.org/values/4-750-286-3>		"konoʔ"@pav	
"mɔrnõ"@bfz	<http://ids.clld.org/values/4-750-704-1>		<http://ids.clld.org/parameters/4-750>		<http://ids.clld.org/values/4-750-286-1>		"miʔ pin"@pav	
"sɔ̄"@bfz	<http://ids.clld.org/values/2-930-704-1>		<http://ids.clld.org/parameters/2-930>		<http://ids.clld.org/values/2-930-286-1>		"ko maʔ"@pav	
"lɔmbo"@bfz	<http://ids.clld.org/values/12-570-704-1>		<http://ids.clld.org/parameters/12-570>		<http://ids.clld.org/values/12-570-286-1>		"matam"@pav	
"pundz'əɽ"@bfz	<http://ids.clld.org/values/4-180-704-1>		<http://ids.clld.org/parameters/4-180>		<http://ids.clld.org/values/4-180-286-1>		"kahwerein"@pav	
"dud'u"@bfz	<http://ids.clld.org/values/4-410-704-1>		<http://ids.clld.org/parameters/4-410>		<http://ids.clld.org/values/4-410-286-1>		"karašišiʔ (katat)"@pav	
"nɔuwɔ"@bfz	<http://ids.clld.org/values/14-130-704-1>		<http://ids.clld.org/parameters/14-130>		<http://ids.clld.org/values/14-130-286-1>		"šokori"@pav	
"pərkɛñɟi"@bfz	<http://ids.clld.org/values/4-461-704-1>		<http://ids.clld.org/parameters/4-461>		<http://ids.clld.org/values/4-461-286-1>		"monošiʔ (mon)"@pav	
"g'a:s"@bfz	<http://ids.clld.org/values/8-510-704-7>		<http://ids.clld.org/parameters/8-510>		<http://ids.clld.org/values/8-510-286-1>		"tononoin"@pav	
"baũo"@bfz	<http://ids.clld.org/values/12-420-704-3>		<http://ids.clld.org/parameters/12-420>		<http://ids.clld.org/values/12-420-286-1>		"parayišiʔ"@pav	
"dzəɭauɳõ"@bfz	<http://ids.clld.org/values/1-851-704-3>		<http://ids.clld.org/parameters/1-851>		<http://ids.clld.org/values/1-851-286-3>		"wiran"@pav	
"dzəɭauɳõ"@bfz	<http://ids.clld.org/values/1-851-704-3>		<http://ids.clld.org/parameters/1-851>		<http://ids.clld.org/values/1-851-286-1>		"tom"@pav	
"dzəɭauɳõ"@bfz	<http://ids.clld.org/values/1-851-704-3>		<http://ids.clld.org/parameters/1-851>		<http://ids.clld.org/values/1-851-286-5>		"karahoʔ"@pav	
"a:dmi"@bfz	<http://ids.clld.org/values/2-310-704-1>		<http://ids.clld.org/parameters/2-310>		<http://ids.clld.org/values/2-310-286-1>		"taši"@pav	
"dɔʃe"@bfz	<http://ids.clld.org/values/2-220-704-3>		<http://ids.clld.org/parameters/2-220>		<http://ids.clld.org/values/2-220-286-1>		"narimaʔ"@pav	
"pākhɽɔ"@bfz	<http://ids.clld.org/values/4-393-704-5>		<http://ids.clld.org/parameters/4-393>		<http://ids.clld.org/values/4-393-286-1>		"tenenein (šun)"@pav	
"dzɔɳɔ"@bfz	<http://ids.clld.org/values/2-100-704-1>		<http://ids.clld.org/parameters/2-100>		<http://ids.clld.org/values/2-100-286-1>		"wariʔ"@pav	
"tu:"@bfz	<http://ids.clld.org/values/2-920-704-1>		<http://ids.clld.org/parameters/2-920>		<http://ids.clld.org/values/2-920-286-1>		"wum"@pav	
"bɔ:ʈu"@bfz	<http://ids.clld.org/values/2-310-704-3>		<http://ids.clld.org/parameters/2-310>		<http://ids.clld.org/values/2-310-286-1>		"taši"@pav	
"phɔ̄ɭ"@bfz	<http://ids.clld.org/values/5-710-704-1>		<http://ids.clld.org/parameters/5-710>		<http://ids.clld.org/values/5-710-286-3>		"winain"@pav	
"phɔ̄ɭ"@bfz	<http://ids.clld.org/values/5-710-704-1>		<http://ids.clld.org/parameters/5-710>		<http://ids.clld.org/values/5-710-286-1>		"memem"@pav	
"dzɔl:"@bfz	<http://ids.clld.org/values/1-310-704-1>		<http://ids.clld.org/parameters/1-310>		<http://ids.clld.org/values/1-310-286-1>		"kom (komišiʔ)"@pav	
"paŋör"@bfz	<http://ids.clld.org/values/2-270-704-5>		<http://ids.clld.org/parameters/2-270>		<http://ids.clld.org/values/2-270-286-1>		"piyeʔ"@pav	
"dɔʈɳõ"@bfz	<http://ids.clld.org/values/5-110-704-5>		<http://ids.clld.org/parameters/5-110>		<http://ids.clld.org/values/5-110-286-1>		"kaoʔ"@pav	
"dɔʈɳõ"@bfz	<http://ids.clld.org/values/5-110-704-5>		<http://ids.clld.org/parameters/5-110>		<http://ids.clld.org/values/5-110-286-3>		"kakakaoʔ"@pav	
"ɖja:ɳo"@bfz	<http://ids.clld.org/values/10-370-704-1>		<http://ids.clld.org/parameters/10-370>		<http://ids.clld.org/values/10-370-286-3>		"toin"@pav	
"ɖja:ɳo"@bfz	<http://ids.clld.org/values/10-370-704-1>		<http://ids.clld.org/parameters/10-370>		<http://ids.clld.org/values/10-370-286-1>		"takiʔ"@pav	
"ɟ'ɛ̄ʈhɳõ"@bfz	<http://ids.clld.org/values/20-110-704-1>		<http://ids.clld.org/parameters/20-110>		<http://ids.clld.org/values/20-110-286-1>		"mišita"@pav	
"ēk:ho"@bfz	<http://ids.clld.org/values/13-181-704-1>		<http://ids.clld.org/parameters/13-181>		<http://ids.clld.org/values/13-181-286-1>		"arakaʔ"@pav	
"rat:ɔ"@bfz	<http://ids.clld.org/values/15-660-704-1>		<http://ids.clld.org/parameters/15-660>		<http://ids.clld.org/values/15-660-286-1>		"pakaʔ"@pav	
"gəsraɭnõ"@bfz	<http://ids.clld.org/values/9-210-704-1>		<http://ids.clld.org/parameters/9-210>		<http://ids.clld.org/values/9-210-286-1>		"toʔ"@pav	
"ʃīk:h"@bfz	<http://ids.clld.org/values/5-610-704-1>		<http://ids.clld.org/parameters/5-610>		<http://ids.clld.org/values/5-610-286-1>		"karawa (karamayišiʔ)"@pav	
"paŋkhɽu"@bfz	<http://ids.clld.org/values/3-581-704-3>		<http://ids.clld.org/parameters/3-581>		<http://ids.clld.org/values/3-581-286-1>		"me"@pav	
"gɔrkɔ"@bfz	<http://ids.clld.org/values/15-810-704-1>		<http://ids.clld.org/parameters/15-810>		<http://ids.clld.org/values/15-810-286-3>		"taʔ man"@pav	
"gɔrkɔ"@bfz	<http://ids.clld.org/values/15-810-704-1>		<http://ids.clld.org/parameters/15-810>		<http://ids.clld.org/values/15-810-286-1>		"šite"@pav	
"gɔrkɔ"@bfz	<http://ids.clld.org/values/15-810-704-1>		<http://ids.clld.org/parameters/15-810>		<http://ids.clld.org/values/15-810-286-5>		"teʔ man"@pav	
"dzanu"@bfz	<http://ids.clld.org/values/4-360-704-3>		<http://ids.clld.org/parameters/4-360>		<http://ids.clld.org/values/4-360-286-1>		"karamašiʔ (karam)"@pav	
"sīd:'ɔ"@bfz	<http://ids.clld.org/values/12-730-704-3>		<http://ids.clld.org/parameters/12-730>		<http://ids.clld.org/values/12-730-286-1>		"ka om šone ne"@pav	
"tshā:r"@bfz	<http://ids.clld.org/values/1-840-704-1>		<http://ids.clld.org/parameters/1-840>		<http://ids.clld.org/values/1-840-286-1>		"topakon"@pav	
"g'ā:"@bfz	<http://ids.clld.org/values/8-510-704-3>		<http://ids.clld.org/parameters/8-510>		<http://ids.clld.org/values/8-510-286-1>		"tononoin"@pav	
"dusɽu"@bfz	<http://ids.clld.org/values/1-520-704-1>		<http://ids.clld.org/parameters/1-520>		<http://ids.clld.org/values/1-520-286-1>		"šina"@pav	
"rōʃ"@bfz	<http://ids.clld.org/values/16-420-704-3>		<http://ids.clld.org/parameters/16-420>		<http://ids.clld.org/values/16-420-286-1>		"manaʔ"@pav	
"tsɔndər"@bfz	<http://ids.clld.org/values/1-530-704-5>		<http://ids.clld.org/parameters/1-530>		<http://ids.clld.org/values/1-530-286-1>		"panawoʔ"@pav	
"mũ"@bfz	<http://ids.clld.org/values/2-910-704-3>		<http://ids.clld.org/parameters/2-910>		<http://ids.clld.org/values/2-910-286-1>		"wataʔ"@pav	
"àɖ:"@bfz	<http://ids.clld.org/values/4-160-704-1>		<http://ids.clld.org/parameters/4-160>		<http://ids.clld.org/values/4-160-286-1>		"arašiʔ (at)"@pav	
"dzɔ:th"@bfz	<http://ids.clld.org/values/1-530-704-7>		<http://ids.clld.org/parameters/1-530>		<http://ids.clld.org/values/1-530-286-1>		"panawoʔ"@pav	
"dz'ūkhɽɔ"@bfz	<http://ids.clld.org/values/1-430-704-1>		<http://ids.clld.org/parameters/1-430>		<http://ids.clld.org/values/1-430-286-1>		"pana"@pav	
"gɛ:ɳ"@bfz	<http://ids.clld.org/values/1-510-704-1>		<http://ids.clld.org/parameters/1-510>		<http://ids.clld.org/values/1-510-286-1>		"nanawin"@pav	
"ɟɔgrɔ"@bfz	<http://ids.clld.org/values/15-880-704-1>		<http://ids.clld.org/parameters/15-880>		<http://ids.clld.org/values/15-880-286-1>		"mišem"@pav	
"pundz'ʈɪ"@bfz	<http://ids.clld.org/values/4-180-704-5>		<http://ids.clld.org/parameters/4-180>		<http://ids.clld.org/values/4-180-286-1>		"kahwerein"@pav	
"bɔ̄:ɳõ"@bfz	<http://ids.clld.org/values/10-320-704-1>		<http://ids.clld.org/parameters/10-320>		<http://ids.clld.org/values/10-320-286-3>		"weweweo"@pav	
"bɔ̄:ɳõ"@bfz	<http://ids.clld.org/values/10-320-704-1>		<http://ids.clld.org/parameters/10-320>		<http://ids.clld.org/values/10-320-286-1>		"weo"@pav	
"ʃīkhʈɪ"@bfz	<http://ids.clld.org/values/5-610-704-3>		<http://ids.clld.org/parameters/5-610>		<http://ids.clld.org/values/5-610-286-1>		"karawa (karamayišiʔ)"@pav	
"bʊ̄ɖ:'ɔ"@bfz	<http://ids.clld.org/values/14-150-704-3>		<http://ids.clld.org/parameters/14-150>		<http://ids.clld.org/values/14-150-286-1>		"maraʔ"@pav	
"bʊ̄ɖ:'ɔ"@bfz	<http://ids.clld.org/values/14-150-704-3>		<http://ids.clld.org/parameters/14-150>		<http://ids.clld.org/values/14-150-286-3>		"horon"@pav	
"òstɔ"@bfz	<http://ids.clld.org/values/12-590-704-1>		<http://ids.clld.org/parameters/12-590>		<http://ids.clld.org/values/12-590-286-1>		"wiyimain"@pav	
"pɛn:ɔ"@bfz	<http://ids.clld.org/values/15-780-704-1>		<http://ids.clld.org/parameters/15-780>		<http://ids.clld.org/values/15-780-286-1>		"šaʔ"@pav	
"ka:n"@bfz	<http://ids.clld.org/values/4-220-704-1>		<http://ids.clld.org/parameters/4-220>		<http://ids.clld.org/values/4-220-286-1>		"tara-yišiʔ (taraʔ)"@pav	
"a:g"@bfz	<http://ids.clld.org/values/1-810-704-1>		<http://ids.clld.org/parameters/1-810>		<http://ids.clld.org/values/1-810-286-1>		"še"@pav	
"tue"@bfz	<http://ids.clld.org/values/2-950-704-1>		<http://ids.clld.org/parameters/2-950>		<http://ids.clld.org/values/2-950-286-1>		"wahuʔ"@pav	
"bədzauɳõ"@bfz	<http://ids.clld.org/values/16-260-704-3>		<http://ids.clld.org/parameters/16-260>		<http://ids.clld.org/values/16-260-286-1>		"warayu"@pav	
"kaɭɔ"@bfz	<http://ids.clld.org/values/15-650-704-1>		<http://ids.clld.org/parameters/15-650>		<http://ids.clld.org/values/15-650-286-1>		"mišem"@pav	
"baɭu"@bfz	<http://ids.clld.org/values/1-215-704-1>		<http://ids.clld.org/parameters/1-215>		<http://ids.clld.org/values/1-215-286-1>		"namayi"@pav	
"re:t"@bfz	<http://ids.clld.org/values/1-215-704-3>		<http://ids.clld.org/parameters/1-215>		<http://ids.clld.org/values/1-215-286-1>		"namayi"@pav	
"b'òbəɽ"@bfz	<http://ids.clld.org/values/4-240-704-7>		<http://ids.clld.org/parameters/4-240>		<http://ids.clld.org/values/4-240-286-1>		"kapiyašiʔ (topak)"@pav	
"chaŋgʈu"@bfz	<http://ids.clld.org/values/2-270-704-3>		<http://ids.clld.org/parameters/2-270>		<http://ids.clld.org/values/2-270-286-1>		"piyeʔ"@pav	
