"sɛ̄ʊ̃ɳõ"@bfz	<http://ids.clld.org/values/6-350-704-1>		<http://ids.clld.org/parameters/6-350>		<http://ids.clld.org/values/6-350-261-1>		"-'po-ri-a"@brg	
"sɛ̄ʊ̃ɳõ"@bfz	<http://ids.clld.org/values/6-350-704-1>		<http://ids.clld.org/parameters/6-350>		<http://ids.clld.org/values/6-350-261-3>		"ni-'poṛ̌ia-w"@brg	
"bɔɖɽɔ"@bfz	<http://ids.clld.org/values/12-550-704-1>		<http://ids.clld.org/parameters/12-550>		<http://ids.clld.org/values/12-550-261-1>		"čo-"@brg	
"paɳkho"@bfz	<http://ids.clld.org/values/4-393-704-3>		<http://ids.clld.org/parameters/4-393>		<http://ids.clld.org/values/4-393-261-1>		"e'sis"@brg	
"g'ìnɳõ"@bfz	<http://ids.clld.org/values/11-130-704-3>		<http://ids.clld.org/parameters/11-130>		<http://ids.clld.org/values/11-130-261-1>		"-a'mo"@brg	
"sɔrlo"@bfz	<http://ids.clld.org/values/12-730-704-1>		<http://ids.clld.org/parameters/12-730>		<http://ids.clld.org/values/12-730-261-1>		"to'βi-"@brg	
"bānd'"@bfz	<http://ids.clld.org/values/9-190-704-3>		<http://ids.clld.org/parameters/9-190>		<http://ids.clld.org/values/9-190-261-1>		"ni-'ro-"@brg	
"tsɔŋkɽo"@bfz	<http://ids.clld.org/values/4-120-704-5>		<http://ids.clld.org/parameters/4-120>		<http://ids.clld.org/values/4-120-261-1>		"-č-om"@brg	
"tsɔŋkɽo"@bfz	<http://ids.clld.org/values/4-120-704-5>		<http://ids.clld.org/parameters/4-120>		<http://ids.clld.org/values/4-120-261-3>		"ni-'čom"@brg	
"paŋgra"@bfz	<http://ids.clld.org/values/2-440-704-1>		<http://ids.clld.org/parameters/2-440>		<http://ids.clld.org/values/2-440-261-1>		"ni'piri"@brg	
"paŋgra"@bfz	<http://ids.clld.org/values/2-440-704-1>		<http://ids.clld.org/parameters/2-440>		<http://ids.clld.org/values/2-440-261-3>		"ni'ay"@brg	
"pak:ɔ"@bfz	<http://ids.clld.org/values/5-123-704-1>		<http://ids.clld.org/parameters/5-123>		<http://ids.clld.org/values/5-123-261-1>		"-ya-"@brg	
"bɔ:"@bfz	<http://ids.clld.org/values/5-791-704-1>		<http://ids.clld.org/parameters/5-791>		<http://ids.clld.org/values/5-791-261-1>		"ro'kamokow"@brg	
"nɛde"@bfz	<http://ids.clld.org/values/1-360-704-3>		<http://ids.clld.org/parameters/1-360>		<http://ids.clld.org/values/1-360-261-1>		"wapo'eṛ̌"@brg	
"d'àg:ɔ"@bfz	<http://ids.clld.org/values/6-380-704-3>		<http://ids.clld.org/parameters/6-380>		<http://ids.clld.org/values/6-380-261-1>		"kotipo'pin"@brg	
"tsɔnd"@bfz	<http://ids.clld.org/values/1-530-704-3>		<http://ids.clld.org/parameters/1-530>		<http://ids.clld.org/values/1-530-261-1>		"ki'he-ṛ̌"@brg	
"la:t"@bfz	<http://ids.clld.org/values/4-370-704-3>		<http://ids.clld.org/parameters/4-370>		<http://ids.clld.org/values/4-370-261-1>		"ni'poih"@brg	
"bolɳõ"@bfz	<http://ids.clld.org/values/18-220-704-1>		<http://ids.clld.org/parameters/18-220>		<http://ids.clld.org/values/18-220-261-1>		"'k-ičo"@brg	
"dzaɳnõ"@bfz	<http://ids.clld.org/values/17-170-704-1>		<http://ids.clld.org/parameters/17-170>		<http://ids.clld.org/values/17-170-261-1>		"-čo-"@brg	
"dzaɳnõ"@bfz	<http://ids.clld.org/values/17-170-704-1>		<http://ids.clld.org/parameters/17-170>		<http://ids.clld.org/values/17-170-261-3>		"-tiṛ̌i"@brg	
"bɪ:dz"@bfz	<http://ids.clld.org/values/8-311-704-1>		<http://ids.clld.org/parameters/8-311>		<http://ids.clld.org/values/8-311-261-1>		"e'so-ki"@brg	
"dzaɳu"@bfz	<http://ids.clld.org/values/4-360-704-1>		<http://ids.clld.org/parameters/4-360>		<http://ids.clld.org/values/4-360-261-1>		"ničo'βekos"@brg	
"adəte"@bfz	<http://ids.clld.org/values/19-610-704-1>		<http://ids.clld.org/parameters/19-610>		<http://ids.clld.org/values/19-610-261-1>		"-'rapi"@brg	
"sõrlo"@bfz	<http://ids.clld.org/values/15-770-704-1>		<http://ids.clld.org/parameters/15-770>		<http://ids.clld.org/values/15-770-261-1>		"-'mo-ri"@brg	
"dɛ:ɳõ"@bfz	<http://ids.clld.org/values/11-210-704-1>		<http://ids.clld.org/parameters/11-210>		<http://ids.clld.org/values/11-210-261-1>		"-po'e-ko-w"@brg	
"d'ʊ`ɭɔ"@bfz	<http://ids.clld.org/values/1-213-704-1>		<http://ids.clld.org/parameters/1-213>		<http://ids.clld.org/values/1-213-261-3>		"poi-p"@brg	
"d'ʊ`ɭɔ"@bfz	<http://ids.clld.org/values/1-213-704-1>		<http://ids.clld.org/parameters/1-213>		<http://ids.clld.org/values/1-213-261-1>		"kopo'eṛ̌"@brg	
"ba:ɳ"@bfz	<http://ids.clld.org/values/20-250-704-3>		<http://ids.clld.org/parameters/20-250>		<http://ids.clld.org/values/20-250-261-1>		"kori-"@brg	
"ai"@bfz	<http://ids.clld.org/values/2-360-704-1>		<http://ids.clld.org/parameters/2-360>		<http://ids.clld.org/values/2-360-261-1>		"n-en"@brg	
"sɔ̄rəg"@bfz	<http://ids.clld.org/values/1-510-704-3>		<http://ids.clld.org/parameters/1-510>		<http://ids.clld.org/values/1-510-261-1>		"a'ni-ye"@brg	
"g'ɔ̀r:r"@bfz	<http://ids.clld.org/values/7-120-704-1>		<http://ids.clld.org/parameters/7-120>		<http://ids.clld.org/values/7-120-261-5>		"-den-pe-n"@brg	
"g'ɔ̀r:r"@bfz	<http://ids.clld.org/values/7-120-704-1>		<http://ids.clld.org/parameters/7-120>		<http://ids.clld.org/values/7-120-261-3>		"-'we-ṛ̌"@brg	
"g'ɔ̀r:r"@bfz	<http://ids.clld.org/values/7-120-704-1>		<http://ids.clld.org/parameters/7-120>		<http://ids.clld.org/values/7-120-261-1>		"'pa-ṛ̌i"@brg	
"pundz'ʈa"@bfz	<http://ids.clld.org/values/4-180-704-3>		<http://ids.clld.org/parameters/4-180>		<http://ids.clld.org/values/4-180-261-1>		"-i'ho-s"@brg	
"cənalʈu"@bfz	<http://ids.clld.org/values/4-440-704-1>		<http://ids.clld.org/parameters/4-440>		<http://ids.clld.org/values/4-440-261-1>		"neto'koʔin"@brg	
"am:a"@bfz	<http://ids.clld.org/values/2-360-704-3>		<http://ids.clld.org/parameters/2-360>		<http://ids.clld.org/values/2-360-261-1>		"n-en"@brg	
"āt:h"@bfz	<http://ids.clld.org/values/4-330-704-1>		<http://ids.clld.org/parameters/4-330>		<http://ids.clld.org/values/4-330-261-1>		"-wo-"@brg	
"āt:h"@bfz	<http://ids.clld.org/values/4-330-704-1>		<http://ids.clld.org/parameters/4-330>		<http://ids.clld.org/values/4-330-261-3>		"ni-'wohi-s"@brg	
"muɔ"@bfz	<http://ids.clld.org/values/4-750-704-3>		<http://ids.clld.org/parameters/4-750>		<http://ids.clld.org/values/4-750-261-3>		"ṛ̌e'pen"@brg	
"muɔ"@bfz	<http://ids.clld.org/values/4-750-704-3>		<http://ids.clld.org/parameters/4-750>		<http://ids.clld.org/values/4-750-261-1>		"-e'pe-"@brg	
"pa:c"@bfz	<http://ids.clld.org/values/8-560-704-3>		<http://ids.clld.org/parameters/8-560>		<http://ids.clld.org/values/8-560-261-1>		"e-pono'e"@brg	
"pundz'ɽɪ"@bfz	<http://ids.clld.org/values/4-180-704-7>		<http://ids.clld.org/parameters/4-180>		<http://ids.clld.org/values/4-180-261-1>		"-i'ho-s"@brg	
"dərɛu"@bfz	<http://ids.clld.org/values/1-360-704-1>		<http://ids.clld.org/parameters/1-360>		<http://ids.clld.org/values/1-360-261-1>		"wapo'eṛ̌"@brg	
"dz'ò:ʈ"@bfz	<http://ids.clld.org/values/8-540-704-1>		<http://ids.clld.org/parameters/8-540>		<http://ids.clld.org/values/8-540-261-1>		"ṛ̌eki'ton"@brg	
"ɽɛuɳõ"@bfz	<http://ids.clld.org/values/10-370-704-3>		<http://ids.clld.org/parameters/10-370>		<http://ids.clld.org/values/10-370-261-1>		"-ar-"@brg	
"lɛ:ɳõ"@bfz	<http://ids.clld.org/values/10-620-704-1>		<http://ids.clld.org/parameters/10-620>		<http://ids.clld.org/values/10-620-261-1>		"'amo(n-)"@brg	
"ɖaŋgrɔ"@bfz	<http://ids.clld.org/values/9-250-704-1>		<http://ids.clld.org/parameters/9-250>		<http://ids.clld.org/values/9-250-261-1>		"po'e"@brg	
"lōu"@bfz	<http://ids.clld.org/values/4-150-704-1>		<http://ids.clld.org/parameters/4-150>		<http://ids.clld.org/values/4-150-261-1>		"'iti"@brg	
"cɪ:ʈ"@bfz	<http://ids.clld.org/values/3-817-704-5>		<http://ids.clld.org/parameters/3-817>		<http://ids.clld.org/values/3-817-261-1>		"ko'ši-ri"@brg	
"gʊɳɪ"@bfz	<http://ids.clld.org/values/3-760-704-1>		<http://ids.clld.org/parameters/3-760>		<http://ids.clld.org/values/3-760-261-1>		"yo-ṛ̌"@brg	
"ra:c"@bfz	<http://ids.clld.org/values/14-420-704-1>		<http://ids.clld.org/parameters/14-420>		<http://ids.clld.org/values/14-420-261-1>		"yoto'e-ṛ̌"@brg	
"tsamɽɪ"@bfz	<http://ids.clld.org/values/4-120-704-1>		<http://ids.clld.org/parameters/4-120>		<http://ids.clld.org/values/4-120-261-1>		"-č-om"@brg	
"tsamɽɪ"@bfz	<http://ids.clld.org/values/4-120-704-1>		<http://ids.clld.org/parameters/4-120>		<http://ids.clld.org/values/4-120-261-3>		"ni-'čom"@brg	
"neɖia"@bfz	<http://ids.clld.org/values/12-430-704-3>		<http://ids.clld.org/parameters/12-430>		<http://ids.clld.org/values/12-430-261-1>		"a'ne-kon"@brg	
"khʊʈe"@bfz	<http://ids.clld.org/values/4-350-704-1>		<http://ids.clld.org/parameters/4-350>		<http://ids.clld.org/values/4-350-261-1>		"ni'pes"@brg	
"loʈɳõ"@bfz	<http://ids.clld.org/values/10-230-704-3>		<http://ids.clld.org/parameters/10-230>		<http://ids.clld.org/values/10-230-261-1>		"nesta'paika"@brg	
"tarɔ"@bfz	<http://ids.clld.org/values/1-540-704-1>		<http://ids.clld.org/parameters/1-540>		<http://ids.clld.org/values/1-540-261-1>		"wa'his"@brg	
"a:kh"@bfz	<http://ids.clld.org/values/4-210-704-3>		<http://ids.clld.org/parameters/4-210>		<http://ids.clld.org/values/4-210-261-1>		"-i'ki"@brg	
"a:kh"@bfz	<http://ids.clld.org/values/4-210-704-3>		<http://ids.clld.org/parameters/4-210>		<http://ids.clld.org/values/4-210-261-3>		"ni-'kis"@brg	
"din"@bfz	<http://ids.clld.org/values/14-410-704-1>		<http://ids.clld.org/parameters/14-410>		<http://ids.clld.org/values/14-410-261-3>		"ṛ̌o'sesokonoeṛ̌"@brg	
"din"@bfz	<http://ids.clld.org/values/14-410-704-1>		<http://ids.clld.org/parameters/14-410>		<http://ids.clld.org/values/14-410-261-1>		"se-s"@brg	
"ũ"@bfz	<http://ids.clld.org/values/2-910-704-1>		<http://ids.clld.org/parameters/2-910>		<http://ids.clld.org/values/2-910-261-3>		"n-ti"@brg	
"ũ"@bfz	<http://ids.clld.org/values/2-910-704-1>		<http://ids.clld.org/parameters/2-910>		<http://ids.clld.org/values/2-910-261-1>		"ni-"@brg	
"māŋkhɔ"@bfz	<http://ids.clld.org/values/3-830-704-3>		<http://ids.clld.org/parameters/3-830>		<http://ids.clld.org/values/3-830-261-1>		"-a'ro"@brg	
"mātshɭɪ"@bfz	<http://ids.clld.org/values/3-650-704-1>		<http://ids.clld.org/parameters/3-650>		<http://ids.clld.org/values/3-650-261-1>		"him"@brg	
"mātshɭɪ"@bfz	<http://ids.clld.org/values/3-650-704-1>		<http://ids.clld.org/parameters/3-650>		<http://ids.clld.org/values/3-650-261-3>		"koβes"@brg	
"dzaŋgəl"@bfz	<http://ids.clld.org/values/1-410-704-1>		<http://ids.clld.org/parameters/1-410>		<http://ids.clld.org/values/1-410-261-1>		"kaki'woko-ye"@brg	
"aɳɖko"@bfz	<http://ids.clld.org/values/5-260-704-1>		<http://ids.clld.org/parameters/5-260>		<http://ids.clld.org/values/5-260-261-3>		"keheβi"@brg	
"aɳɖko"@bfz	<http://ids.clld.org/values/5-260-704-1>		<http://ids.clld.org/parameters/5-260>		<http://ids.clld.org/values/5-260-261-1>		"'hopi"@brg	
"bagur"@bfz	<http://ids.clld.org/values/1-720-704-3>		<http://ids.clld.org/parameters/1-720>		<http://ids.clld.org/values/1-720-261-1>		"βiṛ̌"@brg	
"d'ɔ̀:ɳ"@bfz	<http://ids.clld.org/values/2-320-704-1>		<http://ids.clld.org/parameters/2-320>		<http://ids.clld.org/values/2-320-261-1>		"ne-'yon"@brg	
"bed:əɳ"@bfz	<http://ids.clld.org/values/16-310-704-3>		<http://ids.clld.org/parameters/16-310>		<http://ids.clld.org/values/16-310-261-1>		"-koti-"@brg	
"chaŋgʈe"@bfz	<http://ids.clld.org/values/2-270-704-1>		<http://ids.clld.org/parameters/2-270>		<http://ids.clld.org/values/2-270-261-1>		"mo-"@brg	
"cɔ:n"@bfz	<http://ids.clld.org/values/13-30-704-1>		<http://ids.clld.org/parameters/13-30>		<http://ids.clld.org/values/13-30-261-1>		"m'po-n"@brg	
"dui"@bfz	<http://ids.clld.org/values/13-20-704-1>		<http://ids.clld.org/parameters/13-20>		<http://ids.clld.org/values/13-20-261-1>		"m-a'pi-n"@brg	
"nɛ:ɳ"@bfz	<http://ids.clld.org/values/4-210-704-7>		<http://ids.clld.org/parameters/4-210>		<http://ids.clld.org/values/4-210-261-1>		"-i'ki"@brg	
"nɛ:ɳ"@bfz	<http://ids.clld.org/values/4-210-704-7>		<http://ids.clld.org/parameters/4-210>		<http://ids.clld.org/values/4-210-261-3>		"ni-'kis"@brg	
"thaɪ"@bfz	<http://ids.clld.org/values/4-351-704-1>		<http://ids.clld.org/parameters/4-351>		<http://ids.clld.org/values/4-351-261-1>		"-pes"@brg	
"paulo"@bfz	<http://ids.clld.org/values/8-560-704-1>		<http://ids.clld.org/parameters/8-560>		<http://ids.clld.org/values/8-560-261-1>		"e-pono'e"@brg	
"khēɭɳõ"@bfz	<http://ids.clld.org/values/16-260-704-1>		<http://ids.clld.org/parameters/16-260>		<http://ids.clld.org/values/16-260-261-1>		"ṛ̌o'ponič"@brg	
"purɔ"@bfz	<http://ids.clld.org/values/13-210-704-1>		<http://ids.clld.org/parameters/13-210>		<http://ids.clld.org/values/13-210-261-1>		"'ačokon"@brg	
"a:r"@bfz	<http://ids.clld.org/values/19-510-704-1>		<http://ids.clld.org/parameters/19-510>		<http://ids.clld.org/values/19-510-261-1>		"ni'toṛ̌i"@brg	
"cito"@bfz	<http://ids.clld.org/values/15-640-704-1>		<http://ids.clld.org/parameters/15-640>		<http://ids.clld.org/values/15-640-261-1>		"kotipo'pin"@brg	
"bərurɔ"@bfz	<http://ids.clld.org/values/1-213-704-5>		<http://ids.clld.org/parameters/1-213>		<http://ids.clld.org/values/1-213-261-3>		"poi-p"@brg	
"bərurɔ"@bfz	<http://ids.clld.org/values/1-213-704-5>		<http://ids.clld.org/parameters/1-213>		<http://ids.clld.org/values/1-213-261-1>		"kopo'eṛ̌"@brg	
"nɔd:ɪ"@bfz	<http://ids.clld.org/values/1-360-704-5>		<http://ids.clld.org/parameters/1-360>		<http://ids.clld.org/values/1-360-261-1>		"wapo'eṛ̌"@brg	
"pāɽ'i"@bfz	<http://ids.clld.org/values/12-70-704-3>		<http://ids.clld.org/parameters/12-70>		<http://ids.clld.org/values/12-70-261-1>		"a'piye"@brg	
"kēc:hɛ"@bfz	<http://ids.clld.org/values/17-660-704-1>		<http://ids.clld.org/parameters/17-660>		<http://ids.clld.org/values/17-660-261-3>		"ṛ̌a'βiyowon?"@brg	
"kēc:hɛ"@bfz	<http://ids.clld.org/values/17-660-704-1>		<http://ids.clld.org/parameters/17-660>		<http://ids.clld.org/values/17-660-261-1>		"oypoka"@brg	
"d'àʈ:u"@bfz	<http://ids.clld.org/values/6-780-704-1>		<http://ids.clld.org/parameters/6-780>		<http://ids.clld.org/values/6-780-261-1>		"šo'me"@brg	
"ɟa:t"@bfz	<http://ids.clld.org/values/4-240-704-3>		<http://ids.clld.org/parameters/4-240>		<http://ids.clld.org/values/4-240-261-1>		"ni-'noki"@brg	
"sūrədz"@bfz	<http://ids.clld.org/values/1-520-704-3>		<http://ids.clld.org/parameters/1-520>		<http://ids.clld.org/values/1-520-261-1>		"se-s"@brg	
"me:z"@bfz	<http://ids.clld.org/values/7-440-704-1>		<http://ids.clld.org/parameters/7-440>		<http://ids.clld.org/values/7-440-261-1>		"[mes]"@brg	
"sā:p"@bfz	<http://ids.clld.org/values/3-850-704-1>		<http://ids.clld.org/parameters/3-850>		<http://ids.clld.org/values/3-850-261-3>		"'peropi"@brg	
"sā:p"@bfz	<http://ids.clld.org/values/3-850-704-1>		<http://ids.clld.org/parameters/3-850>		<http://ids.clld.org/values/3-850-261-1>		"ki'woṛ̌"@brg	
"àɳɖɳõ"@bfz	<http://ids.clld.org/values/10-450-704-1>		<http://ids.clld.org/parameters/10-450>		<http://ids.clld.org/values/10-450-261-1>		"-yo'no"@brg	
"'ùndi"@bfz	<http://ids.clld.org/values/12-30-704-1>		<http://ids.clld.org/parameters/12-30>		<http://ids.clld.org/values/12-30-261-3>		"poe-"@brg	
"'ùndi"@bfz	<http://ids.clld.org/values/12-30-704-1>		<http://ids.clld.org/parameters/12-30>		<http://ids.clld.org/values/12-30-261-1>		"pai-"@brg	
"kakre"@bfz	<http://ids.clld.org/values/4-460-704-1>		<http://ids.clld.org/parameters/4-460>		<http://ids.clld.org/values/4-460-261-1>		"-'he-ki"@brg	
"kakre"@bfz	<http://ids.clld.org/values/4-460-704-1>		<http://ids.clld.org/parameters/4-460>		<http://ids.clld.org/values/4-460-261-3>		"ničo'koki"@brg	
"b'ɔ`nru"@bfz	<http://ids.clld.org/values/3-820-704-1>		<http://ids.clld.org/parameters/3-820>		<http://ids.clld.org/values/3-820-261-1>		"yomo'ep"@brg	
"pɪ:ɳõ"@bfz	<http://ids.clld.org/values/5-130-704-1>		<http://ids.clld.org/parameters/5-130>		<http://ids.clld.org/values/5-130-261-1>		"er"@brg	
"pɪ:ɳõ"@bfz	<http://ids.clld.org/values/5-130-704-1>		<http://ids.clld.org/parameters/5-130>		<http://ids.clld.org/values/5-130-261-3>		"-e'ro-"@brg	
"kʊ:ɳ"@bfz	<http://ids.clld.org/values/17-680-704-3>		<http://ids.clld.org/parameters/17-680>		<http://ids.clld.org/values/17-680-261-1>		"kon to 'woyokon"@brg	
"bagɳɔ"@bfz	<http://ids.clld.org/values/4-350-704-5>		<http://ids.clld.org/parameters/4-350>		<http://ids.clld.org/values/4-350-261-1>		"ni'pes"@brg	
"kɔ:ɳ"@bfz	<http://ids.clld.org/values/17-680-704-1>		<http://ids.clld.org/parameters/17-680>		<http://ids.clld.org/values/17-680-261-1>		"kon to 'woyokon"@brg	
"gəlindo"@bfz	<http://ids.clld.org/values/16-720-704-3>		<http://ids.clld.org/parameters/16-720>		<http://ids.clld.org/values/16-720-261-1>		"me'hewokon"@brg	
"ʈhɔlɖɪ"@bfz	<http://ids.clld.org/values/2-220-704-1>		<http://ids.clld.org/parameters/2-220>		<http://ids.clld.org/values/2-220-261-1>		"e'ton"@brg	
"'ūnd'i"@bfz	<http://ids.clld.org/values/12-30-704-3>		<http://ids.clld.org/parameters/12-30>		<http://ids.clld.org/values/12-30-261-3>		"poe-"@brg	
"'ūnd'i"@bfz	<http://ids.clld.org/values/12-30-704-3>		<http://ids.clld.org/parameters/12-30>		<http://ids.clld.org/values/12-30-261-1>		"pai-"@brg	
"pɛ:r"@bfz	<http://ids.clld.org/values/4-370-704-1>		<http://ids.clld.org/parameters/4-370>		<http://ids.clld.org/values/4-370-261-1>		"ni'poih"@brg	
"lambɔ"@bfz	<http://ids.clld.org/values/12-570-704-3>		<http://ids.clld.org/parameters/12-570>		<http://ids.clld.org/values/12-570-261-1>		"-pi"@brg	
"lambɔ"@bfz	<http://ids.clld.org/values/12-570-704-3>		<http://ids.clld.org/parameters/12-570>		<http://ids.clld.org/values/12-570-261-3>		"'pero-"@brg	
"piũɭɔ"@bfz	<http://ids.clld.org/values/15-690-704-1>		<http://ids.clld.org/parameters/15-690>		<http://ids.clld.org/values/15-690-261-1>		"'ya-s-ko-"@brg	
"na:k"@bfz	<http://ids.clld.org/values/4-230-704-1>		<http://ids.clld.org/parameters/4-230>		<http://ids.clld.org/values/4-230-261-1>		"-'si-ri"@brg	
"na:k"@bfz	<http://ids.clld.org/values/4-230-704-1>		<http://ids.clld.org/parameters/4-230>		<http://ids.clld.org/values/4-230-261-3>		"ni-pa-'siṛ̌i"@brg	
"d'ɔ̀:ɳ"@bfz	<http://ids.clld.org/values/20-240-704-1>		<http://ids.clld.org/parameters/20-240>		<http://ids.clld.org/values/20-240-261-1>		"tipo'pok"@brg	
"d'ɔ̀:ɳ"@bfz	<http://ids.clld.org/values/20-240-704-1>		<http://ids.clld.org/parameters/20-240>		<http://ids.clld.org/values/20-240-261-3>		"-tipo"@brg	
"ba:ɭ"@bfz	<http://ids.clld.org/values/4-140-704-1>		<http://ids.clld.org/parameters/4-140>		<http://ids.clld.org/values/4-140-261-3>		"ni-'čahaih"@brg	
"ba:ɭ"@bfz	<http://ids.clld.org/values/4-140-704-1>		<http://ids.clld.org/parameters/4-140>		<http://ids.clld.org/values/4-140-261-1>		"-ča-"@brg	
"ʃɔ̄:rɔ"@bfz	<http://ids.clld.org/values/2-610-704-3>		<http://ids.clld.org/parameters/2-610>		<http://ids.clld.org/values/2-610-261-1>		"nimo'šok"@brg	
"bɔndu"@bfz	<http://ids.clld.org/values/20-340-704-1>		<http://ids.clld.org/parameters/20-340>		<http://ids.clld.org/values/20-340-261-1>		"ni-yičo"@brg	
"lʊ:ɳ"@bfz	<http://ids.clld.org/values/5-810-704-1>		<http://ids.clld.org/parameters/5-810>		<http://ids.clld.org/values/5-810-261-1>		"'čobi ~ 'čobe"@brg	
"paɳɪ"@bfz	<http://ids.clld.org/values/1-750-704-1>		<http://ids.clld.org/parameters/1-750>		<http://ids.clld.org/values/1-750-261-1>		"so'won"@brg	
"kɛrɪ"@bfz	<http://ids.clld.org/values/4-280-704-3>		<http://ids.clld.org/parameters/4-280>		<http://ids.clld.org/values/4-280-261-3>		"ni-'pi-h"@brg	
"kɛrɪ"@bfz	<http://ids.clld.org/values/4-280-704-3>		<http://ids.clld.org/parameters/4-280>		<http://ids.clld.org/values/4-280-261-1>		"-pi-h"@brg	
"kɛrɪ"@bfz	<http://ids.clld.org/values/4-280-704-3>		<http://ids.clld.org/parameters/4-280>		<http://ids.clld.org/values/4-280-261-5>		"-ča'no-ki"@brg	
"bɔ:to"@bfz	<http://ids.clld.org/values/13-150-704-1>		<http://ids.clld.org/parameters/13-150>		<http://ids.clld.org/values/13-150-261-1>		"mo-"@brg	
"'āsɳõ"@bfz	<http://ids.clld.org/values/16-250-704-1>		<http://ids.clld.org/parameters/16-250>		<http://ids.clld.org/values/16-250-261-1>		"-'ko-ka-"@brg	
"da:nd"@bfz	<http://ids.clld.org/values/4-270-704-1>		<http://ids.clld.org/parameters/4-270>		<http://ids.clld.org/values/4-270-261-1>		"ni-'se-ṛ̌"@brg	
"bɔɭd"@bfz	<http://ids.clld.org/values/3-220-704-1>		<http://ids.clld.org/parameters/3-220>		<http://ids.clld.org/values/3-220-261-1>		"[wiye]"@brg	
"khəra:b"@bfz	<http://ids.clld.org/values/16-720-704-1>		<http://ids.clld.org/parameters/16-720>		<http://ids.clld.org/values/16-720-261-1>		"me'hewokon"@brg	
"ɖɔ:r"@bfz	<http://ids.clld.org/values/16-530-704-3>		<http://ids.clld.org/parameters/16-530>		<http://ids.clld.org/values/16-530-261-1>		"-pi-"@brg	
"ɖɔ:r"@bfz	<http://ids.clld.org/values/16-530-704-3>		<http://ids.clld.org/parameters/16-530>		<http://ids.clld.org/values/16-530-261-3>		"'ni-piko-w"@brg	
"dant"@bfz	<http://ids.clld.org/values/4-270-704-3>		<http://ids.clld.org/parameters/4-270>		<http://ids.clld.org/values/4-270-261-1>		"ni-'se-ṛ̌"@brg	
"ìɔ`"@bfz	<http://ids.clld.org/values/4-400-704-1>		<http://ids.clld.org/parameters/4-400>		<http://ids.clld.org/values/4-400-261-1>		"ča'ko-ki"@brg	
"tsagɳõ"@bfz	<http://ids.clld.org/values/10-610-704-3>		<http://ids.clld.org/parameters/10-610>		<http://ids.clld.org/values/10-610-261-1>		"nam"@brg	
"nɛɽu"@bfz	<http://ids.clld.org/values/12-430-704-1>		<http://ids.clld.org/parameters/12-430>		<http://ids.clld.org/values/12-430-261-1>		"a'ne-kon"@brg	
"sɔɽək"@bfz	<http://ids.clld.org/values/10-710-704-1>		<http://ids.clld.org/parameters/10-710>		<http://ids.clld.org/values/10-710-261-3>		"ša'no-ki"@brg	
"sɔɽək"@bfz	<http://ids.clld.org/values/10-710-704-1>		<http://ids.clld.org/parameters/10-710>		<http://ids.clld.org/values/10-710-261-1>		"šo-'no-"@brg	
"ɔɳʈhe"@bfz	<http://ids.clld.org/values/4-340-704-1>		<http://ids.clld.org/parameters/4-340>		<http://ids.clld.org/values/4-340-261-1>		"ni-'wohis"@brg	
"paɽi"@bfz	<http://ids.clld.org/values/12-70-704-1>		<http://ids.clld.org/parameters/12-70>		<http://ids.clld.org/values/12-70-261-1>		"a'piye"@brg	
"āk:h"@bfz	<http://ids.clld.org/values/4-210-704-1>		<http://ids.clld.org/parameters/4-210>		<http://ids.clld.org/values/4-210-261-1>		"-i'ki"@brg	
"āk:h"@bfz	<http://ids.clld.org/values/4-210-704-1>		<http://ids.clld.org/parameters/4-210>		<http://ids.clld.org/values/4-210-261-3>		"ni-'kis"@brg	
"tsuŋgɳõ"@bfz	<http://ids.clld.org/values/10-610-704-5>		<http://ids.clld.org/parameters/10-610>		<http://ids.clld.org/values/10-610-261-1>		"nam"@brg	
"dz'òkʈɪ"@bfz	<http://ids.clld.org/values/1-880-704-1>		<http://ids.clld.org/parameters/1-880>		<http://ids.clld.org/values/1-880-261-1>		"ya'kis"@brg	
"sutiɳo"@bfz	<http://ids.clld.org/values/4-610-704-1>		<http://ids.clld.org/parameters/4-610>		<http://ids.clld.org/values/4-610-261-3>		"-mo'ko-w"@brg	
"sutiɳo"@bfz	<http://ids.clld.org/values/4-610-704-1>		<http://ids.clld.org/parameters/4-610>		<http://ids.clld.org/values/4-610-261-1>		"-i'mo"@brg	
"ʃēurɔ"@bfz	<http://ids.clld.org/values/2-610-704-1>		<http://ids.clld.org/parameters/2-610>		<http://ids.clld.org/values/2-610-261-1>		"nimo'šok"@brg	
"ma:"@bfz	<http://ids.clld.org/values/2-360-704-7>		<http://ids.clld.org/parameters/2-360>		<http://ids.clld.org/values/2-360-261-1>		"n-en"@brg	
"ɖo:r"@bfz	<http://ids.clld.org/values/9-190-704-1>		<http://ids.clld.org/parameters/9-190>		<http://ids.clld.org/values/9-190-261-1>		"ni-'ro-"@brg	
"garʈhɔ"@bfz	<http://ids.clld.org/values/1-890-704-3>		<http://ids.clld.org/parameters/1-890>		<http://ids.clld.org/values/1-890-261-1>		"emones"@brg	
"pɛɳɖɔ"@bfz	<http://ids.clld.org/values/10-720-704-3>		<http://ids.clld.org/parameters/10-720>		<http://ids.clld.org/values/10-720-261-1>		"ša'no-ki"@brg	
"ba:p"@bfz	<http://ids.clld.org/values/2-350-704-1>		<http://ids.clld.org/parameters/2-350>		<http://ids.clld.org/values/2-350-261-3>		"čač"@brg	
"ba:p"@bfz	<http://ids.clld.org/values/2-350-704-1>		<http://ids.clld.org/parameters/2-350>		<http://ids.clld.org/values/2-350-261-1>		"-i'a"@brg	
"kɛ̄t:hɛ"@bfz	<http://ids.clld.org/values/17-660-704-3>		<http://ids.clld.org/parameters/17-660>		<http://ids.clld.org/values/17-660-261-3>		"ṛ̌a'βiyowon?"@brg	
"kɛ̄t:hɛ"@bfz	<http://ids.clld.org/values/17-660-704-3>		<http://ids.clld.org/parameters/17-660>		<http://ids.clld.org/values/17-660-261-1>		"oypoka"@brg	
"gʊɽku"@bfz	<http://ids.clld.org/values/1-560-704-1>		<http://ids.clld.org/parameters/1-560>		<http://ids.clld.org/values/1-560-261-1>		"ṛ̌o'čoṛ̌eow"@brg	
"��ɽkɳɪ"@bfz	<http://ids.clld.org/values/4-320-704-3>		<http://ids.clld.org/parameters/4-320>		<http://ids.clld.org/values/4-320-261-1>		"nito'taki"@brg	
"ʃāʃ:u"@bfz	<http://ids.clld.org/values/2-620-704-1>		<http://ids.clld.org/parameters/2-620>		<http://ids.clld.org/values/2-620-261-3>		"-aki"@brg	
"ʃāʃ:u"@bfz	<http://ids.clld.org/values/2-620-704-1>		<http://ids.clld.org/parameters/2-620>		<http://ids.clld.org/values/2-620-261-1>		"-mos"@brg	
"d'ò:ɳõ"@bfz	<http://ids.clld.org/values/9-360-704-1>		<http://ids.clld.org/parameters/9-360>		<http://ids.clld.org/values/9-360-261-1>		"-'sipa"@brg	
"mɔrtsi"@bfz	<http://ids.clld.org/values/5-820-704-1>		<http://ids.clld.org/parameters/5-820>		<http://ids.clld.org/values/5-820-261-1>		"'yiti"@brg	
"tu"@bfz	<http://ids.clld.org/values/2-920-704-3>		<http://ids.clld.org/parameters/2-920>		<http://ids.clld.org/values/2-920-261-1>		"pi-'ti"@brg	
"mɪɳɖkɔ"@bfz	<http://ids.clld.org/values/3-950-704-1>		<http://ids.clld.org/parameters/3-950>		<http://ids.clld.org/values/3-950-261-1>		"si'poṛ̌i"@brg	
"ɔɭnõ"@bfz	<http://ids.clld.org/values/10-230-704-1>		<http://ids.clld.org/parameters/10-230>		<http://ids.clld.org/values/10-230-261-1>		"nesta'paika"@brg	
"ʈʊkɳõ"@bfz	<http://ids.clld.org/values/5-110-704-1>		<http://ids.clld.org/parameters/5-110>		<http://ids.clld.org/values/5-110-261-3>		"ni-'kow"@brg	
"ʈʊkɳõ"@bfz	<http://ids.clld.org/values/5-110-704-1>		<http://ids.clld.org/parameters/5-110>		<http://ids.clld.org/values/5-110-261-1>		"-ni-"@brg	
"bāɳʈhən"@bfz	<http://ids.clld.org/values/16-810-704-3>		<http://ids.clld.org/parameters/16-810>		<http://ids.clld.org/values/16-810-261-1>		"'monikowapa"@brg	
"sīn:'ɔ"@bfz	<http://ids.clld.org/values/15-830-704-1>		<http://ids.clld.org/parameters/15-830>		<http://ids.clld.org/values/15-830-261-1>		"-po'to-"@brg	
"dzaɭnõ"@bfz	<http://ids.clld.org/values/1-851-704-1>		<http://ids.clld.org/parameters/1-851>		<http://ids.clld.org/values/1-851-261-1>		"-a'haṛ̌ow"@brg	
"ɔr"@bfz	<http://ids.clld.org/values/17-510-704-5>		<http://ids.clld.org/parameters/17-510>		<http://ids.clld.org/values/17-510-261-1>		"ač"@brg	
"khālʈɔ"@bfz	<http://ids.clld.org/values/4-120-704-3>		<http://ids.clld.org/parameters/4-120>		<http://ids.clld.org/values/4-120-261-1>		"-č-om"@brg	
"khālʈɔ"@bfz	<http://ids.clld.org/values/4-120-704-3>		<http://ids.clld.org/parameters/4-120>		<http://ids.clld.org/values/4-120-261-3>		"ni-'čom"@brg	
"sɔ̄ŋgɪ"@bfz	<http://ids.clld.org/values/19-510-704-3>		<http://ids.clld.org/parameters/19-510>		<http://ids.clld.org/values/19-510-261-1>		"ni'toṛ̌i"@brg	
"kan:'"@bfz	<http://ids.clld.org/values/4-300-704-1>		<http://ids.clld.org/parameters/4-300>		<http://ids.clld.org/values/4-300-261-3>		"-'powos"@brg	
"kan:'"@bfz	<http://ids.clld.org/values/4-300-704-1>		<http://ids.clld.org/parameters/4-300>		<http://ids.clld.org/values/4-300-261-1>		"ni-'powosi"@brg	
"rɔstɔ"@bfz	<http://ids.clld.org/values/10-720-704-5>		<http://ids.clld.org/parameters/10-720>		<http://ids.clld.org/values/10-720-261-1>		"ša'no-ki"@brg	
"ʈekɳõ"@bfz	<http://ids.clld.org/values/12-150-704-1>		<http://ids.clld.org/parameters/12-150>		<http://ids.clld.org/values/12-150-261-1>		"-šom"@brg	
"n'`ɛrɔ"@bfz	<http://ids.clld.org/values/1-620-704-1>		<http://ids.clld.org/parameters/1-620>		<http://ids.clld.org/values/1-620-261-3>		"ha'mo-ṛ̌e"@brg	
"n'`ɛrɔ"@bfz	<http://ids.clld.org/values/1-620-704-1>		<http://ids.clld.org/parameters/1-620>		<http://ids.clld.org/values/1-620-261-1>		"ha'moṛ̌en"@brg	
"ɽɛ:ɳõ"@bfz	<http://ids.clld.org/values/10-370-704-5>		<http://ids.clld.org/parameters/10-370>		<http://ids.clld.org/values/10-370-261-1>		"-ar-"@brg	
"tshɔ̄:ɳʈɪ"@bfz	<http://ids.clld.org/values/4-209-704-1>		<http://ids.clld.org/parameters/4-209>		<http://ids.clld.org/values/4-209-261-1>		"nipoeho'kon"@brg	
"pɔ:ɳ"@bfz	<http://ids.clld.org/values/1-720-704-1>		<http://ids.clld.org/parameters/1-720>		<http://ids.clld.org/values/1-720-261-1>		"βiṛ̌"@brg	
"phūkərnõ"@bfz	<http://ids.clld.org/values/10-380-704-1>		<http://ids.clld.org/parameters/10-380>		<http://ids.clld.org/values/10-380-261-1>		"-'haβi-ko-w"@brg	
"ōʈ:h"@bfz	<http://ids.clld.org/values/4-250-704-1>		<http://ids.clld.org/parameters/4-250>		<http://ids.clld.org/values/4-250-261-1>		"ni'čomonoki"@brg	
"ka:m"@bfz	<http://ids.clld.org/values/9-120-704-1>		<http://ids.clld.org/parameters/9-120>		<http://ids.clld.org/values/9-120-261-1>		"koto-"@brg	
"mɔũ"@bfz	<http://ids.clld.org/values/2-280-704-1>		<http://ids.clld.org/parameters/2-280>		<http://ids.clld.org/values/2-280-261-1>		"'monči"@brg	
"ti:r"@bfz	<http://ids.clld.org/values/20-250-704-1>		<http://ids.clld.org/parameters/20-250>		<http://ids.clld.org/values/20-250-261-1>		"kori-"@brg	
"baguɳɔ"@bfz	<http://ids.clld.org/values/4-350-704-3>		<http://ids.clld.org/parameters/4-350>		<http://ids.clld.org/values/4-350-261-1>		"ni'pes"@brg	
"nɔ̄ ʃ"@bfz	<http://ids.clld.org/values/4-345-704-1>		<http://ids.clld.org/parameters/4-345>		<http://ids.clld.org/values/4-345-261-1>		"e'tip"@brg	
"ʃīkhɳõ"@bfz	<http://ids.clld.org/values/17-240-704-1>		<http://ids.clld.org/parameters/17-240>		<http://ids.clld.org/values/17-240-261-1>		"-karo-'wo-w"@brg	
"kha:b"@bfz	<http://ids.clld.org/values/4-240-704-1>		<http://ids.clld.org/parameters/4-240>		<http://ids.clld.org/values/4-240-261-1>		"ni-'noki"@brg	
"ʈo:ʈ"@bfz	<http://ids.clld.org/values/4-240-704-5>		<http://ids.clld.org/parameters/4-240>		<http://ids.clld.org/values/4-240-261-1>		"ni-'noki"@brg	
"tsa:nd"@bfz	<http://ids.clld.org/values/1-530-704-1>		<http://ids.clld.org/parameters/1-530>		<http://ids.clld.org/values/1-530-261-1>		"ki'he-ṛ̌"@brg	
"a:ɳõ"@bfz	<http://ids.clld.org/values/10-480-704-1>		<http://ids.clld.org/parameters/10-480>		<http://ids.clld.org/values/10-480-261-1>		"-piko-w"@brg	
"ɛbɛ"@bfz	<http://ids.clld.org/values/14-180-704-1>		<http://ids.clld.org/parameters/14-180>		<http://ids.clld.org/values/14-180-261-1>		"ne'ṛ̌iki"@brg	
"b'ɔ̄ʃ"@bfz	<http://ids.clld.org/values/4-441-704-1>		<http://ids.clld.org/parameters/4-441>		<http://ids.clld.org/values/4-441-261-1>		"ta'ha"@brg	
"təbaku"@bfz	<http://ids.clld.org/values/8-680-704-1>		<http://ids.clld.org/parameters/8-680>		<http://ids.clld.org/values/8-680-261-1>		"son"@brg	
"pāe"@bfz	<http://ids.clld.org/values/12-11-704-3>		<http://ids.clld.org/parameters/12-11>		<http://ids.clld.org/values/12-11-261-1>		"šiṛ̌iwa'niye"@brg	
"d'ũ`ɔ"@bfz	<http://ids.clld.org/values/1-830-704-1>		<http://ids.clld.org/parameters/1-830>		<http://ids.clld.org/values/1-830-261-1>		"kotiso'kon"@brg	
"nɔ̄ʃ"@bfz	<http://ids.clld.org/values/4-344-704-1>		<http://ids.clld.org/parameters/4-344>		<http://ids.clld.org/values/4-344-261-1>		"n-i'tip"@brg	
"paɳɪ"@bfz	<http://ids.clld.org/values/1-310-704-3>		<http://ids.clld.org/parameters/1-310>		<http://ids.clld.org/values/1-310-261-1>		"in"@brg	
"du:r"@bfz	<http://ids.clld.org/values/12-440-704-1>		<http://ids.clld.org/parameters/12-440>		<http://ids.clld.org/values/12-440-261-1>		"a'βe-"@brg	
"sūŋgər"@bfz	<http://ids.clld.org/values/3-350-704-1>		<http://ids.clld.org/parameters/3-350>		<http://ids.clld.org/values/3-350-261-1>		"si'mori"@brg	
"neɖie"@bfz	<http://ids.clld.org/values/12-430-704-5>		<http://ids.clld.org/parameters/12-430>		<http://ids.clld.org/values/12-430-261-1>		"a'ne-kon"@brg	
"iɟe"@bfz	<http://ids.clld.org/values/2-360-704-5>		<http://ids.clld.org/parameters/2-360>		<http://ids.clld.org/values/2-360-261-1>		"n-en"@brg	
"b'ɛ̀:"@bfz	<http://ids.clld.org/values/16-530-704-1>		<http://ids.clld.org/parameters/16-530>		<http://ids.clld.org/values/16-530-261-1>		"-pi-"@brg	
"b'ɛ̀:"@bfz	<http://ids.clld.org/values/16-530-704-1>		<http://ids.clld.org/parameters/16-530>		<http://ids.clld.org/values/16-530-261-3>		"'ni-piko-w"@brg	
"dzīb:"@bfz	<http://ids.clld.org/values/4-260-704-1>		<http://ids.clld.org/parameters/4-260>		<http://ids.clld.org/values/4-260-261-1>		"-pe-n"@brg	
"dzīb:"@bfz	<http://ids.clld.org/values/4-260-704-1>		<http://ids.clld.org/parameters/4-260>		<http://ids.clld.org/values/4-260-261-3>		"epenene"@brg	
"khoɽnōn"@bfz	<http://ids.clld.org/values/8-220-704-1>		<http://ids.clld.org/parameters/8-220>		<http://ids.clld.org/values/8-220-261-1>		"-'saho-kia-"@brg	
"rʊɪ"@bfz	<http://ids.clld.org/values/6-240-704-1>		<http://ids.clld.org/parameters/6-240>		<http://ids.clld.org/values/6-240-261-1>		"ka'ha-weš"@brg	
"ʃʊ̄ɳnõ"@bfz	<http://ids.clld.org/values/15-410-704-1>		<http://ids.clld.org/parameters/15-410>		<http://ids.clld.org/values/15-410-261-1>		"-som-"@brg	
"ʃʊ̄ɳnõ"@bfz	<http://ids.clld.org/values/15-410-704-1>		<http://ids.clld.org/parameters/15-410>		<http://ids.clld.org/values/15-410-261-3>		"ṛ̌i-'somopoek"@brg	
"bagə"@bfz	<http://ids.clld.org/values/1-720-704-5>		<http://ids.clld.org/parameters/1-720>		<http://ids.clld.org/values/1-720-261-1>		"βiṛ̌"@brg	
"pəraɳɔ"@bfz	<http://ids.clld.org/values/14-150-704-1>		<http://ids.clld.org/parameters/14-150>		<http://ids.clld.org/values/14-150-261-1>		"či-n"@brg	
"bā:"@bfz	<http://ids.clld.org/values/4-310-704-1>		<http://ids.clld.org/parameters/4-310>		<http://ids.clld.org/values/4-310-261-3>		"-ton"@brg	
"bā:"@bfz	<http://ids.clld.org/values/4-310-704-1>		<http://ids.clld.org/parameters/4-310>		<http://ids.clld.org/values/4-310-261-1>		"-po'wo-ki"@brg	
"maɪ"@bfz	<http://ids.clld.org/values/2-360-704-9>		<http://ids.clld.org/parameters/2-360>		<http://ids.clld.org/values/2-360-261-1>		"n-en"@brg	
"māts:hɪ"@bfz	<http://ids.clld.org/values/3-650-704-3>		<http://ids.clld.org/parameters/3-650>		<http://ids.clld.org/values/3-650-261-1>		"him"@brg	
"māts:hɪ"@bfz	<http://ids.clld.org/values/3-650-704-3>		<http://ids.clld.org/parameters/3-650>		<http://ids.clld.org/values/3-650-261-3>		"koβes"@brg	
"mʊ:ɳɖ"@bfz	<http://ids.clld.org/values/4-200-704-1>		<http://ids.clld.org/parameters/4-200>		<http://ids.clld.org/values/4-200-261-1>		"ni-'poʔe"@brg	
"èdzɳõ"@bfz	<http://ids.clld.org/values/9-370-704-1>		<http://ids.clld.org/parameters/9-370>		<http://ids.clld.org/values/9-370-261-1>		"heβi-ṛ̌"@brg	
"kō:rɔ"@bfz	<http://ids.clld.org/values/12-730-704-5>		<http://ids.clld.org/parameters/12-730>		<http://ids.clld.org/values/12-730-261-1>		"to'βi-"@brg	
"'ùb:i"@bfz	<http://ids.clld.org/values/12-80-704-1>		<http://ids.clld.org/parameters/12-80>		<http://ids.clld.org/values/12-80-261-1>		"a'ni-ye"@brg	
"pɔ̄:tsɳõ"@bfz	<http://ids.clld.org/values/10-550-704-1>		<http://ids.clld.org/parameters/10-550>		<http://ids.clld.org/values/10-550-261-1>		"to biši'moč"@brg	
"ta:nd"@bfz	<http://ids.clld.org/values/6-380-704-1>		<http://ids.clld.org/parameters/6-380>		<http://ids.clld.org/values/6-380-261-1>		"kotipo'pin"@brg	
"khīmblɪ"@bfz	<http://ids.clld.org/values/3-817-704-3>		<http://ids.clld.org/parameters/3-817>		<http://ids.clld.org/values/3-817-261-1>		"ko'ši-ri"@brg	
"ulʈɔ"@bfz	<http://ids.clld.org/values/12-420-704-1>		<http://ids.clld.org/parameters/12-420>		<http://ids.clld.org/values/12-420-261-1>		"'sa-pi"@brg	
"tsakɳõ"@bfz	<http://ids.clld.org/values/10-610-704-1>		<http://ids.clld.org/parameters/10-610>		<http://ids.clld.org/values/10-610-261-1>		"nam"@brg	
"ba:t"@bfz	<http://ids.clld.org/values/10-720-704-7>		<http://ids.clld.org/parameters/10-720>		<http://ids.clld.org/values/10-720-261-1>		"ša'no-ki"@brg	
"swā:"@bfz	<http://ids.clld.org/values/1-840-704-3>		<http://ids.clld.org/parameters/1-840>		<http://ids.clld.org/values/1-840-261-1>		"po'ip"@brg	
"a:dmi"@bfz	<http://ids.clld.org/values/2-210-704-1>		<http://ids.clld.org/parameters/2-210>		<http://ids.clld.org/values/2-210-261-1>		"hi-ṛ̌"@brg	
"d'wàrnõ"@bfz	<http://ids.clld.org/values/11-620-704-1>		<http://ids.clld.org/parameters/11-620>		<http://ids.clld.org/values/11-620-261-1>		"kopo'e-"@brg	
"bəru:r"@bfz	<http://ids.clld.org/values/1-213-704-3>		<http://ids.clld.org/parameters/1-213>		<http://ids.clld.org/values/1-213-261-3>		"poi-p"@brg	
"bəru:r"@bfz	<http://ids.clld.org/values/1-213-704-3>		<http://ids.clld.org/parameters/1-213>		<http://ids.clld.org/values/1-213-261-1>		"kopo'eṛ̌"@brg	
"bɛ̄ɳ"@bfz	<http://ids.clld.org/values/2-450-704-1>		<http://ids.clld.org/parameters/2-450>		<http://ids.clld.org/values/2-450-261-3>		"'n-eta"@brg	
"bɛ̄ɳ"@bfz	<http://ids.clld.org/values/2-450-704-1>		<http://ids.clld.org/parameters/2-450>		<http://ids.clld.org/values/2-450-261-1>		"ni-'piṛ̌i"@brg	
"a:ŋkh"@bfz	<http://ids.clld.org/values/4-210-704-5>		<http://ids.clld.org/parameters/4-210>		<http://ids.clld.org/values/4-210-261-1>		"-i'ki"@brg	
"a:ŋkh"@bfz	<http://ids.clld.org/values/4-210-704-5>		<http://ids.clld.org/parameters/4-210>		<http://ids.clld.org/values/4-210-261-3>		"ni-'kis"@brg	
"rɔ̄ʃ:ɔ"@bfz	<http://ids.clld.org/values/9-190-704-5>		<http://ids.clld.org/parameters/9-190>		<http://ids.clld.org/values/9-190-261-1>		"ni-'ro-"@brg	
"ba:b"@bfz	<http://ids.clld.org/values/2-350-704-3>		<http://ids.clld.org/parameters/2-350>		<http://ids.clld.org/values/2-350-261-3>		"čač"@brg	
"ba:b"@bfz	<http://ids.clld.org/values/2-350-704-3>		<http://ids.clld.org/parameters/2-350>		<http://ids.clld.org/values/2-350-261-1>		"-i'a"@brg	
"pāŋkh"@bfz	<http://ids.clld.org/values/4-393-704-1>		<http://ids.clld.org/parameters/4-393>		<http://ids.clld.org/values/4-393-261-1>		"e'sis"@brg	
"aɳe"@bfz	<http://ids.clld.org/values/17-510-704-3>		<http://ids.clld.org/parameters/17-510>		<http://ids.clld.org/values/17-510-261-1>		"ač"@brg	
"cigɔɽ"@bfz	<http://ids.clld.org/values/4-190-704-1>		<http://ids.clld.org/parameters/4-190>		<http://ids.clld.org/values/4-190-261-1>		"-'čipi"@brg	
"ɔʈho"@bfz	<http://ids.clld.org/values/4-280-704-1>		<http://ids.clld.org/parameters/4-280>		<http://ids.clld.org/values/4-280-261-3>		"ni-'pi-h"@brg	
"ɔʈho"@bfz	<http://ids.clld.org/values/4-280-704-1>		<http://ids.clld.org/parameters/4-280>		<http://ids.clld.org/values/4-280-261-1>		"-pi-h"@brg	
"ɔʈho"@bfz	<http://ids.clld.org/values/4-280-704-1>		<http://ids.clld.org/parameters/4-280>		<http://ids.clld.org/values/4-280-261-5>		"-ča'no-ki"@brg	
"bɔ:ʈɪ"@bfz	<http://ids.clld.org/values/2-320-704-3>		<http://ids.clld.org/parameters/2-320>		<http://ids.clld.org/values/2-320-261-1>		"ne-'yon"@brg	
"'aɳɖku"@bfz	<http://ids.clld.org/values/5-260-704-3>		<http://ids.clld.org/parameters/5-260>		<http://ids.clld.org/values/5-260-261-3>		"keheβi"@brg	
"'aɳɖku"@bfz	<http://ids.clld.org/values/5-260-704-3>		<http://ids.clld.org/parameters/5-260>		<http://ids.clld.org/values/5-260-261-1>		"'hopi"@brg	
"pətsɛʈ:ɔ"@bfz	<http://ids.clld.org/values/11-150-704-1>		<http://ids.clld.org/parameters/11-150>		<http://ids.clld.org/values/11-150-261-1>		"-a'mo"@brg	
"nɛ:"@bfz	<http://ids.clld.org/values/1-360-704-7>		<http://ids.clld.org/parameters/1-360>		<http://ids.clld.org/values/1-360-261-1>		"wapo'eṛ̌"@brg	
"mɛ̄ŋgɔ"@bfz	<http://ids.clld.org/values/11-880-704-1>		<http://ids.clld.org/parameters/11-880>		<http://ids.clld.org/values/11-880-261-1>		"šo-'wa-no-n"@brg	
"ke:r"@bfz	<http://ids.clld.org/values/4-280-704-5>		<http://ids.clld.org/parameters/4-280>		<http://ids.clld.org/values/4-280-261-3>		"ni-'pi-h"@brg	
"ke:r"@bfz	<http://ids.clld.org/values/4-280-704-5>		<http://ids.clld.org/parameters/4-280>		<http://ids.clld.org/values/4-280-261-1>		"-pi-h"@brg	
"ke:r"@bfz	<http://ids.clld.org/values/4-280-704-5>		<http://ids.clld.org/parameters/4-280>		<http://ids.clld.org/values/4-280-261-5>		"-ča'no-ki"@brg	
"thʊ̄ŋgɳõ"@bfz	<http://ids.clld.org/values/5-110-704-3>		<http://ids.clld.org/parameters/5-110>		<http://ids.clld.org/values/5-110-261-3>		"ni-'kow"@brg	
"thʊ̄ŋgɳõ"@bfz	<http://ids.clld.org/values/5-110-704-3>		<http://ids.clld.org/parameters/5-110>		<http://ids.clld.org/values/5-110-261-1>		"-ni-"@brg	
"lo:g"@bfz	<http://ids.clld.org/values/19-210-704-1>		<http://ids.clld.org/parameters/19-210>		<http://ids.clld.org/values/19-210-261-1>		"'činti"@brg	
"lo:g"@bfz	<http://ids.clld.org/values/19-210-704-1>		<http://ids.clld.org/parameters/19-210>		<http://ids.clld.org/values/19-210-261-3>		"činti-neβ"@brg	
"ɔɽkəɳ"@bfz	<http://ids.clld.org/values/4-320-704-1>		<http://ids.clld.org/parameters/4-320>		<http://ids.clld.org/values/4-320-261-1>		"nito'taki"@brg	
"mɔrd"@bfz	<http://ids.clld.org/values/2-210-704-3>		<http://ids.clld.org/parameters/2-210>		<http://ids.clld.org/values/2-210-261-1>		"hi-ṛ̌"@brg	
"sɔ̄b"@bfz	<http://ids.clld.org/values/13-140-704-1>		<http://ids.clld.org/parameters/13-140>		<http://ids.clld.org/values/13-140-261-1>		"pon"@brg	
"pɛ:ɳɖ"@bfz	<http://ids.clld.org/values/10-720-704-1>		<http://ids.clld.org/parameters/10-720>		<http://ids.clld.org/values/10-720-261-1>		"ša'no-ki"@brg	
"tshōʈ:ɔ"@bfz	<http://ids.clld.org/values/12-560-704-1>		<http://ids.clld.org/parameters/12-560>		<http://ids.clld.org/values/12-560-261-5>		"ti'ʔa-ci"@brg	
"tshōʈ:ɔ"@bfz	<http://ids.clld.org/values/12-560-704-1>		<http://ids.clld.org/parameters/12-560>		<http://ids.clld.org/values/12-560-261-3>		"'mičokiṛ̌i"@brg	
"tshōʈ:ɔ"@bfz	<http://ids.clld.org/values/12-560-704-1>		<http://ids.clld.org/parameters/12-560>		<http://ids.clld.org/values/12-560-261-1>		"-či"@brg	
"āt:shɔ"@bfz	<http://ids.clld.org/values/16-710-704-1>		<http://ids.clld.org/parameters/16-710>		<http://ids.clld.org/values/16-710-261-1>		"'heni"@brg	
"cūʃɳõ"@bfz	<http://ids.clld.org/values/5-160-704-1>		<http://ids.clld.org/parameters/5-160>		<http://ids.clld.org/values/5-160-261-1>		"-hi-'ko-"@brg	
"g'wàɽnõ"@bfz	<http://ids.clld.org/values/12-240-704-1>		<http://ids.clld.org/parameters/12-240>		<http://ids.clld.org/values/12-240-261-1>		"'βe-ha"@brg	
"kʊnɪ"@bfz	<http://ids.clld.org/values/4-320-704-5>		<http://ids.clld.org/parameters/4-320>		<http://ids.clld.org/values/4-320-261-1>		"nito'taki"@brg	
"pətsintsərnõ"@bfz	<http://ids.clld.org/values/9-343-704-1>		<http://ids.clld.org/parameters/9-343>		<http://ids.clld.org/values/9-343-261-1>		"'ko-piti-"@brg	
"pətsintsərnõ"@bfz	<http://ids.clld.org/values/9-343-704-1>		<http://ids.clld.org/parameters/9-343>		<http://ids.clld.org/values/9-343-261-3>		"su'ipistakapa"@brg	
"mɔrnõ"@bfz	<http://ids.clld.org/values/4-750-704-1>		<http://ids.clld.org/parameters/4-750>		<http://ids.clld.org/values/4-750-261-3>		"ṛ̌e'pen"@brg	
"mɔrnõ"@bfz	<http://ids.clld.org/values/4-750-704-1>		<http://ids.clld.org/parameters/4-750>		<http://ids.clld.org/values/4-750-261-1>		"-e'pe-"@brg	
"sɔ̄"@bfz	<http://ids.clld.org/values/2-930-704-1>		<http://ids.clld.org/parameters/2-930>		<http://ids.clld.org/values/2-930-261-3>		"ṛ̌i-'ti"@brg	
"sɔ̄"@bfz	<http://ids.clld.org/values/2-930-704-1>		<http://ids.clld.org/parameters/2-930>		<http://ids.clld.org/values/2-930-261-1>		"ṛ̌o-'ti"@brg	
"lɔmbo"@bfz	<http://ids.clld.org/values/12-570-704-1>		<http://ids.clld.org/parameters/12-570>		<http://ids.clld.org/values/12-570-261-1>		"-pi"@brg	
"lɔmbo"@bfz	<http://ids.clld.org/values/12-570-704-1>		<http://ids.clld.org/parameters/12-570>		<http://ids.clld.org/values/12-570-261-3>		"'pero-"@brg	
"pundz'əɽ"@bfz	<http://ids.clld.org/values/4-180-704-1>		<http://ids.clld.org/parameters/4-180>		<http://ids.clld.org/values/4-180-261-1>		"-i'ho-s"@brg	
"māk:hɔ"@bfz	<http://ids.clld.org/values/3-830-704-1>		<http://ids.clld.org/parameters/3-830>		<http://ids.clld.org/values/3-830-261-1>		"-a'ro"@brg	
"wedəna"@bfz	<http://ids.clld.org/values/16-310-704-1>		<http://ids.clld.org/parameters/16-310>		<http://ids.clld.org/values/16-310-261-1>		"-koti-"@brg	
"e:k"@bfz	<http://ids.clld.org/values/13-10-704-1>		<http://ids.clld.org/parameters/13-10>		<http://ids.clld.org/values/13-10-261-1>		"po'noš"@brg	
"ɖeuɳõ"@bfz	<http://ids.clld.org/values/10-470-704-1>		<http://ids.clld.org/parameters/10-470>		<http://ids.clld.org/values/10-470-261-1>		"-yono-w"@brg	
"dud'u"@bfz	<http://ids.clld.org/values/4-410-704-1>		<http://ids.clld.org/parameters/4-410>		<http://ids.clld.org/values/4-410-261-1>		"-šo-n"@brg	
"bwa:r"@bfz	<http://ids.clld.org/values/19-610-704-3>		<http://ids.clld.org/parameters/19-610>		<http://ids.clld.org/values/19-610-261-1>		"-'rapi"@brg	
"ʃī:ŋg"@bfz	<http://ids.clld.org/values/4-170-704-1>		<http://ids.clld.org/parameters/4-170>		<http://ids.clld.org/values/4-170-261-1>		"e'hi"@brg	
"baũo"@bfz	<http://ids.clld.org/values/12-420-704-3>		<http://ids.clld.org/parameters/12-420>		<http://ids.clld.org/values/12-420-261-1>		"'sa-pi"@brg	
"kindɛ"@bfz	<http://ids.clld.org/values/17-660-704-5>		<http://ids.clld.org/parameters/17-660>		<http://ids.clld.org/values/17-660-261-3>		"ṛ̌a'βiyowon?"@brg	
"kindɛ"@bfz	<http://ids.clld.org/values/17-660-704-5>		<http://ids.clld.org/parameters/17-660>		<http://ids.clld.org/values/17-660-261-1>		"oypoka"@brg	
"dzəɭauɳõ"@bfz	<http://ids.clld.org/values/1-851-704-3>		<http://ids.clld.org/parameters/1-851>		<http://ids.clld.org/values/1-851-261-1>		"-a'haṛ̌ow"@brg	
"nan:ɪ"@bfz	<http://ids.clld.org/values/2-470-704-3>		<http://ids.clld.org/parameters/2-470>		<http://ids.clld.org/values/2-470-261-1>		"-os"@brg	
"a:dmi"@bfz	<http://ids.clld.org/values/2-310-704-1>		<http://ids.clld.org/parameters/2-310>		<http://ids.clld.org/values/2-310-261-3>		"-emo"@brg	
"a:dmi"@bfz	<http://ids.clld.org/values/2-310-704-1>		<http://ids.clld.org/parameters/2-310>		<http://ids.clld.org/values/2-310-261-1>		"naβi'non"@brg	
"thənɔɭɪ"@bfz	<http://ids.clld.org/values/4-331-704-1>		<http://ids.clld.org/parameters/4-331>		<http://ids.clld.org/values/4-331-261-1>		"'waki"@brg	
"dɔʃe"@bfz	<http://ids.clld.org/values/2-220-704-3>		<http://ids.clld.org/parameters/2-220>		<http://ids.clld.org/values/2-220-261-1>		"e'ton"@brg	
"pākhɽɔ"@bfz	<http://ids.clld.org/values/4-393-704-5>		<http://ids.clld.org/parameters/4-393>		<http://ids.clld.org/values/4-393-261-1>		"e'sis"@brg	
"ã"@bfz	<http://ids.clld.org/values/17-510-704-1>		<http://ids.clld.org/parameters/17-510>		<http://ids.clld.org/values/17-510-261-1>		"ač"@brg	
"dzɔɳɔ"@bfz	<http://ids.clld.org/values/2-100-704-1>		<http://ids.clld.org/parameters/2-100>		<http://ids.clld.org/values/2-100-261-1>		"'či-n-ti"@brg	
"dzɔɳɔ"@bfz	<http://ids.clld.org/values/2-100-704-1>		<http://ids.clld.org/parameters/2-100>		<http://ids.clld.org/values/2-100-261-3>		"čonoe-"@brg	
"b'ìtri"@bfz	<http://ids.clld.org/values/12-50-704-1>		<http://ids.clld.org/parameters/12-50>		<http://ids.clld.org/values/12-50-261-1>		"-ye"@brg	
"tu:"@bfz	<http://ids.clld.org/values/2-920-704-1>		<http://ids.clld.org/parameters/2-920>		<http://ids.clld.org/values/2-920-261-1>		"pi-'ti"@brg	
"bɔ:ʈu"@bfz	<http://ids.clld.org/values/2-310-704-3>		<http://ids.clld.org/parameters/2-310>		<http://ids.clld.org/values/2-310-261-3>		"-emo"@brg	
"bɔ:ʈu"@bfz	<http://ids.clld.org/values/2-310-704-3>		<http://ids.clld.org/parameters/2-310>		<http://ids.clld.org/values/2-310-261-1>		"naβi'non"@brg	
"tshāp:ər"@bfz	<http://ids.clld.org/values/7-510-704-1>		<http://ids.clld.org/parameters/7-510>		<http://ids.clld.org/values/7-510-261-1>		"ečo'pi"@brg	
"phɔ̄ɭ"@bfz	<http://ids.clld.org/values/5-710-704-1>		<http://ids.clld.org/parameters/5-710>		<http://ids.clld.org/values/5-710-261-1>		"-i"@brg	
"dzɔl:"@bfz	<http://ids.clld.org/values/1-310-704-1>		<http://ids.clld.org/parameters/1-310>		<http://ids.clld.org/values/1-310-261-1>		"in"@brg	
"paŋör"@bfz	<http://ids.clld.org/values/2-270-704-5>		<http://ids.clld.org/parameters/2-270>		<http://ids.clld.org/values/2-270-261-1>		"mo-"@brg	
"dɔʈɳõ"@bfz	<http://ids.clld.org/values/5-110-704-5>		<http://ids.clld.org/parameters/5-110>		<http://ids.clld.org/values/5-110-261-3>		"ni-'kow"@brg	
"dɔʈɳõ"@bfz	<http://ids.clld.org/values/5-110-704-5>		<http://ids.clld.org/parameters/5-110>		<http://ids.clld.org/values/5-110-261-1>		"-ni-"@brg	
"ɖja:ɳo"@bfz	<http://ids.clld.org/values/10-370-704-1>		<http://ids.clld.org/parameters/10-370>		<http://ids.clld.org/values/10-370-261-1>		"-ar-"@brg	
"gɔrz"@bfz	<http://ids.clld.org/values/17-450-704-1>		<http://ids.clld.org/parameters/17-450>		<http://ids.clld.org/values/17-450-261-1>		"ni'kamoseṛ̌ow"@brg	
"pae"@bfz	<http://ids.clld.org/values/12-11-704-1>		<http://ids.clld.org/parameters/12-11>		<http://ids.clld.org/values/12-11-261-1>		"šiṛ̌iwa'niye"@brg	
"bāɪ"@bfz	<http://ids.clld.org/values/4-310-704-3>		<http://ids.clld.org/parameters/4-310>		<http://ids.clld.org/values/4-310-261-3>		"-ton"@brg	
"bāɪ"@bfz	<http://ids.clld.org/values/4-310-704-3>		<http://ids.clld.org/parameters/4-310>		<http://ids.clld.org/values/4-310-261-1>		"-po'wo-ki"@brg	
"rat:ɔ"@bfz	<http://ids.clld.org/values/15-660-704-1>		<http://ids.clld.org/parameters/15-660>		<http://ids.clld.org/values/15-660-261-1>		"moro'sero-"@brg	
"bāɳʈhiɔ"@bfz	<http://ids.clld.org/values/16-810-704-1>		<http://ids.clld.org/parameters/16-810>		<http://ids.clld.org/values/16-810-261-1>		"'monikowapa"@brg	
"kindi"@bfz	<http://ids.clld.org/values/17-660-704-7>		<http://ids.clld.org/parameters/17-660>		<http://ids.clld.org/values/17-660-261-3>		"ṛ̌a'βiyowon?"@brg	
"kindi"@bfz	<http://ids.clld.org/values/17-660-704-7>		<http://ids.clld.org/parameters/17-660>		<http://ids.clld.org/values/17-660-261-1>		"oypoka"@brg	
"gəsraɭnõ"@bfz	<http://ids.clld.org/values/9-210-704-1>		<http://ids.clld.org/parameters/9-210>		<http://ids.clld.org/values/9-210-261-1>		"nesta'kaβiyar"@brg	
"na"@bfz	<http://ids.clld.org/values/17-560-704-1>		<http://ids.clld.org/parameters/17-560>		<http://ids.clld.org/values/17-560-261-1>		"'onkaw"@brg	
"dad:ɪ"@bfz	<http://ids.clld.org/values/2-470-704-1>		<http://ids.clld.org/parameters/2-470>		<http://ids.clld.org/values/2-470-261-1>		"-os"@brg	
"kɔdru"@bfz	<http://ids.clld.org/values/17-650-704-3>		<http://ids.clld.org/parameters/17-650>		<http://ids.clld.org/values/17-650-261-1>		"kaeerapoka"@brg	
"ʃīk:h"@bfz	<http://ids.clld.org/values/5-610-704-1>		<http://ids.clld.org/parameters/5-610>		<http://ids.clld.org/values/5-610-261-1>		"n-eš"@brg	
"gɔrkɔ"@bfz	<http://ids.clld.org/values/15-810-704-1>		<http://ids.clld.org/parameters/15-810>		<http://ids.clld.org/values/15-810-261-3>		"kohino-kon"@brg	
"gɔrkɔ"@bfz	<http://ids.clld.org/values/15-810-704-1>		<http://ids.clld.org/parameters/15-810>		<http://ids.clld.org/values/15-810-261-1>		"-'hi-no-"@brg	
"dzanu"@bfz	<http://ids.clld.org/values/4-360-704-3>		<http://ids.clld.org/parameters/4-360>		<http://ids.clld.org/values/4-360-261-1>		"ničo'βekos"@brg	
"koilo"@bfz	<http://ids.clld.org/values/1-890-704-1>		<http://ids.clld.org/parameters/1-890>		<http://ids.clld.org/values/1-890-261-1>		"emones"@brg	
"sīd:'ɔ"@bfz	<http://ids.clld.org/values/12-730-704-3>		<http://ids.clld.org/parameters/12-730>		<http://ids.clld.org/values/12-730-261-1>		"to'βi-"@brg	
"logu"@bfz	<http://ids.clld.org/values/19-210-704-3>		<http://ids.clld.org/parameters/19-210>		<http://ids.clld.org/values/19-210-261-1>		"'činti"@brg	
"logu"@bfz	<http://ids.clld.org/values/19-210-704-3>		<http://ids.clld.org/parameters/19-210>		<http://ids.clld.org/values/19-210-261-3>		"činti-neβ"@brg	
"tshā:r"@bfz	<http://ids.clld.org/values/1-840-704-1>		<http://ids.clld.org/parameters/1-840>		<http://ids.clld.org/values/1-840-261-1>		"po'ip"@brg	
"laɽu"@bfz	<http://ids.clld.org/values/1-890-704-5>		<http://ids.clld.org/parameters/1-890>		<http://ids.clld.org/values/1-890-261-1>		"emones"@brg	
"dusɽu"@bfz	<http://ids.clld.org/values/1-520-704-1>		<http://ids.clld.org/parameters/1-520>		<http://ids.clld.org/values/1-520-261-1>		"se-s"@brg	
"kɔdu"@bfz	<http://ids.clld.org/values/17-650-704-1>		<http://ids.clld.org/parameters/17-650>		<http://ids.clld.org/values/17-650-261-1>		"kaeerapoka"@brg	
"nã"@bfz	<http://ids.clld.org/values/17-560-704-3>		<http://ids.clld.org/parameters/17-560>		<http://ids.clld.org/values/17-560-261-1>		"'onkaw"@brg	
"tsɔndər"@bfz	<http://ids.clld.org/values/1-530-704-5>		<http://ids.clld.org/parameters/1-530>		<http://ids.clld.org/values/1-530-261-1>		"ki'he-ṛ̌"@brg	
"mũ"@bfz	<http://ids.clld.org/values/2-910-704-3>		<http://ids.clld.org/parameters/2-910>		<http://ids.clld.org/values/2-910-261-3>		"n-ti"@brg	
"mũ"@bfz	<http://ids.clld.org/values/2-910-704-3>		<http://ids.clld.org/parameters/2-910>		<http://ids.clld.org/values/2-910-261-1>		"ni-"@brg	
"bɛɭkɽɪ"@bfz	<http://ids.clld.org/values/14-451-704-1>		<http://ids.clld.org/parameters/14-451>		<http://ids.clld.org/values/14-451-261-1>		"kope'ap"@brg	
"àɖ:"@bfz	<http://ids.clld.org/values/4-160-704-1>		<http://ids.clld.org/parameters/4-160>		<http://ids.clld.org/values/4-160-261-1>		"-'opi"@brg	
"dzɔ:th"@bfz	<http://ids.clld.org/values/1-530-704-7>		<http://ids.clld.org/parameters/1-530>		<http://ids.clld.org/values/1-530-261-1>		"ki'he-ṛ̌"@brg	
"gɛ:ɳ"@bfz	<http://ids.clld.org/values/1-510-704-1>		<http://ids.clld.org/parameters/1-510>		<http://ids.clld.org/values/1-510-261-1>		"a'ni-ye"@brg	
"ɛb:ɛ"@bfz	<http://ids.clld.org/values/14-180-704-3>		<http://ids.clld.org/parameters/14-180>		<http://ids.clld.org/values/14-180-261-1>		"ne'ṛ̌iki"@brg	
"gɔ̄ɳʈhɪ"@bfz	<http://ids.clld.org/values/4-340-704-3>		<http://ids.clld.org/parameters/4-340>		<http://ids.clld.org/values/4-340-261-1>		"ni-'wohis"@brg	
"dzʊɽkɛ"@bfz	<http://ids.clld.org/values/6-120-704-1>		<http://ids.clld.org/parameters/6-120>		<http://ids.clld.org/values/6-120-261-1>		"ra'roni"@brg	
"pundz'ʈɪ"@bfz	<http://ids.clld.org/values/4-180-704-5>		<http://ids.clld.org/parameters/4-180>		<http://ids.clld.org/values/4-180-261-1>		"-i'ho-s"@brg	
"'ì:k"@bfz	<http://ids.clld.org/values/4-400-704-3>		<http://ids.clld.org/parameters/4-400>		<http://ids.clld.org/values/4-400-261-1>		"ča'ko-ki"@brg	
"dāɽ'ɪ"@bfz	<http://ids.clld.org/values/4-142-704-1>		<http://ids.clld.org/parameters/4-142>		<http://ids.clld.org/values/4-142-261-1>		"ni-ša'won"@brg	
"ʃīkhʈɪ"@bfz	<http://ids.clld.org/values/5-610-704-3>		<http://ids.clld.org/parameters/5-610>		<http://ids.clld.org/values/5-610-261-1>		"n-eš"@brg	
"bʊ̄ɖ:'ɔ"@bfz	<http://ids.clld.org/values/14-150-704-3>		<http://ids.clld.org/parameters/14-150>		<http://ids.clld.org/values/14-150-261-1>		"či-n"@brg	
"ɔ̄k:höt"@bfz	<http://ids.clld.org/values/4-880-704-1>		<http://ids.clld.org/parameters/4-880>		<http://ids.clld.org/values/4-880-261-1>		"we'ṛ̌ok"@brg	
"pɛn:ɔ"@bfz	<http://ids.clld.org/values/15-780-704-1>		<http://ids.clld.org/parameters/15-780>		<http://ids.clld.org/values/15-780-261-1>		"ko-'se-ro"@brg	
"ka:n"@bfz	<http://ids.clld.org/values/4-220-704-1>		<http://ids.clld.org/parameters/4-220>		<http://ids.clld.org/values/4-220-261-3>		"senoki"@brg	
"ka:n"@bfz	<http://ids.clld.org/values/4-220-704-1>		<http://ids.clld.org/parameters/4-220>		<http://ids.clld.org/values/4-220-261-1>		"-'čoko-n"@brg	
"a:g"@bfz	<http://ids.clld.org/values/1-810-704-1>		<http://ids.clld.org/parameters/1-810>		<http://ids.clld.org/values/1-810-261-1>		"'ya-ki"@brg	
"ginɳõ"@bfz	<http://ids.clld.org/values/11-130-704-1>		<http://ids.clld.org/parameters/11-130>		<http://ids.clld.org/values/11-130-261-1>		"-a'mo"@brg	
"nat:ɛ rɪʃtɛ"@bfz	<http://ids.clld.org/values/2-810-704-1>		<http://ids.clld.org/parameters/2-810>		<http://ids.clld.org/values/2-810-261-1>		"ni'čonopos"@brg	
"tue"@bfz	<http://ids.clld.org/values/2-950-704-1>		<http://ids.clld.org/parameters/2-950>		<http://ids.clld.org/values/2-950-261-1>		"yi-'ti"@brg	
"bədzauɳõ"@bfz	<http://ids.clld.org/values/16-260-704-3>		<http://ids.clld.org/parameters/16-260>		<http://ids.clld.org/values/16-260-261-1>		"ṛ̌o'ponič"@brg	
"kɪmblɪ"@bfz	<http://ids.clld.org/values/3-817-704-1>		<http://ids.clld.org/parameters/3-817>		<http://ids.clld.org/values/3-817-261-1>		"ko'ši-ri"@brg	
"b'òbəɽ"@bfz	<http://ids.clld.org/values/4-240-704-7>		<http://ids.clld.org/parameters/4-240>		<http://ids.clld.org/values/4-240-261-1>		"ni-'noki"@brg	
"chaŋgʈu"@bfz	<http://ids.clld.org/values/2-270-704-3>		<http://ids.clld.org/parameters/2-270>		<http://ids.clld.org/values/2-270-261-1>		"mo-"@brg	
