"maŋgɳɪ"@bfz	<http://ids.clld.org/values/3-810-704-1>		<http://ids.clld.org/parameters/3-810>		<http://ids.clld.org/values/3-810-280-1>		"wɨ'oso"@pcp	
"bānd'"@bfz	<http://ids.clld.org/values/9-190-704-3>		<http://ids.clld.org/parameters/9-190>		<http://ids.clld.org/values/9-190-280-1>		"'taška"@pcp	
"ciuŋkhu"@bfz	<http://ids.clld.org/values/3-581-704-1>		<http://ids.clld.org/parameters/3-581>		<http://ids.clld.org/values/3-581-280-1>		"'isko"@pcp	
"tsɔŋkɽo"@bfz	<http://ids.clld.org/values/4-120-704-5>		<http://ids.clld.org/parameters/4-120>		<http://ids.clld.org/values/4-120-280-1>		"'wiči"@pcp	
"nɛde"@bfz	<http://ids.clld.org/values/1-360-704-3>		<http://ids.clld.org/parameters/1-360>		<http://ids.clld.org/values/1-360-280-1>		"'ʔani"@pcp	
"nɛde"@bfz	<http://ids.clld.org/values/1-360-704-3>		<http://ids.clld.org/parameters/1-360>		<http://ids.clld.org/values/1-360-280-3>		"'pao"@pcp	
"tsɔnd"@bfz	<http://ids.clld.org/values/1-530-704-3>		<http://ids.clld.org/parameters/1-530>		<http://ids.clld.org/values/1-530-280-1>		"'ʔoṣ̌ɨ"@pcp	
"la:t"@bfz	<http://ids.clld.org/values/4-370-704-3>		<http://ids.clld.org/parameters/4-370>		<http://ids.clld.org/values/4-370-280-1>		"'taʔɨ"@pcp	
"'irəɳ"@bfz	<http://ids.clld.org/values/3-750-704-3>		<http://ids.clld.org/parameters/3-750>		<http://ids.clld.org/values/3-750-280-1>		"'čaṣ̌o"@pcp	
"ai"@bfz	<http://ids.clld.org/values/2-360-704-1>		<http://ids.clld.org/parameters/2-360>		<http://ids.clld.org/values/2-360-280-1>		"'kai"@pcp	
"sɔ̄rəg"@bfz	<http://ids.clld.org/values/1-510-704-3>		<http://ids.clld.org/parameters/1-510>		<http://ids.clld.org/values/1-510-280-1>		"na'ipa"@pcp	
"g'ɔ̀r:r"@bfz	<http://ids.clld.org/values/7-120-704-1>		<http://ids.clld.org/parameters/7-120>		<http://ids.clld.org/values/7-120-280-1>		"'ṣ̌owo"@pcp	
"cənalʈu"@bfz	<http://ids.clld.org/values/4-440-704-1>		<http://ids.clld.org/parameters/4-440>		<http://ids.clld.org/values/4-440-280-1>		"howi'ti"@pcp	
"am:a"@bfz	<http://ids.clld.org/values/2-360-704-3>		<http://ids.clld.org/parameters/2-360>		<http://ids.clld.org/values/2-360-280-1>		"'kai"@pcp	
"āt:h"@bfz	<http://ids.clld.org/values/4-330-704-1>		<http://ids.clld.org/parameters/4-330>		<http://ids.clld.org/values/4-330-280-1>		"mɨ'kɨna"@pcp	
"pa:c"@bfz	<http://ids.clld.org/values/8-560-704-3>		<http://ids.clld.org/parameters/8-560>		<http://ids.clld.org/values/8-560-280-1>		"'pɨʔi"@pcp	
"dərɛu"@bfz	<http://ids.clld.org/values/1-360-704-1>		<http://ids.clld.org/parameters/1-360>		<http://ids.clld.org/values/1-360-280-1>		"'ʔani"@pcp	
"dərɛu"@bfz	<http://ids.clld.org/values/1-360-704-1>		<http://ids.clld.org/parameters/1-360>		<http://ids.clld.org/values/1-360-280-3>		"'pao"@pcp	
"dz'ò:ʈ"@bfz	<http://ids.clld.org/values/8-540-704-1>		<http://ids.clld.org/parameters/8-540>		<http://ids.clld.org/values/8-540-280-1>		"ta'pono"@pcp	
"pɪn:e"@bfz	<http://ids.clld.org/values/5-970-704-1>		<http://ids.clld.org/parameters/5-970>		<http://ids.clld.org/values/5-970-280-1>		"'wači"@pcp	
"ɖaŋgrɔ"@bfz	<http://ids.clld.org/values/9-250-704-1>		<http://ids.clld.org/parameters/9-250>		<http://ids.clld.org/values/9-250-280-1>		"[hača]"@pcp	
"lōu"@bfz	<http://ids.clld.org/values/4-150-704-1>		<http://ids.clld.org/parameters/4-150>		<http://ids.clld.org/values/4-150-280-1>		"'himi"@pcp	
"tsamɽɪ"@bfz	<http://ids.clld.org/values/4-120-704-1>		<http://ids.clld.org/parameters/4-120>		<http://ids.clld.org/values/4-120-280-1>		"'wiči"@pcp	
"phʊʈɳõ"@bfz	<http://ids.clld.org/values/9-270-704-1>		<http://ids.clld.org/parameters/9-270>		<http://ids.clld.org/values/9-270-280-1>		"ma'tošmaki"@pcp	
"khʊʈe"@bfz	<http://ids.clld.org/values/4-350-704-1>		<http://ids.clld.org/parameters/4-350>		<http://ids.clld.org/values/4-350-280-1>		"'wiko"@pcp	
"tarɔ"@bfz	<http://ids.clld.org/values/1-540-704-1>		<http://ids.clld.org/parameters/1-540>		<http://ids.clld.org/values/1-540-280-1>		"'wištima"@pcp	
"a:kh"@bfz	<http://ids.clld.org/values/4-210-704-3>		<http://ids.clld.org/parameters/4-210>		<http://ids.clld.org/values/4-210-280-1>		"'wɨřo"@pcp	
"din"@bfz	<http://ids.clld.org/values/14-410-704-1>		<http://ids.clld.org/parameters/14-410>		<http://ids.clld.org/values/14-410-280-1>		"'waři"@pcp	
"ũ"@bfz	<http://ids.clld.org/values/2-910-704-1>		<http://ids.clld.org/parameters/2-910>		<http://ids.clld.org/values/2-910-280-1>		"'ɨa"@pcp	
"mātshɭɪ"@bfz	<http://ids.clld.org/values/3-650-704-1>		<http://ids.clld.org/parameters/3-650>		<http://ids.clld.org/values/3-650-280-3>		"'woɨ"@pcp	
"mātshɭɪ"@bfz	<http://ids.clld.org/values/3-650-704-1>		<http://ids.clld.org/parameters/3-650>		<http://ids.clld.org/values/3-650-280-1>		"sa'nino"@pcp	
"d'ɔ̀:ɳ"@bfz	<http://ids.clld.org/values/2-320-704-1>		<http://ids.clld.org/parameters/2-320>		<http://ids.clld.org/values/2-320-280-1>		"ʔa'wini"@pcp	
"dui"@bfz	<http://ids.clld.org/values/13-20-704-1>		<http://ids.clld.org/parameters/13-20>		<http://ids.clld.org/values/13-20-280-1>		"ra'wɨ"@pcp	
"nɛ:ɳ"@bfz	<http://ids.clld.org/values/4-210-704-7>		<http://ids.clld.org/parameters/4-210>		<http://ids.clld.org/values/4-210-280-1>		"'wɨřo"@pcp	
"|mɔr|tsuŋg"@bfz	<http://ids.clld.org/values/3-586-704-3>		<http://ids.clld.org/parameters/3-586>		<http://ids.clld.org/values/3-586-280-1>		"po'iko"@pcp	
"paulo"@bfz	<http://ids.clld.org/values/8-560-704-1>		<http://ids.clld.org/parameters/8-560>		<http://ids.clld.org/values/8-560-280-1>		"'pɨʔi"@pcp	
"cito"@bfz	<http://ids.clld.org/values/15-640-704-1>		<http://ids.clld.org/parameters/15-640>		<http://ids.clld.org/values/15-640-280-1>		"'hoṣ̌o"@pcp	
"nɔd:ɪ"@bfz	<http://ids.clld.org/values/1-360-704-5>		<http://ids.clld.org/parameters/1-360>		<http://ids.clld.org/values/1-360-280-1>		"'ʔani"@pcp	
"nɔd:ɪ"@bfz	<http://ids.clld.org/values/1-360-704-5>		<http://ids.clld.org/parameters/1-360>		<http://ids.clld.org/values/1-360-280-3>		"'pao"@pcp	
"ɟa:t"@bfz	<http://ids.clld.org/values/4-240-704-3>		<http://ids.clld.org/parameters/4-240>		<http://ids.clld.org/values/4-240-280-1>		"kɨ'wɨči"@pcp	
"sūrədz"@bfz	<http://ids.clld.org/values/1-520-704-3>		<http://ids.clld.org/parameters/1-520>		<http://ids.clld.org/values/1-520-280-1>		"'waři"@pcp	
"bagɳɔ"@bfz	<http://ids.clld.org/values/4-350-704-5>		<http://ids.clld.org/parameters/4-350>		<http://ids.clld.org/values/4-350-280-1>		"'wiko"@pcp	
"ʈhɔlɖɪ"@bfz	<http://ids.clld.org/values/2-220-704-1>		<http://ids.clld.org/parameters/2-220>		<http://ids.clld.org/values/2-220-280-1>		"'yoṣ̌a"@pcp	
"pɛ:r"@bfz	<http://ids.clld.org/values/4-370-704-1>		<http://ids.clld.org/parameters/4-370>		<http://ids.clld.org/values/4-370-280-1>		"'taʔɨ"@pcp	
"na:k"@bfz	<http://ids.clld.org/values/4-230-704-1>		<http://ids.clld.org/parameters/4-230>		<http://ids.clld.org/values/4-230-280-1>		"řɨ'kina"@pcp	
"ba:ɭ"@bfz	<http://ids.clld.org/values/4-140-704-1>		<http://ids.clld.org/parameters/4-140>		<http://ids.clld.org/values/4-140-280-1>		"'woo"@pcp	
"paɳɪ"@bfz	<http://ids.clld.org/values/1-750-704-1>		<http://ids.clld.org/parameters/1-750>		<http://ids.clld.org/values/1-750-280-3>		"ʔo'i"@pcp	
"paɳɪ"@bfz	<http://ids.clld.org/values/1-750-704-1>		<http://ids.clld.org/parameters/1-750>		<http://ids.clld.org/values/1-750-280-1>		"o'i"@pcp	
"da:nd"@bfz	<http://ids.clld.org/values/4-270-704-1>		<http://ids.clld.org/parameters/4-270>		<http://ids.clld.org/values/4-270-280-1>		"'ṣ̌ɨna"@pcp	
"dant"@bfz	<http://ids.clld.org/values/4-270-704-3>		<http://ids.clld.org/parameters/4-270>		<http://ids.clld.org/values/4-270-280-1>		"'ṣ̌ɨna"@pcp	
"khɔ̄dzɳõ"@bfz	<http://ids.clld.org/values/15-550-704-1>		<http://ids.clld.org/parameters/15-550>		<http://ids.clld.org/values/15-550-280-1>		"hi-'maki"@pcp	
"ʃōʃ:əɭ"@bfz	<http://ids.clld.org/values/12-850-704-3>		<http://ids.clld.org/parameters/12-850>		<http://ids.clld.org/values/12-850-280-1>		"'kini"@pcp	
"āk:h"@bfz	<http://ids.clld.org/values/4-210-704-1>		<http://ids.clld.org/parameters/4-210>		<http://ids.clld.org/values/4-210-280-1>		"'wɨřo"@pcp	
"dz'òkʈɪ"@bfz	<http://ids.clld.org/values/1-880-704-1>		<http://ids.clld.org/parameters/1-880>		<http://ids.clld.org/values/1-880-280-1>		"'kařo"@pcp	
"ma:"@bfz	<http://ids.clld.org/values/2-360-704-7>		<http://ids.clld.org/parameters/2-360>		<http://ids.clld.org/values/2-360-280-1>		"'kai"@pcp	
"ɖo:r"@bfz	<http://ids.clld.org/values/9-190-704-1>		<http://ids.clld.org/parameters/9-190>		<http://ids.clld.org/values/9-190-280-1>		"'taška"@pcp	
"sērɪ"@bfz	<http://ids.clld.org/values/8-120-704-7>		<http://ids.clld.org/parameters/8-120>		<http://ids.clld.org/values/8-120-280-1>		"'wai"@pcp	
"ba:p"@bfz	<http://ids.clld.org/values/2-350-704-1>		<http://ids.clld.org/parameters/2-350>		<http://ids.clld.org/values/2-350-280-1>		"'ɨpa"@pcp	
"ba:p"@bfz	<http://ids.clld.org/values/2-350-704-1>		<http://ids.clld.org/parameters/2-350>		<http://ids.clld.org/values/2-350-280-3>		"'ʔɨpa"@pcp	
"bɪ:kh"@bfz	<http://ids.clld.org/values/8-600-704-1>		<http://ids.clld.org/parameters/8-600>		<http://ids.clld.org/values/8-600-280-1>		"'hiwi"@pcp	
"gʊɽku"@bfz	<http://ids.clld.org/values/1-560-704-1>		<http://ids.clld.org/parameters/1-560>		<http://ids.clld.org/values/1-560-280-1>		"'naina"@pcp	
"brɪkʃ"@bfz	<http://ids.clld.org/values/8-600-704-5>		<http://ids.clld.org/parameters/8-600>		<http://ids.clld.org/values/8-600-280-1>		"'hiwi"@pcp	
"tsərɽʊndər"@bfz	<http://ids.clld.org/values/12-850-704-7>		<http://ids.clld.org/parameters/12-850>		<http://ids.clld.org/values/12-850-280-1>		"'kini"@pcp	
"d'ò:ɳõ"@bfz	<http://ids.clld.org/values/9-360-704-1>		<http://ids.clld.org/parameters/9-360>		<http://ids.clld.org/values/9-360-280-1>		"'aši"@pcp	
"mɪɳɖkɔ"@bfz	<http://ids.clld.org/values/3-950-704-1>		<http://ids.clld.org/parameters/3-950>		<http://ids.clld.org/values/3-950-280-1>		"wɨṣ̌ko"@pcp	
"khākhlɔ"@bfz	<http://ids.clld.org/values/4-208-704-5>		<http://ids.clld.org/parameters/4-208>		<http://ids.clld.org/values/4-208-280-1>		"'tamo"@pcp	
"dz'aɽno"@bfz	<http://ids.clld.org/values/9-220-704-1>		<http://ids.clld.org/parameters/9-220>		<http://ids.clld.org/values/9-220-280-1>		"'kɨɨsakia"@pcp	
"bɛlre"@bfz	<http://ids.clld.org/values/8-470-704-3>		<http://ids.clld.org/parameters/8-470>		<http://ids.clld.org/values/8-470-280-1>		"'ṣ̌ɨki"@pcp	
"mɪrg"@bfz	<http://ids.clld.org/values/3-750-704-1>		<http://ids.clld.org/parameters/3-750>		<http://ids.clld.org/values/3-750-280-1>		"'čaṣ̌o"@pcp	
"khālʈɔ"@bfz	<http://ids.clld.org/values/4-120-704-3>		<http://ids.clld.org/parameters/4-120>		<http://ids.clld.org/values/4-120-280-1>		"'wiči"@pcp	
"badəɭ"@bfz	<http://ids.clld.org/values/1-730-704-1>		<http://ids.clld.org/parameters/1-730>		<http://ids.clld.org/values/1-730-280-1>		"'c̷ɨmo"@pcp	
"mɔũ"@bfz	<http://ids.clld.org/values/2-280-704-1>		<http://ids.clld.org/parameters/2-280>		<http://ids.clld.org/values/2-280-280-1>		"'wakɨ 'pistia"@pcp	
"baguɳɔ"@bfz	<http://ids.clld.org/values/4-350-704-3>		<http://ids.clld.org/parameters/4-350>		<http://ids.clld.org/values/4-350-280-1>		"'wiko"@pcp	
"brɪk:h"@bfz	<http://ids.clld.org/values/8-600-704-3>		<http://ids.clld.org/parameters/8-600>		<http://ids.clld.org/values/8-600-280-1>		"'hiwi"@pcp	
"kha:b"@bfz	<http://ids.clld.org/values/4-240-704-1>		<http://ids.clld.org/parameters/4-240>		<http://ids.clld.org/values/4-240-280-1>		"kɨ'wɨči"@pcp	
"ʈo:ʈ"@bfz	<http://ids.clld.org/values/4-240-704-5>		<http://ids.clld.org/parameters/4-240>		<http://ids.clld.org/values/4-240-280-1>		"kɨ'wɨči"@pcp	
"tsa:nd"@bfz	<http://ids.clld.org/values/1-530-704-1>		<http://ids.clld.org/parameters/1-530>		<http://ids.clld.org/values/1-530-280-1>		"'ʔoṣ̌ɨ"@pcp	
"b'ɔ̄ʃ"@bfz	<http://ids.clld.org/values/4-441-704-1>		<http://ids.clld.org/parameters/4-441>		<http://ids.clld.org/values/4-441-280-1>		"'taṣ̌a"@pcp	
"d'ũ`ɔ"@bfz	<http://ids.clld.org/values/1-830-704-1>		<http://ids.clld.org/parameters/1-830>		<http://ids.clld.org/values/1-830-280-1>		"ko'ʔina"@pcp	
"paɳɪ"@bfz	<http://ids.clld.org/values/1-310-704-3>		<http://ids.clld.org/parameters/1-310>		<http://ids.clld.org/values/1-310-280-1>		"'hɨnɨ"@pcp	
"du:r"@bfz	<http://ids.clld.org/values/12-440-704-1>		<http://ids.clld.org/parameters/12-440>		<http://ids.clld.org/values/12-440-280-1>		"nɨ'ama"@pcp	
"phulɽu"@bfz	<http://ids.clld.org/values/8-570-704-1>		<http://ids.clld.org/parameters/8-570>		<http://ids.clld.org/values/8-570-280-3>		"řeṣ̌'pana"@pcp	
"phulɽu"@bfz	<http://ids.clld.org/values/8-570-704-1>		<http://ids.clld.org/parameters/8-570>		<http://ids.clld.org/values/8-570-280-1>		"'hoa"@pcp	
"iɟe"@bfz	<http://ids.clld.org/values/2-360-704-5>		<http://ids.clld.org/parameters/2-360>		<http://ids.clld.org/values/2-360-280-1>		"'kai"@pcp	
"dzīb:"@bfz	<http://ids.clld.org/values/4-260-704-1>		<http://ids.clld.org/parameters/4-260>		<http://ids.clld.org/values/4-260-280-1>		"'hana"@pcp	
"ɔn:"@bfz	<http://ids.clld.org/values/8-470-704-1>		<http://ids.clld.org/parameters/8-470>		<http://ids.clld.org/values/8-470-280-1>		"'ṣ̌ɨki"@pcp	
"rʊɪ"@bfz	<http://ids.clld.org/values/6-240-704-1>		<http://ids.clld.org/parameters/6-240>		<http://ids.clld.org/values/6-240-280-1>		"waṣ̌'mɨna"@pcp	
"dēkhɳõ"@bfz	<http://ids.clld.org/values/15-510-704-1>		<http://ids.clld.org/parameters/15-510>		<http://ids.clld.org/values/15-510-280-1>		"his'pa"@pcp	
"dēkhɳõ"@bfz	<http://ids.clld.org/values/15-510-704-1>		<http://ids.clld.org/parameters/15-510>		<http://ids.clld.org/values/15-510-280-3>		"'hisna"@pcp	
"bā:"@bfz	<http://ids.clld.org/values/4-310-704-1>		<http://ids.clld.org/parameters/4-310>		<http://ids.clld.org/values/4-310-280-1>		"po'yana"@pcp	
"maɪ"@bfz	<http://ids.clld.org/values/2-360-704-9>		<http://ids.clld.org/parameters/2-360>		<http://ids.clld.org/values/2-360-280-1>		"'kai"@pcp	
"māts:hɪ"@bfz	<http://ids.clld.org/values/3-650-704-3>		<http://ids.clld.org/parameters/3-650>		<http://ids.clld.org/values/3-650-280-3>		"'woɨ"@pcp	
"māts:hɪ"@bfz	<http://ids.clld.org/values/3-650-704-3>		<http://ids.clld.org/parameters/3-650>		<http://ids.clld.org/values/3-650-280-1>		"sa'nino"@pcp	
"mʊ:ɳɖ"@bfz	<http://ids.clld.org/values/4-200-704-1>		<http://ids.clld.org/parameters/4-200>		<http://ids.clld.org/values/4-200-280-1>		"'mapo"@pcp	
"swā:"@bfz	<http://ids.clld.org/values/1-840-704-3>		<http://ids.clld.org/parameters/1-840>		<http://ids.clld.org/values/1-840-280-1>		"'mišpo"@pcp	
"a:dmi"@bfz	<http://ids.clld.org/values/2-210-704-1>		<http://ids.clld.org/parameters/2-210>		<http://ids.clld.org/values/2-210-280-1>		"'honi"@pcp	
"a:ŋkh"@bfz	<http://ids.clld.org/values/4-210-704-5>		<http://ids.clld.org/parameters/4-210>		<http://ids.clld.org/values/4-210-280-1>		"'wɨřo"@pcp	
"pāntshɪ"@bfz	<http://ids.clld.org/values/3-581-704-5>		<http://ids.clld.org/parameters/3-581>		<http://ids.clld.org/values/3-581-280-1>		"'isko"@pcp	
"rɔ̄ʃ:ɔ"@bfz	<http://ids.clld.org/values/9-190-704-5>		<http://ids.clld.org/parameters/9-190>		<http://ids.clld.org/values/9-190-280-1>		"'taška"@pcp	
"ba:b"@bfz	<http://ids.clld.org/values/2-350-704-3>		<http://ids.clld.org/parameters/2-350>		<http://ids.clld.org/values/2-350-280-1>		"'ɨpa"@pcp	
"ba:b"@bfz	<http://ids.clld.org/values/2-350-704-3>		<http://ids.clld.org/parameters/2-350>		<http://ids.clld.org/values/2-350-280-3>		"'ʔɨpa"@pcp	
"ʃəɽɭol:"@bfz	<http://ids.clld.org/values/12-850-704-1>		<http://ids.clld.org/parameters/12-850>		<http://ids.clld.org/values/12-850-280-1>		"'kini"@pcp	
"bɔ:ʈɪ"@bfz	<http://ids.clld.org/values/2-320-704-3>		<http://ids.clld.org/parameters/2-320>		<http://ids.clld.org/values/2-320-280-1>		"ʔa'wini"@pcp	
"nɛ:"@bfz	<http://ids.clld.org/values/1-360-704-7>		<http://ids.clld.org/parameters/1-360>		<http://ids.clld.org/values/1-360-280-1>		"'ʔani"@pcp	
"nɛ:"@bfz	<http://ids.clld.org/values/1-360-704-7>		<http://ids.clld.org/parameters/1-360>		<http://ids.clld.org/values/1-360-280-3>		"'pao"@pcp	
"kɔrnõ"@bfz	<http://ids.clld.org/values/9-110-704-1>		<http://ids.clld.org/parameters/9-110>		<http://ids.clld.org/values/9-110-280-1>		"i'wɨ"@pcp	
"aʈ:ɔ"@bfz	<http://ids.clld.org/values/5-550-704-1>		<http://ids.clld.org/parameters/5-550>		<http://ids.clld.org/values/5-550-280-1>		"'moto"@pcp	
"mɔrd"@bfz	<http://ids.clld.org/values/2-210-704-3>		<http://ids.clld.org/parameters/2-210>		<http://ids.clld.org/values/2-210-280-1>		"'honi"@pcp	
"glɔnto"@bfz	<http://ids.clld.org/values/4-208-704-7>		<http://ids.clld.org/parameters/4-208>		<http://ids.clld.org/values/4-208-280-1>		"'tamo"@pcp	
"guɭuɔ"@bfz	<http://ids.clld.org/values/15-350-704-1>		<http://ids.clld.org/parameters/15-350>		<http://ids.clld.org/values/15-350-280-1>		"tɨ'ɨ"@pcp	
"tshōʈ:ɔ"@bfz	<http://ids.clld.org/values/12-560-704-1>		<http://ids.clld.org/parameters/12-560>		<http://ids.clld.org/values/12-560-280-1>		"'mišni"@pcp	
"sɔ̄"@bfz	<http://ids.clld.org/values/2-930-704-1>		<http://ids.clld.org/parameters/2-930>		<http://ids.clld.org/values/2-930-280-1>		"'haa"@pcp	
"ɖokrɔ"@bfz	<http://ids.clld.org/values/8-120-704-3>		<http://ids.clld.org/parameters/8-120>		<http://ids.clld.org/values/8-120-280-1>		"'wai"@pcp	
"tshē:d"@bfz	<http://ids.clld.org/values/12-850-704-5>		<http://ids.clld.org/parameters/12-850>		<http://ids.clld.org/values/12-850-280-1>		"'kini"@pcp	
"a:dmi"@bfz	<http://ids.clld.org/values/2-310-704-1>		<http://ids.clld.org/parameters/2-310>		<http://ids.clld.org/values/2-310-280-1>		"'wɨnɨ"@pcp	
"ʃū:"@bfz	<http://ids.clld.org/values/3-592-704-1>		<http://ids.clld.org/parameters/3-592>		<http://ids.clld.org/values/3-592-280-1>		"'wawa"@pcp	
"dɔʃe"@bfz	<http://ids.clld.org/values/2-220-704-3>		<http://ids.clld.org/parameters/2-220>		<http://ids.clld.org/values/2-220-280-1>		"'yoṣ̌a"@pcp	
"bɔ:ʈu"@bfz	<http://ids.clld.org/values/2-310-704-3>		<http://ids.clld.org/parameters/2-310>		<http://ids.clld.org/values/2-310-280-1>		"'wɨnɨ"@pcp	
"phɔ̄ɭ"@bfz	<http://ids.clld.org/values/5-710-704-1>		<http://ids.clld.org/parameters/5-710>		<http://ids.clld.org/values/5-710-280-1>		"'kɨo"@pcp	
"dzɔl:"@bfz	<http://ids.clld.org/values/1-310-704-1>		<http://ids.clld.org/parameters/1-310>		<http://ids.clld.org/values/1-310-280-1>		"'hɨnɨ"@pcp	
"khədzɛɭnõ"@bfz	<http://ids.clld.org/values/15-550-704-3>		<http://ids.clld.org/parameters/15-550>		<http://ids.clld.org/values/15-550-280-1>		"hi-'maki"@pcp	
"ro:ʈ"@bfz	<http://ids.clld.org/values/8-120-704-5>		<http://ids.clld.org/parameters/8-120>		<http://ids.clld.org/values/8-120-280-1>		"'wai"@pcp	
"kauʃəɳ"@bfz	<http://ids.clld.org/values/3-586-704-1>		<http://ids.clld.org/parameters/3-586>		<http://ids.clld.org/values/3-586-280-1>		"po'iko"@pcp	
"bāɪ"@bfz	<http://ids.clld.org/values/4-310-704-3>		<http://ids.clld.org/parameters/4-310>		<http://ids.clld.org/values/4-310-280-1>		"po'yana"@pcp	
"rat:ɔ"@bfz	<http://ids.clld.org/values/15-660-704-1>		<http://ids.clld.org/parameters/15-660>		<http://ids.clld.org/values/15-660-280-1>		"'šini"@pcp	
"paŋkhɽu"@bfz	<http://ids.clld.org/values/3-581-704-3>		<http://ids.clld.org/parameters/3-581>		<http://ids.clld.org/values/3-581-280-1>		"'isko"@pcp	
"gɔrkɔ"@bfz	<http://ids.clld.org/values/15-810-704-1>		<http://ids.clld.org/parameters/15-810>		<http://ids.clld.org/values/15-810-280-1>		"'iwɨ"@pcp	
"tshā:r"@bfz	<http://ids.clld.org/values/1-840-704-1>		<http://ids.clld.org/parameters/1-840>		<http://ids.clld.org/values/1-840-280-1>		"'mišpo"@pcp	
"dusɽu"@bfz	<http://ids.clld.org/values/1-520-704-1>		<http://ids.clld.org/parameters/1-520>		<http://ids.clld.org/values/1-520-280-1>		"'waři"@pcp	
"tsɔndər"@bfz	<http://ids.clld.org/values/1-530-704-5>		<http://ids.clld.org/parameters/1-530>		<http://ids.clld.org/values/1-530-280-1>		"'ʔoṣ̌ɨ"@pcp	
"mũ"@bfz	<http://ids.clld.org/values/2-910-704-3>		<http://ids.clld.org/parameters/2-910>		<http://ids.clld.org/values/2-910-280-1>		"'ɨa"@pcp	
"àɖ:"@bfz	<http://ids.clld.org/values/4-160-704-1>		<http://ids.clld.org/parameters/4-160>		<http://ids.clld.org/values/4-160-280-1>		"'ṣ̌ao"@pcp	
"dzɔ:th"@bfz	<http://ids.clld.org/values/1-530-704-7>		<http://ids.clld.org/parameters/1-530>		<http://ids.clld.org/values/1-530-280-1>		"'ʔoṣ̌ɨ"@pcp	
"gɛ:ɳ"@bfz	<http://ids.clld.org/values/1-510-704-1>		<http://ids.clld.org/parameters/1-510>		<http://ids.clld.org/values/1-510-280-1>		"na'ipa"@pcp	
"kōɭ:"@bfz	<http://ids.clld.org/values/3-580-704-1>		<http://ids.clld.org/parameters/3-580>		<http://ids.clld.org/values/3-580-280-1>		"'naʔa"@pcp	
"dāɽ'ɪ"@bfz	<http://ids.clld.org/values/4-142-704-1>		<http://ids.clld.org/parameters/4-142>		<http://ids.clld.org/values/4-142-280-1>		"'kɨni"@pcp	
"khē:c"@bfz	<http://ids.clld.org/values/8-120-704-1>		<http://ids.clld.org/parameters/8-120>		<http://ids.clld.org/values/8-120-280-1>		"'wai"@pcp	
"khāk:hu"@bfz	<http://ids.clld.org/values/4-208-704-1>		<http://ids.clld.org/parameters/4-208>		<http://ids.clld.org/values/4-208-280-1>		"'tamo"@pcp	
"pɛn:ɔ"@bfz	<http://ids.clld.org/values/15-780-704-1>		<http://ids.clld.org/parameters/15-780>		<http://ids.clld.org/values/15-780-280-1>		"'ɨika"@pcp	
"ka:n"@bfz	<http://ids.clld.org/values/4-220-704-1>		<http://ids.clld.org/parameters/4-220>		<http://ids.clld.org/values/4-220-280-1>		"'paʔoki"@pcp	
"a:g"@bfz	<http://ids.clld.org/values/1-810-704-1>		<http://ids.clld.org/parameters/1-810>		<http://ids.clld.org/values/1-810-280-1>		"'čiʔi"@pcp	
"khāk:hulɔ"@bfz	<http://ids.clld.org/values/4-208-704-3>		<http://ids.clld.org/parameters/4-208>		<http://ids.clld.org/values/4-208-280-1>		"'tamo"@pcp	
"b'òbəɽ"@bfz	<http://ids.clld.org/values/4-240-704-7>		<http://ids.clld.org/parameters/4-240>		<http://ids.clld.org/values/4-240-280-1>		"kɨ'wɨči"@pcp	
