"donna"@it	<http://ids.clld.org/values/2-220-170-3>		<http://ids.clld.org/parameters/2-220>		<http://ids.clld.org/values/2-220-242-1>		"byoo"@mot	
"muro"@it	<http://ids.clld.org/values/7-270-170-1>		<http://ids.clld.org/parameters/7-270>		<http://ids.clld.org/values/7-270-242-1>		"kakabubumai"@mot	
"poco"@it	<http://ids.clld.org/values/13-170-170-1>		<http://ids.clld.org/parameters/13-170>		<http://ids.clld.org/values/13-170-242-1>		"kobahkaaĩ"@mot	
"giorno"@it	<http://ids.clld.org/values/14-410-170-1>		<http://ids.clld.org/parameters/14-410>		<http://ids.clld.org/values/14-410-242-1>		"barikari"@mot	
"dove?"@it	<http://ids.clld.org/values/17-660-170-1>		<http://ids.clld.org/parameters/17-660>		<http://ids.clld.org/values/17-660-242-1>		"abããhã"@mot	
"gonfiatura"@it	<http://ids.clld.org/values/4-853-170-1>		<http://ids.clld.org/parameters/4-853>		<http://ids.clld.org/values/4-853-242-1>		"ayrãã"@mot	
"lei"@it	<http://ids.clld.org/values/2-930-170-7>		<http://ids.clld.org/parameters/2-930>		<http://ids.clld.org/values/2-930-242-1>		"oobãi"@mot	
"giù"@it	<http://ids.clld.org/values/12-30-170-1>		<http://ids.clld.org/parameters/12-30>		<http://ids.clld.org/values/12-30-242-1>		"roradi"@mot	
"mucca"@it	<http://ids.clld.org/values/3-230-170-1>		<http://ids.clld.org/parameters/3-230>		<http://ids.clld.org/values/3-230-242-1>		"šibāa"@mot	
"pesante"@it	<http://ids.clld.org/values/15-810-170-1>		<http://ids.clld.org/parameters/15-810>		<http://ids.clld.org/values/15-810-242-1>		"aabari"@mot	
"sorgente"@it	<http://ids.clld.org/values/1-370-170-1>		<http://ids.clld.org/parameters/1-370>		<http://ids.clld.org/values/1-370-242-1>		"undaghakĩ"@mot	
"vescica"@it	<http://ids.clld.org/values/4-855-170-1>		<http://ids.clld.org/parameters/4-855>		<http://ids.clld.org/values/4-855-242-1>		"boksoro"@mot	
"bimbo"@it	<http://ids.clld.org/values/2-280-170-1>		<http://ids.clld.org/parameters/2-280>		<http://ids.clld.org/values/2-280-242-1>		"bahkuī"@mot	
"patrigno"@it	<http://ids.clld.org/values/2-710-170-1>		<http://ids.clld.org/parameters/2-710>		<http://ids.clld.org/values/2-710-242-1>		"kwaimai"@mot	
"nipote"@it	<http://ids.clld.org/values/2-530-170-1>		<http://ids.clld.org/parameters/2-530>		<http://ids.clld.org/values/2-530-242-1>		"aši asašī"@mot	
"coperta"@it	<http://ids.clld.org/values/7-422-170-1>		<http://ids.clld.org/parameters/7-422>		<http://ids.clld.org/values/7-422-242-1>		"šanšān"@mot	
"nascere"@it	<http://ids.clld.org/values/4-720-170-1>		<http://ids.clld.org/parameters/4-720>		<http://ids.clld.org/values/4-720-242-1>		"šo"@mot	
"bosco"@it	<http://ids.clld.org/values/1-410-170-1>		<http://ids.clld.org/parameters/1-410>		<http://ids.clld.org/values/1-410-242-1>		"itenči"@mot	
"uccello"@it	<http://ids.clld.org/values/3-581-170-1>		<http://ids.clld.org/parameters/3-581>		<http://ids.clld.org/values/3-581-242-1>		"daarikbi"@mot	
"cera vergine"@it	<http://ids.clld.org/values/3-821-170-1>		<http://ids.clld.org/parameters/3-821>		<http://ids.clld.org/values/3-821-242-1>		"arōhkogbā"@mot	
"grasso"@it	<http://ids.clld.org/values/5-791-170-1>		<http://ids.clld.org/parameters/5-791>		<http://ids.clld.org/values/5-791-242-1>		"ahtooto"@mot	
"crudo"@it	<http://ids.clld.org/values/5-122-170-1>		<http://ids.clld.org/parameters/5-122>		<http://ids.clld.org/values/5-122-242-1>		"tagta"@mot	
"voi"@it	<http://ids.clld.org/values/2-950-170-1>		<http://ids.clld.org/parameters/2-950>		<http://ids.clld.org/values/2-950-242-1>		"bidyi"@mot	
"zanzara"@it	<http://ids.clld.org/values/3-832-170-1>		<http://ids.clld.org/parameters/3-832>		<http://ids.clld.org/values/3-832-242-1>		"iširigbi"@mot	
"friggere"@it	<http://ids.clld.org/values/5-230-170-3>		<http://ids.clld.org/parameters/5-230>		<http://ids.clld.org/values/5-230-242-1>		"yoobī"@mot	
"ciglio"@it	<http://ids.clld.org/values/4-214-170-1>		<http://ids.clld.org/parameters/4-214>		<http://ids.clld.org/values/4-214-242-1>		"obāšišī"@mot	
"ginocchio"@it	<http://ids.clld.org/values/4-360-170-1>		<http://ids.clld.org/parameters/4-360>		<http://ids.clld.org/values/4-360-242-1>		"obãã"@mot	
"torrente"@it	<http://ids.clld.org/values/1-360-170-3>		<http://ids.clld.org/parameters/1-360>		<http://ids.clld.org/values/1-360-242-1>		"bohgī"@mot	
"petto"@it	<http://ids.clld.org/values/4-400-170-1>		<http://ids.clld.org/parameters/4-400>		<http://ids.clld.org/values/4-400-242-1>		"bidū"@mot	
"falco"@it	<http://ids.clld.org/values/3-585-170-1>		<http://ids.clld.org/parameters/3-585>		<http://ids.clld.org/values/3-585-242-1>		"ōtakdā"@mot	
"lontano"@it	<http://ids.clld.org/values/12-440-170-1>		<http://ids.clld.org/parameters/12-440>		<http://ids.clld.org/values/12-440-242-1>		"iitčikiri"@mot	
"lui"@it	<http://ids.clld.org/values/2-930-170-3>		<http://ids.clld.org/parameters/2-930>		<http://ids.clld.org/values/2-930-242-1>		"oobãi"@mot	
"morto"@it	<http://ids.clld.org/values/4-750-170-3>		<http://ids.clld.org/parameters/4-750>		<http://ids.clld.org/values/4-750-242-1>		"širɨ̃ aḳbaikãng"@mot	
"colpire"@it	<http://ids.clld.org/values/9-210-170-1>		<http://ids.clld.org/parameters/9-210>		<http://ids.clld.org/values/9-210-242-1>		"dõõ"@mot	
"colpire"@it	<http://ids.clld.org/values/9-210-170-1>		<http://ids.clld.org/parameters/9-210>		<http://ids.clld.org/values/9-210-242-3>		"buukši (?)"@mot	
"nipotina"@it	<http://ids.clld.org/values/2-490-170-3>		<http://ids.clld.org/parameters/2-490>		<http://ids.clld.org/values/2-490-242-1>		"šiā́ abira"@mot	
"medicina"@it	<http://ids.clld.org/values/4-880-170-1>		<http://ids.clld.org/parameters/4-880>		<http://ids.clld.org/values/4-880-242-1>		"ogsā"@mot	
"seno"@it	<http://ids.clld.org/values/4-410-170-1>		<http://ids.clld.org/parameters/4-410>		<http://ids.clld.org/values/4-410-242-1>		"twaa"@mot	
"come?"@it	<http://ids.clld.org/values/17-610-170-1>		<http://ids.clld.org/parameters/17-610>		<http://ids.clld.org/values/17-610-242-1>		"aangka"@mot	
"intestini"@it	<http://ids.clld.org/values/4-461-170-1>		<http://ids.clld.org/parameters/4-461>		<http://ids.clld.org/values/4-461-242-1>		"aaiši"@mot	
"in"@it	<http://ids.clld.org/values/12-50-170-3>		<http://ids.clld.org/parameters/12-50>		<http://ids.clld.org/values/12-50-242-1>		"-ro"@mot	
"cuore"@it	<http://ids.clld.org/values/4-440-170-1>		<http://ids.clld.org/parameters/4-440>		<http://ids.clld.org/values/4-440-242-1>		"aḳbadyĩĩ"@mot	
"bambino"@it	<http://ids.clld.org/values/2-270-170-1>		<http://ids.clld.org/parameters/2-270>		<http://ids.clld.org/values/2-270-242-1>		"asaaši"@mot	
"vestiti"@it	<http://ids.clld.org/values/6-120-170-1>		<http://ids.clld.org/parameters/6-120>		<http://ids.clld.org/values/6-120-242-1>		"duksā"@mot	
"gatto"@it	<http://ids.clld.org/values/3-620-170-1>		<http://ids.clld.org/parameters/3-620>		<http://ids.clld.org/values/3-620-242-1>		"biangbiā"@mot	
"zappare"@it	<http://ids.clld.org/values/8-220-170-1>		<http://ids.clld.org/parameters/8-220>		<http://ids.clld.org/values/8-220-242-1>		"okdyikããn"@mot	
"grande"@it	<http://ids.clld.org/values/12-550-170-1>		<http://ids.clld.org/parameters/12-550>		<http://ids.clld.org/values/12-550-242-1>		"aabii"@mot	
"parete"@it	<http://ids.clld.org/values/7-270-170-3>		<http://ids.clld.org/parameters/7-270>		<http://ids.clld.org/values/7-270-242-1>		"kakabubumai"@mot	
"berretto"@it	<http://ids.clld.org/values/6-550-170-3>		<http://ids.clld.org/parameters/6-550>		<http://ids.clld.org/values/6-550-242-1>		"somene"@mot	
"fame"@it	<http://ids.clld.org/values/5-141-170-1>		<http://ids.clld.org/parameters/5-141>		<http://ids.clld.org/values/5-141-242-1>		"išīdobeši"@mot	
"fratello della madre"@it	<http://ids.clld.org/values/2-511-170-1>		<http://ids.clld.org/parameters/2-511>		<http://ids.clld.org/values/2-511-242-3>		"abāma akbaĩ"@mot	
"fratello della madre"@it	<http://ids.clld.org/values/2-511-170-1>		<http://ids.clld.org/parameters/2-511>		<http://ids.clld.org/values/2-511-242-1>		"aisī okarā"@mot	
"dito del piede"@it	<http://ids.clld.org/values/4-380-170-1>		<http://ids.clld.org/parameters/4-380>		<http://ids.clld.org/values/4-380-242-1>		"kuhtū biktrikbī"@mot	
"malattia"@it	<http://ids.clld.org/values/4-840-170-3>		<http://ids.clld.org/parameters/4-840>		<http://ids.clld.org/values/4-840-242-1>		"sašini"@mot	
"blatta"@it	<http://ids.clld.org/values/3-816-170-3>		<http://ids.clld.org/parameters/3-816>		<http://ids.clld.org/values/3-816-242-1>		"šokdo"@mot	
"cavalletta"@it	<http://ids.clld.org/values/3-930-170-1>		<http://ids.clld.org/parameters/3-930>		<http://ids.clld.org/values/3-930-242-1>		"bĩbi"@mot	
"palo"@it	<http://ids.clld.org/values/7-560-170-1>		<http://ids.clld.org/parameters/7-560>		<http://ids.clld.org/values/7-560-242-1>		"kakbaibai"@mot	
"cugino/ cugina"@it	<http://ids.clld.org/values/2-550-170-1>		<http://ids.clld.org/parameters/2-550>		<http://ids.clld.org/values/2-550-242-1>		"sāya sašī"@mot	
"cugino/ cugina"@it	<http://ids.clld.org/values/2-550-170-1>		<http://ids.clld.org/parameters/2-550>		<http://ids.clld.org/values/2-550-242-3>		"sāya ša"@mot	
"caldo"@it	<http://ids.clld.org/values/15-850-170-1>		<http://ids.clld.org/parameters/15-850>		<http://ids.clld.org/values/15-850-242-3>		"asaašini"@mot	
"caldo"@it	<http://ids.clld.org/values/15-850-170-1>		<http://ids.clld.org/parameters/15-850>		<http://ids.clld.org/values/15-850-242-1>		"asãã"@mot	
"starnutire"@it	<http://ids.clld.org/values/4-540-170-1>		<http://ids.clld.org/parameters/4-540>		<http://ids.clld.org/values/4-540-242-1>		"ahtrušū"@mot	
"porco"@it	<http://ids.clld.org/values/3-350-170-3>		<http://ids.clld.org/parameters/3-350>		<http://ids.clld.org/values/3-350-242-1>		"bisao"@mot	
"lavare"@it	<http://ids.clld.org/values/9-360-170-1>		<http://ids.clld.org/parameters/9-360>		<http://ids.clld.org/values/9-360-242-1>		"dukan"@mot	
"potente"@it	<http://ids.clld.org/values/4-810-170-3>		<http://ids.clld.org/parameters/4-810>		<http://ids.clld.org/values/4-810-242-1>		"karābari"@mot	
"soffiare"@it	<http://ids.clld.org/values/10-380-170-1>		<http://ids.clld.org/parameters/10-380>		<http://ids.clld.org/values/10-380-242-1>		"buubãã"@mot	
"telaio"@it	<http://ids.clld.org/values/6-340-170-1>		<http://ids.clld.org/parameters/6-340>		<http://ids.clld.org/values/6-340-242-1>		"kāna"@mot	
"stomaco"@it	<http://ids.clld.org/values/4-460-170-1>		<http://ids.clld.org/parameters/4-460>		<http://ids.clld.org/values/4-460-242-1>		"išii"@mot	
"stomaco"@it	<http://ids.clld.org/values/4-460-170-1>		<http://ids.clld.org/parameters/4-460>		<http://ids.clld.org/values/4-460-242-3>		"aišii"@mot	
"cucinare"@it	<http://ids.clld.org/values/5-210-170-3>		<http://ids.clld.org/parameters/5-210>		<http://ids.clld.org/values/5-210-242-1>		"binasa"@mot	
"pelo"@it	<http://ids.clld.org/values/4-144-170-1>		<http://ids.clld.org/parameters/4-144>		<http://ids.clld.org/values/4-144-242-1>		"kāači"@mot	
"coccodrillo"@it	<http://ids.clld.org/values/3-970-170-1>		<http://ids.clld.org/parameters/3-970>		<http://ids.clld.org/values/3-970-242-1>		"kantā"@mot	
"padre"@it	<http://ids.clld.org/values/2-350-170-1>		<http://ids.clld.org/parameters/2-350>		<http://ids.clld.org/values/2-350-242-1>		"aataida"@mot	
"famiglia"@it	<http://ids.clld.org/values/2-820-170-1>		<http://ids.clld.org/parameters/2-820>		<http://ids.clld.org/values/2-820-242-1>		"sadooyī"@mot	
"becco"@it	<http://ids.clld.org/values/4-241-170-1>		<http://ids.clld.org/parameters/4-241>		<http://ids.clld.org/values/4-241-242-1>		"arurū"@mot	
"vena"@it	<http://ids.clld.org/values/4-151-170-1>		<http://ids.clld.org/parameters/4-151>		<http://ids.clld.org/values/4-151-242-1>		"ašĩšii"@mot	
"sopracciglio"@it	<http://ids.clld.org/values/4-212-170-1>		<http://ids.clld.org/parameters/4-212>		<http://ids.clld.org/values/4-212-242-1>		"māčibaa"@mot	
"racimolo"@it	<http://ids.clld.org/values/5-712-170-3>		<http://ids.clld.org/parameters/5-712>		<http://ids.clld.org/values/5-712-242-1>		"kãširukū"@mot	
"pelle"@it	<http://ids.clld.org/values/4-120-170-1>		<http://ids.clld.org/parameters/4-120>		<http://ids.clld.org/values/4-120-242-1>		"aɨgšuu"@mot	
"pantaloni"@it	<http://ids.clld.org/values/6-480-170-1>		<http://ids.clld.org/parameters/6-480>		<http://ids.clld.org/values/6-480-242-1>		"ašiõkba"@mot	
"minestra"@it	<http://ids.clld.org/values/5-640-170-1>		<http://ids.clld.org/parameters/5-640>		<http://ids.clld.org/values/5-640-242-1>		"aribāh"@mot	
"bocca"@it	<http://ids.clld.org/values/4-240-170-1>		<http://ids.clld.org/parameters/4-240>		<http://ids.clld.org/values/4-240-242-1>		"kaḳšuu"@mot	
"giusto"@it	<http://ids.clld.org/values/16-730-170-1>		<http://ids.clld.org/parameters/16-730>		<http://ids.clld.org/values/16-730-242-1>		"ããkai"@mot	
"carne"@it	<http://ids.clld.org/values/4-130-170-1>		<http://ids.clld.org/parameters/4-130>		<http://ids.clld.org/values/4-130-242-1>		"šungbāa"@mot	
"sangue"@it	<http://ids.clld.org/values/4-150-170-1>		<http://ids.clld.org/parameters/4-150>		<http://ids.clld.org/values/4-150-242-1>		"aabi"@mot	
"animale"@it	<http://ids.clld.org/values/3-110-170-1>		<http://ids.clld.org/parameters/3-110>		<http://ids.clld.org/values/3-110-242-1>		"rugčī"@mot	
"radice"@it	<http://ids.clld.org/values/8-540-170-1>		<http://ids.clld.org/parameters/8-540>		<http://ids.clld.org/values/8-540-242-1>		"ašišĩĩ"@mot	
"corno"@it	<http://ids.clld.org/values/4-170-170-1>		<http://ids.clld.org/parameters/4-170>		<http://ids.clld.org/values/4-170-242-1>		"abuiroḳdo"@mot	
"corno"@it	<http://ids.clld.org/values/4-170-170-1>		<http://ids.clld.org/parameters/4-170>		<http://ids.clld.org/values/4-170-242-3>		"ačikbi"@mot	
"colletto"@it	<http://ids.clld.org/values/6-450-170-1>		<http://ids.clld.org/parameters/6-450>		<http://ids.clld.org/values/6-450-242-1>		"karāši"@mot	
"capo"@it	<http://ids.clld.org/values/4-200-170-1>		<http://ids.clld.org/parameters/4-200>		<http://ids.clld.org/values/4-200-242-1>		"asaakbah"@mot	
"capo"@it	<http://ids.clld.org/values/4-200-170-1>		<http://ids.clld.org/parameters/4-200>		<http://ids.clld.org/values/4-200-242-3>		"asaɨg"@mot	
"nonno"@it	<http://ids.clld.org/values/2-460-170-1>		<http://ids.clld.org/parameters/2-460>		<http://ids.clld.org/values/2-460-242-1>		"ašĩtaida"@mot	
"largo"@it	<http://ids.clld.org/values/12-610-170-1>		<http://ids.clld.org/parameters/12-610>		<http://ids.clld.org/values/12-610-242-1>		"yookari"@mot	
"squama"@it	<http://ids.clld.org/values/3-653-170-1>		<http://ids.clld.org/parameters/3-653>		<http://ids.clld.org/values/3-653-242-1>		"ataktā"@mot	
"rugiada"@it	<http://ids.clld.org/values/1-640-170-1>		<http://ids.clld.org/parameters/1-640>		<http://ids.clld.org/values/1-640-242-1>		"tubīkā"@mot	
"molto"@it	<http://ids.clld.org/values/13-150-170-1>		<http://ids.clld.org/parameters/13-150>		<http://ids.clld.org/values/13-150-242-1>		"škikbeh"@mot	
"vedere"@it	<http://ids.clld.org/values/15-510-170-1>		<http://ids.clld.org/parameters/15-510>		<http://ids.clld.org/values/15-510-242-1>		"maadyi"@mot	
"cadere"@it	<http://ids.clld.org/values/10-230-170-1>		<http://ids.clld.org/parameters/10-230>		<http://ids.clld.org/values/10-230-242-1>		"baɨgkirakbã"@mot	
"testa"@it	<http://ids.clld.org/values/4-200-170-3>		<http://ids.clld.org/parameters/4-200>		<http://ids.clld.org/values/4-200-242-1>		"asaakbah"@mot	
"testa"@it	<http://ids.clld.org/values/4-200-170-3>		<http://ids.clld.org/parameters/4-200>		<http://ids.clld.org/values/4-200-242-3>		"asaɨg"@mot	
"mulo"@it	<http://ids.clld.org/values/3-470-170-1>		<http://ids.clld.org/parameters/3-470>		<http://ids.clld.org/values/3-470-242-1>		"bueragbā"@mot	
"coltello"@it	<http://ids.clld.org/values/5-380-170-1>		<http://ids.clld.org/parameters/5-380>		<http://ids.clld.org/values/5-380-242-1>		"baktrusā"@mot	
"cinque"@it	<http://ids.clld.org/values/13-50-170-1>		<http://ids.clld.org/parameters/13-50>		<http://ids.clld.org/values/13-50-242-1>		"aḳdu inški"@mot	
"palma"@it	<http://ids.clld.org/values/4-331-170-1>		<http://ids.clld.org/parameters/4-331>		<http://ids.clld.org/values/4-331-242-1>		"aḳduu būgda"@mot	
"budella"@it	<http://ids.clld.org/values/4-461-170-3>		<http://ids.clld.org/parameters/4-461>		<http://ids.clld.org/values/4-461-242-1>		"aaiši"@mot	
"capello"@it	<http://ids.clld.org/values/4-140-170-1>		<http://ids.clld.org/parameters/4-140>		<http://ids.clld.org/values/4-140-242-1>		"kãatũũ"@mot	
"pasto"@it	<http://ids.clld.org/values/5-410-170-1>		<http://ids.clld.org/parameters/5-410>		<http://ids.clld.org/values/5-410-242-1>		"karabaseina"@mot	
"essi"@it	<http://ids.clld.org/values/2-960-170-3>		<http://ids.clld.org/parameters/2-960>		<http://ids.clld.org/values/2-960-242-1>		"oračidyi"@mot	
"formica"@it	<http://ids.clld.org/values/3-817-170-1>		<http://ids.clld.org/parameters/3-817>		<http://ids.clld.org/values/3-817-242-1>		"kumaā"@mot	
"ragnatela"@it	<http://ids.clld.org/values/3-819-170-1>		<http://ids.clld.org/parameters/3-819>		<http://ids.clld.org/values/3-819-242-1>		"kāinba sōhsõ"@mot	
"lago"@it	<http://ids.clld.org/values/1-330-170-1>		<http://ids.clld.org/parameters/1-330>		<http://ids.clld.org/values/1-330-242-1>		"badõo"@mot	
"ala"@it	<http://ids.clld.org/values/4-392-170-1>		<http://ids.clld.org/parameters/4-392>		<http://ids.clld.org/values/4-392-242-1>		"ãčĩĩ"@mot	
"polmone"@it	<http://ids.clld.org/values/4-441-170-1>		<http://ids.clld.org/parameters/4-441>		<http://ids.clld.org/values/4-441-242-1>		"ašiše"@mot	
"scogliera"@it	<http://ids.clld.org/values/1-222-170-1>		<http://ids.clld.org/parameters/1-222>		<http://ids.clld.org/values/1-222-242-1>		"angbarī"@mot	
"cantare"@it	<http://ids.clld.org/values/18-120-170-1>		<http://ids.clld.org/parameters/18-120>		<http://ids.clld.org/values/18-120-242-1>		"čibaa"@mot	
"saetta"@it	<http://ids.clld.org/values/1-570-170-3>		<http://ids.clld.org/parameters/1-570>		<http://ids.clld.org/values/1-570-242-1>		"yibahdu"@mot	
"lingua"@it	<http://ids.clld.org/values/4-260-170-1>		<http://ids.clld.org/parameters/4-260>		<http://ids.clld.org/values/4-260-242-1>		"kobẽ"@mot	
"oscurità"@it	<http://ids.clld.org/values/1-620-170-1>		<http://ids.clld.org/parameters/1-620>		<http://ids.clld.org/values/1-620-242-1>		"baidaani"@mot	
"teschio"@it	<http://ids.clld.org/values/4-202-170-1>		<http://ids.clld.org/parameters/4-202>		<http://ids.clld.org/values/4-202-242-1>		"sākba kalā"@mot	
"carbone (di legna)"@it	<http://ids.clld.org/values/1-890-170-1>		<http://ids.clld.org/parameters/1-890>		<http://ids.clld.org/values/1-890-242-1>		"ikogbah"@mot	
"mordere"@it	<http://ids.clld.org/values/4-580-170-1>		<http://ids.clld.org/parameters/4-580>		<http://ids.clld.org/values/4-580-242-1>		"baḳosõõ"@mot	
"terreno"@it	<http://ids.clld.org/values/1-212-170-1>		<http://ids.clld.org/parameters/1-212>		<http://ids.clld.org/values/1-212-242-1>		"ihtãã"@mot	
"vomitare"@it	<http://ids.clld.org/values/4-570-170-1>		<http://ids.clld.org/parameters/4-570>		<http://ids.clld.org/values/4-570-242-1>		"boɨgsɨ"@mot	
"sapere"@it	<http://ids.clld.org/values/17-170-170-1>		<http://ids.clld.org/parameters/17-170>		<http://ids.clld.org/values/17-170-242-1>		"kaama"@mot	
"punteruolo"@it	<http://ids.clld.org/values/6-370-170-1>		<http://ids.clld.org/parameters/6-370>		<http://ids.clld.org/values/6-370-242-1>		"ihbaĩkaddū"@mot	
"sputare"@it	<http://ids.clld.org/values/4-560-170-1>		<http://ids.clld.org/parameters/4-560>		<http://ids.clld.org/values/4-560-242-1>		"kurukduu"@mot	
"svegliarse"@it	<http://ids.clld.org/values/4-630-170-1>		<http://ids.clld.org/parameters/4-630>		<http://ids.clld.org/values/4-630-242-1>		"kiārusa"@mot	
"palpebra"@it	<http://ids.clld.org/values/4-213-170-1>		<http://ids.clld.org/parameters/4-213>		<http://ids.clld.org/values/4-213-242-1>		"ōwahšū"@mot	
"mento"@it	<http://ids.clld.org/values/4-209-170-1>		<http://ids.clld.org/parameters/4-209>		<http://ids.clld.org/values/4-209-242-1>		"kakā adyi"@mot	
"liscio"@it	<http://ids.clld.org/values/15-770-170-1>		<http://ids.clld.org/parameters/15-770>		<http://ids.clld.org/values/15-770-242-1>		"dyibakaari"@mot	
"fermacapelli"@it	<http://ids.clld.org/values/6-780-170-1>		<http://ids.clld.org/parameters/6-780>		<http://ids.clld.org/values/6-780-242-1>		"somene"@mot	
"uomo sposato"@it	<http://ids.clld.org/values/2-380-170-1>		<http://ids.clld.org/parameters/2-380>		<http://ids.clld.org/values/2-380-242-1>		"da"@mot	
"pentola"@it	<http://ids.clld.org/values/5-260-170-1>		<http://ids.clld.org/parameters/5-260>		<http://ids.clld.org/values/5-260-242-1>		"bašikalai"@mot	
"fottere"@it	<http://ids.clld.org/values/4-670-170-1>		<http://ids.clld.org/parameters/4-670>		<http://ids.clld.org/values/4-670-242-1>		"šikbā dikaina"@mot	
"airone"@it	<http://ids.clld.org/values/3-583-170-1>		<http://ids.clld.org/parameters/3-583>		<http://ids.clld.org/values/3-583-242-1>		"taāna"@mot	
"scarafaggio"@it	<http://ids.clld.org/values/3-816-170-1>		<http://ids.clld.org/parameters/3-816>		<http://ids.clld.org/values/3-816-242-1>		"šokdo"@mot	
"mentire"@it	<http://ids.clld.org/values/16-670-170-1>		<http://ids.clld.org/parameters/16-670>		<http://ids.clld.org/values/16-670-242-1>		"aakčirokwã"@mot	
"Lei"@it	<http://ids.clld.org/values/2-920-170-3>		<http://ids.clld.org/parameters/2-920>		<http://ids.clld.org/values/2-920-242-1>		"bai"@mot	
"fazzoletto"@it	<http://ids.clld.org/values/6-810-170-1>		<http://ids.clld.org/parameters/6-810>		<http://ids.clld.org/values/6-810-242-1>		"aḳduu"@mot	
"ombra"@it	<http://ids.clld.org/values/1-630-170-1>		<http://ids.clld.org/parameters/1-630>		<http://ids.clld.org/values/1-630-242-1>		"sasaayn"@mot	
"buono"@it	<http://ids.clld.org/values/16-710-170-1>		<http://ids.clld.org/parameters/16-710>		<http://ids.clld.org/values/16-710-242-1>		"sasaaini"@mot	
"buono"@it	<http://ids.clld.org/values/16-710-170-1>		<http://ids.clld.org/parameters/16-710>		<http://ids.clld.org/values/16-710-242-3>		"sabaini"@mot	
"spaccare"@it	<http://ids.clld.org/values/9-270-170-1>		<http://ids.clld.org/parameters/9-270>		<http://ids.clld.org/values/9-270-242-1>		"aɨgdon (?)"@mot	
"grappolo"@it	<http://ids.clld.org/values/5-712-170-1>		<http://ids.clld.org/parameters/5-712>		<http://ids.clld.org/values/5-712-242-1>		"kãširukū"@mot	
"abitare"@it	<http://ids.clld.org/values/7-110-170-1>		<http://ids.clld.org/parameters/7-110>		<http://ids.clld.org/values/7-110-242-1>		"baadarī"@mot	
"cenere"@it	<http://ids.clld.org/values/1-840-170-1>		<http://ids.clld.org/parameters/1-840>		<http://ids.clld.org/values/1-840-242-1>		"ibuungdyi"@mot	
"grinfia"@it	<http://ids.clld.org/values/4-345-170-3>		<http://ids.clld.org/parameters/4-345>		<http://ids.clld.org/values/4-345-242-1>		"ašitdo"@mot	
"vivere"@it	<http://ids.clld.org/values/4-740-170-1>		<http://ids.clld.org/parameters/4-740>		<http://ids.clld.org/values/4-740-242-3>		"baɨgbari"@mot	
"vivere"@it	<http://ids.clld.org/values/4-740-170-1>		<http://ids.clld.org/parameters/4-740>		<http://ids.clld.org/values/4-740-242-1>		"dobaɨgbari"@mot	
"collo"@it	<http://ids.clld.org/values/4-280-170-1>		<http://ids.clld.org/parameters/4-280>		<http://ids.clld.org/values/4-280-242-3>		"aboo aidyi"@mot	
"collo"@it	<http://ids.clld.org/values/4-280-170-1>		<http://ids.clld.org/parameters/4-280>		<http://ids.clld.org/values/4-280-242-1>		"aboo"@mot	
"ammalato"@it	<http://ids.clld.org/values/4-840-170-1>		<http://ids.clld.org/parameters/4-840>		<http://ids.clld.org/values/4-840-242-1>		"sašini"@mot	
"coda"@it	<http://ids.clld.org/values/4-180-170-1>		<http://ids.clld.org/parameters/4-180>		<http://ids.clld.org/values/4-180-242-1>		"arihku"@mot	
"essere umano"@it	<http://ids.clld.org/values/2-100-170-3>		<http://ids.clld.org/parameters/2-100>		<http://ids.clld.org/values/2-100-242-1>		"barī"@mot	
"freddo"@it	<http://ids.clld.org/values/15-860-170-1>		<http://ids.clld.org/parameters/15-860>		<http://ids.clld.org/values/15-860-242-1>		"tɨɨšini"@mot	
"moccio"@it	<http://ids.clld.org/values/4-232-170-1>		<http://ids.clld.org/parameters/4-232>		<http://ids.clld.org/values/4-232-242-1>		"isā činči"@mot	
"figlio"@it	<http://ids.clld.org/values/2-410-170-1>		<http://ids.clld.org/parameters/2-410>		<http://ids.clld.org/values/2-410-242-1>		"saši"@mot	
"febbre"@it	<http://ids.clld.org/values/4-841-170-1>		<http://ids.clld.org/parameters/4-841>		<http://ids.clld.org/values/4-841-242-1>		"kalo"@mot	
"zuppa"@it	<http://ids.clld.org/values/5-640-170-3>		<http://ids.clld.org/parameters/5-640>		<http://ids.clld.org/values/5-640-242-1>		"aribāh"@mot	
"albero"@it	<http://ids.clld.org/values/1-420-170-1>		<http://ids.clld.org/parameters/1-420>		<http://ids.clld.org/values/1-420-242-1>		"kaa"@mot	
"lobo dell'orecchio"@it	<http://ids.clld.org/values/4-221-170-1>		<http://ids.clld.org/parameters/4-221>		<http://ids.clld.org/values/4-221-242-1>		"kokčaidyi"@mot	
"vortice"@it	<http://ids.clld.org/values/1-362-170-3>		<http://ids.clld.org/parameters/1-362>		<http://ids.clld.org/values/1-362-242-1>		"sabarīka"@mot	
"piatto"@it	<http://ids.clld.org/values/5-310-170-1>		<http://ids.clld.org/parameters/5-310>		<http://ids.clld.org/values/5-310-242-1>		"dado"@mot	
"cacare"@it	<http://ids.clld.org/values/4-660-170-3>		<http://ids.clld.org/parameters/4-660>		<http://ids.clld.org/values/4-660-242-1>		"ahtū"@mot	
"tavola di legno"@it	<http://ids.clld.org/values/7-570-170-1>		<http://ids.clld.org/parameters/7-570>		<http://ids.clld.org/values/7-570-242-1>		"kaayābaī"@mot	
"pelliccia"@it	<http://ids.clld.org/values/6-280-170-1>		<http://ids.clld.org/parameters/6-280>		<http://ids.clld.org/values/6-280-242-1>		"ããkbãra"@mot	
"leccare"@it	<http://ids.clld.org/values/4-590-170-1>		<http://ids.clld.org/parameters/4-590>		<http://ids.clld.org/values/4-590-242-1>		"iaitatahkanina"@mot	
"fratello maggiore"@it	<http://ids.clld.org/values/2-444-170-1>		<http://ids.clld.org/parameters/2-444>		<http://ids.clld.org/values/2-444-242-1>		"asāri iddō šōbimai"@mot	
"polvere"@it	<http://ids.clld.org/values/1-213-170-1>		<http://ids.clld.org/parameters/1-213>		<http://ids.clld.org/values/1-213-242-1>		"ihtan-bruki"@mot	
"branchia"@it	<http://ids.clld.org/values/3-654-170-1>		<http://ids.clld.org/parameters/3-654>		<http://ids.clld.org/values/3-654-242-1>		"akohkōu"@mot	
"alveare"@it	<http://ids.clld.org/values/3-822-170-1>		<http://ids.clld.org/parameters/3-822>		<http://ids.clld.org/values/3-822-242-1>		"burubī"@mot	
"bruciare"@it	<http://ids.clld.org/values/1-851-170-1>		<http://ids.clld.org/parameters/1-851>		<http://ids.clld.org/values/1-851-242-1>		"dyoosaḳãn"@mot	
"verde"@it	<http://ids.clld.org/values/15-680-170-1>		<http://ids.clld.org/parameters/15-680>		<http://ids.clld.org/values/15-680-242-1>		"bireikara"@mot	
"cane"@it	<http://ids.clld.org/values/3-610-170-1>		<http://ids.clld.org/parameters/3-610>		<http://ids.clld.org/values/3-610-242-1>		"ḍuraaba"@mot	
"spingere"@it	<http://ids.clld.org/values/10-670-170-1>		<http://ids.clld.org/parameters/10-670>		<http://ids.clld.org/values/10-670-242-1>		"iroḳdaḳaan"@mot	
"ardere"@it	<http://ids.clld.org/values/1-851-170-3>		<http://ids.clld.org/parameters/1-851>		<http://ids.clld.org/values/1-851-242-1>		"dyoosaḳãn"@mot	
"vangare"@it	<http://ids.clld.org/values/8-220-170-3>		<http://ids.clld.org/parameters/8-220>		<http://ids.clld.org/values/8-220-242-1>		"okdyikããn"@mot	
"foruncolo"@it	<http://ids.clld.org/values/4-856-170-1>		<http://ids.clld.org/parameters/4-856>		<http://ids.clld.org/values/4-856-242-1>		"yayōsaibu"@mot	
"vivo"@it	<http://ids.clld.org/values/4-740-170-3>		<http://ids.clld.org/parameters/4-740>		<http://ids.clld.org/values/4-740-242-3>		"baɨgbari"@mot	
"vivo"@it	<http://ids.clld.org/values/4-740-170-3>		<http://ids.clld.org/parameters/4-740>		<http://ids.clld.org/values/4-740-242-1>		"dobaɨgbari"@mot	
"selva"@it	<http://ids.clld.org/values/1-410-170-3>		<http://ids.clld.org/parameters/1-410>		<http://ids.clld.org/values/1-410-242-1>		"itenči"@mot	
"sottile"@it	<http://ids.clld.org/values/12-650-170-1>		<http://ids.clld.org/parameters/12-650>		<http://ids.clld.org/values/12-650-242-1>		"ihtoo"@mot	
"lumaca"@it	<http://ids.clld.org/values/3-940-170-1>		<http://ids.clld.org/parameters/3-940>		<http://ids.clld.org/values/3-940-242-1>		"kiugtū"@mot	
"figliastra"@it	<http://ids.clld.org/values/2-740-170-1>		<http://ids.clld.org/parameters/2-740>		<http://ids.clld.org/values/2-740-242-1>		"kobokā"@mot	
"dente"@it	<http://ids.clld.org/values/4-270-170-1>		<http://ids.clld.org/parameters/4-270>		<http://ids.clld.org/values/4-270-242-1>		"ḍuḍu"@mot	
"arcobaleno"@it	<http://ids.clld.org/values/1-590-170-1>		<http://ids.clld.org/parameters/1-590>		<http://ids.clld.org/values/1-590-242-1>		"kajdō"@mot	
"udire"@it	<http://ids.clld.org/values/15-410-170-3>		<http://ids.clld.org/parameters/15-410>		<http://ids.clld.org/values/15-410-242-1>		"anaɨgkãng"@mot	
"faccia"@it	<http://ids.clld.org/values/4-204-170-1>		<http://ids.clld.org/parameters/4-204>		<http://ids.clld.org/values/4-204-242-1>		"lokbā"@mot	
"guarire"@it	<http://ids.clld.org/values/4-860-170-1>		<http://ids.clld.org/parameters/4-860>		<http://ids.clld.org/values/4-860-242-1>		"boāimai"@mot	
"asino"@it	<http://ids.clld.org/values/3-460-170-1>		<http://ids.clld.org/parameters/3-460>		<http://ids.clld.org/values/3-460-242-3>		"sokuā"@mot	
"asino"@it	<http://ids.clld.org/values/3-460-170-1>		<http://ids.clld.org/parameters/3-460>		<http://ids.clld.org/values/3-460-242-1>		"čoko"@mot	
"nome"@it	<http://ids.clld.org/values/18-280-170-1>		<http://ids.clld.org/parameters/18-280>		<http://ids.clld.org/values/18-280-242-1>		"aa"@mot	
"sete"@it	<http://ids.clld.org/values/5-150-170-1>		<http://ids.clld.org/parameters/5-150>		<http://ids.clld.org/values/5-150-242-1>		"šimasara"@mot	
"artiglio"@it	<http://ids.clld.org/values/4-345-170-1>		<http://ids.clld.org/parameters/4-345>		<http://ids.clld.org/values/4-345-242-1>		"ašitdo"@mot	
"ghiaccio"@it	<http://ids.clld.org/values/1-770-170-1>		<http://ids.clld.org/parameters/1-770>		<http://ids.clld.org/values/1-770-242-1>		"sasaung-šiima"@mot	
"grotta"@it	<http://ids.clld.org/values/1-280-170-1>		<http://ids.clld.org/parameters/1-280>		<http://ids.clld.org/values/1-280-242-1>		"akdō"@mot	
"muto"@it	<http://ids.clld.org/values/4-960-170-1>		<http://ids.clld.org/parameters/4-960>		<http://ids.clld.org/values/4-960-242-1>		"arikbā"@mot	
"erba"@it	<http://ids.clld.org/values/8-510-170-1>		<http://ids.clld.org/parameters/8-510>		<http://ids.clld.org/values/8-510-242-1>		"ši"@mot	
"laguna"@it	<http://ids.clld.org/values/1-341-170-1>		<http://ids.clld.org/parameters/1-341>		<http://ids.clld.org/values/1-341-242-1>		"baḍõ"@mot	
"battere le palpebre"@it	<http://ids.clld.org/values/4-215-170-1>		<http://ids.clld.org/parameters/4-215>		<http://ids.clld.org/values/4-215-242-1>		"oogškegškeg"@mot	
"giovinetta"@it	<http://ids.clld.org/values/2-261-170-1>		<http://ids.clld.org/parameters/2-261>		<http://ids.clld.org/values/2-261-242-1>		"ašibī dou"@mot	
"dire"@it	<http://ids.clld.org/values/18-220-170-1>		<http://ids.clld.org/parameters/18-220>		<http://ids.clld.org/values/18-220-242-1>		"iibaḳan"@mot	
"pigro"@it	<http://ids.clld.org/values/4-920-170-1>		<http://ids.clld.org/parameters/4-920>		<http://ids.clld.org/values/4-920-242-1>		"aktarã"@mot	
"che?"@it	<http://ids.clld.org/values/17-640-170-1>		<http://ids.clld.org/parameters/17-640>		<http://ids.clld.org/values/17-640-242-1>		"aybi"@mot	
"che?"@it	<http://ids.clld.org/values/17-640-170-1>		<http://ids.clld.org/parameters/17-640>		<http://ids.clld.org/values/17-640-242-3>		"aybidou"@mot	
"notte"@it	<http://ids.clld.org/values/14-420-170-1>		<http://ids.clld.org/parameters/14-420>		<http://ids.clld.org/values/14-420-242-1>		"sɨ̃ɨ̃"@mot	
"matrigna"@it	<http://ids.clld.org/values/2-720-170-1>		<http://ids.clld.org/parameters/2-720>		<http://ids.clld.org/values/2-720-242-1>		"abāama"@mot	
"cosa?"@it	<http://ids.clld.org/values/17-640-170-5>		<http://ids.clld.org/parameters/17-640>		<http://ids.clld.org/values/17-640-242-1>		"aybi"@mot	
"cosa?"@it	<http://ids.clld.org/values/17-640-170-5>		<http://ids.clld.org/parameters/17-640>		<http://ids.clld.org/values/17-640-242-3>		"aybidou"@mot	
"gorgo"@it	<http://ids.clld.org/values/1-362-170-1>		<http://ids.clld.org/parameters/1-362>		<http://ids.clld.org/values/1-362-242-1>		"sabarīka"@mot	
"scorrere"@it	<http://ids.clld.org/values/10-320-170-1>		<http://ids.clld.org/parameters/10-320>		<http://ids.clld.org/values/10-320-242-1>		"širurũ otaḳbari"@mot	
"trave"@it	<http://ids.clld.org/values/7-550-170-1>		<http://ids.clld.org/parameters/7-550>		<http://ids.clld.org/values/7-550-242-1>		"arakāa"@mot	
"fumo"@it	<http://ids.clld.org/values/1-830-170-1>		<http://ids.clld.org/parameters/1-830>		<http://ids.clld.org/values/1-830-242-1>		"iiraḳbah"@mot	
"corda"@it	<http://ids.clld.org/values/9-190-170-1>		<http://ids.clld.org/parameters/9-190>		<http://ids.clld.org/values/9-190-242-1>		"kaaḳšibu"@mot	
"corda"@it	<http://ids.clld.org/values/9-190-170-1>		<http://ids.clld.org/parameters/9-190>		<http://ids.clld.org/values/9-190-242-3>		"bwaisaɨg"@mot	
"unghia"@it	<http://ids.clld.org/values/4-344-170-1>		<http://ids.clld.org/parameters/4-344>		<http://ids.clld.org/values/4-344-242-1>		"šdooh"@mot	
"nipote"@it	<http://ids.clld.org/values/2-540-170-1>		<http://ids.clld.org/parameters/2-540>		<http://ids.clld.org/values/2-540-242-1>		"ašī ašiā"@mot	
"gemelli"@it	<http://ids.clld.org/values/2-458-170-1>		<http://ids.clld.org/parameters/2-458>		<http://ids.clld.org/values/2-458-242-1>		"bōobou"@mot	
"piccolo"@it	<http://ids.clld.org/values/12-560-170-1>		<http://ids.clld.org/parameters/12-560>		<http://ids.clld.org/values/12-560-242-3>		"ihtoo"@mot	
"piccolo"@it	<http://ids.clld.org/values/12-560-170-1>		<http://ids.clld.org/parameters/12-560>		<http://ids.clld.org/values/12-560-242-1>		"baakaĩ"@mot	
"moglie"@it	<http://ids.clld.org/values/2-320-170-1>		<http://ids.clld.org/parameters/2-320>		<http://ids.clld.org/values/2-320-242-1>		"a-byoo-bai"@mot	
"sopra"@it	<http://ids.clld.org/values/12-80-170-3>		<http://ids.clld.org/parameters/12-80>		<http://ids.clld.org/values/12-80-242-1>		"baaduu"@mot	
"cibo"@it	<http://ids.clld.org/values/5-120-170-1>		<http://ids.clld.org/parameters/5-120>		<http://ids.clld.org/values/5-120-242-1>		"kāraba"@mot	
"parenti"@it	<http://ids.clld.org/values/2-810-170-1>		<http://ids.clld.org/parameters/2-810>		<http://ids.clld.org/values/2-810-242-1>		"sadooyī"@mot	
"piuma"@it	<http://ids.clld.org/values/4-393-170-1>		<http://ids.clld.org/parameters/4-393>		<http://ids.clld.org/values/4-393-242-1>		"ããčĩĩ"@mot	
"maschio"@it	<http://ids.clld.org/values/2-230-170-1>		<http://ids.clld.org/parameters/2-230>		<http://ids.clld.org/values/2-230-242-1>		"ataida"@mot	
"marito"@it	<http://ids.clld.org/values/2-310-170-1>		<http://ids.clld.org/parameters/2-310>		<http://ids.clld.org/values/2-310-242-1>		"aataida"@mot	
"nuvola"@it	<http://ids.clld.org/values/1-730-170-1>		<http://ids.clld.org/parameters/1-730>		<http://ids.clld.org/values/1-730-242-1>		"nindihkɨ"@mot	
"casa"@it	<http://ids.clld.org/values/7-120-170-1>		<http://ids.clld.org/parameters/7-120>		<http://ids.clld.org/values/7-120-242-1>		"kaig"@mot	
"lancia"@it	<http://ids.clld.org/values/20-260-170-1>		<http://ids.clld.org/parameters/20-260>		<http://ids.clld.org/values/20-260-242-1>		"ããdyɨčkãn"@mot	
"chiocciola"@it	<http://ids.clld.org/values/3-940-170-3>		<http://ids.clld.org/parameters/3-940>		<http://ids.clld.org/values/3-940-242-1>		"kiugtū"@mot	
"farfalla"@it	<http://ids.clld.org/values/3-920-170-1>		<http://ids.clld.org/parameters/3-920>		<http://ids.clld.org/values/3-920-242-1>		"somēme"@mot	
"uovo"@it	<http://ids.clld.org/values/5-970-170-1>		<http://ids.clld.org/parameters/5-970>		<http://ids.clld.org/values/5-970-242-1>		"ãã"@mot	
"collana"@it	<http://ids.clld.org/values/6-750-170-1>		<http://ids.clld.org/parameters/6-750>		<http://ids.clld.org/values/6-750-242-1>		"karahšī"@mot	
"nebbia"@it	<http://ids.clld.org/values/1-740-170-1>		<http://ids.clld.org/parameters/1-740>		<http://ids.clld.org/values/1-740-242-1>		"boraaba"@mot	
"cranio"@it	<http://ids.clld.org/values/4-202-170-3>		<http://ids.clld.org/parameters/4-202>		<http://ids.clld.org/values/4-202-242-1>		"sākba kalā"@mot	
"corto"@it	<http://ids.clld.org/values/12-590-170-1>		<http://ids.clld.org/parameters/12-590>		<http://ids.clld.org/values/12-590-242-1>		"ooḳbarekʔ"@mot	
"barba"@it	<http://ids.clld.org/values/4-142-170-1>		<http://ids.clld.org/parameters/4-142>		<http://ids.clld.org/values/4-142-242-1>		"dakã kači"@mot	
"respirare"@it	<http://ids.clld.org/values/4-510-170-1>		<http://ids.clld.org/parameters/4-510>		<http://ids.clld.org/values/4-510-242-1>		"bosobuku"@mot	
"raffreddore"@it	<http://ids.clld.org/values/4-843-170-1>		<http://ids.clld.org/parameters/4-843>		<http://ids.clld.org/values/4-843-242-1>		"iroghba"@mot	
"suocero"@it	<http://ids.clld.org/values/2-611-170-1>		<http://ids.clld.org/parameters/2-611>		<http://ids.clld.org/values/2-611-242-1>		"ašīaidā"@mot	
"dire bugie"@it	<http://ids.clld.org/values/16-670-170-3>		<http://ids.clld.org/parameters/16-670>		<http://ids.clld.org/values/16-670-242-1>		"aakčirokwã"@mot	
"su"@it	<http://ids.clld.org/values/12-80-170-1>		<http://ids.clld.org/parameters/12-80>		<http://ids.clld.org/values/12-80-242-1>		"baaduu"@mot	
"vicino"@it	<http://ids.clld.org/values/12-430-170-1>		<http://ids.clld.org/parameters/12-430>		<http://ids.clld.org/values/12-430-242-1>		"muungdani"@mot	
"pesce"@it	<http://ids.clld.org/values/3-650-170-1>		<http://ids.clld.org/parameters/3-650>		<http://ids.clld.org/values/3-650-242-3>		"katutu"@mot	
"pesce"@it	<http://ids.clld.org/values/3-650-170-1>		<http://ids.clld.org/parameters/3-650>		<http://ids.clld.org/values/3-650-242-1>		"tay"@mot	
"sudicio"@it	<http://ids.clld.org/values/15-880-170-1>		<http://ids.clld.org/parameters/15-880>		<http://ids.clld.org/values/15-880-242-1>		"baidaani"@mot	
"cascata"@it	<http://ids.clld.org/values/1-390-170-1>		<http://ids.clld.org/parameters/1-390>		<http://ids.clld.org/values/1-390-242-1>		"bohgi baado ahgyitakani"@mot	
"sapone"@it	<http://ids.clld.org/values/6-950-170-1>		<http://ids.clld.org/parameters/6-950>		<http://ids.clld.org/values/6-950-242-1>		"yadūiduibai"@mot	
"afferrare"@it	<http://ids.clld.org/values/11-140-170-3>		<http://ids.clld.org/parameters/11-140>		<http://ids.clld.org/values/11-140-242-1>		"kaaḳaan"@mot	
"sano"@it	<http://ids.clld.org/values/4-830-170-1>		<http://ids.clld.org/parameters/4-830>		<http://ids.clld.org/values/4-830-242-1>		"sabah"@mot	
"essa"@it	<http://ids.clld.org/values/2-930-170-11>		<http://ids.clld.org/parameters/2-930>		<http://ids.clld.org/values/2-930-242-1>		"oobãi"@mot	
"ragno"@it	<http://ids.clld.org/values/3-818-170-1>		<http://ids.clld.org/parameters/3-818>		<http://ids.clld.org/values/3-818-242-1>		"sōhsõ"@mot	
"ella"@it	<http://ids.clld.org/values/2-930-170-5>		<http://ids.clld.org/parameters/2-930>		<http://ids.clld.org/values/2-930-242-1>		"oobãi"@mot	
"bagnato"@it	<http://ids.clld.org/values/15-830-170-3>		<http://ids.clld.org/parameters/15-830>		<http://ids.clld.org/values/15-830-242-1>		"atɨšini"@mot	
"orso"@it	<http://ids.clld.org/values/3-730-170-1>		<http://ids.clld.org/parameters/3-730>		<http://ids.clld.org/values/3-730-242-1>		"sabā́idakū"@mot	
"nero"@it	<http://ids.clld.org/values/15-650-170-1>		<http://ids.clld.org/parameters/15-650>		<http://ids.clld.org/values/15-650-242-1>		"bɨɨh"@mot	
"vestito"@it	<http://ids.clld.org/values/6-420-170-1>		<http://ids.clld.org/parameters/6-420>		<http://ids.clld.org/values/6-420-242-1>		"dukdū"@mot	
"bollire"@it	<http://ids.clld.org/values/5-220-170-1>		<http://ids.clld.org/parameters/5-220>		<http://ids.clld.org/values/5-220-242-1>		"ašũdokwari"@mot	
"filo"@it	<http://ids.clld.org/values/6-380-170-1>		<http://ids.clld.org/parameters/6-380>		<http://ids.clld.org/values/6-380-242-1>		"kalāana"@mot	
"sedersi"@it	<http://ids.clld.org/values/12-130-170-1>		<http://ids.clld.org/parameters/12-130>		<http://ids.clld.org/values/12-130-242-1>		"kaani"@mot	
"gomito"@it	<http://ids.clld.org/values/4-320-170-1>		<http://ids.clld.org/parameters/4-320>		<http://ids.clld.org/values/4-320-242-1>		"obāā"@mot	
"uomo"@it	<http://ids.clld.org/values/2-210-170-1>		<http://ids.clld.org/parameters/2-210>		<http://ids.clld.org/values/2-210-242-1>		"la"@mot	
"pietra"@it	<http://ids.clld.org/values/1-440-170-3>		<http://ids.clld.org/parameters/1-440>		<http://ids.clld.org/values/1-440-242-3>		"aɨna"@mot	
"pietra"@it	<http://ids.clld.org/values/1-440-170-3>		<http://ids.clld.org/parameters/1-440>		<http://ids.clld.org/values/1-440-242-1>		"ããng"@mot	
"legare"@it	<http://ids.clld.org/values/9-160-170-1>		<http://ids.clld.org/parameters/9-160>		<http://ids.clld.org/values/9-160-242-1>		"yuukããn"@mot	
"pidocchio"@it	<http://ids.clld.org/values/3-811-170-1>		<http://ids.clld.org/parameters/3-811>		<http://ids.clld.org/values/3-811-242-1>		"kuu"@mot	
"secco"@it	<http://ids.clld.org/values/15-840-170-1>		<http://ids.clld.org/parameters/15-840>		<http://ids.clld.org/values/15-840-242-1>		"buruuni"@mot	
"zucchero"@it	<http://ids.clld.org/values/5-850-170-1>		<http://ids.clld.org/parameters/5-850>		<http://ids.clld.org/values/5-850-242-1>		"sasou sabī"@mot	
"ogni"@it	<http://ids.clld.org/values/13-140-170-1>		<http://ids.clld.org/parameters/13-140>		<http://ids.clld.org/values/13-140-242-1>		"ĩĩški"@mot	
"spesso"@it	<http://ids.clld.org/values/12-630-170-3>		<http://ids.clld.org/parameters/12-630>		<http://ids.clld.org/values/12-630-242-1>		"aabi"@mot	
"esse"@it	<http://ids.clld.org/values/2-960-170-5>		<http://ids.clld.org/parameters/2-960>		<http://ids.clld.org/values/2-960-242-1>		"oračidyi"@mot	
"esso"@it	<http://ids.clld.org/values/2-930-170-9>		<http://ids.clld.org/parameters/2-930>		<http://ids.clld.org/values/2-930-242-1>		"oobãi"@mot	
"topo"@it	<http://ids.clld.org/values/3-630-170-1>		<http://ids.clld.org/parameters/3-630>		<http://ids.clld.org/values/3-630-242-1>		"dahtumia"@mot	
"tondo"@it	<http://ids.clld.org/values/12-810-170-1>		<http://ids.clld.org/parameters/12-810>		<http://ids.clld.org/values/12-810-242-1>		"biroorwai"@mot	
"maturo"@it	<http://ids.clld.org/values/5-123-170-1>		<http://ids.clld.org/parameters/5-123>		<http://ids.clld.org/values/5-123-242-1>		"kibūuni"@mot	
"opossum"@it	<http://ids.clld.org/values/3-622-170-1>		<http://ids.clld.org/parameters/3-622>		<http://ids.clld.org/values/3-622-242-1>		"kahkū"@mot	
"tossire"@it	<http://ids.clld.org/values/4-530-170-1>		<http://ids.clld.org/parameters/4-530>		<http://ids.clld.org/values/4-530-242-1>		"irohbāh"@mot	
"tartaruga"@it	<http://ids.clld.org/values/3-980-170-1>		<http://ids.clld.org/parameters/3-980>		<http://ids.clld.org/values/3-980-242-1>		"dãšũ"@mot	
"legna"@it	<http://ids.clld.org/values/1-880-170-1>		<http://ids.clld.org/parameters/1-880>		<http://ids.clld.org/values/1-880-242-1>		"kaa"@mot	
"cogliere"@it	<http://ids.clld.org/values/11-140-170-1>		<http://ids.clld.org/parameters/11-140>		<http://ids.clld.org/values/11-140-242-1>		"kaaḳaan"@mot	
"terra"@it	<http://ids.clld.org/values/1-210-170-1>		<http://ids.clld.org/parameters/1-210>		<http://ids.clld.org/values/1-210-242-1>		"ihtãã"@mot	
"incinta"@it	<http://ids.clld.org/values/4-730-170-1>		<http://ids.clld.org/parameters/4-730>		<http://ids.clld.org/values/4-730-242-1>		"bugdama"@mot	
"montagna"@it	<http://ids.clld.org/values/1-220-170-1>		<http://ids.clld.org/parameters/1-220>		<http://ids.clld.org/values/1-220-242-1>		"dyɨra"@mot	
"fuoco"@it	<http://ids.clld.org/values/1-810-170-1>		<http://ids.clld.org/parameters/1-810>		<http://ids.clld.org/values/1-810-242-1>		"kaaḍɨ"@mot	
"pascolo"@it	<http://ids.clld.org/values/3-160-170-1>		<http://ids.clld.org/parameters/3-160>		<http://ids.clld.org/values/3-160-242-1>		"dihdyi"@mot	
"palude"@it	<http://ids.clld.org/values/1-380-170-1>		<http://ids.clld.org/parameters/1-380>		<http://ids.clld.org/values/1-380-242-1>		"barona"@mot	
"avvoltoio"@it	<http://ids.clld.org/values/3-586-170-1>		<http://ids.clld.org/parameters/3-586>		<http://ids.clld.org/values/3-586-242-1>		"bačiragdu"@mot	
"bagnarsi"@it	<http://ids.clld.org/values/4-690-170-1>		<http://ids.clld.org/parameters/4-690>		<http://ids.clld.org/values/4-690-242-1>		"aobēēbe"@mot	
"stare in piedi"@it	<http://ids.clld.org/values/12-150-170-1>		<http://ids.clld.org/parameters/12-150>		<http://ids.clld.org/values/12-150-242-1>		"bikigbisaa"@mot	
"letto"@it	<http://ids.clld.org/values/7-420-170-1>		<http://ids.clld.org/parameters/7-420>		<http://ids.clld.org/values/7-420-242-1>		"kagsãduoyī"@mot	
"campo"@it	<http://ids.clld.org/values/1-230-170-3>		<http://ids.clld.org/parameters/1-230>		<http://ids.clld.org/values/1-230-242-1>		"bẽa"@mot	
"sasso"@it	<http://ids.clld.org/values/1-440-170-1>		<http://ids.clld.org/parameters/1-440>		<http://ids.clld.org/values/1-440-242-3>		"aɨna"@mot	
"sasso"@it	<http://ids.clld.org/values/1-440-170-1>		<http://ids.clld.org/parameters/1-440>		<http://ids.clld.org/values/1-440-242-1>		"ããng"@mot	
"riposarsi"@it	<http://ids.clld.org/values/4-912-170-1>		<http://ids.clld.org/parameters/4-912>		<http://ids.clld.org/values/4-912-242-1>		"onšikākna"@mot	
"lombrico"@it	<http://ids.clld.org/values/3-840-170-1>		<http://ids.clld.org/parameters/3-840>		<http://ids.clld.org/values/3-840-242-1>		"iširabaa"@mot	
"nuora"@it	<http://ids.clld.org/values/2-640-170-1>		<http://ids.clld.org/parameters/2-640>		<http://ids.clld.org/values/2-640-242-1>		"inatdakū ašī"@mot	
"rene"@it	<http://ids.clld.org/values/4-451-170-1>		<http://ids.clld.org/parameters/4-451>		<http://ids.clld.org/values/4-451-242-1>		"atubiyōkba"@mot	
"rosso"@it	<http://ids.clld.org/values/15-660-170-1>		<http://ids.clld.org/parameters/15-660>		<http://ids.clld.org/values/15-660-242-1>		"bohḳaraa"@mot	
"suocera"@it	<http://ids.clld.org/values/2-620-170-1>		<http://ids.clld.org/parameters/2-620>		<http://ids.clld.org/values/2-620-242-1>		"inaika akairakbā"@mot	
"annegato"@it	<http://ids.clld.org/values/4-751-170-1>		<http://ids.clld.org/parameters/4-751>		<http://ids.clld.org/values/4-751-242-1>		"šimaksaɲona"@mot	
"spalla"@it	<http://ids.clld.org/values/4-300-170-1>		<http://ids.clld.org/parameters/4-300>		<http://ids.clld.org/values/4-300-242-1>		"bahdoo"@mot	
"grosso"@it	<http://ids.clld.org/values/12-550-170-3>		<http://ids.clld.org/parameters/12-550>		<http://ids.clld.org/values/12-550-242-1>		"aabii"@mot	
"nuovo"@it	<http://ids.clld.org/values/14-130-170-1>		<http://ids.clld.org/parameters/14-130>		<http://ids.clld.org/values/14-130-242-1>		"oḳdo"@mot	
"cuoio"@it	<http://ids.clld.org/values/6-290-170-1>		<http://ids.clld.org/parameters/6-290>		<http://ids.clld.org/values/6-290-242-1>		"biruna"@mot	
"femmina"@it	<http://ids.clld.org/values/2-220-170-1>		<http://ids.clld.org/parameters/2-220>		<http://ids.clld.org/values/2-220-242-1>		"byoo"@mot	
"pioggia"@it	<http://ids.clld.org/values/1-750-170-1>		<http://ids.clld.org/parameters/1-750>		<http://ids.clld.org/values/1-750-242-1>		"dihkaɨg"@mot	
"nipote"@it	<http://ids.clld.org/values/2-490-170-1>		<http://ids.clld.org/parameters/2-490>		<http://ids.clld.org/values/2-490-242-1>		"šiā́ abira"@mot	
"piaga"@it	<http://ids.clld.org/values/4-850-170-3>		<http://ids.clld.org/parameters/4-850>		<http://ids.clld.org/values/4-850-242-1>		"iaiyikākwa"@mot	
"ragazza"@it	<http://ids.clld.org/values/2-260-170-1>		<http://ids.clld.org/parameters/2-260>		<http://ids.clld.org/values/2-260-242-1>		"šia"@mot	
"sapere di"@it	<http://ids.clld.org/values/15-210-170-1>		<http://ids.clld.org/parameters/15-210>		<http://ids.clld.org/values/15-210-242-1>		"aantukãã"@mot	
"capezzolo"@it	<http://ids.clld.org/values/4-412-170-1>		<http://ids.clld.org/parameters/4-412>		<http://ids.clld.org/values/4-412-242-1>		"tuu"@mot	
"strofinare"@it	<http://ids.clld.org/values/9-310-170-1>		<http://ids.clld.org/parameters/9-310>		<http://ids.clld.org/values/9-310-242-1>		"dyuug-dyug"@mot	
"uccidere"@it	<http://ids.clld.org/values/4-760-170-1>		<http://ids.clld.org/parameters/4-760>		<http://ids.clld.org/values/4-760-242-1>		"sobãa��"@mot	
"bere"@it	<http://ids.clld.org/values/5-130-170-1>		<http://ids.clld.org/parameters/5-130>		<http://ids.clld.org/values/5-130-242-3>		"aɨkseɨba"@mot	
"bere"@it	<http://ids.clld.org/values/5-130-170-1>		<http://ids.clld.org/parameters/5-130>		<http://ids.clld.org/values/5-130-242-1>		"da"@mot	
"pene"@it	<http://ids.clld.org/values/4-492-170-1>		<http://ids.clld.org/parameters/4-492>		<http://ids.clld.org/values/4-492-242-1>		"bašišũ"@mot	
"volpe"@it	<http://ids.clld.org/values/3-740-170-1>		<http://ids.clld.org/parameters/3-740>		<http://ids.clld.org/values/3-740-242-1>		"yaurāba"@mot	
"collina"@it	<http://ids.clld.org/values/1-220-170-3>		<http://ids.clld.org/parameters/1-220>		<http://ids.clld.org/values/1-220-242-1>		"dyɨra"@mot	
"piatto"@it	<http://ids.clld.org/values/5-320-170-1>		<http://ids.clld.org/parameters/5-320>		<http://ids.clld.org/values/5-320-242-1>		"dado"@mot	
"vecchio"@it	<http://ids.clld.org/values/14-150-170-1>		<http://ids.clld.org/parameters/14-150>		<http://ids.clld.org/values/14-150-242-1>		"saatdau"@mot	
"straccio"@it	<http://ids.clld.org/values/6-810-170-3>		<http://ids.clld.org/parameters/6-810>		<http://ids.clld.org/values/6-810-242-1>		"aḳduu"@mot	
"io"@it	<http://ids.clld.org/values/2-910-170-1>		<http://ids.clld.org/parameters/2-910>		<http://ids.clld.org/values/2-910-242-1>		"nãi"@mot	
"femmina"@it	<http://ids.clld.org/values/2-240-170-1>		<http://ids.clld.org/parameters/2-240>		<http://ids.clld.org/values/2-240-242-1>		"abama"@mot	
"chi?"@it	<http://ids.clld.org/values/17-680-170-1>		<http://ids.clld.org/parameters/17-680>		<http://ids.clld.org/values/17-680-242-1>		"ããmai"@mot	
"gola"@it	<http://ids.clld.org/values/4-290-170-1>		<http://ids.clld.org/parameters/4-290>		<http://ids.clld.org/values/4-290-242-1>		"būuri"@mot	
"fegato"@it	<http://ids.clld.org/values/4-450-170-1>		<http://ids.clld.org/parameters/4-450>		<http://ids.clld.org/values/4-450-242-1>		"aabingba"@mot	
"sorella"@it	<http://ids.clld.org/values/2-450-170-1>		<http://ids.clld.org/parameters/2-450>		<http://ids.clld.org/values/2-450-242-1>		"aša"@mot	
"sale"@it	<http://ids.clld.org/values/5-810-170-1>		<http://ids.clld.org/parameters/5-810>		<http://ids.clld.org/values/5-810-242-1>		"saabĩ"@mot	
"pollice"@it	<http://ids.clld.org/values/4-342-170-1>		<http://ids.clld.org/parameters/4-342>		<http://ids.clld.org/values/4-342-242-1>		"abi kiokbā"@mot	
"suolo"@it	<http://ids.clld.org/values/1-212-170-3>		<http://ids.clld.org/parameters/1-212>		<http://ids.clld.org/values/1-212-242-1>		"ihtãã"@mot	
"coscia"@it	<http://ids.clld.org/values/4-351-170-1>		<http://ids.clld.org/parameters/4-351>		<http://ids.clld.org/values/4-351-242-1>		"bibīī"@mot	
"cucire"@it	<http://ids.clld.org/values/6-350-170-1>		<http://ids.clld.org/parameters/6-350>		<http://ids.clld.org/values/6-350-242-1>		"oḳdyikããn"@mot	
"cieco"@it	<http://ids.clld.org/values/4-970-170-1>		<http://ids.clld.org/parameters/4-970>		<http://ids.clld.org/values/4-970-242-1>		"škakyūbigbari"@mot	
"pianura"@it	<http://ids.clld.org/values/1-230-170-1>		<http://ids.clld.org/parameters/1-230>		<http://ids.clld.org/values/1-230-242-1>		"bẽa"@mot	
"pinna"@it	<http://ids.clld.org/values/3-652-170-1>		<http://ids.clld.org/parameters/3-652>		<http://ids.clld.org/values/3-652-242-1>		"ačii"@mot	
"luna"@it	<http://ids.clld.org/values/1-530-170-1>		<http://ids.clld.org/parameters/1-530>		<http://ids.clld.org/values/1-530-242-1>		"čibaɨg"@mot	
"vento"@it	<http://ids.clld.org/values/1-720-170-1>		<http://ids.clld.org/parameters/1-720>		<http://ids.clld.org/values/1-720-242-1>		"saaba"@mot	
"cervo"@it	<http://ids.clld.org/values/3-750-170-1>		<http://ids.clld.org/parameters/3-750>		<http://ids.clld.org/values/3-750-242-1>		"šadā́ikba"@mot	
"acqua"@it	<http://ids.clld.org/values/1-310-170-1>		<http://ids.clld.org/parameters/1-310>		<http://ids.clld.org/values/1-310-242-1>		"šiima"@mot	
"fiore"@it	<http://ids.clld.org/values/8-570-170-1>		<http://ids.clld.org/parameters/8-570>		<http://ids.clld.org/values/8-570-242-1>		"tootubi"@mot	
"pisciare"@it	<http://ids.clld.org/values/4-650-170-3>		<http://ids.clld.org/parameters/4-650>		<http://ids.clld.org/values/4-650-242-1>		"itčiki"@mot	
"naso"@it	<http://ids.clld.org/values/4-230-170-1>		<http://ids.clld.org/parameters/4-230>		<http://ids.clld.org/values/4-230-242-1>		"ḍiisa"@mot	
"egli"@it	<http://ids.clld.org/values/2-930-170-1>		<http://ids.clld.org/parameters/2-930>		<http://ids.clld.org/values/2-930-242-1>		"oobãi"@mot	
"latte"@it	<http://ids.clld.org/values/5-860-170-1>		<http://ids.clld.org/parameters/5-860>		<http://ids.clld.org/values/5-860-242-1>		"ahtuu"@mot	
"madre"@it	<http://ids.clld.org/values/2-360-170-1>		<http://ids.clld.org/parameters/2-360>		<http://ids.clld.org/values/2-360-242-1>		"abaama"@mot	
"storcere"@it	<http://ids.clld.org/values/9-343-170-1>		<http://ids.clld.org/parameters/9-343>		<http://ids.clld.org/values/9-343-242-1>		"saɨng-saing"@mot	
"serpente"@it	<http://ids.clld.org/values/3-850-170-1>		<http://ids.clld.org/parameters/3-850>		<http://ids.clld.org/values/3-850-242-1>		"čiidu"@mot	
"maiale"@it	<http://ids.clld.org/values/3-350-170-1>		<http://ids.clld.org/parameters/3-350>		<http://ids.clld.org/values/3-350-242-1>		"bisao"@mot	
"russare"@it	<http://ids.clld.org/values/4-612-170-1>		<http://ids.clld.org/parameters/4-612>		<http://ids.clld.org/values/4-612-242-1>		"kabāla"@mot	
"singhiozzo"@it	<http://ids.clld.org/values/4-521-170-1>		<http://ids.clld.org/parameters/4-521>		<http://ids.clld.org/values/4-521-242-1>		"buyakaɨ"@mot	
"nuotare"@it	<http://ids.clld.org/values/10-350-170-1>		<http://ids.clld.org/parameters/10-350>		<http://ids.clld.org/values/10-350-242-1>		"arubisaḳããng"@mot	
"stanco"@it	<http://ids.clld.org/values/4-910-170-1>		<http://ids.clld.org/parameters/4-910>		<http://ids.clld.org/values/4-910-242-1>		"sabaribō"@mot	
"civetta"@it	<http://ids.clld.org/values/3-596-170-3>		<http://ids.clld.org/parameters/3-596>		<http://ids.clld.org/values/3-596-242-1>		"bigtuu"@mot	
"carestia"@it	<http://ids.clld.org/values/5-141-170-3>		<http://ids.clld.org/parameters/5-141>		<http://ids.clld.org/values/5-141-242-1>		"išīdobeši"@mot	
"fratello"@it	<http://ids.clld.org/values/2-440-170-1>		<http://ids.clld.org/parameters/2-440>		<http://ids.clld.org/values/2-440-242-1>		"asari"@mot	
"orecchio"@it	<http://ids.clld.org/values/4-220-170-1>		<http://ids.clld.org/parameters/4-220>		<http://ids.clld.org/values/4-220-242-1>		"koḳčii"@mot	
"scimmia"@it	<http://ids.clld.org/values/3-760-170-1>		<http://ids.clld.org/parameters/3-760>		<http://ids.clld.org/values/3-760-242-1>		"baraši"@mot	
"vecchio"@it	<http://ids.clld.org/values/2-461-170-1>		<http://ids.clld.org/parameters/2-461>		<http://ids.clld.org/values/2-461-242-1>		"sagdou"@mot	
"pozzo"@it	<http://ids.clld.org/values/1-370-170-3>		<http://ids.clld.org/parameters/1-370>		<http://ids.clld.org/values/1-370-242-1>		"undaghakĩ"@mot	
"dito"@it	<http://ids.clld.org/values/4-340-170-1>		<http://ids.clld.org/parameters/4-340>		<http://ids.clld.org/values/4-340-242-1>		"aḳduu kiokbā"@mot	
"destra"@it	<http://ids.clld.org/values/12-410-170-1>		<http://ids.clld.org/parameters/12-410>		<http://ids.clld.org/values/12-410-242-1>		"ããkai"@mot	
"forare"@it	<http://ids.clld.org/values/9-460-170-1>		<http://ids.clld.org/parameters/9-460>		<http://ids.clld.org/values/9-460-242-1>		"akotukããn"@mot	
"cute"@it	<http://ids.clld.org/values/4-120-170-3>		<http://ids.clld.org/parameters/4-120>		<http://ids.clld.org/values/4-120-242-1>		"aɨgšuu"@mot	
"noi"@it	<http://ids.clld.org/values/2-940-170-1>		<http://ids.clld.org/parameters/2-940>		<http://ids.clld.org/values/2-940-242-1>		"čyiidyi"@mot	
"due"@it	<http://ids.clld.org/values/13-20-170-1>		<http://ids.clld.org/parameters/13-20>		<http://ids.clld.org/values/13-20-242-1>		"ĩĩsaami"@mot	
"gallina"@it	<http://ids.clld.org/values/3-540-170-1>		<http://ids.clld.org/parameters/3-540>		<http://ids.clld.org/values/3-540-242-1>		"kari"@mot	
"grano"@it	<http://ids.clld.org/values/6-760-170-3>		<http://ids.clld.org/parameters/6-760>		<http://ids.clld.org/values/6-760-242-1>		"karahšī"@mot	
"arteria"@it	<http://ids.clld.org/values/4-151-170-3>		<http://ids.clld.org/parameters/4-151>		<http://ids.clld.org/values/4-151-242-1>		"ašĩšii"@mot	
"pappagallo"@it	<http://ids.clld.org/values/3-592-170-1>		<http://ids.clld.org/parameters/3-592>		<http://ids.clld.org/values/3-592-242-1>		"dahba"@mot	
"narice"@it	<http://ids.clld.org/values/4-231-170-1>		<http://ids.clld.org/parameters/4-231>		<http://ids.clld.org/values/4-231-242-1>		"nisokwā"@mot	
"pus"@it	<http://ids.clld.org/values/4-857-170-1>		<http://ids.clld.org/parameters/4-857>		<http://ids.clld.org/values/4-857-242-1>		"aigsō"@mot	
"strada"@it	<http://ids.clld.org/values/10-710-170-1>		<http://ids.clld.org/parameters/10-710>		<http://ids.clld.org/values/10-710-242-1>		"šikɨ"@mot	
"sognare"@it	<http://ids.clld.org/values/4-620-170-1>		<http://ids.clld.org/parameters/4-620>		<http://ids.clld.org/values/4-620-242-1>		"borog'barina"@mot	
"fronte"@it	<http://ids.clld.org/values/4-205-170-1>		<http://ids.clld.org/parameters/4-205>		<http://ids.clld.org/values/4-205-242-1>		"dokbā"@mot	
"stella"@it	<http://ids.clld.org/values/1-540-170-1>		<http://ids.clld.org/parameters/1-540>		<http://ids.clld.org/values/1-540-242-1>		"tootubi"@mot	
"campo"@it	<http://ids.clld.org/values/8-120-170-1>		<http://ids.clld.org/parameters/8-120>		<http://ids.clld.org/values/8-120-242-1>		"dogbah"@mot	
"prurito"@it	<http://ids.clld.org/values/4-854-170-1>		<http://ids.clld.org/parameters/4-854>		<http://ids.clld.org/values/4-854-242-1>		"alošīni"@mot	
"figlia"@it	<http://ids.clld.org/values/2-420-170-1>		<http://ids.clld.org/parameters/2-420>		<http://ids.clld.org/values/2-420-242-1>		"ša"@mot	
"legno"@it	<http://ids.clld.org/values/1-430-170-1>		<http://ids.clld.org/parameters/1-430>		<http://ids.clld.org/values/1-430-242-1>		"kaa"@mot	
"ferita"@it	<http://ids.clld.org/values/4-850-170-1>		<http://ids.clld.org/parameters/4-850>		<http://ids.clld.org/values/4-850-242-1>		"iaiyikākwa"@mot	
"forte"@it	<http://ids.clld.org/values/4-810-170-1>		<http://ids.clld.org/parameters/4-810>		<http://ids.clld.org/values/4-810-242-1>		"karābari"@mot	
"anguilla d'acqua dolce"@it	<http://ids.clld.org/values/3-665-170-1>		<http://ids.clld.org/parameters/3-665>		<http://ids.clld.org/values/3-665-242-1>		"bāībukū"@mot	
"arnia"@it	<http://ids.clld.org/values/3-822-170-3>		<http://ids.clld.org/parameters/3-822>		<http://ids.clld.org/values/3-822-242-1>		"burubī"@mot	
"ago"@it	<http://ids.clld.org/values/6-360-170-1>		<http://ids.clld.org/parameters/6-360>		<http://ids.clld.org/values/6-360-242-1>		"ihbeĩkaddū"@mot	
"sordo"@it	<http://ids.clld.org/values/4-950-170-1>		<http://ids.clld.org/parameters/4-950>		<http://ids.clld.org/values/4-950-242-1>		"kokčikai"@mot	
"tre"@it	<http://ids.clld.org/values/13-30-170-1>		<http://ids.clld.org/parameters/13-30>		<http://ids.clld.org/values/13-30-242-3>		"bitentoḳou"@mot	
"tre"@it	<http://ids.clld.org/values/13-30-170-1>		<http://ids.clld.org/parameters/13-30>		<http://ids.clld.org/values/13-30-242-1>		"tentoḳou"@mot	
"inghiottire"@it	<http://ids.clld.org/values/5-181-170-1>		<http://ids.clld.org/parameters/5-181>		<http://ids.clld.org/values/5-181-242-1>		"kurī"@mot	
"dritto"@it	<http://ids.clld.org/values/12-730-170-1>		<http://ids.clld.org/parameters/12-730>		<http://ids.clld.org/values/12-730-242-1>		"biiki"@mot	
"femmina"@it	<http://ids.clld.org/values/3-130-170-1>		<http://ids.clld.org/parameters/3-130>		<http://ids.clld.org/values/3-130-242-1>		"abama"@mot	
"caviglia"@it	<http://ids.clld.org/values/4-371-170-1>		<http://ids.clld.org/parameters/4-371>		<http://ids.clld.org/values/4-371-242-1>		"kiokbā karikāa"@mot	
"vita"@it	<http://ids.clld.org/values/4-462-170-1>		<http://ids.clld.org/parameters/4-462>		<http://ids.clld.org/values/4-462-242-1>		"oata"@mot	
"stretto"@it	<http://ids.clld.org/values/12-620-170-1>		<http://ids.clld.org/parameters/12-620>		<http://ids.clld.org/values/12-620-242-1>		"bwaikaan"@mot	
"labbro"@it	<http://ids.clld.org/values/4-250-170-1>		<http://ids.clld.org/parameters/4-250>		<http://ids.clld.org/values/4-250-242-1>		"kaḳšu"@mot	
"cappello"@it	<http://ids.clld.org/values/6-550-170-1>		<http://ids.clld.org/parameters/6-550>		<http://ids.clld.org/values/6-550-242-1>		"somene"@mot	
"spegnere"@it	<http://ids.clld.org/values/1-861-170-1>		<http://ids.clld.org/parameters/1-861>		<http://ids.clld.org/values/1-861-242-1>		"sirasāini"@mot	
"albero"@it	<http://ids.clld.org/values/8-600-170-1>		<http://ids.clld.org/parameters/8-600>		<http://ids.clld.org/values/8-600-242-1>		"kãa"@mot	
"farmaco"@it	<http://ids.clld.org/values/4-880-170-3>		<http://ids.clld.org/parameters/4-880>		<http://ids.clld.org/values/4-880-242-1>		"ogsā"@mot	
"vecchia"@it	<http://ids.clld.org/values/2-471-170-1>		<http://ids.clld.org/parameters/2-471>		<http://ids.clld.org/values/2-471-242-1>		"šibabiō"@mot	
"foglia"@it	<http://ids.clld.org/values/8-560-170-1>		<http://ids.clld.org/parameters/8-560>		<http://ids.clld.org/values/8-560-242-1>		"ahḳaadu"@mot	
"fiume"@it	<http://ids.clld.org/values/1-360-170-1>		<http://ids.clld.org/parameters/1-360>		<http://ids.clld.org/values/1-360-242-1>		"bohgī"@mot	
"giardino"@it	<http://ids.clld.org/values/8-130-170-1>		<http://ids.clld.org/parameters/8-130>		<http://ids.clld.org/values/8-130-242-1>		"dogbah"@mot	
"ubriaco"@it	<http://ids.clld.org/values/4-980-170-1>		<http://ids.clld.org/parameters/4-980>		<http://ids.clld.org/values/4-980-242-1>		"agsabitbari"@mot	
"mangiare"@it	<http://ids.clld.org/values/5-110-170-1>		<http://ids.clld.org/parameters/5-110>		<http://ids.clld.org/values/5-110-242-1>		"karabaseɨba"@mot	
"cotone"@it	<http://ids.clld.org/values/6-240-170-1>		<http://ids.clld.org/parameters/6-240>		<http://ids.clld.org/values/6-240-242-1>		"kalã"@mot	
"marcio"@it	<http://ids.clld.org/values/5-125-170-1>		<http://ids.clld.org/parameters/5-125>		<http://ids.clld.org/values/5-125-242-1>		"ããnta"@mot	
"tempia"@it	<http://ids.clld.org/values/4-201-170-1>		<http://ids.clld.org/parameters/4-201>		<http://ids.clld.org/values/4-201-242-1>		"kuruu"@mot	
"zoppo"@it	<http://ids.clld.org/values/4-940-170-1>		<http://ids.clld.org/parameters/4-940>		<http://ids.clld.org/values/4-940-242-1>		"sōodoru"@mot	
"loro"@it	<http://ids.clld.org/values/2-960-170-1>		<http://ids.clld.org/parameters/2-960>		<http://ids.clld.org/values/2-960-242-1>		"oračidyi"@mot	
"nipote"@it	<http://ids.clld.org/values/2-480-170-1>		<http://ids.clld.org/parameters/2-480>		<http://ids.clld.org/values/2-480-242-1>		"sašī abira"@mot	
"pulce"@it	<http://ids.clld.org/values/3-813-170-1>		<http://ids.clld.org/parameters/3-813>		<http://ids.clld.org/values/3-813-242-1>		"durāba kū"@mot	
"nonna"@it	<http://ids.clld.org/values/2-470-170-1>		<http://ids.clld.org/parameters/2-470>		<http://ids.clld.org/values/2-470-242-1>		"ašiabāma"@mot	
"sposarsi"@it	<http://ids.clld.org/values/2-330-170-1>		<http://ids.clld.org/parameters/2-330>		<http://ids.clld.org/values/2-330-242-1>		"bio kayākba"@mot	
"casseruola"@it	<http://ids.clld.org/values/5-260-170-3>		<http://ids.clld.org/parameters/5-260>		<http://ids.clld.org/values/5-260-242-1>		"bašikalai"@mot	
"polso"@it	<http://ids.clld.org/values/4-321-170-1>		<http://ids.clld.org/parameters/4-321>		<http://ids.clld.org/values/4-321-242-1>		"aḳduu obāā"@mot	
"fratello del padre"@it	<http://ids.clld.org/values/2-512-170-1>		<http://ids.clld.org/parameters/2-512>		<http://ids.clld.org/values/2-512-242-1>		"aisī okarā"@mot	
"cinghiale"@it	<http://ids.clld.org/values/3-320-170-1>		<http://ids.clld.org/parameters/3-320>		<http://ids.clld.org/values/3-320-242-1>		"bisao"@mot	
"pieno"@it	<http://ids.clld.org/values/13-210-170-1>		<http://ids.clld.org/parameters/13-210>		<http://ids.clld.org/values/13-210-242-1>		"booḳbarik"@mot	
"arrostire"@it	<http://ids.clld.org/values/5-230-170-1>		<http://ids.clld.org/parameters/5-230>		<http://ids.clld.org/values/5-230-242-1>		"yoobī"@mot	
"ape"@it	<http://ids.clld.org/values/3-820-170-1>		<http://ids.clld.org/parameters/3-820>		<http://ids.clld.org/values/3-820-242-1>		"myaa"@mot	
"osso"@it	<http://ids.clld.org/values/4-160-170-1>		<http://ids.clld.org/parameters/4-160>		<http://ids.clld.org/values/4-160-242-1>		"ahkara"@mot	
"specchio"@it	<http://ids.clld.org/values/6-960-170-1>		<http://ids.clld.org/parameters/6-960>		<http://ids.clld.org/values/6-960-242-1>		"oyabiyīyi"@mot	
"tutto"@it	<http://ids.clld.org/values/13-140-170-3>		<http://ids.clld.org/parameters/13-140>		<http://ids.clld.org/values/13-140-242-1>		"ĩĩški"@mot	
"tu"@it	<http://ids.clld.org/values/2-920-170-1>		<http://ids.clld.org/parameters/2-920>		<http://ids.clld.org/values/2-920-242-1>		"bai"@mot	
"colomba"@it	<http://ids.clld.org/values/3-594-170-1>		<http://ids.clld.org/parameters/3-594>		<http://ids.clld.org/values/3-594-242-1>		"šibou"@mot	
"orinare"@it	<http://ids.clld.org/values/4-650-170-1>		<http://ids.clld.org/parameters/4-650>		<http://ids.clld.org/values/4-650-242-1>		"itčiki"@mot	
"peli del pube"@it	<http://ids.clld.org/values/4-145-170-1>		<http://ids.clld.org/parameters/4-145>		<http://ids.clld.org/values/4-145-242-1>		"bakači"@mot	
"paura"@it	<http://ids.clld.org/values/16-530-170-1>		<http://ids.clld.org/parameters/16-530>		<http://ids.clld.org/values/16-530-242-1>		"doḳtosõn"@mot	
"peperoncino"@it	<http://ids.clld.org/values/5-821-170-1>		<http://ids.clld.org/parameters/5-821>		<http://ids.clld.org/values/5-821-242-1>		"lore"@mot	
"rena"@it	<http://ids.clld.org/values/1-215-170-3>		<http://ids.clld.org/parameters/1-215>		<http://ids.clld.org/values/1-215-242-1>		"ũũngda"@mot	
"lucciola"@it	<http://ids.clld.org/values/3-910-170-1>		<http://ids.clld.org/parameters/3-910>		<http://ids.clld.org/values/3-910-242-1>		"bāādukdū"@mot	
"donna sposata"@it	<http://ids.clld.org/values/2-390-170-1>		<http://ids.clld.org/parameters/2-390>		<http://ids.clld.org/values/2-390-242-1>		"byoo"@mot	
"uno"@it	<http://ids.clld.org/values/13-10-170-1>		<http://ids.clld.org/parameters/13-10>		<http://ids.clld.org/values/13-10-242-1>		"ĩĩtoupʔ"@mot	
"sentire"@it	<http://ids.clld.org/values/15-410-170-1>		<http://ids.clld.org/parameters/15-410>		<http://ids.clld.org/values/15-410-242-1>		"anaɨgkãng"@mot	
"rupe"@it	<http://ids.clld.org/values/1-222-170-3>		<http://ids.clld.org/parameters/1-222>		<http://ids.clld.org/values/1-222-242-1>		"angbarī"@mot	
"coniglio"@it	<http://ids.clld.org/values/3-614-170-1>		<http://ids.clld.org/parameters/3-614>		<http://ids.clld.org/values/3-614-242-1>		"bukū"@mot	
"buio"@it	<http://ids.clld.org/values/1-620-170-3>		<http://ids.clld.org/parameters/1-620>		<http://ids.clld.org/values/1-620-242-1>		"baidaani"@mot	
"fulmine"@it	<http://ids.clld.org/values/1-570-170-1>		<http://ids.clld.org/parameters/1-570>		<http://ids.clld.org/values/1-570-242-1>		"yibahdu"@mot	
"Loro"@it	<http://ids.clld.org/values/2-950-170-3>		<http://ids.clld.org/parameters/2-950>		<http://ids.clld.org/values/2-950-242-1>		"bidyi"@mot	
"testicolo"@it	<http://ids.clld.org/values/4-490-170-1>		<http://ids.clld.org/parameters/4-490>		<http://ids.clld.org/values/4-490-242-1>		"ok'bā"@mot	
"miele"@it	<http://ids.clld.org/values/5-840-170-1>		<http://ids.clld.org/parameters/5-840>		<http://ids.clld.org/values/5-840-242-1>		"čiriba"@mot	
"nipotino"@it	<http://ids.clld.org/values/2-480-170-3>		<http://ids.clld.org/parameters/2-480>		<http://ids.clld.org/values/2-480-242-1>		"sašī abira"@mot	
"cattivo"@it	<http://ids.clld.org/values/16-720-170-1>		<http://ids.clld.org/parameters/16-720>		<http://ids.clld.org/values/16-720-242-1>		"arongbɨšini"@mot	
"cattivo"@it	<http://ids.clld.org/values/16-720-170-1>		<http://ids.clld.org/parameters/16-720>		<http://ids.clld.org/values/16-720-242-3>		"atraḳaari"@mot	
"carne"@it	<http://ids.clld.org/values/5-610-170-1>		<http://ids.clld.org/parameters/5-610>		<http://ids.clld.org/values/5-610-242-1>		"aaidyi"@mot	
"quattro"@it	<http://ids.clld.org/values/13-40-170-1>		<http://ids.clld.org/parameters/13-40>		<http://ids.clld.org/values/13-40-242-1>		"asaaridgẽ"@mot	
"acuto"@it	<http://ids.clld.org/values/15-780-170-1>		<http://ids.clld.org/parameters/15-780>		<http://ids.clld.org/values/15-780-242-1>		"ihkobaaini"@mot	
"avere rapporti sessuali"@it	<http://ids.clld.org/values/4-670-170-3>		<http://ids.clld.org/parameters/4-670>		<http://ids.clld.org/values/4-670-242-1>		"šikbā dikaina"@mot	
"travicello"@it	<http://ids.clld.org/values/7-540-170-1>		<http://ids.clld.org/parameters/7-540>		<http://ids.clld.org/values/7-540-242-1>		"dāabara"@mot	
"conchiglia"@it	<http://ids.clld.org/values/3-655-170-1>		<http://ids.clld.org/parameters/3-655>		<http://ids.clld.org/values/3-655-242-1>		"āškūu"@mot	
"perlina"@it	<http://ids.clld.org/values/6-760-170-1>		<http://ids.clld.org/parameters/6-760>		<http://ids.clld.org/values/6-760-242-1>		"karahšī"@mot	
"aquila"@it	<http://ids.clld.org/values/3-584-170-1>		<http://ids.clld.org/parameters/3-584>		<http://ids.clld.org/values/3-584-242-1>		"banko"@mot	
"di sotto"@it	<http://ids.clld.org/values/12-30-170-3>		<http://ids.clld.org/parameters/12-30>		<http://ids.clld.org/values/12-30-242-1>		"roradi"@mot	
"valle"@it	<http://ids.clld.org/values/1-240-170-1>		<http://ids.clld.org/parameters/1-240>		<http://ids.clld.org/values/1-240-242-1>		"šiimbia"@mot	
"respiro"@it	<http://ids.clld.org/values/4-510-170-3>		<http://ids.clld.org/parameters/4-510>		<http://ids.clld.org/values/4-510-242-1>		"bosobuku"@mot	
"dare"@it	<http://ids.clld.org/values/11-210-170-1>		<http://ids.clld.org/parameters/11-210>		<http://ids.clld.org/values/11-210-242-1>		"iiran"@mot	
"schiena"@it	<http://ids.clld.org/values/4-190-170-1>		<http://ids.clld.org/parameters/4-190>		<http://ids.clld.org/values/4-190-242-1>		"kwĩ"@mot	
"morire"@it	<http://ids.clld.org/values/4-750-170-1>		<http://ids.clld.org/parameters/4-750>		<http://ids.clld.org/values/4-750-242-1>		"širɨ̃ aḳbaikãng"@mot	
"persona"@it	<http://ids.clld.org/values/2-100-170-1>		<http://ids.clld.org/parameters/2-100>		<http://ids.clld.org/values/2-100-242-1>		"barī"@mot	
"sbadigliare"@it	<http://ids.clld.org/values/4-520-170-1>		<http://ids.clld.org/parameters/4-520>		<http://ids.clld.org/values/4-520-242-1>		"kabah agaksakei"@mot	
"lucertola"@it	<http://ids.clld.org/values/3-960-170-1>		<http://ids.clld.org/parameters/3-960>		<http://ids.clld.org/values/3-960-242-1>		"bačkere"@mot	
"anatra"@it	<http://ids.clld.org/values/3-570-170-1>		<http://ids.clld.org/parameters/3-570>		<http://ids.clld.org/values/3-570-242-1>		"bakbā"@mot	
"masticare"@it	<http://ids.clld.org/values/5-180-170-1>		<http://ids.clld.org/parameters/5-180>		<http://ids.clld.org/values/5-180-242-1>		"kõõ"@mot	
"tuono"@it	<http://ids.clld.org/values/1-560-170-1>		<http://ids.clld.org/parameters/1-560>		<http://ids.clld.org/values/1-560-242-1>		"bihdāri"@mot	
"ruscello"@it	<http://ids.clld.org/values/1-360-170-5>		<http://ids.clld.org/parameters/1-360>		<http://ids.clld.org/values/1-360-242-1>		"bohgī"@mot	
"cavallo"@it	<http://ids.clld.org/values/3-410-170-1>		<http://ids.clld.org/parameters/3-410>		<http://ids.clld.org/values/3-410-242-1>		"buēragba"@mot	
"succhiare"@it	<http://ids.clld.org/values/5-160-170-1>		<http://ids.clld.org/parameters/5-160>		<http://ids.clld.org/values/5-160-242-3>		"dada"@mot	
"succhiare"@it	<http://ids.clld.org/values/5-160-170-1>		<http://ids.clld.org/parameters/5-160>		<http://ids.clld.org/values/5-160-242-1>		"tuu aɨgsadyĩ"@mot	
"ragazzo"@it	<http://ids.clld.org/values/2-250-170-1>		<http://ids.clld.org/parameters/2-250>		<http://ids.clld.org/values/2-250-242-1>		"saaši"@mot	
"lampo"@it	<http://ids.clld.org/values/1-550-170-1>		<http://ids.clld.org/parameters/1-550>		<http://ids.clld.org/values/1-550-242-1>		"dyibahdū"@mot	
"bianco"@it	<http://ids.clld.org/values/15-640-170-1>		<http://ids.clld.org/parameters/15-640>		<http://ids.clld.org/values/15-640-242-1>		"bačii"@mot	
"bianco"@it	<http://ids.clld.org/values/15-640-170-1>		<http://ids.clld.org/parameters/15-640>		<http://ids.clld.org/values/15-640-242-3>		"bačiini"@mot	
"semi"@it	<http://ids.clld.org/values/8-311-170-1>		<http://ids.clld.org/parameters/8-311>		<http://ids.clld.org/values/8-311-242-1>		"ahḳooḳbah"@mot	
"sole"@it	<http://ids.clld.org/values/1-520-170-1>		<http://ids.clld.org/parameters/1-520>		<http://ids.clld.org/values/1-520-242-1>		"nyaa"@mot	
"rana"@it	<http://ids.clld.org/values/3-950-170-1>		<http://ids.clld.org/parameters/3-950>		<http://ids.clld.org/values/3-950-242-1>		"babā"@mot	
"piede"@it	<http://ids.clld.org/values/4-370-170-1>		<http://ids.clld.org/parameters/4-370>		<http://ids.clld.org/values/4-370-242-1>		"kihtuu"@mot	
"corpo"@it	<http://ids.clld.org/values/4-110-170-1>		<http://ids.clld.org/parameters/4-110>		<http://ids.clld.org/values/4-110-242-1>		"aidyīi"@mot	
"fango"@it	<http://ids.clld.org/values/1-214-170-1>		<http://ids.clld.org/parameters/1-214>		<http://ids.clld.org/values/1-214-242-1>		"barā"@mot	
"sorella della madre"@it	<http://ids.clld.org/values/2-521-170-1>		<http://ids.clld.org/parameters/2-521>		<http://ids.clld.org/values/2-521-242-1>		"abāma si"@mot	
"che cosa?"@it	<http://ids.clld.org/values/17-640-170-3>		<http://ids.clld.org/parameters/17-640>		<http://ids.clld.org/values/17-640-242-1>		"aybi"@mot	
"che cosa?"@it	<http://ids.clld.org/values/17-640-170-3>		<http://ids.clld.org/parameters/17-640>		<http://ids.clld.org/values/17-640-242-3>		"aybidou"@mot	
"zio"@it	<http://ids.clld.org/values/2-510-170-1>		<http://ids.clld.org/parameters/2-510>		<http://ids.clld.org/values/2-510-242-1>		"aisī okarā"@mot	
"occhio"@it	<http://ids.clld.org/values/4-210-170-1>		<http://ids.clld.org/parameters/4-210>		<http://ids.clld.org/values/4-210-242-3>		"oošubi"@mot	
"occhio"@it	<http://ids.clld.org/values/4-210-170-1>		<http://ids.clld.org/parameters/4-210>		<http://ids.clld.org/values/4-210-242-1>		"oo"@mot	
"acerbo"@it	<http://ids.clld.org/values/5-124-170-1>		<http://ids.clld.org/parameters/5-124>		<http://ids.clld.org/values/5-124-242-1>		"tahta"@mot	
"vespa"@it	<http://ids.clld.org/values/3-823-170-1>		<http://ids.clld.org/parameters/3-823>		<http://ids.clld.org/values/3-823-242-1>		"bašinši"@mot	
"ratto"@it	<http://ids.clld.org/values/3-630-170-3>		<http://ids.clld.org/parameters/3-630>		<http://ids.clld.org/values/3-630-242-1>		"dahtumia"@mot	
"maschio"@it	<http://ids.clld.org/values/3-120-170-1>		<http://ids.clld.org/parameters/3-120>		<http://ids.clld.org/values/3-120-242-1>		"ataida"@mot	
"adobe"@it	<http://ids.clld.org/values/7-640-170-1>		<http://ids.clld.org/parameters/7-640>		<http://ids.clld.org/values/7-640-242-1>		"barakay"@mot	
"cielo"@it	<http://ids.clld.org/values/1-510-170-1>		<http://ids.clld.org/parameters/1-510>		<http://ids.clld.org/values/1-510-242-1>		"baḍũ"@mot	
"vita"@it	<http://ids.clld.org/values/4-740-170-5>		<http://ids.clld.org/parameters/4-740>		<http://ids.clld.org/values/4-740-242-3>		"baɨgbari"@mot	
"vita"@it	<http://ids.clld.org/values/4-740-170-5>		<http://ids.clld.org/parameters/4-740>		<http://ids.clld.org/values/4-740-242-1>		"dobaɨgbari"@mot	
"salute"@it	<http://ids.clld.org/values/4-830-170-3>		<http://ids.clld.org/parameters/4-830>		<http://ids.clld.org/values/4-830-242-1>		"sabah"@mot	
"giovanotto/"@it	<http://ids.clld.org/values/2-251-170-1>		<http://ids.clld.org/parameters/2-251>		<http://ids.clld.org/values/2-251-242-1>		"atdaku"@mot	
"fratello/ sorella"@it	<http://ids.clld.org/values/2-456-170-1>		<http://ids.clld.org/parameters/2-456>		<http://ids.clld.org/values/2-456-242-1>		"sagdooyī"@mot	
"dormire"@it	<http://ids.clld.org/values/4-610-170-1>		<http://ids.clld.org/parameters/4-610>		<http://ids.clld.org/values/4-610-242-3>		"ooškɨkʔ"@mot	
"dormire"@it	<http://ids.clld.org/values/4-610-170-1>		<http://ids.clld.org/parameters/4-610>		<http://ids.clld.org/values/4-610-242-1>		"kabukãng"@mot	
"calcagno"@it	<http://ids.clld.org/values/4-372-170-1>		<http://ids.clld.org/parameters/4-372>		<http://ids.clld.org/values/4-372-242-1>		"kihtū būgda"@mot	
"camminare"@it	<http://ids.clld.org/values/10-450-170-1>		<http://ids.clld.org/parameters/10-450>		<http://ids.clld.org/values/10-450-242-1>		"nyũ"@mot	
"sorella del padre"@it	<http://ids.clld.org/values/2-522-170-1>		<http://ids.clld.org/parameters/2-522>		<http://ids.clld.org/values/2-522-242-1>		"ataida si"@mot	
"mano"@it	<http://ids.clld.org/values/4-330-170-1>		<http://ids.clld.org/parameters/4-330>		<http://ids.clld.org/values/4-330-242-1>		"aḳduu"@mot	
"sbucciare"@it	<http://ids.clld.org/values/5-460-170-1>		<http://ids.clld.org/parameters/5-460>		<http://ids.clld.org/values/5-460-242-1>		"šū"@mot	
"frutta"@it	<http://ids.clld.org/values/5-710-170-1>		<http://ids.clld.org/parameters/5-710>		<http://ids.clld.org/values/5-710-242-1>		"kaaraba"@mot	
"corteccia"@it	<http://ids.clld.org/values/8-750-170-1>		<http://ids.clld.org/parameters/8-750>		<http://ids.clld.org/values/8-750-242-1>		"aɨgšuu"@mot	
"porta cancello"@it	<http://ids.clld.org/values/7-220-170-1>		<http://ids.clld.org/parameters/7-220>		<http://ids.clld.org/values/7-220-242-1>		"unkušū"@mot	
"giallo"@it	<http://ids.clld.org/values/15-690-170-1>		<http://ids.clld.org/parameters/15-690>		<http://ids.clld.org/values/15-690-242-1>		"karikã ašungdu"@mot	
"focolare"@it	<http://ids.clld.org/values/7-310-170-1>		<http://ids.clld.org/parameters/7-310>		<http://ids.clld.org/values/7-310-242-1>		"ibungĩ"@mot	
"cuocere"@it	<http://ids.clld.org/values/5-210-170-1>		<http://ids.clld.org/parameters/5-210>		<http://ids.clld.org/values/5-210-242-1>		"binasa"@mot	
"defecare"@it	<http://ids.clld.org/values/4-660-170-1>		<http://ids.clld.org/parameters/4-660>		<http://ids.clld.org/values/4-660-242-1>		"ahtū"@mot	
"nozze"@it	<http://ids.clld.org/values/2-340-170-1>		<http://ids.clld.org/parameters/2-340>		<http://ids.clld.org/values/2-340-242-1>		"kayākba"@mot	
"gufo"@it	<http://ids.clld.org/values/3-596-170-1>		<http://ids.clld.org/parameters/3-596>		<http://ids.clld.org/values/3-596-242-1>		"bigtuu"@mot	
"centopiedi"@it	<http://ids.clld.org/values/3-814-170-1>		<http://ids.clld.org/parameters/3-814>		<http://ids.clld.org/values/3-814-242-1>		"iširabana"@mot	
"anno"@it	<http://ids.clld.org/values/14-730-170-1>		<http://ids.clld.org/parameters/14-730>		<http://ids.clld.org/values/14-730-242-1>		"asoḳbari"@mot	
"sinistra"@it	<http://ids.clld.org/values/12-420-170-1>		<http://ids.clld.org/parameters/12-420>		<http://ids.clld.org/values/12-420-242-1>		"miikã"@mot	
"esatto"@it	<http://ids.clld.org/values/16-730-170-3>		<http://ids.clld.org/parameters/16-730>		<http://ids.clld.org/values/16-730-242-1>		"ããkai"@mot	
"recinto"@it	<http://ids.clld.org/values/8-160-170-1>		<http://ids.clld.org/parameters/8-160>		<http://ids.clld.org/values/8-160-242-1>		"watišišeše"@mot	
"volare"@it	<http://ids.clld.org/values/10-370-170-1>		<http://ids.clld.org/parameters/10-370>		<http://ids.clld.org/values/10-370-242-1>		"boohboo oḳadyĩ"@mot	
"pavimento"@it	<http://ids.clld.org/values/7-260-170-1>		<http://ids.clld.org/parameters/7-260>		<http://ids.clld.org/values/7-260-242-1>		"ihtā"@mot	
"grosso"@it	<http://ids.clld.org/values/12-630-170-1>		<http://ids.clld.org/parameters/12-630>		<http://ids.clld.org/values/12-630-242-1>		"aabi"@mot	
"parentela"@it	<http://ids.clld.org/values/2-810-170-3>		<http://ids.clld.org/parameters/2-810>		<http://ids.clld.org/values/2-810-242-1>		"sadooyī"@mot	
"umido"@it	<http://ids.clld.org/values/15-830-170-1>		<http://ids.clld.org/parameters/15-830>		<http://ids.clld.org/values/15-830-242-1>		"atɨšini"@mot	
"tagliare"@it	<http://ids.clld.org/values/9-220-170-1>		<http://ids.clld.org/parameters/9-220>		<http://ids.clld.org/values/9-220-242-1>		"aɨgdaḳan"@mot	
"venire"@it	<http://ids.clld.org/values/10-480-170-1>		<http://ids.clld.org/parameters/10-480>		<http://ids.clld.org/values/10-480-242-1>		"abãi"@mot	
"braccio"@it	<http://ids.clld.org/values/4-310-170-1>		<http://ids.clld.org/parameters/4-310>		<http://ids.clld.org/values/4-310-242-1>		"bisãã"@mot	
"rabbrividire"@it	<http://ids.clld.org/values/4-680-170-1>		<http://ids.clld.org/parameters/4-680>		<http://ids.clld.org/values/4-680-242-1>		"dikdeira"@mot	
"pollo"@it	<http://ids.clld.org/values/3-550-170-1>		<http://ids.clld.org/parameters/3-550>		<http://ids.clld.org/values/3-550-242-1>		"kari"@mot	
"suocero"@it	<http://ids.clld.org/values/2-610-170-1>		<http://ids.clld.org/parameters/2-610>		<http://ids.clld.org/values/2-610-242-1>		"ahgyība"@mot	
"alto"@it	<http://ids.clld.org/values/12-580-170-1>		<http://ids.clld.org/parameters/12-580>		<http://ids.clld.org/values/12-580-242-1>		"aḳbakɨ"@mot	
"costola"@it	<http://ids.clld.org/values/4-162-170-1>		<http://ids.clld.org/parameters/4-162>		<http://ids.clld.org/values/4-162-242-1>		"ačičinda"@mot	
"cicatrice"@it	<http://ids.clld.org/values/4-858-170-1>		<http://ids.clld.org/parameters/4-858>		<http://ids.clld.org/values/4-858-242-1>		"kahkā"@mot	
"ombelico"@it	<http://ids.clld.org/values/4-430-170-1>		<http://ids.clld.org/parameters/4-430>		<http://ids.clld.org/values/4-430-242-1>		"baačiidu"@mot	
"dentro"@it	<http://ids.clld.org/values/12-50-170-1>		<http://ids.clld.org/parameters/12-50>		<http://ids.clld.org/values/12-50-242-1>		"-ro"@mot	
"gamba"@it	<http://ids.clld.org/values/4-350-170-1>		<http://ids.clld.org/parameters/4-350>		<http://ids.clld.org/values/4-350-242-1>		"kain"@mot	
"fame"@it	<http://ids.clld.org/values/5-140-170-1>		<http://ids.clld.org/parameters/5-140>		<http://ids.clld.org/values/5-140-242-1>		"sairē"@mot	
"pipistrello"@it	<http://ids.clld.org/values/3-591-170-1>		<http://ids.clld.org/parameters/3-591>		<http://ids.clld.org/values/3-591-242-1>		"dohdōngba"@mot	
"genero"@it	<http://ids.clld.org/values/2-630-170-1>		<http://ids.clld.org/parameters/2-630>		<http://ids.clld.org/values/2-630-242-1>		"inaikāsa"@mot	
"mondo"@it	<http://ids.clld.org/values/1-100-170-1>		<http://ids.clld.org/parameters/1-100>		<http://ids.clld.org/values/1-100-242-1>		"ihtãã"@mot	
"vestirsi"@it	<http://ids.clld.org/values/6-110-170-1>		<http://ids.clld.org/parameters/6-110>		<http://ids.clld.org/values/6-110-242-1>		"kāasa"@mot	
"sabbia"@it	<http://ids.clld.org/values/1-215-170-1>		<http://ids.clld.org/parameters/1-215>		<http://ids.clld.org/values/1-215-242-1>		"ũũngda"@mot	
"pensare"@it	<http://ids.clld.org/values/17-130-170-1>		<http://ids.clld.org/parameters/17-130>		<http://ids.clld.org/values/17-130-242-1>		"yaamitdoḳaani"@mot	
"tessere"@it	<http://ids.clld.org/values/6-330-170-1>		<http://ids.clld.org/parameters/6-330>		<http://ids.clld.org/values/6-330-242-1>		"bakāni"@mot	
"figliastro"@it	<http://ids.clld.org/values/2-730-170-1>		<http://ids.clld.org/parameters/2-730>		<http://ids.clld.org/values/2-730-242-1>		"kobokā"@mot	
"quando?"@it	<http://ids.clld.org/values/17-650-170-1>		<http://ids.clld.org/parameters/17-650>		<http://ids.clld.org/values/17-650-242-1>		"aaibi"@mot	
"pantano"@it	<http://ids.clld.org/values/1-380-170-3>		<http://ids.clld.org/parameters/1-380>		<http://ids.clld.org/values/1-380-242-1>		"barona"@mot	
"suocera"@it	<http://ids.clld.org/values/2-621-170-1>		<http://ids.clld.org/parameters/2-621>		<http://ids.clld.org/values/2-621-242-1>		"ašība"@mot	
"natiche"@it	<http://ids.clld.org/values/4-464-170-1>		<http://ids.clld.org/parameters/4-464>		<http://ids.clld.org/values/4-464-242-1>		"ahtūu"@mot	
