"donna"@it	<http://ids.clld.org/values/2-220-170-3>		<http://ids.clld.org/parameters/2-220>		<http://ids.clld.org/values/2-220-280-1>		"'yoṣ̌a"@pcp	
"giorno"@it	<http://ids.clld.org/values/14-410-170-1>		<http://ids.clld.org/parameters/14-410>		<http://ids.clld.org/values/14-410-280-1>		"'waři"@pcp	
"lei"@it	<http://ids.clld.org/values/2-930-170-7>		<http://ids.clld.org/parameters/2-930>		<http://ids.clld.org/values/2-930-280-1>		"'haa"@pcp	
"buco"@it	<http://ids.clld.org/values/12-850-170-1>		<http://ids.clld.org/parameters/12-850>		<http://ids.clld.org/values/12-850-280-1>		"'kini"@pcp	
"pesante"@it	<http://ids.clld.org/values/15-810-170-1>		<http://ids.clld.org/parameters/15-810>		<http://ids.clld.org/values/15-810-280-1>		"'iwɨ"@pcp	
"bimbo"@it	<http://ids.clld.org/values/2-280-170-1>		<http://ids.clld.org/parameters/2-280>		<http://ids.clld.org/values/2-280-280-1>		"'wakɨ 'pistia"@pcp	
"uccello"@it	<http://ids.clld.org/values/3-581-170-1>		<http://ids.clld.org/parameters/3-581>		<http://ids.clld.org/values/3-581-280-1>		"'isko"@pcp	
"zanzara"@it	<http://ids.clld.org/values/3-832-170-1>		<http://ids.clld.org/parameters/3-832>		<http://ids.clld.org/values/3-832-280-1>		"'wii"@pcp	
"torrente"@it	<http://ids.clld.org/values/1-360-170-3>		<http://ids.clld.org/parameters/1-360>		<http://ids.clld.org/values/1-360-280-1>		"'ʔani"@pcp	
"torrente"@it	<http://ids.clld.org/values/1-360-170-3>		<http://ids.clld.org/parameters/1-360>		<http://ids.clld.org/values/1-360-280-3>		"'pao"@pcp	
"lontano"@it	<http://ids.clld.org/values/12-440-170-1>		<http://ids.clld.org/parameters/12-440>		<http://ids.clld.org/values/12-440-280-1>		"nɨ'ama"@pcp	
"lui"@it	<http://ids.clld.org/values/2-930-170-3>		<http://ids.clld.org/parameters/2-930>		<http://ids.clld.org/values/2-930-280-1>		"'haa"@pcp	
"scure"@it	<http://ids.clld.org/values/9-250-170-1>		<http://ids.clld.org/parameters/9-250>		<http://ids.clld.org/values/9-250-280-1>		"[hača]"@pcp	
"cuore"@it	<http://ids.clld.org/values/4-440-170-1>		<http://ids.clld.org/parameters/4-440>		<http://ids.clld.org/values/4-440-280-1>		"howi'ti"@pcp	
"dolce"@it	<http://ids.clld.org/values/15-350-170-1>		<http://ids.clld.org/parameters/15-350>		<http://ids.clld.org/values/15-350-280-1>		"tɨ'ɨ"@pcp	
"lavare"@it	<http://ids.clld.org/values/9-360-170-1>		<http://ids.clld.org/parameters/9-360>		<http://ids.clld.org/values/9-360-280-1>		"'aši"@pcp	
"padre"@it	<http://ids.clld.org/values/2-350-170-1>		<http://ids.clld.org/parameters/2-350>		<http://ids.clld.org/values/2-350-280-1>		"'ɨpa"@pcp	
"padre"@it	<http://ids.clld.org/values/2-350-170-1>		<http://ids.clld.org/parameters/2-350>		<http://ids.clld.org/values/2-350-280-3>		"'ʔɨpa"@pcp	
"granturco"@it	<http://ids.clld.org/values/8-470-170-1>		<http://ids.clld.org/parameters/8-470>		<http://ids.clld.org/values/8-470-280-1>		"'ṣ̌ɨki"@pcp	
"pelle"@it	<http://ids.clld.org/values/4-120-170-1>		<http://ids.clld.org/parameters/4-120>		<http://ids.clld.org/values/4-120-280-1>		"'wiči"@pcp	
"bocca"@it	<http://ids.clld.org/values/4-240-170-1>		<http://ids.clld.org/parameters/4-240>		<http://ids.clld.org/values/4-240-280-1>		"kɨ'wɨči"@pcp	
"sangue"@it	<http://ids.clld.org/values/4-150-170-1>		<http://ids.clld.org/parameters/4-150>		<http://ids.clld.org/values/4-150-280-1>		"'himi"@pcp	
"radice"@it	<http://ids.clld.org/values/8-540-170-1>		<http://ids.clld.org/parameters/8-540>		<http://ids.clld.org/values/8-540-280-1>		"ta'pono"@pcp	
"capo"@it	<http://ids.clld.org/values/4-200-170-1>		<http://ids.clld.org/parameters/4-200>		<http://ids.clld.org/values/4-200-280-1>		"'mapo"@pcp	
"vedere"@it	<http://ids.clld.org/values/15-510-170-1>		<http://ids.clld.org/parameters/15-510>		<http://ids.clld.org/values/15-510-280-1>		"his'pa"@pcp	
"vedere"@it	<http://ids.clld.org/values/15-510-170-1>		<http://ids.clld.org/parameters/15-510>		<http://ids.clld.org/values/15-510-280-3>		"'hisna"@pcp	
"testa"@it	<http://ids.clld.org/values/4-200-170-3>		<http://ids.clld.org/parameters/4-200>		<http://ids.clld.org/values/4-200-280-1>		"'mapo"@pcp	
"capello"@it	<http://ids.clld.org/values/4-140-170-1>		<http://ids.clld.org/parameters/4-140>		<http://ids.clld.org/values/4-140-280-1>		"'woo"@pcp	
"polmone"@it	<http://ids.clld.org/values/4-441-170-1>		<http://ids.clld.org/parameters/4-441>		<http://ids.clld.org/values/4-441-280-1>		"'taṣ̌a"@pcp	
"lingua"@it	<http://ids.clld.org/values/4-260-170-1>		<http://ids.clld.org/parameters/4-260>		<http://ids.clld.org/values/4-260-280-1>		"'hana"@pcp	
"cassava"@it	<http://ids.clld.org/values/8-920-170-5>		<http://ids.clld.org/parameters/8-920>		<http://ids.clld.org/values/8-920-280-1>		"'ac̷a"@pcp	
"spaccare"@it	<http://ids.clld.org/values/9-270-170-1>		<http://ids.clld.org/parameters/9-270>		<http://ids.clld.org/values/9-270-280-1>		"ma'tošmaki"@pcp	
"cenere"@it	<http://ids.clld.org/values/1-840-170-1>		<http://ids.clld.org/parameters/1-840>		<http://ids.clld.org/values/1-840-280-1>		"'mišpo"@pcp	
"albero"@it	<http://ids.clld.org/values/1-420-170-1>		<http://ids.clld.org/parameters/1-420>		<http://ids.clld.org/values/1-420-280-1>		"'hiwi"@pcp	
"farina"@it	<http://ids.clld.org/values/5-550-170-1>		<http://ids.clld.org/parameters/5-550>		<http://ids.clld.org/values/5-550-280-1>		"'moto"@pcp	
"tapioca"@it	<http://ids.clld.org/values/8-920-170-1>		<http://ids.clld.org/parameters/8-920>		<http://ids.clld.org/values/8-920-280-1>		"'ac̷a"@pcp	
"dente"@it	<http://ids.clld.org/values/4-270-170-1>		<http://ids.clld.org/parameters/4-270>		<http://ids.clld.org/values/4-270-280-1>		"'ṣ̌ɨna"@pcp	
"fumo"@it	<http://ids.clld.org/values/1-830-170-1>		<http://ids.clld.org/parameters/1-830>		<http://ids.clld.org/values/1-830-280-1>		"ko'ʔina"@pcp	
"corda"@it	<http://ids.clld.org/values/9-190-170-1>		<http://ids.clld.org/parameters/9-190>		<http://ids.clld.org/values/9-190-280-1>		"'taška"@pcp	
"piccolo"@it	<http://ids.clld.org/values/12-560-170-1>		<http://ids.clld.org/parameters/12-560>		<http://ids.clld.org/values/12-560-280-1>		"'mišni"@pcp	
"moglie"@it	<http://ids.clld.org/values/2-320-170-1>		<http://ids.clld.org/parameters/2-320>		<http://ids.clld.org/values/2-320-280-1>		"ʔa'wini"@pcp	
"marito"@it	<http://ids.clld.org/values/2-310-170-1>		<http://ids.clld.org/parameters/2-310>		<http://ids.clld.org/values/2-310-280-1>		"'wɨnɨ"@pcp	
"nuvola"@it	<http://ids.clld.org/values/1-730-170-1>		<http://ids.clld.org/parameters/1-730>		<http://ids.clld.org/values/1-730-280-1>		"'c̷ɨmo"@pcp	
"casa"@it	<http://ids.clld.org/values/7-120-170-1>		<http://ids.clld.org/parameters/7-120>		<http://ids.clld.org/values/7-120-280-1>		"'ṣ̌owo"@pcp	
"manioca"@it	<http://ids.clld.org/values/8-920-170-3>		<http://ids.clld.org/parameters/8-920>		<http://ids.clld.org/values/8-920-280-1>		"'ac̷a"@pcp	
"uovo"@it	<http://ids.clld.org/values/5-970-170-1>		<http://ids.clld.org/parameters/5-970>		<http://ids.clld.org/values/5-970-280-1>		"'wači"@pcp	
"barba"@it	<http://ids.clld.org/values/4-142-170-1>		<http://ids.clld.org/parameters/4-142>		<http://ids.clld.org/values/4-142-280-1>		"'kɨni"@pcp	
"pesce"@it	<http://ids.clld.org/values/3-650-170-1>		<http://ids.clld.org/parameters/3-650>		<http://ids.clld.org/values/3-650-280-3>		"'woɨ"@pcp	
"pesce"@it	<http://ids.clld.org/values/3-650-170-1>		<http://ids.clld.org/parameters/3-650>		<http://ids.clld.org/values/3-650-280-1>		"sa'nino"@pcp	
"essa"@it	<http://ids.clld.org/values/2-930-170-11>		<http://ids.clld.org/parameters/2-930>		<http://ids.clld.org/values/2-930-280-1>		"'haa"@pcp	
"fare"@it	<http://ids.clld.org/values/9-110-170-1>		<http://ids.clld.org/parameters/9-110>		<http://ids.clld.org/values/9-110-280-1>		"i'wɨ"@pcp	
"ella"@it	<http://ids.clld.org/values/2-930-170-5>		<http://ids.clld.org/parameters/2-930>		<http://ids.clld.org/values/2-930-280-1>		"'haa"@pcp	
"canoa"@it	<http://ids.clld.org/values/10-831-170-1>		<http://ids.clld.org/parameters/10-831>		<http://ids.clld.org/values/10-831-280-1>		"'noti"@pcp	
"uomo"@it	<http://ids.clld.org/values/2-210-170-1>		<http://ids.clld.org/parameters/2-210>		<http://ids.clld.org/values/2-210-280-1>		"'honi"@pcp	
"esso"@it	<http://ids.clld.org/values/2-930-170-9>		<http://ids.clld.org/parameters/2-930>		<http://ids.clld.org/values/2-930-280-1>		"'haa"@pcp	
"palma"@it	<http://ids.clld.org/values/8-810-170-1>		<http://ids.clld.org/parameters/8-810>		<http://ids.clld.org/values/8-810-280-1>		"'koti"@pcp	
"tartaruga"@it	<http://ids.clld.org/values/3-980-170-1>		<http://ids.clld.org/parameters/3-980>		<http://ids.clld.org/values/3-980-280-1>		"'ṣ̌awɨ"@pcp	
"legna"@it	<http://ids.clld.org/values/1-880-170-1>		<http://ids.clld.org/parameters/1-880>		<http://ids.clld.org/values/1-880-280-1>		"'kařo"@pcp	
"terra"@it	<http://ids.clld.org/values/1-210-170-1>		<http://ids.clld.org/parameters/1-210>		<http://ids.clld.org/values/1-210-280-1>		"'mai"@pcp	
"fuoco"@it	<http://ids.clld.org/values/1-810-170-1>		<http://ids.clld.org/parameters/1-810>		<http://ids.clld.org/values/1-810-280-1>		"'čiʔi"@pcp	
"avvoltoio"@it	<http://ids.clld.org/values/3-586-170-1>		<http://ids.clld.org/parameters/3-586>		<http://ids.clld.org/values/3-586-280-1>		"po'iko"@pcp	
"rosso"@it	<http://ids.clld.org/values/15-660-170-1>		<http://ids.clld.org/parameters/15-660>		<http://ids.clld.org/values/15-660-280-1>		"'šini"@pcp	
"femmina"@it	<http://ids.clld.org/values/2-220-170-1>		<http://ids.clld.org/parameters/2-220>		<http://ids.clld.org/values/2-220-280-1>		"'yoṣ̌a"@pcp	
"pioggia"@it	<http://ids.clld.org/values/1-750-170-1>		<http://ids.clld.org/parameters/1-750>		<http://ids.clld.org/values/1-750-280-3>		"ʔo'i"@pcp	
"pioggia"@it	<http://ids.clld.org/values/1-750-170-1>		<http://ids.clld.org/parameters/1-750>		<http://ids.clld.org/values/1-750-280-1>		"o'i"@pcp	
"ascia"@it	<http://ids.clld.org/values/9-250-170-3>		<http://ids.clld.org/parameters/9-250>		<http://ids.clld.org/values/9-250-280-1>		"[hača]"@pcp	
"io"@it	<http://ids.clld.org/values/2-910-170-1>		<http://ids.clld.org/parameters/2-910>		<http://ids.clld.org/values/2-910-280-1>		"'ɨa"@pcp	
"fegato"@it	<http://ids.clld.org/values/4-450-170-1>		<http://ids.clld.org/parameters/4-450>		<http://ids.clld.org/values/4-450-280-1>		"'taka"@pcp	
"luna"@it	<http://ids.clld.org/values/1-530-170-1>		<http://ids.clld.org/parameters/1-530>		<http://ids.clld.org/values/1-530-280-1>		"'ʔoṣ̌ɨ"@pcp	
"cervo"@it	<http://ids.clld.org/values/3-750-170-1>		<http://ids.clld.org/parameters/3-750>		<http://ids.clld.org/values/3-750-280-1>		"'čaṣ̌o"@pcp	
"acqua"@it	<http://ids.clld.org/values/1-310-170-1>		<http://ids.clld.org/parameters/1-310>		<http://ids.clld.org/values/1-310-280-1>		"'hɨnɨ"@pcp	
"fiore"@it	<http://ids.clld.org/values/8-570-170-1>		<http://ids.clld.org/parameters/8-570>		<http://ids.clld.org/values/8-570-280-3>		"řeṣ̌'pana"@pcp	
"fiore"@it	<http://ids.clld.org/values/8-570-170-1>		<http://ids.clld.org/parameters/8-570>		<http://ids.clld.org/values/8-570-280-1>		"'hoa"@pcp	
"naso"@it	<http://ids.clld.org/values/4-230-170-1>		<http://ids.clld.org/parameters/4-230>		<http://ids.clld.org/values/4-230-280-1>		"řɨ'kina"@pcp	
"egli"@it	<http://ids.clld.org/values/2-930-170-1>		<http://ids.clld.org/parameters/2-930>		<http://ids.clld.org/values/2-930-280-1>		"'haa"@pcp	
"madre"@it	<http://ids.clld.org/values/2-360-170-1>		<http://ids.clld.org/parameters/2-360>		<http://ids.clld.org/values/2-360-280-1>		"'kai"@pcp	
"civetta"@it	<http://ids.clld.org/values/3-596-170-3>		<http://ids.clld.org/parameters/3-596>		<http://ids.clld.org/values/3-596-280-1>		"'popo"@pcp	
"orecchio"@it	<http://ids.clld.org/values/4-220-170-1>		<http://ids.clld.org/parameters/4-220>		<http://ids.clld.org/values/4-220-280-1>		"'paʔoki"@pcp	
"pulce di mare"@it	<http://ids.clld.org/values/3-831-170-1>		<http://ids.clld.org/parameters/3-831>		<http://ids.clld.org/values/3-831-280-1>		"'šio"@pcp	
"pulce di mare"@it	<http://ids.clld.org/values/3-831-170-1>		<http://ids.clld.org/parameters/3-831>		<http://ids.clld.org/values/3-831-280-3>		"'čio"@pcp	
"cute"@it	<http://ids.clld.org/values/4-120-170-3>		<http://ids.clld.org/parameters/4-120>		<http://ids.clld.org/values/4-120-280-1>		"'wiči"@pcp	
"due"@it	<http://ids.clld.org/values/13-20-170-1>		<http://ids.clld.org/parameters/13-20>		<http://ids.clld.org/values/13-20-280-1>		"ra'wɨ"@pcp	
"grano"@it	<http://ids.clld.org/values/6-760-170-3>		<http://ids.clld.org/parameters/6-760>		<http://ids.clld.org/values/6-760-280-1>		"'kisi"@pcp	
"pappagallo"@it	<http://ids.clld.org/values/3-592-170-1>		<http://ids.clld.org/parameters/3-592>		<http://ids.clld.org/values/3-592-280-1>		"'wawa"@pcp	
"stella"@it	<http://ids.clld.org/values/1-540-170-1>		<http://ids.clld.org/parameters/1-540>		<http://ids.clld.org/values/1-540-280-1>		"'wištima"@pcp	
"campo"@it	<http://ids.clld.org/values/8-120-170-1>		<http://ids.clld.org/parameters/8-120>		<http://ids.clld.org/values/8-120-280-1>		"'wai"@pcp	
"albero"@it	<http://ids.clld.org/values/8-600-170-1>		<http://ids.clld.org/parameters/8-600>		<http://ids.clld.org/values/8-600-280-1>		"'hiwi"@pcp	
"foglia"@it	<http://ids.clld.org/values/8-560-170-1>		<http://ids.clld.org/parameters/8-560>		<http://ids.clld.org/values/8-560-280-1>		"'pɨʔi"@pcp	
"fiume"@it	<http://ids.clld.org/values/1-360-170-1>		<http://ids.clld.org/parameters/1-360>		<http://ids.clld.org/values/1-360-280-1>		"'ʔani"@pcp	
"fiume"@it	<http://ids.clld.org/values/1-360-170-1>		<http://ids.clld.org/parameters/1-360>		<http://ids.clld.org/values/1-360-280-3>		"'pao"@pcp	
"cotone"@it	<http://ids.clld.org/values/6-240-170-1>		<http://ids.clld.org/parameters/6-240>		<http://ids.clld.org/values/6-240-280-1>		"waṣ̌'mɨna"@pcp	
"osso"@it	<http://ids.clld.org/values/4-160-170-1>		<http://ids.clld.org/parameters/4-160>		<http://ids.clld.org/values/4-160-280-1>		"'ṣ̌ao"@pcp	
"guancia"@it	<http://ids.clld.org/values/4-208-170-1>		<http://ids.clld.org/parameters/4-208>		<http://ids.clld.org/values/4-208-280-1>		"'tamo"@pcp	
"rete"@it	<http://ids.clld.org/values/9-780-170-1>		<http://ids.clld.org/parameters/9-780>		<http://ids.clld.org/values/9-780-280-1>		"'sota"@pcp	
"mostrare"@it	<http://ids.clld.org/values/15-550-170-1>		<http://ids.clld.org/parameters/15-550>		<http://ids.clld.org/values/15-550-280-1>		"hi-'maki"@pcp	
"acuto"@it	<http://ids.clld.org/values/15-780-170-1>		<http://ids.clld.org/parameters/15-780>		<http://ids.clld.org/values/15-780-280-1>		"'ɨika"@pcp	
"perlina"@it	<http://ids.clld.org/values/6-760-170-1>		<http://ids.clld.org/parameters/6-760>		<http://ids.clld.org/values/6-760-280-1>		"'kisi"@pcp	
"tuono"@it	<http://ids.clld.org/values/1-560-170-1>		<http://ids.clld.org/parameters/1-560>		<http://ids.clld.org/values/1-560-280-1>		"'naina"@pcp	
"ruscello"@it	<http://ids.clld.org/values/1-360-170-5>		<http://ids.clld.org/parameters/1-360>		<http://ids.clld.org/values/1-360-280-1>		"'ʔani"@pcp	
"ruscello"@it	<http://ids.clld.org/values/1-360-170-5>		<http://ids.clld.org/parameters/1-360>		<http://ids.clld.org/values/1-360-280-3>		"'pao"@pcp	
"bianco"@it	<http://ids.clld.org/values/15-640-170-1>		<http://ids.clld.org/parameters/15-640>		<http://ids.clld.org/values/15-640-280-1>		"'hoṣ̌o"@pcp	
"sole"@it	<http://ids.clld.org/values/1-520-170-1>		<http://ids.clld.org/parameters/1-520>		<http://ids.clld.org/values/1-520-280-1>		"'waři"@pcp	
"rana"@it	<http://ids.clld.org/values/3-950-170-1>		<http://ids.clld.org/parameters/3-950>		<http://ids.clld.org/values/3-950-280-1>		"wɨṣ̌ko"@pcp	
"piede"@it	<http://ids.clld.org/values/4-370-170-1>		<http://ids.clld.org/parameters/4-370>		<http://ids.clld.org/values/4-370-280-1>		"'taʔɨ"@pcp	
"occhio"@it	<http://ids.clld.org/values/4-210-170-1>		<http://ids.clld.org/parameters/4-210>		<http://ids.clld.org/values/4-210-280-1>		"'wɨřo"@pcp	
"vespa"@it	<http://ids.clld.org/values/3-823-170-1>		<http://ids.clld.org/parameters/3-823>		<http://ids.clld.org/values/3-823-280-1>		"'wina"@pcp	
"cielo"@it	<http://ids.clld.org/values/1-510-170-1>		<http://ids.clld.org/parameters/1-510>		<http://ids.clld.org/values/1-510-280-1>		"na'ipa"@pcp	
"mano"@it	<http://ids.clld.org/values/4-330-170-1>		<http://ids.clld.org/parameters/4-330>		<http://ids.clld.org/values/4-330-280-1>		"mɨ'kɨna"@pcp	
"frutta"@it	<http://ids.clld.org/values/5-710-170-1>		<http://ids.clld.org/parameters/5-710>		<http://ids.clld.org/values/5-710-280-1>		"'kɨo"@pcp	
"nido"@it	<http://ids.clld.org/values/3-580-170-1>		<http://ids.clld.org/parameters/3-580>		<http://ids.clld.org/values/3-580-280-1>		"'naʔa"@pcp	
"gufo"@it	<http://ids.clld.org/values/3-596-170-1>		<http://ids.clld.org/parameters/3-596>		<http://ids.clld.org/values/3-596-280-1>		"'popo"@pcp	
"tagliare"@it	<http://ids.clld.org/values/9-220-170-1>		<http://ids.clld.org/parameters/9-220>		<http://ids.clld.org/values/9-220-280-1>		"'kɨɨsakia"@pcp	
"braccio"@it	<http://ids.clld.org/values/4-310-170-1>		<http://ids.clld.org/parameters/4-310>		<http://ids.clld.org/values/4-310-280-1>		"po'yana"@pcp	
"insetto"@it	<http://ids.clld.org/values/3-810-170-1>		<http://ids.clld.org/parameters/3-810>		<http://ids.clld.org/values/3-810-280-1>		"wɨ'oso"@pcp	
"pollo"@it	<http://ids.clld.org/values/3-550-170-1>		<http://ids.clld.org/parameters/3-550>		<http://ids.clld.org/values/3-550-280-1>		"pati'aři"@pcp	
"gamba"@it	<http://ids.clld.org/values/4-350-170-1>		<http://ids.clld.org/parameters/4-350>		<http://ids.clld.org/values/4-350-280-1>		"'wiko"@pcp	
"fame"@it	<http://ids.clld.org/values/5-140-170-1>		<http://ids.clld.org/parameters/5-140>		<http://ids.clld.org/values/5-140-280-1>		"paṣ̌na'hai"@pcp	
