"poco"@it	<http://ids.clld.org/values/13-170-170-1>		<http://ids.clld.org/parameters/13-170>		<http://ids.clld.org/values/13-170-293-1>		"kʰɨɨpe-"@ram	
"freccia"@it	<http://ids.clld.org/values/20-250-170-1>		<http://ids.clld.org/parameters/20-250>		<http://ids.clld.org/values/20-250-293-1>		"kruw"@ram	
"lei"@it	<http://ids.clld.org/values/2-930-170-7>		<http://ids.clld.org/parameters/2-930>		<http://ids.clld.org/values/2-930-293-1>		"tamə̃"@ram	
"buco"@it	<http://ids.clld.org/values/12-850-170-1>		<http://ids.clld.org/parameters/12-850>		<http://ids.clld.org/values/12-850-293-1>		"kʰrɛ"@ram	
"pesante"@it	<http://ids.clld.org/values/15-810-170-1>		<http://ids.clld.org/parameters/15-810>		<http://ids.clld.org/values/15-810-293-1>		"hũũ-tĩ"@ram	
"sorgente"@it	<http://ids.clld.org/values/1-370-170-1>		<http://ids.clld.org/parameters/1-370>		<http://ids.clld.org/values/1-370-293-1>		"kʰwa"@ram	
"mattina"@it	<http://ids.clld.org/values/14-440-170-1>		<http://ids.clld.org/parameters/14-440>		<http://ids.clld.org/values/14-440-293-1>		"apɛ̃"@ram	
"lungo"@it	<http://ids.clld.org/values/12-570-170-1>		<http://ids.clld.org/parameters/12-570>		<http://ids.clld.org/values/12-570-293-1>		"i-rɨɨ"@ram	
"bosco"@it	<http://ids.clld.org/values/1-410-170-1>		<http://ids.clld.org/parameters/1-410>		<http://ids.clld.org/values/1-410-293-1>		"lam-"@ram	
"uccello"@it	<http://ids.clld.org/values/3-581-170-1>		<http://ids.clld.org/parameters/3-581>		<http://ids.clld.org/values/3-581-293-1>		"kɛ̃"@ram	
"grasso"@it	<http://ids.clld.org/values/5-791-170-1>		<http://ids.clld.org/parameters/5-791>		<http://ids.clld.org/values/5-791-293-1>		"iʔ-twɨm"@ram	
"ginocchio"@it	<http://ids.clld.org/values/4-360-170-1>		<http://ids.clld.org/parameters/4-360>		<http://ids.clld.org/values/4-360-293-1>		"ii-kʰõn"@ram	
"lui"@it	<http://ids.clld.org/values/2-930-170-3>		<http://ids.clld.org/parameters/2-930>		<http://ids.clld.org/values/2-930-293-1>		"tamə̃"@ram	
"morto"@it	<http://ids.clld.org/values/4-750-170-3>		<http://ids.clld.org/parameters/4-750>		<http://ids.clld.org/values/4-750-293-1>		"tɨɨ- (tɨ ?)"@ram	
"colpire"@it	<http://ids.clld.org/values/9-210-170-1>		<http://ids.clld.org/parameters/9-210>		<http://ids.clld.org/values/9-210-293-1>		"kʰrɔ̃k"@ram	
"raccogliere"@it	<http://ids.clld.org/values/12-212-170-1>		<http://ids.clld.org/parameters/12-212>		<http://ids.clld.org/values/12-212-293-1>		"pɨ"@ram	
"in"@it	<http://ids.clld.org/values/12-50-170-3>		<http://ids.clld.org/parameters/12-50>		<http://ids.clld.org/values/12-50-293-1>		"kʰam"@ram	
"bambino"@it	<http://ids.clld.org/values/2-270-170-1>		<http://ids.clld.org/parameters/2-270>		<http://ids.clld.org/values/2-270-293-1>		"aʔ-kʰra-rɛ"@ram	
"grande"@it	<http://ids.clld.org/values/12-550-170-1>		<http://ids.clld.org/parameters/12-550>		<http://ids.clld.org/values/12-550-293-1>		"ti-"@ram	
"dolce"@it	<http://ids.clld.org/values/15-350-170-1>		<http://ids.clld.org/parameters/15-350>		<http://ids.clld.org/values/15-350-293-1>		"c̷o-"@ram	
"caldo"@it	<http://ids.clld.org/values/15-850-170-1>		<http://ids.clld.org/parameters/15-850>		<http://ids.clld.org/values/15-850-293-1>		"kakrɔ"@ram	
"porco"@it	<http://ids.clld.org/values/3-350-170-3>		<http://ids.clld.org/parameters/3-350>		<http://ids.clld.org/values/3-350-293-1>		"kʰro"@ram	
"lavare"@it	<http://ids.clld.org/values/9-360-170-1>		<http://ids.clld.org/parameters/9-360>		<http://ids.clld.org/values/9-360-293-1>		"kuʔhõ"@ram	
"lavare"@it	<http://ids.clld.org/values/9-360-170-1>		<http://ids.clld.org/parameters/9-360>		<http://ids.clld.org/values/9-360-293-3>		"kaʔhõ"@ram	
"soffiare"@it	<http://ids.clld.org/values/10-380-170-1>		<http://ids.clld.org/parameters/10-380>		<http://ids.clld.org/values/10-380-293-1>		"hakkoo"@ram	
"stomaco"@it	<http://ids.clld.org/values/4-460-170-1>		<http://ids.clld.org/parameters/4-460>		<http://ids.clld.org/values/4-460-293-1>		"ii-tu"@ram	
"coccodrillo"@it	<http://ids.clld.org/values/3-970-170-1>		<http://ids.clld.org/parameters/3-970>		<http://ids.clld.org/values/3-970-293-1>		"mĩĩ (mɨ̃ ?)"@ram	
"padre"@it	<http://ids.clld.org/values/2-350-170-1>		<http://ids.clld.org/parameters/2-350>		<http://ids.clld.org/values/2-350-293-1>		"-pãm"@ram	
"padre"@it	<http://ids.clld.org/values/2-350-170-1>		<http://ids.clld.org/parameters/2-350>		<http://ids.clld.org/values/2-350-293-3>		"c̷ũ"@ram	
"pelle"@it	<http://ids.clld.org/values/4-120-170-1>		<http://ids.clld.org/parameters/4-120>		<http://ids.clld.org/values/4-120-293-1>		"ii-kʰə (?)"@ram	
"bocca"@it	<http://ids.clld.org/values/4-240-170-1>		<http://ids.clld.org/parameters/4-240>		<http://ids.clld.org/values/4-240-293-1>		"-yarkʰwa"@ram	
"sangue"@it	<http://ids.clld.org/values/4-150-170-1>		<http://ids.clld.org/parameters/4-150>		<http://ids.clld.org/values/4-150-293-1>		"ii-kaproo"@ram	
"radice"@it	<http://ids.clld.org/values/8-540-170-1>		<http://ids.clld.org/parameters/8-540>		<http://ids.clld.org/values/8-540-293-1>		"haare"@ram	
"capo"@it	<http://ids.clld.org/values/4-200-170-1>		<http://ids.clld.org/parameters/4-200>		<http://ids.clld.org/values/4-200-293-1>		"ii-kʰrə̃"@ram	
"largo"@it	<http://ids.clld.org/values/12-610-170-1>		<http://ids.clld.org/parameters/12-610>		<http://ids.clld.org/values/12-610-293-1>		"iʔ-pɔ"@ram	
"rugiada"@it	<http://ids.clld.org/values/1-640-170-1>		<http://ids.clld.org/parameters/1-640>		<http://ids.clld.org/values/1-640-293-1>		"atər-"@ram	
"vedere"@it	<http://ids.clld.org/values/15-510-170-1>		<http://ids.clld.org/parameters/15-510>		<http://ids.clld.org/values/15-510-293-1>		"-hõm-pu"@ram	
"vedere"@it	<http://ids.clld.org/values/15-510-170-1>		<http://ids.clld.org/parameters/15-510>		<http://ids.clld.org/values/15-510-293-3>		"pu-pun"@ram	
"testa"@it	<http://ids.clld.org/values/4-200-170-3>		<http://ids.clld.org/parameters/4-200>		<http://ids.clld.org/values/4-200-293-1>		"ii-kʰrə̃"@ram	
"solo"@it	<http://ids.clld.org/values/13-330-170-1>		<http://ids.clld.org/parameters/13-330>		<http://ids.clld.org/values/13-330-293-3>		"kamã"@ram	
"solo"@it	<http://ids.clld.org/values/13-330-170-1>		<http://ids.clld.org/parameters/13-330>		<http://ids.clld.org/values/13-330-293-1>		"pit"@ram	
"capello"@it	<http://ids.clld.org/values/4-140-170-1>		<http://ids.clld.org/parameters/4-140>		<http://ids.clld.org/values/4-140-293-1>		"ii-kʰĩ"@ram	
"formica"@it	<http://ids.clld.org/values/3-817-170-1>		<http://ids.clld.org/parameters/3-817>		<http://ids.clld.org/values/3-817-293-1>		"ahc̷un- (aʔc̷un- ?)"@ram	
"ala"@it	<http://ids.clld.org/values/4-392-170-1>		<http://ids.clld.org/parameters/4-392>		<http://ids.clld.org/values/4-392-293-1>		"haaraa"@ram	
"cantare"@it	<http://ids.clld.org/values/18-120-170-1>		<http://ids.clld.org/parameters/18-120>		<http://ids.clld.org/values/18-120-293-1>		"-krɛ"@ram	
"lingua"@it	<http://ids.clld.org/values/4-260-170-1>		<http://ids.clld.org/parameters/4-260>		<http://ids.clld.org/values/4-260-293-1>		"-yõʔtɔ"@ram	
"mordere"@it	<http://ids.clld.org/values/4-580-170-1>		<http://ids.clld.org/parameters/4-580>		<http://ids.clld.org/values/4-580-293-1>		"-ku-c̷a"@ram	
"mento"@it	<http://ids.clld.org/values/4-209-170-1>		<http://ids.clld.org/parameters/4-209>		<http://ids.clld.org/values/4-209-293-1>		"hamã"@ram	
"cassava"@it	<http://ids.clld.org/values/8-920-170-5>		<http://ids.clld.org/parameters/8-920>		<http://ids.clld.org/values/8-920-293-1>		"kʰwɨrɨ"@ram	
"mentire"@it	<http://ids.clld.org/values/16-670-170-1>		<http://ids.clld.org/parameters/16-670>		<http://ids.clld.org/values/16-670-293-1>		"nõ"@ram	
"girarsi"@it	<http://ids.clld.org/values/10-130-170-1>		<http://ids.clld.org/parameters/10-130>		<http://ids.clld.org/values/10-130-293-1>		"ayrɔ̃"@ram	
"ardere"@it	<http://ids.clld.org/values/1-852-170-3>		<http://ids.clld.org/parameters/1-852>		<http://ids.clld.org/values/1-852-293-1>		"pok"@ram	
"Lei"@it	<http://ids.clld.org/values/2-920-170-3>		<http://ids.clld.org/parameters/2-920>		<http://ids.clld.org/values/2-920-293-1>		"ka"@ram	
"buono"@it	<http://ids.clld.org/values/16-710-170-1>		<http://ids.clld.org/parameters/16-710>		<http://ids.clld.org/values/16-710-293-1>		"-pɛy"@ram	
"abitare"@it	<http://ids.clld.org/values/7-110-170-1>		<http://ids.clld.org/parameters/7-110>		<http://ids.clld.org/values/7-110-293-1>		"kʰrĩ"@ram	
"cenere"@it	<http://ids.clld.org/values/1-840-170-1>		<http://ids.clld.org/parameters/1-840>		<http://ids.clld.org/values/1-840-293-1>		"prɔ"@ram	
"arco"@it	<http://ids.clld.org/values/20-240-170-1>		<http://ids.clld.org/parameters/20-240>		<http://ids.clld.org/values/20-240-293-1>		"kuuhe"@ram	
"vivere"@it	<http://ids.clld.org/values/4-740-170-1>		<http://ids.clld.org/parameters/4-740>		<http://ids.clld.org/values/4-740-293-1>		"tĩ"@ram	
"collo"@it	<http://ids.clld.org/values/4-280-170-1>		<http://ids.clld.org/parameters/4-280>		<http://ids.clld.org/values/4-280-293-1>		"ii-put"@ram	
"coda"@it	<http://ids.clld.org/values/4-180-170-1>		<http://ids.clld.org/parameters/4-180>		<http://ids.clld.org/values/4-180-293-1>		"ha-ppɨ"@ram	
"freddo"@it	<http://ids.clld.org/values/15-860-170-1>		<http://ids.clld.org/parameters/15-860>		<http://ids.clld.org/values/15-860-293-1>		"kʰrɨ"@ram	
"albero"@it	<http://ids.clld.org/values/1-420-170-1>		<http://ids.clld.org/parameters/1-420>		<http://ids.clld.org/values/1-420-293-1>		"pĩĩ"@ram	
"polvere"@it	<http://ids.clld.org/values/1-213-170-1>		<http://ids.clld.org/parameters/1-213>		<http://ids.clld.org/values/1-213-293-1>		"pye yakro"@ram	
"bruciare"@it	<http://ids.clld.org/values/1-851-170-1>		<http://ids.clld.org/parameters/1-851>		<http://ids.clld.org/values/1-851-293-1>		"ka-c̷ər"@ram	
"cane"@it	<http://ids.clld.org/values/3-610-170-1>		<http://ids.clld.org/parameters/3-610>		<http://ids.clld.org/values/3-610-293-1>		"rɔp"@ram	
"ardere"@it	<http://ids.clld.org/values/1-851-170-3>		<http://ids.clld.org/parameters/1-851>		<http://ids.clld.org/values/1-851-293-1>		"ka-c̷ər"@ram	
"anca"@it	<http://ids.clld.org/values/4-463-170-1>		<http://ids.clld.org/parameters/4-463>		<http://ids.clld.org/values/4-463-293-1>		"hɔ̃"@ram	
"foruncolo"@it	<http://ids.clld.org/values/4-856-170-1>		<http://ids.clld.org/parameters/4-856>		<http://ids.clld.org/values/4-856-293-1>		"kuhe"@ram	
"tapioca"@it	<http://ids.clld.org/values/8-920-170-1>		<http://ids.clld.org/parameters/8-920>		<http://ids.clld.org/values/8-920-293-1>		"kʰwɨrɨ"@ram	
"vivo"@it	<http://ids.clld.org/values/4-740-170-3>		<http://ids.clld.org/parameters/4-740>		<http://ids.clld.org/values/4-740-293-1>		"tĩ"@ram	
"selva"@it	<http://ids.clld.org/values/1-410-170-3>		<http://ids.clld.org/parameters/1-410>		<http://ids.clld.org/values/1-410-293-1>		"lam-"@ram	
"dente"@it	<http://ids.clld.org/values/4-270-170-1>		<http://ids.clld.org/parameters/4-270>		<http://ids.clld.org/values/4-270-293-1>		"ii-c̷wa"@ram	
"udire"@it	<http://ids.clld.org/values/15-410-170-3>		<http://ids.clld.org/parameters/15-410>		<http://ids.clld.org/values/15-410-293-1>		"kʰə̃-pa"@ram	
"nome"@it	<http://ids.clld.org/values/18-280-170-1>		<http://ids.clld.org/parameters/18-280>		<http://ids.clld.org/values/18-280-293-1>		"awkʰe-"@ram	
"nome"@it	<http://ids.clld.org/values/18-280-170-1>		<http://ids.clld.org/parameters/18-280>		<http://ids.clld.org/values/18-280-293-3>		"yəyə-"@ram	
"erba"@it	<http://ids.clld.org/values/8-510-170-1>		<http://ids.clld.org/parameters/8-510>		<http://ids.clld.org/values/8-510-293-1>		"aʔ-tuu"@ram	
"notte"@it	<http://ids.clld.org/values/14-420-170-1>		<http://ids.clld.org/parameters/14-420>		<http://ids.clld.org/values/14-420-293-1>		"kac̷wa"@ram	
"fumo"@it	<http://ids.clld.org/values/1-830-170-1>		<http://ids.clld.org/parameters/1-830>		<http://ids.clld.org/values/1-830-293-1>		"iʔ-kʰũm"@ram	
"piccolo"@it	<http://ids.clld.org/values/12-560-170-1>		<http://ids.clld.org/parameters/12-560>		<http://ids.clld.org/values/12-560-293-3>		"lɛ"@ram	
"piccolo"@it	<http://ids.clld.org/values/12-560-170-1>		<http://ids.clld.org/parameters/12-560>		<http://ids.clld.org/values/12-560-293-1>		"ĩn-krirɛ"@ram	
"moglie"@it	<http://ids.clld.org/values/2-320-170-1>		<http://ids.clld.org/parameters/2-320>		<http://ids.clld.org/values/2-320-293-1>		"ĩĩ-prõ"@ram	
"marito"@it	<http://ids.clld.org/values/2-310-170-1>		<http://ids.clld.org/parameters/2-310>		<http://ids.clld.org/values/2-310-293-1>		"ĩĩ-pyɛ"@ram	
"casa"@it	<http://ids.clld.org/values/7-120-170-1>		<http://ids.clld.org/parameters/7-120>		<http://ids.clld.org/values/7-120-293-1>		"ii-kʰrɛ"@ram	
"farfalla"@it	<http://ids.clld.org/values/3-920-170-1>		<http://ids.clld.org/parameters/3-920>		<http://ids.clld.org/values/3-920-293-1>		"wɛwɛ-"@ram	
"manioca"@it	<http://ids.clld.org/values/8-920-170-3>		<http://ids.clld.org/parameters/8-920>		<http://ids.clld.org/values/8-920-293-1>		"kʰwɨrɨ"@ram	
"uovo"@it	<http://ids.clld.org/values/5-970-170-1>		<http://ids.clld.org/parameters/5-970>		<http://ids.clld.org/values/5-970-293-1>		"in-krɛ"@ram	
"soltanto"@it	<http://ids.clld.org/values/13-330-170-3>		<http://ids.clld.org/parameters/13-330>		<http://ids.clld.org/values/13-330-293-3>		"kamã"@ram	
"soltanto"@it	<http://ids.clld.org/values/13-330-170-3>		<http://ids.clld.org/parameters/13-330>		<http://ids.clld.org/values/13-330-293-1>		"pit"@ram	
"sentiero"@it	<http://ids.clld.org/values/10-720-170-1>		<http://ids.clld.org/parameters/10-720>		<http://ids.clld.org/values/10-720-293-1>		"prɨɨ"@ram	
"tabacco"@it	<http://ids.clld.org/values/8-680-170-1>		<http://ids.clld.org/parameters/8-680>		<http://ids.clld.org/values/8-680-293-1>		"parho"@ram	
"tappetino"@it	<http://ids.clld.org/values/9-770-170-1>		<http://ids.clld.org/parameters/9-770>		<http://ids.clld.org/values/9-770-293-1>		"kohpip (koʔpip ?)"@ram	
"dire bugie"@it	<http://ids.clld.org/values/16-670-170-3>		<http://ids.clld.org/parameters/16-670>		<http://ids.clld.org/values/16-670-293-1>		"nõ"@ram	
"pesce"@it	<http://ids.clld.org/values/3-650-170-1>		<http://ids.clld.org/parameters/3-650>		<http://ids.clld.org/values/3-650-293-3>		"krən-"@ram	
"pesce"@it	<http://ids.clld.org/values/3-650-170-1>		<http://ids.clld.org/parameters/3-650>		<http://ids.clld.org/values/3-650-293-1>		"tɛp"@ram	
"essa"@it	<http://ids.clld.org/values/2-930-170-11>		<http://ids.clld.org/parameters/2-930>		<http://ids.clld.org/values/2-930-293-1>		"tamə̃"@ram	
"fare"@it	<http://ids.clld.org/values/9-110-170-1>		<http://ids.clld.org/parameters/9-110>		<http://ids.clld.org/values/9-110-293-1>		"tɔn"@ram	
"ella"@it	<http://ids.clld.org/values/2-930-170-5>		<http://ids.clld.org/parameters/2-930>		<http://ids.clld.org/values/2-930-293-1>		"tamə̃"@ram	
"bagnato"@it	<http://ids.clld.org/values/15-830-170-3>		<http://ids.clld.org/parameters/15-830>		<http://ids.clld.org/values/15-830-293-1>		"mrɔ̃ (?)"@ram	
"nero"@it	<http://ids.clld.org/values/15-650-170-1>		<http://ids.clld.org/parameters/15-650>		<http://ids.clld.org/values/15-650-293-1>		"iʔ-tɨk"@ram	
"cortile"@it	<http://ids.clld.org/values/7-150-170-1>		<http://ids.clld.org/parameters/7-150>		<http://ids.clld.org/values/7-150-293-1>		"ka-"@ram	
"baciare"@it	<http://ids.clld.org/values/16-290-170-1>		<http://ids.clld.org/parameters/16-290>		<http://ids.clld.org/values/16-290-293-1>		"p (?)"@ram	
"filo"@it	<http://ids.clld.org/values/6-380-170-1>		<http://ids.clld.org/parameters/6-380>		<http://ids.clld.org/values/6-380-293-1>		"he-"@ram	
"filo"@it	<http://ids.clld.org/values/6-380-170-1>		<http://ids.clld.org/parameters/6-380>		<http://ids.clld.org/values/6-380-293-3>		"-c̷e- (?)"@ram	
"sedersi"@it	<http://ids.clld.org/values/12-130-170-1>		<http://ids.clld.org/parameters/12-130>		<http://ids.clld.org/values/12-130-293-1>		"yə̃ (yɨ̃ ?)"@ram	
"uomo"@it	<http://ids.clld.org/values/2-210-170-1>		<http://ids.clld.org/parameters/2-210>		<http://ids.clld.org/values/2-210-293-1>		"hũm"@ram	
"pietra"@it	<http://ids.clld.org/values/1-440-170-3>		<http://ids.clld.org/parameters/1-440>		<http://ids.clld.org/values/1-440-293-1>		"kʰɛn"@ram	
"scorpione"@it	<http://ids.clld.org/values/3-815-170-1>		<http://ids.clld.org/parameters/3-815>		<http://ids.clld.org/values/3-815-293-1>		"pak"@ram	
"pidocchio"@it	<http://ids.clld.org/values/3-811-170-1>		<http://ids.clld.org/parameters/3-811>		<http://ids.clld.org/values/3-811-293-1>		"ii-ko"@ram	
"secco"@it	<http://ids.clld.org/values/15-840-170-1>		<http://ids.clld.org/parameters/15-840>		<http://ids.clld.org/values/15-840-293-1>		"krə"@ram	
"secco"@it	<http://ids.clld.org/values/15-840-170-1>		<http://ids.clld.org/parameters/15-840>		<http://ids.clld.org/values/15-840-293-3>		"(kʰra ?)"@ram	
"ogni"@it	<http://ids.clld.org/values/13-140-170-1>		<http://ids.clld.org/parameters/13-140>		<http://ids.clld.org/values/13-140-293-1>		"tu-"@ram	
"esso"@it	<http://ids.clld.org/values/2-930-170-9>		<http://ids.clld.org/parameters/2-930>		<http://ids.clld.org/values/2-930-293-1>		"tamə̃"@ram	
"felice"@it	<http://ids.clld.org/values/16-230-170-3>		<http://ids.clld.org/parameters/16-230>		<http://ids.clld.org/values/16-230-293-1>		"hakʰrɨ"@ram	
"fuoco"@it	<http://ids.clld.org/values/1-810-170-1>		<http://ids.clld.org/parameters/1-810>		<http://ids.clld.org/values/1-810-293-1>		"kuhɨ"@ram	
"patata"@it	<http://ids.clld.org/values/5-700-170-1>		<http://ids.clld.org/parameters/5-700>		<http://ids.clld.org/values/5-700-293-1>		"yat (yɛt ?)"@ram	
"bagnarsi"@it	<http://ids.clld.org/values/4-690-170-1>		<http://ids.clld.org/parameters/4-690>		<http://ids.clld.org/values/4-690-293-1>		"c̷wa"@ram	
"stare in piedi"@it	<http://ids.clld.org/values/12-150-170-1>		<http://ids.clld.org/parameters/12-150>		<http://ids.clld.org/values/12-150-293-1>		"c̷a"@ram	
"sasso"@it	<http://ids.clld.org/values/1-440-170-1>		<http://ids.clld.org/parameters/1-440>		<http://ids.clld.org/values/1-440-293-1>		"kʰɛn"@ram	
"lombrico"@it	<http://ids.clld.org/values/3-840-170-1>		<http://ids.clld.org/parameters/3-840>		<http://ids.clld.org/values/3-840-293-1>		"hɔɔc̷ã"@ram	
"grosso"@it	<http://ids.clld.org/values/12-550-170-3>		<http://ids.clld.org/parameters/12-550>		<http://ids.clld.org/values/12-550-293-1>		"ti-"@ram	
"nuovo"@it	<http://ids.clld.org/values/14-130-170-1>		<http://ids.clld.org/parameters/14-130>		<http://ids.clld.org/values/14-130-293-1>		"-tuwa"@ram	
"pioggia"@it	<http://ids.clld.org/values/1-750-170-1>		<http://ids.clld.org/parameters/1-750>		<http://ids.clld.org/values/1-750-293-1>		"taa (ta ?)"@ram	
"copertura di paglia"@it	<http://ids.clld.org/values/7-520-170-1>		<http://ids.clld.org/parameters/7-520>		<http://ids.clld.org/values/7-520-293-1>		"po"@ram	
"bere"@it	<http://ids.clld.org/values/5-130-170-1>		<http://ids.clld.org/parameters/5-130>		<http://ids.clld.org/values/5-130-293-1>		"-kʰõ (kʰɔ̃ ?)"@ram	
"vecchio"@it	<http://ids.clld.org/values/14-150-170-1>		<http://ids.clld.org/parameters/14-150>		<http://ids.clld.org/values/14-150-293-1>		"tũm"@ram	
"io"@it	<http://ids.clld.org/values/2-910-170-1>		<http://ids.clld.org/parameters/2-910>		<http://ids.clld.org/values/2-910-293-3>		"wa"@ram	
"io"@it	<http://ids.clld.org/values/2-910-170-1>		<http://ids.clld.org/parameters/2-910>		<http://ids.clld.org/values/2-910-293-1>		"pa"@ram	
"ascoltare"@it	<http://ids.clld.org/values/15-420-170-1>		<http://ids.clld.org/parameters/15-420>		<http://ids.clld.org/values/15-420-293-1>		"k mpa (?)"@ram	
"fegato"@it	<http://ids.clld.org/values/4-450-170-1>		<http://ids.clld.org/parameters/4-450>		<http://ids.clld.org/values/4-450-293-1>		"ii-pa"@ram	
"sorella"@it	<http://ids.clld.org/values/2-450-170-1>		<http://ids.clld.org/parameters/2-450>		<http://ids.clld.org/values/2-450-293-1>		"tɔ̃y-"@ram	
"sale"@it	<http://ids.clld.org/values/5-810-170-1>		<http://ids.clld.org/parameters/5-810>		<http://ids.clld.org/values/5-810-293-1>		"kaac̷wa"@ram	
"luogo"@it	<http://ids.clld.org/values/12-110-170-1>		<http://ids.clld.org/parameters/12-110>		<http://ids.clld.org/values/12-110-293-1>		"-li-"@ram	
"fieno"@it	<http://ids.clld.org/values/8-520-170-1>		<http://ids.clld.org/parameters/8-520>		<http://ids.clld.org/values/8-520-293-1>		"po-"@ram	
"vernice"@it	<http://ids.clld.org/values/9-880-170-1>		<http://ids.clld.org/parameters/9-880>		<http://ids.clld.org/values/9-880-293-1>		"kʰrɔr"@ram	
"vento"@it	<http://ids.clld.org/values/1-720-170-1>		<http://ids.clld.org/parameters/1-720>		<http://ids.clld.org/values/1-720-293-1>		"kʰook"@ram	
"cervo"@it	<http://ids.clld.org/values/3-750-170-1>		<http://ids.clld.org/parameters/3-750>		<http://ids.clld.org/values/3-750-293-1>		"pɔ"@ram	
"cervo"@it	<http://ids.clld.org/values/3-750-170-1>		<http://ids.clld.org/parameters/3-750>		<http://ids.clld.org/values/3-750-293-3>		"kaarə"@ram	
"acqua"@it	<http://ids.clld.org/values/1-310-170-1>		<http://ids.clld.org/parameters/1-310>		<http://ids.clld.org/values/1-310-293-1>		"ko"@ram	
"fiore"@it	<http://ids.clld.org/values/8-570-170-1>		<http://ids.clld.org/parameters/8-570>		<http://ids.clld.org/values/8-570-293-1>		"ii-rə̃"@ram	
"naso"@it	<http://ids.clld.org/values/4-230-170-1>		<http://ids.clld.org/parameters/4-230>		<http://ids.clld.org/values/4-230-293-1>		"-yĩyakʰrɛ"@ram	
"bruciare"@it	<http://ids.clld.org/values/1-852-170-1>		<http://ids.clld.org/parameters/1-852>		<http://ids.clld.org/values/1-852-293-1>		"pok"@ram	
"egli"@it	<http://ids.clld.org/values/2-930-170-1>		<http://ids.clld.org/parameters/2-930>		<http://ids.clld.org/values/2-930-293-1>		"tamə̃"@ram	
"madre"@it	<http://ids.clld.org/values/2-360-170-1>		<http://ids.clld.org/parameters/2-360>		<http://ids.clld.org/values/2-360-293-1>		"-nə̃ə̃"@ram	
"storcere"@it	<http://ids.clld.org/values/9-343-170-1>		<http://ids.clld.org/parameters/9-343>		<http://ids.clld.org/values/9-343-293-1>		"ŋɛ̃n"@ram	
"mazza"@it	<http://ids.clld.org/values/20-220-170-1>		<http://ids.clld.org/parameters/20-220>		<http://ids.clld.org/values/20-220-293-1>		"kʰo"@ram	
"serpente"@it	<http://ids.clld.org/values/3-850-170-1>		<http://ids.clld.org/parameters/3-850>		<http://ids.clld.org/values/3-850-293-3>		"pat"@ram	
"serpente"@it	<http://ids.clld.org/values/3-850-170-1>		<http://ids.clld.org/parameters/3-850>		<http://ids.clld.org/values/3-850-293-1>		"kaaŋə"@ram	
"maiale"@it	<http://ids.clld.org/values/3-350-170-1>		<http://ids.clld.org/parameters/3-350>		<http://ids.clld.org/values/3-350-293-1>		"kʰro"@ram	
"singhiozzo"@it	<http://ids.clld.org/values/4-521-170-1>		<http://ids.clld.org/parameters/4-521>		<http://ids.clld.org/values/4-521-293-1>		"hɛk"@ram	
"nuotare"@it	<http://ids.clld.org/values/10-350-170-1>		<http://ids.clld.org/parameters/10-350>		<http://ids.clld.org/values/10-350-293-1>		"ree"@ram	
"nuotare"@it	<http://ids.clld.org/values/10-350-170-1>		<http://ids.clld.org/parameters/10-350>		<http://ids.clld.org/values/10-350-293-3>		"c̷wa"@ram	
"scimmia"@it	<http://ids.clld.org/values/3-760-170-1>		<http://ids.clld.org/parameters/3-760>		<http://ids.clld.org/values/3-760-293-1>		"kukʰoy"@ram	
"pozzo"@it	<http://ids.clld.org/values/1-370-170-3>		<http://ids.clld.org/parameters/1-370>		<http://ids.clld.org/values/1-370-293-1>		"kʰwa"@ram	
"cute"@it	<http://ids.clld.org/values/4-120-170-3>		<http://ids.clld.org/parameters/4-120>		<http://ids.clld.org/values/4-120-293-1>		"ii-kʰə (?)"@ram	
"pappagallo"@it	<http://ids.clld.org/values/3-592-170-1>		<http://ids.clld.org/parameters/3-592>		<http://ids.clld.org/values/3-592-293-1>		"krɨy-ti"@ram	
"stella"@it	<http://ids.clld.org/values/1-540-170-1>		<http://ids.clld.org/parameters/1-540>		<http://ids.clld.org/values/1-540-293-1>		"kac̷ee-rɛ"@ram	
"campo"@it	<http://ids.clld.org/values/8-120-170-1>		<http://ids.clld.org/parameters/8-120>		<http://ids.clld.org/values/8-120-293-1>		"pur"@ram	
"legno"@it	<http://ids.clld.org/values/1-430-170-1>		<http://ids.clld.org/parameters/1-430>		<http://ids.clld.org/values/1-430-293-1>		"pĩ"@ram	
"tre"@it	<http://ids.clld.org/values/13-30-170-1>		<http://ids.clld.org/parameters/13-30>		<http://ids.clld.org/values/13-30-293-1>		"ɨnkre-"@ram	
"albero"@it	<http://ids.clld.org/values/8-600-170-1>		<http://ids.clld.org/parameters/8-600>		<http://ids.clld.org/values/8-600-293-1>		"pĩĩ"@ram	
"debole"@it	<http://ids.clld.org/values/4-820-170-1>		<http://ids.clld.org/parameters/4-820>		<http://ids.clld.org/values/4-820-293-1>		"pɛk-"@ram	
"foglia"@it	<http://ids.clld.org/values/8-560-170-1>		<http://ids.clld.org/parameters/8-560>		<http://ids.clld.org/values/8-560-293-1>		"iʔ-ho"@ram	
"rapido"@it	<http://ids.clld.org/values/14-210-170-1>		<http://ids.clld.org/parameters/14-210>		<http://ids.clld.org/values/14-210-293-1>		"kɨt-"@ram	
"mangiare"@it	<http://ids.clld.org/values/5-110-170-1>		<http://ids.clld.org/parameters/5-110>		<http://ids.clld.org/values/5-110-293-3>		"kʰuu"@ram	
"mangiare"@it	<http://ids.clld.org/values/5-110-170-1>		<http://ids.clld.org/parameters/5-110>		<http://ids.clld.org/values/5-110-293-7>		"pa-"@ram	
"mangiare"@it	<http://ids.clld.org/values/5-110-170-1>		<http://ids.clld.org/parameters/5-110>		<http://ids.clld.org/values/5-110-293-5>		"kukʰu-"@ram	
"mangiare"@it	<http://ids.clld.org/values/5-110-170-1>		<http://ids.clld.org/parameters/5-110>		<http://ids.clld.org/values/5-110-293-1>		"-kʰrẽ"@ram	
"pulce"@it	<http://ids.clld.org/values/3-813-170-1>		<http://ids.clld.org/parameters/3-813>		<http://ids.clld.org/values/3-813-293-1>		"ĩnko"@ram	
"pieno"@it	<http://ids.clld.org/values/13-210-170-1>		<http://ids.clld.org/parameters/13-210>		<http://ids.clld.org/values/13-210-293-1>		"yic̷u"@ram	
"contento"@it	<http://ids.clld.org/values/16-230-170-5>		<http://ids.clld.org/parameters/16-230>		<http://ids.clld.org/values/16-230-293-1>		"hakʰrɨ"@ram	
"osso"@it	<http://ids.clld.org/values/4-160-170-1>		<http://ids.clld.org/parameters/4-160>		<http://ids.clld.org/values/4-160-293-1>		"-hi"@ram	
"tutto"@it	<http://ids.clld.org/values/13-140-170-3>		<http://ids.clld.org/parameters/13-140>		<http://ids.clld.org/values/13-140-293-1>		"tu-"@ram	
"tu"@it	<http://ids.clld.org/values/2-920-170-1>		<http://ids.clld.org/parameters/2-920>		<http://ids.clld.org/values/2-920-293-1>		"ka"@ram	
"rena"@it	<http://ids.clld.org/values/1-215-170-3>		<http://ids.clld.org/parameters/1-215>		<http://ids.clld.org/values/1-215-293-1>		"pye"@ram	
"dolore"@it	<http://ids.clld.org/values/16-310-170-1>		<http://ids.clld.org/parameters/16-310>		<http://ids.clld.org/values/16-310-293-1>		"-c̷a-"@ram	
"dolore"@it	<http://ids.clld.org/values/16-310-170-1>		<http://ids.clld.org/parameters/16-310>		<http://ids.clld.org/values/16-310-293-3>		"ha- (?)"@ram	
"uno"@it	<http://ids.clld.org/values/13-10-170-1>		<http://ids.clld.org/parameters/13-10>		<http://ids.clld.org/values/13-10-293-1>		"pɨc̷it"@ram	
"sentire"@it	<http://ids.clld.org/values/15-410-170-1>		<http://ids.clld.org/parameters/15-410>		<http://ids.clld.org/values/15-410-293-1>		"kʰə̃-pa"@ram	
"negativo"@it	<http://ids.clld.org/values/17-560-170-3>		<http://ids.clld.org/parameters/17-560>		<http://ids.clld.org/values/17-560-293-1>		"ke-"@ram	
"amaro"@it	<http://ids.clld.org/values/15-370-170-1>		<http://ids.clld.org/parameters/15-370>		<http://ids.clld.org/values/15-370-293-1>		"-c̷ə-"@ram	
"amaro"@it	<http://ids.clld.org/values/15-370-170-1>		<http://ids.clld.org/parameters/15-370>		<http://ids.clld.org/values/15-370-293-3>		"hə"@ram	
"storto"@it	<http://ids.clld.org/values/12-740-170-1>		<http://ids.clld.org/parameters/12-740>		<http://ids.clld.org/values/12-740-293-1>		"yakɔt"@ram	
"miele"@it	<http://ids.clld.org/values/5-840-170-1>		<http://ids.clld.org/parameters/5-840>		<http://ids.clld.org/values/5-840-293-1>		"pɛn"@ram	
"cattivo"@it	<http://ids.clld.org/values/16-720-170-1>		<http://ids.clld.org/parameters/16-720>		<http://ids.clld.org/values/16-720-293-1>		"iʔkʰɛn"@ram	
"carne"@it	<http://ids.clld.org/values/5-610-170-1>		<http://ids.clld.org/parameters/5-610>		<http://ids.clld.org/values/5-610-293-1>		"hĩ"@ram	
"carne"@it	<http://ids.clld.org/values/5-610-170-1>		<http://ids.clld.org/parameters/5-610>		<http://ids.clld.org/values/5-610-293-3>		"yĩ"@ram	
"picchiare"@it	<http://ids.clld.org/values/9-211-170-1>		<http://ids.clld.org/parameters/9-211>		<http://ids.clld.org/values/9-211-293-1>		"twə"@ram	
"dare"@it	<http://ids.clld.org/values/11-210-170-1>		<http://ids.clld.org/parameters/11-210>		<http://ids.clld.org/values/11-210-293-3>		"ŋɔ̃"@ram	
"dare"@it	<http://ids.clld.org/values/11-210-170-1>		<http://ids.clld.org/parameters/11-210>		<http://ids.clld.org/values/11-210-293-1>		"c̷i-"@ram	
"morire"@it	<http://ids.clld.org/values/4-750-170-1>		<http://ids.clld.org/parameters/4-750>		<http://ids.clld.org/values/4-750-293-1>		"tɨɨ- (tɨ ?)"@ram	
"portare"@it	<http://ids.clld.org/values/10-610-170-1>		<http://ids.clld.org/parameters/10-610>		<http://ids.clld.org/values/10-610-293-1>		"pə"@ram	
"simile"@it	<http://ids.clld.org/values/12-920-170-1>		<http://ids.clld.org/parameters/12-920>		<http://ids.clld.org/values/12-920-293-1>		"kʰĩ"@ram	
"succhiare"@it	<http://ids.clld.org/values/5-160-170-1>		<http://ids.clld.org/parameters/5-160>		<http://ids.clld.org/values/5-160-293-1>		"kaho"@ram	
"bianco"@it	<http://ids.clld.org/values/15-640-170-1>		<http://ids.clld.org/parameters/15-640>		<http://ids.clld.org/values/15-640-293-1>		"hakkʰa"@ram	
"bianco"@it	<http://ids.clld.org/values/15-640-170-1>		<http://ids.clld.org/parameters/15-640>		<http://ids.clld.org/values/15-640-293-3>		"yakʰaa"@ram	
"semi"@it	<http://ids.clld.org/values/8-311-170-1>		<http://ids.clld.org/parameters/8-311>		<http://ids.clld.org/values/8-311-293-1>		"iʔ-hɨɨ (hɨ- ?)"@ram	
"sole"@it	<http://ids.clld.org/values/1-520-170-1>		<http://ids.clld.org/parameters/1-520>		<http://ids.clld.org/values/1-520-293-3>		"pɨtɨ"@ram	
"sole"@it	<http://ids.clld.org/values/1-520-170-1>		<http://ids.clld.org/parameters/1-520>		<http://ids.clld.org/values/1-520-293-1>		"pɨt"@ram	
"piede"@it	<http://ids.clld.org/values/4-370-170-1>		<http://ids.clld.org/parameters/4-370>		<http://ids.clld.org/values/4-370-293-1>		"ii-par"@ram	
"zio"@it	<http://ids.clld.org/values/2-510-170-1>		<http://ids.clld.org/parameters/2-510>		<http://ids.clld.org/values/2-510-293-1>		"kɛt"@ram	
"occhio"@it	<http://ids.clld.org/values/4-210-170-1>		<http://ids.clld.org/parameters/4-210>		<http://ids.clld.org/values/4-210-293-1>		"ii-tɔ"@ram	
"cielo"@it	<http://ids.clld.org/values/1-510-170-1>		<http://ids.clld.org/parameters/1-510>		<http://ids.clld.org/values/1-510-293-1>		"koykʰwa"@ram	
"vita"@it	<http://ids.clld.org/values/4-740-170-5>		<http://ids.clld.org/parameters/4-740>		<http://ids.clld.org/values/4-740-293-1>		"tĩ"@ram	
"dormire"@it	<http://ids.clld.org/values/4-610-170-1>		<http://ids.clld.org/parameters/4-610>		<http://ids.clld.org/values/4-610-293-1>		"-ŋõr (ŋɔ̃r ?)"@ram	
"no"@it	<http://ids.clld.org/values/17-560-170-1>		<http://ids.clld.org/parameters/17-560>		<http://ids.clld.org/values/17-560-293-1>		"ke-"@ram	
"camminare"@it	<http://ids.clld.org/values/10-450-170-1>		<http://ids.clld.org/parameters/10-450>		<http://ids.clld.org/values/10-450-293-1>		"mõ"@ram	
"mano"@it	<http://ids.clld.org/values/4-330-170-1>		<http://ids.clld.org/parameters/4-330>		<http://ids.clld.org/values/4-330-293-1>		"hũʔkʰra"@ram	
"corteccia"@it	<http://ids.clld.org/values/8-750-170-1>		<http://ids.clld.org/parameters/8-750>		<http://ids.clld.org/values/8-750-293-1>		"ii-kʰə"@ram	
"focolare"@it	<http://ids.clld.org/values/7-310-170-1>		<http://ids.clld.org/parameters/7-310>		<http://ids.clld.org/values/7-310-293-1>		"kiz (?)"@ram	
"stuoia"@it	<http://ids.clld.org/values/9-770-170-3>		<http://ids.clld.org/parameters/9-770>		<http://ids.clld.org/values/9-770-293-1>		"kohpip (koʔpip ?)"@ram	
"sdraiarsi"@it	<http://ids.clld.org/values/12-140-170-1>		<http://ids.clld.org/parameters/12-140>		<http://ids.clld.org/values/12-140-293-1>		"nɔ̃"@ram	
"ballare"@it	<http://ids.clld.org/values/10-440-170-1>		<http://ids.clld.org/parameters/10-440>		<http://ids.clld.org/values/10-440-293-1>		"hakrun (?)"@ram	
"arrampicarsi"@it	<http://ids.clld.org/values/10-472-170-1>		<http://ids.clld.org/parameters/10-472>		<http://ids.clld.org/values/10-472-293-1>		"pi-"@ram	
"bastone"@it	<http://ids.clld.org/values/19-250-170-1>		<http://ids.clld.org/parameters/19-250>		<http://ids.clld.org/values/19-250-293-1>		"kʰo-"@ram	
"andare"@it	<http://ids.clld.org/values/10-470-170-1>		<http://ids.clld.org/parameters/10-470>		<http://ids.clld.org/values/10-470-293-1>		"mɔ̃"@ram	
"sinistra"@it	<http://ids.clld.org/values/12-420-170-1>		<http://ids.clld.org/parameters/12-420>		<http://ids.clld.org/values/12-420-293-1>		"aw-kʰɛ"@ram	
"volare"@it	<http://ids.clld.org/values/10-370-170-1>		<http://ids.clld.org/parameters/10-370>		<http://ids.clld.org/values/10-370-293-1>		"tɛɛ"@ram	
"umido"@it	<http://ids.clld.org/values/15-830-170-1>		<http://ids.clld.org/parameters/15-830>		<http://ids.clld.org/values/15-830-293-1>		"mrɔ̃ (?)"@ram	
"venire"@it	<http://ids.clld.org/values/10-480-170-1>		<http://ids.clld.org/parameters/10-480>		<http://ids.clld.org/values/10-480-293-1>		"-tẽ"@ram	
"braccio"@it	<http://ids.clld.org/values/4-310-170-1>		<http://ids.clld.org/parameters/4-310>		<http://ids.clld.org/values/4-310-293-1>		"pa"@ram	
"dentro"@it	<http://ids.clld.org/values/12-50-170-1>		<http://ids.clld.org/parameters/12-50>		<http://ids.clld.org/values/12-50-293-1>		"kʰam"@ram	
"cercare"@it	<http://ids.clld.org/values/11-310-170-1>		<http://ids.clld.org/parameters/11-310>		<http://ids.clld.org/values/11-310-293-1>		"lɨ̃t"@ram	
"gamba"@it	<http://ids.clld.org/values/4-350-170-1>		<http://ids.clld.org/parameters/4-350>		<http://ids.clld.org/values/4-350-293-1>		"ii-tɛ"@ram	
"pipistrello"@it	<http://ids.clld.org/values/3-591-170-1>		<http://ids.clld.org/parameters/3-591>		<http://ids.clld.org/values/3-591-293-1>		"c̷ɛprɛ"@ram	
"sabbia"@it	<http://ids.clld.org/values/1-215-170-1>		<http://ids.clld.org/parameters/1-215>		<http://ids.clld.org/values/1-215-293-1>		"pye"@ram	
"allegro"@it	<http://ids.clld.org/values/16-230-170-1>		<http://ids.clld.org/parameters/16-230>		<http://ids.clld.org/values/16-230-293-1>		"hakʰrɨ"@ram	
"natiche"@it	<http://ids.clld.org/values/4-464-170-1>		<http://ids.clld.org/parameters/4-464>		<http://ids.clld.org/values/4-464-293-1>		"ayɔ"@ram	
