"tx̣as"@cap	<http://ids.clld.org/values/16-250-270-1>		<http://ids.clld.org/parameters/16-250>		<http://ids.clld.org/values/16-250-209-1>		"kary-"@xto	
"kunsik-"@cap	<http://ids.clld.org/values/11-160-270-1>		<http://ids.clld.org/parameters/11-160>		<http://ids.clld.org/values/11-160-209-1>		"kälp-"@xto	
"xeeku"@cap	<http://ids.clld.org/values/12-430-270-1>		<http://ids.clld.org/parameters/12-430>		<http://ids.clld.org/values/12-430-209-1>		"kātse"@xto	
"saki"@cap	<http://ids.clld.org/values/15-860-270-1>		<http://ids.clld.org/parameters/15-860>		<http://ids.clld.org/values/15-860-209-1>		"kùraś"@xto	
"xaḳsi"@cap	<http://ids.clld.org/values/17-660-270-1>		<http://ids.clld.org/parameters/17-660>		<http://ids.clld.org/values/17-660-209-1>		"äntanne"@xto	
"tik-š"@cap	<http://ids.clld.org/values/4-750-270-1>		<http://ids.clld.org/parameters/4-750>		<http://ids.clld.org/values/4-750-209-3>		"walu"@xto	
"tik-š"@cap	<http://ids.clld.org/values/4-750-270-1>		<http://ids.clld.org/parameters/4-750>		<http://ids.clld.org/values/4-750-209-1>		"wäl-"@xto	
"miranš"@cap	<http://ids.clld.org/values/14-270-270-3>		<http://ids.clld.org/parameters/14-270>		<http://ids.clld.org/values/14-270-209-1>		"ār- (?)"@xto	
"anč̣ʰuk"@cap	<http://ids.clld.org/values/2-950-270-1>		<http://ids.clld.org/parameters/2-950>		<http://ids.clld.org/values/2-950-209-1>		"yas"@xto	
"č̣ekš"@cap	<http://ids.clld.org/values/15-520-270-3>		<http://ids.clld.org/parameters/15-520>		<http://ids.clld.org/values/15-520-209-1>		"läk-"@xto	
"kʰuɲi"@cap	<http://ids.clld.org/values/4-220-270-1>		<http://ids.clld.org/parameters/4-220>		<http://ids.clld.org/values/4-220-209-1>		"klots"@xto	
"xulš"@cap	<http://ids.clld.org/values/12-130-270-1>		<http://ids.clld.org/parameters/12-130>		<http://ids.clld.org/values/12-130-209-1>		"ṣäm-/ laṃ-"@xto	
"ṣ̌oɲi"@cap	<http://ids.clld.org/values/19-210-270-1>		<http://ids.clld.org/parameters/19-210>		<http://ids.clld.org/values/19-210-209-1>		"ārkiśoṣi"@xto	
"ṣ̌oɲi"@cap	<http://ids.clld.org/values/19-210-270-1>		<http://ids.clld.org/parameters/19-210>		<http://ids.clld.org/values/19-210-209-3>		"śoṣi"@xto	
"yans"@cap	<http://ids.clld.org/values/17-480-270-1>		<http://ids.clld.org/parameters/17-480>		<http://ids.clld.org/values/17-480-209-1>		"ske-"@xto	
"ḳʰuč̣a"@cap	<http://ids.clld.org/values/5-260-270-1>		<http://ids.clld.org/parameters/5-260>		<http://ids.clld.org/values/5-260-209-1>		"[kunti]"@xto	
"oša"@cap	<http://ids.clld.org/values/4-230-270-1>		<http://ids.clld.org/parameters/4-230>		<http://ids.clld.org/values/4-230-209-1>		"mal"@xto	
"[istutii-]"@cap	<http://ids.clld.org/values/17-242-270-1>		<http://ids.clld.org/parameters/17-242>		<http://ids.clld.org/values/17-242-209-1>		"ākl-"@xto	
"owa"@cap	<http://ids.clld.org/values/4-360-270-1>		<http://ids.clld.org/parameters/4-360>		<http://ids.clld.org/values/4-360-209-1>		"kanweṃ"@xto	
"alax̣a"@cap	<http://ids.clld.org/values/13-330-270-1>		<http://ids.clld.org/parameters/13-330>		<http://ids.clld.org/values/13-330-209-3>		"snāki"@xto	
"alax̣a"@cap	<http://ids.clld.org/values/13-330-270-1>		<http://ids.clld.org/parameters/13-330>		<http://ids.clld.org/values/13-330-209-1>		"sasak"@xto	
"[yooš]"@cap	<http://ids.clld.org/values/22-120-270-1>		<http://ids.clld.org/parameters/22-120>		<http://ids.clld.org/values/22-120-209-1>		"ɲkät"@xto	
"[kintra] ṣ̌oɲi"@cap	<http://ids.clld.org/values/19-520-270-1>		<http://ids.clld.org/parameters/19-520>		<http://ids.clld.org/values/19-520-209-3>		"yäsluɲcas"@xto	
"[kintra] ṣ̌oɲi"@cap	<http://ids.clld.org/values/19-520-270-1>		<http://ids.clld.org/parameters/19-520>		<http://ids.clld.org/values/19-520-209-1>		"yäslu"@xto	
"is-ɲi"@cap	<http://ids.clld.org/values/4-344-270-1>		<http://ids.clld.org/parameters/4-344>		<http://ids.clld.org/values/4-344-209-1>		"maku"@xto	
"yuxḳpača"@cap	<http://ids.clld.org/values/13-150-270-3>		<http://ids.clld.org/parameters/13-150>		<http://ids.clld.org/values/13-150-209-1>		"māk"@xto	
"arax̣pača"@cap	<http://ids.clld.org/values/1-510-270-1>		<http://ids.clld.org/parameters/1-510>		<http://ids.clld.org/values/1-510-209-1>		"eprer-"@xto	
"čʰep"@cap	<http://ids.clld.org/values/13-30-270-1>		<http://ids.clld.org/parameters/13-30>		<http://ids.clld.org/values/13-30-209-1>		"tre"@xto	
"čʰep"@cap	<http://ids.clld.org/values/13-30-270-1>		<http://ids.clld.org/parameters/13-30>		<http://ids.clld.org/values/13-30-209-3>		"tri"@xto	
"kʰewa"@cap	<http://ids.clld.org/values/6-940-270-1>		<http://ids.clld.org/parameters/6-940>		<http://ids.clld.org/values/6-940-209-1>		"ṣälyp"@xto	
"mita"@cap	<http://ids.clld.org/values/16-480-270-1>		<http://ids.clld.org/parameters/16-480>		<http://ids.clld.org/values/16-480-209-1>		"āmāṃ"@xto	
"ux"@cap	<http://ids.clld.org/values/16-760-270-1>		<http://ids.clld.org/parameters/16-760>		<http://ids.clld.org/values/16-760-209-1>		"nākäm"@xto	
"lokˀana"@cap	<http://ids.clld.org/values/4-340-270-1>		<http://ids.clld.org/parameters/4-340>		<http://ids.clld.org/values/4-340-209-1>		"prār"@xto	
"čˀama"@cap	<http://ids.clld.org/values/17-470-270-1>		<http://ids.clld.org/parameters/17-470>		<http://ids.clld.org/values/17-470-209-1>		"māski"@xto	
"waranka"@cap	<http://ids.clld.org/values/13-106-270-1>		<http://ids.clld.org/parameters/13-106>		<http://ids.clld.org/values/13-106-209-1>		"wälts"@xto	
"apš"@cap	<http://ids.clld.org/values/10-520-270-1>		<http://ids.clld.org/parameters/10-520>		<http://ids.clld.org/values/10-520-209-1>		"säk- (?)"@xto	
"xex-s"@cap	<http://ids.clld.org/values/4-912-270-1>		<http://ids.clld.org/parameters/4-912>		<http://ids.clld.org/values/4-912-209-1>		"āɲu"@xto	
"ek-š"@cap	<http://ids.clld.org/values/10-490-270-1>		<http://ids.clld.org/parameters/10-490>		<http://ids.clld.org/values/10-490-209-1>		"lit-"@xto	
"laŋš"@cap	<http://ids.clld.org/values/9-120-270-1>		<http://ids.clld.org/parameters/9-120>		<http://ids.clld.org/values/9-120-209-1>		"wles-"@xto	
"sarḳi"@cap	<http://ids.clld.org/values/8-510-270-1>		<http://ids.clld.org/parameters/8-510>		<http://ids.clld.org/values/8-510-209-1>		"āti"@xto	
"[intinta]š"@cap	<http://ids.clld.org/values/17-240-270-1>		<http://ids.clld.org/parameters/17-240>		<http://ids.clld.org/values/17-240-209-1>		"ākl-"@xto	
"luuš"@cap	<http://ids.clld.org/values/5-340-270-1>		<http://ids.clld.org/parameters/5-340>		<http://ids.clld.org/values/5-340-209-1>		"[kunti]"@xto	
"c̷ʰii ḳʰaṣ̌"@cap	<http://ids.clld.org/values/13-181-270-1>		<http://ids.clld.org/parameters/13-181>		<http://ids.clld.org/values/13-181-209-1>		"some"@xto	
"kut-š"@cap	<http://ids.clld.org/values/11-340-270-1>		<http://ids.clld.org/parameters/11-340>		<http://ids.clld.org/values/11-340-209-1>		"tärk-"@xto	
"axpš"@cap	<http://ids.clld.org/values/7-420-270-1>		<http://ids.clld.org/parameters/7-420>		<http://ids.clld.org/values/7-420-209-1>		"lake"@xto	
"čʰuxt-u"@cap	<http://ids.clld.org/values/12-560-270-3>		<http://ids.clld.org/parameters/12-560>		<http://ids.clld.org/values/12-560-209-1>		"lykäly"@xto	
"čerš"@cap	<http://ids.clld.org/values/15-510-270-1>		<http://ids.clld.org/parameters/15-510>		<http://ids.clld.org/values/15-510-209-1>		"läk-"@xto	
"yuḳxu"@cap	<http://ids.clld.org/values/13-150-270-1>		<http://ids.clld.org/parameters/13-150>		<http://ids.clld.org/values/13-150-209-1>		"māk"@xto	
"para"@cap	<http://ids.clld.org/values/1-430-270-1>		<http://ids.clld.org/parameters/1-430>		<http://ids.clld.org/values/1-430-209-1>		"or"@xto	
"šapa"@cap	<http://ids.clld.org/values/13-140-270-3>		<http://ids.clld.org/parameters/13-140>		<http://ids.clld.org/values/13-140-209-1>		"pont-"@xto	
"c̷eeku"@cap	<http://ids.clld.org/values/12-80-270-1>		<http://ids.clld.org/parameters/12-80>		<http://ids.clld.org/values/12-80-209-1>		"koc"@xto	
"č̣exlš"@cap	<http://ids.clld.org/values/9-160-270-3>		<http://ids.clld.org/parameters/9-160>		<http://ids.clld.org/values/9-160-209-1>		"kärk-"@xto	
"liwrii-"@cap	<http://ids.clld.org/values/11-250-270-1>		<http://ids.clld.org/parameters/11-250>		<http://ids.clld.org/values/11-250-209-1>		"tsälp-"@xto	
"ḳx̣oxča"@cap	<http://ids.clld.org/values/4-370-270-1>		<http://ids.clld.org/parameters/4-370>		<http://ids.clld.org/values/4-370-209-1>		"pe"@xto	
"kˀoru"@cap	<http://ids.clld.org/values/5-330-270-1>		<http://ids.clld.org/parameters/5-330>		<http://ids.clld.org/values/5-330-209-1>		"[pātär]"@xto	
"lax̣miš"@cap	<http://ids.clld.org/values/12-232-270-1>		<http://ids.clld.org/parameters/12-232>		<http://ids.clld.org/values/12-232-209-1>		"putk-"@xto	
"pˀulʸinkiš"@cap	<http://ids.clld.org/values/10-260-270-1>		<http://ids.clld.org/parameters/10-260>		<http://ids.clld.org/values/10-260-209-1>		"miw-"@xto	
"xexa"@cap	<http://ids.clld.org/values/4-510-270-3>		<http://ids.clld.org/parameters/4-510>		<http://ids.clld.org/values/4-510-209-1>		"wraseṃ"@xto	
"čaxʷkš"@cap	<http://ids.clld.org/values/7-220-270-1>		<http://ids.clld.org/parameters/7-220>		<http://ids.clld.org/values/7-220-209-1>		"yokäm"@xto	
"šḳiši"@cap	<http://ids.clld.org/values/4-120-270-1>		<http://ids.clld.org/parameters/4-120>		<http://ids.clld.org/values/4-120-209-1>		"yats"@xto	
"laači"@cap	<http://ids.clld.org/values/4-840-270-5>		<http://ids.clld.org/parameters/4-840>		<http://ids.clld.org/values/4-840-209-1>		"ekro"@xto	
"tʰaran-š"@cap	<http://ids.clld.org/values/5-490-270-1>		<http://ids.clld.org/parameters/5-490>		<http://ids.clld.org/values/5-490-209-1>		"triw-"@xto	
"aḳš"@cap	<http://ids.clld.org/values/16-770-270-1>		<http://ids.clld.org/parameters/16-770>		<http://ids.clld.org/values/16-770-209-1>		"triślune"@xto	
"pʰuč"@cap	<http://ids.clld.org/values/4-460-270-1>		<http://ids.clld.org/parameters/4-460>		<http://ids.clld.org/values/4-460-209-1>		"kāts"@xto	
"č̣ʰulora"@cap	<http://ids.clld.org/values/17-650-270-1>		<http://ids.clld.org/parameters/17-650>		<http://ids.clld.org/values/17-650-209-1>		"äntāne"@xto	
"[primira]"@cap	<http://ids.clld.org/values/13-340-270-1>		<http://ids.clld.org/parameters/13-340>		<http://ids.clld.org/values/13-340-209-1>		"maltowinu"@xto	
"tukita"@cap	<http://ids.clld.org/values/12-40-270-3>		<http://ids.clld.org/parameters/12-40>		<http://ids.clld.org/values/12-40-209-1>		"anapär"@xto	
"ḳulxš"@cap	<http://ids.clld.org/values/8-220-270-3>		<http://ids.clld.org/parameters/8-220>		<http://ids.clld.org/values/8-220-209-1>		"räp-"@xto	
"apay"@cap	<http://ids.clld.org/values/10-630-270-3>		<http://ids.clld.org/parameters/10-630>		<http://ids.clld.org/values/10-630-209-1>		"lu-"@xto	
"wali"@cap	<http://ids.clld.org/values/16-710-270-3>		<http://ids.clld.org/parameters/16-710>		<http://ids.clld.org/values/16-710-209-1>		"kāsu"@xto	
"maxt-š"@cap	<http://ids.clld.org/values/4-720-270-1>		<http://ids.clld.org/parameters/4-720>		<http://ids.clld.org/values/4-720-209-1>		"täm-"@xto	
"č̣axk-"@cap	<http://ids.clld.org/values/10-250-270-1>		<http://ids.clld.org/parameters/10-250>		<http://ids.clld.org/values/10-250-209-1>		"säl-"@xto	
"[kampii]"@cap	<http://ids.clld.org/values/12-930-270-1>		<http://ids.clld.org/parameters/12-930>		<http://ids.clld.org/values/12-930-209-1>		"lutk-"@xto	
"aš-"@cap	<http://ids.clld.org/values/16-450-270-1>		<http://ids.clld.org/parameters/16-450>		<http://ids.clld.org/values/16-450-209-1>		"kip"@xto	
"[lii]"@cap	<http://ids.clld.org/values/21-110-270-1>		<http://ids.clld.org/parameters/21-110>		<http://ids.clld.org/values/21-110-209-1>		"märkampal"@xto	
"keka"@cap	<http://ids.clld.org/values/4-400-270-1>		<http://ids.clld.org/parameters/4-400>		<http://ids.clld.org/values/4-400-209-1>		"pratsak"@xto	
"paxḳ-š"@cap	<http://ids.clld.org/values/12-530-270-1>		<http://ids.clld.org/parameters/12-530>		<http://ids.clld.org/values/12-530-209-1>		"śamantär"@xto	
"paxḳ-š"@cap	<http://ids.clld.org/values/12-530-270-1>		<http://ids.clld.org/parameters/12-530>		<http://ids.clld.org/values/12-530-209-3>		"tsäm-"@xto	
"kon-"@cap	<http://ids.clld.org/values/4-760-270-1>		<http://ids.clld.org/parameters/4-760>		<http://ids.clld.org/values/4-760-209-1>		"ko-"@xto	
"čaxwk-"@cap	<http://ids.clld.org/values/12-250-270-1>		<http://ids.clld.org/parameters/12-250>		<http://ids.clld.org/values/12-250-209-1>		"prutk-"@xto	
"kara"@cap	<http://ids.clld.org/values/12-610-270-1>		<http://ids.clld.org/parameters/12-610>		<http://ids.clld.org/values/12-610-209-1>		"wärts"@xto	
"pekta"@cap	<http://ids.clld.org/values/17-450-270-1>		<http://ids.clld.org/parameters/17-450>		<http://ids.clld.org/values/17-450-209-1>		"ɲātse"@xto	
"tʰupi"@cap	<http://ids.clld.org/values/4-810-270-3>		<http://ids.clld.org/parameters/4-810>		<http://ids.clld.org/values/4-810-209-1>		"tampe"@xto	
"xaknuš"@cap	<http://ids.clld.org/values/17-610-270-1>		<http://ids.clld.org/parameters/17-610>		<http://ids.clld.org/values/17-610-209-1>		"mänt"@xto	
"č̣axk-"@cap	<http://ids.clld.org/values/9-210-270-1>		<http://ids.clld.org/parameters/9-210>		<http://ids.clld.org/values/9-210-209-1>		"on-"@xto	
"č̣axk-"@cap	<http://ids.clld.org/values/9-210-270-1>		<http://ids.clld.org/parameters/9-210>		<http://ids.clld.org/values/9-210-209-3>		"ko-"@xto	
"č̣axk-"@cap	<http://ids.clld.org/values/9-210-270-1>		<http://ids.clld.org/parameters/9-210>		<http://ids.clld.org/values/9-210-209-5>		"tsop-"@xto	
"xašiki"@cap	<http://ids.clld.org/values/14-180-270-3>		<http://ids.clld.org/parameters/14-180>		<http://ids.clld.org/values/14-180-209-1>		"tāpärk"@xto	
"x̣ora"@cap	<http://ids.clld.org/values/18-110-270-1>		<http://ids.clld.org/parameters/18-110>		<http://ids.clld.org/values/18-110-209-3>		"wak"@xto	
"x̣ora"@cap	<http://ids.clld.org/values/18-110-270-1>		<http://ids.clld.org/parameters/18-110>		<http://ids.clld.org/values/18-110-209-1>		"waśeṃ"@xto	
"noox"@cap	<http://ids.clld.org/values/14-410-270-3>		<http://ids.clld.org/parameters/14-410>		<http://ids.clld.org/values/14-410-209-1>		"koṃ"@xto	
"tira"@cap	<http://ids.clld.org/values/10-520-270-3>		<http://ids.clld.org/parameters/10-520>		<http://ids.clld.org/values/10-520-209-1>		"säk- (?)"@xto	
"kx̣ana"@cap	<http://ids.clld.org/values/1-610-270-1>		<http://ids.clld.org/parameters/1-610>		<http://ids.clld.org/values/1-610-209-1>		"lkäś"@xto	
"ḳolta"@cap	<http://ids.clld.org/values/12-560-270-1>		<http://ids.clld.org/parameters/12-560>		<http://ids.clld.org/values/12-560-209-1>		"lykäly"@xto	
"čʰišwi"@cap	<http://ids.clld.org/values/4-130-270-1>		<http://ids.clld.org/parameters/4-130>		<http://ids.clld.org/values/4-130-209-1>		"śwāl"@xto	
"xiiš"@cap	<http://ids.clld.org/values/14-710-270-1>		<http://ids.clld.org/parameters/14-710>		<http://ids.clld.org/values/14-710-209-1>		"maɲ"@xto	
"yaku"@cap	<http://ids.clld.org/values/5-810-270-1>		<http://ids.clld.org/parameters/5-810>		<http://ids.clld.org/values/5-810-209-1>		"sāle"@xto	
"šuma"@cap	<http://ids.clld.org/values/16-710-270-1>		<http://ids.clld.org/parameters/16-710>		<http://ids.clld.org/values/16-710-209-1>		"kāsu"@xto	
"keru"@cap	<http://ids.clld.org/values/2-230-270-3>		<http://ids.clld.org/parameters/2-230>		<http://ids.clld.org/values/2-230-209-1>		"oɲi"@xto	
"tʰaa-"@cap	<http://ids.clld.org/values/11-210-270-1>		<http://ids.clld.org/parameters/11-210>		<http://ids.clld.org/values/11-210-209-1>		"e-"@xto	
"ṣ̌awx-"@cap	<http://ids.clld.org/values/16-420-270-3>		<http://ids.clld.org/parameters/16-420>		<http://ids.clld.org/values/16-420-209-1>		"tärm-"@xto	
"may-"@cap	<http://ids.clld.org/values/18-350-270-1>		<http://ids.clld.org/parameters/18-350>		<http://ids.clld.org/values/18-350-209-1>		"pärk-"@xto	
"pekun-š"@cap	<http://ids.clld.org/values/18-310-270-3>		<http://ids.clld.org/parameters/18-310>		<http://ids.clld.org/values/18-310-209-1>		"pärk-"@xto	
"ay-in-š"@cap	<http://ids.clld.org/values/16-310-270-3>		<http://ids.clld.org/parameters/16-310>		<http://ids.clld.org/values/16-310-209-1>		"klop"@xto	
"xanči"@cap	<http://ids.clld.org/values/4-110-270-1>		<http://ids.clld.org/parameters/4-110>		<http://ids.clld.org/values/4-110-209-1>		"kapśaɲi"@xto	
"kera"@cap	<http://ids.clld.org/values/1-710-270-1>		<http://ids.clld.org/parameters/1-710>		<http://ids.clld.org/values/1-710-209-1>		"eprer-"@xto	
"ṣ̌on"@cap	<http://ids.clld.org/values/2-220-270-3>		<http://ids.clld.org/parameters/2-220>		<http://ids.clld.org/values/2-220-209-3>		"kùli"@xto	
"ṣ̌on"@cap	<http://ids.clld.org/values/2-220-270-3>		<http://ids.clld.org/parameters/2-220>		<http://ids.clld.org/values/2-220-209-1>		"śäṃ"@xto	
"munti"@cap	<http://ids.clld.org/values/8-600-270-1>		<http://ids.clld.org/parameters/8-600>		<http://ids.clld.org/values/8-600-209-1>		"ṣtām"@xto	
"ḳʰup"@cap	<http://ids.clld.org/values/1-840-270-1>		<http://ids.clld.org/parameters/1-840>		<http://ids.clld.org/values/1-840-209-1>		"twe"@xto	
"ḳʰup"@cap	<http://ids.clld.org/values/1-840-270-1>		<http://ids.clld.org/parameters/1-840>		<http://ids.clld.org/values/1-840-209-3>		"tor"@xto	
"wex̣ru"@cap	<http://ids.clld.org/values/9-140-270-1>		<http://ids.clld.org/parameters/9-140>		<http://ids.clld.org/values/9-140-209-1>		"näm-"@xto	
"tʰupi"@cap	<http://ids.clld.org/values/15-740-270-1>		<http://ids.clld.org/parameters/15-740>		<http://ids.clld.org/values/15-740-209-1>		"tsär"@xto	
"ata"@cap	<http://ids.clld.org/values/4-240-270-1>		<http://ids.clld.org/parameters/4-240>		<http://ids.clld.org/values/4-240-209-1>		"ko"@xto	
"lʸixɲi"@cap	<http://ids.clld.org/values/15-570-270-1>		<http://ids.clld.org/parameters/15-570>		<http://ids.clld.org/values/15-570-209-1>		"lukśanu"@xto	
"atpulu"@cap	<http://ids.clld.org/values/4-250-270-1>		<http://ids.clld.org/parameters/4-250>		<http://ids.clld.org/values/4-250-209-1>		"lymeṃ"@xto	
"wexr-ki"@cap	<http://ids.clld.org/values/2-910-270-3>		<http://ids.clld.org/parameters/2-910>		<http://ids.clld.org/values/2-910-209-1>		"näṣ"@xto	
"wexr-ki"@cap	<http://ids.clld.org/values/2-910-270-3>		<http://ids.clld.org/parameters/2-910>		<http://ids.clld.org/values/2-910-209-3>		"ɲuk"@xto	
"ari"@cap	<http://ids.clld.org/values/15-780-270-1>		<http://ids.clld.org/parameters/15-780>		<http://ids.clld.org/values/15-780-209-1>		"pśär"@xto	
"ṣ̌eti"@cap	<http://ids.clld.org/values/4-740-270-3>		<http://ids.clld.org/parameters/4-740>		<http://ids.clld.org/values/4-740-209-3>		"śol"@xto	
"ṣ̌eti"@cap	<http://ids.clld.org/values/4-740-270-3>		<http://ids.clld.org/parameters/4-740>		<http://ids.clld.org/values/4-740-209-1>		"śo-"@xto	
"tunka"@cap	<http://ids.clld.org/values/13-100-270-1>		<http://ids.clld.org/parameters/13-100>		<http://ids.clld.org/values/13-100-209-1>		"śäk"@xto	
"ḳʰantati"@cap	<http://ids.clld.org/values/14-430-270-1>		<http://ids.clld.org/parameters/14-430>		<http://ids.clld.org/values/14-430-209-1>		"koṃ-pärkānt"@xto	
"kʰirma"@cap	<http://ids.clld.org/values/16-380-270-1>		<http://ids.clld.org/parameters/16-380>		<http://ids.clld.org/values/16-380-209-1>		"ākär"@xto	
"ṣ̌oɲi"@cap	<http://ids.clld.org/values/2-210-270-3>		<http://ids.clld.org/parameters/2-210>		<http://ids.clld.org/values/2-210-209-1>		"onk"@xto	
"lxok"@cap	<http://ids.clld.org/values/15-660-270-1>		<http://ids.clld.org/parameters/15-660>		<http://ids.clld.org/values/15-660-209-3>		"rätri"@xto	
"lxok"@cap	<http://ids.clld.org/values/15-660-270-1>		<http://ids.clld.org/parameters/15-660>		<http://ids.clld.org/values/15-660-209-1>		"rtär"@xto	
"pek-š"@cap	<http://ids.clld.org/values/1-860-270-1>		<http://ids.clld.org/parameters/1-860>		<http://ids.clld.org/values/1-860-209-1>		"tu-"@xto	
"warku"@cap	<http://ids.clld.org/values/10-830-270-1>		<http://ids.clld.org/parameters/10-830>		<http://ids.clld.org/values/10-830-209-1>		"koläm"@xto	
"awanti-"@cap	<http://ids.clld.org/values/14-252-270-3>		<http://ids.clld.org/parameters/14-252>		<http://ids.clld.org/values/14-252-209-1>		"käly-"@xto	
"čiyaš"@cap	<http://ids.clld.org/values/19-620-270-3>		<http://ids.clld.org/parameters/19-620>		<http://ids.clld.org/values/19-620-209-1>		"kùɲaś"@xto	
"pataka"@cap	<http://ids.clld.org/values/13-105-270-1>		<http://ids.clld.org/parameters/13-105>		<http://ids.clld.org/values/13-105-209-1>		"känt"@xto	
"laa"@cap	<http://ids.clld.org/values/4-840-270-3>		<http://ids.clld.org/parameters/4-840>		<http://ids.clld.org/values/4-840-209-1>		"ekro"@xto	
"niki"@cap	<http://ids.clld.org/values/17-530-270-1>		<http://ids.clld.org/parameters/17-530>		<http://ids.clld.org/values/17-530-209-1>		"kuprene"@xto	
"ḳaši"@cap	<http://ids.clld.org/values/4-280-270-1>		<http://ids.clld.org/parameters/4-280>		<http://ids.clld.org/values/4-280-209-1>		"kɲuk"@xto	
"pʰila"@cap	<http://ids.clld.org/values/1-215-270-1>		<http://ids.clld.org/parameters/1-215>		<http://ids.clld.org/values/1-215-209-1>		"wāryāɲc"@xto	
"xaḳsi-kin"@cap	<http://ids.clld.org/values/17-660-270-3>		<http://ids.clld.org/parameters/17-660>		<http://ids.clld.org/values/17-660-209-1>		"äntanne"@xto	
"mama"@cap	<http://ids.clld.org/values/2-360-270-1>		<http://ids.clld.org/parameters/2-360>		<http://ids.clld.org/values/2-360-209-1>		"mācar"@xto	
"tʰut-š"@cap	<http://ids.clld.org/values/6-110-270-3>		<http://ids.clld.org/parameters/6-110>		<http://ids.clld.org/values/6-110-209-1>		"wäs-"@xto	
"kama"@cap	<http://ids.clld.org/values/13-330-270-3>		<http://ids.clld.org/parameters/13-330>		<http://ids.clld.org/values/13-330-209-3>		"snāki"@xto	
"kama"@cap	<http://ids.clld.org/values/13-330-270-3>		<http://ids.clld.org/parameters/13-330>		<http://ids.clld.org/values/13-330-209-1>		"sasak"@xto	
"čawkʷa"@cap	<http://ids.clld.org/values/14-150-270-1>		<http://ids.clld.org/parameters/14-150>		<http://ids.clld.org/values/14-150-209-1>		"mokone"@xto	
"x̣awun-š"@cap	<http://ids.clld.org/values/5-560-270-3>		<http://ids.clld.org/parameters/5-560>		<http://ids.clld.org/values/5-560-209-1>		"malyw-"@xto	
"wiɲaya kʰee-"@cap	<http://ids.clld.org/values/14-252-270-1>		<http://ids.clld.org/parameters/14-252>		<http://ids.clld.org/values/14-252-209-1>		"käly-"@xto	
"-ɲi-"@cap	<http://ids.clld.org/values/19-610-270-1>		<http://ids.clld.org/parameters/19-610>		<http://ids.clld.org/values/19-610-209-1>		"wkäṃ"@xto	
"axk-"@cap	<http://ids.clld.org/values/3-160-270-1>		<http://ids.clld.org/parameters/3-160>		<http://ids.clld.org/values/3-160-209-1>		"wäsri"@xto	
"eḳš"@cap	<http://ids.clld.org/values/16-530-270-3>		<http://ids.clld.org/parameters/16-530>		<http://ids.clld.org/values/16-530-209-1>		"praski"@xto	
"kaš"@cap	<http://ids.clld.org/values/19-460-270-1>		<http://ids.clld.org/parameters/19-460>		<http://ids.clld.org/values/19-460-209-1>		"nam"@xto	
"čʰoxḳ-"@cap	<http://ids.clld.org/values/9-161-270-1>		<http://ids.clld.org/parameters/9-161>		<http://ids.clld.org/values/9-161-209-1>		"tärk-"@xto	
"waxta"@cap	<http://ids.clld.org/values/19-150-270-1>		<http://ids.clld.org/parameters/19-150>		<http://ids.clld.org/values/19-150-209-1>		"ri"@xto	
"lʸipinš"@cap	<http://ids.clld.org/values/15-560-270-1>		<http://ids.clld.org/parameters/15-560>		<http://ids.clld.org/values/15-560-209-1>		"pälk-"@xto	
"ṣ̌oɲi"@cap	<http://ids.clld.org/values/2-100-270-1>		<http://ids.clld.org/parameters/2-100>		<http://ids.clld.org/values/2-100-209-1>		"napeṃ"@xto	
"exp"@cap	<http://ids.clld.org/values/2-350-270-1>		<http://ids.clld.org/parameters/2-350>		<http://ids.clld.org/values/2-350-209-1>		"pācar"@xto	
"ḳʰaš"@cap	<http://ids.clld.org/values/1-310-270-1>		<http://ids.clld.org/parameters/1-310>		<http://ids.clld.org/values/1-310-209-3>		"wräntu"@xto	
"ḳʰaš"@cap	<http://ids.clld.org/values/1-310-270-1>		<http://ids.clld.org/parameters/1-310>		<http://ids.clld.org/values/1-310-209-1>		"wär"@xto	
"ḳʰaw-s"@cap	<http://ids.clld.org/values/18-130-270-1>		<http://ids.clld.org/parameters/18-130>		<http://ids.clld.org/values/18-130-209-1>		"nu-"@xto	
"ḳaxa"@cap	<http://ids.clld.org/values/11-640-270-1>		<http://ids.clld.org/parameters/11-640>		<http://ids.clld.org/values/11-640-209-1>		"pare"@xto	
"piyara"@cap	<http://ids.clld.org/values/12-840-270-1>		<http://ids.clld.org/parameters/12-840>		<http://ids.clld.org/values/12-840-209-1>		"slyi"@xto	
"[pori]"@cap	<http://ids.clld.org/values/11-520-270-1>		<http://ids.clld.org/parameters/11-520>		<http://ids.clld.org/values/11-520-209-1>		"ekro"@xto	
"ux tʰoxtan-š"@cap	<http://ids.clld.org/values/16-780-270-1>		<http://ids.clld.org/parameters/16-780>		<http://ids.clld.org/values/16-780-209-1>		"nākäm"@xto	
"ṣ̌ewa"@cap	<http://ids.clld.org/values/12-410-270-1>		<http://ids.clld.org/parameters/12-410>		<http://ids.clld.org/values/12-410-209-1>		"śālyi"@xto	
"ḳoštan"@cap	<http://ids.clld.org/values/12-70-270-1>		<http://ids.clld.org/parameters/12-70>		<http://ids.clld.org/values/12-70-209-3>		"posäṃ"@xto	
"ḳoštan"@cap	<http://ids.clld.org/values/12-70-270-1>		<http://ids.clld.org/parameters/12-70>		<http://ids.clld.org/values/12-70-209-1>		"āɲe"@xto	
"ḳoštan"@cap	<http://ids.clld.org/values/12-70-270-1>		<http://ids.clld.org/parameters/12-70>		<http://ids.clld.org/values/12-70-209-5>		"posac"@xto	
"waxta"@cap	<http://ids.clld.org/values/19-160-270-1>		<http://ids.clld.org/parameters/19-160>		<http://ids.clld.org/values/19-160-209-1>		"ṣukṣ-"@xto	
"tʰaaxiɲi"@cap	<http://ids.clld.org/values/17-270-270-1>		<http://ids.clld.org/parameters/17-270>		<http://ids.clld.org/values/17-270-209-1>		"[käṣṣi]"@xto	
"šana"@cap	<http://ids.clld.org/values/7-220-270-3>		<http://ids.clld.org/parameters/7-220>		<http://ids.clld.org/values/7-220-209-1>		"yokäm"@xto	
"kučan"@cap	<http://ids.clld.org/values/10-630-270-1>		<http://ids.clld.org/parameters/10-630>		<http://ids.clld.org/values/10-630-209-1>		"lu-"@xto	
"šḳara"@cap	<http://ids.clld.org/values/12-420-270-1>		<http://ids.clld.org/parameters/12-420>		<http://ids.clld.org/values/12-420-209-1>		"pācyās"@xto	
"maataḳa"@cap	<http://ids.clld.org/values/2-220-270-1>		<http://ids.clld.org/parameters/2-220>		<http://ids.clld.org/values/2-220-209-3>		"kùli"@xto	
"maataḳa"@cap	<http://ids.clld.org/values/2-220-270-1>		<http://ids.clld.org/parameters/2-220>		<http://ids.clld.org/values/2-220-209-1>		"śäṃ"@xto	
"tx̣ax̣-"@cap	<http://ids.clld.org/values/4-610-270-1>		<http://ids.clld.org/parameters/4-610>		<http://ids.clld.org/values/4-610-209-1>		"klis-"@xto	
"tx̣ax̣-"@cap	<http://ids.clld.org/values/4-610-270-1>		<http://ids.clld.org/parameters/4-610>		<http://ids.clld.org/values/4-610-209-3>		"ṣpäṇ"@xto	
"čʰox-š"@cap	<http://ids.clld.org/values/12-270-270-1>		<http://ids.clld.org/parameters/12-270>		<http://ids.clld.org/values/12-270-209-1>		"tpuk-"@xto	
"wilta"@cap	<http://ids.clld.org/values/14-350-270-1>		<http://ids.clld.org/parameters/14-350>		<http://ids.clld.org/values/14-350-209-1>		"nuṃ"@xto	
"tʰap-š"@cap	<http://ids.clld.org/values/1-851-270-3>		<http://ids.clld.org/parameters/1-851>		<http://ids.clld.org/values/1-851-209-1>		"tsäk-"@xto	
"ween"@cap	<http://ids.clld.org/values/14-420-270-3>		<http://ids.clld.org/parameters/14-420>		<http://ids.clld.org/values/14-420-209-1>		"wṣe"@xto	
"ween"@cap	<http://ids.clld.org/values/14-420-270-3>		<http://ids.clld.org/parameters/14-420>		<http://ids.clld.org/values/14-420-209-3>		"oṣeɲi"@xto	
"šxixk-š"@cap	<http://ids.clld.org/values/10-620-270-1>		<http://ids.clld.org/parameters/10-620>		<http://ids.clld.org/values/10-620-209-1>		"käl-"@xto	
"toŋxi"@cap	<http://ids.clld.org/values/14-470-270-1>		<http://ids.clld.org/parameters/14-470>		<http://ids.clld.org/values/14-470-209-1>		"ārśo"@xto	
"piška"@cap	<http://ids.clld.org/values/13-20-270-1>		<http://ids.clld.org/parameters/13-20>		<http://ids.clld.org/values/13-20-209-1>		"wu"@xto	
"piška"@cap	<http://ids.clld.org/values/13-20-270-1>		<http://ids.clld.org/parameters/13-20>		<http://ids.clld.org/values/13-20-209-3>		"we"@xto	
"oxḳ-"@cap	<http://ids.clld.org/values/10-470-270-1>		<http://ids.clld.org/parameters/10-470>		<http://ids.clld.org/values/10-470-209-5>		"kälk-"@xto	
"oxḳ-"@cap	<http://ids.clld.org/values/10-470-270-1>		<http://ids.clld.org/parameters/10-470>		<http://ids.clld.org/values/10-470-209-1>		"i-"@xto	
"oxḳ-"@cap	<http://ids.clld.org/values/10-470-270-1>		<http://ids.clld.org/parameters/10-470>		<http://ids.clld.org/values/10-470-209-3>		"yeṣ"@xto	
"taḳu pal-xay-š"@cap	<http://ids.clld.org/values/22-220-270-1>		<http://ids.clld.org/parameters/22-220>		<http://ids.clld.org/values/22-220-209-1>		"āks-"@xto	
"čawk xiliri"@cap	<http://ids.clld.org/values/19-320-270-1>		<http://ids.clld.org/parameters/19-320>		<http://ids.clld.org/values/19-320-209-3>		"lāṃś"@xto	
"čawk xiliri"@cap	<http://ids.clld.org/values/19-320-270-1>		<http://ids.clld.org/parameters/19-320>		<http://ids.clld.org/values/19-320-209-1>		"wäl"@xto	
"muna-ši"@cap	<http://ids.clld.org/values/16-270-270-1>		<http://ids.clld.org/parameters/16-270>		<http://ids.clld.org/values/16-270-209-1>		"tunk-iɲɲ-"@xto	
"x̣oṣ̌a"@cap	<http://ids.clld.org/values/3-160-270-3>		<http://ids.clld.org/parameters/3-160>		<http://ids.clld.org/values/3-160-209-1>		"wäsri"@xto	
"ḳˀoɲi"@cap	<http://ids.clld.org/values/15-851-270-1>		<http://ids.clld.org/parameters/15-851>		<http://ids.clld.org/values/15-851-209-1>		"omäl"@xto	
"ḳʰolx-š"@cap	<http://ids.clld.org/values/9-260-270-3>		<http://ids.clld.org/parameters/9-260>		<http://ids.clld.org/values/9-260-209-1>		"kot-"@xto	
"tʰuɲi"@cap	<http://ids.clld.org/values/14-410-270-1>		<http://ids.clld.org/parameters/14-410>		<http://ids.clld.org/values/14-410-209-1>		"koṃ"@xto	
"xekt"@cap	<http://ids.clld.org/values/17-680-270-1>		<http://ids.clld.org/parameters/17-680>		<http://ids.clld.org/values/17-680-209-1>		"kus"@xto	
"lxat-"@cap	<http://ids.clld.org/values/3-130-270-1>		<http://ids.clld.org/parameters/3-130>		<http://ids.clld.org/values/3-130-209-1>		"kùleɲci"@xto	
"hoo-"@cap	<http://ids.clld.org/values/9-330-270-1>		<http://ids.clld.org/parameters/9-330>		<http://ids.clld.org/values/9-330-209-5>		"ru-"@xto	
"hoo-"@cap	<http://ids.clld.org/values/9-330-270-1>		<http://ids.clld.org/parameters/9-330>		<http://ids.clld.org/values/9-330-209-3>		"ep-"@xto	
"hoo-"@cap	<http://ids.clld.org/values/9-330-270-1>		<http://ids.clld.org/parameters/9-330>		<http://ids.clld.org/values/9-330-209-1>		"yärt-"@xto	
"munti-naka"@cap	<http://ids.clld.org/values/1-410-270-1>		<http://ids.clld.org/parameters/1-410>		<http://ids.clld.org/values/1-410-209-1>		"kārāś"@xto	
"txoḳ-"@cap	<http://ids.clld.org/values/10-230-270-3>		<http://ids.clld.org/parameters/10-230>		<http://ids.clld.org/values/10-230-209-1>		"klā(w)-"@xto	
"xikš"@cap	<http://ids.clld.org/values/10-710-270-1>		<http://ids.clld.org/parameters/10-710>		<http://ids.clld.org/values/10-710-209-1>		"ṣont"@xto	
"ḳʰoɲi"@cap	<http://ids.clld.org/values/15-840-270-1>		<http://ids.clld.org/parameters/15-840>		<http://ids.clld.org/values/15-840-209-1>		"āsar"@xto	
"c̷axt-"@cap	<http://ids.clld.org/values/10-440-270-1>		<http://ids.clld.org/parameters/10-440>		<http://ids.clld.org/values/10-440-209-1>		"tsip-"@xto	
"awči"@cap	<http://ids.clld.org/values/15-830-270-1>		<http://ids.clld.org/parameters/15-830>		<http://ids.clld.org/values/15-830-209-1>		"wip-"@xto	
"tʰami"@cap	<http://ids.clld.org/values/1-720-270-1>		<http://ids.clld.org/parameters/1-720>		<http://ids.clld.org/values/1-720-209-1>		"want"@xto	
"kexpš"@cap	<http://ids.clld.org/values/10-481-270-1>		<http://ids.clld.org/parameters/10-481>		<http://ids.clld.org/values/10-481-209-1>		"lotk-"@xto	
"[honora] tʰaa-"@cap	<http://ids.clld.org/values/22-160-270-1>		<http://ids.clld.org/parameters/22-160>		<http://ids.clld.org/values/22-160-209-1>		"winās-"@xto	
"ḳˀatš"@cap	<http://ids.clld.org/values/9-222-270-1>		<http://ids.clld.org/parameters/9-222>		<http://ids.clld.org/values/9-222-209-1>		"kot-"@xto	
"paḳu"@cap	<http://ids.clld.org/values/3-610-270-1>		<http://ids.clld.org/parameters/3-610>		<http://ids.clld.org/values/3-610-209-1>		"ku"@xto	
"lik-š"@cap	<http://ids.clld.org/values/5-130-270-1>		<http://ids.clld.org/parameters/5-130>		<http://ids.clld.org/values/5-130-209-1>		"yok-"@xto	
"expč̣a"@cap	<http://ids.clld.org/values/4-710-270-1>		<http://ids.clld.org/parameters/4-710>		<http://ids.clld.org/values/4-710-209-1>		"täm-"@xto	
"-ḳat"@cap	<http://ids.clld.org/values/17-420-270-1>		<http://ids.clld.org/parameters/17-420>		<http://ids.clld.org/values/17-420-209-1>		"ṣurm"@xto	
"x̣ora"@cap	<http://ids.clld.org/values/4-290-270-1>		<http://ids.clld.org/parameters/4-290>		<http://ids.clld.org/values/4-290-209-1>		"ṣunk"@xto	
"[parinti]"@cap	<http://ids.clld.org/values/2-810-270-1>		<http://ids.clld.org/parameters/2-810>		<http://ids.clld.org/values/2-810-209-1>		"ṣɲaṣṣeɲ"@xto	
"ḳˀot-š"@cap	<http://ids.clld.org/values/16-670-270-3>		<http://ids.clld.org/parameters/16-670>		<http://ids.clld.org/values/16-670-209-1>		"smale"@xto	
"šanku"@cap	<http://ids.clld.org/values/12-60-270-1>		<http://ids.clld.org/parameters/12-60>		<http://ids.clld.org/values/12-60-209-1>		"pärne"@xto	
"tuna"@cap	<http://ids.clld.org/values/12-450-270-1>		<http://ids.clld.org/parameters/12-450>		<http://ids.clld.org/values/12-450-209-1>		"koṃ-pärkānt"@xto	
"čašɲi"@cap	<http://ids.clld.org/values/14-780-270-1>		<http://ids.clld.org/parameters/14-780>		<http://ids.clld.org/values/14-780-209-1>		"praṣt"@xto	
"lxomi"@cap	<http://ids.clld.org/values/8-540-270-3>		<http://ids.clld.org/parameters/8-540>		<http://ids.clld.org/values/8-540-209-1>		"tsmār"@xto	
"čʰixpi"@cap	<http://ids.clld.org/values/13-210-270-1>		<http://ids.clld.org/parameters/13-210>		<http://ids.clld.org/values/13-210-209-1>		"ypic"@xto	
"al-š"@cap	<http://ids.clld.org/values/9-350-270-1>		<http://ids.clld.org/parameters/9-350>		<http://ids.clld.org/values/9-350-209-1>		"ku-"@xto	
"čiwi"@cap	<http://ids.clld.org/values/15-640-270-1>		<http://ids.clld.org/parameters/15-640>		<http://ids.clld.org/values/15-640-209-1>		"ārki"@xto	
"pek-š"@cap	<http://ids.clld.org/values/16-620-270-1>		<http://ids.clld.org/parameters/16-620>		<http://ids.clld.org/values/16-620-209-1>		"yoke"@xto	
"lxoki"@cap	<http://ids.clld.org/values/9-730-270-1>		<http://ids.clld.org/parameters/9-730>		<http://ids.clld.org/values/9-730-209-1>		"tukri"@xto	
"ḳiwḳ-š"@cap	<http://ids.clld.org/values/16-770-270-3>		<http://ids.clld.org/parameters/16-770>		<http://ids.clld.org/values/16-770-209-1>		"triślune"@xto	
"ḳʰexspii-"@cap	<http://ids.clld.org/values/11-250-270-3>		<http://ids.clld.org/parameters/11-250>		<http://ids.clld.org/values/11-250-209-1>		"tsälp-"@xto	
"wak-či ṣ̌oɲi"@cap	<http://ids.clld.org/values/13-190-270-1>		<http://ids.clld.org/parameters/13-190>		<http://ids.clld.org/values/13-190-209-1>		"krop"@xto	
"waru"@cap	<http://ids.clld.org/values/12-480-270-1>		<http://ids.clld.org/parameters/12-480>		<http://ids.clld.org/values/12-480-209-1>		"mäcriṃ (?)"@xto	
"ṣ̌et-š"@cap	<http://ids.clld.org/values/4-740-270-1>		<http://ids.clld.org/parameters/4-740>		<http://ids.clld.org/values/4-740-209-3>		"śol"@xto	
"ṣ̌et-š"@cap	<http://ids.clld.org/values/4-740-270-1>		<http://ids.clld.org/parameters/4-740>		<http://ids.clld.org/values/4-740-209-1>		"śo-"@xto	
"wexl-š"@cap	<http://ids.clld.org/values/5-210-270-3>		<http://ids.clld.org/parameters/5-210>		<http://ids.clld.org/values/5-210-209-1>		"päk-"@xto	
"č̣ʰakš"@cap	<http://ids.clld.org/values/8-531-270-3>		<http://ids.clld.org/parameters/8-531>		<http://ids.clld.org/values/8-531-209-1>		"sāry-"@xto	
"maš"@cap	<http://ids.clld.org/values/1-440-270-3>		<http://ids.clld.org/parameters/1-440>		<http://ids.clld.org/values/1-440-209-1>		"pāreṃ"@xto	
"c̷oḳ"@cap	<http://ids.clld.org/values/15-650-270-1>		<http://ids.clld.org/parameters/15-650>		<http://ids.clld.org/values/15-650-209-1>		"arkant-"@xto	
"ana šuma"@cap	<http://ids.clld.org/values/16-720-270-1>		<http://ids.clld.org/parameters/16-720>		<http://ids.clld.org/values/16-720-209-3>		"omäskeṃ"@xto	
"ana šuma"@cap	<http://ids.clld.org/values/16-720-270-1>		<http://ids.clld.org/parameters/16-720>		<http://ids.clld.org/values/16-720-209-1>		"umpar"@xto	
"č̣ʰulx̣apa"@cap	<http://ids.clld.org/values/17-690-270-1>		<http://ids.clld.org/parameters/17-690>		<http://ids.clld.org/values/17-690-209-1>		"kùyal"@xto	
"ḳuš"@cap	<http://ids.clld.org/values/10-610-270-1>		<http://ids.clld.org/parameters/10-610>		<http://ids.clld.org/values/10-610-209-1>		"pär-"@xto	
"toxtiš"@cap	<http://ids.clld.org/values/11-910-270-3>		<http://ids.clld.org/parameters/11-910>		<http://ids.clld.org/values/11-910-209-1>		"pāk yām-/ypa-/ya-"@xto	
"čʰin-š"@cap	<http://ids.clld.org/values/9-340-270-1>		<http://ids.clld.org/parameters/9-340>		<http://ids.clld.org/values/9-340-209-1>		"sätk-"@xto	
"pʰaxḳalʸa"@cap	<http://ids.clld.org/values/8-570-270-1>		<http://ids.clld.org/parameters/8-570>		<http://ids.clld.org/values/8-570-209-1>		"pyāpi"@xto	
"čiiṣ̌in-"@cap	<http://ids.clld.org/values/18-390-270-1>		<http://ids.clld.org/parameters/18-390>		<http://ids.clld.org/values/18-390-209-1>		"nāk-"@xto	
"ḳʰaw-š"@cap	<http://ids.clld.org/values/18-410-270-1>		<http://ids.clld.org/parameters/18-410>		<http://ids.clld.org/values/18-410-209-1>		"ken-"@xto	
"škiti"@cap	<http://ids.clld.org/values/6-120-270-1>		<http://ids.clld.org/parameters/6-120>		<http://ids.clld.org/values/6-120-209-1>		"wsal"@xto	
"čara"@cap	<http://ids.clld.org/values/4-140-270-1>		<http://ids.clld.org/parameters/4-140>		<http://ids.clld.org/values/4-140-209-1>		"śāku"@xto	
"wiri"@cap	<http://ids.clld.org/values/12-10-270-1>		<http://ids.clld.org/parameters/12-10>		<http://ids.clld.org/values/12-10-209-1>		"särki"@xto	
"irke irke"@cap	<http://ids.clld.org/values/4-170-270-1>		<http://ids.clld.org/parameters/4-170>		<http://ids.clld.org/values/4-170-209-1>		"kror"@xto	
"non-š"@cap	<http://ids.clld.org/values/15-420-270-1>		<http://ids.clld.org/parameters/15-420>		<http://ids.clld.org/values/15-420-209-1>		"klyos-"@xto	
"ḳʰur-š"@cap	<http://ids.clld.org/values/11-310-270-1>		<http://ids.clld.org/parameters/11-310>		<http://ids.clld.org/values/11-310-209-1>		"rit-"@xto	
"kʰewa"@cap	<http://ids.clld.org/values/5-791-270-1>		<http://ids.clld.org/parameters/5-791>		<http://ids.clld.org/values/5-791-209-1>		"ṣälyp"@xto	
"[kastik]ta tʰaa-"@cap	<http://ids.clld.org/values/21-320-270-1>		<http://ids.clld.org/parameters/21-320>		<http://ids.clld.org/values/21-320-209-1>		"nāk-"@xto	
"eek-š"@cap	<http://ids.clld.org/values/5-140-270-1>		<http://ids.clld.org/parameters/5-140>		<http://ids.clld.org/values/5-140-209-1>		"kaṣt"@xto	
"kʰari"@cap	<http://ids.clld.org/values/12-610-270-3>		<http://ids.clld.org/parameters/12-610>		<http://ids.clld.org/values/12-610-209-1>		"wärts"@xto	
"paa-š"@cap	<http://ids.clld.org/values/9-440-270-1>		<http://ids.clld.org/parameters/9-440>		<http://ids.clld.org/values/9-440-209-1>		"tsik-"@xto	
"uṣ̌a"@cap	<http://ids.clld.org/values/12-470-270-1>		<http://ids.clld.org/parameters/12-470>		<http://ids.clld.org/values/12-470-209-1>		"ṣuliɲc"@xto	
"suri"@cap	<http://ids.clld.org/values/16-420-270-1>		<http://ids.clld.org/parameters/16-420>		<http://ids.clld.org/values/16-420-209-1>		"tärm-"@xto	
"paḳpik"@cap	<http://ids.clld.org/values/13-40-270-1>		<http://ids.clld.org/parameters/13-40>		<http://ids.clld.org/values/13-40-209-1>		"śtwar"@xto	
"tʰam"@cap	<http://ids.clld.org/values/10-380-270-3>		<http://ids.clld.org/parameters/10-380>		<http://ids.clld.org/values/10-380-209-1>		"pis-"@xto	
"munti"@cap	<http://ids.clld.org/values/1-420-270-1>		<http://ids.clld.org/parameters/1-420>		<http://ids.clld.org/values/1-420-209-1>		"ṣtām"@xto	
"mokˀo"@cap	<http://ids.clld.org/values/16-410-270-1>		<http://ids.clld.org/parameters/16-410>		<http://ids.clld.org/values/16-410-209-1>		"roɲcäm"@xto	
"mokˀo"@cap	<http://ids.clld.org/values/16-410-270-1>		<http://ids.clld.org/parameters/16-410>		<http://ids.clld.org/values/16-410-209-3>		"rse"@xto	
"maššin-"@cap	<http://ids.clld.org/values/18-430-270-1>		<http://ids.clld.org/parameters/18-430>		<http://ids.clld.org/values/18-430-209-1>		"klāw-"@xto	
"[pori] ṣ̌oɲi"@cap	<http://ids.clld.org/values/11-530-270-1>		<http://ids.clld.org/parameters/11-530>		<http://ids.clld.org/values/11-530-209-1>		"yāṣṣuce"@xto	
"tʰap-š"@cap	<http://ids.clld.org/values/1-852-270-1>		<http://ids.clld.org/parameters/1-852>		<http://ids.clld.org/values/1-852-209-1>		"sälp-"@xto	
"ɲeḳ-š"@cap	<http://ids.clld.org/values/9-342-270-1>		<http://ids.clld.org/parameters/9-342>		<http://ids.clld.org/values/9-342-209-1>		"kälts-"@xto	
"axkš"@cap	<http://ids.clld.org/values/10-650-270-1>		<http://ids.clld.org/parameters/10-650>		<http://ids.clld.org/values/10-650-209-1>		"āk-"@xto	
"layš"@cap	<http://ids.clld.org/values/10-370-270-1>		<http://ids.clld.org/parameters/10-370>		<http://ids.clld.org/values/10-370-209-3>		"säl-"@xto	
"layš"@cap	<http://ids.clld.org/values/10-370-270-1>		<http://ids.clld.org/parameters/10-370>		<http://ids.clld.org/values/10-370-209-1>		"plu-"@xto	
"lar-š"@cap	<http://ids.clld.org/values/9-220-270-1>		<http://ids.clld.org/parameters/9-220>		<http://ids.clld.org/values/9-220-209-1>		"karṣt-"@xto	
"lar-š"@cap	<http://ids.clld.org/values/9-220-270-1>		<http://ids.clld.org/parameters/9-220>		<http://ids.clld.org/values/9-220-209-3>		"lātk-"@xto	
"lar-š"@cap	<http://ids.clld.org/values/9-220-270-1>		<http://ids.clld.org/parameters/9-220>		<http://ids.clld.org/values/9-220-209-5>		"prutk-"@xto	
"txaŋ-š"@cap	<http://ids.clld.org/values/21-510-270-1>		<http://ids.clld.org/parameters/21-510>		<http://ids.clld.org/values/21-510-209-1>		"kärk-"@xto	
"xila"@cap	<http://ids.clld.org/values/2-440-270-1>		<http://ids.clld.org/parameters/2-440>		<http://ids.clld.org/values/2-440-209-1>		"pracar"@xto	
"ux"@cap	<http://ids.clld.org/values/1-810-270-1>		<http://ids.clld.org/parameters/1-810>		<http://ids.clld.org/values/1-810-209-1>		"por"@xto	
"šarak"@cap	<http://ids.clld.org/values/10-490-270-3>		<http://ids.clld.org/parameters/10-490>		<http://ids.clld.org/values/10-490-209-1>		"lit-"@xto	
"xex-"@cap	<http://ids.clld.org/values/4-510-270-1>		<http://ids.clld.org/parameters/4-510>		<http://ids.clld.org/values/4-510-209-1>		"wraseṃ"@xto	
"čixɲi"@cap	<http://ids.clld.org/values/1-750-270-1>		<http://ids.clld.org/parameters/1-750>		<http://ids.clld.org/values/1-750-209-1>		"swase"@xto	
"xʷetš"@cap	<http://ids.clld.org/values/8-220-270-1>		<http://ids.clld.org/parameters/8-220>		<http://ids.clld.org/values/8-220-209-1>		"räp-"@xto	
"[pertun]-š"@cap	<http://ids.clld.org/values/16-690-270-1>		<http://ids.clld.org/parameters/16-690>		<http://ids.clld.org/values/16-690-209-1>		"[kṣānti]"@xto	
"xakšilta"@cap	<http://ids.clld.org/values/17-670-270-1>		<http://ids.clld.org/parameters/17-670>		<http://ids.clld.org/values/17-670-209-1>		"äntsam"@xto	
"werx"@cap	<http://ids.clld.org/values/2-910-270-1>		<http://ids.clld.org/parameters/2-910>		<http://ids.clld.org/values/2-910-209-1>		"näṣ"@xto	
"werx"@cap	<http://ids.clld.org/values/2-910-270-1>		<http://ids.clld.org/parameters/2-910>		<http://ids.clld.org/values/2-910-209-3>		"ɲuk"@xto	
"atax-"@cap	<http://ids.clld.org/values/19-590-270-1>		<http://ids.clld.org/parameters/19-590>		<http://ids.clld.org/values/19-590-209-1>		"tänk-"@xto	
"uṣ̌ačuk"@cap	<http://ids.clld.org/values/12-470-270-3>		<http://ids.clld.org/parameters/12-470>		<http://ids.clld.org/values/12-470-209-1>		"ṣuliɲc"@xto	
"c̷ʰix"@cap	<http://ids.clld.org/values/4-160-270-1>		<http://ids.clld.org/parameters/4-160>		<http://ids.clld.org/values/4-160-209-1>		"āy"@xto	
"c̷ʰix"@cap	<http://ids.clld.org/values/4-160-270-1>		<http://ids.clld.org/parameters/4-160>		<http://ids.clld.org/values/4-160-209-3>		"āyäntu"@xto	
"xekmi"@cap	<http://ids.clld.org/values/17-680-270-3>		<http://ids.clld.org/parameters/17-680>		<http://ids.clld.org/values/17-680-209-1>		"kus"@xto	
"pˀišu"@cap	<http://ids.clld.org/values/2-251-270-1>		<http://ids.clld.org/parameters/2-251>		<http://ids.clld.org/values/2-251-209-1>		"wir"@xto	
"ḳulʸa"@cap	<http://ids.clld.org/values/4-880-270-1>		<http://ids.clld.org/parameters/4-880>		<http://ids.clld.org/values/4-880-209-1>		"[sāṃtäk]"@xto	
"paḳalʸaku"@cap	<http://ids.clld.org/values/13-70-270-1>		<http://ids.clld.org/parameters/13-70>		<http://ids.clld.org/values/13-70-209-1>		"ṣpat"@xto	
"kwiti-"@cap	<http://ids.clld.org/values/11-240-270-1>		<http://ids.clld.org/parameters/11-240>		<http://ids.clld.org/values/11-240-209-1>		"pās-"@xto	
"lxok"@cap	<http://ids.clld.org/values/4-150-270-1>		<http://ids.clld.org/parameters/4-150>		<http://ids.clld.org/values/4-150-209-1>		"ysār"@xto	
"čʰoxrit-š"@cap	<http://ids.clld.org/values/11-280-270-1>		<http://ids.clld.org/parameters/11-280>		<http://ids.clld.org/values/11-280-209-1>		"mi-"@xto	
"c̷xiri"@cap	<http://ids.clld.org/values/1-730-270-1>		<http://ids.clld.org/parameters/1-730>		<http://ids.clld.org/values/1-730-209-1>		"tärkär"@xto	
"tʰun"@cap	<http://ids.clld.org/values/2-320-270-1>		<http://ids.clld.org/parameters/2-320>		<http://ids.clld.org/values/2-320-209-1>		"śäṃ"@xto	
"[patruna]"@cap	<http://ids.clld.org/values/19-410-270-1>		<http://ids.clld.org/parameters/19-410>		<http://ids.clld.org/values/19-410-209-1>		"nātäk"@xto	
"laawš"@cap	<http://ids.clld.org/values/15-860-270-3>		<http://ids.clld.org/parameters/15-860>		<http://ids.clld.org/values/15-860-209-1>		"kùraś"@xto	
"irpiš"@cap	<http://ids.clld.org/values/10-640-270-1>		<http://ids.clld.org/parameters/10-640>		<http://ids.clld.org/values/10-640-209-1>		"āk-"@xto	
"lukmaxč"@cap	<http://ids.clld.org/values/2-250-270-1>		<http://ids.clld.org/parameters/2-250>		<http://ids.clld.org/values/2-250-209-1>		"śom"@xto	
"uš"@cap	<http://ids.clld.org/values/2-260-270-1>		<http://ids.clld.org/parameters/2-260>		<http://ids.clld.org/values/2-260-209-1>		"śomiṃ"@xto	
"maxč"@cap	<http://ids.clld.org/values/2-410-270-1>		<http://ids.clld.org/parameters/2-410>		<http://ids.clld.org/values/2-410-209-1>		"se"@xto	
"maxč"@cap	<http://ids.clld.org/values/2-410-270-1>		<http://ids.clld.org/parameters/2-410>		<http://ids.clld.org/values/2-410-209-3>		"sewās"@xto	
"xooči"@cap	<http://ids.clld.org/values/9-341-270-1>		<http://ids.clld.org/parameters/9-341>		<http://ids.clld.org/values/9-341-209-1>		"länk-"@xto	
"[liči]"@cap	<http://ids.clld.org/values/5-860-270-1>		<http://ids.clld.org/parameters/5-860>		<http://ids.clld.org/values/5-860-209-1>		"malke"@xto	
"tik-č̣a"@cap	<http://ids.clld.org/values/4-750-270-3>		<http://ids.clld.org/parameters/4-750>		<http://ids.clld.org/values/4-750-209-3>		"walu"@xto	
"tik-č̣a"@cap	<http://ids.clld.org/values/4-750-270-3>		<http://ids.clld.org/parameters/4-750>		<http://ids.clld.org/values/4-750-209-1>		"wäl-"@xto	
"[kintˀa-]"@cap	<http://ids.clld.org/values/18-221-270-1>		<http://ids.clld.org/parameters/18-221>		<http://ids.clld.org/values/18-221-209-1>		"tränk-"@xto	
"č̣ʰuxki"@cap	<http://ids.clld.org/values/4-210-270-1>		<http://ids.clld.org/parameters/4-210>		<http://ids.clld.org/values/4-210-209-1>		"ak"@xto	
"tʰaaxin-š"@cap	<http://ids.clld.org/values/17-250-270-1>		<http://ids.clld.org/parameters/17-250>		<http://ids.clld.org/values/17-250-209-1>		"ṣärp-"@xto	
"kewi"@cap	<http://ids.clld.org/values/5-340-270-3>		<http://ids.clld.org/parameters/5-340>		<http://ids.clld.org/values/5-340-209-1>		"[kunti]"@xto	
"ḳis-ḳis"@cap	<http://ids.clld.org/values/10-110-270-1>		<http://ids.clld.org/parameters/10-110>		<http://ids.clld.org/values/10-110-209-3>		"lit-"@xto	
"ḳis-ḳis"@cap	<http://ids.clld.org/values/10-110-270-1>		<http://ids.clld.org/parameters/10-110>		<http://ids.clld.org/values/10-110-209-7>		"mus-"@xto	
"ḳis-ḳis"@cap	<http://ids.clld.org/values/10-110-270-1>		<http://ids.clld.org/parameters/10-110>		<http://ids.clld.org/values/10-110-209-5>		"rutk-"@xto	
"ḳis-ḳis"@cap	<http://ids.clld.org/values/10-110-270-1>		<http://ids.clld.org/parameters/10-110>		<http://ids.clld.org/values/10-110-209-1>		"wāsk-"@xto	
"wats"@cap	<http://ids.clld.org/values/6-330-270-1>		<http://ids.clld.org/parameters/6-330>		<http://ids.clld.org/values/6-330-209-1>		"wäp-"@xto	
"luktaḳa"@cap	<http://ids.clld.org/values/2-210-270-1>		<http://ids.clld.org/parameters/2-210>		<http://ids.clld.org/values/2-210-209-1>		"onk"@xto	
"kaxa"@cap	<http://ids.clld.org/values/18-720-270-1>		<http://ids.clld.org/parameters/18-720>		<http://ids.clld.org/values/18-720-209-1>		"kumpäc"@xto	
"čʰoxritš"@cap	<http://ids.clld.org/values/4-850-270-1>		<http://ids.clld.org/parameters/4-850>		<http://ids.clld.org/values/4-850-209-1>		"päl"@xto	
"tʰees"@cap	<http://ids.clld.org/values/15-550-270-1>		<http://ids.clld.org/parameters/15-550>		<http://ids.clld.org/values/15-550-209-1>		"läks-"@xto	
"kʰi-"@cap	<http://ids.clld.org/values/18-210-270-1>		<http://ids.clld.org/parameters/18-210>		<http://ids.clld.org/values/18-210-209-1>		"träṅk-"@xto	
"[alma]"@cap	<http://ids.clld.org/values/16-110-270-3>		<http://ids.clld.org/parameters/16-110>		<http://ids.clld.org/values/16-110-209-1>		"āɲcäm"@xto	
"ḳˀatš"@cap	<http://ids.clld.org/values/9-221-270-1>		<http://ids.clld.org/parameters/9-221>		<http://ids.clld.org/values/9-221-209-1>		"kärṣt-"@xto	
"aya"@cap	<http://ids.clld.org/values/4-205-270-1>		<http://ids.clld.org/parameters/4-205>		<http://ids.clld.org/values/4-205-209-1>		"ānt"@xto	
"čʰixʷ-š"@cap	<http://ids.clld.org/values/10-473-270-1>		<http://ids.clld.org/parameters/10-473>		<http://ids.clld.org/values/10-473-209-1>		"kārp-"@xto	
"tuki"@cap	<http://ids.clld.org/values/12-40-270-1>		<http://ids.clld.org/parameters/12-40>		<http://ids.clld.org/values/12-40-209-1>		"anapär"@xto	
"x̣ʷaxrš"@cap	<http://ids.clld.org/values/9-260-270-1>		<http://ids.clld.org/parameters/9-260>		<http://ids.clld.org/values/9-260-209-1>		"kot-"@xto	
"tʰat-š ~ tx̣at-š ~ tʰwat-š"@cap	<http://ids.clld.org/values/17-320-270-1>		<http://ids.clld.org/parameters/17-320>		<http://ids.clld.org/values/17-320-209-1>		"märs-"@xto	
"enen-š"@cap	<http://ids.clld.org/values/14-240-270-1>		<http://ids.clld.org/parameters/14-240>		<http://ids.clld.org/values/14-240-209-1>		"tänk-"@xto	
"wen"@cap	<http://ids.clld.org/values/14-420-270-1>		<http://ids.clld.org/parameters/14-420>		<http://ids.clld.org/values/14-420-209-1>		"wṣe"@xto	
"wen"@cap	<http://ids.clld.org/values/14-420-270-1>		<http://ids.clld.org/parameters/14-420>		<http://ids.clld.org/values/14-420-209-3>		"oṣeɲi"@xto	
"tˀax̣s"@cap	<http://ids.clld.org/values/5-490-270-3>		<http://ids.clld.org/parameters/5-490>		<http://ids.clld.org/values/5-490-209-1>		"triw-"@xto	
"tuɲi"@cap	<http://ids.clld.org/values/7-560-270-1>		<http://ids.clld.org/parameters/7-560>		<http://ids.clld.org/values/7-560-209-1>		"asäl"@xto	
"šepˀa"@cap	<http://ids.clld.org/values/8-540-270-1>		<http://ids.clld.org/parameters/8-540>		<http://ids.clld.org/values/8-540-209-1>		"tsmār"@xto	
"kuru"@cap	<http://ids.clld.org/values/1-220-270-1>		<http://ids.clld.org/parameters/1-220>		<http://ids.clld.org/values/1-220-209-1>		"ṣul"@xto	
"awxs"@cap	<http://ids.clld.org/values/9-360-270-1>		<http://ids.clld.org/parameters/9-360>		<http://ids.clld.org/values/9-360-209-1>		"lik-"@xto	
"karanu"@cap	<http://ids.clld.org/values/8-420-270-1>		<http://ids.clld.org/parameters/8-420>		<http://ids.clld.org/values/8-420-209-1>		"wsār"@xto	
"luxl-"@cap	<http://ids.clld.org/values/5-110-270-1>		<http://ids.clld.org/parameters/5-110>		<http://ids.clld.org/values/5-110-209-1>		"śu- ~ śuwā-"@xto	
"tuwanta"@cap	<http://ids.clld.org/values/12-450-270-3>		<http://ids.clld.org/parameters/12-450>		<http://ids.clld.org/values/12-450-209-1>		"koṃ-pärkānt"@xto	
"taxa"@cap	<http://ids.clld.org/values/12-460-270-1>		<http://ids.clld.org/parameters/12-460>		<http://ids.clld.org/values/12-460-209-1>		"koṃ-wmānt"@xto	
"takiša"@cap	<http://ids.clld.org/values/8-210-270-1>		<http://ids.clld.org/parameters/8-210>		<http://ids.clld.org/values/8-210-209-1>		"pāt"@xto	
"čixɲi [timpu]"@cap	<http://ids.clld.org/values/14-760-270-1>		<http://ids.clld.org/parameters/14-760>		<http://ids.clld.org/values/14-760-209-1>		"ṣme"@xto	
"c̷ʰits-"@cap	<http://ids.clld.org/values/12-150-270-3>		<http://ids.clld.org/parameters/12-150>		<http://ids.clld.org/values/12-150-209-1>		"käly-/ stäm-"@xto	
"kulʸaka"@cap	<http://ids.clld.org/values/2-450-270-1>		<http://ids.clld.org/parameters/2-450>		<http://ids.clld.org/values/2-450-209-1>		"ṣar"@xto	
"lʸa-tunka"@cap	<http://ids.clld.org/values/13-90-270-1>		<http://ids.clld.org/parameters/13-90>		<http://ids.clld.org/values/13-90-209-1>		"ɲu"@xto	
"čara"@cap	<http://ids.clld.org/values/6-280-270-1>		<http://ids.clld.org/parameters/6-280>		<http://ids.clld.org/values/6-280-209-1>		"yok"@xto	
"šḳora"@cap	<http://ids.clld.org/values/3-850-270-1>		<http://ids.clld.org/parameters/3-850>		<http://ids.clld.org/values/3-850-209-1>		"ārṣal"@xto	
"ḳx̣arkota"@cap	<http://ids.clld.org/values/4-331-270-1>		<http://ids.clld.org/parameters/4-331>		<http://ids.clld.org/values/4-331-209-1>		"āle"@xto	
"kʰen"@cap	<http://ids.clld.org/values/17-520-270-1>		<http://ids.clld.org/parameters/17-520>		<http://ids.clld.org/values/17-520-209-1>		"kuc"@xto	
"[intinti-]"@cap	<http://ids.clld.org/values/17-160-270-1>		<http://ids.clld.org/parameters/17-160>		<http://ids.clld.org/values/17-160-209-1>		"kärs-"@xto	
"aɲ"@cap	<http://ids.clld.org/values/14-180-270-1>		<http://ids.clld.org/parameters/14-180>		<http://ids.clld.org/values/14-180-209-1>		"tāpärk"@xto	
"ḳxara"@cap	<http://ids.clld.org/values/4-330-270-1>		<http://ids.clld.org/parameters/4-330>		<http://ids.clld.org/values/4-330-209-1>		"tsar"@xto	
"waxt-"@cap	<http://ids.clld.org/values/4-630-270-1>		<http://ids.clld.org/parameters/4-630>		<http://ids.clld.org/values/4-630-209-1>		"wār-"@xto	
"šika"@cap	<http://ids.clld.org/values/8-560-270-3>		<http://ids.clld.org/parameters/8-560>		<http://ids.clld.org/values/8-560-209-1>		"pält"@xto	
"c̷ukči"@cap	<http://ids.clld.org/values/16-530-270-1>		<http://ids.clld.org/parameters/16-530>		<http://ids.clld.org/values/16-530-209-1>		"praski"@xto	
"luxl-š"@cap	<http://ids.clld.org/values/5-110-270-3>		<http://ids.clld.org/parameters/5-110>		<http://ids.clld.org/values/5-110-209-1>		"śu- ~ śuwā-"@xto	
"lapˀiṣ̌iš"@cap	<http://ids.clld.org/values/17-130-270-1>		<http://ids.clld.org/parameters/17-130>		<http://ids.clld.org/values/17-130-209-1>		"päl(t)sk-"@xto	
"[mantita]"@cap	<http://ids.clld.org/values/19-450-270-1>		<http://ids.clld.org/parameters/19-450>		<http://ids.clld.org/values/19-450-209-1>		"wätk-"@xto	
"lʸumpaḳa"@cap	<http://ids.clld.org/values/15-870-270-1>		<http://ids.clld.org/parameters/15-870>		<http://ids.clld.org/values/15-870-209-1>		"āṣtär"@xto	
"wata"@cap	<http://ids.clld.org/values/14-730-270-1>		<http://ids.clld.org/parameters/14-730>		<http://ids.clld.org/values/14-730-209-1>		"pùkäl"@xto	
"[xamilʸa]"@cap	<http://ids.clld.org/values/2-820-270-1>		<http://ids.clld.org/parameters/2-820>		<http://ids.clld.org/values/2-820-209-1>		"[kotär]"@xto	
"maxt"@cap	<http://ids.clld.org/values/2-420-270-1>		<http://ids.clld.org/parameters/2-420>		<http://ids.clld.org/values/2-420-209-1>		"ckācar"@xto	
"ḳʰutu"@cap	<http://ids.clld.org/values/13-140-270-1>		<http://ids.clld.org/parameters/13-140>		<http://ids.clld.org/values/13-140-209-1>		"pont-"@xto	
"tʰuu"@cap	<http://ids.clld.org/values/18-280-270-1>		<http://ids.clld.org/parameters/18-280>		<http://ids.clld.org/values/18-280-209-1>		"ɲom"@xto	
"paxlš"@cap	<http://ids.clld.org/values/11-270-270-1>		<http://ids.clld.org/parameters/11-270>		<http://ids.clld.org/values/11-270-209-1>		"näk-"@xto	
"werara"@cap	<http://ids.clld.org/values/16-660-270-1>		<http://ids.clld.org/parameters/16-660>		<http://ids.clld.org/values/16-660-209-1>		"kārme"@xto	
"paxš"@cap	<http://ids.clld.org/values/17-170-270-1>		<http://ids.clld.org/parameters/17-170>		<http://ids.clld.org/values/17-170-209-1>		"kärs-"@xto	
"kʰixrš"@cap	<http://ids.clld.org/values/18-510-270-1>		<http://ids.clld.org/parameters/18-510>		<http://ids.clld.org/values/18-510-209-1>		"pik-"@xto	
"toskara"@cap	<http://ids.clld.org/values/16-670-270-1>		<http://ids.clld.org/parameters/16-670>		<http://ids.clld.org/values/16-670-209-1>		"smale"@xto	
"eḳš"@cap	<http://ids.clld.org/values/12-540-270-1>		<http://ids.clld.org/parameters/12-540>		<http://ids.clld.org/values/12-540-209-1>		"me-"@xto	
"pʰukš"@cap	<http://ids.clld.org/values/12-260-270-1>		<http://ids.clld.org/parameters/12-260>		<http://ids.clld.org/values/12-260-209-5>		"wāl-"@xto	
"pʰukš"@cap	<http://ids.clld.org/values/12-260-270-1>		<http://ids.clld.org/parameters/12-260>		<http://ids.clld.org/values/12-260-209-3>		"räk-"@xto	
"pʰukš"@cap	<http://ids.clld.org/values/12-260-270-1>		<http://ids.clld.org/parameters/12-260>		<http://ids.clld.org/values/12-260-209-1>		"ep-"@xto	
"las"@cap	<http://ids.clld.org/values/4-260-270-1>		<http://ids.clld.org/parameters/4-260>		<http://ids.clld.org/values/4-260-209-1>		"käntu"@xto	
"ača"@cap	<http://ids.clld.org/values/4-200-270-1>		<http://ids.clld.org/parameters/4-200>		<http://ids.clld.org/values/4-200-209-1>		"mrāc"@xto	
"ača"@cap	<http://ids.clld.org/values/4-200-270-1>		<http://ids.clld.org/parameters/4-200>		<http://ids.clld.org/values/4-200-209-3>		"lap"@xto	
"uri"@cap	<http://ids.clld.org/values/14-210-270-1>		<http://ids.clld.org/parameters/14-210>		<http://ids.clld.org/values/14-210-209-1>		"ymāräk"@xto	
"saxra"@cap	<http://ids.clld.org/values/22-350-270-1>		<http://ids.clld.org/parameters/22-350>		<http://ids.clld.org/values/22-350-209-1>		"omäskeṃ"@xto	
"saxra"@cap	<http://ids.clld.org/values/22-350-270-1>		<http://ids.clld.org/parameters/22-350>		<http://ids.clld.org/values/22-350-209-3>		"umpar"@xto	
"tuši"@cap	<http://ids.clld.org/values/4-440-270-3>		<http://ids.clld.org/parameters/4-440>		<http://ids.clld.org/values/4-440-209-1>		"āriɲc"@xto	
"laači"@cap	<http://ids.clld.org/values/13-220-270-1>		<http://ids.clld.org/parameters/13-220>		<http://ids.clld.org/values/13-220-209-1>		"ekär"@xto	
"honora wayti-š"@cap	<http://ids.clld.org/values/16-790-270-1>		<http://ids.clld.org/parameters/16-790>		<http://ids.clld.org/values/16-790-209-1>		"päl-"@xto	
"xuntuɲ"@cap	<http://ids.clld.org/values/12-80-270-3>		<http://ids.clld.org/parameters/12-80>		<http://ids.clld.org/values/12-80-209-1>		"koc"@xto	
"waxta"@cap	<http://ids.clld.org/values/19-110-270-1>		<http://ids.clld.org/parameters/19-110>		<http://ids.clld.org/values/19-110-209-1>		"ype"@xto	
"tir-š"@cap	<http://ids.clld.org/values/22-150-270-1>		<http://ids.clld.org/parameters/22-150>		<http://ids.clld.org/values/22-150-209-1>		"talke"@xto	
"ḳalʸti"@cap	<http://ids.clld.org/values/14-250-270-1>		<http://ids.clld.org/parameters/14-250>		<http://ids.clld.org/values/14-250-209-1>		"on-"@xto	
"taḳu"@cap	<http://ids.clld.org/values/18-240-270-1>		<http://ids.clld.org/parameters/18-240>		<http://ids.clld.org/values/18-240-209-1>		"käntu"@xto	
"tʰew-"@cap	<http://ids.clld.org/values/16-630-270-1>		<http://ids.clld.org/parameters/16-630>		<http://ids.clld.org/values/16-630-209-1>		"pärmank"@xto	
"lxoki"@cap	<http://ids.clld.org/values/1-214-270-1>		<http://ids.clld.org/parameters/1-214>		<http://ids.clld.org/values/1-214-209-1>		"lyom (?)"@xto	
"[aru]"@cap	<http://ids.clld.org/values/10-760-270-1>		<http://ids.clld.org/parameters/10-760>		<http://ids.clld.org/values/10-760-209-1>		"wärkänt"@xto	
"c̷ʰela"@cap	<http://ids.clld.org/values/9-280-270-1>		<http://ids.clld.org/parameters/9-280>		<http://ids.clld.org/values/9-280-209-1>		"kärṣt-"@xto	
"piyuna"@cap	<http://ids.clld.org/values/19-430-270-1>		<http://ids.clld.org/parameters/19-430>		<http://ids.clld.org/values/19-430-209-1>		"[māɲɲe]"@xto	
"[uuša]"@cap	<http://ids.clld.org/values/3-250-270-1>		<http://ids.clld.org/parameters/3-250>		<http://ids.clld.org/values/3-250-209-1>		"śoś"@xto	
"nakʰu"@cap	<http://ids.clld.org/values/12-440-270-1>		<http://ids.clld.org/parameters/12-440>		<http://ids.clld.org/values/12-440-209-1>		"lok"@xto	
"yoḳa"@cap	<http://ids.clld.org/values/1-210-270-1>		<http://ids.clld.org/parameters/1-210>		<http://ids.clld.org/values/1-210-209-1>		"tkaṃ"@xto	
"[ača]"@cap	<http://ids.clld.org/values/9-250-270-1>		<http://ids.clld.org/parameters/9-250>		<http://ids.clld.org/values/9-250-209-1>		"[porat]"@xto	
"yap-an-š"@cap	<http://ids.clld.org/values/10-140-270-1>		<http://ids.clld.org/parameters/10-140>		<http://ids.clld.org/values/10-140-209-1>		"wänt-"@xto	
"ɲiɲi"@cap	<http://ids.clld.org/values/4-300-270-1>		<http://ids.clld.org/parameters/4-300>		<http://ids.clld.org/values/4-300-209-1>		"es"@xto	
"čerš"@cap	<http://ids.clld.org/values/15-520-270-1>		<http://ids.clld.org/parameters/15-520>		<http://ids.clld.org/values/15-520-209-1>		"läk-"@xto	
"špʰixtɲi"@cap	<http://ids.clld.org/values/9-650-270-1>		<http://ids.clld.org/parameters/9-650>		<http://ids.clld.org/values/9-650-209-1>		"nkiɲc"@xto	
"čʰaɲi"@cap	<http://ids.clld.org/values/8-560-270-1>		<http://ids.clld.org/parameters/8-560>		<http://ids.clld.org/values/8-560-209-1>		"pält"@xto	
"anawira"@cap	<http://ids.clld.org/values/14-340-270-1>		<http://ids.clld.org/parameters/14-340>		<http://ids.clld.org/values/14-340-209-1>		"mā ontaṃ"@xto	
"taḳu"@cap	<http://ids.clld.org/values/18-260-270-1>		<http://ids.clld.org/parameters/18-260>		<http://ids.clld.org/values/18-260-209-1>		"rake"@xto	
"iɲis��i-š"@cap	<http://ids.clld.org/values/16-440-270-1>		<http://ids.clld.org/parameters/16-440>		<http://ids.clld.org/values/16-440-209-1>		"eṃts"@xto	
"tan-ḳat-"@cap	<http://ids.clld.org/values/1-851-270-1>		<http://ids.clld.org/parameters/1-851>		<http://ids.clld.org/values/1-851-209-1>		"tsäk-"@xto	
"mukš"@cap	<http://ids.clld.org/values/15-220-270-1>		<http://ids.clld.org/parameters/15-220>		<http://ids.clld.org/values/15-220-209-1>		"wär-"@xto	
"maa"@cap	<http://ids.clld.org/values/2-360-270-3>		<http://ids.clld.org/parameters/2-360>		<http://ids.clld.org/values/2-360-209-1>		"mācar"@xto	
"tˀirč̣a"@cap	<http://ids.clld.org/values/6-350-270-1>		<http://ids.clld.org/parameters/6-350>		<http://ids.clld.org/values/6-350-209-1>		"su-"@xto	
"pewk-"@cap	<http://ids.clld.org/values/18-310-270-1>		<http://ids.clld.org/parameters/18-310>		<http://ids.clld.org/values/18-310-209-1>		"pärk-"@xto	
"[timpu]"@cap	<http://ids.clld.org/values/14-110-270-1>		<http://ids.clld.org/parameters/14-110>		<http://ids.clld.org/values/14-110-209-1>		"praṣt"@xto	
"kʰuɲ-š"@cap	<http://ids.clld.org/values/17-310-270-1>		<http://ids.clld.org/parameters/17-310>		<http://ids.clld.org/values/17-310-209-1>		"[opyac] käl-"@xto	
"paḳʰi"@cap	<http://ids.clld.org/values/12-550-270-1>		<http://ids.clld.org/parameters/12-550>		<http://ids.clld.org/values/12-550-209-3>		"śāwe"@xto	
"paḳʰi"@cap	<http://ids.clld.org/values/12-550-270-1>		<http://ids.clld.org/parameters/12-550>		<http://ids.clld.org/values/12-550-209-1>		"tsopats"@xto	
"č̣ʰaḳ"@cap	<http://ids.clld.org/values/14-270-270-1>		<http://ids.clld.org/parameters/14-270>		<http://ids.clld.org/values/14-270-209-1>		"ār- (?)"@xto	
"č̣ʰet-či"@cap	<http://ids.clld.org/values/12-170-270-1>		<http://ids.clld.org/parameters/12-170>		<http://ids.clld.org/values/12-170-209-1>		"lyipär"@xto	
"ux peḳ-š"@cap	<http://ids.clld.org/values/1-860-270-3>		<http://ids.clld.org/parameters/1-860>		<http://ids.clld.org/values/1-860-209-1>		"tu-"@xto	
"ḳʰaṣ̌ut"@cap	<http://ids.clld.org/values/17-620-270-1>		<http://ids.clld.org/parameters/17-620>		<http://ids.clld.org/values/17-620-209-1>		"kos"@xto	
"ḳoɲa"@cap	<http://ids.clld.org/values/15-750-270-1>		<http://ids.clld.org/parameters/15-750>		<http://ids.clld.org/values/15-750-209-1>		"wl(y)ep"@xto	
"xʷaxt-š"@cap	<http://ids.clld.org/values/9-210-270-3>		<http://ids.clld.org/parameters/9-210>		<http://ids.clld.org/values/9-210-209-1>		"on-"@xto	
"xʷaxt-š"@cap	<http://ids.clld.org/values/9-210-270-3>		<http://ids.clld.org/parameters/9-210>		<http://ids.clld.org/values/9-210-209-3>		"ko-"@xto	
"xʷaxt-š"@cap	<http://ids.clld.org/values/9-210-270-3>		<http://ids.clld.org/parameters/9-210>		<http://ids.clld.org/values/9-210-209-5>		"tsop-"@xto	
"malʸš"@cap	<http://ids.clld.org/values/15-310-270-1>		<http://ids.clld.org/parameters/15-310>		<http://ids.clld.org/values/15-310-209-1>		"śuk"@xto	
"axaraš"@cap	<http://ids.clld.org/values/19-620-270-1>		<http://ids.clld.org/parameters/19-620>		<http://ids.clld.org/values/19-620-209-1>		"kùɲaś"@xto	
"c̷ixtskat"@cap	<http://ids.clld.org/values/10-210-270-1>		<http://ids.clld.org/parameters/10-210>		<http://ids.clld.org/values/10-210-209-3>		"pärk-"@xto	
"c̷ixtskat"@cap	<http://ids.clld.org/values/10-210-270-1>		<http://ids.clld.org/parameters/10-210>		<http://ids.clld.org/values/10-210-209-1>		"kātk-"@xto	
"kexps"@cap	<http://ids.clld.org/values/10-120-270-1>		<http://ids.clld.org/parameters/10-120>		<http://ids.clld.org/values/10-120-209-1>		"lotk-"@xto	
"c̷ixt-"@cap	<http://ids.clld.org/values/14-280-270-1>		<http://ids.clld.org/parameters/14-280>		<http://ids.clld.org/values/14-280-209-1>		"ār-"@xto	
"yoḳa"@cap	<http://ids.clld.org/values/1-212-270-1>		<http://ids.clld.org/parameters/1-212>		<http://ids.clld.org/values/1-212-209-1>		"tkaṃ"@xto	
"[istutii]-ɲi"@cap	<http://ids.clld.org/values/17-260-270-1>		<http://ids.clld.org/parameters/17-260>		<http://ids.clld.org/values/17-260-209-1>		"ākälṣäl"@xto	
"toyi"@cap	<http://ids.clld.org/values/8-510-270-3>		<http://ids.clld.org/parameters/8-510>		<http://ids.clld.org/values/8-510-209-1>		"āti"@xto	
"šwxax̣li"@cap	<http://ids.clld.org/values/4-820-270-1>		<http://ids.clld.org/parameters/4-820>		<http://ids.clld.org/values/4-820-209-1>		"ylār"@xto	
"tan-"@cap	<http://ids.clld.org/values/11-140-270-1>		<http://ids.clld.org/parameters/11-140>		<http://ids.clld.org/values/11-140-209-1>		"eṃts-"@xto	
"tx̣aɲi"@cap	<http://ids.clld.org/values/21-520-270-1>		<http://ids.clld.org/parameters/21-520>		<http://ids.clld.org/values/21-520-209-1>		"lyäk"@xto	
"ker-"@cap	<http://ids.clld.org/values/3-120-270-1>		<http://ids.clld.org/parameters/3-120>		<http://ids.clld.org/values/3-120-209-1>		"oɲi"@xto	
"paysnak-"@cap	<http://ids.clld.org/values/17-430-270-1>		<http://ids.clld.org/parameters/17-430>		<http://ids.clld.org/values/17-430-209-1>		"saɲce"@xto	
"ana šuma"@cap	<http://ids.clld.org/values/16-740-270-1>		<http://ids.clld.org/parameters/16-740>		<http://ids.clld.org/values/16-740-209-1>		"[appärmāt]"@xto	
"axks"@cap	<http://ids.clld.org/values/12-210-270-1>		<http://ids.clld.org/parameters/12-210>		<http://ids.clld.org/values/12-210-209-1>		"krop-"@xto	
"aši"@cap	<http://ids.clld.org/values/4-810-270-1>		<http://ids.clld.org/parameters/4-810>		<http://ids.clld.org/values/4-810-209-1>		"tampe"@xto	
"iya"@cap	<http://ids.clld.org/values/13-160-270-1>		<http://ids.clld.org/parameters/13-160>		<http://ids.clld.org/values/13-160-209-1>		"ṣokyo"@xto	
"iya"@cap	<http://ids.clld.org/values/13-160-270-1>		<http://ids.clld.org/parameters/13-160>		<http://ids.clld.org/values/13-160-209-3>		"lyutār"@xto	
"pinsi-š"@cap	<http://ids.clld.org/values/17-140-270-1>		<http://ids.clld.org/parameters/17-140>		<http://ids.clld.org/values/17-140-209-1>		"päl(t)sk-"@xto	
"šak [timpu]"@cap	<http://ids.clld.org/values/14-740-270-1>		<http://ids.clld.org/parameters/14-740>		<http://ids.clld.org/values/14-740-209-1>		"śärme"@xto	
"c̷ʰii"@cap	<http://ids.clld.org/values/13-10-270-1>		<http://ids.clld.org/parameters/13-10>		<http://ids.clld.org/values/13-10-209-1>		"sas"@xto	
"c̷ʰii"@cap	<http://ids.clld.org/values/13-10-270-1>		<http://ids.clld.org/parameters/13-10>		<http://ids.clld.org/values/13-10-209-3>		"säṃ"@xto	
"č̣ʰulut"@cap	<http://ids.clld.org/values/17-640-270-1>		<http://ids.clld.org/parameters/17-640>		<http://ids.clld.org/values/17-640-209-1>		"kus"@xto	
"larama"@cap	<http://ids.clld.org/values/15-670-270-1>		<http://ids.clld.org/parameters/15-670>		<http://ids.clld.org/values/15-670-209-1>		"tseṃ"@xto	
"ḳoltalʸa"@cap	<http://ids.clld.org/values/12-590-270-3>		<http://ids.clld.org/parameters/12-590>		<http://ids.clld.org/values/12-590-209-1>		"tsru"@xto	
"mašḳˀa"@cap	<http://ids.clld.org/values/15-350-270-1>		<http://ids.clld.org/parameters/15-350>		<http://ids.clld.org/values/15-350-209-1>		"swār"@xto	
"paaš"@cap	<http://ids.clld.org/values/9-110-270-1>		<http://ids.clld.org/parameters/9-110>		<http://ids.clld.org/values/9-110-209-1>		"yām-/ypa-/ya-"@xto	
"lek-"@cap	<http://ids.clld.org/values/11-130-270-1>		<http://ids.clld.org/parameters/11-130>		<http://ids.clld.org/values/11-130-209-1>		"eṃts-"@xto	
"[kintra] čˀaa-š"@cap	<http://ids.clld.org/values/18-440-270-1>		<http://ids.clld.org/parameters/18-440>		<http://ids.clld.org/values/18-440-209-1>		"nu-"@xto	
"apatatš"@cap	<http://ids.clld.org/values/12-150-270-1>		<http://ids.clld.org/parameters/12-150>		<http://ids.clld.org/values/12-150-209-1>		"käly-/ stäm-"@xto	
"čˀuxu"@cap	<http://ids.clld.org/values/15-460-270-1>		<http://ids.clld.org/parameters/15-460>		<http://ids.clld.org/values/15-460-209-1>		"sākät"@xto	
"wexlči"@cap	<http://ids.clld.org/values/5-121-270-1>		<http://ids.clld.org/parameters/5-121>		<http://ids.clld.org/values/5-121-209-1>		"pakku"@xto	
"ḳʰuya"@cap	<http://ids.clld.org/values/7-120-270-1>		<http://ids.clld.org/parameters/7-120>		<http://ids.clld.org/values/7-120-209-1>		"waṣt"@xto	
"[amiku]"@cap	<http://ids.clld.org/values/19-510-270-1>		<http://ids.clld.org/parameters/19-510>		<http://ids.clld.org/values/19-510-209-1>		"naṣu"@xto	
"[kučilʸu]"@cap	<http://ids.clld.org/values/9-230-270-1>		<http://ids.clld.org/parameters/9-230>		<http://ids.clld.org/values/9-230-209-1>		"yepe"@xto	
"[liwru]"@cap	<http://ids.clld.org/values/18-610-270-1>		<http://ids.clld.org/parameters/18-610>		<http://ids.clld.org/values/18-610-209-3>		"[postäk]"@xto	
"[liwru]"@cap	<http://ids.clld.org/values/18-610-270-1>		<http://ids.clld.org/parameters/18-610>		<http://ids.clld.org/values/18-610-209-1>		"[postak]"@xto	
"č̣ʰax̣ta"@cap	<http://ids.clld.org/values/15-760-270-1>		<http://ids.clld.org/parameters/15-760>		<http://ids.clld.org/values/15-760-209-1>		"āśāwe"@xto	
"šakra"@cap	<http://ids.clld.org/values/4-144-270-1>		<http://ids.clld.org/parameters/4-144>		<http://ids.clld.org/values/4-144-209-1>		"yok"@xto	
"čipay ṣ̌oɲi"@cap	<http://ids.clld.org/values/19-230-270-1>		<http://ids.clld.org/parameters/19-230>		<http://ids.clld.org/values/19-230-209-1>		"[kotär]"@xto	
"irantiš"@cap	<http://ids.clld.org/values/10-550-270-1>		<http://ids.clld.org/parameters/10-550>		<http://ids.clld.org/values/10-550-209-1>		"yom-"@xto	
"ḳx̣ar wičˀu"@cap	<http://ids.clld.org/values/4-310-270-1>		<http://ids.clld.org/parameters/4-310>		<http://ids.clld.org/values/4-310-209-1>		"poke"@xto	
"aššakanaka"@cap	<http://ids.clld.org/values/16-450-270-3>		<http://ids.clld.org/parameters/16-450>		<http://ids.clld.org/values/16-450-209-1>		"kip"@xto	
"kʰet-"@cap	<http://ids.clld.org/values/12-240-270-1>		<http://ids.clld.org/parameters/12-240>		<http://ids.clld.org/values/12-240-209-1>		"ru-"@xto	
"ulan-š"@cap	<http://ids.clld.org/values/10-474-270-1>		<http://ids.clld.org/parameters/10-474>		<http://ids.clld.org/values/10-474-209-1>		"länt-"@xto	
"kʰeltiš"@cap	<http://ids.clld.org/values/10-120-270-3>		<http://ids.clld.org/parameters/10-120>		<http://ids.clld.org/values/10-120-209-1>		"lotk-"@xto	
"toxš"@cap	<http://ids.clld.org/values/11-910-270-1>		<http://ids.clld.org/parameters/11-910>		<http://ids.clld.org/values/11-910-209-1>		"pāk yām-/ypa-/ya-"@xto	
"ḳawɲi"@cap	<http://ids.clld.org/values/6-380-270-1>		<http://ids.clld.org/parameters/6-380>		<http://ids.clld.org/values/6-380-209-1>		"kluṃts (?)"@xto	
"xat-"@cap	<http://ids.clld.org/values/15-780-270-3>		<http://ids.clld.org/parameters/15-780>		<http://ids.clld.org/values/15-780-209-1>		"pśär"@xto	
"šura"@cap	<http://ids.clld.org/values/4-970-270-1>		<http://ids.clld.org/parameters/4-970>		<http://ids.clld.org/values/4-970-209-1>		"trak"@xto	
"ux-š"@cap	<http://ids.clld.org/values/18-390-270-3>		<http://ids.clld.org/parameters/18-390>		<http://ids.clld.org/values/18-390-209-1>		"nāk-"@xto	
"[listu]"@cap	<http://ids.clld.org/values/14-290-270-1>		<http://ids.clld.org/parameters/14-290>		<http://ids.clld.org/values/14-290-209-1>		"ārwar"@xto	
"[kawalʸu]"@cap	<http://ids.clld.org/values/3-410-270-1>		<http://ids.clld.org/parameters/3-410>		<http://ids.clld.org/values/3-410-209-1>		"yuk"@xto	
"awi"@cap	<http://ids.clld.org/values/15-830-270-3>		<http://ids.clld.org/parameters/15-830>		<http://ids.clld.org/values/15-830-209-1>		"wip-"@xto	
"č̣ʰap-"@cap	<http://ids.clld.org/values/9-223-270-1>		<http://ids.clld.org/parameters/9-223>		<http://ids.clld.org/values/9-223-209-1>		"tsop-"@xto	
"pʰixsḳa"@cap	<http://ids.clld.org/values/13-50-270-1>		<http://ids.clld.org/parameters/13-50>		<http://ids.clld.org/values/13-50-209-1>		"paɲ"@xto	
"sīɲi"@cap	<http://ids.clld.org/values/17-340-270-1>		<http://ids.clld.org/parameters/17-340>		<http://ids.clld.org/values/17-340-209-1>		"āṣtär"@xto	
"xuntiš"@cap	<http://ids.clld.org/values/12-210-270-3>		<http://ids.clld.org/parameters/12-210>		<http://ids.clld.org/values/12-210-209-1>		"krop-"@xto	
"čʰišwi"@cap	<http://ids.clld.org/values/5-610-270-1>		<http://ids.clld.org/parameters/5-610>		<http://ids.clld.org/values/5-610-209-1>		"śwal"@xto	
"liksi"@cap	<http://ids.clld.org/values/15-810-270-1>		<http://ids.clld.org/parameters/15-810>		<http://ids.clld.org/values/15-810-209-1>		"krāmärts"@xto	
"xʷer"@cap	<http://ids.clld.org/values/9-161-270-3>		<http://ids.clld.org/parameters/9-161>		<http://ids.clld.org/values/9-161-209-1>		"tärk-"@xto	
"ataran"@cap	<http://ids.clld.org/values/12-360-270-1>		<http://ids.clld.org/parameters/12-360>		<http://ids.clld.org/values/12-360-209-1>		"poṣi"@xto	
"xikš"@cap	<http://ids.clld.org/values/10-720-270-1>		<http://ids.clld.org/parameters/10-720>		<http://ids.clld.org/values/10-720-209-1>		"yme"@xto	
"lukmaxč"@cap	<http://ids.clld.org/values/2-270-270-1>		<http://ids.clld.org/parameters/2-270>		<http://ids.clld.org/values/2-270-209-1>		"śom"@xto	
"tor-š"@cap	<http://ids.clld.org/values/4-720-270-3>		<http://ids.clld.org/parameters/4-720>		<http://ids.clld.org/values/4-720-209-1>		"täm-"@xto	
"čʰaawxḳat-"@cap	<http://ids.clld.org/values/16-410-270-3>		<http://ids.clld.org/parameters/16-410>		<http://ids.clld.org/values/16-410-209-1>		"roɲcäm"@xto	
"čʰaawxḳat-"@cap	<http://ids.clld.org/values/16-410-270-3>		<http://ids.clld.org/parameters/16-410>		<http://ids.clld.org/values/16-410-209-3>		"rse"@xto	
"lʸakita"@cap	<http://ids.clld.org/values/16-320-270-1>		<http://ids.clld.org/parameters/16-320>		<http://ids.clld.org/values/16-320-209-1>		"śurām"@xto	
"kuš"@cap	<http://ids.clld.org/values/17-110-270-1>		<http://ids.clld.org/parameters/17-110>		<http://ids.clld.org/values/17-110-209-1>		"pältsäk"@xto	
"tira"@cap	<http://ids.clld.org/values/14-310-270-1>		<http://ids.clld.org/parameters/14-310>		<http://ids.clld.org/values/14-310-209-1>		"skam"@xto	
"čˀaa-"@cap	<http://ids.clld.org/values/18-390-270-5>		<http://ids.clld.org/parameters/18-390>		<http://ids.clld.org/values/18-390-209-1>		"nāk-"@xto	
"katš"@cap	<http://ids.clld.org/values/10-491-270-1>		<http://ids.clld.org/parameters/10-491>		<http://ids.clld.org/values/10-491-209-1>		"nut-"@xto	
"katš"@cap	<http://ids.clld.org/values/10-491-270-1>		<http://ids.clld.org/parameters/10-491>		<http://ids.clld.org/values/10-491-209-3>		"spärk-"@xto	
"čʰira"@cap	<http://ids.clld.org/values/17-220-270-1>		<http://ids.clld.org/parameters/17-220>		<http://ids.clld.org/values/17-220-209-1>		"āknats"@xto	
"c̷eeku"@cap	<http://ids.clld.org/values/12-310-270-1>		<http://ids.clld.org/parameters/12-310>		<http://ids.clld.org/values/12-310-209-1>		"tpär"@xto	
"čoma"@cap	<http://ids.clld.org/values/6-220-270-1>		<http://ids.clld.org/parameters/6-220>		<http://ids.clld.org/values/6-220-209-1>		"yok"@xto	
"pʰuxš"@cap	<http://ids.clld.org/values/10-380-270-1>		<http://ids.clld.org/parameters/10-380>		<http://ids.clld.org/values/10-380-209-1>		"pis-"@xto	
"čip-š"@cap	<http://ids.clld.org/values/16-230-270-1>		<http://ids.clld.org/parameters/16-230>		<http://ids.clld.org/values/16-230-209-1>		"tsārwo"@xto	
"maxk-"@cap	<http://ids.clld.org/values/12-50-270-1>		<http://ids.clld.org/parameters/12-50>		<http://ids.clld.org/values/12-50-209-1>		"an(n)e"@xto	
"luṣ̌"@cap	<http://ids.clld.org/values/10-570-270-1>		<http://ids.clld.org/parameters/10-570>		<http://ids.clld.org/values/10-570-209-1>		"yow-"@xto	
"ṣ̌ḳeti"@cap	<http://ids.clld.org/values/1-213-270-1>		<http://ids.clld.org/parameters/1-213>		<http://ids.clld.org/values/1-213-209-3>		"tor"@xto	
"ṣ̌ḳeti"@cap	<http://ids.clld.org/values/1-213-270-1>		<http://ids.clld.org/parameters/1-213>		<http://ids.clld.org/values/1-213-209-1>		"twe"@xto	
"x̣al-š"@cap	<http://ids.clld.org/values/5-560-270-1>		<http://ids.clld.org/parameters/5-560>		<http://ids.clld.org/values/5-560-209-1>		"malyw-"@xto	
"xiiš"@cap	<http://ids.clld.org/values/1-530-270-1>		<http://ids.clld.org/parameters/1-530>		<http://ids.clld.org/values/1-530-209-1>		"maɲ"@xto	
"kuxtš"@cap	<http://ids.clld.org/values/6-110-270-1>		<http://ids.clld.org/parameters/6-110>		<http://ids.clld.org/values/6-110-209-1>		"wäs-"@xto	
"nakʰuɲta ṣ̌oɲi"@cap	<http://ids.clld.org/values/19-550-270-1>		<http://ids.clld.org/parameters/19-550>		<http://ids.clld.org/values/19-550-209-1>		"lokit"@xto	
"č̣oḳxa"@cap	<http://ids.clld.org/values/12-630-270-1>		<http://ids.clld.org/parameters/12-630>		<http://ids.clld.org/values/12-630-209-1>		"ātsäts"@xto	
"am"@cap	<http://ids.clld.org/values/2-920-270-1>		<http://ids.clld.org/parameters/2-920>		<http://ids.clld.org/values/2-920-209-1>		"tu"@xto	
"[waka]"@cap	<http://ids.clld.org/values/3-230-270-1>		<http://ids.clld.org/parameters/3-230>		<http://ids.clld.org/values/3-230-209-1>		"ko"@xto	
"ewu"@cap	<http://ids.clld.org/values/14-130-270-1>		<http://ids.clld.org/parameters/14-130>		<http://ids.clld.org/values/14-130-209-1>		"ɲu"@xto	
"č̣ʰeet-"@cap	<http://ids.clld.org/values/9-320-270-1>		<http://ids.clld.org/parameters/9-320>		<http://ids.clld.org/values/9-320-209-1>		"pänw-"@xto	
"ana"@cap	<http://ids.clld.org/values/17-560-270-1>		<http://ids.clld.org/parameters/17-560>		<http://ids.clld.org/values/17-560-209-1>		"mā"@xto	
"axš"@cap	<http://ids.clld.org/values/19-620-270-5>		<http://ids.clld.org/parameters/19-620>		<http://ids.clld.org/values/19-620-209-1>		"kùɲaś"@xto	
"šiwi"@cap	<http://ids.clld.org/values/14-770-270-1>		<http://ids.clld.org/parameters/14-770>		<http://ids.clld.org/values/14-770-209-1>		"yäpsant (?)"@xto	
"kic̷"@cap	<http://ids.clld.org/values/6-710-270-1>		<http://ids.clld.org/parameters/6-710>		<http://ids.clld.org/values/6-710-209-1>		"katu"@xto	
"x̣ora"@cap	<http://ids.clld.org/values/15-440-270-1>		<http://ids.clld.org/parameters/15-440>		<http://ids.clld.org/values/15-440-209-1>		"waśeṃ"@xto	
"rik-š"@cap	<http://ids.clld.org/values/9-220-270-3>		<http://ids.clld.org/parameters/9-220>		<http://ids.clld.org/values/9-220-209-1>		"karṣt-"@xto	
"rik-š"@cap	<http://ids.clld.org/values/9-220-270-3>		<http://ids.clld.org/parameters/9-220>		<http://ids.clld.org/values/9-220-209-3>		"lātk-"@xto	
"rik-š"@cap	<http://ids.clld.org/values/9-220-270-3>		<http://ids.clld.org/parameters/9-220>		<http://ids.clld.org/values/9-220-209-5>		"prutk-"@xto	
"isḳs"@cap	<http://ids.clld.org/values/16-530-270-5>		<http://ids.clld.org/parameters/16-530>		<http://ids.clld.org/values/16-530-209-1>		"praski"@xto	
"eš"@cap	<http://ids.clld.org/values/10-230-270-1>		<http://ids.clld.org/parameters/10-230>		<http://ids.clld.org/values/10-230-209-1>		"klā(w)-"@xto	
"wiri"@cap	<http://ids.clld.org/values/12-11-270-1>		<http://ids.clld.org/parameters/12-11>		<http://ids.clld.org/values/12-11-209-1>		"särki"@xto	
"waytˀiš"@cap	<http://ids.clld.org/values/10-220-270-1>		<http://ids.clld.org/parameters/10-220>		<http://ids.clld.org/values/10-220-209-1>		"täl-"@xto	
"tʰuɲi"@cap	<http://ids.clld.org/values/1-520-270-1>		<http://ids.clld.org/parameters/1-520>		<http://ids.clld.org/values/1-520-209-1>		"koṃ"@xto	
"ḳoši"@cap	<http://ids.clld.org/values/12-670-270-1>		<http://ids.clld.org/parameters/12-670>		<http://ids.clld.org/values/12-670-209-1>		"kupār"@xto	
"tax"@cap	<http://ids.clld.org/values/4-191-270-1>		<http://ids.clld.org/parameters/4-191>		<http://ids.clld.org/values/4-191-209-1>		"särśi"@xto	
"ḳax"@cap	<http://ids.clld.org/values/18-350-270-3>		<http://ids.clld.org/parameters/18-350>		<http://ids.clld.org/values/18-350-209-1>		"pärk-"@xto	
"[intinti]sḳat"@cap	<http://ids.clld.org/values/17-380-270-1>		<http://ids.clld.org/parameters/17-380>		<http://ids.clld.org/values/17-380-209-1>		"ṣärp-"@xto	
"č̣ʰeri"@cap	<http://ids.clld.org/values/5-120-270-1>		<http://ids.clld.org/parameters/5-120>		<http://ids.clld.org/values/5-120-209-1>		"śwātsi"@xto	
"wara-wara"@cap	<http://ids.clld.org/values/1-540-270-1>		<http://ids.clld.org/parameters/1-540>		<http://ids.clld.org/values/1-540-209-1>		"śre-"@xto	
"pˀata"@cap	<http://ids.clld.org/values/13-210-270-3>		<http://ids.clld.org/parameters/13-210>		<http://ids.clld.org/values/13-210-209-1>		"ypic"@xto	
"čʰep wilta"@cap	<http://ids.clld.org/values/13-440-270-1>		<http://ids.clld.org/parameters/13-440>		<http://ids.clld.org/values/13-440-209-1>		"tri-lkwär"@xto	
"yačalʸa"@cap	<http://ids.clld.org/values/13-170-270-1>		<http://ids.clld.org/parameters/13-170>		<http://ids.clld.org/values/13-170-209-1>		"tsru"@xto	
"ṣumči"@cap	<http://ids.clld.org/values/1-620-270-1>		<http://ids.clld.org/parameters/1-620>		<http://ids.clld.org/values/1-620-209-1>		"orkäm"@xto	
"laxč-a"@cap	<http://ids.clld.org/values/12-570-270-1>		<http://ids.clld.org/parameters/12-570>		<http://ids.clld.org/values/12-570-209-3>		"aryu"@xto	
"laxč-a"@cap	<http://ids.clld.org/values/12-570-270-1>		<http://ids.clld.org/parameters/12-570>		<http://ids.clld.org/values/12-570-209-1>		"pärkär"@xto	
"moḳ-š"@cap	<http://ids.clld.org/values/9-160-270-1>		<http://ids.clld.org/parameters/9-160>		<http://ids.clld.org/values/9-160-209-1>		"kärk-"@xto	
"taḳ-"@cap	<http://ids.clld.org/values/5-210-270-1>		<http://ids.clld.org/parameters/5-210>		<http://ids.clld.org/values/5-210-209-1>		"päk-"@xto	
"wiruɲ"@cap	<http://ids.clld.org/values/12-10-270-3>		<http://ids.clld.org/parameters/12-10>		<http://ids.clld.org/values/12-10-209-1>		"särki"@xto	
"ḳʰaḳi"@cap	<http://ids.clld.org/values/15-850-270-1>		<http://ids.clld.org/parameters/15-850>		<http://ids.clld.org/values/15-850-209-1>		"omäl"@xto	
"ḳuš"@cap	<http://ids.clld.org/values/4-440-270-1>		<http://ids.clld.org/parameters/4-440>		<http://ids.clld.org/values/4-440-209-1>		"āriɲc"@xto	
"paa-tunka"@cap	<http://ids.clld.org/values/13-104-270-1>		<http://ids.clld.org/parameters/13-104>		<http://ids.clld.org/values/13-104-209-1>		"wiki"@xto	
"ḳolta"@cap	<http://ids.clld.org/values/12-590-270-1>		<http://ids.clld.org/parameters/12-590>		<http://ids.clld.org/values/12-590-209-1>		"tsru"@xto	
"šiš"@cap	<http://ids.clld.org/values/17-170-270-3>		<http://ids.clld.org/parameters/17-170>		<http://ids.clld.org/values/17-170-209-1>		"kärs-"@xto	
"ḳoštan"@cap	<http://ids.clld.org/values/12-30-270-1>		<http://ids.clld.org/parameters/12-30>		<http://ids.clld.org/values/12-30-209-1>		"posaṃ"@xto	
"ḳoštan"@cap	<http://ids.clld.org/values/12-30-270-1>		<http://ids.clld.org/parameters/12-30>		<http://ids.clld.org/values/12-30-209-3>		"posac"@xto	
"lʸaxa"@cap	<http://ids.clld.org/values/4-850-270-3>		<http://ids.clld.org/parameters/4-850>		<http://ids.clld.org/values/4-850-209-1>		"päl"@xto	
"kˀolta"@cap	<http://ids.clld.org/values/8-170-270-1>		<http://ids.clld.org/parameters/8-170>		<http://ids.clld.org/values/8-170-209-1>		"yṣaṃ"@xto	
"muks"@cap	<http://ids.clld.org/values/15-210-270-1>		<http://ids.clld.org/parameters/15-210>		<http://ids.clld.org/values/15-210-209-1>		"wär-"@xto	
"non-š"@cap	<http://ids.clld.org/values/15-410-270-1>		<http://ids.clld.org/parameters/15-410>		<http://ids.clld.org/values/15-410-209-1>		"klyos-"@xto	
"tʰon-š"@cap	<http://ids.clld.org/values/10-480-270-1>		<http://ids.clld.org/parameters/10-480>		<http://ids.clld.org/values/10-480-209-1>		"kum-"@xto	
"yuxk"@cap	<http://ids.clld.org/values/4-204-270-1>		<http://ids.clld.org/parameters/4-204>		<http://ids.clld.org/values/4-204-209-1>		"ak-mal"@xto	
"čʰixš"@cap	<http://ids.clld.org/values/8-531-270-1>		<http://ids.clld.org/parameters/8-531>		<http://ids.clld.org/values/8-531-209-1>		"sāry-"@xto	
"wenši ~ wenš"@cap	<http://ids.clld.org/values/14-440-270-1>		<http://ids.clld.org/parameters/14-440>		<http://ids.clld.org/values/14-440-209-1>		"ksär"@xto	
"xex-š"@cap	<http://ids.clld.org/values/4-912-270-3>		<http://ids.clld.org/parameters/4-912>		<http://ids.clld.org/values/4-912-209-1>		"āɲu"@xto	
"waxt-"@cap	<http://ids.clld.org/values/11-320-270-1>		<http://ids.clld.org/parameters/11-320>		<http://ids.clld.org/values/11-320-209-1>		"kälp-"@xto	
"yawš"@cap	<http://ids.clld.org/values/10-660-270-1>		<http://ids.clld.org/parameters/10-660>		<http://ids.clld.org/values/10-660-209-1>		"klānk-"@xto	
"č̣ara"@cap	<http://ids.clld.org/values/1-440-270-1>		<http://ids.clld.org/parameters/1-440>		<http://ids.clld.org/values/1-440-209-1>		"pāreṃ"@xto	
"lʸaki"@cap	<http://ids.clld.org/values/16-310-270-1>		<http://ids.clld.org/parameters/16-310>		<http://ids.clld.org/values/16-310-209-1>		"klop"@xto	
"[tistiku]"@cap	<http://ids.clld.org/values/21-230-270-1>		<http://ids.clld.org/parameters/21-230>		<http://ids.clld.org/values/21-230-209-1>		"ram"@xto	
"kuš-"@cap	<http://ids.clld.org/values/16-110-270-1>		<http://ids.clld.org/parameters/16-110>		<http://ids.clld.org/values/16-110-209-1>		"āɲcäm"@xto	
"kona"@cap	<http://ids.clld.org/values/4-840-270-1>		<http://ids.clld.org/parameters/4-840>		<http://ids.clld.org/values/4-840-209-1>		"ekro"@xto	
"nuk-ta"@cap	<http://ids.clld.org/values/12-550-270-3>		<http://ids.clld.org/parameters/12-550>		<http://ids.clld.org/values/12-550-209-3>		"śāwe"@xto	
"nuk-ta"@cap	<http://ids.clld.org/values/12-550-270-3>		<http://ids.clld.org/parameters/12-550>		<http://ids.clld.org/values/12-550-209-1>		"tsopats"@xto	
"pača (?)"@cap	<http://ids.clld.org/values/1-510-270-3>		<http://ids.clld.org/parameters/1-510>		<http://ids.clld.org/values/1-510-209-1>		"eprer-"@xto	
"x̣ar-x̣ar-š"@cap	<http://ids.clld.org/values/16-250-270-3>		<http://ids.clld.org/parameters/16-250>		<http://ids.clld.org/values/16-250-209-1>		"kary-"@xto	
"lʸiwx lʸiwxɲi"@cap	<http://ids.clld.org/values/1-550-270-1>		<http://ids.clld.org/parameters/1-550>		<http://ids.clld.org/values/1-550-209-1>		"polkāṃts"@xto	
"non-š"@cap	<http://ids.clld.org/values/12-120-270-1>		<http://ids.clld.org/parameters/12-120>		<http://ids.clld.org/values/12-120-209-1>		"tā-"@xto	
"iṣ̌-ḳe"@cap	<http://ids.clld.org/values/4-270-270-1>		<http://ids.clld.org/parameters/4-270>		<http://ids.clld.org/values/4-270-209-1>		"kam"@xto	
"wiruɲa"@cap	<http://ids.clld.org/values/12-10-270-5>		<http://ids.clld.org/parameters/12-10>		<http://ids.clld.org/values/12-10-209-1>		"särki"@xto	
"kʰi-"@cap	<http://ids.clld.org/values/18-220-270-1>		<http://ids.clld.org/parameters/18-220>		<http://ids.clld.org/values/18-220-209-1>		"träṅk-"@xto	
"čʰepultan"@cap	<http://ids.clld.org/values/13-420-270-1>		<http://ids.clld.org/parameters/13-420>		<http://ids.clld.org/values/13-420-209-1>		"trit"@xto	
"piš"@cap	<http://ids.clld.org/values/4-410-270-1>		<http://ids.clld.org/parameters/4-410>		<http://ids.clld.org/values/4-410-209-1>		"päśśäṃ"@xto	
"ṣ̌koxr-š"@cap	<http://ids.clld.org/values/16-300-270-1>		<http://ids.clld.org/parameters/16-300>		<http://ids.clld.org/values/16-300-209-1>		"yäks-"@xto	
"tukušin-"@cap	<http://ids.clld.org/values/14-260-270-1>		<http://ids.clld.org/parameters/14-260>		<http://ids.clld.org/values/14-260-209-1>		"āk"@xto	
"oxḳ-"@cap	<http://ids.clld.org/values/10-450-270-1>		<http://ids.clld.org/parameters/10-450>		<http://ids.clld.org/values/10-450-209-1>		"i-"@xto	
"anaḳš"@cap	<http://ids.clld.org/values/12-230-270-1>		<http://ids.clld.org/parameters/12-230>		<http://ids.clld.org/values/12-230-209-1>		"wätk-"@xto	
"anaḳš"@cap	<http://ids.clld.org/values/12-230-270-1>		<http://ids.clld.org/parameters/12-230>		<http://ids.clld.org/values/12-230-209-3>		"putk-"@xto	
"kinsaḳalku"@cap	<http://ids.clld.org/values/13-80-270-1>		<http://ids.clld.org/parameters/13-80>		<http://ids.clld.org/values/13-80-209-1>		"okät"@xto	
"tʰišin-š"@cap	<http://ids.clld.org/values/10-110-270-3>		<http://ids.clld.org/parameters/10-110>		<http://ids.clld.org/values/10-110-209-3>		"lit-"@xto	
"tʰišin-š"@cap	<http://ids.clld.org/values/10-110-270-3>		<http://ids.clld.org/parameters/10-110>		<http://ids.clld.org/values/10-110-209-7>		"mus-"@xto	
"tʰišin-š"@cap	<http://ids.clld.org/values/10-110-270-3>		<http://ids.clld.org/parameters/10-110>		<http://ids.clld.org/values/10-110-209-5>		"rutk-"@xto	
"tʰišin-š"@cap	<http://ids.clld.org/values/10-110-270-3>		<http://ids.clld.org/parameters/10-110>		<http://ids.clld.org/values/10-110-209-1>		"wāsk-"@xto	
"tor-š"@cap	<http://ids.clld.org/values/10-670-270-1>		<http://ids.clld.org/parameters/10-670>		<http://ids.clld.org/values/10-670-209-1>		"nätk-"@xto	
"atipš"@cap	<http://ids.clld.org/values/10-510-270-1>		<http://ids.clld.org/parameters/10-510>		<http://ids.clld.org/values/10-510-209-1>		"mlusk-"@xto	
"xiliri"@cap	<http://ids.clld.org/values/19-240-270-1>		<http://ids.clld.org/parameters/19-240>		<http://ids.clld.org/values/19-240-209-1>		"nātäk"@xto	
"šoxta"@cap	<http://ids.clld.org/values/13-60-270-1>		<http://ids.clld.org/parameters/13-60>		<http://ids.clld.org/values/13-60-209-1>		"ṣäk"@xto	
"xila"@cap	<http://ids.clld.org/values/11-880-270-1>		<http://ids.clld.org/parameters/11-880>		<http://ids.clld.org/values/11-880-209-1>		"kāpɲe"@xto	
"katoḳ-š"@cap	<http://ids.clld.org/values/17-240-270-3>		<http://ids.clld.org/parameters/17-240>		<http://ids.clld.org/values/17-240-209-1>		"ākl-"@xto	
"eek-š"@cap	<http://ids.clld.org/values/5-150-270-1>		<http://ids.clld.org/parameters/5-150>		<http://ids.clld.org/values/5-150-209-1>		"yoke"@xto	
"šwxax̣lu"@cap	<http://ids.clld.org/values/4-820-270-3>		<http://ids.clld.org/parameters/4-820>		<http://ids.clld.org/values/4-820-209-1>		"ylār"@xto	
"lʸakta-š"@cap	<http://ids.clld.org/values/16-340-270-1>		<http://ids.clld.org/parameters/16-340>		<http://ids.clld.org/values/16-340-209-1>		"śur-"@xto	
"ker-"@cap	<http://ids.clld.org/values/2-230-270-1>		<http://ids.clld.org/parameters/2-230>		<http://ids.clld.org/values/2-230-209-1>		"oɲi"@xto	
"nix̣aru"@cap	<http://ids.clld.org/values/14-190-270-1>		<http://ids.clld.org/parameters/14-190>		<http://ids.clld.org/values/14-190-209-3>		"ātukek (?)"@xto	
"nix̣aru"@cap	<http://ids.clld.org/values/14-190-270-1>		<http://ids.clld.org/parameters/14-190>		<http://ids.clld.org/values/14-190-209-1>		"śkā"@xto	
