"tx̣as"@cap	<http://ids.clld.org/values/16-250-270-1>		<http://ids.clld.org/parameters/16-250>		<http://ids.clld.org/values/16-250-287-1>		"ǰeway-way-way"@myu	
"paaš"@cap	<http://ids.clld.org/values/11-430-270-1>		<http://ids.clld.org/parameters/11-430>		<http://ids.clld.org/values/11-430-287-1>		"ibɨbɨtpɨpɨap"@myu	
"ekliṣ̌"@cap	<http://ids.clld.org/values/12-160-270-1>		<http://ids.clld.org/parameters/12-160>		<http://ids.clld.org/values/12-160-287-1>		"op"@myu	
"kunsik-"@cap	<http://ids.clld.org/values/11-160-270-1>		<http://ids.clld.org/parameters/11-160>		<http://ids.clld.org/values/11-160-287-1>		"bɨm"@myu	
"xeeku"@cap	<http://ids.clld.org/values/12-430-270-1>		<http://ids.clld.org/parameters/12-430>		<http://ids.clld.org/values/12-430-287-1>		"četẽɲ ma"@myu	
"xeeku"@cap	<http://ids.clld.org/values/12-430-270-1>		<http://ids.clld.org/parameters/12-430>		<http://ids.clld.org/values/12-430-287-3>		"češe"@myu	
"lomi"@cap	<http://ids.clld.org/values/4-560-270-3>		<http://ids.clld.org/parameters/4-560>		<http://ids.clld.org/values/4-560-287-1>		"-bi-di"@myu	
"ṣ̌ḳara"@cap	<http://ids.clld.org/values/3-585-270-1>		<http://ids.clld.org/parameters/3-585>		<http://ids.clld.org/values/3-585-287-1>		"powat-powat"@myu	
"saki"@cap	<http://ids.clld.org/values/15-860-270-1>		<http://ids.clld.org/parameters/15-860>		<http://ids.clld.org/values/15-860-287-1>		"-čɨk"@myu	
"wiri"@cap	<http://ids.clld.org/values/4-464-270-1>		<http://ids.clld.org/parameters/4-464>		<http://ids.clld.org/values/4-464-287-1>		"oay"@myu	
"ḳx̣ara"@cap	<http://ids.clld.org/values/4-392-270-1>		<http://ids.clld.org/parameters/4-392>		<http://ids.clld.org/values/4-392-287-1>		"č-eɲe-ba"@myu	
"ḳiša"@cap	<http://ids.clld.org/values/5-700-270-1>		<http://ids.clld.org/parameters/5-700>		<http://ids.clld.org/values/5-700-287-1>		"wešik-ʔa"@myu	
"paaš"@cap	<http://ids.clld.org/values/11-440-270-1>		<http://ids.clld.org/parameters/11-440>		<http://ids.clld.org/values/11-440-287-1>		"[diɲeiro] isɨrɨ̃ɲat"@myu	
"tik-š"@cap	<http://ids.clld.org/values/4-750-270-1>		<http://ids.clld.org/parameters/4-750>		<http://ids.clld.org/values/4-750-287-1>		"ǰeʔɨ̃ʔɨ̃m"@myu	
"tik-š"@cap	<http://ids.clld.org/values/4-750-270-1>		<http://ids.clld.org/parameters/4-750>		<http://ids.clld.org/values/4-750-287-3>		"ʔɨ̃"@myu	
"anč̣ʰuk"@cap	<http://ids.clld.org/values/2-950-270-1>		<http://ids.clld.org/parameters/2-950>		<http://ids.clld.org/values/2-950-287-1>		"ey-ǰɨ"@myu	
"č̣ekš"@cap	<http://ids.clld.org/values/15-520-270-3>		<http://ids.clld.org/parameters/15-520>		<http://ids.clld.org/values/15-520-287-1>		"ǰeakaɲ"@myu	
"tʰura"@cap	<http://ids.clld.org/values/3-580-270-1>		<http://ids.clld.org/parameters/3-580>		<http://ids.clld.org/values/3-580-287-1>		"wasɨ̃ -dopi"@myu	
"kʰuɲi"@cap	<http://ids.clld.org/values/4-220-270-1>		<http://ids.clld.org/parameters/4-220>		<http://ids.clld.org/values/4-220-287-1>		"-a-ɲɨy-bɨ"@myu	
"xulš"@cap	<http://ids.clld.org/values/12-130-270-1>		<http://ids.clld.org/parameters/12-130>		<http://ids.clld.org/values/12-130-287-1>		"šik-ʔi"@myu	
"pʰaši"@cap	<http://ids.clld.org/values/4-393-270-1>		<http://ids.clld.org/parameters/4-393>		<http://ids.clld.org/values/4-393-287-3>		"tap"@myu	
"pʰaši"@cap	<http://ids.clld.org/values/4-393-270-1>		<http://ids.clld.org/parameters/4-393>		<http://ids.clld.org/values/4-393-287-1>		"d-ap"@myu	
"ḳʰuč̣a"@cap	<http://ids.clld.org/values/5-260-270-1>		<http://ids.clld.org/parameters/5-260>		<http://ids.clld.org/values/5-260-287-1>		"i-tĩŋ-ʔa"@myu	
"oša"@cap	<http://ids.clld.org/values/4-230-270-1>		<http://ids.clld.org/parameters/4-230>		<http://ids.clld.org/values/4-230-287-1>		"na-bɨ̃"@myu	
"oša"@cap	<http://ids.clld.org/values/4-230-270-1>		<http://ids.clld.org/parameters/4-230>		<http://ids.clld.org/values/4-230-287-3>		"tã-bɨ"@myu	
"pašša"@cap	<http://ids.clld.org/values/11-330-270-1>		<http://ids.clld.org/parameters/11-330>		<http://ids.clld.org/values/11-330-287-1>		"opat"@myu	
"owa"@cap	<http://ids.clld.org/values/4-360-270-1>		<http://ids.clld.org/parameters/4-360>		<http://ids.clld.org/values/4-360-287-3>		"-ɨ̃ŋ-ʔa"@myu	
"owa"@cap	<http://ids.clld.org/values/4-360-270-1>		<http://ids.clld.org/parameters/4-360>		<http://ids.clld.org/values/4-360-287-1>		"yɨ̃ɲ-ʔa"@myu	
"alax̣a"@cap	<http://ids.clld.org/values/13-330-270-1>		<http://ids.clld.org/parameters/13-330>		<http://ids.clld.org/values/13-330-287-1>		"ǰaɲepɨ̃ɲ ma"@myu	
"is-ɲi"@cap	<http://ids.clld.org/values/4-344-270-1>		<http://ids.clld.org/parameters/4-344>		<http://ids.clld.org/values/4-344-287-1>		"ibɨ-nɨ̃"@myu	
"čawkʷa"@cap	<http://ids.clld.org/values/2-461-270-3>		<http://ids.clld.org/parameters/2-461>		<http://ids.clld.org/values/2-461-287-1>		"aypa"@myu	
"yuxḳpača"@cap	<http://ids.clld.org/values/13-150-270-3>		<http://ids.clld.org/parameters/13-150>		<http://ids.clld.org/values/13-150-287-1>		"ade"@myu	
"arax̣pača"@cap	<http://ids.clld.org/values/1-510-270-1>		<http://ids.clld.org/parameters/1-510>		<http://ids.clld.org/values/1-510-287-3>		"ka-bi"@myu	
"arax̣pača"@cap	<http://ids.clld.org/values/1-510-270-1>		<http://ids.clld.org/parameters/1-510>		<http://ids.clld.org/values/1-510-287-1>		"kaʔ-bi"@myu	
"čʰep"@cap	<http://ids.clld.org/values/13-30-270-1>		<http://ids.clld.org/parameters/13-30>		<http://ids.clld.org/values/13-30-287-1>		"e-ba-pɨ̃ŋ"@myu	
"xʷixtša"@cap	<http://ids.clld.org/values/9-310-270-1>		<http://ids.clld.org/parameters/9-310>		<http://ids.clld.org/values/9-310-287-1>		"imɨ-wesɨ-wesɨm"@myu	
"anaš čʰulumi"@cap	<http://ids.clld.org/values/13-0-270-1>		<http://ids.clld.org/parameters/13-0>		<http://ids.clld.org/values/13-0-287-1>		"kaʔɨ̃mɲɨ"@myu	
"č̣ʰap-"@cap	<http://ids.clld.org/values/9-460-270-1>		<http://ids.clld.org/parameters/9-460>		<http://ids.clld.org/values/9-460-287-1>		"im-ɨtok-ɨtoɲ"@myu	
"x̣ʷarši"@cap	<http://ids.clld.org/values/9-261-270-1>		<http://ids.clld.org/parameters/9-261>		<http://ids.clld.org/values/9-261-287-1>		"ibaɲ-baɲ"@myu	
"it-s"@cap	<http://ids.clld.org/values/18-120-270-1>		<http://ids.clld.org/parameters/18-120>		<http://ids.clld.org/values/18-120-287-1>		"ǰebibododon"@myu	
"ṣ̌ḳon-š"@cap	<http://ids.clld.org/values/4-660-270-1>		<http://ids.clld.org/parameters/4-660>		<http://ids.clld.org/values/4-660-287-1>		"-nɨ̃n ~ tɨ̃n"@myu	
"lokˀana"@cap	<http://ids.clld.org/values/4-340-270-1>		<http://ids.clld.org/parameters/4-340>		<http://ids.clld.org/values/4-340-287-1>		"i-bɨ"@myu	
"šuču"@cap	<http://ids.clld.org/values/4-940-270-1>		<http://ids.clld.org/parameters/4-940>		<http://ids.clld.org/values/4-940-287-1>		"čekɨkẽrẽat"@myu	
"xayra"@cap	<http://ids.clld.org/values/4-920-270-1>		<http://ids.clld.org/parameters/4-920>		<http://ids.clld.org/values/4-920-287-1>		"ibɨbɨʔɨʔɨ"@myu	
"apš"@cap	<http://ids.clld.org/values/10-520-270-1>		<http://ids.clld.org/parameters/10-520>		<http://ids.clld.org/values/10-520-287-1>		"nomɨǰɨ"@myu	
"xex-s"@cap	<http://ids.clld.org/values/4-912-270-1>		<http://ids.clld.org/parameters/4-912>		<http://ids.clld.org/values/4-912-287-1>		"ǰebodoy-doy"@myu	
"c̷ʰiiḳaš c̷ʰis"@cap	<http://ids.clld.org/values/12-220-270-1>		<http://ids.clld.org/parameters/12-220>		<http://ids.clld.org/values/12-220-287-1>		"imɨwebotbon"@myu	
"ṣ̌ḳeti"@cap	<http://ids.clld.org/values/1-830-270-1>		<http://ids.clld.org/parameters/1-830>		<http://ids.clld.org/values/1-830-287-1>		"daša-diɲ"@myu	
"ṣ̌ḳeti"@cap	<http://ids.clld.org/values/1-830-270-1>		<http://ids.clld.org/parameters/1-830>		<http://ids.clld.org/values/1-830-287-3>		"-diŋ"@myu	
"ačiku"@cap	<http://ids.clld.org/values/3-630-270-1>		<http://ids.clld.org/parameters/3-630>		<http://ids.clld.org/values/3-630-287-1>		"taɲe"@myu	
"ek-š"@cap	<http://ids.clld.org/values/10-490-270-1>		<http://ids.clld.org/parameters/10-490>		<http://ids.clld.org/values/10-490-287-1>		"ǰewemɨwẽnɨwẽn"@myu	
"šiɲi"@cap	<http://ids.clld.org/values/5-970-270-1>		<http://ids.clld.org/parameters/5-970>		<http://ids.clld.org/values/5-970-287-3>		"t-op-sa"@myu	
"šiɲi"@cap	<http://ids.clld.org/values/5-970-270-1>		<http://ids.clld.org/parameters/5-970>		<http://ids.clld.org/values/5-970-287-1>		"-d-op-sa"@myu	
"irata"@cap	<http://ids.clld.org/values/12-920-270-1>		<http://ids.clld.org/parameters/12-920>		<http://ids.clld.org/values/12-920-287-1>		"bɨšim"@myu	
"sarḳi"@cap	<http://ids.clld.org/values/8-510-270-1>		<http://ids.clld.org/parameters/8-510>		<http://ids.clld.org/values/8-510-287-1>		"kapĩ-i-dip"@myu	
"wel-"@cap	<http://ids.clld.org/values/5-230-270-3>		<http://ids.clld.org/parameters/5-230>		<http://ids.clld.org/values/5-230-287-1>		"imɨ-karaw-karaw"@myu	
"c̷ʰii ḳʰaṣ̌"@cap	<http://ids.clld.org/values/13-181-270-1>		<http://ids.clld.org/parameters/13-181>		<http://ids.clld.org/values/13-181-287-1>		"pɨ̃ŋ-pɨ̃ŋ"@myu	
"axpš"@cap	<http://ids.clld.org/values/7-420-270-1>		<http://ids.clld.org/parameters/7-420>		<http://ids.clld.org/values/7-420-287-1>		"šešečap"@myu	
"kˀami"@cap	<http://ids.clld.org/values/3-350-270-3>		<http://ids.clld.org/parameters/3-350>		<http://ids.clld.org/values/3-350-287-1>		"daǰe"@myu	
"čʰuxt-u"@cap	<http://ids.clld.org/values/12-560-270-3>		<http://ids.clld.org/parameters/12-560>		<http://ids.clld.org/values/12-560-287-3>		"-istma"@myu	
"čʰuxt-u"@cap	<http://ids.clld.org/values/12-560-270-3>		<http://ids.clld.org/parameters/12-560>		<http://ids.clld.org/values/12-560-287-1>		"-ĩtma"@myu	
"čerš"@cap	<http://ids.clld.org/values/15-510-270-1>		<http://ids.clld.org/parameters/15-510>		<http://ids.clld.org/values/15-510-287-3>		"ǰop"@myu	
"čerš"@cap	<http://ids.clld.org/values/15-510-270-1>		<http://ids.clld.org/parameters/15-510>		<http://ids.clld.org/values/15-510-287-1>		"i-ǰo-ǰom"@myu	
"yuḳxu"@cap	<http://ids.clld.org/values/13-150-270-1>		<http://ids.clld.org/parameters/13-150>		<http://ids.clld.org/values/13-150-287-1>		"ade"@myu	
"para"@cap	<http://ids.clld.org/values/1-430-270-1>		<http://ids.clld.org/parameters/1-430>		<http://ids.clld.org/values/1-430-287-1>		"-ʔip"@myu	
"šapa"@cap	<http://ids.clld.org/values/13-140-270-3>		<http://ids.clld.org/parameters/13-140>		<http://ids.clld.org/values/13-140-287-1>		"soat"@myu	
"ḳˀoštu"@cap	<http://ids.clld.org/values/12-810-270-1>		<http://ids.clld.org/parameters/12-810>		<http://ids.clld.org/values/12-810-287-1>		"-doy dey"@myu	
"č̣exlš"@cap	<http://ids.clld.org/values/9-160-270-3>		<http://ids.clld.org/parameters/9-160>		<http://ids.clld.org/values/9-160-287-1>		"imɨkɨŋ-ɨkɨŋ"@myu	
"ḳx̣oxča"@cap	<http://ids.clld.org/values/4-370-270-1>		<http://ids.clld.org/parameters/4-370>		<http://ids.clld.org/values/4-370-287-3>		"-i"@myu	
"ḳx̣oxča"@cap	<http://ids.clld.org/values/4-370-270-1>		<http://ids.clld.org/parameters/4-370>		<http://ids.clld.org/values/4-370-287-1>		"sui"@myu	
"anča šuma"@cap	<http://ids.clld.org/values/16-810-270-1>		<http://ids.clld.org/parameters/16-810>		<http://ids.clld.org/values/16-810-287-1>		"idip"@myu	
"axc̷"@cap	<http://ids.clld.org/values/19-250-270-1>		<http://ids.clld.org/parameters/19-250>		<http://ids.clld.org/values/19-250-287-1>		"ʔip"@myu	
"xexa"@cap	<http://ids.clld.org/values/4-510-270-3>		<http://ids.clld.org/parameters/4-510>		<http://ids.clld.org/values/4-510-287-1>		"ǰe-pido-wat-wan"@myu	
"čaxʷkš"@cap	<http://ids.clld.org/values/7-220-270-1>		<http://ids.clld.org/parameters/7-220>		<http://ids.clld.org/values/7-220-287-1>		"šĩntabi ikoče"@myu	
"šḳiši"@cap	<http://ids.clld.org/values/4-120-270-1>		<http://ids.clld.org/parameters/4-120>		<http://ids.clld.org/values/4-120-287-1>		"-še-ʔe"@myu	
"pʰuč"@cap	<http://ids.clld.org/values/4-460-270-1>		<http://ids.clld.org/parameters/4-460>		<http://ids.clld.org/values/4-460-287-1>		"i-ʔɨk"@myu	
"kuntˀiš"@cap	<http://ids.clld.org/values/17-370-270-1>		<http://ids.clld.org/parameters/17-370>		<http://ids.clld.org/values/17-370-287-1>		"čedaɲ ma"@myu	
"č̣ʰulora"@cap	<http://ids.clld.org/values/17-650-270-1>		<http://ids.clld.org/parameters/17-650>		<http://ids.clld.org/values/17-650-287-1>		"pɨǰe"@myu	
"ḳulxš"@cap	<http://ids.clld.org/values/8-220-270-3>		<http://ids.clld.org/parameters/8-220>		<http://ids.clld.org/values/8-220-287-1>		"i-kɨ̃y-kotkon"@myu	
"kʰeši"@cap	<http://ids.clld.org/values/15-820-270-1>		<http://ids.clld.org/parameters/15-820>		<http://ids.clld.org/values/15-820-287-1>		"iyɨ (?)"@myu	
"čˀoxɲa"@cap	<http://ids.clld.org/values/15-680-270-1>		<http://ids.clld.org/parameters/15-680>		<http://ids.clld.org/values/15-680-287-1>		"-rem-rɨm"@myu	
"wali"@cap	<http://ids.clld.org/values/16-710-270-3>		<http://ids.clld.org/parameters/16-710>		<http://ids.clld.org/values/16-710-287-1>		"šipat"@myu	
"uxrku"@cap	<http://ids.clld.org/values/6-420-270-1>		<http://ids.clld.org/parameters/6-420>		<http://ids.clld.org/values/6-420-287-1>		"wɨye-say"@myu	
"maxt-š"@cap	<http://ids.clld.org/values/4-720-270-1>		<http://ids.clld.org/parameters/4-720>		<http://ids.clld.org/values/4-720-287-1>		"kam"@myu	
"č̣axk-"@cap	<http://ids.clld.org/values/10-250-270-1>		<http://ids.clld.org/parameters/10-250>		<http://ids.clld.org/values/10-250-287-1>		"imɨ̃n-mɨ̃n"@myu	
"šiwš"@cap	<http://ids.clld.org/values/1-630-270-1>		<http://ids.clld.org/parameters/1-630>		<http://ids.clld.org/values/1-630-287-1>		"kabičɨk"@myu	
"ulurčiš"@cap	<http://ids.clld.org/values/15-250-270-1>		<http://ids.clld.org/parameters/15-250>		<http://ids.clld.org/values/15-250-287-1>		"teʔo"@myu	
"tʰup-"@cap	<http://ids.clld.org/values/4-580-270-1>		<http://ids.clld.org/parameters/4-580>		<http://ids.clld.org/values/4-580-287-1>		"iaham"@myu	
"keka"@cap	<http://ids.clld.org/values/4-400-270-1>		<http://ids.clld.org/parameters/4-400>		<http://ids.clld.org/values/4-400-287-1>		"-kɨ̃m-pi"@myu	
"kon-"@cap	<http://ids.clld.org/values/4-760-270-1>		<http://ids.clld.org/parameters/4-760>		<http://ids.clld.org/values/4-760-287-3>		"yaokakam"@myu	
"kon-"@cap	<http://ids.clld.org/values/4-760-270-1>		<http://ids.clld.org/parameters/4-760>		<http://ids.clld.org/values/4-760-287-1>		"yaokam"@myu	
"kara"@cap	<http://ids.clld.org/values/12-610-270-1>		<http://ids.clld.org/parameters/12-610>		<http://ids.clld.org/values/12-610-287-1>		"i-erɨnboɲat"@myu	
"tʰupi"@cap	<http://ids.clld.org/values/4-810-270-3>		<http://ids.clld.org/parameters/4-810>		<http://ids.clld.org/values/4-810-287-1>		"ibača"@myu	
"uč̣um"@cap	<http://ids.clld.org/values/2-941-270-1>		<http://ids.clld.org/parameters/2-941>		<http://ids.clld.org/values/2-941-287-1>		"wɨy-ǰɨ"@myu	
"xaknuš"@cap	<http://ids.clld.org/values/17-610-270-1>		<http://ids.clld.org/parameters/17-610>		<http://ids.clld.org/values/17-610-287-1>		"apẽn"@myu	
"č̣axk-"@cap	<http://ids.clld.org/values/9-210-270-1>		<http://ids.clld.org/parameters/9-210>		<http://ids.clld.org/values/9-210-287-1>		"imɨpãm"@myu	
"ḳoxč"@cap	<http://ids.clld.org/values/9-190-270-1>		<http://ids.clld.org/parameters/9-190>		<http://ids.clld.org/values/9-190-287-3>		"boro-bɨ"@myu	
"ḳoxč"@cap	<http://ids.clld.org/values/9-190-270-1>		<http://ids.clld.org/parameters/9-190>		<http://ids.clld.org/values/9-190-287-1>		"i-ši-bɨ"@myu	
"tʰuu-š"@cap	<http://ids.clld.org/values/4-853-270-1>		<http://ids.clld.org/parameters/4-853>		<http://ids.clld.org/values/4-853-287-1>		"ieɨhɨ"@myu	
"tʰuu-š"@cap	<http://ids.clld.org/values/4-853-270-1>		<http://ids.clld.org/parameters/4-853>		<http://ids.clld.org/values/4-853-287-3>		"ieɨ"@myu	
"x̣ora"@cap	<http://ids.clld.org/values/18-110-270-1>		<http://ids.clld.org/parameters/18-110>		<http://ids.clld.org/values/18-110-287-1>		"yaʔõ"@myu	
"xaḳa"@cap	<http://ids.clld.org/values/14-480-270-1>		<http://ids.clld.org/parameters/14-480>		<http://ids.clld.org/values/14-480-287-1>		"kabia-ʔisɨm"@myu	
"noox"@cap	<http://ids.clld.org/values/14-410-270-3>		<http://ids.clld.org/parameters/14-410>		<http://ids.clld.org/values/14-410-287-1>		"ka-bi-a"@myu	
"parina xwaxti oxḳ"@cap	<http://ids.clld.org/values/20-610-270-1>		<http://ids.clld.org/parameters/20-610>		<http://ids.clld.org/values/20-610-287-1>		"ǰe-orok-oroŋ"@myu	
"tira"@cap	<http://ids.clld.org/values/10-520-270-3>		<http://ids.clld.org/parameters/10-520>		<http://ids.clld.org/values/10-520-287-1>		"nomɨǰɨ"@myu	
"kx̣ana"@cap	<http://ids.clld.org/values/1-610-270-1>		<http://ids.clld.org/parameters/1-610>		<http://ids.clld.org/values/1-610-287-3>		"kabia"@myu	
"kx̣ana"@cap	<http://ids.clld.org/values/1-610-270-1>		<http://ids.clld.org/parameters/1-610>		<http://ids.clld.org/values/1-610-287-1>		"imɨ-kabia-ham"@myu	
"ḳolta"@cap	<http://ids.clld.org/values/12-560-270-1>		<http://ids.clld.org/parameters/12-560>		<http://ids.clld.org/values/12-560-287-3>		"-istma"@myu	
"ḳolta"@cap	<http://ids.clld.org/values/12-560-270-1>		<http://ids.clld.org/parameters/12-560>		<http://ids.clld.org/values/12-560-287-1>		"-ĩtma"@myu	
"yaku"@cap	<http://ids.clld.org/values/5-810-270-1>		<http://ids.clld.org/parameters/5-810>		<http://ids.clld.org/values/5-810-287-1>		"kawta"@myu	
"šuma"@cap	<http://ids.clld.org/values/16-710-270-1>		<http://ids.clld.org/parameters/16-710>		<http://ids.clld.org/values/16-710-287-1>		"šipat"@myu	
"ḳičaš"@cap	<http://ids.clld.org/values/20-110-270-3>		<http://ids.clld.org/parameters/20-110>		<http://ids.clld.org/values/20-110-287-1>		"ǰewešikšiɲ"@myu	
"[timlu]"@cap	<http://ids.clld.org/values/22-130-270-1>		<http://ids.clld.org/parameters/22-130>		<http://ids.clld.org/values/22-130-287-1>		"Deɨs tɨkʔa"@myu	
"tʰaa-"@cap	<http://ids.clld.org/values/11-210-270-1>		<http://ids.clld.org/parameters/11-210>		<http://ids.clld.org/values/11-210-287-1>		"iɨ̃mɨ̃m"@myu	
"ṣ̌awx-"@cap	<http://ids.clld.org/values/16-420-270-3>		<http://ids.clld.org/parameters/16-420>		<http://ids.clld.org/values/16-420-287-1>		"yɨkpičeɲe"@myu	
"xanči"@cap	<http://ids.clld.org/values/4-110-270-1>		<http://ids.clld.org/parameters/4-110>		<http://ids.clld.org/values/4-110-287-1>		"wɨy-ǰebit"@myu	
"ṣ̌on"@cap	<http://ids.clld.org/values/2-220-270-3>		<http://ids.clld.org/parameters/2-220>		<http://ids.clld.org/values/2-220-287-1>		"a-yat-at"@myu	
"sami"@cap	<http://ids.clld.org/values/3-811-270-1>		<http://ids.clld.org/parameters/3-811>		<http://ids.clld.org/values/3-811-287-1>		"kip"@myu	
"ḳʰup"@cap	<http://ids.clld.org/values/1-840-270-1>		<http://ids.clld.org/parameters/1-840>		<http://ids.clld.org/values/1-840-287-1>		"ka-ba-ʔo-rit"@myu	
"tʰupi"@cap	<http://ids.clld.org/values/15-740-270-1>		<http://ids.clld.org/parameters/15-740>		<http://ids.clld.org/values/15-740-287-1>		"iča"@myu	
"tʰupi"@cap	<http://ids.clld.org/values/15-740-270-1>		<http://ids.clld.org/parameters/15-740>		<http://ids.clld.org/values/15-740-287-3>		"yača"@myu	
"ata"@cap	<http://ids.clld.org/values/4-240-270-1>		<http://ids.clld.org/parameters/4-240>		<http://ids.clld.org/values/4-240-287-1>		"i-bi"@myu	
"lʸixɲi"@cap	<http://ids.clld.org/values/15-570-270-1>		<http://ids.clld.org/parameters/15-570>		<http://ids.clld.org/values/15-570-287-1>		"isopsep"@myu	
"wexr-ki"@cap	<http://ids.clld.org/values/2-910-270-3>		<http://ids.clld.org/parameters/2-910>		<http://ids.clld.org/values/2-910-287-1>		"õn"@myu	
"ṣ̌eti"@cap	<http://ids.clld.org/values/4-740-270-3>		<http://ids.clld.org/parameters/4-740>		<http://ids.clld.org/values/4-740-287-1>		"itaʔit"@myu	
"kʰirma"@cap	<http://ids.clld.org/values/16-380-270-1>		<http://ids.clld.org/parameters/16-380>		<http://ids.clld.org/values/16-380-287-1>		"wɨyetadi"@myu	
"ṣ̌oɲi"@cap	<http://ids.clld.org/values/2-210-270-3>		<http://ids.clld.org/parameters/2-210>		<http://ids.clld.org/values/2-210-287-1>		"a-ɲo-kat-kat"@myu	
"lxat walʸpa"@cap	<http://ids.clld.org/values/3-540-270-1>		<http://ids.clld.org/parameters/3-540>		<http://ids.clld.org/values/3-540-287-1>		"sapokay ayačat"@myu	
"lxok"@cap	<http://ids.clld.org/values/15-660-270-1>		<http://ids.clld.org/parameters/15-660>		<http://ids.clld.org/values/15-660-287-3>		"ipekpɨk"@myu	
"lxok"@cap	<http://ids.clld.org/values/15-660-270-1>		<http://ids.clld.org/parameters/15-660>		<http://ids.clld.org/values/15-660-287-1>		"i-pak-pɨk"@myu	
"piča"@cap	<http://ids.clld.org/values/13-350-270-1>		<http://ids.clld.org/parameters/13-350>		<http://ids.clld.org/values/13-350-287-1>		"kanomɨ̃m"@myu	
"pek-š"@cap	<http://ids.clld.org/values/1-860-270-1>		<http://ids.clld.org/parameters/1-860>		<http://ids.clld.org/values/1-860-287-1>		"isop"@myu	
"luktaḳa"@cap	<http://ids.clld.org/values/2-310-270-3>		<http://ids.clld.org/parameters/2-310>		<http://ids.clld.org/values/2-310-287-3>		"-ktop"@myu	
"luktaḳa"@cap	<http://ids.clld.org/values/2-310-270-3>		<http://ids.clld.org/parameters/2-310>		<http://ids.clld.org/values/2-310-287-1>		"-t-op"@myu	
"awanti-"@cap	<http://ids.clld.org/values/14-252-270-3>		<http://ids.clld.org/parameters/14-252>		<http://ids.clld.org/values/14-252-287-1>		"ikoro"@myu	
"[kalšuna]"@cap	<http://ids.clld.org/values/6-480-270-1>		<http://ids.clld.org/parameters/6-480>		<http://ids.clld.org/values/6-480-287-1>		"wɨy-doti"@myu	
"ḳaši"@cap	<http://ids.clld.org/values/4-280-270-1>		<http://ids.clld.org/parameters/4-280>		<http://ids.clld.org/values/4-280-287-1>		"-a-ɲo-bɨ"@myu	
"pʰila"@cap	<http://ids.clld.org/values/1-215-270-1>		<http://ids.clld.org/parameters/1-215>		<http://ids.clld.org/values/1-215-287-1>		"ka-ʔo-ri-rit"@myu	
"mama"@cap	<http://ids.clld.org/values/2-360-270-1>		<http://ids.clld.org/parameters/2-360>		<http://ids.clld.org/values/2-360-287-1>		"-ši"@myu	
"ḳooči"@cap	<http://ids.clld.org/values/12-650-270-1>		<http://ids.clld.org/parameters/12-650>		<http://ids.clld.org/values/12-650-287-1>		"-erɨ̃n"@myu	
"kama"@cap	<http://ids.clld.org/values/13-330-270-3>		<http://ids.clld.org/parameters/13-330>		<http://ids.clld.org/values/13-330-287-1>		"ǰaɲepɨ̃ɲ ma"@myu	
"-šakaš"@cap	<http://ids.clld.org/values/12-920-270-3>		<http://ids.clld.org/parameters/12-920>		<http://ids.clld.org/values/12-920-287-1>		"bɨšim"@myu	
"čawkʷa"@cap	<http://ids.clld.org/values/14-150-270-1>		<http://ids.clld.org/parameters/14-150>		<http://ids.clld.org/values/14-150-287-1>		"i-okok"@myu	
"čawkʷa"@cap	<http://ids.clld.org/values/14-150-270-1>		<http://ids.clld.org/parameters/14-150>		<http://ids.clld.org/values/14-150-287-3>		"kɨyat"@myu	
"wiɲaya kʰee-"@cap	<http://ids.clld.org/values/14-252-270-1>		<http://ids.clld.org/parameters/14-252>		<http://ids.clld.org/values/14-252-287-1>		"ikoro"@myu	
"eḳš"@cap	<http://ids.clld.org/values/16-530-270-3>		<http://ids.clld.org/parameters/16-530>		<http://ids.clld.org/values/16-530-287-1>		"iparara"@myu	
"wexlši"@cap	<http://ids.clld.org/values/5-123-270-1>		<http://ids.clld.org/parameters/5-123>		<http://ids.clld.org/values/5-123-287-1>		"rɨm"@myu	
"kaš"@cap	<http://ids.clld.org/values/19-460-270-1>		<http://ids.clld.org/parameters/19-460>		<http://ids.clld.org/values/19-460-287-1>		"kɨ̃yǰobit yaʔõ-kay"@myu	
"čʰoxḳ-"@cap	<http://ids.clld.org/values/9-161-270-1>		<http://ids.clld.org/parameters/9-161>		<http://ids.clld.org/values/9-161-287-1>		"ǰeperem"@myu	
"ačuku"@cap	<http://ids.clld.org/values/3-630-270-3>		<http://ids.clld.org/parameters/3-630>		<http://ids.clld.org/values/3-630-287-1>		"taɲe"@myu	
"lʸipinš"@cap	<http://ids.clld.org/values/15-560-270-1>		<http://ids.clld.org/parameters/15-560>		<http://ids.clld.org/values/15-560-287-1>		"isopsep"@myu	
"ṣ̌oɲi"@cap	<http://ids.clld.org/values/2-100-270-1>		<http://ids.clld.org/parameters/2-100>		<http://ids.clld.org/values/2-100-287-1>		"wɨ̃y-ǰɨ-yɨ̃"@myu	
"č̣ʰuxkc̷ems"@cap	<http://ids.clld.org/values/4-214-270-1>		<http://ids.clld.org/parameters/4-214>		<http://ids.clld.org/values/4-214-287-1>		"i-ta-ʔẽbi"@myu	
"exp"@cap	<http://ids.clld.org/values/2-350-270-1>		<http://ids.clld.org/parameters/2-350>		<http://ids.clld.org/values/2-350-287-1>		"bay"@myu	
"ḳʰaš"@cap	<http://ids.clld.org/values/1-310-270-1>		<http://ids.clld.org/parameters/1-310>		<http://ids.clld.org/values/1-310-287-1>		"i-di-bi"@myu	
"mamani"@cap	<http://ids.clld.org/values/3-585-270-3>		<http://ids.clld.org/parameters/3-585>		<http://ids.clld.org/values/3-585-287-1>		"powat-powat"@myu	
"ṣ̌ewa"@cap	<http://ids.clld.org/values/12-410-270-1>		<http://ids.clld.org/parameters/12-410>		<http://ids.clld.org/values/12-410-287-1>		"i-baʔat"@myu	
"ṣ̌ewa"@cap	<http://ids.clld.org/values/12-410-270-1>		<http://ids.clld.org/parameters/12-410>		<http://ids.clld.org/values/12-410-287-3>		"wɨybaat"@myu	
"uyi"@cap	<http://ids.clld.org/values/1-770-270-1>		<http://ids.clld.org/parameters/1-770>		<http://ids.clld.org/values/1-770-287-1>		"[želo]-ʔa"@myu	
"šana"@cap	<http://ids.clld.org/values/7-220-270-3>		<http://ids.clld.org/parameters/7-220>		<http://ids.clld.org/values/7-220-287-1>		"šĩntabi ikoče"@myu	
"ṣ̌exl-"@cap	<http://ids.clld.org/values/11-110-270-1>		<http://ids.clld.org/parameters/11-110>		<http://ids.clld.org/values/11-110-287-1>		"ikɨɲ"@myu	
"ḳiri"@cap	<http://ids.clld.org/values/3-350-270-1>		<http://ids.clld.org/parameters/3-350>		<http://ids.clld.org/values/3-350-287-1>		"daǰe"@myu	
"šḳara"@cap	<http://ids.clld.org/values/12-420-270-1>		<http://ids.clld.org/parameters/12-420>		<http://ids.clld.org/values/12-420-287-1>		"-baʔĩŋ"@myu	
"šḳara"@cap	<http://ids.clld.org/values/12-420-270-1>		<http://ids.clld.org/parameters/12-420>		<http://ids.clld.org/values/12-420-287-3>		"wɨybaʔɨ̃ɲat"@myu	
"maataḳa"@cap	<http://ids.clld.org/values/2-220-270-1>		<http://ids.clld.org/parameters/2-220>		<http://ids.clld.org/values/2-220-287-1>		"a-yat-at"@myu	
"tx̣ax̣-"@cap	<http://ids.clld.org/values/4-610-270-1>		<http://ids.clld.org/parameters/4-610>		<http://ids.clld.org/values/4-610-287-1>		"šeše-n"@myu	
"tx̣ax̣-"@cap	<http://ids.clld.org/values/4-610-270-1>		<http://ids.clld.org/parameters/4-610>		<http://ids.clld.org/values/4-610-287-3>		"i-šet"@myu	
"tx̣ax̣-"@cap	<http://ids.clld.org/values/4-610-270-1>		<http://ids.clld.org/parameters/4-610>		<http://ids.clld.org/values/4-610-287-5>		"i-še"@myu	
"kixt-š"@cap	<http://ids.clld.org/values/9-500-270-1>		<http://ids.clld.org/parameters/9-500>		<http://ids.clld.org/values/9-500-287-1>		"tapoa"@myu	
"ween"@cap	<http://ids.clld.org/values/14-420-270-3>		<http://ids.clld.org/parameters/14-420>		<http://ids.clld.org/values/14-420-287-1>		"i-ši-ma"@myu	
"šxixk-š"@cap	<http://ids.clld.org/values/10-620-270-1>		<http://ids.clld.org/parameters/10-620>		<http://ids.clld.org/values/10-620-287-1>		"toǰon"@myu	
"kˀilʸu"@cap	<http://ids.clld.org/values/15-690-270-1>		<http://ids.clld.org/parameters/15-690>		<http://ids.clld.org/values/15-690-287-1>		"i-pekpɨk"@myu	
"ṣ̌kʰuxku"@cap	<http://ids.clld.org/values/12-620-270-1>		<http://ids.clld.org/parameters/12-620>		<http://ids.clld.org/values/12-620-287-1>		"-erɨ̃nĩtma"@myu	
"tii"@cap	<http://ids.clld.org/values/2-930-270-1>		<http://ids.clld.org/parameters/2-930>		<http://ids.clld.org/values/2-930-287-11>		"iɲo"@myu	
"tii"@cap	<http://ids.clld.org/values/2-930-270-1>		<http://ids.clld.org/parameters/2-930>		<http://ids.clld.org/values/2-930-287-3>		"ite"@myu	
"tii"@cap	<http://ids.clld.org/values/2-930-270-1>		<http://ids.clld.org/parameters/2-930>		<http://ids.clld.org/values/2-930-287-5>		"ibo"@myu	
"tii"@cap	<http://ids.clld.org/values/2-930-270-1>		<http://ids.clld.org/parameters/2-930>		<http://ids.clld.org/values/2-930-287-9>		"iǰop"@myu	
"tii"@cap	<http://ids.clld.org/values/2-930-270-1>		<http://ids.clld.org/parameters/2-930>		<http://ids.clld.org/values/2-930-287-7>		"iǰa"@myu	
"tii"@cap	<http://ids.clld.org/values/2-930-270-1>		<http://ids.clld.org/parameters/2-930>		<http://ids.clld.org/values/2-930-287-1>		"iše"@myu	
"piška"@cap	<http://ids.clld.org/values/13-20-270-1>		<http://ids.clld.org/parameters/13-20>		<http://ids.clld.org/values/13-20-287-1>		"šep-šep"@myu	
"oxḳ-"@cap	<http://ids.clld.org/values/10-470-270-1>		<http://ids.clld.org/parameters/10-470>		<http://ids.clld.org/values/10-470-287-3>		"ǰɨ"@myu	
"oxḳ-"@cap	<http://ids.clld.org/values/10-470-270-1>		<http://ids.clld.org/parameters/10-470>		<http://ids.clld.org/values/10-470-287-1>		"čɨm"@myu	
"čawk xiliri"@cap	<http://ids.clld.org/values/19-320-270-1>		<http://ids.clld.org/parameters/19-320>		<http://ids.clld.org/values/19-320-287-1>		"iečɨɲap"@myu	
"muna-ši"@cap	<http://ids.clld.org/values/16-270-270-1>		<http://ids.clld.org/parameters/16-270>		<http://ids.clld.org/values/16-270-287-1>		"ǰɨy"@myu	
"čula"@cap	<http://ids.clld.org/values/2-280-270-1>		<http://ids.clld.org/parameters/2-280>		<http://ids.clld.org/values/2-280-287-1>		"ãwã"@myu	
"ḳˀoɲi"@cap	<http://ids.clld.org/values/15-851-270-1>		<http://ids.clld.org/parameters/15-851>		<http://ids.clld.org/values/15-851-287-5>		"kašiepi"@myu	
"ḳˀoɲi"@cap	<http://ids.clld.org/values/15-851-270-1>		<http://ids.clld.org/parameters/15-851>		<http://ids.clld.org/values/15-851-287-3>		"tidašip"@myu	
"ḳˀoɲi"@cap	<http://ids.clld.org/values/15-851-270-1>		<http://ids.clld.org/parameters/15-851>		<http://ids.clld.org/values/15-851-287-1>		"t-ašip"@myu	
"ḳʰolx-š"@cap	<http://ids.clld.org/values/9-260-270-3>		<http://ids.clld.org/parameters/9-260>		<http://ids.clld.org/values/9-260-287-1>		"ka"@myu	
"tʰuɲi"@cap	<http://ids.clld.org/values/14-410-270-1>		<http://ids.clld.org/parameters/14-410>		<http://ids.clld.org/values/14-410-287-1>		"ka-bi-a"@myu	
"xekt"@cap	<http://ids.clld.org/values/17-680-270-1>		<http://ids.clld.org/parameters/17-680>		<http://ids.clld.org/values/17-680-287-1>		"abɨ"@myu	
"hoo-"@cap	<http://ids.clld.org/values/9-330-270-1>		<http://ids.clld.org/parameters/9-330>		<http://ids.clld.org/values/9-330-287-1>		"imɨpɨšik-pɨšiŋ"@myu	
"munti-naka"@cap	<http://ids.clld.org/values/1-410-270-1>		<http://ids.clld.org/parameters/1-410>		<http://ids.clld.org/values/1-410-287-1>		"kadaidaidaʔibit"@myu	
"txoḳ-"@cap	<http://ids.clld.org/values/10-230-270-3>		<http://ids.clld.org/parameters/10-230>		<http://ids.clld.org/values/10-230-287-1>		"ʔat-ʔan"@myu	
"xikš"@cap	<http://ids.clld.org/values/10-710-270-1>		<http://ids.clld.org/parameters/10-710>		<http://ids.clld.org/values/10-710-287-1>		"e"@myu	
"ḳʰoɲi"@cap	<http://ids.clld.org/values/15-840-270-1>		<http://ids.clld.org/parameters/15-840>		<http://ids.clld.org/values/15-840-287-1>		"t-iap"@myu	
"c̷axt-"@cap	<http://ids.clld.org/values/10-440-270-1>		<http://ids.clld.org/parameters/10-440>		<http://ids.clld.org/values/10-440-287-1>		"daʔiʔim"@myu	
"kʰerwiš"@cap	<http://ids.clld.org/values/10-410-270-1>		<http://ids.clld.org/parameters/10-410>		<http://ids.clld.org/values/10-410-287-1>		"ǰewɨrɨrɨrɨɲ"@myu	
"awči"@cap	<http://ids.clld.org/values/15-830-270-1>		<http://ids.clld.org/parameters/15-830>		<http://ids.clld.org/values/15-830-287-1>		"iši"@myu	
"awči"@cap	<http://ids.clld.org/values/15-830-270-1>		<http://ids.clld.org/parameters/15-830>		<http://ids.clld.org/values/15-830-287-3>		"-direm"@myu	
"tʰami"@cap	<http://ids.clld.org/values/1-720-270-1>		<http://ids.clld.org/parameters/1-720>		<http://ids.clld.org/values/1-720-287-1>		"ka-bi-do"@myu	
"kexpš"@cap	<http://ids.clld.org/values/10-481-270-1>		<http://ids.clld.org/parameters/10-481>		<http://ids.clld.org/values/10-481-287-1>		"ǰepit"@myu	
"ṣ̌etḳat-"@cap	<http://ids.clld.org/values/4-860-270-1>		<http://ids.clld.org/parameters/4-860>		<http://ids.clld.org/values/4-860-287-1>		"ohom"@myu	
"ḳˀatš"@cap	<http://ids.clld.org/values/9-222-270-1>		<http://ids.clld.org/parameters/9-222>		<http://ids.clld.org/values/9-222-287-1>		"imɨwekakam"@myu	
"paḳu"@cap	<http://ids.clld.org/values/3-610-270-1>		<http://ids.clld.org/parameters/3-610>		<http://ids.clld.org/values/3-610-287-1>		"akɨriče"@myu	
"paḳu"@cap	<http://ids.clld.org/values/3-610-270-1>		<http://ids.clld.org/parameters/3-610>		<http://ids.clld.org/values/3-610-287-3>		"akiriče"@myu	
"lik-š"@cap	<http://ids.clld.org/values/5-130-270-1>		<http://ids.clld.org/parameters/5-130>		<http://ids.clld.org/values/5-130-287-3>		"tikõn"@myu	
"lik-š"@cap	<http://ids.clld.org/values/5-130-270-1>		<http://ids.clld.org/parameters/5-130>		<http://ids.clld.org/values/5-130-287-1>		"iʔom"@myu	
"laxča"@cap	<http://ids.clld.org/values/12-580-270-1>		<http://ids.clld.org/parameters/12-580>		<http://ids.clld.org/values/12-580-287-1>		"-beren"@myu	
"-ḳat"@cap	<http://ids.clld.org/values/17-420-270-1>		<http://ids.clld.org/parameters/17-420>		<http://ids.clld.org/values/17-420-287-1>		"mɨ-"@myu	
"ḳˀot-š"@cap	<http://ids.clld.org/values/16-670-270-3>		<http://ids.clld.org/parameters/16-670>		<http://ids.clld.org/values/16-670-287-1>		"napapaʔɨkat"@myu	
"ḳˀot-š"@cap	<http://ids.clld.org/values/16-670-270-3>		<http://ids.clld.org/parameters/16-670>		<http://ids.clld.org/values/16-670-287-3>		"dapši"@myu	
"šaxwi ~ šawxwi"@cap	<http://ids.clld.org/values/4-650-270-3>		<http://ids.clld.org/parameters/4-650>		<http://ids.clld.org/values/4-650-287-1>		"iǰok-ǰok-ǰoɲ"@myu	
"tuna"@cap	<http://ids.clld.org/values/12-450-270-1>		<http://ids.clld.org/parameters/12-450>		<http://ids.clld.org/values/12-450-287-1>		"kaši čẽm-čẽmatkadi"@myu	
"ker-walʸpa"@cap	<http://ids.clld.org/values/3-520-270-1>		<http://ids.clld.org/parameters/3-520>		<http://ids.clld.org/values/3-520-287-1>		"sapokay aɲokat-kat"@myu	
"lxomi"@cap	<http://ids.clld.org/values/8-540-270-3>		<http://ids.clld.org/parameters/8-540>		<http://ids.clld.org/values/8-540-287-3>		"ka-na-bɨ"@myu	
"lxomi"@cap	<http://ids.clld.org/values/8-540-270-3>		<http://ids.clld.org/parameters/8-540>		<http://ids.clld.org/values/8-540-287-1>		"-na-bɨ"@myu	
"čʰixpi"@cap	<http://ids.clld.org/values/13-210-270-1>		<http://ids.clld.org/parameters/13-210>		<http://ids.clld.org/values/13-210-287-3>		"yanopapɨ̃n"@myu	
"čʰixpi"@cap	<http://ids.clld.org/values/13-210-270-1>		<http://ids.clld.org/parameters/13-210>		<http://ids.clld.org/values/13-210-287-1>		"topapɨ̃n"@myu	
"itš"@cap	<http://ids.clld.org/values/5-160-270-1>		<http://ids.clld.org/parameters/5-160>		<http://ids.clld.org/values/5-160-287-1>		"diʔoʔm"@myu	
"čiwi"@cap	<http://ids.clld.org/values/15-640-270-1>		<http://ids.clld.org/parameters/15-640>		<http://ids.clld.org/values/15-640-287-1>		"i-rɨt"@myu	
"pek-š"@cap	<http://ids.clld.org/values/16-620-270-1>		<http://ids.clld.org/parameters/16-620>		<http://ids.clld.org/values/16-620-287-1>		"kay"@myu	
"[miši]"@cap	<http://ids.clld.org/values/3-620-270-1>		<http://ids.clld.org/parameters/3-620>		<http://ids.clld.org/values/3-620-287-1>		"pišaɲa"@myu	
"matilʸa"@cap	<http://ids.clld.org/values/2-471-270-3>		<http://ids.clld.org/parameters/2-471>		<http://ids.clld.org/values/2-471-287-1>		"yabɨt"@myu	
"lis"@cap	<http://ids.clld.org/values/4-350-270-1>		<http://ids.clld.org/parameters/4-350>		<http://ids.clld.org/values/4-350-287-3>		"tao"@myu	
"lis"@cap	<http://ids.clld.org/values/4-350-270-1>		<http://ids.clld.org/parameters/4-350>		<http://ids.clld.org/values/4-350-287-1>		"dao"@myu	
"ṣ̌et-š"@cap	<http://ids.clld.org/values/4-740-270-1>		<http://ids.clld.org/parameters/4-740>		<http://ids.clld.org/values/4-740-287-1>		"itaʔit"@myu	
"maš"@cap	<http://ids.clld.org/values/1-440-270-3>		<http://ids.clld.org/parameters/1-440>		<http://ids.clld.org/values/1-440-287-1>		"wita-ʔa"@myu	
"awxs"@cap	<http://ids.clld.org/values/4-690-270-1>		<http://ids.clld.org/parameters/4-690>		<http://ids.clld.org/values/4-690-287-3>		"aǰok"@myu	
"awxs"@cap	<http://ids.clld.org/values/4-690-270-1>		<http://ids.clld.org/parameters/4-690>		<http://ids.clld.org/values/4-690-287-1>		"aǰoɲ"@myu	
"c̷oḳ"@cap	<http://ids.clld.org/values/15-650-270-1>		<http://ids.clld.org/parameters/15-650>		<http://ids.clld.org/values/15-650-287-1>		"i-ok"@myu	
"ana šuma"@cap	<http://ids.clld.org/values/16-720-270-1>		<http://ids.clld.org/parameters/16-720>		<http://ids.clld.org/values/16-720-287-1>		"šipat ɲɨ"@myu	
"ḳuš"@cap	<http://ids.clld.org/values/10-610-270-1>		<http://ids.clld.org/parameters/10-610>		<http://ids.clld.org/values/10-610-287-1>		"tɨǰowatwan"@myu	
"ana šišta"@cap	<http://ids.clld.org/values/17-360-270-1>		<http://ids.clld.org/parameters/17-360>		<http://ids.clld.org/values/17-360-287-1>		"yaʔõbidadadam"@myu	
"pʰaxḳalʸa"@cap	<http://ids.clld.org/values/8-570-270-1>		<http://ids.clld.org/parameters/8-570>		<http://ids.clld.org/values/8-570-287-1>		"-dit ~ tit"@myu	
"ninaka"@cap	<http://ids.clld.org/values/2-960-270-1>		<http://ids.clld.org/parameters/2-960>		<http://ids.clld.org/values/2-960-287-1>		"iše-yɨ̃"@myu	
"ninaka"@cap	<http://ids.clld.org/values/2-960-270-1>		<http://ids.clld.org/parameters/2-960>		<http://ids.clld.org/values/2-960-287-3>		"ite-yɨ̃"@myu	
"škiti"@cap	<http://ids.clld.org/values/6-120-270-1>		<http://ids.clld.org/parameters/6-120>		<http://ids.clld.org/values/6-120-287-1>		"doti"@myu	
"škiti"@cap	<http://ids.clld.org/values/6-120-270-1>		<http://ids.clld.org/parameters/6-120>		<http://ids.clld.org/values/6-120-287-3>		"say"@myu	
"čara"@cap	<http://ids.clld.org/values/4-140-270-1>		<http://ids.clld.org/parameters/4-140>		<http://ids.clld.org/values/4-140-287-1>		"ya-d-ap"@myu	
"wiri"@cap	<http://ids.clld.org/values/12-10-270-1>		<http://ids.clld.org/parameters/12-10>		<http://ids.clld.org/values/12-10-287-1>		"ɲɨyǰom"@myu	
"weṣ̌la"@cap	<http://ids.clld.org/values/3-581-270-1>		<http://ids.clld.org/parameters/3-581>		<http://ids.clld.org/values/3-581-287-3>		"wãsɨ̃"@myu	
"weṣ̌la"@cap	<http://ids.clld.org/values/3-581-270-1>		<http://ids.clld.org/parameters/3-581>		<http://ids.clld.org/values/3-581-287-1>		"wasɨ̃-yɨ̃"@myu	
"irke irke"@cap	<http://ids.clld.org/values/4-170-270-1>		<http://ids.clld.org/parameters/4-170>		<http://ids.clld.org/values/4-170-287-1>		"-a-kara��-sɨ̃"@myu	
"čˀiš"@cap	<http://ids.clld.org/values/3-650-270-1>		<http://ids.clld.org/parameters/3-650>		<http://ids.clld.org/values/3-650-287-1>		"ašima"@myu	
"non-š"@cap	<http://ids.clld.org/values/15-420-270-1>		<http://ids.clld.org/parameters/15-420>		<http://ids.clld.org/values/15-420-287-1>		"yaʔĩǰom"@myu	
"ḳʰur-š"@cap	<http://ids.clld.org/values/11-310-270-1>		<http://ids.clld.org/parameters/11-310>		<http://ids.clld.org/values/11-310-287-1>		"ǰeakaɲ"@myu	
"kʰewa"@cap	<http://ids.clld.org/values/5-791-270-1>		<http://ids.clld.org/parameters/5-791>		<http://ids.clld.org/values/5-791-287-1>		"i-šep"@myu	
"eek-š"@cap	<http://ids.clld.org/values/5-140-270-1>		<http://ids.clld.org/parameters/5-140>		<http://ids.clld.org/values/5-140-287-1>		"ire"@myu	
"naa"@cap	<http://ids.clld.org/values/2-930-270-5>		<http://ids.clld.org/parameters/2-930>		<http://ids.clld.org/values/2-930-287-11>		"iɲo"@myu	
"naa"@cap	<http://ids.clld.org/values/2-930-270-5>		<http://ids.clld.org/parameters/2-930>		<http://ids.clld.org/values/2-930-287-3>		"ite"@myu	
"naa"@cap	<http://ids.clld.org/values/2-930-270-5>		<http://ids.clld.org/parameters/2-930>		<http://ids.clld.org/values/2-930-287-5>		"ibo"@myu	
"naa"@cap	<http://ids.clld.org/values/2-930-270-5>		<http://ids.clld.org/parameters/2-930>		<http://ids.clld.org/values/2-930-287-9>		"iǰop"@myu	
"naa"@cap	<http://ids.clld.org/values/2-930-270-5>		<http://ids.clld.org/parameters/2-930>		<http://ids.clld.org/values/2-930-287-7>		"iǰa"@myu	
"naa"@cap	<http://ids.clld.org/values/2-930-270-5>		<http://ids.clld.org/parameters/2-930>		<http://ids.clld.org/values/2-930-287-1>		"iše"@myu	
"kʰari"@cap	<http://ids.clld.org/values/12-610-270-3>		<http://ids.clld.org/parameters/12-610>		<http://ids.clld.org/values/12-610-287-1>		"i-erɨnboɲat"@myu	
"suri"@cap	<http://ids.clld.org/values/16-420-270-1>		<http://ids.clld.org/parameters/16-420>		<http://ids.clld.org/values/16-420-287-1>		"yɨkpičeɲe"@myu	
"paḳpik"@cap	<http://ids.clld.org/values/13-40-270-1>		<http://ids.clld.org/parameters/13-40>		<http://ids.clld.org/values/13-40-287-1>		"e-ba-dip-dip"@myu	
"yaw-"@cap	<http://ids.clld.org/values/10-472-270-1>		<http://ids.clld.org/parameters/10-472>		<http://ids.clld.org/values/10-472-287-1>		"ǰe-ɨ-hɨm"@myu	
"[papila]"@cap	<http://ids.clld.org/values/18-560-270-1>		<http://ids.clld.org/parameters/18-560>		<http://ids.clld.org/values/18-560-287-1>		"[papera]-dɨp"@myu	
"tʰam"@cap	<http://ids.clld.org/values/10-380-270-3>		<http://ids.clld.org/parameters/10-380>		<http://ids.clld.org/values/10-380-287-1>		"imɨpow-ɨpow"@myu	
"munti"@cap	<http://ids.clld.org/values/1-420-270-1>		<http://ids.clld.org/parameters/1-420>		<http://ids.clld.org/values/1-420-287-1>		"-ʔip"@myu	
"mokˀo"@cap	<http://ids.clld.org/values/16-410-270-1>		<http://ids.clld.org/parameters/16-410>		<http://ids.clld.org/values/16-410-287-1>		"tep-tep"@myu	
"akilʸo"@cap	<http://ids.clld.org/values/13-0-270-3>		<http://ids.clld.org/parameters/13-0>		<http://ids.clld.org/values/13-0-287-1>		"kaʔɨ̃mɲɨ"@myu	
"tʰap-š"@cap	<http://ids.clld.org/values/1-852-270-1>		<http://ids.clld.org/parameters/1-852>		<http://ids.clld.org/values/1-852-287-1>		"i-pik"@myu	
"čawk-"@cap	<http://ids.clld.org/values/2-461-270-1>		<http://ids.clld.org/parameters/2-461>		<http://ids.clld.org/values/2-461-287-1>		"aypa"@myu	
"layš"@cap	<http://ids.clld.org/values/10-370-270-1>		<http://ids.clld.org/parameters/10-370>		<http://ids.clld.org/values/10-370-287-1>		"ǰepɨpɨpɨm"@myu	
"kʰurš"@cap	<http://ids.clld.org/values/4-180-270-1>		<http://ids.clld.org/parameters/4-180>		<http://ids.clld.org/values/4-180-287-1>		"-d-oay-bɨ"@myu	
"lar-š"@cap	<http://ids.clld.org/values/9-220-270-1>		<http://ids.clld.org/parameters/9-220>		<http://ids.clld.org/values/9-220-287-1>		"t-akat-kan"@myu	
"xila"@cap	<http://ids.clld.org/values/2-440-270-1>		<http://ids.clld.org/parameters/2-440>		<http://ids.clld.org/values/2-440-287-1>		"kipit"@myu	
"walu"@cap	<http://ids.clld.org/values/4-461-270-1>		<http://ids.clld.org/parameters/4-461>		<http://ids.clld.org/values/4-461-287-1>		"-nɨ̃n-pɨ ~ tɨ̃n-pɨ"@myu	
"ux"@cap	<http://ids.clld.org/values/1-810-270-1>		<http://ids.clld.org/parameters/1-810>		<http://ids.clld.org/values/1-810-287-1>		"d-aša"@myu	
"lop-"@cap	<http://ids.clld.org/values/15-880-270-3>		<http://ids.clld.org/parameters/15-880>		<http://ids.clld.org/values/15-880-287-1>		"-okok"@myu	
"šarak"@cap	<http://ids.clld.org/values/10-490-270-3>		<http://ids.clld.org/parameters/10-490>		<http://ids.clld.org/values/10-490-287-1>		"ǰewemɨwẽnɨwẽn"@myu	
"xex-"@cap	<http://ids.clld.org/values/4-510-270-1>		<http://ids.clld.org/parameters/4-510>		<http://ids.clld.org/values/4-510-287-1>		"ǰe-pido-wat-wan"@myu	
"čixɲi"@cap	<http://ids.clld.org/values/1-750-270-1>		<http://ids.clld.org/parameters/1-750>		<http://ids.clld.org/values/1-750-287-1>		"mɨ-ba-ʔat"@myu	
"xʷetš"@cap	<http://ids.clld.org/values/8-220-270-1>		<http://ids.clld.org/parameters/8-220>		<http://ids.clld.org/values/8-220-287-1>		"i-kɨ̃y-kotkon"@myu	
"ixkš"@cap	<http://ids.clld.org/values/5-480-270-1>		<http://ids.clld.org/parameters/5-480>		<http://ids.clld.org/values/5-480-287-3>		"ikorerem"@myu	
"ixkš"@cap	<http://ids.clld.org/values/5-480-270-1>		<http://ids.clld.org/parameters/5-480>		<http://ids.clld.org/values/5-480-287-1>		"ikɨrɨsɨsɨ"@myu	
"waṣ̌a"@cap	<http://ids.clld.org/values/15-820-270-3>		<http://ids.clld.org/parameters/15-820>		<http://ids.clld.org/values/15-820-287-1>		"iyɨ (?)"@myu	
"werx"@cap	<http://ids.clld.org/values/2-910-270-1>		<http://ids.clld.org/parameters/2-910>		<http://ids.clld.org/values/2-910-287-1>		"õn"@myu	
"c̷ʰix"@cap	<http://ids.clld.org/values/4-160-270-1>		<http://ids.clld.org/parameters/4-160>		<http://ids.clld.org/values/4-160-287-1>		"-dao"@myu	
"xekmi"@cap	<http://ids.clld.org/values/17-680-270-3>		<http://ids.clld.org/parameters/17-680>		<http://ids.clld.org/values/17-680-287-1>		"abɨ"@myu	
"pˀišu"@cap	<http://ids.clld.org/values/2-251-270-1>		<http://ids.clld.org/parameters/2-251>		<http://ids.clld.org/values/2-251-287-1>		"yaypanʔisɨat"@myu	
"c̷ˀirḳa"@cap	<http://ids.clld.org/values/3-650-270-3>		<http://ids.clld.org/parameters/3-650>		<http://ids.clld.org/values/3-650-287-1>		"ašima"@myu	
"ḳulʸa"@cap	<http://ids.clld.org/values/4-880-270-1>		<http://ids.clld.org/parameters/4-880>		<http://ids.clld.org/values/4-880-287-1>		"posɨ̃ŋ-ti (~ -di)"@myu	
"kalʸa-kalʸa"@cap	<http://ids.clld.org/values/3-818-270-1>		<http://ids.clld.org/parameters/3-818>		<http://ids.clld.org/values/3-818-287-1>		"doa"@myu	
"čiɲa"@cap	<http://ids.clld.org/values/3-591-270-1>		<http://ids.clld.org/parameters/3-591>		<http://ids.clld.org/values/3-591-287-1>		"mɨreo-dɨp"@myu	
"lxok"@cap	<http://ids.clld.org/values/4-150-270-1>		<http://ids.clld.org/parameters/4-150>		<http://ids.clld.org/values/4-150-287-1>		"-d-oy"@myu	
"ṣ̌oxr-"@cap	<http://ids.clld.org/values/15-880-270-5>		<http://ids.clld.org/parameters/15-880>		<http://ids.clld.org/values/15-880-287-1>		"-okok"@myu	
"paḳxi"@cap	<http://ids.clld.org/values/12-580-270-3>		<http://ids.clld.org/parameters/12-580>		<http://ids.clld.org/values/12-580-287-1>		"-beren"@myu	
"c̷xiri"@cap	<http://ids.clld.org/values/1-730-270-1>		<http://ids.clld.org/parameters/1-730>		<http://ids.clld.org/values/1-730-287-1>		"ka-bi-kere-reat"@myu	
"[lii-]"@cap	<http://ids.clld.org/values/18-520-270-1>		<http://ids.clld.org/parameters/18-520>		<http://ids.clld.org/values/18-520-287-1>		"taperadɨp čočom"@myu	
"tʰun"@cap	<http://ids.clld.org/values/2-320-270-1>		<http://ids.clld.org/parameters/2-320>		<http://ids.clld.org/values/2-320-287-1>		"-t-ay-ši"@myu	
"laawš"@cap	<http://ids.clld.org/values/15-860-270-3>		<http://ids.clld.org/parameters/15-860>		<http://ids.clld.org/values/15-860-287-1>		"-čɨk"@myu	
"lukmaxč"@cap	<http://ids.clld.org/values/2-250-270-1>		<http://ids.clld.org/parameters/2-250>		<http://ids.clld.org/values/2-250-287-1>		"a-ɲo-kat-kat-ʔit-ʔit"@myu	
"uš"@cap	<http://ids.clld.org/values/2-260-270-1>		<http://ids.clld.org/parameters/2-260>		<http://ids.clld.org/values/2-260-287-1>		"a-yat-at-ʔit-ʔit"@myu	
"maxč"@cap	<http://ids.clld.org/values/2-410-270-1>		<http://ids.clld.org/parameters/2-410>		<http://ids.clld.org/values/2-410-287-1>		"ʔit"@myu	
"tik-č̣a"@cap	<http://ids.clld.org/values/4-750-270-3>		<http://ids.clld.org/parameters/4-750>		<http://ids.clld.org/values/4-750-287-1>		"ǰeʔɨ̃ʔɨ̃m"@myu	
"tik-č̣a"@cap	<http://ids.clld.org/values/4-750-270-3>		<http://ids.clld.org/parameters/4-750>		<http://ids.clld.org/values/4-750-287-3>		"ʔɨ̃"@myu	
"[kintˀa-]"@cap	<http://ids.clld.org/values/18-221-270-1>		<http://ids.clld.org/parameters/18-221>		<http://ids.clld.org/values/18-221-287-1>		"kawẽn"@myu	
"č̣ʰuxki"@cap	<http://ids.clld.org/values/4-210-270-1>		<http://ids.clld.org/parameters/4-210>		<http://ids.clld.org/values/4-210-287-1>		"i-ta"@myu	
"pičut"@cap	<http://ids.clld.org/values/13-350-270-3>		<http://ids.clld.org/parameters/13-350>		<http://ids.clld.org/values/13-350-287-1>		"kanomɨ̃m"@myu	
"luktaḳa"@cap	<http://ids.clld.org/values/2-210-270-1>		<http://ids.clld.org/parameters/2-210>		<http://ids.clld.org/values/2-210-287-1>		"a-ɲo-kat-kat"@myu	
"aksi"@cap	<http://ids.clld.org/values/9-261-270-3>		<http://ids.clld.org/parameters/9-261>		<http://ids.clld.org/values/9-261-287-1>		"ibaɲ-baɲ"@myu	
"tʰees"@cap	<http://ids.clld.org/values/15-550-270-1>		<http://ids.clld.org/parameters/15-550>		<http://ids.clld.org/values/15-550-287-1>		"imɨbapɨɲ"@myu	
"-tʰuuči"@cap	<http://ids.clld.org/values/4-853-270-3>		<http://ids.clld.org/parameters/4-853>		<http://ids.clld.org/values/4-853-287-1>		"ieɨhɨ"@myu	
"-tʰuuči"@cap	<http://ids.clld.org/values/4-853-270-3>		<http://ids.clld.org/parameters/4-853>		<http://ids.clld.org/values/4-853-287-3>		"ieɨ"@myu	
"kʰi-"@cap	<http://ids.clld.org/values/18-210-270-1>		<http://ids.clld.org/parameters/18-210>		<http://ids.clld.org/values/18-210-287-1>		"ǰededem"@myu	
"kʰi-"@cap	<http://ids.clld.org/values/18-210-270-1>		<http://ids.clld.org/parameters/18-210>		<http://ids.clld.org/values/18-210-287-3>		"ǰekawẽn-wẽn"@myu	
"ḳaata"@cap	<http://ids.clld.org/values/5-122-270-1>		<http://ids.clld.org/parameters/5-122>		<http://ids.clld.org/values/5-122-287-1>		"it"@myu	
"lxoḳxi"@cap	<http://ids.clld.org/values/1-350-270-1>		<http://ids.clld.org/parameters/1-350>		<http://ids.clld.org/values/1-350-287-1>		"-di-kopek"@myu	
"x̣ʷaxrš"@cap	<http://ids.clld.org/values/9-260-270-1>		<http://ids.clld.org/parameters/9-260>		<http://ids.clld.org/values/9-260-287-1>		"ka"@myu	
"tʰat-š ~ tx̣at-š ~ tʰwat-š"@cap	<http://ids.clld.org/values/17-320-270-1>		<http://ids.clld.org/parameters/17-320>		<http://ids.clld.org/values/17-320-287-1>		"yaɲɨybaʔɨ̃m"@myu	
"enen-š"@cap	<http://ids.clld.org/values/14-240-270-1>		<http://ids.clld.org/parameters/14-240>		<http://ids.clld.org/values/14-240-287-1>		"ibɨn"@myu	
"wen"@cap	<http://ids.clld.org/values/14-420-270-1>		<http://ids.clld.org/parameters/14-420>		<http://ids.clld.org/values/14-420-287-1>		"i-ši-ma"@myu	
"ḳʰay-š"@cap	<http://ids.clld.org/values/11-810-270-1>		<http://ids.clld.org/parameters/11-810>		<http://ids.clld.org/values/11-810-287-1>		"ibɨm"@myu	
"šepˀa"@cap	<http://ids.clld.org/values/8-540-270-1>		<http://ids.clld.org/parameters/8-540>		<http://ids.clld.org/values/8-540-287-3>		"ka-na-bɨ"@myu	
"šepˀa"@cap	<http://ids.clld.org/values/8-540-270-1>		<http://ids.clld.org/parameters/8-540>		<http://ids.clld.org/values/8-540-287-1>		"-na-bɨ"@myu	
"kuru"@cap	<http://ids.clld.org/values/1-220-270-1>		<http://ids.clld.org/parameters/1-220>		<http://ids.clld.org/values/1-220-287-1>		"čo-ʔa"@myu	
"awxs"@cap	<http://ids.clld.org/values/9-360-270-1>		<http://ids.clld.org/parameters/9-360>		<http://ids.clld.org/values/9-360-287-1>		"i-wɨy-wɨy"@myu	
"loč"@cap	<http://ids.clld.org/values/15-880-270-1>		<http://ids.clld.org/parameters/15-880>		<http://ids.clld.org/values/15-880-287-1>		"-okok"@myu	
"luxl-"@cap	<http://ids.clld.org/values/5-110-270-1>		<http://ids.clld.org/parameters/5-110>		<http://ids.clld.org/values/5-110-287-3>		"iʔom"@myu	
"luxl-"@cap	<http://ids.clld.org/values/5-110-270-1>		<http://ids.clld.org/parameters/5-110>		<http://ids.clld.org/values/5-110-287-1>		"ǰe-kõn"@myu	
"tuwanta"@cap	<http://ids.clld.org/values/12-450-270-3>		<http://ids.clld.org/parameters/12-450>		<http://ids.clld.org/values/12-450-287-1>		"kaši čẽm-čẽmatkadi"@myu	
"škiča"@cap	<http://ids.clld.org/values/3-950-270-1>		<http://ids.clld.org/parameters/3-950>		<http://ids.clld.org/values/3-950-287-1>		"mɨo"@myu	
"škiča"@cap	<http://ids.clld.org/values/3-950-270-1>		<http://ids.clld.org/parameters/3-950>		<http://ids.clld.org/values/3-950-287-3>		"kore-kore"@myu	
"šixl-"@cap	<http://ids.clld.org/values/5-480-270-3>		<http://ids.clld.org/parameters/5-480>		<http://ids.clld.org/values/5-480-287-3>		"ikorerem"@myu	
"šixl-"@cap	<http://ids.clld.org/values/5-480-270-3>		<http://ids.clld.org/parameters/5-480>		<http://ids.clld.org/values/5-480-287-1>		"ikɨrɨsɨsɨ"@myu	
"tʰaxr-ki-"@cap	<http://ids.clld.org/values/4-560-270-5>		<http://ids.clld.org/parameters/4-560>		<http://ids.clld.org/values/4-560-287-1>		"-bi-di"@myu	
"luko"@cap	<http://ids.clld.org/values/2-310-270-1>		<http://ids.clld.org/parameters/2-310>		<http://ids.clld.org/values/2-310-287-3>		"-ktop"@myu	
"luko"@cap	<http://ids.clld.org/values/2-310-270-1>		<http://ids.clld.org/parameters/2-310>		<http://ids.clld.org/values/2-310-287-1>		"-t-op"@myu	
"[xustisia] paa-"@cap	<http://ids.clld.org/values/21-160-270-1>		<http://ids.clld.org/parameters/21-160>		<http://ids.clld.org/values/21-160-287-1>		"yɨkpiwat tekɨ iʔeʔem"@myu	
"čixɲi [timpu]"@cap	<http://ids.clld.org/values/14-760-270-1>		<http://ids.clld.org/parameters/14-760>		<http://ids.clld.org/values/14-760-287-1>		"koato"@myu	
"c̷ʰits-"@cap	<http://ids.clld.org/values/12-150-270-3>		<http://ids.clld.org/parameters/12-150>		<http://ids.clld.org/values/12-150-287-1>		"čɨ̃ŋ-ʔi"@myu	
"šḳora"@cap	<http://ids.clld.org/values/3-850-270-1>		<http://ids.clld.org/parameters/3-850>		<http://ids.clld.org/values/3-850-287-1>		"pɨy-bɨ"@myu	
"-čis"@cap	<http://ids.clld.org/values/11-120-270-1>		<http://ids.clld.org/parameters/11-120>		<http://ids.clld.org/values/11-120-287-1>		"ikɨɲ"@myu	
"ḳxara"@cap	<http://ids.clld.org/values/4-330-270-1>		<http://ids.clld.org/parameters/4-330>		<http://ids.clld.org/values/4-330-287-1>		"i-bɨ-nɨ̃ʔa"@myu	
"ḳxara"@cap	<http://ids.clld.org/values/4-330-270-1>		<http://ids.clld.org/parameters/4-330>		<http://ids.clld.org/values/4-330-287-3>		"-bɨ̃-rɨ̃-ʔa"@myu	
"waxt-"@cap	<http://ids.clld.org/values/4-630-270-1>		<http://ids.clld.org/parameters/4-630>		<http://ids.clld.org/values/4-630-287-1>		"ǰewɨrɨ̃ɲ"@myu	
"šika"@cap	<http://ids.clld.org/values/8-560-270-3>		<http://ids.clld.org/parameters/8-560>		<http://ids.clld.org/values/8-560-287-1>		"-d-ɨp"@myu	
"c̷ukči"@cap	<http://ids.clld.org/values/16-530-270-1>		<http://ids.clld.org/parameters/16-530>		<http://ids.clld.org/values/16-530-287-1>		"iparara"@myu	
"luxl-š"@cap	<http://ids.clld.org/values/5-110-270-3>		<http://ids.clld.org/parameters/5-110>		<http://ids.clld.org/values/5-110-287-3>		"iʔom"@myu	
"luxl-š"@cap	<http://ids.clld.org/values/5-110-270-3>		<http://ids.clld.org/parameters/5-110>		<http://ids.clld.org/values/5-110-287-1>		"ǰe-kõn"@myu	
"lapˀiṣ̌iš"@cap	<http://ids.clld.org/values/17-130-270-1>		<http://ids.clld.org/parameters/17-130>		<http://ids.clld.org/values/17-130-287-1>		"ǰewaɨ̃yɲɨy"@myu	
"ilʸu"@cap	<http://ids.clld.org/values/17-370-270-3>		<http://ids.clld.org/parameters/17-370>		<http://ids.clld.org/values/17-370-287-1>		"čedaɲ ma"@myu	
"[pak]"@cap	<http://ids.clld.org/values/11-650-270-1>		<http://ids.clld.org/parameters/11-650>		<http://ids.clld.org/values/11-650-287-1>		"teidam"@myu	
"[ikliša]"@cap	<http://ids.clld.org/values/22-130-270-3>		<http://ids.clld.org/parameters/22-130>		<http://ids.clld.org/values/22-130-287-1>		"Deɨs tɨkʔa"@myu	
"lʸumpaḳa"@cap	<http://ids.clld.org/values/15-870-270-1>		<http://ids.clld.org/parameters/15-870>		<http://ids.clld.org/values/15-870-287-1>		"i-sɨp-sɨm -"@myu	
"wata"@cap	<http://ids.clld.org/values/14-730-270-1>		<http://ids.clld.org/parameters/14-730>		<http://ids.clld.org/values/14-730-287-1>		"koato"@myu	
"ux-ux-ɲi"@cap	<http://ids.clld.org/values/3-823-270-1>		<http://ids.clld.org/parameters/3-823>		<http://ids.clld.org/values/3-823-287-1>		"i-kopi"@myu	
"ḳʰutu"@cap	<http://ids.clld.org/values/13-140-270-1>		<http://ids.clld.org/parameters/13-140>		<http://ids.clld.org/values/13-140-287-1>		"soat"@myu	
"tʰuu"@cap	<http://ids.clld.org/values/18-280-270-1>		<http://ids.clld.org/parameters/18-280>		<http://ids.clld.org/values/18-280-287-1>		"i-bɨ-tet"@myu	
"werara"@cap	<http://ids.clld.org/values/16-660-270-1>		<http://ids.clld.org/parameters/16-660>		<http://ids.clld.org/values/16-660-287-1>		"ičemãn"@myu	
"kumari"@cap	<http://ids.clld.org/values/1-590-270-1>		<http://ids.clld.org/parameters/1-590>		<http://ids.clld.org/values/1-590-287-1>		"kabikodepɨ"@myu	
"paxš"@cap	<http://ids.clld.org/values/17-170-270-1>		<http://ids.clld.org/parameters/17-170>		<http://ids.clld.org/values/17-170-287-1>		"itaybit"@myu	
"paxš"@cap	<http://ids.clld.org/values/17-170-270-1>		<http://ids.clld.org/parameters/17-170>		<http://ids.clld.org/values/17-170-287-3>		"wetaybit"@myu	
"paš"@cap	<http://ids.clld.org/values/11-330-270-3>		<http://ids.clld.org/parameters/11-330>		<http://ids.clld.org/values/11-330-287-1>		"opat"@myu	
"toskara"@cap	<http://ids.clld.org/values/16-670-270-1>		<http://ids.clld.org/parameters/16-670>		<http://ids.clld.org/values/16-670-287-1>		"napapaʔɨkat"@myu	
"toskara"@cap	<http://ids.clld.org/values/16-670-270-1>		<http://ids.clld.org/parameters/16-670>		<http://ids.clld.org/values/16-670-287-3>		"dapši"@myu	
"pʰukš"@cap	<http://ids.clld.org/values/12-260-270-1>		<http://ids.clld.org/parameters/12-260>		<http://ids.clld.org/values/12-260-287-3>		"aǰɨy"@myu	
"pʰukš"@cap	<http://ids.clld.org/values/12-260-270-1>		<http://ids.clld.org/parameters/12-260>		<http://ids.clld.org/values/12-260-287-1>		"yaǰɨyǰɨy"@myu	
"las"@cap	<http://ids.clld.org/values/4-260-270-1>		<http://ids.clld.org/parameters/4-260>		<http://ids.clld.org/values/4-260-287-1>		"-kõ"@myu	
"ača"@cap	<http://ids.clld.org/values/4-200-270-1>		<http://ids.clld.org/parameters/4-200>		<http://ids.clld.org/values/4-200-287-3>		"ʔa"@myu	
"ača"@cap	<http://ids.clld.org/values/4-200-270-1>		<http://ids.clld.org/parameters/4-200>		<http://ids.clld.org/values/4-200-287-1>		"yaʔa"@myu	
"uri"@cap	<http://ids.clld.org/values/14-210-270-1>		<http://ids.clld.org/parameters/14-210>		<http://ids.clld.org/values/14-210-287-3>		"dao ma"@myu	
"uri"@cap	<http://ids.clld.org/values/14-210-270-1>		<http://ids.clld.org/parameters/14-210>		<http://ids.clld.org/values/14-210-287-1>		"daosɨw-sɨw"@myu	
"šḳala"@cap	<http://ids.clld.org/values/8-120-270-1>		<http://ids.clld.org/parameters/8-120>		<http://ids.clld.org/values/8-120-287-1>		"koɲɨ̃npi"@myu	
"tuši"@cap	<http://ids.clld.org/values/4-440-270-3>		<http://ids.clld.org/parameters/4-440>		<http://ids.clld.org/values/4-440-287-1>		"-a-ʔõ-ša-bi-da"@myu	
"laači"@cap	<http://ids.clld.org/values/13-220-270-1>		<http://ids.clld.org/parameters/13-220>		<http://ids.clld.org/values/13-220-287-3>		"yɨkpibɨk"@myu	
"laači"@cap	<http://ids.clld.org/values/13-220-270-1>		<http://ids.clld.org/parameters/13-220>		<http://ids.clld.org/values/13-220-287-1>		"yabibɨk"@myu	
"waxta"@cap	<http://ids.clld.org/values/19-110-270-1>		<http://ids.clld.org/parameters/19-110>		<http://ids.clld.org/values/19-110-287-1>		"ipi"@myu	
"taḳu"@cap	<http://ids.clld.org/values/18-240-270-1>		<http://ids.clld.org/parameters/18-240>		<http://ids.clld.org/values/18-240-287-1>		"yaʔõ"@myu	
"lxoki"@cap	<http://ids.clld.org/values/1-214-270-1>		<http://ids.clld.org/parameters/1-214>		<http://ids.clld.org/values/1-214-287-1>		"kaerep"@myu	
"c̷ʰela"@cap	<http://ids.clld.org/values/9-280-270-1>		<http://ids.clld.org/parameters/9-280>		<http://ids.clld.org/values/9-280-287-1>		"iwek-wek"@myu	
"[uuša]"@cap	<http://ids.clld.org/values/3-250-270-1>		<http://ids.clld.org/parameters/3-250>		<http://ids.clld.org/values/3-250-287-1>		"mẽmẽiat"@myu	
"nakʰu"@cap	<http://ids.clld.org/values/12-440-270-1>		<http://ids.clld.org/parameters/12-440>		<http://ids.clld.org/values/12-440-287-1>		"wɨ̃y"@myu	
"yoḳa"@cap	<http://ids.clld.org/values/1-210-270-1>		<http://ids.clld.org/parameters/1-210>		<http://ids.clld.org/values/1-210-287-1>		"iʔ-pi"@myu	
"yoḳa"@cap	<http://ids.clld.org/values/1-210-270-1>		<http://ids.clld.org/parameters/1-210>		<http://ids.clld.org/values/1-210-287-3>		"i-pi"@myu	
"[ača]"@cap	<http://ids.clld.org/values/9-250-270-1>		<http://ids.clld.org/parameters/9-250>		<http://ids.clld.org/values/9-250-287-1>		"o-ʔa"@myu	
"ɲiɲi"@cap	<http://ids.clld.org/values/4-300-270-1>		<http://ids.clld.org/parameters/4-300>		<http://ids.clld.org/values/4-300-287-1>		"yaʔõ-pi-ʔa"@myu	
"čerš"@cap	<http://ids.clld.org/values/15-520-270-1>		<http://ids.clld.org/parameters/15-520>		<http://ids.clld.org/values/15-520-287-1>		"ǰeakaɲ"@myu	
"čawkʷa"@cap	<http://ids.clld.org/values/2-471-270-1>		<http://ids.clld.org/parameters/2-471>		<http://ids.clld.org/values/2-471-287-1>		"yabɨt"@myu	
"čʰaɲi"@cap	<http://ids.clld.org/values/8-560-270-1>		<http://ids.clld.org/parameters/8-560>		<http://ids.clld.org/values/8-560-287-1>		"-d-ɨp"@myu	
"maa"@cap	<http://ids.clld.org/values/2-360-270-3>		<http://ids.clld.org/parameters/2-360>		<http://ids.clld.org/values/2-360-287-1>		"-ši"@myu	
"tˀirč̣a"@cap	<http://ids.clld.org/values/6-350-270-1>		<http://ids.clld.org/parameters/6-350>		<http://ids.clld.org/values/6-350-287-1>		"i-inɨ̃m-nɨ̃m"@myu	
"paḳʰi"@cap	<http://ids.clld.org/values/12-550-270-1>		<http://ids.clld.org/parameters/12-550>		<http://ids.clld.org/values/12-550-287-1>		"-oboŋ"@myu	
"paḳʰi"@cap	<http://ids.clld.org/values/12-550-270-1>		<http://ids.clld.org/parameters/12-550>		<http://ids.clld.org/values/12-550-287-3>		"-boŋ"@myu	
"ux peḳ-š"@cap	<http://ids.clld.org/values/1-860-270-3>		<http://ids.clld.org/parameters/1-860>		<http://ids.clld.org/values/1-860-287-1>		"isop"@myu	
"xʷaxt-š"@cap	<http://ids.clld.org/values/9-210-270-3>		<http://ids.clld.org/parameters/9-210>		<http://ids.clld.org/values/9-210-287-1>		"imɨpãm"@myu	
"kexps"@cap	<http://ids.clld.org/values/10-120-270-1>		<http://ids.clld.org/parameters/10-120>		<http://ids.clld.org/values/10-120-287-1>		"šĩŋ-šĩŋ ǰepin"@myu	
"kʰat-š"@cap	<http://ids.clld.org/values/20-110-270-1>		<http://ids.clld.org/parameters/20-110>		<http://ids.clld.org/values/20-110-287-1>		"ǰewešikšiɲ"@myu	
"kˀišimiri"@cap	<http://ids.clld.org/values/3-817-270-1>		<http://ids.clld.org/parameters/3-817>		<http://ids.clld.org/values/3-817-287-1>		"daʔik"@myu	
"yoḳa"@cap	<http://ids.clld.org/values/1-212-270-1>		<http://ids.clld.org/parameters/1-212>		<http://ids.clld.org/values/1-212-287-1>		"iʔ-pi"@myu	
"tʰuxt-š"@cap	<http://ids.clld.org/values/4-560-270-1>		<http://ids.clld.org/parameters/4-560>		<http://ids.clld.org/values/4-560-287-1>		"-bi-di"@myu	
"toyi"@cap	<http://ids.clld.org/values/8-510-270-3>		<http://ids.clld.org/parameters/8-510>		<http://ids.clld.org/values/8-510-287-1>		"kapĩ-i-dip"@myu	
"šwxax̣li"@cap	<http://ids.clld.org/values/4-820-270-1>		<http://ids.clld.org/parameters/4-820>		<http://ids.clld.org/values/4-820-287-1>		"ibača-ʔɨ̃m"@myu	
"šwxax̣li"@cap	<http://ids.clld.org/values/4-820-270-1>		<http://ids.clld.org/parameters/4-820>		<http://ids.clld.org/values/4-820-287-3>		"iča ɲɨ (?)"@myu	
"tan-"@cap	<http://ids.clld.org/values/11-140-270-1>		<http://ids.clld.org/parameters/11-140>		<http://ids.clld.org/values/11-140-287-1>		"ǰat"@myu	
"tx̣aɲi"@cap	<http://ids.clld.org/values/21-520-270-1>		<http://ids.clld.org/parameters/21-520>		<http://ids.clld.org/values/21-520-287-1>		"ibɨkɨrɨkat"@myu	
"[lʸanu]"@cap	<http://ids.clld.org/values/15-770-270-1>		<http://ids.clld.org/parameters/15-770>		<http://ids.clld.org/values/15-770-287-3>		"-sẽm"@myu	
"[lʸanu]"@cap	<http://ids.clld.org/values/15-770-270-1>		<http://ids.clld.org/parameters/15-770>		<http://ids.clld.org/values/15-770-287-1>		"-korop"@myu	
"aši"@cap	<http://ids.clld.org/values/4-810-270-1>		<http://ids.clld.org/parameters/4-810>		<http://ids.clld.org/values/4-810-287-1>		"ibača"@myu	
"šak [timpu]"@cap	<http://ids.clld.org/values/14-740-270-1>		<http://ids.clld.org/parameters/14-740>		<http://ids.clld.org/values/14-740-287-1>		"ihi"@myu	
"c̷ʰii"@cap	<http://ids.clld.org/values/13-10-270-1>		<http://ids.clld.org/parameters/13-10>		<http://ids.clld.org/values/13-10-287-3>		"pɨ̃ɲ"@myu	
"c̷ʰii"@cap	<http://ids.clld.org/values/13-10-270-1>		<http://ids.clld.org/parameters/13-10>		<http://ids.clld.org/values/13-10-287-1>		"pɨ̃ŋ"@myu	
"c̷ʰii"@cap	<http://ids.clld.org/values/13-10-270-1>		<http://ids.clld.org/parameters/13-10>		<http://ids.clld.org/values/13-10-287-5>		"pɨ̃ɲ ma"@myu	
"larama"@cap	<http://ids.clld.org/values/15-670-270-1>		<http://ids.clld.org/parameters/15-670>		<http://ids.clld.org/values/15-670-287-1>		"i-rem-rɨm"@myu	
"ḳoltalʸa"@cap	<http://ids.clld.org/values/12-590-270-3>		<http://ids.clld.org/parameters/12-590>		<http://ids.clld.org/values/12-590-287-1>		"tao-apĩn"@myu	
"mašḳˀa"@cap	<http://ids.clld.org/values/15-350-270-1>		<http://ids.clld.org/parameters/15-350>		<http://ids.clld.org/values/15-350-287-3>		"yakɨrɨ-kɨrɨ"@myu	
"mašḳˀa"@cap	<http://ids.clld.org/values/15-350-270-1>		<http://ids.clld.org/parameters/15-350>		<http://ids.clld.org/values/15-350-287-1>		"ikɨrɨ-kɨrɨ"@myu	
"lek-"@cap	<http://ids.clld.org/values/11-130-270-1>		<http://ids.clld.org/parameters/11-130>		<http://ids.clld.org/values/11-130-287-1>		"ɨk"@myu	
"pʰaaxtš"@cap	<http://ids.clld.org/values/4-450-270-1>		<http://ids.clld.org/parameters/4-450>		<http://ids.clld.org/values/4-450-287-3>		"-k-sa"@myu	
"pʰaaxtš"@cap	<http://ids.clld.org/values/4-450-270-1>		<http://ids.clld.org/parameters/4-450>		<http://ids.clld.org/values/4-450-287-1>		"-i-p-sa"@myu	
"apatatš"@cap	<http://ids.clld.org/values/12-150-270-1>		<http://ids.clld.org/parameters/12-150>		<http://ids.clld.org/values/12-150-287-1>		"čɨ̃ŋ-ʔi"@myu	
"škoši"@cap	<http://ids.clld.org/values/4-451-270-1>		<http://ids.clld.org/parameters/4-451>		<http://ids.clld.org/values/4-451-287-1>		"čekɨ̃rɨ̃rɨk-ta"@myu	
"ḳʰuya"@cap	<http://ids.clld.org/values/7-120-270-1>		<http://ids.clld.org/parameters/7-120>		<http://ids.clld.org/values/7-120-287-3>		"-dɨkʔa"@myu	
"ḳʰuya"@cap	<http://ids.clld.org/values/7-120-270-1>		<http://ids.clld.org/parameters/7-120>		<http://ids.clld.org/values/7-120-287-1>		"ɨk-ʔa"@myu	
"čʰax̣pi"@cap	<http://ids.clld.org/values/8-750-270-1>		<http://ids.clld.org/parameters/8-750>		<http://ids.clld.org/values/8-750-287-1>		"i-be"@myu	
"čʰax̣pi"@cap	<http://ids.clld.org/values/8-750-270-1>		<http://ids.clld.org/parameters/8-750>		<http://ids.clld.org/values/8-750-287-3>		"y-op-šee"@myu	
"irantiš"@cap	<http://ids.clld.org/values/10-550-270-1>		<http://ids.clld.org/parameters/10-550>		<http://ids.clld.org/values/10-550-287-1>		"aǰẽm"@myu	
"ḳx̣ar wičˀu"@cap	<http://ids.clld.org/values/4-310-270-1>		<http://ids.clld.org/parameters/4-310>		<http://ids.clld.org/values/4-310-287-1>		"i-ba"@myu	
"kʰet-"@cap	<http://ids.clld.org/values/12-240-270-1>		<http://ids.clld.org/parameters/12-240>		<http://ids.clld.org/values/12-240-287-1>		"tomɨdipʔɨkʔɨk"@myu	
"matɲilʸa"@cap	<http://ids.clld.org/values/2-460-270-1>		<http://ids.clld.org/parameters/2-460>		<http://ids.clld.org/values/2-460-287-1>		"aǰoǰot"@myu	
"matɲilʸa"@cap	<http://ids.clld.org/values/2-460-270-1>		<http://ids.clld.org/parameters/2-460>		<http://ids.clld.org/values/2-460-287-3>		"aǰotʔa"@myu	
"ulan-š"@cap	<http://ids.clld.org/values/10-474-270-1>		<http://ids.clld.org/parameters/10-474>		<http://ids.clld.org/values/10-474-287-1>		"ǰẽm"@myu	
"kʰeltiš"@cap	<http://ids.clld.org/values/10-120-270-3>		<http://ids.clld.org/parameters/10-120>		<http://ids.clld.org/values/10-120-287-1>		"šĩŋ-šĩŋ ǰepin"@myu	
"xaru"@cap	<http://ids.clld.org/values/15-380-270-1>		<http://ids.clld.org/parameters/15-380>		<http://ids.clld.org/values/15-380-287-1>		"yasak"@myu	
"xaru"@cap	<http://ids.clld.org/values/15-380-270-1>		<http://ids.clld.org/parameters/15-380>		<http://ids.clld.org/values/15-380-287-3>		"tisak"@myu	
"ḳawɲi"@cap	<http://ids.clld.org/values/6-380-270-1>		<http://ids.clld.org/parameters/6-380>		<http://ids.clld.org/values/6-380-287-1>		"bõrõ-bɨ"@myu	
"šura"@cap	<http://ids.clld.org/values/4-970-270-1>		<http://ids.clld.org/parameters/4-970>		<http://ids.clld.org/values/4-970-287-1>		"ita-ʔɨ̃m"@myu	
"awi"@cap	<http://ids.clld.org/values/15-830-270-3>		<http://ids.clld.org/parameters/15-830>		<http://ids.clld.org/values/15-830-287-1>		"iši"@myu	
"awi"@cap	<http://ids.clld.org/values/15-830-270-3>		<http://ids.clld.org/parameters/15-830>		<http://ids.clld.org/values/15-830-287-3>		"-direm"@myu	
"pʰixsḳa"@cap	<http://ids.clld.org/values/13-50-270-1>		<http://ids.clld.org/parameters/13-50>		<http://ids.clld.org/values/13-50-287-1>		"pɨ̃ŋ põŋ-bi"@myu	
"pʰixsḳa"@cap	<http://ids.clld.org/values/13-50-270-1>		<http://ids.clld.org/parameters/13-50>		<http://ids.clld.org/values/13-50-287-3>		"pɨ̃ɲ põɲbi"@myu	
"čʰišwi"@cap	<http://ids.clld.org/values/5-610-270-1>		<http://ids.clld.org/parameters/5-610>		<http://ids.clld.org/values/5-610-287-1>		"-ẽn"@myu	
"liksi"@cap	<http://ids.clld.org/values/15-810-270-1>		<http://ids.clld.org/parameters/15-810>		<http://ids.clld.org/values/15-810-287-1>		"i-poši"@myu	
"liksi"@cap	<http://ids.clld.org/values/15-810-270-1>		<http://ids.clld.org/parameters/15-810>		<http://ids.clld.org/values/15-810-287-3>		"ta-poši"@myu	
"matilʸa"@cap	<http://ids.clld.org/values/2-470-270-1>		<http://ids.clld.org/parameters/2-470>		<http://ids.clld.org/values/2-470-287-1>		"awawa"@myu	
"matilʸa"@cap	<http://ids.clld.org/values/2-470-270-1>		<http://ids.clld.org/parameters/2-470>		<http://ids.clld.org/values/2-470-287-3>		"aǰɨ̃ɲ-ǰɨ̃ɲ"@myu	
"xʷer"@cap	<http://ids.clld.org/values/9-161-270-3>		<http://ids.clld.org/parameters/9-161>		<http://ids.clld.org/values/9-161-287-1>		"ǰeperem"@myu	
"xikš"@cap	<http://ids.clld.org/values/10-720-270-1>		<http://ids.clld.org/parameters/10-720>		<http://ids.clld.org/values/10-720-287-1>		"e"@myu	
"lukmaxč"@cap	<http://ids.clld.org/values/2-270-270-1>		<http://ids.clld.org/parameters/2-270>		<http://ids.clld.org/values/2-270-287-1>		"be-kit-at"@myu	
"tor-š"@cap	<http://ids.clld.org/values/4-720-270-3>		<http://ids.clld.org/parameters/4-720>		<http://ids.clld.org/values/4-720-287-1>		"kam"@myu	
"čʰaawxḳat-"@cap	<http://ids.clld.org/values/16-410-270-3>		<http://ids.clld.org/parameters/16-410>		<http://ids.clld.org/values/16-410-287-1>		"tep-tep"@myu	
"lʸakita"@cap	<http://ids.clld.org/values/16-320-270-1>		<http://ids.clld.org/parameters/16-320>		<http://ids.clld.org/values/16-320-287-1>		"iɲɨ̃yčɨ̃ɲ"@myu	
"sex̣wa"@cap	<http://ids.clld.org/values/12-730-270-1>		<http://ids.clld.org/parameters/12-730>		<http://ids.clld.org/values/12-730-287-1>		"-čɨ̃ŋ"@myu	
"nii"@cap	<http://ids.clld.org/values/2-930-270-3>		<http://ids.clld.org/parameters/2-930>		<http://ids.clld.org/values/2-930-287-11>		"iɲo"@myu	
"nii"@cap	<http://ids.clld.org/values/2-930-270-3>		<http://ids.clld.org/parameters/2-930>		<http://ids.clld.org/values/2-930-287-3>		"ite"@myu	
"nii"@cap	<http://ids.clld.org/values/2-930-270-3>		<http://ids.clld.org/parameters/2-930>		<http://ids.clld.org/values/2-930-287-5>		"ibo"@myu	
"nii"@cap	<http://ids.clld.org/values/2-930-270-3>		<http://ids.clld.org/parameters/2-930>		<http://ids.clld.org/values/2-930-287-9>		"iǰop"@myu	
"nii"@cap	<http://ids.clld.org/values/2-930-270-3>		<http://ids.clld.org/parameters/2-930>		<http://ids.clld.org/values/2-930-287-7>		"iǰa"@myu	
"nii"@cap	<http://ids.clld.org/values/2-930-270-3>		<http://ids.clld.org/parameters/2-930>		<http://ids.clld.org/values/2-930-287-1>		"iše"@myu	
"tira"@cap	<http://ids.clld.org/values/14-310-270-1>		<http://ids.clld.org/parameters/14-310>		<http://ids.clld.org/values/14-310-287-1>		"soat em"@myu	
"tira"@cap	<http://ids.clld.org/values/14-310-270-1>		<http://ids.clld.org/parameters/14-310>		<http://ids.clld.org/values/14-310-287-3>		"...ʔɨk"@myu	
"čʰira"@cap	<http://ids.clld.org/values/17-220-270-1>		<http://ids.clld.org/parameters/17-220>		<http://ids.clld.org/values/17-220-287-1>		"itaybitʔɨ̃m"@myu	
"c̷eeku"@cap	<http://ids.clld.org/values/12-310-270-1>		<http://ids.clld.org/parameters/12-310>		<http://ids.clld.org/values/12-310-287-1>		"tao-beren"@myu	
"pʰuxš"@cap	<http://ids.clld.org/values/10-380-270-1>		<http://ids.clld.org/parameters/10-380>		<http://ids.clld.org/values/10-380-287-1>		"imɨpow-ɨpow"@myu	
"čip-š"@cap	<http://ids.clld.org/values/16-230-270-1>		<http://ids.clld.org/parameters/16-230>		<http://ids.clld.org/values/16-230-287-1>		"i-čok-čok"@myu	
"maxk-"@cap	<http://ids.clld.org/values/12-50-270-1>		<http://ids.clld.org/parameters/12-50>		<http://ids.clld.org/values/12-50-287-1>		"-pi"@myu	
"luṣ̌"@cap	<http://ids.clld.org/values/10-570-270-1>		<http://ids.clld.org/parameters/10-570>		<http://ids.clld.org/values/10-570-287-1>		"õmõm"@myu	
"ṣ̌ḳeti"@cap	<http://ids.clld.org/values/1-213-270-1>		<http://ids.clld.org/parameters/1-213>		<http://ids.clld.org/values/1-213-287-3>		"kawi-diŋ"@myu	
"ṣ̌ḳeti"@cap	<http://ids.clld.org/values/1-213-270-1>		<http://ids.clld.org/parameters/1-213>		<http://ids.clld.org/values/1-213-287-1>		"ka-diŋ"@myu	
"uṣ̌in-š"@cap	<http://ids.clld.org/values/16-260-270-1>		<http://ids.clld.org/parameters/16-260>		<http://ids.clld.org/values/16-260-287-1>		"kay-pat-pan"@myu	
"xiiš"@cap	<http://ids.clld.org/values/1-530-270-1>		<http://ids.clld.org/parameters/1-530>		<http://ids.clld.org/values/1-530-287-1>		"ka-ši"@myu	
"xiiš"@cap	<http://ids.clld.org/values/1-530-270-1>		<http://ids.clld.org/parameters/1-530>		<http://ids.clld.org/values/1-530-287-3>		"ka-ši-a-ʔat"@myu	
"walʸpa"@cap	<http://ids.clld.org/values/3-550-270-1>		<http://ids.clld.org/parameters/3-550>		<http://ids.clld.org/values/3-550-287-1>		"sapokay yaypapɨ̃ɲat"@myu	
"č̣oḳxa"@cap	<http://ids.clld.org/values/12-630-270-1>		<http://ids.clld.org/parameters/12-630>		<http://ids.clld.org/values/12-630-287-1>		"-adišiŋ"@myu	
"am"@cap	<http://ids.clld.org/values/2-920-270-1>		<http://ids.clld.org/parameters/2-920>		<http://ids.clld.org/values/2-920-287-3>		"e-"@myu	
"am"@cap	<http://ids.clld.org/values/2-920-270-1>		<http://ids.clld.org/parameters/2-920>		<http://ids.clld.org/values/2-920-287-1>		"ẽn"@myu	
"[waka]"@cap	<http://ids.clld.org/values/3-230-270-1>		<http://ids.clld.org/parameters/3-230>		<http://ids.clld.org/values/3-230-287-1>		"biopak ayačat"@myu	
"ewu"@cap	<http://ids.clld.org/values/14-130-270-1>		<http://ids.clld.org/parameters/14-130>		<http://ids.clld.org/values/14-130-287-1>		"i-isɨ"@myu	
"ana"@cap	<http://ids.clld.org/values/17-560-270-1>		<http://ids.clld.org/parameters/17-560>		<http://ids.clld.org/values/17-560-287-3>		"ʔɨ̃m"@myu	
"ana"@cap	<http://ids.clld.org/values/17-560-270-1>		<http://ids.clld.org/parameters/17-560>		<http://ids.clld.org/values/17-560-287-1>		"ka-ʔɨ̃m-ma"@myu	
"[sira]"@cap	<http://ids.clld.org/values/7-460-270-1>		<http://ids.clld.org/parameters/7-460>		<http://ids.clld.org/values/7-460-287-1>		"[sera]-bɨ"@myu	
"ḳaa-šša"@cap	<http://ids.clld.org/values/16-370-270-1>		<http://ids.clld.org/parameters/16-370>		<http://ids.clld.org/values/16-370-287-1>		"wa"@myu	
"ḳaa-šša"@cap	<http://ids.clld.org/values/16-370-270-1>		<http://ids.clld.org/parameters/16-370>		<http://ids.clld.org/values/16-370-287-3>		"šikʔa"@myu	
"paki"@cap	<http://ids.clld.org/values/4-162-270-1>		<http://ids.clld.org/parameters/4-162>		<http://ids.clld.org/values/4-162-287-1>		"-k-ša-bi"@myu	
"rik-š"@cap	<http://ids.clld.org/values/9-220-270-3>		<http://ids.clld.org/parameters/9-220>		<http://ids.clld.org/values/9-220-287-1>		"t-akat-kan"@myu	
"isḳs"@cap	<http://ids.clld.org/values/16-530-270-5>		<http://ids.clld.org/parameters/16-530>		<http://ids.clld.org/values/16-530-287-1>		"iparara"@myu	
"eš"@cap	<http://ids.clld.org/values/10-230-270-1>		<http://ids.clld.org/parameters/10-230>		<http://ids.clld.org/values/10-230-287-1>		"ʔat-ʔan"@myu	
"moxkči"@cap	<http://ids.clld.org/values/5-125-270-1>		<http://ids.clld.org/parameters/5-125>		<http://ids.clld.org/values/5-125-287-1>		"-kẽrẽ"@myu	
"tʰuɲi"@cap	<http://ids.clld.org/values/1-520-270-1>		<http://ids.clld.org/parameters/1-520>		<http://ids.clld.org/values/1-520-287-1>		"ka-ši"@myu	
"san-š"@cap	<http://ids.clld.org/values/5-230-270-1>		<http://ids.clld.org/parameters/5-230>		<http://ids.clld.org/values/5-230-287-1>		"imɨ-karaw-karaw"@myu	
"tax"@cap	<http://ids.clld.org/values/4-191-270-1>		<http://ids.clld.org/parameters/4-191>		<http://ids.clld.org/values/4-191-287-3>		"wɨy dao"@myu	
"tax"@cap	<http://ids.clld.org/values/4-191-270-1>		<http://ids.clld.org/parameters/4-191>		<http://ids.clld.org/values/4-191-287-1>		"kopi"@myu	
"tota"@cap	<http://ids.clld.org/values/4-281-270-1>		<http://ids.clld.org/parameters/4-281>		<http://ids.clld.org/values/4-281-287-1>		"-ak-pida"@myu	
"č̣ʰeri"@cap	<http://ids.clld.org/values/5-120-270-1>		<http://ids.clld.org/parameters/5-120>		<http://ids.clld.org/values/5-120-287-1>		"išat"@myu	
"č̣ˀiwu"@cap	<http://ids.clld.org/values/4-151-270-1>		<http://ids.clld.org/parameters/4-151>		<http://ids.clld.org/values/4-151-287-1>		"čekɨ̃rɨ̃rɨ̃k-pɨ"@myu	
"wara-wara"@cap	<http://ids.clld.org/values/1-540-270-1>		<http://ids.clld.org/parameters/1-540>		<http://ids.clld.org/values/1-540-287-1>		"ka-sop-ta (-da)"@myu	
"pˀata"@cap	<http://ids.clld.org/values/13-210-270-3>		<http://ids.clld.org/parameters/13-210>		<http://ids.clld.org/values/13-210-287-3>		"yanopapɨ̃n"@myu	
"pˀata"@cap	<http://ids.clld.org/values/13-210-270-3>		<http://ids.clld.org/parameters/13-210>		<http://ids.clld.org/values/13-210-287-1>		"topapɨ̃n"@myu	
"axpš"@cap	<http://ids.clld.org/values/12-140-270-1>		<http://ids.clld.org/parameters/12-140>		<http://ids.clld.org/values/12-140-287-1>		"po-ʔi"@myu	
"[loru]"@cap	<http://ids.clld.org/values/3-592-270-1>		<http://ids.clld.org/parameters/3-592>		<http://ids.clld.org/values/3-592-287-1>		"korɨ"@myu	
"[loru]"@cap	<http://ids.clld.org/values/3-592-270-1>		<http://ids.clld.org/parameters/3-592>		<http://ids.clld.org/values/3-592-287-3>		"aro"@myu	
"šip ~ šipš"@cap	<http://ids.clld.org/values/4-142-270-1>		<http://ids.clld.org/parameters/4-142>		<http://ids.clld.org/values/4-142-287-1>		"ibi-dap"@myu	
"yačalʸa"@cap	<http://ids.clld.org/values/13-170-270-1>		<http://ids.clld.org/parameters/13-170>		<http://ids.clld.org/values/13-170-287-1>		"ade ɲɨ"@myu	
"wexr-naka"@cap	<http://ids.clld.org/values/2-942-270-1>		<http://ids.clld.org/parameters/2-942>		<http://ids.clld.org/values/2-942-287-1>		"oče-ǰɨ"@myu	
"ṣumči"@cap	<http://ids.clld.org/values/1-620-270-1>		<http://ids.clld.org/parameters/1-620>		<http://ids.clld.org/values/1-620-287-1>		"i-ok"@myu	
"laxč-a"@cap	<http://ids.clld.org/values/12-570-270-1>		<http://ids.clld.org/parameters/12-570>		<http://ids.clld.org/values/12-570-287-1>		"-beren"@myu	
"[sipultura]"@cap	<http://ids.clld.org/values/4-790-270-1>		<http://ids.clld.org/parameters/4-790>		<http://ids.clld.org/values/4-790-287-1>		"wɨyǰɨyɨ̃ʔɨ̃mʔɨ̃m etaypi"@myu	
"moḳ-š"@cap	<http://ids.clld.org/values/9-160-270-1>		<http://ids.clld.org/parameters/9-160>		<http://ids.clld.org/values/9-160-287-1>		"imɨkɨŋ-ɨkɨŋ"@myu	
"šawx-š"@cap	<http://ids.clld.org/values/4-650-270-1>		<http://ids.clld.org/parameters/4-650>		<http://ids.clld.org/values/4-650-287-1>		"iǰok-ǰok-ǰoɲ"@myu	
"wiruɲ"@cap	<http://ids.clld.org/values/12-10-270-3>		<http://ids.clld.org/parameters/12-10>		<http://ids.clld.org/values/12-10-287-1>		"ɲɨyǰom"@myu	
"ḳʰaḳi"@cap	<http://ids.clld.org/values/15-850-270-1>		<http://ids.clld.org/parameters/15-850>		<http://ids.clld.org/values/15-850-287-1>		"-d-ašip"@myu	
"ḳuš"@cap	<http://ids.clld.org/values/4-440-270-1>		<http://ids.clld.org/parameters/4-440>		<http://ids.clld.org/values/4-440-287-1>		"-a-ʔõ-ša-bi-da"@myu	
"ḳolta"@cap	<http://ids.clld.org/values/12-590-270-1>		<http://ids.clld.org/parameters/12-590>		<http://ids.clld.org/values/12-590-287-1>		"tao-apĩn"@myu	
"šiš"@cap	<http://ids.clld.org/values/17-170-270-3>		<http://ids.clld.org/parameters/17-170>		<http://ids.clld.org/values/17-170-287-1>		"itaybit"@myu	
"šiš"@cap	<http://ids.clld.org/values/17-170-270-3>		<http://ids.clld.org/parameters/17-170>		<http://ids.clld.org/values/17-170-287-3>		"wetaybit"@myu	
"tara"@cap	<http://ids.clld.org/values/8-470-270-1>		<http://ids.clld.org/parameters/8-470>		<http://ids.clld.org/values/8-470-287-1>		"mɨra-da"@myu	
"x̣otš"@cap	<http://ids.clld.org/values/4-570-270-1>		<http://ids.clld.org/parameters/4-570>		<http://ids.clld.org/values/4-570-287-1>		"ǰedadadan"@myu	
"čutu"@cap	<http://ids.clld.org/values/10-170-270-1>		<http://ids.clld.org/parameters/10-170>		<http://ids.clld.org/values/10-170-287-1>		"pen"@myu	
"muks"@cap	<http://ids.clld.org/values/15-210-270-1>		<http://ids.clld.org/parameters/15-210>		<http://ids.clld.org/values/15-210-287-1>		"iyõyõn"@myu	
"muks"@cap	<http://ids.clld.org/values/15-210-270-1>		<http://ids.clld.org/parameters/15-210>		<http://ids.clld.org/values/15-210-287-3>		"teʔo"@myu	
"non-š"@cap	<http://ids.clld.org/values/15-410-270-1>		<http://ids.clld.org/parameters/15-410>		<http://ids.clld.org/values/15-410-287-1>		"yaʔĩǰoǰom"@myu	
"tʰon-š"@cap	<http://ids.clld.org/values/10-480-270-1>		<http://ids.clld.org/parameters/10-480>		<http://ids.clld.org/values/10-480-287-1>		"don"@myu	
"tʰon-š"@cap	<http://ids.clld.org/values/10-480-270-1>		<http://ids.clld.org/parameters/10-480>		<http://ids.clld.org/values/10-480-287-5>		"e-ǰot"@myu	
"tʰon-š"@cap	<http://ids.clld.org/values/10-480-270-1>		<http://ids.clld.org/parameters/10-480>		<http://ids.clld.org/values/10-480-287-3>		"dodon"@myu	
"puxu"@cap	<http://ids.clld.org/values/1-360-270-1>		<http://ids.clld.org/parameters/1-360>		<http://ids.clld.org/values/1-360-287-1>		"i-di-bi"@myu	
"yuxk"@cap	<http://ids.clld.org/values/4-204-270-1>		<http://ids.clld.org/parameters/4-204>		<http://ids.clld.org/values/4-204-287-1>		"-d-opa"@myu	
"xex-š"@cap	<http://ids.clld.org/values/4-912-270-3>		<http://ids.clld.org/parameters/4-912>		<http://ids.clld.org/values/4-912-287-1>		"ǰebodoy-doy"@myu	
"č̣ara"@cap	<http://ids.clld.org/values/1-440-270-1>		<http://ids.clld.org/parameters/1-440>		<http://ids.clld.org/values/1-440-287-1>		"wita-ʔa"@myu	
"nuk-ta"@cap	<http://ids.clld.org/values/12-550-270-3>		<http://ids.clld.org/parameters/12-550>		<http://ids.clld.org/values/12-550-287-1>		"-oboŋ"@myu	
"nuk-ta"@cap	<http://ids.clld.org/values/12-550-270-3>		<http://ids.clld.org/parameters/12-550>		<http://ids.clld.org/values/12-550-287-3>		"-boŋ"@myu	
"pača (?)"@cap	<http://ids.clld.org/values/1-510-270-3>		<http://ids.clld.org/parameters/1-510>		<http://ids.clld.org/values/1-510-287-3>		"ka-bi"@myu	
"pača (?)"@cap	<http://ids.clld.org/values/1-510-270-3>		<http://ids.clld.org/parameters/1-510>		<http://ids.clld.org/values/1-510-287-1>		"kaʔ-bi"@myu	
"x̣ar-x̣ar-š"@cap	<http://ids.clld.org/values/16-250-270-3>		<http://ids.clld.org/parameters/16-250>		<http://ids.clld.org/values/16-250-287-1>		"ǰeway-way-way"@myu	
"lʸiwx lʸiwxɲi"@cap	<http://ids.clld.org/values/1-550-270-1>		<http://ids.clld.org/parameters/1-550>		<http://ids.clld.org/values/1-550-287-1>		"ǰe-širirik-šiririŋ"@myu	
"iṣ̌-ḳe"@cap	<http://ids.clld.org/values/4-270-270-1>		<http://ids.clld.org/parameters/4-270>		<http://ids.clld.org/values/4-270-287-1>		"n-ɨ̃y"@myu	
"wiruɲa"@cap	<http://ids.clld.org/values/12-10-270-5>		<http://ids.clld.org/parameters/12-10>		<http://ids.clld.org/values/12-10-287-1>		"ɲɨyǰom"@myu	
"kʰi-"@cap	<http://ids.clld.org/values/18-220-270-1>		<http://ids.clld.org/parameters/18-220>		<http://ids.clld.org/values/18-220-287-1>		"ʔe"@myu	
"piš"@cap	<http://ids.clld.org/values/4-410-270-1>		<http://ids.clld.org/parameters/4-410>		<http://ids.clld.org/values/4-410-287-1>		"-kɨ̃m"@myu	
"pʰeta"@cap	<http://ids.clld.org/values/12-850-270-1>		<http://ids.clld.org/parameters/12-850>		<http://ids.clld.org/values/12-850-287-1>		"-kɨ̃y"@myu	
"oxḳ-"@cap	<http://ids.clld.org/values/10-450-270-1>		<http://ids.clld.org/parameters/10-450>		<http://ids.clld.org/values/10-450-287-1>		"šĩŋ-šĩŋ"@myu	
"ḳoṣ̌ka"@cap	<http://ids.clld.org/values/3-596-270-1>		<http://ids.clld.org/parameters/3-596>		<http://ids.clld.org/values/3-596-287-1>		"tok-tok-ʔa"@myu	
"laxk"@cap	<http://ids.clld.org/values/2-455-270-1>		<http://ids.clld.org/parameters/2-455>		<http://ids.clld.org/values/2-455-287-3>		"kipit"@myu	
"laxk"@cap	<http://ids.clld.org/values/2-455-270-1>		<http://ids.clld.org/parameters/2-455>		<http://ids.clld.org/values/2-455-287-1>		"kibit"@myu	
"anaḳš"@cap	<http://ids.clld.org/values/12-230-270-1>		<http://ids.clld.org/parameters/12-230>		<http://ids.clld.org/values/12-230-287-1>		"ǰekpiwan ma"@myu	
"ṣ̌up"@cap	<http://ids.clld.org/values/1-880-270-1>		<http://ids.clld.org/parameters/1-880>		<http://ids.clld.org/values/1-880-287-1>		"d-aša"@myu	
"tor-š"@cap	<http://ids.clld.org/values/10-670-270-1>		<http://ids.clld.org/parameters/10-670>		<http://ids.clld.org/values/10-670-287-1>		"imɨwɨn-ɨwɨn"@myu	
"wiy-a"@cap	<http://ids.clld.org/values/4-620-270-1>		<http://ids.clld.org/parameters/4-620>		<http://ids.clld.org/values/4-620-287-1>		"ǰešey-šey"@myu	
"miskˀi"@cap	<http://ids.clld.org/values/5-840-270-1>		<http://ids.clld.org/parameters/5-840>		<http://ids.clld.org/values/5-840-287-1>		"mɨɲẽɲẽm"@myu	
"eek-š"@cap	<http://ids.clld.org/values/5-150-270-1>		<http://ids.clld.org/parameters/5-150>		<http://ids.clld.org/values/5-150-287-1>		"ibipɨrɨk"@myu	
"šwxax̣lu"@cap	<http://ids.clld.org/values/4-820-270-3>		<http://ids.clld.org/parameters/4-820>		<http://ids.clld.org/values/4-820-287-1>		"ibača-ʔɨ̃m"@myu	
"šwxax̣lu"@cap	<http://ids.clld.org/values/4-820-270-3>		<http://ids.clld.org/parameters/4-820>		<http://ids.clld.org/values/4-820-287-3>		"iča ɲɨ (?)"@myu	
"č̣ˀat-š"@cap	<http://ids.clld.org/values/4-580-270-3>		<http://ids.clld.org/parameters/4-580>		<http://ids.clld.org/values/4-580-287-1>		"iaham"@myu	
