"paaš"@cap	<http://ids.clld.org/values/11-430-270-1>		<http://ids.clld.org/parameters/11-430>		<http://ids.clld.org/values/11-430-198-1>		"peningans"@prg	
"ekliṣ̌"@cap	<http://ids.clld.org/values/12-160-270-1>		<http://ids.clld.org/parameters/12-160>		<http://ids.clld.org/values/12-160-198-1>		"paláikt"@prg	
"kunsik-"@cap	<http://ids.clld.org/values/11-160-270-1>		<http://ids.clld.org/parameters/11-160>		<http://ids.clld.org/values/11-160-198-1>		"pagaút"@prg	
"lomi"@cap	<http://ids.clld.org/values/4-560-270-3>		<http://ids.clld.org/parameters/4-560>		<http://ids.clld.org/values/4-560-198-1>		"vimbis"@prg	
"ṣ̌ḳara"@cap	<http://ids.clld.org/values/3-585-270-1>		<http://ids.clld.org/parameters/3-585>		<http://ids.clld.org/values/3-585-198-1>		"[falks]"@prg	
"saki"@cap	<http://ids.clld.org/values/15-860-270-1>		<http://ids.clld.org/parameters/15-860>		<http://ids.clld.org/values/15-860-198-1>		"salta"@prg	
"xaḳsi"@cap	<http://ids.clld.org/values/17-660-270-1>		<http://ids.clld.org/parameters/17-660>		<http://ids.clld.org/values/17-660-198-1>		"kvei"@prg	
"tik-š"@cap	<http://ids.clld.org/values/4-750-270-1>		<http://ids.clld.org/parameters/4-750>		<http://ids.clld.org/values/4-750-198-1>		"aul'aút"@prg	
"anč̣ʰuk"@cap	<http://ids.clld.org/values/2-950-270-1>		<http://ids.clld.org/parameters/2-950>		<http://ids.clld.org/values/2-950-198-1>		"yūs"@prg	
"č̣ekš"@cap	<http://ids.clld.org/values/15-520-270-3>		<http://ids.clld.org/parameters/15-520>		<http://ids.clld.org/values/15-520-198-1>		"endīrīt[vei]"@prg	
"kʰuɲi"@cap	<http://ids.clld.org/values/4-220-270-1>		<http://ids.clld.org/parameters/4-220>		<http://ids.clld.org/values/4-220-198-1>		"ausins"@prg	
"xulš"@cap	<http://ids.clld.org/values/12-130-270-1>		<http://ids.clld.org/parameters/12-130>		<http://ids.clld.org/values/12-130-198-1>		"sindan[t]s"@prg	
"ṣ̌oɲi"@cap	<http://ids.clld.org/values/19-210-270-1>		<http://ids.clld.org/parameters/19-210>		<http://ids.clld.org/values/19-210-198-1>		"amzin"@prg	
"ḳʰuč̣a"@cap	<http://ids.clld.org/values/5-260-270-1>		<http://ids.clld.org/parameters/5-260>		<http://ids.clld.org/values/5-260-198-1>		"zvikstis"@prg	
"oša"@cap	<http://ids.clld.org/values/4-230-270-1>		<http://ids.clld.org/parameters/4-230>		<http://ids.clld.org/values/4-230-198-1>		"nāsī"@prg	
"owa"@cap	<http://ids.clld.org/values/4-360-270-1>		<http://ids.clld.org/parameters/4-360>		<http://ids.clld.org/values/4-360-198-1>		"klupstis"@prg	
"tˀanta"@cap	<http://ids.clld.org/values/5-510-270-1>		<http://ids.clld.org/parameters/5-510>		<http://ids.clld.org/values/5-510-198-1>		"geitis"@prg	
"[yooš]"@cap	<http://ids.clld.org/values/22-120-270-1>		<http://ids.clld.org/parameters/22-120>		<http://ids.clld.org/values/22-120-198-1>		"deivas"@prg	
"[kintra] ṣ̌oɲi"@cap	<http://ids.clld.org/values/19-520-270-1>		<http://ids.clld.org/parameters/19-520>		<http://ids.clld.org/values/19-520-198-1>		"préisiks"@prg	
"is-ɲi"@cap	<http://ids.clld.org/values/4-344-270-1>		<http://ids.clld.org/parameters/4-344>		<http://ids.clld.org/values/4-344-198-1>		"nagutis"@prg	
"yuxḳpača"@cap	<http://ids.clld.org/values/13-150-270-3>		<http://ids.clld.org/parameters/13-150>		<http://ids.clld.org/values/13-150-198-1>		"tūlan"@prg	
"arax̣pača"@cap	<http://ids.clld.org/values/1-510-270-1>		<http://ids.clld.org/parameters/1-510>		<http://ids.clld.org/values/1-510-198-1>		"dangus"@prg	
"šeši"@cap	<http://ids.clld.org/values/14-460-270-1>		<http://ids.clld.org/parameters/14-460>		<http://ids.clld.org/values/14-460-198-1>		"bītas"@prg	
"anaš čʰulumi"@cap	<http://ids.clld.org/values/13-0-270-1>		<http://ids.clld.org/parameters/13-0>		<http://ids.clld.org/values/13-0-198-1>		"niainunt[a]s"@prg	
"tura"@cap	<http://ids.clld.org/values/2-261-270-5>		<http://ids.clld.org/parameters/2-261>		<http://ids.clld.org/values/2-261-198-1>		"mergā"@prg	
"xorxorɲi"@cap	<http://ids.clld.org/values/1-560-270-1>		<http://ids.clld.org/parameters/1-560>		<http://ids.clld.org/values/1-560-198-1>		"perkūnis"@prg	
"it-s"@cap	<http://ids.clld.org/values/18-120-270-1>		<http://ids.clld.org/parameters/18-120>		<http://ids.clld.org/values/18-120-198-1>		"grīmuns"@prg	
"lokˀana"@cap	<http://ids.clld.org/values/4-340-270-1>		<http://ids.clld.org/parameters/4-340>		<http://ids.clld.org/values/4-340-198-1>		"pirstan"@prg	
"[akila]"@cap	<http://ids.clld.org/values/3-584-270-1>		<http://ids.clld.org/parameters/3-584>		<http://ids.clld.org/values/3-584-198-1>		"arelis"@prg	
"waranka"@cap	<http://ids.clld.org/values/13-106-270-1>		<http://ids.clld.org/parameters/13-106>		<http://ids.clld.org/values/13-106-198-1>		"tūsimtans"@prg	
"apš"@cap	<http://ids.clld.org/values/10-520-270-1>		<http://ids.clld.org/parameters/10-520>		<http://ids.clld.org/values/10-520-198-1>		"rīpaite"@prg	
"c̷ʰiiḳaš c̷ʰis"@cap	<http://ids.clld.org/values/12-220-270-1>		<http://ids.clld.org/parameters/12-220>		<http://ids.clld.org/values/12-220-198-1>		"sanrists"@prg	
"ṣ̌ḳeti"@cap	<http://ids.clld.org/values/1-830-270-1>		<http://ids.clld.org/parameters/1-830>		<http://ids.clld.org/values/1-830-198-1>		"dūmis"@prg	
"šiɲi"@cap	<http://ids.clld.org/values/5-970-270-1>		<http://ids.clld.org/parameters/5-970>		<http://ids.clld.org/values/5-970-198-1>		"paute"@prg	
"irata"@cap	<http://ids.clld.org/values/12-920-270-1>		<http://ids.clld.org/parameters/12-920>		<http://ids.clld.org/values/12-920-198-1>		"palīgun"@prg	
"sarḳi"@cap	<http://ids.clld.org/values/8-510-270-1>		<http://ids.clld.org/parameters/8-510>		<http://ids.clld.org/values/8-510-198-1>		"zālis"@prg	
"luuš"@cap	<http://ids.clld.org/values/5-340-270-1>		<http://ids.clld.org/parameters/5-340>		<http://ids.clld.org/values/5-340-198-1>		"kragis"@prg	
"ik-"@cap	<http://ids.clld.org/values/4-730-270-1>		<http://ids.clld.org/parameters/4-730>		<http://ids.clld.org/values/4-730-198-1>		"brendekermnen"@prg	
"axpš"@cap	<http://ids.clld.org/values/7-420-270-1>		<http://ids.clld.org/parameters/7-420>		<http://ids.clld.org/values/7-420-198-1>		"lastā"@prg	
"kˀami"@cap	<http://ids.clld.org/values/3-350-270-3>		<http://ids.clld.org/parameters/3-350>		<http://ids.clld.org/values/3-350-198-1>		"parst'an"@prg	
"čʰuxt-u"@cap	<http://ids.clld.org/values/12-560-270-3>		<http://ids.clld.org/parameters/12-560>		<http://ids.clld.org/values/12-560-198-1>		"likuts"@prg	
"čerš"@cap	<http://ids.clld.org/values/15-510-270-1>		<http://ids.clld.org/parameters/15-510>		<http://ids.clld.org/values/15-510-198-1>		"vidā ~ vidē"@prg	
"werara"@cap	<http://ids.clld.org/values/16-730-270-1>		<http://ids.clld.org/parameters/16-730>		<http://ids.clld.org/values/16-730-198-1>		"tikrāmiskan"@prg	
"yuḳxu"@cap	<http://ids.clld.org/values/13-150-270-1>		<http://ids.clld.org/parameters/13-150>		<http://ids.clld.org/values/13-150-198-1>		"tūlan"@prg	
"para"@cap	<http://ids.clld.org/values/1-430-270-1>		<http://ids.clld.org/parameters/1-430>		<http://ids.clld.org/values/1-430-198-1>		"malkā"@prg	
"šapa"@cap	<http://ids.clld.org/values/13-140-270-3>		<http://ids.clld.org/parameters/13-140>		<http://ids.clld.org/values/13-140-198-1>		"erains"@prg	
"c̷eeku"@cap	<http://ids.clld.org/values/12-80-270-1>		<http://ids.clld.org/parameters/12-80>		<http://ids.clld.org/values/12-80-198-3>		"kérša[n]"@prg	
"c̷eeku"@cap	<http://ids.clld.org/values/12-80-270-1>		<http://ids.clld.org/parameters/12-80>		<http://ids.clld.org/values/12-80-198-1>		"kirša[n]"@prg	
"č̣exlš"@cap	<http://ids.clld.org/values/9-160-270-3>		<http://ids.clld.org/parameters/9-160>		<http://ids.clld.org/values/9-160-198-1>		"perréist"@prg	
"liwrii-"@cap	<http://ids.clld.org/values/11-250-270-1>		<http://ids.clld.org/parameters/11-250>		<http://ids.clld.org/values/11-250-198-1>		"isrankīt"@prg	
"ḳx̣oxča"@cap	<http://ids.clld.org/values/4-370-270-1>		<http://ids.clld.org/parameters/4-370>		<http://ids.clld.org/values/4-370-198-1>		"nagē"@prg	
"atax-"@cap	<http://ids.clld.org/values/18-380-270-1>		<http://ids.clld.org/parameters/18-380>		<http://ids.clld.org/values/18-380-198-1>		"dr'áudē"@prg	
"čaxʷkš"@cap	<http://ids.clld.org/values/7-220-270-1>		<http://ids.clld.org/parameters/7-220>		<http://ids.clld.org/values/7-220-198-1>		"vartā"@prg	
"šḳiši"@cap	<http://ids.clld.org/values/4-120-270-1>		<http://ids.clld.org/parameters/4-120>		<http://ids.clld.org/values/4-120-198-1>		"k'autā"@prg	
"šḳiši"@cap	<http://ids.clld.org/values/4-120-270-1>		<http://ids.clld.org/parameters/4-120>		<http://ids.clld.org/values/4-120-198-3>		"skārdā"@prg	
"astuna"@cap	<http://ids.clld.org/values/8-250-270-1>		<http://ids.clld.org/parameters/8-250>		<http://ids.clld.org/values/8-250-198-1>		"kerslē"@prg	
"ux parasa"@cap	<http://ids.clld.org/values/1-841-270-1>		<http://ids.clld.org/parameters/1-841>		<http://ids.clld.org/values/1-841-198-1>		"zarī"@prg	
"pʰuč"@cap	<http://ids.clld.org/values/4-460-270-1>		<http://ids.clld.org/parameters/4-460>		<http://ids.clld.org/values/4-460-198-1>		"vēders"@prg	
"kuntˀiš"@cap	<http://ids.clld.org/values/17-370-270-1>		<http://ids.clld.org/parameters/17-370>		<http://ids.clld.org/values/17-370-198-1>		"tikr[a]s"@prg	
"č̣ʰulora"@cap	<http://ids.clld.org/values/17-650-270-1>		<http://ids.clld.org/parameters/17-650>		<http://ids.clld.org/values/17-650-198-1>		"kadan"@prg	
"[primira]"@cap	<http://ids.clld.org/values/13-340-270-1>		<http://ids.clld.org/parameters/13-340>		<http://ids.clld.org/values/13-340-198-1>		"pirmas"@prg	
"tukita"@cap	<http://ids.clld.org/values/12-40-270-3>		<http://ids.clld.org/parameters/12-40>		<http://ids.clld.org/values/12-40-198-1>		"pirzdau"@prg	
"pʰixšḳa"@cap	<http://ids.clld.org/values/3-960-270-1>		<http://ids.clld.org/parameters/3-960>		<http://ids.clld.org/values/3-960-198-1>		"estureitā"@prg	
"apay"@cap	<http://ids.clld.org/values/10-630-270-3>		<http://ids.clld.org/parameters/10-630>		<http://ids.clld.org/values/10-630-198-1>		"pertenginuns"@prg	
"asḳara"@cap	<http://ids.clld.org/values/4-301-270-1>		<http://ids.clld.org/parameters/4-301>		<http://ids.clld.org/values/4-301-198-1>		"petis"@prg	
"čˀoxɲa"@cap	<http://ids.clld.org/values/15-680-270-1>		<http://ids.clld.org/parameters/15-680>		<http://ids.clld.org/values/15-680-198-1>		"zal'an"@prg	
"wali"@cap	<http://ids.clld.org/values/16-710-270-3>		<http://ids.clld.org/parameters/16-710>		<http://ids.clld.org/values/16-710-198-1>		"labs"@prg	
"maxt-š"@cap	<http://ids.clld.org/values/4-720-270-1>		<http://ids.clld.org/parameters/4-720>		<http://ids.clld.org/values/4-720-198-1>		"gemtun"@prg	
"[kampii]"@cap	<http://ids.clld.org/values/12-930-270-1>		<http://ids.clld.org/parameters/12-930>		<http://ids.clld.org/values/12-930-198-1>		"kitavidintun sin"@prg	
"aš-"@cap	<http://ids.clld.org/values/16-450-270-1>		<http://ids.clld.org/parameters/16-450>		<http://ids.clld.org/values/16-450-198-1>		"gēdan"@prg	
"keka"@cap	<http://ids.clld.org/values/4-400-270-1>		<http://ids.clld.org/parameters/4-400>		<http://ids.clld.org/values/4-400-198-1>		"kraklan"@prg	
"kon-"@cap	<http://ids.clld.org/values/4-760-270-1>		<http://ids.clld.org/parameters/4-760>		<http://ids.clld.org/values/4-760-198-1>		"galintvei"@prg	
"pekta"@cap	<http://ids.clld.org/values/17-450-270-1>		<http://ids.clld.org/parameters/17-450>		<http://ids.clld.org/values/17-450-198-1>		"nautin"@prg	
"tʰupi"@cap	<http://ids.clld.org/values/4-810-270-3>		<http://ids.clld.org/parameters/4-810>		<http://ids.clld.org/values/4-810-198-1>		"sparts"@prg	
"xaknuš"@cap	<http://ids.clld.org/values/17-610-270-1>		<http://ids.clld.org/parameters/17-610>		<http://ids.clld.org/values/17-610-198-1>		"kai"@prg	
"xašiki"@cap	<http://ids.clld.org/values/14-180-270-3>		<http://ids.clld.org/parameters/14-180>		<http://ids.clld.org/values/14-180-198-1>		"teinū"@prg	
"ḳoxč"@cap	<http://ids.clld.org/values/9-190-270-1>		<http://ids.clld.org/parameters/9-190>		<http://ids.clld.org/values/9-190-198-1>		"virbē"@prg	
"xakˀu"@cap	<http://ids.clld.org/values/5-550-270-1>		<http://ids.clld.org/parameters/5-550>		<http://ids.clld.org/values/5-550-198-1>		"meltan"@prg	
"x̣ora"@cap	<http://ids.clld.org/values/18-110-270-1>		<http://ids.clld.org/parameters/18-110>		<http://ids.clld.org/values/18-110-198-1>		"tārin"@prg	
"noox"@cap	<http://ids.clld.org/values/14-410-270-3>		<http://ids.clld.org/parameters/14-410>		<http://ids.clld.org/values/14-410-198-1>		"deinan"@prg	
"parina xwaxti oxḳ"@cap	<http://ids.clld.org/values/20-610-270-1>		<http://ids.clld.org/parameters/20-610>		<http://ids.clld.org/values/20-610-198-1>		"mediyas"@prg	
"tira"@cap	<http://ids.clld.org/values/10-520-270-3>		<http://ids.clld.org/parameters/10-520>		<http://ids.clld.org/values/10-520-198-1>		"rīpaite"@prg	
"kx̣ana"@cap	<http://ids.clld.org/values/1-610-270-1>		<http://ids.clld.org/parameters/1-610>		<http://ids.clld.org/values/1-610-198-3>		"sváikstan"@prg	
"kx̣ana"@cap	<http://ids.clld.org/values/1-610-270-1>		<http://ids.clld.org/parameters/1-610>		<http://ids.clld.org/values/1-610-198-1>		"zváikstan"@prg	
"ḳolta"@cap	<http://ids.clld.org/values/12-560-270-1>		<http://ids.clld.org/parameters/12-560>		<http://ids.clld.org/values/12-560-198-1>		"likuts"@prg	
"čʰišwi"@cap	<http://ids.clld.org/values/4-130-270-1>		<http://ids.clld.org/parameters/4-130>		<http://ids.clld.org/values/4-130-198-1>		"mensā"@prg	
"yaku"@cap	<http://ids.clld.org/values/5-810-270-1>		<http://ids.clld.org/parameters/5-810>		<http://ids.clld.org/values/5-810-198-1>		"sali (?)"@prg	
"šuma"@cap	<http://ids.clld.org/values/16-710-270-1>		<http://ids.clld.org/parameters/16-710>		<http://ids.clld.org/values/16-710-198-1>		"labs"@prg	
"keru"@cap	<http://ids.clld.org/values/2-230-270-3>		<http://ids.clld.org/parameters/2-230>		<http://ids.clld.org/values/2-230-198-1>		"vīrs"@prg	
"[timlu]"@cap	<http://ids.clld.org/values/22-130-270-1>		<http://ids.clld.org/parameters/22-130>		<http://ids.clld.org/values/22-130-198-1>		"kírkē"@prg	
"malaḳa"@cap	<http://ids.clld.org/values/2-520-270-5>		<http://ids.clld.org/parameters/2-520>		<http://ids.clld.org/values/2-520-198-1>		"māsā"@prg	
"tʰaa-"@cap	<http://ids.clld.org/values/11-210-270-1>		<http://ids.clld.org/parameters/11-210>		<http://ids.clld.org/values/11-210-198-1>		"dāt[vei]"@prg	
"ṣ̌awx-"@cap	<http://ids.clld.org/values/16-420-270-3>		<http://ids.clld.org/parameters/16-420>		<http://ids.clld.org/values/16-420-198-1>		"nerteis"@prg	
"ay-in-š"@cap	<http://ids.clld.org/values/16-310-270-3>		<http://ids.clld.org/parameters/16-310>		<http://ids.clld.org/values/16-310-198-1>		"gulsenin"@prg	
"xanči"@cap	<http://ids.clld.org/values/4-110-270-1>		<http://ids.clld.org/parameters/4-110>		<http://ids.clld.org/values/4-110-198-1>		"kérmens"@prg	
"ṣ̌ew"@cap	<http://ids.clld.org/values/2-760-270-1>		<http://ids.clld.org/parameters/2-760>		<http://ids.clld.org/values/2-760-198-1>		"vidavā ~ viduvā"@prg	
"šexḳ-"@cap	<http://ids.clld.org/values/1-322-270-1>		<http://ids.clld.org/parameters/1-322>		<http://ids.clld.org/values/1-322-198-1>		"tusnan"@prg	
"kera"@cap	<http://ids.clld.org/values/1-710-270-1>		<http://ids.clld.org/parameters/1-710>		<http://ids.clld.org/values/1-710-198-1>		"vins"@prg	
"ṣ̌on"@cap	<http://ids.clld.org/values/2-220-270-3>		<http://ids.clld.org/parameters/2-220>		<http://ids.clld.org/values/2-220-198-1>		"genā"@prg	
"munti"@cap	<http://ids.clld.org/values/8-600-270-1>		<http://ids.clld.org/parameters/8-600>		<http://ids.clld.org/values/8-600-198-1>		"gar'an"@prg	
"tax"@cap	<http://ids.clld.org/values/4-190-270-1>		<http://ids.clld.org/parameters/4-190>		<http://ids.clld.org/values/4-190-198-1>		"rītīznan"@prg	
"ḳʰup"@cap	<http://ids.clld.org/values/1-840-270-1>		<http://ids.clld.org/parameters/1-840>		<http://ids.clld.org/values/1-840-198-1>		"pelanē"@prg	
"axmuš exp"@cap	<http://ids.clld.org/values/2-610-270-1>		<http://ids.clld.org/parameters/2-610>		<http://ids.clld.org/values/2-610-198-1>		"tist'as"@prg	
"ata"@cap	<http://ids.clld.org/values/4-240-270-1>		<http://ids.clld.org/parameters/4-240>		<http://ids.clld.org/values/4-240-198-1>		"austā"@prg	
"ipala"@cap	<http://ids.clld.org/values/2-520-270-1>		<http://ids.clld.org/parameters/2-520>		<http://ids.clld.org/values/2-520-198-1>		"māsā"@prg	
"atpulu"@cap	<http://ids.clld.org/values/4-250-270-1>		<http://ids.clld.org/parameters/4-250>		<http://ids.clld.org/values/4-250-198-1>		"varsus"@prg	
"wexr-ki"@cap	<http://ids.clld.org/values/2-910-270-3>		<http://ids.clld.org/parameters/2-910>		<http://ids.clld.org/values/2-910-198-1>		"as"@prg	
"ṣ̌eti"@cap	<http://ids.clld.org/values/4-740-270-3>		<http://ids.clld.org/parameters/4-740>		<http://ids.clld.org/values/4-740-198-1>		"gīvas"@prg	
"tunka"@cap	<http://ids.clld.org/values/13-100-270-1>		<http://ids.clld.org/parameters/13-100>		<http://ids.clld.org/values/13-100-198-1>		"desimt[i]s"@prg	
"ṣ̌oɲi"@cap	<http://ids.clld.org/values/2-210-270-3>		<http://ids.clld.org/parameters/2-210>		<http://ids.clld.org/values/2-210-198-1>		"vīrs"@prg	
"lxat walʸpa"@cap	<http://ids.clld.org/values/3-540-270-1>		<http://ids.clld.org/parameters/3-540>		<http://ids.clld.org/values/3-540-198-1>		"gertā"@prg	
"lxok"@cap	<http://ids.clld.org/values/15-660-270-1>		<http://ids.clld.org/parameters/15-660>		<http://ids.clld.org/values/15-660-198-1>		"varminan"@prg	
"piča"@cap	<http://ids.clld.org/values/13-350-270-1>		<http://ids.clld.org/parameters/13-350>		<http://ids.clld.org/values/13-350-198-1>		"pansdaumanin"@prg	
"pek-š"@cap	<http://ids.clld.org/values/1-860-270-1>		<http://ids.clld.org/parameters/1-860>		<http://ids.clld.org/values/1-860-198-1>		"ankaitītai"@prg	
"luktaḳa"@cap	<http://ids.clld.org/values/2-310-270-3>		<http://ids.clld.org/parameters/2-310>		<http://ids.clld.org/values/2-310-198-1>		"grandan"@prg	
"pišti ~ pišti kona"@cap	<http://ids.clld.org/values/4-843-270-1>		<http://ids.clld.org/parameters/4-843>		<http://ids.clld.org/values/4-843-198-1>		"velgen"@prg	
"pišti ~ pišti kona"@cap	<http://ids.clld.org/values/4-843-270-1>		<http://ids.clld.org/parameters/4-843>		<http://ids.clld.org/values/4-843-198-3>		"velgan"@prg	
"saxwa"@cap	<http://ids.clld.org/values/9-680-270-1>		<http://ids.clld.org/parameters/9-680>		<http://ids.clld.org/values/9-680-198-1>		"alvis"@prg	
"awanti-"@cap	<http://ids.clld.org/values/14-252-270-3>		<http://ids.clld.org/parameters/14-252>		<http://ids.clld.org/values/14-252-198-1>		"vérauya"@prg	
"[kalšuna]"@cap	<http://ids.clld.org/values/6-480-270-1>		<http://ids.clld.org/parameters/6-480>		<http://ids.clld.org/values/6-480-198-1>		"laknā"@prg	
"niki"@cap	<http://ids.clld.org/values/17-530-270-1>		<http://ids.clld.org/parameters/17-530>		<http://ids.clld.org/values/17-530-198-1>		"ikai"@prg	
"ḳaši"@cap	<http://ids.clld.org/values/4-280-270-1>		<http://ids.clld.org/parameters/4-280>		<http://ids.clld.org/values/4-280-198-1>		"vinzus"@prg	
"pʰila"@cap	<http://ids.clld.org/values/1-215-270-1>		<http://ids.clld.org/parameters/1-215>		<http://ids.clld.org/values/1-215-198-1>		"zigzdā"@prg	
"kilʸxat-š"@cap	<http://ids.clld.org/values/10-412-270-3>		<http://ids.clld.org/parameters/10-412>		<http://ids.clld.org/values/10-412-198-1>		"pakvelptan"@prg	
"xaḳsi-kin"@cap	<http://ids.clld.org/values/17-660-270-3>		<http://ids.clld.org/parameters/17-660>		<http://ids.clld.org/values/17-660-198-1>		"kvei"@prg	
"mama"@cap	<http://ids.clld.org/values/2-360-270-1>		<http://ids.clld.org/parameters/2-360>		<http://ids.clld.org/values/2-360-198-1>		"mātē"@prg	
"tˀušu"@cap	<http://ids.clld.org/values/4-352-270-1>		<http://ids.clld.org/parameters/4-352>		<http://ids.clld.org/values/4-352-198-1>		"ikrā"@prg	
"-šakaš"@cap	<http://ids.clld.org/values/12-920-270-3>		<http://ids.clld.org/parameters/12-920>		<http://ids.clld.org/values/12-920-198-1>		"palīgun"@prg	
"čawkʷa"@cap	<http://ids.clld.org/values/14-150-270-1>		<http://ids.clld.org/parameters/14-150>		<http://ids.clld.org/values/14-150-198-1>		"vār[a]s"@prg	
"wiɲaya kʰee-"@cap	<http://ids.clld.org/values/14-252-270-1>		<http://ids.clld.org/parameters/14-252>		<http://ids.clld.org/values/14-252-198-1>		"vérauya"@prg	
"axk-"@cap	<http://ids.clld.org/values/3-160-270-1>		<http://ids.clld.org/parameters/3-160>		<http://ids.clld.org/values/3-160-198-1>		"spar'us"@prg	
"eḳš"@cap	<http://ids.clld.org/values/16-530-270-3>		<http://ids.clld.org/parameters/16-530>		<http://ids.clld.org/values/16-530-198-1>		"bi[y]āsnan"@prg	
"kaš"@cap	<http://ids.clld.org/values/19-460-270-1>		<http://ids.clld.org/parameters/19-460>		<http://ids.clld.org/values/19-460-198-1>		"klausītun"@prg	
"[miša]"@cap	<http://ids.clld.org/values/7-440-270-1>		<http://ids.clld.org/parameters/7-440>		<http://ids.clld.org/values/7-440-198-1>		"stalis"@prg	
"ana uxčiš"@cap	<http://ids.clld.org/values/21-360-270-1>		<http://ids.clld.org/parameters/21-360>		<http://ids.clld.org/values/21-360-198-1>		"nivinautan"@prg	
"waxta"@cap	<http://ids.clld.org/values/19-150-270-1>		<http://ids.clld.org/parameters/19-150>		<http://ids.clld.org/values/19-150-198-1>		"mēstan"@prg	
"ṣ̌oɲi"@cap	<http://ids.clld.org/values/2-100-270-1>		<http://ids.clld.org/parameters/2-100>		<http://ids.clld.org/values/2-100-198-1>		"zmānen[t]s"@prg	
"exp"@cap	<http://ids.clld.org/values/2-350-270-1>		<http://ids.clld.org/parameters/2-350>		<http://ids.clld.org/values/2-350-198-1>		"tāvas"@prg	
"ḳʰaš"@cap	<http://ids.clld.org/values/1-310-270-1>		<http://ids.clld.org/parameters/1-310>		<http://ids.clld.org/values/1-310-198-1>		"(v)undas"@prg	
"šḳala"@cap	<http://ids.clld.org/values/1-230-270-1>		<http://ids.clld.org/parameters/1-230>		<http://ids.clld.org/values/1-230-198-1>		"lauks"@prg	
"č̣ʰixp-"@cap	<http://ids.clld.org/values/9-240-270-1>		<http://ids.clld.org/parameters/9-240>		<http://ids.clld.org/values/9-240-198-1>		"skrundus"@prg	
"mamani"@cap	<http://ids.clld.org/values/3-585-270-3>		<http://ids.clld.org/parameters/3-585>		<http://ids.clld.org/values/3-585-198-1>		"[falks]"@prg	
"ḳaxa"@cap	<http://ids.clld.org/values/11-640-270-1>		<http://ids.clld.org/parameters/11-640>		<http://ids.clld.org/values/11-640-198-1>		"áušautins"@prg	
"ḳoštan"@cap	<http://ids.clld.org/values/12-70-270-1>		<http://ids.clld.org/parameters/12-70>		<http://ids.clld.org/values/12-70-198-1>		"pā"@prg	
"aš"@cap	<http://ids.clld.org/values/7-421-270-1>		<http://ids.clld.org/parameters/7-421>		<http://ids.clld.org/values/7-421-198-1>		"balzinis"@prg	
"waxta"@cap	<http://ids.clld.org/values/19-160-270-1>		<http://ids.clld.org/parameters/19-160>		<http://ids.clld.org/values/19-160-198-1>		"kaimis"@prg	
"tʰaaxiɲi"@cap	<http://ids.clld.org/values/17-270-270-1>		<http://ids.clld.org/parameters/17-270>		<http://ids.clld.org/values/17-270-198-1>		"mākinivingans"@prg	
"uyi"@cap	<http://ids.clld.org/values/1-770-270-1>		<http://ids.clld.org/parameters/1-770>		<http://ids.clld.org/values/1-770-198-1>		"ladis"@prg	
"šana"@cap	<http://ids.clld.org/values/7-220-270-3>		<http://ids.clld.org/parameters/7-220>		<http://ids.clld.org/values/7-220-198-1>		"vartā"@prg	
"ṣ̌exl-"@cap	<http://ids.clld.org/values/11-110-270-1>		<http://ids.clld.org/parameters/11-110>		<http://ids.clld.org/values/11-110-198-1>		"turēt[vei]"@prg	
"xaru"@cap	<http://ids.clld.org/values/15-370-270-1>		<http://ids.clld.org/parameters/15-370>		<http://ids.clld.org/values/15-370-198-1>		"kártai"@prg	
"kučan"@cap	<http://ids.clld.org/values/10-630-270-1>		<http://ids.clld.org/parameters/10-630>		<http://ids.clld.org/values/10-630-198-1>		"pertenginuns"@prg	
"ḳiri"@cap	<http://ids.clld.org/values/3-350-270-1>		<http://ids.clld.org/parameters/3-350>		<http://ids.clld.org/values/3-350-198-1>		"parst'an"@prg	
"maataḳa"@cap	<http://ids.clld.org/values/2-220-270-1>		<http://ids.clld.org/parameters/2-220>		<http://ids.clld.org/values/2-220-198-1>		"genā"@prg	
"tx̣ax̣-"@cap	<http://ids.clld.org/values/4-610-270-1>		<http://ids.clld.org/parameters/4-610>		<http://ids.clld.org/values/4-610-198-1>		"meikti"@prg	
"[manti-]"@cap	<http://ids.clld.org/values/19-310-270-1>		<http://ids.clld.org/parameters/19-310>		<http://ids.clld.org/values/19-310-198-1>		"perstalá"@prg	
"kixt-š"@cap	<http://ids.clld.org/values/9-500-270-1>		<http://ids.clld.org/parameters/9-500>		<http://ids.clld.org/values/9-500-198-1>		"kramtis"@prg	
"ween"@cap	<http://ids.clld.org/values/14-420-270-3>		<http://ids.clld.org/parameters/14-420>		<http://ids.clld.org/values/14-420-198-1>		"naktin"@prg	
"šxixk-š"@cap	<http://ids.clld.org/values/10-620-270-1>		<http://ids.clld.org/parameters/10-620>		<http://ids.clld.org/values/10-620-198-1>		"pīst"@prg	
"kˀilʸu"@cap	<http://ids.clld.org/values/15-690-270-1>		<http://ids.clld.org/parameters/15-690>		<http://ids.clld.org/values/15-690-198-1>		"geltainan"@prg	
"tii"@cap	<http://ids.clld.org/values/2-930-270-1>		<http://ids.clld.org/parameters/2-930>		<http://ids.clld.org/values/2-930-198-3>		"tanā"@prg	
"tii"@cap	<http://ids.clld.org/values/2-930-270-1>		<http://ids.clld.org/parameters/2-930>		<http://ids.clld.org/values/2-930-198-1>		"tan[a]s"@prg	
"[kuruša]"@cap	<http://ids.clld.org/values/12-770-270-1>		<http://ids.clld.org/parameters/12-770>		<http://ids.clld.org/values/12-770-198-1>		"skrīsin"@prg	
"toŋxi"@cap	<http://ids.clld.org/values/14-470-270-1>		<http://ids.clld.org/parameters/14-470>		<http://ids.clld.org/values/14-470-198-1>		"š'an deinan"@prg	
"piška"@cap	<http://ids.clld.org/values/13-20-270-1>		<http://ids.clld.org/parameters/13-20>		<http://ids.clld.org/values/13-20-198-1>		"dvai"@prg	
"oxḳ-"@cap	<http://ids.clld.org/values/10-470-270-1>		<http://ids.clld.org/parameters/10-470>		<http://ids.clld.org/values/10-470-198-1>		"éit"@prg	
"taḳu pal-xay-š"@cap	<http://ids.clld.org/values/22-220-270-1>		<http://ids.clld.org/parameters/22-220>		<http://ids.clld.org/values/22-220-198-1>		"pagerdauya"@prg	
"čawk xiliri"@cap	<http://ids.clld.org/values/19-320-270-1>		<http://ids.clld.org/parameters/19-320>		<http://ids.clld.org/values/19-320-198-1>		"kunagis"@prg	
"muna-ši"@cap	<http://ids.clld.org/values/16-270-270-1>		<http://ids.clld.org/parameters/16-270>		<http://ids.clld.org/values/16-270-198-1>		"mīlēt"@prg	
"čula"@cap	<http://ids.clld.org/values/2-280-270-1>		<http://ids.clld.org/parameters/2-280>		<http://ids.clld.org/values/2-280-198-1>		"malnīkik[a]s"@prg	
"x̣oṣ̌a"@cap	<http://ids.clld.org/values/3-160-270-3>		<http://ids.clld.org/parameters/3-160>		<http://ids.clld.org/values/3-160-198-1>		"spar'us"@prg	
"pʰit"@cap	<http://ids.clld.org/values/7-510-270-1>		<http://ids.clld.org/parameters/7-510>		<http://ids.clld.org/values/7-510-198-1>		"stāgis"@prg	
"tʰuɲi"@cap	<http://ids.clld.org/values/14-410-270-1>		<http://ids.clld.org/parameters/14-410>		<http://ids.clld.org/values/14-410-198-1>		"deinan"@prg	
"xekt"@cap	<http://ids.clld.org/values/17-680-270-1>		<http://ids.clld.org/parameters/17-680>		<http://ids.clld.org/values/17-680-198-1>		"kas"@prg	
"smoya"@cap	<http://ids.clld.org/values/3-831-270-1>		<http://ids.clld.org/parameters/3-831>		<http://ids.clld.org/values/3-831-198-1>		"kusis"@prg	
"munti-naka"@cap	<http://ids.clld.org/values/1-410-270-1>		<http://ids.clld.org/parameters/1-410>		<http://ids.clld.org/values/1-410-198-1>		"med'an"@prg	
"txoḳ-"@cap	<http://ids.clld.org/values/10-230-270-3>		<http://ids.clld.org/parameters/10-230>		<http://ids.clld.org/values/10-230-198-1>		"krūt"@prg	
"ḳʰoɲi"@cap	<http://ids.clld.org/values/15-840-270-1>		<http://ids.clld.org/parameters/15-840>		<http://ids.clld.org/values/15-840-198-1>		"sausan"@prg	
"tʰami"@cap	<http://ids.clld.org/values/1-720-270-1>		<http://ids.clld.org/parameters/1-720>		<http://ids.clld.org/values/1-720-198-1>		"vētrā"@prg	
"paḳu"@cap	<http://ids.clld.org/values/3-610-270-1>		<http://ids.clld.org/parameters/3-610>		<http://ids.clld.org/values/3-610-198-1>		"sunis"@prg	
"lik-š"@cap	<http://ids.clld.org/values/5-130-270-1>		<http://ids.clld.org/parameters/5-130>		<http://ids.clld.org/values/5-130-198-1>		"pūtvei"@prg	
"č̣ʰata"@cap	<http://ids.clld.org/values/6-510-270-1>		<http://ids.clld.org/parameters/6-510>		<http://ids.clld.org/values/6-510-198-1>		"kurpē"@prg	
"x̣ora"@cap	<http://ids.clld.org/values/4-290-270-1>		<http://ids.clld.org/parameters/4-290>		<http://ids.clld.org/values/4-290-198-1>		"gurklē"@prg	
"ḳˀot-š"@cap	<http://ids.clld.org/values/16-670-270-3>		<http://ids.clld.org/parameters/16-670>		<http://ids.clld.org/values/16-670-198-1>		"mént'ama"@prg	
"ker-walʸpa"@cap	<http://ids.clld.org/values/3-520-270-1>		<http://ids.clld.org/parameters/3-520>		<http://ids.clld.org/values/3-520-198-1>		"gertis"@prg	
"tarš"@cap	<http://ids.clld.org/values/4-463-270-1>		<http://ids.clld.org/parameters/4-463>		<http://ids.clld.org/values/4-463-198-1>		"slaunis"@prg	
"lxomi"@cap	<http://ids.clld.org/values/8-540-270-3>		<http://ids.clld.org/parameters/8-540>		<http://ids.clld.org/values/8-540-198-1>		"saknis"@prg	
"čʰixpi"@cap	<http://ids.clld.org/values/13-210-270-1>		<http://ids.clld.org/parameters/13-210>		<http://ids.clld.org/values/13-210-198-1>		"pilnan"@prg	
"čiwi"@cap	<http://ids.clld.org/values/15-640-270-1>		<http://ids.clld.org/parameters/15-640>		<http://ids.clld.org/values/15-640-198-1>		"gailis"@prg	
"pek-š"@cap	<http://ids.clld.org/values/16-620-270-1>		<http://ids.clld.org/parameters/16-620>		<http://ids.clld.org/values/16-620-198-1>		"pakaitēsnan"@prg	
"[miši]"@cap	<http://ids.clld.org/values/3-620-270-1>		<http://ids.clld.org/parameters/3-620>		<http://ids.clld.org/values/3-620-198-1>		"paustā katā"@prg	
"lxoki"@cap	<http://ids.clld.org/values/9-730-270-1>		<http://ids.clld.org/parameters/9-730>		<http://ids.clld.org/values/9-730-198-1>		"laidis"@prg	
"lis"@cap	<http://ids.clld.org/values/4-350-270-1>		<http://ids.clld.org/parameters/4-350>		<http://ids.clld.org/values/4-350-198-1>		"nagē"@prg	
"ḳʰexspii-"@cap	<http://ids.clld.org/values/11-250-270-3>		<http://ids.clld.org/parameters/11-250>		<http://ids.clld.org/values/11-250-198-1>		"isrankīt"@prg	
"ṣ̌et-š"@cap	<http://ids.clld.org/values/4-740-270-1>		<http://ids.clld.org/parameters/4-740>		<http://ids.clld.org/values/4-740-198-1>		"gīvas"@prg	
"ḳara"@cap	<http://ids.clld.org/values/6-910-270-1>		<http://ids.clld.org/parameters/6-910>		<http://ids.clld.org/values/6-910-198-1>		"kāisnis"@prg	
"maš"@cap	<http://ids.clld.org/values/1-440-270-3>		<http://ids.clld.org/parameters/1-440>		<http://ids.clld.org/values/1-440-198-1>		"stabis"@prg	
"c̷oḳ"@cap	<http://ids.clld.org/values/15-650-270-1>		<http://ids.clld.org/parameters/15-650>		<http://ids.clld.org/values/15-650-198-1>		"kirsnan"@prg	
"ana šuma"@cap	<http://ids.clld.org/values/16-720-270-1>		<http://ids.clld.org/parameters/16-720>		<http://ids.clld.org/values/16-720-198-1>		"vargs"@prg	
"toxtiš"@cap	<http://ids.clld.org/values/11-910-270-3>		<http://ids.clld.org/parameters/11-910>		<http://ids.clld.org/values/11-910-198-1>		"dalīs"@prg	
"ninaka"@cap	<http://ids.clld.org/values/2-960-270-1>		<http://ids.clld.org/parameters/2-960>		<http://ids.clld.org/values/2-960-198-3>		"tanans"@prg	
"ninaka"@cap	<http://ids.clld.org/values/2-960-270-1>		<http://ids.clld.org/parameters/2-960>		<http://ids.clld.org/values/2-960-198-1>		"tanai"@prg	
"ḳʰaw-š"@cap	<http://ids.clld.org/values/18-410-270-1>		<http://ids.clld.org/parameters/18-410>		<http://ids.clld.org/values/18-410-198-1>		"vakētvei"@prg	
"škiti"@cap	<http://ids.clld.org/values/6-120-270-1>		<http://ids.clld.org/parameters/6-120>		<http://ids.clld.org/values/6-120-198-1>		"rūkai"@prg	
"čawxc̷-š"@cap	<http://ids.clld.org/values/7-230-270-1>		<http://ids.clld.org/parameters/7-230>		<http://ids.clld.org/values/7-230-198-1>		"zāmukis"@prg	
"čara"@cap	<http://ids.clld.org/values/4-140-270-1>		<http://ids.clld.org/parameters/4-140>		<http://ids.clld.org/values/4-140-198-1>		"skebelis"@prg	
"wiri"@cap	<http://ids.clld.org/values/12-10-270-1>		<http://ids.clld.org/parameters/12-10>		<http://ids.clld.org/values/12-10-198-1>		"pā"@prg	
"weṣ̌la"@cap	<http://ids.clld.org/values/3-581-270-1>		<http://ids.clld.org/parameters/3-581>		<http://ids.clld.org/values/3-581-198-1>		"pepelis ~ pipelkā"@prg	
"toɲi"@cap	<http://ids.clld.org/values/4-430-270-1>		<http://ids.clld.org/parameters/4-430>		<http://ids.clld.org/values/4-430-198-1>		"nabis"@prg	
"irke irke"@cap	<http://ids.clld.org/values/4-170-270-1>		<http://ids.clld.org/parameters/4-170>		<http://ids.clld.org/values/4-170-198-1>		"ragis"@prg	
"čˀiš"@cap	<http://ids.clld.org/values/3-650-270-1>		<http://ids.clld.org/parameters/3-650>		<http://ids.clld.org/values/3-650-198-1>		"zukis"@prg	
"ḳʰur-š"@cap	<http://ids.clld.org/values/11-310-270-1>		<http://ids.clld.org/parameters/11-310>		<http://ids.clld.org/values/11-310-198-1>		"laukīt"@prg	
"naa"@cap	<http://ids.clld.org/values/2-930-270-5>		<http://ids.clld.org/parameters/2-930>		<http://ids.clld.org/values/2-930-198-3>		"tanā"@prg	
"naa"@cap	<http://ids.clld.org/values/2-930-270-5>		<http://ids.clld.org/parameters/2-930>		<http://ids.clld.org/values/2-930-198-1>		"tan[a]s"@prg	
"[yooš] [kastik]taṣ̌ kʰee-"@cap	<http://ids.clld.org/values/22-240-270-1>		<http://ids.clld.org/parameters/22-240>		<http://ids.clld.org/values/22-240-198-1>		"perklantīt"@prg	
"suri"@cap	<http://ids.clld.org/values/16-420-270-1>		<http://ids.clld.org/parameters/16-420>		<http://ids.clld.org/values/16-420-198-1>		"nerteis"@prg	
"munti"@cap	<http://ids.clld.org/values/1-420-270-1>		<http://ids.clld.org/parameters/1-420>		<http://ids.clld.org/values/1-420-198-1>		"gar'an"@prg	
"[kastiku]"@cap	<http://ids.clld.org/values/21-370-270-1>		<http://ids.clld.org/parameters/21-370>		<http://ids.clld.org/values/21-370-198-1>		"súndan"@prg	
"akilʸo"@cap	<http://ids.clld.org/values/13-0-270-3>		<http://ids.clld.org/parameters/13-0>		<http://ids.clld.org/values/13-0-198-1>		"niainunt[a]s"@prg	
"ṣ̌eti ṣ̌exl-"@cap	<http://ids.clld.org/values/4-830-270-3>		<http://ids.clld.org/parameters/4-830>		<http://ids.clld.org/values/4-830-198-1>		"kails"@prg	
"č̣oḳ ḳome"@cap	<http://ids.clld.org/values/4-351-270-1>		<http://ids.clld.org/parameters/4-351>		<http://ids.clld.org/values/4-351-198-1>		"slaunis"@prg	
"txaŋ-š"@cap	<http://ids.clld.org/values/21-510-270-1>		<http://ids.clld.org/parameters/21-510>		<http://ids.clld.org/values/21-510-198-1>		"ránktvei"@prg	
"xila"@cap	<http://ids.clld.org/values/2-440-270-1>		<http://ids.clld.org/parameters/2-440>		<http://ids.clld.org/values/2-440-198-1>		"brātē"@prg	
"walu"@cap	<http://ids.clld.org/values/4-461-270-1>		<http://ids.clld.org/parameters/4-461>		<http://ids.clld.org/values/4-461-198-1>		"grābis"@prg	
"ux"@cap	<http://ids.clld.org/values/1-810-270-1>		<http://ids.clld.org/parameters/1-810>		<http://ids.clld.org/values/1-810-198-1>		"panā"@prg	
"čixɲi"@cap	<http://ids.clld.org/values/1-750-270-1>		<http://ids.clld.org/parameters/1-750>		<http://ids.clld.org/values/1-750-198-1>		"aglā"@prg	
"pʰoma"@cap	<http://ids.clld.org/values/1-370-270-1>		<http://ids.clld.org/parameters/1-370>		<http://ids.clld.org/values/1-370-198-1>		"apus"@prg	
"xeeš"@cap	<http://ids.clld.org/values/17-550-270-1>		<http://ids.clld.org/parameters/17-550>		<http://ids.clld.org/values/17-550-198-1>		"[ya]"@prg	
"irš"@cap	<http://ids.clld.org/values/6-410-270-1>		<http://ids.clld.org/parameters/6-410>		<http://ids.clld.org/values/6-410-198-1>		"pelkis"@prg	
"xʷixṣ̌lʸa"@cap	<http://ids.clld.org/values/5-370-270-1>		<http://ids.clld.org/parameters/5-370>		<http://ids.clld.org/values/5-370-198-1>		"lapinis"@prg	
"[pertun]-š"@cap	<http://ids.clld.org/values/16-690-270-1>		<http://ids.clld.org/parameters/16-690>		<http://ids.clld.org/values/16-690-198-1>		"atvérpt"@prg	
"parkatu"@cap	<http://ids.clld.org/values/6-490-270-1>		<http://ids.clld.org/parameters/6-490>		<http://ids.clld.org/values/6-490-198-1>		"pēd'ai"@prg	
"tantiita"@cap	<http://ids.clld.org/values/17-190-270-1>		<http://ids.clld.org/parameters/17-190>		<http://ids.clld.org/values/17-190-198-1>		"pamērīsnans"@prg	
"werx"@cap	<http://ids.clld.org/values/2-910-270-1>		<http://ids.clld.org/parameters/2-910>		<http://ids.clld.org/values/2-910-198-1>		"as"@prg	
"c̷ʰix"@cap	<http://ids.clld.org/values/4-160-270-1>		<http://ids.clld.org/parameters/4-160>		<http://ids.clld.org/values/4-160-198-1>		"kaulan"@prg	
"xekmi"@cap	<http://ids.clld.org/values/17-680-270-3>		<http://ids.clld.org/parameters/17-680>		<http://ids.clld.org/values/17-680-198-1>		"kas"@prg	
"pˀišu"@cap	<http://ids.clld.org/values/2-251-270-1>		<http://ids.clld.org/parameters/2-251>		<http://ids.clld.org/values/2-251-198-1>		"maldai"@prg	
"lorakana"@cap	<http://ids.clld.org/values/3-830-270-1>		<http://ids.clld.org/parameters/3-830>		<http://ids.clld.org/values/3-830-198-1>		"musā"@prg	
"c̷ˀirḳa"@cap	<http://ids.clld.org/values/3-650-270-3>		<http://ids.clld.org/parameters/3-650>		<http://ids.clld.org/values/3-650-198-1>		"zukis"@prg	
"winti-"@cap	<http://ids.clld.org/values/22-230-270-1>		<http://ids.clld.org/parameters/22-230>		<http://ids.clld.org/values/22-230-198-1>		"[zegnāt]"@prg	
"kwiti-"@cap	<http://ids.clld.org/values/11-240-270-1>		<http://ids.clld.org/parameters/11-240>		<http://ids.clld.org/values/11-240-198-1>		"pakúnst"@prg	
"wiri maa"@cap	<http://ids.clld.org/values/2-720-270-1>		<http://ids.clld.org/parameters/2-720>		<http://ids.clld.org/values/2-720-198-1>		"pāmātrē ~ pamātrē"@prg	
"lxok"@cap	<http://ids.clld.org/values/4-150-270-1>		<http://ids.clld.org/parameters/4-150>		<http://ids.clld.org/values/4-150-198-1>		"kraujā"@prg	
"čika"@cap	<http://ids.clld.org/values/13-240-270-1>		<http://ids.clld.org/parameters/13-240>		<http://ids.clld.org/values/13-240-198-1>		"pausan"@prg	
"c̷xiri"@cap	<http://ids.clld.org/values/1-730-270-1>		<http://ids.clld.org/parameters/1-730>		<http://ids.clld.org/values/1-730-198-1>		"(v)up'an"@prg	
"tʰun"@cap	<http://ids.clld.org/values/2-320-270-1>		<http://ids.clld.org/parameters/2-320>		<http://ids.clld.org/values/2-320-198-1>		"salūban"@prg	
"[patruna]"@cap	<http://ids.clld.org/values/19-410-270-1>		<http://ids.clld.org/parameters/19-410>		<http://ids.clld.org/values/19-410-198-1>		"mistran"@prg	
"tʰowa"@cap	<http://ids.clld.org/values/14-140-270-1>		<http://ids.clld.org/parameters/14-140>		<http://ids.clld.org/values/14-140-198-1>		"maldans"@prg	
"laawš"@cap	<http://ids.clld.org/values/15-860-270-3>		<http://ids.clld.org/parameters/15-860>		<http://ids.clld.org/values/15-860-198-1>		"salta"@prg	
"irpiš"@cap	<http://ids.clld.org/values/10-640-270-1>		<http://ids.clld.org/parameters/10-640>		<http://ids.clld.org/values/10-640-198-1>		"vest[vei]"@prg	
"lukmaxč"@cap	<http://ids.clld.org/values/2-250-270-1>		<http://ids.clld.org/parameters/2-250>		<http://ids.clld.org/values/2-250-198-1>		"malnīk[a]s"@prg	
"uš"@cap	<http://ids.clld.org/values/2-260-270-1>		<http://ids.clld.org/parameters/2-260>		<http://ids.clld.org/values/2-260-198-1>		"mergā"@prg	
"maxč"@cap	<http://ids.clld.org/values/2-410-270-1>		<http://ids.clld.org/parameters/2-410>		<http://ids.clld.org/values/2-410-198-1>		"sūnun"@prg	
"xooči"@cap	<http://ids.clld.org/values/9-341-270-1>		<http://ids.clld.org/parameters/9-341>		<http://ids.clld.org/values/9-341-198-1>		"kabē[v]uns"@prg	
"čaxʷkšmari"@cap	<http://ids.clld.org/values/4-342-270-1>		<http://ids.clld.org/parameters/4-342>		<http://ids.clld.org/values/4-342-198-1>		"instiks"@prg	
"ḳaša"@cap	<http://ids.clld.org/values/3-570-270-1>		<http://ids.clld.org/parameters/3-570>		<http://ids.clld.org/values/3-570-198-1>		"antis"@prg	
"ḳʰatɲi"@cap	<http://ids.clld.org/values/1-760-270-1>		<http://ids.clld.org/parameters/1-760>		<http://ids.clld.org/values/1-760-198-1>		"snaigis"@prg	
"[liči]"@cap	<http://ids.clld.org/values/5-860-270-1>		<http://ids.clld.org/parameters/5-860>		<http://ids.clld.org/values/5-860-198-1>		"dadan"@prg	
"tik-č̣a"@cap	<http://ids.clld.org/values/4-750-270-3>		<http://ids.clld.org/parameters/4-750>		<http://ids.clld.org/values/4-750-198-1>		"aul'aút"@prg	
"[krii-]"@cap	<http://ids.clld.org/values/17-150-270-1>		<http://ids.clld.org/parameters/17-150>		<http://ids.clld.org/values/17-150-198-1>		"druvēt"@prg	
"č̣ʰuxki"@cap	<http://ids.clld.org/values/4-210-270-1>		<http://ids.clld.org/parameters/4-210>		<http://ids.clld.org/values/4-210-198-1>		"akis"@prg	
"tʰaaxin-š"@cap	<http://ids.clld.org/values/17-250-270-1>		<http://ids.clld.org/parameters/17-250>		<http://ids.clld.org/values/17-250-198-1>		"mākint"@prg	
"kewi"@cap	<http://ids.clld.org/values/5-340-270-3>		<http://ids.clld.org/parameters/5-340>		<http://ids.clld.org/values/5-340-198-1>		"kragis"@prg	
"pičut"@cap	<http://ids.clld.org/values/13-350-270-3>		<http://ids.clld.org/parameters/13-350>		<http://ids.clld.org/values/13-350-198-1>		"pansdaumanin"@prg	
"ḳis-ḳis"@cap	<http://ids.clld.org/values/10-110-270-1>		<http://ids.clld.org/parameters/10-110>		<http://ids.clld.org/values/10-110-198-1>		"pabanginuns"@prg	
"luktaḳa"@cap	<http://ids.clld.org/values/2-210-270-1>		<http://ids.clld.org/parameters/2-210>		<http://ids.clld.org/values/2-210-198-1>		"vīrs"@prg	
"čʰoxritš"@cap	<http://ids.clld.org/values/4-850-270-1>		<http://ids.clld.org/parameters/4-850>		<http://ids.clld.org/values/4-850-198-1>		"eizvā"@prg	
"tʰees"@cap	<http://ids.clld.org/values/15-550-270-1>		<http://ids.clld.org/parameters/15-550>		<http://ids.clld.org/values/15-550-198-1>		"vaidina"@prg	
"taḳu tʰaa-"@cap	<http://ids.clld.org/values/18-360-270-1>		<http://ids.clld.org/parameters/18-360>		<http://ids.clld.org/values/18-360-198-3>		"taukinuns"@prg	
"taḳu tʰaa-"@cap	<http://ids.clld.org/values/18-360-270-1>		<http://ids.clld.org/parameters/18-360>		<http://ids.clld.org/values/18-360-198-1>		"preigerdauja"@prg	
"kosɲi"@cap	<http://ids.clld.org/values/6-910-270-3>		<http://ids.clld.org/parameters/6-910>		<http://ids.clld.org/values/6-910-198-1>		"kāisnis"@prg	
"kʰi-"@cap	<http://ids.clld.org/values/18-210-270-1>		<http://ids.clld.org/parameters/18-210>		<http://ids.clld.org/values/18-210-198-1>		"gérbt"@prg	
"[alma]"@cap	<http://ids.clld.org/values/16-110-270-3>		<http://ids.clld.org/parameters/16-110>		<http://ids.clld.org/values/16-110-198-1>		"nāseilis"@prg	
"lxata"@cap	<http://ids.clld.org/values/2-240-270-1>		<http://ids.clld.org/parameters/2-240>		<http://ids.clld.org/values/2-240-198-1>		"genā"@prg	
"aya"@cap	<http://ids.clld.org/values/4-205-270-1>		<http://ids.clld.org/parameters/4-205>		<http://ids.clld.org/values/4-205-198-1>		"kaktā"@prg	
"čʰixʷ-š"@cap	<http://ids.clld.org/values/10-473-270-1>		<http://ids.clld.org/parameters/10-473>		<http://ids.clld.org/values/10-473-198-1>		"zemailēzuns"@prg	
"tuki"@cap	<http://ids.clld.org/values/12-40-270-1>		<http://ids.clld.org/parameters/12-40>		<http://ids.clld.org/values/12-40-198-1>		"pirzdau"@prg	
"wen"@cap	<http://ids.clld.org/values/14-420-270-1>		<http://ids.clld.org/parameters/14-420>		<http://ids.clld.org/values/14-420-198-1>		"naktin"@prg	
"tur"@cap	<http://ids.clld.org/values/2-261-270-3>		<http://ids.clld.org/parameters/2-261>		<http://ids.clld.org/values/2-261-198-1>		"mergā"@prg	
"šepˀa"@cap	<http://ids.clld.org/values/8-540-270-1>		<http://ids.clld.org/parameters/8-540>		<http://ids.clld.org/values/8-540-198-1>		"saknis"@prg	
"kuru"@cap	<http://ids.clld.org/values/1-220-270-1>		<http://ids.clld.org/parameters/1-220>		<http://ids.clld.org/values/1-220-198-1>		"garbis"@prg	
"yanap"@cap	<http://ids.clld.org/values/19-580-270-1>		<http://ids.clld.org/parameters/19-580>		<http://ids.clld.org/values/19-580-198-1>		"pagalbtan"@prg	
"skara"@cap	<http://ids.clld.org/values/6-550-270-1>		<http://ids.clld.org/parameters/6-550>		<http://ids.clld.org/values/6-550-198-1>		"kelmis"@prg	
"karanu"@cap	<http://ids.clld.org/values/8-420-270-1>		<http://ids.clld.org/parameters/8-420>		<http://ids.clld.org/values/8-420-198-3>		"ar'an"@prg	
"karanu"@cap	<http://ids.clld.org/values/8-420-270-1>		<http://ids.clld.org/parameters/8-420>		<http://ids.clld.org/values/8-420-198-1>		"aren"@prg	
"č̣ˀuxlɲi"@cap	<http://ids.clld.org/values/4-841-270-1>		<http://ids.clld.org/parameters/4-841>		<http://ids.clld.org/values/4-841-198-1>		"enāiss"@prg	
"kʰuxc̷"@cap	<http://ids.clld.org/values/4-320-270-1>		<http://ids.clld.org/parameters/4-320>		<http://ids.clld.org/values/4-320-198-1>		"alkūnis"@prg	
"maa-exp"@cap	<http://ids.clld.org/values/2-370-270-1>		<http://ids.clld.org/parameters/2-370>		<http://ids.clld.org/values/2-370-198-1>		"vāraisins"@prg	
"luxl-"@cap	<http://ids.clld.org/values/5-110-270-1>		<http://ids.clld.org/parameters/5-110>		<http://ids.clld.org/values/5-110-198-1>		"īst ~ ēst"@prg	
"škiča"@cap	<http://ids.clld.org/values/3-950-270-1>		<http://ids.clld.org/parameters/3-950>		<http://ids.clld.org/values/3-950-198-1>		"krupeilē"@prg	
"tʰaxr-ki-"@cap	<http://ids.clld.org/values/4-560-270-5>		<http://ids.clld.org/parameters/4-560>		<http://ids.clld.org/values/4-560-198-1>		"vimbis"@prg	
"luko"@cap	<http://ids.clld.org/values/2-310-270-1>		<http://ids.clld.org/parameters/2-310>		<http://ids.clld.org/values/2-310-198-1>		"grandan"@prg	
"[mantita] ṣ̌oɲi"@cap	<http://ids.clld.org/values/19-420-270-1>		<http://ids.clld.org/parameters/19-420>		<http://ids.clld.org/values/19-420-198-1>		"vaiks"@prg	
"[xustisia] paa-"@cap	<http://ids.clld.org/values/21-160-270-1>		<http://ids.clld.org/parameters/21-160>		<http://ids.clld.org/values/21-160-198-1>		"līgint"@prg	
"čixɲi [timpu]"@cap	<http://ids.clld.org/values/14-760-270-1>		<http://ids.clld.org/parameters/14-760>		<http://ids.clld.org/values/14-760-198-1>		"dagis"@prg	
"c̷ʰits-"@cap	<http://ids.clld.org/values/12-150-270-3>		<http://ids.clld.org/parameters/12-150>		<http://ids.clld.org/values/12-150-198-1>		"stalēt"@prg	
"kulʸaka"@cap	<http://ids.clld.org/values/2-450-270-1>		<http://ids.clld.org/parameters/2-450>		<http://ids.clld.org/values/2-450-198-1>		"svestrā"@prg	
"čara"@cap	<http://ids.clld.org/values/6-280-270-1>		<http://ids.clld.org/parameters/6-280>		<http://ids.clld.org/values/6-280-198-1>		"skārdā"@prg	
"[yooš]-kin"@cap	<http://ids.clld.org/values/22-170-270-1>		<http://ids.clld.org/parameters/22-170>		<http://ids.clld.org/values/22-170-198-1>		"madlīt"@prg	
"kʰen"@cap	<http://ids.clld.org/values/17-520-270-1>		<http://ids.clld.org/parameters/17-520>		<http://ids.clld.org/values/17-520-198-1>		"begi"@prg	
"[intinti-]"@cap	<http://ids.clld.org/values/17-160-270-1>		<http://ids.clld.org/parameters/17-160>		<http://ids.clld.org/values/17-160-198-1>		"isprastun"@prg	
"aɲ"@cap	<http://ids.clld.org/values/14-180-270-1>		<http://ids.clld.org/parameters/14-180>		<http://ids.clld.org/values/14-180-198-1>		"teinū"@prg	
"ḳxara"@cap	<http://ids.clld.org/values/4-330-270-1>		<http://ids.clld.org/parameters/4-330>		<http://ids.clld.org/values/4-330-198-1>		"rankā"@prg	
"waxt-"@cap	<http://ids.clld.org/values/4-630-270-1>		<http://ids.clld.org/parameters/4-630>		<http://ids.clld.org/values/4-630-198-1>		"*atbaudint"@prg	
"c̷ukči"@cap	<http://ids.clld.org/values/16-530-270-1>		<http://ids.clld.org/parameters/16-530>		<http://ids.clld.org/values/16-530-198-1>		"bi[y]āsnan"@prg	
"luxl-š"@cap	<http://ids.clld.org/values/5-110-270-3>		<http://ids.clld.org/parameters/5-110>		<http://ids.clld.org/values/5-110-198-1>		"īst ~ ēst"@prg	
"lapˀiṣ̌iš"@cap	<http://ids.clld.org/values/17-130-270-1>		<http://ids.clld.org/parameters/17-130>		<http://ids.clld.org/values/17-130-198-1>		"pamērīt"@prg	
"[mantita]"@cap	<http://ids.clld.org/values/19-450-270-1>		<http://ids.clld.org/parameters/19-450>		<http://ids.clld.org/values/19-450-198-1>		"laipinā"@prg	
"ilʸu"@cap	<http://ids.clld.org/values/17-370-270-3>		<http://ids.clld.org/parameters/17-370>		<http://ids.clld.org/values/17-370-198-1>		"tikr[a]s"@prg	
"[pak]"@cap	<http://ids.clld.org/values/11-650-270-1>		<http://ids.clld.org/parameters/11-650>		<http://ids.clld.org/values/11-650-198-1>		"plateis"@prg	
"[ikliša]"@cap	<http://ids.clld.org/values/22-130-270-3>		<http://ids.clld.org/parameters/22-130>		<http://ids.clld.org/values/22-130-198-1>		"kírkē"@prg	
"wata"@cap	<http://ids.clld.org/values/14-730-270-1>		<http://ids.clld.org/parameters/14-730>		<http://ids.clld.org/values/14-730-198-1>		"metan"@prg	
"ux-ux-ɲi"@cap	<http://ids.clld.org/values/3-823-270-1>		<http://ids.clld.org/parameters/3-823>		<http://ids.clld.org/values/3-823-198-1>		"vapsē"@prg	
"maxt"@cap	<http://ids.clld.org/values/2-420-270-1>		<http://ids.clld.org/parameters/2-420>		<http://ids.clld.org/values/2-420-198-1>		"duktē"@prg	
"ḳʰutu"@cap	<http://ids.clld.org/values/13-140-270-1>		<http://ids.clld.org/parameters/13-140>		<http://ids.clld.org/values/13-140-198-1>		"erains"@prg	
"tʰuu"@cap	<http://ids.clld.org/values/18-280-270-1>		<http://ids.clld.org/parameters/18-280>		<http://ids.clld.org/values/18-280-198-1>		"imens"@prg	
"čuxu ṣ̌exl-"@cap	<http://ids.clld.org/values/18-230-270-1>		<http://ids.clld.org/parameters/18-230>		<http://ids.clld.org/values/18-230-198-1>		"tusēsai"@prg	
"werara"@cap	<http://ids.clld.org/values/16-660-270-1>		<http://ids.clld.org/parameters/16-660>		<http://ids.clld.org/values/16-660-198-1>		"arvis"@prg	
"paxš"@cap	<http://ids.clld.org/values/17-170-270-1>		<http://ids.clld.org/parameters/17-170>		<http://ids.clld.org/values/17-170-198-1>		"vaist"@prg	
"kʰixrš"@cap	<http://ids.clld.org/values/18-510-270-1>		<http://ids.clld.org/parameters/18-510>		<http://ids.clld.org/values/18-510-198-1>		"peisātan"@prg	
"toskara"@cap	<http://ids.clld.org/values/16-670-270-1>		<http://ids.clld.org/parameters/16-670>		<http://ids.clld.org/values/16-670-198-1>		"mént'ama"@prg	
"wixt"@cap	<http://ids.clld.org/values/7-310-270-1>		<http://ids.clld.org/parameters/7-310>		<http://ids.clld.org/values/7-310-198-1>		"pelanā"@prg	
"las"@cap	<http://ids.clld.org/values/4-260-270-1>		<http://ids.clld.org/parameters/4-260>		<http://ids.clld.org/values/4-260-198-1>		"inzuvis"@prg	
"ača"@cap	<http://ids.clld.org/values/4-200-270-1>		<http://ids.clld.org/parameters/4-200>		<http://ids.clld.org/values/4-200-198-1>		"galvā"@prg	
"pax-"@cap	<http://ids.clld.org/values/18-330-270-1>		<http://ids.clld.org/parameters/18-330>		<http://ids.clld.org/values/18-330-198-1>		"grēkaut"@prg	
"uri"@cap	<http://ids.clld.org/values/14-210-270-1>		<http://ids.clld.org/parameters/14-210>		<http://ids.clld.org/values/14-210-198-1>		"entikrikai"@prg	
"šḳala"@cap	<http://ids.clld.org/values/8-120-270-1>		<http://ids.clld.org/parameters/8-120>		<http://ids.clld.org/values/8-120-198-1>		"lauks"@prg	
"ṣ̌etči"@cap	<http://ids.clld.org/values/4-830-270-1>		<http://ids.clld.org/parameters/4-830>		<http://ids.clld.org/values/4-830-198-1>		"kails"@prg	
"tuši"@cap	<http://ids.clld.org/values/4-440-270-3>		<http://ids.clld.org/parameters/4-440>		<http://ids.clld.org/values/4-440-198-1>		"sēr"@prg	
"honora wayti-š"@cap	<http://ids.clld.org/values/16-790-270-1>		<http://ids.clld.org/parameters/16-790>		<http://ids.clld.org/values/16-790-198-1>		"pagirsnan"@prg	
"xuntuɲ"@cap	<http://ids.clld.org/values/12-80-270-3>		<http://ids.clld.org/parameters/12-80>		<http://ids.clld.org/values/12-80-198-3>		"kérša[n]"@prg	
"xuntuɲ"@cap	<http://ids.clld.org/values/12-80-270-3>		<http://ids.clld.org/parameters/12-80>		<http://ids.clld.org/values/12-80-198-1>		"kirša[n]"@prg	
"waxta"@cap	<http://ids.clld.org/values/19-110-270-1>		<http://ids.clld.org/parameters/19-110>		<http://ids.clld.org/values/19-110-198-1>		"zemē"@prg	
"šalš pʰixšta"@cap	<http://ids.clld.org/values/2-340-270-1>		<http://ids.clld.org/parameters/2-340>		<http://ids.clld.org/values/2-340-198-1>		"salūbsna"@prg	
"tʰew-"@cap	<http://ids.clld.org/values/16-630-270-1>		<http://ids.clld.org/parameters/16-630>		<http://ids.clld.org/values/16-630-198-3>		"padruvēsnan"@prg	
"tʰew-"@cap	<http://ids.clld.org/values/16-630-270-1>		<http://ids.clld.org/parameters/16-630>		<http://ids.clld.org/values/16-630-198-1>		"nādruvēsnan"@prg	
"[aru]"@cap	<http://ids.clld.org/values/10-760-270-1>		<http://ids.clld.org/parameters/10-760>		<http://ids.clld.org/values/10-760-198-1>		"kelan"@prg	
"piyuna"@cap	<http://ids.clld.org/values/19-430-270-1>		<http://ids.clld.org/parameters/19-430>		<http://ids.clld.org/values/19-430-198-1>		"slūznikā"@prg	
"[uuša]"@cap	<http://ids.clld.org/values/3-250-270-1>		<http://ids.clld.org/parameters/3-250>		<http://ids.clld.org/values/3-250-198-1>		"kamst'an"@prg	
"yoḳa"@cap	<http://ids.clld.org/values/1-210-270-1>		<http://ids.clld.org/parameters/1-210>		<http://ids.clld.org/values/1-210-198-1>		"zemē"@prg	
"[ača]"@cap	<http://ids.clld.org/values/9-250-270-1>		<http://ids.clld.org/parameters/9-250>		<http://ids.clld.org/values/9-250-198-1>		"bīlē"@prg	
"ɲiɲi"@cap	<http://ids.clld.org/values/4-300-270-1>		<http://ids.clld.org/parameters/4-300>		<http://ids.clld.org/values/4-300-198-1>		"petē"@prg	
"čerš"@cap	<http://ids.clld.org/values/15-520-270-1>		<http://ids.clld.org/parameters/15-520>		<http://ids.clld.org/values/15-520-198-1>		"endīrīt[vei]"@prg	
"špʰixtɲi"@cap	<http://ids.clld.org/values/9-650-270-1>		<http://ids.clld.org/parameters/9-650>		<http://ids.clld.org/values/9-650-198-1>		"sirablis"@prg	
"anawira"@cap	<http://ids.clld.org/values/14-340-270-1>		<http://ids.clld.org/parameters/14-340>		<http://ids.clld.org/values/14-340-198-1>		"nikveigi"@prg	
"taḳu"@cap	<http://ids.clld.org/values/18-260-270-1>		<http://ids.clld.org/parameters/18-260>		<http://ids.clld.org/values/18-260-198-1>		"vírd[a]s"@prg	
"č̣ˀutu"@cap	<http://ids.clld.org/values/1-324-270-1>		<http://ids.clld.org/parameters/1-324>		<http://ids.clld.org/values/1-324-198-1>		"spāinā"@prg	
"maa"@cap	<http://ids.clld.org/values/2-360-270-3>		<http://ids.clld.org/parameters/2-360>		<http://ids.clld.org/values/2-360-198-1>		"mātē"@prg	
"[timpu]"@cap	<http://ids.clld.org/values/14-110-270-1>		<http://ids.clld.org/parameters/14-110>		<http://ids.clld.org/values/14-110-198-3>		"kérdan"@prg	
"[timpu]"@cap	<http://ids.clld.org/values/14-110-270-1>		<http://ids.clld.org/parameters/14-110>		<http://ids.clld.org/values/14-110-198-1>		"kīsman"@prg	
"paḳʰi"@cap	<http://ids.clld.org/values/12-550-270-1>		<http://ids.clld.org/parameters/12-550>		<http://ids.clld.org/values/12-550-198-1>		"debīkan"@prg	
"ux peḳ-š"@cap	<http://ids.clld.org/values/1-860-270-3>		<http://ids.clld.org/parameters/1-860>		<http://ids.clld.org/values/1-860-198-1>		"ankaitītai"@prg	
"kilʸ-š"@cap	<http://ids.clld.org/values/10-412-270-1>		<http://ids.clld.org/parameters/10-412>		<http://ids.clld.org/values/10-412-198-1>		"pakvelptan"@prg	
"c̷ixtskat"@cap	<http://ids.clld.org/values/10-210-270-1>		<http://ids.clld.org/parameters/10-210>		<http://ids.clld.org/values/10-210-198-1>		"atskīsai"@prg	
"ač c̷ʰix"@cap	<http://ids.clld.org/values/4-202-270-1>		<http://ids.clld.org/parameters/4-202>		<http://ids.clld.org/values/4-202-198-1>		"kerpetis"@prg	
"wiri exp"@cap	<http://ids.clld.org/values/2-710-270-1>		<http://ids.clld.org/parameters/2-710>		<http://ids.clld.org/values/2-710-198-1>		"patāvelis"@prg	
"kˀišimiri"@cap	<http://ids.clld.org/values/3-817-270-1>		<http://ids.clld.org/parameters/3-817>		<http://ids.clld.org/values/3-817-198-1>		"saugis"@prg	
"tarašun-"@cap	<http://ids.clld.org/values/17-441-270-1>		<http://ids.clld.org/parameters/17-441>		<http://ids.clld.org/values/17-441-198-1>		"pravilā"@prg	
"yoḳa"@cap	<http://ids.clld.org/values/1-212-270-1>		<http://ids.clld.org/parameters/1-212>		<http://ids.clld.org/values/1-212-198-1>		"zemē"@prg	
"tʰuxt-š"@cap	<http://ids.clld.org/values/4-560-270-1>		<http://ids.clld.org/parameters/4-560>		<http://ids.clld.org/values/4-560-198-1>		"vimbis"@prg	
"šḳʰex̣pla"@cap	<http://ids.clld.org/values/4-203-270-1>		<http://ids.clld.org/parameters/4-203>		<http://ids.clld.org/values/4-203-198-1>		"muzgenā"@prg	
"toyi"@cap	<http://ids.clld.org/values/8-510-270-3>		<http://ids.clld.org/parameters/8-510>		<http://ids.clld.org/values/8-510-198-1>		"zālis"@prg	
"ṣ̌kati ḳamɲi ṣ̌oɲi"@cap	<http://ids.clld.org/values/19-540-270-1>		<http://ids.clld.org/parameters/19-540>		<http://ids.clld.org/values/19-540-198-1>		"taviš'an"@prg	
"ḳʰaaš"@cap	<http://ids.clld.org/values/18-320-270-1>		<http://ids.clld.org/parameters/18-320>		<http://ids.clld.org/values/18-320-198-1>		"attrātvei"@prg	
"paysnak-"@cap	<http://ids.clld.org/values/17-430-270-1>		<http://ids.clld.org/parameters/17-430>		<http://ids.clld.org/values/17-430-198-1>		"dvigubāt"@prg	
"axks"@cap	<http://ids.clld.org/values/12-210-270-1>		<http://ids.clld.org/parameters/12-210>		<http://ids.clld.org/values/12-210-198-1>		"sanrénka"@prg	
"aši"@cap	<http://ids.clld.org/values/4-810-270-1>		<http://ids.clld.org/parameters/4-810>		<http://ids.clld.org/values/4-810-198-1>		"sparts"@prg	
"iya"@cap	<http://ids.clld.org/values/13-160-270-1>		<http://ids.clld.org/parameters/13-160>		<http://ids.clld.org/values/13-160-198-1>		"tūl[i]s (?)"@prg	
"šak [timpu]"@cap	<http://ids.clld.org/values/14-740-270-1>		<http://ids.clld.org/parameters/14-740>		<http://ids.clld.org/values/14-740-198-1>		"zēmā"@prg	
"c̷ʰii"@cap	<http://ids.clld.org/values/13-10-270-1>		<http://ids.clld.org/parameters/13-10>		<http://ids.clld.org/values/13-10-198-1>		"ains"@prg	
"ḳola"@cap	<http://ids.clld.org/values/6-360-270-1>		<http://ids.clld.org/parameters/6-360>		<http://ids.clld.org/values/6-360-198-1>		"aigulā"@prg	
"č̣ʰulut"@cap	<http://ids.clld.org/values/17-640-270-1>		<http://ids.clld.org/parameters/17-640>		<http://ids.clld.org/values/17-640-198-1>		"ka"@prg	
"larama"@cap	<http://ids.clld.org/values/15-670-270-1>		<http://ids.clld.org/parameters/15-670>		<http://ids.clld.org/values/15-670-198-1>		"galimban"@prg	
"mašḳˀa"@cap	<http://ids.clld.org/values/15-350-270-1>		<http://ids.clld.org/parameters/15-350>		<http://ids.clld.org/values/15-350-198-1>		"pādaminan"@prg	
"paaš"@cap	<http://ids.clld.org/values/9-110-270-1>		<http://ids.clld.org/parameters/9-110>		<http://ids.clld.org/values/9-110-198-1>		"segēt"@prg	
"lek-"@cap	<http://ids.clld.org/values/11-130-270-1>		<http://ids.clld.org/parameters/11-130>		<http://ids.clld.org/values/11-130-198-1>		"ímt"@prg	
"pʰaaxtš"@cap	<http://ids.clld.org/values/4-450-270-1>		<http://ids.clld.org/parameters/4-450>		<http://ids.clld.org/values/4-450-198-1>		"yaknā"@prg	
"lanš"@cap	<http://ids.clld.org/values/15-710-270-1>		<http://ids.clld.org/parameters/15-710>		<http://ids.clld.org/values/15-710-198-1>		"enkasint"@prg	
"apatatš"@cap	<http://ids.clld.org/values/12-150-270-1>		<http://ids.clld.org/parameters/12-150>		<http://ids.clld.org/values/12-150-198-1>		"stalēt"@prg	
"škoši"@cap	<http://ids.clld.org/values/4-451-270-1>		<http://ids.clld.org/parameters/4-451>		<http://ids.clld.org/values/4-451-198-1>		"inkstē"@prg	
"ḳʰuya"@cap	<http://ids.clld.org/values/7-120-270-1>		<http://ids.clld.org/parameters/7-120>		<http://ids.clld.org/values/7-120-198-1>		"butas"@prg	
"[gan]či [paka]"@cap	<http://ids.clld.org/values/11-780-270-1>		<http://ids.clld.org/parameters/11-780>		<http://ids.clld.org/values/11-780-198-1>		"álgās"@prg	
"[amiku]"@cap	<http://ids.clld.org/values/19-510-270-1>		<http://ids.clld.org/parameters/19-510>		<http://ids.clld.org/values/19-510-198-1>		"ginens"@prg	
"[kučilʸu]"@cap	<http://ids.clld.org/values/9-230-270-1>		<http://ids.clld.org/parameters/9-230>		<http://ids.clld.org/values/9-230-198-1>		"peile"@prg	
"[liwru]"@cap	<http://ids.clld.org/values/18-610-270-1>		<http://ids.clld.org/parameters/18-610>		<http://ids.clld.org/values/18-610-198-1>		"laiskas"@prg	
"čʰax̣pi"@cap	<http://ids.clld.org/values/8-750-270-1>		<http://ids.clld.org/parameters/8-750>		<http://ids.clld.org/values/8-750-198-1>		"sakstis"@prg	
"alʸmilʸa"@cap	<http://ids.clld.org/values/6-440-270-1>		<http://ids.clld.org/parameters/6-440>		<http://ids.clld.org/values/6-440-198-1>		"nurtvē"@prg	
"[ayuna]-š"@cap	<http://ids.clld.org/values/22-260-270-1>		<http://ids.clld.org/parameters/22-260>		<http://ids.clld.org/values/22-260-198-1>		"pastautun"@prg	
"ḳx̣ar wičˀu"@cap	<http://ids.clld.org/values/4-310-270-1>		<http://ids.clld.org/parameters/4-310>		<http://ids.clld.org/values/4-310-198-1>		"irmā"@prg	
"aššakanaka"@cap	<http://ids.clld.org/values/16-450-270-3>		<http://ids.clld.org/parameters/16-450>		<http://ids.clld.org/values/16-450-198-1>		"gēdan"@prg	
"kʰet-"@cap	<http://ids.clld.org/values/12-240-270-1>		<http://ids.clld.org/parameters/12-240>		<http://ids.clld.org/values/12-240-198-1>		"atvér'a"@prg	
"matɲilʸa"@cap	<http://ids.clld.org/values/2-460-270-1>		<http://ids.clld.org/parameters/2-460>		<http://ids.clld.org/values/2-460-198-1>		"tētis"@prg	
"toxš"@cap	<http://ids.clld.org/values/11-910-270-1>		<http://ids.clld.org/parameters/11-910>		<http://ids.clld.org/values/11-910-198-1>		"dalīs"@prg	
"xaru"@cap	<http://ids.clld.org/values/15-380-270-1>		<http://ids.clld.org/parameters/15-380>		<http://ids.clld.org/values/15-380-198-1>		"rūktan"@prg	
"ḳawɲi"@cap	<http://ids.clld.org/values/6-380-270-1>		<http://ids.clld.org/parameters/6-380>		<http://ids.clld.org/values/6-380-198-1>		"auvilkis"@prg	
"[kawalʸu]"@cap	<http://ids.clld.org/values/3-410-270-1>		<http://ids.clld.org/parameters/3-410>		<http://ids.clld.org/values/3-410-198-3>		"paustākaikan"@prg	
"[kawalʸu]"@cap	<http://ids.clld.org/values/3-410-270-1>		<http://ids.clld.org/parameters/3-410>		<http://ids.clld.org/values/3-410-198-1>		"aidenīkis"@prg	
"upli"@cap	<http://ids.clld.org/values/2-520-270-3>		<http://ids.clld.org/parameters/2-520>		<http://ids.clld.org/values/2-520-198-1>		"māsā"@prg	
"pokulʸči"@cap	<http://ids.clld.org/values/4-855-270-1>		<http://ids.clld.org/parameters/4-855>		<http://ids.clld.org/values/4-855-198-1>		"dumslē"@prg	
"keši"@cap	<http://ids.clld.org/values/5-940-270-1>		<http://ids.clld.org/parameters/5-940>		<http://ids.clld.org/values/5-940-198-1>		"rūktan-dadan"@prg	
"xuntiš"@cap	<http://ids.clld.org/values/12-210-270-3>		<http://ids.clld.org/parameters/12-210>		<http://ids.clld.org/values/12-210-198-1>		"sanrénka"@prg	
"čʰišwi"@cap	<http://ids.clld.org/values/5-610-270-1>		<http://ids.clld.org/parameters/5-610>		<http://ids.clld.org/values/5-610-198-1>		"mensā"@prg	
"matilʸa"@cap	<http://ids.clld.org/values/2-470-270-1>		<http://ids.clld.org/parameters/2-470>		<http://ids.clld.org/values/2-470-198-1>		"anē"@prg	
"xikš"@cap	<http://ids.clld.org/values/10-720-270-1>		<http://ids.clld.org/parameters/10-720>		<http://ids.clld.org/values/10-720-198-1>		"pintis"@prg	
"lukmaxč"@cap	<http://ids.clld.org/values/2-270-270-1>		<http://ids.clld.org/parameters/2-270>		<http://ids.clld.org/values/2-270-198-1>		"malnīk[a]s"@prg	
"tor-š"@cap	<http://ids.clld.org/values/4-720-270-3>		<http://ids.clld.org/parameters/4-720>		<http://ids.clld.org/values/4-720-198-1>		"gemtun"@prg	
"kuš"@cap	<http://ids.clld.org/values/17-110-270-1>		<http://ids.clld.org/parameters/17-110>		<http://ids.clld.org/values/17-110-198-1>		"isprasnā"@prg	
"nii"@cap	<http://ids.clld.org/values/2-930-270-3>		<http://ids.clld.org/parameters/2-930>		<http://ids.clld.org/values/2-930-198-3>		"tanā"@prg	
"nii"@cap	<http://ids.clld.org/values/2-930-270-3>		<http://ids.clld.org/parameters/2-930>		<http://ids.clld.org/values/2-930-198-1>		"tan[a]s"@prg	
"tira"@cap	<http://ids.clld.org/values/14-310-270-1>		<http://ids.clld.org/parameters/14-310>		<http://ids.clld.org/values/14-310-198-1>		"ainat"@prg	
"čip-š"@cap	<http://ids.clld.org/values/16-230-270-1>		<http://ids.clld.org/parameters/16-230>		<http://ids.clld.org/values/16-230-198-1>		"[vesals]"@prg	
"maxk-"@cap	<http://ids.clld.org/values/12-50-270-1>		<http://ids.clld.org/parameters/12-50>		<http://ids.clld.org/values/12-50-198-1>		"en"@prg	
"xiiš"@cap	<http://ids.clld.org/values/1-530-270-1>		<http://ids.clld.org/parameters/1-530>		<http://ids.clld.org/values/1-530-198-1>		"mēnikīs"@prg	
"walʸpa"@cap	<http://ids.clld.org/values/3-550-270-1>		<http://ids.clld.org/parameters/3-550>		<http://ids.clld.org/values/3-550-198-1>		"gertist'an"@prg	
"pʰit"@cap	<http://ids.clld.org/values/8-520-270-1>		<http://ids.clld.org/parameters/8-520>		<http://ids.clld.org/values/8-520-198-1>		"kraiss"@prg	
"am"@cap	<http://ids.clld.org/values/2-920-270-1>		<http://ids.clld.org/parameters/2-920>		<http://ids.clld.org/values/2-920-198-1>		"tū"@prg	
"xesalʸa"@cap	<http://ids.clld.org/values/17-550-270-3>		<http://ids.clld.org/parameters/17-550>		<http://ids.clld.org/values/17-550-198-1>		"[ya]"@prg	
"[waka]"@cap	<http://ids.clld.org/values/3-230-270-1>		<http://ids.clld.org/parameters/3-230>		<http://ids.clld.org/values/3-230-198-1>		"klentē"@prg	
"ewu"@cap	<http://ids.clld.org/values/14-130-270-1>		<http://ids.clld.org/parameters/14-130>		<http://ids.clld.org/values/14-130-198-1>		"nauns"@prg	
"tux"@cap	<http://ids.clld.org/values/1-370-270-3>		<http://ids.clld.org/parameters/1-370>		<http://ids.clld.org/values/1-370-198-1>		"apus"@prg	
"x̣oči"@cap	<http://ids.clld.org/values/1-330-270-1>		<http://ids.clld.org/parameters/1-330>		<http://ids.clld.org/values/1-330-198-1>		"azaran"@prg	
"šiwi"@cap	<http://ids.clld.org/values/14-770-270-1>		<http://ids.clld.org/parameters/14-770>		<http://ids.clld.org/values/14-770-198-1>		"asanis"@prg	
"[xuramintu] paa-"@cap	<http://ids.clld.org/values/21-240-270-1>		<http://ids.clld.org/parameters/21-240>		<http://ids.clld.org/values/21-240-198-1>		"klantāma"@prg	
"piš"@cap	<http://ids.clld.org/values/4-412-270-1>		<http://ids.clld.org/parameters/4-412>		<http://ids.clld.org/values/4-412-198-1>		"spenis"@prg	
"paki"@cap	<http://ids.clld.org/values/4-162-270-1>		<http://ids.clld.org/parameters/4-162>		<http://ids.clld.org/values/4-162-198-1>		"gravē"@prg	
"isḳs"@cap	<http://ids.clld.org/values/16-530-270-5>		<http://ids.clld.org/parameters/16-530>		<http://ids.clld.org/values/16-530-198-1>		"bi[y]āsnan"@prg	
"araxpača"@cap	<http://ids.clld.org/values/22-310-270-1>		<http://ids.clld.org/parameters/22-310>		<http://ids.clld.org/values/22-310-198-1>		"dangus"@prg	
"eš"@cap	<http://ids.clld.org/values/10-230-270-1>		<http://ids.clld.org/parameters/10-230>		<http://ids.clld.org/values/10-230-198-1>		"krūt"@prg	
"waytˀiš"@cap	<http://ids.clld.org/values/10-220-270-1>		<http://ids.clld.org/parameters/10-220>		<http://ids.clld.org/values/10-220-198-1>		"erláng'a"@prg	
"tʰuɲi"@cap	<http://ids.clld.org/values/1-520-270-1>		<http://ids.clld.org/parameters/1-520>		<http://ids.clld.org/values/1-520-198-1>		"saulē"@prg	
"[iskina]"@cap	<http://ids.clld.org/values/12-760-270-1>		<http://ids.clld.org/parameters/12-760>		<http://ids.clld.org/values/12-760-198-1>		"lunkis"@prg	
"ḳoši"@cap	<http://ids.clld.org/values/12-670-270-1>		<http://ids.clld.org/parameters/12-670>		<http://ids.clld.org/values/12-670-198-1>		"gilin"@prg	
"wak-š"@cap	<http://ids.clld.org/values/13-180-270-1>		<http://ids.clld.org/parameters/13-180>		<http://ids.clld.org/values/13-180-198-1>		"zuit"@prg	
"tota"@cap	<http://ids.clld.org/values/4-281-270-1>		<http://ids.clld.org/parameters/4-281>		<http://ids.clld.org/values/4-281-198-1>		"pergalvis"@prg	
"č̣ʰeri"@cap	<http://ids.clld.org/values/5-120-270-1>		<http://ids.clld.org/parameters/5-120>		<http://ids.clld.org/values/5-120-198-1>		"ēdā"@prg	
"č̣ˀiwu"@cap	<http://ids.clld.org/values/4-151-270-1>		<http://ids.clld.org/parameters/4-151>		<http://ids.clld.org/values/4-151-198-3>		"strujā"@prg	
"č̣ˀiwu"@cap	<http://ids.clld.org/values/4-151-270-1>		<http://ids.clld.org/parameters/4-151>		<http://ids.clld.org/values/4-151-198-1>		"gīslā"@prg	
"wara-wara"@cap	<http://ids.clld.org/values/1-540-270-1>		<http://ids.clld.org/parameters/1-540>		<http://ids.clld.org/values/1-540-198-1>		"lauksnās"@prg	
"pˀata"@cap	<http://ids.clld.org/values/13-210-270-3>		<http://ids.clld.org/parameters/13-210>		<http://ids.clld.org/values/13-210-198-1>		"pilnan"@prg	
"šip ~ šipš"@cap	<http://ids.clld.org/values/4-142-270-1>		<http://ids.clld.org/parameters/4-142>		<http://ids.clld.org/values/4-142-198-1>		"bārdus"@prg	
"atip-win"@cap	<http://ids.clld.org/values/20-410-270-1>		<http://ids.clld.org/parameters/20-410>		<http://ids.clld.org/values/20-410-198-1>		"apvārēsnan"@prg	
"laxč-a"@cap	<http://ids.clld.org/values/12-570-270-1>		<http://ids.clld.org/parameters/12-570>		<http://ids.clld.org/values/12-570-198-1>		"ilga"@prg	
"[ora]"@cap	<http://ids.clld.org/values/14-510-270-1>		<http://ids.clld.org/parameters/14-510>		<http://ids.clld.org/values/14-510-198-1>		"stúndiks"@prg	
"moḳ-š"@cap	<http://ids.clld.org/values/9-160-270-1>		<http://ids.clld.org/parameters/9-160>		<http://ids.clld.org/values/9-160-198-1>		"perréist"@prg	
"wiruɲ"@cap	<http://ids.clld.org/values/12-10-270-3>		<http://ids.clld.org/parameters/12-10>		<http://ids.clld.org/values/12-10-198-1>		"pā"@prg	
"ḳuš"@cap	<http://ids.clld.org/values/4-440-270-1>		<http://ids.clld.org/parameters/4-440>		<http://ids.clld.org/values/4-440-198-1>		"sēr"@prg	
"čuwa"@cap	<http://ids.clld.org/values/5-310-270-1>		<http://ids.clld.org/parameters/5-310>		<http://ids.clld.org/values/5-310-198-1>		"minzavē"@prg	
"šiš"@cap	<http://ids.clld.org/values/17-170-270-3>		<http://ids.clld.org/parameters/17-170>		<http://ids.clld.org/values/17-170-198-1>		"vaist"@prg	
"ḳoštan"@cap	<http://ids.clld.org/values/12-30-270-1>		<http://ids.clld.org/parameters/12-30>		<http://ids.clld.org/values/12-30-198-1>		"zemai"@prg	
"lʸaxa"@cap	<http://ids.clld.org/values/4-850-270-3>		<http://ids.clld.org/parameters/4-850>		<http://ids.clld.org/values/4-850-198-1>		"eizvā"@prg	
"kˀolta"@cap	<http://ids.clld.org/values/8-170-270-1>		<http://ids.clld.org/parameters/8-170>		<http://ids.clld.org/values/8-170-198-1>		"ravis"@prg	
"pˀiš"@cap	<http://ids.clld.org/values/2-261-270-1>		<http://ids.clld.org/parameters/2-261>		<http://ids.clld.org/values/2-261-198-1>		"mergā"@prg	
"non-š"@cap	<http://ids.clld.org/values/15-410-270-1>		<http://ids.clld.org/parameters/15-410>		<http://ids.clld.org/values/15-410-198-3>		"klausītun"@prg	
"non-š"@cap	<http://ids.clld.org/values/15-410-270-1>		<http://ids.clld.org/parameters/15-410>		<http://ids.clld.org/values/15-410-198-1>		"kirdē̈t[vei]"@prg	
"tʰon-š"@cap	<http://ids.clld.org/values/10-480-270-1>		<http://ids.clld.org/parameters/10-480>		<http://ids.clld.org/values/10-480-198-1>		"peréit"@prg	
"puxu"@cap	<http://ids.clld.org/values/1-360-270-1>		<http://ids.clld.org/parameters/1-360>		<http://ids.clld.org/values/1-360-198-1>		"apē"@prg	
"yuxk"@cap	<http://ids.clld.org/values/4-204-270-1>		<http://ids.clld.org/parameters/4-204>		<http://ids.clld.org/values/4-204-198-1>		"prusnas"@prg	
"c̷ʰayi"@cap	<http://ids.clld.org/values/6-570-270-1>		<http://ids.clld.org/parameters/6-570>		<http://ids.clld.org/values/6-570-198-1>		"savinzlē"@prg	
"waxt-"@cap	<http://ids.clld.org/values/11-320-270-1>		<http://ids.clld.org/parameters/11-320>		<http://ids.clld.org/values/11-320-198-1>		"aupala"@prg	
"č̣ara"@cap	<http://ids.clld.org/values/1-440-270-1>		<http://ids.clld.org/parameters/1-440>		<http://ids.clld.org/values/1-440-198-1>		"stabis"@prg	
"lʸaki"@cap	<http://ids.clld.org/values/16-310-270-1>		<http://ids.clld.org/parameters/16-310>		<http://ids.clld.org/values/16-310-198-1>		"gulsenin"@prg	
"[tistiku]"@cap	<http://ids.clld.org/values/21-230-270-1>		<http://ids.clld.org/parameters/21-230>		<http://ids.clld.org/values/21-230-198-1>		"vīdikausnan"@prg	
"kuš-"@cap	<http://ids.clld.org/values/16-110-270-1>		<http://ids.clld.org/parameters/16-110>		<http://ids.clld.org/values/16-110-198-1>		"nāseilis"@prg	
"nuk-ta"@cap	<http://ids.clld.org/values/12-550-270-3>		<http://ids.clld.org/parameters/12-550>		<http://ids.clld.org/values/12-550-198-1>		"debīkan"@prg	
"pača (?)"@cap	<http://ids.clld.org/values/1-510-270-3>		<http://ids.clld.org/parameters/1-510>		<http://ids.clld.org/values/1-510-198-1>		"dangus"@prg	
"lʸiwx lʸiwxɲi"@cap	<http://ids.clld.org/values/1-550-270-1>		<http://ids.clld.org/parameters/1-550>		<http://ids.clld.org/values/1-550-198-1>		"mēldē"@prg	
"non-š"@cap	<http://ids.clld.org/values/12-120-270-1>		<http://ids.clld.org/parameters/12-120>		<http://ids.clld.org/values/12-120-198-1>		"lazinā"@prg	
"iṣ̌-ḳe"@cap	<http://ids.clld.org/values/4-270-270-1>		<http://ids.clld.org/parameters/4-270>		<http://ids.clld.org/values/4-270-198-1>		"dantis"@prg	
"wiruɲa"@cap	<http://ids.clld.org/values/12-10-270-5>		<http://ids.clld.org/parameters/12-10>		<http://ids.clld.org/values/12-10-198-1>		"pā"@prg	
"šerwi"@cap	<http://ids.clld.org/values/4-770-270-1>		<http://ids.clld.org/parameters/4-770>		<http://ids.clld.org/values/4-770-198-1>		"nāvis"@prg	
"č̣ʰoxri"@cap	<http://ids.clld.org/values/4-441-270-1>		<http://ids.clld.org/parameters/4-441>		<http://ids.clld.org/values/4-441-198-1>		"plauti"@prg	
"kʰi-"@cap	<http://ids.clld.org/values/18-220-270-1>		<http://ids.clld.org/parameters/18-220>		<http://ids.clld.org/values/18-220-198-1>		"bilēt[vei]"@prg	
"čʰepultan"@cap	<http://ids.clld.org/values/13-420-270-1>		<http://ids.clld.org/parameters/13-420>		<http://ids.clld.org/values/13-420-198-1>		"tírt[a]s"@prg	
"pʰeta"@cap	<http://ids.clld.org/values/12-850-270-1>		<http://ids.clld.org/parameters/12-850>		<http://ids.clld.org/values/12-850-198-1>		"dulzis"@prg	
"tukušin-"@cap	<http://ids.clld.org/values/14-260-270-1>		<http://ids.clld.org/parameters/14-260>		<http://ids.clld.org/values/14-260-198-1>		"vangan"@prg	
"oxḳ-"@cap	<http://ids.clld.org/values/10-450-270-1>		<http://ids.clld.org/parameters/10-450>		<http://ids.clld.org/values/10-450-198-1>		"neikaut"@prg	
"ḳʰuri"@cap	<http://ids.clld.org/values/9-690-270-1>		<http://ids.clld.org/parameters/9-690>		<http://ids.clld.org/values/9-690-198-1>		"skarstis"@prg	
"anaḳš"@cap	<http://ids.clld.org/values/12-230-270-1>		<http://ids.clld.org/parameters/12-230>		<http://ids.clld.org/values/12-230-198-1>		"sklaitint"@prg	
"tʰišin-š"@cap	<http://ids.clld.org/values/10-110-270-3>		<http://ids.clld.org/parameters/10-110>		<http://ids.clld.org/values/10-110-198-1>		"pabanginuns"@prg	
"ṣ̌up"@cap	<http://ids.clld.org/values/1-880-270-1>		<http://ids.clld.org/parameters/1-880>		<http://ids.clld.org/values/1-880-198-1>		"malkā"@prg	
"ḳiti"@cap	<http://ids.clld.org/values/3-740-270-1>		<http://ids.clld.org/parameters/3-740>		<http://ids.clld.org/values/3-740-198-1>		"lapē"@prg	
"atipš"@cap	<http://ids.clld.org/values/10-510-270-1>		<http://ids.clld.org/parameters/10-510>		<http://ids.clld.org/values/10-510-198-1>		"begaite"@prg	
"šḳiši"@cap	<http://ids.clld.org/values/6-290-270-1>		<http://ids.clld.org/parameters/6-290>		<http://ids.clld.org/values/6-290-198-1>		"nōgnan"@prg	
"miskˀi"@cap	<http://ids.clld.org/values/5-840-270-1>		<http://ids.clld.org/parameters/5-840>		<http://ids.clld.org/values/5-840-198-1>		"medu"@prg	
"xila"@cap	<http://ids.clld.org/values/11-880-270-1>		<http://ids.clld.org/parameters/11-880>		<http://ids.clld.org/values/11-880-198-1>		"témpran"@prg	
"ker-"@cap	<http://ids.clld.org/values/2-230-270-1>		<http://ids.clld.org/parameters/2-230>		<http://ids.clld.org/values/2-230-198-1>		"vīrs"@prg	
"yuxk latu"@cap	<http://ids.clld.org/values/4-208-270-1>		<http://ids.clld.org/parameters/4-208>		<http://ids.clld.org/values/4-208-198-1>		"laiknan"@prg	
