"lomi"@cap	<http://ids.clld.org/values/4-560-270-3>		<http://ids.clld.org/parameters/4-560>		<http://ids.clld.org/values/4-560-232-3>		"'ḳāʔ"@cjh	
"lomi"@cap	<http://ids.clld.org/values/4-560-270-3>		<http://ids.clld.org/parameters/4-560>		<http://ids.clld.org/values/4-560-232-1>		"'təχʷs-"@cjh	
"wiri"@cap	<http://ids.clld.org/values/4-464-270-1>		<http://ids.clld.org/parameters/4-464>		<http://ids.clld.org/values/4-464-232-1>		"'χʷum-"@cjh	
"ḳx̣ara"@cap	<http://ids.clld.org/values/4-392-270-1>		<http://ids.clld.org/parameters/4-392>		<http://ids.clld.org/values/4-392-232-1>		"tɬˀə'ḳˀali-"@cjh	
"tik-š"@cap	<http://ids.clld.org/values/4-750-270-1>		<http://ids.clld.org/parameters/4-750>		<http://ids.clld.org/values/4-750-232-1>		"'ʔatmin-"@cjh	
"kʰuɲi"@cap	<http://ids.clld.org/values/4-220-270-1>		<http://ids.clld.org/parameters/4-220>		<http://ids.clld.org/values/4-220-232-1>		"ḳʷˀal-"@cjh	
"pʰaši"@cap	<http://ids.clld.org/values/4-393-270-1>		<http://ids.clld.org/parameters/4-393>		<http://ids.clld.org/values/4-393-232-1>		"'tˀuḳʷ-"@cjh	
"čʰinš-ḳiši"@cap	<http://ids.clld.org/values/7-422-270-1>		<http://ids.clld.org/parameters/7-422>		<http://ids.clld.org/values/7-422-232-1>		"'ɬaχɬin-"@cjh	
"oša"@cap	<http://ids.clld.org/values/4-230-270-1>		<http://ids.clld.org/parameters/4-230>		<http://ids.clld.org/values/4-230-232-1>		"'məḳsin-"@cjh	
"owa"@cap	<http://ids.clld.org/values/4-360-270-1>		<http://ids.clld.org/parameters/4-360>		<http://ids.clld.org/values/4-360-232-1>		"ta'nˀis-"@cjh	
"alax̣a"@cap	<http://ids.clld.org/values/13-330-270-1>		<http://ids.clld.org/parameters/13-330>		<http://ids.clld.org/values/13-330-232-1>		"'ʔuc̷ˀs"@cjh	
"is-ɲi"@cap	<http://ids.clld.org/values/4-344-270-1>		<http://ids.clld.org/parameters/4-344>		<http://ids.clld.org/values/4-344-232-1>		"pap-"@cjh	
"arax̣pača"@cap	<http://ids.clld.org/values/1-510-270-1>		<http://ids.clld.org/parameters/1-510>		<http://ids.clld.org/values/1-510-232-1>		"ɬt-"@cjh	
"tom-š"@cap	<http://ids.clld.org/values/11-620-270-3>		<http://ids.clld.org/parameters/11-620>		<http://ids.clld.org/values/11-620-232-1>		"'čōyaʔ"@cjh	
"xaktat-"@cap	<http://ids.clld.org/values/18-450-270-1>		<http://ids.clld.org/parameters/18-450>		<http://ids.clld.org/values/18-450-232-1>		"'c̷əp-"@cjh	
"ḳoši"@cap	<http://ids.clld.org/values/12-340-270-1>		<http://ids.clld.org/parameters/12-340>		<http://ids.clld.org/values/12-340-232-1>		"'nuw-"@cjh	
"xorxorɲi"@cap	<http://ids.clld.org/values/1-560-270-1>		<http://ids.clld.org/parameters/1-560>		<http://ids.clld.org/values/1-560-232-1>		"'tuḳʷ-"@cjh	
"ṣ̌ḳon-š"@cap	<http://ids.clld.org/values/4-660-270-1>		<http://ids.clld.org/parameters/4-660>		<http://ids.clld.org/values/4-660-232-1>		"'c̷ˀəm-"@cjh	
"ṣ̌ḳon-š"@cap	<http://ids.clld.org/values/4-660-270-1>		<http://ids.clld.org/parameters/4-660>		<http://ids.clld.org/values/4-660-232-3>		"mə'nač-"@cjh	
"lokˀana"@cap	<http://ids.clld.org/values/4-340-270-1>		<http://ids.clld.org/parameters/4-340>		<http://ids.clld.org/values/4-340-232-1>		"ɬa'χay-"@cjh	
"šuču"@cap	<http://ids.clld.org/values/4-940-270-1>		<http://ids.clld.org/parameters/4-940>		<http://ids.clld.org/values/4-940-232-1>		"'ḳˀāχi-"@cjh	
"xayra"@cap	<http://ids.clld.org/values/4-920-270-1>		<http://ids.clld.org/parameters/4-920>		<http://ids.clld.org/values/4-920-232-1>		"'c̷uχʷum-"@cjh	
"otš"@cap	<http://ids.clld.org/values/4-910-270-1>		<http://ids.clld.org/parameters/4-910>		<http://ids.clld.org/values/4-910-232-1>		"'xʷən-"@cjh	
"xex-s"@cap	<http://ids.clld.org/values/4-912-270-1>		<http://ids.clld.org/parameters/4-912>		<http://ids.clld.org/values/4-912-232-1>		"'naɬa-"@cjh	
"ṣ̌ḳeti"@cap	<http://ids.clld.org/values/1-830-270-1>		<http://ids.clld.org/parameters/1-830>		<http://ids.clld.org/values/1-830-232-1>		"'ḳʷōʔ"@cjh	
"ṣ̌ḳeti"@cap	<http://ids.clld.org/values/1-830-270-1>		<http://ids.clld.org/parameters/1-830>		<http://ids.clld.org/values/1-830-232-3>		"'ḳʷˀuχʷ-"@cjh	
"kʰuɲ-lapʰi"@cap	<http://ids.clld.org/values/4-221-270-1>		<http://ids.clld.org/parameters/4-221>		<http://ids.clld.org/values/4-221-232-1>		"'liχ-"@cjh	
"ik-"@cap	<http://ids.clld.org/values/4-730-270-1>		<http://ids.clld.org/parameters/4-730>		<http://ids.clld.org/values/4-730-232-1>		"'nəxʷ-"@cjh	
"axpš"@cap	<http://ids.clld.org/values/7-420-270-1>		<http://ids.clld.org/parameters/7-420>		<http://ids.clld.org/values/7-420-232-1>		"c̷ə'kʷi-"@cjh	
"para"@cap	<http://ids.clld.org/values/1-430-270-1>		<http://ids.clld.org/parameters/1-430>		<http://ids.clld.org/values/1-430-232-1>		"'tɬˀəš-tɬˀaš-"@cjh	
"šapa"@cap	<http://ids.clld.org/values/13-140-270-3>		<http://ids.clld.org/parameters/13-140>		<http://ids.clld.org/values/13-140-232-1>		"ḳˀa-"@cjh	
"c̷eeku"@cap	<http://ids.clld.org/values/12-80-270-1>		<http://ids.clld.org/parameters/12-80>		<http://ids.clld.org/values/12-80-232-1>		"'tɬˀukʷˀ"@cjh	
"ḳx̣oxča"@cap	<http://ids.clld.org/values/4-370-270-1>		<http://ids.clld.org/parameters/4-370>		<http://ids.clld.org/values/4-370-232-3>		"'tawˀ"@cjh	
"ḳx̣oxča"@cap	<http://ids.clld.org/values/4-370-270-1>		<http://ids.clld.org/parameters/4-370>		<http://ids.clld.org/values/4-370-232-1>		"'c̷ulis-"@cjh	
"kˀoru"@cap	<http://ids.clld.org/values/5-330-270-1>		<http://ids.clld.org/parameters/5-330>		<http://ids.clld.org/values/5-330-232-1>		"c̷ə'kʷi-"@cjh	
"anča šuma"@cap	<http://ids.clld.org/values/16-810-270-1>		<http://ids.clld.org/parameters/16-810>		<http://ids.clld.org/values/16-810-232-1>		"'ʔəy"@cjh	
"ḳˀalapača"@cap	<http://ids.clld.org/values/4-990-270-1>		<http://ids.clld.org/parameters/4-990>		<http://ids.clld.org/values/4-990-232-1>		"mə'ləχʷ-"@cjh	
"pʰalanš"@cap	<http://ids.clld.org/values/4-550-270-1>		<http://ids.clld.org/parameters/4-550>		<http://ids.clld.org/values/4-550-232-1>		"'χʷəl-"@cjh	
"xexa"@cap	<http://ids.clld.org/values/4-510-270-3>		<http://ids.clld.org/parameters/4-510>		<http://ids.clld.org/values/4-510-232-3>		"'ḳama-"@cjh	
"xexa"@cap	<http://ids.clld.org/values/4-510-270-3>		<http://ids.clld.org/parameters/4-510>		<http://ids.clld.org/values/4-510-232-1>		"tɬˀə'ḳi-"@cjh	
"šḳiši"@cap	<http://ids.clld.org/values/4-120-270-1>		<http://ids.clld.org/parameters/4-120>		<http://ids.clld.org/values/4-120-232-1>		"tɬˀ'ʔičɬ-"@cjh	
"laači"@cap	<http://ids.clld.org/values/4-840-270-5>		<http://ids.clld.org/parameters/4-840>		<http://ids.clld.org/values/4-840-232-3>		"'tač"@cjh	
"laači"@cap	<http://ids.clld.org/values/4-840-270-5>		<http://ids.clld.org/parameters/4-840>		<http://ids.clld.org/values/4-840-232-1>		"'ɬəčˀ"@cjh	
"laači"@cap	<http://ids.clld.org/values/4-840-270-5>		<http://ids.clld.org/parameters/4-840>		<http://ids.clld.org/values/4-840-232-5>		"χaw-"@cjh	
"tˀanta paa-"@cap	<http://ids.clld.org/values/5-240-270-1>		<http://ids.clld.org/parameters/5-240>		<http://ids.clld.org/values/5-240-232-3>		"c̷ˀa'χʷasi-"@cjh	
"tˀanta paa-"@cap	<http://ids.clld.org/values/5-240-270-1>		<http://ids.clld.org/parameters/5-240>		<http://ids.clld.org/values/5-240-232-1>		"'ʔac̷aḳʷi-"@cjh	
"ux parasa"@cap	<http://ids.clld.org/values/1-841-270-1>		<http://ids.clld.org/parameters/1-841>		<http://ids.clld.org/values/1-841-232-1>		"'ḳʷˀaɬ-"@cjh	
"pʰuč"@cap	<http://ids.clld.org/values/4-460-270-1>		<http://ids.clld.org/parameters/4-460>		<http://ids.clld.org/values/4-460-232-1>		"'tɬˀač"@cjh	
"pʰuč"@cap	<http://ids.clld.org/values/4-460-270-1>		<http://ids.clld.org/parameters/4-460>		<http://ids.clld.org/values/4-460-232-3>		"'kʷˀasin-"@cjh	
"pʰuč"@cap	<http://ids.clld.org/values/4-460-270-1>		<http://ids.clld.org/parameters/4-460>		<http://ids.clld.org/values/4-460-232-5>		"'tawˀ"@cjh	
"tukita"@cap	<http://ids.clld.org/values/12-40-270-3>		<http://ids.clld.org/parameters/12-40>		<http://ids.clld.org/values/12-40-232-1>		"'c̷əni"@cjh	
"asḳara"@cap	<http://ids.clld.org/values/4-301-270-1>		<http://ids.clld.org/parameters/4-301>		<http://ids.clld.org/values/4-301-232-3>		"'čǣ"@cjh	
"asḳara"@cap	<http://ids.clld.org/values/4-301-270-1>		<http://ids.clld.org/parameters/4-301>		<http://ids.clld.org/values/4-301-232-1>		"'šawˀ"@cjh	
"tˀiri"@cap	<http://ids.clld.org/values/4-858-270-1>		<http://ids.clld.org/parameters/4-858>		<http://ids.clld.org/values/4-858-232-1>		"'ɬumi-"@cjh	
"maxt-š"@cap	<http://ids.clld.org/values/4-720-270-1>		<http://ids.clld.org/parameters/4-720>		<http://ids.clld.org/values/4-720-232-1>		"'manˀ"@cjh	
"šiwš"@cap	<http://ids.clld.org/values/1-630-270-1>		<http://ids.clld.org/parameters/1-630>		<http://ids.clld.org/values/1-630-232-3>		"ḳaḳ-"@cjh	
"šiwš"@cap	<http://ids.clld.org/values/1-630-270-1>		<http://ids.clld.org/parameters/1-630>		<http://ids.clld.org/values/1-630-232-1>		"'taḳa-"@cjh	
"aš-"@cap	<http://ids.clld.org/values/16-450-270-1>		<http://ids.clld.org/parameters/16-450>		<http://ids.clld.org/values/16-450-232-1>		"'sixʷi-"@cjh	
"tʰup-"@cap	<http://ids.clld.org/values/4-580-270-1>		<http://ids.clld.org/parameters/4-580>		<http://ids.clld.org/values/4-580-232-1>		"'tˀəkʷˀ-"@cjh	
"keka"@cap	<http://ids.clld.org/values/4-400-270-1>		<http://ids.clld.org/parameters/4-400>		<http://ids.clld.org/values/4-400-232-1>		"'taχʷac̷-"@cjh	
"kon-"@cap	<http://ids.clld.org/values/4-760-270-1>		<http://ids.clld.org/parameters/4-760>		<http://ids.clld.org/values/4-760-232-1>		"'tixʷni-"@cjh	
"tʰupi"@cap	<http://ids.clld.org/values/4-810-270-3>		<http://ids.clld.org/parameters/4-810>		<http://ids.clld.org/values/4-810-232-1>		"'c̷ˀəp"@cjh	
"oša"@cap	<http://ids.clld.org/values/4-232-270-1>		<http://ids.clld.org/parameters/4-232>		<http://ids.clld.org/values/4-232-232-1>		"'tˀəp-"@cjh	
"tʰuu-š"@cap	<http://ids.clld.org/values/4-853-270-1>		<http://ids.clld.org/parameters/4-853>		<http://ids.clld.org/values/4-853-232-1>		"pu'su-"@cjh	
"ṣ̌katṣ̌in-š"@cap	<http://ids.clld.org/values/10-560-270-1>		<http://ids.clld.org/parameters/10-560>		<http://ids.clld.org/values/10-560-232-1>		"'yač-"@cjh	
"kx̣ana"@cap	<http://ids.clld.org/values/1-610-270-1>		<http://ids.clld.org/parameters/1-610>		<http://ids.clld.org/values/1-610-232-1>		"ḳə'ləχ-"@cjh	
"čʰišwi"@cap	<http://ids.clld.org/values/4-130-270-1>		<http://ids.clld.org/parameters/4-130>		<http://ids.clld.org/values/4-130-232-1>		"'šic̷-"@cjh	
"malaḳa"@cap	<http://ids.clld.org/values/2-520-270-5>		<http://ids.clld.org/parameters/2-520>		<http://ids.clld.org/values/2-520-232-1>		"'kʷəɬuʔ-"@cjh	
"ṣ̌awx-"@cap	<http://ids.clld.org/values/16-420-270-3>		<http://ids.clld.org/parameters/16-420>		<http://ids.clld.org/values/16-420-232-1>		"ḳə'ɬəχ"@cjh	
"pekun-š"@cap	<http://ids.clld.org/values/18-310-270-3>		<http://ids.clld.org/parameters/18-310>		<http://ids.clld.org/values/18-310-232-1>		"'sawla-"@cjh	
"xanči"@cap	<http://ids.clld.org/values/4-110-270-1>		<http://ids.clld.org/parameters/4-110>		<http://ids.clld.org/values/4-110-232-1>		"'nawa-"@cjh	
"kera"@cap	<http://ids.clld.org/values/1-710-270-1>		<http://ids.clld.org/parameters/1-710>		<http://ids.clld.org/values/1-710-232-1>		"tɬˀə'ḳi-"@cjh	
"munti"@cap	<http://ids.clld.org/values/8-600-270-1>		<http://ids.clld.org/parameters/8-600>		<http://ids.clld.org/values/8-600-232-1>		"'tɬˀəš"@cjh	
"munti"@cap	<http://ids.clld.org/values/8-600-270-1>		<http://ids.clld.org/parameters/8-600>		<http://ids.clld.org/values/8-600-232-3>		"tɬˀaš-"@cjh	
"tax"@cap	<http://ids.clld.org/values/4-190-270-1>		<http://ids.clld.org/parameters/4-190>		<http://ids.clld.org/values/4-190-232-1>		"'ɬawl-"@cjh	
"ḳʰup"@cap	<http://ids.clld.org/values/1-840-270-1>		<http://ids.clld.org/parameters/1-840>		<http://ids.clld.org/values/1-840-232-1>		"ḳʷˀə'li-"@cjh	
"wex̣ru"@cap	<http://ids.clld.org/values/9-140-270-1>		<http://ids.clld.org/parameters/9-140>		<http://ids.clld.org/values/9-140-232-1>		"'puyi-"@cjh	
"ata"@cap	<http://ids.clld.org/values/4-240-270-1>		<http://ids.clld.org/parameters/4-240>		<http://ids.clld.org/values/4-240-232-1>		"ḳə'nuš-"@cjh	
"lʸixɲi"@cap	<http://ids.clld.org/values/15-570-270-1>		<http://ids.clld.org/parameters/15-570>		<http://ids.clld.org/values/15-570-232-1>		"ḳə'ləχ"@cjh	
"ipala"@cap	<http://ids.clld.org/values/2-520-270-1>		<http://ids.clld.org/parameters/2-520>		<http://ids.clld.org/values/2-520-232-1>		"'kʷəɬuʔ-"@cjh	
"atpulu"@cap	<http://ids.clld.org/values/4-250-270-1>		<http://ids.clld.org/parameters/4-250>		<http://ids.clld.org/values/4-250-232-1>		"kʷa'təl-"@cjh	
"ṣ̌eti"@cap	<http://ids.clld.org/values/4-740-270-3>		<http://ids.clld.org/parameters/4-740>		<http://ids.clld.org/values/4-740-232-1>		"pˀa'luxʷ"@cjh	
"ṣ̌eti"@cap	<http://ids.clld.org/values/4-740-270-3>		<http://ids.clld.org/parameters/4-740>		<http://ids.clld.org/values/4-740-232-3>		"'kʷaxʷ-"@cjh	
"kʰirma"@cap	<http://ids.clld.org/values/16-380-270-1>		<http://ids.clld.org/parameters/16-380>		<http://ids.clld.org/values/16-380-232-1>		"'ḳāʔ"@cjh	
"č̣ʰuxk ata"@cap	<http://ids.clld.org/values/4-213-270-1>		<http://ids.clld.org/parameters/4-213>		<http://ids.clld.org/values/4-213-232-1>		"'šic̷-"@cjh	
"warku"@cap	<http://ids.clld.org/values/10-830-270-1>		<http://ids.clld.org/parameters/10-830>		<http://ids.clld.org/values/10-830-232-1>		"'put"@cjh	
"laa"@cap	<http://ids.clld.org/values/4-840-270-3>		<http://ids.clld.org/parameters/4-840>		<http://ids.clld.org/values/4-840-232-3>		"'tač"@cjh	
"laa"@cap	<http://ids.clld.org/values/4-840-270-3>		<http://ids.clld.org/parameters/4-840>		<http://ids.clld.org/values/4-840-232-1>		"'ɬəčˀ"@cjh	
"laa"@cap	<http://ids.clld.org/values/4-840-270-3>		<http://ids.clld.org/parameters/4-840>		<http://ids.clld.org/values/4-840-232-5>		"χaw-"@cjh	
"ḳaši"@cap	<http://ids.clld.org/values/4-280-270-1>		<http://ids.clld.org/parameters/4-280>		<http://ids.clld.org/values/4-280-232-1>		"'χətɬˀ-"@cjh	
"pʰila"@cap	<http://ids.clld.org/values/1-215-270-1>		<http://ids.clld.org/parameters/1-215>		<http://ids.clld.org/values/1-215-232-1>		"c̷ˀa'χæʔs"@cjh	
"tˀušu"@cap	<http://ids.clld.org/values/4-352-270-1>		<http://ids.clld.org/parameters/4-352>		<http://ids.clld.org/values/4-352-232-1>		"'ʔaw-"@cjh	
"kama"@cap	<http://ids.clld.org/values/13-330-270-3>		<http://ids.clld.org/parameters/13-330>		<http://ids.clld.org/values/13-330-232-1>		"'ʔuc̷ˀs"@cjh	
"eḳš"@cap	<http://ids.clld.org/values/16-530-270-3>		<http://ids.clld.org/parameters/16-530>		<http://ids.clld.org/values/16-530-232-1>		"ḳʷa'nu-"@cjh	
"iš"@cap	<http://ids.clld.org/values/4-670-270-3>		<http://ids.clld.org/parameters/4-670>		<http://ids.clld.org/values/4-670-232-3>		"'yōmi-"@cjh	
"iš"@cap	<http://ids.clld.org/values/4-670-270-3>		<http://ids.clld.org/parameters/4-670>		<http://ids.clld.org/values/4-670-232-1>		"c̷a'kʷu-"@cjh	
"č̣ʰuxkc̷ems"@cap	<http://ids.clld.org/values/4-214-270-1>		<http://ids.clld.org/parameters/4-214>		<http://ids.clld.org/values/4-214-232-1>		"'c̷ˀipxʷ-"@cjh	
"c̷ʰii [latu]"@cap	<http://ids.clld.org/values/12-20-270-1>		<http://ids.clld.org/parameters/12-20>		<http://ids.clld.org/values/12-20-232-1>		"'pˀən-"@cjh	
"ḳʰaš"@cap	<http://ids.clld.org/values/1-310-270-1>		<http://ids.clld.org/parameters/1-310>		<http://ids.clld.org/values/1-310-232-1>		"'ḳāʔ"@cjh	
"šḳala"@cap	<http://ids.clld.org/values/1-230-270-1>		<http://ids.clld.org/parameters/1-230>		<http://ids.clld.org/values/1-230-232-1>		"'maḳʷam-"@cjh	
"ikš"@cap	<http://ids.clld.org/values/4-470-270-1>		<http://ids.clld.org/parameters/4-470>		<http://ids.clld.org/values/4-470-232-1>		"'manˀ"@cjh	
"ux tʰoxtan-š"@cap	<http://ids.clld.org/values/16-780-270-1>		<http://ids.clld.org/parameters/16-780>		<http://ids.clld.org/values/16-780-232-1>		"'ɬun-"@cjh	
"lokˀana"@cap	<http://ids.clld.org/values/4-380-270-1>		<http://ids.clld.org/parameters/4-380>		<http://ids.clld.org/values/4-380-232-1>		"šɬč'tunway-"@cjh	
"x̣oran-š"@cap	<http://ids.clld.org/values/4-612-270-1>		<http://ids.clld.org/parameters/4-612>		<http://ids.clld.org/values/4-612-232-1>		"'χʷōlan-"@cjh	
"šara"@cap	<http://ids.clld.org/values/4-145-270-1>		<http://ids.clld.org/parameters/4-145>		<http://ids.clld.org/values/4-145-232-1>		"'kʷˀans"@cjh	
"uyi"@cap	<http://ids.clld.org/values/1-770-270-1>		<http://ids.clld.org/parameters/1-770>		<http://ids.clld.org/values/1-770-232-1>		"ḳˀa'xʷa-"@cjh	
"xaru"@cap	<http://ids.clld.org/values/15-370-270-1>		<http://ids.clld.org/parameters/15-370>		<http://ids.clld.org/values/15-370-232-1>		"'tɬˀəɬ"@cjh	
"ḳˀala"@cap	<http://ids.clld.org/values/4-990-270-3>		<http://ids.clld.org/parameters/4-990>		<http://ids.clld.org/values/4-990-232-1>		"mə'ləχʷ-"@cjh	
"tx̣ax̣-"@cap	<http://ids.clld.org/values/4-610-270-1>		<http://ids.clld.org/parameters/4-610>		<http://ids.clld.org/values/4-610-232-1>		"'mˀus-"@cjh	
"wilta"@cap	<http://ids.clld.org/values/14-350-270-1>		<http://ids.clld.org/parameters/14-350>		<http://ids.clld.org/values/14-350-232-1>		"'ɬeʔ"@cjh	
"tʰap-š"@cap	<http://ids.clld.org/values/1-851-270-3>		<http://ids.clld.org/parameters/1-851>		<http://ids.clld.org/values/1-851-232-3>		"'kəw-"@cjh	
"tʰap-š"@cap	<http://ids.clld.org/values/1-851-270-3>		<http://ids.clld.org/parameters/1-851>		<http://ids.clld.org/values/1-851-232-1>		"'ɬəχ-"@cjh	
"šxixk-š"@cap	<http://ids.clld.org/values/10-620-270-1>		<http://ids.clld.org/parameters/10-620>		<http://ids.clld.org/values/10-620-232-1>		"'tˀul-"@cjh	
"čula"@cap	<http://ids.clld.org/values/2-280-270-1>		<http://ids.clld.org/parameters/2-280>		<http://ids.clld.org/values/2-280-232-1>		"ḳʷa'ya-"@cjh	
"ḳʰolx-š"@cap	<http://ids.clld.org/values/9-260-270-3>		<http://ids.clld.org/parameters/9-260>		<http://ids.clld.org/values/9-260-232-1>		"'χətɬˀ-"@cjh	
"čeḳʰinš"@cap	<http://ids.clld.org/values/4-680-270-1>		<http://ids.clld.org/parameters/4-680>		<http://ids.clld.org/values/4-680-232-1>		"'čˀən-"@cjh	
"munti-naka"@cap	<http://ids.clld.org/values/1-410-270-1>		<http://ids.clld.org/parameters/1-410>		<http://ids.clld.org/values/1-410-232-3>		"'yamac̷-"@cjh	
"munti-naka"@cap	<http://ids.clld.org/values/1-410-270-1>		<http://ids.clld.org/parameters/1-410>		<http://ids.clld.org/values/1-410-232-1>		"'χatɬˀ"@cjh	
"munti-naka"@cap	<http://ids.clld.org/values/1-410-270-1>		<http://ids.clld.org/parameters/1-410>		<http://ids.clld.org/values/1-410-232-5>		"χa'siɬšin-"@cjh	
"kʰixsinš"@cap	<http://ids.clld.org/values/4-854-270-1>		<http://ids.clld.org/parameters/4-854>		<http://ids.clld.org/values/4-854-232-1>		"'c̷ˀaḳa-"@cjh	
"tʰami"@cap	<http://ids.clld.org/values/1-720-270-1>		<http://ids.clld.org/parameters/1-720>		<http://ids.clld.org/values/1-720-232-1>		"'ɬəčiyaḳ-"@cjh	
"ṣ̌etḳat-"@cap	<http://ids.clld.org/values/4-860-270-1>		<http://ids.clld.org/parameters/4-860>		<http://ids.clld.org/values/4-860-232-1>		"'pəlxʷ-"@cjh	
"x̣ora"@cap	<http://ids.clld.org/values/4-290-270-1>		<http://ids.clld.org/parameters/4-290>		<http://ids.clld.org/values/4-290-232-1>		"'məḳʷˀ-"@cjh	
"šaxwi ~ šawxwi"@cap	<http://ids.clld.org/values/4-650-270-3>		<http://ids.clld.org/parameters/4-650>		<http://ids.clld.org/values/4-650-232-1>		"'xʷay"@cjh	
"tarš"@cap	<http://ids.clld.org/values/4-463-270-1>		<http://ids.clld.org/parameters/4-463>		<http://ids.clld.org/values/4-463-232-1>		"'čəm-"@cjh	
"[miši]"@cap	<http://ids.clld.org/values/3-620-270-1>		<http://ids.clld.org/parameters/3-620>		<http://ids.clld.org/values/3-620-232-1>		"'pišpiš"@cjh	
"lis"@cap	<http://ids.clld.org/values/4-350-270-1>		<http://ids.clld.org/parameters/4-350>		<http://ids.clld.org/values/4-350-232-1>		"'c̷ulis-"@cjh	
"ṣ̌epa"@cap	<http://ids.clld.org/values/9-760-270-1>		<http://ids.clld.org/parameters/9-760>		<http://ids.clld.org/values/9-760-232-1>		"'ḳāʔ"@cjh	
"ṣ̌et-š"@cap	<http://ids.clld.org/values/4-740-270-1>		<http://ids.clld.org/parameters/4-740>		<http://ids.clld.org/values/4-740-232-1>		"pˀa'luxʷ"@cjh	
"ṣ̌et-š"@cap	<http://ids.clld.org/values/4-740-270-1>		<http://ids.clld.org/parameters/4-740>		<http://ids.clld.org/values/4-740-232-3>		"'kʷaxʷ-"@cjh	
"maš"@cap	<http://ids.clld.org/values/1-440-270-3>		<http://ids.clld.org/parameters/1-440>		<http://ids.clld.org/values/1-440-232-1>		"pa'talan-"@cjh	
"maš"@cap	<http://ids.clld.org/values/1-440-270-3>		<http://ids.clld.org/parameters/1-440>		<http://ids.clld.org/values/1-440-232-3>		"'tawˀ"@cjh	
"maš"@cap	<http://ids.clld.org/values/1-440-270-3>		<http://ids.clld.org/parameters/1-440>		<http://ids.clld.org/values/1-440-232-5>		"'səwin-"@cjh	
"awxs"@cap	<http://ids.clld.org/values/4-690-270-1>		<http://ids.clld.org/parameters/4-690>		<http://ids.clld.org/values/4-690-232-1>		"'pˀǣχluwˀ"@cjh	
"c̷oḳ"@cap	<http://ids.clld.org/values/15-650-270-1>		<http://ids.clld.org/parameters/15-650>		<http://ids.clld.org/values/15-650-232-1>		"'nəḳ-"@cjh	
"ana šuma"@cap	<http://ids.clld.org/values/16-720-270-1>		<http://ids.clld.org/parameters/16-720>		<http://ids.clld.org/values/16-720-232-1>		"'χəs"@cjh	
"ḳuš"@cap	<http://ids.clld.org/values/10-610-270-1>		<http://ids.clld.org/parameters/10-610>		<http://ids.clld.org/values/10-610-232-1>		"'ʔam-"@cjh	
"is"@cap	<http://ids.clld.org/values/4-590-270-1>		<http://ids.clld.org/parameters/4-590>		<http://ids.clld.org/values/4-590-232-1>		"'tˀaḳʷa-"@cjh	
"šeši"@cap	<http://ids.clld.org/values/14-451-270-3>		<http://ids.clld.org/parameters/14-451>		<http://ids.clld.org/values/14-451-232-1>		"ɬu'kʷaɬ"@cjh	
"ḳʰaw-š"@cap	<http://ids.clld.org/values/18-410-270-1>		<http://ids.clld.org/parameters/18-410>		<http://ids.clld.org/values/18-410-232-1>		"'tˀəḳʷˀ-"@cjh	
"čara"@cap	<http://ids.clld.org/values/4-140-270-1>		<http://ids.clld.org/parameters/4-140>		<http://ids.clld.org/values/4-140-232-1>		"čˀə'sis-"@cjh	
"wiri"@cap	<http://ids.clld.org/values/12-10-270-1>		<http://ids.clld.org/parameters/12-10>		<http://ids.clld.org/values/12-10-232-1>		"'ʔaw-"@cjh	
"weṣ̌la"@cap	<http://ids.clld.org/values/3-581-270-1>		<http://ids.clld.org/parameters/3-581>		<http://ids.clld.org/values/3-581-232-1>		"'pēps-"@cjh	
"toɲi"@cap	<http://ids.clld.org/values/4-430-270-1>		<http://ids.clld.org/parameters/4-430>		<http://ids.clld.org/values/4-430-232-1>		"ma'čiwˀ"@cjh	
"irke irke"@cap	<http://ids.clld.org/values/4-170-270-1>		<http://ids.clld.org/parameters/4-170>		<http://ids.clld.org/values/4-170-232-1>		"wi'nawˀ"@cjh	
"oš-pʰeta"@cap	<http://ids.clld.org/values/4-231-270-1>		<http://ids.clld.org/parameters/4-231>		<http://ids.clld.org/values/4-231-232-1>		"lə'pəxʷ-"@cjh	
"ɲek-š"@cap	<http://ids.clld.org/values/4-670-270-1>		<http://ids.clld.org/parameters/4-670>		<http://ids.clld.org/values/4-670-232-3>		"'yōmi-"@cjh	
"ɲek-š"@cap	<http://ids.clld.org/values/4-670-270-1>		<http://ids.clld.org/parameters/4-670>		<http://ids.clld.org/values/4-670-232-1>		"c̷a'kʷu-"@cjh	
"paa-š"@cap	<http://ids.clld.org/values/9-440-270-1>		<http://ids.clld.org/parameters/9-440>		<http://ids.clld.org/values/9-440-232-1>		"ḳˀə'laχanˀ"@cjh	
"suri"@cap	<http://ids.clld.org/values/16-420-270-1>		<http://ids.clld.org/parameters/16-420>		<http://ids.clld.org/values/16-420-232-1>		"ḳə'ɬəχ"@cjh	
"[papila]"@cap	<http://ids.clld.org/values/18-560-270-1>		<http://ids.clld.org/parameters/18-560>		<http://ids.clld.org/values/18-560-232-1>		"['pipa]"@cjh	
"tʰam"@cap	<http://ids.clld.org/values/10-380-270-3>		<http://ids.clld.org/parameters/10-380>		<http://ids.clld.org/values/10-380-232-1>		"'puxʷi-"@cjh	
"munti"@cap	<http://ids.clld.org/values/1-420-270-1>		<http://ids.clld.org/parameters/1-420>		<http://ids.clld.org/values/1-420-232-1>		"'tɬˀəš-tɬˀaš-"@cjh	
"ṣ̌eti ṣ̌exl-"@cap	<http://ids.clld.org/values/4-830-270-3>		<http://ids.clld.org/parameters/4-830>		<http://ids.clld.org/values/4-830-232-1>		"'c̷ˀəp"@cjh	
"č̣oḳ ḳome"@cap	<http://ids.clld.org/values/4-351-270-1>		<http://ids.clld.org/parameters/4-351>		<http://ids.clld.org/values/4-351-232-1>		"'pˀən-"@cjh	
"kʰurš"@cap	<http://ids.clld.org/values/4-180-270-1>		<http://ids.clld.org/parameters/4-180>		<http://ids.clld.org/values/4-180-232-1>		"'sups-"@cjh	
"walu"@cap	<http://ids.clld.org/values/4-461-270-1>		<http://ids.clld.org/parameters/4-461>		<http://ids.clld.org/values/4-461-232-1>		"ḳˀə'yaχ-"@cjh	
"ux"@cap	<http://ids.clld.org/values/1-810-270-1>		<http://ids.clld.org/parameters/1-810>		<http://ids.clld.org/values/1-810-232-1>		"'ḳʷˀətˀ-"@cjh	
"xex-"@cap	<http://ids.clld.org/values/4-510-270-1>		<http://ids.clld.org/parameters/4-510>		<http://ids.clld.org/values/4-510-232-3>		"'ḳama-"@cjh	
"xex-"@cap	<http://ids.clld.org/values/4-510-270-1>		<http://ids.clld.org/parameters/4-510>		<http://ids.clld.org/values/4-510-232-1>		"tɬˀə'ḳi-"@cjh	
"čixɲi"@cap	<http://ids.clld.org/values/1-750-270-1>		<http://ids.clld.org/parameters/1-750>		<http://ids.clld.org/values/1-750-232-1>		"χa'silˀ"@cjh	
"pʰoma"@cap	<http://ids.clld.org/values/1-370-270-1>		<http://ids.clld.org/parameters/1-370>		<http://ids.clld.org/values/1-370-232-1>		"'c̷iḳʷi-"@cjh	
"pʰoma"@cap	<http://ids.clld.org/values/1-370-270-1>		<http://ids.clld.org/parameters/1-370>		<http://ids.clld.org/values/1-370-232-3>		"'ḳāʔ"@cjh	
"iṣ̌ḳe"@cap	<http://ids.clld.org/values/4-272-270-1>		<http://ids.clld.org/parameters/4-272>		<http://ids.clld.org/values/4-272-232-1>		"kʷˀa'ya-"@cjh	
"irš"@cap	<http://ids.clld.org/values/6-410-270-1>		<http://ids.clld.org/parameters/6-410>		<http://ids.clld.org/values/6-410-232-1>		"'lala"@cjh	
"c̷ʰix"@cap	<http://ids.clld.org/values/4-160-270-1>		<http://ids.clld.org/parameters/4-160>		<http://ids.clld.org/values/4-160-232-1>		"'šawˀ"@cjh	
"ḳulʸa"@cap	<http://ids.clld.org/values/4-880-270-1>		<http://ids.clld.org/parameters/4-880>		<http://ids.clld.org/values/4-880-232-1>		"ʔa'yōʔi-"@cjh	
"čiɲa"@cap	<http://ids.clld.org/values/3-591-270-1>		<http://ids.clld.org/parameters/3-591>		<http://ids.clld.org/values/3-591-232-1>		"wa'yəχ"@cjh	
"lxok"@cap	<http://ids.clld.org/values/4-150-270-1>		<http://ids.clld.org/parameters/4-150>		<http://ids.clld.org/values/4-150-232-1>		"ḳʷi'li(m)-"@cjh	
"c̷xiri"@cap	<http://ids.clld.org/values/1-730-270-1>		<http://ids.clld.org/parameters/1-730>		<http://ids.clld.org/values/1-730-232-3>		"ti'pi-"@cjh	
"c̷xiri"@cap	<http://ids.clld.org/values/1-730-270-1>		<http://ids.clld.org/parameters/1-730>		<http://ids.clld.org/values/1-730-232-1>		"ɬt-"@cjh	
"lukmaxč"@cap	<http://ids.clld.org/values/2-250-270-1>		<http://ids.clld.org/parameters/2-250>		<http://ids.clld.org/values/2-250-232-1>		"ɬt-"@cjh	
"max̣ɲa"@cap	<http://ids.clld.org/values/14-451-270-1>		<http://ids.clld.org/parameters/14-451>		<http://ids.clld.org/values/14-451-232-1>		"ɬu'kʷaɬ"@cjh	
"čaxʷkšmari"@cap	<http://ids.clld.org/values/4-342-270-1>		<http://ids.clld.org/parameters/4-342>		<http://ids.clld.org/values/4-342-232-1>		"šɬč'tunway-"@cjh	
"ḳʰatɲi"@cap	<http://ids.clld.org/values/1-760-270-1>		<http://ids.clld.org/parameters/1-760>		<http://ids.clld.org/values/1-760-232-1>		"'ɬaḳʷˀ-"@cjh	
"tik-č̣a"@cap	<http://ids.clld.org/values/4-750-270-3>		<http://ids.clld.org/parameters/4-750>		<http://ids.clld.org/values/4-750-232-1>		"'ʔatmin-"@cjh	
"[krii-]"@cap	<http://ids.clld.org/values/17-150-270-1>		<http://ids.clld.org/parameters/17-150>		<http://ids.clld.org/values/17-150-232-1>		"'c̷un"@cjh	
"ḳʰixški"@cap	<http://ids.clld.org/values/4-492-270-1>		<http://ids.clld.org/parameters/4-492>		<http://ids.clld.org/values/4-492-232-1>		"'pəlḳ-"@cjh	
"č̣ʰuxki"@cap	<http://ids.clld.org/values/4-210-270-1>		<http://ids.clld.org/parameters/4-210>		<http://ids.clld.org/values/4-210-232-1>		"'tawˀ"@cjh	
"čʰoxritš"@cap	<http://ids.clld.org/values/4-850-270-1>		<http://ids.clld.org/parameters/4-850>		<http://ids.clld.org/values/4-850-232-1>		"'ḳʷˀāli-"@cjh	
"čʰoxritš"@cap	<http://ids.clld.org/values/4-850-270-1>		<http://ids.clld.org/parameters/4-850>		<http://ids.clld.org/values/4-850-232-5>		"'c̷ˀaḳa-"@cjh	
"čʰoxritš"@cap	<http://ids.clld.org/values/4-850-270-1>		<http://ids.clld.org/parameters/4-850>		<http://ids.clld.org/values/4-850-232-3>		"c̷ˀa'weʔ-"@cjh	
"-tʰuuči"@cap	<http://ids.clld.org/values/4-853-270-3>		<http://ids.clld.org/parameters/4-853>		<http://ids.clld.org/values/4-853-232-1>		"pu'su-"@cjh	
"lxoḳxi"@cap	<http://ids.clld.org/values/1-350-270-1>		<http://ids.clld.org/parameters/1-350>		<http://ids.clld.org/values/1-350-232-1>		"'ʔamaniʔ"@cjh	
"aya"@cap	<http://ids.clld.org/values/4-205-270-1>		<http://ids.clld.org/parameters/4-205>		<http://ids.clld.org/values/4-205-232-1>		"'pukʷis-"@cjh	
"tuki"@cap	<http://ids.clld.org/values/12-40-270-1>		<http://ids.clld.org/parameters/12-40>		<http://ids.clld.org/values/12-40-232-1>		"'c̷əni"@cjh	
"x̣ʷaxrš"@cap	<http://ids.clld.org/values/9-260-270-1>		<http://ids.clld.org/parameters/9-260>		<http://ids.clld.org/values/9-260-232-1>		"'χətɬˀ-"@cjh	
"ḳʰay-š"@cap	<http://ids.clld.org/values/11-810-270-1>		<http://ids.clld.org/parameters/11-810>		<http://ids.clld.org/values/11-810-232-1>		"'ɬəḳʷ-"@cjh	
"kuru"@cap	<http://ids.clld.org/values/1-220-270-1>		<http://ids.clld.org/parameters/1-220>		<http://ids.clld.org/values/1-220-232-1>		"'maniči-"@cjh	
"kuru"@cap	<http://ids.clld.org/values/1-220-270-1>		<http://ids.clld.org/parameters/1-220>		<http://ids.clld.org/values/1-220-232-3>		"'məkʷˀ-"@cjh	
"č̣ˀuxlɲi"@cap	<http://ids.clld.org/values/4-841-270-1>		<http://ids.clld.org/parameters/4-841>		<http://ids.clld.org/values/4-841-232-1>		"χʷa'lāʔ"@cjh	
"kʰuxc̷"@cap	<http://ids.clld.org/values/4-320-270-1>		<http://ids.clld.org/parameters/4-320>		<http://ids.clld.org/values/4-320-232-1>		"ta'nˀis-"@cjh	
"tʰaxr-ki-"@cap	<http://ids.clld.org/values/4-560-270-5>		<http://ids.clld.org/parameters/4-560>		<http://ids.clld.org/values/4-560-232-3>		"'ḳāʔ"@cjh	
"tʰaxr-ki-"@cap	<http://ids.clld.org/values/4-560-270-5>		<http://ids.clld.org/parameters/4-560>		<http://ids.clld.org/values/4-560-232-1>		"'təχʷs-"@cjh	
"šiɲi"@cap	<http://ids.clld.org/values/4-490-270-1>		<http://ids.clld.org/parameters/4-490>		<http://ids.clld.org/values/4-490-232-1>		"'mačini-"@cjh	
"čara"@cap	<http://ids.clld.org/values/6-280-270-1>		<http://ids.clld.org/parameters/6-280>		<http://ids.clld.org/values/6-280-232-1>		"tˀa'min"@cjh	
"ḳx̣arkota"@cap	<http://ids.clld.org/values/4-331-270-1>		<http://ids.clld.org/parameters/4-331>		<http://ids.clld.org/values/4-331-232-1>		"tˀa'las-"@cjh	
"kʰen"@cap	<http://ids.clld.org/values/17-520-270-1>		<http://ids.clld.org/parameters/17-520>		<http://ids.clld.org/values/17-520-232-1>		"ḳas"@cjh	
"ḳxara"@cap	<http://ids.clld.org/values/4-330-270-1>		<http://ids.clld.org/parameters/4-330>		<http://ids.clld.org/values/4-330-232-1>		"'čališ-"@cjh	
"waxt-"@cap	<http://ids.clld.org/values/4-630-270-1>		<http://ids.clld.org/parameters/4-630>		<http://ids.clld.org/values/4-630-232-1>		"'pˀala-"@cjh	
"c̷ukči"@cap	<http://ids.clld.org/values/16-530-270-1>		<http://ids.clld.org/parameters/16-530>		<http://ids.clld.org/values/16-530-232-1>		"ḳʷa'nu-"@cjh	
"tʰapi"@cap	<http://ids.clld.org/values/4-530-270-1>		<http://ids.clld.org/parameters/4-530>		<http://ids.clld.org/values/4-530-232-1>		"'χʷōʔi-"@cjh	
"astuna"@cap	<http://ids.clld.org/values/9-251-270-1>		<http://ids.clld.org/parameters/9-251>		<http://ids.clld.org/values/9-251-232-1>		"'tɬˀəm-"@cjh	
"ḳʰutu"@cap	<http://ids.clld.org/values/13-140-270-1>		<http://ids.clld.org/parameters/13-140>		<http://ids.clld.org/values/13-140-232-1>		"ḳˀa-"@cjh	
"werara"@cap	<http://ids.clld.org/values/16-660-270-1>		<http://ids.clld.org/parameters/16-660>		<http://ids.clld.org/values/16-660-232-1>		"'naxʷɬ-"@cjh	
"kumari"@cap	<http://ids.clld.org/values/1-590-270-1>		<http://ids.clld.org/parameters/1-590>		<http://ids.clld.org/values/1-590-232-1>		"'xʷəplˀḳn"@cjh	
"las"@cap	<http://ids.clld.org/values/4-260-270-1>		<http://ids.clld.org/parameters/4-260>		<http://ids.clld.org/values/4-260-232-1>		"'tixʷc̷aɬ-"@cjh	
"ača"@cap	<http://ids.clld.org/values/4-200-270-1>		<http://ids.clld.org/parameters/4-200>		<http://ids.clld.org/values/4-200-232-1>		"'matin-"@cjh	
"apxu"@cap	<http://ids.clld.org/values/7-422-270-3>		<http://ids.clld.org/parameters/7-422>		<http://ids.clld.org/values/7-422-232-1>		"'ɬaχɬin-"@cjh	
"ṣ̌etči"@cap	<http://ids.clld.org/values/4-830-270-1>		<http://ids.clld.org/parameters/4-830>		<http://ids.clld.org/values/4-830-232-1>		"'c̷ˀəp"@cjh	
"tuši"@cap	<http://ids.clld.org/values/4-440-270-3>		<http://ids.clld.org/parameters/4-440>		<http://ids.clld.org/values/4-440-232-1>		"'ḳʷəlam-"@cjh	
"xuntuɲ"@cap	<http://ids.clld.org/values/12-80-270-3>		<http://ids.clld.org/parameters/12-80>		<http://ids.clld.org/values/12-80-232-1>		"'tɬˀukʷˀ"@cjh	
"likči"@cap	<http://ids.clld.org/values/4-980-270-1>		<http://ids.clld.org/parameters/4-980>		<http://ids.clld.org/values/4-980-232-1>		"'lam"@cjh	
"likči"@cap	<http://ids.clld.org/values/4-980-270-1>		<http://ids.clld.org/parameters/4-980>		<http://ids.clld.org/values/4-980-232-3>		"'ḳʷōʔ"@cjh	
"waxta"@cap	<http://ids.clld.org/values/19-110-270-1>		<http://ids.clld.org/parameters/19-110>		<http://ids.clld.org/values/19-110-232-1>		"tə'miš-"@cjh	
"ḳalʸti"@cap	<http://ids.clld.org/values/14-250-270-1>		<http://ids.clld.org/parameters/14-250>		<http://ids.clld.org/values/14-250-232-1>		"'tulap-"@cjh	
"lxoki"@cap	<http://ids.clld.org/values/1-214-270-1>		<http://ids.clld.org/parameters/1-214>		<http://ids.clld.org/values/1-214-232-1>		"ḳˀa'χayˀ-"@cjh	
"oɲi"@cap	<http://ids.clld.org/values/4-950-270-1>		<http://ids.clld.org/parameters/4-950>		<http://ids.clld.org/values/4-950-232-1>		"'təḳ-"@cjh	
"yoḳa"@cap	<http://ids.clld.org/values/1-210-270-1>		<http://ids.clld.org/parameters/1-210>		<http://ids.clld.org/values/1-210-232-1>		"tə'miš-"@cjh	
"[ača]"@cap	<http://ids.clld.org/values/9-250-270-1>		<http://ids.clld.org/parameters/9-250>		<http://ids.clld.org/values/9-250-232-1>		"'tɬˀali-"@cjh	
"ɲiɲi"@cap	<http://ids.clld.org/values/4-300-270-1>		<http://ids.clld.org/parameters/4-300>		<http://ids.clld.org/values/4-300-232-1>		"'tˀəčˀ-"@cjh	
"tan-ḳat-"@cap	<http://ids.clld.org/values/1-851-270-1>		<http://ids.clld.org/parameters/1-851>		<http://ids.clld.org/values/1-851-232-3>		"'kəw-"@cjh	
"tan-ḳat-"@cap	<http://ids.clld.org/values/1-851-270-1>		<http://ids.clld.org/parameters/1-851>		<http://ids.clld.org/values/1-851-232-1>		"'ɬəχ-"@cjh	
"č̣ˀutu"@cap	<http://ids.clld.org/values/1-324-270-1>		<http://ids.clld.org/parameters/1-324>		<http://ids.clld.org/values/1-324-232-1>		"'payin-"@cjh	
"pewk-"@cap	<http://ids.clld.org/values/18-310-270-1>		<http://ids.clld.org/parameters/18-310>		<http://ids.clld.org/values/18-310-232-1>		"'sawla-"@cjh	
"paḳʰi"@cap	<http://ids.clld.org/values/12-550-270-1>		<http://ids.clld.org/parameters/12-550>		<http://ids.clld.org/values/12-550-232-1>		"'kʷac̷"@cjh	
"xikˀi-š"@cap	<http://ids.clld.org/values/4-521-270-1>		<http://ids.clld.org/parameters/4-521>		<http://ids.clld.org/values/4-521-232-1>		"'šəkʷˀiy-"@cjh	
"c̷ixtskat"@cap	<http://ids.clld.org/values/10-210-270-1>		<http://ids.clld.org/parameters/10-210>		<http://ids.clld.org/values/10-210-232-1>		"'xʷətˀi-"@cjh	
"ač c̷ʰix"@cap	<http://ids.clld.org/values/4-202-270-1>		<http://ids.clld.org/parameters/4-202>		<http://ids.clld.org/values/4-202-232-1>		"ḳə'ʔuḳʷlas-"@cjh	
"kˀišimiri"@cap	<http://ids.clld.org/values/3-817-270-1>		<http://ids.clld.org/parameters/3-817>		<http://ids.clld.org/values/3-817-232-1>		"c̷ˀ'skiyaḳ-"@cjh	
"yoḳa"@cap	<http://ids.clld.org/values/1-212-270-1>		<http://ids.clld.org/parameters/1-212>		<http://ids.clld.org/values/1-212-232-1>		"tə'miš-"@cjh	
"tʰuxt-š"@cap	<http://ids.clld.org/values/4-560-270-1>		<http://ids.clld.org/parameters/4-560>		<http://ids.clld.org/values/4-560-232-3>		"'ḳāʔ"@cjh	
"tʰuxt-š"@cap	<http://ids.clld.org/values/4-560-270-1>		<http://ids.clld.org/parameters/4-560>		<http://ids.clld.org/values/4-560-232-1>		"'təχʷs-"@cjh	
"šḳʰex̣pla"@cap	<http://ids.clld.org/values/4-203-270-1>		<http://ids.clld.org/parameters/4-203>		<http://ids.clld.org/values/4-203-232-1>		"tɬˀa'laš"@cjh	
"šḳʰex̣pla"@cap	<http://ids.clld.org/values/4-203-270-1>		<http://ids.clld.org/parameters/4-203>		<http://ids.clld.org/values/4-203-232-3>		"'yəc̷ḳ-"@cjh	
"šwxax̣li"@cap	<http://ids.clld.org/values/4-820-270-1>		<http://ids.clld.org/parameters/4-820>		<http://ids.clld.org/values/4-820-232-1>		"'xʷən-"@cjh	
"ḳʰaaš"@cap	<http://ids.clld.org/values/18-320-270-1>		<http://ids.clld.org/parameters/18-320>		<http://ids.clld.org/values/18-320-232-1>		"'kʷawˀ-"@cjh	
"aši"@cap	<http://ids.clld.org/values/4-810-270-1>		<http://ids.clld.org/parameters/4-810>		<http://ids.clld.org/values/4-810-232-1>		"'c̷ˀəp"@cjh	
"larama"@cap	<http://ids.clld.org/values/15-670-270-1>		<http://ids.clld.org/parameters/15-670>		<http://ids.clld.org/values/15-670-232-1>		"'ḳʷˀiχ-"@cjh	
"pʰaaxtš"@cap	<http://ids.clld.org/values/4-450-270-1>		<http://ids.clld.org/parameters/4-450>		<http://ids.clld.org/values/4-450-232-1>		"'saʔš"@cjh	
"škoši"@cap	<http://ids.clld.org/values/4-451-270-1>		<http://ids.clld.org/parameters/4-451>		<http://ids.clld.org/values/4-451-232-1>		"mə'tˀus-"@cjh	
"taypi"@cap	<http://ids.clld.org/values/12-370-270-1>		<http://ids.clld.org/parameters/12-370>		<http://ids.clld.org/values/12-370-232-1>		"'kʷac̷-"@cjh	
"xwetš"@cap	<http://ids.clld.org/values/9-461-270-1>		<http://ids.clld.org/parameters/9-461>		<http://ids.clld.org/values/9-461-232-1>		"'kʷˀəlxʷ-"@cjh	
"[liwru]"@cap	<http://ids.clld.org/values/18-610-270-1>		<http://ids.clld.org/parameters/18-610>		<http://ids.clld.org/values/18-610-232-1>		"[buk]"@cjh	
"čʰax̣pi"@cap	<http://ids.clld.org/values/8-750-270-1>		<http://ids.clld.org/parameters/8-750>		<http://ids.clld.org/values/8-750-232-1>		"pˀā'lan-"@cjh	
"irantiš"@cap	<http://ids.clld.org/values/10-550-270-1>		<http://ids.clld.org/parameters/10-550>		<http://ids.clld.org/values/10-550-232-1>		"'ɬeʔ"@cjh	
"taypi-kiš"@cap	<http://ids.clld.org/values/12-370-270-3>		<http://ids.clld.org/parameters/12-370>		<http://ids.clld.org/values/12-370-232-1>		"'kʷac̷-"@cjh	
"ḳx̣ar wičˀu"@cap	<http://ids.clld.org/values/4-310-270-1>		<http://ids.clld.org/parameters/4-310>		<http://ids.clld.org/values/4-310-232-1>		"'čališ-"@cjh	
"pilpinti"@cap	<http://ids.clld.org/values/3-920-270-1>		<http://ids.clld.org/parameters/3-920>		<http://ids.clld.org/values/3-920-232-1>		"χa'lewχalu"@cjh	
"aššakanaka"@cap	<http://ids.clld.org/values/16-450-270-3>		<http://ids.clld.org/parameters/16-450>		<http://ids.clld.org/values/16-450-232-1>		"'sixʷi-"@cjh	
"ḳx̣ar-moko"@cap	<http://ids.clld.org/values/4-321-270-1>		<http://ids.clld.org/parameters/4-321>		<http://ids.clld.org/values/4-321-232-1>		"tˀa'las-"@cjh	
"tom-č̣a"@cap	<http://ids.clld.org/values/11-620-270-1>		<http://ids.clld.org/parameters/11-620>		<http://ids.clld.org/values/11-620-232-1>		"'čōyaʔ"@cjh	
"šura"@cap	<http://ids.clld.org/values/4-970-270-1>		<http://ids.clld.org/parameters/4-970>		<http://ids.clld.org/values/4-970-232-1>		"'ʔəχ-"@cjh	
"šura"@cap	<http://ids.clld.org/values/4-970-270-1>		<http://ids.clld.org/parameters/4-970>		<http://ids.clld.org/values/4-970-232-3>		"'tay-"@cjh	
"upli"@cap	<http://ids.clld.org/values/2-520-270-3>		<http://ids.clld.org/parameters/2-520>		<http://ids.clld.org/values/2-520-232-1>		"'kʷəɬuʔ-"@cjh	
"č̣ʰixc̷"@cap	<http://ids.clld.org/values/4-640-270-1>		<http://ids.clld.org/parameters/4-640>		<http://ids.clld.org/values/4-640-232-1>		"'pōʔ-"@cjh	
"tor-š"@cap	<http://ids.clld.org/values/4-720-270-3>		<http://ids.clld.org/parameters/4-720>		<http://ids.clld.org/values/4-720-232-1>		"'manˀ"@cjh	
"saxplu"@cap	<http://ids.clld.org/values/4-930-270-1>		<http://ids.clld.org/parameters/4-930>		<http://ids.clld.org/values/4-930-232-1>		"'ɬuḳʷˀ-"@cjh	
"čˀipinš"@cap	<http://ids.clld.org/values/4-215-270-1>		<http://ids.clld.org/parameters/4-215>		<http://ids.clld.org/values/4-215-232-1>		"ɬip-"@cjh	
"pʰuxš"@cap	<http://ids.clld.org/values/10-380-270-1>		<http://ids.clld.org/parameters/10-380>		<http://ids.clld.org/values/10-380-232-1>		"'puxʷi-"@cjh	
"ṣ̌ḳeti"@cap	<http://ids.clld.org/values/1-213-270-1>		<http://ids.clld.org/parameters/1-213>		<http://ids.clld.org/values/1-213-232-1>		"tɬˀə'səḳʷ-"@cjh	
"xiiš"@cap	<http://ids.clld.org/values/1-530-270-1>		<http://ids.clld.org/parameters/1-530>		<http://ids.clld.org/values/1-530-232-1>		"ɬu'kʷaɬ"@cjh	
"pʰursanti tʰami"@cap	<http://ids.clld.org/values/1-580-270-1>		<http://ids.clld.org/parameters/1-580>		<http://ids.clld.org/values/1-580-232-1>		"'χəs"@cjh	
"tux"@cap	<http://ids.clld.org/values/1-370-270-3>		<http://ids.clld.org/parameters/1-370>		<http://ids.clld.org/values/1-370-232-1>		"'c̷iḳʷi-"@cjh	
"tux"@cap	<http://ids.clld.org/values/1-370-270-3>		<http://ids.clld.org/parameters/1-370>		<http://ids.clld.org/values/1-370-232-3>		"'ḳāʔ"@cjh	
"x̣oči"@cap	<http://ids.clld.org/values/1-330-270-1>		<http://ids.clld.org/parameters/1-330>		<http://ids.clld.org/values/1-330-232-1>		"'c̷alaʔɬ-"@cjh	
"šiwi"@cap	<http://ids.clld.org/values/14-770-270-1>		<http://ids.clld.org/parameters/14-770>		<http://ids.clld.org/values/14-770-232-1>		"mə'ɬič-"@cjh	
"paki"@cap	<http://ids.clld.org/values/4-162-270-1>		<http://ids.clld.org/parameters/4-162>		<http://ids.clld.org/values/4-162-232-1>		"'χac̷ˀ-"@cjh	
"muk-"@cap	<http://ids.clld.org/values/5-180-270-1>		<http://ids.clld.org/parameters/5-180>		<http://ids.clld.org/values/5-180-232-1>		"kʷˀa'ya-"@cjh	
"isḳs"@cap	<http://ids.clld.org/values/16-530-270-5>		<http://ids.clld.org/parameters/16-530>		<http://ids.clld.org/values/16-530-232-1>		"ḳʷa'nu-"@cjh	
"wiri"@cap	<http://ids.clld.org/values/12-11-270-1>		<http://ids.clld.org/parameters/12-11>		<http://ids.clld.org/values/12-11-232-1>		"'ʔaw-"@cjh	
"tʰuɲi"@cap	<http://ids.clld.org/values/1-520-270-1>		<http://ids.clld.org/parameters/1-520>		<http://ids.clld.org/values/1-520-232-1>		"ɬu'kʷaɬ"@cjh	
"pʰewi"@cap	<http://ids.clld.org/values/1-640-270-1>		<http://ids.clld.org/parameters/1-640>		<http://ids.clld.org/values/1-640-232-1>		"'səxʷ-"@cjh	
"tax"@cap	<http://ids.clld.org/values/4-191-270-1>		<http://ids.clld.org/parameters/4-191>		<http://ids.clld.org/values/4-191-232-3>		"'šawˀ"@cjh	
"tax"@cap	<http://ids.clld.org/values/4-191-270-1>		<http://ids.clld.org/parameters/4-191>		<http://ids.clld.org/values/4-191-232-1>		"'nəw-"@cjh	
"tax"@cap	<http://ids.clld.org/values/4-191-270-1>		<http://ids.clld.org/parameters/4-191>		<http://ids.clld.org/values/4-191-232-5>		"χaw-"@cjh	
"tota"@cap	<http://ids.clld.org/values/4-281-270-1>		<http://ids.clld.org/parameters/4-281>		<http://ids.clld.org/values/4-281-232-1>		"'ʔaw-"@cjh	
"č̣ˀiwu"@cap	<http://ids.clld.org/values/4-151-270-1>		<http://ids.clld.org/parameters/4-151>		<http://ids.clld.org/values/4-151-232-1>		"wa'səlˀ"@cjh	
"wara-wara"@cap	<http://ids.clld.org/values/1-540-270-1>		<http://ids.clld.org/parameters/1-540>		<http://ids.clld.org/values/1-540-232-1>		"'ḳilitin-"@cjh	
"šip ~ šipš"@cap	<http://ids.clld.org/values/4-142-270-1>		<http://ids.clld.org/parameters/4-142>		<http://ids.clld.org/values/4-142-232-1>		"čˀp-"@cjh	
"ṣumči"@cap	<http://ids.clld.org/values/1-620-270-1>		<http://ids.clld.org/parameters/1-620>		<http://ids.clld.org/values/1-620-232-1>		"tˀa'nˀap"@cjh	
"[sipultura]"@cap	<http://ids.clld.org/values/4-790-270-1>		<http://ids.clld.org/parameters/4-790>		<http://ids.clld.org/values/4-790-232-1>		"'makʷˀt"@cjh	
"šawx-š"@cap	<http://ids.clld.org/values/4-650-270-1>		<http://ids.clld.org/parameters/4-650>		<http://ids.clld.org/values/4-650-232-1>		"'xʷay"@cjh	
"wiruɲ"@cap	<http://ids.clld.org/values/12-10-270-3>		<http://ids.clld.org/parameters/12-10>		<http://ids.clld.org/values/12-10-232-1>		"'ʔaw-"@cjh	
"ḳuš"@cap	<http://ids.clld.org/values/4-440-270-1>		<http://ids.clld.org/parameters/4-440>		<http://ids.clld.org/values/4-440-232-1>		"'ḳʷəlam-"@cjh	
"ḳoštan"@cap	<http://ids.clld.org/values/12-30-270-1>		<http://ids.clld.org/parameters/12-30>		<http://ids.clld.org/values/12-30-232-1>		"'ɬa-"@cjh	
"x̣otš"@cap	<http://ids.clld.org/values/4-570-270-1>		<http://ids.clld.org/parameters/4-570>		<http://ids.clld.org/values/4-570-232-1>		"ɬa'χʷa-"@cjh	
"lʸaxa"@cap	<http://ids.clld.org/values/4-850-270-3>		<http://ids.clld.org/parameters/4-850>		<http://ids.clld.org/values/4-850-232-1>		"'ḳʷˀāli-"@cjh	
"lʸaxa"@cap	<http://ids.clld.org/values/4-850-270-3>		<http://ids.clld.org/parameters/4-850>		<http://ids.clld.org/values/4-850-232-5>		"'c̷ˀaḳa-"@cjh	
"lʸaxa"@cap	<http://ids.clld.org/values/4-850-270-3>		<http://ids.clld.org/parameters/4-850>		<http://ids.clld.org/values/4-850-232-3>		"c̷ˀa'weʔ-"@cjh	
"šḳexḳš"@cap	<http://ids.clld.org/values/4-751-270-1>		<http://ids.clld.org/parameters/4-751>		<http://ids.clld.org/values/4-751-232-1>		"'čˀəɬ-"@cjh	
"puxu"@cap	<http://ids.clld.org/values/1-360-270-1>		<http://ids.clld.org/parameters/1-360>		<http://ids.clld.org/values/1-360-232-1>		"'ḳāʔ"@cjh	
"puxu"@cap	<http://ids.clld.org/values/1-360-270-1>		<http://ids.clld.org/parameters/1-360>		<http://ids.clld.org/values/1-360-232-3>		"'c̷apaš-"@cjh	
"puxu"@cap	<http://ids.clld.org/values/1-360-270-1>		<http://ids.clld.org/parameters/1-360>		<http://ids.clld.org/values/1-360-232-5>		"'nəxʷ-"@cjh	
"yuxk"@cap	<http://ids.clld.org/values/4-204-270-1>		<http://ids.clld.org/parameters/4-204>		<http://ids.clld.org/values/4-204-232-1>		"'mus"@cjh	
"yuxk"@cap	<http://ids.clld.org/values/4-204-270-1>		<http://ids.clld.org/parameters/4-204>		<http://ids.clld.org/values/4-204-232-3>		"c̷m-"@cjh	
"c̷ʰayi"@cap	<http://ids.clld.org/values/6-570-270-1>		<http://ids.clld.org/parameters/6-570>		<http://ids.clld.org/values/6-570-232-1>		"'tˀəḳ-"@cjh	
"xex-š"@cap	<http://ids.clld.org/values/4-912-270-3>		<http://ids.clld.org/parameters/4-912>		<http://ids.clld.org/values/4-912-232-1>		"'naɬa-"@cjh	
"č̣ara"@cap	<http://ids.clld.org/values/1-440-270-1>		<http://ids.clld.org/parameters/1-440>		<http://ids.clld.org/values/1-440-232-1>		"pa'talan-"@cjh	
"č̣ara"@cap	<http://ids.clld.org/values/1-440-270-1>		<http://ids.clld.org/parameters/1-440>		<http://ids.clld.org/values/1-440-232-3>		"'tawˀ"@cjh	
"č̣ara"@cap	<http://ids.clld.org/values/1-440-270-1>		<http://ids.clld.org/parameters/1-440>		<http://ids.clld.org/values/1-440-232-5>		"'səwin-"@cjh	
"oša"@cap	<http://ids.clld.org/values/4-241-270-1>		<http://ids.clld.org/parameters/4-241>		<http://ids.clld.org/values/4-241-232-1>		"'ɬəkʷˀ-"@cjh	
"kona"@cap	<http://ids.clld.org/values/4-840-270-1>		<http://ids.clld.org/parameters/4-840>		<http://ids.clld.org/values/4-840-232-3>		"'tač"@cjh	
"kona"@cap	<http://ids.clld.org/values/4-840-270-1>		<http://ids.clld.org/parameters/4-840>		<http://ids.clld.org/values/4-840-232-1>		"'ɬəčˀ"@cjh	
"kona"@cap	<http://ids.clld.org/values/4-840-270-1>		<http://ids.clld.org/parameters/4-840>		<http://ids.clld.org/values/4-840-232-5>		"χaw-"@cjh	
"xačˀi-š"@cap	<http://ids.clld.org/values/4-540-270-1>		<http://ids.clld.org/parameters/4-540>		<http://ids.clld.org/values/4-540-232-1>		"'ʔaw-"@cjh	
"nuk-ta"@cap	<http://ids.clld.org/values/12-550-270-3>		<http://ids.clld.org/parameters/12-550>		<http://ids.clld.org/values/12-550-232-1>		"'kʷac̷"@cjh	
"pača (?)"@cap	<http://ids.clld.org/values/1-510-270-3>		<http://ids.clld.org/parameters/1-510>		<http://ids.clld.org/values/1-510-232-1>		"ɬt-"@cjh	
"lʸiwx lʸiwxɲi"@cap	<http://ids.clld.org/values/1-550-270-1>		<http://ids.clld.org/parameters/1-550>		<http://ids.clld.org/values/1-550-232-1>		"'ḳʷat-"@cjh	
"iṣ̌-ḳe"@cap	<http://ids.clld.org/values/4-270-270-1>		<http://ids.clld.org/parameters/4-270>		<http://ids.clld.org/values/4-270-232-1>		"yə'nis-"@cjh	
"wiruɲa"@cap	<http://ids.clld.org/values/12-10-270-5>		<http://ids.clld.org/parameters/12-10>		<http://ids.clld.org/values/12-10-232-1>		"'ʔaw-"@cjh	
"šerwi"@cap	<http://ids.clld.org/values/4-770-270-1>		<http://ids.clld.org/parameters/4-770>		<http://ids.clld.org/values/4-770-232-1>		"'makʷˀt"@cjh	
"šḳexḳš"@cap	<http://ids.clld.org/values/5-190-270-1>		<http://ids.clld.org/parameters/5-190>		<http://ids.clld.org/values/5-190-232-3>		"'ḳəḳ-"@cjh	
"šḳexḳš"@cap	<http://ids.clld.org/values/5-190-270-1>		<http://ids.clld.org/parameters/5-190>		<http://ids.clld.org/values/5-190-232-1>		"'mic̷ˀi-"@cjh	
"č̣ʰoxri"@cap	<http://ids.clld.org/values/4-441-270-1>		<http://ids.clld.org/parameters/4-441>		<http://ids.clld.org/values/4-441-232-1>		"'pˀus-"@cjh	
"tx̣it-š"@cap	<http://ids.clld.org/values/4-910-270-3>		<http://ids.clld.org/parameters/4-910>		<http://ids.clld.org/values/4-910-232-1>		"'xʷən-"@cjh	
"piš"@cap	<http://ids.clld.org/values/4-410-270-1>		<http://ids.clld.org/parameters/4-410>		<http://ids.clld.org/values/4-410-232-1>		"c̷ˀa'mi-"@cjh	
"ḳʰixrpa"@cap	<http://ids.clld.org/values/4-146-270-1>		<http://ids.clld.org/parameters/4-146>		<http://ids.clld.org/values/4-146-232-1>		"'ʔiɬn"@cjh	
"kʰiš"@cap	<http://ids.clld.org/values/6-921-270-1>		<http://ids.clld.org/parameters/6-921>		<http://ids.clld.org/values/6-921-232-1>		"'ḳˀayac̷ˀi-"@cjh	
"pʰat-s"@cap	<http://ids.clld.org/values/4-550-270-3>		<http://ids.clld.org/parameters/4-550>		<http://ids.clld.org/values/4-550-232-1>		"'χʷəl-"@cjh	
"ṣ̌up"@cap	<http://ids.clld.org/values/1-880-270-1>		<http://ids.clld.org/parameters/1-880>		<http://ids.clld.org/values/1-880-232-1>		"'χʷā-"@cjh	
"wiy-a"@cap	<http://ids.clld.org/values/4-620-270-1>		<http://ids.clld.org/parameters/4-620>		<http://ids.clld.org/values/4-620-232-1>		"'tukʷli-"@cjh	
"šwxax̣lu"@cap	<http://ids.clld.org/values/4-820-270-3>		<http://ids.clld.org/parameters/4-820>		<http://ids.clld.org/values/4-820-232-1>		"'xʷən-"@cjh	
"č̣ˀat-š"@cap	<http://ids.clld.org/values/4-580-270-3>		<http://ids.clld.org/parameters/4-580>		<http://ids.clld.org/values/4-580-232-1>		"'tˀəkʷˀ-"@cjh	
"yuxk latu"@cap	<http://ids.clld.org/values/4-208-270-1>		<http://ids.clld.org/parameters/4-208>		<http://ids.clld.org/values/4-208-232-1>		"'c̷ˀiḳ-"@cjh	
