"čawkʷa"@cap	<http://ids.clld.org/values/2-461-270-3>		<http://ids.clld.org/parameters/2-461>		<http://ids.clld.org/values/2-461-823-1>		"ʔo:ŋ.1 kuməʌk.4"@scb-x-rucc1239	
"arax̣pača"@cap	<http://ids.clld.org/values/1-510-270-1>		<http://ids.clld.org/parameters/1-510>		<http://ids.clld.org/values/1-510-823-1>		"plə:j.2"@scb-x-rucc1239	
"tura"@cap	<http://ids.clld.org/values/2-261-270-5>		<http://ids.clld.org/parameters/2-261>		<http://ids.clld.org/values/2-261-823-1>		"puma:j.3"@scb-x-rucc1239	
"xorxorɲi"@cap	<http://ids.clld.org/values/1-560-270-1>		<http://ids.clld.org/parameters/1-560>		<http://ids.clld.org/values/1-560-823-1>		"krɨ:m.4"@scb-x-rucc1239	
"ṣ̌ḳeti"@cap	<http://ids.clld.org/values/1-830-270-1>		<http://ids.clld.org/parameters/1-830>		<http://ids.clld.org/values/1-830-823-1>		"kahɔ:j.3"@scb-x-rucc1239	
"ṣ̌ḳeti"@cap	<http://ids.clld.org/values/1-830-270-1>		<http://ids.clld.org/parameters/1-830>		<http://ids.clld.org/values/1-830-823-2>		"camaŋ.1"@scb-x-rucc1239	
"ṣ̌ḳeti"@cap	<http://ids.clld.org/values/1-830-270-1>		<http://ids.clld.org/parameters/1-830>		<http://ids.clld.org/values/1-830-823-3>		"patj.1"@scb-x-rucc1239	
"para"@cap	<http://ids.clld.org/values/1-430-270-1>		<http://ids.clld.org/parameters/1-430>		<http://ids.clld.org/values/1-430-823-1>		"kəʌj.2"@scb-x-rucc1239	
"šiwš"@cap	<http://ids.clld.org/values/1-630-270-1>		<http://ids.clld.org/parameters/1-630>		<http://ids.clld.org/values/1-630-823-1>		"pɔ:ŋ.3"@scb-x-rucc1239	
"kon-"@cap	<http://ids.clld.org/values/4-760-270-1>		<http://ids.clld.org/parameters/4-760>		<http://ids.clld.org/values/4-760-823-1>		"kacit"@scb-x-rucc1239	
"keru"@cap	<http://ids.clld.org/values/2-230-270-3>		<http://ids.clld.org/parameters/2-230>		<http://ids.clld.org/values/2-230-823-1>		"tɨk.4"@scb-x-rucc1239	
"ṣ̌on"@cap	<http://ids.clld.org/values/2-220-270-3>		<http://ids.clld.org/parameters/2-220>		<http://ids.clld.org/values/2-220-823-1>		"pukj.3"@scb-x-rucc1239	
"ḳʰup"@cap	<http://ids.clld.org/values/1-840-270-1>		<http://ids.clld.org/parameters/1-840>		<http://ids.clld.org/values/1-840-823-1>		"tapeh.1"@scb-x-rucc1239	
"axmuš exp"@cap	<http://ids.clld.org/values/2-610-270-1>		<http://ids.clld.org/parameters/2-610>		<http://ids.clld.org/values/2-610-823-1>		"pɨ.4 makj.#"@scb-x-rucc1239	
"ṣ̌oɲi"@cap	<http://ids.clld.org/values/2-210-270-3>		<http://ids.clld.org/parameters/2-210>		<http://ids.clld.org/values/2-210-823-1>		"puku:ń.3"@scb-x-rucc1239	
"pek-š"@cap	<http://ids.clld.org/values/1-860-270-1>		<http://ids.clld.org/parameters/1-860>		<http://ids.clld.org/values/1-860-823-1>		"tu:c.3"@scb-x-rucc1239	
"luktaḳa"@cap	<http://ids.clld.org/values/2-310-270-3>		<http://ids.clld.org/parameters/2-310>		<http://ids.clld.org/values/2-310-823-1>		"məku:ń.3"@scb-x-rucc1239	
"pʰila"@cap	<http://ids.clld.org/values/1-215-270-1>		<http://ids.clld.org/parameters/1-215>		<http://ids.clld.org/values/1-215-823-1>		"təka:c.3"@scb-x-rucc1239	
"ṣ̌oɲi"@cap	<http://ids.clld.org/values/2-100-270-1>		<http://ids.clld.org/parameters/2-100>		<http://ids.clld.org/values/2-100-823-1>		"ŋa:j.2"@scb-x-rucc1239	
"exp"@cap	<http://ids.clld.org/values/2-350-270-1>		<http://ids.clld.org/parameters/2-350>		<http://ids.clld.org/values/2-350-823-1>		"pɨ.4"@scb-x-rucc1239	
"ḳʰaš"@cap	<http://ids.clld.org/values/1-310-270-1>		<http://ids.clld.org/parameters/1-310>		<http://ids.clld.org/values/1-310-823-1>		"da:k.3"@scb-x-rucc1239	
"maataḳa"@cap	<http://ids.clld.org/values/2-220-270-1>		<http://ids.clld.org/parameters/2-220>		<http://ids.clld.org/values/2-220-823-1>		"pukj.3"@scb-x-rucc1239	
"xalxtaš"@cap	<http://ids.clld.org/values/2-341-270-1>		<http://ids.clld.org/parameters/2-341>		<http://ids.clld.org/values/2-341-823-1>		"ßɨʌt.4"@scb-x-rucc1239	
"tʰap-š"@cap	<http://ids.clld.org/values/1-851-270-3>		<http://ids.clld.org/parameters/1-851>		<http://ids.clld.org/values/1-851-823-1>		"tu:c.3"@scb-x-rucc1239	
"čula"@cap	<http://ids.clld.org/values/2-280-270-1>		<http://ids.clld.org/parameters/2-280>		<http://ids.clld.org/values/2-280-823-1>		"pucɔ:j.3"@scb-x-rucc1239	
"laxk"@cap	<http://ids.clld.org/values/2-445-270-1>		<http://ids.clld.org/parameters/2-445>		<http://ids.clld.org/values/2-445-823-1>		"ceɛ.4"@scb-x-rucc1239	
"munti-naka"@cap	<http://ids.clld.org/values/1-410-270-1>		<http://ids.clld.org/parameters/1-410>		<http://ids.clld.org/values/1-410-823-1>		"brw.3"@scb-x-rucc1239	
"tʰami"@cap	<http://ids.clld.org/values/1-720-270-1>		<http://ids.clld.org/parameters/1-720>		<http://ids.clld.org/values/1-720-823-1>		"kajɔ.3"@scb-x-rucc1239	
"xila"@cap	<http://ids.clld.org/values/2-444-270-1>		<http://ids.clld.org/parameters/2-444>		<http://ids.clld.org/values/2-444-823-1>		"məaŋ.4"@scb-x-rucc1239	
"matilʸa"@cap	<http://ids.clld.org/values/2-471-270-3>		<http://ids.clld.org/parameters/2-471>		<http://ids.clld.org/values/2-471-823-1>		"moɔ.4 kuməʌk.4"@scb-x-rucc1239	
"šal-š"@cap	<http://ids.clld.org/values/2-330-270-1>		<http://ids.clld.org/parameters/2-330>		<http://ids.clld.org/values/2-330-823-2>		"lj.4 maku:ń.3"@scb-x-rucc1239	
"šal-š"@cap	<http://ids.clld.org/values/2-330-270-1>		<http://ids.clld.org/parameters/2-330>		<http://ids.clld.org/values/2-330-823-3>		"dɔ:ŋ.1"@scb-x-rucc1239	
"šal-š"@cap	<http://ids.clld.org/values/2-330-270-1>		<http://ids.clld.org/parameters/2-330>		<http://ids.clld.org/values/2-330-823-1>		"lj.4 makj.3"@scb-x-rucc1239	
"irke irke"@cap	<http://ids.clld.org/values/4-170-270-1>		<http://ids.clld.org/parameters/4-170>		<http://ids.clld.org/values/4-170-823-1>		"krɨŋ"@scb-x-rucc1239	
"tʰap-š"@cap	<http://ids.clld.org/values/1-852-270-1>		<http://ids.clld.org/parameters/1-852>		<http://ids.clld.org/values/1-852-823-1>		"kɨcɔh.1"@scb-x-rucc1239	
"čawk-"@cap	<http://ids.clld.org/values/2-461-270-1>		<http://ids.clld.org/parameters/2-461>		<http://ids.clld.org/values/2-461-823-1>		"ʔo:ŋ.1 kuməʌk.4"@scb-x-rucc1239	
"ux"@cap	<http://ids.clld.org/values/1-810-270-1>		<http://ids.clld.org/parameters/1-810>		<http://ids.clld.org/values/1-810-823-1>		"ku:r.1"@scb-x-rucc1239	
"čixɲi"@cap	<http://ids.clld.org/values/1-750-270-1>		<http://ids.clld.org/parameters/1-750>		<http://ids.clld.org/values/1-750-823-1>		"kəməa.2"@scb-x-rucc1239	
"pʰoma"@cap	<http://ids.clld.org/values/1-370-270-1>		<http://ids.clld.org/parameters/1-370>		<http://ids.clld.org/values/1-370-823-1>		"ru:k.4"@scb-x-rucc1239	
"pˀišu"@cap	<http://ids.clld.org/values/2-251-270-1>		<http://ids.clld.org/parameters/2-251>		<http://ids.clld.org/values/2-251-823-1>		"ba:w.1"@scb-x-rucc1239	
"c̷xiri"@cap	<http://ids.clld.org/values/1-730-270-1>		<http://ids.clld.org/parameters/1-730>		<http://ids.clld.org/values/1-730-823-1>		"məl.1"@scb-x-rucc1239	
"tʰun"@cap	<http://ids.clld.org/values/2-320-270-1>		<http://ids.clld.org/parameters/2-320>		<http://ids.clld.org/values/2-320-823-1>		"makj.3"@scb-x-rucc1239	
"lukmaxč"@cap	<http://ids.clld.org/values/2-250-270-1>		<http://ids.clld.org/parameters/2-250>		<http://ids.clld.org/values/2-250-823-1>		"ba:w.1"@scb-x-rucc1239	
"uš"@cap	<http://ids.clld.org/values/2-260-270-1>		<http://ids.clld.org/parameters/2-260>		<http://ids.clld.org/values/2-260-823-1>		"puma:j.3"@scb-x-rucc1239	
"maxč"@cap	<http://ids.clld.org/values/2-410-270-1>		<http://ids.clld.org/parameters/2-410>		<http://ids.clld.org/values/2-410-823-1>		"kɔ:n.1 puku:ń.3"@scb-x-rucc1239	
"luktaḳa"@cap	<http://ids.clld.org/values/2-210-270-1>		<http://ids.clld.org/parameters/2-210>		<http://ids.clld.org/values/2-210-823-1>		"puku:ń.3"@scb-x-rucc1239	
"lxata"@cap	<http://ids.clld.org/values/2-240-270-1>		<http://ids.clld.org/parameters/2-240>		<http://ids.clld.org/values/2-240-823-1>		"kj.3"@scb-x-rucc1239	
"tur"@cap	<http://ids.clld.org/values/2-261-270-3>		<http://ids.clld.org/parameters/2-261>		<http://ids.clld.org/values/2-261-823-1>		"puma:j.3"@scb-x-rucc1239	
"kuru"@cap	<http://ids.clld.org/values/1-220-270-1>		<http://ids.clld.org/parameters/1-220>		<http://ids.clld.org/values/1-220-823-2>		"do:l.1"@scb-x-rucc1239	
"kuru"@cap	<http://ids.clld.org/values/1-220-270-1>		<http://ids.clld.org/parameters/1-220>		<http://ids.clld.org/values/1-220-823-1>		"cɨ:t.3"@scb-x-rucc1239	
"luko"@cap	<http://ids.clld.org/values/2-310-270-1>		<http://ids.clld.org/parameters/2-310>		<http://ids.clld.org/values/2-310-823-1>		"məku:ń.3"@scb-x-rucc1239	
"axmuš maa"@cap	<http://ids.clld.org/values/2-620-270-1>		<http://ids.clld.org/parameters/2-620>		<http://ids.clld.org/values/2-620-823-1>		"meɛ.4 makj.3"@scb-x-rucc1239	
"ḳʰiɲi"@cap	<http://ids.clld.org/values/2-611-270-1>		<http://ids.clld.org/parameters/2-611>		<http://ids.clld.org/values/2-611-823-1>		"pɨ.4 maju:ń.3"@scb-x-rucc1239	
"maxt"@cap	<http://ids.clld.org/values/2-420-270-1>		<http://ids.clld.org/parameters/2-420>		<http://ids.clld.org/values/2-420-823-1>		"kɔ:n.1 pukj.3"@scb-x-rucc1239	
"kumari"@cap	<http://ids.clld.org/values/1-590-270-1>		<http://ids.clld.org/parameters/1-590>		<http://ids.clld.org/values/1-590-823-1>		"ro:ŋ.1"@scb-x-rucc1239	
"lxoki"@cap	<http://ids.clld.org/values/1-214-270-1>		<http://ids.clld.org/parameters/1-214>		<http://ids.clld.org/values/1-214-823-1>		"la:r.4"@scb-x-rucc1239	
"yoḳa"@cap	<http://ids.clld.org/values/1-210-270-1>		<http://ids.clld.org/parameters/1-210>		<http://ids.clld.org/values/1-210-823-1>		"bə:n.3"@scb-x-rucc1239	
"čawkʷa"@cap	<http://ids.clld.org/values/2-471-270-1>		<http://ids.clld.org/parameters/2-471>		<http://ids.clld.org/values/2-471-823-1>		"moɔ.4 kuməʌk.4"@scb-x-rucc1239	
"tan-ḳat-"@cap	<http://ids.clld.org/values/1-851-270-1>		<http://ids.clld.org/parameters/1-851>		<http://ids.clld.org/values/1-851-823-1>		"tu:c.3"@scb-x-rucc1239	
"č̣ˀutu"@cap	<http://ids.clld.org/values/1-324-270-1>		<http://ids.clld.org/parameters/1-324>		<http://ids.clld.org/values/1-324-823-1>		"pɔh.pɔh.1"@scb-x-rucc1239	
"ux peḳ-š"@cap	<http://ids.clld.org/values/1-860-270-3>		<http://ids.clld.org/parameters/1-860>		<http://ids.clld.org/values/1-860-823-1>		"tu:c.3"@scb-x-rucc1239	
"yoḳa"@cap	<http://ids.clld.org/values/1-212-270-1>		<http://ids.clld.org/parameters/1-212>		<http://ids.clld.org/values/1-212-823-1>		"bə:n.3"@scb-x-rucc1239	
"matɲilʸa"@cap	<http://ids.clld.org/values/2-460-270-1>		<http://ids.clld.org/parameters/2-460>		<http://ids.clld.org/values/2-460-823-1>		"pw.1"@scb-x-rucc1239	
"matɲilʸa"@cap	<http://ids.clld.org/values/2-460-270-1>		<http://ids.clld.org/parameters/2-460>		<http://ids.clld.org/values/2-460-823-2>		"ta.1"@scb-x-rucc1239	
"matilʸa"@cap	<http://ids.clld.org/values/2-470-270-1>		<http://ids.clld.org/parameters/2-470>		<http://ids.clld.org/values/2-470-823-1>		"za.1"@scb-x-rucc1239	
"matilʸa"@cap	<http://ids.clld.org/values/2-470-270-1>		<http://ids.clld.org/parameters/2-470>		<http://ids.clld.org/values/2-470-823-2>		"na:j.1"@scb-x-rucc1239	
"lukmaxč"@cap	<http://ids.clld.org/values/2-270-270-1>		<http://ids.clld.org/parameters/2-270>		<http://ids.clld.org/values/2-270-823-1>		"kɔ:n.1"@scb-x-rucc1239	
"ṣ̌ḳeti"@cap	<http://ids.clld.org/values/1-213-270-1>		<http://ids.clld.org/parameters/1-213>		<http://ids.clld.org/values/1-213-823-1>		"kəhɔ:j.3"@scb-x-rucc1239	
"xiiš"@cap	<http://ids.clld.org/values/1-530-270-1>		<http://ids.clld.org/parameters/1-530>		<http://ids.clld.org/values/1-530-823-1>		"puləan.2"@scb-x-rucc1239	
"pʰursanti tʰami"@cap	<http://ids.clld.org/values/1-580-270-1>		<http://ids.clld.org/parameters/1-580>		<http://ids.clld.org/values/1-580-823-1>		"pa:w.4"@scb-x-rucc1239	
"ana"@cap	<http://ids.clld.org/values/17-560-270-1>		<http://ids.clld.org/parameters/17-560>		<http://ids.clld.org/values/17-560-823-1>		"lata.3"@scb-x-rucc1239	
"tux"@cap	<http://ids.clld.org/values/1-370-270-3>		<http://ids.clld.org/parameters/1-370>		<http://ids.clld.org/values/1-370-823-1>		"ru:k.4"@scb-x-rucc1239	
"tʰuɲi"@cap	<http://ids.clld.org/values/1-520-270-1>		<http://ids.clld.org/parameters/1-520>		<http://ids.clld.org/values/1-520-823-1>		"məʌt.4 kara:ŋ.1"@scb-x-rucc1239	
"pʰewi"@cap	<http://ids.clld.org/values/1-640-270-1>		<http://ids.clld.org/parameters/1-640>		<http://ids.clld.org/values/1-640-823-1>		"da:k.3 mw.2"@scb-x-rucc1239	
"wara-wara"@cap	<http://ids.clld.org/values/1-540-270-1>		<http://ids.clld.org/parameters/1-540>		<http://ids.clld.org/values/1-540-823-1>		"kumi:ŋ.1"@scb-x-rucc1239	
"pˀiš"@cap	<http://ids.clld.org/values/2-261-270-1>		<http://ids.clld.org/parameters/2-261>		<http://ids.clld.org/values/2-261-823-1>		"puma:j.3"@scb-x-rucc1239	
"puxu"@cap	<http://ids.clld.org/values/1-360-270-1>		<http://ids.clld.org/parameters/1-360>		<http://ids.clld.org/values/1-360-823-1>		"ju:ŋ.4"@scb-x-rucc1239	
"puxu"@cap	<http://ids.clld.org/values/1-360-270-1>		<http://ids.clld.org/parameters/1-360>		<http://ids.clld.org/values/1-360-823-2>		"cərɔ:k.3"@scb-x-rucc1239	
"pača (?)"@cap	<http://ids.clld.org/values/1-510-270-3>		<http://ids.clld.org/parameters/1-510>		<http://ids.clld.org/values/1-510-823-1>		"plə:j.2"@scb-x-rucc1239	
"lʸiwx lʸiwxɲi"@cap	<http://ids.clld.org/values/1-550-270-1>		<http://ids.clld.org/parameters/1-550>		<http://ids.clld.org/values/1-550-823-1>		"ala:r.3"@scb-x-rucc1239	
"laxk"@cap	<http://ids.clld.org/values/2-455-270-1>		<http://ids.clld.org/parameters/2-455>		<http://ids.clld.org/values/2-455-823-1>		"ceɛ.$"@scb-x-rucc1239	
"ṣ̌up"@cap	<http://ids.clld.org/values/1-880-270-1>		<http://ids.clld.org/parameters/1-880>		<http://ids.clld.org/values/1-880-823-1>		"ku:r.1"@scb-x-rucc1239	
"ker-"@cap	<http://ids.clld.org/values/2-230-270-1>		<http://ids.clld.org/parameters/2-230>		<http://ids.clld.org/values/2-230-823-1>		"tɨk.4"@scb-x-rucc1239	
