"tx̣as"@cap	<http://ids.clld.org/values/16-250-270-1>		<http://ids.clld.org/parameters/16-250>		<http://ids.clld.org/values/16-250-286-1>		"tatamʔ"@pav	
"tx̣as"@cap	<http://ids.clld.org/values/16-250-270-1>		<http://ids.clld.org/parameters/16-250>		<http://ids.clld.org/values/16-250-286-3>		"katamʔ"@pav	
"lomi"@cap	<http://ids.clld.org/values/4-560-270-3>		<http://ids.clld.org/parameters/4-560>		<http://ids.clld.org/values/4-560-286-1>		"hupaʔ"@pav	
"saki"@cap	<http://ids.clld.org/values/15-860-270-1>		<http://ids.clld.org/parameters/15-860>		<http://ids.clld.org/values/15-860-286-1>		"šio"@pav	
"saki"@cap	<http://ids.clld.org/values/15-860-270-1>		<http://ids.clld.org/parameters/15-860>		<http://ids.clld.org/values/15-860-286-3>		"kapinʔ"@pav	
"ḳx̣ara"@cap	<http://ids.clld.org/values/4-392-270-1>		<http://ids.clld.org/parameters/4-392>		<http://ids.clld.org/values/4-392-286-1>		"tapaši"@pav	
"tik-š"@cap	<http://ids.clld.org/values/4-750-270-1>		<http://ids.clld.org/parameters/4-750>		<http://ids.clld.org/values/4-750-286-3>		"konoʔ"@pav	
"tik-š"@cap	<http://ids.clld.org/values/4-750-270-1>		<http://ids.clld.org/parameters/4-750>		<http://ids.clld.org/values/4-750-286-1>		"miʔ pin"@pav	
"anč̣ʰuk"@cap	<http://ids.clld.org/values/2-950-270-1>		<http://ids.clld.org/parameters/2-950>		<http://ids.clld.org/values/2-950-286-1>		"wahuʔ"@pav	
"kʰuɲi"@cap	<http://ids.clld.org/values/4-220-270-1>		<http://ids.clld.org/parameters/4-220>		<http://ids.clld.org/values/4-220-286-1>		"tara-yišiʔ (taraʔ)"@pav	
"xulš"@cap	<http://ids.clld.org/values/12-130-270-1>		<http://ids.clld.org/parameters/12-130>		<http://ids.clld.org/values/12-130-286-1>		"šaoʔ pe"@pav	
"xulš"@cap	<http://ids.clld.org/values/12-130-270-1>		<http://ids.clld.org/parameters/12-130>		<http://ids.clld.org/values/12-130-286-3>		"šaoʔ to"@pav	
"pʰaši"@cap	<http://ids.clld.org/values/4-393-270-1>		<http://ids.clld.org/parameters/4-393>		<http://ids.clld.org/values/4-393-286-1>		"tenenein (šun)"@pav	
"oša"@cap	<http://ids.clld.org/values/4-230-270-1>		<http://ids.clld.org/parameters/4-230>		<http://ids.clld.org/values/4-230-286-1>		"werešiʔ (ut)"@pav	
"owa"@cap	<http://ids.clld.org/values/4-360-270-1>		<http://ids.clld.org/parameters/4-360>		<http://ids.clld.org/values/4-360-286-1>		"karamašiʔ (karam)"@pav	
"yuxḳpača"@cap	<http://ids.clld.org/values/13-150-270-3>		<http://ids.clld.org/parameters/13-150>		<http://ids.clld.org/values/13-150-286-1>		"iriʔ miyo/ miya"@pav	
"arax̣pača"@cap	<http://ids.clld.org/values/1-510-270-1>		<http://ids.clld.org/parameters/1-510>		<http://ids.clld.org/values/1-510-286-1>		"nanawin"@pav	
"xʷixtša"@cap	<http://ids.clld.org/values/9-310-270-1>		<http://ids.clld.org/parameters/9-310>		<http://ids.clld.org/values/9-310-286-1>		"šik"@pav	
"it-s"@cap	<http://ids.clld.org/values/18-120-270-1>		<http://ids.clld.org/parameters/18-120>		<http://ids.clld.org/values/18-120-286-1>		"kom"@pav	
"ṣ̌ḳeti"@cap	<http://ids.clld.org/values/1-830-270-1>		<http://ids.clld.org/parameters/1-830>		<http://ids.clld.org/values/1-830-286-1>		"tainʔ"@pav	
"šiɲi"@cap	<http://ids.clld.org/values/5-970-270-1>		<http://ids.clld.org/parameters/5-970>		<http://ids.clld.org/values/5-970-286-1>		"arayein"@pav	
"sarḳi"@cap	<http://ids.clld.org/values/8-510-270-1>		<http://ids.clld.org/parameters/8-510>		<http://ids.clld.org/values/8-510-286-1>		"tononoin"@pav	
"c̷ʰii ḳʰaṣ̌"@cap	<http://ids.clld.org/values/13-181-270-1>		<http://ids.clld.org/parameters/13-181>		<http://ids.clld.org/values/13-181-286-1>		"arakaʔ"@pav	
"čʰuxt-u"@cap	<http://ids.clld.org/values/12-560-270-3>		<http://ids.clld.org/parameters/12-560>		<http://ids.clld.org/values/12-560-286-1>		"wiyimain"@pav	
"čerš"@cap	<http://ids.clld.org/values/15-510-270-1>		<http://ids.clld.org/parameters/15-510>		<http://ids.clld.org/values/15-510-286-1>		"kerek"@pav	
"werara"@cap	<http://ids.clld.org/values/16-730-270-1>		<http://ids.clld.org/parameters/16-730>		<http://ids.clld.org/values/16-730-286-1>		"šoʔ"@pav	
"yuḳxu"@cap	<http://ids.clld.org/values/13-150-270-1>		<http://ids.clld.org/parameters/13-150>		<http://ids.clld.org/values/13-150-286-1>		"iriʔ miyo/ miya"@pav	
"para"@cap	<http://ids.clld.org/values/1-430-270-1>		<http://ids.clld.org/parameters/1-430>		<http://ids.clld.org/values/1-430-286-1>		"pana"@pav	
"šapa"@cap	<http://ids.clld.org/values/13-140-270-3>		<http://ids.clld.org/parameters/13-140>		<http://ids.clld.org/values/13-140-286-1>		"šam"@pav	
"ḳˀoštu"@cap	<http://ids.clld.org/values/12-810-270-1>		<http://ids.clld.org/parameters/12-810>		<http://ids.clld.org/values/12-810-286-1>		"monoʔo"@pav	
"č̣exlš"@cap	<http://ids.clld.org/values/9-160-270-3>		<http://ids.clld.org/parameters/9-160>		<http://ids.clld.org/values/9-160-286-1>		"tuku"@pav	
"ḳx̣oxča"@cap	<http://ids.clld.org/values/4-370-270-1>		<http://ids.clld.org/parameters/4-370>		<http://ids.clld.org/values/4-370-286-1>		"kašimašiʔ (kašim)"@pav	
"xexa"@cap	<http://ids.clld.org/values/4-510-270-3>		<http://ids.clld.org/parameters/4-510>		<http://ids.clld.org/values/4-510-286-1>		"wereme"@pav	
"šḳiši"@cap	<http://ids.clld.org/values/4-120-270-1>		<http://ids.clld.org/parameters/4-120>		<http://ids.clld.org/values/4-120-286-1>		"taparišiʔ"@pav	
"ḳulxš"@cap	<http://ids.clld.org/values/8-220-270-3>		<http://ids.clld.org/parameters/8-220>		<http://ids.clld.org/values/8-220-286-1>		"še"@pav	
"ḳulxš"@cap	<http://ids.clld.org/values/8-220-270-3>		<http://ids.clld.org/parameters/8-220>		<http://ids.clld.org/values/8-220-286-3>		"šikeʔ"@pav	
"čˀoxɲa"@cap	<http://ids.clld.org/values/15-680-270-1>		<http://ids.clld.org/parameters/15-680>		<http://ids.clld.org/values/15-680-286-1>		"tb̃um"@pav	
"wali"@cap	<http://ids.clld.org/values/16-710-270-3>		<http://ids.clld.org/parameters/16-710>		<http://ids.clld.org/values/16-710-286-1>		"awi"@pav	
"č̣axk-"@cap	<http://ids.clld.org/values/10-250-270-1>		<http://ids.clld.org/parameters/10-250>		<http://ids.clld.org/values/10-250-286-3>		"wišikaoʔ"@pav	
"č̣axk-"@cap	<http://ids.clld.org/values/10-250-270-1>		<http://ids.clld.org/parameters/10-250>		<http://ids.clld.org/values/10-250-286-1>		"šin"@pav	
"tʰup-"@cap	<http://ids.clld.org/values/4-580-270-1>		<http://ids.clld.org/parameters/4-580>		<http://ids.clld.org/values/4-580-286-1>		"kio"@pav	
"kon-"@cap	<http://ids.clld.org/values/4-760-270-1>		<http://ids.clld.org/parameters/4-760>		<http://ids.clld.org/values/4-760-286-1>		"paʔ"@pav	
"kara"@cap	<http://ids.clld.org/values/12-610-270-1>		<http://ids.clld.org/parameters/12-610>		<http://ids.clld.org/values/12-610-286-1>		"kote ne kimain"@pav	
"uč̣um"@cap	<http://ids.clld.org/values/2-941-270-1>		<http://ids.clld.org/parameters/2-941>		<http://ids.clld.org/values/2-941-286-1>		"wariʔ"@pav	
"č̣axk-"@cap	<http://ids.clld.org/values/9-210-270-1>		<http://ids.clld.org/parameters/9-210>		<http://ids.clld.org/values/9-210-286-1>		"toʔ"@pav	
"ḳoxč"@cap	<http://ids.clld.org/values/9-190-270-1>		<http://ids.clld.org/parameters/9-190>		<http://ids.clld.org/values/9-190-286-1>		"makon (makorišiʔ)"@pav	
"tʰuu-š"@cap	<http://ids.clld.org/values/4-853-270-1>		<http://ids.clld.org/parameters/4-853>		<http://ids.clld.org/values/4-853-286-1>		"mom"@pav	
"noox"@cap	<http://ids.clld.org/values/14-410-270-3>		<http://ids.clld.org/parameters/14-410>		<http://ids.clld.org/values/14-410-286-1>		"šek"@pav	
"parina xwaxti oxḳ"@cap	<http://ids.clld.org/values/20-610-270-1>		<http://ids.clld.org/parameters/20-610>		<http://ids.clld.org/values/20-610-286-1>		"yiʔam"@pav	
"ḳolta"@cap	<http://ids.clld.org/values/12-560-270-1>		<http://ids.clld.org/parameters/12-560>		<http://ids.clld.org/values/12-560-286-1>		"wiyimain"@pav	
"čʰišwi"@cap	<http://ids.clld.org/values/4-130-270-1>		<http://ids.clld.org/parameters/4-130>		<http://ids.clld.org/values/4-130-286-1>		"kwerešiʔ"@pav	
"yaku"@cap	<http://ids.clld.org/values/5-810-270-1>		<http://ids.clld.org/parameters/5-810>		<http://ids.clld.org/values/5-810-286-1>		"[sal]"@pav	
"šuma"@cap	<http://ids.clld.org/values/16-710-270-1>		<http://ids.clld.org/parameters/16-710>		<http://ids.clld.org/values/16-710-286-1>		"awi"@pav	
"oxk-š"@cap	<http://ids.clld.org/values/10-320-270-1>		<http://ids.clld.org/parameters/10-320>		<http://ids.clld.org/values/10-320-286-3>		"weweweo"@pav	
"oxk-š"@cap	<http://ids.clld.org/values/10-320-270-1>		<http://ids.clld.org/parameters/10-320>		<http://ids.clld.org/values/10-320-286-1>		"weo"@pav	
"keru"@cap	<http://ids.clld.org/values/2-230-270-3>		<http://ids.clld.org/parameters/2-230>		<http://ids.clld.org/values/2-230-286-1>		"taramaʔ"@pav	
"ḳičaš"@cap	<http://ids.clld.org/values/20-110-270-3>		<http://ids.clld.org/parameters/20-110>		<http://ids.clld.org/values/20-110-286-1>		"mišita"@pav	
"tʰaa-"@cap	<http://ids.clld.org/values/11-210-270-1>		<http://ids.clld.org/parameters/11-210>		<http://ids.clld.org/values/11-210-286-1>		"miʔ"@pav	
"ṣ̌awx-"@cap	<http://ids.clld.org/values/16-420-270-3>		<http://ids.clld.org/parameters/16-420>		<http://ids.clld.org/values/16-420-286-1>		"manaʔ"@pav	
"ṣ̌on"@cap	<http://ids.clld.org/values/2-220-270-3>		<http://ids.clld.org/parameters/2-220>		<http://ids.clld.org/values/2-220-286-1>		"narimaʔ"@pav	
"munti"@cap	<http://ids.clld.org/values/8-600-270-1>		<http://ids.clld.org/parameters/8-600>		<http://ids.clld.org/values/8-600-286-1>		"pana"@pav	
"tax"@cap	<http://ids.clld.org/values/4-190-270-1>		<http://ids.clld.org/parameters/4-190>		<http://ids.clld.org/values/4-190-286-1>		"warašiʔ"@pav	
"sami"@cap	<http://ids.clld.org/values/3-811-270-1>		<http://ids.clld.org/parameters/3-811>		<http://ids.clld.org/values/3-811-286-1>		"ioʔ"@pav	
"ḳʰup"@cap	<http://ids.clld.org/values/1-840-270-1>		<http://ids.clld.org/parameters/1-840>		<http://ids.clld.org/values/1-840-286-1>		"topakon"@pav	
"ata"@cap	<http://ids.clld.org/values/4-240-270-1>		<http://ids.clld.org/parameters/4-240>		<http://ids.clld.org/values/4-240-286-1>		"kapiyašiʔ (topak)"@pav	
"wexr-ki"@cap	<http://ids.clld.org/values/2-910-270-3>		<http://ids.clld.org/parameters/2-910>		<http://ids.clld.org/values/2-910-286-1>		"wataʔ"@pav	
"ari"@cap	<http://ids.clld.org/values/15-780-270-1>		<http://ids.clld.org/parameters/15-780>		<http://ids.clld.org/values/15-780-286-1>		"šaʔ"@pav	
"ṣ̌eti"@cap	<http://ids.clld.org/values/4-740-270-3>		<http://ids.clld.org/parameters/4-740>		<http://ids.clld.org/values/4-740-286-1>		"eʔ"@pav	
"ṣ̌oɲi"@cap	<http://ids.clld.org/values/2-210-270-3>		<http://ids.clld.org/parameters/2-210>		<http://ids.clld.org/values/2-210-286-1>		"taramaʔ"@pav	
"lxok"@cap	<http://ids.clld.org/values/15-660-270-1>		<http://ids.clld.org/parameters/15-660>		<http://ids.clld.org/values/15-660-286-1>		"pakaʔ"@pav	
"luktaḳa"@cap	<http://ids.clld.org/values/2-310-270-3>		<http://ids.clld.org/parameters/2-310>		<http://ids.clld.org/values/2-310-286-1>		"taši"@pav	
"ḳaši"@cap	<http://ids.clld.org/values/4-280-270-1>		<http://ids.clld.org/parameters/4-280>		<http://ids.clld.org/values/4-280-286-1>		"paramašiʔ"@pav	
"pʰila"@cap	<http://ids.clld.org/values/1-215-270-1>		<http://ids.clld.org/parameters/1-215>		<http://ids.clld.org/values/1-215-286-1>		"namayi"@pav	
"mama"@cap	<http://ids.clld.org/values/2-360-270-1>		<http://ids.clld.org/parameters/2-360>		<http://ids.clld.org/values/2-360-286-1>		"naʔ"@pav	
"ḳooči"@cap	<http://ids.clld.org/values/12-650-270-1>		<http://ids.clld.org/parameters/12-650>		<http://ids.clld.org/values/12-650-286-1>		"šašiʔ"@pav	
"čawkʷa"@cap	<http://ids.clld.org/values/14-150-270-1>		<http://ids.clld.org/parameters/14-150>		<http://ids.clld.org/values/14-150-286-1>		"maraʔ"@pav	
"čawkʷa"@cap	<http://ids.clld.org/values/14-150-270-1>		<http://ids.clld.org/parameters/14-150>		<http://ids.clld.org/values/14-150-286-3>		"horon"@pav	
"eḳš"@cap	<http://ids.clld.org/values/16-530-270-3>		<http://ids.clld.org/parameters/16-530>		<http://ids.clld.org/values/16-530-286-1>		"yinʔ"@pav	
"ṣ̌oɲi"@cap	<http://ids.clld.org/values/2-100-270-1>		<http://ids.clld.org/parameters/2-100>		<http://ids.clld.org/values/2-100-286-1>		"wariʔ"@pav	
"exp"@cap	<http://ids.clld.org/values/2-350-270-1>		<http://ids.clld.org/parameters/2-350>		<http://ids.clld.org/values/2-350-286-1>		"te"@pav	
"ḳʰaš"@cap	<http://ids.clld.org/values/1-310-270-1>		<http://ids.clld.org/parameters/1-310>		<http://ids.clld.org/values/1-310-286-1>		"kom (komišiʔ)"@pav	
"ṣ̌ewa"@cap	<http://ids.clld.org/values/12-410-270-1>		<http://ids.clld.org/parameters/12-410>		<http://ids.clld.org/values/12-410-286-1>		"irikwerešiʔ"@pav	
"uyi"@cap	<http://ids.clld.org/values/1-770-270-1>		<http://ids.clld.org/parameters/1-770>		<http://ids.clld.org/values/1-770-286-1>		"šio šio"@pav	
"šḳara"@cap	<http://ids.clld.org/values/12-420-270-1>		<http://ids.clld.org/parameters/12-420>		<http://ids.clld.org/values/12-420-286-1>		"parayišiʔ"@pav	
"maataḳa"@cap	<http://ids.clld.org/values/2-220-270-1>		<http://ids.clld.org/parameters/2-220>		<http://ids.clld.org/values/2-220-286-1>		"narimaʔ"@pav	
"tx̣ax̣-"@cap	<http://ids.clld.org/values/4-610-270-1>		<http://ids.clld.org/parameters/4-610>		<http://ids.clld.org/values/4-610-286-1>		"piʔam"@pav	
"tʰap-š"@cap	<http://ids.clld.org/values/1-851-270-3>		<http://ids.clld.org/parameters/1-851>		<http://ids.clld.org/values/1-851-286-3>		"wiran"@pav	
"tʰap-š"@cap	<http://ids.clld.org/values/1-851-270-3>		<http://ids.clld.org/parameters/1-851>		<http://ids.clld.org/values/1-851-286-1>		"tom"@pav	
"tʰap-š"@cap	<http://ids.clld.org/values/1-851-270-3>		<http://ids.clld.org/parameters/1-851>		<http://ids.clld.org/values/1-851-286-5>		"karahoʔ"@pav	
"ween"@cap	<http://ids.clld.org/values/14-420-270-3>		<http://ids.clld.org/parameters/14-420>		<http://ids.clld.org/values/14-420-286-1>		"šim"@pav	
"kˀilʸu"@cap	<http://ids.clld.org/values/15-690-270-1>		<http://ids.clld.org/parameters/15-690>		<http://ids.clld.org/values/15-690-286-1>		"košik"@pav	
"tii"@cap	<http://ids.clld.org/values/2-930-270-1>		<http://ids.clld.org/parameters/2-930>		<http://ids.clld.org/values/2-930-286-1>		"ko maʔ"@pav	
"piška"@cap	<http://ids.clld.org/values/13-20-270-1>		<http://ids.clld.org/parameters/13-20>		<http://ids.clld.org/values/13-20-286-1>		"tuku karakan"@pav	
"ḳˀoɲi"@cap	<http://ids.clld.org/values/15-851-270-1>		<http://ids.clld.org/parameters/15-851>		<http://ids.clld.org/values/15-851-286-3>		"nonoe"@pav	
"ḳˀoɲi"@cap	<http://ids.clld.org/values/15-851-270-1>		<http://ids.clld.org/parameters/15-851>		<http://ids.clld.org/values/15-851-286-1>		"šain"@pav	
"tʰuɲi"@cap	<http://ids.clld.org/values/14-410-270-1>		<http://ids.clld.org/parameters/14-410>		<http://ids.clld.org/values/14-410-286-1>		"šek"@pav	
"hoo-"@cap	<http://ids.clld.org/values/9-330-270-1>		<http://ids.clld.org/parameters/9-330>		<http://ids.clld.org/values/9-330-286-1>		"kök"@pav	
"munti-naka"@cap	<http://ids.clld.org/values/1-410-270-1>		<http://ids.clld.org/parameters/1-410>		<http://ids.clld.org/values/1-410-286-1>		"nahwarak"@pav	
"txoḳ-"@cap	<http://ids.clld.org/values/10-230-270-3>		<http://ids.clld.org/parameters/10-230>		<http://ids.clld.org/values/10-230-286-3>		"kamaraʔ"@pav	
"txoḳ-"@cap	<http://ids.clld.org/values/10-230-270-3>		<http://ids.clld.org/parameters/10-230>		<http://ids.clld.org/values/10-230-286-1>		"panʔ"@pav	
"ḳʰoɲi"@cap	<http://ids.clld.org/values/15-840-270-1>		<http://ids.clld.org/parameters/15-840>		<http://ids.clld.org/values/15-840-286-1>		"kawainʔ"@pav	
"awči"@cap	<http://ids.clld.org/values/15-830-270-1>		<http://ids.clld.org/parameters/15-830>		<http://ids.clld.org/values/15-830-286-1>		"šoʔ"@pav	
"tʰami"@cap	<http://ids.clld.org/values/1-720-270-1>		<http://ids.clld.org/parameters/1-720>		<http://ids.clld.org/values/1-720-286-1>		"hotowa"@pav	
"paḳu"@cap	<http://ids.clld.org/values/3-610-270-1>		<http://ids.clld.org/parameters/3-610>		<http://ids.clld.org/values/3-610-286-1>		"oromiyak"@pav	
"lik-š"@cap	<http://ids.clld.org/values/5-130-270-1>		<http://ids.clld.org/parameters/5-130>		<http://ids.clld.org/values/5-130-286-1>		"tok"@pav	
"lik-š"@cap	<http://ids.clld.org/values/5-130-270-1>		<http://ids.clld.org/parameters/5-130>		<http://ids.clld.org/values/5-130-286-3>		"tototok"@pav	
"lxomi"@cap	<http://ids.clld.org/values/8-540-270-3>		<http://ids.clld.org/parameters/8-540>		<http://ids.clld.org/values/8-540-286-1>		"kašimain"@pav	
"čʰixpi"@cap	<http://ids.clld.org/values/13-210-270-1>		<http://ids.clld.org/parameters/13-210>		<http://ids.clld.org/values/13-210-286-5>		"maʔam"@pav	
"čʰixpi"@cap	<http://ids.clld.org/values/13-210-270-1>		<http://ids.clld.org/parameters/13-210>		<http://ids.clld.org/values/13-210-286-3>		"moromoinʔ"@pav	
"čʰixpi"@cap	<http://ids.clld.org/values/13-210-270-1>		<http://ids.clld.org/parameters/13-210>		<http://ids.clld.org/values/13-210-286-1>		"moinʔ"@pav	
"itš"@cap	<http://ids.clld.org/values/5-160-270-1>		<http://ids.clld.org/parameters/5-160>		<http://ids.clld.org/values/5-160-286-1>		"šok"@pav	
"itš"@cap	<http://ids.clld.org/values/5-160-270-1>		<http://ids.clld.org/parameters/5-160>		<http://ids.clld.org/values/5-160-286-3>		"šak"@pav	
"čiwi"@cap	<http://ids.clld.org/values/15-640-270-1>		<http://ids.clld.org/parameters/15-640>		<http://ids.clld.org/values/15-640-286-1>		"towoʔ"@pav	
"lis"@cap	<http://ids.clld.org/values/4-350-270-1>		<http://ids.clld.org/parameters/4-350>		<http://ids.clld.org/values/4-350-286-1>		"pišiyašiʔ"@pav	
"lis"@cap	<http://ids.clld.org/values/4-350-270-1>		<http://ids.clld.org/parameters/4-350>		<http://ids.clld.org/values/4-350-286-3>		"kokošiʔ"@pav	
"ṣ̌et-š"@cap	<http://ids.clld.org/values/4-740-270-1>		<http://ids.clld.org/parameters/4-740>		<http://ids.clld.org/values/4-740-286-1>		"eʔ"@pav	
"maš"@cap	<http://ids.clld.org/values/1-440-270-3>		<http://ids.clld.org/parameters/1-440>		<http://ids.clld.org/values/1-440-286-1>		"pakun"@pav	
"c̷oḳ"@cap	<http://ids.clld.org/values/15-650-270-1>		<http://ids.clld.org/parameters/15-650>		<http://ids.clld.org/values/15-650-286-1>		"mišem"@pav	
"ana šuma"@cap	<http://ids.clld.org/values/16-720-270-1>		<http://ids.clld.org/parameters/16-720>		<http://ids.clld.org/values/16-720-286-1>		"kayi"@pav	
"pʰaxḳalʸa"@cap	<http://ids.clld.org/values/8-570-270-1>		<http://ids.clld.org/parameters/8-570>		<http://ids.clld.org/values/8-570-286-3>		"wiyein"@pav	
"pʰaxḳalʸa"@cap	<http://ids.clld.org/values/8-570-270-1>		<http://ids.clld.org/parameters/8-570>		<http://ids.clld.org/values/8-570-286-1>		"piwain"@pav	
"ninaka"@cap	<http://ids.clld.org/values/2-960-270-1>		<http://ids.clld.org/parameters/2-960>		<http://ids.clld.org/values/2-960-286-1>		"karam maʔ"@pav	
"čara"@cap	<http://ids.clld.org/values/4-140-270-1>		<http://ids.clld.org/parameters/4-140>		<http://ids.clld.org/values/4-140-286-1>		"tenenešiʔ"@pav	
"čara"@cap	<http://ids.clld.org/values/4-140-270-1>		<http://ids.clld.org/parameters/4-140>		<http://ids.clld.org/values/4-140-286-3>		"tenenein (šun)"@pav	
"weṣ̌la"@cap	<http://ids.clld.org/values/3-581-270-1>		<http://ids.clld.org/parameters/3-581>		<http://ids.clld.org/values/3-581-286-1>		"me"@pav	
"čˀiš"@cap	<http://ids.clld.org/values/3-650-270-1>		<http://ids.clld.org/parameters/3-650>		<http://ids.clld.org/values/3-650-286-1>		"hwam (hwamišiʔ)"@pav	
"ḳʰur-š"@cap	<http://ids.clld.org/values/11-310-270-1>		<http://ids.clld.org/parameters/11-310>		<http://ids.clld.org/values/11-310-286-1>		"noro"@pav	
"kʰewa"@cap	<http://ids.clld.org/values/5-791-270-1>		<http://ids.clld.org/parameters/5-791>		<http://ids.clld.org/values/5-791-286-1>		"homain"@pav	
"naa"@cap	<http://ids.clld.org/values/2-930-270-5>		<http://ids.clld.org/parameters/2-930>		<http://ids.clld.org/values/2-930-286-1>		"ko maʔ"@pav	
"kʰari"@cap	<http://ids.clld.org/values/12-610-270-3>		<http://ids.clld.org/parameters/12-610>		<http://ids.clld.org/values/12-610-286-1>		"kote ne kimain"@pav	
"suri"@cap	<http://ids.clld.org/values/16-420-270-1>		<http://ids.clld.org/parameters/16-420>		<http://ids.clld.org/values/16-420-286-1>		"manaʔ"@pav	
"tʰam"@cap	<http://ids.clld.org/values/10-380-270-3>		<http://ids.clld.org/parameters/10-380>		<http://ids.clld.org/values/10-380-286-3>		"hukoʔ"@pav	
"tʰam"@cap	<http://ids.clld.org/values/10-380-270-3>		<http://ids.clld.org/parameters/10-380>		<http://ids.clld.org/values/10-380-286-1>		"hu"@pav	
"munti"@cap	<http://ids.clld.org/values/1-420-270-1>		<http://ids.clld.org/parameters/1-420>		<http://ids.clld.org/values/1-420-286-1>		"pana"@pav	
"layš"@cap	<http://ids.clld.org/values/10-370-270-1>		<http://ids.clld.org/parameters/10-370>		<http://ids.clld.org/values/10-370-286-3>		"toin"@pav	
"layš"@cap	<http://ids.clld.org/values/10-370-270-1>		<http://ids.clld.org/parameters/10-370>		<http://ids.clld.org/values/10-370-286-1>		"takiʔ"@pav	
"kʰurš"@cap	<http://ids.clld.org/values/4-180-270-1>		<http://ids.clld.org/parameters/4-180>		<http://ids.clld.org/values/4-180-286-1>		"kahwerein"@pav	
"lar-š"@cap	<http://ids.clld.org/values/9-220-270-1>		<http://ids.clld.org/parameters/9-220>		<http://ids.clld.org/values/9-220-286-7>		"nakarkamʔ"@pav	
"lar-š"@cap	<http://ids.clld.org/values/9-220-270-1>		<http://ids.clld.org/parameters/9-220>		<http://ids.clld.org/values/9-220-286-3>		"wawak"@pav	
"lar-š"@cap	<http://ids.clld.org/values/9-220-270-1>		<http://ids.clld.org/parameters/9-220>		<http://ids.clld.org/values/9-220-286-9>		"ta"@pav	
"lar-š"@cap	<http://ids.clld.org/values/9-220-270-1>		<http://ids.clld.org/parameters/9-220>		<http://ids.clld.org/values/9-220-286-5>		"nakamʔ"@pav	
"lar-š"@cap	<http://ids.clld.org/values/9-220-270-1>		<http://ids.clld.org/parameters/9-220>		<http://ids.clld.org/values/9-220-286-1>		"wak"@pav	
"walu"@cap	<http://ids.clld.org/values/4-461-270-1>		<http://ids.clld.org/parameters/4-461>		<http://ids.clld.org/values/4-461-286-1>		"monošiʔ (mon)"@pav	
"ux"@cap	<http://ids.clld.org/values/1-810-270-1>		<http://ids.clld.org/parameters/1-810>		<http://ids.clld.org/values/1-810-286-1>		"še"@pav	
"lop-"@cap	<http://ids.clld.org/values/15-880-270-3>		<http://ids.clld.org/parameters/15-880>		<http://ids.clld.org/values/15-880-286-1>		"mišem"@pav	
"xex-"@cap	<http://ids.clld.org/values/4-510-270-1>		<http://ids.clld.org/parameters/4-510>		<http://ids.clld.org/values/4-510-286-1>		"wereme"@pav	
"čixɲi"@cap	<http://ids.clld.org/values/1-750-270-1>		<http://ids.clld.org/parameters/1-750>		<http://ids.clld.org/values/1-750-286-1>		"šowiʔ"@pav	
"xʷetš"@cap	<http://ids.clld.org/values/8-220-270-1>		<http://ids.clld.org/parameters/8-220>		<http://ids.clld.org/values/8-220-286-1>		"še"@pav	
"xʷetš"@cap	<http://ids.clld.org/values/8-220-270-1>		<http://ids.clld.org/parameters/8-220>		<http://ids.clld.org/values/8-220-286-3>		"šikeʔ"@pav	
"ixkš"@cap	<http://ids.clld.org/values/5-480-270-1>		<http://ids.clld.org/parameters/5-480>		<http://ids.clld.org/values/5-480-286-1>		"kuruk"@pav	
"werx"@cap	<http://ids.clld.org/values/2-910-270-1>		<http://ids.clld.org/parameters/2-910>		<http://ids.clld.org/values/2-910-286-1>		"wataʔ"@pav	
"c̷ʰix"@cap	<http://ids.clld.org/values/4-160-270-1>		<http://ids.clld.org/parameters/4-160>		<http://ids.clld.org/values/4-160-286-1>		"arašiʔ (at)"@pav	
"c̷ˀirḳa"@cap	<http://ids.clld.org/values/3-650-270-3>		<http://ids.clld.org/parameters/3-650>		<http://ids.clld.org/values/3-650-286-1>		"hwam (hwamišiʔ)"@pav	
"lxok"@cap	<http://ids.clld.org/values/4-150-270-1>		<http://ids.clld.org/parameters/4-150>		<http://ids.clld.org/values/4-150-286-1>		"kišiʔ (wik)"@pav	
"ṣ̌oxr-"@cap	<http://ids.clld.org/values/15-880-270-5>		<http://ids.clld.org/parameters/15-880>		<http://ids.clld.org/values/15-880-286-1>		"mišem"@pav	
"c̷xiri"@cap	<http://ids.clld.org/values/1-730-270-1>		<http://ids.clld.org/parameters/1-730>		<http://ids.clld.org/values/1-730-286-1>		"tayain nanawin"@pav	
"tʰun"@cap	<http://ids.clld.org/values/2-320-270-1>		<http://ids.clld.org/parameters/2-320>		<http://ids.clld.org/values/2-320-286-1>		"mana"@pav	
"laawš"@cap	<http://ids.clld.org/values/15-860-270-3>		<http://ids.clld.org/parameters/15-860>		<http://ids.clld.org/values/15-860-286-1>		"šio"@pav	
"laawš"@cap	<http://ids.clld.org/values/15-860-270-3>		<http://ids.clld.org/parameters/15-860>		<http://ids.clld.org/values/15-860-286-3>		"kapinʔ"@pav	
"tik-č̣a"@cap	<http://ids.clld.org/values/4-750-270-3>		<http://ids.clld.org/parameters/4-750>		<http://ids.clld.org/values/4-750-286-3>		"konoʔ"@pav	
"tik-č̣a"@cap	<http://ids.clld.org/values/4-750-270-3>		<http://ids.clld.org/parameters/4-750>		<http://ids.clld.org/values/4-750-286-1>		"miʔ pin"@pav	
"č̣ʰuxki"@cap	<http://ids.clld.org/values/4-210-270-1>		<http://ids.clld.org/parameters/4-210>		<http://ids.clld.org/values/4-210-286-1>		"tokošiʔ (tok)"@pav	
"luktaḳa"@cap	<http://ids.clld.org/values/2-210-270-1>		<http://ids.clld.org/parameters/2-210>		<http://ids.clld.org/values/2-210-286-1>		"taramaʔ"@pav	
"-tʰuuči"@cap	<http://ids.clld.org/values/4-853-270-3>		<http://ids.clld.org/parameters/4-853>		<http://ids.clld.org/values/4-853-286-1>		"mom"@pav	
"kʰi-"@cap	<http://ids.clld.org/values/18-210-270-1>		<http://ids.clld.org/parameters/18-210>		<http://ids.clld.org/values/18-210-286-1>		"tomiʔ"@pav	
"wen"@cap	<http://ids.clld.org/values/14-420-270-1>		<http://ids.clld.org/parameters/14-420>		<http://ids.clld.org/values/14-420-286-1>		"šim"@pav	
"šepˀa"@cap	<http://ids.clld.org/values/8-540-270-1>		<http://ids.clld.org/parameters/8-540>		<http://ids.clld.org/values/8-540-286-1>		"kašimain"@pav	
"kuru"@cap	<http://ids.clld.org/values/1-220-270-1>		<http://ids.clld.org/parameters/1-220>		<http://ids.clld.org/values/1-220-286-1>		"pakun"@pav	
"awxs"@cap	<http://ids.clld.org/values/9-360-270-1>		<http://ids.clld.org/parameters/9-360>		<http://ids.clld.org/values/9-360-286-3>		"toʔ"@pav	
"awxs"@cap	<http://ids.clld.org/values/9-360-270-1>		<http://ids.clld.org/parameters/9-360>		<http://ids.clld.org/values/9-360-286-1>		"hohok"@pav	
"loč"@cap	<http://ids.clld.org/values/15-880-270-1>		<http://ids.clld.org/parameters/15-880>		<http://ids.clld.org/values/15-880-286-1>		"mišem"@pav	
"luxl-"@cap	<http://ids.clld.org/values/5-110-270-1>		<http://ids.clld.org/parameters/5-110>		<http://ids.clld.org/values/5-110-286-1>		"kaoʔ"@pav	
"luxl-"@cap	<http://ids.clld.org/values/5-110-270-1>		<http://ids.clld.org/parameters/5-110>		<http://ids.clld.org/values/5-110-286-3>		"kakakaoʔ"@pav	
"šixl-"@cap	<http://ids.clld.org/values/5-480-270-3>		<http://ids.clld.org/parameters/5-480>		<http://ids.clld.org/values/5-480-286-1>		"kuruk"@pav	
"tʰaxr-ki-"@cap	<http://ids.clld.org/values/4-560-270-5>		<http://ids.clld.org/parameters/4-560>		<http://ids.clld.org/values/4-560-286-1>		"hupaʔ"@pav	
"luko"@cap	<http://ids.clld.org/values/2-310-270-1>		<http://ids.clld.org/parameters/2-310>		<http://ids.clld.org/values/2-310-286-1>		"taši"@pav	
"c̷ʰits-"@cap	<http://ids.clld.org/values/12-150-270-3>		<http://ids.clld.org/parameters/12-150>		<http://ids.clld.org/values/12-150-286-1>		"tekiʔ pe"@pav	
"c̷ʰits-"@cap	<http://ids.clld.org/values/12-150-270-3>		<http://ids.clld.org/parameters/12-150>		<http://ids.clld.org/values/12-150-286-3>		"tekiʔ to"@pav	
"šḳora"@cap	<http://ids.clld.org/values/3-850-270-1>		<http://ids.clld.org/parameters/3-850>		<http://ids.clld.org/values/3-850-286-1>		"emʔ"@pav	
"ḳxara"@cap	<http://ids.clld.org/values/4-330-270-1>		<http://ids.clld.org/parameters/4-330>		<http://ids.clld.org/values/4-330-286-1>		"mišiʔ"@pav	
"ḳxara"@cap	<http://ids.clld.org/values/4-330-270-1>		<http://ids.clld.org/parameters/4-330>		<http://ids.clld.org/values/4-330-286-3>		"(umʔ)"@pav	
"šika"@cap	<http://ids.clld.org/values/8-560-270-3>		<http://ids.clld.org/parameters/8-560>		<http://ids.clld.org/values/8-560-286-1>		"tenenein"@pav	
"c̷ukči"@cap	<http://ids.clld.org/values/16-530-270-1>		<http://ids.clld.org/parameters/16-530>		<http://ids.clld.org/values/16-530-286-1>		"yinʔ"@pav	
"luxl-š"@cap	<http://ids.clld.org/values/5-110-270-3>		<http://ids.clld.org/parameters/5-110>		<http://ids.clld.org/values/5-110-286-1>		"kaoʔ"@pav	
"luxl-š"@cap	<http://ids.clld.org/values/5-110-270-3>		<http://ids.clld.org/parameters/5-110>		<http://ids.clld.org/values/5-110-286-3>		"kakakaoʔ"@pav	
"lapˀiṣ̌iš"@cap	<http://ids.clld.org/values/17-130-270-1>		<http://ids.clld.org/parameters/17-130>		<http://ids.clld.org/values/17-130-286-1>		"koromikat"@pav	
"wata"@cap	<http://ids.clld.org/values/14-730-270-1>		<http://ids.clld.org/parameters/14-730>		<http://ids.clld.org/values/14-730-286-1>		"kawašiʔ"@pav	
"ḳʰutu"@cap	<http://ids.clld.org/values/13-140-270-1>		<http://ids.clld.org/parameters/13-140>		<http://ids.clld.org/values/13-140-286-1>		"šam"@pav	
"tʰuu"@cap	<http://ids.clld.org/values/18-280-270-1>		<http://ids.clld.org/parameters/18-280>		<http://ids.clld.org/values/18-280-286-1>		"wišišiʔ (wit)"@pav	
"paxš"@cap	<http://ids.clld.org/values/17-170-270-1>		<http://ids.clld.org/parameters/17-170>		<http://ids.clld.org/values/17-170-286-1>		"tašiʔ"@pav	
"paxš"@cap	<http://ids.clld.org/values/17-170-270-1>		<http://ids.clld.org/parameters/17-170>		<http://ids.clld.org/values/17-170-286-3>		"kerek"@pav	
"paxš"@cap	<http://ids.clld.org/values/17-170-270-1>		<http://ids.clld.org/parameters/17-170>		<http://ids.clld.org/values/17-170-286-5>		"kerek pinʔ"@pav	
"las"@cap	<http://ids.clld.org/values/4-260-270-1>		<http://ids.clld.org/parameters/4-260>		<http://ids.clld.org/values/4-260-286-1>		"petehwet nešiʔ (petehwet)"@pav	
"ača"@cap	<http://ids.clld.org/values/4-200-270-1>		<http://ids.clld.org/parameters/4-200>		<http://ids.clld.org/values/4-200-286-1>		"winašiʔ (wayiʔ)"@pav	
"tuši"@cap	<http://ids.clld.org/values/4-440-270-3>		<http://ids.clld.org/parameters/4-440>		<http://ids.clld.org/values/4-440-286-1>		"šimišiʔ (šim)"@pav	
"nakʰu"@cap	<http://ids.clld.org/values/12-440-270-1>		<http://ids.clld.org/parameters/12-440>		<http://ids.clld.org/values/12-440-286-1>		"pira"@pav	
"yoḳa"@cap	<http://ids.clld.org/values/1-210-270-1>		<http://ids.clld.org/parameters/1-210>		<http://ids.clld.org/values/1-210-286-1>		"makanʔ"@pav	
"čʰaɲi"@cap	<http://ids.clld.org/values/8-560-270-1>		<http://ids.clld.org/parameters/8-560>		<http://ids.clld.org/values/8-560-286-1>		"tenenein"@pav	
"tan-ḳat-"@cap	<http://ids.clld.org/values/1-851-270-1>		<http://ids.clld.org/parameters/1-851>		<http://ids.clld.org/values/1-851-286-3>		"wiran"@pav	
"tan-ḳat-"@cap	<http://ids.clld.org/values/1-851-270-1>		<http://ids.clld.org/parameters/1-851>		<http://ids.clld.org/values/1-851-286-1>		"tom"@pav	
"tan-ḳat-"@cap	<http://ids.clld.org/values/1-851-270-1>		<http://ids.clld.org/parameters/1-851>		<http://ids.clld.org/values/1-851-286-5>		"karahoʔ"@pav	
"maa"@cap	<http://ids.clld.org/values/2-360-270-3>		<http://ids.clld.org/parameters/2-360>		<http://ids.clld.org/values/2-360-286-1>		"naʔ"@pav	
"tˀirč̣a"@cap	<http://ids.clld.org/values/6-350-270-1>		<http://ids.clld.org/parameters/6-350>		<http://ids.clld.org/values/6-350-286-1>		"ok"@pav	
"paḳʰi"@cap	<http://ids.clld.org/values/12-550-270-1>		<http://ids.clld.org/parameters/12-550>		<http://ids.clld.org/values/12-550-286-1>		"hwaraʔ"@pav	
"paḳʰi"@cap	<http://ids.clld.org/values/12-550-270-1>		<http://ids.clld.org/parameters/12-550>		<http://ids.clld.org/values/12-550-286-3>		"horon"@pav	
"xʷaxt-š"@cap	<http://ids.clld.org/values/9-210-270-3>		<http://ids.clld.org/parameters/9-210>		<http://ids.clld.org/values/9-210-286-1>		"toʔ"@pav	
"kʰat-š"@cap	<http://ids.clld.org/values/20-110-270-1>		<http://ids.clld.org/parameters/20-110>		<http://ids.clld.org/values/20-110-286-1>		"mišita"@pav	
"tʰuxt-š"@cap	<http://ids.clld.org/values/4-560-270-1>		<http://ids.clld.org/parameters/4-560>		<http://ids.clld.org/values/4-560-286-1>		"hupaʔ"@pav	
"toyi"@cap	<http://ids.clld.org/values/8-510-270-3>		<http://ids.clld.org/parameters/8-510>		<http://ids.clld.org/values/8-510-286-1>		"tononoin"@pav	
"[lʸanu]"@cap	<http://ids.clld.org/values/15-770-270-1>		<http://ids.clld.org/parameters/15-770>		<http://ids.clld.org/values/15-770-286-1>		"topišik"@pav	
"ḳoltalʸa"@cap	<http://ids.clld.org/values/12-590-270-3>		<http://ids.clld.org/parameters/12-590>		<http://ids.clld.org/values/12-590-286-1>		"wiyimain"@pav	
"pʰaaxtš"@cap	<http://ids.clld.org/values/4-450-270-1>		<http://ids.clld.org/parameters/4-450>		<http://ids.clld.org/values/4-450-286-1>		"tarawanašiʔ (tarawan)"@pav	
"apatatš"@cap	<http://ids.clld.org/values/12-150-270-1>		<http://ids.clld.org/parameters/12-150>		<http://ids.clld.org/values/12-150-286-1>		"tekiʔ pe"@pav	
"apatatš"@cap	<http://ids.clld.org/values/12-150-270-1>		<http://ids.clld.org/parameters/12-150>		<http://ids.clld.org/values/12-150-286-3>		"tekiʔ to"@pav	
"čʰax̣pi"@cap	<http://ids.clld.org/values/8-750-270-1>		<http://ids.clld.org/parameters/8-750>		<http://ids.clld.org/values/8-750-286-1>		"tapari"@pav	
"xat-"@cap	<http://ids.clld.org/values/15-780-270-3>		<http://ids.clld.org/parameters/15-780>		<http://ids.clld.org/values/15-780-286-1>		"šaʔ"@pav	
"awi"@cap	<http://ids.clld.org/values/15-830-270-3>		<http://ids.clld.org/parameters/15-830>		<http://ids.clld.org/values/15-830-286-1>		"šoʔ"@pav	
"č̣ʰap-"@cap	<http://ids.clld.org/values/9-223-270-1>		<http://ids.clld.org/parameters/9-223>		<http://ids.clld.org/values/9-223-286-1>		"šukunʔ"@pav	
"čʰišwi"@cap	<http://ids.clld.org/values/5-610-270-1>		<http://ids.clld.org/parameters/5-610>		<http://ids.clld.org/values/5-610-286-1>		"karawa (karamayišiʔ)"@pav	
"liksi"@cap	<http://ids.clld.org/values/15-810-270-1>		<http://ids.clld.org/parameters/15-810>		<http://ids.clld.org/values/15-810-286-3>		"taʔ man"@pav	
"liksi"@cap	<http://ids.clld.org/values/15-810-270-1>		<http://ids.clld.org/parameters/15-810>		<http://ids.clld.org/values/15-810-286-1>		"šite"@pav	
"liksi"@cap	<http://ids.clld.org/values/15-810-270-1>		<http://ids.clld.org/parameters/15-810>		<http://ids.clld.org/values/15-810-286-5>		"teʔ man"@pav	
"xikš"@cap	<http://ids.clld.org/values/10-720-270-1>		<http://ids.clld.org/parameters/10-720>		<http://ids.clld.org/values/10-720-286-1>		"wana (wanayišiʔ)"@pav	
"lukmaxč"@cap	<http://ids.clld.org/values/2-270-270-1>		<http://ids.clld.org/parameters/2-270>		<http://ids.clld.org/values/2-270-286-1>		"piyeʔ"@pav	
"sex̣wa"@cap	<http://ids.clld.org/values/12-730-270-1>		<http://ids.clld.org/parameters/12-730>		<http://ids.clld.org/values/12-730-286-1>		"ka om šone ne"@pav	
"nii"@cap	<http://ids.clld.org/values/2-930-270-3>		<http://ids.clld.org/parameters/2-930>		<http://ids.clld.org/values/2-930-286-1>		"ko maʔ"@pav	
"pʰuxš"@cap	<http://ids.clld.org/values/10-380-270-1>		<http://ids.clld.org/parameters/10-380>		<http://ids.clld.org/values/10-380-286-3>		"hukoʔ"@pav	
"pʰuxš"@cap	<http://ids.clld.org/values/10-380-270-1>		<http://ids.clld.org/parameters/10-380>		<http://ids.clld.org/values/10-380-286-1>		"hu"@pav	
"ṣ̌ḳeti"@cap	<http://ids.clld.org/values/1-213-270-1>		<http://ids.clld.org/parameters/1-213>		<http://ids.clld.org/values/1-213-286-1>		"tainʔ"@pav	
"uṣ̌in-š"@cap	<http://ids.clld.org/values/16-260-270-1>		<http://ids.clld.org/parameters/16-260>		<http://ids.clld.org/values/16-260-286-1>		"warayu"@pav	
"xiiš"@cap	<http://ids.clld.org/values/1-530-270-1>		<http://ids.clld.org/parameters/1-530>		<http://ids.clld.org/values/1-530-286-1>		"panawoʔ"@pav	
"č̣oḳxa"@cap	<http://ids.clld.org/values/12-630-270-1>		<http://ids.clld.org/parameters/12-630>		<http://ids.clld.org/values/12-630-286-1>		"kwere"@pav	
"am"@cap	<http://ids.clld.org/values/2-920-270-1>		<http://ids.clld.org/parameters/2-920>		<http://ids.clld.org/values/2-920-286-1>		"wum"@pav	
"ewu"@cap	<http://ids.clld.org/values/14-130-270-1>		<http://ids.clld.org/parameters/14-130>		<http://ids.clld.org/values/14-130-286-1>		"šokori"@pav	
"x̣oči"@cap	<http://ids.clld.org/values/1-330-270-1>		<http://ids.clld.org/parameters/1-330>		<http://ids.clld.org/values/1-330-286-1>		"šuteremʔ"@pav	
"rik-š"@cap	<http://ids.clld.org/values/9-220-270-3>		<http://ids.clld.org/parameters/9-220>		<http://ids.clld.org/values/9-220-286-7>		"nakarkamʔ"@pav	
"rik-š"@cap	<http://ids.clld.org/values/9-220-270-3>		<http://ids.clld.org/parameters/9-220>		<http://ids.clld.org/values/9-220-286-3>		"wawak"@pav	
"rik-š"@cap	<http://ids.clld.org/values/9-220-270-3>		<http://ids.clld.org/parameters/9-220>		<http://ids.clld.org/values/9-220-286-9>		"ta"@pav	
"rik-š"@cap	<http://ids.clld.org/values/9-220-270-3>		<http://ids.clld.org/parameters/9-220>		<http://ids.clld.org/values/9-220-286-5>		"nakamʔ"@pav	
"rik-š"@cap	<http://ids.clld.org/values/9-220-270-3>		<http://ids.clld.org/parameters/9-220>		<http://ids.clld.org/values/9-220-286-1>		"wak"@pav	
"isḳs"@cap	<http://ids.clld.org/values/16-530-270-5>		<http://ids.clld.org/parameters/16-530>		<http://ids.clld.org/values/16-530-286-1>		"yinʔ"@pav	
"eš"@cap	<http://ids.clld.org/values/10-230-270-1>		<http://ids.clld.org/parameters/10-230>		<http://ids.clld.org/values/10-230-286-3>		"kamaraʔ"@pav	
"eš"@cap	<http://ids.clld.org/values/10-230-270-1>		<http://ids.clld.org/parameters/10-230>		<http://ids.clld.org/values/10-230-286-1>		"panʔ"@pav	
"moxkči"@cap	<http://ids.clld.org/values/5-125-270-1>		<http://ids.clld.org/parameters/5-125>		<http://ids.clld.org/values/5-125-286-1>		"šowuru"@pav	
"tʰuɲi"@cap	<http://ids.clld.org/values/1-520-270-1>		<http://ids.clld.org/parameters/1-520>		<http://ids.clld.org/values/1-520-286-1>		"šina"@pav	
"wara-wara"@cap	<http://ids.clld.org/values/1-540-270-1>		<http://ids.clld.org/parameters/1-540>		<http://ids.clld.org/values/1-540-286-1>		"piyoʔ"@pav	
"pˀata"@cap	<http://ids.clld.org/values/13-210-270-3>		<http://ids.clld.org/parameters/13-210>		<http://ids.clld.org/values/13-210-286-5>		"maʔam"@pav	
"pˀata"@cap	<http://ids.clld.org/values/13-210-270-3>		<http://ids.clld.org/parameters/13-210>		<http://ids.clld.org/values/13-210-286-3>		"moromoinʔ"@pav	
"pˀata"@cap	<http://ids.clld.org/values/13-210-270-3>		<http://ids.clld.org/parameters/13-210>		<http://ids.clld.org/values/13-210-286-1>		"moinʔ"@pav	
"axpš"@cap	<http://ids.clld.org/values/12-140-270-1>		<http://ids.clld.org/parameters/12-140>		<http://ids.clld.org/values/12-140-286-1>		"teremʔ"@pav	
"axpš"@cap	<http://ids.clld.org/values/12-140-270-1>		<http://ids.clld.org/parameters/12-140>		<http://ids.clld.org/values/12-140-286-3>		"tokoʔ"@pav	
"yačalʸa"@cap	<http://ids.clld.org/values/13-170-270-1>		<http://ids.clld.org/parameters/13-170>		<http://ids.clld.org/values/13-170-286-1>		"parek"@pav	
"wexr-naka"@cap	<http://ids.clld.org/values/2-942-270-1>		<http://ids.clld.org/parameters/2-942>		<http://ids.clld.org/values/2-942-286-1>		"warut"@pav	
"laxč-a"@cap	<http://ids.clld.org/values/12-570-270-1>		<http://ids.clld.org/parameters/12-570>		<http://ids.clld.org/values/12-570-286-1>		"matam"@pav	
"moḳ-š"@cap	<http://ids.clld.org/values/9-160-270-1>		<http://ids.clld.org/parameters/9-160>		<http://ids.clld.org/values/9-160-286-1>		"tuku"@pav	
"ḳuš"@cap	<http://ids.clld.org/values/4-440-270-1>		<http://ids.clld.org/parameters/4-440>		<http://ids.clld.org/values/4-440-286-1>		"šimišiʔ (šim)"@pav	
"ḳolta"@cap	<http://ids.clld.org/values/12-590-270-1>		<http://ids.clld.org/parameters/12-590>		<http://ids.clld.org/values/12-590-286-1>		"wiyimain"@pav	
"šiš"@cap	<http://ids.clld.org/values/17-170-270-3>		<http://ids.clld.org/parameters/17-170>		<http://ids.clld.org/values/17-170-286-1>		"tašiʔ"@pav	
"šiš"@cap	<http://ids.clld.org/values/17-170-270-3>		<http://ids.clld.org/parameters/17-170>		<http://ids.clld.org/values/17-170-286-3>		"kerek"@pav	
"šiš"@cap	<http://ids.clld.org/values/17-170-270-3>		<http://ids.clld.org/parameters/17-170>		<http://ids.clld.org/values/17-170-286-5>		"kerek pinʔ"@pav	
"x̣otš"@cap	<http://ids.clld.org/values/4-570-270-1>		<http://ids.clld.org/parameters/4-570>		<http://ids.clld.org/values/4-570-286-1>		"weʔ"@pav	
"muks"@cap	<http://ids.clld.org/values/15-210-270-1>		<http://ids.clld.org/parameters/15-210>		<http://ids.clld.org/values/15-210-286-3>		"hu"@pav	
"muks"@cap	<http://ids.clld.org/values/15-210-270-1>		<http://ids.clld.org/parameters/15-210>		<http://ids.clld.org/values/15-210-286-1>		"nak"@pav	
"non-š"@cap	<http://ids.clld.org/values/15-410-270-1>		<http://ids.clld.org/parameters/15-410>		<http://ids.clld.org/values/15-410-286-1>		"tarayu"@pav	
"tʰon-š"@cap	<http://ids.clld.org/values/10-480-270-1>		<http://ids.clld.org/parameters/10-480>		<http://ids.clld.org/values/10-480-286-1>		"makiʔ"@pav	
"puxu"@cap	<http://ids.clld.org/values/1-360-270-1>		<http://ids.clld.org/parameters/1-360>		<http://ids.clld.org/values/1-360-286-1>		"kom"@pav	
"č̣ara"@cap	<http://ids.clld.org/values/1-440-270-1>		<http://ids.clld.org/parameters/1-440>		<http://ids.clld.org/values/1-440-286-1>		"pakun"@pav	
"nuk-ta"@cap	<http://ids.clld.org/values/12-550-270-3>		<http://ids.clld.org/parameters/12-550>		<http://ids.clld.org/values/12-550-286-1>		"hwaraʔ"@pav	
"nuk-ta"@cap	<http://ids.clld.org/values/12-550-270-3>		<http://ids.clld.org/parameters/12-550>		<http://ids.clld.org/values/12-550-286-3>		"horon"@pav	
"pača (?)"@cap	<http://ids.clld.org/values/1-510-270-3>		<http://ids.clld.org/parameters/1-510>		<http://ids.clld.org/values/1-510-286-1>		"nanawin"@pav	
"x̣ar-x̣ar-š"@cap	<http://ids.clld.org/values/16-250-270-3>		<http://ids.clld.org/parameters/16-250>		<http://ids.clld.org/values/16-250-286-1>		"tatamʔ"@pav	
"x̣ar-x̣ar-š"@cap	<http://ids.clld.org/values/16-250-270-3>		<http://ids.clld.org/parameters/16-250>		<http://ids.clld.org/values/16-250-286-3>		"katamʔ"@pav	
"iṣ̌-ḳe"@cap	<http://ids.clld.org/values/4-270-270-1>		<http://ids.clld.org/parameters/4-270>		<http://ids.clld.org/values/4-270-286-1>		"šišiʔ (yat)"@pav	
"kʰi-"@cap	<http://ids.clld.org/values/18-220-270-1>		<http://ids.clld.org/parameters/18-220>		<http://ids.clld.org/values/18-220-286-1>		"tomiʔ šoʔ"@pav	
"piš"@cap	<http://ids.clld.org/values/4-410-270-1>		<http://ids.clld.org/parameters/4-410>		<http://ids.clld.org/values/4-410-286-1>		"karašišiʔ (katat)"@pav	
"oxḳ-"@cap	<http://ids.clld.org/values/10-450-270-1>		<http://ids.clld.org/parameters/10-450>		<http://ids.clld.org/values/10-450-286-1>		"šut"@pav	
"oxḳ-"@cap	<http://ids.clld.org/values/10-450-270-1>		<http://ids.clld.org/parameters/10-450>		<http://ids.clld.org/values/10-450-286-3>		"šurušut"@pav	
"tor-š"@cap	<http://ids.clld.org/values/10-670-270-1>		<http://ids.clld.org/parameters/10-670>		<http://ids.clld.org/values/10-670-286-1>		"yök"@pav	
"ker-"@cap	<http://ids.clld.org/values/2-230-270-1>		<http://ids.clld.org/parameters/2-230>		<http://ids.clld.org/values/2-230-286-1>		"taramaʔ"@pav	
"č̣ˀat-š"@cap	<http://ids.clld.org/values/4-580-270-3>		<http://ids.clld.org/parameters/4-580>		<http://ids.clld.org/values/4-580-286-1>		"kio"@pav	
