"xeeku"@cap	<http://ids.clld.org/values/12-430-270-1>		<http://ids.clld.org/parameters/12-430>		<http://ids.clld.org/values/12-430-242-1>		"muungdani"@mot	
"lomi"@cap	<http://ids.clld.org/values/4-560-270-3>		<http://ids.clld.org/parameters/4-560>		<http://ids.clld.org/values/4-560-242-1>		"kurukduu"@mot	
"ṣ̌ḳara"@cap	<http://ids.clld.org/values/3-585-270-1>		<http://ids.clld.org/parameters/3-585>		<http://ids.clld.org/values/3-585-242-1>		"ōtakdā"@mot	
"saki"@cap	<http://ids.clld.org/values/15-860-270-1>		<http://ids.clld.org/parameters/15-860>		<http://ids.clld.org/values/15-860-242-1>		"tɨɨšini"@mot	
"wiri"@cap	<http://ids.clld.org/values/4-464-270-1>		<http://ids.clld.org/parameters/4-464>		<http://ids.clld.org/values/4-464-242-1>		"ahtūu"@mot	
"ḳx̣ara"@cap	<http://ids.clld.org/values/4-392-270-1>		<http://ids.clld.org/parameters/4-392>		<http://ids.clld.org/values/4-392-242-1>		"ãčĩĩ"@mot	
"xaḳsi"@cap	<http://ids.clld.org/values/17-660-270-1>		<http://ids.clld.org/parameters/17-660>		<http://ids.clld.org/values/17-660-242-1>		"abããhã"@mot	
"tik-š"@cap	<http://ids.clld.org/values/4-750-270-1>		<http://ids.clld.org/parameters/4-750>		<http://ids.clld.org/values/4-750-242-1>		"širɨ̃ aḳbaikãng"@mot	
"anč̣ʰuk"@cap	<http://ids.clld.org/values/2-950-270-1>		<http://ids.clld.org/parameters/2-950>		<http://ids.clld.org/values/2-950-242-1>		"bidyi"@mot	
"xiɲa"@cap	<http://ids.clld.org/values/5-640-270-1>		<http://ids.clld.org/parameters/5-640>		<http://ids.clld.org/values/5-640-242-1>		"aribāh"@mot	
"kʰuɲi"@cap	<http://ids.clld.org/values/4-220-270-1>		<http://ids.clld.org/parameters/4-220>		<http://ids.clld.org/values/4-220-242-1>		"koḳčii"@mot	
"xulš"@cap	<http://ids.clld.org/values/12-130-270-1>		<http://ids.clld.org/parameters/12-130>		<http://ids.clld.org/values/12-130-242-1>		"kaani"@mot	
"pʰaši"@cap	<http://ids.clld.org/values/4-393-270-1>		<http://ids.clld.org/parameters/4-393>		<http://ids.clld.org/values/4-393-242-1>		"ããčĩĩ"@mot	
"ḳʰuč̣a"@cap	<http://ids.clld.org/values/5-260-270-1>		<http://ids.clld.org/parameters/5-260>		<http://ids.clld.org/values/5-260-242-1>		"bašikalai"@mot	
"čʰinš-ḳiši"@cap	<http://ids.clld.org/values/7-422-270-1>		<http://ids.clld.org/parameters/7-422>		<http://ids.clld.org/values/7-422-242-1>		"šanšān"@mot	
"oša"@cap	<http://ids.clld.org/values/4-230-270-1>		<http://ids.clld.org/parameters/4-230>		<http://ids.clld.org/values/4-230-242-1>		"ḍiisa"@mot	
"owa"@cap	<http://ids.clld.org/values/4-360-270-1>		<http://ids.clld.org/parameters/4-360>		<http://ids.clld.org/values/4-360-242-1>		"obãã"@mot	
"is-ɲi"@cap	<http://ids.clld.org/values/4-344-270-1>		<http://ids.clld.org/parameters/4-344>		<http://ids.clld.org/values/4-344-242-1>		"šdooh"@mot	
"čawkʷa"@cap	<http://ids.clld.org/values/2-461-270-3>		<http://ids.clld.org/parameters/2-461>		<http://ids.clld.org/values/2-461-242-1>		"sagdou"@mot	
"yuxḳpača"@cap	<http://ids.clld.org/values/13-150-270-3>		<http://ids.clld.org/parameters/13-150>		<http://ids.clld.org/values/13-150-242-1>		"škikbeh"@mot	
"arax̣pača"@cap	<http://ids.clld.org/values/1-510-270-1>		<http://ids.clld.org/parameters/1-510>		<http://ids.clld.org/values/1-510-242-1>		"baḍũ"@mot	
"čʰep"@cap	<http://ids.clld.org/values/13-30-270-1>		<http://ids.clld.org/parameters/13-30>		<http://ids.clld.org/values/13-30-242-3>		"bitentoḳou"@mot	
"čʰep"@cap	<http://ids.clld.org/values/13-30-270-1>		<http://ids.clld.org/parameters/13-30>		<http://ids.clld.org/values/13-30-242-1>		"tentoḳou"@mot	
"čuwa"@cap	<http://ids.clld.org/values/5-320-270-3>		<http://ids.clld.org/parameters/5-320>		<http://ids.clld.org/values/5-320-242-1>		"dado"@mot	
"xʷixtša"@cap	<http://ids.clld.org/values/9-310-270-1>		<http://ids.clld.org/parameters/9-310>		<http://ids.clld.org/values/9-310-242-1>		"dyuug-dyug"@mot	
"č̣ʰap-"@cap	<http://ids.clld.org/values/9-460-270-1>		<http://ids.clld.org/parameters/9-460>		<http://ids.clld.org/values/9-460-242-1>		"akotukããn"@mot	
"x̣orkiṣ̌a"@cap	<http://ids.clld.org/values/6-750-270-1>		<http://ids.clld.org/parameters/6-750>		<http://ids.clld.org/values/6-750-242-1>		"karahšī"@mot	
"tura"@cap	<http://ids.clld.org/values/2-261-270-5>		<http://ids.clld.org/parameters/2-261>		<http://ids.clld.org/values/2-261-242-1>		"ašibī dou"@mot	
"xorxorɲi"@cap	<http://ids.clld.org/values/1-560-270-1>		<http://ids.clld.org/parameters/1-560>		<http://ids.clld.org/values/1-560-242-1>		"bihdāri"@mot	
"it-s"@cap	<http://ids.clld.org/values/18-120-270-1>		<http://ids.clld.org/parameters/18-120>		<http://ids.clld.org/values/18-120-242-1>		"čibaa"@mot	
"ṣ̌ḳon-š"@cap	<http://ids.clld.org/values/4-660-270-1>		<http://ids.clld.org/parameters/4-660>		<http://ids.clld.org/values/4-660-242-1>		"ahtū"@mot	
"lokˀana"@cap	<http://ids.clld.org/values/4-340-270-1>		<http://ids.clld.org/parameters/4-340>		<http://ids.clld.org/values/4-340-242-1>		"aḳduu kiokbā"@mot	
"šuču"@cap	<http://ids.clld.org/values/4-940-270-1>		<http://ids.clld.org/parameters/4-940>		<http://ids.clld.org/values/4-940-242-1>		"sōodoru"@mot	
"xayra"@cap	<http://ids.clld.org/values/4-920-270-1>		<http://ids.clld.org/parameters/4-920>		<http://ids.clld.org/values/4-920-242-1>		"aktarã"@mot	
"[akila]"@cap	<http://ids.clld.org/values/3-584-270-1>		<http://ids.clld.org/parameters/3-584>		<http://ids.clld.org/values/3-584-242-1>		"banko"@mot	
"otš"@cap	<http://ids.clld.org/values/4-910-270-1>		<http://ids.clld.org/parameters/4-910>		<http://ids.clld.org/values/4-910-242-1>		"sabaribō"@mot	
"xex-s"@cap	<http://ids.clld.org/values/4-912-270-1>		<http://ids.clld.org/parameters/4-912>		<http://ids.clld.org/values/4-912-242-1>		"onšikākna"@mot	
"tx̣at-š"@cap	<http://ids.clld.org/values/5-181-270-3>		<http://ids.clld.org/parameters/5-181>		<http://ids.clld.org/values/5-181-242-1>		"kurī"@mot	
"ṣ̌ḳeti"@cap	<http://ids.clld.org/values/1-830-270-1>		<http://ids.clld.org/parameters/1-830>		<http://ids.clld.org/values/1-830-242-1>		"iiraḳbah"@mot	
"ačiku"@cap	<http://ids.clld.org/values/3-630-270-1>		<http://ids.clld.org/parameters/3-630>		<http://ids.clld.org/values/3-630-242-1>		"dahtumia"@mot	
"šiɲi"@cap	<http://ids.clld.org/values/5-970-270-1>		<http://ids.clld.org/parameters/5-970>		<http://ids.clld.org/values/5-970-242-1>		"ãã"@mot	
"sarḳi"@cap	<http://ids.clld.org/values/8-510-270-1>		<http://ids.clld.org/parameters/8-510>		<http://ids.clld.org/values/8-510-242-1>		"ši"@mot	
"wel-"@cap	<http://ids.clld.org/values/5-230-270-3>		<http://ids.clld.org/parameters/5-230>		<http://ids.clld.org/values/5-230-242-1>		"yoobī"@mot	
"kʰuɲ-lapʰi"@cap	<http://ids.clld.org/values/4-221-270-1>		<http://ids.clld.org/parameters/4-221>		<http://ids.clld.org/values/4-221-242-1>		"kokčaidyi"@mot	
"ik-"@cap	<http://ids.clld.org/values/4-730-270-1>		<http://ids.clld.org/parameters/4-730>		<http://ids.clld.org/values/4-730-242-1>		"bugdama"@mot	
"axpš"@cap	<http://ids.clld.org/values/7-420-270-1>		<http://ids.clld.org/parameters/7-420>		<http://ids.clld.org/values/7-420-242-1>		"kagsãduoyī"@mot	
"kˀami"@cap	<http://ids.clld.org/values/3-350-270-3>		<http://ids.clld.org/parameters/3-350>		<http://ids.clld.org/values/3-350-242-1>		"bisao"@mot	
"čʰuxt-u"@cap	<http://ids.clld.org/values/12-560-270-3>		<http://ids.clld.org/parameters/12-560>		<http://ids.clld.org/values/12-560-242-3>		"ihtoo"@mot	
"čʰuxt-u"@cap	<http://ids.clld.org/values/12-560-270-3>		<http://ids.clld.org/parameters/12-560>		<http://ids.clld.org/values/12-560-242-1>		"baakaĩ"@mot	
"čerš"@cap	<http://ids.clld.org/values/15-510-270-1>		<http://ids.clld.org/parameters/15-510>		<http://ids.clld.org/values/15-510-242-1>		"maadyi"@mot	
"werara"@cap	<http://ids.clld.org/values/16-730-270-1>		<http://ids.clld.org/parameters/16-730>		<http://ids.clld.org/values/16-730-242-1>		"ããkai"@mot	
"yuḳxu"@cap	<http://ids.clld.org/values/13-150-270-1>		<http://ids.clld.org/parameters/13-150>		<http://ids.clld.org/values/13-150-242-1>		"škikbeh"@mot	
"para"@cap	<http://ids.clld.org/values/1-430-270-1>		<http://ids.clld.org/parameters/1-430>		<http://ids.clld.org/values/1-430-242-1>		"kaa"@mot	
"šapa"@cap	<http://ids.clld.org/values/13-140-270-3>		<http://ids.clld.org/parameters/13-140>		<http://ids.clld.org/values/13-140-242-1>		"ĩĩški"@mot	
"ḳˀoštu"@cap	<http://ids.clld.org/values/12-810-270-1>		<http://ids.clld.org/parameters/12-810>		<http://ids.clld.org/values/12-810-242-1>		"biroorwai"@mot	
"c̷eeku"@cap	<http://ids.clld.org/values/12-80-270-1>		<http://ids.clld.org/parameters/12-80>		<http://ids.clld.org/values/12-80-242-1>		"baaduu"@mot	
"č̣exlš"@cap	<http://ids.clld.org/values/9-160-270-3>		<http://ids.clld.org/parameters/9-160>		<http://ids.clld.org/values/9-160-242-1>		"yuukããn"@mot	
"ḳx̣oxča"@cap	<http://ids.clld.org/values/4-370-270-1>		<http://ids.clld.org/parameters/4-370>		<http://ids.clld.org/values/4-370-242-1>		"kihtuu"@mot	
"xexa"@cap	<http://ids.clld.org/values/4-510-270-3>		<http://ids.clld.org/parameters/4-510>		<http://ids.clld.org/values/4-510-242-1>		"bosobuku"@mot	
"čaxʷkš"@cap	<http://ids.clld.org/values/7-220-270-1>		<http://ids.clld.org/parameters/7-220>		<http://ids.clld.org/values/7-220-242-1>		"unkušū"@mot	
"šḳiši"@cap	<http://ids.clld.org/values/4-120-270-1>		<http://ids.clld.org/parameters/4-120>		<http://ids.clld.org/values/4-120-242-1>		"aɨgšuu"@mot	
"laači"@cap	<http://ids.clld.org/values/4-840-270-5>		<http://ids.clld.org/parameters/4-840>		<http://ids.clld.org/values/4-840-242-1>		"sašini"@mot	
"pʰuč"@cap	<http://ids.clld.org/values/4-460-270-1>		<http://ids.clld.org/parameters/4-460>		<http://ids.clld.org/values/4-460-242-1>		"išii"@mot	
"pʰuč"@cap	<http://ids.clld.org/values/4-460-270-1>		<http://ids.clld.org/parameters/4-460>		<http://ids.clld.org/values/4-460-242-3>		"aišii"@mot	
"č̣ʰulora"@cap	<http://ids.clld.org/values/17-650-270-1>		<http://ids.clld.org/parameters/17-650>		<http://ids.clld.org/values/17-650-242-1>		"aaibi"@mot	
"pʰixšḳa"@cap	<http://ids.clld.org/values/3-960-270-1>		<http://ids.clld.org/parameters/3-960>		<http://ids.clld.org/values/3-960-242-1>		"bačkere"@mot	
"ḳulxš"@cap	<http://ids.clld.org/values/8-220-270-3>		<http://ids.clld.org/parameters/8-220>		<http://ids.clld.org/values/8-220-242-1>		"okdyikããn"@mot	
"tˀiri"@cap	<http://ids.clld.org/values/4-858-270-1>		<http://ids.clld.org/parameters/4-858>		<http://ids.clld.org/values/4-858-242-1>		"kahkā"@mot	
"čˀoxɲa"@cap	<http://ids.clld.org/values/15-680-270-1>		<http://ids.clld.org/parameters/15-680>		<http://ids.clld.org/values/15-680-242-1>		"bireikara"@mot	
"wali"@cap	<http://ids.clld.org/values/16-710-270-3>		<http://ids.clld.org/parameters/16-710>		<http://ids.clld.org/values/16-710-242-1>		"sasaaini"@mot	
"wali"@cap	<http://ids.clld.org/values/16-710-270-3>		<http://ids.clld.org/parameters/16-710>		<http://ids.clld.org/values/16-710-242-3>		"sabaini"@mot	
"uxrku"@cap	<http://ids.clld.org/values/6-420-270-1>		<http://ids.clld.org/parameters/6-420>		<http://ids.clld.org/values/6-420-242-1>		"dukdū"@mot	
"maxt-š"@cap	<http://ids.clld.org/values/4-720-270-1>		<http://ids.clld.org/parameters/4-720>		<http://ids.clld.org/values/4-720-242-1>		"šo"@mot	
"šiwš"@cap	<http://ids.clld.org/values/1-630-270-1>		<http://ids.clld.org/parameters/1-630>		<http://ids.clld.org/values/1-630-242-1>		"sasaayn"@mot	
"tʰup-"@cap	<http://ids.clld.org/values/4-580-270-1>		<http://ids.clld.org/parameters/4-580>		<http://ids.clld.org/values/4-580-242-1>		"baḳosõõ"@mot	
"keka"@cap	<http://ids.clld.org/values/4-400-270-1>		<http://ids.clld.org/parameters/4-400>		<http://ids.clld.org/values/4-400-242-1>		"bidū"@mot	
"kon-"@cap	<http://ids.clld.org/values/4-760-270-1>		<http://ids.clld.org/parameters/4-760>		<http://ids.clld.org/values/4-760-242-1>		"sobãa��"@mot	
"kara"@cap	<http://ids.clld.org/values/12-610-270-1>		<http://ids.clld.org/parameters/12-610>		<http://ids.clld.org/values/12-610-242-1>		"yookari"@mot	
"tʰupi"@cap	<http://ids.clld.org/values/4-810-270-3>		<http://ids.clld.org/parameters/4-810>		<http://ids.clld.org/values/4-810-242-1>		"karābari"@mot	
"oša"@cap	<http://ids.clld.org/values/4-232-270-1>		<http://ids.clld.org/parameters/4-232>		<http://ids.clld.org/values/4-232-242-1>		"isā činči"@mot	
"xaknuš"@cap	<http://ids.clld.org/values/17-610-270-1>		<http://ids.clld.org/parameters/17-610>		<http://ids.clld.org/values/17-610-242-1>		"aangka"@mot	
"č̣axk-"@cap	<http://ids.clld.org/values/9-210-270-1>		<http://ids.clld.org/parameters/9-210>		<http://ids.clld.org/values/9-210-242-1>		"dõõ"@mot	
"č̣axk-"@cap	<http://ids.clld.org/values/9-210-270-1>		<http://ids.clld.org/parameters/9-210>		<http://ids.clld.org/values/9-210-242-3>		"buukši (?)"@mot	
"ḳoxč"@cap	<http://ids.clld.org/values/9-190-270-1>		<http://ids.clld.org/parameters/9-190>		<http://ids.clld.org/values/9-190-242-1>		"kaaḳšibu"@mot	
"ḳoxč"@cap	<http://ids.clld.org/values/9-190-270-1>		<http://ids.clld.org/parameters/9-190>		<http://ids.clld.org/values/9-190-242-3>		"bwaisaɨg"@mot	
"tʰuu-š"@cap	<http://ids.clld.org/values/4-853-270-1>		<http://ids.clld.org/parameters/4-853>		<http://ids.clld.org/values/4-853-242-1>		"ayrãã"@mot	
"noox"@cap	<http://ids.clld.org/values/14-410-270-3>		<http://ids.clld.org/parameters/14-410>		<http://ids.clld.org/values/14-410-242-1>		"barikari"@mot	
"ḳolta"@cap	<http://ids.clld.org/values/12-560-270-1>		<http://ids.clld.org/parameters/12-560>		<http://ids.clld.org/values/12-560-242-3>		"ihtoo"@mot	
"ḳolta"@cap	<http://ids.clld.org/values/12-560-270-1>		<http://ids.clld.org/parameters/12-560>		<http://ids.clld.org/values/12-560-242-1>		"baakaĩ"@mot	
"čʰišwi"@cap	<http://ids.clld.org/values/4-130-270-1>		<http://ids.clld.org/parameters/4-130>		<http://ids.clld.org/values/4-130-242-1>		"šungbāa"@mot	
"yaku"@cap	<http://ids.clld.org/values/5-810-270-1>		<http://ids.clld.org/parameters/5-810>		<http://ids.clld.org/values/5-810-242-1>		"saabĩ"@mot	
"šuma"@cap	<http://ids.clld.org/values/16-710-270-1>		<http://ids.clld.org/parameters/16-710>		<http://ids.clld.org/values/16-710-242-1>		"sasaaini"@mot	
"šuma"@cap	<http://ids.clld.org/values/16-710-270-1>		<http://ids.clld.org/parameters/16-710>		<http://ids.clld.org/values/16-710-242-3>		"sabaini"@mot	
"oxk-š"@cap	<http://ids.clld.org/values/10-320-270-1>		<http://ids.clld.org/parameters/10-320>		<http://ids.clld.org/values/10-320-242-1>		"širurũ otaḳbari"@mot	
"keru"@cap	<http://ids.clld.org/values/2-230-270-3>		<http://ids.clld.org/parameters/2-230>		<http://ids.clld.org/values/2-230-242-1>		"ataida"@mot	
"tʰaa-"@cap	<http://ids.clld.org/values/11-210-270-1>		<http://ids.clld.org/parameters/11-210>		<http://ids.clld.org/values/11-210-242-1>		"iiran"@mot	
"lxaxspa"@cap	<http://ids.clld.org/values/7-640-270-3>		<http://ids.clld.org/parameters/7-640>		<http://ids.clld.org/values/7-640-242-1>		"barakay"@mot	
"xanči"@cap	<http://ids.clld.org/values/4-110-270-1>		<http://ids.clld.org/parameters/4-110>		<http://ids.clld.org/values/4-110-242-1>		"aidyīi"@mot	
"ṣ̌on"@cap	<http://ids.clld.org/values/2-220-270-3>		<http://ids.clld.org/parameters/2-220>		<http://ids.clld.org/values/2-220-242-1>		"byoo"@mot	
"munti"@cap	<http://ids.clld.org/values/8-600-270-1>		<http://ids.clld.org/parameters/8-600>		<http://ids.clld.org/values/8-600-242-1>		"kãa"@mot	
"tax"@cap	<http://ids.clld.org/values/4-190-270-1>		<http://ids.clld.org/parameters/4-190>		<http://ids.clld.org/values/4-190-242-1>		"kwĩ"@mot	
"sami"@cap	<http://ids.clld.org/values/3-811-270-1>		<http://ids.clld.org/parameters/3-811>		<http://ids.clld.org/values/3-811-242-1>		"kuu"@mot	
"ḳʰup"@cap	<http://ids.clld.org/values/1-840-270-1>		<http://ids.clld.org/parameters/1-840>		<http://ids.clld.org/values/1-840-242-1>		"ibuungdyi"@mot	
"axmuš exp"@cap	<http://ids.clld.org/values/2-610-270-1>		<http://ids.clld.org/parameters/2-610>		<http://ids.clld.org/values/2-610-242-1>		"ahgyība"@mot	
"ata"@cap	<http://ids.clld.org/values/4-240-270-1>		<http://ids.clld.org/parameters/4-240>		<http://ids.clld.org/values/4-240-242-1>		"kaḳšuu"@mot	
"luktaḳa"@cap	<http://ids.clld.org/values/2-380-270-1>		<http://ids.clld.org/parameters/2-380>		<http://ids.clld.org/values/2-380-242-1>		"da"@mot	
"atpulu"@cap	<http://ids.clld.org/values/4-250-270-1>		<http://ids.clld.org/parameters/4-250>		<http://ids.clld.org/values/4-250-242-1>		"kaḳšu"@mot	
"wexr-ki"@cap	<http://ids.clld.org/values/2-910-270-3>		<http://ids.clld.org/parameters/2-910>		<http://ids.clld.org/values/2-910-242-1>		"nãi"@mot	
"ari"@cap	<http://ids.clld.org/values/15-780-270-1>		<http://ids.clld.org/parameters/15-780>		<http://ids.clld.org/values/15-780-242-1>		"ihkobaaini"@mot	
"ṣ̌eti"@cap	<http://ids.clld.org/values/4-740-270-3>		<http://ids.clld.org/parameters/4-740>		<http://ids.clld.org/values/4-740-242-3>		"baɨgbari"@mot	
"ṣ̌eti"@cap	<http://ids.clld.org/values/4-740-270-3>		<http://ids.clld.org/parameters/4-740>		<http://ids.clld.org/values/4-740-242-1>		"dobaɨgbari"@mot	
"ṣ̌oɲi"@cap	<http://ids.clld.org/values/2-210-270-3>		<http://ids.clld.org/parameters/2-210>		<http://ids.clld.org/values/2-210-242-1>		"la"@mot	
"lxat walʸpa"@cap	<http://ids.clld.org/values/3-540-270-1>		<http://ids.clld.org/parameters/3-540>		<http://ids.clld.org/values/3-540-242-1>		"kari"@mot	
"lxok"@cap	<http://ids.clld.org/values/15-660-270-1>		<http://ids.clld.org/parameters/15-660>		<http://ids.clld.org/values/15-660-242-1>		"bohḳaraa"@mot	
"č̣ʰuxk ata"@cap	<http://ids.clld.org/values/4-213-270-1>		<http://ids.clld.org/parameters/4-213>		<http://ids.clld.org/values/4-213-242-1>		"ōwahšū"@mot	
"luktaḳa"@cap	<http://ids.clld.org/values/2-310-270-3>		<http://ids.clld.org/parameters/2-310>		<http://ids.clld.org/values/2-310-242-1>		"aataida"@mot	
"pišti ~ pišti kona"@cap	<http://ids.clld.org/values/4-843-270-1>		<http://ids.clld.org/parameters/4-843>		<http://ids.clld.org/values/4-843-242-1>		"iroghba"@mot	
"[kalšuna]"@cap	<http://ids.clld.org/values/6-480-270-1>		<http://ids.clld.org/parameters/6-480>		<http://ids.clld.org/values/6-480-242-1>		"ašiõkba"@mot	
"laa"@cap	<http://ids.clld.org/values/4-840-270-3>		<http://ids.clld.org/parameters/4-840>		<http://ids.clld.org/values/4-840-242-1>		"sašini"@mot	
"ḳaši"@cap	<http://ids.clld.org/values/4-280-270-1>		<http://ids.clld.org/parameters/4-280>		<http://ids.clld.org/values/4-280-242-3>		"aboo aidyi"@mot	
"ḳaši"@cap	<http://ids.clld.org/values/4-280-270-1>		<http://ids.clld.org/parameters/4-280>		<http://ids.clld.org/values/4-280-242-1>		"aboo"@mot	
"pʰila"@cap	<http://ids.clld.org/values/1-215-270-1>		<http://ids.clld.org/parameters/1-215>		<http://ids.clld.org/values/1-215-242-1>		"ũũngda"@mot	
"xaḳsi-kin"@cap	<http://ids.clld.org/values/17-660-270-3>		<http://ids.clld.org/parameters/17-660>		<http://ids.clld.org/values/17-660-242-1>		"abããhã"@mot	
"mama"@cap	<http://ids.clld.org/values/2-360-270-1>		<http://ids.clld.org/parameters/2-360>		<http://ids.clld.org/values/2-360-242-1>		"abaama"@mot	
"ḳooči"@cap	<http://ids.clld.org/values/12-650-270-1>		<http://ids.clld.org/parameters/12-650>		<http://ids.clld.org/values/12-650-242-1>		"ihtoo"@mot	
"tʰut-š"@cap	<http://ids.clld.org/values/6-110-270-3>		<http://ids.clld.org/parameters/6-110>		<http://ids.clld.org/values/6-110-242-1>		"kāasa"@mot	
"tʰun"@cap	<http://ids.clld.org/values/2-390-270-1>		<http://ids.clld.org/parameters/2-390>		<http://ids.clld.org/values/2-390-242-1>		"byoo"@mot	
"čawkʷa"@cap	<http://ids.clld.org/values/14-150-270-1>		<http://ids.clld.org/parameters/14-150>		<http://ids.clld.org/values/14-150-242-1>		"saatdau"@mot	
"axk-"@cap	<http://ids.clld.org/values/3-160-270-1>		<http://ids.clld.org/parameters/3-160>		<http://ids.clld.org/values/3-160-242-1>		"dihdyi"@mot	
"eḳš"@cap	<http://ids.clld.org/values/16-530-270-3>		<http://ids.clld.org/parameters/16-530>		<http://ids.clld.org/values/16-530-242-1>		"doḳtosõn"@mot	
"wexlši"@cap	<http://ids.clld.org/values/5-123-270-1>		<http://ids.clld.org/parameters/5-123>		<http://ids.clld.org/values/5-123-242-1>		"kibūuni"@mot	
"ačuku"@cap	<http://ids.clld.org/values/3-630-270-3>		<http://ids.clld.org/parameters/3-630>		<http://ids.clld.org/values/3-630-242-1>		"dahtumia"@mot	
"iš"@cap	<http://ids.clld.org/values/4-670-270-3>		<http://ids.clld.org/parameters/4-670>		<http://ids.clld.org/values/4-670-242-1>		"šikbā dikaina"@mot	
"ṣ̌oɲi"@cap	<http://ids.clld.org/values/2-100-270-1>		<http://ids.clld.org/parameters/2-100>		<http://ids.clld.org/values/2-100-242-1>		"barī"@mot	
"č̣ʰuxkc̷ems"@cap	<http://ids.clld.org/values/4-214-270-1>		<http://ids.clld.org/parameters/4-214>		<http://ids.clld.org/values/4-214-242-1>		"obāšišī"@mot	
"exp"@cap	<http://ids.clld.org/values/2-350-270-1>		<http://ids.clld.org/parameters/2-350>		<http://ids.clld.org/values/2-350-242-1>		"aataida"@mot	
"ḳʰaš"@cap	<http://ids.clld.org/values/1-310-270-1>		<http://ids.clld.org/parameters/1-310>		<http://ids.clld.org/values/1-310-242-1>		"šiima"@mot	
"šḳala"@cap	<http://ids.clld.org/values/1-230-270-1>		<http://ids.clld.org/parameters/1-230>		<http://ids.clld.org/values/1-230-242-1>		"bẽa"@mot	
"mamani"@cap	<http://ids.clld.org/values/3-585-270-3>		<http://ids.clld.org/parameters/3-585>		<http://ids.clld.org/values/3-585-242-1>		"ōtakdā"@mot	
"ṣ̌ewa"@cap	<http://ids.clld.org/values/12-410-270-1>		<http://ids.clld.org/parameters/12-410>		<http://ids.clld.org/values/12-410-242-1>		"ããkai"@mot	
"lokˀana"@cap	<http://ids.clld.org/values/4-380-270-1>		<http://ids.clld.org/parameters/4-380>		<http://ids.clld.org/values/4-380-242-1>		"kuhtū biktrikbī"@mot	
"x̣oran-š"@cap	<http://ids.clld.org/values/4-612-270-1>		<http://ids.clld.org/parameters/4-612>		<http://ids.clld.org/values/4-612-242-1>		"kabāla"@mot	
"šara"@cap	<http://ids.clld.org/values/4-145-270-1>		<http://ids.clld.org/parameters/4-145>		<http://ids.clld.org/values/4-145-242-1>		"bakači"@mot	
"uyi"@cap	<http://ids.clld.org/values/1-770-270-1>		<http://ids.clld.org/parameters/1-770>		<http://ids.clld.org/values/1-770-242-1>		"sasaung-šiima"@mot	
"šana"@cap	<http://ids.clld.org/values/7-220-270-3>		<http://ids.clld.org/parameters/7-220>		<http://ids.clld.org/values/7-220-242-1>		"unkušū"@mot	
"ḳiri"@cap	<http://ids.clld.org/values/3-350-270-1>		<http://ids.clld.org/parameters/3-350>		<http://ids.clld.org/values/3-350-242-1>		"bisao"@mot	
"šḳara"@cap	<http://ids.clld.org/values/12-420-270-1>		<http://ids.clld.org/parameters/12-420>		<http://ids.clld.org/values/12-420-242-1>		"miikã"@mot	
"maataḳa"@cap	<http://ids.clld.org/values/2-220-270-1>		<http://ids.clld.org/parameters/2-220>		<http://ids.clld.org/values/2-220-242-1>		"byoo"@mot	
"tx̣ax̣-"@cap	<http://ids.clld.org/values/4-610-270-1>		<http://ids.clld.org/parameters/4-610>		<http://ids.clld.org/values/4-610-242-3>		"ooškɨkʔ"@mot	
"tx̣ax̣-"@cap	<http://ids.clld.org/values/4-610-270-1>		<http://ids.clld.org/parameters/4-610>		<http://ids.clld.org/values/4-610-242-1>		"kabukãng"@mot	
"čˀoklu"@cap	<http://ids.clld.org/values/6-810-270-1>		<http://ids.clld.org/parameters/6-810>		<http://ids.clld.org/values/6-810-242-1>		"aḳduu"@mot	
"tʰap-š"@cap	<http://ids.clld.org/values/1-851-270-3>		<http://ids.clld.org/parameters/1-851>		<http://ids.clld.org/values/1-851-242-1>		"dyoosaḳãn"@mot	
"ween"@cap	<http://ids.clld.org/values/14-420-270-3>		<http://ids.clld.org/parameters/14-420>		<http://ids.clld.org/values/14-420-242-1>		"sɨ̃ɨ̃"@mot	
"kˀilʸu"@cap	<http://ids.clld.org/values/15-690-270-1>		<http://ids.clld.org/parameters/15-690>		<http://ids.clld.org/values/15-690-242-1>		"karikã ašungdu"@mot	
"ṣ̌kʰuxku"@cap	<http://ids.clld.org/values/12-620-270-1>		<http://ids.clld.org/parameters/12-620>		<http://ids.clld.org/values/12-620-242-1>		"bwaikaan"@mot	
"tii"@cap	<http://ids.clld.org/values/2-930-270-1>		<http://ids.clld.org/parameters/2-930>		<http://ids.clld.org/values/2-930-242-1>		"oobãi"@mot	
"piška"@cap	<http://ids.clld.org/values/13-20-270-1>		<http://ids.clld.org/parameters/13-20>		<http://ids.clld.org/values/13-20-242-1>		"ĩĩsaami"@mot	
"čula"@cap	<http://ids.clld.org/values/2-280-270-1>		<http://ids.clld.org/parameters/2-280>		<http://ids.clld.org/values/2-280-242-1>		"bahkuī"@mot	
"x̣oṣ̌a"@cap	<http://ids.clld.org/values/3-160-270-3>		<http://ids.clld.org/parameters/3-160>		<http://ids.clld.org/values/3-160-242-1>		"dihdyi"@mot	
"tʰuɲi"@cap	<http://ids.clld.org/values/14-410-270-1>		<http://ids.clld.org/parameters/14-410>		<http://ids.clld.org/values/14-410-242-1>		"barikari"@mot	
"xekt"@cap	<http://ids.clld.org/values/17-680-270-1>		<http://ids.clld.org/parameters/17-680>		<http://ids.clld.org/values/17-680-242-1>		"ããmai"@mot	
"lxat-"@cap	<http://ids.clld.org/values/3-130-270-1>		<http://ids.clld.org/parameters/3-130>		<http://ids.clld.org/values/3-130-242-1>		"abama"@mot	
"čeḳʰinš"@cap	<http://ids.clld.org/values/4-680-270-1>		<http://ids.clld.org/parameters/4-680>		<http://ids.clld.org/values/4-680-242-1>		"dikdeira"@mot	
"munti-naka"@cap	<http://ids.clld.org/values/1-410-270-1>		<http://ids.clld.org/parameters/1-410>		<http://ids.clld.org/values/1-410-242-1>		"itenči"@mot	
"txoḳ-"@cap	<http://ids.clld.org/values/10-230-270-3>		<http://ids.clld.org/parameters/10-230>		<http://ids.clld.org/values/10-230-242-1>		"baɨgkirakbã"@mot	
"xikš"@cap	<http://ids.clld.org/values/10-710-270-1>		<http://ids.clld.org/parameters/10-710>		<http://ids.clld.org/values/10-710-242-1>		"šikɨ"@mot	
"ḳʰoɲi"@cap	<http://ids.clld.org/values/15-840-270-1>		<http://ids.clld.org/parameters/15-840>		<http://ids.clld.org/values/15-840-242-1>		"buruuni"@mot	
"kʰixsinš"@cap	<http://ids.clld.org/values/4-854-270-1>		<http://ids.clld.org/parameters/4-854>		<http://ids.clld.org/values/4-854-242-1>		"alošīni"@mot	
"awči"@cap	<http://ids.clld.org/values/15-830-270-1>		<http://ids.clld.org/parameters/15-830>		<http://ids.clld.org/values/15-830-242-1>		"atɨšini"@mot	
"tʰami"@cap	<http://ids.clld.org/values/1-720-270-1>		<http://ids.clld.org/parameters/1-720>		<http://ids.clld.org/values/1-720-242-1>		"saaba"@mot	
"ṣ̌etḳat-"@cap	<http://ids.clld.org/values/4-860-270-1>		<http://ids.clld.org/parameters/4-860>		<http://ids.clld.org/values/4-860-242-1>		"boāimai"@mot	
"paḳu"@cap	<http://ids.clld.org/values/3-610-270-1>		<http://ids.clld.org/parameters/3-610>		<http://ids.clld.org/values/3-610-242-1>		"ḍuraaba"@mot	
"lik-š"@cap	<http://ids.clld.org/values/5-130-270-1>		<http://ids.clld.org/parameters/5-130>		<http://ids.clld.org/values/5-130-242-3>		"aɨkseɨba"@mot	
"lik-š"@cap	<http://ids.clld.org/values/5-130-270-1>		<http://ids.clld.org/parameters/5-130>		<http://ids.clld.org/values/5-130-242-1>		"da"@mot	
"laxča"@cap	<http://ids.clld.org/values/12-580-270-1>		<http://ids.clld.org/parameters/12-580>		<http://ids.clld.org/values/12-580-242-1>		"aḳbakɨ"@mot	
"x̣ora"@cap	<http://ids.clld.org/values/4-290-270-1>		<http://ids.clld.org/parameters/4-290>		<http://ids.clld.org/values/4-290-242-1>		"būuri"@mot	
"[parinti]"@cap	<http://ids.clld.org/values/2-810-270-1>		<http://ids.clld.org/parameters/2-810>		<http://ids.clld.org/values/2-810-242-1>		"sadooyī"@mot	
"ḳˀot-š"@cap	<http://ids.clld.org/values/16-670-270-3>		<http://ids.clld.org/parameters/16-670>		<http://ids.clld.org/values/16-670-242-1>		"aakčirokwã"@mot	
"šaxwi ~ šawxwi"@cap	<http://ids.clld.org/values/4-650-270-3>		<http://ids.clld.org/parameters/4-650>		<http://ids.clld.org/values/4-650-242-1>		"itčiki"@mot	
"lxomi"@cap	<http://ids.clld.org/values/8-540-270-3>		<http://ids.clld.org/parameters/8-540>		<http://ids.clld.org/values/8-540-242-1>		"ašišĩĩ"@mot	
"xila"@cap	<http://ids.clld.org/values/2-444-270-1>		<http://ids.clld.org/parameters/2-444>		<http://ids.clld.org/values/2-444-242-1>		"asāri iddō šōbimai"@mot	
"čʰixpi"@cap	<http://ids.clld.org/values/13-210-270-1>		<http://ids.clld.org/parameters/13-210>		<http://ids.clld.org/values/13-210-242-1>		"booḳbarik"@mot	
"itš"@cap	<http://ids.clld.org/values/5-160-270-1>		<http://ids.clld.org/parameters/5-160>		<http://ids.clld.org/values/5-160-242-3>		"dada"@mot	
"itš"@cap	<http://ids.clld.org/values/5-160-270-1>		<http://ids.clld.org/parameters/5-160>		<http://ids.clld.org/values/5-160-242-1>		"tuu aɨgsadyĩ"@mot	
"kˀoru"@cap	<http://ids.clld.org/values/5-320-270-1>		<http://ids.clld.org/parameters/5-320>		<http://ids.clld.org/values/5-320-242-1>		"dado"@mot	
"čiwi"@cap	<http://ids.clld.org/values/15-640-270-1>		<http://ids.clld.org/parameters/15-640>		<http://ids.clld.org/values/15-640-242-1>		"bačii"@mot	
"čiwi"@cap	<http://ids.clld.org/values/15-640-270-1>		<http://ids.clld.org/parameters/15-640>		<http://ids.clld.org/values/15-640-242-3>		"bačiini"@mot	
"[miši]"@cap	<http://ids.clld.org/values/3-620-270-1>		<http://ids.clld.org/parameters/3-620>		<http://ids.clld.org/values/3-620-242-1>		"biangbiā"@mot	
"matilʸa"@cap	<http://ids.clld.org/values/2-471-270-3>		<http://ids.clld.org/parameters/2-471>		<http://ids.clld.org/values/2-471-242-1>		"šibabiō"@mot	
"lis"@cap	<http://ids.clld.org/values/4-350-270-1>		<http://ids.clld.org/parameters/4-350>		<http://ids.clld.org/values/4-350-242-1>		"kain"@mot	
"ṣ̌et-š"@cap	<http://ids.clld.org/values/4-740-270-1>		<http://ids.clld.org/parameters/4-740>		<http://ids.clld.org/values/4-740-242-3>		"baɨgbari"@mot	
"ṣ̌et-š"@cap	<http://ids.clld.org/values/4-740-270-1>		<http://ids.clld.org/parameters/4-740>		<http://ids.clld.org/values/4-740-242-1>		"dobaɨgbari"@mot	
"wexl-š"@cap	<http://ids.clld.org/values/5-210-270-3>		<http://ids.clld.org/parameters/5-210>		<http://ids.clld.org/values/5-210-242-1>		"binasa"@mot	
"maš"@cap	<http://ids.clld.org/values/1-440-270-3>		<http://ids.clld.org/parameters/1-440>		<http://ids.clld.org/values/1-440-242-3>		"aɨna"@mot	
"maš"@cap	<http://ids.clld.org/values/1-440-270-3>		<http://ids.clld.org/parameters/1-440>		<http://ids.clld.org/values/1-440-242-1>		"ããng"@mot	
"awxs"@cap	<http://ids.clld.org/values/4-690-270-1>		<http://ids.clld.org/parameters/4-690>		<http://ids.clld.org/values/4-690-242-1>		"aobēēbe"@mot	
"c̷oḳ"@cap	<http://ids.clld.org/values/15-650-270-1>		<http://ids.clld.org/parameters/15-650>		<http://ids.clld.org/values/15-650-242-1>		"bɨɨh"@mot	
"ana šuma"@cap	<http://ids.clld.org/values/16-720-270-1>		<http://ids.clld.org/parameters/16-720>		<http://ids.clld.org/values/16-720-242-1>		"arongbɨšini"@mot	
"ana šuma"@cap	<http://ids.clld.org/values/16-720-270-1>		<http://ids.clld.org/parameters/16-720>		<http://ids.clld.org/values/16-720-242-3>		"atraḳaari"@mot	
"is"@cap	<http://ids.clld.org/values/4-590-270-1>		<http://ids.clld.org/parameters/4-590>		<http://ids.clld.org/values/4-590-242-1>		"iaitatahkanina"@mot	
"pʰaxḳalʸa"@cap	<http://ids.clld.org/values/8-570-270-1>		<http://ids.clld.org/parameters/8-570>		<http://ids.clld.org/values/8-570-242-1>		"tootubi"@mot	
"ninaka"@cap	<http://ids.clld.org/values/2-960-270-1>		<http://ids.clld.org/parameters/2-960>		<http://ids.clld.org/values/2-960-242-1>		"oračidyi"@mot	
"škiti"@cap	<http://ids.clld.org/values/6-120-270-1>		<http://ids.clld.org/parameters/6-120>		<http://ids.clld.org/values/6-120-242-1>		"duksā"@mot	
"šal-š"@cap	<http://ids.clld.org/values/2-330-270-1>		<http://ids.clld.org/parameters/2-330>		<http://ids.clld.org/values/2-330-242-1>		"bio kayākba"@mot	
"čara"@cap	<http://ids.clld.org/values/4-140-270-1>		<http://ids.clld.org/parameters/4-140>		<http://ids.clld.org/values/4-140-242-1>		"kãatũũ"@mot	
"weṣ̌la"@cap	<http://ids.clld.org/values/3-581-270-1>		<http://ids.clld.org/parameters/3-581>		<http://ids.clld.org/values/3-581-242-1>		"daarikbi"@mot	
"toɲi"@cap	<http://ids.clld.org/values/4-430-270-1>		<http://ids.clld.org/parameters/4-430>		<http://ids.clld.org/values/4-430-242-1>		"baačiidu"@mot	
"irke irke"@cap	<http://ids.clld.org/values/4-170-270-1>		<http://ids.clld.org/parameters/4-170>		<http://ids.clld.org/values/4-170-242-1>		"abuiroḳdo"@mot	
"irke irke"@cap	<http://ids.clld.org/values/4-170-270-1>		<http://ids.clld.org/parameters/4-170>		<http://ids.clld.org/values/4-170-242-3>		"ačikbi"@mot	
"oš-pʰeta"@cap	<http://ids.clld.org/values/4-231-270-1>		<http://ids.clld.org/parameters/4-231>		<http://ids.clld.org/values/4-231-242-1>		"nisokwā"@mot	
"čˀiš"@cap	<http://ids.clld.org/values/3-650-270-1>		<http://ids.clld.org/parameters/3-650>		<http://ids.clld.org/values/3-650-242-3>		"katutu"@mot	
"čˀiš"@cap	<http://ids.clld.org/values/3-650-270-1>		<http://ids.clld.org/parameters/3-650>		<http://ids.clld.org/values/3-650-242-1>		"tay"@mot	
"kʰewa"@cap	<http://ids.clld.org/values/5-791-270-1>		<http://ids.clld.org/parameters/5-791>		<http://ids.clld.org/values/5-791-242-1>		"ahtooto"@mot	
"eek-š"@cap	<http://ids.clld.org/values/5-140-270-1>		<http://ids.clld.org/parameters/5-140>		<http://ids.clld.org/values/5-140-242-1>		"sairē"@mot	
"naa"@cap	<http://ids.clld.org/values/2-930-270-5>		<http://ids.clld.org/parameters/2-930>		<http://ids.clld.org/values/2-930-242-1>		"oobãi"@mot	
"kʰari"@cap	<http://ids.clld.org/values/12-610-270-3>		<http://ids.clld.org/parameters/12-610>		<http://ids.clld.org/values/12-610-242-1>		"yookari"@mot	
"ɲek-š"@cap	<http://ids.clld.org/values/4-670-270-1>		<http://ids.clld.org/parameters/4-670>		<http://ids.clld.org/values/4-670-242-1>		"šikbā dikaina"@mot	
"paḳpik"@cap	<http://ids.clld.org/values/13-40-270-1>		<http://ids.clld.org/parameters/13-40>		<http://ids.clld.org/values/13-40-242-1>		"asaaridgẽ"@mot	
"tʰam"@cap	<http://ids.clld.org/values/10-380-270-3>		<http://ids.clld.org/parameters/10-380>		<http://ids.clld.org/values/10-380-242-1>		"buubãã"@mot	
"munti"@cap	<http://ids.clld.org/values/1-420-270-1>		<http://ids.clld.org/parameters/1-420>		<http://ids.clld.org/values/1-420-242-1>		"kaa"@mot	
"ṣ̌eti ṣ̌exl-"@cap	<http://ids.clld.org/values/4-830-270-3>		<http://ids.clld.org/parameters/4-830>		<http://ids.clld.org/values/4-830-242-1>		"sabah"@mot	
"čawk-"@cap	<http://ids.clld.org/values/2-461-270-1>		<http://ids.clld.org/parameters/2-461>		<http://ids.clld.org/values/2-461-242-1>		"sagdou"@mot	
"layš"@cap	<http://ids.clld.org/values/10-370-270-1>		<http://ids.clld.org/parameters/10-370>		<http://ids.clld.org/values/10-370-242-1>		"boohboo oḳadyĩ"@mot	
"č̣oḳ ḳome"@cap	<http://ids.clld.org/values/4-351-270-1>		<http://ids.clld.org/parameters/4-351>		<http://ids.clld.org/values/4-351-242-1>		"bibīī"@mot	
"kʰurš"@cap	<http://ids.clld.org/values/4-180-270-1>		<http://ids.clld.org/parameters/4-180>		<http://ids.clld.org/values/4-180-242-1>		"arihku"@mot	
"č̣ʰeri"@cap	<http://ids.clld.org/values/5-410-270-1>		<http://ids.clld.org/parameters/5-410>		<http://ids.clld.org/values/5-410-242-1>		"karabaseina"@mot	
"lar-š"@cap	<http://ids.clld.org/values/9-220-270-1>		<http://ids.clld.org/parameters/9-220>		<http://ids.clld.org/values/9-220-242-1>		"aɨgdaḳan"@mot	
"xila"@cap	<http://ids.clld.org/values/2-440-270-1>		<http://ids.clld.org/parameters/2-440>		<http://ids.clld.org/values/2-440-242-1>		"asari"@mot	
"walu"@cap	<http://ids.clld.org/values/4-461-270-1>		<http://ids.clld.org/parameters/4-461>		<http://ids.clld.org/values/4-461-242-1>		"aaiši"@mot	
"ux"@cap	<http://ids.clld.org/values/1-810-270-1>		<http://ids.clld.org/parameters/1-810>		<http://ids.clld.org/values/1-810-242-1>		"kaaḍɨ"@mot	
"lop-"@cap	<http://ids.clld.org/values/15-880-270-3>		<http://ids.clld.org/parameters/15-880>		<http://ids.clld.org/values/15-880-242-1>		"baidaani"@mot	
"xex-"@cap	<http://ids.clld.org/values/4-510-270-1>		<http://ids.clld.org/parameters/4-510>		<http://ids.clld.org/values/4-510-242-1>		"bosobuku"@mot	
"upa"@cap	<http://ids.clld.org/values/4-960-270-1>		<http://ids.clld.org/parameters/4-960>		<http://ids.clld.org/values/4-960-242-1>		"arikbā"@mot	
"čixɲi"@cap	<http://ids.clld.org/values/1-750-270-1>		<http://ids.clld.org/parameters/1-750>		<http://ids.clld.org/values/1-750-242-1>		"dihkaɨg"@mot	
"xʷetš"@cap	<http://ids.clld.org/values/8-220-270-1>		<http://ids.clld.org/parameters/8-220>		<http://ids.clld.org/values/8-220-242-1>		"okdyikããn"@mot	
"pʰoma"@cap	<http://ids.clld.org/values/1-370-270-1>		<http://ids.clld.org/parameters/1-370>		<http://ids.clld.org/values/1-370-242-1>		"undaghakĩ"@mot	
"werx"@cap	<http://ids.clld.org/values/2-910-270-1>		<http://ids.clld.org/parameters/2-910>		<http://ids.clld.org/values/2-910-242-1>		"nãi"@mot	
"c̷ʰix"@cap	<http://ids.clld.org/values/4-160-270-1>		<http://ids.clld.org/parameters/4-160>		<http://ids.clld.org/values/4-160-242-1>		"ahkara"@mot	
"xekmi"@cap	<http://ids.clld.org/values/17-680-270-3>		<http://ids.clld.org/parameters/17-680>		<http://ids.clld.org/values/17-680-242-1>		"ããmai"@mot	
"pˀišu"@cap	<http://ids.clld.org/values/2-251-270-1>		<http://ids.clld.org/parameters/2-251>		<http://ids.clld.org/values/2-251-242-1>		"atdaku"@mot	
"c̷ˀirḳa"@cap	<http://ids.clld.org/values/3-650-270-3>		<http://ids.clld.org/parameters/3-650>		<http://ids.clld.org/values/3-650-242-3>		"katutu"@mot	
"c̷ˀirḳa"@cap	<http://ids.clld.org/values/3-650-270-3>		<http://ids.clld.org/parameters/3-650>		<http://ids.clld.org/values/3-650-242-1>		"tay"@mot	
"ḳulʸa"@cap	<http://ids.clld.org/values/4-880-270-1>		<http://ids.clld.org/parameters/4-880>		<http://ids.clld.org/values/4-880-242-1>		"ogsā"@mot	
"kalʸa-kalʸa"@cap	<http://ids.clld.org/values/3-818-270-1>		<http://ids.clld.org/parameters/3-818>		<http://ids.clld.org/values/3-818-242-1>		"sōhsõ"@mot	
"wiri maa"@cap	<http://ids.clld.org/values/2-720-270-1>		<http://ids.clld.org/parameters/2-720>		<http://ids.clld.org/values/2-720-242-1>		"abāama"@mot	
"čiɲa"@cap	<http://ids.clld.org/values/3-591-270-1>		<http://ids.clld.org/parameters/3-591>		<http://ids.clld.org/values/3-591-242-1>		"dohdōngba"@mot	
"lxok"@cap	<http://ids.clld.org/values/4-150-270-1>		<http://ids.clld.org/parameters/4-150>		<http://ids.clld.org/values/4-150-242-1>		"aabi"@mot	
"ṣ̌oxr-"@cap	<http://ids.clld.org/values/15-880-270-5>		<http://ids.clld.org/parameters/15-880>		<http://ids.clld.org/values/15-880-242-1>		"baidaani"@mot	
"paḳxi"@cap	<http://ids.clld.org/values/12-580-270-3>		<http://ids.clld.org/parameters/12-580>		<http://ids.clld.org/values/12-580-242-1>		"aḳbakɨ"@mot	
"c̷xiri"@cap	<http://ids.clld.org/values/1-730-270-1>		<http://ids.clld.org/parameters/1-730>		<http://ids.clld.org/values/1-730-242-1>		"nindihkɨ"@mot	
"tʰun"@cap	<http://ids.clld.org/values/2-320-270-1>		<http://ids.clld.org/parameters/2-320>		<http://ids.clld.org/values/2-320-242-1>		"a-byoo-bai"@mot	
"laawš"@cap	<http://ids.clld.org/values/15-860-270-3>		<http://ids.clld.org/parameters/15-860>		<http://ids.clld.org/values/15-860-242-1>		"tɨɨšini"@mot	
"lukmaxč"@cap	<http://ids.clld.org/values/2-250-270-1>		<http://ids.clld.org/parameters/2-250>		<http://ids.clld.org/values/2-250-242-1>		"saaši"@mot	
"uš"@cap	<http://ids.clld.org/values/2-260-270-1>		<http://ids.clld.org/parameters/2-260>		<http://ids.clld.org/values/2-260-242-1>		"šia"@mot	
"maxč"@cap	<http://ids.clld.org/values/2-410-270-1>		<http://ids.clld.org/parameters/2-410>		<http://ids.clld.org/values/2-410-242-1>		"saši"@mot	
"čaxʷkšmari"@cap	<http://ids.clld.org/values/4-342-270-1>		<http://ids.clld.org/parameters/4-342>		<http://ids.clld.org/values/4-342-242-1>		"abi kiokbā"@mot	
"ḳaša"@cap	<http://ids.clld.org/values/3-570-270-1>		<http://ids.clld.org/parameters/3-570>		<http://ids.clld.org/values/3-570-242-1>		"bakbā"@mot	
"[liči]"@cap	<http://ids.clld.org/values/5-860-270-1>		<http://ids.clld.org/parameters/5-860>		<http://ids.clld.org/values/5-860-242-1>		"ahtuu"@mot	
"tik-č̣a"@cap	<http://ids.clld.org/values/4-750-270-3>		<http://ids.clld.org/parameters/4-750>		<http://ids.clld.org/values/4-750-242-1>		"širɨ̃ aḳbaikãng"@mot	
"ḳʰixški"@cap	<http://ids.clld.org/values/4-492-270-1>		<http://ids.clld.org/parameters/4-492>		<http://ids.clld.org/values/4-492-242-1>		"bašišũ"@mot	
"č̣ʰuxki"@cap	<http://ids.clld.org/values/4-210-270-1>		<http://ids.clld.org/parameters/4-210>		<http://ids.clld.org/values/4-210-242-3>		"oošubi"@mot	
"č̣ʰuxki"@cap	<http://ids.clld.org/values/4-210-270-1>		<http://ids.clld.org/parameters/4-210>		<http://ids.clld.org/values/4-210-242-1>		"oo"@mot	
"wats"@cap	<http://ids.clld.org/values/6-330-270-1>		<http://ids.clld.org/parameters/6-330>		<http://ids.clld.org/values/6-330-242-1>		"bakāni"@mot	
"luktaḳa"@cap	<http://ids.clld.org/values/2-210-270-1>		<http://ids.clld.org/parameters/2-210>		<http://ids.clld.org/values/2-210-242-1>		"la"@mot	
"čʰoxritš"@cap	<http://ids.clld.org/values/4-850-270-1>		<http://ids.clld.org/parameters/4-850>		<http://ids.clld.org/values/4-850-242-1>		"iaiyikākwa"@mot	
"-tʰuuči"@cap	<http://ids.clld.org/values/4-853-270-3>		<http://ids.clld.org/parameters/4-853>		<http://ids.clld.org/values/4-853-242-1>		"ayrãã"@mot	
"lxata"@cap	<http://ids.clld.org/values/2-240-270-1>		<http://ids.clld.org/parameters/2-240>		<http://ids.clld.org/values/2-240-242-1>		"abama"@mot	
"ḳaata"@cap	<http://ids.clld.org/values/5-122-270-1>		<http://ids.clld.org/parameters/5-122>		<http://ids.clld.org/values/5-122-242-1>		"tagta"@mot	
"aya"@cap	<http://ids.clld.org/values/4-205-270-1>		<http://ids.clld.org/parameters/4-205>		<http://ids.clld.org/values/4-205-242-1>		"dokbā"@mot	
"waši"@cap	<http://ids.clld.org/values/2-630-270-1>		<http://ids.clld.org/parameters/2-630>		<http://ids.clld.org/values/2-630-242-1>		"inaikāsa"@mot	
"wen"@cap	<http://ids.clld.org/values/14-420-270-1>		<http://ids.clld.org/parameters/14-420>		<http://ids.clld.org/values/14-420-242-1>		"sɨ̃ɨ̃"@mot	
"tuɲi"@cap	<http://ids.clld.org/values/7-560-270-1>		<http://ids.clld.org/parameters/7-560>		<http://ids.clld.org/values/7-560-242-1>		"kakbaibai"@mot	
"tur"@cap	<http://ids.clld.org/values/2-261-270-3>		<http://ids.clld.org/parameters/2-261>		<http://ids.clld.org/values/2-261-242-1>		"ašibī dou"@mot	
"šepˀa"@cap	<http://ids.clld.org/values/8-540-270-1>		<http://ids.clld.org/parameters/8-540>		<http://ids.clld.org/values/8-540-242-1>		"ašišĩĩ"@mot	
"kuru"@cap	<http://ids.clld.org/values/1-220-270-1>		<http://ids.clld.org/parameters/1-220>		<http://ids.clld.org/values/1-220-242-1>		"dyɨra"@mot	
"skara"@cap	<http://ids.clld.org/values/6-550-270-1>		<http://ids.clld.org/parameters/6-550>		<http://ids.clld.org/values/6-550-242-1>		"somene"@mot	
"awxs"@cap	<http://ids.clld.org/values/9-360-270-1>		<http://ids.clld.org/parameters/9-360>		<http://ids.clld.org/values/9-360-242-1>		"dukan"@mot	
"č̣ˀuxlɲi"@cap	<http://ids.clld.org/values/4-841-270-1>		<http://ids.clld.org/parameters/4-841>		<http://ids.clld.org/values/4-841-242-1>		"kalo"@mot	
"kʰuxc̷"@cap	<http://ids.clld.org/values/4-320-270-1>		<http://ids.clld.org/parameters/4-320>		<http://ids.clld.org/values/4-320-242-1>		"obāā"@mot	
"loč"@cap	<http://ids.clld.org/values/15-880-270-1>		<http://ids.clld.org/parameters/15-880>		<http://ids.clld.org/values/15-880-242-1>		"baidaani"@mot	
"luxl-"@cap	<http://ids.clld.org/values/5-110-270-1>		<http://ids.clld.org/parameters/5-110>		<http://ids.clld.org/values/5-110-242-1>		"karabaseɨba"@mot	
"škiča"@cap	<http://ids.clld.org/values/3-950-270-1>		<http://ids.clld.org/parameters/3-950>		<http://ids.clld.org/values/3-950-242-1>		"babā"@mot	
"tʰaxr-ki-"@cap	<http://ids.clld.org/values/4-560-270-5>		<http://ids.clld.org/parameters/4-560>		<http://ids.clld.org/values/4-560-242-1>		"kurukduu"@mot	
"luko"@cap	<http://ids.clld.org/values/2-310-270-1>		<http://ids.clld.org/parameters/2-310>		<http://ids.clld.org/values/2-310-242-1>		"aataida"@mot	
"axmuš maa"@cap	<http://ids.clld.org/values/2-620-270-1>		<http://ids.clld.org/parameters/2-620>		<http://ids.clld.org/values/2-620-242-1>		"inaika akairakbā"@mot	
"c̷ʰits-"@cap	<http://ids.clld.org/values/12-150-270-3>		<http://ids.clld.org/parameters/12-150>		<http://ids.clld.org/values/12-150-242-1>		"bikigbisaa"@mot	
"kulʸaka"@cap	<http://ids.clld.org/values/2-450-270-1>		<http://ids.clld.org/parameters/2-450>		<http://ids.clld.org/values/2-450-242-1>		"aša"@mot	
"šiɲi"@cap	<http://ids.clld.org/values/4-490-270-1>		<http://ids.clld.org/parameters/4-490>		<http://ids.clld.org/values/4-490-242-1>		"ok'bā"@mot	
"čara"@cap	<http://ids.clld.org/values/6-280-270-1>		<http://ids.clld.org/parameters/6-280>		<http://ids.clld.org/values/6-280-242-1>		"ããkbãra"@mot	
"šḳora"@cap	<http://ids.clld.org/values/3-850-270-1>		<http://ids.clld.org/parameters/3-850>		<http://ids.clld.org/values/3-850-242-1>		"čiidu"@mot	
"ḳx̣arkota"@cap	<http://ids.clld.org/values/4-331-270-1>		<http://ids.clld.org/parameters/4-331>		<http://ids.clld.org/values/4-331-242-1>		"aḳduu būgda"@mot	
"ḳʰiɲi"@cap	<http://ids.clld.org/values/2-611-270-1>		<http://ids.clld.org/parameters/2-611>		<http://ids.clld.org/values/2-611-242-1>		"ašīaidā"@mot	
"ḳxara"@cap	<http://ids.clld.org/values/4-330-270-1>		<http://ids.clld.org/parameters/4-330>		<http://ids.clld.org/values/4-330-242-1>		"aḳduu"@mot	
"waxt-"@cap	<http://ids.clld.org/values/4-630-270-1>		<http://ids.clld.org/parameters/4-630>		<http://ids.clld.org/values/4-630-242-1>		"kiārusa"@mot	
"šika"@cap	<http://ids.clld.org/values/8-560-270-3>		<http://ids.clld.org/parameters/8-560>		<http://ids.clld.org/values/8-560-242-1>		"ahḳaadu"@mot	
"c̷ukči"@cap	<http://ids.clld.org/values/16-530-270-1>		<http://ids.clld.org/parameters/16-530>		<http://ids.clld.org/values/16-530-242-1>		"doḳtosõn"@mot	
"luxl-š"@cap	<http://ids.clld.org/values/5-110-270-3>		<http://ids.clld.org/parameters/5-110>		<http://ids.clld.org/values/5-110-242-1>		"karabaseɨba"@mot	
"lapˀiṣ̌iš"@cap	<http://ids.clld.org/values/17-130-270-1>		<http://ids.clld.org/parameters/17-130>		<http://ids.clld.org/values/17-130-242-1>		"yaamitdoḳaani"@mot	
"tʰapi"@cap	<http://ids.clld.org/values/4-530-270-1>		<http://ids.clld.org/parameters/4-530>		<http://ids.clld.org/values/4-530-242-1>		"irohbāh"@mot	
"wata"@cap	<http://ids.clld.org/values/14-730-270-1>		<http://ids.clld.org/parameters/14-730>		<http://ids.clld.org/values/14-730-242-1>		"asoḳbari"@mot	
"[xamilʸa]"@cap	<http://ids.clld.org/values/2-820-270-1>		<http://ids.clld.org/parameters/2-820>		<http://ids.clld.org/values/2-820-242-1>		"sadooyī"@mot	
"ux-ux-ɲi"@cap	<http://ids.clld.org/values/3-823-270-1>		<http://ids.clld.org/parameters/3-823>		<http://ids.clld.org/values/3-823-242-1>		"bašinši"@mot	
"maxt"@cap	<http://ids.clld.org/values/2-420-270-1>		<http://ids.clld.org/parameters/2-420>		<http://ids.clld.org/values/2-420-242-1>		"ša"@mot	
"ḳʰutu"@cap	<http://ids.clld.org/values/13-140-270-1>		<http://ids.clld.org/parameters/13-140>		<http://ids.clld.org/values/13-140-242-1>		"ĩĩški"@mot	
"tʰuu"@cap	<http://ids.clld.org/values/18-280-270-1>		<http://ids.clld.org/parameters/18-280>		<http://ids.clld.org/values/18-280-242-1>		"aa"@mot	
"kumari"@cap	<http://ids.clld.org/values/1-590-270-1>		<http://ids.clld.org/parameters/1-590>		<http://ids.clld.org/values/1-590-242-1>		"kajdō"@mot	
"paxš"@cap	<http://ids.clld.org/values/17-170-270-1>		<http://ids.clld.org/parameters/17-170>		<http://ids.clld.org/values/17-170-242-1>		"kaama"@mot	
"toskara"@cap	<http://ids.clld.org/values/16-670-270-1>		<http://ids.clld.org/parameters/16-670>		<http://ids.clld.org/values/16-670-242-1>		"aakčirokwã"@mot	
"wixt"@cap	<http://ids.clld.org/values/7-310-270-1>		<http://ids.clld.org/parameters/7-310>		<http://ids.clld.org/values/7-310-242-1>		"ibungĩ"@mot	
"las"@cap	<http://ids.clld.org/values/4-260-270-1>		<http://ids.clld.org/parameters/4-260>		<http://ids.clld.org/values/4-260-242-1>		"kobẽ"@mot	
"ača"@cap	<http://ids.clld.org/values/4-200-270-1>		<http://ids.clld.org/parameters/4-200>		<http://ids.clld.org/values/4-200-242-1>		"asaakbah"@mot	
"ača"@cap	<http://ids.clld.org/values/4-200-270-1>		<http://ids.clld.org/parameters/4-200>		<http://ids.clld.org/values/4-200-242-3>		"asaɨg"@mot	
"apxu"@cap	<http://ids.clld.org/values/7-422-270-3>		<http://ids.clld.org/parameters/7-422>		<http://ids.clld.org/values/7-422-242-1>		"šanšān"@mot	
"tulu"@cap	<http://ids.clld.org/values/2-510-270-1>		<http://ids.clld.org/parameters/2-510>		<http://ids.clld.org/values/2-510-242-1>		"aisī okarā"@mot	
"šḳala"@cap	<http://ids.clld.org/values/8-120-270-1>		<http://ids.clld.org/parameters/8-120>		<http://ids.clld.org/values/8-120-242-1>		"dogbah"@mot	
"ṣ̌etči"@cap	<http://ids.clld.org/values/4-830-270-1>		<http://ids.clld.org/parameters/4-830>		<http://ids.clld.org/values/4-830-242-1>		"sabah"@mot	
"tuši"@cap	<http://ids.clld.org/values/4-440-270-3>		<http://ids.clld.org/parameters/4-440>		<http://ids.clld.org/values/4-440-242-1>		"aḳbadyĩĩ"@mot	
"xuntuɲ"@cap	<http://ids.clld.org/values/12-80-270-3>		<http://ids.clld.org/parameters/12-80>		<http://ids.clld.org/values/12-80-242-1>		"baaduu"@mot	
"likči"@cap	<http://ids.clld.org/values/4-980-270-1>		<http://ids.clld.org/parameters/4-980>		<http://ids.clld.org/values/4-980-242-1>		"agsabitbari"@mot	
"šalš pʰixšta"@cap	<http://ids.clld.org/values/2-340-270-1>		<http://ids.clld.org/parameters/2-340>		<http://ids.clld.org/values/2-340-242-1>		"kayākba"@mot	
"lxoki"@cap	<http://ids.clld.org/values/1-214-270-1>		<http://ids.clld.org/parameters/1-214>		<http://ids.clld.org/values/1-214-242-1>		"barā"@mot	
"oɲi"@cap	<http://ids.clld.org/values/4-950-270-1>		<http://ids.clld.org/parameters/4-950>		<http://ids.clld.org/values/4-950-242-1>		"kokčikai"@mot	
"nakʰu"@cap	<http://ids.clld.org/values/12-440-270-1>		<http://ids.clld.org/parameters/12-440>		<http://ids.clld.org/values/12-440-242-1>		"iitčikiri"@mot	
"yoḳa"@cap	<http://ids.clld.org/values/1-210-270-1>		<http://ids.clld.org/parameters/1-210>		<http://ids.clld.org/values/1-210-242-1>		"ihtãã"@mot	
"ɲiɲi"@cap	<http://ids.clld.org/values/4-300-270-1>		<http://ids.clld.org/parameters/4-300>		<http://ids.clld.org/values/4-300-242-1>		"bahdoo"@mot	
"čawkʷa"@cap	<http://ids.clld.org/values/2-471-270-1>		<http://ids.clld.org/parameters/2-471>		<http://ids.clld.org/values/2-471-242-1>		"šibabiō"@mot	
"čʰaɲi"@cap	<http://ids.clld.org/values/8-560-270-1>		<http://ids.clld.org/parameters/8-560>		<http://ids.clld.org/values/8-560-242-1>		"ahḳaadu"@mot	
"tan-ḳat-"@cap	<http://ids.clld.org/values/1-851-270-1>		<http://ids.clld.org/parameters/1-851>		<http://ids.clld.org/values/1-851-242-1>		"dyoosaḳãn"@mot	
"maa"@cap	<http://ids.clld.org/values/2-360-270-3>		<http://ids.clld.org/parameters/2-360>		<http://ids.clld.org/values/2-360-242-1>		"abaama"@mot	
"tˀirč̣a"@cap	<http://ids.clld.org/values/6-350-270-1>		<http://ids.clld.org/parameters/6-350>		<http://ids.clld.org/values/6-350-242-1>		"oḳdyikããn"@mot	
"paḳʰi"@cap	<http://ids.clld.org/values/12-550-270-1>		<http://ids.clld.org/parameters/12-550>		<http://ids.clld.org/values/12-550-242-1>		"aabii"@mot	
"xʷaxt-š"@cap	<http://ids.clld.org/values/9-210-270-3>		<http://ids.clld.org/parameters/9-210>		<http://ids.clld.org/values/9-210-242-1>		"dõõ"@mot	
"xʷaxt-š"@cap	<http://ids.clld.org/values/9-210-270-3>		<http://ids.clld.org/parameters/9-210>		<http://ids.clld.org/values/9-210-242-3>		"buukši (?)"@mot	
"xikˀi-š"@cap	<http://ids.clld.org/values/4-521-270-1>		<http://ids.clld.org/parameters/4-521>		<http://ids.clld.org/values/4-521-242-1>		"buyakaɨ"@mot	
"ač c̷ʰix"@cap	<http://ids.clld.org/values/4-202-270-1>		<http://ids.clld.org/parameters/4-202>		<http://ids.clld.org/values/4-202-242-1>		"sākba kalā"@mot	
"wiri exp"@cap	<http://ids.clld.org/values/2-710-270-1>		<http://ids.clld.org/parameters/2-710>		<http://ids.clld.org/values/2-710-242-1>		"kwaimai"@mot	
"kˀišimiri"@cap	<http://ids.clld.org/values/3-817-270-1>		<http://ids.clld.org/parameters/3-817>		<http://ids.clld.org/values/3-817-242-1>		"kumaā"@mot	
"yoḳa"@cap	<http://ids.clld.org/values/1-212-270-1>		<http://ids.clld.org/parameters/1-212>		<http://ids.clld.org/values/1-212-242-1>		"ihtãã"@mot	
"tʰuxt-š"@cap	<http://ids.clld.org/values/4-560-270-1>		<http://ids.clld.org/parameters/4-560>		<http://ids.clld.org/values/4-560-242-1>		"kurukduu"@mot	
"toyi"@cap	<http://ids.clld.org/values/8-510-270-3>		<http://ids.clld.org/parameters/8-510>		<http://ids.clld.org/values/8-510-242-1>		"ši"@mot	
"tan-"@cap	<http://ids.clld.org/values/11-140-270-1>		<http://ids.clld.org/parameters/11-140>		<http://ids.clld.org/values/11-140-242-1>		"kaaḳaan"@mot	
"ker-"@cap	<http://ids.clld.org/values/3-120-270-1>		<http://ids.clld.org/parameters/3-120>		<http://ids.clld.org/values/3-120-242-1>		"ataida"@mot	
"[lʸanu]"@cap	<http://ids.clld.org/values/15-770-270-1>		<http://ids.clld.org/parameters/15-770>		<http://ids.clld.org/values/15-770-242-1>		"dyibakaari"@mot	
"aši"@cap	<http://ids.clld.org/values/4-810-270-1>		<http://ids.clld.org/parameters/4-810>		<http://ids.clld.org/values/4-810-242-1>		"karābari"@mot	
"c̷ʰii"@cap	<http://ids.clld.org/values/13-10-270-1>		<http://ids.clld.org/parameters/13-10>		<http://ids.clld.org/values/13-10-242-1>		"ĩĩtoupʔ"@mot	
"ḳola"@cap	<http://ids.clld.org/values/6-360-270-1>		<http://ids.clld.org/parameters/6-360>		<http://ids.clld.org/values/6-360-242-1>		"ihbeĩkaddū"@mot	
"č̣ʰulut"@cap	<http://ids.clld.org/values/17-640-270-1>		<http://ids.clld.org/parameters/17-640>		<http://ids.clld.org/values/17-640-242-1>		"aybi"@mot	
"č̣ʰulut"@cap	<http://ids.clld.org/values/17-640-270-1>		<http://ids.clld.org/parameters/17-640>		<http://ids.clld.org/values/17-640-242-3>		"aybidou"@mot	
"ḳoltalʸa"@cap	<http://ids.clld.org/values/12-590-270-3>		<http://ids.clld.org/parameters/12-590>		<http://ids.clld.org/values/12-590-242-1>		"ooḳbarekʔ"@mot	
"pʰaaxtš"@cap	<http://ids.clld.org/values/4-450-270-1>		<http://ids.clld.org/parameters/4-450>		<http://ids.clld.org/values/4-450-242-1>		"aabingba"@mot	
"apatatš"@cap	<http://ids.clld.org/values/12-150-270-1>		<http://ids.clld.org/parameters/12-150>		<http://ids.clld.org/values/12-150-242-1>		"bikigbisaa"@mot	
"škoši"@cap	<http://ids.clld.org/values/4-451-270-1>		<http://ids.clld.org/parameters/4-451>		<http://ids.clld.org/values/4-451-242-1>		"atubiyōkba"@mot	
"ḳʰuya"@cap	<http://ids.clld.org/values/7-120-270-1>		<http://ids.clld.org/parameters/7-120>		<http://ids.clld.org/values/7-120-242-1>		"kaig"@mot	
"šakra"@cap	<http://ids.clld.org/values/4-144-270-1>		<http://ids.clld.org/parameters/4-144>		<http://ids.clld.org/values/4-144-242-1>		"kāači"@mot	
"čʰax̣pi"@cap	<http://ids.clld.org/values/8-750-270-1>		<http://ids.clld.org/parameters/8-750>		<http://ids.clld.org/values/8-750-242-1>		"aɨgšuu"@mot	
"ḳx̣ar wičˀu"@cap	<http://ids.clld.org/values/4-310-270-1>		<http://ids.clld.org/parameters/4-310>		<http://ids.clld.org/values/4-310-242-1>		"bisãã"@mot	
"pilpinti"@cap	<http://ids.clld.org/values/3-920-270-1>		<http://ids.clld.org/parameters/3-920>		<http://ids.clld.org/values/3-920-242-1>		"somēme"@mot	
"matɲilʸa"@cap	<http://ids.clld.org/values/2-460-270-1>		<http://ids.clld.org/parameters/2-460>		<http://ids.clld.org/values/2-460-242-1>		"ašĩtaida"@mot	
"ḳx̣ar-moko"@cap	<http://ids.clld.org/values/4-321-270-1>		<http://ids.clld.org/parameters/4-321>		<http://ids.clld.org/values/4-321-242-1>		"aḳduu obāā"@mot	
"ḳawɲi"@cap	<http://ids.clld.org/values/6-380-270-1>		<http://ids.clld.org/parameters/6-380>		<http://ids.clld.org/values/6-380-242-1>		"kalāana"@mot	
"xat-"@cap	<http://ids.clld.org/values/15-780-270-3>		<http://ids.clld.org/parameters/15-780>		<http://ids.clld.org/values/15-780-242-1>		"ihkobaaini"@mot	
"šura"@cap	<http://ids.clld.org/values/4-970-270-1>		<http://ids.clld.org/parameters/4-970>		<http://ids.clld.org/values/4-970-242-1>		"škakyūbigbari"@mot	
"[kawalʸu]"@cap	<http://ids.clld.org/values/3-410-270-1>		<http://ids.clld.org/parameters/3-410>		<http://ids.clld.org/values/3-410-242-1>		"buēragba"@mot	
"awi"@cap	<http://ids.clld.org/values/15-830-270-3>		<http://ids.clld.org/parameters/15-830>		<http://ids.clld.org/values/15-830-242-1>		"atɨšini"@mot	
"pokulʸči"@cap	<http://ids.clld.org/values/4-855-270-1>		<http://ids.clld.org/parameters/4-855>		<http://ids.clld.org/values/4-855-242-1>		"boksoro"@mot	
"pʰixsḳa"@cap	<http://ids.clld.org/values/13-50-270-1>		<http://ids.clld.org/parameters/13-50>		<http://ids.clld.org/values/13-50-242-1>		"aḳdu inški"@mot	
"čʰišwi"@cap	<http://ids.clld.org/values/5-610-270-1>		<http://ids.clld.org/parameters/5-610>		<http://ids.clld.org/values/5-610-242-1>		"aaidyi"@mot	
"liksi"@cap	<http://ids.clld.org/values/15-810-270-1>		<http://ids.clld.org/parameters/15-810>		<http://ids.clld.org/values/15-810-242-1>		"aabari"@mot	
"matilʸa"@cap	<http://ids.clld.org/values/2-470-270-1>		<http://ids.clld.org/parameters/2-470>		<http://ids.clld.org/values/2-470-242-1>		"ašiabāma"@mot	
"pača"@cap	<http://ids.clld.org/values/2-458-270-1>		<http://ids.clld.org/parameters/2-458>		<http://ids.clld.org/values/2-458-242-1>		"bōobou"@mot	
"lukmaxč"@cap	<http://ids.clld.org/values/2-270-270-1>		<http://ids.clld.org/parameters/2-270>		<http://ids.clld.org/values/2-270-242-1>		"asaaši"@mot	
"tor-š"@cap	<http://ids.clld.org/values/4-720-270-3>		<http://ids.clld.org/parameters/4-720>		<http://ids.clld.org/values/4-720-242-1>		"šo"@mot	
"sex̣wa"@cap	<http://ids.clld.org/values/12-730-270-1>		<http://ids.clld.org/parameters/12-730>		<http://ids.clld.org/values/12-730-242-1>		"biiki"@mot	
"nii"@cap	<http://ids.clld.org/values/2-930-270-3>		<http://ids.clld.org/parameters/2-930>		<http://ids.clld.org/values/2-930-242-1>		"oobãi"@mot	
"čˀipinš"@cap	<http://ids.clld.org/values/4-215-270-1>		<http://ids.clld.org/parameters/4-215>		<http://ids.clld.org/values/4-215-242-1>		"oogškegškeg"@mot	
"pʰuxš"@cap	<http://ids.clld.org/values/10-380-270-1>		<http://ids.clld.org/parameters/10-380>		<http://ids.clld.org/values/10-380-242-1>		"buubãã"@mot	
"maxk-"@cap	<http://ids.clld.org/values/12-50-270-1>		<http://ids.clld.org/parameters/12-50>		<http://ids.clld.org/values/12-50-242-1>		"-ro"@mot	
"ṣ̌ḳeti"@cap	<http://ids.clld.org/values/1-213-270-1>		<http://ids.clld.org/parameters/1-213>		<http://ids.clld.org/values/1-213-242-1>		"ihtan-bruki"@mot	
"[atupi]"@cap	<http://ids.clld.org/values/7-640-270-1>		<http://ids.clld.org/parameters/7-640>		<http://ids.clld.org/values/7-640-242-1>		"barakay"@mot	
"xiiš"@cap	<http://ids.clld.org/values/1-530-270-1>		<http://ids.clld.org/parameters/1-530>		<http://ids.clld.org/values/1-530-242-1>		"čibaɨg"@mot	
"kuxtš"@cap	<http://ids.clld.org/values/6-110-270-1>		<http://ids.clld.org/parameters/6-110>		<http://ids.clld.org/values/6-110-242-1>		"kāasa"@mot	
"walʸpa"@cap	<http://ids.clld.org/values/3-550-270-1>		<http://ids.clld.org/parameters/3-550>		<http://ids.clld.org/values/3-550-242-1>		"kari"@mot	
"č̣oḳxa"@cap	<http://ids.clld.org/values/12-630-270-1>		<http://ids.clld.org/parameters/12-630>		<http://ids.clld.org/values/12-630-242-1>		"aabi"@mot	
"am"@cap	<http://ids.clld.org/values/2-920-270-1>		<http://ids.clld.org/parameters/2-920>		<http://ids.clld.org/values/2-920-242-1>		"bai"@mot	
"[waka]"@cap	<http://ids.clld.org/values/3-230-270-1>		<http://ids.clld.org/parameters/3-230>		<http://ids.clld.org/values/3-230-242-1>		"šibāa"@mot	
"ewu"@cap	<http://ids.clld.org/values/14-130-270-1>		<http://ids.clld.org/parameters/14-130>		<http://ids.clld.org/values/14-130-242-1>		"oḳdo"@mot	
"tux"@cap	<http://ids.clld.org/values/1-370-270-3>		<http://ids.clld.org/parameters/1-370>		<http://ids.clld.org/values/1-370-242-1>		"undaghakĩ"@mot	
"x̣oči"@cap	<http://ids.clld.org/values/1-330-270-1>		<http://ids.clld.org/parameters/1-330>		<http://ids.clld.org/values/1-330-242-1>		"badõo"@mot	
"piš"@cap	<http://ids.clld.org/values/4-412-270-1>		<http://ids.clld.org/parameters/4-412>		<http://ids.clld.org/values/4-412-242-1>		"tuu"@mot	
"paki"@cap	<http://ids.clld.org/values/4-162-270-1>		<http://ids.clld.org/parameters/4-162>		<http://ids.clld.org/values/4-162-242-1>		"ačičinda"@mot	
"rik-š"@cap	<http://ids.clld.org/values/9-220-270-3>		<http://ids.clld.org/parameters/9-220>		<http://ids.clld.org/values/9-220-242-1>		"aɨgdaḳan"@mot	
"muk-"@cap	<http://ids.clld.org/values/5-180-270-1>		<http://ids.clld.org/parameters/5-180>		<http://ids.clld.org/values/5-180-242-1>		"kõõ"@mot	
"isḳs"@cap	<http://ids.clld.org/values/16-530-270-5>		<http://ids.clld.org/parameters/16-530>		<http://ids.clld.org/values/16-530-242-1>		"doḳtosõn"@mot	
"eš"@cap	<http://ids.clld.org/values/10-230-270-1>		<http://ids.clld.org/parameters/10-230>		<http://ids.clld.org/values/10-230-242-1>		"baɨgkirakbã"@mot	
"moxkči"@cap	<http://ids.clld.org/values/5-125-270-1>		<http://ids.clld.org/parameters/5-125>		<http://ids.clld.org/values/5-125-242-1>		"ããnta"@mot	
"tʰuɲi"@cap	<http://ids.clld.org/values/1-520-270-1>		<http://ids.clld.org/parameters/1-520>		<http://ids.clld.org/values/1-520-242-1>		"nyaa"@mot	
"pʰewi"@cap	<http://ids.clld.org/values/1-640-270-1>		<http://ids.clld.org/parameters/1-640>		<http://ids.clld.org/values/1-640-242-1>		"tubīkā"@mot	
"san-š"@cap	<http://ids.clld.org/values/5-230-270-1>		<http://ids.clld.org/parameters/5-230>		<http://ids.clld.org/values/5-230-242-1>		"yoobī"@mot	
"č̣ʰeri"@cap	<http://ids.clld.org/values/5-120-270-1>		<http://ids.clld.org/parameters/5-120>		<http://ids.clld.org/values/5-120-242-1>		"kāraba"@mot	
"č̣ˀiwu"@cap	<http://ids.clld.org/values/4-151-270-1>		<http://ids.clld.org/parameters/4-151>		<http://ids.clld.org/values/4-151-242-1>		"ašĩšii"@mot	
"wara-wara"@cap	<http://ids.clld.org/values/1-540-270-1>		<http://ids.clld.org/parameters/1-540>		<http://ids.clld.org/values/1-540-242-1>		"tootubi"@mot	
"pˀata"@cap	<http://ids.clld.org/values/13-210-270-3>		<http://ids.clld.org/parameters/13-210>		<http://ids.clld.org/values/13-210-242-1>		"booḳbarik"@mot	
"[loru]"@cap	<http://ids.clld.org/values/3-592-270-1>		<http://ids.clld.org/parameters/3-592>		<http://ids.clld.org/values/3-592-242-1>		"dahba"@mot	
"šip ~ šipš"@cap	<http://ids.clld.org/values/4-142-270-1>		<http://ids.clld.org/parameters/4-142>		<http://ids.clld.org/values/4-142-242-1>		"dakã kači"@mot	
"yačalʸa"@cap	<http://ids.clld.org/values/13-170-270-1>		<http://ids.clld.org/parameters/13-170>		<http://ids.clld.org/values/13-170-242-1>		"kobahkaaĩ"@mot	
"ṣumči"@cap	<http://ids.clld.org/values/1-620-270-1>		<http://ids.clld.org/parameters/1-620>		<http://ids.clld.org/values/1-620-242-1>		"baidaani"@mot	
"moḳ-š"@cap	<http://ids.clld.org/values/9-160-270-1>		<http://ids.clld.org/parameters/9-160>		<http://ids.clld.org/values/9-160-242-1>		"yuukããn"@mot	
"šawx-š"@cap	<http://ids.clld.org/values/4-650-270-1>		<http://ids.clld.org/parameters/4-650>		<http://ids.clld.org/values/4-650-242-1>		"itčiki"@mot	
"taḳ-"@cap	<http://ids.clld.org/values/5-210-270-1>		<http://ids.clld.org/parameters/5-210>		<http://ids.clld.org/values/5-210-242-1>		"binasa"@mot	
"ḳʰaḳi"@cap	<http://ids.clld.org/values/15-850-270-1>		<http://ids.clld.org/parameters/15-850>		<http://ids.clld.org/values/15-850-242-3>		"asaašini"@mot	
"ḳʰaḳi"@cap	<http://ids.clld.org/values/15-850-270-1>		<http://ids.clld.org/parameters/15-850>		<http://ids.clld.org/values/15-850-242-1>		"asãã"@mot	
"ḳuš"@cap	<http://ids.clld.org/values/4-440-270-1>		<http://ids.clld.org/parameters/4-440>		<http://ids.clld.org/values/4-440-242-1>		"aḳbadyĩĩ"@mot	
"ḳolta"@cap	<http://ids.clld.org/values/12-590-270-1>		<http://ids.clld.org/parameters/12-590>		<http://ids.clld.org/values/12-590-242-1>		"ooḳbarekʔ"@mot	
"čuwa"@cap	<http://ids.clld.org/values/5-310-270-1>		<http://ids.clld.org/parameters/5-310>		<http://ids.clld.org/values/5-310-242-1>		"dado"@mot	
"šiš"@cap	<http://ids.clld.org/values/17-170-270-3>		<http://ids.clld.org/parameters/17-170>		<http://ids.clld.org/values/17-170-242-1>		"kaama"@mot	
"ḳoštan"@cap	<http://ids.clld.org/values/12-30-270-1>		<http://ids.clld.org/parameters/12-30>		<http://ids.clld.org/values/12-30-242-1>		"roradi"@mot	
"x̣otš"@cap	<http://ids.clld.org/values/4-570-270-1>		<http://ids.clld.org/parameters/4-570>		<http://ids.clld.org/values/4-570-242-1>		"boɨgsɨ"@mot	
"lʸaxa"@cap	<http://ids.clld.org/values/4-850-270-3>		<http://ids.clld.org/parameters/4-850>		<http://ids.clld.org/values/4-850-242-1>		"iaiyikākwa"@mot	
"pˀiš"@cap	<http://ids.clld.org/values/2-261-270-1>		<http://ids.clld.org/parameters/2-261>		<http://ids.clld.org/values/2-261-242-1>		"ašibī dou"@mot	
"muks"@cap	<http://ids.clld.org/values/15-210-270-1>		<http://ids.clld.org/parameters/15-210>		<http://ids.clld.org/values/15-210-242-1>		"aantukãã"@mot	
"non-š"@cap	<http://ids.clld.org/values/15-410-270-1>		<http://ids.clld.org/parameters/15-410>		<http://ids.clld.org/values/15-410-242-1>		"anaɨgkãng"@mot	
"tʰon-š"@cap	<http://ids.clld.org/values/10-480-270-1>		<http://ids.clld.org/parameters/10-480>		<http://ids.clld.org/values/10-480-242-1>		"abãi"@mot	
"šḳexḳš"@cap	<http://ids.clld.org/values/4-751-270-1>		<http://ids.clld.org/parameters/4-751>		<http://ids.clld.org/values/4-751-242-1>		"šimaksaɲona"@mot	
"puxu"@cap	<http://ids.clld.org/values/1-360-270-1>		<http://ids.clld.org/parameters/1-360>		<http://ids.clld.org/values/1-360-242-1>		"bohgī"@mot	
"yuxk"@cap	<http://ids.clld.org/values/4-204-270-1>		<http://ids.clld.org/parameters/4-204>		<http://ids.clld.org/values/4-204-242-1>		"lokbā"@mot	
"xex-š"@cap	<http://ids.clld.org/values/4-912-270-3>		<http://ids.clld.org/parameters/4-912>		<http://ids.clld.org/values/4-912-242-1>		"onšikākna"@mot	
"č̣ara"@cap	<http://ids.clld.org/values/1-440-270-1>		<http://ids.clld.org/parameters/1-440>		<http://ids.clld.org/values/1-440-242-3>		"aɨna"@mot	
"č̣ara"@cap	<http://ids.clld.org/values/1-440-270-1>		<http://ids.clld.org/parameters/1-440>		<http://ids.clld.org/values/1-440-242-1>		"ããng"@mot	
"tʰat-č̣a"@cap	<http://ids.clld.org/values/5-181-270-1>		<http://ids.clld.org/parameters/5-181>		<http://ids.clld.org/values/5-181-242-1>		"kurī"@mot	
"oša"@cap	<http://ids.clld.org/values/4-241-270-1>		<http://ids.clld.org/parameters/4-241>		<http://ids.clld.org/values/4-241-242-1>		"arurū"@mot	
"kona"@cap	<http://ids.clld.org/values/4-840-270-1>		<http://ids.clld.org/parameters/4-840>		<http://ids.clld.org/values/4-840-242-1>		"sašini"@mot	
"xačˀi-š"@cap	<http://ids.clld.org/values/4-540-270-1>		<http://ids.clld.org/parameters/4-540>		<http://ids.clld.org/values/4-540-242-1>		"ahtrušū"@mot	
"nuk-ta"@cap	<http://ids.clld.org/values/12-550-270-3>		<http://ids.clld.org/parameters/12-550>		<http://ids.clld.org/values/12-550-242-1>		"aabii"@mot	
"pača (?)"@cap	<http://ids.clld.org/values/1-510-270-3>		<http://ids.clld.org/parameters/1-510>		<http://ids.clld.org/values/1-510-242-1>		"baḍũ"@mot	
"lʸiwx lʸiwxɲi"@cap	<http://ids.clld.org/values/1-550-270-1>		<http://ids.clld.org/parameters/1-550>		<http://ids.clld.org/values/1-550-242-1>		"dyibahdū"@mot	
"iṣ̌-ḳe"@cap	<http://ids.clld.org/values/4-270-270-1>		<http://ids.clld.org/parameters/4-270>		<http://ids.clld.org/values/4-270-242-1>		"ḍuḍu"@mot	
"č̣ʰoxri"@cap	<http://ids.clld.org/values/4-441-270-1>		<http://ids.clld.org/parameters/4-441>		<http://ids.clld.org/values/4-441-242-1>		"ašiše"@mot	
"tx̣it-š"@cap	<http://ids.clld.org/values/4-910-270-3>		<http://ids.clld.org/parameters/4-910>		<http://ids.clld.org/values/4-910-242-1>		"sabaribō"@mot	
"kʰi-"@cap	<http://ids.clld.org/values/18-220-270-1>		<http://ids.clld.org/parameters/18-220>		<http://ids.clld.org/values/18-220-242-1>		"iibaḳan"@mot	
"piš"@cap	<http://ids.clld.org/values/4-410-270-1>		<http://ids.clld.org/parameters/4-410>		<http://ids.clld.org/values/4-410-242-1>		"twaa"@mot	
"oxḳ-"@cap	<http://ids.clld.org/values/10-450-270-1>		<http://ids.clld.org/parameters/10-450>		<http://ids.clld.org/values/10-450-242-1>		"nyũ"@mot	
"ḳoṣ̌ka"@cap	<http://ids.clld.org/values/3-596-270-1>		<http://ids.clld.org/parameters/3-596>		<http://ids.clld.org/values/3-596-242-1>		"bigtuu"@mot	
"ṣ̌up"@cap	<http://ids.clld.org/values/1-880-270-1>		<http://ids.clld.org/parameters/1-880>		<http://ids.clld.org/values/1-880-242-1>		"kaa"@mot	
"tor-š"@cap	<http://ids.clld.org/values/10-670-270-1>		<http://ids.clld.org/parameters/10-670>		<http://ids.clld.org/values/10-670-242-1>		"iroḳdaḳaan"@mot	
"ḳiti"@cap	<http://ids.clld.org/values/3-740-270-1>		<http://ids.clld.org/parameters/3-740>		<http://ids.clld.org/values/3-740-242-1>		"yaurāba"@mot	
"šḳiši"@cap	<http://ids.clld.org/values/6-290-270-1>		<http://ids.clld.org/parameters/6-290>		<http://ids.clld.org/values/6-290-242-1>		"biruna"@mot	
"wiy-a"@cap	<http://ids.clld.org/values/4-620-270-1>		<http://ids.clld.org/parameters/4-620>		<http://ids.clld.org/values/4-620-242-1>		"borog'barina"@mot	
"miskˀi"@cap	<http://ids.clld.org/values/5-840-270-1>		<http://ids.clld.org/parameters/5-840>		<http://ids.clld.org/values/5-840-242-1>		"čiriba"@mot	
"eek-š"@cap	<http://ids.clld.org/values/5-150-270-1>		<http://ids.clld.org/parameters/5-150>		<http://ids.clld.org/values/5-150-242-1>		"šimasara"@mot	
"ker-"@cap	<http://ids.clld.org/values/2-230-270-1>		<http://ids.clld.org/parameters/2-230>		<http://ids.clld.org/values/2-230-242-1>		"ataida"@mot	
"č̣ˀat-š"@cap	<http://ids.clld.org/values/4-580-270-3>		<http://ids.clld.org/parameters/4-580>		<http://ids.clld.org/values/4-580-242-1>		"baḳosõõ"@mot	
