"doroko"@cyb	<http://ids.clld.org/values/20-471-283-3>		<http://ids.clld.org/parameters/20-471>		<http://ids.clld.org/values/20-471-198-1>		"*-sargs"@prg	
"[pãa]"@cyb	<http://ids.clld.org/values/5-510-283-1>		<http://ids.clld.org/parameters/5-510>		<http://ids.clld.org/values/5-510-198-1>		"geitis"@prg	
"naβa ~ 'nããβã"@cyb	<http://ids.clld.org/values/3-610-283-1>		<http://ids.clld.org/parameters/3-610>		<http://ids.clld.org/values/3-610-198-1>		"sunis"@prg	
"ri-buǰu"@cyb	<http://ids.clld.org/values/4-208-283-3>		<http://ids.clld.org/parameters/4-208>		<http://ids.clld.org/values/4-208-198-1>		"laiknan"@prg	
"tætæ"@cyb	<http://ids.clld.org/values/2-470-283-5>		<http://ids.clld.org/parameters/2-470>		<http://ids.clld.org/values/2-470-198-1>		"anē"@prg	
"rã"@cyb	<http://ids.clld.org/values/19-580-283-1>		<http://ids.clld.org/parameters/19-580>		<http://ids.clld.org/values/19-580-198-1>		"pagalbtan"@prg	
"kuæræ'čeiɲe"@cyb	<http://ids.clld.org/values/22-240-283-3>		<http://ids.clld.org/parameters/22-240>		<http://ids.clld.org/values/22-240-198-1>		"perklantīt"@prg	
"taču"@cyb	<http://ids.clld.org/values/5-260-283-3>		<http://ids.clld.org/parameters/5-260>		<http://ids.clld.org/values/5-260-198-1>		"zvikstis"@prg	
"bɔ"@cyb	<http://ids.clld.org/values/1-324-283-1>		<http://ids.clld.org/parameters/1-324>		<http://ids.clld.org/values/1-324-198-1>		"spāinā"@prg	
"uhi"@cyb	<http://ids.clld.org/values/10-470-283-5>		<http://ids.clld.org/parameters/10-470>		<http://ids.clld.org/values/10-470-198-1>		"éit"@prg	
"maka"@cyb	<http://ids.clld.org/values/1-520-283-1>		<http://ids.clld.org/parameters/1-520>		<http://ids.clld.org/values/1-520-198-1>		"saulē"@prg	
"βæ"@cyb	<http://ids.clld.org/values/5-840-283-1>		<http://ids.clld.org/parameters/5-840>		<http://ids.clld.org/values/5-840-198-1>		"medu"@prg	
"bɨtɨ"@cyb	<http://ids.clld.org/values/9-160-283-1>		<http://ids.clld.org/parameters/9-160>		<http://ids.clld.org/values/9-160-198-1>		"perréist"@prg	
"rišɨkɨ ~ irihɨhɨ"@cyb	<http://ids.clld.org/values/8-520-283-1>		<http://ids.clld.org/parameters/8-520>		<http://ids.clld.org/values/8-520-198-1>		"kraiss"@prg	
"čo'tota"@cyb	<http://ids.clld.org/values/3-817-283-1>		<http://ids.clld.org/parameters/3-817>		<http://ids.clld.org/values/3-817-198-1>		"saugis"@prg	
"mihæ"@cyb	<http://ids.clld.org/values/17-150-283-5>		<http://ids.clld.org/parameters/17-150>		<http://ids.clld.org/values/17-150-198-1>		"druvēt"@prg	
"čepɔ"@cyb	<http://ids.clld.org/values/12-50-283-1>		<http://ids.clld.org/parameters/12-50>		<http://ids.clld.org/values/12-50-198-1>		"en"@prg	
"dai"@cyb	<http://ids.clld.org/values/4-270-283-1>		<http://ids.clld.org/parameters/4-270>		<http://ids.clld.org/values/4-270-198-1>		"dantis"@prg	
"kita"@cyb	<http://ids.clld.org/values/1-310-283-3>		<http://ids.clld.org/parameters/1-310>		<http://ids.clld.org/values/1-310-198-1>		"(v)undas"@prg	
"'bææha"@cyb	<http://ids.clld.org/values/3-740-283-1>		<http://ids.clld.org/parameters/3-740>		<http://ids.clld.org/values/3-740-198-1>		"lapē"@prg	
"bača"@cyb	<http://ids.clld.org/values/18-210-283-1>		<http://ids.clld.org/parameters/18-210>		<http://ids.clld.org/values/18-210-198-1>		"gérbt"@prg	
"tete"@cyb	<http://ids.clld.org/values/2-520-283-3>		<http://ids.clld.org/parameters/2-520>		<http://ids.clld.org/values/2-520-198-1>		"māsā"@prg	
"pa'boreha"@cyb	<http://ids.clld.org/values/15-640-283-1>		<http://ids.clld.org/parameters/15-640>		<http://ids.clld.org/values/15-640-198-1>		"gailis"@prg	
"karata"@cyb	<http://ids.clld.org/values/13-10-283-1>		<http://ids.clld.org/parameters/13-10>		<http://ids.clld.org/values/13-10-198-1>		"ains"@prg	
"ko'koi"@cyb	<http://ids.clld.org/values/3-585-283-1>		<http://ids.clld.org/parameters/3-585>		<http://ids.clld.org/values/3-585-198-1>		"[falks]"@prg	
"ko"@cyb	<http://ids.clld.org/values/11-320-283-1>		<http://ids.clld.org/parameters/11-320>		<http://ids.clld.org/values/11-320-198-1>		"aupala"@prg	
"'bɔčipe"@cyb	<http://ids.clld.org/values/17-640-283-3>		<http://ids.clld.org/parameters/17-640>		<http://ids.clld.org/values/17-640-198-1>		"ka"@prg	
"-tui"@cyb	<http://ids.clld.org/values/12-80-283-1>		<http://ids.clld.org/parameters/12-80>		<http://ids.clld.org/values/12-80-198-3>		"kérša[n]"@prg	
"-tui"@cyb	<http://ids.clld.org/values/12-80-283-1>		<http://ids.clld.org/parameters/12-80>		<http://ids.clld.org/values/12-80-198-1>		"kirša[n]"@prg	
"ɲohe"@cyb	<http://ids.clld.org/values/9-190-283-3>		<http://ids.clld.org/parameters/9-190>		<http://ids.clld.org/values/9-190-198-1>		"virbē"@prg	
"raɲukũ"@cyb	<http://ids.clld.org/values/7-510-283-1>		<http://ids.clld.org/parameters/7-510>		<http://ids.clld.org/values/7-510-198-1>		"stāgis"@prg	
"yarua"@cyb	<http://ids.clld.org/values/4-750-283-5>		<http://ids.clld.org/parameters/4-750>		<http://ids.clld.org/values/4-750-198-1>		"aul'aút"@prg	
"rɨ"@cyb	<http://ids.clld.org/values/10-210-283-1>		<http://ids.clld.org/parameters/10-210>		<http://ids.clld.org/values/10-210-198-1>		"atskīsai"@prg	
"si"@cyb	<http://ids.clld.org/values/19-450-283-3>		<http://ids.clld.org/parameters/19-450>		<http://ids.clld.org/values/19-450-198-1>		"laipinā"@prg	
"me'ačae"@cyb	<http://ids.clld.org/values/17-680-283-1>		<http://ids.clld.org/parameters/17-680>		<http://ids.clld.org/values/17-680-198-1>		"kas"@prg	
"pea"@cyb	<http://ids.clld.org/values/10-620-283-9>		<http://ids.clld.org/parameters/10-620>		<http://ids.clld.org/values/10-620-198-1>		"pīst"@prg	
"haɲuhi"@cyb	<http://ids.clld.org/values/10-620-283-5>		<http://ids.clld.org/parameters/10-620>		<http://ids.clld.org/values/10-620-198-1>		"pīst"@prg	
"ni ~ ɲi"@cyb	<http://ids.clld.org/values/5-110-283-3>		<http://ids.clld.org/parameters/5-110>		<http://ids.clld.org/values/5-110-198-1>		"īst ~ ēst"@prg	
"ma'mahæ̃hã"@cyb	<http://ids.clld.org/values/16-540-283-3>		<http://ids.clld.org/parameters/16-540>		<http://ids.clld.org/values/16-540-198-1>		"vargan"@prg	
"raβi"@cyb	<http://ids.clld.org/values/16-310-283-5>		<http://ids.clld.org/parameters/16-310>		<http://ids.clld.org/values/16-310-198-1>		"gulsenin"@prg	
"ɲæ'ra-nãre"@cyb	<http://ids.clld.org/values/1-410-283-3>		<http://ids.clld.org/parameters/1-410>		<http://ids.clld.org/values/1-410-198-1>		"med'an"@prg	
"te"@cyb	<http://ids.clld.org/values/2-320-283-5>		<http://ids.clld.org/parameters/2-320>		<http://ids.clld.org/values/2-320-198-1>		"salūban"@prg	
"ru"@cyb	<http://ids.clld.org/values/8-550-283-1>		<http://ids.clld.org/parameters/8-550>		<http://ids.clld.org/values/8-550-198-1>		"vipis"@prg	
"-iine ~ ine"@cyb	<http://ids.clld.org/values/5-610-283-1>		<http://ids.clld.org/parameters/5-610>		<http://ids.clld.org/values/5-610-198-1>		"mensā"@prg	
"kɨnæræ"@cyb	<http://ids.clld.org/values/3-820-283-1>		<http://ids.clld.org/parameters/3-820>		<http://ids.clld.org/values/3-820-198-1>		"bitē"@prg	
"ranihe"@cyb	<http://ids.clld.org/values/1-720-283-3>		<http://ids.clld.org/parameters/1-720>		<http://ids.clld.org/values/1-720-198-1>		"vētrā"@prg	
"'ruari"@cyb	<http://ids.clld.org/values/20-610-283-3>		<http://ids.clld.org/parameters/20-610>		<http://ids.clld.org/values/20-610-198-1>		"mediyas"@prg	
"sidi"@cyb	<http://ids.clld.org/values/4-463-283-1>		<http://ids.clld.org/parameters/4-463>		<http://ids.clld.org/values/4-463-198-1>		"slaunis"@prg	
"ɲaɲa"@cyb	<http://ids.clld.org/values/14-310-283-1>		<http://ids.clld.org/parameters/14-310>		<http://ids.clld.org/values/14-310-198-1>		"ainat"@prg	
"bokororo"@cyb	<http://ids.clld.org/values/21-370-283-1>		<http://ids.clld.org/parameters/21-370>		<http://ids.clld.org/values/21-370-198-1>		"súndan"@prg	
"a-piæɲi"@cyb	<http://ids.clld.org/values/4-281-283-1>		<http://ids.clld.org/parameters/4-281>		<http://ids.clld.org/values/4-281-198-1>		"pergalvis"@prg	
"kɨβɨ"@cyb	<http://ids.clld.org/values/16-670-283-1>		<http://ids.clld.org/parameters/16-670>		<http://ids.clld.org/values/16-670-198-1>		"mént'ama"@prg	
"ra'uβaβa"@cyb	<http://ids.clld.org/values/1-540-283-3>		<http://ids.clld.org/parameters/1-540>		<http://ids.clld.org/values/1-540-198-1>		"lauksnās"@prg	
"imihi ~ imĩhĩ"@cyb	<http://ids.clld.org/values/12-920-283-1>		<http://ids.clld.org/parameters/12-920>		<http://ids.clld.org/values/12-920-198-1>		"palīgun"@prg	
"maače"@cyb	<http://ids.clld.org/values/13-140-283-3>		<http://ids.clld.org/parameters/13-140>		<http://ids.clld.org/values/13-140-198-1>		"erains"@prg	
"sa'ǰahae"@cyb	<http://ids.clld.org/values/4-850-283-3>		<http://ids.clld.org/parameters/4-850>		<http://ids.clld.org/values/4-850-198-1>		"eizvā"@prg	
"βaβa"@cyb	<http://ids.clld.org/values/2-460-283-1>		<http://ids.clld.org/parameters/2-460>		<http://ids.clld.org/values/2-460-198-1>		"tētis"@prg	
"[or'neao]"@cyb	<http://ids.clld.org/values/5-510-283-5>		<http://ids.clld.org/parameters/5-510>		<http://ids.clld.org/values/5-510-198-1>		"geitis"@prg	
"ǰi'aure"@cyb	<http://ids.clld.org/values/14-180-283-1>		<http://ids.clld.org/parameters/14-180>		<http://ids.clld.org/values/14-180-198-1>		"teinū"@prg	
"ha'reipa"@cyb	<http://ids.clld.org/values/15-840-283-1>		<http://ids.clld.org/parameters/15-840>		<http://ids.clld.org/values/15-840-198-1>		"sausan"@prg	
"bɔkɔ"@cyb	<http://ids.clld.org/values/1-730-283-1>		<http://ids.clld.org/parameters/1-730>		<http://ids.clld.org/values/1-730-198-1>		"(v)up'an"@prg	
"tɨβɨ...tui"@cyb	<http://ids.clld.org/values/18-320-283-1>		<http://ids.clld.org/parameters/18-320>		<http://ids.clld.org/values/18-320-198-1>		"attrātvei"@prg	
"mũkũrũ"@cyb	<http://ids.clld.org/values/5-120-283-3>		<http://ids.clld.org/parameters/5-120>		<http://ids.clld.org/values/5-120-198-1>		"ēdā"@prg	
"koβoβo"@cyb	<http://ids.clld.org/values/5-280-283-1>		<http://ids.clld.org/parameters/5-280>		<http://ids.clld.org/values/5-280-198-1>		"panevkā"@prg	
"'naamõ"@cyb	<http://ids.clld.org/values/1-830-283-3>		<http://ids.clld.org/parameters/1-830>		<http://ids.clld.org/values/1-830-198-1>		"dūmis"@prg	
"do'remaka"@cyb	<http://ids.clld.org/values/14-730-283-1>		<http://ids.clld.org/parameters/14-730>		<http://ids.clld.org/values/14-730-198-1>		"metan"@prg	
"puǰu"@cyb	<http://ids.clld.org/values/21-160-283-3>		<http://ids.clld.org/parameters/21-160>		<http://ids.clld.org/values/21-160-198-1>		"līgint"@prg	
"ča"@cyb	<http://ids.clld.org/values/4-240-283-1>		<http://ids.clld.org/parameters/4-240>		<http://ids.clld.org/values/4-240-198-1>		"austā"@prg	
"haa"@cyb	<http://ids.clld.org/values/17-550-283-1>		<http://ids.clld.org/parameters/17-550>		<http://ids.clld.org/values/17-550-198-1>		"[ya]"@prg	
"-čeče"@cyb	<http://ids.clld.org/values/12-550-283-1>		<http://ids.clld.org/parameters/12-550>		<http://ids.clld.org/values/12-550-198-1>		"debīkan"@prg	
"pɨβɨ"@cyb	<http://ids.clld.org/values/4-209-283-3>		<http://ids.clld.org/parameters/4-209>		<http://ids.clld.org/values/4-209-198-1>		"skalus"@prg	
"napu"@cyb	<http://ids.clld.org/values/5-940-283-5>		<http://ids.clld.org/parameters/5-940>		<http://ids.clld.org/values/5-940-198-1>		"rūktan-dadan"@prg	
"'da-ru"@cyb	<http://ids.clld.org/values/4-330-283-3>		<http://ids.clld.org/parameters/4-330>		<http://ids.clld.org/values/4-330-198-1>		"rankā"@prg	
"'pɨpɨku"@cyb	<http://ids.clld.org/values/5-770-283-1>		<http://ids.clld.org/parameters/5-770>		<http://ids.clld.org/values/5-770-198-1>		"buka-reisis"@prg	
"'yaraɨ"@cyb	<http://ids.clld.org/values/14-420-283-5>		<http://ids.clld.org/parameters/14-420>		<http://ids.clld.org/values/14-420-198-1>		"naktin"@prg	
"mɨmɨčɨ"@cyb	<http://ids.clld.org/values/4-290-283-1>		<http://ids.clld.org/parameters/4-290>		<http://ids.clld.org/values/4-290-198-1>		"gurklē"@prg	
"ra'dɨβɨrɨ"@cyb	<http://ids.clld.org/values/5-380-283-3>		<http://ids.clld.org/parameters/5-380>		<http://ids.clld.org/values/5-380-198-1>		"peile"@prg	
"bapa"@cyb	<http://ids.clld.org/values/2-350-283-3>		<http://ids.clld.org/parameters/2-350>		<http://ids.clld.org/values/2-350-198-1>		"tāvas"@prg	
"takakaæ"@cyb	<http://ids.clld.org/values/4-810-283-5>		<http://ids.clld.org/parameters/4-810>		<http://ids.clld.org/values/4-810-198-1>		"sparts"@prg	
"bi"@cyb	<http://ids.clld.org/values/4-720-283-1>		<http://ids.clld.org/parameters/4-720>		<http://ids.clld.org/values/4-720-198-1>		"gemtun"@prg	
"koporo"@cyb	<http://ids.clld.org/values/12-240-283-1>		<http://ids.clld.org/parameters/12-240>		<http://ids.clld.org/values/12-240-198-1>		"atvér'a"@prg	
"rišoko"@cyb	<http://ids.clld.org/values/8-520-283-3>		<http://ids.clld.org/parameters/8-520>		<http://ids.clld.org/values/8-520-198-1>		"kraiss"@prg	
"a-"@cyb	<http://ids.clld.org/values/2-910-283-3>		<http://ids.clld.org/parameters/2-910>		<http://ids.clld.org/values/2-910-198-1>		"as"@prg	
"datɨ"@cyb	<http://ids.clld.org/values/1-100-283-1>		<http://ids.clld.org/parameters/1-100>		<http://ids.clld.org/values/1-100-198-1>		"svētā"@prg	
"ra'hebee"@cyb	<http://ids.clld.org/values/6-550-283-3>		<http://ids.clld.org/parameters/6-550>		<http://ids.clld.org/values/6-550-198-1>		"kelmis"@prg	
"ɲakai'æǰahɨ"@cyb	<http://ids.clld.org/values/10-230-283-5>		<http://ids.clld.org/parameters/10-230>		<http://ids.clld.org/values/10-230-198-1>		"krūt"@prg	
"['bɨɨye]"@cyb	<http://ids.clld.org/values/3-220-283-1>		<http://ids.clld.org/parameters/3-220>		<http://ids.clld.org/values/3-220-198-1>		"kurvis ~ karvis"@prg	
"'pipɨdɨ"@cyb	<http://ids.clld.org/values/1-410-283-1>		<http://ids.clld.org/parameters/1-410>		<http://ids.clld.org/values/1-410-198-1>		"med'an"@prg	
"tɨrɨ-βa"@cyb	<http://ids.clld.org/values/4-150-283-3>		<http://ids.clld.org/parameters/4-150>		<http://ids.clld.org/values/4-150-198-1>		"kraujā"@prg	
"meǰoma'maa ki'rihoǰo"@cyb	<http://ids.clld.org/values/4-730-283-1>		<http://ids.clld.org/parameters/4-730>		<http://ids.clld.org/values/4-730-198-1>		"brendekermnen"@prg	
"[plata]"@cyb	<http://ids.clld.org/values/9-650-283-1>		<http://ids.clld.org/parameters/9-650>		<http://ids.clld.org/values/9-650-198-1>		"sirablis"@prg	
"ha-'kohi-če"@cyb	<http://ids.clld.org/values/17-130-283-3>		<http://ids.clld.org/parameters/17-130>		<http://ids.clld.org/values/17-130-198-1>		"pamērīt"@prg	
"r-"@cyb	<http://ids.clld.org/values/2-930-283-1>		<http://ids.clld.org/parameters/2-930>		<http://ids.clld.org/values/2-930-198-3>		"tanā"@prg	
"r-"@cyb	<http://ids.clld.org/values/2-930-283-1>		<http://ids.clld.org/parameters/2-930>		<http://ids.clld.org/values/2-930-198-1>		"tan[a]s"@prg	
"tææ ~ tæræ"@cyb	<http://ids.clld.org/values/5-810-283-3>		<http://ids.clld.org/parameters/5-810>		<http://ids.clld.org/values/5-810-198-1>		"sali (?)"@prg	
"ma'miasi"@cyb	<http://ids.clld.org/values/2-251-283-1>		<http://ids.clld.org/parameters/2-251>		<http://ids.clld.org/values/2-251-198-1>		"maldai"@prg	
"irihe"@cyb	<http://ids.clld.org/values/1-550-283-1>		<http://ids.clld.org/parameters/1-550>		<http://ids.clld.org/values/1-550-198-1>		"mēldē"@prg	
"-uaβ"@cyb	<http://ids.clld.org/values/4-110-283-1>		<http://ids.clld.org/parameters/4-110>		<http://ids.clld.org/values/4-110-198-1>		"kérmens"@prg	
"poone"@cyb	<http://ids.clld.org/values/9-730-283-1>		<http://ids.clld.org/parameters/9-730>		<http://ids.clld.org/values/9-730-198-1>		"laidis"@prg	
"bo"@cyb	<http://ids.clld.org/values/1-750-283-3>		<http://ids.clld.org/parameters/1-750>		<http://ids.clld.org/values/1-750-198-1>		"aglā"@prg	
"čoka"@cyb	<http://ids.clld.org/values/10-480-283-3>		<http://ids.clld.org/parameters/10-480>		<http://ids.clld.org/values/10-480-198-1>		"peréit"@prg	
"ki-kuri"@cyb	<http://ids.clld.org/values/1-330-283-3>		<http://ids.clld.org/parameters/1-330>		<http://ids.clld.org/values/1-330-198-1>		"azaran"@prg	
"[masa]"@cyb	<http://ids.clld.org/values/5-530-283-1>		<http://ids.clld.org/parameters/5-530>		<http://ids.clld.org/values/5-530-198-1>		"zinkslā"@prg	
"ɲera'barike ~ ɲera'baike"@cyb	<http://ids.clld.org/values/1-360-283-1>		<http://ids.clld.org/parameters/1-360>		<http://ids.clld.org/values/1-360-198-1>		"apē"@prg	
"[oro]"@cyb	<http://ids.clld.org/values/9-640-283-1>		<http://ids.clld.org/parameters/9-640>		<http://ids.clld.org/values/9-640-198-1>		"ausis"@prg	
"βemame ~ bemame"@cyb	<http://ids.clld.org/values/5-860-283-1>		<http://ids.clld.org/parameters/5-860>		<http://ids.clld.org/values/5-860-198-1>		"dadan"@prg	
"mi-'tɔ̃rene"@cyb	<http://ids.clld.org/values/2-450-283-1>		<http://ids.clld.org/parameters/2-450>		<http://ids.clld.org/values/2-450-198-1>		"svestrā"@prg	
"ki-ri-'arama"@cyb	<http://ids.clld.org/values/14-410-283-3>		<http://ids.clld.org/parameters/14-410>		<http://ids.clld.org/values/14-410-198-1>		"deinan"@prg	
"popo"@cyb	<http://ids.clld.org/values/3-570-283-1>		<http://ids.clld.org/parameters/3-570>		<http://ids.clld.org/values/3-570-198-1>		"antis"@prg	
"he"@cyb	<http://ids.clld.org/values/4-370-283-1>		<http://ids.clld.org/parameters/4-370>		<http://ids.clld.org/values/4-370-198-1>		"nagē"@prg	
"čukuru"@cyb	<http://ids.clld.org/values/10-630-283-1>		<http://ids.clld.org/parameters/10-630>		<http://ids.clld.org/values/10-630-198-1>		"pertenginuns"@prg	
"βa'rakaka"@cyb	<http://ids.clld.org/values/3-960-283-1>		<http://ids.clld.org/parameters/3-960>		<http://ids.clld.org/values/3-960-198-1>		"estureitā"@prg	
"kãhẽ"@cyb	<http://ids.clld.org/values/12-50-283-3>		<http://ids.clld.org/parameters/12-50>		<http://ids.clld.org/values/12-50-198-1>		"en"@prg	
"rɨ̃hẽ ... uaβ-a"@cyb	<http://ids.clld.org/values/16-110-283-1>		<http://ids.clld.org/parameters/16-110>		<http://ids.clld.org/values/16-110-198-1>		"nāseilis"@prg	
"ki-'arama"@cyb	<http://ids.clld.org/values/14-410-283-1>		<http://ids.clld.org/parameters/14-410>		<http://ids.clld.org/values/14-410-198-1>		"deinan"@prg	
"piæɲi"@cyb	<http://ids.clld.org/values/4-280-283-1>		<http://ids.clld.org/parameters/4-280>		<http://ids.clld.org/values/4-280-198-1>		"vinzus"@prg	
"čoroβo"@cyb	<http://ids.clld.org/values/3-594-283-1>		<http://ids.clld.org/parameters/3-594>		<http://ids.clld.org/values/3-594-198-1>		"pālis"@prg	
"'βarie"@cyb	<http://ids.clld.org/values/8-311-283-1>		<http://ids.clld.org/parameters/8-311>		<http://ids.clld.org/values/8-311-198-1>		"sēmen"@prg	
"da-iti"@cyb	<http://ids.clld.org/values/2-360-283-1>		<http://ids.clld.org/parameters/2-360>		<http://ids.clld.org/values/2-360-198-1>		"mātē"@prg	
"dabe"@cyb	<http://ids.clld.org/values/1-310-283-5>		<http://ids.clld.org/parameters/1-310>		<http://ids.clld.org/values/1-310-198-1>		"(v)undas"@prg	
"næhæ"@cyb	<http://ids.clld.org/values/16-530-283-3>		<http://ids.clld.org/parameters/16-530>		<http://ids.clld.org/values/16-530-198-1>		"bi[y]āsnan"@prg	
"rɔmi-hæ"@cyb	<http://ids.clld.org/values/5-970-283-3>		<http://ids.clld.org/parameters/5-970>		<http://ids.clld.org/values/5-970-198-1>		"paute"@prg	
"'kareda"@cyb	<http://ids.clld.org/values/10-760-283-1>		<http://ids.clld.org/parameters/10-760>		<http://ids.clld.org/values/10-760-198-1>		"kelan"@prg	
"pure"@cyb	<http://ids.clld.org/values/5-930-283-3>		<http://ids.clld.org/parameters/5-930>		<http://ids.clld.org/values/5-930-198-1>		"pīvis"@prg	
"-ri"@cyb	<http://ids.clld.org/values/2-910-283-5>		<http://ids.clld.org/parameters/2-910>		<http://ids.clld.org/values/2-910-198-1>		"as"@prg	
"itɔɲɔ"@cyb	<http://ids.clld.org/values/18-120-283-1>		<http://ids.clld.org/parameters/18-120>		<http://ids.clld.org/values/18-120-198-1>		"grīmuns"@prg	
"dapoa"@cyb	<http://ids.clld.org/values/2-100-283-3>		<http://ids.clld.org/parameters/2-100>		<http://ids.clld.org/values/2-100-198-1>		"zmānen[t]s"@prg	
"pir- ~ ipir- ~ pri-"@cyb	<http://ids.clld.org/values/2-950-283-1>		<http://ids.clld.org/parameters/2-950>		<http://ids.clld.org/values/2-950-198-1>		"yūs"@prg	
"beke"@cyb	<http://ids.clld.org/values/17-170-283-1>		<http://ids.clld.org/parameters/17-170>		<http://ids.clld.org/values/17-170-198-1>		"vaist"@prg	
"rɨhɨ"@cyb	<http://ids.clld.org/values/10-210-283-3>		<http://ids.clld.org/parameters/10-210>		<http://ids.clld.org/values/10-210-198-1>		"atskīsai"@prg	
"βa'ukare"@cyb	<http://ids.clld.org/values/3-583-283-3>		<http://ids.clld.org/parameters/3-583>		<http://ids.clld.org/values/3-583-198-1>		"gēisē"@prg	
"ripu"@cyb	<http://ids.clld.org/values/1-215-283-1>		<http://ids.clld.org/parameters/1-215>		<http://ids.clld.org/values/1-215-198-1>		"zigzdā"@prg	
"ua"@cyb	<http://ids.clld.org/values/4-750-283-1>		<http://ids.clld.org/parameters/4-750>		<http://ids.clld.org/values/4-750-198-1>		"aul'aút"@prg	
"čuku-...-ama"@cyb	<http://ids.clld.org/values/22-240-283-1>		<http://ids.clld.org/parameters/22-240>		<http://ids.clld.org/values/22-240-198-1>		"perklantīt"@prg	
"ki'arama"@cyb	<http://ids.clld.org/values/14-110-283-1>		<http://ids.clld.org/parameters/14-110>		<http://ids.clld.org/values/14-110-198-3>		"kérdan"@prg	
"ki'arama"@cyb	<http://ids.clld.org/values/14-110-283-1>		<http://ids.clld.org/parameters/14-110>		<http://ids.clld.org/values/14-110-198-1>		"kīsman"@prg	
"daɨ"@cyb	<http://ids.clld.org/values/14-420-283-1>		<http://ids.clld.org/parameters/14-420>		<http://ids.clld.org/values/14-420-198-1>		"naktin"@prg	
"imara"@cyb	<http://ids.clld.org/values/22-170-283-3>		<http://ids.clld.org/parameters/22-170>		<http://ids.clld.org/values/22-170-198-1>		"madlīt"@prg	
"βihi"@cyb	<http://ids.clld.org/values/10-480-283-5>		<http://ids.clld.org/parameters/10-480>		<http://ids.clld.org/values/10-480-198-1>		"peréit"@prg	
"mærio"@cyb	<http://ids.clld.org/values/11-430-283-3>		<http://ids.clld.org/parameters/11-430>		<http://ids.clld.org/values/11-430-198-1>		"peningans"@prg	
"hɔ'hɔbæ"@cyb	<http://ids.clld.org/values/1-380-283-3>		<http://ids.clld.org/parameters/1-380>		<http://ids.clld.org/values/1-380-198-1>		"pelkī"@prg	
"kokopi"@cyb	<http://ids.clld.org/values/5-340-283-5>		<http://ids.clld.org/parameters/5-340>		<http://ids.clld.org/values/5-340-198-1>		"kragis"@prg	
"[kiri'tiano]"@cyb	<http://ids.clld.org/values/19-210-283-3>		<http://ids.clld.org/parameters/19-210>		<http://ids.clld.org/values/19-210-198-1>		"amzin"@prg	
"ra"@cyb	<http://ids.clld.org/values/16-710-283-3>		<http://ids.clld.org/parameters/16-710>		<http://ids.clld.org/values/16-710-198-1>		"labs"@prg	
"ǰokore"@cyb	<http://ids.clld.org/values/4-210-283-3>		<http://ids.clld.org/parameters/4-210>		<http://ids.clld.org/values/4-210-198-1>		"akis"@prg	
"i-βere"@cyb	<http://ids.clld.org/values/15-680-283-1>		<http://ids.clld.org/parameters/15-680>		<http://ids.clld.org/values/15-680-198-1>		"zal'an"@prg	
"reβe"@cyb	<http://ids.clld.org/values/11-630-283-1>		<http://ids.clld.org/parameters/11-630>		<http://ids.clld.org/values/11-630-198-1>		"skelánts"@prg	
"rinɨ̃rɨ̃ ~ rĩnɨ̃rɨ̃"@cyb	<http://ids.clld.org/values/1-380-283-1>		<http://ids.clld.org/parameters/1-380>		<http://ids.clld.org/values/1-380-198-1>		"pelkī"@prg	
"rea"@cyb	<http://ids.clld.org/values/20-140-283-1>		<http://ids.clld.org/parameters/20-140>		<http://ids.clld.org/values/20-140-198-1>		"pakayan"@prg	
"ču'runo"@cyb	<http://ids.clld.org/values/5-340-283-3>		<http://ids.clld.org/parameters/5-340>		<http://ids.clld.org/values/5-340-198-1>		"kragis"@prg	
"ru"@cyb	<http://ids.clld.org/values/4-330-283-1>		<http://ids.clld.org/parameters/4-330>		<http://ids.clld.org/values/4-330-198-1>		"rankā"@prg	
"'mãkãhæ"@cyb	<http://ids.clld.org/values/4-440-283-1>		<http://ids.clld.org/parameters/4-440>		<http://ids.clld.org/values/4-440-198-1>		"sēr"@prg	
"rao'mõroe"@cyb	<http://ids.clld.org/values/1-740-283-1>		<http://ids.clld.org/parameters/1-740>		<http://ids.clld.org/values/1-740-198-1>		"kūpsins"@prg	
"apa-"@cyb	<http://ids.clld.org/values/2-920-283-5>		<http://ids.clld.org/parameters/2-920>		<http://ids.clld.org/values/2-920-198-1>		"tū"@prg	
"[βaka]"@cyb	<http://ids.clld.org/values/3-230-283-1>		<http://ids.clld.org/parameters/3-230>		<http://ids.clld.org/values/3-230-198-1>		"klentē"@prg	
"βuru"@cyb	<http://ids.clld.org/values/11-250-283-1>		<http://ids.clld.org/parameters/11-250>		<http://ids.clld.org/values/11-250-198-1>		"isrankīt"@prg	
"'naare ~ nãræ̃ ~ naræ"@cyb	<http://ids.clld.org/values/1-420-283-1>		<http://ids.clld.org/parameters/1-420>		<http://ids.clld.org/values/1-420-198-1>		"gar'an"@prg	
"βeβe"@cyb	<http://ids.clld.org/values/4-460-283-1>		<http://ids.clld.org/parameters/4-460>		<http://ids.clld.org/values/4-460-198-1>		"vēders"@prg	
"p-"@cyb	<http://ids.clld.org/values/2-920-283-1>		<http://ids.clld.org/parameters/2-920>		<http://ids.clld.org/values/2-920-198-1>		"tū"@prg	
"tɨkɨ...ama"@cyb	<http://ids.clld.org/values/17-450-283-3>		<http://ids.clld.org/parameters/17-450>		<http://ids.clld.org/values/17-450-198-1>		"nautin"@prg	
"ra"@cyb	<http://ids.clld.org/values/4-170-283-1>		<http://ids.clld.org/parameters/4-170>		<http://ids.clld.org/values/4-170-198-1>		"ragis"@prg	
"čõẽ ~ čõ- ~ čõhe"@cyb	<http://ids.clld.org/values/4-430-283-1>		<http://ids.clld.org/parameters/4-430>		<http://ids.clld.org/values/4-430-198-1>		"nabis"@prg	
"-ræ"@cyb	<http://ids.clld.org/values/2-930-283-5>		<http://ids.clld.org/parameters/2-930>		<http://ids.clld.org/values/2-930-198-3>		"tanā"@prg	
"-ræ"@cyb	<http://ids.clld.org/values/2-930-283-5>		<http://ids.clld.org/parameters/2-930>		<http://ids.clld.org/values/2-930-198-1>		"tan[a]s"@prg	
"-pa-ru"@cyb	<http://ids.clld.org/values/4-330-283-5>		<http://ids.clld.org/parameters/4-330>		<http://ids.clld.org/values/4-330-198-1>		"rankā"@prg	
"'naβiyu"@cyb	<http://ids.clld.org/values/3-240-283-3>		<http://ids.clld.org/parameters/3-240>		<http://ids.clld.org/values/3-240-198-1>		"verst'an"@prg	
"βo"@cyb	<http://ids.clld.org/values/5-470-283-1>		<http://ids.clld.org/parameters/5-470>		<http://ids.clld.org/values/5-470-198-1>		"saitan"@prg	
"mõdĩrĩ"@cyb	<http://ids.clld.org/values/2-250-283-3>		<http://ids.clld.org/parameters/2-250>		<http://ids.clld.org/values/2-250-198-1>		"malnīk[a]s"@prg	
"ra-bore"@cyb	<http://ids.clld.org/values/15-640-283-5>		<http://ids.clld.org/parameters/15-640>		<http://ids.clld.org/values/15-640-198-1>		"gailis"@prg	
"haβæ"@cyb	<http://ids.clld.org/values/18-210-283-3>		<http://ids.clld.org/parameters/18-210>		<http://ids.clld.org/values/18-210-198-1>		"gérbt"@prg	
"mama"@cyb	<http://ids.clld.org/values/13-340-283-3>		<http://ids.clld.org/parameters/13-340>		<http://ids.clld.org/values/13-340-198-1>		"pirmas"@prg	
"'βiβere"@cyb	<http://ids.clld.org/values/5-120-283-1>		<http://ids.clld.org/parameters/5-120>		<http://ids.clld.org/values/5-120-198-1>		"ēdā"@prg	
"[paga]"@cyb	<http://ids.clld.org/values/11-650-283-1>		<http://ids.clld.org/parameters/11-650>		<http://ids.clld.org/values/11-650-198-1>		"plateis"@prg	
"ra'haapa ~ la'haapa"@cyb	<http://ids.clld.org/values/5-370-283-1>		<http://ids.clld.org/parameters/5-370>		<http://ids.clld.org/values/5-370-198-1>		"lapinis"@prg	
"ma'βaona"@cyb	<http://ids.clld.org/values/2-260-283-1>		<http://ids.clld.org/parameters/2-260>		<http://ids.clld.org/values/2-260-198-1>		"mergā"@prg	
"rahe'ukuku"@cyb	<http://ids.clld.org/values/3-350-283-1>		<http://ids.clld.org/parameters/3-350>		<http://ids.clld.org/values/3-350-198-1>		"parst'an"@prg	
"-kãhẽ"@cyb	<http://ids.clld.org/values/16-230-283-1>		<http://ids.clld.org/parameters/16-230>		<http://ids.clld.org/values/16-230-198-1>		"[vesals]"@prg	
"ine"@cyb	<http://ids.clld.org/values/4-130-283-3>		<http://ids.clld.org/parameters/4-130>		<http://ids.clld.org/values/4-130-198-1>		"mensā"@prg	
"[hoese]"@cyb	<http://ids.clld.org/values/21-160-283-1>		<http://ids.clld.org/parameters/21-160>		<http://ids.clld.org/values/21-160-198-1>		"līgint"@prg	
"ɲika"@cyb	<http://ids.clld.org/values/7-120-283-1>		<http://ids.clld.org/parameters/7-120>		<http://ids.clld.org/values/7-120-198-1>		"butas"@prg	
"čori"@cyb	<http://ids.clld.org/values/12-220-283-1>		<http://ids.clld.org/parameters/12-220>		<http://ids.clld.org/values/12-220-198-1>		"sanrists"@prg	
"torene"@cyb	<http://ids.clld.org/values/2-320-283-1>		<http://ids.clld.org/parameters/2-320>		<http://ids.clld.org/values/2-320-198-1>		"salūban"@prg	
"'βeiki"@cyb	<http://ids.clld.org/values/5-940-283-1>		<http://ids.clld.org/parameters/5-940>		<http://ids.clld.org/values/5-940-198-1>		"rūktan-dadan"@prg	
"-βæčɔčɔ ~ βæčɔ-"@cyb	<http://ids.clld.org/values/4-560-283-1>		<http://ids.clld.org/parameters/4-560>		<http://ids.clld.org/values/4-560-198-1>		"vimbis"@prg	
"ro-roko"@cyb	<http://ids.clld.org/values/10-450-283-3>		<http://ids.clld.org/parameters/10-450>		<http://ids.clld.org/values/10-450-198-1>		"neikaut"@prg	
"pipi"@cyb	<http://ids.clld.org/values/2-470-283-3>		<http://ids.clld.org/parameters/2-470>		<http://ids.clld.org/values/2-470-198-1>		"anē"@prg	
"βɔp"@cyb	<http://ids.clld.org/values/2-350-283-5>		<http://ids.clld.org/parameters/2-350>		<http://ids.clld.org/values/2-350-198-1>		"tāvas"@prg	
"čɨmɨrɨ...čɔ"@cyb	<http://ids.clld.org/values/20-471-283-1>		<http://ids.clld.org/parameters/20-471>		<http://ids.clld.org/values/20-471-198-1>		"*-sargs"@prg	
"mame"@cyb	<http://ids.clld.org/values/4-451-283-1>		<http://ids.clld.org/parameters/4-451>		<http://ids.clld.org/values/4-451-198-1>		"inkstē"@prg	
"tĩĩtɨ̃ ~ tĩtĩ"@cyb	<http://ids.clld.org/values/3-650-283-3>		<http://ids.clld.org/parameters/3-650>		<http://ids.clld.org/values/3-650-198-1>		"zukis"@prg	
"ɲaβe ~ ɲaβ-"@cyb	<http://ids.clld.org/values/4-310-283-1>		<http://ids.clld.org/parameters/4-310>		<http://ids.clld.org/values/4-310-198-1>		"irmā"@prg	
"ya'βeine"@cyb	<http://ids.clld.org/values/17-550-283-3>		<http://ids.clld.org/parameters/17-550>		<http://ids.clld.org/values/17-550-198-1>		"[ya]"@prg	
"-čeče"@cyb	<http://ids.clld.org/values/13-150-283-3>		<http://ids.clld.org/parameters/13-150>		<http://ids.clld.org/values/13-150-198-1>		"tūlan"@prg	
"tɨ̃tẽ"@cyb	<http://ids.clld.org/values/4-140-283-3>		<http://ids.clld.org/parameters/4-140>		<http://ids.clld.org/values/4-140-198-1>		"skebelis"@prg	
"pairaha"@cyb	<http://ids.clld.org/values/4-830-283-1>		<http://ids.clld.org/parameters/4-830>		<http://ids.clld.org/values/4-830-198-1>		"kails"@prg	
"-bɨβɨ"@cyb	<http://ids.clld.org/values/4-461-283-1>		<http://ids.clld.org/parameters/4-461>		<http://ids.clld.org/values/4-461-198-1>		"grābis"@prg	
"siki"@cyb	<http://ids.clld.org/values/4-190-283-5>		<http://ids.clld.org/parameters/4-190>		<http://ids.clld.org/values/4-190-198-1>		"rītīznan"@prg	
"mamɨ"@cyb	<http://ids.clld.org/values/2-520-283-1>		<http://ids.clld.org/parameters/2-520>		<http://ids.clld.org/values/2-520-198-1>		"māsā"@prg	
"tæɲæ"@cyb	<http://ids.clld.org/values/12-120-283-5>		<http://ids.clld.org/parameters/12-120>		<http://ids.clld.org/values/12-120-198-1>		"lazinā"@prg	
"'uaβe"@cyb	<http://ids.clld.org/values/3-594-283-3>		<http://ids.clld.org/parameters/3-594>		<http://ids.clld.org/values/3-594-198-1>		"pālis"@prg	
"βačæ"@cyb	<http://ids.clld.org/values/11-310-283-1>		<http://ids.clld.org/parameters/11-310>		<http://ids.clld.org/values/11-310-198-1>		"laukīt"@prg	
"põõ"@cyb	<http://ids.clld.org/values/13-210-283-3>		<http://ids.clld.org/parameters/13-210>		<http://ids.clld.org/values/13-210-198-1>		"pilnan"@prg	
"da'βukue"@cyb	<http://ids.clld.org/values/1-710-283-1>		<http://ids.clld.org/parameters/1-710>		<http://ids.clld.org/values/1-710-198-1>		"vins"@prg	
"buǰu"@cyb	<http://ids.clld.org/values/4-208-283-1>		<http://ids.clld.org/parameters/4-208>		<http://ids.clld.org/values/4-208-198-1>		"laiknan"@prg	
"o ~ ɔ ~ u"@cyb	<http://ids.clld.org/values/10-470-283-1>		<http://ids.clld.org/parameters/10-470>		<http://ids.clld.org/values/10-470-198-1>		"éit"@prg	
"rɔmi-he"@cyb	<http://ids.clld.org/values/5-970-283-1>		<http://ids.clld.org/parameters/5-970>		<http://ids.clld.org/values/5-970-198-1>		"paute"@prg	
"ču'kaka"@cyb	<http://ids.clld.org/values/10-520-283-1>		<http://ids.clld.org/parameters/10-520>		<http://ids.clld.org/values/10-520-198-1>		"rīpaite"@prg	
"tɔri"@cyb	<http://ids.clld.org/values/18-510-283-5>		<http://ids.clld.org/parameters/18-510>		<http://ids.clld.org/values/18-510-198-1>		"peisātan"@prg	
"βakɔ"@cyb	<http://ids.clld.org/values/17-150-283-1>		<http://ids.clld.org/parameters/17-150>		<http://ids.clld.org/values/17-150-198-1>		"druvēt"@prg	
"siǰiǰi"@cyb	<http://ids.clld.org/values/4-810-283-1>		<http://ids.clld.org/parameters/4-810>		<http://ids.clld.org/values/4-810-198-1>		"sparts"@prg	
"mækõ"@cyb	<http://ids.clld.org/values/3-831-283-3>		<http://ids.clld.org/parameters/3-831>		<http://ids.clld.org/values/3-831-198-1>		"kusis"@prg	
"napo"@cyb	<http://ids.clld.org/values/5-550-283-3>		<http://ids.clld.org/parameters/5-550>		<http://ids.clld.org/values/5-550-198-1>		"meltan"@prg	
"ritɔkɔ"@cyb	<http://ids.clld.org/values/4-300-283-1>		<http://ids.clld.org/parameters/4-300>		<http://ids.clld.org/values/4-300-198-1>		"petē"@prg	
"ǰare"@cyb	<http://ids.clld.org/values/18-210-283-5>		<http://ids.clld.org/parameters/18-210>		<http://ids.clld.org/values/18-210-198-1>		"gérbt"@prg	
"rada'roeke"@cyb	<http://ids.clld.org/values/7-260-283-1>		<http://ids.clld.org/parameters/7-260>		<http://ids.clld.org/values/7-260-198-1>		"talus"@prg	
"čočo"@cyb	<http://ids.clld.org/values/16-270-283-1>		<http://ids.clld.org/parameters/16-270>		<http://ids.clld.org/values/16-270-198-1>		"mīlēt"@prg	
"eme"@cyb	<http://ids.clld.org/values/18-280-283-1>		<http://ids.clld.org/parameters/18-280>		<http://ids.clld.org/values/18-280-198-1>		"imens"@prg	
"oo"@cyb	<http://ids.clld.org/values/17-540-283-1>		<http://ids.clld.org/parameters/17-540>		<http://ids.clld.org/values/17-540-198-1>		"[ader]"@prg	
"itæ ~ ite"@cyb	<http://ids.clld.org/values/15-410-283-1>		<http://ids.clld.org/parameters/15-410>		<http://ids.clld.org/values/15-410-198-3>		"klausītun"@prg	
"itæ ~ ite"@cyb	<http://ids.clld.org/values/15-410-283-1>		<http://ids.clld.org/parameters/15-410>		<http://ids.clld.org/values/15-410-198-1>		"kirdē̈t[vei]"@prg	
"koro"@cyb	<http://ids.clld.org/values/10-110-283-3>		<http://ids.clld.org/parameters/10-110>		<http://ids.clld.org/values/10-110-198-1>		"pabanginuns"@prg	
"'naare ~ nãræ ~ nare"@cyb	<http://ids.clld.org/values/1-430-283-1>		<http://ids.clld.org/parameters/1-430>		<http://ids.clld.org/values/1-430-198-1>		"malkā"@prg	
"none ~ nɔne"@cyb	<http://ids.clld.org/values/13-340-283-1>		<http://ids.clld.org/parameters/13-340>		<http://ids.clld.org/values/13-340-198-1>		"pirmas"@prg	
"tɨrɨrɨ"@cyb	<http://ids.clld.org/values/15-660-283-1>		<http://ids.clld.org/parameters/15-660>		<http://ids.clld.org/values/15-660-198-1>		"varminan"@prg	
"riǰape"@cyb	<http://ids.clld.org/values/1-860-283-1>		<http://ids.clld.org/parameters/1-860>		<http://ids.clld.org/values/1-860-198-1>		"ankaitītai"@prg	
"ka'riǰahi"@cyb	<http://ids.clld.org/values/10-230-283-1>		<http://ids.clld.org/parameters/10-230>		<http://ids.clld.org/values/10-230-198-1>		"krūt"@prg	
"rohæ"@cyb	<http://ids.clld.org/values/10-450-283-5>		<http://ids.clld.org/parameters/10-450>		<http://ids.clld.org/values/10-450-198-1>		"neikaut"@prg	
"nare ~ naræ ~ nãræ̃"@cyb	<http://ids.clld.org/values/8-600-283-1>		<http://ids.clld.org/parameters/8-600>		<http://ids.clld.org/values/8-600-198-1>		"gar'an"@prg	
"dore"@cyb	<http://ids.clld.org/values/1-820-283-1>		<http://ids.clld.org/parameters/1-820>		<http://ids.clld.org/values/1-820-198-1>		"lāpis"@prg	
"totoko"@cyb	<http://ids.clld.org/values/10-640-283-1>		<http://ids.clld.org/parameters/10-640>		<http://ids.clld.org/values/10-640-198-1>		"vest[vei]"@prg	
"čara"@cyb	<http://ids.clld.org/values/10-480-283-1>		<http://ids.clld.org/parameters/10-480>		<http://ids.clld.org/values/10-480-198-1>		"peréit"@prg	
"haiǰɨpæhae"@cyb	<http://ids.clld.org/values/13-240-283-1>		<http://ids.clld.org/parameters/13-240>		<http://ids.clld.org/values/13-240-198-1>		"pausan"@prg	
"čuǰa"@cyb	<http://ids.clld.org/values/12-130-283-1>		<http://ids.clld.org/parameters/12-130>		<http://ids.clld.org/values/12-130-198-1>		"sindan[t]s"@prg	
"yoǰa ~ kioǰa"@cyb	<http://ids.clld.org/values/6-120-283-5>		<http://ids.clld.org/parameters/6-120>		<http://ids.clld.org/values/6-120-198-1>		"rūkai"@prg	
"toβoro"@cyb	<http://ids.clld.org/values/18-410-283-3>		<http://ids.clld.org/parameters/18-410>		<http://ids.clld.org/values/18-410-198-1>		"vakētvei"@prg	
"riβɔkɔæ"@cyb	<http://ids.clld.org/values/8-120-283-3>		<http://ids.clld.org/parameters/8-120>		<http://ids.clld.org/values/8-120-198-1>		"lauks"@prg	
"-here ~ -šere"@cyb	<http://ids.clld.org/values/15-840-283-3>		<http://ids.clld.org/parameters/15-840>		<http://ids.clld.org/values/15-840-198-1>		"sausan"@prg	
"siire ~ siiri ~ sĩĩre"@cyb	<http://ids.clld.org/values/4-190-283-3>		<http://ids.clld.org/parameters/4-190>		<http://ids.clld.org/values/4-190-198-1>		"rītīznan"@prg	
"od-uaβ-a"@cyb	<http://ids.clld.org/values/4-110-283-3>		<http://ids.clld.org/parameters/4-110>		<http://ids.clld.org/values/4-110-198-1>		"kérmens"@prg	
"rire"@cyb	<http://ids.clld.org/values/11-130-283-5>		<http://ids.clld.org/parameters/11-130>		<http://ids.clld.org/values/11-130-198-1>		"ímt"@prg	
"βei"@cyb	<http://ids.clld.org/values/18-220-283-3>		<http://ids.clld.org/parameters/18-220>		<http://ids.clld.org/values/18-220-198-1>		"bilēt[vei]"@prg	
"[kɔ̃čɔ]"@cyb	<http://ids.clld.org/values/7-420-283-3>		<http://ids.clld.org/parameters/7-420>		<http://ids.clld.org/values/7-420-198-1>		"lastā"@prg	
"ta-he"@cyb	<http://ids.clld.org/values/4-370-283-5>		<http://ids.clld.org/parameters/4-370>		<http://ids.clld.org/values/4-370-198-1>		"nagē"@prg	
"čumuru"@cyb	<http://ids.clld.org/values/12-120-283-3>		<http://ids.clld.org/parameters/12-120>		<http://ids.clld.org/values/12-120-198-1>		"lazinā"@prg	
"čɔ̃he"@cyb	<http://ids.clld.org/values/12-850-283-3>		<http://ids.clld.org/parameters/12-850>		<http://ids.clld.org/values/12-850-198-1>		"dulzis"@prg	
"kɔæræ"@cyb	<http://ids.clld.org/values/18-110-283-1>		<http://ids.clld.org/parameters/18-110>		<http://ids.clld.org/values/18-110-198-1>		"tārin"@prg	
"ɔri"@cyb	<http://ids.clld.org/values/12-930-283-3>		<http://ids.clld.org/parameters/12-930>		<http://ids.clld.org/values/12-930-198-1>		"kitavidintun sin"@prg	
"rikɔ"@cyb	<http://ids.clld.org/values/19-460-283-1>		<http://ids.clld.org/parameters/19-460>		<http://ids.clld.org/values/19-460-198-1>		"klausītun"@prg	
"ramohe"@cyb	<http://ids.clld.org/values/19-150-283-3>		<http://ids.clld.org/parameters/19-150>		<http://ids.clld.org/values/19-150-198-1>		"mēstan"@prg	
"bɔre"@cyb	<http://ids.clld.org/values/5-550-283-1>		<http://ids.clld.org/parameters/5-550>		<http://ids.clld.org/values/5-550-198-1>		"meltan"@prg	
"ǰɨβɨ ~ ǰubu"@cyb	<http://ids.clld.org/values/15-860-283-1>		<http://ids.clld.org/parameters/15-860>		<http://ids.clld.org/values/15-860-198-1>		"salta"@prg	
"[to'ro-βesa]"@cyb	<http://ids.clld.org/values/3-260-283-1>		<http://ids.clld.org/parameters/3-260>		<http://ids.clld.org/values/3-260-198-1>		"avins"@prg	
"ɲea-'tɔ̃rene"@cyb	<http://ids.clld.org/values/2-320-283-3>		<http://ids.clld.org/parameters/2-320>		<http://ids.clld.org/values/2-320-198-1>		"salūban"@prg	
"pæ-"@cyb	<http://ids.clld.org/values/14-310-283-5>		<http://ids.clld.org/parameters/14-310>		<http://ids.clld.org/values/14-310-198-1>		"ainat"@prg	
"'yaroho"@cyb	<http://ids.clld.org/values/1-440-283-1>		<http://ids.clld.org/parameters/1-440>		<http://ids.clld.org/values/1-440-198-1>		"stabis"@prg	
"puri"@cyb	<http://ids.clld.org/values/4-630-283-1>		<http://ids.clld.org/parameters/4-630>		<http://ids.clld.org/values/4-630-198-1>		"*atbaudint"@prg	
"sopiri"@cyb	<http://ids.clld.org/values/6-360-283-1>		<http://ids.clld.org/parameters/6-360>		<http://ids.clld.org/values/6-360-198-1>		"aigulā"@prg	
"pipi"@cyb	<http://ids.clld.org/values/2-360-283-5>		<http://ids.clld.org/parameters/2-360>		<http://ids.clld.org/values/2-360-198-1>		"mātē"@prg	
"hi-"@cyb	<http://ids.clld.org/values/2-910-283-1>		<http://ids.clld.org/parameters/2-910>		<http://ids.clld.org/values/2-910-198-1>		"as"@prg	
"bu'ruruče"@cyb	<http://ids.clld.org/values/13-100-283-1>		<http://ids.clld.org/parameters/13-100>		<http://ids.clld.org/values/13-100-198-1>		"desimt[i]s"@prg	
"ɲe-tui"@cyb	<http://ids.clld.org/values/12-150-283-5>		<http://ids.clld.org/parameters/12-150>		<http://ids.clld.org/values/12-150-198-1>		"stalēt"@prg	
"pari'čaihi"@cyb	<http://ids.clld.org/values/17-660-283-1>		<http://ids.clld.org/parameters/17-660>		<http://ids.clld.org/values/17-660-198-1>		"kvei"@prg	
"tɨtɨβɨ"@cyb	<http://ids.clld.org/values/18-120-283-5>		<http://ids.clld.org/parameters/18-120>		<http://ids.clld.org/values/18-120-198-1>		"grīmuns"@prg	
"maβe"@cyb	<http://ids.clld.org/values/3-820-283-3>		<http://ids.clld.org/parameters/3-820>		<http://ids.clld.org/values/3-820-198-1>		"bitē"@prg	
"ra-pɨ'ǰɨ-a"@cyb	<http://ids.clld.org/values/12-150-283-1>		<http://ids.clld.org/parameters/12-150>		<http://ids.clld.org/values/12-150-198-1>		"stalēt"@prg	
"čiɲi'æmæ"@cyb	<http://ids.clld.org/values/16-530-283-1>		<http://ids.clld.org/parameters/16-530>		<http://ids.clld.org/values/16-530-198-1>		"bi[y]āsnan"@prg	
"todo"@cyb	<http://ids.clld.org/values/10-220-283-3>		<http://ids.clld.org/parameters/10-220>		<http://ids.clld.org/values/10-220-198-1>		"erláng'a"@prg	
"yataha"@cyb	<http://ids.clld.org/values/15-650-283-3>		<http://ids.clld.org/parameters/15-650>		<http://ids.clld.org/values/15-650-198-1>		"kirsnan"@prg	
"'yaaβe"@cyb	<http://ids.clld.org/values/13-150-283-7>		<http://ids.clld.org/parameters/13-150>		<http://ids.clld.org/values/13-150-198-1>		"tūlan"@prg	
"'kɨkɨβɨ"@cyb	<http://ids.clld.org/values/16-670-283-3>		<http://ids.clld.org/parameters/16-670>		<http://ids.clld.org/values/16-670-198-1>		"mént'ama"@prg	
"daɨ"@cyb	<http://ids.clld.org/values/1-510-283-1>		<http://ids.clld.org/parameters/1-510>		<http://ids.clld.org/values/1-510-198-1>		"dangus"@prg	
"ra-tɨtɨbɨ"@cyb	<http://ids.clld.org/values/18-410-283-1>		<http://ids.clld.org/parameters/18-410>		<http://ids.clld.org/values/18-410-198-1>		"vakētvei"@prg	
"taka"@cyb	<http://ids.clld.org/values/14-150-283-3>		<http://ids.clld.org/parameters/14-150>		<http://ids.clld.org/values/14-150-198-1>		"vār[a]s"@prg	
"'awɔ̃se"@cyb	<http://ids.clld.org/values/4-360-283-1>		<http://ids.clld.org/parameters/4-360>		<http://ids.clld.org/values/4-360-198-1>		"klupstis"@prg	
"si-"@cyb	<http://ids.clld.org/values/17-430-283-1>		<http://ids.clld.org/parameters/17-430>		<http://ids.clld.org/values/17-430-198-1>		"dvigubāt"@prg	
"dærɔ"@cyb	<http://ids.clld.org/values/19-160-283-1>		<http://ids.clld.org/parameters/19-160>		<http://ids.clld.org/values/19-160-198-1>		"kaimis"@prg	
"hohi"@cyb	<http://ids.clld.org/values/10-470-283-3>		<http://ids.clld.org/parameters/10-470>		<http://ids.clld.org/values/10-470-198-1>		"éit"@prg	
"nonæ̃ha"@cyb	<http://ids.clld.org/values/14-150-283-1>		<http://ids.clld.org/parameters/14-150>		<http://ids.clld.org/values/14-150-198-1>		"vār[a]s"@prg	
"a-ǰoko"@cyb	<http://ids.clld.org/values/5-130-283-1>		<http://ids.clld.org/parameters/5-130>		<http://ids.clld.org/values/5-130-198-1>		"pūtvei"@prg	
"tãtææræ"@cyb	<http://ids.clld.org/values/10-520-283-3>		<http://ids.clld.org/parameters/10-520>		<http://ids.clld.org/values/10-520-198-1>		"rīpaite"@prg	
"βarabo"@cyb	<http://ids.clld.org/values/5-900-283-1>		<http://ids.clld.org/parameters/5-900>		<http://ids.clld.org/values/5-900-198-1>		"pū[y]is"@prg	
"huǰa"@cyb	<http://ids.clld.org/values/12-130-283-3>		<http://ids.clld.org/parameters/12-130>		<http://ids.clld.org/values/12-130-198-1>		"sindan[t]s"@prg	
"ra-mami'asie"@cyb	<http://ids.clld.org/values/2-251-283-3>		<http://ids.clld.org/parameters/2-251>		<http://ids.clld.org/values/2-251-198-1>		"maldai"@prg	
"ɲe...kɨče"@cyb	<http://ids.clld.org/values/2-530-283-1>		<http://ids.clld.org/parameters/2-530>		<http://ids.clld.org/values/2-530-198-1>		"sūnavis"@prg	
"dao"@cyb	<http://ids.clld.org/values/13-210-283-1>		<http://ids.clld.org/parameters/13-210>		<http://ids.clld.org/values/13-210-198-1>		"pilnan"@prg	
"ra'asiæ"@cyb	<http://ids.clld.org/values/2-230-283-1>		<http://ids.clld.org/parameters/2-230>		<http://ids.clld.org/values/2-230-198-1>		"vīrs"@prg	
"iči'rɔ̃mihi 'tɔ̃rene"@cyb	<http://ids.clld.org/values/2-420-283-3>		<http://ids.clld.org/parameters/2-420>		<http://ids.clld.org/values/2-420-198-1>		"duktē"@prg	
"ridɨβɨ"@cyb	<http://ids.clld.org/values/12-760-283-1>		<http://ids.clld.org/parameters/12-760>		<http://ids.clld.org/values/12-760-198-1>		"lunkis"@prg	
"kuri ~ kui"@cyb	<http://ids.clld.org/values/1-330-283-1>		<http://ids.clld.org/parameters/1-330>		<http://ids.clld.org/values/1-330-198-1>		"azaran"@prg	
"raha-maβaona"@cyb	<http://ids.clld.org/values/2-261-283-1>		<http://ids.clld.org/parameters/2-261>		<http://ids.clld.org/values/2-261-198-1>		"mergā"@prg	
"un-"@cyb	<http://ids.clld.org/values/15-510-283-3>		<http://ids.clld.org/parameters/15-510>		<http://ids.clld.org/values/15-510-198-1>		"vidā ~ vidē"@prg	
"dahi"@cyb	<http://ids.clld.org/values/16-620-283-1>		<http://ids.clld.org/parameters/16-620>		<http://ids.clld.org/values/16-620-198-1>		"pakaitēsnan"@prg	
"kɔæha"@cyb	<http://ids.clld.org/values/13-140-283-1>		<http://ids.clld.org/parameters/13-140>		<http://ids.clld.org/values/13-140-198-1>		"erains"@prg	
"upæ"@cyb	<http://ids.clld.org/values/4-240-283-5>		<http://ids.clld.org/parameters/4-240>		<http://ids.clld.org/values/4-240-198-1>		"austā"@prg	
"dæɲama"@cyb	<http://ids.clld.org/values/16-690-283-1>		<http://ids.clld.org/parameters/16-690>		<http://ids.clld.org/values/16-690-198-1>		"atvérpt"@prg	
"'hakoe"@cyb	<http://ids.clld.org/values/11-320-283-3>		<http://ids.clld.org/parameters/11-320>		<http://ids.clld.org/values/11-320-198-1>		"aupala"@prg	
"opače"@cyb	<http://ids.clld.org/values/7-480-283-3>		<http://ids.clld.org/parameters/7-480>		<http://ids.clld.org/values/7-480-198-1>		"galdā"@prg	
"kehe"@cyb	<http://ids.clld.org/values/15-410-283-3>		<http://ids.clld.org/parameters/15-410>		<http://ids.clld.org/values/15-410-198-3>		"klausītun"@prg	
"kehe"@cyb	<http://ids.clld.org/values/15-410-283-3>		<http://ids.clld.org/parameters/15-410>		<http://ids.clld.org/values/15-410-198-1>		"kirdē̈t[vei]"@prg	
"dɨβɨrɨ"@cyb	<http://ids.clld.org/values/5-380-283-1>		<http://ids.clld.org/parameters/5-380>		<http://ids.clld.org/values/5-380-198-1>		"peile"@prg	
"pičææhi"@cyb	<http://ids.clld.org/values/11-320-283-5>		<http://ids.clld.org/parameters/11-320>		<http://ids.clld.org/values/11-320-198-1>		"aupala"@prg	
"roro"@cyb	<http://ids.clld.org/values/9-160-283-3>		<http://ids.clld.org/parameters/9-160>		<http://ids.clld.org/values/9-160-198-1>		"perréist"@prg	
"ɨ̃kæ"@cyb	<http://ids.clld.org/values/1-880-283-3>		<http://ids.clld.org/parameters/1-880>		<http://ids.clld.org/values/1-880-198-1>		"malkā"@prg	
"kõha"@cyb	<http://ids.clld.org/values/17-150-283-3>		<http://ids.clld.org/parameters/17-150>		<http://ids.clld.org/values/17-150-198-1>		"druvēt"@prg	
"-põ"@cyb	<http://ids.clld.org/values/12-50-283-5>		<http://ids.clld.org/parameters/12-50>		<http://ids.clld.org/values/12-50-198-1>		"en"@prg	
"po"@cyb	<http://ids.clld.org/values/21-510-283-1>		<http://ids.clld.org/parameters/21-510>		<http://ids.clld.org/values/21-510-198-1>		"ránktvei"@prg	
"tati"@cyb	<http://ids.clld.org/values/1-210-283-1>		<http://ids.clld.org/parameters/1-210>		<http://ids.clld.org/values/1-210-198-1>		"zemē"@prg	
"'rãβɔ̃kɔ̃"@cyb	<http://ids.clld.org/values/6-120-283-7>		<http://ids.clld.org/parameters/6-120>		<http://ids.clld.org/values/6-120-198-1>		"rūkai"@prg	
"boro"@cyb	<http://ids.clld.org/values/11-210-283-1>		<http://ids.clld.org/parameters/11-210>		<http://ids.clld.org/values/11-210-198-1>		"dāt[vei]"@prg	
"mi-"@cyb	<http://ids.clld.org/values/11-210-283-3>		<http://ids.clld.org/parameters/11-210>		<http://ids.clld.org/values/11-210-198-1>		"dāt[vei]"@prg	
"'βeede"@cyb	<http://ids.clld.org/values/11-160-283-1>		<http://ids.clld.org/parameters/11-160>		<http://ids.clld.org/values/11-160-198-1>		"pagaút"@prg	
"ra'dikæræ"@cyb	<http://ids.clld.org/values/5-260-283-5>		<http://ids.clld.org/parameters/5-260>		<http://ids.clld.org/values/5-260-198-1>		"zvikstis"@prg	
"raya"@cyb	<http://ids.clld.org/values/11-430-283-5>		<http://ids.clld.org/parameters/11-430>		<http://ids.clld.org/values/11-430-198-1>		"peningans"@prg	
"peče"@cyb	<http://ids.clld.org/values/2-440-283-3>		<http://ids.clld.org/parameters/2-440>		<http://ids.clld.org/values/2-440-198-1>		"brātē"@prg	
"'raɲuka"@cyb	<http://ids.clld.org/values/7-420-283-1>		<http://ids.clld.org/parameters/7-420>		<http://ids.clld.org/values/7-420-198-1>		"lastā"@prg	
"adu'a-riče"@cyb	<http://ids.clld.org/values/4-750-283-3>		<http://ids.clld.org/parameters/4-750>		<http://ids.clld.org/values/4-750-198-1>		"aul'aút"@prg	
"tiate"@cyb	<http://ids.clld.org/values/15-710-283-3>		<http://ids.clld.org/parameters/15-710>		<http://ids.clld.org/values/15-710-198-1>		"enkasint"@prg	
"pe"@cyb	<http://ids.clld.org/values/10-620-283-7>		<http://ids.clld.org/parameters/10-620>		<http://ids.clld.org/values/10-620-198-1>		"pīst"@prg	
"rɨrɨ-hɨa"@cyb	<http://ids.clld.org/values/10-210-283-5>		<http://ids.clld.org/parameters/10-210>		<http://ids.clld.org/values/10-210-198-1>		"atskīsai"@prg	
"u'aβari"@cyb	<http://ids.clld.org/values/20-610-283-5>		<http://ids.clld.org/parameters/20-610>		<http://ids.clld.org/values/20-610-198-1>		"mediyas"@prg	
"mami"@cyb	<http://ids.clld.org/values/2-270-283-1>		<http://ids.clld.org/parameters/2-270>		<http://ids.clld.org/values/2-270-198-1>		"malnīk[a]s"@prg	
"ya'hũune"@cyb	<http://ids.clld.org/values/14-310-283-7>		<http://ids.clld.org/parameters/14-310>		<http://ids.clld.org/values/14-310-198-1>		"ainat"@prg	
"rawaβa"@cyb	<http://ids.clld.org/values/1-540-283-1>		<http://ids.clld.org/parameters/1-540>		<http://ids.clld.org/values/1-540-198-1>		"lauksnās"@prg	
"šupuru"@cyb	<http://ids.clld.org/values/4-810-283-3>		<http://ids.clld.org/parameters/4-810>		<http://ids.clld.org/values/4-810-198-1>		"sparts"@prg	
"ɲataha"@cyb	<http://ids.clld.org/values/15-650-283-1>		<http://ids.clld.org/parameters/15-650>		<http://ids.clld.org/values/15-650-198-1>		"kirsnan"@prg	
"piæɲæ ~ piene"@cyb	<http://ids.clld.org/values/4-281-283-3>		<http://ids.clld.org/parameters/4-281>		<http://ids.clld.org/values/4-281-198-1>		"pergalvis"@prg	
"rotæ"@cyb	<http://ids.clld.org/values/4-320-283-3>		<http://ids.clld.org/parameters/4-320>		<http://ids.clld.org/values/4-320-198-1>		"alkūnis"@prg	
"bado"@cyb	<http://ids.clld.org/values/3-586-283-1>		<http://ids.clld.org/parameters/3-586>		<http://ids.clld.org/values/3-586-198-1>		"aukis"@prg	
"rakabe ~ rakaβe"@cyb	<http://ids.clld.org/values/4-460-283-3>		<http://ids.clld.org/parameters/4-460>		<http://ids.clld.org/values/4-460-198-1>		"vēders"@prg	
"'ra-dɔhɔ"@cyb	<http://ids.clld.org/values/4-850-283-1>		<http://ids.clld.org/parameters/4-850>		<http://ids.clld.org/values/4-850-198-1>		"eizvā"@prg	
"he-kuaβæ"@cyb	<http://ids.clld.org/values/16-110-283-3>		<http://ids.clld.org/parameters/16-110>		<http://ids.clld.org/values/16-110-198-1>		"nāseilis"@prg	
"kɨrɨβɨ"@cyb	<http://ids.clld.org/values/11-240-283-1>		<http://ids.clld.org/parameters/11-240>		<http://ids.clld.org/values/11-240-198-1>		"pakúnst"@prg	
"uaua ~ wawa"@cyb	<http://ids.clld.org/values/16-620-283-3>		<http://ids.clld.org/parameters/16-620>		<http://ids.clld.org/values/16-620-198-1>		"pakaitēsnan"@prg	
"βabo"@cyb	<http://ids.clld.org/values/3-583-283-1>		<http://ids.clld.org/parameters/3-583>		<http://ids.clld.org/values/3-583-198-1>		"gēisē"@prg	
"siǰiǰiri"@cyb	<http://ids.clld.org/values/14-252-283-1>		<http://ids.clld.org/parameters/14-252>		<http://ids.clld.org/values/14-252-198-1>		"vérauya"@prg	
"dara ~ dæ'ræ"@cyb	<http://ids.clld.org/values/3-750-283-1>		<http://ids.clld.org/parameters/3-750>		<http://ids.clld.org/values/3-750-198-1>		"braidis"@prg	
"[β]u'ari"@cyb	<http://ids.clld.org/values/4-760-283-3>		<http://ids.clld.org/parameters/4-760>		<http://ids.clld.org/values/4-760-198-1>		"galintvei"@prg	
"tɨǰɨra"@cyb	<http://ids.clld.org/values/13-180-283-3>		<http://ids.clld.org/parameters/13-180>		<http://ids.clld.org/values/13-180-198-1>		"zuit"@prg	
"ko'dapapa ~ o'dapapa"@cyb	<http://ids.clld.org/values/22-120-283-1>		<http://ids.clld.org/parameters/22-120>		<http://ids.clld.org/values/22-120-198-1>		"deivas"@prg	
"rabi'tɨrɨe"@cyb	<http://ids.clld.org/values/6-570-283-3>		<http://ids.clld.org/parameters/6-570>		<http://ids.clld.org/values/6-570-198-1>		"savinzlē"@prg	
"'βakiya"@cyb	<http://ids.clld.org/values/3-240-283-1>		<http://ids.clld.org/parameters/3-240>		<http://ids.clld.org/values/3-240-198-1>		"verst'an"@prg	
"ɨkɨ ~ kɨ"@cyb	<http://ids.clld.org/values/16-420-283-1>		<http://ids.clld.org/parameters/16-420>		<http://ids.clld.org/values/16-420-198-1>		"nerteis"@prg	
"'maβo"@cyb	<http://ids.clld.org/values/2-220-283-3>		<http://ids.clld.org/parameters/2-220>		<http://ids.clld.org/values/2-220-198-1>		"genā"@prg	
"rɔmɔ"@cyb	<http://ids.clld.org/values/10-412-283-1>		<http://ids.clld.org/parameters/10-412>		<http://ids.clld.org/values/10-412-198-1>		"pakvelptan"@prg	
"be'ke-rere"@cyb	<http://ids.clld.org/values/17-250-283-1>		<http://ids.clld.org/parameters/17-250>		<http://ids.clld.org/values/17-250-198-1>		"mākint"@prg	
"bãrãkama ~ ma'rakame"@cyb	<http://ids.clld.org/values/4-200-283-1>		<http://ids.clld.org/parameters/4-200>		<http://ids.clld.org/values/4-200-198-1>		"galvā"@prg	
"ɔǰa"@cyb	<http://ids.clld.org/values/6-120-283-3>		<http://ids.clld.org/parameters/6-120>		<http://ids.clld.org/values/6-120-198-1>		"rūkai"@prg	
"iǰaræ ~ iǰare"@cyb	<http://ids.clld.org/values/18-260-283-1>		<http://ids.clld.org/parameters/18-260>		<http://ids.clld.org/values/18-260-198-1>		"vírd[a]s"@prg	
"itõhã"@cyb	<http://ids.clld.org/values/15-350-283-1>		<http://ids.clld.org/parameters/15-350>		<http://ids.clld.org/values/15-350-198-1>		"pādaminan"@prg	
"here"@cyb	<http://ids.clld.org/values/18-510-283-1>		<http://ids.clld.org/parameters/18-510>		<http://ids.clld.org/values/18-510-198-1>		"peisātan"@prg	
"raβuku"@cyb	<http://ids.clld.org/values/20-210-283-1>		<http://ids.clld.org/parameters/20-210>		<http://ids.clld.org/values/20-210-198-1>		"sarvis"@prg	
"pa'βereha"@cyb	<http://ids.clld.org/values/14-210-283-1>		<http://ids.clld.org/parameters/14-210>		<http://ids.clld.org/values/14-210-198-1>		"entikrikai"@prg	
"βuru"@cyb	<http://ids.clld.org/values/5-110-283-1>		<http://ids.clld.org/parameters/5-110>		<http://ids.clld.org/values/5-110-198-1>		"īst ~ ēst"@prg	
"rišɨkɨ ~ irihɨhɨ"@cyb	<http://ids.clld.org/values/8-510-283-1>		<http://ids.clld.org/parameters/8-510>		<http://ids.clld.org/values/8-510-198-1>		"zālis"@prg	
"duaβa"@cyb	<http://ids.clld.org/values/2-100-283-1>		<http://ids.clld.org/parameters/2-100>		<http://ids.clld.org/values/2-100-198-1>		"zmānen[t]s"@prg	
"-ǰɔkɔ"@cyb	<http://ids.clld.org/values/4-210-283-1>		<http://ids.clld.org/parameters/4-210>		<http://ids.clld.org/values/4-210-198-1>		"akis"@prg	
"-e-"@cyb	<http://ids.clld.org/values/10-480-283-7>		<http://ids.clld.org/parameters/10-480>		<http://ids.clld.org/values/10-480-198-1>		"peréit"@prg	
"rɔ'retui"@cyb	<http://ids.clld.org/values/1-220-283-1>		<http://ids.clld.org/parameters/1-220>		<http://ids.clld.org/values/1-220-198-1>		"garbis"@prg	
"'bisi"@cyb	<http://ids.clld.org/values/1-880-283-1>		<http://ids.clld.org/parameters/1-880>		<http://ids.clld.org/values/1-880-198-1>		"malkā"@prg	
"-βairi"@cyb	<http://ids.clld.org/values/19-410-283-1>		<http://ids.clld.org/parameters/19-410>		<http://ids.clld.org/values/19-410-198-1>		"mistran"@prg	
"nãmo"@cyb	<http://ids.clld.org/values/1-830-283-1>		<http://ids.clld.org/parameters/1-830>		<http://ids.clld.org/values/1-830-198-1>		"dūmis"@prg	
"dɔ"@cyb	<http://ids.clld.org/values/18-220-283-5>		<http://ids.clld.org/parameters/18-220>		<http://ids.clld.org/values/18-220-198-1>		"bilēt[vei]"@prg	
"'ki-asi"@cyb	<http://ids.clld.org/values/2-210-283-1>		<http://ids.clld.org/parameters/2-210>		<http://ids.clld.org/values/2-210-198-1>		"vīrs"@prg	
"tõha ~ tõhã"@cyb	<http://ids.clld.org/values/5-840-283-3>		<http://ids.clld.org/parameters/5-840>		<http://ids.clld.org/values/5-840-198-1>		"medu"@prg	
"kæ'hæčɔ"@cyb	<http://ids.clld.org/values/12-230-283-1>		<http://ids.clld.org/parameters/12-230>		<http://ids.clld.org/values/12-230-198-1>		"sklaitint"@prg	
"ræ'æ-ræhæ"@cyb	<http://ids.clld.org/values/5-310-283-1>		<http://ids.clld.org/parameters/5-310>		<http://ids.clld.org/values/5-310-198-1>		"minzavē"@prg	
"'darutæ ~ da'rutæ"@cyb	<http://ids.clld.org/values/15-690-283-1>		<http://ids.clld.org/parameters/15-690>		<http://ids.clld.org/values/15-690-198-1>		"geltainan"@prg	
"-ro"@cyb	<http://ids.clld.org/values/2-910-283-7>		<http://ids.clld.org/parameters/2-910>		<http://ids.clld.org/values/2-910-198-1>		"as"@prg	
"βari'ɨkɨkɨ"@cyb	<http://ids.clld.org/values/3-620-283-1>		<http://ids.clld.org/parameters/3-620>		<http://ids.clld.org/values/3-620-198-1>		"paustā katā"@prg	
"ra-pɔtɔ"@cyb	<http://ids.clld.org/values/4-142-283-1>		<http://ids.clld.org/parameters/4-142>		<http://ids.clld.org/values/4-142-198-1>		"bārdus"@prg	
"mitia"@cyb	<http://ids.clld.org/values/13-20-283-1>		<http://ids.clld.org/parameters/13-20>		<http://ids.clld.org/values/13-20-198-1>		"dvai"@prg	
"pečaipe"@cyb	<http://ids.clld.org/values/17-660-283-3>		<http://ids.clld.org/parameters/17-660>		<http://ids.clld.org/values/17-660-198-1>		"kvei"@prg	
"in-"@cyb	<http://ids.clld.org/values/4-130-283-1>		<http://ids.clld.org/parameters/4-130>		<http://ids.clld.org/values/4-130-198-1>		"mensā"@prg	
"čãrãrã"@cyb	<http://ids.clld.org/values/1-560-283-1>		<http://ids.clld.org/parameters/1-560>		<http://ids.clld.org/values/1-560-198-1>		"perkūnis"@prg	
"isi"@cyb	<http://ids.clld.org/values/4-270-283-3>		<http://ids.clld.org/parameters/4-270>		<http://ids.clld.org/values/4-270-198-1>		"dantis"@prg	
"ræ'ræhæ"@cyb	<http://ids.clld.org/values/11-180-283-1>		<http://ids.clld.org/parameters/11-180>		<http://ids.clld.org/values/11-180-198-1>		"daiktas"@prg	
"r-a'badio"@cyb	<http://ids.clld.org/values/3-110-283-1>		<http://ids.clld.org/parameters/3-110>		<http://ids.clld.org/values/3-110-198-3>		"alnē"@prg	
"r-a'badio"@cyb	<http://ids.clld.org/values/3-110-283-1>		<http://ids.clld.org/parameters/3-110>		<http://ids.clld.org/values/3-110-198-1>		"zvērins"@prg	
"'a-ča-e"@cyb	<http://ids.clld.org/values/4-240-283-3>		<http://ids.clld.org/parameters/4-240>		<http://ids.clld.org/values/4-240-198-1>		"austā"@prg	
"boko"@cyb	<http://ids.clld.org/values/5-260-283-1>		<http://ids.clld.org/parameters/5-260>		<http://ids.clld.org/values/5-260-198-1>		"zvikstis"@prg	
"ukuku"@cyb	<http://ids.clld.org/values/3-350-283-3>		<http://ids.clld.org/parameters/3-350>		<http://ids.clld.org/values/3-350-198-1>		"parst'an"@prg	
"čeboka"@cyb	<http://ids.clld.org/values/5-340-283-1>		<http://ids.clld.org/parameters/5-340>		<http://ids.clld.org/values/5-340-198-1>		"kragis"@prg	
"βakaka"@cyb	<http://ids.clld.org/values/11-130-283-1>		<http://ids.clld.org/parameters/11-130>		<http://ids.clld.org/values/11-130-198-1>		"ímt"@prg	
"baka"@cyb	<http://ids.clld.org/values/8-120-283-1>		<http://ids.clld.org/parameters/8-120>		<http://ids.clld.org/values/8-120-198-1>		"lauks"@prg	
"ibu"@cyb	<http://ids.clld.org/values/8-170-283-1>		<http://ids.clld.org/parameters/8-170>		<http://ids.clld.org/values/8-170-198-1>		"ravis"@prg	
"'iiɲi ~ iɲe ~ eɲe"@cyb	<http://ids.clld.org/values/4-260-283-1>		<http://ids.clld.org/parameters/4-260>		<http://ids.clld.org/values/4-260-198-1>		"inzuvis"@prg	
"noho ~ nõhõ"@cyb	<http://ids.clld.org/values/14-180-283-3>		<http://ids.clld.org/parameters/14-180>		<http://ids.clld.org/values/14-180-198-1>		"teinū"@prg	
"o- ~ oda- ~ ona- ~ onara-"@cyb	<http://ids.clld.org/values/2-940-283-1>		<http://ids.clld.org/parameters/2-940>		<http://ids.clld.org/values/2-940-198-1>		"mes"@prg	
"'a-raɨ ~ 'arau"@cyb	<http://ids.clld.org/values/14-420-283-3>		<http://ids.clld.org/parameters/14-420>		<http://ids.clld.org/values/14-420-198-1>		"naktin"@prg	
"rɔmi"@cyb	<http://ids.clld.org/values/2-270-283-3>		<http://ids.clld.org/parameters/2-270>		<http://ids.clld.org/values/2-270-198-1>		"malnīk[a]s"@prg	
"na[pæpæ]"@cyb	<http://ids.clld.org/values/5-510-283-3>		<http://ids.clld.org/parameters/5-510>		<http://ids.clld.org/values/5-510-198-1>		"geitis"@prg	
"ra-ona"@cyb	<http://ids.clld.org/values/4-204-283-1>		<http://ids.clld.org/parameters/4-204>		<http://ids.clld.org/values/4-204-198-1>		"prusnas"@prg	
"pena-hi"@cyb	<http://ids.clld.org/values/17-160-283-3>		<http://ids.clld.org/parameters/17-160>		<http://ids.clld.org/values/17-160-198-1>		"isprastun"@prg	
"čopara"@cyb	<http://ids.clld.org/values/5-810-283-1>		<http://ids.clld.org/parameters/5-810>		<http://ids.clld.org/values/5-810-198-1>		"sali (?)"@prg	
"hiǰike"@cyb	<http://ids.clld.org/values/4-220-283-1>		<http://ids.clld.org/parameters/4-220>		<http://ids.clld.org/values/4-220-198-1>		"ausins"@prg	
"da-bo ~ do-bo"@cyb	<http://ids.clld.org/values/1-750-283-1>		<http://ids.clld.org/parameters/1-750>		<http://ids.clld.org/values/1-750-198-1>		"aglā"@prg	
"čočoha"@cyb	<http://ids.clld.org/values/17-450-283-1>		<http://ids.clld.org/parameters/17-450>		<http://ids.clld.org/values/17-450-198-1>		"nautin"@prg	
"βædæræ"@cyb	<http://ids.clld.org/values/12-560-283-1>		<http://ids.clld.org/parameters/12-560>		<http://ids.clld.org/values/12-560-198-1>		"likuts"@prg	
"m-"@cyb	<http://ids.clld.org/values/2-960-283-3>		<http://ids.clld.org/parameters/2-960>		<http://ids.clld.org/values/2-960-198-3>		"tanans"@prg	
"m-"@cyb	<http://ids.clld.org/values/2-960-283-3>		<http://ids.clld.org/parameters/2-960>		<http://ids.clld.org/values/2-960-198-1>		"tanai"@prg	
"ya'boreha"@cyb	<http://ids.clld.org/values/15-640-283-3>		<http://ids.clld.org/parameters/15-640>		<http://ids.clld.org/values/15-640-198-1>		"gailis"@prg	
"'daroto"@cyb	<http://ids.clld.org/values/4-320-283-1>		<http://ids.clld.org/parameters/4-320>		<http://ids.clld.org/values/4-320-198-1>		"alkūnis"@prg	
"ta"@cyb	<http://ids.clld.org/values/1-310-283-1>		<http://ids.clld.org/parameters/1-310>		<http://ids.clld.org/values/1-310-198-1>		"(v)undas"@prg	
"'daǰɨ"@cyb	<http://ids.clld.org/values/4-350-283-1>		<http://ids.clld.org/parameters/4-350>		<http://ids.clld.org/values/4-350-198-1>		"nagē"@prg	
"βerere"@cyb	<http://ids.clld.org/values/10-510-283-1>		<http://ids.clld.org/parameters/10-510>		<http://ids.clld.org/values/10-510-198-1>		"begaite"@prg	
"kenæræ ~ kenæ̃ræ̃"@cyb	<http://ids.clld.org/values/15-520-283-1>		<http://ids.clld.org/parameters/15-520>		<http://ids.clld.org/values/15-520-198-1>		"endīrīt[vei]"@prg	
"čɨmɨrɨ"@cyb	<http://ids.clld.org/values/12-120-283-1>		<http://ids.clld.org/parameters/12-120>		<http://ids.clld.org/values/12-120-198-1>		"lazinā"@prg	
"rakahẽ"@cyb	<http://ids.clld.org/values/4-440-283-3>		<http://ids.clld.org/parameters/4-440>		<http://ids.clld.org/values/4-440-198-1>		"sēr"@prg	
"poreǰi"@cyb	<http://ids.clld.org/values/16-720-283-1>		<http://ids.clld.org/parameters/16-720>		<http://ids.clld.org/values/16-720-198-1>		"vargs"@prg	
"'yãheha ~ yaheha"@cyb	<http://ids.clld.org/values/16-540-283-1>		<http://ids.clld.org/parameters/16-540>		<http://ids.clld.org/values/16-540-198-1>		"vargan"@prg	
"papa"@cyb	<http://ids.clld.org/values/2-350-283-1>		<http://ids.clld.org/parameters/2-350>		<http://ids.clld.org/values/2-350-198-1>		"tāvas"@prg	
"daka"@cyb	<http://ids.clld.org/values/9-250-283-1>		<http://ids.clld.org/parameters/9-250>		<http://ids.clld.org/values/9-250-198-1>		"bīlē"@prg	
"pãpã"@cyb	<http://ids.clld.org/values/4-720-283-3>		<http://ids.clld.org/parameters/4-720>		<http://ids.clld.org/values/4-720-198-1>		"gemtun"@prg	
"hebe"@cyb	<http://ids.clld.org/values/6-550-283-1>		<http://ids.clld.org/parameters/6-550>		<http://ids.clld.org/values/6-550-198-1>		"kelmis"@prg	
"'titidɔ"@cyb	<http://ids.clld.org/values/3-581-283-1>		<http://ids.clld.org/parameters/3-581>		<http://ids.clld.org/values/3-581-198-1>		"pepelis ~ pipelkā"@prg	
"yaβo'dohaæ"@cyb	<http://ids.clld.org/values/15-670-283-1>		<http://ids.clld.org/parameters/15-670>		<http://ids.clld.org/values/15-670-198-1>		"galimban"@prg	
"bã'reohe ~ βareõhẽ"@cyb	<http://ids.clld.org/values/4-230-283-1>		<http://ids.clld.org/parameters/4-230>		<http://ids.clld.org/values/4-230-198-1>		"nāsī"@prg	
"ri-pɨβi"@cyb	<http://ids.clld.org/values/4-209-283-1>		<http://ids.clld.org/parameters/4-209>		<http://ids.clld.org/values/4-209-198-1>		"skalus"@prg	
"kenæ̃ræ"@cyb	<http://ids.clld.org/values/13-180-283-1>		<http://ids.clld.org/parameters/13-180>		<http://ids.clld.org/values/13-180-198-1>		"zuit"@prg	
"si"@cyb	<http://ids.clld.org/values/17-250-283-3>		<http://ids.clld.org/parameters/17-250>		<http://ids.clld.org/values/17-250-198-1>		"mākint"@prg	
"ǰikiβa"@cyb	<http://ids.clld.org/values/9-190-283-1>		<http://ids.clld.org/parameters/9-190>		<http://ids.clld.org/values/9-190-198-1>		"virbē"@prg	
"βada-"@cyb	<http://ids.clld.org/values/2-440-283-1>		<http://ids.clld.org/parameters/2-440>		<http://ids.clld.org/values/2-440-198-1>		"brātē"@prg	
"nuhi"@cyb	<http://ids.clld.org/values/11-130-283-3>		<http://ids.clld.org/parameters/11-130>		<http://ids.clld.org/values/11-130-198-1>		"ímt"@prg	
"ri- ~ t- ~ ta- ~ ti- te- ~ i- ~ ∅"@cyb	<http://ids.clld.org/values/2-930-283-3>		<http://ids.clld.org/parameters/2-930>		<http://ids.clld.org/values/2-930-198-3>		"tanā"@prg	
"ri- ~ t- ~ ta- ~ ti- te- ~ i- ~ ∅"@cyb	<http://ids.clld.org/values/2-930-283-3>		<http://ids.clld.org/parameters/2-930>		<http://ids.clld.org/values/2-930-198-1>		"tan[a]s"@prg	
"ra-βururu"@cyb	<http://ids.clld.org/values/5-120-283-5>		<http://ids.clld.org/parameters/5-120>		<http://ids.clld.org/values/5-120-198-1>		"ēdā"@prg	
"pɔne"@cyb	<http://ids.clld.org/values/9-730-283-3>		<http://ids.clld.org/parameters/9-730>		<http://ids.clld.org/values/9-730-198-1>		"laidis"@prg	
"tãrã"@cyb	<http://ids.clld.org/values/19-580-283-3>		<http://ids.clld.org/parameters/19-580>		<http://ids.clld.org/values/19-580-198-1>		"pagalbtan"@prg	
"mamasi"@cyb	<http://ids.clld.org/values/14-160-283-1>		<http://ids.clld.org/parameters/14-160>		<http://ids.clld.org/values/14-160-198-1>		"ankstainai"@prg	
"põhõri"@cyb	<http://ids.clld.org/values/13-210-283-5>		<http://ids.clld.org/parameters/13-210>		<http://ids.clld.org/values/13-210-198-1>		"pilnan"@prg	
"patɨha"@cyb	<http://ids.clld.org/values/15-660-283-3>		<http://ids.clld.org/parameters/15-660>		<http://ids.clld.org/values/15-660-198-1>		"varminan"@prg	
"ritidaɨ"@cyb	<http://ids.clld.org/values/1-740-283-3>		<http://ids.clld.org/parameters/1-740>		<http://ids.clld.org/values/1-740-198-1>		"kūpsins"@prg	
"kaine"@cyb	<http://ids.clld.org/values/5-610-283-3>		<http://ids.clld.org/parameters/5-610>		<http://ids.clld.org/values/5-610-198-1>		"mensā"@prg	
"porohi"@cyb	<http://ids.clld.org/values/4-740-283-1>		<http://ids.clld.org/parameters/4-740>		<http://ids.clld.org/values/4-740-198-1>		"gīvas"@prg	
"õmõ ~ omo"@cyb	<http://ids.clld.org/values/18-280-283-3>		<http://ids.clld.org/parameters/18-280>		<http://ids.clld.org/values/18-280-198-1>		"imens"@prg	
"apa"@cyb	<http://ids.clld.org/values/19-410-283-3>		<http://ids.clld.org/parameters/19-410>		<http://ids.clld.org/values/19-410-198-1>		"mistran"@prg	
"ɲe'tikɨ"@cyb	<http://ids.clld.org/values/2-530-283-3>		<http://ids.clld.org/parameters/2-530>		<http://ids.clld.org/values/2-530-198-1>		"sūnavis"@prg	
"[kaβayo]"@cyb	<http://ids.clld.org/values/3-410-283-1>		<http://ids.clld.org/parameters/3-410>		<http://ids.clld.org/values/3-410-198-3>		"paustākaikan"@prg	
"[kaβayo]"@cyb	<http://ids.clld.org/values/3-410-283-1>		<http://ids.clld.org/parameters/3-410>		<http://ids.clld.org/values/3-410-198-1>		"aidenīkis"@prg	
"dɔ"@cyb	<http://ids.clld.org/values/3-750-283-3>		<http://ids.clld.org/parameters/3-750>		<http://ids.clld.org/values/3-750-198-1>		"braidis"@prg	
"tɔrene ~ tɔ̃rene"@cyb	<http://ids.clld.org/values/2-220-283-1>		<http://ids.clld.org/parameters/2-220>		<http://ids.clld.org/values/2-220-198-1>		"genā"@prg	
"iše ~ iš- ~ ihe-"@cyb	<http://ids.clld.org/values/8-750-283-1>		<http://ids.clld.org/parameters/8-750>		<http://ids.clld.org/values/8-750-198-1>		"sakstis"@prg	
"rãri"@cyb	<http://ids.clld.org/values/19-510-283-1>		<http://ids.clld.org/parameters/19-510>		<http://ids.clld.org/values/19-510-198-1>		"ginens"@prg	
"pa'detahi"@cyb	<http://ids.clld.org/values/13-150-283-5>		<http://ids.clld.org/parameters/13-150>		<http://ids.clld.org/values/13-150-198-1>		"tūlan"@prg	
"tækæræ"@cyb	<http://ids.clld.org/values/10-220-283-1>		<http://ids.clld.org/parameters/10-220>		<http://ids.clld.org/values/10-220-198-1>		"erláng'a"@prg	
"ra-'miɲina"@cyb	<http://ids.clld.org/values/18-210-283-7>		<http://ids.clld.org/parameters/18-210>		<http://ids.clld.org/values/18-210-198-1>		"gérbt"@prg	
"hɔri"@cyb	<http://ids.clld.org/values/12-930-283-1>		<http://ids.clld.org/parameters/12-930>		<http://ids.clld.org/values/12-930-198-1>		"kitavidintun sin"@prg	
"'rããre ~ rãrẽ"@cyb	<http://ids.clld.org/values/1-530-283-1>		<http://ids.clld.org/parameters/1-530>		<http://ids.clld.org/values/1-530-198-1>		"mēnikīs"@prg	
"rɨǰɨβɨ"@cyb	<http://ids.clld.org/values/15-860-283-3>		<http://ids.clld.org/parameters/15-860>		<http://ids.clld.org/values/15-860-198-1>		"salta"@prg	
"βæræ"@cyb	<http://ids.clld.org/values/3-831-283-1>		<http://ids.clld.org/parameters/3-831>		<http://ids.clld.org/values/3-831-198-1>		"kusis"@prg	
"βa'riede"@cyb	<http://ids.clld.org/values/5-930-283-1>		<http://ids.clld.org/parameters/5-930>		<http://ids.clld.org/values/5-930-198-1>		"pīvis"@prg	
"a-'boro-re ~ a-'βoro-ri"@cyb	<http://ids.clld.org/values/4-280-283-3>		<http://ids.clld.org/parameters/4-280>		<http://ids.clld.org/values/4-280-198-1>		"vinzus"@prg	
"βoroko-'arade"@cyb	<http://ids.clld.org/values/22-170-283-1>		<http://ids.clld.org/parameters/22-170>		<http://ids.clld.org/values/22-170-198-1>		"madlīt"@prg	
"sĩire ~ siire"@cyb	<http://ids.clld.org/values/4-300-283-3>		<http://ids.clld.org/parameters/4-300>		<http://ids.clld.org/values/4-300-198-1>		"petē"@prg	
"'ričæhæ"@cyb	<http://ids.clld.org/values/11-310-283-3>		<http://ids.clld.org/parameters/11-310>		<http://ids.clld.org/values/11-310-198-1>		"laukīt"@prg	
"data"@cyb	<http://ids.clld.org/values/3-650-283-1>		<http://ids.clld.org/parameters/3-650>		<http://ids.clld.org/values/3-650-198-1>		"zukis"@prg	
"a'tɨ̃ɨ̃tã aβa'rakame"@cyb	<http://ids.clld.org/values/4-203-283-1>		<http://ids.clld.org/parameters/4-203>		<http://ids.clld.org/values/4-203-198-1>		"muzgenā"@prg	
"ɲama"@cyb	<http://ids.clld.org/values/7-120-283-3>		<http://ids.clld.org/parameters/7-120>		<http://ids.clld.org/values/7-120-198-1>		"butas"@prg	
"dĩrĩ"@cyb	<http://ids.clld.org/values/12-560-283-5>		<http://ids.clld.org/parameters/12-560>		<http://ids.clld.org/values/12-560-198-1>		"likuts"@prg	
"sopi"@cyb	<http://ids.clld.org/values/2-420-283-1>		<http://ids.clld.org/parameters/2-420>		<http://ids.clld.org/values/2-420-198-1>		"duktē"@prg	
"rorohe"@cyb	<http://ids.clld.org/values/10-450-283-1>		<http://ids.clld.org/parameters/10-450>		<http://ids.clld.org/values/10-450-198-1>		"neikaut"@prg	
"tætæ"@cyb	<http://ids.clld.org/values/12-550-283-3>		<http://ids.clld.org/parameters/12-550>		<http://ids.clld.org/values/12-550-198-1>		"debīkan"@prg	
"ra-here"@cyb	<http://ids.clld.org/values/18-510-283-3>		<http://ids.clld.org/parameters/18-510>		<http://ids.clld.org/values/18-510-198-1>		"peisātan"@prg	
"βe'ikire"@cyb	<http://ids.clld.org/values/5-940-283-3>		<http://ids.clld.org/parameters/5-940>		<http://ids.clld.org/values/5-940-198-1>		"rūktan-dadan"@prg	
"kã"@cyb	<http://ids.clld.org/values/10-230-283-3>		<http://ids.clld.org/parameters/10-230>		<http://ids.clld.org/values/10-230-198-1>		"krūt"@prg	
"mako'hi"@cyb	<http://ids.clld.org/values/17-160-283-1>		<http://ids.clld.org/parameters/17-160>		<http://ids.clld.org/values/17-160-198-1>		"isprastun"@prg	
"čɔčɔkɔ"@cyb	<http://ids.clld.org/values/1-840-283-1>		<http://ids.clld.org/parameters/1-840>		<http://ids.clld.org/values/1-840-198-1>		"pelanē"@prg	
"mačahaɨ"@cyb	<http://ids.clld.org/values/2-250-283-1>		<http://ids.clld.org/parameters/2-250>		<http://ids.clld.org/values/2-250-198-1>		"malnīk[a]s"@prg	
"ta'korako"@cyb	<http://ids.clld.org/values/3-550-283-1>		<http://ids.clld.org/parameters/3-550>		<http://ids.clld.org/values/3-550-198-1>		"gertist'an"@prg	
"iše ~ iš-"@cyb	<http://ids.clld.org/values/4-120-283-1>		<http://ids.clld.org/parameters/4-120>		<http://ids.clld.org/values/4-120-198-1>		"k'autā"@prg	
"iše ~ iš-"@cyb	<http://ids.clld.org/values/4-120-283-1>		<http://ids.clld.org/parameters/4-120>		<http://ids.clld.org/values/4-120-198-3>		"skārdā"@prg	
"ričokoe ~ ričokoho"@cyb	<http://ids.clld.org/values/4-205-283-1>		<http://ids.clld.org/parameters/4-205>		<http://ids.clld.org/values/4-205-198-1>		"kaktā"@prg	
"taraka"@cyb	<http://ids.clld.org/values/4-162-283-1>		<http://ids.clld.org/parameters/4-162>		<http://ids.clld.org/values/4-162-198-1>		"gravē"@prg	
"pi- ~ ipi-"@cyb	<http://ids.clld.org/values/2-920-283-3>		<http://ids.clld.org/parameters/2-920>		<http://ids.clld.org/values/2-920-198-1>		"tū"@prg	
"ræ'ræhæ"@cyb	<http://ids.clld.org/values/4-461-283-3>		<http://ids.clld.org/parameters/4-461>		<http://ids.clld.org/values/4-461-198-1>		"grābis"@prg	
"kuaβe"@cyb	<http://ids.clld.org/values/3-594-283-5>		<http://ids.clld.org/parameters/3-594>		<http://ids.clld.org/values/3-594-198-1>		"pālis"@prg	
"'piæ'ha"@cyb	<http://ids.clld.org/values/13-350-283-1>		<http://ids.clld.org/parameters/13-350>		<http://ids.clld.org/values/13-350-198-1>		"pansdaumanin"@prg	
"nanaka"@cyb	<http://ids.clld.org/values/10-720-283-1>		<http://ids.clld.org/parameters/10-720>		<http://ids.clld.org/values/10-720-198-1>		"pintis"@prg	
"tõnõ"@cyb	<http://ids.clld.org/values/18-120-283-3>		<http://ids.clld.org/parameters/18-120>		<http://ids.clld.org/values/18-120-198-1>		"grīmuns"@prg	
"tɨrɨ"@cyb	<http://ids.clld.org/values/4-150-283-1>		<http://ids.clld.org/parameters/4-150>		<http://ids.clld.org/values/4-150-198-1>		"kraujā"@prg	
"miɲo"@cyb	<http://ids.clld.org/values/3-823-283-1>		<http://ids.clld.org/parameters/3-823>		<http://ids.clld.org/values/3-823-198-1>		"vapsē"@prg	
"pɔčɔ"@cyb	<http://ids.clld.org/values/4-351-283-1>		<http://ids.clld.org/parameters/4-351>		<http://ids.clld.org/values/4-351-198-1>		"slaunis"@prg	
"ǰe"@cyb	<http://ids.clld.org/values/10-110-283-1>		<http://ids.clld.org/parameters/10-110>		<http://ids.clld.org/values/10-110-198-1>		"pabanginuns"@prg	
"[plomo]"@cyb	<http://ids.clld.org/values/9-650-283-3>		<http://ids.clld.org/parameters/9-650>		<http://ids.clld.org/values/9-650-198-1>		"sirablis"@prg	
"rakie"@cyb	<http://ids.clld.org/values/4-160-283-1>		<http://ids.clld.org/parameters/4-160>		<http://ids.clld.org/values/4-160-198-1>		"kaulan"@prg	
"mara"@cyb	<http://ids.clld.org/values/10-110-283-5>		<http://ids.clld.org/parameters/10-110>		<http://ids.clld.org/values/10-110-198-1>		"pabanginuns"@prg	
"čiči"@cyb	<http://ids.clld.org/values/12-560-283-3>		<http://ids.clld.org/parameters/12-560>		<http://ids.clld.org/values/12-560-198-1>		"likuts"@prg	
"dita"@cyb	<http://ids.clld.org/values/2-360-283-3>		<http://ids.clld.org/parameters/2-360>		<http://ids.clld.org/values/2-360-198-1>		"mātē"@prg	
"kera-"@cyb	<http://ids.clld.org/values/17-650-283-1>		<http://ids.clld.org/parameters/17-650>		<http://ids.clld.org/values/17-650-198-1>		"kadan"@prg	
"-riki ~ iki"@cyb	<http://ids.clld.org/values/2-960-283-1>		<http://ids.clld.org/parameters/2-960>		<http://ids.clld.org/values/2-960-198-3>		"tanans"@prg	
"-riki ~ iki"@cyb	<http://ids.clld.org/values/2-960-283-1>		<http://ids.clld.org/parameters/2-960>		<http://ids.clld.org/values/2-960-198-1>		"tanai"@prg	
"tæk-"@cyb	<http://ids.clld.org/values/2-470-283-1>		<http://ids.clld.org/parameters/2-470>		<http://ids.clld.org/values/2-470-198-1>		"anē"@prg	
"horoko"@cyb	<http://ids.clld.org/values/5-900-283-3>		<http://ids.clld.org/parameters/5-900>		<http://ids.clld.org/values/5-900-198-1>		"pū[y]is"@prg	
"-ne"@cyb	<http://ids.clld.org/values/12-150-283-3>		<http://ids.clld.org/parameters/12-150>		<http://ids.clld.org/values/12-150-198-1>		"stalēt"@prg	
"'i-raha"@cyb	<http://ids.clld.org/values/16-710-283-1>		<http://ids.clld.org/parameters/16-710>		<http://ids.clld.org/values/16-710-198-1>		"labs"@prg	
"uun-"@cyb	<http://ids.clld.org/values/15-510-283-5>		<http://ids.clld.org/parameters/15-510>		<http://ids.clld.org/values/15-510-198-1>		"vidā ~ vidē"@prg	
"a-bæ ~ βæ"@cyb	<http://ids.clld.org/values/18-220-283-1>		<http://ids.clld.org/parameters/18-220>		<http://ids.clld.org/values/18-220-198-1>		"bilēt[vei]"@prg	
"[toro]"@cyb	<http://ids.clld.org/values/3-210-283-1>		<http://ids.clld.org/parameters/3-210>		<http://ids.clld.org/values/3-210-198-1>		"loniks ~ lānīks"@prg	
"bãrã'čaɲika ~ βara'čaɲika"@cyb	<http://ids.clld.org/values/7-220-283-1>		<http://ids.clld.org/parameters/7-220>		<http://ids.clld.org/values/7-220-198-1>		"vartā"@prg	
"tɔkɔ"@cyb	<http://ids.clld.org/values/4-190-283-1>		<http://ids.clld.org/parameters/4-190>		<http://ids.clld.org/values/4-190-198-1>		"rītīznan"@prg	
"dere"@cyb	<http://ids.clld.org/values/12-570-283-1>		<http://ids.clld.org/parameters/12-570>		<http://ids.clld.org/values/12-570-198-1>		"ilga"@prg	
"aβiši"@cyb	<http://ids.clld.org/values/16-310-283-1>		<http://ids.clld.org/parameters/16-310>		<http://ids.clld.org/values/16-310-198-1>		"gulsenin"@prg	
"roto"@cyb	<http://ids.clld.org/values/9-341-283-1>		<http://ids.clld.org/parameters/9-341>		<http://ids.clld.org/values/9-341-198-1>		"kabē[v]uns"@prg	
"biǰike"@cyb	<http://ids.clld.org/values/4-220-283-3>		<http://ids.clld.org/parameters/4-220>		<http://ids.clld.org/values/4-220-198-1>		"ausins"@prg	
"'bočae"@cyb	<http://ids.clld.org/values/17-640-283-1>		<http://ids.clld.org/parameters/17-640>		<http://ids.clld.org/values/17-640-198-1>		"ka"@prg	
"a-hæ-i"@cyb	<http://ids.clld.org/values/4-370-283-3>		<http://ids.clld.org/parameters/4-370>		<http://ids.clld.org/values/4-370-198-1>		"nagē"@prg	
"-ča"@cyb	<http://ids.clld.org/values/10-620-283-3>		<http://ids.clld.org/parameters/10-620>		<http://ids.clld.org/values/10-620-198-1>		"pīst"@prg	
"data"@cyb	<http://ids.clld.org/values/1-810-283-1>		<http://ids.clld.org/parameters/1-810>		<http://ids.clld.org/values/1-810-198-1>		"panā"@prg	
"kohi"@cyb	<http://ids.clld.org/values/17-130-283-1>		<http://ids.clld.org/parameters/17-130>		<http://ids.clld.org/values/17-130-198-1>		"pamērīt"@prg	
"daβo"@cyb	<http://ids.clld.org/values/3-710-283-1>		<http://ids.clld.org/parameters/3-710>		<http://ids.clld.org/values/3-710-198-1>		"vilkis"@prg	
"tætæbæ"@cyb	<http://ids.clld.org/values/15-710-283-1>		<http://ids.clld.org/parameters/15-710>		<http://ids.clld.org/values/15-710-198-1>		"enkasint"@prg	
"ũka"@cyb	<http://ids.clld.org/values/15-370-283-1>		<http://ids.clld.org/parameters/15-370>		<http://ids.clld.org/values/15-370-198-1>		"kártai"@prg	
"kuduru"@cyb	<http://ids.clld.org/values/16-270-283-3>		<http://ids.clld.org/parameters/16-270>		<http://ids.clld.org/values/16-270-198-1>		"mīlēt"@prg	
"čaβe"@cyb	<http://ids.clld.org/values/4-450-283-1>		<http://ids.clld.org/parameters/4-450>		<http://ids.clld.org/values/4-450-198-1>		"yaknā"@prg	
"ka-te-ri"@cyb	<http://ids.clld.org/values/2-310-283-1>		<http://ids.clld.org/parameters/2-310>		<http://ids.clld.org/values/2-310-198-1>		"grandan"@prg	
"βororo"@cyb	<http://ids.clld.org/values/15-550-283-1>		<http://ids.clld.org/parameters/15-550>		<http://ids.clld.org/values/15-550-198-1>		"vaidina"@prg	
"koro"@cyb	<http://ids.clld.org/values/10-480-283-11>		<http://ids.clld.org/parameters/10-480>		<http://ids.clld.org/values/10-480-198-1>		"peréit"@prg	
"ari-'ãkãhẽ"@cyb	<http://ids.clld.org/values/10-473-283-1>		<http://ids.clld.org/parameters/10-473>		<http://ids.clld.org/values/10-473-198-1>		"zemailēzuns"@prg	
"tɨ"@cyb	<http://ids.clld.org/values/11-160-283-3>		<http://ids.clld.org/parameters/11-160>		<http://ids.clld.org/values/11-160-198-1>		"pagaút"@prg	
"kone"@cyb	<http://ids.clld.org/values/4-461-283-5>		<http://ids.clld.org/parameters/4-461>		<http://ids.clld.org/values/4-461-198-1>		"grābis"@prg	
"mei-'duaβa"@cyb	<http://ids.clld.org/values/19-210-283-1>		<http://ids.clld.org/parameters/19-210>		<http://ids.clld.org/values/19-210-198-1>		"amzin"@prg	
"toro-ta'korako"@cyb	<http://ids.clld.org/values/3-520-283-1>		<http://ids.clld.org/parameters/3-520>		<http://ids.clld.org/values/3-520-198-1>		"gertis"@prg	
"[βeesa]"@cyb	<http://ids.clld.org/values/3-250-283-1>		<http://ids.clld.org/parameters/3-250>		<http://ids.clld.org/values/3-250-198-1>		"kamst'an"@prg	
"'daki-ru"@cyb	<http://ids.clld.org/values/4-345-283-1>		<http://ids.clld.org/parameters/4-345>		<http://ids.clld.org/values/4-345-198-1>		"nagutis"@prg	
"βaβɨhɨ"@cyb	<http://ids.clld.org/values/13-150-283-1>		<http://ids.clld.org/parameters/13-150>		<http://ids.clld.org/values/13-150-198-1>		"tūlan"@prg	
"te"@cyb	<http://ids.clld.org/values/2-310-283-3>		<http://ids.clld.org/parameters/2-310>		<http://ids.clld.org/values/2-310-198-1>		"grandan"@prg	
"'idærɔ"@cyb	<http://ids.clld.org/values/19-150-283-1>		<http://ids.clld.org/parameters/19-150>		<http://ids.clld.org/values/19-150-198-1>		"mēstan"@prg	
"ka-me'rio-i"@cyb	<http://ids.clld.org/values/11-430-283-1>		<http://ids.clld.org/parameters/11-430>		<http://ids.clld.org/values/11-430-198-1>		"peningans"@prg	
"βariri"@cyb	<http://ids.clld.org/values/4-780-283-1>		<http://ids.clld.org/parameters/4-780>		<http://ids.clld.org/values/4-780-198-1>		"*enkapti"@prg	
"rɨkɨ"@cyb	<http://ids.clld.org/values/16-230-283-3>		<http://ids.clld.org/parameters/16-230>		<http://ids.clld.org/values/16-230-198-1>		"[vesals]"@prg	
"rapɨ'pɨɲika"@cyb	<http://ids.clld.org/values/7-270-283-1>		<http://ids.clld.org/parameters/7-270>		<http://ids.clld.org/values/7-270-198-1>		"zeidis"@prg	
"biti"@cyb	<http://ids.clld.org/values/4-610-283-1>		<http://ids.clld.org/parameters/4-610>		<http://ids.clld.org/values/4-610-198-1>		"meikti"@prg	
"u"@cyb	<http://ids.clld.org/values/10-480-283-9>		<http://ids.clld.org/parameters/10-480>		<http://ids.clld.org/values/10-480-198-1>		"peréit"@prg	
"rɨrɨ"@cyb	<http://ids.clld.org/values/4-760-283-1>		<http://ids.clld.org/parameters/4-760>		<http://ids.clld.org/values/4-760-198-1>		"galintvei"@prg	
"tadua"@cyb	<http://ids.clld.org/values/2-760-283-1>		<http://ids.clld.org/parameters/2-760>		<http://ids.clld.org/values/2-760-198-1>		"vidavā ~ viduvā"@prg	
"-basiri-"@cyb	<http://ids.clld.org/values/19-450-283-1>		<http://ids.clld.org/parameters/19-450>		<http://ids.clld.org/values/19-450-198-1>		"laipinā"@prg	
"ǰi-'ɲaha-æ"@cyb	<http://ids.clld.org/values/16-660-283-1>		<http://ids.clld.org/parameters/16-660>		<http://ids.clld.org/values/16-660-198-1>		"arvis"@prg	
"-ɲoho"@cyb	<http://ids.clld.org/values/14-470-283-1>		<http://ids.clld.org/parameters/14-470>		<http://ids.clld.org/values/14-470-198-1>		"š'an deinan"@prg	
"marã"@cyb	<http://ids.clld.org/values/12-920-283-3>		<http://ids.clld.org/parameters/12-920>		<http://ids.clld.org/values/12-920-198-1>		"palīgun"@prg	
"rido'remaka"@cyb	<http://ids.clld.org/values/14-730-283-3>		<http://ids.clld.org/parameters/14-730>		<http://ids.clld.org/values/14-730-198-1>		"metan"@prg	
"βɔ"@cyb	<http://ids.clld.org/values/3-817-283-3>		<http://ids.clld.org/parameters/3-817>		<http://ids.clld.org/values/3-817-198-1>		"saugis"@prg	
"ǰuǰa"@cyb	<http://ids.clld.org/values/4-770-283-1>		<http://ids.clld.org/parameters/4-770>		<http://ids.clld.org/values/4-770-198-1>		"nāvis"@prg	
"da'βukue"@cyb	<http://ids.clld.org/values/1-720-283-1>		<http://ids.clld.org/parameters/1-720>		<http://ids.clld.org/values/1-720-198-1>		"vētrā"@prg	
"ruune"@cyb	<http://ids.clld.org/values/15-510-283-1>		<http://ids.clld.org/parameters/15-510>		<http://ids.clld.org/values/15-510-198-1>		"vidā ~ vidē"@prg	
"irišo ~ iriho ~ rihɔ"@cyb	<http://ids.clld.org/values/14-130-283-1>		<http://ids.clld.org/parameters/14-130>		<http://ids.clld.org/values/14-130-198-1>		"nauns"@prg	
"ra-huǰa"@cyb	<http://ids.clld.org/values/12-130-283-5>		<http://ids.clld.org/parameters/12-130>		<http://ids.clld.org/values/12-130-198-1>		"sindan[t]s"@prg	
"bočo"@cyb	<http://ids.clld.org/values/3-950-283-1>		<http://ids.clld.org/parameters/3-950>		<http://ids.clld.org/values/3-950-198-1>		"krupeilē"@prg	
"a-'tɨɨte"@cyb	<http://ids.clld.org/values/4-140-283-1>		<http://ids.clld.org/parameters/4-140>		<http://ids.clld.org/values/4-140-198-1>		"skebelis"@prg	
"tãtã"@cyb	<http://ids.clld.org/values/18-230-283-1>		<http://ids.clld.org/parameters/18-230>		<http://ids.clld.org/values/18-230-198-1>		"tusēsai"@prg	
"tækæ"@cyb	<http://ids.clld.org/values/10-210-283-7>		<http://ids.clld.org/parameters/10-210>		<http://ids.clld.org/values/10-210-198-1>		"atskīsai"@prg	
"dasi"@cyb	<http://ids.clld.org/values/10-630-283-3>		<http://ids.clld.org/parameters/10-630>		<http://ids.clld.org/values/10-630-198-1>		"pertenginuns"@prg	
"oǰa"@cyb	<http://ids.clld.org/values/6-120-283-1>		<http://ids.clld.org/parameters/6-120>		<http://ids.clld.org/values/6-120-198-1>		"rūkai"@prg	
"βara"@cyb	<http://ids.clld.org/values/12-850-283-1>		<http://ids.clld.org/parameters/12-850>		<http://ids.clld.org/values/12-850-198-1>		"dulzis"@prg	
"tɨ-dɨkɨ"@cyb	<http://ids.clld.org/values/9-110-283-1>		<http://ids.clld.org/parameters/9-110>		<http://ids.clld.org/values/9-110-198-1>		"segēt"@prg	
"βɔrɔ"@cyb	<http://ids.clld.org/values/10-620-283-1>		<http://ids.clld.org/parameters/10-620>		<http://ids.clld.org/values/10-620-198-1>		"pīst"@prg	
"ki-ru"@cyb	<http://ids.clld.org/values/4-340-283-1>		<http://ids.clld.org/parameters/4-340>		<http://ids.clld.org/values/4-340-198-1>		"pirstan"@prg	
"rabo"@cyb	<http://ids.clld.org/values/16-310-283-3>		<http://ids.clld.org/parameters/16-310>		<http://ids.clld.org/values/16-310-198-1>		"gulsenin"@prg	
"ɲo-"@cyb	<http://ids.clld.org/values/14-310-283-3>		<http://ids.clld.org/parameters/14-310>		<http://ids.clld.org/values/14-310-198-1>		"ainat"@prg	
"bo'toroa"@cyb	<http://ids.clld.org/values/6-570-283-1>		<http://ids.clld.org/parameters/6-570>		<http://ids.clld.org/values/6-570-198-1>		"savinzlē"@prg	
"bebeke"@cyb	<http://ids.clld.org/values/20-610-283-1>		<http://ids.clld.org/parameters/20-610>		<http://ids.clld.org/values/20-610-198-1>		"mediyas"@prg	
"miha"@cyb	<http://ids.clld.org/values/11-210-283-5>		<http://ids.clld.org/parameters/11-210>		<http://ids.clld.org/values/11-210-198-1>		"dāt[vei]"@prg	
"raβeda"@cyb	<http://ids.clld.org/values/7-480-283-1>		<http://ids.clld.org/parameters/7-480>		<http://ids.clld.org/values/7-480-198-1>		"galdā"@prg	
