"ri-buǰu"@cyb	<http://ids.clld.org/values/4-208-283-3>		<http://ids.clld.org/parameters/4-208>		<http://ids.clld.org/values/4-208-280-1>		"'tamo"@pcp	
"maka"@cyb	<http://ids.clld.org/values/1-520-283-1>		<http://ids.clld.org/parameters/1-520>		<http://ids.clld.org/values/1-520-280-1>		"'waři"@pcp	
"dai"@cyb	<http://ids.clld.org/values/4-270-283-1>		<http://ids.clld.org/parameters/4-270>		<http://ids.clld.org/values/4-270-280-1>		"'ṣ̌ɨna"@pcp	
"kita"@cyb	<http://ids.clld.org/values/1-310-283-3>		<http://ids.clld.org/parameters/1-310>		<http://ids.clld.org/values/1-310-280-1>		"'hɨnɨ"@pcp	
"pa'boreha"@cyb	<http://ids.clld.org/values/15-640-283-1>		<http://ids.clld.org/parameters/15-640>		<http://ids.clld.org/values/15-640-280-1>		"'hoṣ̌o"@pcp	
"ɲohe"@cyb	<http://ids.clld.org/values/9-190-283-3>		<http://ids.clld.org/parameters/9-190>		<http://ids.clld.org/values/9-190-280-1>		"'taška"@pcp	
"o'rehaæ"@cyb	<http://ids.clld.org/values/5-140-283-1>		<http://ids.clld.org/parameters/5-140>		<http://ids.clld.org/values/5-140-280-1>		"paṣ̌na'hai"@pcp	
"te"@cyb	<http://ids.clld.org/values/2-320-283-5>		<http://ids.clld.org/parameters/2-320>		<http://ids.clld.org/values/2-320-280-1>		"ʔa'wini"@pcp	
"'bɔrɔča"@cyb	<http://ids.clld.org/values/3-592-283-1>		<http://ids.clld.org/parameters/3-592>		<http://ids.clld.org/values/3-592-280-1>		"'wawa"@pcp	
"[su'rumae] ~ [suluma]"@cyb	<http://ids.clld.org/values/9-780-283-1>		<http://ids.clld.org/parameters/9-780>		<http://ids.clld.org/values/9-780-280-1>		"'sota"@pcp	
"bada"@cyb	<http://ids.clld.org/values/3-980-283-1>		<http://ids.clld.org/parameters/3-980>		<http://ids.clld.org/values/3-980-280-1>		"'ṣ̌awɨ"@pcp	
"da'duhu-ǰe"@cyb	<http://ids.clld.org/values/8-920-283-1>		<http://ids.clld.org/parameters/8-920>		<http://ids.clld.org/values/8-920-280-1>		"'ac̷a"@pcp	
"ra'uβaβa"@cyb	<http://ids.clld.org/values/1-540-283-3>		<http://ids.clld.org/parameters/1-540>		<http://ids.clld.org/values/1-540-280-1>		"'wištima"@pcp	
"ra-βoha"@cyb	<http://ids.clld.org/values/12-440-283-3>		<http://ids.clld.org/parameters/12-440>		<http://ids.clld.org/values/12-440-280-1>		"nɨ'ama"@pcp	
"bɔkɔ"@cyb	<http://ids.clld.org/values/1-730-283-1>		<http://ids.clld.org/parameters/1-730>		<http://ids.clld.org/values/1-730-280-1>		"'c̷ɨmo"@pcp	
"'naamõ"@cyb	<http://ids.clld.org/values/1-830-283-3>		<http://ids.clld.org/parameters/1-830>		<http://ids.clld.org/values/1-830-280-1>		"ko'ʔina"@pcp	
"ča"@cyb	<http://ids.clld.org/values/4-240-283-1>		<http://ids.clld.org/parameters/4-240>		<http://ids.clld.org/values/4-240-280-1>		"kɨ'wɨči"@pcp	
"'da-ru"@cyb	<http://ids.clld.org/values/4-330-283-3>		<http://ids.clld.org/parameters/4-330>		<http://ids.clld.org/values/4-330-280-1>		"mɨ'kɨna"@pcp	
"bapa"@cyb	<http://ids.clld.org/values/2-350-283-3>		<http://ids.clld.org/parameters/2-350>		<http://ids.clld.org/values/2-350-280-1>		"'ɨpa"@pcp	
"bapa"@cyb	<http://ids.clld.org/values/2-350-283-3>		<http://ids.clld.org/parameters/2-350>		<http://ids.clld.org/values/2-350-280-3>		"'ʔɨpa"@pcp	
"'rɔɔre"@cyb	<http://ids.clld.org/values/5-140-283-5>		<http://ids.clld.org/parameters/5-140>		<http://ids.clld.org/values/5-140-280-1>		"paṣ̌na'hai"@pcp	
"a-"@cyb	<http://ids.clld.org/values/2-910-283-3>		<http://ids.clld.org/parameters/2-910>		<http://ids.clld.org/values/2-910-280-1>		"'ɨa"@pcp	
"tɨrɨ-βa"@cyb	<http://ids.clld.org/values/4-150-283-3>		<http://ids.clld.org/parameters/4-150>		<http://ids.clld.org/values/4-150-280-1>		"'himi"@pcp	
"[ta'taruga]"@cyb	<http://ids.clld.org/values/3-980-283-3>		<http://ids.clld.org/parameters/3-980>		<http://ids.clld.org/values/3-980-280-1>		"'ṣ̌awɨ"@pcp	
"r-"@cyb	<http://ids.clld.org/values/2-930-283-1>		<http://ids.clld.org/parameters/2-930>		<http://ids.clld.org/values/2-930-280-1>		"'haa"@pcp	
"hiiki ~ hiki"@cyb	<http://ids.clld.org/values/8-470-283-3>		<http://ids.clld.org/parameters/8-470>		<http://ids.clld.org/values/8-470-280-1>		"'ṣ̌ɨki"@pcp	
"bo"@cyb	<http://ids.clld.org/values/1-750-283-3>		<http://ids.clld.org/parameters/1-750>		<http://ids.clld.org/values/1-750-280-3>		"ʔo'i"@pcp	
"bo"@cyb	<http://ids.clld.org/values/1-750-283-3>		<http://ids.clld.org/parameters/1-750>		<http://ids.clld.org/values/1-750-280-1>		"o'i"@pcp	
"ɲečɔ"@cyb	<http://ids.clld.org/values/12-440-283-5>		<http://ids.clld.org/parameters/12-440>		<http://ids.clld.org/values/12-440-280-1>		"nɨ'ama"@pcp	
"βaro"@cyb	<http://ids.clld.org/values/3-592-283-3>		<http://ids.clld.org/parameters/3-592>		<http://ids.clld.org/values/3-592-280-1>		"'wawa"@pcp	
"ɲera'barike ~ ɲera'baike"@cyb	<http://ids.clld.org/values/1-360-283-1>		<http://ids.clld.org/parameters/1-360>		<http://ids.clld.org/values/1-360-280-1>		"'ʔani"@pcp	
"ɲera'barike ~ ɲera'baike"@cyb	<http://ids.clld.org/values/1-360-283-1>		<http://ids.clld.org/parameters/1-360>		<http://ids.clld.org/values/1-360-280-3>		"'pao"@pcp	
"ra-βɨrɨ"@cyb	<http://ids.clld.org/values/15-780-283-3>		<http://ids.clld.org/parameters/15-780>		<http://ids.clld.org/values/15-780-280-1>		"'ɨika"@pcp	
"ki-ri-'arama"@cyb	<http://ids.clld.org/values/14-410-283-3>		<http://ids.clld.org/parameters/14-410>		<http://ids.clld.org/values/14-410-280-1>		"'waři"@pcp	
"he"@cyb	<http://ids.clld.org/values/4-370-283-1>		<http://ids.clld.org/parameters/4-370>		<http://ids.clld.org/values/4-370-280-1>		"'taʔɨ"@pcp	
"ki-'arama"@cyb	<http://ids.clld.org/values/14-410-283-1>		<http://ids.clld.org/parameters/14-410>		<http://ids.clld.org/values/14-410-280-1>		"'waři"@pcp	
"da-iti"@cyb	<http://ids.clld.org/values/2-360-283-1>		<http://ids.clld.org/parameters/2-360>		<http://ids.clld.org/values/2-360-280-1>		"'kai"@pcp	
"dabe"@cyb	<http://ids.clld.org/values/1-310-283-5>		<http://ids.clld.org/parameters/1-310>		<http://ids.clld.org/values/1-310-280-1>		"'hɨnɨ"@pcp	
"rɔmi-hæ"@cyb	<http://ids.clld.org/values/5-970-283-3>		<http://ids.clld.org/parameters/5-970>		<http://ids.clld.org/values/5-970-280-1>		"'wači"@pcp	
"-ri"@cyb	<http://ids.clld.org/values/2-910-283-5>		<http://ids.clld.org/parameters/2-910>		<http://ids.clld.org/values/2-910-280-1>		"'ɨa"@pcp	
"dapa"@cyb	<http://ids.clld.org/values/10-831-283-1>		<http://ids.clld.org/parameters/10-831>		<http://ids.clld.org/values/10-831-280-1>		"'noti"@pcp	
"nãβõkũ"@cyb	<http://ids.clld.org/values/6-760-283-1>		<http://ids.clld.org/parameters/6-760>		<http://ids.clld.org/values/6-760-280-1>		"'kisi"@pcp	
"ǰuhuru ~ ǰu'ǰurue ~ uhuru"@cyb	<http://ids.clld.org/values/6-240-283-1>		<http://ids.clld.org/parameters/6-240>		<http://ids.clld.org/values/6-240-280-1>		"waṣ̌'mɨna"@pcp	
"ǰokore"@cyb	<http://ids.clld.org/values/4-210-283-3>		<http://ids.clld.org/parameters/4-210>		<http://ids.clld.org/values/4-210-280-1>		"'wɨřo"@pcp	
"ru"@cyb	<http://ids.clld.org/values/4-330-283-1>		<http://ids.clld.org/parameters/4-330>		<http://ids.clld.org/values/4-330-280-1>		"mɨ'kɨna"@pcp	
"'mãkãhæ"@cyb	<http://ids.clld.org/values/4-440-283-1>		<http://ids.clld.org/parameters/4-440>		<http://ids.clld.org/values/4-440-280-1>		"howi'ti"@pcp	
"'naare ~ nãræ̃ ~ naræ"@cyb	<http://ids.clld.org/values/1-420-283-1>		<http://ids.clld.org/parameters/1-420>		<http://ids.clld.org/values/1-420-280-1>		"'hiwi"@pcp	
"-ræ"@cyb	<http://ids.clld.org/values/2-930-283-5>		<http://ids.clld.org/parameters/2-930>		<http://ids.clld.org/values/2-930-280-1>		"'haa"@pcp	
"-pa-ru"@cyb	<http://ids.clld.org/values/4-330-283-5>		<http://ids.clld.org/parameters/4-330>		<http://ids.clld.org/values/4-330-280-1>		"mɨ'kɨna"@pcp	
"sɨsɨkɨ"@cyb	<http://ids.clld.org/values/9-220-283-3>		<http://ids.clld.org/parameters/9-220>		<http://ids.clld.org/values/9-220-280-1>		"'kɨɨsakia"@pcp	
"ra-bore"@cyb	<http://ids.clld.org/values/15-640-283-5>		<http://ids.clld.org/parameters/15-640>		<http://ids.clld.org/values/15-640-280-1>		"'hoṣ̌o"@pcp	
"ɲika"@cyb	<http://ids.clld.org/values/7-120-283-1>		<http://ids.clld.org/parameters/7-120>		<http://ids.clld.org/values/7-120-280-1>		"'ṣ̌owo"@pcp	
"torene"@cyb	<http://ids.clld.org/values/2-320-283-1>		<http://ids.clld.org/parameters/2-320>		<http://ids.clld.org/values/2-320-280-1>		"ʔa'wini"@pcp	
"βɔp"@cyb	<http://ids.clld.org/values/2-350-283-5>		<http://ids.clld.org/parameters/2-350>		<http://ids.clld.org/values/2-350-280-1>		"'ɨpa"@pcp	
"βɔp"@cyb	<http://ids.clld.org/values/2-350-283-5>		<http://ids.clld.org/parameters/2-350>		<http://ids.clld.org/values/2-350-280-3>		"'ʔɨpa"@pcp	
"tĩĩtɨ̃ ~ tĩtĩ"@cyb	<http://ids.clld.org/values/3-650-283-3>		<http://ids.clld.org/parameters/3-650>		<http://ids.clld.org/values/3-650-280-3>		"'woɨ"@pcp	
"tĩĩtɨ̃ ~ tĩtĩ"@cyb	<http://ids.clld.org/values/3-650-283-3>		<http://ids.clld.org/parameters/3-650>		<http://ids.clld.org/values/3-650-280-1>		"sa'nino"@pcp	
"ɲaβe ~ ɲaβ-"@cyb	<http://ids.clld.org/values/4-310-283-1>		<http://ids.clld.org/parameters/4-310>		<http://ids.clld.org/values/4-310-280-1>		"po'yana"@pcp	
"βare"@cyb	<http://ids.clld.org/values/8-810-283-3>		<http://ids.clld.org/parameters/8-810>		<http://ids.clld.org/values/8-810-280-1>		"'koti"@pcp	
"tɨ̃tẽ"@cyb	<http://ids.clld.org/values/4-140-283-3>		<http://ids.clld.org/parameters/4-140>		<http://ids.clld.org/values/4-140-280-1>		"'woo"@pcp	
"buǰu"@cyb	<http://ids.clld.org/values/4-208-283-1>		<http://ids.clld.org/parameters/4-208>		<http://ids.clld.org/values/4-208-280-1>		"'tamo"@pcp	
"rɔmi-he"@cyb	<http://ids.clld.org/values/5-970-283-1>		<http://ids.clld.org/parameters/5-970>		<http://ids.clld.org/values/5-970-280-1>		"'wači"@pcp	
"čɔæ ~ čɔe"@cyb	<http://ids.clld.org/values/8-570-283-1>		<http://ids.clld.org/parameters/8-570>		<http://ids.clld.org/values/8-570-280-3>		"řeṣ̌'pana"@pcp	
"čɔæ ~ čɔe"@cyb	<http://ids.clld.org/values/8-570-283-1>		<http://ids.clld.org/parameters/8-570>		<http://ids.clld.org/values/8-570-280-1>		"'hoa"@pcp	
"mækõ"@cyb	<http://ids.clld.org/values/3-831-283-3>		<http://ids.clld.org/parameters/3-831>		<http://ids.clld.org/values/3-831-280-1>		"'šio"@pcp	
"mækõ"@cyb	<http://ids.clld.org/values/3-831-283-3>		<http://ids.clld.org/parameters/3-831>		<http://ids.clld.org/values/3-831-280-3>		"'čio"@pcp	
"napo"@cyb	<http://ids.clld.org/values/5-550-283-3>		<http://ids.clld.org/parameters/5-550>		<http://ids.clld.org/values/5-550-280-1>		"'moto"@pcp	
"tɨrɨrɨ"@cyb	<http://ids.clld.org/values/15-660-283-1>		<http://ids.clld.org/parameters/15-660>		<http://ids.clld.org/values/15-660-280-1>		"'šini"@pcp	
"nare ~ naræ ~ nãræ̃"@cyb	<http://ids.clld.org/values/8-600-283-1>		<http://ids.clld.org/parameters/8-600>		<http://ids.clld.org/values/8-600-280-1>		"'hiwi"@pcp	
"riβɔkɔæ"@cyb	<http://ids.clld.org/values/8-120-283-3>		<http://ids.clld.org/parameters/8-120>		<http://ids.clld.org/values/8-120-280-1>		"'wai"@pcp	
"pɨǰɨ"@cyb	<http://ids.clld.org/values/15-810-283-1>		<http://ids.clld.org/parameters/15-810>		<http://ids.clld.org/values/15-810-280-1>		"'iwɨ"@pcp	
"ta-he"@cyb	<http://ids.clld.org/values/4-370-283-5>		<http://ids.clld.org/parameters/4-370>		<http://ids.clld.org/values/4-370-280-1>		"'taʔɨ"@pcp	
"čɔ̃he"@cyb	<http://ids.clld.org/values/12-850-283-3>		<http://ids.clld.org/parameters/12-850>		<http://ids.clld.org/values/12-850-280-1>		"'kini"@pcp	
"bɔre"@cyb	<http://ids.clld.org/values/5-550-283-1>		<http://ids.clld.org/parameters/5-550>		<http://ids.clld.org/values/5-550-280-1>		"'moto"@pcp	
"ɲea-'tɔ̃rene"@cyb	<http://ids.clld.org/values/2-320-283-3>		<http://ids.clld.org/parameters/2-320>		<http://ids.clld.org/values/2-320-280-1>		"ʔa'wini"@pcp	
"pipi"@cyb	<http://ids.clld.org/values/2-360-283-5>		<http://ids.clld.org/parameters/2-360>		<http://ids.clld.org/values/2-360-280-1>		"'kai"@pcp	
"hi-"@cyb	<http://ids.clld.org/values/2-910-283-1>		<http://ids.clld.org/parameters/2-910>		<http://ids.clld.org/values/2-910-280-1>		"'ɨa"@pcp	
"daɨ"@cyb	<http://ids.clld.org/values/1-510-283-1>		<http://ids.clld.org/parameters/1-510>		<http://ids.clld.org/values/1-510-280-1>		"na'ipa"@pcp	
"kõri"@cyb	<http://ids.clld.org/values/3-592-283-5>		<http://ids.clld.org/parameters/3-592>		<http://ids.clld.org/values/3-592-280-1>		"'wawa"@pcp	
"un-"@cyb	<http://ids.clld.org/values/15-510-283-3>		<http://ids.clld.org/parameters/15-510>		<http://ids.clld.org/values/15-510-280-1>		"his'pa"@pcp	
"un-"@cyb	<http://ids.clld.org/values/15-510-283-3>		<http://ids.clld.org/parameters/15-510>		<http://ids.clld.org/values/15-510-280-3>		"'hisna"@pcp	
"upæ"@cyb	<http://ids.clld.org/values/4-240-283-5>		<http://ids.clld.org/parameters/4-240>		<http://ids.clld.org/values/4-240-280-1>		"kɨ'wɨči"@pcp	
"ɨ̃kæ"@cyb	<http://ids.clld.org/values/1-880-283-3>		<http://ids.clld.org/parameters/1-880>		<http://ids.clld.org/values/1-880-280-1>		"'kařo"@pcp	
"tati"@cyb	<http://ids.clld.org/values/1-210-283-1>		<http://ids.clld.org/parameters/1-210>		<http://ids.clld.org/values/1-210-280-1>		"'mai"@pcp	
"ɔræ"@cyb	<http://ids.clld.org/values/5-140-283-3>		<http://ids.clld.org/parameters/5-140>		<http://ids.clld.org/values/5-140-280-1>		"paṣ̌na'hai"@pcp	
"'tæɔ"@cyb	<http://ids.clld.org/values/3-596-283-1>		<http://ids.clld.org/parameters/3-596>		<http://ids.clld.org/values/3-596-280-1>		"'popo"@pcp	
"rawaβa"@cyb	<http://ids.clld.org/values/1-540-283-1>		<http://ids.clld.org/parameters/1-540>		<http://ids.clld.org/values/1-540-280-1>		"'wištima"@pcp	
"bado"@cyb	<http://ids.clld.org/values/3-586-283-1>		<http://ids.clld.org/parameters/3-586>		<http://ids.clld.org/values/3-586-280-1>		"po'iko"@pcp	
"dara ~ dæ'ræ"@cyb	<http://ids.clld.org/values/3-750-283-1>		<http://ids.clld.org/parameters/3-750>		<http://ids.clld.org/values/3-750-280-1>		"'čaṣ̌o"@pcp	
"'maβo"@cyb	<http://ids.clld.org/values/2-220-283-3>		<http://ids.clld.org/parameters/2-220>		<http://ids.clld.org/values/2-220-280-1>		"'yoṣ̌a"@pcp	
"bãrãkama ~ ma'rakame"@cyb	<http://ids.clld.org/values/4-200-283-1>		<http://ids.clld.org/parameters/4-200>		<http://ids.clld.org/values/4-200-280-1>		"'mapo"@pcp	
"itõhã"@cyb	<http://ids.clld.org/values/15-350-283-1>		<http://ids.clld.org/parameters/15-350>		<http://ids.clld.org/values/15-350-280-1>		"tɨ'ɨ"@pcp	
"-ǰɔkɔ"@cyb	<http://ids.clld.org/values/4-210-283-1>		<http://ids.clld.org/parameters/4-210>		<http://ids.clld.org/values/4-210-280-1>		"'wɨřo"@pcp	
"'bisi"@cyb	<http://ids.clld.org/values/1-880-283-1>		<http://ids.clld.org/parameters/1-880>		<http://ids.clld.org/values/1-880-280-1>		"'kařo"@pcp	
"nãmo"@cyb	<http://ids.clld.org/values/1-830-283-1>		<http://ids.clld.org/parameters/1-830>		<http://ids.clld.org/values/1-830-280-1>		"ko'ʔina"@pcp	
"'ki-asi"@cyb	<http://ids.clld.org/values/2-210-283-1>		<http://ids.clld.org/parameters/2-210>		<http://ids.clld.org/values/2-210-280-1>		"'honi"@pcp	
"-ro"@cyb	<http://ids.clld.org/values/2-910-283-7>		<http://ids.clld.org/parameters/2-910>		<http://ids.clld.org/values/2-910-280-1>		"'ɨa"@pcp	
"ra-pɔtɔ"@cyb	<http://ids.clld.org/values/4-142-283-1>		<http://ids.clld.org/parameters/4-142>		<http://ids.clld.org/values/4-142-280-1>		"'kɨni"@pcp	
"mitia"@cyb	<http://ids.clld.org/values/13-20-283-1>		<http://ids.clld.org/parameters/13-20>		<http://ids.clld.org/values/13-20-280-1>		"ra'wɨ"@pcp	
"čãrãrã"@cyb	<http://ids.clld.org/values/1-560-283-1>		<http://ids.clld.org/parameters/1-560>		<http://ids.clld.org/values/1-560-280-1>		"'naina"@pcp	
"isi"@cyb	<http://ids.clld.org/values/4-270-283-3>		<http://ids.clld.org/parameters/4-270>		<http://ids.clld.org/values/4-270-280-1>		"'ṣ̌ɨna"@pcp	
"'a-ča-e"@cyb	<http://ids.clld.org/values/4-240-283-3>		<http://ids.clld.org/parameters/4-240>		<http://ids.clld.org/values/4-240-280-1>		"kɨ'wɨči"@pcp	
"baka"@cyb	<http://ids.clld.org/values/8-120-283-1>		<http://ids.clld.org/parameters/8-120>		<http://ids.clld.org/values/8-120-280-1>		"'wai"@pcp	
"'iiɲi ~ iɲe ~ eɲe"@cyb	<http://ids.clld.org/values/4-260-283-1>		<http://ids.clld.org/parameters/4-260>		<http://ids.clld.org/values/4-260-280-1>		"'hana"@pcp	
"βoha"@cyb	<http://ids.clld.org/values/12-440-283-1>		<http://ids.clld.org/parameters/12-440>		<http://ids.clld.org/values/12-440-280-1>		"nɨ'ama"@pcp	
"hiǰike"@cyb	<http://ids.clld.org/values/4-220-283-1>		<http://ids.clld.org/parameters/4-220>		<http://ids.clld.org/values/4-220-280-1>		"'paʔoki"@pcp	
"da-bo ~ do-bo"@cyb	<http://ids.clld.org/values/1-750-283-1>		<http://ids.clld.org/parameters/1-750>		<http://ids.clld.org/values/1-750-280-3>		"ʔo'i"@pcp	
"da-bo ~ do-bo"@cyb	<http://ids.clld.org/values/1-750-283-1>		<http://ids.clld.org/parameters/1-750>		<http://ids.clld.org/values/1-750-280-1>		"o'i"@pcp	
"βædæræ"@cyb	<http://ids.clld.org/values/12-560-283-1>		<http://ids.clld.org/parameters/12-560>		<http://ids.clld.org/values/12-560-280-1>		"'mišni"@pcp	
"ya'boreha"@cyb	<http://ids.clld.org/values/15-640-283-3>		<http://ids.clld.org/parameters/15-640>		<http://ids.clld.org/values/15-640-280-1>		"'hoṣ̌o"@pcp	
"ta"@cyb	<http://ids.clld.org/values/1-310-283-1>		<http://ids.clld.org/parameters/1-310>		<http://ids.clld.org/values/1-310-280-1>		"'hɨnɨ"@pcp	
"'daǰɨ"@cyb	<http://ids.clld.org/values/4-350-283-1>		<http://ids.clld.org/parameters/4-350>		<http://ids.clld.org/values/4-350-280-1>		"'wiko"@pcp	
"na'nɨču"@cyb	<http://ids.clld.org/values/3-832-283-3>		<http://ids.clld.org/parameters/3-832>		<http://ids.clld.org/values/3-832-280-1>		"'wii"@pcp	
"rakahẽ"@cyb	<http://ids.clld.org/values/4-440-283-3>		<http://ids.clld.org/parameters/4-440>		<http://ids.clld.org/values/4-440-280-1>		"howi'ti"@pcp	
"papa"@cyb	<http://ids.clld.org/values/2-350-283-1>		<http://ids.clld.org/parameters/2-350>		<http://ids.clld.org/values/2-350-280-1>		"'ɨpa"@pcp	
"papa"@cyb	<http://ids.clld.org/values/2-350-283-1>		<http://ids.clld.org/parameters/2-350>		<http://ids.clld.org/values/2-350-280-3>		"'ʔɨpa"@pcp	
"daka"@cyb	<http://ids.clld.org/values/9-250-283-1>		<http://ids.clld.org/parameters/9-250>		<http://ids.clld.org/values/9-250-280-1>		"[hača]"@pcp	
"'titidɔ"@cyb	<http://ids.clld.org/values/3-581-283-1>		<http://ids.clld.org/parameters/3-581>		<http://ids.clld.org/values/3-581-280-1>		"'isko"@pcp	
"bã'reohe ~ βareõhẽ"@cyb	<http://ids.clld.org/values/4-230-283-1>		<http://ids.clld.org/parameters/4-230>		<http://ids.clld.org/values/4-230-280-1>		"řɨ'kina"@pcp	
"βɨrɨ"@cyb	<http://ids.clld.org/values/15-780-283-1>		<http://ids.clld.org/parameters/15-780>		<http://ids.clld.org/values/15-780-280-1>		"'ɨika"@pcp	
"ǰikiβa"@cyb	<http://ids.clld.org/values/9-190-283-1>		<http://ids.clld.org/parameters/9-190>		<http://ids.clld.org/values/9-190-280-1>		"'taška"@pcp	
"ri- ~ t- ~ ta- ~ ti- te- ~ i- ~ ∅"@cyb	<http://ids.clld.org/values/2-930-283-3>		<http://ids.clld.org/parameters/2-930>		<http://ids.clld.org/values/2-930-280-1>		"'haa"@pcp	
"patɨha"@cyb	<http://ids.clld.org/values/15-660-283-3>		<http://ids.clld.org/parameters/15-660>		<http://ids.clld.org/values/15-660-280-1>		"'šini"@pcp	
"'sosiki"@cyb	<http://ids.clld.org/values/8-810-283-5>		<http://ids.clld.org/parameters/8-810>		<http://ids.clld.org/values/8-810-280-1>		"'koti"@pcp	
"dɔ"@cyb	<http://ids.clld.org/values/3-750-283-3>		<http://ids.clld.org/parameters/3-750>		<http://ids.clld.org/values/3-750-280-1>		"'čaṣ̌o"@pcp	
"tɔrene ~ tɔ̃rene"@cyb	<http://ids.clld.org/values/2-220-283-1>		<http://ids.clld.org/parameters/2-220>		<http://ids.clld.org/values/2-220-280-1>		"'yoṣ̌a"@pcp	
"šiki"@cyb	<http://ids.clld.org/values/8-470-283-1>		<http://ids.clld.org/parameters/8-470>		<http://ids.clld.org/values/8-470-280-1>		"'ṣ̌ɨki"@pcp	
"tutuhu"@cyb	<http://ids.clld.org/values/9-360-283-1>		<http://ids.clld.org/parameters/9-360>		<http://ids.clld.org/values/9-360-280-1>		"'aši"@pcp	
"'rããre ~ rãrẽ"@cyb	<http://ids.clld.org/values/1-530-283-1>		<http://ids.clld.org/parameters/1-530>		<http://ids.clld.org/values/1-530-280-1>		"'ʔoṣ̌ɨ"@pcp	
"βæræ"@cyb	<http://ids.clld.org/values/3-831-283-1>		<http://ids.clld.org/parameters/3-831>		<http://ids.clld.org/values/3-831-280-1>		"'šio"@pcp	
"βæræ"@cyb	<http://ids.clld.org/values/3-831-283-1>		<http://ids.clld.org/parameters/3-831>		<http://ids.clld.org/values/3-831-280-3>		"'čio"@pcp	
"data"@cyb	<http://ids.clld.org/values/3-650-283-1>		<http://ids.clld.org/parameters/3-650>		<http://ids.clld.org/values/3-650-280-3>		"'woɨ"@pcp	
"data"@cyb	<http://ids.clld.org/values/3-650-283-1>		<http://ids.clld.org/parameters/3-650>		<http://ids.clld.org/values/3-650-280-1>		"sa'nino"@pcp	
"ɲama"@cyb	<http://ids.clld.org/values/7-120-283-3>		<http://ids.clld.org/parameters/7-120>		<http://ids.clld.org/values/7-120-280-1>		"'ṣ̌owo"@pcp	
"dĩrĩ"@cyb	<http://ids.clld.org/values/12-560-283-5>		<http://ids.clld.org/parameters/12-560>		<http://ids.clld.org/values/12-560-280-1>		"'mišni"@pcp	
"čɔčɔkɔ"@cyb	<http://ids.clld.org/values/1-840-283-1>		<http://ids.clld.org/parameters/1-840>		<http://ids.clld.org/values/1-840-280-1>		"'mišpo"@pcp	
"ta'korako"@cyb	<http://ids.clld.org/values/3-550-283-1>		<http://ids.clld.org/parameters/3-550>		<http://ids.clld.org/values/3-550-280-1>		"pati'aři"@pcp	
"iše ~ iš-"@cyb	<http://ids.clld.org/values/4-120-283-1>		<http://ids.clld.org/parameters/4-120>		<http://ids.clld.org/values/4-120-280-1>		"'wiči"@pcp	
"kɨtɨ"@cyb	<http://ids.clld.org/values/8-810-283-1>		<http://ids.clld.org/parameters/8-810>		<http://ids.clld.org/values/8-810-280-1>		"'koti"@pcp	
"'dɨβɨha"@cyb	<http://ids.clld.org/values/3-832-283-1>		<http://ids.clld.org/parameters/3-832>		<http://ids.clld.org/values/3-832-280-1>		"'wii"@pcp	
"tɨrɨ"@cyb	<http://ids.clld.org/values/4-150-283-1>		<http://ids.clld.org/parameters/4-150>		<http://ids.clld.org/values/4-150-280-1>		"'himi"@pcp	
"miɲo"@cyb	<http://ids.clld.org/values/3-823-283-1>		<http://ids.clld.org/parameters/3-823>		<http://ids.clld.org/values/3-823-280-1>		"'wina"@pcp	
"rakie"@cyb	<http://ids.clld.org/values/4-160-283-1>		<http://ids.clld.org/parameters/4-160>		<http://ids.clld.org/values/4-160-280-1>		"'ṣ̌ao"@pcp	
"čiči"@cyb	<http://ids.clld.org/values/12-560-283-3>		<http://ids.clld.org/parameters/12-560>		<http://ids.clld.org/values/12-560-280-1>		"'mišni"@pcp	
"dita"@cyb	<http://ids.clld.org/values/2-360-283-3>		<http://ids.clld.org/parameters/2-360>		<http://ids.clld.org/values/2-360-280-1>		"'kai"@pcp	
"uun-"@cyb	<http://ids.clld.org/values/15-510-283-5>		<http://ids.clld.org/parameters/15-510>		<http://ids.clld.org/values/15-510-280-1>		"his'pa"@pcp	
"uun-"@cyb	<http://ids.clld.org/values/15-510-283-5>		<http://ids.clld.org/parameters/15-510>		<http://ids.clld.org/values/15-510-280-3>		"'hisna"@pcp	
"biǰike"@cyb	<http://ids.clld.org/values/4-220-283-3>		<http://ids.clld.org/parameters/4-220>		<http://ids.clld.org/values/4-220-280-1>		"'paʔoki"@pcp	
"a-hæ-i"@cyb	<http://ids.clld.org/values/4-370-283-3>		<http://ids.clld.org/parameters/4-370>		<http://ids.clld.org/values/4-370-280-1>		"'taʔɨ"@pcp	
"data"@cyb	<http://ids.clld.org/values/1-810-283-1>		<http://ids.clld.org/parameters/1-810>		<http://ids.clld.org/values/1-810-280-1>		"'čiʔi"@pcp	
"čaβe"@cyb	<http://ids.clld.org/values/4-450-283-1>		<http://ids.clld.org/parameters/4-450>		<http://ids.clld.org/values/4-450-280-1>		"'taka"@pcp	
"ka-te-ri"@cyb	<http://ids.clld.org/values/2-310-283-1>		<http://ids.clld.org/parameters/2-310>		<http://ids.clld.org/values/2-310-280-1>		"'wɨnɨ"@pcp	
"βororo"@cyb	<http://ids.clld.org/values/15-550-283-1>		<http://ids.clld.org/parameters/15-550>		<http://ids.clld.org/values/15-550-280-1>		"hi-'maki"@pcp	
"te"@cyb	<http://ids.clld.org/values/2-310-283-3>		<http://ids.clld.org/parameters/2-310>		<http://ids.clld.org/values/2-310-280-1>		"'wɨnɨ"@pcp	
"ene"@cyb	<http://ids.clld.org/values/8-560-283-1>		<http://ids.clld.org/parameters/8-560>		<http://ids.clld.org/values/8-560-280-1>		"'pɨʔi"@pcp	
"kɔæræ"@cyb	<http://ids.clld.org/values/9-220-283-5>		<http://ids.clld.org/parameters/9-220>		<http://ids.clld.org/values/9-220-280-1>		"'kɨɨsakia"@pcp	
"sɨkɨrɨ"@cyb	<http://ids.clld.org/values/9-220-283-1>		<http://ids.clld.org/parameters/9-220>		<http://ids.clld.org/values/9-220-280-1>		"'kɨɨsakia"@pcp	
"ruune"@cyb	<http://ids.clld.org/values/15-510-283-1>		<http://ids.clld.org/parameters/15-510>		<http://ids.clld.org/values/15-510-280-1>		"his'pa"@pcp	
"ruune"@cyb	<http://ids.clld.org/values/15-510-283-1>		<http://ids.clld.org/parameters/15-510>		<http://ids.clld.org/values/15-510-280-3>		"'hisna"@pcp	
"bočo"@cyb	<http://ids.clld.org/values/3-950-283-1>		<http://ids.clld.org/parameters/3-950>		<http://ids.clld.org/values/3-950-280-1>		"wɨṣ̌ko"@pcp	
"a-'tɨɨte"@cyb	<http://ids.clld.org/values/4-140-283-1>		<http://ids.clld.org/parameters/4-140>		<http://ids.clld.org/values/4-140-280-1>		"'woo"@pcp	
"βara"@cyb	<http://ids.clld.org/values/12-850-283-1>		<http://ids.clld.org/parameters/12-850>		<http://ids.clld.org/values/12-850-280-1>		"'kini"@pcp	
"tɨ-dɨkɨ"@cyb	<http://ids.clld.org/values/9-110-283-1>		<http://ids.clld.org/parameters/9-110>		<http://ids.clld.org/values/9-110-280-1>		"i'wɨ"@pcp	
