"tætæ"@cyb	<http://ids.clld.org/values/2-470-283-5>		<http://ids.clld.org/parameters/2-470>		<http://ids.clld.org/values/2-470-823-1>		"za.1"@scb-x-rucc1239	
"tætæ"@cyb	<http://ids.clld.org/values/2-470-283-5>		<http://ids.clld.org/parameters/2-470>		<http://ids.clld.org/values/2-470-823-2>		"na:j.1"@scb-x-rucc1239	
"bɔ"@cyb	<http://ids.clld.org/values/1-324-283-1>		<http://ids.clld.org/parameters/1-324>		<http://ids.clld.org/values/1-324-823-1>		"pɔh.pɔh.1"@scb-x-rucc1239	
"maka"@cyb	<http://ids.clld.org/values/1-520-283-1>		<http://ids.clld.org/parameters/1-520>		<http://ids.clld.org/values/1-520-823-1>		"məʌt.4 kara:ŋ.1"@scb-x-rucc1239	
"kotiri"@cyb	<http://ids.clld.org/values/1-590-283-1>		<http://ids.clld.org/parameters/1-590>		<http://ids.clld.org/values/1-590-823-1>		"ro:ŋ.1"@scb-x-rucc1239	
"poone"@cyb	<http://ids.clld.org/values/1-214-283-3>		<http://ids.clld.org/parameters/1-214>		<http://ids.clld.org/values/1-214-823-1>		"la:r.4"@scb-x-rucc1239	
"kita"@cyb	<http://ids.clld.org/values/1-310-283-3>		<http://ids.clld.org/parameters/1-310>		<http://ids.clld.org/values/1-310-823-1>		"da:k.3"@scb-x-rucc1239	
"-po"@cyb	<http://ids.clld.org/values/2-444-283-3>		<http://ids.clld.org/parameters/2-444>		<http://ids.clld.org/values/2-444-823-1>		"məaŋ.4"@scb-x-rucc1239	
"tɔpɔ"@cyb	<http://ids.clld.org/values/1-852-283-1>		<http://ids.clld.org/parameters/1-852>		<http://ids.clld.org/values/1-852-823-1>		"kɨcɔh.1"@scb-x-rucc1239	
"ɲæ'ra-nãre"@cyb	<http://ids.clld.org/values/1-410-283-3>		<http://ids.clld.org/parameters/1-410>		<http://ids.clld.org/values/1-410-823-1>		"brw.3"@scb-x-rucc1239	
"te"@cyb	<http://ids.clld.org/values/2-320-283-5>		<http://ids.clld.org/parameters/2-320>		<http://ids.clld.org/values/2-320-823-1>		"makj.3"@scb-x-rucc1239	
"ranihe"@cyb	<http://ids.clld.org/values/1-720-283-3>		<http://ids.clld.org/parameters/1-720>		<http://ids.clld.org/values/1-720-823-1>		"kajɔ.3"@scb-x-rucc1239	
"tɨ'tẽdore"@cyb	<http://ids.clld.org/values/1-890-283-1>		<http://ids.clld.org/parameters/1-890>		<http://ids.clld.org/values/1-890-823-1>		"laŋ.caŋ.1"@scb-x-rucc1239	
"ra'uβaβa"@cyb	<http://ids.clld.org/values/1-540-283-3>		<http://ids.clld.org/parameters/1-540>		<http://ids.clld.org/values/1-540-823-1>		"kumi:ŋ.1"@scb-x-rucc1239	
"βaβa"@cyb	<http://ids.clld.org/values/2-460-283-1>		<http://ids.clld.org/parameters/2-460>		<http://ids.clld.org/values/2-460-823-1>		"pw.1"@scb-x-rucc1239	
"βaβa"@cyb	<http://ids.clld.org/values/2-460-283-1>		<http://ids.clld.org/parameters/2-460>		<http://ids.clld.org/values/2-460-823-2>		"ta.1"@scb-x-rucc1239	
"bɔkɔ"@cyb	<http://ids.clld.org/values/1-730-283-1>		<http://ids.clld.org/parameters/1-730>		<http://ids.clld.org/values/1-730-823-1>		"məl.1"@scb-x-rucc1239	
"'naamõ"@cyb	<http://ids.clld.org/values/1-830-283-3>		<http://ids.clld.org/parameters/1-830>		<http://ids.clld.org/values/1-830-823-1>		"kahɔ:j.3"@scb-x-rucc1239	
"'naamõ"@cyb	<http://ids.clld.org/values/1-830-283-3>		<http://ids.clld.org/parameters/1-830>		<http://ids.clld.org/values/1-830-823-2>		"camaŋ.1"@scb-x-rucc1239	
"'naamõ"@cyb	<http://ids.clld.org/values/1-830-283-3>		<http://ids.clld.org/parameters/1-830>		<http://ids.clld.org/values/1-830-823-3>		"patj.1"@scb-x-rucc1239	
"bapa"@cyb	<http://ids.clld.org/values/2-350-283-3>		<http://ids.clld.org/parameters/2-350>		<http://ids.clld.org/values/2-350-823-1>		"pɨ.4"@scb-x-rucc1239	
"'pipɨdɨ"@cyb	<http://ids.clld.org/values/1-410-283-1>		<http://ids.clld.org/parameters/1-410>		<http://ids.clld.org/values/1-410-823-1>		"brw.3"@scb-x-rucc1239	
"ma'miasi"@cyb	<http://ids.clld.org/values/2-251-283-1>		<http://ids.clld.org/parameters/2-251>		<http://ids.clld.org/values/2-251-823-1>		"ba:w.1"@scb-x-rucc1239	
"irihe"@cyb	<http://ids.clld.org/values/1-550-283-1>		<http://ids.clld.org/parameters/1-550>		<http://ids.clld.org/values/1-550-823-1>		"ala:r.3"@scb-x-rucc1239	
"bo"@cyb	<http://ids.clld.org/values/1-750-283-3>		<http://ids.clld.org/parameters/1-750>		<http://ids.clld.org/values/1-750-823-1>		"kəməa.2"@scb-x-rucc1239	
"ɲera'barike ~ ɲera'baike"@cyb	<http://ids.clld.org/values/1-360-283-1>		<http://ids.clld.org/parameters/1-360>		<http://ids.clld.org/values/1-360-823-1>		"ju:ŋ.4"@scb-x-rucc1239	
"ɲera'barike ~ ɲera'baike"@cyb	<http://ids.clld.org/values/1-360-283-1>		<http://ids.clld.org/parameters/1-360>		<http://ids.clld.org/values/1-360-823-2>		"cərɔ:k.3"@scb-x-rucc1239	
"ra'čokimi"@cyb	<http://ids.clld.org/values/1-362-283-3>		<http://ids.clld.org/parameters/1-362>		<http://ids.clld.org/values/1-362-823-1>		"da:k.3 thuəj.3"@scb-x-rucc1239	
"či'tæmɔre ~ i'tæmɔ̃ræ"@cyb	<http://ids.clld.org/values/2-480-283-1>		<http://ids.clld.org/parameters/2-480>		<http://ids.clld.org/values/2-480-823-1>		"cw.3"@scb-x-rucc1239	
"dabe"@cyb	<http://ids.clld.org/values/1-310-283-5>		<http://ids.clld.org/parameters/1-310>		<http://ids.clld.org/values/1-310-823-1>		"da:k.3"@scb-x-rucc1239	
"dapoa"@cyb	<http://ids.clld.org/values/2-100-283-3>		<http://ids.clld.org/parameters/2-100>		<http://ids.clld.org/values/2-100-823-1>		"ŋa:j.2"@scb-x-rucc1239	
"βada-čao"@cyb	<http://ids.clld.org/values/2-445-283-1>		<http://ids.clld.org/parameters/2-445>		<http://ids.clld.org/values/2-445-823-1>		"ceɛ.4"@scb-x-rucc1239	
"ta'kasi"@cyb	<http://ids.clld.org/values/2-461-283-1>		<http://ids.clld.org/parameters/2-461>		<http://ids.clld.org/values/2-461-823-1>		"ʔo:ŋ.1 kuməʌk.4"@scb-x-rucc1239	
"ripu"@cyb	<http://ids.clld.org/values/1-215-283-1>		<http://ids.clld.org/parameters/1-215>		<http://ids.clld.org/values/1-215-823-1>		"təka:c.3"@scb-x-rucc1239	
"rao'mõroe"@cyb	<http://ids.clld.org/values/1-740-283-1>		<http://ids.clld.org/parameters/1-740>		<http://ids.clld.org/values/1-740-823-1>		"tulu:k.3"@scb-x-rucc1239	
"ra"@cyb	<http://ids.clld.org/values/4-170-283-1>		<http://ids.clld.org/parameters/4-170>		<http://ids.clld.org/values/4-170-823-1>		"krɨŋ"@scb-x-rucc1239	
"mõdĩrĩ"@cyb	<http://ids.clld.org/values/2-250-283-3>		<http://ids.clld.org/parameters/2-250>		<http://ids.clld.org/values/2-250-823-1>		"ba:w.1"@scb-x-rucc1239	
"ma'βaona"@cyb	<http://ids.clld.org/values/2-260-283-1>		<http://ids.clld.org/parameters/2-260>		<http://ids.clld.org/values/2-260-823-1>		"puma:j.3"@scb-x-rucc1239	
"ǰuha"@cyb	<http://ids.clld.org/values/1-630-283-1>		<http://ids.clld.org/parameters/1-630>		<http://ids.clld.org/values/1-630-823-1>		"pɔ:ŋ.3"@scb-x-rucc1239	
"βuǰuru"@cyb	<http://ids.clld.org/values/1-851-283-1>		<http://ids.clld.org/parameters/1-851>		<http://ids.clld.org/values/1-851-823-1>		"tu:c.3"@scb-x-rucc1239	
"torene"@cyb	<http://ids.clld.org/values/2-320-283-1>		<http://ids.clld.org/parameters/2-320>		<http://ids.clld.org/values/2-320-823-1>		"makj.3"@scb-x-rucc1239	
"pipi"@cyb	<http://ids.clld.org/values/2-470-283-3>		<http://ids.clld.org/parameters/2-470>		<http://ids.clld.org/values/2-470-823-1>		"za.1"@scb-x-rucc1239	
"pipi"@cyb	<http://ids.clld.org/values/2-470-283-3>		<http://ids.clld.org/parameters/2-470>		<http://ids.clld.org/values/2-470-823-2>		"na:j.1"@scb-x-rucc1239	
"βɔp"@cyb	<http://ids.clld.org/values/2-350-283-5>		<http://ids.clld.org/parameters/2-350>		<http://ids.clld.org/values/2-350-823-1>		"pɨ.4"@scb-x-rucc1239	
"ye-"@cyb	<http://ids.clld.org/values/17-560-283-3>		<http://ids.clld.org/parameters/17-560>		<http://ids.clld.org/values/17-560-823-1>		"lata.3"@scb-x-rucc1239	
"'naare ~ nãræ ~ nare"@cyb	<http://ids.clld.org/values/1-430-283-1>		<http://ids.clld.org/parameters/1-430>		<http://ids.clld.org/values/1-430-823-1>		"kəʌj.2"@scb-x-rucc1239	
"riǰape"@cyb	<http://ids.clld.org/values/1-860-283-1>		<http://ids.clld.org/parameters/1-860>		<http://ids.clld.org/values/1-860-823-1>		"tu:c.3"@scb-x-rucc1239	
"ɲea-'tɔ̃rene"@cyb	<http://ids.clld.org/values/2-320-283-3>		<http://ids.clld.org/parameters/2-320>		<http://ids.clld.org/values/2-320-823-1>		"makj.3"@scb-x-rucc1239	
"pipi"@cyb	<http://ids.clld.org/values/2-471-283-3>		<http://ids.clld.org/parameters/2-471>		<http://ids.clld.org/values/2-471-823-1>		"moɔ.4 kuməʌk.4"@scb-x-rucc1239	
"ure"@cyb	<http://ids.clld.org/values/2-560-283-3>		<http://ids.clld.org/parameters/2-560>		<http://ids.clld.org/values/2-560-823-1>		"ʔo:ŋ.1 pluok.4"@scb-x-rucc1239	
"daɨ"@cyb	<http://ids.clld.org/values/1-510-283-1>		<http://ids.clld.org/parameters/1-510>		<http://ids.clld.org/values/1-510-823-1>		"plə:j.2"@scb-x-rucc1239	
"ra-mami'asie"@cyb	<http://ids.clld.org/values/2-251-283-3>		<http://ids.clld.org/parameters/2-251>		<http://ids.clld.org/values/2-251-823-1>		"ba:w.1"@scb-x-rucc1239	
"ɲe...kɨče"@cyb	<http://ids.clld.org/values/2-530-283-1>		<http://ids.clld.org/parameters/2-530>		<http://ids.clld.org/values/2-530-823-1>		"cw.3"@scb-x-rucc1239	
"ra'asiæ"@cyb	<http://ids.clld.org/values/2-230-283-1>		<http://ids.clld.org/parameters/2-230>		<http://ids.clld.org/values/2-230-823-1>		"tɨk.4"@scb-x-rucc1239	
"iči'rɔ̃mihi 'tɔ̃rene"@cyb	<http://ids.clld.org/values/2-420-283-3>		<http://ids.clld.org/parameters/2-420>		<http://ids.clld.org/values/2-420-823-1>		"kɔ:n.1 pukj.3"@scb-x-rucc1239	
"raha-maβaona"@cyb	<http://ids.clld.org/values/2-261-283-1>		<http://ids.clld.org/parameters/2-261>		<http://ids.clld.org/values/2-261-823-1>		"puma:j.3"@scb-x-rucc1239	
"raate"@cyb	<http://ids.clld.org/values/2-330-283-1>		<http://ids.clld.org/parameters/2-330>		<http://ids.clld.org/values/2-330-823-2>		"lj.4 maku:ń.3"@scb-x-rucc1239	
"raate"@cyb	<http://ids.clld.org/values/2-330-283-1>		<http://ids.clld.org/parameters/2-330>		<http://ids.clld.org/values/2-330-823-3>		"dɔ:ŋ.1"@scb-x-rucc1239	
"raate"@cyb	<http://ids.clld.org/values/2-330-283-1>		<http://ids.clld.org/parameters/2-330>		<http://ids.clld.org/values/2-330-823-1>		"lj.4 makj.3"@scb-x-rucc1239	
"ɨ̃kæ"@cyb	<http://ids.clld.org/values/1-880-283-3>		<http://ids.clld.org/parameters/1-880>		<http://ids.clld.org/values/1-880-823-1>		"ku:r.1"@scb-x-rucc1239	
"tati"@cyb	<http://ids.clld.org/values/1-210-283-1>		<http://ids.clld.org/parameters/1-210>		<http://ids.clld.org/values/1-210-823-1>		"bə:n.3"@scb-x-rucc1239	
"mami"@cyb	<http://ids.clld.org/values/2-270-283-1>		<http://ids.clld.org/parameters/2-270>		<http://ids.clld.org/values/2-270-823-1>		"kɔ:n.1"@scb-x-rucc1239	
"rawaβa"@cyb	<http://ids.clld.org/values/1-540-283-1>		<http://ids.clld.org/parameters/1-540>		<http://ids.clld.org/values/1-540-823-1>		"kumi:ŋ.1"@scb-x-rucc1239	
"[β]u'ari"@cyb	<http://ids.clld.org/values/4-760-283-3>		<http://ids.clld.org/parameters/4-760>		<http://ids.clld.org/values/4-760-823-1>		"kacit"@scb-x-rucc1239	
"'maβo"@cyb	<http://ids.clld.org/values/2-220-283-3>		<http://ids.clld.org/parameters/2-220>		<http://ids.clld.org/values/2-220-823-1>		"pukj.3"@scb-x-rucc1239	
"pɔne"@cyb	<http://ids.clld.org/values/1-214-283-1>		<http://ids.clld.org/parameters/1-214>		<http://ids.clld.org/values/1-214-823-1>		"la:r.4"@scb-x-rucc1239	
"duaβa"@cyb	<http://ids.clld.org/values/2-100-283-1>		<http://ids.clld.org/parameters/2-100>		<http://ids.clld.org/values/2-100-823-1>		"ŋa:j.2"@scb-x-rucc1239	
"rɔ'retui"@cyb	<http://ids.clld.org/values/1-220-283-1>		<http://ids.clld.org/parameters/1-220>		<http://ids.clld.org/values/1-220-823-2>		"do:l.1"@scb-x-rucc1239	
"rɔ'retui"@cyb	<http://ids.clld.org/values/1-220-283-1>		<http://ids.clld.org/parameters/1-220>		<http://ids.clld.org/values/1-220-823-1>		"cɨ:t.3"@scb-x-rucc1239	
"'bisi"@cyb	<http://ids.clld.org/values/1-880-283-1>		<http://ids.clld.org/parameters/1-880>		<http://ids.clld.org/values/1-880-823-1>		"ku:r.1"@scb-x-rucc1239	
"nãmo"@cyb	<http://ids.clld.org/values/1-830-283-1>		<http://ids.clld.org/parameters/1-830>		<http://ids.clld.org/values/1-830-823-1>		"kahɔ:j.3"@scb-x-rucc1239	
"nãmo"@cyb	<http://ids.clld.org/values/1-830-283-1>		<http://ids.clld.org/parameters/1-830>		<http://ids.clld.org/values/1-830-823-2>		"camaŋ.1"@scb-x-rucc1239	
"nãmo"@cyb	<http://ids.clld.org/values/1-830-283-1>		<http://ids.clld.org/parameters/1-830>		<http://ids.clld.org/values/1-830-823-3>		"patj.1"@scb-x-rucc1239	
"'dačuču"@cyb	<http://ids.clld.org/values/1-362-283-1>		<http://ids.clld.org/parameters/1-362>		<http://ids.clld.org/values/1-362-823-1>		"da:k.3 thuəj.3"@scb-x-rucc1239	
"'ki-asi"@cyb	<http://ids.clld.org/values/2-210-283-1>		<http://ids.clld.org/parameters/2-210>		<http://ids.clld.org/values/2-210-823-1>		"puku:ń.3"@scb-x-rucc1239	
"čãrãrã"@cyb	<http://ids.clld.org/values/1-560-283-1>		<http://ids.clld.org/parameters/1-560>		<http://ids.clld.org/values/1-560-823-1>		"krɨ:m.4"@scb-x-rucc1239	
"rɔmi"@cyb	<http://ids.clld.org/values/2-270-283-3>		<http://ids.clld.org/parameters/2-270>		<http://ids.clld.org/values/2-270-823-1>		"kɔ:n.1"@scb-x-rucc1239	
"da-bo ~ do-bo"@cyb	<http://ids.clld.org/values/1-750-283-1>		<http://ids.clld.org/parameters/1-750>		<http://ids.clld.org/values/1-750-823-1>		"kəməa.2"@scb-x-rucc1239	
"tɔpɔ-rɔ"@cyb	<http://ids.clld.org/values/1-852-283-3>		<http://ids.clld.org/parameters/1-852>		<http://ids.clld.org/values/1-852-823-1>		"kɨcɔh.1"@scb-x-rucc1239	
"ta"@cyb	<http://ids.clld.org/values/1-310-283-1>		<http://ids.clld.org/parameters/1-310>		<http://ids.clld.org/values/1-310-823-1>		"da:k.3"@scb-x-rucc1239	
"papa"@cyb	<http://ids.clld.org/values/2-350-283-1>		<http://ids.clld.org/parameters/2-350>		<http://ids.clld.org/values/2-350-823-1>		"pɨ.4"@scb-x-rucc1239	
"ritidaɨ"@cyb	<http://ids.clld.org/values/1-740-283-3>		<http://ids.clld.org/parameters/1-740>		<http://ids.clld.org/values/1-740-823-1>		"tulu:k.3"@scb-x-rucc1239	
"meiǰu'ǰa-βaβa"@cyb	<http://ids.clld.org/values/2-560-283-1>		<http://ids.clld.org/parameters/2-560>		<http://ids.clld.org/values/2-560-823-1>		"ʔo:ŋ.1 pluok.4"@scb-x-rucc1239	
"ɲe'tikɨ"@cyb	<http://ids.clld.org/values/2-530-283-3>		<http://ids.clld.org/parameters/2-530>		<http://ids.clld.org/values/2-530-823-1>		"cw.3"@scb-x-rucc1239	
"tɔrene ~ tɔ̃rene"@cyb	<http://ids.clld.org/values/2-220-283-1>		<http://ids.clld.org/parameters/2-220>		<http://ids.clld.org/values/2-220-823-1>		"pukj.3"@scb-x-rucc1239	
"'rããre ~ rãrẽ"@cyb	<http://ids.clld.org/values/1-530-283-1>		<http://ids.clld.org/parameters/1-530>		<http://ids.clld.org/values/1-530-823-1>		"puləan.2"@scb-x-rucc1239	
"βe'rakoho"@cyb	<http://ids.clld.org/values/1-640-283-1>		<http://ids.clld.org/parameters/1-640>		<http://ids.clld.org/values/1-640-823-1>		"da:k.3 mw.2"@scb-x-rucc1239	
"sopi"@cyb	<http://ids.clld.org/values/2-420-283-1>		<http://ids.clld.org/parameters/2-420>		<http://ids.clld.org/values/2-420-823-1>		"kɔ:n.1 pukj.3"@scb-x-rucc1239	
"čɔčɔkɔ"@cyb	<http://ids.clld.org/values/1-840-283-1>		<http://ids.clld.org/parameters/1-840>		<http://ids.clld.org/values/1-840-823-1>		"tapeh.1"@scb-x-rucc1239	
"mačahaɨ"@cyb	<http://ids.clld.org/values/2-250-283-1>		<http://ids.clld.org/parameters/2-250>		<http://ids.clld.org/values/2-250-823-1>		"ba:w.1"@scb-x-rucc1239	
"βada-po"@cyb	<http://ids.clld.org/values/2-444-283-1>		<http://ids.clld.org/parameters/2-444>		<http://ids.clld.org/values/2-444-823-1>		"məaŋ.4"@scb-x-rucc1239	
"tæk-"@cyb	<http://ids.clld.org/values/2-470-283-1>		<http://ids.clld.org/parameters/2-470>		<http://ids.clld.org/values/2-470-823-1>		"za.1"@scb-x-rucc1239	
"tæk-"@cyb	<http://ids.clld.org/values/2-470-283-1>		<http://ids.clld.org/parameters/2-470>		<http://ids.clld.org/values/2-470-823-2>		"na:j.1"@scb-x-rucc1239	
"data"@cyb	<http://ids.clld.org/values/1-810-283-1>		<http://ids.clld.org/parameters/1-810>		<http://ids.clld.org/values/1-810-823-1>		"ku:r.1"@scb-x-rucc1239	
"'kiasi"@cyb	<http://ids.clld.org/values/2-461-283-3>		<http://ids.clld.org/parameters/2-461>		<http://ids.clld.org/values/2-461-823-1>		"ʔo:ŋ.1 kuməʌk.4"@scb-x-rucc1239	
"ka-te-ri"@cyb	<http://ids.clld.org/values/2-310-283-1>		<http://ids.clld.org/parameters/2-310>		<http://ids.clld.org/values/2-310-823-1>		"məku:ń.3"@scb-x-rucc1239	
"takasi-'tɔrene"@cyb	<http://ids.clld.org/values/2-471-283-1>		<http://ids.clld.org/parameters/2-471>		<http://ids.clld.org/values/2-471-823-1>		"moɔ.4 kuməʌk.4"@scb-x-rucc1239	
"čepe-"@cyb	<http://ids.clld.org/values/17-560-283-1>		<http://ids.clld.org/parameters/17-560>		<http://ids.clld.org/values/17-560-823-1>		"lata.3"@scb-x-rucc1239	
"rabɨbɨrɨ"@cyb	<http://ids.clld.org/values/1-270-283-1>		<http://ids.clld.org/parameters/1-270>		<http://ids.clld.org/values/1-270-823-1>		"kupə:ŋ.1"@scb-x-rucc1239	
"te"@cyb	<http://ids.clld.org/values/2-310-283-3>		<http://ids.clld.org/parameters/2-310>		<http://ids.clld.org/values/2-310-823-1>		"məku:ń.3"@scb-x-rucc1239	
"rɨrɨ"@cyb	<http://ids.clld.org/values/4-760-283-1>		<http://ids.clld.org/parameters/4-760>		<http://ids.clld.org/values/4-760-823-1>		"kacit"@scb-x-rucc1239	
"da'βukue"@cyb	<http://ids.clld.org/values/1-720-283-1>		<http://ids.clld.org/parameters/1-720>		<http://ids.clld.org/values/1-720-823-1>		"kajɔ.3"@scb-x-rucc1239	
