"naβa ~ 'nããβã"@cyb	<http://ids.clld.org/values/3-610-283-1>		<http://ids.clld.org/parameters/3-610>		<http://ids.clld.org/values/3-610-174-1>		"sɨ̄ʔna"@mch	
"'ǰuǰu"@cyb	<http://ids.clld.org/values/3-760-283-1>		<http://ids.clld.org/parameters/3-760>		<http://ids.clld.org/values/3-760-174-1>		"yadākadu"@mch	
"tætæ"@cyb	<http://ids.clld.org/values/2-470-283-5>		<http://ids.clld.org/parameters/2-470>		<http://ids.clld.org/values/2-470-174-1>		"-tamū-du"@mch	
"'tedede"@cyb	<http://ids.clld.org/values/19-240-283-3>		<http://ids.clld.org/parameters/19-240>		<http://ids.clld.org/values/19-240-174-1>		"ədāhə"@mch	
"'dædæpæ"@cyb	<http://ids.clld.org/values/5-700-283-1>		<http://ids.clld.org/parameters/5-700>		<http://ids.clld.org/values/5-700-174-1>		"šāku"@mch	
"taču"@cyb	<http://ids.clld.org/values/5-260-283-3>		<http://ids.clld.org/parameters/5-260>		<http://ids.clld.org/values/5-260-174-1>		"ədinɲə"@mch	
"ǰɨkɨrɨ"@cyb	<http://ids.clld.org/values/4-910-283-1>		<http://ids.clld.org/parameters/4-910>		<http://ids.clld.org/values/4-910-174-1>		"tɨkinča"@mch	
"uhi"@cyb	<http://ids.clld.org/values/10-470-283-5>		<http://ids.clld.org/parameters/10-470>		<http://ids.clld.org/values/10-470-174-1>		"wɨʔtə̄-nə"@mch	
"ɨ"@cyb	<http://ids.clld.org/values/16-370-283-5>		<http://ids.clld.org/parameters/16-370>		<http://ids.clld.org/values/16-370-174-1>		"w-amo-nə"@mch	
"maka"@cyb	<http://ids.clld.org/values/1-520-283-1>		<http://ids.clld.org/parameters/1-520>		<http://ids.clld.org/values/1-520-174-1>		"šī"@mch	
"rɔtɔ"@cyb	<http://ids.clld.org/values/10-610-283-5>		<http://ids.clld.org/parameters/10-610>		<http://ids.clld.org/values/10-610-174-1>		"-adə̄-"@mch	
"opa"@cyb	<http://ids.clld.org/values/5-210-283-3>		<http://ids.clld.org/parameters/5-210>		<http://ids.clld.org/values/5-210-174-1>		"-aʔnə"@mch	
"bɨtɨ"@cyb	<http://ids.clld.org/values/9-160-283-1>		<http://ids.clld.org/parameters/9-160>		<http://ids.clld.org/values/9-160-174-1>		"imɨdɨ"@mch	
"čeire ~ čeiræ"@cyb	<http://ids.clld.org/values/22-350-283-1>		<http://ids.clld.org/parameters/22-350>		<http://ids.clld.org/values/22-350-174-1>		"kahūšawa"@mch	
"huruβu"@cyb	<http://ids.clld.org/values/10-380-283-1>		<http://ids.clld.org/parameters/10-380>		<http://ids.clld.org/values/10-380-174-1>		"yaičumā-dɨ"@mch	
"mihæ"@cyb	<http://ids.clld.org/values/17-150-283-5>		<http://ids.clld.org/parameters/17-150>		<http://ids.clld.org/values/17-150-174-1>		"-ekanɨhɨ-dɨ"@mch	
"čepɔ"@cyb	<http://ids.clld.org/values/12-50-283-1>		<http://ids.clld.org/parameters/12-50>		<http://ids.clld.org/values/12-50-174-3>		"anwaʔka"@mch	
"čepɔ"@cyb	<http://ids.clld.org/values/12-50-283-1>		<http://ids.clld.org/parameters/12-50>		<http://ids.clld.org/values/12-50-174-1>		"aʔka"@mch	
"ɨrɨ"@cyb	<http://ids.clld.org/values/16-370-283-1>		<http://ids.clld.org/parameters/16-370>		<http://ids.clld.org/values/16-370-174-1>		"w-amo-nə"@mch	
"dai"@cyb	<http://ids.clld.org/values/4-270-283-1>		<http://ids.clld.org/parameters/4-270>		<http://ids.clld.org/values/4-270-174-1>		"dedɨ"@mch	
"βuru"@cyb	<http://ids.clld.org/values/10-380-283-3>		<http://ids.clld.org/parameters/10-380>		<http://ids.clld.org/values/10-380-174-1>		"yaičumā-dɨ"@mch	
"uataka"@cyb	<http://ids.clld.org/values/4-570-283-1>		<http://ids.clld.org/parameters/4-570>		<http://ids.clld.org/values/4-570-174-1>		"wenaʔtahəʔeʔnə"@mch	
"kita"@cyb	<http://ids.clld.org/values/1-310-283-3>		<http://ids.clld.org/parameters/1-310>		<http://ids.clld.org/values/1-310-174-1>		"tuna"@mch	
"'bææha"@cyb	<http://ids.clld.org/values/3-740-283-1>		<http://ids.clld.org/parameters/3-740>		<http://ids.clld.org/values/3-740-174-1>		"awadudi"@mch	
"bača"@cyb	<http://ids.clld.org/values/18-210-283-1>		<http://ids.clld.org/parameters/18-210>		<http://ids.clld.org/values/18-210-174-1>		"w-aʔdew-nə"@mch	
"tete"@cyb	<http://ids.clld.org/values/2-520-283-3>		<http://ids.clld.org/parameters/2-520>		<http://ids.clld.org/values/2-520-174-1>		"waynɲeʔney"@mch	
"pa'boreha"@cyb	<http://ids.clld.org/values/15-640-283-1>		<http://ids.clld.org/parameters/15-640>		<http://ids.clld.org/values/15-640-174-1>		"təʔkeʔne"@mch	
"karata"@cyb	<http://ids.clld.org/values/13-10-283-1>		<http://ids.clld.org/parameters/13-10>		<http://ids.clld.org/values/13-10-174-1>		"tōni"@mch	
"bɔča"@cyb	<http://ids.clld.org/values/10-550-283-1>		<http://ids.clld.org/parameters/10-550>		<http://ids.clld.org/values/10-550-174-1>		"w-əʔdɨ-nə"@mch	
"ko'koi"@cyb	<http://ids.clld.org/values/3-585-283-1>		<http://ids.clld.org/parameters/3-585>		<http://ids.clld.org/values/3-585-174-1>		"hiyāna"@mch	
"ko"@cyb	<http://ids.clld.org/values/11-320-283-1>		<http://ids.clld.org/parameters/11-320>		<http://ids.clld.org/values/11-320-174-1>		"edantə-dɨ"@mch	
"'bɔčipe"@cyb	<http://ids.clld.org/values/17-640-283-3>		<http://ids.clld.org/parameters/17-640>		<http://ids.clld.org/values/17-640-174-1>		"ākene"@mch	
"-tui"@cyb	<http://ids.clld.org/values/12-80-283-1>		<http://ids.clld.org/parameters/12-80>		<http://ids.clld.org/values/12-80-174-1>		"kawə̄"@mch	
"ɲohe"@cyb	<http://ids.clld.org/values/9-190-283-3>		<http://ids.clld.org/parameters/9-190>		<http://ids.clld.org/values/9-190-174-1>		"āʔto"@mch	
"raɲukũ"@cyb	<http://ids.clld.org/values/7-510-283-1>		<http://ids.clld.org/parameters/7-510>		<http://ids.clld.org/values/7-510-174-1>		"aməʔhɨdɨ"@mch	
"tɔpɔ"@cyb	<http://ids.clld.org/values/1-852-283-1>		<http://ids.clld.org/parameters/1-852>		<http://ids.clld.org/values/1-852-174-1>		"daʔtwa-dɨ"@mch	
"yarua"@cyb	<http://ids.clld.org/values/4-750-283-5>		<http://ids.clld.org/parameters/4-750>		<http://ids.clld.org/values/4-750-174-1>		"-əma-"@mch	
"tɨnɨnɨ"@cyb	<http://ids.clld.org/values/15-890-283-1>		<http://ids.clld.org/parameters/15-890>		<http://ids.clld.org/values/15-890-174-1>		"deyude"@mch	
"'βeβere"@cyb	<http://ids.clld.org/values/10-460-283-3>		<http://ids.clld.org/parameters/10-460>		<http://ids.clld.org/values/10-460-174-1>		"w-ekaʔtɨn-nə"@mch	
"rɨ"@cyb	<http://ids.clld.org/values/10-210-283-1>		<http://ids.clld.org/parameters/10-210>		<http://ids.clld.org/values/10-210-174-1>		"w-ənuʔnə"@mch	
"me'ačae"@cyb	<http://ids.clld.org/values/17-680-283-1>		<http://ids.clld.org/parameters/17-680>		<http://ids.clld.org/values/17-680-174-1>		"ənə̄kɨ"@mch	
"raupu"@cyb	<http://ids.clld.org/values/20-240-283-1>		<http://ids.clld.org/parameters/20-240>		<http://ids.clld.org/values/20-240-174-1>		"šimāda ehɨ̄dɨ"@mch	
"to"@cyb	<http://ids.clld.org/values/8-531-283-3>		<http://ids.clld.org/parameters/8-531>		<http://ids.clld.org/values/8-531-174-1>		"aiʔčɨdɨ"@mch	
"ɲa'daβɨdɨ"@cyb	<http://ids.clld.org/values/5-821-283-5>		<http://ids.clld.org/parameters/5-821>		<http://ids.clld.org/values/5-821-174-1>		"homi"@mch	
"pea"@cyb	<http://ids.clld.org/values/10-620-283-9>		<http://ids.clld.org/parameters/10-620>		<http://ids.clld.org/values/10-620-174-1>		"-enehɨ"@mch	
"dei"@cyb	<http://ids.clld.org/values/19-470-283-3>		<http://ids.clld.org/parameters/19-470>		<http://ids.clld.org/values/19-470-174-1>		"tɨdɨho-dɨ"@mch	
"haɲuhi"@cyb	<http://ids.clld.org/values/10-620-283-5>		<http://ids.clld.org/parameters/10-620>		<http://ids.clld.org/values/10-620-174-1>		"-enehɨ"@mch	
"ni ~ ɲi"@cyb	<http://ids.clld.org/values/5-110-283-3>		<http://ids.clld.org/parameters/5-110>		<http://ids.clld.org/values/5-110-174-1>		"wowašīnčənə"@mch	
"o'rehaæ"@cyb	<http://ids.clld.org/values/5-140-283-1>		<http://ids.clld.org/parameters/5-140>		<http://ids.clld.org/values/5-140-174-1>		"əmīhe"@mch	
"ɲæ'ra-nãre"@cyb	<http://ids.clld.org/values/1-410-283-3>		<http://ids.clld.org/parameters/1-410>		<http://ids.clld.org/values/1-410-174-1>		"čūta"@mch	
"'bɔrɔča"@cyb	<http://ids.clld.org/values/3-592-283-1>		<http://ids.clld.org/parameters/3-592>		<http://ids.clld.org/values/3-592-174-1>		"[dodo]"@mch	
"kɨnæræ"@cyb	<http://ids.clld.org/values/3-820-283-1>		<http://ids.clld.org/parameters/3-820>		<http://ids.clld.org/values/3-820-174-1>		"wannə"@mch	
"ranihe"@cyb	<http://ids.clld.org/values/1-720-283-3>		<http://ids.clld.org/parameters/1-720>		<http://ids.clld.org/values/1-720-174-1>		"hehēnčə"@mch	
"bada"@cyb	<http://ids.clld.org/values/3-980-283-1>		<http://ids.clld.org/parameters/3-980>		<http://ids.clld.org/values/3-980-174-1>		"heʔde"@mch	
"re'reβe"@cyb	<http://ids.clld.org/values/15-570-283-1>		<http://ids.clld.org/parameters/15-570>		<http://ids.clld.org/values/15-570-174-1>		"taʔwane"@mch	
"'ruari"@cyb	<http://ids.clld.org/values/20-610-283-3>		<http://ids.clld.org/parameters/20-610>		<http://ids.clld.org/values/20-610-174-1>		"emanɲuhɨdɨ"@mch	
"ɲaɲa"@cyb	<http://ids.clld.org/values/14-310-283-1>		<http://ids.clld.org/parameters/14-310>		<http://ids.clld.org/values/14-310-174-1>		"wenēne"@mch	
"reɲe"@cyb	<http://ids.clld.org/values/4-860-283-3>		<http://ids.clld.org/parameters/4-860>		<http://ids.clld.org/values/4-860-174-1>		"adonkadɨ"@mch	
"da'duhu-ǰe"@cyb	<http://ids.clld.org/values/8-920-283-1>		<http://ids.clld.org/parameters/8-920>		<http://ids.clld.org/values/8-920-174-1>		"kɨdēde"@mch	
"ramoha ~ ramohe"@cyb	<http://ids.clld.org/values/15-880-283-1>		<http://ids.clld.org/parameters/15-880>		<http://ids.clld.org/values/15-880-174-1>		"nossahe"@mch	
"'mahãne"@cyb	<http://ids.clld.org/values/3-760-283-3>		<http://ids.clld.org/parameters/3-760>		<http://ids.clld.org/values/3-760-174-1>		"yadākadu"@mch	
"kɨβɨ"@cyb	<http://ids.clld.org/values/16-670-283-1>		<http://ids.clld.org/parameters/16-670>		<http://ids.clld.org/values/16-670-174-1>		"-enkutə-"@mch	
"tičɔ"@cyb	<http://ids.clld.org/values/9-260-283-3>		<http://ids.clld.org/parameters/9-260>		<http://ids.clld.org/values/9-260-174-1>		"-išiča-dɨ"@mch	
"namono"@cyb	<http://ids.clld.org/values/3-630-283-1>		<http://ids.clld.org/parameters/3-630>		<http://ids.clld.org/values/3-630-174-1>		"asɨ̄kɨ"@mch	
"ra'uβaβa"@cyb	<http://ids.clld.org/values/1-540-283-3>		<http://ids.clld.org/parameters/1-540>		<http://ids.clld.org/values/1-540-174-1>		"šidīčə"@mch	
"βaβa"@cyb	<http://ids.clld.org/values/2-460-283-1>		<http://ids.clld.org/parameters/2-460>		<http://ids.clld.org/values/2-460-174-1>		"kōko"@mch	
"ra-βoha"@cyb	<http://ids.clld.org/values/12-440-283-3>		<http://ids.clld.org/parameters/12-440>		<http://ids.clld.org/values/12-440-174-1>		"amoinče"@mch	
"ǰi'aure"@cyb	<http://ids.clld.org/values/14-180-283-1>		<http://ids.clld.org/parameters/14-180>		<http://ids.clld.org/values/14-180-174-1>		"edūwa"@mch	
"ha'reipa"@cyb	<http://ids.clld.org/values/15-840-283-1>		<http://ids.clld.org/parameters/15-840>		<http://ids.clld.org/values/15-840-174-1>		"ssedēhe"@mch	
"bɔkɔ"@cyb	<http://ids.clld.org/values/1-730-283-1>		<http://ids.clld.org/parameters/1-730>		<http://ids.clld.org/values/1-730-174-1>		"kāʔdutu"@mch	
"mũkũrũ"@cyb	<http://ids.clld.org/values/5-120-283-3>		<http://ids.clld.org/parameters/5-120>		<http://ids.clld.org/values/5-120-174-1>		"mudūkuku"@mch	
"koβoβo"@cyb	<http://ids.clld.org/values/5-280-283-1>		<http://ids.clld.org/parameters/5-280>		<http://ids.clld.org/values/5-280-174-1>		"ʔtadī-yɨ"@mch	
"'naamõ"@cyb	<http://ids.clld.org/values/1-830-283-3>		<http://ids.clld.org/parameters/1-830>		<http://ids.clld.org/values/1-830-174-1>		"widīnčə"@mch	
"do'remaka"@cyb	<http://ids.clld.org/values/14-730-283-1>		<http://ids.clld.org/parameters/14-730>		<http://ids.clld.org/values/14-730-174-1>		"wedɨ"@mch	
"ča"@cyb	<http://ids.clld.org/values/4-240-283-1>		<http://ids.clld.org/parameters/4-240>		<http://ids.clld.org/values/4-240-174-1>		"ənta"@mch	
"yaβiha ~ yaβisa"@cyb	<http://ids.clld.org/values/15-850-283-3>		<http://ids.clld.org/parameters/15-850>		<http://ids.clld.org/values/15-850-174-1>		"taʔne"@mch	
"haa"@cyb	<http://ids.clld.org/values/17-550-283-1>		<http://ids.clld.org/parameters/17-550>		<http://ids.clld.org/values/17-550-174-3>		"mmhm"@mch	
"haa"@cyb	<http://ids.clld.org/values/17-550-283-1>		<http://ids.clld.org/parameters/17-550>		<http://ids.clld.org/values/17-550-174-1>		"ʔeee"@mch	
"-čeče"@cyb	<http://ids.clld.org/values/12-550-283-1>		<http://ids.clld.org/parameters/12-550>		<http://ids.clld.org/values/12-550-174-1>		"nuwe"@mch	
"'da-ru"@cyb	<http://ids.clld.org/values/4-330-283-3>		<http://ids.clld.org/parameters/4-330>		<http://ids.clld.org/values/4-330-174-1>		"amō-dɨ"@mch	
"koroβoβo"@cyb	<http://ids.clld.org/values/12-810-283-1>		<http://ids.clld.org/parameters/12-810>		<http://ids.clld.org/values/12-810-174-1>		"kokkoduhaʔto"@mch	
"'yaraɨ"@cyb	<http://ids.clld.org/values/14-420-283-5>		<http://ids.clld.org/parameters/14-420>		<http://ids.clld.org/values/14-420-174-1>		"čomomɨ̄dɨ"@mch	
"haræbæ"@cyb	<http://ids.clld.org/values/18-130-283-3>		<http://ids.clld.org/parameters/18-130>		<http://ids.clld.org/values/18-130-174-1>		"kəʔtɨn-nə"@mch	
"pɨc��a"@cyb	<http://ids.clld.org/values/11-810-283-1>		<http://ids.clld.org/parameters/11-810>		<http://ids.clld.org/values/11-810-174-1>		"ehēma-dɨ"@mch	
"ra'dɨβɨrɨ"@cyb	<http://ids.clld.org/values/5-380-283-3>		<http://ids.clld.org/parameters/5-380>		<http://ids.clld.org/values/5-380-174-1>		"kɨmɨʔkə"@mch	
"bapa"@cyb	<http://ids.clld.org/values/2-350-283-3>		<http://ids.clld.org/parameters/2-350>		<http://ids.clld.org/values/2-350-174-1>		"haha"@mch	
"'rɔɔre"@cyb	<http://ids.clld.org/values/5-140-283-5>		<http://ids.clld.org/parameters/5-140>		<http://ids.clld.org/values/5-140-174-1>		"əmīhe"@mch	
"bi"@cyb	<http://ids.clld.org/values/4-720-283-1>		<http://ids.clld.org/parameters/4-720>		<http://ids.clld.org/values/4-720-174-1>		"w-ennu-nə"@mch	
"ǰuke"@cyb	<http://ids.clld.org/values/1-250-283-1>		<http://ids.clld.org/parameters/1-250>		<http://ids.clld.org/values/1-250-174-1>		"dantadɨ"@mch	
"a-"@cyb	<http://ids.clld.org/values/2-910-283-3>		<http://ids.clld.org/parameters/2-910>		<http://ids.clld.org/values/2-910-174-1>		"ɨwɨ"@mch	
"ɲakai'æǰahɨ"@cyb	<http://ids.clld.org/values/10-230-283-5>		<http://ids.clld.org/parameters/10-230>		<http://ids.clld.org/values/10-230-174-1>		"w-eduka-nə"@mch	
"upe ~ upæ"@cyb	<http://ids.clld.org/values/8-680-283-1>		<http://ids.clld.org/parameters/8-680>		<http://ids.clld.org/values/8-680-174-1>		"kawai"@mch	
"'pipɨdɨ"@cyb	<http://ids.clld.org/values/1-410-283-1>		<http://ids.clld.org/parameters/1-410>		<http://ids.clld.org/values/1-410-174-1>		"čūta"@mch	
"tɨrɨ-βa"@cyb	<http://ids.clld.org/values/4-150-283-3>		<http://ids.clld.org/parameters/4-150>		<http://ids.clld.org/values/4-150-174-1>		"munu"@mch	
"paɲa-hi"@cyb	<http://ids.clld.org/values/11-140-283-5>		<http://ids.clld.org/parameters/11-140>		<http://ids.clld.org/values/11-140-174-1>		"-ahəi-"@mch	
"hãkẽ"@cyb	<http://ids.clld.org/values/10-440-283-1>		<http://ids.clld.org/parameters/10-440>		<http://ids.clld.org/values/10-440-174-1>		"-ənwa-"@mch	
"[ta'taruga]"@cyb	<http://ids.clld.org/values/3-980-283-3>		<http://ids.clld.org/parameters/3-980>		<http://ids.clld.org/values/3-980-174-1>		"heʔde"@mch	
"bɔ̃kɔ̃ ~ βoko"@cyb	<http://ids.clld.org/values/6-110-283-1>		<http://ids.clld.org/parameters/6-110>		<http://ids.clld.org/values/6-110-174-1>		"wewontənə"@mch	
"ha-'kohi-če"@cyb	<http://ids.clld.org/values/17-130-283-3>		<http://ids.clld.org/parameters/17-130>		<http://ids.clld.org/values/17-130-174-1>		"tɨtahə-nə"@mch	
"r-"@cyb	<http://ids.clld.org/values/2-930-283-1>		<http://ids.clld.org/parameters/2-930>		<http://ids.clld.org/values/2-930-174-1>		"tɨwɨ"@mch	
"tææ ~ tæræ"@cyb	<http://ids.clld.org/values/5-810-283-3>		<http://ids.clld.org/parameters/5-810>		<http://ids.clld.org/values/5-810-174-1>		"[sayu]"@mch	
"ma'miasi"@cyb	<http://ids.clld.org/values/2-251-283-1>		<http://ids.clld.org/parameters/2-251>		<http://ids.clld.org/values/2-251-174-1>		"mudēši"@mch	
"hiiki ~ hiki"@cyb	<http://ids.clld.org/values/8-470-283-3>		<http://ids.clld.org/parameters/8-470>		<http://ids.clld.org/values/8-470-174-1>		"ənɲa"@mch	
"bo"@cyb	<http://ids.clld.org/values/1-750-283-3>		<http://ids.clld.org/parameters/1-750>		<http://ids.clld.org/values/1-750-174-1>		"konōho"@mch	
"βõβõ'βoa"@cyb	<http://ids.clld.org/values/15-630-283-1>		<http://ids.clld.org/parameters/15-630>		<http://ids.clld.org/values/15-630-174-1>		"tɨhe"@mch	
"čoka"@cyb	<http://ids.clld.org/values/10-480-283-3>		<http://ids.clld.org/parameters/10-480>		<http://ids.clld.org/values/10-480-174-1>		"w-eʔ-nə"@mch	
"ki-kuri"@cyb	<http://ids.clld.org/values/1-330-283-3>		<http://ids.clld.org/parameters/1-330>		<http://ids.clld.org/values/1-330-174-1>		"čūʔhə"@mch	
"ɲečɔ"@cyb	<http://ids.clld.org/values/12-440-283-5>		<http://ids.clld.org/parameters/12-440>		<http://ids.clld.org/values/12-440-174-1>		"amoinče"@mch	
"βaro"@cyb	<http://ids.clld.org/values/3-592-283-3>		<http://ids.clld.org/parameters/3-592>		<http://ids.clld.org/values/3-592-174-1>		"[dodo]"@mch	
"nãnãka ~ nanaka"@cyb	<http://ids.clld.org/values/10-710-283-1>		<http://ids.clld.org/parameters/10-710>		<http://ids.clld.org/values/10-710-174-1>		"ə̄ma"@mch	
"ča'rakaha"@cyb	<http://ids.clld.org/values/12-650-283-1>		<http://ids.clld.org/parameters/12-650>		<http://ids.clld.org/values/12-650-174-1>		"sāʔtahe"@mch	
"ra-βɨrɨ"@cyb	<http://ids.clld.org/values/15-780-283-3>		<http://ids.clld.org/parameters/15-780>		<http://ids.clld.org/values/15-780-174-1>		"ākə̄tədɨ"@mch	
"ki-ri-'arama"@cyb	<http://ids.clld.org/values/14-410-283-3>		<http://ids.clld.org/parameters/14-410>		<http://ids.clld.org/values/14-410-174-1>		"anə̄to"@mch	
"ɲe'ritæpæ"@cyb	<http://ids.clld.org/values/4-392-283-1>		<http://ids.clld.org/parameters/4-392>		<http://ids.clld.org/values/4-392-174-1>		"ahəʔsai"@mch	
"kisi-ɲama"@cyb	<http://ids.clld.org/values/8-410-283-5>		<http://ids.clld.org/parameters/8-410>		<http://ids.clld.org/values/8-410-174-1>		"inɲatɨʔtə̄dɨ"@mch	
"popo"@cyb	<http://ids.clld.org/values/3-570-283-1>		<http://ids.clld.org/parameters/3-570>		<http://ids.clld.org/values/3-570-174-1>		"[hātu]"@mch	
"he"@cyb	<http://ids.clld.org/values/4-370-283-1>		<http://ids.clld.org/parameters/4-370>		<http://ids.clld.org/values/4-370-174-1>		"hūdu"@mch	
"kãhẽ"@cyb	<http://ids.clld.org/values/12-50-283-3>		<http://ids.clld.org/parameters/12-50>		<http://ids.clld.org/values/12-50-174-3>		"anwaʔka"@mch	
"kãhẽ"@cyb	<http://ids.clld.org/values/12-50-283-3>		<http://ids.clld.org/parameters/12-50>		<http://ids.clld.org/values/12-50-174-1>		"aʔka"@mch	
"rɨ̃hẽ ... uaβ-a"@cyb	<http://ids.clld.org/values/16-110-283-1>		<http://ids.clld.org/parameters/16-110>		<http://ids.clld.org/values/16-110-174-1>		"dōʔta"@mch	
"si'karera"@cyb	<http://ids.clld.org/values/7-370-283-1>		<http://ids.clld.org/parameters/7-370>		<http://ids.clld.org/values/7-370-174-1>		"inɲahuʔtahə"@mch	
"hɨ"@cyb	<http://ids.clld.org/values/5-125-283-3>		<http://ids.clld.org/parameters/5-125>		<http://ids.clld.org/values/5-125-174-1>		"čə̄tāhə"@mch	
"či'tæmɔre ~ i'tæmɔ̃ræ"@cyb	<http://ids.clld.org/values/2-480-283-1>		<http://ids.clld.org/parameters/2-480>		<http://ids.clld.org/values/2-480-174-1>		"hādɨ"@mch	
"ki-'arama"@cyb	<http://ids.clld.org/values/14-410-283-1>		<http://ids.clld.org/parameters/14-410>		<http://ids.clld.org/values/14-410-174-1>		"anə̄to"@mch	
"piæɲi"@cyb	<http://ids.clld.org/values/4-280-283-1>		<http://ids.clld.org/parameters/4-280>		<http://ids.clld.org/values/4-280-174-1>		"hɨ̄mɨ"@mch	
"čoroβo"@cyb	<http://ids.clld.org/values/3-594-283-1>		<http://ids.clld.org/parameters/3-594>		<http://ids.clld.org/values/3-594-174-1>		"hadūma"@mch	
"rãtũtũ"@cyb	<http://ids.clld.org/values/8-940-283-1>		<http://ids.clld.org/parameters/8-940>		<http://ids.clld.org/values/8-940-174-1>		"dahu"@mch	
"paɲa ~ pãɲa"@cyb	<http://ids.clld.org/values/11-140-283-3>		<http://ids.clld.org/parameters/11-140>		<http://ids.clld.org/values/11-140-174-1>		"-ahəi-"@mch	
"mara'βariki"@cyb	<http://ids.clld.org/values/13-170-283-3>		<http://ids.clld.org/parameters/13-170>		<http://ids.clld.org/values/13-170-174-1>		"ākəʔkə"@mch	
"'βarie"@cyb	<http://ids.clld.org/values/8-311-283-1>		<http://ids.clld.org/parameters/8-311>		<http://ids.clld.org/values/8-311-174-1>		"čə̄huʔhə"@mch	
"ɲoro"@cyb	<http://ids.clld.org/values/14-250-283-3>		<http://ids.clld.org/parameters/14-250>		<http://ids.clld.org/values/14-250-174-1>		"ahəntədɨ"@mch	
"da-iti"@cyb	<http://ids.clld.org/values/2-360-283-1>		<http://ids.clld.org/parameters/2-360>		<http://ids.clld.org/values/2-360-174-1>		"denɨ"@mch	
"dabe"@cyb	<http://ids.clld.org/values/1-310-283-5>		<http://ids.clld.org/parameters/1-310>		<http://ids.clld.org/values/1-310-174-1>		"tuna"@mch	
"ramɨhɨ"@cyb	<http://ids.clld.org/values/15-210-283-3>		<http://ids.clld.org/parameters/15-210>		<http://ids.clld.org/values/15-210-174-1>		"hyoʔhōdɨ"@mch	
"rɔmi-hæ"@cyb	<http://ids.clld.org/values/5-970-283-3>		<http://ids.clld.org/parameters/5-970>		<http://ids.clld.org/values/5-970-174-1>		"iʔmoi"@mch	
"-ri"@cyb	<http://ids.clld.org/values/2-910-283-5>		<http://ids.clld.org/parameters/2-910>		<http://ids.clld.org/values/2-910-174-1>		"ɨwɨ"@mch	
"tui-"@cyb	<http://ids.clld.org/values/12-330-283-1>		<http://ids.clld.org/parameters/12-330>		<http://ids.clld.org/values/12-330-174-1>		"akoiʔčaʔhɨdɨ"@mch	
"koho ~ kɔhɔ"@cyb	<http://ids.clld.org/values/9-890-283-1>		<http://ids.clld.org/parameters/9-890>		<http://ids.clld.org/values/9-890-174-1>		"wemānʔa"@mch	
"dapa"@cyb	<http://ids.clld.org/values/10-831-283-1>		<http://ids.clld.org/parameters/10-831>		<http://ids.clld.org/values/10-831-174-1>		"[kanowa]"@mch	
"itɔɲɔ"@cyb	<http://ids.clld.org/values/18-120-283-1>		<http://ids.clld.org/parameters/18-120>		<http://ids.clld.org/values/18-120-174-1>		"we[kantā]ʔɲənə"@mch	
"dapoa"@cyb	<http://ids.clld.org/values/2-100-283-3>		<http://ids.clld.org/parameters/2-100>		<http://ids.clld.org/values/2-100-174-1>		"ssoto"@mch	
"pir- ~ ipir- ~ pri-"@cyb	<http://ids.clld.org/values/2-950-283-1>		<http://ids.clld.org/parameters/2-950>		<http://ids.clld.org/values/2-950-174-1>		"ənwanno"@mch	
"beke"@cyb	<http://ids.clld.org/values/17-170-283-1>		<http://ids.clld.org/parameters/17-170>		<http://ids.clld.org/values/17-170-174-1>		"t-owanəkə t-ɨdɨ-dɨ"@mch	
"rɨhɨ"@cyb	<http://ids.clld.org/values/10-210-283-3>		<http://ids.clld.org/parameters/10-210>		<http://ids.clld.org/values/10-210-174-1>		"w-ənuʔnə"@mch	
"βada-čao"@cyb	<http://ids.clld.org/values/2-445-283-1>		<http://ids.clld.org/parameters/2-445>		<http://ids.clld.org/values/2-445-174-1>		"šīʔčɨ"@mch	
"βa'ukare"@cyb	<http://ids.clld.org/values/3-583-283-3>		<http://ids.clld.org/parameters/3-583>		<http://ids.clld.org/values/3-583-174-1>		"tadāya"@mch	
"ripu"@cyb	<http://ids.clld.org/values/1-215-283-1>		<http://ids.clld.org/parameters/1-215>		<http://ids.clld.org/values/1-215-174-1>		"sāʔdaʔda"@mch	
"kuǰuǰu"@cyb	<http://ids.clld.org/values/12-630-283-1>		<http://ids.clld.org/parameters/12-630>		<http://ids.clld.org/values/12-630-174-1>		"hūšīhe"@mch	
"ua"@cyb	<http://ids.clld.org/values/4-750-283-1>		<http://ids.clld.org/parameters/4-750>		<http://ids.clld.org/values/4-750-174-1>		"-əma-"@mch	
"nãβõkũ"@cyb	<http://ids.clld.org/values/6-760-283-1>		<http://ids.clld.org/parameters/6-760>		<http://ids.clld.org/values/6-760-174-1>		"mayūdu"@mch	
"daɨ"@cyb	<http://ids.clld.org/values/14-420-283-1>		<http://ids.clld.org/parameters/14-420>		<http://ids.clld.org/values/14-420-174-1>		"čomomɨ̄dɨ"@mch	
"βihi"@cyb	<http://ids.clld.org/values/10-480-283-5>		<http://ids.clld.org/parameters/10-480>		<http://ids.clld.org/values/10-480-174-1>		"w-eʔ-nə"@mch	
"mirɨrɨ"@cyb	<http://ids.clld.org/values/16-810-283-3>		<http://ids.clld.org/parameters/16-810>		<http://ids.clld.org/values/16-810-174-1>		"inɲatahe"@mch	
"ǰuhuru ~ ǰu'ǰurue ~ uhuru"@cyb	<http://ids.clld.org/values/6-240-283-1>		<http://ids.clld.org/parameters/6-240>		<http://ids.clld.org/values/6-240-174-1>		"wadēkū"@mch	
"hũpũupe"@cyb	<http://ids.clld.org/values/8-690-283-1>		<http://ids.clld.org/parameters/8-690>		<http://ids.clld.org/values/8-690-174-1>		"-eima-"@mch	
"'peda"@cyb	<http://ids.clld.org/values/12-353-283-1>		<http://ids.clld.org/parameters/12-353>		<http://ids.clld.org/values/12-353-174-1>		"čəʔhiyu"@mch	
"[kiri'tiano]"@cyb	<http://ids.clld.org/values/19-210-283-3>		<http://ids.clld.org/parameters/19-210>		<http://ids.clld.org/values/19-210-174-1>		"weiʔčɨ"@mch	
"ra"@cyb	<http://ids.clld.org/values/16-710-283-3>		<http://ids.clld.org/parameters/16-710>		<http://ids.clld.org/values/16-710-174-1>		"ašiča"@mch	
"ǰokore"@cyb	<http://ids.clld.org/values/4-210-283-3>		<http://ids.clld.org/parameters/4-210>		<http://ids.clld.org/values/4-210-174-1>		"ənu"@mch	
"i-βere"@cyb	<http://ids.clld.org/values/15-680-283-1>		<http://ids.clld.org/parameters/15-680>		<http://ids.clld.org/values/15-680-174-1>		"šēne"@mch	
"bibihiki"@cyb	<http://ids.clld.org/values/10-250-283-1>		<http://ids.clld.org/parameters/10-250>		<http://ids.clld.org/values/10-250-174-1>		"himā-dɨ"@mch	
"sɨsɨ"@cyb	<http://ids.clld.org/values/15-750-283-1>		<http://ids.clld.org/parameters/15-750>		<http://ids.clld.org/values/15-750-174-1>		"tɨwansuʔde"@mch	
"poæræ"@cyb	<http://ids.clld.org/values/11-810-283-3>		<http://ids.clld.org/parameters/11-810>		<http://ids.clld.org/values/11-810-174-1>		"ehēma-dɨ"@mch	
"kadabu"@cyb	<http://ids.clld.org/values/5-821-283-3>		<http://ids.clld.org/parameters/5-821>		<http://ids.clld.org/values/5-821-174-1>		"homi"@mch	
"ru"@cyb	<http://ids.clld.org/values/4-330-283-1>		<http://ids.clld.org/parameters/4-330>		<http://ids.clld.org/values/4-330-174-1>		"amō-dɨ"@mch	
"'mãkãhæ"@cyb	<http://ids.clld.org/values/4-440-283-1>		<http://ids.clld.org/parameters/4-440>		<http://ids.clld.org/values/4-440-174-1>		"yēwanɨ"@mch	
"apa-"@cyb	<http://ids.clld.org/values/2-920-283-5>		<http://ids.clld.org/parameters/2-920>		<http://ids.clld.org/values/2-920-174-1>		"əmədə"@mch	
"βuru"@cyb	<http://ids.clld.org/values/11-250-283-1>		<http://ids.clld.org/parameters/11-250>		<http://ids.clld.org/values/11-250-174-1>		"ewanakādɨ"@mch	
"'naare ~ nãræ̃ ~ naræ"@cyb	<http://ids.clld.org/values/1-420-283-1>		<http://ids.clld.org/parameters/1-420>		<http://ids.clld.org/values/1-420-174-1>		"dē"@mch	
"popo"@cyb	<http://ids.clld.org/values/9-210-283-5>		<http://ids.clld.org/parameters/9-210>		<http://ids.clld.org/values/9-210-174-1>		"-aiʔhuka-dɨ"@mch	
"βeβe"@cyb	<http://ids.clld.org/values/4-460-283-1>		<http://ids.clld.org/parameters/4-460>		<http://ids.clld.org/values/4-460-174-1>		"dudūnoi"@mch	
"p-"@cyb	<http://ids.clld.org/values/2-920-283-1>		<http://ids.clld.org/parameters/2-920>		<http://ids.clld.org/values/2-920-174-1>		"əmədə"@mch	
"-ræ"@cyb	<http://ids.clld.org/values/2-930-283-5>		<http://ids.clld.org/parameters/2-930>		<http://ids.clld.org/values/2-930-174-1>		"tɨwɨ"@mch	
"ratɨ"@cyb	<http://ids.clld.org/values/5-123-283-3>		<http://ids.clld.org/parameters/5-123>		<http://ids.clld.org/values/5-123-174-1>		"sēweyčato"@mch	
"-pa-ru"@cyb	<http://ids.clld.org/values/4-330-283-5>		<http://ids.clld.org/parameters/4-330>		<http://ids.clld.org/values/4-330-174-1>		"amō-dɨ"@mch	
"mõdĩrĩ"@cyb	<http://ids.clld.org/values/2-250-283-3>		<http://ids.clld.org/parameters/2-250>		<http://ids.clld.org/values/2-250-174-1>		"mudekə̄kə"@mch	
"bɔrɔ ~ βoro"@cyb	<http://ids.clld.org/values/10-474-283-1>		<http://ids.clld.org/parameters/10-474>		<http://ids.clld.org/values/10-474-174-1>		"w-ehaʔka-nə"@mch	
"ɲakã"@cyb	<http://ids.clld.org/values/10-670-283-1>		<http://ids.clld.org/parameters/10-670>		<http://ids.clld.org/values/10-670-174-1>		"-adima-dɨ"@mch	
"ra-bore"@cyb	<http://ids.clld.org/values/15-640-283-5>		<http://ids.clld.org/parameters/15-640>		<http://ids.clld.org/values/15-640-174-1>		"təʔkeʔne"@mch	
"pɨtɨkɨri"@cyb	<http://ids.clld.org/values/9-343-283-1>		<http://ids.clld.org/parameters/9-343>		<http://ids.clld.org/values/9-343-174-1>		"eʔkukā-dɨ"@mch	
"haβæ"@cyb	<http://ids.clld.org/values/18-210-283-3>		<http://ids.clld.org/parameters/18-210>		<http://ids.clld.org/values/18-210-174-1>		"w-aʔdew-nə"@mch	
"mama"@cyb	<http://ids.clld.org/values/13-340-283-3>		<http://ids.clld.org/parameters/13-340>		<http://ids.clld.org/values/13-340-174-1>		"awaʔde"@mch	
"'βiβere"@cyb	<http://ids.clld.org/values/5-120-283-1>		<http://ids.clld.org/parameters/5-120>		<http://ids.clld.org/values/5-120-174-1>		"mudūkuku"@mch	
"[paga]"@cyb	<http://ids.clld.org/values/11-650-283-1>		<http://ids.clld.org/parameters/11-650>		<http://ids.clld.org/values/11-650-174-1>		"ehēma-dɨ"@mch	
"ma'βaona"@cyb	<http://ids.clld.org/values/2-260-283-1>		<http://ids.clld.org/parameters/2-260>		<http://ids.clld.org/values/2-260-174-1>		"wodi-ʔčə"@mch	
"rahe'ukuku"@cyb	<http://ids.clld.org/values/3-350-283-1>		<http://ids.clld.org/parameters/3-350>		<http://ids.clld.org/values/3-350-174-1>		"[kūši]"@mch	
"-kãhẽ"@cyb	<http://ids.clld.org/values/16-230-283-1>		<http://ids.clld.org/parameters/16-230>		<http://ids.clld.org/values/16-230-174-1>		"takwanɲe"@mch	
"-tui"@cyb	<http://ids.clld.org/values/12-310-283-3>		<http://ids.clld.org/parameters/12-310>		<http://ids.clld.org/values/12-310-174-1>		"kawə"@mch	
"ine"@cyb	<http://ids.clld.org/values/4-130-283-3>		<http://ids.clld.org/parameters/4-130>		<http://ids.clld.org/values/4-130-174-1>		"hyunu"@mch	
"pɨrɨ"@cyb	<http://ids.clld.org/values/16-370-283-3>		<http://ids.clld.org/parameters/16-370>		<http://ids.clld.org/values/16-370-174-1>		"w-amo-nə"@mch	
"kaha"@cyb	<http://ids.clld.org/values/9-260-283-1>		<http://ids.clld.org/parameters/9-260>		<http://ids.clld.org/values/9-260-174-1>		"-išiča-dɨ"@mch	
"ɲika"@cyb	<http://ids.clld.org/values/7-120-283-1>		<http://ids.clld.org/parameters/7-120>		<http://ids.clld.org/values/7-120-174-1>		"mmā"@mch	
"βuǰuru"@cyb	<http://ids.clld.org/values/1-851-283-1>		<http://ids.clld.org/parameters/1-851>		<http://ids.clld.org/values/1-851-174-1>		"ukā-dɨ"@mch	
"ro-roko"@cyb	<http://ids.clld.org/values/10-450-283-3>		<http://ids.clld.org/parameters/10-450>		<http://ids.clld.org/values/10-450-174-1>		"w-ōhoyma-nə"@mch	
"pipi"@cyb	<http://ids.clld.org/values/2-470-283-3>		<http://ids.clld.org/parameters/2-470>		<http://ids.clld.org/values/2-470-174-1>		"-tamū-du"@mch	
"βɔp"@cyb	<http://ids.clld.org/values/2-350-283-5>		<http://ids.clld.org/parameters/2-350>		<http://ids.clld.org/values/2-350-174-1>		"haha"@mch	
"tĩĩtɨ̃ ~ tĩtĩ"@cyb	<http://ids.clld.org/values/3-650-283-3>		<http://ids.clld.org/parameters/3-650>		<http://ids.clld.org/values/3-650-174-1>		"nākukwāno"@mch	
"ɲaβe ~ ɲaβ-"@cyb	<http://ids.clld.org/values/4-310-283-1>		<http://ids.clld.org/parameters/4-310>		<http://ids.clld.org/values/4-310-174-1>		"aʔhə"@mch	
"romere ~ romẽrẽha"@cyb	<http://ids.clld.org/values/10-530-283-1>		<http://ids.clld.org/parameters/10-530>		<http://ids.clld.org/values/10-530-174-1>		"-aheʔka-dɨ"@mch	
"ya'βeine"@cyb	<http://ids.clld.org/values/17-550-283-3>		<http://ids.clld.org/parameters/17-550>		<http://ids.clld.org/values/17-550-174-3>		"mmhm"@mch	
"ya'βeine"@cyb	<http://ids.clld.org/values/17-550-283-3>		<http://ids.clld.org/parameters/17-550>		<http://ids.clld.org/values/17-550-174-1>		"ʔeee"@mch	
"-čeče"@cyb	<http://ids.clld.org/values/13-150-283-3>		<http://ids.clld.org/parameters/13-150>		<http://ids.clld.org/values/13-150-174-1>		"hōhe"@mch	
"tɨ̃tẽ"@cyb	<http://ids.clld.org/values/4-140-283-3>		<http://ids.clld.org/parameters/4-140>		<http://ids.clld.org/values/4-140-174-1>		"hū"@mch	
"pairaha"@cyb	<http://ids.clld.org/values/4-830-283-1>		<http://ids.clld.org/parameters/4-830>		<http://ids.clld.org/values/4-830-174-1>		"tadəinɲe"@mch	
"ču'pahiha"@cyb	<http://ids.clld.org/values/5-791-283-1>		<http://ids.clld.org/parameters/5-791>		<http://ids.clld.org/values/5-791-174-1>		"kātɨ"@mch	
"ǰoro"@cyb	<http://ids.clld.org/values/19-650-283-5>		<http://ids.clld.org/parameters/19-650>		<http://ids.clld.org/values/19-650-174-1>		"edantə-dɨ"@mch	
"-bɨβɨ"@cyb	<http://ids.clld.org/values/4-461-283-1>		<http://ids.clld.org/parameters/4-461>		<http://ids.clld.org/values/4-461-174-1>		"hyōtɨ"@mch	
"tiβo"@cyb	<http://ids.clld.org/values/9-370-283-1>		<http://ids.clld.org/parameters/9-370>		<http://ids.clld.org/values/9-370-174-1>		"šēmeka-dɨ"@mch	
"ke"@cyb	<http://ids.clld.org/values/10-440-283-5>		<http://ids.clld.org/parameters/10-440>		<http://ids.clld.org/values/10-440-174-1>		"-ənwa-"@mch	
"karaho"@cyb	<http://ids.clld.org/values/16-250-283-3>		<http://ids.clld.org/parameters/16-250>		<http://ids.clld.org/values/16-250-174-1>		"waʔsenɲo"@mch	
"mamɨ"@cyb	<http://ids.clld.org/values/2-520-283-1>		<http://ids.clld.org/parameters/2-520>		<http://ids.clld.org/values/2-520-174-1>		"waynɲeʔney"@mch	
"čɔčɔ"@cyb	<http://ids.clld.org/values/3-850-283-1>		<http://ids.clld.org/parameters/3-850>		<http://ids.clld.org/values/3-850-174-1>		"əkə̄yu"@mch	
"tæɲæ"@cyb	<http://ids.clld.org/values/12-120-283-5>		<http://ids.clld.org/parameters/12-120>		<http://ids.clld.org/values/12-120-174-1>		"enɨ̄ta"@mch	
"tæɲæ"@cyb	<http://ids.clld.org/values/12-120-283-5>		<http://ids.clld.org/parameters/12-120>		<http://ids.clld.org/values/12-120-174-3>		"-ehuʔta-"@mch	
"'uaβe"@cyb	<http://ids.clld.org/values/3-594-283-3>		<http://ids.clld.org/parameters/3-594>		<http://ids.clld.org/values/3-594-174-1>		"hadūma"@mch	
"čaha-ri"@cyb	<http://ids.clld.org/values/12-232-283-1>		<http://ids.clld.org/parameters/12-232>		<http://ids.clld.org/values/12-232-174-1>		"yātohətɨdɨ"@mch	
"βačæ"@cyb	<http://ids.clld.org/values/11-310-283-1>		<http://ids.clld.org/parameters/11-310>		<http://ids.clld.org/values/11-310-174-1>		"uhīyɨ"@mch	
"ro"@cyb	<http://ids.clld.org/values/10-460-283-1>		<http://ids.clld.org/parameters/10-460>		<http://ids.clld.org/values/10-460-174-1>		"w-ekaʔtɨn-nə"@mch	
"o ~ ɔ ~ u"@cyb	<http://ids.clld.org/values/10-470-283-1>		<http://ids.clld.org/parameters/10-470>		<http://ids.clld.org/values/10-470-174-1>		"wɨʔtə̄-nə"@mch	
"rɔmi-he"@cyb	<http://ids.clld.org/values/5-970-283-1>		<http://ids.clld.org/parameters/5-970>		<http://ids.clld.org/values/5-970-174-1>		"iʔmoi"@mch	
"čotoro"@cyb	<http://ids.clld.org/values/8-410-283-1>		<http://ids.clld.org/parameters/8-410>		<http://ids.clld.org/values/8-410-174-1>		"inɲatɨʔtə̄dɨ"@mch	
"čɔǰa"@cyb	<http://ids.clld.org/values/19-650-283-3>		<http://ids.clld.org/parameters/19-650>		<http://ids.clld.org/values/19-650-174-1>		"edantə-dɨ"@mch	
"βakɔ"@cyb	<http://ids.clld.org/values/17-150-283-1>		<http://ids.clld.org/parameters/17-150>		<http://ids.clld.org/values/17-150-174-1>		"-ekanɨhɨ-dɨ"@mch	
"uru"@cyb	<http://ids.clld.org/values/8-220-283-1>		<http://ids.clld.org/parameters/8-220>		<http://ids.clld.org/values/8-220-174-1>		"tɨʔkādɨ"@mch	
"kimi"@cyb	<http://ids.clld.org/values/8-930-283-3>		<http://ids.clld.org/parameters/8-930>		<http://ids.clld.org/values/8-930-174-1>		"kankudu"@mch	
"čɔæ ~ čɔe"@cyb	<http://ids.clld.org/values/8-570-283-1>		<http://ids.clld.org/parameters/8-570>		<http://ids.clld.org/values/8-570-174-1>		"čə̄hɨdɨ"@mch	
"ɨča"@cyb	<http://ids.clld.org/values/10-610-283-3>		<http://ids.clld.org/parameters/10-610>		<http://ids.clld.org/values/10-610-174-1>		"-adə̄-"@mch	
"čɨrɨ"@cyb	<http://ids.clld.org/values/19-470-283-1>		<http://ids.clld.org/parameters/19-470>		<http://ids.clld.org/values/19-470-174-1>		"tɨdɨho-dɨ"@mch	
"ruhũ"@cyb	<http://ids.clld.org/values/4-853-283-1>		<http://ids.clld.org/parameters/4-853>		<http://ids.clld.org/values/4-853-174-1>		"awonɲəʔkādɨ"@mch	
"tapuru"@cyb	<http://ids.clld.org/values/9-760-283-3>		<http://ids.clld.org/parameters/9-760>		<http://ids.clld.org/values/9-760-174-1>		"wɨ̄wa"@mch	
"ritɔkɔ"@cyb	<http://ids.clld.org/values/4-300-283-1>		<http://ids.clld.org/parameters/4-300>		<http://ids.clld.org/values/4-300-174-1>		"nkawə"@mch	
"ka-'meãrã"@cyb	<http://ids.clld.org/values/4-880-283-1>		<http://ids.clld.org/parameters/4-880>		<http://ids.clld.org/values/4-880-174-1>		"əhi"@mch	
"ǰare"@cyb	<http://ids.clld.org/values/18-210-283-5>		<http://ids.clld.org/parameters/18-210>		<http://ids.clld.org/values/18-210-174-1>		"w-aʔdew-nə"@mch	
"čočo"@cyb	<http://ids.clld.org/values/16-270-283-1>		<http://ids.clld.org/parameters/16-270>		<http://ids.clld.org/values/16-270-174-1>		"hyumma-dɨ"@mch	
"poroama"@cyb	<http://ids.clld.org/values/6-350-283-1>		<http://ids.clld.org/parameters/6-350>		<http://ids.clld.org/values/6-350-174-1>		"šōka-dɨ"@mch	
"ɲuhi"@cyb	<http://ids.clld.org/values/11-140-283-1>		<http://ids.clld.org/parameters/11-140>		<http://ids.clld.org/values/11-140-174-1>		"-ahəi-"@mch	
"čuǰu"@cyb	<http://ids.clld.org/values/5-210-283-1>		<http://ids.clld.org/parameters/5-210>		<http://ids.clld.org/values/5-210-174-1>		"-aʔnə"@mch	
"dapo ~ tapo"@cyb	<http://ids.clld.org/values/3-720-283-1>		<http://ids.clld.org/parameters/3-720>		<http://ids.clld.org/values/3-720-174-1>		"kawadīmə"@mch	
"tapa"@cyb	<http://ids.clld.org/values/4-580-283-1>		<http://ids.clld.org/parameters/4-580>		<http://ids.clld.org/values/4-580-174-1>		"ēkādɨ"@mch	
"βaheda"@cyb	<http://ids.clld.org/values/9-210-283-1>		<http://ids.clld.org/parameters/9-210>		<http://ids.clld.org/values/9-210-174-1>		"-aiʔhuka-dɨ"@mch	
"ye-"@cyb	<http://ids.clld.org/values/17-560-283-3>		<http://ids.clld.org/parameters/17-560>		<http://ids.clld.org/values/17-560-174-1>		"mmʔhm"@mch	
"'naare ~ nãræ ~ nare"@cyb	<http://ids.clld.org/values/1-430-283-1>		<http://ids.clld.org/parameters/1-430>		<http://ids.clld.org/values/1-430-174-1>		"dē"@mch	
"none ~ nɔne"@cyb	<http://ids.clld.org/values/13-340-283-1>		<http://ids.clld.org/parameters/13-340>		<http://ids.clld.org/values/13-340-174-1>		"awaʔde"@mch	
"tɨrɨrɨ"@cyb	<http://ids.clld.org/values/15-660-283-1>		<http://ids.clld.org/parameters/15-660>		<http://ids.clld.org/values/15-660-174-1>		"seweičato"@mch	
"riǰape"@cyb	<http://ids.clld.org/values/1-860-283-1>		<http://ids.clld.org/parameters/1-860>		<http://ids.clld.org/values/1-860-174-1>		"-kemetə-"@mch	
"sĩsĩ"@cyb	<http://ids.clld.org/values/12-590-283-1>		<http://ids.clld.org/parameters/12-590>		<http://ids.clld.org/values/12-590-174-1>		"tawedato"@mch	
"ka'riǰahi"@cyb	<http://ids.clld.org/values/10-230-283-1>		<http://ids.clld.org/parameters/10-230>		<http://ids.clld.org/values/10-230-174-1>		"w-eduka-nə"@mch	
"uča ~ ũčã"@cyb	<http://ids.clld.org/values/10-550-283-3>		<http://ids.clld.org/parameters/10-550>		<http://ids.clld.org/values/10-550-174-1>		"w-əʔdɨ-nə"@mch	
"rohæ"@cyb	<http://ids.clld.org/values/10-450-283-5>		<http://ids.clld.org/parameters/10-450>		<http://ids.clld.org/values/10-450-174-1>		"w-ōhoyma-nə"@mch	
"nare ~ naræ ~ nãræ̃"@cyb	<http://ids.clld.org/values/8-600-283-1>		<http://ids.clld.org/parameters/8-600>		<http://ids.clld.org/values/8-600-174-1>		"dē"@mch	
"dore"@cyb	<http://ids.clld.org/values/1-820-283-1>		<http://ids.clld.org/parameters/1-820>		<http://ids.clld.org/values/1-820-174-1>		"wāʔto"@mch	
"čara"@cyb	<http://ids.clld.org/values/10-480-283-1>		<http://ids.clld.org/parameters/10-480>		<http://ids.clld.org/values/10-480-174-1>		"w-eʔ-nə"@mch	
"čuǰa"@cyb	<http://ids.clld.org/values/12-130-283-1>		<http://ids.clld.org/parameters/12-130>		<http://ids.clld.org/values/12-130-174-1>		"w-atahhimā-nə"@mch	
"yoǰa ~ kioǰa"@cyb	<http://ids.clld.org/values/6-120-283-5>		<http://ids.clld.org/parameters/6-120>		<http://ids.clld.org/values/6-120-174-1>		"womɨ"@mch	
"toβoro"@cyb	<http://ids.clld.org/values/18-410-283-3>		<http://ids.clld.org/parameters/18-410>		<http://ids.clld.org/values/18-410-174-1>		"aʔdewhaʔdɨ"@mch	
"-here ~ -šere"@cyb	<http://ids.clld.org/values/15-840-283-3>		<http://ids.clld.org/parameters/15-840>		<http://ids.clld.org/values/15-840-174-1>		"ssedēhe"@mch	
"pɨǰɨ"@cyb	<http://ids.clld.org/values/15-810-283-1>		<http://ids.clld.org/parameters/15-810>		<http://ids.clld.org/values/15-810-174-1>		"tamənɲato"@mch	
"rire"@cyb	<http://ids.clld.org/values/11-130-283-5>		<http://ids.clld.org/parameters/11-130>		<http://ids.clld.org/values/11-130-174-1>		"w-emhan-nə"@mch	
"ta-he"@cyb	<http://ids.clld.org/values/4-370-283-5>		<http://ids.clld.org/parameters/4-370>		<http://ids.clld.org/values/4-370-174-1>		"hūdu"@mch	
"miɲiɲ- ~ miɲiɲa"@cyb	<http://ids.clld.org/values/18-240-283-1>		<http://ids.clld.org/parameters/18-240>		<http://ids.clld.org/values/18-240-174-1>		"āʔdewʔkwe"@mch	
"čumuru"@cyb	<http://ids.clld.org/values/12-120-283-3>		<http://ids.clld.org/parameters/12-120>		<http://ids.clld.org/values/12-120-174-1>		"enɨ̄ta"@mch	
"čumuru"@cyb	<http://ids.clld.org/values/12-120-283-3>		<http://ids.clld.org/parameters/12-120>		<http://ids.clld.org/values/12-120-174-3>		"-ehuʔta-"@mch	
"kɔæræ"@cyb	<http://ids.clld.org/values/18-110-283-1>		<http://ids.clld.org/parameters/18-110>		<http://ids.clld.org/values/18-110-174-1>		"kəʔtɨnnə"@mch	
"ɔri"@cyb	<http://ids.clld.org/values/12-930-283-3>		<http://ids.clld.org/parameters/12-930>		<http://ids.clld.org/values/12-930-174-1>		"w-ekamhiaka-nə"@mch	
"ra-tete"@cyb	<http://ids.clld.org/values/2-510-283-5>		<http://ids.clld.org/parameters/2-510>		<http://ids.clld.org/values/2-510-174-1>		"wōdɨ"@mch	
"hæ̃ræ"@cyb	<http://ids.clld.org/values/9-120-283-1>		<http://ids.clld.org/parameters/9-120>		<http://ids.clld.org/values/9-120-174-1>		"tadawāhu"@mch	
"ǰɨβɨ ~ ǰubu"@cyb	<http://ids.clld.org/values/15-860-283-1>		<http://ids.clld.org/parameters/15-860>		<http://ids.clld.org/values/15-860-174-1>		"kəmme"@mch	
"pæ-"@cyb	<http://ids.clld.org/values/14-310-283-5>		<http://ids.clld.org/parameters/14-310>		<http://ids.clld.org/values/14-310-174-1>		"wenēne"@mch	
"'yaroho"@cyb	<http://ids.clld.org/values/1-440-283-1>		<http://ids.clld.org/parameters/1-440>		<http://ids.clld.org/values/1-440-174-1>		"təʔhu"@mch	
"βoho"@cyb	<http://ids.clld.org/values/5-123-283-1>		<http://ids.clld.org/parameters/5-123>		<http://ids.clld.org/values/5-123-174-1>		"sēweyčato"@mch	
"sopiri"@cyb	<http://ids.clld.org/values/6-360-283-1>		<http://ids.clld.org/parameters/6-360>		<http://ids.clld.org/values/6-360-174-1>		"makūsa"@mch	
"bete"@cyb	<http://ids.clld.org/values/4-620-283-1>		<http://ids.clld.org/parameters/4-620>		<http://ids.clld.org/values/4-620-174-1>		"wənētɨnə"@mch	
"pipi"@cyb	<http://ids.clld.org/values/2-360-283-5>		<http://ids.clld.org/parameters/2-360>		<http://ids.clld.org/values/2-360-174-1>		"denɨ"@mch	
"hi-"@cyb	<http://ids.clld.org/values/2-910-283-1>		<http://ids.clld.org/parameters/2-910>		<http://ids.clld.org/values/2-910-174-1>		"ɨwɨ"@mch	
"meidaru ~ medaru"@cyb	<http://ids.clld.org/values/13-50-283-1>		<http://ids.clld.org/parameters/13-50>		<http://ids.clld.org/values/13-50-174-1>		"hyātodea"@mch	
"pipi"@cyb	<http://ids.clld.org/values/2-471-283-3>		<http://ids.clld.org/parameters/2-471>		<http://ids.clld.org/values/2-471-174-1>		"noʔsamoʔkɨ"@mch	
"bu'ruruče"@cyb	<http://ids.clld.org/values/13-100-283-1>		<http://ids.clld.org/parameters/13-100>		<http://ids.clld.org/values/13-100-174-1>		"amohadə"@mch	
"pari'čaihi"@cyb	<http://ids.clld.org/values/17-660-283-1>		<http://ids.clld.org/parameters/17-660>		<http://ids.clld.org/values/17-660-174-1>		"ə̄iša"@mch	
"tɨtɨβɨ"@cyb	<http://ids.clld.org/values/18-120-283-5>		<http://ids.clld.org/parameters/18-120>		<http://ids.clld.org/values/18-120-174-1>		"we[kantā]ʔɲənə"@mch	
"maβe"@cyb	<http://ids.clld.org/values/3-820-283-3>		<http://ids.clld.org/parameters/3-820>		<http://ids.clld.org/values/3-820-174-1>		"wannə"@mch	
"yataha"@cyb	<http://ids.clld.org/values/15-650-283-3>		<http://ids.clld.org/parameters/15-650>		<http://ids.clld.org/values/15-650-174-1>		"hudumato"@mch	
"'yaaβe"@cyb	<http://ids.clld.org/values/13-150-283-7>		<http://ids.clld.org/parameters/13-150>		<http://ids.clld.org/values/13-150-174-1>		"hōhe"@mch	
"'kɨkɨβɨ"@cyb	<http://ids.clld.org/values/16-670-283-3>		<http://ids.clld.org/parameters/16-670>		<http://ids.clld.org/values/16-670-174-1>		"-enkutə-"@mch	
"daɨ"@cyb	<http://ids.clld.org/values/1-510-283-1>		<http://ids.clld.org/parameters/1-510>		<http://ids.clld.org/values/1-510-174-1>		"kahu"@mch	
"ra-tɨtɨbɨ"@cyb	<http://ids.clld.org/values/18-410-283-1>		<http://ids.clld.org/parameters/18-410>		<http://ids.clld.org/values/18-410-174-1>		"aʔdewhaʔdɨ"@mch	
"taka"@cyb	<http://ids.clld.org/values/14-150-283-3>		<http://ids.clld.org/parameters/14-150>		<http://ids.clld.org/values/14-150-174-1>		"henaʔdohə"@mch	
"kõri"@cyb	<http://ids.clld.org/values/3-592-283-5>		<http://ids.clld.org/parameters/3-592>		<http://ids.clld.org/values/3-592-174-1>		"[dodo]"@mch	
"'awɔ̃se"@cyb	<http://ids.clld.org/values/4-360-283-1>		<http://ids.clld.org/parameters/4-360>		<http://ids.clld.org/values/4-360-174-1>		"ə̄ʔmu"@mch	
"dærɔ"@cyb	<http://ids.clld.org/values/19-160-283-1>		<http://ids.clld.org/parameters/19-160>		<http://ids.clld.org/values/19-160-174-1>		"haʔta"@mch	
"hohi"@cyb	<http://ids.clld.org/values/10-470-283-3>		<http://ids.clld.org/parameters/10-470>		<http://ids.clld.org/values/10-470-174-1>		"wɨʔtə̄-nə"@mch	
"nonæ̃ha"@cyb	<http://ids.clld.org/values/14-150-283-1>		<http://ids.clld.org/parameters/14-150>		<http://ids.clld.org/values/14-150-174-1>		"henaʔdohə"@mch	
"a-ǰoko"@cyb	<http://ids.clld.org/values/5-130-283-1>		<http://ids.clld.org/parameters/5-130>		<http://ids.clld.org/values/5-130-174-1>		"enku"@mch	
"bææro ~ bero"@cyb	<http://ids.clld.org/values/14-270-283-1>		<http://ids.clld.org/parameters/14-270>		<http://ids.clld.org/values/14-270-174-1>		"w-əʔka-nə"@mch	
"βarabo"@cyb	<http://ids.clld.org/values/5-900-283-1>		<http://ids.clld.org/parameters/5-900>		<http://ids.clld.org/values/5-900-174-1>		"kuši"@mch	
"mihiro"@cyb	<http://ids.clld.org/values/12-11-283-1>		<http://ids.clld.org/parameters/12-11>		<http://ids.clld.org/values/12-11-174-1>		"mənse"@mch	
"huǰa"@cyb	<http://ids.clld.org/values/12-130-283-3>		<http://ids.clld.org/parameters/12-130>		<http://ids.clld.org/values/12-130-174-1>		"w-atahhimā-nə"@mch	
"βo"@cyb	<http://ids.clld.org/values/8-531-283-1>		<http://ids.clld.org/parameters/8-531>		<http://ids.clld.org/values/8-531-174-1>		"aiʔčɨdɨ"@mch	
"heda...ama"@cyb	<http://ids.clld.org/values/20-110-283-1>		<http://ids.clld.org/parameters/20-110>		<http://ids.clld.org/values/20-110-174-1>		"wətə̄nehānə"@mch	
"ra-mami'asie"@cyb	<http://ids.clld.org/values/2-251-283-3>		<http://ids.clld.org/parameters/2-251>		<http://ids.clld.org/values/2-251-174-1>		"mudēši"@mch	
"ɲe...kɨče"@cyb	<http://ids.clld.org/values/2-530-283-1>		<http://ids.clld.org/parameters/2-530>		<http://ids.clld.org/values/2-530-174-1>		"honɨ"@mch	
"ɲe...kɨče"@cyb	<http://ids.clld.org/values/2-530-283-1>		<http://ids.clld.org/parameters/2-530>		<http://ids.clld.org/values/2-530-174-3>		"honɨ-kə"@mch	
"-iiɲæ ~ iiɲe"@cyb	<http://ids.clld.org/values/14-350-283-1>		<http://ids.clld.org/parameters/14-350>		<http://ids.clld.org/values/14-350-174-1>		"dea"@mch	
"ra'asiæ"@cyb	<http://ids.clld.org/values/2-230-283-1>		<http://ids.clld.org/parameters/2-230>		<http://ids.clld.org/values/2-230-174-1>		"danwa"@mch	
"kɨ'dɨčɔ"@cyb	<http://ids.clld.org/values/12-232-283-3>		<http://ids.clld.org/parameters/12-232>		<http://ids.clld.org/values/12-232-174-1>		"yātohətɨdɨ"@mch	
"iči'rɔ̃mihi 'tɔ̃rene"@cyb	<http://ids.clld.org/values/2-420-283-3>		<http://ids.clld.org/parameters/2-420>		<http://ids.clld.org/values/2-420-174-1>		"nnedɨ"@mch	
"kuri ~ kui"@cyb	<http://ids.clld.org/values/1-330-283-1>		<http://ids.clld.org/parameters/1-330>		<http://ids.clld.org/values/1-330-174-1>		"čūʔhə"@mch	
"raβere"@cyb	<http://ids.clld.org/values/10-460-283-5>		<http://ids.clld.org/parameters/10-460>		<http://ids.clld.org/values/10-460-174-1>		"w-ekaʔtɨn-nə"@mch	
"raha-maβaona"@cyb	<http://ids.clld.org/values/2-261-283-1>		<http://ids.clld.org/parameters/2-261>		<http://ids.clld.org/values/2-261-174-1>		"mudēši"@mch	
"un-"@cyb	<http://ids.clld.org/values/15-510-283-3>		<http://ids.clld.org/parameters/15-510>		<http://ids.clld.org/values/15-510-174-1>		"ene-dɨ"@mch	
"dahi"@cyb	<http://ids.clld.org/values/16-620-283-1>		<http://ids.clld.org/parameters/16-620>		<http://ids.clld.org/values/16-620-174-1>		"hyumma-dɨ"@mch	
"upæ"@cyb	<http://ids.clld.org/values/4-240-283-5>		<http://ids.clld.org/parameters/4-240>		<http://ids.clld.org/values/4-240-174-1>		"ənta"@mch	
"ɲarake"@cyb	<http://ids.clld.org/values/10-440-283-3>		<http://ids.clld.org/parameters/10-440>		<http://ids.clld.org/values/10-440-174-1>		"-ənwa-"@mch	
"'hakoe"@cyb	<http://ids.clld.org/values/11-320-283-3>		<http://ids.clld.org/parameters/11-320>		<http://ids.clld.org/values/11-320-174-1>		"edantə-dɨ"@mch	
"βa-kɨčæ"@cyb	<http://ids.clld.org/values/2-510-283-1>		<http://ids.clld.org/parameters/2-510>		<http://ids.clld.org/values/2-510-174-1>		"wōdɨ"@mch	
"dɨβɨrɨ"@cyb	<http://ids.clld.org/values/5-380-283-1>		<http://ids.clld.org/parameters/5-380>		<http://ids.clld.org/values/5-380-174-1>		"kɨmɨʔkə"@mch	
"pičææhi"@cyb	<http://ids.clld.org/values/11-320-283-5>		<http://ids.clld.org/parameters/11-320>		<http://ids.clld.org/values/11-320-174-1>		"edantə-dɨ"@mch	
"roro"@cyb	<http://ids.clld.org/values/9-160-283-3>		<http://ids.clld.org/parameters/9-160>		<http://ids.clld.org/values/9-160-174-1>		"imɨdɨ"@mch	
"ɨ̃kæ"@cyb	<http://ids.clld.org/values/1-880-283-3>		<http://ids.clld.org/parameters/1-880>		<http://ids.clld.org/values/1-880-174-1>		"-keme-dɨ"@mch	
"čuhu ~ čuuha"@cyb	<http://ids.clld.org/values/5-125-283-1>		<http://ids.clld.org/parameters/5-125>		<http://ids.clld.org/values/5-125-174-1>		"čə̄tāhə"@mch	
"kõha"@cyb	<http://ids.clld.org/values/17-150-283-3>		<http://ids.clld.org/parameters/17-150>		<http://ids.clld.org/values/17-150-174-1>		"-ekanɨhɨ-dɨ"@mch	
"-põ"@cyb	<http://ids.clld.org/values/12-50-283-5>		<http://ids.clld.org/parameters/12-50>		<http://ids.clld.org/values/12-50-174-3>		"anwaʔka"@mch	
"-põ"@cyb	<http://ids.clld.org/values/12-50-283-5>		<http://ids.clld.org/parameters/12-50>		<http://ids.clld.org/values/12-50-174-1>		"aʔka"@mch	
"'rãβɔ̃kɔ̃"@cyb	<http://ids.clld.org/values/6-120-283-7>		<http://ids.clld.org/parameters/6-120>		<http://ids.clld.org/values/6-120-174-1>		"womɨ"@mch	
"boro"@cyb	<http://ids.clld.org/values/11-210-283-1>		<http://ids.clld.org/parameters/11-210>		<http://ids.clld.org/values/11-210-174-1>		"utūdu"@mch	
"mi-"@cyb	<http://ids.clld.org/values/11-210-283-3>		<http://ids.clld.org/parameters/11-210>		<http://ids.clld.org/values/11-210-174-1>		"utūdu"@mch	
"ra'dikæræ"@cyb	<http://ids.clld.org/values/5-260-283-5>		<http://ids.clld.org/parameters/5-260>		<http://ids.clld.org/values/5-260-174-1>		"ədinɲə"@mch	
"ɔræ"@cyb	<http://ids.clld.org/values/5-140-283-3>		<http://ids.clld.org/parameters/5-140>		<http://ids.clld.org/values/5-140-174-1>		"əmīhe"@mch	
"mami-hi"@cyb	<http://ids.clld.org/values/2-430-283-5>		<http://ids.clld.org/parameters/2-430>		<http://ids.clld.org/values/2-430-174-1>		"nnedɨ"@mch	
"peče"@cyb	<http://ids.clld.org/values/2-440-283-3>		<http://ids.clld.org/parameters/2-440>		<http://ids.clld.org/values/2-440-174-1>		"-nuwā-dɨ"@mch	
"adu'a-riče"@cyb	<http://ids.clld.org/values/4-750-283-3>		<http://ids.clld.org/parameters/4-750>		<http://ids.clld.org/values/4-750-174-1>		"-əma-"@mch	
"pe"@cyb	<http://ids.clld.org/values/10-620-283-7>		<http://ids.clld.org/parameters/10-620>		<http://ids.clld.org/values/10-620-174-1>		"-enehɨ"@mch	
"rɨrɨ-hɨa"@cyb	<http://ids.clld.org/values/10-210-283-5>		<http://ids.clld.org/parameters/10-210>		<http://ids.clld.org/values/10-210-174-1>		"w-ənuʔnə"@mch	
"u'aβari"@cyb	<http://ids.clld.org/values/20-610-283-5>		<http://ids.clld.org/parameters/20-610>		<http://ids.clld.org/values/20-610-174-1>		"emanɲuhɨdɨ"@mch	
"mami"@cyb	<http://ids.clld.org/values/2-270-283-1>		<http://ids.clld.org/parameters/2-270>		<http://ids.clld.org/values/2-270-174-1>		"nnedɨ"@mch	
"[kasiki]"@cyb	<http://ids.clld.org/values/19-240-283-1>		<http://ids.clld.org/parameters/19-240>		<http://ids.clld.org/values/19-240-174-1>		"ədāhə"@mch	
"kõrõ"@cyb	<http://ids.clld.org/values/10-570-283-1>		<http://ids.clld.org/parameters/10-570>		<http://ids.clld.org/values/10-570-174-1>		"w-omon-nə"@mch	
"ya'hũune"@cyb	<http://ids.clld.org/values/14-310-283-7>		<http://ids.clld.org/parameters/14-310>		<http://ids.clld.org/values/14-310-174-1>		"wenēne"@mch	
"rawaβa"@cyb	<http://ids.clld.org/values/1-540-283-1>		<http://ids.clld.org/parameters/1-540>		<http://ids.clld.org/values/1-540-174-1>		"šidīčə"@mch	
"ɲataha"@cyb	<http://ids.clld.org/values/15-650-283-1>		<http://ids.clld.org/parameters/15-650>		<http://ids.clld.org/values/15-650-174-1>		"hudumato"@mch	
"rotæ"@cyb	<http://ids.clld.org/values/4-320-283-3>		<http://ids.clld.org/parameters/4-320>		<http://ids.clld.org/values/4-320-174-1>		"ə̄ʔmu"@mch	
"bado"@cyb	<http://ids.clld.org/values/3-586-283-1>		<http://ids.clld.org/parameters/3-586>		<http://ids.clld.org/values/3-586-174-1>		"kudūmu"@mch	
"rakabe ~ rakaβe"@cyb	<http://ids.clld.org/values/4-460-283-3>		<http://ids.clld.org/parameters/4-460>		<http://ids.clld.org/values/4-460-174-1>		"dudūnoi"@mch	
"mæãrĩrĩ"@cyb	<http://ids.clld.org/values/4-860-283-1>		<http://ids.clld.org/parameters/4-860>		<http://ids.clld.org/values/4-860-174-1>		"adonkadɨ"@mch	
"he-kuaβæ"@cyb	<http://ids.clld.org/values/16-110-283-3>		<http://ids.clld.org/parameters/16-110>		<http://ids.clld.org/values/16-110-174-1>		"dōʔta"@mch	
"uaua ~ wawa"@cyb	<http://ids.clld.org/values/16-620-283-3>		<http://ids.clld.org/parameters/16-620>		<http://ids.clld.org/values/16-620-174-1>		"hyumma-dɨ"@mch	
"βabo"@cyb	<http://ids.clld.org/values/3-583-283-1>		<http://ids.clld.org/parameters/3-583>		<http://ids.clld.org/values/3-583-174-1>		"tadāya"@mch	
"ya'raama- ~ na'raama-"@cyb	<http://ids.clld.org/values/12-430-283-1>		<http://ids.clld.org/parameters/12-430>		<http://ids.clld.org/values/12-430-174-1>		"amoinče-ʔda"@mch	
"dara ~ dæ'ræ"@cyb	<http://ids.clld.org/values/3-750-283-1>		<http://ids.clld.org/parameters/3-750>		<http://ids.clld.org/values/3-750-174-1>		"kawādi"@mch	
"[β]u'ari"@cyb	<http://ids.clld.org/values/4-760-283-3>		<http://ids.clld.org/parameters/4-760>		<http://ids.clld.org/values/4-760-174-1>		"aminɲaʔkadɨ"@mch	
"ko'dapapa ~ o'dapapa"@cyb	<http://ids.clld.org/values/22-120-283-1>		<http://ids.clld.org/parameters/22-120>		<http://ids.clld.org/values/22-120-174-1>		"wanādi"@mch	
"βara...tui"@cyb	<http://ids.clld.org/values/19-650-283-1>		<http://ids.clld.org/parameters/19-650>		<http://ids.clld.org/values/19-650-174-1>		"edantə-dɨ"@mch	
"kurapa"@cyb	<http://ids.clld.org/values/13-30-283-1>		<http://ids.clld.org/parameters/13-30>		<http://ids.clld.org/values/13-30-174-1>		"aduwawə"@mch	
"tiki"@cyb	<http://ids.clld.org/values/9-750-283-1>		<http://ids.clld.org/parameters/9-750>		<http://ids.clld.org/values/9-750-174-1>		"aʔtoʔtotoʔho"@mch	
"'maβo"@cyb	<http://ids.clld.org/values/2-220-283-3>		<http://ids.clld.org/parameters/2-220>		<http://ids.clld.org/values/2-220-174-1>		"wodi"@mch	
"rakitĩĩtu"@cyb	<http://ids.clld.org/values/20-520-283-1>		<http://ids.clld.org/parameters/20-520>		<http://ids.clld.org/values/20-520-174-1>		"anə̄tə"@mch	
"taβu"@cyb	<http://ids.clld.org/values/10-350-283-1>		<http://ids.clld.org/parameters/10-350>		<http://ids.clld.org/values/10-350-174-1>		"tɨwəʔhiyɨ"@mch	
"be'ke-rere"@cyb	<http://ids.clld.org/values/17-250-283-1>		<http://ids.clld.org/parameters/17-250>		<http://ids.clld.org/values/17-250-174-1>		"-owānoma-"@mch	
"bãrãkama ~ ma'rakame"@cyb	<http://ids.clld.org/values/4-200-283-1>		<http://ids.clld.org/parameters/4-200>		<http://ids.clld.org/values/4-200-174-1>		"hūʔhə"@mch	
"ɔǰa"@cyb	<http://ids.clld.org/values/6-120-283-3>		<http://ids.clld.org/parameters/6-120>		<http://ids.clld.org/values/6-120-174-1>		"womɨ"@mch	
"itõhã"@cyb	<http://ids.clld.org/values/15-350-283-1>		<http://ids.clld.org/parameters/15-350>		<http://ids.clld.org/values/15-350-174-1>		"kādo"@mch	
"pa'βereha"@cyb	<http://ids.clld.org/values/14-210-283-1>		<http://ids.clld.org/parameters/14-210>		<http://ids.clld.org/values/14-210-174-1>		"tamhə̄ʔne"@mch	
"kisi"@cyb	<http://ids.clld.org/values/8-410-283-3>		<http://ids.clld.org/parameters/8-410>		<http://ids.clld.org/values/8-410-174-1>		"inɲatɨʔtə̄dɨ"@mch	
"βuru"@cyb	<http://ids.clld.org/values/5-110-283-1>		<http://ids.clld.org/parameters/5-110>		<http://ids.clld.org/values/5-110-174-1>		"wowašīnčənə"@mch	
"pɔæræ"@cyb	<http://ids.clld.org/values/11-810-283-5>		<http://ids.clld.org/parameters/11-810>		<http://ids.clld.org/values/11-810-174-1>		"ehēma-dɨ"@mch	
"duaβa"@cyb	<http://ids.clld.org/values/2-100-283-1>		<http://ids.clld.org/parameters/2-100>		<http://ids.clld.org/values/2-100-174-1>		"ssoto"@mch	
"-ǰɔkɔ"@cyb	<http://ids.clld.org/values/4-210-283-1>		<http://ids.clld.org/parameters/4-210>		<http://ids.clld.org/values/4-210-174-1>		"ənu"@mch	
"-e-"@cyb	<http://ids.clld.org/values/10-480-283-7>		<http://ids.clld.org/parameters/10-480>		<http://ids.clld.org/values/10-480-174-1>		"w-eʔ-nə"@mch	
"rɔ'retui"@cyb	<http://ids.clld.org/values/1-220-283-1>		<http://ids.clld.org/parameters/1-220>		<http://ids.clld.org/values/1-220-174-1>		"hɨ̄"@mch	
"'bisi"@cyb	<http://ids.clld.org/values/1-880-283-1>		<http://ids.clld.org/parameters/1-880>		<http://ids.clld.org/values/1-880-174-1>		"-keme-dɨ"@mch	
"bokoha"@cyb	<http://ids.clld.org/values/15-850-283-1>		<http://ids.clld.org/parameters/15-850>		<http://ids.clld.org/values/15-850-174-1>		"taʔne"@mch	
"nãmo"@cyb	<http://ids.clld.org/values/1-830-283-1>		<http://ids.clld.org/parameters/1-830>		<http://ids.clld.org/values/1-830-174-1>		"widīnčə"@mch	
"'ki-asi"@cyb	<http://ids.clld.org/values/2-210-283-1>		<http://ids.clld.org/parameters/2-210>		<http://ids.clld.org/values/2-210-174-1>		"danwa"@mch	
"dubu"@cyb	<http://ids.clld.org/values/5-821-283-1>		<http://ids.clld.org/parameters/5-821>		<http://ids.clld.org/values/5-821-174-1>		"homi"@mch	
"sibi ~ sibo"@cyb	<http://ids.clld.org/values/10-430-283-1>		<http://ids.clld.org/parameters/10-430>		<http://ids.clld.org/values/10-430-174-1>		"w-ahanɨn-nə"@mch	
"kæ'hæčɔ"@cyb	<http://ids.clld.org/values/12-230-283-1>		<http://ids.clld.org/parameters/12-230>		<http://ids.clld.org/values/12-230-174-1>		"šādamadɨ̄he"@mch	
"mɨhɨ"@cyb	<http://ids.clld.org/values/15-210-283-1>		<http://ids.clld.org/parameters/15-210>		<http://ids.clld.org/values/15-210-174-1>		"hyoʔhōdɨ"@mch	
"'darutæ ~ da'rutæ"@cyb	<http://ids.clld.org/values/15-690-283-1>		<http://ids.clld.org/parameters/15-690>		<http://ids.clld.org/values/15-690-174-1>		"kɨnota"@mch	
"-ro"@cyb	<http://ids.clld.org/values/2-910-283-7>		<http://ids.clld.org/parameters/2-910>		<http://ids.clld.org/values/2-910-174-1>		"ɨwɨ"@mch	
"βari'ɨkɨkɨ"@cyb	<http://ids.clld.org/values/3-620-283-1>		<http://ids.clld.org/parameters/3-620>		<http://ids.clld.org/values/3-620-174-1>		"[mēši]"@mch	
"ra-pɔtɔ"@cyb	<http://ids.clld.org/values/4-142-283-1>		<http://ids.clld.org/parameters/4-142>		<http://ids.clld.org/values/4-142-174-1>		"ettəmuho"@mch	
"či'hiire"@cyb	<http://ids.clld.org/values/22-350-283-3>		<http://ids.clld.org/parameters/22-350>		<http://ids.clld.org/values/22-350-174-1>		"kahūšawa"@mch	
"mitia"@cyb	<http://ids.clld.org/values/13-20-283-1>		<http://ids.clld.org/parameters/13-20>		<http://ids.clld.org/values/13-20-174-1>		"āʔkə"@mch	
"pečaipe"@cyb	<http://ids.clld.org/values/17-660-283-3>		<http://ids.clld.org/parameters/17-660>		<http://ids.clld.org/values/17-660-174-1>		"ə̄iša"@mch	
"čakačo"@cyb	<http://ids.clld.org/values/14-480-283-1>		<http://ids.clld.org/parameters/14-480>		<http://ids.clld.org/values/14-480-174-1>		"henamma"@mch	
"in-"@cyb	<http://ids.clld.org/values/4-130-283-1>		<http://ids.clld.org/parameters/4-130>		<http://ids.clld.org/values/4-130-174-1>		"hyunu"@mch	
"βiri"@cyb	<http://ids.clld.org/values/10-851-283-1>		<http://ids.clld.org/parameters/10-851>		<http://ids.clld.org/values/10-851-174-1>		"hēna"@mch	
"isi"@cyb	<http://ids.clld.org/values/4-270-283-3>		<http://ids.clld.org/parameters/4-270>		<http://ids.clld.org/values/4-270-174-1>		"dedɨ"@mch	
"bibiki"@cyb	<http://ids.clld.org/values/20-620-283-1>		<http://ids.clld.org/parameters/20-620>		<http://ids.clld.org/values/20-620-174-1>		"t-ɨwə̄-dɨ"@mch	
"ræ'ræhæ"@cyb	<http://ids.clld.org/values/11-180-283-1>		<http://ids.clld.org/parameters/11-180>		<http://ids.clld.org/values/11-180-174-1>		"k-ɨnnɨdɨʔ-komo"@mch	
"-rihi ~ ihi"@cyb	<http://ids.clld.org/values/2-942-283-1>		<http://ids.clld.org/parameters/2-942>		<http://ids.clld.org/values/2-942-174-1>		"nɲa"@mch	
"'a-ča-e"@cyb	<http://ids.clld.org/values/4-240-283-3>		<http://ids.clld.org/parameters/4-240>		<http://ids.clld.org/values/4-240-174-1>		"ənta"@mch	
"boko"@cyb	<http://ids.clld.org/values/5-260-283-1>		<http://ids.clld.org/parameters/5-260>		<http://ids.clld.org/values/5-260-174-1>		"ədinɲə"@mch	
"ukuku"@cyb	<http://ids.clld.org/values/3-350-283-3>		<http://ids.clld.org/parameters/3-350>		<http://ids.clld.org/values/3-350-174-1>		"[kūši]"@mch	
"tã"@cyb	<http://ids.clld.org/values/19-470-283-5>		<http://ids.clld.org/parameters/19-470>		<http://ids.clld.org/values/19-470-174-1>		"tɨdɨho-dɨ"@mch	
"rɨrɨ"@cyb	<http://ids.clld.org/values/16-370-283-7>		<http://ids.clld.org/parameters/16-370>		<http://ids.clld.org/values/16-370-174-1>		"w-amo-nə"@mch	
"βakaka"@cyb	<http://ids.clld.org/values/11-130-283-1>		<http://ids.clld.org/parameters/11-130>		<http://ids.clld.org/values/11-130-174-1>		"w-emhan-nə"@mch	
"'iiɲi ~ iɲe ~ eɲe"@cyb	<http://ids.clld.org/values/4-260-283-1>		<http://ids.clld.org/parameters/4-260>		<http://ids.clld.org/values/4-260-174-1>		"ɲūdu"@mch	
"noho ~ nõhõ"@cyb	<http://ids.clld.org/values/14-180-283-3>		<http://ids.clld.org/parameters/14-180>		<http://ids.clld.org/values/14-180-174-1>		"edūwa"@mch	
"βoha"@cyb	<http://ids.clld.org/values/12-440-283-1>		<http://ids.clld.org/parameters/12-440>		<http://ids.clld.org/values/12-440-174-1>		"amoinče"@mch	
"'a-raɨ ~ 'arau"@cyb	<http://ids.clld.org/values/14-420-283-3>		<http://ids.clld.org/parameters/14-420>		<http://ids.clld.org/values/14-420-174-1>		"čomomɨ̄dɨ"@mch	
"rɔmi"@cyb	<http://ids.clld.org/values/2-270-283-3>		<http://ids.clld.org/parameters/2-270>		<http://ids.clld.org/values/2-270-174-1>		"nnedɨ"@mch	
"ra-ona"@cyb	<http://ids.clld.org/values/4-204-283-1>		<http://ids.clld.org/parameters/4-204>		<http://ids.clld.org/values/4-204-174-1>		"heʔ-dɨ"@mch	
"čopara"@cyb	<http://ids.clld.org/values/5-810-283-1>		<http://ids.clld.org/parameters/5-810>		<http://ids.clld.org/values/5-810-174-1>		"[sayu]"@mch	
"hiǰike"@cyb	<http://ids.clld.org/values/4-220-283-1>		<http://ids.clld.org/parameters/4-220>		<http://ids.clld.org/values/4-220-174-1>		"hāna"@mch	
"da-bo ~ do-bo"@cyb	<http://ids.clld.org/values/1-750-283-1>		<http://ids.clld.org/parameters/1-750>		<http://ids.clld.org/values/1-750-174-1>		"konōho"@mch	
"tɔpɔ-rɔ"@cyb	<http://ids.clld.org/values/1-852-283-3>		<http://ids.clld.org/parameters/1-852>		<http://ids.clld.org/values/1-852-174-1>		"daʔtwa-dɨ"@mch	
"βædæræ"@cyb	<http://ids.clld.org/values/12-560-283-1>		<http://ids.clld.org/parameters/12-560>		<http://ids.clld.org/values/12-560-174-1>		"šeʔkə"@mch	
"m-"@cyb	<http://ids.clld.org/values/2-960-283-3>		<http://ids.clld.org/parameters/2-960>		<http://ids.clld.org/values/2-960-174-1>		"tɨnwano"@mch	
"ya'boreha"@cyb	<http://ids.clld.org/values/15-640-283-3>		<http://ids.clld.org/parameters/15-640>		<http://ids.clld.org/values/15-640-174-1>		"təʔkeʔne"@mch	
"rɔmi-he"@cyb	<http://ids.clld.org/values/2-430-283-3>		<http://ids.clld.org/parameters/2-430>		<http://ids.clld.org/values/2-430-174-1>		"nnedɨ"@mch	
"'daroto"@cyb	<http://ids.clld.org/values/4-320-283-1>		<http://ids.clld.org/parameters/4-320>		<http://ids.clld.org/values/4-320-174-1>		"ə̄ʔmu"@mch	
"heče"@cyb	<http://ids.clld.org/values/16-250-283-1>		<http://ids.clld.org/parameters/16-250>		<http://ids.clld.org/values/16-250-174-1>		"waʔsenɲo"@mch	
"mitia 'rirobo"@cyb	<http://ids.clld.org/values/13-70-283-1>		<http://ids.clld.org/parameters/13-70>		<http://ids.clld.org/values/13-70-174-1>		"āʔkə amohaʔto"@mch	
"ta"@cyb	<http://ids.clld.org/values/1-310-283-1>		<http://ids.clld.org/parameters/1-310>		<http://ids.clld.org/values/1-310-174-1>		"tuna"@mch	
"rɔ̃mi"@cyb	<http://ids.clld.org/values/2-430-283-1>		<http://ids.clld.org/parameters/2-430>		<http://ids.clld.org/values/2-430-174-1>		"nnedɨ"@mch	
"ra-kɨβɨ"@cyb	<http://ids.clld.org/values/5-490-283-1>		<http://ids.clld.org/parameters/5-490>		<http://ids.clld.org/values/5-490-174-1>		"-oima-dɨ"@mch	
"'daǰɨ"@cyb	<http://ids.clld.org/values/4-350-283-1>		<http://ids.clld.org/parameters/4-350>		<http://ids.clld.org/values/4-350-174-1>		"hētɨ"@mch	
"βerere"@cyb	<http://ids.clld.org/values/10-510-283-1>		<http://ids.clld.org/parameters/10-510>		<http://ids.clld.org/values/10-510-174-1>		"w-ə̄nehē-nə"@mch	
"čɨmɨrɨ"@cyb	<http://ids.clld.org/values/12-120-283-1>		<http://ids.clld.org/parameters/12-120>		<http://ids.clld.org/values/12-120-174-1>		"enɨ̄ta"@mch	
"čɨmɨrɨ"@cyb	<http://ids.clld.org/values/12-120-283-1>		<http://ids.clld.org/parameters/12-120>		<http://ids.clld.org/values/12-120-174-3>		"-ehuʔta-"@mch	
"rakahẽ"@cyb	<http://ids.clld.org/values/4-440-283-3>		<http://ids.clld.org/parameters/4-440>		<http://ids.clld.org/values/4-440-174-1>		"yēwanɨ"@mch	
"poreǰi"@cyb	<http://ids.clld.org/values/16-720-283-1>		<http://ids.clld.org/parameters/16-720>		<http://ids.clld.org/values/16-720-174-1>		"kənemhɨnɨ"@mch	
"bɔ...čɔ"@cyb	<http://ids.clld.org/values/11-820-283-1>		<http://ids.clld.org/parameters/11-820>		<http://ids.clld.org/values/11-820-174-1>		"ehema-hoi"@mch	
"papa"@cyb	<http://ids.clld.org/values/2-350-283-1>		<http://ids.clld.org/parameters/2-350>		<http://ids.clld.org/values/2-350-174-1>		"haha"@mch	
"daka"@cyb	<http://ids.clld.org/values/9-250-283-1>		<http://ids.clld.org/parameters/9-250>		<http://ids.clld.org/values/9-250-174-1>		"wɨ̄wɨ"@mch	
"pãpã"@cyb	<http://ids.clld.org/values/4-720-283-3>		<http://ids.clld.org/parameters/4-720>		<http://ids.clld.org/values/4-720-174-1>		"w-ennu-nə"@mch	
"'titidɔ"@cyb	<http://ids.clld.org/values/3-581-283-1>		<http://ids.clld.org/parameters/3-581>		<http://ids.clld.org/values/3-581-174-1>		"hawi"@mch	
"ǰoǰo"@cyb	<http://ids.clld.org/values/4-530-283-3>		<http://ids.clld.org/parameters/4-530>		<http://ids.clld.org/values/4-530-174-1>		"təinšiʔho"@mch	
"bere...ama"@cyb	<http://ids.clld.org/values/14-250-283-1>		<http://ids.clld.org/parameters/14-250>		<http://ids.clld.org/values/14-250-174-1>		"ahəntədɨ"@mch	
"yaβo'dohaæ"@cyb	<http://ids.clld.org/values/15-670-283-1>		<http://ids.clld.org/parameters/15-670>		<http://ids.clld.org/values/15-670-174-1>		"šēne"@mch	
"do'eibi"@cyb	<http://ids.clld.org/values/18-310-283-3>		<http://ids.clld.org/parameters/18-310>		<http://ids.clld.org/values/18-310-174-1>		"-ekammaho-"@mch	
"'doapa"@cyb	<http://ids.clld.org/values/5-700-283-3>		<http://ids.clld.org/parameters/5-700>		<http://ids.clld.org/values/5-700-174-1>		"šāku"@mch	
"bã'reohe ~ βareõhẽ"@cyb	<http://ids.clld.org/values/4-230-283-1>		<http://ids.clld.org/parameters/4-230>		<http://ids.clld.org/values/4-230-174-1>		"ənna"@mch	
"dæ'rætui"@cyb	<http://ids.clld.org/values/12-310-283-1>		<http://ids.clld.org/parameters/12-310>		<http://ids.clld.org/values/12-310-174-1>		"kawə"@mch	
"βɨrɨ"@cyb	<http://ids.clld.org/values/15-780-283-1>		<http://ids.clld.org/parameters/15-780>		<http://ids.clld.org/values/15-780-174-1>		"ākə̄tədɨ"@mch	
"si"@cyb	<http://ids.clld.org/values/17-250-283-3>		<http://ids.clld.org/parameters/17-250>		<http://ids.clld.org/values/17-250-174-1>		"-owānoma-"@mch	
"'čaa'da"@cyb	<http://ids.clld.org/values/13-40-283-1>		<http://ids.clld.org/parameters/13-40>		<http://ids.clld.org/values/13-40-174-1>		"āʔkəiʔčea"@mch	
"ǰikiβa"@cyb	<http://ids.clld.org/values/9-190-283-1>		<http://ids.clld.org/parameters/9-190>		<http://ids.clld.org/values/9-190-174-1>		"āʔto"@mch	
"'ra-βiri"@cyb	<http://ids.clld.org/values/10-851-283-3>		<http://ids.clld.org/parameters/10-851>		<http://ids.clld.org/values/10-851-174-1>		"hēna"@mch	
"βada-"@cyb	<http://ids.clld.org/values/2-440-283-1>		<http://ids.clld.org/parameters/2-440>		<http://ids.clld.org/values/2-440-174-1>		"-nuwā-dɨ"@mch	
"nuhi"@cyb	<http://ids.clld.org/values/11-130-283-3>		<http://ids.clld.org/parameters/11-130>		<http://ids.clld.org/values/11-130-174-1>		"w-emhan-nə"@mch	
"ri- ~ t- ~ ta- ~ ti- te- ~ i- ~ ∅"@cyb	<http://ids.clld.org/values/2-930-283-3>		<http://ids.clld.org/parameters/2-930>		<http://ids.clld.org/values/2-930-174-1>		"tɨwɨ"@mch	
"ra-βururu"@cyb	<http://ids.clld.org/values/5-120-283-5>		<http://ids.clld.org/parameters/5-120>		<http://ids.clld.org/values/5-120-174-1>		"mudūkuku"@mch	
"patɨha"@cyb	<http://ids.clld.org/values/15-660-283-3>		<http://ids.clld.org/parameters/15-660>		<http://ids.clld.org/values/15-660-174-1>		"seweičato"@mch	
"rišæræ"@cyb	<http://ids.clld.org/values/5-123-283-5>		<http://ids.clld.org/parameters/5-123>		<http://ids.clld.org/values/5-123-174-1>		"sēweyčato"@mch	
"ra'dɔadɔ"@cyb	<http://ids.clld.org/values/9-343-283-3>		<http://ids.clld.org/parameters/9-343>		<http://ids.clld.org/values/9-343-174-1>		"eʔkukā-dɨ"@mch	
"porohi"@cyb	<http://ids.clld.org/values/4-740-283-1>		<http://ids.clld.org/parameters/4-740>		<http://ids.clld.org/values/4-740-174-1>		"wenɲə"@mch	
"mi'tia βu'ruruče"@cyb	<http://ids.clld.org/values/13-104-283-1>		<http://ids.clld.org/parameters/13-104>		<http://ids.clld.org/values/13-104-174-1>		"tōni ssoto"@mch	
"pɔtæ"@cyb	<http://ids.clld.org/values/4-393-283-1>		<http://ids.clld.org/parameters/4-393>		<http://ids.clld.org/values/4-393-174-1>		"iʔhōʔtɨ"@mch	
"ɲe'tikɨ"@cyb	<http://ids.clld.org/values/2-530-283-3>		<http://ids.clld.org/parameters/2-530>		<http://ids.clld.org/values/2-530-174-1>		"honɨ"@mch	
"ɲe'tikɨ"@cyb	<http://ids.clld.org/values/2-530-283-3>		<http://ids.clld.org/parameters/2-530>		<http://ids.clld.org/values/2-530-174-3>		"honɨ-kə"@mch	
"'βarike"@cyb	<http://ids.clld.org/values/13-170-283-1>		<http://ids.clld.org/parameters/13-170>		<http://ids.clld.org/values/13-170-174-1>		"ākəʔkə"@mch	
"tata"@cyb	<http://ids.clld.org/values/18-310-283-5>		<http://ids.clld.org/parameters/18-310>		<http://ids.clld.org/values/18-310-174-1>		"-ekammaho-"@mch	
"dɔ"@cyb	<http://ids.clld.org/values/3-750-283-3>		<http://ids.clld.org/parameters/3-750>		<http://ids.clld.org/values/3-750-174-1>		"kawādi"@mch	
"tɔrene ~ tɔ̃rene"@cyb	<http://ids.clld.org/values/2-220-283-1>		<http://ids.clld.org/parameters/2-220>		<http://ids.clld.org/values/2-220-174-1>		"wodi"@mch	
"čaada-'rirobo"@cyb	<http://ids.clld.org/values/13-90-283-1>		<http://ids.clld.org/parameters/13-90>		<http://ids.clld.org/values/13-90-174-1>		"āʔkəi čea amohaʔto"@mch	
"rãri"@cyb	<http://ids.clld.org/values/19-510-283-1>		<http://ids.clld.org/parameters/19-510>		<http://ids.clld.org/values/19-510-174-1>		"weičakōno"@mch	
"šiki"@cyb	<http://ids.clld.org/values/8-470-283-1>		<http://ids.clld.org/parameters/8-470>		<http://ids.clld.org/values/8-470-174-1>		"ənɲa"@mch	
"čɔte"@cyb	<http://ids.clld.org/values/9-210-283-3>		<http://ids.clld.org/parameters/9-210>		<http://ids.clld.org/values/9-210-174-1>		"-aiʔhuka-dɨ"@mch	
"pa'detahi"@cyb	<http://ids.clld.org/values/13-150-283-5>		<http://ids.clld.org/parameters/13-150>		<http://ids.clld.org/values/13-150-174-1>		"hōhe"@mch	
"ra-'miɲina"@cyb	<http://ids.clld.org/values/18-210-283-7>		<http://ids.clld.org/parameters/18-210>		<http://ids.clld.org/values/18-210-174-1>		"w-aʔdew-nə"@mch	
"ra'koama"@cyb	<http://ids.clld.org/values/10-550-283-5>		<http://ids.clld.org/parameters/10-550>		<http://ids.clld.org/values/10-550-174-1>		"w-əʔdɨ-nə"@mch	
"tutuhu"@cyb	<http://ids.clld.org/values/9-360-283-1>		<http://ids.clld.org/parameters/9-360>		<http://ids.clld.org/values/9-360-174-1>		"-ičoʔka-dɨ"@mch	
"hɔri"@cyb	<http://ids.clld.org/values/12-930-283-1>		<http://ids.clld.org/parameters/12-930>		<http://ids.clld.org/values/12-930-174-1>		"w-ekamhiaka-nə"@mch	
"'rããre ~ rãrẽ"@cyb	<http://ids.clld.org/values/1-530-283-1>		<http://ids.clld.org/parameters/1-530>		<http://ids.clld.org/values/1-530-174-1>		"nūnə"@mch	
"βa-ǰɔǰɔ-hɔ"@cyb	<http://ids.clld.org/values/4-530-283-1>		<http://ids.clld.org/parameters/4-530>		<http://ids.clld.org/values/4-530-174-1>		"təinšiʔho"@mch	
"rɨǰɨβɨ"@cyb	<http://ids.clld.org/values/15-860-283-3>		<http://ids.clld.org/parameters/15-860>		<http://ids.clld.org/values/15-860-174-1>		"kəmme"@mch	
"biki"@cyb	<http://ids.clld.org/values/10-250-283-3>		<http://ids.clld.org/parameters/10-250>		<http://ids.clld.org/values/10-250-174-1>		"himā-dɨ"@mch	
"ipeda"@cyb	<http://ids.clld.org/values/12-353-283-3>		<http://ids.clld.org/parameters/12-353>		<http://ids.clld.org/values/12-353-174-1>		"čəʔhiyu"@mch	
"bæhæ ~ βæhæ"@cyb	<http://ids.clld.org/values/8-930-283-1>		<http://ids.clld.org/parameters/8-930>		<http://ids.clld.org/values/8-930-174-1>		"kankudu"@mch	
"a-'boro-re ~ a-'βoro-ri"@cyb	<http://ids.clld.org/values/4-280-283-3>		<http://ids.clld.org/parameters/4-280>		<http://ids.clld.org/values/4-280-174-1>		"hɨ̄mɨ"@mch	
"beβeta"@cyb	<http://ids.clld.org/values/4-620-283-3>		<http://ids.clld.org/parameters/4-620>		<http://ids.clld.org/values/4-620-174-1>		"wənētɨnə"@mch	
"sĩire ~ siire"@cyb	<http://ids.clld.org/values/4-300-283-3>		<http://ids.clld.org/parameters/4-300>		<http://ids.clld.org/values/4-300-174-1>		"nkawə"@mch	
"pæče"@cyb	<http://ids.clld.org/values/9-760-283-1>		<http://ids.clld.org/parameters/9-760>		<http://ids.clld.org/values/9-760-174-1>		"wɨ̄wa"@mch	
"'ričæhæ"@cyb	<http://ids.clld.org/values/11-310-283-3>		<http://ids.clld.org/parameters/11-310>		<http://ids.clld.org/values/11-310-174-1>		"uhīyɨ"@mch	
"behe"@cyb	<http://ids.clld.org/values/17-240-283-1>		<http://ids.clld.org/parameters/17-240>		<http://ids.clld.org/values/17-240-174-1>		"-ōwanoma-"@mch	
"data"@cyb	<http://ids.clld.org/values/3-650-283-1>		<http://ids.clld.org/parameters/3-650>		<http://ids.clld.org/values/3-650-174-1>		"nākukwāno"@mch	
"ɲama"@cyb	<http://ids.clld.org/values/7-120-283-3>		<http://ids.clld.org/parameters/7-120>		<http://ids.clld.org/values/7-120-174-1>		"mmā"@mch	
"dĩrĩ"@cyb	<http://ids.clld.org/values/12-560-283-5>		<http://ids.clld.org/parameters/12-560>		<http://ids.clld.org/values/12-560-174-1>		"šeʔkə"@mch	
"sopi"@cyb	<http://ids.clld.org/values/2-420-283-1>		<http://ids.clld.org/parameters/2-420>		<http://ids.clld.org/values/2-420-174-1>		"nnedɨ"@mch	
"rorohe"@cyb	<http://ids.clld.org/values/10-450-283-1>		<http://ids.clld.org/parameters/10-450>		<http://ids.clld.org/values/10-450-174-1>		"w-ōhoyma-nə"@mch	
"tætæ"@cyb	<http://ids.clld.org/values/12-550-283-3>		<http://ids.clld.org/parameters/12-550>		<http://ids.clld.org/values/12-550-174-1>		"nuwe"@mch	
"kã"@cyb	<http://ids.clld.org/values/10-230-283-3>		<http://ids.clld.org/parameters/10-230>		<http://ids.clld.org/values/10-230-174-1>		"w-eduka-nə"@mch	
"čɔčɔkɔ"@cyb	<http://ids.clld.org/values/1-840-283-1>		<http://ids.clld.org/parameters/1-840>		<http://ids.clld.org/values/1-840-174-1>		"wedēnnə"@mch	
"mačahaɨ"@cyb	<http://ids.clld.org/values/2-250-283-1>		<http://ids.clld.org/parameters/2-250>		<http://ids.clld.org/values/2-250-174-1>		"mudekə̄kə"@mch	
"kurapa-'riroβo"@cyb	<http://ids.clld.org/values/13-80-283-1>		<http://ids.clld.org/parameters/13-80>		<http://ids.clld.org/values/13-80-174-1>		"aduwawə amohaʔto"@mch	
"ta'korako"@cyb	<http://ids.clld.org/values/3-550-283-1>		<http://ids.clld.org/parameters/3-550>		<http://ids.clld.org/values/3-550-174-1>		"wamēdi"@mch	
"iše ~ iš-"@cyb	<http://ids.clld.org/values/4-120-283-1>		<http://ids.clld.org/parameters/4-120>		<http://ids.clld.org/values/4-120-174-1>		"hiʔhə"@mch	
"mame"@cyb	<http://ids.clld.org/values/4-410-283-1>		<http://ids.clld.org/parameters/4-410>		<http://ids.clld.org/values/4-410-174-1>		"ʔdohɨ-dɨ"@mch	
"ričokoe ~ ričokoho"@cyb	<http://ids.clld.org/values/4-205-283-1>		<http://ids.clld.org/parameters/4-205>		<http://ids.clld.org/values/4-205-174-1>		"heʔkay"@mch	
"pi- ~ ipi-"@cyb	<http://ids.clld.org/values/2-920-283-3>		<http://ids.clld.org/parameters/2-920>		<http://ids.clld.org/values/2-920-174-1>		"əmədə"@mch	
"ræ'ræhæ"@cyb	<http://ids.clld.org/values/4-461-283-3>		<http://ids.clld.org/parameters/4-461>		<http://ids.clld.org/values/4-461-174-1>		"hyōtɨ"@mch	
"kuaβe"@cyb	<http://ids.clld.org/values/3-594-283-5>		<http://ids.clld.org/parameters/3-594>		<http://ids.clld.org/values/3-594-174-1>		"hadūma"@mch	
"nanaka"@cyb	<http://ids.clld.org/values/10-720-283-1>		<http://ids.clld.org/parameters/10-720>		<http://ids.clld.org/values/10-720-174-1>		"ə̄ma"@mch	
"tõnõ"@cyb	<http://ids.clld.org/values/18-120-283-3>		<http://ids.clld.org/parameters/18-120>		<http://ids.clld.org/values/18-120-174-1>		"we[kantā]ʔɲənə"@mch	
"tɨrɨ"@cyb	<http://ids.clld.org/values/4-150-283-1>		<http://ids.clld.org/parameters/4-150>		<http://ids.clld.org/values/4-150-174-1>		"munu"@mch	
"miɲo"@cyb	<http://ids.clld.org/values/3-823-283-1>		<http://ids.clld.org/parameters/3-823>		<http://ids.clld.org/values/3-823-174-1>		"sūnwa"@mch	
"iputi"@cyb	<http://ids.clld.org/values/7-150-283-1>		<http://ids.clld.org/parameters/7-150>		<http://ids.clld.org/values/7-150-174-1>		"hɨdōdo"@mch	
"rakie"@cyb	<http://ids.clld.org/values/4-160-283-1>		<http://ids.clld.org/parameters/4-160>		<http://ids.clld.org/values/4-160-174-1>		"yēʔhə"@mch	
"čiči"@cyb	<http://ids.clld.org/values/12-560-283-3>		<http://ids.clld.org/parameters/12-560>		<http://ids.clld.org/values/12-560-174-1>		"šeʔkə"@mch	
"dita"@cyb	<http://ids.clld.org/values/2-360-283-3>		<http://ids.clld.org/parameters/2-360>		<http://ids.clld.org/values/2-360-174-1>		"denɨ"@mch	
"ine"@cyb	<http://ids.clld.org/values/12-610-283-1>		<http://ids.clld.org/parameters/12-610>		<http://ids.clld.org/values/12-610-174-1>		"taʔhuhūne"@mch	
"kera-"@cyb	<http://ids.clld.org/values/17-650-283-1>		<http://ids.clld.org/parameters/17-650>		<http://ids.clld.org/values/17-650-174-1>		"əičənnāwəkə"@mch	
"'βehere"@cyb	<http://ids.clld.org/values/18-130-283-1>		<http://ids.clld.org/parameters/18-130>		<http://ids.clld.org/values/18-130-174-1>		"kəʔtɨn-nə"@mch	
"-riki ~ iki"@cyb	<http://ids.clld.org/values/2-960-283-1>		<http://ids.clld.org/parameters/2-960>		<http://ids.clld.org/values/2-960-174-1>		"tɨnwano"@mch	
"tæk-"@cyb	<http://ids.clld.org/values/2-470-283-1>		<http://ids.clld.org/parameters/2-470>		<http://ids.clld.org/values/2-470-174-1>		"-tamū-du"@mch	
"horoko"@cyb	<http://ids.clld.org/values/5-900-283-3>		<http://ids.clld.org/parameters/5-900>		<http://ids.clld.org/values/5-900-174-1>		"kuši"@mch	
"'i-raha"@cyb	<http://ids.clld.org/values/16-710-283-1>		<http://ids.clld.org/parameters/16-710>		<http://ids.clld.org/values/16-710-174-1>		"ašiča"@mch	
"uun-"@cyb	<http://ids.clld.org/values/15-510-283-5>		<http://ids.clld.org/parameters/15-510>		<http://ids.clld.org/values/15-510-174-1>		"ene-dɨ"@mch	
"bãrã'čaɲika ~ βara'čaɲika"@cyb	<http://ids.clld.org/values/7-220-283-1>		<http://ids.clld.org/parameters/7-220>		<http://ids.clld.org/values/7-220-174-1>		"mɨnātata"@mch	
"dere"@cyb	<http://ids.clld.org/values/12-570-283-1>		<http://ids.clld.org/parameters/12-570>		<http://ids.clld.org/values/12-570-174-1>		"nuwe"@mch	
"roto"@cyb	<http://ids.clld.org/values/9-341-283-1>		<http://ids.clld.org/parameters/9-341>		<http://ids.clld.org/values/9-341-174-1>		"-ewaʔtə-dɨ"@mch	
"eɲe"@cyb	<http://ids.clld.org/values/4-180-283-1>		<http://ids.clld.org/parameters/4-180>		<http://ids.clld.org/values/4-180-174-1>		"dāʔkɨdɨ"@mch	
"biǰike"@cyb	<http://ids.clld.org/values/4-220-283-3>		<http://ids.clld.org/parameters/4-220>		<http://ids.clld.org/values/4-220-174-1>		"hāna"@mch	
"'bočae"@cyb	<http://ids.clld.org/values/17-640-283-1>		<http://ids.clld.org/parameters/17-640>		<http://ids.clld.org/values/17-640-174-1>		"ākene"@mch	
"a-hæ-i"@cyb	<http://ids.clld.org/values/4-370-283-3>		<http://ids.clld.org/parameters/4-370>		<http://ids.clld.org/values/4-370-174-1>		"hūdu"@mch	
"-ča"@cyb	<http://ids.clld.org/values/10-620-283-3>		<http://ids.clld.org/parameters/10-620>		<http://ids.clld.org/values/10-620-174-1>		"-enehɨ"@mch	
"data"@cyb	<http://ids.clld.org/values/1-810-283-1>		<http://ids.clld.org/parameters/1-810>		<http://ids.clld.org/values/1-810-174-1>		"wāʔto"@mch	
"kohi"@cyb	<http://ids.clld.org/values/17-130-283-1>		<http://ids.clld.org/parameters/17-130>		<http://ids.clld.org/values/17-130-174-1>		"tɨtahə-nə"@mch	
"ũka"@cyb	<http://ids.clld.org/values/15-370-283-1>		<http://ids.clld.org/parameters/15-370>		<http://ids.clld.org/values/15-370-174-1>		"tutune"@mch	
"kuduru"@cyb	<http://ids.clld.org/values/16-270-283-3>		<http://ids.clld.org/parameters/16-270>		<http://ids.clld.org/values/16-270-174-1>		"hyumma-dɨ"@mch	
"ka-te-ri"@cyb	<http://ids.clld.org/values/2-310-283-1>		<http://ids.clld.org/parameters/2-310>		<http://ids.clld.org/values/2-310-174-1>		"-ɲno"@mch	
"ɲã'daera"@cyb	<http://ids.clld.org/values/18-560-283-1>		<http://ids.clld.org/parameters/18-560>		<http://ids.clld.org/values/18-560-174-1>		"[hahēda]"@mch	
"takasi-'tɔrene"@cyb	<http://ids.clld.org/values/2-471-283-1>		<http://ids.clld.org/parameters/2-471>		<http://ids.clld.org/values/2-471-174-1>		"noʔsamoʔkɨ"@mch	
"βororo"@cyb	<http://ids.clld.org/values/15-550-283-1>		<http://ids.clld.org/parameters/15-550>		<http://ids.clld.org/values/15-550-174-1>		"eneho-dɨ"@mch	
"ǰɔ"@cyb	<http://ids.clld.org/values/4-530-283-5>		<http://ids.clld.org/parameters/4-530>		<http://ids.clld.org/values/4-530-174-1>		"təinšiʔho"@mch	
"koro"@cyb	<http://ids.clld.org/values/10-480-283-11>		<http://ids.clld.org/parameters/10-480>		<http://ids.clld.org/values/10-480-174-1>		"w-eʔ-nə"@mch	
"ari-'ãkãhẽ"@cyb	<http://ids.clld.org/values/10-473-283-1>		<http://ids.clld.org/parameters/10-473>		<http://ids.clld.org/values/10-473-174-1>		"hɨ̄ʔwakādə"@mch	
"bikiri"@cyb	<http://ids.clld.org/values/20-620-283-3>		<http://ids.clld.org/parameters/20-620>		<http://ids.clld.org/values/20-620-174-1>		"t-ɨwə̄-dɨ"@mch	
"kãhã-ri"@cyb	<http://ids.clld.org/values/4-580-283-3>		<http://ids.clld.org/parameters/4-580>		<http://ids.clld.org/values/4-580-174-1>		"ēkādɨ"@mch	
"kone"@cyb	<http://ids.clld.org/values/4-461-283-5>		<http://ids.clld.org/parameters/4-461>		<http://ids.clld.org/values/4-461-174-1>		"hyōtɨ"@mch	
"βoroko"@cyb	<http://ids.clld.org/values/18-310-283-1>		<http://ids.clld.org/parameters/18-310>		<http://ids.clld.org/values/18-310-174-1>		"-ekammaho-"@mch	
"čepe-"@cyb	<http://ids.clld.org/values/17-560-283-1>		<http://ids.clld.org/parameters/17-560>		<http://ids.clld.org/values/17-560-174-1>		"mmʔhm"@mch	
"mei-'duaβa"@cyb	<http://ids.clld.org/values/19-210-283-1>		<http://ids.clld.org/parameters/19-210>		<http://ids.clld.org/values/19-210-174-1>		"weiʔčɨ"@mch	
"'daki-ru"@cyb	<http://ids.clld.org/values/4-345-283-1>		<http://ids.clld.org/parameters/4-345>		<http://ids.clld.org/values/4-345-174-1>		"əmmi"@mch	
"βaβɨhɨ"@cyb	<http://ids.clld.org/values/13-150-283-1>		<http://ids.clld.org/parameters/13-150>		<http://ids.clld.org/values/13-150-174-1>		"hōhe"@mch	
"čapea"@cyb	<http://ids.clld.org/values/10-610-283-1>		<http://ids.clld.org/parameters/10-610>		<http://ids.clld.org/values/10-610-174-1>		"-adə̄-"@mch	
"te"@cyb	<http://ids.clld.org/values/2-310-283-3>		<http://ids.clld.org/parameters/2-310>		<http://ids.clld.org/values/2-310-174-1>		"-ɲno"@mch	
"-kɨče"@cyb	<http://ids.clld.org/values/2-510-283-3>		<http://ids.clld.org/parameters/2-510>		<http://ids.clld.org/values/2-510-174-1>		"wōdɨ"@mch	
"ene"@cyb	<http://ids.clld.org/values/8-560-283-1>		<http://ids.clld.org/parameters/8-560>		<http://ids.clld.org/values/8-560-174-1>		"yadɨ"@mch	
"rɨkɨ"@cyb	<http://ids.clld.org/values/16-230-283-3>		<http://ids.clld.org/parameters/16-230>		<http://ids.clld.org/values/16-230-174-1>		"takwanɲe"@mch	
"puku"@cyb	<http://ids.clld.org/values/9-221-283-1>		<http://ids.clld.org/parameters/9-221>		<http://ids.clld.org/values/9-221-174-1>		"čūhiya-dɨ"@mch	
"puku"@cyb	<http://ids.clld.org/values/9-221-283-1>		<http://ids.clld.org/parameters/9-221>		<http://ids.clld.org/values/9-221-174-3>		"yaʔka-dɨ"@mch	
"['tarafa]"@cyb	<http://ids.clld.org/values/20-540-283-1>		<http://ids.clld.org/parameters/20-540>		<http://ids.clld.org/values/20-540-174-1>		"anətə"@mch	
"rapɨ'pɨɲika"@cyb	<http://ids.clld.org/values/7-270-283-1>		<http://ids.clld.org/parameters/7-270>		<http://ids.clld.org/values/7-270-174-1>		"həʔhudu"@mch	
"biti"@cyb	<http://ids.clld.org/values/4-610-283-1>		<http://ids.clld.org/parameters/4-610>		<http://ids.clld.org/values/4-610-174-1>		"w-ɨnɨʔ-nə"@mch	
"u"@cyb	<http://ids.clld.org/values/10-480-283-9>		<http://ids.clld.org/parameters/10-480>		<http://ids.clld.org/values/10-480-174-1>		"w-eʔ-nə"@mch	
"kuæræ'ičæ̃põ"@cyb	<http://ids.clld.org/values/8-531-283-5>		<http://ids.clld.org/parameters/8-531>		<http://ids.clld.org/values/8-531-174-1>		"aiʔčɨdɨ"@mch	
"rɨrɨ"@cyb	<http://ids.clld.org/values/4-760-283-1>		<http://ids.clld.org/parameters/4-760>		<http://ids.clld.org/values/4-760-174-1>		"aminɲaʔkadɨ"@mch	
"rido'remaka"@cyb	<http://ids.clld.org/values/14-730-283-3>		<http://ids.clld.org/parameters/14-730>		<http://ids.clld.org/values/14-730-174-1>		"wedɨ"@mch	
"da'βukue"@cyb	<http://ids.clld.org/values/1-720-283-1>		<http://ids.clld.org/parameters/1-720>		<http://ids.clld.org/values/1-720-174-1>		"hehēnčə"@mch	
"ruune"@cyb	<http://ids.clld.org/values/15-510-283-1>		<http://ids.clld.org/parameters/15-510>		<http://ids.clld.org/values/15-510-174-1>		"ene-dɨ"@mch	
"ra-huǰa"@cyb	<http://ids.clld.org/values/12-130-283-5>		<http://ids.clld.org/parameters/12-130>		<http://ids.clld.org/values/12-130-174-1>		"w-atahhimā-nə"@mch	
"riči'bikidi"@cyb	<http://ids.clld.org/values/3-815-283-1>		<http://ids.clld.org/parameters/3-815>		<http://ids.clld.org/values/3-815-174-1>		"mɨnə̄tə"@mch	
"bočo"@cyb	<http://ids.clld.org/values/3-950-283-1>		<http://ids.clld.org/parameters/3-950>		<http://ids.clld.org/values/3-950-174-1>		"kɨʔto"@mch	
"a-'tɨɨte"@cyb	<http://ids.clld.org/values/4-140-283-1>		<http://ids.clld.org/parameters/4-140>		<http://ids.clld.org/values/4-140-174-1>		"hū"@mch	
"tækæ"@cyb	<http://ids.clld.org/values/10-210-283-7>		<http://ids.clld.org/parameters/10-210>		<http://ids.clld.org/values/10-210-174-1>		"w-ənuʔnə"@mch	
"ǰɔhɔ"@cyb	<http://ids.clld.org/values/16-810-283-1>		<http://ids.clld.org/parameters/16-810>		<http://ids.clld.org/values/16-810-174-1>		"inɲatahe"@mch	
"oǰa"@cyb	<http://ids.clld.org/values/6-120-283-1>		<http://ids.clld.org/parameters/6-120>		<http://ids.clld.org/values/6-120-174-1>		"womɨ"@mch	
"či-'koǰiβi ~ -koǰiβa"@cyb	<http://ids.clld.org/values/2-550-283-1>		<http://ids.clld.org/parameters/2-550>		<http://ids.clld.org/values/2-550-174-1>		"waiɲe"@mch	
"či-'koǰiβi ~ -koǰiβa"@cyb	<http://ids.clld.org/values/2-550-283-1>		<http://ids.clld.org/parameters/2-550>		<http://ids.clld.org/values/2-550-174-3>		"yāʔko"@mch	
"tɨ-dɨkɨ"@cyb	<http://ids.clld.org/values/9-110-283-1>		<http://ids.clld.org/parameters/9-110>		<http://ids.clld.org/values/9-110-174-1>		"tɨdɨ̄dɨ"@mch	
"βɔrɔ"@cyb	<http://ids.clld.org/values/10-620-283-1>		<http://ids.clld.org/parameters/10-620>		<http://ids.clld.org/values/10-620-174-1>		"-enehɨ"@mch	
"ɲo-"@cyb	<http://ids.clld.org/values/14-310-283-3>		<http://ids.clld.org/parameters/14-310>		<http://ids.clld.org/values/14-310-174-1>		"wenēne"@mch	
"bebeke"@cyb	<http://ids.clld.org/values/20-610-283-1>		<http://ids.clld.org/parameters/20-610>		<http://ids.clld.org/values/20-610-174-1>		"emanɲuhɨdɨ"@mch	
"miha"@cyb	<http://ids.clld.org/values/11-210-283-5>		<http://ids.clld.org/parameters/11-210>		<http://ids.clld.org/values/11-210-174-1>		"utūdu"@mch	
