"naβa ~ 'nããβã"@cyb	<http://ids.clld.org/values/3-610-283-1>		<http://ids.clld.org/parameters/3-610>		<http://ids.clld.org/values/3-610-286-1>		"oromiyak"@pav	
"βisi'ria"@cyb	<http://ids.clld.org/values/12-730-283-1>		<http://ids.clld.org/parameters/12-730>		<http://ids.clld.org/values/12-730-286-1>		"ka om šone ne"@pav	
"maka"@cyb	<http://ids.clld.org/values/1-520-283-1>		<http://ids.clld.org/parameters/1-520>		<http://ids.clld.org/values/1-520-286-1>		"šina"@pav	
"bɨtɨ"@cyb	<http://ids.clld.org/values/9-160-283-1>		<http://ids.clld.org/parameters/9-160>		<http://ids.clld.org/values/9-160-286-1>		"tuku"@pav	
"tæko"@cyb	<http://ids.clld.org/values/5-480-283-5>		<http://ids.clld.org/parameters/5-480>		<http://ids.clld.org/values/5-480-286-1>		"kuruk"@pav	
"huruβu"@cyb	<http://ids.clld.org/values/10-380-283-1>		<http://ids.clld.org/parameters/10-380>		<http://ids.clld.org/values/10-380-286-3>		"hukoʔ"@pav	
"huruβu"@cyb	<http://ids.clld.org/values/10-380-283-1>		<http://ids.clld.org/parameters/10-380>		<http://ids.clld.org/values/10-380-286-1>		"hu"@pav	
"dai"@cyb	<http://ids.clld.org/values/4-270-283-1>		<http://ids.clld.org/parameters/4-270>		<http://ids.clld.org/values/4-270-286-1>		"šišiʔ (yat)"@pav	
"βuru"@cyb	<http://ids.clld.org/values/10-380-283-3>		<http://ids.clld.org/parameters/10-380>		<http://ids.clld.org/values/10-380-286-3>		"hukoʔ"@pav	
"βuru"@cyb	<http://ids.clld.org/values/10-380-283-3>		<http://ids.clld.org/parameters/10-380>		<http://ids.clld.org/values/10-380-286-1>		"hu"@pav	
"uataka"@cyb	<http://ids.clld.org/values/4-570-283-1>		<http://ids.clld.org/parameters/4-570>		<http://ids.clld.org/values/4-570-286-1>		"weʔ"@pav	
"kita"@cyb	<http://ids.clld.org/values/1-310-283-3>		<http://ids.clld.org/parameters/1-310>		<http://ids.clld.org/values/1-310-286-1>		"kom (komišiʔ)"@pav	
"bača"@cyb	<http://ids.clld.org/values/18-210-283-1>		<http://ids.clld.org/parameters/18-210>		<http://ids.clld.org/values/18-210-286-1>		"tomiʔ"@pav	
"pa'boreha"@cyb	<http://ids.clld.org/values/15-640-283-1>		<http://ids.clld.org/parameters/15-640>		<http://ids.clld.org/values/15-640-286-1>		"towoʔ"@pav	
"daβuruǰu"@cyb	<http://ids.clld.org/values/8-670-283-1>		<http://ids.clld.org/parameters/8-670>		<http://ids.clld.org/values/8-670-286-1>		"makon (makorišiʔ)"@pav	
"ɲohe"@cyb	<http://ids.clld.org/values/9-190-283-3>		<http://ids.clld.org/parameters/9-190>		<http://ids.clld.org/values/9-190-286-1>		"makon (makorišiʔ)"@pav	
"yarua"@cyb	<http://ids.clld.org/values/4-750-283-5>		<http://ids.clld.org/parameters/4-750>		<http://ids.clld.org/values/4-750-286-3>		"konoʔ"@pav	
"yarua"@cyb	<http://ids.clld.org/values/4-750-283-5>		<http://ids.clld.org/parameters/4-750>		<http://ids.clld.org/values/4-750-286-1>		"miʔ pin"@pav	
"ni ~ ɲi"@cyb	<http://ids.clld.org/values/5-110-283-3>		<http://ids.clld.org/parameters/5-110>		<http://ids.clld.org/values/5-110-286-1>		"kaoʔ"@pav	
"ni ~ ɲi"@cyb	<http://ids.clld.org/values/5-110-283-3>		<http://ids.clld.org/parameters/5-110>		<http://ids.clld.org/values/5-110-286-3>		"kakakaoʔ"@pav	
"ɲæ'ra-nãre"@cyb	<http://ids.clld.org/values/1-410-283-3>		<http://ids.clld.org/parameters/1-410>		<http://ids.clld.org/values/1-410-286-1>		"nahwarak"@pav	
"te"@cyb	<http://ids.clld.org/values/2-320-283-5>		<http://ids.clld.org/parameters/2-320>		<http://ids.clld.org/values/2-320-286-1>		"mana"@pav	
"-iine ~ ine"@cyb	<http://ids.clld.org/values/5-610-283-1>		<http://ids.clld.org/parameters/5-610>		<http://ids.clld.org/values/5-610-286-1>		"karawa (karamayišiʔ)"@pav	
"ranihe"@cyb	<http://ids.clld.org/values/1-720-283-3>		<http://ids.clld.org/parameters/1-720>		<http://ids.clld.org/values/1-720-286-1>		"hotowa"@pav	
"'ruari"@cyb	<http://ids.clld.org/values/20-610-283-3>		<http://ids.clld.org/parameters/20-610>		<http://ids.clld.org/values/20-610-286-1>		"yiʔam"@pav	
"kakahe"@cyb	<http://ids.clld.org/values/4-510-283-3>		<http://ids.clld.org/parameters/4-510>		<http://ids.clld.org/values/4-510-286-1>		"wereme"@pav	
"ramoha ~ ramohe"@cyb	<http://ids.clld.org/values/15-880-283-1>		<http://ids.clld.org/parameters/15-880>		<http://ids.clld.org/values/15-880-286-1>		"mišem"@pav	
"ra'uβaβa"@cyb	<http://ids.clld.org/values/1-540-283-3>		<http://ids.clld.org/parameters/1-540>		<http://ids.clld.org/values/1-540-286-1>		"piyoʔ"@pav	
"maače"@cyb	<http://ids.clld.org/values/13-140-283-3>		<http://ids.clld.org/parameters/13-140>		<http://ids.clld.org/values/13-140-286-1>		"šam"@pav	
"ra-βoha"@cyb	<http://ids.clld.org/values/12-440-283-3>		<http://ids.clld.org/parameters/12-440>		<http://ids.clld.org/values/12-440-286-1>		"pira"@pav	
"ha'reipa"@cyb	<http://ids.clld.org/values/15-840-283-1>		<http://ids.clld.org/parameters/15-840>		<http://ids.clld.org/values/15-840-286-1>		"kawainʔ"@pav	
"bɔkɔ"@cyb	<http://ids.clld.org/values/1-730-283-1>		<http://ids.clld.org/parameters/1-730>		<http://ids.clld.org/values/1-730-286-1>		"tayain nanawin"@pav	
"hã-kãkãhe"@cyb	<http://ids.clld.org/values/4-510-283-1>		<http://ids.clld.org/parameters/4-510>		<http://ids.clld.org/values/4-510-286-1>		"wereme"@pav	
"'naamõ"@cyb	<http://ids.clld.org/values/1-830-283-3>		<http://ids.clld.org/parameters/1-830>		<http://ids.clld.org/values/1-830-286-1>		"tainʔ"@pav	
"do'remaka"@cyb	<http://ids.clld.org/values/14-730-283-1>		<http://ids.clld.org/parameters/14-730>		<http://ids.clld.org/values/14-730-286-1>		"kawašiʔ"@pav	
"ča"@cyb	<http://ids.clld.org/values/4-240-283-1>		<http://ids.clld.org/parameters/4-240>		<http://ids.clld.org/values/4-240-286-1>		"kapiyašiʔ (topak)"@pav	
"-čeče"@cyb	<http://ids.clld.org/values/12-550-283-1>		<http://ids.clld.org/parameters/12-550>		<http://ids.clld.org/values/12-550-286-1>		"hwaraʔ"@pav	
"-čeče"@cyb	<http://ids.clld.org/values/12-550-283-1>		<http://ids.clld.org/parameters/12-550>		<http://ids.clld.org/values/12-550-286-3>		"horon"@pav	
"'βæβæræ"@cyb	<http://ids.clld.org/values/5-480-283-1>		<http://ids.clld.org/parameters/5-480>		<http://ids.clld.org/values/5-480-286-1>		"kuruk"@pav	
"'da-ru"@cyb	<http://ids.clld.org/values/4-330-283-3>		<http://ids.clld.org/parameters/4-330>		<http://ids.clld.org/values/4-330-286-1>		"mišiʔ"@pav	
"'da-ru"@cyb	<http://ids.clld.org/values/4-330-283-3>		<http://ids.clld.org/parameters/4-330>		<http://ids.clld.org/values/4-330-286-3>		"(umʔ)"@pav	
"koroβoβo"@cyb	<http://ids.clld.org/values/12-810-283-1>		<http://ids.clld.org/parameters/12-810>		<http://ids.clld.org/values/12-810-286-1>		"monoʔo"@pav	
"'yaraɨ"@cyb	<http://ids.clld.org/values/14-420-283-5>		<http://ids.clld.org/parameters/14-420>		<http://ids.clld.org/values/14-420-286-1>		"šim"@pav	
"bapa"@cyb	<http://ids.clld.org/values/2-350-283-3>		<http://ids.clld.org/parameters/2-350>		<http://ids.clld.org/values/2-350-286-1>		"te"@pav	
"a-"@cyb	<http://ids.clld.org/values/2-910-283-3>		<http://ids.clld.org/parameters/2-910>		<http://ids.clld.org/values/2-910-286-1>		"wataʔ"@pav	
"ɲakai'æǰahɨ"@cyb	<http://ids.clld.org/values/10-230-283-5>		<http://ids.clld.org/parameters/10-230>		<http://ids.clld.org/values/10-230-286-3>		"kamaraʔ"@pav	
"ɲakai'æǰahɨ"@cyb	<http://ids.clld.org/values/10-230-283-5>		<http://ids.clld.org/parameters/10-230>		<http://ids.clld.org/values/10-230-286-1>		"panʔ"@pav	
"'pipɨdɨ"@cyb	<http://ids.clld.org/values/1-410-283-1>		<http://ids.clld.org/parameters/1-410>		<http://ids.clld.org/values/1-410-286-1>		"nahwarak"@pav	
"tɨrɨ-βa"@cyb	<http://ids.clld.org/values/4-150-283-3>		<http://ids.clld.org/parameters/4-150>		<http://ids.clld.org/values/4-150-286-1>		"kišiʔ (wik)"@pav	
"ha-'kohi-če"@cyb	<http://ids.clld.org/values/17-130-283-3>		<http://ids.clld.org/parameters/17-130>		<http://ids.clld.org/values/17-130-286-1>		"koromikat"@pav	
"r-"@cyb	<http://ids.clld.org/values/2-930-283-1>		<http://ids.clld.org/parameters/2-930>		<http://ids.clld.org/values/2-930-286-1>		"ko maʔ"@pav	
"tææ ~ tæræ"@cyb	<http://ids.clld.org/values/5-810-283-3>		<http://ids.clld.org/parameters/5-810>		<http://ids.clld.org/values/5-810-286-1>		"[sal]"@pav	
"bo"@cyb	<http://ids.clld.org/values/1-750-283-3>		<http://ids.clld.org/parameters/1-750>		<http://ids.clld.org/values/1-750-286-1>		"šowiʔ"@pav	
"čoka"@cyb	<http://ids.clld.org/values/10-480-283-3>		<http://ids.clld.org/parameters/10-480>		<http://ids.clld.org/values/10-480-286-1>		"makiʔ"@pav	
"ki-kuri"@cyb	<http://ids.clld.org/values/1-330-283-3>		<http://ids.clld.org/parameters/1-330>		<http://ids.clld.org/values/1-330-286-1>		"šuteremʔ"@pav	
"ɲečɔ"@cyb	<http://ids.clld.org/values/12-440-283-5>		<http://ids.clld.org/parameters/12-440>		<http://ids.clld.org/values/12-440-286-1>		"pira"@pav	
"ɲera'barike ~ ɲera'baike"@cyb	<http://ids.clld.org/values/1-360-283-1>		<http://ids.clld.org/parameters/1-360>		<http://ids.clld.org/values/1-360-286-1>		"kom"@pav	
"ča'rakaha"@cyb	<http://ids.clld.org/values/12-650-283-1>		<http://ids.clld.org/parameters/12-650>		<http://ids.clld.org/values/12-650-286-1>		"šašiʔ"@pav	
"ra-βɨrɨ"@cyb	<http://ids.clld.org/values/15-780-283-3>		<http://ids.clld.org/parameters/15-780>		<http://ids.clld.org/values/15-780-286-1>		"šaʔ"@pav	
"ki-ri-'arama"@cyb	<http://ids.clld.org/values/14-410-283-3>		<http://ids.clld.org/parameters/14-410>		<http://ids.clld.org/values/14-410-286-1>		"šek"@pav	
"ɲe'ritæpæ"@cyb	<http://ids.clld.org/values/4-392-283-1>		<http://ids.clld.org/parameters/4-392>		<http://ids.clld.org/values/4-392-286-1>		"tapaši"@pav	
"he"@cyb	<http://ids.clld.org/values/4-370-283-1>		<http://ids.clld.org/parameters/4-370>		<http://ids.clld.org/values/4-370-286-1>		"kašimašiʔ (kašim)"@pav	
"hɨ"@cyb	<http://ids.clld.org/values/5-125-283-3>		<http://ids.clld.org/parameters/5-125>		<http://ids.clld.org/values/5-125-286-1>		"šowuru"@pav	
"ki-'arama"@cyb	<http://ids.clld.org/values/14-410-283-1>		<http://ids.clld.org/parameters/14-410>		<http://ids.clld.org/values/14-410-286-1>		"šek"@pav	
"piæɲi"@cyb	<http://ids.clld.org/values/4-280-283-1>		<http://ids.clld.org/parameters/4-280>		<http://ids.clld.org/values/4-280-286-1>		"paramašiʔ"@pav	
"kɨmɨ-ru"@cyb	<http://ids.clld.org/values/5-160-283-3>		<http://ids.clld.org/parameters/5-160>		<http://ids.clld.org/values/5-160-286-1>		"šok"@pav	
"kɨmɨ-ru"@cyb	<http://ids.clld.org/values/5-160-283-3>		<http://ids.clld.org/parameters/5-160>		<http://ids.clld.org/values/5-160-286-3>		"šak"@pav	
"mara'βariki"@cyb	<http://ids.clld.org/values/13-170-283-3>		<http://ids.clld.org/parameters/13-170>		<http://ids.clld.org/values/13-170-286-1>		"parek"@pav	
"'βarie"@cyb	<http://ids.clld.org/values/8-311-283-1>		<http://ids.clld.org/parameters/8-311>		<http://ids.clld.org/values/8-311-286-1>		"tokwi"@pav	
"da-iti"@cyb	<http://ids.clld.org/values/2-360-283-1>		<http://ids.clld.org/parameters/2-360>		<http://ids.clld.org/values/2-360-286-1>		"naʔ"@pav	
"dabe"@cyb	<http://ids.clld.org/values/1-310-283-5>		<http://ids.clld.org/parameters/1-310>		<http://ids.clld.org/values/1-310-286-1>		"kom (komišiʔ)"@pav	
"næhæ"@cyb	<http://ids.clld.org/values/16-530-283-3>		<http://ids.clld.org/parameters/16-530>		<http://ids.clld.org/values/16-530-286-1>		"yinʔ"@pav	
"ramɨhɨ"@cyb	<http://ids.clld.org/values/15-210-283-3>		<http://ids.clld.org/parameters/15-210>		<http://ids.clld.org/values/15-210-286-3>		"hu"@pav	
"ramɨhɨ"@cyb	<http://ids.clld.org/values/15-210-283-3>		<http://ids.clld.org/parameters/15-210>		<http://ids.clld.org/values/15-210-286-1>		"nak"@pav	
"rɔmi-hæ"@cyb	<http://ids.clld.org/values/5-970-283-3>		<http://ids.clld.org/parameters/5-970>		<http://ids.clld.org/values/5-970-286-1>		"arayein"@pav	
"-ri"@cyb	<http://ids.clld.org/values/2-910-283-5>		<http://ids.clld.org/parameters/2-910>		<http://ids.clld.org/values/2-910-286-1>		"wataʔ"@pav	
"itɔɲɔ"@cyb	<http://ids.clld.org/values/18-120-283-1>		<http://ids.clld.org/parameters/18-120>		<http://ids.clld.org/values/18-120-286-1>		"kom"@pav	
"dapoa"@cyb	<http://ids.clld.org/values/2-100-283-3>		<http://ids.clld.org/parameters/2-100>		<http://ids.clld.org/values/2-100-286-1>		"wariʔ"@pav	
"pir- ~ ipir- ~ pri-"@cyb	<http://ids.clld.org/values/2-950-283-1>		<http://ids.clld.org/parameters/2-950>		<http://ids.clld.org/values/2-950-286-1>		"wahuʔ"@pav	
"beke"@cyb	<http://ids.clld.org/values/17-170-283-1>		<http://ids.clld.org/parameters/17-170>		<http://ids.clld.org/values/17-170-286-1>		"tašiʔ"@pav	
"beke"@cyb	<http://ids.clld.org/values/17-170-283-1>		<http://ids.clld.org/parameters/17-170>		<http://ids.clld.org/values/17-170-286-3>		"kerek"@pav	
"beke"@cyb	<http://ids.clld.org/values/17-170-283-1>		<http://ids.clld.org/parameters/17-170>		<http://ids.clld.org/values/17-170-286-5>		"kerek pinʔ"@pav	
"ripu"@cyb	<http://ids.clld.org/values/1-215-283-1>		<http://ids.clld.org/parameters/1-215>		<http://ids.clld.org/values/1-215-286-1>		"namayi"@pav	
"kuǰuǰu"@cyb	<http://ids.clld.org/values/12-630-283-1>		<http://ids.clld.org/parameters/12-630>		<http://ids.clld.org/values/12-630-286-1>		"kwere"@pav	
"ua"@cyb	<http://ids.clld.org/values/4-750-283-1>		<http://ids.clld.org/parameters/4-750>		<http://ids.clld.org/values/4-750-286-3>		"konoʔ"@pav	
"ua"@cyb	<http://ids.clld.org/values/4-750-283-1>		<http://ids.clld.org/parameters/4-750>		<http://ids.clld.org/values/4-750-286-1>		"miʔ pin"@pav	
"daɨ"@cyb	<http://ids.clld.org/values/14-420-283-1>		<http://ids.clld.org/parameters/14-420>		<http://ids.clld.org/values/14-420-286-1>		"šim"@pav	
"βihi"@cyb	<http://ids.clld.org/values/10-480-283-5>		<http://ids.clld.org/parameters/10-480>		<http://ids.clld.org/values/10-480-286-1>		"makiʔ"@pav	
"rõme"@cyb	<http://ids.clld.org/values/16-260-283-3>		<http://ids.clld.org/parameters/16-260>		<http://ids.clld.org/values/16-260-286-1>		"warayu"@pav	
"ra"@cyb	<http://ids.clld.org/values/16-710-283-3>		<http://ids.clld.org/parameters/16-710>		<http://ids.clld.org/values/16-710-286-1>		"awi"@pav	
"ǰokore"@cyb	<http://ids.clld.org/values/4-210-283-3>		<http://ids.clld.org/parameters/4-210>		<http://ids.clld.org/values/4-210-286-1>		"tokošiʔ (tok)"@pav	
"i-βere"@cyb	<http://ids.clld.org/values/15-680-283-1>		<http://ids.clld.org/parameters/15-680>		<http://ids.clld.org/values/15-680-286-1>		"tb̃um"@pav	
"bibihiki"@cyb	<http://ids.clld.org/values/10-250-283-1>		<http://ids.clld.org/parameters/10-250>		<http://ids.clld.org/values/10-250-286-3>		"wišikaoʔ"@pav	
"bibihiki"@cyb	<http://ids.clld.org/values/10-250-283-1>		<http://ids.clld.org/parameters/10-250>		<http://ids.clld.org/values/10-250-286-1>		"šin"@pav	
"ru"@cyb	<http://ids.clld.org/values/4-330-283-1>		<http://ids.clld.org/parameters/4-330>		<http://ids.clld.org/values/4-330-286-1>		"mišiʔ"@pav	
"ru"@cyb	<http://ids.clld.org/values/4-330-283-1>		<http://ids.clld.org/parameters/4-330>		<http://ids.clld.org/values/4-330-286-3>		"(umʔ)"@pav	
"'mãkãhæ"@cyb	<http://ids.clld.org/values/4-440-283-1>		<http://ids.clld.org/parameters/4-440>		<http://ids.clld.org/values/4-440-286-1>		"šimišiʔ (šim)"@pav	
"rao'mõroe"@cyb	<http://ids.clld.org/values/1-740-283-1>		<http://ids.clld.org/parameters/1-740>		<http://ids.clld.org/values/1-740-286-1>		"murukukuʔ"@pav	
"apa-"@cyb	<http://ids.clld.org/values/2-920-283-5>		<http://ids.clld.org/parameters/2-920>		<http://ids.clld.org/values/2-920-286-1>		"wum"@pav	
"'naare ~ nãræ̃ ~ naræ"@cyb	<http://ids.clld.org/values/1-420-283-1>		<http://ids.clld.org/parameters/1-420>		<http://ids.clld.org/values/1-420-286-1>		"pana"@pav	
"ɲuku"@cyb	<http://ids.clld.org/values/12-140-283-3>		<http://ids.clld.org/parameters/12-140>		<http://ids.clld.org/values/12-140-286-1>		"teremʔ"@pav	
"ɲuku"@cyb	<http://ids.clld.org/values/12-140-283-3>		<http://ids.clld.org/parameters/12-140>		<http://ids.clld.org/values/12-140-286-3>		"tokoʔ"@pav	
"popo"@cyb	<http://ids.clld.org/values/9-210-283-5>		<http://ids.clld.org/parameters/9-210>		<http://ids.clld.org/values/9-210-286-1>		"toʔ"@pav	
"p-"@cyb	<http://ids.clld.org/values/2-920-283-1>		<http://ids.clld.org/parameters/2-920>		<http://ids.clld.org/values/2-920-286-1>		"wum"@pav	
"-ræ"@cyb	<http://ids.clld.org/values/2-930-283-5>		<http://ids.clld.org/parameters/2-930>		<http://ids.clld.org/values/2-930-286-1>		"ko maʔ"@pav	
"-pa-ru"@cyb	<http://ids.clld.org/values/4-330-283-5>		<http://ids.clld.org/parameters/4-330>		<http://ids.clld.org/values/4-330-286-1>		"mišiʔ"@pav	
"-pa-ru"@cyb	<http://ids.clld.org/values/4-330-283-5>		<http://ids.clld.org/parameters/4-330>		<http://ids.clld.org/values/4-330-286-3>		"(umʔ)"@pav	
"ɲakã"@cyb	<http://ids.clld.org/values/10-670-283-1>		<http://ids.clld.org/parameters/10-670>		<http://ids.clld.org/values/10-670-286-1>		"yök"@pav	
"sɨsɨkɨ"@cyb	<http://ids.clld.org/values/9-220-283-3>		<http://ids.clld.org/parameters/9-220>		<http://ids.clld.org/values/9-220-286-7>		"nakarkamʔ"@pav	
"sɨsɨkɨ"@cyb	<http://ids.clld.org/values/9-220-283-3>		<http://ids.clld.org/parameters/9-220>		<http://ids.clld.org/values/9-220-286-3>		"wawak"@pav	
"sɨsɨkɨ"@cyb	<http://ids.clld.org/values/9-220-283-3>		<http://ids.clld.org/parameters/9-220>		<http://ids.clld.org/values/9-220-286-9>		"ta"@pav	
"sɨsɨkɨ"@cyb	<http://ids.clld.org/values/9-220-283-3>		<http://ids.clld.org/parameters/9-220>		<http://ids.clld.org/values/9-220-286-5>		"nakamʔ"@pav	
"sɨsɨkɨ"@cyb	<http://ids.clld.org/values/9-220-283-3>		<http://ids.clld.org/parameters/9-220>		<http://ids.clld.org/values/9-220-286-1>		"wak"@pav	
"ra-bore"@cyb	<http://ids.clld.org/values/15-640-283-5>		<http://ids.clld.org/parameters/15-640>		<http://ids.clld.org/values/15-640-286-1>		"towoʔ"@pav	
"pɨtɨkɨri"@cyb	<http://ids.clld.org/values/9-343-283-1>		<http://ids.clld.org/parameters/9-343>		<http://ids.clld.org/values/9-343-286-1>		"humʔ"@pav	
"haβæ"@cyb	<http://ids.clld.org/values/18-210-283-3>		<http://ids.clld.org/parameters/18-210>		<http://ids.clld.org/values/18-210-286-1>		"tomiʔ"@pav	
"ine"@cyb	<http://ids.clld.org/values/4-130-283-3>		<http://ids.clld.org/parameters/4-130>		<http://ids.clld.org/values/4-130-286-1>		"kwerešiʔ"@pav	
"bɨrɨsɨ ~ βɨrɨsɨ"@cyb	<http://ids.clld.org/values/9-310-283-1>		<http://ids.clld.org/parameters/9-310>		<http://ids.clld.org/values/9-310-286-1>		"šik"@pav	
"βuǰuru"@cyb	<http://ids.clld.org/values/1-851-283-1>		<http://ids.clld.org/parameters/1-851>		<http://ids.clld.org/values/1-851-286-3>		"wiran"@pav	
"βuǰuru"@cyb	<http://ids.clld.org/values/1-851-283-1>		<http://ids.clld.org/parameters/1-851>		<http://ids.clld.org/values/1-851-286-1>		"tom"@pav	
"βuǰuru"@cyb	<http://ids.clld.org/values/1-851-283-1>		<http://ids.clld.org/parameters/1-851>		<http://ids.clld.org/values/1-851-286-5>		"karahoʔ"@pav	
"torene"@cyb	<http://ids.clld.org/values/2-320-283-1>		<http://ids.clld.org/parameters/2-320>		<http://ids.clld.org/values/2-320-286-1>		"mana"@pav	
"-βæčɔčɔ ~ βæčɔ-"@cyb	<http://ids.clld.org/values/4-560-283-1>		<http://ids.clld.org/parameters/4-560>		<http://ids.clld.org/values/4-560-286-1>		"hupaʔ"@pav	
"ro-roko"@cyb	<http://ids.clld.org/values/10-450-283-3>		<http://ids.clld.org/parameters/10-450>		<http://ids.clld.org/values/10-450-286-1>		"šut"@pav	
"ro-roko"@cyb	<http://ids.clld.org/values/10-450-283-3>		<http://ids.clld.org/parameters/10-450>		<http://ids.clld.org/values/10-450-286-3>		"šurušut"@pav	
"βɔp"@cyb	<http://ids.clld.org/values/2-350-283-5>		<http://ids.clld.org/parameters/2-350>		<http://ids.clld.org/values/2-350-286-1>		"te"@pav	
"tĩĩtɨ̃ ~ tĩtĩ"@cyb	<http://ids.clld.org/values/3-650-283-3>		<http://ids.clld.org/parameters/3-650>		<http://ids.clld.org/values/3-650-286-1>		"hwam (hwamišiʔ)"@pav	
"põkõ"@cyb	<http://ids.clld.org/values/15-830-283-1>		<http://ids.clld.org/parameters/15-830>		<http://ids.clld.org/values/15-830-286-1>		"šoʔ"@pav	
"rãrõma"@cyb	<http://ids.clld.org/values/13-107-283-1>		<http://ids.clld.org/parameters/13-107>		<http://ids.clld.org/values/13-107-286-1>		"piyimʔ"@pav	
"-čeče"@cyb	<http://ids.clld.org/values/13-150-283-3>		<http://ids.clld.org/parameters/13-150>		<http://ids.clld.org/values/13-150-286-1>		"iriʔ miyo/ miya"@pav	
"tɨ̃tẽ"@cyb	<http://ids.clld.org/values/4-140-283-3>		<http://ids.clld.org/parameters/4-140>		<http://ids.clld.org/values/4-140-286-1>		"tenenešiʔ"@pav	
"tɨ̃tẽ"@cyb	<http://ids.clld.org/values/4-140-283-3>		<http://ids.clld.org/parameters/4-140>		<http://ids.clld.org/values/4-140-286-3>		"tenenein (šun)"@pav	
"ču'pahiha"@cyb	<http://ids.clld.org/values/5-791-283-1>		<http://ids.clld.org/parameters/5-791>		<http://ids.clld.org/values/5-791-286-1>		"homain"@pav	
"-bɨβɨ"@cyb	<http://ids.clld.org/values/4-461-283-1>		<http://ids.clld.org/parameters/4-461>		<http://ids.clld.org/values/4-461-286-1>		"monošiʔ (mon)"@pav	
"tæpæ"@cyb	<http://ids.clld.org/values/10-370-283-1>		<http://ids.clld.org/parameters/10-370>		<http://ids.clld.org/values/10-370-286-3>		"toin"@pav	
"tæpæ"@cyb	<http://ids.clld.org/values/10-370-283-1>		<http://ids.clld.org/parameters/10-370>		<http://ids.clld.org/values/10-370-286-1>		"takiʔ"@pav	
"siki"@cyb	<http://ids.clld.org/values/4-190-283-5>		<http://ids.clld.org/parameters/4-190>		<http://ids.clld.org/values/4-190-286-1>		"warašiʔ"@pav	
"kãka"@cyb	<http://ids.clld.org/values/4-510-283-5>		<http://ids.clld.org/parameters/4-510>		<http://ids.clld.org/values/4-510-286-1>		"wereme"@pav	
"karaho"@cyb	<http://ids.clld.org/values/16-250-283-3>		<http://ids.clld.org/parameters/16-250>		<http://ids.clld.org/values/16-250-286-1>		"tatamʔ"@pav	
"karaho"@cyb	<http://ids.clld.org/values/16-250-283-3>		<http://ids.clld.org/parameters/16-250>		<http://ids.clld.org/values/16-250-286-3>		"katamʔ"@pav	
"čɔčɔ"@cyb	<http://ids.clld.org/values/3-850-283-1>		<http://ids.clld.org/parameters/3-850>		<http://ids.clld.org/values/3-850-286-1>		"emʔ"@pav	
"βačæ"@cyb	<http://ids.clld.org/values/11-310-283-1>		<http://ids.clld.org/parameters/11-310>		<http://ids.clld.org/values/11-310-286-1>		"noro"@pav	
"bečerere"@cyb	<http://ids.clld.org/values/10-130-283-1>		<http://ids.clld.org/parameters/10-130>		<http://ids.clld.org/values/10-130-286-1>		"yami"@pav	
"põõ"@cyb	<http://ids.clld.org/values/13-210-283-3>		<http://ids.clld.org/parameters/13-210>		<http://ids.clld.org/values/13-210-286-5>		"maʔam"@pav	
"põõ"@cyb	<http://ids.clld.org/values/13-210-283-3>		<http://ids.clld.org/parameters/13-210>		<http://ids.clld.org/values/13-210-286-3>		"moromoinʔ"@pav	
"põõ"@cyb	<http://ids.clld.org/values/13-210-283-3>		<http://ids.clld.org/parameters/13-210>		<http://ids.clld.org/values/13-210-286-1>		"moinʔ"@pav	
"rɔmi-he"@cyb	<http://ids.clld.org/values/5-970-283-1>		<http://ids.clld.org/parameters/5-970>		<http://ids.clld.org/values/5-970-286-1>		"arayein"@pav	
"uru"@cyb	<http://ids.clld.org/values/8-220-283-1>		<http://ids.clld.org/parameters/8-220>		<http://ids.clld.org/values/8-220-286-1>		"še"@pav	
"uru"@cyb	<http://ids.clld.org/values/8-220-283-1>		<http://ids.clld.org/parameters/8-220>		<http://ids.clld.org/values/8-220-286-3>		"šikeʔ"@pav	
"čɔæ ~ čɔe"@cyb	<http://ids.clld.org/values/8-570-283-1>		<http://ids.clld.org/parameters/8-570>		<http://ids.clld.org/values/8-570-286-3>		"wiyein"@pav	
"čɔæ ~ čɔe"@cyb	<http://ids.clld.org/values/8-570-283-1>		<http://ids.clld.org/parameters/8-570>		<http://ids.clld.org/values/8-570-286-1>		"piwain"@pav	
"hupuru"@cyb	<http://ids.clld.org/values/9-330-283-3>		<http://ids.clld.org/parameters/9-330>		<http://ids.clld.org/values/9-330-286-1>		"kök"@pav	
"ruhũ"@cyb	<http://ids.clld.org/values/4-853-283-1>		<http://ids.clld.org/parameters/4-853>		<http://ids.clld.org/values/4-853-286-1>		"mom"@pav	
"ǰare"@cyb	<http://ids.clld.org/values/18-210-283-5>		<http://ids.clld.org/parameters/18-210>		<http://ids.clld.org/values/18-210-286-1>		"tomiʔ"@pav	
"eme"@cyb	<http://ids.clld.org/values/18-280-283-1>		<http://ids.clld.org/parameters/18-280>		<http://ids.clld.org/values/18-280-286-1>		"wišišiʔ (wit)"@pav	
"poroama"@cyb	<http://ids.clld.org/values/6-350-283-1>		<http://ids.clld.org/parameters/6-350>		<http://ids.clld.org/values/6-350-286-1>		"ok"@pav	
"tapa"@cyb	<http://ids.clld.org/values/4-580-283-1>		<http://ids.clld.org/parameters/4-580>		<http://ids.clld.org/values/4-580-286-1>		"kio"@pav	
"βaheda"@cyb	<http://ids.clld.org/values/9-210-283-1>		<http://ids.clld.org/parameters/9-210>		<http://ids.clld.org/values/9-210-286-1>		"toʔ"@pav	
"itæ ~ ite"@cyb	<http://ids.clld.org/values/15-410-283-1>		<http://ids.clld.org/parameters/15-410>		<http://ids.clld.org/values/15-410-286-1>		"tarayu"@pav	
"'naare ~ nãræ ~ nare"@cyb	<http://ids.clld.org/values/1-430-283-1>		<http://ids.clld.org/parameters/1-430>		<http://ids.clld.org/values/1-430-286-1>		"pana"@pav	
"tɨrɨrɨ"@cyb	<http://ids.clld.org/values/15-660-283-1>		<http://ids.clld.org/parameters/15-660>		<http://ids.clld.org/values/15-660-286-1>		"pakaʔ"@pav	
"sĩsĩ"@cyb	<http://ids.clld.org/values/12-590-283-1>		<http://ids.clld.org/parameters/12-590>		<http://ids.clld.org/values/12-590-286-1>		"wiyimain"@pav	
"ka'riǰahi"@cyb	<http://ids.clld.org/values/10-230-283-1>		<http://ids.clld.org/parameters/10-230>		<http://ids.clld.org/values/10-230-286-3>		"kamaraʔ"@pav	
"ka'riǰahi"@cyb	<http://ids.clld.org/values/10-230-283-1>		<http://ids.clld.org/parameters/10-230>		<http://ids.clld.org/values/10-230-286-1>		"panʔ"@pav	
"rohæ"@cyb	<http://ids.clld.org/values/10-450-283-5>		<http://ids.clld.org/parameters/10-450>		<http://ids.clld.org/values/10-450-286-1>		"šut"@pav	
"rohæ"@cyb	<http://ids.clld.org/values/10-450-283-5>		<http://ids.clld.org/parameters/10-450>		<http://ids.clld.org/values/10-450-286-3>		"šurušut"@pav	
"nare ~ naræ ~ nãræ̃"@cyb	<http://ids.clld.org/values/8-600-283-1>		<http://ids.clld.org/parameters/8-600>		<http://ids.clld.org/values/8-600-286-1>		"pana"@pav	
"čara"@cyb	<http://ids.clld.org/values/10-480-283-1>		<http://ids.clld.org/parameters/10-480>		<http://ids.clld.org/values/10-480-286-1>		"makiʔ"@pav	
"kɨmɨ"@cyb	<http://ids.clld.org/values/5-160-283-1>		<http://ids.clld.org/parameters/5-160>		<http://ids.clld.org/values/5-160-286-1>		"šok"@pav	
"kɨmɨ"@cyb	<http://ids.clld.org/values/5-160-283-1>		<http://ids.clld.org/parameters/5-160>		<http://ids.clld.org/values/5-160-286-3>		"šak"@pav	
"čuǰa"@cyb	<http://ids.clld.org/values/12-130-283-1>		<http://ids.clld.org/parameters/12-130>		<http://ids.clld.org/values/12-130-286-1>		"šaoʔ pe"@pav	
"čuǰa"@cyb	<http://ids.clld.org/values/12-130-283-1>		<http://ids.clld.org/parameters/12-130>		<http://ids.clld.org/values/12-130-286-3>		"šaoʔ to"@pav	
"-here ~ -šere"@cyb	<http://ids.clld.org/values/15-840-283-3>		<http://ids.clld.org/parameters/15-840>		<http://ids.clld.org/values/15-840-286-1>		"kawainʔ"@pav	
"pɨǰɨ"@cyb	<http://ids.clld.org/values/15-810-283-1>		<http://ids.clld.org/parameters/15-810>		<http://ids.clld.org/values/15-810-286-3>		"taʔ man"@pav	
"pɨǰɨ"@cyb	<http://ids.clld.org/values/15-810-283-1>		<http://ids.clld.org/parameters/15-810>		<http://ids.clld.org/values/15-810-286-1>		"šite"@pav	
"pɨǰɨ"@cyb	<http://ids.clld.org/values/15-810-283-1>		<http://ids.clld.org/parameters/15-810>		<http://ids.clld.org/values/15-810-286-5>		"teʔ man"@pav	
"siire ~ siiri ~ sĩĩre"@cyb	<http://ids.clld.org/values/4-190-283-3>		<http://ids.clld.org/parameters/4-190>		<http://ids.clld.org/values/4-190-286-1>		"warašiʔ"@pav	
"'rimasɨ"@cyb	<http://ids.clld.org/values/12-420-283-1>		<http://ids.clld.org/parameters/12-420>		<http://ids.clld.org/values/12-420-286-1>		"parayišiʔ"@pav	
"βei"@cyb	<http://ids.clld.org/values/18-220-283-3>		<http://ids.clld.org/parameters/18-220>		<http://ids.clld.org/values/18-220-286-1>		"tomiʔ šoʔ"@pav	
"ta-he"@cyb	<http://ids.clld.org/values/4-370-283-5>		<http://ids.clld.org/parameters/4-370>		<http://ids.clld.org/values/4-370-286-1>		"kašimašiʔ (kašim)"@pav	
"βɔrɔ"@cyb	<http://ids.clld.org/values/9-223-283-1>		<http://ids.clld.org/parameters/9-223>		<http://ids.clld.org/values/9-223-286-1>		"šukunʔ"@pav	
"ǰɨβɨ ~ ǰubu"@cyb	<http://ids.clld.org/values/15-860-283-1>		<http://ids.clld.org/parameters/15-860>		<http://ids.clld.org/values/15-860-286-1>		"šio"@pav	
"ǰɨβɨ ~ ǰubu"@cyb	<http://ids.clld.org/values/15-860-283-1>		<http://ids.clld.org/parameters/15-860>		<http://ids.clld.org/values/15-860-286-3>		"kapinʔ"@pav	
"ɲea-'tɔ̃rene"@cyb	<http://ids.clld.org/values/2-320-283-3>		<http://ids.clld.org/parameters/2-320>		<http://ids.clld.org/values/2-320-286-1>		"mana"@pav	
"'yaroho"@cyb	<http://ids.clld.org/values/1-440-283-1>		<http://ids.clld.org/parameters/1-440>		<http://ids.clld.org/values/1-440-286-1>		"pakun"@pav	
"pipi"@cyb	<http://ids.clld.org/values/2-360-283-5>		<http://ids.clld.org/parameters/2-360>		<http://ids.clld.org/values/2-360-286-1>		"naʔ"@pav	
"hi-"@cyb	<http://ids.clld.org/values/2-910-283-1>		<http://ids.clld.org/parameters/2-910>		<http://ids.clld.org/values/2-910-286-1>		"wataʔ"@pav	
"ɲe-tui"@cyb	<http://ids.clld.org/values/12-150-283-5>		<http://ids.clld.org/parameters/12-150>		<http://ids.clld.org/values/12-150-286-1>		"tekiʔ pe"@pav	
"ɲe-tui"@cyb	<http://ids.clld.org/values/12-150-283-5>		<http://ids.clld.org/parameters/12-150>		<http://ids.clld.org/values/12-150-286-3>		"tekiʔ to"@pav	
"tɨtɨβɨ"@cyb	<http://ids.clld.org/values/18-120-283-5>		<http://ids.clld.org/parameters/18-120>		<http://ids.clld.org/values/18-120-286-1>		"kom"@pav	
"ra-pɨ'ǰɨ-a"@cyb	<http://ids.clld.org/values/12-150-283-1>		<http://ids.clld.org/parameters/12-150>		<http://ids.clld.org/values/12-150-286-1>		"tekiʔ pe"@pav	
"ra-pɨ'ǰɨ-a"@cyb	<http://ids.clld.org/values/12-150-283-1>		<http://ids.clld.org/parameters/12-150>		<http://ids.clld.org/values/12-150-286-3>		"tekiʔ to"@pav	
"čiɲi'æmæ"@cyb	<http://ids.clld.org/values/16-530-283-1>		<http://ids.clld.org/parameters/16-530>		<http://ids.clld.org/values/16-530-286-1>		"yinʔ"@pav	
"yataha"@cyb	<http://ids.clld.org/values/15-650-283-3>		<http://ids.clld.org/parameters/15-650>		<http://ids.clld.org/values/15-650-286-1>		"mišem"@pav	
"'yaaβe"@cyb	<http://ids.clld.org/values/13-150-283-7>		<http://ids.clld.org/parameters/13-150>		<http://ids.clld.org/values/13-150-286-1>		"iriʔ miyo/ miya"@pav	
"daɨ"@cyb	<http://ids.clld.org/values/1-510-283-1>		<http://ids.clld.org/parameters/1-510>		<http://ids.clld.org/values/1-510-286-1>		"nanawin"@pav	
"taka"@cyb	<http://ids.clld.org/values/14-150-283-3>		<http://ids.clld.org/parameters/14-150>		<http://ids.clld.org/values/14-150-286-1>		"maraʔ"@pav	
"taka"@cyb	<http://ids.clld.org/values/14-150-283-3>		<http://ids.clld.org/parameters/14-150>		<http://ids.clld.org/values/14-150-286-3>		"horon"@pav	
"'awɔ̃se"@cyb	<http://ids.clld.org/values/4-360-283-1>		<http://ids.clld.org/parameters/4-360>		<http://ids.clld.org/values/4-360-286-1>		"karamašiʔ (karam)"@pav	
"nonæ̃ha"@cyb	<http://ids.clld.org/values/14-150-283-1>		<http://ids.clld.org/parameters/14-150>		<http://ids.clld.org/values/14-150-286-1>		"maraʔ"@pav	
"nonæ̃ha"@cyb	<http://ids.clld.org/values/14-150-283-1>		<http://ids.clld.org/parameters/14-150>		<http://ids.clld.org/values/14-150-286-3>		"horon"@pav	
"a-ǰoko"@cyb	<http://ids.clld.org/values/5-130-283-1>		<http://ids.clld.org/parameters/5-130>		<http://ids.clld.org/values/5-130-286-1>		"tok"@pav	
"a-ǰoko"@cyb	<http://ids.clld.org/values/5-130-283-1>		<http://ids.clld.org/parameters/5-130>		<http://ids.clld.org/values/5-130-286-3>		"tototok"@pav	
"huǰa"@cyb	<http://ids.clld.org/values/12-130-283-3>		<http://ids.clld.org/parameters/12-130>		<http://ids.clld.org/values/12-130-286-1>		"šaoʔ pe"@pav	
"huǰa"@cyb	<http://ids.clld.org/values/12-130-283-3>		<http://ids.clld.org/parameters/12-130>		<http://ids.clld.org/values/12-130-286-3>		"šaoʔ to"@pav	
"heda...ama"@cyb	<http://ids.clld.org/values/20-110-283-1>		<http://ids.clld.org/parameters/20-110>		<http://ids.clld.org/values/20-110-286-1>		"mišita"@pav	
"dao"@cyb	<http://ids.clld.org/values/13-210-283-1>		<http://ids.clld.org/parameters/13-210>		<http://ids.clld.org/values/13-210-286-5>		"maʔam"@pav	
"dao"@cyb	<http://ids.clld.org/values/13-210-283-1>		<http://ids.clld.org/parameters/13-210>		<http://ids.clld.org/values/13-210-286-3>		"moromoinʔ"@pav	
"dao"@cyb	<http://ids.clld.org/values/13-210-283-1>		<http://ids.clld.org/parameters/13-210>		<http://ids.clld.org/values/13-210-286-1>		"moinʔ"@pav	
"ra'asiæ"@cyb	<http://ids.clld.org/values/2-230-283-1>		<http://ids.clld.org/parameters/2-230>		<http://ids.clld.org/values/2-230-286-1>		"taramaʔ"@pav	
"kuri ~ kui"@cyb	<http://ids.clld.org/values/1-330-283-1>		<http://ids.clld.org/parameters/1-330>		<http://ids.clld.org/values/1-330-286-1>		"šuteremʔ"@pav	
"un-"@cyb	<http://ids.clld.org/values/15-510-283-3>		<http://ids.clld.org/parameters/15-510>		<http://ids.clld.org/values/15-510-286-1>		"kerek"@pav	
"kɔæha"@cyb	<http://ids.clld.org/values/13-140-283-1>		<http://ids.clld.org/parameters/13-140>		<http://ids.clld.org/values/13-140-286-1>		"šam"@pav	
"upæ"@cyb	<http://ids.clld.org/values/4-240-283-5>		<http://ids.clld.org/parameters/4-240>		<http://ids.clld.org/values/4-240-286-1>		"kapiyašiʔ (topak)"@pav	
"kehe"@cyb	<http://ids.clld.org/values/15-410-283-3>		<http://ids.clld.org/parameters/15-410>		<http://ids.clld.org/values/15-410-286-1>		"tarayu"@pav	
"roro"@cyb	<http://ids.clld.org/values/9-160-283-3>		<http://ids.clld.org/parameters/9-160>		<http://ids.clld.org/values/9-160-286-1>		"tuku"@pav	
"čuhu ~ čuuha"@cyb	<http://ids.clld.org/values/5-125-283-1>		<http://ids.clld.org/parameters/5-125>		<http://ids.clld.org/values/5-125-286-1>		"šowuru"@pav	
"tati"@cyb	<http://ids.clld.org/values/1-210-283-1>		<http://ids.clld.org/parameters/1-210>		<http://ids.clld.org/values/1-210-286-1>		"makanʔ"@pav	
"boro"@cyb	<http://ids.clld.org/values/11-210-283-1>		<http://ids.clld.org/parameters/11-210>		<http://ids.clld.org/values/11-210-286-1>		"miʔ"@pav	
"mi-"@cyb	<http://ids.clld.org/values/11-210-283-3>		<http://ids.clld.org/parameters/11-210>		<http://ids.clld.org/values/11-210-286-1>		"miʔ"@pav	
"adu'a-riče"@cyb	<http://ids.clld.org/values/4-750-283-3>		<http://ids.clld.org/parameters/4-750>		<http://ids.clld.org/values/4-750-286-3>		"konoʔ"@pav	
"adu'a-riče"@cyb	<http://ids.clld.org/values/4-750-283-3>		<http://ids.clld.org/parameters/4-750>		<http://ids.clld.org/values/4-750-286-1>		"miʔ pin"@pav	
"u'aβari"@cyb	<http://ids.clld.org/values/20-610-283-5>		<http://ids.clld.org/parameters/20-610>		<http://ids.clld.org/values/20-610-286-1>		"yiʔam"@pav	
"poro...ama"@cyb	<http://ids.clld.org/values/10-130-283-3>		<http://ids.clld.org/parameters/10-130>		<http://ids.clld.org/values/10-130-286-1>		"yami"@pav	
"sõrõ'roa"@cyb	<http://ids.clld.org/values/15-830-283-3>		<http://ids.clld.org/parameters/15-830>		<http://ids.clld.org/values/15-830-286-1>		"šoʔ"@pav	
"mami"@cyb	<http://ids.clld.org/values/2-270-283-1>		<http://ids.clld.org/parameters/2-270>		<http://ids.clld.org/values/2-270-286-1>		"piyeʔ"@pav	
"rawaβa"@cyb	<http://ids.clld.org/values/1-540-283-1>		<http://ids.clld.org/parameters/1-540>		<http://ids.clld.org/values/1-540-286-1>		"piyoʔ"@pav	
"ɲataha"@cyb	<http://ids.clld.org/values/15-650-283-1>		<http://ids.clld.org/parameters/15-650>		<http://ids.clld.org/values/15-650-286-1>		"mišem"@pav	
"pãɲa"@cyb	<http://ids.clld.org/values/11-150-283-1>		<http://ids.clld.org/parameters/11-150>		<http://ids.clld.org/values/11-150-286-1>		"kep"@pav	
"[β]u'ari"@cyb	<http://ids.clld.org/values/4-760-283-3>		<http://ids.clld.org/parameters/4-760>		<http://ids.clld.org/values/4-760-286-1>		"paʔ"@pav	
"βo'rohi"@cyb	<http://ids.clld.org/values/5-480-283-3>		<http://ids.clld.org/parameters/5-480>		<http://ids.clld.org/values/5-480-286-1>		"kuruk"@pav	
"ɨkɨ ~ kɨ"@cyb	<http://ids.clld.org/values/16-420-283-1>		<http://ids.clld.org/parameters/16-420>		<http://ids.clld.org/values/16-420-286-1>		"manaʔ"@pav	
"βadæræ"@cyb	<http://ids.clld.org/values/13-181-283-1>		<http://ids.clld.org/parameters/13-181>		<http://ids.clld.org/values/13-181-286-1>		"arakaʔ"@pav	
"'maβo"@cyb	<http://ids.clld.org/values/2-220-283-3>		<http://ids.clld.org/parameters/2-220>		<http://ids.clld.org/values/2-220-286-1>		"narimaʔ"@pav	
"taβu"@cyb	<http://ids.clld.org/values/10-350-283-1>		<http://ids.clld.org/parameters/10-350>		<http://ids.clld.org/values/10-350-286-3>		"panʔ karakam"@pav	
"taβu"@cyb	<http://ids.clld.org/values/10-350-283-1>		<http://ids.clld.org/parameters/10-350>		<http://ids.clld.org/values/10-350-286-1>		"panʔ kam"@pav	
"bãrãkama ~ ma'rakame"@cyb	<http://ids.clld.org/values/4-200-283-1>		<http://ids.clld.org/parameters/4-200>		<http://ids.clld.org/values/4-200-286-1>		"winašiʔ (wayiʔ)"@pav	
"βuru"@cyb	<http://ids.clld.org/values/5-110-283-1>		<http://ids.clld.org/parameters/5-110>		<http://ids.clld.org/values/5-110-286-1>		"kaoʔ"@pav	
"βuru"@cyb	<http://ids.clld.org/values/5-110-283-1>		<http://ids.clld.org/parameters/5-110>		<http://ids.clld.org/values/5-110-286-3>		"kakakaoʔ"@pav	
"rišɨkɨ ~ irihɨhɨ"@cyb	<http://ids.clld.org/values/8-510-283-1>		<http://ids.clld.org/parameters/8-510>		<http://ids.clld.org/values/8-510-286-1>		"tononoin"@pav	
"duaβa"@cyb	<http://ids.clld.org/values/2-100-283-1>		<http://ids.clld.org/parameters/2-100>		<http://ids.clld.org/values/2-100-286-1>		"wariʔ"@pav	
"-ǰɔkɔ"@cyb	<http://ids.clld.org/values/4-210-283-1>		<http://ids.clld.org/parameters/4-210>		<http://ids.clld.org/values/4-210-286-1>		"tokošiʔ (tok)"@pav	
"-e-"@cyb	<http://ids.clld.org/values/10-480-283-7>		<http://ids.clld.org/parameters/10-480>		<http://ids.clld.org/values/10-480-286-1>		"makiʔ"@pav	
"rɔ'retui"@cyb	<http://ids.clld.org/values/1-220-283-1>		<http://ids.clld.org/parameters/1-220>		<http://ids.clld.org/values/1-220-286-1>		"pakun"@pav	
"nãmo"@cyb	<http://ids.clld.org/values/1-830-283-1>		<http://ids.clld.org/parameters/1-830>		<http://ids.clld.org/values/1-830-286-1>		"tainʔ"@pav	
"dɔ"@cyb	<http://ids.clld.org/values/18-220-283-5>		<http://ids.clld.org/parameters/18-220>		<http://ids.clld.org/values/18-220-286-1>		"tomiʔ šoʔ"@pav	
"ɲuka"@cyb	<http://ids.clld.org/values/12-140-283-1>		<http://ids.clld.org/parameters/12-140>		<http://ids.clld.org/values/12-140-286-1>		"teremʔ"@pav	
"ɲuka"@cyb	<http://ids.clld.org/values/12-140-283-1>		<http://ids.clld.org/parameters/12-140>		<http://ids.clld.org/values/12-140-286-3>		"tokoʔ"@pav	
"'ki-asi"@cyb	<http://ids.clld.org/values/2-210-283-1>		<http://ids.clld.org/parameters/2-210>		<http://ids.clld.org/values/2-210-286-1>		"taramaʔ"@pav	
"mɨhɨ"@cyb	<http://ids.clld.org/values/15-210-283-1>		<http://ids.clld.org/parameters/15-210>		<http://ids.clld.org/values/15-210-286-3>		"hu"@pav	
"mɨhɨ"@cyb	<http://ids.clld.org/values/15-210-283-1>		<http://ids.clld.org/parameters/15-210>		<http://ids.clld.org/values/15-210-286-1>		"nak"@pav	
"'darutæ ~ da'rutæ"@cyb	<http://ids.clld.org/values/15-690-283-1>		<http://ids.clld.org/parameters/15-690>		<http://ids.clld.org/values/15-690-286-1>		"košik"@pav	
"boko'koa"@cyb	<http://ids.clld.org/values/15-851-283-1>		<http://ids.clld.org/parameters/15-851>		<http://ids.clld.org/values/15-851-286-3>		"nonoe"@pav	
"boko'koa"@cyb	<http://ids.clld.org/values/15-851-283-1>		<http://ids.clld.org/parameters/15-851>		<http://ids.clld.org/values/15-851-286-1>		"šain"@pav	
"-ro"@cyb	<http://ids.clld.org/values/2-910-283-7>		<http://ids.clld.org/parameters/2-910>		<http://ids.clld.org/values/2-910-286-1>		"wataʔ"@pav	
"mitia"@cyb	<http://ids.clld.org/values/13-20-283-1>		<http://ids.clld.org/parameters/13-20>		<http://ids.clld.org/values/13-20-286-1>		"tuku karakan"@pav	
"in-"@cyb	<http://ids.clld.org/values/4-130-283-1>		<http://ids.clld.org/parameters/4-130>		<http://ids.clld.org/values/4-130-286-1>		"kwerešiʔ"@pav	
"isi"@cyb	<http://ids.clld.org/values/4-270-283-3>		<http://ids.clld.org/parameters/4-270>		<http://ids.clld.org/values/4-270-286-1>		"šišiʔ (yat)"@pav	
"-rihi ~ ihi"@cyb	<http://ids.clld.org/values/2-942-283-1>		<http://ids.clld.org/parameters/2-942>		<http://ids.clld.org/values/2-942-286-1>		"warut"@pav	
"r-a'badio"@cyb	<http://ids.clld.org/values/3-110-283-1>		<http://ids.clld.org/parameters/3-110>		<http://ids.clld.org/values/3-110-286-1>		"karawa"@pav	
"'a-ča-e"@cyb	<http://ids.clld.org/values/4-240-283-3>		<http://ids.clld.org/parameters/4-240>		<http://ids.clld.org/values/4-240-286-1>		"kapiyašiʔ (topak)"@pav	
"'iiɲi ~ iɲe ~ eɲe"@cyb	<http://ids.clld.org/values/4-260-283-1>		<http://ids.clld.org/parameters/4-260>		<http://ids.clld.org/values/4-260-286-1>		"petehwet nešiʔ (petehwet)"@pav	
"βoha"@cyb	<http://ids.clld.org/values/12-440-283-1>		<http://ids.clld.org/parameters/12-440>		<http://ids.clld.org/values/12-440-286-1>		"pira"@pav	
"'a-raɨ ~ 'arau"@cyb	<http://ids.clld.org/values/14-420-283-3>		<http://ids.clld.org/parameters/14-420>		<http://ids.clld.org/values/14-420-286-1>		"šim"@pav	
"rɔmi"@cyb	<http://ids.clld.org/values/2-270-283-3>		<http://ids.clld.org/parameters/2-270>		<http://ids.clld.org/values/2-270-286-1>		"piyeʔ"@pav	
"čopara"@cyb	<http://ids.clld.org/values/5-810-283-1>		<http://ids.clld.org/parameters/5-810>		<http://ids.clld.org/values/5-810-286-1>		"[sal]"@pav	
"hiǰike"@cyb	<http://ids.clld.org/values/4-220-283-1>		<http://ids.clld.org/parameters/4-220>		<http://ids.clld.org/values/4-220-286-1>		"tara-yišiʔ (taraʔ)"@pav	
"da-bo ~ do-bo"@cyb	<http://ids.clld.org/values/1-750-283-1>		<http://ids.clld.org/parameters/1-750>		<http://ids.clld.org/values/1-750-286-1>		"šowiʔ"@pav	
"βædæræ"@cyb	<http://ids.clld.org/values/12-560-283-1>		<http://ids.clld.org/parameters/12-560>		<http://ids.clld.org/values/12-560-286-1>		"wiyimain"@pav	
"m-"@cyb	<http://ids.clld.org/values/2-960-283-3>		<http://ids.clld.org/parameters/2-960>		<http://ids.clld.org/values/2-960-286-1>		"karam maʔ"@pav	
"ya'boreha"@cyb	<http://ids.clld.org/values/15-640-283-3>		<http://ids.clld.org/parameters/15-640>		<http://ids.clld.org/values/15-640-286-1>		"towoʔ"@pav	
"heče"@cyb	<http://ids.clld.org/values/16-250-283-1>		<http://ids.clld.org/parameters/16-250>		<http://ids.clld.org/values/16-250-286-1>		"tatamʔ"@pav	
"heče"@cyb	<http://ids.clld.org/values/16-250-283-1>		<http://ids.clld.org/parameters/16-250>		<http://ids.clld.org/values/16-250-286-3>		"katamʔ"@pav	
"ta"@cyb	<http://ids.clld.org/values/1-310-283-1>		<http://ids.clld.org/parameters/1-310>		<http://ids.clld.org/values/1-310-286-1>		"kom (komišiʔ)"@pav	
"'daǰɨ"@cyb	<http://ids.clld.org/values/4-350-283-1>		<http://ids.clld.org/parameters/4-350>		<http://ids.clld.org/values/4-350-286-1>		"pišiyašiʔ"@pav	
"'daǰɨ"@cyb	<http://ids.clld.org/values/4-350-283-1>		<http://ids.clld.org/parameters/4-350>		<http://ids.clld.org/values/4-350-286-3>		"kokošiʔ"@pav	
"rakahẽ"@cyb	<http://ids.clld.org/values/4-440-283-3>		<http://ids.clld.org/parameters/4-440>		<http://ids.clld.org/values/4-440-286-1>		"šimišiʔ (šim)"@pav	
"poreǰi"@cyb	<http://ids.clld.org/values/16-720-283-1>		<http://ids.clld.org/parameters/16-720>		<http://ids.clld.org/values/16-720-286-1>		"kayi"@pav	
"papa"@cyb	<http://ids.clld.org/values/2-350-283-1>		<http://ids.clld.org/parameters/2-350>		<http://ids.clld.org/values/2-350-286-1>		"te"@pav	
"'titidɔ"@cyb	<http://ids.clld.org/values/3-581-283-1>		<http://ids.clld.org/parameters/3-581>		<http://ids.clld.org/values/3-581-286-1>		"me"@pav	
"bã'reohe ~ βareõhẽ"@cyb	<http://ids.clld.org/values/4-230-283-1>		<http://ids.clld.org/parameters/4-230>		<http://ids.clld.org/values/4-230-286-1>		"werešiʔ (ut)"@pav	
"βɨrɨ"@cyb	<http://ids.clld.org/values/15-780-283-1>		<http://ids.clld.org/parameters/15-780>		<http://ids.clld.org/values/15-780-286-1>		"šaʔ"@pav	
"ǰikiβa"@cyb	<http://ids.clld.org/values/9-190-283-1>		<http://ids.clld.org/parameters/9-190>		<http://ids.clld.org/values/9-190-286-1>		"makon (makorišiʔ)"@pav	
"ri- ~ t- ~ ta- ~ ti- te- ~ i- ~ ∅"@cyb	<http://ids.clld.org/values/2-930-283-3>		<http://ids.clld.org/parameters/2-930>		<http://ids.clld.org/values/2-930-286-1>		"ko maʔ"@pav	
"põhõri"@cyb	<http://ids.clld.org/values/13-210-283-5>		<http://ids.clld.org/parameters/13-210>		<http://ids.clld.org/values/13-210-286-5>		"maʔam"@pav	
"põhõri"@cyb	<http://ids.clld.org/values/13-210-283-5>		<http://ids.clld.org/parameters/13-210>		<http://ids.clld.org/values/13-210-286-3>		"moromoinʔ"@pav	
"põhõri"@cyb	<http://ids.clld.org/values/13-210-283-5>		<http://ids.clld.org/parameters/13-210>		<http://ids.clld.org/values/13-210-286-1>		"moinʔ"@pav	
"patɨha"@cyb	<http://ids.clld.org/values/15-660-283-3>		<http://ids.clld.org/parameters/15-660>		<http://ids.clld.org/values/15-660-286-1>		"pakaʔ"@pav	
"ritidaɨ"@cyb	<http://ids.clld.org/values/1-740-283-3>		<http://ids.clld.org/parameters/1-740>		<http://ids.clld.org/values/1-740-286-1>		"murukukuʔ"@pav	
"ra'dɔadɔ"@cyb	<http://ids.clld.org/values/9-343-283-3>		<http://ids.clld.org/parameters/9-343>		<http://ids.clld.org/values/9-343-286-1>		"humʔ"@pav	
"kaine"@cyb	<http://ids.clld.org/values/5-610-283-3>		<http://ids.clld.org/parameters/5-610>		<http://ids.clld.org/values/5-610-286-1>		"karawa (karamayišiʔ)"@pav	
"porohi"@cyb	<http://ids.clld.org/values/4-740-283-1>		<http://ids.clld.org/parameters/4-740>		<http://ids.clld.org/values/4-740-286-1>		"eʔ"@pav	
"õmõ ~ omo"@cyb	<http://ids.clld.org/values/18-280-283-3>		<http://ids.clld.org/parameters/18-280>		<http://ids.clld.org/values/18-280-286-1>		"wišišiʔ (wit)"@pav	
"pɔtæ"@cyb	<http://ids.clld.org/values/4-393-283-1>		<http://ids.clld.org/parameters/4-393>		<http://ids.clld.org/values/4-393-286-1>		"tenenein (šun)"@pav	
"'βarike"@cyb	<http://ids.clld.org/values/13-170-283-1>		<http://ids.clld.org/parameters/13-170>		<http://ids.clld.org/values/13-170-286-1>		"parek"@pav	
"tɔrene ~ tɔ̃rene"@cyb	<http://ids.clld.org/values/2-220-283-1>		<http://ids.clld.org/parameters/2-220>		<http://ids.clld.org/values/2-220-286-1>		"narimaʔ"@pav	
"iše ~ iš- ~ ihe-"@cyb	<http://ids.clld.org/values/8-750-283-1>		<http://ids.clld.org/parameters/8-750>		<http://ids.clld.org/values/8-750-286-1>		"tapari"@pav	
"čɔte"@cyb	<http://ids.clld.org/values/9-210-283-3>		<http://ids.clld.org/parameters/9-210>		<http://ids.clld.org/values/9-210-286-1>		"toʔ"@pav	
"pa'detahi"@cyb	<http://ids.clld.org/values/13-150-283-5>		<http://ids.clld.org/parameters/13-150>		<http://ids.clld.org/values/13-150-286-1>		"iriʔ miyo/ miya"@pav	
"ra-'miɲina"@cyb	<http://ids.clld.org/values/18-210-283-7>		<http://ids.clld.org/parameters/18-210>		<http://ids.clld.org/values/18-210-286-1>		"tomiʔ"@pav	
"tutuhu"@cyb	<http://ids.clld.org/values/9-360-283-1>		<http://ids.clld.org/parameters/9-360>		<http://ids.clld.org/values/9-360-286-3>		"toʔ"@pav	
"tutuhu"@cyb	<http://ids.clld.org/values/9-360-283-1>		<http://ids.clld.org/parameters/9-360>		<http://ids.clld.org/values/9-360-286-1>		"hohok"@pav	
"'rããre ~ rãrẽ"@cyb	<http://ids.clld.org/values/1-530-283-1>		<http://ids.clld.org/parameters/1-530>		<http://ids.clld.org/values/1-530-286-1>		"panawoʔ"@pav	
"rɨǰɨβɨ"@cyb	<http://ids.clld.org/values/15-860-283-3>		<http://ids.clld.org/parameters/15-860>		<http://ids.clld.org/values/15-860-286-1>		"šio"@pav	
"rɨǰɨβɨ"@cyb	<http://ids.clld.org/values/15-860-283-3>		<http://ids.clld.org/parameters/15-860>		<http://ids.clld.org/values/15-860-286-3>		"kapinʔ"@pav	
"biki"@cyb	<http://ids.clld.org/values/10-250-283-3>		<http://ids.clld.org/parameters/10-250>		<http://ids.clld.org/values/10-250-286-3>		"wišikaoʔ"@pav	
"biki"@cyb	<http://ids.clld.org/values/10-250-283-3>		<http://ids.clld.org/parameters/10-250>		<http://ids.clld.org/values/10-250-286-1>		"šin"@pav	
"a-'boro-re ~ a-'βoro-ri"@cyb	<http://ids.clld.org/values/4-280-283-3>		<http://ids.clld.org/parameters/4-280>		<http://ids.clld.org/values/4-280-286-1>		"paramašiʔ"@pav	
"'ričæhæ"@cyb	<http://ids.clld.org/values/11-310-283-3>		<http://ids.clld.org/parameters/11-310>		<http://ids.clld.org/values/11-310-286-1>		"noro"@pav	
"data"@cyb	<http://ids.clld.org/values/3-650-283-1>		<http://ids.clld.org/parameters/3-650>		<http://ids.clld.org/values/3-650-286-1>		"hwam (hwamišiʔ)"@pav	
"dĩrĩ"@cyb	<http://ids.clld.org/values/12-560-283-5>		<http://ids.clld.org/parameters/12-560>		<http://ids.clld.org/values/12-560-286-1>		"wiyimain"@pav	
"ǰuuku"@cyb	<http://ids.clld.org/values/16-260-283-1>		<http://ids.clld.org/parameters/16-260>		<http://ids.clld.org/values/16-260-286-1>		"warayu"@pav	
"rorohe"@cyb	<http://ids.clld.org/values/10-450-283-1>		<http://ids.clld.org/parameters/10-450>		<http://ids.clld.org/values/10-450-286-1>		"šut"@pav	
"rorohe"@cyb	<http://ids.clld.org/values/10-450-283-1>		<http://ids.clld.org/parameters/10-450>		<http://ids.clld.org/values/10-450-286-3>		"šurušut"@pav	
"tætæ"@cyb	<http://ids.clld.org/values/12-550-283-3>		<http://ids.clld.org/parameters/12-550>		<http://ids.clld.org/values/12-550-286-1>		"hwaraʔ"@pav	
"tætæ"@cyb	<http://ids.clld.org/values/12-550-283-3>		<http://ids.clld.org/parameters/12-550>		<http://ids.clld.org/values/12-550-286-3>		"horon"@pav	
"kã"@cyb	<http://ids.clld.org/values/10-230-283-3>		<http://ids.clld.org/parameters/10-230>		<http://ids.clld.org/values/10-230-286-3>		"kamaraʔ"@pav	
"kã"@cyb	<http://ids.clld.org/values/10-230-283-3>		<http://ids.clld.org/parameters/10-230>		<http://ids.clld.org/values/10-230-286-1>		"panʔ"@pav	
"čɔčɔkɔ"@cyb	<http://ids.clld.org/values/1-840-283-1>		<http://ids.clld.org/parameters/1-840>		<http://ids.clld.org/values/1-840-286-1>		"topakon"@pav	
"iše ~ iš-"@cyb	<http://ids.clld.org/values/4-120-283-1>		<http://ids.clld.org/parameters/4-120>		<http://ids.clld.org/values/4-120-286-1>		"taparišiʔ"@pav	
"mame"@cyb	<http://ids.clld.org/values/4-410-283-1>		<http://ids.clld.org/parameters/4-410>		<http://ids.clld.org/values/4-410-286-1>		"karašišiʔ (katat)"@pav	
"pi- ~ ipi-"@cyb	<http://ids.clld.org/values/2-920-283-3>		<http://ids.clld.org/parameters/2-920>		<http://ids.clld.org/values/2-920-286-1>		"wum"@pav	
"ræ'ræhæ"@cyb	<http://ids.clld.org/values/4-461-283-3>		<http://ids.clld.org/parameters/4-461>		<http://ids.clld.org/values/4-461-286-1>		"monošiʔ (mon)"@pav	
"ɨpɨrɨ"@cyb	<http://ids.clld.org/values/9-330-283-5>		<http://ids.clld.org/parameters/9-330>		<http://ids.clld.org/values/9-330-286-1>		"kök"@pav	
"nanaka"@cyb	<http://ids.clld.org/values/10-720-283-1>		<http://ids.clld.org/parameters/10-720>		<http://ids.clld.org/values/10-720-286-1>		"wana (wanayišiʔ)"@pav	
"tõnõ"@cyb	<http://ids.clld.org/values/18-120-283-3>		<http://ids.clld.org/parameters/18-120>		<http://ids.clld.org/values/18-120-286-1>		"kom"@pav	
"tɨrɨ"@cyb	<http://ids.clld.org/values/4-150-283-1>		<http://ids.clld.org/parameters/4-150>		<http://ids.clld.org/values/4-150-286-1>		"kišiʔ (wik)"@pav	
"rakie"@cyb	<http://ids.clld.org/values/4-160-283-1>		<http://ids.clld.org/parameters/4-160>		<http://ids.clld.org/values/4-160-286-1>		"arašiʔ (at)"@pav	
"čiči"@cyb	<http://ids.clld.org/values/12-560-283-3>		<http://ids.clld.org/parameters/12-560>		<http://ids.clld.org/values/12-560-286-1>		"wiyimain"@pav	
"dita"@cyb	<http://ids.clld.org/values/2-360-283-3>		<http://ids.clld.org/parameters/2-360>		<http://ids.clld.org/values/2-360-286-1>		"naʔ"@pav	
"ine"@cyb	<http://ids.clld.org/values/12-610-283-1>		<http://ids.clld.org/parameters/12-610>		<http://ids.clld.org/values/12-610-286-1>		"kote ne kimain"@pav	
"-riki ~ iki"@cyb	<http://ids.clld.org/values/2-960-283-1>		<http://ids.clld.org/parameters/2-960>		<http://ids.clld.org/values/2-960-286-1>		"karam maʔ"@pav	
"-ne"@cyb	<http://ids.clld.org/values/12-150-283-3>		<http://ids.clld.org/parameters/12-150>		<http://ids.clld.org/values/12-150-286-1>		"tekiʔ pe"@pav	
"-ne"@cyb	<http://ids.clld.org/values/12-150-283-3>		<http://ids.clld.org/parameters/12-150>		<http://ids.clld.org/values/12-150-286-3>		"tekiʔ to"@pav	
"'i-raha"@cyb	<http://ids.clld.org/values/16-710-283-1>		<http://ids.clld.org/parameters/16-710>		<http://ids.clld.org/values/16-710-286-1>		"awi"@pav	
"uun-"@cyb	<http://ids.clld.org/values/15-510-283-5>		<http://ids.clld.org/parameters/15-510>		<http://ids.clld.org/values/15-510-286-1>		"kerek"@pav	
"a-bæ ~ βæ"@cyb	<http://ids.clld.org/values/18-220-283-1>		<http://ids.clld.org/parameters/18-220>		<http://ids.clld.org/values/18-220-286-1>		"tomiʔ šoʔ"@pav	
"tɔkɔ"@cyb	<http://ids.clld.org/values/4-190-283-1>		<http://ids.clld.org/parameters/4-190>		<http://ids.clld.org/values/4-190-286-1>		"warašiʔ"@pav	
"dere"@cyb	<http://ids.clld.org/values/12-570-283-1>		<http://ids.clld.org/parameters/12-570>		<http://ids.clld.org/values/12-570-286-1>		"matam"@pav	
"eɲe"@cyb	<http://ids.clld.org/values/4-180-283-1>		<http://ids.clld.org/parameters/4-180>		<http://ids.clld.org/values/4-180-286-1>		"kahwerein"@pav	
"biǰike"@cyb	<http://ids.clld.org/values/4-220-283-3>		<http://ids.clld.org/parameters/4-220>		<http://ids.clld.org/values/4-220-286-1>		"tara-yišiʔ (taraʔ)"@pav	
"a-hæ-i"@cyb	<http://ids.clld.org/values/4-370-283-3>		<http://ids.clld.org/parameters/4-370>		<http://ids.clld.org/values/4-370-286-1>		"kašimašiʔ (kašim)"@pav	
"data"@cyb	<http://ids.clld.org/values/1-810-283-1>		<http://ids.clld.org/parameters/1-810>		<http://ids.clld.org/values/1-810-286-1>		"še"@pav	
"kohi"@cyb	<http://ids.clld.org/values/17-130-283-1>		<http://ids.clld.org/parameters/17-130>		<http://ids.clld.org/values/17-130-286-1>		"koromikat"@pav	
"čaβe"@cyb	<http://ids.clld.org/values/4-450-283-1>		<http://ids.clld.org/parameters/4-450>		<http://ids.clld.org/values/4-450-286-1>		"tarawanašiʔ (tarawan)"@pav	
"ka-te-ri"@cyb	<http://ids.clld.org/values/2-310-283-1>		<http://ids.clld.org/parameters/2-310>		<http://ids.clld.org/values/2-310-286-1>		"taši"@pav	
"koro"@cyb	<http://ids.clld.org/values/10-480-283-11>		<http://ids.clld.org/parameters/10-480>		<http://ids.clld.org/values/10-480-286-1>		"makiʔ"@pav	
"kãhã-ri"@cyb	<http://ids.clld.org/values/4-580-283-3>		<http://ids.clld.org/parameters/4-580>		<http://ids.clld.org/values/4-580-286-1>		"kio"@pav	
"kone"@cyb	<http://ids.clld.org/values/4-461-283-5>		<http://ids.clld.org/parameters/4-461>		<http://ids.clld.org/values/4-461-286-1>		"monošiʔ (mon)"@pav	
"'daki-ru"@cyb	<http://ids.clld.org/values/4-345-283-1>		<http://ids.clld.org/parameters/4-345>		<http://ids.clld.org/values/4-345-286-1>		"šikinain"@pav	
"βaβɨhɨ"@cyb	<http://ids.clld.org/values/13-150-283-1>		<http://ids.clld.org/parameters/13-150>		<http://ids.clld.org/values/13-150-286-1>		"iriʔ miyo/ miya"@pav	
"te"@cyb	<http://ids.clld.org/values/2-310-283-3>		<http://ids.clld.org/parameters/2-310>		<http://ids.clld.org/values/2-310-286-1>		"taši"@pav	
"ene"@cyb	<http://ids.clld.org/values/8-560-283-1>		<http://ids.clld.org/parameters/8-560>		<http://ids.clld.org/values/8-560-286-1>		"tenenein"@pav	
"biti"@cyb	<http://ids.clld.org/values/4-610-283-1>		<http://ids.clld.org/parameters/4-610>		<http://ids.clld.org/values/4-610-286-1>		"piʔam"@pav	
"u"@cyb	<http://ids.clld.org/values/10-480-283-9>		<http://ids.clld.org/parameters/10-480>		<http://ids.clld.org/values/10-480-286-1>		"makiʔ"@pav	
"rɨrɨ"@cyb	<http://ids.clld.org/values/4-760-283-1>		<http://ids.clld.org/parameters/4-760>		<http://ids.clld.org/values/4-760-286-1>		"paʔ"@pav	
"kɔæræ"@cyb	<http://ids.clld.org/values/9-220-283-5>		<http://ids.clld.org/parameters/9-220>		<http://ids.clld.org/values/9-220-286-7>		"nakarkamʔ"@pav	
"kɔæræ"@cyb	<http://ids.clld.org/values/9-220-283-5>		<http://ids.clld.org/parameters/9-220>		<http://ids.clld.org/values/9-220-286-3>		"wawak"@pav	
"kɔæræ"@cyb	<http://ids.clld.org/values/9-220-283-5>		<http://ids.clld.org/parameters/9-220>		<http://ids.clld.org/values/9-220-286-9>		"ta"@pav	
"kɔæræ"@cyb	<http://ids.clld.org/values/9-220-283-5>		<http://ids.clld.org/parameters/9-220>		<http://ids.clld.org/values/9-220-286-5>		"nakamʔ"@pav	
"kɔæræ"@cyb	<http://ids.clld.org/values/9-220-283-5>		<http://ids.clld.org/parameters/9-220>		<http://ids.clld.org/values/9-220-286-1>		"wak"@pav	
"sɨkɨrɨ"@cyb	<http://ids.clld.org/values/9-220-283-1>		<http://ids.clld.org/parameters/9-220>		<http://ids.clld.org/values/9-220-286-7>		"nakarkamʔ"@pav	
"sɨkɨrɨ"@cyb	<http://ids.clld.org/values/9-220-283-1>		<http://ids.clld.org/parameters/9-220>		<http://ids.clld.org/values/9-220-286-3>		"wawak"@pav	
"sɨkɨrɨ"@cyb	<http://ids.clld.org/values/9-220-283-1>		<http://ids.clld.org/parameters/9-220>		<http://ids.clld.org/values/9-220-286-9>		"ta"@pav	
"sɨkɨrɨ"@cyb	<http://ids.clld.org/values/9-220-283-1>		<http://ids.clld.org/parameters/9-220>		<http://ids.clld.org/values/9-220-286-5>		"nakamʔ"@pav	
"sɨkɨrɨ"@cyb	<http://ids.clld.org/values/9-220-283-1>		<http://ids.clld.org/parameters/9-220>		<http://ids.clld.org/values/9-220-286-1>		"wak"@pav	
"rido'remaka"@cyb	<http://ids.clld.org/values/14-730-283-3>		<http://ids.clld.org/parameters/14-730>		<http://ids.clld.org/values/14-730-286-1>		"kawašiʔ"@pav	
"da'βukue"@cyb	<http://ids.clld.org/values/1-720-283-1>		<http://ids.clld.org/parameters/1-720>		<http://ids.clld.org/values/1-720-286-1>		"hotowa"@pav	
"ruune"@cyb	<http://ids.clld.org/values/15-510-283-1>		<http://ids.clld.org/parameters/15-510>		<http://ids.clld.org/values/15-510-286-1>		"kerek"@pav	
"irišo ~ iriho ~ rihɔ"@cyb	<http://ids.clld.org/values/14-130-283-1>		<http://ids.clld.org/parameters/14-130>		<http://ids.clld.org/values/14-130-286-1>		"šokori"@pav	
"ra-huǰa"@cyb	<http://ids.clld.org/values/12-130-283-5>		<http://ids.clld.org/parameters/12-130>		<http://ids.clld.org/values/12-130-286-1>		"šaoʔ pe"@pav	
"ra-huǰa"@cyb	<http://ids.clld.org/values/12-130-283-5>		<http://ids.clld.org/parameters/12-130>		<http://ids.clld.org/values/12-130-286-3>		"šaoʔ to"@pav	
"a-'tɨɨte"@cyb	<http://ids.clld.org/values/4-140-283-1>		<http://ids.clld.org/parameters/4-140>		<http://ids.clld.org/values/4-140-286-1>		"tenenešiʔ"@pav	
"a-'tɨɨte"@cyb	<http://ids.clld.org/values/4-140-283-1>		<http://ids.clld.org/parameters/4-140>		<http://ids.clld.org/values/4-140-286-3>		"tenenein (šun)"@pav	
"βɔdɔ"@cyb	<http://ids.clld.org/values/9-330-283-1>		<http://ids.clld.org/parameters/9-330>		<http://ids.clld.org/values/9-330-286-1>		"kök"@pav	
"bebeke"@cyb	<http://ids.clld.org/values/20-610-283-1>		<http://ids.clld.org/parameters/20-610>		<http://ids.clld.org/values/20-610-286-1>		"yiʔam"@pav	
"miha"@cyb	<http://ids.clld.org/values/11-210-283-5>		<http://ids.clld.org/parameters/11-210>		<http://ids.clld.org/values/11-210-286-1>		"miʔ"@pav	
