"kikin-dif"@dcr	<http://ids.clld.org/values/3-585-217-1>		<http://ids.clld.org/parameters/3-585>		<http://ids.clld.org/values/3-585-242-1>		"ōtakdā"@mot	
"blas"@dcr	<http://ids.clld.org/values/10-380-217-1>		<http://ids.clld.org/parameters/10-380>		<http://ids.clld.org/values/10-380-242-1>		"buubãã"@mot	
"bom"@dcr	<http://ids.clld.org/values/1-420-217-1>		<http://ids.clld.org/parameters/1-420>		<http://ids.clld.org/values/1-420-242-1>		"kaa"@mot	
"bruk"@dcr	<http://ids.clld.org/values/6-480-217-1>		<http://ids.clld.org/parameters/6-480>		<http://ids.clld.org/values/6-480-242-1>		"ašiõkba"@mot	
"han"@dcr	<http://ids.clld.org/values/4-340-217-3>		<http://ids.clld.org/parameters/4-340>		<http://ids.clld.org/values/4-340-242-1>		"aḳduu kiokbā"@mot	
"dot ~ dod"@dcr	<http://ids.clld.org/values/4-750-217-1>		<http://ids.clld.org/parameters/4-750>		<http://ids.clld.org/values/4-750-242-1>		"širɨ̃ aḳbaikãng"@mot	
"west"@dcr	<http://ids.clld.org/values/4-462-217-1>		<http://ids.clld.org/parameters/4-462>		<http://ids.clld.org/values/4-462-242-1>		"oata"@mot	
"(hou)-nom"@dcr	<http://ids.clld.org/values/2-310-217-3>		<http://ids.clld.org/parameters/2-310>		<http://ids.clld.org/values/2-310-242-1>		"aataida"@mot	
"gorogoro"@dcr	<http://ids.clld.org/values/4-290-217-1>		<http://ids.clld.org/parameters/4-290>		<http://ids.clld.org/values/4-290-242-1>		"būuri"@mot	
"saban"@dcr	<http://ids.clld.org/values/1-230-217-1>		<http://ids.clld.org/parameters/1-230>		<http://ids.clld.org/values/1-230-242-1>		"bẽa"@mot	
"puši"@dcr	<http://ids.clld.org/values/3-620-217-1>		<http://ids.clld.org/parameters/3-620>		<http://ids.clld.org/values/3-620-242-1>		"biangbiā"@mot	
"nas-i-gat"@dcr	<http://ids.clld.org/values/4-231-217-1>		<http://ids.clld.org/parameters/4-231>		<http://ids.clld.org/values/4-231-242-1>		"nisokwā"@mot	
"wərən"@dcr	<http://ids.clld.org/values/1-100-217-1>		<http://ids.clld.org/parameters/1-100>		<http://ids.clld.org/values/1-100-242-1>		"ihtãã"@mot	
"grot-muma ~ grot-ma"@dcr	<http://ids.clld.org/values/2-470-217-3>		<http://ids.clld.org/parameters/2-470>		<http://ids.clld.org/values/2-470-242-1>		"ašiabāma"@mot	
"be-fɛrgi"@dcr	<http://ids.clld.org/values/3-320-217-1>		<http://ids.clld.org/parameters/3-320>		<http://ids.clld.org/values/3-320-242-1>		"bisao"@mot	
"dop-kin (?)"@dcr	<http://ids.clld.org/values/2-740-217-1>		<http://ids.clld.org/parameters/2-740>		<http://ids.clld.org/values/2-740-242-1>		"kobokā"@mot	
"skon-ta"@dcr	<http://ids.clld.org/values/2-611-217-3>		<http://ids.clld.org/parameters/2-611>		<http://ids.clld.org/values/2-611-242-1>		"ašīaidā"@mot	
"suku ~ suko"@dcr	<http://ids.clld.org/values/5-850-217-1>		<http://ids.clld.org/parameters/5-850>		<http://ids.clld.org/values/5-850-242-1>		"sasou sabī"@mot	
"mɛn"@dcr	<http://ids.clld.org/values/4-860-217-1>		<http://ids.clld.org/parameters/4-860>		<http://ids.clld.org/values/4-860-242-1>		"boāimai"@mot	
"baŋ"@dcr	<http://ids.clld.org/values/16-530-217-1>		<http://ids.clld.org/parameters/16-530>		<http://ids.clld.org/values/16-530-242-1>		"doḳtosõn"@mot	
"muči ~ muši"@dcr	<http://ids.clld.org/values/13-150-217-3>		<http://ids.clld.org/parameters/13-150>		<http://ids.clld.org/values/13-150-242-1>		"škikbeh"@mot	
"kakates"@dcr	<http://ids.clld.org/values/3-960-217-1>		<http://ids.clld.org/parameters/3-960>		<http://ids.clld.org/values/3-960-242-1>		"bačkere"@mot	
"hɛkən"@dcr	<http://ids.clld.org/values/8-160-217-1>		<http://ids.clld.org/parameters/8-160>		<http://ids.clld.org/values/8-160-242-1>		"watišišeše"@mot	
"nɛf ~ nef"@dcr	<http://ids.clld.org/values/5-380-217-3>		<http://ids.clld.org/parameters/5-380>		<http://ids.clld.org/values/5-380-242-1>		"baktrusā"@mot	
"ha(r)"@dcr	<http://ids.clld.org/values/4-145-217-1>		<http://ids.clld.org/parameters/4-145>		<http://ids.clld.org/values/4-145-242-1>		"bakači"@mot	
"fɛv ~ fɛif"@dcr	<http://ids.clld.org/values/13-50-217-1>		<http://ids.clld.org/parameters/13-50>		<http://ids.clld.org/values/13-50-242-1>		"aḳdu inški"@mot	
"swat"@dcr	<http://ids.clld.org/values/15-650-217-1>		<http://ids.clld.org/parameters/15-650>		<http://ids.clld.org/values/15-650-242-1>		"bɨɨh"@mot	
"floiu"@dcr	<http://ids.clld.org/values/3-813-217-1>		<http://ids.clld.org/parameters/3-813>		<http://ids.clld.org/values/3-813-242-1>		"durāba kū"@mot	
"smok"@dcr	<http://ids.clld.org/values/1-830-217-1>		<http://ids.clld.org/parameters/1-830>		<http://ids.clld.org/values/1-830-242-1>		"iiraḳbah"@mot	
"drok ~ drog"@dcr	<http://ids.clld.org/values/15-840-217-1>		<http://ids.clld.org/parameters/15-840>		<http://ids.clld.org/values/15-840-242-1>		"buruuni"@mot	
"gras-pis"@dcr	<http://ids.clld.org/values/1-230-217-3>		<http://ids.clld.org/parameters/1-230>		<http://ids.clld.org/values/1-230-242-1>		"bẽa"@mot	
"lik"@dcr	<http://ids.clld.org/values/16-670-217-1>		<http://ids.clld.org/parameters/16-670>		<http://ids.clld.org/values/16-670-242-1>		"aakčirokwã"@mot	
"frɛf ~ frif"@dcr	<http://ids.clld.org/values/9-310-217-1>		<http://ids.clld.org/parameters/9-310>		<http://ids.clld.org/values/9-310-242-1>		"dyuug-dyug"@mot	
"krou"@dcr	<http://ids.clld.org/values/9-310-217-5>		<http://ids.clld.org/parameters/9-310>		<http://ids.clld.org/values/9-310-242-1>		"dyuug-dyug"@mot	
"klɛn ~ klen ~ klenči"@dcr	<http://ids.clld.org/values/13-170-217-1>		<http://ids.clld.org/parameters/13-170>		<http://ids.clld.org/values/13-170-242-1>		"kobahkaaĩ"@mot	
"flɛs ~ flɛis"@dcr	<http://ids.clld.org/values/4-130-217-1>		<http://ids.clld.org/parameters/4-130>		<http://ids.clld.org/values/4-130-242-1>		"šungbāa"@mot	
"ko(r)t"@dcr	<http://ids.clld.org/values/12-590-217-1>		<http://ids.clld.org/parameters/12-590>		<http://ids.clld.org/values/12-590-242-1>		"ooḳbarekʔ"@mot	
"mu"@dcr	<http://ids.clld.org/values/4-910-217-1>		<http://ids.clld.org/parameters/4-910>		<http://ids.clld.org/values/4-910-242-1>		"sabaribō"@mot	
"skon-muma ~ skon-ma (?)"@dcr	<http://ids.clld.org/values/2-620-217-1>		<http://ids.clld.org/parameters/2-620>		<http://ids.clld.org/values/2-620-242-1>		"inaika akairakbā"@mot	
"slaŋ"@dcr	<http://ids.clld.org/values/3-850-217-1>		<http://ids.clld.org/parameters/3-850>		<http://ids.clld.org/values/3-850-242-1>		"čiidu"@mot	
"šiši"@dcr	<http://ids.clld.org/values/2-450-217-1>		<http://ids.clld.org/parameters/2-450>		<http://ids.clld.org/values/2-450-242-1>		"aša"@mot	
"(h)am ~ (h)an"@dcr	<http://ids.clld.org/values/2-930-217-1>		<http://ids.clld.org/parameters/2-930>		<http://ids.clld.org/values/2-930-242-1>		"oobãi"@mot	
"frau"@dcr	<http://ids.clld.org/values/2-220-217-1>		<http://ids.clld.org/parameters/2-220>		<http://ids.clld.org/values/2-220-242-1>		"byoo"@mot	
"sla"@dcr	<http://ids.clld.org/values/9-220-217-3>		<http://ids.clld.org/parameters/9-220>		<http://ids.clld.org/values/9-220-242-1>		"aɨgdaḳan"@mot	
"nas-i-slim"@dcr	<http://ids.clld.org/values/4-232-217-1>		<http://ids.clld.org/parameters/4-232>		<http://ids.clld.org/values/4-232-242-1>		"isā činči"@mot	
"so"@dcr	<http://ids.clld.org/values/2-410-217-1>		<http://ids.clld.org/parameters/2-410>		<http://ids.clld.org/values/2-410-242-1>		"saši"@mot	
"man"@dcr	<http://ids.clld.org/values/1-530-217-1>		<http://ids.clld.org/parameters/1-530>		<http://ids.clld.org/values/1-530-242-1>		"čibaɨg"@mot	
"koho"@dcr	<http://ids.clld.org/values/4-530-217-1>		<http://ids.clld.org/parameters/4-530>		<http://ids.clld.org/values/4-530-242-1>		"irohbāh"@mot	
"faləi"@dcr	<http://ids.clld.org/values/1-240-217-1>		<http://ids.clld.org/parameters/1-240>		<http://ids.clld.org/values/1-240-242-1>		"šiimbia"@mot	
"kin"@dcr	<http://ids.clld.org/values/2-280-217-1>		<http://ids.clld.org/parameters/2-280>		<http://ids.clld.org/values/2-280-242-1>		"bahkuī"@mot	
"(h)ašiši"@dcr	<http://ids.clld.org/values/1-840-217-1>		<http://ids.clld.org/parameters/1-840>		<http://ids.clld.org/values/1-840-242-1>		"ibuungdyi"@mot	
"droŋ"@dcr	<http://ids.clld.org/values/4-751-217-1>		<http://ids.clld.org/parameters/4-751>		<http://ids.clld.org/values/4-751-242-1>		"šimaksaɲona"@mot	
"noli"@dcr	<http://ids.clld.org/values/3-460-217-3>		<http://ids.clld.org/parameters/3-460>		<http://ids.clld.org/values/3-460-242-3>		"sokuā"@mot	
"noli"@dcr	<http://ids.clld.org/values/3-460-217-3>		<http://ids.clld.org/parameters/3-460>		<http://ids.clld.org/values/3-460-242-1>		"čoko"@mot	
"saut(u)"@dcr	<http://ids.clld.org/values/5-810-217-1>		<http://ids.clld.org/parameters/5-810>		<http://ids.clld.org/values/5-810-242-1>		"saabĩ"@mot	
"nom"@dcr	<http://ids.clld.org/values/2-210-217-1>		<http://ids.clld.org/parameters/2-210>		<http://ids.clld.org/values/2-210-242-1>		"la"@mot	
"win"@dcr	<http://ids.clld.org/values/4-520-217-1>		<http://ids.clld.org/parameters/4-520>		<http://ids.clld.org/values/4-520-242-1>		"kabah agaksakei"@mot	
"ǰako"@dcr	<http://ids.clld.org/values/3-760-217-3>		<http://ids.clld.org/parameters/3-760>		<http://ids.clld.org/values/3-760-242-1>		"baraši"@mot	
"gɛsɛ(g) ~ gusə"@dcr	<http://ids.clld.org/values/4-204-217-1>		<http://ids.clld.org/parameters/4-204>		<http://ids.clld.org/values/4-204-242-1>		"lokbā"@mot	
"kankani"@dcr	<http://ids.clld.org/values/4-670-217-1>		<http://ids.clld.org/parameters/4-670>		<http://ids.clld.org/values/4-670-242-1>		"šikbā dikaina"@mot	
"frai"@dcr	<http://ids.clld.org/values/4-830-217-1>		<http://ids.clld.org/parameters/4-830>		<http://ids.clld.org/values/4-830-242-1>		"sabah"@mot	
"friŋ"@dcr	<http://ids.clld.org/values/9-343-217-1>		<http://ids.clld.org/parameters/9-343>		<http://ids.clld.org/values/9-343-242-1>		"saɨng-saing"@mot	
"gron"@dcr	<http://ids.clld.org/values/8-120-217-1>		<http://ids.clld.org/parameters/8-120>		<http://ids.clld.org/values/8-120-242-1>		"dogbah"@mot	
"swek"@dcr	<http://ids.clld.org/values/4-853-217-1>		<http://ids.clld.org/parameters/4-853>		<http://ids.clld.org/values/4-853-242-1>		"ayrãã"@mot	
"man-"@dcr	<http://ids.clld.org/values/2-230-217-1>		<http://ids.clld.org/parameters/2-230>		<http://ids.clld.org/values/2-230-242-1>		"ataida"@mot	
"fɛ(r) ~ fe"@dcr	<http://ids.clld.org/values/12-440-217-1>		<http://ids.clld.org/parameters/12-440>		<http://ids.clld.org/values/12-440-242-1>		"iitčikiri"@mot	
"hungu"@dcr	<http://ids.clld.org/values/5-140-217-1>		<http://ids.clld.org/parameters/5-140>		<http://ids.clld.org/values/5-140-242-1>		"sairē"@mot	
"folək"@dcr	<http://ids.clld.org/values/2-100-217-1>		<http://ids.clld.org/parameters/2-100>		<http://ids.clld.org/values/2-100-242-1>		"barī"@mot	
"mon ~ mun"@dcr	<http://ids.clld.org/values/4-240-217-1>		<http://ids.clld.org/parameters/4-240>		<http://ids.clld.org/values/4-240-242-1>		"kaḳšuu"@mot	
"bak"@dcr	<http://ids.clld.org/values/5-320-217-1>		<http://ids.clld.org/parameters/5-320>		<http://ids.clld.org/values/5-320-242-1>		"dado"@mot	
"frou-"@dcr	<http://ids.clld.org/values/3-130-217-1>		<http://ids.clld.org/parameters/3-130>		<http://ids.clld.org/values/3-130-242-1>		"abama"@mot	
"wani ~ wɛn(i) ~ wini"@dcr	<http://ids.clld.org/values/17-650-217-1>		<http://ids.clld.org/parameters/17-650>		<http://ids.clld.org/values/17-650-242-1>		"aaibi"@mot	
"lik ~ lɛk"@dcr	<http://ids.clld.org/values/4-590-217-1>		<http://ids.clld.org/parameters/4-590>		<http://ids.clld.org/values/4-590-242-1>		"iaitatahkanina"@mot	
"gi"@dcr	<http://ids.clld.org/values/11-210-217-1>		<http://ids.clld.org/parameters/11-210>		<http://ids.clld.org/values/11-210-242-1>		"iiran"@mot	
"skon-kin (?)"@dcr	<http://ids.clld.org/values/2-640-217-1>		<http://ids.clld.org/parameters/2-640>		<http://ids.clld.org/values/2-640-242-1>		"inatdakū ašī"@mot	
"bɛn ~ bin(t)"@dcr	<http://ids.clld.org/values/9-160-217-1>		<http://ids.clld.org/parameters/9-160>		<http://ids.clld.org/values/9-160-242-1>		"yuukããn"@mot	
"man-"@dcr	<http://ids.clld.org/values/3-120-217-1>		<http://ids.clld.org/parameters/3-120>		<http://ids.clld.org/values/3-120-242-1>		"ataida"@mot	
"gaŋ-gaŋ"@dcr	<http://ids.clld.org/values/2-470-217-5>		<http://ids.clld.org/parameters/2-470>		<http://ids.clld.org/values/2-470-242-1>		"ašiabāma"@mot	
"tɛtsi ~ təči"@dcr	<http://ids.clld.org/values/4-380-217-1>		<http://ids.clld.org/parameters/4-380>		<http://ids.clld.org/values/4-380-242-1>		"kuhtū biktrikbī"@mot	
"hun"@dcr	<http://ids.clld.org/values/3-610-217-1>		<http://ids.clld.org/parameters/3-610>		<http://ids.clld.org/values/3-610-242-1>		"ḍuraaba"@mot	
"nas ~ nɛs"@dcr	<http://ids.clld.org/values/4-230-217-1>		<http://ids.clld.org/parameters/4-230>		<http://ids.clld.org/values/4-230-242-1>		"ḍiisa"@mot	
"hofi"@dcr	<http://ids.clld.org/values/8-130-217-1>		<http://ids.clld.org/parameters/8-130>		<http://ids.clld.org/values/8-130-242-1>		"dogbah"@mot	
"ho"@dcr	<http://ids.clld.org/values/15-410-217-1>		<http://ids.clld.org/parameters/15-410>		<http://ids.clld.org/values/15-410-242-1>		"anaɨgkãng"@mot	
"san"@dcr	<http://ids.clld.org/values/1-215-217-1>		<http://ids.clld.org/parameters/1-215>		<http://ids.clld.org/values/1-215-242-1>		"ũũngda"@mot	
"kop"@dcr	<http://ids.clld.org/values/4-200-217-1>		<http://ids.clld.org/parameters/4-200>		<http://ids.clld.org/values/4-200-242-1>		"asaakbah"@mot	
"kop"@dcr	<http://ids.clld.org/values/4-200-217-1>		<http://ids.clld.org/parameters/4-200>		<http://ids.clld.org/values/4-200-242-3>		"asaɨg"@mot	
"op"@dcr	<http://ids.clld.org/values/12-80-217-3>		<http://ids.clld.org/parameters/12-80>		<http://ids.clld.org/values/12-80-242-1>		"baaduu"@mot	
"marəkui"@dcr	<http://ids.clld.org/values/3-980-217-3>		<http://ids.clld.org/parameters/3-980>		<http://ids.clld.org/values/3-980-242-1>		"dãšũ"@mot	
"kan"@dcr	<http://ids.clld.org/values/12-430-217-5>		<http://ids.clld.org/parameters/12-430>		<http://ids.clld.org/values/12-430-242-1>		"muungdani"@mot	
"tre"@dcr	<http://ids.clld.org/values/8-220-217-1>		<http://ids.clld.org/parameters/8-220>		<http://ids.clld.org/values/8-220-242-1>		"okdyikããn"@mot	
"tɛsən"@dcr	<http://ids.clld.org/values/12-430-217-1>		<http://ids.clld.org/parameters/12-430>		<http://ids.clld.org/values/12-430-242-1>		"muungdani"@mot	
"bla"@dcr	<http://ids.clld.org/values/8-560-217-1>		<http://ids.clld.org/parameters/8-560>		<http://ids.clld.org/values/8-560-242-1>		"ahḳaadu"@mot	
"do(r)"@dcr	<http://ids.clld.org/values/7-220-217-1>		<http://ids.clld.org/parameters/7-220>		<http://ids.clld.org/values/7-220-242-1>		"unkušū"@mot	
"kuri"@dcr	<http://ids.clld.org/values/10-320-217-1>		<http://ids.clld.org/parameters/10-320>		<http://ids.clld.org/values/10-320-242-1>		"širurũ otaḳbari"@mot	
"niu"@dcr	<http://ids.clld.org/values/14-130-217-1>		<http://ids.clld.org/parameters/14-130>		<http://ids.clld.org/values/14-130-242-1>		"oḳdo"@mot	
"bes"@dcr	<http://ids.clld.org/values/3-110-217-1>		<http://ids.clld.org/parameters/3-110>		<http://ids.clld.org/values/3-110-242-1>		"rugčī"@mot	
"gizin ~ kizin ~ kuzin"@dcr	<http://ids.clld.org/values/2-550-217-1>		<http://ids.clld.org/parameters/2-550>		<http://ids.clld.org/values/2-550-242-1>		"sāya sašī"@mot	
"gizin ~ kizin ~ kuzin"@dcr	<http://ids.clld.org/values/2-550-217-1>		<http://ids.clld.org/parameters/2-550>		<http://ids.clld.org/values/2-550-242-3>		"sāya ša"@mot	
"(fiŋgu-)nagəl"@dcr	<http://ids.clld.org/values/4-344-217-1>		<http://ids.clld.org/parameters/4-344>		<http://ids.clld.org/values/4-344-242-1>		"šdooh"@mot	
"ha"@dcr	<http://ids.clld.org/values/6-280-217-1>		<http://ids.clld.org/parameters/6-280>		<http://ids.clld.org/values/6-280-242-1>		"ããkbãra"@mot	
"dop-kin (?)"@dcr	<http://ids.clld.org/values/2-730-217-1>		<http://ids.clld.org/parameters/2-730>		<http://ids.clld.org/values/2-730-242-1>		"kobokā"@mot	
"las"@dcr	<http://ids.clld.org/values/9-160-217-3>		<http://ids.clld.org/parameters/9-160>		<http://ids.clld.org/values/9-160-242-1>		"yuukããn"@mot	
"driŋ ~ driŋg ~ driŋk"@dcr	<http://ids.clld.org/values/5-130-217-1>		<http://ids.clld.org/parameters/5-130>		<http://ids.clld.org/values/5-130-242-3>		"aɨkseɨba"@mot	
"driŋ ~ driŋg ~ driŋk"@dcr	<http://ids.clld.org/values/5-130-217-1>		<http://ids.clld.org/parameters/5-130>		<http://ids.clld.org/values/5-130-242-1>		"da"@mot	
"ben"@dcr	<http://ids.clld.org/values/4-160-217-1>		<http://ids.clld.org/parameters/4-160>		<http://ids.clld.org/values/4-160-242-1>		"ahkara"@mot	
"kapoto ~ kaputo"@dcr	<http://ids.clld.org/values/6-420-217-1>		<http://ids.clld.org/parameters/6-420>		<http://ids.clld.org/values/6-420-242-1>		"dukdū"@mot	
"fɛt"@dcr	<http://ids.clld.org/values/5-791-217-1>		<http://ids.clld.org/parameters/5-791>		<http://ids.clld.org/values/5-791-242-1>		"ahtooto"@mot	
"karpus"@dcr	<http://ids.clld.org/values/6-550-217-3>		<http://ids.clld.org/parameters/6-550>		<http://ids.clld.org/values/6-550-242-1>		"somene"@mot	
"nɛk"@dcr	<http://ids.clld.org/values/4-280-217-1>		<http://ids.clld.org/parameters/4-280>		<http://ids.clld.org/values/4-280-242-3>		"aboo aidyi"@mot	
"nɛk"@dcr	<http://ids.clld.org/values/4-280-217-1>		<http://ids.clld.org/parameters/4-280>		<http://ids.clld.org/values/4-280-242-1>		"aboo"@mot	
"frou"@dcr	<http://ids.clld.org/values/2-390-217-1>		<http://ids.clld.org/parameters/2-390>		<http://ids.clld.org/values/2-390-242-1>		"byoo"@mot	
"pipi"@dcr	<http://ids.clld.org/values/4-650-217-1>		<http://ids.clld.org/parameters/4-650>		<http://ids.clld.org/values/4-650-242-1>		"itčiki"@mot	
"wif"@dcr	<http://ids.clld.org/values/2-320-217-3>		<http://ids.clld.org/parameters/2-320>		<http://ids.clld.org/values/2-320-242-1>		"a-byoo-bai"@mot	
"yuŋ-(man) ~ yoŋ"@dcr	<http://ids.clld.org/values/2-251-217-1>		<http://ids.clld.org/parameters/2-251>		<http://ids.clld.org/values/2-251-242-1>		"atdaku"@mot	
"wandu"@dcr	<http://ids.clld.org/values/10-450-217-1>		<http://ids.clld.org/parameters/10-450>		<http://ids.clld.org/values/10-450-242-1>		"nyũ"@mot	
"burika ~ buriko"@dcr	<http://ids.clld.org/values/3-470-217-1>		<http://ids.clld.org/parameters/3-470>		<http://ids.clld.org/values/3-470-242-1>		"bueragbā"@mot	
"titi ~ tɛtɛ"@dcr	<http://ids.clld.org/values/4-412-217-1>		<http://ids.clld.org/parameters/4-412>		<http://ids.clld.org/values/4-412-242-1>		"tuu"@mot	
"kop"@dcr	<http://ids.clld.org/values/4-202-217-1>		<http://ids.clld.org/parameters/4-202>		<http://ids.clld.org/values/4-202-242-1>		"sākba kalā"@mot	
"nam"@dcr	<http://ids.clld.org/values/18-280-217-1>		<http://ids.clld.org/parameters/18-280>		<http://ids.clld.org/values/18-280-242-1>		"aa"@mot	
"gras"@dcr	<http://ids.clld.org/values/8-510-217-1>		<http://ids.clld.org/parameters/8-510>		<http://ids.clld.org/values/8-510-242-1>		"ši"@mot	
"baba ~ boba ~ buba"@dcr	<http://ids.clld.org/values/1-214-217-1>		<http://ids.clld.org/parameters/1-214>		<http://ids.clld.org/values/1-214-242-1>		"barā"@mot	
"skifi"@dcr	<http://ids.clld.org/values/6-960-217-3>		<http://ids.clld.org/parameters/6-960>		<http://ids.clld.org/values/6-960-242-1>		"oyabiyīyi"@mot	
"grun"@dcr	<http://ids.clld.org/values/5-124-217-1>		<http://ids.clld.org/parameters/5-124>		<http://ids.clld.org/values/5-124-242-1>		"tahta"@mot	
"kin"@dcr	<http://ids.clld.org/values/2-270-217-1>		<http://ids.clld.org/parameters/2-270>		<http://ids.clld.org/values/2-270-242-1>		"asaaši"@mot	
"blomɛnči ~ bluminstyi"@dcr	<http://ids.clld.org/values/8-570-217-1>		<http://ids.clld.org/parameters/8-570>		<http://ids.clld.org/values/8-570-242-1>		"tootubi"@mot	
"fi-ple"@dcr	<http://ids.clld.org/values/7-310-217-1>		<http://ids.clld.org/parameters/7-310>		<http://ids.clld.org/values/7-310-242-1>		"ibungĩ"@mot	
"pus ~ puz"@dcr	<http://ids.clld.org/values/10-670-217-3>		<http://ids.clld.org/parameters/10-670>		<http://ids.clld.org/values/10-670-242-1>		"iroḳdaḳaan"@mot	
"man"@dcr	<http://ids.clld.org/values/2-210-217-3>		<http://ids.clld.org/parameters/2-210>		<http://ids.clld.org/values/2-210-242-1>		"la"@mot	
"flɛis ~ fles"@dcr	<http://ids.clld.org/values/5-610-217-1>		<http://ids.clld.org/parameters/5-610>		<http://ids.clld.org/values/5-610-242-1>		"aaidyi"@mot	
"mɛlək ~ moluk"@dcr	<http://ids.clld.org/values/5-860-217-1>		<http://ids.clld.org/parameters/5-860>		<http://ids.clld.org/values/5-860-242-1>		"ahtuu"@mot	
"bos"@dcr	<http://ids.clld.org/values/4-410-217-1>		<http://ids.clld.org/parameters/4-410>		<http://ids.clld.org/values/4-410-242-1>		"twaa"@mot	
"masbondo"@dcr	<http://ids.clld.org/values/3-823-217-1>		<http://ids.clld.org/parameters/3-823>		<http://ids.clld.org/values/3-823-242-1>		"bašinši"@mot	
"flɛgn"@dcr	<http://ids.clld.org/values/4-392-217-1>		<http://ids.clld.org/parameters/4-392>		<http://ids.clld.org/values/4-392-242-1>		"ãčĩĩ"@mot	
"fiŋgu"@dcr	<http://ids.clld.org/values/4-340-217-1>		<http://ids.clld.org/parameters/4-340>		<http://ids.clld.org/values/4-340-242-1>		"aḳduu kiokbā"@mot	
"it"@dcr	<http://ids.clld.org/values/1-861-217-1>		<http://ids.clld.org/parameters/1-861>		<http://ids.clld.org/values/1-861-242-1>		"sirasāini"@mot	
"ɛrum"@dcr	<http://ids.clld.org/values/4-310-217-3>		<http://ids.clld.org/parameters/4-310>		<http://ids.clld.org/values/4-310-242-1>		"bisãã"@mot	
"kap"@dcr	<http://ids.clld.org/values/9-220-217-1>		<http://ids.clld.org/parameters/9-220>		<http://ids.clld.org/values/9-220-242-1>		"aɨgdaḳan"@mot	
"(a)wa ~ wat"@dcr	<http://ids.clld.org/values/17-640-217-1>		<http://ids.clld.org/parameters/17-640>		<http://ids.clld.org/values/17-640-242-1>		"aybi"@mot	
"(a)wa ~ wat"@dcr	<http://ids.clld.org/values/17-640-217-1>		<http://ids.clld.org/parameters/17-640>		<http://ids.clld.org/values/17-640-242-3>		"aybidou"@mot	
"pat"@dcr	<http://ids.clld.org/values/10-710-217-1>		<http://ids.clld.org/parameters/10-710>		<http://ids.clld.org/values/10-710-242-1>		"šikɨ"@mot	
"stɛre"@dcr	<http://ids.clld.org/values/1-540-217-1>		<http://ids.clld.org/parameters/1-540>		<http://ids.clld.org/values/1-540-242-1>		"tootubi"@mot	
"dɛŋk ~ diŋ(g)"@dcr	<http://ids.clld.org/values/17-130-217-1>		<http://ids.clld.org/parameters/17-130>		<http://ids.clld.org/values/17-130-242-1>		"yaamitdoḳaani"@mot	
"fi"@dcr	<http://ids.clld.org/values/13-40-217-1>		<http://ids.clld.org/parameters/13-40>		<http://ids.clld.org/values/13-40-242-1>		"asaaridgẽ"@mot	
"sla"@dcr	<http://ids.clld.org/values/9-210-217-1>		<http://ids.clld.org/parameters/9-210>		<http://ids.clld.org/values/9-210-242-1>		"dõõ"@mot	
"sla"@dcr	<http://ids.clld.org/values/9-210-217-1>		<http://ids.clld.org/parameters/9-210>		<http://ids.clld.org/values/9-210-242-3>		"buukši (?)"@mot	
"mɛnši"@dcr	<http://ids.clld.org/values/2-261-217-1>		<http://ids.clld.org/parameters/2-261>		<http://ids.clld.org/values/2-261-242-1>		"ašibī dou"@mot	
"yɛn ~ yin(i)"@dcr	<http://ids.clld.org/values/2-950-217-1>		<http://ids.clld.org/parameters/2-950>		<http://ids.clld.org/values/2-950-242-1>		"bidyi"@mot	
"sik"@dcr	<http://ids.clld.org/values/4-840-217-1>		<http://ids.clld.org/parameters/4-840>		<http://ids.clld.org/values/4-840-242-1>		"sašini"@mot	
"sat"@dcr	<http://ids.clld.org/values/8-311-217-1>		<http://ids.clld.org/parameters/8-311>		<http://ids.clld.org/values/8-311-242-1>		"ahḳooḳbah"@mot	
"wet ~ wɛt"@dcr	<http://ids.clld.org/values/17-170-217-1>		<http://ids.clld.org/parameters/17-170>		<http://ids.clld.org/values/17-170-242-1>		"kaama"@mot	
"af"@dcr	<http://ids.clld.org/values/12-30-217-1>		<http://ids.clld.org/parameters/12-30>		<http://ids.clld.org/values/12-30-242-1>		"roradi"@mot	
"ful"@dcr	<http://ids.clld.org/values/13-210-217-1>		<http://ids.clld.org/parameters/13-210>		<http://ids.clld.org/values/13-210-242-1>		"booḳbarik"@mot	
"swampi"@dcr	<http://ids.clld.org/values/1-380-217-1>		<http://ids.clld.org/parameters/1-380>		<http://ids.clld.org/values/1-380-242-1>		"barona"@mot	
"mon ~ mun (?)"@dcr	<http://ids.clld.org/values/4-250-217-1>		<http://ids.clld.org/parameters/4-250>		<http://ids.clld.org/values/4-250-242-1>		"kaḳšu"@mot	
"hɛwun ~ hewun ~ himul ~ himun ~ hiwun"@dcr	<http://ids.clld.org/values/1-510-217-1>		<http://ids.clld.org/parameters/1-510>		<http://ids.clld.org/values/1-510-242-1>		"baḍũ"@mot	
"sten (?)"@dcr	<http://ids.clld.org/values/4-490-217-3>		<http://ids.clld.org/parameters/4-490>		<http://ids.clld.org/values/4-490-242-1>		"ok'bā"@mot	
"fegəl"@dcr	<http://ids.clld.org/values/3-581-217-1>		<http://ids.clld.org/parameters/3-581>		<http://ids.clld.org/values/3-581-242-1>		"daarikbi"@mot	
"fadə"@dcr	<http://ids.clld.org/values/2-350-217-1>		<http://ids.clld.org/parameters/2-350>		<http://ids.clld.org/values/2-350-242-1>		"aataida"@mot	
"səp"@dcr	<http://ids.clld.org/values/5-640-217-1>		<http://ids.clld.org/parameters/5-640>		<http://ids.clld.org/values/5-640-242-1>		"aribāh"@mot	
"dou"@dcr	<http://ids.clld.org/values/1-640-217-1>		<http://ids.clld.org/parameters/1-640>		<http://ids.clld.org/values/1-640-242-1>		"tubīkā"@mot	
"drɛp"@dcr	<http://ids.clld.org/values/10-230-217-1>		<http://ids.clld.org/parameters/10-230>		<http://ids.clld.org/values/10-230-242-1>		"baɨgkirakbã"@mot	
"duŋku ~ duŋki"@dcr	<http://ids.clld.org/values/14-420-217-1>		<http://ids.clld.org/parameters/14-420>		<http://ids.clld.org/values/14-420-242-1>		"sɨ̃ɨ̃"@mot	
"bɛrgi ~ bergə ~ berge"@dcr	<http://ids.clld.org/values/1-220-217-1>		<http://ids.clld.org/parameters/1-220>		<http://ids.clld.org/values/1-220-242-1>		"dyɨra"@mot	
"was ~ waš"@dcr	<http://ids.clld.org/values/9-360-217-1>		<http://ids.clld.org/parameters/9-360>		<http://ids.clld.org/values/9-360-242-1>		"dukan"@mot	
"skon-kin"@dcr	<http://ids.clld.org/values/2-630-217-1>		<http://ids.clld.org/parameters/2-630>		<http://ids.clld.org/values/2-630-242-1>		"inaikāsa"@mot	
"bil ~ bɛl"@dcr	<http://ids.clld.org/values/4-351-217-1>		<http://ids.clld.org/parameters/4-351>		<http://ids.clld.org/values/4-351-242-1>		"bibīī"@mot	
"futu"@dcr	<http://ids.clld.org/values/4-360-217-3>		<http://ids.clld.org/parameters/4-360>		<http://ids.clld.org/values/4-360-242-1>		"obãã"@mot	
"siŋ"@dcr	<http://ids.clld.org/values/18-120-217-1>		<http://ids.clld.org/parameters/18-120>		<http://ids.clld.org/values/18-120-242-1>		"čibaa"@mot	
"darm ~ dɛrəm"@dcr	<http://ids.clld.org/values/4-461-217-1>		<http://ids.clld.org/parameters/4-461>		<http://ids.clld.org/values/4-461-242-1>		"aaiši"@mot	
"bran"@dcr	<http://ids.clld.org/values/15-850-217-1>		<http://ids.clld.org/parameters/15-850>		<http://ids.clld.org/values/15-850-242-3>		"asaašini"@mot	
"bran"@dcr	<http://ids.clld.org/values/15-850-217-1>		<http://ids.clld.org/parameters/15-850>		<http://ids.clld.org/values/15-850-242-1>		"asãã"@mot	
"skon-pupa"@dcr	<http://ids.clld.org/values/2-611-217-1>		<http://ids.clld.org/parameters/2-611>		<http://ids.clld.org/values/2-611-242-1>		"ašīaidā"@mot	
"yit"@dcr	<http://ids.clld.org/values/5-120-217-1>		<http://ids.clld.org/parameters/5-120>		<http://ids.clld.org/values/5-120-242-1>		"kāraba"@mot	
"ho(so)"@dcr	<http://ids.clld.org/values/17-610-217-1>		<http://ids.clld.org/parameters/17-610>		<http://ids.clld.org/values/17-610-242-1>		"aangka"@mot	
"sliŋgu (-ši)"@dcr	<http://ids.clld.org/values/12-420-217-1>		<http://ids.clld.org/parameters/12-420>		<http://ids.clld.org/values/12-420-242-1>		"miikã"@mot	
"frai"@dcr	<http://ids.clld.org/values/16-710-217-1>		<http://ids.clld.org/parameters/16-710>		<http://ids.clld.org/values/16-710-242-1>		"sasaaini"@mot	
"frai"@dcr	<http://ids.clld.org/values/16-710-217-1>		<http://ids.clld.org/parameters/16-710>		<http://ids.clld.org/values/16-710-242-3>		"sabaini"@mot	
"drom"@dcr	<http://ids.clld.org/values/4-620-217-1>		<http://ids.clld.org/parameters/4-620>		<http://ids.clld.org/values/4-620-242-1>		"borog'barina"@mot	
"klet"@dcr	<http://ids.clld.org/values/6-110-217-1>		<http://ids.clld.org/parameters/6-110>		<http://ids.clld.org/values/6-110-242-1>		"kāasa"@mot	
"hok"@dcr	<http://ids.clld.org/values/12-580-217-1>		<http://ids.clld.org/parameters/12-580>		<http://ids.clld.org/values/12-580-242-1>		"aḳbakɨ"@mot	
"fɛs"@dcr	<http://ids.clld.org/values/3-650-217-1>		<http://ids.clld.org/parameters/3-650>		<http://ids.clld.org/values/3-650-242-3>		"katutu"@mot	
"fɛs"@dcr	<http://ids.clld.org/values/3-650-217-1>		<http://ids.clld.org/parameters/3-650>		<http://ids.clld.org/values/3-650-242-1>		"tay"@mot	
"miši ~ muši"@dcr	<http://ids.clld.org/values/3-630-217-1>		<http://ids.clld.org/parameters/3-630>		<http://ids.clld.org/values/3-630-242-1>		"dahtumia"@mot	
"asɛm(trɛk) ~ azɛm"@dcr	<http://ids.clld.org/values/4-510-217-1>		<http://ids.clld.org/parameters/4-510>		<http://ids.clld.org/values/4-510-242-1>		"bosobuku"@mot	
"yit"@dcr	<http://ids.clld.org/values/5-110-217-1>		<http://ids.clld.org/parameters/5-110>		<http://ids.clld.org/values/5-110-242-1>		"karabaseɨba"@mot	
"mon ~ mun"@dcr	<http://ids.clld.org/values/4-241-217-1>		<http://ids.clld.org/parameters/4-241>		<http://ids.clld.org/values/4-241-242-1>		"arurū"@mot	
"han"@dcr	<http://ids.clld.org/values/4-331-217-1>		<http://ids.clld.org/parameters/4-331>		<http://ids.clld.org/values/4-331-242-1>		"aḳduu būgda"@mot	
"lif"@dcr	<http://ids.clld.org/values/4-120-217-1>		<http://ids.clld.org/parameters/4-120>		<http://ids.clld.org/values/4-120-242-1>		"aɨgšuu"@mot	
"nal"@dcr	<http://ids.clld.org/values/6-360-217-1>		<http://ids.clld.org/parameters/6-360>		<http://ids.clld.org/values/6-360-242-1>		"ihbeĩkaddū"@mot	
"hɛt ~ het ~ hit"@dcr	<http://ids.clld.org/values/15-850-217-3>		<http://ids.clld.org/parameters/15-850>		<http://ids.clld.org/values/15-850-242-3>		"asaašini"@mot	
"hɛt ~ het ~ hit"@dcr	<http://ids.clld.org/values/15-850-217-3>		<http://ids.clld.org/parameters/15-850>		<http://ids.clld.org/values/15-850-242-1>		"asãã"@mot	
"loi"@dcr	<http://ids.clld.org/values/4-920-217-1>		<http://ids.clld.org/parameters/4-920>		<http://ids.clld.org/values/4-920-242-1>		"aktarã"@mot	
"kalela ~ kalila"@dcr	<http://ids.clld.org/values/6-760-217-1>		<http://ids.clld.org/parameters/6-760>		<http://ids.clld.org/values/6-760-242-1>		"karahšī"@mot	
"adu"@dcr	<http://ids.clld.org/values/1-210-217-1>		<http://ids.clld.org/parameters/1-210>		<http://ids.clld.org/values/1-210-242-1>		"ihtãã"@mot	
"win ~ wɛn"@dcr	<http://ids.clld.org/values/1-720-217-1>		<http://ids.clld.org/parameters/1-720>		<http://ids.clld.org/values/1-720-242-1>		"saaba"@mot	
"gro-ta"@dcr	<http://ids.clld.org/values/2-460-217-3>		<http://ids.clld.org/parameters/2-460>		<http://ids.clld.org/values/2-460-242-1>		"ašĩtaida"@mot	
"plim"@dcr	<http://ids.clld.org/values/4-393-217-1>		<http://ids.clld.org/parameters/4-393>		<http://ids.clld.org/values/4-393-242-1>		"ããčĩĩ"@mot	
"kaka ~ koka"@dcr	<http://ids.clld.org/values/4-660-217-1>		<http://ids.clld.org/parameters/4-660>		<http://ids.clld.org/values/4-660-242-1>		"ahtū"@mot	
"wapiši ~ wɛpiši"@dcr	<http://ids.clld.org/values/17-660-217-3>		<http://ids.clld.org/parameters/17-660>		<http://ids.clld.org/values/17-660-242-1>		"abããhã"@mot	
"woltə"@dcr	<http://ids.clld.org/values/8-540-217-1>		<http://ids.clld.org/parameters/8-540>		<http://ids.clld.org/values/8-540-242-1>		"ašišĩĩ"@mot	
"bɛri"@dcr	<http://ids.clld.org/values/7-420-217-1>		<http://ids.clld.org/parameters/7-420>		<http://ids.clld.org/values/7-420-242-1>		"kagsãduoyī"@mot	
"ro"@dcr	<http://ids.clld.org/values/15-660-217-1>		<http://ids.clld.org/parameters/15-660>		<http://ids.clld.org/values/15-660-242-1>		"bohḳaraa"@mot	
"snal"@dcr	<http://ids.clld.org/values/3-940-217-1>		<http://ids.clld.org/parameters/3-940>		<http://ids.clld.org/values/3-940-242-1>		"kiugtū"@mot	
"gel"@dcr	<http://ids.clld.org/values/15-690-217-1>		<http://ids.clld.org/parameters/15-690>		<http://ids.clld.org/values/15-690-242-1>		"karikã ašungdu"@mot	
"swoip"@dcr	<http://ids.clld.org/values/9-220-217-7>		<http://ids.clld.org/parameters/9-220>		<http://ids.clld.org/values/9-220-242-1>		"aɨgdaḳan"@mot	
"gron"@dcr	<http://ids.clld.org/values/1-212-217-1>		<http://ids.clld.org/parameters/1-212>		<http://ids.clld.org/values/1-212-242-1>		"ihtãã"@mot	
"kak(a)laka"@dcr	<http://ids.clld.org/values/3-816-217-1>		<http://ids.clld.org/parameters/3-816>		<http://ids.clld.org/values/3-816-242-1>		"šokdo"@mot	
"katun"@dcr	<http://ids.clld.org/values/6-240-217-1>		<http://ids.clld.org/parameters/6-240>		<http://ids.clld.org/values/6-240-242-1>		"kalã"@mot	
"tɛtɛ"@dcr	<http://ids.clld.org/values/5-160-217-1>		<http://ids.clld.org/parameters/5-160>		<http://ids.clld.org/values/5-160-242-3>		"dada"@mot	
"tɛtɛ"@dcr	<http://ids.clld.org/values/5-160-217-1>		<http://ids.clld.org/parameters/5-160>		<http://ids.clld.org/values/5-160-242-1>		"tuu aɨgsadyĩ"@mot	
"skou"@dcr	<http://ids.clld.org/values/4-300-217-1>		<http://ids.clld.org/parameters/4-300>		<http://ids.clld.org/values/4-300-242-1>		"bahdoo"@mot	
"twe"@dcr	<http://ids.clld.org/values/13-20-217-1>		<http://ids.clld.org/parameters/13-20>		<http://ids.clld.org/values/13-20-242-1>		"ĩĩsaami"@mot	
"ne"@dcr	<http://ids.clld.org/values/12-30-217-5>		<http://ids.clld.org/parameters/12-30>		<http://ids.clld.org/values/12-30-242-1>		"roradi"@mot	
"lus"@dcr	<http://ids.clld.org/values/3-811-217-1>		<http://ids.clld.org/parameters/3-811>		<http://ids.clld.org/values/3-811-242-1>		"kuu"@mot	
"ho"@dcr	<http://ids.clld.org/values/4-220-217-1>		<http://ids.clld.org/parameters/4-220>		<http://ids.clld.org/values/4-220-242-1>		"koḳčii"@mot	
"bes-yet ~ bešət"@dcr	<http://ids.clld.org/values/8-510-217-3>		<http://ids.clld.org/parameters/8-510>		<http://ids.clld.org/values/8-510-242-1>		"ši"@mot	
"bos"@dcr	<http://ids.clld.org/values/4-400-217-1>		<http://ids.clld.org/parameters/4-400>		<http://ids.clld.org/values/4-400-242-1>		"bidū"@mot	
"moskit"@dcr	<http://ids.clld.org/values/3-832-217-1>		<http://ids.clld.org/parameters/3-832>		<http://ids.clld.org/values/3-832-242-1>		"iširigbi"@mot	
"wun ~ won"@dcr	<http://ids.clld.org/values/7-110-217-1>		<http://ids.clld.org/parameters/7-110>		<http://ids.clld.org/values/7-110-242-1>		"baadarī"@mot	
"kel"@dcr	<http://ids.clld.org/values/4-290-217-3>		<http://ids.clld.org/parameters/4-290>		<http://ids.clld.org/values/4-290-242-1>		"būuri"@mot	
"man"@dcr	<http://ids.clld.org/values/2-310-217-1>		<http://ids.clld.org/parameters/2-310>		<http://ids.clld.org/values/2-310-242-1>		"aataida"@mot	
"ma(ma) ~ muma"@dcr	<http://ids.clld.org/values/2-360-217-1>		<http://ids.clld.org/parameters/2-360>		<http://ids.clld.org/values/2-360-242-1>		"abaama"@mot	
"tau"@dcr	<http://ids.clld.org/values/9-190-217-1>		<http://ids.clld.org/parameters/9-190>		<http://ids.clld.org/values/9-190-242-1>		"kaaḳšibu"@mot	
"tau"@dcr	<http://ids.clld.org/values/9-190-217-1>		<http://ids.clld.org/parameters/9-190>		<http://ids.clld.org/values/9-190-242-3>		"bwaisaɨg"@mot	
"tisam"@dcr	<http://ids.clld.org/values/4-880-217-1>		<http://ids.clld.org/parameters/4-880>		<http://ids.clld.org/values/4-880-242-1>		"ogsā"@mot	
"nis"@dcr	<http://ids.clld.org/values/4-540-217-1>		<http://ids.clld.org/parameters/4-540>		<http://ids.clld.org/values/4-540-242-1>		"ahtrušū"@mot	
"ha(r)t"@dcr	<http://ids.clld.org/values/4-440-217-1>		<http://ids.clld.org/parameters/4-440>		<http://ids.clld.org/values/4-440-242-1>		"aḳbadyĩĩ"@mot	
"parat"@dcr	<http://ids.clld.org/values/3-592-217-1>		<http://ids.clld.org/parameters/3-592>		<http://ids.clld.org/values/3-592-242-1>		"dahba"@mot	
"kop"@dcr	<http://ids.clld.org/values/4-205-217-1>		<http://ids.clld.org/parameters/4-205>		<http://ids.clld.org/values/4-205-242-1>		"dokbā"@mot	
"bret"@dcr	<http://ids.clld.org/values/12-610-217-1>		<http://ids.clld.org/parameters/12-610>		<http://ids.clld.org/values/12-610-242-1>		"yookari"@mot	
"hondu ~ hundu"@dcr	<http://ids.clld.org/values/3-540-217-1>		<http://ids.clld.org/parameters/3-540>		<http://ids.clld.org/values/3-540-242-1>		"kari"@mot	
"fi"@dcr	<http://ids.clld.org/values/1-810-217-1>		<http://ids.clld.org/parameters/1-810>		<http://ids.clld.org/values/1-810-242-1>		"kaaḍɨ"@mot	
"kak"@dcr	<http://ids.clld.org/values/4-209-217-1>		<http://ids.clld.org/parameters/4-209>		<http://ids.clld.org/values/4-209-242-1>		"kakā adyi"@mot	
"futu"@dcr	<http://ids.clld.org/values/4-371-217-1>		<http://ids.clld.org/parameters/4-371>		<http://ids.clld.org/values/4-371-242-1>		"kiokbā karikāa"@mot	
"frou-"@dcr	<http://ids.clld.org/values/2-240-217-1>		<http://ids.clld.org/parameters/2-240>		<http://ids.clld.org/values/2-240-242-1>		"abama"@mot	
"lif"@dcr	<http://ids.clld.org/values/4-110-217-1>		<http://ids.clld.org/parameters/4-110>		<http://ids.clld.org/values/4-110-242-1>		"aidyīi"@mot	
"tan"@dcr	<http://ids.clld.org/values/4-270-217-1>		<http://ids.clld.org/parameters/4-270>		<http://ids.clld.org/values/4-270-242-1>		"ḍuḍu"@mot	
"pos"@dcr	<http://ids.clld.org/values/7-560-217-1>		<http://ids.clld.org/parameters/7-560>		<http://ids.clld.org/values/7-560-242-1>		"kakbaibai"@mot	
"sɛt ~ sit"@dcr	<http://ids.clld.org/values/12-130-217-1>		<http://ids.clld.org/parameters/12-130>		<http://ids.clld.org/values/12-130-242-1>		"kaani"@mot	
"stam"@dcr	<http://ids.clld.org/values/9-210-217-3>		<http://ids.clld.org/parameters/9-210>		<http://ids.clld.org/values/9-210-242-1>		"dõõ"@mot	
"stam"@dcr	<http://ids.clld.org/values/9-210-217-3>		<http://ids.clld.org/parameters/9-210>		<http://ids.clld.org/values/9-210-242-3>		"buukši (?)"@mot	
"nom"@dcr	<http://ids.clld.org/values/2-510-217-1>		<http://ids.clld.org/parameters/2-510>		<http://ids.clld.org/values/2-510-242-1>		"aisī okarā"@mot	
"grot sten"@dcr	<http://ids.clld.org/values/1-222-217-1>		<http://ids.clld.org/parameters/1-222>		<http://ids.clld.org/values/1-222-242-1>		"angbarī"@mot	
"dri ~ tri"@dcr	<http://ids.clld.org/values/13-30-217-1>		<http://ids.clld.org/parameters/13-30>		<http://ids.clld.org/values/13-30-242-3>		"bitentoḳou"@mot	
"dri ~ tri"@dcr	<http://ids.clld.org/values/13-30-217-1>		<http://ids.clld.org/parameters/13-30>		<http://ids.clld.org/values/13-30-242-1>		"tentoḳou"@mot	
"fel"@dcr	<http://ids.clld.org/values/13-150-217-1>		<http://ids.clld.org/parameters/13-150>		<http://ids.clld.org/values/13-150-242-1>		"škikbeh"@mot	
"swa"@dcr	<http://ids.clld.org/values/15-810-217-1>		<http://ids.clld.org/parameters/15-810>		<http://ids.clld.org/values/15-810-242-1>		"aabari"@mot	
"babun"@dcr	<http://ids.clld.org/values/3-760-217-1>		<http://ids.clld.org/parameters/3-760>		<http://ids.clld.org/values/3-760-242-1>		"baraši"@mot	
"fɛl"@dcr	<http://ids.clld.org/values/6-290-217-1>		<http://ids.clld.org/parameters/6-290>		<http://ids.clld.org/values/6-290-242-1>		"biruna"@mot	
"bran"@dcr	<http://ids.clld.org/values/1-851-217-1>		<http://ids.clld.org/parameters/1-851>		<http://ids.clld.org/values/1-851-242-1>		"dyoosaḳãn"@mot	
"skɛrp"@dcr	<http://ids.clld.org/values/15-780-217-1>		<http://ids.clld.org/parameters/15-780>		<http://ids.clld.org/values/15-780-242-1>		"ihkobaaini"@mot	
"lif ~ lɛf"@dcr	<http://ids.clld.org/values/4-740-217-1>		<http://ids.clld.org/parameters/4-740>		<http://ids.clld.org/values/4-740-242-3>		"baɨgbari"@mot	
"lif ~ lɛf"@dcr	<http://ids.clld.org/values/4-740-217-1>		<http://ids.clld.org/parameters/4-740>		<http://ids.clld.org/values/4-740-242-1>		"dobaɨgbari"@mot	
"kikintši"@dcr	<http://ids.clld.org/values/3-550-217-1>		<http://ids.clld.org/parameters/3-550>		<http://ids.clld.org/values/3-550-242-1>		"kari"@mot	
"duŋku"@dcr	<http://ids.clld.org/values/1-620-217-1>		<http://ids.clld.org/parameters/1-620>		<http://ids.clld.org/values/1-620-242-1>		"baidaani"@mot	
"rɛk(t) ~ rɛt(u)"@dcr	<http://ids.clld.org/values/16-730-217-1>		<http://ids.clld.org/parameters/16-730>		<http://ids.clld.org/values/16-730-242-1>		"ããkai"@mot	
"progaši"@dcr	<http://ids.clld.org/values/4-880-217-3>		<http://ids.clld.org/parameters/4-880>		<http://ids.clld.org/values/4-880-242-1>		"ogsā"@mot	
"gap"@dcr	<http://ids.clld.org/values/4-520-217-3>		<http://ids.clld.org/parameters/4-520>		<http://ids.clld.org/values/4-520-242-1>		"kabah agaksakei"@mot	
"mɛs"@dcr	<http://ids.clld.org/values/5-380-217-1>		<http://ids.clld.org/parameters/5-380>		<http://ids.clld.org/values/5-380-242-1>		"baktrusā"@mot	
"(s)tan"@dcr	<http://ids.clld.org/values/12-150-217-1>		<http://ids.clld.org/parameters/12-150>		<http://ids.clld.org/values/12-150-242-1>		"bikigbisaa"@mot	
"man-ple"@dcr	<http://ids.clld.org/values/4-492-217-1>		<http://ids.clld.org/parameters/4-492>		<http://ids.clld.org/values/4-492-242-1>		"bašišũ"@mot	
"pit ~ pɛt"@dcr	<http://ids.clld.org/values/1-370-217-1>		<http://ids.clld.org/parameters/1-370>		<http://ids.clld.org/values/1-370-242-1>		"undaghakĩ"@mot	
"brou"@dcr	<http://ids.clld.org/values/5-220-217-1>		<http://ids.clld.org/parameters/5-220>		<http://ids.clld.org/values/5-220-242-1>		"ašũdokwari"@mot	
"bos"@dcr	<http://ids.clld.org/values/9-270-217-1>		<http://ids.clld.org/parameters/9-270>		<http://ids.clld.org/values/9-270-242-1>		"aɨgdon (?)"@mot	
"bik"@dcr	<http://ids.clld.org/values/4-460-217-1>		<http://ids.clld.org/parameters/4-460>		<http://ids.clld.org/values/4-460-242-1>		"išii"@mot	
"bik"@dcr	<http://ids.clld.org/values/4-460-217-1>		<http://ids.clld.org/parameters/4-460>		<http://ids.clld.org/values/4-460-242-3>		"aišii"@mot	
"plaŋ"@dcr	<http://ids.clld.org/values/7-570-217-1>		<http://ids.clld.org/parameters/7-570>		<http://ids.clld.org/values/7-570-242-1>		"kaayābaī"@mot	
"hogo"@dcr	<http://ids.clld.org/values/4-210-217-1>		<http://ids.clld.org/parameters/4-210>		<http://ids.clld.org/values/4-210-242-3>		"oošubi"@mot	
"hogo"@dcr	<http://ids.clld.org/values/4-210-217-1>		<http://ids.clld.org/parameters/4-210>		<http://ids.clld.org/values/4-210-242-1>		"oo"@mot	
"aksl"@dcr	<http://ids.clld.org/values/3-460-217-1>		<http://ids.clld.org/parameters/3-460>		<http://ids.clld.org/values/3-460-242-3>		"sokuā"@mot	
"aksl"@dcr	<http://ids.clld.org/values/3-460-217-1>		<http://ids.clld.org/parameters/3-460>		<http://ids.clld.org/values/3-460-242-1>		"čoko"@mot	
"houtu"@dcr	<http://ids.clld.org/values/1-880-217-1>		<http://ids.clld.org/parameters/1-880>		<http://ids.clld.org/values/1-880-242-1>		"kaa"@mot	
"pot"@dcr	<http://ids.clld.org/values/5-260-217-1>		<http://ids.clld.org/parameters/5-260>		<http://ids.clld.org/values/5-260-242-1>		"bašikalai"@mot	
"abo(bo) ~ aobu ~ bo(bo) ~ bono ~ bu ~ (na-)bo(no) ~ obu"@dcr	<http://ids.clld.org/values/12-80-217-1>		<http://ids.clld.org/parameters/12-80>		<http://ids.clld.org/values/12-80-242-1>		"baaduu"@mot	
"trou"@dcr	<http://ids.clld.org/values/2-340-217-1>		<http://ids.clld.org/parameters/2-340>		<http://ids.clld.org/values/2-340-242-1>		"kayākba"@mot	
"grot-kin"@dcr	<http://ids.clld.org/values/2-490-217-1>		<http://ids.clld.org/parameters/2-490>		<http://ids.clld.org/values/2-490-242-1>		"šiā́ abira"@mot	
"son"@dcr	<http://ids.clld.org/values/1-520-217-1>		<http://ids.clld.org/parameters/1-520>		<http://ids.clld.org/values/1-520-242-1>		"nyaa"@mot	
"kaut(u)"@dcr	<http://ids.clld.org/values/15-860-217-1>		<http://ids.clld.org/parameters/15-860>		<http://ids.clld.org/values/15-860-242-1>		"tɨɨšini"@mot	
"dik"@dcr	<http://ids.clld.org/values/12-630-217-1>		<http://ids.clld.org/parameters/12-630>		<http://ids.clld.org/values/12-630-242-1>		"aabi"@mot	
"duku"@dcr	<http://ids.clld.org/values/6-120-217-1>		<http://ids.clld.org/parameters/6-120>		<http://ids.clld.org/values/6-120-242-1>		"duksā"@mot	
"han"@dcr	<http://ids.clld.org/values/4-320-217-1>		<http://ids.clld.org/parameters/4-320>		<http://ids.clld.org/values/4-320-242-1>		"obāā"@mot	
"hus"@dcr	<http://ids.clld.org/values/7-120-217-1>		<http://ids.clld.org/parameters/7-120>		<http://ids.clld.org/values/7-120-242-1>		"kaig"@mot	
"kabai"@dcr	<http://ids.clld.org/values/3-410-217-1>		<http://ids.clld.org/parameters/3-410>		<http://ids.clld.org/values/3-410-242-1>		"buēragba"@mot	
"futu"@dcr	<http://ids.clld.org/values/4-372-217-1>		<http://ids.clld.org/parameters/4-372>		<http://ids.clld.org/values/4-372-242-1>		"kihtū būgda"@mot	
"fil"@dcr	<http://ids.clld.org/values/15-880-217-1>		<http://ids.clld.org/parameters/15-880>		<http://ids.clld.org/values/15-880-242-1>		"baidaani"@mot	
"mi"@dcr	<http://ids.clld.org/values/2-910-217-1>		<http://ids.clld.org/parameters/2-910>		<http://ids.clld.org/values/2-910-242-1>		"nãi"@mot	
"(fɛs-)skɛl"@dcr	<http://ids.clld.org/values/3-653-217-1>		<http://ids.clld.org/parameters/3-653>		<http://ids.clld.org/values/3-653-242-1>		"ataktā"@mot	
"(to)mɛs ~ tumɛs"@dcr	<http://ids.clld.org/values/12-430-217-3>		<http://ids.clld.org/parameters/12-430>		<http://ids.clld.org/values/12-430-242-1>		"muungdani"@mot	
"ha(r)"@dcr	<http://ids.clld.org/values/4-144-217-1>		<http://ids.clld.org/parameters/4-144>		<http://ids.clld.org/values/4-144-242-1>		"kāači"@mot	
"hil"@dcr	<http://ids.clld.org/values/4-372-217-3>		<http://ids.clld.org/parameters/4-372>		<http://ids.clld.org/values/4-372-242-1>		"kihtū būgda"@mot	
"yuŋ-kin"@dcr	<http://ids.clld.org/values/2-250-217-1>		<http://ids.clld.org/parameters/2-250>		<http://ids.clld.org/values/2-250-242-1>		"saaši"@mot	
"spigəl"@dcr	<http://ids.clld.org/values/6-960-217-1>		<http://ids.clld.org/parameters/6-960>		<http://ids.clld.org/values/6-960-242-1>		"oyabiyīyi"@mot	
"dop-ta (?)"@dcr	<http://ids.clld.org/values/2-710-217-1>		<http://ids.clld.org/parameters/2-710>		<http://ids.clld.org/values/2-710-242-1>		"kwaimai"@mot	
"(sak-)nɛstuk ~ nestuk ~ nistuk"@dcr	<http://ids.clld.org/values/6-810-217-1>		<http://ids.clld.org/parameters/6-810>		<http://ids.clld.org/values/6-810-242-1>		"aḳduu"@mot	
"waku"@dcr	<http://ids.clld.org/values/4-630-217-1>		<http://ids.clld.org/parameters/4-630>		<http://ids.clld.org/values/4-630-242-1>		"kiārusa"@mot	
"grani"@dcr	<http://ids.clld.org/values/2-470-217-1>		<http://ids.clld.org/parameters/2-470>		<http://ids.clld.org/values/2-470-242-1>		"ašiabāma"@mot	
"rambl"@dcr	<http://ids.clld.org/values/10-450-217-3>		<http://ids.clld.org/parameters/10-450>		<http://ids.clld.org/values/10-450-242-1>		"nyũ"@mot	
"al(ga)"@dcr	<http://ids.clld.org/values/13-140-217-3>		<http://ids.clld.org/parameters/13-140>		<http://ids.clld.org/values/13-140-242-1>		"ĩĩški"@mot	
"rik"@dcr	<http://ids.clld.org/values/15-210-217-1>		<http://ids.clld.org/parameters/15-210>		<http://ids.clld.org/values/15-210-242-1>		"aantukãã"@mot	
"se"@dcr	<http://ids.clld.org/values/18-220-217-1>		<http://ids.clld.org/parameters/18-220>		<http://ids.clld.org/values/18-220-242-1>		"iibaḳan"@mot	
"fig ~ fik"@dcr	<http://ids.clld.org/values/9-310-217-3>		<http://ids.clld.org/parameters/9-310>		<http://ids.clld.org/values/9-310-242-1>		"dyuug-dyug"@mot	
"difi"@dcr	<http://ids.clld.org/values/3-594-217-1>		<http://ids.clld.org/parameters/3-594>		<http://ids.clld.org/values/3-594-242-1>		"šibou"@mot	
"mɛnši"@dcr	<http://ids.clld.org/values/2-420-217-1>		<http://ids.clld.org/parameters/2-420>		<http://ids.clld.org/values/2-420-242-1>		"ša"@mot	
"di"@dcr	<http://ids.clld.org/values/2-930-217-3>		<http://ids.clld.org/parameters/2-930>		<http://ids.clld.org/values/2-930-242-1>		"oobãi"@mot	
"kou"@dcr	<http://ids.clld.org/values/5-180-217-1>		<http://ids.clld.org/parameters/5-180>		<http://ids.clld.org/values/5-180-242-1>		"kõõ"@mot	
"horən"@dcr	<http://ids.clld.org/values/4-170-217-1>		<http://ids.clld.org/parameters/4-170>		<http://ids.clld.org/values/4-170-242-1>		"abuiroḳdo"@mot	
"horən"@dcr	<http://ids.clld.org/values/4-170-217-1>		<http://ids.clld.org/parameters/4-170>		<http://ids.clld.org/values/4-170-242-3>		"ačikbi"@mot	
"sɛp"@dcr	<http://ids.clld.org/values/6-950-217-1>		<http://ids.clld.org/parameters/6-950>		<http://ids.clld.org/values/6-950-242-1>		"yadūiduibai"@mot	
"tondu ~ dondu"@dcr	<http://ids.clld.org/values/1-560-217-1>		<http://ids.clld.org/parameters/1-560>		<http://ids.clld.org/values/1-560-242-1>		"bihdāri"@mot	
"ki"@dcr	<http://ids.clld.org/values/15-510-217-1>		<http://ids.clld.org/parameters/15-510>		<http://ids.clld.org/values/15-510-242-1>		"maadyi"@mot	
"sten"@dcr	<http://ids.clld.org/values/1-440-217-1>		<http://ids.clld.org/parameters/1-440>		<http://ids.clld.org/values/1-440-242-3>		"aɨna"@mot	
"sten"@dcr	<http://ids.clld.org/values/1-440-217-1>		<http://ids.clld.org/parameters/1-440>		<http://ids.clld.org/values/1-440-242-1>		"ããng"@mot	
"frokos(t)"@dcr	<http://ids.clld.org/values/5-410-217-1>		<http://ids.clld.org/parameters/5-410>		<http://ids.clld.org/values/5-410-242-1>		"karabaseina"@mot	
"skon-muma ~ skon-ma (?)"@dcr	<http://ids.clld.org/values/2-621-217-1>		<http://ids.clld.org/parameters/2-621>		<http://ids.clld.org/values/2-621-242-1>		"ašība"@mot	
"brambi"@dcr	<http://ids.clld.org/values/3-817-217-1>		<http://ids.clld.org/parameters/3-817>		<http://ids.clld.org/values/3-817-242-1>		"kumaā"@mot	
"rɛči"@dcr	<http://ids.clld.org/values/12-410-217-1>		<http://ids.clld.org/parameters/12-410>		<http://ids.clld.org/values/12-410-242-1>		"ããkai"@mot	
"grun"@dcr	<http://ids.clld.org/values/15-680-217-1>		<http://ids.clld.org/parameters/15-680>		<http://ids.clld.org/values/15-680-242-1>		"bireikara"@mot	
"wolk"@dcr	<http://ids.clld.org/values/1-730-217-1>		<http://ids.clld.org/parameters/1-730>		<http://ids.clld.org/values/1-730-242-1>		"nindihkɨ"@mot	
"druŋ ~ druŋk"@dcr	<http://ids.clld.org/values/4-980-217-1>		<http://ids.clld.org/parameters/4-980>		<http://ids.clld.org/values/4-980-242-1>		"agsabitbari"@mot	
"ha(r)"@dcr	<http://ids.clld.org/values/4-140-217-1>		<http://ids.clld.org/parameters/4-140>		<http://ids.clld.org/values/4-140-242-1>		"kãatũũ"@mot	
"fɛrgi ~ fɛrki"@dcr	<http://ids.clld.org/values/3-350-217-1>		<http://ids.clld.org/parameters/3-350>		<http://ids.clld.org/values/3-350-242-1>		"bisao"@mot	
"flu"@dcr	<http://ids.clld.org/values/7-260-217-1>		<http://ids.clld.org/parameters/7-260>		<http://ids.clld.org/values/7-260-242-1>		"ihtā"@mot	
"stɛrək"@dcr	<http://ids.clld.org/values/4-810-217-1>		<http://ids.clld.org/parameters/4-810>		<http://ids.clld.org/values/4-810-242-1>		"karābari"@mot	
"blɛn ~ blin ~ blain"@dcr	<http://ids.clld.org/values/4-970-217-1>		<http://ids.clld.org/parameters/4-970>		<http://ids.clld.org/values/4-970-242-1>		"škakyūbigbari"@mot	
"papəgoi"@dcr	<http://ids.clld.org/values/3-592-217-3>		<http://ids.clld.org/parameters/3-592>		<http://ids.clld.org/values/3-592-242-1>		"dahba"@mot	
"lelik ~ lɛlik ~ likik"@dcr	<http://ids.clld.org/values/16-720-217-1>		<http://ids.clld.org/parameters/16-720>		<http://ids.clld.org/values/16-720-242-1>		"arongbɨšini"@mot	
"lelik ~ lɛlik ~ likik"@dcr	<http://ids.clld.org/values/16-720-217-1>		<http://ids.clld.org/parameters/16-720>		<http://ids.clld.org/values/16-720-242-3>		"atraḳaari"@mot	
"dos"@dcr	<http://ids.clld.org/values/5-150-217-1>		<http://ids.clld.org/parameters/5-150>		<http://ids.clld.org/values/5-150-242-1>		"šimasara"@mot	
"kol"@dcr	<http://ids.clld.org/values/1-890-217-1>		<http://ids.clld.org/parameters/1-890>		<http://ids.clld.org/values/1-890-242-1>		"ikogbah"@mot	
"wilik ~ wɛrlik"@dcr	<http://ids.clld.org/values/1-550-217-1>		<http://ids.clld.org/parameters/1-550>		<http://ids.clld.org/values/1-550-242-1>		"dyibahdū"@mot	
"klen ~ klɛn ~ klenši"@dcr	<http://ids.clld.org/values/12-560-217-1>		<http://ids.clld.org/parameters/12-560>		<http://ids.clld.org/values/12-560-242-3>		"ihtoo"@mot	
"klen ~ klɛn ~ klenši"@dcr	<http://ids.clld.org/values/12-560-217-1>		<http://ids.clld.org/parameters/12-560>		<http://ids.clld.org/values/12-560-242-1>		"baakaĩ"@mot	
"riva"@dcr	<http://ids.clld.org/values/1-360-217-1>		<http://ids.clld.org/parameters/1-360>		<http://ids.clld.org/values/1-360-242-1>		"bohgī"@mot	
"wurum"@dcr	<http://ids.clld.org/values/3-840-217-1>		<http://ids.clld.org/parameters/3-840>		<http://ids.clld.org/values/3-840-242-1>		"iširabaa"@mot	
"dop-ma"@dcr	<http://ids.clld.org/values/2-720-217-1>		<http://ids.clld.org/parameters/2-720>		<http://ids.clld.org/values/2-720-242-1>		"abāama"@mot	
"stɛt ~ stet"@dcr	<http://ids.clld.org/values/4-180-217-1>		<http://ids.clld.org/parameters/4-180>		<http://ids.clld.org/values/4-180-242-1>		"arihku"@mot	
"patpat ~ pačipači"@dcr	<http://ids.clld.org/values/3-570-217-1>		<http://ids.clld.org/parameters/3-570>		<http://ids.clld.org/values/3-570-242-1>		"bakbā"@mot	
"ekeren ~ ɛkɛrɛn"@dcr	<http://ids.clld.org/values/13-140-217-1>		<http://ids.clld.org/parameters/13-140>		<http://ids.clld.org/values/13-140-242-1>		"ĩĩški"@mot	
"bom"@dcr	<http://ids.clld.org/values/8-600-217-1>		<http://ids.clld.org/parameters/8-600>		<http://ids.clld.org/values/8-600-242-1>		"kãa"@mot	
"flig"@dcr	<http://ids.clld.org/values/10-370-217-1>		<http://ids.clld.org/parameters/10-370>		<http://ids.clld.org/values/10-370-242-1>		"boohboo oḳadyĩ"@mot	
"rigi ~ rɛgɛ"@dcr	<http://ids.clld.org/values/4-190-217-1>		<http://ids.clld.org/parameters/4-190>		<http://ids.clld.org/values/4-190-242-1>		"kwĩ"@mot	
"ta(i) ~ tita"@dcr	<http://ids.clld.org/values/2-350-217-5>		<http://ids.clld.org/parameters/2-350>		<http://ids.clld.org/values/2-350-242-1>		"aataida"@mot	
"sa ~ sɛ(l) ~ sɛn(d)r ~ si(n) ~ sini ~ sinr ~ sinu ~ zinə"@dcr	<http://ids.clld.org/values/2-960-217-1>		<http://ids.clld.org/parameters/2-960>		<http://ids.clld.org/values/2-960-242-1>		"oračidyi"@mot	
"nou"@dcr	<http://ids.clld.org/values/12-620-217-1>		<http://ids.clld.org/parameters/12-620>		<http://ids.clld.org/values/12-620-242-1>		"bwaikaan"@mot	
"rɛs"@dcr	<http://ids.clld.org/values/4-912-217-1>		<http://ids.clld.org/parameters/4-912>		<http://ids.clld.org/values/4-912-242-1>		"onšikākna"@mot	
"ba(r)d"@dcr	<http://ids.clld.org/values/4-142-217-1>		<http://ids.clld.org/parameters/4-142>		<http://ids.clld.org/values/4-142-242-1>		"dakã kači"@mot	
"blut"@dcr	<http://ids.clld.org/values/4-150-217-1>		<http://ids.clld.org/parameters/4-150>		<http://ids.clld.org/values/4-150-242-1>		"aabi"@mot	
"fat"@dcr	<http://ids.clld.org/values/11-140-217-3>		<http://ids.clld.org/parameters/11-140>		<http://ids.clld.org/values/11-140-242-1>		"kaaḳaan"@mot	
"rip"@dcr	<http://ids.clld.org/values/5-123-217-1>		<http://ids.clld.org/parameters/5-123>		<http://ids.clld.org/values/5-123-242-1>		"kibūuni"@mot	
"skilpad ~ skelbat ~ skelpan"@dcr	<http://ids.clld.org/values/3-980-217-1>		<http://ids.clld.org/parameters/3-980>		<http://ids.clld.org/values/3-980-242-1>		"dãšũ"@mot	
"frou"@dcr	<http://ids.clld.org/values/2-320-217-1>		<http://ids.clld.org/parameters/2-320>		<http://ids.clld.org/values/2-320-242-1>		"a-byoo-bai"@mot	
"bit"@dcr	<http://ids.clld.org/values/4-580-217-1>		<http://ids.clld.org/parameters/4-580>		<http://ids.clld.org/values/4-580-242-1>		"baḳosõõ"@mot	
"tum"@dcr	<http://ids.clld.org/values/4-342-217-1>		<http://ids.clld.org/parameters/4-342>		<http://ids.clld.org/values/4-342-242-1>		"abi kiokbā"@mot	
"bru ~ buči"@dcr	<http://ids.clld.org/values/2-440-217-1>		<http://ids.clld.org/parameters/2-440>		<http://ids.clld.org/values/2-440-242-1>		"asari"@mot	
"kini"@dcr	<http://ids.clld.org/values/4-360-217-1>		<http://ids.clld.org/parameters/4-360>		<http://ids.clld.org/values/4-360-242-1>		"obãã"@mot	
"kamina"@dcr	<http://ids.clld.org/values/8-120-217-3>		<http://ids.clld.org/parameters/8-120>		<http://ids.clld.org/values/8-120-242-1>		"dogbah"@mot	
"mata"@dcr	<http://ids.clld.org/values/4-760-217-1>		<http://ids.clld.org/parameters/4-760>		<http://ids.clld.org/values/4-760-242-1>		"sobãa��"@mot	
"wit"@dcr	<http://ids.clld.org/values/15-640-217-1>		<http://ids.clld.org/parameters/15-640>		<http://ids.clld.org/values/15-640-242-1>		"bačii"@mot	
"wit"@dcr	<http://ids.clld.org/values/15-640-217-1>		<http://ids.clld.org/parameters/15-640>		<http://ids.clld.org/values/15-640-242-3>		"bačiini"@mot	
"frot"@dcr	<http://ids.clld.org/values/5-125-217-1>		<http://ids.clld.org/parameters/5-125>		<http://ids.clld.org/values/5-125-242-1>		"ããnta"@mot	
"houtu ~ hautu"@dcr	<http://ids.clld.org/values/1-430-217-1>		<http://ids.clld.org/parameters/1-430>		<http://ids.clld.org/values/1-430-242-1>		"kaa"@mot	
"rɛgən ~ regon ~ regun"@dcr	<http://ids.clld.org/values/1-750-217-1>		<http://ids.clld.org/parameters/1-750>		<http://ids.clld.org/values/1-750-242-1>		"dihkaɨg"@mot	
"popa ~ pupa"@dcr	<http://ids.clld.org/values/2-350-217-3>		<http://ids.clld.org/parameters/2-350>		<http://ids.clld.org/values/2-350-242-1>		"aataida"@mot	
"wai"@dcr	<http://ids.clld.org/values/10-380-217-3>		<http://ids.clld.org/parameters/10-380>		<http://ids.clld.org/values/10-380-242-1>		"buubãã"@mot	
"slap"@dcr	<http://ids.clld.org/values/4-610-217-1>		<http://ids.clld.org/parameters/4-610>		<http://ids.clld.org/values/4-610-242-3>		"ooškɨkʔ"@mot	
"slap"@dcr	<http://ids.clld.org/values/4-610-217-1>		<http://ids.clld.org/parameters/4-610>		<http://ids.clld.org/values/4-610-242-1>		"kabukãng"@mot	
"wilik ~ wɛrlik"@dcr	<http://ids.clld.org/values/1-570-217-1>		<http://ids.clld.org/parameters/1-570>		<http://ids.clld.org/values/1-570-242-1>		"yibahdu"@mot	
"zwim ~ zwɛm"@dcr	<http://ids.clld.org/values/10-350-217-1>		<http://ids.clld.org/parameters/10-350>		<http://ids.clld.org/values/10-350-242-1>		"arubisaḳããng"@mot	
"kui"@dcr	<http://ids.clld.org/values/3-230-217-1>		<http://ids.clld.org/parameters/3-230>		<http://ids.clld.org/values/3-230-242-1>		"šibāa"@mot	
"kokro"@dcr	<http://ids.clld.org/values/3-970-217-1>		<http://ids.clld.org/parameters/3-970>		<http://ids.clld.org/values/3-970-242-1>		"kantā"@mot	
"eyu"@dcr	<http://ids.clld.org/values/5-970-217-1>		<http://ids.clld.org/parameters/5-970>		<http://ids.clld.org/values/5-970-242-1>		"ãã"@mot	
"ons"@dcr	<http://ids.clld.org/values/2-940-217-1>		<http://ids.clld.org/parameters/2-940>		<http://ids.clld.org/values/2-940-242-1>		"čyiidyi"@mot	
"han"@dcr	<http://ids.clld.org/values/4-310-217-1>		<http://ids.clld.org/parameters/4-310>		<http://ids.clld.org/values/4-310-242-1>		"bisãã"@mot	
"hogo-brai"@dcr	<http://ids.clld.org/values/4-212-217-1>		<http://ids.clld.org/parameters/4-212>		<http://ids.clld.org/values/4-212-242-1>		"māčibaa"@mot	
"bran"@dcr	<http://ids.clld.org/values/5-230-217-1>		<http://ids.clld.org/parameters/5-230>		<http://ids.clld.org/values/5-230-242-1>		"yoobī"@mot	
"nai"@dcr	<http://ids.clld.org/values/6-350-217-1>		<http://ids.clld.org/parameters/6-350>		<http://ids.clld.org/values/6-350-242-1>		"oḳdyikããn"@mot	
"hou"@dcr	<http://ids.clld.org/values/14-150-217-1>		<http://ids.clld.org/parameters/14-150>		<http://ids.clld.org/values/14-150-242-1>		"saatdau"@mot	
"hut"@dcr	<http://ids.clld.org/values/6-550-217-1>		<http://ids.clld.org/parameters/6-550>		<http://ids.clld.org/values/6-550-242-1>		"somene"@mot	
"fal"@dcr	<http://ids.clld.org/values/10-230-217-3>		<http://ids.clld.org/parameters/10-230>		<http://ids.clld.org/values/10-230-242-1>		"baɨgkirakbã"@mot	
"duku ~ dugu"@dcr	<http://ids.clld.org/values/7-422-217-1>		<http://ids.clld.org/parameters/7-422>		<http://ids.clld.org/values/7-422-242-1>		"šanšān"@mot	
"wɛn ~ win"@dcr	<http://ids.clld.org/values/4-510-217-3>		<http://ids.clld.org/parameters/4-510>		<http://ids.clld.org/values/4-510-242-1>		"bosobuku"@mot	
"(na-)biniši"@dcr	<http://ids.clld.org/values/12-50-217-1>		<http://ids.clld.org/parameters/12-50>		<http://ids.clld.org/values/12-50-242-1>		"-ro"@mot	
"en"@dcr	<http://ids.clld.org/values/13-10-217-1>		<http://ids.clld.org/parameters/13-10>		<http://ids.clld.org/values/13-10-242-1>		"ĩĩtoupʔ"@mot	
"futu"@dcr	<http://ids.clld.org/values/4-370-217-1>		<http://ids.clld.org/parameters/4-370>		<http://ids.clld.org/values/4-370-242-1>		"kihtuu"@mot	
"gibo ~ gɛborɛn"@dcr	<http://ids.clld.org/values/4-720-217-1>		<http://ids.clld.org/parameters/4-720>		<http://ids.clld.org/values/4-720-242-1>		"šo"@mot	
"pok"@dcr	<http://ids.clld.org/values/10-670-217-1>		<http://ids.clld.org/parameters/10-670>		<http://ids.clld.org/values/10-670-242-1>		"iroḳdaḳaan"@mot	
"skon-ta"@dcr	<http://ids.clld.org/values/2-610-217-3>		<http://ids.clld.org/parameters/2-610>		<http://ids.clld.org/values/2-610-242-1>		"ahgyība"@mot	
"han"@dcr	<http://ids.clld.org/values/4-330-217-1>		<http://ids.clld.org/parameters/4-330>		<http://ids.clld.org/values/4-330-242-1>		"aḳduu"@mot	
"doŋ"@dcr	<http://ids.clld.org/values/12-30-217-3>		<http://ids.clld.org/parameters/12-30>		<http://ids.clld.org/values/12-30-242-1>		"roradi"@mot	
"ron(t) ~ run"@dcr	<http://ids.clld.org/values/12-810-217-1>		<http://ids.clld.org/parameters/12-810>		<http://ids.clld.org/values/12-810-242-1>		"biroorwai"@mot	
"tret"@dcr	<http://ids.clld.org/values/12-730-217-1>		<http://ids.clld.org/parameters/12-730>		<http://ids.clld.org/values/12-730-242-1>		"biiki"@mot	
"watu"@dcr	<http://ids.clld.org/values/1-310-217-1>		<http://ids.clld.org/parameters/1-310>		<http://ids.clld.org/values/1-310-242-1>		"šiima"@mot	
"bak"@dcr	<http://ids.clld.org/values/5-310-217-1>		<http://ids.clld.org/parameters/5-310>		<http://ids.clld.org/values/5-310-242-1>		"dado"@mot	
"grot(o)"@dcr	<http://ids.clld.org/values/12-550-217-1>		<http://ids.clld.org/parameters/12-550>		<http://ids.clld.org/values/12-550-242-1>		"aabii"@mot	
"nat"@dcr	<http://ids.clld.org/values/15-830-217-1>		<http://ids.clld.org/parameters/15-830>		<http://ids.clld.org/values/15-830-242-1>		"atɨšini"@mot	
"kok"@dcr	<http://ids.clld.org/values/5-210-217-1>		<http://ids.clld.org/parameters/5-210>		<http://ids.clld.org/values/5-210-242-1>		"binasa"@mot	
"nabl"@dcr	<http://ids.clld.org/values/4-430-217-1>		<http://ids.clld.org/parameters/4-430>		<http://ids.clld.org/values/4-430-242-1>		"baačiidu"@mot	
"din"@dcr	<http://ids.clld.org/values/12-650-217-1>		<http://ids.clld.org/parameters/12-650>		<http://ids.clld.org/values/12-650-242-1>		"ihtoo"@mot	
"ribi"@dcr	<http://ids.clld.org/values/4-162-217-1>		<http://ids.clld.org/parameters/4-162>		<http://ids.clld.org/values/4-162-242-1>		"ačičinda"@mot	
"mɛnši"@dcr	<http://ids.clld.org/values/2-260-217-1>		<http://ids.clld.org/parameters/2-260>		<http://ids.clld.org/values/2-260-242-1>		"šia"@mot	
"toŋ"@dcr	<http://ids.clld.org/values/4-260-217-1>		<http://ids.clld.org/parameters/4-260>		<http://ids.clld.org/values/4-260-242-1>		"kobẽ"@mot	
"roto(n)"@dcr	<http://ids.clld.org/values/3-630-217-3>		<http://ids.clld.org/parameters/3-630>		<http://ids.clld.org/values/3-630-242-1>		"dahtumia"@mot	
"ya(r)"@dcr	<http://ids.clld.org/values/14-730-217-1>		<http://ids.clld.org/parameters/14-730>		<http://ids.clld.org/values/14-730-242-1>		"asoḳbari"@mot	
"bil ~ bɛl"@dcr	<http://ids.clld.org/values/4-464-217-1>		<http://ids.clld.org/parameters/4-464>		<http://ids.clld.org/values/4-464-242-1>		"ahtūu"@mot	
"savan"@dcr	<http://ids.clld.org/values/3-160-217-1>		<http://ids.clld.org/parameters/3-160>		<http://ids.clld.org/values/3-160-242-1>		"dihdyi"@mot	
"tumbl"@dcr	<http://ids.clld.org/values/10-230-217-5>		<http://ids.clld.org/parameters/10-230>		<http://ids.clld.org/values/10-230-242-1>		"baɨgkirakbã"@mot	
"ret ši"@dcr	<http://ids.clld.org/values/12-410-217-3>		<http://ids.clld.org/parameters/12-410>		<http://ids.clld.org/values/12-410-242-1>		"ããkai"@mot	
"skon-pupa"@dcr	<http://ids.clld.org/values/2-610-217-1>		<http://ids.clld.org/parameters/2-610>		<http://ids.clld.org/values/2-610-242-1>		"ahgyība"@mot	
"dak"@dcr	<http://ids.clld.org/values/14-410-217-1>		<http://ids.clld.org/parameters/14-410>		<http://ids.clld.org/values/14-410-242-1>		"barikari"@mot	
"nal (?)"@dcr	<http://ids.clld.org/values/4-345-217-1>		<http://ids.clld.org/parameters/4-345>		<http://ids.clld.org/values/4-345-242-1>		"ašitdo"@mot	
"ma"@dcr	<http://ids.clld.org/values/6-330-217-1>		<http://ids.clld.org/parameters/6-330>		<http://ids.clld.org/values/6-330-242-1>		"bakāni"@mot	
"ko"@dcr	<http://ids.clld.org/values/10-480-217-1>		<http://ids.clld.org/parameters/10-480>		<http://ids.clld.org/values/10-480-242-1>		"abãi"@mot	
"trou"@dcr	<http://ids.clld.org/values/2-330-217-1>		<http://ids.clld.org/parameters/2-330>		<http://ids.clld.org/values/2-330-242-1>		"bio kayākba"@mot	
"han"@dcr	<http://ids.clld.org/values/4-321-217-1>		<http://ids.clld.org/parameters/4-321>		<http://ids.clld.org/values/4-321-242-1>		"aḳduu obāā"@mot	
"gro(t)-pupa"@dcr	<http://ids.clld.org/values/2-460-217-1>		<http://ids.clld.org/parameters/2-460>		<http://ids.clld.org/values/2-460-242-1>		"ašĩtaida"@mot	
"abɛ ~ ape ~ (w)api ~ ɛpɛ"@dcr	<http://ids.clld.org/values/17-660-217-1>		<http://ids.clld.org/parameters/17-660>		<http://ids.clld.org/values/17-660-242-1>		"abããhã"@mot	
"klut (?)"@dcr	<http://ids.clld.org/values/4-490-217-1>		<http://ids.clld.org/parameters/4-490>		<http://ids.clld.org/values/4-490-242-1>		"ok'bā"@mot	
"bus"@dcr	<http://ids.clld.org/values/1-410-217-1>		<http://ids.clld.org/parameters/1-410>		<http://ids.clld.org/values/1-410-242-1>		"itenči"@mot	
"sorop"@dcr	<http://ids.clld.org/values/5-181-217-1>		<http://ids.clld.org/parameters/5-181>		<http://ids.clld.org/values/5-181-242-1>		"kurī"@mot	
"lif fa di bom"@dcr	<http://ids.clld.org/values/8-750-217-1>		<http://ids.clld.org/parameters/8-750>		<http://ids.clld.org/values/8-750-242-1>		"aɨgšuu"@mot	
"kot"@dcr	<http://ids.clld.org/values/15-860-217-3>		<http://ids.clld.org/parameters/15-860>		<http://ids.clld.org/values/15-860-242-1>		"tɨɨšini"@mot	
"yu"@dcr	<http://ids.clld.org/values/2-920-217-1>		<http://ids.clld.org/parameters/2-920>		<http://ids.clld.org/values/2-920-242-1>		"bai"@mot	
"awi(di)"@dcr	<http://ids.clld.org/values/17-680-217-1>		<http://ids.clld.org/parameters/17-680>		<http://ids.clld.org/values/17-680-242-1>		"ããmai"@mot	
"fas"@dcr	<http://ids.clld.org/values/11-140-217-1>		<http://ids.clld.org/parameters/11-140>		<http://ids.clld.org/values/11-140-242-1>		"kaaḳaan"@mot	
"futu"@dcr	<http://ids.clld.org/values/4-350-217-1>		<http://ids.clld.org/parameters/4-350>		<http://ids.clld.org/values/4-350-242-1>		"kain"@mot	
"garən"@dcr	<http://ids.clld.org/values/6-380-217-1>		<http://ids.clld.org/parameters/6-380>		<http://ids.clld.org/values/6-380-242-1>		"kalāana"@mot	
"rau"@dcr	<http://ids.clld.org/values/5-122-217-1>		<http://ids.clld.org/parameters/5-122>		<http://ids.clld.org/values/5-122-242-1>		"tagta"@mot	
"grot-kin"@dcr	<http://ids.clld.org/values/2-480-217-1>		<http://ids.clld.org/parameters/2-480>		<http://ids.clld.org/values/2-480-242-1>		"sašī abira"@mot	
"sni ~ šini"@dcr	<http://ids.clld.org/values/9-220-217-5>		<http://ids.clld.org/parameters/9-220>		<http://ids.clld.org/values/9-220-242-1>		"aɨgdaḳan"@mot	
