"(hou)-nom"@dcr	<http://ids.clld.org/values/2-310-217-3>		<http://ids.clld.org/parameters/2-310>		<http://ids.clld.org/values/2-310-823-1>		"məku:ń.3"@scb-x-rucc1239	
"grot-muma ~ grot-ma"@dcr	<http://ids.clld.org/values/2-470-217-3>		<http://ids.clld.org/parameters/2-470>		<http://ids.clld.org/values/2-470-823-1>		"za.1"@scb-x-rucc1239	
"grot-muma ~ grot-ma"@dcr	<http://ids.clld.org/values/2-470-217-3>		<http://ids.clld.org/parameters/2-470>		<http://ids.clld.org/values/2-470-823-2>		"na:j.1"@scb-x-rucc1239	
"skon-ta"@dcr	<http://ids.clld.org/values/2-611-217-3>		<http://ids.clld.org/parameters/2-611>		<http://ids.clld.org/values/2-611-823-1>		"pɨ.4 maju:ń.3"@scb-x-rucc1239	
"smok"@dcr	<http://ids.clld.org/values/1-830-217-1>		<http://ids.clld.org/parameters/1-830>		<http://ids.clld.org/values/1-830-823-1>		"kahɔ:j.3"@scb-x-rucc1239	
"smok"@dcr	<http://ids.clld.org/values/1-830-217-1>		<http://ids.clld.org/parameters/1-830>		<http://ids.clld.org/values/1-830-823-2>		"camaŋ.1"@scb-x-rucc1239	
"smok"@dcr	<http://ids.clld.org/values/1-830-217-1>		<http://ids.clld.org/parameters/1-830>		<http://ids.clld.org/values/1-830-823-3>		"patj.1"@scb-x-rucc1239	
"skon-muma ~ skon-ma (?)"@dcr	<http://ids.clld.org/values/2-620-217-1>		<http://ids.clld.org/parameters/2-620>		<http://ids.clld.org/values/2-620-823-1>		"meɛ.4 makj.3"@scb-x-rucc1239	
"frau"@dcr	<http://ids.clld.org/values/2-220-217-1>		<http://ids.clld.org/parameters/2-220>		<http://ids.clld.org/values/2-220-823-1>		"pukj.3"@scb-x-rucc1239	
"so"@dcr	<http://ids.clld.org/values/2-410-217-1>		<http://ids.clld.org/parameters/2-410>		<http://ids.clld.org/values/2-410-823-1>		"kɔ:n.1 puku:ń.3"@scb-x-rucc1239	
"man"@dcr	<http://ids.clld.org/values/1-530-217-1>		<http://ids.clld.org/parameters/1-530>		<http://ids.clld.org/values/1-530-823-1>		"puləan.2"@scb-x-rucc1239	
"faləi"@dcr	<http://ids.clld.org/values/1-240-217-1>		<http://ids.clld.org/parameters/1-240>		<http://ids.clld.org/values/1-240-823-1>		"ulu:ŋ.1"@scb-x-rucc1239	
"kin"@dcr	<http://ids.clld.org/values/2-280-217-1>		<http://ids.clld.org/parameters/2-280>		<http://ids.clld.org/values/2-280-823-1>		"pucɔ:j.3"@scb-x-rucc1239	
"(h)ašiši"@dcr	<http://ids.clld.org/values/1-840-217-1>		<http://ids.clld.org/parameters/1-840>		<http://ids.clld.org/values/1-840-823-1>		"tapeh.1"@scb-x-rucc1239	
"nom"@dcr	<http://ids.clld.org/values/2-210-217-1>		<http://ids.clld.org/parameters/2-210>		<http://ids.clld.org/values/2-210-823-1>		"puku:ń.3"@scb-x-rucc1239	
"man-"@dcr	<http://ids.clld.org/values/2-230-217-1>		<http://ids.clld.org/parameters/2-230>		<http://ids.clld.org/values/2-230-823-1>		"tɨk.4"@scb-x-rucc1239	
"folək"@dcr	<http://ids.clld.org/values/2-100-217-1>		<http://ids.clld.org/parameters/2-100>		<http://ids.clld.org/values/2-100-823-1>		"ŋa:j.2"@scb-x-rucc1239	
"gaŋ-gaŋ"@dcr	<http://ids.clld.org/values/2-470-217-5>		<http://ids.clld.org/parameters/2-470>		<http://ids.clld.org/values/2-470-823-1>		"za.1"@scb-x-rucc1239	
"gaŋ-gaŋ"@dcr	<http://ids.clld.org/values/2-470-217-5>		<http://ids.clld.org/parameters/2-470>		<http://ids.clld.org/values/2-470-823-2>		"na:j.1"@scb-x-rucc1239	
"san"@dcr	<http://ids.clld.org/values/1-215-217-1>		<http://ids.clld.org/parameters/1-215>		<http://ids.clld.org/values/1-215-823-1>		"təka:c.3"@scb-x-rucc1239	
"nen"@dcr	<http://ids.clld.org/values/17-560-217-1>		<http://ids.clld.org/parameters/17-560>		<http://ids.clld.org/values/17-560-823-1>		"lata.3"@scb-x-rucc1239	
"wif"@dcr	<http://ids.clld.org/values/2-320-217-3>		<http://ids.clld.org/parameters/2-320>		<http://ids.clld.org/values/2-320-823-1>		"makj.3"@scb-x-rucc1239	
"yuŋ-(man) ~ yoŋ"@dcr	<http://ids.clld.org/values/2-251-217-1>		<http://ids.clld.org/parameters/2-251>		<http://ids.clld.org/values/2-251-823-1>		"ba:w.1"@scb-x-rucc1239	
"baba ~ boba ~ buba"@dcr	<http://ids.clld.org/values/1-214-217-1>		<http://ids.clld.org/parameters/1-214>		<http://ids.clld.org/values/1-214-823-1>		"la:r.4"@scb-x-rucc1239	
"kin"@dcr	<http://ids.clld.org/values/2-270-217-1>		<http://ids.clld.org/parameters/2-270>		<http://ids.clld.org/values/2-270-823-1>		"kɔ:n.1"@scb-x-rucc1239	
"man"@dcr	<http://ids.clld.org/values/2-210-217-3>		<http://ids.clld.org/parameters/2-210>		<http://ids.clld.org/values/2-210-823-1>		"puku:ń.3"@scb-x-rucc1239	
"stɛre"@dcr	<http://ids.clld.org/values/1-540-217-1>		<http://ids.clld.org/parameters/1-540>		<http://ids.clld.org/values/1-540-823-1>		"kumi:ŋ.1"@scb-x-rucc1239	
"na ~ ni ~ no ~ nu"@dcr	<http://ids.clld.org/values/17-560-217-3>		<http://ids.clld.org/parameters/17-560>		<http://ids.clld.org/values/17-560-823-1>		"lata.3"@scb-x-rucc1239	
"mɛnši"@dcr	<http://ids.clld.org/values/2-261-217-1>		<http://ids.clld.org/parameters/2-261>		<http://ids.clld.org/values/2-261-823-1>		"puma:j.3"@scb-x-rucc1239	
"hɛwun ~ hewun ~ himul ~ himun ~ hiwun"@dcr	<http://ids.clld.org/values/1-510-217-1>		<http://ids.clld.org/parameters/1-510>		<http://ids.clld.org/values/1-510-823-1>		"plə:j.2"@scb-x-rucc1239	
"fadə"@dcr	<http://ids.clld.org/values/2-350-217-1>		<http://ids.clld.org/parameters/2-350>		<http://ids.clld.org/values/2-350-823-1>		"pɨ.4"@scb-x-rucc1239	
"dou"@dcr	<http://ids.clld.org/values/1-640-217-1>		<http://ids.clld.org/parameters/1-640>		<http://ids.clld.org/values/1-640-823-1>		"da:k.3 mw.2"@scb-x-rucc1239	
"bɛrgi ~ bergə ~ berge"@dcr	<http://ids.clld.org/values/1-220-217-1>		<http://ids.clld.org/parameters/1-220>		<http://ids.clld.org/values/1-220-823-2>		"do:l.1"@scb-x-rucc1239	
"bɛrgi ~ bergə ~ berge"@dcr	<http://ids.clld.org/values/1-220-217-1>		<http://ids.clld.org/parameters/1-220>		<http://ids.clld.org/values/1-220-823-1>		"cɨ:t.3"@scb-x-rucc1239	
"skon-pupa"@dcr	<http://ids.clld.org/values/2-611-217-1>		<http://ids.clld.org/parameters/2-611>		<http://ids.clld.org/values/2-611-823-1>		"pɨ.4 maju:ń.3"@scb-x-rucc1239	
"adu"@dcr	<http://ids.clld.org/values/1-210-217-1>		<http://ids.clld.org/parameters/1-210>		<http://ids.clld.org/values/1-210-823-1>		"bə:n.3"@scb-x-rucc1239	
"win ~ wɛn"@dcr	<http://ids.clld.org/values/1-720-217-1>		<http://ids.clld.org/parameters/1-720>		<http://ids.clld.org/values/1-720-823-1>		"kajɔ.3"@scb-x-rucc1239	
"gro-ta"@dcr	<http://ids.clld.org/values/2-460-217-3>		<http://ids.clld.org/parameters/2-460>		<http://ids.clld.org/values/2-460-823-1>		"pw.1"@scb-x-rucc1239	
"gro-ta"@dcr	<http://ids.clld.org/values/2-460-217-3>		<http://ids.clld.org/parameters/2-460>		<http://ids.clld.org/values/2-460-823-2>		"ta.1"@scb-x-rucc1239	
"gron"@dcr	<http://ids.clld.org/values/1-212-217-1>		<http://ids.clld.org/parameters/1-212>		<http://ids.clld.org/values/1-212-823-1>		"bə:n.3"@scb-x-rucc1239	
"man"@dcr	<http://ids.clld.org/values/2-310-217-1>		<http://ids.clld.org/parameters/2-310>		<http://ids.clld.org/values/2-310-823-1>		"məku:ń.3"@scb-x-rucc1239	
"fi"@dcr	<http://ids.clld.org/values/1-810-217-1>		<http://ids.clld.org/parameters/1-810>		<http://ids.clld.org/values/1-810-823-1>		"ku:r.1"@scb-x-rucc1239	
"frou-"@dcr	<http://ids.clld.org/values/2-240-217-1>		<http://ids.clld.org/parameters/2-240>		<http://ids.clld.org/values/2-240-823-1>		"kj.3"@scb-x-rucc1239	
"grot sten"@dcr	<http://ids.clld.org/values/1-222-217-1>		<http://ids.clld.org/parameters/1-222>		<http://ids.clld.org/values/1-222-823-1>		"kupə:ŋ.1"@scb-x-rucc1239	
"bran"@dcr	<http://ids.clld.org/values/1-851-217-1>		<http://ids.clld.org/parameters/1-851>		<http://ids.clld.org/values/1-851-823-1>		"tu:c.3"@scb-x-rucc1239	
"pit ~ pɛt"@dcr	<http://ids.clld.org/values/1-370-217-1>		<http://ids.clld.org/parameters/1-370>		<http://ids.clld.org/values/1-370-823-1>		"ru:k.4"@scb-x-rucc1239	
"houtu"@dcr	<http://ids.clld.org/values/1-880-217-1>		<http://ids.clld.org/parameters/1-880>		<http://ids.clld.org/values/1-880-823-1>		"ku:r.1"@scb-x-rucc1239	
"grot-kin"@dcr	<http://ids.clld.org/values/2-490-217-1>		<http://ids.clld.org/parameters/2-490>		<http://ids.clld.org/values/2-490-823-1>		"cw.3"@scb-x-rucc1239	
"son"@dcr	<http://ids.clld.org/values/1-520-217-1>		<http://ids.clld.org/parameters/1-520>		<http://ids.clld.org/values/1-520-823-1>		"məʌt.4 kara:ŋ.1"@scb-x-rucc1239	
"bran"@dcr	<http://ids.clld.org/values/1-852-217-1>		<http://ids.clld.org/parameters/1-852>		<http://ids.clld.org/values/1-852-823-1>		"kɨcɔh.1"@scb-x-rucc1239	
"yuŋ-kin"@dcr	<http://ids.clld.org/values/2-250-217-1>		<http://ids.clld.org/parameters/2-250>		<http://ids.clld.org/values/2-250-823-1>		"ba:w.1"@scb-x-rucc1239	
"grani"@dcr	<http://ids.clld.org/values/2-470-217-1>		<http://ids.clld.org/parameters/2-470>		<http://ids.clld.org/values/2-470-823-1>		"za.1"@scb-x-rucc1239	
"grani"@dcr	<http://ids.clld.org/values/2-470-217-1>		<http://ids.clld.org/parameters/2-470>		<http://ids.clld.org/values/2-470-823-2>		"na:j.1"@scb-x-rucc1239	
"mɛnši"@dcr	<http://ids.clld.org/values/2-420-217-1>		<http://ids.clld.org/parameters/2-420>		<http://ids.clld.org/values/2-420-823-1>		"kɔ:n.1 pukj.3"@scb-x-rucc1239	
"horən"@dcr	<http://ids.clld.org/values/4-170-217-1>		<http://ids.clld.org/parameters/4-170>		<http://ids.clld.org/values/4-170-823-1>		"krɨŋ"@scb-x-rucc1239	
"tondu ~ dondu"@dcr	<http://ids.clld.org/values/1-560-217-1>		<http://ids.clld.org/parameters/1-560>		<http://ids.clld.org/values/1-560-823-1>		"krɨ:m.4"@scb-x-rucc1239	
"skon-muma ~ skon-ma (?)"@dcr	<http://ids.clld.org/values/2-621-217-1>		<http://ids.clld.org/parameters/2-621>		<http://ids.clld.org/values/2-621-823-1>		"meɛ.4 maku:ń.3"@scb-x-rucc1239	
"wolk"@dcr	<http://ids.clld.org/values/1-730-217-1>		<http://ids.clld.org/parameters/1-730>		<http://ids.clld.org/values/1-730-823-1>		"məl.1"@scb-x-rucc1239	
"kol"@dcr	<http://ids.clld.org/values/1-890-217-1>		<http://ids.clld.org/parameters/1-890>		<http://ids.clld.org/values/1-890-823-1>		"laŋ.caŋ.1"@scb-x-rucc1239	
"wilik ~ wɛrlik"@dcr	<http://ids.clld.org/values/1-550-217-1>		<http://ids.clld.org/parameters/1-550>		<http://ids.clld.org/values/1-550-823-1>		"ala:r.3"@scb-x-rucc1239	
"riva"@dcr	<http://ids.clld.org/values/1-360-217-1>		<http://ids.clld.org/parameters/1-360>		<http://ids.clld.org/values/1-360-823-1>		"ju:ŋ.4"@scb-x-rucc1239	
"riva"@dcr	<http://ids.clld.org/values/1-360-217-1>		<http://ids.clld.org/parameters/1-360>		<http://ids.clld.org/values/1-360-823-2>		"cərɔ:k.3"@scb-x-rucc1239	
"ta(i) ~ tita"@dcr	<http://ids.clld.org/values/2-350-217-5>		<http://ids.clld.org/parameters/2-350>		<http://ids.clld.org/values/2-350-823-1>		"pɨ.4"@scb-x-rucc1239	
"frou"@dcr	<http://ids.clld.org/values/2-320-217-1>		<http://ids.clld.org/parameters/2-320>		<http://ids.clld.org/values/2-320-823-1>		"makj.3"@scb-x-rucc1239	
"mata"@dcr	<http://ids.clld.org/values/4-760-217-1>		<http://ids.clld.org/parameters/4-760>		<http://ids.clld.org/values/4-760-823-1>		"kacit"@scb-x-rucc1239	
"houtu ~ hautu"@dcr	<http://ids.clld.org/values/1-430-217-1>		<http://ids.clld.org/parameters/1-430>		<http://ids.clld.org/values/1-430-823-1>		"kəʌj.2"@scb-x-rucc1239	
"rɛgən ~ regon ~ regun"@dcr	<http://ids.clld.org/values/1-750-217-1>		<http://ids.clld.org/parameters/1-750>		<http://ids.clld.org/values/1-750-823-1>		"kəməa.2"@scb-x-rucc1239	
"popa ~ pupa"@dcr	<http://ids.clld.org/values/2-350-217-3>		<http://ids.clld.org/parameters/2-350>		<http://ids.clld.org/values/2-350-823-1>		"pɨ.4"@scb-x-rucc1239	
"skon-ta"@dcr	<http://ids.clld.org/values/2-610-217-3>		<http://ids.clld.org/parameters/2-610>		<http://ids.clld.org/values/2-610-823-1>		"pɨ.4 makj.#"@scb-x-rucc1239	
"watu"@dcr	<http://ids.clld.org/values/1-310-217-1>		<http://ids.clld.org/parameters/1-310>		<http://ids.clld.org/values/1-310-823-1>		"da:k.3"@scb-x-rucc1239	
"mɛnši"@dcr	<http://ids.clld.org/values/2-260-217-1>		<http://ids.clld.org/parameters/2-260>		<http://ids.clld.org/values/2-260-823-1>		"puma:j.3"@scb-x-rucc1239	
"skon-pupa"@dcr	<http://ids.clld.org/values/2-610-217-1>		<http://ids.clld.org/parameters/2-610>		<http://ids.clld.org/values/2-610-823-1>		"pɨ.4 makj.#"@scb-x-rucc1239	
"trou"@dcr	<http://ids.clld.org/values/2-330-217-1>		<http://ids.clld.org/parameters/2-330>		<http://ids.clld.org/values/2-330-823-2>		"lj.4 maku:ń.3"@scb-x-rucc1239	
"trou"@dcr	<http://ids.clld.org/values/2-330-217-1>		<http://ids.clld.org/parameters/2-330>		<http://ids.clld.org/values/2-330-823-3>		"dɔ:ŋ.1"@scb-x-rucc1239	
"trou"@dcr	<http://ids.clld.org/values/2-330-217-1>		<http://ids.clld.org/parameters/2-330>		<http://ids.clld.org/values/2-330-823-1>		"lj.4 makj.3"@scb-x-rucc1239	
"gro(t)-pupa"@dcr	<http://ids.clld.org/values/2-460-217-1>		<http://ids.clld.org/parameters/2-460>		<http://ids.clld.org/values/2-460-823-1>		"pw.1"@scb-x-rucc1239	
"gro(t)-pupa"@dcr	<http://ids.clld.org/values/2-460-217-1>		<http://ids.clld.org/parameters/2-460>		<http://ids.clld.org/values/2-460-823-2>		"ta.1"@scb-x-rucc1239	
"bus"@dcr	<http://ids.clld.org/values/1-410-217-1>		<http://ids.clld.org/parameters/1-410>		<http://ids.clld.org/values/1-410-823-1>		"brw.3"@scb-x-rucc1239	
"grot-kin"@dcr	<http://ids.clld.org/values/2-480-217-1>		<http://ids.clld.org/parameters/2-480>		<http://ids.clld.org/values/2-480-823-1>		"cw.3"@scb-x-rucc1239	
