"blas"@dcr	<http://ids.clld.org/values/10-380-217-1>		<http://ids.clld.org/parameters/10-380>		<http://ids.clld.org/values/10-380-293-1>		"hakkoo"@ram	
"bom"@dcr	<http://ids.clld.org/values/1-420-217-1>		<http://ids.clld.org/parameters/1-420>		<http://ids.clld.org/values/1-420-293-1>		"pĩĩ"@ram	
"dot ~ dod"@dcr	<http://ids.clld.org/values/4-750-217-1>		<http://ids.clld.org/parameters/4-750>		<http://ids.clld.org/values/4-750-293-1>		"tɨɨ- (tɨ ?)"@ram	
"(hou)-nom"@dcr	<http://ids.clld.org/values/2-310-217-3>		<http://ids.clld.org/parameters/2-310>		<http://ids.clld.org/values/2-310-293-1>		"ĩĩ-pyɛ"@ram	
"swat"@dcr	<http://ids.clld.org/values/15-650-217-1>		<http://ids.clld.org/parameters/15-650>		<http://ids.clld.org/values/15-650-293-1>		"iʔ-tɨk"@ram	
"floiu"@dcr	<http://ids.clld.org/values/3-813-217-1>		<http://ids.clld.org/parameters/3-813>		<http://ids.clld.org/values/3-813-293-1>		"ĩnko"@ram	
"smok"@dcr	<http://ids.clld.org/values/1-830-217-1>		<http://ids.clld.org/parameters/1-830>		<http://ids.clld.org/values/1-830-293-1>		"iʔ-kʰũm"@ram	
"drok ~ drog"@dcr	<http://ids.clld.org/values/15-840-217-1>		<http://ids.clld.org/parameters/15-840>		<http://ids.clld.org/values/15-840-293-1>		"krə"@ram	
"drok ~ drog"@dcr	<http://ids.clld.org/values/15-840-217-1>		<http://ids.clld.org/parameters/15-840>		<http://ids.clld.org/values/15-840-293-3>		"(kʰra ?)"@ram	
"lik"@dcr	<http://ids.clld.org/values/16-670-217-1>		<http://ids.clld.org/parameters/16-670>		<http://ids.clld.org/values/16-670-293-1>		"nõ"@ram	
"klɛn ~ klen ~ klenči"@dcr	<http://ids.clld.org/values/13-170-217-1>		<http://ids.clld.org/parameters/13-170>		<http://ids.clld.org/values/13-170-293-1>		"kʰɨɨpe-"@ram	
"pla(t)s"@dcr	<http://ids.clld.org/values/12-110-217-1>		<http://ids.clld.org/parameters/12-110>		<http://ids.clld.org/values/12-110-293-1>		"-li-"@ram	
"baŋg(a)la"@dcr	<http://ids.clld.org/values/20-220-217-1>		<http://ids.clld.org/parameters/20-220>		<http://ids.clld.org/values/20-220-293-1>		"kʰo"@ram	
"slaŋ"@dcr	<http://ids.clld.org/values/3-850-217-1>		<http://ids.clld.org/parameters/3-850>		<http://ids.clld.org/values/3-850-293-3>		"pat"@ram	
"slaŋ"@dcr	<http://ids.clld.org/values/3-850-217-1>		<http://ids.clld.org/parameters/3-850>		<http://ids.clld.org/values/3-850-293-1>		"kaaŋə"@ram	
"šiši"@dcr	<http://ids.clld.org/values/2-450-217-1>		<http://ids.clld.org/parameters/2-450>		<http://ids.clld.org/values/2-450-293-1>		"tɔ̃y-"@ram	
"(h)am ~ (h)an"@dcr	<http://ids.clld.org/values/2-930-217-1>		<http://ids.clld.org/parameters/2-930>		<http://ids.clld.org/values/2-930-293-1>		"tamə̃"@ram	
"(h)ašiši"@dcr	<http://ids.clld.org/values/1-840-217-1>		<http://ids.clld.org/parameters/1-840>		<http://ids.clld.org/values/1-840-293-1>		"prɔ"@ram	
"saut(u)"@dcr	<http://ids.clld.org/values/5-810-217-1>		<http://ids.clld.org/parameters/5-810>		<http://ids.clld.org/values/5-810-293-1>		"kaac̷wa"@ram	
"nom"@dcr	<http://ids.clld.org/values/2-210-217-1>		<http://ids.clld.org/parameters/2-210>		<http://ids.clld.org/values/2-210-293-1>		"hũm"@ram	
"sut"@dcr	<http://ids.clld.org/values/15-350-217-1>		<http://ids.clld.org/parameters/15-350>		<http://ids.clld.org/values/15-350-293-1>		"c̷o-"@ram	
"ǰako"@dcr	<http://ids.clld.org/values/3-760-217-3>		<http://ids.clld.org/parameters/3-760>		<http://ids.clld.org/values/3-760-293-1>		"kukʰoy"@ram	
"lo"@dcr	<http://ids.clld.org/values/10-470-217-1>		<http://ids.clld.org/parameters/10-470>		<http://ids.clld.org/values/10-470-293-1>		"mɔ̃"@ram	
"friŋ"@dcr	<http://ids.clld.org/values/9-343-217-1>		<http://ids.clld.org/parameters/9-343>		<http://ids.clld.org/values/9-343-293-1>		"ŋɛ̃n"@ram	
"gron"@dcr	<http://ids.clld.org/values/8-120-217-1>		<http://ids.clld.org/parameters/8-120>		<http://ids.clld.org/values/8-120-293-1>		"pur"@ram	
"gau"@dcr	<http://ids.clld.org/values/14-210-217-3>		<http://ids.clld.org/parameters/14-210>		<http://ids.clld.org/values/14-210-293-1>		"kɨt-"@ram	
"drai"@dcr	<http://ids.clld.org/values/10-130-217-1>		<http://ids.clld.org/parameters/10-130>		<http://ids.clld.org/values/10-130-293-1>		"ayrɔ̃"@ram	
"kasau"@dcr	<http://ids.clld.org/values/8-920-217-1>		<http://ids.clld.org/parameters/8-920>		<http://ids.clld.org/values/8-920-293-1>		"kʰwɨrɨ"@ram	
"plɛ(k)"@dcr	<http://ids.clld.org/values/12-110-217-3>		<http://ids.clld.org/parameters/12-110>		<http://ids.clld.org/values/12-110-293-1>		"-li-"@ram	
"mon ~ mun"@dcr	<http://ids.clld.org/values/4-240-217-1>		<http://ids.clld.org/parameters/4-240>		<http://ids.clld.org/values/4-240-293-1>		"-yarkʰwa"@ram	
"gi"@dcr	<http://ids.clld.org/values/11-210-217-1>		<http://ids.clld.org/parameters/11-210>		<http://ids.clld.org/values/11-210-293-3>		"ŋɔ̃"@ram	
"gi"@dcr	<http://ids.clld.org/values/11-210-217-1>		<http://ids.clld.org/parameters/11-210>		<http://ids.clld.org/values/11-210-293-1>		"c̷i-"@ram	
"klim"@dcr	<http://ids.clld.org/values/10-472-217-1>		<http://ids.clld.org/parameters/10-472>		<http://ids.clld.org/values/10-472-293-1>		"pi-"@ram	
"hun"@dcr	<http://ids.clld.org/values/3-610-217-1>		<http://ids.clld.org/parameters/3-610>		<http://ids.clld.org/values/3-610-293-1>		"rɔp"@ram	
"mat"@dcr	<http://ids.clld.org/values/9-770-217-1>		<http://ids.clld.org/parameters/9-770>		<http://ids.clld.org/values/9-770-293-1>		"kohpip (koʔpip ?)"@ram	
"nas ~ nɛs"@dcr	<http://ids.clld.org/values/4-230-217-1>		<http://ids.clld.org/parameters/4-230>		<http://ids.clld.org/values/4-230-293-1>		"-yĩyakʰrɛ"@ram	
"ho"@dcr	<http://ids.clld.org/values/15-410-217-1>		<http://ids.clld.org/parameters/15-410>		<http://ids.clld.org/values/15-410-293-1>		"kʰə̃-pa"@ram	
"san"@dcr	<http://ids.clld.org/values/1-215-217-1>		<http://ids.clld.org/parameters/1-215>		<http://ids.clld.org/values/1-215-293-1>		"pye"@ram	
"kop"@dcr	<http://ids.clld.org/values/4-200-217-1>		<http://ids.clld.org/parameters/4-200>		<http://ids.clld.org/values/4-200-293-1>		"ii-kʰrə̃"@ram	
"bla"@dcr	<http://ids.clld.org/values/8-560-217-1>		<http://ids.clld.org/parameters/8-560>		<http://ids.clld.org/values/8-560-293-1>		"iʔ-ho"@ram	
"moruk"@dcr	<http://ids.clld.org/values/14-440-217-1>		<http://ids.clld.org/parameters/14-440>		<http://ids.clld.org/values/14-440-293-1>		"apɛ̃"@ram	
"nen"@dcr	<http://ids.clld.org/values/17-560-217-1>		<http://ids.clld.org/parameters/17-560>		<http://ids.clld.org/values/17-560-293-1>		"ke-"@ram	
"niu"@dcr	<http://ids.clld.org/values/14-130-217-1>		<http://ids.clld.org/parameters/14-130>		<http://ids.clld.org/values/14-130-293-1>		"-tuwa"@ram	
"tubak"@dcr	<http://ids.clld.org/values/8-680-217-1>		<http://ids.clld.org/parameters/8-680>		<http://ids.clld.org/values/8-680-293-1>		"parho"@ram	
"skepiun"@dcr	<http://ids.clld.org/values/3-815-217-1>		<http://ids.clld.org/parameters/3-815>		<http://ids.clld.org/values/3-815-293-1>		"pak"@ram	
"driŋ ~ driŋg ~ driŋk"@dcr	<http://ids.clld.org/values/5-130-217-1>		<http://ids.clld.org/parameters/5-130>		<http://ids.clld.org/values/5-130-293-1>		"-kʰõ (kʰɔ̃ ?)"@ram	
"ben"@dcr	<http://ids.clld.org/values/4-160-217-1>		<http://ids.clld.org/parameters/4-160>		<http://ids.clld.org/values/4-160-293-1>		"-hi"@ram	
"fɛt"@dcr	<http://ids.clld.org/values/5-791-217-1>		<http://ids.clld.org/parameters/5-791>		<http://ids.clld.org/values/5-791-293-1>		"iʔ-twɨm"@ram	
"nɛk"@dcr	<http://ids.clld.org/values/4-280-217-1>		<http://ids.clld.org/parameters/4-280>		<http://ids.clld.org/values/4-280-293-1>		"ii-put"@ram	
"wif"@dcr	<http://ids.clld.org/values/2-320-217-3>		<http://ids.clld.org/parameters/2-320>		<http://ids.clld.org/values/2-320-293-1>		"ĩĩ-prõ"@ram	
"wandu"@dcr	<http://ids.clld.org/values/10-450-217-1>		<http://ids.clld.org/parameters/10-450>		<http://ids.clld.org/values/10-450-293-1>		"mõ"@ram	
"rapo"@dcr	<http://ids.clld.org/values/12-212-217-1>		<http://ids.clld.org/parameters/12-212>		<http://ids.clld.org/values/12-212-293-1>		"pɨ"@ram	
"nam"@dcr	<http://ids.clld.org/values/18-280-217-1>		<http://ids.clld.org/parameters/18-280>		<http://ids.clld.org/values/18-280-293-1>		"awkʰe-"@ram	
"nam"@dcr	<http://ids.clld.org/values/18-280-217-1>		<http://ids.clld.org/parameters/18-280>		<http://ids.clld.org/values/18-280-293-3>		"yəyə-"@ram	
"gras"@dcr	<http://ids.clld.org/values/8-510-217-1>		<http://ids.clld.org/parameters/8-510>		<http://ids.clld.org/values/8-510-293-1>		"aʔ-tuu"@ram	
"swak"@dcr	<http://ids.clld.org/values/4-820-217-1>		<http://ids.clld.org/parameters/4-820>		<http://ids.clld.org/values/4-820-293-1>		"pɛk-"@ram	
"kin"@dcr	<http://ids.clld.org/values/2-270-217-1>		<http://ids.clld.org/parameters/2-270>		<http://ids.clld.org/values/2-270-293-1>		"aʔ-kʰra-rɛ"@ram	
"blomɛnči ~ bluminstyi"@dcr	<http://ids.clld.org/values/8-570-217-1>		<http://ids.clld.org/parameters/8-570>		<http://ids.clld.org/values/8-570-293-1>		"ii-rə̃"@ram	
"fi-ple"@dcr	<http://ids.clld.org/values/7-310-217-1>		<http://ids.clld.org/parameters/7-310>		<http://ids.clld.org/values/7-310-293-1>		"kiz (?)"@ram	
"man"@dcr	<http://ids.clld.org/values/2-210-217-3>		<http://ids.clld.org/parameters/2-210>		<http://ids.clld.org/values/2-210-293-1>		"hũm"@ram	
"flɛis ~ fles"@dcr	<http://ids.clld.org/values/5-610-217-1>		<http://ids.clld.org/parameters/5-610>		<http://ids.clld.org/values/5-610-293-1>		"hĩ"@ram	
"flɛis ~ fles"@dcr	<http://ids.clld.org/values/5-610-217-1>		<http://ids.clld.org/parameters/5-610>		<http://ids.clld.org/values/5-610-293-3>		"yĩ"@ram	
"ma"@dcr	<http://ids.clld.org/values/9-110-217-3>		<http://ids.clld.org/parameters/9-110>		<http://ids.clld.org/values/9-110-293-1>		"tɔn"@ram	
"flɛgn"@dcr	<http://ids.clld.org/values/4-392-217-1>		<http://ids.clld.org/parameters/4-392>		<http://ids.clld.org/values/4-392-293-1>		"haaraa"@ram	
"ɛrum"@dcr	<http://ids.clld.org/values/4-310-217-3>		<http://ids.clld.org/parameters/4-310>		<http://ids.clld.org/values/4-310-293-1>		"pa"@ram	
"stɛre"@dcr	<http://ids.clld.org/values/1-540-217-1>		<http://ids.clld.org/parameters/1-540>		<http://ids.clld.org/values/1-540-293-1>		"kac̷ee-rɛ"@ram	
"na ~ ni ~ no ~ nu"@dcr	<http://ids.clld.org/values/17-560-217-3>		<http://ids.clld.org/parameters/17-560>		<http://ids.clld.org/values/17-560-293-1>		"ke-"@ram	
"sla"@dcr	<http://ids.clld.org/values/9-210-217-1>		<http://ids.clld.org/parameters/9-210>		<http://ids.clld.org/values/9-210-293-1>		"kʰrɔ̃k"@ram	
"dra"@dcr	<http://ids.clld.org/values/10-610-217-1>		<http://ids.clld.org/parameters/10-610>		<http://ids.clld.org/values/10-610-293-1>		"pə"@ram	
"sat"@dcr	<http://ids.clld.org/values/8-311-217-1>		<http://ids.clld.org/parameters/8-311>		<http://ids.clld.org/values/8-311-293-1>		"iʔ-hɨɨ (hɨ- ?)"@ram	
"ful"@dcr	<http://ids.clld.org/values/13-210-217-1>		<http://ids.clld.org/parameters/13-210>		<http://ids.clld.org/values/13-210-293-1>		"yic̷u"@ram	
"listu"@dcr	<http://ids.clld.org/values/15-420-217-1>		<http://ids.clld.org/parameters/15-420>		<http://ids.clld.org/values/15-420-293-1>		"k mpa (?)"@ram	
"suk"@dcr	<http://ids.clld.org/values/11-310-217-1>		<http://ids.clld.org/parameters/11-310>		<http://ids.clld.org/values/11-310-293-1>		"lɨ̃t"@ram	
"hɛwun ~ hewun ~ himul ~ himun ~ hiwun"@dcr	<http://ids.clld.org/values/1-510-217-1>		<http://ids.clld.org/parameters/1-510>		<http://ids.clld.org/values/1-510-293-1>		"koykʰwa"@ram	
"glik ~ lɛik(i) ~ lik(i) ~ li"@dcr	<http://ids.clld.org/values/12-920-217-1>		<http://ids.clld.org/parameters/12-920>		<http://ids.clld.org/values/12-920-293-1>		"kʰĩ"@ram	
"fegəl"@dcr	<http://ids.clld.org/values/3-581-217-1>		<http://ids.clld.org/parameters/3-581>		<http://ids.clld.org/values/3-581-293-1>		"kɛ̃"@ram	
"fadə"@dcr	<http://ids.clld.org/values/2-350-217-1>		<http://ids.clld.org/parameters/2-350>		<http://ids.clld.org/values/2-350-293-1>		"-pãm"@ram	
"fadə"@dcr	<http://ids.clld.org/values/2-350-217-1>		<http://ids.clld.org/parameters/2-350>		<http://ids.clld.org/values/2-350-293-3>		"c̷ũ"@ram	
"dou"@dcr	<http://ids.clld.org/values/1-640-217-1>		<http://ids.clld.org/parameters/1-640>		<http://ids.clld.org/values/1-640-293-1>		"atər-"@ram	
"duŋku ~ duŋki"@dcr	<http://ids.clld.org/values/14-420-217-1>		<http://ids.clld.org/parameters/14-420>		<http://ids.clld.org/values/14-420-293-1>		"kac̷wa"@ram	
"was ~ waš"@dcr	<http://ids.clld.org/values/9-360-217-1>		<http://ids.clld.org/parameters/9-360>		<http://ids.clld.org/values/9-360-293-1>		"kuʔhõ"@ram	
"was ~ waš"@dcr	<http://ids.clld.org/values/9-360-217-1>		<http://ids.clld.org/parameters/9-360>		<http://ids.clld.org/values/9-360-293-3>		"kaʔhõ"@ram	
"futu"@dcr	<http://ids.clld.org/values/4-360-217-3>		<http://ids.clld.org/parameters/4-360>		<http://ids.clld.org/values/4-360-293-1>		"ii-kʰõn"@ram	
"siŋ"@dcr	<http://ids.clld.org/values/18-120-217-1>		<http://ids.clld.org/parameters/18-120>		<http://ids.clld.org/values/18-120-293-1>		"-krɛ"@ram	
"du"@dcr	<http://ids.clld.org/values/9-110-217-1>		<http://ids.clld.org/parameters/9-110>		<http://ids.clld.org/values/9-110-293-1>		"tɔn"@ram	
"bran"@dcr	<http://ids.clld.org/values/15-850-217-1>		<http://ids.clld.org/parameters/15-850>		<http://ids.clld.org/values/15-850-293-1>		"kakrɔ"@ram	
"sliŋgu (-ši)"@dcr	<http://ids.clld.org/values/12-420-217-1>		<http://ids.clld.org/parameters/12-420>		<http://ids.clld.org/values/12-420-293-1>		"aw-kʰɛ"@ram	
"frai"@dcr	<http://ids.clld.org/values/16-710-217-1>		<http://ids.clld.org/parameters/16-710>		<http://ids.clld.org/values/16-710-293-1>		"-pɛy"@ram	
"fɛs"@dcr	<http://ids.clld.org/values/3-650-217-1>		<http://ids.clld.org/parameters/3-650>		<http://ids.clld.org/values/3-650-293-3>		"krən-"@ram	
"fɛs"@dcr	<http://ids.clld.org/values/3-650-217-1>		<http://ids.clld.org/parameters/3-650>		<http://ids.clld.org/values/3-650-293-1>		"tɛp"@ram	
"yit"@dcr	<http://ids.clld.org/values/5-110-217-1>		<http://ids.clld.org/parameters/5-110>		<http://ids.clld.org/values/5-110-293-3>		"kʰuu"@ram	
"yit"@dcr	<http://ids.clld.org/values/5-110-217-1>		<http://ids.clld.org/parameters/5-110>		<http://ids.clld.org/values/5-110-293-7>		"pa-"@ram	
"yit"@dcr	<http://ids.clld.org/values/5-110-217-1>		<http://ids.clld.org/parameters/5-110>		<http://ids.clld.org/values/5-110-293-5>		"kukʰu-"@ram	
"yit"@dcr	<http://ids.clld.org/values/5-110-217-1>		<http://ids.clld.org/parameters/5-110>		<http://ids.clld.org/values/5-110-293-1>		"-kʰrẽ"@ram	
"lif"@dcr	<http://ids.clld.org/values/4-120-217-1>		<http://ids.clld.org/parameters/4-120>		<http://ids.clld.org/values/4-120-293-1>		"ii-kʰə (?)"@ram	
"hɛt ~ het ~ hit"@dcr	<http://ids.clld.org/values/15-850-217-3>		<http://ids.clld.org/parameters/15-850>		<http://ids.clld.org/values/15-850-293-1>		"kakrɔ"@ram	
"win ~ wɛn"@dcr	<http://ids.clld.org/values/1-720-217-1>		<http://ids.clld.org/parameters/1-720>		<http://ids.clld.org/values/1-720-293-1>		"kʰook"@ram	
"lɛi"@dcr	<http://ids.clld.org/values/12-140-217-1>		<http://ids.clld.org/parameters/12-140>		<http://ids.clld.org/values/12-140-293-1>		"nɔ̃"@ram	
"woltə"@dcr	<http://ids.clld.org/values/8-540-217-1>		<http://ids.clld.org/parameters/8-540>		<http://ids.clld.org/values/8-540-293-1>		"haare"@ram	
"tɛtɛ"@dcr	<http://ids.clld.org/values/5-160-217-1>		<http://ids.clld.org/parameters/5-160>		<http://ids.clld.org/values/5-160-293-1>		"kaho"@ram	
"lus"@dcr	<http://ids.clld.org/values/3-811-217-1>		<http://ids.clld.org/parameters/3-811>		<http://ids.clld.org/values/3-811-293-1>		"ii-ko"@ram	
"bes-yet ~ bešət"@dcr	<http://ids.clld.org/values/8-510-217-3>		<http://ids.clld.org/parameters/8-510>		<http://ids.clld.org/values/8-510-293-1>		"aʔ-tuu"@ram	
"wun ~ won"@dcr	<http://ids.clld.org/values/7-110-217-1>		<http://ids.clld.org/parameters/7-110>		<http://ids.clld.org/values/7-110-293-1>		"kʰrĩ"@ram	
"man"@dcr	<http://ids.clld.org/values/2-310-217-1>		<http://ids.clld.org/parameters/2-310>		<http://ids.clld.org/values/2-310-293-1>		"ĩĩ-pyɛ"@ram	
"ma(ma) ~ muma"@dcr	<http://ids.clld.org/values/2-360-217-1>		<http://ids.clld.org/parameters/2-360>		<http://ids.clld.org/values/2-360-293-1>		"-nə̃ə̃"@ram	
"bata(ta) ~ batita"@dcr	<http://ids.clld.org/values/5-700-217-1>		<http://ids.clld.org/parameters/5-700>		<http://ids.clld.org/values/5-700-293-1>		"yat (yɛt ?)"@ram	
"parat"@dcr	<http://ids.clld.org/values/3-592-217-1>		<http://ids.clld.org/parameters/3-592>		<http://ids.clld.org/values/3-592-293-1>		"krɨy-ti"@ram	
"bret"@dcr	<http://ids.clld.org/values/12-610-217-1>		<http://ids.clld.org/parameters/12-610>		<http://ids.clld.org/values/12-610-293-1>		"iʔ-pɔ"@ram	
"fi"@dcr	<http://ids.clld.org/values/1-810-217-1>		<http://ids.clld.org/parameters/1-810>		<http://ids.clld.org/values/1-810-293-1>		"kuhɨ"@ram	
"kak"@dcr	<http://ids.clld.org/values/4-209-217-1>		<http://ids.clld.org/parameters/4-209>		<http://ids.clld.org/values/4-209-293-1>		"hamã"@ram	
"tan"@dcr	<http://ids.clld.org/values/4-270-217-1>		<http://ids.clld.org/parameters/4-270>		<http://ids.clld.org/values/4-270-293-1>		"ii-c̷wa"@ram	
"sɛt ~ sit"@dcr	<http://ids.clld.org/values/12-130-217-1>		<http://ids.clld.org/parameters/12-130>		<http://ids.clld.org/values/12-130-293-1>		"yə̃ (yɨ̃ ?)"@ram	
"stam"@dcr	<http://ids.clld.org/values/9-210-217-3>		<http://ids.clld.org/parameters/9-210>		<http://ids.clld.org/values/9-210-293-1>		"kʰrɔ̃k"@ram	
"nom"@dcr	<http://ids.clld.org/values/2-510-217-1>		<http://ids.clld.org/parameters/2-510>		<http://ids.clld.org/values/2-510-293-1>		"kɛt"@ram	
"stam"@dcr	<http://ids.clld.org/values/9-211-217-1>		<http://ids.clld.org/parameters/9-211>		<http://ids.clld.org/values/9-211-293-1>		"twə"@ram	
"dri ~ tri"@dcr	<http://ids.clld.org/values/13-30-217-1>		<http://ids.clld.org/parameters/13-30>		<http://ids.clld.org/values/13-30-293-1>		"ɨnkre-"@ram	
"swa"@dcr	<http://ids.clld.org/values/15-810-217-1>		<http://ids.clld.org/parameters/15-810>		<http://ids.clld.org/values/15-810-293-1>		"hũũ-tĩ"@ram	
"babun"@dcr	<http://ids.clld.org/values/3-760-217-1>		<http://ids.clld.org/parameters/3-760>		<http://ids.clld.org/values/3-760-293-1>		"kukʰoy"@ram	
"bran"@dcr	<http://ids.clld.org/values/1-851-217-1>		<http://ids.clld.org/parameters/1-851>		<http://ids.clld.org/values/1-851-293-1>		"ka-c̷ər"@ram	
"lif ~ lɛf"@dcr	<http://ids.clld.org/values/4-740-217-1>		<http://ids.clld.org/parameters/4-740>		<http://ids.clld.org/values/4-740-293-1>		"tĩ"@ram	
"tanya"@dcr	<http://ids.clld.org/values/8-920-217-3>		<http://ids.clld.org/parameters/8-920>		<http://ids.clld.org/values/8-920-293-1>		"kʰwɨrɨ"@ram	
"(s)tan"@dcr	<http://ids.clld.org/values/12-150-217-1>		<http://ids.clld.org/parameters/12-150>		<http://ids.clld.org/values/12-150-293-1>		"c̷a"@ram	
"pit ~ pɛt"@dcr	<http://ids.clld.org/values/1-370-217-1>		<http://ids.clld.org/parameters/1-370>		<http://ids.clld.org/values/1-370-293-1>		"kʰwa"@ram	
"asɛ"@dcr	<http://ids.clld.org/values/14-210-217-1>		<http://ids.clld.org/parameters/14-210>		<http://ids.clld.org/values/14-210-293-1>		"kɨt-"@ram	
"bik"@dcr	<http://ids.clld.org/values/4-460-217-1>		<http://ids.clld.org/parameters/4-460>		<http://ids.clld.org/values/4-460-293-1>		"ii-tu"@ram	
"hogo"@dcr	<http://ids.clld.org/values/4-210-217-1>		<http://ids.clld.org/parameters/4-210>		<http://ids.clld.org/values/4-210-293-1>		"ii-tɔ"@ram	
"son"@dcr	<http://ids.clld.org/values/1-520-217-1>		<http://ids.clld.org/parameters/1-520>		<http://ids.clld.org/values/1-520-293-3>		"pɨtɨ"@ram	
"son"@dcr	<http://ids.clld.org/values/1-520-217-1>		<http://ids.clld.org/parameters/1-520>		<http://ids.clld.org/values/1-520-293-1>		"pɨt"@ram	
"bran"@dcr	<http://ids.clld.org/values/1-852-217-1>		<http://ids.clld.org/parameters/1-852>		<http://ids.clld.org/values/1-852-293-1>		"pok"@ram	
"kaut(u)"@dcr	<http://ids.clld.org/values/15-860-217-1>		<http://ids.clld.org/parameters/15-860>		<http://ids.clld.org/values/15-860-293-1>		"kʰrɨ"@ram	
"hus"@dcr	<http://ids.clld.org/values/7-120-217-1>		<http://ids.clld.org/parameters/7-120>		<http://ids.clld.org/values/7-120-293-1>		"ii-kʰrɛ"@ram	
"mi"@dcr	<http://ids.clld.org/values/2-910-217-1>		<http://ids.clld.org/parameters/2-910>		<http://ids.clld.org/values/2-910-293-3>		"wa"@ram	
"mi"@dcr	<http://ids.clld.org/values/2-910-217-1>		<http://ids.clld.org/parameters/2-910>		<http://ids.clld.org/values/2-910-293-1>		"pa"@ram	
"rambl"@dcr	<http://ids.clld.org/values/10-450-217-3>		<http://ids.clld.org/parameters/10-450>		<http://ids.clld.org/values/10-450-293-1>		"mõ"@ram	
"al(ga)"@dcr	<http://ids.clld.org/values/13-140-217-3>		<http://ids.clld.org/parameters/13-140>		<http://ids.clld.org/values/13-140-293-1>		"tu-"@ram	
"di"@dcr	<http://ids.clld.org/values/2-930-217-3>		<http://ids.clld.org/parameters/2-930>		<http://ids.clld.org/values/2-930-293-1>		"tamə̃"@ram	
"ki"@dcr	<http://ids.clld.org/values/15-510-217-1>		<http://ids.clld.org/parameters/15-510>		<http://ids.clld.org/values/15-510-293-1>		"-hõm-pu"@ram	
"ki"@dcr	<http://ids.clld.org/values/15-510-217-1>		<http://ids.clld.org/parameters/15-510>		<http://ids.clld.org/values/15-510-293-3>		"pu-pun"@ram	
"sten"@dcr	<http://ids.clld.org/values/1-440-217-1>		<http://ids.clld.org/parameters/1-440>		<http://ids.clld.org/values/1-440-293-1>		"kʰɛn"@ram	
"wawara"@dcr	<http://ids.clld.org/values/8-520-217-1>		<http://ids.clld.org/parameters/8-520>		<http://ids.clld.org/values/8-520-293-1>		"po-"@ram	
"brambi"@dcr	<http://ids.clld.org/values/3-817-217-1>		<http://ids.clld.org/parameters/3-817>		<http://ids.clld.org/values/3-817-293-1>		"ahc̷un- (aʔc̷un- ?)"@ram	
"ha(r)"@dcr	<http://ids.clld.org/values/4-140-217-1>		<http://ids.clld.org/parameters/4-140>		<http://ids.clld.org/values/4-140-293-1>		"ii-kʰĩ"@ram	
"fɛrgi ~ fɛrki"@dcr	<http://ids.clld.org/values/3-350-217-1>		<http://ids.clld.org/parameters/3-350>		<http://ids.clld.org/values/3-350-293-1>		"kʰro"@ram	
"laŋ"@dcr	<http://ids.clld.org/values/12-570-217-1>		<http://ids.clld.org/parameters/12-570>		<http://ids.clld.org/values/12-570-293-1>		"i-rɨɨ"@ram	
"papəgoi"@dcr	<http://ids.clld.org/values/3-592-217-3>		<http://ids.clld.org/parameters/3-592>		<http://ids.clld.org/values/3-592-293-1>		"krɨy-ti"@ram	
"lelik ~ lɛlik ~ likik"@dcr	<http://ids.clld.org/values/16-720-217-1>		<http://ids.clld.org/parameters/16-720>		<http://ids.clld.org/values/16-720-293-1>		"iʔkʰɛn"@ram	
"klen ~ klɛn ~ klenši"@dcr	<http://ids.clld.org/values/12-560-217-1>		<http://ids.clld.org/parameters/12-560>		<http://ids.clld.org/values/12-560-293-3>		"lɛ"@ram	
"klen ~ klɛn ~ klenši"@dcr	<http://ids.clld.org/values/12-560-217-1>		<http://ids.clld.org/parameters/12-560>		<http://ids.clld.org/values/12-560-293-1>		"ĩn-krirɛ"@ram	
"wurum"@dcr	<http://ids.clld.org/values/3-840-217-1>		<http://ids.clld.org/parameters/3-840>		<http://ids.clld.org/values/3-840-293-1>		"hɔɔc̷ã"@ram	
"stɛt ~ stet"@dcr	<http://ids.clld.org/values/4-180-217-1>		<http://ids.clld.org/parameters/4-180>		<http://ids.clld.org/values/4-180-293-1>		"ha-ppɨ"@ram	
"stok"@dcr	<http://ids.clld.org/values/19-250-217-1>		<http://ids.clld.org/parameters/19-250>		<http://ids.clld.org/values/19-250-293-1>		"kʰo-"@ram	
"ekeren ~ ɛkɛrɛn"@dcr	<http://ids.clld.org/values/13-140-217-1>		<http://ids.clld.org/parameters/13-140>		<http://ids.clld.org/values/13-140-293-1>		"tu-"@ram	
"bom"@dcr	<http://ids.clld.org/values/8-600-217-1>		<http://ids.clld.org/parameters/8-600>		<http://ids.clld.org/values/8-600-293-1>		"pĩĩ"@ram	
"flig"@dcr	<http://ids.clld.org/values/10-370-217-1>		<http://ids.clld.org/parameters/10-370>		<http://ids.clld.org/values/10-370-293-1>		"tɛɛ"@ram	
"ta(i) ~ tita"@dcr	<http://ids.clld.org/values/2-350-217-5>		<http://ids.clld.org/parameters/2-350>		<http://ids.clld.org/values/2-350-293-1>		"-pãm"@ram	
"ta(i) ~ tita"@dcr	<http://ids.clld.org/values/2-350-217-5>		<http://ids.clld.org/parameters/2-350>		<http://ids.clld.org/values/2-350-293-3>		"c̷ũ"@ram	
"gat"@dcr	<http://ids.clld.org/values/12-850-217-1>		<http://ids.clld.org/parameters/12-850>		<http://ids.clld.org/values/12-850-293-1>		"kʰrɛ"@ram	
"dans"@dcr	<http://ids.clld.org/values/10-440-217-1>		<http://ids.clld.org/parameters/10-440>		<http://ids.clld.org/values/10-440-293-1>		"hakrun (?)"@ram	
"blut"@dcr	<http://ids.clld.org/values/4-150-217-1>		<http://ids.clld.org/parameters/4-150>		<http://ids.clld.org/values/4-150-293-1>		"ii-kaproo"@ram	
"ale(n)"@dcr	<http://ids.clld.org/values/13-330-217-1>		<http://ids.clld.org/parameters/13-330>		<http://ids.clld.org/values/13-330-293-3>		"kamã"@ram	
"ale(n)"@dcr	<http://ids.clld.org/values/13-330-217-1>		<http://ids.clld.org/parameters/13-330>		<http://ids.clld.org/values/13-330-293-1>		"pit"@ram	
"krom"@dcr	<http://ids.clld.org/values/12-740-217-1>		<http://ids.clld.org/parameters/12-740>		<http://ids.clld.org/values/12-740-293-1>		"yakɔt"@ram	
"frou"@dcr	<http://ids.clld.org/values/2-320-217-1>		<http://ids.clld.org/parameters/2-320>		<http://ids.clld.org/values/2-320-293-1>		"ĩĩ-prõ"@ram	
"bit"@dcr	<http://ids.clld.org/values/4-580-217-1>		<http://ids.clld.org/parameters/4-580>		<http://ids.clld.org/values/4-580-293-1>		"-ku-c̷a"@ram	
"pin"@dcr	<http://ids.clld.org/values/16-310-217-1>		<http://ids.clld.org/parameters/16-310>		<http://ids.clld.org/values/16-310-293-1>		"-c̷a-"@ram	
"pin"@dcr	<http://ids.clld.org/values/16-310-217-1>		<http://ids.clld.org/parameters/16-310>		<http://ids.clld.org/values/16-310-293-3>		"ha- (?)"@ram	
"kini"@dcr	<http://ids.clld.org/values/4-360-217-1>		<http://ids.clld.org/parameters/4-360>		<http://ids.clld.org/values/4-360-293-1>		"ii-kʰõn"@ram	
"kamina"@dcr	<http://ids.clld.org/values/8-120-217-3>		<http://ids.clld.org/parameters/8-120>		<http://ids.clld.org/values/8-120-293-1>		"pur"@ram	
"wit"@dcr	<http://ids.clld.org/values/15-640-217-1>		<http://ids.clld.org/parameters/15-640>		<http://ids.clld.org/values/15-640-293-1>		"hakkʰa"@ram	
"wit"@dcr	<http://ids.clld.org/values/15-640-217-1>		<http://ids.clld.org/parameters/15-640>		<http://ids.clld.org/values/15-640-293-3>		"yakʰaa"@ram	
"houtu ~ hautu"@dcr	<http://ids.clld.org/values/1-430-217-1>		<http://ids.clld.org/parameters/1-430>		<http://ids.clld.org/values/1-430-293-1>		"pĩ"@ram	
"rɛgən ~ regon ~ regun"@dcr	<http://ids.clld.org/values/1-750-217-1>		<http://ids.clld.org/parameters/1-750>		<http://ids.clld.org/values/1-750-293-1>		"taa (ta ?)"@ram	
"popa ~ pupa"@dcr	<http://ids.clld.org/values/2-350-217-3>		<http://ids.clld.org/parameters/2-350>		<http://ids.clld.org/values/2-350-293-1>		"-pãm"@ram	
"popa ~ pupa"@dcr	<http://ids.clld.org/values/2-350-217-3>		<http://ids.clld.org/parameters/2-350>		<http://ids.clld.org/values/2-350-293-3>		"c̷ũ"@ram	
"wai"@dcr	<http://ids.clld.org/values/10-380-217-3>		<http://ids.clld.org/parameters/10-380>		<http://ids.clld.org/values/10-380-293-1>		"hakkoo"@ram	
"slap"@dcr	<http://ids.clld.org/values/4-610-217-1>		<http://ids.clld.org/parameters/4-610>		<http://ids.clld.org/values/4-610-293-1>		"-ŋõr (ŋɔ̃r ?)"@ram	
"zwim ~ zwɛm"@dcr	<http://ids.clld.org/values/10-350-217-1>		<http://ids.clld.org/parameters/10-350>		<http://ids.clld.org/values/10-350-293-1>		"ree"@ram	
"zwim ~ zwɛm"@dcr	<http://ids.clld.org/values/10-350-217-1>		<http://ids.clld.org/parameters/10-350>		<http://ids.clld.org/values/10-350-293-3>		"c̷wa"@ram	
"kokro"@dcr	<http://ids.clld.org/values/3-970-217-1>		<http://ids.clld.org/parameters/3-970>		<http://ids.clld.org/values/3-970-293-1>		"mĩĩ (mɨ̃ ?)"@ram	
"eyu"@dcr	<http://ids.clld.org/values/5-970-217-1>		<http://ids.clld.org/parameters/5-970>		<http://ids.clld.org/values/5-970-293-1>		"in-krɛ"@ram	
"han"@dcr	<http://ids.clld.org/values/4-310-217-1>		<http://ids.clld.org/parameters/4-310>		<http://ids.clld.org/values/4-310-293-1>		"pa"@ram	
"hou"@dcr	<http://ids.clld.org/values/14-150-217-1>		<http://ids.clld.org/parameters/14-150>		<http://ids.clld.org/values/14-150-293-1>		"tũm"@ram	
"(na-)biniši"@dcr	<http://ids.clld.org/values/12-50-217-1>		<http://ids.clld.org/parameters/12-50>		<http://ids.clld.org/values/12-50-293-1>		"kʰam"@ram	
"en"@dcr	<http://ids.clld.org/values/13-10-217-1>		<http://ids.clld.org/parameters/13-10>		<http://ids.clld.org/values/13-10-293-1>		"pɨc̷it"@ram	
"futu"@dcr	<http://ids.clld.org/values/4-370-217-1>		<http://ids.clld.org/parameters/4-370>		<http://ids.clld.org/values/4-370-293-1>		"ii-par"@ram	
"pošɛs"@dcr	<http://ids.clld.org/values/14-210-217-5>		<http://ids.clld.org/parameters/14-210>		<http://ids.clld.org/values/14-210-293-1>		"kɨt-"@ram	
"han"@dcr	<http://ids.clld.org/values/4-330-217-1>		<http://ids.clld.org/parameters/4-330>		<http://ids.clld.org/values/4-330-293-1>		"hũʔkʰra"@ram	
"watu"@dcr	<http://ids.clld.org/values/1-310-217-1>		<http://ids.clld.org/parameters/1-310>		<http://ids.clld.org/values/1-310-293-1>		"ko"@ram	
"grot(o)"@dcr	<http://ids.clld.org/values/12-550-217-1>		<http://ids.clld.org/parameters/12-550>		<http://ids.clld.org/values/12-550-293-1>		"ti-"@ram	
"nat"@dcr	<http://ids.clld.org/values/15-830-217-1>		<http://ids.clld.org/parameters/15-830>		<http://ids.clld.org/values/15-830-293-1>		"mrɔ̃ (?)"@ram	
"bli"@dcr	<http://ids.clld.org/values/16-230-217-1>		<http://ids.clld.org/parameters/16-230>		<http://ids.clld.org/values/16-230-293-1>		"hakʰrɨ"@ram	
"pat"@dcr	<http://ids.clld.org/values/10-720-217-1>		<http://ids.clld.org/parameters/10-720>		<http://ids.clld.org/values/10-720-293-1>		"prɨɨ"@ram	
"toŋ"@dcr	<http://ids.clld.org/values/4-260-217-1>		<http://ids.clld.org/parameters/4-260>		<http://ids.clld.org/values/4-260-293-1>		"-yõʔtɔ"@ram	
"bil ~ bɛl"@dcr	<http://ids.clld.org/values/4-464-217-1>		<http://ids.clld.org/parameters/4-464>		<http://ids.clld.org/values/4-464-293-1>		"ayɔ"@ram	
"ko"@dcr	<http://ids.clld.org/values/10-480-217-1>		<http://ids.clld.org/parameters/10-480>		<http://ids.clld.org/values/10-480-293-1>		"-tẽ"@ram	
"kis"@dcr	<http://ids.clld.org/values/16-290-217-1>		<http://ids.clld.org/parameters/16-290>		<http://ids.clld.org/values/16-290-293-1>		"p (?)"@ram	
"bus"@dcr	<http://ids.clld.org/values/1-410-217-1>		<http://ids.clld.org/parameters/1-410>		<http://ids.clld.org/values/1-410-293-1>		"lam-"@ram	
"lif fa di bom"@dcr	<http://ids.clld.org/values/8-750-217-1>		<http://ids.clld.org/parameters/8-750>		<http://ids.clld.org/values/8-750-293-1>		"ii-kʰə"@ram	
"bitu"@dcr	<http://ids.clld.org/values/15-370-217-1>		<http://ids.clld.org/parameters/15-370>		<http://ids.clld.org/values/15-370-293-1>		"-c̷ə-"@ram	
"bitu"@dcr	<http://ids.clld.org/values/15-370-217-1>		<http://ids.clld.org/parameters/15-370>		<http://ids.clld.org/values/15-370-293-3>		"hə"@ram	
"kot"@dcr	<http://ids.clld.org/values/15-860-217-3>		<http://ids.clld.org/parameters/15-860>		<http://ids.clld.org/values/15-860-293-1>		"kʰrɨ"@ram	
"yu"@dcr	<http://ids.clld.org/values/2-920-217-1>		<http://ids.clld.org/parameters/2-920>		<http://ids.clld.org/values/2-920-293-1>		"ka"@ram	
"futu"@dcr	<http://ids.clld.org/values/4-350-217-1>		<http://ids.clld.org/parameters/4-350>		<http://ids.clld.org/values/4-350-293-1>		"ii-tɛ"@ram	
"garən"@dcr	<http://ids.clld.org/values/6-380-217-1>		<http://ids.clld.org/parameters/6-380>		<http://ids.clld.org/values/6-380-293-1>		"he-"@ram	
"garən"@dcr	<http://ids.clld.org/values/6-380-217-1>		<http://ids.clld.org/parameters/6-380>		<http://ids.clld.org/values/6-380-293-3>		"-c̷e- (?)"@ram	
