"izu"@dcr	<http://ids.clld.org/values/9-670-217-1>		<http://ids.clld.org/parameters/9-670>		<http://ids.clld.org/values/9-670-198-1>		"gelzā"@prg	
"las"@dcr	<http://ids.clld.org/values/12-350-217-3>		<http://ids.clld.org/parameters/12-350>		<http://ids.clld.org/values/12-350-198-1>		"vangan"@prg	
"kikin-dif"@dcr	<http://ids.clld.org/values/3-585-217-1>		<http://ids.clld.org/parameters/3-585>		<http://ids.clld.org/values/3-585-198-1>		"[falks]"@prg	
"(frou-?)skap"@dcr	<http://ids.clld.org/values/3-280-217-1>		<http://ids.clld.org/parameters/3-280>		<http://ids.clld.org/values/3-280-198-1>		"kamst'an"@prg	
"bom"@dcr	<http://ids.clld.org/values/1-420-217-1>		<http://ids.clld.org/parameters/1-420>		<http://ids.clld.org/values/1-420-198-1>		"gar'an"@prg	
"pɛk ~ pik"@dcr	<http://ids.clld.org/values/12-210-217-3>		<http://ids.clld.org/parameters/12-210>		<http://ids.clld.org/values/12-210-198-1>		"sanrénka"@prg	
"bruk"@dcr	<http://ids.clld.org/values/6-480-217-1>		<http://ids.clld.org/parameters/6-480>		<http://ids.clld.org/values/6-480-198-1>		"laknā"@prg	
"han"@dcr	<http://ids.clld.org/values/4-340-217-3>		<http://ids.clld.org/parameters/4-340>		<http://ids.clld.org/values/4-340-198-1>		"pirstan"@prg	
"dot ~ dod"@dcr	<http://ids.clld.org/values/4-750-217-1>		<http://ids.clld.org/parameters/4-750>		<http://ids.clld.org/values/4-750-198-1>		"aul'aút"@prg	
"o"@dcr	<http://ids.clld.org/values/17-540-217-3>		<http://ids.clld.org/parameters/17-540>		<http://ids.clld.org/values/17-540-198-1>		"[ader]"@prg	
"kam"@dcr	<http://ids.clld.org/values/6-910-217-1>		<http://ids.clld.org/parameters/6-910>		<http://ids.clld.org/values/6-910-198-1>		"kāisnis"@prg	
"fligi"@dcr	<http://ids.clld.org/values/3-830-217-1>		<http://ids.clld.org/parameters/3-830>		<http://ids.clld.org/values/3-830-198-1>		"musā"@prg	
"(hou)-nom"@dcr	<http://ids.clld.org/values/2-310-217-3>		<http://ids.clld.org/parameters/2-310>		<http://ids.clld.org/values/2-310-198-1>		"grandan"@prg	
"gorogoro"@dcr	<http://ids.clld.org/values/4-290-217-1>		<http://ids.clld.org/parameters/4-290>		<http://ids.clld.org/values/4-290-198-1>		"gurklē"@prg	
"saban"@dcr	<http://ids.clld.org/values/1-230-217-1>		<http://ids.clld.org/parameters/1-230>		<http://ids.clld.org/values/1-230-198-1>		"lauks"@prg	
"lepu"@dcr	<http://ids.clld.org/values/5-370-217-1>		<http://ids.clld.org/parameters/5-370>		<http://ids.clld.org/values/5-370-198-1>		"lapinis"@prg	
"puši"@dcr	<http://ids.clld.org/values/3-620-217-1>		<http://ids.clld.org/parameters/3-620>		<http://ids.clld.org/values/3-620-198-1>		"paustā katā"@prg	
"wuluwulk"@dcr	<http://ids.clld.org/values/3-710-217-1>		<http://ids.clld.org/parameters/3-710>		<http://ids.clld.org/values/3-710-198-1>		"vilkis"@prg	
"wərən"@dcr	<http://ids.clld.org/values/1-100-217-1>		<http://ids.clld.org/parameters/1-100>		<http://ids.clld.org/values/1-100-198-1>		"svētā"@prg	
"grot-muma ~ grot-ma"@dcr	<http://ids.clld.org/values/2-470-217-3>		<http://ids.clld.org/parameters/2-470>		<http://ids.clld.org/values/2-470-198-1>		"anē"@prg	
"be-fɛrgi"@dcr	<http://ids.clld.org/values/3-320-217-1>		<http://ids.clld.org/parameters/3-320>		<http://ids.clld.org/values/3-320-198-1>		"kuilis"@prg	
"fanda"@dcr	<http://ids.clld.org/values/14-470-217-1>		<http://ids.clld.org/parameters/14-470>		<http://ids.clld.org/values/14-470-198-1>		"š'an deinan"@prg	
"birən"@dcr	<http://ids.clld.org/values/19-540-217-1>		<http://ids.clld.org/parameters/19-540>		<http://ids.clld.org/values/19-540-198-1>		"taviš'an"@prg	
"dop-kin (?)"@dcr	<http://ids.clld.org/values/2-740-217-1>		<http://ids.clld.org/parameters/2-740>		<http://ids.clld.org/values/2-740-198-1>		"pādukrē"@prg	
"fi"@dcr	<http://ids.clld.org/values/1-820-217-1>		<http://ids.clld.org/parameters/1-820>		<http://ids.clld.org/values/1-820-198-1>		"lāpis"@prg	
"baŋ"@dcr	<http://ids.clld.org/values/16-530-217-1>		<http://ids.clld.org/parameters/16-530>		<http://ids.clld.org/values/16-530-198-1>		"bi[y]āsnan"@prg	
"səlvu ~ zəlva"@dcr	<http://ids.clld.org/values/9-650-217-1>		<http://ids.clld.org/parameters/9-650>		<http://ids.clld.org/values/9-650-198-1>		"sirablis"@prg	
"gau(t)"@dcr	<http://ids.clld.org/values/9-640-217-1>		<http://ids.clld.org/parameters/9-640>		<http://ids.clld.org/values/9-640-198-1>		"ausis"@prg	
"muči ~ muši"@dcr	<http://ids.clld.org/values/13-150-217-3>		<http://ids.clld.org/parameters/13-150>		<http://ids.clld.org/values/13-150-198-1>		"tūlan"@prg	
"ɛ(r)stə ~ ɛstu"@dcr	<http://ids.clld.org/values/13-340-217-1>		<http://ids.clld.org/parameters/13-340>		<http://ids.clld.org/values/13-340-198-1>		"pirmas"@prg	
"kɛtiŋ"@dcr	<http://ids.clld.org/values/9-180-217-1>		<http://ids.clld.org/parameters/9-180>		<http://ids.clld.org/values/9-180-198-1>		"ratinzis"@prg	
"kakates"@dcr	<http://ids.clld.org/values/3-960-217-1>		<http://ids.clld.org/parameters/3-960>		<http://ids.clld.org/values/3-960-198-1>		"estureitā"@prg	
"nɛf ~ nef"@dcr	<http://ids.clld.org/values/5-380-217-3>		<http://ids.clld.org/parameters/5-380>		<http://ids.clld.org/values/5-380-198-1>		"peile"@prg	
"bli"@dcr	<http://ids.clld.org/values/12-160-217-1>		<http://ids.clld.org/parameters/12-160>		<http://ids.clld.org/values/12-160-198-1>		"paláikt"@prg	
"swat"@dcr	<http://ids.clld.org/values/15-650-217-1>		<http://ids.clld.org/parameters/15-650>		<http://ids.clld.org/values/15-650-198-1>		"kirsnan"@prg	
"kaloši ~karoši(n)"@dcr	<http://ids.clld.org/values/10-750-217-1>		<http://ids.clld.org/parameters/10-750>		<http://ids.clld.org/values/10-750-198-1>		"abazus"@prg	
"smok"@dcr	<http://ids.clld.org/values/1-830-217-1>		<http://ids.clld.org/parameters/1-830>		<http://ids.clld.org/values/1-830-198-1>		"dūmis"@prg	
"sik-fɛrgi"@dcr	<http://ids.clld.org/values/3-340-217-1>		<http://ids.clld.org/parameters/3-340>		<http://ids.clld.org/values/3-340-198-1>		"svint'an ~ sk'aurē (fem.)"@prg	
"tit"@dcr	<http://ids.clld.org/values/14-110-217-1>		<http://ids.clld.org/parameters/14-110>		<http://ids.clld.org/values/14-110-198-3>		"kérdan"@prg	
"tit"@dcr	<http://ids.clld.org/values/14-110-217-1>		<http://ids.clld.org/parameters/14-110>		<http://ids.clld.org/values/14-110-198-1>		"kīsman"@prg	
"drok ~ drog"@dcr	<http://ids.clld.org/values/15-840-217-1>		<http://ids.clld.org/parameters/15-840>		<http://ids.clld.org/values/15-840-198-1>		"sausan"@prg	
"kabrita"@dcr	<http://ids.clld.org/values/3-360-217-1>		<http://ids.clld.org/parameters/3-360>		<http://ids.clld.org/values/3-360-198-1>		"(v)āzē"@prg	
"gras-pis"@dcr	<http://ids.clld.org/values/1-230-217-3>		<http://ids.clld.org/parameters/1-230>		<http://ids.clld.org/values/1-230-198-1>		"lauks"@prg	
"skun ~ skon"@dcr	<http://ids.clld.org/values/6-510-217-1>		<http://ids.clld.org/parameters/6-510>		<http://ids.clld.org/values/6-510-198-1>		"kurpē"@prg	
"lik"@dcr	<http://ids.clld.org/values/16-670-217-1>		<http://ids.clld.org/parameters/16-670>		<http://ids.clld.org/values/16-670-198-1>		"mént'ama"@prg	
"(s)tum"@dcr	<http://ids.clld.org/values/8-720-217-1>		<http://ids.clld.org/parameters/8-720>		<http://ids.clld.org/values/8-720-198-1>		"kalmus"@prg	
"flɛs ~ flɛis"@dcr	<http://ids.clld.org/values/4-130-217-1>		<http://ids.clld.org/parameters/4-130>		<http://ids.clld.org/values/4-130-198-1>		"mensā"@prg	
"lɛi"@dcr	<http://ids.clld.org/values/12-120-217-3>		<http://ids.clld.org/parameters/12-120>		<http://ids.clld.org/values/12-120-198-1>		"lazinā"@prg	
"mui"@dcr	<http://ids.clld.org/values/2-520-217-1>		<http://ids.clld.org/parameters/2-520>		<http://ids.clld.org/values/2-520-198-1>		"māsā"@prg	
"šiši"@dcr	<http://ids.clld.org/values/2-450-217-1>		<http://ids.clld.org/parameters/2-450>		<http://ids.clld.org/values/2-450-198-1>		"svestrā"@prg	
"(h)am ~ (h)an"@dcr	<http://ids.clld.org/values/2-930-217-1>		<http://ids.clld.org/parameters/2-930>		<http://ids.clld.org/values/2-930-198-3>		"tanā"@prg	
"(h)am ~ (h)an"@dcr	<http://ids.clld.org/values/2-930-217-1>		<http://ids.clld.org/parameters/2-930>		<http://ids.clld.org/values/2-930-198-1>		"tan[a]s"@prg	
"frau"@dcr	<http://ids.clld.org/values/2-220-217-1>		<http://ids.clld.org/parameters/2-220>		<http://ids.clld.org/values/2-220-198-1>		"genā"@prg	
"wak-man"@dcr	<http://ids.clld.org/values/20-471-217-1>		<http://ids.clld.org/parameters/20-471>		<http://ids.clld.org/values/20-471-198-1>		"*-sargs"@prg	
"ris"@dcr	<http://ids.clld.org/values/10-220-217-1>		<http://ids.clld.org/parameters/10-220>		<http://ids.clld.org/values/10-220-198-1>		"erláng'a"@prg	
"me"@dcr	<http://ids.clld.org/values/13-160-217-1>		<http://ids.clld.org/parameters/13-160>		<http://ids.clld.org/values/13-160-198-1>		"tūl[i]s (?)"@prg	
"so"@dcr	<http://ids.clld.org/values/2-410-217-1>		<http://ids.clld.org/parameters/2-410>		<http://ids.clld.org/values/2-410-198-1>		"sūnun"@prg	
"duŋku ~ dunki"@dcr	<http://ids.clld.org/values/14-460-217-1>		<http://ids.clld.org/parameters/14-460>		<http://ids.clld.org/values/14-460-198-1>		"bītas"@prg	
"man"@dcr	<http://ids.clld.org/values/1-530-217-1>		<http://ids.clld.org/parameters/1-530>		<http://ids.clld.org/values/1-530-198-1>		"mēnikīs"@prg	
"rɛil"@dcr	<http://ids.clld.org/values/11-830-217-1>		<http://ids.clld.org/parameters/11-830>		<http://ids.clld.org/values/11-830-198-1>		"káupiskan"@prg	
"rup"@dcr	<http://ids.clld.org/values/18-410-217-1>		<http://ids.clld.org/parameters/18-410>		<http://ids.clld.org/values/18-410-198-1>		"vakētvei"@prg	
"faləi"@dcr	<http://ids.clld.org/values/1-240-217-1>		<http://ids.clld.org/parameters/1-240>		<http://ids.clld.org/values/1-240-198-3>		"padaubis"@prg	
"faləi"@dcr	<http://ids.clld.org/values/1-240-217-1>		<http://ids.clld.org/parameters/1-240>		<http://ids.clld.org/values/1-240-198-1>		"lindan"@prg	
"kin"@dcr	<http://ids.clld.org/values/2-280-217-1>		<http://ids.clld.org/parameters/2-280>		<http://ids.clld.org/values/2-280-198-1>		"malnīkik[a]s"@prg	
"(h)ašiši"@dcr	<http://ids.clld.org/values/1-840-217-1>		<http://ids.clld.org/parameters/1-840>		<http://ids.clld.org/values/1-840-198-1>		"pelanē"@prg	
"bətal ~ bital"@dcr	<http://ids.clld.org/values/11-650-217-1>		<http://ids.clld.org/parameters/11-650>		<http://ids.clld.org/values/11-650-198-1>		"plateis"@prg	
"noli"@dcr	<http://ids.clld.org/values/3-460-217-3>		<http://ids.clld.org/parameters/3-460>		<http://ids.clld.org/values/3-460-198-1>		"[asilis]"@prg	
"pan"@dcr	<http://ids.clld.org/values/5-280-217-1>		<http://ids.clld.org/parameters/5-280>		<http://ids.clld.org/values/5-280-198-1>		"panevkā"@prg	
"gaimas"@dcr	<http://ids.clld.org/values/6-230-217-1>		<http://ids.clld.org/parameters/6-230>		<http://ids.clld.org/values/6-230-198-1>		"linā"@prg	
"saut(u)"@dcr	<http://ids.clld.org/values/5-810-217-1>		<http://ids.clld.org/parameters/5-810>		<http://ids.clld.org/values/5-810-198-1>		"sali (?)"@prg	
"nom"@dcr	<http://ids.clld.org/values/2-210-217-1>		<http://ids.clld.org/parameters/2-210>		<http://ids.clld.org/values/2-210-198-1>		"vīrs"@prg	
"fanya ~ faria ~ farnya"@dcr	<http://ids.clld.org/values/5-550-217-3>		<http://ids.clld.org/parameters/5-550>		<http://ids.clld.org/values/5-550-198-1>		"meltan"@prg	
"sut"@dcr	<http://ids.clld.org/values/15-350-217-1>		<http://ids.clld.org/parameters/15-350>		<http://ids.clld.org/values/15-350-198-1>		"pādaminan"@prg	
"waita"@dcr	<http://ids.clld.org/values/15-520-217-3>		<http://ids.clld.org/parameters/15-520>		<http://ids.clld.org/values/15-520-198-1>		"endīrīt[vei]"@prg	
"lot"@dcr	<http://ids.clld.org/values/9-680-217-1>		<http://ids.clld.org/parameters/9-680>		<http://ids.clld.org/values/9-680-198-1>		"alvis"@prg	
"lo"@dcr	<http://ids.clld.org/values/10-470-217-1>		<http://ids.clld.org/parameters/10-470>		<http://ids.clld.org/values/10-470-198-1>		"éit"@prg	
"hopo"@dcr	<http://ids.clld.org/values/10-210-217-1>		<http://ids.clld.org/parameters/10-210>		<http://ids.clld.org/values/10-210-198-1>		"atskīsai"@prg	
"gɛsɛ(g) ~ gusə"@dcr	<http://ids.clld.org/values/4-204-217-1>		<http://ids.clld.org/parameters/4-204>		<http://ids.clld.org/values/4-204-198-1>		"prusnas"@prg	
"duku"@dcr	<http://ids.clld.org/values/6-210-217-1>		<http://ids.clld.org/parameters/6-210>		<http://ids.clld.org/values/6-210-198-1>		"milan"@prg	
"swa"@dcr	<http://ids.clld.org/values/21-240-217-1>		<http://ids.clld.org/parameters/21-240>		<http://ids.clld.org/values/21-240-198-1>		"klantāma"@prg	
"frai"@dcr	<http://ids.clld.org/values/4-830-217-1>		<http://ids.clld.org/parameters/4-830>		<http://ids.clld.org/values/4-830-198-1>		"kails"@prg	
"gron"@dcr	<http://ids.clld.org/values/8-120-217-1>		<http://ids.clld.org/parameters/8-120>		<http://ids.clld.org/values/8-120-198-1>		"lauks"@prg	
"nagəl"@dcr	<http://ids.clld.org/values/9-500-217-1>		<http://ids.clld.org/parameters/9-500>		<http://ids.clld.org/values/9-500-198-1>		"kramtis"@prg	
"wɛnstu ~ vɛnstu ~ vɛnstər"@dcr	<http://ids.clld.org/values/7-250-217-1>		<http://ids.clld.org/parameters/7-250>		<http://ids.clld.org/values/7-250-198-1>		"lankstā"@prg	
"gau"@dcr	<http://ids.clld.org/values/14-210-217-3>		<http://ids.clld.org/parameters/14-210>		<http://ids.clld.org/values/14-210-198-1>		"entikrikai"@prg	
"man-"@dcr	<http://ids.clld.org/values/2-230-217-1>		<http://ids.clld.org/parameters/2-230>		<http://ids.clld.org/values/2-230-198-1>		"vīrs"@prg	
"hɛmol ~ hɛməl ~ hewun ~ hiwun"@dcr	<http://ids.clld.org/values/22-310-217-1>		<http://ids.clld.org/parameters/22-310>		<http://ids.clld.org/values/22-310-198-1>		"dangus"@prg	
"a(n)"@dcr	<http://ids.clld.org/values/17-510-217-1>		<http://ids.clld.org/parameters/17-510>		<http://ids.clld.org/values/17-510-198-1>		"ir"@prg	
"a(n)"@dcr	<http://ids.clld.org/values/17-510-217-1>		<http://ids.clld.org/parameters/17-510>		<http://ids.clld.org/values/17-510-198-3>		"be"@prg	
"folək"@dcr	<http://ids.clld.org/values/2-100-217-1>		<http://ids.clld.org/parameters/2-100>		<http://ids.clld.org/values/2-100-198-1>		"zmānen[t]s"@prg	
"nɛf ~ nef"@dcr	<http://ids.clld.org/values/9-230-217-3>		<http://ids.clld.org/parameters/9-230>		<http://ids.clld.org/values/9-230-198-1>		"peile"@prg	
"mon ~ mun"@dcr	<http://ids.clld.org/values/4-240-217-1>		<http://ids.clld.org/parameters/4-240>		<http://ids.clld.org/values/4-240-198-1>		"austā"@prg	
"ordu"@dcr	<http://ids.clld.org/values/19-450-217-1>		<http://ids.clld.org/parameters/19-450>		<http://ids.clld.org/values/19-450-198-1>		"laipinā"@prg	
"wani ~ wɛn(i) ~ wini"@dcr	<http://ids.clld.org/values/17-650-217-1>		<http://ids.clld.org/parameters/17-650>		<http://ids.clld.org/values/17-650-198-1>		"kadan"@prg	
"gi"@dcr	<http://ids.clld.org/values/11-210-217-1>		<http://ids.clld.org/parameters/11-210>		<http://ids.clld.org/values/11-210-198-1>		"dāt[vei]"@prg	
"tak"@dcr	<http://ids.clld.org/values/8-550-217-1>		<http://ids.clld.org/parameters/8-550>		<http://ids.clld.org/values/8-550-198-1>		"vipis"@prg	
"bɛn ~ bin(t)"@dcr	<http://ids.clld.org/values/9-160-217-1>		<http://ids.clld.org/parameters/9-160>		<http://ids.clld.org/values/9-160-198-1>		"perréist"@prg	
"gaŋ-gaŋ"@dcr	<http://ids.clld.org/values/2-470-217-5>		<http://ids.clld.org/parameters/2-470>		<http://ids.clld.org/values/2-470-198-1>		"anē"@prg	
"hun"@dcr	<http://ids.clld.org/values/3-610-217-1>		<http://ids.clld.org/parameters/3-610>		<http://ids.clld.org/values/3-610-198-1>		"sunis"@prg	
"nas ~ nɛs"@dcr	<http://ids.clld.org/values/4-230-217-1>		<http://ids.clld.org/parameters/4-230>		<http://ids.clld.org/values/4-230-198-1>		"nāsī"@prg	
"ho"@dcr	<http://ids.clld.org/values/15-410-217-1>		<http://ids.clld.org/parameters/15-410>		<http://ids.clld.org/values/15-410-198-3>		"klausītun"@prg	
"ho"@dcr	<http://ids.clld.org/values/15-410-217-1>		<http://ids.clld.org/parameters/15-410>		<http://ids.clld.org/values/15-410-198-1>		"kirdē̈t[vei]"@prg	
"kas"@dcr	<http://ids.clld.org/values/5-880-217-1>		<http://ids.clld.org/parameters/5-880>		<http://ids.clld.org/values/5-880-198-1>		"sūris"@prg	
"i"@dcr	<http://ids.clld.org/values/14-510-217-1>		<http://ids.clld.org/parameters/14-510>		<http://ids.clld.org/values/14-510-198-1>		"stúndiks"@prg	
"san"@dcr	<http://ids.clld.org/values/1-215-217-1>		<http://ids.clld.org/parameters/1-215>		<http://ids.clld.org/values/1-215-198-1>		"zigzdā"@prg	
"kop"@dcr	<http://ids.clld.org/values/4-200-217-1>		<http://ids.clld.org/parameters/4-200>		<http://ids.clld.org/values/4-200-198-1>		"galvā"@prg	
"hani-bes"@dcr	<http://ids.clld.org/values/3-200-217-1>		<http://ids.clld.org/parameters/3-200>		<http://ids.clld.org/values/3-200-198-1>		"peku"@prg	
"op"@dcr	<http://ids.clld.org/values/12-80-217-3>		<http://ids.clld.org/parameters/12-80>		<http://ids.clld.org/values/12-80-198-3>		"kérša[n]"@prg	
"op"@dcr	<http://ids.clld.org/values/12-80-217-3>		<http://ids.clld.org/parameters/12-80>		<http://ids.clld.org/values/12-80-198-1>		"kirša[n]"@prg	
"stul"@dcr	<http://ids.clld.org/values/7-430-217-1>		<http://ids.clld.org/parameters/7-430>		<http://ids.clld.org/values/7-430-198-1>		"klumpis"@prg	
"glas"@dcr	<http://ids.clld.org/values/9-740-217-1>		<http://ids.clld.org/parameters/9-740>		<http://ids.clld.org/values/9-740-198-1>		"stiklā"@prg	
"do(r)"@dcr	<http://ids.clld.org/values/7-220-217-1>		<http://ids.clld.org/parameters/7-220>		<http://ids.clld.org/values/7-220-198-1>		"vartā"@prg	
"hor(ə)n"@dcr	<http://ids.clld.org/values/18-730-217-1>		<http://ids.clld.org/parameters/18-730>		<http://ids.clld.org/values/18-730-198-1>		"ragis"@prg	
"(man-?)skap"@dcr	<http://ids.clld.org/values/3-260-217-1>		<http://ids.clld.org/parameters/3-260>		<http://ids.clld.org/values/3-260-198-1>		"avins"@prg	
"stal"@dcr	<http://ids.clld.org/values/3-190-217-1>		<http://ids.clld.org/parameters/3-190>		<http://ids.clld.org/values/3-190-198-1>		"[staldis]"@prg	
"niu"@dcr	<http://ids.clld.org/values/14-130-217-1>		<http://ids.clld.org/parameters/14-130>		<http://ids.clld.org/values/14-130-198-1>		"nauns"@prg	
"kambu"@dcr	<http://ids.clld.org/values/7-210-217-1>		<http://ids.clld.org/parameters/7-210>		<http://ids.clld.org/values/7-210-198-1>		"kamerkā"@prg	
"bes"@dcr	<http://ids.clld.org/values/3-110-217-1>		<http://ids.clld.org/parameters/3-110>		<http://ids.clld.org/values/3-110-198-3>		"alnē"@prg	
"bes"@dcr	<http://ids.clld.org/values/3-110-217-1>		<http://ids.clld.org/parameters/3-110>		<http://ids.clld.org/values/3-110-198-1>		"zvērins"@prg	
"word ~ wort"@dcr	<http://ids.clld.org/values/18-260-217-1>		<http://ids.clld.org/parameters/18-260>		<http://ids.clld.org/values/18-260-198-1>		"vírd[a]s"@prg	
"(fiŋgu-)nagəl"@dcr	<http://ids.clld.org/values/4-344-217-1>		<http://ids.clld.org/parameters/4-344>		<http://ids.clld.org/values/4-344-198-1>		"nagutis"@prg	
"ha"@dcr	<http://ids.clld.org/values/6-280-217-1>		<http://ids.clld.org/parameters/6-280>		<http://ids.clld.org/values/6-280-198-1>		"skārdā"@prg	
"dop-kin (?)"@dcr	<http://ids.clld.org/values/2-730-217-1>		<http://ids.clld.org/parameters/2-730>		<http://ids.clld.org/values/2-730-198-1>		"pasūns"@prg	
"las"@dcr	<http://ids.clld.org/values/9-160-217-3>		<http://ids.clld.org/parameters/9-160>		<http://ids.clld.org/values/9-160-198-1>		"perréist"@prg	
"blau"@dcr	<http://ids.clld.org/values/15-670-217-1>		<http://ids.clld.org/parameters/15-670>		<http://ids.clld.org/values/15-670-198-1>		"galimban"@prg	
"driŋ ~ driŋg ~ driŋk"@dcr	<http://ids.clld.org/values/5-130-217-1>		<http://ids.clld.org/parameters/5-130>		<http://ids.clld.org/values/5-130-198-1>		"pūtvei"@prg	
"ben"@dcr	<http://ids.clld.org/values/4-160-217-1>		<http://ids.clld.org/parameters/4-160>		<http://ids.clld.org/values/4-160-198-1>		"kaulan"@prg	
"fru"@dcr	<http://ids.clld.org/values/14-160-217-1>		<http://ids.clld.org/parameters/14-160>		<http://ids.clld.org/values/14-160-198-1>		"ankstainai"@prg	
"karpus"@dcr	<http://ids.clld.org/values/6-550-217-3>		<http://ids.clld.org/parameters/6-550>		<http://ids.clld.org/values/6-550-198-1>		"kelmis"@prg	
"nɛk"@dcr	<http://ids.clld.org/values/4-280-217-1>		<http://ids.clld.org/parameters/4-280>		<http://ids.clld.org/values/4-280-198-1>		"vinzus"@prg	
"brot"@dcr	<http://ids.clld.org/values/5-510-217-1>		<http://ids.clld.org/parameters/5-510>		<http://ids.clld.org/values/5-510-198-1>		"geitis"@prg	
"hambu"@dcr	<http://ids.clld.org/values/9-490-217-1>		<http://ids.clld.org/parameters/9-490>		<http://ids.clld.org/values/9-490-198-1>		"kūyis"@prg	
"wif"@dcr	<http://ids.clld.org/values/2-320-217-3>		<http://ids.clld.org/parameters/2-320>		<http://ids.clld.org/values/2-320-198-1>		"salūban"@prg	
"yuŋ-(man) ~ yoŋ"@dcr	<http://ids.clld.org/values/2-251-217-1>		<http://ids.clld.org/parameters/2-251>		<http://ids.clld.org/values/2-251-198-1>		"maldai"@prg	
"wandu"@dcr	<http://ids.clld.org/values/10-450-217-1>		<http://ids.clld.org/parameters/10-450>		<http://ids.clld.org/values/10-450-198-1>		"neikaut"@prg	
"burika ~ buriko"@dcr	<http://ids.clld.org/values/3-470-217-1>		<http://ids.clld.org/parameters/3-470>		<http://ids.clld.org/values/3-470-198-1>		"vel(u)blundis"@prg	
"kaba"@dcr	<http://ids.clld.org/values/12-350-217-1>		<http://ids.clld.org/parameters/12-350>		<http://ids.clld.org/values/12-350-198-1>		"vangan"@prg	
"titi ~ tɛtɛ"@dcr	<http://ids.clld.org/values/4-412-217-1>		<http://ids.clld.org/parameters/4-412>		<http://ids.clld.org/values/4-412-198-1>		"spenis"@prg	
"kop"@dcr	<http://ids.clld.org/values/4-202-217-1>		<http://ids.clld.org/parameters/4-202>		<http://ids.clld.org/values/4-202-198-1>		"kerpetis"@prg	
"nam"@dcr	<http://ids.clld.org/values/18-280-217-1>		<http://ids.clld.org/parameters/18-280>		<http://ids.clld.org/values/18-280-198-1>		"imens"@prg	
"(a-)fo(r) ~ fu ~ na-fo"@dcr	<http://ids.clld.org/values/12-40-217-1>		<http://ids.clld.org/parameters/12-40>		<http://ids.clld.org/values/12-40-198-1>		"pirzdau"@prg	
"gras"@dcr	<http://ids.clld.org/values/8-510-217-1>		<http://ids.clld.org/parameters/8-510>		<http://ids.clld.org/values/8-510-198-1>		"zālis"@prg	
"grun"@dcr	<http://ids.clld.org/values/5-124-217-1>		<http://ids.clld.org/parameters/5-124>		<http://ids.clld.org/values/5-124-198-1>		"zal'an"@prg	
"sorək"@dcr	<http://ids.clld.org/values/11-250-217-1>		<http://ids.clld.org/parameters/11-250>		<http://ids.clld.org/values/11-250-198-1>		"isrankīt"@prg	
"fodɛtma ~ fodi(t)ma ~ foma"@dcr	<http://ids.clld.org/values/17-520-217-3>		<http://ids.clld.org/parameters/17-520>		<http://ids.clld.org/values/17-520-198-1>		"begi"@prg	
"driŋ"@dcr	<http://ids.clld.org/values/5-900-217-1>		<http://ids.clld.org/parameters/5-900>		<http://ids.clld.org/values/5-900-198-1>		"pū[y]is"@prg	
"gut"@dcr	<http://ids.clld.org/values/11-180-217-1>		<http://ids.clld.org/parameters/11-180>		<http://ids.clld.org/values/11-180-198-1>		"daiktas"@prg	
"kin"@dcr	<http://ids.clld.org/values/2-270-217-1>		<http://ids.clld.org/parameters/2-270>		<http://ids.clld.org/values/2-270-198-1>		"malnīk[a]s"@prg	
"satada"@dcr	<http://ids.clld.org/values/14-680-217-1>		<http://ids.clld.org/parameters/14-680>		<http://ids.clld.org/values/14-680-198-1>		"sabatikā"@prg	
"fi-ple"@dcr	<http://ids.clld.org/values/7-310-217-1>		<http://ids.clld.org/parameters/7-310>		<http://ids.clld.org/values/7-310-198-1>		"pelanā"@prg	
"man"@dcr	<http://ids.clld.org/values/2-210-217-3>		<http://ids.clld.org/parameters/2-210>		<http://ids.clld.org/values/2-210-198-1>		"vīrs"@prg	
"ya"@dcr	<http://ids.clld.org/values/17-550-217-1>		<http://ids.clld.org/parameters/17-550>		<http://ids.clld.org/values/17-550-198-1>		"[ya]"@prg	
"bul"@dcr	<http://ids.clld.org/values/3-210-217-1>		<http://ids.clld.org/parameters/3-210>		<http://ids.clld.org/values/3-210-198-1>		"loniks ~ lānīks"@prg	
"flɛis ~ fles"@dcr	<http://ids.clld.org/values/5-610-217-1>		<http://ids.clld.org/parameters/5-610>		<http://ids.clld.org/values/5-610-198-1>		"mensā"@prg	
"mɛlək ~ moluk"@dcr	<http://ids.clld.org/values/5-860-217-1>		<http://ids.clld.org/parameters/5-860>		<http://ids.clld.org/values/5-860-198-1>		"dadan"@prg	
"dɛn"@dcr	<http://ids.clld.org/values/9-690-217-1>		<http://ids.clld.org/parameters/9-690>		<http://ids.clld.org/values/9-690-198-1>		"skarstis"@prg	
"nu"@dcr	<http://ids.clld.org/values/14-180-217-1>		<http://ids.clld.org/parameters/14-180>		<http://ids.clld.org/values/14-180-198-1>		"teinū"@prg	
"ma"@dcr	<http://ids.clld.org/values/9-110-217-3>		<http://ids.clld.org/parameters/9-110>		<http://ids.clld.org/values/9-110-198-1>		"segēt"@prg	
"briŋ"@dcr	<http://ids.clld.org/values/10-620-217-1>		<http://ids.clld.org/parameters/10-620>		<http://ids.clld.org/values/10-620-198-1>		"pīst"@prg	
"kot"@dcr	<http://ids.clld.org/values/6-430-217-1>		<http://ids.clld.org/parameters/6-430>		<http://ids.clld.org/values/6-430-198-1>		"vilnis"@prg	
"sak"@dcr	<http://ids.clld.org/values/10-330-217-1>		<http://ids.clld.org/parameters/10-330>		<http://ids.clld.org/values/10-330-198-1>		"auskéndlai"@prg	
"masbondo"@dcr	<http://ids.clld.org/values/3-823-217-1>		<http://ids.clld.org/parameters/3-823>		<http://ids.clld.org/values/3-823-198-1>		"vapsē"@prg	
"hou"@dcr	<http://ids.clld.org/values/11-240-217-1>		<http://ids.clld.org/parameters/11-240>		<http://ids.clld.org/values/11-240-198-1>		"pakúnst"@prg	
"fiŋgu"@dcr	<http://ids.clld.org/values/4-340-217-1>		<http://ids.clld.org/parameters/4-340>		<http://ids.clld.org/values/4-340-198-1>		"pirstan"@prg	
"kontri"@dcr	<http://ids.clld.org/values/19-510-217-3>		<http://ids.clld.org/parameters/19-510>		<http://ids.clld.org/values/19-510-198-1>		"ginens"@prg	
"ɛrum"@dcr	<http://ids.clld.org/values/4-310-217-3>		<http://ids.clld.org/parameters/4-310>		<http://ids.clld.org/values/4-310-198-1>		"irmā"@prg	
"bətal ~ bital"@dcr	<http://ids.clld.org/values/11-780-217-1>		<http://ids.clld.org/parameters/11-780>		<http://ids.clld.org/values/11-780-198-1>		"álgās"@prg	
"mɛstu ~ mestər"@dcr	<http://ids.clld.org/values/19-410-217-1>		<http://ids.clld.org/parameters/19-410>		<http://ids.clld.org/values/19-410-198-1>		"mistran"@prg	
"(a)wa ~ wat"@dcr	<http://ids.clld.org/values/17-640-217-1>		<http://ids.clld.org/parameters/17-640>		<http://ids.clld.org/values/17-640-198-1>		"ka"@prg	
"stɛre"@dcr	<http://ids.clld.org/values/1-540-217-1>		<http://ids.clld.org/parameters/1-540>		<http://ids.clld.org/values/1-540-198-1>		"lauksnās"@prg	
"dɛŋk ~ diŋ(g)"@dcr	<http://ids.clld.org/values/17-130-217-1>		<http://ids.clld.org/parameters/17-130>		<http://ids.clld.org/values/17-130-198-1>		"pamērīt"@prg	
"fik"@dcr	<http://ids.clld.org/values/20-640-217-1>		<http://ids.clld.org/parameters/20-640>		<http://ids.clld.org/values/20-640-198-1>		"tinklā"@prg	
"mɛnši"@dcr	<http://ids.clld.org/values/2-261-217-1>		<http://ids.clld.org/parameters/2-261>		<http://ids.clld.org/values/2-261-198-1>		"mergā"@prg	
"yɛn ~ yin(i)"@dcr	<http://ids.clld.org/values/2-950-217-1>		<http://ids.clld.org/parameters/2-950>		<http://ids.clld.org/values/2-950-198-1>		"yūs"@prg	
"lan"@dcr	<http://ids.clld.org/values/19-110-217-1>		<http://ids.clld.org/parameters/19-110>		<http://ids.clld.org/values/19-110-198-1>		"zemē"@prg	
"sat"@dcr	<http://ids.clld.org/values/8-311-217-1>		<http://ids.clld.org/parameters/8-311>		<http://ids.clld.org/values/8-311-198-1>		"sēmen"@prg	
"kambus"@dcr	<http://ids.clld.org/values/7-170-217-1>		<http://ids.clld.org/parameters/7-170>		<http://ids.clld.org/values/7-170-198-1>		"kukārē"@prg	
"ne(m) ~ nen"@dcr	<http://ids.clld.org/values/11-130-217-1>		<http://ids.clld.org/parameters/11-130>		<http://ids.clld.org/values/11-130-198-1>		"ímt"@prg	
"wet ~ wɛt"@dcr	<http://ids.clld.org/values/17-170-217-1>		<http://ids.clld.org/parameters/17-170>		<http://ids.clld.org/values/17-170-198-1>		"vaist"@prg	
"maŋke"@dcr	<http://ids.clld.org/values/17-450-217-3>		<http://ids.clld.org/parameters/17-450>		<http://ids.clld.org/values/17-450-198-1>		"nautin"@prg	
"af"@dcr	<http://ids.clld.org/values/12-30-217-1>		<http://ids.clld.org/parameters/12-30>		<http://ids.clld.org/values/12-30-198-1>		"zemai"@prg	
"rapo"@dcr	<http://ids.clld.org/values/12-210-217-1>		<http://ids.clld.org/parameters/12-210>		<http://ids.clld.org/values/12-210-198-1>		"sanrénka"@prg	
"baba ~ boba ~ buba"@dcr	<http://ids.clld.org/values/9-730-217-1>		<http://ids.clld.org/parameters/9-730>		<http://ids.clld.org/values/9-730-198-1>		"laidis"@prg	
"ful"@dcr	<http://ids.clld.org/values/13-210-217-1>		<http://ids.clld.org/parameters/13-210>		<http://ids.clld.org/values/13-210-198-1>		"pilnan"@prg	
"swampi"@dcr	<http://ids.clld.org/values/1-380-217-1>		<http://ids.clld.org/parameters/1-380>		<http://ids.clld.org/values/1-380-198-1>		"pelkī"@prg	
"hou ~ hau"@dcr	<http://ids.clld.org/values/8-250-217-1>		<http://ids.clld.org/parameters/8-250>		<http://ids.clld.org/values/8-250-198-1>		"kerslē"@prg	
"(h)a"@dcr	<http://ids.clld.org/values/11-110-217-1>		<http://ids.clld.org/parameters/11-110>		<http://ids.clld.org/values/11-110-198-1>		"turēt[vei]"@prg	
"mon ~ mun (?)"@dcr	<http://ids.clld.org/values/4-250-217-1>		<http://ids.clld.org/parameters/4-250>		<http://ids.clld.org/values/4-250-198-1>		"varsus"@prg	
"suk"@dcr	<http://ids.clld.org/values/11-310-217-1>		<http://ids.clld.org/parameters/11-310>		<http://ids.clld.org/values/11-310-198-1>		"laukīt"@prg	
"hɛwun ~ hewun ~ himul ~ himun ~ hiwun"@dcr	<http://ids.clld.org/values/1-510-217-1>		<http://ids.clld.org/parameters/1-510>		<http://ids.clld.org/values/1-510-198-1>		"dangus"@prg	
"glik ~ lɛik(i) ~ lik(i) ~ li"@dcr	<http://ids.clld.org/values/12-920-217-1>		<http://ids.clld.org/parameters/12-920>		<http://ids.clld.org/values/12-920-198-1>		"palīgun"@prg	
"bwa"@dcr	<http://ids.clld.org/values/11-170-217-3>		<http://ids.clld.org/parameters/11-170>		<http://ids.clld.org/values/11-170-198-1>		"erlaikāt"@prg	
"fegəl"@dcr	<http://ids.clld.org/values/3-581-217-1>		<http://ids.clld.org/parameters/3-581>		<http://ids.clld.org/values/3-581-198-1>		"pepelis ~ pipelkā"@prg	
"fadə"@dcr	<http://ids.clld.org/values/2-350-217-1>		<http://ids.clld.org/parameters/2-350>		<http://ids.clld.org/values/2-350-198-1>		"tāvas"@prg	
"drɛp"@dcr	<http://ids.clld.org/values/10-230-217-1>		<http://ids.clld.org/parameters/10-230>		<http://ids.clld.org/values/10-230-198-1>		"krūt"@prg	
"duŋku ~ duŋki"@dcr	<http://ids.clld.org/values/14-420-217-1>		<http://ids.clld.org/parameters/14-420>		<http://ids.clld.org/values/14-420-198-1>		"naktin"@prg	
"meri"@dcr	<http://ids.clld.org/values/3-440-217-1>		<http://ids.clld.org/parameters/3-440>		<http://ids.clld.org/values/3-440-198-1>		"rapēnā ~ rapinā"@prg	
"meri"@dcr	<http://ids.clld.org/values/3-440-217-1>		<http://ids.clld.org/parameters/3-440>		<http://ids.clld.org/values/3-440-198-3>		"kaivē"@prg	
"bɛrgi ~ bergə ~ berge"@dcr	<http://ids.clld.org/values/1-220-217-1>		<http://ids.clld.org/parameters/1-220>		<http://ids.clld.org/values/1-220-198-1>		"garbis"@prg	
"kini"@dcr	<http://ids.clld.org/values/10-412-217-1>		<http://ids.clld.org/parameters/10-412>		<http://ids.clld.org/values/10-412-198-1>		"pakvelptan"@prg	
"skrif"@dcr	<http://ids.clld.org/values/18-510-217-1>		<http://ids.clld.org/parameters/18-510>		<http://ids.clld.org/values/18-510-198-1>		"peisātan"@prg	
"hus"@dcr	<http://ids.clld.org/values/7-130-217-1>		<http://ids.clld.org/parameters/7-130>		<http://ids.clld.org/values/7-130-198-1>		"stubā"@prg	
"bil ~ bɛl"@dcr	<http://ids.clld.org/values/4-351-217-1>		<http://ids.clld.org/parameters/4-351>		<http://ids.clld.org/values/4-351-198-1>		"slaunis"@prg	
"futu"@dcr	<http://ids.clld.org/values/4-360-217-3>		<http://ids.clld.org/parameters/4-360>		<http://ids.clld.org/values/4-360-198-1>		"klupstis"@prg	
"siŋ"@dcr	<http://ids.clld.org/values/18-120-217-1>		<http://ids.clld.org/parameters/18-120>		<http://ids.clld.org/values/18-120-198-1>		"grīmuns"@prg	
"du"@dcr	<http://ids.clld.org/values/9-110-217-1>		<http://ids.clld.org/parameters/9-110>		<http://ids.clld.org/values/9-110-198-1>		"segēt"@prg	
"darm ~ dɛrəm"@dcr	<http://ids.clld.org/values/4-461-217-1>		<http://ids.clld.org/parameters/4-461>		<http://ids.clld.org/values/4-461-198-1>		"grābis"@prg	
"mula"@dcr	<http://ids.clld.org/values/5-570-217-1>		<http://ids.clld.org/parameters/5-570>		<http://ids.clld.org/values/5-570-198-1>		"malūnis"@prg	
"yit"@dcr	<http://ids.clld.org/values/5-120-217-1>		<http://ids.clld.org/parameters/5-120>		<http://ids.clld.org/values/5-120-198-1>		"ēdā"@prg	
"manda"@dcr	<http://ids.clld.org/values/14-630-217-1>		<http://ids.clld.org/parameters/14-630>		<http://ids.clld.org/values/14-630-198-1>		"panadēlē"@prg	
"ho(so)"@dcr	<http://ids.clld.org/values/17-610-217-1>		<http://ids.clld.org/parameters/17-610>		<http://ids.clld.org/values/17-610-198-1>		"kai"@prg	
"frai"@dcr	<http://ids.clld.org/values/16-710-217-1>		<http://ids.clld.org/parameters/16-710>		<http://ids.clld.org/values/16-710-198-1>		"labs"@prg	
"fɛn ~ fin"@dcr	<http://ids.clld.org/values/11-320-217-1>		<http://ids.clld.org/parameters/11-320>		<http://ids.clld.org/values/11-320-198-1>		"aupala"@prg	
"glof"@dcr	<http://ids.clld.org/values/17-150-217-1>		<http://ids.clld.org/parameters/17-150>		<http://ids.clld.org/values/17-150-198-1>		"druvēt"@prg	
"kɛr(ə)k"@dcr	<http://ids.clld.org/values/22-130-217-3>		<http://ids.clld.org/parameters/22-130>		<http://ids.clld.org/values/22-130-198-1>		"kírkē"@prg	
"fɛs"@dcr	<http://ids.clld.org/values/3-650-217-1>		<http://ids.clld.org/parameters/3-650>		<http://ids.clld.org/values/3-650-198-1>		"zukis"@prg	
"tin"@dcr	<http://ids.clld.org/values/13-100-217-1>		<http://ids.clld.org/parameters/13-100>		<http://ids.clld.org/values/13-100-198-1>		"desimt[i]s"@prg	
"yit"@dcr	<http://ids.clld.org/values/5-110-217-1>		<http://ids.clld.org/parameters/5-110>		<http://ids.clld.org/values/5-110-198-1>		"īst ~ ēst"@prg	
"wɛl"@dcr	<http://ids.clld.org/values/16-270-217-1>		<http://ids.clld.org/parameters/16-270>		<http://ids.clld.org/values/16-270-198-1>		"mīlēt"@prg	
"noit"@dcr	<http://ids.clld.org/values/14-340-217-1>		<http://ids.clld.org/parameters/14-340>		<http://ids.clld.org/values/14-340-198-1>		"nikveigi"@prg	
"lif"@dcr	<http://ids.clld.org/values/4-120-217-1>		<http://ids.clld.org/parameters/4-120>		<http://ids.clld.org/values/4-120-198-1>		"k'autā"@prg	
"lif"@dcr	<http://ids.clld.org/values/4-120-217-1>		<http://ids.clld.org/parameters/4-120>		<http://ids.clld.org/values/4-120-198-3>		"skārdā"@prg	
"nal"@dcr	<http://ids.clld.org/values/6-360-217-1>		<http://ids.clld.org/parameters/6-360>		<http://ids.clld.org/values/6-360-198-1>		"aigulā"@prg	
"hopo"@dcr	<http://ids.clld.org/values/12-240-217-1>		<http://ids.clld.org/parameters/12-240>		<http://ids.clld.org/values/12-240-198-1>		"atvér'a"@prg	
"mil ~ mel"@dcr	<http://ids.clld.org/values/5-550-217-1>		<http://ids.clld.org/parameters/5-550>		<http://ids.clld.org/values/5-550-198-1>		"meltan"@prg	
"da ~ lasta(n) ~ (li)sta ~ ta"@dcr	<http://ids.clld.org/values/12-160-217-3>		<http://ids.clld.org/parameters/12-160>		<http://ids.clld.org/values/12-160-198-1>		"paláikt"@prg	
"du"@dcr	<http://ids.clld.org/values/12-120-217-1>		<http://ids.clld.org/parameters/12-120>		<http://ids.clld.org/values/12-120-198-1>		"lazinā"@prg	
"adu"@dcr	<http://ids.clld.org/values/1-210-217-1>		<http://ids.clld.org/parameters/1-210>		<http://ids.clld.org/values/1-210-198-1>		"zemē"@prg	
"win ~ wɛn"@dcr	<http://ids.clld.org/values/1-720-217-1>		<http://ids.clld.org/parameters/1-720>		<http://ids.clld.org/values/1-720-198-1>		"vētrā"@prg	
"(na-)undu ~ ondu"@dcr	<http://ids.clld.org/values/12-70-217-3>		<http://ids.clld.org/parameters/12-70>		<http://ids.clld.org/values/12-70-198-1>		"pā"@prg	
"ɛf"@dcr	<http://ids.clld.org/values/17-530-217-3>		<http://ids.clld.org/parameters/17-530>		<http://ids.clld.org/values/17-530-198-1>		"ikai"@prg	
"gro-ta"@dcr	<http://ids.clld.org/values/2-460-217-3>		<http://ids.clld.org/parameters/2-460>		<http://ids.clld.org/values/2-460-198-1>		"tētis"@prg	
"fluk"@dcr	<http://ids.clld.org/values/22-240-217-1>		<http://ids.clld.org/parameters/22-240>		<http://ids.clld.org/values/22-240-198-1>		"perklantīt"@prg	
"futu"@dcr	<http://ids.clld.org/values/4-352-217-1>		<http://ids.clld.org/parameters/4-352>		<http://ids.clld.org/values/4-352-198-1>		"ikrā"@prg	
"wapiši ~ wɛpiši"@dcr	<http://ids.clld.org/values/17-660-217-3>		<http://ids.clld.org/parameters/17-660>		<http://ids.clld.org/values/17-660-198-1>		"kvei"@prg	
"zil"@dcr	<http://ids.clld.org/values/16-110-217-1>		<http://ids.clld.org/parameters/16-110>		<http://ids.clld.org/values/16-110-198-1>		"nāseilis"@prg	
"woltə"@dcr	<http://ids.clld.org/values/8-540-217-1>		<http://ids.clld.org/parameters/8-540>		<http://ids.clld.org/values/8-540-198-1>		"saknis"@prg	
"bɛri"@dcr	<http://ids.clld.org/values/7-420-217-1>		<http://ids.clld.org/parameters/7-420>		<http://ids.clld.org/values/7-420-198-1>		"lastā"@prg	
"ro"@dcr	<http://ids.clld.org/values/15-660-217-1>		<http://ids.clld.org/parameters/15-660>		<http://ids.clld.org/values/15-660-198-1>		"varminan"@prg	
"gel"@dcr	<http://ids.clld.org/values/15-690-217-1>		<http://ids.clld.org/parameters/15-690>		<http://ids.clld.org/values/15-690-198-1>		"geltainan"@prg	
"frida"@dcr	<http://ids.clld.org/values/14-670-217-1>		<http://ids.clld.org/parameters/14-670>		<http://ids.clld.org/values/14-670-198-1>		"pentnīks"@prg	
"gron"@dcr	<http://ids.clld.org/values/1-212-217-1>		<http://ids.clld.org/parameters/1-212>		<http://ids.clld.org/values/1-212-198-1>		"zemē"@prg	
"skou"@dcr	<http://ids.clld.org/values/4-300-217-1>		<http://ids.clld.org/parameters/4-300>		<http://ids.clld.org/values/4-300-198-1>		"petē"@prg	
"se ~ ze"@dcr	<http://ids.clld.org/values/1-320-217-1>		<http://ids.clld.org/parameters/1-320>		<http://ids.clld.org/values/1-320-198-1>		"yūren"@prg	
"twe"@dcr	<http://ids.clld.org/values/13-20-217-1>		<http://ids.clld.org/parameters/13-20>		<http://ids.clld.org/values/13-20-198-1>		"dvai"@prg	
"ne"@dcr	<http://ids.clld.org/values/12-30-217-5>		<http://ids.clld.org/parameters/12-30>		<http://ids.clld.org/values/12-30-198-1>		"zemai"@prg	
"ho"@dcr	<http://ids.clld.org/values/4-220-217-1>		<http://ids.clld.org/parameters/4-220>		<http://ids.clld.org/values/4-220-198-1>		"ausins"@prg	
"se (?)"@dcr	<http://ids.clld.org/values/6-250-217-1>		<http://ids.clld.org/parameters/6-250>		<http://ids.clld.org/values/6-250-198-1>		"silkasdrimbis"@prg	
"petant"@dcr	<http://ids.clld.org/values/10-750-217-3>		<http://ids.clld.org/parameters/10-750>		<http://ids.clld.org/values/10-750-198-1>		"abazus"@prg	
"bes-yet ~ bešət"@dcr	<http://ids.clld.org/values/8-510-217-3>		<http://ids.clld.org/parameters/8-510>		<http://ids.clld.org/values/8-510-198-1>		"zālis"@prg	
"bos"@dcr	<http://ids.clld.org/values/4-400-217-1>		<http://ids.clld.org/parameters/4-400>		<http://ids.clld.org/values/4-400-198-1>		"kraklan"@prg	
"laŋ tit"@dcr	<http://ids.clld.org/values/14-332-217-1>		<http://ids.clld.org/parameters/14-332>		<http://ids.clld.org/values/14-332-198-1>		"ilgai"@prg	
"(kap-)mɛs"@dcr	<http://ids.clld.org/values/9-230-217-1>		<http://ids.clld.org/parameters/9-230>		<http://ids.clld.org/values/9-230-198-1>		"peile"@prg	
"wun ~ won"@dcr	<http://ids.clld.org/values/7-110-217-1>		<http://ids.clld.org/parameters/7-110>		<http://ids.clld.org/values/7-110-198-1>		"givēt"@prg	
"kel"@dcr	<http://ids.clld.org/values/4-290-217-3>		<http://ids.clld.org/parameters/4-290>		<http://ids.clld.org/values/4-290-198-1>		"gurklē"@prg	
"man"@dcr	<http://ids.clld.org/values/2-310-217-1>		<http://ids.clld.org/parameters/2-310>		<http://ids.clld.org/values/2-310-198-1>		"grandan"@prg	
"ma(ma) ~ muma"@dcr	<http://ids.clld.org/values/2-360-217-1>		<http://ids.clld.org/parameters/2-360>		<http://ids.clld.org/values/2-360-198-1>		"mātē"@prg	
"tau"@dcr	<http://ids.clld.org/values/9-190-217-1>		<http://ids.clld.org/parameters/9-190>		<http://ids.clld.org/values/9-190-198-1>		"virbē"@prg	
"ha(r)t"@dcr	<http://ids.clld.org/values/4-440-217-1>		<http://ids.clld.org/parameters/4-440>		<http://ids.clld.org/values/4-440-198-1>		"sēr"@prg	
"kop"@dcr	<http://ids.clld.org/values/4-205-217-1>		<http://ids.clld.org/parameters/4-205>		<http://ids.clld.org/values/4-205-198-1>		"kaktā"@prg	
"hondu ~ hundu"@dcr	<http://ids.clld.org/values/3-540-217-1>		<http://ids.clld.org/parameters/3-540>		<http://ids.clld.org/values/3-540-198-1>		"gertā"@prg	
"fi"@dcr	<http://ids.clld.org/values/1-810-217-1>		<http://ids.clld.org/parameters/1-810>		<http://ids.clld.org/values/1-810-198-1>		"panā"@prg	
"kak"@dcr	<http://ids.clld.org/values/4-209-217-1>		<http://ids.clld.org/parameters/4-209>		<http://ids.clld.org/values/4-209-198-1>		"skalus"@prg	
"futu"@dcr	<http://ids.clld.org/values/4-371-217-1>		<http://ids.clld.org/parameters/4-371>		<http://ids.clld.org/values/4-371-198-1>		"kulnis"@prg	
"skap"@dcr	<http://ids.clld.org/values/3-250-217-1>		<http://ids.clld.org/parameters/3-250>		<http://ids.clld.org/values/3-250-198-1>		"kamst'an"@prg	
"frou-"@dcr	<http://ids.clld.org/values/2-240-217-1>		<http://ids.clld.org/parameters/2-240>		<http://ids.clld.org/values/2-240-198-1>		"genā"@prg	
"lif"@dcr	<http://ids.clld.org/values/4-110-217-1>		<http://ids.clld.org/parameters/4-110>		<http://ids.clld.org/values/4-110-198-1>		"kérmens"@prg	
"tan"@dcr	<http://ids.clld.org/values/4-270-217-1>		<http://ids.clld.org/parameters/4-270>		<http://ids.clld.org/values/4-270-198-1>		"dantis"@prg	
"sɛt ~ sit"@dcr	<http://ids.clld.org/values/12-130-217-1>		<http://ids.clld.org/parameters/12-130>		<http://ids.clld.org/values/12-130-198-1>		"sindan[t]s"@prg	
"got"@dcr	<http://ids.clld.org/values/22-120-217-1>		<http://ids.clld.org/parameters/22-120>		<http://ids.clld.org/values/22-120-198-1>		"deivas"@prg	
"haləf"@dcr	<http://ids.clld.org/values/13-240-217-1>		<http://ids.clld.org/parameters/13-240>		<http://ids.clld.org/values/13-240-198-1>		"pausan"@prg	
"haŋ"@dcr	<http://ids.clld.org/values/9-341-217-1>		<http://ids.clld.org/parameters/9-341>		<http://ids.clld.org/values/9-341-198-1>		"kabē[v]uns"@prg	
"(a)mole"@dcr	<http://ids.clld.org/values/12-70-217-1>		<http://ids.clld.org/parameters/12-70>		<http://ids.clld.org/values/12-70-198-1>		"pā"@prg	
"fel"@dcr	<http://ids.clld.org/values/13-150-217-1>		<http://ids.clld.org/parameters/13-150>		<http://ids.clld.org/values/13-150-198-1>		"tūlan"@prg	
"du (?)"@dcr	<http://ids.clld.org/values/19-460-217-1>		<http://ids.clld.org/parameters/19-460>		<http://ids.clld.org/values/19-460-198-1>		"klausītun"@prg	
"fɛl"@dcr	<http://ids.clld.org/values/6-290-217-1>		<http://ids.clld.org/parameters/6-290>		<http://ids.clld.org/values/6-290-198-1>		"nōgnan"@prg	
"lif ~ lɛf"@dcr	<http://ids.clld.org/values/4-740-217-1>		<http://ids.clld.org/parameters/4-740>		<http://ids.clld.org/values/4-740-198-1>		"gīvas"@prg	
"kikintši"@dcr	<http://ids.clld.org/values/3-550-217-1>		<http://ids.clld.org/parameters/3-550>		<http://ids.clld.org/values/3-550-198-1>		"gertist'an"@prg	
"le"@dcr	<http://ids.clld.org/values/17-250-217-1>		<http://ids.clld.org/parameters/17-250>		<http://ids.clld.org/values/17-250-198-1>		"mākint"@prg	
"kri(g)"@dcr	<http://ids.clld.org/values/11-160-217-1>		<http://ids.clld.org/parameters/11-160>		<http://ids.clld.org/values/11-160-198-1>		"pagaút"@prg	
"rɛk(t) ~ rɛt(u)"@dcr	<http://ids.clld.org/values/16-730-217-1>		<http://ids.clld.org/parameters/16-730>		<http://ids.clld.org/values/16-730-198-1>		"tikrāmiskan"@prg	
"mɛs"@dcr	<http://ids.clld.org/values/5-380-217-1>		<http://ids.clld.org/parameters/5-380>		<http://ids.clld.org/values/5-380-198-1>		"peile"@prg	
"taful ~ taul ~ tawul ~ tavul"@dcr	<http://ids.clld.org/values/7-440-217-1>		<http://ids.clld.org/parameters/7-440>		<http://ids.clld.org/values/7-440-198-1>		"stalis"@prg	
"(s)tan"@dcr	<http://ids.clld.org/values/12-150-217-1>		<http://ids.clld.org/parameters/12-150>		<http://ids.clld.org/values/12-150-198-1>		"stalēt"@prg	
"fostan ~ fosto"@dcr	<http://ids.clld.org/values/17-160-217-1>		<http://ids.clld.org/parameters/17-160>		<http://ids.clld.org/values/17-160-198-1>		"isprastun"@prg	
"dif"@dcr	<http://ids.clld.org/values/21-510-217-1>		<http://ids.clld.org/parameters/21-510>		<http://ids.clld.org/values/21-510-198-1>		"ránktvei"@prg	
"pit ~ pɛt"@dcr	<http://ids.clld.org/values/1-370-217-1>		<http://ids.clld.org/parameters/1-370>		<http://ids.clld.org/values/1-370-198-1>		"apus"@prg	
"kaba"@dcr	<http://ids.clld.org/values/14-260-217-1>		<http://ids.clld.org/parameters/14-260>		<http://ids.clld.org/values/14-260-198-1>		"vangan"@prg	
"skun-mɛka"@dcr	<http://ids.clld.org/values/6-540-217-1>		<http://ids.clld.org/parameters/6-540>		<http://ids.clld.org/values/6-540-198-1>		"s̆uvikis"@prg	
"al-tit"@dcr	<http://ids.clld.org/values/14-310-217-1>		<http://ids.clld.org/parameters/14-310>		<http://ids.clld.org/values/14-310-198-1>		"ainat"@prg	
"asɛ"@dcr	<http://ids.clld.org/values/14-210-217-1>		<http://ids.clld.org/parameters/14-210>		<http://ids.clld.org/values/14-210-198-1>		"entikrikai"@prg	
"bik"@dcr	<http://ids.clld.org/values/4-460-217-1>		<http://ids.clld.org/parameters/4-460>		<http://ids.clld.org/values/4-460-198-1>		"vēders"@prg	
"plaŋ"@dcr	<http://ids.clld.org/values/7-570-217-1>		<http://ids.clld.org/parameters/7-570>		<http://ids.clld.org/values/7-570-198-1>		"lubā"@prg	
"hogo"@dcr	<http://ids.clld.org/values/4-210-217-1>		<http://ids.clld.org/parameters/4-210>		<http://ids.clld.org/values/4-210-198-1>		"akis"@prg	
"ɛn"@dcr	<http://ids.clld.org/values/17-510-217-3>		<http://ids.clld.org/parameters/17-510>		<http://ids.clld.org/values/17-510-198-1>		"ir"@prg	
"ɛn"@dcr	<http://ids.clld.org/values/17-510-217-3>		<http://ids.clld.org/parameters/17-510>		<http://ids.clld.org/values/17-510-198-3>		"be"@prg	
"blof"@dcr	<http://ids.clld.org/values/18-360-217-1>		<http://ids.clld.org/parameters/18-360>		<http://ids.clld.org/values/18-360-198-3>		"taukinuns"@prg	
"blof"@dcr	<http://ids.clld.org/values/18-360-217-1>		<http://ids.clld.org/parameters/18-360>		<http://ids.clld.org/values/18-360-198-1>		"preigerdauja"@prg	
"stibo ~ stibu"@dcr	<http://ids.clld.org/values/11-430-217-1>		<http://ids.clld.org/parameters/11-430>		<http://ids.clld.org/values/11-430-198-1>		"peningans"@prg	
"aksl"@dcr	<http://ids.clld.org/values/3-460-217-1>		<http://ids.clld.org/parameters/3-460>		<http://ids.clld.org/values/3-460-198-1>		"[asilis]"@prg	
"lɛ"@dcr	<http://ids.clld.org/values/1-610-217-1>		<http://ids.clld.org/parameters/1-610>		<http://ids.clld.org/values/1-610-198-3>		"sváikstan"@prg	
"lɛ"@dcr	<http://ids.clld.org/values/1-610-217-1>		<http://ids.clld.org/parameters/1-610>		<http://ids.clld.org/values/1-610-198-1>		"zváikstan"@prg	
"antu(u) ~ antwordt"@dcr	<http://ids.clld.org/values/18-320-217-1>		<http://ids.clld.org/parameters/18-320>		<http://ids.clld.org/values/18-320-198-1>		"attrātvei"@prg	
"houtu"@dcr	<http://ids.clld.org/values/1-880-217-1>		<http://ids.clld.org/parameters/1-880>		<http://ids.clld.org/values/1-880-198-1>		"malkā"@prg	
"hɛmɛtɛ"@dcr	<http://ids.clld.org/values/6-440-217-1>		<http://ids.clld.org/parameters/6-440>		<http://ids.clld.org/values/6-440-198-1>		"nurtvē"@prg	
"pot"@dcr	<http://ids.clld.org/values/5-260-217-1>		<http://ids.clld.org/parameters/5-260>		<http://ids.clld.org/values/5-260-198-1>		"zvikstis"@prg	
"abo(bo) ~ aobu ~ bo(bo) ~ bono ~ bu ~ (na-)bo(no) ~ obu"@dcr	<http://ids.clld.org/values/12-80-217-1>		<http://ids.clld.org/parameters/12-80>		<http://ids.clld.org/values/12-80-198-3>		"kérša[n]"@prg	
"abo(bo) ~ aobu ~ bo(bo) ~ bono ~ bu ~ (na-)bo(no) ~ obu"@dcr	<http://ids.clld.org/values/12-80-217-1>		<http://ids.clld.org/parameters/12-80>		<http://ids.clld.org/values/12-80-198-1>		"kirša[n]"@prg	
"trou"@dcr	<http://ids.clld.org/values/2-340-217-1>		<http://ids.clld.org/parameters/2-340>		<http://ids.clld.org/values/2-340-198-1>		"salūbsna"@prg	
"son"@dcr	<http://ids.clld.org/values/1-520-217-1>		<http://ids.clld.org/parameters/1-520>		<http://ids.clld.org/values/1-520-198-1>		"saulē"@prg	
"maŋke"@dcr	<http://ids.clld.org/values/16-620-217-1>		<http://ids.clld.org/parameters/16-620>		<http://ids.clld.org/values/16-620-198-1>		"pakaitēsnan"@prg	
"sabəl"@dcr	<http://ids.clld.org/values/20-270-217-1>		<http://ids.clld.org/parameters/20-270>		<http://ids.clld.org/values/20-270-198-1>		"kalabīyan"@prg	
"gans"@dcr	<http://ids.clld.org/values/3-560-217-1>		<http://ids.clld.org/parameters/3-560>		<http://ids.clld.org/values/3-560-198-1>		"zansī"@prg	
"kausn"@dcr	<http://ids.clld.org/values/6-490-217-1>		<http://ids.clld.org/parameters/6-490>		<http://ids.clld.org/values/6-490-198-1>		"pēd'ai"@prg	
"slot (?)"@dcr	<http://ids.clld.org/values/7-230-217-1>		<http://ids.clld.org/parameters/7-230>		<http://ids.clld.org/values/7-230-198-1>		"zāmukis"@prg	
"tɛna"@dcr	<http://ids.clld.org/values/19-430-217-1>		<http://ids.clld.org/parameters/19-430>		<http://ids.clld.org/values/19-430-198-1>		"slūznikā"@prg	
"kaut(u)"@dcr	<http://ids.clld.org/values/15-860-217-1>		<http://ids.clld.org/parameters/15-860>		<http://ids.clld.org/values/15-860-198-1>		"salta"@prg	
"duku"@dcr	<http://ids.clld.org/values/6-120-217-1>		<http://ids.clld.org/parameters/6-120>		<http://ids.clld.org/values/6-120-198-1>		"rūkai"@prg	
"han"@dcr	<http://ids.clld.org/values/4-320-217-1>		<http://ids.clld.org/parameters/4-320>		<http://ids.clld.org/values/4-320-198-1>		"alkūnis"@prg	
"hus"@dcr	<http://ids.clld.org/values/7-120-217-1>		<http://ids.clld.org/parameters/7-120>		<http://ids.clld.org/values/7-120-198-1>		"butas"@prg	
"kabai"@dcr	<http://ids.clld.org/values/3-410-217-1>		<http://ids.clld.org/parameters/3-410>		<http://ids.clld.org/values/3-410-198-3>		"paustākaikan"@prg	
"kabai"@dcr	<http://ids.clld.org/values/3-410-217-1>		<http://ids.clld.org/parameters/3-410>		<http://ids.clld.org/values/3-410-198-1>		"aidenīkis"@prg	
"fi-ple"@dcr	<http://ids.clld.org/values/7-320-217-1>		<http://ids.clld.org/parameters/7-320>		<http://ids.clld.org/values/7-320-198-1>		"stabnī"@prg	
"futu"@dcr	<http://ids.clld.org/values/4-372-217-1>		<http://ids.clld.org/parameters/4-372>		<http://ids.clld.org/values/4-372-198-1>		"pentis"@prg	
"kol-pat"@dcr	<http://ids.clld.org/values/7-320-217-3>		<http://ids.clld.org/parameters/7-320>		<http://ids.clld.org/values/7-320-198-1>		"stabnī"@prg	
"nodi"@dcr	<http://ids.clld.org/values/17-450-217-1>		<http://ids.clld.org/parameters/17-450>		<http://ids.clld.org/values/17-450-198-1>		"nautin"@prg	
"mi"@dcr	<http://ids.clld.org/values/2-910-217-1>		<http://ids.clld.org/parameters/2-910>		<http://ids.clld.org/values/2-910-198-1>		"as"@prg	
"ǰak"@dcr	<http://ids.clld.org/values/20-610-217-1>		<http://ids.clld.org/parameters/20-610>		<http://ids.clld.org/values/20-610-198-1>		"mediyas"@prg	
"hil"@dcr	<http://ids.clld.org/values/4-372-217-3>		<http://ids.clld.org/parameters/4-372>		<http://ids.clld.org/values/4-372-198-1>		"pentis"@prg	
"yuŋ-kin"@dcr	<http://ids.clld.org/values/2-250-217-1>		<http://ids.clld.org/parameters/2-250>		<http://ids.clld.org/values/2-250-198-1>		"malnīk[a]s"@prg	
"lɛik(i) ~ li(k) ~ liki"@dcr	<http://ids.clld.org/values/17-530-217-5>		<http://ids.clld.org/parameters/17-530>		<http://ids.clld.org/values/17-530-198-1>		"ikai"@prg	
"kabe ~ karaber"@dcr	<http://ids.clld.org/values/19-510-217-7>		<http://ids.clld.org/parameters/19-510>		<http://ids.clld.org/values/19-510-198-1>		"ginens"@prg	
"stɛm"@dcr	<http://ids.clld.org/values/18-110-217-1>		<http://ids.clld.org/parameters/18-110>		<http://ids.clld.org/values/18-110-198-1>		"tārin"@prg	
"dridə"@dcr	<http://ids.clld.org/values/13-420-217-1>		<http://ids.clld.org/parameters/13-420>		<http://ids.clld.org/values/13-420-198-1>		"tírt[a]s"@prg	
"obən ~ obn ~ ovn ~ ovən"@dcr	<http://ids.clld.org/values/5-250-217-1>		<http://ids.clld.org/parameters/5-250>		<http://ids.clld.org/values/5-250-198-1>		"[v]umnis"@prg	
"dop-ta (?)"@dcr	<http://ids.clld.org/values/2-710-217-1>		<http://ids.clld.org/parameters/2-710>		<http://ids.clld.org/values/2-710-198-1>		"patāvelis"@prg	
"slau(v)n"@dcr	<http://ids.clld.org/values/19-420-217-1>		<http://ids.clld.org/parameters/19-420>		<http://ids.clld.org/values/19-420-198-1>		"vaiks"@prg	
"a ~ a(l)s ~ az"@dcr	<http://ids.clld.org/values/17-530-217-1>		<http://ids.clld.org/parameters/17-530>		<http://ids.clld.org/values/17-530-198-1>		"ikai"@prg	
"waku"@dcr	<http://ids.clld.org/values/4-630-217-1>		<http://ids.clld.org/parameters/4-630>		<http://ids.clld.org/values/4-630-198-1>		"*atbaudint"@prg	
"grani"@dcr	<http://ids.clld.org/values/2-470-217-1>		<http://ids.clld.org/parameters/2-470>		<http://ids.clld.org/values/2-470-198-1>		"anē"@prg	
"rambl"@dcr	<http://ids.clld.org/values/10-450-217-3>		<http://ids.clld.org/parameters/10-450>		<http://ids.clld.org/values/10-450-198-1>		"neikaut"@prg	
"sunda"@dcr	<http://ids.clld.org/values/14-620-217-1>		<http://ids.clld.org/parameters/14-620>		<http://ids.clld.org/values/14-620-198-1>		"nadēlē"@prg	
"al(ga)"@dcr	<http://ids.clld.org/values/13-140-217-3>		<http://ids.clld.org/parameters/13-140>		<http://ids.clld.org/values/13-140-198-1>		"erains"@prg	
"se"@dcr	<http://ids.clld.org/values/18-220-217-1>		<http://ids.clld.org/parameters/18-220>		<http://ids.clld.org/values/18-220-198-1>		"bilēt[vei]"@prg	
"difi"@dcr	<http://ids.clld.org/values/3-594-217-1>		<http://ids.clld.org/parameters/3-594>		<http://ids.clld.org/values/3-594-198-1>		"pālis"@prg	
"mɛnši"@dcr	<http://ids.clld.org/values/2-420-217-1>		<http://ids.clld.org/parameters/2-420>		<http://ids.clld.org/values/2-420-198-1>		"duktē"@prg	
"di"@dcr	<http://ids.clld.org/values/2-930-217-3>		<http://ids.clld.org/parameters/2-930>		<http://ids.clld.org/values/2-930-198-3>		"tanā"@prg	
"di"@dcr	<http://ids.clld.org/values/2-930-217-3>		<http://ids.clld.org/parameters/2-930>		<http://ids.clld.org/values/2-930-198-1>		"tan[a]s"@prg	
"dondada"@dcr	<http://ids.clld.org/values/14-660-217-1>		<http://ids.clld.org/parameters/14-660>		<http://ids.clld.org/values/14-660-198-1>		"ketvirtiks"@prg	
"horən"@dcr	<http://ids.clld.org/values/4-170-217-1>		<http://ids.clld.org/parameters/4-170>		<http://ids.clld.org/values/4-170-198-1>		"ragis"@prg	
"tondu ~ dondu"@dcr	<http://ids.clld.org/values/1-560-217-1>		<http://ids.clld.org/parameters/1-560>		<http://ids.clld.org/values/1-560-198-1>		"perkūnis"@prg	
"stik"@dcr	<http://ids.clld.org/values/12-120-217-5>		<http://ids.clld.org/parameters/12-120>		<http://ids.clld.org/values/12-120-198-1>		"lazinā"@prg	
"ki"@dcr	<http://ids.clld.org/values/15-510-217-1>		<http://ids.clld.org/parameters/15-510>		<http://ids.clld.org/values/15-510-198-1>		"vidā ~ vidē"@prg	
"sten"@dcr	<http://ids.clld.org/values/1-440-217-1>		<http://ids.clld.org/parameters/1-440>		<http://ids.clld.org/values/1-440-198-1>		"stabis"@prg	
"wawara"@dcr	<http://ids.clld.org/values/8-520-217-1>		<http://ids.clld.org/parameters/8-520>		<http://ids.clld.org/values/8-520-198-1>		"kraiss"@prg	
"mat(a)"@dcr	<http://ids.clld.org/values/19-510-217-1>		<http://ids.clld.org/parameters/19-510>		<http://ids.clld.org/values/19-510-198-1>		"ginens"@prg	
"brambi"@dcr	<http://ids.clld.org/values/3-817-217-1>		<http://ids.clld.org/parameters/3-817>		<http://ids.clld.org/values/3-817-198-1>		"saugis"@prg	
"prat"@dcr	<http://ids.clld.org/values/18-210-217-1>		<http://ids.clld.org/parameters/18-210>		<http://ids.clld.org/values/18-210-198-1>		"gérbt"@prg	
"grun"@dcr	<http://ids.clld.org/values/15-680-217-1>		<http://ids.clld.org/parameters/15-680>		<http://ids.clld.org/values/15-680-198-1>		"zal'an"@prg	
"wolk"@dcr	<http://ids.clld.org/values/1-730-217-1>		<http://ids.clld.org/parameters/1-730>		<http://ids.clld.org/values/1-730-198-1>		"(v)up'an"@prg	
"ha(r)"@dcr	<http://ids.clld.org/values/4-140-217-1>		<http://ids.clld.org/parameters/4-140>		<http://ids.clld.org/values/4-140-198-1>		"skebelis"@prg	
"fɛrgi ~ fɛrki"@dcr	<http://ids.clld.org/values/3-350-217-1>		<http://ids.clld.org/parameters/3-350>		<http://ids.clld.org/values/3-350-198-1>		"parst'an"@prg	
"flu"@dcr	<http://ids.clld.org/values/7-260-217-1>		<http://ids.clld.org/parameters/7-260>		<http://ids.clld.org/values/7-260-198-1>		"talus"@prg	
"laŋ"@dcr	<http://ids.clld.org/values/12-570-217-1>		<http://ids.clld.org/parameters/12-570>		<http://ids.clld.org/values/12-570-198-1>		"ilga"@prg	
"ketəl ~ kitl"@dcr	<http://ids.clld.org/values/5-270-217-1>		<http://ids.clld.org/parameters/5-270>		<http://ids.clld.org/values/5-270-198-1>		"katils"@prg	
"stɛrək"@dcr	<http://ids.clld.org/values/4-810-217-1>		<http://ids.clld.org/parameters/4-810>		<http://ids.clld.org/values/4-810-198-1>		"sparts"@prg	
"konu"@dcr	<http://ids.clld.org/values/12-760-217-1>		<http://ids.clld.org/parameters/12-760>		<http://ids.clld.org/values/12-760-198-1>		"lunkis"@prg	
"bonči"@dcr	<http://ids.clld.org/values/5-660-217-1>		<http://ids.clld.org/parameters/5-660>		<http://ids.clld.org/values/5-660-198-1>		"babā"@prg	
"lelik ~ lɛlik ~ likik"@dcr	<http://ids.clld.org/values/16-720-217-1>		<http://ids.clld.org/parameters/16-720>		<http://ids.clld.org/values/16-720-198-1>		"vargs"@prg	
"wilik ~ wɛrlik"@dcr	<http://ids.clld.org/values/1-550-217-1>		<http://ids.clld.org/parameters/1-550>		<http://ids.clld.org/values/1-550-198-1>		"mēldē"@prg	
"klen ~ klɛn ~ klenši"@dcr	<http://ids.clld.org/values/12-560-217-1>		<http://ids.clld.org/parameters/12-560>		<http://ids.clld.org/values/12-560-198-1>		"likuts"@prg	
"hɛl"@dcr	<http://ids.clld.org/values/22-320-217-1>		<http://ids.clld.org/parameters/22-320>		<http://ids.clld.org/values/22-320-198-1>		"pikuls"@prg	
"riva"@dcr	<http://ids.clld.org/values/1-360-217-1>		<http://ids.clld.org/parameters/1-360>		<http://ids.clld.org/values/1-360-198-1>		"apē"@prg	
"wurum"@dcr	<http://ids.clld.org/values/3-840-217-1>		<http://ids.clld.org/parameters/3-840>		<http://ids.clld.org/values/3-840-198-1>		"kirmis"@prg	
"drai"@dcr	<http://ids.clld.org/values/12-930-217-1>		<http://ids.clld.org/parameters/12-930>		<http://ids.clld.org/values/12-930-198-1>		"kitavidintun sin"@prg	
"dop-ma"@dcr	<http://ids.clld.org/values/2-720-217-1>		<http://ids.clld.org/parameters/2-720>		<http://ids.clld.org/values/2-720-198-1>		"pāmātrē ~ pamātrē"@prg	
"disɛnda"@dcr	<http://ids.clld.org/values/14-640-217-1>		<http://ids.clld.org/parameters/14-640>		<http://ids.clld.org/values/14-640-198-1>		"visasēdis"@prg	
"wa(wa) ~ walget ~ warget ~ wargəit"@dcr	<http://ids.clld.org/values/16-660-217-1>		<http://ids.clld.org/parameters/16-660>		<http://ids.clld.org/values/16-660-198-1>		"arvis"@prg	
"distu(it)"@dcr	<http://ids.clld.org/values/14-460-217-3>		<http://ids.clld.org/parameters/14-460>		<http://ids.clld.org/values/14-460-198-1>		"bītas"@prg	
"patpat ~ pačipači"@dcr	<http://ids.clld.org/values/3-570-217-1>		<http://ids.clld.org/parameters/3-570>		<http://ids.clld.org/values/3-570-198-1>		"antis"@prg	
"ekeren ~ ɛkɛrɛn"@dcr	<http://ids.clld.org/values/13-140-217-1>		<http://ids.clld.org/parameters/13-140>		<http://ids.clld.org/values/13-140-198-1>		"erains"@prg	
"bom"@dcr	<http://ids.clld.org/values/8-600-217-1>		<http://ids.clld.org/parameters/8-600>		<http://ids.clld.org/values/8-600-198-1>		"gar'an"@prg	
"enten ~ intin ~ ɛntɛn"@dcr	<http://ids.clld.org/values/13-0-217-1>		<http://ids.clld.org/parameters/13-0>		<http://ids.clld.org/values/13-0-198-1>		"niainunt[a]s"@prg	
"rigi ~ rɛgɛ"@dcr	<http://ids.clld.org/values/4-190-217-1>		<http://ids.clld.org/parameters/4-190>		<http://ids.clld.org/values/4-190-198-1>		"rītīznan"@prg	
"ta(i) ~ tita"@dcr	<http://ids.clld.org/values/2-350-217-5>		<http://ids.clld.org/parameters/2-350>		<http://ids.clld.org/values/2-350-198-1>		"tāvas"@prg	
"gat"@dcr	<http://ids.clld.org/values/12-850-217-1>		<http://ids.clld.org/parameters/12-850>		<http://ids.clld.org/values/12-850-198-1>		"dulzis"@prg	
"sa ~ sɛ(l) ~ sɛn(d)r ~ si(n) ~ sini ~ sinr ~ sinu ~ zinə"@dcr	<http://ids.clld.org/values/2-960-217-1>		<http://ids.clld.org/parameters/2-960>		<http://ids.clld.org/values/2-960-198-3>		"tanans"@prg	
"sa ~ sɛ(l) ~ sɛn(d)r ~ si(n) ~ sini ~ sinr ~ sinu ~ zinə"@dcr	<http://ids.clld.org/values/2-960-217-1>		<http://ids.clld.org/parameters/2-960>		<http://ids.clld.org/values/2-960-198-1>		"tanai"@prg	
"dič"@dcr	<http://ids.clld.org/values/8-170-217-1>		<http://ids.clld.org/parameters/8-170>		<http://ids.clld.org/values/8-170-198-1>		"ravis"@prg	
"ki"@dcr	<http://ids.clld.org/values/15-520-217-1>		<http://ids.clld.org/parameters/15-520>		<http://ids.clld.org/values/15-520-198-1>		"endīrīt[vei]"@prg	
"hop"@dcr	<http://ids.clld.org/values/16-630-217-1>		<http://ids.clld.org/parameters/16-630>		<http://ids.clld.org/values/16-630-198-3>		"padruvēsnan"@prg	
"hop"@dcr	<http://ids.clld.org/values/16-630-217-1>		<http://ids.clld.org/parameters/16-630>		<http://ids.clld.org/values/16-630-198-1>		"nādruvēsnan"@prg	
"bosl"@dcr	<http://ids.clld.org/values/6-920-217-1>		<http://ids.clld.org/parameters/6-920>		<http://ids.clld.org/values/6-920-198-1>		"kāistvē"@prg	
"ba(r)d"@dcr	<http://ids.clld.org/values/4-142-217-1>		<http://ids.clld.org/parameters/4-142>		<http://ids.clld.org/values/4-142-198-1>		"bārdus"@prg	
"blut"@dcr	<http://ids.clld.org/values/4-150-217-1>		<http://ids.clld.org/parameters/4-150>		<http://ids.clld.org/values/4-150-198-1>		"kraujā"@prg	
"tap-(h)us"@dcr	<http://ids.clld.org/values/19-150-217-1>		<http://ids.clld.org/parameters/19-150>		<http://ids.clld.org/values/19-150-198-1>		"mēstan"@prg	
"dot"@dcr	<http://ids.clld.org/values/4-770-217-1>		<http://ids.clld.org/parameters/4-770>		<http://ids.clld.org/values/4-770-198-1>		"nāvis"@prg	
"graf"@dcr	<http://ids.clld.org/values/4-780-217-1>		<http://ids.clld.org/parameters/4-780>		<http://ids.clld.org/values/4-780-198-1>		"*enkapti"@prg	
"butu ~ botər"@dcr	<http://ids.clld.org/values/5-890-217-1>		<http://ids.clld.org/parameters/5-890>		<http://ids.clld.org/values/5-890-198-1>		"anktan"@prg	
"frou"@dcr	<http://ids.clld.org/values/2-320-217-1>		<http://ids.clld.org/parameters/2-320>		<http://ids.clld.org/values/2-320-198-1>		"salūban"@prg	
"yuŋ"@dcr	<http://ids.clld.org/values/14-140-217-1>		<http://ids.clld.org/parameters/14-140>		<http://ids.clld.org/values/14-140-198-1>		"maldans"@prg	
"sak ne"@dcr	<http://ids.clld.org/values/10-473-217-1>		<http://ids.clld.org/parameters/10-473>		<http://ids.clld.org/values/10-473-198-1>		"zemailēzuns"@prg	
"tum"@dcr	<http://ids.clld.org/values/4-342-217-1>		<http://ids.clld.org/parameters/4-342>		<http://ids.clld.org/values/4-342-198-1>		"instiks"@prg	
"buk"@dcr	<http://ids.clld.org/values/18-610-217-1>		<http://ids.clld.org/parameters/18-610>		<http://ids.clld.org/values/18-610-198-1>		"laiskas"@prg	
"bru ~ buči"@dcr	<http://ids.clld.org/values/2-440-217-1>		<http://ids.clld.org/parameters/2-440>		<http://ids.clld.org/values/2-440-198-1>		"brātē"@prg	
"pin"@dcr	<http://ids.clld.org/values/16-310-217-1>		<http://ids.clld.org/parameters/16-310>		<http://ids.clld.org/values/16-310-198-1>		"gulsenin"@prg	
"kini"@dcr	<http://ids.clld.org/values/4-360-217-1>		<http://ids.clld.org/parameters/4-360>		<http://ids.clld.org/values/4-360-198-1>		"klupstis"@prg	
"kamina"@dcr	<http://ids.clld.org/values/8-120-217-3>		<http://ids.clld.org/parameters/8-120>		<http://ids.clld.org/values/8-120-198-1>		"lauks"@prg	
"mata"@dcr	<http://ids.clld.org/values/4-760-217-1>		<http://ids.clld.org/parameters/4-760>		<http://ids.clld.org/values/4-760-198-1>		"galintvei"@prg	
"kak"@dcr	<http://ids.clld.org/values/4-208-217-1>		<http://ids.clld.org/parameters/4-208>		<http://ids.clld.org/values/4-208-198-1>		"laiknan"@prg	
"frən ~ frin"@dcr	<http://ids.clld.org/values/19-510-217-5>		<http://ids.clld.org/parameters/19-510>		<http://ids.clld.org/values/19-510-198-1>		"ginens"@prg	
"wit"@dcr	<http://ids.clld.org/values/15-640-217-1>		<http://ids.clld.org/parameters/15-640>		<http://ids.clld.org/values/15-640-198-1>		"gailis"@prg	
"mampi ~ mumpi"@dcr	<http://ids.clld.org/values/3-831-217-1>		<http://ids.clld.org/parameters/3-831>		<http://ids.clld.org/values/3-831-198-1>		"kusis"@prg	
"houtu ~ hautu"@dcr	<http://ids.clld.org/values/1-430-217-1>		<http://ids.clld.org/parameters/1-430>		<http://ids.clld.org/values/1-430-198-1>		"malkā"@prg	
"rɛgən ~ regon ~ regun"@dcr	<http://ids.clld.org/values/1-750-217-1>		<http://ids.clld.org/parameters/1-750>		<http://ids.clld.org/values/1-750-198-1>		"aglā"@prg	
"popa ~ pupa"@dcr	<http://ids.clld.org/values/2-350-217-3>		<http://ids.clld.org/parameters/2-350>		<http://ids.clld.org/values/2-350-198-1>		"tāvas"@prg	
"ast(ə)r ~ (n)astu"@dcr	<http://ids.clld.org/values/12-10-217-1>		<http://ids.clld.org/parameters/12-10>		<http://ids.clld.org/values/12-10-198-1>		"pā"@prg	
"slap"@dcr	<http://ids.clld.org/values/4-610-217-1>		<http://ids.clld.org/parameters/4-610>		<http://ids.clld.org/values/4-610-198-1>		"meikti"@prg	
"kui"@dcr	<http://ids.clld.org/values/3-230-217-1>		<http://ids.clld.org/parameters/3-230>		<http://ids.clld.org/values/3-230-198-1>		"klentē"@prg	
"kwat"@dcr	<http://ids.clld.org/values/16-420-217-1>		<http://ids.clld.org/parameters/16-420>		<http://ids.clld.org/values/16-420-198-1>		"nerteis"@prg	
"eyu"@dcr	<http://ids.clld.org/values/5-970-217-1>		<http://ids.clld.org/parameters/5-970>		<http://ids.clld.org/values/5-970-198-1>		"paute"@prg	
"ons"@dcr	<http://ids.clld.org/values/2-940-217-1>		<http://ids.clld.org/parameters/2-940>		<http://ids.clld.org/values/2-940-198-1>		"mes"@prg	
"han"@dcr	<http://ids.clld.org/values/4-310-217-1>		<http://ids.clld.org/parameters/4-310>		<http://ids.clld.org/values/4-310-198-1>		"irmā"@prg	
"hogo-brai"@dcr	<http://ids.clld.org/values/4-212-217-1>		<http://ids.clld.org/parameters/4-212>		<http://ids.clld.org/values/4-212-198-1>		"bruvī"@prg	
"biɛr"@dcr	<http://ids.clld.org/values/5-930-217-1>		<http://ids.clld.org/parameters/5-930>		<http://ids.clld.org/values/5-930-198-1>		"pīvis"@prg	
"hou"@dcr	<http://ids.clld.org/values/14-150-217-1>		<http://ids.clld.org/parameters/14-150>		<http://ids.clld.org/values/14-150-198-1>		"vār[a]s"@prg	
"hut"@dcr	<http://ids.clld.org/values/6-550-217-1>		<http://ids.clld.org/parameters/6-550>		<http://ids.clld.org/values/6-550-198-1>		"kelmis"@prg	
"fal"@dcr	<http://ids.clld.org/values/10-230-217-3>		<http://ids.clld.org/parameters/10-230>		<http://ids.clld.org/values/10-230-198-1>		"krūt"@prg	
"kiniŋ"@dcr	<http://ids.clld.org/values/19-320-217-1>		<http://ids.clld.org/parameters/19-320>		<http://ids.clld.org/values/19-320-198-1>		"kunagis"@prg	
"twedɛ"@dcr	<http://ids.clld.org/values/13-360-217-1>		<http://ids.clld.org/parameters/13-360>		<http://ids.clld.org/values/13-360-198-1>		"antras"@prg	
"won(s)da"@dcr	<http://ids.clld.org/values/14-650-217-1>		<http://ids.clld.org/parameters/14-650>		<http://ids.clld.org/values/14-650-198-1>		"pusisavaitē"@prg	
"wis"@dcr	<http://ids.clld.org/values/15-550-217-1>		<http://ids.clld.org/parameters/15-550>		<http://ids.clld.org/values/15-550-198-1>		"vaidina"@prg	
"(na-)biniši"@dcr	<http://ids.clld.org/values/12-50-217-1>		<http://ids.clld.org/parameters/12-50>		<http://ids.clld.org/values/12-50-198-1>		"en"@prg	
"en"@dcr	<http://ids.clld.org/values/13-10-217-1>		<http://ids.clld.org/parameters/13-10>		<http://ids.clld.org/values/13-10-198-1>		"ains"@prg	
"futu"@dcr	<http://ids.clld.org/values/4-370-217-1>		<http://ids.clld.org/parameters/4-370>		<http://ids.clld.org/values/4-370-198-1>		"nagē"@prg	
"as"@dcr	<http://ids.clld.org/values/17-520-217-1>		<http://ids.clld.org/parameters/17-520>		<http://ids.clld.org/values/17-520-198-1>		"begi"@prg	
"gibo ~ gɛborɛn"@dcr	<http://ids.clld.org/values/4-720-217-1>		<http://ids.clld.org/parameters/4-720>		<http://ids.clld.org/values/4-720-198-1>		"gemtun"@prg	
"skon-ta"@dcr	<http://ids.clld.org/values/2-610-217-3>		<http://ids.clld.org/parameters/2-610>		<http://ids.clld.org/values/2-610-198-1>		"tist'as"@prg	
"riŋ"@dcr	<http://ids.clld.org/values/6-730-217-1>		<http://ids.clld.org/parameters/6-730>		<http://ids.clld.org/values/6-730-198-1>		"prēipīrstans"@prg	
"pošɛs"@dcr	<http://ids.clld.org/values/14-210-217-5>		<http://ids.clld.org/parameters/14-210>		<http://ids.clld.org/values/14-210-198-1>		"entikrikai"@prg	
"han"@dcr	<http://ids.clld.org/values/4-330-217-1>		<http://ids.clld.org/parameters/4-330>		<http://ids.clld.org/values/4-330-198-1>		"rankā"@prg	
"doŋ"@dcr	<http://ids.clld.org/values/12-30-217-3>		<http://ids.clld.org/parameters/12-30>		<http://ids.clld.org/values/12-30-198-1>		"zemai"@prg	
"ka(l)fi"@dcr	<http://ids.clld.org/values/3-240-217-1>		<http://ids.clld.org/parameters/3-240>		<http://ids.clld.org/values/3-240-198-1>		"verst'an"@prg	
"watu"@dcr	<http://ids.clld.org/values/1-310-217-1>		<http://ids.clld.org/parameters/1-310>		<http://ids.clld.org/values/1-310-198-1>		"(v)undas"@prg	
"bak"@dcr	<http://ids.clld.org/values/5-310-217-1>		<http://ids.clld.org/parameters/5-310>		<http://ids.clld.org/values/5-310-198-1>		"minzavē"@prg	
"grot(o)"@dcr	<http://ids.clld.org/values/12-550-217-1>		<http://ids.clld.org/parameters/12-550>		<http://ids.clld.org/values/12-550-198-1>		"debīkan"@prg	
"fol(o)k"@dcr	<http://ids.clld.org/values/10-520-217-1>		<http://ids.clld.org/parameters/10-520>		<http://ids.clld.org/values/10-520-198-1>		"rīpaite"@prg	
"hou"@dcr	<http://ids.clld.org/values/11-170-217-1>		<http://ids.clld.org/parameters/11-170>		<http://ids.clld.org/values/11-170-198-1>		"erlaikāt"@prg	
"hɛlp"@dcr	<http://ids.clld.org/values/19-580-217-1>		<http://ids.clld.org/parameters/19-580>		<http://ids.clld.org/values/19-580-198-1>		"pagalbtan"@prg	
"kizinči(n)"@dcr	<http://ids.clld.org/values/7-421-217-1>		<http://ids.clld.org/parameters/7-421>		<http://ids.clld.org/values/7-421-198-1>		"balzinis"@prg	
"bli"@dcr	<http://ids.clld.org/values/16-230-217-1>		<http://ids.clld.org/parameters/16-230>		<http://ids.clld.org/values/16-230-198-1>		"[vesals]"@prg	
"nabl"@dcr	<http://ids.clld.org/values/4-430-217-1>		<http://ids.clld.org/parameters/4-430>		<http://ids.clld.org/values/4-430-198-1>		"nabis"@prg	
"siki"@dcr	<http://ids.clld.org/values/17-370-217-1>		<http://ids.clld.org/parameters/17-370>		<http://ids.clld.org/values/17-370-198-1>		"tikr[a]s"@prg	
"ribi"@dcr	<http://ids.clld.org/values/4-162-217-1>		<http://ids.clld.org/parameters/4-162>		<http://ids.clld.org/values/4-162-198-1>		"gravē"@prg	
"pat"@dcr	<http://ids.clld.org/values/10-720-217-1>		<http://ids.clld.org/parameters/10-720>		<http://ids.clld.org/values/10-720-198-1>		"pintis"@prg	
"mɛnši"@dcr	<http://ids.clld.org/values/2-260-217-1>		<http://ids.clld.org/parameters/2-260>		<http://ids.clld.org/values/2-260-198-1>		"mergā"@prg	
"bɛlt"@dcr	<http://ids.clld.org/values/6-570-217-1>		<http://ids.clld.org/parameters/6-570>		<http://ids.clld.org/values/6-570-198-1>		"savinzlē"@prg	
"toŋ"@dcr	<http://ids.clld.org/values/4-260-217-1>		<http://ids.clld.org/parameters/4-260>		<http://ids.clld.org/values/4-260-198-1>		"inzuvis"@prg	
"hundu-han"@dcr	<http://ids.clld.org/values/3-520-217-1>		<http://ids.clld.org/parameters/3-520>		<http://ids.clld.org/values/3-520-198-1>		"gertis"@prg	
"ya(r)"@dcr	<http://ids.clld.org/values/14-730-217-1>		<http://ids.clld.org/parameters/14-730>		<http://ids.clld.org/values/14-730-198-1>		"metan"@prg	
"win"@dcr	<http://ids.clld.org/values/5-920-217-1>		<http://ids.clld.org/parameters/5-920>		<http://ids.clld.org/values/5-920-198-1>		"vīnis"@prg	
"skɛk"@dcr	<http://ids.clld.org/values/9-240-217-1>		<http://ids.clld.org/parameters/9-240>		<http://ids.clld.org/values/9-240-198-1>		"skrundus"@prg	
"savan"@dcr	<http://ids.clld.org/values/3-160-217-1>		<http://ids.clld.org/parameters/3-160>		<http://ids.clld.org/values/3-160-198-1>		"spar'us"@prg	
"tumbl"@dcr	<http://ids.clld.org/values/10-230-217-5>		<http://ids.clld.org/parameters/10-230>		<http://ids.clld.org/values/10-230-198-1>		"krūt"@prg	
"gənu(g) ~ gono"@dcr	<http://ids.clld.org/values/13-180-217-1>		<http://ids.clld.org/parameters/13-180>		<http://ids.clld.org/values/13-180-198-1>		"zuit"@prg	
"sti"@dcr	<http://ids.clld.org/values/10-630-217-1>		<http://ids.clld.org/parameters/10-630>		<http://ids.clld.org/values/10-630-198-1>		"pertenginuns"@prg	
"pati"@dcr	<http://ids.clld.org/values/11-910-217-1>		<http://ids.clld.org/parameters/11-910>		<http://ids.clld.org/values/11-910-198-1>		"dalīs"@prg	
"nɛk"@dcr	<http://ids.clld.org/values/4-281-217-1>		<http://ids.clld.org/parameters/4-281>		<http://ids.clld.org/values/4-281-198-1>		"pergalvis"@prg	
"skon-pupa"@dcr	<http://ids.clld.org/values/2-610-217-1>		<http://ids.clld.org/parameters/2-610>		<http://ids.clld.org/values/2-610-198-1>		"tist'as"@prg	
"dak"@dcr	<http://ids.clld.org/values/14-410-217-1>		<http://ids.clld.org/parameters/14-410>		<http://ids.clld.org/values/14-410-198-1>		"deinan"@prg	
"nal (?)"@dcr	<http://ids.clld.org/values/4-345-217-1>		<http://ids.clld.org/parameters/4-345>		<http://ids.clld.org/values/4-345-198-1>		"nagutis"@prg	
"ko"@dcr	<http://ids.clld.org/values/10-480-217-1>		<http://ids.clld.org/parameters/10-480>		<http://ids.clld.org/values/10-480-198-1>		"peréit"@prg	
"gro(t)-pupa"@dcr	<http://ids.clld.org/values/2-460-217-1>		<http://ids.clld.org/parameters/2-460>		<http://ids.clld.org/values/2-460-198-1>		"tētis"@prg	
"hɛŋgəs"@dcr	<http://ids.clld.org/values/3-420-217-1>		<http://ids.clld.org/parameters/3-420>		<http://ids.clld.org/values/3-420-198-1>		"zirgis"@prg	
"abɛ ~ ape ~ (w)api ~ ɛpɛ"@dcr	<http://ids.clld.org/values/17-660-217-1>		<http://ids.clld.org/parameters/17-660>		<http://ids.clld.org/values/17-660-198-1>		"kvei"@prg	
"skou-ben"@dcr	<http://ids.clld.org/values/4-301-217-1>		<http://ids.clld.org/parameters/4-301>		<http://ids.clld.org/values/4-301-198-1>		"petis"@prg	
"a"@dcr	<http://ids.clld.org/values/17-540-217-1>		<http://ids.clld.org/parameters/17-540>		<http://ids.clld.org/values/17-540-198-1>		"[ader]"@prg	
"dip"@dcr	<http://ids.clld.org/values/12-670-217-1>		<http://ids.clld.org/parameters/12-670>		<http://ids.clld.org/values/12-670-198-1>		"gilin"@prg	
"las(t) ~ lastə"@dcr	<http://ids.clld.org/values/13-350-217-1>		<http://ids.clld.org/parameters/13-350>		<http://ids.clld.org/values/13-350-198-1>		"pansdaumanin"@prg	
"paso"@dcr	<http://ids.clld.org/values/11-240-217-3>		<http://ids.clld.org/parameters/11-240>		<http://ids.clld.org/values/11-240-198-1>		"pakúnst"@prg	
"fol(o)k ~ foluk ~ fulok ~ fuluk"@dcr	<http://ids.clld.org/values/19-210-217-1>		<http://ids.clld.org/parameters/19-210>		<http://ids.clld.org/values/19-210-198-1>		"amzin"@prg	
"bus"@dcr	<http://ids.clld.org/values/1-410-217-1>		<http://ids.clld.org/parameters/1-410>		<http://ids.clld.org/values/1-410-198-1>		"med'an"@prg	
"wek ~ wɛk"@dcr	<http://ids.clld.org/values/14-610-217-1>		<http://ids.clld.org/parameters/14-610>		<http://ids.clld.org/values/14-610-198-1>		"saivaitē"@prg	
"lif fa di bom"@dcr	<http://ids.clld.org/values/8-750-217-1>		<http://ids.clld.org/parameters/8-750>		<http://ids.clld.org/values/8-750-198-1>		"sakstis"@prg	
"aks"@dcr	<http://ids.clld.org/values/9-250-217-1>		<http://ids.clld.org/parameters/9-250>		<http://ids.clld.org/values/9-250-198-1>		"bīlē"@prg	
"tɛmpəl ~ təmpl"@dcr	<http://ids.clld.org/values/22-130-217-1>		<http://ids.clld.org/parameters/22-130>		<http://ids.clld.org/values/22-130-198-1>		"kírkē"@prg	
"wil"@dcr	<http://ids.clld.org/values/10-760-217-1>		<http://ids.clld.org/parameters/10-760>		<http://ids.clld.org/values/10-760-198-1>		"kelan"@prg	
"bitu"@dcr	<http://ids.clld.org/values/15-370-217-1>		<http://ids.clld.org/parameters/15-370>		<http://ids.clld.org/values/15-370-198-1>		"kártai"@prg	
"kot"@dcr	<http://ids.clld.org/values/15-860-217-3>		<http://ids.clld.org/parameters/15-860>		<http://ids.clld.org/values/15-860-198-1>		"salta"@prg	
"yu"@dcr	<http://ids.clld.org/values/2-920-217-1>		<http://ids.clld.org/parameters/2-920>		<http://ids.clld.org/values/2-920-198-1>		"tū"@prg	
"awi(di)"@dcr	<http://ids.clld.org/values/17-680-217-1>		<http://ids.clld.org/parameters/17-680>		<http://ids.clld.org/values/17-680-198-1>		"kas"@prg	
"futu"@dcr	<http://ids.clld.org/values/4-350-217-1>		<http://ids.clld.org/parameters/4-350>		<http://ids.clld.org/values/4-350-198-1>		"nagē"@prg	
"garən"@dcr	<http://ids.clld.org/values/6-380-217-1>		<http://ids.clld.org/parameters/6-380>		<http://ids.clld.org/values/6-380-198-1>		"auvilkis"@prg	
"kabrita-bok"@dcr	<http://ids.clld.org/values/3-370-217-1>		<http://ids.clld.org/parameters/3-370>		<http://ids.clld.org/values/3-370-198-1>		"(v)āzuks"@prg	
