"se"@dcr	<http://ids.clld.org/values/18-430-217-1>		<http://ids.clld.org/parameters/18-430>		<http://ids.clld.org/values/18-430-209-1>		"klāw-"@xto	
"izu"@dcr	<http://ids.clld.org/values/9-670-217-1>		<http://ids.clld.org/parameters/9-670>		<http://ids.clld.org/values/9-670-209-1>		"aɲcu"@xto	
"las"@dcr	<http://ids.clld.org/values/12-350-217-3>		<http://ids.clld.org/parameters/12-350>		<http://ids.clld.org/values/12-350-209-1>		"āk"@xto	
"blas"@dcr	<http://ids.clld.org/values/10-380-217-1>		<http://ids.clld.org/parameters/10-380>		<http://ids.clld.org/values/10-380-209-1>		"pis-"@xto	
"ma lat"@dcr	<http://ids.clld.org/values/14-240-217-1>		<http://ids.clld.org/parameters/14-240>		<http://ids.clld.org/values/14-240-209-1>		"tänk-"@xto	
"(frou-?)skap"@dcr	<http://ids.clld.org/values/3-280-217-1>		<http://ids.clld.org/parameters/3-280>		<http://ids.clld.org/values/3-280-209-1>		"āù"@xto	
"bom"@dcr	<http://ids.clld.org/values/1-420-217-1>		<http://ids.clld.org/parameters/1-420>		<http://ids.clld.org/values/1-420-209-1>		"ṣtām"@xto	
"pɛk ~ pik"@dcr	<http://ids.clld.org/values/12-210-217-3>		<http://ids.clld.org/parameters/12-210>		<http://ids.clld.org/values/12-210-209-1>		"krop-"@xto	
"han"@dcr	<http://ids.clld.org/values/4-340-217-3>		<http://ids.clld.org/parameters/4-340>		<http://ids.clld.org/values/4-340-209-1>		"prār"@xto	
"dot ~ dod"@dcr	<http://ids.clld.org/values/4-750-217-1>		<http://ids.clld.org/parameters/4-750>		<http://ids.clld.org/values/4-750-209-3>		"walu"@xto	
"dot ~ dod"@dcr	<http://ids.clld.org/values/4-750-217-1>		<http://ids.clld.org/parameters/4-750>		<http://ids.clld.org/values/4-750-209-1>		"wäl-"@xto	
"stɛk"@dcr	<http://ids.clld.org/values/9-223-217-1>		<http://ids.clld.org/parameters/9-223>		<http://ids.clld.org/values/9-223-209-1>		"tsop-"@xto	
"gorogoro"@dcr	<http://ids.clld.org/values/4-290-217-1>		<http://ids.clld.org/parameters/4-290>		<http://ids.clld.org/values/4-290-209-1>		"ṣunk"@xto	
"slip"@dcr	<http://ids.clld.org/values/5-560-217-3>		<http://ids.clld.org/parameters/5-560>		<http://ids.clld.org/values/5-560-209-1>		"malyw-"@xto	
"ak"@dcr	<http://ids.clld.org/values/13-80-217-1>		<http://ids.clld.org/parameters/13-80>		<http://ids.clld.org/values/13-80-209-1>		"okät"@xto	
"negon"@dcr	<http://ids.clld.org/values/13-90-217-1>		<http://ids.clld.org/parameters/13-90>		<http://ids.clld.org/values/13-90-209-1>		"ɲu"@xto	
"le"@dcr	<http://ids.clld.org/values/17-242-217-1>		<http://ids.clld.org/parameters/17-242>		<http://ids.clld.org/values/17-242-209-1>		"ākl-"@xto	
"blame"@dcr	<http://ids.clld.org/values/16-780-217-1>		<http://ids.clld.org/parameters/16-780>		<http://ids.clld.org/values/16-780-209-1>		"nākäm"@xto	
"wərən"@dcr	<http://ids.clld.org/values/1-100-217-1>		<http://ids.clld.org/parameters/1-100>		<http://ids.clld.org/values/1-100-209-1>		"ārkiśoṣi"@xto	
"fanda"@dcr	<http://ids.clld.org/values/14-470-217-1>		<http://ids.clld.org/parameters/14-470>		<http://ids.clld.org/values/14-470-209-1>		"ārśo"@xto	
"fi"@dcr	<http://ids.clld.org/values/1-820-217-1>		<http://ids.clld.org/parameters/1-820>		<http://ids.clld.org/values/1-820-209-1>		"slam"@xto	
"rol"@dcr	<http://ids.clld.org/values/10-150-217-1>		<http://ids.clld.org/parameters/10-150>		<http://ids.clld.org/values/10-150-209-1>		"spārtw-"@xto	
"baŋ"@dcr	<http://ids.clld.org/values/16-530-217-1>		<http://ids.clld.org/parameters/16-530>		<http://ids.clld.org/values/16-530-209-1>		"praski"@xto	
"səlvu ~ zəlva"@dcr	<http://ids.clld.org/values/9-650-217-1>		<http://ids.clld.org/parameters/9-650>		<http://ids.clld.org/values/9-650-209-1>		"nkiɲc"@xto	
"gau(t)"@dcr	<http://ids.clld.org/values/9-640-217-1>		<http://ids.clld.org/parameters/9-640>		<http://ids.clld.org/values/9-640-209-1>		"wäs"@xto	
"muči ~ muši"@dcr	<http://ids.clld.org/values/13-150-217-3>		<http://ids.clld.org/parameters/13-150>		<http://ids.clld.org/values/13-150-209-1>		"māk"@xto	
"ɛ(r)stə ~ ɛstu"@dcr	<http://ids.clld.org/values/13-340-217-1>		<http://ids.clld.org/parameters/13-340>		<http://ids.clld.org/values/13-340-209-1>		"maltowinu"@xto	
"kla(r)"@dcr	<http://ids.clld.org/values/17-340-217-1>		<http://ids.clld.org/parameters/17-340>		<http://ids.clld.org/values/17-340-209-1>		"āṣtär"@xto	
"kaba"@dcr	<http://ids.clld.org/values/14-270-217-1>		<http://ids.clld.org/parameters/14-270>		<http://ids.clld.org/values/14-270-209-1>		"ār- (?)"@xto	
"fɛv ~ fɛif"@dcr	<http://ids.clld.org/values/13-50-217-1>		<http://ids.clld.org/parameters/13-50>		<http://ids.clld.org/values/13-50-209-1>		"paɲ"@xto	
"ma(k)"@dcr	<http://ids.clld.org/values/17-420-217-1>		<http://ids.clld.org/parameters/17-420>		<http://ids.clld.org/values/17-420-209-1>		"ṣurm"@xto	
"swat"@dcr	<http://ids.clld.org/values/15-650-217-1>		<http://ids.clld.org/parameters/15-650>		<http://ids.clld.org/values/15-650-209-1>		"arkant-"@xto	
"kaloši ~karoši(n)"@dcr	<http://ids.clld.org/values/10-750-217-1>		<http://ids.clld.org/parameters/10-750>		<http://ids.clld.org/values/10-750-209-1>		"kukäl"@xto	
"tit"@dcr	<http://ids.clld.org/values/14-110-217-1>		<http://ids.clld.org/parameters/14-110>		<http://ids.clld.org/values/14-110-209-1>		"praṣt"@xto	
"rak"@dcr	<http://ids.clld.org/values/10-550-217-1>		<http://ids.clld.org/parameters/10-550>		<http://ids.clld.org/values/10-550-209-1>		"yom-"@xto	
"drok ~ drog"@dcr	<http://ids.clld.org/values/15-840-217-1>		<http://ids.clld.org/parameters/15-840>		<http://ids.clld.org/values/15-840-209-1>		"āsar"@xto	
"lik"@dcr	<http://ids.clld.org/values/16-670-217-1>		<http://ids.clld.org/parameters/16-670>		<http://ids.clld.org/values/16-670-209-1>		"smale"@xto	
"klɛn ~ klen ~ klenči"@dcr	<http://ids.clld.org/values/13-170-217-1>		<http://ids.clld.org/parameters/13-170>		<http://ids.clld.org/values/13-170-209-1>		"tsru"@xto	
"ses ~ sɛs"@dcr	<http://ids.clld.org/values/13-60-217-1>		<http://ids.clld.org/parameters/13-60>		<http://ids.clld.org/values/13-60-209-1>		"ṣäk"@xto	
"pla(t)s"@dcr	<http://ids.clld.org/values/12-110-217-1>		<http://ids.clld.org/parameters/12-110>		<http://ids.clld.org/values/12-110-209-1>		"wṣeɲɲe"@xto	
"pla(t)s"@dcr	<http://ids.clld.org/values/12-110-217-1>		<http://ids.clld.org/parameters/12-110>		<http://ids.clld.org/values/12-110-209-3>		"śmoɲɲe"@xto	
"mani"@dcr	<http://ids.clld.org/values/17-490-217-1>		<http://ids.clld.org/parameters/17-490>		<http://ids.clld.org/values/17-490-209-1>		"wkäṃ"@xto	
"baŋg(a)la"@dcr	<http://ids.clld.org/values/20-220-217-1>		<http://ids.clld.org/parameters/20-220>		<http://ids.clld.org/values/20-220-209-1>		"ṣtop"@xto	
"flɛs ~ flɛis"@dcr	<http://ids.clld.org/values/4-130-217-1>		<http://ids.clld.org/parameters/4-130>		<http://ids.clld.org/values/4-130-209-1>		"śwāl"@xto	
"ko(r)t"@dcr	<http://ids.clld.org/values/12-590-217-1>		<http://ids.clld.org/parameters/12-590>		<http://ids.clld.org/values/12-590-209-1>		"tsru"@xto	
"doktu"@dcr	<http://ids.clld.org/values/4-870-217-1>		<http://ids.clld.org/parameters/4-870>		<http://ids.clld.org/values/4-870-209-1>		"sāṃtkenu"@xto	
"lɛi"@dcr	<http://ids.clld.org/values/12-120-217-3>		<http://ids.clld.org/parameters/12-120>		<http://ids.clld.org/values/12-120-209-1>		"tā-"@xto	
"slaŋ"@dcr	<http://ids.clld.org/values/3-850-217-1>		<http://ids.clld.org/parameters/3-850>		<http://ids.clld.org/values/3-850-209-1>		"ārṣal"@xto	
"šiši"@dcr	<http://ids.clld.org/values/2-450-217-1>		<http://ids.clld.org/parameters/2-450>		<http://ids.clld.org/values/2-450-209-1>		"ṣar"@xto	
"som"@dcr	<http://ids.clld.org/values/13-181-217-1>		<http://ids.clld.org/parameters/13-181>		<http://ids.clld.org/values/13-181-209-1>		"some"@xto	
"frau"@dcr	<http://ids.clld.org/values/2-220-217-1>		<http://ids.clld.org/parameters/2-220>		<http://ids.clld.org/values/2-220-209-3>		"kùli"@xto	
"frau"@dcr	<http://ids.clld.org/values/2-220-217-1>		<http://ids.clld.org/parameters/2-220>		<http://ids.clld.org/values/2-220-209-1>		"śäṃ"@xto	
"wak-man"@dcr	<http://ids.clld.org/values/20-471-217-1>		<http://ids.clld.org/parameters/20-471>		<http://ids.clld.org/values/20-471-209-1>		"pās-"@xto	
"ris"@dcr	<http://ids.clld.org/values/10-220-217-1>		<http://ids.clld.org/parameters/10-220>		<http://ids.clld.org/values/10-220-209-1>		"täl-"@xto	
"riŋ"@dcr	<http://ids.clld.org/values/12-820-217-1>		<http://ids.clld.org/parameters/12-820>		<http://ids.clld.org/values/12-820-209-1>		"sark"@xto	
"me"@dcr	<http://ids.clld.org/values/13-160-217-1>		<http://ids.clld.org/parameters/13-160>		<http://ids.clld.org/values/13-160-209-1>		"ṣokyo"@xto	
"me"@dcr	<http://ids.clld.org/values/13-160-217-1>		<http://ids.clld.org/parameters/13-160>		<http://ids.clld.org/values/13-160-209-3>		"lyutār"@xto	
"sla"@dcr	<http://ids.clld.org/values/9-220-217-3>		<http://ids.clld.org/parameters/9-220>		<http://ids.clld.org/values/9-220-209-1>		"karṣt-"@xto	
"sla"@dcr	<http://ids.clld.org/values/9-220-217-3>		<http://ids.clld.org/parameters/9-220>		<http://ids.clld.org/values/9-220-209-3>		"lātk-"@xto	
"sla"@dcr	<http://ids.clld.org/values/9-220-217-3>		<http://ids.clld.org/parameters/9-220>		<http://ids.clld.org/values/9-220-209-5>		"prutk-"@xto	
"a-bidi ~ a-bit(i) ~ (na-)bitiši"@dcr	<http://ids.clld.org/values/12-60-217-1>		<http://ids.clld.org/parameters/12-60>		<http://ids.clld.org/values/12-60-209-1>		"pärne"@xto	
"plan(t)"@dcr	<http://ids.clld.org/values/8-531-217-1>		<http://ids.clld.org/parameters/8-531>		<http://ids.clld.org/values/8-531-209-1>		"sāry-"@xto	
"so"@dcr	<http://ids.clld.org/values/2-410-217-1>		<http://ids.clld.org/parameters/2-410>		<http://ids.clld.org/values/2-410-209-1>		"se"@xto	
"so"@dcr	<http://ids.clld.org/values/2-410-217-1>		<http://ids.clld.org/parameters/2-410>		<http://ids.clld.org/values/2-410-209-3>		"sewās"@xto	
"kla"@dcr	<http://ids.clld.org/values/14-290-217-1>		<http://ids.clld.org/parameters/14-290>		<http://ids.clld.org/values/14-290-209-1>		"ārwar"@xto	
"man"@dcr	<http://ids.clld.org/values/1-530-217-1>		<http://ids.clld.org/parameters/1-530>		<http://ids.clld.org/values/1-530-209-1>		"maɲ"@xto	
"ɛlɛf ~ elef"@dcr	<http://ids.clld.org/values/13-101-217-1>		<http://ids.clld.org/parameters/13-101>		<http://ids.clld.org/values/13-101-209-1>		"śäk-ṣa-pi"@xto	
"rup"@dcr	<http://ids.clld.org/values/18-410-217-1>		<http://ids.clld.org/parameters/18-410>		<http://ids.clld.org/values/18-410-209-1>		"ken-"@xto	
"(h)ašiši"@dcr	<http://ids.clld.org/values/1-840-217-1>		<http://ids.clld.org/parameters/1-840>		<http://ids.clld.org/values/1-840-209-1>		"twe"@xto	
"(h)ašiši"@dcr	<http://ids.clld.org/values/1-840-217-1>		<http://ids.clld.org/parameters/1-840>		<http://ids.clld.org/values/1-840-209-3>		"tor"@xto	
"swa(r)t"@dcr	<http://ids.clld.org/values/15-630-217-1>		<http://ids.clld.org/parameters/15-630>		<http://ids.clld.org/values/15-630-209-1>		"orkäm"@xto	
"kak"@dcr	<http://ids.clld.org/values/4-207-217-1>		<http://ids.clld.org/parameters/4-207>		<http://ids.clld.org/values/4-207-209-1>		"śanweṃ"@xto	
"lak"@dcr	<http://ids.clld.org/values/16-250-217-1>		<http://ids.clld.org/parameters/16-250>		<http://ids.clld.org/values/16-250-209-1>		"kary-"@xto	
"(a)wama"@dcr	<http://ids.clld.org/values/17-690-217-1>		<http://ids.clld.org/parameters/17-690>		<http://ids.clld.org/values/17-690-209-1>		"kùyal"@xto	
"saut(u)"@dcr	<http://ids.clld.org/values/5-810-217-1>		<http://ids.clld.org/parameters/5-810>		<http://ids.clld.org/values/5-810-209-1>		"sāle"@xto	
"nom"@dcr	<http://ids.clld.org/values/2-210-217-1>		<http://ids.clld.org/parameters/2-210>		<http://ids.clld.org/values/2-210-209-1>		"onk"@xto	
"sut"@dcr	<http://ids.clld.org/values/15-350-217-1>		<http://ids.clld.org/parameters/15-350>		<http://ids.clld.org/values/15-350-209-1>		"swār"@xto	
"waita"@dcr	<http://ids.clld.org/values/15-520-217-3>		<http://ids.clld.org/parameters/15-520>		<http://ids.clld.org/values/15-520-209-1>		"läk-"@xto	
"win"@dcr	<http://ids.clld.org/values/4-520-217-1>		<http://ids.clld.org/parameters/4-520>		<http://ids.clld.org/values/4-520-209-1>		"śew-"@xto	
"lo"@dcr	<http://ids.clld.org/values/10-470-217-1>		<http://ids.clld.org/parameters/10-470>		<http://ids.clld.org/values/10-470-209-5>		"kälk-"@xto	
"lo"@dcr	<http://ids.clld.org/values/10-470-217-1>		<http://ids.clld.org/parameters/10-470>		<http://ids.clld.org/values/10-470-209-1>		"i-"@xto	
"lo"@dcr	<http://ids.clld.org/values/10-470-217-1>		<http://ids.clld.org/parameters/10-470>		<http://ids.clld.org/values/10-470-209-3>		"yeṣ"@xto	
"hopo"@dcr	<http://ids.clld.org/values/10-210-217-1>		<http://ids.clld.org/parameters/10-210>		<http://ids.clld.org/values/10-210-209-3>		"pärk-"@xto	
"hopo"@dcr	<http://ids.clld.org/values/10-210-217-1>		<http://ids.clld.org/parameters/10-210>		<http://ids.clld.org/values/10-210-209-1>		"kātk-"@xto	
"gɛsɛ(g) ~ gusə"@dcr	<http://ids.clld.org/values/4-204-217-1>		<http://ids.clld.org/parameters/4-204>		<http://ids.clld.org/values/4-204-209-1>		"ak-mal"@xto	
"kok"@dcr	<http://ids.clld.org/values/5-121-217-1>		<http://ids.clld.org/parameters/5-121>		<http://ids.clld.org/values/5-121-209-1>		"pakku"@xto	
"ges ~ gɛs"@dcr	<http://ids.clld.org/values/22-450-217-1>		<http://ids.clld.org/parameters/22-450>		<http://ids.clld.org/values/22-450-209-3>		"[yakäṣ]"@xto	
"ges ~ gɛs"@dcr	<http://ids.clld.org/values/22-450-217-1>		<http://ids.clld.org/parameters/22-450>		<http://ids.clld.org/values/22-450-209-1>		"[pret]"@xto	
"hop"@dcr	<http://ids.clld.org/values/13-190-217-1>		<http://ids.clld.org/parameters/13-190>		<http://ids.clld.org/values/13-190-209-1>		"krop"@xto	
"friŋ"@dcr	<http://ids.clld.org/values/9-343-217-1>		<http://ids.clld.org/parameters/9-343>		<http://ids.clld.org/values/9-343-209-1>		"malyw-"@xto	
"friŋ"@dcr	<http://ids.clld.org/values/9-343-217-1>		<http://ids.clld.org/parameters/9-343>		<http://ids.clld.org/values/9-343-209-3>		"wnisk-"@xto	
"domne ~ domni"@dcr	<http://ids.clld.org/values/22-180-217-1>		<http://ids.clld.org/parameters/22-180>		<http://ids.clld.org/values/22-180-209-1>		"[ṣāmaṃ]"@xto	
"pati"@dcr	<http://ids.clld.org/values/12-232-217-1>		<http://ids.clld.org/parameters/12-232>		<http://ids.clld.org/values/12-232-209-1>		"putk-"@xto	
"wɛnstu ~ vɛnstu ~ vɛnstər"@dcr	<http://ids.clld.org/values/7-250-217-1>		<http://ids.clld.org/parameters/7-250>		<http://ids.clld.org/values/7-250-209-1>		"[pātsank]"@xto	
"gau"@dcr	<http://ids.clld.org/values/14-210-217-3>		<http://ids.clld.org/parameters/14-210>		<http://ids.clld.org/values/14-210-209-1>		"ymāräk"@xto	
"drai"@dcr	<http://ids.clld.org/values/10-130-217-1>		<http://ids.clld.org/parameters/10-130>		<http://ids.clld.org/values/10-130-209-1>		"spārtw-"@xto	
"man-"@dcr	<http://ids.clld.org/values/2-230-217-1>		<http://ids.clld.org/parameters/2-230>		<http://ids.clld.org/values/2-230-209-1>		"oɲi"@xto	
"fɛ(r) ~ fe"@dcr	<http://ids.clld.org/values/12-440-217-1>		<http://ids.clld.org/parameters/12-440>		<http://ids.clld.org/values/12-440-209-1>		"lok"@xto	
"šikl"@dcr	<http://ids.clld.org/values/10-260-217-1>		<http://ids.clld.org/parameters/10-260>		<http://ids.clld.org/values/10-260-209-1>		"miw-"@xto	
"fri"@dcr	<http://ids.clld.org/values/11-340-217-1>		<http://ids.clld.org/parameters/11-340>		<http://ids.clld.org/values/11-340-209-1>		"tärk-"@xto	
"hungu"@dcr	<http://ids.clld.org/values/5-140-217-1>		<http://ids.clld.org/parameters/5-140>		<http://ids.clld.org/values/5-140-209-1>		"kaṣt"@xto	
"a(n)"@dcr	<http://ids.clld.org/values/17-510-217-1>		<http://ids.clld.org/parameters/17-510>		<http://ids.clld.org/values/17-510-209-3>		"yo"@xto	
"a(n)"@dcr	<http://ids.clld.org/values/17-510-217-1>		<http://ids.clld.org/parameters/17-510>		<http://ids.clld.org/values/17-510-209-1>		"śkaṃ"@xto	
"plɛ(k)"@dcr	<http://ids.clld.org/values/12-110-217-3>		<http://ids.clld.org/parameters/12-110>		<http://ids.clld.org/values/12-110-209-1>		"wṣeɲɲe"@xto	
"plɛ(k)"@dcr	<http://ids.clld.org/values/12-110-217-3>		<http://ids.clld.org/parameters/12-110>		<http://ids.clld.org/values/12-110-209-3>		"śmoɲɲe"@xto	
"se"@dcr	<http://ids.clld.org/values/18-221-217-1>		<http://ids.clld.org/parameters/18-221>		<http://ids.clld.org/values/18-221-209-1>		"tränk-"@xto	
"folək"@dcr	<http://ids.clld.org/values/2-100-217-1>		<http://ids.clld.org/parameters/2-100>		<http://ids.clld.org/values/2-100-209-1>		"napeṃ"@xto	
"nɛf ~ nef"@dcr	<http://ids.clld.org/values/9-230-217-3>		<http://ids.clld.org/parameters/9-230>		<http://ids.clld.org/values/9-230-209-1>		"yepe"@xto	
"mon ~ mun"@dcr	<http://ids.clld.org/values/4-240-217-1>		<http://ids.clld.org/parameters/4-240>		<http://ids.clld.org/values/4-240-209-1>		"ko"@xto	
"frou-"@dcr	<http://ids.clld.org/values/3-130-217-1>		<http://ids.clld.org/parameters/3-130>		<http://ids.clld.org/values/3-130-209-1>		"kùleɲci"@xto	
"ordu"@dcr	<http://ids.clld.org/values/19-450-217-1>		<http://ids.clld.org/parameters/19-450>		<http://ids.clld.org/values/19-450-209-1>		"wätk-"@xto	
"wani ~ wɛn(i) ~ wini"@dcr	<http://ids.clld.org/values/17-650-217-1>		<http://ids.clld.org/parameters/17-650>		<http://ids.clld.org/values/17-650-209-1>		"äntāne"@xto	
"gi"@dcr	<http://ids.clld.org/values/11-210-217-1>		<http://ids.clld.org/parameters/11-210>		<http://ids.clld.org/values/11-210-209-1>		"e-"@xto	
"anstons"@dcr	<http://ids.clld.org/values/14-190-217-1>		<http://ids.clld.org/parameters/14-190>		<http://ids.clld.org/values/14-190-209-3>		"ātukek (?)"@xto	
"anstons"@dcr	<http://ids.clld.org/values/14-190-217-1>		<http://ids.clld.org/parameters/14-190>		<http://ids.clld.org/values/14-190-209-1>		"śkā"@xto	
"tak"@dcr	<http://ids.clld.org/values/8-550-217-1>		<http://ids.clld.org/parameters/8-550>		<http://ids.clld.org/values/8-550-209-1>		"karke"@xto	
"fort"@dcr	<http://ids.clld.org/values/21-390-217-3>		<http://ids.clld.org/parameters/21-390>		<http://ids.clld.org/values/21-390-209-1>		"protäk"@xto	
"sudži ~ sutǰi"@dcr	<http://ids.clld.org/values/15-750-217-1>		<http://ids.clld.org/parameters/15-750>		<http://ids.clld.org/values/15-750-209-1>		"wl(y)ep"@xto	
"bɛn ~ bin(t)"@dcr	<http://ids.clld.org/values/9-160-217-1>		<http://ids.clld.org/parameters/9-160>		<http://ids.clld.org/values/9-160-209-1>		"kärk-"@xto	
"man-"@dcr	<http://ids.clld.org/values/3-120-217-1>		<http://ids.clld.org/parameters/3-120>		<http://ids.clld.org/values/3-120-209-1>		"oɲi"@xto	
"rik"@dcr	<http://ids.clld.org/values/15-220-217-1>		<http://ids.clld.org/parameters/15-220>		<http://ids.clld.org/values/15-220-209-1>		"wär-"@xto	
"kulɛ"@dcr	<http://ids.clld.org/values/15-610-217-1>		<http://ids.clld.org/parameters/15-610>		<http://ids.clld.org/values/15-610-209-1>		"yok"@xto	
"hun"@dcr	<http://ids.clld.org/values/3-610-217-1>		<http://ids.clld.org/parameters/3-610>		<http://ids.clld.org/values/3-610-209-1>		"ku"@xto	
"nas ~ nɛs"@dcr	<http://ids.clld.org/values/4-230-217-1>		<http://ids.clld.org/parameters/4-230>		<http://ids.clld.org/values/4-230-209-1>		"mal"@xto	
"hofi"@dcr	<http://ids.clld.org/values/8-130-217-1>		<http://ids.clld.org/parameters/8-130>		<http://ids.clld.org/values/8-130-209-3>		"warpi"@xto	
"hofi"@dcr	<http://ids.clld.org/values/8-130-217-1>		<http://ids.clld.org/parameters/8-130>		<http://ids.clld.org/values/8-130-209-1>		"warpiśke"@xto	
"ho"@dcr	<http://ids.clld.org/values/15-410-217-1>		<http://ids.clld.org/parameters/15-410>		<http://ids.clld.org/values/15-410-209-1>		"klyos-"@xto	
"stil"@dcr	<http://ids.clld.org/values/15-460-217-1>		<http://ids.clld.org/parameters/15-460>		<http://ids.clld.org/values/15-460-209-1>		"sākät"@xto	
"san"@dcr	<http://ids.clld.org/values/1-215-217-1>		<http://ids.clld.org/parameters/1-215>		<http://ids.clld.org/values/1-215-209-1>		"wāryāɲc"@xto	
"kop"@dcr	<http://ids.clld.org/values/4-200-217-1>		<http://ids.clld.org/parameters/4-200>		<http://ids.clld.org/values/4-200-209-1>		"mrāc"@xto	
"kop"@dcr	<http://ids.clld.org/values/4-200-217-1>		<http://ids.clld.org/parameters/4-200>		<http://ids.clld.org/values/4-200-209-3>		"lap"@xto	
"op"@dcr	<http://ids.clld.org/values/12-80-217-3>		<http://ids.clld.org/parameters/12-80>		<http://ids.clld.org/values/12-80-209-1>		"koc"@xto	
"kan"@dcr	<http://ids.clld.org/values/12-430-217-5>		<http://ids.clld.org/parameters/12-430>		<http://ids.clld.org/values/12-430-209-1>		"kātse"@xto	
"tre"@dcr	<http://ids.clld.org/values/8-220-217-1>		<http://ids.clld.org/parameters/8-220>		<http://ids.clld.org/values/8-220-209-1>		"räp-"@xto	
"tɛsən"@dcr	<http://ids.clld.org/values/12-430-217-1>		<http://ids.clld.org/parameters/12-430>		<http://ids.clld.org/values/12-430-209-1>		"kātse"@xto	
"bla"@dcr	<http://ids.clld.org/values/8-560-217-1>		<http://ids.clld.org/parameters/8-560>		<http://ids.clld.org/values/8-560-209-1>		"pält"@xto	
"do(r)"@dcr	<http://ids.clld.org/values/7-220-217-1>		<http://ids.clld.org/parameters/7-220>		<http://ids.clld.org/values/7-220-209-1>		"yokäm"@xto	
"moruk"@dcr	<http://ids.clld.org/values/14-440-217-1>		<http://ids.clld.org/parameters/14-440>		<http://ids.clld.org/values/14-440-209-1>		"ksär"@xto	
"nen"@dcr	<http://ids.clld.org/values/17-560-217-1>		<http://ids.clld.org/parameters/17-560>		<http://ids.clld.org/values/17-560-209-1>		"mā"@xto	
"niu"@dcr	<http://ids.clld.org/values/14-130-217-1>		<http://ids.clld.org/parameters/14-130>		<http://ids.clld.org/values/14-130-209-1>		"ɲu"@xto	
"ris"@dcr	<http://ids.clld.org/values/8-480-217-1>		<http://ids.clld.org/parameters/8-480>		<http://ids.clld.org/values/8-480-209-1>		"[klu]"@xto	
"no mi rɛt"@dcr	<http://ids.clld.org/values/16-740-217-1>		<http://ids.clld.org/parameters/16-740>		<http://ids.clld.org/values/16-740-209-1>		"[appärmāt]"@xto	
"bes"@dcr	<http://ids.clld.org/values/3-110-217-1>		<http://ids.clld.org/parameters/3-110>		<http://ids.clld.org/values/3-110-209-1>		"lu"@xto	
"word ~ wort"@dcr	<http://ids.clld.org/values/18-260-217-1>		<http://ids.clld.org/parameters/18-260>		<http://ids.clld.org/values/18-260-209-1>		"rake"@xto	
"skop"@dcr	<http://ids.clld.org/values/9-120-217-1>		<http://ids.clld.org/parameters/9-120>		<http://ids.clld.org/values/9-120-209-1>		"wles-"@xto	
"(fiŋgu-)nagəl"@dcr	<http://ids.clld.org/values/4-344-217-1>		<http://ids.clld.org/parameters/4-344>		<http://ids.clld.org/values/4-344-209-1>		"maku"@xto	
"ha"@dcr	<http://ids.clld.org/values/6-280-217-1>		<http://ids.clld.org/parameters/6-280>		<http://ids.clld.org/values/6-280-209-1>		"yok"@xto	
"las"@dcr	<http://ids.clld.org/values/9-160-217-3>		<http://ids.clld.org/parameters/9-160>		<http://ids.clld.org/values/9-160-209-1>		"kärk-"@xto	
"sɛit"@dcr	<http://ids.clld.org/values/12-480-217-1>		<http://ids.clld.org/parameters/12-480>		<http://ids.clld.org/values/12-480-209-1>		"mäcriṃ (?)"@xto	
"blau"@dcr	<http://ids.clld.org/values/15-670-217-1>		<http://ids.clld.org/parameters/15-670>		<http://ids.clld.org/values/15-670-209-1>		"tseṃ"@xto	
"driŋ ~ driŋg ~ driŋk"@dcr	<http://ids.clld.org/values/5-130-217-1>		<http://ids.clld.org/parameters/5-130>		<http://ids.clld.org/values/5-130-209-1>		"yok-"@xto	
"ben"@dcr	<http://ids.clld.org/values/4-160-217-1>		<http://ids.clld.org/parameters/4-160>		<http://ids.clld.org/values/4-160-209-1>		"āy"@xto	
"ben"@dcr	<http://ids.clld.org/values/4-160-217-1>		<http://ids.clld.org/parameters/4-160>		<http://ids.clld.org/values/4-160-209-3>		"āyäntu"@xto	
"fru"@dcr	<http://ids.clld.org/values/14-160-217-1>		<http://ids.clld.org/parameters/14-160>		<http://ids.clld.org/values/14-160-209-1>		"neṣ"@xto	
"fɛt"@dcr	<http://ids.clld.org/values/5-791-217-1>		<http://ids.clld.org/parameters/5-791>		<http://ids.clld.org/values/5-791-209-1>		"ṣälyp"@xto	
"nɛk"@dcr	<http://ids.clld.org/values/4-280-217-1>		<http://ids.clld.org/parameters/4-280>		<http://ids.clld.org/values/4-280-209-1>		"kɲuk"@xto	
"wif"@dcr	<http://ids.clld.org/values/2-320-217-3>		<http://ids.clld.org/parameters/2-320>		<http://ids.clld.org/values/2-320-209-1>		"śäṃ"@xto	
"yuŋ-(man) ~ yoŋ"@dcr	<http://ids.clld.org/values/2-251-217-1>		<http://ids.clld.org/parameters/2-251>		<http://ids.clld.org/values/2-251-209-1>		"wir"@xto	
"wandu"@dcr	<http://ids.clld.org/values/10-450-217-1>		<http://ids.clld.org/parameters/10-450>		<http://ids.clld.org/values/10-450-209-1>		"i-"@xto	
"twinti"@dcr	<http://ids.clld.org/values/13-104-217-1>		<http://ids.clld.org/parameters/13-104>		<http://ids.clld.org/values/13-104-209-1>		"wiki"@xto	
"kaba"@dcr	<http://ids.clld.org/values/12-350-217-1>		<http://ids.clld.org/parameters/12-350>		<http://ids.clld.org/values/12-350-209-1>		"āk"@xto	
"nam"@dcr	<http://ids.clld.org/values/18-280-217-1>		<http://ids.clld.org/parameters/18-280>		<http://ids.clld.org/values/18-280-209-1>		"ɲom"@xto	
"(a-)fo(r) ~ fu ~ na-fo"@dcr	<http://ids.clld.org/values/12-40-217-1>		<http://ids.clld.org/parameters/12-40>		<http://ids.clld.org/values/12-40-209-1>		"anapär"@xto	
"gras"@dcr	<http://ids.clld.org/values/8-510-217-1>		<http://ids.clld.org/parameters/8-510>		<http://ids.clld.org/values/8-510-209-1>		"āti"@xto	
"swak"@dcr	<http://ids.clld.org/values/4-820-217-1>		<http://ids.clld.org/parameters/4-820>		<http://ids.clld.org/values/4-820-209-1>		"ylār"@xto	
"baba ~ boba ~ buba"@dcr	<http://ids.clld.org/values/1-214-217-1>		<http://ids.clld.org/parameters/1-214>		<http://ids.clld.org/values/1-214-209-1>		"lyom (?)"@xto	
"skifi"@dcr	<http://ids.clld.org/values/6-960-217-3>		<http://ids.clld.org/parameters/6-960>		<http://ids.clld.org/values/6-960-209-1>		"tāpaki"@xto	
"wɛrək ~ wɛruk ~ wark"@dcr	<http://ids.clld.org/values/9-120-217-3>		<http://ids.clld.org/parameters/9-120>		<http://ids.clld.org/values/9-120-209-1>		"wles-"@xto	
"skreyu ~ skreo"@dcr	<http://ids.clld.org/values/18-130-217-1>		<http://ids.clld.org/parameters/18-130>		<http://ids.clld.org/values/18-130-209-1>		"nu-"@xto	
"sorək"@dcr	<http://ids.clld.org/values/11-250-217-1>		<http://ids.clld.org/parameters/11-250>		<http://ids.clld.org/values/11-250-209-1>		"tsälp-"@xto	
"fodɛtma ~ fodi(t)ma ~ foma"@dcr	<http://ids.clld.org/values/17-520-217-3>		<http://ids.clld.org/parameters/17-520>		<http://ids.clld.org/values/17-520-209-1>		"kuc"@xto	
"driŋ"@dcr	<http://ids.clld.org/values/5-900-217-1>		<http://ids.clld.org/parameters/5-900>		<http://ids.clld.org/values/5-900-209-1>		"yoktsi"@xto	
"gut"@dcr	<http://ids.clld.org/values/11-180-217-1>		<http://ids.clld.org/parameters/11-180>		<http://ids.clld.org/values/11-180-209-1>		"wram"@xto	
"kin"@dcr	<http://ids.clld.org/values/2-270-217-1>		<http://ids.clld.org/parameters/2-270>		<http://ids.clld.org/values/2-270-209-1>		"śom"@xto	
"blomɛnči ~ bluminstyi"@dcr	<http://ids.clld.org/values/8-570-217-1>		<http://ids.clld.org/parameters/8-570>		<http://ids.clld.org/values/8-570-209-1>		"pyāpi"@xto	
"pus ~ puz"@dcr	<http://ids.clld.org/values/10-670-217-3>		<http://ids.clld.org/parameters/10-670>		<http://ids.clld.org/values/10-670-209-1>		"nätk-"@xto	
"ske(r) ~ skɛ(r)"@dcr	<http://ids.clld.org/values/9-280-217-1>		<http://ids.clld.org/parameters/9-280>		<http://ids.clld.org/values/9-280-209-1>		"kärṣt-"@xto	
"man"@dcr	<http://ids.clld.org/values/2-210-217-3>		<http://ids.clld.org/parameters/2-210>		<http://ids.clld.org/values/2-210-209-1>		"onk"@xto	
"bul"@dcr	<http://ids.clld.org/values/3-210-217-1>		<http://ids.clld.org/parameters/3-210>		<http://ids.clld.org/values/3-210-209-1>		"kayurṣ"@xto	
"flɛis ~ fles"@dcr	<http://ids.clld.org/values/5-610-217-1>		<http://ids.clld.org/parameters/5-610>		<http://ids.clld.org/values/5-610-209-1>		"śwal"@xto	
"ko weran"@dcr	<http://ids.clld.org/values/10-481-217-1>		<http://ids.clld.org/parameters/10-481>		<http://ids.clld.org/values/10-481-209-1>		"lotk-"@xto	
"mɛlək ~ moluk"@dcr	<http://ids.clld.org/values/5-860-217-1>		<http://ids.clld.org/parameters/5-860>		<http://ids.clld.org/values/5-860-209-1>		"malke"@xto	
"nu"@dcr	<http://ids.clld.org/values/14-180-217-1>		<http://ids.clld.org/parameters/14-180>		<http://ids.clld.org/values/14-180-209-1>		"tāpärk"@xto	
"ma"@dcr	<http://ids.clld.org/values/9-110-217-3>		<http://ids.clld.org/parameters/9-110>		<http://ids.clld.org/values/9-110-209-1>		"yām-/ypa-/ya-"@xto	
"briŋ"@dcr	<http://ids.clld.org/values/10-620-217-1>		<http://ids.clld.org/parameters/10-620>		<http://ids.clld.org/values/10-620-209-1>		"käl-"@xto	
"skon"@dcr	<http://ids.clld.org/values/15-870-217-1>		<http://ids.clld.org/parameters/15-870>		<http://ids.clld.org/values/15-870-209-1>		"āṣtär"@xto	
"bos"@dcr	<http://ids.clld.org/values/4-410-217-1>		<http://ids.clld.org/parameters/4-410>		<http://ids.clld.org/values/4-410-209-1>		"päśśäṃ"@xto	
"sok"@dcr	<http://ids.clld.org/values/15-460-217-3>		<http://ids.clld.org/parameters/15-460>		<http://ids.clld.org/values/15-460-209-1>		"sākät"@xto	
"lo abiti"@dcr	<http://ids.clld.org/values/10-474-217-1>		<http://ids.clld.org/parameters/10-474>		<http://ids.clld.org/values/10-474-209-1>		"länt-"@xto	
"hou"@dcr	<http://ids.clld.org/values/11-240-217-1>		<http://ids.clld.org/parameters/11-240>		<http://ids.clld.org/values/11-240-209-1>		"pās-"@xto	
"fiŋgu"@dcr	<http://ids.clld.org/values/4-340-217-1>		<http://ids.clld.org/parameters/4-340>		<http://ids.clld.org/values/4-340-209-1>		"prār"@xto	
"kontri"@dcr	<http://ids.clld.org/values/19-510-217-3>		<http://ids.clld.org/parameters/19-510>		<http://ids.clld.org/values/19-510-209-1>		"naṣu"@xto	
"tou"@dcr	<http://ids.clld.org/values/8-670-217-1>		<http://ids.clld.org/parameters/8-670>		<http://ids.clld.org/values/8-670-209-1>		"letke"@xto	
"mɛt"@dcr	<http://ids.clld.org/values/12-540-217-1>		<http://ids.clld.org/parameters/12-540>		<http://ids.clld.org/values/12-540-209-1>		"me-"@xto	
"it"@dcr	<http://ids.clld.org/values/1-861-217-1>		<http://ids.clld.org/parameters/1-861>		<http://ids.clld.org/values/1-861-209-1>		"käs-"@xto	
"ɛrum"@dcr	<http://ids.clld.org/values/4-310-217-3>		<http://ids.clld.org/parameters/4-310>		<http://ids.clld.org/values/4-310-209-1>		"poke"@xto	
"kap"@dcr	<http://ids.clld.org/values/9-220-217-1>		<http://ids.clld.org/parameters/9-220>		<http://ids.clld.org/values/9-220-209-1>		"karṣt-"@xto	
"kap"@dcr	<http://ids.clld.org/values/9-220-217-1>		<http://ids.clld.org/parameters/9-220>		<http://ids.clld.org/values/9-220-209-3>		"lātk-"@xto	
"kap"@dcr	<http://ids.clld.org/values/9-220-217-1>		<http://ids.clld.org/parameters/9-220>		<http://ids.clld.org/values/9-220-209-5>		"prutk-"@xto	
"mɛstu ~ mestər"@dcr	<http://ids.clld.org/values/19-410-217-1>		<http://ids.clld.org/parameters/19-410>		<http://ids.clld.org/values/19-410-209-1>		"nātäk"@xto	
"man"@dcr	<http://ids.clld.org/values/14-710-217-1>		<http://ids.clld.org/parameters/14-710>		<http://ids.clld.org/values/14-710-209-1>		"maɲ"@xto	
"(a)wa ~ wat"@dcr	<http://ids.clld.org/values/17-640-217-1>		<http://ids.clld.org/parameters/17-640>		<http://ids.clld.org/values/17-640-209-1>		"kus"@xto	
"pat"@dcr	<http://ids.clld.org/values/10-710-217-1>		<http://ids.clld.org/parameters/10-710>		<http://ids.clld.org/values/10-710-209-1>		"ṣont"@xto	
"stɛre"@dcr	<http://ids.clld.org/values/1-540-217-1>		<http://ids.clld.org/parameters/1-540>		<http://ids.clld.org/values/1-540-209-1>		"śre-"@xto	
"dɛŋk ~ diŋ(g)"@dcr	<http://ids.clld.org/values/17-130-217-1>		<http://ids.clld.org/parameters/17-130>		<http://ids.clld.org/values/17-130-209-1>		"päl(t)sk-"@xto	
"skin"@dcr	<http://ids.clld.org/values/15-560-217-3>		<http://ids.clld.org/parameters/15-560>		<http://ids.clld.org/values/15-560-209-1>		"pälk-"@xto	
"na ~ ni ~ no ~ nu"@dcr	<http://ids.clld.org/values/17-560-217-3>		<http://ids.clld.org/parameters/17-560>		<http://ids.clld.org/values/17-560-209-1>		"mā"@xto	
"fi"@dcr	<http://ids.clld.org/values/13-40-217-1>		<http://ids.clld.org/parameters/13-40>		<http://ids.clld.org/values/13-40-209-1>		"śtwar"@xto	
"sla"@dcr	<http://ids.clld.org/values/9-210-217-1>		<http://ids.clld.org/parameters/9-210>		<http://ids.clld.org/values/9-210-209-1>		"on-"@xto	
"sla"@dcr	<http://ids.clld.org/values/9-210-217-1>		<http://ids.clld.org/parameters/9-210>		<http://ids.clld.org/values/9-210-209-3>		"ko-"@xto	
"sla"@dcr	<http://ids.clld.org/values/9-210-217-1>		<http://ids.clld.org/parameters/9-210>		<http://ids.clld.org/values/9-210-209-5>		"tsop-"@xto	
"yɛn ~ yin(i)"@dcr	<http://ids.clld.org/values/2-950-217-1>		<http://ids.clld.org/parameters/2-950>		<http://ids.clld.org/values/2-950-209-1>		"yas"@xto	
"wul up"@dcr	<http://ids.clld.org/values/10-140-217-3>		<http://ids.clld.org/parameters/10-140>		<http://ids.clld.org/values/10-140-209-1>		"wänt-"@xto	
"goi ~ gui"@dcr	<http://ids.clld.org/values/10-250-217-1>		<http://ids.clld.org/parameters/10-250>		<http://ids.clld.org/values/10-250-209-1>		"säl-"@xto	
"dra"@dcr	<http://ids.clld.org/values/10-610-217-1>		<http://ids.clld.org/parameters/10-610>		<http://ids.clld.org/values/10-610-209-1>		"pär-"@xto	
"lin"@dcr	<http://ids.clld.org/values/12-840-217-1>		<http://ids.clld.org/parameters/12-840>		<http://ids.clld.org/values/12-840-209-1>		"slyi"@xto	
"sewn"@dcr	<http://ids.clld.org/values/13-70-217-1>		<http://ids.clld.org/parameters/13-70>		<http://ids.clld.org/values/13-70-209-1>		"ṣpat"@xto	
"stɛk ~ (s)tɛki ~ stik(i)"@dcr	<http://ids.clld.org/values/13-230-217-1>		<http://ids.clld.org/parameters/13-230>		<http://ids.clld.org/values/13-230-209-1>		"pāk"@xto	
"lan"@dcr	<http://ids.clld.org/values/19-110-217-1>		<http://ids.clld.org/parameters/19-110>		<http://ids.clld.org/values/19-110-209-1>		"ype"@xto	
"sik"@dcr	<http://ids.clld.org/values/4-840-217-1>		<http://ids.clld.org/parameters/4-840>		<http://ids.clld.org/values/4-840-209-1>		"ekro"@xto	
"sat"@dcr	<http://ids.clld.org/values/8-311-217-1>		<http://ids.clld.org/parameters/8-311>		<http://ids.clld.org/values/8-311-209-1>		"sārm"@xto	
"ne(m) ~ nen"@dcr	<http://ids.clld.org/values/11-130-217-1>		<http://ids.clld.org/parameters/11-130>		<http://ids.clld.org/values/11-130-209-1>		"eṃts-"@xto	
"wet ~ wɛt"@dcr	<http://ids.clld.org/values/17-170-217-1>		<http://ids.clld.org/parameters/17-170>		<http://ids.clld.org/values/17-170-209-1>		"kärs-"@xto	
"dom"@dcr	<http://ids.clld.org/values/17-220-217-1>		<http://ids.clld.org/parameters/17-220>		<http://ids.clld.org/values/17-220-209-1>		"āknats"@xto	
"maŋke"@dcr	<http://ids.clld.org/values/17-450-217-3>		<http://ids.clld.org/parameters/17-450>		<http://ids.clld.org/values/17-450-209-1>		"ɲātse"@xto	
"af"@dcr	<http://ids.clld.org/values/12-30-217-1>		<http://ids.clld.org/parameters/12-30>		<http://ids.clld.org/values/12-30-209-1>		"posaṃ"@xto	
"af"@dcr	<http://ids.clld.org/values/12-30-217-1>		<http://ids.clld.org/parameters/12-30>		<http://ids.clld.org/values/12-30-209-3>		"posac"@xto	
"dɛŋk ~ diŋ(g)"@dcr	<http://ids.clld.org/values/17-140-217-1>		<http://ids.clld.org/parameters/17-140>		<http://ids.clld.org/values/17-140-209-1>		"päl(t)sk-"@xto	
"rapo"@dcr	<http://ids.clld.org/values/12-210-217-1>		<http://ids.clld.org/parameters/12-210>		<http://ids.clld.org/values/12-210-209-1>		"krop-"@xto	
"lion"@dcr	<http://ids.clld.org/values/3-720-217-1>		<http://ids.clld.org/parameters/3-720>		<http://ids.clld.org/values/3-720-209-1>		"śiśäk"@xto	
"baba ~ boba ~ buba"@dcr	<http://ids.clld.org/values/9-730-217-1>		<http://ids.clld.org/parameters/9-730>		<http://ids.clld.org/values/9-730-209-1>		"tukri"@xto	
"hindu"@dcr	<http://ids.clld.org/values/19-590-217-1>		<http://ids.clld.org/parameters/19-590>		<http://ids.clld.org/values/19-590-209-1>		"tänk-"@xto	
"ful"@dcr	<http://ids.clld.org/values/13-210-217-1>		<http://ids.clld.org/parameters/13-210>		<http://ids.clld.org/values/13-210-209-1>		"ypic"@xto	
"swampi"@dcr	<http://ids.clld.org/values/1-380-217-1>		<http://ids.clld.org/parameters/1-380>		<http://ids.clld.org/values/1-380-209-1>		"kärtkāl"@xto	
"plan(t)"@dcr	<http://ids.clld.org/values/8-310-217-1>		<http://ids.clld.org/parameters/8-310>		<http://ids.clld.org/values/8-310-209-1>		"kät-"@xto	
"pobu ~ pubu"@dcr	<http://ids.clld.org/values/11-520-217-1>		<http://ids.clld.org/parameters/11-520>		<http://ids.clld.org/values/11-520-209-1>		"ekro"@xto	
"listu"@dcr	<http://ids.clld.org/values/15-420-217-1>		<http://ids.clld.org/parameters/15-420>		<http://ids.clld.org/values/15-420-209-1>		"klyos-"@xto	
"mon ~ mun (?)"@dcr	<http://ids.clld.org/values/4-250-217-1>		<http://ids.clld.org/parameters/4-250>		<http://ids.clld.org/values/4-250-209-1>		"lymeṃ"@xto	
"suk"@dcr	<http://ids.clld.org/values/11-310-217-1>		<http://ids.clld.org/parameters/11-310>		<http://ids.clld.org/values/11-310-209-1>		"rit-"@xto	
"hɛwun ~ hewun ~ himul ~ himun ~ hiwun"@dcr	<http://ids.clld.org/values/1-510-217-1>		<http://ids.clld.org/parameters/1-510>		<http://ids.clld.org/values/1-510-209-1>		"eprer-"@xto	
"fadə"@dcr	<http://ids.clld.org/values/2-350-217-1>		<http://ids.clld.org/parameters/2-350>		<http://ids.clld.org/values/2-350-209-1>		"pācar"@xto	
"drɛp"@dcr	<http://ids.clld.org/values/10-230-217-1>		<http://ids.clld.org/parameters/10-230>		<http://ids.clld.org/values/10-230-209-1>		"klā(w)-"@xto	
"duŋku ~ duŋki"@dcr	<http://ids.clld.org/values/14-420-217-1>		<http://ids.clld.org/parameters/14-420>		<http://ids.clld.org/values/14-420-209-1>		"wṣe"@xto	
"duŋku ~ duŋki"@dcr	<http://ids.clld.org/values/14-420-217-1>		<http://ids.clld.org/parameters/14-420>		<http://ids.clld.org/values/14-420-209-3>		"oṣeɲi"@xto	
"tumbl"@dcr	<http://ids.clld.org/values/9-221-217-1>		<http://ids.clld.org/parameters/9-221>		<http://ids.clld.org/values/9-221-209-1>		"kärṣt-"@xto	
"bɛrgi ~ bergə ~ berge"@dcr	<http://ids.clld.org/values/1-220-217-1>		<http://ids.clld.org/parameters/1-220>		<http://ids.clld.org/values/1-220-209-1>		"ṣul"@xto	
"was ~ waš"@dcr	<http://ids.clld.org/values/9-360-217-1>		<http://ids.clld.org/parameters/9-360>		<http://ids.clld.org/values/9-360-209-1>		"lik-"@xto	
"strik"@dcr	<http://ids.clld.org/values/9-342-217-1>		<http://ids.clld.org/parameters/9-342>		<http://ids.clld.org/values/9-342-209-1>		"kälts-"@xto	
"bot"@dcr	<http://ids.clld.org/values/10-830-217-1>		<http://ids.clld.org/parameters/10-830>		<http://ids.clld.org/values/10-830-209-1>		"koläm"@xto	
"ǰumbi"@dcr	<http://ids.clld.org/values/22-450-217-3>		<http://ids.clld.org/parameters/22-450>		<http://ids.clld.org/values/22-450-209-3>		"[yakäṣ]"@xto	
"ǰumbi"@dcr	<http://ids.clld.org/values/22-450-217-3>		<http://ids.clld.org/parameters/22-450>		<http://ids.clld.org/values/22-450-209-1>		"[pret]"@xto	
"skrif"@dcr	<http://ids.clld.org/values/18-510-217-1>		<http://ids.clld.org/parameters/18-510>		<http://ids.clld.org/values/18-510-209-1>		"pik-"@xto	
"hus"@dcr	<http://ids.clld.org/values/7-130-217-1>		<http://ids.clld.org/parameters/7-130>		<http://ids.clld.org/values/7-130-209-1>		"yṣitstse (?)"@xto	
"fout"@dcr	<http://ids.clld.org/values/16-770-217-1>		<http://ids.clld.org/parameters/16-770>		<http://ids.clld.org/values/16-770-209-1>		"triślune"@xto	
"futu"@dcr	<http://ids.clld.org/values/4-360-217-3>		<http://ids.clld.org/parameters/4-360>		<http://ids.clld.org/values/4-360-209-1>		"kanweṃ"@xto	
"du"@dcr	<http://ids.clld.org/values/9-110-217-1>		<http://ids.clld.org/parameters/9-110>		<http://ids.clld.org/values/9-110-209-1>		"yām-/ypa-/ya-"@xto	
"(a)wa ~ wat"@dcr	<http://ids.clld.org/values/17-670-217-1>		<http://ids.clld.org/parameters/17-670>		<http://ids.clld.org/values/17-670-209-1>		"äntsam"@xto	
"komenči"@dcr	<http://ids.clld.org/values/5-330-217-3>		<http://ids.clld.org/parameters/5-330>		<http://ids.clld.org/values/5-330-209-1>		"[pātär]"@xto	
"bran"@dcr	<http://ids.clld.org/values/15-850-217-1>		<http://ids.clld.org/parameters/15-850>		<http://ids.clld.org/values/15-850-209-1>		"omäl"@xto	
"yit"@dcr	<http://ids.clld.org/values/5-120-217-1>		<http://ids.clld.org/parameters/5-120>		<http://ids.clld.org/values/5-120-209-1>		"śwātsi"@xto	
"ho(so)"@dcr	<http://ids.clld.org/values/17-610-217-1>		<http://ids.clld.org/parameters/17-610>		<http://ids.clld.org/values/17-610-209-1>		"mänt"@xto	
"sliŋgu (-ši)"@dcr	<http://ids.clld.org/values/12-420-217-1>		<http://ids.clld.org/parameters/12-420>		<http://ids.clld.org/values/12-420-209-1>		"pācyās"@xto	
"frai"@dcr	<http://ids.clld.org/values/16-710-217-1>		<http://ids.clld.org/parameters/16-710>		<http://ids.clld.org/values/16-710-209-1>		"kāsu"@xto	
"fɛn ~ fin"@dcr	<http://ids.clld.org/values/11-320-217-1>		<http://ids.clld.org/parameters/11-320>		<http://ids.clld.org/values/11-320-209-1>		"kälp-"@xto	
"klet"@dcr	<http://ids.clld.org/values/6-110-217-1>		<http://ids.clld.org/parameters/6-110>		<http://ids.clld.org/values/6-110-209-1>		"wäs-"@xto	
"tin"@dcr	<http://ids.clld.org/values/13-100-217-1>		<http://ids.clld.org/parameters/13-100>		<http://ids.clld.org/values/13-100-209-1>		"śäk"@xto	
"asɛm(trɛk) ~ azɛm"@dcr	<http://ids.clld.org/values/4-510-217-1>		<http://ids.clld.org/parameters/4-510>		<http://ids.clld.org/values/4-510-209-1>		"wraseṃ"@xto	
"yit"@dcr	<http://ids.clld.org/values/5-110-217-1>		<http://ids.clld.org/parameters/5-110>		<http://ids.clld.org/values/5-110-209-1>		"śu- ~ śuwā-"@xto	
"wɛl"@dcr	<http://ids.clld.org/values/16-270-217-1>		<http://ids.clld.org/parameters/16-270>		<http://ids.clld.org/values/16-270-209-1>		"tunk-iɲɲ-"@xto	
"noit"@dcr	<http://ids.clld.org/values/14-340-217-1>		<http://ids.clld.org/parameters/14-340>		<http://ids.clld.org/values/14-340-209-1>		"mā ontaṃ"@xto	
"han"@dcr	<http://ids.clld.org/values/4-331-217-1>		<http://ids.clld.org/parameters/4-331>		<http://ids.clld.org/values/4-331-209-1>		"āle"@xto	
"tai"@dcr	<http://ids.clld.org/values/15-740-217-1>		<http://ids.clld.org/parameters/15-740>		<http://ids.clld.org/values/15-740-209-1>		"tsär"@xto	
"lif"@dcr	<http://ids.clld.org/values/4-120-217-1>		<http://ids.clld.org/parameters/4-120>		<http://ids.clld.org/values/4-120-209-1>		"yats"@xto	
"hɛt ~ het ~ hit"@dcr	<http://ids.clld.org/values/15-850-217-3>		<http://ids.clld.org/parameters/15-850>		<http://ids.clld.org/values/15-850-209-1>		"omäl"@xto	
"hopo"@dcr	<http://ids.clld.org/values/12-240-217-1>		<http://ids.clld.org/parameters/12-240>		<http://ids.clld.org/values/12-240-209-1>		"ru-"@xto	
"stam"@dcr	<http://ids.clld.org/values/5-560-217-1>		<http://ids.clld.org/parameters/5-560>		<http://ids.clld.org/values/5-560-209-1>		"malyw-"@xto	
"du"@dcr	<http://ids.clld.org/values/12-120-217-1>		<http://ids.clld.org/parameters/12-120>		<http://ids.clld.org/values/12-120-209-1>		"tā-"@xto	
"adu"@dcr	<http://ids.clld.org/values/1-210-217-1>		<http://ids.clld.org/parameters/1-210>		<http://ids.clld.org/values/1-210-209-1>		"tkaṃ"@xto	
"win ~ wɛn"@dcr	<http://ids.clld.org/values/1-720-217-1>		<http://ids.clld.org/parameters/1-720>		<http://ids.clld.org/values/1-720-209-1>		"want"@xto	
"(na-)undu ~ ondu"@dcr	<http://ids.clld.org/values/12-70-217-3>		<http://ids.clld.org/parameters/12-70>		<http://ids.clld.org/values/12-70-209-3>		"posäṃ"@xto	
"(na-)undu ~ ondu"@dcr	<http://ids.clld.org/values/12-70-217-3>		<http://ids.clld.org/parameters/12-70>		<http://ids.clld.org/values/12-70-209-1>		"āɲe"@xto	
"(na-)undu ~ ondu"@dcr	<http://ids.clld.org/values/12-70-217-3>		<http://ids.clld.org/parameters/12-70>		<http://ids.clld.org/values/12-70-209-5>		"posac"@xto	
"ɛf"@dcr	<http://ids.clld.org/values/17-530-217-3>		<http://ids.clld.org/parameters/17-530>		<http://ids.clld.org/values/17-530-209-1>		"kuprene"@xto	
"kap"@dcr	<http://ids.clld.org/values/9-222-217-1>		<http://ids.clld.org/parameters/9-222>		<http://ids.clld.org/values/9-222-209-1>		"kot-"@xto	
"bre(k)"@dcr	<http://ids.clld.org/values/9-260-217-1>		<http://ids.clld.org/parameters/9-260>		<http://ids.clld.org/values/9-260-209-1>		"kot-"@xto	
"wapiši ~ wɛpiši"@dcr	<http://ids.clld.org/values/17-660-217-3>		<http://ids.clld.org/parameters/17-660>		<http://ids.clld.org/values/17-660-209-1>		"äntanne"@xto	
"zil"@dcr	<http://ids.clld.org/values/16-110-217-1>		<http://ids.clld.org/parameters/16-110>		<http://ids.clld.org/values/16-110-209-1>		"āɲcäm"@xto	
"woltə"@dcr	<http://ids.clld.org/values/8-540-217-1>		<http://ids.clld.org/parameters/8-540>		<http://ids.clld.org/values/8-540-209-1>		"tsmār"@xto	
"le"@dcr	<http://ids.clld.org/values/17-240-217-1>		<http://ids.clld.org/parameters/17-240>		<http://ids.clld.org/values/17-240-209-1>		"ākl-"@xto	
"bɛri"@dcr	<http://ids.clld.org/values/7-420-217-1>		<http://ids.clld.org/parameters/7-420>		<http://ids.clld.org/values/7-420-209-1>		"lake"@xto	
"ost"@dcr	<http://ids.clld.org/values/12-450-217-1>		<http://ids.clld.org/parameters/12-450>		<http://ids.clld.org/values/12-450-209-1>		"koṃ-pärkānt"@xto	
"ro"@dcr	<http://ids.clld.org/values/15-660-217-1>		<http://ids.clld.org/parameters/15-660>		<http://ids.clld.org/values/15-660-209-3>		"rätri"@xto	
"ro"@dcr	<http://ids.clld.org/values/15-660-217-1>		<http://ids.clld.org/parameters/15-660>		<http://ids.clld.org/values/15-660-209-1>		"rtär"@xto	
"swoip"@dcr	<http://ids.clld.org/values/9-220-217-7>		<http://ids.clld.org/parameters/9-220>		<http://ids.clld.org/values/9-220-209-1>		"karṣt-"@xto	
"swoip"@dcr	<http://ids.clld.org/values/9-220-217-7>		<http://ids.clld.org/parameters/9-220>		<http://ids.clld.org/values/9-220-209-3>		"lātk-"@xto	
"swoip"@dcr	<http://ids.clld.org/values/9-220-217-7>		<http://ids.clld.org/parameters/9-220>		<http://ids.clld.org/values/9-220-209-5>		"prutk-"@xto	
"dif"@dcr	<http://ids.clld.org/values/21-520-217-1>		<http://ids.clld.org/parameters/21-520>		<http://ids.clld.org/values/21-520-209-1>		"lyäk"@xto	
"gron"@dcr	<http://ids.clld.org/values/1-212-217-1>		<http://ids.clld.org/parameters/1-212>		<http://ids.clld.org/values/1-212-209-1>		"tkaṃ"@xto	
"skou"@dcr	<http://ids.clld.org/values/4-300-217-1>		<http://ids.clld.org/parameters/4-300>		<http://ids.clld.org/values/4-300-209-1>		"es"@xto	
"se ~ ze"@dcr	<http://ids.clld.org/values/1-320-217-1>		<http://ids.clld.org/parameters/1-320>		<http://ids.clld.org/values/1-320-209-1>		"lyäm"@xto	
"twe"@dcr	<http://ids.clld.org/values/13-20-217-1>		<http://ids.clld.org/parameters/13-20>		<http://ids.clld.org/values/13-20-209-1>		"wu"@xto	
"twe"@dcr	<http://ids.clld.org/values/13-20-217-1>		<http://ids.clld.org/parameters/13-20>		<http://ids.clld.org/values/13-20-209-3>		"we"@xto	
"ne"@dcr	<http://ids.clld.org/values/12-30-217-5>		<http://ids.clld.org/parameters/12-30>		<http://ids.clld.org/values/12-30-209-1>		"posaṃ"@xto	
"ne"@dcr	<http://ids.clld.org/values/12-30-217-5>		<http://ids.clld.org/parameters/12-30>		<http://ids.clld.org/values/12-30-209-3>		"posac"@xto	
"ho"@dcr	<http://ids.clld.org/values/4-220-217-1>		<http://ids.clld.org/parameters/4-220>		<http://ids.clld.org/values/4-220-209-1>		"klots"@xto	
"petant"@dcr	<http://ids.clld.org/values/10-750-217-3>		<http://ids.clld.org/parameters/10-750>		<http://ids.clld.org/values/10-750-209-1>		"kukäl"@xto	
"bes-yet ~ bešət"@dcr	<http://ids.clld.org/values/8-510-217-3>		<http://ids.clld.org/parameters/8-510>		<http://ids.clld.org/values/8-510-209-1>		"āti"@xto	
"bos"@dcr	<http://ids.clld.org/values/4-400-217-1>		<http://ids.clld.org/parameters/4-400>		<http://ids.clld.org/values/4-400-209-1>		"pratsak"@xto	
"fout"@dcr	<http://ids.clld.org/values/16-760-217-1>		<http://ids.clld.org/parameters/16-760>		<http://ids.clld.org/values/16-760-209-1>		"nākäm"@xto	
"laŋ tit"@dcr	<http://ids.clld.org/values/14-332-217-1>		<http://ids.clld.org/parameters/14-332>		<http://ids.clld.org/values/14-332-209-1>		"aryu"@xto	
"(kap-)mɛs"@dcr	<http://ids.clld.org/values/9-230-217-1>		<http://ids.clld.org/parameters/9-230>		<http://ids.clld.org/values/9-230-209-1>		"yepe"@xto	
"bou"@dcr	<http://ids.clld.org/values/9-440-217-1>		<http://ids.clld.org/parameters/9-440>		<http://ids.clld.org/values/9-440-209-1>		"tsik-"@xto	
"tu"@dcr	<http://ids.clld.org/values/12-250-217-1>		<http://ids.clld.org/parameters/12-250>		<http://ids.clld.org/values/12-250-209-1>		"prutk-"@xto	
"bliŋ"@dcr	<http://ids.clld.org/values/15-560-217-1>		<http://ids.clld.org/parameters/15-560>		<http://ids.clld.org/values/15-560-209-1>		"pälk-"@xto	
"kel"@dcr	<http://ids.clld.org/values/4-290-217-3>		<http://ids.clld.org/parameters/4-290>		<http://ids.clld.org/values/4-290-209-1>		"ṣunk"@xto	
"(s)top"@dcr	<http://ids.clld.org/values/14-280-217-1>		<http://ids.clld.org/parameters/14-280>		<http://ids.clld.org/values/14-280-209-1>		"ār-"@xto	
"wɛran"@dcr	<http://ids.clld.org/values/14-350-217-1>		<http://ids.clld.org/parameters/14-350>		<http://ids.clld.org/values/14-350-209-1>		"nuṃ"@xto	
"foget ~ fruget"@dcr	<http://ids.clld.org/values/17-320-217-1>		<http://ids.clld.org/parameters/17-320>		<http://ids.clld.org/values/17-320-209-1>		"märs-"@xto	
"ma(ma) ~ muma"@dcr	<http://ids.clld.org/values/2-360-217-1>		<http://ids.clld.org/parameters/2-360>		<http://ids.clld.org/values/2-360-209-1>		"mācar"@xto	
"tisam"@dcr	<http://ids.clld.org/values/4-880-217-1>		<http://ids.clld.org/parameters/4-880>		<http://ids.clld.org/values/4-880-209-1>		"[sāṃtäk]"@xto	
"drai obu"@dcr	<http://ids.clld.org/values/10-120-217-1>		<http://ids.clld.org/parameters/10-120>		<http://ids.clld.org/values/10-120-209-1>		"lotk-"@xto	
"ha(r)t"@dcr	<http://ids.clld.org/values/4-440-217-1>		<http://ids.clld.org/parameters/4-440>		<http://ids.clld.org/values/4-440-209-1>		"āriɲc"@xto	
"tu"@dcr	<http://ids.clld.org/values/12-260-217-1>		<http://ids.clld.org/parameters/12-260>		<http://ids.clld.org/values/12-260-209-5>		"wāl-"@xto	
"tu"@dcr	<http://ids.clld.org/values/12-260-217-1>		<http://ids.clld.org/parameters/12-260>		<http://ids.clld.org/values/12-260-209-3>		"räk-"@xto	
"tu"@dcr	<http://ids.clld.org/values/12-260-217-1>		<http://ids.clld.org/parameters/12-260>		<http://ids.clld.org/values/12-260-209-1>		"ep-"@xto	
"kop"@dcr	<http://ids.clld.org/values/4-205-217-1>		<http://ids.clld.org/parameters/4-205>		<http://ids.clld.org/values/4-205-209-1>		"ānt"@xto	
"bret"@dcr	<http://ids.clld.org/values/12-610-217-1>		<http://ids.clld.org/parameters/12-610>		<http://ids.clld.org/values/12-610-209-1>		"wärts"@xto	
"bok"@dcr	<http://ids.clld.org/values/9-140-217-1>		<http://ids.clld.org/parameters/9-140>		<http://ids.clld.org/values/9-140-209-1>		"näm-"@xto	
"bedl-man"@dcr	<http://ids.clld.org/values/11-530-217-1>		<http://ids.clld.org/parameters/11-530>		<http://ids.clld.org/values/11-530-209-1>		"yāṣṣuce"@xto	
"fi"@dcr	<http://ids.clld.org/values/1-810-217-1>		<http://ids.clld.org/parameters/1-810>		<http://ids.clld.org/values/1-810-209-1>		"por"@xto	
"skap"@dcr	<http://ids.clld.org/values/3-250-217-1>		<http://ids.clld.org/parameters/3-250>		<http://ids.clld.org/values/3-250-209-1>		"śoś"@xto	
"twalɛf"@dcr	<http://ids.clld.org/values/13-102-217-1>		<http://ids.clld.org/parameters/13-102>		<http://ids.clld.org/values/13-102-209-1>		"śäk-we-pi"@xto	
"blame"@dcr	<http://ids.clld.org/values/18-390-217-1>		<http://ids.clld.org/parameters/18-390>		<http://ids.clld.org/values/18-390-209-1>		"nāk-"@xto	
"lif"@dcr	<http://ids.clld.org/values/4-110-217-1>		<http://ids.clld.org/parameters/4-110>		<http://ids.clld.org/values/4-110-209-1>		"kapśaɲi"@xto	
"tan"@dcr	<http://ids.clld.org/values/4-270-217-1>		<http://ids.clld.org/parameters/4-270>		<http://ids.clld.org/values/4-270-209-1>		"kam"@xto	
"pos"@dcr	<http://ids.clld.org/values/7-560-217-1>		<http://ids.clld.org/parameters/7-560>		<http://ids.clld.org/values/7-560-209-1>		"asäl"@xto	
"sɛt ~ sit"@dcr	<http://ids.clld.org/values/12-130-217-1>		<http://ids.clld.org/parameters/12-130>		<http://ids.clld.org/values/12-130-209-1>		"ṣäm-/ laṃ-"@xto	
"got"@dcr	<http://ids.clld.org/values/22-120-217-1>		<http://ids.clld.org/parameters/22-120>		<http://ids.clld.org/values/22-120-209-1>		"ɲkät"@xto	
"stam"@dcr	<http://ids.clld.org/values/9-210-217-3>		<http://ids.clld.org/parameters/9-210>		<http://ids.clld.org/values/9-210-209-1>		"on-"@xto	
"stam"@dcr	<http://ids.clld.org/values/9-210-217-3>		<http://ids.clld.org/parameters/9-210>		<http://ids.clld.org/values/9-210-209-3>		"ko-"@xto	
"stam"@dcr	<http://ids.clld.org/values/9-210-217-3>		<http://ids.clld.org/parameters/9-210>		<http://ids.clld.org/values/9-210-209-5>		"tsop-"@xto	
"haŋ"@dcr	<http://ids.clld.org/values/9-341-217-1>		<http://ids.clld.org/parameters/9-341>		<http://ids.clld.org/values/9-341-209-1>		"länk-"@xto	
"stiko(i) ~ stikui ~ stokui"@dcr	<http://ids.clld.org/values/12-270-217-1>		<http://ids.clld.org/parameters/12-270>		<http://ids.clld.org/values/12-270-209-1>		"tpuk-"@xto	
"huvel ~ huwe(l)"@dcr	<http://ids.clld.org/values/17-620-217-1>		<http://ids.clld.org/parameters/17-620>		<http://ids.clld.org/values/17-620-209-1>		"kos"@xto	
"dri ~ tri"@dcr	<http://ids.clld.org/values/13-30-217-1>		<http://ids.clld.org/parameters/13-30>		<http://ids.clld.org/values/13-30-209-1>		"tre"@xto	
"dri ~ tri"@dcr	<http://ids.clld.org/values/13-30-217-1>		<http://ids.clld.org/parameters/13-30>		<http://ids.clld.org/values/13-30-209-3>		"tri"@xto	
"(a)mole"@dcr	<http://ids.clld.org/values/12-70-217-1>		<http://ids.clld.org/parameters/12-70>		<http://ids.clld.org/values/12-70-209-3>		"posäṃ"@xto	
"(a)mole"@dcr	<http://ids.clld.org/values/12-70-217-1>		<http://ids.clld.org/parameters/12-70>		<http://ids.clld.org/values/12-70-209-1>		"āɲe"@xto	
"(a)mole"@dcr	<http://ids.clld.org/values/12-70-217-1>		<http://ids.clld.org/parameters/12-70>		<http://ids.clld.org/values/12-70-209-5>		"posac"@xto	
"dri-mal"@dcr	<http://ids.clld.org/values/13-440-217-1>		<http://ids.clld.org/parameters/13-440>		<http://ids.clld.org/values/13-440-209-1>		"tri-lkwär"@xto	
"fel"@dcr	<http://ids.clld.org/values/13-150-217-1>		<http://ids.clld.org/parameters/13-150>		<http://ids.clld.org/values/13-150-209-1>		"māk"@xto	
"du (?)"@dcr	<http://ids.clld.org/values/19-460-217-1>		<http://ids.clld.org/parameters/19-460>		<http://ids.clld.org/values/19-460-209-1>		"nam"@xto	
"las"@dcr	<http://ids.clld.org/values/10-140-217-1>		<http://ids.clld.org/parameters/10-140>		<http://ids.clld.org/values/10-140-209-1>		"wänt-"@xto	
"swa"@dcr	<http://ids.clld.org/values/15-810-217-1>		<http://ids.clld.org/parameters/15-810>		<http://ids.clld.org/values/15-810-209-1>		"krāmärts"@xto	
"kliŋkə"@dcr	<http://ids.clld.org/values/7-620-217-1>		<http://ids.clld.org/parameters/7-620>		<http://ids.clld.org/values/7-620-209-1>		"tukri"@xto	
"bran"@dcr	<http://ids.clld.org/values/1-851-217-1>		<http://ids.clld.org/parameters/1-851>		<http://ids.clld.org/values/1-851-209-1>		"tsäk-"@xto	
"slak"@dcr	<http://ids.clld.org/values/13-220-217-1>		<http://ids.clld.org/parameters/13-220>		<http://ids.clld.org/values/13-220-209-1>		"ekär"@xto	
"skɛrp"@dcr	<http://ids.clld.org/values/15-780-217-1>		<http://ids.clld.org/parameters/15-780>		<http://ids.clld.org/values/15-780-209-1>		"pśär"@xto	
"lif ~ lɛf"@dcr	<http://ids.clld.org/values/4-740-217-1>		<http://ids.clld.org/parameters/4-740>		<http://ids.clld.org/values/4-740-209-3>		"śol"@xto	
"lif ~ lɛf"@dcr	<http://ids.clld.org/values/4-740-217-1>		<http://ids.clld.org/parameters/4-740>		<http://ids.clld.org/values/4-740-209-1>		"śo-"@xto	
"le"@dcr	<http://ids.clld.org/values/17-250-217-1>		<http://ids.clld.org/parameters/17-250>		<http://ids.clld.org/values/17-250-209-1>		"ṣärp-"@xto	
"kri(g)"@dcr	<http://ids.clld.org/values/11-160-217-1>		<http://ids.clld.org/parameters/11-160>		<http://ids.clld.org/values/11-160-209-1>		"kälp-"@xto	
"fra(g)"@dcr	<http://ids.clld.org/values/18-310-217-1>		<http://ids.clld.org/parameters/18-310>		<http://ids.clld.org/values/18-310-209-1>		"pärk-"@xto	
"duŋku"@dcr	<http://ids.clld.org/values/1-620-217-1>		<http://ids.clld.org/parameters/1-620>		<http://ids.clld.org/values/1-620-209-1>		"orkäm"@xto	
"progaši"@dcr	<http://ids.clld.org/values/4-880-217-3>		<http://ids.clld.org/parameters/4-880>		<http://ids.clld.org/values/4-880-209-1>		"[sāṃtäk]"@xto	
"gap"@dcr	<http://ids.clld.org/values/4-520-217-3>		<http://ids.clld.org/parameters/4-520>		<http://ids.clld.org/values/4-520-209-1>		"śew-"@xto	
"(s)tan"@dcr	<http://ids.clld.org/values/12-150-217-1>		<http://ids.clld.org/parameters/12-150>		<http://ids.clld.org/values/12-150-209-1>		"käly-/ stäm-"@xto	
"ast(ə)r ~ (n)astu"@dcr	<http://ids.clld.org/values/12-11-217-1>		<http://ids.clld.org/parameters/12-11>		<http://ids.clld.org/values/12-11-209-1>		"särki"@xto	
"fostan ~ fosto"@dcr	<http://ids.clld.org/values/17-160-217-1>		<http://ids.clld.org/parameters/17-160>		<http://ids.clld.org/values/17-160-209-1>		"kärs-"@xto	
"dif"@dcr	<http://ids.clld.org/values/21-510-217-1>		<http://ids.clld.org/parameters/21-510>		<http://ids.clld.org/values/21-510-209-1>		"kärk-"@xto	
"plimbo"@dcr	<http://ids.clld.org/values/21-390-217-1>		<http://ids.clld.org/parameters/21-390>		<http://ids.clld.org/values/21-390-209-1>		"protäk"@xto	
"brou"@dcr	<http://ids.clld.org/values/5-220-217-1>		<http://ids.clld.org/parameters/5-220>		<http://ids.clld.org/values/5-220-209-1>		"särk-"@xto	
"bos"@dcr	<http://ids.clld.org/values/9-270-217-1>		<http://ids.clld.org/parameters/9-270>		<http://ids.clld.org/values/9-270-209-3>		"kaut-"@xto	
"bos"@dcr	<http://ids.clld.org/values/9-270-217-1>		<http://ids.clld.org/parameters/9-270>		<http://ids.clld.org/values/9-270-209-5>		"kot-"@xto	
"bos"@dcr	<http://ids.clld.org/values/9-270-217-1>		<http://ids.clld.org/parameters/9-270>		<http://ids.clld.org/values/9-270-209-1>		"wāk-"@xto	
"gumbe"@dcr	<http://ids.clld.org/values/18-720-217-1>		<http://ids.clld.org/parameters/18-720>		<http://ids.clld.org/values/18-720-209-1>		"kumpäc"@xto	
"se ~ ze ~ zɛ"@dcr	<http://ids.clld.org/values/1-329-217-1>		<http://ids.clld.org/parameters/1-329>		<http://ids.clld.org/values/1-329-209-1>		"[sāmudtär]"@xto	
"kaba"@dcr	<http://ids.clld.org/values/14-260-217-1>		<http://ids.clld.org/parameters/14-260>		<http://ids.clld.org/values/14-260-209-1>		"āk"@xto	
"ši"@dcr	<http://ids.clld.org/values/12-360-217-1>		<http://ids.clld.org/parameters/12-360>		<http://ids.clld.org/values/12-360-209-1>		"poṣi"@xto	
"al-tit"@dcr	<http://ids.clld.org/values/14-310-217-1>		<http://ids.clld.org/parameters/14-310>		<http://ids.clld.org/values/14-310-209-1>		"skam"@xto	
"asɛ"@dcr	<http://ids.clld.org/values/14-210-217-1>		<http://ids.clld.org/parameters/14-210>		<http://ids.clld.org/values/14-210-209-1>		"ymāräk"@xto	
"frai glik"@dcr	<http://ids.clld.org/values/16-180-217-1>		<http://ids.clld.org/parameters/16-180>		<http://ids.clld.org/values/16-180-209-1>		"[suk]"@xto	
"bik"@dcr	<http://ids.clld.org/values/4-460-217-1>		<http://ids.clld.org/parameters/4-460>		<http://ids.clld.org/values/4-460-209-1>		"kāts"@xto	
"hogo"@dcr	<http://ids.clld.org/values/4-210-217-1>		<http://ids.clld.org/parameters/4-210>		<http://ids.clld.org/values/4-210-209-1>		"ak"@xto	
"ɛn"@dcr	<http://ids.clld.org/values/17-510-217-3>		<http://ids.clld.org/parameters/17-510>		<http://ids.clld.org/values/17-510-209-3>		"yo"@xto	
"ɛn"@dcr	<http://ids.clld.org/values/17-510-217-3>		<http://ids.clld.org/parameters/17-510>		<http://ids.clld.org/values/17-510-209-1>		"śkaṃ"@xto	
"lɛ"@dcr	<http://ids.clld.org/values/1-610-217-1>		<http://ids.clld.org/parameters/1-610>		<http://ids.clld.org/values/1-610-209-1>		"lkäś"@xto	
"gras"@dcr	<http://ids.clld.org/values/15-440-217-1>		<http://ids.clld.org/parameters/15-440>		<http://ids.clld.org/values/15-440-209-1>		"waśeṃ"@xto	
"it"@dcr	<http://ids.clld.org/values/12-60-217-3>		<http://ids.clld.org/parameters/12-60>		<http://ids.clld.org/values/12-60-209-1>		"pärne"@xto	
"pot"@dcr	<http://ids.clld.org/values/5-260-217-1>		<http://ids.clld.org/parameters/5-260>		<http://ids.clld.org/values/5-260-209-1>		"[kunti]"@xto	
"abo(bo) ~ aobu ~ bo(bo) ~ bono ~ bu ~ (na-)bo(no) ~ obu"@dcr	<http://ids.clld.org/values/12-80-217-1>		<http://ids.clld.org/parameters/12-80>		<http://ids.clld.org/values/12-80-209-1>		"koc"@xto	
"son"@dcr	<http://ids.clld.org/values/1-520-217-1>		<http://ids.clld.org/parameters/1-520>		<http://ids.clld.org/values/1-520-209-1>		"koṃ"@xto	
"maŋke"@dcr	<http://ids.clld.org/values/16-620-217-1>		<http://ids.clld.org/parameters/16-620>		<http://ids.clld.org/values/16-620-209-1>		"yoke"@xto	
"sabəl"@dcr	<http://ids.clld.org/values/20-270-217-1>		<http://ids.clld.org/parameters/20-270>		<http://ids.clld.org/values/20-270-209-1>		"kāre"@xto	
"tɛna"@dcr	<http://ids.clld.org/values/19-430-217-1>		<http://ids.clld.org/parameters/19-430>		<http://ids.clld.org/values/19-430-209-1>		"[māɲɲe]"@xto	
"bran"@dcr	<http://ids.clld.org/values/1-852-217-1>		<http://ids.clld.org/parameters/1-852>		<http://ids.clld.org/values/1-852-209-1>		"sälp-"@xto	
"gɛra"@dcr	<http://ids.clld.org/values/19-620-217-1>		<http://ids.clld.org/parameters/19-620>		<http://ids.clld.org/values/19-620-209-1>		"kùɲaś"@xto	
"kaut(u)"@dcr	<http://ids.clld.org/values/15-860-217-1>		<http://ids.clld.org/parameters/15-860>		<http://ids.clld.org/values/15-860-209-1>		"kùraś"@xto	
"dik"@dcr	<http://ids.clld.org/values/12-630-217-1>		<http://ids.clld.org/parameters/12-630>		<http://ids.clld.org/values/12-630-209-1>		"ātsäts"@xto	
"duku"@dcr	<http://ids.clld.org/values/6-120-217-1>		<http://ids.clld.org/parameters/6-120>		<http://ids.clld.org/values/6-120-209-1>		"wsal"@xto	
"hus"@dcr	<http://ids.clld.org/values/7-120-217-1>		<http://ids.clld.org/parameters/7-120>		<http://ids.clld.org/values/7-120-209-1>		"waṣt"@xto	
"kabai"@dcr	<http://ids.clld.org/values/3-410-217-1>		<http://ids.clld.org/parameters/3-410>		<http://ids.clld.org/values/3-410-209-1>		"yuk"@xto	
"fitin ~ fetin"@dcr	<http://ids.clld.org/values/13-103-217-1>		<http://ids.clld.org/parameters/13-103>		<http://ids.clld.org/values/13-103-209-1>		"śäk-päɲ-pi"@xto	
"nodi"@dcr	<http://ids.clld.org/values/17-450-217-1>		<http://ids.clld.org/parameters/17-450>		<http://ids.clld.org/values/17-450-209-1>		"ɲātse"@xto	
"mi"@dcr	<http://ids.clld.org/values/2-910-217-1>		<http://ids.clld.org/parameters/2-910>		<http://ids.clld.org/values/2-910-209-1>		"näṣ"@xto	
"mi"@dcr	<http://ids.clld.org/values/2-910-217-1>		<http://ids.clld.org/parameters/2-910>		<http://ids.clld.org/values/2-910-209-3>		"ɲuk"@xto	
"(to)mɛs ~ tumɛs"@dcr	<http://ids.clld.org/values/12-430-217-3>		<http://ids.clld.org/parameters/12-430>		<http://ids.clld.org/values/12-430-209-1>		"kātse"@xto	
"ha(r)"@dcr	<http://ids.clld.org/values/4-144-217-1>		<http://ids.clld.org/parameters/4-144>		<http://ids.clld.org/values/4-144-209-1>		"yok"@xto	
"lo we"@dcr	<http://ids.clld.org/values/10-490-217-1>		<http://ids.clld.org/parameters/10-490>		<http://ids.clld.org/values/10-490-209-1>		"lit-"@xto	
"yuŋ-kin"@dcr	<http://ids.clld.org/values/2-250-217-1>		<http://ids.clld.org/parameters/2-250>		<http://ids.clld.org/values/2-250-209-1>		"śom"@xto	
"lɛik(i) ~ li(k) ~ liki"@dcr	<http://ids.clld.org/values/17-530-217-5>		<http://ids.clld.org/parameters/17-530>		<http://ids.clld.org/values/17-530-209-1>		"kuprene"@xto	
"kabe ~ karaber"@dcr	<http://ids.clld.org/values/19-510-217-7>		<http://ids.clld.org/parameters/19-510>		<http://ids.clld.org/values/19-510-209-1>		"naṣu"@xto	
"stɛm"@dcr	<http://ids.clld.org/values/18-110-217-1>		<http://ids.clld.org/parameters/18-110>		<http://ids.clld.org/values/18-110-209-3>		"wak"@xto	
"stɛm"@dcr	<http://ids.clld.org/values/18-110-217-1>		<http://ids.clld.org/parameters/18-110>		<http://ids.clld.org/values/18-110-209-1>		"waśeṃ"@xto	
"dridə"@dcr	<http://ids.clld.org/values/13-420-217-1>		<http://ids.clld.org/parameters/13-420>		<http://ids.clld.org/values/13-420-209-1>		"trit"@xto	
"pruf"@dcr	<http://ids.clld.org/values/15-310-217-1>		<http://ids.clld.org/parameters/15-310>		<http://ids.clld.org/values/15-310-209-1>		"śuk"@xto	
"spigəl"@dcr	<http://ids.clld.org/values/6-960-217-1>		<http://ids.clld.org/parameters/6-960>		<http://ids.clld.org/values/6-960-209-1>		"tāpaki"@xto	
"a ~ a(l)s ~ az"@dcr	<http://ids.clld.org/values/17-530-217-1>		<http://ids.clld.org/parameters/17-530>		<http://ids.clld.org/values/17-530-209-1>		"kuprene"@xto	
"waku"@dcr	<http://ids.clld.org/values/4-630-217-1>		<http://ids.clld.org/parameters/4-630>		<http://ids.clld.org/values/4-630-209-1>		"wār-"@xto	
"rambl"@dcr	<http://ids.clld.org/values/10-450-217-3>		<http://ids.clld.org/parameters/10-450>		<http://ids.clld.org/values/10-450-209-1>		"i-"@xto	
"al(ga)"@dcr	<http://ids.clld.org/values/13-140-217-3>		<http://ids.clld.org/parameters/13-140>		<http://ids.clld.org/values/13-140-209-1>		"pont-"@xto	
"rik"@dcr	<http://ids.clld.org/values/15-210-217-1>		<http://ids.clld.org/parameters/15-210>		<http://ids.clld.org/values/15-210-209-1>		"wär-"@xto	
"se"@dcr	<http://ids.clld.org/values/18-220-217-1>		<http://ids.clld.org/parameters/18-220>		<http://ids.clld.org/values/18-220-209-1>		"träṅk-"@xto	
"mɛnši"@dcr	<http://ids.clld.org/values/2-420-217-1>		<http://ids.clld.org/parameters/2-420>		<http://ids.clld.org/values/2-420-209-1>		"ckācar"@xto	
"horən"@dcr	<http://ids.clld.org/values/4-170-217-1>		<http://ids.clld.org/parameters/4-170>		<http://ids.clld.org/values/4-170-209-1>		"kror"@xto	
"wɛr(ə)m ~ wərm"@dcr	<http://ids.clld.org/values/15-851-217-1>		<http://ids.clld.org/parameters/15-851>		<http://ids.clld.org/values/15-851-209-1>		"omäl"@xto	
"stik"@dcr	<http://ids.clld.org/values/12-120-217-5>		<http://ids.clld.org/parameters/12-120>		<http://ids.clld.org/values/12-120-209-1>		"tā-"@xto	
"dra"@dcr	<http://ids.clld.org/values/9-330-217-1>		<http://ids.clld.org/parameters/9-330>		<http://ids.clld.org/values/9-330-209-5>		"ru-"@xto	
"dra"@dcr	<http://ids.clld.org/values/9-330-217-1>		<http://ids.clld.org/parameters/9-330>		<http://ids.clld.org/values/9-330-209-3>		"ep-"@xto	
"dra"@dcr	<http://ids.clld.org/values/9-330-217-1>		<http://ids.clld.org/parameters/9-330>		<http://ids.clld.org/values/9-330-209-1>		"yärt-"@xto	
"ki"@dcr	<http://ids.clld.org/values/15-510-217-1>		<http://ids.clld.org/parameters/15-510>		<http://ids.clld.org/values/15-510-209-1>		"läk-"@xto	
"sten"@dcr	<http://ids.clld.org/values/1-440-217-1>		<http://ids.clld.org/parameters/1-440>		<http://ids.clld.org/values/1-440-209-1>		"pāreṃ"@xto	
"mat(a)"@dcr	<http://ids.clld.org/values/19-510-217-1>		<http://ids.clld.org/parameters/19-510>		<http://ids.clld.org/values/19-510-209-1>		"naṣu"@xto	
"rɛči"@dcr	<http://ids.clld.org/values/12-410-217-1>		<http://ids.clld.org/parameters/12-410>		<http://ids.clld.org/values/12-410-209-1>		"śālyi"@xto	
"prat"@dcr	<http://ids.clld.org/values/18-210-217-1>		<http://ids.clld.org/parameters/18-210>		<http://ids.clld.org/values/18-210-209-1>		"träṅk-"@xto	
"wolk"@dcr	<http://ids.clld.org/values/1-730-217-1>		<http://ids.clld.org/parameters/1-730>		<http://ids.clld.org/values/1-730-209-1>		"tärkär"@xto	
"ha(r)"@dcr	<http://ids.clld.org/values/4-140-217-1>		<http://ids.clld.org/parameters/4-140>		<http://ids.clld.org/values/4-140-209-1>		"śāku"@xto	
"laŋ"@dcr	<http://ids.clld.org/values/12-570-217-1>		<http://ids.clld.org/parameters/12-570>		<http://ids.clld.org/values/12-570-209-3>		"aryu"@xto	
"laŋ"@dcr	<http://ids.clld.org/values/12-570-217-1>		<http://ids.clld.org/parameters/12-570>		<http://ids.clld.org/values/12-570-209-1>		"pärkär"@xto	
"tai"@dcr	<http://ids.clld.org/values/17-470-217-1>		<http://ids.clld.org/parameters/17-470>		<http://ids.clld.org/values/17-470-209-1>		"māski"@xto	
"stɛrək"@dcr	<http://ids.clld.org/values/4-810-217-1>		<http://ids.clld.org/parameters/4-810>		<http://ids.clld.org/values/4-810-209-1>		"tampe"@xto	
"blɛn ~ blin ~ blain"@dcr	<http://ids.clld.org/values/4-970-217-1>		<http://ids.clld.org/parameters/4-970>		<http://ids.clld.org/values/4-970-209-1>		"trak"@xto	
"grof (?)"@dcr	<http://ids.clld.org/values/15-760-217-1>		<http://ids.clld.org/parameters/15-760>		<http://ids.clld.org/values/15-760-209-1>		"āśāwe"@xto	
"lelik ~ lɛlik ~ likik"@dcr	<http://ids.clld.org/values/16-720-217-1>		<http://ids.clld.org/parameters/16-720>		<http://ids.clld.org/values/16-720-209-3>		"omäskeṃ"@xto	
"lelik ~ lɛlik ~ likik"@dcr	<http://ids.clld.org/values/16-720-217-1>		<http://ids.clld.org/parameters/16-720>		<http://ids.clld.org/values/16-720-209-1>		"umpar"@xto	
"dos"@dcr	<http://ids.clld.org/values/5-150-217-1>		<http://ids.clld.org/parameters/5-150>		<http://ids.clld.org/values/5-150-209-1>		"yoke"@xto	
"wilik ~ wɛrlik"@dcr	<http://ids.clld.org/values/1-550-217-1>		<http://ids.clld.org/parameters/1-550>		<http://ids.clld.org/values/1-550-209-1>		"polkāṃts"@xto	
"klen ~ klɛn ~ klenši"@dcr	<http://ids.clld.org/values/12-560-217-1>		<http://ids.clld.org/parameters/12-560>		<http://ids.clld.org/values/12-560-209-1>		"lykäly"@xto	
"hɛl"@dcr	<http://ids.clld.org/values/22-320-217-1>		<http://ids.clld.org/parameters/22-320>		<http://ids.clld.org/values/22-320-209-1>		"[ɲare]"@xto	
"wurum"@dcr	<http://ids.clld.org/values/3-840-217-1>		<http://ids.clld.org/parameters/3-840>		<http://ids.clld.org/values/3-840-209-1>		"walyī"@xto	
"drai"@dcr	<http://ids.clld.org/values/12-930-217-1>		<http://ids.clld.org/parameters/12-930>		<http://ids.clld.org/values/12-930-209-1>		"lutk-"@xto	
"wa(wa) ~ walget ~ warget ~ wargəit"@dcr	<http://ids.clld.org/values/16-660-217-1>		<http://ids.clld.org/parameters/16-660>		<http://ids.clld.org/values/16-660-209-1>		"kārme"@xto	
"bak"@dcr	<http://ids.clld.org/values/5-330-217-1>		<http://ids.clld.org/parameters/5-330>		<http://ids.clld.org/values/5-330-209-1>		"[pātär]"@xto	
"ekeren ~ ɛkɛrɛn"@dcr	<http://ids.clld.org/values/13-140-217-1>		<http://ids.clld.org/parameters/13-140>		<http://ids.clld.org/values/13-140-209-1>		"pont-"@xto	
"bom"@dcr	<http://ids.clld.org/values/8-600-217-1>		<http://ids.clld.org/parameters/8-600>		<http://ids.clld.org/values/8-600-209-1>		"ṣtām"@xto	
"flig"@dcr	<http://ids.clld.org/values/10-370-217-1>		<http://ids.clld.org/parameters/10-370>		<http://ids.clld.org/values/10-370-209-3>		"säl-"@xto	
"flig"@dcr	<http://ids.clld.org/values/10-370-217-1>		<http://ids.clld.org/parameters/10-370>		<http://ids.clld.org/values/10-370-209-1>		"plu-"@xto	
"ta(i) ~ tita"@dcr	<http://ids.clld.org/values/2-350-217-5>		<http://ids.clld.org/parameters/2-350>		<http://ids.clld.org/values/2-350-209-1>		"pācar"@xto	
"guri"@dcr	<http://ids.clld.org/values/12-530-217-1>		<http://ids.clld.org/parameters/12-530>		<http://ids.clld.org/values/12-530-209-1>		"śamantär"@xto	
"guri"@dcr	<http://ids.clld.org/values/12-530-217-1>		<http://ids.clld.org/parameters/12-530>		<http://ids.clld.org/values/12-530-209-3>		"tsäm-"@xto	
"dič"@dcr	<http://ids.clld.org/values/8-170-217-1>		<http://ids.clld.org/parameters/8-170>		<http://ids.clld.org/values/8-170-209-1>		"yṣaṃ"@xto	
"ki"@dcr	<http://ids.clld.org/values/15-520-217-1>		<http://ids.clld.org/parameters/15-520>		<http://ids.clld.org/values/15-520-209-1>		"läk-"@xto	
"rɛs"@dcr	<http://ids.clld.org/values/4-912-217-1>		<http://ids.clld.org/parameters/4-912>		<http://ids.clld.org/values/4-912-209-1>		"āɲu"@xto	
"hunɛrt"@dcr	<http://ids.clld.org/values/13-105-217-1>		<http://ids.clld.org/parameters/13-105>		<http://ids.clld.org/values/13-105-209-1>		"känt"@xto	
"mi sari"@dcr	<http://ids.clld.org/values/16-340-217-1>		<http://ids.clld.org/parameters/16-340>		<http://ids.clld.org/values/16-340-209-1>		"śur-"@xto	
"hop"@dcr	<http://ids.clld.org/values/16-630-217-1>		<http://ids.clld.org/parameters/16-630>		<http://ids.clld.org/values/16-630-209-1>		"pärmank"@xto	
"not (?)"@dcr	<http://ids.clld.org/values/12-470-217-1>		<http://ids.clld.org/parameters/12-470>		<http://ids.clld.org/values/12-470-209-1>		"ṣuliɲc"@xto	
"dans"@dcr	<http://ids.clld.org/values/10-440-217-1>		<http://ids.clld.org/parameters/10-440>		<http://ids.clld.org/values/10-440-209-1>		"tsip-"@xto	
"blut"@dcr	<http://ids.clld.org/values/4-150-217-1>		<http://ids.clld.org/parameters/4-150>		<http://ids.clld.org/values/4-150-209-1>		"ysār"@xto	
"ale(n)"@dcr	<http://ids.clld.org/values/13-330-217-1>		<http://ids.clld.org/parameters/13-330>		<http://ids.clld.org/values/13-330-209-3>		"snāki"@xto	
"ale(n)"@dcr	<http://ids.clld.org/values/13-330-217-1>		<http://ids.clld.org/parameters/13-330>		<http://ids.clld.org/values/13-330-209-1>		"sasak"@xto	
"fat"@dcr	<http://ids.clld.org/values/11-140-217-3>		<http://ids.clld.org/parameters/11-140>		<http://ids.clld.org/values/11-140-209-1>		"eṃts-"@xto	
"hok"@dcr	<http://ids.clld.org/values/12-310-217-1>		<http://ids.clld.org/parameters/12-310>		<http://ids.clld.org/values/12-310-209-1>		"tpär"@xto	
"tap-(h)us"@dcr	<http://ids.clld.org/values/19-150-217-1>		<http://ids.clld.org/parameters/19-150>		<http://ids.clld.org/values/19-150-209-1>		"ri"@xto	
"frou"@dcr	<http://ids.clld.org/values/2-320-217-1>		<http://ids.clld.org/parameters/2-320>		<http://ids.clld.org/values/2-320-209-1>		"śäṃ"@xto	
"sak ne"@dcr	<http://ids.clld.org/values/10-473-217-1>		<http://ids.clld.org/parameters/10-473>		<http://ids.clld.org/values/10-473-209-1>		"kārp-"@xto	
"buk"@dcr	<http://ids.clld.org/values/18-610-217-1>		<http://ids.clld.org/parameters/18-610>		<http://ids.clld.org/values/18-610-209-3>		"[postäk]"@xto	
"buk"@dcr	<http://ids.clld.org/values/18-610-217-1>		<http://ids.clld.org/parameters/18-610>		<http://ids.clld.org/values/18-610-209-1>		"[postak]"@xto	
"bru ~ buči"@dcr	<http://ids.clld.org/values/2-440-217-1>		<http://ids.clld.org/parameters/2-440>		<http://ids.clld.org/values/2-440-209-1>		"pracar"@xto	
"pin"@dcr	<http://ids.clld.org/values/16-310-217-1>		<http://ids.clld.org/parameters/16-310>		<http://ids.clld.org/values/16-310-209-1>		"klop"@xto	
"kini"@dcr	<http://ids.clld.org/values/4-360-217-1>		<http://ids.clld.org/parameters/4-360>		<http://ids.clld.org/values/4-360-209-1>		"kanweṃ"@xto	
"mata"@dcr	<http://ids.clld.org/values/4-760-217-1>		<http://ids.clld.org/parameters/4-760>		<http://ids.clld.org/values/4-760-209-1>		"ko-"@xto	
"frən ~ frin"@dcr	<http://ids.clld.org/values/19-510-217-5>		<http://ids.clld.org/parameters/19-510>		<http://ids.clld.org/values/19-510-209-1>		"naṣu"@xto	
"wit"@dcr	<http://ids.clld.org/values/15-640-217-1>		<http://ids.clld.org/parameters/15-640>		<http://ids.clld.org/values/15-640-209-1>		"ārki"@xto	
"lamp(ara)"@dcr	<http://ids.clld.org/values/7-450-217-1>		<http://ids.clld.org/parameters/7-450>		<http://ids.clld.org/values/7-450-209-1>		"cok"@xto	
"plat"@dcr	<http://ids.clld.org/values/9-750-217-1>		<http://ids.clld.org/parameters/9-750>		<http://ids.clld.org/values/9-750-209-1>		"wäp-"@xto	
"houtu ~ hautu"@dcr	<http://ids.clld.org/values/1-430-217-1>		<http://ids.clld.org/parameters/1-430>		<http://ids.clld.org/values/1-430-209-1>		"or"@xto	
"ri"@dcr	<http://ids.clld.org/values/10-660-217-1>		<http://ids.clld.org/parameters/10-660>		<http://ids.clld.org/values/10-660-209-1>		"klānk-"@xto	
"rɛgən ~ regon ~ regun"@dcr	<http://ids.clld.org/values/1-750-217-1>		<http://ids.clld.org/parameters/1-750>		<http://ids.clld.org/values/1-750-209-1>		"swase"@xto	
"popa ~ pupa"@dcr	<http://ids.clld.org/values/2-350-217-3>		<http://ids.clld.org/parameters/2-350>		<http://ids.clld.org/values/2-350-209-1>		"pācar"@xto	
"ast(ə)r ~ (n)astu"@dcr	<http://ids.clld.org/values/12-10-217-1>		<http://ids.clld.org/parameters/12-10>		<http://ids.clld.org/values/12-10-209-1>		"särki"@xto	
"wai"@dcr	<http://ids.clld.org/values/10-380-217-3>		<http://ids.clld.org/parameters/10-380>		<http://ids.clld.org/values/10-380-209-1>		"pis-"@xto	
"slap"@dcr	<http://ids.clld.org/values/4-610-217-1>		<http://ids.clld.org/parameters/4-610>		<http://ids.clld.org/values/4-610-209-1>		"klis-"@xto	
"slap"@dcr	<http://ids.clld.org/values/4-610-217-1>		<http://ids.clld.org/parameters/4-610>		<http://ids.clld.org/values/4-610-209-3>		"ṣpäṇ"@xto	
"wilik ~ wɛrlik"@dcr	<http://ids.clld.org/values/1-570-217-1>		<http://ids.clld.org/parameters/1-570>		<http://ids.clld.org/values/1-570-209-1>		"[vājär]"@xto	
"zwim ~ zwɛm"@dcr	<http://ids.clld.org/values/10-350-217-1>		<http://ids.clld.org/parameters/10-350>		<http://ids.clld.org/values/10-350-209-1>		"yär-"@xto	
"kui"@dcr	<http://ids.clld.org/values/3-230-217-1>		<http://ids.clld.org/parameters/3-230>		<http://ids.clld.org/values/3-230-209-1>		"ko"@xto	
"pi"@dcr	<http://ids.clld.org/values/15-870-217-3>		<http://ids.clld.org/parameters/15-870>		<http://ids.clld.org/values/15-870-209-1>		"āṣtär"@xto	
"kwat"@dcr	<http://ids.clld.org/values/16-420-217-1>		<http://ids.clld.org/parameters/16-420>		<http://ids.clld.org/values/16-420-209-1>		"tärm-"@xto	
"ons"@dcr	<http://ids.clld.org/values/2-940-217-1>		<http://ids.clld.org/parameters/2-940>		<http://ids.clld.org/values/2-940-209-1>		"was"@xto	
"sla"@dcr	<http://ids.clld.org/values/9-222-217-3>		<http://ids.clld.org/parameters/9-222>		<http://ids.clld.org/values/9-222-209-1>		"kot-"@xto	
"han"@dcr	<http://ids.clld.org/values/4-310-217-1>		<http://ids.clld.org/parameters/4-310>		<http://ids.clld.org/values/4-310-209-1>		"poke"@xto	
"hogo-brai"@dcr	<http://ids.clld.org/values/4-212-217-1>		<http://ids.clld.org/parameters/4-212>		<http://ids.clld.org/values/4-212-209-1>		"pärwāṃ"@xto	
"fra(g)"@dcr	<http://ids.clld.org/values/18-350-217-1>		<http://ids.clld.org/parameters/18-350>		<http://ids.clld.org/values/18-350-209-1>		"pärk-"@xto	
"nai"@dcr	<http://ids.clld.org/values/6-350-217-1>		<http://ids.clld.org/parameters/6-350>		<http://ids.clld.org/values/6-350-209-1>		"su-"@xto	
"hou"@dcr	<http://ids.clld.org/values/14-150-217-1>		<http://ids.clld.org/parameters/14-150>		<http://ids.clld.org/values/14-150-209-1>		"mokone"@xto	
"fal"@dcr	<http://ids.clld.org/values/10-230-217-3>		<http://ids.clld.org/parameters/10-230>		<http://ids.clld.org/values/10-230-209-1>		"klā(w)-"@xto	
"kiniŋ"@dcr	<http://ids.clld.org/values/19-320-217-1>		<http://ids.clld.org/parameters/19-320>		<http://ids.clld.org/values/19-320-209-3>		"lāṃś"@xto	
"kiniŋ"@dcr	<http://ids.clld.org/values/19-320-217-1>		<http://ids.clld.org/parameters/19-320>		<http://ids.clld.org/values/19-320-209-1>		"wäl"@xto	
"twedɛ"@dcr	<http://ids.clld.org/values/13-360-217-1>		<http://ids.clld.org/parameters/13-360>		<http://ids.clld.org/values/13-360-209-1>		"wät"@xto	
"wis"@dcr	<http://ids.clld.org/values/15-550-217-1>		<http://ids.clld.org/parameters/15-550>		<http://ids.clld.org/values/15-550-209-1>		"läks-"@xto	
"wɛn ~ win"@dcr	<http://ids.clld.org/values/4-510-217-3>		<http://ids.clld.org/parameters/4-510>		<http://ids.clld.org/values/4-510-209-1>		"wraseṃ"@xto	
"(na-)biniši"@dcr	<http://ids.clld.org/values/12-50-217-1>		<http://ids.clld.org/parameters/12-50>		<http://ids.clld.org/values/12-50-209-1>		"an(n)e"@xto	
"en"@dcr	<http://ids.clld.org/values/13-10-217-1>		<http://ids.clld.org/parameters/13-10>		<http://ids.clld.org/values/13-10-209-1>		"sas"@xto	
"en"@dcr	<http://ids.clld.org/values/13-10-217-1>		<http://ids.clld.org/parameters/13-10>		<http://ids.clld.org/values/13-10-209-3>		"säṃ"@xto	
"futu"@dcr	<http://ids.clld.org/values/4-370-217-1>		<http://ids.clld.org/parameters/4-370>		<http://ids.clld.org/values/4-370-209-1>		"pe"@xto	
"as"@dcr	<http://ids.clld.org/values/17-520-217-1>		<http://ids.clld.org/parameters/17-520>		<http://ids.clld.org/values/17-520-209-1>		"kuc"@xto	
"šolat"@dcr	<http://ids.clld.org/values/20-170-217-1>		<http://ids.clld.org/parameters/20-170>		<http://ids.clld.org/values/20-170-209-1>		"waco"@xto	
"gibo ~ gɛborɛn"@dcr	<http://ids.clld.org/values/4-720-217-1>		<http://ids.clld.org/parameters/4-720>		<http://ids.clld.org/values/4-720-209-1>		"täm-"@xto	
"pok"@dcr	<http://ids.clld.org/values/10-670-217-1>		<http://ids.clld.org/parameters/10-670>		<http://ids.clld.org/values/10-670-209-1>		"nätk-"@xto	
"pošɛs"@dcr	<http://ids.clld.org/values/14-210-217-5>		<http://ids.clld.org/parameters/14-210>		<http://ids.clld.org/values/14-210-209-1>		"ymāräk"@xto	
"han"@dcr	<http://ids.clld.org/values/4-330-217-1>		<http://ids.clld.org/parameters/4-330>		<http://ids.clld.org/values/4-330-209-1>		"tsar"@xto	
"doŋ"@dcr	<http://ids.clld.org/values/12-30-217-3>		<http://ids.clld.org/parameters/12-30>		<http://ids.clld.org/values/12-30-209-1>		"posaṃ"@xto	
"doŋ"@dcr	<http://ids.clld.org/values/12-30-217-3>		<http://ids.clld.org/parameters/12-30>		<http://ids.clld.org/values/12-30-209-3>		"posac"@xto	
"watu"@dcr	<http://ids.clld.org/values/1-310-217-1>		<http://ids.clld.org/parameters/1-310>		<http://ids.clld.org/values/1-310-209-3>		"wräntu"@xto	
"watu"@dcr	<http://ids.clld.org/values/1-310-217-1>		<http://ids.clld.org/parameters/1-310>		<http://ids.clld.org/values/1-310-209-1>		"wär"@xto	
"grot(o)"@dcr	<http://ids.clld.org/values/12-550-217-1>		<http://ids.clld.org/parameters/12-550>		<http://ids.clld.org/values/12-550-209-3>		"śāwe"@xto	
"grot(o)"@dcr	<http://ids.clld.org/values/12-550-217-1>		<http://ids.clld.org/parameters/12-550>		<http://ids.clld.org/values/12-550-209-1>		"tsopats"@xto	
"lat"@dcr	<http://ids.clld.org/values/14-170-217-1>		<http://ids.clld.org/parameters/14-170>		<http://ids.clld.org/values/14-170-209-1>		"särkiɲco"@xto	
"nat"@dcr	<http://ids.clld.org/values/15-830-217-1>		<http://ids.clld.org/parameters/15-830>		<http://ids.clld.org/values/15-830-209-1>		"wip-"@xto	
"kok"@dcr	<http://ids.clld.org/values/5-210-217-1>		<http://ids.clld.org/parameters/5-210>		<http://ids.clld.org/values/5-210-209-1>		"päk-"@xto	
"fol(o)k"@dcr	<http://ids.clld.org/values/10-520-217-1>		<http://ids.clld.org/parameters/10-520>		<http://ids.clld.org/values/10-520-209-1>		"säk- (?)"@xto	
"bli"@dcr	<http://ids.clld.org/values/16-230-217-1>		<http://ids.clld.org/parameters/16-230>		<http://ids.clld.org/values/16-230-209-1>		"tsārwo"@xto	
"pat"@dcr	<http://ids.clld.org/values/10-720-217-1>		<http://ids.clld.org/parameters/10-720>		<http://ids.clld.org/values/10-720-209-1>		"yme"@xto	
"mɛnši"@dcr	<http://ids.clld.org/values/2-260-217-1>		<http://ids.clld.org/parameters/2-260>		<http://ids.clld.org/values/2-260-209-1>		"śomiṃ"@xto	
"toŋ"@dcr	<http://ids.clld.org/values/4-260-217-1>		<http://ids.clld.org/parameters/4-260>		<http://ids.clld.org/values/4-260-209-1>		"käntu"@xto	
"ya(r)"@dcr	<http://ids.clld.org/values/14-730-217-1>		<http://ids.clld.org/parameters/14-730>		<http://ids.clld.org/values/14-730-209-1>		"pùkäl"@xto	
"savan"@dcr	<http://ids.clld.org/values/3-160-217-1>		<http://ids.clld.org/parameters/3-160>		<http://ids.clld.org/values/3-160-209-1>		"wäsri"@xto	
"tumbl"@dcr	<http://ids.clld.org/values/10-230-217-5>		<http://ids.clld.org/parameters/10-230>		<http://ids.clld.org/values/10-230-209-1>		"klā(w)-"@xto	
"sti"@dcr	<http://ids.clld.org/values/10-630-217-1>		<http://ids.clld.org/parameters/10-630>		<http://ids.clld.org/values/10-630-209-1>		"lu-"@xto	
"ret ši"@dcr	<http://ids.clld.org/values/12-410-217-3>		<http://ids.clld.org/parameters/12-410>		<http://ids.clld.org/values/12-410-209-1>		"śālyi"@xto	
"pati"@dcr	<http://ids.clld.org/values/11-910-217-1>		<http://ids.clld.org/parameters/11-910>		<http://ids.clld.org/values/11-910-209-1>		"pāk yām-/ypa-/ya-"@xto	
"dak"@dcr	<http://ids.clld.org/values/14-410-217-1>		<http://ids.clld.org/parameters/14-410>		<http://ids.clld.org/values/14-410-209-1>		"koṃ"@xto	
"ma"@dcr	<http://ids.clld.org/values/6-330-217-1>		<http://ids.clld.org/parameters/6-330>		<http://ids.clld.org/values/6-330-209-1>		"wäp-"@xto	
"ko"@dcr	<http://ids.clld.org/values/10-480-217-1>		<http://ids.clld.org/parameters/10-480>		<http://ids.clld.org/values/10-480-209-1>		"kum-"@xto	
"abɛ ~ ape ~ (w)api ~ ɛpɛ"@dcr	<http://ids.clld.org/values/17-660-217-1>		<http://ids.clld.org/parameters/17-660>		<http://ids.clld.org/values/17-660-209-1>		"äntanne"@xto	
"dip"@dcr	<http://ids.clld.org/values/12-670-217-1>		<http://ids.clld.org/parameters/12-670>		<http://ids.clld.org/values/12-670-209-1>		"kupār"@xto	
"diŋko"@dcr	<http://ids.clld.org/values/17-310-217-1>		<http://ids.clld.org/parameters/17-310>		<http://ids.clld.org/values/17-310-209-1>		"[opyac] käl-"@xto	
"paso"@dcr	<http://ids.clld.org/values/11-240-217-3>		<http://ids.clld.org/parameters/11-240>		<http://ids.clld.org/values/11-240-209-1>		"pās-"@xto	
"fol(o)k ~ foluk ~ fulok ~ fuluk"@dcr	<http://ids.clld.org/values/19-210-217-1>		<http://ids.clld.org/parameters/19-210>		<http://ids.clld.org/values/19-210-209-1>		"ārkiśoṣi"@xto	
"fol(o)k ~ foluk ~ fulok ~ fuluk"@dcr	<http://ids.clld.org/values/19-210-217-1>		<http://ids.clld.org/parameters/19-210>		<http://ids.clld.org/values/19-210-209-3>		"śoṣi"@xto	
"bus"@dcr	<http://ids.clld.org/values/1-410-217-1>		<http://ids.clld.org/parameters/1-410>		<http://ids.clld.org/values/1-410-209-1>		"kārāś"@xto	
"oli"@dcr	<http://ids.clld.org/values/5-790-217-1>		<http://ids.clld.org/parameters/5-790>		<http://ids.clld.org/values/5-790-209-1>		"ṣälyp"@xto	
"bigin"@dcr	<http://ids.clld.org/values/14-250-217-1>		<http://ids.clld.org/parameters/14-250>		<http://ids.clld.org/values/14-250-209-1>		"on-"@xto	
"sti"@dcr	<http://ids.clld.org/values/10-650-217-1>		<http://ids.clld.org/parameters/10-650>		<http://ids.clld.org/values/10-650-209-1>		"āk-"@xto	
"wek ~ wɛk"@dcr	<http://ids.clld.org/values/14-610-217-1>		<http://ids.clld.org/parameters/14-610>		<http://ids.clld.org/values/14-610-209-1>		"ṣpät-koɲi"@xto	
"aks"@dcr	<http://ids.clld.org/values/9-250-217-1>		<http://ids.clld.org/parameters/9-250>		<http://ids.clld.org/values/9-250-209-1>		"[porat]"@xto	
"wil"@dcr	<http://ids.clld.org/values/10-760-217-1>		<http://ids.clld.org/parameters/10-760>		<http://ids.clld.org/values/10-760-209-1>		"wärkänt"@xto	
"rigi-ben"@dcr	<http://ids.clld.org/values/4-191-217-1>		<http://ids.clld.org/parameters/4-191>		<http://ids.clld.org/values/4-191-209-1>		"särśi"@xto	
"kot"@dcr	<http://ids.clld.org/values/15-860-217-3>		<http://ids.clld.org/parameters/15-860>		<http://ids.clld.org/values/15-860-209-1>		"kùraś"@xto	
"yu"@dcr	<http://ids.clld.org/values/2-920-217-1>		<http://ids.clld.org/parameters/2-920>		<http://ids.clld.org/values/2-920-209-1>		"tu"@xto	
"los"@dcr	<http://ids.clld.org/values/9-161-217-1>		<http://ids.clld.org/parameters/9-161>		<http://ids.clld.org/values/9-161-209-1>		"tärk-"@xto	
"ru op"@dcr	<http://ids.clld.org/values/11-270-217-1>		<http://ids.clld.org/parameters/11-270>		<http://ids.clld.org/values/11-270-209-1>		"näk-"@xto	
"awi(di)"@dcr	<http://ids.clld.org/values/17-680-217-1>		<http://ids.clld.org/parameters/17-680>		<http://ids.clld.org/values/17-680-209-1>		"kus"@xto	
"ko abini"@dcr	<http://ids.clld.org/values/10-570-217-1>		<http://ids.clld.org/parameters/10-570>		<http://ids.clld.org/values/10-570-209-1>		"yow-"@xto	
"fas"@dcr	<http://ids.clld.org/values/11-140-217-1>		<http://ids.clld.org/parameters/11-140>		<http://ids.clld.org/values/11-140-209-1>		"eṃts-"@xto	
"garən"@dcr	<http://ids.clld.org/values/6-380-217-1>		<http://ids.clld.org/parameters/6-380>		<http://ids.clld.org/values/6-380-209-1>		"kluṃts (?)"@xto	
"sni ~ šini"@dcr	<http://ids.clld.org/values/9-220-217-5>		<http://ids.clld.org/parameters/9-220>		<http://ids.clld.org/values/9-220-209-1>		"karṣt-"@xto	
"sni ~ šini"@dcr	<http://ids.clld.org/values/9-220-217-5>		<http://ids.clld.org/parameters/9-220>		<http://ids.clld.org/values/9-220-209-3>		"lātk-"@xto	
"sni ~ šini"@dcr	<http://ids.clld.org/values/9-220-217-5>		<http://ids.clld.org/parameters/9-220>		<http://ids.clld.org/values/9-220-209-5>		"prutk-"@xto	
