"kikin-dif"@dcr	<http://ids.clld.org/values/3-585-217-1>		<http://ids.clld.org/parameters/3-585>		<http://ids.clld.org/values/3-585-174-1>		"hiyāna"@mch	
"blas"@dcr	<http://ids.clld.org/values/10-380-217-1>		<http://ids.clld.org/parameters/10-380>		<http://ids.clld.org/values/10-380-174-1>		"yaičumā-dɨ"@mch	
"bom"@dcr	<http://ids.clld.org/values/1-420-217-1>		<http://ids.clld.org/parameters/1-420>		<http://ids.clld.org/values/1-420-174-1>		"dē"@mch	
"dot ~ dod"@dcr	<http://ids.clld.org/values/4-750-217-1>		<http://ids.clld.org/parameters/4-750>		<http://ids.clld.org/values/4-750-174-1>		"-əma-"@mch	
"mole-"@dcr	<http://ids.clld.org/values/12-340-217-3>		<http://ids.clld.org/parameters/12-340>		<http://ids.clld.org/values/12-340-174-1>		"nwaʔkəi"@mch	
"fligi"@dcr	<http://ids.clld.org/values/3-830-217-1>		<http://ids.clld.org/parameters/3-830>		<http://ids.clld.org/values/3-830-174-1>		"wedēsede"@mch	
"(hou)-nom"@dcr	<http://ids.clld.org/values/2-310-217-3>		<http://ids.clld.org/parameters/2-310>		<http://ids.clld.org/values/2-310-174-1>		"-ɲno"@mch	
"ak"@dcr	<http://ids.clld.org/values/13-80-217-1>		<http://ids.clld.org/parameters/13-80>		<http://ids.clld.org/values/13-80-174-1>		"aduwawə amohaʔto"@mch	
"negon"@dcr	<http://ids.clld.org/values/13-90-217-1>		<http://ids.clld.org/parameters/13-90>		<http://ids.clld.org/values/13-90-174-1>		"āʔkəi čea amohaʔto"@mch	
"puši"@dcr	<http://ids.clld.org/values/3-620-217-1>		<http://ids.clld.org/parameters/3-620>		<http://ids.clld.org/values/3-620-174-1>		"[mēši]"@mch	
"grot-muma ~ grot-ma"@dcr	<http://ids.clld.org/values/2-470-217-3>		<http://ids.clld.org/parameters/2-470>		<http://ids.clld.org/values/2-470-174-1>		"-tamū-du"@mch	
"fi"@dcr	<http://ids.clld.org/values/1-820-217-1>		<http://ids.clld.org/parameters/1-820>		<http://ids.clld.org/values/1-820-174-1>		"wāʔto"@mch	
"mɛn"@dcr	<http://ids.clld.org/values/4-860-217-1>		<http://ids.clld.org/parameters/4-860>		<http://ids.clld.org/values/4-860-174-1>		"adonkadɨ"@mch	
"muči ~ muši"@dcr	<http://ids.clld.org/values/13-150-217-3>		<http://ids.clld.org/parameters/13-150>		<http://ids.clld.org/values/13-150-174-1>		"hōhe"@mch	
"ɛ(r)stə ~ ɛstu"@dcr	<http://ids.clld.org/values/13-340-217-1>		<http://ids.clld.org/parameters/13-340>		<http://ids.clld.org/values/13-340-174-1>		"awaʔde"@mch	
"nɛf ~ nef"@dcr	<http://ids.clld.org/values/5-380-217-3>		<http://ids.clld.org/parameters/5-380>		<http://ids.clld.org/values/5-380-174-1>		"kɨmɨʔkə"@mch	
"kaba"@dcr	<http://ids.clld.org/values/14-270-217-1>		<http://ids.clld.org/parameters/14-270>		<http://ids.clld.org/values/14-270-174-1>		"w-əʔka-nə"@mch	
"fɛv ~ fɛif"@dcr	<http://ids.clld.org/values/13-50-217-1>		<http://ids.clld.org/parameters/13-50>		<http://ids.clld.org/values/13-50-174-1>		"hyātodea"@mch	
"swat"@dcr	<http://ids.clld.org/values/15-650-217-1>		<http://ids.clld.org/parameters/15-650>		<http://ids.clld.org/values/15-650-174-1>		"hudumato"@mch	
"smok"@dcr	<http://ids.clld.org/values/1-830-217-1>		<http://ids.clld.org/parameters/1-830>		<http://ids.clld.org/values/1-830-174-1>		"widīnčə"@mch	
"rak"@dcr	<http://ids.clld.org/values/10-550-217-1>		<http://ids.clld.org/parameters/10-550>		<http://ids.clld.org/values/10-550-174-1>		"w-əʔdɨ-nə"@mch	
"drok ~ drog"@dcr	<http://ids.clld.org/values/15-840-217-1>		<http://ids.clld.org/parameters/15-840>		<http://ids.clld.org/values/15-840-174-1>		"ssedēhe"@mch	
"lik"@dcr	<http://ids.clld.org/values/16-670-217-1>		<http://ids.clld.org/parameters/16-670>		<http://ids.clld.org/values/16-670-174-1>		"-enkutə-"@mch	
"klɛn ~ klen ~ klenči"@dcr	<http://ids.clld.org/values/13-170-217-1>		<http://ids.clld.org/parameters/13-170>		<http://ids.clld.org/values/13-170-174-1>		"ākəʔkə"@mch	
"ses ~ sɛs"@dcr	<http://ids.clld.org/values/13-60-217-1>		<http://ids.clld.org/parameters/13-60>		<http://ids.clld.org/values/13-60-174-1>		"tōni amohaʔto"@mch	
"flɛs ~ flɛis"@dcr	<http://ids.clld.org/values/4-130-217-1>		<http://ids.clld.org/parameters/4-130>		<http://ids.clld.org/values/4-130-174-1>		"hyunu"@mch	
"ko(r)t"@dcr	<http://ids.clld.org/values/12-590-217-1>		<http://ids.clld.org/parameters/12-590>		<http://ids.clld.org/values/12-590-174-1>		"tawedato"@mch	
"lɛi"@dcr	<http://ids.clld.org/values/12-120-217-3>		<http://ids.clld.org/parameters/12-120>		<http://ids.clld.org/values/12-120-174-1>		"enɨ̄ta"@mch	
"lɛi"@dcr	<http://ids.clld.org/values/12-120-217-3>		<http://ids.clld.org/parameters/12-120>		<http://ids.clld.org/values/12-120-174-3>		"-ehuʔta-"@mch	
"mu"@dcr	<http://ids.clld.org/values/4-910-217-1>		<http://ids.clld.org/parameters/4-910>		<http://ids.clld.org/values/4-910-174-1>		"tɨkinča"@mch	
"slaŋ"@dcr	<http://ids.clld.org/values/3-850-217-1>		<http://ids.clld.org/parameters/3-850>		<http://ids.clld.org/values/3-850-174-1>		"əkə̄yu"@mch	
"mui"@dcr	<http://ids.clld.org/values/2-520-217-1>		<http://ids.clld.org/parameters/2-520>		<http://ids.clld.org/values/2-520-174-1>		"waynɲeʔney"@mch	
"(h)am ~ (h)an"@dcr	<http://ids.clld.org/values/2-930-217-1>		<http://ids.clld.org/parameters/2-930>		<http://ids.clld.org/values/2-930-174-1>		"tɨwɨ"@mch	
"frau"@dcr	<http://ids.clld.org/values/2-220-217-1>		<http://ids.clld.org/parameters/2-220>		<http://ids.clld.org/values/2-220-174-1>		"wodi"@mch	
"batum"@dcr	<http://ids.clld.org/values/12-340-217-1>		<http://ids.clld.org/parameters/12-340>		<http://ids.clld.org/values/12-340-174-1>		"nwaʔkəi"@mch	
"nas-i-slim"@dcr	<http://ids.clld.org/values/4-232-217-1>		<http://ids.clld.org/parameters/4-232>		<http://ids.clld.org/values/4-232-174-1>		"ənuʔtə"@mch	
"plan(t)"@dcr	<http://ids.clld.org/values/8-531-217-1>		<http://ids.clld.org/parameters/8-531>		<http://ids.clld.org/values/8-531-174-1>		"aiʔčɨdɨ"@mch	
"so"@dcr	<http://ids.clld.org/values/2-410-217-1>		<http://ids.clld.org/parameters/2-410>		<http://ids.clld.org/values/2-410-174-1>		"nnedɨ"@mch	
"duŋku ~ dunki"@dcr	<http://ids.clld.org/values/14-460-217-1>		<http://ids.clld.org/parameters/14-460>		<http://ids.clld.org/values/14-460-174-1>		"čomomɨdawə"@mch	
"man"@dcr	<http://ids.clld.org/values/1-530-217-1>		<http://ids.clld.org/parameters/1-530>		<http://ids.clld.org/values/1-530-174-1>		"nūnə"@mch	
"ɛlɛf ~ elef"@dcr	<http://ids.clld.org/values/13-101-217-1>		<http://ids.clld.org/parameters/13-101>		<http://ids.clld.org/values/13-101-174-1>		"amohadəʔto dēwə tōni"@mch	
"koho"@dcr	<http://ids.clld.org/values/4-530-217-1>		<http://ids.clld.org/parameters/4-530>		<http://ids.clld.org/values/4-530-174-1>		"təinšiʔho"@mch	
"rɛil"@dcr	<http://ids.clld.org/values/11-830-217-1>		<http://ids.clld.org/parameters/11-830>		<http://ids.clld.org/values/11-830-174-1>		"wətəʔtihānə"@mch	
"moruk"@dcr	<http://ids.clld.org/values/14-480-217-1>		<http://ids.clld.org/parameters/14-480>		<http://ids.clld.org/values/14-480-174-1>		"henamma"@mch	
"rup"@dcr	<http://ids.clld.org/values/18-410-217-1>		<http://ids.clld.org/parameters/18-410>		<http://ids.clld.org/values/18-410-174-1>		"aʔdewhaʔdɨ"@mch	
"(h)ašiši"@dcr	<http://ids.clld.org/values/1-840-217-1>		<http://ids.clld.org/parameters/1-840>		<http://ids.clld.org/values/1-840-174-1>		"wedēnnə"@mch	
"swa(r)t"@dcr	<http://ids.clld.org/values/15-630-217-1>		<http://ids.clld.org/parameters/15-630>		<http://ids.clld.org/values/15-630-174-1>		"tɨhe"@mch	
"bətal ~ bital"@dcr	<http://ids.clld.org/values/11-650-217-1>		<http://ids.clld.org/parameters/11-650>		<http://ids.clld.org/values/11-650-174-1>		"ehēma-dɨ"@mch	
"lak"@dcr	<http://ids.clld.org/values/16-250-217-1>		<http://ids.clld.org/parameters/16-250>		<http://ids.clld.org/values/16-250-174-1>		"waʔsenɲo"@mch	
"gubi"@dcr	<http://ids.clld.org/values/8-930-217-3>		<http://ids.clld.org/parameters/8-930>		<http://ids.clld.org/values/8-930-174-1>		"kankudu"@mch	
"pan"@dcr	<http://ids.clld.org/values/5-280-217-1>		<http://ids.clld.org/parameters/5-280>		<http://ids.clld.org/values/5-280-174-1>		"ʔtadī-yɨ"@mch	
"(a)wama"@dcr	<http://ids.clld.org/values/17-690-217-1>		<http://ids.clld.org/parameters/17-690>		<http://ids.clld.org/values/17-690-174-1>		"ākene yeihəkə"@mch	
"saut(u)"@dcr	<http://ids.clld.org/values/5-810-217-1>		<http://ids.clld.org/parameters/5-810>		<http://ids.clld.org/values/5-810-174-1>		"[sayu]"@mch	
"nom"@dcr	<http://ids.clld.org/values/2-210-217-1>		<http://ids.clld.org/parameters/2-210>		<http://ids.clld.org/values/2-210-174-1>		"danwa"@mch	
"sut"@dcr	<http://ids.clld.org/values/15-350-217-1>		<http://ids.clld.org/parameters/15-350>		<http://ids.clld.org/values/15-350-174-1>		"kādo"@mch	
"ǰako"@dcr	<http://ids.clld.org/values/3-760-217-3>		<http://ids.clld.org/parameters/3-760>		<http://ids.clld.org/values/3-760-174-1>		"yadākadu"@mch	
"lo"@dcr	<http://ids.clld.org/values/10-470-217-1>		<http://ids.clld.org/parameters/10-470>		<http://ids.clld.org/values/10-470-174-1>		"wɨʔtə̄-nə"@mch	
"hopo"@dcr	<http://ids.clld.org/values/10-210-217-1>		<http://ids.clld.org/parameters/10-210>		<http://ids.clld.org/values/10-210-174-1>		"w-ənuʔnə"@mch	
"gɛsɛ(g) ~ gusə"@dcr	<http://ids.clld.org/values/4-204-217-1>		<http://ids.clld.org/parameters/4-204>		<http://ids.clld.org/values/4-204-174-1>		"heʔ-dɨ"@mch	
"smok"@dcr	<http://ids.clld.org/values/8-690-217-1>		<http://ids.clld.org/parameters/8-690>		<http://ids.clld.org/values/8-690-174-1>		"-eima-"@mch	
"frai"@dcr	<http://ids.clld.org/values/4-830-217-1>		<http://ids.clld.org/parameters/4-830>		<http://ids.clld.org/values/4-830-174-1>		"tadəinɲe"@mch	
"friŋ"@dcr	<http://ids.clld.org/values/9-343-217-1>		<http://ids.clld.org/parameters/9-343>		<http://ids.clld.org/values/9-343-174-1>		"eʔkukā-dɨ"@mch	
"pati"@dcr	<http://ids.clld.org/values/12-232-217-1>		<http://ids.clld.org/parameters/12-232>		<http://ids.clld.org/values/12-232-174-1>		"yātohətɨdɨ"@mch	
"gau"@dcr	<http://ids.clld.org/values/14-210-217-3>		<http://ids.clld.org/parameters/14-210>		<http://ids.clld.org/values/14-210-174-1>		"tamhə̄ʔne"@mch	
"swek"@dcr	<http://ids.clld.org/values/4-853-217-1>		<http://ids.clld.org/parameters/4-853>		<http://ids.clld.org/values/4-853-174-1>		"awonɲəʔkādɨ"@mch	
"man-"@dcr	<http://ids.clld.org/values/2-230-217-1>		<http://ids.clld.org/parameters/2-230>		<http://ids.clld.org/values/2-230-174-1>		"danwa"@mch	
"fɛ(r) ~ fe"@dcr	<http://ids.clld.org/values/12-440-217-1>		<http://ids.clld.org/parameters/12-440>		<http://ids.clld.org/values/12-440-174-1>		"amoinče"@mch	
"fɛgɛtə ~ figiti ~ fikiti"@dcr	<http://ids.clld.org/values/20-110-217-1>		<http://ids.clld.org/parameters/20-110>		<http://ids.clld.org/values/20-110-174-1>		"wətə̄nehānə"@mch	
"kasau"@dcr	<http://ids.clld.org/values/8-920-217-1>		<http://ids.clld.org/parameters/8-920>		<http://ids.clld.org/values/8-920-174-1>		"kɨdēde"@mch	
"hungu"@dcr	<http://ids.clld.org/values/5-140-217-1>		<http://ids.clld.org/parameters/5-140>		<http://ids.clld.org/values/5-140-174-1>		"əmīhe"@mch	
"se"@dcr	<http://ids.clld.org/values/18-221-217-1>		<http://ids.clld.org/parameters/18-221>		<http://ids.clld.org/values/18-221-174-1>		"mēʔkuʔtə̄dɨ"@mch	
"folək"@dcr	<http://ids.clld.org/values/2-100-217-1>		<http://ids.clld.org/parameters/2-100>		<http://ids.clld.org/values/2-100-174-1>		"ssoto"@mch	
"nɛf ~ nef"@dcr	<http://ids.clld.org/values/9-230-217-3>		<http://ids.clld.org/parameters/9-230>		<http://ids.clld.org/values/9-230-174-1>		"kɨmɨʔkə"@mch	
"mon ~ mun"@dcr	<http://ids.clld.org/values/4-240-217-1>		<http://ids.clld.org/parameters/4-240>		<http://ids.clld.org/values/4-240-174-1>		"ənta"@mch	
"wani ~ wɛn(i) ~ wini"@dcr	<http://ids.clld.org/values/17-650-217-1>		<http://ids.clld.org/parameters/17-650>		<http://ids.clld.org/values/17-650-174-1>		"əičənnāwəkə"@mch	
"gi"@dcr	<http://ids.clld.org/values/11-210-217-1>		<http://ids.clld.org/parameters/11-210>		<http://ids.clld.org/values/11-210-174-1>		"utūdu"@mch	
"klim"@dcr	<http://ids.clld.org/values/10-472-217-1>		<http://ids.clld.org/parameters/10-472>		<http://ids.clld.org/values/10-472-174-1>		"-annuʔku-"@mch	
"sudži ~ sutǰi"@dcr	<http://ids.clld.org/values/15-750-217-1>		<http://ids.clld.org/parameters/15-750>		<http://ids.clld.org/values/15-750-174-1>		"tɨwansuʔde"@mch	
"bɛn ~ bin(t)"@dcr	<http://ids.clld.org/values/9-160-217-1>		<http://ids.clld.org/parameters/9-160>		<http://ids.clld.org/values/9-160-174-1>		"imɨdɨ"@mch	
"gaŋ-gaŋ"@dcr	<http://ids.clld.org/values/2-470-217-5>		<http://ids.clld.org/parameters/2-470>		<http://ids.clld.org/values/2-470-174-1>		"-tamū-du"@mch	
"hun"@dcr	<http://ids.clld.org/values/3-610-217-1>		<http://ids.clld.org/parameters/3-610>		<http://ids.clld.org/values/3-610-174-1>		"sɨ̄ʔna"@mch	
"kop"@dcr	<http://ids.clld.org/values/11-810-217-1>		<http://ids.clld.org/parameters/11-810>		<http://ids.clld.org/values/11-810-174-1>		"ehēma-dɨ"@mch	
"nas ~ nɛs"@dcr	<http://ids.clld.org/values/4-230-217-1>		<http://ids.clld.org/parameters/4-230>		<http://ids.clld.org/values/4-230-174-1>		"ənna"@mch	
"hofi"@dcr	<http://ids.clld.org/values/8-130-217-1>		<http://ids.clld.org/parameters/8-130>		<http://ids.clld.org/values/8-130-174-1>		"awdwāhə"@mch	
"san"@dcr	<http://ids.clld.org/values/1-215-217-1>		<http://ids.clld.org/parameters/1-215>		<http://ids.clld.org/values/1-215-174-1>		"sāʔdaʔda"@mch	
"flut"@dcr	<http://ids.clld.org/values/18-710-217-1>		<http://ids.clld.org/parameters/18-710>		<http://ids.clld.org/values/18-710-174-1>		"hīču"@mch	
"kop"@dcr	<http://ids.clld.org/values/4-200-217-1>		<http://ids.clld.org/parameters/4-200>		<http://ids.clld.org/values/4-200-174-1>		"hūʔhə"@mch	
"op"@dcr	<http://ids.clld.org/values/12-80-217-3>		<http://ids.clld.org/parameters/12-80>		<http://ids.clld.org/values/12-80-174-1>		"kawə̄"@mch	
"marəkui"@dcr	<http://ids.clld.org/values/3-980-217-3>		<http://ids.clld.org/parameters/3-980>		<http://ids.clld.org/values/3-980-174-1>		"heʔde"@mch	
"kan"@dcr	<http://ids.clld.org/values/12-430-217-5>		<http://ids.clld.org/parameters/12-430>		<http://ids.clld.org/values/12-430-174-1>		"amoinče-ʔda"@mch	
"tre"@dcr	<http://ids.clld.org/values/8-220-217-1>		<http://ids.clld.org/parameters/8-220>		<http://ids.clld.org/values/8-220-174-1>		"tɨʔkādɨ"@mch	
"tɛsən"@dcr	<http://ids.clld.org/values/12-430-217-1>		<http://ids.clld.org/parameters/12-430>		<http://ids.clld.org/values/12-430-174-1>		"amoinče-ʔda"@mch	
"stul"@dcr	<http://ids.clld.org/values/7-430-217-1>		<http://ids.clld.org/parameters/7-430>		<http://ids.clld.org/values/7-430-174-1>		"āʔtəy"@mch	
"bla"@dcr	<http://ids.clld.org/values/8-560-217-1>		<http://ids.clld.org/parameters/8-560>		<http://ids.clld.org/values/8-560-174-1>		"yadɨ"@mch	
"do(r)"@dcr	<http://ids.clld.org/values/7-220-217-1>		<http://ids.clld.org/parameters/7-220>		<http://ids.clld.org/values/7-220-174-1>		"mɨnātata"@mch	
"folo"@dcr	<http://ids.clld.org/values/11-330-217-1>		<http://ids.clld.org/parameters/11-330>		<http://ids.clld.org/values/11-330-174-1>		"w-ənnanɨʔ-nə"@mch	
"nen"@dcr	<http://ids.clld.org/values/17-560-217-1>		<http://ids.clld.org/parameters/17-560>		<http://ids.clld.org/values/17-560-174-1>		"mmʔhm"@mch	
"kambu"@dcr	<http://ids.clld.org/values/7-210-217-1>		<http://ids.clld.org/parameters/7-210>		<http://ids.clld.org/values/7-210-174-1>		"əʔsa"@mch	
"gizin ~ kizin ~ kuzin"@dcr	<http://ids.clld.org/values/2-550-217-1>		<http://ids.clld.org/parameters/2-550>		<http://ids.clld.org/values/2-550-174-1>		"waiɲe"@mch	
"gizin ~ kizin ~ kuzin"@dcr	<http://ids.clld.org/values/2-550-217-1>		<http://ids.clld.org/parameters/2-550>		<http://ids.clld.org/values/2-550-174-3>		"yāʔko"@mch	
"skop"@dcr	<http://ids.clld.org/values/9-120-217-1>		<http://ids.clld.org/parameters/9-120>		<http://ids.clld.org/values/9-120-174-1>		"tadawāhu"@mch	
"(fiŋgu-)nagəl"@dcr	<http://ids.clld.org/values/4-344-217-1>		<http://ids.clld.org/parameters/4-344>		<http://ids.clld.org/values/4-344-174-1>		"əmmi"@mch	
"tubak"@dcr	<http://ids.clld.org/values/8-680-217-1>		<http://ids.clld.org/parameters/8-680>		<http://ids.clld.org/values/8-680-174-1>		"kawai"@mch	
"skepiun"@dcr	<http://ids.clld.org/values/3-815-217-1>		<http://ids.clld.org/parameters/3-815>		<http://ids.clld.org/values/3-815-174-1>		"mɨnə̄tə"@mch	
"las"@dcr	<http://ids.clld.org/values/9-160-217-3>		<http://ids.clld.org/parameters/9-160>		<http://ids.clld.org/values/9-160-174-1>		"imɨdɨ"@mch	
"blau"@dcr	<http://ids.clld.org/values/15-670-217-1>		<http://ids.clld.org/parameters/15-670>		<http://ids.clld.org/values/15-670-174-1>		"šēne"@mch	
"driŋ ~ driŋg ~ driŋk"@dcr	<http://ids.clld.org/values/5-130-217-1>		<http://ids.clld.org/parameters/5-130>		<http://ids.clld.org/values/5-130-174-1>		"enku"@mch	
"ben"@dcr	<http://ids.clld.org/values/4-160-217-1>		<http://ids.clld.org/parameters/4-160>		<http://ids.clld.org/values/4-160-174-1>		"yēʔhə"@mch	
"fɛt"@dcr	<http://ids.clld.org/values/5-791-217-1>		<http://ids.clld.org/parameters/5-791>		<http://ids.clld.org/values/5-791-174-1>		"kātɨ"@mch	
"nɛk"@dcr	<http://ids.clld.org/values/4-280-217-1>		<http://ids.clld.org/parameters/4-280>		<http://ids.clld.org/values/4-280-174-1>		"hɨ̄mɨ"@mch	
"yuŋ-(man) ~ yoŋ"@dcr	<http://ids.clld.org/values/2-251-217-1>		<http://ids.clld.org/parameters/2-251>		<http://ids.clld.org/values/2-251-174-1>		"mudēši"@mch	
"wandu"@dcr	<http://ids.clld.org/values/10-450-217-1>		<http://ids.clld.org/parameters/10-450>		<http://ids.clld.org/values/10-450-174-1>		"w-ōhoyma-nə"@mch	
"twinti"@dcr	<http://ids.clld.org/values/13-104-217-1>		<http://ids.clld.org/parameters/13-104>		<http://ids.clld.org/values/13-104-174-1>		"tōni ssoto"@mch	
"kuri"@dcr	<http://ids.clld.org/values/10-460-217-1>		<http://ids.clld.org/parameters/10-460>		<http://ids.clld.org/values/10-460-174-1>		"w-ekaʔtɨn-nə"@mch	
"(a-)fo(r) ~ fu ~ na-fo"@dcr	<http://ids.clld.org/values/12-40-217-1>		<http://ids.clld.org/parameters/12-40>		<http://ids.clld.org/values/12-40-174-1>		"owāho"@mch	
"(a-)fo(r) ~ fu ~ na-fo"@dcr	<http://ids.clld.org/values/12-40-217-1>		<http://ids.clld.org/parameters/12-40>		<http://ids.clld.org/values/12-40-174-3>		"awaʔde"@mch	
"swak"@dcr	<http://ids.clld.org/values/4-820-217-1>		<http://ids.clld.org/parameters/4-820>		<http://ids.clld.org/values/4-820-174-1>		"āʔkedēto"@mch	
"skifi"@dcr	<http://ids.clld.org/values/6-960-217-3>		<http://ids.clld.org/parameters/6-960>		<http://ids.clld.org/values/6-960-174-1>		"hekūde"@mch	
"wɛrək ~ wɛruk ~ wark"@dcr	<http://ids.clld.org/values/9-120-217-3>		<http://ids.clld.org/parameters/9-120>		<http://ids.clld.org/values/9-120-174-1>		"tadawāhu"@mch	
"skreyu ~ skreo"@dcr	<http://ids.clld.org/values/18-130-217-1>		<http://ids.clld.org/parameters/18-130>		<http://ids.clld.org/values/18-130-174-1>		"kəʔtɨn-nə"@mch	
"grun"@dcr	<http://ids.clld.org/values/5-124-217-1>		<http://ids.clld.org/parameters/5-124>		<http://ids.clld.org/values/5-124-174-1>		"šēne"@mch	
"sorək"@dcr	<http://ids.clld.org/values/11-250-217-1>		<http://ids.clld.org/parameters/11-250>		<http://ids.clld.org/values/11-250-174-1>		"ewanakādɨ"@mch	
"driŋ"@dcr	<http://ids.clld.org/values/5-900-217-1>		<http://ids.clld.org/parameters/5-900>		<http://ids.clld.org/values/5-900-174-1>		"kuši"@mch	
"gut"@dcr	<http://ids.clld.org/values/11-180-217-1>		<http://ids.clld.org/parameters/11-180>		<http://ids.clld.org/values/11-180-174-1>		"k-ɨnnɨdɨʔ-komo"@mch	
"kin"@dcr	<http://ids.clld.org/values/2-270-217-1>		<http://ids.clld.org/parameters/2-270>		<http://ids.clld.org/values/2-270-174-1>		"nnedɨ"@mch	
"blomɛnči ~ bluminstyi"@dcr	<http://ids.clld.org/values/8-570-217-1>		<http://ids.clld.org/parameters/8-570>		<http://ids.clld.org/values/8-570-174-1>		"čə̄hɨdɨ"@mch	
"pus ~ puz"@dcr	<http://ids.clld.org/values/10-670-217-3>		<http://ids.clld.org/parameters/10-670>		<http://ids.clld.org/values/10-670-174-1>		"-adima-dɨ"@mch	
"ske(r) ~ skɛ(r)"@dcr	<http://ids.clld.org/values/9-280-217-1>		<http://ids.clld.org/parameters/9-280>		<http://ids.clld.org/values/9-280-174-1>		"-iši-"@mch	
"man"@dcr	<http://ids.clld.org/values/2-210-217-3>		<http://ids.clld.org/parameters/2-210>		<http://ids.clld.org/values/2-210-174-1>		"danwa"@mch	
"ya"@dcr	<http://ids.clld.org/values/17-550-217-1>		<http://ids.clld.org/parameters/17-550>		<http://ids.clld.org/values/17-550-174-3>		"mmhm"@mch	
"ya"@dcr	<http://ids.clld.org/values/17-550-217-1>		<http://ids.clld.org/parameters/17-550>		<http://ids.clld.org/values/17-550-174-1>		"ʔeee"@mch	
"ko weran"@dcr	<http://ids.clld.org/values/10-481-217-1>		<http://ids.clld.org/parameters/10-481>		<http://ids.clld.org/values/10-481-174-1>		"w-ennakā-nə"@mch	
"nu"@dcr	<http://ids.clld.org/values/14-180-217-1>		<http://ids.clld.org/parameters/14-180>		<http://ids.clld.org/values/14-180-174-1>		"edūwa"@mch	
"ma"@dcr	<http://ids.clld.org/values/9-110-217-3>		<http://ids.clld.org/parameters/9-110>		<http://ids.clld.org/values/9-110-174-1>		"tɨdɨ̄dɨ"@mch	
"briŋ"@dcr	<http://ids.clld.org/values/10-620-217-1>		<http://ids.clld.org/parameters/10-620>		<http://ids.clld.org/values/10-620-174-1>		"-enehɨ"@mch	
"bos"@dcr	<http://ids.clld.org/values/4-410-217-1>		<http://ids.clld.org/parameters/4-410>		<http://ids.clld.org/values/4-410-174-1>		"ʔdohɨ-dɨ"@mch	
"sak"@dcr	<http://ids.clld.org/values/10-330-217-1>		<http://ids.clld.org/parameters/10-330>		<http://ids.clld.org/values/10-330-174-1>		"yehuʔkwai"@mch	
"masbondo"@dcr	<http://ids.clld.org/values/3-823-217-1>		<http://ids.clld.org/parameters/3-823>		<http://ids.clld.org/values/3-823-174-1>		"sūnwa"@mch	
"flɛgn"@dcr	<http://ids.clld.org/values/4-392-217-1>		<http://ids.clld.org/parameters/4-392>		<http://ids.clld.org/values/4-392-174-1>		"ahəʔsai"@mch	
"lo abiti"@dcr	<http://ids.clld.org/values/10-474-217-1>		<http://ids.clld.org/parameters/10-474>		<http://ids.clld.org/values/10-474-174-1>		"w-ehaʔka-nə"@mch	
"kontri"@dcr	<http://ids.clld.org/values/19-510-217-3>		<http://ids.clld.org/parameters/19-510>		<http://ids.clld.org/values/19-510-174-1>		"weičakōno"@mch	
"ɛrum"@dcr	<http://ids.clld.org/values/4-310-217-3>		<http://ids.clld.org/parameters/4-310>		<http://ids.clld.org/values/4-310-174-1>		"aʔhə"@mch	
"(a)wa ~ wat"@dcr	<http://ids.clld.org/values/17-640-217-1>		<http://ids.clld.org/parameters/17-640>		<http://ids.clld.org/values/17-640-174-1>		"ākene"@mch	
"pat"@dcr	<http://ids.clld.org/values/10-710-217-1>		<http://ids.clld.org/parameters/10-710>		<http://ids.clld.org/values/10-710-174-1>		"ə̄ma"@mch	
"fərko ~ floko ~ froko ~ fruko"@dcr	<http://ids.clld.org/values/11-820-217-1>		<http://ids.clld.org/parameters/11-820>		<http://ids.clld.org/values/11-820-174-1>		"ehema-hoi"@mch	
"stɛre"@dcr	<http://ids.clld.org/values/1-540-217-1>		<http://ids.clld.org/parameters/1-540>		<http://ids.clld.org/values/1-540-174-1>		"šidīčə"@mch	
"dɛŋk ~ diŋ(g)"@dcr	<http://ids.clld.org/values/17-130-217-1>		<http://ids.clld.org/parameters/17-130>		<http://ids.clld.org/values/17-130-174-1>		"tɨtahə-nə"@mch	
"na ~ ni ~ no ~ nu"@dcr	<http://ids.clld.org/values/17-560-217-3>		<http://ids.clld.org/parameters/17-560>		<http://ids.clld.org/values/17-560-174-1>		"mmʔhm"@mch	
"fik"@dcr	<http://ids.clld.org/values/20-640-217-1>		<http://ids.clld.org/parameters/20-640>		<http://ids.clld.org/values/20-640-174-1>		"hāno"@mch	
"fi"@dcr	<http://ids.clld.org/values/13-40-217-1>		<http://ids.clld.org/parameters/13-40>		<http://ids.clld.org/values/13-40-174-1>		"āʔkəiʔčea"@mch	
"sla"@dcr	<http://ids.clld.org/values/9-210-217-1>		<http://ids.clld.org/parameters/9-210>		<http://ids.clld.org/values/9-210-174-1>		"-aiʔhuka-dɨ"@mch	
"mɛnši"@dcr	<http://ids.clld.org/values/2-261-217-1>		<http://ids.clld.org/parameters/2-261>		<http://ids.clld.org/values/2-261-174-1>		"mudēši"@mch	
"yɛn ~ yin(i)"@dcr	<http://ids.clld.org/values/2-950-217-1>		<http://ids.clld.org/parameters/2-950>		<http://ids.clld.org/values/2-950-174-1>		"ənwanno"@mch	
"wul up"@dcr	<http://ids.clld.org/values/10-140-217-3>		<http://ids.clld.org/parameters/10-140>		<http://ids.clld.org/values/10-140-174-1>		"weməīya"@mch	
"goi ~ gui"@dcr	<http://ids.clld.org/values/10-250-217-1>		<http://ids.clld.org/parameters/10-250>		<http://ids.clld.org/values/10-250-174-1>		"himā-dɨ"@mch	
"skit"@dcr	<http://ids.clld.org/values/20-620-217-1>		<http://ids.clld.org/parameters/20-620>		<http://ids.clld.org/values/20-620-174-1>		"t-ɨwə̄-dɨ"@mch	
"dra"@dcr	<http://ids.clld.org/values/10-610-217-1>		<http://ids.clld.org/parameters/10-610>		<http://ids.clld.org/values/10-610-174-1>		"-adə̄-"@mch	
"sewn"@dcr	<http://ids.clld.org/values/13-70-217-1>		<http://ids.clld.org/parameters/13-70>		<http://ids.clld.org/values/13-70-174-1>		"āʔkə amohaʔto"@mch	
"sat"@dcr	<http://ids.clld.org/values/8-311-217-1>		<http://ids.clld.org/parameters/8-311>		<http://ids.clld.org/values/8-311-174-1>		"čə̄huʔhə"@mch	
"ne(m) ~ nen"@dcr	<http://ids.clld.org/values/11-130-217-1>		<http://ids.clld.org/parameters/11-130>		<http://ids.clld.org/values/11-130-174-1>		"w-emhan-nə"@mch	
"wet ~ wɛt"@dcr	<http://ids.clld.org/values/17-170-217-1>		<http://ids.clld.org/parameters/17-170>		<http://ids.clld.org/values/17-170-174-1>		"t-owanəkə t-ɨdɨ-dɨ"@mch	
"af"@dcr	<http://ids.clld.org/values/12-30-217-1>		<http://ids.clld.org/parameters/12-30>		<http://ids.clld.org/values/12-30-174-1>		"doʔnə"@mch	
"tramil"@dcr	<http://ids.clld.org/values/20-540-217-1>		<http://ids.clld.org/parameters/20-540>		<http://ids.clld.org/values/20-540-174-1>		"anətə"@mch	
"lion"@dcr	<http://ids.clld.org/values/3-720-217-1>		<http://ids.clld.org/parameters/3-720>		<http://ids.clld.org/values/3-720-174-1>		"kawadīmə"@mch	
"(h)a"@dcr	<http://ids.clld.org/values/11-110-217-1>		<http://ids.clld.org/parameters/11-110>		<http://ids.clld.org/values/11-110-174-1>		"tɨweiye wənɲe"@mch	
"mon ~ mun (?)"@dcr	<http://ids.clld.org/values/4-250-217-1>		<http://ids.clld.org/parameters/4-250>		<http://ids.clld.org/values/4-250-174-1>		"ə̄ʔhi"@mch	
"suk"@dcr	<http://ids.clld.org/values/11-310-217-1>		<http://ids.clld.org/parameters/11-310>		<http://ids.clld.org/values/11-310-174-1>		"uhīyɨ"@mch	
"hɛwun ~ hewun ~ himul ~ himun ~ hiwun"@dcr	<http://ids.clld.org/values/1-510-217-1>		<http://ids.clld.org/parameters/1-510>		<http://ids.clld.org/values/1-510-174-1>		"kahu"@mch	
"fegəl"@dcr	<http://ids.clld.org/values/3-581-217-1>		<http://ids.clld.org/parameters/3-581>		<http://ids.clld.org/values/3-581-174-1>		"hawi"@mch	
"nɛs"@dcr	<http://ids.clld.org/values/3-580-217-1>		<http://ids.clld.org/parameters/3-580>		<http://ids.clld.org/values/3-580-174-1>		"danɲami"@mch	
"fadə"@dcr	<http://ids.clld.org/values/2-350-217-1>		<http://ids.clld.org/parameters/2-350>		<http://ids.clld.org/values/2-350-174-1>		"haha"@mch	
"mə(d)l ~ midi ~ midl"@dcr	<http://ids.clld.org/values/12-370-217-1>		<http://ids.clld.org/parameters/12-370>		<http://ids.clld.org/values/12-370-174-1>		"annai"@mch	
"drɛp"@dcr	<http://ids.clld.org/values/10-230-217-1>		<http://ids.clld.org/parameters/10-230>		<http://ids.clld.org/values/10-230-174-1>		"w-eduka-nə"@mch	
"duŋku ~ duŋki"@dcr	<http://ids.clld.org/values/14-420-217-1>		<http://ids.clld.org/parameters/14-420>		<http://ids.clld.org/values/14-420-174-1>		"čomomɨ̄dɨ"@mch	
"tumbl"@dcr	<http://ids.clld.org/values/9-221-217-1>		<http://ids.clld.org/parameters/9-221>		<http://ids.clld.org/values/9-221-174-1>		"čūhiya-dɨ"@mch	
"tumbl"@dcr	<http://ids.clld.org/values/9-221-217-1>		<http://ids.clld.org/parameters/9-221>		<http://ids.clld.org/values/9-221-174-3>		"yaʔka-dɨ"@mch	
"bɛrgi ~ bergə ~ berge"@dcr	<http://ids.clld.org/values/1-220-217-1>		<http://ids.clld.org/parameters/1-220>		<http://ids.clld.org/values/1-220-174-1>		"hɨ̄"@mch	
"was ~ waš"@dcr	<http://ids.clld.org/values/9-360-217-1>		<http://ids.clld.org/parameters/9-360>		<http://ids.clld.org/values/9-360-174-1>		"-ičoʔka-dɨ"@mch	
"skon-kin"@dcr	<http://ids.clld.org/values/2-630-217-1>		<http://ids.clld.org/parameters/2-630>		<http://ids.clld.org/values/2-630-174-1>		"-hannɨ-dɨ"@mch	
"futu"@dcr	<http://ids.clld.org/values/4-360-217-3>		<http://ids.clld.org/parameters/4-360>		<http://ids.clld.org/values/4-360-174-1>		"ə̄ʔmu"@mch	
"siŋ"@dcr	<http://ids.clld.org/values/18-120-217-1>		<http://ids.clld.org/parameters/18-120>		<http://ids.clld.org/values/18-120-174-1>		"we[kantā]ʔɲənə"@mch	
"du"@dcr	<http://ids.clld.org/values/9-110-217-1>		<http://ids.clld.org/parameters/9-110>		<http://ids.clld.org/values/9-110-174-1>		"tɨdɨ̄dɨ"@mch	
"darm ~ dɛrəm"@dcr	<http://ids.clld.org/values/4-461-217-1>		<http://ids.clld.org/parameters/4-461>		<http://ids.clld.org/values/4-461-174-1>		"hyōtɨ"@mch	
"(a)wa ~ wat"@dcr	<http://ids.clld.org/values/17-670-217-1>		<http://ids.clld.org/parameters/17-670>		<http://ids.clld.org/values/17-670-174-1>		"əišə̄no"@mch	
"bran"@dcr	<http://ids.clld.org/values/15-850-217-1>		<http://ids.clld.org/parameters/15-850>		<http://ids.clld.org/values/15-850-174-1>		"taʔne"@mch	
"lɛ"@dcr	<http://ids.clld.org/values/15-820-217-1>		<http://ids.clld.org/parameters/15-820>		<http://ids.clld.org/values/15-820-174-1>		"tawāhe"@mch	
"yit"@dcr	<http://ids.clld.org/values/5-120-217-1>		<http://ids.clld.org/parameters/5-120>		<http://ids.clld.org/values/5-120-174-1>		"mudūkuku"@mch	
"ho(so)"@dcr	<http://ids.clld.org/values/17-610-217-1>		<http://ids.clld.org/parameters/17-610>		<http://ids.clld.org/values/17-610-174-1>		"ākene"@mch	
"frai"@dcr	<http://ids.clld.org/values/16-710-217-1>		<http://ids.clld.org/parameters/16-710>		<http://ids.clld.org/values/16-710-174-1>		"ašiča"@mch	
"drom"@dcr	<http://ids.clld.org/values/4-620-217-1>		<http://ids.clld.org/parameters/4-620>		<http://ids.clld.org/values/4-620-174-1>		"wənētɨnə"@mch	
"fɛn ~ fin"@dcr	<http://ids.clld.org/values/11-320-217-1>		<http://ids.clld.org/parameters/11-320>		<http://ids.clld.org/values/11-320-174-1>		"edantə-dɨ"@mch	
"klet"@dcr	<http://ids.clld.org/values/6-110-217-1>		<http://ids.clld.org/parameters/6-110>		<http://ids.clld.org/values/6-110-174-1>		"wewontənə"@mch	
"glof"@dcr	<http://ids.clld.org/values/17-150-217-1>		<http://ids.clld.org/parameters/17-150>		<http://ids.clld.org/values/17-150-174-1>		"-ekanɨhɨ-dɨ"@mch	
"fɛs"@dcr	<http://ids.clld.org/values/3-650-217-1>		<http://ids.clld.org/parameters/3-650>		<http://ids.clld.org/values/3-650-174-1>		"nākukwāno"@mch	
"tin"@dcr	<http://ids.clld.org/values/13-100-217-1>		<http://ids.clld.org/parameters/13-100>		<http://ids.clld.org/values/13-100-174-1>		"amohadə"@mch	
"miši ~ muši"@dcr	<http://ids.clld.org/values/3-630-217-1>		<http://ids.clld.org/parameters/3-630>		<http://ids.clld.org/values/3-630-174-1>		"asɨ̄kɨ"@mch	
"yit"@dcr	<http://ids.clld.org/values/5-110-217-1>		<http://ids.clld.org/parameters/5-110>		<http://ids.clld.org/values/5-110-174-1>		"wowašīnčənə"@mch	
"wɛl"@dcr	<http://ids.clld.org/values/16-270-217-1>		<http://ids.clld.org/parameters/16-270>		<http://ids.clld.org/values/16-270-174-1>		"hyumma-dɨ"@mch	
"lif"@dcr	<http://ids.clld.org/values/4-120-217-1>		<http://ids.clld.org/parameters/4-120>		<http://ids.clld.org/values/4-120-174-1>		"hiʔhə"@mch	
"nal"@dcr	<http://ids.clld.org/values/6-360-217-1>		<http://ids.clld.org/parameters/6-360>		<http://ids.clld.org/values/6-360-174-1>		"makūsa"@mch	
"hɛt ~ het ~ hit"@dcr	<http://ids.clld.org/values/15-850-217-3>		<http://ids.clld.org/parameters/15-850>		<http://ids.clld.org/values/15-850-174-1>		"taʔne"@mch	
"du"@dcr	<http://ids.clld.org/values/12-120-217-1>		<http://ids.clld.org/parameters/12-120>		<http://ids.clld.org/values/12-120-174-1>		"enɨ̄ta"@mch	
"du"@dcr	<http://ids.clld.org/values/12-120-217-1>		<http://ids.clld.org/parameters/12-120>		<http://ids.clld.org/values/12-120-174-3>		"-ehuʔta-"@mch	
"kalela ~ kalila"@dcr	<http://ids.clld.org/values/6-760-217-1>		<http://ids.clld.org/parameters/6-760>		<http://ids.clld.org/values/6-760-174-1>		"mayūdu"@mch	
"win ~ wɛn"@dcr	<http://ids.clld.org/values/1-720-217-1>		<http://ids.clld.org/parameters/1-720>		<http://ids.clld.org/values/1-720-174-1>		"hehēnčə"@mch	
"gro-ta"@dcr	<http://ids.clld.org/values/2-460-217-3>		<http://ids.clld.org/parameters/2-460>		<http://ids.clld.org/values/2-460-174-1>		"kōko"@mch	
"plim"@dcr	<http://ids.clld.org/values/4-393-217-1>		<http://ids.clld.org/parameters/4-393>		<http://ids.clld.org/values/4-393-174-1>		"iʔhōʔtɨ"@mch	
"bre(k)"@dcr	<http://ids.clld.org/values/9-260-217-1>		<http://ids.clld.org/parameters/9-260>		<http://ids.clld.org/values/9-260-174-1>		"-išiča-dɨ"@mch	
"futu"@dcr	<http://ids.clld.org/values/4-352-217-1>		<http://ids.clld.org/parameters/4-352>		<http://ids.clld.org/values/4-352-174-1>		"hōde"@mch	
"wapiši ~ wɛpiši"@dcr	<http://ids.clld.org/values/17-660-217-3>		<http://ids.clld.org/parameters/17-660>		<http://ids.clld.org/values/17-660-174-1>		"ə̄iša"@mch	
"zil"@dcr	<http://ids.clld.org/values/16-110-217-1>		<http://ids.clld.org/parameters/16-110>		<http://ids.clld.org/values/16-110-174-1>		"dōʔta"@mch	
"le"@dcr	<http://ids.clld.org/values/17-240-217-1>		<http://ids.clld.org/parameters/17-240>		<http://ids.clld.org/values/17-240-174-1>		"-ōwanoma-"@mch	
"ro"@dcr	<http://ids.clld.org/values/15-660-217-1>		<http://ids.clld.org/parameters/15-660>		<http://ids.clld.org/values/15-660-174-1>		"seweičato"@mch	
"snal"@dcr	<http://ids.clld.org/values/3-940-217-1>		<http://ids.clld.org/parameters/3-940>		<http://ids.clld.org/values/3-940-174-1>		"memu"@mch	
"gel"@dcr	<http://ids.clld.org/values/15-690-217-1>		<http://ids.clld.org/parameters/15-690>		<http://ids.clld.org/values/15-690-174-1>		"kɨnota"@mch	
"gron"@dcr	<http://ids.clld.org/values/1-212-217-1>		<http://ids.clld.org/parameters/1-212>		<http://ids.clld.org/values/1-212-174-1>		"nono"@mch	
"katun"@dcr	<http://ids.clld.org/values/6-240-217-1>		<http://ids.clld.org/parameters/6-240>		<http://ids.clld.org/values/6-240-174-1>		"wadēkū"@mch	
"skou"@dcr	<http://ids.clld.org/values/4-300-217-1>		<http://ids.clld.org/parameters/4-300>		<http://ids.clld.org/values/4-300-174-1>		"nkawə"@mch	
"se ~ ze"@dcr	<http://ids.clld.org/values/1-320-217-1>		<http://ids.clld.org/parameters/1-320>		<http://ids.clld.org/values/1-320-174-1>		"dama"@mch	
"twe"@dcr	<http://ids.clld.org/values/13-20-217-1>		<http://ids.clld.org/parameters/13-20>		<http://ids.clld.org/values/13-20-174-1>		"āʔkə"@mch	
"ne"@dcr	<http://ids.clld.org/values/12-30-217-5>		<http://ids.clld.org/parameters/12-30>		<http://ids.clld.org/values/12-30-174-1>		"doʔnə"@mch	
"lus"@dcr	<http://ids.clld.org/values/3-811-217-1>		<http://ids.clld.org/parameters/3-811>		<http://ids.clld.org/values/3-811-174-1>		"dāmə"@mch	
"ho"@dcr	<http://ids.clld.org/values/4-220-217-1>		<http://ids.clld.org/parameters/4-220>		<http://ids.clld.org/values/4-220-174-1>		"hāna"@mch	
"bos"@dcr	<http://ids.clld.org/values/4-400-217-1>		<http://ids.clld.org/parameters/4-400>		<http://ids.clld.org/values/4-400-174-1>		"dōʔta"@mch	
"(kap-)mɛs"@dcr	<http://ids.clld.org/values/9-230-217-1>		<http://ids.clld.org/parameters/9-230>		<http://ids.clld.org/values/9-230-174-1>		"kɨmɨʔkə"@mch	
"wɛran"@dcr	<http://ids.clld.org/values/14-350-217-1>		<http://ids.clld.org/parameters/14-350>		<http://ids.clld.org/values/14-350-174-1>		"dea"@mch	
"man"@dcr	<http://ids.clld.org/values/2-310-217-1>		<http://ids.clld.org/parameters/2-310>		<http://ids.clld.org/values/2-310-174-1>		"-ɲno"@mch	
"ma(ma) ~ muma"@dcr	<http://ids.clld.org/values/2-360-217-1>		<http://ids.clld.org/parameters/2-360>		<http://ids.clld.org/values/2-360-174-1>		"denɨ"@mch	
"tau"@dcr	<http://ids.clld.org/values/9-190-217-1>		<http://ids.clld.org/parameters/9-190>		<http://ids.clld.org/values/9-190-174-1>		"āʔto"@mch	
"bata(ta) ~ batita"@dcr	<http://ids.clld.org/values/5-700-217-1>		<http://ids.clld.org/parameters/5-700>		<http://ids.clld.org/values/5-700-174-1>		"šāku"@mch	
"tisam"@dcr	<http://ids.clld.org/values/4-880-217-1>		<http://ids.clld.org/parameters/4-880>		<http://ids.clld.org/values/4-880-174-1>		"əhi"@mch	
"ha(r)t"@dcr	<http://ids.clld.org/values/4-440-217-1>		<http://ids.clld.org/parameters/4-440>		<http://ids.clld.org/values/4-440-174-1>		"yēwanɨ"@mch	
"parat"@dcr	<http://ids.clld.org/values/3-592-217-1>		<http://ids.clld.org/parameters/3-592>		<http://ids.clld.org/values/3-592-174-1>		"[dodo]"@mch	
"kop"@dcr	<http://ids.clld.org/values/4-205-217-1>		<http://ids.clld.org/parameters/4-205>		<http://ids.clld.org/values/4-205-174-1>		"heʔkay"@mch	
"bret"@dcr	<http://ids.clld.org/values/12-610-217-1>		<http://ids.clld.org/parameters/12-610>		<http://ids.clld.org/values/12-610-174-1>		"taʔhuhūne"@mch	
"hondu ~ hundu"@dcr	<http://ids.clld.org/values/3-540-217-1>		<http://ids.clld.org/parameters/3-540>		<http://ids.clld.org/values/3-540-174-1>		"kudaymādu"@mch	
"pampi"@dcr	<http://ids.clld.org/values/18-560-217-1>		<http://ids.clld.org/parameters/18-560>		<http://ids.clld.org/values/18-560-174-1>		"[hahēda]"@mch	
"fi"@dcr	<http://ids.clld.org/values/1-810-217-1>		<http://ids.clld.org/parameters/1-810>		<http://ids.clld.org/values/1-810-174-1>		"wāʔto"@mch	
"moi"@dcr	<http://ids.clld.org/values/16-810-217-1>		<http://ids.clld.org/parameters/16-810>		<http://ids.clld.org/values/16-810-174-1>		"inɲatahe"@mch	
"twalɛf"@dcr	<http://ids.clld.org/values/13-102-217-1>		<http://ids.clld.org/parameters/13-102>		<http://ids.clld.org/values/13-102-174-1>		"amohadəʔto dēwə āʔkə"@mch	
"frou-"@dcr	<http://ids.clld.org/values/2-240-217-1>		<http://ids.clld.org/parameters/2-240>		<http://ids.clld.org/values/2-240-174-1>		"wodi"@mch	
"tan"@dcr	<http://ids.clld.org/values/4-270-217-1>		<http://ids.clld.org/parameters/4-270>		<http://ids.clld.org/values/4-270-174-1>		"dedɨ"@mch	
"sɛt ~ sit"@dcr	<http://ids.clld.org/values/12-130-217-1>		<http://ids.clld.org/parameters/12-130>		<http://ids.clld.org/values/12-130-174-1>		"w-atahhimā-nə"@mch	
"got"@dcr	<http://ids.clld.org/values/22-120-217-1>		<http://ids.clld.org/parameters/22-120>		<http://ids.clld.org/values/22-120-174-1>		"wanādi"@mch	
"stam"@dcr	<http://ids.clld.org/values/9-210-217-3>		<http://ids.clld.org/parameters/9-210>		<http://ids.clld.org/values/9-210-174-1>		"-aiʔhuka-dɨ"@mch	
"nom"@dcr	<http://ids.clld.org/values/2-510-217-1>		<http://ids.clld.org/parameters/2-510>		<http://ids.clld.org/values/2-510-174-1>		"wōdɨ"@mch	
"haŋ"@dcr	<http://ids.clld.org/values/9-341-217-1>		<http://ids.clld.org/parameters/9-341>		<http://ids.clld.org/values/9-341-174-1>		"-ewaʔtə-dɨ"@mch	
"dri ~ tri"@dcr	<http://ids.clld.org/values/13-30-217-1>		<http://ids.clld.org/parameters/13-30>		<http://ids.clld.org/values/13-30-174-1>		"aduwawə"@mch	
"fel"@dcr	<http://ids.clld.org/values/13-150-217-1>		<http://ids.clld.org/parameters/13-150>		<http://ids.clld.org/values/13-150-174-1>		"hōhe"@mch	
"las"@dcr	<http://ids.clld.org/values/10-140-217-1>		<http://ids.clld.org/parameters/10-140>		<http://ids.clld.org/values/10-140-174-1>		"weməīya"@mch	
"swa"@dcr	<http://ids.clld.org/values/15-810-217-1>		<http://ids.clld.org/parameters/15-810>		<http://ids.clld.org/values/15-810-174-1>		"tamənɲato"@mch	
"babun"@dcr	<http://ids.clld.org/values/3-760-217-1>		<http://ids.clld.org/parameters/3-760>		<http://ids.clld.org/values/3-760-174-1>		"yadākadu"@mch	
"bran"@dcr	<http://ids.clld.org/values/1-851-217-1>		<http://ids.clld.org/parameters/1-851>		<http://ids.clld.org/values/1-851-174-1>		"ukā-dɨ"@mch	
"skɛrp"@dcr	<http://ids.clld.org/values/15-780-217-1>		<http://ids.clld.org/parameters/15-780>		<http://ids.clld.org/values/15-780-174-1>		"ākə̄tədɨ"@mch	
"lif ~ lɛf"@dcr	<http://ids.clld.org/values/4-740-217-1>		<http://ids.clld.org/parameters/4-740>		<http://ids.clld.org/values/4-740-174-1>		"wenɲə"@mch	
"kikintši"@dcr	<http://ids.clld.org/values/3-550-217-1>		<http://ids.clld.org/parameters/3-550>		<http://ids.clld.org/values/3-550-174-1>		"wamēdi"@mch	
"le"@dcr	<http://ids.clld.org/values/17-250-217-1>		<http://ids.clld.org/parameters/17-250>		<http://ids.clld.org/values/17-250-174-1>		"-owānoma-"@mch	
"fra(g)"@dcr	<http://ids.clld.org/values/18-310-217-1>		<http://ids.clld.org/parameters/18-310>		<http://ids.clld.org/values/18-310-174-1>		"-ekammaho-"@mch	
"tanya"@dcr	<http://ids.clld.org/values/8-920-217-3>		<http://ids.clld.org/parameters/8-920>		<http://ids.clld.org/values/8-920-174-1>		"kɨdēde"@mch	
"progaši"@dcr	<http://ids.clld.org/values/4-880-217-3>		<http://ids.clld.org/parameters/4-880>		<http://ids.clld.org/values/4-880-174-1>		"əhi"@mch	
"ne"@dcr	<http://ids.clld.org/values/12-320-217-1>		<http://ids.clld.org/parameters/12-320>		<http://ids.clld.org/values/12-320-174-1>		"nonohoʔčə"@mch	
"mɛs"@dcr	<http://ids.clld.org/values/5-380-217-1>		<http://ids.clld.org/parameters/5-380>		<http://ids.clld.org/values/5-380-174-1>		"kɨmɨʔkə"@mch	
"taful ~ taul ~ tawul ~ tavul"@dcr	<http://ids.clld.org/values/7-440-217-1>		<http://ids.clld.org/parameters/7-440>		<http://ids.clld.org/values/7-440-174-1>		"[mesa]i"@mch	
"ast(ə)r ~ (n)astu"@dcr	<http://ids.clld.org/values/12-11-217-1>		<http://ids.clld.org/parameters/12-11>		<http://ids.clld.org/values/12-11-174-1>		"mənse"@mch	
"kin"@dcr	<http://ids.clld.org/values/2-430-217-1>		<http://ids.clld.org/parameters/2-430>		<http://ids.clld.org/values/2-430-174-1>		"nnedɨ"@mch	
"da ~ lasta(n) ~ (li)sta ~ ta"@dcr	<http://ids.clld.org/values/19-470-217-1>		<http://ids.clld.org/parameters/19-470>		<http://ids.clld.org/values/19-470-174-1>		"tɨdɨho-dɨ"@mch	
"al-tit"@dcr	<http://ids.clld.org/values/14-310-217-1>		<http://ids.clld.org/parameters/14-310>		<http://ids.clld.org/values/14-310-174-1>		"wenēne"@mch	
"asɛ"@dcr	<http://ids.clld.org/values/14-210-217-1>		<http://ids.clld.org/parameters/14-210>		<http://ids.clld.org/values/14-210-174-1>		"tamhə̄ʔne"@mch	
"bik"@dcr	<http://ids.clld.org/values/4-460-217-1>		<http://ids.clld.org/parameters/4-460>		<http://ids.clld.org/values/4-460-174-1>		"dudūnoi"@mch	
"plaŋ"@dcr	<http://ids.clld.org/values/7-570-217-1>		<http://ids.clld.org/parameters/7-570>		<http://ids.clld.org/values/7-570-174-1>		"[tadwa]"@mch	
"hogo"@dcr	<http://ids.clld.org/values/4-210-217-1>		<http://ids.clld.org/parameters/4-210>		<http://ids.clld.org/values/4-210-174-1>		"ənu"@mch	
"fik ~ fig"@dcr	<http://ids.clld.org/values/9-370-217-1>		<http://ids.clld.org/parameters/9-370>		<http://ids.clld.org/values/9-370-174-1>		"šēmeka-dɨ"@mch	
"lɛ"@dcr	<http://ids.clld.org/values/1-610-217-1>		<http://ids.clld.org/parameters/1-610>		<http://ids.clld.org/values/1-610-174-1>		"šī"@mch	
"houtu"@dcr	<http://ids.clld.org/values/1-880-217-1>		<http://ids.clld.org/parameters/1-880>		<http://ids.clld.org/values/1-880-174-1>		"-keme-dɨ"@mch	
"pot"@dcr	<http://ids.clld.org/values/5-260-217-1>		<http://ids.clld.org/parameters/5-260>		<http://ids.clld.org/values/5-260-174-1>		"ədinɲə"@mch	
"abo(bo) ~ aobu ~ bo(bo) ~ bono ~ bu ~ (na-)bo(no) ~ obu"@dcr	<http://ids.clld.org/values/12-80-217-1>		<http://ids.clld.org/parameters/12-80>		<http://ids.clld.org/values/12-80-174-1>		"kawə̄"@mch	
"grot-kin"@dcr	<http://ids.clld.org/values/2-490-217-1>		<http://ids.clld.org/parameters/2-490>		<http://ids.clld.org/values/2-490-174-1>		"hādɨ"@mch	
"son"@dcr	<http://ids.clld.org/values/1-520-217-1>		<http://ids.clld.org/parameters/1-520>		<http://ids.clld.org/values/1-520-174-1>		"šī"@mch	
"maŋke"@dcr	<http://ids.clld.org/values/16-620-217-1>		<http://ids.clld.org/parameters/16-620>		<http://ids.clld.org/values/16-620-174-1>		"hyumma-dɨ"@mch	
"bran"@dcr	<http://ids.clld.org/values/1-852-217-1>		<http://ids.clld.org/parameters/1-852>		<http://ids.clld.org/values/1-852-174-1>		"daʔtwa-dɨ"@mch	
"kaut(u)"@dcr	<http://ids.clld.org/values/15-860-217-1>		<http://ids.clld.org/parameters/15-860>		<http://ids.clld.org/values/15-860-174-1>		"kəmme"@mch	
"dik"@dcr	<http://ids.clld.org/values/12-630-217-1>		<http://ids.clld.org/parameters/12-630>		<http://ids.clld.org/values/12-630-174-1>		"hūšīhe"@mch	
"duku"@dcr	<http://ids.clld.org/values/6-120-217-1>		<http://ids.clld.org/parameters/6-120>		<http://ids.clld.org/values/6-120-174-1>		"womɨ"@mch	
"han"@dcr	<http://ids.clld.org/values/4-320-217-1>		<http://ids.clld.org/parameters/4-320>		<http://ids.clld.org/values/4-320-174-1>		"ə̄ʔmu"@mch	
"hus"@dcr	<http://ids.clld.org/values/7-120-217-1>		<http://ids.clld.org/parameters/7-120>		<http://ids.clld.org/values/7-120-174-1>		"mmā"@mch	
"fitin ~ fetin"@dcr	<http://ids.clld.org/values/13-103-217-1>		<http://ids.clld.org/parameters/13-103>		<http://ids.clld.org/values/13-103-174-1>		"amohadəʔto dēwə hyatodea"@mch	
"fil"@dcr	<http://ids.clld.org/values/15-880-217-1>		<http://ids.clld.org/parameters/15-880>		<http://ids.clld.org/values/15-880-174-1>		"nossahe"@mch	
"skol"@dcr	<http://ids.clld.org/values/17-280-217-1>		<http://ids.clld.org/parameters/17-280>		<http://ids.clld.org/values/17-280-174-1>		"wōwanomatoho"@mch	
"mi"@dcr	<http://ids.clld.org/values/2-910-217-1>		<http://ids.clld.org/parameters/2-910>		<http://ids.clld.org/values/2-910-174-1>		"ɨwɨ"@mch	
"ǰak"@dcr	<http://ids.clld.org/values/20-610-217-1>		<http://ids.clld.org/parameters/20-610>		<http://ids.clld.org/values/20-610-174-1>		"emanɲuhɨdɨ"@mch	
"lusifer"@dcr	<http://ids.clld.org/values/1-870-217-1>		<http://ids.clld.org/parameters/1-870>		<http://ids.clld.org/values/1-870-174-1>		"tɨsočāmɨ"@mch	
"(to)mɛs ~ tumɛs"@dcr	<http://ids.clld.org/values/12-430-217-3>		<http://ids.clld.org/parameters/12-430>		<http://ids.clld.org/values/12-430-174-1>		"amoinče-ʔda"@mch	
"yuŋ-kin"@dcr	<http://ids.clld.org/values/2-250-217-1>		<http://ids.clld.org/parameters/2-250>		<http://ids.clld.org/values/2-250-174-1>		"mudekə̄kə"@mch	
"kabe ~ karaber"@dcr	<http://ids.clld.org/values/19-510-217-7>		<http://ids.clld.org/parameters/19-510>		<http://ids.clld.org/values/19-510-174-1>		"weičakōno"@mch	
"stɛm"@dcr	<http://ids.clld.org/values/18-110-217-1>		<http://ids.clld.org/parameters/18-110>		<http://ids.clld.org/values/18-110-174-1>		"kəʔtɨnnə"@mch	
"spigəl"@dcr	<http://ids.clld.org/values/6-960-217-1>		<http://ids.clld.org/parameters/6-960>		<http://ids.clld.org/values/6-960-174-1>		"hekūde"@mch	
"grani"@dcr	<http://ids.clld.org/values/2-470-217-1>		<http://ids.clld.org/parameters/2-470>		<http://ids.clld.org/values/2-470-174-1>		"-tamū-du"@mch	
"rambl"@dcr	<http://ids.clld.org/values/10-450-217-3>		<http://ids.clld.org/parameters/10-450>		<http://ids.clld.org/values/10-450-174-1>		"w-ōhoyma-nə"@mch	
"rik"@dcr	<http://ids.clld.org/values/15-210-217-1>		<http://ids.clld.org/parameters/15-210>		<http://ids.clld.org/values/15-210-174-1>		"hyoʔhōdɨ"@mch	
"mais"@dcr	<http://ids.clld.org/values/8-470-217-1>		<http://ids.clld.org/parameters/8-470>		<http://ids.clld.org/values/8-470-174-1>		"ənɲa"@mch	
"difi"@dcr	<http://ids.clld.org/values/3-594-217-1>		<http://ids.clld.org/parameters/3-594>		<http://ids.clld.org/values/3-594-174-1>		"hadūma"@mch	
"mɛnši"@dcr	<http://ids.clld.org/values/2-420-217-1>		<http://ids.clld.org/parameters/2-420>		<http://ids.clld.org/values/2-420-174-1>		"nnedɨ"@mch	
"di"@dcr	<http://ids.clld.org/values/2-930-217-3>		<http://ids.clld.org/parameters/2-930>		<http://ids.clld.org/values/2-930-174-1>		"tɨwɨ"@mch	
"stik"@dcr	<http://ids.clld.org/values/12-120-217-5>		<http://ids.clld.org/parameters/12-120>		<http://ids.clld.org/values/12-120-174-1>		"enɨ̄ta"@mch	
"stik"@dcr	<http://ids.clld.org/values/12-120-217-5>		<http://ids.clld.org/parameters/12-120>		<http://ids.clld.org/values/12-120-174-3>		"-ehuʔta-"@mch	
"ki"@dcr	<http://ids.clld.org/values/15-510-217-1>		<http://ids.clld.org/parameters/15-510>		<http://ids.clld.org/values/15-510-174-1>		"ene-dɨ"@mch	
"sten"@dcr	<http://ids.clld.org/values/1-440-217-1>		<http://ids.clld.org/parameters/1-440>		<http://ids.clld.org/values/1-440-174-1>		"təʔhu"@mch	
"mat(a)"@dcr	<http://ids.clld.org/values/19-510-217-1>		<http://ids.clld.org/parameters/19-510>		<http://ids.clld.org/values/19-510-174-1>		"weičakōno"@mch	
"frokos(t)"@dcr	<http://ids.clld.org/values/5-410-217-1>		<http://ids.clld.org/parameters/5-410>		<http://ids.clld.org/values/5-410-174-1>		"əwainši"@mch	
"rɛči"@dcr	<http://ids.clld.org/values/12-410-217-1>		<http://ids.clld.org/parameters/12-410>		<http://ids.clld.org/values/12-410-174-1>		"əmuʔdemhɨnɨ"@mch	
"prat"@dcr	<http://ids.clld.org/values/18-210-217-1>		<http://ids.clld.org/parameters/18-210>		<http://ids.clld.org/values/18-210-174-1>		"w-aʔdew-nə"@mch	
"grun"@dcr	<http://ids.clld.org/values/15-680-217-1>		<http://ids.clld.org/parameters/15-680>		<http://ids.clld.org/values/15-680-174-1>		"šēne"@mch	
"wolk"@dcr	<http://ids.clld.org/values/1-730-217-1>		<http://ids.clld.org/parameters/1-730>		<http://ids.clld.org/values/1-730-174-1>		"kāʔdutu"@mch	
"druŋ ~ druŋk"@dcr	<http://ids.clld.org/values/4-980-217-1>		<http://ids.clld.org/parameters/4-980>		<http://ids.clld.org/values/4-980-174-1>		"-oʔdoʔhə"@mch	
"ha(r)"@dcr	<http://ids.clld.org/values/4-140-217-1>		<http://ids.clld.org/parameters/4-140>		<http://ids.clld.org/values/4-140-174-1>		"hū"@mch	
"fɛrgi ~ fɛrki"@dcr	<http://ids.clld.org/values/3-350-217-1>		<http://ids.clld.org/parameters/3-350>		<http://ids.clld.org/values/3-350-174-1>		"[kūši]"@mch	
"laŋ"@dcr	<http://ids.clld.org/values/12-570-217-1>		<http://ids.clld.org/parameters/12-570>		<http://ids.clld.org/values/12-570-174-1>		"nuwe"@mch	
"papəgoi"@dcr	<http://ids.clld.org/values/3-592-217-3>		<http://ids.clld.org/parameters/3-592>		<http://ids.clld.org/values/3-592-174-1>		"[dodo]"@mch	
"lelik ~ lɛlik ~ likik"@dcr	<http://ids.clld.org/values/16-720-217-1>		<http://ids.clld.org/parameters/16-720>		<http://ids.clld.org/values/16-720-174-1>		"kənemhɨnɨ"@mch	
"lɛp"@dcr	<http://ids.clld.org/values/10-430-217-3>		<http://ids.clld.org/parameters/10-430>		<http://ids.clld.org/values/10-430-174-1>		"w-ahanɨn-nə"@mch	
"klen ~ klɛn ~ klenši"@dcr	<http://ids.clld.org/values/12-560-217-1>		<http://ids.clld.org/parameters/12-560>		<http://ids.clld.org/values/12-560-174-1>		"šeʔkə"@mch	
"trap"@dcr	<http://ids.clld.org/values/7-370-217-1>		<http://ids.clld.org/parameters/7-370>		<http://ids.clld.org/values/7-370-174-1>		"inɲahuʔtahə"@mch	
"wurum"@dcr	<http://ids.clld.org/values/3-840-217-1>		<http://ids.clld.org/parameters/3-840>		<http://ids.clld.org/values/3-840-174-1>		"motto"@mch	
"drai"@dcr	<http://ids.clld.org/values/12-930-217-1>		<http://ids.clld.org/parameters/12-930>		<http://ids.clld.org/values/12-930-174-1>		"w-ekamhiaka-nə"@mch	
"stɛt ~ stet"@dcr	<http://ids.clld.org/values/4-180-217-1>		<http://ids.clld.org/parameters/4-180>		<http://ids.clld.org/values/4-180-174-1>		"dāʔkɨdɨ"@mch	
"distu(it)"@dcr	<http://ids.clld.org/values/14-460-217-3>		<http://ids.clld.org/parameters/14-460>		<http://ids.clld.org/values/14-460-174-1>		"čomomɨdawə"@mch	
"patpat ~ pačipači"@dcr	<http://ids.clld.org/values/3-570-217-1>		<http://ids.clld.org/parameters/3-570>		<http://ids.clld.org/values/3-570-174-1>		"[hātu]"@mch	
"bom"@dcr	<http://ids.clld.org/values/8-600-217-1>		<http://ids.clld.org/parameters/8-600>		<http://ids.clld.org/values/8-600-174-1>		"dē"@mch	
"fɛs-huk"@dcr	<http://ids.clld.org/values/20-520-217-1>		<http://ids.clld.org/parameters/20-520>		<http://ids.clld.org/values/20-520-174-1>		"anə̄tə"@mch	
"enten ~ intin ~ ɛntɛn"@dcr	<http://ids.clld.org/values/13-0-217-1>		<http://ids.clld.org/parameters/13-0>		<http://ids.clld.org/values/13-0-174-1>		"āʔke"@mch	
"ta(i) ~ tita"@dcr	<http://ids.clld.org/values/2-350-217-5>		<http://ids.clld.org/parameters/2-350>		<http://ids.clld.org/values/2-350-174-1>		"haha"@mch	
"sa ~ sɛ(l) ~ sɛn(d)r ~ si(n) ~ sini ~ sinr ~ sinu ~ zinə"@dcr	<http://ids.clld.org/values/2-960-217-1>		<http://ids.clld.org/parameters/2-960>		<http://ids.clld.org/values/2-960-174-1>		"tɨnwano"@mch	
"nou"@dcr	<http://ids.clld.org/values/12-620-217-1>		<http://ids.clld.org/parameters/12-620>		<http://ids.clld.org/values/12-620-174-3>		"anwakɨme"@mch	
"nou"@dcr	<http://ids.clld.org/values/12-620-217-1>		<http://ids.clld.org/parameters/12-620>		<http://ids.clld.org/values/12-620-174-1>		"danwadɨ"@mch	
"rɛs"@dcr	<http://ids.clld.org/values/4-912-217-1>		<http://ids.clld.org/parameters/4-912>		<http://ids.clld.org/values/4-912-174-1>		"wə̄dētanə"@mch	
"hunɛrt"@dcr	<http://ids.clld.org/values/13-105-217-1>		<http://ids.clld.org/parameters/13-105>		<http://ids.clld.org/values/13-105-174-1>		"hyātodea ssoto"@mch	
"ba(r)d"@dcr	<http://ids.clld.org/values/4-142-217-1>		<http://ids.clld.org/parameters/4-142>		<http://ids.clld.org/values/4-142-174-1>		"ettəmuho"@mch	
"dans"@dcr	<http://ids.clld.org/values/10-440-217-1>		<http://ids.clld.org/parameters/10-440>		<http://ids.clld.org/values/10-440-174-1>		"-ənwa-"@mch	
"ǰum(b) ~ ǰomp"@dcr	<http://ids.clld.org/values/10-430-217-1>		<http://ids.clld.org/parameters/10-430>		<http://ids.clld.org/values/10-430-174-1>		"w-ahanɨn-nə"@mch	
"blut"@dcr	<http://ids.clld.org/values/4-150-217-1>		<http://ids.clld.org/parameters/4-150>		<http://ids.clld.org/values/4-150-174-1>		"munu"@mch	
"fat"@dcr	<http://ids.clld.org/values/11-140-217-3>		<http://ids.clld.org/parameters/11-140>		<http://ids.clld.org/values/11-140-174-1>		"-ahəi-"@mch	
"rip"@dcr	<http://ids.clld.org/values/5-123-217-1>		<http://ids.clld.org/parameters/5-123>		<http://ids.clld.org/values/5-123-174-1>		"sēweyčato"@mch	
"hok"@dcr	<http://ids.clld.org/values/12-310-217-1>		<http://ids.clld.org/parameters/12-310>		<http://ids.clld.org/values/12-310-174-1>		"kawə"@mch	
"skilpad ~ skelbat ~ skelpan"@dcr	<http://ids.clld.org/values/3-980-217-1>		<http://ids.clld.org/parameters/3-980>		<http://ids.clld.org/values/3-980-174-1>		"heʔde"@mch	
"sak ne"@dcr	<http://ids.clld.org/values/10-473-217-1>		<http://ids.clld.org/parameters/10-473>		<http://ids.clld.org/values/10-473-174-1>		"hɨ̄ʔwakādə"@mch	
"bit"@dcr	<http://ids.clld.org/values/4-580-217-1>		<http://ids.clld.org/parameters/4-580>		<http://ids.clld.org/values/4-580-174-1>		"ēkādɨ"@mch	
"bru ~ buči"@dcr	<http://ids.clld.org/values/2-440-217-1>		<http://ids.clld.org/parameters/2-440>		<http://ids.clld.org/values/2-440-174-1>		"-nuwā-dɨ"@mch	
"kini"@dcr	<http://ids.clld.org/values/4-360-217-1>		<http://ids.clld.org/parameters/4-360>		<http://ids.clld.org/values/4-360-174-1>		"ə̄ʔmu"@mch	
"mata"@dcr	<http://ids.clld.org/values/4-760-217-1>		<http://ids.clld.org/parameters/4-760>		<http://ids.clld.org/values/4-760-174-1>		"aminɲaʔkadɨ"@mch	
"frən ~ frin"@dcr	<http://ids.clld.org/values/19-510-217-5>		<http://ids.clld.org/parameters/19-510>		<http://ids.clld.org/values/19-510-174-1>		"weičakōno"@mch	
"wit"@dcr	<http://ids.clld.org/values/15-640-217-1>		<http://ids.clld.org/parameters/15-640>		<http://ids.clld.org/values/15-640-174-1>		"təʔkeʔne"@mch	
"lamp(ara)"@dcr	<http://ids.clld.org/values/7-450-217-1>		<http://ids.clld.org/parameters/7-450>		<http://ids.clld.org/values/7-450-174-1>		"adāwa"@mch	
"frot"@dcr	<http://ids.clld.org/values/5-125-217-1>		<http://ids.clld.org/parameters/5-125>		<http://ids.clld.org/values/5-125-174-1>		"čə̄tāhə"@mch	
"plat"@dcr	<http://ids.clld.org/values/9-750-217-1>		<http://ids.clld.org/parameters/9-750>		<http://ids.clld.org/values/9-750-174-1>		"aʔtoʔtotoʔho"@mch	
"təsən"@dcr	<http://ids.clld.org/values/12-20-217-1>		<http://ids.clld.org/parameters/12-20>		<http://ids.clld.org/values/12-20-174-1>		"dɨʔtə"@mch	
"houtu ~ hautu"@dcr	<http://ids.clld.org/values/1-430-217-1>		<http://ids.clld.org/parameters/1-430>		<http://ids.clld.org/values/1-430-174-1>		"dē"@mch	
"rɛgən ~ regon ~ regun"@dcr	<http://ids.clld.org/values/1-750-217-1>		<http://ids.clld.org/parameters/1-750>		<http://ids.clld.org/values/1-750-174-1>		"konōho"@mch	
"popa ~ pupa"@dcr	<http://ids.clld.org/values/2-350-217-3>		<http://ids.clld.org/parameters/2-350>		<http://ids.clld.org/values/2-350-174-1>		"haha"@mch	
"ast(ə)r ~ (n)astu"@dcr	<http://ids.clld.org/values/12-10-217-1>		<http://ids.clld.org/parameters/12-10>		<http://ids.clld.org/values/12-10-174-1>		"yə̄ʔhəhe"@mch	
"wai"@dcr	<http://ids.clld.org/values/10-380-217-3>		<http://ids.clld.org/parameters/10-380>		<http://ids.clld.org/values/10-380-174-1>		"yaičumā-dɨ"@mch	
"slap"@dcr	<http://ids.clld.org/values/4-610-217-1>		<http://ids.clld.org/parameters/4-610>		<http://ids.clld.org/values/4-610-174-1>		"w-ɨnɨʔ-nə"@mch	
"zwim ~ zwɛm"@dcr	<http://ids.clld.org/values/10-350-217-1>		<http://ids.clld.org/parameters/10-350>		<http://ids.clld.org/values/10-350-174-1>		"tɨwəʔhiyɨ"@mch	
"eyu"@dcr	<http://ids.clld.org/values/5-970-217-1>		<http://ids.clld.org/parameters/5-970>		<http://ids.clld.org/values/5-970-174-1>		"iʔmoi"@mch	
"han"@dcr	<http://ids.clld.org/values/4-310-217-1>		<http://ids.clld.org/parameters/4-310>		<http://ids.clld.org/values/4-310-174-1>		"aʔhə"@mch	
"fin op mi"@dcr	<http://ids.clld.org/values/19-650-217-1>		<http://ids.clld.org/parameters/19-650>		<http://ids.clld.org/values/19-650-174-1>		"edantə-dɨ"@mch	
"fra(g)"@dcr	<http://ids.clld.org/values/18-350-217-1>		<http://ids.clld.org/parameters/18-350>		<http://ids.clld.org/values/18-350-174-1>		"eʔkatə-dɨ"@mch	
"nai"@dcr	<http://ids.clld.org/values/6-350-217-1>		<http://ids.clld.org/parameters/6-350>		<http://ids.clld.org/values/6-350-174-1>		"šōka-dɨ"@mch	
"hou"@dcr	<http://ids.clld.org/values/14-150-217-1>		<http://ids.clld.org/parameters/14-150>		<http://ids.clld.org/values/14-150-174-1>		"henaʔdohə"@mch	
"fal"@dcr	<http://ids.clld.org/values/10-230-217-3>		<http://ids.clld.org/parameters/10-230>		<http://ids.clld.org/values/10-230-174-1>		"w-eduka-nə"@mch	
"nam"@dcr	<http://ids.clld.org/values/18-420-217-1>		<http://ids.clld.org/parameters/18-420>		<http://ids.clld.org/values/18-420-174-1>		"tə̄tɨ"@mch	
"wis"@dcr	<http://ids.clld.org/values/15-550-217-1>		<http://ids.clld.org/parameters/15-550>		<http://ids.clld.org/values/15-550-174-1>		"eneho-dɨ"@mch	
"(na-)biniši"@dcr	<http://ids.clld.org/values/12-50-217-1>		<http://ids.clld.org/parameters/12-50>		<http://ids.clld.org/values/12-50-174-3>		"anwaʔka"@mch	
"(na-)biniši"@dcr	<http://ids.clld.org/values/12-50-217-1>		<http://ids.clld.org/parameters/12-50>		<http://ids.clld.org/values/12-50-174-1>		"aʔka"@mch	
"en"@dcr	<http://ids.clld.org/values/13-10-217-1>		<http://ids.clld.org/parameters/13-10>		<http://ids.clld.org/values/13-10-174-1>		"tōni"@mch	
"futu"@dcr	<http://ids.clld.org/values/4-370-217-1>		<http://ids.clld.org/parameters/4-370>		<http://ids.clld.org/values/4-370-174-1>		"hūdu"@mch	
"gibo ~ gɛborɛn"@dcr	<http://ids.clld.org/values/4-720-217-1>		<http://ids.clld.org/parameters/4-720>		<http://ids.clld.org/values/4-720-174-1>		"w-ennu-nə"@mch	
"pok"@dcr	<http://ids.clld.org/values/10-670-217-1>		<http://ids.clld.org/parameters/10-670>		<http://ids.clld.org/values/10-670-174-1>		"-adima-dɨ"@mch	
"skon-ta"@dcr	<http://ids.clld.org/values/2-610-217-3>		<http://ids.clld.org/parameters/2-610>		<http://ids.clld.org/values/2-610-174-1>		"wōdɨ̄mə"@mch	
"pošɛs"@dcr	<http://ids.clld.org/values/14-210-217-5>		<http://ids.clld.org/parameters/14-210>		<http://ids.clld.org/values/14-210-174-1>		"tamhə̄ʔne"@mch	
"han"@dcr	<http://ids.clld.org/values/4-330-217-1>		<http://ids.clld.org/parameters/4-330>		<http://ids.clld.org/values/4-330-174-1>		"amō-dɨ"@mch	
"kris"@dcr	<http://ids.clld.org/values/16-370-217-1>		<http://ids.clld.org/parameters/16-370>		<http://ids.clld.org/values/16-370-174-1>		"w-amo-nə"@mch	
"doŋ"@dcr	<http://ids.clld.org/values/12-30-217-3>		<http://ids.clld.org/parameters/12-30>		<http://ids.clld.org/values/12-30-174-1>		"doʔnə"@mch	
"ron(t) ~ run"@dcr	<http://ids.clld.org/values/12-810-217-1>		<http://ids.clld.org/parameters/12-810>		<http://ids.clld.org/values/12-810-174-1>		"kokkoduhaʔto"@mch	
"watu"@dcr	<http://ids.clld.org/values/1-310-217-1>		<http://ids.clld.org/parameters/1-310>		<http://ids.clld.org/values/1-310-174-1>		"tuna"@mch	
"grot(o)"@dcr	<http://ids.clld.org/values/12-550-217-1>		<http://ids.clld.org/parameters/12-550>		<http://ids.clld.org/values/12-550-174-1>		"nuwe"@mch	
"kok"@dcr	<http://ids.clld.org/values/5-210-217-1>		<http://ids.clld.org/parameters/5-210>		<http://ids.clld.org/values/5-210-174-1>		"-aʔnə"@mch	
"suku(-stok)"@dcr	<http://ids.clld.org/values/8-941-217-1>		<http://ids.clld.org/parameters/8-941>		<http://ids.clld.org/values/8-941-174-1>		"əšīčādɨ"@mch	
"bli"@dcr	<http://ids.clld.org/values/16-230-217-1>		<http://ids.clld.org/parameters/16-230>		<http://ids.clld.org/values/16-230-174-1>		"takwanɲe"@mch	
"din"@dcr	<http://ids.clld.org/values/12-650-217-1>		<http://ids.clld.org/parameters/12-650>		<http://ids.clld.org/values/12-650-174-1>		"sāʔtahe"@mch	
"pat"@dcr	<http://ids.clld.org/values/10-720-217-1>		<http://ids.clld.org/parameters/10-720>		<http://ids.clld.org/values/10-720-174-1>		"ə̄ma"@mch	
"mɛnši"@dcr	<http://ids.clld.org/values/2-260-217-1>		<http://ids.clld.org/parameters/2-260>		<http://ids.clld.org/values/2-260-174-1>		"wodi-ʔčə"@mch	
"toŋ"@dcr	<http://ids.clld.org/values/4-260-217-1>		<http://ids.clld.org/parameters/4-260>		<http://ids.clld.org/values/4-260-174-1>		"ɲūdu"@mch	
"roto(n)"@dcr	<http://ids.clld.org/values/3-630-217-3>		<http://ids.clld.org/parameters/3-630>		<http://ids.clld.org/values/3-630-174-1>		"asɨ̄kɨ"@mch	
"ya(r)"@dcr	<http://ids.clld.org/values/14-730-217-1>		<http://ids.clld.org/parameters/14-730>		<http://ids.clld.org/values/14-730-174-1>		"wedɨ"@mch	
"sot(go)"@dcr	<http://ids.clld.org/values/8-930-217-1>		<http://ids.clld.org/parameters/8-930>		<http://ids.clld.org/values/8-930-174-1>		"kankudu"@mch	
"kano ~ kanu"@dcr	<http://ids.clld.org/values/10-831-217-1>		<http://ids.clld.org/parameters/10-831>		<http://ids.clld.org/values/10-831-174-1>		"[kanowa]"@mch	
"tumbl"@dcr	<http://ids.clld.org/values/10-230-217-5>		<http://ids.clld.org/parameters/10-230>		<http://ids.clld.org/values/10-230-174-1>		"w-eduka-nə"@mch	
"ret ši"@dcr	<http://ids.clld.org/values/12-410-217-3>		<http://ids.clld.org/parameters/12-410>		<http://ids.clld.org/values/12-410-174-1>		"əmuʔdemhɨnɨ"@mch	
"skon-pupa"@dcr	<http://ids.clld.org/values/2-610-217-1>		<http://ids.clld.org/parameters/2-610>		<http://ids.clld.org/values/2-610-174-1>		"wōdɨ̄mə"@mch	
"dak"@dcr	<http://ids.clld.org/values/14-410-217-1>		<http://ids.clld.org/parameters/14-410>		<http://ids.clld.org/values/14-410-174-1>		"anə̄to"@mch	
"nal (?)"@dcr	<http://ids.clld.org/values/4-345-217-1>		<http://ids.clld.org/parameters/4-345>		<http://ids.clld.org/values/4-345-174-1>		"əmmi"@mch	
"ma"@dcr	<http://ids.clld.org/values/6-330-217-1>		<http://ids.clld.org/parameters/6-330>		<http://ids.clld.org/values/6-330-174-1>		"tɨʔkaʔhɨdɨ"@mch	
"ko"@dcr	<http://ids.clld.org/values/10-480-217-1>		<http://ids.clld.org/parameters/10-480>		<http://ids.clld.org/values/10-480-174-1>		"w-eʔ-nə"@mch	
"gro(t)-pupa"@dcr	<http://ids.clld.org/values/2-460-217-1>		<http://ids.clld.org/parameters/2-460>		<http://ids.clld.org/values/2-460-174-1>		"kōko"@mch	
"abɛ ~ ape ~ (w)api ~ ɛpɛ"@dcr	<http://ids.clld.org/values/17-660-217-1>		<http://ids.clld.org/parameters/17-660>		<http://ids.clld.org/values/17-660-174-1>		"ə̄iša"@mch	
"ǰak"@dcr	<http://ids.clld.org/values/10-530-217-1>		<http://ids.clld.org/parameters/10-530>		<http://ids.clld.org/values/10-530-174-1>		"-aheʔka-dɨ"@mch	
"fol(o)k ~ foluk ~ fulok ~ fuluk"@dcr	<http://ids.clld.org/values/19-210-217-1>		<http://ids.clld.org/parameters/19-210>		<http://ids.clld.org/values/19-210-174-1>		"weiʔčɨ"@mch	
"bus"@dcr	<http://ids.clld.org/values/1-410-217-1>		<http://ids.clld.org/parameters/1-410>		<http://ids.clld.org/values/1-410-174-1>		"čūta"@mch	
"braslɛt"@dcr	<http://ids.clld.org/values/6-740-217-1>		<http://ids.clld.org/parameters/6-740>		<http://ids.clld.org/values/6-740-174-1>		"ahəʔmɨy"@mch	
"bigin"@dcr	<http://ids.clld.org/values/14-250-217-1>		<http://ids.clld.org/parameters/14-250>		<http://ids.clld.org/values/14-250-174-1>		"ahəntədɨ"@mch	
"makut(u)"@dcr	<http://ids.clld.org/values/9-760-217-1>		<http://ids.clld.org/parameters/9-760>		<http://ids.clld.org/values/9-760-174-1>		"wɨ̄wa"@mch	
"aks"@dcr	<http://ids.clld.org/values/9-250-217-1>		<http://ids.clld.org/parameters/9-250>		<http://ids.clld.org/values/9-250-174-1>		"wɨ̄wɨ"@mch	
"bitu"@dcr	<http://ids.clld.org/values/15-370-217-1>		<http://ids.clld.org/parameters/15-370>		<http://ids.clld.org/values/15-370-174-1>		"tutune"@mch	
"kot"@dcr	<http://ids.clld.org/values/15-860-217-3>		<http://ids.clld.org/parameters/15-860>		<http://ids.clld.org/values/15-860-174-1>		"kəmme"@mch	
"yu"@dcr	<http://ids.clld.org/values/2-920-217-1>		<http://ids.clld.org/parameters/2-920>		<http://ids.clld.org/values/2-920-174-1>		"əmədə"@mch	
"awi(di)"@dcr	<http://ids.clld.org/values/17-680-217-1>		<http://ids.clld.org/parameters/17-680>		<http://ids.clld.org/values/17-680-174-1>		"ənə̄kɨ"@mch	
"ko abini"@dcr	<http://ids.clld.org/values/10-570-217-1>		<http://ids.clld.org/parameters/10-570>		<http://ids.clld.org/values/10-570-174-1>		"w-omon-nə"@mch	
"fas"@dcr	<http://ids.clld.org/values/11-140-217-1>		<http://ids.clld.org/parameters/11-140>		<http://ids.clld.org/values/11-140-174-1>		"-ahəi-"@mch	
"futu"@dcr	<http://ids.clld.org/values/4-350-217-1>		<http://ids.clld.org/parameters/4-350>		<http://ids.clld.org/values/4-350-174-1>		"hētɨ"@mch	
"garən"@dcr	<http://ids.clld.org/values/6-380-217-1>		<http://ids.clld.org/parameters/6-380>		<http://ids.clld.org/values/6-380-174-1>		"hakūdimɨʔtɨ"@mch	
"rup"@dcr	<http://ids.clld.org/values/18-420-217-3>		<http://ids.clld.org/parameters/18-420>		<http://ids.clld.org/values/18-420-174-1>		"tə̄tɨ"@mch	
"grot-kin"@dcr	<http://ids.clld.org/values/2-480-217-1>		<http://ids.clld.org/parameters/2-480>		<http://ids.clld.org/values/2-480-174-1>		"hādɨ"@mch	
"ot-kwek"@dcr	<http://ids.clld.org/values/1-450-217-1>		<http://ids.clld.org/parameters/1-450>		<http://ids.clld.org/values/1-450-174-1>		"dehūši"@mch	
