"blas"@dcr	<http://ids.clld.org/values/10-380-217-1>		<http://ids.clld.org/parameters/10-380>		<http://ids.clld.org/values/10-380-315-1>		"lupu"@yag	
"(frou-?)skap"@dcr	<http://ids.clld.org/values/3-280-217-1>		<http://ids.clld.org/parameters/3-280>		<http://ids.clld.org/values/3-280-315-1>		"[šipa]"@yag	
"bom"@dcr	<http://ids.clld.org/values/1-420-217-1>		<http://ids.clld.org/parameters/1-420>		<http://ids.clld.org/values/1-420-315-1>		"šopeya"@yag	
"pɛk ~ pik"@dcr	<http://ids.clld.org/values/12-210-217-3>		<http://ids.clld.org/parameters/12-210>		<http://ids.clld.org/values/12-210-315-1>		"kipi"@yag	
"bruk"@dcr	<http://ids.clld.org/values/6-480-217-1>		<http://ids.clld.org/parameters/6-480>		<http://ids.clld.org/values/6-480-315-1>		"[tauses]"@yag	
"han"@dcr	<http://ids.clld.org/values/4-340-217-3>		<http://ids.clld.org/parameters/4-340>		<http://ids.clld.org/values/4-340-315-1>		"uštikin"@yag	
"dot ~ dod"@dcr	<http://ids.clld.org/values/4-750-217-1>		<http://ids.clld.org/parameters/4-750>		<http://ids.clld.org/values/4-750-315-3>		"xapana"@yag	
"dot ~ dod"@dcr	<http://ids.clld.org/values/4-750-217-1>		<http://ids.clld.org/parameters/4-750>		<http://ids.clld.org/values/4-750-315-1>		"malaku"@yag	
"stɛk"@dcr	<http://ids.clld.org/values/9-223-217-1>		<http://ids.clld.org/parameters/9-223>		<http://ids.clld.org/values/9-223-315-1>		"tuna"@yag	
"mole-"@dcr	<http://ids.clld.org/values/12-340-217-3>		<http://ids.clld.org/parameters/12-340>		<http://ids.clld.org/values/12-340-315-1>		"uša"@yag	
"kam"@dcr	<http://ids.clld.org/values/6-910-217-1>		<http://ids.clld.org/parameters/6-910>		<http://ids.clld.org/values/6-910-315-1>		"uškami"@yag	
"fligi"@dcr	<http://ids.clld.org/values/3-830-217-1>		<http://ids.clld.org/parameters/3-830>		<http://ids.clld.org/values/3-830-315-1>		"wina"@yag	
"(hou)-nom"@dcr	<http://ids.clld.org/values/2-310-217-3>		<http://ids.clld.org/parameters/2-310>		<http://ids.clld.org/values/2-310-315-1>		"tuku"@yag	
"gorogoro"@dcr	<http://ids.clld.org/values/4-290-217-1>		<http://ids.clld.org/parameters/4-290>		<http://ids.clld.org/values/4-290-315-1>		"xuša"@yag	
"puši"@dcr	<http://ids.clld.org/values/3-620-217-1>		<http://ids.clld.org/parameters/3-620>		<http://ids.clld.org/values/3-620-315-1>		"[kyat]"@yag	
"fat"@dcr	<http://ids.clld.org/values/10-252-217-3>		<http://ids.clld.org/parameters/10-252>		<http://ids.clld.org/values/10-252-315-1>		"ata"@yag	
"nas-i-gat"@dcr	<http://ids.clld.org/values/4-231-217-1>		<http://ids.clld.org/parameters/4-231>		<http://ids.clld.org/values/4-231-315-1>		"tawankaka"@yag	
"grot-muma ~ grot-ma"@dcr	<http://ids.clld.org/values/2-470-217-3>		<http://ids.clld.org/parameters/2-470>		<http://ids.clld.org/values/2-470-315-1>		"kuluna"@yag	
"fanda"@dcr	<http://ids.clld.org/values/14-470-217-1>		<http://ids.clld.org/parameters/14-470>		<http://ids.clld.org/values/14-470-315-1>		"anči mola"@yag	
"dop-kin (?)"@dcr	<http://ids.clld.org/values/2-740-217-1>		<http://ids.clld.org/parameters/2-740>		<http://ids.clld.org/values/2-740-315-1>		"masa-kipa"@yag	
"skon-ta"@dcr	<http://ids.clld.org/values/2-611-217-3>		<http://ids.clld.org/parameters/2-611>		<http://ids.clld.org/values/2-611-315-1>		"masaku"@yag	
"fi"@dcr	<http://ids.clld.org/values/1-820-217-1>		<http://ids.clld.org/parameters/1-820>		<http://ids.clld.org/values/1-820-315-1>		"šola"@yag	
"suku ~ suko"@dcr	<http://ids.clld.org/values/5-850-217-1>		<http://ids.clld.org/parameters/5-850>		<http://ids.clld.org/values/5-850-315-1>		"[suka]"@yag	
"mɛn"@dcr	<http://ids.clld.org/values/4-860-217-1>		<http://ids.clld.org/parameters/4-860>		<http://ids.clld.org/values/4-860-315-1>		"uštaku-yamana"@yag	
"rol"@dcr	<http://ids.clld.org/values/10-150-217-1>		<http://ids.clld.org/parameters/10-150>		<http://ids.clld.org/values/10-150-315-1>		"utala"@yag	
"baŋ"@dcr	<http://ids.clld.org/values/16-530-217-1>		<http://ids.clld.org/parameters/16-530>		<http://ids.clld.org/values/16-530-315-1>		"yenkina"@yag	
"muči ~ muši"@dcr	<http://ids.clld.org/values/13-150-217-3>		<http://ids.clld.org/parameters/13-150>		<http://ids.clld.org/values/13-150-315-1>		"weru"@yag	
"ɛ(r)stə ~ ɛstu"@dcr	<http://ids.clld.org/values/13-340-217-1>		<http://ids.clld.org/parameters/13-340>		<http://ids.clld.org/values/13-340-315-1>		"ayana"@yag	
"nɛf ~ nef"@dcr	<http://ids.clld.org/values/5-380-217-3>		<http://ids.clld.org/parameters/5-380>		<http://ids.clld.org/values/5-380-315-1>		"[naif]"@yag	
"nɛf ~ nef"@dcr	<http://ids.clld.org/values/5-380-217-3>		<http://ids.clld.org/parameters/5-380>		<http://ids.clld.org/values/5-380-315-3>		"wila"@yag	
"ha(r)"@dcr	<http://ids.clld.org/values/4-145-217-1>		<http://ids.clld.org/parameters/4-145>		<http://ids.clld.org/values/4-145-315-1>		"alačun"@yag	
"kaba"@dcr	<http://ids.clld.org/values/14-270-217-1>		<http://ids.clld.org/parameters/14-270>		<http://ids.clld.org/values/14-270-315-1>		"uštakata"@yag	
"swat"@dcr	<http://ids.clld.org/values/15-650-217-1>		<http://ids.clld.org/parameters/15-650>		<http://ids.clld.org/values/15-650-315-1>		"lampi"@yag	
"floiu"@dcr	<http://ids.clld.org/values/3-813-217-1>		<http://ids.clld.org/parameters/3-813>		<http://ids.clld.org/values/3-813-315-1>		"šinuš"@yag	
"smok"@dcr	<http://ids.clld.org/values/1-830-217-1>		<http://ids.clld.org/parameters/1-830>		<http://ids.clld.org/values/1-830-315-1>		"ušku"@yag	
"rak"@dcr	<http://ids.clld.org/values/10-550-217-1>		<http://ids.clld.org/parameters/10-550>		<http://ids.clld.org/values/10-550-315-1>		"akatata"@yag	
"(a-)fo(r) ~ fu ~ na-fo"@dcr	<http://ids.clld.org/values/12-41-217-1>		<http://ids.clld.org/parameters/12-41>		<http://ids.clld.org/values/12-41-315-1>		"ša"@yag	
"drok ~ drog"@dcr	<http://ids.clld.org/values/15-840-217-1>		<http://ids.clld.org/parameters/15-840>		<http://ids.clld.org/values/15-840-315-1>		"paka"@yag	
"plat"@dcr	<http://ids.clld.org/values/6-921-217-1>		<http://ids.clld.org/parameters/6-921>		<http://ids.clld.org/values/6-921-315-1>		"kamaku"@yag	
"skun ~ skon"@dcr	<http://ids.clld.org/values/6-510-217-1>		<http://ids.clld.org/parameters/6-510>		<http://ids.clld.org/values/6-510-315-1>		"kili"@yag	
"lik"@dcr	<http://ids.clld.org/values/16-670-217-1>		<http://ids.clld.org/parameters/16-670>		<http://ids.clld.org/values/16-670-315-1>		"yaus"@yag	
"len ~ lin"@dcr	<http://ids.clld.org/values/11-620-217-1>		<http://ids.clld.org/parameters/11-620>		<http://ids.clld.org/values/11-620-315-1>		"manaku"@yag	
"frɛf ~ frif"@dcr	<http://ids.clld.org/values/9-310-217-1>		<http://ids.clld.org/parameters/9-310>		<http://ids.clld.org/values/9-310-315-1>		"pratan"@yag	
"krou"@dcr	<http://ids.clld.org/values/9-310-217-5>		<http://ids.clld.org/parameters/9-310>		<http://ids.clld.org/values/9-310-315-1>		"pratan"@yag	
"klɛn ~ klen ~ klenči"@dcr	<http://ids.clld.org/values/13-170-217-1>		<http://ids.clld.org/parameters/13-170>		<http://ids.clld.org/values/13-170-315-3>		"uratur"@yag	
"klɛn ~ klen ~ klenči"@dcr	<http://ids.clld.org/values/13-170-217-1>		<http://ids.clld.org/parameters/13-170>		<http://ids.clld.org/values/13-170-315-1>		"yaxa"@yag	
"pla(t)s"@dcr	<http://ids.clld.org/values/12-110-217-1>		<http://ids.clld.org/parameters/12-110>		<http://ids.clld.org/values/12-110-315-1>		"[pleis]"@yag	
"flɛs ~ flɛis"@dcr	<http://ids.clld.org/values/4-130-217-1>		<http://ids.clld.org/parameters/4-130>		<http://ids.clld.org/values/4-130-315-1>		"antapa"@yag	
"ko(r)t"@dcr	<http://ids.clld.org/values/12-590-217-1>		<http://ids.clld.org/parameters/12-590>		<http://ids.clld.org/values/12-590-315-1>		"utala"@yag	
"doktu"@dcr	<http://ids.clld.org/values/4-870-217-1>		<http://ids.clld.org/parameters/4-870>		<http://ids.clld.org/values/4-870-315-1>		"[takter]"@yag	
"lɛi"@dcr	<http://ids.clld.org/values/12-120-217-3>		<http://ids.clld.org/parameters/12-120>		<http://ids.clld.org/values/12-120-315-1>		"umutu"@yag	
"lɛi"@dcr	<http://ids.clld.org/values/12-120-217-3>		<http://ids.clld.org/parameters/12-120>		<http://ids.clld.org/values/12-120-315-3>		"utika"@yag	
"mu"@dcr	<http://ids.clld.org/values/4-910-217-1>		<http://ids.clld.org/parameters/4-910>		<http://ids.clld.org/values/4-910-315-1>		"kutufunata"@yag	
"skon-muma ~ skon-ma (?)"@dcr	<http://ids.clld.org/values/2-620-217-1>		<http://ids.clld.org/parameters/2-620>		<http://ids.clld.org/values/2-620-315-1>		"masa-kipa"@yag	
"slaŋ"@dcr	<http://ids.clld.org/values/3-850-217-1>		<http://ids.clld.org/parameters/3-850>		<http://ids.clld.org/values/3-850-315-1>		"ušwatoli"@yag	
"mui"@dcr	<http://ids.clld.org/values/2-520-217-1>		<http://ids.clld.org/parameters/2-520>		<http://ids.clld.org/values/2-520-315-1>		"tanowa-kipa"@yag	
"šiši"@dcr	<http://ids.clld.org/values/2-450-217-1>		<http://ids.clld.org/parameters/2-450>		<http://ids.clld.org/values/2-450-315-1>		"way-kipa"@yag	
"som"@dcr	<http://ids.clld.org/values/13-181-217-1>		<http://ids.clld.org/parameters/13-181>		<http://ids.clld.org/values/13-181-315-1>		"tayatu"@yag	
"(h)am ~ (h)an"@dcr	<http://ids.clld.org/values/2-930-217-1>		<http://ids.clld.org/parameters/2-930>		<http://ids.clld.org/values/2-930-315-1>		"kitu"@yag	
"gɛstu ~ gistu"@dcr	<http://ids.clld.org/values/14-490-217-1>		<http://ids.clld.org/parameters/14-490>		<http://ids.clld.org/values/14-490-315-1>		"kunakea"@yag	
"frau"@dcr	<http://ids.clld.org/values/2-220-217-1>		<http://ids.clld.org/parameters/2-220>		<http://ids.clld.org/values/2-220-315-1>		"kipa"@yag	
"ris"@dcr	<http://ids.clld.org/values/10-220-217-1>		<http://ids.clld.org/parameters/10-220>		<http://ids.clld.org/values/10-220-315-1>		"ilana"@yag	
"batum"@dcr	<http://ids.clld.org/values/12-340-217-1>		<http://ids.clld.org/parameters/12-340>		<http://ids.clld.org/values/12-340-315-1>		"uša"@yag	
"sla"@dcr	<http://ids.clld.org/values/9-220-217-3>		<http://ids.clld.org/parameters/9-220>		<http://ids.clld.org/values/9-220-315-1>		"ašokata"@yag	
"a-bidi ~ a-bit(i) ~ (na-)bitiši"@dcr	<http://ids.clld.org/values/12-60-217-1>		<http://ids.clld.org/parameters/12-60>		<http://ids.clld.org/values/12-60-315-1>		"asi"@yag	
"nas-i-slim"@dcr	<http://ids.clld.org/values/4-232-217-1>		<http://ids.clld.org/parameters/4-232>		<http://ids.clld.org/values/4-232-315-1>		"xašapuk"@yag	
"plan(t)"@dcr	<http://ids.clld.org/values/8-531-217-1>		<http://ids.clld.org/parameters/8-531>		<http://ids.clld.org/values/8-531-315-1>		"tupušu"@yag	
"dikl"@dcr	<http://ids.clld.org/values/10-351-217-1>		<http://ids.clld.org/parameters/10-351>		<http://ids.clld.org/values/10-351-315-1>		"akiswanari"@yag	
"so"@dcr	<http://ids.clld.org/values/2-410-217-1>		<http://ids.clld.org/parameters/2-410>		<http://ids.clld.org/values/2-410-315-1>		"maku"@yag	
"kla"@dcr	<http://ids.clld.org/values/14-290-217-1>		<http://ids.clld.org/parameters/14-290>		<http://ids.clld.org/values/14-290-315-1>		"kaita"@yag	
"koho"@dcr	<http://ids.clld.org/values/4-530-217-1>		<http://ids.clld.org/parameters/4-530>		<http://ids.clld.org/values/4-530-315-1>		"myakasi"@yag	
"moruk"@dcr	<http://ids.clld.org/values/14-480-217-1>		<http://ids.clld.org/parameters/14-480>		<http://ids.clld.org/values/14-480-315-1>		"xamašana"@yag	
"rup"@dcr	<http://ids.clld.org/values/18-410-217-1>		<http://ids.clld.org/parameters/18-410>		<http://ids.clld.org/values/18-410-315-1>		"aye"@yag	
"faləi"@dcr	<http://ids.clld.org/values/1-240-217-1>		<http://ids.clld.org/parameters/1-240>		<http://ids.clld.org/values/1-240-315-1>		"luči"@yag	
"kin"@dcr	<http://ids.clld.org/values/2-280-217-1>		<http://ids.clld.org/parameters/2-280>		<http://ids.clld.org/values/2-280-315-1>		"kayola"@yag	
"(h)ašiši"@dcr	<http://ids.clld.org/values/1-840-217-1>		<http://ids.clld.org/parameters/1-840>		<http://ids.clld.org/values/1-840-315-1>		"afwa"@yag	
"swa(r)t"@dcr	<http://ids.clld.org/values/15-630-217-1>		<http://ids.clld.org/parameters/15-630>		<http://ids.clld.org/values/15-630-315-1>		"xamaša"@yag	
"kak"@dcr	<http://ids.clld.org/values/4-207-217-1>		<http://ids.clld.org/parameters/4-207>		<http://ids.clld.org/values/4-207-315-1>		"wani"@yag	
"lak"@dcr	<http://ids.clld.org/values/16-250-217-1>		<http://ids.clld.org/parameters/16-250>		<http://ids.clld.org/values/16-250-315-1>		"toška"@yag	
"(a)wama"@dcr	<http://ids.clld.org/values/17-690-217-1>		<http://ids.clld.org/parameters/17-690>		<http://ids.clld.org/values/17-690-315-1>		"koutupi"@yag	
"saut(u)"@dcr	<http://ids.clld.org/values/5-810-217-1>		<http://ids.clld.org/parameters/5-810>		<http://ids.clld.org/values/5-810-315-1>		"[saulete]"@yag	
"nom"@dcr	<http://ids.clld.org/values/2-210-217-1>		<http://ids.clld.org/parameters/2-210>		<http://ids.clld.org/values/2-210-315-1>		"yamana"@yag	
"skon-kin"@dcr	<http://ids.clld.org/values/2-631-217-1>		<http://ids.clld.org/parameters/2-631>		<http://ids.clld.org/values/2-631-315-1>		"masaku"@yag	
"sut"@dcr	<http://ids.clld.org/values/15-350-217-1>		<http://ids.clld.org/parameters/15-350>		<http://ids.clld.org/values/15-350-315-1>		"amaku"@yag	
"rik stin"@dcr	<http://ids.clld.org/values/15-260-217-3>		<http://ids.clld.org/parameters/15-260>		<http://ids.clld.org/values/15-260-315-1>		"ufka"@yag	
"dra"@dcr	<http://ids.clld.org/values/10-613-217-1>		<http://ids.clld.org/parameters/10-613>		<http://ids.clld.org/values/10-613-315-1>		"wamanata"@yag	
"waita"@dcr	<http://ids.clld.org/values/15-520-217-3>		<http://ids.clld.org/parameters/15-520>		<http://ids.clld.org/values/15-520-315-1>		"alakana"@yag	
"win"@dcr	<http://ids.clld.org/values/4-520-217-1>		<http://ids.clld.org/parameters/4-520>		<http://ids.clld.org/values/4-520-315-1>		"myaku"@yag	
"lo"@dcr	<http://ids.clld.org/values/10-470-217-1>		<http://ids.clld.org/parameters/10-470>		<http://ids.clld.org/values/10-470-315-1>		"katuš"@yag	
"hopo"@dcr	<http://ids.clld.org/values/10-210-217-1>		<http://ids.clld.org/parameters/10-210>		<http://ids.clld.org/values/10-210-315-1>		"kamato"@yag	
"bik"@dcr	<http://ids.clld.org/values/4-470-217-1>		<http://ids.clld.org/parameters/4-470>		<http://ids.clld.org/values/4-470-315-1>		"amakana"@yag	
"gɛsɛ(g) ~ gusə"@dcr	<http://ids.clld.org/values/4-204-217-1>		<http://ids.clld.org/parameters/4-204>		<http://ids.clld.org/values/4-204-315-1>		"čeisa"@yag	
"kok"@dcr	<http://ids.clld.org/values/5-121-217-1>		<http://ids.clld.org/parameters/5-121>		<http://ids.clld.org/values/5-121-315-1>		"[kuka]"@yag	
"kankani"@dcr	<http://ids.clld.org/values/4-670-217-1>		<http://ids.clld.org/parameters/4-670>		<http://ids.clld.org/values/4-670-315-3>		"ana"@yag	
"kankani"@dcr	<http://ids.clld.org/values/4-670-217-1>		<http://ids.clld.org/parameters/4-670>		<http://ids.clld.org/values/4-670-315-1>		"uštaku"@yag	
"ges ~ gɛs"@dcr	<http://ids.clld.org/values/22-450-217-1>		<http://ids.clld.org/parameters/22-450>		<http://ids.clld.org/values/22-450-315-1>		"xanuš"@yag	
"smok"@dcr	<http://ids.clld.org/values/8-690-217-1>		<http://ids.clld.org/parameters/8-690>		<http://ids.clld.org/values/8-690-315-1>		"ušku"@yag	
"frai"@dcr	<http://ids.clld.org/values/4-830-217-1>		<http://ids.clld.org/parameters/4-830>		<http://ids.clld.org/values/4-830-315-1>		"[welis]"@yag	
"domne ~ domni"@dcr	<http://ids.clld.org/values/22-180-217-1>		<http://ids.clld.org/parameters/22-180>		<http://ids.clld.org/values/22-180-315-1>		"[prista]"@yag	
"krau"@dcr	<http://ids.clld.org/values/5-480-217-1>		<http://ids.clld.org/parameters/5-480>		<http://ids.clld.org/values/5-480-315-1>		"akita"@yag	
"gau"@dcr	<http://ids.clld.org/values/14-210-217-3>		<http://ids.clld.org/parameters/14-210>		<http://ids.clld.org/values/14-210-315-1>		"šamiku"@yag	
"swek"@dcr	<http://ids.clld.org/values/4-853-217-1>		<http://ids.clld.org/parameters/4-853>		<http://ids.clld.org/values/4-853-315-1>		"mutatu"@yag	
"drai"@dcr	<http://ids.clld.org/values/10-130-217-1>		<http://ids.clld.org/parameters/10-130>		<http://ids.clld.org/values/10-130-315-1>		"tumušunata"@yag	
"man-"@dcr	<http://ids.clld.org/values/2-230-217-1>		<http://ids.clld.org/parameters/2-230>		<http://ids.clld.org/values/2-230-315-1>		"yamana"@yag	
"fɛ(r) ~ fe"@dcr	<http://ids.clld.org/values/12-440-217-1>		<http://ids.clld.org/parameters/12-440>		<http://ids.clld.org/values/12-440-315-1>		"xakusi"@yag	
"šikl"@dcr	<http://ids.clld.org/values/10-260-217-1>		<http://ids.clld.org/parameters/10-260>		<http://ids.clld.org/values/10-260-315-1>		"tukulaša"@yag	
"fɛgɛtə ~ figiti ~ fikiti"@dcr	<http://ids.clld.org/values/20-110-217-1>		<http://ids.clld.org/parameters/20-110>		<http://ids.clld.org/values/20-110-315-1>		"emuka"@yag	
"hungu"@dcr	<http://ids.clld.org/values/5-140-217-1>		<http://ids.clld.org/parameters/5-140>		<http://ids.clld.org/values/5-140-315-1>		"amašoku"@yag	
"plɛ(k)"@dcr	<http://ids.clld.org/values/12-110-217-3>		<http://ids.clld.org/parameters/12-110>		<http://ids.clld.org/values/12-110-315-1>		"[pleis]"@yag	
"se"@dcr	<http://ids.clld.org/values/18-221-217-1>		<http://ids.clld.org/parameters/18-221>		<http://ids.clld.org/values/18-221-315-1>		"yakar"@yag	
"folək"@dcr	<http://ids.clld.org/values/2-100-217-1>		<http://ids.clld.org/parameters/2-100>		<http://ids.clld.org/values/2-100-315-1>		"yamana"@yag	
"nɛf ~ nef"@dcr	<http://ids.clld.org/values/9-230-217-3>		<http://ids.clld.org/parameters/9-230>		<http://ids.clld.org/values/9-230-315-3>		"wila"@yag	
"nɛf ~ nef"@dcr	<http://ids.clld.org/values/9-230-217-3>		<http://ids.clld.org/parameters/9-230>		<http://ids.clld.org/values/9-230-315-1>		"[naif]"@yag	
"mon ~ mun"@dcr	<http://ids.clld.org/values/4-240-217-1>		<http://ids.clld.org/parameters/4-240>		<http://ids.clld.org/values/4-240-315-1>		"ya"@yag	
"bak"@dcr	<http://ids.clld.org/values/5-320-217-1>		<http://ids.clld.org/parameters/5-320>		<http://ids.clld.org/values/5-320-315-1>		"tukama"@yag	
"frou-"@dcr	<http://ids.clld.org/values/3-130-217-1>		<http://ids.clld.org/parameters/3-130>		<http://ids.clld.org/values/3-130-315-1>		"kipa"@yag	
"wani ~ wɛn(i) ~ wini"@dcr	<http://ids.clld.org/values/17-650-217-1>		<http://ids.clld.org/parameters/17-650>		<http://ids.clld.org/values/17-650-315-1>		"končita"@yag	
"lik ~ lɛk"@dcr	<http://ids.clld.org/values/4-590-217-1>		<http://ids.clld.org/parameters/4-590>		<http://ids.clld.org/values/4-590-315-1>		"walampina"@yag	
"gi"@dcr	<http://ids.clld.org/values/11-210-217-1>		<http://ids.clld.org/parameters/11-210>		<http://ids.clld.org/values/11-210-315-1>		"taku"@yag	
"anstons"@dcr	<http://ids.clld.org/values/14-190-217-1>		<http://ids.clld.org/parameters/14-190>		<http://ids.clld.org/values/14-190-315-1>		"inakun"@yag	
"skon-kin (?)"@dcr	<http://ids.clld.org/values/2-640-217-1>		<http://ids.clld.org/parameters/2-640>		<http://ids.clld.org/values/2-640-315-1>		"masa-kipa"@yag	
"klim"@dcr	<http://ids.clld.org/values/10-472-217-1>		<http://ids.clld.org/parameters/10-472>		<http://ids.clld.org/values/10-472-315-1>		"melaku"@yag	
"tak"@dcr	<http://ids.clld.org/values/8-550-217-1>		<http://ids.clld.org/parameters/8-550>		<http://ids.clld.org/values/8-550-315-1>		"šopeya"@yag	
"sudži ~ sutǰi"@dcr	<http://ids.clld.org/values/15-750-217-1>		<http://ids.clld.org/parameters/15-750>		<http://ids.clld.org/values/15-750-315-1>		"kutalu"@yag	
"bɛn ~ bin(t)"@dcr	<http://ids.clld.org/values/9-160-217-1>		<http://ids.clld.org/parameters/9-160>		<http://ids.clld.org/values/9-160-315-1>		"yamaseta"@yag	
"rik"@dcr	<http://ids.clld.org/values/15-220-217-1>		<http://ids.clld.org/parameters/15-220>		<http://ids.clld.org/values/15-220-315-1>		"ašata"@yag	
"gaŋ-gaŋ"@dcr	<http://ids.clld.org/values/2-470-217-5>		<http://ids.clld.org/parameters/2-470>		<http://ids.clld.org/values/2-470-315-1>		"kuluna"@yag	
"tɛtsi ~ təči"@dcr	<http://ids.clld.org/values/4-380-217-1>		<http://ids.clld.org/parameters/4-380>		<http://ids.clld.org/values/4-380-315-1>		"ašwa"@yag	
"hun"@dcr	<http://ids.clld.org/values/3-610-217-1>		<http://ids.clld.org/parameters/3-610>		<http://ids.clld.org/values/3-610-315-1>		"yašala"@yag	
"kop"@dcr	<http://ids.clld.org/values/11-810-217-1>		<http://ids.clld.org/parameters/11-810>		<http://ids.clld.org/values/11-810-315-1>		"tere"@yag	
"nas ~ nɛs"@dcr	<http://ids.clld.org/values/4-230-217-1>		<http://ids.clld.org/parameters/4-230>		<http://ids.clld.org/values/4-230-315-1>		"kašuš"@yag	
"ho"@dcr	<http://ids.clld.org/values/15-410-217-1>		<http://ids.clld.org/parameters/15-410>		<http://ids.clld.org/values/15-410-315-1>		"muš"@yag	
"ho"@dcr	<http://ids.clld.org/values/15-410-217-1>		<http://ids.clld.org/parameters/15-410>		<http://ids.clld.org/values/15-410-315-3>		"mara"@yag	
"stil"@dcr	<http://ids.clld.org/values/15-460-217-1>		<http://ids.clld.org/parameters/15-460>		<http://ids.clld.org/values/15-460-315-1>		"ukausina"@yag	
"san"@dcr	<http://ids.clld.org/values/1-215-217-1>		<http://ids.clld.org/parameters/1-215>		<http://ids.clld.org/values/1-215-315-1>		"asola"@yag	
"kop"@dcr	<http://ids.clld.org/values/4-200-217-1>		<http://ids.clld.org/parameters/4-200>		<http://ids.clld.org/values/4-200-315-1>		"lamana"@yag	
"op"@dcr	<http://ids.clld.org/values/12-80-217-3>		<http://ids.clld.org/parameters/12-80>		<http://ids.clld.org/values/12-80-315-3>		"inu"@yag	
"op"@dcr	<http://ids.clld.org/values/12-80-217-3>		<http://ids.clld.org/parameters/12-80>		<http://ids.clld.org/values/12-80-315-1>		"wapu"@yag	
"kan"@dcr	<http://ids.clld.org/values/12-430-217-5>		<http://ids.clld.org/parameters/12-430>		<http://ids.clld.org/values/12-430-315-1>		"kaša"@yag	
"tre"@dcr	<http://ids.clld.org/values/8-220-217-1>		<http://ids.clld.org/parameters/8-220>		<http://ids.clld.org/values/8-220-315-1>		"wana"@yag	
"tɛsən"@dcr	<http://ids.clld.org/values/12-430-217-1>		<http://ids.clld.org/parameters/12-430>		<http://ids.clld.org/values/12-430-315-1>		"kaša"@yag	
"glas"@dcr	<http://ids.clld.org/values/9-740-217-1>		<http://ids.clld.org/parameters/9-740>		<http://ids.clld.org/values/9-740-315-1>		"[glas]"@yag	
"bla"@dcr	<http://ids.clld.org/values/8-560-217-1>		<http://ids.clld.org/parameters/8-560>		<http://ids.clld.org/values/8-560-315-1>		"šuka"@yag	
"kuri"@dcr	<http://ids.clld.org/values/10-320-217-1>		<http://ids.clld.org/parameters/10-320>		<http://ids.clld.org/values/10-320-315-1>		"akulya"@yag	
"folo"@dcr	<http://ids.clld.org/values/11-330-217-1>		<http://ids.clld.org/parameters/11-330>		<http://ids.clld.org/values/11-330-315-1>		"malaku"@yag	
"nen"@dcr	<http://ids.clld.org/values/17-560-217-1>		<http://ids.clld.org/parameters/17-560>		<http://ids.clld.org/values/17-560-315-1>		"paf"@yag	
"niu"@dcr	<http://ids.clld.org/values/14-130-217-1>		<http://ids.clld.org/parameters/14-130>		<http://ids.clld.org/values/14-130-315-1>		"yarma"@yag	
"lelik ~ ləlik ~ lilik"@dcr	<http://ids.clld.org/values/16-820-217-1>		<http://ids.clld.org/parameters/16-820>		<http://ids.clld.org/values/16-820-315-1>		"ačanuwa"@yag	
"kopi"@dcr	<http://ids.clld.org/values/5-350-217-3>		<http://ids.clld.org/parameters/5-350>		<http://ids.clld.org/values/5-350-315-1>		"ayšu-tuku"@yag	
"bes"@dcr	<http://ids.clld.org/values/3-110-217-1>		<http://ids.clld.org/parameters/3-110>		<http://ids.clld.org/values/3-110-315-1>		"pixa"@yag	
"word ~ wort"@dcr	<http://ids.clld.org/values/18-260-217-1>		<http://ids.clld.org/parameters/18-260>		<http://ids.clld.org/values/18-260-315-1>		"kuta"@yag	
"gizin ~ kizin ~ kuzin"@dcr	<http://ids.clld.org/values/2-550-217-1>		<http://ids.clld.org/parameters/2-550>		<http://ids.clld.org/values/2-550-315-1>		"šamakuš"@yag	
"skop"@dcr	<http://ids.clld.org/values/9-120-217-1>		<http://ids.clld.org/parameters/9-120>		<http://ids.clld.org/values/9-120-315-1>		"uštaku"@yag	
"(fiŋgu-)nagəl"@dcr	<http://ids.clld.org/values/4-344-217-1>		<http://ids.clld.org/parameters/4-344>		<http://ids.clld.org/values/4-344-315-1>		"kaluf"@yag	
"ha"@dcr	<http://ids.clld.org/values/6-280-217-1>		<http://ids.clld.org/parameters/6-280>		<http://ids.clld.org/values/6-280-315-3>		"maeka"@yag	
"ha"@dcr	<http://ids.clld.org/values/6-280-217-1>		<http://ids.clld.org/parameters/6-280>		<http://ids.clld.org/values/6-280-315-1>		"tatisa"@yag	
"dop-kin (?)"@dcr	<http://ids.clld.org/values/2-730-217-1>		<http://ids.clld.org/parameters/2-730>		<http://ids.clld.org/values/2-730-315-1>		"masaku"@yag	
"las"@dcr	<http://ids.clld.org/values/9-160-217-3>		<http://ids.clld.org/parameters/9-160>		<http://ids.clld.org/values/9-160-315-1>		"yamaseta"@yag	
"sɛit"@dcr	<http://ids.clld.org/values/12-480-217-1>		<http://ids.clld.org/parameters/12-480>		<http://ids.clld.org/values/12-480-315-1>		"itax"@yag	
"blau"@dcr	<http://ids.clld.org/values/15-670-217-1>		<http://ids.clld.org/parameters/15-670>		<http://ids.clld.org/values/15-670-315-1>		"arlampi"@yag	
"driŋ ~ driŋg ~ driŋk"@dcr	<http://ids.clld.org/values/5-130-217-1>		<http://ids.clld.org/parameters/5-130>		<http://ids.clld.org/values/5-130-315-1>		"ala"@yag	
"ben"@dcr	<http://ids.clld.org/values/4-160-217-1>		<http://ids.clld.org/parameters/4-160>		<http://ids.clld.org/values/4-160-315-1>		"xatuš"@yag	
"fru"@dcr	<http://ids.clld.org/values/14-160-217-1>		<http://ids.clld.org/parameters/14-160>		<http://ids.clld.org/values/14-160-315-1>		"[erli]"@yag	
"fɛt"@dcr	<http://ids.clld.org/values/5-791-217-1>		<http://ids.clld.org/parameters/5-791>		<http://ids.clld.org/values/5-791-315-1>		"ušlamuši"@yag	
"karpus"@dcr	<http://ids.clld.org/values/6-550-217-3>		<http://ids.clld.org/parameters/6-550>		<http://ids.clld.org/values/6-550-315-1>		"[xata]"@yag	
"nɛk"@dcr	<http://ids.clld.org/values/4-280-217-1>		<http://ids.clld.org/parameters/4-280>		<http://ids.clld.org/values/4-280-315-1>		"xuša"@yag	
"han-sko"@dcr	<http://ids.clld.org/values/6-580-217-1>		<http://ids.clld.org/parameters/6-580>		<http://ids.clld.org/values/6-580-315-1>		"mašalupina"@yag	
"brot"@dcr	<http://ids.clld.org/values/5-510-217-1>		<http://ids.clld.org/parameters/5-510>		<http://ids.clld.org/values/5-510-315-3>		"[bred]"@yag	
"brot"@dcr	<http://ids.clld.org/values/5-510-217-1>		<http://ids.clld.org/parameters/5-510>		<http://ids.clld.org/values/5-510-315-1>		"[preta]"@yag	
"frou"@dcr	<http://ids.clld.org/values/2-390-217-1>		<http://ids.clld.org/parameters/2-390>		<http://ids.clld.org/values/2-390-315-1>		"tuku"@yag	
"hambu"@dcr	<http://ids.clld.org/values/9-490-217-1>		<http://ids.clld.org/parameters/9-490>		<http://ids.clld.org/values/9-490-315-1>		"[xamara]"@yag	
"pipi"@dcr	<http://ids.clld.org/values/4-650-217-1>		<http://ids.clld.org/parameters/4-650>		<http://ids.clld.org/values/4-650-315-1>		"čuxana"@yag	
"wif"@dcr	<http://ids.clld.org/values/2-320-217-3>		<http://ids.clld.org/parameters/2-320>		<http://ids.clld.org/values/2-320-315-1>		"tuku"@yag	
"yuŋ-(man) ~ yoŋ"@dcr	<http://ids.clld.org/values/2-251-217-1>		<http://ids.clld.org/parameters/2-251>		<http://ids.clld.org/values/2-251-315-1>		"wanleiwa"@yag	
"wandu"@dcr	<http://ids.clld.org/values/10-450-217-1>		<http://ids.clld.org/parameters/10-450>		<http://ids.clld.org/values/10-450-315-1>		"una"@yag	
"titi ~ tɛtɛ"@dcr	<http://ids.clld.org/values/4-412-217-1>		<http://ids.clld.org/parameters/4-412>		<http://ids.clld.org/values/4-412-315-1>		"tapoš"@yag	
"kop"@dcr	<http://ids.clld.org/values/4-202-217-1>		<http://ids.clld.org/parameters/4-202>		<http://ids.clld.org/values/4-202-315-1>		"taša"@yag	
"nam"@dcr	<http://ids.clld.org/values/18-280-217-1>		<http://ids.clld.org/parameters/18-280>		<http://ids.clld.org/values/18-280-315-1>		"wapus"@yag	
"kuri"@dcr	<http://ids.clld.org/values/10-460-217-1>		<http://ids.clld.org/parameters/10-460>		<http://ids.clld.org/values/10-460-315-1>		"tatu"@yag	
"(a-)fo(r) ~ fu ~ na-fo"@dcr	<http://ids.clld.org/values/12-40-217-1>		<http://ids.clld.org/parameters/12-40>		<http://ids.clld.org/values/12-40-315-1>		"wata"@yag	
"no rik frai"@dcr	<http://ids.clld.org/values/15-260-217-1>		<http://ids.clld.org/parameters/15-260>		<http://ids.clld.org/values/15-260-315-1>		"ufka"@yag	
"gras"@dcr	<http://ids.clld.org/values/8-510-217-1>		<http://ids.clld.org/parameters/8-510>		<http://ids.clld.org/values/8-510-315-1>		"šuka"@yag	
"swak"@dcr	<http://ids.clld.org/values/4-820-217-1>		<http://ids.clld.org/parameters/4-820>		<http://ids.clld.org/values/4-820-315-1>		"tuf"@yag	
"baba ~ boba ~ buba"@dcr	<http://ids.clld.org/values/1-214-217-1>		<http://ids.clld.org/parameters/1-214>		<http://ids.clld.org/values/1-214-315-1>		"pantru"@yag	
"skifi"@dcr	<http://ids.clld.org/values/6-960-217-3>		<http://ids.clld.org/parameters/6-960>		<http://ids.clld.org/values/6-960-315-1>		"tala-alakana"@yag	
"wɛrək ~ wɛruk ~ wark"@dcr	<http://ids.clld.org/values/9-120-217-3>		<http://ids.clld.org/parameters/9-120>		<http://ids.clld.org/values/9-120-315-1>		"uštaku"@yag	
"skreyu ~ skreo"@dcr	<http://ids.clld.org/values/18-130-217-1>		<http://ids.clld.org/parameters/18-130>		<http://ids.clld.org/values/18-130-315-1>		"kalana"@yag	
"gut"@dcr	<http://ids.clld.org/values/11-180-217-1>		<http://ids.clld.org/parameters/11-180>		<http://ids.clld.org/values/11-180-315-1>		"šix"@yag	
"kin"@dcr	<http://ids.clld.org/values/2-270-217-1>		<http://ids.clld.org/parameters/2-270>		<http://ids.clld.org/values/2-270-315-1>		"wuxai"@yag	
"blomɛnči ~ bluminstyi"@dcr	<http://ids.clld.org/values/8-570-217-1>		<http://ids.clld.org/parameters/8-570>		<http://ids.clld.org/values/8-570-315-1>		"[flaurs]"@yag	
"fi-ple"@dcr	<http://ids.clld.org/values/7-310-217-1>		<http://ids.clld.org/parameters/7-310>		<http://ids.clld.org/values/7-310-315-1>		"tumalaku"@yag	
"pus ~ puz"@dcr	<http://ids.clld.org/values/10-670-217-3>		<http://ids.clld.org/parameters/10-670>		<http://ids.clld.org/values/10-670-315-1>		"tapona"@yag	
"man"@dcr	<http://ids.clld.org/values/2-210-217-3>		<http://ids.clld.org/parameters/2-210>		<http://ids.clld.org/values/2-210-315-1>		"yamana"@yag	
"ya"@dcr	<http://ids.clld.org/values/17-550-217-1>		<http://ids.clld.org/parameters/17-550>		<http://ids.clld.org/values/17-550-315-1>		"aou"@yag	
"flɛis ~ fles"@dcr	<http://ids.clld.org/values/5-610-217-1>		<http://ids.clld.org/parameters/5-610>		<http://ids.clld.org/values/5-610-315-1>		"antapa"@yag	
"ko weran"@dcr	<http://ids.clld.org/values/10-481-217-1>		<http://ids.clld.org/parameters/10-481>		<http://ids.clld.org/values/10-481-315-1>		"šanato"@yag	
"mɛlək ~ moluk"@dcr	<http://ids.clld.org/values/5-860-217-1>		<http://ids.clld.org/parameters/5-860>		<http://ids.clld.org/values/5-860-315-1>		"[milika]"@yag	
"nu"@dcr	<http://ids.clld.org/values/14-180-217-1>		<http://ids.clld.org/parameters/14-180>		<http://ids.clld.org/values/14-180-315-1>		"yar"@yag	
"ma"@dcr	<http://ids.clld.org/values/9-110-217-3>		<http://ids.clld.org/parameters/9-110>		<http://ids.clld.org/values/9-110-315-1>		"akina"@yag	
"briŋ"@dcr	<http://ids.clld.org/values/10-620-217-1>		<http://ids.clld.org/parameters/10-620>		<http://ids.clld.org/values/10-620-315-1>		"ata"@yag	
"bos"@dcr	<http://ids.clld.org/values/4-410-217-1>		<http://ids.clld.org/parameters/4-410>		<http://ids.clld.org/values/4-410-315-1>		"tapoš"@yag	
"kot"@dcr	<http://ids.clld.org/values/6-430-217-1>		<http://ids.clld.org/parameters/6-430>		<http://ids.clld.org/values/6-430-315-1>		"[kot]"@yag	
"flɛgn"@dcr	<http://ids.clld.org/values/4-392-217-1>		<http://ids.clld.org/parameters/4-392>		<http://ids.clld.org/values/4-392-315-1>		"kamei"@yag	
"sok"@dcr	<http://ids.clld.org/values/15-460-217-3>		<http://ids.clld.org/parameters/15-460>		<http://ids.clld.org/values/15-460-315-1>		"ukausina"@yag	
"lo abiti"@dcr	<http://ids.clld.org/values/10-474-217-1>		<http://ids.clld.org/parameters/10-474>		<http://ids.clld.org/values/10-474-315-1>		"manačka"@yag	
"fiŋgu"@dcr	<http://ids.clld.org/values/4-340-217-1>		<http://ids.clld.org/parameters/4-340>		<http://ids.clld.org/values/4-340-315-1>		"uštikin"@yag	
"fik"@dcr	<http://ids.clld.org/values/20-550-217-1>		<http://ids.clld.org/parameters/20-550>		<http://ids.clld.org/values/20-550-315-1>		"čawanux"@yag	
"kontri"@dcr	<http://ids.clld.org/values/19-510-217-3>		<http://ids.clld.org/parameters/19-510>		<http://ids.clld.org/values/19-510-315-1>		"maraku"@yag	
"ɛrum"@dcr	<http://ids.clld.org/values/4-310-217-3>		<http://ids.clld.org/parameters/4-310>		<http://ids.clld.org/values/4-310-315-1>		"kamei"@yag	
"kap"@dcr	<http://ids.clld.org/values/9-220-217-1>		<http://ids.clld.org/parameters/9-220>		<http://ids.clld.org/values/9-220-315-1>		"ašokata"@yag	
"len ~ lin"@dcr	<http://ids.clld.org/values/11-610-217-1>		<http://ids.clld.org/parameters/11-610>		<http://ids.clld.org/values/11-610-315-1>		"manaku"@yag	
"man"@dcr	<http://ids.clld.org/values/14-710-217-1>		<http://ids.clld.org/parameters/14-710>		<http://ids.clld.org/values/14-710-315-1>		"xanuxa"@yag	
"(a)wa ~ wat"@dcr	<http://ids.clld.org/values/17-640-217-1>		<http://ids.clld.org/parameters/17-640>		<http://ids.clld.org/values/17-640-315-1>		"koute"@yag	
"pat"@dcr	<http://ids.clld.org/values/10-710-217-1>		<http://ids.clld.org/parameters/10-710>		<http://ids.clld.org/values/10-710-315-1>		"[ruta]"@yag	
"fərko ~ floko ~ froko ~ fruko"@dcr	<http://ids.clld.org/values/11-820-217-1>		<http://ids.clld.org/parameters/11-820>		<http://ids.clld.org/values/11-820-315-1>		"tumušatata"@yag	
"stɛre"@dcr	<http://ids.clld.org/values/1-540-217-1>		<http://ids.clld.org/parameters/1-540>		<http://ids.clld.org/values/1-540-315-1>		"apanix"@yag	
"dɛŋk ~ diŋ(g)"@dcr	<http://ids.clld.org/values/17-130-217-1>		<http://ids.clld.org/parameters/17-130>		<http://ids.clld.org/values/17-130-315-1>		"mwailana"@yag	
"krub"@dcr	<http://ids.clld.org/values/10-410-217-1>		<http://ids.clld.org/parameters/10-410>		<http://ids.clld.org/values/10-410-315-1>		"mutama"@yag	
"na ~ ni ~ no ~ nu"@dcr	<http://ids.clld.org/values/17-560-217-3>		<http://ids.clld.org/parameters/17-560>		<http://ids.clld.org/values/17-560-315-1>		"paf"@yag	
"fi"@dcr	<http://ids.clld.org/values/13-40-217-1>		<http://ids.clld.org/parameters/13-40>		<http://ids.clld.org/values/13-40-315-1>		"kupakunu"@yag	
"sla"@dcr	<http://ids.clld.org/values/9-210-217-1>		<http://ids.clld.org/parameters/9-210>		<http://ids.clld.org/values/9-210-315-1>		"putušu"@yag	
"mɛnši"@dcr	<http://ids.clld.org/values/2-261-217-1>		<http://ids.clld.org/parameters/2-261>		<http://ids.clld.org/values/2-261-315-1>		"šupan-kipa"@yag	
"yɛn ~ yin(i)"@dcr	<http://ids.clld.org/values/2-950-217-1>		<http://ids.clld.org/parameters/2-950>		<http://ids.clld.org/values/2-950-315-1>		"san"@yag	
"wul up"@dcr	<http://ids.clld.org/values/10-140-217-3>		<http://ids.clld.org/parameters/10-140>		<http://ids.clld.org/values/10-140-315-1>		"kumušata"@yag	
"goi ~ gui"@dcr	<http://ids.clld.org/values/10-250-217-1>		<http://ids.clld.org/parameters/10-250>		<http://ids.clld.org/values/10-250-315-1>		"kanana"@yag	
"dra"@dcr	<http://ids.clld.org/values/10-610-217-1>		<http://ids.clld.org/parameters/10-610>		<http://ids.clld.org/values/10-610-315-1>		"yukaya"@yag	
"glos"@dcr	<http://ids.clld.org/values/16-830-217-1>		<http://ids.clld.org/parameters/16-830>		<http://ids.clld.org/values/16-830-315-1>		"čišuya"@yag	
"lan"@dcr	<http://ids.clld.org/values/19-110-217-1>		<http://ids.clld.org/parameters/19-110>		<http://ids.clld.org/values/19-110-315-1>		"uši"@yag	
"sik"@dcr	<http://ids.clld.org/values/4-840-217-1>		<http://ids.clld.org/parameters/4-840>		<http://ids.clld.org/values/4-840-315-1>		"sax"@yag	
"swet"@dcr	<http://ids.clld.org/values/4-550-217-1>		<http://ids.clld.org/parameters/4-550>		<http://ids.clld.org/values/4-550-315-1>		"akula"@yag	
"sat"@dcr	<http://ids.clld.org/values/8-311-217-1>		<http://ids.clld.org/parameters/8-311>		<http://ids.clld.org/values/8-311-315-1>		"amakana"@yag	
"ne(m) ~ nen"@dcr	<http://ids.clld.org/values/11-130-217-1>		<http://ids.clld.org/parameters/11-130>		<http://ids.clld.org/values/11-130-315-1>		"ata"@yag	
"wet ~ wɛt"@dcr	<http://ids.clld.org/values/17-170-217-1>		<http://ids.clld.org/parameters/17-170>		<http://ids.clld.org/values/17-170-315-1>		"ela"@yag	
"dom"@dcr	<http://ids.clld.org/values/17-220-217-1>		<http://ids.clld.org/parameters/17-220>		<http://ids.clld.org/values/17-220-315-1>		"ečeweyauš"@yag	
"af"@dcr	<http://ids.clld.org/values/12-30-217-1>		<http://ids.clld.org/parameters/12-30>		<http://ids.clld.org/values/12-30-315-1>		"itaku"@yag	
"rapo"@dcr	<http://ids.clld.org/values/12-210-217-1>		<http://ids.clld.org/parameters/12-210>		<http://ids.clld.org/values/12-210-315-1>		"kipi"@yag	
"tramil"@dcr	<http://ids.clld.org/values/20-540-217-1>		<http://ids.clld.org/parameters/20-540>		<http://ids.clld.org/values/20-540-315-1>		"mata"@yag	
"ful"@dcr	<http://ids.clld.org/values/13-210-217-1>		<http://ids.clld.org/parameters/13-210>		<http://ids.clld.org/values/13-210-315-1>		"čaluku"@yag	
"swampi"@dcr	<http://ids.clld.org/values/1-380-217-1>		<http://ids.clld.org/parameters/1-380>		<http://ids.clld.org/values/1-380-315-1>		"satana"@yag	
"plan(t)"@dcr	<http://ids.clld.org/values/8-310-217-1>		<http://ids.clld.org/parameters/8-310>		<http://ids.clld.org/values/8-310-315-1>		"tupušu"@yag	
"pobu ~ pubu"@dcr	<http://ids.clld.org/values/11-520-217-1>		<http://ids.clld.org/parameters/11-520>		<http://ids.clld.org/values/11-520-315-1>		"matumor"@yag	
"hou ~ hau"@dcr	<http://ids.clld.org/values/8-250-217-1>		<http://ids.clld.org/parameters/8-250>		<http://ids.clld.org/values/8-250-315-1>		"akwaši"@yag	
"listu"@dcr	<http://ids.clld.org/values/15-420-217-1>		<http://ids.clld.org/parameters/15-420>		<http://ids.clld.org/values/15-420-315-1>		"tumaku"@yag	
"(h)a"@dcr	<http://ids.clld.org/values/11-110-217-1>		<http://ids.clld.org/parameters/11-110>		<http://ids.clld.org/values/11-110-315-1>		"anu"@yag	
"mon ~ mun (?)"@dcr	<http://ids.clld.org/values/4-250-217-1>		<http://ids.clld.org/parameters/4-250>		<http://ids.clld.org/values/4-250-315-1>		"ya"@yag	
"suk"@dcr	<http://ids.clld.org/values/11-310-217-1>		<http://ids.clld.org/parameters/11-310>		<http://ids.clld.org/values/11-310-315-1>		"tenux"@yag	
"dak astu morək"@dcr	<http://ids.clld.org/values/14-481-217-1>		<http://ids.clld.org/parameters/14-481>		<http://ids.clld.org/values/14-481-315-1>		"xaku mola"@yag	
"dak astu morək"@dcr	<http://ids.clld.org/values/14-481-217-1>		<http://ids.clld.org/parameters/14-481>		<http://ids.clld.org/values/14-481-315-3>		"xaku-xamašana"@yag	
"hɛwun ~ hewun ~ himul ~ himun ~ hiwun"@dcr	<http://ids.clld.org/values/1-510-217-1>		<http://ids.clld.org/parameters/1-510>		<http://ids.clld.org/values/1-510-315-1>		"seyf"@yag	
"glik ~ lɛik(i) ~ lik(i) ~ li"@dcr	<http://ids.clld.org/values/12-920-217-1>		<http://ids.clld.org/parameters/12-920>		<http://ids.clld.org/values/12-920-315-1>		"čiku"@yag	
"bwa"@dcr	<http://ids.clld.org/values/11-170-217-3>		<http://ids.clld.org/parameters/11-170>		<http://ids.clld.org/values/11-170-315-1>		"saustika"@yag	
"fegəl"@dcr	<http://ids.clld.org/values/3-581-217-1>		<http://ids.clld.org/parameters/3-581>		<http://ids.clld.org/values/3-581-315-1>		"pix"@yag	
"nɛs"@dcr	<http://ids.clld.org/values/3-580-217-1>		<http://ids.clld.org/parameters/3-580>		<http://ids.clld.org/values/3-580-315-1>		"kuš"@yag	
"fadə"@dcr	<http://ids.clld.org/values/2-350-217-1>		<http://ids.clld.org/parameters/2-350>		<http://ids.clld.org/values/2-350-315-1>		"imu"@yag	
"fadə"@dcr	<http://ids.clld.org/values/2-350-217-1>		<http://ids.clld.org/parameters/2-350>		<http://ids.clld.org/values/2-350-315-3>		"tapwin"@yag	
"drɛp"@dcr	<http://ids.clld.org/values/10-230-217-1>		<http://ids.clld.org/parameters/10-230>		<http://ids.clld.org/values/10-230-315-1>		"apana"@yag	
"duŋku ~ duŋki"@dcr	<http://ids.clld.org/values/14-420-217-1>		<http://ids.clld.org/parameters/14-420>		<http://ids.clld.org/values/14-420-315-1>		"akuš"@yag	
"meri"@dcr	<http://ids.clld.org/values/3-440-217-1>		<http://ids.clld.org/parameters/3-440>		<http://ids.clld.org/values/3-440-315-1>		"[xarse]"@yag	
"bɛrgi ~ bergə ~ berge"@dcr	<http://ids.clld.org/values/1-220-217-1>		<http://ids.clld.org/parameters/1-220>		<http://ids.clld.org/values/1-220-315-1>		"tular"@yag	
"kini"@dcr	<http://ids.clld.org/values/10-412-217-1>		<http://ids.clld.org/parameters/10-412>		<http://ids.clld.org/values/10-412-315-1>		"tulepuš"@yag	
"was ~ waš"@dcr	<http://ids.clld.org/values/9-360-217-1>		<http://ids.clld.org/parameters/9-360>		<http://ids.clld.org/values/9-360-315-1>		"uksi"@yag	
"strik"@dcr	<http://ids.clld.org/values/9-342-217-1>		<http://ids.clld.org/parameters/9-342>		<http://ids.clld.org/values/9-342-315-1>		"atupawanata"@yag	
"bot"@dcr	<http://ids.clld.org/values/10-830-217-1>		<http://ids.clld.org/parameters/10-830>		<http://ids.clld.org/values/10-830-315-1>		"usana"@yag	
"skon-kin"@dcr	<http://ids.clld.org/values/2-630-217-1>		<http://ids.clld.org/parameters/2-630>		<http://ids.clld.org/values/2-630-315-1>		"masaku"@yag	
"ǰumbi"@dcr	<http://ids.clld.org/values/22-450-217-3>		<http://ids.clld.org/parameters/22-450>		<http://ids.clld.org/values/22-450-315-1>		"xanuš"@yag	
"skrif"@dcr	<http://ids.clld.org/values/18-510-217-1>		<http://ids.clld.org/parameters/18-510>		<http://ids.clld.org/values/18-510-315-1>		"itamani"@yag	
"hus"@dcr	<http://ids.clld.org/values/7-130-217-1>		<http://ids.clld.org/parameters/7-130>		<http://ids.clld.org/values/7-130-315-1>		"akar"@yag	
"bil ~ bɛl"@dcr	<http://ids.clld.org/values/4-351-217-1>		<http://ids.clld.org/parameters/4-351>		<http://ids.clld.org/values/4-351-315-1>		"laka"@yag	
"futu"@dcr	<http://ids.clld.org/values/4-360-217-3>		<http://ids.clld.org/parameters/4-360>		<http://ids.clld.org/values/4-360-315-1>		"tulepuš"@yag	
"siŋ"@dcr	<http://ids.clld.org/values/18-120-217-1>		<http://ids.clld.org/parameters/18-120>		<http://ids.clld.org/values/18-120-315-1>		"tapelsena"@yag	
"du"@dcr	<http://ids.clld.org/values/9-110-217-1>		<http://ids.clld.org/parameters/9-110>		<http://ids.clld.org/values/9-110-315-1>		"akina"@yag	
"darm ~ dɛrəm"@dcr	<http://ids.clld.org/values/4-461-217-1>		<http://ids.clld.org/parameters/4-461>		<http://ids.clld.org/values/4-461-315-1>		"upak"@yag	
"(a)wa ~ wat"@dcr	<http://ids.clld.org/values/17-670-217-1>		<http://ids.clld.org/parameters/17-670>		<http://ids.clld.org/values/17-670-315-1>		"kunta"@yag	
"komenči"@dcr	<http://ids.clld.org/values/5-330-217-3>		<http://ids.clld.org/parameters/5-330>		<http://ids.clld.org/values/5-330-315-1>		"ayšu-tuku"@yag	
"graf"@dcr	<http://ids.clld.org/values/4-790-217-1>		<http://ids.clld.org/parameters/4-790>		<http://ids.clld.org/values/4-790-315-1>		"wannače"@yag	
"bran"@dcr	<http://ids.clld.org/values/15-850-217-1>		<http://ids.clld.org/parameters/15-850>		<http://ids.clld.org/values/15-850-315-1>		"putru"@yag	
"skon-pupa"@dcr	<http://ids.clld.org/values/2-611-217-1>		<http://ids.clld.org/parameters/2-611>		<http://ids.clld.org/values/2-611-315-1>		"masaku"@yag	
"met"@dcr	<http://ids.clld.org/values/11-920-217-1>		<http://ids.clld.org/parameters/11-920>		<http://ids.clld.org/values/11-920-315-1>		"xašu"@yag	
"lɛ"@dcr	<http://ids.clld.org/values/15-820-217-1>		<http://ids.clld.org/parameters/15-820>		<http://ids.clld.org/values/15-820-315-1>		"tokšu"@yag	
"yit"@dcr	<http://ids.clld.org/values/5-120-217-1>		<http://ids.clld.org/parameters/5-120>		<http://ids.clld.org/values/5-120-315-1>		"antama"@yag	
"ho(so)"@dcr	<http://ids.clld.org/values/17-610-217-1>		<http://ids.clld.org/parameters/17-610>		<http://ids.clld.org/values/17-610-315-1>		"kunta"@yag	
"sliŋgu (-ši)"@dcr	<http://ids.clld.org/values/12-420-217-1>		<http://ids.clld.org/parameters/12-420>		<http://ids.clld.org/values/12-420-315-1>		"eskula"@yag	
"frai"@dcr	<http://ids.clld.org/values/16-710-217-1>		<http://ids.clld.org/parameters/16-710>		<http://ids.clld.org/values/16-710-315-1>		"[welisa]"@yag	
"drom"@dcr	<http://ids.clld.org/values/4-620-217-1>		<http://ids.clld.org/parameters/4-620>		<http://ids.clld.org/values/4-620-315-1>		"ataš"@yag	
"drom"@dcr	<http://ids.clld.org/values/4-620-217-1>		<http://ids.clld.org/parameters/4-620>		<http://ids.clld.org/values/4-620-315-3>		"akalu"@yag	
"fɛn ~ fin"@dcr	<http://ids.clld.org/values/11-320-217-1>		<http://ids.clld.org/parameters/11-320>		<http://ids.clld.org/values/11-320-315-1>		"tiki"@yag	
"glof"@dcr	<http://ids.clld.org/values/17-150-217-1>		<http://ids.clld.org/parameters/17-150>		<http://ids.clld.org/values/17-150-315-1>		"anašana"@yag	
"hok"@dcr	<http://ids.clld.org/values/12-580-217-1>		<http://ids.clld.org/parameters/12-580>		<http://ids.clld.org/values/12-580-315-3>		"muka"@yag	
"hok"@dcr	<http://ids.clld.org/values/12-580-217-1>		<http://ids.clld.org/parameters/12-580>		<http://ids.clld.org/values/12-580-315-1>		"manakata"@yag	
"fɛs"@dcr	<http://ids.clld.org/values/3-650-217-1>		<http://ids.clld.org/parameters/3-650>		<http://ids.clld.org/values/3-650-315-1>		"apouš"@yag	
"miši ~ muši"@dcr	<http://ids.clld.org/values/3-630-217-1>		<http://ids.clld.org/parameters/3-630>		<http://ids.clld.org/values/3-630-315-1>		"wasana"@yag	
"asɛm(trɛk) ~ azɛm"@dcr	<http://ids.clld.org/values/4-510-217-1>		<http://ids.clld.org/parameters/4-510>		<http://ids.clld.org/values/4-510-315-1>		"xašapana"@yag	
"yit"@dcr	<http://ids.clld.org/values/5-110-217-1>		<http://ids.clld.org/parameters/5-110>		<http://ids.clld.org/values/5-110-315-1>		"atama"@yag	
"mon ~ mun"@dcr	<http://ids.clld.org/values/4-241-217-1>		<http://ids.clld.org/parameters/4-241>		<http://ids.clld.org/values/4-241-315-1>		"kašuš"@yag	
"wɛl"@dcr	<http://ids.clld.org/values/16-270-217-1>		<http://ids.clld.org/parameters/16-270>		<http://ids.clld.org/values/16-270-315-1>		"kur"@yag	
"han"@dcr	<http://ids.clld.org/values/4-331-217-1>		<http://ids.clld.org/parameters/4-331>		<http://ids.clld.org/values/4-331-315-1>		"lanki"@yag	
"tai"@dcr	<http://ids.clld.org/values/15-740-217-1>		<http://ids.clld.org/parameters/15-740>		<http://ids.clld.org/values/15-740-315-1>		"apeili"@yag	
"lif"@dcr	<http://ids.clld.org/values/4-120-217-1>		<http://ids.clld.org/parameters/4-120>		<http://ids.clld.org/values/4-120-315-1>		"tatisa"@yag	
"hɛt ~ het ~ hit"@dcr	<http://ids.clld.org/values/15-850-217-3>		<http://ids.clld.org/parameters/15-850>		<http://ids.clld.org/values/15-850-315-1>		"putru"@yag	
"hopo"@dcr	<http://ids.clld.org/values/12-240-217-1>		<http://ids.clld.org/parameters/12-240>		<http://ids.clld.org/values/12-240-315-1>		"myatata"@yag	
"loi"@dcr	<http://ids.clld.org/values/4-920-217-1>		<http://ids.clld.org/parameters/4-920>		<http://ids.clld.org/values/4-920-315-1>		"xunum"@yag	
"du"@dcr	<http://ids.clld.org/values/12-120-217-1>		<http://ids.clld.org/parameters/12-120>		<http://ids.clld.org/values/12-120-315-1>		"umutu"@yag	
"du"@dcr	<http://ids.clld.org/values/12-120-217-1>		<http://ids.clld.org/parameters/12-120>		<http://ids.clld.org/values/12-120-315-3>		"utika"@yag	
"adu"@dcr	<http://ids.clld.org/values/1-210-217-1>		<http://ids.clld.org/parameters/1-210>		<http://ids.clld.org/values/1-210-315-1>		"tan"@yag	
"win ~ wɛn"@dcr	<http://ids.clld.org/values/1-720-217-1>		<http://ids.clld.org/parameters/1-720>		<http://ids.clld.org/values/1-720-315-1>		"uša"@yag	
"lɛi"@dcr	<http://ids.clld.org/values/12-140-217-1>		<http://ids.clld.org/parameters/12-140>		<http://ids.clld.org/values/12-140-315-1>		"yea"@yag	
"(na-)undu ~ ondu"@dcr	<http://ids.clld.org/values/12-70-217-3>		<http://ids.clld.org/parameters/12-70>		<http://ids.clld.org/values/12-70-315-1>		"kilu"@yag	
"kap"@dcr	<http://ids.clld.org/values/9-222-217-1>		<http://ids.clld.org/parameters/9-222>		<http://ids.clld.org/values/9-222-315-1>		"akwama"@yag	
"gro-ta"@dcr	<http://ids.clld.org/values/2-460-217-3>		<http://ids.clld.org/parameters/2-460>		<http://ids.clld.org/values/2-460-315-1>		"ušwam"@yag	
"plim"@dcr	<http://ids.clld.org/values/4-393-217-1>		<http://ids.clld.org/parameters/4-393>		<http://ids.clld.org/values/4-393-315-1>		"uštuku"@yag	
"kaka ~ koka"@dcr	<http://ids.clld.org/values/4-660-217-1>		<http://ids.clld.org/parameters/4-660>		<http://ids.clld.org/values/4-660-315-1>		"ušlatu"@yag	
"fluk"@dcr	<http://ids.clld.org/values/22-240-217-1>		<http://ids.clld.org/parameters/22-240>		<http://ids.clld.org/values/22-240-315-1>		"xapaša"@yag	
"bre(k)"@dcr	<http://ids.clld.org/values/9-260-217-1>		<http://ids.clld.org/parameters/9-260>		<http://ids.clld.org/values/9-260-315-1>		"[prikan]"@yag	
"futu"@dcr	<http://ids.clld.org/values/4-352-217-1>		<http://ids.clld.org/parameters/4-352>		<http://ids.clld.org/values/4-352-315-1>		"ačtan"@yag	
"wapiši ~ wɛpiši"@dcr	<http://ids.clld.org/values/17-660-217-3>		<http://ids.clld.org/parameters/17-660>		<http://ids.clld.org/values/17-660-315-1>		"kutup"@yag	
"zil"@dcr	<http://ids.clld.org/values/16-110-217-1>		<http://ids.clld.org/parameters/16-110>		<http://ids.clld.org/values/16-110-315-1>		"kan"@yag	
"woltə"@dcr	<http://ids.clld.org/values/8-540-217-1>		<http://ids.clld.org/parameters/8-540>		<http://ids.clld.org/values/8-540-315-1>		"mali"@yag	
"ost"@dcr	<http://ids.clld.org/values/12-450-217-1>		<http://ids.clld.org/parameters/12-450>		<http://ids.clld.org/values/12-450-315-1>		"itaš"@yag	
"ro"@dcr	<http://ids.clld.org/values/15-660-217-1>		<http://ids.clld.org/parameters/15-660>		<http://ids.clld.org/values/15-660-315-1>		"luša"@yag	
"snal"@dcr	<http://ids.clld.org/values/3-940-217-1>		<http://ids.clld.org/parameters/3-940>		<http://ids.clld.org/values/3-940-315-1>		"atwel"@yag	
"swoip"@dcr	<http://ids.clld.org/values/9-220-217-7>		<http://ids.clld.org/parameters/9-220>		<http://ids.clld.org/values/9-220-315-1>		"ašokata"@yag	
"dif"@dcr	<http://ids.clld.org/values/21-520-217-1>		<http://ids.clld.org/parameters/21-520>		<http://ids.clld.org/values/21-520-315-1>		"šeina"@yag	
"gron"@dcr	<http://ids.clld.org/values/1-212-217-1>		<http://ids.clld.org/parameters/1-212>		<http://ids.clld.org/values/1-212-315-1>		"tan"@yag	
"tɛtɛ"@dcr	<http://ids.clld.org/values/5-160-217-1>		<http://ids.clld.org/parameters/5-160>		<http://ids.clld.org/values/5-160-315-1>		"tapala"@yag	
"skou"@dcr	<http://ids.clld.org/values/4-300-217-1>		<http://ids.clld.org/parameters/4-300>		<http://ids.clld.org/values/4-300-315-1>		"touka"@yag	
"se ~ ze"@dcr	<http://ids.clld.org/values/1-320-217-1>		<http://ids.clld.org/parameters/1-320>		<http://ids.clld.org/values/1-320-315-1>		"ixa"@yag	
"twe"@dcr	<http://ids.clld.org/values/13-20-217-1>		<http://ids.clld.org/parameters/13-20>		<http://ids.clld.org/values/13-20-315-1>		"kampeipi"@yag	
"ne"@dcr	<http://ids.clld.org/values/12-30-217-5>		<http://ids.clld.org/parameters/12-30>		<http://ids.clld.org/values/12-30-315-1>		"itaku"@yag	
"lus"@dcr	<http://ids.clld.org/values/3-811-217-1>		<http://ids.clld.org/parameters/3-811>		<http://ids.clld.org/values/3-811-315-1>		"wam"@yag	
"ho"@dcr	<http://ids.clld.org/values/4-220-217-1>		<http://ids.clld.org/parameters/4-220>		<http://ids.clld.org/values/4-220-315-1>		"ufkiš"@yag	
"bes-yet ~ bešət"@dcr	<http://ids.clld.org/values/8-510-217-3>		<http://ids.clld.org/parameters/8-510>		<http://ids.clld.org/values/8-510-315-1>		"šuka"@yag	
"bos"@dcr	<http://ids.clld.org/values/4-400-217-1>		<http://ids.clld.org/parameters/4-400>		<http://ids.clld.org/values/4-400-315-1>		"kayapuš"@yag	
"(kap-)mɛs"@dcr	<http://ids.clld.org/values/9-230-217-1>		<http://ids.clld.org/parameters/9-230>		<http://ids.clld.org/values/9-230-315-3>		"wila"@yag	
"(kap-)mɛs"@dcr	<http://ids.clld.org/values/9-230-217-1>		<http://ids.clld.org/parameters/9-230>		<http://ids.clld.org/values/9-230-315-1>		"[naif]"@yag	
"bou"@dcr	<http://ids.clld.org/values/9-440-217-1>		<http://ids.clld.org/parameters/9-440>		<http://ids.clld.org/values/9-440-315-1>		"ilana"@yag	
"tu"@dcr	<http://ids.clld.org/values/12-250-217-1>		<http://ids.clld.org/parameters/12-250>		<http://ids.clld.org/values/12-250-315-1>		"takatika"@yag	
"kel"@dcr	<http://ids.clld.org/values/4-290-217-3>		<http://ids.clld.org/parameters/4-290>		<http://ids.clld.org/values/4-290-315-1>		"xuša"@yag	
"(s)top"@dcr	<http://ids.clld.org/values/14-280-217-1>		<http://ids.clld.org/parameters/14-280>		<http://ids.clld.org/values/14-280-315-1>		"apaikatenata"@yag	
"wɛran"@dcr	<http://ids.clld.org/values/14-350-217-1>		<http://ids.clld.org/parameters/14-350>		<http://ids.clld.org/values/14-350-315-1>		"čila"@yag	
"foget ~ fruget"@dcr	<http://ids.clld.org/values/17-320-217-1>		<http://ids.clld.org/parameters/17-320>		<http://ids.clld.org/values/17-320-315-1>		"malaminata"@yag	
"man"@dcr	<http://ids.clld.org/values/2-310-217-1>		<http://ids.clld.org/parameters/2-310>		<http://ids.clld.org/values/2-310-315-1>		"tuku"@yag	
"ma(ma) ~ muma"@dcr	<http://ids.clld.org/values/2-360-217-1>		<http://ids.clld.org/parameters/2-360>		<http://ids.clld.org/values/2-360-315-1>		"tapi"@yag	
"tau"@dcr	<http://ids.clld.org/values/9-190-217-1>		<http://ids.clld.org/parameters/9-190>		<http://ids.clld.org/values/9-190-315-1>		"šukami"@yag	
"bata(ta) ~ batita"@dcr	<http://ids.clld.org/values/5-700-217-1>		<http://ids.clld.org/parameters/5-700>		<http://ids.clld.org/values/5-700-315-1>		"[pateitis]"@yag	
"rui"@dcr	<http://ids.clld.org/values/10-850-217-1>		<http://ids.clld.org/parameters/10-850>		<http://ids.clld.org/values/10-850-315-1>		"api"@yag	
"drai obu"@dcr	<http://ids.clld.org/values/10-120-217-1>		<http://ids.clld.org/parameters/10-120>		<http://ids.clld.org/values/10-120-315-1>		"ulwara"@yag	
"nis"@dcr	<http://ids.clld.org/values/4-540-217-1>		<http://ids.clld.org/parameters/4-540>		<http://ids.clld.org/values/4-540-315-1>		"xenkisa"@yag	
"ha(r)t"@dcr	<http://ids.clld.org/values/4-440-217-1>		<http://ids.clld.org/parameters/4-440>		<http://ids.clld.org/values/4-440-315-1>		"seskin"@yag	
"parat"@dcr	<http://ids.clld.org/values/3-592-217-1>		<http://ids.clld.org/parameters/3-592>		<http://ids.clld.org/values/3-592-315-1>		"kinan"@yag	
"kop"@dcr	<http://ids.clld.org/values/4-205-217-1>		<http://ids.clld.org/parameters/4-205>		<http://ids.clld.org/values/4-205-315-1>		"uškaš"@yag	
"bret"@dcr	<http://ids.clld.org/values/12-610-217-1>		<http://ids.clld.org/parameters/12-610>		<http://ids.clld.org/values/12-610-315-1>		"patuxa"@yag	
"bok"@dcr	<http://ids.clld.org/values/9-140-217-1>		<http://ids.clld.org/parameters/9-140>		<http://ids.clld.org/values/9-140-315-1>		"atwiskula"@yag	
"hondu ~ hundu"@dcr	<http://ids.clld.org/values/3-540-217-1>		<http://ids.clld.org/parameters/3-540>		<http://ids.clld.org/values/3-540-315-1>		"[xaules]"@yag	
"pampi"@dcr	<http://ids.clld.org/values/18-560-217-1>		<http://ids.clld.org/parameters/18-560>		<http://ids.clld.org/values/18-560-315-1>		"[peiper]"@yag	
"fi"@dcr	<http://ids.clld.org/values/1-810-217-1>		<http://ids.clld.org/parameters/1-810>		<http://ids.clld.org/values/1-810-315-1>		"pušaki"@yag	
"kak"@dcr	<http://ids.clld.org/values/4-209-217-1>		<http://ids.clld.org/parameters/4-209>		<http://ids.clld.org/values/4-209-315-1>		"wani"@yag	
"futu"@dcr	<http://ids.clld.org/values/4-371-217-1>		<http://ids.clld.org/parameters/4-371>		<http://ids.clld.org/values/4-371-315-1>		"pilatanku"@yag	
"moi"@dcr	<http://ids.clld.org/values/16-810-217-1>		<http://ids.clld.org/parameters/16-810>		<http://ids.clld.org/values/16-810-315-1>		"welitis"@yag	
"fau"@dcr	<http://ids.clld.org/values/9-150-217-1>		<http://ids.clld.org/parameters/9-150>		<http://ids.clld.org/values/9-150-315-1>		"tankušu"@yag	
"skap"@dcr	<http://ids.clld.org/values/3-250-217-1>		<http://ids.clld.org/parameters/3-250>		<http://ids.clld.org/values/3-250-315-1>		"[šipa]"@yag	
"frou-"@dcr	<http://ids.clld.org/values/2-240-217-1>		<http://ids.clld.org/parameters/2-240>		<http://ids.clld.org/values/2-240-315-3>		"kipa"@yag	
"frou-"@dcr	<http://ids.clld.org/values/2-240-217-1>		<http://ids.clld.org/parameters/2-240>		<http://ids.clld.org/values/2-240-315-1>		"umpulux"@yag	
"tan"@dcr	<http://ids.clld.org/values/4-270-217-1>		<http://ids.clld.org/parameters/4-270>		<http://ids.clld.org/values/4-270-315-1>		"tun"@yag	
"sɛt ~ sit"@dcr	<http://ids.clld.org/values/12-130-217-1>		<http://ids.clld.org/parameters/12-130>		<http://ids.clld.org/values/12-130-315-1>		"mutu"@yag	
"got"@dcr	<http://ids.clld.org/values/22-120-217-1>		<http://ids.clld.org/parameters/22-120>		<http://ids.clld.org/values/22-120-315-1>		"watainewa"@yag	
"dra"@dcr	<http://ids.clld.org/values/10-612-217-1>		<http://ids.clld.org/parameters/10-612>		<http://ids.clld.org/values/10-612-315-1>		"ikimata"@yag	
"dra"@dcr	<http://ids.clld.org/values/10-612-217-1>		<http://ids.clld.org/parameters/10-612>		<http://ids.clld.org/values/10-612-315-3>		"aipata"@yag	
"stam"@dcr	<http://ids.clld.org/values/9-210-217-3>		<http://ids.clld.org/parameters/9-210>		<http://ids.clld.org/values/9-210-315-1>		"putušu"@yag	
"nom"@dcr	<http://ids.clld.org/values/2-510-217-1>		<http://ids.clld.org/parameters/2-510>		<http://ids.clld.org/values/2-510-315-1>		"tanowa"@yag	
"grot sten"@dcr	<http://ids.clld.org/values/1-222-217-1>		<http://ids.clld.org/parameters/1-222>		<http://ids.clld.org/values/1-222-315-1>		"arakur"@yag	
"haŋ"@dcr	<http://ids.clld.org/values/9-341-217-1>		<http://ids.clld.org/parameters/9-341>		<http://ids.clld.org/values/9-341-315-1>		"ateyeka"@yag	
"stiko(i) ~ stikui ~ stokui"@dcr	<http://ids.clld.org/values/12-270-217-1>		<http://ids.clld.org/parameters/12-270>		<http://ids.clld.org/values/12-270-315-1>		"muštaka"@yag	
"dri ~ tri"@dcr	<http://ids.clld.org/values/13-30-217-1>		<http://ids.clld.org/parameters/13-30>		<http://ids.clld.org/values/13-30-315-1>		"matan"@yag	
"(a)mole"@dcr	<http://ids.clld.org/values/12-70-217-1>		<http://ids.clld.org/parameters/12-70>		<http://ids.clld.org/values/12-70-315-1>		"kilu"@yag	
"fel"@dcr	<http://ids.clld.org/values/13-150-217-1>		<http://ids.clld.org/parameters/13-150>		<http://ids.clld.org/values/13-150-315-1>		"weru"@yag	
"skon-kin (?)"@dcr	<http://ids.clld.org/values/2-641-217-1>		<http://ids.clld.org/parameters/2-641>		<http://ids.clld.org/values/2-641-315-1>		"masa-kipa"@yag	
"las"@dcr	<http://ids.clld.org/values/10-140-217-1>		<http://ids.clld.org/parameters/10-140>		<http://ids.clld.org/values/10-140-315-1>		"kumušata"@yag	
"swa"@dcr	<http://ids.clld.org/values/15-810-217-1>		<http://ids.clld.org/parameters/15-810>		<http://ids.clld.org/values/15-810-315-1>		"xašu"@yag	
"mord"@dcr	<http://ids.clld.org/values/21-420-217-1>		<http://ids.clld.org/parameters/21-420>		<http://ids.clld.org/values/21-420-315-1>		"amaiwaina"@yag	
"fɛl"@dcr	<http://ids.clld.org/values/6-290-217-1>		<http://ids.clld.org/parameters/6-290>		<http://ids.clld.org/values/6-290-315-3>		"maeka"@yag	
"fɛl"@dcr	<http://ids.clld.org/values/6-290-217-1>		<http://ids.clld.org/parameters/6-290>		<http://ids.clld.org/values/6-290-315-1>		"tatisa"@yag	
"faŋ"@dcr	<http://ids.clld.org/values/10-252-217-1>		<http://ids.clld.org/parameters/10-252>		<http://ids.clld.org/values/10-252-315-1>		"ata"@yag	
"bran"@dcr	<http://ids.clld.org/values/1-851-217-1>		<http://ids.clld.org/parameters/1-851>		<http://ids.clld.org/values/1-851-315-1>		"kukata"@yag	
"bran"@dcr	<http://ids.clld.org/values/1-851-217-1>		<http://ids.clld.org/parameters/1-851>		<http://ids.clld.org/values/1-851-315-3>		"aye"@yag	
"slak"@dcr	<http://ids.clld.org/values/13-220-217-1>		<http://ids.clld.org/parameters/13-220>		<http://ids.clld.org/values/13-220-315-1>		"apula"@yag	
"skɛrp"@dcr	<http://ids.clld.org/values/15-780-217-1>		<http://ids.clld.org/parameters/15-780>		<http://ids.clld.org/values/15-780-315-1>		"akusimorana"@yag	
"lin"@dcr	<http://ids.clld.org/values/20-530-217-1>		<http://ids.clld.org/parameters/20-530>		<http://ids.clld.org/values/20-530-315-1>		"ina"@yag	
"tɛl"@dcr	<http://ids.clld.org/values/13-107-217-1>		<http://ids.clld.org/parameters/13-107>		<http://ids.clld.org/values/13-107-315-1>		"kamper"@yag	
"lif ~ lɛf"@dcr	<http://ids.clld.org/values/4-740-217-1>		<http://ids.clld.org/parameters/4-740>		<http://ids.clld.org/values/4-740-315-1>		"sinakin"@yag	
"kikintši"@dcr	<http://ids.clld.org/values/3-550-217-1>		<http://ids.clld.org/parameters/3-550>		<http://ids.clld.org/values/3-550-315-1>		"[šiki]"@yag	
"kri(g)"@dcr	<http://ids.clld.org/values/11-160-217-1>		<http://ids.clld.org/parameters/11-160>		<http://ids.clld.org/values/11-160-315-1>		"asa"@yag	
"fra(g)"@dcr	<http://ids.clld.org/values/18-310-217-1>		<http://ids.clld.org/parameters/18-310>		<http://ids.clld.org/values/18-310-315-1>		"tumu-kutana"@yag	
"duŋku"@dcr	<http://ids.clld.org/values/1-620-217-1>		<http://ids.clld.org/parameters/1-620>		<http://ids.clld.org/values/1-620-315-1>		"akuš"@yag	
"rɛk(t) ~ rɛt(u)"@dcr	<http://ids.clld.org/values/16-730-217-1>		<http://ids.clld.org/parameters/16-730>		<http://ids.clld.org/values/16-730-315-3>		"katika"@yag	
"rɛk(t) ~ rɛt(u)"@dcr	<http://ids.clld.org/values/16-730-217-1>		<http://ids.clld.org/parameters/16-730>		<http://ids.clld.org/values/16-730-315-1>		"opana"@yag	
"gap"@dcr	<http://ids.clld.org/values/4-520-217-3>		<http://ids.clld.org/parameters/4-520>		<http://ids.clld.org/values/4-520-315-1>		"myaku"@yag	
"mɛs"@dcr	<http://ids.clld.org/values/5-380-217-1>		<http://ids.clld.org/parameters/5-380>		<http://ids.clld.org/values/5-380-315-1>		"[naif]"@yag	
"mɛs"@dcr	<http://ids.clld.org/values/5-380-217-1>		<http://ids.clld.org/parameters/5-380>		<http://ids.clld.org/values/5-380-315-3>		"wila"@yag	
"bai"@dcr	<http://ids.clld.org/values/1-340-217-1>		<http://ids.clld.org/parameters/1-340>		<http://ids.clld.org/values/1-340-315-1>		"waya"@yag	
"(s)tan"@dcr	<http://ids.clld.org/values/12-150-217-1>		<http://ids.clld.org/parameters/12-150>		<http://ids.clld.org/values/12-150-315-1>		"kamato"@yag	
"ast(ə)r ~ (n)astu"@dcr	<http://ids.clld.org/values/12-11-217-1>		<http://ids.clld.org/parameters/12-11>		<http://ids.clld.org/values/12-11-315-1>		"ušpan"@yag	
"fostan ~ fosto"@dcr	<http://ids.clld.org/values/17-160-217-1>		<http://ids.clld.org/parameters/17-160>		<http://ids.clld.org/values/17-160-315-1>		"ayoalana"@yag	
"kuraši"@dcr	<http://ids.clld.org/values/16-520-217-1>		<http://ids.clld.org/parameters/16-520>		<http://ids.clld.org/values/16-520-315-1>		"apeili"@yag	
"man-ple"@dcr	<http://ids.clld.org/values/4-492-217-1>		<http://ids.clld.org/parameters/4-492>		<http://ids.clld.org/values/4-492-315-1>		"pinuš"@yag	
"dif"@dcr	<http://ids.clld.org/values/21-510-217-1>		<http://ids.clld.org/parameters/21-510>		<http://ids.clld.org/values/21-510-315-1>		"šeina"@yag	
"bos"@dcr	<http://ids.clld.org/values/9-270-217-1>		<http://ids.clld.org/parameters/9-270>		<http://ids.clld.org/values/9-270-315-1>		"akitakuta"@yag	
"se ~ ze ~ zɛ"@dcr	<http://ids.clld.org/values/1-329-217-1>		<http://ids.clld.org/parameters/1-329>		<http://ids.clld.org/values/1-329-315-1>		"ixa"@yag	
"kaba"@dcr	<http://ids.clld.org/values/14-260-217-1>		<http://ids.clld.org/parameters/14-260>		<http://ids.clld.org/values/14-260-315-1>		"uškuf"@yag	
"al-tit"@dcr	<http://ids.clld.org/values/14-310-217-1>		<http://ids.clld.org/parameters/14-310>		<http://ids.clld.org/values/14-310-315-1>		"kuka"@yag	
"asɛ"@dcr	<http://ids.clld.org/values/14-210-217-1>		<http://ids.clld.org/parameters/14-210>		<http://ids.clld.org/values/14-210-315-1>		"šamiku"@yag	
"bik"@dcr	<http://ids.clld.org/values/4-460-217-1>		<http://ids.clld.org/parameters/4-460>		<http://ids.clld.org/values/4-460-315-1>		"weina"@yag	
"hogo"@dcr	<http://ids.clld.org/values/4-210-217-1>		<http://ids.clld.org/parameters/4-210>		<http://ids.clld.org/values/4-210-315-1>		"tala"@yag	
"stibo ~ stibu"@dcr	<http://ids.clld.org/values/11-430-217-1>		<http://ids.clld.org/parameters/11-430>		<http://ids.clld.org/values/11-430-315-1>		"[mani]"@yag	
"fik ~ fig"@dcr	<http://ids.clld.org/values/9-370-217-1>		<http://ids.clld.org/parameters/9-370>		<http://ids.clld.org/values/9-370-315-1>		"kamaku"@yag	
"lɛ"@dcr	<http://ids.clld.org/values/1-610-217-1>		<http://ids.clld.org/parameters/1-610>		<http://ids.clld.org/values/1-610-315-1>		"šola"@yag	
"houtu"@dcr	<http://ids.clld.org/values/1-880-217-1>		<http://ids.clld.org/parameters/1-880>		<http://ids.clld.org/values/1-880-315-1>		"touwa"@yag	
"hɛmɛtɛ"@dcr	<http://ids.clld.org/values/6-440-217-1>		<http://ids.clld.org/parameters/6-440>		<http://ids.clld.org/values/6-440-315-1>		"[šata]"@yag	
"it"@dcr	<http://ids.clld.org/values/12-60-217-3>		<http://ids.clld.org/parameters/12-60>		<http://ids.clld.org/values/12-60-315-1>		"asi"@yag	
"pot"@dcr	<http://ids.clld.org/values/5-260-217-1>		<http://ids.clld.org/parameters/5-260>		<http://ids.clld.org/values/5-260-315-1>		"[sospi]"@yag	
"abo(bo) ~ aobu ~ bo(bo) ~ bono ~ bu ~ (na-)bo(no) ~ obu"@dcr	<http://ids.clld.org/values/12-80-217-1>		<http://ids.clld.org/parameters/12-80>		<http://ids.clld.org/values/12-80-315-3>		"inu"@yag	
"abo(bo) ~ aobu ~ bo(bo) ~ bono ~ bu ~ (na-)bo(no) ~ obu"@dcr	<http://ids.clld.org/values/12-80-217-1>		<http://ids.clld.org/parameters/12-80>		<http://ids.clld.org/values/12-80-315-1>		"wapu"@yag	
"trou"@dcr	<http://ids.clld.org/values/2-340-217-1>		<http://ids.clld.org/parameters/2-340>		<http://ids.clld.org/values/2-340-315-1>		"tuku"@yag	
"grot-kin"@dcr	<http://ids.clld.org/values/2-490-217-1>		<http://ids.clld.org/parameters/2-490>		<http://ids.clld.org/values/2-490-315-1>		"makutsa"@yag	
"son"@dcr	<http://ids.clld.org/values/1-520-217-1>		<http://ids.clld.org/parameters/1-520>		<http://ids.clld.org/values/1-520-315-1>		"lam"@yag	
"faŋ"@dcr	<http://ids.clld.org/values/20-650-217-1>		<http://ids.clld.org/parameters/20-650>		<http://ids.clld.org/values/20-650-315-1>		"ata"@yag	
"bran"@dcr	<http://ids.clld.org/values/1-852-217-1>		<http://ids.clld.org/parameters/1-852>		<http://ids.clld.org/values/1-852-315-3>		"ušola"@yag	
"bran"@dcr	<http://ids.clld.org/values/1-852-217-1>		<http://ids.clld.org/parameters/1-852>		<http://ids.clld.org/values/1-852-315-1>		"kušaina"@yag	
"kaut(u)"@dcr	<http://ids.clld.org/values/15-860-217-1>		<http://ids.clld.org/parameters/15-860>		<http://ids.clld.org/values/15-860-315-1>		"teri"@yag	
"duku"@dcr	<http://ids.clld.org/values/6-120-217-1>		<http://ids.clld.org/parameters/6-120>		<http://ids.clld.org/values/6-120-315-1>		"uška"@yag	
"han"@dcr	<http://ids.clld.org/values/4-320-217-1>		<http://ids.clld.org/parameters/4-320>		<http://ids.clld.org/values/4-320-315-1>		"tamila"@yag	
"hus"@dcr	<http://ids.clld.org/values/7-120-217-1>		<http://ids.clld.org/parameters/7-120>		<http://ids.clld.org/values/7-120-315-1>		"akar"@yag	
"kabai"@dcr	<http://ids.clld.org/values/3-410-217-1>		<http://ids.clld.org/parameters/3-410>		<http://ids.clld.org/values/3-410-315-1>		"[xarse]"@yag	
"futu"@dcr	<http://ids.clld.org/values/4-372-217-1>		<http://ids.clld.org/parameters/4-372>		<http://ids.clld.org/values/4-372-315-1>		"kušun"@yag	
"fil"@dcr	<http://ids.clld.org/values/15-880-217-1>		<http://ids.clld.org/parameters/15-880>		<http://ids.clld.org/values/15-880-315-1>		"[tati]"@yag	
"fil"@dcr	<http://ids.clld.org/values/15-880-217-1>		<http://ids.clld.org/parameters/15-880>		<http://ids.clld.org/values/15-880-315-3>		"[derti]"@yag	
"skol"@dcr	<http://ids.clld.org/values/17-280-217-1>		<http://ids.clld.org/parameters/17-280>		<http://ids.clld.org/values/17-280-315-1>		"čeaxous"@yag	
"mi"@dcr	<http://ids.clld.org/values/2-910-217-1>		<http://ids.clld.org/parameters/2-910>		<http://ids.clld.org/values/2-910-315-1>		"xay"@yag	
"ǰak"@dcr	<http://ids.clld.org/values/20-610-217-1>		<http://ids.clld.org/parameters/20-610>		<http://ids.clld.org/values/20-610-315-1>		"kopana"@yag	
"lusifer"@dcr	<http://ids.clld.org/values/1-870-217-1>		<http://ids.clld.org/parameters/1-870>		<http://ids.clld.org/values/1-870-315-1>		"swali"@yag	
"(to)mɛs ~ tumɛs"@dcr	<http://ids.clld.org/values/12-430-217-3>		<http://ids.clld.org/parameters/12-430>		<http://ids.clld.org/values/12-430-315-1>		"kaša"@yag	
"ha(r)"@dcr	<http://ids.clld.org/values/4-144-217-1>		<http://ids.clld.org/parameters/4-144>		<http://ids.clld.org/values/4-144-315-1>		"ačala"@yag	
"hil"@dcr	<http://ids.clld.org/values/4-372-217-3>		<http://ids.clld.org/parameters/4-372>		<http://ids.clld.org/values/4-372-315-1>		"kušun"@yag	
"lo we"@dcr	<http://ids.clld.org/values/10-490-217-1>		<http://ids.clld.org/parameters/10-490>		<http://ids.clld.org/values/10-490-315-1>		"katuš"@yag	
"astumɛnda ~ astumenda"@dcr	<http://ids.clld.org/values/14-451-217-1>		<http://ids.clld.org/parameters/14-451>		<http://ids.clld.org/values/14-451-315-1>		"tukačim"@yag	
"yuŋ-kin"@dcr	<http://ids.clld.org/values/2-250-217-1>		<http://ids.clld.org/parameters/2-250>		<http://ids.clld.org/values/2-250-315-1>		"wuxai"@yag	
"yuŋ-kin"@dcr	<http://ids.clld.org/values/2-250-217-1>		<http://ids.clld.org/parameters/2-250>		<http://ids.clld.org/values/2-250-315-3>		"yaxaki"@yag	
"kabe ~ karaber"@dcr	<http://ids.clld.org/values/19-510-217-7>		<http://ids.clld.org/parameters/19-510>		<http://ids.clld.org/values/19-510-315-1>		"maraku"@yag	
"spigəl"@dcr	<http://ids.clld.org/values/6-960-217-1>		<http://ids.clld.org/parameters/6-960>		<http://ids.clld.org/values/6-960-315-1>		"tala-alakana"@yag	
"dop-ta (?)"@dcr	<http://ids.clld.org/values/2-710-217-1>		<http://ids.clld.org/parameters/2-710>		<http://ids.clld.org/values/2-710-315-1>		"masaku"@yag	
"waku"@dcr	<http://ids.clld.org/values/4-630-217-1>		<http://ids.clld.org/parameters/4-630>		<http://ids.clld.org/values/4-630-315-1>		"tupwea"@yag	
"grani"@dcr	<http://ids.clld.org/values/2-470-217-1>		<http://ids.clld.org/parameters/2-470>		<http://ids.clld.org/values/2-470-315-1>		"kuluna"@yag	
"rambl"@dcr	<http://ids.clld.org/values/10-450-217-3>		<http://ids.clld.org/parameters/10-450>		<http://ids.clld.org/values/10-450-315-1>		"una"@yag	
"al(ga)"@dcr	<http://ids.clld.org/values/13-140-217-3>		<http://ids.clld.org/parameters/13-140>		<http://ids.clld.org/values/13-140-315-1>		"xanikina"@yag	
"rik"@dcr	<http://ids.clld.org/values/15-210-217-1>		<http://ids.clld.org/parameters/15-210>		<http://ids.clld.org/values/15-210-315-1>		"ašata"@yag	
"se"@dcr	<http://ids.clld.org/values/18-220-217-1>		<http://ids.clld.org/parameters/18-220>		<http://ids.clld.org/values/18-220-315-1>		"kutana"@yag	
"fas"@dcr	<http://ids.clld.org/values/11-150-217-1>		<http://ids.clld.org/parameters/11-150>		<http://ids.clld.org/values/11-150-315-1>		"ata"@yag	
"fig ~ fik"@dcr	<http://ids.clld.org/values/9-310-217-3>		<http://ids.clld.org/parameters/9-310>		<http://ids.clld.org/values/9-310-315-1>		"pratan"@yag	
"les"@dcr	<http://ids.clld.org/values/18-520-217-1>		<http://ids.clld.org/parameters/18-520>		<http://ids.clld.org/values/18-520-315-1>		"tumena"@yag	
"difi"@dcr	<http://ids.clld.org/values/3-594-217-1>		<http://ids.clld.org/parameters/3-594>		<http://ids.clld.org/values/3-594-315-1>		"olamana"@yag	
"mɛnši"@dcr	<http://ids.clld.org/values/2-420-217-1>		<http://ids.clld.org/parameters/2-420>		<http://ids.clld.org/values/2-420-315-1>		"ma-kipa"@yag	
"di"@dcr	<http://ids.clld.org/values/2-930-217-3>		<http://ids.clld.org/parameters/2-930>		<http://ids.clld.org/values/2-930-315-1>		"kitu"@yag	
"kou"@dcr	<http://ids.clld.org/values/5-180-217-1>		<http://ids.clld.org/parameters/5-180>		<http://ids.clld.org/values/5-180-315-1>		"isa"@yag	
"wɛr(ə)m ~ wərm"@dcr	<http://ids.clld.org/values/15-851-217-1>		<http://ids.clld.org/parameters/15-851>		<http://ids.clld.org/values/15-851-315-1>		"putru"@yag	
"tondu ~ dondu"@dcr	<http://ids.clld.org/values/1-560-217-1>		<http://ids.clld.org/parameters/1-560>		<http://ids.clld.org/values/1-560-315-1>		"kalaša"@yag	
"stik"@dcr	<http://ids.clld.org/values/12-120-217-5>		<http://ids.clld.org/parameters/12-120>		<http://ids.clld.org/values/12-120-315-1>		"umutu"@yag	
"stik"@dcr	<http://ids.clld.org/values/12-120-217-5>		<http://ids.clld.org/parameters/12-120>		<http://ids.clld.org/values/12-120-315-3>		"utika"@yag	
"dra"@dcr	<http://ids.clld.org/values/9-330-217-1>		<http://ids.clld.org/parameters/9-330>		<http://ids.clld.org/values/9-330-315-1>		"tapona"@yag	
"ki"@dcr	<http://ids.clld.org/values/15-510-217-1>		<http://ids.clld.org/parameters/15-510>		<http://ids.clld.org/values/15-510-315-1>		"tiki"@yag	
"sten"@dcr	<http://ids.clld.org/values/1-440-217-1>		<http://ids.clld.org/parameters/1-440>		<http://ids.clld.org/values/1-440-315-1>		"aiya"@yag	
"sten"@dcr	<http://ids.clld.org/values/1-440-217-1>		<http://ids.clld.org/parameters/1-440>		<http://ids.clld.org/values/1-440-315-3>		"awi"@yag	
"mat(a)"@dcr	<http://ids.clld.org/values/19-510-217-1>		<http://ids.clld.org/parameters/19-510>		<http://ids.clld.org/values/19-510-315-1>		"maraku"@yag	
"frokos(t)"@dcr	<http://ids.clld.org/values/5-410-217-1>		<http://ids.clld.org/parameters/5-410>		<http://ids.clld.org/values/5-410-315-1>		"antama"@yag	
"skon-muma ~ skon-ma (?)"@dcr	<http://ids.clld.org/values/2-621-217-1>		<http://ids.clld.org/parameters/2-621>		<http://ids.clld.org/values/2-621-315-1>		"masa-kipa"@yag	
"rɛči"@dcr	<http://ids.clld.org/values/12-410-217-1>		<http://ids.clld.org/parameters/12-410>		<http://ids.clld.org/values/12-410-315-1>		"šalatas"@yag	
"prat"@dcr	<http://ids.clld.org/values/18-210-217-1>		<http://ids.clld.org/parameters/18-210>		<http://ids.clld.org/values/18-210-315-1>		"kutana"@yag	
"grun"@dcr	<http://ids.clld.org/values/15-680-217-1>		<http://ids.clld.org/parameters/15-680>		<http://ids.clld.org/values/15-680-315-1>		"arlampi"@yag	
"wolk"@dcr	<http://ids.clld.org/values/1-730-217-1>		<http://ids.clld.org/parameters/1-730>		<http://ids.clld.org/values/1-730-315-1>		"xoka"@yag	
"druŋ ~ druŋk"@dcr	<http://ids.clld.org/values/4-980-217-1>		<http://ids.clld.org/parameters/4-980>		<http://ids.clld.org/values/4-980-315-1>		"lama"@yag	
"ha(r)"@dcr	<http://ids.clld.org/values/4-140-217-1>		<http://ids.clld.org/parameters/4-140>		<http://ids.clld.org/values/4-140-315-1>		"ušta"@yag	
"fɛrgi ~ fɛrki"@dcr	<http://ids.clld.org/values/3-350-217-1>		<http://ids.clld.org/parameters/3-350>		<http://ids.clld.org/values/3-350-315-1>		"[pig]"@yag	
"laŋ"@dcr	<http://ids.clld.org/values/12-570-217-1>		<http://ids.clld.org/parameters/12-570>		<http://ids.clld.org/values/12-570-315-1>		"muka"@yag	
"stɛrək"@dcr	<http://ids.clld.org/values/4-810-217-1>		<http://ids.clld.org/parameters/4-810>		<http://ids.clld.org/values/4-810-315-1>		"manakata"@yag	
"blɛn ~ blin ~ blain"@dcr	<http://ids.clld.org/values/4-970-217-1>		<http://ids.clld.org/parameters/4-970>		<http://ids.clld.org/values/4-970-315-1>		"amaša"@yag	
"drɛp"@dcr	<http://ids.clld.org/values/10-160-217-1>		<http://ids.clld.org/parameters/10-160>		<http://ids.clld.org/values/10-160-315-1>		"uštamula"@yag	
"konu"@dcr	<http://ids.clld.org/values/12-760-217-1>		<http://ids.clld.org/parameters/12-760>		<http://ids.clld.org/values/12-760-315-1>		"kakočin"@yag	
"grof (?)"@dcr	<http://ids.clld.org/values/15-760-217-1>		<http://ids.clld.org/parameters/15-760>		<http://ids.clld.org/values/15-760-315-1>		"kuma"@yag	
"papəgoi"@dcr	<http://ids.clld.org/values/3-592-217-3>		<http://ids.clld.org/parameters/3-592>		<http://ids.clld.org/values/3-592-315-1>		"kinan"@yag	
"bonči"@dcr	<http://ids.clld.org/values/5-660-217-1>		<http://ids.clld.org/parameters/5-660>		<http://ids.clld.org/values/5-660-315-1>		"[pinčs]"@yag	
"lelik ~ lɛlik ~ likik"@dcr	<http://ids.clld.org/values/16-720-217-1>		<http://ids.clld.org/parameters/16-720>		<http://ids.clld.org/values/16-720-315-1>		"ulafana"@yag	
"lɛp"@dcr	<http://ids.clld.org/values/10-430-217-3>		<http://ids.clld.org/parameters/10-430>		<http://ids.clld.org/values/10-430-315-1>		"akuru"@yag	
"kol"@dcr	<http://ids.clld.org/values/1-890-217-1>		<http://ids.clld.org/parameters/1-890>		<http://ids.clld.org/values/1-890-315-1>		"ikipašax"@yag	
"wilik ~ wɛrlik"@dcr	<http://ids.clld.org/values/1-550-217-1>		<http://ids.clld.org/parameters/1-550>		<http://ids.clld.org/values/1-550-315-1>		"tumutušu"@yag	
"klen ~ klɛn ~ klenši"@dcr	<http://ids.clld.org/values/12-560-217-1>		<http://ids.clld.org/parameters/12-560>		<http://ids.clld.org/values/12-560-315-1>		"yaxa"@yag	
"riva"@dcr	<http://ids.clld.org/values/1-360-217-1>		<http://ids.clld.org/parameters/1-360>		<http://ids.clld.org/values/1-360-315-1>		"winu"@yag	
"wurum"@dcr	<http://ids.clld.org/values/3-840-217-1>		<http://ids.clld.org/parameters/3-840>		<http://ids.clld.org/values/3-840-315-1>		"tan-wankara"@yag	
"drai"@dcr	<http://ids.clld.org/values/12-930-217-1>		<http://ids.clld.org/parameters/12-930>		<http://ids.clld.org/values/12-930-315-1>		"mesata"@yag	
"dop-ma"@dcr	<http://ids.clld.org/values/2-720-217-1>		<http://ids.clld.org/parameters/2-720>		<http://ids.clld.org/values/2-720-315-1>		"masa-kipa"@yag	
"stɛt ~ stet"@dcr	<http://ids.clld.org/values/4-180-217-1>		<http://ids.clld.org/parameters/4-180>		<http://ids.clld.org/values/4-180-315-1>		"tel"@yag	
"wa(wa) ~ walget ~ warget ~ wargəit"@dcr	<http://ids.clld.org/values/16-660-217-1>		<http://ids.clld.org/parameters/16-660>		<http://ids.clld.org/values/16-660-315-1>		"auwan"@yag	
"bak"@dcr	<http://ids.clld.org/values/5-330-217-1>		<http://ids.clld.org/parameters/5-330>		<http://ids.clld.org/values/5-330-315-1>		"ayšu-tuku"@yag	
"stok"@dcr	<http://ids.clld.org/values/19-250-217-1>		<http://ids.clld.org/parameters/19-250>		<http://ids.clld.org/values/19-250-315-1>		"tumakae"@yag	
"patpat ~ pačipači"@dcr	<http://ids.clld.org/values/3-570-217-1>		<http://ids.clld.org/parameters/3-570>		<http://ids.clld.org/values/3-570-315-1>		"alukuš"@yag	
"ekeren ~ ɛkɛrɛn"@dcr	<http://ids.clld.org/values/13-140-217-1>		<http://ids.clld.org/parameters/13-140>		<http://ids.clld.org/values/13-140-315-1>		"xanikina"@yag	
"bom"@dcr	<http://ids.clld.org/values/8-600-217-1>		<http://ids.clld.org/parameters/8-600>		<http://ids.clld.org/values/8-600-315-1>		"šopeya"@yag	
"bom"@dcr	<http://ids.clld.org/values/8-600-217-1>		<http://ids.clld.org/parameters/8-600>		<http://ids.clld.org/values/8-600-315-3>		"pouš"@yag	
"flig"@dcr	<http://ids.clld.org/values/10-370-217-1>		<http://ids.clld.org/parameters/10-370>		<http://ids.clld.org/values/10-370-315-1>		"miku"@yag	
"rigi ~ rɛgɛ"@dcr	<http://ids.clld.org/values/4-190-217-1>		<http://ids.clld.org/parameters/4-190>		<http://ids.clld.org/values/4-190-315-1>		"ušwala"@yag	
"ta(i) ~ tita"@dcr	<http://ids.clld.org/values/2-350-217-5>		<http://ids.clld.org/parameters/2-350>		<http://ids.clld.org/values/2-350-315-1>		"imu"@yag	
"ta(i) ~ tita"@dcr	<http://ids.clld.org/values/2-350-217-5>		<http://ids.clld.org/parameters/2-350>		<http://ids.clld.org/values/2-350-315-3>		"tapwin"@yag	
"guri"@dcr	<http://ids.clld.org/values/12-530-217-1>		<http://ids.clld.org/parameters/12-530>		<http://ids.clld.org/values/12-530-315-1>		"pušu"@yag	
"gat"@dcr	<http://ids.clld.org/values/12-850-217-1>		<http://ids.clld.org/parameters/12-850>		<http://ids.clld.org/values/12-850-315-1>		"puta"@yag	
"sa ~ sɛ(l) ~ sɛn(d)r ~ si(n) ~ sini ~ sinr ~ sinu ~ zinə"@dcr	<http://ids.clld.org/values/2-960-217-1>		<http://ids.clld.org/parameters/2-960>		<http://ids.clld.org/values/2-960-315-1>		"kyon"@yag	
"ki"@dcr	<http://ids.clld.org/values/15-520-217-1>		<http://ids.clld.org/parameters/15-520>		<http://ids.clld.org/values/15-520-315-1>		"alakana"@yag	
"nou"@dcr	<http://ids.clld.org/values/12-620-217-1>		<http://ids.clld.org/parameters/12-620>		<http://ids.clld.org/values/12-620-315-1>		"salya"@yag	
"mi sari"@dcr	<http://ids.clld.org/values/16-340-217-1>		<http://ids.clld.org/parameters/16-340>		<http://ids.clld.org/values/16-340-315-1>		"anuna"@yag	
"hɛŋka ~ həŋku"@dcr	<http://ids.clld.org/values/10-890-217-1>		<http://ids.clld.org/parameters/10-890>		<http://ids.clld.org/values/10-890-315-1>		"iya"@yag	
"ba(r)d"@dcr	<http://ids.clld.org/values/4-142-217-1>		<http://ids.clld.org/parameters/4-142>		<http://ids.clld.org/values/4-142-315-1>		"yašu"@yag	
"not (?)"@dcr	<http://ids.clld.org/values/12-470-217-1>		<http://ids.clld.org/parameters/12-470>		<http://ids.clld.org/values/12-470-315-1>		"uša"@yag	
"dans"@dcr	<http://ids.clld.org/values/10-440-217-1>		<http://ids.clld.org/parameters/10-440>		<http://ids.clld.org/values/10-440-315-1>		"[tansa]"@yag	
"ǰum(b) ~ ǰomp"@dcr	<http://ids.clld.org/values/10-430-217-1>		<http://ids.clld.org/parameters/10-430>		<http://ids.clld.org/values/10-430-315-1>		"akuru"@yag	
"blut"@dcr	<http://ids.clld.org/values/4-150-217-1>		<http://ids.clld.org/parameters/4-150>		<http://ids.clld.org/values/4-150-315-1>		"sapa"@yag	
"ale(n)"@dcr	<http://ids.clld.org/values/13-330-217-1>		<http://ids.clld.org/parameters/13-330>		<http://ids.clld.org/values/13-330-315-1>		"tapan"@yag	
"fat"@dcr	<http://ids.clld.org/values/11-140-217-3>		<http://ids.clld.org/parameters/11-140>		<http://ids.clld.org/values/11-140-315-1>		"ata"@yag	
"hok"@dcr	<http://ids.clld.org/values/12-310-217-1>		<http://ids.clld.org/parameters/12-310>		<http://ids.clld.org/values/12-310-315-3>		"muka"@yag	
"hok"@dcr	<http://ids.clld.org/values/12-310-217-1>		<http://ids.clld.org/parameters/12-310>		<http://ids.clld.org/values/12-310-315-1>		"manakata"@yag	
"krom"@dcr	<http://ids.clld.org/values/12-740-217-1>		<http://ids.clld.org/parameters/12-740>		<http://ids.clld.org/values/12-740-315-1>		"xayaka"@yag	
"dot"@dcr	<http://ids.clld.org/values/4-770-217-1>		<http://ids.clld.org/parameters/4-770>		<http://ids.clld.org/values/4-770-315-1>		"malaku"@yag	
"frou"@dcr	<http://ids.clld.org/values/2-320-217-1>		<http://ids.clld.org/parameters/2-320>		<http://ids.clld.org/values/2-320-315-1>		"tuku"@yag	
"yuŋ"@dcr	<http://ids.clld.org/values/14-140-217-1>		<http://ids.clld.org/parameters/14-140>		<http://ids.clld.org/values/14-140-315-1>		"yaruma"@yag	
"sak ne"@dcr	<http://ids.clld.org/values/10-473-217-1>		<http://ids.clld.org/parameters/10-473>		<http://ids.clld.org/values/10-473-315-1>		"mina"@yag	
"bit"@dcr	<http://ids.clld.org/values/4-580-217-1>		<http://ids.clld.org/parameters/4-580>		<http://ids.clld.org/values/4-580-315-1>		"yuta"@yag	
"tum"@dcr	<http://ids.clld.org/values/4-342-217-1>		<http://ids.clld.org/parameters/4-342>		<http://ids.clld.org/values/4-342-315-1>		"wayamwa"@yag	
"bru ~ buči"@dcr	<http://ids.clld.org/values/2-440-217-1>		<http://ids.clld.org/parameters/2-440>		<http://ids.clld.org/values/2-440-315-1>		"waym"@yag	
"kini"@dcr	<http://ids.clld.org/values/4-360-217-1>		<http://ids.clld.org/parameters/4-360>		<http://ids.clld.org/values/4-360-315-1>		"tulepuš"@yag	
"mata"@dcr	<http://ids.clld.org/values/4-760-217-1>		<http://ids.clld.org/parameters/4-760>		<http://ids.clld.org/values/4-760-315-1>		"kaipana"@yag	
"kak"@dcr	<http://ids.clld.org/values/4-208-217-1>		<http://ids.clld.org/parameters/4-208>		<http://ids.clld.org/values/4-208-315-1>		"čisa"@yag	
"frən ~ frin"@dcr	<http://ids.clld.org/values/19-510-217-5>		<http://ids.clld.org/parameters/19-510>		<http://ids.clld.org/values/19-510-315-1>		"maraku"@yag	
"wit"@dcr	<http://ids.clld.org/values/15-640-217-1>		<http://ids.clld.org/parameters/15-640>		<http://ids.clld.org/values/15-640-315-1>		"yaku"@yag	
"frot"@dcr	<http://ids.clld.org/values/5-125-217-1>		<http://ids.clld.org/parameters/5-125>		<http://ids.clld.org/values/5-125-315-1>		"lalakina"@yag	
"plat"@dcr	<http://ids.clld.org/values/9-750-217-1>		<http://ids.clld.org/parameters/9-750>		<http://ids.clld.org/values/9-750-315-3>		"kamuku"@yag	
"plat"@dcr	<http://ids.clld.org/values/9-750-217-1>		<http://ids.clld.org/parameters/9-750>		<http://ids.clld.org/values/9-750-315-1>		"yatana"@yag	
"təsən"@dcr	<http://ids.clld.org/values/12-20-217-1>		<http://ids.clld.org/parameters/12-20>		<http://ids.clld.org/values/12-20-315-1>		"yuain"@yag	
"houtu ~ hautu"@dcr	<http://ids.clld.org/values/1-430-217-1>		<http://ids.clld.org/parameters/1-430>		<http://ids.clld.org/values/1-430-315-1>		"yaku"@yag	
"lo abo(bo)"@dcr	<http://ids.clld.org/values/10-471-217-1>		<http://ids.clld.org/parameters/10-471>		<http://ids.clld.org/values/10-471-315-1>		"muru"@yag	
"rɛgən ~ regon ~ regun"@dcr	<http://ids.clld.org/values/1-750-217-1>		<http://ids.clld.org/parameters/1-750>		<http://ids.clld.org/values/1-750-315-1>		"palaxa"@yag	
"popa ~ pupa"@dcr	<http://ids.clld.org/values/2-350-217-3>		<http://ids.clld.org/parameters/2-350>		<http://ids.clld.org/values/2-350-315-1>		"imu"@yag	
"popa ~ pupa"@dcr	<http://ids.clld.org/values/2-350-217-3>		<http://ids.clld.org/parameters/2-350>		<http://ids.clld.org/values/2-350-315-3>		"tapwin"@yag	
"ast(ə)r ~ (n)astu"@dcr	<http://ids.clld.org/values/12-10-217-1>		<http://ids.clld.org/parameters/12-10>		<http://ids.clld.org/values/12-10-315-1>		"ušpan"@yag	
"wai"@dcr	<http://ids.clld.org/values/10-380-217-3>		<http://ids.clld.org/parameters/10-380>		<http://ids.clld.org/values/10-380-315-1>		"lupu"@yag	
"slap"@dcr	<http://ids.clld.org/values/4-610-217-1>		<http://ids.clld.org/parameters/4-610>		<http://ids.clld.org/values/4-610-315-3>		"akalu"@yag	
"slap"@dcr	<http://ids.clld.org/values/4-610-217-1>		<http://ids.clld.org/parameters/4-610>		<http://ids.clld.org/values/4-610-315-1>		"ataš"@yag	
"wilik ~ wɛrlik"@dcr	<http://ids.clld.org/values/1-570-217-1>		<http://ids.clld.org/parameters/1-570>		<http://ids.clld.org/values/1-570-315-1>		"tumutušu"@yag	
"zwim ~ zwɛm"@dcr	<http://ids.clld.org/values/10-350-217-1>		<http://ids.clld.org/parameters/10-350>		<http://ids.clld.org/values/10-350-315-1>		"moner"@yag	
"kui"@dcr	<http://ids.clld.org/values/3-230-217-1>		<http://ids.clld.org/parameters/3-230>		<http://ids.clld.org/values/3-230-315-1>		"[kau]"@yag	
"kwat"@dcr	<http://ids.clld.org/values/16-420-217-1>		<http://ids.clld.org/parameters/16-420>		<http://ids.clld.org/values/16-420-315-1>		"kulala"@yag	
"eyu"@dcr	<http://ids.clld.org/values/5-970-217-1>		<http://ids.clld.org/parameters/5-970>		<http://ids.clld.org/values/5-970-315-1>		"xax"@yag	
"ons"@dcr	<http://ids.clld.org/values/2-940-217-1>		<http://ids.clld.org/parameters/2-940>		<http://ids.clld.org/values/2-940-315-1>		"xan"@yag	
"ons"@dcr	<http://ids.clld.org/values/2-940-217-1>		<http://ids.clld.org/parameters/2-940>		<http://ids.clld.org/values/2-940-315-3>		"xipi"@yag	
"sla"@dcr	<http://ids.clld.org/values/9-222-217-3>		<http://ids.clld.org/parameters/9-222>		<http://ids.clld.org/values/9-222-315-1>		"akwama"@yag	
"han"@dcr	<http://ids.clld.org/values/4-310-217-1>		<http://ids.clld.org/parameters/4-310>		<http://ids.clld.org/values/4-310-315-1>		"kamei"@yag	
"hogo-brai"@dcr	<http://ids.clld.org/values/4-212-217-1>		<http://ids.clld.org/parameters/4-212>		<http://ids.clld.org/values/4-212-315-1>		"uškaš-ačala"@yag	
"sudži ~ sutǰi"@dcr	<http://ids.clld.org/values/14-220-217-1>		<http://ids.clld.org/parameters/14-220>		<http://ids.clld.org/values/14-220-315-1>		"utaš"@yag	
"fin op mi"@dcr	<http://ids.clld.org/values/19-650-217-1>		<http://ids.clld.org/parameters/19-650>		<http://ids.clld.org/values/19-650-315-1>		"tiki"@yag	
"nai"@dcr	<http://ids.clld.org/values/6-350-217-1>		<http://ids.clld.org/parameters/6-350>		<http://ids.clld.org/values/6-350-315-1>		"umaka"@yag	
"hou"@dcr	<http://ids.clld.org/values/14-150-217-1>		<http://ids.clld.org/parameters/14-150>		<http://ids.clld.org/values/14-150-315-1>		"tawa"@yag	
"hut"@dcr	<http://ids.clld.org/values/6-550-217-1>		<http://ids.clld.org/parameters/6-550>		<http://ids.clld.org/values/6-550-315-1>		"[xata]"@yag	
"fal"@dcr	<http://ids.clld.org/values/10-230-217-3>		<http://ids.clld.org/parameters/10-230>		<http://ids.clld.org/values/10-230-315-1>		"apana"@yag	
"kominči ~ kaninči"@dcr	<http://ids.clld.org/values/5-350-217-1>		<http://ids.clld.org/parameters/5-350>		<http://ids.clld.org/values/5-350-315-1>		"ayšu-tuku"@yag	
"duku ~ dugu"@dcr	<http://ids.clld.org/values/7-422-217-1>		<http://ids.clld.org/parameters/7-422>		<http://ids.clld.org/values/7-422-315-1>		"[blankete]"@yag	
"nam"@dcr	<http://ids.clld.org/values/18-420-217-1>		<http://ids.clld.org/parameters/18-420>		<http://ids.clld.org/values/18-420-315-1>		"twapana"@yag	
"strom"@dcr	<http://ids.clld.org/values/1-350-217-1>		<http://ids.clld.org/parameters/1-350>		<http://ids.clld.org/values/1-350-315-1>		"čili"@yag	
"wis"@dcr	<http://ids.clld.org/values/15-550-217-1>		<http://ids.clld.org/parameters/15-550>		<http://ids.clld.org/values/15-550-315-1>		"tutiki"@yag	
"wɛn ~ win"@dcr	<http://ids.clld.org/values/4-510-217-3>		<http://ids.clld.org/parameters/4-510>		<http://ids.clld.org/values/4-510-315-1>		"xašapana"@yag	
"(na-)biniši"@dcr	<http://ids.clld.org/values/12-50-217-1>		<http://ids.clld.org/parameters/12-50>		<http://ids.clld.org/values/12-50-315-1>		"akan"@yag	
"en"@dcr	<http://ids.clld.org/values/13-10-217-1>		<http://ids.clld.org/parameters/13-10>		<http://ids.clld.org/values/13-10-315-1>		"koli"@yag	
"futu"@dcr	<http://ids.clld.org/values/4-370-217-1>		<http://ids.clld.org/parameters/4-370>		<http://ids.clld.org/values/4-370-315-1>		"kouya"@yag	
"gibo ~ gɛborɛn"@dcr	<http://ids.clld.org/values/4-720-217-1>		<http://ids.clld.org/parameters/4-720>		<http://ids.clld.org/values/4-720-315-1>		"ačikai"@yag	
"pok"@dcr	<http://ids.clld.org/values/10-670-217-1>		<http://ids.clld.org/parameters/10-670>		<http://ids.clld.org/values/10-670-315-1>		"tapona"@yag	
"skon-ta"@dcr	<http://ids.clld.org/values/2-610-217-3>		<http://ids.clld.org/parameters/2-610>		<http://ids.clld.org/values/2-610-315-1>		"masaku"@yag	
"pošɛs"@dcr	<http://ids.clld.org/values/14-210-217-5>		<http://ids.clld.org/parameters/14-210>		<http://ids.clld.org/values/14-210-315-1>		"šamiku"@yag	
"han"@dcr	<http://ids.clld.org/values/4-330-217-1>		<http://ids.clld.org/parameters/4-330>		<http://ids.clld.org/values/4-330-315-1>		"yaš"@yag	
"kris"@dcr	<http://ids.clld.org/values/16-370-217-1>		<http://ids.clld.org/parameters/16-370>		<http://ids.clld.org/values/16-370-315-1>		"ara"@yag	
"doŋ"@dcr	<http://ids.clld.org/values/12-30-217-3>		<http://ids.clld.org/parameters/12-30>		<http://ids.clld.org/values/12-30-315-1>		"itaku"@yag	
"tret"@dcr	<http://ids.clld.org/values/12-730-217-1>		<http://ids.clld.org/parameters/12-730>		<http://ids.clld.org/values/12-730-315-1>		"šalatas"@yag	
"watu"@dcr	<http://ids.clld.org/values/1-310-217-1>		<http://ids.clld.org/parameters/1-310>		<http://ids.clld.org/values/1-310-315-1>		"sima"@yag	
"bak"@dcr	<http://ids.clld.org/values/5-310-217-1>		<http://ids.clld.org/parameters/5-310>		<http://ids.clld.org/values/5-310-315-1>		"tukama"@yag	
"grot(o)"@dcr	<http://ids.clld.org/values/12-550-217-1>		<http://ids.clld.org/parameters/12-550>		<http://ids.clld.org/values/12-550-315-1>		"manakata"@yag	
"nat"@dcr	<http://ids.clld.org/values/15-830-217-1>		<http://ids.clld.org/parameters/15-830>		<http://ids.clld.org/values/15-830-315-1>		"ixa"@yag	
"kok"@dcr	<http://ids.clld.org/values/5-210-217-1>		<http://ids.clld.org/parameters/5-210>		<http://ids.clld.org/values/5-210-315-1>		"[kuka]"@yag	
"gap"@dcr	<http://ids.clld.org/values/15-712-217-1>		<http://ids.clld.org/parameters/15-712>		<http://ids.clld.org/values/15-712-315-1>		"atankutu"@yag	
"hou"@dcr	<http://ids.clld.org/values/11-170-217-1>		<http://ids.clld.org/parameters/11-170>		<http://ids.clld.org/values/11-170-315-1>		"saustika"@yag	
"hɛlp"@dcr	<http://ids.clld.org/values/19-580-217-1>		<http://ids.clld.org/parameters/19-580>		<http://ids.clld.org/values/19-580-315-1>		"kaičinana"@yag	
"bli"@dcr	<http://ids.clld.org/values/16-230-217-1>		<http://ids.clld.org/parameters/16-230>		<http://ids.clld.org/values/16-230-315-1>		"šapakuta"@yag	
"nabl"@dcr	<http://ids.clld.org/values/4-430-217-1>		<http://ids.clld.org/parameters/4-430>		<http://ids.clld.org/values/4-430-315-1>		"kufu"@yag	
"din"@dcr	<http://ids.clld.org/values/12-650-217-1>		<http://ids.clld.org/parameters/12-650>		<http://ids.clld.org/values/12-650-315-1>		"sal"@yag	
"ribi"@dcr	<http://ids.clld.org/values/4-162-217-1>		<http://ids.clld.org/parameters/4-162>		<http://ids.clld.org/values/4-162-315-1>		"iš"@yag	
"mɛnši"@dcr	<http://ids.clld.org/values/2-260-217-1>		<http://ids.clld.org/parameters/2-260>		<http://ids.clld.org/values/2-260-315-1>		"čule-kipa"@yag	
"toŋ"@dcr	<http://ids.clld.org/values/4-260-217-1>		<http://ids.clld.org/parameters/4-260>		<http://ids.clld.org/values/4-260-315-1>		"lan"@yag	
"roto(n)"@dcr	<http://ids.clld.org/values/3-630-217-3>		<http://ids.clld.org/parameters/3-630>		<http://ids.clld.org/values/3-630-315-1>		"wasana"@yag	
"hundu-han"@dcr	<http://ids.clld.org/values/3-520-217-1>		<http://ids.clld.org/parameters/3-520>		<http://ids.clld.org/values/3-520-315-1>		"[rusta]"@yag	
"ya(r)"@dcr	<http://ids.clld.org/values/14-730-217-1>		<http://ids.clld.org/parameters/14-730>		<http://ids.clld.org/values/14-730-315-1>		"[yar]"@yag	
"kano ~ kanu"@dcr	<http://ids.clld.org/values/10-831-217-1>		<http://ids.clld.org/parameters/10-831>		<http://ids.clld.org/values/10-831-315-1>		"anan"@yag	
"bil ~ bɛl"@dcr	<http://ids.clld.org/values/4-464-217-1>		<http://ids.clld.org/parameters/4-464>		<http://ids.clld.org/values/4-464-315-1>		"yuna"@yag	
"tumbl"@dcr	<http://ids.clld.org/values/10-230-217-5>		<http://ids.clld.org/parameters/10-230>		<http://ids.clld.org/values/10-230-315-1>		"apana"@yag	
"sti"@dcr	<http://ids.clld.org/values/10-630-217-1>		<http://ids.clld.org/parameters/10-630>		<http://ids.clld.org/values/10-630-315-1>		"tutuna"@yag	
"ret ši"@dcr	<http://ids.clld.org/values/12-410-217-3>		<http://ids.clld.org/parameters/12-410>		<http://ids.clld.org/values/12-410-315-1>		"šalatas"@yag	
"kais"@dcr	<http://ids.clld.org/values/16-622-217-1>		<http://ids.clld.org/parameters/16-622>		<http://ids.clld.org/values/16-622-315-1>		"tenukata"@yag	
"nɛk"@dcr	<http://ids.clld.org/values/4-281-217-1>		<http://ids.clld.org/parameters/4-281>		<http://ids.clld.org/values/4-281-315-1>		"yalur"@yag	
"skon-pupa"@dcr	<http://ids.clld.org/values/2-610-217-1>		<http://ids.clld.org/parameters/2-610>		<http://ids.clld.org/values/2-610-315-1>		"masaku"@yag	
"dak"@dcr	<http://ids.clld.org/values/14-410-217-1>		<http://ids.clld.org/parameters/14-410>		<http://ids.clld.org/values/14-410-315-1>		"mola"@yag	
"nal (?)"@dcr	<http://ids.clld.org/values/4-345-217-1>		<http://ids.clld.org/parameters/4-345>		<http://ids.clld.org/values/4-345-315-1>		"yaš"@yag	
"nal (?)"@dcr	<http://ids.clld.org/values/4-345-217-1>		<http://ids.clld.org/parameters/4-345>		<http://ids.clld.org/values/4-345-315-3>		"kaluf"@yag	
"ma"@dcr	<http://ids.clld.org/values/6-330-217-1>		<http://ids.clld.org/parameters/6-330>		<http://ids.clld.org/values/6-330-315-1>		"yatana"@yag	
"ko"@dcr	<http://ids.clld.org/values/10-480-217-1>		<http://ids.clld.org/parameters/10-480>		<http://ids.clld.org/values/10-480-315-1>		"akata"@yag	
"trou"@dcr	<http://ids.clld.org/values/2-330-217-1>		<http://ids.clld.org/parameters/2-330>		<http://ids.clld.org/values/2-330-315-1>		"tuku"@yag	
"han"@dcr	<http://ids.clld.org/values/4-321-217-1>		<http://ids.clld.org/parameters/4-321>		<http://ids.clld.org/values/4-321-315-1>		"mapu"@yag	
"gro(t)-pupa"@dcr	<http://ids.clld.org/values/2-460-217-1>		<http://ids.clld.org/parameters/2-460>		<http://ids.clld.org/values/2-460-315-1>		"ušwam"@yag	
"abɛ ~ ape ~ (w)api ~ ɛpɛ"@dcr	<http://ids.clld.org/values/17-660-217-1>		<http://ids.clld.org/parameters/17-660>		<http://ids.clld.org/values/17-660-315-1>		"kutup"@yag	
"skou-ben"@dcr	<http://ids.clld.org/values/4-301-217-1>		<http://ids.clld.org/parameters/4-301>		<http://ids.clld.org/values/4-301-315-1>		"touka"@yag	
"las(t) ~ lastə"@dcr	<http://ids.clld.org/values/13-350-217-1>		<http://ids.clld.org/parameters/13-350>		<http://ids.clld.org/values/13-350-315-1>		"kopakolu"@yag	
"las(t) ~ lastə"@dcr	<http://ids.clld.org/values/13-350-217-1>		<http://ids.clld.org/parameters/13-350>		<http://ids.clld.org/values/13-350-315-3>		"kupašpa"@yag	
"fol(o)k ~ foluk ~ fulok ~ fuluk"@dcr	<http://ids.clld.org/values/19-210-217-1>		<http://ids.clld.org/parameters/19-210>		<http://ids.clld.org/values/19-210-315-1>		"mali"@yag	
"bus"@dcr	<http://ids.clld.org/values/1-410-217-1>		<http://ids.clld.org/parameters/1-410>		<http://ids.clld.org/values/1-410-315-1>		"ašuna"@yag	
"oli"@dcr	<http://ids.clld.org/values/5-790-217-1>		<http://ids.clld.org/parameters/5-790>		<http://ids.clld.org/values/5-790-315-1>		"kun"@yag	
"makut(u)"@dcr	<http://ids.clld.org/values/9-760-217-1>		<http://ids.clld.org/parameters/9-760>		<http://ids.clld.org/values/9-760-315-1>		"trepa"@yag	
"makut(u)"@dcr	<http://ids.clld.org/values/9-760-217-1>		<http://ids.clld.org/parameters/9-760>		<http://ids.clld.org/values/9-760-315-3>		"kaiči"@yag	
"makut(u)"@dcr	<http://ids.clld.org/values/9-760-217-1>		<http://ids.clld.org/parameters/9-760>		<http://ids.clld.org/values/9-760-315-5>		"estepa"@yag	
"lif fa di bom"@dcr	<http://ids.clld.org/values/8-750-217-1>		<http://ids.clld.org/parameters/8-750>		<http://ids.clld.org/values/8-750-315-1>		"aišu"@yag	
"aks"@dcr	<http://ids.clld.org/values/9-250-217-1>		<http://ids.clld.org/parameters/9-250>		<http://ids.clld.org/values/9-250-315-1>		"xališ"@yag	
"fɛl"@dcr	<http://ids.clld.org/values/9-290-217-1>		<http://ids.clld.org/parameters/9-290>		<http://ids.clld.org/values/9-290-315-1>		"kaiminakana"@yag	
"rigi-ben"@dcr	<http://ids.clld.org/values/4-191-217-1>		<http://ids.clld.org/parameters/4-191>		<http://ids.clld.org/values/4-191-315-1>		"amaka"@yag	
"kot"@dcr	<http://ids.clld.org/values/15-860-217-3>		<http://ids.clld.org/parameters/15-860>		<http://ids.clld.org/values/15-860-315-1>		"teri"@yag	
"yu"@dcr	<http://ids.clld.org/values/2-920-217-1>		<http://ids.clld.org/parameters/2-920>		<http://ids.clld.org/values/2-920-315-1>		"sa"@yag	
"skɛp"@dcr	<http://ids.clld.org/values/10-810-217-1>		<http://ids.clld.org/parameters/10-810>		<http://ids.clld.org/values/10-810-315-1>		"usana"@yag	
"spel ~ spɛl ~ spil"@dcr	<http://ids.clld.org/values/16-260-217-1>		<http://ids.clld.org/parameters/16-260>		<http://ids.clld.org/values/16-260-315-1>		"miku"@yag	
"awi(di)"@dcr	<http://ids.clld.org/values/17-680-217-1>		<http://ids.clld.org/parameters/17-680>		<http://ids.clld.org/values/17-680-315-1>		"kana"@yag	
"ko abini"@dcr	<http://ids.clld.org/values/10-570-217-1>		<http://ids.clld.org/parameters/10-570>		<http://ids.clld.org/values/10-570-315-1>		"mače"@yag	
"fas"@dcr	<http://ids.clld.org/values/11-140-217-1>		<http://ids.clld.org/parameters/11-140>		<http://ids.clld.org/values/11-140-315-1>		"ata"@yag	
"futu"@dcr	<http://ids.clld.org/values/4-350-217-1>		<http://ids.clld.org/parameters/4-350>		<http://ids.clld.org/values/4-350-315-1>		"lateš"@yag	
"garən"@dcr	<http://ids.clld.org/values/6-380-217-1>		<http://ids.clld.org/parameters/6-380>		<http://ids.clld.org/values/6-380-315-1>		"treta"@yag	
"rup"@dcr	<http://ids.clld.org/values/18-420-217-3>		<http://ids.clld.org/parameters/18-420>		<http://ids.clld.org/values/18-420-315-1>		"twapana"@yag	
"rau"@dcr	<http://ids.clld.org/values/5-122-217-1>		<http://ids.clld.org/parameters/5-122>		<http://ids.clld.org/values/5-122-315-1>		"pukiwa"@yag	
"grot-kin"@dcr	<http://ids.clld.org/values/2-480-217-1>		<http://ids.clld.org/parameters/2-480>		<http://ids.clld.org/values/2-480-315-1>		"makutsa"@yag	
"saut(u)"@dcr	<http://ids.clld.org/values/15-360-217-1>		<http://ids.clld.org/parameters/15-360>		<http://ids.clld.org/values/15-360-315-1>		"pitufka"@yag	
"sni ~ šini"@dcr	<http://ids.clld.org/values/9-220-217-5>		<http://ids.clld.org/parameters/9-220>		<http://ids.clld.org/values/9-220-315-1>		"ašokata"@yag	
