"bom"@dcr	<http://ids.clld.org/values/1-420-217-1>		<http://ids.clld.org/parameters/1-420>		<http://ids.clld.org/values/1-420-280-1>		"'hiwi"@pcp	
"(hou)-nom"@dcr	<http://ids.clld.org/values/2-310-217-3>		<http://ids.clld.org/parameters/2-310>		<http://ids.clld.org/values/2-310-280-1>		"'wɨnɨ"@pcp	
"smok"@dcr	<http://ids.clld.org/values/1-830-217-1>		<http://ids.clld.org/parameters/1-830>		<http://ids.clld.org/values/1-830-280-1>		"ko'ʔina"@pcp	
"(h)am ~ (h)an"@dcr	<http://ids.clld.org/values/2-930-217-1>		<http://ids.clld.org/parameters/2-930>		<http://ids.clld.org/values/2-930-280-1>		"'haa"@pcp	
"frau"@dcr	<http://ids.clld.org/values/2-220-217-1>		<http://ids.clld.org/parameters/2-220>		<http://ids.clld.org/values/2-220-280-1>		"'yoṣ̌a"@pcp	
"sla"@dcr	<http://ids.clld.org/values/9-220-217-3>		<http://ids.clld.org/parameters/9-220>		<http://ids.clld.org/values/9-220-280-1>		"'kɨɨsakia"@pcp	
"man"@dcr	<http://ids.clld.org/values/1-530-217-1>		<http://ids.clld.org/parameters/1-530>		<http://ids.clld.org/values/1-530-280-1>		"'ʔoṣ̌ɨ"@pcp	
"kin"@dcr	<http://ids.clld.org/values/2-280-217-1>		<http://ids.clld.org/parameters/2-280>		<http://ids.clld.org/values/2-280-280-1>		"'wakɨ 'pistia"@pcp	
"(h)ašiši"@dcr	<http://ids.clld.org/values/1-840-217-1>		<http://ids.clld.org/parameters/1-840>		<http://ids.clld.org/values/1-840-280-1>		"'mišpo"@pcp	
"nom"@dcr	<http://ids.clld.org/values/2-210-217-1>		<http://ids.clld.org/parameters/2-210>		<http://ids.clld.org/values/2-210-280-1>		"'honi"@pcp	
"fanya ~ faria ~ farnya"@dcr	<http://ids.clld.org/values/5-550-217-3>		<http://ids.clld.org/parameters/5-550>		<http://ids.clld.org/values/5-550-280-1>		"'moto"@pcp	
"sut"@dcr	<http://ids.clld.org/values/15-350-217-1>		<http://ids.clld.org/parameters/15-350>		<http://ids.clld.org/values/15-350-280-1>		"tɨ'ɨ"@pcp	
"gron"@dcr	<http://ids.clld.org/values/8-120-217-1>		<http://ids.clld.org/parameters/8-120>		<http://ids.clld.org/values/8-120-280-1>		"'wai"@pcp	
"fɛ(r) ~ fe"@dcr	<http://ids.clld.org/values/12-440-217-1>		<http://ids.clld.org/parameters/12-440>		<http://ids.clld.org/values/12-440-280-1>		"nɨ'ama"@pcp	
"kasau"@dcr	<http://ids.clld.org/values/8-920-217-1>		<http://ids.clld.org/parameters/8-920>		<http://ids.clld.org/values/8-920-280-1>		"'ac̷a"@pcp	
"hungu"@dcr	<http://ids.clld.org/values/5-140-217-1>		<http://ids.clld.org/parameters/5-140>		<http://ids.clld.org/values/5-140-280-1>		"paṣ̌na'hai"@pcp	
"mon ~ mun"@dcr	<http://ids.clld.org/values/4-240-217-1>		<http://ids.clld.org/parameters/4-240>		<http://ids.clld.org/values/4-240-280-1>		"kɨ'wɨči"@pcp	
"nas ~ nɛs"@dcr	<http://ids.clld.org/values/4-230-217-1>		<http://ids.clld.org/parameters/4-230>		<http://ids.clld.org/values/4-230-280-1>		"řɨ'kina"@pcp	
"kop"@dcr	<http://ids.clld.org/values/4-200-217-1>		<http://ids.clld.org/parameters/4-200>		<http://ids.clld.org/values/4-200-280-1>		"'mapo"@pcp	
"marəkui"@dcr	<http://ids.clld.org/values/3-980-217-3>		<http://ids.clld.org/parameters/3-980>		<http://ids.clld.org/values/3-980-280-1>		"'ṣ̌awɨ"@pcp	
"bla"@dcr	<http://ids.clld.org/values/8-560-217-1>		<http://ids.clld.org/parameters/8-560>		<http://ids.clld.org/values/8-560-280-1>		"'pɨʔi"@pcp	
"ben"@dcr	<http://ids.clld.org/values/4-160-217-1>		<http://ids.clld.org/parameters/4-160>		<http://ids.clld.org/values/4-160-280-1>		"'ṣ̌ao"@pcp	
"wif"@dcr	<http://ids.clld.org/values/2-320-217-3>		<http://ids.clld.org/parameters/2-320>		<http://ids.clld.org/values/2-320-280-1>		"ʔa'wini"@pcp	
"blomɛnči ~ bluminstyi"@dcr	<http://ids.clld.org/values/8-570-217-1>		<http://ids.clld.org/parameters/8-570>		<http://ids.clld.org/values/8-570-280-3>		"řeṣ̌'pana"@pcp	
"blomɛnči ~ bluminstyi"@dcr	<http://ids.clld.org/values/8-570-217-1>		<http://ids.clld.org/parameters/8-570>		<http://ids.clld.org/values/8-570-280-1>		"'hoa"@pcp	
"man"@dcr	<http://ids.clld.org/values/2-210-217-3>		<http://ids.clld.org/parameters/2-210>		<http://ids.clld.org/values/2-210-280-1>		"'honi"@pcp	
"ma"@dcr	<http://ids.clld.org/values/9-110-217-3>		<http://ids.clld.org/parameters/9-110>		<http://ids.clld.org/values/9-110-280-1>		"i'wɨ"@pcp	
"masbondo"@dcr	<http://ids.clld.org/values/3-823-217-1>		<http://ids.clld.org/parameters/3-823>		<http://ids.clld.org/values/3-823-280-1>		"'wina"@pcp	
"ɛrum"@dcr	<http://ids.clld.org/values/4-310-217-3>		<http://ids.clld.org/parameters/4-310>		<http://ids.clld.org/values/4-310-280-1>		"po'yana"@pcp	
"kap"@dcr	<http://ids.clld.org/values/9-220-217-1>		<http://ids.clld.org/parameters/9-220>		<http://ids.clld.org/values/9-220-280-1>		"'kɨɨsakia"@pcp	
"stɛre"@dcr	<http://ids.clld.org/values/1-540-217-1>		<http://ids.clld.org/parameters/1-540>		<http://ids.clld.org/values/1-540-280-1>		"'wištima"@pcp	
"hɛwun ~ hewun ~ himul ~ himun ~ hiwun"@dcr	<http://ids.clld.org/values/1-510-217-1>		<http://ids.clld.org/parameters/1-510>		<http://ids.clld.org/values/1-510-280-1>		"na'ipa"@pcp	
"fegəl"@dcr	<http://ids.clld.org/values/3-581-217-1>		<http://ids.clld.org/parameters/3-581>		<http://ids.clld.org/values/3-581-280-1>		"'isko"@pcp	
"nɛs"@dcr	<http://ids.clld.org/values/3-580-217-1>		<http://ids.clld.org/parameters/3-580>		<http://ids.clld.org/values/3-580-280-1>		"'naʔa"@pcp	
"fadə"@dcr	<http://ids.clld.org/values/2-350-217-1>		<http://ids.clld.org/parameters/2-350>		<http://ids.clld.org/values/2-350-280-1>		"'ɨpa"@pcp	
"fadə"@dcr	<http://ids.clld.org/values/2-350-217-1>		<http://ids.clld.org/parameters/2-350>		<http://ids.clld.org/values/2-350-280-3>		"'ʔɨpa"@pcp	
"was ~ waš"@dcr	<http://ids.clld.org/values/9-360-217-1>		<http://ids.clld.org/parameters/9-360>		<http://ids.clld.org/values/9-360-280-1>		"'aši"@pcp	
"du"@dcr	<http://ids.clld.org/values/9-110-217-1>		<http://ids.clld.org/parameters/9-110>		<http://ids.clld.org/values/9-110-280-1>		"i'wɨ"@pcp	
"fɛs"@dcr	<http://ids.clld.org/values/3-650-217-1>		<http://ids.clld.org/parameters/3-650>		<http://ids.clld.org/values/3-650-280-3>		"'woɨ"@pcp	
"fɛs"@dcr	<http://ids.clld.org/values/3-650-217-1>		<http://ids.clld.org/parameters/3-650>		<http://ids.clld.org/values/3-650-280-1>		"sa'nino"@pcp	
"lif"@dcr	<http://ids.clld.org/values/4-120-217-1>		<http://ids.clld.org/parameters/4-120>		<http://ids.clld.org/values/4-120-280-1>		"'wiči"@pcp	
"mil ~ mel"@dcr	<http://ids.clld.org/values/5-550-217-1>		<http://ids.clld.org/parameters/5-550>		<http://ids.clld.org/values/5-550-280-1>		"'moto"@pcp	
"kalela ~ kalila"@dcr	<http://ids.clld.org/values/6-760-217-1>		<http://ids.clld.org/parameters/6-760>		<http://ids.clld.org/values/6-760-280-1>		"'kisi"@pcp	
"adu"@dcr	<http://ids.clld.org/values/1-210-217-1>		<http://ids.clld.org/parameters/1-210>		<http://ids.clld.org/values/1-210-280-1>		"'mai"@pcp	
"woltə"@dcr	<http://ids.clld.org/values/8-540-217-1>		<http://ids.clld.org/parameters/8-540>		<http://ids.clld.org/values/8-540-280-1>		"ta'pono"@pcp	
"ro"@dcr	<http://ids.clld.org/values/15-660-217-1>		<http://ids.clld.org/parameters/15-660>		<http://ids.clld.org/values/15-660-280-1>		"'šini"@pcp	
"swoip"@dcr	<http://ids.clld.org/values/9-220-217-7>		<http://ids.clld.org/parameters/9-220>		<http://ids.clld.org/values/9-220-280-1>		"'kɨɨsakia"@pcp	
"katun"@dcr	<http://ids.clld.org/values/6-240-217-1>		<http://ids.clld.org/parameters/6-240>		<http://ids.clld.org/values/6-240-280-1>		"waṣ̌'mɨna"@pcp	
"twe"@dcr	<http://ids.clld.org/values/13-20-217-1>		<http://ids.clld.org/parameters/13-20>		<http://ids.clld.org/values/13-20-280-1>		"ra'wɨ"@pcp	
"ho"@dcr	<http://ids.clld.org/values/4-220-217-1>		<http://ids.clld.org/parameters/4-220>		<http://ids.clld.org/values/4-220-280-1>		"'paʔoki"@pcp	
"moskit"@dcr	<http://ids.clld.org/values/3-832-217-1>		<http://ids.clld.org/parameters/3-832>		<http://ids.clld.org/values/3-832-280-1>		"'wii"@pcp	
"man"@dcr	<http://ids.clld.org/values/2-310-217-1>		<http://ids.clld.org/parameters/2-310>		<http://ids.clld.org/values/2-310-280-1>		"'wɨnɨ"@pcp	
"ma(ma) ~ muma"@dcr	<http://ids.clld.org/values/2-360-217-1>		<http://ids.clld.org/parameters/2-360>		<http://ids.clld.org/values/2-360-280-1>		"'kai"@pcp	
"tau"@dcr	<http://ids.clld.org/values/9-190-217-1>		<http://ids.clld.org/parameters/9-190>		<http://ids.clld.org/values/9-190-280-1>		"'taška"@pcp	
"ha(r)t"@dcr	<http://ids.clld.org/values/4-440-217-1>		<http://ids.clld.org/parameters/4-440>		<http://ids.clld.org/values/4-440-280-1>		"howi'ti"@pcp	
"parat"@dcr	<http://ids.clld.org/values/3-592-217-1>		<http://ids.clld.org/parameters/3-592>		<http://ids.clld.org/values/3-592-280-1>		"'wawa"@pcp	
"fi"@dcr	<http://ids.clld.org/values/1-810-217-1>		<http://ids.clld.org/parameters/1-810>		<http://ids.clld.org/values/1-810-280-1>		"'čiʔi"@pcp	
"tan"@dcr	<http://ids.clld.org/values/4-270-217-1>		<http://ids.clld.org/parameters/4-270>		<http://ids.clld.org/values/4-270-280-1>		"'ṣ̌ɨna"@pcp	
"swa"@dcr	<http://ids.clld.org/values/15-810-217-1>		<http://ids.clld.org/parameters/15-810>		<http://ids.clld.org/values/15-810-280-1>		"'iwɨ"@pcp	
"skɛrp"@dcr	<http://ids.clld.org/values/15-780-217-1>		<http://ids.clld.org/parameters/15-780>		<http://ids.clld.org/values/15-780-280-1>		"'ɨika"@pcp	
"kikintši"@dcr	<http://ids.clld.org/values/3-550-217-1>		<http://ids.clld.org/parameters/3-550>		<http://ids.clld.org/values/3-550-280-1>		"pati'aři"@pcp	
"tanya"@dcr	<http://ids.clld.org/values/8-920-217-3>		<http://ids.clld.org/parameters/8-920>		<http://ids.clld.org/values/8-920-280-1>		"'ac̷a"@pcp	
"bos"@dcr	<http://ids.clld.org/values/9-270-217-1>		<http://ids.clld.org/parameters/9-270>		<http://ids.clld.org/values/9-270-280-1>		"ma'tošmaki"@pcp	
"hogo"@dcr	<http://ids.clld.org/values/4-210-217-1>		<http://ids.clld.org/parameters/4-210>		<http://ids.clld.org/values/4-210-280-1>		"'wɨřo"@pcp	
"houtu"@dcr	<http://ids.clld.org/values/1-880-217-1>		<http://ids.clld.org/parameters/1-880>		<http://ids.clld.org/values/1-880-280-1>		"'kařo"@pcp	
"son"@dcr	<http://ids.clld.org/values/1-520-217-1>		<http://ids.clld.org/parameters/1-520>		<http://ids.clld.org/values/1-520-280-1>		"'waři"@pcp	
"hus"@dcr	<http://ids.clld.org/values/7-120-217-1>		<http://ids.clld.org/parameters/7-120>		<http://ids.clld.org/values/7-120-280-1>		"'ṣ̌owo"@pcp	
"mi"@dcr	<http://ids.clld.org/values/2-910-217-1>		<http://ids.clld.org/parameters/2-910>		<http://ids.clld.org/values/2-910-280-1>		"'ɨa"@pcp	
"mais"@dcr	<http://ids.clld.org/values/8-470-217-1>		<http://ids.clld.org/parameters/8-470>		<http://ids.clld.org/values/8-470-280-1>		"'ṣ̌ɨki"@pcp	
"di"@dcr	<http://ids.clld.org/values/2-930-217-3>		<http://ids.clld.org/parameters/2-930>		<http://ids.clld.org/values/2-930-280-1>		"'haa"@pcp	
"tondu ~ dondu"@dcr	<http://ids.clld.org/values/1-560-217-1>		<http://ids.clld.org/parameters/1-560>		<http://ids.clld.org/values/1-560-280-1>		"'naina"@pcp	
"ki"@dcr	<http://ids.clld.org/values/15-510-217-1>		<http://ids.clld.org/parameters/15-510>		<http://ids.clld.org/values/15-510-280-1>		"his'pa"@pcp	
"ki"@dcr	<http://ids.clld.org/values/15-510-217-1>		<http://ids.clld.org/parameters/15-510>		<http://ids.clld.org/values/15-510-280-3>		"'hisna"@pcp	
"wolk"@dcr	<http://ids.clld.org/values/1-730-217-1>		<http://ids.clld.org/parameters/1-730>		<http://ids.clld.org/values/1-730-280-1>		"'c̷ɨmo"@pcp	
"ha(r)"@dcr	<http://ids.clld.org/values/4-140-217-1>		<http://ids.clld.org/parameters/4-140>		<http://ids.clld.org/values/4-140-280-1>		"'woo"@pcp	
"papəgoi"@dcr	<http://ids.clld.org/values/3-592-217-3>		<http://ids.clld.org/parameters/3-592>		<http://ids.clld.org/values/3-592-280-1>		"'wawa"@pcp	
"klen ~ klɛn ~ klenši"@dcr	<http://ids.clld.org/values/12-560-217-1>		<http://ids.clld.org/parameters/12-560>		<http://ids.clld.org/values/12-560-280-1>		"'mišni"@pcp	
"riva"@dcr	<http://ids.clld.org/values/1-360-217-1>		<http://ids.clld.org/parameters/1-360>		<http://ids.clld.org/values/1-360-280-1>		"'ʔani"@pcp	
"riva"@dcr	<http://ids.clld.org/values/1-360-217-1>		<http://ids.clld.org/parameters/1-360>		<http://ids.clld.org/values/1-360-280-3>		"'pao"@pcp	
"bom"@dcr	<http://ids.clld.org/values/8-600-217-1>		<http://ids.clld.org/parameters/8-600>		<http://ids.clld.org/values/8-600-280-1>		"'hiwi"@pcp	
"ta(i) ~ tita"@dcr	<http://ids.clld.org/values/2-350-217-5>		<http://ids.clld.org/parameters/2-350>		<http://ids.clld.org/values/2-350-280-1>		"'ɨpa"@pcp	
"ta(i) ~ tita"@dcr	<http://ids.clld.org/values/2-350-217-5>		<http://ids.clld.org/parameters/2-350>		<http://ids.clld.org/values/2-350-280-3>		"'ʔɨpa"@pcp	
"gat"@dcr	<http://ids.clld.org/values/12-850-217-1>		<http://ids.clld.org/parameters/12-850>		<http://ids.clld.org/values/12-850-280-1>		"'kini"@pcp	
"ba(r)d"@dcr	<http://ids.clld.org/values/4-142-217-1>		<http://ids.clld.org/parameters/4-142>		<http://ids.clld.org/values/4-142-280-1>		"'kɨni"@pcp	
"blut"@dcr	<http://ids.clld.org/values/4-150-217-1>		<http://ids.clld.org/parameters/4-150>		<http://ids.clld.org/values/4-150-280-1>		"'himi"@pcp	
"skilpad ~ skelbat ~ skelpan"@dcr	<http://ids.clld.org/values/3-980-217-1>		<http://ids.clld.org/parameters/3-980>		<http://ids.clld.org/values/3-980-280-1>		"'ṣ̌awɨ"@pcp	
"frou"@dcr	<http://ids.clld.org/values/2-320-217-1>		<http://ids.clld.org/parameters/2-320>		<http://ids.clld.org/values/2-320-280-1>		"ʔa'wini"@pcp	
"kamina"@dcr	<http://ids.clld.org/values/8-120-217-3>		<http://ids.clld.org/parameters/8-120>		<http://ids.clld.org/values/8-120-280-1>		"'wai"@pcp	
"kak"@dcr	<http://ids.clld.org/values/4-208-217-1>		<http://ids.clld.org/parameters/4-208>		<http://ids.clld.org/values/4-208-280-1>		"'tamo"@pcp	
"wit"@dcr	<http://ids.clld.org/values/15-640-217-1>		<http://ids.clld.org/parameters/15-640>		<http://ids.clld.org/values/15-640-280-1>		"'hoṣ̌o"@pcp	
"mampi ~ mumpi"@dcr	<http://ids.clld.org/values/3-831-217-1>		<http://ids.clld.org/parameters/3-831>		<http://ids.clld.org/values/3-831-280-1>		"'šio"@pcp	
"mampi ~ mumpi"@dcr	<http://ids.clld.org/values/3-831-217-1>		<http://ids.clld.org/parameters/3-831>		<http://ids.clld.org/values/3-831-280-3>		"'čio"@pcp	
"rɛgən ~ regon ~ regun"@dcr	<http://ids.clld.org/values/1-750-217-1>		<http://ids.clld.org/parameters/1-750>		<http://ids.clld.org/values/1-750-280-3>		"ʔo'i"@pcp	
"rɛgən ~ regon ~ regun"@dcr	<http://ids.clld.org/values/1-750-217-1>		<http://ids.clld.org/parameters/1-750>		<http://ids.clld.org/values/1-750-280-1>		"o'i"@pcp	
"popa ~ pupa"@dcr	<http://ids.clld.org/values/2-350-217-3>		<http://ids.clld.org/parameters/2-350>		<http://ids.clld.org/values/2-350-280-1>		"'ɨpa"@pcp	
"popa ~ pupa"@dcr	<http://ids.clld.org/values/2-350-217-3>		<http://ids.clld.org/parameters/2-350>		<http://ids.clld.org/values/2-350-280-3>		"'ʔɨpa"@pcp	
"eyu"@dcr	<http://ids.clld.org/values/5-970-217-1>		<http://ids.clld.org/parameters/5-970>		<http://ids.clld.org/values/5-970-280-1>		"'wači"@pcp	
"han"@dcr	<http://ids.clld.org/values/4-310-217-1>		<http://ids.clld.org/parameters/4-310>		<http://ids.clld.org/values/4-310-280-1>		"po'yana"@pcp	
"wis"@dcr	<http://ids.clld.org/values/15-550-217-1>		<http://ids.clld.org/parameters/15-550>		<http://ids.clld.org/values/15-550-280-1>		"hi-'maki"@pcp	
"futu"@dcr	<http://ids.clld.org/values/4-370-217-1>		<http://ids.clld.org/parameters/4-370>		<http://ids.clld.org/values/4-370-280-1>		"'taʔɨ"@pcp	
"han"@dcr	<http://ids.clld.org/values/4-330-217-1>		<http://ids.clld.org/parameters/4-330>		<http://ids.clld.org/values/4-330-280-1>		"mɨ'kɨna"@pcp	
"watu"@dcr	<http://ids.clld.org/values/1-310-217-1>		<http://ids.clld.org/parameters/1-310>		<http://ids.clld.org/values/1-310-280-1>		"'hɨnɨ"@pcp	
"toŋ"@dcr	<http://ids.clld.org/values/4-260-217-1>		<http://ids.clld.org/parameters/4-260>		<http://ids.clld.org/values/4-260-280-1>		"'hana"@pcp	
"kano ~ kanu"@dcr	<http://ids.clld.org/values/10-831-217-1>		<http://ids.clld.org/parameters/10-831>		<http://ids.clld.org/values/10-831-280-1>		"'noti"@pcp	
"dak"@dcr	<http://ids.clld.org/values/14-410-217-1>		<http://ids.clld.org/parameters/14-410>		<http://ids.clld.org/values/14-410-280-1>		"'waři"@pcp	
"aks"@dcr	<http://ids.clld.org/values/9-250-217-1>		<http://ids.clld.org/parameters/9-250>		<http://ids.clld.org/values/9-250-280-1>		"[hača]"@pcp	
"futu"@dcr	<http://ids.clld.org/values/4-350-217-1>		<http://ids.clld.org/parameters/4-350>		<http://ids.clld.org/values/4-350-280-1>		"'wiko"@pcp	
"sni ~ šini"@dcr	<http://ids.clld.org/values/9-220-217-5>		<http://ids.clld.org/parameters/9-220>		<http://ids.clld.org/values/9-220-280-1>		"'kɨɨsakia"@pcp	
