"jucha"@cu	<http://ids.clld.org/values/5-640-199-1>		<http://ids.clld.org/parameters/5-640>		<http://ids.clld.org/values/5-640-264-1>		"čopi"@cuj	
"trudŭ"@cu	<http://ids.clld.org/values/9-120-199-1>		<http://ids.clld.org/parameters/9-120>		<http://ids.clld.org/values/9-120-264-1>		"kamrɨrči"@cuj	
"riza"@cu	<http://ids.clld.org/values/6-410-199-3>		<http://ids.clld.org/parameters/6-410>		<http://ids.clld.org/values/6-410-264-1>		"papowaľɨtɨ"@cuj	
"žęžda"@cu	<http://ids.clld.org/values/5-150-199-1>		<http://ids.clld.org/parameters/5-150>		<http://ids.clld.org/values/5-150-264-1>		"honunˑahatewata"@cuj	
"studenŭ"@cu	<http://ids.clld.org/values/15-860-199-1>		<http://ids.clld.org/parameters/15-860>		<http://ids.clld.org/values/15-860-264-1>		"kačik-ľe-rɨ"@cuj	
"lěčiti"@cu	<http://ids.clld.org/values/4-860-199-3>		<http://ids.clld.org/parameters/4-860>		<http://ids.clld.org/values/4-860-264-1>		"hic̷kaľaka"@cuj	
"opašĭ"@cu	<http://ids.clld.org/values/4-180-199-1>		<http://ids.clld.org/parameters/4-180>		<http://ids.clld.org/values/4-180-264-1>		"nši"@cuj	
"drŭva"@cu	<http://ids.clld.org/values/1-430-199-1>		<http://ids.clld.org/parameters/1-430>		<http://ids.clld.org/values/1-430-264-1>		"hah-mɨna"@cuj	
"drŭva"@cu	<http://ids.clld.org/values/1-430-199-1>		<http://ids.clld.org/parameters/1-430>		<http://ids.clld.org/values/1-430-264-3>		"mɨna"@cuj	
"kolěno"@cu	<http://ids.clld.org/values/4-360-199-1>		<http://ids.clld.org/parameters/4-360>		<http://ids.clld.org/values/4-360-264-1>		"soxi"@cuj	
"pluti"@cu	<http://ids.clld.org/values/10-350-199-1>		<http://ids.clld.org/parameters/10-350>		<http://ids.clld.org/values/10-350-264-1>		"ha-noha-ta"@cuj	
"dymǎ"@cu	<http://ids.clld.org/values/1-830-199-1>		<http://ids.clld.org/parameters/1-830>		<http://ids.clld.org/values/1-830-264-1>		"či-či-phya"@cuj	
"lěnŭ"@cu	<http://ids.clld.org/values/4-920-199-1>		<http://ids.clld.org/parameters/4-920>		<http://ids.clld.org/values/4-920-264-1>		"merso"@cuj	
"štěnĭ"@cu	<http://ids.clld.org/values/1-630-199-3>		<http://ids.clld.org/parameters/1-630>		<http://ids.clld.org/values/1-630-264-1>		"mayawľɨ"@cuj	
"štěnĭ"@cu	<http://ids.clld.org/values/1-630-199-3>		<http://ids.clld.org/parameters/1-630>		<http://ids.clld.org/values/1-630-264-3>		"čikľe"@cuj	
"dědŭ"@cu	<http://ids.clld.org/values/2-460-199-1>		<http://ids.clld.org/parameters/2-460>		<http://ids.clld.org/values/2-460-264-1>		"hatʸi-rɨ"@cuj	
"slŭnĭce"@cu	<http://ids.clld.org/values/1-520-199-1>		<http://ids.clld.org/parameters/1-520>		<http://ids.clld.org/values/1-520-264-1>		"tka-či"@cuj	
"brĭnĭje"@cu	<http://ids.clld.org/values/1-214-199-1>		<http://ids.clld.org/parameters/1-214>		<http://ids.clld.org/values/1-214-264-3>		"xpa"@cuj	
"brĭnĭje"@cu	<http://ids.clld.org/values/1-214-199-1>		<http://ids.clld.org/parameters/1-214>		<http://ids.clld.org/values/1-214-264-1>		"kaxpa"@cuj	
"krajĭ"@cu	<http://ids.clld.org/values/1-270-199-3>		<http://ids.clld.org/parameters/1-270>		<http://ids.clld.org/values/1-270-264-1>		"wakanɨ"@cuj	
"věděti"@cu	<http://ids.clld.org/values/17-170-199-1>		<http://ids.clld.org/parameters/17-170>		<http://ids.clld.org/values/17-170-264-1>		"himata"@cuj	
"mokrŭ"@cu	<http://ids.clld.org/values/15-830-199-1>		<http://ids.clld.org/parameters/15-830>		<http://ids.clld.org/values/15-830-264-3>		"kha"@cuj	
"mokrŭ"@cu	<http://ids.clld.org/values/15-830-199-1>		<http://ids.clld.org/parameters/15-830>		<http://ids.clld.org/values/15-830-264-1>		"hi-ha-ka"@cuj	
"plemę"@cu	<http://ids.clld.org/values/19-230-199-5>		<http://ids.clld.org/parameters/19-230>		<http://ids.clld.org/values/19-230-264-1>		"nerɨ"@cuj	
"pražiti"@cu	<http://ids.clld.org/values/5-230-199-3>		<http://ids.clld.org/parameters/5-230>		<http://ids.clld.org/values/5-230-264-1>		"xima"@cuj	
"svekry"@cu	<http://ids.clld.org/values/2-620-199-1>		<http://ids.clld.org/parameters/2-620>		<http://ids.clld.org/values/2-620-264-1>		"himaxiro"@cuj	
"dělŭ"@cu	<http://ids.clld.org/values/13-230-199-3>		<http://ids.clld.org/parameters/13-230>		<http://ids.clld.org/values/13-230-264-1>		"psoxi"@cuj	
"oko"@cu	<http://ids.clld.org/values/4-210-199-1>		<http://ids.clld.org/parameters/4-210>		<http://ids.clld.org/values/4-210-264-1>		"yhaľe"@cuj	
"oko"@cu	<http://ids.clld.org/values/4-210-199-1>		<http://ids.clld.org/parameters/4-210>		<http://ids.clld.org/values/4-210-264-3>		"ha"@cuj	
"gręsti"@cu	<http://ids.clld.org/values/10-480-199-3>		<http://ids.clld.org/parameters/10-480>		<http://ids.clld.org/values/10-480-264-1>		"hina"@cuj	
"kašĭljati"@cu	<http://ids.clld.org/values/4-530-199-1>		<http://ids.clld.org/parameters/4-530>		<http://ids.clld.org/values/4-530-264-1>		"hethota"@cuj	
"rąka"@cu	<http://ids.clld.org/values/4-330-199-1>		<http://ids.clld.org/parameters/4-330>		<http://ids.clld.org/values/4-330-264-1>		"myo"@cuj	
"bělŭ"@cu	<http://ids.clld.org/values/15-640-199-1>		<http://ids.clld.org/parameters/15-640>		<http://ids.clld.org/values/15-640-264-1>		"kľata"@cuj	
"krajĭ"@cu	<http://ids.clld.org/values/12-353-199-3>		<http://ids.clld.org/parameters/12-353>		<http://ids.clld.org/values/12-353-264-1>		"spɨ ~ špɨ"@cuj	
"jelenĭ"@cu	<http://ids.clld.org/values/3-750-199-1>		<http://ids.clld.org/parameters/3-750>		<http://ids.clld.org/values/3-750-264-1>		"kšote-rɨ"@cuj	
"sŭsŭ"@cu	<http://ids.clld.org/values/4-410-199-1>		<http://ids.clld.org/parameters/4-410>		<http://ids.clld.org/values/4-410-264-1>		"sta"@cuj	
"sŭsŭ"@cu	<http://ids.clld.org/values/4-410-199-1>		<http://ids.clld.org/parameters/4-410>		<http://ids.clld.org/values/4-410-264-3>		"t-nɨ"@cuj	
"kurę"@cu	<http://ids.clld.org/values/3-550-199-1>		<http://ids.clld.org/parameters/3-550>		<http://ids.clld.org/values/3-550-264-1>		"hatʸawripa"@cuj	
"lěkŭ"@cu	<http://ids.clld.org/values/4-880-199-3>		<http://ids.clld.org/parameters/4-880>		<http://ids.clld.org/values/4-880-264-3>		"pinrɨ"@cuj	
"lěkŭ"@cu	<http://ids.clld.org/values/4-880-199-3>		<http://ids.clld.org/parameters/4-880>		<http://ids.clld.org/values/4-880-264-1>		"pini-"@cuj	
"bolěznĭ"@cu	<http://ids.clld.org/values/4-840-199-3>		<http://ids.clld.org/parameters/4-840>		<http://ids.clld.org/values/4-840-264-1>		"kapo-haľɨ"@cuj	
"bolěznĭ"@cu	<http://ids.clld.org/values/4-840-199-3>		<http://ids.clld.org/parameters/4-840>		<http://ids.clld.org/values/4-840-264-3>		"poha"@cuj	
"poletěti"@cu	<http://ids.clld.org/values/10-370-199-1>		<http://ids.clld.org/parameters/10-370>		<http://ids.clld.org/values/10-370-264-1>		"haľna"@cuj	
"sinĭ"@cu	<http://ids.clld.org/values/15-670-199-1>		<http://ids.clld.org/parameters/15-670>		<http://ids.clld.org/values/15-670-264-1>		"poľe"@cuj	
"brŭvĭ"@cu	<http://ids.clld.org/values/4-212-199-1>		<http://ids.clld.org/parameters/4-212>		<http://ids.clld.org/values/4-212-264-1>		"šawrɨ-ha"@cuj	
"črěvo"@cu	<http://ids.clld.org/values/4-460-199-1>		<http://ids.clld.org/parameters/4-460>		<http://ids.clld.org/values/4-460-264-1>		"hička-mapa"@cuj	
"nedągŭ"@cu	<http://ids.clld.org/values/4-840-199-5>		<http://ids.clld.org/parameters/4-840>		<http://ids.clld.org/values/4-840-264-1>		"kapo-haľɨ"@cuj	
"nedągŭ"@cu	<http://ids.clld.org/values/4-840-199-5>		<http://ids.clld.org/parameters/4-840>		<http://ids.clld.org/values/4-840-264-3>		"poha"@cuj	
"strachŭ"@cu	<http://ids.clld.org/values/16-530-199-1>		<http://ids.clld.org/parameters/16-530>		<http://ids.clld.org/values/16-530-264-1>		"pika"@cuj	
"mąžĭ"@cu	<http://ids.clld.org/values/2-210-199-1>		<http://ids.clld.org/parameters/2-210>		<http://ids.clld.org/values/2-210-264-1>		"xexi"@cuj	
"ząbŭ"@cu	<http://ids.clld.org/values/4-270-199-1>		<http://ids.clld.org/parameters/4-270>		<http://ids.clld.org/values/4-270-264-1>		"yhi"@cuj	
"vreteno"@cu	<http://ids.clld.org/values/6-320-199-1>		<http://ids.clld.org/parameters/6-320>		<http://ids.clld.org/values/6-320-264-1>		"xiwe-ta"@cuj	
"voda"@cu	<http://ids.clld.org/values/1-310-199-1>		<http://ids.clld.org/parameters/1-310>		<http://ids.clld.org/values/1-310-264-1>		"ha"@cuj	
"voda"@cu	<http://ids.clld.org/values/1-310-199-1>		<http://ids.clld.org/parameters/1-310>		<http://ids.clld.org/values/1-310-264-3>		"honɨ"@cuj	
"ljudĭje"@cu	<http://ids.clld.org/values/19-210-199-1>		<http://ids.clld.org/parameters/19-210>		<http://ids.clld.org/values/19-210-264-1>		"yine"@cuj	
"oblakŭ"@cu	<http://ids.clld.org/values/1-730-199-1>		<http://ids.clld.org/parameters/1-730>		<http://ids.clld.org/values/1-730-264-1>		"kyačhapererɨmko"@cuj	
"věja"@cu	<http://ids.clld.org/values/8-550-199-3>		<http://ids.clld.org/parameters/8-550>		<http://ids.clld.org/values/8-550-264-5>		"xe"@cuj	
"věja"@cu	<http://ids.clld.org/values/8-550-199-3>		<http://ids.clld.org/parameters/8-550>		<http://ids.clld.org/values/8-550-264-3>		"c̷ki"@cuj	
"věja"@cu	<http://ids.clld.org/values/8-550-199-3>		<http://ids.clld.org/parameters/8-550>		<http://ids.clld.org/values/8-550-264-1>		"pľɨ"@cuj	
"glina"@cu	<http://ids.clld.org/values/9-730-199-1>		<http://ids.clld.org/parameters/9-730>		<http://ids.clld.org/values/9-730-264-1>		"tawna"@cuj	
"glina"@cu	<http://ids.clld.org/values/9-730-199-1>		<http://ids.clld.org/parameters/9-730>		<http://ids.clld.org/values/9-730-264-3>		"taši"@cuj	
"zvězda"@cu	<http://ids.clld.org/values/1-540-199-1>		<http://ids.clld.org/parameters/1-540>		<http://ids.clld.org/values/1-540-264-1>		"katahiri"@cuj	
"gvozdĭ"@cu	<http://ids.clld.org/values/9-500-199-1>		<http://ids.clld.org/parameters/9-500>		<http://ids.clld.org/values/9-500-264-1>		"[kľawo]"@cuj	
"tokŭ"@cu	<http://ids.clld.org/values/1-360-199-3>		<http://ids.clld.org/parameters/1-360>		<http://ids.clld.org/values/1-360-264-3>		"hapha"@cuj	
"tokŭ"@cu	<http://ids.clld.org/values/1-360-199-3>		<http://ids.clld.org/parameters/1-360>		<http://ids.clld.org/values/1-360-264-1>		"wenɨ"@cuj	
"pluti"@cu	<http://ids.clld.org/values/10-340-199-1>		<http://ids.clld.org/parameters/10-340>		<http://ids.clld.org/values/10-340-264-1>		"hikmahata"@cuj	
"šujĭ"@cu	<http://ids.clld.org/values/12-420-199-1>		<http://ids.clld.org/parameters/12-420>		<http://ids.clld.org/values/12-420-264-1>		"kehnete"@cuj	
"potokŭ"@cu	<http://ids.clld.org/values/1-360-199-5>		<http://ids.clld.org/parameters/1-360>		<http://ids.clld.org/values/1-360-264-3>		"hapha"@cuj	
"potokŭ"@cu	<http://ids.clld.org/values/1-360-199-5>		<http://ids.clld.org/parameters/1-360>		<http://ids.clld.org/values/1-360-264-1>		"wenɨ"@cuj	
"prĭstŭ"@cu	<http://ids.clld.org/values/4-340-199-3>		<http://ids.clld.org/parameters/4-340>		<http://ids.clld.org/values/4-340-264-1>		"myoxi"@cuj	
"črŭvĭ"@cu	<http://ids.clld.org/values/3-840-199-1>		<http://ids.clld.org/parameters/3-840>		<http://ids.clld.org/values/3-840-264-1>		"c̷omi"@cuj	
"*igŭla"@cu	<http://ids.clld.org/values/6-360-199-1>		<http://ids.clld.org/parameters/6-360>		<http://ids.clld.org/values/6-360-264-1>		"c̷apɨ"@cuj	
"sŭsati"@cu	<http://ids.clld.org/values/5-160-199-1>		<http://ids.clld.org/parameters/5-160>		<http://ids.clld.org/values/5-160-264-1>		"haši-ča"@cuj	
"zidŭ"@cu	<http://ids.clld.org/values/7-270-199-1>		<http://ids.clld.org/parameters/7-270>		<http://ids.clld.org/values/7-270-264-1>		"prixerɨ"@cuj	
"loza"@cu	<http://ids.clld.org/values/8-670-199-1>		<http://ids.clld.org/parameters/8-670>		<http://ids.clld.org/values/8-670-264-3>		"haha-pi-c̷a"@cuj	
"loza"@cu	<http://ids.clld.org/values/8-670-199-1>		<http://ids.clld.org/parameters/8-670>		<http://ids.clld.org/values/8-670-264-1>		"c̷a-pi"@cuj	
"lono"@cu	<http://ids.clld.org/values/4-490-199-5>		<http://ids.clld.org/parameters/4-490>		<http://ids.clld.org/values/4-490-264-3>		"naxi"@cuj	
"lono"@cu	<http://ids.clld.org/values/4-490-199-5>		<http://ids.clld.org/parameters/4-490>		<http://ids.clld.org/values/4-490-264-1>		"hexha-naxi"@cuj	
"dobrŭ"@cu	<http://ids.clld.org/values/16-710-199-1>		<http://ids.clld.org/parameters/16-710>		<http://ids.clld.org/values/16-710-264-1>		"kihľe"@cuj	
"lizati"@cu	<http://ids.clld.org/values/4-590-199-1>		<http://ids.clld.org/parameters/4-590>		<http://ids.clld.org/values/4-590-264-1>		"hemroka"@cuj	
"lajĭno"@cu	<http://ids.clld.org/values/4-660-199-5>		<http://ids.clld.org/parameters/4-660>		<http://ids.clld.org/values/4-660-264-1>		"hička-ta"@cuj	
"gluchŭ"@cu	<http://ids.clld.org/values/4-950-199-1>		<http://ids.clld.org/parameters/4-950>		<http://ids.clld.org/values/4-950-264-1>		"[mašonti]"@cuj	
"noga"@cu	<http://ids.clld.org/values/4-370-199-1>		<http://ids.clld.org/parameters/4-370>		<http://ids.clld.org/values/4-370-264-1>		"xitʸi"@cuj	
"kŭžĭdo"@cu	<http://ids.clld.org/values/13-140-199-3>		<http://ids.clld.org/parameters/13-140>		<http://ids.clld.org/values/13-140-264-3>		"ptowrɨ"@cuj	
"kŭžĭdo"@cu	<http://ids.clld.org/values/13-140-199-3>		<http://ids.clld.org/parameters/13-140>		<http://ids.clld.org/values/13-140-264-1>		"pexnɨ"@cuj	
"strana"@cu	<http://ids.clld.org/values/12-360-199-3>		<http://ids.clld.org/parameters/12-360>		<http://ids.clld.org/values/12-360-264-1>		"tamnɨ"@cuj	
"jędza"@cu	<http://ids.clld.org/values/4-840-199-7>		<http://ids.clld.org/parameters/4-840>		<http://ids.clld.org/values/4-840-264-1>		"kapo-haľɨ"@cuj	
"jędza"@cu	<http://ids.clld.org/values/4-840-199-7>		<http://ids.clld.org/parameters/4-840>		<http://ids.clld.org/values/4-840-264-3>		"poha"@cuj	
"listŭ"@cu	<http://ids.clld.org/values/8-560-199-1>		<http://ids.clld.org/parameters/8-560>		<http://ids.clld.org/values/8-560-264-1>		"sɨre"@cuj	
"nebo"@cu	<http://ids.clld.org/values/1-510-199-1>		<http://ids.clld.org/parameters/1-510>		<http://ids.clld.org/values/1-510-264-1>		"teno"@cuj	
"nebo"@cu	<http://ids.clld.org/values/1-510-199-1>		<http://ids.clld.org/parameters/1-510>		<http://ids.clld.org/values/1-510-264-3>		"tenhohne"@cuj	
"vŭzlysŭ"@cu	<http://ids.clld.org/values/4-930-199-1>		<http://ids.clld.org/parameters/4-930>		<http://ids.clld.org/values/4-930-264-1>		"hopoľha"@cuj	
"malŭ"@cu	<http://ids.clld.org/values/12-560-199-1>		<http://ids.clld.org/parameters/12-560>		<http://ids.clld.org/values/12-560-264-1>		"mtɨ-rɨ"@cuj	
"mlěko"@cu	<http://ids.clld.org/values/5-860-199-1>		<http://ids.clld.org/parameters/5-860>		<http://ids.clld.org/values/5-860-264-1>		"t-nɨ-ha"@cuj	
"neprazdĭna"@cu	<http://ids.clld.org/values/4-730-199-1>		<http://ids.clld.org/parameters/4-730>		<http://ids.clld.org/values/4-730-264-1>		"mɨšiwata"@cuj	
"duchŭ"@cu	<http://ids.clld.org/values/4-510-199-5>		<http://ids.clld.org/parameters/4-510>		<http://ids.clld.org/values/4-510-264-3>		"nˑiphya"@cuj	
"duchŭ"@cu	<http://ids.clld.org/values/4-510-199-5>		<http://ids.clld.org/parameters/4-510>		<http://ids.clld.org/values/4-510-264-1>		"hinˑiphya"@cuj	
"rebra"@cu	<http://ids.clld.org/values/12-360-199-1>		<http://ids.clld.org/parameters/12-360>		<http://ids.clld.org/values/12-360-264-1>		"tamnɨ"@cuj	
"bogatŭ"@cu	<http://ids.clld.org/values/11-510-199-1>		<http://ids.clld.org/parameters/11-510>		<http://ids.clld.org/values/11-510-264-1>		"poniko"@cuj	
"isto"@cu	<http://ids.clld.org/values/4-490-199-1>		<http://ids.clld.org/parameters/4-490>		<http://ids.clld.org/values/4-490-264-3>		"naxi"@cuj	
"isto"@cu	<http://ids.clld.org/values/4-490-199-1>		<http://ids.clld.org/parameters/4-490>		<http://ids.clld.org/values/4-490-264-1>		"hexha-naxi"@cuj	
"chartija"@cu	<http://ids.clld.org/values/18-560-199-1>		<http://ids.clld.org/parameters/18-560>		<http://ids.clld.org/values/18-560-264-1>		"[kirɨka]"@cuj	
"srŭdĭce"@cu	<http://ids.clld.org/values/4-440-199-1>		<http://ids.clld.org/parameters/4-440>		<http://ids.clld.org/values/4-440-264-1>		"haxi"@cuj	
"odrŭ"@cu	<http://ids.clld.org/values/7-420-199-1>		<http://ids.clld.org/parameters/7-420>		<http://ids.clld.org/values/7-420-264-1>		"xeko"@cuj	
"gorĭkŭ"@cu	<http://ids.clld.org/values/15-370-199-1>		<http://ids.clld.org/parameters/15-370>		<http://ids.clld.org/values/15-370-264-1>		"psaľo"@cuj	
"plŭtĭ"@cu	<http://ids.clld.org/values/4-130-199-1>		<http://ids.clld.org/parameters/4-130>		<http://ids.clld.org/values/4-130-264-1>		"hitɨ"@cuj	
"lobŭzati"@cu	<http://ids.clld.org/values/16-290-199-1>		<http://ids.clld.org/parameters/16-290>		<http://ids.clld.org/values/16-290-264-1>		"hamľɨta"@cuj	
"lobŭzati"@cu	<http://ids.clld.org/values/16-290-199-1>		<http://ids.clld.org/parameters/16-290>		<http://ids.clld.org/values/16-290-264-3>		"hapčoka"@cuj	
"pluti"@cu	<http://ids.clld.org/values/10-320-199-3>		<http://ids.clld.org/parameters/10-320>		<http://ids.clld.org/values/10-320-264-1>		"ha-po-ha-ta"@cuj	
"očesŭ"@cu	<http://ids.clld.org/values/4-180-199-3>		<http://ids.clld.org/parameters/4-180>		<http://ids.clld.org/values/4-180-264-1>		"nši"@cuj	
"ratĭ"@cu	<http://ids.clld.org/values/20-130-199-3>		<http://ids.clld.org/parameters/20-130>		<http://ids.clld.org/values/20-130-264-1>		"hiyľaľɨ"@cuj	
"synŭ"@cu	<http://ids.clld.org/values/2-410-199-1>		<http://ids.clld.org/parameters/2-410>		<http://ids.clld.org/values/2-410-264-1>		"tɨrɨ ~ hitɨrɨ"@cuj	
"pasti"@cu	<http://ids.clld.org/values/10-230-199-1>		<http://ids.clld.org/parameters/10-230>		<http://ids.clld.org/values/10-230-264-1>		"hixrɨ-ka"@cuj	
"stojati"@cu	<http://ids.clld.org/values/12-150-199-1>		<http://ids.clld.org/parameters/12-150>		<http://ids.clld.org/values/12-150-264-1>		"tɨn-wa-ta"@cuj	
"vŭžešti"@cu	<http://ids.clld.org/values/1-860-199-1>		<http://ids.clld.org/parameters/1-860>		<http://ids.clld.org/values/1-860-264-3>		"tʸirna"@cuj	
"vŭžešti"@cu	<http://ids.clld.org/values/1-860-199-1>		<http://ids.clld.org/parameters/1-860>		<http://ids.clld.org/values/1-860-264-1>		"tʸirika"@cuj	
"trĭje"@cu	<http://ids.clld.org/values/13-30-199-1>		<http://ids.clld.org/parameters/13-30>		<http://ids.clld.org/values/13-30-264-1>		"mapa"@cuj	
"sadŭ"@cu	<http://ids.clld.org/values/8-530-199-1>		<http://ids.clld.org/parameters/8-530>		<http://ids.clld.org/values/8-530-264-1>		"hita-ka"@cuj	
"jazva"@cu	<http://ids.clld.org/values/4-850-199-3>		<http://ids.clld.org/parameters/4-850>		<http://ids.clld.org/values/4-850-264-3>		"poc̷re"@cuj	
"jazva"@cu	<http://ids.clld.org/values/4-850-199-3>		<http://ids.clld.org/parameters/4-850>		<http://ids.clld.org/values/4-850-264-1>		"tre"@cuj	
"pastorŭku"@cu	<http://ids.clld.org/values/2-730-199-1>		<http://ids.clld.org/parameters/2-730>		<http://ids.clld.org/values/2-730-264-1>		"kosčekyehrerɨ"@cuj	
"trava"@cu	<http://ids.clld.org/values/8-510-199-1>		<http://ids.clld.org/parameters/8-510>		<http://ids.clld.org/values/8-510-264-3>		"kac̷-ľɨ"@cuj	
"trava"@cu	<http://ids.clld.org/values/8-510-199-1>		<http://ids.clld.org/parameters/8-510>		<http://ids.clld.org/values/8-510-264-1>		"pekľo"@cuj	
"vrŭvĭ"@cu	<http://ids.clld.org/values/9-190-199-1>		<http://ids.clld.org/parameters/9-190>		<http://ids.clld.org/values/9-190-264-1>		"c̷a"@cuj	
"dŭšti"@cu	<http://ids.clld.org/values/2-420-199-1>		<http://ids.clld.org/parameters/2-420>		<http://ids.clld.org/values/2-420-264-1>		"šičo ~ nšičo"@cuj	
"strastĭ"@cu	<http://ids.clld.org/values/16-310-199-3>		<http://ids.clld.org/parameters/16-310>		<http://ids.clld.org/values/16-310-264-1>		"čino"@cuj	
"silĭnŭ"@cu	<http://ids.clld.org/values/4-810-199-3>		<http://ids.clld.org/parameters/4-810>		<http://ids.clld.org/values/4-810-264-1>		"hičko"@cuj	
"sladŭkŭ"@cu	<http://ids.clld.org/values/15-350-199-1>		<http://ids.clld.org/parameters/15-350>		<http://ids.clld.org/values/15-350-264-1>		"počwa-ľɨ"@cuj	
"umoriti"@cu	<http://ids.clld.org/values/4-760-199-3>		<http://ids.clld.org/parameters/4-760>		<http://ids.clld.org/values/4-760-264-3>		"kama-ka-ta"@cuj	
"umoriti"@cu	<http://ids.clld.org/values/4-760-199-3>		<http://ids.clld.org/parameters/4-760>		<http://ids.clld.org/values/4-760-264-1>		"hiyľata"@cuj	
"*mądo"@cu	<http://ids.clld.org/values/4-490-199-3>		<http://ids.clld.org/parameters/4-490>		<http://ids.clld.org/values/4-490-264-3>		"naxi"@cuj	
"*mądo"@cu	<http://ids.clld.org/values/4-490-199-3>		<http://ids.clld.org/parameters/4-490>		<http://ids.clld.org/values/4-490-264-1>		"hexha-naxi"@cuj	
"zemlja"@cu	<http://ids.clld.org/values/1-210-199-1>		<http://ids.clld.org/parameters/1-210>		<http://ids.clld.org/values/1-210-264-1>		"čixi"@cuj	
"jedinŭ"@cu	<http://ids.clld.org/values/13-330-199-1>		<http://ids.clld.org/parameters/13-330>		<http://ids.clld.org/values/13-330-264-1>		"pxe ~ pxa"@cuj	
"prŭstŭ (?)"@cu	<http://ids.clld.org/values/4-380-199-1>		<http://ids.clld.org/parameters/4-380>		<http://ids.clld.org/values/4-380-264-1>		"xitʸi-xi"@cuj	
"pogreti"@cu	<http://ids.clld.org/values/4-780-199-1>		<http://ids.clld.org/parameters/4-780>		<http://ids.clld.org/values/4-780-264-1>		"kapnata"@cuj	
"bolěznĭ"@cu	<http://ids.clld.org/values/16-310-199-1>		<http://ids.clld.org/parameters/16-310>		<http://ids.clld.org/values/16-310-264-1>		"čino"@cuj	
"językŭ"@cu	<http://ids.clld.org/values/4-260-199-1>		<http://ids.clld.org/parameters/4-260>		<http://ids.clld.org/values/4-260-264-1>		"nnɨ"@cuj	
"lěto"@cu	<http://ids.clld.org/values/14-730-199-1>		<http://ids.clld.org/parameters/14-730>		<http://ids.clld.org/values/14-730-264-1>		"waľapɨ"@cuj	
"vĭdova"@cu	<http://ids.clld.org/values/2-760-199-1>		<http://ids.clld.org/parameters/2-760>		<http://ids.clld.org/values/2-760-264-1>		"hipnahnɨrɨtačro"@cuj	
"mlŭnĭjĭ"@cu	<http://ids.clld.org/values/1-550-199-1>		<http://ids.clld.org/parameters/1-550>		<http://ids.clld.org/values/1-550-264-1>		"rawrakľe"@cuj	
"priti"@cu	<http://ids.clld.org/values/10-550-199-1>		<http://ids.clld.org/parameters/10-550>		<http://ids.clld.org/values/10-550-264-1>		"ha-po-ka"@cuj	
"tęžĭkŭ"@cu	<http://ids.clld.org/values/15-810-199-1>		<http://ids.clld.org/parameters/15-810>		<http://ids.clld.org/values/15-810-264-1>		"hi-no-ľɨ"@cuj	
"rĭvĭnĭje"@cu	<http://ids.clld.org/values/16-440-199-3>		<http://ids.clld.org/parameters/16-440>		<http://ids.clld.org/values/16-440-264-3>		"hokči"@cuj	
"rĭvĭnĭje"@cu	<http://ids.clld.org/values/16-440-199-3>		<http://ids.clld.org/parameters/16-440>		<http://ids.clld.org/values/16-440-264-1>		"hoktata"@cuj	
"plavati"@cu	<http://ids.clld.org/values/10-340-199-3>		<http://ids.clld.org/parameters/10-340>		<http://ids.clld.org/values/10-340-264-1>		"hikmahata"@cuj	
"koža"@cu	<http://ids.clld.org/values/4-120-199-1>		<http://ids.clld.org/parameters/4-120>		<http://ids.clld.org/values/4-120-264-1>		"nikči-mta"@cuj	
"koža"@cu	<http://ids.clld.org/values/4-120-199-1>		<http://ids.clld.org/parameters/4-120>		<http://ids.clld.org/values/4-120-264-3>		"mta"@cuj	
"odežda"@cu	<http://ids.clld.org/values/6-120-199-1>		<http://ids.clld.org/parameters/6-120>		<http://ids.clld.org/values/6-120-264-1>		"mka"@cuj	
"myšĭca"@cu	<http://ids.clld.org/values/4-310-199-1>		<http://ids.clld.org/parameters/4-310>		<http://ids.clld.org/values/4-310-264-1>		"kano"@cuj	
"razuměti"@cu	<http://ids.clld.org/values/17-170-199-3>		<http://ids.clld.org/parameters/17-170>		<http://ids.clld.org/values/17-170-264-1>		"himata"@cuj	
"pljĭvati"@cu	<http://ids.clld.org/values/4-560-199-1>		<http://ids.clld.org/parameters/4-560>		<http://ids.clld.org/values/4-560-264-1>		"c̷kaha"@cuj	
"životŭ"@cu	<http://ids.clld.org/values/4-740-199-5>		<http://ids.clld.org/parameters/4-740>		<http://ids.clld.org/values/4-740-264-1>		"hiweka"@cuj	
"vĭrěti"@cu	<http://ids.clld.org/values/5-220-199-3>		<http://ids.clld.org/parameters/5-220>		<http://ids.clld.org/values/5-220-264-3>		"hixpaxpata"@cuj	
"vĭrěti"@cu	<http://ids.clld.org/values/5-220-199-3>		<http://ids.clld.org/parameters/5-220>		<http://ids.clld.org/values/5-220-264-1>		"ximľeka"@cuj	
"prinesti"@cu	<http://ids.clld.org/values/10-620-199-1>		<http://ids.clld.org/parameters/10-620>		<http://ids.clld.org/values/10-620-264-1>		"hwa-pa"@cuj	
"synovĭcĭ"@cu	<http://ids.clld.org/values/2-530-199-3>		<http://ids.clld.org/parameters/2-530>		<http://ids.clld.org/values/2-530-264-1>		"paľikľerɨ"@cuj	
"otrokŭ"@cu	<http://ids.clld.org/values/2-250-199-1>		<http://ids.clld.org/parameters/2-250>		<http://ids.clld.org/values/2-250-264-1>		"hexha"@cuj	
"ryba"@cu	<http://ids.clld.org/values/3-650-199-1>		<http://ids.clld.org/parameters/3-650>		<http://ids.clld.org/values/3-650-264-1>		"šima"@cuj	
"męso"@cu	<http://ids.clld.org/values/4-130-199-3>		<http://ids.clld.org/parameters/4-130>		<http://ids.clld.org/values/4-130-264-1>		"hitɨ"@cuj	
"šija"@cu	<http://ids.clld.org/values/4-280-199-3>		<http://ids.clld.org/parameters/4-280>		<http://ids.clld.org/values/4-280-264-1>		"noxi"@cuj	
"pěsŭkŭ"@cu	<http://ids.clld.org/values/1-215-199-1>		<http://ids.clld.org/parameters/1-215>		<http://ids.clld.org/values/1-215-264-1>		"ksatɨ"@cuj	
"blagŭ"@cu	<http://ids.clld.org/values/16-710-199-3>		<http://ids.clld.org/parameters/16-710>		<http://ids.clld.org/values/16-710-264-1>		"kihľe"@cuj	
"posagati"@cu	<http://ids.clld.org/values/2-330-199-3>		<http://ids.clld.org/parameters/2-330>		<http://ids.clld.org/values/2-330-264-1>		"kašimyota"@cuj	
"ostrovŭ"@cu	<http://ids.clld.org/values/1-250-199-3>		<http://ids.clld.org/parameters/1-250>		<http://ids.clld.org/values/1-250-264-1>		"kaniprekľi ~ kaniprekľɨ"@cuj	
"cvětŭ"@cu	<http://ids.clld.org/values/8-570-199-1>		<http://ids.clld.org/parameters/8-570>		<http://ids.clld.org/values/8-570-264-1>		"hwɨ ~ howɨ"@cuj	
"bojaznĭ"@cu	<http://ids.clld.org/values/16-530-199-3>		<http://ids.clld.org/parameters/16-530>		<http://ids.clld.org/values/16-530-264-1>		"pika"@cuj	
"pastorŭka"@cu	<http://ids.clld.org/values/2-740-199-1>		<http://ids.clld.org/parameters/2-740>		<http://ids.clld.org/values/2-740-264-1>		"kosčekyehrerɨ"@cuj	
"prizrakŭ"@cu	<http://ids.clld.org/values/22-450-199-1>		<http://ids.clld.org/parameters/22-450>		<http://ids.clld.org/values/22-450-264-1>		"samenɨ"@cuj	
"ujĭ"@cu	<http://ids.clld.org/values/2-510-199-3>		<http://ids.clld.org/parameters/2-510>		<http://ids.clld.org/values/2-510-264-1>		"hikoxirɨ"@cuj	
"gora"@cu	<http://ids.clld.org/values/1-220-199-1>		<http://ids.clld.org/parameters/1-220>		<http://ids.clld.org/values/1-220-264-3>		"pxita"@cuj	
"gora"@cu	<http://ids.clld.org/values/1-220-199-1>		<http://ids.clld.org/parameters/1-220>		<http://ids.clld.org/values/1-220-264-1>		"mahka"@cuj	
"męso"@cu	<http://ids.clld.org/values/5-610-199-1>		<http://ids.clld.org/parameters/5-610>		<http://ids.clld.org/values/5-610-264-1>		"nikči-hitɨ"@cuj	
"ognĭ"@cu	<http://ids.clld.org/values/1-810-199-1>		<http://ids.clld.org/parameters/1-810>		<http://ids.clld.org/values/1-810-264-1>		"yošika"@cuj	
"črĭvenŭ"@cu	<http://ids.clld.org/values/15-660-199-3>		<http://ids.clld.org/parameters/15-660>		<http://ids.clld.org/values/15-660-264-1>		"sero"@cuj	
"dvorŭ"@cu	<http://ids.clld.org/values/7-150-199-1>		<http://ids.clld.org/parameters/7-150>		<http://ids.clld.org/values/7-150-264-1>		"pɨtɨ"@cuj	
"sąprągŭ"@cu	<http://ids.clld.org/values/2-320-199-3>		<http://ids.clld.org/parameters/2-320>		<http://ids.clld.org/values/2-320-264-1>		"hanɨnro ~ hnɨnro"@cuj	
"lěvŭ"@cu	<http://ids.clld.org/values/12-420-199-3>		<http://ids.clld.org/parameters/12-420>		<http://ids.clld.org/values/12-420-264-1>		"kehnete"@cuj	
"ostrĭje"@cu	<http://ids.clld.org/values/12-353-199-1>		<http://ids.clld.org/parameters/12-353>		<http://ids.clld.org/values/12-353-264-1>		"spɨ ~ špɨ"@cuj	
"chramŭ"@cu	<http://ids.clld.org/values/7-120-199-3>		<http://ids.clld.org/parameters/7-120>		<http://ids.clld.org/values/7-120-264-3>		"pxi"@cuj	
"chramŭ"@cu	<http://ids.clld.org/values/7-120-199-3>		<http://ids.clld.org/parameters/7-120>		<http://ids.clld.org/values/7-120-264-1>		"panči"@cuj	
"rąžĭnŭ"@cu	<http://ids.clld.org/values/16-820-199-1>		<http://ids.clld.org/parameters/16-820>		<http://ids.clld.org/values/16-820-264-1>		"hiktɨ"@cuj	
"mělŭkŭ"@cu	<http://ids.clld.org/values/12-680-199-1>		<http://ids.clld.org/parameters/12-680>		<http://ids.clld.org/values/12-680-264-1>		"merpi"@cuj	
"ramo"@cu	<http://ids.clld.org/values/4-300-199-1>		<http://ids.clld.org/parameters/4-300>		<http://ids.clld.org/values/4-300-264-3>		"thana"@cuj	
"ramo"@cu	<http://ids.clld.org/values/4-300-199-1>		<http://ids.clld.org/parameters/4-300>		<http://ids.clld.org/values/4-300-264-1>		"sko-thana"@cuj	
"igrati"@cu	<http://ids.clld.org/values/16-260-199-1>		<http://ids.clld.org/parameters/16-260>		<http://ids.clld.org/values/16-260-264-1>		"hapnoka-wa-ta"@cuj	
"pŭta"@cu	<http://ids.clld.org/values/3-581-199-1>		<http://ids.clld.org/parameters/3-581>		<http://ids.clld.org/values/3-581-264-1>		"koši-či"@cuj	
"tvoriti"@cu	<http://ids.clld.org/values/9-110-199-1>		<http://ids.clld.org/parameters/9-110>		<http://ids.clld.org/values/9-110-264-1>		"kam-rɨ-ta"@cuj	
"prachŭ"@cu	<http://ids.clld.org/values/1-213-199-1>		<http://ids.clld.org/parameters/1-213>		<http://ids.clld.org/values/1-213-264-1>		"pahi"@cuj	
"mąžĭ"@cu	<http://ids.clld.org/values/2-310-199-1>		<http://ids.clld.org/parameters/2-310>		<http://ids.clld.org/values/2-310-264-1>		"hanɨ-rɨ"@cuj	
"podŭ"@cu	<http://ids.clld.org/values/7-260-199-1>		<http://ids.clld.org/parameters/7-260>		<http://ids.clld.org/values/7-260-264-1>		"čiximta"@cuj	
"žĭrěti"@cu	<http://ids.clld.org/values/15-520-199-1>		<http://ids.clld.org/parameters/15-520>		<http://ids.clld.org/values/15-520-264-1>		"heta"@cuj	
"črŭmĭnŭ"@cu	<http://ids.clld.org/values/15-660-199-1>		<http://ids.clld.org/parameters/15-660>		<http://ids.clld.org/values/15-660-264-1>		"sero"@cuj	
"sŭpati"@cu	<http://ids.clld.org/values/4-610-199-1>		<http://ids.clld.org/parameters/4-610>		<http://ids.clld.org/values/4-610-264-1>		"himka ~ himaka"@cuj	
"duša"@cu	<http://ids.clld.org/values/16-110-199-1>		<http://ids.clld.org/parameters/16-110>		<http://ids.clld.org/values/16-110-264-1>		"kam-či"@cuj	
"(o)kruglŭ"@cu	<http://ids.clld.org/values/12-810-199-1>		<http://ids.clld.org/parameters/12-810>		<http://ids.clld.org/values/12-810-264-1>		"po-pro-ľo-ľɨ"@cuj	
"mati"@cu	<http://ids.clld.org/values/2-360-199-1>		<http://ids.clld.org/parameters/2-360>		<http://ids.clld.org/values/2-360-264-3>		"hin-ro"@cuj	
"mati"@cu	<http://ids.clld.org/values/2-360-199-1>		<http://ids.clld.org/parameters/2-360>		<http://ids.clld.org/values/2-360-264-1>		"nato"@cuj	
"vlasŭ"@cu	<http://ids.clld.org/values/4-140-199-1>		<http://ids.clld.org/parameters/4-140>		<http://ids.clld.org/values/4-140-264-1>		"xiwɨ-c̷a"@cuj	
"žena"@cu	<http://ids.clld.org/values/2-320-199-1>		<http://ids.clld.org/parameters/2-320>		<http://ids.clld.org/values/2-320-264-1>		"hanɨnro ~ hnɨnro"@cuj	
"zlato"@cu	<http://ids.clld.org/values/9-640-199-1>		<http://ids.clld.org/parameters/9-640>		<http://ids.clld.org/values/9-640-264-1>		"kori"@cuj	
"grobŭ"@cu	<http://ids.clld.org/values/4-790-199-1>		<http://ids.clld.org/parameters/4-790>		<http://ids.clld.org/values/4-790-264-1>		"yomľe"@cuj	
"tĭma"@cu	<http://ids.clld.org/values/1-620-199-1>		<http://ids.clld.org/parameters/1-620>		<http://ids.clld.org/values/1-620-264-1>		"yačhe"@cuj	
"tĭma"@cu	<http://ids.clld.org/values/1-620-199-1>		<http://ids.clld.org/parameters/1-620>		<http://ids.clld.org/values/1-620-264-3>		"yačnewľɨ"@cuj	
"duchati"@cu	<http://ids.clld.org/values/10-380-199-1>		<http://ids.clld.org/parameters/10-380>		<http://ids.clld.org/values/10-380-264-1>		"haxpoka"@cuj	
"ajĭce"@cu	<http://ids.clld.org/values/5-970-199-1>		<http://ids.clld.org/parameters/5-970>		<http://ids.clld.org/values/5-970-264-1>		"naxi"@cuj	
"kotŭka"@cu	<http://ids.clld.org/values/3-620-199-1>		<http://ids.clld.org/parameters/3-620>		<http://ids.clld.org/values/3-620-264-1>		"mišito"@cuj	
"zvąkŭ"@cu	<http://ids.clld.org/values/15-440-199-3>		<http://ids.clld.org/parameters/15-440>		<http://ids.clld.org/values/15-440-264-1>		"hima"@cuj	
"pątĭ"@cu	<http://ids.clld.org/values/10-710-199-1>		<http://ids.clld.org/parameters/10-710>		<http://ids.clld.org/values/10-710-264-1>		"hapo"@cuj	
"pątĭ"@cu	<http://ids.clld.org/values/10-710-199-1>		<http://ids.clld.org/parameters/10-710>		<http://ids.clld.org/values/10-710-264-3>		"hatnɨ"@cuj	
"otročę"@cu	<http://ids.clld.org/values/2-280-199-1>		<http://ids.clld.org/parameters/2-280>		<http://ids.clld.org/values/2-280-264-1>		"mtɨ-rɨ"@cuj	
"gnojĭ"@cu	<http://ids.clld.org/values/4-660-199-1>		<http://ids.clld.org/parameters/4-660>		<http://ids.clld.org/values/4-660-264-1>		"hička-ta"@cuj	
"(prě)smykati sę"@cu	<http://ids.clld.org/values/10-410-199-3>		<http://ids.clld.org/parameters/10-410>		<http://ids.clld.org/values/10-410-264-1>		"kamita"@cuj	
"stryjĭ"@cu	<http://ids.clld.org/values/2-510-199-1>		<http://ids.clld.org/parameters/2-510>		<http://ids.clld.org/values/2-510-264-1>		"hikoxirɨ"@cuj	
"riza"@cu	<http://ids.clld.org/values/6-120-199-3>		<http://ids.clld.org/parameters/6-120>		<http://ids.clld.org/values/6-120-264-1>		"mka"@cuj	
"dělo"@cu	<http://ids.clld.org/values/9-120-199-3>		<http://ids.clld.org/parameters/9-120>		<http://ids.clld.org/values/9-120-264-1>		"kamrɨrči"@cuj	
"choditi"@cu	<http://ids.clld.org/values/10-450-199-3>		<http://ids.clld.org/parameters/10-450>		<http://ids.clld.org/values/10-450-264-1>		"yana"@cuj	
"sŭmotriti"@cu	<http://ids.clld.org/values/15-520-199-5>		<http://ids.clld.org/parameters/15-520>		<http://ids.clld.org/values/15-520-264-1>		"heta"@cuj	
"neistovŭ"@cu	<http://ids.clld.org/values/17-230-199-1>		<http://ids.clld.org/parameters/17-230>		<http://ids.clld.org/values/17-230-264-1>		"sepro"@cuj	
"sěděti"@cu	<http://ids.clld.org/values/12-130-199-1>		<http://ids.clld.org/parameters/12-130>		<http://ids.clld.org/values/12-130-264-1>		"tɨpľa-ta"@cuj	
"krabĭjĭ"@cu	<http://ids.clld.org/values/9-760-199-3>		<http://ids.clld.org/parameters/9-760>		<http://ids.clld.org/values/9-760-264-1>		"koxi-ta"@cuj	
"rasti"@cu	<http://ids.clld.org/values/12-530-199-1>		<http://ids.clld.org/parameters/12-530>		<http://ids.clld.org/values/12-530-264-1>		"c̷erɨwna"@cuj	
"roditi"@cu	<http://ids.clld.org/values/4-720-199-1>		<http://ids.clld.org/parameters/4-720>		<http://ids.clld.org/values/4-720-264-1>		"hišpaka"@cuj	
"starŭ"@cu	<http://ids.clld.org/values/14-150-199-3>		<http://ids.clld.org/parameters/14-150>		<http://ids.clld.org/values/14-150-264-1>		"c̷-rɨ"@cuj	
"žena"@cu	<http://ids.clld.org/values/2-220-199-1>		<http://ids.clld.org/parameters/2-220>		<http://ids.clld.org/values/2-220-264-1>		"sɨtʸo"@cuj	
"krilo"@cu	<http://ids.clld.org/values/4-392-199-1>		<http://ids.clld.org/parameters/4-392>		<http://ids.clld.org/values/4-392-264-1>		"mexi"@cuj	
"trudĭnŭ"@cu	<http://ids.clld.org/values/4-910-199-3>		<http://ids.clld.org/parameters/4-910>		<http://ids.clld.org/values/4-910-264-1>		"hama"@cuj	
"trudĭnŭ"@cu	<http://ids.clld.org/values/4-910-199-3>		<http://ids.clld.org/parameters/4-910>		<http://ids.clld.org/values/4-910-264-3>		"hipčiha"@cuj	
"bliscanije"@cu	<http://ids.clld.org/values/1-550-199-3>		<http://ids.clld.org/parameters/1-550>		<http://ids.clld.org/values/1-550-264-1>		"rawrakľe"@cuj	
"kotora"@cu	<http://ids.clld.org/values/20-130-199-5>		<http://ids.clld.org/parameters/20-130>		<http://ids.clld.org/values/20-130-264-1>		"hiyľaľɨ"@cuj	
"mozgŭ"@cu	<http://ids.clld.org/values/4-203-199-1>		<http://ids.clld.org/parameters/4-203>		<http://ids.clld.org/values/4-203-264-1>		"hašiče"@cuj	
"pešti"@cu	<http://ids.clld.org/values/5-230-199-1>		<http://ids.clld.org/parameters/5-230>		<http://ids.clld.org/values/5-230-264-1>		"xima"@cuj	
"variti"@cu	<http://ids.clld.org/values/5-220-199-1>		<http://ids.clld.org/parameters/5-220>		<http://ids.clld.org/values/5-220-264-3>		"hixpaxpata"@cuj	
"variti"@cu	<http://ids.clld.org/values/5-220-199-1>		<http://ids.clld.org/parameters/5-220>		<http://ids.clld.org/values/5-220-264-1>		"ximľeka"@cuj	
"plakati (sę)"@cu	<http://ids.clld.org/values/16-370-199-1>		<http://ids.clld.org/parameters/16-370>		<http://ids.clld.org/values/16-370-264-3>		"sapľe"@cuj	
"plakati (sę)"@cu	<http://ids.clld.org/values/16-370-199-1>		<http://ids.clld.org/parameters/16-370>		<http://ids.clld.org/values/16-370-264-1>		"čiyaha-ta"@cuj	
"črŭnŭ"@cu	<http://ids.clld.org/values/15-650-199-1>		<http://ids.clld.org/parameters/15-650>		<http://ids.clld.org/values/15-650-264-1>		"ksaxi"@cuj	
"mucha"@cu	<http://ids.clld.org/values/3-830-199-1>		<http://ids.clld.org/parameters/3-830>		<http://ids.clld.org/values/3-830-264-3>		"yowini"@cuj	
"mucha"@cu	<http://ids.clld.org/values/3-830-199-1>		<http://ids.clld.org/parameters/3-830>		<http://ids.clld.org/values/3-830-264-1>		"xemxerne"@cuj	
"cěliti"@cu	<http://ids.clld.org/values/4-860-199-1>		<http://ids.clld.org/parameters/4-860>		<http://ids.clld.org/values/4-860-264-1>		"hic̷kaľaka"@cuj	
"dąbŭ"@cu	<http://ids.clld.org/values/8-600-199-3>		<http://ids.clld.org/parameters/8-600>		<http://ids.clld.org/values/8-600-264-1>		"hah-mɨna"@cuj	
"mrŭtvŭ"@cu	<http://ids.clld.org/values/4-750-199-3>		<http://ids.clld.org/parameters/4-750>		<http://ids.clld.org/values/4-750-264-1>		"hi-pna"@cuj	
"mrŭtvŭ"@cu	<http://ids.clld.org/values/4-750-199-3>		<http://ids.clld.org/parameters/4-750>		<http://ids.clld.org/values/4-750-264-3>		"hipɨka"@cuj	
"pěti"@cu	<http://ids.clld.org/values/18-120-199-1>		<http://ids.clld.org/parameters/18-120>		<http://ids.clld.org/values/18-120-264-1>		"šikaľe-ta"@cuj	
"nogŭtĭ"@cu	<http://ids.clld.org/values/4-344-199-1>		<http://ids.clld.org/parameters/4-344>		<http://ids.clld.org/values/4-344-264-1>		"sewata"@cuj	
"pitikŭ"@cu	<http://ids.clld.org/values/3-760-199-1>		<http://ids.clld.org/parameters/3-760>		<http://ids.clld.org/values/3-760-264-1>		"čko-tɨ"@cuj	
"sestričištĭ"@cu	<http://ids.clld.org/values/2-550-199-3>		<http://ids.clld.org/parameters/2-550>		<http://ids.clld.org/values/2-550-264-1>		"hanɨrɨ"@cuj	
"slyšati"@cu	<http://ids.clld.org/values/15-410-199-1>		<http://ids.clld.org/parameters/15-410>		<http://ids.clld.org/values/15-410-264-1>		"xema"@cuj	
"slyšati"@cu	<http://ids.clld.org/values/15-410-199-1>		<http://ids.clld.org/parameters/15-410>		<http://ids.clld.org/values/15-410-264-3>		"yixnakota"@cuj	
"jedinŭ"@cu	<http://ids.clld.org/values/13-10-199-1>		<http://ids.clld.org/parameters/13-10>		<http://ids.clld.org/values/13-10-264-3>		"satɨ"@cuj	
"jedinŭ"@cu	<http://ids.clld.org/values/13-10-199-1>		<http://ids.clld.org/parameters/13-10>		<http://ids.clld.org/values/13-10-264-1>		"pa"@cuj	
"viděti"@cu	<http://ids.clld.org/values/15-510-199-1>		<http://ids.clld.org/parameters/15-510>		<http://ids.clld.org/values/15-510-264-1>		"heta"@cuj	
"desnŭ"@cu	<http://ids.clld.org/values/12-410-199-1>		<http://ids.clld.org/parameters/12-410>		<http://ids.clld.org/values/12-410-264-1>		"potɨkľe"@cuj	
"rebro"@cu	<http://ids.clld.org/values/4-162-199-1>		<http://ids.clld.org/parameters/4-162>		<http://ids.clld.org/values/4-162-264-3>		"kwansat-hapɨ"@cuj	
"rebro"@cu	<http://ids.clld.org/values/4-162-199-1>		<http://ids.clld.org/parameters/4-162>		<http://ids.clld.org/values/4-162-264-1>		"kwansata"@cuj	
"zijati"@cu	<http://ids.clld.org/values/4-520-199-3>		<http://ids.clld.org/parameters/4-520>		<http://ids.clld.org/values/4-520-264-1>		"haphatata"@cuj	
"dychati"@cu	<http://ids.clld.org/values/4-510-199-1>		<http://ids.clld.org/parameters/4-510>		<http://ids.clld.org/values/4-510-264-3>		"nˑiphya"@cuj	
"dychati"@cu	<http://ids.clld.org/values/4-510-199-1>		<http://ids.clld.org/parameters/4-510>		<http://ids.clld.org/values/4-510-264-1>		"hinˑiphya"@cuj	
"dąbŭ"@cu	<http://ids.clld.org/values/1-420-199-3>		<http://ids.clld.org/parameters/1-420>		<http://ids.clld.org/values/1-420-264-3>		"hah-mɨna"@cuj	
"dąbŭ"@cu	<http://ids.clld.org/values/1-420-199-3>		<http://ids.clld.org/parameters/1-420>		<http://ids.clld.org/values/1-420-264-1>		"mɨna"@cuj	
"dupina"@cu	<http://ids.clld.org/values/12-850-199-1>		<http://ids.clld.org/parameters/12-850>		<http://ids.clld.org/values/12-850-264-3>		"nama"@cuj	
"dupina"@cu	<http://ids.clld.org/values/12-850-199-1>		<http://ids.clld.org/parameters/12-850>		<http://ids.clld.org/values/12-850-264-1>		"pna"@cuj	
"medŭ"@cu	<http://ids.clld.org/values/5-840-199-1>		<http://ids.clld.org/parameters/5-840>		<http://ids.clld.org/values/5-840-264-3>		"wroľ-ha"@cuj	
"medŭ"@cu	<http://ids.clld.org/values/5-840-199-1>		<http://ids.clld.org/parameters/5-840>		<http://ids.clld.org/values/5-840-264-1>		"popnixirha"@cuj	
"rěka"@cu	<http://ids.clld.org/values/1-360-199-1>		<http://ids.clld.org/parameters/1-360>		<http://ids.clld.org/values/1-360-264-3>		"hapha"@cuj	
"rěka"@cu	<http://ids.clld.org/values/1-360-199-1>		<http://ids.clld.org/parameters/1-360>		<http://ids.clld.org/values/1-360-264-1>		"wenɨ"@cuj	
"vlěšti (tęgnąti)"@cu	<http://ids.clld.org/values/9-330-199-1>		<http://ids.clld.org/parameters/9-330>		<http://ids.clld.org/values/9-330-264-1>		"kose-ta"@cuj	
"pero"@cu	<http://ids.clld.org/values/4-393-199-1>		<http://ids.clld.org/parameters/4-393>		<http://ids.clld.org/values/4-393-264-1>		"mexi"@cuj	
"krěpŭkŭ"@cu	<http://ids.clld.org/values/4-810-199-1>		<http://ids.clld.org/parameters/4-810>		<http://ids.clld.org/values/4-810-264-1>		"hičko"@cuj	
"ljuby"@cu	<http://ids.clld.org/values/16-270-199-1>		<http://ids.clld.org/parameters/16-270>		<http://ids.clld.org/values/16-270-264-3>		"hišinika"@cuj	
"ljuby"@cu	<http://ids.clld.org/values/16-270-199-1>		<http://ids.clld.org/parameters/16-270>		<http://ids.clld.org/values/16-270-264-1>		"haľɨka"@cuj	
"ubiti"@cu	<http://ids.clld.org/values/4-760-199-1>		<http://ids.clld.org/parameters/4-760>		<http://ids.clld.org/values/4-760-264-3>		"kama-ka-ta"@cuj	
"ubiti"@cu	<http://ids.clld.org/values/4-760-199-1>		<http://ids.clld.org/parameters/4-760>		<http://ids.clld.org/values/4-760-264-1>		"hiyľata"@cuj	
"vlŭna"@cu	<http://ids.clld.org/values/1-350-199-1>		<http://ids.clld.org/parameters/1-350>		<http://ids.clld.org/values/1-350-264-1>		"špɨrha"@cuj	
"prŭstŭ"@cu	<http://ids.clld.org/values/4-340-199-1>		<http://ids.clld.org/parameters/4-340>		<http://ids.clld.org/values/4-340-264-1>		"myoxi"@cuj	
"vrěditi"@cu	<http://ids.clld.org/values/11-280-199-1>		<http://ids.clld.org/parameters/11-280>		<http://ids.clld.org/values/11-280-264-1>		"himtɨteta"@cuj	
"stĭdza"@cu	<http://ids.clld.org/values/10-720-199-3>		<http://ids.clld.org/parameters/10-720>		<http://ids.clld.org/values/10-720-264-1>		"hapo"@cuj	
"snucha"@cu	<http://ids.clld.org/values/2-640-199-1>		<http://ids.clld.org/parameters/2-640>		<http://ids.clld.org/values/2-640-264-1>		"mekanɨnro"@cuj	
"sŭnŭ"@cu	<http://ids.clld.org/values/4-620-199-1>		<http://ids.clld.org/parameters/4-620>		<http://ids.clld.org/values/4-620-264-1>		"hipnawata"@cuj	
"vetŭchŭ"@cu	<http://ids.clld.org/values/14-150-199-1>		<http://ids.clld.org/parameters/14-150>		<http://ids.clld.org/values/14-150-264-1>		"c̷-rɨ"@cuj	
"kyslŭ"@cu	<http://ids.clld.org/values/15-380-199-1>		<http://ids.clld.org/parameters/15-380>		<http://ids.clld.org/values/15-380-264-3>		"kač-ha"@cuj	
"kyslŭ"@cu	<http://ids.clld.org/values/15-380-199-1>		<http://ids.clld.org/parameters/15-380>		<http://ids.clld.org/values/15-380-264-1>		"kačo"@cuj	
"sěmę"@cu	<http://ids.clld.org/values/8-311-199-3>		<http://ids.clld.org/parameters/8-311>		<http://ids.clld.org/values/8-311-264-3>		"kaxirɨxi"@cuj	
"sěmę"@cu	<http://ids.clld.org/values/8-311-199-3>		<http://ids.clld.org/parameters/8-311>		<http://ids.clld.org/values/8-311-264-1>		"xi"@cuj	
"usta"@cu	<http://ids.clld.org/values/4-240-199-1>		<http://ids.clld.org/parameters/4-240>		<http://ids.clld.org/values/4-240-264-1>		"nama"@cuj	
"zvěrĭ"@cu	<http://ids.clld.org/values/3-110-199-3>		<http://ids.clld.org/parameters/3-110>		<http://ids.clld.org/values/3-110-264-1>		"pra"@cuj	
"zvěrĭ"@cu	<http://ids.clld.org/values/3-110-199-3>		<http://ids.clld.org/parameters/3-110>		<http://ids.clld.org/values/3-110-264-3>		"pɨra-"@cuj	
"sąprągŭ"@cu	<http://ids.clld.org/values/2-310-199-3>		<http://ids.clld.org/parameters/2-310>		<http://ids.clld.org/values/2-310-264-1>		"hanɨ-rɨ"@cuj	
"iti"@cu	<http://ids.clld.org/values/10-450-199-1>		<http://ids.clld.org/parameters/10-450>		<http://ids.clld.org/values/10-450-264-1>		"yana"@cuj	
"kostĭ"@cu	<http://ids.clld.org/values/4-160-199-1>		<http://ids.clld.org/parameters/4-160>		<http://ids.clld.org/values/4-160-264-1>		"ha-pɨ"@cuj	
"šiti"@cu	<http://ids.clld.org/values/6-350-199-1>		<http://ids.clld.org/parameters/6-350>		<http://ids.clld.org/values/6-350-264-1>		"yo-c̷-ha"@cuj	
"potŭ"@cu	<http://ids.clld.org/values/4-550-199-1>		<http://ids.clld.org/parameters/4-550>		<http://ids.clld.org/values/4-550-264-1>		"hinkoka"@cuj	
"bŭděti"@cu	<http://ids.clld.org/values/4-630-199-3>		<http://ids.clld.org/parameters/4-630>		<http://ids.clld.org/values/4-630-264-1>		"komyeka"@cuj	
"sěti"@cu	<http://ids.clld.org/values/8-311-199-1>		<http://ids.clld.org/parameters/8-311>		<http://ids.clld.org/values/8-311-264-3>		"kaxirɨxi"@cuj	
"sěti"@cu	<http://ids.clld.org/values/8-311-199-1>		<http://ids.clld.org/parameters/8-311>		<http://ids.clld.org/values/8-311-264-1>		"xi"@cuj	
"popelŭ"@cu	<http://ids.clld.org/values/1-840-199-1>		<http://ids.clld.org/parameters/1-840>		<http://ids.clld.org/values/1-840-264-1>		"čiči-pahi"@cuj	
"pepelŭ"@cu	<http://ids.clld.org/values/1-840-199-3>		<http://ids.clld.org/parameters/1-840>		<http://ids.clld.org/values/1-840-264-1>		"čiči-pahi"@cuj	
"pĭsati"@cu	<http://ids.clld.org/values/18-510-199-1>		<http://ids.clld.org/parameters/18-510>		<http://ids.clld.org/values/18-510-264-1>		"hitakyonhata"@cuj	
"prŭsi"@cu	<http://ids.clld.org/values/4-400-199-1>		<http://ids.clld.org/parameters/4-400>		<http://ids.clld.org/values/4-400-264-1>		"tľo"@cuj	
"tĭšta"@cu	<http://ids.clld.org/values/2-620-199-3>		<http://ids.clld.org/parameters/2-620>		<http://ids.clld.org/values/2-620-264-1>		"himaxiro"@cuj	
"bĭčela"@cu	<http://ids.clld.org/values/3-820-199-1>		<http://ids.clld.org/parameters/3-820>		<http://ids.clld.org/values/3-820-264-1>		"šišri"@cuj	
"chribŭtŭ"@cu	<http://ids.clld.org/values/4-190-199-1>		<http://ids.clld.org/parameters/4-190>		<http://ids.clld.org/values/4-190-264-1>		"tʸi"@cuj	
"korenĭ"@cu	<http://ids.clld.org/values/8-540-199-1>		<http://ids.clld.org/parameters/8-540>		<http://ids.clld.org/values/8-540-264-1>		"ko-c̷a"@cuj	
"korenĭ"@cu	<http://ids.clld.org/values/8-540-199-1>		<http://ids.clld.org/parameters/8-540>		<http://ids.clld.org/values/8-540-264-3>		"c̷ki"@cuj	
"svekrŭ"@cu	<http://ids.clld.org/values/2-610-199-1>		<http://ids.clld.org/parameters/2-610>		<http://ids.clld.org/values/2-610-264-1>		"himatʸirɨ"@cuj	
"nagŭ"@cu	<http://ids.clld.org/values/4-990-199-1>		<http://ids.clld.org/parameters/4-990>		<http://ids.clld.org/values/4-990-264-1>		"mamkatɨ"@cuj	
"lĭvŭ"@cu	<http://ids.clld.org/values/3-720-199-1>		<http://ids.clld.org/parameters/3-720>		<http://ids.clld.org/values/3-720-264-1>		"seroľɨ mhenokľɨ"@cuj	
"tešti"@cu	<http://ids.clld.org/values/10-320-199-1>		<http://ids.clld.org/parameters/10-320>		<http://ids.clld.org/values/10-320-264-1>		"ha-po-ha-ta"@cuj	
"glava"@cu	<http://ids.clld.org/values/4-200-199-1>		<http://ids.clld.org/parameters/4-200>		<http://ids.clld.org/values/4-200-264-1>		"xiwɨ"@cuj	
"gromŭ"@cu	<http://ids.clld.org/values/1-560-199-1>		<http://ids.clld.org/parameters/1-560>		<http://ids.clld.org/values/1-560-264-1>		"hitľohita"@cuj	
"kamy"@cu	<http://ids.clld.org/values/1-440-199-1>		<http://ids.clld.org/parameters/1-440>		<http://ids.clld.org/values/1-440-264-1>		"sotľɨ"@cuj	
"strupŭ"@cu	<http://ids.clld.org/values/4-850-199-1>		<http://ids.clld.org/parameters/4-850>		<http://ids.clld.org/values/4-850-264-3>		"poc̷re"@cuj	
"strupŭ"@cu	<http://ids.clld.org/values/4-850-199-1>		<http://ids.clld.org/parameters/4-850>		<http://ids.clld.org/values/4-850-264-1>		"tre"@cuj	
"jezero"@cu	<http://ids.clld.org/values/1-330-199-1>		<http://ids.clld.org/parameters/1-330>		<http://ids.clld.org/values/1-330-264-3>		"wenɨ"@cuj	
"jezero"@cu	<http://ids.clld.org/values/1-330-199-1>		<http://ids.clld.org/parameters/1-330>		<http://ids.clld.org/values/1-330-264-1>		"pow-ha"@cuj	
"bratu-čędŭ"@cu	<http://ids.clld.org/values/2-550-199-1>		<http://ids.clld.org/parameters/2-550>		<http://ids.clld.org/values/2-550-264-1>		"hanɨrɨ"@cuj	
"umŭ"@cu	<http://ids.clld.org/values/17-110-199-1>		<http://ids.clld.org/parameters/17-110>		<http://ids.clld.org/values/17-110-264-1>		"nšinikanɨ"@cuj	
"zavistĭ"@cu	<http://ids.clld.org/values/16-440-199-1>		<http://ids.clld.org/parameters/16-440>		<http://ids.clld.org/values/16-440-264-3>		"hokči"@cuj	
"zavistĭ"@cu	<http://ids.clld.org/values/16-440-199-1>		<http://ids.clld.org/parameters/16-440>		<http://ids.clld.org/values/16-440-264-1>		"hoktata"@cuj	
"brada"@cu	<http://ids.clld.org/values/4-142-199-1>		<http://ids.clld.org/parameters/4-142>		<http://ids.clld.org/values/4-142-264-1>		"šapto"@cuj	
"pĭšenica"@cu	<http://ids.clld.org/values/8-430-199-1>		<http://ids.clld.org/parameters/8-430>		<http://ids.clld.org/values/8-430-264-1>		"[triko]"@cuj	
"čelo"@cu	<http://ids.clld.org/values/4-205-199-1>		<http://ids.clld.org/parameters/4-205>		<http://ids.clld.org/values/4-205-264-1>		"xrota"@cuj	
"pŭtenĭcĭ"@cu	<http://ids.clld.org/values/3-550-199-3>		<http://ids.clld.org/parameters/3-550>		<http://ids.clld.org/values/3-550-264-1>		"hatʸawripa"@cuj	
"stěna"@cu	<http://ids.clld.org/values/7-270-199-3>		<http://ids.clld.org/parameters/7-270>		<http://ids.clld.org/values/7-270-264-1>		"prixerɨ"@cuj	
"sĭcati"@cu	<http://ids.clld.org/values/4-650-199-1>		<http://ids.clld.org/parameters/4-650>		<http://ids.clld.org/values/4-650-264-1>		"c̷ɨna-ka"@cuj	
"luna"@cu	<http://ids.clld.org/values/1-530-199-1>		<http://ids.clld.org/parameters/1-530>		<http://ids.clld.org/values/1-530-264-1>		"ksɨ-rɨ"@cuj	
"zinąti"@cu	<http://ids.clld.org/values/4-520-199-1>		<http://ids.clld.org/parameters/4-520>		<http://ids.clld.org/values/4-520-264-1>		"haphatata"@cuj	
"sŭnŭ"@cu	<http://ids.clld.org/values/4-610-199-3>		<http://ids.clld.org/parameters/4-610>		<http://ids.clld.org/values/4-610-264-1>		"himka ~ himaka"@cuj	
"vĭsĭ"@cu	<http://ids.clld.org/values/19-160-199-1>		<http://ids.clld.org/parameters/19-160>		<http://ids.clld.org/values/19-160-264-1>		"poko"@cuj	
"nestera"@cu	<http://ids.clld.org/values/2-540-199-3>		<http://ids.clld.org/parameters/2-540>		<http://ids.clld.org/values/2-540-264-1>		"paľikľero"@cuj	
"žiti"@cu	<http://ids.clld.org/values/4-740-199-1>		<http://ids.clld.org/parameters/4-740>		<http://ids.clld.org/values/4-740-264-1>		"hiweka"@cuj	
"igŭlinŭ"@cu	<http://ids.clld.org/values/6-360-199-3>		<http://ids.clld.org/parameters/6-360>		<http://ids.clld.org/values/6-360-264-1>		"c̷apɨ"@cuj	
"junŭ"@cu	<http://ids.clld.org/values/14-140-199-1>		<http://ids.clld.org/parameters/14-140>		<http://ids.clld.org/values/14-140-264-1>		"makľɨta"@cuj	
"sěnĭ"@cu	<http://ids.clld.org/values/1-630-199-1>		<http://ids.clld.org/parameters/1-630>		<http://ids.clld.org/values/1-630-264-1>		"mayawľɨ"@cuj	
"sěnĭ"@cu	<http://ids.clld.org/values/1-630-199-1>		<http://ids.clld.org/parameters/1-630>		<http://ids.clld.org/values/1-630-264-3>		"čikľe"@cuj	
"světŭ"@cu	<http://ids.clld.org/values/1-100-199-3>		<http://ids.clld.org/parameters/1-100>		<http://ids.clld.org/values/1-100-264-1>		"hohi"@cuj	
"krŭvĭ"@cu	<http://ids.clld.org/values/4-150-199-1>		<http://ids.clld.org/parameters/4-150>		<http://ids.clld.org/values/4-150-264-1>		"-hra-ha"@cuj	
"lŭbŭ"@cu	<http://ids.clld.org/values/4-202-199-3>		<http://ids.clld.org/parameters/4-202>		<http://ids.clld.org/values/4-202-264-1>		"xiwɨta"@cuj	
"jedino"@cu	<http://ids.clld.org/values/13-330-199-3>		<http://ids.clld.org/parameters/13-330>		<http://ids.clld.org/values/13-330-264-1>		"pxe ~ pxa"@cuj	
"otĭcĭ"@cu	<http://ids.clld.org/values/2-350-199-1>		<http://ids.clld.org/parameters/2-350>		<http://ids.clld.org/values/2-350-264-1>		"hi-rɨ"@cuj	
"otĭcĭ"@cu	<http://ids.clld.org/values/2-350-199-1>		<http://ids.clld.org/parameters/2-350>		<http://ids.clld.org/values/2-350-264-3>		"pa-tɨ"@cuj	
"dĭnĭ"@cu	<http://ids.clld.org/values/14-410-199-1>		<http://ids.clld.org/parameters/14-410>		<http://ids.clld.org/values/14-410-264-1>		"po-kamľa-ľɨ"@cuj	
"světŭ"@cu	<http://ids.clld.org/values/1-610-199-1>		<http://ids.clld.org/parameters/1-610>		<http://ids.clld.org/values/1-610-264-1>		"po-kamľa-ľɨ"@cuj	
"mĭgla"@cu	<http://ids.clld.org/values/1-740-199-1>		<http://ids.clld.org/parameters/1-740>		<http://ids.clld.org/values/1-740-264-1>		"kyačhapererɨmko"@cuj	
"strěla"@cu	<http://ids.clld.org/values/20-250-199-1>		<http://ids.clld.org/parameters/20-250>		<http://ids.clld.org/values/20-250-264-1>		"kašri"@cuj	
"mirŭ"@cu	<http://ids.clld.org/values/1-100-199-1>		<http://ids.clld.org/parameters/1-100>		<http://ids.clld.org/values/1-100-264-1>		"hohi"@cuj	
"brěgŭ"@cu	<http://ids.clld.org/values/1-270-199-1>		<http://ids.clld.org/parameters/1-270>		<http://ids.clld.org/values/1-270-264-1>		"wakanɨ"@cuj	
"plěšivŭ"@cu	<http://ids.clld.org/values/4-930-199-3>		<http://ids.clld.org/parameters/4-930>		<http://ids.clld.org/values/4-930-264-1>		"hopoľha"@cuj	
"lěsŭ"@cu	<http://ids.clld.org/values/1-410-199-1>		<http://ids.clld.org/parameters/1-410>		<http://ids.clld.org/values/1-410-264-1>		"hoša"@cuj	
"grysti"@cu	<http://ids.clld.org/values/4-580-199-1>		<http://ids.clld.org/parameters/4-580>		<http://ids.clld.org/values/4-580-264-1>		"haškaka"@cuj	
"grysti"@cu	<http://ids.clld.org/values/4-580-199-1>		<http://ids.clld.org/parameters/4-580>		<http://ids.clld.org/values/4-580-264-3>		"-ta"@cuj	
"vĭsi"@cu	<http://ids.clld.org/values/13-140-199-5>		<http://ids.clld.org/parameters/13-140>		<http://ids.clld.org/values/13-140-264-3>		"ptowrɨ"@cuj	
"vĭsi"@cu	<http://ids.clld.org/values/13-140-199-5>		<http://ids.clld.org/parameters/13-140>		<http://ids.clld.org/values/13-140-264-1>		"pexnɨ"@cuj	
"město"@cu	<http://ids.clld.org/values/12-110-199-1>		<http://ids.clld.org/parameters/12-110>		<http://ids.clld.org/values/12-110-264-1>		"-waka"@cuj	
"čęstĭ"@cu	<http://ids.clld.org/values/13-230-199-1>		<http://ids.clld.org/parameters/13-230>		<http://ids.clld.org/values/13-230-264-1>		"psoxi"@cuj	
"ošibŭ"@cu	<http://ids.clld.org/values/4-180-199-5>		<http://ids.clld.org/parameters/4-180>		<http://ids.clld.org/values/4-180-264-1>		"nši"@cuj	
"myti"@cu	<http://ids.clld.org/values/9-360-199-1>		<http://ids.clld.org/parameters/9-360>		<http://ids.clld.org/values/9-360-264-3>		"hero-ta"@cuj	
"myti"@cu	<http://ids.clld.org/values/9-360-199-1>		<http://ids.clld.org/parameters/9-360>		<http://ids.clld.org/values/9-360-264-1>		"herka"@cuj	
"vŭskrilĭje"@cu	<http://ids.clld.org/values/12-353-199-5>		<http://ids.clld.org/parameters/12-353>		<http://ids.clld.org/values/12-353-264-1>		"spɨ ~ špɨ"@cuj	
"vŭstaniti"@cu	<http://ids.clld.org/values/10-210-199-1>		<http://ids.clld.org/parameters/10-210>		<http://ids.clld.org/values/10-210-264-1>		"hitʸenowna"@cuj	
"jasti"@cu	<http://ids.clld.org/values/5-110-199-1>		<http://ids.clld.org/parameters/5-110>		<http://ids.clld.org/values/5-110-264-1>		"nika"@cuj	
"branĭ"@cu	<http://ids.clld.org/values/20-130-199-1>		<http://ids.clld.org/parameters/20-130>		<http://ids.clld.org/values/20-130-264-1>		"hiyľaľɨ"@cuj	
"vŭnukŭ"@cu	<http://ids.clld.org/values/2-480-199-1>		<http://ids.clld.org/parameters/2-480>		<http://ids.clld.org/values/2-480-264-1>		"mekahyi"@cuj	
"ątroba"@cu	<http://ids.clld.org/values/4-460-199-3>		<http://ids.clld.org/parameters/4-460>		<http://ids.clld.org/values/4-460-264-1>		"hička-mapa"@cuj	
"ąty"@cu	<http://ids.clld.org/values/3-570-199-1>		<http://ids.clld.org/parameters/3-570>		<http://ids.clld.org/values/3-570-264-1>		"hopši"@cuj	
"narodŭ"@cu	<http://ids.clld.org/values/19-210-199-3>		<http://ids.clld.org/parameters/19-210>		<http://ids.clld.org/values/19-210-264-1>		"yine"@cuj	
"cvětĭcĭ"@cu	<http://ids.clld.org/values/8-570-199-3>		<http://ids.clld.org/parameters/8-570>		<http://ids.clld.org/values/8-570-264-1>		"hwɨ ~ howɨ"@cuj	
"synovĭ"@cu	<http://ids.clld.org/values/2-530-199-1>		<http://ids.clld.org/parameters/2-530>		<http://ids.clld.org/values/2-530-264-1>		"paľikľerɨ"@cuj	
"językŭ"@cu	<http://ids.clld.org/values/18-240-199-1>		<http://ids.clld.org/parameters/18-240>		<http://ids.clld.org/values/18-240-264-1>		"tokanɨ"@cuj	
"zvękŭ"@cu	<http://ids.clld.org/values/15-440-199-1>		<http://ids.clld.org/parameters/15-440>		<http://ids.clld.org/values/15-440-264-1>		"hima"@cuj	
"plamy"@cu	<http://ids.clld.org/values/1-820-199-1>		<http://ids.clld.org/parameters/1-820>		<http://ids.clld.org/values/1-820-264-1>		"katmeroľɨ"@cuj	
"tělo"@cu	<http://ids.clld.org/values/4-110-199-1>		<http://ids.clld.org/parameters/4-110>		<http://ids.clld.org/values/4-110-264-1>		"mane"@cuj	
"plavati"@cu	<http://ids.clld.org/values/10-350-199-3>		<http://ids.clld.org/parameters/10-350>		<http://ids.clld.org/values/10-350-264-1>		"ha-noha-ta"@cuj	
"zętĭ"@cu	<http://ids.clld.org/values/2-630-199-1>		<http://ids.clld.org/parameters/2-630>		<http://ids.clld.org/values/2-630-264-1>		"mekanɨrɨ"@cuj	
"vrŭchŭ"@cu	<http://ids.clld.org/values/12-330-199-1>		<http://ids.clld.org/parameters/12-330>		<http://ids.clld.org/values/12-330-264-1>		"c̷opo"@cuj	
"stenati"@cu	<http://ids.clld.org/values/16-390-199-1>		<http://ids.clld.org/parameters/16-390>		<http://ids.clld.org/values/16-390-264-1>		"hočhita"@cuj	
"zĭrěti"@cu	<http://ids.clld.org/values/15-510-199-3>		<http://ids.clld.org/parameters/15-510>		<http://ids.clld.org/values/15-510-264-1>		"heta"@cuj	
"glasŭ"@cu	<http://ids.clld.org/values/18-110-199-1>		<http://ids.clld.org/parameters/18-110>		<http://ids.clld.org/values/18-110-264-1>		"pľaxi"@cuj	
"balĭstvo"@cu	<http://ids.clld.org/values/4-880-199-1>		<http://ids.clld.org/parameters/4-880>		<http://ids.clld.org/values/4-880-264-3>		"pinrɨ"@cuj	
"balĭstvo"@cu	<http://ids.clld.org/values/4-880-199-1>		<http://ids.clld.org/parameters/4-880>		<http://ids.clld.org/values/4-880-264-1>		"pini-"@cuj	
"lakŭlĭ"@cu	<http://ids.clld.org/values/4-320-199-1>		<http://ids.clld.org/parameters/4-320>		<http://ids.clld.org/values/4-320-264-1>		"c̷oxere"@cuj	
"kolěno"@cu	<http://ids.clld.org/values/19-230-199-1>		<http://ids.clld.org/parameters/19-230>		<http://ids.clld.org/values/19-230-264-1>		"nerɨ"@cuj	
"kusati"@cu	<http://ids.clld.org/values/4-580-199-3>		<http://ids.clld.org/parameters/4-580>		<http://ids.clld.org/values/4-580-264-1>		"haškaka"@cuj	
"kusati"@cu	<http://ids.clld.org/values/4-580-199-3>		<http://ids.clld.org/parameters/4-580>		<http://ids.clld.org/values/4-580-264-3>		"-ta"@cuj	
"chromŭ"@cu	<http://ids.clld.org/values/4-940-199-1>		<http://ids.clld.org/parameters/4-940>		<http://ids.clld.org/values/4-940-264-1>		"čoľi"@cuj	
"mrakŭ"@cu	<http://ids.clld.org/values/1-620-199-3>		<http://ids.clld.org/parameters/1-620>		<http://ids.clld.org/values/1-620-264-1>		"yačhe"@cuj	
"mrakŭ"@cu	<http://ids.clld.org/values/1-620-199-3>		<http://ids.clld.org/parameters/1-620>		<http://ids.clld.org/values/1-620-264-3>		"yačnewľɨ"@cuj	
"plakati"@cu	<http://ids.clld.org/values/9-360-199-3>		<http://ids.clld.org/parameters/9-360>		<http://ids.clld.org/values/9-360-264-3>		"hero-ta"@cuj	
"plakati"@cu	<http://ids.clld.org/values/9-360-199-3>		<http://ids.clld.org/parameters/9-360>		<http://ids.clld.org/values/9-360-264-1>		"herka"@cuj	
"zmija"@cu	<http://ids.clld.org/values/3-850-199-1>		<http://ids.clld.org/parameters/3-850>		<http://ids.clld.org/values/3-850-264-3>		"pi"@cuj	
"zmija"@cu	<http://ids.clld.org/values/3-850-199-1>		<http://ids.clld.org/parameters/3-850>		<http://ids.clld.org/values/3-850-264-1>		"himnɨ"@cuj	
"solĭ"@cu	<http://ids.clld.org/values/5-810-199-1>		<http://ids.clld.org/parameters/5-810>		<http://ids.clld.org/values/5-810-264-3>		"mro"@cuj	
"solĭ"@cu	<http://ids.clld.org/values/5-810-199-1>		<http://ids.clld.org/parameters/5-810>		<http://ids.clld.org/values/5-810-264-1>		"[tɨwɨ]"@cuj	
"rana"@cu	<http://ids.clld.org/values/4-850-199-5>		<http://ids.clld.org/parameters/4-850>		<http://ids.clld.org/values/4-850-264-3>		"poc̷re"@cuj	
"rana"@cu	<http://ids.clld.org/values/4-850-199-5>		<http://ids.clld.org/parameters/4-850>		<http://ids.clld.org/values/4-850-264-1>		"tre"@cuj	
"mysliti"@cu	<http://ids.clld.org/values/17-130-199-1>		<http://ids.clld.org/parameters/17-130>		<http://ids.clld.org/values/17-130-264-1>		"hi-šinika"@cuj	
"větvĭ"@cu	<http://ids.clld.org/values/8-550-199-1>		<http://ids.clld.org/parameters/8-550>		<http://ids.clld.org/values/8-550-264-5>		"xe"@cuj	
"větvĭ"@cu	<http://ids.clld.org/values/8-550-199-1>		<http://ids.clld.org/parameters/8-550>		<http://ids.clld.org/values/8-550-264-3>		"c̷ki"@cuj	
"větvĭ"@cu	<http://ids.clld.org/values/8-550-199-1>		<http://ids.clld.org/parameters/8-550>		<http://ids.clld.org/values/8-550-264-1>		"pľɨ"@cuj	
"chudŭ"@cu	<http://ids.clld.org/values/12-560-199-3>		<http://ids.clld.org/parameters/12-560>		<http://ids.clld.org/values/12-560-264-1>		"mtɨ-rɨ"@cuj	
"žešti"@cu	<http://ids.clld.org/values/1-851-199-1>		<http://ids.clld.org/parameters/1-851>		<http://ids.clld.org/values/1-851-264-3>		"haľha"@cuj	
"žešti"@cu	<http://ids.clld.org/values/1-851-199-1>		<http://ids.clld.org/parameters/1-851>		<http://ids.clld.org/values/1-851-264-1>		"hapkaha"@cuj	
"gladŭ"@cu	<http://ids.clld.org/values/5-140-199-1>		<http://ids.clld.org/parameters/5-140>		<http://ids.clld.org/values/5-140-264-1>		"nači-ma"@cuj	
"ląkŭ"@cu	<http://ids.clld.org/values/20-240-199-1>		<http://ids.clld.org/parameters/20-240>		<http://ids.clld.org/values/20-240-264-1>		"twa (?)"@cuj	
"domŭ"@cu	<http://ids.clld.org/values/7-120-199-1>		<http://ids.clld.org/parameters/7-120>		<http://ids.clld.org/values/7-120-264-3>		"pxi"@cuj	
"domŭ"@cu	<http://ids.clld.org/values/7-120-199-1>		<http://ids.clld.org/parameters/7-120>		<http://ids.clld.org/values/7-120-264-1>		"panči"@cuj	
"(u)mrěti"@cu	<http://ids.clld.org/values/4-750-199-1>		<http://ids.clld.org/parameters/4-750>		<http://ids.clld.org/values/4-750-264-1>		"hi-pna"@cuj	
"(u)mrěti"@cu	<http://ids.clld.org/values/4-750-199-1>		<http://ids.clld.org/parameters/4-750>		<http://ids.clld.org/values/4-750-264-3>		"hipɨka"@cuj	
"živŭ"@cu	<http://ids.clld.org/values/4-740-199-3>		<http://ids.clld.org/parameters/4-740>		<http://ids.clld.org/values/4-740-264-1>		"hiweka"@cuj	
"vĭsěkŭ"@cu	<http://ids.clld.org/values/13-140-199-1>		<http://ids.clld.org/parameters/13-140>		<http://ids.clld.org/values/13-140-264-3>		"ptowrɨ"@cuj	
"vĭsěkŭ"@cu	<http://ids.clld.org/values/13-140-199-1>		<http://ids.clld.org/parameters/13-140>		<http://ids.clld.org/values/13-140-264-1>		"pexnɨ"@cuj	
"vŭnuka"@cu	<http://ids.clld.org/values/2-490-199-1>		<http://ids.clld.org/parameters/2-490>		<http://ids.clld.org/values/2-490-264-1>		"mekahyi"@cuj	
"mladĭnĭcĭ"@cu	<http://ids.clld.org/values/2-280-199-3>		<http://ids.clld.org/parameters/2-280>		<http://ids.clld.org/values/2-280-264-1>		"mtɨ-rɨ"@cuj	
"dělati"@cu	<http://ids.clld.org/values/9-110-199-3>		<http://ids.clld.org/parameters/9-110>		<http://ids.clld.org/values/9-110-264-1>		"kam-rɨ-ta"@cuj	
"rodŭ"@cu	<http://ids.clld.org/values/19-230-199-3>		<http://ids.clld.org/parameters/19-230>		<http://ids.clld.org/values/19-230-264-1>		"nerɨ"@cuj	
"truzdŭ sę"@cu	<http://ids.clld.org/values/4-910-199-1>		<http://ids.clld.org/parameters/4-910>		<http://ids.clld.org/values/4-910-264-1>		"hama"@cuj	
"truzdŭ sę"@cu	<http://ids.clld.org/values/4-910-199-1>		<http://ids.clld.org/parameters/4-910>		<http://ids.clld.org/values/4-910-264-3>		"hipčiha"@cuj	
"měsęcĭ"@cu	<http://ids.clld.org/values/14-710-199-1>		<http://ids.clld.org/parameters/14-710>		<http://ids.clld.org/values/14-710-264-1>		"ksɨ-rɨ"@cuj	
"znati"@cu	<http://ids.clld.org/values/17-170-199-5>		<http://ids.clld.org/parameters/17-170>		<http://ids.clld.org/values/17-170-264-1>		"himata"@cuj	
"chyzŭ"@cu	<http://ids.clld.org/values/7-120-199-5>		<http://ids.clld.org/parameters/7-120>		<http://ids.clld.org/values/7-120-264-3>		"pxi"@cuj	
"chyzŭ"@cu	<http://ids.clld.org/values/7-120-199-5>		<http://ids.clld.org/parameters/7-120>		<http://ids.clld.org/values/7-120-264-1>		"panči"@cuj	
"otŭštetiti"@cu	<http://ids.clld.org/values/11-280-199-3>		<http://ids.clld.org/parameters/11-280>		<http://ids.clld.org/values/11-280-264-1>		"himtɨteta"@cuj	
"měsęcĭ"@cu	<http://ids.clld.org/values/1-530-199-3>		<http://ids.clld.org/parameters/1-530>		<http://ids.clld.org/values/1-530-264-1>		"ksɨ-rɨ"@cuj	
"baba"@cu	<http://ids.clld.org/values/2-470-199-1>		<http://ids.clld.org/parameters/2-470>		<http://ids.clld.org/values/2-470-264-1>		"ha-xi-ro"@cuj	
"slěpŭ"@cu	<http://ids.clld.org/values/4-970-199-1>		<http://ids.clld.org/parameters/4-970>		<http://ids.clld.org/values/4-970-264-3>		"metkatɨ"@cuj	
"slěpŭ"@cu	<http://ids.clld.org/values/4-970-199-1>		<http://ids.clld.org/parameters/4-970>		<http://ids.clld.org/values/4-970-264-1>		"mayhaľetɨ"@cuj	
"domŭ"@cu	<http://ids.clld.org/values/2-820-199-1>		<http://ids.clld.org/parameters/2-820>		<http://ids.clld.org/values/2-820-264-1>		"moľe"@cuj	
"domŭ"@cu	<http://ids.clld.org/values/2-820-199-1>		<http://ids.clld.org/parameters/2-820>		<http://ids.clld.org/values/2-820-264-3>		"moľe-ta"@cuj	
"cělovati"@cu	<http://ids.clld.org/values/16-290-199-3>		<http://ids.clld.org/parameters/16-290>		<http://ids.clld.org/values/16-290-264-1>		"hamľɨta"@cuj	
"cělovati"@cu	<http://ids.clld.org/values/16-290-199-3>		<http://ids.clld.org/parameters/16-290>		<http://ids.clld.org/values/16-290-264-3>		"hapčoka"@cuj	
"duchŭ"@cu	<http://ids.clld.org/values/16-110-199-3>		<http://ids.clld.org/parameters/16-110>		<http://ids.clld.org/values/16-110-264-1>		"kam-či"@cuj	
"padati"@cu	<http://ids.clld.org/values/10-230-199-3>		<http://ids.clld.org/parameters/10-230>		<http://ids.clld.org/values/10-230-264-1>		"hixrɨ-ka"@cuj	
"dětĭ"@cu	<http://ids.clld.org/values/2-270-199-1>		<http://ids.clld.org/parameters/2-270>		<http://ids.clld.org/values/2-270-264-1>		"whene ~ wɨhene"@cuj	
"ustĭna"@cu	<http://ids.clld.org/values/4-250-199-1>		<http://ids.clld.org/parameters/4-250>		<http://ids.clld.org/values/4-250-264-1>		"spɨ ~ špɨ"@cuj	
"životŭ"@cu	<http://ids.clld.org/values/3-110-199-1>		<http://ids.clld.org/parameters/3-110>		<http://ids.clld.org/values/3-110-264-1>		"pra"@cuj	
"životŭ"@cu	<http://ids.clld.org/values/3-110-199-1>		<http://ids.clld.org/parameters/3-110>		<http://ids.clld.org/values/3-110-264-3>		"pɨra-"@cuj	
"cěsta"@cu	<http://ids.clld.org/values/10-710-199-3>		<http://ids.clld.org/parameters/10-710>		<http://ids.clld.org/values/10-710-264-1>		"hapo"@cuj	
"cěsta"@cu	<http://ids.clld.org/values/10-710-199-3>		<http://ids.clld.org/parameters/10-710>		<http://ids.clld.org/values/10-710-264-3>		"hatnɨ"@cuj	
"bolĭnŭ"@cu	<http://ids.clld.org/values/4-840-199-1>		<http://ids.clld.org/parameters/4-840>		<http://ids.clld.org/values/4-840-264-1>		"kapo-haľɨ"@cuj	
"bolĭnŭ"@cu	<http://ids.clld.org/values/4-840-199-1>		<http://ids.clld.org/parameters/4-840>		<http://ids.clld.org/values/4-840-264-3>		"poha"@cuj	
"vyja"@cu	<http://ids.clld.org/values/4-280-199-1>		<http://ids.clld.org/parameters/4-280>		<http://ids.clld.org/values/4-280-264-1>		"noxi"@cuj	
"dĭrati"@cu	<http://ids.clld.org/values/9-280-199-1>		<http://ids.clld.org/parameters/9-280>		<http://ids.clld.org/values/9-280-264-1>		"kteha"@cuj	
"netĭjĭ"@cu	<http://ids.clld.org/values/2-530-199-5>		<http://ids.clld.org/parameters/2-530>		<http://ids.clld.org/values/2-530-264-1>		"paľikľerɨ"@cuj	
"govno"@cu	<http://ids.clld.org/values/4-660-199-3>		<http://ids.clld.org/parameters/4-660>		<http://ids.clld.org/values/4-660-264-1>		"hička-ta"@cuj	
"vějati"@cu	<http://ids.clld.org/values/10-380-199-3>		<http://ids.clld.org/parameters/10-380>		<http://ids.clld.org/values/10-380-264-1>		"haxpoka"@cuj	
"smějati sę"@cu	<http://ids.clld.org/values/16-250-199-1>		<http://ids.clld.org/parameters/16-250>		<http://ids.clld.org/values/16-250-264-1>		"hic̷oľhiwata"@cuj	
"rogŭ"@cu	<http://ids.clld.org/values/4-170-199-1>		<http://ids.clld.org/parameters/4-170>		<http://ids.clld.org/values/4-170-264-1>		"hwa"@cuj	
"chlŭmŭ"@cu	<http://ids.clld.org/values/1-220-199-3>		<http://ids.clld.org/parameters/1-220>		<http://ids.clld.org/values/1-220-264-3>		"pxita"@cuj	
"chlŭmŭ"@cu	<http://ids.clld.org/values/1-220-199-3>		<http://ids.clld.org/parameters/1-220>		<http://ids.clld.org/values/1-220-264-1>		"mahka"@cuj	
"běsŭ"@cu	<http://ids.clld.org/values/22-350-199-1>		<http://ids.clld.org/parameters/22-350>		<http://ids.clld.org/values/22-350-264-1>		"kam-či"@cuj	
"košĭ"@cu	<http://ids.clld.org/values/9-760-199-1>		<http://ids.clld.org/parameters/9-760>		<http://ids.clld.org/values/9-760-264-1>		"koxi-ta"@cuj	
"pąpŭkŭ"@cu	<http://ids.clld.org/values/4-430-199-1>		<http://ids.clld.org/parameters/4-430>		<http://ids.clld.org/values/4-430-264-1>		"pľo"@cuj	
"lice"@cu	<http://ids.clld.org/values/4-204-199-1>		<http://ids.clld.org/parameters/4-204>		<http://ids.clld.org/values/4-204-264-1>		"hoxi"@cuj	
"imę"@cu	<http://ids.clld.org/values/18-280-199-1>		<http://ids.clld.org/parameters/18-280>		<http://ids.clld.org/values/18-280-264-1>		"hi-waka"@cuj	
"priti"@cu	<http://ids.clld.org/values/10-480-199-1>		<http://ids.clld.org/parameters/10-480>		<http://ids.clld.org/values/10-480-264-1>		"hina"@cuj	
"ucho"@cu	<http://ids.clld.org/values/4-220-199-1>		<http://ids.clld.org/parameters/4-220>		<http://ids.clld.org/values/4-220-264-3>		"xepi"@cuj	
"ucho"@cu	<http://ids.clld.org/values/4-220-199-1>		<http://ids.clld.org/parameters/4-220>		<http://ids.clld.org/values/4-220-264-1>		"xnako"@cuj	
"ognište"@cu	<http://ids.clld.org/values/7-310-199-1>		<http://ids.clld.org/parameters/7-310>		<http://ids.clld.org/values/7-310-264-3>		"čičpawa"@cuj	
"ognište"@cu	<http://ids.clld.org/values/7-310-199-1>		<http://ids.clld.org/parameters/7-310>		<http://ids.clld.org/values/7-310-264-1>		"pawa"@cuj	
"větrŭ"@cu	<http://ids.clld.org/values/1-720-199-1>		<http://ids.clld.org/parameters/1-720>		<http://ids.clld.org/values/1-720-264-3>		"hawoka"@cuj	
"větrŭ"@cu	<http://ids.clld.org/values/1-720-199-1>		<http://ids.clld.org/parameters/1-720>		<http://ids.clld.org/values/1-720-264-1>		"nˑiphya"@cuj	
"lože"@cu	<http://ids.clld.org/values/7-420-199-3>		<http://ids.clld.org/parameters/7-420>		<http://ids.clld.org/values/7-420-264-1>		"xeko"@cuj	
"slovo"@cu	<http://ids.clld.org/values/18-260-199-3>		<http://ids.clld.org/parameters/18-260>		<http://ids.clld.org/values/18-260-264-1>		"tokanɨ"@cuj	
"sĭčĭ"@cu	<http://ids.clld.org/values/4-650-199-3>		<http://ids.clld.org/parameters/4-650>		<http://ids.clld.org/values/4-650-264-1>		"c̷ɨna-ka"@cuj	
"trapeza"@cu	<http://ids.clld.org/values/7-440-199-1>		<http://ids.clld.org/parameters/7-440>		<http://ids.clld.org/values/7-440-264-1>		"kwa-ľɨ"@cuj	
"ązlŭ"@cu	<http://ids.clld.org/values/9-192-199-1>		<http://ids.clld.org/parameters/9-192>		<http://ids.clld.org/values/9-192-264-3>		"skiwa"@cuj	
"ązlŭ"@cu	<http://ids.clld.org/values/9-192-199-1>		<http://ids.clld.org/parameters/9-192>		<http://ids.clld.org/values/9-192-264-1>		"hišriskiwľɨ"@cuj	
"nosŭ"@cu	<http://ids.clld.org/values/4-230-199-1>		<http://ids.clld.org/parameters/4-230>		<http://ids.clld.org/values/4-230-264-1>		"xri"@cuj	
"dŭždĭ"@cu	<http://ids.clld.org/values/1-750-199-1>		<http://ids.clld.org/parameters/1-750>		<http://ids.clld.org/values/1-750-264-3>		"neka"@cuj	
"dŭždĭ"@cu	<http://ids.clld.org/values/1-750-199-1>		<http://ids.clld.org/parameters/1-750>		<http://ids.clld.org/values/1-750-264-1>		"hina"@cuj	
"jętro"@cu	<http://ids.clld.org/values/4-450-199-1>		<http://ids.clld.org/parameters/4-450>		<http://ids.clld.org/values/4-450-264-1>		"ho-pna"@cuj	
"grŭlo"@cu	<http://ids.clld.org/values/4-290-199-1>		<http://ids.clld.org/parameters/4-290>		<http://ids.clld.org/values/4-290-264-1>		"pľa"@cuj	
"otokŭ"@cu	<http://ids.clld.org/values/1-250-199-1>		<http://ids.clld.org/parameters/1-250>		<http://ids.clld.org/values/1-250-264-1>		"kaniprekľi ~ kaniprekľɨ"@cuj	
"plŭziti"@cu	<http://ids.clld.org/values/10-410-199-1>		<http://ids.clld.org/parameters/10-410>		<http://ids.clld.org/values/10-410-264-1>		"kamita"@cuj	
"valŭ"@cu	<http://ids.clld.org/values/1-350-199-3>		<http://ids.clld.org/parameters/1-350>		<http://ids.clld.org/values/1-350-264-1>		"špɨrha"@cuj	
"žiznć"@cu	<http://ids.clld.org/values/4-740-199-7>		<http://ids.clld.org/parameters/4-740>		<http://ids.clld.org/values/4-740-264-1>		"hiweka"@cuj	
"piti"@cu	<http://ids.clld.org/values/5-130-199-1>		<http://ids.clld.org/parameters/5-130>		<http://ids.clld.org/values/5-130-264-1>		"hašroka"@cuj	
"skala"@cu	<http://ids.clld.org/values/1-440-199-3>		<http://ids.clld.org/parameters/1-440>		<http://ids.clld.org/values/1-440-264-1>		"sotľɨ"@cuj	
"sŭmrŭtĭ"@cu	<http://ids.clld.org/values/4-750-199-5>		<http://ids.clld.org/parameters/4-750>		<http://ids.clld.org/values/4-750-264-1>		"hi-pna"@cuj	
"sŭmrŭtĭ"@cu	<http://ids.clld.org/values/4-750-199-5>		<http://ids.clld.org/parameters/4-750>		<http://ids.clld.org/values/4-750-264-3>		"hipɨka"@cuj	
"pĭjanŭ"@cu	<http://ids.clld.org/values/4-980-199-1>		<http://ids.clld.org/parameters/4-980>		<http://ids.clld.org/values/4-980-264-1>		"kapoohoxi"@cuj	
"drěvo"@cu	<http://ids.clld.org/values/8-600-199-1>		<http://ids.clld.org/parameters/8-600>		<http://ids.clld.org/values/8-600-264-1>		"hah-mɨna"@cuj	
"pŭtica"@cu	<http://ids.clld.org/values/3-581-199-3>		<http://ids.clld.org/parameters/3-581>		<http://ids.clld.org/values/3-581-264-1>		"koši-či"@cuj	
"bĭrati"@cu	<http://ids.clld.org/values/11-130-199-3>		<http://ids.clld.org/parameters/11-130>		<http://ids.clld.org/values/11-130-264-1>		"hani-ka"@cuj	
"sŭvęzati"@cu	<http://ids.clld.org/values/9-160-199-1>		<http://ids.clld.org/parameters/9-160>		<http://ids.clld.org/values/9-160-264-1>		"hišrika"@cuj	
"dychanĭje"@cu	<http://ids.clld.org/values/4-510-199-3>		<http://ids.clld.org/parameters/4-510>		<http://ids.clld.org/values/4-510-264-3>		"nˑiphya"@cuj	
"dychanĭje"@cu	<http://ids.clld.org/values/4-510-199-3>		<http://ids.clld.org/parameters/4-510>		<http://ids.clld.org/values/4-510-264-1>		"hinˑiphya"@cuj	
"padŭšti"@cu	<http://ids.clld.org/values/2-740-199-3>		<http://ids.clld.org/parameters/2-740>		<http://ids.clld.org/values/2-740-264-1>		"kosčekyehrerɨ"@cuj	
"prispěti"@cu	<http://ids.clld.org/values/10-550-199-3>		<http://ids.clld.org/parameters/10-550>		<http://ids.clld.org/values/10-550-264-1>		"ha-po-ka"@cuj	
"ględati"@cu	<http://ids.clld.org/values/15-520-199-3>		<http://ids.clld.org/parameters/15-520>		<http://ids.clld.org/values/15-520-264-1>		"heta"@cuj	
"bljĭvati"@cu	<http://ids.clld.org/values/4-570-199-1>		<http://ids.clld.org/parameters/4-570>		<http://ids.clld.org/values/4-570-264-1>		"hapľita"@cuj	
"sněgŭ"@cu	<http://ids.clld.org/values/1-760-199-1>		<http://ids.clld.org/parameters/1-760>		<http://ids.clld.org/values/1-760-264-1>		"hiwrɨ"@cuj	
"(sŭ)viti"@cu	<http://ids.clld.org/values/10-140-199-1>		<http://ids.clld.org/parameters/10-140>		<http://ids.clld.org/values/10-140-264-1>		"powata"@cuj	
"(sŭ)dělati"@cu	<http://ids.clld.org/values/9-120-199-5>		<http://ids.clld.org/parameters/9-120>		<http://ids.clld.org/values/9-120-264-1>		"kamrɨrči"@cuj	
"(o)ženiti sę"@cu	<http://ids.clld.org/values/2-330-199-1>		<http://ids.clld.org/parameters/2-330>		<http://ids.clld.org/values/2-330-264-1>		"kašimyota"@cuj	
"golěnĭ"@cu	<http://ids.clld.org/values/4-350-199-1>		<http://ids.clld.org/parameters/4-350>		<http://ids.clld.org/values/4-350-264-3>		"tpaľi"@cuj	
"golěnĭ"@cu	<http://ids.clld.org/values/4-350-199-1>		<http://ids.clld.org/parameters/4-350>		<http://ids.clld.org/values/4-350-264-1>		"ksɨxe"@cuj	
"glagolŭ"@cu	<http://ids.clld.org/values/18-260-199-1>		<http://ids.clld.org/parameters/18-260>		<http://ids.clld.org/values/18-260-264-1>		"tokanɨ"@cuj	
"slabŭ"@cu	<http://ids.clld.org/values/4-820-199-1>		<http://ids.clld.org/parameters/4-820>		<http://ids.clld.org/values/4-820-264-1>		"pohro"@cuj	
"golŭ"@cu	<http://ids.clld.org/values/4-990-199-3>		<http://ids.clld.org/parameters/4-990>		<http://ids.clld.org/values/4-990-264-1>		"mamkatɨ"@cuj	
"povrěsti"@cu	<http://ids.clld.org/values/9-160-199-3>		<http://ids.clld.org/parameters/9-160>		<http://ids.clld.org/values/9-160-264-1>		"hišrika"@cuj	
"žlĭtŭ"@cu	<http://ids.clld.org/values/15-690-199-1>		<http://ids.clld.org/parameters/15-690>		<http://ids.clld.org/values/15-690-264-1>		"pwaľo"@cuj	
"sŭsĭcĭ"@cu	<http://ids.clld.org/values/4-410-199-3>		<http://ids.clld.org/parameters/4-410>		<http://ids.clld.org/values/4-410-264-1>		"sta"@cuj	
"sŭsĭcĭ"@cu	<http://ids.clld.org/values/4-410-199-3>		<http://ids.clld.org/parameters/4-410>		<http://ids.clld.org/values/4-410-264-3>		"t-nɨ"@cuj	
"synovica"@cu	<http://ids.clld.org/values/2-540-199-1>		<http://ids.clld.org/parameters/2-540>		<http://ids.clld.org/values/2-540-264-1>		"paľikľero"@cuj	
"tĭstĭ"@cu	<http://ids.clld.org/values/2-610-199-3>		<http://ids.clld.org/parameters/2-610>		<http://ids.clld.org/values/2-610-264-1>		"himatʸirɨ"@cuj	
"vŭzduchŭ"@cu	<http://ids.clld.org/values/1-710-199-1>		<http://ids.clld.org/parameters/1-710>		<http://ids.clld.org/values/1-710-264-1>		"kawľerɨ"@cuj	
"pąpŭ"@cu	<http://ids.clld.org/values/4-430-199-3>		<http://ids.clld.org/parameters/4-430>		<http://ids.clld.org/values/4-430-264-1>		"pľo"@cuj	
"stĭza"@cu	<http://ids.clld.org/values/10-720-199-1>		<http://ids.clld.org/parameters/10-720>		<http://ids.clld.org/values/10-720-264-1>		"hapo"@cuj	
"plešte"@cu	<http://ids.clld.org/values/4-300-199-3>		<http://ids.clld.org/parameters/4-300>		<http://ids.clld.org/values/4-300-264-3>		"thana"@cuj	
"plešte"@cu	<http://ids.clld.org/values/4-300-199-3>		<http://ids.clld.org/parameters/4-300>		<http://ids.clld.org/values/4-300-264-1>		"sko-thana"@cuj	
"ljubiti"@cu	<http://ids.clld.org/values/16-270-199-3>		<http://ids.clld.org/parameters/16-270>		<http://ids.clld.org/values/16-270-264-3>		"hišinika"@cuj	
"ljubiti"@cu	<http://ids.clld.org/values/16-270-199-3>		<http://ids.clld.org/parameters/16-270>		<http://ids.clld.org/values/16-270-264-1>		"haľɨka"@cuj	
"rŭdrŭ"@cu	<http://ids.clld.org/values/15-660-199-5>		<http://ids.clld.org/parameters/15-660>		<http://ids.clld.org/values/15-660-264-1>		"sero"@cuj	
"plaštĭ"@cu	<http://ids.clld.org/values/6-410-199-1>		<http://ids.clld.org/parameters/6-410>		<http://ids.clld.org/values/6-410-264-1>		"papowaľɨtɨ"@cuj	
"vŭzęti"@cu	<http://ids.clld.org/values/11-130-199-1>		<http://ids.clld.org/parameters/11-130>		<http://ids.clld.org/values/11-130-264-1>		"hani-ka"@cuj	
"kranijevŭ"@cu	<http://ids.clld.org/values/4-202-199-1>		<http://ids.clld.org/parameters/4-202>		<http://ids.clld.org/values/4-202-264-1>		"xiwɨta"@cuj	
"dĭbrĭ"@cu	<http://ids.clld.org/values/1-240-199-1>		<http://ids.clld.org/parameters/1-240>		<http://ids.clld.org/values/1-240-264-1>		"čpaľe"@cuj	
"dĭbrĭ"@cu	<http://ids.clld.org/values/1-240-199-1>		<http://ids.clld.org/parameters/1-240>		<http://ids.clld.org/values/1-240-264-3>		"mahka čpaľe"@cuj	
"grudĭ"@cu	<http://ids.clld.org/values/4-400-199-3>		<http://ids.clld.org/parameters/4-400>		<http://ids.clld.org/values/4-400-264-1>		"tľo"@cuj	
"palĭcĭ"@cu	<http://ids.clld.org/values/4-342-199-1>		<http://ids.clld.org/parameters/4-342>		<http://ids.clld.org/values/4-342-264-1>		"c̷rɨxirɨ"@cuj	
"ostrŭ"@cu	<http://ids.clld.org/values/15-780-199-1>		<http://ids.clld.org/parameters/15-780>		<http://ids.clld.org/values/15-780-264-1>		"phewna"@cuj	
"drěvo"@cu	<http://ids.clld.org/values/1-420-199-1>		<http://ids.clld.org/parameters/1-420>		<http://ids.clld.org/values/1-420-264-3>		"hah-mɨna"@cuj	
"drěvo"@cu	<http://ids.clld.org/values/1-420-199-1>		<http://ids.clld.org/parameters/1-420>		<http://ids.clld.org/values/1-420-264-1>		"mɨna"@cuj	
"světilĭnikŭ"@cu	<http://ids.clld.org/values/7-450-199-1>		<http://ids.clld.org/parameters/7-450>		<http://ids.clld.org/values/7-450-264-1>		"kataľo"@cuj	
"buditi"@cu	<http://ids.clld.org/values/4-630-199-1>		<http://ids.clld.org/parameters/4-630>		<http://ids.clld.org/values/4-630-264-1>		"komyeka"@cuj	
