"rešti"@cu	<http://ids.clld.org/values/18-220-199-1>		<http://ids.clld.org/parameters/18-220>		<http://ids.clld.org/values/18-220-287-1>		"ʔe"@myu	
"vrŭtŭ"@cu	<http://ids.clld.org/values/8-130-199-1>		<http://ids.clld.org/parameters/8-130>		<http://ids.clld.org/values/8-130-287-1>		"kadai daidadaap"@myu	
"žęžda"@cu	<http://ids.clld.org/values/5-150-199-1>		<http://ids.clld.org/parameters/5-150>		<http://ids.clld.org/values/5-150-287-1>		"ibipɨrɨk"@myu	
"studenŭ"@cu	<http://ids.clld.org/values/15-860-199-1>		<http://ids.clld.org/parameters/15-860>		<http://ids.clld.org/values/15-860-287-1>		"-čɨk"@myu	
"malo"@cu	<http://ids.clld.org/values/13-170-199-1>		<http://ids.clld.org/parameters/13-170>		<http://ids.clld.org/values/13-170-287-1>		"ade ɲɨ"@myu	
"lěčiti"@cu	<http://ids.clld.org/values/4-860-199-3>		<http://ids.clld.org/parameters/4-860>		<http://ids.clld.org/values/4-860-287-1>		"ohom"@myu	
"opašĭ"@cu	<http://ids.clld.org/values/4-180-199-1>		<http://ids.clld.org/parameters/4-180>		<http://ids.clld.org/values/4-180-287-1>		"-d-oay-bɨ"@myu	
"kokošĭ"@cu	<http://ids.clld.org/values/3-540-199-1>		<http://ids.clld.org/parameters/3-540>		<http://ids.clld.org/values/3-540-287-1>		"sapokay ayačat"@myu	
"drŭva"@cu	<http://ids.clld.org/values/1-430-199-1>		<http://ids.clld.org/parameters/1-430>		<http://ids.clld.org/values/1-430-287-1>		"-ʔip"@myu	
"pogubiti"@cu	<http://ids.clld.org/values/11-330-199-1>		<http://ids.clld.org/parameters/11-330>		<http://ids.clld.org/values/11-330-287-1>		"opat"@myu	
"kolěno"@cu	<http://ids.clld.org/values/4-360-199-1>		<http://ids.clld.org/parameters/4-360>		<http://ids.clld.org/values/4-360-287-3>		"-ɨ̃ŋ-ʔa"@myu	
"kolěno"@cu	<http://ids.clld.org/values/4-360-199-1>		<http://ids.clld.org/parameters/4-360>		<http://ids.clld.org/values/4-360-287-1>		"yɨ̃ɲ-ʔa"@myu	
"pluti"@cu	<http://ids.clld.org/values/10-350-199-1>		<http://ids.clld.org/parameters/10-350>		<http://ids.clld.org/values/10-350-287-3>		"ǰekodododon"@myu	
"pluti"@cu	<http://ids.clld.org/values/10-350-199-1>		<http://ids.clld.org/parameters/10-350>		<http://ids.clld.org/values/10-350-287-1>		"ǰedoɲ"@myu	
"kurŭ"@cu	<http://ids.clld.org/values/3-520-199-1>		<http://ids.clld.org/parameters/3-520>		<http://ids.clld.org/values/3-520-287-1>		"sapokay aɲokat-kat"@myu	
"zelenŭ"@cu	<http://ids.clld.org/values/15-680-199-1>		<http://ids.clld.org/parameters/15-680>		<http://ids.clld.org/values/15-680-287-1>		"-rem-rɨm"@myu	
"dymǎ"@cu	<http://ids.clld.org/values/1-830-199-1>		<http://ids.clld.org/parameters/1-830>		<http://ids.clld.org/values/1-830-287-1>		"daša-diɲ"@myu	
"dymǎ"@cu	<http://ids.clld.org/values/1-830-199-1>		<http://ids.clld.org/parameters/1-830>		<http://ids.clld.org/values/1-830-287-3>		"-diŋ"@myu	
"lěnŭ"@cu	<http://ids.clld.org/values/4-920-199-1>		<http://ids.clld.org/parameters/4-920>		<http://ids.clld.org/values/4-920-287-1>		"ibɨbɨʔɨʔɨ"@myu	
"udariti"@cu	<http://ids.clld.org/values/9-210-199-3>		<http://ids.clld.org/parameters/9-210>		<http://ids.clld.org/values/9-210-287-1>		"imɨpãm"@myu	
"štěnĭ"@cu	<http://ids.clld.org/values/1-630-199-3>		<http://ids.clld.org/parameters/1-630>		<http://ids.clld.org/values/1-630-287-1>		"kabičɨk"@myu	
"dědŭ"@cu	<http://ids.clld.org/values/2-460-199-1>		<http://ids.clld.org/parameters/2-460>		<http://ids.clld.org/values/2-460-287-1>		"aǰoǰot"@myu	
"dědŭ"@cu	<http://ids.clld.org/values/2-460-199-1>		<http://ids.clld.org/parameters/2-460>		<http://ids.clld.org/values/2-460-287-3>		"aǰotʔa"@myu	
"slŭnĭce"@cu	<http://ids.clld.org/values/1-520-199-1>		<http://ids.clld.org/parameters/1-520>		<http://ids.clld.org/values/1-520-287-1>		"ka-ši"@myu	
"groznŭ"@cu	<http://ids.clld.org/values/5-760-199-3>		<http://ids.clld.org/parameters/5-760>		<http://ids.clld.org/values/5-760-287-1>		"[ɨva-]ʔa"@myu	
"brĭnĭje"@cu	<http://ids.clld.org/values/1-214-199-1>		<http://ids.clld.org/parameters/1-214>		<http://ids.clld.org/values/1-214-287-1>		"kaerep"@myu	
"jęti"@cu	<http://ids.clld.org/values/11-140-199-1>		<http://ids.clld.org/parameters/11-140>		<http://ids.clld.org/values/11-140-287-1>		"ǰat"@myu	
"krajĭ"@cu	<http://ids.clld.org/values/1-270-199-3>		<http://ids.clld.org/parameters/1-270>		<http://ids.clld.org/values/1-270-287-1>		"ka-ʔo-ri-rit"@myu	
"věděti"@cu	<http://ids.clld.org/values/17-170-199-1>		<http://ids.clld.org/parameters/17-170>		<http://ids.clld.org/values/17-170-287-1>		"itaybit"@myu	
"věděti"@cu	<http://ids.clld.org/values/17-170-199-1>		<http://ids.clld.org/parameters/17-170>		<http://ids.clld.org/values/17-170-287-3>		"wetaybit"@myu	
"mokrŭ"@cu	<http://ids.clld.org/values/15-830-199-1>		<http://ids.clld.org/parameters/15-830>		<http://ids.clld.org/values/15-830-287-1>		"iši"@myu	
"mokrŭ"@cu	<http://ids.clld.org/values/15-830-199-1>		<http://ids.clld.org/parameters/15-830>		<http://ids.clld.org/values/15-830-287-3>		"-direm"@myu	
"pĭsŭ"@cu	<http://ids.clld.org/values/3-610-199-1>		<http://ids.clld.org/parameters/3-610>		<http://ids.clld.org/values/3-610-287-1>		"akɨriče"@myu	
"pĭsŭ"@cu	<http://ids.clld.org/values/3-610-199-1>		<http://ids.clld.org/parameters/3-610>		<http://ids.clld.org/values/3-610-287-3>		"akiriče"@myu	
"pražiti"@cu	<http://ids.clld.org/values/5-230-199-3>		<http://ids.clld.org/parameters/5-230>		<http://ids.clld.org/values/5-230-287-1>		"imɨ-karaw-karaw"@myu	
"slušati"@cu	<http://ids.clld.org/values/15-420-199-1>		<http://ids.clld.org/parameters/15-420>		<http://ids.clld.org/values/15-420-287-1>		"yaʔĩǰom"@myu	
"oko"@cu	<http://ids.clld.org/values/4-210-199-1>		<http://ids.clld.org/parameters/4-210>		<http://ids.clld.org/values/4-210-287-1>		"i-ta"@myu	
"gręsti"@cu	<http://ids.clld.org/values/10-480-199-3>		<http://ids.clld.org/parameters/10-480>		<http://ids.clld.org/values/10-480-287-1>		"don"@myu	
"gręsti"@cu	<http://ids.clld.org/values/10-480-199-3>		<http://ids.clld.org/parameters/10-480>		<http://ids.clld.org/values/10-480-287-5>		"e-ǰot"@myu	
"gręsti"@cu	<http://ids.clld.org/values/10-480-199-3>		<http://ids.clld.org/parameters/10-480>		<http://ids.clld.org/values/10-480-287-3>		"dodon"@myu	
"rąka"@cu	<http://ids.clld.org/values/4-330-199-1>		<http://ids.clld.org/parameters/4-330>		<http://ids.clld.org/values/4-330-287-1>		"i-bɨ-nɨ̃ʔa"@myu	
"rąka"@cu	<http://ids.clld.org/values/4-330-199-1>		<http://ids.clld.org/parameters/4-330>		<http://ids.clld.org/values/4-330-287-3>		"-bɨ̃-rɨ̃-ʔa"@myu	
"pĭrěti sę"@cu	<http://ids.clld.org/values/20-110-199-1>		<http://ids.clld.org/parameters/20-110>		<http://ids.clld.org/values/20-110-287-1>		"ǰewešikšiɲ"@myu	
"bělŭ"@cu	<http://ids.clld.org/values/15-640-199-1>		<http://ids.clld.org/parameters/15-640>		<http://ids.clld.org/values/15-640-287-1>		"i-rɨt"@myu	
"jelenĭ"@cu	<http://ids.clld.org/values/3-750-199-1>		<http://ids.clld.org/parameters/3-750>		<http://ids.clld.org/values/3-750-287-1>		"dapsem"@myu	
"iziti"@cu	<http://ids.clld.org/values/10-490-199-3>		<http://ids.clld.org/parameters/10-490>		<http://ids.clld.org/values/10-490-287-1>		"ǰewemɨwẽnɨwẽn"@myu	
"sŭsŭ"@cu	<http://ids.clld.org/values/4-410-199-1>		<http://ids.clld.org/parameters/4-410>		<http://ids.clld.org/values/4-410-287-1>		"-kɨ̃m"@myu	
"kurę"@cu	<http://ids.clld.org/values/3-550-199-1>		<http://ids.clld.org/parameters/3-550>		<http://ids.clld.org/values/3-550-287-1>		"sapokay yaypapɨ̃ɲat"@myu	
"lěkŭ"@cu	<http://ids.clld.org/values/4-880-199-3>		<http://ids.clld.org/parameters/4-880>		<http://ids.clld.org/values/4-880-287-1>		"posɨ̃ŋ-ti (~ -di)"@myu	
"bratrŭ"@cu	<http://ids.clld.org/values/2-440-199-1>		<http://ids.clld.org/parameters/2-440>		<http://ids.clld.org/values/2-440-287-1>		"kipit"@myu	
"dvĭrĭ"@cu	<http://ids.clld.org/values/7-220-199-1>		<http://ids.clld.org/parameters/7-220>		<http://ids.clld.org/values/7-220-287-1>		"šĩntabi ikoče"@myu	
"veselŭ"@cu	<http://ids.clld.org/values/16-230-199-3>		<http://ids.clld.org/parameters/16-230>		<http://ids.clld.org/values/16-230-287-1>		"i-čok-čok"@myu	
"poletěti"@cu	<http://ids.clld.org/values/10-370-199-1>		<http://ids.clld.org/parameters/10-370>		<http://ids.clld.org/values/10-370-287-1>		"ǰepɨpɨpɨm"@myu	
"sinĭ"@cu	<http://ids.clld.org/values/15-670-199-1>		<http://ids.clld.org/parameters/15-670>		<http://ids.clld.org/values/15-670-287-1>		"i-rem-rɨm"@myu	
"črěvo"@cu	<http://ids.clld.org/values/4-460-199-1>		<http://ids.clld.org/parameters/4-460>		<http://ids.clld.org/values/4-460-287-1>		"i-ʔɨk"@myu	
"drŭžati"@cu	<http://ids.clld.org/values/11-150-199-1>		<http://ids.clld.org/parameters/11-150>		<http://ids.clld.org/values/11-150-287-5>		"čoʔi"@myu	
"drŭžati"@cu	<http://ids.clld.org/values/11-150-199-1>		<http://ids.clld.org/parameters/11-150>		<http://ids.clld.org/values/11-150-287-1>		"ǰat"@myu	
"drŭžati"@cu	<http://ids.clld.org/values/11-150-199-1>		<http://ids.clld.org/parameters/11-150>		<http://ids.clld.org/values/11-150-287-3>		"eǰoʔišik"@myu	
"strachŭ"@cu	<http://ids.clld.org/values/16-530-199-1>		<http://ids.clld.org/parameters/16-530>		<http://ids.clld.org/values/16-530-287-1>		"iparara"@myu	
"grŭnĭcĭ"@cu	<http://ids.clld.org/values/5-260-199-1>		<http://ids.clld.org/parameters/5-260>		<http://ids.clld.org/values/5-260-287-1>		"i-tĩŋ-ʔa"@myu	
"mąžĭ"@cu	<http://ids.clld.org/values/2-210-199-1>		<http://ids.clld.org/parameters/2-210>		<http://ids.clld.org/values/2-210-287-1>		"a-ɲo-kat-kat"@myu	
"nenavistĭ"@cu	<http://ids.clld.org/values/16-410-199-1>		<http://ids.clld.org/parameters/16-410>		<http://ids.clld.org/values/16-410-287-1>		"tep-tep"@myu	
"ząbŭ"@cu	<http://ids.clld.org/values/4-270-199-1>		<http://ids.clld.org/parameters/4-270>		<http://ids.clld.org/values/4-270-287-1>		"n-ɨ̃y"@myu	
"voda"@cu	<http://ids.clld.org/values/1-310-199-1>		<http://ids.clld.org/parameters/1-310>		<http://ids.clld.org/values/1-310-287-1>		"i-di-bi"@myu	
"oblakŭ"@cu	<http://ids.clld.org/values/1-730-199-1>		<http://ids.clld.org/parameters/1-730>		<http://ids.clld.org/values/1-730-287-1>		"ka-bi-kere-reat"@myu	
"věja"@cu	<http://ids.clld.org/values/8-550-199-3>		<http://ids.clld.org/parameters/8-550>		<http://ids.clld.org/values/8-550-287-3>		"taypa"@myu	
"věja"@cu	<http://ids.clld.org/values/8-550-199-3>		<http://ids.clld.org/parameters/8-550>		<http://ids.clld.org/values/8-550-287-1>		"takɨ̃"@myu	
"zvězda"@cu	<http://ids.clld.org/values/1-540-199-1>		<http://ids.clld.org/parameters/1-540>		<http://ids.clld.org/values/1-540-287-1>		"ka-sop-ta (-da)"@myu	
"gvozdĭ"@cu	<http://ids.clld.org/values/9-500-199-1>		<http://ids.clld.org/parameters/9-500>		<http://ids.clld.org/values/9-500-287-1>		"tapoa"@myu	
"lěto"@cu	<http://ids.clld.org/values/14-760-199-3>		<http://ids.clld.org/parameters/14-760>		<http://ids.clld.org/values/14-760-287-1>		"koato"@myu	
"zemlja"@cu	<http://ids.clld.org/values/19-110-199-3>		<http://ids.clld.org/parameters/19-110>		<http://ids.clld.org/values/19-110-287-1>		"ipi"@myu	
"tokŭ"@cu	<http://ids.clld.org/values/1-360-199-3>		<http://ids.clld.org/parameters/1-360>		<http://ids.clld.org/values/1-360-287-1>		"i-di-bi"@myu	
"podobĭnŭ"@cu	<http://ids.clld.org/values/12-920-199-1>		<http://ids.clld.org/parameters/12-920>		<http://ids.clld.org/values/12-920-287-1>		"bɨšim"@myu	
"pluti"@cu	<http://ids.clld.org/values/10-340-199-1>		<http://ids.clld.org/parameters/10-340>		<http://ids.clld.org/values/10-340-287-1>		"-ǰe-bok-bok"@myu	
"šujĭ"@cu	<http://ids.clld.org/values/12-420-199-1>		<http://ids.clld.org/parameters/12-420>		<http://ids.clld.org/values/12-420-287-1>		"-baʔĩŋ"@myu	
"šujĭ"@cu	<http://ids.clld.org/values/12-420-199-1>		<http://ids.clld.org/parameters/12-420>		<http://ids.clld.org/values/12-420-287-3>		"wɨybaʔɨ̃ɲat"@myu	
"potokŭ"@cu	<http://ids.clld.org/values/1-360-199-5>		<http://ids.clld.org/parameters/1-360>		<http://ids.clld.org/values/1-360-287-1>		"i-di-bi"@myu	
"kŭsněti"@cu	<http://ids.clld.org/values/14-240-199-3>		<http://ids.clld.org/parameters/14-240>		<http://ids.clld.org/values/14-240-287-1>		"ibɨn"@myu	
"ključĭ"@cu	<http://ids.clld.org/values/7-240-199-1>		<http://ids.clld.org/parameters/7-240>		<http://ids.clld.org/values/7-240-287-1>		"tomɨdipʔɨkʔɨkap"@myu	
"prĭstŭ"@cu	<http://ids.clld.org/values/4-340-199-3>		<http://ids.clld.org/parameters/4-340>		<http://ids.clld.org/values/4-340-287-1>		"i-bɨ"@myu	
"črŭvĭ"@cu	<http://ids.clld.org/values/3-840-199-1>		<http://ids.clld.org/parameters/3-840>		<http://ids.clld.org/values/3-840-287-1>		"nasɨ̃ŋ-pɨ"@myu	
"skrŭbĭ"@cu	<http://ids.clld.org/values/16-320-199-3>		<http://ids.clld.org/parameters/16-320>		<http://ids.clld.org/values/16-320-287-1>		"iɲɨ̃yčɨ̃ɲ"@myu	
"sŭsati"@cu	<http://ids.clld.org/values/5-160-199-1>		<http://ids.clld.org/parameters/5-160>		<http://ids.clld.org/values/5-160-287-1>		"diʔoʔm"@myu	
"sukno"@cu	<http://ids.clld.org/values/6-210-199-3>		<http://ids.clld.org/parameters/6-210>		<http://ids.clld.org/values/6-210-287-1>		"[paɲo]"@myu	
"otrokovica"@cu	<http://ids.clld.org/values/2-260-199-3>		<http://ids.clld.org/parameters/2-260>		<http://ids.clld.org/values/2-260-287-1>		"a-yat-at-ʔit-ʔit"@myu	
"selo"@cu	<http://ids.clld.org/values/8-120-199-1>		<http://ids.clld.org/parameters/8-120>		<http://ids.clld.org/values/8-120-287-1>		"koɲɨ̃npi"@myu	
"prasę"@cu	<http://ids.clld.org/values/3-350-199-1>		<http://ids.clld.org/parameters/3-350>		<http://ids.clld.org/values/3-350-287-1>		"daǰe"@myu	
"priskrŭbĭnŭ"@cu	<http://ids.clld.org/values/16-320-199-5>		<http://ids.clld.org/parameters/16-320>		<http://ids.clld.org/values/16-320-287-1>		"iɲɨ̃yčɨ̃ɲ"@myu	
"dobrŭ"@cu	<http://ids.clld.org/values/16-710-199-1>		<http://ids.clld.org/parameters/16-710>		<http://ids.clld.org/values/16-710-287-1>		"šipat"@myu	
"pětelŭ"@cu	<http://ids.clld.org/values/3-520-199-5>		<http://ids.clld.org/parameters/3-520>		<http://ids.clld.org/values/3-520-287-1>		"sapokay aɲokat-kat"@myu	
"krasĭnŭ"@cu	<http://ids.clld.org/values/16-810-199-1>		<http://ids.clld.org/parameters/16-810>		<http://ids.clld.org/values/16-810-287-1>		"idip"@myu	
"tĭnŭkŭ"@cu	<http://ids.clld.org/values/12-650-199-1>		<http://ids.clld.org/parameters/12-650>		<http://ids.clld.org/values/12-650-287-1>		"-erɨ̃n"@myu	
"lajĭno"@cu	<http://ids.clld.org/values/4-660-199-5>		<http://ids.clld.org/parameters/4-660>		<http://ids.clld.org/values/4-660-287-1>		"-nɨ̃n ~ tɨ̃n"@myu	
"noga"@cu	<http://ids.clld.org/values/4-370-199-1>		<http://ids.clld.org/parameters/4-370>		<http://ids.clld.org/values/4-370-287-3>		"-i"@myu	
"noga"@cu	<http://ids.clld.org/values/4-370-199-1>		<http://ids.clld.org/parameters/4-370>		<http://ids.clld.org/values/4-370-287-1>		"sui"@myu	
"kŭžĭdo"@cu	<http://ids.clld.org/values/13-140-199-3>		<http://ids.clld.org/parameters/13-140>		<http://ids.clld.org/values/13-140-287-1>		"soat"@myu	
"istina"@cu	<http://ids.clld.org/values/16-660-199-1>		<http://ids.clld.org/parameters/16-660>		<http://ids.clld.org/values/16-660-287-1>		"ičemãn"@myu	
"listŭ"@cu	<http://ids.clld.org/values/8-560-199-1>		<http://ids.clld.org/parameters/8-560>		<http://ids.clld.org/values/8-560-287-1>		"-d-ɨp"@myu	
"nebo"@cu	<http://ids.clld.org/values/1-510-199-1>		<http://ids.clld.org/parameters/1-510>		<http://ids.clld.org/values/1-510-287-3>		"ka-bi"@myu	
"nebo"@cu	<http://ids.clld.org/values/1-510-199-1>		<http://ids.clld.org/parameters/1-510>		<http://ids.clld.org/values/1-510-287-1>		"kaʔ-bi"@myu	
"gněvŭ"@cu	<http://ids.clld.org/values/16-420-199-1>		<http://ids.clld.org/parameters/16-420>		<http://ids.clld.org/values/16-420-287-1>		"yɨkpičeɲe"@myu	
"iti"@cu	<http://ids.clld.org/values/10-470-199-1>		<http://ids.clld.org/parameters/10-470>		<http://ids.clld.org/values/10-470-287-3>		"ǰɨ"@myu	
"iti"@cu	<http://ids.clld.org/values/10-470-199-1>		<http://ids.clld.org/parameters/10-470>		<http://ids.clld.org/values/10-470-287-1>		"čɨm"@myu	
"malŭ"@cu	<http://ids.clld.org/values/12-560-199-1>		<http://ids.clld.org/parameters/12-560>		<http://ids.clld.org/values/12-560-287-3>		"-istma"@myu	
"malŭ"@cu	<http://ids.clld.org/values/12-560-199-1>		<http://ids.clld.org/parameters/12-560>		<http://ids.clld.org/values/12-560-287-1>		"-ĩtma"@myu	
"duchŭ"@cu	<http://ids.clld.org/values/4-510-199-5>		<http://ids.clld.org/parameters/4-510>		<http://ids.clld.org/values/4-510-287-1>		"ǰe-pido-wat-wan"@myu	
"otvoriti"@cu	<http://ids.clld.org/values/12-240-199-3>		<http://ids.clld.org/parameters/12-240>		<http://ids.clld.org/values/12-240-287-1>		"tomɨdipʔɨkʔɨk"@myu	
"bogatŭ"@cu	<http://ids.clld.org/values/11-510-199-1>		<http://ids.clld.org/parameters/11-510>		<http://ids.clld.org/values/11-510-287-1>		"ibɨbɨt adeat"@myu	
"chartija"@cu	<http://ids.clld.org/values/18-560-199-1>		<http://ids.clld.org/parameters/18-560>		<http://ids.clld.org/values/18-560-287-1>		"[papera]-dɨp"@myu	
"srŭdĭce"@cu	<http://ids.clld.org/values/4-440-199-1>		<http://ids.clld.org/parameters/4-440>		<http://ids.clld.org/values/4-440-287-1>		"-a-ʔõ-ša-bi-da"@myu	
"odrŭ"@cu	<http://ids.clld.org/values/7-420-199-1>		<http://ids.clld.org/parameters/7-420>		<http://ids.clld.org/values/7-420-287-1>		"šešečap"@myu	
"trěti"@cu	<http://ids.clld.org/values/9-310-199-1>		<http://ids.clld.org/parameters/9-310>		<http://ids.clld.org/values/9-310-287-1>		"imɨ-wesɨ-wesɨm"@myu	
"dati"@cu	<http://ids.clld.org/values/11-210-199-1>		<http://ids.clld.org/parameters/11-210>		<http://ids.clld.org/values/11-210-287-1>		"iɨ̃mɨ̃m"@myu	
"očesŭ"@cu	<http://ids.clld.org/values/4-180-199-3>		<http://ids.clld.org/parameters/4-180>		<http://ids.clld.org/values/4-180-287-1>		"-d-oay-bɨ"@myu	
"synŭ"@cu	<http://ids.clld.org/values/2-410-199-1>		<http://ids.clld.org/parameters/2-410>		<http://ids.clld.org/values/2-410-287-1>		"ʔit"@myu	
"pasti"@cu	<http://ids.clld.org/values/10-230-199-1>		<http://ids.clld.org/parameters/10-230>		<http://ids.clld.org/values/10-230-287-1>		"ʔat-ʔan"@myu	
"krągŭ"@cu	<http://ids.clld.org/values/12-820-199-1>		<http://ids.clld.org/parameters/12-820>		<http://ids.clld.org/values/12-820-287-1>		"-ko-ren-ren"@myu	
"velikŭ"@cu	<http://ids.clld.org/values/12-550-199-3>		<http://ids.clld.org/parameters/12-550>		<http://ids.clld.org/values/12-550-287-1>		"-oboŋ"@myu	
"velikŭ"@cu	<http://ids.clld.org/values/12-550-199-3>		<http://ids.clld.org/parameters/12-550>		<http://ids.clld.org/values/12-550-287-3>		"-boŋ"@myu	
"stojati"@cu	<http://ids.clld.org/values/12-150-199-1>		<http://ids.clld.org/parameters/12-150>		<http://ids.clld.org/values/12-150-287-1>		"čɨ̃ŋ-ʔi"@myu	
"vŭžešti"@cu	<http://ids.clld.org/values/1-860-199-1>		<http://ids.clld.org/parameters/1-860>		<http://ids.clld.org/values/1-860-287-1>		"isop"@myu	
"trĭje"@cu	<http://ids.clld.org/values/13-30-199-1>		<http://ids.clld.org/parameters/13-30>		<http://ids.clld.org/values/13-30-287-1>		"e-ba-pɨ̃ŋ"@myu	
"otŭvrěsti"@cu	<http://ids.clld.org/values/12-240-199-1>		<http://ids.clld.org/parameters/12-240>		<http://ids.clld.org/values/12-240-287-1>		"tomɨdipʔɨkʔɨk"@myu	
"mąditi"@cu	<http://ids.clld.org/values/14-240-199-1>		<http://ids.clld.org/parameters/14-240>		<http://ids.clld.org/values/14-240-287-1>		"ibɨn"@myu	
"trava"@cu	<http://ids.clld.org/values/8-510-199-1>		<http://ids.clld.org/parameters/8-510>		<http://ids.clld.org/values/8-510-287-1>		"kapĩ-i-dip"@myu	
"vrŭvĭ"@cu	<http://ids.clld.org/values/9-190-199-1>		<http://ids.clld.org/parameters/9-190>		<http://ids.clld.org/values/9-190-287-3>		"boro-bɨ"@myu	
"vrŭvĭ"@cu	<http://ids.clld.org/values/9-190-199-1>		<http://ids.clld.org/parameters/9-190>		<http://ids.clld.org/values/9-190-287-1>		"i-ši-bɨ"@myu	
"obratiti"@cu	<http://ids.clld.org/values/10-120-199-1>		<http://ids.clld.org/parameters/10-120>		<http://ids.clld.org/values/10-120-287-1>		"šĩŋ-šĩŋ ǰepin"@myu	
"glagolati"@cu	<http://ids.clld.org/values/18-210-199-1>		<http://ids.clld.org/parameters/18-210>		<http://ids.clld.org/values/18-210-287-1>		"ǰededem"@myu	
"glagolati"@cu	<http://ids.clld.org/values/18-210-199-1>		<http://ids.clld.org/parameters/18-210>		<http://ids.clld.org/values/18-210-287-3>		"ǰekawẽn-wẽn"@myu	
"silĭnŭ"@cu	<http://ids.clld.org/values/4-810-199-3>		<http://ids.clld.org/parameters/4-810>		<http://ids.clld.org/values/4-810-287-1>		"ibača"@myu	
"sladŭkŭ"@cu	<http://ids.clld.org/values/15-350-199-1>		<http://ids.clld.org/parameters/15-350>		<http://ids.clld.org/values/15-350-287-3>		"yakɨrɨ-kɨrɨ"@myu	
"sladŭkŭ"@cu	<http://ids.clld.org/values/15-350-199-1>		<http://ids.clld.org/parameters/15-350>		<http://ids.clld.org/values/15-350-287-1>		"ikɨrɨ-kɨrɨ"@myu	
"umoriti"@cu	<http://ids.clld.org/values/4-760-199-3>		<http://ids.clld.org/parameters/4-760>		<http://ids.clld.org/values/4-760-287-3>		"yaokakam"@myu	
"umoriti"@cu	<http://ids.clld.org/values/4-760-199-3>		<http://ids.clld.org/parameters/4-760>		<http://ids.clld.org/values/4-760-287-1>		"yaokam"@myu	
"zemlja"@cu	<http://ids.clld.org/values/1-210-199-1>		<http://ids.clld.org/parameters/1-210>		<http://ids.clld.org/values/1-210-287-1>		"iʔ-pi"@myu	
"zemlja"@cu	<http://ids.clld.org/values/1-210-199-1>		<http://ids.clld.org/parameters/1-210>		<http://ids.clld.org/values/1-210-287-3>		"i-pi"@myu	
"jedinŭ"@cu	<http://ids.clld.org/values/13-330-199-1>		<http://ids.clld.org/parameters/13-330>		<http://ids.clld.org/values/13-330-287-1>		"ǰaɲepɨ̃ɲ ma"@myu	
"językŭ"@cu	<http://ids.clld.org/values/4-260-199-1>		<http://ids.clld.org/parameters/4-260>		<http://ids.clld.org/values/4-260-287-1>		"-kõ"@myu	
"lěto"@cu	<http://ids.clld.org/values/14-730-199-1>		<http://ids.clld.org/parameters/14-730>		<http://ids.clld.org/values/14-730-287-1>		"koato"@myu	
"mlŭnĭjĭ"@cu	<http://ids.clld.org/values/1-550-199-1>		<http://ids.clld.org/parameters/1-550>		<http://ids.clld.org/values/1-550-287-1>		"ǰe-širirik-šiririŋ"@myu	
"bobŭ"@cu	<http://ids.clld.org/values/5-660-199-1>		<http://ids.clld.org/parameters/5-660>		<http://ids.clld.org/values/5-660-287-3>		"kaǰɨ̃rɨ̃ba"@myu	
"bobŭ"@cu	<http://ids.clld.org/values/5-660-199-1>		<http://ids.clld.org/parameters/5-660>		<http://ids.clld.org/values/5-660-287-1>		"pišãoda"@myu	
"vŭ slědŭ iti"@cu	<http://ids.clld.org/values/10-520-199-1>		<http://ids.clld.org/parameters/10-520>		<http://ids.clld.org/values/10-520-287-1>		"nomɨǰɨ"@myu	
"priti"@cu	<http://ids.clld.org/values/10-550-199-1>		<http://ids.clld.org/parameters/10-550>		<http://ids.clld.org/values/10-550-287-1>		"aǰẽm"@myu	
"tęžĭkŭ"@cu	<http://ids.clld.org/values/15-810-199-1>		<http://ids.clld.org/parameters/15-810>		<http://ids.clld.org/values/15-810-287-1>		"i-poši"@myu	
"tęžĭkŭ"@cu	<http://ids.clld.org/values/15-810-199-1>		<http://ids.clld.org/parameters/15-810>		<http://ids.clld.org/values/15-810-287-3>		"ta-poši"@myu	
"plavati"@cu	<http://ids.clld.org/values/10-340-199-3>		<http://ids.clld.org/parameters/10-340>		<http://ids.clld.org/values/10-340-287-1>		"-ǰe-bok-bok"@myu	
"jadĭ"@cu	<http://ids.clld.org/values/5-120-199-3>		<http://ids.clld.org/parameters/5-120>		<http://ids.clld.org/values/5-120-287-1>		"išat"@myu	
"koža"@cu	<http://ids.clld.org/values/4-120-199-1>		<http://ids.clld.org/parameters/4-120>		<http://ids.clld.org/values/4-120-287-1>		"-še-ʔe"@myu	
"odežda"@cu	<http://ids.clld.org/values/6-120-199-1>		<http://ids.clld.org/parameters/6-120>		<http://ids.clld.org/values/6-120-287-1>		"doti"@myu	
"odežda"@cu	<http://ids.clld.org/values/6-120-199-1>		<http://ids.clld.org/parameters/6-120>		<http://ids.clld.org/values/6-120-287-3>		"say"@myu	
"věštati"@cu	<http://ids.clld.org/values/18-210-199-3>		<http://ids.clld.org/parameters/18-210>		<http://ids.clld.org/values/18-210-287-1>		"ǰededem"@myu	
"věštati"@cu	<http://ids.clld.org/values/18-210-199-3>		<http://ids.clld.org/parameters/18-210>		<http://ids.clld.org/values/18-210-287-3>		"ǰekawẽn-wẽn"@myu	
"(j)aviti sę"@cu	<http://ids.clld.org/values/17-180-199-1>		<http://ids.clld.org/parameters/17-180>		<http://ids.clld.org/values/17-180-287-1>		"ǰebapɨk"@myu	
"ništa"@cu	<http://ids.clld.org/values/6-380-199-3>		<http://ids.clld.org/parameters/6-380>		<http://ids.clld.org/values/6-380-287-1>		"bõrõ-bɨ"@myu	
"myšĭca"@cu	<http://ids.clld.org/values/4-310-199-1>		<http://ids.clld.org/parameters/4-310>		<http://ids.clld.org/values/4-310-287-1>		"i-ba"@myu	
"razuměti"@cu	<http://ids.clld.org/values/17-170-199-3>		<http://ids.clld.org/parameters/17-170>		<http://ids.clld.org/values/17-170-287-1>		"itaybit"@myu	
"razuměti"@cu	<http://ids.clld.org/values/17-170-199-3>		<http://ids.clld.org/parameters/17-170>		<http://ids.clld.org/values/17-170-287-3>		"wetaybit"@myu	
"pljĭvati"@cu	<http://ids.clld.org/values/4-560-199-1>		<http://ids.clld.org/parameters/4-560>		<http://ids.clld.org/values/4-560-287-1>		"-bi-di"@myu	
"životŭ"@cu	<http://ids.clld.org/values/4-740-199-5>		<http://ids.clld.org/parameters/4-740>		<http://ids.clld.org/values/4-740-287-1>		"itaʔit"@myu	
"ogradŭ"@cu	<http://ids.clld.org/values/8-130-199-5>		<http://ids.clld.org/parameters/8-130>		<http://ids.clld.org/values/8-130-287-1>		"kadai daidadaap"@myu	
"ązŭkŭ"@cu	<http://ids.clld.org/values/12-620-199-1>		<http://ids.clld.org/parameters/12-620>		<http://ids.clld.org/values/12-620-287-1>		"-erɨ̃nĩtma"@myu	
"poslušati"@cu	<http://ids.clld.org/values/19-460-199-1>		<http://ids.clld.org/parameters/19-460>		<http://ids.clld.org/values/19-460-287-1>		"kɨ̃yǰobit yaʔõ-kay"@myu	
"prinesti"@cu	<http://ids.clld.org/values/10-620-199-1>		<http://ids.clld.org/parameters/10-620>		<http://ids.clld.org/values/10-620-287-1>		"toǰon"@myu	
"žętva"@cu	<http://ids.clld.org/values/14-760-199-1>		<http://ids.clld.org/parameters/14-760>		<http://ids.clld.org/values/14-760-287-1>		"koato"@myu	
"otrokŭ"@cu	<http://ids.clld.org/values/2-250-199-1>		<http://ids.clld.org/parameters/2-250>		<http://ids.clld.org/values/2-250-287-1>		"a-ɲo-kat-kat-ʔit-ʔit"@myu	
"nadragy"@cu	<http://ids.clld.org/values/6-480-199-1>		<http://ids.clld.org/parameters/6-480>		<http://ids.clld.org/values/6-480-287-1>		"wɨy-doti"@myu	
"ryba"@cu	<http://ids.clld.org/values/3-650-199-1>		<http://ids.clld.org/parameters/3-650>		<http://ids.clld.org/values/3-650-287-1>		"ašima"@myu	
"pokryti"@cu	<http://ids.clld.org/values/12-260-199-1>		<http://ids.clld.org/parameters/12-260>		<http://ids.clld.org/values/12-260-287-3>		"aǰɨy"@myu	
"pokryti"@cu	<http://ids.clld.org/values/12-260-199-1>		<http://ids.clld.org/parameters/12-260>		<http://ids.clld.org/values/12-260-287-1>		"yaǰɨyǰɨy"@myu	
"šija"@cu	<http://ids.clld.org/values/4-280-199-3>		<http://ids.clld.org/parameters/4-280>		<http://ids.clld.org/values/4-280-287-1>		"-a-ɲo-bɨ"@myu	
"pěsŭkŭ"@cu	<http://ids.clld.org/values/1-215-199-1>		<http://ids.clld.org/parameters/1-215>		<http://ids.clld.org/values/1-215-287-1>		"ka-ʔo-ri-rit"@myu	
"blagŭ"@cu	<http://ids.clld.org/values/16-710-199-3>		<http://ids.clld.org/parameters/16-710>		<http://ids.clld.org/values/16-710-287-1>		"šipat"@myu	
"ostrovŭ"@cu	<http://ids.clld.org/values/1-250-199-3>		<http://ids.clld.org/parameters/1-250>		<http://ids.clld.org/values/1-250-287-1>		"tipʔaweroro"@myu	
"cvětŭ"@cu	<http://ids.clld.org/values/8-570-199-1>		<http://ids.clld.org/parameters/8-570>		<http://ids.clld.org/values/8-570-287-1>		"-dit ~ tit"@myu	
"bojaznĭ"@cu	<http://ids.clld.org/values/16-530-199-3>		<http://ids.clld.org/parameters/16-530>		<http://ids.clld.org/values/16-530-287-1>		"iparara"@myu	
"ąchati"@cu	<http://ids.clld.org/values/15-210-199-3>		<http://ids.clld.org/parameters/15-210>		<http://ids.clld.org/values/15-210-287-1>		"iyõyõn"@myu	
"ąchati"@cu	<http://ids.clld.org/values/15-210-199-3>		<http://ids.clld.org/parameters/15-210>		<http://ids.clld.org/values/15-210-287-3>		"teʔo"@myu	
"gora"@cu	<http://ids.clld.org/values/1-220-199-1>		<http://ids.clld.org/parameters/1-220>		<http://ids.clld.org/values/1-220-287-1>		"čo-ʔa"@myu	
"męso"@cu	<http://ids.clld.org/values/5-610-199-1>		<http://ids.clld.org/parameters/5-610>		<http://ids.clld.org/values/5-610-287-1>		"-ẽn"@myu	
"ognĭ"@cu	<http://ids.clld.org/values/1-810-199-1>		<http://ids.clld.org/parameters/1-810>		<http://ids.clld.org/values/1-810-287-1>		"d-aša"@myu	
"krątiti"@cu	<http://ids.clld.org/values/10-130-199-1>		<http://ids.clld.org/parameters/10-130>		<http://ids.clld.org/values/10-130-287-1>		"yabitoro"@myu	
"crŭky"@cu	<http://ids.clld.org/values/22-130-199-1>		<http://ids.clld.org/parameters/22-130>		<http://ids.clld.org/values/22-130-287-1>		"Deɨs tɨkʔa"@myu	
"črĭvenŭ"@cu	<http://ids.clld.org/values/15-660-199-3>		<http://ids.clld.org/parameters/15-660>		<http://ids.clld.org/values/15-660-287-3>		"ipekpɨk"@myu	
"črĭvenŭ"@cu	<http://ids.clld.org/values/15-660-199-3>		<http://ids.clld.org/parameters/15-660>		<http://ids.clld.org/values/15-660-287-1>		"i-pak-pɨk"@myu	
"žiti"@cu	<http://ids.clld.org/values/7-110-199-1>		<http://ids.clld.org/parameters/7-110>		<http://ids.clld.org/values/7-110-287-1>		"-wat"@myu	
"rězati"@cu	<http://ids.clld.org/values/9-220-199-1>		<http://ids.clld.org/parameters/9-220>		<http://ids.clld.org/values/9-220-287-1>		"t-akat-kan"@myu	
"sąprągŭ"@cu	<http://ids.clld.org/values/2-320-199-3>		<http://ids.clld.org/parameters/2-320>		<http://ids.clld.org/values/2-320-287-1>		"-t-ay-ši"@myu	
"lěvŭ"@cu	<http://ids.clld.org/values/12-420-199-3>		<http://ids.clld.org/parameters/12-420>		<http://ids.clld.org/values/12-420-287-1>		"-baʔĩŋ"@myu	
"lěvŭ"@cu	<http://ids.clld.org/values/12-420-199-3>		<http://ids.clld.org/parameters/12-420>		<http://ids.clld.org/values/12-420-287-3>		"wɨybaʔɨ̃ɲat"@myu	
"tajĭnŭ"@cu	<http://ids.clld.org/values/17-360-199-1>		<http://ids.clld.org/parameters/17-360>		<http://ids.clld.org/values/17-360-287-1>		"yaʔõbidadadam"@myu	
"chramŭ"@cu	<http://ids.clld.org/values/7-120-199-3>		<http://ids.clld.org/parameters/7-120>		<http://ids.clld.org/values/7-120-287-3>		"-dɨkʔa"@myu	
"chramŭ"@cu	<http://ids.clld.org/values/7-120-199-3>		<http://ids.clld.org/parameters/7-120>		<http://ids.clld.org/values/7-120-287-1>		"ɨk-ʔa"@myu	
"ramo"@cu	<http://ids.clld.org/values/4-300-199-1>		<http://ids.clld.org/parameters/4-300>		<http://ids.clld.org/values/4-300-287-1>		"yaʔõ-pi-ʔa"@myu	
"igrati"@cu	<http://ids.clld.org/values/16-260-199-1>		<http://ids.clld.org/parameters/16-260>		<http://ids.clld.org/values/16-260-287-1>		"kay-pat-pan"@myu	
"(raz)ląčiti"@cu	<http://ids.clld.org/values/12-230-199-1>		<http://ids.clld.org/parameters/12-230>		<http://ids.clld.org/values/12-230-287-1>		"ǰekpiwan ma"@myu	
"pogrąžati"@cu	<http://ids.clld.org/values/10-330-199-3>		<http://ids.clld.org/parameters/10-330>		<http://ids.clld.org/values/10-330-287-1>		"imɨakõm-kõm (?)"@myu	
"pŭta"@cu	<http://ids.clld.org/values/3-581-199-1>		<http://ids.clld.org/parameters/3-581>		<http://ids.clld.org/values/3-581-287-3>		"wãsɨ̃"@myu	
"pŭta"@cu	<http://ids.clld.org/values/3-581-199-1>		<http://ids.clld.org/parameters/3-581>		<http://ids.clld.org/values/3-581-287-1>		"wasɨ̃-yɨ̃"@myu	
"ryti"@cu	<http://ids.clld.org/values/8-220-199-3>		<http://ids.clld.org/parameters/8-220>		<http://ids.clld.org/values/8-220-287-1>		"i-kɨ̃y-kotkon"@myu	
"tonąti"@cu	<http://ids.clld.org/values/10-330-199-7>		<http://ids.clld.org/parameters/10-330>		<http://ids.clld.org/values/10-330-287-1>		"imɨakõm-kõm (?)"@myu	
"vŭniti"@cu	<http://ids.clld.org/values/10-570-199-1>		<http://ids.clld.org/parameters/10-570>		<http://ids.clld.org/values/10-570-287-1>		"õmõm"@myu	
"prachŭ"@cu	<http://ids.clld.org/values/1-213-199-1>		<http://ids.clld.org/parameters/1-213>		<http://ids.clld.org/values/1-213-287-3>		"kawi-diŋ"@myu	
"prachŭ"@cu	<http://ids.clld.org/values/1-213-199-1>		<http://ids.clld.org/parameters/1-213>		<http://ids.clld.org/values/1-213-287-1>		"ka-diŋ"@myu	
"člověkŭ"@cu	<http://ids.clld.org/values/2-100-199-1>		<http://ids.clld.org/parameters/2-100>		<http://ids.clld.org/values/2-100-287-1>		"wɨ̃y-ǰɨ-yɨ̃"@myu	
"mąžĭ"@cu	<http://ids.clld.org/values/2-310-199-1>		<http://ids.clld.org/parameters/2-310>		<http://ids.clld.org/values/2-310-287-3>		"-ktop"@myu	
"mąžĭ"@cu	<http://ids.clld.org/values/2-310-199-1>		<http://ids.clld.org/parameters/2-310>		<http://ids.clld.org/values/2-310-287-1>		"-t-op"@myu	
"trajati"@cu	<http://ids.clld.org/values/14-252-199-1>		<http://ids.clld.org/parameters/14-252>		<http://ids.clld.org/values/14-252-287-1>		"ikoro"@myu	
"kopati"@cu	<http://ids.clld.org/values/8-220-199-1>		<http://ids.clld.org/parameters/8-220>		<http://ids.clld.org/values/8-220-287-1>		"i-kɨ̃y-kotkon"@myu	
"pritęžati"@cu	<http://ids.clld.org/values/11-120-199-1>		<http://ids.clld.org/parameters/11-120>		<http://ids.clld.org/values/11-120-287-1>		"ikɨɲ"@myu	
"radŭ"@cu	<http://ids.clld.org/values/16-230-199-1>		<http://ids.clld.org/parameters/16-230>		<http://ids.clld.org/values/16-230-287-1>		"i-čok-čok"@myu	
"žĭrěti"@cu	<http://ids.clld.org/values/15-520-199-1>		<http://ids.clld.org/parameters/15-520>		<http://ids.clld.org/values/15-520-287-1>		"ǰeakaɲ"@myu	
"črŭmĭnŭ"@cu	<http://ids.clld.org/values/15-660-199-1>		<http://ids.clld.org/parameters/15-660>		<http://ids.clld.org/values/15-660-287-3>		"ipekpɨk"@myu	
"črŭmĭnŭ"@cu	<http://ids.clld.org/values/15-660-199-1>		<http://ids.clld.org/parameters/15-660>		<http://ids.clld.org/values/15-660-287-1>		"i-pak-pɨk"@myu	
"sŭpati"@cu	<http://ids.clld.org/values/4-610-199-1>		<http://ids.clld.org/parameters/4-610>		<http://ids.clld.org/values/4-610-287-1>		"šeše-n"@myu	
"sŭpati"@cu	<http://ids.clld.org/values/4-610-199-1>		<http://ids.clld.org/parameters/4-610>		<http://ids.clld.org/values/4-610-287-3>		"i-šet"@myu	
"sŭpati"@cu	<http://ids.clld.org/values/4-610-199-1>		<http://ids.clld.org/parameters/4-610>		<http://ids.clld.org/values/4-610-287-5>		"i-še"@myu	
"(o)kruglŭ"@cu	<http://ids.clld.org/values/12-810-199-1>		<http://ids.clld.org/parameters/12-810>		<http://ids.clld.org/values/12-810-287-1>		"-doy dey"@myu	
"mati"@cu	<http://ids.clld.org/values/2-360-199-1>		<http://ids.clld.org/parameters/2-360>		<http://ids.clld.org/values/2-360-287-1>		"-ši"@myu	
"pověděti"@cu	<http://ids.clld.org/values/18-220-199-3>		<http://ids.clld.org/parameters/18-220>		<http://ids.clld.org/values/18-220-287-1>		"ʔe"@myu	
"vlasŭ"@cu	<http://ids.clld.org/values/4-140-199-1>		<http://ids.clld.org/parameters/4-140>		<http://ids.clld.org/values/4-140-287-1>		"ya-d-ap"@myu	
"žena"@cu	<http://ids.clld.org/values/2-320-199-1>		<http://ids.clld.org/parameters/2-320>		<http://ids.clld.org/values/2-320-287-1>		"-t-ay-ši"@myu	
"vina"@cu	<http://ids.clld.org/values/17-420-199-1>		<http://ids.clld.org/parameters/17-420>		<http://ids.clld.org/values/17-420-287-1>		"mɨ-"@myu	
"toplŭ"@cu	<http://ids.clld.org/values/15-850-199-1>		<http://ids.clld.org/parameters/15-850>		<http://ids.clld.org/values/15-850-287-1>		"-d-ašip"@myu	
"grobŭ"@cu	<http://ids.clld.org/values/4-790-199-1>		<http://ids.clld.org/parameters/4-790>		<http://ids.clld.org/values/4-790-287-1>		"wɨyǰɨyɨ̃ʔɨ̃mʔɨ̃m etaypi"@myu	
"tĭma"@cu	<http://ids.clld.org/values/1-620-199-1>		<http://ids.clld.org/parameters/1-620>		<http://ids.clld.org/values/1-620-287-1>		"i-ok"@myu	
"brašĭno"@cu	<http://ids.clld.org/values/5-120-199-5>		<http://ids.clld.org/parameters/5-120>		<http://ids.clld.org/values/5-120-287-1>		"išat"@myu	
"vŭstokŭ"@cu	<http://ids.clld.org/values/12-450-199-1>		<http://ids.clld.org/parameters/12-450>		<http://ids.clld.org/values/12-450-287-1>		"kaši čẽm-čẽmatkadi"@myu	
"duchati"@cu	<http://ids.clld.org/values/10-380-199-1>		<http://ids.clld.org/parameters/10-380>		<http://ids.clld.org/values/10-380-287-1>		"imɨpow-ɨpow"@myu	
"ajĭce"@cu	<http://ids.clld.org/values/5-970-199-1>		<http://ids.clld.org/parameters/5-970>		<http://ids.clld.org/values/5-970-287-3>		"t-op-sa"@myu	
"ajĭce"@cu	<http://ids.clld.org/values/5-970-199-1>		<http://ids.clld.org/parameters/5-970>		<http://ids.clld.org/values/5-970-287-1>		"-d-op-sa"@myu	
"debelŭ"@cu	<http://ids.clld.org/values/12-630-199-1>		<http://ids.clld.org/parameters/12-630>		<http://ids.clld.org/values/12-630-287-1>		"-adišiŋ"@myu	
"kotŭka"@cu	<http://ids.clld.org/values/3-620-199-1>		<http://ids.clld.org/parameters/3-620>		<http://ids.clld.org/values/3-620-287-1>		"pišaɲa"@myu	
"jarostì"@cu	<http://ids.clld.org/values/16-420-199-3>		<http://ids.clld.org/parameters/16-420>		<http://ids.clld.org/values/16-420-287-1>		"yɨkpičeɲe"@myu	
"blĭštati"@cu	<http://ids.clld.org/values/15-560-199-3>		<http://ids.clld.org/parameters/15-560>		<http://ids.clld.org/values/15-560-287-1>		"isopsep"@myu	
"vìsegda"@cu	<http://ids.clld.org/values/14-310-199-1>		<http://ids.clld.org/parameters/14-310>		<http://ids.clld.org/values/14-310-287-1>		"soat em"@myu	
"vìsegda"@cu	<http://ids.clld.org/values/14-310-199-1>		<http://ids.clld.org/parameters/14-310>		<http://ids.clld.org/values/14-310-287-3>		"...ʔɨk"@myu	
"ovĭca"@cu	<http://ids.clld.org/values/3-250-199-1>		<http://ids.clld.org/parameters/3-250>		<http://ids.clld.org/values/3-250-287-1>		"mẽmẽiat"@myu	
"pątĭ"@cu	<http://ids.clld.org/values/10-710-199-1>		<http://ids.clld.org/parameters/10-710>		<http://ids.clld.org/values/10-710-287-1>		"e"@myu	
"lĭgŭkŭ"@cu	<http://ids.clld.org/values/15-820-199-1>		<http://ids.clld.org/parameters/15-820>		<http://ids.clld.org/values/15-820-287-1>		"iyɨ (?)"@myu	
"otročę"@cu	<http://ids.clld.org/values/2-280-199-1>		<http://ids.clld.org/parameters/2-280>		<http://ids.clld.org/values/2-280-287-1>		"ãwã"@myu	
"svinija"@cu	<http://ids.clld.org/values/3-340-199-1>		<http://ids.clld.org/parameters/3-340>		<http://ids.clld.org/values/3-340-287-1>		"ǰekadai daidadam"@myu	
"gnojĭ"@cu	<http://ids.clld.org/values/4-660-199-1>		<http://ids.clld.org/parameters/4-660>		<http://ids.clld.org/values/4-660-287-1>		"-nɨ̃n ~ tɨ̃n"@myu	
"(prě)smykati sę"@cu	<http://ids.clld.org/values/10-410-199-3>		<http://ids.clld.org/parameters/10-410>		<http://ids.clld.org/values/10-410-287-1>		"ǰewɨrɨrɨrɨɲ"@myu	
"riza"@cu	<http://ids.clld.org/values/6-120-199-3>		<http://ids.clld.org/parameters/6-120>		<http://ids.clld.org/values/6-120-287-1>		"doti"@myu	
"riza"@cu	<http://ids.clld.org/values/6-120-199-3>		<http://ids.clld.org/parameters/6-120>		<http://ids.clld.org/values/6-120-287-3>		"say"@myu	
"choditi"@cu	<http://ids.clld.org/values/10-450-199-3>		<http://ids.clld.org/parameters/10-450>		<http://ids.clld.org/values/10-450-287-1>		"šĩŋ-šĩŋ"@myu	
"sŭmotriti"@cu	<http://ids.clld.org/values/15-520-199-5>		<http://ids.clld.org/parameters/15-520>		<http://ids.clld.org/values/15-520-287-1>		"ǰeakaɲ"@myu	
"sěděti"@cu	<http://ids.clld.org/values/12-130-199-1>		<http://ids.clld.org/parameters/12-130>		<http://ids.clld.org/values/12-130-287-1>		"šik-ʔi"@myu	
"trŭstĭ"@cu	<http://ids.clld.org/values/18-570-199-1>		<http://ids.clld.org/parameters/18-570>		<http://ids.clld.org/values/18-570-287-1>		"[rapi]-ʔip"@myu	
"roditi"@cu	<http://ids.clld.org/values/4-720-199-1>		<http://ids.clld.org/parameters/4-720>		<http://ids.clld.org/values/4-720-287-1>		"kam"@myu	
"starŭ"@cu	<http://ids.clld.org/values/14-150-199-3>		<http://ids.clld.org/parameters/14-150>		<http://ids.clld.org/values/14-150-287-1>		"i-okok"@myu	
"starŭ"@cu	<http://ids.clld.org/values/14-150-199-3>		<http://ids.clld.org/parameters/14-150>		<http://ids.clld.org/values/14-150-287-3>		"kɨyat"@myu	
"žena"@cu	<http://ids.clld.org/values/2-220-199-1>		<http://ids.clld.org/parameters/2-220>		<http://ids.clld.org/values/2-220-287-1>		"a-yat-at"@myu	
"krilo"@cu	<http://ids.clld.org/values/4-392-199-1>		<http://ids.clld.org/parameters/4-392>		<http://ids.clld.org/values/4-392-287-1>		"č-eɲe-ba"@myu	
"bliscanije"@cu	<http://ids.clld.org/values/1-550-199-3>		<http://ids.clld.org/parameters/1-550>		<http://ids.clld.org/values/1-550-287-1>		"ǰe-širirik-šiririŋ"@myu	
"prěbyti"@cu	<http://ids.clld.org/values/12-160-199-1>		<http://ids.clld.org/parameters/12-160>		<http://ids.clld.org/values/12-160-287-1>		"op"@myu	
"pešti"@cu	<http://ids.clld.org/values/5-230-199-1>		<http://ids.clld.org/parameters/5-230>		<http://ids.clld.org/values/5-230-287-1>		"imɨ-karaw-karaw"@myu	
"plakati (sę)"@cu	<http://ids.clld.org/values/16-370-199-1>		<http://ids.clld.org/parameters/16-370>		<http://ids.clld.org/values/16-370-287-1>		"wa"@myu	
"plakati (sę)"@cu	<http://ids.clld.org/values/16-370-199-1>		<http://ids.clld.org/parameters/16-370>		<http://ids.clld.org/values/16-370-287-3>		"šikʔa"@myu	
"črŭnŭ"@cu	<http://ids.clld.org/values/15-650-199-1>		<http://ids.clld.org/parameters/15-650>		<http://ids.clld.org/values/15-650-287-1>		"i-ok"@myu	
"skorŭ"@cu	<http://ids.clld.org/values/14-210-199-1>		<http://ids.clld.org/parameters/14-210>		<http://ids.clld.org/values/14-210-287-3>		"dao ma"@myu	
"skorŭ"@cu	<http://ids.clld.org/values/14-210-199-1>		<http://ids.clld.org/parameters/14-210>		<http://ids.clld.org/values/14-210-287-1>		"daosɨw-sɨw"@myu	
"cěliti"@cu	<http://ids.clld.org/values/4-860-199-1>		<http://ids.clld.org/parameters/4-860>		<http://ids.clld.org/values/4-860-287-1>		"ohom"@myu	
"mysĭ"@cu	<http://ids.clld.org/values/3-630-199-1>		<http://ids.clld.org/parameters/3-630>		<http://ids.clld.org/values/3-630-287-1>		"taɲe"@myu	
"mrŭtvŭ"@cu	<http://ids.clld.org/values/4-750-199-3>		<http://ids.clld.org/parameters/4-750>		<http://ids.clld.org/values/4-750-287-1>		"ǰeʔɨ̃ʔɨ̃m"@myu	
"mrŭtvŭ"@cu	<http://ids.clld.org/values/4-750-199-3>		<http://ids.clld.org/parameters/4-750>		<http://ids.clld.org/values/4-750-287-3>		"ʔɨ̃"@myu	
"pěti"@cu	<http://ids.clld.org/values/18-120-199-1>		<http://ids.clld.org/parameters/18-120>		<http://ids.clld.org/values/18-120-287-1>		"ǰebibododon"@myu	
"lopata"@cu	<http://ids.clld.org/values/8-240-199-1>		<http://ids.clld.org/parameters/8-240>		<http://ids.clld.org/values/8-240-287-1>		"šit"@myu	
"plęsati"@cu	<http://ids.clld.org/values/10-440-199-1>		<http://ids.clld.org/parameters/10-440>		<http://ids.clld.org/values/10-440-287-1>		"daʔiʔim"@myu	
"nogŭtĭ"@cu	<http://ids.clld.org/values/4-344-199-1>		<http://ids.clld.org/parameters/4-344>		<http://ids.clld.org/values/4-344-287-1>		"ibɨ-nɨ̃"@myu	
"pitikŭ"@cu	<http://ids.clld.org/values/3-760-199-1>		<http://ids.clld.org/parameters/3-760>		<http://ids.clld.org/values/3-760-287-1>		"poyʔiayɨ̃"@myu	
"pitikŭ"@cu	<http://ids.clld.org/values/3-760-199-1>		<http://ids.clld.org/parameters/3-760>		<http://ids.clld.org/values/3-760-287-3>		"tawe"@myu	
"nositi"@cu	<http://ids.clld.org/values/10-610-199-3>		<http://ids.clld.org/parameters/10-610>		<http://ids.clld.org/values/10-610-287-1>		"tɨǰowatwan"@myu	
"slyšati"@cu	<http://ids.clld.org/values/15-410-199-1>		<http://ids.clld.org/parameters/15-410>		<http://ids.clld.org/values/15-410-287-1>		"yaʔĩǰoǰom"@myu	
"jedinŭ"@cu	<http://ids.clld.org/values/13-10-199-1>		<http://ids.clld.org/parameters/13-10>		<http://ids.clld.org/values/13-10-287-3>		"pɨ̃ɲ"@myu	
"jedinŭ"@cu	<http://ids.clld.org/values/13-10-199-1>		<http://ids.clld.org/parameters/13-10>		<http://ids.clld.org/values/13-10-287-1>		"pɨ̃ŋ"@myu	
"jedinŭ"@cu	<http://ids.clld.org/values/13-10-199-1>		<http://ids.clld.org/parameters/13-10>		<http://ids.clld.org/values/13-10-287-5>		"pɨ̃ɲ ma"@myu	
"viděti"@cu	<http://ids.clld.org/values/15-510-199-1>		<http://ids.clld.org/parameters/15-510>		<http://ids.clld.org/values/15-510-287-3>		"ǰop"@myu	
"viděti"@cu	<http://ids.clld.org/values/15-510-199-1>		<http://ids.clld.org/parameters/15-510>		<http://ids.clld.org/values/15-510-287-1>		"i-ǰo-ǰom"@myu	
"desnŭ"@cu	<http://ids.clld.org/values/12-410-199-1>		<http://ids.clld.org/parameters/12-410>		<http://ids.clld.org/values/12-410-287-1>		"i-baʔat"@myu	
"desnŭ"@cu	<http://ids.clld.org/values/12-410-199-1>		<http://ids.clld.org/parameters/12-410>		<http://ids.clld.org/values/12-410-287-3>		"wɨybaat"@myu	
"rebro"@cu	<http://ids.clld.org/values/4-162-199-1>		<http://ids.clld.org/parameters/4-162>		<http://ids.clld.org/values/4-162-287-1>		"-k-ša-bi"@myu	
"tlěšti"@cu	<http://ids.clld.org/values/9-210-199-5>		<http://ids.clld.org/parameters/9-210>		<http://ids.clld.org/values/9-210-287-1>		"imɨpãm"@myu	
"dychati"@cu	<http://ids.clld.org/values/4-510-199-1>		<http://ids.clld.org/parameters/4-510>		<http://ids.clld.org/values/4-510-287-1>		"ǰe-pido-wat-wan"@myu	
"dąbŭ"@cu	<http://ids.clld.org/values/1-420-199-3>		<http://ids.clld.org/parameters/1-420>		<http://ids.clld.org/values/1-420-287-1>		"-ʔip"@myu	
"dupina"@cu	<http://ids.clld.org/values/12-850-199-1>		<http://ids.clld.org/parameters/12-850>		<http://ids.clld.org/values/12-850-287-1>		"-kɨ̃y"@myu	
"medŭ"@cu	<http://ids.clld.org/values/5-840-199-1>		<http://ids.clld.org/parameters/5-840>		<http://ids.clld.org/values/5-840-287-1>		"mɨɲẽɲẽm"@myu	
"rěka"@cu	<http://ids.clld.org/values/1-360-199-1>		<http://ids.clld.org/parameters/1-360>		<http://ids.clld.org/values/1-360-287-1>		"i-di-bi"@myu	
"kral'ĭ"@cu	<http://ids.clld.org/values/19-320-199-3>		<http://ids.clld.org/parameters/19-320>		<http://ids.clld.org/values/19-320-287-1>		"iečɨɲap"@myu	
"pečalĭ"@cu	<http://ids.clld.org/values/16-320-199-1>		<http://ids.clld.org/parameters/16-320>		<http://ids.clld.org/values/16-320-287-1>		"iɲɨ̃yčɨ̃ɲ"@myu	
"vlěšti (tęgnąti)"@cu	<http://ids.clld.org/values/9-330-199-1>		<http://ids.clld.org/parameters/9-330>		<http://ids.clld.org/values/9-330-287-1>		"imɨpɨšik-pɨšiŋ"@myu	
"žestokŭ"@cu	<http://ids.clld.org/values/15-740-199-1>		<http://ids.clld.org/parameters/15-740>		<http://ids.clld.org/values/15-740-287-1>		"iča"@myu	
"žestokŭ"@cu	<http://ids.clld.org/values/15-740-199-1>		<http://ids.clld.org/parameters/15-740>		<http://ids.clld.org/values/15-740-287-3>		"yača"@myu	
"pero"@cu	<http://ids.clld.org/values/4-393-199-1>		<http://ids.clld.org/parameters/4-393>		<http://ids.clld.org/values/4-393-287-3>		"tap"@myu	
"pero"@cu	<http://ids.clld.org/values/4-393-199-1>		<http://ids.clld.org/parameters/4-393>		<http://ids.clld.org/values/4-393-287-1>		"d-ap"@myu	
"krěpŭkŭ"@cu	<http://ids.clld.org/values/4-810-199-1>		<http://ids.clld.org/parameters/4-810>		<http://ids.clld.org/values/4-810-287-1>		"ibača"@myu	
"ljuby"@cu	<http://ids.clld.org/values/16-270-199-1>		<http://ids.clld.org/parameters/16-270>		<http://ids.clld.org/values/16-270-287-1>		"ǰɨy"@myu	
"ubiti"@cu	<http://ids.clld.org/values/4-760-199-1>		<http://ids.clld.org/parameters/4-760>		<http://ids.clld.org/values/4-760-287-3>		"yaokakam"@myu	
"ubiti"@cu	<http://ids.clld.org/values/4-760-199-1>		<http://ids.clld.org/parameters/4-760>		<http://ids.clld.org/values/4-760-287-1>		"yaokam"@myu	
"blizĭ"@cu	<http://ids.clld.org/values/12-430-199-1>		<http://ids.clld.org/parameters/12-430>		<http://ids.clld.org/values/12-430-287-1>		"četẽɲ ma"@myu	
"blizĭ"@cu	<http://ids.clld.org/values/12-430-199-1>		<http://ids.clld.org/parameters/12-430>		<http://ids.clld.org/values/12-430-287-3>		"češe"@myu	
"vlŭna"@cu	<http://ids.clld.org/values/1-350-199-1>		<http://ids.clld.org/parameters/1-350>		<http://ids.clld.org/values/1-350-287-1>		"-di-kopek"@myu	
"prŭstŭ"@cu	<http://ids.clld.org/values/4-340-199-1>		<http://ids.clld.org/parameters/4-340>		<http://ids.clld.org/values/4-340-287-1>		"i-bɨ"@myu	
"stĭdza"@cu	<http://ids.clld.org/values/10-720-199-3>		<http://ids.clld.org/parameters/10-720>		<http://ids.clld.org/values/10-720-287-1>		"e"@myu	
"prŭstenĭ"@cu	<http://ids.clld.org/values/6-730-199-1>		<http://ids.clld.org/parameters/6-730>		<http://ids.clld.org/values/6-730-287-1>		"pɨmɨ̃n"@myu	
"sŭnŭ"@cu	<http://ids.clld.org/values/4-620-199-1>		<http://ids.clld.org/parameters/4-620>		<http://ids.clld.org/values/4-620-287-1>		"ǰešey-šey"@myu	
"vetŭchŭ"@cu	<http://ids.clld.org/values/14-150-199-1>		<http://ids.clld.org/parameters/14-150>		<http://ids.clld.org/values/14-150-287-1>		"i-okok"@myu	
"vetŭchŭ"@cu	<http://ids.clld.org/values/14-150-199-1>		<http://ids.clld.org/parameters/14-150>		<http://ids.clld.org/values/14-150-287-3>		"kɨyat"@myu	
"kyslŭ"@cu	<http://ids.clld.org/values/15-380-199-1>		<http://ids.clld.org/parameters/15-380>		<http://ids.clld.org/values/15-380-287-1>		"yasak"@myu	
"kyslŭ"@cu	<http://ids.clld.org/values/15-380-199-1>		<http://ids.clld.org/parameters/15-380>		<http://ids.clld.org/values/15-380-287-3>		"tisak"@myu	
"sěmę"@cu	<http://ids.clld.org/values/8-311-199-3>		<http://ids.clld.org/parameters/8-311>		<http://ids.clld.org/values/8-311-287-1>		"-da ~ ta"@myu	
"usta"@cu	<http://ids.clld.org/values/4-240-199-1>		<http://ids.clld.org/parameters/4-240>		<http://ids.clld.org/values/4-240-287-1>		"i-bi"@myu	
"zvěrĭ"@cu	<http://ids.clld.org/values/3-110-199-3>		<http://ids.clld.org/parameters/3-110>		<http://ids.clld.org/values/3-110-287-1>		"tɨ-mɨ̃n"@myu	
"sąprągŭ"@cu	<http://ids.clld.org/values/2-310-199-3>		<http://ids.clld.org/parameters/2-310>		<http://ids.clld.org/values/2-310-287-3>		"-ktop"@myu	
"sąprągŭ"@cu	<http://ids.clld.org/values/2-310-199-3>		<http://ids.clld.org/parameters/2-310>		<http://ids.clld.org/values/2-310-287-1>		"-t-op"@myu	
"iti"@cu	<http://ids.clld.org/values/10-450-199-1>		<http://ids.clld.org/parameters/10-450>		<http://ids.clld.org/values/10-450-287-1>		"šĩŋ-šĩŋ"@myu	
"kostĭ"@cu	<http://ids.clld.org/values/4-160-199-1>		<http://ids.clld.org/parameters/4-160>		<http://ids.clld.org/values/4-160-287-1>		"-dao"@myu	
"blizŭ"@cu	<http://ids.clld.org/values/12-430-199-3>		<http://ids.clld.org/parameters/12-430>		<http://ids.clld.org/values/12-430-287-1>		"četẽɲ ma"@myu	
"blizŭ"@cu	<http://ids.clld.org/values/12-430-199-3>		<http://ids.clld.org/parameters/12-430>		<http://ids.clld.org/values/12-430-287-3>		"češe"@myu	
"šiti"@cu	<http://ids.clld.org/values/6-350-199-1>		<http://ids.clld.org/parameters/6-350>		<http://ids.clld.org/values/6-350-287-1>		"i-inɨ̃m-nɨ̃m"@myu	
"bŭděti"@cu	<http://ids.clld.org/values/4-630-199-3>		<http://ids.clld.org/parameters/4-630>		<http://ids.clld.org/values/4-630-287-1>		"ǰewɨrɨ̃ɲ"@myu	
"vrata"@cu	<http://ids.clld.org/values/7-220-199-3>		<http://ids.clld.org/parameters/7-220>		<http://ids.clld.org/values/7-220-287-1>		"šĩntabi ikoče"@myu	
"otiti"@cu	<http://ids.clld.org/values/10-490-199-1>		<http://ids.clld.org/parameters/10-490>		<http://ids.clld.org/values/10-490-287-1>		"ǰewemɨwẽnɨwẽn"@myu	
"vrŭtogradŭ"@cu	<http://ids.clld.org/values/8-130-199-3>		<http://ids.clld.org/parameters/8-130>		<http://ids.clld.org/values/8-130-287-1>		"kadai daidadaap"@myu	
"sěti"@cu	<http://ids.clld.org/values/8-311-199-1>		<http://ids.clld.org/parameters/8-311>		<http://ids.clld.org/values/8-311-287-1>		"-da ~ ta"@myu	
"popelŭ"@cu	<http://ids.clld.org/values/1-840-199-1>		<http://ids.clld.org/parameters/1-840>		<http://ids.clld.org/values/1-840-287-1>		"ka-ba-ʔo-rit"@myu	
"krava"@cu	<http://ids.clld.org/values/3-230-199-1>		<http://ids.clld.org/parameters/3-230>		<http://ids.clld.org/values/3-230-287-1>		"biopak ayačat"@myu	
"(j)aviti"@cu	<http://ids.clld.org/values/15-550-199-3>		<http://ids.clld.org/parameters/15-550>		<http://ids.clld.org/values/15-550-287-1>		"imɨbapɨɲ"@myu	
"pepelŭ"@cu	<http://ids.clld.org/values/1-840-199-3>		<http://ids.clld.org/parameters/1-840>		<http://ids.clld.org/values/1-840-287-1>		"ka-ba-ʔo-rit"@myu	
"sijati"@cu	<http://ids.clld.org/values/15-560-199-5>		<http://ids.clld.org/parameters/15-560>		<http://ids.clld.org/values/15-560-287-1>		"isopsep"@myu	
"prŭsi"@cu	<http://ids.clld.org/values/4-400-199-1>		<http://ids.clld.org/parameters/4-400>		<http://ids.clld.org/values/4-400-287-1>		"-kɨ̃m-pi"@myu	
"bĭčela"@cu	<http://ids.clld.org/values/3-820-199-1>		<http://ids.clld.org/parameters/3-820>		<http://ids.clld.org/values/3-820-287-1>		"iwak"@myu	
"obrazŭ"@cu	<http://ids.clld.org/values/9-880-199-1>		<http://ids.clld.org/parameters/9-880>		<http://ids.clld.org/values/9-880-287-1>		"bara-rak"@myu	
"chvatiti"@cu	<http://ids.clld.org/values/11-140-199-3>		<http://ids.clld.org/parameters/11-140>		<http://ids.clld.org/values/11-140-287-1>		"ǰat"@myu	
"korenĭ"@cu	<http://ids.clld.org/values/8-540-199-1>		<http://ids.clld.org/parameters/8-540>		<http://ids.clld.org/values/8-540-287-3>		"ka-na-bɨ"@myu	
"korenĭ"@cu	<http://ids.clld.org/values/8-540-199-1>		<http://ids.clld.org/parameters/8-540>		<http://ids.clld.org/values/8-540-287-1>		"-na-bɨ"@myu	
"lĭštati sę"@cu	<http://ids.clld.org/values/15-560-199-7>		<http://ids.clld.org/parameters/15-560>		<http://ids.clld.org/values/15-560-287-1>		"isopsep"@myu	
"poslědĭnĭjĭ"@cu	<http://ids.clld.org/values/13-350-199-1>		<http://ids.clld.org/parameters/13-350>		<http://ids.clld.org/values/13-350-287-1>		"kanomɨ̃m"@myu	
"glava"@cu	<http://ids.clld.org/values/4-200-199-1>		<http://ids.clld.org/parameters/4-200>		<http://ids.clld.org/values/4-200-287-3>		"ʔa"@myu	
"glava"@cu	<http://ids.clld.org/values/4-200-199-1>		<http://ids.clld.org/parameters/4-200>		<http://ids.clld.org/values/4-200-287-1>		"yaʔa"@myu	
"kamy"@cu	<http://ids.clld.org/values/1-440-199-1>		<http://ids.clld.org/parameters/1-440>		<http://ids.clld.org/values/1-440-287-1>		"wita-ʔa"@myu	
"vysokŭ"@cu	<http://ids.clld.org/values/12-310-199-1>		<http://ids.clld.org/parameters/12-310>		<http://ids.clld.org/values/12-310-287-1>		"tao-beren"@myu	
"sąditi"@cu	<http://ids.clld.org/values/21-160-199-1>		<http://ids.clld.org/parameters/21-160>		<http://ids.clld.org/values/21-160-287-1>		"yɨkpiwat tekɨ iʔeʔem"@myu	
"utrě"@cu	<http://ids.clld.org/values/14-480-199-1>		<http://ids.clld.org/parameters/14-480>		<http://ids.clld.org/values/14-480-287-1>		"kabia-ʔisɨm"@myu	
"sŭtęžati"@cu	<http://ids.clld.org/values/11-120-199-3>		<http://ids.clld.org/parameters/11-120>		<http://ids.clld.org/values/11-120-287-1>		"ikɨɲ"@myu	
"ledŭ"@cu	<http://ids.clld.org/values/1-770-199-1>		<http://ids.clld.org/parameters/1-770>		<http://ids.clld.org/values/1-770-287-1>		"[želo]-ʔa"@myu	
"niva"@cu	<http://ids.clld.org/values/8-120-199-3>		<http://ids.clld.org/parameters/8-120>		<http://ids.clld.org/values/8-120-287-1>		"koɲɨ̃npi"@myu	
"brada"@cu	<http://ids.clld.org/values/4-142-199-1>		<http://ids.clld.org/parameters/4-142>		<http://ids.clld.org/values/4-142-287-1>		"ibi-dap"@myu	
"velijĭ"@cu	<http://ids.clld.org/values/12-550-199-1>		<http://ids.clld.org/parameters/12-550>		<http://ids.clld.org/values/12-550-287-1>		"-oboŋ"@myu	
"velijĭ"@cu	<http://ids.clld.org/values/12-550-199-1>		<http://ids.clld.org/parameters/12-550>		<http://ids.clld.org/values/12-550-287-3>		"-boŋ"@myu	
"pŭtenĭcĭ"@cu	<http://ids.clld.org/values/3-550-199-3>		<http://ids.clld.org/parameters/3-550>		<http://ids.clld.org/values/3-550-287-1>		"sapokay yaypapɨ̃ɲat"@myu	
"gladŭkŭ"@cu	<http://ids.clld.org/values/15-770-199-1>		<http://ids.clld.org/parameters/15-770>		<http://ids.clld.org/values/15-770-287-3>		"-sẽm"@myu	
"gladŭkŭ"@cu	<http://ids.clld.org/values/15-770-199-1>		<http://ids.clld.org/parameters/15-770>		<http://ids.clld.org/values/15-770-287-1>		"-korop"@myu	
"sĭcati"@cu	<http://ids.clld.org/values/4-650-199-1>		<http://ids.clld.org/parameters/4-650>		<http://ids.clld.org/values/4-650-287-1>		"iǰok-ǰok-ǰoɲ"@myu	
"ostati"@cu	<http://ids.clld.org/values/12-160-199-3>		<http://ids.clld.org/parameters/12-160>		<http://ids.clld.org/values/12-160-287-1>		"op"@myu	
"luna"@cu	<http://ids.clld.org/values/1-530-199-1>		<http://ids.clld.org/parameters/1-530>		<http://ids.clld.org/values/1-530-287-1>		"ka-ši"@myu	
"luna"@cu	<http://ids.clld.org/values/1-530-199-1>		<http://ids.clld.org/parameters/1-530>		<http://ids.clld.org/values/1-530-287-3>		"ka-ši-a-ʔat"@myu	
"sŭnŭ"@cu	<http://ids.clld.org/values/4-610-199-3>		<http://ids.clld.org/parameters/4-610>		<http://ids.clld.org/values/4-610-287-1>		"šeše-n"@myu	
"sŭnŭ"@cu	<http://ids.clld.org/values/4-610-199-3>		<http://ids.clld.org/parameters/4-610>		<http://ids.clld.org/values/4-610-287-3>		"i-šet"@myu	
"sŭnŭ"@cu	<http://ids.clld.org/values/4-610-199-3>		<http://ids.clld.org/parameters/4-610>		<http://ids.clld.org/values/4-610-287-5>		"i-še"@myu	
"tatĭ"@cu	<http://ids.clld.org/values/21-520-199-1>		<http://ids.clld.org/parameters/21-520>		<http://ids.clld.org/values/21-520-287-1>		"ibɨkɨrɨkat"@myu	
"dlŭgŭ"@cu	<http://ids.clld.org/values/12-570-199-1>		<http://ids.clld.org/parameters/12-570>		<http://ids.clld.org/values/12-570-287-1>		"-beren"@myu	
"krŭma"@cu	<http://ids.clld.org/values/5-120-199-7>		<http://ids.clld.org/parameters/5-120>		<http://ids.clld.org/values/5-120-287-1>		"išat"@myu	
"po-slědovati"@cu	<http://ids.clld.org/values/10-520-199-3>		<http://ids.clld.org/parameters/10-520>		<http://ids.clld.org/values/10-520-287-1>		"nomɨǰɨ"@myu	
"žiti"@cu	<http://ids.clld.org/values/4-740-199-1>		<http://ids.clld.org/parameters/4-740>		<http://ids.clld.org/values/4-740-287-1>		"itaʔit"@myu	
"ležati"@cu	<http://ids.clld.org/values/12-140-199-1>		<http://ids.clld.org/parameters/12-140>		<http://ids.clld.org/values/12-140-287-1>		"po-ʔi"@myu	
"sěšti (-krojiti)"@cu	<http://ids.clld.org/values/9-220-199-3>		<http://ids.clld.org/parameters/9-220>		<http://ids.clld.org/values/9-220-287-1>		"t-akat-kan"@myu	
"sěnĭ"@cu	<http://ids.clld.org/values/1-630-199-1>		<http://ids.clld.org/parameters/1-630>		<http://ids.clld.org/values/1-630-287-1>		"kabičɨk"@myu	
"světŭ"@cu	<http://ids.clld.org/values/1-100-199-3>		<http://ids.clld.org/parameters/1-100>		<http://ids.clld.org/values/1-100-287-3>		"i-pi"@myu	
"světŭ"@cu	<http://ids.clld.org/values/1-100-199-3>		<http://ids.clld.org/parameters/1-100>		<http://ids.clld.org/values/1-100-287-1>		"ibi"@myu	
"grozdŭ"@cu	<http://ids.clld.org/values/5-760-199-1>		<http://ids.clld.org/parameters/5-760>		<http://ids.clld.org/values/5-760-287-1>		"[ɨva-]ʔa"@myu	
"nitĭ"@cu	<http://ids.clld.org/values/6-380-199-1>		<http://ids.clld.org/parameters/6-380>		<http://ids.clld.org/values/6-380-287-1>		"bõrõ-bɨ"@myu	
"choditi"@cu	<http://ids.clld.org/values/10-470-199-3>		<http://ids.clld.org/parameters/10-470>		<http://ids.clld.org/values/10-470-287-3>		"ǰɨ"@myu	
"choditi"@cu	<http://ids.clld.org/values/10-470-199-3>		<http://ids.clld.org/parameters/10-470>		<http://ids.clld.org/values/10-470-287-1>		"čɨm"@myu	
"krŭvĭ"@cu	<http://ids.clld.org/values/4-150-199-1>		<http://ids.clld.org/parameters/4-150>		<http://ids.clld.org/values/4-150-287-1>		"-d-oy"@myu	
"slĭza"@cu	<http://ids.clld.org/values/16-380-199-1>		<http://ids.clld.org/parameters/16-380>		<http://ids.clld.org/values/16-380-287-1>		"wɨyetadi"@myu	
"jedino"@cu	<http://ids.clld.org/values/13-330-199-3>		<http://ids.clld.org/parameters/13-330>		<http://ids.clld.org/values/13-330-287-1>		"ǰaɲepɨ̃ɲ ma"@myu	
"otĭcĭ"@cu	<http://ids.clld.org/values/2-350-199-1>		<http://ids.clld.org/parameters/2-350>		<http://ids.clld.org/values/2-350-287-1>		"bay"@myu	
"čaša"@cu	<http://ids.clld.org/values/5-350-199-1>		<http://ids.clld.org/parameters/5-350>		<http://ids.clld.org/values/5-350-287-1>		"kapedi kõn-kõɲap"@myu	
"pogręznąti"@cu	<http://ids.clld.org/values/10-330-199-1>		<http://ids.clld.org/parameters/10-330>		<http://ids.clld.org/values/10-330-287-1>		"imɨakõm-kõm (?)"@myu	
"dĭnĭ"@cu	<http://ids.clld.org/values/14-410-199-1>		<http://ids.clld.org/parameters/14-410>		<http://ids.clld.org/values/14-410-287-1>		"ka-bi-a"@myu	
"světŭ"@cu	<http://ids.clld.org/values/1-610-199-1>		<http://ids.clld.org/parameters/1-610>		<http://ids.clld.org/values/1-610-287-3>		"kabia"@myu	
"světŭ"@cu	<http://ids.clld.org/values/1-610-199-1>		<http://ids.clld.org/parameters/1-610>		<http://ids.clld.org/values/1-610-287-1>		"imɨ-kabia-ham"@myu	
"mĭgla"@cu	<http://ids.clld.org/values/1-740-199-1>		<http://ids.clld.org/parameters/1-740>		<http://ids.clld.org/values/1-740-287-1>		"ka-bi-diŋ"@myu	
"strěla"@cu	<http://ids.clld.org/values/20-250-199-1>		<http://ids.clld.org/parameters/20-250>		<http://ids.clld.org/values/20-250-287-1>		"op"@myu	
"gorěti"@cu	<http://ids.clld.org/values/1-852-199-1>		<http://ids.clld.org/parameters/1-852>		<http://ids.clld.org/values/1-852-287-1>		"i-pik"@myu	
"mirŭ"@cu	<http://ids.clld.org/values/1-100-199-1>		<http://ids.clld.org/parameters/1-100>		<http://ids.clld.org/values/1-100-287-3>		"i-pi"@myu	
"mirŭ"@cu	<http://ids.clld.org/values/1-100-199-1>		<http://ids.clld.org/parameters/1-100>		<http://ids.clld.org/values/1-100-287-1>		"ibi"@myu	
"světiti"@cu	<http://ids.clld.org/values/15-560-199-1>		<http://ids.clld.org/parameters/15-560>		<http://ids.clld.org/values/15-560-287-1>		"isopsep"@myu	
"brěgŭ"@cu	<http://ids.clld.org/values/1-270-199-1>		<http://ids.clld.org/parameters/1-270>		<http://ids.clld.org/values/1-270-287-1>		"ka-ʔo-ri-rit"@myu	
"lěsŭ"@cu	<http://ids.clld.org/values/1-410-199-1>		<http://ids.clld.org/parameters/1-410>		<http://ids.clld.org/values/1-410-287-1>		"kadaidaidaʔibit"@myu	
"grysti"@cu	<http://ids.clld.org/values/4-580-199-1>		<http://ids.clld.org/parameters/4-580>		<http://ids.clld.org/values/4-580-287-1>		"iaham"@myu	
"vĭsi"@cu	<http://ids.clld.org/values/13-140-199-5>		<http://ids.clld.org/parameters/13-140>		<http://ids.clld.org/values/13-140-287-1>		"soat"@myu	
"ošibŭ"@cu	<http://ids.clld.org/values/4-180-199-5>		<http://ids.clld.org/parameters/4-180>		<http://ids.clld.org/values/4-180-287-1>		"-d-oay-bɨ"@myu	
"myti"@cu	<http://ids.clld.org/values/9-360-199-1>		<http://ids.clld.org/parameters/9-360>		<http://ids.clld.org/values/9-360-287-1>		"i-wɨy-wɨy"@myu	
"děvica"@cu	<http://ids.clld.org/values/2-260-199-1>		<http://ids.clld.org/parameters/2-260>		<http://ids.clld.org/values/2-260-287-1>		"a-yat-at-ʔit-ʔit"@myu	
"iskati"@cu	<http://ids.clld.org/values/11-310-199-1>		<http://ids.clld.org/parameters/11-310>		<http://ids.clld.org/values/11-310-287-1>		"ǰeakaɲ"@myu	
"sklęzĭ"@cu	<http://ids.clld.org/values/11-440-199-1>		<http://ids.clld.org/parameters/11-440>		<http://ids.clld.org/values/11-440-287-1>		"[diɲeiro] isɨrɨ̃ɲat"@myu	
"topiti"@cu	<http://ids.clld.org/values/10-330-199-5>		<http://ids.clld.org/parameters/10-330>		<http://ids.clld.org/values/10-330-287-1>		"imɨakõm-kõm (?)"@myu	
"jasti"@cu	<http://ids.clld.org/values/5-110-199-1>		<http://ids.clld.org/parameters/5-110>		<http://ids.clld.org/values/5-110-287-3>		"iʔom"@myu	
"jasti"@cu	<http://ids.clld.org/values/5-110-199-1>		<http://ids.clld.org/parameters/5-110>		<http://ids.clld.org/values/5-110-287-1>		"ǰe-kõn"@myu	
"strana"@cu	<http://ids.clld.org/values/19-110-199-1>		<http://ids.clld.org/parameters/19-110>		<http://ids.clld.org/values/19-110-287-1>		"ipi"@myu	
"iměti"@cu	<http://ids.clld.org/values/11-110-199-1>		<http://ids.clld.org/parameters/11-110>		<http://ids.clld.org/values/11-110-287-1>		"ikɨɲ"@myu	
"suchŭ"@cu	<http://ids.clld.org/values/15-840-199-1>		<http://ids.clld.org/parameters/15-840>		<http://ids.clld.org/values/15-840-287-1>		"t-iap"@myu	
"daleče"@cu	<http://ids.clld.org/values/12-440-199-1>		<http://ids.clld.org/parameters/12-440>		<http://ids.clld.org/values/12-440-287-1>		"wɨ̃y"@myu	
"ątroba"@cu	<http://ids.clld.org/values/4-460-199-3>		<http://ids.clld.org/parameters/4-460>		<http://ids.clld.org/values/4-460-287-1>		"i-ʔɨk"@myu	
"jędro"@cu	<http://ids.clld.org/values/14-210-199-3>		<http://ids.clld.org/parameters/14-210>		<http://ids.clld.org/values/14-210-287-3>		"dao ma"@myu	
"jędro"@cu	<http://ids.clld.org/values/14-210-199-3>		<http://ids.clld.org/parameters/14-210>		<http://ids.clld.org/values/14-210-287-1>		"daosɨw-sɨw"@myu	
"novŭ"@cu	<http://ids.clld.org/values/14-130-199-1>		<http://ids.clld.org/parameters/14-130>		<http://ids.clld.org/values/14-130-287-1>		"i-isɨ"@myu	
"mesti"@cu	<http://ids.clld.org/values/10-250-199-1>		<http://ids.clld.org/parameters/10-250>		<http://ids.clld.org/values/10-250-287-1>		"imɨ̃n-mɨ̃n"@myu	
"cvětĭcĭ"@cu	<http://ids.clld.org/values/8-570-199-3>		<http://ids.clld.org/parameters/8-570>		<http://ids.clld.org/values/8-570-287-1>		"-dit ~ tit"@myu	
"językŭ"@cu	<http://ids.clld.org/values/18-240-199-1>		<http://ids.clld.org/parameters/18-240>		<http://ids.clld.org/values/18-240-287-1>		"yaʔõ"@myu	
"brĭzo"@cu	<http://ids.clld.org/values/14-210-199-5>		<http://ids.clld.org/parameters/14-210>		<http://ids.clld.org/values/14-210-287-3>		"dao ma"@myu	
"brĭzo"@cu	<http://ids.clld.org/values/14-210-199-5>		<http://ids.clld.org/parameters/14-210>		<http://ids.clld.org/values/14-210-287-1>		"daosɨw-sɨw"@myu	
"loviti"@cu	<http://ids.clld.org/values/20-610-199-1>		<http://ids.clld.org/parameters/20-610>		<http://ids.clld.org/values/20-610-287-1>		"ǰe-orok-oroŋ"@myu	
"pristanište"@cu	<http://ids.clld.org/values/10-910-199-1>		<http://ids.clld.org/parameters/10-910>		<http://ids.clld.org/values/10-910-287-1>		"wɨ̃y"@myu	
"sěkyra (brady)"@cu	<http://ids.clld.org/values/9-250-199-1>		<http://ids.clld.org/parameters/9-250>		<http://ids.clld.org/values/9-250-287-1>		"o-ʔa"@myu	
"skovrada"@cu	<http://ids.clld.org/values/5-280-199-1>		<http://ids.clld.org/parameters/5-280>		<http://ids.clld.org/values/5-280-287-1>		"kaǰarãoʔa"@myu	
"lŭža"@cu	<http://ids.clld.org/values/16-670-199-1>		<http://ids.clld.org/parameters/16-670>		<http://ids.clld.org/values/16-670-287-1>		"napapaʔɨkat"@myu	
"lŭža"@cu	<http://ids.clld.org/values/16-670-199-1>		<http://ids.clld.org/parameters/16-670>		<http://ids.clld.org/values/16-670-287-3>		"dapši"@myu	
"blagovonĭnŭ"@cu	<http://ids.clld.org/values/15-250-199-1>		<http://ids.clld.org/parameters/15-250>		<http://ids.clld.org/values/15-250-287-1>		"teʔo"@myu	
"sĭrebro"@cu	<http://ids.clld.org/values/11-430-199-1>		<http://ids.clld.org/parameters/11-430>		<http://ids.clld.org/values/11-430-287-1>		"ibɨbɨtpɨpɨap"@myu	
"tělo"@cu	<http://ids.clld.org/values/4-110-199-1>		<http://ids.clld.org/parameters/4-110>		<http://ids.clld.org/values/4-110-287-1>		"wɨy-ǰebit"@myu	
"biti"@cu	<http://ids.clld.org/values/9-210-199-1>		<http://ids.clld.org/parameters/9-210>		<http://ids.clld.org/values/9-210-287-1>		"imɨpãm"@myu	
"plavati"@cu	<http://ids.clld.org/values/10-350-199-3>		<http://ids.clld.org/parameters/10-350>		<http://ids.clld.org/values/10-350-287-3>		"ǰekodododon"@myu	
"plavati"@cu	<http://ids.clld.org/values/10-350-199-3>		<http://ids.clld.org/parameters/10-350>		<http://ids.clld.org/values/10-350-287-1>		"ǰedoɲ"@myu	
"veštĭ"@cu	<http://ids.clld.org/values/11-180-199-1>		<http://ids.clld.org/parameters/11-180>		<http://ids.clld.org/values/11-180-287-1>		"tɨmɨ̃n"@myu	
"čistŭ"@cu	<http://ids.clld.org/values/15-870-199-1>		<http://ids.clld.org/parameters/15-870>		<http://ids.clld.org/values/15-870-287-1>		"i-sɨp-sɨm -"@myu	
"lomiti"@cu	<http://ids.clld.org/values/9-260-199-1>		<http://ids.clld.org/parameters/9-260>		<http://ids.clld.org/values/9-260-287-1>		"ka"@myu	
"zĭrěti"@cu	<http://ids.clld.org/values/15-510-199-3>		<http://ids.clld.org/parameters/15-510>		<http://ids.clld.org/values/15-510-287-3>		"ǰop"@myu	
"zĭrěti"@cu	<http://ids.clld.org/values/15-510-199-3>		<http://ids.clld.org/parameters/15-510>		<http://ids.clld.org/values/15-510-287-1>		"i-ǰo-ǰom"@myu	
"glasŭ"@cu	<http://ids.clld.org/values/18-110-199-1>		<http://ids.clld.org/parameters/18-110>		<http://ids.clld.org/values/18-110-287-1>		"yaʔõ"@myu	
"tŭštĭ"@cu	<http://ids.clld.org/values/13-220-199-1>		<http://ids.clld.org/parameters/13-220>		<http://ids.clld.org/values/13-220-287-3>		"yɨkpibɨk"@myu	
"tŭštĭ"@cu	<http://ids.clld.org/values/13-220-199-1>		<http://ids.clld.org/parameters/13-220>		<http://ids.clld.org/values/13-220-287-1>		"yabibɨk"@myu	
"balĭstvo"@cu	<http://ids.clld.org/values/4-880-199-1>		<http://ids.clld.org/parameters/4-880>		<http://ids.clld.org/values/4-880-287-1>		"posɨ̃ŋ-ti (~ -di)"@myu	
"světĭlŭ"@cu	<http://ids.clld.org/values/15-570-199-1>		<http://ids.clld.org/parameters/15-570>		<http://ids.clld.org/values/15-570-287-1>		"isopsep"@myu	
"chramŭ"@cu	<http://ids.clld.org/values/22-130-199-3>		<http://ids.clld.org/parameters/22-130>		<http://ids.clld.org/values/22-130-287-1>		"Deɨs tɨkʔa"@myu	
"kusati"@cu	<http://ids.clld.org/values/4-580-199-3>		<http://ids.clld.org/parameters/4-580>		<http://ids.clld.org/values/4-580-287-1>		"iaham"@myu	
"chromŭ"@cu	<http://ids.clld.org/values/4-940-199-1>		<http://ids.clld.org/parameters/4-940>		<http://ids.clld.org/values/4-940-287-1>		"čekɨkẽrẽat"@myu	
"mrakŭ"@cu	<http://ids.clld.org/values/1-620-199-3>		<http://ids.clld.org/parameters/1-620>		<http://ids.clld.org/values/1-620-287-1>		"i-ok"@myu	
"plakati"@cu	<http://ids.clld.org/values/9-360-199-3>		<http://ids.clld.org/parameters/9-360>		<http://ids.clld.org/values/9-360-287-1>		"i-wɨy-wɨy"@myu	
"uraziti"@cu	<http://ids.clld.org/values/9-210-199-7>		<http://ids.clld.org/parameters/9-210>		<http://ids.clld.org/values/9-210-287-1>		"imɨpãm"@myu	
"vŭzdati"@cu	<http://ids.clld.org/values/11-650-199-1>		<http://ids.clld.org/parameters/11-650>		<http://ids.clld.org/values/11-650-287-1>		"teidam"@myu	
"zmija"@cu	<http://ids.clld.org/values/3-850-199-1>		<http://ids.clld.org/parameters/3-850>		<http://ids.clld.org/values/3-850-287-1>		"pɨy-bɨ"@myu	
"solĭ"@cu	<http://ids.clld.org/values/5-810-199-1>		<http://ids.clld.org/parameters/5-810>		<http://ids.clld.org/values/5-810-287-1>		"kawta"@myu	
"mysliti"@cu	<http://ids.clld.org/values/17-130-199-1>		<http://ids.clld.org/parameters/17-130>		<http://ids.clld.org/values/17-130-287-1>		"ǰewaɨ̃yɲɨy"@myu	
"platŭ"@cu	<http://ids.clld.org/values/6-210-199-1>		<http://ids.clld.org/parameters/6-210>		<http://ids.clld.org/values/6-210-287-1>		"[paɲo]"@myu	
"polučiti"@cu	<http://ids.clld.org/values/11-160-199-1>		<http://ids.clld.org/parameters/11-160>		<http://ids.clld.org/values/11-160-287-1>		"bɨm"@myu	
"větvĭ"@cu	<http://ids.clld.org/values/8-550-199-1>		<http://ids.clld.org/parameters/8-550>		<http://ids.clld.org/values/8-550-287-3>		"taypa"@myu	
"větvĭ"@cu	<http://ids.clld.org/values/8-550-199-1>		<http://ids.clld.org/parameters/8-550>		<http://ids.clld.org/values/8-550-287-1>		"takɨ̃"@myu	
"chudŭ"@cu	<http://ids.clld.org/values/12-560-199-3>		<http://ids.clld.org/parameters/12-560>		<http://ids.clld.org/values/12-560-287-3>		"-istma"@myu	
"chudŭ"@cu	<http://ids.clld.org/values/12-560-199-3>		<http://ids.clld.org/parameters/12-560>		<http://ids.clld.org/values/12-560-287-1>		"-ĩtma"@myu	
"gladŭ"@cu	<http://ids.clld.org/values/5-140-199-1>		<http://ids.clld.org/parameters/5-140>		<http://ids.clld.org/values/5-140-287-1>		"ire"@myu	
"ląkŭ"@cu	<http://ids.clld.org/values/20-240-199-1>		<http://ids.clld.org/parameters/20-240>		<http://ids.clld.org/values/20-240-287-1>		"darɨk"@myu	
"domŭ"@cu	<http://ids.clld.org/values/7-120-199-1>		<http://ids.clld.org/parameters/7-120>		<http://ids.clld.org/values/7-120-287-3>		"-dɨkʔa"@myu	
"domŭ"@cu	<http://ids.clld.org/values/7-120-199-1>		<http://ids.clld.org/parameters/7-120>		<http://ids.clld.org/values/7-120-287-1>		"ɨk-ʔa"@myu	
"bratŭ"@cu	<http://ids.clld.org/values/2-440-199-3>		<http://ids.clld.org/parameters/2-440>		<http://ids.clld.org/values/2-440-287-1>		"kipit"@myu	
"(u)mrěti"@cu	<http://ids.clld.org/values/4-750-199-1>		<http://ids.clld.org/parameters/4-750>		<http://ids.clld.org/values/4-750-287-1>		"ǰeʔɨ̃ʔɨ̃m"@myu	
"(u)mrěti"@cu	<http://ids.clld.org/values/4-750-199-1>		<http://ids.clld.org/parameters/4-750>		<http://ids.clld.org/values/4-750-287-3>		"ʔɨ̃"@myu	
"širokŭ"@cu	<http://ids.clld.org/values/12-610-199-1>		<http://ids.clld.org/parameters/12-610>		<http://ids.clld.org/values/12-610-287-1>		"i-erɨnboɲat"@myu	
"morje"@cu	<http://ids.clld.org/values/1-320-199-1>		<http://ids.clld.org/parameters/1-320>		<http://ids.clld.org/values/1-320-287-1>		"t-i-boɲ-ati"@myu	
"morje"@cu	<http://ids.clld.org/values/1-320-199-1>		<http://ids.clld.org/parameters/1-320>		<http://ids.clld.org/values/1-320-287-3>		"t-i-boŋ-at-ti"@myu	
"živŭ"@cu	<http://ids.clld.org/values/4-740-199-3>		<http://ids.clld.org/parameters/4-740>		<http://ids.clld.org/values/4-740-287-1>		"itaʔit"@myu	
"vĭsěkŭ"@cu	<http://ids.clld.org/values/13-140-199-1>		<http://ids.clld.org/parameters/13-140>		<http://ids.clld.org/values/13-140-287-1>		"soat"@myu	
"mladĭnĭcĭ"@cu	<http://ids.clld.org/values/2-280-199-3>		<http://ids.clld.org/parameters/2-280>		<http://ids.clld.org/values/2-280-287-1>		"ãwã"@myu	
"zŭlŭ"@cu	<http://ids.clld.org/values/16-720-199-1>		<http://ids.clld.org/parameters/16-720>		<http://ids.clld.org/values/16-720-287-1>		"šipat ɲɨ"@myu	
"znati"@cu	<http://ids.clld.org/values/17-170-199-5>		<http://ids.clld.org/parameters/17-170>		<http://ids.clld.org/values/17-170-287-1>		"itaybit"@myu	
"znati"@cu	<http://ids.clld.org/values/17-170-199-5>		<http://ids.clld.org/parameters/17-170>		<http://ids.clld.org/values/17-170-287-3>		"wetaybit"@myu	
"chyzŭ"@cu	<http://ids.clld.org/values/7-120-199-5>		<http://ids.clld.org/parameters/7-120>		<http://ids.clld.org/values/7-120-287-3>		"-dɨkʔa"@myu	
"chyzŭ"@cu	<http://ids.clld.org/values/7-120-199-5>		<http://ids.clld.org/parameters/7-120>		<http://ids.clld.org/values/7-120-287-1>		"ɨk-ʔa"@myu	
"měsęcĭ"@cu	<http://ids.clld.org/values/1-530-199-3>		<http://ids.clld.org/parameters/1-530>		<http://ids.clld.org/values/1-530-287-1>		"ka-ši"@myu	
"měsęcĭ"@cu	<http://ids.clld.org/values/1-530-199-3>		<http://ids.clld.org/parameters/1-530>		<http://ids.clld.org/values/1-530-287-3>		"ka-ši-a-ʔat"@myu	
"baba"@cu	<http://ids.clld.org/values/2-470-199-1>		<http://ids.clld.org/parameters/2-470>		<http://ids.clld.org/values/2-470-287-1>		"awawa"@myu	
"baba"@cu	<http://ids.clld.org/values/2-470-199-1>		<http://ids.clld.org/parameters/2-470>		<http://ids.clld.org/values/2-470-287-3>		"aǰɨ̃ɲ-ǰɨ̃ɲ"@myu	
"obonjati"@cu	<http://ids.clld.org/values/15-210-199-1>		<http://ids.clld.org/parameters/15-210>		<http://ids.clld.org/values/15-210-287-1>		"iyõyõn"@myu	
"obonjati"@cu	<http://ids.clld.org/values/15-210-199-1>		<http://ids.clld.org/parameters/15-210>		<http://ids.clld.org/values/15-210-287-3>		"teʔo"@myu	
"slěpŭ"@cu	<http://ids.clld.org/values/4-970-199-1>		<http://ids.clld.org/parameters/4-970>		<http://ids.clld.org/values/4-970-287-1>		"ita-ʔɨ̃m"@myu	
"padati"@cu	<http://ids.clld.org/values/10-230-199-3>		<http://ids.clld.org/parameters/10-230>		<http://ids.clld.org/values/10-230-287-1>		"ʔat-ʔan"@myu	
"mŭnogŭ"@cu	<http://ids.clld.org/values/13-150-199-1>		<http://ids.clld.org/parameters/13-150>		<http://ids.clld.org/values/13-150-287-1>		"ade"@myu	
"cěsar'ĭ"@cu	<http://ids.clld.org/values/19-320-199-1>		<http://ids.clld.org/parameters/19-320>		<http://ids.clld.org/values/19-320-287-1>		"iečɨɲap"@myu	
"zima"@cu	<http://ids.clld.org/values/14-740-199-1>		<http://ids.clld.org/parameters/14-740>		<http://ids.clld.org/values/14-740-287-1>		"ihi"@myu	
"dětĭ"@cu	<http://ids.clld.org/values/2-270-199-1>		<http://ids.clld.org/parameters/2-270>		<http://ids.clld.org/values/2-270-287-1>		"be-kit-at"@myu	
"životŭ"@cu	<http://ids.clld.org/values/3-110-199-1>		<http://ids.clld.org/parameters/3-110>		<http://ids.clld.org/values/3-110-287-1>		"tɨ-mɨ̃n"@myu	
"nečistŭ"@cu	<http://ids.clld.org/values/15-880-199-1>		<http://ids.clld.org/parameters/15-880>		<http://ids.clld.org/values/15-880-287-1>		"-okok"@myu	
"cěsta"@cu	<http://ids.clld.org/values/10-710-199-3>		<http://ids.clld.org/parameters/10-710>		<http://ids.clld.org/values/10-710-287-1>		"e"@myu	
"radostĭ"@cu	<http://ids.clld.org/values/16-230-199-5>		<http://ids.clld.org/parameters/16-230>		<http://ids.clld.org/values/16-230-287-1>		"i-čok-čok"@myu	
"vyja"@cu	<http://ids.clld.org/values/4-280-199-1>		<http://ids.clld.org/parameters/4-280>		<http://ids.clld.org/values/4-280-287-1>		"-a-ɲo-bɨ"@myu	
"vrěšti"@cu	<http://ids.clld.org/values/10-250-199-3>		<http://ids.clld.org/parameters/10-250>		<http://ids.clld.org/values/10-250-287-1>		"imɨ̃n-mɨ̃n"@myu	
"pravŭ"@cu	<http://ids.clld.org/values/12-730-199-1>		<http://ids.clld.org/parameters/12-730>		<http://ids.clld.org/values/12-730-287-1>		"-čɨ̃ŋ"@myu	
"isplŭnŭ"@cu	<http://ids.clld.org/values/13-210-199-1>		<http://ids.clld.org/parameters/13-210>		<http://ids.clld.org/values/13-210-287-3>		"yanopapɨ̃n"@myu	
"isplŭnŭ"@cu	<http://ids.clld.org/values/13-210-199-1>		<http://ids.clld.org/parameters/13-210>		<http://ids.clld.org/values/13-210-287-1>		"topapɨ̃n"@myu	
"dĭrati"@cu	<http://ids.clld.org/values/9-280-199-1>		<http://ids.clld.org/parameters/9-280>		<http://ids.clld.org/values/9-280-287-1>		"iwek-wek"@myu	
"govno"@cu	<http://ids.clld.org/values/4-660-199-3>		<http://ids.clld.org/parameters/4-660>		<http://ids.clld.org/values/4-660-287-1>		"-nɨ̃n ~ tɨ̃n"@myu	
"jadŭ"@cu	<http://ids.clld.org/values/4-890-199-1>		<http://ids.clld.org/parameters/4-890>		<http://ids.clld.org/values/4-890-287-1>		"ipiat"@myu	
"jadŭ"@cu	<http://ids.clld.org/values/4-890-199-1>		<http://ids.clld.org/parameters/4-890>		<http://ids.clld.org/values/4-890-287-3>		"tɨ̃ypiat"@myu	
"vějati"@cu	<http://ids.clld.org/values/10-380-199-3>		<http://ids.clld.org/parameters/10-380>		<http://ids.clld.org/values/10-380-287-1>		"imɨpow-ɨpow"@myu	
"smějati sę"@cu	<http://ids.clld.org/values/16-250-199-1>		<http://ids.clld.org/parameters/16-250>		<http://ids.clld.org/values/16-250-287-1>		"ǰeway-way-way"@myu	
"blaženŭ"@cu	<http://ids.clld.org/values/16-230-199-7>		<http://ids.clld.org/parameters/16-230>		<http://ids.clld.org/values/16-230-287-1>		"i-čok-čok"@myu	
"rogŭ"@cu	<http://ids.clld.org/values/4-170-199-1>		<http://ids.clld.org/parameters/4-170>		<http://ids.clld.org/values/4-170-287-1>		"-a-kara��-sɨ̃"@myu	
"chlŭmŭ"@cu	<http://ids.clld.org/values/1-220-199-3>		<http://ids.clld.org/parameters/1-220>		<http://ids.clld.org/values/1-220-287-1>		"čo-ʔa"@myu	
"těsto"@cu	<http://ids.clld.org/values/5-530-199-1>		<http://ids.clld.org/parameters/5-530>		<http://ids.clld.org/values/5-530-287-1>		"tõm"@myu	
"těsto"@cu	<http://ids.clld.org/values/5-530-199-1>		<http://ids.clld.org/parameters/5-530>		<http://ids.clld.org/values/5-530-287-3>		"nõm"@myu	
"obitati"@cu	<http://ids.clld.org/values/7-110-199-3>		<http://ids.clld.org/parameters/7-110>		<http://ids.clld.org/values/7-110-287-1>		"-wat"@myu	
"otrava"@cu	<http://ids.clld.org/values/4-890-199-3>		<http://ids.clld.org/parameters/4-890>		<http://ids.clld.org/values/4-890-287-1>		"ipiat"@myu	
"otrava"@cu	<http://ids.clld.org/values/4-890-199-3>		<http://ids.clld.org/parameters/4-890>		<http://ids.clld.org/values/4-890-287-3>		"tɨ̃ypiat"@myu	
"lice"@cu	<http://ids.clld.org/values/4-204-199-1>		<http://ids.clld.org/parameters/4-204>		<http://ids.clld.org/values/4-204-287-1>		"-d-opa"@myu	
"imę"@cu	<http://ids.clld.org/values/18-280-199-1>		<http://ids.clld.org/parameters/18-280>		<http://ids.clld.org/values/18-280-287-1>		"i-bɨ-tet"@myu	
"sŭčetati"@cu	<http://ids.clld.org/values/12-220-199-1>		<http://ids.clld.org/parameters/12-220>		<http://ids.clld.org/values/12-220-287-1>		"imɨwebotbon"@myu	
"priti"@cu	<http://ids.clld.org/values/10-480-199-1>		<http://ids.clld.org/parameters/10-480>		<http://ids.clld.org/values/10-480-287-1>		"don"@myu	
"priti"@cu	<http://ids.clld.org/values/10-480-199-1>		<http://ids.clld.org/parameters/10-480>		<http://ids.clld.org/values/10-480-287-5>		"e-ǰot"@myu	
"priti"@cu	<http://ids.clld.org/values/10-480-199-1>		<http://ids.clld.org/parameters/10-480>		<http://ids.clld.org/values/10-480-287-3>		"dodon"@myu	
"ucho"@cu	<http://ids.clld.org/values/4-220-199-1>		<http://ids.clld.org/parameters/4-220>		<http://ids.clld.org/values/4-220-287-1>		"-a-ɲɨy-bɨ"@myu	
"větrŭ"@cu	<http://ids.clld.org/values/1-720-199-1>		<http://ids.clld.org/parameters/1-720>		<http://ids.clld.org/values/1-720-287-1>		"ka-bi-do"@myu	
"lože"@cu	<http://ids.clld.org/values/7-420-199-3>		<http://ids.clld.org/parameters/7-420>		<http://ids.clld.org/values/7-420-287-1>		"šešečap"@myu	
"sĭčĭ"@cu	<http://ids.clld.org/values/4-650-199-3>		<http://ids.clld.org/parameters/4-650>		<http://ids.clld.org/values/4-650-287-1>		"iǰok-ǰok-ǰoɲ"@myu	
"ovoštĭ"@cu	<http://ids.clld.org/values/5-710-199-1>		<http://ids.clld.org/parameters/5-710>		<http://ids.clld.org/values/5-710-287-1>		"-ʔa"@myu	
"ovoštĭ"@cu	<http://ids.clld.org/values/5-710-199-1>		<http://ids.clld.org/parameters/5-710>		<http://ids.clld.org/values/5-710-287-3>		"tɨ-mɨ̃n-ʔa-ʔa"@myu	
"čeljustĭ"@cu	<http://ids.clld.org/values/4-207-199-1>		<http://ids.clld.org/parameters/4-207>		<http://ids.clld.org/values/4-207-287-1>		"daǰe"@myu	
"pišta"@cu	<http://ids.clld.org/values/5-120-199-1>		<http://ids.clld.org/parameters/5-120>		<http://ids.clld.org/values/5-120-287-1>		"išat"@myu	
"nosŭ"@cu	<http://ids.clld.org/values/4-230-199-1>		<http://ids.clld.org/parameters/4-230>		<http://ids.clld.org/values/4-230-287-1>		"na-bɨ̃"@myu	
"nosŭ"@cu	<http://ids.clld.org/values/4-230-199-1>		<http://ids.clld.org/parameters/4-230>		<http://ids.clld.org/values/4-230-287-3>		"tã-bɨ"@myu	
"dŭždĭ"@cu	<http://ids.clld.org/values/1-750-199-1>		<http://ids.clld.org/parameters/1-750>		<http://ids.clld.org/values/1-750-287-1>		"mɨ-ba-ʔat"@myu	
"jętro"@cu	<http://ids.clld.org/values/4-450-199-1>		<http://ids.clld.org/parameters/4-450>		<http://ids.clld.org/values/4-450-287-3>		"-k-sa"@myu	
"jętro"@cu	<http://ids.clld.org/values/4-450-199-1>		<http://ids.clld.org/parameters/4-450>		<http://ids.clld.org/values/4-450-287-1>		"-i-p-sa"@myu	
"otokŭ"@cu	<http://ids.clld.org/values/1-250-199-1>		<http://ids.clld.org/parameters/1-250>		<http://ids.clld.org/values/1-250-287-1>		"tipʔaweroro"@myu	
"plŭziti"@cu	<http://ids.clld.org/values/10-410-199-1>		<http://ids.clld.org/parameters/10-410>		<http://ids.clld.org/values/10-410-287-1>		"ǰewɨrɨrɨrɨɲ"@myu	
"čisti"@cu	<http://ids.clld.org/values/18-520-199-1>		<http://ids.clld.org/parameters/18-520>		<http://ids.clld.org/values/18-520-287-1>		"taperadɨp čočom"@myu	
"valŭ"@cu	<http://ids.clld.org/values/1-350-199-3>		<http://ids.clld.org/parameters/1-350>		<http://ids.clld.org/values/1-350-287-1>		"-di-kopek"@myu	
"žiznć"@cu	<http://ids.clld.org/values/4-740-199-7>		<http://ids.clld.org/parameters/4-740>		<http://ids.clld.org/values/4-740-287-1>		"itaʔit"@myu	
"piti"@cu	<http://ids.clld.org/values/5-130-199-1>		<http://ids.clld.org/parameters/5-130>		<http://ids.clld.org/values/5-130-287-3>		"tikõn"@myu	
"piti"@cu	<http://ids.clld.org/values/5-130-199-1>		<http://ids.clld.org/parameters/5-130>		<http://ids.clld.org/values/5-130-287-1>		"iʔom"@myu	
"želěti"@cu	<http://ids.clld.org/values/16-620-199-1>		<http://ids.clld.org/parameters/16-620>		<http://ids.clld.org/values/16-620-287-1>		"kay"@myu	
"skala"@cu	<http://ids.clld.org/values/1-440-199-3>		<http://ids.clld.org/parameters/1-440>		<http://ids.clld.org/values/1-440-287-1>		"wita-ʔa"@myu	
"sŭmrŭtĭ"@cu	<http://ids.clld.org/values/4-750-199-5>		<http://ids.clld.org/parameters/4-750>		<http://ids.clld.org/values/4-750-287-1>		"ǰeʔɨ̃ʔɨ̃m"@myu	
"sŭmrŭtĭ"@cu	<http://ids.clld.org/values/4-750-199-5>		<http://ids.clld.org/parameters/4-750>		<http://ids.clld.org/values/4-750-287-3>		"ʔɨ̃"@myu	
"orěchŭ"@cu	<http://ids.clld.org/values/5-770-199-1>		<http://ids.clld.org/parameters/5-770>		<http://ids.clld.org/values/5-770-287-1>		"-ĩ"@myu	
"brati"@cu	<http://ids.clld.org/values/20-110-199-3>		<http://ids.clld.org/parameters/20-110>		<http://ids.clld.org/values/20-110-287-1>		"ǰewešikšiɲ"@myu	
"pŭtica"@cu	<http://ids.clld.org/values/3-581-199-3>		<http://ids.clld.org/parameters/3-581>		<http://ids.clld.org/values/3-581-287-3>		"wãsɨ̃"@myu	
"pŭtica"@cu	<http://ids.clld.org/values/3-581-199-3>		<http://ids.clld.org/parameters/3-581>		<http://ids.clld.org/values/3-581-287-1>		"wasɨ̃-yɨ̃"@myu	
"bĭrati"@cu	<http://ids.clld.org/values/11-130-199-3>		<http://ids.clld.org/parameters/11-130>		<http://ids.clld.org/values/11-130-287-1>		"ɨk"@myu	
"bujĭ"@cu	<http://ids.clld.org/values/17-220-199-3>		<http://ids.clld.org/parameters/17-220>		<http://ids.clld.org/values/17-220-287-1>		"itaybitʔɨ̃m"@myu	
"sŭvęzati"@cu	<http://ids.clld.org/values/9-160-199-1>		<http://ids.clld.org/parameters/9-160>		<http://ids.clld.org/values/9-160-287-1>		"imɨkɨŋ-ɨkɨŋ"@myu	
"dychanĭje"@cu	<http://ids.clld.org/values/4-510-199-3>		<http://ids.clld.org/parameters/4-510>		<http://ids.clld.org/values/4-510-287-1>		"ǰe-pido-wat-wan"@myu	
"prispěti"@cu	<http://ids.clld.org/values/10-550-199-3>		<http://ids.clld.org/parameters/10-550>		<http://ids.clld.org/values/10-550-287-1>		"aǰẽm"@myu	
"tvrŭdŭ"@cu	<http://ids.clld.org/values/15-740-199-3>		<http://ids.clld.org/parameters/15-740>		<http://ids.clld.org/values/15-740-287-1>		"iča"@myu	
"tvrŭdŭ"@cu	<http://ids.clld.org/values/15-740-199-3>		<http://ids.clld.org/parameters/15-740>		<http://ids.clld.org/values/15-740-287-3>		"yača"@myu	
"ględati"@cu	<http://ids.clld.org/values/15-520-199-3>		<http://ids.clld.org/parameters/15-520>		<http://ids.clld.org/values/15-520-287-1>		"ǰeakaɲ"@myu	
"bezumĭnŭ"@cu	<http://ids.clld.org/values/17-220-199-1>		<http://ids.clld.org/parameters/17-220>		<http://ids.clld.org/values/17-220-287-1>		"itaybitʔɨ̃m"@myu	
"bljĭvati"@cu	<http://ids.clld.org/values/4-570-199-1>		<http://ids.clld.org/parameters/4-570>		<http://ids.clld.org/values/4-570-287-1>		"ǰedadadan"@myu	
"kratŭkŭ"@cu	<http://ids.clld.org/values/12-590-199-1>		<http://ids.clld.org/parameters/12-590>		<http://ids.clld.org/values/12-590-287-1>		"tao-apĩn"@myu	
"zabyti"@cu	<http://ids.clld.org/values/17-320-199-1>		<http://ids.clld.org/parameters/17-320>		<http://ids.clld.org/values/17-320-287-1>		"yaɲɨybaʔɨ̃m"@myu	
"nesti"@cu	<http://ids.clld.org/values/10-610-199-1>		<http://ids.clld.org/parameters/10-610>		<http://ids.clld.org/values/10-610-287-1>		"tɨǰowatwan"@myu	
"golěnĭ"@cu	<http://ids.clld.org/values/4-350-199-1>		<http://ids.clld.org/parameters/4-350>		<http://ids.clld.org/values/4-350-287-3>		"tao"@myu	
"golěnĭ"@cu	<http://ids.clld.org/values/4-350-199-1>		<http://ids.clld.org/parameters/4-350>		<http://ids.clld.org/values/4-350-287-1>		"dao"@myu	
"slabŭ"@cu	<http://ids.clld.org/values/4-820-199-1>		<http://ids.clld.org/parameters/4-820>		<http://ids.clld.org/values/4-820-287-1>		"ibača-ʔɨ̃m"@myu	
"slabŭ"@cu	<http://ids.clld.org/values/4-820-199-1>		<http://ids.clld.org/parameters/4-820>		<http://ids.clld.org/values/4-820-287-3>		"iča ɲɨ (?)"@myu	
"těsnŭ"@cu	<http://ids.clld.org/values/12-620-199-3>		<http://ids.clld.org/parameters/12-620>		<http://ids.clld.org/values/12-620-287-1>		"-erɨ̃nĩtma"@myu	
"povrěsti"@cu	<http://ids.clld.org/values/9-160-199-3>		<http://ids.clld.org/parameters/9-160>		<http://ids.clld.org/values/9-160-287-1>		"imɨkɨŋ-ɨkɨŋ"@myu	
"žlĭtŭ"@cu	<http://ids.clld.org/values/15-690-199-1>		<http://ids.clld.org/parameters/15-690>		<http://ids.clld.org/values/15-690-287-1>		"i-pekpɨk"@myu	
"kokotŭ"@cu	<http://ids.clld.org/values/3-520-199-3>		<http://ids.clld.org/parameters/3-520>		<http://ids.clld.org/values/3-520-287-1>		"sapokay aɲokat-kat"@myu	
"sŭsĭcĭ"@cu	<http://ids.clld.org/values/4-410-199-3>		<http://ids.clld.org/parameters/4-410>		<http://ids.clld.org/values/4-410-287-1>		"-kɨ̃m"@myu	
"svěšta"@cu	<http://ids.clld.org/values/7-460-199-1>		<http://ids.clld.org/parameters/7-460>		<http://ids.clld.org/values/7-460-287-1>		"[sera]-bɨ"@myu	
"vojinŭ"@cu	<http://ids.clld.org/values/20-170-199-1>		<http://ids.clld.org/parameters/20-170>		<http://ids.clld.org/values/20-170-287-1>		"[sorara]"@myu	
"rąbŭ"@cu	<http://ids.clld.org/values/6-210-199-5>		<http://ids.clld.org/parameters/6-210>		<http://ids.clld.org/values/6-210-287-1>		"[paɲo]"@myu	
"noštĭ"@cu	<http://ids.clld.org/values/14-420-199-1>		<http://ids.clld.org/parameters/14-420>		<http://ids.clld.org/values/14-420-287-1>		"i-ši-ma"@myu	
"stĭza"@cu	<http://ids.clld.org/values/10-720-199-1>		<http://ids.clld.org/parameters/10-720>		<http://ids.clld.org/values/10-720-287-1>		"e"@myu	
"plešte"@cu	<http://ids.clld.org/values/4-300-199-3>		<http://ids.clld.org/parameters/4-300>		<http://ids.clld.org/values/4-300-287-1>		"yaʔõ-pi-ʔa"@myu	
"ljubiti"@cu	<http://ids.clld.org/values/16-270-199-3>		<http://ids.clld.org/parameters/16-270>		<http://ids.clld.org/values/16-270-287-1>		"ǰɨy"@myu	
"rŭdrŭ"@cu	<http://ids.clld.org/values/15-660-199-5>		<http://ids.clld.org/parameters/15-660>		<http://ids.clld.org/values/15-660-287-3>		"ipekpɨk"@myu	
"rŭdrŭ"@cu	<http://ids.clld.org/values/15-660-199-5>		<http://ids.clld.org/parameters/15-660>		<http://ids.clld.org/values/15-660-287-1>		"i-pak-pɨk"@myu	
"vŭzęti"@cu	<http://ids.clld.org/values/11-130-199-1>		<http://ids.clld.org/parameters/11-130>		<http://ids.clld.org/values/11-130-287-1>		"ɨk"@myu	
"pokazati"@cu	<http://ids.clld.org/values/15-550-199-1>		<http://ids.clld.org/parameters/15-550>		<http://ids.clld.org/values/15-550-287-1>		"imɨbapɨɲ"@myu	
"kupĭcĭ"@cu	<http://ids.clld.org/values/11-840-199-1>		<http://ids.clld.org/parameters/11-840>		<http://ids.clld.org/values/11-840-287-1>		"tarek-rek ɨ̃mɨ̃mʔɨkat"@myu	
"grudĭ"@cu	<http://ids.clld.org/values/4-400-199-3>		<http://ids.clld.org/parameters/4-400>		<http://ids.clld.org/values/4-400-287-1>		"-kɨ̃m-pi"@myu	
"kupiti"@cu	<http://ids.clld.org/values/11-810-199-1>		<http://ids.clld.org/parameters/11-810>		<http://ids.clld.org/values/11-810-287-1>		"ibɨm"@myu	
"drěvo"@cu	<http://ids.clld.org/values/1-420-199-1>		<http://ids.clld.org/parameters/1-420>		<http://ids.clld.org/values/1-420-287-1>		"-ʔip"@myu	
"světilĭnikŭ"@cu	<http://ids.clld.org/values/7-450-199-1>		<http://ids.clld.org/parameters/7-450>		<http://ids.clld.org/values/7-450-287-1>		"[lamparina]"@myu	
"buditi"@cu	<http://ids.clld.org/values/4-630-199-1>		<http://ids.clld.org/parameters/4-630>		<http://ids.clld.org/values/4-630-287-1>		"ǰewɨrɨ̃ɲ"@myu	
