"trudŭ"@cu	<http://ids.clld.org/values/9-120-199-1>		<http://ids.clld.org/parameters/9-120>		<http://ids.clld.org/values/9-120-174-1>		"tadawāhu"@mch	
"vrŭtŭ"@cu	<http://ids.clld.org/values/8-130-199-1>		<http://ids.clld.org/parameters/8-130>		<http://ids.clld.org/values/8-130-174-1>		"awdwāhə"@mch	
"studenŭ"@cu	<http://ids.clld.org/values/15-860-199-1>		<http://ids.clld.org/parameters/15-860>		<http://ids.clld.org/values/15-860-174-1>		"kəmme"@mch	
"malo"@cu	<http://ids.clld.org/values/13-170-199-1>		<http://ids.clld.org/parameters/13-170>		<http://ids.clld.org/values/13-170-174-1>		"ākəʔkə"@mch	
"lěčiti"@cu	<http://ids.clld.org/values/4-860-199-3>		<http://ids.clld.org/parameters/4-860>		<http://ids.clld.org/values/4-860-174-1>		"adonkadɨ"@mch	
"opašĭ"@cu	<http://ids.clld.org/values/4-180-199-1>		<http://ids.clld.org/parameters/4-180>		<http://ids.clld.org/values/4-180-174-1>		"dāʔkɨdɨ"@mch	
"kokošĭ"@cu	<http://ids.clld.org/values/3-540-199-1>		<http://ids.clld.org/parameters/3-540>		<http://ids.clld.org/values/3-540-174-1>		"kudaymādu"@mch	
"tąpŭ"@cu	<http://ids.clld.org/values/15-790-199-1>		<http://ids.clld.org/parameters/15-790>		<http://ids.clld.org/values/15-790-174-1>		"tuhuʔhūdato"@mch	
"drŭva"@cu	<http://ids.clld.org/values/1-430-199-1>		<http://ids.clld.org/parameters/1-430>		<http://ids.clld.org/values/1-430-174-1>		"dē"@mch	
"prodati"@cu	<http://ids.clld.org/values/11-820-199-1>		<http://ids.clld.org/parameters/11-820>		<http://ids.clld.org/values/11-820-174-1>		"ehema-hoi"@mch	
"pogubiti"@cu	<http://ids.clld.org/values/11-330-199-1>		<http://ids.clld.org/parameters/11-330>		<http://ids.clld.org/values/11-330-174-1>		"w-ənnanɨʔ-nə"@mch	
"kolěno"@cu	<http://ids.clld.org/values/4-360-199-1>		<http://ids.clld.org/parameters/4-360>		<http://ids.clld.org/values/4-360-174-1>		"ə̄ʔmu"@mch	
"pluti"@cu	<http://ids.clld.org/values/10-350-199-1>		<http://ids.clld.org/parameters/10-350>		<http://ids.clld.org/values/10-350-174-1>		"tɨwəʔhiyɨ"@mch	
"zelenŭ"@cu	<http://ids.clld.org/values/15-680-199-1>		<http://ids.clld.org/parameters/15-680>		<http://ids.clld.org/values/15-680-174-1>		"šēne"@mch	
"dymǎ"@cu	<http://ids.clld.org/values/1-830-199-1>		<http://ids.clld.org/parameters/1-830>		<http://ids.clld.org/values/1-830-174-1>		"widīnčə"@mch	
"udariti"@cu	<http://ids.clld.org/values/9-210-199-3>		<http://ids.clld.org/parameters/9-210>		<http://ids.clld.org/values/9-210-174-1>		"-aiʔhuka-dɨ"@mch	
"dědŭ"@cu	<http://ids.clld.org/values/2-460-199-1>		<http://ids.clld.org/parameters/2-460>		<http://ids.clld.org/values/2-460-174-1>		"kōko"@mch	
"slŭnĭce"@cu	<http://ids.clld.org/values/1-520-199-1>		<http://ids.clld.org/parameters/1-520>		<http://ids.clld.org/values/1-520-174-1>		"šī"@mch	
"jęti"@cu	<http://ids.clld.org/values/11-140-199-1>		<http://ids.clld.org/parameters/11-140>		<http://ids.clld.org/values/11-140-174-1>		"-ahəi-"@mch	
"věděti"@cu	<http://ids.clld.org/values/17-170-199-1>		<http://ids.clld.org/parameters/17-170>		<http://ids.clld.org/values/17-170-174-1>		"t-owanəkə t-ɨdɨ-dɨ"@mch	
"pĭsŭ"@cu	<http://ids.clld.org/values/3-610-199-1>		<http://ids.clld.org/parameters/3-610>		<http://ids.clld.org/values/3-610-174-1>		"sɨ̄ʔna"@mch	
"žętva"@cu	<http://ids.clld.org/values/8-410-199-3>		<http://ids.clld.org/parameters/8-410>		<http://ids.clld.org/values/8-410-174-1>		"inɲatɨʔtə̄dɨ"@mch	
"oko"@cu	<http://ids.clld.org/values/4-210-199-1>		<http://ids.clld.org/parameters/4-210>		<http://ids.clld.org/values/4-210-174-1>		"ənu"@mch	
"gręsti"@cu	<http://ids.clld.org/values/10-480-199-3>		<http://ids.clld.org/parameters/10-480>		<http://ids.clld.org/values/10-480-174-1>		"w-eʔ-nə"@mch	
"kašĭljati"@cu	<http://ids.clld.org/values/4-530-199-1>		<http://ids.clld.org/parameters/4-530>		<http://ids.clld.org/values/4-530-174-1>		"təinšiʔho"@mch	
"rąka"@cu	<http://ids.clld.org/values/4-330-199-1>		<http://ids.clld.org/parameters/4-330>		<http://ids.clld.org/values/4-330-174-1>		"amō-dɨ"@mch	
"pĭrěti sę"@cu	<http://ids.clld.org/values/20-110-199-1>		<http://ids.clld.org/parameters/20-110>		<http://ids.clld.org/values/20-110-174-1>		"wətə̄nehānə"@mch	
"ženiskŭ"@cu	<http://ids.clld.org/values/2-240-199-1>		<http://ids.clld.org/parameters/2-240>		<http://ids.clld.org/values/2-240-174-1>		"wodi"@mch	
"bělŭ"@cu	<http://ids.clld.org/values/15-640-199-1>		<http://ids.clld.org/parameters/15-640>		<http://ids.clld.org/values/15-640-174-1>		"təʔkeʔne"@mch	
"krajĭ"@cu	<http://ids.clld.org/values/12-353-199-3>		<http://ids.clld.org/parameters/12-353>		<http://ids.clld.org/values/12-353-174-1>		"čəʔhiyu"@mch	
"jelenĭ"@cu	<http://ids.clld.org/values/3-750-199-1>		<http://ids.clld.org/parameters/3-750>		<http://ids.clld.org/values/3-750-174-1>		"kawādi"@mch	
"sŭsŭ"@cu	<http://ids.clld.org/values/4-410-199-1>		<http://ids.clld.org/parameters/4-410>		<http://ids.clld.org/values/4-410-174-1>		"ʔdohɨ-dɨ"@mch	
"tĭmĭnŭ"@cu	<http://ids.clld.org/values/15-630-199-1>		<http://ids.clld.org/parameters/15-630>		<http://ids.clld.org/values/15-630-174-1>		"tɨhe"@mch	
"kurę"@cu	<http://ids.clld.org/values/3-550-199-1>		<http://ids.clld.org/parameters/3-550>		<http://ids.clld.org/values/3-550-174-1>		"wamēdi"@mch	
"obědŭ"@cu	<http://ids.clld.org/values/5-410-199-1>		<http://ids.clld.org/parameters/5-410>		<http://ids.clld.org/values/5-410-174-1>		"əwainši"@mch	
"lěkŭ"@cu	<http://ids.clld.org/values/4-880-199-3>		<http://ids.clld.org/parameters/4-880>		<http://ids.clld.org/values/4-880-174-1>		"əhi"@mch	
"bratrŭ"@cu	<http://ids.clld.org/values/2-440-199-1>		<http://ids.clld.org/parameters/2-440>		<http://ids.clld.org/values/2-440-174-1>		"-nuwā-dɨ"@mch	
"dvĭrĭ"@cu	<http://ids.clld.org/values/7-220-199-1>		<http://ids.clld.org/parameters/7-220>		<http://ids.clld.org/values/7-220-174-1>		"mɨnātata"@mch	
"veselŭ"@cu	<http://ids.clld.org/values/16-230-199-3>		<http://ids.clld.org/parameters/16-230>		<http://ids.clld.org/values/16-230-174-1>		"takwanɲe"@mch	
"sinĭ"@cu	<http://ids.clld.org/values/15-670-199-1>		<http://ids.clld.org/parameters/15-670>		<http://ids.clld.org/values/15-670-174-1>		"šēne"@mch	
"črěvo"@cu	<http://ids.clld.org/values/4-460-199-1>		<http://ids.clld.org/parameters/4-460>		<http://ids.clld.org/values/4-460-174-1>		"dudūnoi"@mch	
"grŭnĭcĭ"@cu	<http://ids.clld.org/values/5-260-199-1>		<http://ids.clld.org/parameters/5-260>		<http://ids.clld.org/values/5-260-174-1>		"ədinɲə"@mch	
"mąžĭ"@cu	<http://ids.clld.org/values/2-210-199-1>		<http://ids.clld.org/parameters/2-210>		<http://ids.clld.org/values/2-210-174-1>		"danwa"@mch	
"ząbŭ"@cu	<http://ids.clld.org/values/4-270-199-1>		<http://ids.clld.org/parameters/4-270>		<http://ids.clld.org/values/4-270-174-1>		"dedɨ"@mch	
"voda"@cu	<http://ids.clld.org/values/1-310-199-1>		<http://ids.clld.org/parameters/1-310>		<http://ids.clld.org/values/1-310-174-1>		"tuna"@mch	
"ljudĭje"@cu	<http://ids.clld.org/values/19-210-199-1>		<http://ids.clld.org/parameters/19-210>		<http://ids.clld.org/values/19-210-174-1>		"weiʔčɨ"@mch	
"oblakŭ"@cu	<http://ids.clld.org/values/1-730-199-1>		<http://ids.clld.org/parameters/1-730>		<http://ids.clld.org/values/1-730-174-1>		"kāʔdutu"@mch	
"zvězda"@cu	<http://ids.clld.org/values/1-540-199-1>		<http://ids.clld.org/parameters/1-540>		<http://ids.clld.org/values/1-540-174-1>		"šidīčə"@mch	
"pluti"@cu	<http://ids.clld.org/values/10-340-199-1>		<http://ids.clld.org/parameters/10-340>		<http://ids.clld.org/values/10-340-174-1>		"tɨtāwaʔta"@mch	
"črŭvĭ"@cu	<http://ids.clld.org/values/3-840-199-1>		<http://ids.clld.org/parameters/3-840>		<http://ids.clld.org/values/3-840-174-1>		"motto"@mch	
"*igŭla"@cu	<http://ids.clld.org/values/6-360-199-1>		<http://ids.clld.org/parameters/6-360>		<http://ids.clld.org/values/6-360-174-1>		"makūsa"@mch	
"skrŭbĭ"@cu	<http://ids.clld.org/values/16-320-199-3>		<http://ids.clld.org/parameters/16-320>		<http://ids.clld.org/values/16-320-174-1>		"wentumhe"@mch	
"zidŭ"@cu	<http://ids.clld.org/values/7-270-199-1>		<http://ids.clld.org/parameters/7-270>		<http://ids.clld.org/values/7-270-174-1>		"həʔhudu"@mch	
"ostaviti"@cu	<http://ids.clld.org/values/19-470-199-3>		<http://ids.clld.org/parameters/19-470>		<http://ids.clld.org/values/19-470-174-1>		"tɨdɨho-dɨ"@mch	
"otrokovica"@cu	<http://ids.clld.org/values/2-260-199-3>		<http://ids.clld.org/parameters/2-260>		<http://ids.clld.org/values/2-260-174-1>		"wodi-ʔčə"@mch	
"prasę"@cu	<http://ids.clld.org/values/3-350-199-1>		<http://ids.clld.org/parameters/3-350>		<http://ids.clld.org/values/3-350-174-1>		"[kūši]"@mch	
"priskrŭbĭnŭ"@cu	<http://ids.clld.org/values/16-320-199-5>		<http://ids.clld.org/parameters/16-320>		<http://ids.clld.org/values/16-320-174-1>		"wentumhe"@mch	
"dobrŭ"@cu	<http://ids.clld.org/values/16-710-199-1>		<http://ids.clld.org/parameters/16-710>		<http://ids.clld.org/values/16-710-174-1>		"ašiča"@mch	
"tešti"@cu	<http://ids.clld.org/values/10-460-199-1>		<http://ids.clld.org/parameters/10-460>		<http://ids.clld.org/values/10-460-174-1>		"w-ekaʔtɨn-nə"@mch	
"učiti"@cu	<http://ids.clld.org/values/17-250-199-1>		<http://ids.clld.org/parameters/17-250>		<http://ids.clld.org/values/17-250-174-1>		"-owānoma-"@mch	
"krasĭnŭ"@cu	<http://ids.clld.org/values/16-810-199-1>		<http://ids.clld.org/parameters/16-810>		<http://ids.clld.org/values/16-810-174-1>		"inɲatahe"@mch	
"tĭnŭkŭ"@cu	<http://ids.clld.org/values/12-650-199-1>		<http://ids.clld.org/parameters/12-650>		<http://ids.clld.org/values/12-650-174-1>		"sāʔtahe"@mch	
"noga"@cu	<http://ids.clld.org/values/4-370-199-1>		<http://ids.clld.org/parameters/4-370>		<http://ids.clld.org/values/4-370-174-1>		"hūdu"@mch	
"(sŭ-)konĭčati"@cu	<http://ids.clld.org/values/14-270-199-1>		<http://ids.clld.org/parameters/14-270>		<http://ids.clld.org/values/14-270-174-1>		"w-əʔka-nə"@mch	
"listŭ"@cu	<http://ids.clld.org/values/8-560-199-1>		<http://ids.clld.org/parameters/8-560>		<http://ids.clld.org/values/8-560-174-1>		"yadɨ"@mch	
"nebo"@cu	<http://ids.clld.org/values/1-510-199-1>		<http://ids.clld.org/parameters/1-510>		<http://ids.clld.org/values/1-510-174-1>		"kahu"@mch	
"iti"@cu	<http://ids.clld.org/values/10-470-199-1>		<http://ids.clld.org/parameters/10-470>		<http://ids.clld.org/values/10-470-174-1>		"wɨʔtə̄-nə"@mch	
"malŭ"@cu	<http://ids.clld.org/values/12-560-199-1>		<http://ids.clld.org/parameters/12-560>		<http://ids.clld.org/values/12-560-174-1>		"šeʔkə"@mch	
"goniti"@cu	<http://ids.clld.org/values/10-530-199-3>		<http://ids.clld.org/parameters/10-530>		<http://ids.clld.org/values/10-530-174-1>		"-aheʔka-dɨ"@mch	
"prositi"@cu	<http://ids.clld.org/values/18-350-199-1>		<http://ids.clld.org/parameters/18-350>		<http://ids.clld.org/values/18-350-174-1>		"eʔkatə-dɨ"@mch	
"chartija"@cu	<http://ids.clld.org/values/18-560-199-1>		<http://ids.clld.org/parameters/18-560>		<http://ids.clld.org/values/18-560-174-1>		"[hahēda]"@mch	
"srŭdĭce"@cu	<http://ids.clld.org/values/4-440-199-1>		<http://ids.clld.org/parameters/4-440>		<http://ids.clld.org/values/4-440-174-1>		"yēwanɨ"@mch	
"sŭpasti"@cu	<http://ids.clld.org/values/11-250-199-1>		<http://ids.clld.org/parameters/11-250>		<http://ids.clld.org/values/11-250-174-1>		"ewanakādɨ"@mch	
"*oględalo"@cu	<http://ids.clld.org/values/6-960-199-3>		<http://ids.clld.org/parameters/6-960>		<http://ids.clld.org/values/6-960-174-1>		"hekūde"@mch	
"gorĭkŭ"@cu	<http://ids.clld.org/values/15-370-199-1>		<http://ids.clld.org/parameters/15-370>		<http://ids.clld.org/values/15-370-174-1>		"tutune"@mch	
"plŭtĭ"@cu	<http://ids.clld.org/values/4-130-199-1>		<http://ids.clld.org/parameters/4-130>		<http://ids.clld.org/values/4-130-174-1>		"hyunu"@mch	
"učitelĭ"@cu	<http://ids.clld.org/values/17-270-199-1>		<http://ids.clld.org/parameters/17-270>		<http://ids.clld.org/values/17-270-174-1>		"yowānomani"@mch	
"dati"@cu	<http://ids.clld.org/values/11-210-199-1>		<http://ids.clld.org/parameters/11-210>		<http://ids.clld.org/values/11-210-174-1>		"utūdu"@mch	
"očesŭ"@cu	<http://ids.clld.org/values/4-180-199-3>		<http://ids.clld.org/parameters/4-180>		<http://ids.clld.org/values/4-180-174-1>		"dāʔkɨdɨ"@mch	
"klasti"@cu	<http://ids.clld.org/values/12-120-199-5>		<http://ids.clld.org/parameters/12-120>		<http://ids.clld.org/values/12-120-174-1>		"enɨ̄ta"@mch	
"klasti"@cu	<http://ids.clld.org/values/12-120-199-5>		<http://ids.clld.org/parameters/12-120>		<http://ids.clld.org/values/12-120-174-3>		"-ehuʔta-"@mch	
"ratĭ"@cu	<http://ids.clld.org/values/20-130-199-3>		<http://ids.clld.org/parameters/20-130>		<http://ids.clld.org/values/20-130-174-1>		"wənə"@mch	
"synŭ"@cu	<http://ids.clld.org/values/2-410-199-1>		<http://ids.clld.org/parameters/2-410>		<http://ids.clld.org/values/2-410-174-1>		"nnedɨ"@mch	
"pasti"@cu	<http://ids.clld.org/values/10-230-199-1>		<http://ids.clld.org/parameters/10-230>		<http://ids.clld.org/values/10-230-174-1>		"w-eduka-nə"@mch	
"velikŭ"@cu	<http://ids.clld.org/values/12-550-199-3>		<http://ids.clld.org/parameters/12-550>		<http://ids.clld.org/values/12-550-174-1>		"nuwe"@mch	
"vŭžešti"@cu	<http://ids.clld.org/values/1-860-199-1>		<http://ids.clld.org/parameters/1-860>		<http://ids.clld.org/values/1-860-174-1>		"-kemetə-"@mch	
"trĭje"@cu	<http://ids.clld.org/values/13-30-199-1>		<http://ids.clld.org/parameters/13-30>		<http://ids.clld.org/values/13-30-174-1>		"aduwawə"@mch	
"načętŭkŭ"@cu	<http://ids.clld.org/values/14-250-199-5>		<http://ids.clld.org/parameters/14-250>		<http://ids.clld.org/values/14-250-174-1>		"ahəntədɨ"@mch	
"vrŭvĭ"@cu	<http://ids.clld.org/values/9-190-199-1>		<http://ids.clld.org/parameters/9-190>		<http://ids.clld.org/values/9-190-174-1>		"āʔto"@mch	
"dŭšti"@cu	<http://ids.clld.org/values/2-420-199-1>		<http://ids.clld.org/parameters/2-420>		<http://ids.clld.org/values/2-420-174-1>		"nnedɨ"@mch	
"glagolati"@cu	<http://ids.clld.org/values/18-210-199-1>		<http://ids.clld.org/parameters/18-210>		<http://ids.clld.org/values/18-210-174-1>		"w-aʔdew-nə"@mch	
"sladŭkŭ"@cu	<http://ids.clld.org/values/15-350-199-1>		<http://ids.clld.org/parameters/15-350>		<http://ids.clld.org/values/15-350-174-1>		"kādo"@mch	
"umoriti"@cu	<http://ids.clld.org/values/4-760-199-3>		<http://ids.clld.org/parameters/4-760>		<http://ids.clld.org/values/4-760-174-1>		"aminɲaʔkadɨ"@mch	
"variti"@cu	<http://ids.clld.org/values/5-210-199-1>		<http://ids.clld.org/parameters/5-210>		<http://ids.clld.org/values/5-210-174-1>		"-aʔnə"@mch	
"plesti"@cu	<http://ids.clld.org/values/9-750-199-1>		<http://ids.clld.org/parameters/9-750>		<http://ids.clld.org/values/9-750-174-1>		"aʔtoʔtotoʔho"@mch	
"językŭ"@cu	<http://ids.clld.org/values/4-260-199-1>		<http://ids.clld.org/parameters/4-260>		<http://ids.clld.org/values/4-260-174-1>		"ɲūdu"@mch	
"lěto"@cu	<http://ids.clld.org/values/14-730-199-1>		<http://ids.clld.org/parameters/14-730>		<http://ids.clld.org/values/14-730-174-1>		"wedɨ"@mch	
"priti"@cu	<http://ids.clld.org/values/10-550-199-1>		<http://ids.clld.org/parameters/10-550>		<http://ids.clld.org/values/10-550-174-1>		"w-əʔdɨ-nə"@mch	
"tęžĭkŭ"@cu	<http://ids.clld.org/values/15-810-199-1>		<http://ids.clld.org/parameters/15-810>		<http://ids.clld.org/values/15-810-174-1>		"tamənɲato"@mch	
"plavati"@cu	<http://ids.clld.org/values/10-340-199-3>		<http://ids.clld.org/parameters/10-340>		<http://ids.clld.org/values/10-340-174-1>		"tɨtāwaʔta"@mch	
"jadĭ"@cu	<http://ids.clld.org/values/5-120-199-3>		<http://ids.clld.org/parameters/5-120>		<http://ids.clld.org/values/5-120-174-1>		"mudūkuku"@mch	
"koža"@cu	<http://ids.clld.org/values/4-120-199-1>		<http://ids.clld.org/parameters/4-120>		<http://ids.clld.org/values/4-120-174-1>		"hiʔhə"@mch	
"odežda"@cu	<http://ids.clld.org/values/6-120-199-1>		<http://ids.clld.org/parameters/6-120>		<http://ids.clld.org/values/6-120-174-1>		"womɨ"@mch	
"věštati"@cu	<http://ids.clld.org/values/18-210-199-3>		<http://ids.clld.org/parameters/18-210>		<http://ids.clld.org/values/18-210-174-1>		"w-aʔdew-nə"@mch	
"strěcha"@cu	<http://ids.clld.org/values/7-510-199-3>		<http://ids.clld.org/parameters/7-510>		<http://ids.clld.org/values/7-510-174-1>		"aməʔhɨdɨ"@mch	
"ništa"@cu	<http://ids.clld.org/values/6-380-199-3>		<http://ids.clld.org/parameters/6-380>		<http://ids.clld.org/values/6-380-174-1>		"hakūdimɨʔtɨ"@mch	
"myšĭca"@cu	<http://ids.clld.org/values/4-310-199-1>		<http://ids.clld.org/parameters/4-310>		<http://ids.clld.org/values/4-310-174-1>		"aʔhə"@mch	
"razuměti"@cu	<http://ids.clld.org/values/17-170-199-3>		<http://ids.clld.org/parameters/17-170>		<http://ids.clld.org/values/17-170-174-1>		"t-owanəkə t-ɨdɨ-dɨ"@mch	
"životŭ"@cu	<http://ids.clld.org/values/4-740-199-5>		<http://ids.clld.org/parameters/4-740>		<http://ids.clld.org/values/4-740-174-1>		"wenɲə"@mch	
"ogradŭ"@cu	<http://ids.clld.org/values/8-130-199-5>		<http://ids.clld.org/parameters/8-130>		<http://ids.clld.org/values/8-130-174-1>		"awdwāhə"@mch	
"ązŭkŭ"@cu	<http://ids.clld.org/values/12-620-199-1>		<http://ids.clld.org/parameters/12-620>		<http://ids.clld.org/values/12-620-174-3>		"anwakɨme"@mch	
"ązŭkŭ"@cu	<http://ids.clld.org/values/12-620-199-1>		<http://ids.clld.org/parameters/12-620>		<http://ids.clld.org/values/12-620-174-1>		"danwadɨ"@mch	
"prinesti"@cu	<http://ids.clld.org/values/10-620-199-1>		<http://ids.clld.org/parameters/10-620>		<http://ids.clld.org/values/10-620-174-1>		"-enehɨ"@mch	
"synovĭcĭ"@cu	<http://ids.clld.org/values/2-530-199-3>		<http://ids.clld.org/parameters/2-530>		<http://ids.clld.org/values/2-530-174-1>		"honɨ"@mch	
"synovĭcĭ"@cu	<http://ids.clld.org/values/2-530-199-3>		<http://ids.clld.org/parameters/2-530>		<http://ids.clld.org/values/2-530-174-3>		"honɨ-kə"@mch	
"otrokŭ"@cu	<http://ids.clld.org/values/2-250-199-1>		<http://ids.clld.org/parameters/2-250>		<http://ids.clld.org/values/2-250-174-1>		"mudekə̄kə"@mch	
"ryba"@cu	<http://ids.clld.org/values/3-650-199-1>		<http://ids.clld.org/parameters/3-650>		<http://ids.clld.org/values/3-650-174-1>		"nākukwāno"@mch	
"męso"@cu	<http://ids.clld.org/values/4-130-199-3>		<http://ids.clld.org/parameters/4-130>		<http://ids.clld.org/values/4-130-174-1>		"hyunu"@mch	
"šija"@cu	<http://ids.clld.org/values/4-280-199-3>		<http://ids.clld.org/parameters/4-280>		<http://ids.clld.org/values/4-280-174-1>		"hɨ̄mɨ"@mch	
"povelěti"@cu	<http://ids.clld.org/values/19-470-199-1>		<http://ids.clld.org/parameters/19-470>		<http://ids.clld.org/values/19-470-174-1>		"tɨdɨho-dɨ"@mch	
"pěsŭkŭ"@cu	<http://ids.clld.org/values/1-215-199-1>		<http://ids.clld.org/parameters/1-215>		<http://ids.clld.org/values/1-215-174-1>		"sāʔdaʔda"@mch	
"blagŭ"@cu	<http://ids.clld.org/values/16-710-199-3>		<http://ids.clld.org/parameters/16-710>		<http://ids.clld.org/values/16-710-174-1>		"ašiča"@mch	
"ostrovŭ"@cu	<http://ids.clld.org/values/1-250-199-3>		<http://ids.clld.org/parameters/1-250>		<http://ids.clld.org/values/1-250-174-1>		"dantadɨ"@mch	
"vŭprositi"@cu	<http://ids.clld.org/values/18-310-199-1>		<http://ids.clld.org/parameters/18-310>		<http://ids.clld.org/values/18-310-174-1>		"-ekammaho-"@mch	
"cvětŭ"@cu	<http://ids.clld.org/values/8-570-199-1>		<http://ids.clld.org/parameters/8-570>		<http://ids.clld.org/values/8-570-174-1>		"čə̄hɨdɨ"@mch	
"monisto"@cu	<http://ids.clld.org/values/6-750-199-1>		<http://ids.clld.org/parameters/6-750>		<http://ids.clld.org/values/6-750-174-1>		"wōʔmo"@mch	
"ąchati"@cu	<http://ids.clld.org/values/15-210-199-3>		<http://ids.clld.org/parameters/15-210>		<http://ids.clld.org/values/15-210-174-1>		"hyoʔhōdɨ"@mch	
"sirŭ"@cu	<http://ids.clld.org/values/2-750-199-1>		<http://ids.clld.org/parameters/2-750>		<http://ids.clld.org/values/2-750-174-1>		"tunkemhɨnɨ"@mch	
"ujĭ"@cu	<http://ids.clld.org/values/2-510-199-3>		<http://ids.clld.org/parameters/2-510>		<http://ids.clld.org/values/2-510-174-1>		"wōdɨ"@mch	
"gora"@cu	<http://ids.clld.org/values/1-220-199-1>		<http://ids.clld.org/parameters/1-220>		<http://ids.clld.org/values/1-220-174-1>		"hɨ̄"@mch	
"ognĭ"@cu	<http://ids.clld.org/values/1-810-199-1>		<http://ids.clld.org/parameters/1-810>		<http://ids.clld.org/values/1-810-174-1>		"wāʔto"@mch	
"črĭvenŭ"@cu	<http://ids.clld.org/values/15-660-199-3>		<http://ids.clld.org/parameters/15-660>		<http://ids.clld.org/values/15-660-174-1>		"seweičato"@mch	
"obrěsti"@cu	<http://ids.clld.org/values/11-320-199-1>		<http://ids.clld.org/parameters/11-320>		<http://ids.clld.org/values/11-320-174-1>		"edantə-dɨ"@mch	
"dvorŭ"@cu	<http://ids.clld.org/values/7-150-199-1>		<http://ids.clld.org/parameters/7-150>		<http://ids.clld.org/values/7-150-174-1>		"hɨdōdo"@mch	
"ostrĭje"@cu	<http://ids.clld.org/values/12-353-199-1>		<http://ids.clld.org/parameters/12-353>		<http://ids.clld.org/values/12-353-174-1>		"čəʔhiyu"@mch	
"chramŭ"@cu	<http://ids.clld.org/values/7-120-199-3>		<http://ids.clld.org/parameters/7-120>		<http://ids.clld.org/values/7-120-174-1>		"mmā"@mch	
"ramo"@cu	<http://ids.clld.org/values/4-300-199-1>		<http://ids.clld.org/parameters/4-300>		<http://ids.clld.org/values/4-300-174-1>		"nkawə"@mch	
"(raz)ląčiti"@cu	<http://ids.clld.org/values/12-230-199-1>		<http://ids.clld.org/parameters/12-230>		<http://ids.clld.org/values/12-230-174-1>		"šādamadɨ̄he"@mch	
"pogrąžati"@cu	<http://ids.clld.org/values/10-330-199-3>		<http://ids.clld.org/parameters/10-330>		<http://ids.clld.org/values/10-330-174-1>		"yehuʔkwai"@mch	
"pŭta"@cu	<http://ids.clld.org/values/3-581-199-1>		<http://ids.clld.org/parameters/3-581>		<http://ids.clld.org/values/3-581-174-1>		"hawi"@mch	
"vŭpiti"@cu	<http://ids.clld.org/values/18-130-199-1>		<http://ids.clld.org/parameters/18-130>		<http://ids.clld.org/values/18-130-174-1>		"kəʔtɨn-nə"@mch	
"ryti"@cu	<http://ids.clld.org/values/8-220-199-3>		<http://ids.clld.org/parameters/8-220>		<http://ids.clld.org/values/8-220-174-1>		"tɨʔkādɨ"@mch	
"tvoriti"@cu	<http://ids.clld.org/values/9-110-199-1>		<http://ids.clld.org/parameters/9-110>		<http://ids.clld.org/values/9-110-174-1>		"tɨdɨ̄dɨ"@mch	
"tonąti"@cu	<http://ids.clld.org/values/10-330-199-7>		<http://ids.clld.org/parameters/10-330>		<http://ids.clld.org/values/10-330-174-1>		"yehuʔkwai"@mch	
"vŭniti"@cu	<http://ids.clld.org/values/10-570-199-1>		<http://ids.clld.org/parameters/10-570>		<http://ids.clld.org/values/10-570-174-1>		"w-omon-nə"@mch	
"prŭvŭ"@cu	<http://ids.clld.org/values/13-340-199-1>		<http://ids.clld.org/parameters/13-340>		<http://ids.clld.org/values/13-340-174-1>		"awaʔde"@mch	
"skočiti"@cu	<http://ids.clld.org/values/10-430-199-1>		<http://ids.clld.org/parameters/10-430>		<http://ids.clld.org/values/10-430-174-1>		"w-ahanɨn-nə"@mch	
"člověkŭ"@cu	<http://ids.clld.org/values/2-100-199-1>		<http://ids.clld.org/parameters/2-100>		<http://ids.clld.org/values/2-100-174-1>		"ssoto"@mch	
"mąžĭ"@cu	<http://ids.clld.org/values/2-310-199-1>		<http://ids.clld.org/parameters/2-310>		<http://ids.clld.org/values/2-310-174-1>		"-ɲno"@mch	
"kopati"@cu	<http://ids.clld.org/values/8-220-199-1>		<http://ids.clld.org/parameters/8-220>		<http://ids.clld.org/values/8-220-174-1>		"tɨʔkādɨ"@mch	
"radŭ"@cu	<http://ids.clld.org/values/16-230-199-1>		<http://ids.clld.org/parameters/16-230>		<http://ids.clld.org/values/16-230-174-1>		"takwanɲe"@mch	
"drugŭ"@cu	<http://ids.clld.org/values/19-510-199-1>		<http://ids.clld.org/parameters/19-510>		<http://ids.clld.org/values/19-510-174-1>		"weičakōno"@mch	
"črŭmĭnŭ"@cu	<http://ids.clld.org/values/15-660-199-1>		<http://ids.clld.org/parameters/15-660>		<http://ids.clld.org/values/15-660-174-1>		"seweičato"@mch	
"sŭpati"@cu	<http://ids.clld.org/values/4-610-199-1>		<http://ids.clld.org/parameters/4-610>		<http://ids.clld.org/values/4-610-174-1>		"w-ɨnɨʔ-nə"@mch	
"sŭdravŭ"@cu	<http://ids.clld.org/values/4-830-199-1>		<http://ids.clld.org/parameters/4-830>		<http://ids.clld.org/values/4-830-174-1>		"tadəinɲe"@mch	
"duša"@cu	<http://ids.clld.org/values/16-110-199-1>		<http://ids.clld.org/parameters/16-110>		<http://ids.clld.org/values/16-110-174-1>		"dōʔta"@mch	
"(o)kruglŭ"@cu	<http://ids.clld.org/values/12-810-199-1>		<http://ids.clld.org/parameters/12-810>		<http://ids.clld.org/values/12-810-174-1>		"kokkoduhaʔto"@mch	
"mati"@cu	<http://ids.clld.org/values/2-360-199-1>		<http://ids.clld.org/parameters/2-360>		<http://ids.clld.org/values/2-360-174-1>		"denɨ"@mch	
"vlasŭ"@cu	<http://ids.clld.org/values/4-140-199-1>		<http://ids.clld.org/parameters/4-140>		<http://ids.clld.org/values/4-140-174-1>		"hū"@mch	
"sŭdravĭje"@cu	<http://ids.clld.org/values/4-830-199-5>		<http://ids.clld.org/parameters/4-830>		<http://ids.clld.org/values/4-830-174-1>		"tadəinɲe"@mch	
"toplŭ"@cu	<http://ids.clld.org/values/15-850-199-1>		<http://ids.clld.org/parameters/15-850>		<http://ids.clld.org/values/15-850-174-1>		"taʔne"@mch	
"brašĭno"@cu	<http://ids.clld.org/values/5-120-199-5>		<http://ids.clld.org/parameters/5-120>		<http://ids.clld.org/values/5-120-174-1>		"mudūkuku"@mch	
"duchati"@cu	<http://ids.clld.org/values/10-380-199-1>		<http://ids.clld.org/parameters/10-380>		<http://ids.clld.org/values/10-380-174-1>		"yaičumā-dɨ"@mch	
"dŭska"@cu	<http://ids.clld.org/values/7-570-199-1>		<http://ids.clld.org/parameters/7-570>		<http://ids.clld.org/values/7-570-174-1>		"[tadwa]"@mch	
"ajĭce"@cu	<http://ids.clld.org/values/5-970-199-1>		<http://ids.clld.org/parameters/5-970>		<http://ids.clld.org/values/5-970-174-1>		"iʔmoi"@mch	
"debelŭ"@cu	<http://ids.clld.org/values/12-630-199-1>		<http://ids.clld.org/parameters/12-630>		<http://ids.clld.org/values/12-630-174-1>		"hūšīhe"@mch	
"kotŭka"@cu	<http://ids.clld.org/values/3-620-199-1>		<http://ids.clld.org/parameters/3-620>		<http://ids.clld.org/values/3-620-174-1>		"[mēši]"@mch	
"vìsegda"@cu	<http://ids.clld.org/values/14-310-199-1>		<http://ids.clld.org/parameters/14-310>		<http://ids.clld.org/values/14-310-174-1>		"wenēne"@mch	
"pątĭ"@cu	<http://ids.clld.org/values/10-710-199-1>		<http://ids.clld.org/parameters/10-710>		<http://ids.clld.org/values/10-710-174-1>		"ə̄ma"@mch	
"lĭgŭkŭ"@cu	<http://ids.clld.org/values/15-820-199-1>		<http://ids.clld.org/parameters/15-820>		<http://ids.clld.org/values/15-820-174-1>		"tawāhe"@mch	
"pomesti"@cu	<http://ids.clld.org/values/9-370-199-1>		<http://ids.clld.org/parameters/9-370>		<http://ids.clld.org/values/9-370-174-1>		"šēmeka-dɨ"@mch	
"ožrělĭ"@cu	<http://ids.clld.org/values/6-750-199-5>		<http://ids.clld.org/parameters/6-750>		<http://ids.clld.org/values/6-750-174-1>		"wōʔmo"@mch	
"stryjĭ"@cu	<http://ids.clld.org/values/2-510-199-1>		<http://ids.clld.org/parameters/2-510>		<http://ids.clld.org/values/2-510-174-1>		"wōdɨ"@mch	
"riza"@cu	<http://ids.clld.org/values/6-120-199-3>		<http://ids.clld.org/parameters/6-120>		<http://ids.clld.org/values/6-120-174-1>		"womɨ"@mch	
"bogŭ"@cu	<http://ids.clld.org/values/22-120-199-1>		<http://ids.clld.org/parameters/22-120>		<http://ids.clld.org/values/22-120-174-1>		"wanādi"@mch	
"dělo"@cu	<http://ids.clld.org/values/9-120-199-3>		<http://ids.clld.org/parameters/9-120>		<http://ids.clld.org/values/9-120-174-1>		"tadawāhu"@mch	
"choditi"@cu	<http://ids.clld.org/values/10-450-199-3>		<http://ids.clld.org/parameters/10-450>		<http://ids.clld.org/values/10-450-174-1>		"w-ōhoyma-nə"@mch	
"sěděti"@cu	<http://ids.clld.org/values/12-130-199-1>		<http://ids.clld.org/parameters/12-130>		<http://ids.clld.org/values/12-130-174-1>		"w-atahhimā-nə"@mch	
"krabĭjĭ"@cu	<http://ids.clld.org/values/9-760-199-3>		<http://ids.clld.org/parameters/9-760>		<http://ids.clld.org/values/9-760-174-1>		"wɨ̄wa"@mch	
"roditi"@cu	<http://ids.clld.org/values/4-720-199-1>		<http://ids.clld.org/parameters/4-720>		<http://ids.clld.org/values/4-720-174-1>		"w-ennu-nə"@mch	
"starŭ"@cu	<http://ids.clld.org/values/14-150-199-3>		<http://ids.clld.org/parameters/14-150>		<http://ids.clld.org/values/14-150-174-1>		"henaʔdohə"@mch	
"žena"@cu	<http://ids.clld.org/values/2-220-199-1>		<http://ids.clld.org/parameters/2-220>		<http://ids.clld.org/values/2-220-174-1>		"wodi"@mch	
"krilo"@cu	<http://ids.clld.org/values/4-392-199-1>		<http://ids.clld.org/parameters/4-392>		<http://ids.clld.org/values/4-392-174-1>		"ahəʔsai"@mch	
"trudĭnŭ"@cu	<http://ids.clld.org/values/4-910-199-3>		<http://ids.clld.org/parameters/4-910>		<http://ids.clld.org/values/4-910-174-1>		"tɨkinča"@mch	
"kotora"@cu	<http://ids.clld.org/values/20-130-199-5>		<http://ids.clld.org/parameters/20-130>		<http://ids.clld.org/values/20-130-174-1>		"wənə"@mch	
"plakati (sę)"@cu	<http://ids.clld.org/values/16-370-199-1>		<http://ids.clld.org/parameters/16-370>		<http://ids.clld.org/values/16-370-174-1>		"w-amo-nə"@mch	
"črŭnŭ"@cu	<http://ids.clld.org/values/15-650-199-1>		<http://ids.clld.org/parameters/15-650>		<http://ids.clld.org/values/15-650-174-1>		"hudumato"@mch	
"skorŭ"@cu	<http://ids.clld.org/values/14-210-199-1>		<http://ids.clld.org/parameters/14-210>		<http://ids.clld.org/values/14-210-174-1>		"tamhə̄ʔne"@mch	
"mucha"@cu	<http://ids.clld.org/values/3-830-199-1>		<http://ids.clld.org/parameters/3-830>		<http://ids.clld.org/values/3-830-174-1>		"wedēsede"@mch	
"cěliti"@cu	<http://ids.clld.org/values/4-860-199-1>		<http://ids.clld.org/parameters/4-860>		<http://ids.clld.org/values/4-860-174-1>		"adonkadɨ"@mch	
"dąbŭ"@cu	<http://ids.clld.org/values/8-600-199-3>		<http://ids.clld.org/parameters/8-600>		<http://ids.clld.org/values/8-600-174-1>		"dē"@mch	
"mysĭ"@cu	<http://ids.clld.org/values/3-630-199-1>		<http://ids.clld.org/parameters/3-630>		<http://ids.clld.org/values/3-630-174-1>		"asɨ̄kɨ"@mch	
"neprijateljĭ"@cu	<http://ids.clld.org/values/19-520-199-3>		<http://ids.clld.org/parameters/19-520>		<http://ids.clld.org/values/19-520-174-1>		"tuʔde"@mch	
"mrŭtvŭ"@cu	<http://ids.clld.org/values/4-750-199-3>		<http://ids.clld.org/parameters/4-750>		<http://ids.clld.org/values/4-750-174-1>		"-əma-"@mch	
"pěti"@cu	<http://ids.clld.org/values/18-120-199-1>		<http://ids.clld.org/parameters/18-120>		<http://ids.clld.org/values/18-120-174-1>		"we[kantā]ʔɲənə"@mch	
"plęsati"@cu	<http://ids.clld.org/values/10-440-199-1>		<http://ids.clld.org/parameters/10-440>		<http://ids.clld.org/values/10-440-174-1>		"-ənwa-"@mch	
"nogŭtĭ"@cu	<http://ids.clld.org/values/4-344-199-1>		<http://ids.clld.org/parameters/4-344>		<http://ids.clld.org/values/4-344-174-1>		"əmmi"@mch	
"pitikŭ"@cu	<http://ids.clld.org/values/3-760-199-1>		<http://ids.clld.org/parameters/3-760>		<http://ids.clld.org/values/3-760-174-1>		"yadākadu"@mch	
"sestričištĭ"@cu	<http://ids.clld.org/values/2-550-199-3>		<http://ids.clld.org/parameters/2-550>		<http://ids.clld.org/values/2-550-174-1>		"waiɲe"@mch	
"sestričištĭ"@cu	<http://ids.clld.org/values/2-550-199-3>		<http://ids.clld.org/parameters/2-550>		<http://ids.clld.org/values/2-550-174-3>		"yāʔko"@mch	
"nositi"@cu	<http://ids.clld.org/values/10-610-199-3>		<http://ids.clld.org/parameters/10-610>		<http://ids.clld.org/values/10-610-174-1>		"-adə̄-"@mch	
"jedinŭ"@cu	<http://ids.clld.org/values/13-10-199-1>		<http://ids.clld.org/parameters/13-10>		<http://ids.clld.org/values/13-10-174-1>		"tōni"@mch	
"viděti"@cu	<http://ids.clld.org/values/15-510-199-1>		<http://ids.clld.org/parameters/15-510>		<http://ids.clld.org/values/15-510-174-1>		"ene-dɨ"@mch	
"desnŭ"@cu	<http://ids.clld.org/values/12-410-199-1>		<http://ids.clld.org/parameters/12-410>		<http://ids.clld.org/values/12-410-174-1>		"əmuʔdemhɨnɨ"@mch	
"tlěšti"@cu	<http://ids.clld.org/values/9-210-199-5>		<http://ids.clld.org/parameters/9-210>		<http://ids.clld.org/values/9-210-174-1>		"-aiʔhuka-dɨ"@mch	
"běžati"@cu	<http://ids.clld.org/values/10-510-199-1>		<http://ids.clld.org/parameters/10-510>		<http://ids.clld.org/values/10-510-174-1>		"w-ə̄nehē-nə"@mch	
"dąbŭ"@cu	<http://ids.clld.org/values/1-420-199-3>		<http://ids.clld.org/parameters/1-420>		<http://ids.clld.org/values/1-420-174-1>		"dē"@mch	
"pečalĭ"@cu	<http://ids.clld.org/values/16-320-199-1>		<http://ids.clld.org/parameters/16-320>		<http://ids.clld.org/values/16-320-174-1>		"wentumhe"@mch	
"pero"@cu	<http://ids.clld.org/values/4-393-199-1>		<http://ids.clld.org/parameters/4-393>		<http://ids.clld.org/values/4-393-174-1>		"iʔhōʔtɨ"@mch	
"ljuby"@cu	<http://ids.clld.org/values/16-270-199-1>		<http://ids.clld.org/parameters/16-270>		<http://ids.clld.org/values/16-270-174-1>		"hyumma-dɨ"@mch	
"ubiti"@cu	<http://ids.clld.org/values/4-760-199-1>		<http://ids.clld.org/parameters/4-760>		<http://ids.clld.org/values/4-760-174-1>		"aminɲaʔkadɨ"@mch	
"kopĭje"@cu	<http://ids.clld.org/values/20-260-199-1>		<http://ids.clld.org/parameters/20-260>		<http://ids.clld.org/values/20-260-174-1>		"sukuhi"@mch	
"blizĭ"@cu	<http://ids.clld.org/values/12-430-199-1>		<http://ids.clld.org/parameters/12-430>		<http://ids.clld.org/values/12-430-174-1>		"amoinče-ʔda"@mch	
"stĭdza"@cu	<http://ids.clld.org/values/10-720-199-3>		<http://ids.clld.org/parameters/10-720>		<http://ids.clld.org/values/10-720-174-1>		"ə̄ma"@mch	
"sŭnŭ"@cu	<http://ids.clld.org/values/4-620-199-1>		<http://ids.clld.org/parameters/4-620>		<http://ids.clld.org/values/4-620-174-1>		"wənētɨnə"@mch	
"vetŭchŭ"@cu	<http://ids.clld.org/values/14-150-199-1>		<http://ids.clld.org/parameters/14-150>		<http://ids.clld.org/values/14-150-174-1>		"henaʔdohə"@mch	
"sěmę"@cu	<http://ids.clld.org/values/8-311-199-3>		<http://ids.clld.org/parameters/8-311>		<http://ids.clld.org/values/8-311-174-1>		"čə̄huʔhə"@mch	
"usta"@cu	<http://ids.clld.org/values/4-240-199-1>		<http://ids.clld.org/parameters/4-240>		<http://ids.clld.org/values/4-240-174-1>		"ənta"@mch	
"kuplją dějati"@cu	<http://ids.clld.org/values/11-830-199-1>		<http://ids.clld.org/parameters/11-830>		<http://ids.clld.org/values/11-830-174-1>		"wətəʔtihānə"@mch	
"sąprągŭ"@cu	<http://ids.clld.org/values/2-310-199-3>		<http://ids.clld.org/parameters/2-310>		<http://ids.clld.org/values/2-310-174-1>		"-ɲno"@mch	
"iti"@cu	<http://ids.clld.org/values/10-450-199-1>		<http://ids.clld.org/parameters/10-450>		<http://ids.clld.org/values/10-450-174-1>		"w-ōhoyma-nə"@mch	
"kostĭ"@cu	<http://ids.clld.org/values/4-160-199-1>		<http://ids.clld.org/parameters/4-160>		<http://ids.clld.org/values/4-160-174-1>		"yēʔhə"@mch	
"blizŭ"@cu	<http://ids.clld.org/values/12-430-199-3>		<http://ids.clld.org/parameters/12-430>		<http://ids.clld.org/values/12-430-174-1>		"amoinče-ʔda"@mch	
"šiti"@cu	<http://ids.clld.org/values/6-350-199-1>		<http://ids.clld.org/parameters/6-350>		<http://ids.clld.org/values/6-350-174-1>		"šōka-dɨ"@mch	
"dŭno"@cu	<http://ids.clld.org/values/12-340-199-1>		<http://ids.clld.org/parameters/12-340>		<http://ids.clld.org/values/12-340-174-1>		"nwaʔkəi"@mch	
"vrata"@cu	<http://ids.clld.org/values/7-220-199-3>		<http://ids.clld.org/parameters/7-220>		<http://ids.clld.org/values/7-220-174-1>		"mɨnātata"@mch	
"vragŭ"@cu	<http://ids.clld.org/values/19-520-199-1>		<http://ids.clld.org/parameters/19-520>		<http://ids.clld.org/values/19-520-174-1>		"tuʔde"@mch	
"tŭkati"@cu	<http://ids.clld.org/values/6-330-199-1>		<http://ids.clld.org/parameters/6-330>		<http://ids.clld.org/values/6-330-174-1>		"tɨʔkaʔhɨdɨ"@mch	
"vrŭtogradŭ"@cu	<http://ids.clld.org/values/8-130-199-3>		<http://ids.clld.org/parameters/8-130>		<http://ids.clld.org/values/8-130-174-1>		"awdwāhə"@mch	
"sěti"@cu	<http://ids.clld.org/values/8-311-199-1>		<http://ids.clld.org/parameters/8-311>		<http://ids.clld.org/values/8-311-174-1>		"čə̄huʔhə"@mch	
"popelŭ"@cu	<http://ids.clld.org/values/1-840-199-1>		<http://ids.clld.org/parameters/1-840>		<http://ids.clld.org/values/1-840-174-1>		"wedēnnə"@mch	
"(j)aviti"@cu	<http://ids.clld.org/values/15-550-199-3>		<http://ids.clld.org/parameters/15-550>		<http://ids.clld.org/values/15-550-174-1>		"eneho-dɨ"@mch	
"pepelŭ"@cu	<http://ids.clld.org/values/1-840-199-3>		<http://ids.clld.org/parameters/1-840>		<http://ids.clld.org/values/1-840-174-1>		"wedēnnə"@mch	
"prŭsi"@cu	<http://ids.clld.org/values/4-400-199-1>		<http://ids.clld.org/parameters/4-400>		<http://ids.clld.org/values/4-400-174-1>		"dōʔta"@mch	
"večerŭ"@cu	<http://ids.clld.org/values/14-460-199-1>		<http://ids.clld.org/parameters/14-460>		<http://ids.clld.org/values/14-460-174-1>		"čomomɨdawə"@mch	
"bĭčela"@cu	<http://ids.clld.org/values/3-820-199-1>		<http://ids.clld.org/parameters/3-820>		<http://ids.clld.org/values/3-820-174-1>		"wannə"@mch	
"obrazŭ"@cu	<http://ids.clld.org/values/9-880-199-1>		<http://ids.clld.org/parameters/9-880>		<http://ids.clld.org/values/9-880-174-1>		"wānai"@mch	
"oblěšti"@cu	<http://ids.clld.org/values/6-110-199-3>		<http://ids.clld.org/parameters/6-110>		<http://ids.clld.org/values/6-110-174-1>		"wewontənə"@mch	
"sirota"@cu	<http://ids.clld.org/values/2-750-199-3>		<http://ids.clld.org/parameters/2-750>		<http://ids.clld.org/values/2-750-174-1>		"tunkemhɨnɨ"@mch	
"chvatiti"@cu	<http://ids.clld.org/values/11-140-199-3>		<http://ids.clld.org/parameters/11-140>		<http://ids.clld.org/values/11-140-174-1>		"-ahəi-"@mch	
"svekrŭ"@cu	<http://ids.clld.org/values/2-610-199-1>		<http://ids.clld.org/parameters/2-610>		<http://ids.clld.org/values/2-610-174-1>		"wōdɨ̄mə"@mch	
"lĭvŭ"@cu	<http://ids.clld.org/values/3-720-199-1>		<http://ids.clld.org/parameters/3-720>		<http://ids.clld.org/values/3-720-174-1>		"kawadīmə"@mch	
"glava"@cu	<http://ids.clld.org/values/4-200-199-1>		<http://ids.clld.org/parameters/4-200>		<http://ids.clld.org/values/4-200-174-1>		"hūʔhə"@mch	
"nacęti"@cu	<http://ids.clld.org/values/14-250-199-1>		<http://ids.clld.org/parameters/14-250>		<http://ids.clld.org/values/14-250-174-1>		"ahəntədɨ"@mch	
"věrovati"@cu	<http://ids.clld.org/values/17-150-199-3>		<http://ids.clld.org/parameters/17-150>		<http://ids.clld.org/values/17-150-174-1>		"-ekanɨhɨ-dɨ"@mch	
"kamy"@cu	<http://ids.clld.org/values/1-440-199-1>		<http://ids.clld.org/parameters/1-440>		<http://ids.clld.org/values/1-440-174-1>		"təʔhu"@mch	
"vysokŭ"@cu	<http://ids.clld.org/values/12-310-199-1>		<http://ids.clld.org/parameters/12-310>		<http://ids.clld.org/values/12-310-174-1>		"kawə"@mch	
"načęlo"@cu	<http://ids.clld.org/values/14-250-199-3>		<http://ids.clld.org/parameters/14-250>		<http://ids.clld.org/values/14-250-174-1>		"ahəntədɨ"@mch	
"jezero"@cu	<http://ids.clld.org/values/1-330-199-1>		<http://ids.clld.org/parameters/1-330>		<http://ids.clld.org/values/1-330-174-1>		"čūʔhə"@mch	
"utrě"@cu	<http://ids.clld.org/values/14-480-199-1>		<http://ids.clld.org/parameters/14-480>		<http://ids.clld.org/values/14-480-174-1>		"henamma"@mch	
"grivĭna"@cu	<http://ids.clld.org/values/6-750-199-3>		<http://ids.clld.org/parameters/6-750>		<http://ids.clld.org/values/6-750-174-1>		"wōʔmo"@mch	
"bratu-čędŭ"@cu	<http://ids.clld.org/values/2-550-199-1>		<http://ids.clld.org/parameters/2-550>		<http://ids.clld.org/values/2-550-174-1>		"waiɲe"@mch	
"bratu-čędŭ"@cu	<http://ids.clld.org/values/2-550-199-1>		<http://ids.clld.org/parameters/2-550>		<http://ids.clld.org/values/2-550-174-3>		"yāʔko"@mch	
"brada"@cu	<http://ids.clld.org/values/4-142-199-1>		<http://ids.clld.org/parameters/4-142>		<http://ids.clld.org/values/4-142-174-1>		"ettəmuho"@mch	
"velijĭ"@cu	<http://ids.clld.org/values/12-550-199-1>		<http://ids.clld.org/parameters/12-550>		<http://ids.clld.org/values/12-550-174-1>		"nuwe"@mch	
"čelo"@cu	<http://ids.clld.org/values/4-205-199-1>		<http://ids.clld.org/parameters/4-205>		<http://ids.clld.org/values/4-205-174-1>		"heʔkay"@mch	
"pŭtenĭcĭ"@cu	<http://ids.clld.org/values/3-550-199-3>		<http://ids.clld.org/parameters/3-550>		<http://ids.clld.org/values/3-550-174-1>		"wamēdi"@mch	
"stěna"@cu	<http://ids.clld.org/values/7-270-199-3>		<http://ids.clld.org/parameters/7-270>		<http://ids.clld.org/values/7-270-174-1>		"həʔhudu"@mch	
"gladŭkŭ"@cu	<http://ids.clld.org/values/15-770-199-1>		<http://ids.clld.org/parameters/15-770>		<http://ids.clld.org/values/15-770-174-1>		"tɨwansuʔde"@mch	
"luna"@cu	<http://ids.clld.org/values/1-530-199-1>		<http://ids.clld.org/parameters/1-530>		<http://ids.clld.org/values/1-530-174-1>		"nūnə"@mch	
"sŭnŭ"@cu	<http://ids.clld.org/values/4-610-199-3>		<http://ids.clld.org/parameters/4-610>		<http://ids.clld.org/values/4-610-174-1>		"w-ɨnɨʔ-nə"@mch	
"dlŭgŭ"@cu	<http://ids.clld.org/values/12-570-199-1>		<http://ids.clld.org/parameters/12-570>		<http://ids.clld.org/values/12-570-174-1>		"nuwe"@mch	
"vĭsĭ"@cu	<http://ids.clld.org/values/19-160-199-1>		<http://ids.clld.org/parameters/19-160>		<http://ids.clld.org/values/19-160-174-1>		"haʔta"@mch	
"nestera"@cu	<http://ids.clld.org/values/2-540-199-3>		<http://ids.clld.org/parameters/2-540>		<http://ids.clld.org/values/2-540-174-1>		"hāse"@mch	
"krŭma"@cu	<http://ids.clld.org/values/5-120-199-7>		<http://ids.clld.org/parameters/5-120>		<http://ids.clld.org/values/5-120-174-1>		"mudūkuku"@mch	
"žiti"@cu	<http://ids.clld.org/values/4-740-199-1>		<http://ids.clld.org/parameters/4-740>		<http://ids.clld.org/values/4-740-174-1>		"wenɲə"@mch	
"igŭlinŭ"@cu	<http://ids.clld.org/values/6-360-199-3>		<http://ids.clld.org/parameters/6-360>		<http://ids.clld.org/values/6-360-174-1>		"makūsa"@mch	
"nitĭ"@cu	<http://ids.clld.org/values/6-380-199-1>		<http://ids.clld.org/parameters/6-380>		<http://ids.clld.org/values/6-380-174-1>		"hakūdimɨʔtɨ"@mch	
"choditi"@cu	<http://ids.clld.org/values/10-470-199-3>		<http://ids.clld.org/parameters/10-470>		<http://ids.clld.org/values/10-470-174-1>		"wɨʔtə̄-nə"@mch	
"krŭvĭ"@cu	<http://ids.clld.org/values/4-150-199-1>		<http://ids.clld.org/parameters/4-150>		<http://ids.clld.org/values/4-150-174-1>		"munu"@mch	
"nyně"@cu	<http://ids.clld.org/values/14-180-199-1>		<http://ids.clld.org/parameters/14-180>		<http://ids.clld.org/values/14-180-174-1>		"edūwa"@mch	
"otĭcĭ"@cu	<http://ids.clld.org/values/2-350-199-1>		<http://ids.clld.org/parameters/2-350>		<http://ids.clld.org/values/2-350-174-1>		"haha"@mch	
"pogręznąti"@cu	<http://ids.clld.org/values/10-330-199-1>		<http://ids.clld.org/parameters/10-330>		<http://ids.clld.org/values/10-330-174-1>		"yehuʔkwai"@mch	
"dĭnĭ"@cu	<http://ids.clld.org/values/14-410-199-1>		<http://ids.clld.org/parameters/14-410>		<http://ids.clld.org/values/14-410-174-1>		"anə̄to"@mch	
"světŭ"@cu	<http://ids.clld.org/values/1-610-199-1>		<http://ids.clld.org/parameters/1-610>		<http://ids.clld.org/values/1-610-174-1>		"šī"@mch	
"strěla"@cu	<http://ids.clld.org/values/20-250-199-1>		<http://ids.clld.org/parameters/20-250>		<http://ids.clld.org/values/20-250-174-1>		"šimāda"@mch	
"gorěti"@cu	<http://ids.clld.org/values/1-852-199-1>		<http://ids.clld.org/parameters/1-852>		<http://ids.clld.org/values/1-852-174-1>		"daʔtwa-dɨ"@mch	
"lěsŭ"@cu	<http://ids.clld.org/values/1-410-199-1>		<http://ids.clld.org/parameters/1-410>		<http://ids.clld.org/values/1-410-174-1>		"čūta"@mch	
"grysti"@cu	<http://ids.clld.org/values/4-580-199-1>		<http://ids.clld.org/parameters/4-580>		<http://ids.clld.org/values/4-580-174-1>		"ēkādɨ"@mch	
"ošibŭ"@cu	<http://ids.clld.org/values/4-180-199-5>		<http://ids.clld.org/parameters/4-180>		<http://ids.clld.org/values/4-180-174-1>		"dāʔkɨdɨ"@mch	
"myti"@cu	<http://ids.clld.org/values/9-360-199-1>		<http://ids.clld.org/parameters/9-360>		<http://ids.clld.org/values/9-360-174-1>		"-ičoʔka-dɨ"@mch	
"vŭskrilĭje"@cu	<http://ids.clld.org/values/12-353-199-5>		<http://ids.clld.org/parameters/12-353>		<http://ids.clld.org/values/12-353-174-1>		"čəʔhiyu"@mch	
"děvica"@cu	<http://ids.clld.org/values/2-260-199-1>		<http://ids.clld.org/parameters/2-260>		<http://ids.clld.org/values/2-260-174-1>		"wodi-ʔčə"@mch	
"iskati"@cu	<http://ids.clld.org/values/11-310-199-1>		<http://ids.clld.org/parameters/11-310>		<http://ids.clld.org/values/11-310-174-1>		"uhīyɨ"@mch	
"topiti"@cu	<http://ids.clld.org/values/10-330-199-5>		<http://ids.clld.org/parameters/10-330>		<http://ids.clld.org/values/10-330-174-1>		"yehuʔkwai"@mch	
"vŭstaniti"@cu	<http://ids.clld.org/values/10-210-199-1>		<http://ids.clld.org/parameters/10-210>		<http://ids.clld.org/values/10-210-174-1>		"w-ənuʔnə"@mch	
"jasti"@cu	<http://ids.clld.org/values/5-110-199-1>		<http://ids.clld.org/parameters/5-110>		<http://ids.clld.org/values/5-110-174-1>		"wowašīnčənə"@mch	
"krovŭ"@cu	<http://ids.clld.org/values/7-510-199-1>		<http://ids.clld.org/parameters/7-510>		<http://ids.clld.org/values/7-510-174-1>		"aməʔhɨdɨ"@mch	
"plodŭ"@cu	<http://ids.clld.org/values/8-410-199-1>		<http://ids.clld.org/parameters/8-410>		<http://ids.clld.org/values/8-410-174-1>		"inɲatɨʔtə̄dɨ"@mch	
"iměti"@cu	<http://ids.clld.org/values/11-110-199-1>		<http://ids.clld.org/parameters/11-110>		<http://ids.clld.org/values/11-110-174-1>		"tɨweiye wənɲe"@mch	
"suchŭ"@cu	<http://ids.clld.org/values/15-840-199-1>		<http://ids.clld.org/parameters/15-840>		<http://ids.clld.org/values/15-840-174-1>		"ssedēhe"@mch	
"branĭ"@cu	<http://ids.clld.org/values/20-130-199-1>		<http://ids.clld.org/parameters/20-130>		<http://ids.clld.org/values/20-130-174-1>		"wənə"@mch	
"vŭnukŭ"@cu	<http://ids.clld.org/values/2-480-199-1>		<http://ids.clld.org/parameters/2-480>		<http://ids.clld.org/values/2-480-174-1>		"hādɨ"@mch	
"daleče"@cu	<http://ids.clld.org/values/12-440-199-1>		<http://ids.clld.org/parameters/12-440>		<http://ids.clld.org/values/12-440-174-1>		"amoinče"@mch	
"ątroba"@cu	<http://ids.clld.org/values/4-460-199-3>		<http://ids.clld.org/parameters/4-460>		<http://ids.clld.org/values/4-460-174-1>		"dudūnoi"@mch	
"izgŭnati"@cu	<http://ids.clld.org/values/10-530-199-1>		<http://ids.clld.org/parameters/10-530>		<http://ids.clld.org/values/10-530-174-1>		"-aheʔka-dɨ"@mch	
"jędro"@cu	<http://ids.clld.org/values/14-210-199-3>		<http://ids.clld.org/parameters/14-210>		<http://ids.clld.org/values/14-210-174-1>		"tamhə̄ʔne"@mch	
"lisŭ"@cu	<http://ids.clld.org/values/3-740-199-1>		<http://ids.clld.org/parameters/3-740>		<http://ids.clld.org/values/3-740-174-1>		"awadudi"@mch	
"mesti"@cu	<http://ids.clld.org/values/10-250-199-1>		<http://ids.clld.org/parameters/10-250>		<http://ids.clld.org/values/10-250-174-1>		"himā-dɨ"@mch	
"ąty"@cu	<http://ids.clld.org/values/3-570-199-1>		<http://ids.clld.org/parameters/3-570>		<http://ids.clld.org/values/3-570-174-1>		"[hātu]"@mch	
"narodŭ"@cu	<http://ids.clld.org/values/19-210-199-3>		<http://ids.clld.org/parameters/19-210>		<http://ids.clld.org/values/19-210-174-1>		"weiʔčɨ"@mch	
"cvětĭcĭ"@cu	<http://ids.clld.org/values/8-570-199-3>		<http://ids.clld.org/parameters/8-570>		<http://ids.clld.org/values/8-570-174-1>		"čə̄hɨdɨ"@mch	
"synovĭ"@cu	<http://ids.clld.org/values/2-530-199-1>		<http://ids.clld.org/parameters/2-530>		<http://ids.clld.org/values/2-530-174-1>		"honɨ"@mch	
"synovĭ"@cu	<http://ids.clld.org/values/2-530-199-1>		<http://ids.clld.org/parameters/2-530>		<http://ids.clld.org/values/2-530-174-3>		"honɨ-kə"@mch	
"językŭ"@cu	<http://ids.clld.org/values/18-240-199-1>		<http://ids.clld.org/parameters/18-240>		<http://ids.clld.org/values/18-240-174-1>		"āʔdewʔkwe"@mch	
"brĭzo"@cu	<http://ids.clld.org/values/14-210-199-5>		<http://ids.clld.org/parameters/14-210>		<http://ids.clld.org/values/14-210-174-1>		"tamhə̄ʔne"@mch	
"loviti"@cu	<http://ids.clld.org/values/20-610-199-1>		<http://ids.clld.org/parameters/20-610>		<http://ids.clld.org/values/20-610-174-1>		"emanɲuhɨdɨ"@mch	
"pristanište"@cu	<http://ids.clld.org/values/10-910-199-1>		<http://ids.clld.org/parameters/10-910>		<http://ids.clld.org/values/10-910-174-1>		"wəʔtə"@mch	
"sěkyra (brady)"@cu	<http://ids.clld.org/values/9-250-199-1>		<http://ids.clld.org/parameters/9-250>		<http://ids.clld.org/values/9-250-174-1>		"wɨ̄wɨ"@mch	
"skovrada"@cu	<http://ids.clld.org/values/5-280-199-1>		<http://ids.clld.org/parameters/5-280>		<http://ids.clld.org/values/5-280-174-1>		"ʔtadī-yɨ"@mch	
"lŭža"@cu	<http://ids.clld.org/values/16-670-199-1>		<http://ids.clld.org/parameters/16-670>		<http://ids.clld.org/values/16-670-174-1>		"-enkutə-"@mch	
"položiti"@cu	<http://ids.clld.org/values/12-120-199-1>		<http://ids.clld.org/parameters/12-120>		<http://ids.clld.org/values/12-120-174-1>		"enɨ̄ta"@mch	
"položiti"@cu	<http://ids.clld.org/values/12-120-199-1>		<http://ids.clld.org/parameters/12-120>		<http://ids.clld.org/values/12-120-174-3>		"-ehuʔta-"@mch	
"plamy"@cu	<http://ids.clld.org/values/1-820-199-1>		<http://ids.clld.org/parameters/1-820>		<http://ids.clld.org/values/1-820-174-1>		"wāʔto"@mch	
"obĭštĭnikŭ"@cu	<http://ids.clld.org/values/19-510-199-5>		<http://ids.clld.org/parameters/19-510>		<http://ids.clld.org/values/19-510-174-1>		"weičakōno"@mch	
"biti"@cu	<http://ids.clld.org/values/9-210-199-1>		<http://ids.clld.org/parameters/9-210>		<http://ids.clld.org/values/9-210-174-1>		"-aiʔhuka-dɨ"@mch	
"plavati"@cu	<http://ids.clld.org/values/10-350-199-3>		<http://ids.clld.org/parameters/10-350>		<http://ids.clld.org/values/10-350-174-1>		"tɨwəʔhiyɨ"@mch	
"teta"@cu	<http://ids.clld.org/values/2-520-199-1>		<http://ids.clld.org/parameters/2-520>		<http://ids.clld.org/values/2-520-174-1>		"waynɲeʔney"@mch	
"sědalište"@cu	<http://ids.clld.org/values/7-430-199-1>		<http://ids.clld.org/parameters/7-430>		<http://ids.clld.org/values/7-430-174-1>		"āʔtəy"@mch	
"zętĭ"@cu	<http://ids.clld.org/values/2-630-199-1>		<http://ids.clld.org/parameters/2-630>		<http://ids.clld.org/values/2-630-174-1>		"-hannɨ-dɨ"@mch	
"veštĭ"@cu	<http://ids.clld.org/values/11-180-199-1>		<http://ids.clld.org/parameters/11-180>		<http://ids.clld.org/values/11-180-174-1>		"k-ɨnnɨdɨʔ-komo"@mch	
"vrŭchŭ"@cu	<http://ids.clld.org/values/12-330-199-1>		<http://ids.clld.org/parameters/12-330>		<http://ids.clld.org/values/12-330-174-1>		"akoiʔčaʔhɨdɨ"@mch	
"lomiti"@cu	<http://ids.clld.org/values/9-260-199-1>		<http://ids.clld.org/parameters/9-260>		<http://ids.clld.org/values/9-260-174-1>		"-išiča-dɨ"@mch	
"zĭrěti"@cu	<http://ids.clld.org/values/15-510-199-3>		<http://ids.clld.org/parameters/15-510>		<http://ids.clld.org/values/15-510-174-1>		"ene-dɨ"@mch	
"glasŭ"@cu	<http://ids.clld.org/values/18-110-199-1>		<http://ids.clld.org/parameters/18-110>		<http://ids.clld.org/values/18-110-174-1>		"kəʔtɨnnə"@mch	
"balĭstvo"@cu	<http://ids.clld.org/values/4-880-199-1>		<http://ids.clld.org/parameters/4-880>		<http://ids.clld.org/values/4-880-174-1>		"əhi"@mch	
"světĭlŭ"@cu	<http://ids.clld.org/values/15-570-199-1>		<http://ids.clld.org/parameters/15-570>		<http://ids.clld.org/values/15-570-174-1>		"taʔwane"@mch	
"lakŭlĭ"@cu	<http://ids.clld.org/values/4-320-199-1>		<http://ids.clld.org/parameters/4-320>		<http://ids.clld.org/values/4-320-174-1>		"ə̄ʔmu"@mch	
"mąžiskŭ"@cu	<http://ids.clld.org/values/2-230-199-1>		<http://ids.clld.org/parameters/2-230>		<http://ids.clld.org/values/2-230-174-1>		"danwa"@mch	
"kusati"@cu	<http://ids.clld.org/values/4-580-199-3>		<http://ids.clld.org/parameters/4-580>		<http://ids.clld.org/values/4-580-174-1>		"ēkādɨ"@mch	
"chromŭ"@cu	<http://ids.clld.org/values/4-940-199-1>		<http://ids.clld.org/parameters/4-940>		<http://ids.clld.org/values/4-940-174-1>		"sekumhe"@mch	
"plakati"@cu	<http://ids.clld.org/values/9-360-199-3>		<http://ids.clld.org/parameters/9-360>		<http://ids.clld.org/values/9-360-174-1>		"-ičoʔka-dɨ"@mch	
"uraziti"@cu	<http://ids.clld.org/values/9-210-199-7>		<http://ids.clld.org/parameters/9-210>		<http://ids.clld.org/values/9-210-174-1>		"-aiʔhuka-dɨ"@mch	
"vŭzdati"@cu	<http://ids.clld.org/values/11-650-199-1>		<http://ids.clld.org/parameters/11-650>		<http://ids.clld.org/values/11-650-174-1>		"ehēma-dɨ"@mch	
"zmija"@cu	<http://ids.clld.org/values/3-850-199-1>		<http://ids.clld.org/parameters/3-850>		<http://ids.clld.org/values/3-850-174-1>		"əkə̄yu"@mch	
"solĭ"@cu	<http://ids.clld.org/values/5-810-199-1>		<http://ids.clld.org/parameters/5-810>		<http://ids.clld.org/values/5-810-174-1>		"[sayu]"@mch	
"mysliti"@cu	<http://ids.clld.org/values/17-130-199-1>		<http://ids.clld.org/parameters/17-130>		<http://ids.clld.org/values/17-130-174-1>		"tɨtahə-nə"@mch	
"chudŭ"@cu	<http://ids.clld.org/values/12-560-199-3>		<http://ids.clld.org/parameters/12-560>		<http://ids.clld.org/values/12-560-174-1>		"šeʔkə"@mch	
"žešti"@cu	<http://ids.clld.org/values/1-851-199-1>		<http://ids.clld.org/parameters/1-851>		<http://ids.clld.org/values/1-851-174-1>		"ukā-dɨ"@mch	
"gladŭ"@cu	<http://ids.clld.org/values/5-140-199-1>		<http://ids.clld.org/parameters/5-140>		<http://ids.clld.org/values/5-140-174-1>		"əmīhe"@mch	
"ląkŭ"@cu	<http://ids.clld.org/values/20-240-199-1>		<http://ids.clld.org/parameters/20-240>		<http://ids.clld.org/values/20-240-174-1>		"šimāda ehɨ̄dɨ"@mch	
"domŭ"@cu	<http://ids.clld.org/values/7-120-199-1>		<http://ids.clld.org/parameters/7-120>		<http://ids.clld.org/values/7-120-174-1>		"mmā"@mch	
"(sŭ-)měsiti"@cu	<http://ids.clld.org/values/5-490-199-1>		<http://ids.clld.org/parameters/5-490>		<http://ids.clld.org/values/5-490-174-1>		"-oima-dɨ"@mch	
"bratŭ"@cu	<http://ids.clld.org/values/2-440-199-3>		<http://ids.clld.org/parameters/2-440>		<http://ids.clld.org/values/2-440-174-1>		"-nuwā-dɨ"@mch	
"(u)mrěti"@cu	<http://ids.clld.org/values/4-750-199-1>		<http://ids.clld.org/parameters/4-750>		<http://ids.clld.org/values/4-750-174-1>		"-əma-"@mch	
"oděti"@cu	<http://ids.clld.org/values/6-110-199-1>		<http://ids.clld.org/parameters/6-110>		<http://ids.clld.org/values/6-110-174-1>		"wewontənə"@mch	
"vŭzŭpiti"@cu	<http://ids.clld.org/values/18-130-199-3>		<http://ids.clld.org/parameters/18-130>		<http://ids.clld.org/values/18-130-174-1>		"kəʔtɨn-nə"@mch	
"mękŭkŭ"@cu	<http://ids.clld.org/values/15-750-199-1>		<http://ids.clld.org/parameters/15-750>		<http://ids.clld.org/values/15-750-174-1>		"tɨwansuʔde"@mch	
"širokŭ"@cu	<http://ids.clld.org/values/12-610-199-1>		<http://ids.clld.org/parameters/12-610>		<http://ids.clld.org/values/12-610-174-1>		"taʔhuhūne"@mch	
"morje"@cu	<http://ids.clld.org/values/1-320-199-1>		<http://ids.clld.org/parameters/1-320>		<http://ids.clld.org/values/1-320-174-1>		"dama"@mch	
"živŭ"@cu	<http://ids.clld.org/values/4-740-199-3>		<http://ids.clld.org/parameters/4-740>		<http://ids.clld.org/values/4-740-174-1>		"wenɲə"@mch	
"vŭnuka"@cu	<http://ids.clld.org/values/2-490-199-1>		<http://ids.clld.org/parameters/2-490>		<http://ids.clld.org/values/2-490-174-1>		"hādɨ"@mch	
"zŭlŭ"@cu	<http://ids.clld.org/values/16-720-199-1>		<http://ids.clld.org/parameters/16-720>		<http://ids.clld.org/values/16-720-174-1>		"kənemhɨnɨ"@mch	
"dělati"@cu	<http://ids.clld.org/values/9-110-199-3>		<http://ids.clld.org/parameters/9-110>		<http://ids.clld.org/values/9-110-174-1>		"tɨdɨ̄dɨ"@mch	
"truzdŭ sę"@cu	<http://ids.clld.org/values/4-910-199-1>		<http://ids.clld.org/parameters/4-910>		<http://ids.clld.org/values/4-910-174-1>		"tɨkinča"@mch	
"znati"@cu	<http://ids.clld.org/values/17-170-199-5>		<http://ids.clld.org/parameters/17-170>		<http://ids.clld.org/values/17-170-174-1>		"t-owanəkə t-ɨdɨ-dɨ"@mch	
"srěda"@cu	<http://ids.clld.org/values/12-370-199-1>		<http://ids.clld.org/parameters/12-370>		<http://ids.clld.org/values/12-370-174-1>		"annai"@mch	
"chyzŭ"@cu	<http://ids.clld.org/values/7-120-199-5>		<http://ids.clld.org/parameters/7-120>		<http://ids.clld.org/values/7-120-174-1>		"mmā"@mch	
"měsęcĭ"@cu	<http://ids.clld.org/values/1-530-199-3>		<http://ids.clld.org/parameters/1-530>		<http://ids.clld.org/values/1-530-174-1>		"nūnə"@mch	
"baba"@cu	<http://ids.clld.org/values/2-470-199-1>		<http://ids.clld.org/parameters/2-470>		<http://ids.clld.org/values/2-470-174-1>		"-tamū-du"@mch	
"obonjati"@cu	<http://ids.clld.org/values/15-210-199-1>		<http://ids.clld.org/parameters/15-210>		<http://ids.clld.org/values/15-210-174-1>		"hyoʔhōdɨ"@mch	
"domŭ"@cu	<http://ids.clld.org/values/2-820-199-1>		<http://ids.clld.org/parameters/2-820>		<http://ids.clld.org/values/2-820-174-1>		"himmə"@mch	
"duchŭ"@cu	<http://ids.clld.org/values/16-110-199-3>		<http://ids.clld.org/parameters/16-110>		<http://ids.clld.org/values/16-110-174-1>		"dōʔta"@mch	
"padati"@cu	<http://ids.clld.org/values/10-230-199-3>		<http://ids.clld.org/parameters/10-230>		<http://ids.clld.org/values/10-230-174-1>		"w-eduka-nə"@mch	
"mŭnogŭ"@cu	<http://ids.clld.org/values/13-150-199-1>		<http://ids.clld.org/parameters/13-150>		<http://ids.clld.org/values/13-150-174-1>		"hōhe"@mch	
"dětĭ"@cu	<http://ids.clld.org/values/2-270-199-1>		<http://ids.clld.org/parameters/2-270>		<http://ids.clld.org/values/2-270-174-1>		"nnedɨ"@mch	
"ustĭna"@cu	<http://ids.clld.org/values/4-250-199-1>		<http://ids.clld.org/parameters/4-250>		<http://ids.clld.org/values/4-250-174-1>		"ə̄ʔhi"@mch	
"nečistŭ"@cu	<http://ids.clld.org/values/15-880-199-1>		<http://ids.clld.org/parameters/15-880>		<http://ids.clld.org/values/15-880-174-1>		"nossahe"@mch	
"cěsta"@cu	<http://ids.clld.org/values/10-710-199-3>		<http://ids.clld.org/parameters/10-710>		<http://ids.clld.org/values/10-710-174-1>		"ə̄ma"@mch	
"radostĭ"@cu	<http://ids.clld.org/values/16-230-199-5>		<http://ids.clld.org/parameters/16-230>		<http://ids.clld.org/values/16-230-174-1>		"takwanɲe"@mch	
"vyja"@cu	<http://ids.clld.org/values/4-280-199-1>		<http://ids.clld.org/parameters/4-280>		<http://ids.clld.org/values/4-280-174-1>		"hɨ̄mɨ"@mch	
"vrěšti"@cu	<http://ids.clld.org/values/10-250-199-3>		<http://ids.clld.org/parameters/10-250>		<http://ids.clld.org/values/10-250-174-1>		"himā-dɨ"@mch	
"dĭrati"@cu	<http://ids.clld.org/values/9-280-199-1>		<http://ids.clld.org/parameters/9-280>		<http://ids.clld.org/values/9-280-174-1>		"-iši-"@mch	
"netĭjĭ"@cu	<http://ids.clld.org/values/2-530-199-5>		<http://ids.clld.org/parameters/2-530>		<http://ids.clld.org/values/2-530-174-1>		"honɨ"@mch	
"netĭjĭ"@cu	<http://ids.clld.org/values/2-530-199-5>		<http://ids.clld.org/parameters/2-530>		<http://ids.clld.org/values/2-530-174-3>		"honɨ-kə"@mch	
"vějati"@cu	<http://ids.clld.org/values/10-380-199-3>		<http://ids.clld.org/parameters/10-380>		<http://ids.clld.org/values/10-380-174-1>		"yaičumā-dɨ"@mch	
"smějati sę"@cu	<http://ids.clld.org/values/16-250-199-1>		<http://ids.clld.org/parameters/16-250>		<http://ids.clld.org/values/16-250-174-1>		"waʔsenɲo"@mch	
"blaženŭ"@cu	<http://ids.clld.org/values/16-230-199-7>		<http://ids.clld.org/parameters/16-230>		<http://ids.clld.org/values/16-230-174-1>		"takwanɲe"@mch	
"paky"@cu	<http://ids.clld.org/values/14-350-199-1>		<http://ids.clld.org/parameters/14-350>		<http://ids.clld.org/values/14-350-174-1>		"dea"@mch	
"chlŭmŭ"@cu	<http://ids.clld.org/values/1-220-199-3>		<http://ids.clld.org/parameters/1-220>		<http://ids.clld.org/values/1-220-174-1>		"hɨ̄"@mch	
"(pri)zŭvati"@cu	<http://ids.clld.org/values/18-410-199-1>		<http://ids.clld.org/parameters/18-410>		<http://ids.clld.org/values/18-410-174-1>		"aʔdewhaʔdɨ"@mch	
"běsŭ"@cu	<http://ids.clld.org/values/22-350-199-1>		<http://ids.clld.org/parameters/22-350>		<http://ids.clld.org/values/22-350-174-1>		"kahūšawa"@mch	
"měniti"@cu	<http://ids.clld.org/values/12-930-199-1>		<http://ids.clld.org/parameters/12-930>		<http://ids.clld.org/values/12-930-174-1>		"w-ekamhiaka-nə"@mch	
"košĭ"@cu	<http://ids.clld.org/values/9-760-199-1>		<http://ids.clld.org/parameters/9-760>		<http://ids.clld.org/values/9-760-174-1>		"wɨ̄wa"@mch	
"zrĭcalo"@cu	<http://ids.clld.org/values/6-960-199-1>		<http://ids.clld.org/parameters/6-960>		<http://ids.clld.org/values/6-960-174-1>		"hekūde"@mch	
"nizŭkŭ"@cu	<http://ids.clld.org/values/12-320-199-1>		<http://ids.clld.org/parameters/12-320>		<http://ids.clld.org/values/12-320-174-1>		"nonohoʔčə"@mch	
"lice"@cu	<http://ids.clld.org/values/4-204-199-1>		<http://ids.clld.org/parameters/4-204>		<http://ids.clld.org/values/4-204-174-1>		"heʔ-dɨ"@mch	
"priti"@cu	<http://ids.clld.org/values/10-480-199-1>		<http://ids.clld.org/parameters/10-480>		<http://ids.clld.org/values/10-480-174-1>		"w-eʔ-nə"@mch	
"ucho"@cu	<http://ids.clld.org/values/4-220-199-1>		<http://ids.clld.org/parameters/4-220>		<http://ids.clld.org/values/4-220-174-1>		"hāna"@mch	
"větrŭ"@cu	<http://ids.clld.org/values/1-720-199-1>		<http://ids.clld.org/parameters/1-720>		<http://ids.clld.org/values/1-720-174-1>		"hehēnčə"@mch	
"věrą jęti"@cu	<http://ids.clld.org/values/17-150-199-1>		<http://ids.clld.org/parameters/17-150>		<http://ids.clld.org/values/17-150-174-1>		"-ekanɨhɨ-dɨ"@mch	
"ovoštĭ"@cu	<http://ids.clld.org/values/5-710-199-1>		<http://ids.clld.org/parameters/5-710>		<http://ids.clld.org/values/5-710-174-1>		"čə̄hɨdɨ̄-hɨdɨ"@mch	
"trapeza"@cu	<http://ids.clld.org/values/7-440-199-1>		<http://ids.clld.org/parameters/7-440>		<http://ids.clld.org/values/7-440-174-1>		"[mesa]i"@mch	
"pišta"@cu	<http://ids.clld.org/values/5-120-199-1>		<http://ids.clld.org/parameters/5-120>		<http://ids.clld.org/values/5-120-174-1>		"mudūkuku"@mch	
"nosŭ"@cu	<http://ids.clld.org/values/4-230-199-1>		<http://ids.clld.org/parameters/4-230>		<http://ids.clld.org/values/4-230-174-1>		"ənna"@mch	
"dŭždĭ"@cu	<http://ids.clld.org/values/1-750-199-1>		<http://ids.clld.org/parameters/1-750>		<http://ids.clld.org/values/1-750-174-1>		"konōho"@mch	
"otokŭ"@cu	<http://ids.clld.org/values/1-250-199-1>		<http://ids.clld.org/parameters/1-250>		<http://ids.clld.org/values/1-250-174-1>		"dantadɨ"@mch	
"prijateljĭ"@cu	<http://ids.clld.org/values/19-510-199-3>		<http://ids.clld.org/parameters/19-510>		<http://ids.clld.org/values/19-510-174-1>		"weičakōno"@mch	
"ukrašenĭje"@cu	<http://ids.clld.org/values/6-710-199-1>		<http://ids.clld.org/parameters/6-710>		<http://ids.clld.org/values/6-710-174-1>		"sawīya"@mch	
"žiznć"@cu	<http://ids.clld.org/values/4-740-199-7>		<http://ids.clld.org/parameters/4-740>		<http://ids.clld.org/values/4-740-174-1>		"wenɲə"@mch	
"piti"@cu	<http://ids.clld.org/values/5-130-199-1>		<http://ids.clld.org/parameters/5-130>		<http://ids.clld.org/values/5-130-174-1>		"enku"@mch	
"želěti"@cu	<http://ids.clld.org/values/16-620-199-1>		<http://ids.clld.org/parameters/16-620>		<http://ids.clld.org/values/16-620-174-1>		"hyumma-dɨ"@mch	
"skala"@cu	<http://ids.clld.org/values/1-440-199-3>		<http://ids.clld.org/parameters/1-440>		<http://ids.clld.org/values/1-440-174-1>		"təʔhu"@mch	
"sŭmrŭtĭ"@cu	<http://ids.clld.org/values/4-750-199-5>		<http://ids.clld.org/parameters/4-750>		<http://ids.clld.org/values/4-750-174-1>		"-əma-"@mch	
"pĭjanŭ"@cu	<http://ids.clld.org/values/4-980-199-1>		<http://ids.clld.org/parameters/4-980>		<http://ids.clld.org/values/4-980-174-1>		"-oʔdoʔhə"@mch	
"drěvo"@cu	<http://ids.clld.org/values/8-600-199-1>		<http://ids.clld.org/parameters/8-600>		<http://ids.clld.org/values/8-600-174-1>		"dē"@mch	
"brati"@cu	<http://ids.clld.org/values/20-110-199-3>		<http://ids.clld.org/parameters/20-110>		<http://ids.clld.org/values/20-110-174-1>		"wətə̄nehānə"@mch	
"pŭtica"@cu	<http://ids.clld.org/values/3-581-199-3>		<http://ids.clld.org/parameters/3-581>		<http://ids.clld.org/values/3-581-174-1>		"hawi"@mch	
"bĭrati"@cu	<http://ids.clld.org/values/11-130-199-3>		<http://ids.clld.org/parameters/11-130>		<http://ids.clld.org/values/11-130-174-1>		"w-emhan-nə"@mch	
"sŭvęzati"@cu	<http://ids.clld.org/values/9-160-199-1>		<http://ids.clld.org/parameters/9-160>		<http://ids.clld.org/values/9-160-174-1>		"imɨdɨ"@mch	
"postaviti"@cu	<http://ids.clld.org/values/12-120-199-3>		<http://ids.clld.org/parameters/12-120>		<http://ids.clld.org/values/12-120-174-1>		"enɨ̄ta"@mch	
"postaviti"@cu	<http://ids.clld.org/values/12-120-199-3>		<http://ids.clld.org/parameters/12-120>		<http://ids.clld.org/values/12-120-174-3>		"-ehuʔta-"@mch	
"moliti"@cu	<http://ids.clld.org/values/18-350-199-3>		<http://ids.clld.org/parameters/18-350>		<http://ids.clld.org/values/18-350-174-1>		"eʔkatə-dɨ"@mch	
"prispěti"@cu	<http://ids.clld.org/values/10-550-199-3>		<http://ids.clld.org/parameters/10-550>		<http://ids.clld.org/values/10-550-174-1>		"w-əʔdɨ-nə"@mch	
"učiti sę"@cu	<http://ids.clld.org/values/17-240-199-1>		<http://ids.clld.org/parameters/17-240>		<http://ids.clld.org/values/17-240-174-1>		"-ōwanoma-"@mch	
"bljĭvati"@cu	<http://ids.clld.org/values/4-570-199-1>		<http://ids.clld.org/parameters/4-570>		<http://ids.clld.org/values/4-570-174-1>		"wenaʔtahəʔeʔnə"@mch	
"kratŭkŭ"@cu	<http://ids.clld.org/values/12-590-199-1>		<http://ids.clld.org/parameters/12-590>		<http://ids.clld.org/values/12-590-174-1>		"tawedato"@mch	
"(sŭ)viti"@cu	<http://ids.clld.org/values/10-140-199-1>		<http://ids.clld.org/parameters/10-140>		<http://ids.clld.org/values/10-140-174-1>		"weməīya"@mch	
"(sŭ)dělati"@cu	<http://ids.clld.org/values/9-120-199-5>		<http://ids.clld.org/parameters/9-120>		<http://ids.clld.org/values/9-120-174-1>		"tadawāhu"@mch	
"kričati"@cu	<http://ids.clld.org/values/18-130-199-5>		<http://ids.clld.org/parameters/18-130>		<http://ids.clld.org/values/18-130-174-1>		"kəʔtɨn-nə"@mch	
"nesti"@cu	<http://ids.clld.org/values/10-610-199-1>		<http://ids.clld.org/parameters/10-610>		<http://ids.clld.org/values/10-610-174-1>		"-adə̄-"@mch	
"golěnĭ"@cu	<http://ids.clld.org/values/4-350-199-1>		<http://ids.clld.org/parameters/4-350>		<http://ids.clld.org/values/4-350-174-1>		"hētɨ"@mch	
"slabŭ"@cu	<http://ids.clld.org/values/4-820-199-1>		<http://ids.clld.org/parameters/4-820>		<http://ids.clld.org/values/4-820-174-1>		"āʔkedēto"@mch	
"těsnŭ"@cu	<http://ids.clld.org/values/12-620-199-3>		<http://ids.clld.org/parameters/12-620>		<http://ids.clld.org/values/12-620-174-3>		"anwakɨme"@mch	
"těsnŭ"@cu	<http://ids.clld.org/values/12-620-199-3>		<http://ids.clld.org/parameters/12-620>		<http://ids.clld.org/values/12-620-174-1>		"danwadɨ"@mch	
"povrěsti"@cu	<http://ids.clld.org/values/9-160-199-3>		<http://ids.clld.org/parameters/9-160>		<http://ids.clld.org/values/9-160-174-1>		"imɨdɨ"@mch	
"žlĭtŭ"@cu	<http://ids.clld.org/values/15-690-199-1>		<http://ids.clld.org/parameters/15-690>		<http://ids.clld.org/values/15-690-174-1>		"kɨnota"@mch	
"sŭsĭcĭ"@cu	<http://ids.clld.org/values/4-410-199-3>		<http://ids.clld.org/parameters/4-410>		<http://ids.clld.org/values/4-410-174-1>		"ʔdohɨ-dɨ"@mch	
"synovica"@cu	<http://ids.clld.org/values/2-540-199-1>		<http://ids.clld.org/parameters/2-540>		<http://ids.clld.org/values/2-540-174-1>		"hāse"@mch	
"noštĭ"@cu	<http://ids.clld.org/values/14-420-199-1>		<http://ids.clld.org/parameters/14-420>		<http://ids.clld.org/values/14-420-174-1>		"čomomɨ̄dɨ"@mch	
"tĭstĭ"@cu	<http://ids.clld.org/values/2-610-199-3>		<http://ids.clld.org/parameters/2-610>		<http://ids.clld.org/values/2-610-174-1>		"wōdɨ̄mə"@mch	
"stĭza"@cu	<http://ids.clld.org/values/10-720-199-1>		<http://ids.clld.org/parameters/10-720>		<http://ids.clld.org/values/10-720-174-1>		"ə̄ma"@mch	
"sulica"@cu	<http://ids.clld.org/values/20-260-199-3>		<http://ids.clld.org/parameters/20-260>		<http://ids.clld.org/values/20-260-174-1>		"sukuhi"@mch	
"plešte"@cu	<http://ids.clld.org/values/4-300-199-3>		<http://ids.clld.org/parameters/4-300>		<http://ids.clld.org/values/4-300-174-1>		"nkawə"@mch	
"ljubiti"@cu	<http://ids.clld.org/values/16-270-199-3>		<http://ids.clld.org/parameters/16-270>		<http://ids.clld.org/values/16-270-174-1>		"hyumma-dɨ"@mch	
"rŭdrŭ"@cu	<http://ids.clld.org/values/15-660-199-5>		<http://ids.clld.org/parameters/15-660>		<http://ids.clld.org/values/15-660-174-1>		"seweičato"@mch	
"vŭzęti"@cu	<http://ids.clld.org/values/11-130-199-1>		<http://ids.clld.org/parameters/11-130>		<http://ids.clld.org/values/11-130-174-1>		"w-emhan-nə"@mch	
"sŭrěsti"@cu	<http://ids.clld.org/values/19-650-199-1>		<http://ids.clld.org/parameters/19-650>		<http://ids.clld.org/values/19-650-174-1>		"edantə-dɨ"@mch	
"pokazati"@cu	<http://ids.clld.org/values/15-550-199-1>		<http://ids.clld.org/parameters/15-550>		<http://ids.clld.org/values/15-550-174-1>		"eneho-dɨ"@mch	
"nožĭ"@cu	<http://ids.clld.org/values/9-230-199-1>		<http://ids.clld.org/parameters/9-230>		<http://ids.clld.org/values/9-230-174-1>		"kɨmɨʔkə"@mch	
"medvědĭ"@cu	<http://ids.clld.org/values/3-730-199-1>		<http://ids.clld.org/parameters/3-730>		<http://ids.clld.org/values/3-730-174-1>		"hədēmu"@mch	
"narešti"@cu	<http://ids.clld.org/values/18-420-199-1>		<http://ids.clld.org/parameters/18-420>		<http://ids.clld.org/values/18-420-174-1>		"tə̄tɨ"@mch	
"grudĭ"@cu	<http://ids.clld.org/values/4-400-199-3>		<http://ids.clld.org/parameters/4-400>		<http://ids.clld.org/values/4-400-174-1>		"dōʔta"@mch	
"ostrŭ"@cu	<http://ids.clld.org/values/15-780-199-1>		<http://ids.clld.org/parameters/15-780>		<http://ids.clld.org/values/15-780-174-1>		"ākə̄tədɨ"@mch	
"kupiti"@cu	<http://ids.clld.org/values/11-810-199-1>		<http://ids.clld.org/parameters/11-810>		<http://ids.clld.org/values/11-810-174-1>		"ehēma-dɨ"@mch	
"cělŭ"@cu	<http://ids.clld.org/values/4-830-199-3>		<http://ids.clld.org/parameters/4-830>		<http://ids.clld.org/values/4-830-174-1>		"tadəinɲe"@mch	
"drěvo"@cu	<http://ids.clld.org/values/1-420-199-1>		<http://ids.clld.org/parameters/1-420>		<http://ids.clld.org/values/1-420-174-1>		"dē"@mch	
"světilĭnikŭ"@cu	<http://ids.clld.org/values/7-450-199-1>		<http://ids.clld.org/parameters/7-450>		<http://ids.clld.org/values/7-450-174-1>		"adāwa"@mch	
