"lanita"@cu	<http://ids.clld.org/values/4-208-199-1>		<http://ids.clld.org/parameters/4-208>		<http://ids.clld.org/values/4-208-280-1>		"'tamo"@pcp	
"dymǎ"@cu	<http://ids.clld.org/values/1-830-199-1>		<http://ids.clld.org/parameters/1-830>		<http://ids.clld.org/values/1-830-280-1>		"ko'ʔina"@pcp	
"slŭnĭce"@cu	<http://ids.clld.org/values/1-520-199-1>		<http://ids.clld.org/parameters/1-520>		<http://ids.clld.org/values/1-520-280-1>		"'waři"@pcp	
"oko"@cu	<http://ids.clld.org/values/4-210-199-1>		<http://ids.clld.org/parameters/4-210>		<http://ids.clld.org/values/4-210-280-1>		"'wɨřo"@pcp	
"rąka"@cu	<http://ids.clld.org/values/4-330-199-1>		<http://ids.clld.org/parameters/4-330>		<http://ids.clld.org/values/4-330-280-1>		"mɨ'kɨna"@pcp	
"bělŭ"@cu	<http://ids.clld.org/values/15-640-199-1>		<http://ids.clld.org/parameters/15-640>		<http://ids.clld.org/values/15-640-280-1>		"'hoṣ̌o"@pcp	
"jelenĭ"@cu	<http://ids.clld.org/values/3-750-199-1>		<http://ids.clld.org/parameters/3-750>		<http://ids.clld.org/values/3-750-280-1>		"'čaṣ̌o"@pcp	
"kurę"@cu	<http://ids.clld.org/values/3-550-199-1>		<http://ids.clld.org/parameters/3-550>		<http://ids.clld.org/values/3-550-280-1>		"pati'aři"@pcp	
"mąžĭ"@cu	<http://ids.clld.org/values/2-210-199-1>		<http://ids.clld.org/parameters/2-210>		<http://ids.clld.org/values/2-210-280-1>		"'honi"@pcp	
"ząbŭ"@cu	<http://ids.clld.org/values/4-270-199-1>		<http://ids.clld.org/parameters/4-270>		<http://ids.clld.org/values/4-270-280-1>		"'ṣ̌ɨna"@pcp	
"voda"@cu	<http://ids.clld.org/values/1-310-199-1>		<http://ids.clld.org/parameters/1-310>		<http://ids.clld.org/values/1-310-280-1>		"'hɨnɨ"@pcp	
"oblakŭ"@cu	<http://ids.clld.org/values/1-730-199-1>		<http://ids.clld.org/parameters/1-730>		<http://ids.clld.org/values/1-730-280-1>		"'c̷ɨmo"@pcp	
"zvězda"@cu	<http://ids.clld.org/values/1-540-199-1>		<http://ids.clld.org/parameters/1-540>		<http://ids.clld.org/values/1-540-280-1>		"'wištima"@pcp	
"tokŭ"@cu	<http://ids.clld.org/values/1-360-199-3>		<http://ids.clld.org/parameters/1-360>		<http://ids.clld.org/values/1-360-280-1>		"'ʔani"@pcp	
"tokŭ"@cu	<http://ids.clld.org/values/1-360-199-3>		<http://ids.clld.org/parameters/1-360>		<http://ids.clld.org/values/1-360-280-3>		"'pao"@pcp	
"potokŭ"@cu	<http://ids.clld.org/values/1-360-199-5>		<http://ids.clld.org/parameters/1-360>		<http://ids.clld.org/values/1-360-280-1>		"'ʔani"@pcp	
"potokŭ"@cu	<http://ids.clld.org/values/1-360-199-5>		<http://ids.clld.org/parameters/1-360>		<http://ids.clld.org/values/1-360-280-3>		"'pao"@pcp	
"selo"@cu	<http://ids.clld.org/values/8-120-199-1>		<http://ids.clld.org/parameters/8-120>		<http://ids.clld.org/values/8-120-280-1>		"'wai"@pcp	
"noga"@cu	<http://ids.clld.org/values/4-370-199-1>		<http://ids.clld.org/parameters/4-370>		<http://ids.clld.org/values/4-370-280-1>		"'taʔɨ"@pcp	
"listŭ"@cu	<http://ids.clld.org/values/8-560-199-1>		<http://ids.clld.org/parameters/8-560>		<http://ids.clld.org/values/8-560-280-1>		"'pɨʔi"@pcp	
"nebo"@cu	<http://ids.clld.org/values/1-510-199-1>		<http://ids.clld.org/parameters/1-510>		<http://ids.clld.org/values/1-510-280-1>		"na'ipa"@pcp	
"malŭ"@cu	<http://ids.clld.org/values/12-560-199-1>		<http://ids.clld.org/parameters/12-560>		<http://ids.clld.org/values/12-560-280-1>		"'mišni"@pcp	
"srŭdĭce"@cu	<http://ids.clld.org/values/4-440-199-1>		<http://ids.clld.org/parameters/4-440>		<http://ids.clld.org/values/4-440-280-1>		"howi'ti"@pcp	
"vrŭvĭ"@cu	<http://ids.clld.org/values/9-190-199-1>		<http://ids.clld.org/parameters/9-190>		<http://ids.clld.org/values/9-190-280-1>		"'taška"@pcp	
"sladŭkŭ"@cu	<http://ids.clld.org/values/15-350-199-1>		<http://ids.clld.org/parameters/15-350>		<http://ids.clld.org/values/15-350-280-1>		"tɨ'ɨ"@pcp	
"zemlja"@cu	<http://ids.clld.org/values/1-210-199-1>		<http://ids.clld.org/parameters/1-210>		<http://ids.clld.org/values/1-210-280-1>		"'mai"@pcp	
"językŭ"@cu	<http://ids.clld.org/values/4-260-199-1>		<http://ids.clld.org/parameters/4-260>		<http://ids.clld.org/values/4-260-280-1>		"'hana"@pcp	
"tęžĭkŭ"@cu	<http://ids.clld.org/values/15-810-199-1>		<http://ids.clld.org/parameters/15-810>		<http://ids.clld.org/values/15-810-280-1>		"'iwɨ"@pcp	
"koža"@cu	<http://ids.clld.org/values/4-120-199-1>		<http://ids.clld.org/parameters/4-120>		<http://ids.clld.org/values/4-120-280-1>		"'wiči"@pcp	
"myšĭca"@cu	<http://ids.clld.org/values/4-310-199-1>		<http://ids.clld.org/parameters/4-310>		<http://ids.clld.org/values/4-310-280-1>		"po'yana"@pcp	
"ryba"@cu	<http://ids.clld.org/values/3-650-199-1>		<http://ids.clld.org/parameters/3-650>		<http://ids.clld.org/values/3-650-280-3>		"'woɨ"@pcp	
"ryba"@cu	<http://ids.clld.org/values/3-650-199-1>		<http://ids.clld.org/parameters/3-650>		<http://ids.clld.org/values/3-650-280-1>		"sa'nino"@pcp	
"cvětŭ"@cu	<http://ids.clld.org/values/8-570-199-1>		<http://ids.clld.org/parameters/8-570>		<http://ids.clld.org/values/8-570-280-3>		"řeṣ̌'pana"@pcp	
"cvětŭ"@cu	<http://ids.clld.org/values/8-570-199-1>		<http://ids.clld.org/parameters/8-570>		<http://ids.clld.org/values/8-570-280-1>		"'hoa"@pcp	
"ognĭ"@cu	<http://ids.clld.org/values/1-810-199-1>		<http://ids.clld.org/parameters/1-810>		<http://ids.clld.org/values/1-810-280-1>		"'čiʔi"@pcp	
"črĭvenŭ"@cu	<http://ids.clld.org/values/15-660-199-3>		<http://ids.clld.org/parameters/15-660>		<http://ids.clld.org/values/15-660-280-1>		"'šini"@pcp	
"rězati"@cu	<http://ids.clld.org/values/9-220-199-1>		<http://ids.clld.org/parameters/9-220>		<http://ids.clld.org/values/9-220-280-1>		"'kɨɨsakia"@pcp	
"sąprągŭ"@cu	<http://ids.clld.org/values/2-320-199-3>		<http://ids.clld.org/parameters/2-320>		<http://ids.clld.org/values/2-320-280-1>		"ʔa'wini"@pcp	
"chramŭ"@cu	<http://ids.clld.org/values/7-120-199-3>		<http://ids.clld.org/parameters/7-120>		<http://ids.clld.org/values/7-120-280-1>		"'ṣ̌owo"@pcp	
"cěpiti"@cu	<http://ids.clld.org/values/9-270-199-1>		<http://ids.clld.org/parameters/9-270>		<http://ids.clld.org/values/9-270-280-1>		"ma'tošmaki"@pcp	
"pŭta"@cu	<http://ids.clld.org/values/3-581-199-1>		<http://ids.clld.org/parameters/3-581>		<http://ids.clld.org/values/3-581-280-1>		"'isko"@pcp	
"tvoriti"@cu	<http://ids.clld.org/values/9-110-199-1>		<http://ids.clld.org/parameters/9-110>		<http://ids.clld.org/values/9-110-280-1>		"i'wɨ"@pcp	
"mąžĭ"@cu	<http://ids.clld.org/values/2-310-199-1>		<http://ids.clld.org/parameters/2-310>		<http://ids.clld.org/values/2-310-280-1>		"'wɨnɨ"@pcp	
"črŭmĭnŭ"@cu	<http://ids.clld.org/values/15-660-199-1>		<http://ids.clld.org/parameters/15-660>		<http://ids.clld.org/values/15-660-280-1>		"'šini"@pcp	
"mati"@cu	<http://ids.clld.org/values/2-360-199-1>		<http://ids.clld.org/parameters/2-360>		<http://ids.clld.org/values/2-360-280-1>		"'kai"@pcp	
"vlasŭ"@cu	<http://ids.clld.org/values/4-140-199-1>		<http://ids.clld.org/parameters/4-140>		<http://ids.clld.org/values/4-140-280-1>		"'woo"@pcp	
"žena"@cu	<http://ids.clld.org/values/2-320-199-1>		<http://ids.clld.org/parameters/2-320>		<http://ids.clld.org/values/2-320-280-1>		"ʔa'wini"@pcp	
"ajĭce"@cu	<http://ids.clld.org/values/5-970-199-1>		<http://ids.clld.org/parameters/5-970>		<http://ids.clld.org/values/5-970-280-1>		"'wači"@pcp	
"otročę"@cu	<http://ids.clld.org/values/2-280-199-1>		<http://ids.clld.org/parameters/2-280>		<http://ids.clld.org/values/2-280-280-1>		"'wakɨ 'pistia"@pcp	
"žena"@cu	<http://ids.clld.org/values/2-220-199-1>		<http://ids.clld.org/parameters/2-220>		<http://ids.clld.org/values/2-220-280-1>		"'yoṣ̌a"@pcp	
"dąbŭ"@cu	<http://ids.clld.org/values/8-600-199-3>		<http://ids.clld.org/parameters/8-600>		<http://ids.clld.org/values/8-600-280-1>		"'hiwi"@pcp	
"viděti"@cu	<http://ids.clld.org/values/15-510-199-1>		<http://ids.clld.org/parameters/15-510>		<http://ids.clld.org/values/15-510-280-1>		"his'pa"@pcp	
"viděti"@cu	<http://ids.clld.org/values/15-510-199-1>		<http://ids.clld.org/parameters/15-510>		<http://ids.clld.org/values/15-510-280-3>		"'hisna"@pcp	
"dąbŭ"@cu	<http://ids.clld.org/values/1-420-199-3>		<http://ids.clld.org/parameters/1-420>		<http://ids.clld.org/values/1-420-280-1>		"'hiwi"@pcp	
"dupina"@cu	<http://ids.clld.org/values/12-850-199-1>		<http://ids.clld.org/parameters/12-850>		<http://ids.clld.org/values/12-850-280-1>		"'kini"@pcp	
"rěka"@cu	<http://ids.clld.org/values/1-360-199-1>		<http://ids.clld.org/parameters/1-360>		<http://ids.clld.org/values/1-360-280-1>		"'ʔani"@pcp	
"rěka"@cu	<http://ids.clld.org/values/1-360-199-1>		<http://ids.clld.org/parameters/1-360>		<http://ids.clld.org/values/1-360-280-3>		"'pao"@pcp	
"usta"@cu	<http://ids.clld.org/values/4-240-199-1>		<http://ids.clld.org/parameters/4-240>		<http://ids.clld.org/values/4-240-280-1>		"kɨ'wɨči"@pcp	
"sąprągŭ"@cu	<http://ids.clld.org/values/2-310-199-3>		<http://ids.clld.org/parameters/2-310>		<http://ids.clld.org/values/2-310-280-1>		"'wɨnɨ"@pcp	
"kostĭ"@cu	<http://ids.clld.org/values/4-160-199-1>		<http://ids.clld.org/parameters/4-160>		<http://ids.clld.org/values/4-160-280-1>		"'ṣ̌ao"@pcp	
"popelŭ"@cu	<http://ids.clld.org/values/1-840-199-1>		<http://ids.clld.org/parameters/1-840>		<http://ids.clld.org/values/1-840-280-1>		"'mišpo"@pcp	
"(j)aviti"@cu	<http://ids.clld.org/values/15-550-199-3>		<http://ids.clld.org/parameters/15-550>		<http://ids.clld.org/values/15-550-280-1>		"hi-'maki"@pcp	
"pepelŭ"@cu	<http://ids.clld.org/values/1-840-199-3>		<http://ids.clld.org/parameters/1-840>		<http://ids.clld.org/values/1-840-280-1>		"'mišpo"@pcp	
"korenĭ"@cu	<http://ids.clld.org/values/8-540-199-1>		<http://ids.clld.org/parameters/8-540>		<http://ids.clld.org/values/8-540-280-1>		"ta'pono"@pcp	
"glava"@cu	<http://ids.clld.org/values/4-200-199-1>		<http://ids.clld.org/parameters/4-200>		<http://ids.clld.org/values/4-200-280-1>		"'mapo"@pcp	
"gromŭ"@cu	<http://ids.clld.org/values/1-560-199-1>		<http://ids.clld.org/parameters/1-560>		<http://ids.clld.org/values/1-560-280-1>		"'naina"@pcp	
"niva"@cu	<http://ids.clld.org/values/8-120-199-3>		<http://ids.clld.org/parameters/8-120>		<http://ids.clld.org/values/8-120-280-1>		"'wai"@pcp	
"brada"@cu	<http://ids.clld.org/values/4-142-199-1>		<http://ids.clld.org/parameters/4-142>		<http://ids.clld.org/values/4-142-280-1>		"'kɨni"@pcp	
"pŭtenĭcĭ"@cu	<http://ids.clld.org/values/3-550-199-3>		<http://ids.clld.org/parameters/3-550>		<http://ids.clld.org/values/3-550-280-1>		"pati'aři"@pcp	
"luna"@cu	<http://ids.clld.org/values/1-530-199-1>		<http://ids.clld.org/parameters/1-530>		<http://ids.clld.org/values/1-530-280-1>		"'ʔoṣ̌ɨ"@pcp	
"sěšti (-krojiti)"@cu	<http://ids.clld.org/values/9-220-199-3>		<http://ids.clld.org/parameters/9-220>		<http://ids.clld.org/values/9-220-280-1>		"'kɨɨsakia"@pcp	
"krŭvĭ"@cu	<http://ids.clld.org/values/4-150-199-1>		<http://ids.clld.org/parameters/4-150>		<http://ids.clld.org/values/4-150-280-1>		"'himi"@pcp	
"otĭcĭ"@cu	<http://ids.clld.org/values/2-350-199-1>		<http://ids.clld.org/parameters/2-350>		<http://ids.clld.org/values/2-350-280-1>		"'ɨpa"@pcp	
"otĭcĭ"@cu	<http://ids.clld.org/values/2-350-199-1>		<http://ids.clld.org/parameters/2-350>		<http://ids.clld.org/values/2-350-280-3>		"'ʔɨpa"@pcp	
"dĭnĭ"@cu	<http://ids.clld.org/values/14-410-199-1>		<http://ids.clld.org/parameters/14-410>		<http://ids.clld.org/values/14-410-280-1>		"'waři"@pcp	
"myti"@cu	<http://ids.clld.org/values/9-360-199-1>		<http://ids.clld.org/parameters/9-360>		<http://ids.clld.org/values/9-360-280-1>		"'aši"@pcp	
"daleče"@cu	<http://ids.clld.org/values/12-440-199-1>		<http://ids.clld.org/parameters/12-440>		<http://ids.clld.org/values/12-440-280-1>		"nɨ'ama"@pcp	
"cvětĭcĭ"@cu	<http://ids.clld.org/values/8-570-199-3>		<http://ids.clld.org/parameters/8-570>		<http://ids.clld.org/values/8-570-280-3>		"řeṣ̌'pana"@pcp	
"cvětĭcĭ"@cu	<http://ids.clld.org/values/8-570-199-3>		<http://ids.clld.org/parameters/8-570>		<http://ids.clld.org/values/8-570-280-1>		"'hoa"@pcp	
"sěkyra (brady)"@cu	<http://ids.clld.org/values/9-250-199-1>		<http://ids.clld.org/parameters/9-250>		<http://ids.clld.org/values/9-250-280-1>		"[hača]"@pcp	
"zĭrěti"@cu	<http://ids.clld.org/values/15-510-199-3>		<http://ids.clld.org/parameters/15-510>		<http://ids.clld.org/values/15-510-280-1>		"his'pa"@pcp	
"zĭrěti"@cu	<http://ids.clld.org/values/15-510-199-3>		<http://ids.clld.org/parameters/15-510>		<http://ids.clld.org/values/15-510-280-3>		"'hisna"@pcp	
"plakati"@cu	<http://ids.clld.org/values/9-360-199-3>		<http://ids.clld.org/parameters/9-360>		<http://ids.clld.org/values/9-360-280-1>		"'aši"@pcp	
"chudŭ"@cu	<http://ids.clld.org/values/12-560-199-3>		<http://ids.clld.org/parameters/12-560>		<http://ids.clld.org/values/12-560-280-1>		"'mišni"@pcp	
"gladŭ"@cu	<http://ids.clld.org/values/5-140-199-1>		<http://ids.clld.org/parameters/5-140>		<http://ids.clld.org/values/5-140-280-1>		"paṣ̌na'hai"@pcp	
"domŭ"@cu	<http://ids.clld.org/values/7-120-199-1>		<http://ids.clld.org/parameters/7-120>		<http://ids.clld.org/values/7-120-280-1>		"'ṣ̌owo"@pcp	
"mladĭnĭcĭ"@cu	<http://ids.clld.org/values/2-280-199-3>		<http://ids.clld.org/parameters/2-280>		<http://ids.clld.org/values/2-280-280-1>		"'wakɨ 'pistia"@pcp	
"dělati"@cu	<http://ids.clld.org/values/9-110-199-3>		<http://ids.clld.org/parameters/9-110>		<http://ids.clld.org/values/9-110-280-1>		"i'wɨ"@pcp	
"mąka"@cu	<http://ids.clld.org/values/5-550-199-1>		<http://ids.clld.org/parameters/5-550>		<http://ids.clld.org/values/5-550-280-1>		"'moto"@pcp	
"chyzŭ"@cu	<http://ids.clld.org/values/7-120-199-5>		<http://ids.clld.org/parameters/7-120>		<http://ids.clld.org/values/7-120-280-1>		"'ṣ̌owo"@pcp	
"měsęcĭ"@cu	<http://ids.clld.org/values/1-530-199-3>		<http://ids.clld.org/parameters/1-530>		<http://ids.clld.org/values/1-530-280-1>		"'ʔoṣ̌ɨ"@pcp	
"ucho"@cu	<http://ids.clld.org/values/4-220-199-1>		<http://ids.clld.org/parameters/4-220>		<http://ids.clld.org/values/4-220-280-1>		"'paʔoki"@pcp	
"ovoštĭ"@cu	<http://ids.clld.org/values/5-710-199-1>		<http://ids.clld.org/parameters/5-710>		<http://ids.clld.org/values/5-710-280-1>		"'kɨo"@pcp	
"nosŭ"@cu	<http://ids.clld.org/values/4-230-199-1>		<http://ids.clld.org/parameters/4-230>		<http://ids.clld.org/values/4-230-280-1>		"řɨ'kina"@pcp	
"dŭždĭ"@cu	<http://ids.clld.org/values/1-750-199-1>		<http://ids.clld.org/parameters/1-750>		<http://ids.clld.org/values/1-750-280-3>		"ʔo'i"@pcp	
"dŭždĭ"@cu	<http://ids.clld.org/values/1-750-199-1>		<http://ids.clld.org/parameters/1-750>		<http://ids.clld.org/values/1-750-280-1>		"o'i"@pcp	
"jętro"@cu	<http://ids.clld.org/values/4-450-199-1>		<http://ids.clld.org/parameters/4-450>		<http://ids.clld.org/values/4-450-280-1>		"'taka"@pcp	
"drěvo"@cu	<http://ids.clld.org/values/8-600-199-1>		<http://ids.clld.org/parameters/8-600>		<http://ids.clld.org/values/8-600-280-1>		"'hiwi"@pcp	
"pŭtica"@cu	<http://ids.clld.org/values/3-581-199-3>		<http://ids.clld.org/parameters/3-581>		<http://ids.clld.org/values/3-581-280-1>		"'isko"@pcp	
"golěnĭ"@cu	<http://ids.clld.org/values/4-350-199-1>		<http://ids.clld.org/parameters/4-350>		<http://ids.clld.org/values/4-350-280-1>		"'wiko"@pcp	
"rŭdrŭ"@cu	<http://ids.clld.org/values/15-660-199-5>		<http://ids.clld.org/parameters/15-660>		<http://ids.clld.org/values/15-660-280-1>		"'šini"@pcp	
"pokazati"@cu	<http://ids.clld.org/values/15-550-199-1>		<http://ids.clld.org/parameters/15-550>		<http://ids.clld.org/values/15-550-280-1>		"hi-'maki"@pcp	
"ostrŭ"@cu	<http://ids.clld.org/values/15-780-199-1>		<http://ids.clld.org/parameters/15-780>		<http://ids.clld.org/values/15-780-280-1>		"'ɨika"@pcp	
"drěvo"@cu	<http://ids.clld.org/values/1-420-199-1>		<http://ids.clld.org/parameters/1-420>		<http://ids.clld.org/values/1-420-280-1>		"'hiwi"@pcp	
