"rešti"@cu	<http://ids.clld.org/values/18-220-199-1>		<http://ids.clld.org/parameters/18-220>		<http://ids.clld.org/values/18-220-286-1>		"tomiʔ šoʔ"@pav	
"studenŭ"@cu	<http://ids.clld.org/values/15-860-199-1>		<http://ids.clld.org/parameters/15-860>		<http://ids.clld.org/values/15-860-286-1>		"šio"@pav	
"studenŭ"@cu	<http://ids.clld.org/values/15-860-199-1>		<http://ids.clld.org/parameters/15-860>		<http://ids.clld.org/values/15-860-286-3>		"kapinʔ"@pav	
"malo"@cu	<http://ids.clld.org/values/13-170-199-1>		<http://ids.clld.org/parameters/13-170>		<http://ids.clld.org/values/13-170-286-1>		"parek"@pav	
"opašĭ"@cu	<http://ids.clld.org/values/4-180-199-1>		<http://ids.clld.org/parameters/4-180>		<http://ids.clld.org/values/4-180-286-1>		"kahwerein"@pav	
"drŭva"@cu	<http://ids.clld.org/values/1-430-199-1>		<http://ids.clld.org/parameters/1-430>		<http://ids.clld.org/values/1-430-286-1>		"pana"@pav	
"kolěno"@cu	<http://ids.clld.org/values/4-360-199-1>		<http://ids.clld.org/parameters/4-360>		<http://ids.clld.org/values/4-360-286-1>		"karamašiʔ (karam)"@pav	
"pluti"@cu	<http://ids.clld.org/values/10-350-199-1>		<http://ids.clld.org/parameters/10-350>		<http://ids.clld.org/values/10-350-286-3>		"panʔ karakam"@pav	
"pluti"@cu	<http://ids.clld.org/values/10-350-199-1>		<http://ids.clld.org/parameters/10-350>		<http://ids.clld.org/values/10-350-286-1>		"panʔ kam"@pav	
"zelenŭ"@cu	<http://ids.clld.org/values/15-680-199-1>		<http://ids.clld.org/parameters/15-680>		<http://ids.clld.org/values/15-680-286-1>		"tb̃um"@pav	
"dymǎ"@cu	<http://ids.clld.org/values/1-830-199-1>		<http://ids.clld.org/parameters/1-830>		<http://ids.clld.org/values/1-830-286-1>		"tainʔ"@pav	
"udariti"@cu	<http://ids.clld.org/values/9-210-199-3>		<http://ids.clld.org/parameters/9-210>		<http://ids.clld.org/values/9-210-286-1>		"toʔ"@pav	
"slŭnĭce"@cu	<http://ids.clld.org/values/1-520-199-1>		<http://ids.clld.org/parameters/1-520>		<http://ids.clld.org/values/1-520-286-1>		"šina"@pav	
"věděti"@cu	<http://ids.clld.org/values/17-170-199-1>		<http://ids.clld.org/parameters/17-170>		<http://ids.clld.org/values/17-170-286-1>		"tašiʔ"@pav	
"věděti"@cu	<http://ids.clld.org/values/17-170-199-1>		<http://ids.clld.org/parameters/17-170>		<http://ids.clld.org/values/17-170-286-3>		"kerek"@pav	
"věděti"@cu	<http://ids.clld.org/values/17-170-199-1>		<http://ids.clld.org/parameters/17-170>		<http://ids.clld.org/values/17-170-286-5>		"kerek pinʔ"@pav	
"mokrŭ"@cu	<http://ids.clld.org/values/15-830-199-1>		<http://ids.clld.org/parameters/15-830>		<http://ids.clld.org/values/15-830-286-1>		"šoʔ"@pav	
"pĭsŭ"@cu	<http://ids.clld.org/values/3-610-199-1>		<http://ids.clld.org/parameters/3-610>		<http://ids.clld.org/values/3-610-286-1>		"oromiyak"@pav	
"oko"@cu	<http://ids.clld.org/values/4-210-199-1>		<http://ids.clld.org/parameters/4-210>		<http://ids.clld.org/values/4-210-286-1>		"tokošiʔ (tok)"@pav	
"gręsti"@cu	<http://ids.clld.org/values/10-480-199-3>		<http://ids.clld.org/parameters/10-480>		<http://ids.clld.org/values/10-480-286-1>		"makiʔ"@pav	
"rąka"@cu	<http://ids.clld.org/values/4-330-199-1>		<http://ids.clld.org/parameters/4-330>		<http://ids.clld.org/values/4-330-286-1>		"mišiʔ"@pav	
"rąka"@cu	<http://ids.clld.org/values/4-330-199-1>		<http://ids.clld.org/parameters/4-330>		<http://ids.clld.org/values/4-330-286-3>		"(umʔ)"@pav	
"pĭrěti sę"@cu	<http://ids.clld.org/values/20-110-199-1>		<http://ids.clld.org/parameters/20-110>		<http://ids.clld.org/values/20-110-286-1>		"mišita"@pav	
"bělŭ"@cu	<http://ids.clld.org/values/15-640-199-1>		<http://ids.clld.org/parameters/15-640>		<http://ids.clld.org/values/15-640-286-1>		"towoʔ"@pav	
"sŭsŭ"@cu	<http://ids.clld.org/values/4-410-199-1>		<http://ids.clld.org/parameters/4-410>		<http://ids.clld.org/values/4-410-286-1>		"karašišiʔ (katat)"@pav	
"poletěti"@cu	<http://ids.clld.org/values/10-370-199-1>		<http://ids.clld.org/parameters/10-370>		<http://ids.clld.org/values/10-370-286-3>		"toin"@pav	
"poletěti"@cu	<http://ids.clld.org/values/10-370-199-1>		<http://ids.clld.org/parameters/10-370>		<http://ids.clld.org/values/10-370-286-1>		"takiʔ"@pav	
"drŭžati"@cu	<http://ids.clld.org/values/11-150-199-1>		<http://ids.clld.org/parameters/11-150>		<http://ids.clld.org/values/11-150-286-1>		"kep"@pav	
"strachŭ"@cu	<http://ids.clld.org/values/16-530-199-1>		<http://ids.clld.org/parameters/16-530>		<http://ids.clld.org/values/16-530-286-1>		"yinʔ"@pav	
"mąžĭ"@cu	<http://ids.clld.org/values/2-210-199-1>		<http://ids.clld.org/parameters/2-210>		<http://ids.clld.org/values/2-210-286-1>		"taramaʔ"@pav	
"ząbŭ"@cu	<http://ids.clld.org/values/4-270-199-1>		<http://ids.clld.org/parameters/4-270>		<http://ids.clld.org/values/4-270-286-1>		"šišiʔ (yat)"@pav	
"voda"@cu	<http://ids.clld.org/values/1-310-199-1>		<http://ids.clld.org/parameters/1-310>		<http://ids.clld.org/values/1-310-286-1>		"kom (komišiʔ)"@pav	
"oblakŭ"@cu	<http://ids.clld.org/values/1-730-199-1>		<http://ids.clld.org/parameters/1-730>		<http://ids.clld.org/values/1-730-286-1>		"tayain nanawin"@pav	
"pravĭdĭnŭ"@cu	<http://ids.clld.org/values/16-730-199-1>		<http://ids.clld.org/parameters/16-730>		<http://ids.clld.org/values/16-730-286-1>		"šoʔ"@pav	
"zvězda"@cu	<http://ids.clld.org/values/1-540-199-1>		<http://ids.clld.org/parameters/1-540>		<http://ids.clld.org/values/1-540-286-1>		"piyoʔ"@pav	
"tokŭ"@cu	<http://ids.clld.org/values/1-360-199-3>		<http://ids.clld.org/parameters/1-360>		<http://ids.clld.org/values/1-360-286-1>		"kom"@pav	
"pluti"@cu	<http://ids.clld.org/values/10-340-199-1>		<http://ids.clld.org/parameters/10-340>		<http://ids.clld.org/values/10-340-286-1>		"ho"@pav	
"pluti"@cu	<http://ids.clld.org/values/10-340-199-1>		<http://ids.clld.org/parameters/10-340>		<http://ids.clld.org/values/10-340-286-3>		"horoho"@pav	
"šujĭ"@cu	<http://ids.clld.org/values/12-420-199-1>		<http://ids.clld.org/parameters/12-420>		<http://ids.clld.org/values/12-420-286-1>		"parayišiʔ"@pav	
"potokŭ"@cu	<http://ids.clld.org/values/1-360-199-5>		<http://ids.clld.org/parameters/1-360>		<http://ids.clld.org/values/1-360-286-1>		"kom"@pav	
"črŭvĭ"@cu	<http://ids.clld.org/values/3-840-199-1>		<http://ids.clld.org/parameters/3-840>		<http://ids.clld.org/values/3-840-286-1>		"meteʔ"@pav	
"sŭsati"@cu	<http://ids.clld.org/values/5-160-199-1>		<http://ids.clld.org/parameters/5-160>		<http://ids.clld.org/values/5-160-286-1>		"šok"@pav	
"sŭsati"@cu	<http://ids.clld.org/values/5-160-199-1>		<http://ids.clld.org/parameters/5-160>		<http://ids.clld.org/values/5-160-286-3>		"šak"@pav	
"loza"@cu	<http://ids.clld.org/values/8-670-199-1>		<http://ids.clld.org/parameters/8-670>		<http://ids.clld.org/values/8-670-286-1>		"makon (makorišiʔ)"@pav	
"dobrŭ"@cu	<http://ids.clld.org/values/16-710-199-1>		<http://ids.clld.org/parameters/16-710>		<http://ids.clld.org/values/16-710-286-1>		"awi"@pav	
"tĭnŭkŭ"@cu	<http://ids.clld.org/values/12-650-199-1>		<http://ids.clld.org/parameters/12-650>		<http://ids.clld.org/values/12-650-286-1>		"šašiʔ"@pav	
"noga"@cu	<http://ids.clld.org/values/4-370-199-1>		<http://ids.clld.org/parameters/4-370>		<http://ids.clld.org/values/4-370-286-1>		"kašimašiʔ (kašim)"@pav	
"kŭžĭdo"@cu	<http://ids.clld.org/values/13-140-199-3>		<http://ids.clld.org/parameters/13-140>		<http://ids.clld.org/values/13-140-286-1>		"šam"@pav	
"listŭ"@cu	<http://ids.clld.org/values/8-560-199-1>		<http://ids.clld.org/parameters/8-560>		<http://ids.clld.org/values/8-560-286-1>		"tenenein"@pav	
"nebo"@cu	<http://ids.clld.org/values/1-510-199-1>		<http://ids.clld.org/parameters/1-510>		<http://ids.clld.org/values/1-510-286-1>		"nanawin"@pav	
"gněvŭ"@cu	<http://ids.clld.org/values/16-420-199-1>		<http://ids.clld.org/parameters/16-420>		<http://ids.clld.org/values/16-420-286-1>		"manaʔ"@pav	
"malŭ"@cu	<http://ids.clld.org/values/12-560-199-1>		<http://ids.clld.org/parameters/12-560>		<http://ids.clld.org/values/12-560-286-1>		"wiyimain"@pav	
"duchŭ"@cu	<http://ids.clld.org/values/4-510-199-5>		<http://ids.clld.org/parameters/4-510>		<http://ids.clld.org/values/4-510-286-1>		"wereme"@pav	
"srŭdĭce"@cu	<http://ids.clld.org/values/4-440-199-1>		<http://ids.clld.org/parameters/4-440>		<http://ids.clld.org/values/4-440-286-1>		"šimišiʔ (šim)"@pav	
"trěti"@cu	<http://ids.clld.org/values/9-310-199-1>		<http://ids.clld.org/parameters/9-310>		<http://ids.clld.org/values/9-310-286-1>		"šik"@pav	
"plŭtĭ"@cu	<http://ids.clld.org/values/4-130-199-1>		<http://ids.clld.org/parameters/4-130>		<http://ids.clld.org/values/4-130-286-1>		"kwerešiʔ"@pav	
"dati"@cu	<http://ids.clld.org/values/11-210-199-1>		<http://ids.clld.org/parameters/11-210>		<http://ids.clld.org/values/11-210-286-1>		"miʔ"@pav	
"pluti"@cu	<http://ids.clld.org/values/10-320-199-3>		<http://ids.clld.org/parameters/10-320>		<http://ids.clld.org/values/10-320-286-3>		"weweweo"@pav	
"pluti"@cu	<http://ids.clld.org/values/10-320-199-3>		<http://ids.clld.org/parameters/10-320>		<http://ids.clld.org/values/10-320-286-1>		"weo"@pav	
"očesŭ"@cu	<http://ids.clld.org/values/4-180-199-3>		<http://ids.clld.org/parameters/4-180>		<http://ids.clld.org/values/4-180-286-1>		"kahwerein"@pav	
"pasti"@cu	<http://ids.clld.org/values/10-230-199-1>		<http://ids.clld.org/parameters/10-230>		<http://ids.clld.org/values/10-230-286-3>		"kamaraʔ"@pav	
"pasti"@cu	<http://ids.clld.org/values/10-230-199-1>		<http://ids.clld.org/parameters/10-230>		<http://ids.clld.org/values/10-230-286-1>		"panʔ"@pav	
"velikŭ"@cu	<http://ids.clld.org/values/12-550-199-3>		<http://ids.clld.org/parameters/12-550>		<http://ids.clld.org/values/12-550-286-1>		"hwaraʔ"@pav	
"velikŭ"@cu	<http://ids.clld.org/values/12-550-199-3>		<http://ids.clld.org/parameters/12-550>		<http://ids.clld.org/values/12-550-286-3>		"horon"@pav	
"stojati"@cu	<http://ids.clld.org/values/12-150-199-1>		<http://ids.clld.org/parameters/12-150>		<http://ids.clld.org/values/12-150-286-1>		"tekiʔ pe"@pav	
"stojati"@cu	<http://ids.clld.org/values/12-150-199-1>		<http://ids.clld.org/parameters/12-150>		<http://ids.clld.org/values/12-150-286-3>		"tekiʔ to"@pav	
"trava"@cu	<http://ids.clld.org/values/8-510-199-1>		<http://ids.clld.org/parameters/8-510>		<http://ids.clld.org/values/8-510-286-1>		"tononoin"@pav	
"vrŭvĭ"@cu	<http://ids.clld.org/values/9-190-199-1>		<http://ids.clld.org/parameters/9-190>		<http://ids.clld.org/values/9-190-286-1>		"makon (makorišiʔ)"@pav	
"glagolati"@cu	<http://ids.clld.org/values/18-210-199-1>		<http://ids.clld.org/parameters/18-210>		<http://ids.clld.org/values/18-210-286-1>		"tomiʔ"@pav	
"umoriti"@cu	<http://ids.clld.org/values/4-760-199-3>		<http://ids.clld.org/parameters/4-760>		<http://ids.clld.org/values/4-760-286-1>		"paʔ"@pav	
"zemlja"@cu	<http://ids.clld.org/values/1-210-199-1>		<http://ids.clld.org/parameters/1-210>		<http://ids.clld.org/values/1-210-286-1>		"makanʔ"@pav	
"językŭ"@cu	<http://ids.clld.org/values/4-260-199-1>		<http://ids.clld.org/parameters/4-260>		<http://ids.clld.org/values/4-260-286-1>		"petehwet nešiʔ (petehwet)"@pav	
"lěto"@cu	<http://ids.clld.org/values/14-730-199-1>		<http://ids.clld.org/parameters/14-730>		<http://ids.clld.org/values/14-730-286-1>		"kawašiʔ"@pav	
"tęžĭkŭ"@cu	<http://ids.clld.org/values/15-810-199-1>		<http://ids.clld.org/parameters/15-810>		<http://ids.clld.org/values/15-810-286-3>		"taʔ man"@pav	
"tęžĭkŭ"@cu	<http://ids.clld.org/values/15-810-199-1>		<http://ids.clld.org/parameters/15-810>		<http://ids.clld.org/values/15-810-286-1>		"šite"@pav	
"tęžĭkŭ"@cu	<http://ids.clld.org/values/15-810-199-1>		<http://ids.clld.org/parameters/15-810>		<http://ids.clld.org/values/15-810-286-5>		"teʔ man"@pav	
"plavati"@cu	<http://ids.clld.org/values/10-340-199-3>		<http://ids.clld.org/parameters/10-340>		<http://ids.clld.org/values/10-340-286-1>		"ho"@pav	
"plavati"@cu	<http://ids.clld.org/values/10-340-199-3>		<http://ids.clld.org/parameters/10-340>		<http://ids.clld.org/values/10-340-286-3>		"horoho"@pav	
"koža"@cu	<http://ids.clld.org/values/4-120-199-1>		<http://ids.clld.org/parameters/4-120>		<http://ids.clld.org/values/4-120-286-1>		"taparišiʔ"@pav	
"věštati"@cu	<http://ids.clld.org/values/18-210-199-3>		<http://ids.clld.org/parameters/18-210>		<http://ids.clld.org/values/18-210-286-1>		"tomiʔ"@pav	
"razuměti"@cu	<http://ids.clld.org/values/17-170-199-3>		<http://ids.clld.org/parameters/17-170>		<http://ids.clld.org/values/17-170-286-1>		"tašiʔ"@pav	
"razuměti"@cu	<http://ids.clld.org/values/17-170-199-3>		<http://ids.clld.org/parameters/17-170>		<http://ids.clld.org/values/17-170-286-3>		"kerek"@pav	
"razuměti"@cu	<http://ids.clld.org/values/17-170-199-3>		<http://ids.clld.org/parameters/17-170>		<http://ids.clld.org/values/17-170-286-5>		"kerek pinʔ"@pav	
"pljĭvati"@cu	<http://ids.clld.org/values/4-560-199-1>		<http://ids.clld.org/parameters/4-560>		<http://ids.clld.org/values/4-560-286-1>		"hupaʔ"@pav	
"životŭ"@cu	<http://ids.clld.org/values/4-740-199-5>		<http://ids.clld.org/parameters/4-740>		<http://ids.clld.org/values/4-740-286-1>		"eʔ"@pav	
"ryba"@cu	<http://ids.clld.org/values/3-650-199-1>		<http://ids.clld.org/parameters/3-650>		<http://ids.clld.org/values/3-650-286-1>		"hwam (hwamišiʔ)"@pav	
"męso"@cu	<http://ids.clld.org/values/4-130-199-3>		<http://ids.clld.org/parameters/4-130>		<http://ids.clld.org/values/4-130-286-1>		"kwerešiʔ"@pav	
"šija"@cu	<http://ids.clld.org/values/4-280-199-3>		<http://ids.clld.org/parameters/4-280>		<http://ids.clld.org/values/4-280-286-1>		"paramašiʔ"@pav	
"pěsŭkŭ"@cu	<http://ids.clld.org/values/1-215-199-1>		<http://ids.clld.org/parameters/1-215>		<http://ids.clld.org/values/1-215-286-1>		"namayi"@pav	
"blagŭ"@cu	<http://ids.clld.org/values/16-710-199-3>		<http://ids.clld.org/parameters/16-710>		<http://ids.clld.org/values/16-710-286-1>		"awi"@pav	
"cvětŭ"@cu	<http://ids.clld.org/values/8-570-199-1>		<http://ids.clld.org/parameters/8-570>		<http://ids.clld.org/values/8-570-286-3>		"wiyein"@pav	
"cvětŭ"@cu	<http://ids.clld.org/values/8-570-199-1>		<http://ids.clld.org/parameters/8-570>		<http://ids.clld.org/values/8-570-286-1>		"piwain"@pav	
"bojaznĭ"@cu	<http://ids.clld.org/values/16-530-199-3>		<http://ids.clld.org/parameters/16-530>		<http://ids.clld.org/values/16-530-286-1>		"yinʔ"@pav	
"ąchati"@cu	<http://ids.clld.org/values/15-210-199-3>		<http://ids.clld.org/parameters/15-210>		<http://ids.clld.org/values/15-210-286-3>		"hu"@pav	
"ąchati"@cu	<http://ids.clld.org/values/15-210-199-3>		<http://ids.clld.org/parameters/15-210>		<http://ids.clld.org/values/15-210-286-1>		"nak"@pav	
"gora"@cu	<http://ids.clld.org/values/1-220-199-1>		<http://ids.clld.org/parameters/1-220>		<http://ids.clld.org/values/1-220-286-1>		"pakun"@pav	
"męso"@cu	<http://ids.clld.org/values/5-610-199-1>		<http://ids.clld.org/parameters/5-610>		<http://ids.clld.org/values/5-610-286-1>		"karawa (karamayišiʔ)"@pav	
"ognĭ"@cu	<http://ids.clld.org/values/1-810-199-1>		<http://ids.clld.org/parameters/1-810>		<http://ids.clld.org/values/1-810-286-1>		"še"@pav	
"krątiti"@cu	<http://ids.clld.org/values/10-130-199-1>		<http://ids.clld.org/parameters/10-130>		<http://ids.clld.org/values/10-130-286-1>		"yami"@pav	
"črĭvenŭ"@cu	<http://ids.clld.org/values/15-660-199-3>		<http://ids.clld.org/parameters/15-660>		<http://ids.clld.org/values/15-660-286-1>		"pakaʔ"@pav	
"rězati"@cu	<http://ids.clld.org/values/9-220-199-1>		<http://ids.clld.org/parameters/9-220>		<http://ids.clld.org/values/9-220-286-7>		"nakarkamʔ"@pav	
"rězati"@cu	<http://ids.clld.org/values/9-220-199-1>		<http://ids.clld.org/parameters/9-220>		<http://ids.clld.org/values/9-220-286-3>		"wawak"@pav	
"rězati"@cu	<http://ids.clld.org/values/9-220-199-1>		<http://ids.clld.org/parameters/9-220>		<http://ids.clld.org/values/9-220-286-9>		"ta"@pav	
"rězati"@cu	<http://ids.clld.org/values/9-220-199-1>		<http://ids.clld.org/parameters/9-220>		<http://ids.clld.org/values/9-220-286-5>		"nakamʔ"@pav	
"rězati"@cu	<http://ids.clld.org/values/9-220-199-1>		<http://ids.clld.org/parameters/9-220>		<http://ids.clld.org/values/9-220-286-1>		"wak"@pav	
"sąprągŭ"@cu	<http://ids.clld.org/values/2-320-199-3>		<http://ids.clld.org/parameters/2-320>		<http://ids.clld.org/values/2-320-286-1>		"mana"@pav	
"lěvŭ"@cu	<http://ids.clld.org/values/12-420-199-3>		<http://ids.clld.org/parameters/12-420>		<http://ids.clld.org/values/12-420-286-1>		"parayišiʔ"@pav	
"igrati"@cu	<http://ids.clld.org/values/16-260-199-1>		<http://ids.clld.org/parameters/16-260>		<http://ids.clld.org/values/16-260-286-1>		"warayu"@pav	
"cěpiti"@cu	<http://ids.clld.org/values/9-270-199-1>		<http://ids.clld.org/parameters/9-270>		<http://ids.clld.org/values/9-270-286-1>		"toʔ pahot"@pav	
"cěpiti"@cu	<http://ids.clld.org/values/9-270-199-1>		<http://ids.clld.org/parameters/9-270>		<http://ids.clld.org/values/9-270-286-3>		"toʔ pahorohot"@pav	
"pŭta"@cu	<http://ids.clld.org/values/3-581-199-1>		<http://ids.clld.org/parameters/3-581>		<http://ids.clld.org/values/3-581-286-1>		"me"@pav	
"ryti"@cu	<http://ids.clld.org/values/8-220-199-3>		<http://ids.clld.org/parameters/8-220>		<http://ids.clld.org/values/8-220-286-1>		"še"@pav	
"ryti"@cu	<http://ids.clld.org/values/8-220-199-3>		<http://ids.clld.org/parameters/8-220>		<http://ids.clld.org/values/8-220-286-3>		"šikeʔ"@pav	
"prachŭ"@cu	<http://ids.clld.org/values/1-213-199-1>		<http://ids.clld.org/parameters/1-213>		<http://ids.clld.org/values/1-213-286-1>		"tainʔ"@pav	
"člověkŭ"@cu	<http://ids.clld.org/values/2-100-199-1>		<http://ids.clld.org/parameters/2-100>		<http://ids.clld.org/values/2-100-286-1>		"wariʔ"@pav	
"mąžĭ"@cu	<http://ids.clld.org/values/2-310-199-1>		<http://ids.clld.org/parameters/2-310>		<http://ids.clld.org/values/2-310-286-1>		"taši"@pav	
"kopati"@cu	<http://ids.clld.org/values/8-220-199-1>		<http://ids.clld.org/parameters/8-220>		<http://ids.clld.org/values/8-220-286-1>		"še"@pav	
"kopati"@cu	<http://ids.clld.org/values/8-220-199-1>		<http://ids.clld.org/parameters/8-220>		<http://ids.clld.org/values/8-220-286-3>		"šikeʔ"@pav	
"črŭmĭnŭ"@cu	<http://ids.clld.org/values/15-660-199-1>		<http://ids.clld.org/parameters/15-660>		<http://ids.clld.org/values/15-660-286-1>		"pakaʔ"@pav	
"sŭpati"@cu	<http://ids.clld.org/values/4-610-199-1>		<http://ids.clld.org/parameters/4-610>		<http://ids.clld.org/values/4-610-286-1>		"piʔam"@pav	
"(o)kruglŭ"@cu	<http://ids.clld.org/values/12-810-199-1>		<http://ids.clld.org/parameters/12-810>		<http://ids.clld.org/values/12-810-286-1>		"monoʔo"@pav	
"mati"@cu	<http://ids.clld.org/values/2-360-199-1>		<http://ids.clld.org/parameters/2-360>		<http://ids.clld.org/values/2-360-286-1>		"naʔ"@pav	
"pověděti"@cu	<http://ids.clld.org/values/18-220-199-3>		<http://ids.clld.org/parameters/18-220>		<http://ids.clld.org/values/18-220-286-1>		"tomiʔ šoʔ"@pav	
"vlasŭ"@cu	<http://ids.clld.org/values/4-140-199-1>		<http://ids.clld.org/parameters/4-140>		<http://ids.clld.org/values/4-140-286-1>		"tenenešiʔ"@pav	
"vlasŭ"@cu	<http://ids.clld.org/values/4-140-199-1>		<http://ids.clld.org/parameters/4-140>		<http://ids.clld.org/values/4-140-286-3>		"tenenein (šun)"@pav	
"žena"@cu	<http://ids.clld.org/values/2-320-199-1>		<http://ids.clld.org/parameters/2-320>		<http://ids.clld.org/values/2-320-286-1>		"mana"@pav	
"duchati"@cu	<http://ids.clld.org/values/10-380-199-1>		<http://ids.clld.org/parameters/10-380>		<http://ids.clld.org/values/10-380-286-3>		"hukoʔ"@pav	
"duchati"@cu	<http://ids.clld.org/values/10-380-199-1>		<http://ids.clld.org/parameters/10-380>		<http://ids.clld.org/values/10-380-286-1>		"hu"@pav	
"ajĭce"@cu	<http://ids.clld.org/values/5-970-199-1>		<http://ids.clld.org/parameters/5-970>		<http://ids.clld.org/values/5-970-286-1>		"arayein"@pav	
"debelŭ"@cu	<http://ids.clld.org/values/12-630-199-1>		<http://ids.clld.org/parameters/12-630>		<http://ids.clld.org/values/12-630-286-1>		"kwere"@pav	
"jarostì"@cu	<http://ids.clld.org/values/16-420-199-3>		<http://ids.clld.org/parameters/16-420>		<http://ids.clld.org/values/16-420-286-1>		"manaʔ"@pav	
"choditi"@cu	<http://ids.clld.org/values/10-450-199-3>		<http://ids.clld.org/parameters/10-450>		<http://ids.clld.org/values/10-450-286-1>		"šut"@pav	
"choditi"@cu	<http://ids.clld.org/values/10-450-199-3>		<http://ids.clld.org/parameters/10-450>		<http://ids.clld.org/values/10-450-286-3>		"šurušut"@pav	
"sěděti"@cu	<http://ids.clld.org/values/12-130-199-1>		<http://ids.clld.org/parameters/12-130>		<http://ids.clld.org/values/12-130-286-1>		"šaoʔ pe"@pav	
"sěděti"@cu	<http://ids.clld.org/values/12-130-199-1>		<http://ids.clld.org/parameters/12-130>		<http://ids.clld.org/values/12-130-286-3>		"šaoʔ to"@pav	
"starŭ"@cu	<http://ids.clld.org/values/14-150-199-3>		<http://ids.clld.org/parameters/14-150>		<http://ids.clld.org/values/14-150-286-1>		"maraʔ"@pav	
"starŭ"@cu	<http://ids.clld.org/values/14-150-199-3>		<http://ids.clld.org/parameters/14-150>		<http://ids.clld.org/values/14-150-286-3>		"horon"@pav	
"žena"@cu	<http://ids.clld.org/values/2-220-199-1>		<http://ids.clld.org/parameters/2-220>		<http://ids.clld.org/values/2-220-286-1>		"narimaʔ"@pav	
"krilo"@cu	<http://ids.clld.org/values/4-392-199-1>		<http://ids.clld.org/parameters/4-392>		<http://ids.clld.org/values/4-392-286-1>		"tapaši"@pav	
"črŭnŭ"@cu	<http://ids.clld.org/values/15-650-199-1>		<http://ids.clld.org/parameters/15-650>		<http://ids.clld.org/values/15-650-286-1>		"mišem"@pav	
"dąbŭ"@cu	<http://ids.clld.org/values/8-600-199-3>		<http://ids.clld.org/parameters/8-600>		<http://ids.clld.org/values/8-600-286-1>		"pana"@pav	
"mrŭtvŭ"@cu	<http://ids.clld.org/values/4-750-199-3>		<http://ids.clld.org/parameters/4-750>		<http://ids.clld.org/values/4-750-286-3>		"konoʔ"@pav	
"mrŭtvŭ"@cu	<http://ids.clld.org/values/4-750-199-3>		<http://ids.clld.org/parameters/4-750>		<http://ids.clld.org/values/4-750-286-1>		"miʔ pin"@pav	
"pěti"@cu	<http://ids.clld.org/values/18-120-199-1>		<http://ids.clld.org/parameters/18-120>		<http://ids.clld.org/values/18-120-286-1>		"kom"@pav	
"slyšati"@cu	<http://ids.clld.org/values/15-410-199-1>		<http://ids.clld.org/parameters/15-410>		<http://ids.clld.org/values/15-410-286-1>		"tarayu"@pav	
"viděti"@cu	<http://ids.clld.org/values/15-510-199-1>		<http://ids.clld.org/parameters/15-510>		<http://ids.clld.org/values/15-510-286-1>		"kerek"@pav	
"desnŭ"@cu	<http://ids.clld.org/values/12-410-199-1>		<http://ids.clld.org/parameters/12-410>		<http://ids.clld.org/values/12-410-286-1>		"irikwerešiʔ"@pav	
"tlěšti"@cu	<http://ids.clld.org/values/9-210-199-5>		<http://ids.clld.org/parameters/9-210>		<http://ids.clld.org/values/9-210-286-1>		"toʔ"@pav	
"dychati"@cu	<http://ids.clld.org/values/4-510-199-1>		<http://ids.clld.org/parameters/4-510>		<http://ids.clld.org/values/4-510-286-1>		"wereme"@pav	
"dąbŭ"@cu	<http://ids.clld.org/values/1-420-199-3>		<http://ids.clld.org/parameters/1-420>		<http://ids.clld.org/values/1-420-286-1>		"pana"@pav	
"rěka"@cu	<http://ids.clld.org/values/1-360-199-1>		<http://ids.clld.org/parameters/1-360>		<http://ids.clld.org/values/1-360-286-1>		"kom"@pav	
"vlěšti (tęgnąti)"@cu	<http://ids.clld.org/values/9-330-199-1>		<http://ids.clld.org/parameters/9-330>		<http://ids.clld.org/values/9-330-286-1>		"kök"@pav	
"pero"@cu	<http://ids.clld.org/values/4-393-199-1>		<http://ids.clld.org/parameters/4-393>		<http://ids.clld.org/values/4-393-286-1>		"tenenein (šun)"@pav	
"ubiti"@cu	<http://ids.clld.org/values/4-760-199-1>		<http://ids.clld.org/parameters/4-760>		<http://ids.clld.org/values/4-760-286-1>		"paʔ"@pav	
"stĭdza"@cu	<http://ids.clld.org/values/10-720-199-3>		<http://ids.clld.org/parameters/10-720>		<http://ids.clld.org/values/10-720-286-1>		"wana (wanayišiʔ)"@pav	
"vetŭchŭ"@cu	<http://ids.clld.org/values/14-150-199-1>		<http://ids.clld.org/parameters/14-150>		<http://ids.clld.org/values/14-150-286-1>		"maraʔ"@pav	
"vetŭchŭ"@cu	<http://ids.clld.org/values/14-150-199-1>		<http://ids.clld.org/parameters/14-150>		<http://ids.clld.org/values/14-150-286-3>		"horon"@pav	
"sěmę"@cu	<http://ids.clld.org/values/8-311-199-3>		<http://ids.clld.org/parameters/8-311>		<http://ids.clld.org/values/8-311-286-1>		"tokwi"@pav	
"usta"@cu	<http://ids.clld.org/values/4-240-199-1>		<http://ids.clld.org/parameters/4-240>		<http://ids.clld.org/values/4-240-286-1>		"kapiyašiʔ (topak)"@pav	
"zvěrĭ"@cu	<http://ids.clld.org/values/3-110-199-3>		<http://ids.clld.org/parameters/3-110>		<http://ids.clld.org/values/3-110-286-1>		"karawa"@pav	
"sąprągŭ"@cu	<http://ids.clld.org/values/2-310-199-3>		<http://ids.clld.org/parameters/2-310>		<http://ids.clld.org/values/2-310-286-1>		"taši"@pav	
"iti"@cu	<http://ids.clld.org/values/10-450-199-1>		<http://ids.clld.org/parameters/10-450>		<http://ids.clld.org/values/10-450-286-1>		"šut"@pav	
"iti"@cu	<http://ids.clld.org/values/10-450-199-1>		<http://ids.clld.org/parameters/10-450>		<http://ids.clld.org/values/10-450-286-3>		"šurušut"@pav	
"kostĭ"@cu	<http://ids.clld.org/values/4-160-199-1>		<http://ids.clld.org/parameters/4-160>		<http://ids.clld.org/values/4-160-286-1>		"arašiʔ (at)"@pav	
"šiti"@cu	<http://ids.clld.org/values/6-350-199-1>		<http://ids.clld.org/parameters/6-350>		<http://ids.clld.org/values/6-350-286-1>		"ok"@pav	
"sěti"@cu	<http://ids.clld.org/values/8-311-199-1>		<http://ids.clld.org/parameters/8-311>		<http://ids.clld.org/values/8-311-286-1>		"tokwi"@pav	
"popelŭ"@cu	<http://ids.clld.org/values/1-840-199-1>		<http://ids.clld.org/parameters/1-840>		<http://ids.clld.org/values/1-840-286-1>		"topakon"@pav	
"pepelŭ"@cu	<http://ids.clld.org/values/1-840-199-3>		<http://ids.clld.org/parameters/1-840>		<http://ids.clld.org/values/1-840-286-1>		"topakon"@pav	
"chribŭtŭ"@cu	<http://ids.clld.org/values/4-190-199-1>		<http://ids.clld.org/parameters/4-190>		<http://ids.clld.org/values/4-190-286-1>		"warašiʔ"@pav	
"korenĭ"@cu	<http://ids.clld.org/values/8-540-199-1>		<http://ids.clld.org/parameters/8-540>		<http://ids.clld.org/values/8-540-286-1>		"kašimain"@pav	
"tešti"@cu	<http://ids.clld.org/values/10-320-199-1>		<http://ids.clld.org/parameters/10-320>		<http://ids.clld.org/values/10-320-286-3>		"weweweo"@pav	
"tešti"@cu	<http://ids.clld.org/values/10-320-199-1>		<http://ids.clld.org/parameters/10-320>		<http://ids.clld.org/values/10-320-286-1>		"weo"@pav	
"glava"@cu	<http://ids.clld.org/values/4-200-199-1>		<http://ids.clld.org/parameters/4-200>		<http://ids.clld.org/values/4-200-286-1>		"winašiʔ (wayiʔ)"@pav	
"kamy"@cu	<http://ids.clld.org/values/1-440-199-1>		<http://ids.clld.org/parameters/1-440>		<http://ids.clld.org/values/1-440-286-1>		"pakun"@pav	
"jezero"@cu	<http://ids.clld.org/values/1-330-199-1>		<http://ids.clld.org/parameters/1-330>		<http://ids.clld.org/values/1-330-286-1>		"šuteremʔ"@pav	
"ledŭ"@cu	<http://ids.clld.org/values/1-770-199-1>		<http://ids.clld.org/parameters/1-770>		<http://ids.clld.org/values/1-770-286-1>		"šio šio"@pav	
"velijĭ"@cu	<http://ids.clld.org/values/12-550-199-1>		<http://ids.clld.org/parameters/12-550>		<http://ids.clld.org/values/12-550-286-1>		"hwaraʔ"@pav	
"velijĭ"@cu	<http://ids.clld.org/values/12-550-199-1>		<http://ids.clld.org/parameters/12-550>		<http://ids.clld.org/values/12-550-286-3>		"horon"@pav	
"gladŭkŭ"@cu	<http://ids.clld.org/values/15-770-199-1>		<http://ids.clld.org/parameters/15-770>		<http://ids.clld.org/values/15-770-286-1>		"topišik"@pav	
"luna"@cu	<http://ids.clld.org/values/1-530-199-1>		<http://ids.clld.org/parameters/1-530>		<http://ids.clld.org/values/1-530-286-1>		"panawoʔ"@pav	
"sŭnŭ"@cu	<http://ids.clld.org/values/4-610-199-3>		<http://ids.clld.org/parameters/4-610>		<http://ids.clld.org/values/4-610-286-1>		"piʔam"@pav	
"dlŭgŭ"@cu	<http://ids.clld.org/values/12-570-199-1>		<http://ids.clld.org/parameters/12-570>		<http://ids.clld.org/values/12-570-286-1>		"matam"@pav	
"žiti"@cu	<http://ids.clld.org/values/4-740-199-1>		<http://ids.clld.org/parameters/4-740>		<http://ids.clld.org/values/4-740-286-1>		"eʔ"@pav	
"ležati"@cu	<http://ids.clld.org/values/12-140-199-1>		<http://ids.clld.org/parameters/12-140>		<http://ids.clld.org/values/12-140-286-1>		"teremʔ"@pav	
"ležati"@cu	<http://ids.clld.org/values/12-140-199-1>		<http://ids.clld.org/parameters/12-140>		<http://ids.clld.org/values/12-140-286-3>		"tokoʔ"@pav	
"sěšti (-krojiti)"@cu	<http://ids.clld.org/values/9-220-199-3>		<http://ids.clld.org/parameters/9-220>		<http://ids.clld.org/values/9-220-286-7>		"nakarkamʔ"@pav	
"sěšti (-krojiti)"@cu	<http://ids.clld.org/values/9-220-199-3>		<http://ids.clld.org/parameters/9-220>		<http://ids.clld.org/values/9-220-286-3>		"wawak"@pav	
"sěšti (-krojiti)"@cu	<http://ids.clld.org/values/9-220-199-3>		<http://ids.clld.org/parameters/9-220>		<http://ids.clld.org/values/9-220-286-9>		"ta"@pav	
"sěšti (-krojiti)"@cu	<http://ids.clld.org/values/9-220-199-3>		<http://ids.clld.org/parameters/9-220>		<http://ids.clld.org/values/9-220-286-5>		"nakamʔ"@pav	
"sěšti (-krojiti)"@cu	<http://ids.clld.org/values/9-220-199-3>		<http://ids.clld.org/parameters/9-220>		<http://ids.clld.org/values/9-220-286-1>		"wak"@pav	
"krŭvĭ"@cu	<http://ids.clld.org/values/4-150-199-1>		<http://ids.clld.org/parameters/4-150>		<http://ids.clld.org/values/4-150-286-1>		"kišiʔ (wik)"@pav	
"otĭcĭ"@cu	<http://ids.clld.org/values/2-350-199-1>		<http://ids.clld.org/parameters/2-350>		<http://ids.clld.org/values/2-350-286-1>		"te"@pav	
"dĭnĭ"@cu	<http://ids.clld.org/values/14-410-199-1>		<http://ids.clld.org/parameters/14-410>		<http://ids.clld.org/values/14-410-286-1>		"šek"@pav	
"mĭgla"@cu	<http://ids.clld.org/values/1-740-199-1>		<http://ids.clld.org/parameters/1-740>		<http://ids.clld.org/values/1-740-286-1>		"murukukuʔ"@pav	
"lěsŭ"@cu	<http://ids.clld.org/values/1-410-199-1>		<http://ids.clld.org/parameters/1-410>		<http://ids.clld.org/values/1-410-286-1>		"nahwarak"@pav	
"grysti"@cu	<http://ids.clld.org/values/4-580-199-1>		<http://ids.clld.org/parameters/4-580>		<http://ids.clld.org/values/4-580-286-1>		"kio"@pav	
"vĭsi"@cu	<http://ids.clld.org/values/13-140-199-5>		<http://ids.clld.org/parameters/13-140>		<http://ids.clld.org/values/13-140-286-1>		"šam"@pav	
"ošibŭ"@cu	<http://ids.clld.org/values/4-180-199-5>		<http://ids.clld.org/parameters/4-180>		<http://ids.clld.org/values/4-180-286-1>		"kahwerein"@pav	
"myti"@cu	<http://ids.clld.org/values/9-360-199-1>		<http://ids.clld.org/parameters/9-360>		<http://ids.clld.org/values/9-360-286-3>		"toʔ"@pav	
"myti"@cu	<http://ids.clld.org/values/9-360-199-1>		<http://ids.clld.org/parameters/9-360>		<http://ids.clld.org/values/9-360-286-1>		"hohok"@pav	
"iskati"@cu	<http://ids.clld.org/values/11-310-199-1>		<http://ids.clld.org/parameters/11-310>		<http://ids.clld.org/values/11-310-286-1>		"noro"@pav	
"jasti"@cu	<http://ids.clld.org/values/5-110-199-1>		<http://ids.clld.org/parameters/5-110>		<http://ids.clld.org/values/5-110-286-1>		"kaoʔ"@pav	
"jasti"@cu	<http://ids.clld.org/values/5-110-199-1>		<http://ids.clld.org/parameters/5-110>		<http://ids.clld.org/values/5-110-286-3>		"kakakaoʔ"@pav	
"suchŭ"@cu	<http://ids.clld.org/values/15-840-199-1>		<http://ids.clld.org/parameters/15-840>		<http://ids.clld.org/values/15-840-286-1>		"kawainʔ"@pav	
"daleče"@cu	<http://ids.clld.org/values/12-440-199-1>		<http://ids.clld.org/parameters/12-440>		<http://ids.clld.org/values/12-440-286-1>		"pira"@pav	
"novŭ"@cu	<http://ids.clld.org/values/14-130-199-1>		<http://ids.clld.org/parameters/14-130>		<http://ids.clld.org/values/14-130-286-1>		"šokori"@pav	
"mesti"@cu	<http://ids.clld.org/values/10-250-199-1>		<http://ids.clld.org/parameters/10-250>		<http://ids.clld.org/values/10-250-286-3>		"wišikaoʔ"@pav	
"mesti"@cu	<http://ids.clld.org/values/10-250-199-1>		<http://ids.clld.org/parameters/10-250>		<http://ids.clld.org/values/10-250-286-1>		"šin"@pav	
"cvětĭcĭ"@cu	<http://ids.clld.org/values/8-570-199-3>		<http://ids.clld.org/parameters/8-570>		<http://ids.clld.org/values/8-570-286-3>		"wiyein"@pav	
"cvětĭcĭ"@cu	<http://ids.clld.org/values/8-570-199-3>		<http://ids.clld.org/parameters/8-570>		<http://ids.clld.org/values/8-570-286-1>		"piwain"@pav	
"loviti"@cu	<http://ids.clld.org/values/20-610-199-1>		<http://ids.clld.org/parameters/20-610>		<http://ids.clld.org/values/20-610-286-1>		"yiʔam"@pav	
"biti"@cu	<http://ids.clld.org/values/9-210-199-1>		<http://ids.clld.org/parameters/9-210>		<http://ids.clld.org/values/9-210-286-1>		"toʔ"@pav	
"plavati"@cu	<http://ids.clld.org/values/10-350-199-3>		<http://ids.clld.org/parameters/10-350>		<http://ids.clld.org/values/10-350-286-3>		"panʔ karakam"@pav	
"plavati"@cu	<http://ids.clld.org/values/10-350-199-3>		<http://ids.clld.org/parameters/10-350>		<http://ids.clld.org/values/10-350-286-1>		"panʔ kam"@pav	
"zĭrěti"@cu	<http://ids.clld.org/values/15-510-199-3>		<http://ids.clld.org/parameters/15-510>		<http://ids.clld.org/values/15-510-286-1>		"kerek"@pav	
"mąžiskŭ"@cu	<http://ids.clld.org/values/2-230-199-1>		<http://ids.clld.org/parameters/2-230>		<http://ids.clld.org/values/2-230-286-1>		"taramaʔ"@pav	
"kusati"@cu	<http://ids.clld.org/values/4-580-199-3>		<http://ids.clld.org/parameters/4-580>		<http://ids.clld.org/values/4-580-286-1>		"kio"@pav	
"plakati"@cu	<http://ids.clld.org/values/9-360-199-3>		<http://ids.clld.org/parameters/9-360>		<http://ids.clld.org/values/9-360-286-3>		"toʔ"@pav	
"plakati"@cu	<http://ids.clld.org/values/9-360-199-3>		<http://ids.clld.org/parameters/9-360>		<http://ids.clld.org/values/9-360-286-1>		"hohok"@pav	
"uraziti"@cu	<http://ids.clld.org/values/9-210-199-7>		<http://ids.clld.org/parameters/9-210>		<http://ids.clld.org/values/9-210-286-1>		"toʔ"@pav	
"zmija"@cu	<http://ids.clld.org/values/3-850-199-1>		<http://ids.clld.org/parameters/3-850>		<http://ids.clld.org/values/3-850-286-1>		"emʔ"@pav	
"solĭ"@cu	<http://ids.clld.org/values/5-810-199-1>		<http://ids.clld.org/parameters/5-810>		<http://ids.clld.org/values/5-810-286-1>		"[sal]"@pav	
"mysliti"@cu	<http://ids.clld.org/values/17-130-199-1>		<http://ids.clld.org/parameters/17-130>		<http://ids.clld.org/values/17-130-286-1>		"koromikat"@pav	
"chudŭ"@cu	<http://ids.clld.org/values/12-560-199-3>		<http://ids.clld.org/parameters/12-560>		<http://ids.clld.org/values/12-560-286-1>		"wiyimain"@pav	
"žešti"@cu	<http://ids.clld.org/values/1-851-199-1>		<http://ids.clld.org/parameters/1-851>		<http://ids.clld.org/values/1-851-286-3>		"wiran"@pav	
"žešti"@cu	<http://ids.clld.org/values/1-851-199-1>		<http://ids.clld.org/parameters/1-851>		<http://ids.clld.org/values/1-851-286-1>		"tom"@pav	
"žešti"@cu	<http://ids.clld.org/values/1-851-199-1>		<http://ids.clld.org/parameters/1-851>		<http://ids.clld.org/values/1-851-286-5>		"karahoʔ"@pav	
"(u)mrěti"@cu	<http://ids.clld.org/values/4-750-199-1>		<http://ids.clld.org/parameters/4-750>		<http://ids.clld.org/values/4-750-286-3>		"konoʔ"@pav	
"(u)mrěti"@cu	<http://ids.clld.org/values/4-750-199-1>		<http://ids.clld.org/parameters/4-750>		<http://ids.clld.org/values/4-750-286-1>		"miʔ pin"@pav	
"širokŭ"@cu	<http://ids.clld.org/values/12-610-199-1>		<http://ids.clld.org/parameters/12-610>		<http://ids.clld.org/values/12-610-286-1>		"kote ne kimain"@pav	
"morje"@cu	<http://ids.clld.org/values/1-320-199-1>		<http://ids.clld.org/parameters/1-320>		<http://ids.clld.org/values/1-320-286-1>		"kote ne kom"@pav	
"živŭ"@cu	<http://ids.clld.org/values/4-740-199-3>		<http://ids.clld.org/parameters/4-740>		<http://ids.clld.org/values/4-740-286-1>		"eʔ"@pav	
"vĭsěkŭ"@cu	<http://ids.clld.org/values/13-140-199-1>		<http://ids.clld.org/parameters/13-140>		<http://ids.clld.org/values/13-140-286-1>		"šam"@pav	
"zŭlŭ"@cu	<http://ids.clld.org/values/16-720-199-1>		<http://ids.clld.org/parameters/16-720>		<http://ids.clld.org/values/16-720-286-1>		"kayi"@pav	
"znati"@cu	<http://ids.clld.org/values/17-170-199-5>		<http://ids.clld.org/parameters/17-170>		<http://ids.clld.org/values/17-170-286-1>		"tašiʔ"@pav	
"znati"@cu	<http://ids.clld.org/values/17-170-199-5>		<http://ids.clld.org/parameters/17-170>		<http://ids.clld.org/values/17-170-286-3>		"kerek"@pav	
"znati"@cu	<http://ids.clld.org/values/17-170-199-5>		<http://ids.clld.org/parameters/17-170>		<http://ids.clld.org/values/17-170-286-5>		"kerek pinʔ"@pav	
"měsęcĭ"@cu	<http://ids.clld.org/values/1-530-199-3>		<http://ids.clld.org/parameters/1-530>		<http://ids.clld.org/values/1-530-286-1>		"panawoʔ"@pav	
"obonjati"@cu	<http://ids.clld.org/values/15-210-199-1>		<http://ids.clld.org/parameters/15-210>		<http://ids.clld.org/values/15-210-286-3>		"hu"@pav	
"obonjati"@cu	<http://ids.clld.org/values/15-210-199-1>		<http://ids.clld.org/parameters/15-210>		<http://ids.clld.org/values/15-210-286-1>		"nak"@pav	
"padati"@cu	<http://ids.clld.org/values/10-230-199-3>		<http://ids.clld.org/parameters/10-230>		<http://ids.clld.org/values/10-230-286-3>		"kamaraʔ"@pav	
"padati"@cu	<http://ids.clld.org/values/10-230-199-3>		<http://ids.clld.org/parameters/10-230>		<http://ids.clld.org/values/10-230-286-1>		"panʔ"@pav	
"mŭnogŭ"@cu	<http://ids.clld.org/values/13-150-199-1>		<http://ids.clld.org/parameters/13-150>		<http://ids.clld.org/values/13-150-286-1>		"iriʔ miyo/ miya"@pav	
"dětĭ"@cu	<http://ids.clld.org/values/2-270-199-1>		<http://ids.clld.org/parameters/2-270>		<http://ids.clld.org/values/2-270-286-1>		"piyeʔ"@pav	
"životŭ"@cu	<http://ids.clld.org/values/3-110-199-1>		<http://ids.clld.org/parameters/3-110>		<http://ids.clld.org/values/3-110-286-1>		"karawa"@pav	
"nečistŭ"@cu	<http://ids.clld.org/values/15-880-199-1>		<http://ids.clld.org/parameters/15-880>		<http://ids.clld.org/values/15-880-286-1>		"mišem"@pav	
"vyja"@cu	<http://ids.clld.org/values/4-280-199-1>		<http://ids.clld.org/parameters/4-280>		<http://ids.clld.org/values/4-280-286-1>		"paramašiʔ"@pav	
"vrěšti"@cu	<http://ids.clld.org/values/10-250-199-3>		<http://ids.clld.org/parameters/10-250>		<http://ids.clld.org/values/10-250-286-3>		"wišikaoʔ"@pav	
"vrěšti"@cu	<http://ids.clld.org/values/10-250-199-3>		<http://ids.clld.org/parameters/10-250>		<http://ids.clld.org/values/10-250-286-1>		"šin"@pav	
"pravŭ"@cu	<http://ids.clld.org/values/12-730-199-1>		<http://ids.clld.org/parameters/12-730>		<http://ids.clld.org/values/12-730-286-1>		"ka om šone ne"@pav	
"isplŭnŭ"@cu	<http://ids.clld.org/values/13-210-199-1>		<http://ids.clld.org/parameters/13-210>		<http://ids.clld.org/values/13-210-286-5>		"maʔam"@pav	
"isplŭnŭ"@cu	<http://ids.clld.org/values/13-210-199-1>		<http://ids.clld.org/parameters/13-210>		<http://ids.clld.org/values/13-210-286-3>		"moromoinʔ"@pav	
"isplŭnŭ"@cu	<http://ids.clld.org/values/13-210-199-1>		<http://ids.clld.org/parameters/13-210>		<http://ids.clld.org/values/13-210-286-1>		"moinʔ"@pav	
"vějati"@cu	<http://ids.clld.org/values/10-380-199-3>		<http://ids.clld.org/parameters/10-380>		<http://ids.clld.org/values/10-380-286-3>		"hukoʔ"@pav	
"vějati"@cu	<http://ids.clld.org/values/10-380-199-3>		<http://ids.clld.org/parameters/10-380>		<http://ids.clld.org/values/10-380-286-1>		"hu"@pav	
"smějati sę"@cu	<http://ids.clld.org/values/16-250-199-1>		<http://ids.clld.org/parameters/16-250>		<http://ids.clld.org/values/16-250-286-1>		"tatamʔ"@pav	
"smějati sę"@cu	<http://ids.clld.org/values/16-250-199-1>		<http://ids.clld.org/parameters/16-250>		<http://ids.clld.org/values/16-250-286-3>		"katamʔ"@pav	
"chlŭmŭ"@cu	<http://ids.clld.org/values/1-220-199-3>		<http://ids.clld.org/parameters/1-220>		<http://ids.clld.org/values/1-220-286-1>		"pakun"@pav	
"imę"@cu	<http://ids.clld.org/values/18-280-199-1>		<http://ids.clld.org/parameters/18-280>		<http://ids.clld.org/values/18-280-286-1>		"wišišiʔ (wit)"@pav	
"priti"@cu	<http://ids.clld.org/values/10-480-199-1>		<http://ids.clld.org/parameters/10-480>		<http://ids.clld.org/values/10-480-286-1>		"makiʔ"@pav	
"ucho"@cu	<http://ids.clld.org/values/4-220-199-1>		<http://ids.clld.org/parameters/4-220>		<http://ids.clld.org/values/4-220-286-1>		"tara-yišiʔ (taraʔ)"@pav	
"větrŭ"@cu	<http://ids.clld.org/values/1-720-199-1>		<http://ids.clld.org/parameters/1-720>		<http://ids.clld.org/values/1-720-286-1>		"hotowa"@pav	
"ovoštĭ"@cu	<http://ids.clld.org/values/5-710-199-1>		<http://ids.clld.org/parameters/5-710>		<http://ids.clld.org/values/5-710-286-3>		"winain"@pav	
"ovoštĭ"@cu	<http://ids.clld.org/values/5-710-199-1>		<http://ids.clld.org/parameters/5-710>		<http://ids.clld.org/values/5-710-286-1>		"memem"@pav	
"nosŭ"@cu	<http://ids.clld.org/values/4-230-199-1>		<http://ids.clld.org/parameters/4-230>		<http://ids.clld.org/values/4-230-286-1>		"werešiʔ (ut)"@pav	
"dŭždĭ"@cu	<http://ids.clld.org/values/1-750-199-1>		<http://ids.clld.org/parameters/1-750>		<http://ids.clld.org/values/1-750-286-1>		"šowiʔ"@pav	
"jętro"@cu	<http://ids.clld.org/values/4-450-199-1>		<http://ids.clld.org/parameters/4-450>		<http://ids.clld.org/values/4-450-286-1>		"tarawanašiʔ (tarawan)"@pav	
"žiznć"@cu	<http://ids.clld.org/values/4-740-199-7>		<http://ids.clld.org/parameters/4-740>		<http://ids.clld.org/values/4-740-286-1>		"eʔ"@pav	
"piti"@cu	<http://ids.clld.org/values/5-130-199-1>		<http://ids.clld.org/parameters/5-130>		<http://ids.clld.org/values/5-130-286-1>		"tok"@pav	
"piti"@cu	<http://ids.clld.org/values/5-130-199-1>		<http://ids.clld.org/parameters/5-130>		<http://ids.clld.org/values/5-130-286-3>		"tototok"@pav	
"skala"@cu	<http://ids.clld.org/values/1-440-199-3>		<http://ids.clld.org/parameters/1-440>		<http://ids.clld.org/values/1-440-286-1>		"pakun"@pav	
"sŭmrŭtĭ"@cu	<http://ids.clld.org/values/4-750-199-5>		<http://ids.clld.org/parameters/4-750>		<http://ids.clld.org/values/4-750-286-3>		"konoʔ"@pav	
"sŭmrŭtĭ"@cu	<http://ids.clld.org/values/4-750-199-5>		<http://ids.clld.org/parameters/4-750>		<http://ids.clld.org/values/4-750-286-1>		"miʔ pin"@pav	
"drěvo"@cu	<http://ids.clld.org/values/8-600-199-1>		<http://ids.clld.org/parameters/8-600>		<http://ids.clld.org/values/8-600-286-1>		"pana"@pav	
"brati"@cu	<http://ids.clld.org/values/20-110-199-3>		<http://ids.clld.org/parameters/20-110>		<http://ids.clld.org/values/20-110-286-1>		"mišita"@pav	
"pŭtica"@cu	<http://ids.clld.org/values/3-581-199-3>		<http://ids.clld.org/parameters/3-581>		<http://ids.clld.org/values/3-581-286-1>		"me"@pav	
"sŭvęzati"@cu	<http://ids.clld.org/values/9-160-199-1>		<http://ids.clld.org/parameters/9-160>		<http://ids.clld.org/values/9-160-286-1>		"tuku"@pav	
"dychanĭje"@cu	<http://ids.clld.org/values/4-510-199-3>		<http://ids.clld.org/parameters/4-510>		<http://ids.clld.org/values/4-510-286-1>		"wereme"@pav	
"bljĭvati"@cu	<http://ids.clld.org/values/4-570-199-1>		<http://ids.clld.org/parameters/4-570>		<http://ids.clld.org/values/4-570-286-1>		"weʔ"@pav	
"kratŭkŭ"@cu	<http://ids.clld.org/values/12-590-199-1>		<http://ids.clld.org/parameters/12-590>		<http://ids.clld.org/values/12-590-286-1>		"wiyimain"@pav	
"golěnĭ"@cu	<http://ids.clld.org/values/4-350-199-1>		<http://ids.clld.org/parameters/4-350>		<http://ids.clld.org/values/4-350-286-1>		"pišiyašiʔ"@pav	
"golěnĭ"@cu	<http://ids.clld.org/values/4-350-199-1>		<http://ids.clld.org/parameters/4-350>		<http://ids.clld.org/values/4-350-286-3>		"kokošiʔ"@pav	
"povrěsti"@cu	<http://ids.clld.org/values/9-160-199-3>		<http://ids.clld.org/parameters/9-160>		<http://ids.clld.org/values/9-160-286-1>		"tuku"@pav	
"žlĭtŭ"@cu	<http://ids.clld.org/values/15-690-199-1>		<http://ids.clld.org/parameters/15-690>		<http://ids.clld.org/values/15-690-286-1>		"košik"@pav	
"sŭsĭcĭ"@cu	<http://ids.clld.org/values/4-410-199-3>		<http://ids.clld.org/parameters/4-410>		<http://ids.clld.org/values/4-410-286-1>		"karašišiʔ (katat)"@pav	
"noštĭ"@cu	<http://ids.clld.org/values/14-420-199-1>		<http://ids.clld.org/parameters/14-420>		<http://ids.clld.org/values/14-420-286-1>		"šim"@pav	
"stĭza"@cu	<http://ids.clld.org/values/10-720-199-1>		<http://ids.clld.org/parameters/10-720>		<http://ids.clld.org/values/10-720-286-1>		"wana (wanayišiʔ)"@pav	
"rŭdrŭ"@cu	<http://ids.clld.org/values/15-660-199-5>		<http://ids.clld.org/parameters/15-660>		<http://ids.clld.org/values/15-660-286-1>		"pakaʔ"@pav	
"ostrŭ"@cu	<http://ids.clld.org/values/15-780-199-1>		<http://ids.clld.org/parameters/15-780>		<http://ids.clld.org/values/15-780-286-1>		"šaʔ"@pav	
"drěvo"@cu	<http://ids.clld.org/values/1-420-199-1>		<http://ids.clld.org/parameters/1-420>		<http://ids.clld.org/values/1-420-286-1>		"pana"@pav	
