"pat̪i"@hi	<http://ids.clld.org/values/2-310-702-3>		<http://ids.clld.org/parameters/2-310>		<http://ids.clld.org/values/2-310-280-1>		"'wɨnɨ"@pcp	
"पति"@hin	<http://ids.clld.org/values/2-310-702-3>		<http://ids.clld.org/parameters/2-310>		<http://ids.clld.org/values/2-310-280-1>		"'wɨnɨ"@pcp	
"kaːʈan̪aː"@hi	<http://ids.clld.org/values/9-220-702-1>		<http://ids.clld.org/parameters/9-220>		<http://ids.clld.org/values/9-220-280-1>		"'kɨɨsakia"@pcp	
"काटना"@hin	<http://ids.clld.org/values/9-220-702-1>		<http://ids.clld.org/parameters/9-220>		<http://ids.clld.org/values/9-220-280-1>		"'kɨɨsakia"@pcp	
"ɕiːrʂ"@hi	<http://ids.clld.org/values/4-200-702-3>		<http://ids.clld.org/parameters/4-200>		<http://ids.clld.org/values/4-200-280-1>		"'mapo"@pcp	
"शीर्ष"@hin	<http://ids.clld.org/values/4-200-702-3>		<http://ids.clld.org/parameters/4-200>		<http://ids.clld.org/values/4-200-280-1>		"'mapo"@pcp	
"d̪ikʰaːn̪aː"@hi	<http://ids.clld.org/values/15-550-702-1>		<http://ids.clld.org/parameters/15-550>		<http://ids.clld.org/values/15-550-280-1>		"hi-'maki"@pcp	
"दिखाना"@hin	<http://ids.clld.org/values/15-550-702-1>		<http://ids.clld.org/parameters/15-550>		<http://ids.clld.org/values/15-550-280-1>		"hi-'maki"@pcp	
"कीड़ा"@hin	<http://ids.clld.org/values/3-810-702-1>		<http://ids.clld.org/parameters/3-810>		<http://ids.clld.org/values/3-810-280-1>		"wɨ'oso"@pcp	
"kiːɽaː"@hi	<http://ids.clld.org/values/3-810-702-1>		<http://ids.clld.org/parameters/3-810>		<http://ids.clld.org/values/3-810-280-1>		"wɨ'oso"@pcp	
"kulhaːɽaː"@hi	<http://ids.clld.org/values/9-250-702-1>		<http://ids.clld.org/parameters/9-250>		<http://ids.clld.org/values/9-250-280-1>		"[hača]"@pcp	
"कुल्हाड़ा"@hin	<http://ids.clld.org/values/9-250-702-1>		<http://ids.clld.org/parameters/9-250>		<http://ids.clld.org/values/9-250-280-1>		"[hača]"@pcp	
"mun̪h"@hi	<http://ids.clld.org/values/4-240-702-1>		<http://ids.clld.org/parameters/4-240>		<http://ids.clld.org/values/4-240-280-1>		"kɨ'wɨči"@pcp	
"मुंह"@hin	<http://ids.clld.org/values/4-240-702-1>		<http://ids.clld.org/parameters/4-240>		<http://ids.clld.org/values/4-240-280-1>		"kɨ'wɨči"@pcp	
"सितारा"@hin	<http://ids.clld.org/values/1-540-702-3>		<http://ids.clld.org/parameters/1-540>		<http://ids.clld.org/values/1-540-280-1>		"'wištima"@pcp	
"sit̪aːraː"@hi	<http://ids.clld.org/values/1-540-702-3>		<http://ids.clld.org/parameters/1-540>		<http://ids.clld.org/values/1-540-280-1>		"'wištima"@pcp	
"दूर"@hin	<http://ids.clld.org/values/12-440-702-1>		<http://ids.clld.org/parameters/12-440>		<http://ids.clld.org/values/12-440-280-1>		"nɨ'ama"@pcp	
"d̪uːr"@hi	<http://ids.clld.org/values/12-440-702-1>		<http://ids.clld.org/parameters/12-440>		<http://ids.clld.org/values/12-440-280-1>		"nɨ'ama"@pcp	
"kʰet̪"@hi	<http://ids.clld.org/values/8-120-702-1>		<http://ids.clld.org/parameters/8-120>		<http://ids.clld.org/values/8-120-280-1>		"'wai"@pcp	
"खेत"@hin	<http://ids.clld.org/values/8-120-702-1>		<http://ids.clld.org/parameters/8-120>		<http://ids.clld.org/values/8-120-280-1>		"'wai"@pcp	
"pɛr"@hi	<http://ids.clld.org/values/4-350-702-1>		<http://ids.clld.org/parameters/4-350>		<http://ids.clld.org/values/4-350-280-1>		"'wiko"@pcp	
"पैर"@hin	<http://ids.clld.org/values/4-350-702-1>		<http://ids.clld.org/parameters/4-350>		<http://ids.clld.org/values/4-350-280-1>		"'wiko"@pcp	
"maːn̪"@hi	<http://ids.clld.org/values/2-360-702-1>		<http://ids.clld.org/parameters/2-360>		<http://ids.clld.org/values/2-360-280-1>		"'kai"@pcp	
"मां"@hin	<http://ids.clld.org/values/2-360-702-1>		<http://ids.clld.org/parameters/2-360>		<http://ids.clld.org/values/2-360-280-1>		"'kai"@pcp	
"ast̪ʰi"@hi	<http://ids.clld.org/values/4-160-702-1>		<http://ids.clld.org/parameters/4-160>		<http://ids.clld.org/values/4-160-280-1>		"'ṣ̌ao"@pcp	
"अस्थि"@hin	<http://ids.clld.org/values/4-160-702-1>		<http://ids.clld.org/parameters/4-160>		<http://ids.clld.org/values/4-160-280-1>		"'ṣ̌ao"@pcp	
"भस्म"@hin	<http://ids.clld.org/values/1-840-702-1>		<http://ids.clld.org/parameters/1-840>		<http://ids.clld.org/values/1-840-280-1>		"'mišpo"@pcp	
"bʱasm"@hi	<http://ids.clld.org/values/1-840-702-1>		<http://ids.clld.org/parameters/1-840>		<http://ids.clld.org/values/1-840-280-1>		"'mišpo"@pcp	
"pat̪n̪iː"@hi	<http://ids.clld.org/values/2-320-702-5>		<http://ids.clld.org/parameters/2-320>		<http://ids.clld.org/values/2-320-280-1>		"ʔa'wini"@pcp	
"पत्नी"@hin	<http://ids.clld.org/values/2-320-702-5>		<http://ids.clld.org/parameters/2-320>		<http://ids.clld.org/values/2-320-280-1>		"ʔa'wini"@pcp	
"टांग"@hin	<http://ids.clld.org/values/4-350-702-3>		<http://ids.clld.org/parameters/4-350>		<http://ids.clld.org/values/4-350-280-1>		"'wiko"@pcp	
"ʈaːŋg"@hi	<http://ids.clld.org/values/4-350-702-3>		<http://ids.clld.org/parameters/4-350>		<http://ids.clld.org/values/4-350-280-1>		"'wiko"@pcp	
"kʰaːl"@hi	<http://ids.clld.org/values/4-120-702-1>		<http://ids.clld.org/parameters/4-120>		<http://ids.clld.org/values/4-120-280-1>		"'wiči"@pcp	
"खाल"@hin	<http://ids.clld.org/values/4-120-702-1>		<http://ids.clld.org/parameters/4-120>		<http://ids.clld.org/values/4-120-280-1>		"'wiči"@pcp	
"पग"@hin	<http://ids.clld.org/values/4-370-702-1>		<http://ids.clld.org/parameters/4-370>		<http://ids.clld.org/values/4-370-280-1>		"'taʔɨ"@pcp	
"pag"@hi	<http://ids.clld.org/values/4-370-702-1>		<http://ids.clld.org/parameters/4-370>		<http://ids.clld.org/values/4-370-280-1>		"'taʔɨ"@pcp	
"सफेद"@hin	<http://ids.clld.org/values/15-640-702-1>		<http://ids.clld.org/parameters/15-640>		<http://ids.clld.org/values/15-640-280-1>		"'hoṣ̌o"@pcp	
"safed̪"@hi	<http://ids.clld.org/values/15-640-702-1>		<http://ids.clld.org/parameters/15-640>		<http://ids.clld.org/values/15-640-280-1>		"'hoṣ̌o"@pcp	
"d̪ekʰan̪aː"@hi	<http://ids.clld.org/values/15-510-702-1>		<http://ids.clld.org/parameters/15-510>		<http://ids.clld.org/values/15-510-280-1>		"his'pa"@pcp	
"d̪ekʰan̪aː"@hi	<http://ids.clld.org/values/15-510-702-1>		<http://ids.clld.org/parameters/15-510>		<http://ids.clld.org/values/15-510-280-3>		"'hisna"@pcp	
"देखना"@hin	<http://ids.clld.org/values/15-510-702-1>		<http://ids.clld.org/parameters/15-510>		<http://ids.clld.org/values/15-510-280-1>		"his'pa"@pcp	
"देखना"@hin	<http://ids.clld.org/values/15-510-702-1>		<http://ids.clld.org/parameters/15-510>		<http://ids.clld.org/values/15-510-280-3>		"'hisna"@pcp	
"d̪ʱuaːn̪"@hi	<http://ids.clld.org/values/1-830-702-1>		<http://ids.clld.org/parameters/1-830>		<http://ids.clld.org/values/1-830-280-1>		"ko'ʔina"@pcp	
"धुआं"@hin	<http://ids.clld.org/values/1-830-702-1>		<http://ids.clld.org/parameters/1-830>		<http://ids.clld.org/values/1-830-280-1>		"ko'ʔina"@pcp	
"आंख"@hin	<http://ids.clld.org/values/4-210-702-1>		<http://ids.clld.org/parameters/4-210>		<http://ids.clld.org/values/4-210-280-1>		"'wɨřo"@pcp	
"aːŋkʰ"@hi	<http://ids.clld.org/values/4-210-702-1>		<http://ids.clld.org/parameters/4-210>		<http://ids.clld.org/values/4-210-280-1>		"'wɨřo"@pcp	
"pɛr"@hi	<http://ids.clld.org/values/4-370-702-5>		<http://ids.clld.org/parameters/4-370>		<http://ids.clld.org/values/4-370-280-1>		"'taʔɨ"@pcp	
"पैर"@hin	<http://ids.clld.org/values/4-370-702-5>		<http://ids.clld.org/parameters/4-370>		<http://ids.clld.org/values/4-370-280-1>		"'taʔɨ"@pcp	
"बच्चा"@hin	<http://ids.clld.org/values/2-280-702-1>		<http://ids.clld.org/parameters/2-280>		<http://ids.clld.org/values/2-280-280-1>		"'wakɨ 'pistia"@pcp	
"batʃtʃaː"@hi	<http://ids.clld.org/values/2-280-702-1>		<http://ids.clld.org/parameters/2-280>		<http://ids.clld.org/values/2-280-280-1>		"'wakɨ 'pistia"@pcp	
"mrig"@hi	<http://ids.clld.org/values/3-750-702-3>		<http://ids.clld.org/parameters/3-750>		<http://ids.clld.org/values/3-750-280-1>		"'čaṣ̌o"@pcp	
"मृग"@hin	<http://ids.clld.org/values/3-750-702-3>		<http://ids.clld.org/parameters/3-750>		<http://ids.clld.org/values/3-750-280-1>		"'čaṣ̌o"@pcp	
"aːd̪amiː"@hi	<http://ids.clld.org/values/2-210-702-1>		<http://ids.clld.org/parameters/2-210>		<http://ids.clld.org/values/2-210-280-1>		"'honi"@pcp	
"आदमी"@hin	<http://ids.clld.org/values/2-210-702-1>		<http://ids.clld.org/parameters/2-210>		<http://ids.clld.org/values/2-210-280-1>		"'honi"@pcp	
"लाल"@hin	<http://ids.clld.org/values/15-660-702-1>		<http://ids.clld.org/parameters/15-660>		<http://ids.clld.org/values/15-660-280-1>		"'šini"@pcp	
"laːl"@hi	<http://ids.clld.org/values/15-660-702-1>		<http://ids.clld.org/parameters/15-660>		<http://ids.clld.org/values/15-660-280-1>		"'šini"@pcp	
"महिला"@hin	<http://ids.clld.org/values/2-220-702-5>		<http://ids.clld.org/parameters/2-220>		<http://ids.clld.org/values/2-220-280-1>		"'yoṣ̌a"@pcp	
"mahilaː"@hi	<http://ids.clld.org/values/2-220-702-5>		<http://ids.clld.org/parameters/2-220>		<http://ids.clld.org/values/2-220-280-1>		"'yoṣ̌a"@pcp	
"pʰal"@hi	<http://ids.clld.org/values/5-710-702-1>		<http://ids.clld.org/parameters/5-710>		<http://ids.clld.org/values/5-710-280-1>		"'kɨo"@pcp	
"फल"@hin	<http://ids.clld.org/values/5-710-702-1>		<http://ids.clld.org/parameters/5-710>		<http://ids.clld.org/values/5-710-280-1>		"'kɨo"@pcp	
"keɕ"@hi	<http://ids.clld.org/values/4-140-702-3>		<http://ids.clld.org/parameters/4-140>		<http://ids.clld.org/values/4-140-280-1>		"'woo"@pcp	
"केश"@hin	<http://ids.clld.org/values/4-140-702-3>		<http://ids.clld.org/parameters/4-140>		<http://ids.clld.org/values/4-140-280-1>		"'woo"@pcp	
"अंडा"@hin	<http://ids.clld.org/values/5-970-702-1>		<http://ids.clld.org/parameters/5-970>		<http://ids.clld.org/values/5-970-280-1>		"'wači"@pcp	
"an̪ɖaː"@hi	<http://ids.clld.org/values/5-970-702-1>		<http://ids.clld.org/parameters/5-970>		<http://ids.clld.org/values/5-970-280-1>		"'wači"@pcp	
"औरत"@hin	<http://ids.clld.org/values/2-320-702-1>		<http://ids.clld.org/parameters/2-320>		<http://ids.clld.org/values/2-320-280-1>		"ʔa'wini"@pcp	
"ɔːrat̪"@hi	<http://ids.clld.org/values/2-320-702-1>		<http://ids.clld.org/parameters/2-320>		<http://ids.clld.org/values/2-320-280-1>		"ʔa'wini"@pcp	
"rassiː"@hi	<http://ids.clld.org/values/9-190-702-1>		<http://ids.clld.org/parameters/9-190>		<http://ids.clld.org/values/9-190-280-1>		"'taška"@pcp	
"रस्सी"@hin	<http://ids.clld.org/values/9-190-702-1>		<http://ids.clld.org/parameters/9-190>		<http://ids.clld.org/values/9-190-280-1>		"'taška"@pcp	
"बारिश"@hin	<http://ids.clld.org/values/1-750-702-3>		<http://ids.clld.org/parameters/1-750>		<http://ids.clld.org/values/1-750-280-3>		"ʔo'i"@pcp	
"बारिश"@hin	<http://ids.clld.org/values/1-750-702-3>		<http://ids.clld.org/parameters/1-750>		<http://ids.clld.org/values/1-750-280-1>		"o'i"@pcp	
"baːriɕ"@hi	<http://ids.clld.org/values/1-750-702-3>		<http://ids.clld.org/parameters/1-750>		<http://ids.clld.org/values/1-750-280-3>		"ʔo'i"@pcp	
"baːriɕ"@hi	<http://ids.clld.org/values/1-750-702-3>		<http://ids.clld.org/parameters/1-750>		<http://ids.clld.org/values/1-750-280-1>		"o'i"@pcp	
"paːn̪iː"@hi	<http://ids.clld.org/values/1-310-702-1>		<http://ids.clld.org/parameters/1-310>		<http://ids.clld.org/values/1-310-280-1>		"'hɨnɨ"@pcp	
"पानी"@hin	<http://ids.clld.org/values/1-310-702-1>		<http://ids.clld.org/parameters/1-310>		<http://ids.clld.org/values/1-310-280-1>		"'hɨnɨ"@pcp	
"जाली"@hin	<http://ids.clld.org/values/9-780-702-1>		<http://ids.clld.org/parameters/9-780>		<http://ids.clld.org/values/9-780-280-1>		"'sota"@pcp	
"dʒaːliː"@hi	<http://ids.clld.org/values/9-780-702-1>		<http://ids.clld.org/parameters/9-780>		<http://ids.clld.org/values/9-780-280-1>		"'sota"@pcp	
"घोंसला"@hin	<http://ids.clld.org/values/3-580-702-1>		<http://ids.clld.org/parameters/3-580>		<http://ids.clld.org/values/3-580-280-1>		"'naʔa"@pcp	
"gʱon̪salaː"@hi	<http://ids.clld.org/values/3-580-702-1>		<http://ids.clld.org/parameters/3-580>		<http://ids.clld.org/values/3-580-280-1>		"'naʔa"@pcp	
"kasaːvaː"@hi	<http://ids.clld.org/values/8-920-702-1>		<http://ids.clld.org/parameters/8-920>		<http://ids.clld.org/values/8-920-280-1>		"'ac̷a"@pcp	
"कसावा"@hin	<http://ids.clld.org/values/8-920-702-1>		<http://ids.clld.org/parameters/8-920>		<http://ids.clld.org/values/8-920-280-1>		"'ac̷a"@pcp	
"गरज"@hin	<http://ids.clld.org/values/1-560-702-1>		<http://ids.clld.org/parameters/1-560>		<http://ids.clld.org/values/1-560-280-1>		"'naina"@pcp	
"garadʒ"@hi	<http://ids.clld.org/values/1-560-702-1>		<http://ids.clld.org/parameters/1-560>		<http://ids.clld.org/values/1-560-280-1>		"'naina"@pcp	
"चंद्रमा"@hin	<http://ids.clld.org/values/1-530-702-1>		<http://ids.clld.org/parameters/1-530>		<http://ids.clld.org/values/1-530-280-1>		"'ʔoṣ̌ɨ"@pcp	
"tʃan̪d̪ramaː"@hi	<http://ids.clld.org/values/1-530-702-1>		<http://ids.clld.org/parameters/1-530>		<http://ids.clld.org/values/1-530-280-1>		"'ʔoṣ̌ɨ"@pcp	
"aːd̪amiː"@hi	<http://ids.clld.org/values/2-310-702-1>		<http://ids.clld.org/parameters/2-310>		<http://ids.clld.org/values/2-310-280-1>		"'wɨnɨ"@pcp	
"आदमी"@hin	<http://ids.clld.org/values/2-310-702-1>		<http://ids.clld.org/parameters/2-310>		<http://ids.clld.org/values/2-310-280-1>		"'wɨnɨ"@pcp	
"दांत"@hin	<http://ids.clld.org/values/4-270-702-1>		<http://ids.clld.org/parameters/4-270>		<http://ids.clld.org/values/4-270-280-1>		"'ṣ̌ɨna"@pcp	
"d̪aːn̪t̪"@hi	<http://ids.clld.org/values/4-270-702-1>		<http://ids.clld.org/parameters/4-270>		<http://ids.clld.org/values/4-270-280-1>		"'ṣ̌ɨna"@pcp	
"दिनेश"@hin	<http://ids.clld.org/values/1-520-702-1>		<http://ids.clld.org/parameters/1-520>		<http://ids.clld.org/values/1-520-280-1>		"'waři"@pcp	
"d̪in̪eɕ"@hi	<http://ids.clld.org/values/1-520-702-1>		<http://ids.clld.org/parameters/1-520>		<http://ids.clld.org/values/1-520-280-1>		"'waři"@pcp	
"d̪ʱon̪aː"@hi	<http://ids.clld.org/values/9-360-702-1>		<http://ids.clld.org/parameters/9-360>		<http://ids.clld.org/values/9-360-280-1>		"'aši"@pcp	
"धोना"@hin	<http://ids.clld.org/values/9-360-702-1>		<http://ids.clld.org/parameters/9-360>		<http://ids.clld.org/values/9-360-280-1>		"'aši"@pcp	
"बर्रे"@hin	<http://ids.clld.org/values/3-823-702-1>		<http://ids.clld.org/parameters/3-823>		<http://ids.clld.org/values/3-823-280-1>		"'wina"@pcp	
"barre"@hi	<http://ids.clld.org/values/3-823-702-1>		<http://ids.clld.org/parameters/3-823>		<http://ids.clld.org/values/3-823-280-1>		"'wina"@pcp	
"कछुआ"@hin	<http://ids.clld.org/values/3-980-702-1>		<http://ids.clld.org/parameters/3-980>		<http://ids.clld.org/values/3-980-280-1>		"'ṣ̌awɨ"@pcp	
"katʃʰuaː"@hi	<http://ids.clld.org/values/3-980-702-1>		<http://ids.clld.org/parameters/3-980>		<http://ids.clld.org/values/3-980-280-1>		"'ṣ̌awɨ"@pcp	
"चीरना"@hin	<http://ids.clld.org/values/9-270-702-3>		<http://ids.clld.org/parameters/9-270>		<http://ids.clld.org/values/9-270-280-1>		"ma'tošmaki"@pcp	
"tʃiːran̪aː"@hi	<http://ids.clld.org/values/9-270-702-3>		<http://ids.clld.org/parameters/9-270>		<http://ids.clld.org/values/9-270-280-1>		"ma'tošmaki"@pcp	
"पुरुष"@hin	<http://ids.clld.org/values/2-210-702-3>		<http://ids.clld.org/parameters/2-210>		<http://ids.clld.org/values/2-210-280-1>		"'honi"@pcp	
"puruʂ"@hi	<http://ids.clld.org/values/2-210-702-3>		<http://ids.clld.org/parameters/2-210>		<http://ids.clld.org/values/2-210-280-1>		"'honi"@pcp	
"गिद्ध"@hin	<http://ids.clld.org/values/3-586-702-1>		<http://ids.clld.org/parameters/3-586>		<http://ids.clld.org/values/3-586-280-1>		"po'iko"@pcp	
"gid̪d̪ʱ"@hi	<http://ids.clld.org/values/3-586-702-1>		<http://ids.clld.org/parameters/3-586>		<http://ids.clld.org/values/3-586-280-1>		"po'iko"@pcp	
"haːt̪ʰ"@hi	<http://ids.clld.org/values/4-330-702-3>		<http://ids.clld.org/parameters/4-330>		<http://ids.clld.org/values/4-330-280-1>		"mɨ'kɨna"@pcp	
"हाथ"@hin	<http://ids.clld.org/values/4-330-702-3>		<http://ids.clld.org/parameters/4-330>		<http://ids.clld.org/values/4-330-280-1>		"mɨ'kɨna"@pcp	
"भूमि"@hin	<http://ids.clld.org/values/1-210-702-1>		<http://ids.clld.org/parameters/1-210>		<http://ids.clld.org/values/1-210-280-1>		"'mai"@pcp	
"bʱuːmi"@hi	<http://ids.clld.org/values/1-210-702-1>		<http://ids.clld.org/parameters/1-210>		<http://ids.clld.org/values/1-210-280-1>		"'mai"@pcp	
"n̪aːk"@hi	<http://ids.clld.org/values/4-230-702-1>		<http://ids.clld.org/parameters/4-230>		<http://ids.clld.org/values/4-230-280-1>		"řɨ'kina"@pcp	
"नाक"@hin	<http://ids.clld.org/values/4-230-702-1>		<http://ids.clld.org/parameters/4-230>		<http://ids.clld.org/values/4-230-280-1>		"řɨ'kina"@pcp	
"nw"@hi	<http://ids.clld.org/values/3-831-702-1>		<http://ids.clld.org/parameters/3-831>		<http://ids.clld.org/values/3-831-280-1>		"'šio"@pcp	
"nw"@hi	<http://ids.clld.org/values/3-831-702-1>		<http://ids.clld.org/parameters/3-831>		<http://ids.clld.org/values/3-831-280-3>		"'čio"@pcp	
"nw"@hin	<http://ids.clld.org/values/3-831-702-1>		<http://ids.clld.org/parameters/3-831>		<http://ids.clld.org/values/3-831-280-1>		"'šio"@pcp	
"nw"@hin	<http://ids.clld.org/values/3-831-702-1>		<http://ids.clld.org/parameters/3-831>		<http://ids.clld.org/values/3-831-280-3>		"'čio"@pcp	
"मच्छर"@hin	<http://ids.clld.org/values/3-832-702-1>		<http://ids.clld.org/parameters/3-832>		<http://ids.clld.org/values/3-832-280-1>		"'wii"@pcp	
"matʃtʃʰar"@hi	<http://ids.clld.org/values/3-832-702-1>		<http://ids.clld.org/parameters/3-832>		<http://ids.clld.org/values/3-832-280-1>		"'wii"@pcp	
"matʃʰaliː"@hi	<http://ids.clld.org/values/3-650-702-1>		<http://ids.clld.org/parameters/3-650>		<http://ids.clld.org/values/3-650-280-3>		"'woɨ"@pcp	
"matʃʰaliː"@hi	<http://ids.clld.org/values/3-650-702-1>		<http://ids.clld.org/parameters/3-650>		<http://ids.clld.org/values/3-650-280-1>		"sa'nino"@pcp	
"मछली"@hin	<http://ids.clld.org/values/3-650-702-1>		<http://ids.clld.org/parameters/3-650>		<http://ids.clld.org/values/3-650-280-3>		"'woɨ"@pcp	
"मछली"@hin	<http://ids.clld.org/values/3-650-702-1>		<http://ids.clld.org/parameters/3-650>		<http://ids.clld.org/values/3-650-280-1>		"sa'nino"@pcp	
"ताड़"@hin	<http://ids.clld.org/values/8-810-702-1>		<http://ids.clld.org/parameters/8-810>		<http://ids.clld.org/values/8-810-280-1>		"'koti"@pcp	
"t̪aːɽ"@hi	<http://ids.clld.org/values/8-810-702-1>		<http://ids.clld.org/parameters/8-810>		<http://ids.clld.org/values/8-810-280-1>		"'koti"@pcp	
"makkaː"@hi	<http://ids.clld.org/values/8-470-702-3>		<http://ids.clld.org/parameters/8-470>		<http://ids.clld.org/values/8-470-280-1>		"'ṣ̌ɨki"@pcp	
"मक्का"@hin	<http://ids.clld.org/values/8-470-702-3>		<http://ids.clld.org/parameters/8-470>		<http://ids.clld.org/values/8-470-280-1>		"'ṣ̌ɨki"@pcp	
"d̪ʱaːraː"@hi	<http://ids.clld.org/values/1-360-702-3>		<http://ids.clld.org/parameters/1-360>		<http://ids.clld.org/values/1-360-280-1>		"'ʔani"@pcp	
"d̪ʱaːraː"@hi	<http://ids.clld.org/values/1-360-702-3>		<http://ids.clld.org/parameters/1-360>		<http://ids.clld.org/values/1-360-280-3>		"'pao"@pcp	
"धारा"@hin	<http://ids.clld.org/values/1-360-702-3>		<http://ids.clld.org/parameters/1-360>		<http://ids.clld.org/values/1-360-280-1>		"'ʔani"@pcp	
"धारा"@hin	<http://ids.clld.org/values/1-360-702-3>		<http://ids.clld.org/parameters/1-360>		<http://ids.clld.org/values/1-360-280-3>		"'pao"@pcp	
"नदी"@hin	<http://ids.clld.org/values/1-360-702-5>		<http://ids.clld.org/parameters/1-360>		<http://ids.clld.org/values/1-360-280-1>		"'ʔani"@pcp	
"नदी"@hin	<http://ids.clld.org/values/1-360-702-5>		<http://ids.clld.org/parameters/1-360>		<http://ids.clld.org/values/1-360-280-3>		"'pao"@pcp	
"n̪ad̪iː"@hi	<http://ids.clld.org/values/1-360-702-5>		<http://ids.clld.org/parameters/1-360>		<http://ids.clld.org/values/1-360-280-1>		"'ʔani"@pcp	
"n̪ad̪iː"@hi	<http://ids.clld.org/values/1-360-702-5>		<http://ids.clld.org/parameters/1-360>		<http://ids.clld.org/values/1-360-280-3>		"'pao"@pcp	
"दिल"@hin	<http://ids.clld.org/values/4-440-702-1>		<http://ids.clld.org/parameters/4-440>		<http://ids.clld.org/values/4-440-280-1>		"howi'ti"@pcp	
"d̪il"@hi	<http://ids.clld.org/values/4-440-702-1>		<http://ids.clld.org/parameters/4-440>		<http://ids.clld.org/values/4-440-280-1>		"howi'ti"@pcp	
"फेफड़ा"@hin	<http://ids.clld.org/values/4-441-702-1>		<http://ids.clld.org/parameters/4-441>		<http://ids.clld.org/values/4-441-280-1>		"'taṣ̌a"@pcp	
"pʰepʰaɽaː"@hi	<http://ids.clld.org/values/4-441-702-1>		<http://ids.clld.org/parameters/4-441>		<http://ids.clld.org/values/4-441-280-1>		"'taṣ̌a"@pcp	
"बादल"@hin	<http://ids.clld.org/values/1-730-702-1>		<http://ids.clld.org/parameters/1-730>		<http://ids.clld.org/values/1-730-280-1>		"'c̷ɨmo"@pcp	
"baːd̪al"@hi	<http://ids.clld.org/values/1-730-702-1>		<http://ids.clld.org/parameters/1-730>		<http://ids.clld.org/values/1-730-280-1>		"'c̷ɨmo"@pcp	
"tʃaːn̪d̪"@hi	<http://ids.clld.org/values/1-530-702-3>		<http://ids.clld.org/parameters/1-530>		<http://ids.clld.org/values/1-530-280-1>		"'ʔoṣ̌ɨ"@pcp	
"चांद"@hin	<http://ids.clld.org/values/1-530-702-3>		<http://ids.clld.org/parameters/1-530>		<http://ids.clld.org/values/1-530-280-1>		"'ʔoṣ̌ɨ"@pcp	
"पत्ता"@hin	<http://ids.clld.org/values/8-560-702-1>		<http://ids.clld.org/parameters/8-560>		<http://ids.clld.org/values/8-560-280-1>		"'pɨʔi"@pcp	
"pat̪t̪aː"@hi	<http://ids.clld.org/values/8-560-702-1>		<http://ids.clld.org/parameters/8-560>		<http://ids.clld.org/values/8-560-280-1>		"'pɨʔi"@pcp	
"गाल"@hin	<http://ids.clld.org/values/4-208-702-1>		<http://ids.clld.org/parameters/4-208>		<http://ids.clld.org/values/4-208-280-1>		"'tamo"@pcp	
"gaːl"@hi	<http://ids.clld.org/values/4-208-702-1>		<http://ids.clld.org/parameters/4-208>		<http://ids.clld.org/values/4-208-280-1>		"'tamo"@pcp	
"चमड़ी"@hin	<http://ids.clld.org/values/4-120-702-5>		<http://ids.clld.org/parameters/4-120>		<http://ids.clld.org/values/4-120-280-1>		"'wiči"@pcp	
"tʃamaɽiː"@hi	<http://ids.clld.org/values/4-120-702-5>		<http://ids.clld.org/parameters/4-120>		<http://ids.clld.org/values/4-120-280-1>		"'wiči"@pcp	
"baːbuː"@hi	<http://ids.clld.org/values/2-350-702-1>		<http://ids.clld.org/parameters/2-350>		<http://ids.clld.org/values/2-350-280-1>		"'ɨpa"@pcp	
"baːbuː"@hi	<http://ids.clld.org/values/2-350-702-1>		<http://ids.clld.org/parameters/2-350>		<http://ids.clld.org/values/2-350-280-3>		"'ʔɨpa"@pcp	
"बाबू"@hin	<http://ids.clld.org/values/2-350-702-1>		<http://ids.clld.org/parameters/2-350>		<http://ids.clld.org/values/2-350-280-1>		"'ɨpa"@pcp	
"बाबू"@hin	<http://ids.clld.org/values/2-350-702-1>		<http://ids.clld.org/parameters/2-350>		<http://ids.clld.org/values/2-350-280-3>		"'ʔɨpa"@pcp	
"कान"@hin	<http://ids.clld.org/values/4-220-702-1>		<http://ids.clld.org/parameters/4-220>		<http://ids.clld.org/values/4-220-280-1>		"'paʔoki"@pcp	
"kaːn̪"@hi	<http://ids.clld.org/values/4-220-702-1>		<http://ids.clld.org/parameters/4-220>		<http://ids.clld.org/values/4-220-280-1>		"'paʔoki"@pcp	
"bʱaːriː"@hi	<http://ids.clld.org/values/15-810-702-1>		<http://ids.clld.org/parameters/15-810>		<http://ids.clld.org/values/15-810-280-1>		"'iwɨ"@pcp	
"भारी"@hin	<http://ids.clld.org/values/15-810-702-1>		<http://ids.clld.org/parameters/15-810>		<http://ids.clld.org/values/15-810-280-1>		"'iwɨ"@pcp	
"raːkʰ"@hi	<http://ids.clld.org/values/1-840-702-3>		<http://ids.clld.org/parameters/1-840>		<http://ids.clld.org/values/1-840-280-1>		"'mišpo"@pcp	
"राख"@hin	<http://ids.clld.org/values/1-840-702-3>		<http://ids.clld.org/parameters/1-840>		<http://ids.clld.org/values/1-840-280-1>		"'mišpo"@pcp	
"मेघ"@hin	<http://ids.clld.org/values/1-730-702-3>		<http://ids.clld.org/parameters/1-730>		<http://ids.clld.org/values/1-730-280-1>		"'c̷ɨmo"@pcp	
"megʱ"@hi	<http://ids.clld.org/values/1-730-702-3>		<http://ids.clld.org/parameters/1-730>		<http://ids.clld.org/values/1-730-280-1>		"'c̷ɨmo"@pcp	
"चमड़ा"@hin	<http://ids.clld.org/values/4-120-702-3>		<http://ids.clld.org/parameters/4-120>		<http://ids.clld.org/values/4-120-280-1>		"'wiči"@pcp	
"tʃamaɽaː"@hi	<http://ids.clld.org/values/4-120-702-3>		<http://ids.clld.org/parameters/4-120>		<http://ids.clld.org/values/4-120-280-1>		"'wiči"@pcp	
"karan̪aː"@hi	<http://ids.clld.org/values/9-110-702-1>		<http://ids.clld.org/parameters/9-110>		<http://ids.clld.org/values/9-110-280-1>		"i'wɨ"@pcp	
"करना"@hin	<http://ids.clld.org/values/9-110-702-1>		<http://ids.clld.org/parameters/9-110>		<http://ids.clld.org/values/9-110-280-1>		"i'wɨ"@pcp	
"kaledʒaː"@hi	<http://ids.clld.org/values/4-450-702-1>		<http://ids.clld.org/parameters/4-450>		<http://ids.clld.org/values/4-450-280-1>		"'taka"@pcp	
"कलेजा"@hin	<http://ids.clld.org/values/4-450-702-1>		<http://ids.clld.org/parameters/4-450>		<http://ids.clld.org/values/4-450-280-1>		"'taka"@pcp	
"जड़"@hin	<http://ids.clld.org/values/8-540-702-1>		<http://ids.clld.org/parameters/8-540>		<http://ids.clld.org/values/8-540-280-1>		"ta'pono"@pcp	
"dʒaɽ"@hi	<http://ids.clld.org/values/8-540-702-1>		<http://ids.clld.org/parameters/8-540>		<http://ids.clld.org/values/8-540-280-1>		"ta'pono"@pcp	
"छेद"@hin	<http://ids.clld.org/values/12-850-702-1>		<http://ids.clld.org/parameters/12-850>		<http://ids.clld.org/values/12-850-280-1>		"'kini"@pcp	
"tʃʰed̪"@hi	<http://ids.clld.org/values/12-850-702-1>		<http://ids.clld.org/parameters/12-850>		<http://ids.clld.org/values/12-850-280-1>		"'kini"@pcp	
"पिता"@hin	<http://ids.clld.org/values/2-350-702-3>		<http://ids.clld.org/parameters/2-350>		<http://ids.clld.org/values/2-350-280-1>		"'ɨpa"@pcp	
"पिता"@hin	<http://ids.clld.org/values/2-350-702-3>		<http://ids.clld.org/parameters/2-350>		<http://ids.clld.org/values/2-350-280-3>		"'ʔɨpa"@pcp	
"pit̪aː"@hi	<http://ids.clld.org/values/2-350-702-3>		<http://ids.clld.org/parameters/2-350>		<http://ids.clld.org/values/2-350-280-1>		"'ɨpa"@pcp	
"pit̪aː"@hi	<http://ids.clld.org/values/2-350-702-3>		<http://ids.clld.org/parameters/2-350>		<http://ids.clld.org/values/2-350-280-3>		"'ʔɨpa"@pcp	
"ईंधन"@hin	<http://ids.clld.org/values/1-880-702-1>		<http://ids.clld.org/parameters/1-880>		<http://ids.clld.org/values/1-880-280-1>		"'kařo"@pcp	
"iːn̪d̪ʱan̪"@hi	<http://ids.clld.org/values/1-880-702-1>		<http://ids.clld.org/parameters/1-880>		<http://ids.clld.org/values/1-880-280-1>		"'kařo"@pcp	
"हस्त"@hin	<http://ids.clld.org/values/4-330-702-1>		<http://ids.clld.org/parameters/4-330>		<http://ids.clld.org/values/4-330-280-1>		"mɨ'kɨna"@pcp	
"hast̪"@hi	<http://ids.clld.org/values/4-330-702-1>		<http://ids.clld.org/parameters/4-330>		<http://ids.clld.org/values/4-330-280-1>		"mɨ'kɨna"@pcp	
"vah"@hi	<http://ids.clld.org/values/2-930-702-1>		<http://ids.clld.org/parameters/2-930>		<http://ids.clld.org/values/2-930-280-1>		"'haa"@pcp	
"वह"@hin	<http://ids.clld.org/values/2-930-702-1>		<http://ids.clld.org/parameters/2-930>		<http://ids.clld.org/values/2-930-280-1>		"'haa"@pcp	
"mɛːn̪"@hi	<http://ids.clld.org/values/2-910-702-1>		<http://ids.clld.org/parameters/2-910>		<http://ids.clld.org/values/2-910-280-1>		"'ɨa"@pcp	
"मैं"@hin	<http://ids.clld.org/values/2-910-702-1>		<http://ids.clld.org/parameters/2-910>		<http://ids.clld.org/values/2-910-280-1>		"'ɨa"@pcp	
"ulluː"@hi	<http://ids.clld.org/values/3-596-702-1>		<http://ids.clld.org/parameters/3-596>		<http://ids.clld.org/values/3-596-280-1>		"'popo"@pcp	
"उल्लू"@hin	<http://ids.clld.org/values/3-596-702-1>		<http://ids.clld.org/parameters/3-596>		<http://ids.clld.org/values/3-596-280-1>		"'popo"@pcp	
"कड़क"@hin	<http://ids.clld.org/values/1-560-702-3>		<http://ids.clld.org/parameters/1-560>		<http://ids.clld.org/values/1-560-280-1>		"'naina"@pcp	
"kaɽak"@hi	<http://ids.clld.org/values/1-560-702-3>		<http://ids.clld.org/parameters/1-560>		<http://ids.clld.org/values/1-560-280-1>		"'naina"@pcp	
"तारा"@hin	<http://ids.clld.org/values/1-540-702-5>		<http://ids.clld.org/parameters/1-540>		<http://ids.clld.org/values/1-540-280-1>		"'wištima"@pcp	
"t̪aːraː"@hi	<http://ids.clld.org/values/1-540-702-5>		<http://ids.clld.org/parameters/1-540>		<http://ids.clld.org/values/1-540-280-1>		"'wištima"@pcp	
"ɕvet"@hi	<http://ids.clld.org/values/15-640-702-3>		<http://ids.clld.org/parameters/15-640>		<http://ids.clld.org/values/15-640-280-1>		"'hoṣ̌o"@pcp	
"श्वेत"@hin	<http://ids.clld.org/values/15-640-702-3>		<http://ids.clld.org/parameters/15-640>		<http://ids.clld.org/values/15-640-280-1>		"'hoṣ̌o"@pcp	
"t̪ot̪aː"@hi	<http://ids.clld.org/values/3-592-702-1>		<http://ids.clld.org/parameters/3-592>		<http://ids.clld.org/values/3-592-280-1>		"'wawa"@pcp	
"तोता"@hin	<http://ids.clld.org/values/3-592-702-1>		<http://ids.clld.org/parameters/3-592>		<http://ids.clld.org/values/3-592-280-1>		"'wawa"@pcp	
"माता"@hin	<http://ids.clld.org/values/2-360-702-3>		<http://ids.clld.org/parameters/2-360>		<http://ids.clld.org/values/2-360-280-1>		"'kai"@pcp	
"maːt̪aː"@hi	<http://ids.clld.org/values/2-360-702-3>		<http://ids.clld.org/parameters/2-360>		<http://ids.clld.org/values/2-360-280-1>		"'kai"@pcp	
"दाढ़ी"@hin	<http://ids.clld.org/values/4-142-702-1>		<http://ids.clld.org/parameters/4-142>		<http://ids.clld.org/values/4-142-280-1>		"'kɨni"@pcp	
"d̪aːɽʱiː"@hi	<http://ids.clld.org/values/4-142-702-1>		<http://ids.clld.org/parameters/4-142>		<http://ids.clld.org/values/4-142-280-1>		"'kɨni"@pcp	
"पांव"@hin	<http://ids.clld.org/values/4-370-702-3>		<http://ids.clld.org/parameters/4-370>		<http://ids.clld.org/values/4-370-280-1>		"'taʔɨ"@pcp	
"paːn̪v"@hi	<http://ids.clld.org/values/4-370-702-3>		<http://ids.clld.org/parameters/4-370>		<http://ids.clld.org/values/4-370-280-1>		"'taʔɨ"@pcp	
"नीर"@hin	<http://ids.clld.org/values/1-310-702-3>		<http://ids.clld.org/parameters/1-310>		<http://ids.clld.org/values/1-310-280-1>		"'hɨnɨ"@pcp	
"n̪iːr"@hi	<http://ids.clld.org/values/1-310-702-3>		<http://ids.clld.org/parameters/1-310>		<http://ids.clld.org/values/1-310-280-1>		"'hɨnɨ"@pcp	
"मेंढक"@hin	<http://ids.clld.org/values/3-950-702-1>		<http://ids.clld.org/parameters/3-950>		<http://ids.clld.org/values/3-950-280-1>		"wɨṣ̌ko"@pcp	
"men̪ɖʱak"@hi	<http://ids.clld.org/values/3-950-702-1>		<http://ids.clld.org/parameters/3-950>		<http://ids.clld.org/values/3-950-280-1>		"wɨṣ̌ko"@pcp	
"सूरज"@hin	<http://ids.clld.org/values/1-520-702-3>		<http://ids.clld.org/parameters/1-520>		<http://ids.clld.org/values/1-520-280-1>		"'waři"@pcp	
"suːradʒ"@hi	<http://ids.clld.org/values/1-520-702-3>		<http://ids.clld.org/parameters/1-520>		<http://ids.clld.org/values/1-520-280-1>		"'waři"@pcp	
"dʒabaːn̪"@hi	<http://ids.clld.org/values/4-260-702-1>		<http://ids.clld.org/parameters/4-260>		<http://ids.clld.org/values/4-260-280-1>		"'hana"@pcp	
"जबान"@hin	<http://ids.clld.org/values/4-260-702-1>		<http://ids.clld.org/parameters/4-260>		<http://ids.clld.org/values/4-260-280-1>		"'hana"@pcp	
"सिर"@hin	<http://ids.clld.org/values/4-200-702-1>		<http://ids.clld.org/parameters/4-200>		<http://ids.clld.org/values/4-200-280-1>		"'mapo"@pcp	
"sir"@hi	<http://ids.clld.org/values/4-200-702-1>		<http://ids.clld.org/parameters/4-200>		<http://ids.clld.org/values/4-200-280-1>		"'mapo"@pcp	
"suːt̪iː"@hi	<http://ids.clld.org/values/6-240-702-1>		<http://ids.clld.org/parameters/6-240>		<http://ids.clld.org/values/6-240-280-1>		"waṣ̌'mɨna"@pcp	
"सूती"@hin	<http://ids.clld.org/values/6-240-702-1>		<http://ids.clld.org/parameters/6-240>		<http://ids.clld.org/values/6-240-280-1>		"waṣ̌'mɨna"@pcp	
"बाल"@hin	<http://ids.clld.org/values/4-140-702-1>		<http://ids.clld.org/parameters/4-140>		<http://ids.clld.org/values/4-140-280-1>		"'woo"@pcp	
"baːl"@hi	<http://ids.clld.org/values/4-140-702-1>		<http://ids.clld.org/parameters/4-140>		<http://ids.clld.org/values/4-140-280-1>		"'woo"@pcp	
"हिरन"@hin	<http://ids.clld.org/values/3-750-702-1>		<http://ids.clld.org/parameters/3-750>		<http://ids.clld.org/values/3-750-280-1>		"'čaṣ̌o"@pcp	
"hiran̪"@hi	<http://ids.clld.org/values/3-750-702-1>		<http://ids.clld.org/parameters/3-750>		<http://ids.clld.org/values/3-750-280-1>		"'čaṣ̌o"@pcp	
"दो"@hin	<http://ids.clld.org/values/13-20-702-1>		<http://ids.clld.org/parameters/13-20>		<http://ids.clld.org/values/13-20-280-1>		"ra'wɨ"@pcp	
"d̪o"@hi	<http://ids.clld.org/values/13-20-702-1>		<http://ids.clld.org/parameters/13-20>		<http://ids.clld.org/values/13-20-280-1>		"ra'wɨ"@pcp	
"peɽ"@hi	<http://ids.clld.org/values/8-600-702-1>		<http://ids.clld.org/parameters/8-600>		<http://ids.clld.org/values/8-600-280-1>		"'hiwi"@pcp	
"पेड़"@hin	<http://ids.clld.org/values/8-600-702-1>		<http://ids.clld.org/parameters/8-600>		<http://ids.clld.org/values/8-600-280-1>		"'hiwi"@pcp	
"आग"@hin	<http://ids.clld.org/values/1-810-702-3>		<http://ids.clld.org/parameters/1-810>		<http://ids.clld.org/values/1-810-280-1>		"'čiʔi"@pcp	
"aːg"@hi	<http://ids.clld.org/values/1-810-702-3>		<http://ids.clld.org/parameters/1-810>		<http://ids.clld.org/values/1-810-280-1>		"'čiʔi"@pcp	
"aːsamaːn̪"@hi	<http://ids.clld.org/values/1-510-702-3>		<http://ids.clld.org/parameters/1-510>		<http://ids.clld.org/values/1-510-280-1>		"na'ipa"@pcp	
"आसमान"@hin	<http://ids.clld.org/values/1-510-702-3>		<http://ids.clld.org/parameters/1-510>		<http://ids.clld.org/values/1-510-280-1>		"na'ipa"@pcp	
"bʱuːk lagn̪aː"@hi	<http://ids.clld.org/values/5-140-702-1>		<http://ids.clld.org/parameters/5-140>		<http://ids.clld.org/values/5-140-280-1>		"paṣ̌na'hai"@pcp	
"भूख लगना"@hin	<http://ids.clld.org/values/5-140-702-1>		<http://ids.clld.org/parameters/5-140>		<http://ids.clld.org/values/5-140-280-1>		"paṣ̌na'hai"@pcp	
"चूज़ा"@hin	<http://ids.clld.org/values/3-550-702-1>		<http://ids.clld.org/parameters/3-550>		<http://ids.clld.org/values/3-550-280-1>		"pati'aři"@pcp	
"tʃuːdʒaː"@hi	<http://ids.clld.org/values/3-550-702-1>		<http://ids.clld.org/parameters/3-550>		<http://ids.clld.org/values/3-550-280-1>		"pati'aři"@pcp	
"घर"@hin	<http://ids.clld.org/values/7-120-702-1>		<http://ids.clld.org/parameters/7-120>		<http://ids.clld.org/values/7-120-280-1>		"'ṣ̌owo"@pcp	
"gʱar"@hi	<http://ids.clld.org/values/7-120-702-1>		<http://ids.clld.org/parameters/7-120>		<http://ids.clld.org/values/7-120-280-1>		"'ṣ̌owo"@pcp	
"फाड़ना"@hin	<http://ids.clld.org/values/9-270-702-1>		<http://ids.clld.org/parameters/9-270>		<http://ids.clld.org/values/9-270-280-1>		"ma'tošmaki"@pcp	
"pʰaːɽan̪aː"@hi	<http://ids.clld.org/values/9-270-702-1>		<http://ids.clld.org/parameters/9-270>		<http://ids.clld.org/values/9-270-280-1>		"ma'tošmaki"@pcp	
"pʰuːl"@hi	<http://ids.clld.org/values/8-570-702-1>		<http://ids.clld.org/parameters/8-570>		<http://ids.clld.org/values/8-570-280-3>		"řeṣ̌'pana"@pcp	
"pʰuːl"@hi	<http://ids.clld.org/values/8-570-702-1>		<http://ids.clld.org/parameters/8-570>		<http://ids.clld.org/values/8-570-280-1>		"'hoa"@pcp	
"फूल"@hin	<http://ids.clld.org/values/8-570-702-1>		<http://ids.clld.org/parameters/8-570>		<http://ids.clld.org/values/8-570-280-3>		"řeṣ̌'pana"@pcp	
"फूल"@hin	<http://ids.clld.org/values/8-570-702-1>		<http://ids.clld.org/parameters/8-570>		<http://ids.clld.org/values/8-570-280-1>		"'hoa"@pcp	
"agn̪i"@hi	<http://ids.clld.org/values/1-810-702-1>		<http://ids.clld.org/parameters/1-810>		<http://ids.clld.org/values/1-810-280-1>		"'čiʔi"@pcp	
"अग्नि"@hin	<http://ids.clld.org/values/1-810-702-1>		<http://ids.clld.org/parameters/1-810>		<http://ids.clld.org/values/1-810-280-1>		"'čiʔi"@pcp	
"चिड़िया"@hin	<http://ids.clld.org/values/3-581-702-1>		<http://ids.clld.org/parameters/3-581>		<http://ids.clld.org/values/3-581-280-1>		"'isko"@pcp	
"tʃiɽijaː"@hi	<http://ids.clld.org/values/3-581-702-1>		<http://ids.clld.org/parameters/3-581>		<http://ids.clld.org/values/3-581-280-1>		"'isko"@pcp	
"makaiː"@hi	<http://ids.clld.org/values/8-470-702-1>		<http://ids.clld.org/parameters/8-470>		<http://ids.clld.org/values/8-470-280-1>		"'ṣ̌ɨki"@pcp	
"मकई"@hin	<http://ids.clld.org/values/8-470-702-1>		<http://ids.clld.org/parameters/8-470>		<http://ids.clld.org/values/8-470-280-1>		"'ṣ̌ɨki"@pcp	
"आकाश"@hin	<http://ids.clld.org/values/1-510-702-1>		<http://ids.clld.org/parameters/1-510>		<http://ids.clld.org/values/1-510-280-1>		"na'ipa"@pcp	
"aːkaːɕ"@hi	<http://ids.clld.org/values/1-510-702-1>		<http://ids.clld.org/parameters/1-510>		<http://ids.clld.org/values/1-510-280-1>		"na'ipa"@pcp	
"मीठा"@hin	<http://ids.clld.org/values/15-350-702-1>		<http://ids.clld.org/parameters/15-350>		<http://ids.clld.org/values/15-350-280-1>		"tɨ'ɨ"@pcp	
"miːʈʰaː"@hi	<http://ids.clld.org/values/15-350-702-1>		<http://ids.clld.org/parameters/15-350>		<http://ids.clld.org/values/15-350-280-1>		"tɨ'ɨ"@pcp	
"गगन"@hin	<http://ids.clld.org/values/1-510-702-5>		<http://ids.clld.org/parameters/1-510>		<http://ids.clld.org/values/1-510-280-1>		"na'ipa"@pcp	
"gagan̪"@hi	<http://ids.clld.org/values/1-510-702-5>		<http://ids.clld.org/parameters/1-510>		<http://ids.clld.org/values/1-510-280-1>		"na'ipa"@pcp	
"दरिया"@hin	<http://ids.clld.org/values/1-360-702-1>		<http://ids.clld.org/parameters/1-360>		<http://ids.clld.org/values/1-360-280-1>		"'ʔani"@pcp	
"दरिया"@hin	<http://ids.clld.org/values/1-360-702-1>		<http://ids.clld.org/parameters/1-360>		<http://ids.clld.org/values/1-360-280-3>		"'pao"@pcp	
"d̪arijɑː"@hi	<http://ids.clld.org/values/1-360-702-1>		<http://ids.clld.org/parameters/1-360>		<http://ids.clld.org/values/1-360-280-1>		"'ʔani"@pcp	
"d̪arijɑː"@hi	<http://ids.clld.org/values/1-360-702-1>		<http://ids.clld.org/parameters/1-360>		<http://ids.clld.org/values/1-360-280-3>		"'pao"@pcp	
"हड़्डी"@hin	<http://ids.clld.org/values/4-160-702-3>		<http://ids.clld.org/parameters/4-160>		<http://ids.clld.org/values/4-160-280-1>		"'ṣ̌ao"@pcp	
"haɖɖi��"@hi	<http://ids.clld.org/values/4-160-702-3>		<http://ids.clld.org/parameters/4-160>		<http://ids.clld.org/values/4-160-280-1>		"'ṣ̌ao"@pcp	
"biːviː"@hi	<http://ids.clld.org/values/2-320-702-3>		<http://ids.clld.org/parameters/2-320>		<http://ids.clld.org/values/2-320-280-1>		"ʔa'wini"@pcp	
"बीवी"@hin	<http://ids.clld.org/values/2-320-702-3>		<http://ids.clld.org/parameters/2-320>		<http://ids.clld.org/values/2-320-280-1>		"ʔa'wini"@pcp	
"औरत"@hin	<http://ids.clld.org/values/2-220-702-1>		<http://ids.clld.org/parameters/2-220>		<http://ids.clld.org/values/2-220-280-1>		"'yoṣ̌a"@pcp	
"ɔːurat̪"@hi	<http://ids.clld.org/values/2-220-702-1>		<http://ids.clld.org/parameters/2-220>		<http://ids.clld.org/values/2-220-280-1>		"'yoṣ̌a"@pcp	
"थल"@hin	<http://ids.clld.org/values/1-210-702-3>		<http://ids.clld.org/parameters/1-210>		<http://ids.clld.org/values/1-210-280-1>		"'mai"@pcp	
"t̪ʰal"@hi	<http://ids.clld.org/values/1-210-702-3>		<http://ids.clld.org/parameters/1-210>		<http://ids.clld.org/values/1-210-280-1>		"'mai"@pcp	
"ɖoŋgaː"@hi	<http://ids.clld.org/values/10-831-702-1>		<http://ids.clld.org/parameters/10-831>		<http://ids.clld.org/values/10-831-280-1>		"'noti"@pcp	
"डोंगा"@hin	<http://ids.clld.org/values/10-831-702-1>		<http://ids.clld.org/parameters/10-831>		<http://ids.clld.org/values/10-831-280-1>		"'noti"@pcp	
"बरसात"@hin	<http://ids.clld.org/values/1-750-702-1>		<http://ids.clld.org/parameters/1-750>		<http://ids.clld.org/values/1-750-280-3>		"ʔo'i"@pcp	
"बरसात"@hin	<http://ids.clld.org/values/1-750-702-1>		<http://ids.clld.org/parameters/1-750>		<http://ids.clld.org/values/1-750-280-1>		"o'i"@pcp	
"barasaːt̪"@hi	<http://ids.clld.org/values/1-750-702-1>		<http://ids.clld.org/parameters/1-750>		<http://ids.clld.org/values/1-750-280-3>		"ʔo'i"@pcp	
"barasaːt̪"@hi	<http://ids.clld.org/values/1-750-702-1>		<http://ids.clld.org/parameters/1-750>		<http://ids.clld.org/values/1-750-280-1>		"o'i"@pcp	
"हृदय"@hin	<http://ids.clld.org/values/4-440-702-3>		<http://ids.clld.org/parameters/4-440>		<http://ids.clld.org/values/4-440-280-1>		"howi'ti"@pcp	
"hrid̪aj"@hi	<http://ids.clld.org/values/4-440-702-3>		<http://ids.clld.org/parameters/4-440>		<http://ids.clld.org/values/4-440-280-1>		"howi'ti"@pcp	
"दिन"@hin	<http://ids.clld.org/values/14-410-702-1>		<http://ids.clld.org/parameters/14-410>		<http://ids.clld.org/values/14-410-280-1>		"'waři"@pcp	
"d̪in̪"@hi	<http://ids.clld.org/values/14-410-702-1>		<http://ids.clld.org/parameters/14-410>		<http://ids.clld.org/values/14-410-280-1>		"'waři"@pcp	
"aːʈaː"@hi	<http://ids.clld.org/values/5-550-702-1>		<http://ids.clld.org/parameters/5-550>		<http://ids.clld.org/values/5-550-280-1>		"'moto"@pcp	
"आटा"@hin	<http://ids.clld.org/values/5-550-702-1>		<http://ids.clld.org/parameters/5-550>		<http://ids.clld.org/values/5-550-280-1>		"'moto"@pcp	
"तेज"@hin	<http://ids.clld.org/values/15-780-702-1>		<http://ids.clld.org/parameters/15-780>		<http://ids.clld.org/values/15-780-280-1>		"'ɨika"@pcp	
"t̪edʒ"@hi	<http://ids.clld.org/values/15-780-702-1>		<http://ids.clld.org/parameters/15-780>		<http://ids.clld.org/values/15-780-280-1>		"'ɨika"@pcp	
"n̪aːriː"@hi	<http://ids.clld.org/values/2-220-702-3>		<http://ids.clld.org/parameters/2-220>		<http://ids.clld.org/values/2-220-280-1>		"'yoṣ̌a"@pcp	
"नारी"@hin	<http://ids.clld.org/values/2-220-702-3>		<http://ids.clld.org/parameters/2-220>		<http://ids.clld.org/values/2-220-280-1>		"'yoṣ̌a"@pcp	
"maɳikaː"@hi	<http://ids.clld.org/values/6-760-702-1>		<http://ids.clld.org/parameters/6-760>		<http://ids.clld.org/values/6-760-280-1>		"'kisi"@pcp	
"मणिका"@hin	<http://ids.clld.org/values/6-760-702-1>		<http://ids.clld.org/parameters/6-760>		<http://ids.clld.org/values/6-760-280-1>		"'kisi"@pcp	
"नक्षत्र"@hin	<http://ids.clld.org/values/1-540-702-1>		<http://ids.clld.org/parameters/1-540>		<http://ids.clld.org/values/1-540-280-1>		"'wištima"@pcp	
"n̪akɕat̪ra"@hi	<http://ids.clld.org/values/1-540-702-1>		<http://ids.clld.org/parameters/1-540>		<http://ids.clld.org/values/1-540-280-1>		"'wištima"@pcp	
"खून"@hin	<http://ids.clld.org/values/4-150-702-1>		<http://ids.clld.org/parameters/4-150>		<http://ids.clld.org/values/4-150-280-1>		"'himi"@pcp	
"kʰuːn̪"@hi	<http://ids.clld.org/values/4-150-702-1>		<http://ids.clld.org/parameters/4-150>		<http://ids.clld.org/values/4-150-280-1>		"'himi"@pcp	
"kar"@hi	<http://ids.clld.org/values/4-330-702-5>		<http://ids.clld.org/parameters/4-330>		<http://ids.clld.org/values/4-330-280-1>		"mɨ'kɨna"@pcp	
"कर"@hin	<http://ids.clld.org/values/4-330-702-5>		<http://ids.clld.org/parameters/4-330>		<http://ids.clld.org/values/4-330-280-1>		"mɨ'kɨna"@pcp	
"vibʱuːt̪i"@hi	<http://ids.clld.org/values/1-840-702-5>		<http://ids.clld.org/parameters/1-840>		<http://ids.clld.org/values/1-840-280-1>		"'mišpo"@pcp	
"विभूति"@hin	<http://ids.clld.org/values/1-840-702-5>		<http://ids.clld.org/parameters/1-840>		<http://ids.clld.org/values/1-840-280-1>		"'mišpo"@pcp	
"मर्द"@hin	<http://ids.clld.org/values/2-210-702-5>		<http://ids.clld.org/parameters/2-210>		<http://ids.clld.org/values/2-210-280-1>		"'honi"@pcp	
"mard̪"@hi	<http://ids.clld.org/values/2-210-702-5>		<http://ids.clld.org/parameters/2-210>		<http://ids.clld.org/values/2-210-280-1>		"'honi"@pcp	
"बाजू"@hin	<http://ids.clld.org/values/4-310-702-1>		<http://ids.clld.org/parameters/4-310>		<http://ids.clld.org/values/4-310-280-1>		"po'yana"@pcp	
"baːdʒuː"@hi	<http://ids.clld.org/values/4-310-702-1>		<http://ids.clld.org/parameters/4-310>		<http://ids.clld.org/values/4-310-280-1>		"po'yana"@pcp	
"tʃʰoʈaː"@hi	<http://ids.clld.org/values/12-560-702-1>		<http://ids.clld.org/parameters/12-560>		<http://ids.clld.org/values/12-560-280-1>		"'mišni"@pcp	
"छोटा"@hin	<http://ids.clld.org/values/12-560-702-1>		<http://ids.clld.org/parameters/12-560>		<http://ids.clld.org/values/12-560-280-1>		"'mišni"@pcp	
