"гъун"@ddo-x-saga1261	<http://ids.clld.org/values/8-600-55-1>		<http://ids.clld.org/parameters/8-600>		<http://ids.clld.org/values/8-600-280-1>		"'hiwi"@pcp	
"кІара"@ddo	<http://ids.clld.org/values/3-831-162-1>		<http://ids.clld.org/parameters/3-831>		<http://ids.clld.org/values/3-831-280-1>		"'šio"@pcp	
"кІара"@ddo	<http://ids.clld.org/values/3-831-162-1>		<http://ids.clld.org/parameters/3-831>		<http://ids.clld.org/values/3-831-280-3>		"'čio"@pcp	
"гутІ"@ddo	<http://ids.clld.org/values/1-830-162-1>		<http://ids.clld.org/parameters/1-830>		<http://ids.clld.org/values/1-830-280-1>		"ko'ʔina"@pcp	
"кІеначІи"@ddo-x-saga1261	<http://ids.clld.org/values/5-970-55-1>		<http://ids.clld.org/parameters/5-970>		<http://ids.clld.org/values/5-970-280-1>		"'wači"@pcp	
"мІали"@ddo	<http://ids.clld.org/values/4-230-162-1>		<http://ids.clld.org/parameters/4-230>		<http://ids.clld.org/values/4-230-280-1>		"řɨ'kina"@pcp	
"рекьа"@ddo-x-saga1261	<http://ids.clld.org/values/4-330-55-1>		<http://ids.clld.org/parameters/4-330>		<http://ids.clld.org/values/4-330-280-1>		"mɨ'kɨna"@pcp	
"лІеІб"@ddo	<http://ids.clld.org/values/8-560-162-1>		<http://ids.clld.org/parameters/8-560>		<http://ids.clld.org/values/8-560-280-1>		"'pɨʔi"@pcp	
"гъІутку"@ddo	<http://ids.clld.org/values/7-120-162-1>		<http://ids.clld.org/parameters/7-120>		<http://ids.clld.org/values/7-120-280-1>		"'ṣ̌owo"@pcp	
"шебен рилІалорси мочи"@ddo-x-saga1261	<http://ids.clld.org/values/8-120-55-3>		<http://ids.clld.org/parameters/8-120>		<http://ids.clld.org/values/8-120-280-1>		"'wai"@pcp	
"бесуро"@ddo	<http://ids.clld.org/values/3-650-162-1>		<http://ids.clld.org/parameters/3-650>		<http://ids.clld.org/values/3-650-280-3>		"'woɨ"@pcp	
"бесуро"@ddo	<http://ids.clld.org/values/3-650-162-1>		<http://ids.clld.org/parameters/3-650>		<http://ids.clld.org/values/3-650-280-1>		"sa'nino"@pcp	
"симилди"@ddo	<http://ids.clld.org/values/8-470-162-1>		<http://ids.clld.org/parameters/8-470>		<http://ids.clld.org/values/8-470-280-1>		"'ṣ̌ɨki"@pcp	
"бухъ"@ddo-x-saga1261	<http://ids.clld.org/values/1-520-55-1>		<http://ids.clld.org/parameters/1-520>		<http://ids.clld.org/values/1-520-280-1>		"'waři"@pcp	
"цетІвамаси лІохІро"@ddo-x-saga1261	<http://ids.clld.org/values/3-980-55-3>		<http://ids.clld.org/parameters/3-980>		<http://ids.clld.org/values/3-980-280-1>		"'ṣ̌awɨ"@pcp	
"цІуда"@ddo-x-saga1261	<http://ids.clld.org/values/15-660-55-1>		<http://ids.clld.org/parameters/15-660>		<http://ids.clld.org/values/15-660-280-1>		"'šini"@pcp	
"мецу"@ddo-x-saga1261	<http://ids.clld.org/values/4-310-55-1>		<http://ids.clld.org/parameters/4-310>		<http://ids.clld.org/values/4-310-280-1>		"po'yana"@pcp	
"лІеІб"@ddo-x-saga1261	<http://ids.clld.org/values/8-560-55-1>		<http://ids.clld.org/parameters/8-560>		<http://ids.clld.org/values/8-560-280-1>		"'pɨʔi"@pcp	
"хІоши"@ddo-x-saga1261	<http://ids.clld.org/values/4-120-55-1>		<http://ids.clld.org/parameters/4-120>		<http://ids.clld.org/values/4-120-280-1>		"'wiči"@pcp	
"симинди"@ddo-x-saga1261	<http://ids.clld.org/values/8-470-55-1>		<http://ids.clld.org/parameters/8-470>		<http://ids.clld.org/values/8-470-280-1>		"'ṣ̌ɨki"@pcp	
"хъацІа"@ddo-x-saga1261	<http://ids.clld.org/values/1-880-55-1>		<http://ids.clld.org/parameters/1-880>		<http://ids.clld.org/values/1-880-280-1>		"'kařo"@pcp	
"гІесада"@ddo-x-saga1261	<http://ids.clld.org/values/9-360-55-1>		<http://ids.clld.org/parameters/9-360>		<http://ids.clld.org/values/9-360-280-1>		"'aši"@pcp	
"лъид"@ddo-x-saga1261	<http://ids.clld.org/values/3-750-55-1>		<http://ids.clld.org/parameters/3-750>		<http://ids.clld.org/values/3-750-280-1>		"'čaṣ̌o"@pcp	
"ди"@ddo-x-saga1261	<http://ids.clld.org/values/2-910-55-1>		<http://ids.clld.org/parameters/2-910>		<http://ids.clld.org/values/2-910-280-1>		"'ɨa"@pcp	
"энив"@ddo	<http://ids.clld.org/values/2-360-162-1>		<http://ids.clld.org/parameters/2-360>		<http://ids.clld.org/values/2-360-280-1>		"'kai"@pcp	
"ахІа"@ddo-x-saga1261	<http://ids.clld.org/values/4-220-55-1>		<http://ids.clld.org/parameters/4-220>		<http://ids.clld.org/values/4-220-280-1>		"'paʔoki"@pcp	
"мус"@ddo-x-saga1261	<http://ids.clld.org/values/4-140-55-3>		<http://ids.clld.org/parameters/4-140>		<http://ids.clld.org/values/4-140-280-1>		"'woo"@pcp	
"гъаІнаби"@ddo	<http://ids.clld.org/values/2-220-162-1>		<http://ids.clld.org/parameters/2-220>		<http://ids.clld.org/values/2-220-280-1>		"'yoṣ̌a"@pcp	
"меко"@ddo	<http://ids.clld.org/values/5-140-162-1>		<http://ids.clld.org/parameters/5-140>		<http://ids.clld.org/values/5-140-280-1>		"paṣ̌na'hai"@pcp	
"гъуди"@ddo-x-saga1261	<http://ids.clld.org/values/14-410-55-1>		<http://ids.clld.org/parameters/14-410>		<http://ids.clld.org/values/14-410-280-1>		"'waři"@pcp	
"чІихІо"@ddo	<http://ids.clld.org/values/5-710-162-1>		<http://ids.clld.org/parameters/5-710>		<http://ids.clld.org/values/5-710-280-1>		"'kɨo"@pcp	
"оночас хехов"@ddo-x-saga1261	<http://ids.clld.org/values/3-550-55-1>		<http://ids.clld.org/parameters/3-550>		<http://ids.clld.org/values/3-550-280-1>		"pati'aři"@pcp	
"кІицу"@ddo-x-saga1261	<http://ids.clld.org/values/4-270-55-1>		<http://ids.clld.org/parameters/4-270>		<http://ids.clld.org/values/4-270-280-1>		"'ṣ̌ɨna"@pcp	
"обув"@ddo-x-saga1261	<http://ids.clld.org/values/2-350-55-1>		<http://ids.clld.org/parameters/2-350>		<http://ids.clld.org/values/2-350-280-1>		"'ɨpa"@pcp	
"обув"@ddo-x-saga1261	<http://ids.clld.org/values/2-350-55-1>		<http://ids.clld.org/parameters/2-350>		<http://ids.clld.org/values/2-350-280-3>		"'ʔɨpa"@pcp	
"хотІо"@ddo-x-saga1261	<http://ids.clld.org/values/4-370-55-3>		<http://ids.clld.org/parameters/4-370>		<http://ids.clld.org/values/4-370-280-1>		"'taʔɨ"@pcp	
"эни"@ddo-x-saga1261	<http://ids.clld.org/values/2-360-55-1>		<http://ids.clld.org/parameters/2-360>		<http://ids.clld.org/values/2-360-280-1>		"'kai"@pcp	
"ца"@ddo-x-saga1261	<http://ids.clld.org/values/1-540-55-1>		<http://ids.clld.org/parameters/1-540>		<http://ids.clld.org/values/1-540-280-1>		"'wištima"@pcp	
"къаІно"@ddo-x-saga1261	<http://ids.clld.org/values/13-20-55-1>		<http://ids.clld.org/parameters/13-20>		<http://ids.clld.org/values/13-20-280-1>		"ra'wɨ"@pcp	
"кІара"@ddo-x-saga1261	<http://ids.clld.org/values/3-831-55-1>		<http://ids.clld.org/parameters/3-831>		<http://ids.clld.org/values/3-831-280-1>		"'šio"@pcp	
"кІара"@ddo-x-saga1261	<http://ids.clld.org/values/3-831-55-1>		<http://ids.clld.org/parameters/3-831>		<http://ids.clld.org/values/3-831-280-3>		"'čio"@pcp	
"папугай"@ddo-x-saga1261	<http://ids.clld.org/values/3-592-55-1>		<http://ids.clld.org/parameters/3-592>		<http://ids.clld.org/values/3-592-280-1>		"'wawa"@pcp	
"эсада"@ddo	<http://ids.clld.org/values/9-360-162-1>		<http://ids.clld.org/parameters/9-360>		<http://ids.clld.org/values/9-360-280-1>		"'aši"@pcp	
"хІай"@ddo	<http://ids.clld.org/values/3-832-162-1>		<http://ids.clld.org/parameters/3-832>		<http://ids.clld.org/values/3-832-280-1>		"'wii"@pcp	
"гъун"@ddo	<http://ids.clld.org/values/8-600-162-1>		<http://ids.clld.org/parameters/8-600>		<http://ids.clld.org/values/8-600-280-1>		"'hiwi"@pcp	
"буци"@ddo-x-saga1261	<http://ids.clld.org/values/1-530-55-1>		<http://ids.clld.org/parameters/1-530>		<http://ids.clld.org/values/1-530-280-1>		"'ʔoṣ̌ɨ"@pcp	
"кІечІ"@ddo	<http://ids.clld.org/values/6-760-162-1>		<http://ids.clld.org/parameters/6-760>		<http://ids.clld.org/values/6-760-280-1>		"'kisi"@pcp	
"гегму"@ddo-x-saga1261	<http://ids.clld.org/values/5-550-55-1>		<http://ids.clld.org/parameters/5-550>		<http://ids.clld.org/values/5-550-280-1>		"'moto"@pcp	
"хехби"@ddo-x-saga1261	<http://ids.clld.org/values/2-280-55-1>		<http://ids.clld.org/parameters/2-280>		<http://ids.clld.org/values/2-280-280-1>		"'wakɨ 'pistia"@pcp	
"жа"@ddo	<http://ids.clld.org/values/2-930-162-1>		<http://ids.clld.org/parameters/2-930>		<http://ids.clld.org/values/2-930-280-1>		"'haa"@pcp	
"коди"@ddo	<http://ids.clld.org/values/4-140-162-1>		<http://ids.clld.org/parameters/4-140>		<http://ids.clld.org/values/4-140-280-1>		"'woo"@pcp	
"цетІамаьси лІохІро"@ddo-x-saga1261	<http://ids.clld.org/values/3-980-55-1>		<http://ids.clld.org/parameters/3-980>		<http://ids.clld.org/values/3-980-280-1>		"'ṣ̌awɨ"@pcp	
"бугьу"@ddo-x-saga1261	<http://ids.clld.org/values/3-596-55-1>		<http://ids.clld.org/parameters/3-596>		<http://ids.clld.org/values/3-596-280-1>		"'popo"@pcp	
"лъохІро"@ddo	<http://ids.clld.org/values/3-950-162-1>		<http://ids.clld.org/parameters/3-950>		<http://ids.clld.org/values/3-950-280-1>		"wɨṣ̌ko"@pcp	
"маду"@ddo-x-saga1261	<http://ids.clld.org/values/1-360-55-1>		<http://ids.clld.org/parameters/1-360>		<http://ids.clld.org/values/1-360-280-1>		"'ʔani"@pcp	
"маду"@ddo-x-saga1261	<http://ids.clld.org/values/1-360-55-1>		<http://ids.clld.org/parameters/1-360>		<http://ids.clld.org/values/1-360-280-3>		"'pao"@pcp	
"речІва"@ddo-x-saga1261	<http://ids.clld.org/values/9-220-55-1>		<http://ids.clld.org/parameters/9-220>		<http://ids.clld.org/values/9-220-280-1>		"'kɨɨsakia"@pcp	
"цІи"@ddo	<http://ids.clld.org/values/1-810-162-1>		<http://ids.clld.org/parameters/1-810>		<http://ids.clld.org/values/1-810-280-1>		"'čiʔi"@pcp	
"бару"@ddo	<http://ids.clld.org/values/2-320-162-1>		<http://ids.clld.org/parameters/2-320>		<http://ids.clld.org/values/2-320-280-1>		"ʔa'wini"@pcp	
"кІечІ"@ddo-x-saga1261	<http://ids.clld.org/values/6-760-55-1>		<http://ids.clld.org/parameters/6-760>		<http://ids.clld.org/values/6-760-280-1>		"'kisi"@pcp	
"мец"@ddo	<http://ids.clld.org/values/4-260-162-1>		<http://ids.clld.org/parameters/4-260>		<http://ids.clld.org/values/4-260-280-1>		"'hana"@pcp	
"гІо"@ddo	<http://ids.clld.org/values/9-250-162-1>		<http://ids.clld.org/parameters/9-250>		<http://ids.clld.org/values/9-250-280-1>		"[hača]"@pcp	
"цІуда"@ddo	<http://ids.clld.org/values/15-660-162-1>		<http://ids.clld.org/parameters/15-660>		<http://ids.clld.org/values/15-660-280-1>		"'šini"@pcp	
"махъІикь"@ddo-x-saga1261	<http://ids.clld.org/values/12-440-55-1>		<http://ids.clld.org/parameters/12-440>		<http://ids.clld.org/values/12-440-280-1>		"nɨ'ama"@pcp	
"гьахъу"@ddo	<http://ids.clld.org/values/4-240-162-1>		<http://ids.clld.org/parameters/4-240>		<http://ids.clld.org/values/4-240-280-1>		"kɨ'wɨči"@pcp	
"рокъІав"@ddo-x-saga1261	<http://ids.clld.org/values/15-810-55-1>		<http://ids.clld.org/parameters/15-810>		<http://ids.clld.org/values/15-810-280-1>		"'iwɨ"@pcp	
"хІутІхъумур"@ddo	<http://ids.clld.org/values/3-810-162-1>		<http://ids.clld.org/parameters/3-810>		<http://ids.clld.org/values/3-810-280-1>		"wɨ'oso"@pcp	
"рори"@ddo-x-saga1261	<http://ids.clld.org/values/4-370-55-1>		<http://ids.clld.org/parameters/4-370>		<http://ids.clld.org/values/4-370-280-1>		"'taʔɨ"@pcp	
"махъІи"@ddo	<http://ids.clld.org/values/12-440-162-1>		<http://ids.clld.org/parameters/12-440>		<http://ids.clld.org/values/12-440-280-1>		"nɨ'ama"@pcp	
"мохо"@ddo	<http://ids.clld.org/values/9-190-162-3>		<http://ids.clld.org/parameters/9-190>		<http://ids.clld.org/values/9-190-280-1>		"'taška"@pcp	
"алах"@ddo-x-saga1261	<http://ids.clld.org/values/8-120-55-1>		<http://ids.clld.org/parameters/8-120>		<http://ids.clld.org/values/8-120-280-1>		"'wai"@pcp	
"мецу"@ddo	<http://ids.clld.org/values/4-310-162-1>		<http://ids.clld.org/parameters/4-310>		<http://ids.clld.org/values/4-310-280-1>		"po'yana"@pcp	
"жуби"@ddo-x-saga1261	<http://ids.clld.org/values/4-450-55-1>		<http://ids.clld.org/parameters/4-450>		<http://ids.clld.org/values/4-450-280-1>		"'taka"@pcp	
"хІукумат"@ddo-x-saga1261	<http://ids.clld.org/values/1-210-55-1>		<http://ids.clld.org/parameters/1-210>		<http://ids.clld.org/values/1-210-280-1>		"'mai"@pcp	
"гъун"@ddo-x-saga1261	<http://ids.clld.org/values/1-420-55-1>		<http://ids.clld.org/parameters/1-420>		<http://ids.clld.org/values/1-420-280-1>		"'hiwi"@pcp	
"речІа"@ddo	<http://ids.clld.org/values/9-220-162-1>		<http://ids.clld.org/parameters/9-220>		<http://ids.clld.org/values/9-220-280-1>		"'kɨɨsakia"@pcp	
"мекойни"@ddo-x-saga1261	<http://ids.clld.org/values/5-140-55-1>		<http://ids.clld.org/parameters/5-140>		<http://ids.clld.org/values/5-140-280-1>		"paṣ̌na'hai"@pcp	
"бабив"@ddo	<http://ids.clld.org/values/2-350-162-3>		<http://ids.clld.org/parameters/2-350>		<http://ids.clld.org/values/2-350-280-1>		"'ɨpa"@pcp	
"бабив"@ddo	<http://ids.clld.org/values/2-350-162-3>		<http://ids.clld.org/parameters/2-350>		<http://ids.clld.org/values/2-350-280-3>		"'ʔɨpa"@pcp	
"мешогла"@ddo-x-saga1261	<http://ids.clld.org/values/4-142-55-1>		<http://ids.clld.org/parameters/4-142>		<http://ids.clld.org/values/4-142-280-1>		"'kɨni"@pcp	
"ца"@ddo	<http://ids.clld.org/values/1-540-162-1>		<http://ids.clld.org/parameters/1-540>		<http://ids.clld.org/values/1-540-280-1>		"'wištima"@pcp	
"ди"@ddo	<http://ids.clld.org/values/2-910-162-1>		<http://ids.clld.org/parameters/2-910>		<http://ids.clld.org/values/2-910-280-1>		"'ɨa"@pcp	
"цІокъав"@ddo-x-saga1261	<http://ids.clld.org/values/15-780-55-1>		<http://ids.clld.org/parameters/15-780>		<http://ids.clld.org/values/15-780-280-1>		"'ɨika"@pcp	
"нийав"@ddo-x-saga1261	<http://ids.clld.org/values/15-350-55-1>		<http://ids.clld.org/parameters/15-350>		<http://ids.clld.org/values/15-350-280-1>		"tɨ'ɨ"@pcp	
"бик"@ddo	<http://ids.clld.org/values/4-120-162-1>		<http://ids.clld.org/parameters/4-120>		<http://ids.clld.org/values/4-120-280-1>		"'wiči"@pcp	
"сумка"@ddo-x-saga1261	<http://ids.clld.org/values/9-780-55-1>		<http://ids.clld.org/parameters/9-780>		<http://ids.clld.org/values/9-780-280-1>		"'sota"@pcp	
"атІ"@ddo	<http://ids.clld.org/values/5-550-162-1>		<http://ids.clld.org/parameters/5-550>		<http://ids.clld.org/values/5-550-280-1>		"'moto"@pcp	
"обув"@ddo	<http://ids.clld.org/values/2-350-162-1>		<http://ids.clld.org/parameters/2-350>		<http://ids.clld.org/values/2-350-280-1>		"'ɨpa"@pcp	
"обув"@ddo	<http://ids.clld.org/values/2-350-162-1>		<http://ids.clld.org/parameters/2-350>		<http://ids.clld.org/values/2-350-280-3>		"'ʔɨpa"@pcp	
"ахІйа"@ddo	<http://ids.clld.org/values/4-220-162-1>		<http://ids.clld.org/parameters/4-220>		<http://ids.clld.org/values/4-220-280-1>		"'paʔoki"@pcp	
"гъун"@ddo	<http://ids.clld.org/values/1-420-162-1>		<http://ids.clld.org/parameters/1-420>		<http://ids.clld.org/values/1-420-280-1>		"'hiwi"@pcp	
"пихъ"@ddo-x-saga1261	<http://ids.clld.org/values/5-710-55-1>		<http://ids.clld.org/parameters/5-710>		<http://ids.clld.org/values/5-710-280-1>		"'kɨo"@pcp	
"гъІуткІу"@ddo-x-saga1261	<http://ids.clld.org/values/7-120-55-1>		<http://ids.clld.org/parameters/7-120>		<http://ids.clld.org/values/7-120-280-1>		"'ṣ̌owo"@pcp	
"алукІа"@ddo-x-saga1261	<http://ids.clld.org/values/15-640-55-1>		<http://ids.clld.org/parameters/15-640>		<http://ids.clld.org/values/15-640-280-1>		"'hoṣ̌o"@pcp	
"гьахъу"@ddo-x-saga1261	<http://ids.clld.org/values/4-240-55-1>		<http://ids.clld.org/parameters/4-240>		<http://ids.clld.org/values/4-240-280-1>		"kɨ'wɨči"@pcp	
"гонду"@ddo-x-saga1261	<http://ids.clld.org/values/12-850-55-3>		<http://ids.clld.org/parameters/12-850>		<http://ids.clld.org/values/12-850-280-1>		"'kini"@pcp	
"хотІо"@ddo	<http://ids.clld.org/values/4-370-162-1>		<http://ids.clld.org/parameters/4-370>		<http://ids.clld.org/values/4-370-280-1>		"'taʔɨ"@pcp	
"къІано"@ddo	<http://ids.clld.org/values/13-20-162-1>		<http://ids.clld.org/parameters/13-20>		<http://ids.clld.org/values/13-20-280-1>		"ra'wɨ"@pcp	
"гутІ"@ddo-x-saga1261	<http://ids.clld.org/values/1-830-55-1>		<http://ids.clld.org/parameters/1-830>		<http://ids.clld.org/values/1-830-280-1>		"ko'ʔina"@pcp	
"хотІо"@ddo-x-saga1261	<http://ids.clld.org/values/4-350-55-1>		<http://ids.clld.org/parameters/4-350>		<http://ids.clld.org/values/4-350-280-1>		"'wiko"@pcp	
"гъІвил"@ddo-x-saga1261	<http://ids.clld.org/values/3-750-55-3>		<http://ids.clld.org/parameters/3-750>		<http://ids.clld.org/values/3-750-280-1>		"'čaṣ̌o"@pcp	
"мохо"@ddo-x-saga1261	<http://ids.clld.org/values/9-190-55-3>		<http://ids.clld.org/parameters/9-190>		<http://ids.clld.org/values/9-190-280-1>		"'taška"@pcp	
"бахІарчи"@ddo-x-saga1261	<http://ids.clld.org/values/2-210-55-1>		<http://ids.clld.org/parameters/2-210>		<http://ids.clld.org/values/2-210-280-1>		"'honi"@pcp	
"хъема"@ddo	<http://ids.clld.org/values/1-750-162-1>		<http://ids.clld.org/parameters/1-750>		<http://ids.clld.org/values/1-750-280-3>		"ʔo'i"@pcp	
"хъема"@ddo	<http://ids.clld.org/values/1-750-162-1>		<http://ids.clld.org/parameters/1-750>		<http://ids.clld.org/values/1-750-280-1>		"o'i"@pcp	
"маду"@ddo	<http://ids.clld.org/values/1-360-162-1>		<http://ids.clld.org/parameters/1-360>		<http://ids.clld.org/values/1-360-280-1>		"'ʔani"@pcp	
"маду"@ddo	<http://ids.clld.org/values/1-360-162-1>		<http://ids.clld.org/parameters/1-360>		<http://ids.clld.org/values/1-360-280-3>		"'pao"@pcp	
"мужи"@ddo	<http://ids.clld.org/values/3-580-162-1>		<http://ids.clld.org/parameters/3-580>		<http://ids.clld.org/values/3-580-280-1>		"'naʔa"@pcp	
"регъве лъи"@ddo-x-saga1261	<http://ids.clld.org/values/1-360-55-3>		<http://ids.clld.org/parameters/1-360>		<http://ids.clld.org/values/1-360-280-1>		"'ʔani"@pcp	
"регъве лъи"@ddo-x-saga1261	<http://ids.clld.org/values/1-360-55-3>		<http://ids.clld.org/parameters/1-360>		<http://ids.clld.org/values/1-360-280-3>		"'pao"@pcp	
"океш"@ddo-x-saga1261	<http://ids.clld.org/values/4-120-55-5>		<http://ids.clld.org/parameters/4-120>		<http://ids.clld.org/values/4-120-280-1>		"'wiči"@pcp	
"гегму"@ddo	<http://ids.clld.org/values/5-550-162-3>		<http://ids.clld.org/parameters/5-550>		<http://ids.clld.org/values/5-550-280-1>		"'moto"@pcp	
"сеткалъитси сумка"@ddo-x-saga1261	<http://ids.clld.org/values/9-780-55-3>		<http://ids.clld.org/parameters/9-780>		<http://ids.clld.org/values/9-780-280-1>		"'sota"@pcp	
"рокІу"@ddo	<http://ids.clld.org/values/4-440-162-1>		<http://ids.clld.org/parameters/4-440>		<http://ids.clld.org/values/4-440-280-1>		"howi'ti"@pcp	
"босо"@ddo-x-saga1261	<http://ids.clld.org/values/4-208-55-1>		<http://ids.clld.org/parameters/4-208>		<http://ids.clld.org/values/4-208-280-1>		"'tamo"@pcp	
"хІутІ-хъумур"@ddo-x-saga1261	<http://ids.clld.org/values/3-810-55-1>		<http://ids.clld.org/parameters/3-810>		<http://ids.clld.org/values/3-810-280-1>		"wɨ'oso"@pcp	
"ракь"@ddo	<http://ids.clld.org/values/1-210-162-1>		<http://ids.clld.org/parameters/1-210>		<http://ids.clld.org/values/1-210-280-1>		"'mai"@pcp	
"цей"@ddo	<http://ids.clld.org/values/3-586-162-1>		<http://ids.clld.org/parameters/3-586>		<http://ids.clld.org/values/3-586-280-1>		"po'iko"@pcp	
"рукара"@ddo-x-saga1261	<http://ids.clld.org/values/15-550-55-1>		<http://ids.clld.org/parameters/15-550>		<http://ids.clld.org/values/15-550-280-1>		"hi-'maki"@pcp	
"хедду"@ddo-x-saga1261	<http://ids.clld.org/values/2-310-55-1>		<http://ids.clld.org/parameters/2-310>		<http://ids.clld.org/values/2-310-280-1>		"'wɨnɨ"@pcp	
"лъи"@ddo	<http://ids.clld.org/values/1-310-162-1>		<http://ids.clld.org/parameters/1-310>		<http://ids.clld.org/values/1-310-280-1>		"'hɨnɨ"@pcp	
"жуби"@ddo	<http://ids.clld.org/values/4-450-162-1>		<http://ids.clld.org/parameters/4-450>		<http://ids.clld.org/values/4-450-280-1>		"'taka"@pcp	
"рокъІив"@ddo	<http://ids.clld.org/values/15-810-162-1>		<http://ids.clld.org/parameters/15-810>		<http://ids.clld.org/values/15-810-280-1>		"'iwɨ"@pcp	
"цІа"@ddo-x-saga1261	<http://ids.clld.org/values/1-540-55-3>		<http://ids.clld.org/parameters/1-540>		<http://ids.clld.org/values/1-540-280-1>		"'wištima"@pcp	
"эгъве"@ddo-x-saga1261	<http://ids.clld.org/values/12-560-55-1>		<http://ids.clld.org/parameters/12-560>		<http://ids.clld.org/values/12-560-280-1>		"'mišni"@pcp	
"хІукмат"@ddo	<http://ids.clld.org/values/1-210-162-3>		<http://ids.clld.org/parameters/1-210>		<http://ids.clld.org/values/1-210-280-1>		"'mai"@pcp	
"рокІу"@ddo-x-saga1261	<http://ids.clld.org/values/4-440-55-1>		<http://ids.clld.org/parameters/4-440>		<http://ids.clld.org/values/4-440-280-1>		"howi'ti"@pcp	
"агъи"@ddo	<http://ids.clld.org/values/3-581-162-1>		<http://ids.clld.org/parameters/3-581>		<http://ids.clld.org/values/3-581-280-1>		"'isko"@pcp	
"къІим"@ddo-x-saga1261	<http://ids.clld.org/values/4-200-55-1>		<http://ids.clld.org/parameters/4-200>		<http://ids.clld.org/values/4-200-280-1>		"'mapo"@pcp	
"жо"@ddo-x-saga1261	<http://ids.clld.org/values/2-930-55-1>		<http://ids.clld.org/parameters/2-930>		<http://ids.clld.org/values/2-930-280-1>		"'haa"@pcp	
"кІара"@ddo-x-saga1261	<http://ids.clld.org/values/3-832-55-1>		<http://ids.clld.org/parameters/3-832>		<http://ids.clld.org/values/3-832-280-1>		"'wii"@pcp	
"лІит"@ddo-x-saga1261	<http://ids.clld.org/values/3-823-55-1>		<http://ids.clld.org/parameters/3-823>		<http://ids.clld.org/values/3-823-280-1>		"'wina"@pcp	
"гьуинав"@ddo	<http://ids.clld.org/values/15-350-162-1>		<http://ids.clld.org/parameters/15-350>		<http://ids.clld.org/values/15-350-280-1>		"tɨ'ɨ"@pcp	
"мец"@ddo-x-saga1261	<http://ids.clld.org/values/4-260-55-1>		<http://ids.clld.org/parameters/4-260>		<http://ids.clld.org/values/4-260-280-1>		"'hana"@pcp	
"лодка"@ddo	<http://ids.clld.org/values/10-831-162-1>		<http://ids.clld.org/parameters/10-831>		<http://ids.clld.org/values/10-831-280-1>		"'noti"@pcp	
"цІи"@ddo-x-saga1261	<http://ids.clld.org/values/1-810-55-1>		<http://ids.clld.org/parameters/1-810>		<http://ids.clld.org/values/1-810-280-1>		"'čiʔi"@pcp	
"рода"@ddo	<http://ids.clld.org/values/9-110-162-1>		<http://ids.clld.org/parameters/9-110>		<http://ids.clld.org/values/9-110-280-1>		"i'wɨ"@pcp	
"буци"@ddo	<http://ids.clld.org/values/1-530-162-1>		<http://ids.clld.org/parameters/1-530>		<http://ids.clld.org/values/1-530-280-1>		"'ʔoṣ̌ɨ"@pcp	
"бахІарчи"@ddo	<http://ids.clld.org/values/2-210-162-3>		<http://ids.clld.org/parameters/2-210>		<http://ids.clld.org/values/2-210-280-1>		"'honi"@pcp	
"хІай"@ddo	<http://ids.clld.org/values/3-831-162-3>		<http://ids.clld.org/parameters/3-831>		<http://ids.clld.org/values/3-831-280-1>		"'šio"@pcp	
"хІай"@ddo	<http://ids.clld.org/values/3-831-162-3>		<http://ids.clld.org/parameters/3-831>		<http://ids.clld.org/values/3-831-280-3>		"'čio"@pcp	
"агъес мужи"@ddo-x-saga1261	<http://ids.clld.org/values/3-580-55-1>		<http://ids.clld.org/parameters/3-580>		<http://ids.clld.org/values/3-580-280-1>		"'naʔa"@pcp	
"нІолІу"@ddo-x-saga1261	<http://ids.clld.org/values/1-840-55-1>		<http://ids.clld.org/parameters/1-840>		<http://ids.clld.org/values/1-840-280-1>		"'mišpo"@pcp	
"кІара"@ddo	<http://ids.clld.org/values/3-832-162-3>		<http://ids.clld.org/parameters/3-832>		<http://ids.clld.org/values/3-832-280-1>		"'wii"@pcp	
"хІоши"@ddo	<http://ids.clld.org/values/4-120-162-3>		<http://ids.clld.org/parameters/4-120>		<http://ids.clld.org/values/4-120-280-1>		"'wiči"@pcp	
"оночас хехой"@ddo	<http://ids.clld.org/values/3-550-162-1>		<http://ids.clld.org/parameters/3-550>		<http://ids.clld.org/values/3-550-280-1>		"pati'aři"@pcp	
"хотІо"@ddo	<http://ids.clld.org/values/4-350-162-1>		<http://ids.clld.org/parameters/4-350>		<http://ids.clld.org/values/4-350-280-1>		"'wiko"@pcp	
"роч"@ddo	<http://ids.clld.org/values/9-190-162-1>		<http://ids.clld.org/parameters/9-190>		<http://ids.clld.org/values/9-190-280-1>		"'taška"@pcp	
"кІенечІ"@ddo	<http://ids.clld.org/values/5-970-162-1>		<http://ids.clld.org/parameters/5-970>		<http://ids.clld.org/values/5-970-280-1>		"'wači"@pcp	
"кочори"@ddo	<http://ids.clld.org/values/4-140-162-3>		<http://ids.clld.org/parameters/4-140>		<http://ids.clld.org/values/4-140-280-1>		"'woo"@pcp	
"алукІа"@ddo	<http://ids.clld.org/values/15-640-162-1>		<http://ids.clld.org/parameters/15-640>		<http://ids.clld.org/values/15-640-280-1>		"'hoṣ̌o"@pcp	
"болІи-бегира"@ddo-x-saga1261	<http://ids.clld.org/values/9-270-55-1>		<http://ids.clld.org/parameters/9-270>		<http://ids.clld.org/values/9-270-280-1>		"ma'tošmaki"@pcp	
"агъи"@ddo-x-saga1261	<http://ids.clld.org/values/3-581-55-1>		<http://ids.clld.org/parameters/3-581>		<http://ids.clld.org/values/3-581-280-1>		"'isko"@pcp	
"чІалІаІ"@ddo	<http://ids.clld.org/values/9-270-162-1>		<http://ids.clld.org/parameters/9-270>		<http://ids.clld.org/values/9-270-280-1>		"ma'tošmaki"@pcp	
"бару"@ddo-x-saga1261	<http://ids.clld.org/values/2-320-55-1>		<http://ids.clld.org/parameters/2-320>		<http://ids.clld.org/values/2-320-280-1>		"ʔa'wini"@pcp	
"гагали"@ddo-x-saga1261	<http://ids.clld.org/values/8-570-55-1>		<http://ids.clld.org/parameters/8-570>		<http://ids.clld.org/values/8-570-280-3>		"řeṣ̌'pana"@pcp	
"гагали"@ddo-x-saga1261	<http://ids.clld.org/values/8-570-55-1>		<http://ids.clld.org/parameters/8-570>		<http://ids.clld.org/values/8-570-280-1>		"'hoa"@pcp	
"къІадо"@ddo	<http://ids.clld.org/values/3-596-162-1>		<http://ids.clld.org/parameters/3-596>		<http://ids.clld.org/values/3-596-280-1>		"'popo"@pcp	
"коди"@ddo-x-saga1261	<http://ids.clld.org/values/4-140-55-1>		<http://ids.clld.org/parameters/4-140>		<http://ids.clld.org/values/4-140-280-1>		"'woo"@pcp	
"ас"@ddo	<http://ids.clld.org/values/1-730-162-1>		<http://ids.clld.org/parameters/1-730>		<http://ids.clld.org/values/1-730-280-1>		"'c̷ɨmo"@pcp	
"рукара"@ddo	<http://ids.clld.org/values/15-550-162-1>		<http://ids.clld.org/parameters/15-550>		<http://ids.clld.org/values/15-550-280-1>		"hi-'maki"@pcp	
"гІо"@ddo-x-saga1261	<http://ids.clld.org/values/9-250-55-1>		<http://ids.clld.org/parameters/9-250>		<http://ids.clld.org/values/9-250-280-1>		"[hača]"@pcp	
"хъема"@ddo-x-saga1261	<http://ids.clld.org/values/1-750-55-1>		<http://ids.clld.org/parameters/1-750>		<http://ids.clld.org/values/1-750-280-3>		"ʔo'i"@pcp	
"хъема"@ddo-x-saga1261	<http://ids.clld.org/values/1-750-55-1>		<http://ids.clld.org/parameters/1-750>		<http://ids.clld.org/values/1-750-280-1>		"o'i"@pcp	
"хотІори"@ddo-x-saga1261	<http://ids.clld.org/values/4-441-55-1>		<http://ids.clld.org/parameters/4-441>		<http://ids.clld.org/values/4-441-280-1>		"'taṣ̌a"@pcp	
"ийо"@ddo	<http://ids.clld.org/values/4-150-162-1>		<http://ids.clld.org/parameters/4-150>		<http://ids.clld.org/values/4-150-280-1>		"'himi"@pcp	
"рокІо"@ddo-x-saga1261	<http://ids.clld.org/values/8-540-55-1>		<http://ids.clld.org/parameters/8-540>		<http://ids.clld.org/values/8-540-280-1>		"ta'pono"@pcp	
"рува"@ddo-x-saga1261	<http://ids.clld.org/values/9-110-55-1>		<http://ids.clld.org/parameters/9-110>		<http://ids.clld.org/values/9-110-280-1>		"i'wɨ"@pcp	
"бамба"@ddo	<http://ids.clld.org/values/6-240-162-1>		<http://ids.clld.org/parameters/6-240>		<http://ids.clld.org/values/6-240-280-1>		"waṣ̌'mɨna"@pcp	
"лІит"@ddo	<http://ids.clld.org/values/3-823-162-1>		<http://ids.clld.org/parameters/3-823>		<http://ids.clld.org/values/3-823-280-1>		"'wina"@pcp	
"регъе"@ddo	<http://ids.clld.org/values/12-560-162-1>		<http://ids.clld.org/parameters/12-560>		<http://ids.clld.org/values/12-560-280-1>		"'mišni"@pcp	
"озур"@ddo-x-saga1261	<http://ids.clld.org/values/4-210-55-1>		<http://ids.clld.org/parameters/4-210>		<http://ids.clld.org/values/4-210-280-1>		"'wɨřo"@pcp	
"��Іаркьел"@ddo	<http://ids.clld.org/values/8-540-162-1>		<http://ids.clld.org/parameters/8-540>		<http://ids.clld.org/values/8-540-280-1>		"ta'pono"@pcp	
"озури"@ddo	<http://ids.clld.org/values/4-210-162-1>		<http://ids.clld.org/parameters/4-210>		<http://ids.clld.org/values/4-210-280-1>		"'wɨřo"@pcp	
"ийо"@ddo-x-saga1261	<http://ids.clld.org/values/4-150-55-1>		<http://ids.clld.org/parameters/4-150>		<http://ids.clld.org/values/4-150-280-1>		"'himi"@pcp	
"хІухІ"@ddo	<http://ids.clld.org/values/4-208-162-1>		<http://ids.clld.org/parameters/4-208>		<http://ids.clld.org/values/4-208-280-1>		"'tamo"@pcp	
"хедив"@ddo	<http://ids.clld.org/values/2-310-162-1>		<http://ids.clld.org/parameters/2-310>		<http://ids.clld.org/values/2-310-280-1>		"'wɨnɨ"@pcp	
"ас"@ddo	<http://ids.clld.org/values/1-510-162-1>		<http://ids.clld.org/parameters/1-510>		<http://ids.clld.org/values/1-510-280-1>		"na'ipa"@pcp	
"роч"@ddo-x-saga1261	<http://ids.clld.org/values/9-190-55-1>		<http://ids.clld.org/parameters/9-190>		<http://ids.clld.org/values/9-190-280-1>		"'taška"@pcp	
"хъаца"@ddo	<http://ids.clld.org/values/1-880-162-1>		<http://ids.clld.org/parameters/1-880>		<http://ids.clld.org/values/1-880-280-1>		"'kařo"@pcp	
"рукада"@ddo	<http://ids.clld.org/values/15-510-162-1>		<http://ids.clld.org/parameters/15-510>		<http://ids.clld.org/values/15-510-280-1>		"his'pa"@pcp	
"рукада"@ddo	<http://ids.clld.org/values/15-510-162-1>		<http://ids.clld.org/parameters/15-510>		<http://ids.clld.org/values/15-510-280-3>		"'hisna"@pcp	
"лІуза"@ddo	<http://ids.clld.org/values/4-160-162-1>		<http://ids.clld.org/parameters/4-160>		<http://ids.clld.org/values/4-160-280-1>		"'ṣ̌ao"@pcp	
"палма"@ddo-x-saga1261	<http://ids.clld.org/values/8-810-55-1>		<http://ids.clld.org/parameters/8-810>		<http://ids.clld.org/values/8-810-280-1>		"'koti"@pcp	
"гонду"@ddo	<http://ids.clld.org/values/12-850-162-1>		<http://ids.clld.org/parameters/12-850>		<http://ids.clld.org/values/12-850-280-1>		"'kini"@pcp	
"белъи"@ddo	<http://ids.clld.org/values/3-750-162-1>		<http://ids.clld.org/parameters/3-750>		<http://ids.clld.org/values/3-750-280-1>		"'čaṣ̌o"@pcp	
"раса"@ddo-x-saga1261	<http://ids.clld.org/values/10-831-55-1>		<http://ids.clld.org/parameters/10-831>		<http://ids.clld.org/values/10-831-280-1>		"'noti"@pcp	
"бесуро"@ddo-x-saga1261	<http://ids.clld.org/values/3-650-55-1>		<http://ids.clld.org/parameters/3-650>		<http://ids.clld.org/values/3-650-280-3>		"'woɨ"@pcp	
"бесуро"@ddo-x-saga1261	<http://ids.clld.org/values/3-650-55-1>		<http://ids.clld.org/parameters/3-650>		<http://ids.clld.org/values/3-650-280-1>		"sa'nino"@pcp	
"рукада"@ddo-x-saga1261	<http://ids.clld.org/values/15-510-55-1>		<http://ids.clld.org/parameters/15-510>		<http://ids.clld.org/values/15-510-280-1>		"his'pa"@pcp	
"рукада"@ddo-x-saga1261	<http://ids.clld.org/values/15-510-55-1>		<http://ids.clld.org/parameters/15-510>		<http://ids.clld.org/values/15-510-280-3>		"'hisna"@pcp	
"кІучІ"@ddo-x-saga1261	<http://ids.clld.org/values/12-850-55-1>		<http://ids.clld.org/parameters/12-850>		<http://ids.clld.org/values/12-850-280-1>		"'kini"@pcp	
"хухудори"@ddo	<http://ids.clld.org/values/1-560-162-1>		<http://ids.clld.org/parameters/1-560>		<http://ids.clld.org/values/1-560-280-1>		"'naina"@pcp	
"лІурза"@ddo-x-saga1261	<http://ids.clld.org/values/4-160-55-1>		<http://ids.clld.org/parameters/4-160>		<http://ids.clld.org/values/4-160-280-1>		"'ṣ̌ao"@pcp	
"бухъ"@ddo	<http://ids.clld.org/values/1-520-162-1>		<http://ids.clld.org/parameters/1-520>		<http://ids.clld.org/values/1-520-280-1>		"'waři"@pcp	
"мІали"@ddo-x-saga1261	<http://ids.clld.org/values/4-230-55-1>		<http://ids.clld.org/parameters/4-230>		<http://ids.clld.org/values/4-230-280-1>		"řɨ'kina"@pcp	
"бамбази"@ddo	<http://ids.clld.org/values/6-240-162-3>		<http://ids.clld.org/parameters/6-240>		<http://ids.clld.org/values/6-240-280-1>		"waṣ̌'mɨna"@pcp	
"цей"@ddo-x-saga1261	<http://ids.clld.org/values/3-586-55-1>		<http://ids.clld.org/parameters/3-586>		<http://ids.clld.org/values/3-586-280-1>		"po'iko"@pcp	
"цІокъив"@ddo	<http://ids.clld.org/values/15-780-162-1>		<http://ids.clld.org/parameters/15-780>		<http://ids.clld.org/values/15-780-280-1>		"'ɨika"@pcp	
"ихІу"@ddo	<http://ids.clld.org/values/1-360-162-3>		<http://ids.clld.org/parameters/1-360>		<http://ids.clld.org/values/1-360-280-1>		"'ʔani"@pcp	
"ихІу"@ddo	<http://ids.clld.org/values/1-360-162-3>		<http://ids.clld.org/parameters/1-360>		<http://ids.clld.org/values/1-360-280-3>		"'pao"@pcp	
"жекІу"@ddo	<http://ids.clld.org/values/2-210-162-1>		<http://ids.clld.org/parameters/2-210>		<http://ids.clld.org/values/2-210-280-1>		"'honi"@pcp	
"улка"@ddo-x-saga1261	<http://ids.clld.org/values/1-210-55-3>		<http://ids.clld.org/parameters/1-210>		<http://ids.clld.org/values/1-210-280-1>		"'mai"@pcp	
"папугай"@ddo	<http://ids.clld.org/values/3-592-162-1>		<http://ids.clld.org/parameters/3-592>		<http://ids.clld.org/values/3-592-280-1>		"'wawa"@pcp	
"палма"@ddo	<http://ids.clld.org/values/8-810-162-1>		<http://ids.clld.org/parameters/8-810>		<http://ids.clld.org/values/8-810-280-1>		"'koti"@pcp	
"хухудори"@ddo-x-saga1261	<http://ids.clld.org/values/1-560-55-1>		<http://ids.clld.org/parameters/1-560>		<http://ids.clld.org/values/1-560-280-1>		"'naina"@pcp	
"пампа"@ddo-x-saga1261	<http://ids.clld.org/values/6-240-55-1>		<http://ids.clld.org/parameters/6-240>		<http://ids.clld.org/values/6-240-280-1>		"waṣ̌'mɨna"@pcp	
"цетІамаьси лъохІро"@ddo	<http://ids.clld.org/values/3-980-162-1>		<http://ids.clld.org/parameters/3-980>		<http://ids.clld.org/values/3-980-280-1>		"'ṣ̌awɨ"@pcp	
"кІакІили"@ddo	<http://ids.clld.org/values/2-280-162-1>		<http://ids.clld.org/parameters/2-280>		<http://ids.clld.org/values/2-280-280-1>		"'wakɨ 'pistia"@pcp	
"котІу"@ddo	<http://ids.clld.org/values/4-142-162-1>		<http://ids.clld.org/parameters/4-142>		<http://ids.clld.org/values/4-142-280-1>		"'kɨni"@pcp	
"лІохІро"@ddo-x-saga1261	<http://ids.clld.org/values/3-950-55-1>		<http://ids.clld.org/parameters/3-950>		<http://ids.clld.org/values/3-950-280-1>		"wɨṣ̌ko"@pcp	
"нІолІу"@ddo	<http://ids.clld.org/values/1-840-162-1>		<http://ids.clld.org/parameters/1-840>		<http://ids.clld.org/values/1-840-280-1>		"'mišpo"@pcp	
"лъи"@ddo-x-saga1261	<http://ids.clld.org/values/1-310-55-1>		<http://ids.clld.org/parameters/1-310>		<http://ids.clld.org/values/1-310-280-1>		"'hɨnɨ"@pcp	
"чанта"@ddo	<http://ids.clld.org/values/9-780-162-1>		<http://ids.clld.org/parameters/9-780>		<http://ids.clld.org/values/9-780-280-1>		"'sota"@pcp	
"гагали"@ddo	<http://ids.clld.org/values/8-570-162-1>		<http://ids.clld.org/parameters/8-570>		<http://ids.clld.org/values/8-570-280-3>		"řeṣ̌'pana"@pcp	
"гагали"@ddo	<http://ids.clld.org/values/8-570-162-1>		<http://ids.clld.org/parameters/8-570>		<http://ids.clld.org/values/8-570-280-1>		"'hoa"@pcp	
"гутІ"@ddo	<http://ids.clld.org/values/1-730-162-3>		<http://ids.clld.org/parameters/1-730>		<http://ids.clld.org/values/1-730-280-1>		"'c̷ɨmo"@pcp	
"зоб"@ddo-x-saga1261	<http://ids.clld.org/values/1-510-55-1>		<http://ids.clld.org/parameters/1-510>		<http://ids.clld.org/values/1-510-280-1>		"na'ipa"@pcp	
"хъІолІу"@ddo-x-saga1261	<http://ids.clld.org/values/4-120-55-3>		<http://ids.clld.org/parameters/4-120>		<http://ids.clld.org/values/4-120-280-1>		"'wiči"@pcp	
"гъаІна"@ddo-x-saga1261	<http://ids.clld.org/values/2-220-55-1>		<http://ids.clld.org/parameters/2-220>		<http://ids.clld.org/values/2-220-280-1>		"'yoṣ̌a"@pcp	
"мочи (билІихоси)"@ddo	<http://ids.clld.org/values/8-120-162-1>		<http://ids.clld.org/parameters/8-120>		<http://ids.clld.org/values/8-120-280-1>		"'wai"@pcp	
"кІицу"@ddo	<http://ids.clld.org/values/4-270-162-1>		<http://ids.clld.org/parameters/4-270>		<http://ids.clld.org/values/4-270-280-1>		"'ṣ̌ɨna"@pcp	
"хІаморокІу"@ddo	<http://ids.clld.org/values/4-441-162-1>		<http://ids.clld.org/parameters/4-441>		<http://ids.clld.org/values/4-441-280-1>		"'taṣ̌a"@pcp	
"рекьа"@ddo	<http://ids.clld.org/values/4-330-162-1>		<http://ids.clld.org/parameters/4-330>		<http://ids.clld.org/values/4-330-280-1>		"mɨ'kɨna"@pcp	
"хІутІ-мур"@ddo-x-saga1261	<http://ids.clld.org/values/3-810-55-3>		<http://ids.clld.org/parameters/3-810>		<http://ids.clld.org/values/3-810-280-1>		"wɨ'oso"@pcp	
"ас"@ddo-x-saga1261	<http://ids.clld.org/values/1-730-55-1>		<http://ids.clld.org/parameters/1-730>		<http://ids.clld.org/values/1-730-280-1>		"'c̷ɨmo"@pcp	
"къІим"@ddo	<http://ids.clld.org/values/4-200-162-1>		<http://ids.clld.org/parameters/4-200>		<http://ids.clld.org/values/4-200-280-1>		"'mapo"@pcp	
"сасахъoси гъуди"@ddo	<http://ids.clld.org/values/14-410-162-1>		<http://ids.clld.org/parameters/14-410>		<http://ids.clld.org/values/14-410-280-1>		"'waři"@pcp	
