"i-koc̷"@azz	<http://ids.clld.org/values/4-372-222-1>		<http://ids.clld.org/parameters/4-372>		<http://ids.clld.org/values/4-372-232-1>		"'ʔaw-"@cjh	
"c̷oon-ti"@azz	<http://ids.clld.org/values/4-140-222-3>		<http://ids.clld.org/parameters/4-140>		<http://ids.clld.org/values/4-140-232-1>		"čˀə'sis-"@cjh	
"ki-mow-ti-a"@azz	<http://ids.clld.org/values/16-530-222-5>		<http://ids.clld.org/parameters/16-530>		<http://ids.clld.org/values/16-530-232-1>		"ḳʷa'nu-"@cjh	
"weyi a-t"@azz	<http://ids.clld.org/values/1-320-222-1>		<http://ids.clld.org/parameters/1-320>		<http://ids.clld.org/values/1-320-232-1>		"'ḳiwal-"@cjh	
"okʷil-in"@azz	<http://ids.clld.org/values/3-110-222-1>		<http://ids.clld.org/parameters/3-110>		<http://ids.clld.org/values/3-110-232-1>		"'χəs"@cjh	
"i-mec̷"@azz	<http://ids.clld.org/values/4-350-222-3>		<http://ids.clld.org/parameters/4-350>		<http://ids.clld.org/values/4-350-232-1>		"'c̷ulis-"@cjh	
"šitac̷-ti-k"@azz	<http://ids.clld.org/values/4-990-222-3>		<http://ids.clld.org/parameters/4-990>		<http://ids.clld.org/values/4-990-232-1>		"mə'ləχʷ-"@cjh	
"meyo-t"@azz	<http://ids.clld.org/values/1-550-222-1>		<http://ids.clld.org/parameters/1-550>		<http://ids.clld.org/values/1-550-232-1>		"'ḳʷat-"@cjh	
"taksa-lis"@azz	<http://ids.clld.org/values/4-374-222-1>		<http://ids.clld.org/parameters/4-374>		<http://ids.clld.org/values/4-374-232-1>		"'yəp-"@cjh	
"okʷil-c̷in"@azz	<http://ids.clld.org/values/3-840-222-1>		<http://ids.clld.org/parameters/3-840>		<http://ids.clld.org/values/3-840-232-1>		"'ḳʷat-"@cjh	
"kiowa-t"@azz	<http://ids.clld.org/values/1-750-222-1>		<http://ids.clld.org/parameters/1-750>		<http://ids.clld.org/values/1-750-232-1>		"χa'silˀ"@cjh	
"kʷalan-ti"@azz	<http://ids.clld.org/values/16-420-222-1>		<http://ids.clld.org/parameters/16-420>		<http://ids.clld.org/values/16-420-232-1>		"ḳə'ɬəχ"@cjh	
"i-elčikiw"@azz	<http://ids.clld.org/values/4-162-222-1>		<http://ids.clld.org/parameters/4-162>		<http://ids.clld.org/values/4-162-232-1>		"'χac̷ˀ-"@cjh	
"ki-tewi-a"@azz	<http://ids.clld.org/values/20-430-222-3>		<http://ids.clld.org/parameters/20-430>		<http://ids.clld.org/values/20-430-232-1>		"ḳa'li-"@cjh	
"mike-tekoč"@azz	<http://ids.clld.org/values/4-790-222-3>		<http://ids.clld.org/parameters/4-790>		<http://ids.clld.org/values/4-790-232-1>		"'makʷˀt"@cjh	
"ki-toka"@azz	<http://ids.clld.org/values/4-780-222-1>		<http://ids.clld.org/parameters/4-780>		<http://ids.clld.org/values/4-780-232-1>		"'nəm-"@cjh	
"i-maka-yo"@azz	<http://ids.clld.org/values/4-310-222-5>		<http://ids.clld.org/parameters/4-310>		<http://ids.clld.org/values/4-310-232-1>		"'čališ-"@cjh	
"ta-koči-ta"@azz	<http://ids.clld.org/values/4-620-222-1>		<http://ids.clld.org/parameters/4-620>		<http://ids.clld.org/values/4-620-232-1>		"'tukʷli-"@cjh	
"i-kama-nakas-tan"@azz	<http://ids.clld.org/values/4-208-222-1>		<http://ids.clld.org/parameters/4-208>		<http://ids.clld.org/values/4-208-232-1>		"'c̷ˀiḳ-"@cjh	
"i-iš-ko"@azz	<http://ids.clld.org/values/4-204-222-1>		<http://ids.clld.org/parameters/4-204>		<http://ids.clld.org/values/4-204-232-1>		"'mus"@cjh	
"i-iš-ko"@azz	<http://ids.clld.org/values/4-204-222-1>		<http://ids.clld.org/parameters/4-204>		<http://ids.clld.org/values/4-204-232-3>		"c̷m-"@cjh	
"i-kan"@azz	<http://ids.clld.org/values/12-11-222-5>		<http://ids.clld.org/parameters/12-11>		<http://ids.clld.org/values/12-11-232-1>		"'ʔaw-"@cjh	
"ačawtah"@azz	<http://ids.clld.org/values/1-380-222-1>		<http://ids.clld.org/parameters/1-380>		<http://ids.clld.org/values/1-380-232-1>		"'paɬχn-"@cjh	
"i-ma-y"@azz	<http://ids.clld.org/values/4-310-222-3>		<http://ids.clld.org/parameters/4-310>		<http://ids.clld.org/values/4-310-232-1>		"'čališ-"@cjh	
"ki-noc̷a"@azz	<http://ids.clld.org/values/18-410-222-1>		<http://ids.clld.org/parameters/18-410>		<http://ids.clld.org/values/18-410-232-1>		"'tˀəḳʷˀ-"@cjh	
"ki-tal-toka"@azz	<http://ids.clld.org/values/4-780-222-3>		<http://ids.clld.org/parameters/4-780>		<http://ids.clld.org/values/4-780-232-1>		"'nəm-"@cjh	
"ta-i-kampa"@azz	<http://ids.clld.org/values/12-11-222-1>		<http://ids.clld.org/parameters/12-11>		<http://ids.clld.org/values/12-11-232-1>		"'ʔaw-"@cjh	
"mo-sewi-a"@azz	<http://ids.clld.org/values/4-912-222-1>		<http://ids.clld.org/parameters/4-912>		<http://ids.clld.org/values/4-912-232-1>		"'naɬa-"@cjh	
"omi-t"@azz	<http://ids.clld.org/values/4-160-222-1>		<http://ids.clld.org/parameters/4-160>		<http://ids.clld.org/values/4-160-232-1>		"'šawˀ"@cjh	
"čiči-k"@azz	<http://ids.clld.org/values/15-370-222-1>		<http://ids.clld.org/parameters/15-370>		<http://ids.clld.org/values/15-370-232-1>		"'tɬˀəɬ"@cjh	
"ihwi-t"@azz	<http://ids.clld.org/values/4-393-222-1>		<http://ids.clld.org/parameters/4-393>		<http://ids.clld.org/values/4-393-232-1>		"'tˀuḳʷ-"@cjh	
"i-naka-yo-h"@azz	<http://ids.clld.org/values/4-130-222-1>		<http://ids.clld.org/parameters/4-130>		<http://ids.clld.org/values/4-130-232-1>		"'šic̷-"@cjh	
"čipini"@azz	<http://ids.clld.org/values/4-591-222-3>		<http://ids.clld.org/parameters/4-591>		<http://ids.clld.org/values/4-591-232-1>		"'c̷ətχ-"@cjh	
"i-ten ~ teem-"@azz	<http://ids.clld.org/values/4-240-222-1>		<http://ids.clld.org/parameters/4-240>		<http://ids.clld.org/values/4-240-232-1>		"ḳə'nuš-"@cjh	
"i-ahkol"@azz	<http://ids.clld.org/values/4-310-222-1>		<http://ids.clld.org/parameters/4-310>		<http://ids.clld.org/values/4-310-232-1>		"'čališ-"@cjh	
"i-ma-keč-tan"@azz	<http://ids.clld.org/values/4-321-222-3>		<http://ids.clld.org/parameters/4-321>		<http://ids.clld.org/values/4-321-232-1>		"tˀa'las-"@cjh	
"wiwiyoka"@azz	<http://ids.clld.org/values/4-680-222-5>		<http://ids.clld.org/parameters/4-680>		<http://ids.clld.org/values/4-680-232-1>		"'čˀən-"@cjh	
"wan"@azz	<http://ids.clld.org/values/17-510-222-1>		<http://ids.clld.org/parameters/17-510>		<http://ids.clld.org/values/17-510-232-1>		"ča"@cjh	
"wan"@azz	<http://ids.clld.org/values/17-510-222-1>		<http://ids.clld.org/parameters/17-510>		<http://ids.clld.org/values/17-510-232-3>		"pəs"@cjh	
"i-kʷita-panomi[y]o"@azz	<http://ids.clld.org/values/4-191-222-1>		<http://ids.clld.org/parameters/4-191>		<http://ids.clld.org/values/4-191-232-3>		"'šawˀ"@cjh	
"i-kʷita-panomi[y]o"@azz	<http://ids.clld.org/values/4-191-222-1>		<http://ids.clld.org/parameters/4-191>		<http://ids.clld.org/values/4-191-232-1>		"'nəw-"@cjh	
"i-kʷita-panomi[y]o"@azz	<http://ids.clld.org/values/4-191-222-1>		<http://ids.clld.org/parameters/4-191>		<http://ids.clld.org/values/4-191-232-5>		"χaw-"@cjh	
"isti"@azz	<http://ids.clld.org/values/4-344-222-1>		<http://ids.clld.org/parameters/4-344>		<http://ids.clld.org/values/4-344-232-1>		"pap-"@cjh	
"i-e-yo"@azz	<http://ids.clld.org/values/4-451-222-1>		<http://ids.clld.org/parameters/4-451>		<http://ids.clld.org/values/4-451-232-1>		"mə'tˀus-"@cjh	
"ta-sek wec̷i"@azz	<http://ids.clld.org/values/1-760-222-1>		<http://ids.clld.org/parameters/1-760>		<http://ids.clld.org/values/1-760-232-1>		"'ɬaḳʷˀ-"@cjh	
"-tanewi"@azz	<http://ids.clld.org/values/11-620-222-3>		<http://ids.clld.org/parameters/11-620>		<http://ids.clld.org/values/11-620-232-1>		"'čōyaʔ"@cjh	
"i-popoc̷o-a"@azz	<http://ids.clld.org/values/4-441-222-1>		<http://ids.clld.org/parameters/4-441>		<http://ids.clld.org/values/4-441-232-1>		"'pˀus-"@cjh	
"pak-tok"@azz	<http://ids.clld.org/values/4-830-222-1>		<http://ids.clld.org/parameters/4-830>		<http://ids.clld.org/values/4-830-232-1>		"'c̷ˀəp"@cjh	
"topo-ni"@azz	<http://ids.clld.org/values/1-560-222-1>		<http://ids.clld.org/parameters/1-560>		<http://ids.clld.org/values/1-560-232-1>		"'tuḳʷ-"@cjh	
"ki-tapana"@azz	<http://ids.clld.org/values/9-260-222-1>		<http://ids.clld.org/parameters/9-260>		<http://ids.clld.org/values/9-260-232-1>		"'χətɬˀ-"@cjh	
"kʷaw-ti-k"@azz	<http://ids.clld.org/values/4-910-222-7>		<http://ids.clld.org/parameters/4-910>		<http://ids.clld.org/values/4-910-232-1>		"'xʷən-"@cjh	
"ačawit"@azz	<http://ids.clld.org/values/1-380-222-3>		<http://ids.clld.org/parameters/1-380>		<http://ids.clld.org/values/1-380-232-1>		"'paɬχn-"@cjh	
"tatoki-a"@azz	<http://ids.clld.org/values/5-240-222-1>		<http://ids.clld.org/parameters/5-240>		<http://ids.clld.org/values/5-240-232-3>		"c̷ˀa'χʷasi-"@cjh	
"tatoki-a"@azz	<http://ids.clld.org/values/5-240-222-1>		<http://ids.clld.org/parameters/5-240>		<http://ids.clld.org/values/5-240-232-1>		"'ʔac̷aḳʷi-"@cjh	
"iš-pil"@azz	<http://ids.clld.org/values/4-214-222-1>		<http://ids.clld.org/parameters/4-214>		<http://ids.clld.org/values/4-214-232-1>		"'c̷ˀipxʷ-"@cjh	
"tehko-ka"@azz	<http://ids.clld.org/values/10-210-222-3>		<http://ids.clld.org/parameters/10-210>		<http://ids.clld.org/values/10-210-232-1>		"'xʷətˀi-"@cjh	
"ki-pic̷a"@azz	<http://ids.clld.org/values/10-380-222-3>		<http://ids.clld.org/parameters/10-380>		<http://ids.clld.org/values/10-380-232-1>		"'puxʷi-"@cjh	
"kihiyo-mik-ti-a"@azz	<http://ids.clld.org/values/5-190-222-3>		<http://ids.clld.org/parameters/5-190>		<http://ids.clld.org/values/5-190-232-3>		"'ḳəḳ-"@cjh	
"kihiyo-mik-ti-a"@azz	<http://ids.clld.org/values/5-190-222-3>		<http://ids.clld.org/parameters/5-190>		<http://ids.clld.org/values/5-190-232-1>		"'mic̷ˀi-"@cjh	
"mimi-li-ni"@azz	<http://ids.clld.org/values/1-820-222-1>		<http://ids.clld.org/parameters/1-820>		<http://ids.clld.org/values/1-820-232-1>		"'kəw-"@cjh	
"ekawil"@azz	<http://ids.clld.org/values/1-630-222-1>		<http://ids.clld.org/parameters/1-630>		<http://ids.clld.org/values/1-630-232-3>		"ḳaḳ-"@cjh	
"ekawil"@azz	<http://ids.clld.org/values/1-630-222-1>		<http://ids.clld.org/parameters/1-630>		<http://ids.clld.org/values/1-630-232-1>		"'taḳa-"@cjh	
"poso-k"@azz	<http://ids.clld.org/values/1-324-222-1>		<http://ids.clld.org/parameters/1-324>		<http://ids.clld.org/values/1-324-232-1>		"'payin-"@cjh	
"pani"@azz	<http://ids.clld.org/values/12-80-222-5>		<http://ids.clld.org/parameters/12-80>		<http://ids.clld.org/values/12-80-232-1>		"'tɬˀukʷˀ"@cjh	
"yool"@azz	<http://ids.clld.org/values/4-440-222-1>		<http://ids.clld.org/parameters/4-440>		<http://ids.clld.org/values/4-440-232-1>		"'ḳʷəlam-"@cjh	
"koči-lis"@azz	<http://ids.clld.org/values/4-620-222-3>		<http://ids.clld.org/parameters/4-620>		<http://ids.clld.org/values/4-620-232-1>		"'tukʷli-"@cjh	
"kʷakʷeh-meh"@azz	<http://ids.clld.org/values/3-200-222-3>		<http://ids.clld.org/parameters/3-200>		<http://ids.clld.org/values/3-200-232-1>		"'mus"@cjh	
"-wiikaa"@azz	<http://ids.clld.org/values/10-620-222-1>		<http://ids.clld.org/parameters/10-620>		<http://ids.clld.org/values/10-620-232-1>		"'tˀul-"@cjh	
"ki-mik-ti-[y]a"@azz	<http://ids.clld.org/values/4-760-222-3>		<http://ids.clld.org/parameters/4-760>		<http://ids.clld.org/values/4-760-232-1>		"'tixʷni-"@cjh	
"ki-ta-neš-ti-a"@azz	<http://ids.clld.org/values/1-610-222-3>		<http://ids.clld.org/parameters/1-610>		<http://ids.clld.org/values/1-610-232-1>		"ḳə'ləχ-"@cjh	
"kosamalo-t"@azz	<http://ids.clld.org/values/1-590-222-1>		<http://ids.clld.org/parameters/1-590>		<http://ids.clld.org/values/1-590-232-1>		"'xʷəplˀḳn"@cjh	
"ištawa-t"@azz	<http://ids.clld.org/values/1-230-222-5>		<http://ids.clld.org/parameters/1-230>		<http://ids.clld.org/values/1-230-232-1>		"'maḳʷam-"@cjh	
"pewa"@azz	<http://ids.clld.org/values/14-250-222-1>		<http://ids.clld.org/parameters/14-250>		<http://ids.clld.org/values/14-250-232-1>		"'tulap-"@cjh	
"yol-tok"@azz	<http://ids.clld.org/values/4-740-222-1>		<http://ids.clld.org/parameters/4-740>		<http://ids.clld.org/values/4-740-232-1>		"pˀa'luxʷ"@cjh	
"yol-tok"@azz	<http://ids.clld.org/values/4-740-222-1>		<http://ids.clld.org/parameters/4-740>		<http://ids.clld.org/values/4-740-232-3>		"'kʷaxʷ-"@cjh	
"ki-pahpaka"@azz	<http://ids.clld.org/values/4-690-222-1>		<http://ids.clld.org/parameters/4-690>		<http://ids.clld.org/values/4-690-232-1>		"'pˀǣχluwˀ"@cjh	
"mo-šišiša"@azz	<http://ids.clld.org/values/4-650-222-1>		<http://ids.clld.org/parameters/4-650>		<http://ids.clld.org/values/4-650-232-1>		"'xʷay"@cjh	
"sosolka"@azz	<http://ids.clld.org/values/4-612-222-1>		<http://ids.clld.org/parameters/4-612>		<http://ids.clld.org/values/4-612-232-1>		"'χʷōlan-"@cjh	
"ta-yowa-ya-ni-lo-t"@azz	<http://ids.clld.org/values/1-620-222-3>		<http://ids.clld.org/parameters/1-620>		<http://ids.clld.org/values/1-620-232-1>		"tˀa'nˀap"@cjh	
"i-nene-pil"@azz	<http://ids.clld.org/values/4-260-222-1>		<http://ids.clld.org/parameters/4-260>		<http://ids.clld.org/values/4-260-232-1>		"'tixʷc̷aɬ-"@cjh	
"teko-l"@azz	<http://ids.clld.org/values/1-890-222-1>		<http://ids.clld.org/parameters/1-890>		<http://ids.clld.org/values/1-890-232-1>		"'c̷ˀæ(?)-"@cjh	
"ihkopi"@azz	<http://ids.clld.org/values/4-215-222-1>		<http://ids.clld.org/parameters/4-215>		<http://ids.clld.org/values/4-215-232-1>		"ɬip-"@cjh	
"ahtapal"@azz	<http://ids.clld.org/values/4-392-222-1>		<http://ids.clld.org/parameters/4-392>		<http://ids.clld.org/values/4-392-232-1>		"tɬˀə'ḳˀali-"@cjh	
"čikiwi-t"@azz	<http://ids.clld.org/values/9-760-222-1>		<http://ids.clld.org/parameters/9-760>		<http://ids.clld.org/values/9-760-232-1>		"'ḳāʔ"@cjh	
"koko-š-kakʷi"@azz	<http://ids.clld.org/values/4-840-222-5>		<http://ids.clld.org/parameters/4-840>		<http://ids.clld.org/values/4-840-232-3>		"'tač"@cjh	
"koko-š-kakʷi"@azz	<http://ids.clld.org/values/4-840-222-5>		<http://ids.clld.org/parameters/4-840>		<http://ids.clld.org/values/4-840-232-1>		"'ɬəčˀ"@cjh	
"koko-š-kakʷi"@azz	<http://ids.clld.org/values/4-840-222-5>		<http://ids.clld.org/parameters/4-840>		<http://ids.clld.org/values/4-840-232-5>		"χaw-"@cjh	
"-miki-tii"@azz	<http://ids.clld.org/values/4-750-222-3>		<http://ids.clld.org/parameters/4-750>		<http://ids.clld.org/values/4-750-232-1>		"'ʔatmin-"@cjh	
"a-sek"@azz	<http://ids.clld.org/values/1-770-222-3>		<http://ids.clld.org/parameters/1-770>		<http://ids.clld.org/values/1-770-232-1>		"ḳˀa'xʷa-"@cjh	
"kʷow-neš"@azz	<http://ids.clld.org/values/1-840-222-1>		<http://ids.clld.org/parameters/1-840>		<http://ids.clld.org/values/1-840-232-1>		"ḳʷˀə'li-"@cjh	
"kʷowi-t"@azz	<http://ids.clld.org/values/1-880-222-1>		<http://ids.clld.org/parameters/1-880>		<http://ids.clld.org/values/1-880-232-1>		"'χʷā-"@cjh	
"seh-se"@azz	<http://ids.clld.org/values/13-140-222-1>		<http://ids.clld.org/parameters/13-140>		<http://ids.clld.org/values/13-140-232-1>		"ḳˀa-"@cjh	
"čikaw-tok"@azz	<http://ids.clld.org/values/4-810-222-5>		<http://ids.clld.org/parameters/4-810>		<http://ids.clld.org/values/4-810-232-1>		"'c̷ˀəp"@cjh	
"i-ten-a-yo"@azz	<http://ids.clld.org/values/4-560-222-5>		<http://ids.clld.org/parameters/4-560>		<http://ids.clld.org/values/4-560-232-3>		"'ḳāʔ"@cjh	
"i-ten-a-yo"@azz	<http://ids.clld.org/values/4-560-222-5>		<http://ids.clld.org/parameters/4-560>		<http://ids.clld.org/values/4-560-232-1>		"'təχʷs-"@cjh	
"ta-tahko-yan"@azz	<http://ids.clld.org/values/12-370-222-1>		<http://ids.clld.org/parameters/12-370>		<http://ids.clld.org/values/12-370-232-1>		"'kʷac̷-"@cjh	
"eheka-t"@azz	<http://ids.clld.org/values/1-710-222-1>		<http://ids.clld.org/parameters/1-710>		<http://ids.clld.org/values/1-710-232-1>		"tɬˀə'ḳi-"@cjh	
"i-poš"@azz	<http://ids.clld.org/values/4-470-222-1>		<http://ids.clld.org/parameters/4-470>		<http://ids.clld.org/values/4-470-232-1>		"'manˀ"@cjh	
"šoko-t"@azz	<http://ids.clld.org/values/5-710-222-1>		<http://ids.clld.org/parameters/5-710>		<http://ids.clld.org/values/5-710-232-1>		"ḳʷˀə'li-"@cjh	
"toto-c̷in"@azz	<http://ids.clld.org/values/3-581-222-1>		<http://ids.clld.org/parameters/3-581>		<http://ids.clld.org/values/3-581-232-1>		"'pēps-"@cjh	
"ki-tati-(y)a"@azz	<http://ids.clld.org/values/1-851-222-3>		<http://ids.clld.org/parameters/1-851>		<http://ids.clld.org/values/1-851-232-3>		"'kəw-"@cjh	
"ki-tati-(y)a"@azz	<http://ids.clld.org/values/1-851-222-3>		<http://ids.clld.org/parameters/1-851>		<http://ids.clld.org/values/1-851-232-1>		"'ɬəχ-"@cjh	
"i-nakas"@azz	<http://ids.clld.org/values/4-220-222-1>		<http://ids.clld.org/parameters/4-220>		<http://ids.clld.org/values/4-220-232-1>		"ḳʷˀal-"@cjh	
"čikawa-k"@azz	<http://ids.clld.org/values/4-810-222-1>		<http://ids.clld.org/parameters/4-810>		<http://ids.clld.org/values/4-810-232-1>		"'c̷ˀəp"@cjh	
"i-tan-kʷa-y"@azz	<http://ids.clld.org/values/4-360-222-1>		<http://ids.clld.org/parameters/4-360>		<http://ids.clld.org/values/4-360-232-1>		"ta'nˀis-"@cjh	
"iš-pil-kʷetaš-yo"@azz	<http://ids.clld.org/values/4-213-222-1>		<http://ids.clld.org/parameters/4-213>		<http://ids.clld.org/values/4-213-232-1>		"'šic̷-"@cjh	
"čočopoka"@azz	<http://ids.clld.org/values/5-220-222-5>		<http://ids.clld.org/parameters/5-220>		<http://ids.clld.org/values/5-220-232-1>		"'c̷əḳ-"@cjh	
"čočopoka"@azz	<http://ids.clld.org/values/5-220-222-5>		<http://ids.clld.org/parameters/5-220>		<http://ids.clld.org/values/5-220-232-3>		"'ləp-"@cjh	
"tal-mani-k"@azz	<http://ids.clld.org/values/1-100-222-3>		<http://ids.clld.org/parameters/1-100>		<http://ids.clld.org/values/1-100-232-1>		"tə'miš-"@cjh	
"i-koc̷-ko"@azz	<http://ids.clld.org/values/4-352-222-3>		<http://ids.clld.org/parameters/4-352>		<http://ids.clld.org/values/4-352-232-1>		"'ʔaw-"@cjh	
"sawa-t"@azz	<http://ids.clld.org/values/4-854-222-5>		<http://ids.clld.org/parameters/4-854>		<http://ids.clld.org/values/4-854-232-1>		"'c̷ˀaḳa-"@cjh	
"i-ma-h-pil"@azz	<http://ids.clld.org/values/4-340-222-1>		<http://ids.clld.org/parameters/4-340>		<http://ids.clld.org/values/4-340-232-1>		"ɬa'χay-"@cjh	
"[sera]-okʷil-c̷in"@azz	<http://ids.clld.org/values/3-820-222-1>		<http://ids.clld.org/parameters/3-820>		<http://ids.clld.org/values/3-820-232-1>		"ḳʷa'təm-"@cjh	
"i-ten-šipal"@azz	<http://ids.clld.org/values/4-250-222-1>		<http://ids.clld.org/parameters/4-250>		<http://ids.clld.org/values/4-250-232-1>		"kʷa'təl-"@cjh	
"i-mec̷"@azz	<http://ids.clld.org/values/4-370-222-1>		<http://ids.clld.org/parameters/4-370>		<http://ids.clld.org/values/4-370-232-3>		"'tawˀ"@cjh	
"i-mec̷"@azz	<http://ids.clld.org/values/4-370-222-1>		<http://ids.clld.org/parameters/4-370>		<http://ids.clld.org/values/4-370-232-1>		"'c̷ulis-"@cjh	
"i-ma-kpal"@azz	<http://ids.clld.org/values/4-331-222-3>		<http://ids.clld.org/parameters/4-331>		<http://ids.clld.org/values/4-331-232-1>		"tˀa'las-"@cjh	
"čiko-ti-k"@azz	<http://ids.clld.org/values/9-140-222-3>		<http://ids.clld.org/parameters/9-140>		<http://ids.clld.org/values/9-140-232-1>		"'puyi-"@cjh	
"mo-yoliš-kepa"@azz	<http://ids.clld.org/values/4-570-222-3>		<http://ids.clld.org/parameters/4-570>		<http://ids.clld.org/values/4-570-232-1>		"ɬa'χʷa-"@cjh	
"tawan-keh"@azz	<http://ids.clld.org/values/4-980-222-3>		<http://ids.clld.org/parameters/4-980>		<http://ids.clld.org/values/4-980-232-1>		"'lam"@cjh	
"tawan-keh"@azz	<http://ids.clld.org/values/4-980-222-3>		<http://ids.clld.org/parameters/4-980>		<http://ids.clld.org/values/4-980-232-3>		"'ḳʷōʔ"@cjh	
"weyi-a-t"@azz	<http://ids.clld.org/values/1-360-222-1>		<http://ids.clld.org/parameters/1-360>		<http://ids.clld.org/values/1-360-232-1>		"'ḳāʔ"@cjh	
"weyi-a-t"@azz	<http://ids.clld.org/values/1-360-222-1>		<http://ids.clld.org/parameters/1-360>		<http://ids.clld.org/values/1-360-232-3>		"'c̷apaš-"@cjh	
"weyi-a-t"@azz	<http://ids.clld.org/values/1-360-222-1>		<http://ids.clld.org/parameters/1-360>		<http://ids.clld.org/values/1-360-232-5>		"'nəxʷ-"@cjh	
"šikal-ti-k"@azz	<http://ids.clld.org/values/4-990-222-1>		<http://ids.clld.org/parameters/4-990>		<http://ids.clld.org/values/4-990-232-1>		"mə'ləχʷ-"@cjh	
"amel"@azz	<http://ids.clld.org/values/1-370-222-1>		<http://ids.clld.org/parameters/1-370>		<http://ids.clld.org/values/1-370-232-1>		"'c̷iḳʷi-"@cjh	
"amel"@azz	<http://ids.clld.org/values/1-370-222-1>		<http://ids.clld.org/parameters/1-370>		<http://ids.clld.org/values/1-370-232-3>		"'ḳāʔ"@cjh	
"c̷ine-wa"@azz	<http://ids.clld.org/values/14-250-222-3>		<http://ids.clld.org/parameters/14-250>		<http://ids.clld.org/values/14-250-232-1>		"'tulap-"@cjh	
"mow-kayot"@azz	<http://ids.clld.org/values/16-530-222-1>		<http://ids.clld.org/parameters/16-530>		<http://ids.clld.org/values/16-530-232-1>		"ḳʷa'nu-"@cjh	
"siowi-k"@azz	<http://ids.clld.org/values/4-910-222-1>		<http://ids.clld.org/parameters/4-910>		<http://ids.clld.org/values/4-910-232-1>		"'xʷən-"@cjh	
"nakas-c̷ac̷a"@azz	<http://ids.clld.org/values/4-950-222-1>		<http://ids.clld.org/parameters/4-950>		<http://ids.clld.org/values/4-950-232-1>		"'təḳ-"@cjh	
"-maa ~ mah"@azz	<http://ids.clld.org/values/4-330-222-3>		<http://ids.clld.org/parameters/4-330>		<http://ids.clld.org/values/4-330-232-1>		"'čališ-"@cjh	
"i-kačeteh"@azz	<http://ids.clld.org/values/4-208-222-3>		<http://ids.clld.org/parameters/4-208>		<http://ids.clld.org/values/4-208-232-1>		"'c̷ˀiḳ-"@cjh	
"akomol"@azz	<http://ids.clld.org/values/1-370-222-5>		<http://ids.clld.org/parameters/1-370>		<http://ids.clld.org/values/1-370-232-1>		"'c̷iḳʷi-"@cjh	
"akomol"@azz	<http://ids.clld.org/values/1-370-222-5>		<http://ids.clld.org/parameters/1-370>		<http://ids.clld.org/values/1-370-232-3>		"'ḳāʔ"@cjh	
"ki-nakili-a"@azz	<http://ids.clld.org/values/18-320-222-1>		<http://ids.clld.org/parameters/18-320>		<http://ids.clld.org/values/18-320-232-1>		"'kʷawˀ-"@cjh	
"te-pahtih-keh"@azz	<http://ids.clld.org/values/4-870-222-1>		<http://ids.clld.org/parameters/4-870>		<http://ids.clld.org/values/4-870-232-1>		"'pəlxʷ-"@cjh	
"kʷa-šikal-ti-k"@azz	<http://ids.clld.org/values/4-930-222-1>		<http://ids.clld.org/parameters/4-930>		<http://ids.clld.org/values/4-930-232-1>		"'ɬuḳʷˀ-"@cjh	
"soki-yo"@azz	<http://ids.clld.org/values/1-214-222-3>		<http://ids.clld.org/parameters/1-214>		<http://ids.clld.org/values/1-214-232-1>		"ḳˀa'χayˀ-"@cjh	
"kʷakʷow-kone-t"@azz	<http://ids.clld.org/values/3-240-222-1>		<http://ids.clld.org/parameters/3-240>		<http://ids.clld.org/values/3-240-232-1>		"'mus"@cjh	
"i-iš-tololo"@azz	<http://ids.clld.org/values/4-210-222-1>		<http://ids.clld.org/parameters/4-210>		<http://ids.clld.org/values/4-210-232-1>		"'tawˀ"@cjh	
"tal-tikpa-k"@azz	<http://ids.clld.org/values/1-100-222-1>		<http://ids.clld.org/parameters/1-100>		<http://ids.clld.org/values/1-100-232-1>		"tə'miš-"@cjh	
"i-yolo"@azz	<http://ids.clld.org/values/4-440-222-3>		<http://ids.clld.org/parameters/4-440>		<http://ids.clld.org/values/4-440-232-1>		"'ḳʷəlam-"@cjh	
"i-c̷in-tan"@azz	<http://ids.clld.org/values/4-464-222-1>		<http://ids.clld.org/parameters/4-464>		<http://ids.clld.org/values/4-464-232-1>		"'χʷum-"@cjh	
"tal-pan"@azz	<http://ids.clld.org/values/1-212-222-1>		<http://ids.clld.org/parameters/1-212>		<http://ids.clld.org/values/1-212-232-1>		"tə'miš-"@cjh	
"ikšo-lis"@azz	<http://ids.clld.org/values/4-540-222-3>		<http://ids.clld.org/parameters/4-540>		<http://ids.clld.org/values/4-540-232-1>		"'ʔaw-"@cjh	
"ahwačti"@azz	<http://ids.clld.org/values/1-640-222-1>		<http://ids.clld.org/parameters/1-640>		<http://ids.clld.org/values/1-640-232-1>		"'səxʷ-"@cjh	
"mo-koko-a"@azz	<http://ids.clld.org/values/4-840-222-1>		<http://ids.clld.org/parameters/4-840>		<http://ids.clld.org/values/4-840-232-3>		"'tač"@cjh	
"mo-koko-a"@azz	<http://ids.clld.org/values/4-840-222-1>		<http://ids.clld.org/parameters/4-840>		<http://ids.clld.org/values/4-840-232-1>		"'ɬəčˀ"@cjh	
"mo-koko-a"@azz	<http://ids.clld.org/values/4-840-222-1>		<http://ids.clld.org/parameters/4-840>		<http://ids.clld.org/values/4-840-232-5>		"χaw-"@cjh	
"i-tem-pil"@azz	<http://ids.clld.org/values/4-241-222-1>		<http://ids.clld.org/parameters/4-241>		<http://ids.clld.org/values/4-241-232-1>		"'ɬəkʷˀ-"@cjh	
"wehka-w-kayo-t"@azz	<http://ids.clld.org/values/2-560-222-1>		<http://ids.clld.org/parameters/2-560>		<http://ids.clld.org/values/2-560-232-1>		"'tulap-"@cjh	
"tiotak"@azz	<http://ids.clld.org/values/14-451-222-1>		<http://ids.clld.org/parameters/14-451>		<http://ids.clld.org/values/14-451-232-1>		"ɬu'kʷaɬ"@cjh	
"tapeč"@azz	<http://ids.clld.org/values/7-420-222-5>		<http://ids.clld.org/parameters/7-420>		<http://ids.clld.org/values/7-420-232-1>		"c̷ə'kʷi-"@cjh	
"teko-l"@azz	<http://ids.clld.org/values/1-841-222-1>		<http://ids.clld.org/parameters/1-841>		<http://ids.clld.org/values/1-841-232-1>		"'ḳʷˀaɬ-"@cjh	
"i-poš"@azz	<http://ids.clld.org/values/4-460-222-1>		<http://ids.clld.org/parameters/4-460>		<http://ids.clld.org/values/4-460-232-1>		"'tɬˀač"@cjh	
"i-poš"@azz	<http://ids.clld.org/values/4-460-222-1>		<http://ids.clld.org/parameters/4-460>		<http://ids.clld.org/values/4-460-232-3>		"'kʷˀasin-"@cjh	
"i-poš"@azz	<http://ids.clld.org/values/4-460-222-1>		<http://ids.clld.org/parameters/4-460>		<http://ids.clld.org/values/4-460-232-5>		"'tawˀ"@cjh	
"i-sekatan"@azz	<http://ids.clld.org/values/4-312-222-1>		<http://ids.clld.org/parameters/4-312>		<http://ids.clld.org/values/4-312-232-1>		"'tɬˀəp"@cjh	
"ačto"@azz	<http://ids.clld.org/values/12-40-222-1>		<http://ids.clld.org/parameters/12-40>		<http://ids.clld.org/values/12-40-232-1>		"'c̷əni"@cjh	
"totopoka"@azz	<http://ids.clld.org/values/1-560-222-3>		<http://ids.clld.org/parameters/1-560>		<http://ids.clld.org/values/1-560-232-1>		"'tuḳʷ-"@cjh	
"koč-kama-čalo-a"@azz	<http://ids.clld.org/values/4-520-222-1>		<http://ids.clld.org/parameters/4-520>		<http://ids.clld.org/values/4-520-232-1>		"'c̷ˀawačˀa"@cjh	
"i-weyi ma-h-pil"@azz	<http://ids.clld.org/values/4-342-222-1>		<http://ids.clld.org/parameters/4-342>		<http://ids.clld.org/values/4-342-232-1>		"šɬč'tunway-"@cjh	
"ihsa"@azz	<http://ids.clld.org/values/4-630-222-3>		<http://ids.clld.org/parameters/4-630>		<http://ids.clld.org/values/4-630-232-1>		"'pˀala-"@cjh	
"k-ihšiti-a"@azz	<http://ids.clld.org/values/4-630-222-1>		<http://ids.clld.org/parameters/4-630>		<http://ids.clld.org/values/4-630-232-1>		"'pˀala-"@cjh	
"ačto-pa"@azz	<http://ids.clld.org/values/12-40-222-3>		<http://ids.clld.org/parameters/12-40>		<http://ids.clld.org/values/12-40-232-1>		"'c̷əni"@cjh	
"tal-neš"@azz	<http://ids.clld.org/values/1-213-222-1>		<http://ids.clld.org/parameters/1-213>		<http://ids.clld.org/values/1-213-232-1>		"tɬˀə'səḳʷ-"@cjh	
"kʷika"@azz	<http://ids.clld.org/values/10-610-222-3>		<http://ids.clld.org/parameters/10-610>		<http://ids.clld.org/values/10-610-232-1>		"'ʔam-"@cjh	
"inakastan"@azz	<http://ids.clld.org/values/12-20-222-5>		<http://ids.clld.org/parameters/12-20>		<http://ids.clld.org/values/12-20-232-1>		"'pˀən-"@cjh	
"ekawil-ti"@azz	<http://ids.clld.org/values/1-630-222-5>		<http://ids.clld.org/parameters/1-630>		<http://ids.clld.org/values/1-630-232-3>		"ḳaḳ-"@cjh	
"ekawil-ti"@azz	<http://ids.clld.org/values/1-630-222-5>		<http://ids.clld.org/parameters/1-630>		<http://ids.clld.org/values/1-630-232-1>		"'taḳa-"@cjh	
"tanew-ti"@azz	<http://ids.clld.org/values/11-620-222-1>		<http://ids.clld.org/parameters/11-620>		<http://ids.clld.org/values/11-620-232-1>		"'čōyaʔ"@cjh	
"kʷow"@azz	<http://ids.clld.org/values/1-430-222-3>		<http://ids.clld.org/parameters/1-430>		<http://ids.clld.org/values/1-430-232-1>		"'tɬˀəš-tɬˀaš-"@cjh	
"posawa-k"@azz	<http://ids.clld.org/values/4-853-222-1>		<http://ids.clld.org/parameters/4-853>		<http://ids.clld.org/values/4-853-232-1>		"pu'su-"@cjh	
"iš-kʷa-y"@azz	<http://ids.clld.org/values/4-205-222-3>		<http://ids.clld.org/parameters/4-205>		<http://ids.clld.org/values/4-205-232-1>		"'pukʷis-"@cjh	
"kapisayoh"@azz	<http://ids.clld.org/values/6-410-222-1>		<http://ids.clld.org/parameters/6-410>		<http://ids.clld.org/values/6-410-232-1>		"'lala"@cjh	
"ihsa-tok"@azz	<http://ids.clld.org/values/4-630-222-7>		<http://ids.clld.org/parameters/4-630>		<http://ids.clld.org/values/4-630-232-1>		"'pˀala-"@cjh	
"iihyoyo"@azz	<http://ids.clld.org/values/4-510-222-3>		<http://ids.clld.org/parameters/4-510>		<http://ids.clld.org/values/4-510-232-3>		"'ḳama-"@cjh	
"iihyoyo"@azz	<http://ids.clld.org/values/4-510-222-3>		<http://ids.clld.org/parameters/4-510>		<http://ids.clld.org/values/4-510-232-1>		"tɬˀə'ḳi-"@cjh	
"i-el-pan"@azz	<http://ids.clld.org/values/4-400-222-1>		<http://ids.clld.org/parameters/4-400>		<http://ids.clld.org/values/4-400-232-1>		"'taχʷac̷-"@cjh	
"i-sel-ti"@azz	<http://ids.clld.org/values/13-330-222-1>		<http://ids.clld.org/parameters/13-330>		<http://ids.clld.org/values/13-330-232-1>		"'ʔuc̷ˀs"@cjh	
"tal"@azz	<http://ids.clld.org/values/1-210-222-1>		<http://ids.clld.org/parameters/1-210>		<http://ids.clld.org/values/1-210-232-1>		"tə'miš-"@cjh	
"iš-pilwi-yo"@azz	<http://ids.clld.org/values/4-214-222-3>		<http://ids.clld.org/parameters/4-214>		<http://ids.clld.org/values/4-214-232-1>		"'c̷ˀipxʷ-"@cjh	
"i-tan"@azz	<http://ids.clld.org/values/4-270-222-1>		<http://ids.clld.org/parameters/4-270>		<http://ids.clld.org/values/4-270-232-1>		"yə'nis-"@cjh	
"i-mec̷-keč-saliwiyan"@azz	<http://ids.clld.org/values/4-371-222-1>		<http://ids.clld.org/parameters/4-371>		<http://ids.clld.org/values/4-371-232-1>		"ḳə'muχʷ-"@cjh	
"aya-t"@azz	<http://ids.clld.org/values/7-422-222-3>		<http://ids.clld.org/parameters/7-422>		<http://ids.clld.org/values/7-422-232-1>		"'ɬaχɬin-"@cjh	
"koko-lis"@azz	<http://ids.clld.org/values/4-840-222-3>		<http://ids.clld.org/parameters/4-840>		<http://ids.clld.org/values/4-840-232-3>		"'tač"@cjh	
"koko-lis"@azz	<http://ids.clld.org/values/4-840-222-3>		<http://ids.clld.org/parameters/4-840>		<http://ids.clld.org/values/4-840-232-1>		"'ɬəčˀ"@cjh	
"koko-lis"@azz	<http://ids.clld.org/values/4-840-222-3>		<http://ids.clld.org/parameters/4-840>		<http://ids.clld.org/values/4-840-232-5>		"χaw-"@cjh	
"-pah"@azz	<http://ids.clld.org/values/4-880-222-1>		<http://ids.clld.org/parameters/4-880>		<http://ids.clld.org/values/4-880-232-1>		"ʔa'yōʔi-"@cjh	
"i-ma-y"@azz	<http://ids.clld.org/values/4-330-222-1>		<http://ids.clld.org/parameters/4-330>		<http://ids.clld.org/values/4-330-232-1>		"'čališ-"@cjh	
"yeka"@azz	<http://ids.clld.org/values/4-230-222-1>		<http://ids.clld.org/parameters/4-230>		<http://ids.clld.org/values/4-230-232-1>		"'məḳsin-"@cjh	
"ta-miš-tentok"@azz	<http://ids.clld.org/values/1-740-222-3>		<http://ids.clld.org/parameters/1-740>		<http://ids.clld.org/values/1-740-232-1>		"'pˀəɬ-"@cjh	
"i-ten-c̷on-yo"@azz	<http://ids.clld.org/values/4-142-222-1>		<http://ids.clld.org/parameters/4-142>		<http://ids.clld.org/values/4-142-232-1>		"čˀp-"@cjh	
"noči"@azz	<http://ids.clld.org/values/13-140-222-3>		<http://ids.clld.org/parameters/13-140>		<http://ids.clld.org/values/13-140-232-1>		"ḳˀa-"@cjh	
"kʷač-ti-k"@azz	<http://ids.clld.org/values/4-910-222-5>		<http://ids.clld.org/parameters/4-910>		<http://ids.clld.org/values/4-910-232-1>		"'xʷən-"@cjh	
"i-mec̷-ikši-pil"@azz	<http://ids.clld.org/values/4-380-222-1>		<http://ids.clld.org/parameters/4-380>		<http://ids.clld.org/values/4-380-232-1>		"šɬč'tunway-"@cjh	
"molo-ni"@azz	<http://ids.clld.org/values/5-220-222-3>		<http://ids.clld.org/parameters/5-220>		<http://ids.clld.org/values/5-220-232-1>		"'c̷əḳ-"@cjh	
"molo-ni"@azz	<http://ids.clld.org/values/5-220-222-3>		<http://ids.clld.org/parameters/5-220>		<http://ids.clld.org/values/5-220-232-3>		"'ləp-"@cjh	
"i-tan-koč"@azz	<http://ids.clld.org/values/4-272-222-1>		<http://ids.clld.org/parameters/4-272>		<http://ids.clld.org/values/4-272-232-1>		"kʷˀa'ya-"@cjh	
"te-t"@azz	<http://ids.clld.org/values/1-440-222-1>		<http://ids.clld.org/parameters/1-440>		<http://ids.clld.org/values/1-440-232-1>		"pa'talan-"@cjh	
"te-t"@azz	<http://ids.clld.org/values/1-440-222-1>		<http://ids.clld.org/parameters/1-440>		<http://ids.clld.org/values/1-440-232-3>		"'tawˀ"@cjh	
"te-t"@azz	<http://ids.clld.org/values/1-440-222-1>		<http://ids.clld.org/parameters/1-440>		<http://ids.clld.org/values/1-440-232-5>		"'səwin-"@cjh	
"kʷowi-t"@azz	<http://ids.clld.org/values/8-600-222-1>		<http://ids.clld.org/parameters/8-600>		<http://ids.clld.org/values/8-600-232-1>		"'tɬˀəš"@cjh	
"kʷowi-t"@azz	<http://ids.clld.org/values/8-600-222-1>		<http://ids.clld.org/parameters/8-600>		<http://ids.clld.org/values/8-600-232-3>		"tɬˀaš-"@cjh	
"kʷekʷetaka"@azz	<http://ids.clld.org/values/4-820-222-5>		<http://ids.clld.org/parameters/4-820>		<http://ids.clld.org/values/4-820-232-1>		"'xʷən-"@cjh	
"i-kan"@azz	<http://ids.clld.org/values/4-190-222-5>		<http://ids.clld.org/parameters/4-190>		<http://ids.clld.org/values/4-190-232-1>		"'ɬawl-"@cjh	
"sonsoh"@azz	<http://ids.clld.org/values/4-920-222-3>		<http://ids.clld.org/parameters/4-920>		<http://ids.clld.org/values/4-920-232-1>		"'c̷uχʷum-"@cjh	
"ašošowil"@azz	<http://ids.clld.org/values/1-270-222-3>		<http://ids.clld.org/parameters/1-270>		<http://ids.clld.org/values/1-270-232-3>		"tˀəmš-"@cjh	
"ašošowil"@azz	<http://ids.clld.org/values/1-270-222-3>		<http://ids.clld.org/parameters/1-270>		<http://ids.clld.org/values/1-270-232-1>		"'šəm-"@cjh	
"ašošowil"@azz	<http://ids.clld.org/values/1-270-222-3>		<http://ids.clld.org/parameters/1-270>		<http://ids.clld.org/values/1-270-232-5>		"'yəl-"@cjh	
"tepe-hši-t"@azz	<http://ids.clld.org/values/1-222-222-1>		<http://ids.clld.org/parameters/1-222>		<http://ids.clld.org/values/1-222-232-1>		"sa'ḳˀilalḳʷˀt"@cjh	
"tona-l"@azz	<http://ids.clld.org/values/1-520-222-1>		<http://ids.clld.org/parameters/1-520>		<http://ids.clld.org/values/1-520-232-1>		"ɬu'kʷaɬ"@cjh	
"k-iš-namiki"@azz	<http://ids.clld.org/values/20-430-222-1>		<http://ids.clld.org/parameters/20-430>		<http://ids.clld.org/values/20-430-232-1>		"ḳa'li-"@cjh	
"ahwayowa"@azz	<http://ids.clld.org/values/4-854-222-1>		<http://ids.clld.org/parameters/4-854>		<http://ids.clld.org/values/4-854-232-1>		"'c̷ˀaḳa-"@cjh	
"mike-t"@azz	<http://ids.clld.org/values/4-770-222-1>		<http://ids.clld.org/parameters/4-770>		<http://ids.clld.org/values/4-770-232-1>		"'makʷˀt"@cjh	
"ti-t"@azz	<http://ids.clld.org/values/1-810-222-1>		<http://ids.clld.org/parameters/1-810>		<http://ids.clld.org/values/1-810-232-1>		"'ḳʷˀətˀ-"@cjh	
"[serah] okʷilkahon"@azz	<http://ids.clld.org/values/3-822-222-1>		<http://ids.clld.org/parameters/3-822>		<http://ids.clld.org/values/3-822-232-1>		"'c̷ičs"@cjh	
"i-tatek"@azz	<http://ids.clld.org/values/4-858-222-1>		<http://ids.clld.org/parameters/4-858>		<http://ids.clld.org/values/4-858-232-1>		"'ɬumi-"@cjh	
"tatek-ti"@azz	<http://ids.clld.org/values/4-850-222-1>		<http://ids.clld.org/parameters/4-850>		<http://ids.clld.org/values/4-850-232-1>		"'ḳʷˀāli-"@cjh	
"tatek-ti"@azz	<http://ids.clld.org/values/4-850-222-1>		<http://ids.clld.org/parameters/4-850>		<http://ids.clld.org/values/4-850-232-5>		"'c̷ˀaḳa-"@cjh	
"tatek-ti"@azz	<http://ids.clld.org/values/4-850-222-1>		<http://ids.clld.org/parameters/4-850>		<http://ids.clld.org/values/4-850-232-3>		"c̷ˀa'weʔ-"@cjh	
"mike-c̷on-tekoma-t"@azz	<http://ids.clld.org/values/4-202-222-1>		<http://ids.clld.org/parameters/4-202>		<http://ids.clld.org/values/4-202-232-1>		"ḳə'ʔuḳʷlas-"@cjh	
"koč-pet"@azz	<http://ids.clld.org/values/7-420-222-1>		<http://ids.clld.org/parameters/7-420>		<http://ids.clld.org/values/7-420-232-1>		"c̷ə'kʷi-"@cjh	
"i-ahkol"@azz	<http://ids.clld.org/values/4-300-222-1>		<http://ids.clld.org/parameters/4-300>		<http://ids.clld.org/values/4-300-232-1>		"'tˀəčˀ-"@cjh	
"ehko"@azz	<http://ids.clld.org/values/10-550-222-3>		<http://ids.clld.org/parameters/10-550>		<http://ids.clld.org/values/10-550-232-1>		"'ɬeʔ"@cjh	
"nakas-c̷akʷi"@azz	<http://ids.clld.org/values/4-950-222-5>		<http://ids.clld.org/parameters/4-950>		<http://ids.clld.org/values/4-950-232-1>		"'təḳ-"@cjh	
"šikal"@azz	<http://ids.clld.org/values/5-330-222-1>		<http://ids.clld.org/parameters/5-330>		<http://ids.clld.org/values/5-330-232-1>		"c̷ə'kʷi-"@cjh	
"aya-taken"@azz	<http://ids.clld.org/values/7-422-222-1>		<http://ids.clld.org/parameters/7-422>		<http://ids.clld.org/values/7-422-232-1>		"'ɬaχɬin-"@cjh	
"ki-ko[w]a"@azz	<http://ids.clld.org/values/11-810-222-1>		<http://ids.clld.org/parameters/11-810>		<http://ids.clld.org/values/11-810-232-1>		"'ɬəḳʷ-"@cjh	
"čihčiw-tok"@azz	<http://ids.clld.org/values/9-440-222-1>		<http://ids.clld.org/parameters/9-440>		<http://ids.clld.org/values/9-440-232-1>		"ḳˀə'laχanˀ"@cjh	
"i-ši-k"@azz	<http://ids.clld.org/values/4-430-222-1>		<http://ids.clld.org/parameters/4-430>		<http://ids.clld.org/values/4-430-232-1>		"ma'čiwˀ"@cjh	
"kʷowi-t"@azz	<http://ids.clld.org/values/1-420-222-1>		<http://ids.clld.org/parameters/1-420>		<http://ids.clld.org/values/1-420-232-1>		"'tɬˀəš-tɬˀaš-"@cjh	
"šošok-ti-k"@azz	<http://ids.clld.org/values/15-670-222-1>		<http://ids.clld.org/parameters/15-670>		<http://ids.clld.org/values/15-670-232-1>		"'ḳʷˀiχ-"@cjh	
"ki-matahtani-a"@azz	<http://ids.clld.org/values/18-310-222-3>		<http://ids.clld.org/parameters/18-310>		<http://ids.clld.org/values/18-310-232-1>		"'sawla-"@cjh	
"koči"@azz	<http://ids.clld.org/values/4-610-222-1>		<http://ids.clld.org/parameters/4-610>		<http://ids.clld.org/values/4-610-232-1>		"'mˀus-"@cjh	
"i-kʷita-pan"@azz	<http://ids.clld.org/values/4-190-222-3>		<http://ids.clld.org/parameters/4-190>		<http://ids.clld.org/values/4-190-232-1>		"'ɬawl-"@cjh	
"i-kes"@azz	<http://ids.clld.org/values/4-351-222-1>		<http://ids.clld.org/parameters/4-351>		<http://ids.clld.org/values/4-351-232-1>		"'pˀən-"@cjh	
"sayoh"@azz	<http://ids.clld.org/values/13-330-222-5>		<http://ids.clld.org/parameters/13-330>		<http://ids.clld.org/values/13-330-232-1>		"'ʔuc̷ˀs"@cjh	
"a-t"@azz	<http://ids.clld.org/values/1-310-222-1>		<http://ids.clld.org/parameters/1-310>		<http://ids.clld.org/values/1-310-232-1>		"'ḳāʔ"@cjh	
"i-iyo-yo"@azz	<http://ids.clld.org/values/4-510-222-1>		<http://ids.clld.org/parameters/4-510>		<http://ids.clld.org/values/4-510-232-3>		"'ḳama-"@cjh	
"i-iyo-yo"@azz	<http://ids.clld.org/values/4-510-222-1>		<http://ids.clld.org/parameters/4-510>		<http://ids.clld.org/values/4-510-232-1>		"tɬˀə'ḳi-"@cjh	
"i-toskak"@azz	<http://ids.clld.org/values/4-290-222-1>		<http://ids.clld.org/parameters/4-290>		<http://ids.clld.org/values/4-290-232-1>		"'məḳʷˀ-"@cjh	
"i-čiči-wal"@azz	<http://ids.clld.org/values/4-410-222-1>		<http://ids.clld.org/parameters/4-410>		<http://ids.clld.org/values/4-410-232-1>		"c̷ˀa'mi-"@cjh	
"sewi-lo-ni"@azz	<http://ids.clld.org/values/7-430-222-1>		<http://ids.clld.org/parameters/7-430>		<http://ids.clld.org/values/7-430-232-1>		"ta'wila-"@cjh	
"i-molik"@azz	<http://ids.clld.org/values/4-320-222-1>		<http://ids.clld.org/parameters/4-320>		<http://ids.clld.org/values/4-320-232-1>		"ta'nˀis-"@cjh	
"weyi"@azz	<http://ids.clld.org/values/12-550-222-1>		<http://ids.clld.org/parameters/12-550>		<http://ids.clld.org/values/12-550-232-1>		"'kʷac̷"@cjh	
"ikšo-a"@azz	<http://ids.clld.org/values/4-540-222-1>		<http://ids.clld.org/parameters/4-540>		<http://ids.clld.org/values/4-540-232-1>		"'ʔaw-"@cjh	
"čičipika"@azz	<http://ids.clld.org/values/4-591-222-1>		<http://ids.clld.org/parameters/4-591>		<http://ids.clld.org/values/4-591-232-1>		"'c̷ətχ-"@cjh	
"i-yekac̷ol-koyo-k"@azz	<http://ids.clld.org/values/4-231-222-1>		<http://ids.clld.org/parameters/4-231>		<http://ids.clld.org/values/4-231-232-1>		"lə'pəxʷ-"@cjh	
"i-ma-yo"@azz	<http://ids.clld.org/values/8-550-222-1>		<http://ids.clld.org/parameters/8-550>		<http://ids.clld.org/values/8-550-232-1>		"'čˀālˀaš-"@cjh	
"kʷow-ta-čih-čiw-keh"@azz	<http://ids.clld.org/values/9-430-222-1>		<http://ids.clld.org/parameters/9-430>		<http://ids.clld.org/values/9-430-232-1>		"pə'tus-"@cjh	
"eheka-t"@azz	<http://ids.clld.org/values/1-720-222-1>		<http://ids.clld.org/parameters/1-720>		<http://ids.clld.org/values/1-720-232-1>		"'ɬəčiyaḳ-"@cjh	
"elwi[y]ak"@azz	<http://ids.clld.org/values/1-510-222-1>		<http://ids.clld.org/parameters/1-510>		<http://ids.clld.org/values/1-510-232-1>		"ɬt-"@cjh	
"atawit"@azz	<http://ids.clld.org/values/1-240-222-3>		<http://ids.clld.org/parameters/1-240>		<http://ids.clld.org/values/1-240-232-1>		"'maḳʷam-"@cjh	
"atawit"@azz	<http://ids.clld.org/values/1-240-222-3>		<http://ids.clld.org/parameters/1-240>		<http://ids.clld.org/values/1-240-232-3>		"'sac̷ayəḳ"@cjh	
"tanah"@azz	<http://ids.clld.org/values/9-760-222-3>		<http://ids.clld.org/parameters/9-760>		<http://ids.clld.org/values/9-760-232-1>		"'ḳāʔ"@cjh	
"papalo-t"@azz	<http://ids.clld.org/values/3-920-222-1>		<http://ids.clld.org/parameters/3-920>		<http://ids.clld.org/values/3-920-232-1>		"χa'lewχalu"@cjh	
"mo-kʷa-totoni-a"@azz	<http://ids.clld.org/values/16-420-222-3>		<http://ids.clld.org/parameters/16-420>		<http://ids.clld.org/values/16-420-232-1>		"ḳə'ɬəχ"@cjh	
"pili"@azz	<http://ids.clld.org/values/2-280-222-1>		<http://ids.clld.org/parameters/2-280>		<http://ids.clld.org/values/2-280-232-1>		"ḳʷa'ya-"@cjh	
"til-ti-k"@azz	<http://ids.clld.org/values/15-650-222-1>		<http://ids.clld.org/parameters/15-650>		<http://ids.clld.org/values/15-650-232-1>		"'nəḳ-"@cjh	
"i-tahko-yan"@azz	<http://ids.clld.org/values/4-462-222-1>		<http://ids.clld.org/parameters/4-462>		<http://ids.clld.org/values/4-462-232-1>		"'wit-"@cjh	
"ahko"@azz	<http://ids.clld.org/values/12-80-222-1>		<http://ids.clld.org/parameters/12-80>		<http://ids.clld.org/values/12-80-232-1>		"'tɬˀukʷˀ"@cjh	
"kiowi-t"@azz	<http://ids.clld.org/values/1-750-222-3>		<http://ids.clld.org/parameters/1-750>		<http://ids.clld.org/values/1-750-232-1>		"χa'silˀ"@cjh	
"tac̷oniksalis"@azz	<http://ids.clld.org/values/4-374-222-3>		<http://ids.clld.org/parameters/4-374>		<http://ids.clld.org/values/4-374-232-1>		"'yəp-"@cjh	
"temal"@azz	<http://ids.clld.org/values/4-857-222-1>		<http://ids.clld.org/parameters/4-857>		<http://ids.clld.org/values/4-857-232-1>		"'təmn-"@cjh	
"po-poso-ka"@azz	<http://ids.clld.org/values/1-324-222-3>		<http://ids.clld.org/parameters/1-324>		<http://ids.clld.org/values/1-324-232-1>		"'payin-"@cjh	
"ama-t"@azz	<http://ids.clld.org/values/18-560-222-1>		<http://ids.clld.org/parameters/18-560>		<http://ids.clld.org/values/18-560-232-1>		"['pipa]"@cjh	
"tani"@azz	<http://ids.clld.org/values/12-30-222-1>		<http://ids.clld.org/parameters/12-30>		<http://ids.clld.org/values/12-30-232-1>		"'ɬa-"@cjh	
"i-kʷetaš-[y]io"@azz	<http://ids.clld.org/values/4-120-222-3>		<http://ids.clld.org/parameters/4-120>		<http://ids.clld.org/values/4-120-232-1>		"tɬˀ'ʔičɬ-"@cjh	
"atohtoloa"@azz	<http://ids.clld.org/values/4-751-222-1>		<http://ids.clld.org/parameters/4-751>		<http://ids.clld.org/values/4-751-232-1>		"'čˀəɬ-"@cjh	
"mo-ihsota"@azz	<http://ids.clld.org/values/4-570-222-5>		<http://ids.clld.org/parameters/4-570>		<http://ids.clld.org/values/4-570-232-1>		"ɬa'χʷa-"@cjh	
"i-kamak"@azz	<http://ids.clld.org/values/4-240-222-3>		<http://ids.clld.org/parameters/4-240>		<http://ids.clld.org/values/4-240-232-1>		"ḳə'nuš-"@cjh	
"mike-koyo-k-ti"@azz	<http://ids.clld.org/values/4-790-222-1>		<http://ids.clld.org/parameters/4-790>		<http://ids.clld.org/values/4-790-232-1>		"'makʷˀt"@cjh	
"oc̷titok"@azz	<http://ids.clld.org/values/4-730-222-1>		<http://ids.clld.org/parameters/4-730>		<http://ids.clld.org/values/4-730-232-1>		"'nəxʷ-"@cjh	
"ta-kepa"@azz	<http://ids.clld.org/values/4-570-222-1>		<http://ids.clld.org/parameters/4-570>		<http://ids.clld.org/values/4-570-232-1>		"ɬa'χʷa-"@cjh	
"kotoni"@azz	<http://ids.clld.org/values/9-260-222-5>		<http://ids.clld.org/parameters/9-260>		<http://ids.clld.org/values/9-260-232-1>		"'χətɬˀ-"@cjh	
"i-kes"@azz	<http://ids.clld.org/values/4-350-222-1>		<http://ids.clld.org/parameters/4-350>		<http://ids.clld.org/values/4-350-232-1>		"'c̷ulis-"@cjh	
"i-kʷa-ewa-yo"@azz	<http://ids.clld.org/values/4-146-222-1>		<http://ids.clld.org/parameters/4-146>		<http://ids.clld.org/values/4-146-232-1>		"'ʔiɬn"@cjh	
"sitalin"@azz	<http://ids.clld.org/values/1-540-222-1>		<http://ids.clld.org/parameters/1-540>		<http://ids.clld.org/values/1-540-232-1>		"'ḳilitin-"@cjh	
"šal"@azz	<http://ids.clld.org/values/1-215-222-1>		<http://ids.clld.org/parameters/1-215>		<http://ids.clld.org/values/1-215-232-1>		"c̷ˀa'χæʔs"@cjh	
"ki-kehc̷oma"@azz	<http://ids.clld.org/values/4-580-222-1>		<http://ids.clld.org/parameters/4-580>		<http://ids.clld.org/values/4-580-232-1>		"'tˀəkʷˀ-"@cjh	
"tal-olini-lo-t"@azz	<http://ids.clld.org/values/1-450-222-3>		<http://ids.clld.org/parameters/1-450>		<http://ids.clld.org/values/1-450-232-1>		"ya'ḳʷa-"@cjh	
"čikawalis"@azz	<http://ids.clld.org/values/4-810-222-3>		<http://ids.clld.org/parameters/4-810>		<http://ids.clld.org/values/4-810-232-1>		"'c̷ˀəp"@cjh	
"tahtani"@azz	<http://ids.clld.org/values/18-310-222-1>		<http://ids.clld.org/parameters/18-310>		<http://ids.clld.org/values/18-310-232-1>		"'sawla-"@cjh	
"tepe-koyo-k"@azz	<http://ids.clld.org/values/1-280-222-1>		<http://ids.clld.org/parameters/1-280>		<http://ids.clld.org/values/1-280-232-1>		"ʔac̷'kʷˀalaxʷɬ"@cjh	
"okič-pil"@azz	<http://ids.clld.org/values/2-250-222-1>		<http://ids.clld.org/parameters/2-250>		<http://ids.clld.org/values/2-250-232-1>		"ɬt-"@cjh	
"i-iš-tohmi-yo"@azz	<http://ids.clld.org/values/4-212-222-1>		<http://ids.clld.org/parameters/4-212>		<http://ids.clld.org/values/4-212-232-1>		"'c̷um-"@cjh	
"tapial-meh"@azz	<http://ids.clld.org/values/3-200-222-1>		<http://ids.clld.org/parameters/3-200>		<http://ids.clld.org/values/3-200-232-1>		"'mus"@cjh	
"koko-t"@azz	<http://ids.clld.org/values/4-850-222-3>		<http://ids.clld.org/parameters/4-850>		<http://ids.clld.org/values/4-850-232-1>		"'ḳʷˀāli-"@cjh	
"koko-t"@azz	<http://ids.clld.org/values/4-850-222-3>		<http://ids.clld.org/parameters/4-850>		<http://ids.clld.org/values/4-850-232-5>		"'c̷ˀaḳa-"@cjh	
"koko-t"@azz	<http://ids.clld.org/values/4-850-222-3>		<http://ids.clld.org/parameters/4-850>		<http://ids.clld.org/values/4-850-232-3>		"c̷ˀa'weʔ-"@cjh	
"ki-keč-pac̷-ka"@azz	<http://ids.clld.org/values/5-190-222-1>		<http://ids.clld.org/parameters/5-190>		<http://ids.clld.org/values/5-190-232-3>		"'ḳəḳ-"@cjh	
"ki-keč-pac̷-ka"@azz	<http://ids.clld.org/values/5-190-222-1>		<http://ids.clld.org/parameters/5-190>		<http://ids.clld.org/values/5-190-232-1>		"'mic̷ˀi-"@cjh	
"totoni-k"@azz	<http://ids.clld.org/values/4-841-222-1>		<http://ids.clld.org/parameters/4-841>		<http://ids.clld.org/values/4-841-232-1>		"χʷa'lāʔ"@cjh	
"i-kʷa-tiš-yo"@azz	<http://ids.clld.org/values/4-203-222-1>		<http://ids.clld.org/parameters/4-203>		<http://ids.clld.org/values/4-203-232-1>		"tɬˀa'laš"@cjh	
"i-kʷa-tiš-yo"@azz	<http://ids.clld.org/values/4-203-222-1>		<http://ids.clld.org/parameters/4-203>		<http://ids.clld.org/values/4-203-232-3>		"'yəc̷ḳ-"@cjh	
"-waal-kʷii"@azz	<http://ids.clld.org/values/10-620-222-5>		<http://ids.clld.org/parameters/10-620>		<http://ids.clld.org/values/10-620-232-1>		"'tˀul-"@cjh	
"-koh-koči-ta"@azz	<http://ids.clld.org/values/4-620-222-5>		<http://ids.clld.org/parameters/4-620>		<http://ids.clld.org/values/4-620-232-1>		"'tukʷli-"@cjh	
"i-kʷit-kowan"@azz	<http://ids.clld.org/values/4-461-222-3>		<http://ids.clld.org/parameters/4-461>		<http://ids.clld.org/values/4-461-232-1>		"ḳˀə'yaχ-"@cjh	
"ta-tec̷ilol"@azz	<http://ids.clld.org/values/9-140-222-5>		<http://ids.clld.org/parameters/9-140>		<http://ids.clld.org/values/9-140-232-1>		"'puyi-"@cjh	
"tal-kʷetaš-kol"@azz	<http://ids.clld.org/values/3-840-222-5>		<http://ids.clld.org/parameters/3-840>		<http://ids.clld.org/values/3-840-232-1>		"'ḳʷat-"@cjh	
"i-c̷on-tekon"@azz	<http://ids.clld.org/values/4-200-222-1>		<http://ids.clld.org/parameters/4-200>		<http://ids.clld.org/values/4-200-232-1>		"'matin-"@cjh	
"ahwayowalis"@azz	<http://ids.clld.org/values/4-854-222-3>		<http://ids.clld.org/parameters/4-854>		<http://ids.clld.org/values/4-854-232-1>		"'c̷ˀaḳa-"@cjh	
"kʷowi-t"@azz	<http://ids.clld.org/values/1-430-222-1>		<http://ids.clld.org/parameters/1-430>		<http://ids.clld.org/values/1-430-232-1>		"'tɬˀəš-tɬˀaš-"@cjh	
"ameyal"@azz	<http://ids.clld.org/values/1-370-222-7>		<http://ids.clld.org/parameters/1-370>		<http://ids.clld.org/values/1-370-232-1>		"'c̷iḳʷi-"@cjh	
"ameyal"@azz	<http://ids.clld.org/values/1-370-222-7>		<http://ids.clld.org/parameters/1-370>		<http://ids.clld.org/values/1-370-232-3>		"'ḳāʔ"@cjh	
"ne win-tani"@azz	<http://ids.clld.org/values/12-30-222-3>		<http://ids.clld.org/parameters/12-30>		<http://ids.clld.org/values/12-30-232-1>		"'ɬa-"@cjh	
"kone-t"@azz	<http://ids.clld.org/values/2-250-222-3>		<http://ids.clld.org/parameters/2-250>		<http://ids.clld.org/values/2-250-232-1>		"ɬt-"@cjh	
"wiwis-ti-k"@azz	<http://ids.clld.org/values/4-820-222-1>		<http://ids.clld.org/parameters/4-820>		<http://ids.clld.org/values/4-820-232-1>		"'xʷən-"@cjh	
"aska-t"@azz	<http://ids.clld.org/values/3-817-222-1>		<http://ids.clld.org/parameters/3-817>		<http://ids.clld.org/values/3-817-232-1>		"c̷ˀ'skiyaḳ-"@cjh	
"nakas-tapal"@azz	<http://ids.clld.org/values/4-950-222-3>		<http://ids.clld.org/parameters/4-950>		<http://ids.clld.org/values/4-950-232-1>		"'təḳ-"@cjh	
"i-kampa"@azz	<http://ids.clld.org/values/12-11-222-3>		<http://ids.clld.org/parameters/12-11>		<http://ids.clld.org/values/12-11-232-1>		"'ʔaw-"@cjh	
"i-čihči"@azz	<http://ids.clld.org/values/4-560-222-3>		<http://ids.clld.org/parameters/4-560>		<http://ids.clld.org/values/4-560-232-3>		"'ḳāʔ"@cjh	
"i-čihči"@azz	<http://ids.clld.org/values/4-560-222-3>		<http://ids.clld.org/parameters/4-560>		<http://ids.clld.org/values/4-560-232-1>		"'təχʷs-"@cjh	
"ki-taka-tilti-a"@azz	<http://ids.clld.org/values/4-720-222-3>		<http://ids.clld.org/parameters/4-720>		<http://ids.clld.org/values/4-720-232-1>		"'manˀ"@cjh	
"ta-pahwi-lo-ni"@azz	<http://ids.clld.org/values/4-890-222-1>		<http://ids.clld.org/parameters/4-890>		<http://ids.clld.org/values/4-890-232-1>		"'čini-"@cjh	
"kʷow-tah"@azz	<http://ids.clld.org/values/1-410-222-3>		<http://ids.clld.org/parameters/1-410>		<http://ids.clld.org/values/1-410-232-3>		"'yamac̷-"@cjh	
"kʷow-tah"@azz	<http://ids.clld.org/values/1-410-222-3>		<http://ids.clld.org/parameters/1-410>		<http://ids.clld.org/values/1-410-232-1>		"'χatɬˀ"@cjh	
"kʷow-tah"@azz	<http://ids.clld.org/values/1-410-222-3>		<http://ids.clld.org/parameters/1-410>		<http://ids.clld.org/values/1-410-232-5>		"χa'siɬšin-"@cjh	
"ta-pahpalo-(w)a"@azz	<http://ids.clld.org/values/4-590-222-1>		<http://ids.clld.org/parameters/4-590>		<http://ids.clld.org/values/4-590-232-1>		"'tˀaḳʷa-"@cjh	
"tamaihki-t"@azz	<http://ids.clld.org/values/6-921-222-3>		<http://ids.clld.org/parameters/6-921>		<http://ids.clld.org/values/6-921-232-1>		"'ḳˀayac̷ˀi-"@cjh	
"miš-ti"@azz	<http://ids.clld.org/values/1-740-222-1>		<http://ids.clld.org/parameters/1-740>		<http://ids.clld.org/values/1-740-232-1>		"'pˀəɬ-"@cjh	
"ki-ahsi"@azz	<http://ids.clld.org/values/10-550-222-1>		<http://ids.clld.org/parameters/10-550>		<http://ids.clld.org/values/10-550-232-1>		"'ɬeʔ"@cjh	
"čičipah-ti-k"@azz	<http://ids.clld.org/values/15-370-222-3>		<http://ids.clld.org/parameters/15-370>		<http://ids.clld.org/values/15-370-232-1>		"'tɬˀəɬ"@cjh	
"pok-ti"@azz	<http://ids.clld.org/values/1-830-222-1>		<http://ids.clld.org/parameters/1-830>		<http://ids.clld.org/values/1-830-232-1>		"'ḳʷōʔ"@cjh	
"pok-ti"@azz	<http://ids.clld.org/values/1-830-222-1>		<http://ids.clld.org/parameters/1-830>		<http://ids.clld.org/values/1-830-232-3>		"'ḳʷˀuχʷ-"@cjh	
"i-kʷita-pil"@azz	<http://ids.clld.org/values/4-180-222-1>		<http://ids.clld.org/parameters/4-180>		<http://ids.clld.org/values/4-180-232-1>		"'sups-"@cjh	
"i-ma-keč-tah"@azz	<http://ids.clld.org/values/4-321-222-1>		<http://ids.clld.org/parameters/4-321>		<http://ids.clld.org/values/4-321-232-1>		"tˀa'las-"@cjh	
"wiwiška"@azz	<http://ids.clld.org/values/4-680-222-3>		<http://ids.clld.org/parameters/4-680>		<http://ids.clld.org/values/4-680-232-1>		"'čˀən-"@cjh	
"ki-pi-pic̷a"@azz	<http://ids.clld.org/values/10-380-222-1>		<http://ids.clld.org/parameters/10-380>		<http://ids.clld.org/values/10-380-232-1>		"'puxʷi-"@cjh	
"i-[y]ekawil"@azz	<http://ids.clld.org/values/1-630-222-3>		<http://ids.clld.org/parameters/1-630>		<http://ids.clld.org/values/1-630-232-3>		"ḳaḳ-"@cjh	
"i-[y]ekawil"@azz	<http://ids.clld.org/values/1-630-222-3>		<http://ids.clld.org/parameters/1-630>		<http://ids.clld.org/values/1-630-232-1>		"'taḳa-"@cjh	
"tatasi"@azz	<http://ids.clld.org/values/4-530-222-1>		<http://ids.clld.org/parameters/4-530>		<http://ids.clld.org/values/4-530-232-1>		"'χʷōʔi-"@cjh	
"tal-pan"@azz	<http://ids.clld.org/values/1-230-222-3>		<http://ids.clld.org/parameters/1-230>		<http://ids.clld.org/values/1-230-232-1>		"'maḳʷam-"@cjh	
"ta-yowa-yan"@azz	<http://ids.clld.org/values/1-620-222-1>		<http://ids.clld.org/parameters/1-620>		<http://ids.clld.org/values/1-620-232-1>		"tˀa'nˀap"@cjh	
"awa[beyotah]"@azz	<http://ids.clld.org/values/8-660-222-1>		<http://ids.clld.org/parameters/8-660>		<http://ids.clld.org/values/8-660-232-1>		"'kʷis-"@cjh	
"panc̷ikʷi-ni in a-t"@azz	<http://ids.clld.org/values/1-390-222-1>		<http://ids.clld.org/parameters/1-390>		<http://ids.clld.org/values/1-390-232-1>		"'pup-"@cjh	
"mela-n"@azz	<http://ids.clld.org/values/16-660-222-1>		<http://ids.clld.org/parameters/16-660>		<http://ids.clld.org/values/16-660-232-1>		"'naxʷɬ-"@cjh	
"miki"@azz	<http://ids.clld.org/values/4-750-222-1>		<http://ids.clld.org/parameters/4-750>		<http://ids.clld.org/values/4-750-232-1>		"'ʔatmin-"@cjh	
"i-yeka-kʷi-t"@azz	<http://ids.clld.org/values/4-232-222-1>		<http://ids.clld.org/parameters/4-232>		<http://ids.clld.org/values/4-232-232-1>		"'tˀəp-"@cjh	
"i-koc̷i-kan"@azz	<http://ids.clld.org/values/4-352-222-5>		<http://ids.clld.org/parameters/4-352>		<http://ids.clld.org/values/4-352-232-1>		"'ʔaw-"@cjh	
"i-čan in kolmena"@azz	<http://ids.clld.org/values/3-822-222-3>		<http://ids.clld.org/parameters/3-822>		<http://ids.clld.org/values/3-822-232-1>		"'c̷ičs"@cjh	
"ok sepa"@azz	<http://ids.clld.org/values/14-350-222-1>		<http://ids.clld.org/parameters/14-350>		<http://ids.clld.org/values/14-350-232-1>		"'ɬeʔ"@cjh	
"-tapani"@azz	<http://ids.clld.org/values/9-260-222-3>		<http://ids.clld.org/parameters/9-260>		<http://ids.clld.org/values/9-260-232-1>		"'χətɬˀ-"@cjh	
"kʷal-kʷi"@azz	<http://ids.clld.org/values/10-620-222-3>		<http://ids.clld.org/parameters/10-620>		<http://ids.clld.org/values/10-620-232-1>		"'tˀul-"@cjh	
"es-yoh"@azz	<http://ids.clld.org/values/4-150-222-3>		<http://ids.clld.org/parameters/4-150>		<http://ids.clld.org/values/4-150-232-1>		"ḳʷi'li(m)-"@cjh	
"tal"@azz	<http://ids.clld.org/values/1-230-222-1>		<http://ids.clld.org/parameters/1-230>		<http://ids.clld.org/values/1-230-232-1>		"'maḳʷam-"@cjh	
"kʷetaš"@azz	<http://ids.clld.org/values/4-120-222-1>		<http://ids.clld.org/parameters/4-120>		<http://ids.clld.org/values/4-120-232-1>		"tɬˀ'ʔičɬ-"@cjh	
"kʷekʷetaka"@azz	<http://ids.clld.org/values/4-680-222-1>		<http://ids.clld.org/parameters/4-680>		<http://ids.clld.org/values/4-680-232-1>		"'čˀən-"@cjh	
"iškoyan"@azz	<http://ids.clld.org/values/13-330-222-3>		<http://ids.clld.org/parameters/13-330>		<http://ids.clld.org/values/13-330-232-1>		"'ʔuc̷ˀs"@cjh	
"weyi kiowi-t"@azz	<http://ids.clld.org/values/1-580-222-1>		<http://ids.clld.org/parameters/1-580>		<http://ids.clld.org/values/1-580-232-1>		"'χəs"@cjh	
"win-ti-tok"@azz	<http://ids.clld.org/values/4-980-222-1>		<http://ids.clld.org/parameters/4-980>		<http://ids.clld.org/values/4-980-232-1>		"'lam"@cjh	
"win-ti-tok"@azz	<http://ids.clld.org/values/4-980-222-1>		<http://ids.clld.org/parameters/4-980>		<http://ids.clld.org/values/4-980-232-3>		"'ḳʷōʔ"@cjh	
"pinawa"@azz	<http://ids.clld.org/values/16-450-222-1>		<http://ids.clld.org/parameters/16-450>		<http://ids.clld.org/values/16-450-232-1>		"'sixʷi-"@cjh	
"mo-wi-lis"@azz	<http://ids.clld.org/values/16-530-222-3>		<http://ids.clld.org/parameters/16-530>		<http://ids.clld.org/values/16-530-232-1>		"ḳʷa'nu-"@cjh	
"i-ma-iško"@azz	<http://ids.clld.org/values/4-331-222-1>		<http://ids.clld.org/parameters/4-331>		<http://ids.clld.org/values/4-331-232-1>		"tˀa'las-"@cjh	
"kʷita-t"@azz	<http://ids.clld.org/values/4-660-222-1>		<http://ids.clld.org/parameters/4-660>		<http://ids.clld.org/values/4-660-232-1>		"'c̷ˀəm-"@cjh	
"kʷita-t"@azz	<http://ids.clld.org/values/4-660-222-1>		<http://ids.clld.org/parameters/4-660>		<http://ids.clld.org/values/4-660-232-3>		"mə'nač-"@cjh	
"wapal"@azz	<http://ids.clld.org/values/7-570-222-1>		<http://ids.clld.org/parameters/7-570>		<http://ids.clld.org/values/7-570-232-1>		"siɬ-"@cjh	
"c̷inaka"@azz	<http://ids.clld.org/values/3-591-222-1>		<http://ids.clld.org/parameters/3-591>		<http://ids.clld.org/values/3-591-232-1>		"wa'yəχ"@cjh	
"iš-kʷa-ko"@azz	<http://ids.clld.org/values/4-205-222-1>		<http://ids.clld.org/parameters/4-205>		<http://ids.clld.org/values/4-205-232-1>		"'pukʷis-"@cjh	
"mela-wa-k"@azz	<http://ids.clld.org/values/16-660-222-3>		<http://ids.clld.org/parameters/16-660>		<http://ids.clld.org/values/16-660-232-1>		"'naxʷɬ-"@cjh	
"es-ti"@azz	<http://ids.clld.org/values/4-150-222-1>		<http://ids.clld.org/parameters/4-150>		<http://ids.clld.org/values/4-150-232-1>		"ḳʷi'li(m)-"@cjh	
"kampa tektok a-t"@azz	<http://ids.clld.org/values/1-330-222-1>		<http://ids.clld.org/parameters/1-330>		<http://ids.clld.org/values/1-330-232-1>		"'c̷alaʔɬ-"@cjh	
"i-kampa"@azz	<http://ids.clld.org/values/4-190-222-1>		<http://ids.clld.org/parameters/4-190>		<http://ids.clld.org/values/4-190-232-1>		"'ɬawl-"@cjh	
"ihsa-lis"@azz	<http://ids.clld.org/values/4-630-222-5>		<http://ids.clld.org/parameters/4-630>		<http://ids.clld.org/values/4-630-232-1>		"'pˀala-"@cjh	
"miston"@azz	<http://ids.clld.org/values/3-620-222-1>		<http://ids.clld.org/parameters/3-620>		<http://ids.clld.org/values/3-620-232-1>		"'pišpiš"@cjh	
"ta-mama"@azz	<http://ids.clld.org/values/10-610-222-1>		<http://ids.clld.org/parameters/10-610>		<http://ids.clld.org/values/10-610-232-1>		"'ʔam-"@cjh	
"košo"@azz	<http://ids.clld.org/values/4-940-222-1>		<http://ids.clld.org/parameters/4-940>		<http://ids.clld.org/values/4-940-232-1>		"'ḳˀāχi-"@cjh	
"ta-yoliti-a"@azz	<http://ids.clld.org/values/4-720-222-1>		<http://ids.clld.org/parameters/4-720>		<http://ids.clld.org/values/4-720-232-1>		"'manˀ"@cjh	
"i-kʷa-ko"@azz	<http://ids.clld.org/values/4-200-222-3>		<http://ids.clld.org/parameters/4-200>		<http://ids.clld.org/values/4-200-232-1>		"'matin-"@cjh	
"-pic̷ohtoya"@azz	<http://ids.clld.org/values/4-590-222-3>		<http://ids.clld.org/parameters/4-590>		<http://ids.clld.org/values/4-590-232-1>		"'tˀaḳʷa-"@cjh	
"pila"@azz	<http://ids.clld.org/values/1-370-222-3>		<http://ids.clld.org/parameters/1-370>		<http://ids.clld.org/values/1-370-232-1>		"'c̷iḳʷi-"@cjh	
"pila"@azz	<http://ids.clld.org/values/1-370-222-3>		<http://ids.clld.org/parameters/1-370>		<http://ids.clld.org/values/1-370-232-3>		"'ḳāʔ"@cjh	
"amo ta-ča"@azz	<http://ids.clld.org/values/4-970-222-1>		<http://ids.clld.org/parameters/4-970>		<http://ids.clld.org/values/4-970-232-1>		"'ʔəχ-"@cjh	
"amo ta-ča"@azz	<http://ids.clld.org/values/4-970-222-1>		<http://ids.clld.org/parameters/4-970>		<http://ids.clld.org/values/4-970-232-3>		"'tay-"@cjh	
"a-pic̷ak-ti"@azz	<http://ids.clld.org/values/1-360-222-5>		<http://ids.clld.org/parameters/1-360>		<http://ids.clld.org/values/1-360-232-1>		"'ḳāʔ"@cjh	
"a-pic̷ak-ti"@azz	<http://ids.clld.org/values/1-360-222-5>		<http://ids.clld.org/parameters/1-360>		<http://ids.clld.org/values/1-360-232-3>		"'c̷apaš-"@cjh	
"a-pic̷ak-ti"@azz	<http://ids.clld.org/values/1-360-222-5>		<http://ids.clld.org/parameters/1-360>		<http://ids.clld.org/values/1-360-232-5>		"'nəxʷ-"@cjh	
"a-ten-tenoh"@azz	<http://ids.clld.org/values/1-270-222-1>		<http://ids.clld.org/parameters/1-270>		<http://ids.clld.org/values/1-270-232-3>		"tˀəmš-"@cjh	
"a-ten-tenoh"@azz	<http://ids.clld.org/values/1-270-222-1>		<http://ids.clld.org/parameters/1-270>		<http://ids.clld.org/values/1-270-232-1>		"'šəm-"@cjh	
"a-ten-tenoh"@azz	<http://ids.clld.org/values/1-270-222-1>		<http://ids.clld.org/parameters/1-270>		<http://ids.clld.org/values/1-270-232-5>		"'yəl-"@cjh	
"i-keč"@azz	<http://ids.clld.org/values/4-280-222-1>		<http://ids.clld.org/parameters/4-280>		<http://ids.clld.org/values/4-280-232-1>		"'χətɬˀ-"@cjh	
"anal"@azz	<http://ids.clld.org/values/12-20-222-1>		<http://ids.clld.org/parameters/12-20>		<http://ids.clld.org/values/12-20-232-1>		"'pˀən-"@cjh	
"apic̷ak"@azz	<http://ids.clld.org/values/1-360-222-3>		<http://ids.clld.org/parameters/1-360>		<http://ids.clld.org/values/1-360-232-1>		"'ḳāʔ"@cjh	
"apic̷ak"@azz	<http://ids.clld.org/values/1-360-222-3>		<http://ids.clld.org/parameters/1-360>		<http://ids.clld.org/values/1-360-232-3>		"'c̷apaš-"@cjh	
"apic̷ak"@azz	<http://ids.clld.org/values/1-360-222-3>		<http://ids.clld.org/parameters/1-360>		<http://ids.clld.org/values/1-360-232-5>		"'nəxʷ-"@cjh	
"ki-pahti-a"@azz	<http://ids.clld.org/values/4-860-222-1>		<http://ids.clld.org/parameters/4-860>		<http://ids.clld.org/values/4-860-232-1>		"'pəlxʷ-"@cjh	
"i-naka-yo"@azz	<http://ids.clld.org/values/4-110-222-1>		<http://ids.clld.org/parameters/4-110>		<http://ids.clld.org/values/4-110-232-1>		"'nawa-"@cjh	
"i-pet"@azz	<http://ids.clld.org/values/7-420-222-3>		<http://ids.clld.org/parameters/7-420>		<http://ids.clld.org/values/7-420-232-1>		"c̷ə'kʷi-"@cjh	
"-miki-tii"@azz	<http://ids.clld.org/values/4-760-222-1>		<http://ids.clld.org/parameters/4-760>		<http://ids.clld.org/values/4-760-232-1>		"'tixʷni-"@cjh	
"tal-olini"@azz	<http://ids.clld.org/values/1-450-222-1>		<http://ids.clld.org/parameters/1-450>		<http://ids.clld.org/values/1-450-232-1>		"ya'ḳʷa-"@cjh	
"i-tahko-ilpi-ka"@azz	<http://ids.clld.org/values/6-570-222-1>		<http://ids.clld.org/parameters/6-570>		<http://ids.clld.org/values/6-570-232-1>		"'tˀəḳ-"@cjh	
"sek-ti"@azz	<http://ids.clld.org/values/1-770-222-1>		<http://ids.clld.org/parameters/1-770>		<http://ids.clld.org/values/1-770-232-1>		"ḳˀa'xʷa-"@cjh	
"c̷ikno-a"@azz	<http://ids.clld.org/values/4-521-222-1>		<http://ids.clld.org/parameters/4-521>		<http://ids.clld.org/values/4-521-232-1>		"'šəkʷˀiy-"@cjh	
"te-olol-ti-k"@azz	<http://ids.clld.org/values/12-830-222-1>		<http://ids.clld.org/parameters/12-830>		<http://ids.clld.org/values/12-830-232-1>		"'pōsaḳˀ-"@cjh	
"ok"@azz	<http://ids.clld.org/values/14-350-222-3>		<http://ids.clld.org/parameters/14-350>		<http://ids.clld.org/values/14-350-232-1>		"'ɬeʔ"@cjh	
"porin"@azz	<http://ids.clld.org/values/17-520-222-1>		<http://ids.clld.org/parameters/17-520>		<http://ids.clld.org/values/17-520-232-1>		"ḳas"@cjh	
"mo-c̷on-ilpi-a"@azz	<http://ids.clld.org/values/6-921-222-1>		<http://ids.clld.org/parameters/6-921>		<http://ids.clld.org/values/6-921-232-1>		"'ḳˀayac̷ˀi-"@cjh	
"tec̷il-ti-k"@azz	<http://ids.clld.org/values/9-140-222-1>		<http://ids.clld.org/parameters/9-140>		<http://ids.clld.org/values/9-140-232-1>		"'puyi-"@cjh	
"-tata"@azz	<http://ids.clld.org/values/1-851-222-1>		<http://ids.clld.org/parameters/1-851>		<http://ids.clld.org/values/1-851-232-3>		"'kəw-"@cjh	
"-tata"@azz	<http://ids.clld.org/values/1-851-222-1>		<http://ids.clld.org/parameters/1-851>		<http://ids.clld.org/values/1-851-232-1>		"'ɬəχ-"@cjh	
"ta-wi-a"@azz	<http://ids.clld.org/values/1-610-222-1>		<http://ids.clld.org/parameters/1-610>		<http://ids.clld.org/values/1-610-232-1>		"ḳə'ləχ-"@cjh	
"kʷal-c̷in"@azz	<http://ids.clld.org/values/16-810-222-1>		<http://ids.clld.org/parameters/16-810>		<http://ids.clld.org/values/16-810-232-1>		"'ʔəy"@cjh	
"sek-ti"@azz	<http://ids.clld.org/values/1-760-222-3>		<http://ids.clld.org/parameters/1-760>		<http://ids.clld.org/values/1-760-232-1>		"'ɬaḳʷˀ-"@cjh	
"amo-kʷali"@azz	<http://ids.clld.org/values/16-720-222-1>		<http://ids.clld.org/parameters/16-720>		<http://ids.clld.org/values/16-720-232-1>		"'χəs"@cjh	
"-koh-koči"@azz	<http://ids.clld.org/values/4-610-222-3>		<http://ids.clld.org/parameters/4-610>		<http://ids.clld.org/values/4-610-232-1>		"'mˀus-"@cjh	
"i-keč-kočta"@azz	<http://ids.clld.org/values/4-281-222-1>		<http://ids.clld.org/parameters/4-281>		<http://ids.clld.org/values/4-281-232-1>		"'ʔaw-"@cjh	
"taal-neeš-yo"@azz	<http://ids.clld.org/values/1-213-222-3>		<http://ids.clld.org/parameters/1-213>		<http://ids.clld.org/values/1-213-232-1>		"tɬˀə'səḳʷ-"@cjh	
"pahti"@azz	<http://ids.clld.org/values/4-880-222-3>		<http://ids.clld.org/parameters/4-880>		<http://ids.clld.org/values/4-880-232-1>		"ʔa'yōʔi-"@cjh	
"i-c̷on"@azz	<http://ids.clld.org/values/4-140-222-1>		<http://ids.clld.org/parameters/4-140>		<http://ids.clld.org/values/4-140-232-1>		"čˀə'sis-"@cjh	
"mitoni-a"@azz	<http://ids.clld.org/values/4-550-222-1>		<http://ids.clld.org/parameters/4-550>		<http://ids.clld.org/values/4-550-232-1>		"'χʷəl-"@cjh	
"iš-a-yo"@azz	<http://ids.clld.org/values/16-380-222-1>		<http://ids.clld.org/parameters/16-380>		<http://ids.clld.org/values/16-380-232-1>		"'ḳāʔ"@cjh	
"miš-ti"@azz	<http://ids.clld.org/values/1-730-222-1>		<http://ids.clld.org/parameters/1-730>		<http://ids.clld.org/values/1-730-232-3>		"ti'pi-"@cjh	
"miš-ti"@azz	<http://ids.clld.org/values/1-730-222-1>		<http://ids.clld.org/parameters/1-730>		<http://ids.clld.org/values/1-730-232-1>		"ɬt-"@cjh	
"ki-nel-toka"@azz	<http://ids.clld.org/values/17-150-222-1>		<http://ids.clld.org/parameters/17-150>		<http://ids.clld.org/values/17-150-232-1>		"'c̷un"@cjh	
"tepe-t"@azz	<http://ids.clld.org/values/1-220-222-1>		<http://ids.clld.org/parameters/1-220>		<http://ids.clld.org/values/1-220-232-1>		"'maniči-"@cjh	
"tepe-t"@azz	<http://ids.clld.org/values/1-220-222-1>		<http://ids.clld.org/parameters/1-220>		<http://ids.clld.org/values/1-220-232-3>		"'məkʷˀ-"@cjh	
"i-yekac̷ol"@azz	<http://ids.clld.org/values/4-230-222-3>		<http://ids.clld.org/parameters/4-230>		<http://ids.clld.org/values/4-230-232-1>		"'məḳsin-"@cjh	
"soki-t"@azz	<http://ids.clld.org/values/1-214-222-1>		<http://ids.clld.org/parameters/1-214>		<http://ids.clld.org/values/1-214-232-1>		"ḳˀa'χayˀ-"@cjh	
"ki-posawa-l-ti-a"@azz	<http://ids.clld.org/values/4-853-222-3>		<http://ids.clld.org/parameters/4-853>		<http://ids.clld.org/values/4-853-232-1>		"pu'su-"@cjh	
"anal-pa"@azz	<http://ids.clld.org/values/12-20-222-3>		<http://ids.clld.org/parameters/12-20>		<http://ids.clld.org/values/12-20-232-1>		"'pˀən-"@cjh	
"i-kamanaka-yo"@azz	<http://ids.clld.org/values/4-271-222-1>		<http://ids.clld.org/parameters/4-271>		<http://ids.clld.org/values/4-271-232-1>		"kʷa'təl-"@cjh	
"pahti-k ya"@azz	<http://ids.clld.org/values/4-830-222-3>		<http://ids.clld.org/parameters/4-830>		<http://ids.clld.org/values/4-830-232-1>		"'c̷ˀəp"@cjh	
"nekc̷i-c̷in"@azz	<http://ids.clld.org/values/3-822-222-5>		<http://ids.clld.org/parameters/3-822>		<http://ids.clld.org/values/3-822-232-1>		"'c̷ičs"@cjh	
"tal-ihkočin"@azz	<http://ids.clld.org/values/3-840-222-3>		<http://ids.clld.org/parameters/3-840>		<http://ids.clld.org/values/3-840-232-1>		"'ḳʷat-"@cjh	
"mec̷-ti"@azz	<http://ids.clld.org/values/1-530-222-1>		<http://ids.clld.org/parameters/1-530>		<http://ids.clld.org/values/1-530-232-1>		"ɬu'kʷaɬ"@cjh	
"a-tekomol"@azz	<http://ids.clld.org/values/1-240-222-1>		<http://ids.clld.org/parameters/1-240>		<http://ids.clld.org/values/1-240-232-1>		"'maḳʷam-"@cjh	
"a-tekomol"@azz	<http://ids.clld.org/values/1-240-222-1>		<http://ids.clld.org/parameters/1-240>		<http://ids.clld.org/values/1-240-232-3>		"'sac̷ayəḳ"@cjh	
"kʷow-tatil"@azz	<http://ids.clld.org/values/1-880-222-3>		<http://ids.clld.org/parameters/1-880>		<http://ids.clld.org/values/1-880-232-1>		"'χʷā-"@cjh	
"čawa-papalo-t"@azz	<http://ids.clld.org/values/3-920-222-3>		<http://ids.clld.org/parameters/3-920>		<http://ids.clld.org/values/3-920-232-1>		"χa'lewχalu"@cjh	
"mo-molo-ka"@azz	<http://ids.clld.org/values/5-220-222-1>		<http://ids.clld.org/parameters/5-220>		<http://ids.clld.org/values/5-220-232-1>		"'c̷əḳ-"@cjh	
"mo-molo-ka"@azz	<http://ids.clld.org/values/5-220-222-1>		<http://ids.clld.org/parameters/5-220>		<http://ids.clld.org/values/5-220-232-3>		"'ləp-"@cjh	
"siow-tok"@azz	<http://ids.clld.org/values/4-910-222-3>		<http://ids.clld.org/parameters/4-910>		<http://ids.clld.org/values/4-910-232-1>		"'xʷən-"@cjh	
"i-ihti-yo"@azz	<http://ids.clld.org/values/4-461-222-1>		<http://ids.clld.org/parameters/4-461>		<http://ids.clld.org/values/4-461-232-1>		"ḳˀə'yaχ-"@cjh	
"ta-tewi-lis"@azz	<http://ids.clld.org/values/20-130-222-1>		<http://ids.clld.org/parameters/20-130>		<http://ids.clld.org/values/20-130-232-1>		"'yupi-"@cjh	
"tapetani-lo-t"@azz	<http://ids.clld.org/values/1-570-222-1>		<http://ids.clld.org/parameters/1-570>		<http://ids.clld.org/values/1-570-232-1>		"'ḳʷat-"@cjh	
"kʷow-yoh"@azz	<http://ids.clld.org/values/1-410-222-1>		<http://ids.clld.org/parameters/1-410>		<http://ids.clld.org/values/1-410-232-3>		"'yamac̷-"@cjh	
"kʷow-yoh"@azz	<http://ids.clld.org/values/1-410-222-1>		<http://ids.clld.org/parameters/1-410>		<http://ids.clld.org/values/1-410-232-1>		"'χatɬˀ"@cjh	
"kʷow-yoh"@azz	<http://ids.clld.org/values/1-410-222-1>		<http://ids.clld.org/parameters/1-410>		<http://ids.clld.org/values/1-410-232-5>		"χa'siɬšin-"@cjh	
"-seen-tehko"@azz	<http://ids.clld.org/values/10-210-222-1>		<http://ids.clld.org/parameters/10-210>		<http://ids.clld.org/values/10-210-232-1>		"'xʷətˀi-"@cjh	
"ipan"@azz	<http://ids.clld.org/values/12-80-222-3>		<http://ids.clld.org/parameters/12-80>		<http://ids.clld.org/values/12-80-232-1>		"'tɬˀukʷˀ"@cjh	
"ihsika"@azz	<http://ids.clld.org/values/4-510-222-5>		<http://ids.clld.org/parameters/4-510>		<http://ids.clld.org/values/4-510-232-3>		"'ḳama-"@cjh	
"ihsika"@azz	<http://ids.clld.org/values/4-510-222-5>		<http://ids.clld.org/parameters/4-510>		<http://ids.clld.org/values/4-510-232-1>		"tɬˀə'ḳi-"@cjh	
"i-ewa-yo"@azz	<http://ids.clld.org/values/4-120-222-5>		<http://ids.clld.org/parameters/4-120>		<http://ids.clld.org/values/4-120-232-1>		"tɬˀ'ʔičɬ-"@cjh	
"tac̷iwi"@azz	<http://ids.clld.org/values/4-920-222-1>		<http://ids.clld.org/parameters/4-920>		<http://ids.clld.org/values/4-920-232-1>		"'c̷uχʷum-"@cjh	
"nemi"@azz	<http://ids.clld.org/values/4-740-222-3>		<http://ids.clld.org/parameters/4-740>		<http://ids.clld.org/values/4-740-232-1>		"pˀa'luxʷ"@cjh	
"nemi"@azz	<http://ids.clld.org/values/4-740-222-3>		<http://ids.clld.org/parameters/4-740>		<http://ids.clld.org/values/4-740-232-3>		"'kʷaxʷ-"@cjh	
"ki-sewi-a"@azz	<http://ids.clld.org/values/1-861-222-1>		<http://ids.clld.org/parameters/1-861>		<http://ids.clld.org/values/1-861-232-1>		"'kʷˀəlčˀ-"@cjh	
"i-koc̷"@azz	<http://ids.clld.org/values/4-352-222-1>		<http://ids.clld.org/parameters/4-352>		<http://ids.clld.org/values/4-352-232-1>		"'ʔaw-"@cjh	
"kʷakʷeh-c̷in"@azz	<http://ids.clld.org/values/3-240-222-3>		<http://ids.clld.org/parameters/3-240>		<http://ids.clld.org/values/3-240-232-1>		"'mus"@cjh	
"amo čikawa-k"@azz	<http://ids.clld.org/values/4-820-222-3>		<http://ids.clld.org/parameters/4-820>		<http://ids.clld.org/values/4-820-232-1>		"'xʷən-"@cjh	
"ewa-t"@azz	<http://ids.clld.org/values/8-750-222-1>		<http://ids.clld.org/parameters/8-750>		<http://ids.clld.org/values/8-750-232-1>		"pˀā'lan-"@cjh	
"noči-n"@azz	<http://ids.clld.org/values/13-140-222-5>		<http://ids.clld.org/parameters/13-140>		<http://ids.clld.org/values/13-140-232-1>		"ḳˀa-"@cjh	
"očpawas"@azz	<http://ids.clld.org/values/9-380-222-1>		<http://ids.clld.org/parameters/9-380>		<http://ids.clld.org/values/9-380-232-1>		"'xʷakʷa-"@cjh	
"kic̷on-kʷahkʷa"@azz	<http://ids.clld.org/values/5-180-222-1>		<http://ids.clld.org/parameters/5-180>		<http://ids.clld.org/values/5-180-232-1>		"kʷˀa'ya-"@cjh	
"kʷawi-t"@azz	<http://ids.clld.org/values/1-420-222-3>		<http://ids.clld.org/parameters/1-420>		<http://ids.clld.org/values/1-420-232-1>		"'tɬˀəš-tɬˀaš-"@cjh	
"ki-čihča"@azz	<http://ids.clld.org/values/4-560-222-1>		<http://ids.clld.org/parameters/4-560>		<http://ids.clld.org/values/4-560-232-3>		"'ḳāʔ"@cjh	
"ki-čihča"@azz	<http://ids.clld.org/values/4-560-222-1>		<http://ids.clld.org/parameters/4-560>		<http://ids.clld.org/values/4-560-232-1>		"'təχʷs-"@cjh	
