"mawil-ti-a"@azz	<http://ids.clld.org/values/16-260-222-1>		<http://ids.clld.org/parameters/16-260>		<http://ids.clld.org/values/16-260-286-1>		"warayu"@pav	
"šiwi-t"@azz	<http://ids.clld.org/values/14-730-222-1>		<http://ids.clld.org/parameters/14-730>		<http://ids.clld.org/values/14-730-286-1>		"kawašiʔ"@pav	
"ta-nemi-li-a"@azz	<http://ids.clld.org/values/17-130-222-1>		<http://ids.clld.org/parameters/17-130>		<http://ids.clld.org/values/17-130-286-1>		"koromikat"@pav	
"či-či-l-ti-k"@azz	<http://ids.clld.org/values/15-660-222-3>		<http://ids.clld.org/parameters/15-660>		<http://ids.clld.org/values/15-660-286-1>		"pakaʔ"@pav	
"c̷oon-ti"@azz	<http://ids.clld.org/values/4-140-222-3>		<http://ids.clld.org/parameters/4-140>		<http://ids.clld.org/values/4-140-286-1>		"tenenešiʔ"@pav	
"c̷oon-ti"@azz	<http://ids.clld.org/values/4-140-222-3>		<http://ids.clld.org/parameters/4-140>		<http://ids.clld.org/values/4-140-286-3>		"tenenein (šun)"@pav	
"-nehnen"@azz	<http://ids.clld.org/values/10-450-222-7>		<http://ids.clld.org/parameters/10-450>		<http://ids.clld.org/values/10-450-286-1>		"šut"@pav	
"-nehnen"@azz	<http://ids.clld.org/values/10-450-222-7>		<http://ids.clld.org/parameters/10-450>		<http://ids.clld.org/values/10-450-286-3>		"šurušut"@pav	
"ki-mow-ti-a"@azz	<http://ids.clld.org/values/16-530-222-5>		<http://ids.clld.org/parameters/16-530>		<http://ids.clld.org/values/16-530-286-1>		"yinʔ"@pav	
"weyi a-t"@azz	<http://ids.clld.org/values/1-320-222-1>		<http://ids.clld.org/parameters/1-320>		<http://ids.clld.org/values/1-320-286-1>		"kote ne kom"@pav	
"okʷil-in"@azz	<http://ids.clld.org/values/3-110-222-1>		<http://ids.clld.org/parameters/3-110>		<http://ids.clld.org/values/3-110-286-1>		"karawa"@pav	
"i-mec̷"@azz	<http://ids.clld.org/values/4-350-222-3>		<http://ids.clld.org/parameters/4-350>		<http://ids.clld.org/values/4-350-286-1>		"pišiyašiʔ"@pav	
"i-mec̷"@azz	<http://ids.clld.org/values/4-350-222-3>		<http://ids.clld.org/parameters/4-350>		<http://ids.clld.org/values/4-350-286-3>		"kokošiʔ"@pav	
"pešon-tok"@azz	<http://ids.clld.org/values/13-210-222-1>		<http://ids.clld.org/parameters/13-210>		<http://ids.clld.org/values/13-210-286-5>		"maʔam"@pav	
"pešon-tok"@azz	<http://ids.clld.org/values/13-210-222-1>		<http://ids.clld.org/parameters/13-210>		<http://ids.clld.org/values/13-210-286-3>		"moromoinʔ"@pav	
"pešon-tok"@azz	<http://ids.clld.org/values/13-210-222-1>		<http://ids.clld.org/parameters/13-210>		<http://ids.clld.org/values/13-210-286-1>		"moinʔ"@pav	
"tekolo-t"@azz	<http://ids.clld.org/values/3-811-222-1>		<http://ids.clld.org/parameters/3-811>		<http://ids.clld.org/values/3-811-286-1>		"ioʔ"@pav	
"ki-tokoc̷-tali-a"@azz	<http://ids.clld.org/values/12-130-222-1>		<http://ids.clld.org/parameters/12-130>		<http://ids.clld.org/values/12-130-286-1>		"šaoʔ pe"@pav	
"ki-tokoc̷-tali-a"@azz	<http://ids.clld.org/values/12-130-222-1>		<http://ids.clld.org/parameters/12-130>		<http://ids.clld.org/values/12-130-286-3>		"šaoʔ to"@pav	
"kos-ti-k"@azz	<http://ids.clld.org/values/15-690-222-1>		<http://ids.clld.org/parameters/15-690>		<http://ids.clld.org/values/15-690-286-1>		"košik"@pav	
"okʷil-c̷in"@azz	<http://ids.clld.org/values/3-840-222-1>		<http://ids.clld.org/parameters/3-840>		<http://ids.clld.org/values/3-840-286-1>		"meteʔ"@pav	
"kiowa-t"@azz	<http://ids.clld.org/values/1-750-222-1>		<http://ids.clld.org/parameters/1-750>		<http://ids.clld.org/values/1-750-286-1>		"šowiʔ"@pav	
"kʷalan-ti"@azz	<http://ids.clld.org/values/16-420-222-1>		<http://ids.clld.org/parameters/16-420>		<http://ids.clld.org/values/16-420-286-1>		"manaʔ"@pav	
"pic̷awa-k"@azz	<http://ids.clld.org/values/12-650-222-5>		<http://ids.clld.org/parameters/12-650>		<http://ids.clld.org/values/12-650-286-1>		"šašiʔ"@pav	
"omi-t"@azz	<http://ids.clld.org/values/4-160-222-1>		<http://ids.clld.org/parameters/4-160>		<http://ids.clld.org/values/4-160-286-1>		"arašiʔ (at)"@pav	
"ihwi-t"@azz	<http://ids.clld.org/values/4-393-222-1>		<http://ids.clld.org/parameters/4-393>		<http://ids.clld.org/values/4-393-286-1>		"tenenein (šun)"@pav	
"i-naka-yo-h"@azz	<http://ids.clld.org/values/4-130-222-1>		<http://ids.clld.org/parameters/4-130>		<http://ids.clld.org/values/4-130-286-1>		"kwerešiʔ"@pav	
"ki-maga"@azz	<http://ids.clld.org/values/9-210-222-1>		<http://ids.clld.org/parameters/9-210>		<http://ids.clld.org/values/9-210-286-1>		"toʔ"@pav	
"i-ten ~ teem-"@azz	<http://ids.clld.org/values/4-240-222-1>		<http://ids.clld.org/parameters/4-240>		<http://ids.clld.org/values/4-240-286-1>		"kapiyašiʔ (topak)"@pav	
"tamota"@azz	<http://ids.clld.org/values/20-610-222-1>		<http://ids.clld.org/parameters/20-610>		<http://ids.clld.org/values/20-610-286-1>		"yiʔam"@pav	
"patawa-k"@azz	<http://ids.clld.org/values/12-610-222-1>		<http://ids.clld.org/parameters/12-610>		<http://ids.clld.org/values/12-610-286-1>		"kote ne kimain"@pav	
"tehsa"@azz	<http://ids.clld.org/values/13-181-222-1>		<http://ids.clld.org/parameters/13-181>		<http://ids.clld.org/values/13-181-286-1>		"arakaʔ"@pav	
"i-nan-c̷in"@azz	<http://ids.clld.org/values/2-360-222-1>		<http://ids.clld.org/parameters/2-360>		<http://ids.clld.org/values/2-360-286-1>		"naʔ"@pav	
"ihka-tok melawak"@azz	<http://ids.clld.org/values/12-150-222-3>		<http://ids.clld.org/parameters/12-150>		<http://ids.clld.org/values/12-150-286-1>		"tekiʔ pe"@pav	
"ihka-tok melawak"@azz	<http://ids.clld.org/values/12-150-222-3>		<http://ids.clld.org/parameters/12-150>		<http://ids.clld.org/values/12-150-286-3>		"tekiʔ to"@pav	
"ilpi-tok"@azz	<http://ids.clld.org/values/9-160-222-3>		<http://ids.clld.org/parameters/9-160>		<http://ids.clld.org/values/9-160-286-1>		"tuku"@pav	
"ihtakawi"@azz	<http://ids.clld.org/values/5-125-222-5>		<http://ids.clld.org/parameters/5-125>		<http://ids.clld.org/values/5-125-286-1>		"šowuru"@pav	
"palak-ti-k"@azz	<http://ids.clld.org/values/5-125-222-1>		<http://ids.clld.org/parameters/5-125>		<http://ids.clld.org/values/5-125-286-1>		"šowuru"@pav	
"yeh"@azz	<http://ids.clld.org/values/2-930-222-1>		<http://ids.clld.org/parameters/2-930>		<http://ids.clld.org/values/2-930-286-1>		"ko maʔ"@pav	
"taga-t"@azz	<http://ids.clld.org/values/2-230-222-1>		<http://ids.clld.org/parameters/2-230>		<http://ids.clld.org/values/2-230-286-1>		"taramaʔ"@pav	
"ki-pipi-na"@azz	<http://ids.clld.org/values/5-160-222-1>		<http://ids.clld.org/parameters/5-160>		<http://ids.clld.org/values/5-160-286-1>		"šok"@pav	
"ki-pipi-na"@azz	<http://ids.clld.org/values/5-160-222-1>		<http://ids.clld.org/parameters/5-160>		<http://ids.clld.org/values/5-160-286-3>		"šak"@pav	
"we-wec̷ka"@azz	<http://ids.clld.org/values/16-250-222-3>		<http://ids.clld.org/parameters/16-250>		<http://ids.clld.org/values/16-250-286-1>		"tatamʔ"@pav	
"we-wec̷ka"@azz	<http://ids.clld.org/values/16-250-222-3>		<http://ids.clld.org/parameters/16-250>		<http://ids.clld.org/values/16-250-286-3>		"katamʔ"@pav	
"ista-t"@azz	<http://ids.clld.org/values/5-810-222-1>		<http://ids.clld.org/parameters/5-810>		<http://ids.clld.org/values/5-810-286-1>		"[sal]"@pav	
"c̷iki-c̷in"@azz	<http://ids.clld.org/values/12-560-222-3>		<http://ids.clld.org/parameters/12-560>		<http://ids.clld.org/values/12-560-286-1>		"wiyimain"@pav	
"ki-pic̷a"@azz	<http://ids.clld.org/values/10-380-222-3>		<http://ids.clld.org/parameters/10-380>		<http://ids.clld.org/values/10-380-286-3>		"hukoʔ"@pav	
"ki-pic̷a"@azz	<http://ids.clld.org/values/10-380-222-3>		<http://ids.clld.org/parameters/10-380>		<http://ids.clld.org/values/10-380-286-1>		"hu"@pav	
"ki-pipi-c̷o-a"@azz	<http://ids.clld.org/values/5-160-222-3>		<http://ids.clld.org/parameters/5-160>		<http://ids.clld.org/values/5-160-286-1>		"šok"@pav	
"ki-pipi-c̷o-a"@azz	<http://ids.clld.org/values/5-160-222-3>		<http://ids.clld.org/parameters/5-160>		<http://ids.clld.org/values/5-160-286-3>		"šak"@pav	
"yool"@azz	<http://ids.clld.org/values/4-440-222-1>		<http://ids.clld.org/parameters/4-440>		<http://ids.clld.org/values/4-440-286-1>		"šimišiʔ (šim)"@pav	
"ki-mik-ti-[y]a"@azz	<http://ids.clld.org/values/4-760-222-3>		<http://ids.clld.org/parameters/4-760>		<http://ids.clld.org/values/4-760-286-1>		"paʔ"@pav	
"počik-ti-k"@azz	<http://ids.clld.org/values/15-640-222-3>		<http://ids.clld.org/parameters/15-640>		<http://ids.clld.org/values/15-640-286-1>		"towoʔ"@pav	
"yol-tok"@azz	<http://ids.clld.org/values/4-740-222-1>		<http://ids.clld.org/parameters/4-740>		<http://ids.clld.org/values/4-740-286-1>		"eʔ"@pav	
"kakal-ti-k"@azz	<http://ids.clld.org/values/12-650-222-1>		<http://ids.clld.org/parameters/12-650>		<http://ids.clld.org/values/12-650-286-1>		"šašiʔ"@pav	
"i-yek-ma-y"@azz	<http://ids.clld.org/values/12-410-222-1>		<http://ids.clld.org/parameters/12-410>		<http://ids.clld.org/values/12-410-286-1>		"irikwerešiʔ"@pav	
"a-tac̷-ti-k"@azz	<http://ids.clld.org/values/15-830-222-3>		<http://ids.clld.org/parameters/15-830>		<http://ids.clld.org/values/15-830-286-1>		"šoʔ"@pav	
"naal-"@azz	<http://ids.clld.org/values/12-730-222-3>		<http://ids.clld.org/parameters/12-730>		<http://ids.clld.org/values/12-730-286-1>		"ka om šone ne"@pav	
"teh-wa"@azz	<http://ids.clld.org/values/2-920-222-3>		<http://ids.clld.org/parameters/2-920>		<http://ids.clld.org/values/2-920-286-1>		"wum"@pav	
"yowa-l-ti-k"@azz	<http://ids.clld.org/values/12-810-222-1>		<http://ids.clld.org/parameters/12-810>		<http://ids.clld.org/values/12-810-286-1>		"monoʔo"@pav	
"i-nene-pil"@azz	<http://ids.clld.org/values/4-260-222-1>		<http://ids.clld.org/parameters/4-260>		<http://ids.clld.org/values/4-260-286-1>		"petehwet nešiʔ (petehwet)"@pav	
"k-ihto-a"@azz	<http://ids.clld.org/values/18-220-222-1>		<http://ids.clld.org/parameters/18-220>		<http://ids.clld.org/values/18-220-286-1>		"tomiʔ šoʔ"@pav	
"ki-tapana"@azz	<http://ids.clld.org/values/9-270-222-1>		<http://ids.clld.org/parameters/9-270>		<http://ids.clld.org/values/9-270-286-1>		"toʔ pahot"@pav	
"ki-tapana"@azz	<http://ids.clld.org/values/9-270-222-1>		<http://ids.clld.org/parameters/9-270>		<http://ids.clld.org/values/9-270-286-3>		"toʔ pahorohot"@pav	
"ki-pac̷ka"@azz	<http://ids.clld.org/values/9-343-222-1>		<http://ids.clld.org/parameters/9-343>		<http://ids.clld.org/values/9-343-286-1>		"humʔ"@pav	
"tokoc̷"@azz	<http://ids.clld.org/values/12-590-222-7>		<http://ids.clld.org/parameters/12-590>		<http://ids.clld.org/values/12-590-286-1>		"wiyimain"@pav	
"kʷečawa-k"@azz	<http://ids.clld.org/values/15-830-222-5>		<http://ids.clld.org/parameters/15-830>		<http://ids.clld.org/values/15-830-286-1>		"šoʔ"@pav	
"ahtapal"@azz	<http://ids.clld.org/values/4-392-222-1>		<http://ids.clld.org/parameters/4-392>		<http://ids.clld.org/values/4-392-286-1>		"tapaši"@pav	
"siwa-t"@azz	<http://ids.clld.org/values/2-220-222-1>		<http://ids.clld.org/parameters/2-220>		<http://ids.clld.org/values/2-220-286-1>		"narimaʔ"@pav	
"-miki-tii"@azz	<http://ids.clld.org/values/4-750-222-3>		<http://ids.clld.org/parameters/4-750>		<http://ids.clld.org/values/4-750-286-3>		"konoʔ"@pav	
"-miki-tii"@azz	<http://ids.clld.org/values/4-750-222-3>		<http://ids.clld.org/parameters/4-750>		<http://ids.clld.org/values/4-750-286-1>		"miʔ pin"@pav	
"a-sek"@azz	<http://ids.clld.org/values/1-770-222-3>		<http://ids.clld.org/parameters/1-770>		<http://ids.clld.org/values/1-770-286-1>		"šio šio"@pav	
"ta-po-[w]a"@azz	<http://ids.clld.org/values/13-107-222-1>		<http://ids.clld.org/parameters/13-107>		<http://ids.clld.org/values/13-107-286-1>		"piyimʔ"@pav	
"nan- ~ ta-...-h"@azz	<http://ids.clld.org/values/2-950-222-1>		<http://ids.clld.org/parameters/2-950>		<http://ids.clld.org/values/2-950-286-1>		"wahuʔ"@pav	
"kʷow-neš"@azz	<http://ids.clld.org/values/1-840-222-1>		<http://ids.clld.org/parameters/1-840>		<http://ids.clld.org/values/1-840-286-1>		"topakon"@pav	
"meka-t"@azz	<http://ids.clld.org/values/9-190-222-1>		<http://ids.clld.org/parameters/9-190>		<http://ids.clld.org/values/9-190-286-1>		"makon (makorišiʔ)"@pav	
"ki-kotona"@azz	<http://ids.clld.org/values/9-220-222-3>		<http://ids.clld.org/parameters/9-220>		<http://ids.clld.org/values/9-220-286-7>		"nakarkamʔ"@pav	
"ki-kotona"@azz	<http://ids.clld.org/values/9-220-222-3>		<http://ids.clld.org/parameters/9-220>		<http://ids.clld.org/values/9-220-286-3>		"wawak"@pav	
"ki-kotona"@azz	<http://ids.clld.org/values/9-220-222-3>		<http://ids.clld.org/parameters/9-220>		<http://ids.clld.org/values/9-220-286-9>		"ta"@pav	
"ki-kotona"@azz	<http://ids.clld.org/values/9-220-222-3>		<http://ids.clld.org/parameters/9-220>		<http://ids.clld.org/values/9-220-286-5>		"nakamʔ"@pav	
"ki-kotona"@azz	<http://ids.clld.org/values/9-220-222-3>		<http://ids.clld.org/parameters/9-220>		<http://ids.clld.org/values/9-220-286-1>		"wak"@pav	
"ki-te-maka"@azz	<http://ids.clld.org/values/11-210-222-3>		<http://ids.clld.org/parameters/11-210>		<http://ids.clld.org/values/11-210-286-1>		"miʔ"@pav	
"seh-se"@azz	<http://ids.clld.org/values/13-140-222-1>		<http://ids.clld.org/parameters/13-140>		<http://ids.clld.org/values/13-140-286-1>		"šam"@pav	
"i-ten-a-yo"@azz	<http://ids.clld.org/values/4-560-222-5>		<http://ids.clld.org/parameters/4-560>		<http://ids.clld.org/values/4-560-286-1>		"hupaʔ"@pav	
"nel"@azz	<http://ids.clld.org/values/13-150-222-5>		<http://ids.clld.org/parameters/13-150>		<http://ids.clld.org/values/13-150-286-1>		"iriʔ miyo/ miya"@pav	
"šoko-t"@azz	<http://ids.clld.org/values/5-710-222-1>		<http://ids.clld.org/parameters/5-710>		<http://ids.clld.org/values/5-710-286-3>		"winain"@pav	
"šoko-t"@azz	<http://ids.clld.org/values/5-710-222-1>		<http://ids.clld.org/parameters/5-710>		<http://ids.clld.org/values/5-710-286-1>		"memem"@pav	
"toto-c̷in"@azz	<http://ids.clld.org/values/3-581-222-1>		<http://ids.clld.org/parameters/3-581>		<http://ids.clld.org/values/3-581-286-1>		"me"@pav	
"ki-tati-(y)a"@azz	<http://ids.clld.org/values/1-851-222-3>		<http://ids.clld.org/parameters/1-851>		<http://ids.clld.org/values/1-851-286-3>		"wiran"@pav	
"ki-tati-(y)a"@azz	<http://ids.clld.org/values/1-851-222-3>		<http://ids.clld.org/parameters/1-851>		<http://ids.clld.org/values/1-851-286-1>		"tom"@pav	
"ki-tati-(y)a"@azz	<http://ids.clld.org/values/1-851-222-3>		<http://ids.clld.org/parameters/1-851>		<http://ids.clld.org/values/1-851-286-5>		"karahoʔ"@pav	
"i-nakas"@azz	<http://ids.clld.org/values/4-220-222-1>		<http://ids.clld.org/parameters/4-220>		<http://ids.clld.org/values/4-220-286-1>		"tara-yišiʔ (taraʔ)"@pav	
"i-tan-kʷa-y"@azz	<http://ids.clld.org/values/4-360-222-1>		<http://ids.clld.org/parameters/4-360>		<http://ids.clld.org/values/4-360-286-1>		"karamašiʔ (karam)"@pav	
"ta-kʷa"@azz	<http://ids.clld.org/values/5-110-222-1>		<http://ids.clld.org/parameters/5-110>		<http://ids.clld.org/values/5-110-286-1>		"kaoʔ"@pav	
"ta-kʷa"@azz	<http://ids.clld.org/values/5-110-222-1>		<http://ids.clld.org/parameters/5-110>		<http://ids.clld.org/values/5-110-286-3>		"kakakaoʔ"@pav	
"mo-ta"@azz	<http://ids.clld.org/values/15-510-222-3>		<http://ids.clld.org/parameters/15-510>		<http://ids.clld.org/values/15-510-286-1>		"kerek"@pav	
"ki-to-toni-a"@azz	<http://ids.clld.org/values/15-851-222-1>		<http://ids.clld.org/parameters/15-851>		<http://ids.clld.org/values/15-851-286-3>		"nonoe"@pav	
"ki-to-toni-a"@azz	<http://ids.clld.org/values/15-851-222-1>		<http://ids.clld.org/parameters/15-851>		<http://ids.clld.org/values/15-851-286-1>		"šain"@pav	
"ki-paka"@azz	<http://ids.clld.org/values/9-360-222-1>		<http://ids.clld.org/parameters/9-360>		<http://ids.clld.org/values/9-360-286-3>		"toʔ"@pav	
"ki-paka"@azz	<http://ids.clld.org/values/9-360-222-1>		<http://ids.clld.org/parameters/9-360>		<http://ids.clld.org/values/9-360-286-1>		"hohok"@pav	
"i-mec̷"@azz	<http://ids.clld.org/values/4-370-222-1>		<http://ids.clld.org/parameters/4-370>		<http://ids.clld.org/values/4-370-286-1>		"kašimašiʔ (kašim)"@pav	
"šiwi-t"@azz	<http://ids.clld.org/values/8-510-222-1>		<http://ids.clld.org/parameters/8-510>		<http://ids.clld.org/values/8-510-286-1>		"tononoin"@pav	
"mo-yoliš-kepa"@azz	<http://ids.clld.org/values/4-570-222-3>		<http://ids.clld.org/parameters/4-570>		<http://ids.clld.org/values/4-570-286-1>		"weʔ"@pav	
"neh"@azz	<http://ids.clld.org/values/2-910-222-3>		<http://ids.clld.org/parameters/2-910>		<http://ids.clld.org/values/2-910-286-1>		"wataʔ"@pav	
"weyi-a-t"@azz	<http://ids.clld.org/values/1-360-222-1>		<http://ids.clld.org/parameters/1-360>		<http://ids.clld.org/values/1-360-286-1>		"kom"@pav	
"mow-kayot"@azz	<http://ids.clld.org/values/16-530-222-1>		<http://ids.clld.org/parameters/16-530>		<http://ids.clld.org/values/16-530-286-1>		"yinʔ"@pav	
"awil"@azz	<http://ids.clld.org/values/16-260-222-3>		<http://ids.clld.org/parameters/16-260>		<http://ids.clld.org/values/16-260-286-1>		"warayu"@pav	
"tahto-a"@azz	<http://ids.clld.org/values/18-210-222-1>		<http://ids.clld.org/parameters/18-210>		<http://ids.clld.org/values/18-210-286-1>		"tomiʔ"@pav	
"aksaa"@azz	<http://ids.clld.org/values/13-181-222-7>		<http://ids.clld.org/parameters/13-181>		<http://ids.clld.org/values/13-181-286-1>		"arakaʔ"@pav	
"waki"@azz	<http://ids.clld.org/values/15-840-222-3>		<http://ids.clld.org/parameters/15-840>		<http://ids.clld.org/values/15-840-286-1>		"kawainʔ"@pav	
"neh-nemi"@azz	<http://ids.clld.org/values/10-450-222-3>		<http://ids.clld.org/parameters/10-450>		<http://ids.clld.org/values/10-450-286-1>		"šut"@pav	
"neh-nemi"@azz	<http://ids.clld.org/values/10-450-222-3>		<http://ids.clld.org/parameters/10-450>		<http://ids.clld.org/values/10-450-286-3>		"šurušut"@pav	
"šiw-"@azz	<http://ids.clld.org/values/14-730-222-3>		<http://ids.clld.org/parameters/14-730>		<http://ids.clld.org/values/14-730-286-1>		"kawašiʔ"@pav	
"šinač"@azz	<http://ids.clld.org/values/8-311-222-1>		<http://ids.clld.org/parameters/8-311>		<http://ids.clld.org/values/8-311-286-1>		"tokwi"@pav	
"-maa ~ mah"@azz	<http://ids.clld.org/values/4-330-222-3>		<http://ids.clld.org/parameters/4-330>		<http://ids.clld.org/values/4-330-286-1>		"mišiʔ"@pav	
"-maa ~ mah"@azz	<http://ids.clld.org/values/4-330-222-3>		<http://ids.clld.org/parameters/4-330>		<http://ids.clld.org/values/4-330-286-3>		"(umʔ)"@pav	
"ki-tihtikʷina-lti-a"@azz	<http://ids.clld.org/values/9-223-222-1>		<http://ids.clld.org/parameters/9-223>		<http://ids.clld.org/values/9-223-286-1>		"šukunʔ"@pav	
"wehka"@azz	<http://ids.clld.org/values/12-440-222-1>		<http://ids.clld.org/parameters/12-440>		<http://ids.clld.org/values/12-440-286-1>		"pira"@pav	
"ki-tilana"@azz	<http://ids.clld.org/values/9-330-222-1>		<http://ids.clld.org/parameters/9-330>		<http://ids.clld.org/values/9-330-286-1>		"kök"@pav	
"i-iš-tololo"@azz	<http://ids.clld.org/values/4-210-222-1>		<http://ids.clld.org/parameters/4-210>		<http://ids.clld.org/values/4-210-286-1>		"tokošiʔ (tok)"@pav	
"i-yolo"@azz	<http://ids.clld.org/values/4-440-222-3>		<http://ids.clld.org/parameters/4-440>		<http://ids.clld.org/values/4-440-286-1>		"šimišiʔ (šim)"@pav	
"[kantar]o-a"@azz	<http://ids.clld.org/values/18-120-222-1>		<http://ids.clld.org/parameters/18-120>		<http://ids.clld.org/values/18-120-286-1>		"kom"@pav	
"tayi"@azz	<http://ids.clld.org/values/5-130-222-1>		<http://ids.clld.org/parameters/5-130>		<http://ids.clld.org/values/5-130-286-1>		"tok"@pav	
"tayi"@azz	<http://ids.clld.org/values/5-130-222-1>		<http://ids.clld.org/parameters/5-130>		<http://ids.clld.org/values/5-130-286-3>		"tototok"@pav	
"yan[g]wi-k"@azz	<http://ids.clld.org/values/14-130-222-1>		<http://ids.clld.org/parameters/14-130>		<http://ids.clld.org/values/14-130-286-1>		"šokori"@pav	
"wec̷i"@azz	<http://ids.clld.org/values/10-230-222-1>		<http://ids.clld.org/parameters/10-230>		<http://ids.clld.org/values/10-230-286-3>		"kamaraʔ"@pav	
"wec̷i"@azz	<http://ids.clld.org/values/10-230-222-1>		<http://ids.clld.org/parameters/10-230>		<http://ids.clld.org/values/10-230-286-1>		"panʔ"@pav	
"ki-mati"@azz	<http://ids.clld.org/values/17-170-222-1>		<http://ids.clld.org/parameters/17-170>		<http://ids.clld.org/values/17-170-286-1>		"tašiʔ"@pav	
"ki-mati"@azz	<http://ids.clld.org/values/17-170-222-1>		<http://ids.clld.org/parameters/17-170>		<http://ids.clld.org/values/17-170-286-3>		"kerek"@pav	
"ki-mati"@azz	<http://ids.clld.org/values/17-170-222-1>		<http://ids.clld.org/parameters/17-170>		<http://ids.clld.org/values/17-170-286-5>		"kerek pinʔ"@pav	
"yeh-wa-n"@azz	<http://ids.clld.org/values/2-960-222-1>		<http://ids.clld.org/parameters/2-960>		<http://ids.clld.org/values/2-960-286-1>		"karam maʔ"@pav	
"ki-tenewa"@azz	<http://ids.clld.org/values/18-280-222-1>		<http://ids.clld.org/parameters/18-280>		<http://ids.clld.org/values/18-280-286-1>		"wišišiʔ (wit)"@pav	
"i-[y]okič"@azz	<http://ids.clld.org/values/2-310-222-1>		<http://ids.clld.org/parameters/2-310>		<http://ids.clld.org/values/2-310-286-1>		"taši"@pav	
"tal-neš"@azz	<http://ids.clld.org/values/1-213-222-1>		<http://ids.clld.org/parameters/1-213>		<http://ids.clld.org/values/1-213-286-1>		"tainʔ"@pav	
"šiwi-t"@azz	<http://ids.clld.org/values/8-560-222-1>		<http://ids.clld.org/parameters/8-560>		<http://ids.clld.org/values/8-560-286-1>		"tenenein"@pav	
"∅"@azz	<http://ids.clld.org/values/2-930-222-5>		<http://ids.clld.org/parameters/2-930>		<http://ids.clld.org/values/2-930-286-1>		"ko maʔ"@pav	
"kʷow"@azz	<http://ids.clld.org/values/1-430-222-3>		<http://ids.clld.org/parameters/1-430>		<http://ids.clld.org/values/1-430-286-1>		"pana"@pav	
"posawa-k"@azz	<http://ids.clld.org/values/4-853-222-1>		<http://ids.clld.org/parameters/4-853>		<http://ids.clld.org/values/4-853-286-1>		"mom"@pav	
"yemaš-c̷in"@azz	<http://ids.clld.org/values/15-770-222-3>		<http://ids.clld.org/parameters/15-770>		<http://ids.clld.org/values/15-770-286-1>		"topišik"@pav	
"iihyoyo"@azz	<http://ids.clld.org/values/4-510-222-3>		<http://ids.clld.org/parameters/4-510>		<http://ids.clld.org/values/4-510-286-1>		"wereme"@pav	
"ki-kepa"@azz	<http://ids.clld.org/values/10-130-222-1>		<http://ids.clld.org/parameters/10-130>		<http://ids.clld.org/values/10-130-286-1>		"yami"@pav	
"tal"@azz	<http://ids.clld.org/values/1-210-222-1>		<http://ids.clld.org/parameters/1-210>		<http://ids.clld.org/values/1-210-286-1>		"makanʔ"@pav	
"i-tan"@azz	<http://ids.clld.org/values/4-270-222-1>		<http://ids.clld.org/parameters/4-270>		<http://ids.clld.org/values/4-270-286-1>		"šišiʔ (yat)"@pav	
"ki-teka"@azz	<http://ids.clld.org/values/12-140-222-1>		<http://ids.clld.org/parameters/12-140>		<http://ids.clld.org/values/12-140-286-1>		"teremʔ"@pav	
"ki-teka"@azz	<http://ids.clld.org/values/12-140-222-1>		<http://ids.clld.org/parameters/12-140>		<http://ids.clld.org/values/12-140-286-3>		"tokoʔ"@pav	
"tilawa-k"@azz	<http://ids.clld.org/values/12-630-222-1>		<http://ids.clld.org/parameters/12-630>		<http://ids.clld.org/values/12-630-286-1>		"kwere"@pav	
"c̷ohkʷil-ti-k"@azz	<http://ids.clld.org/values/15-880-222-3>		<http://ids.clld.org/parameters/15-880>		<http://ids.clld.org/values/15-880-286-1>		"mišem"@pav	
"ki-maka"@azz	<http://ids.clld.org/values/11-210-222-1>		<http://ids.clld.org/parameters/11-210>		<http://ids.clld.org/values/11-210-286-1>		"miʔ"@pav	
"teh"@azz	<http://ids.clld.org/values/2-920-222-1>		<http://ids.clld.org/parameters/2-920>		<http://ids.clld.org/values/2-920-286-1>		"wum"@pav	
"i-ma-y"@azz	<http://ids.clld.org/values/4-330-222-1>		<http://ids.clld.org/parameters/4-330>		<http://ids.clld.org/values/4-330-286-1>		"mišiʔ"@pav	
"i-ma-y"@azz	<http://ids.clld.org/values/4-330-222-1>		<http://ids.clld.org/parameters/4-330>		<http://ids.clld.org/values/4-330-286-3>		"(umʔ)"@pav	
"yeka"@azz	<http://ids.clld.org/values/4-230-222-1>		<http://ids.clld.org/parameters/4-230>		<http://ids.clld.org/values/4-230-286-1>		"werešiʔ (ut)"@pav	
"ta-miš-tentok"@azz	<http://ids.clld.org/values/1-740-222-3>		<http://ids.clld.org/parameters/1-740>		<http://ids.clld.org/values/1-740-286-1>		"murukukuʔ"@pav	
"c̷ik-c̷in"@azz	<http://ids.clld.org/values/12-590-222-1>		<http://ids.clld.org/parameters/12-590>		<http://ids.clld.org/values/12-590-286-1>		"wiyimain"@pav	
"yeek"@azz	<http://ids.clld.org/values/12-730-222-5>		<http://ids.clld.org/parameters/12-730>		<http://ids.clld.org/values/12-730-286-1>		"ka om šone ne"@pav	
"noči"@azz	<http://ids.clld.org/values/13-140-222-3>		<http://ids.clld.org/parameters/13-140>		<http://ids.clld.org/values/13-140-286-1>		"šam"@pav	
"oh-ti"@azz	<http://ids.clld.org/values/10-720-222-1>		<http://ids.clld.org/parameters/10-720>		<http://ids.clld.org/values/10-720-286-1>		"wana (wanayišiʔ)"@pav	
"melawa-k"@azz	<http://ids.clld.org/values/12-730-222-1>		<http://ids.clld.org/parameters/12-730>		<http://ids.clld.org/values/12-730-286-1>		"ka om šone ne"@pav	
"ti-"@azz	<http://ids.clld.org/values/2-920-222-5>		<http://ids.clld.org/parameters/2-920>		<http://ids.clld.org/values/2-920-286-1>		"wum"@pav	
"te-t"@azz	<http://ids.clld.org/values/1-440-222-1>		<http://ids.clld.org/parameters/1-440>		<http://ids.clld.org/values/1-440-286-1>		"pakun"@pav	
"kʷowi-t"@azz	<http://ids.clld.org/values/8-600-222-1>		<http://ids.clld.org/parameters/8-600>		<http://ids.clld.org/values/8-600-286-1>		"pana"@pav	
"koyawa-k"@azz	<http://ids.clld.org/values/12-610-222-3>		<http://ids.clld.org/parameters/12-610>		<http://ids.clld.org/values/12-610-286-1>		"kote ne kimain"@pav	
"k-ita"@azz	<http://ids.clld.org/values/15-510-222-1>		<http://ids.clld.org/parameters/15-510>		<http://ids.clld.org/values/15-510-286-1>		"kerek"@pav	
"i-kan"@azz	<http://ids.clld.org/values/4-190-222-5>		<http://ids.clld.org/parameters/4-190>		<http://ids.clld.org/values/4-190-286-1>		"warašiʔ"@pav	
"ko[w]a-t"@azz	<http://ids.clld.org/values/3-850-222-1>		<http://ids.clld.org/parameters/3-850>		<http://ids.clld.org/values/3-850-286-1>		"emʔ"@pav	
"i-swa-c̷in"@azz	<http://ids.clld.org/values/2-320-222-3>		<http://ids.clld.org/parameters/2-320>		<http://ids.clld.org/values/2-320-286-1>		"mana"@pav	
"tona-l"@azz	<http://ids.clld.org/values/1-520-222-1>		<http://ids.clld.org/parameters/1-520>		<http://ids.clld.org/values/1-520-286-1>		"šina"@pav	
"ti-t"@azz	<http://ids.clld.org/values/1-810-222-1>		<http://ids.clld.org/parameters/1-810>		<http://ids.clld.org/values/1-810-286-1>		"še"@pav	
"wewe-t"@azz	<http://ids.clld.org/values/14-150-222-3>		<http://ids.clld.org/parameters/14-150>		<http://ids.clld.org/values/14-150-286-1>		"maraʔ"@pav	
"wewe-t"@azz	<http://ids.clld.org/values/14-150-222-3>		<http://ids.clld.org/parameters/14-150>		<http://ids.clld.org/values/14-150-286-3>		"horon"@pav	
"sese-k"@azz	<http://ids.clld.org/values/15-860-222-1>		<http://ids.clld.org/parameters/15-860>		<http://ids.clld.org/values/15-860-286-1>		"šio"@pav	
"sese-k"@azz	<http://ids.clld.org/values/15-860-222-1>		<http://ids.clld.org/parameters/15-860>		<http://ids.clld.org/values/15-860-286-3>		"kapinʔ"@pav	
"ista-k"@azz	<http://ids.clld.org/values/15-640-222-1>		<http://ids.clld.org/parameters/15-640>		<http://ids.clld.org/values/15-640-286-1>		"towoʔ"@pav	
"ki-šakʷalo-a"@azz	<http://ids.clld.org/values/9-310-222-1>		<http://ids.clld.org/parameters/9-310>		<http://ids.clld.org/values/9-310-286-1>		"šik"@pav	
"kʷowi-t"@azz	<http://ids.clld.org/values/1-420-222-1>		<http://ids.clld.org/parameters/1-420>		<http://ids.clld.org/values/1-420-286-1>		"pana"@pav	
"pili"@azz	<http://ids.clld.org/values/2-270-222-1>		<http://ids.clld.org/parameters/2-270>		<http://ids.clld.org/values/2-270-286-1>		"piyeʔ"@pav	
"koči"@azz	<http://ids.clld.org/values/4-610-222-1>		<http://ids.clld.org/parameters/4-610>		<http://ids.clld.org/values/4-610-286-1>		"piʔam"@pav	
"weya-k"@azz	<http://ids.clld.org/values/12-570-222-1>		<http://ids.clld.org/parameters/12-570>		<http://ids.clld.org/values/12-570-286-1>		"matam"@pav	
"i-kʷita-pan"@azz	<http://ids.clld.org/values/4-190-222-3>		<http://ids.clld.org/parameters/4-190>		<http://ids.clld.org/values/4-190-286-1>		"warašiʔ"@pav	
"mo-tali-a"@azz	<http://ids.clld.org/values/12-130-222-3>		<http://ids.clld.org/parameters/12-130>		<http://ids.clld.org/values/12-130-286-1>		"šaoʔ pe"@pav	
"mo-tali-a"@azz	<http://ids.clld.org/values/12-130-222-3>		<http://ids.clld.org/parameters/12-130>		<http://ids.clld.org/values/12-130-286-3>		"šaoʔ to"@pav	
"wala-"@azz	<http://ids.clld.org/values/10-480-222-3>		<http://ids.clld.org/parameters/10-480>		<http://ids.clld.org/values/10-480-286-1>		"makiʔ"@pav	
"a-t"@azz	<http://ids.clld.org/values/1-310-222-1>		<http://ids.clld.org/parameters/1-310>		<http://ids.clld.org/values/1-310-286-1>		"kom (komišiʔ)"@pav	
"i-iyo-yo"@azz	<http://ids.clld.org/values/4-510-222-1>		<http://ids.clld.org/parameters/4-510>		<http://ids.clld.org/values/4-510-286-1>		"wereme"@pav	
"i-siwa-w"@azz	<http://ids.clld.org/values/2-320-222-1>		<http://ids.clld.org/parameters/2-320>		<http://ids.clld.org/values/2-320-286-1>		"mana"@pav	
"akin"@azz	<http://ids.clld.org/values/13-181-222-5>		<http://ids.clld.org/parameters/13-181>		<http://ids.clld.org/values/13-181-286-1>		"arakaʔ"@pav	
"i-čiči-wal"@azz	<http://ids.clld.org/values/4-410-222-1>		<http://ids.clld.org/parameters/4-410>		<http://ids.clld.org/values/4-410-286-1>		"karašišiʔ (katat)"@pav	
"weyi"@azz	<http://ids.clld.org/values/12-550-222-1>		<http://ids.clld.org/parameters/12-550>		<http://ids.clld.org/values/12-550-286-1>		"hwaraʔ"@pav	
"weyi"@azz	<http://ids.clld.org/values/12-550-222-1>		<http://ids.clld.org/parameters/12-550>		<http://ids.clld.org/values/12-550-286-3>		"horon"@pav	
"tomawa-k"@azz	<http://ids.clld.org/values/12-630-222-3>		<http://ids.clld.org/parameters/12-630>		<http://ids.clld.org/values/12-630-286-1>		"kwere"@pav	
"eheka-t"@azz	<http://ids.clld.org/values/1-720-222-1>		<http://ids.clld.org/parameters/1-720>		<http://ids.clld.org/values/1-720-286-1>		"hotowa"@pav	
"ahkʷi"@azz	<http://ids.clld.org/values/10-350-222-1>		<http://ids.clld.org/parameters/10-350>		<http://ids.clld.org/values/10-350-286-3>		"panʔ karakam"@pav	
"ahkʷi"@azz	<http://ids.clld.org/values/10-350-222-1>		<http://ids.clld.org/parameters/10-350>		<http://ids.clld.org/values/10-350-286-1>		"panʔ kam"@pav	
"elwi[y]ak"@azz	<http://ids.clld.org/values/1-510-222-1>		<http://ids.clld.org/parameters/1-510>		<http://ids.clld.org/values/1-510-286-1>		"nanawin"@pav	
"eti-k"@azz	<http://ids.clld.org/values/15-810-222-1>		<http://ids.clld.org/parameters/15-810>		<http://ids.clld.org/values/15-810-286-3>		"taʔ man"@pav	
"eti-k"@azz	<http://ids.clld.org/values/15-810-222-1>		<http://ids.clld.org/parameters/15-810>		<http://ids.clld.org/values/15-810-286-1>		"šite"@pav	
"eti-k"@azz	<http://ids.clld.org/values/15-810-222-1>		<http://ids.clld.org/parameters/15-810>		<http://ids.clld.org/values/15-810-286-5>		"teʔ man"@pav	
"mo-kʷa-totoni-a"@azz	<http://ids.clld.org/values/16-420-222-3>		<http://ids.clld.org/parameters/16-420>		<http://ids.clld.org/values/16-420-286-1>		"manaʔ"@pav	
"taga-t"@azz	<http://ids.clld.org/values/2-210-222-1>		<http://ids.clld.org/parameters/2-210>		<http://ids.clld.org/values/2-210-286-1>		"taramaʔ"@pav	
"til-ti-k"@azz	<http://ids.clld.org/values/15-650-222-1>		<http://ids.clld.org/parameters/15-650>		<http://ids.clld.org/values/15-650-286-1>		"mišem"@pav	
"wec̷ka-lis"@azz	<http://ids.clld.org/values/16-250-222-5>		<http://ids.clld.org/parameters/16-250>		<http://ids.clld.org/values/16-250-286-1>		"tatamʔ"@pav	
"wec̷ka-lis"@azz	<http://ids.clld.org/values/16-250-222-5>		<http://ids.clld.org/parameters/16-250>		<http://ids.clld.org/values/16-250-286-3>		"katamʔ"@pav	
"okič-pil"@azz	<http://ids.clld.org/values/2-230-222-3>		<http://ids.clld.org/parameters/2-230>		<http://ids.clld.org/values/2-230-286-1>		"taramaʔ"@pav	
"c̷ik-c̷in"@azz	<http://ids.clld.org/values/12-560-222-1>		<http://ids.clld.org/parameters/12-560>		<http://ids.clld.org/values/12-560-286-1>		"wiyimain"@pav	
"-eh"@azz	<http://ids.clld.org/values/2-950-222-3>		<http://ids.clld.org/parameters/2-950>		<http://ids.clld.org/values/2-950-286-1>		"wahuʔ"@pav	
"kiowi-t"@azz	<http://ids.clld.org/values/1-750-222-3>		<http://ids.clld.org/parameters/1-750>		<http://ids.clld.org/values/1-750-286-1>		"šowiʔ"@pav	
"tona-l"@azz	<http://ids.clld.org/values/14-410-222-1>		<http://ids.clld.org/parameters/14-410>		<http://ids.clld.org/values/14-410-286-1>		"šek"@pav	
"ki-teki"@azz	<http://ids.clld.org/values/9-220-222-1>		<http://ids.clld.org/parameters/9-220>		<http://ids.clld.org/values/9-220-286-7>		"nakarkamʔ"@pav	
"ki-teki"@azz	<http://ids.clld.org/values/9-220-222-1>		<http://ids.clld.org/parameters/9-220>		<http://ids.clld.org/values/9-220-286-3>		"wawak"@pav	
"ki-teki"@azz	<http://ids.clld.org/values/9-220-222-1>		<http://ids.clld.org/parameters/9-220>		<http://ids.clld.org/values/9-220-286-9>		"ta"@pav	
"ki-teki"@azz	<http://ids.clld.org/values/9-220-222-1>		<http://ids.clld.org/parameters/9-220>		<http://ids.clld.org/values/9-220-286-5>		"nakamʔ"@pav	
"ki-teki"@azz	<http://ids.clld.org/values/9-220-222-1>		<http://ids.clld.org/parameters/9-220>		<http://ids.clld.org/values/9-220-286-1>		"wak"@pav	
"nohnel"@azz	<http://ids.clld.org/values/12-590-222-3>		<http://ids.clld.org/parameters/12-590>		<http://ids.clld.org/values/12-590-286-1>		"wiyimain"@pav	
"i-kʷetaš-[y]io"@azz	<http://ids.clld.org/values/4-120-222-3>		<http://ids.clld.org/parameters/4-120>		<http://ids.clld.org/values/4-120-286-1>		"taparišiʔ"@pav	
"aken"@azz	<http://ids.clld.org/values/13-181-222-3>		<http://ids.clld.org/parameters/13-181>		<http://ids.clld.org/values/13-181-286-1>		"arakaʔ"@pav	
"mo-ihsota"@azz	<http://ids.clld.org/values/4-570-222-5>		<http://ids.clld.org/parameters/4-570>		<http://ids.clld.org/values/4-570-286-1>		"weʔ"@pav	
"k-ili-a"@azz	<http://ids.clld.org/values/18-220-222-5>		<http://ids.clld.org/parameters/18-220>		<http://ids.clld.org/values/18-220-286-1>		"tomiʔ šoʔ"@pav	
"kec̷a"@azz	<http://ids.clld.org/values/12-150-222-5>		<http://ids.clld.org/parameters/12-150>		<http://ids.clld.org/values/12-150-286-1>		"tekiʔ pe"@pav	
"kec̷a"@azz	<http://ids.clld.org/values/12-150-222-5>		<http://ids.clld.org/parameters/12-150>		<http://ids.clld.org/values/12-150-286-3>		"tekiʔ to"@pav	
"ome"@azz	<http://ids.clld.org/values/13-20-222-1>		<http://ids.clld.org/parameters/13-20>		<http://ids.clld.org/values/13-20-286-1>		"tuku karakan"@pav	
"šošok-ti-k"@azz	<http://ids.clld.org/values/15-680-222-1>		<http://ids.clld.org/parameters/15-680>		<http://ids.clld.org/values/15-680-286-1>		"tb̃um"@pav	
"te-tat"@azz	<http://ids.clld.org/values/2-350-222-3>		<http://ids.clld.org/parameters/2-350>		<http://ids.clld.org/values/2-350-286-1>		"te"@pav	
"i-kamak"@azz	<http://ids.clld.org/values/4-240-222-3>		<http://ids.clld.org/parameters/4-240>		<http://ids.clld.org/values/4-240-286-1>		"kapiyašiʔ (topak)"@pav	
"ta-kepa"@azz	<http://ids.clld.org/values/4-570-222-1>		<http://ids.clld.org/parameters/4-570>		<http://ids.clld.org/values/4-570-286-1>		"weʔ"@pav	
"čawa-k"@azz	<http://ids.clld.org/values/5-791-222-3>		<http://ids.clld.org/parameters/5-791>		<http://ids.clld.org/values/5-791-286-1>		"homain"@pav	
"i-kes"@azz	<http://ids.clld.org/values/4-350-222-1>		<http://ids.clld.org/parameters/4-350>		<http://ids.clld.org/values/4-350-286-1>		"pišiyašiʔ"@pav	
"i-kes"@azz	<http://ids.clld.org/values/4-350-222-1>		<http://ids.clld.org/parameters/4-350>		<http://ids.clld.org/values/4-350-286-3>		"kokošiʔ"@pav	
"ki-kic̷ki-a"@azz	<http://ids.clld.org/values/11-150-222-1>		<http://ids.clld.org/parameters/11-150>		<http://ids.clld.org/values/11-150-286-1>		"kep"@pav	
"nemi a-iš-ko"@azz	<http://ids.clld.org/values/10-340-222-1>		<http://ids.clld.org/parameters/10-340>		<http://ids.clld.org/values/10-340-286-1>		"ho"@pav	
"nemi a-iš-ko"@azz	<http://ids.clld.org/values/10-340-222-1>		<http://ids.clld.org/parameters/10-340>		<http://ids.clld.org/values/10-340-286-3>		"horoho"@pav	
"kakalač-ti-k"@azz	<http://ids.clld.org/values/12-650-222-3>		<http://ids.clld.org/parameters/12-650>		<http://ids.clld.org/values/12-650-286-1>		"šašiʔ"@pav	
"sitalin"@azz	<http://ids.clld.org/values/1-540-222-1>		<http://ids.clld.org/parameters/1-540>		<http://ids.clld.org/values/1-540-286-1>		"piyoʔ"@pav	
"šal"@azz	<http://ids.clld.org/values/1-215-222-1>		<http://ids.clld.org/parameters/1-215>		<http://ids.clld.org/values/1-215-286-1>		"namayi"@pav	
"wic̷a"@azz	<http://ids.clld.org/values/10-480-222-1>		<http://ids.clld.org/parameters/10-480>		<http://ids.clld.org/values/10-480-286-1>		"makiʔ"@pav	
"ki-kehc̷oma"@azz	<http://ids.clld.org/values/4-580-222-1>		<http://ids.clld.org/parameters/4-580>		<http://ids.clld.org/values/4-580-286-1>		"kio"@pav	
"wiki"@azz	<http://ids.clld.org/values/10-480-222-5>		<http://ids.clld.org/parameters/10-480>		<http://ids.clld.org/values/10-480-286-1>		"makiʔ"@pav	
"kihtakʷa"@azz	<http://ids.clld.org/values/5-125-222-3>		<http://ids.clld.org/parameters/5-125>		<http://ids.clld.org/values/5-125-286-1>		"šowuru"@pav	
"-wec̷o"@azz	<http://ids.clld.org/values/10-230-222-3>		<http://ids.clld.org/parameters/10-230>		<http://ids.clld.org/values/10-230-286-3>		"kamaraʔ"@pav	
"-wec̷o"@azz	<http://ids.clld.org/values/10-230-222-3>		<http://ids.clld.org/parameters/10-230>		<http://ids.clld.org/values/10-230-286-1>		"panʔ"@pav	
"sani-lo-a"@azz	<http://ids.clld.org/values/18-210-222-3>		<http://ids.clld.org/parameters/18-210>		<http://ids.clld.org/values/18-210-286-1>		"tomiʔ"@pav	
"ki-wac̷a"@azz	<http://ids.clld.org/values/15-840-222-1>		<http://ids.clld.org/parameters/15-840>		<http://ids.clld.org/values/15-840-286-1>		"kawainʔ"@pav	
"nameh-wa-n"@azz	<http://ids.clld.org/values/2-950-222-5>		<http://ids.clld.org/parameters/2-950>		<http://ids.clld.org/values/2-950-286-1>		"wahuʔ"@pav	
"tahnekʷi"@azz	<http://ids.clld.org/values/15-210-222-1>		<http://ids.clld.org/parameters/15-210>		<http://ids.clld.org/values/15-210-286-3>		"hu"@pav	
"tahnekʷi"@azz	<http://ids.clld.org/values/15-210-222-1>		<http://ids.clld.org/parameters/15-210>		<http://ids.clld.org/values/15-210-286-1>		"nak"@pav	
"kʷali yetok"@azz	<http://ids.clld.org/values/16-710-222-3>		<http://ids.clld.org/parameters/16-710>		<http://ids.clld.org/values/16-710-286-1>		"awi"@pav	
"i-kʷit-kowan"@azz	<http://ids.clld.org/values/4-461-222-3>		<http://ids.clld.org/parameters/4-461>		<http://ids.clld.org/values/4-461-286-1>		"monošiʔ (mon)"@pav	
"tal-kʷetaš-kol"@azz	<http://ids.clld.org/values/3-840-222-5>		<http://ids.clld.org/parameters/3-840>		<http://ids.clld.org/values/3-840-286-1>		"meteʔ"@pav	
"i-c̷on-tekon"@azz	<http://ids.clld.org/values/4-200-222-1>		<http://ids.clld.org/parameters/4-200>		<http://ids.clld.org/values/4-200-286-1>		"winašiʔ (wayiʔ)"@pav	
"pal-ti-k"@azz	<http://ids.clld.org/values/15-830-222-1>		<http://ids.clld.org/parameters/15-830>		<http://ids.clld.org/values/15-830-286-1>		"šoʔ"@pav	
"kʷowi-t"@azz	<http://ids.clld.org/values/1-430-222-1>		<http://ids.clld.org/parameters/1-430>		<http://ids.clld.org/values/1-430-286-1>		"pana"@pav	
"tahtoo"@azz	<http://ids.clld.org/values/18-220-222-3>		<http://ids.clld.org/parameters/18-220>		<http://ids.clld.org/values/18-220-286-1>		"tomiʔ šoʔ"@pav	
"i-čihči"@azz	<http://ids.clld.org/values/4-560-222-3>		<http://ids.clld.org/parameters/4-560>		<http://ids.clld.org/values/4-560-286-1>		"hupaʔ"@pav	
"kʷow-tah"@azz	<http://ids.clld.org/values/1-410-222-3>		<http://ids.clld.org/parameters/1-410>		<http://ids.clld.org/values/1-410-286-1>		"nahwarak"@pav	
"kʷo-meka-t"@azz	<http://ids.clld.org/values/8-670-222-1>		<http://ids.clld.org/parameters/8-670>		<http://ids.clld.org/values/8-670-286-1>		"makon (makorišiʔ)"@pav	
"naka-t"@azz	<http://ids.clld.org/values/5-610-222-1>		<http://ids.clld.org/parameters/5-610>		<http://ids.clld.org/values/5-610-286-1>		"karawa (karamayišiʔ)"@pav	
"kači tipi-c̷in"@azz	<http://ids.clld.org/values/13-170-222-1>		<http://ids.clld.org/parameters/13-170>		<http://ids.clld.org/values/13-170-286-1>		"parek"@pav	
"ki-ta-mota"@azz	<http://ids.clld.org/values/10-250-222-1>		<http://ids.clld.org/parameters/10-250>		<http://ids.clld.org/values/10-250-286-3>		"wišikaoʔ"@pav	
"ki-ta-mota"@azz	<http://ids.clld.org/values/10-250-222-1>		<http://ids.clld.org/parameters/10-250>		<http://ids.clld.org/values/10-250-286-1>		"šin"@pav	
"pata-ni"@azz	<http://ids.clld.org/values/10-370-222-1>		<http://ids.clld.org/parameters/10-370>		<http://ids.clld.org/values/10-370-286-3>		"toin"@pav	
"pata-ni"@azz	<http://ids.clld.org/values/10-370-222-1>		<http://ids.clld.org/parameters/10-370>		<http://ids.clld.org/values/10-370-286-1>		"takiʔ"@pav	
"mo-malaka-čo-a"@azz	<http://ids.clld.org/values/10-130-222-5>		<http://ids.clld.org/parameters/10-130>		<http://ids.clld.org/values/10-130-286-1>		"yami"@pav	
"miš-ti"@azz	<http://ids.clld.org/values/1-740-222-1>		<http://ids.clld.org/parameters/1-740>		<http://ids.clld.org/values/1-740-286-1>		"murukukuʔ"@pav	
"neh-wa"@azz	<http://ids.clld.org/values/2-910-222-1>		<http://ids.clld.org/parameters/2-910>		<http://ids.clld.org/values/2-910-286-1>		"wataʔ"@pav	
"taka-t"@azz	<http://ids.clld.org/values/2-210-222-3>		<http://ids.clld.org/parameters/2-210>		<http://ids.clld.org/values/2-210-286-1>		"taramaʔ"@pav	
"ta-kʷa-a"@azz	<http://ids.clld.org/values/5-110-222-3>		<http://ids.clld.org/parameters/5-110>		<http://ids.clld.org/values/5-110-286-1>		"kaoʔ"@pav	
"ta-kʷa-a"@azz	<http://ids.clld.org/values/5-110-222-3>		<http://ids.clld.org/parameters/5-110>		<http://ids.clld.org/values/5-110-286-3>		"kakakaoʔ"@pav	
"-wec̷ka"@azz	<http://ids.clld.org/values/16-250-222-1>		<http://ids.clld.org/parameters/16-250>		<http://ids.clld.org/values/16-250-286-1>		"tatamʔ"@pav	
"-wec̷ka"@azz	<http://ids.clld.org/values/16-250-222-1>		<http://ids.clld.org/parameters/16-250>		<http://ids.clld.org/values/16-250-286-3>		"katamʔ"@pav	
"pok-ti"@azz	<http://ids.clld.org/values/1-830-222-1>		<http://ids.clld.org/parameters/1-830>		<http://ids.clld.org/values/1-830-286-1>		"tainʔ"@pav	
"i-kʷita-pil"@azz	<http://ids.clld.org/values/4-180-222-1>		<http://ids.clld.org/parameters/4-180>		<http://ids.clld.org/values/4-180-286-1>		"kahwerein"@pav	
"ta-koyoo-ni"@azz	<http://ids.clld.org/values/8-220-222-5>		<http://ids.clld.org/parameters/8-220>		<http://ids.clld.org/values/8-220-286-1>		"še"@pav	
"ta-koyoo-ni"@azz	<http://ids.clld.org/values/8-220-222-5>		<http://ids.clld.org/parameters/8-220>		<http://ids.clld.org/values/8-220-286-3>		"šikeʔ"@pav	
"sol-ti-k"@azz	<http://ids.clld.org/values/14-150-222-1>		<http://ids.clld.org/parameters/14-150>		<http://ids.clld.org/values/14-150-286-1>		"maraʔ"@pav	
"sol-ti-k"@azz	<http://ids.clld.org/values/14-150-222-1>		<http://ids.clld.org/parameters/14-150>		<http://ids.clld.org/values/14-150-286-3>		"horon"@pav	
"-nemi"@azz	<http://ids.clld.org/values/10-450-222-1>		<http://ids.clld.org/parameters/10-450>		<http://ids.clld.org/values/10-450-286-1>		"šut"@pav	
"-nemi"@azz	<http://ids.clld.org/values/10-450-222-1>		<http://ids.clld.org/parameters/10-450>		<http://ids.clld.org/values/10-450-286-3>		"šurušut"@pav	
"yayak-ti-k"@azz	<http://ids.clld.org/values/15-880-222-5>		<http://ids.clld.org/parameters/15-880>		<http://ids.clld.org/values/15-880-286-1>		"mišem"@pav	
"ki-pi-pic̷a"@azz	<http://ids.clld.org/values/10-380-222-1>		<http://ids.clld.org/parameters/10-380>		<http://ids.clld.org/values/10-380-286-3>		"hukoʔ"@pav	
"ki-pi-pic̷a"@azz	<http://ids.clld.org/values/10-380-222-1>		<http://ids.clld.org/parameters/10-380>		<http://ids.clld.org/values/10-380-286-1>		"hu"@pav	
"kišitoma"@azz	<http://ids.clld.org/values/5-480-222-1>		<http://ids.clld.org/parameters/5-480>		<http://ids.clld.org/values/5-480-286-1>		"kuruk"@pav	
"kači"@azz	<http://ids.clld.org/values/13-150-222-1>		<http://ids.clld.org/parameters/13-150>		<http://ids.clld.org/values/13-150-286-1>		"iriʔ miyo/ miya"@pav	
"k-ilpi-a"@azz	<http://ids.clld.org/values/9-160-222-1>		<http://ids.clld.org/parameters/9-160>		<http://ids.clld.org/values/9-160-286-1>		"tuku"@pav	
"ki-kawanti-a"@azz	<http://ids.clld.org/values/15-851-222-3>		<http://ids.clld.org/parameters/15-851>		<http://ids.clld.org/values/15-851-286-3>		"nonoe"@pav	
"ki-kawanti-a"@azz	<http://ids.clld.org/values/15-851-222-3>		<http://ids.clld.org/parameters/15-851>		<http://ids.clld.org/values/15-851-286-1>		"šain"@pav	
"miak"@azz	<http://ids.clld.org/values/13-150-222-3>		<http://ids.clld.org/parameters/13-150>		<http://ids.clld.org/values/13-150-286-1>		"iriʔ miyo/ miya"@pav	
"swaa-pil"@azz	<http://ids.clld.org/values/2-270-222-5>		<http://ids.clld.org/parameters/2-270>		<http://ids.clld.org/values/2-270-286-1>		"piyeʔ"@pav	
"alaš-ti-k"@azz	<http://ids.clld.org/values/15-770-222-1>		<http://ids.clld.org/parameters/15-770>		<http://ids.clld.org/values/15-770-286-1>		"topišik"@pav	
"simi"@azz	<http://ids.clld.org/values/13-150-222-7>		<http://ids.clld.org/parameters/13-150>		<http://ids.clld.org/values/13-150-286-1>		"iriʔ miyo/ miya"@pav	
"miki"@azz	<http://ids.clld.org/values/4-750-222-1>		<http://ids.clld.org/parameters/4-750>		<http://ids.clld.org/values/4-750-286-3>		"konoʔ"@pav	
"miki"@azz	<http://ids.clld.org/values/4-750-222-1>		<http://ids.clld.org/parameters/4-750>		<http://ids.clld.org/values/4-750-286-1>		"miʔ pin"@pav	
"ta-tewi-a"@azz	<http://ids.clld.org/values/20-110-222-1>		<http://ids.clld.org/parameters/20-110>		<http://ids.clld.org/values/20-110-286-1>		"mišita"@pav	
"nalwa-t"@azz	<http://ids.clld.org/values/8-540-222-1>		<http://ids.clld.org/parameters/8-540>		<http://ids.clld.org/values/8-540-286-1>		"kašimain"@pav	
"ki-tentia"@azz	<http://ids.clld.org/values/15-780-222-1>		<http://ids.clld.org/parameters/15-780>		<http://ids.clld.org/values/15-780-286-1>		"šaʔ"@pav	
"∅-...-h"@azz	<http://ids.clld.org/values/2-960-222-3>		<http://ids.clld.org/parameters/2-960>		<http://ids.clld.org/values/2-960-286-1>		"karam maʔ"@pav	
"wayi-k"@azz	<http://ids.clld.org/values/15-840-222-5>		<http://ids.clld.org/parameters/15-840>		<http://ids.clld.org/values/15-840-286-1>		"kawainʔ"@pav	
"es-yoh"@azz	<http://ids.clld.org/values/4-150-222-3>		<http://ids.clld.org/parameters/4-150>		<http://ids.clld.org/values/4-150-286-1>		"kišiʔ (wik)"@pav	
"kʷetaš"@azz	<http://ids.clld.org/values/4-120-222-1>		<http://ids.clld.org/parameters/4-120>		<http://ids.clld.org/values/4-120-286-1>		"taparišiʔ"@pav	
"amo wehkapan"@azz	<http://ids.clld.org/values/12-590-222-5>		<http://ids.clld.org/parameters/12-590>		<http://ids.clld.org/values/12-590-286-1>		"wiyimain"@pav	
"ati"@azz	<http://ids.clld.org/values/5-130-222-3>		<http://ids.clld.org/parameters/5-130>		<http://ids.clld.org/values/5-130-286-1>		"tok"@pav	
"ati"@azz	<http://ids.clld.org/values/5-130-222-3>		<http://ids.clld.org/parameters/5-130>		<http://ids.clld.org/values/5-130-286-3>		"tototok"@pav	
"mo-wi-lis"@azz	<http://ids.clld.org/values/16-530-222-3>		<http://ids.clld.org/parameters/16-530>		<http://ids.clld.org/values/16-530-286-1>		"yinʔ"@pav	
"kone-t"@azz	<http://ids.clld.org/values/2-270-222-3>		<http://ids.clld.org/parameters/2-270>		<http://ids.clld.org/values/2-270-286-1>		"piyeʔ"@pav	
"es-ti"@azz	<http://ids.clld.org/values/4-150-222-1>		<http://ids.clld.org/parameters/4-150>		<http://ids.clld.org/values/4-150-286-1>		"kišiʔ (wik)"@pav	
"kampa tektok a-t"@azz	<http://ids.clld.org/values/1-330-222-1>		<http://ids.clld.org/parameters/1-330>		<http://ids.clld.org/values/1-330-286-1>		"šuteremʔ"@pav	
"i-kampa"@azz	<http://ids.clld.org/values/4-190-222-1>		<http://ids.clld.org/parameters/4-190>		<http://ids.clld.org/values/4-190-286-1>		"warašiʔ"@pav	
"yowa-l"@azz	<http://ids.clld.org/values/14-420-222-1>		<http://ids.clld.org/parameters/14-420>		<http://ids.clld.org/values/14-420-286-1>		"šim"@pav	
"i-kʷa-ko"@azz	<http://ids.clld.org/values/4-200-222-3>		<http://ids.clld.org/parameters/4-200>		<http://ids.clld.org/values/4-200-286-1>		"winašiʔ (wayiʔ)"@pav	
"a-pic̷ak-ti"@azz	<http://ids.clld.org/values/1-360-222-5>		<http://ids.clld.org/parameters/1-360>		<http://ids.clld.org/values/1-360-286-1>		"kom"@pav	
"tomawa-k"@azz	<http://ids.clld.org/values/5-791-222-1>		<http://ids.clld.org/parameters/5-791>		<http://ids.clld.org/values/5-791-286-1>		"homain"@pav	
"i-keč"@azz	<http://ids.clld.org/values/4-280-222-1>		<http://ids.clld.org/parameters/4-280>		<http://ids.clld.org/values/4-280-286-1>		"paramašiʔ"@pav	
"apic̷ak"@azz	<http://ids.clld.org/values/1-360-222-3>		<http://ids.clld.org/parameters/1-360>		<http://ids.clld.org/values/1-360-286-1>		"kom"@pav	
"kičkʷa"@azz	<http://ids.clld.org/values/8-220-222-1>		<http://ids.clld.org/parameters/8-220>		<http://ids.clld.org/values/8-220-286-1>		"še"@pav	
"kičkʷa"@azz	<http://ids.clld.org/values/8-220-222-1>		<http://ids.clld.org/parameters/8-220>		<http://ids.clld.org/values/8-220-286-3>		"šikeʔ"@pav	
"-miki-tii"@azz	<http://ids.clld.org/values/4-760-222-1>		<http://ids.clld.org/parameters/4-760>		<http://ids.clld.org/values/4-760-286-1>		"paʔ"@pav	
"ihka-tok"@azz	<http://ids.clld.org/values/12-150-222-1>		<http://ids.clld.org/parameters/12-150>		<http://ids.clld.org/values/12-150-286-1>		"tekiʔ pe"@pav	
"ihka-tok"@azz	<http://ids.clld.org/values/12-150-222-1>		<http://ids.clld.org/parameters/12-150>		<http://ids.clld.org/values/12-150-286-3>		"tekiʔ to"@pav	
"-koyoo-ni"@azz	<http://ids.clld.org/values/8-220-222-3>		<http://ids.clld.org/parameters/8-220>		<http://ids.clld.org/values/8-220-286-1>		"še"@pav	
"-koyoo-ni"@azz	<http://ids.clld.org/values/8-220-222-3>		<http://ids.clld.org/parameters/8-220>		<http://ids.clld.org/values/8-220-286-3>		"šikeʔ"@pav	
"ic̷kʷin-ti"@azz	<http://ids.clld.org/values/3-610-222-1>		<http://ids.clld.org/parameters/3-610>		<http://ids.clld.org/values/3-610-286-1>		"oromiyak"@pav	
"sek-ti"@azz	<http://ids.clld.org/values/1-770-222-1>		<http://ids.clld.org/parameters/1-770>		<http://ids.clld.org/values/1-770-286-1>		"šio šio"@pav	
"miči-n"@azz	<http://ids.clld.org/values/3-650-222-3>		<http://ids.clld.org/parameters/3-650>		<http://ids.clld.org/values/3-650-286-1>		"hwam (hwamišiʔ)"@pav	
"kʷal-i"@azz	<http://ids.clld.org/values/16-710-222-1>		<http://ids.clld.org/parameters/16-710>		<http://ids.clld.org/values/16-710-286-1>		"awi"@pav	
"-tata"@azz	<http://ids.clld.org/values/1-851-222-1>		<http://ids.clld.org/parameters/1-851>		<http://ids.clld.org/values/1-851-286-3>		"wiran"@pav	
"-tata"@azz	<http://ids.clld.org/values/1-851-222-1>		<http://ids.clld.org/parameters/1-851>		<http://ids.clld.org/values/1-851-286-1>		"tom"@pav	
"-tata"@azz	<http://ids.clld.org/values/1-851-222-1>		<http://ids.clld.org/parameters/1-851>		<http://ids.clld.org/values/1-851-286-5>		"karahoʔ"@pav	
"tihtikʷini"@azz	<http://ids.clld.org/values/9-223-222-3>		<http://ids.clld.org/parameters/9-223>		<http://ids.clld.org/values/9-223-286-1>		"šukunʔ"@pav	
"oh-pic̷a-k"@azz	<http://ids.clld.org/values/10-720-222-3>		<http://ids.clld.org/parameters/10-720>		<http://ids.clld.org/values/10-720-286-1>		"wana (wanayišiʔ)"@pav	
"amo-kʷali"@azz	<http://ids.clld.org/values/16-720-222-1>		<http://ids.clld.org/parameters/16-720>		<http://ids.clld.org/values/16-720-286-1>		"kayi"@pav	
"-koh-koči"@azz	<http://ids.clld.org/values/4-610-222-3>		<http://ids.clld.org/parameters/4-610>		<http://ids.clld.org/values/4-610-286-1>		"piʔam"@pav	
"taal-neeš-yo"@azz	<http://ids.clld.org/values/1-213-222-3>		<http://ids.clld.org/parameters/1-213>		<http://ids.clld.org/values/1-213-286-1>		"tainʔ"@pav	
"šoči-t"@azz	<http://ids.clld.org/values/8-570-222-1>		<http://ids.clld.org/parameters/8-570>		<http://ids.clld.org/values/8-570-286-3>		"wiyein"@pav	
"šoči-t"@azz	<http://ids.clld.org/values/8-570-222-1>		<http://ids.clld.org/parameters/8-570>		<http://ids.clld.org/values/8-570-286-1>		"piwain"@pav	
"miči"@azz	<http://ids.clld.org/values/3-650-222-1>		<http://ids.clld.org/parameters/3-650>		<http://ids.clld.org/values/3-650-286-1>		"hwam (hwamišiʔ)"@pav	
"tahc̷oma"@azz	<http://ids.clld.org/values/6-350-222-1>		<http://ids.clld.org/parameters/6-350>		<http://ids.clld.org/values/6-350-286-1>		"ok"@pav	
"i-c̷on"@azz	<http://ids.clld.org/values/4-140-222-1>		<http://ids.clld.org/parameters/4-140>		<http://ids.clld.org/values/4-140-286-1>		"tenenešiʔ"@pav	
"i-c̷on"@azz	<http://ids.clld.org/values/4-140-222-1>		<http://ids.clld.org/parameters/4-140>		<http://ids.clld.org/values/4-140-286-3>		"tenenein (šun)"@pav	
"opoč-ti"@azz	<http://ids.clld.org/values/12-420-222-1>		<http://ids.clld.org/parameters/12-420>		<http://ids.clld.org/values/12-420-286-1>		"parayišiʔ"@pav	
"mo-kepa"@azz	<http://ids.clld.org/values/10-130-222-3>		<http://ids.clld.org/parameters/10-130>		<http://ids.clld.org/values/10-130-286-1>		"yami"@pav	
"ni-"@azz	<http://ids.clld.org/values/2-910-222-5>		<http://ids.clld.org/parameters/2-910>		<http://ids.clld.org/values/2-910-286-1>		"wataʔ"@pav	
"-mah-maga"@azz	<http://ids.clld.org/values/9-210-222-3>		<http://ids.clld.org/parameters/9-210>		<http://ids.clld.org/values/9-210-286-1>		"toʔ"@pav	
"miš-ti"@azz	<http://ids.clld.org/values/1-730-222-1>		<http://ids.clld.org/parameters/1-730>		<http://ids.clld.org/values/1-730-286-1>		"tayain nanawin"@pav	
"čii-čii-"@azz	<http://ids.clld.org/values/15-660-222-1>		<http://ids.clld.org/parameters/15-660>		<http://ids.clld.org/values/15-660-286-1>		"pakaʔ"@pav	
"awil-ti"@azz	<http://ids.clld.org/values/16-260-222-5>		<http://ids.clld.org/parameters/16-260>		<http://ids.clld.org/values/16-260-286-1>		"warayu"@pav	
"tepe-t"@azz	<http://ids.clld.org/values/1-220-222-1>		<http://ids.clld.org/parameters/1-220>		<http://ids.clld.org/values/1-220-286-1>		"pakun"@pav	
"i-yekac̷ol"@azz	<http://ids.clld.org/values/4-230-222-3>		<http://ids.clld.org/parameters/4-230>		<http://ids.clld.org/values/4-230-286-1>		"werešiʔ (ut)"@pav	
"yeh-wa"@azz	<http://ids.clld.org/values/2-930-222-3>		<http://ids.clld.org/parameters/2-930>		<http://ids.clld.org/values/2-930-286-1>		"ko maʔ"@pav	
"ki-posawa-l-ti-a"@azz	<http://ids.clld.org/values/4-853-222-3>		<http://ids.clld.org/parameters/4-853>		<http://ids.clld.org/values/4-853-286-1>		"mom"@pav	
"i-tah-c̷in"@azz	<http://ids.clld.org/values/2-350-222-1>		<http://ids.clld.org/parameters/2-350>		<http://ids.clld.org/values/2-350-286-1>		"te"@pav	
"tal-ihkočin"@azz	<http://ids.clld.org/values/3-840-222-3>		<http://ids.clld.org/parameters/3-840>		<http://ids.clld.org/values/3-840-286-1>		"meteʔ"@pav	
"mec̷-ti"@azz	<http://ids.clld.org/values/1-530-222-1>		<http://ids.clld.org/parameters/1-530>		<http://ids.clld.org/values/1-530-286-1>		"panawoʔ"@pav	
"-nen"@azz	<http://ids.clld.org/values/10-450-222-5>		<http://ids.clld.org/parameters/10-450>		<http://ids.clld.org/values/10-450-286-1>		"šut"@pav	
"-nen"@azz	<http://ids.clld.org/values/10-450-222-5>		<http://ids.clld.org/parameters/10-450>		<http://ids.clld.org/values/10-450-286-3>		"šurušut"@pav	
"i-ihti-yo"@azz	<http://ids.clld.org/values/4-461-222-1>		<http://ids.clld.org/parameters/4-461>		<http://ids.clld.org/values/4-461-286-1>		"monošiʔ (mon)"@pav	
"kʷow-yoh"@azz	<http://ids.clld.org/values/1-410-222-1>		<http://ids.clld.org/parameters/1-410>		<http://ids.clld.org/values/1-410-286-1>		"nahwarak"@pav	
"saka-t"@azz	<http://ids.clld.org/values/8-510-222-3>		<http://ids.clld.org/parameters/8-510>		<http://ids.clld.org/values/8-510-286-1>		"tononoin"@pav	
"wec̷-tok"@azz	<http://ids.clld.org/values/12-140-222-3>		<http://ids.clld.org/parameters/12-140>		<http://ids.clld.org/values/12-140-286-1>		"teremʔ"@pav	
"wec̷-tok"@azz	<http://ids.clld.org/values/12-140-222-3>		<http://ids.clld.org/parameters/12-140>		<http://ids.clld.org/values/12-140-286-3>		"tokoʔ"@pav	
"pic̷o-ti-k"@azz	<http://ids.clld.org/values/15-880-222-1>		<http://ids.clld.org/parameters/15-880>		<http://ids.clld.org/values/15-880-286-1>		"mišem"@pav	
"ki-pac̷o-a"@azz	<http://ids.clld.org/values/9-343-222-3>		<http://ids.clld.org/parameters/9-343>		<http://ids.clld.org/values/9-343-286-1>		"humʔ"@pav	
"ihsika"@azz	<http://ids.clld.org/values/4-510-222-5>		<http://ids.clld.org/parameters/4-510>		<http://ids.clld.org/values/4-510-286-1>		"wereme"@pav	
"i-ewa-yo"@azz	<http://ids.clld.org/values/4-120-222-5>		<http://ids.clld.org/parameters/4-120>		<http://ids.clld.org/values/4-120-286-1>		"taparišiʔ"@pav	
"nemi"@azz	<http://ids.clld.org/values/4-740-222-3>		<http://ids.clld.org/parameters/4-740>		<http://ids.clld.org/values/4-740-286-1>		"eʔ"@pav	
"kaki"@azz	<http://ids.clld.org/values/15-410-222-1>		<http://ids.clld.org/parameters/15-410>		<http://ids.clld.org/values/15-410-286-1>		"tarayu"@pav	
"kʷali yetok"@azz	<http://ids.clld.org/values/16-730-222-1>		<http://ids.clld.org/parameters/16-730>		<http://ids.clld.org/values/16-730-286-1>		"šoʔ"@pav	
"ewa-t"@azz	<http://ids.clld.org/values/8-750-222-1>		<http://ids.clld.org/parameters/8-750>		<http://ids.clld.org/values/8-750-286-1>		"tapari"@pav	
"noči-n"@azz	<http://ids.clld.org/values/13-140-222-5>		<http://ids.clld.org/parameters/13-140>		<http://ids.clld.org/values/13-140-286-1>		"šam"@pav	
"pio-te-t"@azz	<http://ids.clld.org/values/5-970-222-1>		<http://ids.clld.org/parameters/5-970>		<http://ids.clld.org/values/5-970-286-1>		"arayein"@pav	
"ki-teemo-[w]a"@azz	<http://ids.clld.org/values/11-310-222-1>		<http://ids.clld.org/parameters/11-310>		<http://ids.clld.org/values/11-310-286-1>		"noro"@pav	
"i-taka-w"@azz	<http://ids.clld.org/values/2-310-222-3>		<http://ids.clld.org/parameters/2-310>		<http://ids.clld.org/values/2-310-286-1>		"taši"@pav	
"kʷawi-t"@azz	<http://ids.clld.org/values/1-420-222-3>		<http://ids.clld.org/parameters/1-420>		<http://ids.clld.org/values/1-420-286-1>		"pana"@pav	
"ki-čihča"@azz	<http://ids.clld.org/values/4-560-222-1>		<http://ids.clld.org/parameters/4-560>		<http://ids.clld.org/values/4-560-286-1>		"hupaʔ"@pav	
