"i-swa-pil"@azz	<http://ids.clld.org/values/2-420-222-1>		<http://ids.clld.org/parameters/2-420>		<http://ids.clld.org/values/2-420-174-1>		"nnedɨ"@mch	
"mah...-kan"@azz	<http://ids.clld.org/values/19-470-222-3>		<http://ids.clld.org/parameters/19-470>		<http://ids.clld.org/values/19-470-174-1>		"tɨdɨho-dɨ"@mch	
"šiwi-t"@azz	<http://ids.clld.org/values/14-730-222-1>		<http://ids.clld.org/parameters/14-730>		<http://ids.clld.org/values/14-730-174-1>		"wedɨ"@mch	
"ta-nemi-li-a"@azz	<http://ids.clld.org/values/17-130-222-1>		<http://ids.clld.org/parameters/17-130>		<http://ids.clld.org/values/17-130-174-1>		"tɨtahə-nə"@mch	
"ki-pata"@azz	<http://ids.clld.org/values/12-930-222-1>		<http://ids.clld.org/parameters/12-930>		<http://ids.clld.org/values/12-930-174-1>		"w-ekamhiaka-nə"@mch	
"či-či-l-ti-k"@azz	<http://ids.clld.org/values/15-660-222-3>		<http://ids.clld.org/parameters/15-660>		<http://ids.clld.org/values/15-660-174-1>		"seweičato"@mch	
"mo-talo-(w)a"@azz	<http://ids.clld.org/values/10-460-222-1>		<http://ids.clld.org/parameters/10-460>		<http://ids.clld.org/values/10-460-174-1>		"w-ekaʔtɨn-nə"@mch	
"c̷oon-ti"@azz	<http://ids.clld.org/values/4-140-222-3>		<http://ids.clld.org/parameters/4-140>		<http://ids.clld.org/values/4-140-174-1>		"hū"@mch	
"-nehnen"@azz	<http://ids.clld.org/values/10-450-222-7>		<http://ids.clld.org/parameters/10-450>		<http://ids.clld.org/values/10-450-174-1>		"w-ōhoyma-nə"@mch	
"-tekiti"@azz	<http://ids.clld.org/values/9-120-222-3>		<http://ids.clld.org/parameters/9-120>		<http://ids.clld.org/values/9-120-174-1>		"tadawāhu"@mch	
"toni"@azz	<http://ids.clld.org/values/17-640-222-1>		<http://ids.clld.org/parameters/17-640>		<http://ids.clld.org/values/17-640-174-1>		"ākene"@mch	
"weyi a-t"@azz	<http://ids.clld.org/values/1-320-222-1>		<http://ids.clld.org/parameters/1-320>		<http://ids.clld.org/values/1-320-174-1>		"dama"@mch	
"kalaki"@azz	<http://ids.clld.org/values/10-570-222-1>		<http://ids.clld.org/parameters/10-570>		<http://ids.clld.org/values/10-570-174-1>		"w-omon-nə"@mch	
"i-mec̷"@azz	<http://ids.clld.org/values/4-350-222-3>		<http://ids.clld.org/parameters/4-350>		<http://ids.clld.org/values/4-350-174-1>		"hētɨ"@mch	
"itelpoč"@azz	<http://ids.clld.org/values/2-251-222-1>		<http://ids.clld.org/parameters/2-251>		<http://ids.clld.org/values/2-251-174-1>		"mudēši"@mch	
"ma-kʷi-l"@azz	<http://ids.clld.org/values/13-50-222-1>		<http://ids.clld.org/parameters/13-50>		<http://ids.clld.org/values/13-50-174-1>		"hyātodea"@mch	
"tekolo-t"@azz	<http://ids.clld.org/values/3-811-222-1>		<http://ids.clld.org/parameters/3-811>		<http://ids.clld.org/values/3-811-174-1>		"dāmə"@mch	
"či-l"@azz	<http://ids.clld.org/values/5-821-222-1>		<http://ids.clld.org/parameters/5-821>		<http://ids.clld.org/values/5-821-174-1>		"homi"@mch	
"ki-tokoc̷-tali-a"@azz	<http://ids.clld.org/values/12-130-222-1>		<http://ids.clld.org/parameters/12-130>		<http://ids.clld.org/values/12-130-174-1>		"w-atahhimā-nə"@mch	
"kos-ti-k"@azz	<http://ids.clld.org/values/15-690-222-1>		<http://ids.clld.org/parameters/15-690>		<http://ids.clld.org/values/15-690-174-1>		"kɨnota"@mch	
"okʷil-c̷in"@azz	<http://ids.clld.org/values/3-840-222-1>		<http://ids.clld.org/parameters/3-840>		<http://ids.clld.org/values/3-840-174-1>		"motto"@mch	
"ki-tapal-wi-a"@azz	<http://ids.clld.org/values/9-890-222-1>		<http://ids.clld.org/parameters/9-890>		<http://ids.clld.org/values/9-890-174-1>		"wemānʔa"@mch	
"čik-nawi"@azz	<http://ids.clld.org/values/13-90-222-1>		<http://ids.clld.org/parameters/13-90>		<http://ids.clld.org/values/13-90-174-1>		"āʔkəi čea amohaʔto"@mch	
"i-tasoh-ikni-w"@azz	<http://ids.clld.org/values/19-510-222-1>		<http://ids.clld.org/parameters/19-510>		<http://ids.clld.org/values/19-510-174-1>		"weičakōno"@mch	
"kiowa-t"@azz	<http://ids.clld.org/values/1-750-222-1>		<http://ids.clld.org/parameters/1-750>		<http://ids.clld.org/values/1-750-174-1>		"konōho"@mch	
"ki-c̷ayana"@azz	<http://ids.clld.org/values/9-280-222-1>		<http://ids.clld.org/parameters/9-280>		<http://ids.clld.org/values/9-280-174-1>		"-iši-"@mch	
"-yah"@azz	<http://ids.clld.org/values/10-470-222-7>		<http://ids.clld.org/parameters/10-470>		<http://ids.clld.org/values/10-470-174-1>		"wɨʔtə̄-nə"@mch	
"ki-kʷi"@azz	<http://ids.clld.org/values/11-140-222-1>		<http://ids.clld.org/parameters/11-140>		<http://ids.clld.org/values/11-140-174-1>		"-ahəi-"@mch	
"te-pami-t"@azz	<http://ids.clld.org/values/7-270-222-1>		<http://ids.clld.org/parameters/7-270>		<http://ids.clld.org/values/7-270-174-1>		"həʔhudu"@mch	
"mon-tat"@azz	<http://ids.clld.org/values/2-610-222-1>		<http://ids.clld.org/parameters/2-610>		<http://ids.clld.org/values/2-610-174-1>		"wōdɨ̄mə"@mch	
"i-maka-yo"@azz	<http://ids.clld.org/values/4-310-222-5>		<http://ids.clld.org/parameters/4-310>		<http://ids.clld.org/values/4-310-174-1>		"aʔhə"@mch	
"kal-ten-c̷akʷi-lo-ni"@azz	<http://ids.clld.org/values/7-220-222-1>		<http://ids.clld.org/parameters/7-220>		<http://ids.clld.org/values/7-220-174-1>		"mɨnātata"@mch	
"keyeh"@azz	<http://ids.clld.org/values/17-690-222-1>		<http://ids.clld.org/parameters/17-690>		<http://ids.clld.org/values/17-690-174-1>		"ākene yeihəkə"@mch	
"koskat"@azz	<http://ids.clld.org/values/6-450-222-1>		<http://ids.clld.org/parameters/6-450>		<http://ids.clld.org/values/6-450-174-1>		"wōʔmo"@mch	
"pic̷awa-k"@azz	<http://ids.clld.org/values/12-650-222-5>		<http://ids.clld.org/parameters/12-650>		<http://ids.clld.org/values/12-650-174-1>		"sāʔtahe"@mch	
"kʷitakepa"@azz	<http://ids.clld.org/values/9-221-222-1>		<http://ids.clld.org/parameters/9-221>		<http://ids.clld.org/values/9-221-174-1>		"čūhiya-dɨ"@mch	
"kʷitakepa"@azz	<http://ids.clld.org/values/9-221-222-1>		<http://ids.clld.org/parameters/9-221>		<http://ids.clld.org/values/9-221-174-3>		"yaʔka-dɨ"@mch	
"ta-koči-ta"@azz	<http://ids.clld.org/values/4-620-222-1>		<http://ids.clld.org/parameters/4-620>		<http://ids.clld.org/values/4-620-174-1>		"wənētɨnə"@mch	
"i-iš-ko"@azz	<http://ids.clld.org/values/4-204-222-1>		<http://ids.clld.org/parameters/4-204>		<http://ids.clld.org/values/4-204-174-1>		"heʔ-dɨ"@mch	
"i-kan"@azz	<http://ids.clld.org/values/12-11-222-5>		<http://ids.clld.org/parameters/12-11>		<http://ids.clld.org/values/12-11-174-1>		"mənse"@mch	
"takilot"@azz	<http://ids.clld.org/values/8-410-222-1>		<http://ids.clld.org/parameters/8-410>		<http://ids.clld.org/values/8-410-174-1>		"inɲatɨʔtə̄dɨ"@mch	
"i-ma-y"@azz	<http://ids.clld.org/values/4-310-222-3>		<http://ids.clld.org/parameters/4-310>		<http://ids.clld.org/values/4-310-174-1>		"aʔhə"@mch	
"ki-noc̷a"@azz	<http://ids.clld.org/values/18-410-222-1>		<http://ids.clld.org/parameters/18-410>		<http://ids.clld.org/values/18-410-174-1>		"aʔdewhaʔdɨ"@mch	
"ta-i-kampa"@azz	<http://ids.clld.org/values/12-11-222-1>		<http://ids.clld.org/parameters/12-11>		<http://ids.clld.org/values/12-11-174-1>		"mənse"@mch	
"mo-sewi-a"@azz	<http://ids.clld.org/values/4-912-222-1>		<http://ids.clld.org/parameters/4-912>		<http://ids.clld.org/values/4-912-174-1>		"wə̄dētanə"@mch	
"i-yolo"@azz	<http://ids.clld.org/values/16-110-222-1>		<http://ids.clld.org/parameters/16-110>		<http://ids.clld.org/values/16-110-174-1>		"dōʔta"@mch	
"omi-t"@azz	<http://ids.clld.org/values/4-160-222-1>		<http://ids.clld.org/parameters/4-160>		<http://ids.clld.org/values/4-160-174-1>		"yēʔhə"@mch	
"čiči-k"@azz	<http://ids.clld.org/values/15-370-222-1>		<http://ids.clld.org/parameters/15-370>		<http://ids.clld.org/values/15-370-174-1>		"tutune"@mch	
"ihwi-t"@azz	<http://ids.clld.org/values/4-393-222-1>		<http://ids.clld.org/parameters/4-393>		<http://ids.clld.org/values/4-393-174-1>		"iʔhōʔtɨ"@mch	
"i-naka-yo-h"@azz	<http://ids.clld.org/values/4-130-222-1>		<http://ids.clld.org/parameters/4-130>		<http://ids.clld.org/values/4-130-174-1>		"hyunu"@mch	
"ki-maga"@azz	<http://ids.clld.org/values/9-210-222-1>		<http://ids.clld.org/parameters/9-210>		<http://ids.clld.org/values/9-210-174-1>		"-aiʔhuka-dɨ"@mch	
"i-ten ~ teem-"@azz	<http://ids.clld.org/values/4-240-222-1>		<http://ids.clld.org/parameters/4-240>		<http://ids.clld.org/values/4-240-174-1>		"ənta"@mch	
"i-ahkol"@azz	<http://ids.clld.org/values/4-310-222-1>		<http://ids.clld.org/parameters/4-310>		<http://ids.clld.org/values/4-310-174-1>		"aʔhə"@mch	
"tamota"@azz	<http://ids.clld.org/values/20-610-222-1>		<http://ids.clld.org/parameters/20-610>		<http://ids.clld.org/values/20-610-174-1>		"emanɲuhɨdɨ"@mch	
"patawa-k"@azz	<http://ids.clld.org/values/12-610-222-1>		<http://ids.clld.org/parameters/12-610>		<http://ids.clld.org/values/12-610-174-1>		"taʔhuhūne"@mch	
"kemah"@azz	<http://ids.clld.org/values/17-550-222-1>		<http://ids.clld.org/parameters/17-550>		<http://ids.clld.org/values/17-550-174-3>		"mmhm"@mch	
"kemah"@azz	<http://ids.clld.org/values/17-550-222-1>		<http://ids.clld.org/parameters/17-550>		<http://ids.clld.org/values/17-550-174-1>		"ʔeee"@mch	
"teki-t"@azz	<http://ids.clld.org/values/9-120-222-1>		<http://ids.clld.org/parameters/9-120>		<http://ids.clld.org/values/9-120-174-1>		"tadawāhu"@mch	
"isti"@azz	<http://ids.clld.org/values/4-344-222-1>		<http://ids.clld.org/parameters/4-344>		<http://ids.clld.org/values/4-344-174-1>		"əmmi"@mch	
"i-nan-c̷in"@azz	<http://ids.clld.org/values/2-360-222-1>		<http://ids.clld.org/parameters/2-360>		<http://ids.clld.org/values/2-360-174-1>		"denɨ"@mch	
"[pʷebloh]"@azz	<http://ids.clld.org/values/19-160-222-3>		<http://ids.clld.org/parameters/19-160>		<http://ids.clld.org/values/19-160-174-1>		"haʔta"@mch	
"ki-tali-a"@azz	<http://ids.clld.org/values/12-120-222-1>		<http://ids.clld.org/parameters/12-120>		<http://ids.clld.org/values/12-120-174-1>		"enɨ̄ta"@mch	
"ki-tali-a"@azz	<http://ids.clld.org/values/12-120-222-1>		<http://ids.clld.org/parameters/12-120>		<http://ids.clld.org/values/12-120-174-3>		"-ehuʔta-"@mch	
"takahkayawa"@azz	<http://ids.clld.org/values/16-670-222-1>		<http://ids.clld.org/parameters/16-670>		<http://ids.clld.org/values/16-670-174-1>		"-enkutə-"@mch	
"i-popoc̷o-a"@azz	<http://ids.clld.org/values/4-441-222-1>		<http://ids.clld.org/parameters/4-441>		<http://ids.clld.org/values/4-441-174-1>		"ʔtaway-dɨ"@mch	
"ilpi-tok"@azz	<http://ids.clld.org/values/9-160-222-3>		<http://ids.clld.org/parameters/9-160>		<http://ids.clld.org/values/9-160-174-1>		"imɨdɨ"@mch	
"ihtakawi"@azz	<http://ids.clld.org/values/5-125-222-5>		<http://ids.clld.org/parameters/5-125>		<http://ids.clld.org/values/5-125-174-1>		"čə̄tāhə"@mch	
"pak-tok"@azz	<http://ids.clld.org/values/4-830-222-1>		<http://ids.clld.org/parameters/4-830>		<http://ids.clld.org/values/4-830-174-1>		"tadəinɲe"@mch	
"ki-tapana"@azz	<http://ids.clld.org/values/9-260-222-1>		<http://ids.clld.org/parameters/9-260>		<http://ids.clld.org/values/9-260-174-1>		"-išiča-dɨ"@mch	
"ačto"@azz	<http://ids.clld.org/values/13-340-222-1>		<http://ids.clld.org/parameters/13-340>		<http://ids.clld.org/values/13-340-174-1>		"awaʔde"@mch	
"i-wehka-swa-i-kni-w"@azz	<http://ids.clld.org/values/2-550-222-1>		<http://ids.clld.org/parameters/2-550>		<http://ids.clld.org/values/2-550-174-1>		"waiɲe"@mch	
"i-wehka-swa-i-kni-w"@azz	<http://ids.clld.org/values/2-550-222-1>		<http://ids.clld.org/parameters/2-550>		<http://ids.clld.org/values/2-550-174-3>		"yāʔko"@mch	
"i-taken"@azz	<http://ids.clld.org/values/6-120-222-3>		<http://ids.clld.org/parameters/6-120>		<http://ids.clld.org/values/6-120-174-1>		"womɨ"@mch	
"palak-ti-k"@azz	<http://ids.clld.org/values/5-125-222-1>		<http://ids.clld.org/parameters/5-125>		<http://ids.clld.org/values/5-125-174-1>		"čə̄tāhə"@mch	
"yeh"@azz	<http://ids.clld.org/values/2-930-222-1>		<http://ids.clld.org/parameters/2-930>		<http://ids.clld.org/values/2-930-174-1>		"tɨwɨ"@mch	
"kʷaw-ti-k"@azz	<http://ids.clld.org/values/4-910-222-7>		<http://ids.clld.org/parameters/4-910>		<http://ids.clld.org/values/4-910-174-1>		"tɨkinča"@mch	
"taga-t"@azz	<http://ids.clld.org/values/2-230-222-1>		<http://ids.clld.org/parameters/2-230>		<http://ids.clld.org/values/2-230-174-1>		"danwa"@mch	
"yekin-c̷in"@azz	<http://ids.clld.org/values/14-180-222-5>		<http://ids.clld.org/parameters/14-180>		<http://ids.clld.org/values/14-180-174-1>		"edūwa"@mch	
"kʷowkamoh"@azz	<http://ids.clld.org/values/8-920-222-1>		<http://ids.clld.org/parameters/8-920>		<http://ids.clld.org/values/8-920-174-1>		"kɨdēde"@mch	
"ki-čiwa-s-neki"@azz	<http://ids.clld.org/values/16-620-222-3>		<http://ids.clld.org/parameters/16-620>		<http://ids.clld.org/values/16-620-174-1>		"hyumma-dɨ"@mch	
"toka-t"@azz	<http://ids.clld.org/values/3-818-222-1>		<http://ids.clld.org/parameters/3-818>		<http://ids.clld.org/values/3-818-174-1>		"modoy"@mch	
"c̷oc̷ol-ti-k"@azz	<http://ids.clld.org/values/15-890-222-1>		<http://ids.clld.org/parameters/15-890>		<http://ids.clld.org/values/15-890-174-1>		"deyude"@mch	
"amo wehka"@azz	<http://ids.clld.org/values/12-430-222-1>		<http://ids.clld.org/parameters/12-430>		<http://ids.clld.org/values/12-430-174-1>		"amoinče-ʔda"@mch	
"i-kone-w"@azz	<http://ids.clld.org/values/2-420-222-5>		<http://ids.clld.org/parameters/2-420>		<http://ids.clld.org/values/2-420-174-1>		"nnedɨ"@mch	
"moyo-t"@azz	<http://ids.clld.org/values/3-830-222-1>		<http://ids.clld.org/parameters/3-830>		<http://ids.clld.org/values/3-830-174-1>		"wedēsede"@mch	
"totok-ti-k"@azz	<http://ids.clld.org/values/15-850-222-3>		<http://ids.clld.org/parameters/15-850>		<http://ids.clld.org/values/15-850-174-1>		"taʔne"@mch	
"we-wec̷ka"@azz	<http://ids.clld.org/values/16-250-222-3>		<http://ids.clld.org/parameters/16-250>		<http://ids.clld.org/values/16-250-174-1>		"waʔsenɲo"@mch	
"ista-t"@azz	<http://ids.clld.org/values/5-810-222-1>		<http://ids.clld.org/parameters/5-810>		<http://ids.clld.org/values/5-810-174-1>		"[sayu]"@mch	
"-maa-kʷi-li"@azz	<http://ids.clld.org/values/11-140-222-3>		<http://ids.clld.org/parameters/11-140>		<http://ids.clld.org/values/11-140-174-1>		"-ahəi-"@mch	
"nana-h weyi"@azz	<http://ids.clld.org/values/2-470-222-1>		<http://ids.clld.org/parameters/2-470>		<http://ids.clld.org/values/2-470-174-1>		"-tamū-du"@mch	
"c̷iki-c̷in"@azz	<http://ids.clld.org/values/12-560-222-3>		<http://ids.clld.org/parameters/12-560>		<http://ids.clld.org/values/12-560-174-1>		"šeʔkə"@mch	
"tehko-ka"@azz	<http://ids.clld.org/values/10-210-222-3>		<http://ids.clld.org/parameters/10-210>		<http://ids.clld.org/values/10-210-174-1>		"w-ənuʔnə"@mch	
"ki-pic̷a"@azz	<http://ids.clld.org/values/10-380-222-3>		<http://ids.clld.org/parameters/10-380>		<http://ids.clld.org/values/10-380-174-1>		"yaičumā-dɨ"@mch	
"i-tona-l"@azz	<http://ids.clld.org/values/16-110-222-3>		<http://ids.clld.org/parameters/16-110>		<http://ids.clld.org/values/16-110-174-1>		"dōʔta"@mch	
"mimi-li-ni"@azz	<http://ids.clld.org/values/1-820-222-1>		<http://ids.clld.org/parameters/1-820>		<http://ids.clld.org/values/1-820-174-1>		"wāʔto"@mch	
"pani"@azz	<http://ids.clld.org/values/12-80-222-5>		<http://ids.clld.org/parameters/12-80>		<http://ids.clld.org/values/12-80-174-1>		"kawə̄"@mch	
"tahkʷani-a"@azz	<http://ids.clld.org/values/11-130-222-3>		<http://ids.clld.org/parameters/11-130>		<http://ids.clld.org/values/11-130-174-1>		"w-emhan-nə"@mch	
"yool"@azz	<http://ids.clld.org/values/4-440-222-1>		<http://ids.clld.org/parameters/4-440>		<http://ids.clld.org/values/4-440-174-1>		"yēwanɨ"@mch	
"koči-lis"@azz	<http://ids.clld.org/values/4-620-222-3>		<http://ids.clld.org/parameters/4-620>		<http://ids.clld.org/values/4-620-174-1>		"wənētɨnə"@mch	
"-wiikaa"@azz	<http://ids.clld.org/values/10-620-222-1>		<http://ids.clld.org/parameters/10-620>		<http://ids.clld.org/values/10-620-174-1>		"-enehɨ"@mch	
"mihtoti-a"@azz	<http://ids.clld.org/values/10-440-222-1>		<http://ids.clld.org/parameters/10-440>		<http://ids.clld.org/values/10-440-174-1>		"-ənwa-"@mch	
"koš"@azz	<http://ids.clld.org/values/17-640-222-3>		<http://ids.clld.org/parameters/17-640>		<http://ids.clld.org/values/17-640-174-1>		"ākene"@mch	
"paki"@azz	<http://ids.clld.org/values/16-230-222-5>		<http://ids.clld.org/parameters/16-230>		<http://ids.clld.org/values/16-230-174-1>		"takwanɲe"@mch	
"ki-mik-ti-[y]a"@azz	<http://ids.clld.org/values/4-760-222-3>		<http://ids.clld.org/parameters/4-760>		<http://ids.clld.org/values/4-760-174-1>		"aminɲaʔkadɨ"@mch	
"počik-ti-k"@azz	<http://ids.clld.org/values/15-640-222-3>		<http://ids.clld.org/parameters/15-640>		<http://ids.clld.org/values/15-640-174-1>		"təʔkeʔne"@mch	
"ki-ta-neš-ti-a"@azz	<http://ids.clld.org/values/1-610-222-3>		<http://ids.clld.org/parameters/1-610>		<http://ids.clld.org/values/1-610-174-1>		"šī"@mch	
"naken"@azz	<http://ids.clld.org/values/17-680-222-3>		<http://ids.clld.org/parameters/17-680>		<http://ids.clld.org/values/17-680-174-1>		"ənə̄kɨ"@mch	
"mah"@azz	<http://ids.clld.org/values/19-470-222-1>		<http://ids.clld.org/parameters/19-470>		<http://ids.clld.org/values/19-470-174-1>		"tɨdɨho-dɨ"@mch	
"koska-t"@azz	<http://ids.clld.org/values/6-750-222-1>		<http://ids.clld.org/parameters/6-750>		<http://ids.clld.org/values/6-750-174-1>		"wōʔmo"@mch	
"kone-t"@azz	<http://ids.clld.org/values/2-260-222-3>		<http://ids.clld.org/parameters/2-260>		<http://ids.clld.org/values/2-260-174-1>		"wodi-ʔčə"@mch	
"ki-kemilo-a"@azz	<http://ids.clld.org/values/10-140-222-1>		<http://ids.clld.org/parameters/10-140>		<http://ids.clld.org/values/10-140-174-1>		"weməīya"@mch	
"i-šwi-w"@azz	<http://ids.clld.org/values/2-480-222-1>		<http://ids.clld.org/parameters/2-480>		<http://ids.clld.org/values/2-480-174-1>		"hādɨ"@mch	
"alsin"@azz	<http://ids.clld.org/values/3-823-222-1>		<http://ids.clld.org/parameters/3-823>		<http://ids.clld.org/values/3-823-174-1>		"sūnwa"@mch	
"kišima"@azz	<http://ids.clld.org/values/5-460-222-3>		<http://ids.clld.org/parameters/5-460>		<http://ids.clld.org/values/5-460-174-1>		"-iʔša-"@mch	
"teska-t"@azz	<http://ids.clld.org/values/6-960-222-1>		<http://ids.clld.org/parameters/6-960>		<http://ids.clld.org/values/6-960-174-1>		"hekūde"@mch	
"tata-h weyi"@azz	<http://ids.clld.org/values/2-460-222-1>		<http://ids.clld.org/parameters/2-460>		<http://ids.clld.org/values/2-460-174-1>		"kōko"@mch	
"pewa"@azz	<http://ids.clld.org/values/14-250-222-1>		<http://ids.clld.org/parameters/14-250>		<http://ids.clld.org/values/14-250-174-1>		"ahəntədɨ"@mch	
"yol-paki"@azz	<http://ids.clld.org/values/16-230-222-1>		<http://ids.clld.org/parameters/16-230>		<http://ids.clld.org/values/16-230-174-1>		"takwanɲe"@mch	
"yol-tok"@azz	<http://ids.clld.org/values/4-740-222-1>		<http://ids.clld.org/parameters/4-740>		<http://ids.clld.org/values/4-740-174-1>		"wenɲə"@mch	
"kakal-ti-k"@azz	<http://ids.clld.org/values/12-650-222-1>		<http://ids.clld.org/parameters/12-650>		<http://ids.clld.org/values/12-650-174-1>		"sāʔtahe"@mch	
"i-yek-ma-y"@azz	<http://ids.clld.org/values/12-410-222-1>		<http://ids.clld.org/parameters/12-410>		<http://ids.clld.org/values/12-410-174-1>		"əmuʔdemhɨnɨ"@mch	
"teh-wa"@azz	<http://ids.clld.org/values/2-920-222-3>		<http://ids.clld.org/parameters/2-920>		<http://ids.clld.org/values/2-920-174-1>		"əmədə"@mch	
"yowa-l-ti-k"@azz	<http://ids.clld.org/values/12-810-222-1>		<http://ids.clld.org/parameters/12-810>		<http://ids.clld.org/values/12-810-174-1>		"kokkoduhaʔto"@mch	
"i-nene-pil"@azz	<http://ids.clld.org/values/4-260-222-1>		<http://ids.clld.org/parameters/4-260>		<http://ids.clld.org/values/4-260-174-1>		"ɲūdu"@mch	
"ki-pac̷ka"@azz	<http://ids.clld.org/values/9-343-222-1>		<http://ids.clld.org/parameters/9-343>		<http://ids.clld.org/values/9-343-174-1>		"eʔkukā-dɨ"@mch	
"siwa-t"@azz	<http://ids.clld.org/values/2-240-222-1>		<http://ids.clld.org/parameters/2-240>		<http://ids.clld.org/values/2-240-174-1>		"wodi"@mch	
"tokoc̷"@azz	<http://ids.clld.org/values/12-590-222-7>		<http://ids.clld.org/parameters/12-590>		<http://ids.clld.org/values/12-590-174-1>		"tawedato"@mch	
"waho"@azz	<http://ids.clld.org/values/8-930-222-3>		<http://ids.clld.org/parameters/8-930>		<http://ids.clld.org/values/8-930-174-1>		"kankudu"@mch	
"kini-w"@azz	<http://ids.clld.org/values/17-610-222-3>		<http://ids.clld.org/parameters/17-610>		<http://ids.clld.org/values/17-610-174-1>		"ākene"@mch	
"ahtapal"@azz	<http://ids.clld.org/values/4-392-222-1>		<http://ids.clld.org/parameters/4-392>		<http://ids.clld.org/values/4-392-174-1>		"ahəʔsai"@mch	
"siwa-t"@azz	<http://ids.clld.org/values/2-220-222-1>		<http://ids.clld.org/parameters/2-220>		<http://ids.clld.org/values/2-220-174-1>		"wodi"@mch	
"čikiwi-t"@azz	<http://ids.clld.org/values/9-760-222-1>		<http://ids.clld.org/parameters/9-760>		<http://ids.clld.org/values/9-760-174-1>		"wɨ̄wa"@mch	
"-miki-tii"@azz	<http://ids.clld.org/values/4-750-222-3>		<http://ids.clld.org/parameters/4-750>		<http://ids.clld.org/values/4-750-174-1>		"-əma-"@mch	
"nan- ~ ta-...-h"@azz	<http://ids.clld.org/values/2-950-222-1>		<http://ids.clld.org/parameters/2-950>		<http://ids.clld.org/values/2-950-174-1>		"ənwanno"@mch	
"kʷow-neš"@azz	<http://ids.clld.org/values/1-840-222-1>		<http://ids.clld.org/parameters/1-840>		<http://ids.clld.org/values/1-840-174-1>		"wedēnnə"@mch	
"kʷowi-t"@azz	<http://ids.clld.org/values/1-880-222-1>		<http://ids.clld.org/parameters/1-880>		<http://ids.clld.org/values/1-880-174-1>		"-keme-dɨ"@mch	
"meka-t"@azz	<http://ids.clld.org/values/9-190-222-1>		<http://ids.clld.org/parameters/9-190>		<http://ids.clld.org/values/9-190-174-1>		"āʔto"@mch	
"i-nakas-tan"@azz	<http://ids.clld.org/values/12-430-222-5>		<http://ids.clld.org/parameters/12-430>		<http://ids.clld.org/values/12-430-174-1>		"amoinče-ʔda"@mch	
"ki-te-maka"@azz	<http://ids.clld.org/values/11-210-222-3>		<http://ids.clld.org/parameters/11-210>		<http://ids.clld.org/values/11-210-174-1>		"utūdu"@mch	
"[mesah]"@azz	<http://ids.clld.org/values/7-440-222-1>		<http://ids.clld.org/parameters/7-440>		<http://ids.clld.org/values/7-440-174-1>		"[mesa]i"@mch	
"ta-tahko-yan"@azz	<http://ids.clld.org/values/12-370-222-1>		<http://ids.clld.org/parameters/12-370>		<http://ids.clld.org/values/12-370-174-1>		"annai"@mch	
"nel"@azz	<http://ids.clld.org/values/13-150-222-5>		<http://ids.clld.org/parameters/13-150>		<http://ids.clld.org/values/13-150-174-1>		"hōhe"@mch	
"šoko-t"@azz	<http://ids.clld.org/values/5-710-222-1>		<http://ids.clld.org/parameters/5-710>		<http://ids.clld.org/values/5-710-174-1>		"čə̄hɨdɨ̄-hɨdɨ"@mch	
"toto-c̷in"@azz	<http://ids.clld.org/values/3-581-222-1>		<http://ids.clld.org/parameters/3-581>		<http://ids.clld.org/values/3-581-174-1>		"hawi"@mch	
"ki-tati-(y)a"@azz	<http://ids.clld.org/values/1-851-222-3>		<http://ids.clld.org/parameters/1-851>		<http://ids.clld.org/values/1-851-174-1>		"ukā-dɨ"@mch	
"i-nakas"@azz	<http://ids.clld.org/values/4-220-222-1>		<http://ids.clld.org/parameters/4-220>		<http://ids.clld.org/values/4-220-174-1>		"hāna"@mch	
"i-tan-kʷa-y"@azz	<http://ids.clld.org/values/4-360-222-1>		<http://ids.clld.org/parameters/4-360>		<http://ids.clld.org/values/4-360-174-1>		"ə̄ʔmu"@mch	
"ta-kʷa"@azz	<http://ids.clld.org/values/5-110-222-1>		<http://ids.clld.org/parameters/5-110>		<http://ids.clld.org/values/5-110-174-1>		"wowašīnčənə"@mch	
"mo-ta"@azz	<http://ids.clld.org/values/15-510-222-3>		<http://ids.clld.org/parameters/15-510>		<http://ids.clld.org/values/15-510-174-1>		"ene-dɨ"@mch	
"wehka-pan"@azz	<http://ids.clld.org/values/12-310-222-1>		<http://ids.clld.org/parameters/12-310>		<http://ids.clld.org/values/12-310-174-1>		"kawə"@mch	
"i-koc̷-ko"@azz	<http://ids.clld.org/values/4-352-222-3>		<http://ids.clld.org/parameters/4-352>		<http://ids.clld.org/values/4-352-174-1>		"hōde"@mch	
"[sera]-okʷil-c̷in"@azz	<http://ids.clld.org/values/3-820-222-1>		<http://ids.clld.org/parameters/3-820>		<http://ids.clld.org/values/3-820-174-1>		"wannə"@mch	
"ki-tahko-šelo-a"@azz	<http://ids.clld.org/values/12-232-222-3>		<http://ids.clld.org/parameters/12-232>		<http://ids.clld.org/values/12-232-174-1>		"yātohətɨdɨ"@mch	
"ta-pic̷-ti"@azz	<http://ids.clld.org/values/18-710-222-3>		<http://ids.clld.org/parameters/18-710>		<http://ids.clld.org/values/18-710-174-1>		"hīču"@mch	
"ki-paka"@azz	<http://ids.clld.org/values/9-360-222-1>		<http://ids.clld.org/parameters/9-360>		<http://ids.clld.org/values/9-360-174-1>		"-ičoʔka-dɨ"@mch	
"i-ten-šipal"@azz	<http://ids.clld.org/values/4-250-222-1>		<http://ids.clld.org/parameters/4-250>		<http://ids.clld.org/values/4-250-174-1>		"ə̄ʔhi"@mch	
"šošo-wi-k"@azz	<http://ids.clld.org/values/5-124-222-1>		<http://ids.clld.org/parameters/5-124>		<http://ids.clld.org/values/5-124-174-1>		"šēne"@mch	
"i-mec̷"@azz	<http://ids.clld.org/values/4-370-222-1>		<http://ids.clld.org/parameters/4-370>		<http://ids.clld.org/values/4-370-174-1>		"hūdu"@mch	
"kʷek-ti"@azz	<http://ids.clld.org/values/3-740-222-1>		<http://ids.clld.org/parameters/3-740>		<http://ids.clld.org/values/3-740-174-1>		"awadudi"@mch	
"akomit"@azz	<http://ids.clld.org/values/5-280-222-1>		<http://ids.clld.org/parameters/5-280>		<http://ids.clld.org/values/5-280-174-1>		"ʔtadī-yɨ"@mch	
"yol-kisa"@azz	<http://ids.clld.org/values/16-230-222-3>		<http://ids.clld.org/parameters/16-230>		<http://ids.clld.org/values/16-230-174-1>		"takwanɲe"@mch	
"tatoponi-a"@azz	<http://ids.clld.org/values/20-620-222-1>		<http://ids.clld.org/parameters/20-620>		<http://ids.clld.org/values/20-620-174-1>		"t-ɨwə̄-dɨ"@mch	
"mo-yoliš-kepa"@azz	<http://ids.clld.org/values/4-570-222-3>		<http://ids.clld.org/parameters/4-570>		<http://ids.clld.org/values/4-570-174-1>		"wenaʔtahəʔeʔnə"@mch	
"ki-pam-pilo-a"@azz	<http://ids.clld.org/values/9-341-222-1>		<http://ids.clld.org/parameters/9-341>		<http://ids.clld.org/values/9-341-174-1>		"-ewaʔtə-dɨ"@mch	
"kʷehkʷelpač-ti-k"@azz	<http://ids.clld.org/values/15-890-222-3>		<http://ids.clld.org/parameters/15-890>		<http://ids.clld.org/values/15-890-174-1>		"deyude"@mch	
"neh"@azz	<http://ids.clld.org/values/2-910-222-3>		<http://ids.clld.org/parameters/2-910>		<http://ids.clld.org/values/2-910-174-1>		"ɨwɨ"@mch	
"tawan-keh"@azz	<http://ids.clld.org/values/4-980-222-3>		<http://ids.clld.org/parameters/4-980>		<http://ids.clld.org/values/4-980-174-1>		"-oʔdoʔhə"@mch	
"weyi tahtohkeh"@azz	<http://ids.clld.org/values/19-240-222-1>		<http://ids.clld.org/parameters/19-240>		<http://ids.clld.org/values/19-240-174-1>		"ədāhə"@mch	
"kal-iš-pan"@azz	<http://ids.clld.org/values/7-150-222-1>		<http://ids.clld.org/parameters/7-150>		<http://ids.clld.org/values/7-150-174-1>		"hɨdōdo"@mch	
"čayal-ti-k"@azz	<http://ids.clld.org/values/6-330-222-1>		<http://ids.clld.org/parameters/6-330>		<http://ids.clld.org/values/6-330-174-1>		"tɨʔkaʔhɨdɨ"@mch	
"ihsi-wi-k"@azz	<http://ids.clld.org/values/14-210-222-1>		<http://ids.clld.org/parameters/14-210>		<http://ids.clld.org/values/14-210-174-1>		"tamhə̄ʔne"@mch	
"c̷ine-wa"@azz	<http://ids.clld.org/values/14-250-222-3>		<http://ids.clld.org/parameters/14-250>		<http://ids.clld.org/values/14-250-174-1>		"ahəntədɨ"@mch	
"tahto-a"@azz	<http://ids.clld.org/values/18-210-222-1>		<http://ids.clld.org/parameters/18-210>		<http://ids.clld.org/values/18-210-174-1>		"w-aʔdew-nə"@mch	
"siowi-k"@azz	<http://ids.clld.org/values/4-910-222-1>		<http://ids.clld.org/parameters/4-910>		<http://ids.clld.org/values/4-910-174-1>		"tɨkinča"@mch	
"waki"@azz	<http://ids.clld.org/values/15-840-222-3>		<http://ids.clld.org/parameters/15-840>		<http://ids.clld.org/values/15-840-174-1>		"ssedēhe"@mch	
"kanika"@azz	<http://ids.clld.org/values/17-660-222-5>		<http://ids.clld.org/parameters/17-660>		<http://ids.clld.org/values/17-660-174-1>		"ə̄iša"@mch	
"neh-nemi"@azz	<http://ids.clld.org/values/10-450-222-3>		<http://ids.clld.org/parameters/10-450>		<http://ids.clld.org/values/10-450-174-1>		"w-ōhoyma-nə"@mch	
"šiw-"@azz	<http://ids.clld.org/values/14-730-222-3>		<http://ids.clld.org/parameters/14-730>		<http://ids.clld.org/values/14-730-174-1>		"wedɨ"@mch	
"šinač"@azz	<http://ids.clld.org/values/8-311-222-1>		<http://ids.clld.org/parameters/8-311>		<http://ids.clld.org/values/8-311-174-1>		"čə̄huʔhə"@mch	
"-maa ~ mah"@azz	<http://ids.clld.org/values/4-330-222-3>		<http://ids.clld.org/parameters/4-330>		<http://ids.clld.org/values/4-330-174-1>		"amō-dɨ"@mch	
"mah-taktiom-ome"@azz	<http://ids.clld.org/values/13-102-222-1>		<http://ids.clld.org/parameters/13-102>		<http://ids.clld.org/values/13-102-174-1>		"amohadəʔto dēwə āʔkə"@mch	
"ki-taman-šel-ka"@azz	<http://ids.clld.org/values/12-230-222-3>		<http://ids.clld.org/parameters/12-230>		<http://ids.clld.org/values/12-230-174-1>		"šādamadɨ̄he"@mch	
"ta-pipic̷a-lo-ni"@azz	<http://ids.clld.org/values/9-790-222-1>		<http://ids.clld.org/parameters/9-790>		<http://ids.clld.org/values/9-790-174-1>		"wadi-wadi"@mch	
"wehka"@azz	<http://ids.clld.org/values/12-440-222-1>		<http://ids.clld.org/parameters/12-440>		<http://ids.clld.org/values/12-440-174-1>		"amoinče"@mch	
"ooloo-t"@azz	<http://ids.clld.org/values/8-470-222-3>		<http://ids.clld.org/parameters/8-470>		<http://ids.clld.org/values/8-470-174-1>		"ənɲa"@mch	
"i-iš-tololo"@azz	<http://ids.clld.org/values/4-210-222-1>		<http://ids.clld.org/parameters/4-210>		<http://ids.clld.org/values/4-210-174-1>		"ənu"@mch	
"tata"@azz	<http://ids.clld.org/values/1-852-222-1>		<http://ids.clld.org/parameters/1-852>		<http://ids.clld.org/values/1-852-174-1>		"daʔtwa-dɨ"@mch	
"i-yolo"@azz	<http://ids.clld.org/values/4-440-222-3>		<http://ids.clld.org/parameters/4-440>		<http://ids.clld.org/values/4-440-174-1>		"yēwanɨ"@mch	
"aka-t"@azz	<http://ids.clld.org/values/8-940-222-1>		<http://ids.clld.org/parameters/8-940>		<http://ids.clld.org/values/8-940-174-1>		"dahu"@mch	
"iš-čoka"@azz	<http://ids.clld.org/values/16-370-222-3>		<http://ids.clld.org/parameters/16-370>		<http://ids.clld.org/values/16-370-174-1>		"w-amo-nə"@mch	
"pio"@azz	<http://ids.clld.org/values/3-550-222-1>		<http://ids.clld.org/parameters/3-550>		<http://ids.clld.org/values/3-550-174-1>		"wamēdi"@mch	
"ta-ten-oh"@azz	<http://ids.clld.org/values/12-353-222-1>		<http://ids.clld.org/parameters/12-353>		<http://ids.clld.org/values/12-353-174-1>		"čəʔhiyu"@mch	
"[kantar]o-a"@azz	<http://ids.clld.org/values/18-120-222-1>		<http://ids.clld.org/parameters/18-120>		<http://ids.clld.org/values/18-120-174-1>		"we[kantā]ʔɲənə"@mch	
"ačipa"@azz	<http://ids.clld.org/values/14-310-222-5>		<http://ids.clld.org/parameters/14-310>		<http://ids.clld.org/values/14-310-174-1>		"wenēne"@mch	
"ki-tal-tooka"@azz	<http://ids.clld.org/values/8-531-222-3>		<http://ids.clld.org/parameters/8-531>		<http://ids.clld.org/values/8-531-174-1>		"aiʔčɨdɨ"@mch	
"tayi"@azz	<http://ids.clld.org/values/5-130-222-1>		<http://ids.clld.org/parameters/5-130>		<http://ids.clld.org/values/5-130-174-1>		"enku"@mch	
"kawak-ti-k"@azz	<http://ids.clld.org/values/15-850-222-7>		<http://ids.clld.org/parameters/15-850>		<http://ids.clld.org/values/15-850-174-1>		"taʔne"@mch	
"i-čan"@azz	<http://ids.clld.org/values/7-120-222-3>		<http://ids.clld.org/parameters/7-120>		<http://ids.clld.org/values/7-120-174-1>		"mmā"@mch	
"ki-ta-powi-a"@azz	<http://ids.clld.org/values/18-221-222-1>		<http://ids.clld.org/parameters/18-221>		<http://ids.clld.org/values/18-221-174-1>		"mēʔkuʔtə̄dɨ"@mch	
"tal-pan"@azz	<http://ids.clld.org/values/1-212-222-1>		<http://ids.clld.org/parameters/1-212>		<http://ids.clld.org/values/1-212-174-1>		"nono"@mch	
"pio"@azz	<http://ids.clld.org/values/3-540-222-1>		<http://ids.clld.org/parameters/3-540>		<http://ids.clld.org/values/3-540-174-1>		"kudaymādu"@mch	
"[para] toni"@azz	<http://ids.clld.org/values/17-690-222-3>		<http://ids.clld.org/parameters/17-690>		<http://ids.clld.org/values/17-690-174-1>		"ākene yeihəkə"@mch	
"-neeš-tii-li"@azz	<http://ids.clld.org/values/15-550-222-3>		<http://ids.clld.org/parameters/15-550>		<http://ids.clld.org/values/15-550-174-1>		"eneho-dɨ"@mch	
"wec̷i"@azz	<http://ids.clld.org/values/10-230-222-1>		<http://ids.clld.org/parameters/10-230>		<http://ids.clld.org/values/10-230-174-1>		"w-eduka-nə"@mch	
"ki-mati"@azz	<http://ids.clld.org/values/17-170-222-1>		<http://ids.clld.org/parameters/17-170>		<http://ids.clld.org/values/17-170-174-1>		"t-owanəkə t-ɨdɨ-dɨ"@mch	
"i-poš"@azz	<http://ids.clld.org/values/4-460-222-1>		<http://ids.clld.org/parameters/4-460>		<http://ids.clld.org/values/4-460-174-1>		"dudūnoi"@mch	
"ačto"@azz	<http://ids.clld.org/values/12-40-222-1>		<http://ids.clld.org/parameters/12-40>		<http://ids.clld.org/values/12-40-174-1>		"owāho"@mch	
"ačto"@azz	<http://ids.clld.org/values/12-40-222-1>		<http://ids.clld.org/parameters/12-40>		<http://ids.clld.org/values/12-40-174-3>		"awaʔde"@mch	
"-kiiš"@azz	<http://ids.clld.org/values/10-474-222-3>		<http://ids.clld.org/parameters/10-474>		<http://ids.clld.org/values/10-474-174-1>		"w-ehaʔka-nə"@mch	
"owat c̷ope-k"@azz	<http://ids.clld.org/values/8-941-222-1>		<http://ids.clld.org/parameters/8-941>		<http://ids.clld.org/values/8-941-174-1>		"əšīčādɨ"@mch	
"yeh-wa-n"@azz	<http://ids.clld.org/values/2-960-222-1>		<http://ids.clld.org/parameters/2-960>		<http://ids.clld.org/values/2-960-174-1>		"tɨnwano"@mch	
"i-[y]okič"@azz	<http://ids.clld.org/values/2-310-222-1>		<http://ids.clld.org/parameters/2-310>		<http://ids.clld.org/values/2-310-174-1>		"-ɲno"@mch	
"ačto-pa"@azz	<http://ids.clld.org/values/12-40-222-3>		<http://ids.clld.org/parameters/12-40>		<http://ids.clld.org/values/12-40-174-1>		"owāho"@mch	
"ačto-pa"@azz	<http://ids.clld.org/values/12-40-222-3>		<http://ids.clld.org/parameters/12-40>		<http://ids.clld.org/values/12-40-174-3>		"awaʔde"@mch	
"kʷika"@azz	<http://ids.clld.org/values/10-610-222-3>		<http://ids.clld.org/parameters/10-610>		<http://ids.clld.org/values/10-610-174-1>		"-adə̄-"@mch	
"inakastan"@azz	<http://ids.clld.org/values/12-20-222-5>		<http://ids.clld.org/parameters/12-20>		<http://ids.clld.org/values/12-20-174-1>		"dɨʔtə"@mch	
"šiwi-t"@azz	<http://ids.clld.org/values/8-560-222-1>		<http://ids.clld.org/parameters/8-560>		<http://ids.clld.org/values/8-560-174-1>		"yadɨ"@mch	
"∅"@azz	<http://ids.clld.org/values/2-930-222-5>		<http://ids.clld.org/parameters/2-930>		<http://ids.clld.org/values/2-930-174-1>		"tɨwɨ"@mch	
"mon-tikeh"@azz	<http://ids.clld.org/values/2-630-222-1>		<http://ids.clld.org/parameters/2-630>		<http://ids.clld.org/values/2-630-174-1>		"-hannɨ-dɨ"@mch	
"sani-lo-a"@azz	<http://ids.clld.org/values/18-221-222-3>		<http://ids.clld.org/parameters/18-221>		<http://ids.clld.org/values/18-221-174-1>		"mēʔkuʔtə̄dɨ"@mch	
"kʷow"@azz	<http://ids.clld.org/values/1-430-222-3>		<http://ids.clld.org/parameters/1-430>		<http://ids.clld.org/values/1-430-174-1>		"dē"@mch	
"posawa-k"@azz	<http://ids.clld.org/values/4-853-222-1>		<http://ids.clld.org/parameters/4-853>		<http://ids.clld.org/values/4-853-174-1>		"awonɲəʔkādɨ"@mch	
"iš-kʷa-y"@azz	<http://ids.clld.org/values/4-205-222-3>		<http://ids.clld.org/parameters/4-205>		<http://ids.clld.org/values/4-205-174-1>		"heʔkay"@mch	
"yemaš-c̷in"@azz	<http://ids.clld.org/values/15-770-222-3>		<http://ids.clld.org/parameters/15-770>		<http://ids.clld.org/values/15-770-174-1>		"tɨwansuʔde"@mch	
"kočpana"@azz	<http://ids.clld.org/values/9-370-222-3>		<http://ids.clld.org/parameters/9-370>		<http://ids.clld.org/values/9-370-174-1>		"šēmeka-dɨ"@mch	
"ta-piška"@azz	<http://ids.clld.org/values/8-410-222-3>		<http://ids.clld.org/parameters/8-410>		<http://ids.clld.org/values/8-410-174-1>		"inɲatɨʔtə̄dɨ"@mch	
"pic̷awa-k"@azz	<http://ids.clld.org/values/12-620-222-3>		<http://ids.clld.org/parameters/12-620>		<http://ids.clld.org/values/12-620-174-3>		"anwakɨme"@mch	
"pic̷awa-k"@azz	<http://ids.clld.org/values/12-620-222-3>		<http://ids.clld.org/parameters/12-620>		<http://ids.clld.org/values/12-620-174-1>		"danwadɨ"@mch	
"i-el-pan"@azz	<http://ids.clld.org/values/4-400-222-1>		<http://ids.clld.org/parameters/4-400>		<http://ids.clld.org/values/4-400-174-1>		"dōʔta"@mch	
"i-tan"@azz	<http://ids.clld.org/values/4-270-222-1>		<http://ids.clld.org/parameters/4-270>		<http://ids.clld.org/values/4-270-174-1>		"dedɨ"@mch	
"ta-wi-l"@azz	<http://ids.clld.org/values/7-450-222-1>		<http://ids.clld.org/parameters/7-450>		<http://ids.clld.org/values/7-450-174-1>		"adāwa"@mch	
"mo-mati"@azz	<http://ids.clld.org/values/11-320-222-3>		<http://ids.clld.org/parameters/11-320>		<http://ids.clld.org/values/11-320-174-1>		"edantə-dɨ"@mch	
"apis"@azz	<http://ids.clld.org/values/5-140-222-3>		<http://ids.clld.org/parameters/5-140>		<http://ids.clld.org/values/5-140-174-1>		"əmīhe"@mch	
"tilawa-k"@azz	<http://ids.clld.org/values/12-630-222-1>		<http://ids.clld.org/parameters/12-630>		<http://ids.clld.org/values/12-630-174-1>		"hūšīhe"@mch	
"c̷ohkʷil-ti-k"@azz	<http://ids.clld.org/values/15-880-222-3>		<http://ids.clld.org/parameters/15-880>		<http://ids.clld.org/values/15-880-174-1>		"nossahe"@mch	
"koko-k"@azz	<http://ids.clld.org/values/5-821-222-5>		<http://ids.clld.org/parameters/5-821>		<http://ids.clld.org/values/5-821-174-1>		"homi"@mch	
"ki-namaka"@azz	<http://ids.clld.org/values/11-820-222-1>		<http://ids.clld.org/parameters/11-820>		<http://ids.clld.org/values/11-820-174-1>		"ehema-hoi"@mch	
"-pah"@azz	<http://ids.clld.org/values/4-880-222-1>		<http://ids.clld.org/parameters/4-880>		<http://ids.clld.org/values/4-880-174-1>		"əhi"@mch	
"i-kone-w"@azz	<http://ids.clld.org/values/2-410-222-3>		<http://ids.clld.org/parameters/2-410>		<http://ids.clld.org/values/2-410-174-1>		"nnedɨ"@mch	
"ki-pi-[y]a"@azz	<http://ids.clld.org/values/11-110-222-1>		<http://ids.clld.org/parameters/11-110>		<http://ids.clld.org/values/11-110-174-1>		"tɨweiye wənɲe"@mch	
"ki-maka"@azz	<http://ids.clld.org/values/11-210-222-1>		<http://ids.clld.org/parameters/11-210>		<http://ids.clld.org/values/11-210-174-1>		"utūdu"@mch	
"teh"@azz	<http://ids.clld.org/values/2-920-222-1>		<http://ids.clld.org/parameters/2-920>		<http://ids.clld.org/values/2-920-174-1>		"əmədə"@mch	
"i-ma-y"@azz	<http://ids.clld.org/values/4-330-222-1>		<http://ids.clld.org/parameters/4-330>		<http://ids.clld.org/values/4-330-174-1>		"amō-dɨ"@mch	
"yeka"@azz	<http://ids.clld.org/values/4-230-222-1>		<http://ids.clld.org/parameters/4-230>		<http://ids.clld.org/values/4-230-174-1>		"ənna"@mch	
"se"@azz	<http://ids.clld.org/values/13-10-222-1>		<http://ids.clld.org/parameters/13-10>		<http://ids.clld.org/values/13-10-174-1>		"tōni"@mch	
"i-ten-c̷on-yo"@azz	<http://ids.clld.org/values/4-142-222-1>		<http://ids.clld.org/parameters/4-142>		<http://ids.clld.org/values/4-142-174-1>		"ettəmuho"@mch	
"c̷ik-c̷in"@azz	<http://ids.clld.org/values/12-590-222-1>		<http://ids.clld.org/parameters/12-590>		<http://ids.clld.org/values/12-590-174-1>		"tawedato"@mch	
"oh-ti"@azz	<http://ids.clld.org/values/10-720-222-1>		<http://ids.clld.org/parameters/10-720>		<http://ids.clld.org/values/10-720-174-1>		"ə̄ma"@mch	
"ki-piš-ka"@azz	<http://ids.clld.org/values/5-460-222-1>		<http://ids.clld.org/parameters/5-460>		<http://ids.clld.org/values/5-460-174-1>		"-iʔša-"@mch	
"kišol-ewa"@azz	<http://ids.clld.org/values/5-460-222-5>		<http://ids.clld.org/parameters/5-460>		<http://ids.clld.org/values/5-460-174-1>		"-iʔša-"@mch	
"kʷač-ti-k"@azz	<http://ids.clld.org/values/4-910-222-5>		<http://ids.clld.org/parameters/4-910>		<http://ids.clld.org/values/4-910-174-1>		"tɨkinča"@mch	
"okič-pil"@azz	<http://ids.clld.org/values/2-251-222-3>		<http://ids.clld.org/parameters/2-251>		<http://ids.clld.org/values/2-251-174-1>		"mudēši"@mch	
"šolopih-ti"@azz	<http://ids.clld.org/values/16-670-222-3>		<http://ids.clld.org/parameters/16-670>		<http://ids.clld.org/values/16-670-174-1>		"-enkutə-"@mch	
"ti-"@azz	<http://ids.clld.org/values/2-920-222-5>		<http://ids.clld.org/parameters/2-920>		<http://ids.clld.org/values/2-920-174-1>		"əmədə"@mch	
"mo-kʷey-ti-a"@azz	<http://ids.clld.org/values/6-110-222-1>		<http://ids.clld.org/parameters/6-110>		<http://ids.clld.org/values/6-110-174-1>		"wewontənə"@mch	
"tekoma-t"@azz	<http://ids.clld.org/values/8-930-222-5>		<http://ids.clld.org/parameters/8-930>		<http://ids.clld.org/values/8-930-174-1>		"kankudu"@mch	
"pic̷o-t"@azz	<http://ids.clld.org/values/3-350-222-1>		<http://ids.clld.org/parameters/3-350>		<http://ids.clld.org/values/3-350-174-1>		"[kūši]"@mch	
"te-t"@azz	<http://ids.clld.org/values/1-440-222-1>		<http://ids.clld.org/parameters/1-440>		<http://ids.clld.org/values/1-440-174-1>		"təʔhu"@mch	
"kʷowi-t"@azz	<http://ids.clld.org/values/8-600-222-1>		<http://ids.clld.org/parameters/8-600>		<http://ids.clld.org/values/8-600-174-1>		"dē"@mch	
"koyawa-k"@azz	<http://ids.clld.org/values/12-610-222-3>		<http://ids.clld.org/parameters/12-610>		<http://ids.clld.org/values/12-610-174-1>		"taʔhuhūne"@mch	
"ki-yek-neštili-a"@azz	<http://ids.clld.org/values/17-250-222-3>		<http://ids.clld.org/parameters/17-250>		<http://ids.clld.org/values/17-250-174-1>		"-owānoma-"@mch	
"i-kone-w"@azz	<http://ids.clld.org/values/2-430-222-1>		<http://ids.clld.org/parameters/2-430>		<http://ids.clld.org/values/2-430-174-1>		"nnedɨ"@mch	
"k-ita"@azz	<http://ids.clld.org/values/15-510-222-1>		<http://ids.clld.org/parameters/15-510>		<http://ids.clld.org/values/15-510-174-1>		"ene-dɨ"@mch	
"nemi"@azz	<http://ids.clld.org/values/10-470-222-3>		<http://ids.clld.org/parameters/10-470>		<http://ids.clld.org/values/10-470-174-1>		"wɨʔtə̄-nə"@mch	
"kʷekʷetaka"@azz	<http://ids.clld.org/values/4-820-222-5>		<http://ids.clld.org/parameters/4-820>		<http://ids.clld.org/values/4-820-174-1>		"āʔkedēto"@mch	
"mike-kawal"@azz	<http://ids.clld.org/values/2-750-222-1>		<http://ids.clld.org/parameters/2-750>		<http://ids.clld.org/values/2-750-174-1>		"tunkemhɨnɨ"@mch	
"ko[w]a-t"@azz	<http://ids.clld.org/values/3-850-222-1>		<http://ids.clld.org/parameters/3-850>		<http://ids.clld.org/values/3-850-174-1>		"əkə̄yu"@mch	
"čolo-a"@azz	<http://ids.clld.org/values/10-510-222-1>		<http://ids.clld.org/parameters/10-510>		<http://ids.clld.org/values/10-510-174-1>		"w-ə̄nehē-nə"@mch	
"kʷišin"@azz	<http://ids.clld.org/values/3-584-222-1>		<http://ids.clld.org/parameters/3-584>		<http://ids.clld.org/values/3-584-174-1>		"demōši"@mch	
"temo-[w]a"@azz	<http://ids.clld.org/values/10-473-222-1>		<http://ids.clld.org/parameters/10-473>		<http://ids.clld.org/values/10-473-174-1>		"hɨ̄ʔwakādə"@mch	
"tona-l"@azz	<http://ids.clld.org/values/1-520-222-1>		<http://ids.clld.org/parameters/1-520>		<http://ids.clld.org/values/1-520-174-1>		"šī"@mch	
"a-ten-patoh"@azz	<http://ids.clld.org/values/3-583-222-1>		<http://ids.clld.org/parameters/3-583>		<http://ids.clld.org/values/3-583-174-1>		"tadāya"@mch	
"ti-t"@azz	<http://ids.clld.org/values/1-810-222-1>		<http://ids.clld.org/parameters/1-810>		<http://ids.clld.org/values/1-810-174-1>		"wāʔto"@mch	
"wewe-t"@azz	<http://ids.clld.org/values/14-150-222-3>		<http://ids.clld.org/parameters/14-150>		<http://ids.clld.org/values/14-150-174-1>		"henaʔdohə"@mch	
"ta-čiči-na"@azz	<http://ids.clld.org/values/8-690-222-1>		<http://ids.clld.org/parameters/8-690>		<http://ids.clld.org/values/8-690-174-1>		"-eima-"@mch	
"apatoh"@azz	<http://ids.clld.org/values/3-583-222-3>		<http://ids.clld.org/parameters/3-583>		<http://ids.clld.org/values/3-583-174-1>		"tadāya"@mch	
"i-ahkol"@azz	<http://ids.clld.org/values/4-300-222-1>		<http://ids.clld.org/parameters/4-300>		<http://ids.clld.org/values/4-300-174-1>		"nkawə"@mch	
"sese-k"@azz	<http://ids.clld.org/values/15-860-222-1>		<http://ids.clld.org/parameters/15-860>		<http://ids.clld.org/values/15-860-174-1>		"kəmme"@mch	
"ta-ihti-k"@azz	<http://ids.clld.org/values/12-50-222-3>		<http://ids.clld.org/parameters/12-50>		<http://ids.clld.org/values/12-50-174-3>		"anwaʔka"@mch	
"ta-ihti-k"@azz	<http://ids.clld.org/values/12-50-222-3>		<http://ids.clld.org/parameters/12-50>		<http://ids.clld.org/values/12-50-174-1>		"aʔka"@mch	
"ehko"@azz	<http://ids.clld.org/values/10-550-222-3>		<http://ids.clld.org/parameters/10-550>		<http://ids.clld.org/values/10-550-174-1>		"w-əʔdɨ-nə"@mch	
"kosolera"@azz	<http://ids.clld.org/values/20-540-222-3>		<http://ids.clld.org/parameters/20-540>		<http://ids.clld.org/values/20-540-174-1>		"anətə"@mch	
"sem-po[w]a-l"@azz	<http://ids.clld.org/values/13-104-222-1>		<http://ids.clld.org/parameters/13-104>		<http://ids.clld.org/values/13-104-174-1>		"tōni ssoto"@mch	
"kešahpas"@azz	<http://ids.clld.org/values/5-260-222-3>		<http://ids.clld.org/parameters/5-260>		<http://ids.clld.org/values/5-260-174-1>		"ədinɲə"@mch	
"ki-ko[w]a"@azz	<http://ids.clld.org/values/11-810-222-1>		<http://ids.clld.org/parameters/11-810>		<http://ids.clld.org/values/11-810-174-1>		"ehēma-dɨ"@mch	
"ista-k"@azz	<http://ids.clld.org/values/15-640-222-1>		<http://ids.clld.org/parameters/15-640>		<http://ids.clld.org/values/15-640-174-1>		"təʔkeʔne"@mch	
"kʷowi-t"@azz	<http://ids.clld.org/values/1-420-222-1>		<http://ids.clld.org/parameters/1-420>		<http://ids.clld.org/values/1-420-174-1>		"dē"@mch	
"šošok-ti-k"@azz	<http://ids.clld.org/values/15-670-222-1>		<http://ids.clld.org/parameters/15-670>		<http://ids.clld.org/values/15-670-174-1>		"šēne"@mch	
"ki-matahtani-a"@azz	<http://ids.clld.org/values/18-310-222-3>		<http://ids.clld.org/parameters/18-310>		<http://ids.clld.org/values/18-310-174-1>		"-ekammaho-"@mch	
"pili"@azz	<http://ids.clld.org/values/2-270-222-1>		<http://ids.clld.org/parameters/2-270>		<http://ids.clld.org/values/2-270-174-1>		"nnedɨ"@mch	
"koči"@azz	<http://ids.clld.org/values/4-610-222-1>		<http://ids.clld.org/parameters/4-610>		<http://ids.clld.org/values/4-610-174-1>		"w-ɨnɨʔ-nə"@mch	
"točtekolo-t"@azz	<http://ids.clld.org/values/3-594-222-1>		<http://ids.clld.org/parameters/3-594>		<http://ids.clld.org/values/3-594-174-1>		"hadūma"@mch	
"i-weyi-nan-c̷in"@azz	<http://ids.clld.org/values/2-470-222-3>		<http://ids.clld.org/parameters/2-470>		<http://ids.clld.org/values/2-470-174-1>		"-tamū-du"@mch	
"weya-k"@azz	<http://ids.clld.org/values/12-570-222-1>		<http://ids.clld.org/parameters/12-570>		<http://ids.clld.org/values/12-570-174-1>		"nuwe"@mch	
"mosta"@azz	<http://ids.clld.org/values/14-480-222-1>		<http://ids.clld.org/parameters/14-480>		<http://ids.clld.org/values/14-480-174-1>		"henamma"@mch	
"kal-kʷa-ko"@azz	<http://ids.clld.org/values/7-510-222-1>		<http://ids.clld.org/parameters/7-510>		<http://ids.clld.org/values/7-510-174-1>		"aməʔhɨdɨ"@mch	
"mo-tali-a"@azz	<http://ids.clld.org/values/12-130-222-3>		<http://ids.clld.org/parameters/12-130>		<http://ids.clld.org/values/12-130-174-1>		"w-atahhimā-nə"@mch	
"wala-"@azz	<http://ids.clld.org/values/10-480-222-3>		<http://ids.clld.org/parameters/10-480>		<http://ids.clld.org/values/10-480-174-1>		"w-eʔ-nə"@mch	
"a-t"@azz	<http://ids.clld.org/values/1-310-222-1>		<http://ids.clld.org/parameters/1-310>		<http://ids.clld.org/values/1-310-174-1>		"tuna"@mch	
"wehka-pan-ti-k"@azz	<http://ids.clld.org/values/12-310-222-3>		<http://ids.clld.org/parameters/12-310>		<http://ids.clld.org/values/12-310-174-1>		"kawə"@mch	
"še"@azz	<http://ids.clld.org/values/17-640-222-5>		<http://ids.clld.org/parameters/17-640>		<http://ids.clld.org/values/17-640-174-1>		"ākene"@mch	
"c̷ahc̷i"@azz	<http://ids.clld.org/values/18-130-222-1>		<http://ids.clld.org/parameters/18-130>		<http://ids.clld.org/values/18-130-174-1>		"kəʔtɨn-nə"@mch	
"akʷeya"@azz	<http://ids.clld.org/values/3-950-222-5>		<http://ids.clld.org/parameters/3-950>		<http://ids.clld.org/values/3-950-174-1>		"kɨʔto"@mch	
"mah-takti"@azz	<http://ids.clld.org/values/13-100-222-1>		<http://ids.clld.org/parameters/13-100>		<http://ids.clld.org/values/13-100-174-1>		"amohadə"@mch	
"i-čiči-wal"@azz	<http://ids.clld.org/values/4-410-222-1>		<http://ids.clld.org/parameters/4-410>		<http://ids.clld.org/values/4-410-174-1>		"ʔdohɨ-dɨ"@mch	
"sewi-lo-ni"@azz	<http://ids.clld.org/values/7-430-222-1>		<http://ids.clld.org/parameters/7-430>		<http://ids.clld.org/values/7-430-174-1>		"āʔtəy"@mch	
"i-molik"@azz	<http://ids.clld.org/values/4-320-222-1>		<http://ids.clld.org/parameters/4-320>		<http://ids.clld.org/values/4-320-174-1>		"ə̄ʔmu"@mch	
"weyi"@azz	<http://ids.clld.org/values/12-550-222-1>		<http://ids.clld.org/parameters/12-550>		<http://ids.clld.org/values/12-550-174-1>		"nuwe"@mch	
"ii-kni-w"@azz	<http://ids.clld.org/values/2-440-222-1>		<http://ids.clld.org/parameters/2-440>		<http://ids.clld.org/values/2-440-174-1>		"-nuwā-dɨ"@mch	
"ki-čiwa"@azz	<http://ids.clld.org/values/9-110-222-1>		<http://ids.clld.org/parameters/9-110>		<http://ids.clld.org/values/9-110-174-1>		"tɨdɨ̄dɨ"@mch	
"tomawa-k"@azz	<http://ids.clld.org/values/12-630-222-3>		<http://ids.clld.org/parameters/12-630>		<http://ids.clld.org/values/12-630-174-1>		"hūšīhe"@mch	
"kal-i"@azz	<http://ids.clld.org/values/7-120-222-1>		<http://ids.clld.org/parameters/7-120>		<http://ids.clld.org/values/7-120-174-1>		"mmā"@mch	
"ičpoč"@azz	<http://ids.clld.org/values/2-420-222-3>		<http://ids.clld.org/parameters/2-420>		<http://ids.clld.org/values/2-420-174-1>		"nnedɨ"@mch	
"-namiki"@azz	<http://ids.clld.org/values/19-650-222-1>		<http://ids.clld.org/parameters/19-650>		<http://ids.clld.org/values/19-650-174-1>		"edantə-dɨ"@mch	
"eheka-t"@azz	<http://ids.clld.org/values/1-720-222-1>		<http://ids.clld.org/parameters/1-720>		<http://ids.clld.org/values/1-720-174-1>		"hehēnčə"@mch	
"ahkʷi"@azz	<http://ids.clld.org/values/10-350-222-1>		<http://ids.clld.org/parameters/10-350>		<http://ids.clld.org/values/10-350-174-1>		"tɨwəʔhiyɨ"@mch	
"mayana"@azz	<http://ids.clld.org/values/5-140-222-1>		<http://ids.clld.org/parameters/5-140>		<http://ids.clld.org/values/5-140-174-1>		"əmīhe"@mch	
"elwi[y]ak"@azz	<http://ids.clld.org/values/1-510-222-1>		<http://ids.clld.org/parameters/1-510>		<http://ids.clld.org/values/1-510-174-1>		"kahu"@mch	
"mo-pac̷-toka"@azz	<http://ids.clld.org/values/10-330-222-3>		<http://ids.clld.org/parameters/10-330>		<http://ids.clld.org/values/10-330-174-1>		"yehuʔkwai"@mch	
"tanah"@azz	<http://ids.clld.org/values/9-760-222-3>		<http://ids.clld.org/parameters/9-760>		<http://ids.clld.org/values/9-760-174-1>		"wɨ̄wa"@mch	
"papalo-t"@azz	<http://ids.clld.org/values/3-920-222-1>		<http://ids.clld.org/parameters/3-920>		<http://ids.clld.org/values/3-920-174-1>		"matūtu"@mch	
"eti-k"@azz	<http://ids.clld.org/values/15-810-222-1>		<http://ids.clld.org/parameters/15-810>		<http://ids.clld.org/values/15-810-174-1>		"tamənɲato"@mch	
"ki-kʷi"@azz	<http://ids.clld.org/values/11-130-222-1>		<http://ids.clld.org/parameters/11-130>		<http://ids.clld.org/values/11-130-174-1>		"w-emhan-nə"@mch	
"kinin"@azz	<http://ids.clld.org/values/17-610-222-1>		<http://ids.clld.org/parameters/17-610>		<http://ids.clld.org/values/17-610-174-1>		"ākene"@mch	
"taga-t"@azz	<http://ids.clld.org/values/2-210-222-1>		<http://ids.clld.org/parameters/2-210>		<http://ids.clld.org/values/2-210-174-1>		"danwa"@mch	
"til-ti-k"@azz	<http://ids.clld.org/values/15-650-222-1>		<http://ids.clld.org/parameters/15-650>		<http://ids.clld.org/values/15-650-174-1>		"hudumato"@mch	
"wec̷ka-lis"@azz	<http://ids.clld.org/values/16-250-222-5>		<http://ids.clld.org/parameters/16-250>		<http://ids.clld.org/values/16-250-174-1>		"waʔsenɲo"@mch	
"i-weyi-tata-h"@azz	<http://ids.clld.org/values/2-460-222-3>		<http://ids.clld.org/parameters/2-460>		<http://ids.clld.org/values/2-460-174-1>		"kōko"@mch	
"kolini-a"@azz	<http://ids.clld.org/values/5-490-222-3>		<http://ids.clld.org/parameters/5-490>		<http://ids.clld.org/values/5-490-174-1>		"-oima-dɨ"@mch	
"okič-pil"@azz	<http://ids.clld.org/values/2-230-222-3>		<http://ids.clld.org/parameters/2-230>		<http://ids.clld.org/values/2-230-174-1>		"danwa"@mch	
"c̷ik-c̷in"@azz	<http://ids.clld.org/values/12-560-222-1>		<http://ids.clld.org/parameters/12-560>		<http://ids.clld.org/values/12-560-174-1>		"šeʔkə"@mch	
"ahko"@azz	<http://ids.clld.org/values/12-80-222-1>		<http://ids.clld.org/parameters/12-80>		<http://ids.clld.org/values/12-80-174-1>		"kawə̄"@mch	
"i-ma-ikni-w"@azz	<http://ids.clld.org/values/19-510-222-3>		<http://ids.clld.org/parameters/19-510>		<http://ids.clld.org/values/19-510-174-1>		"weičakōno"@mch	
"-eh"@azz	<http://ids.clld.org/values/2-950-222-3>		<http://ids.clld.org/parameters/2-950>		<http://ids.clld.org/values/2-950-174-1>		"ənwanno"@mch	
"kiowi-t"@azz	<http://ids.clld.org/values/1-750-222-3>		<http://ids.clld.org/parameters/1-750>		<http://ids.clld.org/values/1-750-174-1>		"konōho"@mch	
"tona-l"@azz	<http://ids.clld.org/values/14-410-222-1>		<http://ids.clld.org/parameters/14-410>		<http://ids.clld.org/values/14-410-174-1>		"anə̄to"@mch	
"tapal"@azz	<http://ids.clld.org/values/9-880-222-1>		<http://ids.clld.org/parameters/9-880>		<http://ids.clld.org/values/9-880-174-1>		"wānai"@mch	
"i-okič-pil"@azz	<http://ids.clld.org/values/2-410-222-5>		<http://ids.clld.org/parameters/2-410>		<http://ids.clld.org/values/2-410-174-1>		"nnedɨ"@mch	
"ama-t"@azz	<http://ids.clld.org/values/18-560-222-1>		<http://ids.clld.org/parameters/18-560>		<http://ids.clld.org/values/18-560-174-1>		"[hahēda]"@mch	
"tani"@azz	<http://ids.clld.org/values/12-30-222-1>		<http://ids.clld.org/parameters/12-30>		<http://ids.clld.org/values/12-30-174-1>		"doʔnə"@mch	
"nohnel"@azz	<http://ids.clld.org/values/12-590-222-3>		<http://ids.clld.org/parameters/12-590>		<http://ids.clld.org/values/12-590-174-1>		"tawedato"@mch	
"i-kʷetaš-[y]io"@azz	<http://ids.clld.org/values/4-120-222-3>		<http://ids.clld.org/parameters/4-120>		<http://ids.clld.org/values/4-120-174-1>		"hiʔhə"@mch	
"mo-ihsota"@azz	<http://ids.clld.org/values/4-570-222-5>		<http://ids.clld.org/parameters/4-570>		<http://ids.clld.org/values/4-570-174-1>		"wenaʔtahəʔeʔnə"@mch	
"ome"@azz	<http://ids.clld.org/values/13-20-222-1>		<http://ids.clld.org/parameters/13-20>		<http://ids.clld.org/values/13-20-174-1>		"āʔkə"@mch	
"ki-tasoh-ta"@azz	<http://ids.clld.org/values/16-270-222-1>		<http://ids.clld.org/parameters/16-270>		<http://ids.clld.org/values/16-270-174-1>		"hyumma-dɨ"@mch	
"šošok-ti-k"@azz	<http://ids.clld.org/values/15-680-222-1>		<http://ids.clld.org/parameters/15-680>		<http://ids.clld.org/values/15-680-174-1>		"šēne"@mch	
"te-tat"@azz	<http://ids.clld.org/values/2-350-222-3>		<http://ids.clld.org/parameters/2-350>		<http://ids.clld.org/values/2-350-174-1>		"haha"@mch	
"i-kamak"@azz	<http://ids.clld.org/values/4-240-222-3>		<http://ids.clld.org/parameters/4-240>		<http://ids.clld.org/values/4-240-174-1>		"ənta"@mch	
"išpeta-ni"@azz	<http://ids.clld.org/values/10-481-222-3>		<http://ids.clld.org/parameters/10-481>		<http://ids.clld.org/values/10-481-174-1>		"w-ennakā-nə"@mch	
"ta-kepa"@azz	<http://ids.clld.org/values/4-570-222-1>		<http://ids.clld.org/parameters/4-570>		<http://ids.clld.org/values/4-570-174-1>		"wenaʔtahəʔeʔnə"@mch	
"keman"@azz	<http://ids.clld.org/values/17-650-222-1>		<http://ids.clld.org/parameters/17-650>		<http://ids.clld.org/values/17-650-174-1>		"əičənnāwəkə"@mch	
"čoka"@azz	<http://ids.clld.org/values/16-370-222-1>		<http://ids.clld.org/parameters/16-370>		<http://ids.clld.org/values/16-370-174-1>		"w-amo-nə"@mch	
"čawa-k"@azz	<http://ids.clld.org/values/5-791-222-3>		<http://ids.clld.org/parameters/5-791>		<http://ids.clld.org/values/5-791-174-1>		"kātɨ"@mch	
"kotoni"@azz	<http://ids.clld.org/values/9-260-222-5>		<http://ids.clld.org/parameters/9-260>		<http://ids.clld.org/values/9-260-174-1>		"-išiča-dɨ"@mch	
"i-kes"@azz	<http://ids.clld.org/values/4-350-222-1>		<http://ids.clld.org/parameters/4-350>		<http://ids.clld.org/values/4-350-174-1>		"hētɨ"@mch	
"nemi a-iš-ko"@azz	<http://ids.clld.org/values/10-340-222-1>		<http://ids.clld.org/parameters/10-340>		<http://ids.clld.org/values/10-340-174-1>		"tɨtāwaʔta"@mch	
"kakalač-ti-k"@azz	<http://ids.clld.org/values/12-650-222-3>		<http://ids.clld.org/parameters/12-650>		<http://ids.clld.org/values/12-650-174-1>		"sāʔtahe"@mch	
"sitalin"@azz	<http://ids.clld.org/values/1-540-222-1>		<http://ids.clld.org/parameters/1-540>		<http://ids.clld.org/values/1-540-174-1>		"šidīčə"@mch	
"šal"@azz	<http://ids.clld.org/values/1-215-222-1>		<http://ids.clld.org/parameters/1-215>		<http://ids.clld.org/values/1-215-174-1>		"sāʔdaʔda"@mch	
"wic̷a"@azz	<http://ids.clld.org/values/10-480-222-1>		<http://ids.clld.org/parameters/10-480>		<http://ids.clld.org/values/10-480-174-1>		"w-eʔ-nə"@mch	
"ki-šelo-a"@azz	<http://ids.clld.org/values/12-230-222-1>		<http://ids.clld.org/parameters/12-230>		<http://ids.clld.org/values/12-230-174-1>		"šādamadɨ̄he"@mch	
"ki-kehc̷oma"@azz	<http://ids.clld.org/values/4-580-222-1>		<http://ids.clld.org/parameters/4-580>		<http://ids.clld.org/values/4-580-174-1>		"ēkādɨ"@mch	
"nawi"@azz	<http://ids.clld.org/values/13-40-222-1>		<http://ids.clld.org/parameters/13-40>		<http://ids.clld.org/values/13-40-174-1>		"āʔkəiʔčea"@mch	
"wiki"@azz	<http://ids.clld.org/values/10-480-222-5>		<http://ids.clld.org/parameters/10-480>		<http://ids.clld.org/values/10-480-174-1>		"w-eʔ-nə"@mch	
"tone-wi"@azz	<http://ids.clld.org/values/1-852-222-3>		<http://ids.clld.org/parameters/1-852>		<http://ids.clld.org/values/1-852-174-1>		"daʔtwa-dɨ"@mch	
"neh-nemi"@azz	<http://ids.clld.org/values/10-470-222-1>		<http://ids.clld.org/parameters/10-470>		<http://ids.clld.org/values/10-470-174-1>		"wɨʔtə̄-nə"@mch	
"mo-mač-ti-a"@azz	<http://ids.clld.org/values/17-240-222-1>		<http://ids.clld.org/parameters/17-240>		<http://ids.clld.org/values/17-240-174-1>		"-ōwanoma-"@mch	
"tal-olini-lo-t"@azz	<http://ids.clld.org/values/1-450-222-3>		<http://ids.clld.org/parameters/1-450>		<http://ids.clld.org/values/1-450-174-1>		"dehūši"@mch	
"tahc̷oma-lo-ni"@azz	<http://ids.clld.org/values/6-360-222-1>		<http://ids.clld.org/parameters/6-360>		<http://ids.clld.org/values/6-360-174-1>		"makūsa"@mch	
"tahtani"@azz	<http://ids.clld.org/values/18-310-222-1>		<http://ids.clld.org/parameters/18-310>		<http://ids.clld.org/values/18-310-174-1>		"-ekammaho-"@mch	
"-toka"@azz	<http://ids.clld.org/values/10-530-222-1>		<http://ids.clld.org/parameters/10-530>		<http://ids.clld.org/values/10-530-174-1>		"-aheʔka-dɨ"@mch	
"čik-ome"@azz	<http://ids.clld.org/values/13-70-222-1>		<http://ids.clld.org/parameters/13-70>		<http://ids.clld.org/values/13-70-174-1>		"āʔkə amohaʔto"@mch	
"kihtakʷa"@azz	<http://ids.clld.org/values/5-125-222-3>		<http://ids.clld.org/parameters/5-125>		<http://ids.clld.org/values/5-125-174-1>		"čə̄tāhə"@mch	
"tepe-koyo-k"@azz	<http://ids.clld.org/values/1-280-222-1>		<http://ids.clld.org/parameters/1-280>		<http://ids.clld.org/values/1-280-174-1>		"ewɨ̄tɨ"@mch	
"okič-pil"@azz	<http://ids.clld.org/values/2-250-222-1>		<http://ids.clld.org/parameters/2-250>		<http://ids.clld.org/values/2-250-174-1>		"mudekə̄kə"@mch	
"-wec̷o"@azz	<http://ids.clld.org/values/10-230-222-3>		<http://ids.clld.org/parameters/10-230>		<http://ids.clld.org/values/10-230-174-1>		"w-eduka-nə"@mch	
"sani-lo-a"@azz	<http://ids.clld.org/values/18-210-222-3>		<http://ids.clld.org/parameters/18-210>		<http://ids.clld.org/values/18-210-174-1>		"w-aʔdew-nə"@mch	
"inawak"@azz	<http://ids.clld.org/values/12-430-222-3>		<http://ids.clld.org/parameters/12-430>		<http://ids.clld.org/values/12-430-174-1>		"amoinče-ʔda"@mch	
"kʷesaltin"@azz	<http://ids.clld.org/values/10-440-222-3>		<http://ids.clld.org/parameters/10-440>		<http://ids.clld.org/values/10-440-174-1>		"-ənwa-"@mch	
"ki-wac̷a"@azz	<http://ids.clld.org/values/15-840-222-1>		<http://ids.clld.org/parameters/15-840>		<http://ids.clld.org/values/15-840-174-1>		"ssedēhe"@mch	
"i-anima"@azz	<http://ids.clld.org/values/16-110-222-5>		<http://ids.clld.org/parameters/16-110>		<http://ids.clld.org/values/16-110-174-1>		"dōʔta"@mch	
"nameh-wa-n"@azz	<http://ids.clld.org/values/2-950-222-5>		<http://ids.clld.org/parameters/2-950>		<http://ids.clld.org/values/2-950-174-1>		"ənwanno"@mch	
"kam-pa"@azz	<http://ids.clld.org/values/17-660-222-3>		<http://ids.clld.org/parameters/17-660>		<http://ids.clld.org/values/17-660-174-1>		"ə̄iša"@mch	
"taštawa"@azz	<http://ids.clld.org/values/11-650-222-1>		<http://ids.clld.org/parameters/11-650>		<http://ids.clld.org/values/11-650-174-1>		"ehēma-dɨ"@mch	
"i-čan-kawan"@azz	<http://ids.clld.org/values/2-820-222-1>		<http://ids.clld.org/parameters/2-820>		<http://ids.clld.org/values/2-820-174-1>		"himmə"@mch	
"tahnekʷi"@azz	<http://ids.clld.org/values/15-210-222-1>		<http://ids.clld.org/parameters/15-210>		<http://ids.clld.org/values/15-210-174-1>		"hyoʔhōdɨ"@mch	
"swa-pio"@azz	<http://ids.clld.org/values/3-540-222-3>		<http://ids.clld.org/parameters/3-540>		<http://ids.clld.org/values/3-540-174-1>		"kudaymādu"@mch	
"kansika"@azz	<http://ids.clld.org/values/17-660-222-7>		<http://ids.clld.org/parameters/17-660>		<http://ids.clld.org/values/17-660-174-1>		"ə̄iša"@mch	
"kʷali yetok"@azz	<http://ids.clld.org/values/16-710-222-3>		<http://ids.clld.org/parameters/16-710>		<http://ids.clld.org/values/16-710-174-1>		"ašiča"@mch	
"-waal-kʷii"@azz	<http://ids.clld.org/values/10-620-222-5>		<http://ids.clld.org/parameters/10-620>		<http://ids.clld.org/values/10-620-174-1>		"-enehɨ"@mch	
"-koh-koči-ta"@azz	<http://ids.clld.org/values/4-620-222-5>		<http://ids.clld.org/parameters/4-620>		<http://ids.clld.org/values/4-620-174-1>		"wənētɨnə"@mch	
"šikal"@azz	<http://ids.clld.org/values/8-930-222-1>		<http://ids.clld.org/parameters/8-930>		<http://ids.clld.org/values/8-930-174-1>		"kankudu"@mch	
"kʷi-lia"@azz	<http://ids.clld.org/values/11-130-222-5>		<http://ids.clld.org/parameters/11-130>		<http://ids.clld.org/values/11-130-174-1>		"w-emhan-nə"@mch	
"i-kʷit-kowan"@azz	<http://ids.clld.org/values/4-461-222-3>		<http://ids.clld.org/parameters/4-461>		<http://ids.clld.org/values/4-461-174-1>		"hyōtɨ"@mch	
"tal-kʷetaš-kol"@azz	<http://ids.clld.org/values/3-840-222-5>		<http://ids.clld.org/parameters/3-840>		<http://ids.clld.org/values/3-840-174-1>		"motto"@mch	
"i-c̷on-tekon"@azz	<http://ids.clld.org/values/4-200-222-1>		<http://ids.clld.org/parameters/4-200>		<http://ids.clld.org/values/4-200-174-1>		"hūʔhə"@mch	
"kʷowi-t"@azz	<http://ids.clld.org/values/1-430-222-1>		<http://ids.clld.org/parameters/1-430>		<http://ids.clld.org/values/1-430-174-1>		"dē"@mch	
"tenašah"@azz	<http://ids.clld.org/values/5-280-222-3>		<http://ids.clld.org/parameters/5-280>		<http://ids.clld.org/values/5-280-174-1>		"ʔtadī-yɨ"@mch	
"mo-yol-koko-a"@azz	<http://ids.clld.org/values/16-320-222-1>		<http://ids.clld.org/parameters/16-320>		<http://ids.clld.org/values/16-320-174-1>		"wentumhe"@mch	
"a-tol"@azz	<http://ids.clld.org/values/5-900-222-1>		<http://ids.clld.org/parameters/5-900>		<http://ids.clld.org/values/5-900-174-1>		"kuši"@mch	
"ne win-tani"@azz	<http://ids.clld.org/values/12-30-222-3>		<http://ids.clld.org/parameters/12-30>		<http://ids.clld.org/values/12-30-174-1>		"doʔnə"@mch	
"kone-t"@azz	<http://ids.clld.org/values/2-250-222-3>		<http://ids.clld.org/parameters/2-250>		<http://ids.clld.org/values/2-250-174-1>		"mudekə̄kə"@mch	
"wiwis-ti-k"@azz	<http://ids.clld.org/values/4-820-222-1>		<http://ids.clld.org/parameters/4-820>		<http://ids.clld.org/values/4-820-174-1>		"āʔkedēto"@mch	
"i-kampa"@azz	<http://ids.clld.org/values/12-11-222-3>		<http://ids.clld.org/parameters/12-11>		<http://ids.clld.org/values/12-11-174-1>		"mənse"@mch	
"ki-taka-tilti-a"@azz	<http://ids.clld.org/values/4-720-222-3>		<http://ids.clld.org/parameters/4-720>		<http://ids.clld.org/values/4-720-174-1>		"w-ennu-nə"@mch	
"kʷow-tah"@azz	<http://ids.clld.org/values/1-410-222-3>		<http://ids.clld.org/parameters/1-410>		<http://ids.clld.org/values/1-410-174-1>		"čūta"@mch	
"kal-ten-ti"@azz	<http://ids.clld.org/values/7-220-222-3>		<http://ids.clld.org/parameters/7-220>		<http://ids.clld.org/values/7-220-174-1>		"mɨnātata"@mch	
"i-telpoč"@azz	<http://ids.clld.org/values/2-410-222-1>		<http://ids.clld.org/parameters/2-410>		<http://ids.clld.org/values/2-410-174-1>		"nnedɨ"@mch	
"čikʷe-eyi"@azz	<http://ids.clld.org/values/13-80-222-1>		<http://ids.clld.org/parameters/13-80>		<http://ids.clld.org/values/13-80-174-1>		"aduwawə amohaʔto"@mch	
"ki-šelo-a"@azz	<http://ids.clld.org/values/12-232-222-1>		<http://ids.clld.org/parameters/12-232>		<http://ids.clld.org/values/12-232-174-1>		"yātohətɨdɨ"@mch	
"kači tipi-c̷in"@azz	<http://ids.clld.org/values/13-170-222-1>		<http://ids.clld.org/parameters/13-170>		<http://ids.clld.org/values/13-170-174-1>		"ākəʔkə"@mch	
"ki-ta-mota"@azz	<http://ids.clld.org/values/10-250-222-1>		<http://ids.clld.org/parameters/10-250>		<http://ids.clld.org/values/10-250-174-1>		"himā-dɨ"@mch	
"neh-wa"@azz	<http://ids.clld.org/values/2-910-222-1>		<http://ids.clld.org/parameters/2-910>		<http://ids.clld.org/values/2-910-174-1>		"ɨwɨ"@mch	
"taka-t"@azz	<http://ids.clld.org/values/2-210-222-3>		<http://ids.clld.org/parameters/2-210>		<http://ids.clld.org/values/2-210-174-1>		"danwa"@mch	
"ki-ahsi"@azz	<http://ids.clld.org/values/10-550-222-1>		<http://ids.clld.org/parameters/10-550>		<http://ids.clld.org/values/10-550-174-1>		"w-əʔdɨ-nə"@mch	
"ta-kʷa-a"@azz	<http://ids.clld.org/values/5-110-222-3>		<http://ids.clld.org/parameters/5-110>		<http://ids.clld.org/values/5-110-174-1>		"wowašīnčənə"@mch	
"-wec̷ka"@azz	<http://ids.clld.org/values/16-250-222-1>		<http://ids.clld.org/parameters/16-250>		<http://ids.clld.org/values/16-250-174-1>		"waʔsenɲo"@mch	
"čičipah-ti-k"@azz	<http://ids.clld.org/values/15-370-222-3>		<http://ids.clld.org/parameters/15-370>		<http://ids.clld.org/values/15-370-174-1>		"tutune"@mch	
"pok-ti"@azz	<http://ids.clld.org/values/1-830-222-1>		<http://ids.clld.org/parameters/1-830>		<http://ids.clld.org/values/1-830-174-1>		"widīnčə"@mch	
"i-kʷita-pil"@azz	<http://ids.clld.org/values/4-180-222-1>		<http://ids.clld.org/parameters/4-180>		<http://ids.clld.org/values/4-180-174-1>		"dāʔkɨdɨ"@mch	
"ta-koyoo-ni"@azz	<http://ids.clld.org/values/8-220-222-5>		<http://ids.clld.org/parameters/8-220>		<http://ids.clld.org/values/8-220-174-1>		"tɨʔkādɨ"@mch	
"sol-ti-k"@azz	<http://ids.clld.org/values/14-150-222-1>		<http://ids.clld.org/parameters/14-150>		<http://ids.clld.org/values/14-150-174-1>		"henaʔdohə"@mch	
"-nemi"@azz	<http://ids.clld.org/values/10-450-222-1>		<http://ids.clld.org/parameters/10-450>		<http://ids.clld.org/values/10-450-174-1>		"w-ōhoyma-nə"@mch	
"yayak-ti-k"@azz	<http://ids.clld.org/values/15-880-222-5>		<http://ids.clld.org/parameters/15-880>		<http://ids.clld.org/values/15-880-174-1>		"nossahe"@mch	
"ki-pi-pic̷a"@azz	<http://ids.clld.org/values/10-380-222-1>		<http://ids.clld.org/parameters/10-380>		<http://ids.clld.org/values/10-380-174-1>		"yaičumā-dɨ"@mch	
"yemaš-c̷in"@azz	<http://ids.clld.org/values/15-750-222-1>		<http://ids.clld.org/parameters/15-750>		<http://ids.clld.org/values/15-750-174-1>		"tɨwansuʔde"@mch	
"kawan-tok"@azz	<http://ids.clld.org/values/15-850-222-5>		<http://ids.clld.org/parameters/15-850>		<http://ids.clld.org/values/15-850-174-1>		"taʔne"@mch	
"kači"@azz	<http://ids.clld.org/values/13-150-222-1>		<http://ids.clld.org/parameters/13-150>		<http://ids.clld.org/values/13-150-174-1>		"hōhe"@mch	
"tatasi"@azz	<http://ids.clld.org/values/4-530-222-1>		<http://ids.clld.org/parameters/4-530>		<http://ids.clld.org/values/4-530-174-1>		"təinšiʔho"@mch	
"yowi ~ -ow ~ yow-"@azz	<http://ids.clld.org/values/10-470-222-5>		<http://ids.clld.org/parameters/10-470>		<http://ids.clld.org/values/10-470-174-1>		"wɨʔtə̄-nə"@mch	
"ki-neki"@azz	<http://ids.clld.org/values/16-620-222-1>		<http://ids.clld.org/parameters/16-620>		<http://ids.clld.org/values/16-620-174-1>		"hyumma-dɨ"@mch	
"ki-ahsi"@azz	<http://ids.clld.org/values/11-320-222-1>		<http://ids.clld.org/parameters/11-320>		<http://ids.clld.org/values/11-320-174-1>		"edantə-dɨ"@mch	
"k-ilpi-a"@azz	<http://ids.clld.org/values/9-160-222-1>		<http://ids.clld.org/parameters/9-160>		<http://ids.clld.org/values/9-160-174-1>		"imɨdɨ"@mch	
"ičti"@azz	<http://ids.clld.org/values/6-380-222-1>		<http://ids.clld.org/parameters/6-380>		<http://ids.clld.org/values/6-380-174-1>		"hakūdimɨʔtɨ"@mch	
"kisa"@azz	<http://ids.clld.org/values/10-474-222-1>		<http://ids.clld.org/parameters/10-474>		<http://ids.clld.org/values/10-474-174-1>		"w-ehaʔka-nə"@mch	
"miak"@azz	<http://ids.clld.org/values/13-150-222-3>		<http://ids.clld.org/parameters/13-150>		<http://ids.clld.org/values/13-150-174-1>		"hōhe"@mch	
"swaa-pil"@azz	<http://ids.clld.org/values/2-270-222-5>		<http://ids.clld.org/parameters/2-270>		<http://ids.clld.org/values/2-270-174-1>		"nnedɨ"@mch	
"alaš-ti-k"@azz	<http://ids.clld.org/values/15-770-222-1>		<http://ids.clld.org/parameters/15-770>		<http://ids.clld.org/values/15-770-174-1>		"tɨwansuʔde"@mch	
"ki-piki"@azz	<http://ids.clld.org/values/10-140-222-3>		<http://ids.clld.org/parameters/10-140>		<http://ids.clld.org/values/10-140-174-1>		"weməīya"@mch	
"simi"@azz	<http://ids.clld.org/values/13-150-222-7>		<http://ids.clld.org/parameters/13-150>		<http://ids.clld.org/values/13-150-174-1>		"hōhe"@mch	
"panc̷ikʷi-ni in a-t"@azz	<http://ids.clld.org/values/1-390-222-1>		<http://ids.clld.org/parameters/1-390>		<http://ids.clld.org/values/1-390-174-1>		"yedukadɨ"@mch	
"miki"@azz	<http://ids.clld.org/values/4-750-222-1>		<http://ids.clld.org/parameters/4-750>		<http://ids.clld.org/values/4-750-174-1>		"-əma-"@mch	
"ta-tewi-a"@azz	<http://ids.clld.org/values/20-110-222-1>		<http://ids.clld.org/parameters/20-110>		<http://ids.clld.org/values/20-110-174-1>		"wətə̄nehānə"@mch	
"neškomeh"@azz	<http://ids.clld.org/values/3-823-222-3>		<http://ids.clld.org/parameters/3-823>		<http://ids.clld.org/values/3-823-174-1>		"sūnwa"@mch	
"oh-ti"@azz	<http://ids.clld.org/values/10-710-222-1>		<http://ids.clld.org/parameters/10-710>		<http://ids.clld.org/values/10-710-174-1>		"ə̄ma"@mch	
"i-yeka-kʷi-t"@azz	<http://ids.clld.org/values/4-232-222-1>		<http://ids.clld.org/parameters/4-232>		<http://ids.clld.org/values/4-232-174-1>		"ənuʔtə"@mch	
"i-koc̷i-kan"@azz	<http://ids.clld.org/values/4-352-222-5>		<http://ids.clld.org/parameters/4-352>		<http://ids.clld.org/values/4-352-174-1>		"hōde"@mch	
"ki-polo-[w]a"@azz	<http://ids.clld.org/values/11-330-222-1>		<http://ids.clld.org/parameters/11-330>		<http://ids.clld.org/values/11-330-174-1>		"w-ənnanɨʔ-nə"@mch	
"ok sepa"@azz	<http://ids.clld.org/values/14-350-222-1>		<http://ids.clld.org/parameters/14-350>		<http://ids.clld.org/values/14-350-174-1>		"dea"@mch	
"-tapani"@azz	<http://ids.clld.org/values/9-260-222-3>		<http://ids.clld.org/parameters/9-260>		<http://ids.clld.org/values/9-260-174-1>		"-išiča-dɨ"@mch	
"katin"@azz	<http://ids.clld.org/values/17-670-222-1>		<http://ids.clld.org/parameters/17-670>		<http://ids.clld.org/values/17-670-174-1>		"əišə̄no"@mch	
"amo-kʷali"@azz	<http://ids.clld.org/values/22-350-222-1>		<http://ids.clld.org/parameters/22-350>		<http://ids.clld.org/values/22-350-174-1>		"kahūšawa"@mch	
"amo"@azz	<http://ids.clld.org/values/17-560-222-1>		<http://ids.clld.org/parameters/17-560>		<http://ids.clld.org/values/17-560-174-1>		"mmʔhm"@mch	
"tako-čan"@azz	<http://ids.clld.org/values/3-580-222-3>		<http://ids.clld.org/parameters/3-580>		<http://ids.clld.org/values/3-580-174-1>		"danɲami"@mch	
"aškan"@azz	<http://ids.clld.org/values/14-180-222-1>		<http://ids.clld.org/parameters/14-180>		<http://ids.clld.org/values/14-180-174-1>		"edūwa"@mch	
"mah-taktion-se"@azz	<http://ids.clld.org/values/13-101-222-1>		<http://ids.clld.org/parameters/13-101>		<http://ids.clld.org/values/13-101-174-1>		"amohadəʔto dēwə tōni"@mch	
"tahto-l"@azz	<http://ids.clld.org/values/18-240-222-1>		<http://ids.clld.org/parameters/18-240>		<http://ids.clld.org/values/18-240-174-1>		"āʔdewʔkwe"@mch	
"kʷal-kʷi"@azz	<http://ids.clld.org/values/10-620-222-3>		<http://ids.clld.org/parameters/10-620>		<http://ids.clld.org/values/10-620-174-1>		"-enehɨ"@mch	
"ki-tentia"@azz	<http://ids.clld.org/values/15-780-222-1>		<http://ids.clld.org/parameters/15-780>		<http://ids.clld.org/values/15-780-174-1>		"ākə̄tədɨ"@mch	
"tapahsol"@azz	<http://ids.clld.org/values/3-580-222-1>		<http://ids.clld.org/parameters/3-580>		<http://ids.clld.org/values/3-580-174-1>		"danɲami"@mch	
"kala-t"@azz	<http://ids.clld.org/values/3-950-222-1>		<http://ids.clld.org/parameters/3-950>		<http://ids.clld.org/values/3-950-174-1>		"kɨʔto"@mch	
"∅-...-h"@azz	<http://ids.clld.org/values/2-960-222-3>		<http://ids.clld.org/parameters/2-960>		<http://ids.clld.org/values/2-960-174-1>		"tɨnwano"@mch	
"wayi-k"@azz	<http://ids.clld.org/values/15-840-222-5>		<http://ids.clld.org/parameters/15-840>		<http://ids.clld.org/values/15-840-174-1>		"ssedēhe"@mch	
"es-yoh"@azz	<http://ids.clld.org/values/4-150-222-3>		<http://ids.clld.org/parameters/4-150>		<http://ids.clld.org/values/4-150-174-1>		"munu"@mch	
"kʷeya"@azz	<http://ids.clld.org/values/3-950-222-3>		<http://ids.clld.org/parameters/3-950>		<http://ids.clld.org/values/3-950-174-1>		"kɨʔto"@mch	
"kʷetaš"@azz	<http://ids.clld.org/values/4-120-222-1>		<http://ids.clld.org/parameters/4-120>		<http://ids.clld.org/values/4-120-174-1>		"hiʔhə"@mch	
"čilito"@azz	<http://ids.clld.org/values/5-821-222-3>		<http://ids.clld.org/parameters/5-821>		<http://ids.clld.org/values/5-821-174-1>		"homi"@mch	
"katih-yeh-wa"@azz	<http://ids.clld.org/values/17-670-222-3>		<http://ids.clld.org/parameters/17-670>		<http://ids.clld.org/values/17-670-174-1>		"əišə̄no"@mch	
"ta-wil-ti"@azz	<http://ids.clld.org/values/7-450-222-3>		<http://ids.clld.org/parameters/7-450>		<http://ids.clld.org/values/7-450-174-1>		"adāwa"@mch	
"amo wehkapan"@azz	<http://ids.clld.org/values/12-590-222-5>		<http://ids.clld.org/parameters/12-590>		<http://ids.clld.org/values/12-590-174-1>		"tawedato"@mch	
"te-paan"@azz	<http://ids.clld.org/values/7-270-222-3>		<http://ids.clld.org/parameters/7-270>		<http://ids.clld.org/values/7-270-174-1>		"həʔhudu"@mch	
"tama-čiw-tok"@azz	<http://ids.clld.org/values/12-353-222-3>		<http://ids.clld.org/parameters/12-353>		<http://ids.clld.org/values/12-353-174-1>		"čəʔhiyu"@mch	
"i-šwi-w-swa-pil"@azz	<http://ids.clld.org/values/2-490-222-1>		<http://ids.clld.org/parameters/2-490>		<http://ids.clld.org/values/2-490-174-1>		"hādɨ"@mch	
"ta-kʷa-lo-ni"@azz	<http://ids.clld.org/values/5-120-222-3>		<http://ids.clld.org/parameters/5-120>		<http://ids.clld.org/values/5-120-174-1>		"mudūkuku"@mch	
"mo-kepa"@azz	<http://ids.clld.org/values/10-481-222-1>		<http://ids.clld.org/parameters/10-481>		<http://ids.clld.org/values/10-481-174-1>		"w-ennakā-nə"@mch	
"win-ti-tok"@azz	<http://ids.clld.org/values/4-980-222-1>		<http://ids.clld.org/parameters/4-980>		<http://ids.clld.org/values/4-980-174-1>		"-oʔdoʔhə"@mch	
"ati"@azz	<http://ids.clld.org/values/5-130-222-3>		<http://ids.clld.org/parameters/5-130>		<http://ids.clld.org/values/5-130-174-1>		"enku"@mch	
"tehsa"@azz	<http://ids.clld.org/values/11-180-222-1>		<http://ids.clld.org/parameters/11-180>		<http://ids.clld.org/values/11-180-174-1>		"k-ɨnnɨdɨʔ-komo"@mch	
"ki-tooka"@azz	<http://ids.clld.org/values/8-531-222-1>		<http://ids.clld.org/parameters/8-531>		<http://ids.clld.org/values/8-531-174-1>		"aiʔčɨdɨ"@mch	
"ki-pilo-a"@azz	<http://ids.clld.org/values/9-341-222-3>		<http://ids.clld.org/parameters/9-341>		<http://ids.clld.org/values/9-341-174-1>		"-ewaʔtə-dɨ"@mch	
"ičpokat"@azz	<http://ids.clld.org/values/2-261-222-1>		<http://ids.clld.org/parameters/2-261>		<http://ids.clld.org/values/2-261-174-1>		"mudēši"@mch	
"wapal"@azz	<http://ids.clld.org/values/7-570-222-1>		<http://ids.clld.org/parameters/7-570>		<http://ids.clld.org/values/7-570-174-1>		"[tadwa]"@mch	
"ta-mač-tih-keh"@azz	<http://ids.clld.org/values/17-270-222-1>		<http://ids.clld.org/parameters/17-270>		<http://ids.clld.org/values/17-270-174-1>		"yowānomani"@mch	
"iš-kʷa-ko"@azz	<http://ids.clld.org/values/4-205-222-1>		<http://ids.clld.org/parameters/4-205>		<http://ids.clld.org/values/4-205-174-1>		"heʔkay"@mch	
"kone-t"@azz	<http://ids.clld.org/values/2-270-222-3>		<http://ids.clld.org/parameters/2-270>		<http://ids.clld.org/values/2-270-174-1>		"nnedɨ"@mch	
"ta-pic̷a-lo-ni"@azz	<http://ids.clld.org/values/18-710-222-1>		<http://ids.clld.org/parameters/18-710>		<http://ids.clld.org/values/18-710-174-1>		"hīču"@mch	
"es-ti"@azz	<http://ids.clld.org/values/4-150-222-1>		<http://ids.clld.org/parameters/4-150>		<http://ids.clld.org/values/4-150-174-1>		"munu"@mch	
"kampa tektok a-t"@azz	<http://ids.clld.org/values/1-330-222-1>		<http://ids.clld.org/parameters/1-330>		<http://ids.clld.org/values/1-330-174-1>		"čūʔhə"@mch	
"miston"@azz	<http://ids.clld.org/values/3-620-222-1>		<http://ids.clld.org/parameters/3-620>		<http://ids.clld.org/values/3-620-174-1>		"[mēši]"@mch	
"ta-mama"@azz	<http://ids.clld.org/values/10-610-222-1>		<http://ids.clld.org/parameters/10-610>		<http://ids.clld.org/values/10-610-174-1>		"-adə̄-"@mch	
"košo"@azz	<http://ids.clld.org/values/4-940-222-1>		<http://ids.clld.org/parameters/4-940>		<http://ids.clld.org/values/4-940-174-1>		"sekumhe"@mch	
"yowa-l"@azz	<http://ids.clld.org/values/14-420-222-1>		<http://ids.clld.org/parameters/14-420>		<http://ids.clld.org/values/14-420-174-1>		"čomomɨ̄dɨ"@mch	
"kʷikʷi-l-ti-k"@azz	<http://ids.clld.org/values/9-880-222-3>		<http://ids.clld.org/parameters/9-880>		<http://ids.clld.org/values/9-880-174-1>		"wānai"@mch	
"tago-l"@azz	<http://ids.clld.org/values/8-470-222-5>		<http://ids.clld.org/parameters/8-470>		<http://ids.clld.org/values/8-470-174-1>		"ənɲa"@mch	
"swa-pil"@azz	<http://ids.clld.org/values/2-260-222-1>		<http://ids.clld.org/parameters/2-260>		<http://ids.clld.org/values/2-260-174-1>		"wodi-ʔčə"@mch	
"ta-yoliti-a"@azz	<http://ids.clld.org/values/4-720-222-1>		<http://ids.clld.org/parameters/4-720>		<http://ids.clld.org/values/4-720-174-1>		"w-ennu-nə"@mch	
"i-kʷa-ko"@azz	<http://ids.clld.org/values/4-200-222-3>		<http://ids.clld.org/parameters/4-200>		<http://ids.clld.org/values/4-200-174-1>		"hūʔhə"@mch	
"mo-taken-ti-a"@azz	<http://ids.clld.org/values/6-110-222-3>		<http://ids.clld.org/parameters/6-110>		<http://ids.clld.org/values/6-110-174-1>		"wewontənə"@mch	
"c̷ope-k"@azz	<http://ids.clld.org/values/15-350-222-1>		<http://ids.clld.org/parameters/15-350>		<http://ids.clld.org/values/15-350-174-1>		"kādo"@mch	
"tomawa-k"@azz	<http://ids.clld.org/values/5-791-222-1>		<http://ids.clld.org/parameters/5-791>		<http://ids.clld.org/values/5-791-174-1>		"kātɨ"@mch	
"i-keč"@azz	<http://ids.clld.org/values/4-280-222-1>		<http://ids.clld.org/parameters/4-280>		<http://ids.clld.org/values/4-280-174-1>		"hɨ̄mɨ"@mch	
"ki-neš-ti-a"@azz	<http://ids.clld.org/values/15-550-222-1>		<http://ids.clld.org/parameters/15-550>		<http://ids.clld.org/values/15-550-174-1>		"eneho-dɨ"@mch	
"ihti-k"@azz	<http://ids.clld.org/values/12-50-222-1>		<http://ids.clld.org/parameters/12-50>		<http://ids.clld.org/values/12-50-174-3>		"anwaʔka"@mch	
"ihti-k"@azz	<http://ids.clld.org/values/12-50-222-1>		<http://ids.clld.org/parameters/12-50>		<http://ids.clld.org/values/12-50-174-1>		"aʔka"@mch	
"anal"@azz	<http://ids.clld.org/values/12-20-222-1>		<http://ids.clld.org/parameters/12-20>		<http://ids.clld.org/values/12-20-174-1>		"dɨʔtə"@mch	
"ki-pahti-a"@azz	<http://ids.clld.org/values/4-860-222-1>		<http://ids.clld.org/parameters/4-860>		<http://ids.clld.org/values/4-860-174-1>		"adonkadɨ"@mch	
"kičkʷa"@azz	<http://ids.clld.org/values/8-220-222-1>		<http://ids.clld.org/parameters/8-220>		<http://ids.clld.org/values/8-220-174-1>		"tɨʔkādɨ"@mch	
"-miki-tii"@azz	<http://ids.clld.org/values/4-760-222-1>		<http://ids.clld.org/parameters/4-760>		<http://ids.clld.org/values/4-760-174-1>		"aminɲaʔkadɨ"@mch	
"tal-olini"@azz	<http://ids.clld.org/values/1-450-222-1>		<http://ids.clld.org/parameters/1-450>		<http://ids.clld.org/values/1-450-174-1>		"dehūši"@mch	
"-ko"@azz	<http://ids.clld.org/values/12-50-222-7>		<http://ids.clld.org/parameters/12-50>		<http://ids.clld.org/values/12-50-174-3>		"anwaʔka"@mch	
"-ko"@azz	<http://ids.clld.org/values/12-50-222-7>		<http://ids.clld.org/parameters/12-50>		<http://ids.clld.org/values/12-50-174-1>		"aʔka"@mch	
"apis-ti"@azz	<http://ids.clld.org/values/5-140-222-5>		<http://ids.clld.org/parameters/5-140>		<http://ids.clld.org/values/5-140-174-1>		"əmīhe"@mch	
"-šootaa-l-tii"@azz	<http://ids.clld.org/values/1-860-222-1>		<http://ids.clld.org/parameters/1-860>		<http://ids.clld.org/values/1-860-174-1>		"-kemetə-"@mch	
"i-mon-tikaw"@azz	<http://ids.clld.org/values/2-630-222-3>		<http://ids.clld.org/parameters/2-630>		<http://ids.clld.org/values/2-630-174-1>		"-hannɨ-dɨ"@mch	
"-teko-c̷in"@azz	<http://ids.clld.org/values/22-120-222-1>		<http://ids.clld.org/parameters/22-120>		<http://ids.clld.org/values/22-120-174-1>		"wanādi"@mch	
"-ištaa"@azz	<http://ids.clld.org/values/11-650-222-3>		<http://ids.clld.org/parameters/11-650>		<http://ids.clld.org/values/11-650-174-1>		"ehēma-dɨ"@mch	
"-koyoo-ni"@azz	<http://ids.clld.org/values/8-220-222-3>		<http://ids.clld.org/parameters/8-220>		<http://ids.clld.org/values/8-220-174-1>		"tɨʔkādɨ"@mch	
"ic̷kʷin-ti"@azz	<http://ids.clld.org/values/3-610-222-1>		<http://ids.clld.org/parameters/3-610>		<http://ids.clld.org/values/3-610-174-1>		"sɨ̄ʔna"@mch	
"miči-n"@azz	<http://ids.clld.org/values/3-650-222-3>		<http://ids.clld.org/parameters/3-650>		<http://ids.clld.org/values/3-650-174-1>		"nākukwāno"@mch	
"ok"@azz	<http://ids.clld.org/values/14-350-222-3>		<http://ids.clld.org/parameters/14-350>		<http://ids.clld.org/values/14-350-174-1>		"dea"@mch	
"tami-a"@azz	<http://ids.clld.org/values/14-270-222-1>		<http://ids.clld.org/parameters/14-270>		<http://ids.clld.org/values/14-270-174-1>		"w-əʔka-nə"@mch	
"kʷal-i"@azz	<http://ids.clld.org/values/16-710-222-1>		<http://ids.clld.org/parameters/16-710>		<http://ids.clld.org/values/16-710-174-1>		"ašiča"@mch	
"c̷ikʷi-ni"@azz	<http://ids.clld.org/values/10-430-222-1>		<http://ids.clld.org/parameters/10-430>		<http://ids.clld.org/values/10-430-174-1>		"w-ahanɨn-nə"@mch	
"-tata"@azz	<http://ids.clld.org/values/1-851-222-1>		<http://ids.clld.org/parameters/1-851>		<http://ids.clld.org/values/1-851-174-1>		"ukā-dɨ"@mch	
"ta-wi-a"@azz	<http://ids.clld.org/values/1-610-222-1>		<http://ids.clld.org/parameters/1-610>		<http://ids.clld.org/values/1-610-174-1>		"šī"@mch	
"kʷal-c̷in"@azz	<http://ids.clld.org/values/16-810-222-1>		<http://ids.clld.org/parameters/16-810>		<http://ids.clld.org/values/16-810-174-1>		"inɲatahe"@mch	
"oh-pic̷a-k"@azz	<http://ids.clld.org/values/10-720-222-3>		<http://ids.clld.org/parameters/10-720>		<http://ids.clld.org/values/10-720-174-1>		"ə̄ma"@mch	
"ta-kʷa-pan"@azz	<http://ids.clld.org/values/12-330-222-1>		<http://ids.clld.org/parameters/12-330>		<http://ids.clld.org/values/12-330-174-1>		"akoiʔčaʔhɨdɨ"@mch	
"amo-kʷali"@azz	<http://ids.clld.org/values/16-720-222-1>		<http://ids.clld.org/parameters/16-720>		<http://ids.clld.org/values/16-720-174-1>		"kənemhɨnɨ"@mch	
"šok-ti"@azz	<http://ids.clld.org/values/3-940-222-1>		<http://ids.clld.org/parameters/3-940>		<http://ids.clld.org/values/3-940-174-1>		"memu"@mch	
"taka-yot"@azz	<http://ids.clld.org/values/19-210-222-1>		<http://ids.clld.org/parameters/19-210>		<http://ids.clld.org/values/19-210-174-1>		"weiʔčɨ"@mch	
"-koh-koči"@azz	<http://ids.clld.org/values/4-610-222-3>		<http://ids.clld.org/parameters/4-610>		<http://ids.clld.org/values/4-610-174-1>		"w-ɨnɨʔ-nə"@mch	
"kihkiti"@azz	<http://ids.clld.org/values/9-750-222-1>		<http://ids.clld.org/parameters/9-750>		<http://ids.clld.org/values/9-750-174-1>		"aʔtoʔtotoʔho"@mch	
"masa-t"@azz	<http://ids.clld.org/values/3-750-222-1>		<http://ids.clld.org/parameters/3-750>		<http://ids.clld.org/values/3-750-174-1>		"kawādi"@mch	
"ewtewa"@azz	<http://ids.clld.org/values/10-474-222-5>		<http://ids.clld.org/parameters/10-474>		<http://ids.clld.org/values/10-474-174-1>		"w-ehaʔka-nə"@mch	
"šoči-t"@azz	<http://ids.clld.org/values/8-570-222-1>		<http://ids.clld.org/parameters/8-570>		<http://ids.clld.org/values/8-570-174-1>		"čə̄hɨdɨ"@mch	
"kelewi-a"@azz	<http://ids.clld.org/values/16-620-222-5>		<http://ids.clld.org/parameters/16-620>		<http://ids.clld.org/values/16-620-174-1>		"hyumma-dɨ"@mch	
"ahpac̷-ti"@azz	<http://ids.clld.org/values/5-260-222-1>		<http://ids.clld.org/parameters/5-260>		<http://ids.clld.org/values/5-260-174-1>		"ədinɲə"@mch	
"niman"@azz	<http://ids.clld.org/values/14-210-222-5>		<http://ids.clld.org/parameters/14-210>		<http://ids.clld.org/values/14-210-174-1>		"tamhə̄ʔne"@mch	
"pahti"@azz	<http://ids.clld.org/values/4-880-222-3>		<http://ids.clld.org/parameters/4-880>		<http://ids.clld.org/values/4-880-174-1>		"əhi"@mch	
"miči"@azz	<http://ids.clld.org/values/3-650-222-1>		<http://ids.clld.org/parameters/3-650>		<http://ids.clld.org/values/3-650-174-1>		"nākukwāno"@mch	
"tahc̷oma"@azz	<http://ids.clld.org/values/6-350-222-1>		<http://ids.clld.org/parameters/6-350>		<http://ids.clld.org/values/6-350-174-1>		"šōka-dɨ"@mch	
"i-c̷on"@azz	<http://ids.clld.org/values/4-140-222-1>		<http://ids.clld.org/parameters/4-140>		<http://ids.clld.org/values/4-140-174-1>		"hū"@mch	
"pan-kalaki"@azz	<http://ids.clld.org/values/10-330-222-1>		<http://ids.clld.org/parameters/10-330>		<http://ids.clld.org/values/10-330-174-1>		"yehuʔkwai"@mch	
"ehkaw-ti-k"@azz	<http://ids.clld.org/values/15-820-222-1>		<http://ids.clld.org/parameters/15-820>		<http://ids.clld.org/values/15-820-174-1>		"tawāhe"@mch	
"čoloh-ti-nemi"@azz	<http://ids.clld.org/values/10-510-222-3>		<http://ids.clld.org/parameters/10-510>		<http://ids.clld.org/values/10-510-174-1>		"w-ə̄nehē-nə"@mch	
"yol-c̷ahc̷i"@azz	<http://ids.clld.org/values/18-130-222-3>		<http://ids.clld.org/parameters/18-130>		<http://ids.clld.org/values/18-130-174-1>		"kəʔtɨn-nə"@mch	
"ni-"@azz	<http://ids.clld.org/values/2-910-222-5>		<http://ids.clld.org/parameters/2-910>		<http://ids.clld.org/values/2-910-174-1>		"ɨwɨ"@mch	
"seli-a"@azz	<http://ids.clld.org/values/8-531-222-5>		<http://ids.clld.org/parameters/8-531>		<http://ids.clld.org/values/8-531-174-1>		"aiʔčɨdɨ"@mch	
"-mah-maga"@azz	<http://ids.clld.org/values/9-210-222-3>		<http://ids.clld.org/parameters/9-210>		<http://ids.clld.org/values/9-210-174-1>		"-aiʔhuka-dɨ"@mch	
"kal-ten-oh"@azz	<http://ids.clld.org/values/7-150-222-3>		<http://ids.clld.org/parameters/7-150>		<http://ids.clld.org/values/7-150-174-1>		"hɨdōdo"@mch	
"ma-kʷil po[w]a-l"@azz	<http://ids.clld.org/values/13-105-222-1>		<http://ids.clld.org/parameters/13-105>		<http://ids.clld.org/values/13-105-174-1>		"hyātodea ssoto"@mch	
"miš-ti"@azz	<http://ids.clld.org/values/1-730-222-1>		<http://ids.clld.org/parameters/1-730>		<http://ids.clld.org/values/1-730-174-1>		"kāʔdutu"@mch	
"ki-nel-toka"@azz	<http://ids.clld.org/values/17-150-222-1>		<http://ids.clld.org/parameters/17-150>		<http://ids.clld.org/values/17-150-174-1>		"-ekanɨhɨ-dɨ"@mch	
"kaštol"@azz	<http://ids.clld.org/values/13-103-222-1>		<http://ids.clld.org/parameters/13-103>		<http://ids.clld.org/values/13-103-174-1>		"amohadəʔto dēwə hyatodea"@mch	
"čii-čii-"@azz	<http://ids.clld.org/values/15-660-222-1>		<http://ids.clld.org/parameters/15-660>		<http://ids.clld.org/values/15-660-174-1>		"seweičato"@mch	
"wewes"@azz	<http://ids.clld.org/values/10-440-222-5>		<http://ids.clld.org/parameters/10-440>		<http://ids.clld.org/values/10-440-174-1>		"-ənwa-"@mch	
"pio-kone-t"@azz	<http://ids.clld.org/values/3-550-222-3>		<http://ids.clld.org/parameters/3-550>		<http://ids.clld.org/values/3-550-174-1>		"wamēdi"@mch	
"lama-c̷in"@azz	<http://ids.clld.org/values/2-471-222-1>		<http://ids.clld.org/parameters/2-471>		<http://ids.clld.org/values/2-471-174-1>		"noʔsamoʔkɨ"@mch	
"eyi"@azz	<http://ids.clld.org/values/13-30-222-1>		<http://ids.clld.org/parameters/13-30>		<http://ids.clld.org/values/13-30-174-1>		"aduwawə"@mch	
"aškan niman"@azz	<http://ids.clld.org/values/14-180-222-3>		<http://ids.clld.org/parameters/14-180>		<http://ids.clld.org/values/14-180-174-1>		"edūwa"@mch	
"tepe-t"@azz	<http://ids.clld.org/values/1-220-222-1>		<http://ids.clld.org/parameters/1-220>		<http://ids.clld.org/values/1-220-174-1>		"hɨ̄"@mch	
"i-yekac̷ol"@azz	<http://ids.clld.org/values/4-230-222-3>		<http://ids.clld.org/parameters/4-230>		<http://ids.clld.org/values/4-230-174-1>		"ənna"@mch	
"yeh-wa"@azz	<http://ids.clld.org/values/2-930-222-3>		<http://ids.clld.org/parameters/2-930>		<http://ids.clld.org/values/2-930-174-1>		"tɨwɨ"@mch	
"imostika"@azz	<http://ids.clld.org/values/14-480-222-3>		<http://ids.clld.org/parameters/14-480>		<http://ids.clld.org/values/14-480-174-1>		"henamma"@mch	
"ki-posawa-l-ti-a"@azz	<http://ids.clld.org/values/4-853-222-3>		<http://ids.clld.org/parameters/4-853>		<http://ids.clld.org/values/4-853-174-1>		"awonɲəʔkādɨ"@mch	
"i-tah-c̷in"@azz	<http://ids.clld.org/values/2-350-222-1>		<http://ids.clld.org/parameters/2-350>		<http://ids.clld.org/values/2-350-174-1>		"haha"@mch	
"elo-t"@azz	<http://ids.clld.org/values/8-470-222-1>		<http://ids.clld.org/parameters/8-470>		<http://ids.clld.org/values/8-470-174-1>		"ənɲa"@mch	
"anal-pa"@azz	<http://ids.clld.org/values/12-20-222-3>		<http://ids.clld.org/parameters/12-20>		<http://ids.clld.org/values/12-20-174-1>		"dɨʔtə"@mch	
"ta-čpana"@azz	<http://ids.clld.org/values/9-370-222-1>		<http://ids.clld.org/parameters/9-370>		<http://ids.clld.org/values/9-370-174-1>		"šēmeka-dɨ"@mch	
"pahti-k ya"@azz	<http://ids.clld.org/values/4-830-222-3>		<http://ids.clld.org/parameters/4-830>		<http://ids.clld.org/values/4-830-174-1>		"tadəinɲe"@mch	
"tal-ihkočin"@azz	<http://ids.clld.org/values/3-840-222-3>		<http://ids.clld.org/parameters/3-840>		<http://ids.clld.org/values/3-840-174-1>		"motto"@mch	
"kopic̷-ti-k"@azz	<http://ids.clld.org/values/12-620-222-1>		<http://ids.clld.org/parameters/12-620>		<http://ids.clld.org/values/12-620-174-3>		"anwakɨme"@mch	
"kopic̷-ti-k"@azz	<http://ids.clld.org/values/12-620-222-1>		<http://ids.clld.org/parameters/12-620>		<http://ids.clld.org/values/12-620-174-1>		"danwadɨ"@mch	
"amo teyi"@azz	<http://ids.clld.org/values/13-0-222-1>		<http://ids.clld.org/parameters/13-0>		<http://ids.clld.org/values/13-0-174-1>		"āʔke"@mch	
"mec̷-ti"@azz	<http://ids.clld.org/values/1-530-222-1>		<http://ids.clld.org/parameters/1-530>		<http://ids.clld.org/values/1-530-174-1>		"nūnə"@mch	
"kʷow-tatil"@azz	<http://ids.clld.org/values/1-880-222-3>		<http://ids.clld.org/parameters/1-880>		<http://ids.clld.org/values/1-880-174-1>		"-keme-dɨ"@mch	
"čawa-papalo-t"@azz	<http://ids.clld.org/values/3-920-222-3>		<http://ids.clld.org/parameters/3-920>		<http://ids.clld.org/values/3-920-174-1>		"matūtu"@mch	
"c̷ohpilo-t"@azz	<http://ids.clld.org/values/3-586-222-1>		<http://ids.clld.org/parameters/3-586>		<http://ids.clld.org/values/3-586-174-1>		"kudūmu"@mch	
"čikʷa-sen"@azz	<http://ids.clld.org/values/13-60-222-1>		<http://ids.clld.org/parameters/13-60>		<http://ids.clld.org/values/13-60-174-1>		"tōni amohaʔto"@mch	
"siow-tok"@azz	<http://ids.clld.org/values/4-910-222-3>		<http://ids.clld.org/parameters/4-910>		<http://ids.clld.org/values/4-910-174-1>		"tɨkinča"@mch	
"čiwa-lis"@azz	<http://ids.clld.org/values/9-120-222-5>		<http://ids.clld.org/parameters/9-120>		<http://ids.clld.org/values/9-120-174-1>		"tadawāhu"@mch	
"kan"@azz	<http://ids.clld.org/values/17-660-222-1>		<http://ids.clld.org/parameters/17-660>		<http://ids.clld.org/values/17-660-174-1>		"ə̄iša"@mch	
"-nen"@azz	<http://ids.clld.org/values/10-450-222-5>		<http://ids.clld.org/parameters/10-450>		<http://ids.clld.org/values/10-450-174-1>		"w-ōhoyma-nə"@mch	
"kimičin"@azz	<http://ids.clld.org/values/3-630-222-1>		<http://ids.clld.org/parameters/3-630>		<http://ids.clld.org/values/3-630-174-1>		"asɨ̄kɨ"@mch	
"čih-čiiwa"@azz	<http://ids.clld.org/values/9-110-222-3>		<http://ids.clld.org/parameters/9-110>		<http://ids.clld.org/values/9-110-174-1>		"tɨdɨ̄dɨ"@mch	
"i-ihti-yo"@azz	<http://ids.clld.org/values/4-461-222-1>		<http://ids.clld.org/parameters/4-461>		<http://ids.clld.org/values/4-461-174-1>		"hyōtɨ"@mch	
"ta-tewi-lis"@azz	<http://ids.clld.org/values/20-130-222-1>		<http://ids.clld.org/parameters/20-130>		<http://ids.clld.org/values/20-130-174-1>		"wənə"@mch	
"aktok"@azz	<http://ids.clld.org/values/12-50-222-5>		<http://ids.clld.org/parameters/12-50>		<http://ids.clld.org/values/12-50-174-3>		"anwaʔka"@mch	
"aktok"@azz	<http://ids.clld.org/values/12-50-222-5>		<http://ids.clld.org/parameters/12-50>		<http://ids.clld.org/values/12-50-174-1>		"aʔka"@mch	
"seya"@azz	<http://ids.clld.org/values/13-10-222-3>		<http://ids.clld.org/parameters/13-10>		<http://ids.clld.org/values/13-10-174-1>		"tōni"@mch	
"akoni"@azz	<http://ids.clld.org/values/17-680-222-1>		<http://ids.clld.org/parameters/17-680>		<http://ids.clld.org/values/17-680-174-1>		"ənə̄kɨ"@mch	
"ičam-pa"@azz	<http://ids.clld.org/values/19-160-222-1>		<http://ids.clld.org/parameters/19-160>		<http://ids.clld.org/values/19-160-174-1>		"haʔta"@mch	
"kʷow-yoh"@azz	<http://ids.clld.org/values/1-410-222-1>		<http://ids.clld.org/parameters/1-410>		<http://ids.clld.org/values/1-410-174-1>		"čūta"@mch	
"kakawa-t"@azz	<http://ids.clld.org/values/5-460-222-7>		<http://ids.clld.org/parameters/5-460>		<http://ids.clld.org/values/5-460-174-1>		"-iʔša-"@mch	
"noči-pa"@azz	<http://ids.clld.org/values/14-310-222-1>		<http://ids.clld.org/parameters/14-310>		<http://ids.clld.org/values/14-310-174-1>		"wenēne"@mch	
"pic̷o-ti-k"@azz	<http://ids.clld.org/values/15-880-222-1>		<http://ids.clld.org/parameters/15-880>		<http://ids.clld.org/values/15-880-174-1>		"nossahe"@mch	
"-seen-tehko"@azz	<http://ids.clld.org/values/10-210-222-1>		<http://ids.clld.org/parameters/10-210>		<http://ids.clld.org/values/10-210-174-1>		"w-ənuʔnə"@mch	
"nači-pa"@azz	<http://ids.clld.org/values/14-310-222-3>		<http://ids.clld.org/parameters/14-310>		<http://ids.clld.org/values/14-310-174-1>		"wenēne"@mch	
"ki-pac̷o-a"@azz	<http://ids.clld.org/values/9-343-222-3>		<http://ids.clld.org/parameters/9-343>		<http://ids.clld.org/values/9-343-174-1>		"eʔkukā-dɨ"@mch	
"ihsiw-kayot"@azz	<http://ids.clld.org/values/14-210-222-3>		<http://ids.clld.org/parameters/14-210>		<http://ids.clld.org/values/14-210-174-1>		"tamhə̄ʔne"@mch	
"totooni-k"@azz	<http://ids.clld.org/values/15-850-222-1>		<http://ids.clld.org/parameters/15-850>		<http://ids.clld.org/values/15-850-174-1>		"taʔne"@mch	
"ipan"@azz	<http://ids.clld.org/values/12-80-222-3>		<http://ids.clld.org/parameters/12-80>		<http://ids.clld.org/values/12-80-174-1>		"kawə̄"@mch	
"i-ewa-yo"@azz	<http://ids.clld.org/values/4-120-222-5>		<http://ids.clld.org/parameters/4-120>		<http://ids.clld.org/values/4-120-174-1>		"hiʔhə"@mch	
"ta-kʷa-l"@azz	<http://ids.clld.org/values/5-120-222-1>		<http://ids.clld.org/parameters/5-120>		<http://ids.clld.org/values/5-120-174-1>		"mudūkuku"@mch	
"taa-"@azz	<http://ids.clld.org/values/17-560-222-3>		<http://ids.clld.org/parameters/17-560>		<http://ids.clld.org/values/17-560-174-1>		"mmʔhm"@mch	
"nemi"@azz	<http://ids.clld.org/values/4-740-222-3>		<http://ids.clld.org/parameters/4-740>		<http://ids.clld.org/values/4-740-174-1>		"wenɲə"@mch	
"i-koc̷"@azz	<http://ids.clld.org/values/4-352-222-1>		<http://ids.clld.org/parameters/4-352>		<http://ids.clld.org/values/4-352-174-1>		"hōde"@mch	
"amo čikawa-k"@azz	<http://ids.clld.org/values/4-820-222-3>		<http://ids.clld.org/parameters/4-820>		<http://ids.clld.org/values/4-820-174-1>		"āʔkedēto"@mch	
"čapoli-n"@azz	<http://ids.clld.org/values/3-930-222-1>		<http://ids.clld.org/parameters/3-930>		<http://ids.clld.org/values/3-930-174-1>		"kɨdatay"@mch	
"mamata"@azz	<http://ids.clld.org/values/20-540-222-1>		<http://ids.clld.org/parameters/20-540>		<http://ids.clld.org/values/20-540-174-1>		"anətə"@mch	
"kʷišin"@azz	<http://ids.clld.org/values/3-585-222-1>		<http://ids.clld.org/parameters/3-585>		<http://ids.clld.org/values/3-585-174-1>		"hiyāna"@mch	
"yoksi"@azz	<http://ids.clld.org/values/5-123-222-1>		<http://ids.clld.org/parameters/5-123>		<http://ids.clld.org/values/5-123-174-1>		"sēweyčato"@mch	
"tasa-l"@azz	<http://ids.clld.org/values/6-120-222-1>		<http://ids.clld.org/parameters/6-120>		<http://ids.clld.org/values/6-120-174-1>		"womɨ"@mch	
"ki-mač-ti-a"@azz	<http://ids.clld.org/values/17-250-222-1>		<http://ids.clld.org/parameters/17-250>		<http://ids.clld.org/values/17-250-174-1>		"-owānoma-"@mch	
"pio-te-t"@azz	<http://ids.clld.org/values/5-970-222-1>		<http://ids.clld.org/parameters/5-970>		<http://ids.clld.org/values/5-970-174-1>		"iʔmoi"@mch	
"ki-nelo-a"@azz	<http://ids.clld.org/values/5-490-222-1>		<http://ids.clld.org/parameters/5-490>		<http://ids.clld.org/values/5-490-174-1>		"-oima-dɨ"@mch	
"ki-teemo-[w]a"@azz	<http://ids.clld.org/values/11-310-222-1>		<http://ids.clld.org/parameters/11-310>		<http://ids.clld.org/values/11-310-174-1>		"uhīyɨ"@mch	
"i-taka-w"@azz	<http://ids.clld.org/values/2-310-222-3>		<http://ids.clld.org/parameters/2-310>		<http://ids.clld.org/values/2-310-174-1>		"-ɲno"@mch	
"kʷawi-t"@azz	<http://ids.clld.org/values/1-420-222-3>		<http://ids.clld.org/parameters/1-420>		<http://ids.clld.org/values/1-420-174-1>		"dē"@mch	
