"mawil-ti-a"@azz	<http://ids.clld.org/values/16-260-222-1>		<http://ids.clld.org/parameters/16-260>		<http://ids.clld.org/values/16-260-261-1>		"ṛ̌o'ponič"@brg	
"či-či-l-ti-k"@azz	<http://ids.clld.org/values/15-660-222-3>		<http://ids.clld.org/parameters/15-660>		<http://ids.clld.org/values/15-660-261-1>		"moro'sero-"@brg	
"c̷oon-ti"@azz	<http://ids.clld.org/values/4-140-222-3>		<http://ids.clld.org/parameters/4-140>		<http://ids.clld.org/values/4-140-261-3>		"ni-'čahaih"@brg	
"c̷oon-ti"@azz	<http://ids.clld.org/values/4-140-222-3>		<http://ids.clld.org/parameters/4-140>		<http://ids.clld.org/values/4-140-261-1>		"-ča-"@brg	
"-nehnen"@azz	<http://ids.clld.org/values/10-450-222-7>		<http://ids.clld.org/parameters/10-450>		<http://ids.clld.org/values/10-450-261-1>		"-yo'no"@brg	
"-tekiti"@azz	<http://ids.clld.org/values/9-120-222-3>		<http://ids.clld.org/parameters/9-120>		<http://ids.clld.org/values/9-120-261-1>		"koto-"@brg	
"ki-mow-ti-a"@azz	<http://ids.clld.org/values/16-530-222-5>		<http://ids.clld.org/parameters/16-530>		<http://ids.clld.org/values/16-530-261-1>		"-pi-"@brg	
"ki-mow-ti-a"@azz	<http://ids.clld.org/values/16-530-222-5>		<http://ids.clld.org/parameters/16-530>		<http://ids.clld.org/values/16-530-261-3>		"'ni-piko-w"@brg	
"okʷil-in"@azz	<http://ids.clld.org/values/3-110-222-1>		<http://ids.clld.org/parameters/3-110>		<http://ids.clld.org/values/3-110-261-1>		"-'per"@brg	
"i-mec̷"@azz	<http://ids.clld.org/values/4-350-222-3>		<http://ids.clld.org/parameters/4-350>		<http://ids.clld.org/values/4-350-261-1>		"ni'pes"@brg	
"pešon-tok"@azz	<http://ids.clld.org/values/13-210-222-1>		<http://ids.clld.org/parameters/13-210>		<http://ids.clld.org/values/13-210-261-1>		"'ačokon"@brg	
"tekolo-t"@azz	<http://ids.clld.org/values/3-811-222-1>		<http://ids.clld.org/parameters/3-811>		<http://ids.clld.org/values/3-811-261-1>		"i'no-k"@brg	
"kos-ti-k"@azz	<http://ids.clld.org/values/15-690-222-1>		<http://ids.clld.org/parameters/15-690>		<http://ids.clld.org/values/15-690-261-1>		"'ya-s-ko-"@brg	
"pati-oh"@azz	<http://ids.clld.org/values/11-880-222-1>		<http://ids.clld.org/parameters/11-880>		<http://ids.clld.org/values/11-880-261-1>		"šo-'wa-no-n"@brg	
"i-tasoh-ikni-w"@azz	<http://ids.clld.org/values/19-510-222-1>		<http://ids.clld.org/parameters/19-510>		<http://ids.clld.org/values/19-510-261-1>		"ni'toṛ̌i"@brg	
"kiowa-t"@azz	<http://ids.clld.org/values/1-750-222-1>		<http://ids.clld.org/parameters/1-750>		<http://ids.clld.org/values/1-750-261-1>		"so'won"@brg	
"-yah"@azz	<http://ids.clld.org/values/10-470-222-7>		<http://ids.clld.org/parameters/10-470>		<http://ids.clld.org/values/10-470-261-1>		"-yono-w"@brg	
"mon-tat"@azz	<http://ids.clld.org/values/2-610-222-1>		<http://ids.clld.org/parameters/2-610>		<http://ids.clld.org/values/2-610-261-1>		"nimo'šok"@brg	
"wewe-t"@azz	<http://ids.clld.org/values/2-461-222-1>		<http://ids.clld.org/parameters/2-461>		<http://ids.clld.org/values/2-461-261-1>		"a'ne"@brg	
"i-maka-yo"@azz	<http://ids.clld.org/values/4-310-222-5>		<http://ids.clld.org/parameters/4-310>		<http://ids.clld.org/values/4-310-261-3>		"-ton"@brg	
"i-maka-yo"@azz	<http://ids.clld.org/values/4-310-222-5>		<http://ids.clld.org/parameters/4-310>		<http://ids.clld.org/values/4-310-261-1>		"-po'wo-ki"@brg	
"i-kan"@azz	<http://ids.clld.org/values/12-11-222-5>		<http://ids.clld.org/parameters/12-11>		<http://ids.clld.org/values/12-11-261-1>		"šiṛ̌iwa'niye"@brg	
"i-ma-y"@azz	<http://ids.clld.org/values/4-310-222-3>		<http://ids.clld.org/parameters/4-310>		<http://ids.clld.org/values/4-310-261-3>		"-ton"@brg	
"i-ma-y"@azz	<http://ids.clld.org/values/4-310-222-3>		<http://ids.clld.org/parameters/4-310>		<http://ids.clld.org/values/4-310-261-1>		"-po'wo-ki"@brg	
"ta-i-kampa"@azz	<http://ids.clld.org/values/12-11-222-1>		<http://ids.clld.org/parameters/12-11>		<http://ids.clld.org/values/12-11-261-1>		"šiṛ̌iwa'niye"@brg	
"omi-t"@azz	<http://ids.clld.org/values/4-160-222-1>		<http://ids.clld.org/parameters/4-160>		<http://ids.clld.org/values/4-160-261-1>		"-'opi"@brg	
"ihwi-t"@azz	<http://ids.clld.org/values/4-393-222-1>		<http://ids.clld.org/parameters/4-393>		<http://ids.clld.org/values/4-393-261-1>		"e'sis"@brg	
"ki-maga"@azz	<http://ids.clld.org/values/9-210-222-1>		<http://ids.clld.org/parameters/9-210>		<http://ids.clld.org/values/9-210-261-1>		"nesta'kaβiyar"@brg	
"i-ten ~ teem-"@azz	<http://ids.clld.org/values/4-240-222-1>		<http://ids.clld.org/parameters/4-240>		<http://ids.clld.org/values/4-240-261-1>		"ni-'noki"@brg	
"i-ahkol"@azz	<http://ids.clld.org/values/4-310-222-1>		<http://ids.clld.org/parameters/4-310>		<http://ids.clld.org/values/4-310-261-3>		"-ton"@brg	
"i-ahkol"@azz	<http://ids.clld.org/values/4-310-222-1>		<http://ids.clld.org/parameters/4-310>		<http://ids.clld.org/values/4-310-261-1>		"-po'wo-ki"@brg	
"wan"@azz	<http://ids.clld.org/values/17-510-222-1>		<http://ids.clld.org/parameters/17-510>		<http://ids.clld.org/values/17-510-261-1>		"ač"@brg	
"teki-t"@azz	<http://ids.clld.org/values/9-120-222-1>		<http://ids.clld.org/parameters/9-120>		<http://ids.clld.org/values/9-120-261-1>		"koto-"@brg	
"isti"@azz	<http://ids.clld.org/values/4-344-222-1>		<http://ids.clld.org/parameters/4-344>		<http://ids.clld.org/values/4-344-261-1>		"n-i'tip"@brg	
"i-nan-c̷in"@azz	<http://ids.clld.org/values/2-360-222-1>		<http://ids.clld.org/parameters/2-360>		<http://ids.clld.org/values/2-360-261-1>		"n-en"@brg	
"ihka-tok melawak"@azz	<http://ids.clld.org/values/12-150-222-3>		<http://ids.clld.org/parameters/12-150>		<http://ids.clld.org/values/12-150-261-1>		"-šom"@brg	
"-tanewi"@azz	<http://ids.clld.org/values/11-620-222-3>		<http://ids.clld.org/parameters/11-620>		<http://ids.clld.org/values/11-620-261-1>		"kopo'e-"@brg	
"i-popoc̷o-a"@azz	<http://ids.clld.org/values/4-441-222-1>		<http://ids.clld.org/parameters/4-441>		<http://ids.clld.org/values/4-441-261-1>		"ta'ha"@brg	
"čima-l"@azz	<http://ids.clld.org/values/20-340-222-1>		<http://ids.clld.org/parameters/20-340>		<http://ids.clld.org/values/20-340-261-1>		"ni-yičo"@brg	
"topo-ni"@azz	<http://ids.clld.org/values/1-560-222-1>		<http://ids.clld.org/parameters/1-560>		<http://ids.clld.org/values/1-560-261-1>		"ṛ̌o'čoṛ̌eow"@brg	
"i-wehka-swa-i-kni-w"@azz	<http://ids.clld.org/values/2-550-222-1>		<http://ids.clld.org/parameters/2-550>		<http://ids.clld.org/values/2-550-261-1>		"'mpiri"@brg	
"i-taken"@azz	<http://ids.clld.org/values/6-120-222-3>		<http://ids.clld.org/parameters/6-120>		<http://ids.clld.org/values/6-120-261-1>		"ra'roni"@brg	
"yeh"@azz	<http://ids.clld.org/values/2-930-222-1>		<http://ids.clld.org/parameters/2-930>		<http://ids.clld.org/values/2-930-261-3>		"ṛ̌i-'ti"@brg	
"yeh"@azz	<http://ids.clld.org/values/2-930-222-1>		<http://ids.clld.org/parameters/2-930>		<http://ids.clld.org/values/2-930-261-1>		"ṛ̌o-'ti"@brg	
"taga-t"@azz	<http://ids.clld.org/values/2-230-222-1>		<http://ids.clld.org/parameters/2-230>		<http://ids.clld.org/values/2-230-261-1>		"a'čane"@brg	
"yekin-c̷in"@azz	<http://ids.clld.org/values/14-180-222-5>		<http://ids.clld.org/parameters/14-180>		<http://ids.clld.org/values/14-180-261-1>		"ne'ṛ̌iki"@brg	
"ki-pipi-na"@azz	<http://ids.clld.org/values/5-160-222-1>		<http://ids.clld.org/parameters/5-160>		<http://ids.clld.org/values/5-160-261-1>		"-hi-'ko-"@brg	
"kʷowkamoh"@azz	<http://ids.clld.org/values/8-920-222-1>		<http://ids.clld.org/parameters/8-920>		<http://ids.clld.org/values/8-920-261-1>		"ka'ha-"@brg	
"ki-čiwa-s-neki"@azz	<http://ids.clld.org/values/16-620-222-3>		<http://ids.clld.org/parameters/16-620>		<http://ids.clld.org/values/16-620-261-1>		"-'kami-"@brg	
"ki-čiwa-s-neki"@azz	<http://ids.clld.org/values/16-620-222-3>		<http://ids.clld.org/parameters/16-620>		<http://ids.clld.org/values/16-620-261-3>		"ni-'kiʔinow"@brg	
"amo wehka"@azz	<http://ids.clld.org/values/12-430-222-1>		<http://ids.clld.org/parameters/12-430>		<http://ids.clld.org/values/12-430-261-1>		"a'ne-kon"@brg	
"moyo-t"@azz	<http://ids.clld.org/values/3-830-222-1>		<http://ids.clld.org/parameters/3-830>		<http://ids.clld.org/values/3-830-261-1>		"-a'ro"@brg	
"we-wec̷ka"@azz	<http://ids.clld.org/values/16-250-222-3>		<http://ids.clld.org/parameters/16-250>		<http://ids.clld.org/values/16-250-261-1>		"-'ko-ka-"@brg	
"ista-t"@azz	<http://ids.clld.org/values/5-810-222-1>		<http://ids.clld.org/parameters/5-810>		<http://ids.clld.org/values/5-810-261-1>		"'čobi ~ 'čobe"@brg	
"e-t"@azz	<http://ids.clld.org/values/5-660-222-1>		<http://ids.clld.org/parameters/5-660>		<http://ids.clld.org/values/5-660-261-1>		"či'čoṛ̌op"@brg	
"nana-h weyi"@azz	<http://ids.clld.org/values/2-470-222-1>		<http://ids.clld.org/parameters/2-470>		<http://ids.clld.org/values/2-470-261-1>		"-os"@brg	
"c̷iki-c̷in"@azz	<http://ids.clld.org/values/12-560-222-3>		<http://ids.clld.org/parameters/12-560>		<http://ids.clld.org/values/12-560-261-5>		"ti'ʔa-ci"@brg	
"c̷iki-c̷in"@azz	<http://ids.clld.org/values/12-560-222-3>		<http://ids.clld.org/parameters/12-560>		<http://ids.clld.org/values/12-560-261-3>		"'mičokiṛ̌i"@brg	
"c̷iki-c̷in"@azz	<http://ids.clld.org/values/12-560-222-3>		<http://ids.clld.org/parameters/12-560>		<http://ids.clld.org/values/12-560-261-1>		"-či"@brg	
"ki-pic̷a"@azz	<http://ids.clld.org/values/10-380-222-3>		<http://ids.clld.org/parameters/10-380>		<http://ids.clld.org/values/10-380-261-1>		"-'haβi-ko-w"@brg	
"pani"@azz	<http://ids.clld.org/values/12-80-222-5>		<http://ids.clld.org/parameters/12-80>		<http://ids.clld.org/values/12-80-261-1>		"a'ni-ye"@brg	
"ki-pipi-c̷o-a"@azz	<http://ids.clld.org/values/5-160-222-3>		<http://ids.clld.org/parameters/5-160>		<http://ids.clld.org/values/5-160-261-1>		"-hi-'ko-"@brg	
"tahkʷani-a"@azz	<http://ids.clld.org/values/11-130-222-3>		<http://ids.clld.org/parameters/11-130>		<http://ids.clld.org/values/11-130-261-1>		"-a'mo"@brg	
"yool"@azz	<http://ids.clld.org/values/4-440-222-1>		<http://ids.clld.org/parameters/4-440>		<http://ids.clld.org/values/4-440-261-1>		"neto'koʔin"@brg	
"-wiikaa"@azz	<http://ids.clld.org/values/10-620-222-1>		<http://ids.clld.org/parameters/10-620>		<http://ids.clld.org/values/10-620-261-1>		"'amo(n-)"@brg	
"počik-ti-k"@azz	<http://ids.clld.org/values/15-640-222-3>		<http://ids.clld.org/parameters/15-640>		<http://ids.clld.org/values/15-640-261-1>		"kotipo'pin"@brg	
"naken"@azz	<http://ids.clld.org/values/17-680-222-3>		<http://ids.clld.org/parameters/17-680>		<http://ids.clld.org/values/17-680-261-1>		"kon to 'woyokon"@brg	
"kʷakʷoweh"@azz	<http://ids.clld.org/values/3-220-222-1>		<http://ids.clld.org/parameters/3-220>		<http://ids.clld.org/values/3-220-261-1>		"[wiye]"@brg	
"kosamalo-t"@azz	<http://ids.clld.org/values/1-590-222-1>		<http://ids.clld.org/parameters/1-590>		<http://ids.clld.org/values/1-590-261-1>		"ni'a"@brg	
"i-yalis"@azz	<http://ids.clld.org/values/19-610-222-3>		<http://ids.clld.org/parameters/19-610>		<http://ids.clld.org/values/19-610-261-1>		"-'rapi"@brg	
"alsin"@azz	<http://ids.clld.org/values/3-823-222-1>		<http://ids.clld.org/parameters/3-823>		<http://ids.clld.org/values/3-823-261-1>		"ane"@brg	
"yol-tok"@azz	<http://ids.clld.org/values/4-740-222-1>		<http://ids.clld.org/parameters/4-740>		<http://ids.clld.org/values/4-740-261-1>		"-čo-'ko-"@brg	
"a-tac̷-ti-k"@azz	<http://ids.clld.org/values/15-830-222-3>		<http://ids.clld.org/parameters/15-830>		<http://ids.clld.org/values/15-830-261-1>		"-po'to-"@brg	
"naal-"@azz	<http://ids.clld.org/values/12-730-222-3>		<http://ids.clld.org/parameters/12-730>		<http://ids.clld.org/values/12-730-261-1>		"to'βi-"@brg	
"teh-wa"@azz	<http://ids.clld.org/values/2-920-222-3>		<http://ids.clld.org/parameters/2-920>		<http://ids.clld.org/values/2-920-261-1>		"pi-'ti"@brg	
"yowa-l-ti-k"@azz	<http://ids.clld.org/values/12-810-222-1>		<http://ids.clld.org/parameters/12-810>		<http://ids.clld.org/values/12-810-261-1>		"čoporikon"@brg	
"ta-yowa-ya-ni-lo-t"@azz	<http://ids.clld.org/values/1-620-222-3>		<http://ids.clld.org/parameters/1-620>		<http://ids.clld.org/values/1-620-261-3>		"ha'mo-ṛ̌e"@brg	
"ta-yowa-ya-ni-lo-t"@azz	<http://ids.clld.org/values/1-620-222-3>		<http://ids.clld.org/parameters/1-620>		<http://ids.clld.org/values/1-620-261-1>		"ha'moṛ̌en"@brg	
"i-nene-pil"@azz	<http://ids.clld.org/values/4-260-222-1>		<http://ids.clld.org/parameters/4-260>		<http://ids.clld.org/values/4-260-261-1>		"-pe-n"@brg	
"i-nene-pil"@azz	<http://ids.clld.org/values/4-260-222-1>		<http://ids.clld.org/parameters/4-260>		<http://ids.clld.org/values/4-260-261-3>		"epenene"@brg	
"k-ihto-a"@azz	<http://ids.clld.org/values/18-220-222-1>		<http://ids.clld.org/parameters/18-220>		<http://ids.clld.org/values/18-220-261-1>		"'k-ičo"@brg	
"teko-l"@azz	<http://ids.clld.org/values/1-890-222-1>		<http://ids.clld.org/parameters/1-890>		<http://ids.clld.org/values/1-890-261-1>		"emones"@brg	
"ki-pac̷ka"@azz	<http://ids.clld.org/values/9-343-222-1>		<http://ids.clld.org/parameters/9-343>		<http://ids.clld.org/values/9-343-261-1>		"'ko-piti-"@brg	
"ki-pac̷ka"@azz	<http://ids.clld.org/values/9-343-222-1>		<http://ids.clld.org/parameters/9-343>		<http://ids.clld.org/values/9-343-261-3>		"su'ipistakapa"@brg	
"kʷečawa-k"@azz	<http://ids.clld.org/values/15-830-222-5>		<http://ids.clld.org/parameters/15-830>		<http://ids.clld.org/values/15-830-261-1>		"-po'to-"@brg	
"siwa-t"@azz	<http://ids.clld.org/values/2-220-222-1>		<http://ids.clld.org/parameters/2-220>		<http://ids.clld.org/values/2-220-261-1>		"e'ton"@brg	
"-miki-tii"@azz	<http://ids.clld.org/values/4-750-222-3>		<http://ids.clld.org/parameters/4-750>		<http://ids.clld.org/values/4-750-261-3>		"ṛ̌e'pen"@brg	
"-miki-tii"@azz	<http://ids.clld.org/values/4-750-222-3>		<http://ids.clld.org/parameters/4-750>		<http://ids.clld.org/values/4-750-261-1>		"-e'pe-"@brg	
"nan- ~ ta-...-h"@azz	<http://ids.clld.org/values/2-950-222-1>		<http://ids.clld.org/parameters/2-950>		<http://ids.clld.org/values/2-950-261-1>		"yi-'ti"@brg	
"kʷow-neš"@azz	<http://ids.clld.org/values/1-840-222-1>		<http://ids.clld.org/parameters/1-840>		<http://ids.clld.org/values/1-840-261-1>		"po'ip"@brg	
"kʷowi-t"@azz	<http://ids.clld.org/values/1-880-222-1>		<http://ids.clld.org/parameters/1-880>		<http://ids.clld.org/values/1-880-261-1>		"ya'kis"@brg	
"meka-t"@azz	<http://ids.clld.org/values/9-190-222-1>		<http://ids.clld.org/parameters/9-190>		<http://ids.clld.org/values/9-190-261-1>		"ni-'ro-"@brg	
"i-nakas-tan"@azz	<http://ids.clld.org/values/12-430-222-5>		<http://ids.clld.org/parameters/12-430>		<http://ids.clld.org/values/12-430-261-1>		"a'ne-kon"@brg	
"ki-te-maka"@azz	<http://ids.clld.org/values/11-210-222-3>		<http://ids.clld.org/parameters/11-210>		<http://ids.clld.org/values/11-210-261-1>		"-po'e-ko-w"@brg	
"[mesah]"@azz	<http://ids.clld.org/values/7-440-222-1>		<http://ids.clld.org/parameters/7-440>		<http://ids.clld.org/values/7-440-261-1>		"[mes]"@brg	
"seh-se"@azz	<http://ids.clld.org/values/13-140-222-1>		<http://ids.clld.org/parameters/13-140>		<http://ids.clld.org/values/13-140-261-1>		"pon"@brg	
"nel"@azz	<http://ids.clld.org/values/13-150-222-5>		<http://ids.clld.org/parameters/13-150>		<http://ids.clld.org/values/13-150-261-1>		"mo-"@brg	
"šoko-t"@azz	<http://ids.clld.org/values/5-710-222-1>		<http://ids.clld.org/parameters/5-710>		<http://ids.clld.org/values/5-710-261-1>		"-i"@brg	
"ki-tati-(y)a"@azz	<http://ids.clld.org/values/1-851-222-3>		<http://ids.clld.org/parameters/1-851>		<http://ids.clld.org/values/1-851-261-1>		"-a'haṛ̌ow"@brg	
"i-nakas"@azz	<http://ids.clld.org/values/4-220-222-1>		<http://ids.clld.org/parameters/4-220>		<http://ids.clld.org/values/4-220-261-3>		"senoki"@brg	
"i-nakas"@azz	<http://ids.clld.org/values/4-220-222-1>		<http://ids.clld.org/parameters/4-220>		<http://ids.clld.org/values/4-220-261-1>		"-'čoko-n"@brg	
"i-tan-kʷa-y"@azz	<http://ids.clld.org/values/4-360-222-1>		<http://ids.clld.org/parameters/4-360>		<http://ids.clld.org/values/4-360-261-1>		"ničo'βekos"@brg	
"ta-kʷa"@azz	<http://ids.clld.org/values/5-110-222-1>		<http://ids.clld.org/parameters/5-110>		<http://ids.clld.org/values/5-110-261-3>		"ni-'kow"@brg	
"ta-kʷa"@azz	<http://ids.clld.org/values/5-110-222-1>		<http://ids.clld.org/parameters/5-110>		<http://ids.clld.org/values/5-110-261-1>		"-ni-"@brg	
"te-kokohkayo-t"@azz	<http://ids.clld.org/values/16-310-222-3>		<http://ids.clld.org/parameters/16-310>		<http://ids.clld.org/values/16-310-261-1>		"-koti-"@brg	
"i-ma-h-pil"@azz	<http://ids.clld.org/values/4-340-222-1>		<http://ids.clld.org/parameters/4-340>		<http://ids.clld.org/values/4-340-261-1>		"ni-'wohis"@brg	
"[sera]-okʷil-c̷in"@azz	<http://ids.clld.org/values/3-820-222-1>		<http://ids.clld.org/parameters/3-820>		<http://ids.clld.org/values/3-820-261-1>		"yomo'ep"@brg	
"ki-paka"@azz	<http://ids.clld.org/values/9-360-222-1>		<http://ids.clld.org/parameters/9-360>		<http://ids.clld.org/values/9-360-261-1>		"-'sipa"@brg	
"i-ten-šipal"@azz	<http://ids.clld.org/values/4-250-222-1>		<http://ids.clld.org/parameters/4-250>		<http://ids.clld.org/values/4-250-261-1>		"ni'čomonoki"@brg	
"i-mec̷"@azz	<http://ids.clld.org/values/4-370-222-1>		<http://ids.clld.org/parameters/4-370>		<http://ids.clld.org/values/4-370-261-1>		"ni'poih"@brg	
"i-ma-kpal"@azz	<http://ids.clld.org/values/4-331-222-3>		<http://ids.clld.org/parameters/4-331>		<http://ids.clld.org/values/4-331-261-1>		"'waki"@brg	
"tatam-pa"@azz	<http://ids.clld.org/values/12-70-222-1>		<http://ids.clld.org/parameters/12-70>		<http://ids.clld.org/values/12-70-261-1>		"a'piye"@brg	
"neh"@azz	<http://ids.clld.org/values/2-910-222-3>		<http://ids.clld.org/parameters/2-910>		<http://ids.clld.org/values/2-910-261-3>		"n-ti"@brg	
"neh"@azz	<http://ids.clld.org/values/2-910-222-3>		<http://ids.clld.org/parameters/2-910>		<http://ids.clld.org/values/2-910-261-1>		"ni-"@brg	
"tawan-keh"@azz	<http://ids.clld.org/values/4-980-222-3>		<http://ids.clld.org/parameters/4-980>		<http://ids.clld.org/values/4-980-261-1>		"-'kaβio"@brg	
"weyi tahtohkeh"@azz	<http://ids.clld.org/values/19-240-222-1>		<http://ids.clld.org/parameters/19-240>		<http://ids.clld.org/values/19-240-261-1>		"rom"@brg	
"weyi-a-t"@azz	<http://ids.clld.org/values/1-360-222-1>		<http://ids.clld.org/parameters/1-360>		<http://ids.clld.org/values/1-360-261-1>		"wapo'eṛ̌"@brg	
"mow-kayot"@azz	<http://ids.clld.org/values/16-530-222-1>		<http://ids.clld.org/parameters/16-530>		<http://ids.clld.org/values/16-530-261-1>		"-pi-"@brg	
"mow-kayot"@azz	<http://ids.clld.org/values/16-530-222-1>		<http://ids.clld.org/parameters/16-530>		<http://ids.clld.org/values/16-530-261-3>		"'ni-piko-w"@brg	
"awil"@azz	<http://ids.clld.org/values/16-260-222-3>		<http://ids.clld.org/parameters/16-260>		<http://ids.clld.org/values/16-260-261-1>		"ṛ̌o'ponič"@brg	
"kanika"@azz	<http://ids.clld.org/values/17-660-222-5>		<http://ids.clld.org/parameters/17-660>		<http://ids.clld.org/values/17-660-261-3>		"ṛ̌a'βiyowon?"@brg	
"kanika"@azz	<http://ids.clld.org/values/17-660-222-5>		<http://ids.clld.org/parameters/17-660>		<http://ids.clld.org/values/17-660-261-1>		"oypoka"@brg	
"neh-nemi"@azz	<http://ids.clld.org/values/10-450-222-3>		<http://ids.clld.org/parameters/10-450>		<http://ids.clld.org/values/10-450-261-1>		"-yo'no"@brg	
"šinač"@azz	<http://ids.clld.org/values/8-311-222-1>		<http://ids.clld.org/parameters/8-311>		<http://ids.clld.org/values/8-311-261-1>		"e'so-ki"@brg	
"-maa ~ mah"@azz	<http://ids.clld.org/values/4-330-222-3>		<http://ids.clld.org/parameters/4-330>		<http://ids.clld.org/values/4-330-261-1>		"-wo-"@brg	
"-maa ~ mah"@azz	<http://ids.clld.org/values/4-330-222-3>		<http://ids.clld.org/parameters/4-330>		<http://ids.clld.org/values/4-330-261-3>		"ni-'wohi-s"@brg	
"wehka"@azz	<http://ids.clld.org/values/12-440-222-1>		<http://ids.clld.org/parameters/12-440>		<http://ids.clld.org/values/12-440-261-1>		"a'βe-"@brg	
"i-iš-tololo"@azz	<http://ids.clld.org/values/4-210-222-1>		<http://ids.clld.org/parameters/4-210>		<http://ids.clld.org/values/4-210-261-1>		"-i'ki"@brg	
"i-iš-tololo"@azz	<http://ids.clld.org/values/4-210-222-1>		<http://ids.clld.org/parameters/4-210>		<http://ids.clld.org/values/4-210-261-3>		"ni-'kis"@brg	
"i-yolo"@azz	<http://ids.clld.org/values/4-440-222-3>		<http://ids.clld.org/parameters/4-440>		<http://ids.clld.org/values/4-440-261-1>		"neto'koʔin"@brg	
"iš-čoka"@azz	<http://ids.clld.org/values/16-370-222-3>		<http://ids.clld.org/parameters/16-370>		<http://ids.clld.org/values/16-370-261-1>		"-ya"@brg	
"pio"@azz	<http://ids.clld.org/values/3-550-222-1>		<http://ids.clld.org/parameters/3-550>		<http://ids.clld.org/values/3-550-261-1>		"'tipoṛ̌ek"@brg	
"tayi"@azz	<http://ids.clld.org/values/5-130-222-1>		<http://ids.clld.org/parameters/5-130>		<http://ids.clld.org/values/5-130-261-1>		"er"@brg	
"tayi"@azz	<http://ids.clld.org/values/5-130-222-1>		<http://ids.clld.org/parameters/5-130>		<http://ids.clld.org/values/5-130-261-3>		"-e'ro-"@brg	
"i-čan"@azz	<http://ids.clld.org/values/7-120-222-3>		<http://ids.clld.org/parameters/7-120>		<http://ids.clld.org/values/7-120-261-5>		"-den-pe-n"@brg	
"i-čan"@azz	<http://ids.clld.org/values/7-120-222-3>		<http://ids.clld.org/parameters/7-120>		<http://ids.clld.org/values/7-120-261-3>		"-'we-ṛ̌"@brg	
"i-čan"@azz	<http://ids.clld.org/values/7-120-222-3>		<http://ids.clld.org/parameters/7-120>		<http://ids.clld.org/values/7-120-261-1>		"'pa-ṛ̌i"@brg	
"tiotak"@azz	<http://ids.clld.org/values/14-451-222-1>		<http://ids.clld.org/parameters/14-451>		<http://ids.clld.org/values/14-451-261-1>		"kope'ap"@brg	
"wec̷i"@azz	<http://ids.clld.org/values/10-230-222-1>		<http://ids.clld.org/parameters/10-230>		<http://ids.clld.org/values/10-230-261-1>		"nesta'paika"@brg	
"ki-mati"@azz	<http://ids.clld.org/values/17-170-222-1>		<http://ids.clld.org/parameters/17-170>		<http://ids.clld.org/values/17-170-261-1>		"-čo-"@brg	
"ki-mati"@azz	<http://ids.clld.org/values/17-170-222-1>		<http://ids.clld.org/parameters/17-170>		<http://ids.clld.org/values/17-170-261-3>		"-tiṛ̌i"@brg	
"i-čan-kaw"@azz	<http://ids.clld.org/values/2-810-222-1>		<http://ids.clld.org/parameters/2-810>		<http://ids.clld.org/values/2-810-261-1>		"ni'čonopos"@brg	
"i-poš"@azz	<http://ids.clld.org/values/4-460-222-1>		<http://ids.clld.org/parameters/4-460>		<http://ids.clld.org/values/4-460-261-1>		"-'he-ki"@brg	
"i-poš"@azz	<http://ids.clld.org/values/4-460-222-1>		<http://ids.clld.org/parameters/4-460>		<http://ids.clld.org/values/4-460-261-3>		"ničo'koki"@brg	
"totopoka"@azz	<http://ids.clld.org/values/1-560-222-3>		<http://ids.clld.org/parameters/1-560>		<http://ids.clld.org/values/1-560-261-1>		"ṛ̌o'čoṛ̌eow"@brg	
"owat c̷ope-k"@azz	<http://ids.clld.org/values/8-941-222-1>		<http://ids.clld.org/parameters/8-941>		<http://ids.clld.org/values/8-941-261-1>		"ko'te-n"@brg	
"yeh-wa-n"@azz	<http://ids.clld.org/values/2-960-222-1>		<http://ids.clld.org/parameters/2-960>		<http://ids.clld.org/values/2-960-261-1>		"no-'ti"@brg	
"i-[y]okič"@azz	<http://ids.clld.org/values/2-310-222-1>		<http://ids.clld.org/parameters/2-310>		<http://ids.clld.org/values/2-310-261-3>		"-emo"@brg	
"i-[y]okič"@azz	<http://ids.clld.org/values/2-310-222-1>		<http://ids.clld.org/parameters/2-310>		<http://ids.clld.org/values/2-310-261-1>		"naβi'non"@brg	
"tal-neš"@azz	<http://ids.clld.org/values/1-213-222-1>		<http://ids.clld.org/parameters/1-213>		<http://ids.clld.org/values/1-213-261-3>		"poi-p"@brg	
"tal-neš"@azz	<http://ids.clld.org/values/1-213-222-1>		<http://ids.clld.org/parameters/1-213>		<http://ids.clld.org/values/1-213-261-1>		"kopo'eṛ̌"@brg	
"kʷika"@azz	<http://ids.clld.org/values/10-610-222-3>		<http://ids.clld.org/parameters/10-610>		<http://ids.clld.org/values/10-610-261-1>		"nam"@brg	
"šiwi-t"@azz	<http://ids.clld.org/values/8-560-222-1>		<http://ids.clld.org/parameters/8-560>		<http://ids.clld.org/values/8-560-261-1>		"e-pono'e"@brg	
"∅"@azz	<http://ids.clld.org/values/2-930-222-5>		<http://ids.clld.org/parameters/2-930>		<http://ids.clld.org/values/2-930-261-3>		"ṛ̌i-'ti"@brg	
"∅"@azz	<http://ids.clld.org/values/2-930-222-5>		<http://ids.clld.org/parameters/2-930>		<http://ids.clld.org/values/2-930-261-1>		"ṛ̌o-'ti"@brg	
"tanew-ti"@azz	<http://ids.clld.org/values/11-620-222-1>		<http://ids.clld.org/parameters/11-620>		<http://ids.clld.org/values/11-620-261-1>		"kopo'e-"@brg	
"iš-kʷa-y"@azz	<http://ids.clld.org/values/4-205-222-3>		<http://ids.clld.org/parameters/4-205>		<http://ids.clld.org/values/4-205-261-1>		"ni'panoṛ̌"@brg	
"yemaš-c̷in"@azz	<http://ids.clld.org/values/15-770-222-3>		<http://ids.clld.org/parameters/15-770>		<http://ids.clld.org/values/15-770-261-1>		"-'mo-ri"@brg	
"kočpana"@azz	<http://ids.clld.org/values/9-370-222-3>		<http://ids.clld.org/parameters/9-370>		<http://ids.clld.org/values/9-370-261-1>		"heβi-ṛ̌"@brg	
"-wan"@azz	<http://ids.clld.org/values/11-120-222-3>		<http://ids.clld.org/parameters/11-120>		<http://ids.clld.org/values/11-120-261-1>		"-'ko-ti"@brg	
"i-el-pan"@azz	<http://ids.clld.org/values/4-400-222-1>		<http://ids.clld.org/parameters/4-400>		<http://ids.clld.org/values/4-400-261-1>		"ča'ko-ki"@brg	
"tal"@azz	<http://ids.clld.org/values/1-210-222-1>		<http://ids.clld.org/parameters/1-210>		<http://ids.clld.org/values/1-210-261-1>		"po'ewok"@brg	
"i-tan"@azz	<http://ids.clld.org/values/4-270-222-1>		<http://ids.clld.org/parameters/4-270>		<http://ids.clld.org/values/4-270-261-1>		"ni-'se-ṛ̌"@brg	
"apis"@azz	<http://ids.clld.org/values/5-140-222-3>		<http://ids.clld.org/parameters/5-140>		<http://ids.clld.org/values/5-140-261-1>		"ni'βeiʔinow"@brg	
"tilawa-k"@azz	<http://ids.clld.org/values/12-630-222-1>		<http://ids.clld.org/parameters/12-630>		<http://ids.clld.org/values/12-630-261-1>		"šo'po-"@brg	
"-pah"@azz	<http://ids.clld.org/values/4-880-222-1>		<http://ids.clld.org/parameters/4-880>		<http://ids.clld.org/values/4-880-261-1>		"we'ṛ̌ok"@brg	
"ki-maka"@azz	<http://ids.clld.org/values/11-210-222-1>		<http://ids.clld.org/parameters/11-210>		<http://ids.clld.org/values/11-210-261-1>		"-po'e-ko-w"@brg	
"teh"@azz	<http://ids.clld.org/values/2-920-222-1>		<http://ids.clld.org/parameters/2-920>		<http://ids.clld.org/values/2-920-261-1>		"pi-'ti"@brg	
"i-ma-y"@azz	<http://ids.clld.org/values/4-330-222-1>		<http://ids.clld.org/parameters/4-330>		<http://ids.clld.org/values/4-330-261-1>		"-wo-"@brg	
"i-ma-y"@azz	<http://ids.clld.org/values/4-330-222-1>		<http://ids.clld.org/parameters/4-330>		<http://ids.clld.org/values/4-330-261-3>		"ni-'wohi-s"@brg	
"yeka"@azz	<http://ids.clld.org/values/4-230-222-1>		<http://ids.clld.org/parameters/4-230>		<http://ids.clld.org/values/4-230-261-1>		"-'si-ri"@brg	
"yeka"@azz	<http://ids.clld.org/values/4-230-222-1>		<http://ids.clld.org/parameters/4-230>		<http://ids.clld.org/values/4-230-261-3>		"ni-pa-'siṛ̌i"@brg	
"se"@azz	<http://ids.clld.org/values/13-10-222-1>		<http://ids.clld.org/parameters/13-10>		<http://ids.clld.org/values/13-10-261-1>		"po'noš"@brg	
"i-ten-c̷on-yo"@azz	<http://ids.clld.org/values/4-142-222-1>		<http://ids.clld.org/parameters/4-142>		<http://ids.clld.org/values/4-142-261-1>		"ni-ša'won"@brg	
"yeek"@azz	<http://ids.clld.org/values/12-730-222-5>		<http://ids.clld.org/parameters/12-730>		<http://ids.clld.org/values/12-730-261-1>		"to'βi-"@brg	
"noči"@azz	<http://ids.clld.org/values/13-140-222-3>		<http://ids.clld.org/parameters/13-140>		<http://ids.clld.org/values/13-140-261-1>		"pon"@brg	
"oh-ti"@azz	<http://ids.clld.org/values/10-720-222-1>		<http://ids.clld.org/parameters/10-720>		<http://ids.clld.org/values/10-720-261-1>		"ša'no-ki"@brg	
"melawa-k"@azz	<http://ids.clld.org/values/12-730-222-1>		<http://ids.clld.org/parameters/12-730>		<http://ids.clld.org/values/12-730-261-1>		"to'βi-"@brg	
"ti-"@azz	<http://ids.clld.org/values/2-920-222-5>		<http://ids.clld.org/parameters/2-920>		<http://ids.clld.org/values/2-920-261-1>		"pi-'ti"@brg	
"pic̷o-t"@azz	<http://ids.clld.org/values/3-350-222-1>		<http://ids.clld.org/parameters/3-350>		<http://ids.clld.org/values/3-350-261-1>		"si'mori"@brg	
"i-mec̷-ikši-pil"@azz	<http://ids.clld.org/values/4-380-222-1>		<http://ids.clld.org/parameters/4-380>		<http://ids.clld.org/values/4-380-261-1>		"ni'wohis to ni'poih"@brg	
"nemi"@azz	<http://ids.clld.org/values/10-470-222-3>		<http://ids.clld.org/parameters/10-470>		<http://ids.clld.org/values/10-470-261-1>		"-yono-w"@brg	
"i-kan"@azz	<http://ids.clld.org/values/4-190-222-5>		<http://ids.clld.org/parameters/4-190>		<http://ids.clld.org/values/4-190-261-1>		"-'čipi"@brg	
"ko[w]a-t"@azz	<http://ids.clld.org/values/3-850-222-1>		<http://ids.clld.org/parameters/3-850>		<http://ids.clld.org/values/3-850-261-3>		"'peropi"@brg	
"ko[w]a-t"@azz	<http://ids.clld.org/values/3-850-222-1>		<http://ids.clld.org/parameters/3-850>		<http://ids.clld.org/values/3-850-261-1>		"ki'woṛ̌"@brg	
"šahkal-moyo-t"@azz	<http://ids.clld.org/values/3-832-222-1>		<http://ids.clld.org/parameters/3-832>		<http://ids.clld.org/values/3-832-261-1>		"ni"@brg	
"i-swa-c̷in"@azz	<http://ids.clld.org/values/2-320-222-3>		<http://ids.clld.org/parameters/2-320>		<http://ids.clld.org/values/2-320-261-1>		"ne-'yon"@brg	
"tona-l"@azz	<http://ids.clld.org/values/1-520-222-1>		<http://ids.clld.org/parameters/1-520>		<http://ids.clld.org/values/1-520-261-1>		"se-s"@brg	
"ti-t"@azz	<http://ids.clld.org/values/1-810-222-1>		<http://ids.clld.org/parameters/1-810>		<http://ids.clld.org/values/1-810-261-1>		"'ya-ki"@brg	
"wewe-t"@azz	<http://ids.clld.org/values/14-150-222-3>		<http://ids.clld.org/parameters/14-150>		<http://ids.clld.org/values/14-150-261-1>		"či-n"@brg	
"i-ahkol"@azz	<http://ids.clld.org/values/4-300-222-1>		<http://ids.clld.org/parameters/4-300>		<http://ids.clld.org/values/4-300-261-3>		"-'powos"@brg	
"i-ahkol"@azz	<http://ids.clld.org/values/4-300-222-1>		<http://ids.clld.org/parameters/4-300>		<http://ids.clld.org/values/4-300-261-1>		"ni-'powosi"@brg	
"ta-ihti-k"@azz	<http://ids.clld.org/values/12-50-222-3>		<http://ids.clld.org/parameters/12-50>		<http://ids.clld.org/values/12-50-261-1>		"-ye"@brg	
"ehko"@azz	<http://ids.clld.org/values/10-550-222-3>		<http://ids.clld.org/parameters/10-550>		<http://ids.clld.org/values/10-550-261-1>		"to biši'moč"@brg	
"ii-kni-w"@azz	<http://ids.clld.org/values/2-450-222-1>		<http://ids.clld.org/parameters/2-450>		<http://ids.clld.org/values/2-450-261-3>		"'n-eta"@brg	
"ii-kni-w"@azz	<http://ids.clld.org/values/2-450-222-1>		<http://ids.clld.org/parameters/2-450>		<http://ids.clld.org/values/2-450-261-1>		"ni-'piṛ̌i"@brg	
"kešahpas"@azz	<http://ids.clld.org/values/5-260-222-3>		<http://ids.clld.org/parameters/5-260>		<http://ids.clld.org/values/5-260-261-3>		"keheβi"@brg	
"kešahpas"@azz	<http://ids.clld.org/values/5-260-222-3>		<http://ids.clld.org/parameters/5-260>		<http://ids.clld.org/values/5-260-261-1>		"'hopi"@brg	
"ista-k"@azz	<http://ids.clld.org/values/15-640-222-1>		<http://ids.clld.org/parameters/15-640>		<http://ids.clld.org/values/15-640-261-1>		"kotipo'pin"@brg	
"kʷowi-t"@azz	<http://ids.clld.org/values/1-420-222-1>		<http://ids.clld.org/parameters/1-420>		<http://ids.clld.org/values/1-420-261-1>		"'ewokoe"@brg	
"pili"@azz	<http://ids.clld.org/values/2-270-222-1>		<http://ids.clld.org/parameters/2-270>		<http://ids.clld.org/values/2-270-261-1>		"mo-"@brg	
"koči"@azz	<http://ids.clld.org/values/4-610-222-1>		<http://ids.clld.org/parameters/4-610>		<http://ids.clld.org/values/4-610-261-3>		"-mo'ko-w"@brg	
"koči"@azz	<http://ids.clld.org/values/4-610-222-1>		<http://ids.clld.org/parameters/4-610>		<http://ids.clld.org/values/4-610-261-1>		"-i'mo"@brg	
"i-weyi-nan-c̷in"@azz	<http://ids.clld.org/values/2-470-222-3>		<http://ids.clld.org/parameters/2-470>		<http://ids.clld.org/values/2-470-261-1>		"-os"@brg	
"weya-k"@azz	<http://ids.clld.org/values/12-570-222-1>		<http://ids.clld.org/parameters/12-570>		<http://ids.clld.org/values/12-570-261-1>		"-pi"@brg	
"weya-k"@azz	<http://ids.clld.org/values/12-570-222-1>		<http://ids.clld.org/parameters/12-570>		<http://ids.clld.org/values/12-570-261-3>		"'pero-"@brg	
"i-kʷita-pan"@azz	<http://ids.clld.org/values/4-190-222-3>		<http://ids.clld.org/parameters/4-190>		<http://ids.clld.org/values/4-190-261-1>		"-'čipi"@brg	
"kal-kʷa-ko"@azz	<http://ids.clld.org/values/7-510-222-1>		<http://ids.clld.org/parameters/7-510>		<http://ids.clld.org/values/7-510-261-1>		"ečo'pi"@brg	
"i-kes"@azz	<http://ids.clld.org/values/4-351-222-1>		<http://ids.clld.org/parameters/4-351>		<http://ids.clld.org/values/4-351-261-1>		"-pes"@brg	
"wala-"@azz	<http://ids.clld.org/values/10-480-222-3>		<http://ids.clld.org/parameters/10-480>		<http://ids.clld.org/values/10-480-261-1>		"-piko-w"@brg	
"a-t"@azz	<http://ids.clld.org/values/1-310-222-1>		<http://ids.clld.org/parameters/1-310>		<http://ids.clld.org/values/1-310-261-1>		"in"@brg	
"i-siwa-w"@azz	<http://ids.clld.org/values/2-320-222-1>		<http://ids.clld.org/parameters/2-320>		<http://ids.clld.org/values/2-320-261-1>		"ne-'yon"@brg	
"akʷeya"@azz	<http://ids.clld.org/values/3-950-222-5>		<http://ids.clld.org/parameters/3-950>		<http://ids.clld.org/values/3-950-261-1>		"si'poṛ̌i"@brg	
"i-čiči-wal"@azz	<http://ids.clld.org/values/4-410-222-1>		<http://ids.clld.org/parameters/4-410>		<http://ids.clld.org/values/4-410-261-1>		"-šo-n"@brg	
"i-molik"@azz	<http://ids.clld.org/values/4-320-222-1>		<http://ids.clld.org/parameters/4-320>		<http://ids.clld.org/values/4-320-261-1>		"nito'taki"@brg	
"weyi"@azz	<http://ids.clld.org/values/12-550-222-1>		<http://ids.clld.org/parameters/12-550>		<http://ids.clld.org/values/12-550-261-1>		"čo-"@brg	
"ii-kni-w"@azz	<http://ids.clld.org/values/2-440-222-1>		<http://ids.clld.org/parameters/2-440>		<http://ids.clld.org/values/2-440-261-1>		"ni'piri"@brg	
"ii-kni-w"@azz	<http://ids.clld.org/values/2-440-222-1>		<http://ids.clld.org/parameters/2-440>		<http://ids.clld.org/values/2-440-261-3>		"ni'ay"@brg	
"tomawa-k"@azz	<http://ids.clld.org/values/12-630-222-3>		<http://ids.clld.org/parameters/12-630>		<http://ids.clld.org/values/12-630-261-1>		"šo'po-"@brg	
"kal-i"@azz	<http://ids.clld.org/values/7-120-222-1>		<http://ids.clld.org/parameters/7-120>		<http://ids.clld.org/values/7-120-261-5>		"-den-pe-n"@brg	
"kal-i"@azz	<http://ids.clld.org/values/7-120-222-1>		<http://ids.clld.org/parameters/7-120>		<http://ids.clld.org/values/7-120-261-3>		"-'we-ṛ̌"@brg	
"kal-i"@azz	<http://ids.clld.org/values/7-120-222-1>		<http://ids.clld.org/parameters/7-120>		<http://ids.clld.org/values/7-120-261-1>		"'pa-ṛ̌i"@brg	
"eheka-t"@azz	<http://ids.clld.org/values/1-720-222-1>		<http://ids.clld.org/parameters/1-720>		<http://ids.clld.org/values/1-720-261-1>		"βiṛ̌"@brg	
"mayana"@azz	<http://ids.clld.org/values/5-140-222-1>		<http://ids.clld.org/parameters/5-140>		<http://ids.clld.org/values/5-140-261-1>		"ni'βeiʔinow"@brg	
"elwi[y]ak"@azz	<http://ids.clld.org/values/1-510-222-1>		<http://ids.clld.org/parameters/1-510>		<http://ids.clld.org/values/1-510-261-1>		"a'ni-ye"@brg	
"eti-k"@azz	<http://ids.clld.org/values/15-810-222-1>		<http://ids.clld.org/parameters/15-810>		<http://ids.clld.org/values/15-810-261-3>		"kohino-kon"@brg	
"eti-k"@azz	<http://ids.clld.org/values/15-810-222-1>		<http://ids.clld.org/parameters/15-810>		<http://ids.clld.org/values/15-810-261-1>		"-'hi-no-"@brg	
"ki-kʷi"@azz	<http://ids.clld.org/values/11-130-222-1>		<http://ids.clld.org/parameters/11-130>		<http://ids.clld.org/values/11-130-261-1>		"-a'mo"@brg	
"pili"@azz	<http://ids.clld.org/values/2-280-222-1>		<http://ids.clld.org/parameters/2-280>		<http://ids.clld.org/values/2-280-261-1>		"'monči"@brg	
"taga-t"@azz	<http://ids.clld.org/values/2-210-222-1>		<http://ids.clld.org/parameters/2-210>		<http://ids.clld.org/values/2-210-261-1>		"hi-ṛ̌"@brg	
"wec̷ka-lis"@azz	<http://ids.clld.org/values/16-250-222-5>		<http://ids.clld.org/parameters/16-250>		<http://ids.clld.org/values/16-250-261-1>		"-'ko-ka-"@brg	
"okič-pil"@azz	<http://ids.clld.org/values/2-230-222-3>		<http://ids.clld.org/parameters/2-230>		<http://ids.clld.org/values/2-230-261-1>		"a'čane"@brg	
"c̷ik-c̷in"@azz	<http://ids.clld.org/values/12-560-222-1>		<http://ids.clld.org/parameters/12-560>		<http://ids.clld.org/values/12-560-261-5>		"ti'ʔa-ci"@brg	
"c̷ik-c̷in"@azz	<http://ids.clld.org/values/12-560-222-1>		<http://ids.clld.org/parameters/12-560>		<http://ids.clld.org/values/12-560-261-3>		"'mičokiṛ̌i"@brg	
"c̷ik-c̷in"@azz	<http://ids.clld.org/values/12-560-222-1>		<http://ids.clld.org/parameters/12-560>		<http://ids.clld.org/values/12-560-261-1>		"-či"@brg	
"ahko"@azz	<http://ids.clld.org/values/12-80-222-1>		<http://ids.clld.org/parameters/12-80>		<http://ids.clld.org/values/12-80-261-1>		"a'ni-ye"@brg	
"i-ma-ikni-w"@azz	<http://ids.clld.org/values/19-510-222-3>		<http://ids.clld.org/parameters/19-510>		<http://ids.clld.org/values/19-510-261-1>		"ni'toṛ̌i"@brg	
"mo-neki"@azz	<http://ids.clld.org/values/17-450-222-1>		<http://ids.clld.org/parameters/17-450>		<http://ids.clld.org/values/17-450-261-1>		"ni'kamoseṛ̌ow"@brg	
"-eh"@azz	<http://ids.clld.org/values/2-950-222-3>		<http://ids.clld.org/parameters/2-950>		<http://ids.clld.org/values/2-950-261-1>		"yi-'ti"@brg	
"kiowi-t"@azz	<http://ids.clld.org/values/1-750-222-3>		<http://ids.clld.org/parameters/1-750>		<http://ids.clld.org/values/1-750-261-1>		"so'won"@brg	
"tona-l"@azz	<http://ids.clld.org/values/14-410-222-1>		<http://ids.clld.org/parameters/14-410>		<http://ids.clld.org/values/14-410-261-3>		"ṛ̌o'sesokonoeṛ̌"@brg	
"tona-l"@azz	<http://ids.clld.org/values/14-410-222-1>		<http://ids.clld.org/parameters/14-410>		<http://ids.clld.org/values/14-410-261-1>		"se-s"@brg	
"ki-ne-mač-tia"@azz	<http://ids.clld.org/values/19-610-222-5>		<http://ids.clld.org/parameters/19-610>		<http://ids.clld.org/values/19-610-261-1>		"-'rapi"@brg	
"kamoh"@azz	<http://ids.clld.org/values/8-910-222-1>		<http://ids.clld.org/parameters/8-910>		<http://ids.clld.org/values/8-910-261-1>		"se'ṛ̌e"@brg	
"tani"@azz	<http://ids.clld.org/values/12-30-222-1>		<http://ids.clld.org/parameters/12-30>		<http://ids.clld.org/values/12-30-261-3>		"poe-"@brg	
"tani"@azz	<http://ids.clld.org/values/12-30-222-1>		<http://ids.clld.org/parameters/12-30>		<http://ids.clld.org/values/12-30-261-1>		"pai-"@brg	
"i-kʷetaš-[y]io"@azz	<http://ids.clld.org/values/4-120-222-3>		<http://ids.clld.org/parameters/4-120>		<http://ids.clld.org/values/4-120-261-1>		"-č-om"@brg	
"i-kʷetaš-[y]io"@azz	<http://ids.clld.org/values/4-120-222-3>		<http://ids.clld.org/parameters/4-120>		<http://ids.clld.org/values/4-120-261-3>		"ni-'čom"@brg	
"k-ili-a"@azz	<http://ids.clld.org/values/18-220-222-5>		<http://ids.clld.org/parameters/18-220>		<http://ids.clld.org/values/18-220-261-1>		"'k-ičo"@brg	
"kec̷a"@azz	<http://ids.clld.org/values/12-150-222-5>		<http://ids.clld.org/parameters/12-150>		<http://ids.clld.org/values/12-150-261-1>		"-šom"@brg	
"ome"@azz	<http://ids.clld.org/values/13-20-222-1>		<http://ids.clld.org/parameters/13-20>		<http://ids.clld.org/values/13-20-261-1>		"m-a'pi-n"@brg	
"ki-tasoh-ta"@azz	<http://ids.clld.org/values/16-270-222-1>		<http://ids.clld.org/parameters/16-270>		<http://ids.clld.org/values/16-270-261-3>		"ememna'reko"@brg	
"ki-tasoh-ta"@azz	<http://ids.clld.org/values/16-270-222-1>		<http://ids.clld.org/parameters/16-270>		<http://ids.clld.org/values/16-270-261-1>		"-'emo-ni"@brg	
"te-tat"@azz	<http://ids.clld.org/values/2-350-222-3>		<http://ids.clld.org/parameters/2-350>		<http://ids.clld.org/values/2-350-261-3>		"čač"@brg	
"te-tat"@azz	<http://ids.clld.org/values/2-350-222-3>		<http://ids.clld.org/parameters/2-350>		<http://ids.clld.org/values/2-350-261-1>		"-i'a"@brg	
"i-kamak"@azz	<http://ids.clld.org/values/4-240-222-3>		<http://ids.clld.org/parameters/4-240>		<http://ids.clld.org/values/4-240-261-1>		"ni-'noki"@brg	
"keman"@azz	<http://ids.clld.org/values/17-650-222-1>		<http://ids.clld.org/parameters/17-650>		<http://ids.clld.org/values/17-650-261-1>		"kaeerapoka"@brg	
"čoka"@azz	<http://ids.clld.org/values/16-370-222-1>		<http://ids.clld.org/parameters/16-370>		<http://ids.clld.org/values/16-370-261-1>		"-ya"@brg	
"čawa-k"@azz	<http://ids.clld.org/values/5-791-222-3>		<http://ids.clld.org/parameters/5-791>		<http://ids.clld.org/values/5-791-261-1>		"ro'kamokow"@brg	
"i-kes"@azz	<http://ids.clld.org/values/4-350-222-1>		<http://ids.clld.org/parameters/4-350>		<http://ids.clld.org/values/4-350-261-1>		"ni'pes"@brg	
"ki-kic̷ki-a"@azz	<http://ids.clld.org/values/11-150-222-1>		<http://ids.clld.org/parameters/11-150>		<http://ids.clld.org/values/11-150-261-1>		"-a'mo"@brg	
"sitalin"@azz	<http://ids.clld.org/values/1-540-222-1>		<http://ids.clld.org/parameters/1-540>		<http://ids.clld.org/values/1-540-261-1>		"wa'his"@brg	
"wic̷a"@azz	<http://ids.clld.org/values/10-480-222-1>		<http://ids.clld.org/parameters/10-480>		<http://ids.clld.org/values/10-480-261-1>		"-piko-w"@brg	
"wiki"@azz	<http://ids.clld.org/values/10-480-222-5>		<http://ids.clld.org/parameters/10-480>		<http://ids.clld.org/values/10-480-261-1>		"-piko-w"@brg	
"neh-nemi"@azz	<http://ids.clld.org/values/10-470-222-1>		<http://ids.clld.org/parameters/10-470>		<http://ids.clld.org/values/10-470-261-1>		"-yono-w"@brg	
"mo-mač-ti-a"@azz	<http://ids.clld.org/values/17-240-222-1>		<http://ids.clld.org/parameters/17-240>		<http://ids.clld.org/values/17-240-261-1>		"-karo-'wo-w"@brg	
"-wec̷o"@azz	<http://ids.clld.org/values/10-230-222-3>		<http://ids.clld.org/parameters/10-230>		<http://ids.clld.org/values/10-230-261-1>		"nesta'paika"@brg	
"inawak"@azz	<http://ids.clld.org/values/12-430-222-3>		<http://ids.clld.org/parameters/12-430>		<http://ids.clld.org/values/12-430-261-1>		"a'ne-kon"@brg	
"nameh-wa-n"@azz	<http://ids.clld.org/values/2-950-222-5>		<http://ids.clld.org/parameters/2-950>		<http://ids.clld.org/values/2-950-261-1>		"yi-'ti"@brg	
"kam-pa"@azz	<http://ids.clld.org/values/17-660-222-3>		<http://ids.clld.org/parameters/17-660>		<http://ids.clld.org/values/17-660-261-3>		"ṛ̌a'βiyowon?"@brg	
"kam-pa"@azz	<http://ids.clld.org/values/17-660-222-3>		<http://ids.clld.org/parameters/17-660>		<http://ids.clld.org/values/17-660-261-1>		"oypoka"@brg	
"teh-wa-n"@azz	<http://ids.clld.org/values/2-940-222-1>		<http://ids.clld.org/parameters/2-940>		<http://ids.clld.org/values/2-940-261-1>		"βi-'ti"@brg	
"kansika"@azz	<http://ids.clld.org/values/17-660-222-7>		<http://ids.clld.org/parameters/17-660>		<http://ids.clld.org/values/17-660-261-3>		"ṛ̌a'βiyowon?"@brg	
"kansika"@azz	<http://ids.clld.org/values/17-660-222-7>		<http://ids.clld.org/parameters/17-660>		<http://ids.clld.org/values/17-660-261-1>		"oypoka"@brg	
"mo-nan"@azz	<http://ids.clld.org/values/2-620-222-1>		<http://ids.clld.org/parameters/2-620>		<http://ids.clld.org/values/2-620-261-3>		"-aki"@brg	
"mo-nan"@azz	<http://ids.clld.org/values/2-620-222-1>		<http://ids.clld.org/parameters/2-620>		<http://ids.clld.org/values/2-620-261-1>		"-mos"@brg	
"kʷali yetok"@azz	<http://ids.clld.org/values/16-710-222-3>		<http://ids.clld.org/parameters/16-710>		<http://ids.clld.org/values/16-710-261-1>		"'heni"@brg	
"-waal-kʷii"@azz	<http://ids.clld.org/values/10-620-222-5>		<http://ids.clld.org/parameters/10-620>		<http://ids.clld.org/values/10-620-261-1>		"'amo(n-)"@brg	
"kʷi-lia"@azz	<http://ids.clld.org/values/11-130-222-5>		<http://ids.clld.org/parameters/11-130>		<http://ids.clld.org/values/11-130-261-1>		"-a'mo"@brg	
"i-c̷on-tekon"@azz	<http://ids.clld.org/values/4-200-222-1>		<http://ids.clld.org/parameters/4-200>		<http://ids.clld.org/values/4-200-261-1>		"ni-'poʔe"@brg	
"pal-ti-k"@azz	<http://ids.clld.org/values/15-830-222-1>		<http://ids.clld.org/parameters/15-830>		<http://ids.clld.org/values/15-830-261-1>		"-po'to-"@brg	
"tahtoo"@azz	<http://ids.clld.org/values/18-220-222-3>		<http://ids.clld.org/parameters/18-220>		<http://ids.clld.org/values/18-220-261-1>		"'k-ičo"@brg	
"ne win-tani"@azz	<http://ids.clld.org/values/12-30-222-3>		<http://ids.clld.org/parameters/12-30>		<http://ids.clld.org/values/12-30-261-3>		"poe-"@brg	
"ne win-tani"@azz	<http://ids.clld.org/values/12-30-222-3>		<http://ids.clld.org/parameters/12-30>		<http://ids.clld.org/values/12-30-261-1>		"pai-"@brg	
"aska-t"@azz	<http://ids.clld.org/values/3-817-222-1>		<http://ids.clld.org/parameters/3-817>		<http://ids.clld.org/values/3-817-261-1>		"ko'ši-ri"@brg	
"i-kampa"@azz	<http://ids.clld.org/values/12-11-222-3>		<http://ids.clld.org/parameters/12-11>		<http://ids.clld.org/values/12-11-261-1>		"šiṛ̌iwa'niye"@brg	
"kʷow-tah"@azz	<http://ids.clld.org/values/1-410-222-3>		<http://ids.clld.org/parameters/1-410>		<http://ids.clld.org/values/1-410-261-1>		"kaki'woko-ye"@brg	
"naka-t"@azz	<http://ids.clld.org/values/5-610-222-1>		<http://ids.clld.org/parameters/5-610>		<http://ids.clld.org/values/5-610-261-1>		"n-eš"@brg	
"pata-ni"@azz	<http://ids.clld.org/values/10-370-222-1>		<http://ids.clld.org/parameters/10-370>		<http://ids.clld.org/values/10-370-261-1>		"-ar-"@brg	
"neh-wa"@azz	<http://ids.clld.org/values/2-910-222-1>		<http://ids.clld.org/parameters/2-910>		<http://ids.clld.org/values/2-910-261-3>		"n-ti"@brg	
"neh-wa"@azz	<http://ids.clld.org/values/2-910-222-1>		<http://ids.clld.org/parameters/2-910>		<http://ids.clld.org/values/2-910-261-1>		"ni-"@brg	
"taka-t"@azz	<http://ids.clld.org/values/2-210-222-3>		<http://ids.clld.org/parameters/2-210>		<http://ids.clld.org/values/2-210-261-1>		"hi-ṛ̌"@brg	
"ki-ahsi"@azz	<http://ids.clld.org/values/10-550-222-1>		<http://ids.clld.org/parameters/10-550>		<http://ids.clld.org/values/10-550-261-1>		"to biši'moč"@brg	
"ta-kʷa-a"@azz	<http://ids.clld.org/values/5-110-222-3>		<http://ids.clld.org/parameters/5-110>		<http://ids.clld.org/values/5-110-261-3>		"ni-'kow"@brg	
"ta-kʷa-a"@azz	<http://ids.clld.org/values/5-110-222-3>		<http://ids.clld.org/parameters/5-110>		<http://ids.clld.org/values/5-110-261-1>		"-ni-"@brg	
"-wec̷ka"@azz	<http://ids.clld.org/values/16-250-222-1>		<http://ids.clld.org/parameters/16-250>		<http://ids.clld.org/values/16-250-261-1>		"-'ko-ka-"@brg	
"pok-ti"@azz	<http://ids.clld.org/values/1-830-222-1>		<http://ids.clld.org/parameters/1-830>		<http://ids.clld.org/values/1-830-261-1>		"kotiso'kon"@brg	
"i-kʷita-pil"@azz	<http://ids.clld.org/values/4-180-222-1>		<http://ids.clld.org/parameters/4-180>		<http://ids.clld.org/values/4-180-261-1>		"-i'ho-s"@brg	
"ta-koyoo-ni"@azz	<http://ids.clld.org/values/8-220-222-5>		<http://ids.clld.org/parameters/8-220>		<http://ids.clld.org/values/8-220-261-1>		"-'saho-kia-"@brg	
"sol-ti-k"@azz	<http://ids.clld.org/values/14-150-222-1>		<http://ids.clld.org/parameters/14-150>		<http://ids.clld.org/values/14-150-261-1>		"či-n"@brg	
"-nemi"@azz	<http://ids.clld.org/values/10-450-222-1>		<http://ids.clld.org/parameters/10-450>		<http://ids.clld.org/values/10-450-261-1>		"-yo'no"@brg	
"ki-pi-pic̷a"@azz	<http://ids.clld.org/values/10-380-222-1>		<http://ids.clld.org/parameters/10-380>		<http://ids.clld.org/values/10-380-261-1>		"-'haβi-ko-w"@brg	
"kači"@azz	<http://ids.clld.org/values/13-150-222-1>		<http://ids.clld.org/parameters/13-150>		<http://ids.clld.org/values/13-150-261-1>		"mo-"@brg	
"yowi ~ -ow ~ yow-"@azz	<http://ids.clld.org/values/10-470-222-5>		<http://ids.clld.org/parameters/10-470>		<http://ids.clld.org/values/10-470-261-1>		"-yono-w"@brg	
"ki-neki"@azz	<http://ids.clld.org/values/16-620-222-1>		<http://ids.clld.org/parameters/16-620>		<http://ids.clld.org/values/16-620-261-1>		"-'kami-"@brg	
"ki-neki"@azz	<http://ids.clld.org/values/16-620-222-1>		<http://ids.clld.org/parameters/16-620>		<http://ids.clld.org/values/16-620-261-3>		"ni-'kiʔinow"@brg	
"ta-yowa-yan"@azz	<http://ids.clld.org/values/1-620-222-1>		<http://ids.clld.org/parameters/1-620>		<http://ids.clld.org/values/1-620-261-3>		"ha'mo-ṛ̌e"@brg	
"ta-yowa-yan"@azz	<http://ids.clld.org/values/1-620-222-1>		<http://ids.clld.org/parameters/1-620>		<http://ids.clld.org/values/1-620-261-1>		"ha'moṛ̌en"@brg	
"ičti"@azz	<http://ids.clld.org/values/6-380-222-1>		<http://ids.clld.org/parameters/6-380>		<http://ids.clld.org/values/6-380-261-1>		"kotipo'pin"@brg	
"miak"@azz	<http://ids.clld.org/values/13-150-222-3>		<http://ids.clld.org/parameters/13-150>		<http://ids.clld.org/values/13-150-261-1>		"mo-"@brg	
"swaa-pil"@azz	<http://ids.clld.org/values/2-270-222-5>		<http://ids.clld.org/parameters/2-270>		<http://ids.clld.org/values/2-270-261-1>		"mo-"@brg	
"alaš-ti-k"@azz	<http://ids.clld.org/values/15-770-222-1>		<http://ids.clld.org/parameters/15-770>		<http://ids.clld.org/values/15-770-261-1>		"-'mo-ri"@brg	
"simi"@azz	<http://ids.clld.org/values/13-150-222-7>		<http://ids.clld.org/parameters/13-150>		<http://ids.clld.org/values/13-150-261-1>		"mo-"@brg	
"miki"@azz	<http://ids.clld.org/values/4-750-222-1>		<http://ids.clld.org/parameters/4-750>		<http://ids.clld.org/values/4-750-261-3>		"ṛ̌e'pen"@brg	
"miki"@azz	<http://ids.clld.org/values/4-750-222-1>		<http://ids.clld.org/parameters/4-750>		<http://ids.clld.org/values/4-750-261-1>		"-e'pe-"@brg	
"te-koko-a"@azz	<http://ids.clld.org/values/16-310-222-1>		<http://ids.clld.org/parameters/16-310>		<http://ids.clld.org/values/16-310-261-1>		"-koti-"@brg	
"neškomeh"@azz	<http://ids.clld.org/values/3-823-222-3>		<http://ids.clld.org/parameters/3-823>		<http://ids.clld.org/values/3-823-261-1>		"ane"@brg	
"oh-ti"@azz	<http://ids.clld.org/values/10-710-222-1>		<http://ids.clld.org/parameters/10-710>		<http://ids.clld.org/values/10-710-261-3>		"ša'no-ki"@brg	
"oh-ti"@azz	<http://ids.clld.org/values/10-710-222-1>		<http://ids.clld.org/parameters/10-710>		<http://ids.clld.org/values/10-710-261-1>		"šo-'no-"@brg	
"nalwa-t"@azz	<http://ids.clld.org/values/8-540-222-1>		<http://ids.clld.org/parameters/8-540>		<http://ids.clld.org/values/8-540-261-1>		"ṛ̌eki'ton"@brg	
"amo"@azz	<http://ids.clld.org/values/17-560-222-1>		<http://ids.clld.org/parameters/17-560>		<http://ids.clld.org/values/17-560-261-1>		"'onkaw"@brg	
"aškan"@azz	<http://ids.clld.org/values/14-180-222-1>		<http://ids.clld.org/parameters/14-180>		<http://ids.clld.org/values/14-180-261-1>		"ne'ṛ̌iki"@brg	
"kʷal-kʷi"@azz	<http://ids.clld.org/values/10-620-222-3>		<http://ids.clld.org/parameters/10-620>		<http://ids.clld.org/values/10-620-261-1>		"'amo(n-)"@brg	
"ki-tentia"@azz	<http://ids.clld.org/values/15-780-222-1>		<http://ids.clld.org/parameters/15-780>		<http://ids.clld.org/values/15-780-261-1>		"ko-'se-ro"@brg	
"kala-t"@azz	<http://ids.clld.org/values/3-950-222-1>		<http://ids.clld.org/parameters/3-950>		<http://ids.clld.org/values/3-950-261-1>		"si'poṛ̌i"@brg	
"∅-...-h"@azz	<http://ids.clld.org/values/2-960-222-3>		<http://ids.clld.org/parameters/2-960>		<http://ids.clld.org/values/2-960-261-1>		"no-'ti"@brg	
"es-yoh"@azz	<http://ids.clld.org/values/4-150-222-3>		<http://ids.clld.org/parameters/4-150>		<http://ids.clld.org/values/4-150-261-1>		"'iti"@brg	
"kʷeya"@azz	<http://ids.clld.org/values/3-950-222-3>		<http://ids.clld.org/parameters/3-950>		<http://ids.clld.org/values/3-950-261-1>		"si'poṛ̌i"@brg	
"kʷetaš"@azz	<http://ids.clld.org/values/4-120-222-1>		<http://ids.clld.org/parameters/4-120>		<http://ids.clld.org/values/4-120-261-1>		"-č-om"@brg	
"kʷetaš"@azz	<http://ids.clld.org/values/4-120-222-1>		<http://ids.clld.org/parameters/4-120>		<http://ids.clld.org/values/4-120-261-3>		"ni-'čom"@brg	
"tekpin-ti"@azz	<http://ids.clld.org/values/3-813-222-1>		<http://ids.clld.org/parameters/3-813>		<http://ids.clld.org/values/3-813-261-1>		"to'tikop"@brg	
"-tii"@azz	<http://ids.clld.org/values/17-420-222-1>		<http://ids.clld.org/parameters/17-420>		<http://ids.clld.org/values/17-420-261-3>		"imo-"@brg	
"-tii"@azz	<http://ids.clld.org/values/17-420-222-1>		<http://ids.clld.org/parameters/17-420>		<http://ids.clld.org/values/17-420-261-1>		"i-"@brg	
"win-ti-tok"@azz	<http://ids.clld.org/values/4-980-222-1>		<http://ids.clld.org/parameters/4-980>		<http://ids.clld.org/values/4-980-261-1>		"-'kaβio"@brg	
"ati"@azz	<http://ids.clld.org/values/5-130-222-3>		<http://ids.clld.org/parameters/5-130>		<http://ids.clld.org/values/5-130-261-1>		"er"@brg	
"ati"@azz	<http://ids.clld.org/values/5-130-222-3>		<http://ids.clld.org/parameters/5-130>		<http://ids.clld.org/values/5-130-261-3>		"-e'ro-"@brg	
"mo-wi-lis"@azz	<http://ids.clld.org/values/16-530-222-3>		<http://ids.clld.org/parameters/16-530>		<http://ids.clld.org/values/16-530-261-1>		"-pi-"@brg	
"mo-wi-lis"@azz	<http://ids.clld.org/values/16-530-222-3>		<http://ids.clld.org/parameters/16-530>		<http://ids.clld.org/values/16-530-261-3>		"'ni-piko-w"@brg	
"i-ma-iško"@azz	<http://ids.clld.org/values/4-331-222-1>		<http://ids.clld.org/parameters/4-331>		<http://ids.clld.org/values/4-331-261-1>		"'waki"@brg	
"kʷita-t"@azz	<http://ids.clld.org/values/4-660-222-1>		<http://ids.clld.org/parameters/4-660>		<http://ids.clld.org/values/4-660-261-1>		"e'tis"@brg	
"c̷inaka"@azz	<http://ids.clld.org/values/3-591-222-1>		<http://ids.clld.org/parameters/3-591>		<http://ids.clld.org/values/3-591-261-1>		"βi'te-ṛ̌"@brg	
"i-pano-lis"@azz	<http://ids.clld.org/values/19-610-222-1>		<http://ids.clld.org/parameters/19-610>		<http://ids.clld.org/values/19-610-261-1>		"-'rapi"@brg	
"iš-kʷa-ko"@azz	<http://ids.clld.org/values/4-205-222-1>		<http://ids.clld.org/parameters/4-205>		<http://ids.clld.org/values/4-205-261-1>		"ni'panoṛ̌"@brg	
"kone-t"@azz	<http://ids.clld.org/values/2-270-222-3>		<http://ids.clld.org/parameters/2-270>		<http://ids.clld.org/values/2-270-261-1>		"mo-"@brg	
"es-ti"@azz	<http://ids.clld.org/values/4-150-222-1>		<http://ids.clld.org/parameters/4-150>		<http://ids.clld.org/values/4-150-261-1>		"'iti"@brg	
"kampa tektok a-t"@azz	<http://ids.clld.org/values/1-330-222-1>		<http://ids.clld.org/parameters/1-330>		<http://ids.clld.org/values/1-330-261-1>		"'č-aki"@brg	
"i-kampa"@azz	<http://ids.clld.org/values/4-190-222-1>		<http://ids.clld.org/parameters/4-190>		<http://ids.clld.org/values/4-190-261-1>		"-'čipi"@brg	
"ta-mama"@azz	<http://ids.clld.org/values/10-610-222-1>		<http://ids.clld.org/parameters/10-610>		<http://ids.clld.org/values/10-610-261-1>		"nam"@brg	
"yowa-l"@azz	<http://ids.clld.org/values/14-420-222-1>		<http://ids.clld.org/parameters/14-420>		<http://ids.clld.org/values/14-420-261-1>		"yoto'e-ṛ̌"@brg	
"-w"@azz	<http://ids.clld.org/values/11-120-222-1>		<http://ids.clld.org/parameters/11-120>		<http://ids.clld.org/values/11-120-261-1>		"-'ko-ti"@brg	
"i-kʷa-ko"@azz	<http://ids.clld.org/values/4-200-222-3>		<http://ids.clld.org/parameters/4-200>		<http://ids.clld.org/values/4-200-261-1>		"ni-'poʔe"@brg	
"a-pic̷ak-ti"@azz	<http://ids.clld.org/values/1-360-222-5>		<http://ids.clld.org/parameters/1-360>		<http://ids.clld.org/values/1-360-261-1>		"wapo'eṛ̌"@brg	
"tomawa-k"@azz	<http://ids.clld.org/values/5-791-222-1>		<http://ids.clld.org/parameters/5-791>		<http://ids.clld.org/values/5-791-261-1>		"ro'kamokow"@brg	
"i-keč"@azz	<http://ids.clld.org/values/4-280-222-1>		<http://ids.clld.org/parameters/4-280>		<http://ids.clld.org/values/4-280-261-3>		"ni-'pi-h"@brg	
"i-keč"@azz	<http://ids.clld.org/values/4-280-222-1>		<http://ids.clld.org/parameters/4-280>		<http://ids.clld.org/values/4-280-261-1>		"-pi-h"@brg	
"i-keč"@azz	<http://ids.clld.org/values/4-280-222-1>		<http://ids.clld.org/parameters/4-280>		<http://ids.clld.org/values/4-280-261-5>		"-ča'no-ki"@brg	
"ihti-k"@azz	<http://ids.clld.org/values/12-50-222-1>		<http://ids.clld.org/parameters/12-50>		<http://ids.clld.org/values/12-50-261-1>		"-ye"@brg	
"apic̷ak"@azz	<http://ids.clld.org/values/1-360-222-3>		<http://ids.clld.org/parameters/1-360>		<http://ids.clld.org/values/1-360-261-1>		"wapo'eṛ̌"@brg	
"kičkʷa"@azz	<http://ids.clld.org/values/8-220-222-1>		<http://ids.clld.org/parameters/8-220>		<http://ids.clld.org/values/8-220-261-1>		"-'saho-kia-"@brg	
"ihka-tok"@azz	<http://ids.clld.org/values/12-150-222-1>		<http://ids.clld.org/parameters/12-150>		<http://ids.clld.org/values/12-150-261-1>		"-šom"@brg	
"-ko"@azz	<http://ids.clld.org/values/12-50-222-7>		<http://ids.clld.org/parameters/12-50>		<http://ids.clld.org/values/12-50-261-1>		"-ye"@brg	
"apis-ti"@azz	<http://ids.clld.org/values/5-140-222-5>		<http://ids.clld.org/parameters/5-140>		<http://ids.clld.org/values/5-140-261-1>		"ni'βeiʔinow"@brg	
"-koyoo-ni"@azz	<http://ids.clld.org/values/8-220-222-3>		<http://ids.clld.org/parameters/8-220>		<http://ids.clld.org/values/8-220-261-1>		"-'saho-kia-"@brg	
"miči-n"@azz	<http://ids.clld.org/values/3-650-222-3>		<http://ids.clld.org/parameters/3-650>		<http://ids.clld.org/values/3-650-261-1>		"him"@brg	
"miči-n"@azz	<http://ids.clld.org/values/3-650-222-3>		<http://ids.clld.org/parameters/3-650>		<http://ids.clld.org/values/3-650-261-3>		"koβes"@brg	
"ta-tapo-[w]a"@azz	<http://ids.clld.org/values/12-240-222-1>		<http://ids.clld.org/parameters/12-240>		<http://ids.clld.org/values/12-240-261-1>		"'βe-ha"@brg	
"kʷal-i"@azz	<http://ids.clld.org/values/16-710-222-1>		<http://ids.clld.org/parameters/16-710>		<http://ids.clld.org/values/16-710-261-1>		"'heni"@brg	
"-tata"@azz	<http://ids.clld.org/values/1-851-222-1>		<http://ids.clld.org/parameters/1-851>		<http://ids.clld.org/values/1-851-261-1>		"-a'haṛ̌ow"@brg	
"-wi ~ -w"@azz	<http://ids.clld.org/values/17-420-222-3>		<http://ids.clld.org/parameters/17-420>		<http://ids.clld.org/values/17-420-261-3>		"imo-"@brg	
"-wi ~ -w"@azz	<http://ids.clld.org/values/17-420-222-3>		<http://ids.clld.org/parameters/17-420>		<http://ids.clld.org/values/17-420-261-1>		"i-"@brg	
"kʷal-c̷in"@azz	<http://ids.clld.org/values/16-810-222-1>		<http://ids.clld.org/parameters/16-810>		<http://ids.clld.org/values/16-810-261-1>		"'monikowapa"@brg	
"oh-pic̷a-k"@azz	<http://ids.clld.org/values/10-720-222-3>		<http://ids.clld.org/parameters/10-720>		<http://ids.clld.org/values/10-720-261-1>		"ša'no-ki"@brg	
"amo-kʷali"@azz	<http://ids.clld.org/values/16-720-222-1>		<http://ids.clld.org/parameters/16-720>		<http://ids.clld.org/values/16-720-261-1>		"me'hewokon"@brg	
"taka-yot"@azz	<http://ids.clld.org/values/19-210-222-1>		<http://ids.clld.org/parameters/19-210>		<http://ids.clld.org/values/19-210-261-1>		"'činti"@brg	
"taka-yot"@azz	<http://ids.clld.org/values/19-210-222-1>		<http://ids.clld.org/parameters/19-210>		<http://ids.clld.org/values/19-210-261-3>		"činti-neβ"@brg	
"-koh-koči"@azz	<http://ids.clld.org/values/4-610-222-3>		<http://ids.clld.org/parameters/4-610>		<http://ids.clld.org/values/4-610-261-3>		"-mo'ko-w"@brg	
"-koh-koči"@azz	<http://ids.clld.org/values/4-610-222-3>		<http://ids.clld.org/parameters/4-610>		<http://ids.clld.org/values/4-610-261-1>		"-i'mo"@brg	
"taal-neeš-yo"@azz	<http://ids.clld.org/values/1-213-222-3>		<http://ids.clld.org/parameters/1-213>		<http://ids.clld.org/values/1-213-261-3>		"poi-p"@brg	
"taal-neeš-yo"@azz	<http://ids.clld.org/values/1-213-222-3>		<http://ids.clld.org/parameters/1-213>		<http://ids.clld.org/values/1-213-261-1>		"kopo'eṛ̌"@brg	
"kelewi-a"@azz	<http://ids.clld.org/values/16-620-222-5>		<http://ids.clld.org/parameters/16-620>		<http://ids.clld.org/values/16-620-261-1>		"-'kami-"@brg	
"kelewi-a"@azz	<http://ids.clld.org/values/16-620-222-5>		<http://ids.clld.org/parameters/16-620>		<http://ids.clld.org/values/16-620-261-3>		"ni-'kiʔinow"@brg	
"ahpac̷-ti"@azz	<http://ids.clld.org/values/5-260-222-1>		<http://ids.clld.org/parameters/5-260>		<http://ids.clld.org/values/5-260-261-3>		"keheβi"@brg	
"ahpac̷-ti"@azz	<http://ids.clld.org/values/5-260-222-1>		<http://ids.clld.org/parameters/5-260>		<http://ids.clld.org/values/5-260-261-1>		"'hopi"@brg	
"pahti"@azz	<http://ids.clld.org/values/4-880-222-3>		<http://ids.clld.org/parameters/4-880>		<http://ids.clld.org/values/4-880-261-1>		"we'ṛ̌ok"@brg	
"miči"@azz	<http://ids.clld.org/values/3-650-222-1>		<http://ids.clld.org/parameters/3-650>		<http://ids.clld.org/values/3-650-261-1>		"him"@brg	
"miči"@azz	<http://ids.clld.org/values/3-650-222-1>		<http://ids.clld.org/parameters/3-650>		<http://ids.clld.org/values/3-650-261-3>		"koβes"@brg	
"tahc̷oma"@azz	<http://ids.clld.org/values/6-350-222-1>		<http://ids.clld.org/parameters/6-350>		<http://ids.clld.org/values/6-350-261-1>		"-'po-ri-a"@brg	
"tahc̷oma"@azz	<http://ids.clld.org/values/6-350-222-1>		<http://ids.clld.org/parameters/6-350>		<http://ids.clld.org/values/6-350-261-3>		"ni-'poṛ̌ia-w"@brg	
"i-c̷on"@azz	<http://ids.clld.org/values/4-140-222-1>		<http://ids.clld.org/parameters/4-140>		<http://ids.clld.org/values/4-140-261-3>		"ni-'čahaih"@brg	
"i-c̷on"@azz	<http://ids.clld.org/values/4-140-222-1>		<http://ids.clld.org/parameters/4-140>		<http://ids.clld.org/values/4-140-261-1>		"-ča-"@brg	
"opoč-ti"@azz	<http://ids.clld.org/values/12-420-222-1>		<http://ids.clld.org/parameters/12-420>		<http://ids.clld.org/values/12-420-261-1>		"'sa-pi"@brg	
"ni-"@azz	<http://ids.clld.org/values/2-910-222-5>		<http://ids.clld.org/parameters/2-910>		<http://ids.clld.org/values/2-910-261-3>		"n-ti"@brg	
"ni-"@azz	<http://ids.clld.org/values/2-910-222-5>		<http://ids.clld.org/parameters/2-910>		<http://ids.clld.org/values/2-910-261-1>		"ni-"@brg	
"-mah-maga"@azz	<http://ids.clld.org/values/9-210-222-3>		<http://ids.clld.org/parameters/9-210>		<http://ids.clld.org/values/9-210-261-1>		"nesta'kaβiyar"@brg	
"čii-čii-"@azz	<http://ids.clld.org/values/15-660-222-1>		<http://ids.clld.org/parameters/15-660>		<http://ids.clld.org/values/15-660-261-1>		"moro'sero-"@brg	
"awil-ti"@azz	<http://ids.clld.org/values/16-260-222-5>		<http://ids.clld.org/parameters/16-260>		<http://ids.clld.org/values/16-260-261-1>		"ṛ̌o'ponič"@brg	
"pio-kone-t"@azz	<http://ids.clld.org/values/3-550-222-3>		<http://ids.clld.org/parameters/3-550>		<http://ids.clld.org/values/3-550-261-1>		"'tipoṛ̌ek"@brg	
"eyi"@azz	<http://ids.clld.org/values/13-30-222-1>		<http://ids.clld.org/parameters/13-30>		<http://ids.clld.org/values/13-30-261-1>		"m'po-n"@brg	
"aškan niman"@azz	<http://ids.clld.org/values/14-180-222-3>		<http://ids.clld.org/parameters/14-180>		<http://ids.clld.org/values/14-180-261-1>		"ne'ṛ̌iki"@brg	
"i-yekac̷ol"@azz	<http://ids.clld.org/values/4-230-222-3>		<http://ids.clld.org/parameters/4-230>		<http://ids.clld.org/values/4-230-261-1>		"-'si-ri"@brg	
"i-yekac̷ol"@azz	<http://ids.clld.org/values/4-230-222-3>		<http://ids.clld.org/parameters/4-230>		<http://ids.clld.org/values/4-230-261-3>		"ni-pa-'siṛ̌i"@brg	
"yeh-wa"@azz	<http://ids.clld.org/values/2-930-222-3>		<http://ids.clld.org/parameters/2-930>		<http://ids.clld.org/values/2-930-261-3>		"ṛ̌i-'ti"@brg	
"yeh-wa"@azz	<http://ids.clld.org/values/2-930-222-3>		<http://ids.clld.org/parameters/2-930>		<http://ids.clld.org/values/2-930-261-1>		"ṛ̌o-'ti"@brg	
"i-tah-c̷in"@azz	<http://ids.clld.org/values/2-350-222-1>		<http://ids.clld.org/parameters/2-350>		<http://ids.clld.org/values/2-350-261-3>		"čač"@brg	
"i-tah-c̷in"@azz	<http://ids.clld.org/values/2-350-222-1>		<http://ids.clld.org/parameters/2-350>		<http://ids.clld.org/values/2-350-261-1>		"-i'a"@brg	
"ta-čpana"@azz	<http://ids.clld.org/values/9-370-222-1>		<http://ids.clld.org/parameters/9-370>		<http://ids.clld.org/values/9-370-261-1>		"heβi-ṛ̌"@brg	
"amo teyi"@azz	<http://ids.clld.org/values/13-0-222-1>		<http://ids.clld.org/parameters/13-0>		<http://ids.clld.org/values/13-0-261-1>		"'inkaw ~ 'onkaw"@brg	
"mec̷-ti"@azz	<http://ids.clld.org/values/1-530-222-1>		<http://ids.clld.org/parameters/1-530>		<http://ids.clld.org/values/1-530-261-1>		"ki'he-ṛ̌"@brg	
"kʷow-tatil"@azz	<http://ids.clld.org/values/1-880-222-3>		<http://ids.clld.org/parameters/1-880>		<http://ids.clld.org/values/1-880-261-1>		"ya'kis"@brg	
"ti- ~ t-...-h/-keh"@azz	<http://ids.clld.org/values/2-940-222-3>		<http://ids.clld.org/parameters/2-940>		<http://ids.clld.org/values/2-940-261-1>		"βi-'ti"@brg	
"čiwa-lis"@azz	<http://ids.clld.org/values/9-120-222-5>		<http://ids.clld.org/parameters/9-120>		<http://ids.clld.org/values/9-120-261-1>		"koto-"@brg	
"kan"@azz	<http://ids.clld.org/values/17-660-222-1>		<http://ids.clld.org/parameters/17-660>		<http://ids.clld.org/values/17-660-261-3>		"ṛ̌a'βiyowon?"@brg	
"kan"@azz	<http://ids.clld.org/values/17-660-222-1>		<http://ids.clld.org/parameters/17-660>		<http://ids.clld.org/values/17-660-261-1>		"oypoka"@brg	
"-nen"@azz	<http://ids.clld.org/values/10-450-222-5>		<http://ids.clld.org/parameters/10-450>		<http://ids.clld.org/values/10-450-261-1>		"-yo'no"@brg	
"i-tohmi-yo"@azz	<http://ids.clld.org/values/4-144-222-1>		<http://ids.clld.org/parameters/4-144>		<http://ids.clld.org/values/4-144-261-1>		"-i'ša"@brg	
"aktok"@azz	<http://ids.clld.org/values/12-50-222-5>		<http://ids.clld.org/parameters/12-50>		<http://ids.clld.org/values/12-50-261-1>		"-ye"@brg	
"seya"@azz	<http://ids.clld.org/values/13-10-222-3>		<http://ids.clld.org/parameters/13-10>		<http://ids.clld.org/values/13-10-261-1>		"po'noš"@brg	
"akoni"@azz	<http://ids.clld.org/values/17-680-222-1>		<http://ids.clld.org/parameters/17-680>		<http://ids.clld.org/values/17-680-261-1>		"kon to 'woyokon"@brg	
"tapetani-lo-t"@azz	<http://ids.clld.org/values/1-570-222-1>		<http://ids.clld.org/parameters/1-570>		<http://ids.clld.org/values/1-570-261-1>		"ṛ̌o'čomoṛ̌omoṛ̌eow"@brg	
"kʷow-yoh"@azz	<http://ids.clld.org/values/1-410-222-1>		<http://ids.clld.org/parameters/1-410>		<http://ids.clld.org/values/1-410-261-1>		"kaki'woko-ye"@brg	
"ki-pac̷o-a"@azz	<http://ids.clld.org/values/9-343-222-3>		<http://ids.clld.org/parameters/9-343>		<http://ids.clld.org/values/9-343-261-1>		"'ko-piti-"@brg	
"ki-pac̷o-a"@azz	<http://ids.clld.org/values/9-343-222-3>		<http://ids.clld.org/parameters/9-343>		<http://ids.clld.org/values/9-343-261-3>		"su'ipistakapa"@brg	
"ipan"@azz	<http://ids.clld.org/values/12-80-222-3>		<http://ids.clld.org/parameters/12-80>		<http://ids.clld.org/values/12-80-261-1>		"a'ni-ye"@brg	
"i-ewa-yo"@azz	<http://ids.clld.org/values/4-120-222-5>		<http://ids.clld.org/parameters/4-120>		<http://ids.clld.org/values/4-120-261-1>		"-č-om"@brg	
"i-ewa-yo"@azz	<http://ids.clld.org/values/4-120-222-5>		<http://ids.clld.org/parameters/4-120>		<http://ids.clld.org/values/4-120-261-3>		"ni-'čom"@brg	
"taa-"@azz	<http://ids.clld.org/values/17-560-222-3>		<http://ids.clld.org/parameters/17-560>		<http://ids.clld.org/values/17-560-261-1>		"'onkaw"@brg	
"nemi"@azz	<http://ids.clld.org/values/4-740-222-3>		<http://ids.clld.org/parameters/4-740>		<http://ids.clld.org/values/4-740-261-1>		"-čo-'ko-"@brg	
"kaki"@azz	<http://ids.clld.org/values/15-410-222-1>		<http://ids.clld.org/parameters/15-410>		<http://ids.clld.org/values/15-410-261-1>		"-som-"@brg	
"kaki"@azz	<http://ids.clld.org/values/15-410-222-1>		<http://ids.clld.org/parameters/15-410>		<http://ids.clld.org/values/15-410-261-3>		"ṛ̌i-'somopoek"@brg	
"tal-kamoh"@azz	<http://ids.clld.org/values/8-910-222-3>		<http://ids.clld.org/parameters/8-910>		<http://ids.clld.org/values/8-910-261-1>		"se'ṛ̌e"@brg	
"e-c̷iin"@azz	<http://ids.clld.org/values/5-660-222-3>		<http://ids.clld.org/parameters/5-660>		<http://ids.clld.org/values/5-660-261-1>		"či'čoṛ̌op"@brg	
"wewen-c̷in"@azz	<http://ids.clld.org/values/2-461-222-3>		<http://ids.clld.org/parameters/2-461>		<http://ids.clld.org/values/2-461-261-1>		"a'ne"@brg	
"yoksi"@azz	<http://ids.clld.org/values/5-123-222-1>		<http://ids.clld.org/parameters/5-123>		<http://ids.clld.org/values/5-123-261-1>		"-ya-"@brg	
"noči-n"@azz	<http://ids.clld.org/values/13-140-222-5>		<http://ids.clld.org/parameters/13-140>		<http://ids.clld.org/values/13-140-261-1>		"pon"@brg	
"tasa-l"@azz	<http://ids.clld.org/values/6-120-222-1>		<http://ids.clld.org/parameters/6-120>		<http://ids.clld.org/values/6-120-261-1>		"ra'roni"@brg	
"no-swaa-iknii-w"@azz	<http://ids.clld.org/values/2-450-222-3>		<http://ids.clld.org/parameters/2-450>		<http://ids.clld.org/values/2-450-261-3>		"'n-eta"@brg	
"no-swaa-iknii-w"@azz	<http://ids.clld.org/values/2-450-222-3>		<http://ids.clld.org/parameters/2-450>		<http://ids.clld.org/values/2-450-261-1>		"ni-'piṛ̌i"@brg	
"i-taka-w"@azz	<http://ids.clld.org/values/2-310-222-3>		<http://ids.clld.org/parameters/2-310>		<http://ids.clld.org/values/2-310-261-3>		"-emo"@brg	
"i-taka-w"@azz	<http://ids.clld.org/values/2-310-222-3>		<http://ids.clld.org/parameters/2-310>		<http://ids.clld.org/values/2-310-261-1>		"naβi'non"@brg	
"kʷawi-t"@azz	<http://ids.clld.org/values/1-420-222-3>		<http://ids.clld.org/parameters/1-420>		<http://ids.clld.org/values/1-420-261-1>		"'ewokoe"@brg	
