"či-či-l-ti-k"@azz	<http://ids.clld.org/values/15-660-222-3>		<http://ids.clld.org/parameters/15-660>		<http://ids.clld.org/values/15-660-280-1>		"'šini"@pcp	
"c̷oon-ti"@azz	<http://ids.clld.org/values/4-140-222-3>		<http://ids.clld.org/parameters/4-140>		<http://ids.clld.org/values/4-140-280-1>		"'woo"@pcp	
"i-mec̷"@azz	<http://ids.clld.org/values/4-350-222-3>		<http://ids.clld.org/parameters/4-350>		<http://ids.clld.org/values/4-350-280-1>		"'wiko"@pcp	
"kiowa-t"@azz	<http://ids.clld.org/values/1-750-222-1>		<http://ids.clld.org/parameters/1-750>		<http://ids.clld.org/values/1-750-280-3>		"ʔo'i"@pcp	
"kiowa-t"@azz	<http://ids.clld.org/values/1-750-222-1>		<http://ids.clld.org/parameters/1-750>		<http://ids.clld.org/values/1-750-280-1>		"o'i"@pcp	
"i-maka-yo"@azz	<http://ids.clld.org/values/4-310-222-5>		<http://ids.clld.org/parameters/4-310>		<http://ids.clld.org/values/4-310-280-1>		"po'yana"@pcp	
"i-kama-nakas-tan"@azz	<http://ids.clld.org/values/4-208-222-1>		<http://ids.clld.org/parameters/4-208>		<http://ids.clld.org/values/4-208-280-1>		"'tamo"@pcp	
"i-ma-y"@azz	<http://ids.clld.org/values/4-310-222-3>		<http://ids.clld.org/parameters/4-310>		<http://ids.clld.org/values/4-310-280-1>		"po'yana"@pcp	
"omi-t"@azz	<http://ids.clld.org/values/4-160-222-1>		<http://ids.clld.org/parameters/4-160>		<http://ids.clld.org/values/4-160-280-1>		"'ṣ̌ao"@pcp	
"i-ten ~ teem-"@azz	<http://ids.clld.org/values/4-240-222-1>		<http://ids.clld.org/parameters/4-240>		<http://ids.clld.org/values/4-240-280-1>		"kɨ'wɨči"@pcp	
"i-ahkol"@azz	<http://ids.clld.org/values/4-310-222-1>		<http://ids.clld.org/parameters/4-310>		<http://ids.clld.org/values/4-310-280-1>		"po'yana"@pcp	
"i-nan-c̷in"@azz	<http://ids.clld.org/values/2-360-222-1>		<http://ids.clld.org/parameters/2-360>		<http://ids.clld.org/values/2-360-280-1>		"'kai"@pcp	
"koyo-k"@azz	<http://ids.clld.org/values/12-850-222-1>		<http://ids.clld.org/parameters/12-850>		<http://ids.clld.org/values/12-850-280-1>		"'kini"@pcp	
"i-popoc̷o-a"@azz	<http://ids.clld.org/values/4-441-222-1>		<http://ids.clld.org/parameters/4-441>		<http://ids.clld.org/values/4-441-280-1>		"'taṣ̌a"@pcp	
"tekoč"@azz	<http://ids.clld.org/values/12-850-222-5>		<http://ids.clld.org/parameters/12-850>		<http://ids.clld.org/values/12-850-280-1>		"'kini"@pcp	
"topo-ni"@azz	<http://ids.clld.org/values/1-560-222-1>		<http://ids.clld.org/parameters/1-560>		<http://ids.clld.org/values/1-560-280-1>		"'naina"@pcp	
"yeh"@azz	<http://ids.clld.org/values/2-930-222-1>		<http://ids.clld.org/parameters/2-930>		<http://ids.clld.org/values/2-930-280-1>		"'haa"@pcp	
"kʷowkamoh"@azz	<http://ids.clld.org/values/8-920-222-1>		<http://ids.clld.org/parameters/8-920>		<http://ids.clld.org/values/8-920-280-1>		"'ac̷a"@pcp	
"c̷iki-c̷in"@azz	<http://ids.clld.org/values/12-560-222-3>		<http://ids.clld.org/parameters/12-560>		<http://ids.clld.org/values/12-560-280-1>		"'mišni"@pcp	
"yool"@azz	<http://ids.clld.org/values/4-440-222-1>		<http://ids.clld.org/parameters/4-440>		<http://ids.clld.org/values/4-440-280-1>		"howi'ti"@pcp	
"sin-mil"@azz	<http://ids.clld.org/values/8-120-222-7>		<http://ids.clld.org/parameters/8-120>		<http://ids.clld.org/values/8-120-280-1>		"'wai"@pcp	
"počik-ti-k"@azz	<http://ids.clld.org/values/15-640-222-3>		<http://ids.clld.org/parameters/15-640>		<http://ids.clld.org/values/15-640-280-1>		"'hoṣ̌o"@pcp	
"alsin"@azz	<http://ids.clld.org/values/3-823-222-1>		<http://ids.clld.org/parameters/3-823>		<http://ids.clld.org/values/3-823-280-1>		"'wina"@pcp	
"i-nene-pil"@azz	<http://ids.clld.org/values/4-260-222-1>		<http://ids.clld.org/parameters/4-260>		<http://ids.clld.org/values/4-260-280-1>		"'hana"@pcp	
"ki-tapana"@azz	<http://ids.clld.org/values/9-270-222-1>		<http://ids.clld.org/parameters/9-270>		<http://ids.clld.org/values/9-270-280-1>		"ma'tošmaki"@pcp	
"siwa-t"@azz	<http://ids.clld.org/values/2-220-222-1>		<http://ids.clld.org/parameters/2-220>		<http://ids.clld.org/values/2-220-280-1>		"'yoṣ̌a"@pcp	
"kʷow-neš"@azz	<http://ids.clld.org/values/1-840-222-1>		<http://ids.clld.org/parameters/1-840>		<http://ids.clld.org/values/1-840-280-1>		"'mišpo"@pcp	
"kʷowi-t"@azz	<http://ids.clld.org/values/1-880-222-1>		<http://ids.clld.org/parameters/1-880>		<http://ids.clld.org/values/1-880-280-1>		"'kařo"@pcp	
"meka-t"@azz	<http://ids.clld.org/values/9-190-222-1>		<http://ids.clld.org/parameters/9-190>		<http://ids.clld.org/values/9-190-280-1>		"'taška"@pcp	
"ki-kotona"@azz	<http://ids.clld.org/values/9-220-222-3>		<http://ids.clld.org/parameters/9-220>		<http://ids.clld.org/values/9-220-280-1>		"'kɨɨsakia"@pcp	
"šoko-t"@azz	<http://ids.clld.org/values/5-710-222-1>		<http://ids.clld.org/parameters/5-710>		<http://ids.clld.org/values/5-710-280-1>		"'kɨo"@pcp	
"toto-c̷in"@azz	<http://ids.clld.org/values/3-581-222-1>		<http://ids.clld.org/parameters/3-581>		<http://ids.clld.org/values/3-581-280-1>		"'isko"@pcp	
"i-nakas"@azz	<http://ids.clld.org/values/4-220-222-1>		<http://ids.clld.org/parameters/4-220>		<http://ids.clld.org/values/4-220-280-1>		"'paʔoki"@pcp	
"mo-ta"@azz	<http://ids.clld.org/values/15-510-222-3>		<http://ids.clld.org/parameters/15-510>		<http://ids.clld.org/values/15-510-280-1>		"his'pa"@pcp	
"mo-ta"@azz	<http://ids.clld.org/values/15-510-222-3>		<http://ids.clld.org/parameters/15-510>		<http://ids.clld.org/values/15-510-280-3>		"'hisna"@pcp	
"ki-paka"@azz	<http://ids.clld.org/values/9-360-222-1>		<http://ids.clld.org/parameters/9-360>		<http://ids.clld.org/values/9-360-280-1>		"'aši"@pcp	
"i-mec̷"@azz	<http://ids.clld.org/values/4-370-222-1>		<http://ids.clld.org/parameters/4-370>		<http://ids.clld.org/values/4-370-280-1>		"'taʔɨ"@pcp	
"neh"@azz	<http://ids.clld.org/values/2-910-222-3>		<http://ids.clld.org/parameters/2-910>		<http://ids.clld.org/values/2-910-280-1>		"'ɨa"@pcp	
"weyi-a-t"@azz	<http://ids.clld.org/values/1-360-222-1>		<http://ids.clld.org/parameters/1-360>		<http://ids.clld.org/values/1-360-280-1>		"'ʔani"@pcp	
"weyi-a-t"@azz	<http://ids.clld.org/values/1-360-222-1>		<http://ids.clld.org/parameters/1-360>		<http://ids.clld.org/values/1-360-280-3>		"'pao"@pcp	
"-maa ~ mah"@azz	<http://ids.clld.org/values/4-330-222-3>		<http://ids.clld.org/parameters/4-330>		<http://ids.clld.org/values/4-330-280-1>		"mɨ'kɨna"@pcp	
"i-kačeteh"@azz	<http://ids.clld.org/values/4-208-222-3>		<http://ids.clld.org/parameters/4-208>		<http://ids.clld.org/values/4-208-280-1>		"'tamo"@pcp	
"tololoh"@azz	<http://ids.clld.org/values/3-596-222-1>		<http://ids.clld.org/parameters/3-596>		<http://ids.clld.org/values/3-596-280-1>		"'popo"@pcp	
"wehka"@azz	<http://ids.clld.org/values/12-440-222-1>		<http://ids.clld.org/parameters/12-440>		<http://ids.clld.org/values/12-440-280-1>		"nɨ'ama"@pcp	
"koyok-ti"@azz	<http://ids.clld.org/values/12-850-222-3>		<http://ids.clld.org/parameters/12-850>		<http://ids.clld.org/values/12-850-280-1>		"'kini"@pcp	
"ooloo-t"@azz	<http://ids.clld.org/values/8-470-222-3>		<http://ids.clld.org/parameters/8-470>		<http://ids.clld.org/values/8-470-280-1>		"'ṣ̌ɨki"@pcp	
"i-iš-tololo"@azz	<http://ids.clld.org/values/4-210-222-1>		<http://ids.clld.org/parameters/4-210>		<http://ids.clld.org/values/4-210-280-1>		"'wɨřo"@pcp	
"i-yolo"@azz	<http://ids.clld.org/values/4-440-222-3>		<http://ids.clld.org/parameters/4-440>		<http://ids.clld.org/values/4-440-280-1>		"howi'ti"@pcp	
"pio"@azz	<http://ids.clld.org/values/3-550-222-1>		<http://ids.clld.org/parameters/3-550>		<http://ids.clld.org/values/3-550-280-1>		"pati'aři"@pcp	
"i-čan"@azz	<http://ids.clld.org/values/7-120-222-3>		<http://ids.clld.org/parameters/7-120>		<http://ids.clld.org/values/7-120-280-1>		"'ṣ̌owo"@pcp	
"-neeš-tii-li"@azz	<http://ids.clld.org/values/15-550-222-3>		<http://ids.clld.org/parameters/15-550>		<http://ids.clld.org/values/15-550-280-1>		"hi-'maki"@pcp	
"totopoka"@azz	<http://ids.clld.org/values/1-560-222-3>		<http://ids.clld.org/parameters/1-560>		<http://ids.clld.org/values/1-560-280-1>		"'naina"@pcp	
"i-[y]okič"@azz	<http://ids.clld.org/values/2-310-222-1>		<http://ids.clld.org/parameters/2-310>		<http://ids.clld.org/values/2-310-280-1>		"'wɨnɨ"@pcp	
"šiwi-t"@azz	<http://ids.clld.org/values/8-560-222-1>		<http://ids.clld.org/parameters/8-560>		<http://ids.clld.org/values/8-560-280-1>		"'pɨʔi"@pcp	
"∅"@azz	<http://ids.clld.org/values/2-930-222-5>		<http://ids.clld.org/parameters/2-930>		<http://ids.clld.org/values/2-930-280-1>		"'haa"@pcp	
"tal"@azz	<http://ids.clld.org/values/1-210-222-1>		<http://ids.clld.org/parameters/1-210>		<http://ids.clld.org/values/1-210-280-1>		"'mai"@pcp	
"i-tan"@azz	<http://ids.clld.org/values/4-270-222-1>		<http://ids.clld.org/parameters/4-270>		<http://ids.clld.org/values/4-270-280-1>		"'ṣ̌ɨna"@pcp	
"apis"@azz	<http://ids.clld.org/values/5-140-222-3>		<http://ids.clld.org/parameters/5-140>		<http://ids.clld.org/values/5-140-280-1>		"paṣ̌na'hai"@pcp	
"čakistle"@azz	<http://ids.clld.org/values/3-831-222-1>		<http://ids.clld.org/parameters/3-831>		<http://ids.clld.org/values/3-831-280-1>		"'šio"@pcp	
"čakistle"@azz	<http://ids.clld.org/values/3-831-222-1>		<http://ids.clld.org/parameters/3-831>		<http://ids.clld.org/values/3-831-280-3>		"'čio"@pcp	
"i-ma-y"@azz	<http://ids.clld.org/values/4-330-222-1>		<http://ids.clld.org/parameters/4-330>		<http://ids.clld.org/values/4-330-280-1>		"mɨ'kɨna"@pcp	
"yeka"@azz	<http://ids.clld.org/values/4-230-222-1>		<http://ids.clld.org/parameters/4-230>		<http://ids.clld.org/values/4-230-280-1>		"řɨ'kina"@pcp	
"i-ten-c̷on-yo"@azz	<http://ids.clld.org/values/4-142-222-1>		<http://ids.clld.org/parameters/4-142>		<http://ids.clld.org/values/4-142-280-1>		"'kɨni"@pcp	
"čičti"@azz	<http://ids.clld.org/values/3-596-222-5>		<http://ids.clld.org/parameters/3-596>		<http://ids.clld.org/values/3-596-280-1>		"'popo"@pcp	
"kʷowi-t"@azz	<http://ids.clld.org/values/8-600-222-1>		<http://ids.clld.org/parameters/8-600>		<http://ids.clld.org/values/8-600-280-1>		"'hiwi"@pcp	
"k-ita"@azz	<http://ids.clld.org/values/15-510-222-1>		<http://ids.clld.org/parameters/15-510>		<http://ids.clld.org/values/15-510-280-1>		"his'pa"@pcp	
"k-ita"@azz	<http://ids.clld.org/values/15-510-222-1>		<http://ids.clld.org/parameters/15-510>		<http://ids.clld.org/values/15-510-280-3>		"'hisna"@pcp	
"šahkal-moyo-t"@azz	<http://ids.clld.org/values/3-832-222-1>		<http://ids.clld.org/parameters/3-832>		<http://ids.clld.org/values/3-832-280-1>		"'wii"@pcp	
"i-swa-c̷in"@azz	<http://ids.clld.org/values/2-320-222-3>		<http://ids.clld.org/parameters/2-320>		<http://ids.clld.org/values/2-320-280-1>		"ʔa'wini"@pcp	
"tona-l"@azz	<http://ids.clld.org/values/1-520-222-1>		<http://ids.clld.org/parameters/1-520>		<http://ids.clld.org/values/1-520-280-1>		"'waři"@pcp	
"ti-t"@azz	<http://ids.clld.org/values/1-810-222-1>		<http://ids.clld.org/parameters/1-810>		<http://ids.clld.org/values/1-810-280-1>		"'čiʔi"@pcp	
"sintah"@azz	<http://ids.clld.org/values/8-120-222-5>		<http://ids.clld.org/parameters/8-120>		<http://ids.clld.org/values/8-120-280-1>		"'wai"@pcp	
"ista-k"@azz	<http://ids.clld.org/values/15-640-222-1>		<http://ids.clld.org/parameters/15-640>		<http://ids.clld.org/values/15-640-280-1>		"'hoṣ̌o"@pcp	
"kʷowi-t"@azz	<http://ids.clld.org/values/1-420-222-1>		<http://ids.clld.org/parameters/1-420>		<http://ids.clld.org/values/1-420-280-1>		"'hiwi"@pcp	
"a-t"@azz	<http://ids.clld.org/values/1-310-222-1>		<http://ids.clld.org/parameters/1-310>		<http://ids.clld.org/values/1-310-280-1>		"'hɨnɨ"@pcp	
"i-siwa-w"@azz	<http://ids.clld.org/values/2-320-222-1>		<http://ids.clld.org/parameters/2-320>		<http://ids.clld.org/values/2-320-280-1>		"ʔa'wini"@pcp	
"akʷeya"@azz	<http://ids.clld.org/values/3-950-222-5>		<http://ids.clld.org/parameters/3-950>		<http://ids.clld.org/values/3-950-280-1>		"wɨṣ̌ko"@pcp	
"ki-čiwa"@azz	<http://ids.clld.org/values/9-110-222-1>		<http://ids.clld.org/parameters/9-110>		<http://ids.clld.org/values/9-110-280-1>		"i'wɨ"@pcp	
"kal-i"@azz	<http://ids.clld.org/values/7-120-222-1>		<http://ids.clld.org/parameters/7-120>		<http://ids.clld.org/values/7-120-280-1>		"'ṣ̌owo"@pcp	
"mayana"@azz	<http://ids.clld.org/values/5-140-222-1>		<http://ids.clld.org/parameters/5-140>		<http://ids.clld.org/values/5-140-280-1>		"paṣ̌na'hai"@pcp	
"elwi[y]ak"@azz	<http://ids.clld.org/values/1-510-222-1>		<http://ids.clld.org/parameters/1-510>		<http://ids.clld.org/values/1-510-280-1>		"na'ipa"@pcp	
"eti-k"@azz	<http://ids.clld.org/values/15-810-222-1>		<http://ids.clld.org/parameters/15-810>		<http://ids.clld.org/values/15-810-280-1>		"'iwɨ"@pcp	
"okʷil-c̷in"@azz	<http://ids.clld.org/values/3-810-222-1>		<http://ids.clld.org/parameters/3-810>		<http://ids.clld.org/values/3-810-280-1>		"wɨ'oso"@pcp	
"pili"@azz	<http://ids.clld.org/values/2-280-222-1>		<http://ids.clld.org/parameters/2-280>		<http://ids.clld.org/values/2-280-280-1>		"'wakɨ 'pistia"@pcp	
"taga-t"@azz	<http://ids.clld.org/values/2-210-222-1>		<http://ids.clld.org/parameters/2-210>		<http://ids.clld.org/values/2-210-280-1>		"'honi"@pcp	
"c̷ik-c̷in"@azz	<http://ids.clld.org/values/12-560-222-1>		<http://ids.clld.org/parameters/12-560>		<http://ids.clld.org/values/12-560-280-1>		"'mišni"@pcp	
"kiowi-t"@azz	<http://ids.clld.org/values/1-750-222-3>		<http://ids.clld.org/parameters/1-750>		<http://ids.clld.org/values/1-750-280-3>		"ʔo'i"@pcp	
"kiowi-t"@azz	<http://ids.clld.org/values/1-750-222-3>		<http://ids.clld.org/parameters/1-750>		<http://ids.clld.org/values/1-750-280-1>		"o'i"@pcp	
"tona-l"@azz	<http://ids.clld.org/values/14-410-222-1>		<http://ids.clld.org/parameters/14-410>		<http://ids.clld.org/values/14-410-280-1>		"'waři"@pcp	
"ki-teki"@azz	<http://ids.clld.org/values/9-220-222-1>		<http://ids.clld.org/parameters/9-220>		<http://ids.clld.org/values/9-220-280-1>		"'kɨɨsakia"@pcp	
"i-kʷetaš-[y]io"@azz	<http://ids.clld.org/values/4-120-222-3>		<http://ids.clld.org/parameters/4-120>		<http://ids.clld.org/values/4-120-280-1>		"'wiči"@pcp	
"mil"@azz	<http://ids.clld.org/values/8-120-222-1>		<http://ids.clld.org/parameters/8-120>		<http://ids.clld.org/values/8-120-280-1>		"'wai"@pcp	
"ome"@azz	<http://ids.clld.org/values/13-20-222-1>		<http://ids.clld.org/parameters/13-20>		<http://ids.clld.org/values/13-20-280-1>		"ra'wɨ"@pcp	
"te-tat"@azz	<http://ids.clld.org/values/2-350-222-3>		<http://ids.clld.org/parameters/2-350>		<http://ids.clld.org/values/2-350-280-1>		"'ɨpa"@pcp	
"te-tat"@azz	<http://ids.clld.org/values/2-350-222-3>		<http://ids.clld.org/parameters/2-350>		<http://ids.clld.org/values/2-350-280-3>		"'ʔɨpa"@pcp	
"i-kamak"@azz	<http://ids.clld.org/values/4-240-222-3>		<http://ids.clld.org/parameters/4-240>		<http://ids.clld.org/values/4-240-280-1>		"kɨ'wɨči"@pcp	
"i-kes"@azz	<http://ids.clld.org/values/4-350-222-1>		<http://ids.clld.org/parameters/4-350>		<http://ids.clld.org/values/4-350-280-1>		"'wiko"@pcp	
"sitalin"@azz	<http://ids.clld.org/values/1-540-222-1>		<http://ids.clld.org/parameters/1-540>		<http://ids.clld.org/values/1-540-280-1>		"'wištima"@pcp	
"kʷow-šašaka"@azz	<http://ids.clld.org/values/3-596-222-3>		<http://ids.clld.org/parameters/3-596>		<http://ids.clld.org/values/3-596-280-1>		"'popo"@pcp	
"i-c̷on-tekon"@azz	<http://ids.clld.org/values/4-200-222-1>		<http://ids.clld.org/parameters/4-200>		<http://ids.clld.org/values/4-200-280-1>		"'mapo"@pcp	
"neh-wa"@azz	<http://ids.clld.org/values/2-910-222-1>		<http://ids.clld.org/parameters/2-910>		<http://ids.clld.org/values/2-910-280-1>		"'ɨa"@pcp	
"taka-t"@azz	<http://ids.clld.org/values/2-210-222-3>		<http://ids.clld.org/parameters/2-210>		<http://ids.clld.org/values/2-210-280-1>		"'honi"@pcp	
"pok-ti"@azz	<http://ids.clld.org/values/1-830-222-1>		<http://ids.clld.org/parameters/1-830>		<http://ids.clld.org/values/1-830-280-1>		"ko'ʔina"@pcp	
"neškomeh"@azz	<http://ids.clld.org/values/3-823-222-3>		<http://ids.clld.org/parameters/3-823>		<http://ids.clld.org/values/3-823-280-1>		"'wina"@pcp	
"kʷow-šiwit"@azz	<http://ids.clld.org/values/8-810-222-1>		<http://ids.clld.org/parameters/8-810>		<http://ids.clld.org/values/8-810-280-1>		"'koti"@pcp	
"nalwa-t"@azz	<http://ids.clld.org/values/8-540-222-1>		<http://ids.clld.org/parameters/8-540>		<http://ids.clld.org/values/8-540-280-1>		"ta'pono"@pcp	
"tako-čan"@azz	<http://ids.clld.org/values/3-580-222-3>		<http://ids.clld.org/parameters/3-580>		<http://ids.clld.org/values/3-580-280-1>		"'naʔa"@pcp	
"ki-tentia"@azz	<http://ids.clld.org/values/15-780-222-1>		<http://ids.clld.org/parameters/15-780>		<http://ids.clld.org/values/15-780-280-1>		"'ɨika"@pcp	
"tapahsol"@azz	<http://ids.clld.org/values/3-580-222-1>		<http://ids.clld.org/parameters/3-580>		<http://ids.clld.org/values/3-580-280-1>		"'naʔa"@pcp	
"kala-t"@azz	<http://ids.clld.org/values/3-950-222-1>		<http://ids.clld.org/parameters/3-950>		<http://ids.clld.org/values/3-950-280-1>		"wɨṣ̌ko"@pcp	
"es-yoh"@azz	<http://ids.clld.org/values/4-150-222-3>		<http://ids.clld.org/parameters/4-150>		<http://ids.clld.org/values/4-150-280-1>		"'himi"@pcp	
"kʷeya"@azz	<http://ids.clld.org/values/3-950-222-3>		<http://ids.clld.org/parameters/3-950>		<http://ids.clld.org/values/3-950-280-1>		"wɨṣ̌ko"@pcp	
"kʷetaš"@azz	<http://ids.clld.org/values/4-120-222-1>		<http://ids.clld.org/parameters/4-120>		<http://ids.clld.org/values/4-120-280-1>		"'wiči"@pcp	
"es-ti"@azz	<http://ids.clld.org/values/4-150-222-1>		<http://ids.clld.org/parameters/4-150>		<http://ids.clld.org/values/4-150-280-1>		"'himi"@pcp	
"tago-l"@azz	<http://ids.clld.org/values/8-470-222-5>		<http://ids.clld.org/parameters/8-470>		<http://ids.clld.org/values/8-470-280-1>		"'ṣ̌ɨki"@pcp	
"i-kʷa-ko"@azz	<http://ids.clld.org/values/4-200-222-3>		<http://ids.clld.org/parameters/4-200>		<http://ids.clld.org/values/4-200-280-1>		"'mapo"@pcp	
"a-pic̷ak-ti"@azz	<http://ids.clld.org/values/1-360-222-5>		<http://ids.clld.org/parameters/1-360>		<http://ids.clld.org/values/1-360-280-1>		"'ʔani"@pcp	
"a-pic̷ak-ti"@azz	<http://ids.clld.org/values/1-360-222-5>		<http://ids.clld.org/parameters/1-360>		<http://ids.clld.org/values/1-360-280-3>		"'pao"@pcp	
"c̷ope-k"@azz	<http://ids.clld.org/values/15-350-222-1>		<http://ids.clld.org/parameters/15-350>		<http://ids.clld.org/values/15-350-280-1>		"tɨ'ɨ"@pcp	
"ki-neš-ti-a"@azz	<http://ids.clld.org/values/15-550-222-1>		<http://ids.clld.org/parameters/15-550>		<http://ids.clld.org/values/15-550-280-1>		"hi-'maki"@pcp	
"apic̷ak"@azz	<http://ids.clld.org/values/1-360-222-3>		<http://ids.clld.org/parameters/1-360>		<http://ids.clld.org/values/1-360-280-1>		"'ʔani"@pcp	
"apic̷ak"@azz	<http://ids.clld.org/values/1-360-222-3>		<http://ids.clld.org/parameters/1-360>		<http://ids.clld.org/values/1-360-280-3>		"'pao"@pcp	
"apis-ti"@azz	<http://ids.clld.org/values/5-140-222-5>		<http://ids.clld.org/parameters/5-140>		<http://ids.clld.org/values/5-140-280-1>		"paṣ̌na'hai"@pcp	
"miči-n"@azz	<http://ids.clld.org/values/3-650-222-3>		<http://ids.clld.org/parameters/3-650>		<http://ids.clld.org/values/3-650-280-3>		"'woɨ"@pcp	
"miči-n"@azz	<http://ids.clld.org/values/3-650-222-3>		<http://ids.clld.org/parameters/3-650>		<http://ids.clld.org/values/3-650-280-1>		"sa'nino"@pcp	
"masa-t"@azz	<http://ids.clld.org/values/3-750-222-1>		<http://ids.clld.org/parameters/3-750>		<http://ids.clld.org/values/3-750-280-1>		"'čaṣ̌o"@pcp	
"šoči-t"@azz	<http://ids.clld.org/values/8-570-222-1>		<http://ids.clld.org/parameters/8-570>		<http://ids.clld.org/values/8-570-280-3>		"řeṣ̌'pana"@pcp	
"šoči-t"@azz	<http://ids.clld.org/values/8-570-222-1>		<http://ids.clld.org/parameters/8-570>		<http://ids.clld.org/values/8-570-280-1>		"'hoa"@pcp	
"miči"@azz	<http://ids.clld.org/values/3-650-222-1>		<http://ids.clld.org/parameters/3-650>		<http://ids.clld.org/values/3-650-280-3>		"'woɨ"@pcp	
"miči"@azz	<http://ids.clld.org/values/3-650-222-1>		<http://ids.clld.org/parameters/3-650>		<http://ids.clld.org/values/3-650-280-1>		"sa'nino"@pcp	
"moyo-c̷in"@azz	<http://ids.clld.org/values/3-831-222-3>		<http://ids.clld.org/parameters/3-831>		<http://ids.clld.org/values/3-831-280-1>		"'šio"@pcp	
"moyo-c̷in"@azz	<http://ids.clld.org/values/3-831-222-3>		<http://ids.clld.org/parameters/3-831>		<http://ids.clld.org/values/3-831-280-3>		"'čio"@pcp	
"i-c̷on"@azz	<http://ids.clld.org/values/4-140-222-1>		<http://ids.clld.org/parameters/4-140>		<http://ids.clld.org/values/4-140-280-1>		"'woo"@pcp	
"ni-"@azz	<http://ids.clld.org/values/2-910-222-5>		<http://ids.clld.org/parameters/2-910>		<http://ids.clld.org/values/2-910-280-1>		"'ɨa"@pcp	
"miš-ti"@azz	<http://ids.clld.org/values/1-730-222-1>		<http://ids.clld.org/parameters/1-730>		<http://ids.clld.org/values/1-730-280-1>		"'c̷ɨmo"@pcp	
"čii-čii-"@azz	<http://ids.clld.org/values/15-660-222-1>		<http://ids.clld.org/parameters/15-660>		<http://ids.clld.org/values/15-660-280-1>		"'šini"@pcp	
"pio-kone-t"@azz	<http://ids.clld.org/values/3-550-222-3>		<http://ids.clld.org/parameters/3-550>		<http://ids.clld.org/values/3-550-280-1>		"pati'aři"@pcp	
"i-yekac̷ol"@azz	<http://ids.clld.org/values/4-230-222-3>		<http://ids.clld.org/parameters/4-230>		<http://ids.clld.org/values/4-230-280-1>		"řɨ'kina"@pcp	
"yeh-wa"@azz	<http://ids.clld.org/values/2-930-222-3>		<http://ids.clld.org/parameters/2-930>		<http://ids.clld.org/values/2-930-280-1>		"'haa"@pcp	
"i-tah-c̷in"@azz	<http://ids.clld.org/values/2-350-222-1>		<http://ids.clld.org/parameters/2-350>		<http://ids.clld.org/values/2-350-280-1>		"'ɨpa"@pcp	
"i-tah-c̷in"@azz	<http://ids.clld.org/values/2-350-222-1>		<http://ids.clld.org/parameters/2-350>		<http://ids.clld.org/values/2-350-280-3>		"'ʔɨpa"@pcp	
"elo-t"@azz	<http://ids.clld.org/values/8-470-222-1>		<http://ids.clld.org/parameters/8-470>		<http://ids.clld.org/values/8-470-280-1>		"'ṣ̌ɨki"@pcp	
"mec̷-ti"@azz	<http://ids.clld.org/values/1-530-222-1>		<http://ids.clld.org/parameters/1-530>		<http://ids.clld.org/values/1-530-280-1>		"'ʔoṣ̌ɨ"@pcp	
"kʷow-tatil"@azz	<http://ids.clld.org/values/1-880-222-3>		<http://ids.clld.org/parameters/1-880>		<http://ids.clld.org/values/1-880-280-1>		"'kařo"@pcp	
"c̷ohpilo-t"@azz	<http://ids.clld.org/values/3-586-222-1>		<http://ids.clld.org/parameters/3-586>		<http://ids.clld.org/values/3-586-280-1>		"po'iko"@pcp	
"čih-čiiwa"@azz	<http://ids.clld.org/values/9-110-222-3>		<http://ids.clld.org/parameters/9-110>		<http://ids.clld.org/values/9-110-280-1>		"i'wɨ"@pcp	
"i-ewa-yo"@azz	<http://ids.clld.org/values/4-120-222-5>		<http://ids.clld.org/parameters/4-120>		<http://ids.clld.org/values/4-120-280-1>		"'wiči"@pcp	
"pio-te-t"@azz	<http://ids.clld.org/values/5-970-222-1>		<http://ids.clld.org/parameters/5-970>		<http://ids.clld.org/values/5-970-280-1>		"'wači"@pcp	
"milah"@azz	<http://ids.clld.org/values/8-120-222-3>		<http://ids.clld.org/parameters/8-120>		<http://ids.clld.org/values/8-120-280-1>		"'wai"@pcp	
"i-taka-w"@azz	<http://ids.clld.org/values/2-310-222-3>		<http://ids.clld.org/parameters/2-310>		<http://ids.clld.org/values/2-310-280-1>		"'wɨnɨ"@pcp	
"kʷawi-t"@azz	<http://ids.clld.org/values/1-420-222-3>		<http://ids.clld.org/parameters/1-420>		<http://ids.clld.org/values/1-420-280-1>		"'hiwi"@pcp	
