"i-swa-pil"@azz	<http://ids.clld.org/values/2-420-222-1>		<http://ids.clld.org/parameters/2-420>		<http://ids.clld.org/values/2-420-823-1>		"kɔ:n.1 pukj.3"@scb-x-rucc1239	
"meyo-t"@azz	<http://ids.clld.org/values/1-550-222-1>		<http://ids.clld.org/parameters/1-550>		<http://ids.clld.org/values/1-550-823-1>		"ala:r.3"@scb-x-rucc1239	
"itelpoč"@azz	<http://ids.clld.org/values/2-251-222-1>		<http://ids.clld.org/parameters/2-251>		<http://ids.clld.org/values/2-251-823-1>		"ba:w.1"@scb-x-rucc1239	
"kiowa-t"@azz	<http://ids.clld.org/values/1-750-222-1>		<http://ids.clld.org/parameters/1-750>		<http://ids.clld.org/values/1-750-823-1>		"kəməa.2"@scb-x-rucc1239	
"ki-namik-ti-[y]a"@azz	<http://ids.clld.org/values/2-330-222-1>		<http://ids.clld.org/parameters/2-330>		<http://ids.clld.org/values/2-330-823-2>		"lj.4 maku:ń.3"@scb-x-rucc1239	
"ki-namik-ti-[y]a"@azz	<http://ids.clld.org/values/2-330-222-1>		<http://ids.clld.org/parameters/2-330>		<http://ids.clld.org/values/2-330-823-3>		"dɔ:ŋ.1"@scb-x-rucc1239	
"ki-namik-ti-[y]a"@azz	<http://ids.clld.org/values/2-330-222-1>		<http://ids.clld.org/parameters/2-330>		<http://ids.clld.org/values/2-330-823-1>		"lj.4 makj.3"@scb-x-rucc1239	
"mon-tat"@azz	<http://ids.clld.org/values/2-610-222-1>		<http://ids.clld.org/parameters/2-610>		<http://ids.clld.org/values/2-610-823-1>		"pɨ.4 makj.#"@scb-x-rucc1239	
"wewe-t"@azz	<http://ids.clld.org/values/2-461-222-1>		<http://ids.clld.org/parameters/2-461>		<http://ids.clld.org/values/2-461-823-1>		"ʔo:ŋ.1 kuməʌk.4"@scb-x-rucc1239	
"topo-ni"@azz	<http://ids.clld.org/values/1-560-222-1>		<http://ids.clld.org/parameters/1-560>		<http://ids.clld.org/values/1-560-823-1>		"krɨ:m.4"@scb-x-rucc1239	
"taga-t"@azz	<http://ids.clld.org/values/2-230-222-1>		<http://ids.clld.org/parameters/2-230>		<http://ids.clld.org/values/2-230-823-1>		"tɨk.4"@scb-x-rucc1239	
"i-kone-w"@azz	<http://ids.clld.org/values/2-420-222-5>		<http://ids.clld.org/parameters/2-420>		<http://ids.clld.org/values/2-420-823-1>		"kɔ:n.1 pukj.3"@scb-x-rucc1239	
"nana-h weyi"@azz	<http://ids.clld.org/values/2-470-222-1>		<http://ids.clld.org/parameters/2-470>		<http://ids.clld.org/values/2-470-823-1>		"za.1"@scb-x-rucc1239	
"nana-h weyi"@azz	<http://ids.clld.org/values/2-470-222-1>		<http://ids.clld.org/parameters/2-470>		<http://ids.clld.org/values/2-470-823-2>		"na:j.1"@scb-x-rucc1239	
"ekawil"@azz	<http://ids.clld.org/values/1-630-222-1>		<http://ids.clld.org/parameters/1-630>		<http://ids.clld.org/values/1-630-823-1>		"pɔ:ŋ.3"@scb-x-rucc1239	
"poso-k"@azz	<http://ids.clld.org/values/1-324-222-1>		<http://ids.clld.org/parameters/1-324>		<http://ids.clld.org/values/1-324-823-1>		"pɔh.pɔh.1"@scb-x-rucc1239	
"ki-mik-ti-[y]a"@azz	<http://ids.clld.org/values/4-760-222-3>		<http://ids.clld.org/parameters/4-760>		<http://ids.clld.org/values/4-760-823-1>		"kacit"@scb-x-rucc1239	
"kosamalo-t"@azz	<http://ids.clld.org/values/1-590-222-1>		<http://ids.clld.org/parameters/1-590>		<http://ids.clld.org/values/1-590-823-1>		"ro:ŋ.1"@scb-x-rucc1239	
"kone-t"@azz	<http://ids.clld.org/values/2-260-222-3>		<http://ids.clld.org/parameters/2-260>		<http://ids.clld.org/values/2-260-823-1>		"puma:j.3"@scb-x-rucc1239	
"i-šwi-w"@azz	<http://ids.clld.org/values/2-480-222-1>		<http://ids.clld.org/parameters/2-480>		<http://ids.clld.org/values/2-480-823-1>		"cw.3"@scb-x-rucc1239	
"tata-h weyi"@azz	<http://ids.clld.org/values/2-460-222-1>		<http://ids.clld.org/parameters/2-460>		<http://ids.clld.org/values/2-460-823-1>		"pw.1"@scb-x-rucc1239	
"tata-h weyi"@azz	<http://ids.clld.org/values/2-460-222-1>		<http://ids.clld.org/parameters/2-460>		<http://ids.clld.org/values/2-460-823-2>		"ta.1"@scb-x-rucc1239	
"teko-l"@azz	<http://ids.clld.org/values/1-890-222-1>		<http://ids.clld.org/parameters/1-890>		<http://ids.clld.org/values/1-890-823-1>		"laŋ.caŋ.1"@scb-x-rucc1239	
"siwa-t"@azz	<http://ids.clld.org/values/2-240-222-1>		<http://ids.clld.org/parameters/2-240>		<http://ids.clld.org/values/2-240-823-1>		"kj.3"@scb-x-rucc1239	
"siwa-t"@azz	<http://ids.clld.org/values/2-220-222-1>		<http://ids.clld.org/parameters/2-220>		<http://ids.clld.org/values/2-220-823-1>		"pukj.3"@scb-x-rucc1239	
"kʷow-neš"@azz	<http://ids.clld.org/values/1-840-222-1>		<http://ids.clld.org/parameters/1-840>		<http://ids.clld.org/values/1-840-823-1>		"tapeh.1"@scb-x-rucc1239	
"kʷowi-t"@azz	<http://ids.clld.org/values/1-880-222-1>		<http://ids.clld.org/parameters/1-880>		<http://ids.clld.org/values/1-880-823-1>		"ku:r.1"@scb-x-rucc1239	
"ki-tati-(y)a"@azz	<http://ids.clld.org/values/1-851-222-3>		<http://ids.clld.org/parameters/1-851>		<http://ids.clld.org/values/1-851-823-1>		"tu:c.3"@scb-x-rucc1239	
"weyi-a-t"@azz	<http://ids.clld.org/values/1-360-222-1>		<http://ids.clld.org/parameters/1-360>		<http://ids.clld.org/values/1-360-823-1>		"ju:ŋ.4"@scb-x-rucc1239	
"weyi-a-t"@azz	<http://ids.clld.org/values/1-360-222-1>		<http://ids.clld.org/parameters/1-360>		<http://ids.clld.org/values/1-360-823-2>		"cərɔ:k.3"@scb-x-rucc1239	
"amel"@azz	<http://ids.clld.org/values/1-370-222-1>		<http://ids.clld.org/parameters/1-370>		<http://ids.clld.org/values/1-370-823-1>		"ru:k.4"@scb-x-rucc1239	
"akomol"@azz	<http://ids.clld.org/values/1-370-222-5>		<http://ids.clld.org/parameters/1-370>		<http://ids.clld.org/values/1-370-823-1>		"ru:k.4"@scb-x-rucc1239	
"soki-yo"@azz	<http://ids.clld.org/values/1-214-222-3>		<http://ids.clld.org/parameters/1-214>		<http://ids.clld.org/values/1-214-823-1>		"la:r.4"@scb-x-rucc1239	
"tata"@azz	<http://ids.clld.org/values/1-852-222-1>		<http://ids.clld.org/parameters/1-852>		<http://ids.clld.org/values/1-852-823-1>		"kɨcɔh.1"@scb-x-rucc1239	
"tal-pan"@azz	<http://ids.clld.org/values/1-212-222-1>		<http://ids.clld.org/parameters/1-212>		<http://ids.clld.org/values/1-212-823-1>		"bə:n.3"@scb-x-rucc1239	
"ahwačti"@azz	<http://ids.clld.org/values/1-640-222-1>		<http://ids.clld.org/parameters/1-640>		<http://ids.clld.org/values/1-640-823-1>		"da:k.3 mw.2"@scb-x-rucc1239	
"wehka-w-kayo-t"@azz	<http://ids.clld.org/values/2-560-222-1>		<http://ids.clld.org/parameters/2-560>		<http://ids.clld.org/values/2-560-823-1>		"ʔo:ŋ.1 pluok.4"@scb-x-rucc1239	
"totopoka"@azz	<http://ids.clld.org/values/1-560-222-3>		<http://ids.clld.org/parameters/1-560>		<http://ids.clld.org/values/1-560-823-1>		"krɨ:m.4"@scb-x-rucc1239	
"i-[y]okič"@azz	<http://ids.clld.org/values/2-310-222-1>		<http://ids.clld.org/parameters/2-310>		<http://ids.clld.org/values/2-310-823-1>		"məku:ń.3"@scb-x-rucc1239	
"tal-neš"@azz	<http://ids.clld.org/values/1-213-222-1>		<http://ids.clld.org/parameters/1-213>		<http://ids.clld.org/values/1-213-823-1>		"kəhɔ:j.3"@scb-x-rucc1239	
"ekawil-ti"@azz	<http://ids.clld.org/values/1-630-222-5>		<http://ids.clld.org/parameters/1-630>		<http://ids.clld.org/values/1-630-823-1>		"pɔ:ŋ.3"@scb-x-rucc1239	
"kʷow"@azz	<http://ids.clld.org/values/1-430-222-3>		<http://ids.clld.org/parameters/1-430>		<http://ids.clld.org/values/1-430-823-1>		"kəʌj.2"@scb-x-rucc1239	
"tal"@azz	<http://ids.clld.org/values/1-210-222-1>		<http://ids.clld.org/parameters/1-210>		<http://ids.clld.org/values/1-210-823-1>		"bə:n.3"@scb-x-rucc1239	
"i-kone-w"@azz	<http://ids.clld.org/values/2-410-222-3>		<http://ids.clld.org/parameters/2-410>		<http://ids.clld.org/values/2-410-823-1>		"kɔ:n.1 puku:ń.3"@scb-x-rucc1239	
"ta-miš-tentok"@azz	<http://ids.clld.org/values/1-740-222-3>		<http://ids.clld.org/parameters/1-740>		<http://ids.clld.org/values/1-740-823-1>		"tulu:k.3"@scb-x-rucc1239	
"okič-pil"@azz	<http://ids.clld.org/values/2-251-222-3>		<http://ids.clld.org/parameters/2-251>		<http://ids.clld.org/values/2-251-823-1>		"ba:w.1"@scb-x-rucc1239	
"ašošowil"@azz	<http://ids.clld.org/values/1-270-222-3>		<http://ids.clld.org/parameters/1-270>		<http://ids.clld.org/values/1-270-823-1>		"kupə:ŋ.1"@scb-x-rucc1239	
"i-swa-c̷in"@azz	<http://ids.clld.org/values/2-320-222-3>		<http://ids.clld.org/parameters/2-320>		<http://ids.clld.org/values/2-320-823-1>		"makj.3"@scb-x-rucc1239	
"tepe-hši-t"@azz	<http://ids.clld.org/values/1-222-222-1>		<http://ids.clld.org/parameters/1-222>		<http://ids.clld.org/values/1-222-823-1>		"kupə:ŋ.1"@scb-x-rucc1239	
"tona-l"@azz	<http://ids.clld.org/values/1-520-222-1>		<http://ids.clld.org/parameters/1-520>		<http://ids.clld.org/values/1-520-823-1>		"məʌt.4 kara:ŋ.1"@scb-x-rucc1239	
"ti-t"@azz	<http://ids.clld.org/values/1-810-222-1>		<http://ids.clld.org/parameters/1-810>		<http://ids.clld.org/values/1-810-823-1>		"ku:r.1"@scb-x-rucc1239	
"pili"@azz	<http://ids.clld.org/values/2-270-222-1>		<http://ids.clld.org/parameters/2-270>		<http://ids.clld.org/values/2-270-823-1>		"kɔ:n.1"@scb-x-rucc1239	
"i-weyi-nan-c̷in"@azz	<http://ids.clld.org/values/2-470-222-3>		<http://ids.clld.org/parameters/2-470>		<http://ids.clld.org/values/2-470-823-1>		"za.1"@scb-x-rucc1239	
"i-weyi-nan-c̷in"@azz	<http://ids.clld.org/values/2-470-222-3>		<http://ids.clld.org/parameters/2-470>		<http://ids.clld.org/values/2-470-823-2>		"na:j.1"@scb-x-rucc1239	
"a-t"@azz	<http://ids.clld.org/values/1-310-222-1>		<http://ids.clld.org/parameters/1-310>		<http://ids.clld.org/values/1-310-823-1>		"da:k.3"@scb-x-rucc1239	
"i-siwa-w"@azz	<http://ids.clld.org/values/2-320-222-1>		<http://ids.clld.org/parameters/2-320>		<http://ids.clld.org/values/2-320-823-1>		"makj.3"@scb-x-rucc1239	
"ičpoč"@azz	<http://ids.clld.org/values/2-420-222-3>		<http://ids.clld.org/parameters/2-420>		<http://ids.clld.org/values/2-420-823-1>		"kɔ:n.1 pukj.3"@scb-x-rucc1239	
"eheka-t"@azz	<http://ids.clld.org/values/1-720-222-1>		<http://ids.clld.org/parameters/1-720>		<http://ids.clld.org/values/1-720-823-1>		"kajɔ.3"@scb-x-rucc1239	
"elwi[y]ak"@azz	<http://ids.clld.org/values/1-510-222-1>		<http://ids.clld.org/parameters/1-510>		<http://ids.clld.org/values/1-510-823-1>		"plə:j.2"@scb-x-rucc1239	
"atawit"@azz	<http://ids.clld.org/values/1-240-222-3>		<http://ids.clld.org/parameters/1-240>		<http://ids.clld.org/values/1-240-823-1>		"ulu:ŋ.1"@scb-x-rucc1239	
"pili"@azz	<http://ids.clld.org/values/2-280-222-1>		<http://ids.clld.org/parameters/2-280>		<http://ids.clld.org/values/2-280-823-1>		"pucɔ:j.3"@scb-x-rucc1239	
"taga-t"@azz	<http://ids.clld.org/values/2-210-222-1>		<http://ids.clld.org/parameters/2-210>		<http://ids.clld.org/values/2-210-823-1>		"puku:ń.3"@scb-x-rucc1239	
"i-weyi-tata-h"@azz	<http://ids.clld.org/values/2-460-222-3>		<http://ids.clld.org/parameters/2-460>		<http://ids.clld.org/values/2-460-823-1>		"pw.1"@scb-x-rucc1239	
"i-weyi-tata-h"@azz	<http://ids.clld.org/values/2-460-222-3>		<http://ids.clld.org/parameters/2-460>		<http://ids.clld.org/values/2-460-823-2>		"ta.1"@scb-x-rucc1239	
"okič-pil"@azz	<http://ids.clld.org/values/2-230-222-3>		<http://ids.clld.org/parameters/2-230>		<http://ids.clld.org/values/2-230-823-1>		"tɨk.4"@scb-x-rucc1239	
"kiowi-t"@azz	<http://ids.clld.org/values/1-750-222-3>		<http://ids.clld.org/parameters/1-750>		<http://ids.clld.org/values/1-750-823-1>		"kəməa.2"@scb-x-rucc1239	
"i-okič-pil"@azz	<http://ids.clld.org/values/2-410-222-5>		<http://ids.clld.org/parameters/2-410>		<http://ids.clld.org/values/2-410-823-1>		"kɔ:n.1 puku:ń.3"@scb-x-rucc1239	
"po-poso-ka"@azz	<http://ids.clld.org/values/1-324-222-3>		<http://ids.clld.org/parameters/1-324>		<http://ids.clld.org/values/1-324-823-1>		"pɔh.pɔh.1"@scb-x-rucc1239	
"te-tat"@azz	<http://ids.clld.org/values/2-350-222-3>		<http://ids.clld.org/parameters/2-350>		<http://ids.clld.org/values/2-350-823-1>		"pɨ.4"@scb-x-rucc1239	
"sitalin"@azz	<http://ids.clld.org/values/1-540-222-1>		<http://ids.clld.org/parameters/1-540>		<http://ids.clld.org/values/1-540-823-1>		"kumi:ŋ.1"@scb-x-rucc1239	
"šal"@azz	<http://ids.clld.org/values/1-215-222-1>		<http://ids.clld.org/parameters/1-215>		<http://ids.clld.org/values/1-215-823-1>		"təka:c.3"@scb-x-rucc1239	
"tone-wi"@azz	<http://ids.clld.org/values/1-852-222-3>		<http://ids.clld.org/parameters/1-852>		<http://ids.clld.org/values/1-852-823-1>		"kɨcɔh.1"@scb-x-rucc1239	
"tepe-koyo-k"@azz	<http://ids.clld.org/values/1-280-222-1>		<http://ids.clld.org/parameters/1-280>		<http://ids.clld.org/values/1-280-823-1>		"kɨ:p.4"@scb-x-rucc1239	
"okič-pil"@azz	<http://ids.clld.org/values/2-250-222-1>		<http://ids.clld.org/parameters/2-250>		<http://ids.clld.org/values/2-250-823-1>		"ba:w.1"@scb-x-rucc1239	
"mo-nan"@azz	<http://ids.clld.org/values/2-620-222-1>		<http://ids.clld.org/parameters/2-620>		<http://ids.clld.org/values/2-620-823-1>		"meɛ.4 makj.3"@scb-x-rucc1239	
"kʷowi-t"@azz	<http://ids.clld.org/values/1-430-222-1>		<http://ids.clld.org/parameters/1-430>		<http://ids.clld.org/values/1-430-823-1>		"kəʌj.2"@scb-x-rucc1239	
"ameyal"@azz	<http://ids.clld.org/values/1-370-222-7>		<http://ids.clld.org/parameters/1-370>		<http://ids.clld.org/values/1-370-823-1>		"ru:k.4"@scb-x-rucc1239	
"kone-t"@azz	<http://ids.clld.org/values/2-250-222-3>		<http://ids.clld.org/parameters/2-250>		<http://ids.clld.org/values/2-250-823-1>		"ba:w.1"@scb-x-rucc1239	
"kʷow-tah"@azz	<http://ids.clld.org/values/1-410-222-3>		<http://ids.clld.org/parameters/1-410>		<http://ids.clld.org/values/1-410-823-1>		"brw.3"@scb-x-rucc1239	
"i-telpoč"@azz	<http://ids.clld.org/values/2-410-222-1>		<http://ids.clld.org/parameters/2-410>		<http://ids.clld.org/values/2-410-823-1>		"kɔ:n.1 puku:ń.3"@scb-x-rucc1239	
"miš-ti"@azz	<http://ids.clld.org/values/1-740-222-1>		<http://ids.clld.org/parameters/1-740>		<http://ids.clld.org/values/1-740-823-1>		"tulu:k.3"@scb-x-rucc1239	
"taka-t"@azz	<http://ids.clld.org/values/2-210-222-3>		<http://ids.clld.org/parameters/2-210>		<http://ids.clld.org/values/2-210-823-1>		"puku:ń.3"@scb-x-rucc1239	
"pok-ti"@azz	<http://ids.clld.org/values/1-830-222-1>		<http://ids.clld.org/parameters/1-830>		<http://ids.clld.org/values/1-830-823-1>		"kahɔ:j.3"@scb-x-rucc1239	
"pok-ti"@azz	<http://ids.clld.org/values/1-830-222-1>		<http://ids.clld.org/parameters/1-830>		<http://ids.clld.org/values/1-830-823-2>		"camaŋ.1"@scb-x-rucc1239	
"pok-ti"@azz	<http://ids.clld.org/values/1-830-222-1>		<http://ids.clld.org/parameters/1-830>		<http://ids.clld.org/values/1-830-823-3>		"patj.1"@scb-x-rucc1239	
"i-[y]ekawil"@azz	<http://ids.clld.org/values/1-630-222-3>		<http://ids.clld.org/parameters/1-630>		<http://ids.clld.org/values/1-630-823-1>		"pɔ:ŋ.3"@scb-x-rucc1239	
"swaa-pil"@azz	<http://ids.clld.org/values/2-270-222-5>		<http://ids.clld.org/parameters/2-270>		<http://ids.clld.org/values/2-270-823-1>		"kɔ:n.1"@scb-x-rucc1239	
"panc̷ikʷi-ni in a-t"@azz	<http://ids.clld.org/values/1-390-222-1>		<http://ids.clld.org/parameters/1-390>		<http://ids.clld.org/values/1-390-823-1>		"tha:k.3 da:k.3"@scb-x-rucc1239	
"amo"@azz	<http://ids.clld.org/values/17-560-222-1>		<http://ids.clld.org/parameters/17-560>		<http://ids.clld.org/values/17-560-823-1>		"lata.3"@scb-x-rucc1239	
"i-šwi-w-swa-pil"@azz	<http://ids.clld.org/values/2-490-222-1>		<http://ids.clld.org/parameters/2-490>		<http://ids.clld.org/values/2-490-823-1>		"cw.3"@scb-x-rucc1239	
"weyi kiowi-t"@azz	<http://ids.clld.org/values/1-580-222-1>		<http://ids.clld.org/parameters/1-580>		<http://ids.clld.org/values/1-580-823-1>		"pa:w.4"@scb-x-rucc1239	
"ičpokat"@azz	<http://ids.clld.org/values/2-261-222-1>		<http://ids.clld.org/parameters/2-261>		<http://ids.clld.org/values/2-261-823-1>		"puma:j.3"@scb-x-rucc1239	
"kone-t"@azz	<http://ids.clld.org/values/2-270-222-3>		<http://ids.clld.org/parameters/2-270>		<http://ids.clld.org/values/2-270-823-1>		"kɔ:n.1"@scb-x-rucc1239	
"swa-pil"@azz	<http://ids.clld.org/values/2-260-222-1>		<http://ids.clld.org/parameters/2-260>		<http://ids.clld.org/values/2-260-823-1>		"puma:j.3"@scb-x-rucc1239	
"pila"@azz	<http://ids.clld.org/values/1-370-222-3>		<http://ids.clld.org/parameters/1-370>		<http://ids.clld.org/values/1-370-823-1>		"ru:k.4"@scb-x-rucc1239	
"a-pic̷ak-ti"@azz	<http://ids.clld.org/values/1-360-222-5>		<http://ids.clld.org/parameters/1-360>		<http://ids.clld.org/values/1-360-823-1>		"ju:ŋ.4"@scb-x-rucc1239	
"a-pic̷ak-ti"@azz	<http://ids.clld.org/values/1-360-222-5>		<http://ids.clld.org/parameters/1-360>		<http://ids.clld.org/values/1-360-823-2>		"cərɔ:k.3"@scb-x-rucc1239	
"a-ten-tenoh"@azz	<http://ids.clld.org/values/1-270-222-1>		<http://ids.clld.org/parameters/1-270>		<http://ids.clld.org/values/1-270-823-1>		"kupə:ŋ.1"@scb-x-rucc1239	
"apic̷ak"@azz	<http://ids.clld.org/values/1-360-222-3>		<http://ids.clld.org/parameters/1-360>		<http://ids.clld.org/values/1-360-823-1>		"ju:ŋ.4"@scb-x-rucc1239	
"apic̷ak"@azz	<http://ids.clld.org/values/1-360-222-3>		<http://ids.clld.org/parameters/1-360>		<http://ids.clld.org/values/1-360-823-2>		"cərɔ:k.3"@scb-x-rucc1239	
"-miki-tii"@azz	<http://ids.clld.org/values/4-760-222-1>		<http://ids.clld.org/parameters/4-760>		<http://ids.clld.org/values/4-760-823-1>		"kacit"@scb-x-rucc1239	
"-šootaa-l-tii"@azz	<http://ids.clld.org/values/1-860-222-1>		<http://ids.clld.org/parameters/1-860>		<http://ids.clld.org/values/1-860-823-1>		"tu:c.3"@scb-x-rucc1239	
"-tata"@azz	<http://ids.clld.org/values/1-851-222-1>		<http://ids.clld.org/parameters/1-851>		<http://ids.clld.org/values/1-851-823-1>		"tu:c.3"@scb-x-rucc1239	
"taal-neeš-yo"@azz	<http://ids.clld.org/values/1-213-222-3>		<http://ids.clld.org/parameters/1-213>		<http://ids.clld.org/values/1-213-823-1>		"kəhɔ:j.3"@scb-x-rucc1239	
"miš-ti"@azz	<http://ids.clld.org/values/1-730-222-1>		<http://ids.clld.org/parameters/1-730>		<http://ids.clld.org/values/1-730-823-1>		"məl.1"@scb-x-rucc1239	
"lama-c̷in"@azz	<http://ids.clld.org/values/2-471-222-1>		<http://ids.clld.org/parameters/2-471>		<http://ids.clld.org/values/2-471-823-1>		"moɔ.4 kuməʌk.4"@scb-x-rucc1239	
"tepe-t"@azz	<http://ids.clld.org/values/1-220-222-1>		<http://ids.clld.org/parameters/1-220>		<http://ids.clld.org/values/1-220-823-2>		"do:l.1"@scb-x-rucc1239	
"tepe-t"@azz	<http://ids.clld.org/values/1-220-222-1>		<http://ids.clld.org/parameters/1-220>		<http://ids.clld.org/values/1-220-823-1>		"cɨ:t.3"@scb-x-rucc1239	
"soki-t"@azz	<http://ids.clld.org/values/1-214-222-1>		<http://ids.clld.org/parameters/1-214>		<http://ids.clld.org/values/1-214-823-1>		"la:r.4"@scb-x-rucc1239	
"i-tah-c̷in"@azz	<http://ids.clld.org/values/2-350-222-1>		<http://ids.clld.org/parameters/2-350>		<http://ids.clld.org/values/2-350-823-1>		"pɨ.4"@scb-x-rucc1239	
"mec̷-ti"@azz	<http://ids.clld.org/values/1-530-222-1>		<http://ids.clld.org/parameters/1-530>		<http://ids.clld.org/values/1-530-823-1>		"puləan.2"@scb-x-rucc1239	
"a-tekomol"@azz	<http://ids.clld.org/values/1-240-222-1>		<http://ids.clld.org/parameters/1-240>		<http://ids.clld.org/values/1-240-823-1>		"ulu:ŋ.1"@scb-x-rucc1239	
"kʷow-tatil"@azz	<http://ids.clld.org/values/1-880-222-3>		<http://ids.clld.org/parameters/1-880>		<http://ids.clld.org/values/1-880-823-1>		"ku:r.1"@scb-x-rucc1239	
"kʷow-yoh"@azz	<http://ids.clld.org/values/1-410-222-1>		<http://ids.clld.org/parameters/1-410>		<http://ids.clld.org/values/1-410-823-1>		"brw.3"@scb-x-rucc1239	
"taa-"@azz	<http://ids.clld.org/values/17-560-222-3>		<http://ids.clld.org/parameters/17-560>		<http://ids.clld.org/values/17-560-823-1>		"lata.3"@scb-x-rucc1239	
"wewen-c̷in"@azz	<http://ids.clld.org/values/2-461-222-3>		<http://ids.clld.org/parameters/2-461>		<http://ids.clld.org/values/2-461-823-1>		"ʔo:ŋ.1 kuməʌk.4"@scb-x-rucc1239	
"i-taka-w"@azz	<http://ids.clld.org/values/2-310-222-3>		<http://ids.clld.org/parameters/2-310>		<http://ids.clld.org/values/2-310-823-1>		"məku:ń.3"@scb-x-rucc1239	
