"phuŋ.5"@cdy	<http://ids.clld.org/values/1-213-418-1>		<http://ids.clld.org/parameters/1-213>		<http://ids.clld.org/values/1-213-823-1>		"kəhɔ:j.3"@scb-x-rucc1239	
"kwe.2"@cdy	<http://ids.clld.org/values/17-560-418-1>		<http://ids.clld.org/parameters/17-560>		<http://ids.clld.org/values/17-560-823-1>		"lata.3"@scb-x-rucc1239	
"ku.4 nja:ŋ.1"@cdy	<http://ids.clld.org/values/2-261-418-1>		<http://ids.clld.org/parameters/2-261>		<http://ids.clld.org/values/2-261-823-1>		"puma:j.3"@scb-x-rucc1239	
"tha:n.4"@cdy	<http://ids.clld.org/values/1-890-418-1>		<http://ids.clld.org/parameters/1-890>		<http://ids.clld.org/values/1-890-823-1>		"laŋ.caŋ.1"@scb-x-rucc1239	
"jam.1"@cdy	<http://ids.clld.org/values/1-630-418-1>		<http://ids.clld.org/parameters/1-630>		<http://ids.clld.org/values/1-630-823-1>		"pɔ:ŋ.3"@scb-x-rucc1239	
"lən.1"@cdy	<http://ids.clld.org/values/2-100-418-1>		<http://ids.clld.org/parameters/2-100>		<http://ids.clld.org/values/2-100-823-1>		"ŋa:j.2"@scb-x-rucc1239	
"fa.3 kəm.4"@cdy	<http://ids.clld.org/values/1-560-418-1>		<http://ids.clld.org/parameters/1-560>		<http://ids.clld.org/values/1-560-823-1>		"krɨ:m.4"@scb-x-rucc1239	
"nham.3"@cdy	<http://ids.clld.org/values/1-310-418-1>		<http://ids.clld.org/parameters/1-310>		<http://ids.clld.org/values/1-310-823-1>		"da:k.3"@scb-x-rucc1239	
"kuŋ.4 ni.1"@cdy	<http://ids.clld.org/values/1-270-418-1>		<http://ids.clld.org/parameters/1-270>		<http://ids.clld.org/values/1-270-823-1>		"kupə:ŋ.1"@scb-x-rucc1239	
"ti.6"@cdy	<http://ids.clld.org/values/1-210-418-1>		<http://ids.clld.org/parameters/1-210>		<http://ids.clld.org/values/1-210-823-1>		"bə:n.3"@scb-x-rucc1239	
"zən.4 shai.3"@cdy	<http://ids.clld.org/values/1-540-418-1>		<http://ids.clld.org/parameters/1-540>		<http://ids.clld.org/values/1-540-823-1>		"kumi:ŋ.1"@scb-x-rucc1239	
"ta:u.4(3) fən.1"@cdy	<http://ids.clld.org/values/1-852-418-1>		<http://ids.clld.org/parameters/1-852>		<http://ids.clld.org/values/1-852-823-1>		"kɨcɔh.1"@scb-x-rucc1239	
"hwa.3"@cdy	<http://ids.clld.org/values/1-730-418-3>		<http://ids.clld.org/parameters/1-730>		<http://ids.clld.org/values/1-730-823-1>		"məl.1"@scb-x-rucc1239	
"ti.2 pi:k.7"@cdy	<http://ids.clld.org/values/2-220-418-1>		<http://ids.clld.org/parameters/2-220>		<http://ids.clld.org/values/2-220-823-1>		"pukj.3"@scb-x-rucc1239	
"li.2 fan.1"@cdy	<http://ids.clld.org/values/2-341-418-1>		<http://ids.clld.org/parameters/2-341>		<http://ids.clld.org/values/2-341-823-1>		"ßɨʌt.4"@scb-x-rucc1239	
"mi.2(4) luŋ.2"@cdy	<http://ids.clld.org/values/1-410-418-1>		<http://ids.clld.org/parameters/1-410>		<http://ids.clld.org/values/1-410-823-1>		"brw.3"@scb-x-rucc1239	
"cü.4 jan.2 kuŋ.1"@cdy	<http://ids.clld.org/values/2-611-418-1>		<http://ids.clld.org/parameters/2-611>		<http://ids.clld.org/values/2-611-823-1>		"pɨ.4 maju:ń.3"@scb-x-rucc1239	
"khəm.5 jak.7"@cdy	<http://ids.clld.org/values/1-214-418-1>		<http://ids.clld.org/parameters/1-214>		<http://ids.clld.org/values/1-214-823-1>		"la:r.4"@scb-x-rucc1239	
"mu:i.3 ka.1 ni.4"@cdy	<http://ids.clld.org/values/2-620-418-1>		<http://ids.clld.org/parameters/2-620>		<http://ids.clld.org/values/2-620-823-1>		"meɛ.4 makj.3"@scb-x-rucc1239	
"pan.5"@cdy	<http://ids.clld.org/values/1-370-418-1>		<http://ids.clld.org/parameters/1-370>		<http://ids.clld.org/values/1-370-823-1>		"ru:k.4"@scb-x-rucc1239	
"la:k.8"@cdy	<http://ids.clld.org/values/2-410-418-1>		<http://ids.clld.org/parameters/2-410>		<http://ids.clld.org/values/2-410-823-1>		"kɔ:n.1 puku:ń.3"@scb-x-rucc1239	
"ćam.1"@cdy	<http://ids.clld.org/values/2-522-418-1>		<http://ids.clld.org/parameters/2-522>		<http://ids.clld.org/values/2-522-823-2>		"ʔɔ.1"@scb-x-rucc1239	
"ćam.1"@cdy	<http://ids.clld.org/values/2-522-418-1>		<http://ids.clld.org/parameters/2-522>		<http://ids.clld.org/values/2-522-823-1>		"ja.1"@scb-x-rucc1239	
"ko.4 ko.6"@cdy	<http://ids.clld.org/values/2-444-418-3>		<http://ids.clld.org/parameters/2-444>		<http://ids.clld.org/values/2-444-823-1>		"məaŋ.4"@scb-x-rucc1239	
"fuk.7"@cdy	<http://ids.clld.org/values/1-840-418-1>		<http://ids.clld.org/parameters/1-840>		<http://ids.clld.org/values/1-840-823-1>		"tapeh.1"@scb-x-rucc1239	
"ni.1"@cdy	<http://ids.clld.org/values/1-360-418-1>		<http://ids.clld.org/parameters/1-360>		<http://ids.clld.org/values/1-360-823-1>		"ju:ŋ.4"@scb-x-rucc1239	
"ni.1"@cdy	<http://ids.clld.org/values/1-360-418-1>		<http://ids.clld.org/parameters/1-360>		<http://ids.clld.org/values/1-360-823-2>		"cərɔ:k.3"@scb-x-rucc1239	
"lak.8 lən.3(1) ti.4"@cdy	<http://ids.clld.org/values/2-270-418-1>		<http://ids.clld.org/parameters/2-270>		<http://ids.clld.org/values/2-270-823-1>		"kɔ:n.1"@scb-x-rucc1239	
"fa:i.4"@cdy	<http://ids.clld.org/values/2-444-418-1>		<http://ids.clld.org/parameters/2-444>		<http://ids.clld.org/values/2-444-823-1>		"məaŋ.4"@scb-x-rucc1239	
"la:k.8 pi:k.7"@cdy	<http://ids.clld.org/values/2-420-418-1>		<http://ids.clld.org/parameters/2-420>		<http://ids.clld.org/values/2-420-823-1>		"kɔ:n.1 pukj.3"@scb-x-rucc1239	
"lak.8 lən.3(1) teŋ.4"@cdy	<http://ids.clld.org/values/2-280-418-1>		<http://ids.clld.org/parameters/2-280>		<http://ids.clld.org/values/2-280-823-1>		"pucɔ:j.3"@scb-x-rucc1239	
"na:m.2"@cdy	<http://ids.clld.org/values/2-230-418-3>		<http://ids.clld.org/parameters/2-230>		<http://ids.clld.org/values/2-230-823-1>		"tɨk.4"@scb-x-rucc1239	
"khiŋ.3"@cdy	<http://ids.clld.org/values/1-215-418-1>		<http://ids.clld.org/parameters/1-215>		<http://ids.clld.org/values/1-215-823-1>		"təka:c.3"@scb-x-rucc1239	
"lak.8 ni.1"@cdy	<http://ids.clld.org/values/1-360-418-3>		<http://ids.clld.org/parameters/1-360>		<http://ids.clld.org/values/1-360-823-1>		"ju:ŋ.4"@scb-x-rucc1239	
"lak.8 ni.1"@cdy	<http://ids.clld.org/values/1-360-418-3>		<http://ids.clld.org/parameters/1-360>		<http://ids.clld.org/values/1-360-823-2>		"cərɔ:k.3"@scb-x-rucc1239	
"wi.1 kwan.2"@cdy	<http://ids.clld.org/values/1-830-418-3>		<http://ids.clld.org/parameters/1-830>		<http://ids.clld.org/values/1-830-823-1>		"kahɔ:j.3"@scb-x-rucc1239	
"wi.1 kwan.2"@cdy	<http://ids.clld.org/values/1-830-418-3>		<http://ids.clld.org/parameters/1-830>		<http://ids.clld.org/values/1-830-823-2>		"camaŋ.1"@scb-x-rucc1239	
"wi.1 kwan.2"@cdy	<http://ids.clld.org/values/1-830-418-3>		<http://ids.clld.org/parameters/1-830>		<http://ids.clld.org/values/1-830-823-3>		"patj.1"@scb-x-rucc1239	
"nuŋ.4"@cdy	<http://ids.clld.org/values/2-445-418-1>		<http://ids.clld.org/parameters/2-445>		<http://ids.clld.org/values/2-445-823-1>		"ceɛ.4"@scb-x-rucc1239	
"pa:n.1"@cdy	<http://ids.clld.org/values/2-310-418-1>		<http://ids.clld.org/parameters/2-310>		<http://ids.clld.org/values/2-310-823-1>		"məku:ń.3"@scb-x-rucc1239	
"kə.2 la:u.4 cü.3"@cdy	<http://ids.clld.org/values/2-461-418-1>		<http://ids.clld.org/parameters/2-461>		<http://ids.clld.org/values/2-461-823-1>		"ʔo:ŋ.1 kuməʌk.4"@scb-x-rucc1239	
"pa.5"@cdy	<http://ids.clld.org/values/2-512-418-1>		<http://ids.clld.org/parameters/2-512>		<http://ids.clld.org/values/2-512-823-1>		"pw.2"@scb-x-rucc1239	
"pa.5"@cdy	<http://ids.clld.org/values/2-512-418-1>		<http://ids.clld.org/parameters/2-512>		<http://ids.clld.org/values/2-512-823-2>		"poɔ.4"@scb-x-rucc1239	
"ka.2(1) puə.2"@cdy	<http://ids.clld.org/values/2-621-418-1>		<http://ids.clld.org/parameters/2-621>		<http://ids.clld.org/values/2-621-823-1>		"meɛ.4 maku:ń.3"@scb-x-rucc1239	
"hwon.1"@cdy	<http://ids.clld.org/values/1-750-418-3>		<http://ids.clld.org/parameters/1-750>		<http://ids.clld.org/values/1-750-823-1>		"kəməa.2"@scb-x-rucc1239	
"ma:i.4"@cdy	<http://ids.clld.org/values/2-320-418-1>		<http://ids.clld.org/parameters/2-320>		<http://ids.clld.org/values/2-320-823-1>		"makj.3"@scb-x-rucc1239	
"pok.8"@cdy	<http://ids.clld.org/values/1-324-418-1>		<http://ids.clld.org/parameters/1-324>		<http://ids.clld.org/values/1-324-823-1>		"pɔh.pɔh.1"@scb-x-rucc1239	
"ti.2 pa:n.1"@cdy	<http://ids.clld.org/values/2-210-418-1>		<http://ids.clld.org/parameters/2-210>		<http://ids.clld.org/values/2-210-823-1>		"puku:ń.3"@scb-x-rucc1239	
"ɨŋ.4(3) shai.3"@cdy	<http://ids.clld.org/values/1-630-418-3>		<http://ids.clld.org/parameters/1-630>		<http://ids.clld.org/values/1-630-823-1>		"pɔ:ŋ.3"@scb-x-rucc1239	
"no.4 ni.6"@cdy	<http://ids.clld.org/values/2-250-418-1>		<http://ids.clld.org/parameters/2-250>		<http://ids.clld.org/values/2-250-823-1>		"ba:w.1"@scb-x-rucc1239	
"pə.2 la:u.4 cü.3"@cdy	<http://ids.clld.org/values/2-471-418-1>		<http://ids.clld.org/parameters/2-471>		<http://ids.clld.org/values/2-471-823-1>		"moɔ.4 kuməʌk.4"@scb-x-rucc1239	
"ća:i.6"@cdy	<http://ids.clld.org/values/1-220-418-1>		<http://ids.clld.org/parameters/1-220>		<http://ids.clld.org/values/1-220-823-2>		"do:l.1"@scb-x-rucc1239	
"ća:i.6"@cdy	<http://ids.clld.org/values/1-220-418-1>		<http://ids.clld.org/parameters/1-220>		<http://ids.clld.org/values/1-220-823-1>		"cɨ:t.3"@scb-x-rucc1239	
"njeŋ.2 ka:ŋ.1"@cdy	<http://ids.clld.org/values/1-530-418-1>		<http://ids.clld.org/parameters/1-530>		<http://ids.clld.org/values/1-530-823-1>		"puləan.2"@scb-x-rucc1239	
"śin.3"@cdy	<http://ids.clld.org/values/1-222-418-1>		<http://ids.clld.org/parameters/1-222>		<http://ids.clld.org/values/1-222-823-1>		"kupə:ŋ.1"@scb-x-rucc1239	
"wi.1"@cdy	<http://ids.clld.org/values/1-810-418-1>		<http://ids.clld.org/parameters/1-810>		<http://ids.clld.org/values/1-810-823-1>		"ku:r.1"@scb-x-rucc1239	
"fa.3"@cdy	<http://ids.clld.org/values/1-730-418-1>		<http://ids.clld.org/parameters/1-730>		<http://ids.clld.org/values/1-730-823-1>		"məl.1"@scb-x-rucc1239	
"ta:i.6"@cdy	<http://ids.clld.org/values/2-454-418-1>		<http://ids.clld.org/parameters/2-454>		<http://ids.clld.org/values/2-454-823-1>		"cj.4"@scb-x-rucc1239	
"kjet.8 fan.1"@cdy	<http://ids.clld.org/values/2-330-418-1>		<http://ids.clld.org/parameters/2-330>		<http://ids.clld.org/values/2-330-823-2>		"lj.4 maku:ń.3"@scb-x-rucc1239	
"kjet.8 fan.1"@cdy	<http://ids.clld.org/values/2-330-418-1>		<http://ids.clld.org/parameters/2-330>		<http://ids.clld.org/values/2-330-823-3>		"dɔ:ŋ.1"@scb-x-rucc1239	
"kjet.8 fan.1"@cdy	<http://ids.clld.org/values/2-330-418-1>		<http://ids.clld.org/parameters/2-330>		<http://ids.clld.org/values/2-330-823-1>		"lj.4 makj.3"@scb-x-rucc1239	
"kha:n.1"@cdy	<http://ids.clld.org/values/2-480-418-1>		<http://ids.clld.org/parameters/2-480>		<http://ids.clld.org/values/2-480-823-1>		"cw.3"@scb-x-rucc1239	
"lak.8 pi:k.7"@cdy	<http://ids.clld.org/values/2-260-418-1>		<http://ids.clld.org/parameters/2-260>		<http://ids.clld.org/values/2-260-823-1>		"puma:j.3"@scb-x-rucc1239	
"ta:i.2 kjau.4"@cdy	<http://ids.clld.org/values/2-511-418-1>		<http://ids.clld.org/parameters/2-511>		<http://ids.clld.org/values/2-511-823-1>		"ta.1"@scb-x-rucc1239	
"ta:i.2 kjau.4"@cdy	<http://ids.clld.org/values/2-511-418-1>		<http://ids.clld.org/parameters/2-511>		<http://ids.clld.org/values/2-511-823-2>		"ta.1"@scb-x-rucc1239	
"ta:i.2 kjau.4"@cdy	<http://ids.clld.org/values/2-511-418-1>		<http://ids.clld.org/parameters/2-511>		<http://ids.clld.org/values/2-511-823-3>		"kw.4"@scb-x-rucc1239	
"khəm.5"@cdy	<http://ids.clld.org/values/1-212-418-1>		<http://ids.clld.org/parameters/1-212>		<http://ids.clld.org/values/1-212-823-1>		"bə:n.3"@scb-x-rucc1239	
"ha.3"@cdy	<http://ids.clld.org/values/4-760-418-1>		<http://ids.clld.org/parameters/4-760>		<http://ids.clld.org/values/4-760-823-1>		"kacit"@scb-x-rucc1239	
"fən.1"@cdy	<http://ids.clld.org/values/1-750-418-1>		<http://ids.clld.org/parameters/1-750>		<http://ids.clld.org/values/1-750-823-1>		"kəməa.2"@scb-x-rucc1239	
"lu.4(6) sü.3"@cdy	<http://ids.clld.org/values/1-640-418-1>		<http://ids.clld.org/parameters/1-640>		<http://ids.clld.org/values/1-640-823-1>		"da:k.3 mw.2"@scb-x-rucc1239	
"sü.4 shu:n.6"@cdy	<http://ids.clld.org/values/1-362-418-1>		<http://ids.clld.org/parameters/1-362>		<http://ids.clld.org/values/1-362-823-1>		"da:k.3 thuəj.3"@scb-x-rucc1239	
"puə.2"@cdy	<http://ids.clld.org/values/2-470-418-1>		<http://ids.clld.org/parameters/2-470>		<http://ids.clld.org/values/2-470-823-1>		"za.1"@scb-x-rucc1239	
"puə.2"@cdy	<http://ids.clld.org/values/2-470-418-1>		<http://ids.clld.org/parameters/2-470>		<http://ids.clld.org/values/2-470-823-2>		"na:j.1"@scb-x-rucc1239	
"ti.2 pa:n.1"@cdy	<http://ids.clld.org/values/2-230-418-1>		<http://ids.clld.org/parameters/2-230>		<http://ids.clld.org/values/2-230-823-1>		"tɨk.4"@scb-x-rucc1239	
"ŋa:u.1"@cdy	<http://ids.clld.org/values/4-170-418-1>		<http://ids.clld.org/parameters/4-170>		<http://ids.clld.org/values/4-170-823-1>		"krɨŋ"@scb-x-rucc1239	
"sü.4(3) choŋ.6"@cdy	<http://ids.clld.org/values/1-390-418-1>		<http://ids.clld.org/parameters/1-390>		<http://ids.clld.org/values/1-390-823-1>		"tha:k.3 da:k.3"@scb-x-rucc1239	
"ŋa:m.3"@cdy	<http://ids.clld.org/values/1-280-418-1>		<http://ids.clld.org/parameters/1-280>		<http://ids.clld.org/values/1-280-823-1>		"kɨ:p.4"@scb-x-rucc1239	
"cu.4 kuŋ.1"@cdy	<http://ids.clld.org/values/2-560-418-1>		<http://ids.clld.org/parameters/2-560>		<http://ids.clld.org/values/2-560-823-1>		"ʔo:ŋ.1 pluok.4"@scb-x-rucc1239	
"ta:i.2 ji.2"@cdy	<http://ids.clld.org/values/2-521-418-1>		<http://ids.clld.org/parameters/2-521>		<http://ids.clld.org/values/2-521-823-1>		"na:j.1"@scb-x-rucc1239	
"ta:i.2 ji.2"@cdy	<http://ids.clld.org/values/2-521-418-1>		<http://ids.clld.org/parameters/2-521>		<http://ids.clld.org/values/2-521-823-2>		"mɨ.4"@scb-x-rucc1239	
"pən.1"@cdy	<http://ids.clld.org/values/1-510-418-1>		<http://ids.clld.org/parameters/1-510>		<http://ids.clld.org/values/1-510-823-1>		"plə:j.2"@scb-x-rucc1239	
"ta:u.3"@cdy	<http://ids.clld.org/values/1-851-418-1>		<http://ids.clld.org/parameters/1-851>		<http://ids.clld.org/values/1-851-823-1>		"tu:c.3"@scb-x-rucc1239	
"la:u.4 ləŋ.1"@cdy	<http://ids.clld.org/values/1-240-418-1>		<http://ids.clld.org/parameters/1-240>		<http://ids.clld.org/values/1-240-823-1>		"ulu:ŋ.1"@scb-x-rucc1239	
"cəŋ.2"@cdy	<http://ids.clld.org/values/1-370-418-3>		<http://ids.clld.org/parameters/1-370>		<http://ids.clld.org/values/1-370-823-1>		"ru:k.4"@scb-x-rucc1239	
"cat.8 ńi.2"@cdy	<http://ids.clld.org/values/2-530-418-1>		<http://ids.clld.org/parameters/2-530>		<http://ids.clld.org/values/2-530-823-1>		"cw.3"@scb-x-rucc1239	
"lak.8 hau.2 seŋ.1"@cdy	<http://ids.clld.org/values/2-251-418-1>		<http://ids.clld.org/parameters/2-251>		<http://ids.clld.org/values/2-251-823-1>		"ba:w.1"@scb-x-rucc1239	
"ljeŋ.4 kaŋ.4 tuŋ.1"@cdy	<http://ids.clld.org/values/1-590-418-1>		<http://ids.clld.org/parameters/1-590>		<http://ids.clld.org/values/1-590-823-1>		"ro:ŋ.1"@scb-x-rucc1239	
"ti.1"@cdy	<http://ids.clld.org/values/2-350-418-1>		<http://ids.clld.org/parameters/2-350>		<http://ids.clld.org/values/2-350-823-1>		"pɨ.4"@scb-x-rucc1239	
"mu:i.3 ka.1 ti.1"@cdy	<http://ids.clld.org/values/2-610-418-1>		<http://ids.clld.org/parameters/2-610>		<http://ids.clld.org/values/2-610-823-1>		"pɨ.4 makj.#"@scb-x-rucc1239	
"cat.8 niu.4"@cdy	<http://ids.clld.org/values/2-540-418-1>		<http://ids.clld.org/parameters/2-540>		<http://ids.clld.org/values/2-540-823-1>		"cw.3"@scb-x-rucc1239	
"ti.2 pi:k.7"@cdy	<http://ids.clld.org/values/2-240-418-1>		<http://ids.clld.org/parameters/2-240>		<http://ids.clld.org/values/2-240-823-1>		"kj.3"@scb-x-rucc1239	
"kwan.2"@cdy	<http://ids.clld.org/values/1-830-418-1>		<http://ids.clld.org/parameters/1-830>		<http://ids.clld.org/values/1-830-823-1>		"kahɔ:j.3"@scb-x-rucc1239	
"kwan.2"@cdy	<http://ids.clld.org/values/1-830-418-1>		<http://ids.clld.org/parameters/1-830>		<http://ids.clld.org/values/1-830-823-2>		"camaŋ.1"@scb-x-rucc1239	
"kwan.2"@cdy	<http://ids.clld.org/values/1-830-418-1>		<http://ids.clld.org/parameters/1-830>		<http://ids.clld.org/values/1-830-823-3>		"patj.1"@scb-x-rucc1239	
"fa:i.4 nuŋ.4 ta:i.6 mai.4"@cdy	<http://ids.clld.org/values/2-456-418-1>		<http://ids.clld.org/parameters/2-456>		<http://ids.clld.org/values/2-456-823-1>		"ceɛ.4 məaŋ.4"@scb-x-rucc1239	
"muŋ.3 lu.2 ji:n.1"@cdy	<http://ids.clld.org/values/1-740-418-1>		<http://ids.clld.org/parameters/1-740>		<http://ids.clld.org/values/1-740-823-1>		"tulu:k.3"@scb-x-rucc1239	
"fən.1 lək.8"@cdy	<http://ids.clld.org/values/1-580-418-1>		<http://ids.clld.org/parameters/1-580>		<http://ids.clld.org/values/1-580-823-1>		"pa:w.4"@scb-x-rucc1239	
"koŋ.1"@cdy	<http://ids.clld.org/values/2-460-418-1>		<http://ids.clld.org/parameters/2-460>		<http://ids.clld.org/values/2-460-823-1>		"pw.1"@scb-x-rucc1239	
"koŋ.1"@cdy	<http://ids.clld.org/values/2-460-418-1>		<http://ids.clld.org/parameters/2-460>		<http://ids.clld.org/values/2-460-823-2>		"ta.1"@scb-x-rucc1239	
"lət.7"@cdy	<http://ids.clld.org/values/1-880-418-1>		<http://ids.clld.org/parameters/1-880>		<http://ids.clld.org/values/1-880-823-1>		"ku:r.1"@scb-x-rucc1239	
"ni.4 la:p.8 njaŋ.3"@cdy	<http://ids.clld.org/values/1-550-418-1>		<http://ids.clld.org/parameters/1-550>		<http://ids.clld.org/values/1-550-823-1>		"ala:r.3"@scb-x-rucc1239	
"ni.4 fai.5"@cdy	<http://ids.clld.org/values/1-520-418-1>		<http://ids.clld.org/parameters/1-520>		<http://ids.clld.org/values/1-520-823-1>		"məʌt.4 kara:ŋ.1"@scb-x-rucc1239	
"niu.4"@cdy	<http://ids.clld.org/values/2-240-418-3>		<http://ids.clld.org/parameters/2-240>		<http://ids.clld.org/values/2-240-823-1>		"kj.3"@scb-x-rucc1239	
"tjem.3 wi.1"@cdy	<http://ids.clld.org/values/1-860-418-1>		<http://ids.clld.org/parameters/1-860>		<http://ids.clld.org/values/1-860-823-1>		"tu:c.3"@scb-x-rucc1239	
"ləm.1"@cdy	<http://ids.clld.org/values/1-720-418-1>		<http://ids.clld.org/parameters/1-720>		<http://ids.clld.org/values/1-720-823-1>		"kajɔ.3"@scb-x-rucc1239	
"mai.4"@cdy	<http://ids.clld.org/values/2-455-418-1>		<http://ids.clld.org/parameters/2-455>		<http://ids.clld.org/values/2-455-823-1>		"ceɛ.$"@scb-x-rucc1239	
"lak.8 pi:k.7 kha:n.1"@cdy	<http://ids.clld.org/values/2-490-418-1>		<http://ids.clld.org/parameters/2-490>		<http://ids.clld.org/values/2-490-823-1>		"cw.3"@scb-x-rucc1239	
"mok.8 tau.2"@cdy	<http://ids.clld.org/values/1-430-418-1>		<http://ids.clld.org/parameters/1-430>		<http://ids.clld.org/values/1-430-823-1>		"kəʌj.2"@scb-x-rucc1239	
