"ta:n.1"@cdy	<http://ids.clld.org/values/13-330-418-3>		<http://ids.clld.org/parameters/13-330>		<http://ids.clld.org/values/13-330-264-1>		"pxe ~ pxa"@cuj	
"na.3 tak.7"@cdy	<http://ids.clld.org/values/4-400-418-1>		<http://ids.clld.org/parameters/4-400>		<http://ids.clld.org/values/4-400-264-1>		"tľo"@cuj	
"phuŋ.5"@cdy	<http://ids.clld.org/values/1-213-418-1>		<http://ids.clld.org/parameters/1-213>		<http://ids.clld.org/values/1-213-264-1>		"pahi"@cuj	
"she.5"@cdy	<http://ids.clld.org/values/12-560-418-1>		<http://ids.clld.org/parameters/12-560>		<http://ids.clld.org/values/12-560-264-1>		"mtɨ-rɨ"@cuj	
"ne.5"@cdy	<http://ids.clld.org/values/4-910-418-1>		<http://ids.clld.org/parameters/4-910>		<http://ids.clld.org/values/4-910-264-1>		"hama"@cuj	
"ne.5"@cdy	<http://ids.clld.org/values/4-910-418-1>		<http://ids.clld.org/parameters/4-910>		<http://ids.clld.org/values/4-910-264-3>		"hipčiha"@cuj	
"ka:i.5"@cdy	<http://ids.clld.org/values/3-550-418-1>		<http://ids.clld.org/parameters/3-550>		<http://ids.clld.org/values/3-550-264-1>		"hatʸawripa"@cuj	
"maŋ.4"@cdy	<http://ids.clld.org/values/16-270-418-1>		<http://ids.clld.org/parameters/16-270>		<http://ids.clld.org/values/16-270-264-3>		"hišinika"@cuj	
"maŋ.4"@cdy	<http://ids.clld.org/values/16-270-418-1>		<http://ids.clld.org/parameters/16-270>		<http://ids.clld.org/values/16-270-264-1>		"haľɨka"@cuj	
"jin.4 ci.3"@cdy	<http://ids.clld.org/values/7-150-418-1>		<http://ids.clld.org/parameters/7-150>		<http://ids.clld.org/values/7-150-264-1>		"pɨtɨ"@cuj	
"kwe.2"@cdy	<http://ids.clld.org/values/17-560-418-1>		<http://ids.clld.org/parameters/17-560>		<http://ids.clld.org/values/17-560-264-3>		"hike"@cuj	
"kwe.2"@cdy	<http://ids.clld.org/values/17-560-418-1>		<http://ids.clld.org/parameters/17-560>		<http://ids.clld.org/values/17-560-264-1>		"hi"@cuj	
"ku.4 nja:ŋ.1"@cdy	<http://ids.clld.org/values/2-261-418-1>		<http://ids.clld.org/parameters/2-261>		<http://ids.clld.org/values/2-261-264-3>		"mkapyaľo"@cuj	
"ku.4 nja:ŋ.1"@cdy	<http://ids.clld.org/values/2-261-418-1>		<http://ids.clld.org/parameters/2-261>		<http://ids.clld.org/values/2-261-264-1>		"mhanɨrɨto"@cuj	
"nük.7"@cdy	<http://ids.clld.org/values/5-160-418-1>		<http://ids.clld.org/parameters/5-160>		<http://ids.clld.org/values/5-160-264-1>		"haši-ča"@cuj	
"ćuŋ.1"@cdy	<http://ids.clld.org/values/20-240-418-1>		<http://ids.clld.org/parameters/20-240>		<http://ids.clld.org/values/20-240-264-1>		"twa (?)"@cuj	
"tha:n.4"@cdy	<http://ids.clld.org/values/1-890-418-1>		<http://ids.clld.org/parameters/1-890>		<http://ids.clld.org/values/1-890-264-1>		"ksamome"@cuj	
"man.2"@cdy	<http://ids.clld.org/values/5-791-418-1>		<http://ids.clld.org/parameters/5-791>		<http://ids.clld.org/values/5-791-264-1>		"nhi-či"@cuj	
"lu:n.4"@cdy	<http://ids.clld.org/values/5-181-418-1>		<http://ids.clld.org/parameters/5-181>		<http://ids.clld.org/values/5-181-264-1>		"nikľoka"@cuj	
"jam.1"@cdy	<http://ids.clld.org/values/1-630-418-1>		<http://ids.clld.org/parameters/1-630>		<http://ids.clld.org/values/1-630-264-1>		"mayawľɨ"@cuj	
"jam.1"@cdy	<http://ids.clld.org/values/1-630-418-1>		<http://ids.clld.org/parameters/1-630>		<http://ids.clld.org/values/1-630-264-3>		"čikľe"@cuj	
"piŋ.1"@cdy	<http://ids.clld.org/values/10-370-418-1>		<http://ids.clld.org/parameters/10-370>		<http://ids.clld.org/values/10-370-264-1>		"haľna"@cuj	
"taŋ.6 shiu.3"@cdy	<http://ids.clld.org/values/4-990-418-1>		<http://ids.clld.org/parameters/4-990>		<http://ids.clld.org/values/4-990-264-1>		"mamkatɨ"@cuj	
"hjet.7"@cdy	<http://ids.clld.org/values/4-912-418-1>		<http://ids.clld.org/parameters/4-912>		<http://ids.clld.org/values/4-912-264-1>		"hapnanɨta"@cuj	
"pu.6 nham.3"@cdy	<http://ids.clld.org/values/5-860-418-1>		<http://ids.clld.org/parameters/5-860>		<http://ids.clld.org/values/5-860-264-1>		"t-nɨ-ha"@cuj	
"fa.3 kəm.4"@cdy	<http://ids.clld.org/values/1-560-418-1>		<http://ids.clld.org/parameters/1-560>		<http://ids.clld.org/values/1-560-264-1>		"hitľohita"@cuj	
"khuŋ.4(1) khi.6"@cdy	<http://ids.clld.org/values/1-710-418-1>		<http://ids.clld.org/parameters/1-710>		<http://ids.clld.org/values/1-710-264-1>		"kawľerɨ"@cuj	
"sok.7"@cdy	<http://ids.clld.org/values/2-510-418-1>		<http://ids.clld.org/parameters/2-510>		<http://ids.clld.org/values/2-510-264-1>		"hikoxirɨ"@cuj	
"kam.1"@cdy	<http://ids.clld.org/values/15-370-418-1>		<http://ids.clld.org/parameters/15-370>		<http://ids.clld.org/values/15-370-264-1>		"psaľo"@cuj	
"mi.4 ljen.1"@cdy	<http://ids.clld.org/values/8-760-418-1>		<http://ids.clld.org/parameters/8-760>		<http://ids.clld.org/values/8-760-264-1>		"kši"@cuj	
"mi.4 ljen.1"@cdy	<http://ids.clld.org/values/8-760-418-1>		<http://ids.clld.org/parameters/8-760>		<http://ids.clld.org/values/8-760-264-3>		"šikhaľɨ"@cuj	
"pa:k.7"@cdy	<http://ids.clld.org/values/4-240-418-1>		<http://ids.clld.org/parameters/4-240>		<http://ids.clld.org/values/4-240-264-1>		"nama"@cuj	
"nham.3"@cdy	<http://ids.clld.org/values/1-310-418-1>		<http://ids.clld.org/parameters/1-310>		<http://ids.clld.org/values/1-310-264-1>		"ha"@cuj	
"nham.3"@cdy	<http://ids.clld.org/values/1-310-418-1>		<http://ids.clld.org/parameters/1-310>		<http://ids.clld.org/values/1-310-264-3>		"honɨ"@cuj	
"chü.1"@cdy	<http://ids.clld.org/values/10-340-418-1>		<http://ids.clld.org/parameters/10-340>		<http://ids.clld.org/values/10-340-264-1>		"hikmahata"@cuj	
"kuk.7"@cdy	<http://ids.clld.org/values/6-120-418-1>		<http://ids.clld.org/parameters/6-120>		<http://ids.clld.org/values/6-120-264-1>		"mka"@cuj	
"kuŋ.4 ni.1"@cdy	<http://ids.clld.org/values/1-270-418-1>		<http://ids.clld.org/parameters/1-270>		<http://ids.clld.org/values/1-270-264-1>		"wakanɨ"@cuj	
"fe.4 tu.2 na.4"@cdy	<http://ids.clld.org/values/4-670-418-1>		<http://ids.clld.org/parameters/4-670>		<http://ids.clld.org/values/4-670-264-1>		"kapere"@cuj	
"shüt.7"@cdy	<http://ids.clld.org/values/16-290-418-1>		<http://ids.clld.org/parameters/16-290>		<http://ids.clld.org/values/16-290-264-1>		"hamľɨta"@cuj	
"shüt.7"@cdy	<http://ids.clld.org/values/16-290-418-1>		<http://ids.clld.org/parameters/16-290>		<http://ids.clld.org/values/16-290-264-3>		"hapčoka"@cuj	
"zü.2"@cdy	<http://ids.clld.org/values/3-850-418-1>		<http://ids.clld.org/parameters/3-850>		<http://ids.clld.org/values/3-850-264-3>		"pi"@cuj	
"zü.2"@cdy	<http://ids.clld.org/values/3-850-418-1>		<http://ids.clld.org/parameters/3-850>		<http://ids.clld.org/values/3-850-264-1>		"himnɨ"@cuj	
"lo.4 jiu.6"@cdy	<http://ids.clld.org/values/3-585-418-1>		<http://ids.clld.org/parameters/3-585>		<http://ids.clld.org/values/3-585-264-1>		"koyano"@cuj	
"lo.4 jiu.6"@cdy	<http://ids.clld.org/values/3-585-418-1>		<http://ids.clld.org/parameters/3-585>		<http://ids.clld.org/values/3-585-264-3>		"koyataľe"@cuj	
"pa:k.7 jü.1"@cdy	<http://ids.clld.org/values/4-560-418-1>		<http://ids.clld.org/parameters/4-560>		<http://ids.clld.org/values/4-560-264-1>		"c̷kaha"@cuj	
"fe.6"@cdy	<http://ids.clld.org/values/4-441-418-1>		<http://ids.clld.org/parameters/4-441>		<http://ids.clld.org/values/4-441-264-1>		"čiyľe ~ čiiľe"@cuj	
"ta:u.1"@cdy	<http://ids.clld.org/values/7-420-418-1>		<http://ids.clld.org/parameters/7-420>		<http://ids.clld.org/values/7-420-264-1>		"xeko"@cuj	
"jeu.1"@cdy	<http://ids.clld.org/values/4-462-418-1>		<http://ids.clld.org/parameters/4-462>		<http://ids.clld.org/values/4-462-264-1>		"pčixi"@cuj	
"sho.4 ka:p.7"@cdy	<http://ids.clld.org/values/3-816-418-1>		<http://ids.clld.org/parameters/3-816>		<http://ids.clld.org/values/3-816-264-1>		"kačipkočirotero"@cuj	
"cau.4"@cdy	<http://ids.clld.org/values/11-130-418-3>		<http://ids.clld.org/parameters/11-130>		<http://ids.clld.org/values/11-130-264-1>		"hani-ka"@cuj	
"la:u.6"@cdy	<http://ids.clld.org/values/13-330-418-1>		<http://ids.clld.org/parameters/13-330>		<http://ids.clld.org/values/13-330-264-1>		"pxe ~ pxa"@cuj	
"tai.2 lən.1"@cdy	<http://ids.clld.org/values/4-730-418-1>		<http://ids.clld.org/parameters/4-730>		<http://ids.clld.org/values/4-730-264-1>		"mɨšiwata"@cuj	
"me.4 niŋ.5"@cdy	<http://ids.clld.org/values/13-230-418-1>		<http://ids.clld.org/parameters/13-230>		<http://ids.clld.org/values/13-230-264-1>		"psoxi"@cuj	
"wu:ŋ.2 fuŋ.1"@cdy	<http://ids.clld.org/values/3-823-418-3>		<http://ids.clld.org/parameters/3-823>		<http://ids.clld.org/values/3-823-264-1>		"sanɨ"@cuj	
"sü.3 kau.1"@cdy	<http://ids.clld.org/values/8-170-418-1>		<http://ids.clld.org/parameters/8-170>		<http://ids.clld.org/values/8-170-264-1>		"tľapa"@cuj	
"je.2"@cdy	<http://ids.clld.org/values/2-910-418-1>		<http://ids.clld.org/parameters/2-910>		<http://ids.clld.org/values/2-910-264-1>		"hita"@cuj	
"je.2"@cdy	<http://ids.clld.org/values/2-910-418-1>		<http://ids.clld.org/parameters/2-910>		<http://ids.clld.org/values/2-910-264-3>		"-no"@cuj	
"shət.7"@cdy	<http://ids.clld.org/values/4-180-418-1>		<http://ids.clld.org/parameters/4-180>		<http://ids.clld.org/values/4-180-264-1>		"nši"@cuj	
"ku.4 hon.4 puə.2"@cdy	<http://ids.clld.org/values/2-760-418-1>		<http://ids.clld.org/parameters/2-760>		<http://ids.clld.org/values/2-760-264-1>		"hipnahnɨrɨtačro"@cuj	
"pe.1"@cdy	<http://ids.clld.org/values/14-730-418-1>		<http://ids.clld.org/parameters/14-730>		<http://ids.clld.org/values/14-730-264-1>		"waľapɨ"@cuj	
"ti.6"@cdy	<http://ids.clld.org/values/1-210-418-1>		<http://ids.clld.org/parameters/1-210>		<http://ids.clld.org/values/1-210-264-1>		"čixi"@cuj	
"ni.4 njuŋ.4"@cdy	<http://ids.clld.org/values/3-830-418-1>		<http://ids.clld.org/parameters/3-830>		<http://ids.clld.org/values/3-830-264-3>		"yowini"@cuj	
"ni.4 njuŋ.4"@cdy	<http://ids.clld.org/values/3-830-418-1>		<http://ids.clld.org/parameters/3-830>		<http://ids.clld.org/values/3-830-264-1>		"xemxerne"@cuj	
"ljep.8"@cdy	<http://ids.clld.org/values/5-122-418-1>		<http://ids.clld.org/parameters/5-122>		<http://ids.clld.org/values/5-122-264-1>		"herotɨ"@cuj	
"thu.5"@cdy	<http://ids.clld.org/values/3-614-418-1>		<http://ids.clld.org/parameters/3-614>		<http://ids.clld.org/values/3-614-264-1>		"waľo"@cuj	
"ćo.3"@cdy	<http://ids.clld.org/values/4-200-418-1>		<http://ids.clld.org/parameters/4-200>		<http://ids.clld.org/values/4-200-264-1>		"xiwɨ"@cuj	
"za.2 jam.1"@cdy	<http://ids.clld.org/values/15-440-418-1>		<http://ids.clld.org/parameters/15-440>		<http://ids.clld.org/values/15-440-264-1>		"hima"@cuj	
"ki.4(6) niu.4"@cdy	<http://ids.clld.org/values/2-740-418-1>		<http://ids.clld.org/parameters/2-740>		<http://ids.clld.org/values/2-740-264-1>		"kosčekyehrerɨ"@cuj	
"sən.1"@cdy	<http://ids.clld.org/values/4-393-418-1>		<http://ids.clld.org/parameters/4-393>		<http://ids.clld.org/values/4-393-264-1>		"mexi"@cuj	
"ku.4 ni.6"@cdy	<http://ids.clld.org/values/4-492-418-1>		<http://ids.clld.org/parameters/4-492>		<http://ids.clld.org/values/4-492-264-1>		"ksɨ"@cuj	
"ku.4 ni.6"@cdy	<http://ids.clld.org/values/4-492-418-1>		<http://ids.clld.org/parameters/4-492>		<http://ids.clld.org/values/4-492-264-3>		"sme"@cuj	
"ha:m.4 cəŋ.3"@cdy	<http://ids.clld.org/values/20-640-418-1>		<http://ids.clld.org/parameters/20-640>		<http://ids.clld.org/values/20-640-264-1>		"hic̷ekľɨ"@cuj	
"mian.2 wa.1"@cdy	<http://ids.clld.org/values/6-240-418-1>		<http://ids.clld.org/parameters/6-240>		<http://ids.clld.org/values/6-240-264-1>		"waphɨ"@cuj	
"tu.2 ta:u.3"@cdy	<http://ids.clld.org/values/12-110-418-1>		<http://ids.clld.org/parameters/12-110>		<http://ids.clld.org/values/12-110-264-1>		"-waka"@cuj	
"pek.7"@cdy	<http://ids.clld.org/values/13-105-418-1>		<http://ids.clld.org/parameters/13-105>		<http://ids.clld.org/values/13-105-264-1>		"[pača]"@cuj	
"ti.4 ńau.2"@cdy	<http://ids.clld.org/values/3-815-418-1>		<http://ids.clld.org/parameters/3-815>		<http://ids.clld.org/values/3-815-264-1>		"hekľo"@cuj	
"chü.1 sa:u.6"@cdy	<http://ids.clld.org/values/18-170-418-1>		<http://ids.clld.org/parameters/18-170>		<http://ids.clld.org/values/18-170-264-1>		"xroľoxi"@cuj	
"nho.1"@cdy	<http://ids.clld.org/values/15-860-418-1>		<http://ids.clld.org/parameters/15-860>		<http://ids.clld.org/values/15-860-264-1>		"kačik-ľe-rɨ"@cuj	
"sü.3 pha:u.5"@cdy	<http://ids.clld.org/values/4-855-418-1>		<http://ids.clld.org/parameters/4-855>		<http://ids.clld.org/values/4-855-264-1>		"xitho"@cuj	
"sü.3 pha:u.5"@cdy	<http://ids.clld.org/values/4-855-418-1>		<http://ids.clld.org/parameters/4-855>		<http://ids.clld.org/values/4-855-264-3>		"ximľewata"@cuj	
"meu.4"@cdy	<http://ids.clld.org/values/3-620-418-1>		<http://ids.clld.org/parameters/3-620>		<http://ids.clld.org/values/3-620-264-1>		"mišito"@cuj	
"thau.5"@cdy	<http://ids.clld.org/values/10-550-418-1>		<http://ids.clld.org/parameters/10-550>		<http://ids.clld.org/values/10-550-264-1>		"ha-po-ka"@cuj	
"chu.3"@cdy	<http://ids.clld.org/values/16-820-418-1>		<http://ids.clld.org/parameters/16-820>		<http://ids.clld.org/values/16-820-264-1>		"hiktɨ"@cuj	
"ket.7"@cdy	<http://ids.clld.org/values/9-192-418-1>		<http://ids.clld.org/parameters/9-192>		<http://ids.clld.org/values/9-192-264-3>		"skiwa"@cuj	
"ket.7"@cdy	<http://ids.clld.org/values/9-192-418-1>		<http://ids.clld.org/parameters/9-192>		<http://ids.clld.org/values/9-192-264-1>		"hišriskiwľɨ"@cuj	
"toi.6"@cdy	<http://ids.clld.org/values/5-590-418-1>		<http://ids.clld.org/parameters/5-590>		<http://ids.clld.org/values/5-590-264-1>		"hitɨsc̷i"@cuj	
"shəŋ.4 lu.1"@cdy	<http://ids.clld.org/values/8-931-418-1>		<http://ids.clld.org/parameters/8-931>		<http://ids.clld.org/values/8-931-264-1>		"c̷oľya"@cuj	
"zən.4 shai.3"@cdy	<http://ids.clld.org/values/1-540-418-1>		<http://ids.clld.org/parameters/1-540>		<http://ids.clld.org/values/1-540-264-1>		"katahiri"@cuj	
"jai.5"@cdy	<http://ids.clld.org/values/13-107-418-1>		<http://ids.clld.org/parameters/13-107>		<http://ids.clld.org/values/13-107-264-1>		"yanta-ta"@cuj	
"ni.4"@cdy	<http://ids.clld.org/values/2-360-418-1>		<http://ids.clld.org/parameters/2-360>		<http://ids.clld.org/values/2-360-264-3>		"hin-ro"@cuj	
"ni.4"@cdy	<http://ids.clld.org/values/2-360-418-1>		<http://ids.clld.org/parameters/2-360>		<http://ids.clld.org/values/2-360-264-1>		"nato"@cuj	
"ćim.1"@cdy	<http://ids.clld.org/values/9-640-418-1>		<http://ids.clld.org/parameters/9-640>		<http://ids.clld.org/values/9-640-264-1>		"kori"@cuj	
"ni.4 mat.7"@cdy	<http://ids.clld.org/values/3-813-418-1>		<http://ids.clld.org/parameters/3-813>		<http://ids.clld.org/values/3-813-264-1>		"kočopa"@cuj	
"siŋ.4 jam.1"@cdy	<http://ids.clld.org/values/18-110-418-1>		<http://ids.clld.org/parameters/18-110>		<http://ids.clld.org/values/18-110-264-1>		"pľaxi"@cuj	
"mok.8 kak.8"@cdy	<http://ids.clld.org/values/8-691-418-1>		<http://ids.clld.org/parameters/8-691>		<http://ids.clld.org/values/8-691-264-1>		"kašimpo"@cuj	
"fa:n.1"@cdy	<http://ids.clld.org/values/15-350-418-1>		<http://ids.clld.org/parameters/15-350>		<http://ids.clld.org/values/15-350-264-1>		"počwa-ľɨ"@cuj	
"ćo.3 pu:ŋ.1"@cdy	<http://ids.clld.org/values/4-930-418-1>		<http://ids.clld.org/parameters/4-930>		<http://ids.clld.org/values/4-930-264-1>		"hopoľha"@cuj	
"śi:ŋ.6 sham.1"@cdy	<http://ids.clld.org/values/16-440-418-1>		<http://ids.clld.org/parameters/16-440>		<http://ids.clld.org/values/16-440-264-3>		"hokči"@cuj	
"śi:ŋ.6 sham.1"@cdy	<http://ids.clld.org/values/16-440-418-1>		<http://ids.clld.org/parameters/16-440>		<http://ids.clld.org/values/16-440-264-1>		"hoktata"@cuj	
"fa:ŋ.1"@cdy	<http://ids.clld.org/values/6-350-418-1>		<http://ids.clld.org/parameters/6-350>		<http://ids.clld.org/values/6-350-264-1>		"yo-c̷-ha"@cuj	
"lo.6"@cdy	<http://ids.clld.org/values/5-640-418-1>		<http://ids.clld.org/parameters/5-640>		<http://ids.clld.org/values/5-640-264-1>		"čopi"@cuj	
"ni.4 ta.1 ńe.6"@cdy	<http://ids.clld.org/values/3-832-418-1>		<http://ids.clld.org/parameters/3-832>		<http://ids.clld.org/values/3-832-264-1>		"hahyo"@cuj	
"pe.4 će.4"@cdy	<http://ids.clld.org/values/4-660-418-1>		<http://ids.clld.org/parameters/4-660>		<http://ids.clld.org/values/4-660-264-1>		"hička-ta"@cuj	
"hwa.3"@cdy	<http://ids.clld.org/values/1-730-418-3>		<http://ids.clld.org/parameters/1-730>		<http://ids.clld.org/values/1-730-264-1>		"kyačhapererɨmko"@cuj	
"ću.3"@cdy	<http://ids.clld.org/values/13-90-418-1>		<http://ids.clld.org/parameters/13-90>		<http://ids.clld.org/values/13-90-264-1>		"mtɨrɨxi"@cuj	
"nən.2"@cdy	<http://ids.clld.org/values/16-710-418-1>		<http://ids.clld.org/parameters/16-710>		<http://ids.clld.org/values/16-710-264-1>		"kihľe"@cuj	
"ta.4 la:i.1 kut.7"@cdy	<http://ids.clld.org/values/4-191-418-1>		<http://ids.clld.org/parameters/4-191>		<http://ids.clld.org/values/4-191-264-1>		"hayixi"@cuj	
"ji:ŋ.4 kjen.3"@cdy	<http://ids.clld.org/values/6-950-418-1>		<http://ids.clld.org/parameters/6-950>		<http://ids.clld.org/values/6-950-264-1>		"[hawo]"@cuj	
"lak.8 khun.1"@cdy	<http://ids.clld.org/values/10-720-418-1>		<http://ids.clld.org/parameters/10-720>		<http://ids.clld.org/values/10-720-264-1>		"hapo"@cuj	
"sa:p.7 sa:p.7 wa.6"@cdy	<http://ids.clld.org/values/18-150-418-1>		<http://ids.clld.org/parameters/18-150>		<http://ids.clld.org/values/18-150-264-1>		"himsaľe-wata"@cuj	
"mi.4"@cdy	<http://ids.clld.org/values/1-420-418-1>		<http://ids.clld.org/parameters/1-420>		<http://ids.clld.org/values/1-420-264-3>		"hah-mɨna"@cuj	
"mi.4"@cdy	<http://ids.clld.org/values/1-420-418-1>		<http://ids.clld.org/parameters/1-420>		<http://ids.clld.org/values/1-420-264-1>		"mɨna"@cuj	
"tin.4(1) kwa.1"@cdy	<http://ids.clld.org/values/4-350-418-1>		<http://ids.clld.org/parameters/4-350>		<http://ids.clld.org/values/4-350-264-3>		"tpaľi"@cuj	
"tin.4(1) kwa.1"@cdy	<http://ids.clld.org/values/4-350-418-1>		<http://ids.clld.org/parameters/4-350>		<http://ids.clld.org/values/4-350-264-1>		"ksɨxe"@cuj	
"ja.3 na:n.4"@cdy	<http://ids.clld.org/values/3-110-418-3>		<http://ids.clld.org/parameters/3-110>		<http://ids.clld.org/values/3-110-264-1>		"pra"@cuj	
"ja.3 na:n.4"@cdy	<http://ids.clld.org/values/3-110-418-3>		<http://ids.clld.org/parameters/3-110>		<http://ids.clld.org/values/3-110-264-3>		"pɨra-"@cuj	
"ti.6(2) ji:p.8"@cdy	<http://ids.clld.org/values/1-450-418-1>		<http://ids.clld.org/parameters/1-450>		<http://ids.clld.org/values/1-450-264-1>		"hiyoľikčixrɨ"@cuj	
"tan.3"@cdy	<http://ids.clld.org/values/8-540-418-1>		<http://ids.clld.org/parameters/8-540>		<http://ids.clld.org/values/8-540-264-1>		"ko-c̷a"@cuj	
"tan.3"@cdy	<http://ids.clld.org/values/8-540-418-1>		<http://ids.clld.org/parameters/8-540>		<http://ids.clld.org/values/8-540-264-3>		"c̷ki"@cuj	
"sə.4(1) nun.5"@cdy	<http://ids.clld.org/values/4-144-418-1>		<http://ids.clld.org/parameters/4-144>		<http://ids.clld.org/values/4-144-264-3>		"šape"@cuj	
"sə.4(1) nun.5"@cdy	<http://ids.clld.org/values/4-144-418-1>		<http://ids.clld.org/parameters/4-144>		<http://ids.clld.org/values/4-144-264-1>		"pitʸi"@cuj	
"mian.6"@cdy	<http://ids.clld.org/values/12-360-418-1>		<http://ids.clld.org/parameters/12-360>		<http://ids.clld.org/values/12-360-264-1>		"tamnɨ"@cuj	
"sho.2"@cdy	<http://ids.clld.org/values/7-480-418-1>		<http://ids.clld.org/parameters/7-480>		<http://ids.clld.org/values/7-480-264-1>		"košo"@cuj	
"ti.2 pi:k.7"@cdy	<http://ids.clld.org/values/2-220-418-1>		<http://ids.clld.org/parameters/2-220>		<http://ids.clld.org/values/2-220-264-1>		"sɨtʸo"@cuj	
"kjau.4"@cdy	<http://ids.clld.org/values/2-510-418-5>		<http://ids.clld.org/parameters/2-510>		<http://ids.clld.org/values/2-510-264-1>		"hikoxirɨ"@cuj	
"be.1"@cdy	<http://ids.clld.org/values/18-260-418-1>		<http://ids.clld.org/parameters/18-260>		<http://ids.clld.org/values/18-260-264-1>		"tokanɨ"@cuj	
"pjen.1"@cdy	<http://ids.clld.org/values/6-921-418-1>		<http://ids.clld.org/parameters/6-921>		<http://ids.clld.org/values/6-921-264-1>		"kamapita"@cuj	
"mi.2(4) luŋ.2"@cdy	<http://ids.clld.org/values/1-410-418-1>		<http://ids.clld.org/parameters/1-410>		<http://ids.clld.org/values/1-410-264-1>		"hoša"@cuj	
"lak.8 cəm.2"@cdy	<http://ids.clld.org/values/12-850-418-3>		<http://ids.clld.org/parameters/12-850>		<http://ids.clld.org/values/12-850-264-3>		"nama"@cuj	
"lak.8 cəm.2"@cdy	<http://ids.clld.org/values/12-850-418-3>		<http://ids.clld.org/parameters/12-850>		<http://ids.clld.org/values/12-850-264-1>		"pna"@cuj	
"luŋ.2"@cdy	<http://ids.clld.org/values/4-460-418-1>		<http://ids.clld.org/parameters/4-460>		<http://ids.clld.org/values/4-460-264-1>		"hička-mapa"@cuj	
"sa:m.3"@cdy	<http://ids.clld.org/values/10-450-418-1>		<http://ids.clld.org/parameters/10-450>		<http://ids.clld.org/values/10-450-264-1>		"yana"@cuj	
"təŋ.3"@cdy	<http://ids.clld.org/values/10-614-418-1>		<http://ids.clld.org/parameters/10-614>		<http://ids.clld.org/values/10-614-264-1>		"hic̷eptahľɨ"@cuj	
"pja.3"@cdy	<http://ids.clld.org/values/5-380-418-1>		<http://ids.clld.org/parameters/5-380>		<http://ids.clld.org/values/5-380-264-1>		"wa-ta"@cuj	
"məm.6"@cdy	<http://ids.clld.org/values/3-650-418-1>		<http://ids.clld.org/parameters/3-650>		<http://ids.clld.org/values/3-650-264-1>		"šima"@cuj	
"ni.4 nan.2"@cdy	<http://ids.clld.org/values/3-811-418-1>		<http://ids.clld.org/parameters/3-811>		<http://ids.clld.org/values/3-811-264-3>		"šep-či"@cuj	
"ni.4 nan.2"@cdy	<http://ids.clld.org/values/3-811-418-1>		<http://ids.clld.org/parameters/3-811>		<http://ids.clld.org/values/3-811-264-1>		"xepa"@cuj	
"kəm.2"@cdy	<http://ids.clld.org/values/12-850-418-1>		<http://ids.clld.org/parameters/12-850>		<http://ids.clld.org/values/12-850-264-3>		"nama"@cuj	
"kəm.2"@cdy	<http://ids.clld.org/values/12-850-418-1>		<http://ids.clld.org/parameters/12-850>		<http://ids.clld.org/values/12-850-264-1>		"pna"@cuj	
"śi:ŋ.4 khau.3"@cdy	<http://ids.clld.org/values/4-850-418-3>		<http://ids.clld.org/parameters/4-850>		<http://ids.clld.org/values/4-850-264-3>		"poc̷re"@cuj	
"śi:ŋ.4 khau.3"@cdy	<http://ids.clld.org/values/4-850-418-3>		<http://ids.clld.org/parameters/4-850>		<http://ids.clld.org/values/4-850-264-1>		"tre"@cuj	
"kwi.1"@cdy	<http://ids.clld.org/values/3-980-418-1>		<http://ids.clld.org/parameters/3-980>		<http://ids.clld.org/values/3-980-264-3>		"sɨprɨ"@cuj	
"kwi.1"@cdy	<http://ids.clld.org/values/3-980-418-1>		<http://ids.clld.org/parameters/3-980>		<http://ids.clld.org/values/3-980-264-1>		"čkipɨ"@cuj	
"kö.1"@cdy	<http://ids.clld.org/values/5-810-418-1>		<http://ids.clld.org/parameters/5-810>		<http://ids.clld.org/values/5-810-264-3>		"mro"@cuj	
"kö.1"@cdy	<http://ids.clld.org/values/5-810-418-1>		<http://ids.clld.org/parameters/5-810>		<http://ids.clld.org/values/5-810-264-1>		"[tɨwɨ]"@cuj	
"ta:i.2"@cdy	<http://ids.clld.org/values/7-440-418-1>		<http://ids.clld.org/parameters/7-440>		<http://ids.clld.org/values/7-440-264-1>		"kwa-ľɨ"@cuj	
"lu.2(6) zuə.2"@cdy	<http://ids.clld.org/values/3-583-418-1>		<http://ids.clld.org/parameters/3-583>		<http://ids.clld.org/values/3-583-264-1>		"hakapľa"@cuj	
"la.1 ca:p.7"@cdy	<http://ids.clld.org/values/4-215-418-3>		<http://ids.clld.org/parameters/4-215>		<http://ids.clld.org/values/4-215-264-1>		"hixpɨka"@cuj	
"la:m.2"@cdy	<http://ids.clld.org/values/15-670-418-1>		<http://ids.clld.org/parameters/15-670>		<http://ids.clld.org/values/15-670-264-1>		"poľe"@cuj	
"ćit.8"@cdy	<http://ids.clld.org/values/4-580-418-1>		<http://ids.clld.org/parameters/4-580>		<http://ids.clld.org/values/4-580-264-1>		"haškaka"@cuj	
"ćit.8"@cdy	<http://ids.clld.org/values/4-580-418-1>		<http://ids.clld.org/parameters/4-580>		<http://ids.clld.org/values/4-580-264-3>		"-ta"@cuj	
"tak.8 məm.4"@cdy	<http://ids.clld.org/values/3-818-418-1>		<http://ids.clld.org/parameters/3-818>		<http://ids.clld.org/values/3-818-264-1>		"pɨthana"@cuj	
"lhaŋ.1"@cdy	<http://ids.clld.org/values/15-520-418-1>		<http://ids.clld.org/parameters/15-520>		<http://ids.clld.org/values/15-520-264-1>		"heta"@cuj	
"la.1 sən.1"@cdy	<http://ids.clld.org/values/4-212-418-1>		<http://ids.clld.org/parameters/4-212>		<http://ids.clld.org/values/4-212-264-1>		"šawrɨ-ha"@cuj	
"pe.4 njeu.5"@cdy	<http://ids.clld.org/values/4-650-418-3>		<http://ids.clld.org/parameters/4-650>		<http://ids.clld.org/values/4-650-264-1>		"c̷ɨna-ka"@cuj	
"ji.5 ćim.3"@cdy	<http://ids.clld.org/values/13-140-418-1>		<http://ids.clld.org/parameters/13-140>		<http://ids.clld.org/values/13-140-264-3>		"ptowrɨ"@cuj	
"ji.5 ćim.3"@cdy	<http://ids.clld.org/values/13-140-418-1>		<http://ids.clld.org/parameters/13-140>		<http://ids.clld.org/values/13-140-264-1>		"pexnɨ"@cuj	
"ni.4 mət.8"@cdy	<http://ids.clld.org/values/3-817-418-1>		<http://ids.clld.org/parameters/3-817>		<http://ids.clld.org/values/3-817-264-1>		"pokhi"@cuj	
"tə.0 mə.5"@cdy	<http://ids.clld.org/values/17-640-418-1>		<http://ids.clld.org/parameters/17-640>		<http://ids.clld.org/values/17-640-264-1>		"kľa"@cuj	
"tə.0 mə.5"@cdy	<http://ids.clld.org/values/17-640-418-1>		<http://ids.clld.org/parameters/17-640>		<http://ids.clld.org/values/17-640-264-3>		"kľɨ"@cuj	
"fu:t.7"@cdy	<http://ids.clld.org/values/5-460-418-1>		<http://ids.clld.org/parameters/5-460>		<http://ids.clld.org/values/5-460-264-1>		"pata"@cuj	
"ćo.3 lu.2"@cdy	<http://ids.clld.org/values/4-202-418-1>		<http://ids.clld.org/parameters/4-202>		<http://ids.clld.org/values/4-202-264-1>		"xiwɨta"@cuj	
"hwa.5"@cdy	<http://ids.clld.org/values/8-560-418-1>		<http://ids.clld.org/parameters/8-560>		<http://ids.clld.org/values/8-560-264-1>		"sɨre"@cuj	
"khəm.5 jak.7"@cdy	<http://ids.clld.org/values/1-214-418-1>		<http://ids.clld.org/parameters/1-214>		<http://ids.clld.org/values/1-214-264-3>		"xpa"@cuj	
"khəm.5 jak.7"@cdy	<http://ids.clld.org/values/1-214-418-1>		<http://ids.clld.org/parameters/1-214>		<http://ids.clld.org/values/1-214-264-1>		"kaxpa"@cuj	
"ma.4 ljeu.2"@cdy	<http://ids.clld.org/values/3-760-418-1>		<http://ids.clld.org/parameters/3-760>		<http://ids.clld.org/values/3-760-264-1>		"čko-tɨ"@cuj	
"mu:i.3 ka.1 ni.4"@cdy	<http://ids.clld.org/values/2-620-418-1>		<http://ids.clld.org/parameters/2-620>		<http://ids.clld.org/values/2-620-264-1>		"himaxiro"@cuj	
"ta:u.3"@cdy	<http://ids.clld.org/values/9-160-418-1>		<http://ids.clld.org/parameters/9-160>		<http://ids.clld.org/values/9-160-264-1>		"hišrika"@cuj	
"mit.8 ta:ŋ.2"@cdy	<http://ids.clld.org/values/5-840-418-1>		<http://ids.clld.org/parameters/5-840>		<http://ids.clld.org/values/5-840-264-3>		"wroľ-ha"@cuj	
"mit.8 ta:ŋ.2"@cdy	<http://ids.clld.org/values/5-840-418-1>		<http://ids.clld.org/parameters/5-840>		<http://ids.clld.org/values/5-840-264-1>		"popnixirha"@cuj	
"jak.7"@cdy	<http://ids.clld.org/values/15-830-418-1>		<http://ids.clld.org/parameters/15-830>		<http://ids.clld.org/values/15-830-264-3>		"kha"@cuj	
"jak.7"@cdy	<http://ids.clld.org/values/15-830-418-1>		<http://ids.clld.org/parameters/15-830>		<http://ids.clld.org/values/15-830-264-1>		"hi-ha-ka"@cuj	
"kəp.7"@cdy	<http://ids.clld.org/values/3-950-418-1>		<http://ids.clld.org/parameters/3-950>		<http://ids.clld.org/values/3-950-264-1>		"toľo-x-rɨ"@cuj	
"lak.8 mhi.1"@cdy	<http://ids.clld.org/values/4-340-418-1>		<http://ids.clld.org/parameters/4-340>		<http://ids.clld.org/values/4-340-264-1>		"myoxi"@cuj	
"u.4"@cdy	<http://ids.clld.org/values/8-480-418-1>		<http://ids.clld.org/parameters/8-480>		<http://ids.clld.org/values/8-480-264-1>		"h[aroso]"@cuj	
"van.1 cuŋ.1"@cdy	<http://ids.clld.org/values/14-410-418-1>		<http://ids.clld.org/parameters/14-410>		<http://ids.clld.org/values/14-410-264-1>		"po-kamľa-ľɨ"@cuj	
"hwa.5"@cdy	<http://ids.clld.org/values/4-392-418-1>		<http://ids.clld.org/parameters/4-392>		<http://ids.clld.org/values/4-392-264-1>		"mexi"@cuj	
"fe.4 ha:m.4 cəŋ.3"@cdy	<http://ids.clld.org/values/20-650-418-1>		<http://ids.clld.org/parameters/20-650>		<http://ids.clld.org/values/20-650-264-1>		"hic̷eka"@cuj	
"la:k.8"@cdy	<http://ids.clld.org/values/2-410-418-1>		<http://ids.clld.org/parameters/2-410>		<http://ids.clld.org/values/2-410-264-1>		"tɨrɨ ~ hitɨrɨ"@cuj	
"śi:ŋ.4 toŋ.6"@cdy	<http://ids.clld.org/values/4-850-418-1>		<http://ids.clld.org/parameters/4-850>		<http://ids.clld.org/values/4-850-264-3>		"poc̷re"@cuj	
"śi:ŋ.4 toŋ.6"@cdy	<http://ids.clld.org/values/4-850-418-1>		<http://ids.clld.org/parameters/4-850>		<http://ids.clld.org/values/4-850-264-1>		"tre"@cuj	
"khuə.1"@cdy	<http://ids.clld.org/values/3-580-418-1>		<http://ids.clld.org/parameters/3-580>		<http://ids.clld.org/values/3-580-264-1>		"sreta"@cuj	
"khuə.1"@cdy	<http://ids.clld.org/values/3-580-418-1>		<http://ids.clld.org/parameters/3-580>		<http://ids.clld.org/values/3-580-264-3>		"šaľe"@cuj	
"la:u.4"@cdy	<http://ids.clld.org/values/12-50-418-1>		<http://ids.clld.org/parameters/12-50>		<http://ids.clld.org/values/12-50-264-1>		"hitoko"@cuj	
"la:u.4"@cdy	<http://ids.clld.org/values/12-50-418-1>		<http://ids.clld.org/parameters/12-50>		<http://ids.clld.org/values/12-50-264-3>		"nanwaka"@cuj	
"ćaŋ.1"@cdy	<http://ids.clld.org/values/8-510-418-1>		<http://ids.clld.org/parameters/8-510>		<http://ids.clld.org/values/8-510-264-3>		"kac̷-ľɨ"@cuj	
"ćaŋ.1"@cdy	<http://ids.clld.org/values/8-510-418-1>		<http://ids.clld.org/parameters/8-510>		<http://ids.clld.org/values/8-510-264-1>		"pekľo"@cuj	
"chü.1"@cdy	<http://ids.clld.org/values/10-380-418-1>		<http://ids.clld.org/parameters/10-380>		<http://ids.clld.org/values/10-380-264-1>		"haxpoka"@cuj	
"mə.2 ju.6"@cdy	<http://ids.clld.org/values/12-410-418-1>		<http://ids.clld.org/parameters/12-410>		<http://ids.clld.org/values/12-410-264-1>		"potɨkľe"@cuj	
"sai.1"@cdy	<http://ids.clld.org/values/9-280-418-1>		<http://ids.clld.org/parameters/9-280>		<http://ids.clld.org/values/9-280-264-1>		"kteha"@cuj	
"tai.5"@cdy	<http://ids.clld.org/values/10-620-418-1>		<http://ids.clld.org/parameters/10-620>		<http://ids.clld.org/values/10-620-264-1>		"hwa-pa"@cuj	
"tin.1"@cdy	<http://ids.clld.org/values/4-351-418-1>		<http://ids.clld.org/parameters/4-351>		<http://ids.clld.org/values/4-351-264-1>		"skotpaľi"@cuj	
"lam.1"@cdy	<http://ids.clld.org/values/1-380-418-1>		<http://ids.clld.org/parameters/1-380>		<http://ids.clld.org/values/1-380-264-1>		"hihawakľe"@cuj	
"pa.4 ci:ŋ.3"@cdy	<http://ids.clld.org/values/4-331-418-1>		<http://ids.clld.org/parameters/4-331>		<http://ids.clld.org/values/4-331-264-1>		"stapa-myo"@cuj	
"zü.6"@cdy	<http://ids.clld.org/values/12-130-418-1>		<http://ids.clld.org/parameters/12-130>		<http://ids.clld.org/values/12-130-264-1>		"tɨpľa-ta"@cuj	
"cə.1"@cdy	<http://ids.clld.org/values/5-110-418-1>		<http://ids.clld.org/parameters/5-110>		<http://ids.clld.org/values/5-110-264-1>		"nika"@cuj	
"mha:n.3"@cdy	<http://ids.clld.org/values/15-690-418-1>		<http://ids.clld.org/parameters/15-690>		<http://ids.clld.org/values/15-690-264-1>		"pwaľo"@cuj	
"luk.7 lən.2"@cdy	<http://ids.clld.org/values/4-690-418-1>		<http://ids.clld.org/parameters/4-690>		<http://ids.clld.org/values/4-690-264-1>		"kata"@cuj	
"luk.7 lən.2"@cdy	<http://ids.clld.org/values/4-690-418-1>		<http://ids.clld.org/parameters/4-690>		<http://ids.clld.org/values/4-690-264-3>		"kawa"@cuj	
"tai.1"@cdy	<http://ids.clld.org/values/4-750-418-1>		<http://ids.clld.org/parameters/4-750>		<http://ids.clld.org/values/4-750-264-1>		"hi-pna"@cuj	
"tai.1"@cdy	<http://ids.clld.org/values/4-750-418-1>		<http://ids.clld.org/parameters/4-750>		<http://ids.clld.org/values/4-750-264-3>		"hipɨka"@cuj	
"ma.2"@cdy	<http://ids.clld.org/values/4-260-418-1>		<http://ids.clld.org/parameters/4-260>		<http://ids.clld.org/values/4-260-264-1>		"nnɨ"@cuj	
"khü.3"@cdy	<http://ids.clld.org/values/3-940-418-1>		<http://ids.clld.org/parameters/3-940>		<http://ids.clld.org/values/3-940-264-1>		"šišrikapi"@cuj	
"shi:ŋ.4 ŋa.2"@cdy	<http://ids.clld.org/values/4-271-418-1>		<http://ids.clld.org/parameters/4-271>		<http://ids.clld.org/values/4-271-264-1>		"kyapi"@cuj	
"səp.8"@cdy	<http://ids.clld.org/values/13-100-418-1>		<http://ids.clld.org/parameters/13-100>		<http://ids.clld.org/values/13-100-264-1>		"pamoľe"@cuj	
"lje.1"@cdy	<http://ids.clld.org/values/2-940-418-1>		<http://ids.clld.org/parameters/2-940>		<http://ids.clld.org/values/2-940-264-3>		"ha-"@cuj	
"lje.1"@cdy	<http://ids.clld.org/values/2-940-418-1>		<http://ids.clld.org/parameters/2-940>		<http://ids.clld.org/values/2-940-264-1>		"witʸa"@cuj	
"fən.2"@cdy	<http://ids.clld.org/values/4-790-418-1>		<http://ids.clld.org/parameters/4-790>		<http://ids.clld.org/values/4-790-264-1>		"yomľe"@cuj	
"cəŋ.3 nən.2"@cdy	<http://ids.clld.org/values/4-860-418-1>		<http://ids.clld.org/parameters/4-860>		<http://ids.clld.org/values/4-860-264-1>		"hic̷kaľaka"@cuj	
"la:n.4"@cdy	<http://ids.clld.org/values/4-920-418-1>		<http://ids.clld.org/parameters/4-920>		<http://ids.clld.org/values/4-920-264-1>		"merso"@cuj	
"sham.3"@cdy	<http://ids.clld.org/values/15-380-418-1>		<http://ids.clld.org/parameters/15-380>		<http://ids.clld.org/values/15-380-264-3>		"kač-ha"@cuj	
"sham.3"@cdy	<http://ids.clld.org/values/15-380-418-1>		<http://ids.clld.org/parameters/15-380>		<http://ids.clld.org/values/15-380-264-1>		"kačo"@cuj	
"ho.6"@cdy	<http://ids.clld.org/values/18-730-418-1>		<http://ids.clld.org/parameters/18-730>		<http://ids.clld.org/values/18-730-264-1>		"kowi"@cuj	
"pia:u.4 ta:i.6pia:u.4 mai.4"@cdy	<http://ids.clld.org/values/2-550-418-3>		<http://ids.clld.org/parameters/2-550>		<http://ids.clld.org/values/2-550-264-1>		"hanɨrɨ"@cuj	
"fuk.7"@cdy	<http://ids.clld.org/values/1-840-418-1>		<http://ids.clld.org/parameters/1-840>		<http://ids.clld.org/values/1-840-264-1>		"čiči-pahi"@cuj	
"ni.1"@cdy	<http://ids.clld.org/values/1-360-418-1>		<http://ids.clld.org/parameters/1-360>		<http://ids.clld.org/values/1-360-264-3>		"hapha"@cuj	
"ni.1"@cdy	<http://ids.clld.org/values/1-360-418-1>		<http://ids.clld.org/parameters/1-360>		<http://ids.clld.org/values/1-360-264-1>		"wenɨ"@cuj	
"mhi.1 cau.3"@cdy	<http://ids.clld.org/values/4-320-418-1>		<http://ids.clld.org/parameters/4-320>		<http://ids.clld.org/values/4-320-264-1>		"c̷oxere"@cuj	
"ta.4 la:i.1"@cdy	<http://ids.clld.org/values/4-190-418-1>		<http://ids.clld.org/parameters/4-190>		<http://ids.clld.org/values/4-190-264-1>		"tʸi"@cuj	
"lak.8 lən.3(1) ti.4"@cdy	<http://ids.clld.org/values/2-270-418-1>		<http://ids.clld.org/parameters/2-270>		<http://ids.clld.org/values/2-270-264-1>		"whene ~ wɨhene"@cuj	
"la:k.8 pi:k.7"@cdy	<http://ids.clld.org/values/2-420-418-1>		<http://ids.clld.org/parameters/2-420>		<http://ids.clld.org/values/2-420-264-1>		"šičo ~ nšičo"@cuj	
"peŋ.6"@cdy	<http://ids.clld.org/values/4-840-418-1>		<http://ids.clld.org/parameters/4-840>		<http://ids.clld.org/values/4-840-264-1>		"kapo-haľɨ"@cuj	
"peŋ.6"@cdy	<http://ids.clld.org/values/4-840-418-1>		<http://ids.clld.org/parameters/4-840>		<http://ids.clld.org/values/4-840-264-3>		"poha"@cuj	
"kjan.6"@cdy	<http://ids.clld.org/values/8-980-418-1>		<http://ids.clld.org/parameters/8-980>		<http://ids.clld.org/values/8-980-264-1>		"kačipɨ"@cuj	
"mə.2 shö.4"@cdy	<http://ids.clld.org/values/12-420-418-1>		<http://ids.clld.org/parameters/12-420>		<http://ids.clld.org/values/12-420-264-1>		"kehnete"@cuj	
"kut.7 ci.1 phəŋ.1"@cdy	<http://ids.clld.org/values/4-162-418-1>		<http://ids.clld.org/parameters/4-162>		<http://ids.clld.org/values/4-162-264-3>		"kwansat-hapɨ"@cuj	
"kut.7 ci.1 phəŋ.1"@cdy	<http://ids.clld.org/values/4-162-418-1>		<http://ids.clld.org/parameters/4-162>		<http://ids.clld.org/values/4-162-264-1>		"kwansata"@cuj	
"ni.4 fai.5 ka:ŋ.1"@cdy	<http://ids.clld.org/values/1-610-418-1>		<http://ids.clld.org/parameters/1-610>		<http://ids.clld.org/values/1-610-264-1>		"po-kamľa-ľɨ"@cuj	
"mi.4"@cdy	<http://ids.clld.org/values/8-600-418-1>		<http://ids.clld.org/parameters/8-600>		<http://ids.clld.org/values/8-600-264-1>		"hah-mɨna"@cuj	
"taŋ.1"@cdy	<http://ids.clld.org/values/7-450-418-1>		<http://ids.clld.org/parameters/7-450>		<http://ids.clld.org/values/7-450-264-1>		"kataľo"@cuj	
"pjan.1"@cdy	<http://ids.clld.org/values/12-353-418-1>		<http://ids.clld.org/parameters/12-353>		<http://ids.clld.org/values/12-353-264-1>		"spɨ ~ špɨ"@cuj	
"jit.7"@cdy	<http://ids.clld.org/values/13-10-418-1>		<http://ids.clld.org/parameters/13-10>		<http://ids.clld.org/values/13-10-264-3>		"satɨ"@cuj	
"jit.7"@cdy	<http://ids.clld.org/values/13-10-418-1>		<http://ids.clld.org/parameters/13-10>		<http://ids.clld.org/values/13-10-264-1>		"pa"@cuj	
"pa.5"@cdy	<http://ids.clld.org/values/2-510-418-3>		<http://ids.clld.org/parameters/2-510>		<http://ids.clld.org/values/2-510-264-1>		"hikoxirɨ"@cuj	
"khwi.1"@cdy	<http://ids.clld.org/values/16-530-418-1>		<http://ids.clld.org/parameters/16-530>		<http://ids.clld.org/values/16-530-264-1>		"pika"@cuj	
"ni.4 nun.1"@cdy	<http://ids.clld.org/values/3-840-418-1>		<http://ids.clld.org/parameters/3-840>		<http://ids.clld.org/values/3-840-264-1>		"c̷omi"@cuj	
"naŋ.1"@cdy	<http://ids.clld.org/values/4-230-418-1>		<http://ids.clld.org/parameters/4-230>		<http://ids.clld.org/values/4-230-264-1>		"xri"@cuj	
"lu.2 ti.6"@cdy	<http://ids.clld.org/values/1-260-418-1>		<http://ids.clld.org/parameters/1-260>		<http://ids.clld.org/values/1-260-264-3>		"špotɨ"@cuj	
"lu.2 ti.6"@cdy	<http://ids.clld.org/values/1-260-418-1>		<http://ids.clld.org/parameters/1-260>		<http://ids.clld.org/values/1-260-264-1>		"c̷rɨrɨ"@cuj	
"mi.4 ćü.1"@cdy	<http://ids.clld.org/values/16-251-418-1>		<http://ids.clld.org/parameters/16-251>		<http://ids.clld.org/values/16-251-264-1>		"hašyaka"@cuj	
"cuŋ.2 shok.8"@cdy	<http://ids.clld.org/values/19-230-418-1>		<http://ids.clld.org/parameters/19-230>		<http://ids.clld.org/values/19-230-264-1>		"nerɨ"@cuj	
"ɔ.1"@cdy	<http://ids.clld.org/values/5-220-418-1>		<http://ids.clld.org/parameters/5-220>		<http://ids.clld.org/values/5-220-264-3>		"hixpaxpata"@cuj	
"ɔ.1"@cdy	<http://ids.clld.org/values/5-220-418-1>		<http://ids.clld.org/parameters/5-220>		<http://ids.clld.org/values/5-220-264-1>		"ximľeka"@cuj	
"lak.8 lən.3(1) teŋ.4"@cdy	<http://ids.clld.org/values/2-280-418-1>		<http://ids.clld.org/parameters/2-280>		<http://ids.clld.org/values/2-280-264-1>		"mtɨ-rɨ"@cuj	
"la:i.4"@cdy	<http://ids.clld.org/values/22-350-418-1>		<http://ids.clld.org/parameters/22-350>		<http://ids.clld.org/values/22-350-264-1>		"kam-či"@cuj	
"me.2 łək.8"@cdy	<http://ids.clld.org/values/4-810-418-1>		<http://ids.clld.org/parameters/4-810>		<http://ids.clld.org/values/4-810-264-1>		"hičko"@cuj	
"lu:n.4 wan.4"@cdy	<http://ids.clld.org/values/4-490-418-1>		<http://ids.clld.org/parameters/4-490>		<http://ids.clld.org/values/4-490-264-3>		"naxi"@cuj	
"lu:n.4 wan.4"@cdy	<http://ids.clld.org/values/4-490-418-1>		<http://ids.clld.org/parameters/4-490>		<http://ids.clld.org/values/4-490-264-1>		"hexha-naxi"@cuj	
"fən.2 phek.7"@cdy	<http://ids.clld.org/values/16-110-418-1>		<http://ids.clld.org/parameters/16-110>		<http://ids.clld.org/values/16-110-264-1>		"kam-či"@cuj	
"khiŋ.3"@cdy	<http://ids.clld.org/values/1-215-418-1>		<http://ids.clld.org/parameters/1-215>		<http://ids.clld.org/values/1-215-264-1>		"ksatɨ"@cuj	
"sai.3 ća:i.6"@cdy	<http://ids.clld.org/values/1-100-418-1>		<http://ids.clld.org/parameters/1-100>		<http://ids.clld.org/values/1-100-264-1>		"hohi"@cuj	
"khəm.5"@cdy	<http://ids.clld.org/values/9-730-418-1>		<http://ids.clld.org/parameters/9-730>		<http://ids.clld.org/values/9-730-264-1>		"tawna"@cuj	
"khəm.5"@cdy	<http://ids.clld.org/values/9-730-418-1>		<http://ids.clld.org/parameters/9-730>		<http://ids.clld.org/values/9-730-264-3>		"taši"@cuj	
"lak.8 ni.1"@cdy	<http://ids.clld.org/values/1-360-418-3>		<http://ids.clld.org/parameters/1-360>		<http://ids.clld.org/values/1-360-264-3>		"hapha"@cuj	
"lak.8 ni.1"@cdy	<http://ids.clld.org/values/1-360-418-3>		<http://ids.clld.org/parameters/1-360>		<http://ids.clld.org/values/1-360-264-1>		"wenɨ"@cuj	
"phja:t.7"@cdy	<http://ids.clld.org/values/4-150-418-1>		<http://ids.clld.org/parameters/4-150>		<http://ids.clld.org/values/4-150-264-1>		"-hra-ha"@cuj	
"mhok.7"@cdy	<http://ids.clld.org/values/4-780-418-1>		<http://ids.clld.org/parameters/4-780>		<http://ids.clld.org/values/4-780-264-1>		"kapnata"@cuj	
"uk.7 seŋ.1"@cdy	<http://ids.clld.org/values/4-720-418-1>		<http://ids.clld.org/parameters/4-720>		<http://ids.clld.org/values/4-720-264-1>		"hišpaka"@cuj	
"taŋ.2"@cdy	<http://ids.clld.org/values/8-670-418-1>		<http://ids.clld.org/parameters/8-670>		<http://ids.clld.org/values/8-670-264-3>		"haha-pi-c̷a"@cuj	
"taŋ.2"@cdy	<http://ids.clld.org/values/8-670-418-1>		<http://ids.clld.org/parameters/8-670>		<http://ids.clld.org/values/8-670-264-1>		"c̷a-pi"@cuj	
"na:n.4"@cdy	<http://ids.clld.org/values/5-610-418-1>		<http://ids.clld.org/parameters/5-610>		<http://ids.clld.org/values/5-610-264-1>		"nikči-hitɨ"@cuj	
"cham.1"@cdy	<http://ids.clld.org/values/6-360-418-1>		<http://ids.clld.org/parameters/6-360>		<http://ids.clld.org/values/6-360-264-1>		"c̷apɨ"@cuj	
"mi.4 pi.2"@cdy	<http://ids.clld.org/values/8-750-418-1>		<http://ids.clld.org/parameters/8-750>		<http://ids.clld.org/values/8-750-264-1>		"mta"@cuj	
"mi.4 pi.2"@cdy	<http://ids.clld.org/values/8-750-418-1>		<http://ids.clld.org/parameters/8-750>		<http://ids.clld.org/values/8-750-264-3>		"pata"@cuj	
"lak.8 tin.4(1) ćo.3"@cdy	<http://ids.clld.org/values/4-380-418-1>		<http://ids.clld.org/parameters/4-380>		<http://ids.clld.org/values/4-380-264-1>		"xitʸi-xi"@cuj	
"la:k.7"@cdy	<http://ids.clld.org/values/9-190-418-1>		<http://ids.clld.org/parameters/9-190>		<http://ids.clld.org/values/9-190-264-1>		"c̷a"@cuj	
"pa.1"@cdy	<http://ids.clld.org/values/4-858-418-1>		<http://ids.clld.org/parameters/4-858>		<http://ids.clld.org/values/4-858-264-1>		"pčo"@cuj	
"pa.1"@cdy	<http://ids.clld.org/values/4-858-418-1>		<http://ids.clld.org/parameters/4-858>		<http://ids.clld.org/values/4-858-264-3>		"pčo-ľe"@cuj	
"lha:n.3"@cdy	<http://ids.clld.org/values/15-660-418-1>		<http://ids.clld.org/parameters/15-660>		<http://ids.clld.org/values/15-660-264-1>		"sero"@cuj	
"fok.7 lək.8"@cdy	<http://ids.clld.org/values/4-854-418-1>		<http://ids.clld.org/parameters/4-854>		<http://ids.clld.org/values/4-854-264-1>		"hahrɨ"@cuj	
"wu:ŋ.3"@cdy	<http://ids.clld.org/values/15-690-418-3>		<http://ids.clld.org/parameters/15-690>		<http://ids.clld.org/values/15-690-264-1>		"pwaľo"@cuj	
"khau.6"@cdy	<http://ids.clld.org/values/6-620-418-1>		<http://ids.clld.org/parameters/6-620>		<http://ids.clld.org/values/6-620-264-1>		"štexi"@cuj	
"jen.1"@cdy	<http://ids.clld.org/values/8-680-418-1>		<http://ids.clld.org/parameters/8-680>		<http://ids.clld.org/values/8-680-264-1>		"yiri ~ hayi-re"@cuj	
"təŋ.1"@cdy	<http://ids.clld.org/values/9-500-418-1>		<http://ids.clld.org/parameters/9-500>		<http://ids.clld.org/values/9-500-264-1>		"[kľawo]"@cuj	
"wi.1 kwan.2"@cdy	<http://ids.clld.org/values/1-830-418-3>		<http://ids.clld.org/parameters/1-830>		<http://ids.clld.org/values/1-830-264-1>		"či-či-phya"@cuj	
"təŋ.3"@cdy	<http://ids.clld.org/values/12-330-418-1>		<http://ids.clld.org/parameters/12-330>		<http://ids.clld.org/values/12-330-264-1>		"c̷opo"@cuj	
"nhjak.7"@cdy	<http://ids.clld.org/values/4-610-418-1>		<http://ids.clld.org/parameters/4-610>		<http://ids.clld.org/values/4-610-264-1>		"himka ~ himaka"@cuj	
"fe.4"@cdy	<http://ids.clld.org/values/9-110-418-1>		<http://ids.clld.org/parameters/9-110>		<http://ids.clld.org/values/9-110-264-1>		"kam-rɨ-ta"@cuj	
"na.3 pja:k.7"@cdy	<http://ids.clld.org/values/4-205-418-1>		<http://ids.clld.org/parameters/4-205>		<http://ids.clld.org/values/4-205-264-1>		"xrota"@cuj	
"tuŋ.1"@cdy	<http://ids.clld.org/values/5-220-418-3>		<http://ids.clld.org/parameters/5-220>		<http://ids.clld.org/values/5-220-264-3>		"hixpaxpata"@cuj	
"tuŋ.1"@cdy	<http://ids.clld.org/values/5-220-418-3>		<http://ids.clld.org/parameters/5-220>		<http://ids.clld.org/values/5-220-264-1>		"ximľeka"@cuj	
"nuŋ.4"@cdy	<http://ids.clld.org/values/2-445-418-1>		<http://ids.clld.org/parameters/2-445>		<http://ids.clld.org/values/2-445-264-1>		"hepɨ-rɨ"@cuj	
"pa:n.1"@cdy	<http://ids.clld.org/values/2-310-418-1>		<http://ids.clld.org/parameters/2-310>		<http://ids.clld.org/values/2-310-264-1>		"hanɨ-rɨ"@cuj	
"ćü.1"@cdy	<http://ids.clld.org/values/16-250-418-1>		<http://ids.clld.org/parameters/16-250>		<http://ids.clld.org/values/16-250-264-1>		"hic̷oľhiwata"@cuj	
"pa:n.4"@cdy	<http://ids.clld.org/values/19-160-418-1>		<http://ids.clld.org/parameters/19-160>		<http://ids.clld.org/values/19-160-264-1>		"poko"@cuj	
"khau.1"@cdy	<http://ids.clld.org/values/17-670-418-1>		<http://ids.clld.org/parameters/17-670>		<http://ids.clld.org/values/17-670-264-1>		"hirɨ"@cuj	
"om.5 jam.1"@cdy	<http://ids.clld.org/values/3-596-418-1>		<http://ids.clld.org/parameters/3-596>		<http://ids.clld.org/values/3-596-264-3>		"mosa"@cuj	
"om.5 jam.1"@cdy	<http://ids.clld.org/values/3-596-418-1>		<http://ids.clld.org/parameters/3-596>		<http://ids.clld.org/values/3-596-264-1>		"hnono"@cuj	
"kə.2 la:u.4 cü.3"@cdy	<http://ids.clld.org/values/2-461-418-1>		<http://ids.clld.org/parameters/2-461>		<http://ids.clld.org/values/2-461-264-1>		"kapokotɨ"@cuj	
"tok.7"@cdy	<http://ids.clld.org/values/10-230-418-1>		<http://ids.clld.org/parameters/10-230>		<http://ids.clld.org/values/10-230-264-1>		"hixrɨ-ka"@cuj	
"tin.4 (1) khwa:i.3"@cdy	<http://ids.clld.org/values/4-940-418-1>		<http://ids.clld.org/parameters/4-940>		<http://ids.clld.org/values/4-940-264-1>		"čoľi"@cuj	
"mhi.1 kai.6"@cdy	<http://ids.clld.org/values/4-344-418-1>		<http://ids.clld.org/parameters/4-344>		<http://ids.clld.org/values/4-344-264-1>		"sewata"@cuj	
"hau.2 luŋ.1"@cdy	<http://ids.clld.org/values/4-290-418-1>		<http://ids.clld.org/parameters/4-290>		<http://ids.clld.org/values/4-290-264-1>		"pľa"@cuj	
"ti.2 pa:n.3"@cdy	<http://ids.clld.org/values/7-260-418-1>		<http://ids.clld.org/parameters/7-260>		<http://ids.clld.org/values/7-260-264-1>		"čiximta"@cuj	
"jeu.4(1) sək.8"@cdy	<http://ids.clld.org/values/4-451-418-1>		<http://ids.clld.org/parameters/4-451>		<http://ids.clld.org/values/4-451-264-1>		"hepoxi"@cuj	
"ca:u.3"@cdy	<http://ids.clld.org/values/4-345-418-1>		<http://ids.clld.org/parameters/4-345>		<http://ids.clld.org/values/4-345-264-1>		"sewata"@cuj	
"khö.1"@cdy	<http://ids.clld.org/values/4-530-418-1>		<http://ids.clld.org/parameters/4-530>		<http://ids.clld.org/values/4-530-264-1>		"hethota"@cuj	
"lja:m.5"@cdy	<http://ids.clld.org/values/4-590-418-1>		<http://ids.clld.org/parameters/4-590>		<http://ids.clld.org/values/4-590-264-1>		"hemroka"@cuj	
"ta:u.1"@cdy	<http://ids.clld.org/values/1-250-418-1>		<http://ids.clld.org/parameters/1-250>		<http://ids.clld.org/values/1-250-264-1>		"kaniprekľi ~ kaniprekľɨ"@cuj	
"ćo.4 ha.1"@cdy	<http://ids.clld.org/values/4-300-418-1>		<http://ids.clld.org/parameters/4-300>		<http://ids.clld.org/values/4-300-264-3>		"thana"@cuj	
"ćo.4 ha.1"@cdy	<http://ids.clld.org/values/4-300-418-1>		<http://ids.clld.org/parameters/4-300>		<http://ids.clld.org/values/4-300-264-1>		"sko-thana"@cuj	
"na:n.4 te.1"@cdy	<http://ids.clld.org/values/16-390-418-1>		<http://ids.clld.org/parameters/16-390>		<http://ids.clld.org/values/16-390-264-1>		"hočhita"@cuj	
"hwon.1"@cdy	<http://ids.clld.org/values/1-750-418-3>		<http://ids.clld.org/parameters/1-750>		<http://ids.clld.org/values/1-750-264-3>		"neka"@cuj	
"hwon.1"@cdy	<http://ids.clld.org/values/1-750-418-3>		<http://ids.clld.org/parameters/1-750>		<http://ids.clld.org/values/1-750-264-1>		"hina"@cuj	
"kwi.6"@cdy	<http://ids.clld.org/values/10-412-418-1>		<http://ids.clld.org/parameters/10-412>		<http://ids.clld.org/values/10-412-264-1>		"yopc̷oxita"@cuj	
"sha:m.1"@cdy	<http://ids.clld.org/values/13-30-418-1>		<http://ids.clld.org/parameters/13-30>		<http://ids.clld.org/values/13-30-264-1>		"mapa"@cuj	
"za.2"@cdy	<http://ids.clld.org/values/4-880-418-1>		<http://ids.clld.org/parameters/4-880>		<http://ids.clld.org/values/4-880-264-3>		"pinrɨ"@cuj	
"za.2"@cdy	<http://ids.clld.org/values/4-880-418-1>		<http://ids.clld.org/parameters/4-880>		<http://ids.clld.org/values/4-880-264-1>		"pini-"@cuj	
"ma:i.4"@cdy	<http://ids.clld.org/values/2-320-418-1>		<http://ids.clld.org/parameters/2-320>		<http://ids.clld.org/values/2-320-264-1>		"hanɨnro ~ hnɨnro"@cuj	
"hu.2"@cdy	<http://ids.clld.org/values/1-330-418-1>		<http://ids.clld.org/parameters/1-330>		<http://ids.clld.org/values/1-330-264-3>		"wenɨ"@cuj	
"hu.2"@cdy	<http://ids.clld.org/values/1-330-418-1>		<http://ids.clld.org/parameters/1-330>		<http://ids.clld.org/values/1-330-264-1>		"pow-ha"@cuj	
"shəŋ.3 taŋ.2"@cdy	<http://ids.clld.org/values/4-630-418-1>		<http://ids.clld.org/parameters/4-630>		<http://ids.clld.org/values/4-630-264-1>		"komyeka"@cuj	
"ćai.5"@cdy	<http://ids.clld.org/values/5-970-418-1>		<http://ids.clld.org/parameters/5-970>		<http://ids.clld.org/values/5-970-264-1>		"naxi"@cuj	
"shje.3"@cdy	<http://ids.clld.org/values/18-510-418-1>		<http://ids.clld.org/parameters/18-510>		<http://ids.clld.org/values/18-510-264-1>		"hitakyonhata"@cuj	
"la.1"@cdy	<http://ids.clld.org/values/4-210-418-1>		<http://ids.clld.org/parameters/4-210>		<http://ids.clld.org/values/4-210-264-1>		"yhaľe"@cuj	
"la.1"@cdy	<http://ids.clld.org/values/4-210-418-1>		<http://ids.clld.org/parameters/4-210>		<http://ids.clld.org/values/4-210-264-3>		"ha"@cuj	
"pia:u.4 ko.1 nuŋ.4"@cdy	<http://ids.clld.org/values/2-550-418-1>		<http://ids.clld.org/parameters/2-550>		<http://ids.clld.org/values/2-550-264-1>		"hanɨrɨ"@cuj	
"pok.8"@cdy	<http://ids.clld.org/values/1-324-418-1>		<http://ids.clld.org/parameters/1-324>		<http://ids.clld.org/values/1-324-264-1>		"soľi"@cuj	
"mhe.1"@cdy	<http://ids.clld.org/values/4-980-418-1>		<http://ids.clld.org/parameters/4-980>		<http://ids.clld.org/values/4-980-264-1>		"kapoohoxi"@cuj	
"khau.1"@cdy	<http://ids.clld.org/values/17-680-418-1>		<http://ids.clld.org/parameters/17-680>		<http://ids.clld.org/values/17-680-264-1>		"katɨ"@cuj	
"məm.6 kin.5"@cdy	<http://ids.clld.org/values/3-653-418-1>		<http://ids.clld.org/parameters/3-653>		<http://ids.clld.org/values/3-653-264-1>		"tata"@cuj	
"hja.1"@cdy	<http://ids.clld.org/values/13-20-418-1>		<http://ids.clld.org/parameters/13-20>		<http://ids.clld.org/values/13-20-264-1>		"hepi"@cuj	
"ńok.8"@cdy	<http://ids.clld.org/values/3-581-418-1>		<http://ids.clld.org/parameters/3-581>		<http://ids.clld.org/values/3-581-264-1>		"koši-či"@cuj	
"lan.1"@cdy	<http://ids.clld.org/values/15-810-418-1>		<http://ids.clld.org/parameters/15-810>		<http://ids.clld.org/values/15-810-264-1>		"hi-no-ľɨ"@cuj	
"ka:k.7"@cdy	<http://ids.clld.org/values/9-330-418-1>		<http://ids.clld.org/parameters/9-330>		<http://ids.clld.org/values/9-330-264-1>		"kose-ta"@cuj	
"nam.1"@cdy	<http://ids.clld.org/values/15-650-418-1>		<http://ids.clld.org/parameters/15-650>		<http://ids.clld.org/values/15-650-264-1>		"ksaxi"@cuj	
"nən.2 pa.2"@cdy	<http://ids.clld.org/values/4-860-418-3>		<http://ids.clld.org/parameters/4-860>		<http://ids.clld.org/values/4-860-264-1>		"hic̷kaľaka"@cuj	
"mit.8"@cdy	<http://ids.clld.org/values/3-820-418-1>		<http://ids.clld.org/parameters/3-820>		<http://ids.clld.org/values/3-820-264-1>		"šišri"@cuj	
"śi:n.6"@cdy	<http://ids.clld.org/values/9-790-418-1>		<http://ids.clld.org/parameters/9-790>		<http://ids.clld.org/values/9-790-264-1>		"hepno-pi"@cuj	
"can.6"@cdy	<http://ids.clld.org/values/20-130-418-1>		<http://ids.clld.org/parameters/20-130>		<http://ids.clld.org/values/20-130-264-1>		"hiyľaľɨ"@cuj	
"shjen.6"@cdy	<http://ids.clld.org/values/20-250-418-1>		<http://ids.clld.org/parameters/20-250>		<http://ids.clld.org/values/20-250-264-1>		"kašri"@cuj	
"ja.3 shok.7"@cdy	<http://ids.clld.org/values/3-110-418-1>		<http://ids.clld.org/parameters/3-110>		<http://ids.clld.org/values/3-110-264-1>		"pra"@cuj	
"ja.3 shok.7"@cdy	<http://ids.clld.org/values/3-110-418-1>		<http://ids.clld.org/parameters/3-110>		<http://ids.clld.org/values/3-110-264-3>		"pɨra-"@cuj	
"chuŋ.4 ceŋ.1"@cdy	<http://ids.clld.org/values/4-372-418-1>		<http://ids.clld.org/parameters/4-372>		<http://ids.clld.org/values/4-372-264-1>		"sc̷ih-xitʸi"@cuj	
"ńok.8 pa:k.7"@cdy	<http://ids.clld.org/values/4-241-418-1>		<http://ids.clld.org/parameters/4-241>		<http://ids.clld.org/values/4-241-264-3>		"swɨtɨ"@cuj	
"ńok.8 pa:k.7"@cdy	<http://ids.clld.org/values/4-241-418-1>		<http://ids.clld.org/parameters/4-241>		<http://ids.clld.org/values/4-241-264-1>		"xri"@cuj	
"me.2 phjeu.6"@cdy	<http://ids.clld.org/values/11-510-418-1>		<http://ids.clld.org/parameters/11-510>		<http://ids.clld.org/values/11-510-264-1>		"poniko"@cuj	
"mi.4 shi:ŋ.1"@cdy	<http://ids.clld.org/values/8-760-418-3>		<http://ids.clld.org/parameters/8-760>		<http://ids.clld.org/values/8-760-264-1>		"kši"@cuj	
"mi.4 shi:ŋ.1"@cdy	<http://ids.clld.org/values/8-760-418-3>		<http://ids.clld.org/parameters/8-760>		<http://ids.clld.org/values/8-760-264-3>		"šikhaľɨ"@cuj	
"kwa.3"@cdy	<http://ids.clld.org/values/15-640-418-1>		<http://ids.clld.org/parameters/15-640>		<http://ids.clld.org/values/15-640-264-1>		"kľata"@cuj	
"ti.2 pa:n.1"@cdy	<http://ids.clld.org/values/2-210-418-1>		<http://ids.clld.org/parameters/2-210>		<http://ids.clld.org/values/2-210-264-1>		"xexi"@cuj	
"ɨŋ.4(3) shai.3"@cdy	<http://ids.clld.org/values/1-630-418-3>		<http://ids.clld.org/parameters/1-630>		<http://ids.clld.org/values/1-630-264-1>		"mayawľɨ"@cuj	
"ɨŋ.4(3) shai.3"@cdy	<http://ids.clld.org/values/1-630-418-3>		<http://ids.clld.org/parameters/1-630>		<http://ids.clld.org/values/1-630-264-3>		"čikľe"@cuj	
"no.4 ni.6"@cdy	<http://ids.clld.org/values/2-250-418-1>		<http://ids.clld.org/parameters/2-250>		<http://ids.clld.org/values/2-250-264-1>		"hexha"@cuj	
"ni.4 pa.4"@cdy	<http://ids.clld.org/values/3-920-418-1>		<http://ids.clld.org/parameters/3-920>		<http://ids.clld.org/values/3-920-264-1>		"katato"@cuj	
"ni.4 kuŋ.2"@cdy	<http://ids.clld.org/values/3-930-418-1>		<http://ids.clld.org/parameters/3-930>		<http://ids.clld.org/values/3-930-264-1>		"c̷ec̷e"@cuj	
"ću.5"@cdy	<http://ids.clld.org/values/1-760-418-1>		<http://ids.clld.org/parameters/1-760>		<http://ids.clld.org/values/1-760-264-1>		"hiwrɨ"@cuj	
"jün.1"@cdy	<http://ids.clld.org/values/12-150-418-1>		<http://ids.clld.org/parameters/12-150>		<http://ids.clld.org/values/12-150-264-1>		"tɨn-wa-ta"@cuj	
"la:m.2"@cdy	<http://ids.clld.org/values/9-760-418-1>		<http://ids.clld.org/parameters/9-760>		<http://ids.clld.org/values/9-760-264-1>		"koxi-ta"@cuj	
"chü.1"@cdy	<http://ids.clld.org/values/10-320-418-1>		<http://ids.clld.org/parameters/10-320>		<http://ids.clld.org/values/10-320-264-1>		"ha-po-ha-ta"@cuj	
"puk.7"@cdy	<http://ids.clld.org/values/8-690-418-1>		<http://ids.clld.org/parameters/8-690>		<http://ids.clld.org/values/8-690-264-1>		"montʸita"@cuj	
"fan.4(1) pa:i.2"@cdy	<http://ids.clld.org/values/10-840-418-1>		<http://ids.clld.org/parameters/10-840>		<http://ids.clld.org/values/10-840-264-1>		"pɨmľɨ"@cuj	
"fok.7"@cdy	<http://ids.clld.org/values/4-853-418-1>		<http://ids.clld.org/parameters/4-853>		<http://ids.clld.org/values/4-853-264-3>		"hanka-xrɨ"@cuj	
"fok.7"@cdy	<http://ids.clld.org/values/4-853-418-1>		<http://ids.clld.org/parameters/4-853>		<http://ids.clld.org/values/4-853-264-1>		"hanka"@cuj	
"lai.6"@cdy	<http://ids.clld.org/values/12-680-418-1>		<http://ids.clld.org/parameters/12-680>		<http://ids.clld.org/values/12-680-264-1>		"merpi"@cuj	
"a:u.1"@cdy	<http://ids.clld.org/values/11-130-418-1>		<http://ids.clld.org/parameters/11-130>		<http://ids.clld.org/values/11-130-264-1>		"hani-ka"@cuj	
"lu.4 kuŋ.4 cuŋ.3"@cdy	<http://ids.clld.org/values/3-814-418-1>		<http://ids.clld.org/parameters/3-814>		<http://ids.clld.org/values/3-814-264-1>		"ponro"@cuj	
"ma.0 fuŋ.1"@cdy	<http://ids.clld.org/values/3-823-418-1>		<http://ids.clld.org/parameters/3-823>		<http://ids.clld.org/values/3-823-264-1>		"sanɨ"@cuj	
"ńa.2 la.1 sən.1"@cdy	<http://ids.clld.org/values/4-214-418-1>		<http://ids.clld.org/parameters/4-214>		<http://ids.clld.org/values/4-214-264-1>		"šapta-ha"@cuj	
"ćo.3 ko.6"@cdy	<http://ids.clld.org/values/4-360-418-1>		<http://ids.clld.org/parameters/4-360>		<http://ids.clld.org/values/4-360-264-1>		"soxi"@cuj	
"ća:i.6"@cdy	<http://ids.clld.org/values/1-220-418-1>		<http://ids.clld.org/parameters/1-220>		<http://ids.clld.org/values/1-220-264-3>		"pxita"@cuj	
"ća:i.6"@cdy	<http://ids.clld.org/values/1-220-418-1>		<http://ids.clld.org/parameters/1-220>		<http://ids.clld.org/values/1-220-264-1>		"mahka"@cuj	
"mi.4 ciŋ.5"@cdy	<http://ids.clld.org/values/8-550-418-1>		<http://ids.clld.org/parameters/8-550>		<http://ids.clld.org/values/8-550-264-5>		"xe"@cuj	
"mi.4 ciŋ.5"@cdy	<http://ids.clld.org/values/8-550-418-1>		<http://ids.clld.org/parameters/8-550>		<http://ids.clld.org/values/8-550-264-3>		"c̷ki"@cuj	
"mi.4 ciŋ.5"@cdy	<http://ids.clld.org/values/8-550-418-1>		<http://ids.clld.org/parameters/8-550>		<http://ids.clld.org/values/8-550-264-1>		"pľɨ"@cuj	
"che.3 lu.2"@cdy	<http://ids.clld.org/values/4-612-418-1>		<http://ids.clld.org/parameters/4-612>		<http://ids.clld.org/values/4-612-264-1>		"po-hi-me-wa-xri-pna-ta"@cuj	
"ta:m.2 / ta:ŋ.2"@cdy	<http://ids.clld.org/values/4-560-418-3>		<http://ids.clld.org/parameters/4-560>		<http://ids.clld.org/values/4-560-264-1>		"c̷kaha"@cuj	
"ćo.3 no.3"@cdy	<http://ids.clld.org/values/4-203-418-1>		<http://ids.clld.org/parameters/4-203>		<http://ids.clld.org/values/4-203-264-1>		"hašiče"@cuj	
"njeŋ.2 ka:ŋ.1"@cdy	<http://ids.clld.org/values/1-530-418-1>		<http://ids.clld.org/parameters/1-530>		<http://ids.clld.org/values/1-530-264-1>		"ksɨ-rɨ"@cuj	
"pi.2 ma.2"@cdy	<http://ids.clld.org/values/8-970-418-1>		<http://ids.clld.org/parameters/8-970>		<http://ids.clld.org/values/8-970-264-1>		"hačičo"@cuj	
"kok.7 pən.3"@cdy	<http://ids.clld.org/values/8-311-418-1>		<http://ids.clld.org/parameters/8-311>		<http://ids.clld.org/values/8-311-264-3>		"kaxirɨxi"@cuj	
"kok.7 pən.3"@cdy	<http://ids.clld.org/values/8-311-418-1>		<http://ids.clld.org/parameters/8-311>		<http://ids.clld.org/values/8-311-264-1>		"xi"@cuj	
"lum.1"@cdy	<http://ids.clld.org/values/4-854-418-3>		<http://ids.clld.org/parameters/4-854>		<http://ids.clld.org/values/4-854-264-1>		"hahrɨ"@cuj	
"ńe.3"@cdy	<http://ids.clld.org/values/16-370-418-1>		<http://ids.clld.org/parameters/16-370>		<http://ids.clld.org/values/16-370-264-3>		"sapľe"@cuj	
"ńe.3"@cdy	<http://ids.clld.org/values/16-370-418-1>		<http://ids.clld.org/parameters/16-370>		<http://ids.clld.org/values/16-370-264-1>		"čiyaha-ta"@cuj	
"fa:i.6"@cdy	<http://ids.clld.org/values/11-280-418-1>		<http://ids.clld.org/parameters/11-280>		<http://ids.clld.org/values/11-280-264-1>		"himtɨteta"@cuj	
"po.2 loŋ.6"@cdy	<http://ids.clld.org/values/1-350-418-1>		<http://ids.clld.org/parameters/1-350>		<http://ids.clld.org/values/1-350-264-1>		"špɨrha"@cuj	
"śin.3"@cdy	<http://ids.clld.org/values/1-222-418-1>		<http://ids.clld.org/parameters/1-222>		<http://ids.clld.org/values/1-222-264-1>		"pxita"@cuj	
"ŋa.4 pa:k.7"@cdy	<http://ids.clld.org/values/4-520-418-1>		<http://ids.clld.org/parameters/4-520>		<http://ids.clld.org/values/4-520-264-1>		"haphatata"@cuj	
"mi.1"@cdy	<http://ids.clld.org/values/4-330-418-1>		<http://ids.clld.org/parameters/4-330>		<http://ids.clld.org/values/4-330-264-1>		"myo"@cuj	
"seŋ.2"@cdy	<http://ids.clld.org/values/7-270-418-1>		<http://ids.clld.org/parameters/7-270>		<http://ids.clld.org/values/7-270-264-1>		"prixerɨ"@cuj	
"kam.2 ce.6"@cdy	<http://ids.clld.org/values/8-941-418-1>		<http://ids.clld.org/parameters/8-941>		<http://ids.clld.org/values/8-941-264-1>		"počwaksɨrɨ"@cuj	
"wi.1"@cdy	<http://ids.clld.org/values/1-810-418-1>		<http://ids.clld.org/parameters/1-810>		<http://ids.clld.org/values/1-810-264-1>		"yošika"@cuj	
"thjeu.1 chi.6"@cdy	<http://ids.clld.org/values/4-510-418-1>		<http://ids.clld.org/parameters/4-510>		<http://ids.clld.org/values/4-510-264-3>		"nˑiphya"@cuj	
"thjeu.1 chi.6"@cdy	<http://ids.clld.org/values/4-510-418-1>		<http://ids.clld.org/parameters/4-510>		<http://ids.clld.org/values/4-510-264-1>		"hinˑiphya"@cuj	
"fa.3"@cdy	<http://ids.clld.org/values/1-730-418-1>		<http://ids.clld.org/parameters/1-730>		<http://ids.clld.org/values/1-730-264-1>		"kyačhapererɨmko"@cuj	
"mən.2"@cdy	<http://ids.clld.org/values/2-930-418-1>		<http://ids.clld.org/parameters/2-930>		<http://ids.clld.org/values/2-930-264-1>		"waľe"@cuj	
"mən.2"@cdy	<http://ids.clld.org/values/2-930-418-1>		<http://ids.clld.org/parameters/2-930>		<http://ids.clld.org/values/2-930-264-3>		"waľa"@cuj	
"lak.8 za:u.4"@cdy	<http://ids.clld.org/values/2-630-418-1>		<http://ids.clld.org/parameters/2-630>		<http://ids.clld.org/values/2-630-264-1>		"mekanɨrɨ"@cuj	
"njeu.5"@cdy	<http://ids.clld.org/values/4-650-418-1>		<http://ids.clld.org/parameters/4-650>		<http://ids.clld.org/values/4-650-264-1>		"c̷ɨna-ka"@cuj	
"kjet.8 fan.1"@cdy	<http://ids.clld.org/values/2-330-418-1>		<http://ids.clld.org/parameters/2-330>		<http://ids.clld.org/values/2-330-264-1>		"kašimyota"@cuj	
"khwa:i.3 sa:m.3"@cdy	<http://ids.clld.org/values/10-451-418-1>		<http://ids.clld.org/parameters/10-451>		<http://ids.clld.org/values/10-451-264-1>		"mayapetɨta"@cuj	
"kha:n.1"@cdy	<http://ids.clld.org/values/2-480-418-1>		<http://ids.clld.org/parameters/2-480>		<http://ids.clld.org/values/2-480-264-1>		"mekahyi"@cuj	
"ńau.6"@cdy	<http://ids.clld.org/values/15-890-418-1>		<http://ids.clld.org/parameters/15-890>		<http://ids.clld.org/values/15-890-264-1>		"kačiyo"@cuj	
"neŋ.5"@cdy	<http://ids.clld.org/values/6-770-418-1>		<http://ids.clld.org/parameters/6-770>		<http://ids.clld.org/values/6-770-264-1>		"hixepre"@cuj	
"chi:ŋ.6"@cdy	<http://ids.clld.org/values/18-120-418-1>		<http://ids.clld.org/parameters/18-120>		<http://ids.clld.org/values/18-120-264-1>		"šikaľe-ta"@cuj	
"mok.8 su.3"@cdy	<http://ids.clld.org/values/8-920-418-1>		<http://ids.clld.org/parameters/8-920>		<http://ids.clld.org/values/8-920-264-1>		"ximeka"@cuj	
"muŋ.1"@cdy	<http://ids.clld.org/values/4-970-418-1>		<http://ids.clld.org/parameters/4-970>		<http://ids.clld.org/values/4-970-264-3>		"metkatɨ"@cuj	
"muŋ.1"@cdy	<http://ids.clld.org/values/4-970-418-1>		<http://ids.clld.org/parameters/4-970>		<http://ids.clld.org/values/4-970-264-1>		"mayhaľetɨ"@cuj	
"tin.1 jin.6"@cdy	<http://ids.clld.org/values/4-374-418-1>		<http://ids.clld.org/parameters/4-374>		<http://ids.clld.org/values/4-374-264-1>		"hapo"@cuj	
"ha.3"@cdy	<http://ids.clld.org/values/4-760-418-1>		<http://ids.clld.org/parameters/4-760>		<http://ids.clld.org/values/4-760-264-3>		"kama-ka-ta"@cuj	
"ha.3"@cdy	<http://ids.clld.org/values/4-760-418-1>		<http://ids.clld.org/parameters/4-760>		<http://ids.clld.org/values/4-760-264-1>		"hiyľata"@cuj	
"uk.7 wan.4"@cdy	<http://ids.clld.org/values/4-550-418-1>		<http://ids.clld.org/parameters/4-550>		<http://ids.clld.org/values/4-550-264-1>		"hinkoka"@cuj	
"la.1 pi.2"@cdy	<http://ids.clld.org/values/4-213-418-1>		<http://ids.clld.org/parameters/4-213>		<http://ids.clld.org/values/4-213-264-1>		"mta-ha"@cuj	
"fən.1"@cdy	<http://ids.clld.org/values/1-750-418-1>		<http://ids.clld.org/parameters/1-750>		<http://ids.clld.org/values/1-750-264-3>		"neka"@cuj	
"fən.1"@cdy	<http://ids.clld.org/values/1-750-418-1>		<http://ids.clld.org/parameters/1-750>		<http://ids.clld.org/values/1-750-264-1>		"hina"@cuj	
"lu.4(6) sü.3"@cdy	<http://ids.clld.org/values/1-640-418-1>		<http://ids.clld.org/parameters/1-640>		<http://ids.clld.org/values/1-640-264-1>		"yatsɨnɨ"@cuj	
"lo.3 shai.3 kut.7"@cdy	<http://ids.clld.org/values/4-371-418-1>		<http://ids.clld.org/parameters/4-371>		<http://ids.clld.org/values/4-371-264-1>		"yhalexi"@cuj	
"ep.7"@cdy	<http://ids.clld.org/values/3-570-418-1>		<http://ids.clld.org/parameters/3-570>		<http://ids.clld.org/values/3-570-264-1>		"hopši"@cuj	
"sha:i.3"@cdy	<http://ids.clld.org/values/4-461-418-1>		<http://ids.clld.org/parameters/4-461>		<http://ids.clld.org/values/4-461-264-1>		"hičkapi"@cuj	
"təŋ.2 kəm.4"@cdy	<http://ids.clld.org/values/4-463-418-1>		<http://ids.clld.org/parameters/4-463>		<http://ids.clld.org/values/4-463-264-3>		"ywaľitʸa"@cuj	
"təŋ.2 kəm.4"@cdy	<http://ids.clld.org/values/4-463-418-1>		<http://ids.clld.org/parameters/4-463>		<http://ids.clld.org/values/4-463-264-1>		"moto"@cuj	
"sü.4 shu:n.6"@cdy	<http://ids.clld.org/values/1-362-418-1>		<http://ids.clld.org/parameters/1-362>		<http://ids.clld.org/values/1-362-264-1>		"ximľere"@cuj	
"sü.4 shu:n.6"@cdy	<http://ids.clld.org/values/1-362-418-1>		<http://ids.clld.org/parameters/1-362>		<http://ids.clld.org/values/1-362-264-3>		"xiweyľɨ"@cuj	
"tə.0 mə.5 si.2 hau.6"@cdy	<http://ids.clld.org/values/17-650-418-1>		<http://ids.clld.org/parameters/17-650>		<http://ids.clld.org/values/17-650-264-1>		"hikľɨ"@cuj	
"lo.4 pu.2 hak.7"@cdy	<http://ids.clld.org/values/3-655-418-1>		<http://ids.clld.org/parameters/3-655>		<http://ids.clld.org/values/3-655-264-1>		"hopawo"@cuj	
"sa.4 cu.1"@cdy	<http://ids.clld.org/values/1-342-418-1>		<http://ids.clld.org/parameters/1-342>		<http://ids.clld.org/values/1-342-264-1>		"xrimta"@cuj	
"paŋ.3(4) mi.1"@cdy	<http://ids.clld.org/values/4-310-418-1>		<http://ids.clld.org/parameters/4-310>		<http://ids.clld.org/values/4-310-264-1>		"kano"@cuj	
"ŋo.4"@cdy	<http://ids.clld.org/values/13-50-418-1>		<http://ids.clld.org/parameters/13-50>		<http://ids.clld.org/values/13-50-264-1>		"pamyo"@cuj	
"kjan.1"@cdy	<http://ids.clld.org/values/6-810-418-1>		<http://ids.clld.org/parameters/6-810>		<http://ids.clld.org/values/6-810-264-1>		"c̷mapi"@cuj	
"lök.7 tau.5"@cdy	<http://ids.clld.org/values/8-470-418-1>		<http://ids.clld.org/parameters/8-470>		<http://ids.clld.org/values/8-470-264-1>		"šixi"@cuj	
"fa:t.7 ta:u.3"@cdy	<http://ids.clld.org/values/4-841-418-1>		<http://ids.clld.org/parameters/4-841>		<http://ids.clld.org/values/4-841-264-1>		"hemewata"@cuj	
"suŋ.3 pha:i.3"@cdy	<http://ids.clld.org/values/4-464-418-1>		<http://ids.clld.org/parameters/4-464>		<http://ids.clld.org/values/4-464-264-1>		"srɨ"@cuj	
"fe.4 koŋ.2 fu.1"@cdy	<http://ids.clld.org/values/9-120-418-1>		<http://ids.clld.org/parameters/9-120>		<http://ids.clld.org/values/9-120-264-1>		"kamrɨrči"@cuj	
"puə.2"@cdy	<http://ids.clld.org/values/2-470-418-1>		<http://ids.clld.org/parameters/2-470>		<http://ids.clld.org/values/2-470-264-1>		"ha-xi-ro"@cuj	
"ŋa.2 chi.3"@cdy	<http://ids.clld.org/values/4-270-418-1>		<http://ids.clld.org/parameters/4-270>		<http://ids.clld.org/values/4-270-264-1>		"yhi"@cuj	
"lən.1"@cdy	<http://ids.clld.org/values/19-210-418-1>		<http://ids.clld.org/parameters/19-210>		<http://ids.clld.org/values/19-210-264-1>		"yine"@cuj	
"ŋa:u.1"@cdy	<http://ids.clld.org/values/4-170-418-1>		<http://ids.clld.org/parameters/4-170>		<http://ids.clld.org/values/4-170-264-1>		"hwa"@cuj	
"taŋ.1"@cdy	<http://ids.clld.org/values/10-480-418-1>		<http://ids.clld.org/parameters/10-480>		<http://ids.clld.org/values/10-480-264-1>		"hina"@cuj	
"pja:n.4 ci.6"@cdy	<http://ids.clld.org/values/3-594-418-1>		<http://ids.clld.org/parameters/3-594>		<http://ids.clld.org/values/3-594-264-1>		"kamowa"@cuj	
"ńi.2"@cdy	<http://ids.clld.org/values/2-920-418-1>		<http://ids.clld.org/parameters/2-920>		<http://ids.clld.org/values/2-920-264-3>		"p-"@cuj	
"ńi.2"@cdy	<http://ids.clld.org/values/2-920-418-1>		<http://ids.clld.org/parameters/2-920>		<http://ids.clld.org/values/2-920-264-5>		"pɨ-"@cuj	
"ńi.2"@cdy	<http://ids.clld.org/values/2-920-418-1>		<http://ids.clld.org/parameters/2-920>		<http://ids.clld.org/values/2-920-264-1>		"pitʸa"@cuj	
"luk.7"@cdy	<http://ids.clld.org/values/9-360-418-1>		<http://ids.clld.org/parameters/9-360>		<http://ids.clld.org/values/9-360-264-3>		"hero-ta"@cuj	
"luk.7"@cdy	<http://ids.clld.org/values/9-360-418-1>		<http://ids.clld.org/parameters/9-360>		<http://ids.clld.org/values/9-360-264-1>		"herka"@cuj	
"pi.2"@cdy	<http://ids.clld.org/values/4-120-418-1>		<http://ids.clld.org/parameters/4-120>		<http://ids.clld.org/values/4-120-264-1>		"nikči-mta"@cuj	
"pi.2"@cdy	<http://ids.clld.org/values/4-120-418-1>		<http://ids.clld.org/parameters/4-120>		<http://ids.clld.org/values/4-120-264-3>		"mta"@cuj	
"pa:k.7 pi.2"@cdy	<http://ids.clld.org/values/4-250-418-1>		<http://ids.clld.org/parameters/4-250>		<http://ids.clld.org/values/4-250-264-1>		"spɨ ~ špɨ"@cuj	
"ni.4 nan.2"@cdy	<http://ids.clld.org/values/3-811-418-3>		<http://ids.clld.org/parameters/3-811>		<http://ids.clld.org/values/3-811-264-3>		"šep-či"@cuj	
"ni.4 nan.2"@cdy	<http://ids.clld.org/values/3-811-418-3>		<http://ids.clld.org/parameters/3-811>		<http://ids.clld.org/values/3-811-264-1>		"xepa"@cuj	
"ne.2 hjen.6"@cdy	<http://ids.clld.org/values/3-665-418-1>		<http://ids.clld.org/parameters/3-665>		<http://ids.clld.org/values/3-665-264-1>		"pɨc̷o-tɨ"@cuj	
"wu:ŋ.4 su.2"@cdy	<http://ids.clld.org/values/8-910-418-1>		<http://ids.clld.org/parameters/8-910>		<http://ids.clld.org/values/8-910-264-1>		"xipa-ľɨ"@cuj	
"sham.4 tau.2"@cdy	<http://ids.clld.org/values/4-440-418-1>		<http://ids.clld.org/parameters/4-440>		<http://ids.clld.org/values/4-440-264-1>		"haxi"@cuj	
"sa.4 shai.3"@cdy	<http://ids.clld.org/values/3-720-418-1>		<http://ids.clld.org/parameters/3-720>		<http://ids.clld.org/values/3-720-264-1>		"seroľɨ mhenokľɨ"@cuj	
"na:n.4"@cdy	<http://ids.clld.org/values/4-130-418-1>		<http://ids.clld.org/parameters/4-130>		<http://ids.clld.org/values/4-130-264-1>		"hitɨ"@cuj	
"ŋa.2 ńan.2"@cdy	<http://ids.clld.org/values/4-271-418-3>		<http://ids.clld.org/parameters/4-271>		<http://ids.clld.org/values/4-271-264-1>		"kyapi"@cuj	
"ćik.7"@cdy	<http://ids.clld.org/values/16-310-418-1>		<http://ids.clld.org/parameters/16-310>		<http://ids.clld.org/values/16-310-264-1>		"čino"@cuj	
"wan.1"@cdy	<http://ids.clld.org/values/4-280-418-1>		<http://ids.clld.org/parameters/4-280>		<http://ids.clld.org/values/4-280-264-1>		"noxi"@cuj	
"naŋ.4(1) cəm.2"@cdy	<http://ids.clld.org/values/4-231-418-1>		<http://ids.clld.org/parameters/4-231>		<http://ids.clld.org/values/4-231-264-1>		"xri-pna"@cuj	
"mek.8"@cdy	<http://ids.clld.org/values/4-151-418-1>		<http://ids.clld.org/parameters/4-151>		<http://ids.clld.org/values/4-151-264-1>		"koc̷a"@cuj	
"hja:i.6"@cdy	<http://ids.clld.org/values/15-780-418-1>		<http://ids.clld.org/parameters/15-780>		<http://ids.clld.org/values/15-780-264-1>		"phewna"@cuj	
"la:n.2"@cdy	<http://ids.clld.org/values/18-280-418-1>		<http://ids.clld.org/parameters/18-280>		<http://ids.clld.org/values/18-280-264-1>		"hi-waka"@cuj	
"moŋ.6"@cdy	<http://ids.clld.org/values/4-620-418-1>		<http://ids.clld.org/parameters/4-620>		<http://ids.clld.org/values/4-620-264-1>		"hipnawata"@cuj	
"pa:u.1"@cdy	<http://ids.clld.org/values/10-140-418-1>		<http://ids.clld.org/parameters/10-140>		<http://ids.clld.org/values/10-140-264-1>		"powata"@cuj	
"ńi:ŋ.4 cə.4 tap.7"@cdy	<http://ids.clld.org/values/4-281-418-1>		<http://ids.clld.org/parameters/4-281>		<http://ids.clld.org/values/4-281-264-1>		"paxnohi / noxi (?)"@cuj	
"la:u.4 hja:n.1"@cdy	<http://ids.clld.org/values/2-820-418-1>		<http://ids.clld.org/parameters/2-820>		<http://ids.clld.org/values/2-820-264-1>		"moľe"@cuj	
"la:u.4 hja:n.1"@cdy	<http://ids.clld.org/values/2-820-418-1>		<http://ids.clld.org/parameters/2-820>		<http://ids.clld.org/values/2-820-264-3>		"moľe-ta"@cuj	
"tau.2 pjen.4"@cdy	<http://ids.clld.org/values/6-921-418-3>		<http://ids.clld.org/parameters/6-921>		<http://ids.clld.org/values/6-921-264-1>		"kamapita"@cuj	
"cha:u.3"@cdy	<http://ids.clld.org/values/5-230-418-1>		<http://ids.clld.org/parameters/5-230>		<http://ids.clld.org/values/5-230-264-1>		"xima"@cuj	
"ci:ŋ.3"@cdy	<http://ids.clld.org/values/12-530-418-1>		<http://ids.clld.org/parameters/12-530>		<http://ids.clld.org/values/12-530-264-1>		"c̷erɨwna"@cuj	
"ŋa:m.3"@cdy	<http://ids.clld.org/values/1-280-418-1>		<http://ids.clld.org/parameters/1-280>		<http://ids.clld.org/values/1-280-264-1>		"mahka"@cuj	
"ŋa:m.3"@cdy	<http://ids.clld.org/values/1-280-418-1>		<http://ids.clld.org/parameters/1-280>		<http://ids.clld.org/values/1-280-264-3>		"kapna"@cuj	
"la:i.4 kwa:i.6"@cdy	<http://ids.clld.org/values/22-450-418-1>		<http://ids.clld.org/parameters/22-450>		<http://ids.clld.org/values/22-450-264-1>		"samenɨ"@cuj	
"tim.1"@cdy	<http://ids.clld.org/values/6-410-418-1>		<http://ids.clld.org/parameters/6-410>		<http://ids.clld.org/values/6-410-264-1>		"papowaľɨtɨ"@cuj	
"hja:n.1"@cdy	<http://ids.clld.org/values/7-120-418-1>		<http://ids.clld.org/parameters/7-120>		<http://ids.clld.org/values/7-120-264-3>		"pxi"@cuj	
"hja:n.1"@cdy	<http://ids.clld.org/values/7-120-418-1>		<http://ids.clld.org/parameters/7-120>		<http://ids.clld.org/values/7-120-264-1>		"panči"@cuj	
"ci.3"@cdy	<http://ids.clld.org/values/18-560-418-1>		<http://ids.clld.org/parameters/18-560>		<http://ids.clld.org/values/18-560-264-1>		"[kirɨka]"@cuj	
"ćo.3 kjan.1"@cdy	<http://ids.clld.org/values/6-780-418-1>		<http://ids.clld.org/parameters/6-780>		<http://ids.clld.org/values/6-780-264-1>		"satʸpamtaľɨ"@cuj	
"la:u.4"@cdy	<http://ids.clld.org/values/14-150-418-1>		<http://ids.clld.org/parameters/14-150>		<http://ids.clld.org/values/14-150-264-1>		"c̷-rɨ"@cuj	
"ta.4 chiu.1"@cdy	<http://ids.clld.org/values/4-540-418-1>		<http://ids.clld.org/parameters/4-540>		<http://ids.clld.org/values/4-540-264-1>		"hečhota"@cuj	
"ku.4 hon.4 kuŋ.1"@cdy	<http://ids.clld.org/values/2-770-418-1>		<http://ids.clld.org/parameters/2-770>		<http://ids.clld.org/values/2-770-264-1>		"hipnahnɨnrotačri"@cuj	
"wi.4(1) niŋ.3"@cdy	<http://ids.clld.org/values/1-841-418-1>		<http://ids.clld.org/parameters/1-841>		<http://ids.clld.org/values/1-841-264-1>		"čič-mero"@cuj	
"wi.4(1) niŋ.3"@cdy	<http://ids.clld.org/values/1-841-418-1>		<http://ids.clld.org/parameters/1-841>		<http://ids.clld.org/values/1-841-264-3>		"mero"@cuj	
"ki.4(6) ńi.2"@cdy	<http://ids.clld.org/values/2-730-418-1>		<http://ids.clld.org/parameters/2-730>		<http://ids.clld.org/values/2-730-264-1>		"kosčekyehrerɨ"@cuj	
"pən.1"@cdy	<http://ids.clld.org/values/1-510-418-1>		<http://ids.clld.org/parameters/1-510>		<http://ids.clld.org/values/1-510-264-1>		"teno"@cuj	
"pən.1"@cdy	<http://ids.clld.org/values/1-510-418-1>		<http://ids.clld.org/parameters/1-510>		<http://ids.clld.org/values/1-510-264-3>		"tenhohne"@cuj	
"uŋ.4 nhau.1"@cdy	<http://ids.clld.org/values/17-660-418-1>		<http://ids.clld.org/parameters/17-660>		<http://ids.clld.org/values/17-660-264-1>		"hinaka"@cuj	
"jen.1"@cdy	<http://ids.clld.org/values/8-690-418-3>		<http://ids.clld.org/parameters/8-690>		<http://ids.clld.org/values/8-690-264-1>		"montʸita"@cuj	
"ćhu.3"@cdy	<http://ids.clld.org/values/4-740-418-1>		<http://ids.clld.org/parameters/4-740>		<http://ids.clld.org/values/4-740-264-1>		"hiweka"@cuj	
"kha.4 la:k.7"@cdy	<http://ids.clld.org/values/4-312-418-1>		<http://ids.clld.org/parameters/4-312>		<http://ids.clld.org/values/4-312-264-1>		"kxepɨ"@cuj	
"u:n.3"@cdy	<http://ids.clld.org/values/5-330-418-1>		<http://ids.clld.org/parameters/5-330>		<http://ids.clld.org/values/5-330-264-1>		"koľpe-to"@cuj	
"shi:ŋ.3"@cdy	<http://ids.clld.org/values/17-130-418-1>		<http://ids.clld.org/parameters/17-130>		<http://ids.clld.org/values/17-130-264-1>		"hi-šinika"@cuj	
"si.6"@cdy	<http://ids.clld.org/values/17-550-418-1>		<http://ids.clld.org/parameters/17-550>		<http://ids.clld.org/values/17-550-264-1>		"hi-hi"@cuj	
"a:m.1 tai.1"@cdy	<http://ids.clld.org/values/4-751-418-1>		<http://ids.clld.org/parameters/4-751>		<http://ids.clld.org/values/4-751-264-1>		"hahyeka"@cuj	
"ta:u.3"@cdy	<http://ids.clld.org/values/1-851-418-1>		<http://ids.clld.org/parameters/1-851>		<http://ids.clld.org/values/1-851-264-3>		"haľha"@cuj	
"ta:u.3"@cdy	<http://ids.clld.org/values/1-851-418-1>		<http://ids.clld.org/parameters/1-851>		<http://ids.clld.org/values/1-851-264-1>		"hapkaha"@cuj	
"la:u.4 ləŋ.1"@cdy	<http://ids.clld.org/values/1-240-418-1>		<http://ids.clld.org/parameters/1-240>		<http://ids.clld.org/values/1-240-264-1>		"čpaľe"@cuj	
"la:u.4 ləŋ.1"@cdy	<http://ids.clld.org/values/1-240-418-1>		<http://ids.clld.org/parameters/1-240>		<http://ids.clld.org/values/1-240-264-3>		"mahka čpaľe"@cuj	
"cat.8 ńi.2"@cdy	<http://ids.clld.org/values/2-530-418-1>		<http://ids.clld.org/parameters/2-530>		<http://ids.clld.org/values/2-530-264-1>		"paľikľerɨ"@cuj	
"ćo.3 ni.4 mhi.1"@cdy	<http://ids.clld.org/values/4-342-418-1>		<http://ids.clld.org/parameters/4-342>		<http://ids.clld.org/values/4-342-264-1>		"c̷rɨxirɨ"@cuj	
"soŋ.4(1) pa:u.4 tai.1"@cdy	<http://ids.clld.org/values/2-458-418-1>		<http://ids.clld.org/parameters/2-458>		<http://ids.clld.org/values/2-458-264-1>		"hepiritɨ ~ hepirɨtɨ"@cuj	
"cü.2 shai.3"@cdy	<http://ids.clld.org/values/6-760-418-1>		<http://ids.clld.org/parameters/6-760>		<http://ids.clld.org/values/6-760-264-1>		"tɨwɨtɨ"@cuj	
"lak.8 hau.2 seŋ.1"@cdy	<http://ids.clld.org/values/2-251-418-1>		<http://ids.clld.org/parameters/2-251>		<http://ids.clld.org/values/2-251-264-1>		"makľɨxi"@cuj	
"ma:n.3 pa.2"@cdy	<http://ids.clld.org/values/5-123-418-3>		<http://ids.clld.org/parameters/5-123>		<http://ids.clld.org/values/5-123-264-1>		"sero"@cuj	
"ljeŋ.4 kaŋ.4 tuŋ.1"@cdy	<http://ids.clld.org/values/1-590-418-1>		<http://ids.clld.org/parameters/1-590>		<http://ids.clld.org/values/1-590-264-1>		"kši"@cuj	
"sa:n.4 pa.1"@cdy	<http://ids.clld.org/values/3-750-418-1>		<http://ids.clld.org/parameters/3-750>		<http://ids.clld.org/values/3-750-264-1>		"kšote-rɨ"@cuj	
"pe.4 khja.1"@cdy	<http://ids.clld.org/values/4-220-418-1>		<http://ids.clld.org/parameters/4-220>		<http://ids.clld.org/values/4-220-264-3>		"xepi"@cuj	
"pe.4 khja.1"@cdy	<http://ids.clld.org/values/4-220-418-1>		<http://ids.clld.org/parameters/4-220>		<http://ids.clld.org/values/4-220-264-1>		"xnako"@cuj	
"lök.7"@cdy	<http://ids.clld.org/values/4-570-418-1>		<http://ids.clld.org/parameters/4-570>		<http://ids.clld.org/values/4-570-264-1>		"hapľita"@cuj	
"pe.4 tət.7"@cdy	<http://ids.clld.org/values/4-640-418-1>		<http://ids.clld.org/parameters/4-640>		<http://ids.clld.org/values/4-640-264-1>		"hixnɨta"@cuj	
"ćo.3 pjam.1"@cdy	<http://ids.clld.org/values/4-140-418-1>		<http://ids.clld.org/parameters/4-140>		<http://ids.clld.org/values/4-140-264-1>		"xiwɨ-c̷a"@cuj	
"lhje.3"@cdy	<http://ids.clld.org/values/2-640-418-1>		<http://ids.clld.org/parameters/2-640>		<http://ids.clld.org/values/2-640-264-1>		"mekanɨnro"@cuj	
"fai.4 sü.3"@cdy	<http://ids.clld.org/values/3-591-418-1>		<http://ids.clld.org/parameters/3-591>		<http://ids.clld.org/values/3-591-264-1>		"šyo"@cuj	
"kha:t.7"@cdy	<http://ids.clld.org/values/5-150-418-1>		<http://ids.clld.org/parameters/5-150>		<http://ids.clld.org/values/5-150-264-1>		"honunˑahatewata"@cuj	
"khun.1"@cdy	<http://ids.clld.org/values/10-710-418-1>		<http://ids.clld.org/parameters/10-710>		<http://ids.clld.org/values/10-710-264-1>		"hapo"@cuj	
"khun.1"@cdy	<http://ids.clld.org/values/10-710-418-1>		<http://ids.clld.org/parameters/10-710>		<http://ids.clld.org/values/10-710-264-3>		"hatnɨ"@cuj	
"məm.6 ci.5"@cdy	<http://ids.clld.org/values/3-652-418-1>		<http://ids.clld.org/parameters/3-652>		<http://ids.clld.org/values/3-652-264-3>		"patľeta"@cuj	
"məm.6 ci.5"@cdy	<http://ids.clld.org/values/3-652-418-1>		<http://ids.clld.org/parameters/3-652>		<http://ids.clld.org/values/3-652-264-1>		"hwa"@cuj	
"ti.1"@cdy	<http://ids.clld.org/values/2-350-418-1>		<http://ids.clld.org/parameters/2-350>		<http://ids.clld.org/values/2-350-264-1>		"hi-rɨ"@cuj	
"ti.1"@cdy	<http://ids.clld.org/values/2-350-418-1>		<http://ids.clld.org/parameters/2-350>		<http://ids.clld.org/values/2-350-264-3>		"pa-tɨ"@cuj	
"mok.8"@cdy	<http://ids.clld.org/values/4-232-418-1>		<http://ids.clld.org/parameters/4-232>		<http://ids.clld.org/values/4-232-264-1>		"sro"@cuj	
"mu:i.3 ka.1 ti.1"@cdy	<http://ids.clld.org/values/2-610-418-1>		<http://ids.clld.org/parameters/2-610>		<http://ids.clld.org/values/2-610-264-1>		"himatʸirɨ"@cuj	
"cat.8 niu.4"@cdy	<http://ids.clld.org/values/2-540-418-1>		<http://ids.clld.org/parameters/2-540>		<http://ids.clld.org/values/2-540-264-1>		"paľikľero"@cuj	
"weŋ.2 ljeŋ.2"@cdy	<http://ids.clld.org/values/7-530-418-1>		<http://ids.clld.org/parameters/7-530>		<http://ids.clld.org/values/7-530-264-1>		"hayixi"@cuj	
"ji:k.7"@cdy	<http://ids.clld.org/values/5-140-418-1>		<http://ids.clld.org/parameters/5-140>		<http://ids.clld.org/values/5-140-264-1>		"nači-ma"@cuj	
"lak.8"@cdy	<http://ids.clld.org/values/4-950-418-1>		<http://ids.clld.org/parameters/4-950>		<http://ids.clld.org/values/4-950-264-1>		"[mašonti]"@cuj	
"shjen.1"@cdy	<http://ids.clld.org/values/13-106-418-1>		<http://ids.clld.org/parameters/13-106>		<http://ids.clld.org/values/13-106-264-1>		"[waranka]"@cuj	
"kwan.2"@cdy	<http://ids.clld.org/values/1-830-418-1>		<http://ids.clld.org/parameters/1-830>		<http://ids.clld.org/values/1-830-264-1>		"či-či-phya"@cuj	
"ni.3 cjek.8"@cdy	<http://ids.clld.org/values/15-410-418-1>		<http://ids.clld.org/parameters/15-410>		<http://ids.clld.org/values/15-410-264-1>		"xema"@cuj	
"ni.3 cjek.8"@cdy	<http://ids.clld.org/values/15-410-418-1>		<http://ids.clld.org/parameters/15-410>		<http://ids.clld.org/values/15-410-264-3>		"yixnakota"@cuj	
"wa.6 ńien.2"@cdy	<http://ids.clld.org/values/18-240-418-1>		<http://ids.clld.org/parameters/18-240>		<http://ids.clld.org/values/18-240-264-1>		"tokanɨ"@cuj	
"hwa.1"@cdy	<http://ids.clld.org/values/8-570-418-1>		<http://ids.clld.org/parameters/8-570>		<http://ids.clld.org/values/8-570-264-1>		"hwɨ ~ howɨ"@cuj	
"su:k.7"@cdy	<http://ids.clld.org/values/5-130-418-1>		<http://ids.clld.org/parameters/5-130>		<http://ids.clld.org/values/5-130-264-1>		"hašroka"@cuj	
"lhaŋ.1 cjek.8"@cdy	<http://ids.clld.org/values/15-510-418-1>		<http://ids.clld.org/parameters/15-510>		<http://ids.clld.org/values/15-510-264-1>		"heta"@cuj	
"fa:i.4 nuŋ.4 ta:i.6 mai.4"@cdy	<http://ids.clld.org/values/2-456-418-1>		<http://ids.clld.org/parameters/2-456>		<http://ids.clld.org/values/2-456-264-1>		"yehwakata"@cuj	
"pja.2"@cdy	<http://ids.clld.org/values/10-410-418-1>		<http://ids.clld.org/parameters/10-410>		<http://ids.clld.org/values/10-410-264-1>		"kamita"@cuj	
"ne.4 jok.8"@cdy	<http://ids.clld.org/values/4-820-418-1>		<http://ids.clld.org/parameters/4-820>		<http://ids.clld.org/values/4-820-264-1>		"pohro"@cuj	
"hjo.1"@cdy	<http://ids.clld.org/values/17-170-418-1>		<http://ids.clld.org/parameters/17-170>		<http://ids.clld.org/values/17-170-264-1>		"himata"@cuj	
"lhap.7"@cdy	<http://ids.clld.org/values/1-620-418-1>		<http://ids.clld.org/parameters/1-620>		<http://ids.clld.org/values/1-620-264-1>		"yačhe"@cuj	
"lhap.7"@cdy	<http://ids.clld.org/values/1-620-418-1>		<http://ids.clld.org/parameters/1-620>		<http://ids.clld.org/values/1-620-264-3>		"yačnewľɨ"@cuj	
"pu.6"@cdy	<http://ids.clld.org/values/4-410-418-1>		<http://ids.clld.org/parameters/4-410>		<http://ids.clld.org/values/4-410-264-1>		"sta"@cuj	
"pu.6"@cdy	<http://ids.clld.org/values/4-410-418-1>		<http://ids.clld.org/parameters/4-410>		<http://ids.clld.org/values/4-410-264-3>		"t-nɨ"@cuj	
"ću.2"@cdy	<http://ids.clld.org/values/12-830-418-1>		<http://ids.clld.org/parameters/12-830>		<http://ids.clld.org/values/12-830-264-1>		"poproľsahi"@cuj	
"ću.2"@cdy	<http://ids.clld.org/values/12-830-418-1>		<http://ids.clld.org/parameters/12-830>		<http://ids.clld.org/values/12-830-264-3>		"sahi"@cuj	
"sha:i.2(6) la:i.2 fo.1"@cdy	<http://ids.clld.org/values/1-870-418-1>		<http://ids.clld.org/parameters/1-870>		<http://ids.clld.org/values/1-870-264-1>		"[posporo]"@cuj	
"muŋ.3 lu.2 ji:n.1"@cdy	<http://ids.clld.org/values/1-740-418-1>		<http://ids.clld.org/parameters/1-740>		<http://ids.clld.org/values/1-740-264-1>		"kyačhapererɨmko"@cuj	
"fən.1 lək.8"@cdy	<http://ids.clld.org/values/1-580-418-1>		<http://ids.clld.org/parameters/1-580>		<http://ids.clld.org/values/1-580-264-1>		"yonˑiphyata"@cuj	
"tak.8 məm.4 pja.1"@cdy	<http://ids.clld.org/values/3-819-418-1>		<http://ids.clld.org/parameters/3-819>		<http://ids.clld.org/values/3-819-264-1>		"mkaľɨ"@cuj	
"kut.7"@cdy	<http://ids.clld.org/values/4-160-418-1>		<http://ids.clld.org/parameters/4-160>		<http://ids.clld.org/values/4-160-264-1>		"ha-pɨ"@cuj	
"koŋ.1"@cdy	<http://ids.clld.org/values/2-460-418-1>		<http://ids.clld.org/parameters/2-460>		<http://ids.clld.org/values/2-460-264-1>		"hatʸi-rɨ"@cuj	
"lət.7"@cdy	<http://ids.clld.org/values/1-880-418-1>		<http://ids.clld.org/parameters/1-880>		<http://ids.clld.org/values/1-880-264-1>		"čiči"@cuj	
"lət.7"@cdy	<http://ids.clld.org/values/1-880-418-1>		<http://ids.clld.org/parameters/1-880>		<http://ids.clld.org/values/1-880-264-3>		"hičima"@cuj	
"səŋ.1 can.2"@cdy	<http://ids.clld.org/values/10-210-418-1>		<http://ids.clld.org/parameters/10-210>		<http://ids.clld.org/values/10-210-264-1>		"hitʸenowna"@cuj	
"sok.8"@cdy	<http://ids.clld.org/values/5-123-418-1>		<http://ids.clld.org/parameters/5-123>		<http://ids.clld.org/values/5-123-264-1>		"sero"@cuj	
"hau.2 seŋ.1"@cdy	<http://ids.clld.org/values/14-140-418-1>		<http://ids.clld.org/parameters/14-140>		<http://ids.clld.org/values/14-140-264-1>		"makľɨta"@cuj	
"ni.4 la:p.8 njaŋ.3"@cdy	<http://ids.clld.org/values/1-550-418-1>		<http://ids.clld.org/parameters/1-550>		<http://ids.clld.org/values/1-550-264-1>		"rawrakľe"@cuj	
"sheu.2 nham.3"@cdy	<http://ids.clld.org/values/10-350-418-1>		<http://ids.clld.org/parameters/10-350>		<http://ids.clld.org/values/10-350-264-1>		"ha-noha-ta"@cuj	
"lən.2"@cdy	<http://ids.clld.org/values/4-110-418-1>		<http://ids.clld.org/parameters/4-110>		<http://ids.clld.org/values/4-110-264-1>		"mane"@cuj	
"śe.1"@cdy	<http://ids.clld.org/values/2-950-418-1>		<http://ids.clld.org/parameters/2-950>		<http://ids.clld.org/values/2-950-264-3>		"hi-"@cuj	
"śe.1"@cdy	<http://ids.clld.org/values/2-950-418-1>		<http://ids.clld.org/parameters/2-950>		<http://ids.clld.org/values/2-950-264-1>		"hitʸa"@cuj	
"na.3"@cdy	<http://ids.clld.org/values/4-204-418-1>		<http://ids.clld.org/parameters/4-204>		<http://ids.clld.org/values/4-204-264-1>		"hoxi"@cuj	
"ni.4 fai.5"@cdy	<http://ids.clld.org/values/1-520-418-1>		<http://ids.clld.org/parameters/1-520>		<http://ids.clld.org/values/1-520-264-1>		"tka-či"@cuj	
"mek.8"@cdy	<http://ids.clld.org/values/8-430-418-1>		<http://ids.clld.org/parameters/8-430>		<http://ids.clld.org/values/8-430-264-1>		"[triko]"@cuj	
"tjem.3 wi.1"@cdy	<http://ids.clld.org/values/1-860-418-1>		<http://ids.clld.org/parameters/1-860>		<http://ids.clld.org/values/1-860-264-3>		"tʸirna"@cuj	
"tjem.3 wi.1"@cdy	<http://ids.clld.org/values/1-860-418-1>		<http://ids.clld.org/parameters/1-860>		<http://ids.clld.org/values/1-860-264-1>		"tʸirika"@cuj	
"tjen.1"@cdy	<http://ids.clld.org/values/17-230-418-1>		<http://ids.clld.org/parameters/17-230>		<http://ids.clld.org/values/17-230-264-1>		"sepro"@cuj	
"wi.1 phe.1"@cdy	<http://ids.clld.org/values/1-820-418-1>		<http://ids.clld.org/parameters/1-820>		<http://ids.clld.org/values/1-820-264-1>		"katmeroľɨ"@cuj	
"ńa:i.5"@cdy	<http://ids.clld.org/values/5-180-418-1>		<http://ids.clld.org/parameters/5-180>		<http://ids.clld.org/values/5-180-264-1>		"hawiyaka"@cuj	
"ləm.1"@cdy	<http://ids.clld.org/values/1-720-418-1>		<http://ids.clld.org/parameters/1-720>		<http://ids.clld.org/values/1-720-264-3>		"hawoka"@cuj	
"ləm.1"@cdy	<http://ids.clld.org/values/1-720-418-1>		<http://ids.clld.org/parameters/1-720>		<http://ids.clld.org/values/1-720-264-1>		"nˑiphya"@cuj	
"tin.1"@cdy	<http://ids.clld.org/values/4-370-418-1>		<http://ids.clld.org/parameters/4-370>		<http://ids.clld.org/values/4-370-264-1>		"xitʸi"@cuj	
"nu:t.8"@cdy	<http://ids.clld.org/values/4-142-418-1>		<http://ids.clld.org/parameters/4-142>		<http://ids.clld.org/values/4-142-264-1>		"šapto"@cuj	
"lu:n.1"@cdy	<http://ids.clld.org/values/12-810-418-1>		<http://ids.clld.org/parameters/12-810>		<http://ids.clld.org/values/12-810-264-1>		"po-pro-ľo-ľɨ"@cuj	
"ŋwet.7"@cdy	<http://ids.clld.org/values/14-710-418-1>		<http://ids.clld.org/parameters/14-710>		<http://ids.clld.org/values/14-710-264-1>		"ksɨ-rɨ"@cuj	
"tü.2"@cdy	<http://ids.clld.org/values/1-440-418-1>		<http://ids.clld.org/parameters/1-440>		<http://ids.clld.org/values/1-440-264-1>		"sotľɨ"@cuj	
"loŋ.6"@cdy	<http://ids.clld.org/values/16-260-418-1>		<http://ids.clld.org/parameters/16-260>		<http://ids.clld.org/values/16-260-264-1>		"hapnoka-wa-ta"@cuj	
"ca:p.7 la.1"@cdy	<http://ids.clld.org/values/4-215-418-1>		<http://ids.clld.org/parameters/4-215>		<http://ids.clld.org/values/4-215-264-1>		"hixpɨka"@cuj	
"cəm.2 lö.2"@cdy	<http://ids.clld.org/values/4-430-418-1>		<http://ids.clld.org/parameters/4-430>		<http://ids.clld.org/values/4-430-264-1>		"pľo"@cuj	
"ni.4 kwai.3"@cdy	<http://ids.clld.org/values/3-950-418-3>		<http://ids.clld.org/parameters/3-950>		<http://ids.clld.org/values/3-950-264-1>		"toľo-x-rɨ"@cuj	
"tap.7"@cdy	<http://ids.clld.org/values/4-450-418-1>		<http://ids.clld.org/parameters/4-450>		<http://ids.clld.org/values/4-450-264-1>		"ho-pna"@cuj	
"lak.8 pi:k.7 kha:n.1"@cdy	<http://ids.clld.org/values/2-490-418-1>		<http://ids.clld.org/parameters/2-490>		<http://ids.clld.org/values/2-490-264-1>		"mekahyi"@cuj	
"mok.8 tau.2"@cdy	<http://ids.clld.org/values/1-430-418-1>		<http://ids.clld.org/parameters/1-430>		<http://ids.clld.org/values/1-430-264-1>		"hah-mɨna"@cuj	
"mok.8 tau.2"@cdy	<http://ids.clld.org/values/1-430-418-1>		<http://ids.clld.org/parameters/1-430>		<http://ids.clld.org/values/1-430-264-3>		"mɨna"@cuj	
"kjit.7"@cdy	<http://ids.clld.org/values/4-856-418-1>		<http://ids.clld.org/parameters/4-856>		<http://ids.clld.org/values/4-856-264-1>		"yma"@cuj	
