"ću:ŋ.3"@cdy	<http://ids.clld.org/values/13-150-418-1>		<http://ids.clld.org/parameters/13-150>		<http://ids.clld.org/values/13-150-198-1>		"tūlan"@prg	
"pə.1"@cdy	<http://ids.clld.org/values/10-470-418-1>		<http://ids.clld.org/parameters/10-470>		<http://ids.clld.org/values/10-470-198-1>		"éit"@prg	
"na.3 tak.7"@cdy	<http://ids.clld.org/values/4-400-418-1>		<http://ids.clld.org/parameters/4-400>		<http://ids.clld.org/values/4-400-198-1>		"kraklan"@prg	
"ha.4 pa.2"@cdy	<http://ids.clld.org/values/4-209-418-1>		<http://ids.clld.org/parameters/4-209>		<http://ids.clld.org/values/4-209-198-1>		"skalus"@prg	
"she.5"@cdy	<http://ids.clld.org/values/12-560-418-1>		<http://ids.clld.org/parameters/12-560>		<http://ids.clld.org/values/12-560-198-1>		"likuts"@prg	
"tak.8 ka:i.5"@cdy	<http://ids.clld.org/values/3-520-418-1>		<http://ids.clld.org/parameters/3-520>		<http://ids.clld.org/values/3-520-198-1>		"gertis"@prg	
"ka:i.5"@cdy	<http://ids.clld.org/values/3-550-418-1>		<http://ids.clld.org/parameters/3-550>		<http://ids.clld.org/values/3-550-198-1>		"gertist'an"@prg	
"kən.6 ću:ŋ.3"@cdy	<http://ids.clld.org/values/13-160-418-1>		<http://ids.clld.org/parameters/13-160>		<http://ids.clld.org/values/13-160-198-1>		"tūl[i]s (?)"@prg	
"jam.1"@cdy	<http://ids.clld.org/values/12-670-418-1>		<http://ids.clld.org/parameters/12-670>		<http://ids.clld.org/values/12-670-198-1>		"gilin"@prg	
"nian.3 shai.3"@cdy	<http://ids.clld.org/values/5-570-418-1>		<http://ids.clld.org/parameters/5-570>		<http://ids.clld.org/values/5-570-198-1>		"malūnis"@prg	
"ńau.2 khu.1 hjo.1"@cdy	<http://ids.clld.org/values/8-520-418-1>		<http://ids.clld.org/parameters/8-520>		<http://ids.clld.org/values/8-520-198-1>		"kraiss"@prg	
"cau.4 uk.7"@cdy	<http://ids.clld.org/values/15-550-418-1>		<http://ids.clld.org/parameters/15-550>		<http://ids.clld.org/values/15-550-198-1>		"vaidina"@prg	
"ta:p.7 ɨŋ.6"@cdy	<http://ids.clld.org/values/18-360-418-1>		<http://ids.clld.org/parameters/18-360>		<http://ids.clld.org/values/18-360-198-3>		"taukinuns"@prg	
"ta:p.7 ɨŋ.6"@cdy	<http://ids.clld.org/values/18-360-418-1>		<http://ids.clld.org/parameters/18-360>		<http://ids.clld.org/values/18-360-198-1>		"preigerdauja"@prg	
"ni.4 mhu.5"@cdy	<http://ids.clld.org/values/3-340-418-1>		<http://ids.clld.org/parameters/3-340>		<http://ids.clld.org/values/3-340-198-1>		"svint'an ~ sk'aurē (fem.)"@prg	
"lai.4"@cdy	<http://ids.clld.org/values/11-160-418-1>		<http://ids.clld.org/parameters/11-160>		<http://ids.clld.org/values/11-160-198-1>		"pagaút"@prg	
"ciu.4 je.1"@cdy	<http://ids.clld.org/values/16-450-418-1>		<http://ids.clld.org/parameters/16-450>		<http://ids.clld.org/values/16-450-198-1>		"gēdan"@prg	
"maŋ.4"@cdy	<http://ids.clld.org/values/16-270-418-1>		<http://ids.clld.org/parameters/16-270>		<http://ids.clld.org/values/16-270-198-1>		"mīlēt"@prg	
"pu.6 pa:k.7"@cdy	<http://ids.clld.org/values/4-412-418-1>		<http://ids.clld.org/parameters/4-412>		<http://ids.clld.org/values/4-412-198-1>		"spenis"@prg	
"zö.2 ni.4"@cdy	<http://ids.clld.org/values/3-280-418-1>		<http://ids.clld.org/parameters/3-280>		<http://ids.clld.org/values/3-280-198-1>		"kamst'an"@prg	
"luŋ.2 kit.8"@cdy	<http://ids.clld.org/values/4-352-418-1>		<http://ids.clld.org/parameters/4-352>		<http://ids.clld.org/values/4-352-198-1>		"ikrā"@prg	
"laŋ.6"@cdy	<http://ids.clld.org/values/10-510-418-1>		<http://ids.clld.org/parameters/10-510>		<http://ids.clld.org/values/10-510-198-1>		"begaite"@prg	
"ku.4 nja:ŋ.1"@cdy	<http://ids.clld.org/values/2-261-418-1>		<http://ids.clld.org/parameters/2-261>		<http://ids.clld.org/values/2-261-198-1>		"mergā"@prg	
"shui.6 lim.2 lha:i.1"@cdy	<http://ids.clld.org/values/13-350-418-1>		<http://ids.clld.org/parameters/13-350>		<http://ids.clld.org/values/13-350-198-1>		"pansdaumanin"@prg	
"pek.8 ci.2 śü.5"@cdy	<http://ids.clld.org/values/8-620-418-1>		<http://ids.clld.org/parameters/8-620>		<http://ids.clld.org/values/8-620-198-1>		"bukus"@prg	
"te.2 jit.7"@cdy	<http://ids.clld.org/values/13-340-418-1>		<http://ids.clld.org/parameters/13-340>		<http://ids.clld.org/values/13-340-198-1>		"pirmas"@prg	
"wan.1 na:i.4"@cdy	<http://ids.clld.org/values/14-470-418-1>		<http://ids.clld.org/parameters/14-470>		<http://ids.clld.org/values/14-470-198-1>		"š'an deinan"@prg	
"ću.6"@cdy	<http://ids.clld.org/values/11-250-418-1>		<http://ids.clld.org/parameters/11-250>		<http://ids.clld.org/values/11-250-198-1>		"isrankīt"@prg	
"kjem.6"@cdy	<http://ids.clld.org/values/20-270-418-1>		<http://ids.clld.org/parameters/20-270>		<http://ids.clld.org/values/20-270-198-1>		"kalabīyan"@prg	
"fa:t.7 khi.6"@cdy	<http://ids.clld.org/values/16-420-418-1>		<http://ids.clld.org/parameters/16-420>		<http://ids.clld.org/values/16-420-198-1>		"nerteis"@prg	
"lən.1"@cdy	<http://ids.clld.org/values/2-100-418-1>		<http://ids.clld.org/parameters/2-100>		<http://ids.clld.org/values/2-100-198-1>		"zmānen[t]s"@prg	
"ćhik.7"@cdy	<http://ids.clld.org/values/5-280-418-1>		<http://ids.clld.org/parameters/5-280>		<http://ids.clld.org/values/5-280-198-1>		"panevkā"@prg	
"ńam.1 lhap.7"@cdy	<http://ids.clld.org/values/14-420-418-1>		<http://ids.clld.org/parameters/14-420>		<http://ids.clld.org/values/14-420-198-1>		"naktin"@prg	
"ha:i.2 shi:ŋ.6"@cdy	<http://ids.clld.org/values/6-540-418-1>		<http://ids.clld.org/parameters/6-540>		<http://ids.clld.org/values/6-540-198-1>		"s̆uvikis"@prg	
"pen.2 swen.3"@cdy	<http://ids.clld.org/values/7-540-418-1>		<http://ids.clld.org/parameters/7-540>		<http://ids.clld.org/values/7-540-198-1>		"sparis"@prg	
"pu.6 nham.3"@cdy	<http://ids.clld.org/values/5-860-418-1>		<http://ids.clld.org/parameters/5-860>		<http://ids.clld.org/values/5-860-198-1>		"dadan"@prg	
"lü.3"@cdy	<http://ids.clld.org/values/7-210-418-1>		<http://ids.clld.org/parameters/7-210>		<http://ids.clld.org/values/7-210-198-1>		"kamerkā"@prg	
"au.3"@cdy	<http://ids.clld.org/values/4-852-418-1>		<http://ids.clld.org/parameters/4-852>		<http://ids.clld.org/values/4-852-198-1>		"melnē"@prg	
"cəm.2"@cdy	<http://ids.clld.org/values/10-330-418-1>		<http://ids.clld.org/parameters/10-330>		<http://ids.clld.org/values/10-330-198-1>		"auskéndlai"@prg	
"fa.3 kəm.4"@cdy	<http://ids.clld.org/values/1-560-418-1>		<http://ids.clld.org/parameters/1-560>		<http://ids.clld.org/values/1-560-198-1>		"perkūnis"@prg	
"khuŋ.4(1) khi.6"@cdy	<http://ids.clld.org/values/1-710-418-1>		<http://ids.clld.org/parameters/1-710>		<http://ids.clld.org/values/1-710-198-1>		"vins"@prg	
"pa:n.4 ljat.8"@cdy	<http://ids.clld.org/values/5-770-418-1>		<http://ids.clld.org/parameters/5-770>		<http://ids.clld.org/values/5-770-198-1>		"buka-reisis"@prg	
"kam.1"@cdy	<http://ids.clld.org/values/15-370-418-1>		<http://ids.clld.org/parameters/15-370>		<http://ids.clld.org/values/15-370-198-1>		"kártai"@prg	
"ciu.4(6) laŋ.1"@cdy	<http://ids.clld.org/values/11-240-418-1>		<http://ids.clld.org/parameters/11-240>		<http://ids.clld.org/values/11-240-198-1>		"pakúnst"@prg	
"pa:k.7"@cdy	<http://ids.clld.org/values/4-240-418-1>		<http://ids.clld.org/parameters/4-240>		<http://ids.clld.org/values/4-240-198-1>		"austā"@prg	
"nham.3"@cdy	<http://ids.clld.org/values/1-310-418-1>		<http://ids.clld.org/parameters/1-310>		<http://ids.clld.org/values/1-310-198-1>		"(v)undas"@prg	
"kwa.4"@cdy	<http://ids.clld.org/values/9-341-418-1>		<http://ids.clld.org/parameters/9-341>		<http://ids.clld.org/values/9-341-198-1>		"kabē[v]uns"@prg	
"tik.7"@cdy	<http://ids.clld.org/values/13-210-418-1>		<http://ids.clld.org/parameters/13-210>		<http://ids.clld.org/values/13-210-198-1>		"pilnan"@prg	
"sü.3 hu.2"@cdy	<http://ids.clld.org/values/5-270-418-1>		<http://ids.clld.org/parameters/5-270>		<http://ids.clld.org/values/5-270-198-1>		"katils"@prg	
"kuk.7"@cdy	<http://ids.clld.org/values/6-120-418-1>		<http://ids.clld.org/parameters/6-120>		<http://ids.clld.org/values/6-120-198-1>		"rūkai"@prg	
"la:ŋ.5"@cdy	<http://ids.clld.org/values/12-120-418-1>		<http://ids.clld.org/parameters/12-120>		<http://ids.clld.org/values/12-120-198-1>		"lazinā"@prg	
"lhu:i.5"@cdy	<http://ids.clld.org/values/10-473-418-1>		<http://ids.clld.org/parameters/10-473>		<http://ids.clld.org/values/10-473-198-1>		"zemailēzuns"@prg	
"zö.2 tak.8"@cdy	<http://ids.clld.org/values/3-260-418-1>		<http://ids.clld.org/parameters/3-260>		<http://ids.clld.org/values/3-260-198-1>		"avins"@prg	
"jem.2 lha:i.1"@cdy	<http://ids.clld.org/values/12-10-418-1>		<http://ids.clld.org/parameters/12-10>		<http://ids.clld.org/values/12-10-198-1>		"pā"@prg	
"lo.4 jiu.6"@cdy	<http://ids.clld.org/values/3-585-418-1>		<http://ids.clld.org/parameters/3-585>		<http://ids.clld.org/values/3-585-198-1>		"[falks]"@prg	
"lak.8 po.4"@cdy	<http://ids.clld.org/values/3-240-418-1>		<http://ids.clld.org/parameters/3-240>		<http://ids.clld.org/values/3-240-198-1>		"verst'an"@prg	
"i.4 shjen.2"@cdy	<http://ids.clld.org/values/12-40-418-1>		<http://ids.clld.org/parameters/12-40>		<http://ids.clld.org/values/12-40-198-1>		"pirzdau"@prg	
"pa:k.7 jü.1"@cdy	<http://ids.clld.org/values/4-560-418-1>		<http://ids.clld.org/parameters/4-560>		<http://ids.clld.org/values/4-560-198-1>		"vimbis"@prg	
"fe.6"@cdy	<http://ids.clld.org/values/4-441-418-1>		<http://ids.clld.org/parameters/4-441>		<http://ids.clld.org/values/4-441-198-1>		"plauti"@prg	
"ta:u.1"@cdy	<http://ids.clld.org/values/7-420-418-1>		<http://ids.clld.org/parameters/7-420>		<http://ids.clld.org/values/7-420-198-1>		"lastā"@prg	
"kja:u.3 i.3"@cdy	<http://ids.clld.org/values/7-430-418-1>		<http://ids.clld.org/parameters/7-430>		<http://ids.clld.org/values/7-430-198-1>		"klumpis"@prg	
"cau.4"@cdy	<http://ids.clld.org/values/11-130-418-3>		<http://ids.clld.org/parameters/11-130>		<http://ids.clld.org/values/11-130-198-1>		"ímt"@prg	
"tai.2 lən.1"@cdy	<http://ids.clld.org/values/4-730-418-1>		<http://ids.clld.org/parameters/4-730>		<http://ids.clld.org/values/4-730-198-1>		"brendekermnen"@prg	
"fa:i.4 nuŋ.4"@cdy	<http://ids.clld.org/values/2-440-418-1>		<http://ids.clld.org/parameters/2-440>		<http://ids.clld.org/values/2-440-198-1>		"brātē"@prg	
"wu:ŋ.2 fuŋ.1"@cdy	<http://ids.clld.org/values/3-823-418-3>		<http://ids.clld.org/parameters/3-823>		<http://ids.clld.org/values/3-823-198-1>		"vapsē"@prg	
"tak.8 po.4"@cdy	<http://ids.clld.org/values/3-210-418-1>		<http://ids.clld.org/parameters/3-210>		<http://ids.clld.org/values/3-210-198-1>		"loniks ~ lānīks"@prg	
"sü.3 kau.1"@cdy	<http://ids.clld.org/values/8-170-418-1>		<http://ids.clld.org/parameters/8-170>		<http://ids.clld.org/values/8-170-198-1>		"ravis"@prg	
"je.2"@cdy	<http://ids.clld.org/values/2-910-418-1>		<http://ids.clld.org/parameters/2-910>		<http://ids.clld.org/values/2-910-198-1>		"as"@prg	
"ku.4 hon.4 puə.2"@cdy	<http://ids.clld.org/values/2-760-418-1>		<http://ids.clld.org/parameters/2-760>		<http://ids.clld.org/values/2-760-198-1>		"vidavā ~ viduvā"@prg	
"pe.1"@cdy	<http://ids.clld.org/values/14-730-418-1>		<http://ids.clld.org/parameters/14-730>		<http://ids.clld.org/values/14-730-198-1>		"metan"@prg	
"kwi.6"@cdy	<http://ids.clld.org/values/11-880-418-1>		<http://ids.clld.org/parameters/11-880>		<http://ids.clld.org/values/11-880-198-1>		"témpran"@prg	
"pɛŋ.2 ti.6"@cdy	<http://ids.clld.org/values/1-230-418-1>		<http://ids.clld.org/parameters/1-230>		<http://ids.clld.org/values/1-230-198-1>		"lauks"@prg	
"ti.6"@cdy	<http://ids.clld.org/values/1-210-418-1>		<http://ids.clld.org/parameters/1-210>		<http://ids.clld.org/values/1-210-198-1>		"zemē"@prg	
"ni.4 njuŋ.4"@cdy	<http://ids.clld.org/values/3-830-418-1>		<http://ids.clld.org/parameters/3-830>		<http://ids.clld.org/values/3-830-198-1>		"musā"@prg	
"thu.5"@cdy	<http://ids.clld.org/values/3-614-418-1>		<http://ids.clld.org/parameters/3-614>		<http://ids.clld.org/values/3-614-198-1>		"sasnis"@prg	
"ćo.3"@cdy	<http://ids.clld.org/values/4-200-418-1>		<http://ids.clld.org/parameters/4-200>		<http://ids.clld.org/values/4-200-198-1>		"galvā"@prg	
"ki.4(6) niu.4"@cdy	<http://ids.clld.org/values/2-740-418-1>		<http://ids.clld.org/parameters/2-740>		<http://ids.clld.org/values/2-740-198-1>		"pādukrē"@prg	
"fan.1 jin.1"@cdy	<http://ids.clld.org/values/2-340-418-1>		<http://ids.clld.org/parameters/2-340>		<http://ids.clld.org/values/2-340-198-1>		"salūbsna"@prg	
"ha:m.4 cəŋ.3"@cdy	<http://ids.clld.org/values/20-640-418-1>		<http://ids.clld.org/parameters/20-640>		<http://ids.clld.org/values/20-640-198-1>		"tinklā"@prg	
"ljen.6"@cdy	<http://ids.clld.org/values/9-180-418-1>		<http://ids.clld.org/parameters/9-180>		<http://ids.clld.org/values/9-180-198-1>		"ratinzis"@prg	
"hu.2"@cdy	<http://ids.clld.org/values/5-340-418-1>		<http://ids.clld.org/parameters/5-340>		<http://ids.clld.org/values/5-340-198-1>		"kragis"@prg	
"səŋ.2 jən.6"@cdy	<http://ids.clld.org/values/18-330-418-1>		<http://ids.clld.org/parameters/18-330>		<http://ids.clld.org/values/18-330-198-1>		"grēkaut"@prg	
"jüen.2 lia:ŋ.6"@cdy	<http://ids.clld.org/values/16-690-418-1>		<http://ids.clld.org/parameters/16-690>		<http://ids.clld.org/values/16-690-198-1>		"atvérpt"@prg	
"nho.1"@cdy	<http://ids.clld.org/values/15-860-418-1>		<http://ids.clld.org/parameters/15-860>		<http://ids.clld.org/values/15-860-198-1>		"salta"@prg	
"sü.3 pha:u.5"@cdy	<http://ids.clld.org/values/4-855-418-1>		<http://ids.clld.org/parameters/4-855>		<http://ids.clld.org/values/4-855-198-1>		"dumslē"@prg	
"meu.4"@cdy	<http://ids.clld.org/values/3-620-418-1>		<http://ids.clld.org/parameters/3-620>		<http://ids.clld.org/values/3-620-198-1>		"paustā katā"@prg	
"sha:k.8"@cdy	<http://ids.clld.org/values/9-840-418-1>		<http://ids.clld.org/parameters/9-840>		<http://ids.clld.org/values/9-840-198-1>		"dalptan"@prg	
"mian.4(6) fan.3"@cdy	<http://ids.clld.org/values/5-550-418-1>		<http://ids.clld.org/parameters/5-550>		<http://ids.clld.org/values/5-550-198-1>		"meltan"@prg	
"zən.4 shai.3"@cdy	<http://ids.clld.org/values/1-540-418-1>		<http://ids.clld.org/parameters/1-540>		<http://ids.clld.org/values/1-540-198-1>		"lauksnās"@prg	
"həm.4"@cdy	<http://ids.clld.org/values/17-510-418-1>		<http://ids.clld.org/parameters/17-510>		<http://ids.clld.org/values/17-510-198-1>		"ir"@prg	
"həm.4"@cdy	<http://ids.clld.org/values/17-510-418-1>		<http://ids.clld.org/parameters/17-510>		<http://ids.clld.org/values/17-510-198-3>		"be"@prg	
"ni.4"@cdy	<http://ids.clld.org/values/2-360-418-1>		<http://ids.clld.org/parameters/2-360>		<http://ids.clld.org/values/2-360-198-1>		"mātē"@prg	
"ćim.1"@cdy	<http://ids.clld.org/values/9-640-418-1>		<http://ids.clld.org/parameters/9-640>		<http://ids.clld.org/values/9-640-198-1>		"ausis"@prg	
"siŋ.4 jam.1"@cdy	<http://ids.clld.org/values/18-110-418-1>		<http://ids.clld.org/parameters/18-110>		<http://ids.clld.org/values/18-110-198-1>		"tārin"@prg	
"toi.5"@cdy	<http://ids.clld.org/values/16-730-418-1>		<http://ids.clld.org/parameters/16-730>		<http://ids.clld.org/values/16-730-198-1>		"tikrāmiskan"@prg	
"che.1 lan.2"@cdy	<http://ids.clld.org/values/10-760-418-1>		<http://ids.clld.org/parameters/10-760>		<http://ids.clld.org/values/10-760-198-1>		"kelan"@prg	
"fa:n.1"@cdy	<http://ids.clld.org/values/15-350-418-1>		<http://ids.clld.org/parameters/15-350>		<http://ids.clld.org/values/15-350-198-1>		"pādaminan"@prg	
"cü.4 lən.1"@cdy	<http://ids.clld.org/values/19-410-418-1>		<http://ids.clld.org/parameters/19-410>		<http://ids.clld.org/values/19-410-198-1>		"mistran"@prg	
"kok.7 u.4"@cdy	<http://ids.clld.org/values/8-420-418-1>		<http://ids.clld.org/parameters/8-420>		<http://ids.clld.org/values/8-420-198-3>		"ar'an"@prg	
"kok.7 u.4"@cdy	<http://ids.clld.org/values/8-420-418-1>		<http://ids.clld.org/parameters/8-420>		<http://ids.clld.org/values/8-420-198-1>		"aren"@prg	
"sən.2 toŋ.2"@cdy	<http://ids.clld.org/values/22-140-418-1>		<http://ids.clld.org/parameters/22-140>		<http://ids.clld.org/values/22-140-198-1>		"altarē"@prg	
"kau.5"@cdy	<http://ids.clld.org/values/13-180-418-1>		<http://ids.clld.org/parameters/13-180>		<http://ids.clld.org/values/13-180-198-1>		"zuit"@prg	
"hwa.3"@cdy	<http://ids.clld.org/values/1-730-418-3>		<http://ids.clld.org/parameters/1-730>		<http://ids.clld.org/values/1-730-198-1>		"(v)up'an"@prg	
"le kaŋ.1"@cdy	<http://ids.clld.org/values/8-212-418-1>		<http://ids.clld.org/parameters/8-212>		<http://ids.clld.org/values/8-212-198-1>		"redā"@prg	
"pu:n.6"@cdy	<http://ids.clld.org/values/13-240-418-1>		<http://ids.clld.org/parameters/13-240>		<http://ids.clld.org/values/13-240-198-1>		"pausan"@prg	
"nən.2"@cdy	<http://ids.clld.org/values/16-710-418-1>		<http://ids.clld.org/parameters/16-710>		<http://ids.clld.org/values/16-710-198-1>		"labs"@prg	
"lai.4 pa:i.4 jit.7"@cdy	<http://ids.clld.org/values/14-630-418-1>		<http://ids.clld.org/parameters/14-630>		<http://ids.clld.org/values/14-630-198-1>		"panadēlē"@prg	
"lak.8 khun.1"@cdy	<http://ids.clld.org/values/10-720-418-1>		<http://ids.clld.org/parameters/10-720>		<http://ids.clld.org/values/10-720-198-1>		"pintis"@prg	
"mi.4"@cdy	<http://ids.clld.org/values/1-420-418-1>		<http://ids.clld.org/parameters/1-420>		<http://ids.clld.org/values/1-420-198-1>		"gar'an"@prg	
"tin.4(1) kwa.1"@cdy	<http://ids.clld.org/values/4-350-418-1>		<http://ids.clld.org/parameters/4-350>		<http://ids.clld.org/values/4-350-198-1>		"nagē"@prg	
"pek.7 na:i.6"@cdy	<http://ids.clld.org/values/14-180-418-1>		<http://ids.clld.org/parameters/14-180>		<http://ids.clld.org/values/14-180-198-1>		"teinū"@prg	
"poŋ.4"@cdy	<http://ids.clld.org/values/19-320-418-1>		<http://ids.clld.org/parameters/19-320>		<http://ids.clld.org/values/19-320-198-1>		"kunagis"@prg	
"fu:ŋ.4 kha.3"@cdy	<http://ids.clld.org/values/12-70-418-1>		<http://ids.clld.org/parameters/12-70>		<http://ids.clld.org/values/12-70-198-1>		"pā"@prg	
"ja.3 na:n.4"@cdy	<http://ids.clld.org/values/3-110-418-3>		<http://ids.clld.org/parameters/3-110>		<http://ids.clld.org/values/3-110-198-3>		"alnē"@prg	
"ja.3 na:n.4"@cdy	<http://ids.clld.org/values/3-110-418-3>		<http://ids.clld.org/parameters/3-110>		<http://ids.clld.org/values/3-110-198-1>		"zvērins"@prg	
"lak.8 ma.4 tak.8"@cdy	<http://ids.clld.org/values/3-450-418-1>		<http://ids.clld.org/parameters/3-450>		<http://ids.clld.org/values/3-450-198-1>		"mald'an"@prg	
"tan.3"@cdy	<http://ids.clld.org/values/8-540-418-1>		<http://ids.clld.org/parameters/8-540>		<http://ids.clld.org/values/8-540-198-1>		"saknis"@prg	
"sho.2"@cdy	<http://ids.clld.org/values/7-480-418-1>		<http://ids.clld.org/parameters/7-480>		<http://ids.clld.org/values/7-480-198-1>		"galdā"@prg	
"sjek.7 kok.7"@cdy	<http://ids.clld.org/values/8-340-418-1>		<http://ids.clld.org/parameters/8-340>		<http://ids.clld.org/values/8-340-198-1>		"talka"@prg	
"pa:k.7 to.1"@cdy	<http://ids.clld.org/values/7-220-418-1>		<http://ids.clld.org/parameters/7-220>		<http://ids.clld.org/values/7-220-198-1>		"vartā"@prg	
"ti.2 pi:k.7"@cdy	<http://ids.clld.org/values/2-220-418-1>		<http://ids.clld.org/parameters/2-220>		<http://ids.clld.org/values/2-220-198-1>		"genā"@prg	
"be.1"@cdy	<http://ids.clld.org/values/18-260-418-1>		<http://ids.clld.org/parameters/18-260>		<http://ids.clld.org/values/18-260-198-1>		"vírd[a]s"@prg	
"mi.2(4) luŋ.2"@cdy	<http://ids.clld.org/values/1-410-418-1>		<http://ids.clld.org/parameters/1-410>		<http://ids.clld.org/values/1-410-198-1>		"med'an"@prg	
"lak.8 cəm.2"@cdy	<http://ids.clld.org/values/12-850-418-3>		<http://ids.clld.org/parameters/12-850>		<http://ids.clld.org/values/12-850-198-1>		"dulzis"@prg	
"luŋ.2"@cdy	<http://ids.clld.org/values/4-460-418-1>		<http://ids.clld.org/parameters/4-460>		<http://ids.clld.org/values/4-460-198-1>		"vēders"@prg	
"sa:m.3"@cdy	<http://ids.clld.org/values/10-450-418-1>		<http://ids.clld.org/parameters/10-450>		<http://ids.clld.org/values/10-450-198-1>		"neikaut"@prg	
"cəm.2"@cdy	<http://ids.clld.org/values/18-230-418-1>		<http://ids.clld.org/parameters/18-230>		<http://ids.clld.org/values/18-230-198-1>		"tusēsai"@prg	
"śwe.1"@cdy	<http://ids.clld.org/values/6-520-418-1>		<http://ids.clld.org/parameters/6-520>		<http://ids.clld.org/values/6-520-198-1>		"pusnē"@prg	
"pja.3"@cdy	<http://ids.clld.org/values/5-380-418-1>		<http://ids.clld.org/parameters/5-380>		<http://ids.clld.org/values/5-380-198-1>		"peile"@prg	
"məm.6"@cdy	<http://ids.clld.org/values/3-650-418-1>		<http://ids.clld.org/parameters/3-650>		<http://ids.clld.org/values/3-650-198-1>		"zukis"@prg	
"kəm.2"@cdy	<http://ids.clld.org/values/12-850-418-1>		<http://ids.clld.org/parameters/12-850>		<http://ids.clld.org/values/12-850-198-1>		"dulzis"@prg	
"śi:ŋ.4 khau.3"@cdy	<http://ids.clld.org/values/4-850-418-3>		<http://ids.clld.org/parameters/4-850>		<http://ids.clld.org/values/4-850-198-1>		"eizvā"@prg	
"kö.1"@cdy	<http://ids.clld.org/values/5-810-418-1>		<http://ids.clld.org/parameters/5-810>		<http://ids.clld.org/values/5-810-198-1>		"sali (?)"@prg	
"ta:i.2"@cdy	<http://ids.clld.org/values/7-440-418-1>		<http://ids.clld.org/parameters/7-440>		<http://ids.clld.org/values/7-440-198-1>		"stalis"@prg	
"kin.6"@cdy	<http://ids.clld.org/values/9-740-418-1>		<http://ids.clld.org/parameters/9-740>		<http://ids.clld.org/values/9-740-198-1>		"stiklā"@prg	
"tak.8 mhu.5"@cdy	<http://ids.clld.org/values/3-320-418-1>		<http://ids.clld.org/parameters/3-320>		<http://ids.clld.org/values/3-320-198-1>		"kuilis"@prg	
"lu.2(6) zuə.2"@cdy	<http://ids.clld.org/values/3-583-418-1>		<http://ids.clld.org/parameters/3-583>		<http://ids.clld.org/values/3-583-198-1>		"gēisē"@prg	
"jen.4 thuŋ.1"@cdy	<http://ids.clld.org/values/7-330-418-1>		<http://ids.clld.org/parameters/7-330>		<http://ids.clld.org/values/7-330-198-1>		"kamenis"@prg	
"mian.3 pa:u.1"@cdy	<http://ids.clld.org/values/5-510-418-1>		<http://ids.clld.org/parameters/5-510>		<http://ids.clld.org/values/5-510-198-1>		"geitis"@prg	
"cən.1"@cdy	<http://ids.clld.org/values/16-660-418-1>		<http://ids.clld.org/parameters/16-660>		<http://ids.clld.org/values/16-660-198-1>		"arvis"@prg	
"te.2 ńi.6"@cdy	<http://ids.clld.org/values/13-360-418-1>		<http://ids.clld.org/parameters/13-360>		<http://ids.clld.org/values/13-360-198-1>		"antras"@prg	
"kjet.8 mai.6"@cdy	<http://ids.clld.org/values/14-260-418-1>		<http://ids.clld.org/parameters/14-260>		<http://ids.clld.org/values/14-260-198-1>		"vangan"@prg	
"la:m.2"@cdy	<http://ids.clld.org/values/15-670-418-1>		<http://ids.clld.org/parameters/15-670>		<http://ids.clld.org/values/15-670-198-1>		"galimban"@prg	
"ku:k.8 ka.1"@cdy	<http://ids.clld.org/values/19-110-418-1>		<http://ids.clld.org/parameters/19-110>		<http://ids.clld.org/values/19-110-198-1>		"zemē"@prg	
"lhe.1"@cdy	<http://ids.clld.org/values/18-610-418-1>		<http://ids.clld.org/parameters/18-610>		<http://ids.clld.org/values/18-610-198-1>		"laiskas"@prg	
"lhaŋ.1"@cdy	<http://ids.clld.org/values/15-520-418-1>		<http://ids.clld.org/parameters/15-520>		<http://ids.clld.org/values/15-520-198-1>		"endīrīt[vei]"@prg	
"la.1 sən.1"@cdy	<http://ids.clld.org/values/4-212-418-1>		<http://ids.clld.org/parameters/4-212>		<http://ids.clld.org/values/4-212-198-1>		"bruvī"@prg	
"ji.5 ćim.3"@cdy	<http://ids.clld.org/values/13-140-418-1>		<http://ids.clld.org/parameters/13-140>		<http://ids.clld.org/values/13-140-198-1>		"erains"@prg	
"puŋ.2 jau.4"@cdy	<http://ids.clld.org/values/19-510-418-1>		<http://ids.clld.org/parameters/19-510>		<http://ids.clld.org/values/19-510-198-1>		"ginens"@prg	
"ni.4 mət.8"@cdy	<http://ids.clld.org/values/3-817-418-1>		<http://ids.clld.org/parameters/3-817>		<http://ids.clld.org/values/3-817-198-1>		"saugis"@prg	
"ma.4"@cdy	<http://ids.clld.org/values/3-410-418-1>		<http://ids.clld.org/parameters/3-410>		<http://ids.clld.org/values/3-410-198-3>		"paustākaikan"@prg	
"ma.4"@cdy	<http://ids.clld.org/values/3-410-418-1>		<http://ids.clld.org/parameters/3-410>		<http://ids.clld.org/values/3-410-198-1>		"aidenīkis"@prg	
"tə.0 mə.5"@cdy	<http://ids.clld.org/values/17-640-418-1>		<http://ids.clld.org/parameters/17-640>		<http://ids.clld.org/values/17-640-198-1>		"ka"@prg	
"ćo.3 lu.2"@cdy	<http://ids.clld.org/values/4-202-418-1>		<http://ids.clld.org/parameters/4-202>		<http://ids.clld.org/values/4-202-198-1>		"kerpetis"@prg	
"sha:i.1 khai.1"@cdy	<http://ids.clld.org/values/12-230-418-1>		<http://ids.clld.org/parameters/12-230>		<http://ids.clld.org/values/12-230-198-1>		"sklaitint"@prg	
"mi.4 coŋ.1"@cdy	<http://ids.clld.org/values/8-720-418-1>		<http://ids.clld.org/parameters/8-720>		<http://ids.clld.org/values/8-720-198-1>		"kalmus"@prg	
"ćhik.7 kin.3"@cdy	<http://ids.clld.org/values/9-620-418-1>		<http://ids.clld.org/parameters/9-620>		<http://ids.clld.org/values/9-620-198-1>		"preikalis"@prg	
"nhau.1 ji:ŋ.6"@cdy	<http://ids.clld.org/values/17-610-418-1>		<http://ids.clld.org/parameters/17-610>		<http://ids.clld.org/values/17-610-198-1>		"kai"@prg	
"fa:i.4 ji.4"@cdy	<http://ids.clld.org/values/17-430-418-1>		<http://ids.clld.org/parameters/17-430>		<http://ids.clld.org/values/17-430-198-1>		"dvigubāt"@prg	
"ta:u.3"@cdy	<http://ids.clld.org/values/9-160-418-1>		<http://ids.clld.org/parameters/9-160>		<http://ids.clld.org/values/9-160-198-1>		"perréist"@prg	
"mit.8 ta:ŋ.2"@cdy	<http://ids.clld.org/values/5-840-418-1>		<http://ids.clld.org/parameters/5-840>		<http://ids.clld.org/values/5-840-198-1>		"medu"@prg	
"kəp.7"@cdy	<http://ids.clld.org/values/3-950-418-1>		<http://ids.clld.org/parameters/3-950>		<http://ids.clld.org/values/3-950-198-1>		"krupeilē"@prg	
"lak.8 mhi.1"@cdy	<http://ids.clld.org/values/4-340-418-1>		<http://ids.clld.org/parameters/4-340>		<http://ids.clld.org/values/4-340-198-1>		"pirstan"@prg	
"toŋ.2"@cdy	<http://ids.clld.org/values/9-660-418-1>		<http://ids.clld.org/parameters/9-660>		<http://ids.clld.org/values/9-660-198-1>		"var'an"@prg	
"van.1 cuŋ.1"@cdy	<http://ids.clld.org/values/14-410-418-1>		<http://ids.clld.org/parameters/14-410>		<http://ids.clld.org/values/14-410-198-1>		"deinan"@prg	
"sü.3 kuə.3"@cdy	<http://ids.clld.org/values/5-710-418-1>		<http://ids.clld.org/parameters/5-710>		<http://ids.clld.org/values/5-710-198-1>		"véisin"@prg	
"ŋjai.6"@cdy	<http://ids.clld.org/values/4-208-418-1>		<http://ids.clld.org/parameters/4-208>		<http://ids.clld.org/values/4-208-198-1>		"laiknan"@prg	
"pan.5"@cdy	<http://ids.clld.org/values/1-370-418-1>		<http://ids.clld.org/parameters/1-370>		<http://ids.clld.org/values/1-370-198-1>		"apus"@prg	
"la:k.8"@cdy	<http://ids.clld.org/values/2-410-418-1>		<http://ids.clld.org/parameters/2-410>		<http://ids.clld.org/values/2-410-198-1>		"sūnun"@prg	
"śi:ŋ.4 toŋ.6"@cdy	<http://ids.clld.org/values/4-850-418-1>		<http://ids.clld.org/parameters/4-850>		<http://ids.clld.org/values/4-850-198-1>		"eizvā"@prg	
"che.1"@cdy	<http://ids.clld.org/values/10-750-418-1>		<http://ids.clld.org/parameters/10-750>		<http://ids.clld.org/values/10-750-198-1>		"abazus"@prg	
"la:u.4"@cdy	<http://ids.clld.org/values/12-50-418-1>		<http://ids.clld.org/parameters/12-50>		<http://ids.clld.org/values/12-50-198-1>		"en"@prg	
"ćaŋ.1"@cdy	<http://ids.clld.org/values/8-510-418-1>		<http://ids.clld.org/parameters/8-510>		<http://ids.clld.org/values/8-510-198-1>		"zālis"@prg	
"ha:n.2 ca:u.2 kut.7"@cdy	<http://ids.clld.org/values/4-301-418-1>		<http://ids.clld.org/parameters/4-301>		<http://ids.clld.org/values/4-301-198-1>		"petis"@prg	
"ni.4 ma.4"@cdy	<http://ids.clld.org/values/3-440-418-1>		<http://ids.clld.org/parameters/3-440>		<http://ids.clld.org/values/3-440-198-1>		"rapēnā ~ rapinā"@prg	
"ni.4 ma.4"@cdy	<http://ids.clld.org/values/3-440-418-1>		<http://ids.clld.org/parameters/3-440>		<http://ids.clld.org/values/3-440-198-3>		"kaivē"@prg	
"ma.4 la:n.2"@cdy	<http://ids.clld.org/values/3-190-418-1>		<http://ids.clld.org/parameters/3-190>		<http://ids.clld.org/values/3-190-198-1>		"[staldis]"@prg	
"hjen.1"@cdy	<http://ids.clld.org/values/18-320-418-1>		<http://ids.clld.org/parameters/18-320>		<http://ids.clld.org/values/18-320-198-1>		"attrātvei"@prg	
"len.1 cek.8"@cdy	<http://ids.clld.org/values/11-320-418-1>		<http://ids.clld.org/parameters/11-320>		<http://ids.clld.org/values/11-320-198-1>		"aupala"@prg	
"ca:i.6"@cdy	<http://ids.clld.org/values/11-640-418-1>		<http://ids.clld.org/parameters/11-640>		<http://ids.clld.org/values/11-640-198-1>		"áušautins"@prg	
"tai.5"@cdy	<http://ids.clld.org/values/10-620-418-1>		<http://ids.clld.org/parameters/10-620>		<http://ids.clld.org/values/10-620-198-1>		"pīst"@prg	
"tin.1"@cdy	<http://ids.clld.org/values/4-351-418-1>		<http://ids.clld.org/parameters/4-351>		<http://ids.clld.org/values/4-351-198-1>		"slaunis"@prg	
"hai.3"@cdy	<http://ids.clld.org/values/1-320-418-1>		<http://ids.clld.org/parameters/1-320>		<http://ids.clld.org/values/1-320-198-1>		"yūren"@prg	
"lam.1"@cdy	<http://ids.clld.org/values/1-380-418-1>		<http://ids.clld.org/parameters/1-380>		<http://ids.clld.org/values/1-380-198-1>		"pelkī"@prg	
"zü.6"@cdy	<http://ids.clld.org/values/12-130-418-1>		<http://ids.clld.org/parameters/12-130>		<http://ids.clld.org/values/12-130-198-1>		"sindan[t]s"@prg	
"ma.0 luŋ.2 kon.1"@cdy	<http://ids.clld.org/values/4-452-418-1>		<http://ids.clld.org/parameters/4-452>		<http://ids.clld.org/values/4-452-198-1>		"bluznē"@prg	
"cə.1"@cdy	<http://ids.clld.org/values/5-110-418-1>		<http://ids.clld.org/parameters/5-110>		<http://ids.clld.org/values/5-110-198-1>		"īst ~ ēst"@prg	
"mha:n.3"@cdy	<http://ids.clld.org/values/15-690-418-1>		<http://ids.clld.org/parameters/15-690>		<http://ids.clld.org/values/15-690-198-1>		"geltainan"@prg	
"shö.3 ćo.3"@cdy	<http://ids.clld.org/values/7-230-418-1>		<http://ids.clld.org/parameters/7-230>		<http://ids.clld.org/values/7-230-198-1>		"zāmukis"@prg	
"si.1"@cdy	<http://ids.clld.org/values/4-770-418-1>		<http://ids.clld.org/parameters/4-770>		<http://ids.clld.org/values/4-770-198-1>		"nāvis"@prg	
"lai.4 pa:i.4 sha:m.1"@cdy	<http://ids.clld.org/values/14-650-418-1>		<http://ids.clld.org/parameters/14-650>		<http://ids.clld.org/values/14-650-198-1>		"pusisavaitē"@prg	
"tai.1"@cdy	<http://ids.clld.org/values/4-750-418-1>		<http://ids.clld.org/parameters/4-750>		<http://ids.clld.org/values/4-750-198-1>		"aul'aút"@prg	
"ma.2"@cdy	<http://ids.clld.org/values/4-260-418-1>		<http://ids.clld.org/parameters/4-260>		<http://ids.clld.org/values/4-260-198-1>		"inzuvis"@prg	
"shi:ŋ.4 ŋa.2"@cdy	<http://ids.clld.org/values/4-271-418-1>		<http://ids.clld.org/parameters/4-271>		<http://ids.clld.org/values/4-271-198-1>		"dantimaks"@prg	
"lak.8 ma.4 ni.4"@cdy	<http://ids.clld.org/values/3-450-418-3>		<http://ids.clld.org/parameters/3-450>		<http://ids.clld.org/values/3-450-198-1>		"mald'an"@prg	
"swa:t.7"@cdy	<http://ids.clld.org/values/6-920-418-1>		<http://ids.clld.org/parameters/6-920>		<http://ids.clld.org/values/6-920-198-1>		"kāistvē"@prg	
"ćo.3 nun.2"@cdy	<http://ids.clld.org/values/7-421-418-1>		<http://ids.clld.org/parameters/7-421>		<http://ids.clld.org/values/7-421-198-1>		"balzinis"@prg	
"mi.4 zuŋ.2"@cdy	<http://ids.clld.org/values/8-640-418-1>		<http://ids.clld.org/parameters/8-640>		<http://ids.clld.org/values/8-640-198-1>		"pyausē"@prg	
"səp.8"@cdy	<http://ids.clld.org/values/13-100-418-1>		<http://ids.clld.org/parameters/13-100>		<http://ids.clld.org/values/13-100-198-1>		"desimt[i]s"@prg	
"kja.4 shai.3"@cdy	<http://ids.clld.org/values/7-470-418-1>		<http://ids.clld.org/parameters/7-470>		<http://ids.clld.org/values/7-470-198-1>		"pasuprēs"@prg	
"lje.1"@cdy	<http://ids.clld.org/values/2-940-418-1>		<http://ids.clld.org/parameters/2-940>		<http://ids.clld.org/values/2-940-198-1>		"mes"@prg	
"mha.1"@cdy	<http://ids.clld.org/values/3-610-418-1>		<http://ids.clld.org/parameters/3-610>		<http://ids.clld.org/values/3-610-198-1>		"sunis"@prg	
"kja:u.4 shi:n.2"@cdy	<http://ids.clld.org/values/9-240-418-1>		<http://ids.clld.org/parameters/9-240>		<http://ids.clld.org/values/9-240-198-1>		"skrundus"@prg	
"lak.8 mi.4 tuŋ.3"@cdy	<http://ids.clld.org/values/8-650-418-1>		<http://ids.clld.org/parameters/8-650>		<http://ids.clld.org/values/8-650-198-1>		"adlē"@prg	
"sham.3"@cdy	<http://ids.clld.org/values/15-380-418-1>		<http://ids.clld.org/parameters/15-380>		<http://ids.clld.org/values/15-380-198-1>		"rūktan"@prg	
"ho.6"@cdy	<http://ids.clld.org/values/18-730-418-1>		<http://ids.clld.org/parameters/18-730>		<http://ids.clld.org/values/18-730-198-1>		"ragis"@prg	
"cü.2 foŋ.2"@cdy	<http://ids.clld.org/values/7-170-418-1>		<http://ids.clld.org/parameters/7-170>		<http://ids.clld.org/values/7-170-198-1>		"kukārē"@prg	
"fuk.7"@cdy	<http://ids.clld.org/values/1-840-418-1>		<http://ids.clld.org/parameters/1-840>		<http://ids.clld.org/values/1-840-198-1>		"pelanē"@prg	
"ni.1"@cdy	<http://ids.clld.org/values/1-360-418-1>		<http://ids.clld.org/parameters/1-360>		<http://ids.clld.org/values/1-360-198-1>		"apē"@prg	
"mhi.1 cau.3"@cdy	<http://ids.clld.org/values/4-320-418-1>		<http://ids.clld.org/parameters/4-320>		<http://ids.clld.org/values/4-320-198-1>		"alkūnis"@prg	
"ta.4 la:i.1"@cdy	<http://ids.clld.org/values/4-190-418-1>		<http://ids.clld.org/parameters/4-190>		<http://ids.clld.org/values/4-190-198-1>		"rītīznan"@prg	
"lak.8 lən.3(1) ti.4"@cdy	<http://ids.clld.org/values/2-270-418-1>		<http://ids.clld.org/parameters/2-270>		<http://ids.clld.org/values/2-270-198-1>		"malnīk[a]s"@prg	
"la:k.8 pi:k.7"@cdy	<http://ids.clld.org/values/2-420-418-1>		<http://ids.clld.org/parameters/2-420>		<http://ids.clld.org/values/2-420-198-1>		"duktē"@prg	
"khu.6"@cdy	<http://ids.clld.org/values/6-480-418-1>		<http://ids.clld.org/parameters/6-480>		<http://ids.clld.org/values/6-480-198-1>		"laknā"@prg	
"lü.4 cü.1"@cdy	<http://ids.clld.org/values/6-370-418-1>		<http://ids.clld.org/parameters/6-370>		<http://ids.clld.org/values/6-370-198-1>		"īlā"@prg	
"kut.7 ci.1 phəŋ.1"@cdy	<http://ids.clld.org/values/4-162-418-1>		<http://ids.clld.org/parameters/4-162>		<http://ids.clld.org/values/4-162-198-1>		"gravē"@prg	
"lo.4 a.1"@cdy	<http://ids.clld.org/values/3-593-418-1>		<http://ids.clld.org/parameters/3-593>		<http://ids.clld.org/values/3-593-198-1>		"varnē"@prg	
"ni.4 fai.5 ka:ŋ.1"@cdy	<http://ids.clld.org/values/1-610-418-1>		<http://ids.clld.org/parameters/1-610>		<http://ids.clld.org/values/1-610-198-3>		"sváikstan"@prg	
"ni.4 fai.5 ka:ŋ.1"@cdy	<http://ids.clld.org/values/1-610-418-1>		<http://ids.clld.org/parameters/1-610>		<http://ids.clld.org/values/1-610-198-1>		"zváikstan"@prg	
"mi.4"@cdy	<http://ids.clld.org/values/8-600-418-1>		<http://ids.clld.org/parameters/8-600>		<http://ids.clld.org/values/8-600-198-1>		"gar'an"@prg	
"toŋ.5"@cdy	<http://ids.clld.org/values/10-110-418-1>		<http://ids.clld.org/parameters/10-110>		<http://ids.clld.org/values/10-110-198-1>		"pabanginuns"@prg	
"jit.7"@cdy	<http://ids.clld.org/values/13-10-418-1>		<http://ids.clld.org/parameters/13-10>		<http://ids.clld.org/values/13-10-198-1>		"ains"@prg	
"ci.4 ni.4"@cdy	<http://ids.clld.org/values/2-720-418-1>		<http://ids.clld.org/parameters/2-720>		<http://ids.clld.org/values/2-720-198-1>		"pāmātrē ~ pamātrē"@prg	
"khwi.1"@cdy	<http://ids.clld.org/values/16-530-418-1>		<http://ids.clld.org/parameters/16-530>		<http://ids.clld.org/values/16-530-198-1>		"bi[y]āsnan"@prg	
"ni.4 nun.1"@cdy	<http://ids.clld.org/values/3-840-418-1>		<http://ids.clld.org/parameters/3-840>		<http://ids.clld.org/values/3-840-198-1>		"kirmis"@prg	
"naŋ.1"@cdy	<http://ids.clld.org/values/4-230-418-1>		<http://ids.clld.org/parameters/4-230>		<http://ids.clld.org/values/4-230-198-1>		"nāsī"@prg	
"lak.8 lən.3(1) teŋ.4"@cdy	<http://ids.clld.org/values/2-280-418-1>		<http://ids.clld.org/parameters/2-280>		<http://ids.clld.org/values/2-280-198-1>		"malnīkik[a]s"@prg	
"ji:ŋ.2"@cdy	<http://ids.clld.org/values/3-250-418-1>		<http://ids.clld.org/parameters/3-250>		<http://ids.clld.org/values/3-250-198-1>		"kamst'an"@prg	
"me.2 łək.8"@cdy	<http://ids.clld.org/values/4-810-418-1>		<http://ids.clld.org/parameters/4-810>		<http://ids.clld.org/values/4-810-198-1>		"sparts"@prg	
"ha.4 pən.2"@cdy	<http://ids.clld.org/values/14-760-418-1>		<http://ids.clld.org/parameters/14-760>		<http://ids.clld.org/values/14-760-198-1>		"dagis"@prg	
"fən.2 phek.7"@cdy	<http://ids.clld.org/values/16-110-418-1>		<http://ids.clld.org/parameters/16-110>		<http://ids.clld.org/values/16-110-198-1>		"nāseilis"@prg	
"shi:ŋ.4 shan.2"@cdy	<http://ids.clld.org/values/17-150-418-1>		<http://ids.clld.org/parameters/17-150>		<http://ids.clld.org/values/17-150-198-1>		"druvēt"@prg	
"phu:n.6"@cdy	<http://ids.clld.org/values/21-160-418-1>		<http://ids.clld.org/parameters/21-160>		<http://ids.clld.org/values/21-160-198-1>		"līgint"@prg	
"na:m.2"@cdy	<http://ids.clld.org/values/2-230-418-3>		<http://ids.clld.org/parameters/2-230>		<http://ids.clld.org/values/2-230-198-1>		"vīrs"@prg	
"khiŋ.3"@cdy	<http://ids.clld.org/values/1-215-418-1>		<http://ids.clld.org/parameters/1-215>		<http://ids.clld.org/values/1-215-198-1>		"zigzdā"@prg	
"sai.3 ća:i.6"@cdy	<http://ids.clld.org/values/1-100-418-1>		<http://ids.clld.org/parameters/1-100>		<http://ids.clld.org/values/1-100-198-1>		"svētā"@prg	
"khəm.5"@cdy	<http://ids.clld.org/values/9-730-418-1>		<http://ids.clld.org/parameters/9-730>		<http://ids.clld.org/values/9-730-198-1>		"laidis"@prg	
"lak.8 ni.1"@cdy	<http://ids.clld.org/values/1-360-418-3>		<http://ids.clld.org/parameters/1-360>		<http://ids.clld.org/values/1-360-198-1>		"apē"@prg	
"phja:t.7"@cdy	<http://ids.clld.org/values/4-150-418-1>		<http://ids.clld.org/parameters/4-150>		<http://ids.clld.org/values/4-150-198-1>		"kraujā"@prg	
"ńa:u.6"@cdy	<http://ids.clld.org/values/7-110-418-1>		<http://ids.clld.org/parameters/7-110>		<http://ids.clld.org/values/7-110-198-1>		"givēt"@prg	
"mhok.7"@cdy	<http://ids.clld.org/values/4-780-418-1>		<http://ids.clld.org/parameters/4-780>		<http://ids.clld.org/values/4-780-198-1>		"*enkapti"@prg	
"po.4"@cdy	<http://ids.clld.org/values/3-220-418-1>		<http://ids.clld.org/parameters/3-220>		<http://ids.clld.org/values/3-220-198-1>		"kurvis ~ karvis"@prg	
"uk.7 seŋ.1"@cdy	<http://ids.clld.org/values/4-720-418-1>		<http://ids.clld.org/parameters/4-720>		<http://ids.clld.org/values/4-720-198-1>		"gemtun"@prg	
"na:n.4"@cdy	<http://ids.clld.org/values/5-610-418-1>		<http://ids.clld.org/parameters/5-610>		<http://ids.clld.org/values/5-610-198-1>		"mensā"@prg	
"sa:m.2(1) ka:k.8 mek.8"@cdy	<http://ids.clld.org/values/8-460-418-1>		<http://ids.clld.org/parameters/8-460>		<http://ids.clld.org/values/8-460-198-1>		"vizē"@prg	
"cham.1"@cdy	<http://ids.clld.org/values/6-360-418-1>		<http://ids.clld.org/parameters/6-360>		<http://ids.clld.org/values/6-360-198-1>		"aigulā"@prg	
"mi.4 pi.2"@cdy	<http://ids.clld.org/values/8-750-418-1>		<http://ids.clld.org/parameters/8-750>		<http://ids.clld.org/values/8-750-198-1>		"sakstis"@prg	
"i.1"@cdy	<http://ids.clld.org/values/6-210-418-1>		<http://ids.clld.org/parameters/6-210>		<http://ids.clld.org/values/6-210-198-1>		"milan"@prg	
"ća:ŋ.3"@cdy	<http://ids.clld.org/values/18-220-418-1>		<http://ids.clld.org/parameters/18-220>		<http://ids.clld.org/values/18-220-198-1>		"bilēt[vei]"@prg	
"ma:t.8"@cdy	<http://ids.clld.org/values/6-490-418-1>		<http://ids.clld.org/parameters/6-490>		<http://ids.clld.org/values/6-490-198-1>		"pēd'ai"@prg	
"kuŋ.2 ka.4 shjen.2"@cdy	<http://ids.clld.org/values/11-780-418-1>		<http://ids.clld.org/parameters/11-780>		<http://ids.clld.org/values/11-780-198-1>		"álgās"@prg	
"la:k.7"@cdy	<http://ids.clld.org/values/9-190-418-1>		<http://ids.clld.org/parameters/9-190>		<http://ids.clld.org/values/9-190-198-1>		"virbē"@prg	
"lha:n.3"@cdy	<http://ids.clld.org/values/15-660-418-1>		<http://ids.clld.org/parameters/15-660>		<http://ids.clld.org/values/15-660-198-1>		"varminan"@prg	
"wu:ŋ.3"@cdy	<http://ids.clld.org/values/15-690-418-3>		<http://ids.clld.org/parameters/15-690>		<http://ids.clld.org/values/15-690-198-1>		"geltainan"@prg	
"lak.8 shai.1"@cdy	<http://ids.clld.org/values/17-270-418-1>		<http://ids.clld.org/parameters/17-270>		<http://ids.clld.org/values/17-270-198-1>		"mākinivingans"@prg	
"hiu.1"@cdy	<http://ids.clld.org/values/5-124-418-1>		<http://ids.clld.org/parameters/5-124>		<http://ids.clld.org/values/5-124-198-1>		"zal'an"@prg	
"təŋ.1"@cdy	<http://ids.clld.org/values/9-500-418-1>		<http://ids.clld.org/parameters/9-500>		<http://ids.clld.org/values/9-500-198-1>		"kramtis"@prg	
"cü.3 jan.2 ka.1"@cdy	<http://ids.clld.org/values/19-570-418-1>		<http://ids.clld.org/parameters/19-570>		<http://ids.clld.org/values/19-570-198-1>		"ludis"@prg	
"che.1 koŋ.6"@cdy	<http://ids.clld.org/values/10-770-418-1>		<http://ids.clld.org/parameters/10-770>		<http://ids.clld.org/values/10-770-198-1>		"asis"@prg	
"fat.7 kjen.4"@cdy	<http://ids.clld.org/values/11-180-418-1>		<http://ids.clld.org/parameters/11-180>		<http://ids.clld.org/values/11-180-198-1>		"daiktas"@prg	
"ńam.5 lhap.7"@cdy	<http://ids.clld.org/values/14-460-418-1>		<http://ids.clld.org/parameters/14-460>		<http://ids.clld.org/values/14-460-198-1>		"bītas"@prg	
"wi.1 kwan.2"@cdy	<http://ids.clld.org/values/1-830-418-3>		<http://ids.clld.org/parameters/1-830>		<http://ids.clld.org/values/1-830-198-1>		"dūmis"@prg	
"mo.6"@cdy	<http://ids.clld.org/values/20-330-418-1>		<http://ids.clld.org/parameters/20-330>		<http://ids.clld.org/values/20-330-198-1>		"salmis"@prg	
"nhjak.7"@cdy	<http://ids.clld.org/values/4-610-418-1>		<http://ids.clld.org/parameters/4-610>		<http://ids.clld.org/values/4-610-198-1>		"meikti"@prg	
"fe.4"@cdy	<http://ids.clld.org/values/9-110-418-1>		<http://ids.clld.org/parameters/9-110>		<http://ids.clld.org/values/9-110-198-1>		"segēt"@prg	
"na.3 pja:k.7"@cdy	<http://ids.clld.org/values/4-205-418-1>		<http://ids.clld.org/parameters/4-205>		<http://ids.clld.org/values/4-205-198-1>		"kaktā"@prg	
"pa:n.1"@cdy	<http://ids.clld.org/values/2-310-418-1>		<http://ids.clld.org/parameters/2-310>		<http://ids.clld.org/values/2-310-198-1>		"grandan"@prg	
"pa:n.4"@cdy	<http://ids.clld.org/values/19-160-418-1>		<http://ids.clld.org/parameters/19-160>		<http://ids.clld.org/values/19-160-198-1>		"kaimis"@prg	
"tjeu.2 kan.1"@cdy	<http://ids.clld.org/values/5-370-418-1>		<http://ids.clld.org/parameters/5-370>		<http://ids.clld.org/values/5-370-198-1>		"lapinis"@prg	
"tok.7"@cdy	<http://ids.clld.org/values/10-230-418-1>		<http://ids.clld.org/parameters/10-230>		<http://ids.clld.org/values/10-230-198-1>		"krūt"@prg	
"ća:ŋ.3"@cdy	<http://ids.clld.org/values/18-210-418-1>		<http://ids.clld.org/parameters/18-210>		<http://ids.clld.org/values/18-210-198-1>		"gérbt"@prg	
"juŋ.4"@cdy	<http://ids.clld.org/values/6-270-418-1>		<http://ids.clld.org/parameters/6-270>		<http://ids.clld.org/values/6-270-198-1>		"tūbā"@prg	
"mhi.1 kai.6"@cdy	<http://ids.clld.org/values/4-344-418-1>		<http://ids.clld.org/parameters/4-344>		<http://ids.clld.org/values/4-344-198-1>		"nagutis"@prg	
"hau.2 luŋ.1"@cdy	<http://ids.clld.org/values/4-290-418-1>		<http://ids.clld.org/parameters/4-290>		<http://ids.clld.org/values/4-290-198-1>		"gurklē"@prg	
"pa.5"@cdy	<http://ids.clld.org/values/2-512-418-1>		<http://ids.clld.org/parameters/2-512>		<http://ids.clld.org/values/2-512-198-1>		"tēvis"@prg	
"ti.2 pa:n.3"@cdy	<http://ids.clld.org/values/7-260-418-1>		<http://ids.clld.org/parameters/7-260>		<http://ids.clld.org/values/7-260-198-1>		"talus"@prg	
"sa:n.2 ji:ŋ.2 tak.8"@cdy	<http://ids.clld.org/values/3-370-418-1>		<http://ids.clld.org/parameters/3-370>		<http://ids.clld.org/values/3-370-198-1>		"(v)āzuks"@prg	
"sha:i.4(1) shjen.2"@cdy	<http://ids.clld.org/values/11-650-418-1>		<http://ids.clld.org/parameters/11-650>		<http://ids.clld.org/values/11-650-198-1>		"plateis"@prg	
"juŋ.2"@cdy	<http://ids.clld.org/values/3-730-418-1>		<http://ids.clld.org/parameters/3-730>		<http://ids.clld.org/values/3-730-198-1>		"klākīs"@prg	
"kam.1 ci.3"@cdy	<http://ids.clld.org/values/6-730-418-1>		<http://ids.clld.org/parameters/6-730>		<http://ids.clld.org/values/6-730-198-1>		"prēipīrstans"@prg	
"jeu.4(1) sək.8"@cdy	<http://ids.clld.org/values/4-451-418-1>		<http://ids.clld.org/parameters/4-451>		<http://ids.clld.org/values/4-451-198-1>		"inkstē"@prg	
"ma.3(5) pon.6"@cdy	<http://ids.clld.org/values/17-441-418-1>		<http://ids.clld.org/parameters/17-441>		<http://ids.clld.org/values/17-441-198-1>		"pravilā"@prg	
"kin.6"@cdy	<http://ids.clld.org/values/18-380-418-1>		<http://ids.clld.org/parameters/18-380>		<http://ids.clld.org/values/18-380-198-1>		"dr'áudē"@prg	
"shat.7"@cdy	<http://ids.clld.org/values/9-880-418-1>		<http://ids.clld.org/parameters/9-880>		<http://ids.clld.org/values/9-880-198-1>		"vāpis"@prg	
"kja.3"@cdy	<http://ids.clld.org/values/12-760-418-1>		<http://ids.clld.org/parameters/12-760>		<http://ids.clld.org/values/12-760-198-1>		"lunkis"@prg	
"ca:u.3"@cdy	<http://ids.clld.org/values/4-345-418-1>		<http://ids.clld.org/parameters/4-345>		<http://ids.clld.org/values/4-345-198-1>		"nagutis"@prg	
"səŋ.3 li.3"@cdy	<http://ids.clld.org/values/20-410-418-1>		<http://ids.clld.org/parameters/20-410>		<http://ids.clld.org/values/20-410-198-1>		"apvārēsnan"@prg	
"liu.6"@cdy	<http://ids.clld.org/values/5-470-418-3>		<http://ids.clld.org/parameters/5-470>		<http://ids.clld.org/values/5-470-198-1>		"saitan"@prg	
"ćo.4 ha.1"@cdy	<http://ids.clld.org/values/4-300-418-1>		<http://ids.clld.org/parameters/4-300>		<http://ids.clld.org/values/4-300-198-1>		"petē"@prg	
"ma.4 lo.2"@cdy	<http://ids.clld.org/values/3-470-418-3>		<http://ids.clld.org/parameters/3-470>		<http://ids.clld.org/values/3-470-198-1>		"vel(u)blundis"@prg	
"hwon.1"@cdy	<http://ids.clld.org/values/1-750-418-3>		<http://ids.clld.org/parameters/1-750>		<http://ids.clld.org/values/1-750-198-1>		"aglā"@prg	
"lək.8"@cdy	<http://ids.clld.org/values/12-550-418-1>		<http://ids.clld.org/parameters/12-550>		<http://ids.clld.org/values/12-550-198-1>		"debīkan"@prg	
"fa:t.7 nho.1"@cdy	<http://ids.clld.org/values/4-843-418-1>		<http://ids.clld.org/parameters/4-843>		<http://ids.clld.org/values/4-843-198-1>		"velgen"@prg	
"fa:t.7 nho.1"@cdy	<http://ids.clld.org/values/4-843-418-1>		<http://ids.clld.org/parameters/4-843>		<http://ids.clld.org/values/4-843-198-3>		"velgan"@prg	
"kwi.6"@cdy	<http://ids.clld.org/values/10-412-418-1>		<http://ids.clld.org/parameters/10-412>		<http://ids.clld.org/values/10-412-198-1>		"pakvelptan"@prg	
"ti.1 ni.4"@cdy	<http://ids.clld.org/values/2-370-418-1>		<http://ids.clld.org/parameters/2-370>		<http://ids.clld.org/values/2-370-198-1>		"vāraisins"@prg	
"ma:i.4"@cdy	<http://ids.clld.org/values/2-320-418-1>		<http://ids.clld.org/parameters/2-320>		<http://ids.clld.org/values/2-320-198-1>		"salūban"@prg	
"hu.2"@cdy	<http://ids.clld.org/values/1-330-418-1>		<http://ids.clld.org/parameters/1-330>		<http://ids.clld.org/values/1-330-198-1>		"azaran"@prg	
"shəŋ.3 taŋ.2"@cdy	<http://ids.clld.org/values/4-630-418-1>		<http://ids.clld.org/parameters/4-630>		<http://ids.clld.org/values/4-630-198-1>		"*atbaudint"@prg	
"ćai.5"@cdy	<http://ids.clld.org/values/5-970-418-1>		<http://ids.clld.org/parameters/5-970>		<http://ids.clld.org/values/5-970-198-1>		"paute"@prg	
"sa:n.2 zö.2"@cdy	<http://ids.clld.org/values/3-360-418-1>		<http://ids.clld.org/parameters/3-360>		<http://ids.clld.org/values/3-360-198-1>		"(v)āzē"@prg	
"shje.3"@cdy	<http://ids.clld.org/values/18-510-418-1>		<http://ids.clld.org/parameters/18-510>		<http://ids.clld.org/values/18-510-198-1>		"peisātan"@prg	
"la.1"@cdy	<http://ids.clld.org/values/4-210-418-1>		<http://ids.clld.org/parameters/4-210>		<http://ids.clld.org/values/4-210-198-1>		"akis"@prg	
"pok.8"@cdy	<http://ids.clld.org/values/1-324-418-1>		<http://ids.clld.org/parameters/1-324>		<http://ids.clld.org/values/1-324-198-1>		"spāinā"@prg	
"sa:n.2 ji:ŋ.2 she.6"@cdy	<http://ids.clld.org/values/3-380-418-1>		<http://ids.clld.org/parameters/3-380>		<http://ids.clld.org/values/3-380-198-1>		"(v)āzist'an"@prg	
"khən.3 təŋ.6"@cdy	<http://ids.clld.org/values/17-370-418-1>		<http://ids.clld.org/parameters/17-370>		<http://ids.clld.org/values/17-370-198-1>		"tikr[a]s"@prg	
"kja:u.5"@cdy	<http://ids.clld.org/values/17-250-418-1>		<http://ids.clld.org/parameters/17-250>		<http://ids.clld.org/values/17-250-198-1>		"mākint"@prg	
"la:u.4 səŋ.1"@cdy	<http://ids.clld.org/values/19-150-418-1>		<http://ids.clld.org/parameters/19-150>		<http://ids.clld.org/values/19-150-198-1>		"mēstan"@prg	
"fu:ŋ.4 kha.3"@cdy	<http://ids.clld.org/values/12-30-418-1>		<http://ids.clld.org/parameters/12-30>		<http://ids.clld.org/values/12-30-198-1>		"zemai"@prg	
"khau.1"@cdy	<http://ids.clld.org/values/17-680-418-1>		<http://ids.clld.org/parameters/17-680>		<http://ids.clld.org/values/17-680-198-1>		"kas"@prg	
"shi:ŋ.6"@cdy	<http://ids.clld.org/values/12-920-418-1>		<http://ids.clld.org/parameters/12-920>		<http://ids.clld.org/values/12-920-198-1>		"palīgun"@prg	
"hja.1"@cdy	<http://ids.clld.org/values/13-20-418-1>		<http://ids.clld.org/parameters/13-20>		<http://ids.clld.org/values/13-20-198-1>		"dvai"@prg	
"ńok.8"@cdy	<http://ids.clld.org/values/3-581-418-1>		<http://ids.clld.org/parameters/3-581>		<http://ids.clld.org/values/3-581-198-1>		"pepelis ~ pipelkā"@prg	
"lai.4 pa:i.4 shi.6"@cdy	<http://ids.clld.org/values/14-660-418-1>		<http://ids.clld.org/parameters/14-660>		<http://ids.clld.org/values/14-660-198-1>		"ketvirtiks"@prg	
"sham.1"@cdy	<http://ids.clld.org/values/14-160-418-1>		<http://ids.clld.org/parameters/14-160>		<http://ids.clld.org/values/14-160-198-1>		"ankstainai"@prg	
"nam.1"@cdy	<http://ids.clld.org/values/15-650-418-1>		<http://ids.clld.org/parameters/15-650>		<http://ids.clld.org/values/15-650-198-1>		"kirsnan"@prg	
"mit.8"@cdy	<http://ids.clld.org/values/3-820-418-1>		<http://ids.clld.org/parameters/3-820>		<http://ids.clld.org/values/3-820-198-1>		"bitē"@prg	
"la.5"@cdy	<http://ids.clld.org/values/22-240-418-1>		<http://ids.clld.org/parameters/22-240>		<http://ids.clld.org/values/22-240-198-1>		"perklantīt"@prg	
"ju.2 ko.3"@cdy	<http://ids.clld.org/values/17-530-418-1>		<http://ids.clld.org/parameters/17-530>		<http://ids.clld.org/values/17-530-198-1>		"ikai"@prg	
"ja.3 shok.7"@cdy	<http://ids.clld.org/values/3-110-418-1>		<http://ids.clld.org/parameters/3-110>		<http://ids.clld.org/values/3-110-198-3>		"alnē"@prg	
"ja.3 shok.7"@cdy	<http://ids.clld.org/values/3-110-418-1>		<http://ids.clld.org/parameters/3-110>		<http://ids.clld.org/values/3-110-198-1>		"zvērins"@prg	
"chok.7 seŋ.1"@cdy	<http://ids.clld.org/values/3-200-418-1>		<http://ids.clld.org/parameters/3-200>		<http://ids.clld.org/values/3-200-198-1>		"peku"@prg	
"mo.6"@cdy	<http://ids.clld.org/values/6-550-418-1>		<http://ids.clld.org/parameters/6-550>		<http://ids.clld.org/values/6-550-198-1>		"kelmis"@prg	
"chuŋ.4 ceŋ.1"@cdy	<http://ids.clld.org/values/4-372-418-1>		<http://ids.clld.org/parameters/4-372>		<http://ids.clld.org/values/4-372-198-1>		"pentis"@prg	
"me.2 phjeu.6"@cdy	<http://ids.clld.org/values/11-510-418-1>		<http://ids.clld.org/parameters/11-510>		<http://ids.clld.org/values/11-510-198-1>		"láims"@prg	
"seŋ.1 ji.6"@cdy	<http://ids.clld.org/values/11-830-418-1>		<http://ids.clld.org/parameters/11-830>		<http://ids.clld.org/values/11-830-198-1>		"káupiskan"@prg	
"kwa.3"@cdy	<http://ids.clld.org/values/15-640-418-1>		<http://ids.clld.org/parameters/15-640>		<http://ids.clld.org/values/15-640-198-1>		"gailis"@prg	
"ti.2 pa:n.1"@cdy	<http://ids.clld.org/values/2-210-418-1>		<http://ids.clld.org/parameters/2-210>		<http://ids.clld.org/values/2-210-198-1>		"vīrs"@prg	
"ljem.4"@cdy	<http://ids.clld.org/values/8-330-418-1>		<http://ids.clld.org/parameters/8-330>		<http://ids.clld.org/values/8-330-198-3>		"dālgis"@prg	
"ljem.4"@cdy	<http://ids.clld.org/values/8-330-418-1>		<http://ids.clld.org/parameters/8-330>		<http://ids.clld.org/values/8-330-198-1>		"pyūklan"@prg	
"sjek.7 kok.8(7) ci:ŋ.3"@cdy	<http://ids.clld.org/values/8-350-418-1>		<http://ids.clld.org/parameters/8-350>		<http://ids.clld.org/values/8-350-198-1>		"kalenē"@prg	
"no.4 ni.6"@cdy	<http://ids.clld.org/values/2-250-418-1>		<http://ids.clld.org/parameters/2-250>		<http://ids.clld.org/values/2-250-198-1>		"malnīk[a]s"@prg	
"pwo.4"@cdy	<http://ids.clld.org/values/10-510-418-3>		<http://ids.clld.org/parameters/10-510>		<http://ids.clld.org/values/10-510-198-1>		"begaite"@prg	
"me.2"@cdy	<http://ids.clld.org/values/11-110-418-1>		<http://ids.clld.org/parameters/11-110>		<http://ids.clld.org/values/11-110-198-1>		"turēt[vei]"@prg	
"ću.5"@cdy	<http://ids.clld.org/values/1-760-418-1>		<http://ids.clld.org/parameters/1-760>		<http://ids.clld.org/values/1-760-198-1>		"snaigis"@prg	
"jün.1"@cdy	<http://ids.clld.org/values/12-150-418-1>		<http://ids.clld.org/parameters/12-150>		<http://ids.clld.org/values/12-150-198-1>		"stalēt"@prg	
"choŋ.5"@cdy	<http://ids.clld.org/values/15-710-418-1>		<http://ids.clld.org/parameters/15-710>		<http://ids.clld.org/values/15-710-198-1>		"enkasint"@prg	
"a:u.1"@cdy	<http://ids.clld.org/values/17-450-418-1>		<http://ids.clld.org/parameters/17-450>		<http://ids.clld.org/values/17-450-198-1>		"nautin"@prg	
"kuŋ.4 fu.4 lən.1"@cdy	<http://ids.clld.org/values/19-430-418-1>		<http://ids.clld.org/parameters/19-430>		<http://ids.clld.org/values/19-430-198-1>		"slūznikā"@prg	
"kja:u.4 cha.1"@cdy	<http://ids.clld.org/values/12-770-418-1>		<http://ids.clld.org/parameters/12-770>		<http://ids.clld.org/values/12-770-198-1>		"skrīsin"@prg	
"ja.3 kau.3"@cdy	<http://ids.clld.org/values/3-740-418-1>		<http://ids.clld.org/parameters/3-740>		<http://ids.clld.org/values/3-740-198-1>		"lapē"@prg	
"cə.1 ti.4 fat.8 kjen.4"@cdy	<http://ids.clld.org/values/5-120-418-1>		<http://ids.clld.org/parameters/5-120>		<http://ids.clld.org/values/5-120-198-1>		"ēdā"@prg	
"pian.6"@cdy	<http://ids.clld.org/values/12-930-418-1>		<http://ids.clld.org/parameters/12-930>		<http://ids.clld.org/values/12-930-198-1>		"kitavidintun sin"@prg	
"a:u.1"@cdy	<http://ids.clld.org/values/11-130-418-1>		<http://ids.clld.org/parameters/11-130>		<http://ids.clld.org/values/11-130-198-1>		"ímt"@prg	
"jin.1 wi.6"@cdy	<http://ids.clld.org/values/17-520-418-1>		<http://ids.clld.org/parameters/17-520>		<http://ids.clld.org/values/17-520-198-1>		"begi"@prg	
"phjeu.6"@cdy	<http://ids.clld.org/values/11-430-418-1>		<http://ids.clld.org/parameters/11-430>		<http://ids.clld.org/values/11-430-198-1>		"peningans"@prg	
"hjo.1"@cdy	<http://ids.clld.org/values/15-840-418-1>		<http://ids.clld.org/parameters/15-840>		<http://ids.clld.org/values/15-840-198-1>		"sausan"@prg	
"lhjak.7"@cdy	<http://ids.clld.org/values/21-510-418-1>		<http://ids.clld.org/parameters/21-510>		<http://ids.clld.org/values/21-510-198-1>		"ránktvei"@prg	
"ma.0 fuŋ.1"@cdy	<http://ids.clld.org/values/3-823-418-1>		<http://ids.clld.org/parameters/3-823>		<http://ids.clld.org/values/3-823-198-1>		"vapsē"@prg	
"fi.5"@cdy	<http://ids.clld.org/values/14-210-418-1>		<http://ids.clld.org/parameters/14-210>		<http://ids.clld.org/values/14-210-198-1>		"entikrikai"@prg	
"ćo.3 ko.6"@cdy	<http://ids.clld.org/values/4-360-418-1>		<http://ids.clld.org/parameters/4-360>		<http://ids.clld.org/values/4-360-198-1>		"klupstis"@prg	
"ća:i.6"@cdy	<http://ids.clld.org/values/1-220-418-1>		<http://ids.clld.org/parameters/1-220>		<http://ids.clld.org/values/1-220-198-1>		"garbis"@prg	
"mi.4 ciŋ.5"@cdy	<http://ids.clld.org/values/8-550-418-1>		<http://ids.clld.org/parameters/8-550>		<http://ids.clld.org/values/8-550-198-1>		"vipis"@prg	
"ja.5"@cdy	<http://ids.clld.org/values/8-120-418-1>		<http://ids.clld.org/parameters/8-120>		<http://ids.clld.org/values/8-120-198-1>		"lauks"@prg	
"ta:m.2 / ta:ŋ.2"@cdy	<http://ids.clld.org/values/4-560-418-3>		<http://ids.clld.org/parameters/4-560>		<http://ids.clld.org/values/4-560-198-1>		"vimbis"@prg	
"ćo.3 no.3"@cdy	<http://ids.clld.org/values/4-203-418-1>		<http://ids.clld.org/parameters/4-203>		<http://ids.clld.org/values/4-203-198-1>		"muzgenā"@prg	
"njeŋ.2 ka:ŋ.1"@cdy	<http://ids.clld.org/values/1-530-418-1>		<http://ids.clld.org/parameters/1-530>		<http://ids.clld.org/values/1-530-198-1>		"mēnikīs"@prg	
"ljen.3(6) thjet.7"@cdy	<http://ids.clld.org/values/9-610-418-1>		<http://ids.clld.org/parameters/9-610>		<http://ids.clld.org/values/9-610-198-1>		"autrē"@prg	
"pi.2 ma.2"@cdy	<http://ids.clld.org/values/8-970-418-1>		<http://ids.clld.org/parameters/8-970>		<http://ids.clld.org/values/8-970-198-1>		"nātis"@prg	
"ci.6"@cdy	<http://ids.clld.org/values/10-630-418-1>		<http://ids.clld.org/parameters/10-630>		<http://ids.clld.org/values/10-630-198-1>		"pertenginuns"@prg	
"kok.7 pən.3"@cdy	<http://ids.clld.org/values/8-311-418-1>		<http://ids.clld.org/parameters/8-311>		<http://ids.clld.org/values/8-311-198-1>		"sēmen"@prg	
"ha:i.2"@cdy	<http://ids.clld.org/values/6-510-418-1>		<http://ids.clld.org/parameters/6-510>		<http://ids.clld.org/values/6-510-198-1>		"kurpē"@prg	
"cü.2"@cdy	<http://ids.clld.org/values/9-490-418-1>		<http://ids.clld.org/parameters/9-490>		<http://ids.clld.org/values/9-490-198-1>		"kūyis"@prg	
"pja.3"@cdy	<http://ids.clld.org/values/9-230-418-1>		<http://ids.clld.org/parameters/9-230>		<http://ids.clld.org/values/9-230-198-1>		"peile"@prg	
"tje.1"@cdy	<http://ids.clld.org/values/2-960-418-1>		<http://ids.clld.org/parameters/2-960>		<http://ids.clld.org/values/2-960-198-3>		"tanans"@prg	
"tje.1"@cdy	<http://ids.clld.org/values/2-960-418-1>		<http://ids.clld.org/parameters/2-960>		<http://ids.clld.org/values/2-960-198-1>		"tanai"@prg	
"mi.1"@cdy	<http://ids.clld.org/values/4-330-418-1>		<http://ids.clld.org/parameters/4-330>		<http://ids.clld.org/values/4-330-198-1>		"rankā"@prg	
"seŋ.2"@cdy	<http://ids.clld.org/values/7-270-418-1>		<http://ids.clld.org/parameters/7-270>		<http://ids.clld.org/values/7-270-198-1>		"zeidis"@prg	
"məŋ.2 ləŋ.6"@cdy	<http://ids.clld.org/values/19-450-418-1>		<http://ids.clld.org/parameters/19-450>		<http://ids.clld.org/values/19-450-198-1>		"laipinā"@prg	
"lai.4 pa:i.4 ljok.8"@cdy	<http://ids.clld.org/values/14-680-418-1>		<http://ids.clld.org/parameters/14-680>		<http://ids.clld.org/values/14-680-198-1>		"sabatikā"@prg	
"tau.2 fu.3"@cdy	<http://ids.clld.org/values/9-250-418-1>		<http://ids.clld.org/parameters/9-250>		<http://ids.clld.org/values/9-250-198-1>		"bīlē"@prg	
"wi.1"@cdy	<http://ids.clld.org/values/1-810-418-1>		<http://ids.clld.org/parameters/1-810>		<http://ids.clld.org/values/1-810-198-1>		"panā"@prg	
"fa.3"@cdy	<http://ids.clld.org/values/1-730-418-1>		<http://ids.clld.org/parameters/1-730>		<http://ids.clld.org/values/1-730-198-1>		"(v)up'an"@prg	
"mən.2"@cdy	<http://ids.clld.org/values/2-930-418-1>		<http://ids.clld.org/parameters/2-930>		<http://ids.clld.org/values/2-930-198-3>		"tanā"@prg	
"mən.2"@cdy	<http://ids.clld.org/values/2-930-418-1>		<http://ids.clld.org/parameters/2-930>		<http://ids.clld.org/values/2-930-198-1>		"tan[a]s"@prg	
"ćhik.7"@cdy	<http://ids.clld.org/values/5-260-418-1>		<http://ids.clld.org/parameters/5-260>		<http://ids.clld.org/values/5-260-198-1>		"zvikstis"@prg	
"ləŋ.2"@cdy	<http://ids.clld.org/values/13-0-418-1>		<http://ids.clld.org/parameters/13-0>		<http://ids.clld.org/values/13-0-198-1>		"niainunt[a]s"@prg	
"hon.6"@cdy	<http://ids.clld.org/values/15-840-418-3>		<http://ids.clld.org/parameters/15-840>		<http://ids.clld.org/values/15-840-198-1>		"sausan"@prg	
"chi:ŋ.6"@cdy	<http://ids.clld.org/values/18-120-418-1>		<http://ids.clld.org/parameters/18-120>		<http://ids.clld.org/values/18-120-198-1>		"grīmuns"@prg	
"lak.8 pi:k.7"@cdy	<http://ids.clld.org/values/2-260-418-1>		<http://ids.clld.org/parameters/2-260>		<http://ids.clld.org/values/2-260-198-1>		"mergā"@prg	
"ta:i.2 kjau.4"@cdy	<http://ids.clld.org/values/2-511-418-1>		<http://ids.clld.org/parameters/2-511>		<http://ids.clld.org/values/2-511-198-1>		"avis"@prg	
"khəm.5"@cdy	<http://ids.clld.org/values/1-212-418-1>		<http://ids.clld.org/parameters/1-212>		<http://ids.clld.org/values/1-212-198-1>		"zemē"@prg	
"pi.2"@cdy	<http://ids.clld.org/values/6-290-418-1>		<http://ids.clld.org/parameters/6-290>		<http://ids.clld.org/values/6-290-198-1>		"nōgnan"@prg	
"a.4 ji.2"@cdy	<http://ids.clld.org/values/2-520-418-3>		<http://ids.clld.org/parameters/2-520>		<http://ids.clld.org/values/2-520-198-1>		"māsā"@prg	
"ha.3"@cdy	<http://ids.clld.org/values/4-760-418-1>		<http://ids.clld.org/parameters/4-760>		<http://ids.clld.org/values/4-760-198-1>		"galintvei"@prg	
"lai.4 pa:i.4 ńi.6"@cdy	<http://ids.clld.org/values/14-640-418-1>		<http://ids.clld.org/parameters/14-640>		<http://ids.clld.org/values/14-640-198-1>		"visasēdis"@prg	
"fən.1"@cdy	<http://ids.clld.org/values/1-750-418-1>		<http://ids.clld.org/parameters/1-750>		<http://ids.clld.org/values/1-750-198-1>		"aglā"@prg	
"thjen.4 toŋ.2"@cdy	<http://ids.clld.org/values/22-310-418-1>		<http://ids.clld.org/parameters/22-310>		<http://ids.clld.org/values/22-310-198-1>		"dangus"@prg	
"sha:i.1"@cdy	<http://ids.clld.org/values/11-210-418-1>		<http://ids.clld.org/parameters/11-210>		<http://ids.clld.org/values/11-210-198-1>		"dāt[vei]"@prg	
"lo.3 shai.3 kut.7"@cdy	<http://ids.clld.org/values/4-371-418-1>		<http://ids.clld.org/parameters/4-371>		<http://ids.clld.org/values/4-371-198-1>		"kulnis"@prg	
"ep.7"@cdy	<http://ids.clld.org/values/3-570-418-1>		<http://ids.clld.org/parameters/3-570>		<http://ids.clld.org/values/3-570-198-1>		"antis"@prg	
"sha:i.3"@cdy	<http://ids.clld.org/values/4-461-418-1>		<http://ids.clld.org/parameters/4-461>		<http://ids.clld.org/values/4-461-198-1>		"grābis"@prg	
"ni.4 ka:i.5"@cdy	<http://ids.clld.org/values/3-540-418-1>		<http://ids.clld.org/parameters/3-540>		<http://ids.clld.org/values/3-540-198-1>		"gertā"@prg	
"jin.3 lia:u.4"@cdy	<http://ids.clld.org/values/5-900-418-1>		<http://ids.clld.org/parameters/5-900>		<http://ids.clld.org/values/5-900-198-1>		"pū[y]is"@prg	
"fa:ŋ.3 hu:t.7 shjeŋ.6"@cdy	<http://ids.clld.org/values/6-130-418-1>		<http://ids.clld.org/parameters/6-130>		<http://ids.clld.org/values/6-130-198-1>		"skrūtelē"@prg	
"kwe.2 zui.5"@cdy	<http://ids.clld.org/values/21-360-418-1>		<http://ids.clld.org/parameters/21-360>		<http://ids.clld.org/values/21-360-198-1>		"nivinautan"@prg	
"tjaŋ.1"@cdy	<http://ids.clld.org/values/14-332-418-1>		<http://ids.clld.org/parameters/14-332>		<http://ids.clld.org/values/14-332-198-1>		"ilgai"@prg	
"ki.4(1) ćo.3"@cdy	<http://ids.clld.org/values/6-910-418-1>		<http://ids.clld.org/parameters/6-910>		<http://ids.clld.org/values/6-910-198-1>		"kāisnis"@prg	
"tan.6"@cdy	<http://ids.clld.org/values/20-340-418-1>		<http://ids.clld.org/parameters/20-340>		<http://ids.clld.org/values/20-340-198-1>		"skaitan"@prg	
"təŋ.2 kəm.4"@cdy	<http://ids.clld.org/values/4-463-418-1>		<http://ids.clld.org/parameters/4-463>		<http://ids.clld.org/values/4-463-198-1>		"slaunis"@prg	
"khai.1"@cdy	<http://ids.clld.org/values/12-240-418-1>		<http://ids.clld.org/parameters/12-240>		<http://ids.clld.org/values/12-240-198-1>		"atvér'a"@prg	
"sü.3 po.2 lja:ŋ.6"@cdy	<http://ids.clld.org/values/1-770-418-1>		<http://ids.clld.org/parameters/1-770>		<http://ids.clld.org/values/1-770-198-1>		"ladis"@prg	
"phu.4 to.3"@cdy	<http://ids.clld.org/values/5-760-418-1>		<http://ids.clld.org/parameters/5-760>		<http://ids.clld.org/values/5-760-198-1>		"vīnavōgus"@prg	
"shek.7"@cdy	<http://ids.clld.org/values/9-690-418-1>		<http://ids.clld.org/parameters/9-690>		<http://ids.clld.org/values/9-690-198-1>		"skarstis"@prg	
"tə.0 mə.5 si.2 hau.6"@cdy	<http://ids.clld.org/values/17-650-418-1>		<http://ids.clld.org/parameters/17-650>		<http://ids.clld.org/values/17-650-198-1>		"kadan"@prg	
"ca:i.4 loŋ.2"@cdy	<http://ids.clld.org/values/3-710-418-1>		<http://ids.clld.org/parameters/3-710>		<http://ids.clld.org/values/3-710-198-1>		"vilkis"@prg	
"len.1"@cdy	<http://ids.clld.org/values/11-310-418-1>		<http://ids.clld.org/parameters/11-310>		<http://ids.clld.org/values/11-310-198-1>		"laukīt"@prg	
"paŋ.3(4) mi.1"@cdy	<http://ids.clld.org/values/4-310-418-1>		<http://ids.clld.org/parameters/4-310>		<http://ids.clld.org/values/4-310-198-1>		"irmā"@prg	
"mi.5"@cdy	<http://ids.clld.org/values/14-130-418-1>		<http://ids.clld.org/parameters/14-130>		<http://ids.clld.org/values/14-130-198-1>		"nauns"@prg	
"fa:t.7 ta:u.3"@cdy	<http://ids.clld.org/values/4-841-418-1>		<http://ids.clld.org/parameters/4-841>		<http://ids.clld.org/values/4-841-198-1>		"enāiss"@prg	
"co.2"@cdy	<http://ids.clld.org/values/8-250-418-3>		<http://ids.clld.org/parameters/8-250>		<http://ids.clld.org/values/8-250-198-1>		"kerslē"@prg	
"ljen.4 shjep.7"@cdy	<http://ids.clld.org/values/12-220-418-1>		<http://ids.clld.org/parameters/12-220>		<http://ids.clld.org/values/12-220-198-1>		"sanrists"@prg	
"ce.4 hwoŋ.2"@cdy	<http://ids.clld.org/values/16-670-418-1>		<http://ids.clld.org/parameters/16-670>		<http://ids.clld.org/values/16-670-198-1>		"mént'ama"@prg	
"kjen.2 kja.2"@cdy	<http://ids.clld.org/values/5-391-418-1>		<http://ids.clld.org/parameters/5-391>		<http://ids.clld.org/values/5-391-198-1>		"raplēs"@prg	
"cua:ŋ.2 fu.2"@cdy	<http://ids.clld.org/values/7-250-418-1>		<http://ids.clld.org/parameters/7-250>		<http://ids.clld.org/values/7-250-198-1>		"lankstā"@prg	
"ma.4 tak.8"@cdy	<http://ids.clld.org/values/3-420-418-1>		<http://ids.clld.org/parameters/3-420>		<http://ids.clld.org/values/3-420-198-1>		"zirgis"@prg	
"puə.2"@cdy	<http://ids.clld.org/values/2-470-418-1>		<http://ids.clld.org/parameters/2-470>		<http://ids.clld.org/values/2-470-198-1>		"anē"@prg	
"ŋa.2 chi.3"@cdy	<http://ids.clld.org/values/4-270-418-1>		<http://ids.clld.org/parameters/4-270>		<http://ids.clld.org/values/4-270-198-1>		"dantis"@prg	
"lən.1"@cdy	<http://ids.clld.org/values/19-210-418-1>		<http://ids.clld.org/parameters/19-210>		<http://ids.clld.org/values/19-210-198-1>		"amzin"@prg	
"ti.2 pa:n.1"@cdy	<http://ids.clld.org/values/2-230-418-1>		<http://ids.clld.org/parameters/2-230>		<http://ids.clld.org/values/2-230-198-1>		"vīrs"@prg	
"su.3 sa.3"@cdy	<http://ids.clld.org/values/12-350-418-1>		<http://ids.clld.org/parameters/12-350>		<http://ids.clld.org/values/12-350-198-1>		"vangan"@prg	
"ŋa:u.1"@cdy	<http://ids.clld.org/values/4-170-418-1>		<http://ids.clld.org/parameters/4-170>		<http://ids.clld.org/values/4-170-198-1>		"ragis"@prg	
"taŋ.1"@cdy	<http://ids.clld.org/values/10-480-418-1>		<http://ids.clld.org/parameters/10-480>		<http://ids.clld.org/values/10-480-198-1>		"peréit"@prg	
"cien.6 kha:ŋ.4"@cdy	<http://ids.clld.org/values/4-830-418-1>		<http://ids.clld.org/parameters/4-830>		<http://ids.clld.org/values/4-830-198-1>		"kails"@prg	
"pja:n.4 ci.6"@cdy	<http://ids.clld.org/values/3-594-418-1>		<http://ids.clld.org/parameters/3-594>		<http://ids.clld.org/values/3-594-198-1>		"pālis"@prg	
"sha:i.1"@cdy	<http://ids.clld.org/values/11-910-418-1>		<http://ids.clld.org/parameters/11-910>		<http://ids.clld.org/values/11-910-198-1>		"dalīs"@prg	
"ńi.2"@cdy	<http://ids.clld.org/values/2-920-418-1>		<http://ids.clld.org/parameters/2-920>		<http://ids.clld.org/values/2-920-198-1>		"tū"@prg	
"pi.2"@cdy	<http://ids.clld.org/values/4-120-418-1>		<http://ids.clld.org/parameters/4-120>		<http://ids.clld.org/values/4-120-198-1>		"k'autā"@prg	
"pi.2"@cdy	<http://ids.clld.org/values/4-120-418-1>		<http://ids.clld.org/parameters/4-120>		<http://ids.clld.org/values/4-120-198-3>		"skārdā"@prg	
"chəŋ.6 sa:n.4"@cdy	<http://ids.clld.org/values/6-440-418-1>		<http://ids.clld.org/parameters/6-440>		<http://ids.clld.org/values/6-440-198-1>		"nurtvē"@prg	
"pa:k.7 pi.2"@cdy	<http://ids.clld.org/values/4-250-418-1>		<http://ids.clld.org/parameters/4-250>		<http://ids.clld.org/values/4-250-198-1>		"varsus"@prg	
"kin.4 toi.6"@cdy	<http://ids.clld.org/values/20-150-418-1>		<http://ids.clld.org/parameters/20-150>		<http://ids.clld.org/values/20-150-198-1>		"karis"@prg	
"cau.2"@cdy	<http://ids.clld.org/values/6-250-418-1>		<http://ids.clld.org/parameters/6-250>		<http://ids.clld.org/values/6-250-198-1>		"silkasdrimbis"@prg	
"ljok.8"@cdy	<http://ids.clld.org/values/15-680-418-1>		<http://ids.clld.org/parameters/15-680>		<http://ids.clld.org/values/15-680-198-1>		"zal'an"@prg	
"ljeŋ.2"@cdy	<http://ids.clld.org/values/7-550-418-1>		<http://ids.clld.org/parameters/7-550>		<http://ids.clld.org/values/7-550-198-1>		"sandā"@prg	
"ne.2 hjen.6"@cdy	<http://ids.clld.org/values/3-665-418-1>		<http://ids.clld.org/parameters/3-665>		<http://ids.clld.org/values/3-665-198-1>		"anguris"@prg	
"ku.1"@cdy	<http://ids.clld.org/values/2-520-418-5>		<http://ids.clld.org/parameters/2-520>		<http://ids.clld.org/values/2-520-198-1>		"māsā"@prg	
"sham.4 tau.2"@cdy	<http://ids.clld.org/values/4-440-418-1>		<http://ids.clld.org/parameters/4-440>		<http://ids.clld.org/values/4-440-198-1>		"sēr"@prg	
"kuk.7"@cdy	<http://ids.clld.org/values/6-430-418-1>		<http://ids.clld.org/parameters/6-430>		<http://ids.clld.org/values/6-430-198-1>		"vilnis"@prg	
"na:n.4"@cdy	<http://ids.clld.org/values/4-130-418-1>		<http://ids.clld.org/parameters/4-130>		<http://ids.clld.org/values/4-130-198-1>		"mensā"@prg	
"ŋa.2 ńan.2"@cdy	<http://ids.clld.org/values/4-271-418-3>		<http://ids.clld.org/parameters/4-271>		<http://ids.clld.org/values/4-271-198-1>		"dantimaks"@prg	
"khwa.1"@cdy	<http://ids.clld.org/values/16-790-418-1>		<http://ids.clld.org/parameters/16-790>		<http://ids.clld.org/values/16-790-198-1>		"pagirsnan"@prg	
"ćik.7"@cdy	<http://ids.clld.org/values/16-310-418-1>		<http://ids.clld.org/parameters/16-310>		<http://ids.clld.org/values/16-310-198-1>		"gulsenin"@prg	
"wan.1"@cdy	<http://ids.clld.org/values/4-280-418-1>		<http://ids.clld.org/parameters/4-280>		<http://ids.clld.org/values/4-280-198-1>		"vinzus"@prg	
"mek.8"@cdy	<http://ids.clld.org/values/4-151-418-1>		<http://ids.clld.org/parameters/4-151>		<http://ids.clld.org/values/4-151-198-3>		"strujā"@prg	
"mek.8"@cdy	<http://ids.clld.org/values/4-151-418-1>		<http://ids.clld.org/parameters/4-151>		<http://ids.clld.org/values/4-151-198-1>		"gīslā"@prg	
"la:n.2"@cdy	<http://ids.clld.org/values/18-280-418-1>		<http://ids.clld.org/parameters/18-280>		<http://ids.clld.org/values/18-280-198-1>		"imens"@prg	
"ka:i.1"@cdy	<http://ids.clld.org/values/22-260-418-1>		<http://ids.clld.org/parameters/22-260>		<http://ids.clld.org/values/22-260-198-1>		"pastautun"@prg	
"ŋa:n.6"@cdy	<http://ids.clld.org/values/3-560-418-1>		<http://ids.clld.org/parameters/3-560>		<http://ids.clld.org/values/3-560-198-1>		"zansī"@prg	
"lu.2"@cdy	<http://ids.clld.org/values/5-250-418-1>		<http://ids.clld.org/parameters/5-250>		<http://ids.clld.org/values/5-250-198-1>		"[v]umnis"@prg	
"puŋ.2 hja:n.1"@cdy	<http://ids.clld.org/values/19-540-418-1>		<http://ids.clld.org/parameters/19-540>		<http://ids.clld.org/values/19-540-198-1>		"taviš'an"@prg	
"ka:i.6 shjen.6"@cdy	<http://ids.clld.org/values/19-170-418-1>		<http://ids.clld.org/parameters/19-170>		<http://ids.clld.org/values/19-170-198-1>		"azī"@prg	
"ńi:ŋ.4 cə.4 tap.7"@cdy	<http://ids.clld.org/values/4-281-418-1>		<http://ids.clld.org/parameters/4-281>		<http://ids.clld.org/values/4-281-198-1>		"pergalvis"@prg	
"pu.6 ćo.3"@cdy	<http://ids.clld.org/values/4-412-418-3>		<http://ids.clld.org/parameters/4-412>		<http://ids.clld.org/values/4-412-198-1>		"spenis"@prg	
"ńa:u.6"@cdy	<http://ids.clld.org/values/12-160-418-1>		<http://ids.clld.org/parameters/12-160>		<http://ids.clld.org/values/12-160-198-1>		"paláikt"@prg	
"tim.1"@cdy	<http://ids.clld.org/values/6-410-418-1>		<http://ids.clld.org/parameters/6-410>		<http://ids.clld.org/values/6-410-198-1>		"pelkis"@prg	
"hja:n.1"@cdy	<http://ids.clld.org/values/7-120-418-1>		<http://ids.clld.org/parameters/7-120>		<http://ids.clld.org/values/7-120-198-1>		"butas"@prg	
"ćhem.5"@cdy	<http://ids.clld.org/values/11-630-418-1>		<http://ids.clld.org/parameters/11-630>		<http://ids.clld.org/values/11-630-198-1>		"skelánts"@prg	
"jau.2 tai.6"@cdy	<http://ids.clld.org/values/6-570-418-1>		<http://ids.clld.org/parameters/6-570>		<http://ids.clld.org/values/6-570-198-1>		"savinzlē"@prg	
"chuŋ.6"@cdy	<http://ids.clld.org/values/20-210-418-1>		<http://ids.clld.org/parameters/20-210>		<http://ids.clld.org/values/20-210-198-1>		"sarvis"@prg	
"la:u.4"@cdy	<http://ids.clld.org/values/14-150-418-1>		<http://ids.clld.org/parameters/14-150>		<http://ids.clld.org/values/14-150-198-1>		"vār[a]s"@prg	
"lai.4 hjo.1"@cdy	<http://ids.clld.org/values/17-160-418-1>		<http://ids.clld.org/parameters/17-160>		<http://ids.clld.org/values/17-160-198-1>		"isprastun"@prg	
"hja:n.4(1) təŋ.2"@cdy	<http://ids.clld.org/values/7-510-418-1>		<http://ids.clld.org/parameters/7-510>		<http://ids.clld.org/values/7-510-198-1>		"stāgis"@prg	
"wi.4(1) niŋ.3"@cdy	<http://ids.clld.org/values/1-841-418-1>		<http://ids.clld.org/parameters/1-841>		<http://ids.clld.org/values/1-841-198-1>		"zarī"@prg	
"ki.4(6) ńi.2"@cdy	<http://ids.clld.org/values/2-730-418-1>		<http://ids.clld.org/parameters/2-730>		<http://ids.clld.org/values/2-730-198-1>		"pasūns"@prg	
"pən.1"@cdy	<http://ids.clld.org/values/1-510-418-1>		<http://ids.clld.org/parameters/1-510>		<http://ids.clld.org/values/1-510-198-1>		"dangus"@prg	
"jüen.4 woŋ.6"@cdy	<http://ids.clld.org/values/16-620-418-1>		<http://ids.clld.org/parameters/16-620>		<http://ids.clld.org/values/16-620-198-1>		"pakaitēsnan"@prg	
"ja:i.3"@cdy	<http://ids.clld.org/values/12-570-418-1>		<http://ids.clld.org/parameters/12-570>		<http://ids.clld.org/values/12-570-198-1>		"ilga"@prg	
"uŋ.4 nhau.1"@cdy	<http://ids.clld.org/values/17-660-418-1>		<http://ids.clld.org/parameters/17-660>		<http://ids.clld.org/values/17-660-198-1>		"kvei"@prg	
"zö.2"@cdy	<http://ids.clld.org/values/3-250-418-3>		<http://ids.clld.org/parameters/3-250>		<http://ids.clld.org/values/3-250-198-1>		"kamst'an"@prg	
"ni.4 po.4"@cdy	<http://ids.clld.org/values/3-230-418-1>		<http://ids.clld.org/parameters/3-230>		<http://ids.clld.org/values/3-230-198-1>		"klentē"@prg	
"maŋ.4"@cdy	<http://ids.clld.org/values/16-230-418-1>		<http://ids.clld.org/parameters/16-230>		<http://ids.clld.org/values/16-230-198-1>		"[vesals]"@prg	
"ćhu.3"@cdy	<http://ids.clld.org/values/4-740-418-1>		<http://ids.clld.org/parameters/4-740>		<http://ids.clld.org/values/4-740-198-1>		"gīvas"@prg	
"shi:ŋ.3"@cdy	<http://ids.clld.org/values/17-130-418-1>		<http://ids.clld.org/parameters/17-130>		<http://ids.clld.org/values/17-130-198-1>		"pamērīt"@prg	
"si.6"@cdy	<http://ids.clld.org/values/17-550-418-1>		<http://ids.clld.org/parameters/17-550>		<http://ids.clld.org/values/17-550-198-1>		"[ya]"@prg	
"pa:n.4 shai.3"@cdy	<http://ids.clld.org/values/7-570-418-1>		<http://ids.clld.org/parameters/7-570>		<http://ids.clld.org/values/7-570-198-1>		"lubā"@prg	
"fo.4 lu.2"@cdy	<http://ids.clld.org/values/7-320-418-1>		<http://ids.clld.org/parameters/7-320>		<http://ids.clld.org/values/7-320-198-1>		"stabnī"@prg	
"la:u.4 ləŋ.1"@cdy	<http://ids.clld.org/values/1-240-418-1>		<http://ids.clld.org/parameters/1-240>		<http://ids.clld.org/values/1-240-198-3>		"padaubis"@prg	
"la:u.4 ləŋ.1"@cdy	<http://ids.clld.org/values/1-240-418-1>		<http://ids.clld.org/parameters/1-240>		<http://ids.clld.org/values/1-240-198-1>		"lindan"@prg	
"sat.8 tai.6"@cdy	<http://ids.clld.org/values/14-110-418-1>		<http://ids.clld.org/parameters/14-110>		<http://ids.clld.org/values/14-110-198-3>		"kérdan"@prg	
"sat.8 tai.6"@cdy	<http://ids.clld.org/values/14-110-418-1>		<http://ids.clld.org/parameters/14-110>		<http://ids.clld.org/values/14-110-198-1>		"kīsman"@prg	
"mian.3 tu:n.2"@cdy	<http://ids.clld.org/values/5-530-418-1>		<http://ids.clld.org/parameters/5-530>		<http://ids.clld.org/values/5-530-198-1>		"zinkslā"@prg	
"cəŋ.2"@cdy	<http://ids.clld.org/values/1-370-418-3>		<http://ids.clld.org/parameters/1-370>		<http://ids.clld.org/values/1-370-198-1>		"apus"@prg	
"ku:n.3 le.4"@cdy	<http://ids.clld.org/values/19-310-418-1>		<http://ids.clld.org/parameters/19-310>		<http://ids.clld.org/values/19-310-198-1>		"perstalá"@prg	
"cat.8 ńi.2"@cdy	<http://ids.clld.org/values/2-530-418-1>		<http://ids.clld.org/parameters/2-530>		<http://ids.clld.org/values/2-530-198-1>		"sūnavis"@prg	
"ćo.3 ni.4 mhi.1"@cdy	<http://ids.clld.org/values/4-342-418-1>		<http://ids.clld.org/parameters/4-342>		<http://ids.clld.org/values/4-342-198-1>		"instiks"@prg	
"lak.8 hau.2 seŋ.1"@cdy	<http://ids.clld.org/values/2-251-418-1>		<http://ids.clld.org/parameters/2-251>		<http://ids.clld.org/values/2-251-198-1>		"maldai"@prg	
"sa:i.1"@cdy	<http://ids.clld.org/values/5-470-418-1>		<http://ids.clld.org/parameters/5-470>		<http://ids.clld.org/values/5-470-198-1>		"saitan"@prg	
"sa:n.4 pa.1"@cdy	<http://ids.clld.org/values/3-750-418-1>		<http://ids.clld.org/parameters/3-750>		<http://ids.clld.org/values/3-750-198-1>		"braidis"@prg	
"pe.4 khja.1"@cdy	<http://ids.clld.org/values/4-220-418-1>		<http://ids.clld.org/parameters/4-220>		<http://ids.clld.org/values/4-220-198-1>		"ausins"@prg	
"ha:m.3"@cdy	<http://ids.clld.org/values/18-410-418-1>		<http://ids.clld.org/parameters/18-410>		<http://ids.clld.org/values/18-410-198-1>		"vakētvei"@prg	
"ćo.3 pjam.1"@cdy	<http://ids.clld.org/values/4-140-418-1>		<http://ids.clld.org/parameters/4-140>		<http://ids.clld.org/values/4-140-198-1>		"skebelis"@prg	
"shon.5"@cdy	<http://ids.clld.org/values/6-380-418-1>		<http://ids.clld.org/parameters/6-380>		<http://ids.clld.org/values/6-380-198-1>		"auvilkis"@prg	
"co.4 tau.2"@cdy	<http://ids.clld.org/values/8-250-418-1>		<http://ids.clld.org/parameters/8-250>		<http://ids.clld.org/values/8-250-198-1>		"kerslē"@prg	
"lai.4 pa:i.4 ŋo.4"@cdy	<http://ids.clld.org/values/14-670-418-1>		<http://ids.clld.org/parameters/14-670>		<http://ids.clld.org/values/14-670-198-1>		"pentnīks"@prg	
"ti.1"@cdy	<http://ids.clld.org/values/2-350-418-1>		<http://ids.clld.org/parameters/2-350>		<http://ids.clld.org/values/2-350-198-1>		"tāvas"@prg	
"mu:i.3 ka.1 ti.1"@cdy	<http://ids.clld.org/values/2-610-418-1>		<http://ids.clld.org/parameters/2-610>		<http://ids.clld.org/values/2-610-198-1>		"tist'as"@prg	
"su.1"@cdy	<http://ids.clld.org/values/12-210-418-1>		<http://ids.clld.org/parameters/12-210>		<http://ids.clld.org/values/12-210-198-1>		"sanrénka"@prg	
"shjen.1"@cdy	<http://ids.clld.org/values/13-106-418-1>		<http://ids.clld.org/parameters/13-106>		<http://ids.clld.org/values/13-106-198-1>		"tūsimtans"@prg	
"shiu.1 pən.2"@cdy	<http://ids.clld.org/values/14-770-418-1>		<http://ids.clld.org/parameters/14-770>		<http://ids.clld.org/values/14-770-198-1>		"asanis"@prg	
"ti.2 pi:k.7"@cdy	<http://ids.clld.org/values/2-240-418-1>		<http://ids.clld.org/parameters/2-240>		<http://ids.clld.org/values/2-240-198-1>		"genā"@prg	
"cun.4 su.3"@cdy	<http://ids.clld.org/values/19-460-418-1>		<http://ids.clld.org/parameters/19-460>		<http://ids.clld.org/values/19-460-198-1>		"klausītun"@prg	
"ju.1"@cdy	<http://ids.clld.org/values/12-80-418-1>		<http://ids.clld.org/parameters/12-80>		<http://ids.clld.org/values/12-80-198-3>		"kérša[n]"@prg	
"ju.1"@cdy	<http://ids.clld.org/values/12-80-418-1>		<http://ids.clld.org/parameters/12-80>		<http://ids.clld.org/values/12-80-198-1>		"kirša[n]"@prg	
"kwan.2"@cdy	<http://ids.clld.org/values/1-830-418-1>		<http://ids.clld.org/parameters/1-830>		<http://ids.clld.org/values/1-830-198-1>		"dūmis"@prg	
"tau.2 kak.7"@cdy	<http://ids.clld.org/values/5-660-418-1>		<http://ids.clld.org/parameters/5-660>		<http://ids.clld.org/values/5-660-198-1>		"babā"@prg	
"hi.2 moŋ.6"@cdy	<http://ids.clld.org/values/16-630-418-1>		<http://ids.clld.org/parameters/16-630>		<http://ids.clld.org/values/16-630-198-3>		"padruvēsnan"@prg	
"hi.2 moŋ.6"@cdy	<http://ids.clld.org/values/16-630-418-1>		<http://ids.clld.org/parameters/16-630>		<http://ids.clld.org/values/16-630-198-1>		"nādruvēsnan"@prg	
"ni.3 cjek.8"@cdy	<http://ids.clld.org/values/15-410-418-1>		<http://ids.clld.org/parameters/15-410>		<http://ids.clld.org/values/15-410-198-3>		"klausītun"@prg	
"ni.3 cjek.8"@cdy	<http://ids.clld.org/values/15-410-418-1>		<http://ids.clld.org/parameters/15-410>		<http://ids.clld.org/values/15-410-198-1>		"kirdē̈t[vei]"@prg	
"su:k.7"@cdy	<http://ids.clld.org/values/5-130-418-1>		<http://ids.clld.org/parameters/5-130>		<http://ids.clld.org/values/5-130-198-1>		"pūtvei"@prg	
"lhaŋ.1 cjek.8"@cdy	<http://ids.clld.org/values/15-510-418-1>		<http://ids.clld.org/parameters/15-510>		<http://ids.clld.org/values/15-510-198-1>		"vidā ~ vidē"@prg	
"pi.2 kha:u.3"@cdy	<http://ids.clld.org/values/5-930-418-1>		<http://ids.clld.org/parameters/5-930>		<http://ids.clld.org/values/5-930-198-1>		"pīvis"@prg	
"poŋ.1"@cdy	<http://ids.clld.org/values/19-580-418-1>		<http://ids.clld.org/parameters/19-580>		<http://ids.clld.org/values/19-580-198-1>		"pagalbtan"@prg	
"ci.4 je.1"@cdy	<http://ids.clld.org/values/2-710-418-1>		<http://ids.clld.org/parameters/2-710>		<http://ids.clld.org/values/2-710-198-1>		"patāvelis"@prg	
"hjo.1"@cdy	<http://ids.clld.org/values/17-170-418-1>		<http://ids.clld.org/parameters/17-170>		<http://ids.clld.org/values/17-170-198-1>		"vaist"@prg	
"kü.3"@cdy	<http://ids.clld.org/values/10-220-418-1>		<http://ids.clld.org/parameters/10-220>		<http://ids.clld.org/values/10-220-198-1>		"erláng'a"@prg	
"tjep.8"@cdy	<http://ids.clld.org/values/5-310-418-1>		<http://ids.clld.org/parameters/5-310>		<http://ids.clld.org/values/5-310-198-1>		"minzavē"@prg	
"fe.4 na:n.4"@cdy	<http://ids.clld.org/values/20-610-418-1>		<http://ids.clld.org/parameters/20-610>		<http://ids.clld.org/values/20-610-198-1>		"mediyas"@prg	
"thjet.7"@cdy	<http://ids.clld.org/values/9-670-418-1>		<http://ids.clld.org/parameters/9-670>		<http://ids.clld.org/values/9-670-198-1>		"gelzā"@prg	
"muŋ.3 lu.2 ji:n.1"@cdy	<http://ids.clld.org/values/1-740-418-1>		<http://ids.clld.org/parameters/1-740>		<http://ids.clld.org/values/1-740-198-1>		"kūpsins"@prg	
"mhu.5"@cdy	<http://ids.clld.org/values/3-350-418-1>		<http://ids.clld.org/parameters/3-350>		<http://ids.clld.org/values/3-350-198-1>		"parst'an"@prg	
"lai.4 pa:i.4 wan.1"@cdy	<http://ids.clld.org/values/14-620-418-1>		<http://ids.clld.org/parameters/14-620>		<http://ids.clld.org/values/14-620-198-1>		"nadēlē"@prg	
"ńan.2"@cdy	<http://ids.clld.org/values/9-650-418-1>		<http://ids.clld.org/parameters/9-650>		<http://ids.clld.org/values/9-650-198-1>		"sirablis"@prg	
"kan.1 lo.2"@cdy	<http://ids.clld.org/values/10-520-418-1>		<http://ids.clld.org/parameters/10-520>		<http://ids.clld.org/values/10-520-198-1>		"rīpaite"@prg	
"kut.7"@cdy	<http://ids.clld.org/values/4-160-418-1>		<http://ids.clld.org/parameters/4-160>		<http://ids.clld.org/values/4-160-198-1>		"kaulan"@prg	
"hot.8 ce.3"@cdy	<http://ids.clld.org/values/17-540-418-1>		<http://ids.clld.org/parameters/17-540>		<http://ids.clld.org/values/17-540-198-1>		"[ader]"@prg	
"sam.3"@cdy	<http://ids.clld.org/values/2-520-418-1>		<http://ids.clld.org/parameters/2-520>		<http://ids.clld.org/values/2-520-198-1>		"māsā"@prg	
"koŋ.1"@cdy	<http://ids.clld.org/values/2-460-418-1>		<http://ids.clld.org/parameters/2-460>		<http://ids.clld.org/values/2-460-198-1>		"tētis"@prg	
"shuŋ.3 si.4"@cdy	<http://ids.clld.org/values/14-310-418-1>		<http://ids.clld.org/parameters/14-310>		<http://ids.clld.org/values/14-310-198-1>		"ainat"@prg	
"lət.7"@cdy	<http://ids.clld.org/values/1-880-418-1>		<http://ids.clld.org/parameters/1-880>		<http://ids.clld.org/values/1-880-198-1>		"malkā"@prg	
"səŋ.1 can.2"@cdy	<http://ids.clld.org/values/10-210-418-1>		<http://ids.clld.org/parameters/10-210>		<http://ids.clld.org/values/10-210-198-1>		"atskīsai"@prg	
"ti.2 lən.1"@cdy	<http://ids.clld.org/values/19-520-418-1>		<http://ids.clld.org/parameters/19-520>		<http://ids.clld.org/values/19-520-198-1>		"préisiks"@prg	
"hau.2 seŋ.1"@cdy	<http://ids.clld.org/values/14-140-418-1>		<http://ids.clld.org/parameters/14-140>		<http://ids.clld.org/values/14-140-198-1>		"maldans"@prg	
"ni.4 la:p.8 njaŋ.3"@cdy	<http://ids.clld.org/values/1-550-418-1>		<http://ids.clld.org/parameters/1-550>		<http://ids.clld.org/values/1-550-198-1>		"mēldē"@prg	
"toŋ.4 pən.2"@cdy	<http://ids.clld.org/values/14-740-418-1>		<http://ids.clld.org/parameters/14-740>		<http://ids.clld.org/values/14-740-198-1>		"zēmā"@prg	
"pa:k.7 to.1 lək.8"@cdy	<http://ids.clld.org/values/7-220-418-3>		<http://ids.clld.org/parameters/7-220>		<http://ids.clld.org/values/7-220-198-1>		"vartā"@prg	
"juen.2"@cdy	<http://ids.clld.org/values/9-680-418-1>		<http://ids.clld.org/parameters/9-680>		<http://ids.clld.org/values/9-680-198-1>		"alvis"@prg	
"fa:i.5"@cdy	<http://ids.clld.org/values/16-720-418-1>		<http://ids.clld.org/parameters/16-720>		<http://ids.clld.org/values/16-720-198-1>		"vargs"@prg	
"lən.2"@cdy	<http://ids.clld.org/values/4-110-418-1>		<http://ids.clld.org/parameters/4-110>		<http://ids.clld.org/values/4-110-198-1>		"kérmens"@prg	
"tai.5"@cdy	<http://ids.clld.org/values/10-640-418-1>		<http://ids.clld.org/parameters/10-640>		<http://ids.clld.org/values/10-640-198-1>		"vest[vei]"@prg	
"śe.1"@cdy	<http://ids.clld.org/values/2-950-418-1>		<http://ids.clld.org/parameters/2-950>		<http://ids.clld.org/values/2-950-198-1>		"yūs"@prg	
"thjet.7 shi:ŋ.6"@cdy	<http://ids.clld.org/values/9-600-418-1>		<http://ids.clld.org/parameters/9-600>		<http://ids.clld.org/values/9-600-198-1>		"[v]utris"@prg	
"na.3"@cdy	<http://ids.clld.org/values/4-204-418-1>		<http://ids.clld.org/parameters/4-204>		<http://ids.clld.org/values/4-204-198-1>		"prusnas"@prg	
"ni.4 fai.5"@cdy	<http://ids.clld.org/values/1-520-418-1>		<http://ids.clld.org/parameters/1-520>		<http://ids.clld.org/values/1-520-198-1>		"saulē"@prg	
"mek.8"@cdy	<http://ids.clld.org/values/8-430-418-1>		<http://ids.clld.org/parameters/8-430>		<http://ids.clld.org/values/8-430-198-1>		"gaidis"@prg	
"ti.4 jok.8"@cdy	<http://ids.clld.org/values/22-320-418-1>		<http://ids.clld.org/parameters/22-320>		<http://ids.clld.org/values/22-320-198-1>		"pikuls"@prg	
"niu.4"@cdy	<http://ids.clld.org/values/2-240-418-3>		<http://ids.clld.org/parameters/2-240>		<http://ids.clld.org/values/2-240-198-1>		"genā"@prg	
"phu.4 to.3 kha:u.3"@cdy	<http://ids.clld.org/values/5-920-418-1>		<http://ids.clld.org/parameters/5-920>		<http://ids.clld.org/values/5-920-198-1>		"vīnis"@prg	
"tjem.3 wi.1"@cdy	<http://ids.clld.org/values/1-860-418-1>		<http://ids.clld.org/parameters/1-860>		<http://ids.clld.org/values/1-860-198-1>		"ankaitītai"@prg	
"wi.1 phe.1"@cdy	<http://ids.clld.org/values/1-820-418-1>		<http://ids.clld.org/parameters/1-820>		<http://ids.clld.org/values/1-820-198-1>		"lāpis"@prg	
"ləm.1"@cdy	<http://ids.clld.org/values/1-720-418-1>		<http://ids.clld.org/parameters/1-720>		<http://ids.clld.org/values/1-720-198-1>		"vētrā"@prg	
"tin.1"@cdy	<http://ids.clld.org/values/4-370-418-1>		<http://ids.clld.org/parameters/4-370>		<http://ids.clld.org/values/4-370-198-1>		"nagē"@prg	
"lü.2"@cdy	<http://ids.clld.org/values/3-460-418-1>		<http://ids.clld.org/parameters/3-460>		<http://ids.clld.org/values/3-460-198-1>		"[asilis]"@prg	
"nu:t.8"@cdy	<http://ids.clld.org/values/4-142-418-1>		<http://ids.clld.org/parameters/4-142>		<http://ids.clld.org/values/4-142-198-1>		"bārdus"@prg	
"ta:i.6 mai.4"@cdy	<http://ids.clld.org/values/2-450-418-1>		<http://ids.clld.org/parameters/2-450>		<http://ids.clld.org/values/2-450-198-1>		"svestrā"@prg	
"cuŋ.4 ćo.3"@cdy	<http://ids.clld.org/values/14-510-418-1>		<http://ids.clld.org/parameters/14-510>		<http://ids.clld.org/values/14-510-198-1>		"stúndiks"@prg	
"tü.2"@cdy	<http://ids.clld.org/values/1-440-418-1>		<http://ids.clld.org/parameters/1-440>		<http://ids.clld.org/values/1-440-198-1>		"stabis"@prg	
"fa:t.8"@cdy	<http://ids.clld.org/values/21-370-418-1>		<http://ids.clld.org/parameters/21-370>		<http://ids.clld.org/values/21-370-198-1>		"súndan"@prg	
"cəm.2 lö.2"@cdy	<http://ids.clld.org/values/4-430-418-1>		<http://ids.clld.org/parameters/4-430>		<http://ids.clld.org/values/4-430-198-1>		"nabis"@prg	
"ni.4 kwai.3"@cdy	<http://ids.clld.org/values/3-950-418-3>		<http://ids.clld.org/parameters/3-950>		<http://ids.clld.org/values/3-950-198-1>		"krupeilē"@prg	
"te.2 sha:m.1"@cdy	<http://ids.clld.org/values/13-420-418-1>		<http://ids.clld.org/parameters/13-420>		<http://ids.clld.org/values/13-420-198-1>		"tírt[a]s"@prg	
"lo.2"@cdy	<http://ids.clld.org/values/3-470-418-1>		<http://ids.clld.org/parameters/3-470>		<http://ids.clld.org/values/3-470-198-1>		"vel(u)blundis"@prg	
"wi.4 hjem.3"@cdy	<http://ids.clld.org/values/16-540-418-1>		<http://ids.clld.org/parameters/16-540>		<http://ids.clld.org/values/16-540-198-1>		"vargan"@prg	
"tap.7"@cdy	<http://ids.clld.org/values/4-450-418-1>		<http://ids.clld.org/parameters/4-450>		<http://ids.clld.org/values/4-450-198-1>		"yaknā"@prg	
"mok.8 tau.2"@cdy	<http://ids.clld.org/values/1-430-418-1>		<http://ids.clld.org/parameters/1-430>		<http://ids.clld.org/values/1-430-198-1>		"malkā"@prg	
