"ta:n.1"@cdy	<http://ids.clld.org/values/13-330-418-3>		<http://ids.clld.org/parameters/13-330>		<http://ids.clld.org/values/13-330-232-1>		"'ʔuc̷ˀs"@cjh	
"na.3 tak.7"@cdy	<http://ids.clld.org/values/4-400-418-1>		<http://ids.clld.org/parameters/4-400>		<http://ids.clld.org/values/4-400-232-1>		"'taχʷac̷-"@cjh	
"ha.4 pa.2"@cdy	<http://ids.clld.org/values/4-209-418-1>		<http://ids.clld.org/parameters/4-209>		<http://ids.clld.org/values/4-209-232-1>		"'ḳəl-"@cjh	
"phuŋ.5"@cdy	<http://ids.clld.org/values/1-213-418-1>		<http://ids.clld.org/parameters/1-213>		<http://ids.clld.org/values/1-213-232-1>		"tɬˀə'səḳʷ-"@cjh	
"ne.5"@cdy	<http://ids.clld.org/values/4-910-418-1>		<http://ids.clld.org/parameters/4-910>		<http://ids.clld.org/values/4-910-232-1>		"'xʷən-"@cjh	
"ciu.4 je.1"@cdy	<http://ids.clld.org/values/16-450-418-1>		<http://ids.clld.org/parameters/16-450>		<http://ids.clld.org/values/16-450-232-1>		"'sixʷi-"@cjh	
"luŋ.2 kit.8"@cdy	<http://ids.clld.org/values/4-352-418-1>		<http://ids.clld.org/parameters/4-352>		<http://ids.clld.org/values/4-352-232-1>		"'ʔaw-"@cjh	
"ćuŋ.1"@cdy	<http://ids.clld.org/values/20-240-418-1>		<http://ids.clld.org/parameters/20-240>		<http://ids.clld.org/values/20-240-232-1>		"tˀə'kʷˀəɬ-"@cjh	
"tha:n.4"@cdy	<http://ids.clld.org/values/1-890-418-1>		<http://ids.clld.org/parameters/1-890>		<http://ids.clld.org/values/1-890-232-1>		"'c̷ˀæ(?)-"@cjh	
"jam.1"@cdy	<http://ids.clld.org/values/1-630-418-1>		<http://ids.clld.org/parameters/1-630>		<http://ids.clld.org/values/1-630-232-3>		"ḳaḳ-"@cjh	
"jam.1"@cdy	<http://ids.clld.org/values/1-630-418-1>		<http://ids.clld.org/parameters/1-630>		<http://ids.clld.org/values/1-630-232-1>		"'taḳa-"@cjh	
"lim.2 lha:i.1"@cdy	<http://ids.clld.org/values/12-11-418-1>		<http://ids.clld.org/parameters/12-11>		<http://ids.clld.org/values/12-11-232-1>		"'ʔaw-"@cjh	
"fa:t.7 khi.6"@cdy	<http://ids.clld.org/values/16-420-418-1>		<http://ids.clld.org/parameters/16-420>		<http://ids.clld.org/values/16-420-232-1>		"ḳə'ɬəχ"@cjh	
"ŋjai.6"@cdy	<http://ids.clld.org/values/4-207-418-1>		<http://ids.clld.org/parameters/4-207>		<http://ids.clld.org/values/4-207-232-1>		"'ḳəl-"@cjh	
"taŋ.6 shiu.3"@cdy	<http://ids.clld.org/values/4-990-418-1>		<http://ids.clld.org/parameters/4-990>		<http://ids.clld.org/values/4-990-232-1>		"mə'ləχʷ-"@cjh	
"hjet.7"@cdy	<http://ids.clld.org/values/4-912-418-1>		<http://ids.clld.org/parameters/4-912>		<http://ids.clld.org/values/4-912-232-1>		"'naɬa-"@cjh	
"fa.3 kəm.4"@cdy	<http://ids.clld.org/values/1-560-418-1>		<http://ids.clld.org/parameters/1-560>		<http://ids.clld.org/values/1-560-232-1>		"'tuḳʷ-"@cjh	
"khuŋ.4(1) khi.6"@cdy	<http://ids.clld.org/values/1-710-418-1>		<http://ids.clld.org/parameters/1-710>		<http://ids.clld.org/values/1-710-232-1>		"tɬˀə'ḳi-"@cjh	
"kam.1"@cdy	<http://ids.clld.org/values/15-370-418-1>		<http://ids.clld.org/parameters/15-370>		<http://ids.clld.org/values/15-370-232-1>		"'tɬˀəɬ"@cjh	
"pa:k.7"@cdy	<http://ids.clld.org/values/4-240-418-1>		<http://ids.clld.org/parameters/4-240>		<http://ids.clld.org/values/4-240-232-1>		"ḳə'nuš-"@cjh	
"nham.3"@cdy	<http://ids.clld.org/values/1-310-418-1>		<http://ids.clld.org/parameters/1-310>		<http://ids.clld.org/values/1-310-232-1>		"'ḳāʔ"@cjh	
"wa:n.1"@cdy	<http://ids.clld.org/values/9-140-418-1>		<http://ids.clld.org/parameters/9-140>		<http://ids.clld.org/values/9-140-232-1>		"'puyi-"@cjh	
"kuŋ.4 ni.1"@cdy	<http://ids.clld.org/values/1-270-418-1>		<http://ids.clld.org/parameters/1-270>		<http://ids.clld.org/values/1-270-232-3>		"tˀəmš-"@cjh	
"kuŋ.4 ni.1"@cdy	<http://ids.clld.org/values/1-270-418-1>		<http://ids.clld.org/parameters/1-270>		<http://ids.clld.org/values/1-270-232-1>		"'šəm-"@cjh	
"kuŋ.4 ni.1"@cdy	<http://ids.clld.org/values/1-270-418-1>		<http://ids.clld.org/parameters/1-270>		<http://ids.clld.org/values/1-270-232-5>		"'yəl-"@cjh	
"jem.2 lha:i.1"@cdy	<http://ids.clld.org/values/12-10-418-1>		<http://ids.clld.org/parameters/12-10>		<http://ids.clld.org/values/12-10-232-1>		"'ʔaw-"@cjh	
"fe.4 tu.2 na.4"@cdy	<http://ids.clld.org/values/4-670-418-1>		<http://ids.clld.org/parameters/4-670>		<http://ids.clld.org/values/4-670-232-3>		"'yōmi-"@cjh	
"fe.4 tu.2 na.4"@cdy	<http://ids.clld.org/values/4-670-418-1>		<http://ids.clld.org/parameters/4-670>		<http://ids.clld.org/values/4-670-232-1>		"c̷a'kʷu-"@cjh	
"lak.8 po.4"@cdy	<http://ids.clld.org/values/3-240-418-1>		<http://ids.clld.org/parameters/3-240>		<http://ids.clld.org/values/3-240-232-1>		"'mus"@cjh	
"i.4 shjen.2"@cdy	<http://ids.clld.org/values/12-40-418-1>		<http://ids.clld.org/parameters/12-40>		<http://ids.clld.org/values/12-40-232-1>		"'c̷əni"@cjh	
"pa:k.7 jü.1"@cdy	<http://ids.clld.org/values/4-560-418-1>		<http://ids.clld.org/parameters/4-560>		<http://ids.clld.org/values/4-560-232-3>		"'ḳāʔ"@cjh	
"pa:k.7 jü.1"@cdy	<http://ids.clld.org/values/4-560-418-1>		<http://ids.clld.org/parameters/4-560>		<http://ids.clld.org/values/4-560-232-1>		"'təχʷs-"@cjh	
"shai.4 kwa.1"@cdy	<http://ids.clld.org/values/18-450-418-1>		<http://ids.clld.org/parameters/18-450>		<http://ids.clld.org/values/18-450-232-1>		"'c̷əp-"@cjh	
"fe.6"@cdy	<http://ids.clld.org/values/4-441-418-1>		<http://ids.clld.org/parameters/4-441>		<http://ids.clld.org/values/4-441-232-1>		"'pˀus-"@cjh	
"ta:u.1"@cdy	<http://ids.clld.org/values/7-420-418-1>		<http://ids.clld.org/parameters/7-420>		<http://ids.clld.org/values/7-420-232-1>		"c̷ə'kʷi-"@cjh	
"jeu.1"@cdy	<http://ids.clld.org/values/4-462-418-1>		<http://ids.clld.org/parameters/4-462>		<http://ids.clld.org/values/4-462-232-1>		"'wit-"@cjh	
"kja:u.3 i.3"@cdy	<http://ids.clld.org/values/7-430-418-1>		<http://ids.clld.org/parameters/7-430>		<http://ids.clld.org/values/7-430-232-1>		"ta'wila-"@cjh	
"la:u.6"@cdy	<http://ids.clld.org/values/13-330-418-1>		<http://ids.clld.org/parameters/13-330>		<http://ids.clld.org/values/13-330-232-1>		"'ʔuc̷ˀs"@cjh	
"tai.2 lən.1"@cdy	<http://ids.clld.org/values/4-730-418-1>		<http://ids.clld.org/parameters/4-730>		<http://ids.clld.org/values/4-730-232-1>		"'nəxʷ-"@cjh	
"shət.7"@cdy	<http://ids.clld.org/values/4-180-418-1>		<http://ids.clld.org/parameters/4-180>		<http://ids.clld.org/values/4-180-232-1>		"'sups-"@cjh	
"pɛŋ.2 ti.6"@cdy	<http://ids.clld.org/values/1-230-418-1>		<http://ids.clld.org/parameters/1-230>		<http://ids.clld.org/values/1-230-232-1>		"'maḳʷam-"@cjh	
"ti.6"@cdy	<http://ids.clld.org/values/1-210-418-1>		<http://ids.clld.org/parameters/1-210>		<http://ids.clld.org/values/1-210-232-1>		"tə'miš-"@cjh	
"ćo.3"@cdy	<http://ids.clld.org/values/4-200-418-1>		<http://ids.clld.org/parameters/4-200>		<http://ids.clld.org/values/4-200-232-1>		"'matin-"@cjh	
"mok.8 shi:ŋ.6"@cdy	<http://ids.clld.org/values/9-430-418-1>		<http://ids.clld.org/parameters/9-430>		<http://ids.clld.org/values/9-430-232-1>		"pə'tus-"@cjh	
"sən.1"@cdy	<http://ids.clld.org/values/4-393-418-1>		<http://ids.clld.org/parameters/4-393>		<http://ids.clld.org/values/4-393-232-1>		"'tˀuḳʷ-"@cjh	
"shje.6"@cdy	<http://ids.clld.org/values/11-620-418-1>		<http://ids.clld.org/parameters/11-620>		<http://ids.clld.org/values/11-620-232-1>		"'čōyaʔ"@cjh	
"ku.4 ni.6"@cdy	<http://ids.clld.org/values/4-492-418-1>		<http://ids.clld.org/parameters/4-492>		<http://ids.clld.org/values/4-492-232-1>		"'pəlḳ-"@cjh	
"meu.4"@cdy	<http://ids.clld.org/values/3-620-418-1>		<http://ids.clld.org/parameters/3-620>		<http://ids.clld.org/values/3-620-232-1>		"'pišpiš"@cjh	
"thau.5"@cdy	<http://ids.clld.org/values/10-550-418-1>		<http://ids.clld.org/parameters/10-550>		<http://ids.clld.org/values/10-550-232-1>		"'ɬeʔ"@cjh	
"zən.4 shai.3"@cdy	<http://ids.clld.org/values/1-540-418-1>		<http://ids.clld.org/parameters/1-540>		<http://ids.clld.org/values/1-540-232-1>		"'ḳilitin-"@cjh	
"həm.4"@cdy	<http://ids.clld.org/values/17-510-418-1>		<http://ids.clld.org/parameters/17-510>		<http://ids.clld.org/values/17-510-232-1>		"ča"@cjh	
"həm.4"@cdy	<http://ids.clld.org/values/17-510-418-1>		<http://ids.clld.org/parameters/17-510>		<http://ids.clld.org/values/17-510-232-3>		"pəs"@cjh	
"ćo.3 pu:ŋ.1"@cdy	<http://ids.clld.org/values/4-930-418-1>		<http://ids.clld.org/parameters/4-930>		<http://ids.clld.org/values/4-930-232-1>		"'ɬuḳʷˀ-"@cjh	
"njuŋ.2"@cdy	<http://ids.clld.org/values/4-857-418-1>		<http://ids.clld.org/parameters/4-857>		<http://ids.clld.org/values/4-857-232-1>		"'təmn-"@cjh	
"pe.4 će.4"@cdy	<http://ids.clld.org/values/4-660-418-1>		<http://ids.clld.org/parameters/4-660>		<http://ids.clld.org/values/4-660-232-1>		"'c̷ˀəm-"@cjh	
"pe.4 će.4"@cdy	<http://ids.clld.org/values/4-660-418-1>		<http://ids.clld.org/parameters/4-660>		<http://ids.clld.org/values/4-660-232-3>		"mə'nač-"@cjh	
"hwa.3"@cdy	<http://ids.clld.org/values/1-730-418-3>		<http://ids.clld.org/parameters/1-730>		<http://ids.clld.org/values/1-730-232-3>		"ti'pi-"@cjh	
"hwa.3"@cdy	<http://ids.clld.org/values/1-730-418-3>		<http://ids.clld.org/parameters/1-730>		<http://ids.clld.org/values/1-730-232-1>		"ɬt-"@cjh	
"ta.4 la:i.1 kut.7"@cdy	<http://ids.clld.org/values/4-191-418-1>		<http://ids.clld.org/parameters/4-191>		<http://ids.clld.org/values/4-191-232-3>		"'šawˀ"@cjh	
"ta.4 la:i.1 kut.7"@cdy	<http://ids.clld.org/values/4-191-418-1>		<http://ids.clld.org/parameters/4-191>		<http://ids.clld.org/values/4-191-232-1>		"'nəw-"@cjh	
"ta.4 la:i.1 kut.7"@cdy	<http://ids.clld.org/values/4-191-418-1>		<http://ids.clld.org/parameters/4-191>		<http://ids.clld.org/values/4-191-232-5>		"χaw-"@cjh	
"mi.4"@cdy	<http://ids.clld.org/values/1-420-418-1>		<http://ids.clld.org/parameters/1-420>		<http://ids.clld.org/values/1-420-232-1>		"'tɬˀəš-tɬˀaš-"@cjh	
"tin.4(1) kwa.1"@cdy	<http://ids.clld.org/values/4-350-418-1>		<http://ids.clld.org/parameters/4-350>		<http://ids.clld.org/values/4-350-232-1>		"'c̷ulis-"@cjh	
"ja.3 na:n.4"@cdy	<http://ids.clld.org/values/3-110-418-3>		<http://ids.clld.org/parameters/3-110>		<http://ids.clld.org/values/3-110-232-1>		"'χəs"@cjh	
"ti.6(2) ji:p.8"@cdy	<http://ids.clld.org/values/1-450-418-1>		<http://ids.clld.org/parameters/1-450>		<http://ids.clld.org/values/1-450-232-1>		"ya'ḳʷa-"@cjh	
"tai.5"@cdy	<http://ids.clld.org/values/10-610-418-1>		<http://ids.clld.org/parameters/10-610>		<http://ids.clld.org/values/10-610-232-1>		"'ʔam-"@cjh	
"pjen.1"@cdy	<http://ids.clld.org/values/6-921-418-1>		<http://ids.clld.org/parameters/6-921>		<http://ids.clld.org/values/6-921-232-1>		"'ḳˀayac̷ˀi-"@cjh	
"mi.2(4) luŋ.2"@cdy	<http://ids.clld.org/values/1-410-418-1>		<http://ids.clld.org/parameters/1-410>		<http://ids.clld.org/values/1-410-232-3>		"'yamac̷-"@cjh	
"mi.2(4) luŋ.2"@cdy	<http://ids.clld.org/values/1-410-418-1>		<http://ids.clld.org/parameters/1-410>		<http://ids.clld.org/values/1-410-232-1>		"'χatɬˀ"@cjh	
"mi.2(4) luŋ.2"@cdy	<http://ids.clld.org/values/1-410-418-1>		<http://ids.clld.org/parameters/1-410>		<http://ids.clld.org/values/1-410-232-5>		"χa'siɬšin-"@cjh	
"luŋ.2"@cdy	<http://ids.clld.org/values/4-460-418-1>		<http://ids.clld.org/parameters/4-460>		<http://ids.clld.org/values/4-460-232-1>		"'tɬˀač"@cjh	
"luŋ.2"@cdy	<http://ids.clld.org/values/4-460-418-1>		<http://ids.clld.org/parameters/4-460>		<http://ids.clld.org/values/4-460-232-3>		"'kʷˀasin-"@cjh	
"luŋ.2"@cdy	<http://ids.clld.org/values/4-460-418-1>		<http://ids.clld.org/parameters/4-460>		<http://ids.clld.org/values/4-460-232-5>		"'tawˀ"@cjh	
"hai.4(3) wa:ŋ.1"@cdy	<http://ids.clld.org/values/1-340-418-1>		<http://ids.clld.org/parameters/1-340>		<http://ids.clld.org/values/1-340-232-1>		"'ḳiwal-"@cjh	
"ji.4 seŋ.1"@cdy	<http://ids.clld.org/values/4-870-418-1>		<http://ids.clld.org/parameters/4-870>		<http://ids.clld.org/values/4-870-232-1>		"'pəlxʷ-"@cjh	
"śi:ŋ.4 khau.3"@cdy	<http://ids.clld.org/values/4-850-418-3>		<http://ids.clld.org/parameters/4-850>		<http://ids.clld.org/values/4-850-232-1>		"'ḳʷˀāli-"@cjh	
"śi:ŋ.4 khau.3"@cdy	<http://ids.clld.org/values/4-850-418-3>		<http://ids.clld.org/parameters/4-850>		<http://ids.clld.org/values/4-850-232-5>		"'c̷ˀaḳa-"@cjh	
"śi:ŋ.4 khau.3"@cdy	<http://ids.clld.org/values/4-850-418-3>		<http://ids.clld.org/parameters/4-850>		<http://ids.clld.org/values/4-850-232-3>		"c̷ˀa'weʔ-"@cjh	
"la.1 ca:p.7"@cdy	<http://ids.clld.org/values/4-215-418-3>		<http://ids.clld.org/parameters/4-215>		<http://ids.clld.org/values/4-215-232-1>		"ɬip-"@cjh	
"cən.1"@cdy	<http://ids.clld.org/values/16-660-418-1>		<http://ids.clld.org/parameters/16-660>		<http://ids.clld.org/values/16-660-232-1>		"'naxʷɬ-"@cjh	
"jim.2 mo.2"@cdy	<http://ids.clld.org/values/4-145-418-1>		<http://ids.clld.org/parameters/4-145>		<http://ids.clld.org/values/4-145-232-1>		"'kʷˀans"@cjh	
"la:m.2"@cdy	<http://ids.clld.org/values/15-670-418-1>		<http://ids.clld.org/parameters/15-670>		<http://ids.clld.org/values/15-670-232-1>		"'ḳʷˀiχ-"@cjh	
"ku:k.8 ka.1"@cdy	<http://ids.clld.org/values/19-110-418-1>		<http://ids.clld.org/parameters/19-110>		<http://ids.clld.org/values/19-110-232-1>		"tə'miš-"@cjh	
"lhe.1"@cdy	<http://ids.clld.org/values/18-610-418-1>		<http://ids.clld.org/parameters/18-610>		<http://ids.clld.org/values/18-610-232-1>		"[buk]"@cjh	
"ćit.8"@cdy	<http://ids.clld.org/values/4-580-418-1>		<http://ids.clld.org/parameters/4-580>		<http://ids.clld.org/values/4-580-232-1>		"'tˀəkʷˀ-"@cjh	
"la.1 sən.1"@cdy	<http://ids.clld.org/values/4-212-418-1>		<http://ids.clld.org/parameters/4-212>		<http://ids.clld.org/values/4-212-232-1>		"'c̷um-"@cjh	
"pe.4 njeu.5"@cdy	<http://ids.clld.org/values/4-650-418-3>		<http://ids.clld.org/parameters/4-650>		<http://ids.clld.org/values/4-650-232-1>		"'xʷay"@cjh	
"ji.5 ćim.3"@cdy	<http://ids.clld.org/values/13-140-418-1>		<http://ids.clld.org/parameters/13-140>		<http://ids.clld.org/values/13-140-232-1>		"ḳˀa-"@cjh	
"ni.4 mət.8"@cdy	<http://ids.clld.org/values/3-817-418-1>		<http://ids.clld.org/parameters/3-817>		<http://ids.clld.org/values/3-817-232-1>		"c̷ˀ'skiyaḳ-"@cjh	
"ćo.3 lu.2"@cdy	<http://ids.clld.org/values/4-202-418-1>		<http://ids.clld.org/parameters/4-202>		<http://ids.clld.org/values/4-202-232-1>		"ḳə'ʔuḳʷlas-"@cjh	
"khəm.5 jak.7"@cdy	<http://ids.clld.org/values/1-214-418-1>		<http://ids.clld.org/parameters/1-214>		<http://ids.clld.org/values/1-214-232-1>		"ḳˀa'χayˀ-"@cjh	
"wən.5"@cdy	<http://ids.clld.org/values/6-740-418-1>		<http://ids.clld.org/parameters/6-740>		<http://ids.clld.org/values/6-740-232-1>		"'ʔuc̷ˀs"@cjh	
"lak.8 mhi.1"@cdy	<http://ids.clld.org/values/4-340-418-1>		<http://ids.clld.org/parameters/4-340>		<http://ids.clld.org/values/4-340-232-1>		"ɬa'χay-"@cjh	
"sü.3 kuə.3"@cdy	<http://ids.clld.org/values/5-710-418-1>		<http://ids.clld.org/parameters/5-710>		<http://ids.clld.org/values/5-710-232-1>		"ḳʷˀə'li-"@cjh	
"ŋjai.6"@cdy	<http://ids.clld.org/values/4-208-418-1>		<http://ids.clld.org/parameters/4-208>		<http://ids.clld.org/values/4-208-232-1>		"'c̷ˀiḳ-"@cjh	
"hai.4 (3) ji:ŋ.2"@cdy	<http://ids.clld.org/values/1-329-418-1>		<http://ids.clld.org/parameters/1-329>		<http://ids.clld.org/values/1-329-232-1>		"'ḳiwal-"@cjh	
"hwa.5"@cdy	<http://ids.clld.org/values/4-392-418-1>		<http://ids.clld.org/parameters/4-392>		<http://ids.clld.org/values/4-392-232-1>		"tɬˀə'ḳˀali-"@cjh	
"pan.5"@cdy	<http://ids.clld.org/values/1-370-418-1>		<http://ids.clld.org/parameters/1-370>		<http://ids.clld.org/values/1-370-232-1>		"'c̷iḳʷi-"@cjh	
"pan.5"@cdy	<http://ids.clld.org/values/1-370-418-1>		<http://ids.clld.org/parameters/1-370>		<http://ids.clld.org/values/1-370-232-3>		"'ḳāʔ"@cjh	
"śi:ŋ.4 toŋ.6"@cdy	<http://ids.clld.org/values/4-850-418-1>		<http://ids.clld.org/parameters/4-850>		<http://ids.clld.org/values/4-850-232-1>		"'ḳʷˀāli-"@cjh	
"śi:ŋ.4 toŋ.6"@cdy	<http://ids.clld.org/values/4-850-418-1>		<http://ids.clld.org/parameters/4-850>		<http://ids.clld.org/values/4-850-232-5>		"'c̷ˀaḳa-"@cjh	
"śi:ŋ.4 toŋ.6"@cdy	<http://ids.clld.org/values/4-850-418-1>		<http://ids.clld.org/parameters/4-850>		<http://ids.clld.org/values/4-850-232-3>		"c̷ˀa'weʔ-"@cjh	
"lak.8 sü:ŋ.2"@cdy	<http://ids.clld.org/values/10-830-418-1>		<http://ids.clld.org/parameters/10-830>		<http://ids.clld.org/values/10-830-232-1>		"'put"@cjh	
"ha:n.2 ca:u.2 kut.7"@cdy	<http://ids.clld.org/values/4-301-418-1>		<http://ids.clld.org/parameters/4-301>		<http://ids.clld.org/values/4-301-232-3>		"'čǣ"@cjh	
"ha:n.2 ca:u.2 kut.7"@cdy	<http://ids.clld.org/values/4-301-418-1>		<http://ids.clld.org/parameters/4-301>		<http://ids.clld.org/values/4-301-232-1>		"'šawˀ"@cjh	
"chü.1"@cdy	<http://ids.clld.org/values/10-380-418-1>		<http://ids.clld.org/parameters/10-380>		<http://ids.clld.org/values/10-380-232-1>		"'puxʷi-"@cjh	
"hjen.1"@cdy	<http://ids.clld.org/values/18-320-418-1>		<http://ids.clld.org/parameters/18-320>		<http://ids.clld.org/values/18-320-232-1>		"'kʷawˀ-"@cjh	
"tai.5"@cdy	<http://ids.clld.org/values/10-620-418-1>		<http://ids.clld.org/parameters/10-620>		<http://ids.clld.org/values/10-620-232-1>		"'tˀul-"@cjh	
"tin.1"@cdy	<http://ids.clld.org/values/4-351-418-1>		<http://ids.clld.org/parameters/4-351>		<http://ids.clld.org/values/4-351-232-1>		"'pˀən-"@cjh	
"hai.3"@cdy	<http://ids.clld.org/values/1-320-418-1>		<http://ids.clld.org/parameters/1-320>		<http://ids.clld.org/values/1-320-232-1>		"'ḳiwal-"@cjh	
"lam.1"@cdy	<http://ids.clld.org/values/1-380-418-1>		<http://ids.clld.org/parameters/1-380>		<http://ids.clld.org/values/1-380-232-1>		"'paɬχn-"@cjh	
"pa.4 ci:ŋ.3"@cdy	<http://ids.clld.org/values/4-331-418-1>		<http://ids.clld.org/parameters/4-331>		<http://ids.clld.org/values/4-331-232-1>		"tˀa'las-"@cjh	
"luk.7 lən.2"@cdy	<http://ids.clld.org/values/4-690-418-1>		<http://ids.clld.org/parameters/4-690>		<http://ids.clld.org/values/4-690-232-1>		"'pˀǣχluwˀ"@cjh	
"si.1"@cdy	<http://ids.clld.org/values/4-770-418-1>		<http://ids.clld.org/parameters/4-770>		<http://ids.clld.org/values/4-770-232-1>		"'makʷˀt"@cjh	
"tai.1"@cdy	<http://ids.clld.org/values/4-750-418-1>		<http://ids.clld.org/parameters/4-750>		<http://ids.clld.org/values/4-750-232-1>		"'ʔatmin-"@cjh	
"ma.2"@cdy	<http://ids.clld.org/values/4-260-418-1>		<http://ids.clld.org/parameters/4-260>		<http://ids.clld.org/values/4-260-232-1>		"'tixʷc̷aɬ-"@cjh	
"shi:ŋ.4 ŋa.2"@cdy	<http://ids.clld.org/values/4-271-418-1>		<http://ids.clld.org/parameters/4-271>		<http://ids.clld.org/values/4-271-232-1>		"kʷa'təl-"@cjh	
"fən.2"@cdy	<http://ids.clld.org/values/4-790-418-1>		<http://ids.clld.org/parameters/4-790>		<http://ids.clld.org/values/4-790-232-1>		"'makʷˀt"@cjh	
"cəŋ.3 nən.2"@cdy	<http://ids.clld.org/values/4-860-418-1>		<http://ids.clld.org/parameters/4-860>		<http://ids.clld.org/values/4-860-232-1>		"'pəlxʷ-"@cjh	
"la:n.4"@cdy	<http://ids.clld.org/values/4-920-418-1>		<http://ids.clld.org/parameters/4-920>		<http://ids.clld.org/values/4-920-232-1>		"'c̷uχʷum-"@cjh	
"fuk.7"@cdy	<http://ids.clld.org/values/1-840-418-1>		<http://ids.clld.org/parameters/1-840>		<http://ids.clld.org/values/1-840-232-1>		"ḳʷˀə'li-"@cjh	
"ni.1"@cdy	<http://ids.clld.org/values/1-360-418-1>		<http://ids.clld.org/parameters/1-360>		<http://ids.clld.org/values/1-360-232-1>		"'ḳāʔ"@cjh	
"ni.1"@cdy	<http://ids.clld.org/values/1-360-418-1>		<http://ids.clld.org/parameters/1-360>		<http://ids.clld.org/values/1-360-232-3>		"'c̷apaš-"@cjh	
"ni.1"@cdy	<http://ids.clld.org/values/1-360-418-1>		<http://ids.clld.org/parameters/1-360>		<http://ids.clld.org/values/1-360-232-5>		"'nəxʷ-"@cjh	
"mhi.1 cau.3"@cdy	<http://ids.clld.org/values/4-320-418-1>		<http://ids.clld.org/parameters/4-320>		<http://ids.clld.org/values/4-320-232-1>		"ta'nˀis-"@cjh	
"ta.4 la:i.1"@cdy	<http://ids.clld.org/values/4-190-418-1>		<http://ids.clld.org/parameters/4-190>		<http://ids.clld.org/values/4-190-232-1>		"'ɬawl-"@cjh	
"peŋ.6"@cdy	<http://ids.clld.org/values/4-840-418-1>		<http://ids.clld.org/parameters/4-840>		<http://ids.clld.org/values/4-840-232-3>		"'tač"@cjh	
"peŋ.6"@cdy	<http://ids.clld.org/values/4-840-418-1>		<http://ids.clld.org/parameters/4-840>		<http://ids.clld.org/values/4-840-232-1>		"'ɬəčˀ"@cjh	
"peŋ.6"@cdy	<http://ids.clld.org/values/4-840-418-1>		<http://ids.clld.org/parameters/4-840>		<http://ids.clld.org/values/4-840-232-5>		"χaw-"@cjh	
"fa:ŋ.2 la.2 tai.6"@cdy	<http://ids.clld.org/values/4-470-418-1>		<http://ids.clld.org/parameters/4-470>		<http://ids.clld.org/values/4-470-232-1>		"'manˀ"@cjh	
"lü.4 cü.1"@cdy	<http://ids.clld.org/values/6-370-418-1>		<http://ids.clld.org/parameters/6-370>		<http://ids.clld.org/values/6-370-232-1>		"makʷ-"@cjh	
"tu.4 ta.5"@cdy	<http://ids.clld.org/values/12-370-418-1>		<http://ids.clld.org/parameters/12-370>		<http://ids.clld.org/values/12-370-232-1>		"'kʷac̷-"@cjh	
"kut.7 ci.1 phəŋ.1"@cdy	<http://ids.clld.org/values/4-162-418-1>		<http://ids.clld.org/parameters/4-162>		<http://ids.clld.org/values/4-162-232-1>		"'χac̷ˀ-"@cjh	
"ni.4 fai.5 ka:ŋ.1"@cdy	<http://ids.clld.org/values/1-610-418-1>		<http://ids.clld.org/parameters/1-610>		<http://ids.clld.org/values/1-610-232-1>		"ḳə'ləχ-"@cjh	
"mi.4"@cdy	<http://ids.clld.org/values/8-600-418-1>		<http://ids.clld.org/parameters/8-600>		<http://ids.clld.org/values/8-600-232-1>		"'tɬˀəš"@cjh	
"mi.4"@cdy	<http://ids.clld.org/values/8-600-418-1>		<http://ids.clld.org/parameters/8-600>		<http://ids.clld.org/values/8-600-232-3>		"tɬˀaš-"@cjh	
"khwi.1"@cdy	<http://ids.clld.org/values/16-530-418-1>		<http://ids.clld.org/parameters/16-530>		<http://ids.clld.org/values/16-530-232-1>		"ḳʷa'nu-"@cjh	
"ni.4 nun.1"@cdy	<http://ids.clld.org/values/3-840-418-1>		<http://ids.clld.org/parameters/3-840>		<http://ids.clld.org/values/3-840-232-1>		"'ḳʷat-"@cjh	
"ta:i.4(2) ŋa.2"@cdy	<http://ids.clld.org/values/4-272-418-1>		<http://ids.clld.org/parameters/4-272>		<http://ids.clld.org/values/4-272-232-1>		"kʷˀa'ya-"@cjh	
"naŋ.1"@cdy	<http://ids.clld.org/values/4-230-418-1>		<http://ids.clld.org/parameters/4-230>		<http://ids.clld.org/values/4-230-232-1>		"'məḳsin-"@cjh	
"ɔ.1"@cdy	<http://ids.clld.org/values/5-220-418-1>		<http://ids.clld.org/parameters/5-220>		<http://ids.clld.org/values/5-220-232-1>		"'c̷əḳ-"@cjh	
"ɔ.1"@cdy	<http://ids.clld.org/values/5-220-418-1>		<http://ids.clld.org/parameters/5-220>		<http://ids.clld.org/values/5-220-232-3>		"'ləp-"@cjh	
"lak.8 lən.3(1) teŋ.4"@cdy	<http://ids.clld.org/values/2-280-418-1>		<http://ids.clld.org/parameters/2-280>		<http://ids.clld.org/values/2-280-232-1>		"ḳʷa'ya-"@cjh	
"me.2 łək.8"@cdy	<http://ids.clld.org/values/4-810-418-1>		<http://ids.clld.org/parameters/4-810>		<http://ids.clld.org/values/4-810-232-1>		"'c̷ˀəp"@cjh	
"lu:n.4 wan.4"@cdy	<http://ids.clld.org/values/4-490-418-1>		<http://ids.clld.org/parameters/4-490>		<http://ids.clld.org/values/4-490-232-1>		"'mačini-"@cjh	
"shi:ŋ.4 shan.2"@cdy	<http://ids.clld.org/values/17-150-418-1>		<http://ids.clld.org/parameters/17-150>		<http://ids.clld.org/values/17-150-232-1>		"'c̷un"@cjh	
"khiŋ.3"@cdy	<http://ids.clld.org/values/1-215-418-1>		<http://ids.clld.org/parameters/1-215>		<http://ids.clld.org/values/1-215-232-1>		"c̷ˀa'χæʔs"@cjh	
"sai.3 ća:i.6"@cdy	<http://ids.clld.org/values/1-100-418-1>		<http://ids.clld.org/parameters/1-100>		<http://ids.clld.org/values/1-100-232-1>		"tə'miš-"@cjh	
"lak.8 ni.1"@cdy	<http://ids.clld.org/values/1-360-418-3>		<http://ids.clld.org/parameters/1-360>		<http://ids.clld.org/values/1-360-232-1>		"'ḳāʔ"@cjh	
"lak.8 ni.1"@cdy	<http://ids.clld.org/values/1-360-418-3>		<http://ids.clld.org/parameters/1-360>		<http://ids.clld.org/values/1-360-232-3>		"'c̷apaš-"@cjh	
"lak.8 ni.1"@cdy	<http://ids.clld.org/values/1-360-418-3>		<http://ids.clld.org/parameters/1-360>		<http://ids.clld.org/values/1-360-232-5>		"'nəxʷ-"@cjh	
"phja:t.7"@cdy	<http://ids.clld.org/values/4-150-418-1>		<http://ids.clld.org/parameters/4-150>		<http://ids.clld.org/values/4-150-232-1>		"ḳʷi'li(m)-"@cjh	
"mhok.7"@cdy	<http://ids.clld.org/values/4-780-418-1>		<http://ids.clld.org/parameters/4-780>		<http://ids.clld.org/values/4-780-232-1>		"'nəm-"@cjh	
"uk.7 seŋ.1"@cdy	<http://ids.clld.org/values/4-720-418-1>		<http://ids.clld.org/parameters/4-720>		<http://ids.clld.org/values/4-720-232-1>		"'manˀ"@cjh	
"mi.4 pi.2"@cdy	<http://ids.clld.org/values/8-750-418-1>		<http://ids.clld.org/parameters/8-750>		<http://ids.clld.org/values/8-750-232-1>		"pˀā'lan-"@cjh	
"lak.8 tin.4(1) ćo.3"@cdy	<http://ids.clld.org/values/4-380-418-1>		<http://ids.clld.org/parameters/4-380>		<http://ids.clld.org/values/4-380-232-1>		"šɬč'tunway-"@cjh	
"tha:m.3"@cdy	<http://ids.clld.org/values/7-422-418-1>		<http://ids.clld.org/parameters/7-422>		<http://ids.clld.org/values/7-422-232-1>		"'ɬaχɬin-"@cjh	
"pa.1"@cdy	<http://ids.clld.org/values/4-858-418-1>		<http://ids.clld.org/parameters/4-858>		<http://ids.clld.org/values/4-858-232-1>		"'ɬumi-"@cjh	
"fok.7 lək.8"@cdy	<http://ids.clld.org/values/4-854-418-1>		<http://ids.clld.org/parameters/4-854>		<http://ids.clld.org/values/4-854-232-1>		"'c̷ˀaḳa-"@cjh	
"khau.6"@cdy	<http://ids.clld.org/values/6-620-418-1>		<http://ids.clld.org/parameters/6-620>		<http://ids.clld.org/values/6-620-232-1>		"'ɬana-"@cjh	
"tai.4 kha.3"@cdy	<http://ids.clld.org/values/12-340-418-1>		<http://ids.clld.org/parameters/12-340>		<http://ids.clld.org/values/12-340-232-1>		"'nuw-"@cjh	
"lai.3"@cdy	<http://ids.clld.org/values/11-810-418-1>		<http://ids.clld.org/parameters/11-810>		<http://ids.clld.org/values/11-810-232-1>		"'ɬəḳʷ-"@cjh	
"wi.1 kwan.2"@cdy	<http://ids.clld.org/values/1-830-418-3>		<http://ids.clld.org/parameters/1-830>		<http://ids.clld.org/values/1-830-232-1>		"'ḳʷōʔ"@cjh	
"wi.1 kwan.2"@cdy	<http://ids.clld.org/values/1-830-418-3>		<http://ids.clld.org/parameters/1-830>		<http://ids.clld.org/values/1-830-232-3>		"'ḳʷˀuχʷ-"@cjh	
"nhjak.7"@cdy	<http://ids.clld.org/values/4-610-418-1>		<http://ids.clld.org/parameters/4-610>		<http://ids.clld.org/values/4-610-232-1>		"'mˀus-"@cjh	
"na.3 pja:k.7"@cdy	<http://ids.clld.org/values/4-205-418-1>		<http://ids.clld.org/parameters/4-205>		<http://ids.clld.org/values/4-205-232-1>		"'pukʷis-"@cjh	
"tuŋ.1"@cdy	<http://ids.clld.org/values/5-220-418-3>		<http://ids.clld.org/parameters/5-220>		<http://ids.clld.org/values/5-220-232-1>		"'c̷əḳ-"@cjh	
"tuŋ.1"@cdy	<http://ids.clld.org/values/5-220-418-3>		<http://ids.clld.org/parameters/5-220>		<http://ids.clld.org/values/5-220-232-3>		"'ləp-"@cjh	
"tok.8 za.2"@cdy	<http://ids.clld.org/values/4-890-418-1>		<http://ids.clld.org/parameters/4-890>		<http://ids.clld.org/values/4-890-232-1>		"'čini-"@cjh	
"u.4 hjat.7"@cdy	<http://ids.clld.org/values/5-420-418-1>		<http://ids.clld.org/parameters/5-420>		<http://ids.clld.org/values/5-420-232-1>		"'pət-"@cjh	
"tin.4 (1) khwa:i.3"@cdy	<http://ids.clld.org/values/4-940-418-1>		<http://ids.clld.org/parameters/4-940>		<http://ids.clld.org/values/4-940-232-1>		"'ḳˀāχi-"@cjh	
"ta.4 chak.7 ak.7"@cdy	<http://ids.clld.org/values/4-521-418-1>		<http://ids.clld.org/parameters/4-521>		<http://ids.clld.org/values/4-521-232-1>		"'šəkʷˀiy-"@cjh	
"mhi.1 kai.6"@cdy	<http://ids.clld.org/values/4-344-418-1>		<http://ids.clld.org/parameters/4-344>		<http://ids.clld.org/values/4-344-232-1>		"pap-"@cjh	
"hau.2 luŋ.1"@cdy	<http://ids.clld.org/values/4-290-418-1>		<http://ids.clld.org/parameters/4-290>		<http://ids.clld.org/values/4-290-232-1>		"'məḳʷˀ-"@cjh	
"pe.4 khja.1 tü.6"@cdy	<http://ids.clld.org/values/4-221-418-1>		<http://ids.clld.org/parameters/4-221>		<http://ids.clld.org/values/4-221-232-1>		"'liχ-"@cjh	
"sa:i.3"@cdy	<http://ids.clld.org/values/18-310-418-1>		<http://ids.clld.org/parameters/18-310>		<http://ids.clld.org/values/18-310-232-1>		"'sawla-"@cjh	
"jeu.4(1) sək.8"@cdy	<http://ids.clld.org/values/4-451-418-1>		<http://ids.clld.org/parameters/4-451>		<http://ids.clld.org/values/4-451-232-1>		"mə'tˀus-"@cjh	
"ca:u.3"@cdy	<http://ids.clld.org/values/4-345-418-1>		<http://ids.clld.org/parameters/4-345>		<http://ids.clld.org/values/4-345-232-1>		"ɬa'χay-"@cjh	
"khö.1"@cdy	<http://ids.clld.org/values/4-530-418-1>		<http://ids.clld.org/parameters/4-530>		<http://ids.clld.org/values/4-530-232-1>		"'χʷōʔi-"@cjh	
"kiu.3"@cdy	<http://ids.clld.org/values/10-740-418-1>		<http://ids.clld.org/parameters/10-740>		<http://ids.clld.org/values/10-740-232-1>		"'tiwat-"@cjh	
"lja:m.5"@cdy	<http://ids.clld.org/values/4-590-418-1>		<http://ids.clld.org/parameters/4-590>		<http://ids.clld.org/values/4-590-232-1>		"'tˀaḳʷa-"@cjh	
"ta:u.1"@cdy	<http://ids.clld.org/values/1-250-418-1>		<http://ids.clld.org/parameters/1-250>		<http://ids.clld.org/values/1-250-232-1>		"tˀa'čǣʔ"@cjh	
"ćo.4 ha.1"@cdy	<http://ids.clld.org/values/4-300-418-1>		<http://ids.clld.org/parameters/4-300>		<http://ids.clld.org/values/4-300-232-1>		"'tˀəčˀ-"@cjh	
"hwon.1"@cdy	<http://ids.clld.org/values/1-750-418-3>		<http://ids.clld.org/parameters/1-750>		<http://ids.clld.org/values/1-750-232-1>		"χa'silˀ"@cjh	
"lək.8"@cdy	<http://ids.clld.org/values/12-550-418-1>		<http://ids.clld.org/parameters/12-550>		<http://ids.clld.org/values/12-550-232-1>		"'kʷac̷"@cjh	
"za.2"@cdy	<http://ids.clld.org/values/4-880-418-1>		<http://ids.clld.org/parameters/4-880>		<http://ids.clld.org/values/4-880-232-1>		"ʔa'yōʔi-"@cjh	
"hu.2"@cdy	<http://ids.clld.org/values/1-330-418-1>		<http://ids.clld.org/parameters/1-330>		<http://ids.clld.org/values/1-330-232-1>		"'c̷alaʔɬ-"@cjh	
"shəŋ.3 taŋ.2"@cdy	<http://ids.clld.org/values/4-630-418-1>		<http://ids.clld.org/parameters/4-630>		<http://ids.clld.org/values/4-630-232-1>		"'pˀala-"@cjh	
"hjuŋ.1"@cdy	<http://ids.clld.org/values/16-810-418-3>		<http://ids.clld.org/parameters/16-810>		<http://ids.clld.org/values/16-810-232-1>		"'ʔəy"@cjh	
"la.1"@cdy	<http://ids.clld.org/values/4-210-418-1>		<http://ids.clld.org/parameters/4-210>		<http://ids.clld.org/values/4-210-232-1>		"'tawˀ"@cjh	
"pok.8"@cdy	<http://ids.clld.org/values/1-324-418-1>		<http://ids.clld.org/parameters/1-324>		<http://ids.clld.org/values/1-324-232-1>		"'payin-"@cjh	
"mhe.1"@cdy	<http://ids.clld.org/values/4-980-418-1>		<http://ids.clld.org/parameters/4-980>		<http://ids.clld.org/values/4-980-232-1>		"'lam"@cjh	
"mhe.1"@cdy	<http://ids.clld.org/values/4-980-418-1>		<http://ids.clld.org/parameters/4-980>		<http://ids.clld.org/values/4-980-232-3>		"'ḳʷōʔ"@cjh	
"fu:ŋ.4 kha.3"@cdy	<http://ids.clld.org/values/12-30-418-1>		<http://ids.clld.org/parameters/12-30>		<http://ids.clld.org/values/12-30-232-1>		"'ɬa-"@cjh	
"ńok.8"@cdy	<http://ids.clld.org/values/3-581-418-1>		<http://ids.clld.org/parameters/3-581>		<http://ids.clld.org/values/3-581-232-1>		"'pēps-"@cjh	
"ka:ŋ.1"@cdy	<http://ids.clld.org/values/15-570-418-1>		<http://ids.clld.org/parameters/15-570>		<http://ids.clld.org/values/15-570-232-1>		"ḳə'ləχ"@cjh	
"nam.1"@cdy	<http://ids.clld.org/values/15-650-418-1>		<http://ids.clld.org/parameters/15-650>		<http://ids.clld.org/values/15-650-232-1>		"'nəḳ-"@cjh	
"nən.2 pa.2"@cdy	<http://ids.clld.org/values/4-860-418-3>		<http://ids.clld.org/parameters/4-860>		<http://ids.clld.org/values/4-860-232-1>		"'pəlxʷ-"@cjh	
"mit.8"@cdy	<http://ids.clld.org/values/3-820-418-1>		<http://ids.clld.org/parameters/3-820>		<http://ids.clld.org/values/3-820-232-1>		"ḳʷa'təm-"@cjh	
"can.6"@cdy	<http://ids.clld.org/values/20-130-418-1>		<http://ids.clld.org/parameters/20-130>		<http://ids.clld.org/values/20-130-232-1>		"'yupi-"@cjh	
"shjen.6"@cdy	<http://ids.clld.org/values/20-250-418-1>		<http://ids.clld.org/parameters/20-250>		<http://ids.clld.org/values/20-250-232-1>		"χəl'χaʔs-"@cjh	
"ja.3 shok.7"@cdy	<http://ids.clld.org/values/3-110-418-1>		<http://ids.clld.org/parameters/3-110>		<http://ids.clld.org/values/3-110-232-1>		"'χəs"@cjh	
"chok.7 seŋ.1"@cdy	<http://ids.clld.org/values/3-200-418-1>		<http://ids.clld.org/parameters/3-200>		<http://ids.clld.org/values/3-200-232-1>		"'mus"@cjh	
"chuŋ.4 ceŋ.1"@cdy	<http://ids.clld.org/values/4-372-418-1>		<http://ids.clld.org/parameters/4-372>		<http://ids.clld.org/values/4-372-232-1>		"'ʔaw-"@cjh	
"ńok.8 pa:k.7"@cdy	<http://ids.clld.org/values/4-241-418-1>		<http://ids.clld.org/parameters/4-241>		<http://ids.clld.org/values/4-241-232-1>		"'ɬəkʷˀ-"@cjh	
"ɨŋ.4(3) shai.3"@cdy	<http://ids.clld.org/values/1-630-418-3>		<http://ids.clld.org/parameters/1-630>		<http://ids.clld.org/values/1-630-232-3>		"ḳaḳ-"@cjh	
"ɨŋ.4(3) shai.3"@cdy	<http://ids.clld.org/values/1-630-418-3>		<http://ids.clld.org/parameters/1-630>		<http://ids.clld.org/values/1-630-232-1>		"'taḳa-"@cjh	
"no.4 ni.6"@cdy	<http://ids.clld.org/values/2-250-418-1>		<http://ids.clld.org/parameters/2-250>		<http://ids.clld.org/values/2-250-232-1>		"ɬt-"@cjh	
"ni.4 pa.4"@cdy	<http://ids.clld.org/values/3-920-418-1>		<http://ids.clld.org/parameters/3-920>		<http://ids.clld.org/values/3-920-232-1>		"χa'lewχalu"@cjh	
"ću.5"@cdy	<http://ids.clld.org/values/1-760-418-1>		<http://ids.clld.org/parameters/1-760>		<http://ids.clld.org/values/1-760-232-1>		"'ɬaḳʷˀ-"@cjh	
"la:m.2"@cdy	<http://ids.clld.org/values/9-760-418-1>		<http://ids.clld.org/parameters/9-760>		<http://ids.clld.org/values/9-760-232-1>		"'ḳāʔ"@cjh	
"jok.2 lhap.7"@cdy	<http://ids.clld.org/values/14-451-418-3>		<http://ids.clld.org/parameters/14-451>		<http://ids.clld.org/values/14-451-232-1>		"ɬu'kʷaɬ"@cjh	
"fok.7"@cdy	<http://ids.clld.org/values/4-853-418-1>		<http://ids.clld.org/parameters/4-853>		<http://ids.clld.org/values/4-853-232-1>		"pu'su-"@cjh	
"lu.4 kuŋ.4 cuŋ.3"@cdy	<http://ids.clld.org/values/3-814-418-1>		<http://ids.clld.org/parameters/3-814>		<http://ids.clld.org/values/3-814-232-1>		"'ʔaxʷpˀaḳˀimɬn"@cjh	
"jin.1 wi.6"@cdy	<http://ids.clld.org/values/17-520-418-1>		<http://ids.clld.org/parameters/17-520>		<http://ids.clld.org/values/17-520-232-1>		"ḳas"@cjh	
"ńa.2 la.1 sən.1"@cdy	<http://ids.clld.org/values/4-214-418-1>		<http://ids.clld.org/parameters/4-214>		<http://ids.clld.org/values/4-214-232-1>		"'c̷ˀipxʷ-"@cjh	
"ćo.3 ko.6"@cdy	<http://ids.clld.org/values/4-360-418-1>		<http://ids.clld.org/parameters/4-360>		<http://ids.clld.org/values/4-360-232-1>		"ta'nˀis-"@cjh	
"ća:i.6"@cdy	<http://ids.clld.org/values/1-220-418-1>		<http://ids.clld.org/parameters/1-220>		<http://ids.clld.org/values/1-220-232-1>		"'maniči-"@cjh	
"ća:i.6"@cdy	<http://ids.clld.org/values/1-220-418-1>		<http://ids.clld.org/parameters/1-220>		<http://ids.clld.org/values/1-220-232-3>		"'məkʷˀ-"@cjh	
"mi.4 ciŋ.5"@cdy	<http://ids.clld.org/values/8-550-418-1>		<http://ids.clld.org/parameters/8-550>		<http://ids.clld.org/values/8-550-232-1>		"'čˀālˀaš-"@cjh	
"che.3 lu.2"@cdy	<http://ids.clld.org/values/4-612-418-1>		<http://ids.clld.org/parameters/4-612>		<http://ids.clld.org/values/4-612-232-1>		"'χʷōlan-"@cjh	
"ta:m.2 / ta:ŋ.2"@cdy	<http://ids.clld.org/values/4-560-418-3>		<http://ids.clld.org/parameters/4-560>		<http://ids.clld.org/values/4-560-232-3>		"'ḳāʔ"@cjh	
"ta:m.2 / ta:ŋ.2"@cdy	<http://ids.clld.org/values/4-560-418-3>		<http://ids.clld.org/parameters/4-560>		<http://ids.clld.org/values/4-560-232-1>		"'təχʷs-"@cjh	
"ćo.3 no.3"@cdy	<http://ids.clld.org/values/4-203-418-1>		<http://ids.clld.org/parameters/4-203>		<http://ids.clld.org/values/4-203-232-1>		"tɬˀa'laš"@cjh	
"ćo.3 no.3"@cdy	<http://ids.clld.org/values/4-203-418-1>		<http://ids.clld.org/parameters/4-203>		<http://ids.clld.org/values/4-203-232-3>		"'yəc̷ḳ-"@cjh	
"njeŋ.2 ka:ŋ.1"@cdy	<http://ids.clld.org/values/1-530-418-1>		<http://ids.clld.org/parameters/1-530>		<http://ids.clld.org/values/1-530-232-1>		"ɬu'kʷaɬ"@cjh	
"ləm.4 la.1"@cdy	<http://ids.clld.org/values/16-380-418-1>		<http://ids.clld.org/parameters/16-380>		<http://ids.clld.org/values/16-380-232-1>		"'ḳāʔ"@cjh	
"lum.1"@cdy	<http://ids.clld.org/values/4-854-418-3>		<http://ids.clld.org/parameters/4-854>		<http://ids.clld.org/values/4-854-232-1>		"'c̷ˀaḳa-"@cjh	
"po.2 loŋ.6"@cdy	<http://ids.clld.org/values/1-350-418-1>		<http://ids.clld.org/parameters/1-350>		<http://ids.clld.org/values/1-350-232-1>		"'ʔamaniʔ"@cjh	
"śin.3"@cdy	<http://ids.clld.org/values/1-222-418-1>		<http://ids.clld.org/parameters/1-222>		<http://ids.clld.org/values/1-222-232-1>		"sa'ḳˀilalḳʷˀt"@cjh	
"ŋa.4 pa:k.7"@cdy	<http://ids.clld.org/values/4-520-418-1>		<http://ids.clld.org/parameters/4-520>		<http://ids.clld.org/values/4-520-232-1>		"'c̷ˀawačˀa"@cjh	
"mi.1"@cdy	<http://ids.clld.org/values/4-330-418-1>		<http://ids.clld.org/parameters/4-330>		<http://ids.clld.org/values/4-330-232-1>		"'čališ-"@cjh	
"tau.2 fu.3"@cdy	<http://ids.clld.org/values/9-250-418-1>		<http://ids.clld.org/parameters/9-250>		<http://ids.clld.org/values/9-250-232-1>		"'tɬˀali-"@cjh	
"wi.1"@cdy	<http://ids.clld.org/values/1-810-418-1>		<http://ids.clld.org/parameters/1-810>		<http://ids.clld.org/values/1-810-232-1>		"'ḳʷˀətˀ-"@cjh	
"thjeu.1 chi.6"@cdy	<http://ids.clld.org/values/4-510-418-1>		<http://ids.clld.org/parameters/4-510>		<http://ids.clld.org/values/4-510-232-3>		"'ḳama-"@cjh	
"thjeu.1 chi.6"@cdy	<http://ids.clld.org/values/4-510-418-1>		<http://ids.clld.org/parameters/4-510>		<http://ids.clld.org/values/4-510-232-1>		"tɬˀə'ḳi-"@cjh	
"fa.3"@cdy	<http://ids.clld.org/values/1-730-418-1>		<http://ids.clld.org/parameters/1-730>		<http://ids.clld.org/values/1-730-232-3>		"ti'pi-"@cjh	
"fa.3"@cdy	<http://ids.clld.org/values/1-730-418-1>		<http://ids.clld.org/parameters/1-730>		<http://ids.clld.org/values/1-730-232-1>		"ɬt-"@cjh	
"njeu.5"@cdy	<http://ids.clld.org/values/4-650-418-1>		<http://ids.clld.org/parameters/4-650>		<http://ids.clld.org/values/4-650-232-1>		"'xʷay"@cjh	
"khwa:i.3 sa:m.3"@cdy	<http://ids.clld.org/values/10-451-418-1>		<http://ids.clld.org/parameters/10-451>		<http://ids.clld.org/values/10-451-232-1>		"'tɬˀiḳˀʷ-"@cjh	
"kwa:i.6"@cdy	<http://ids.clld.org/values/16-780-418-1>		<http://ids.clld.org/parameters/16-780>		<http://ids.clld.org/values/16-780-232-1>		"'ɬun-"@cjh	
"khəm.5"@cdy	<http://ids.clld.org/values/1-212-418-1>		<http://ids.clld.org/parameters/1-212>		<http://ids.clld.org/values/1-212-232-1>		"tə'miš-"@cjh	
"muŋ.1"@cdy	<http://ids.clld.org/values/4-970-418-1>		<http://ids.clld.org/parameters/4-970>		<http://ids.clld.org/values/4-970-232-1>		"'ʔəχ-"@cjh	
"muŋ.1"@cdy	<http://ids.clld.org/values/4-970-418-1>		<http://ids.clld.org/parameters/4-970>		<http://ids.clld.org/values/4-970-232-3>		"'tay-"@cjh	
"a.4 ji.2"@cdy	<http://ids.clld.org/values/2-520-418-3>		<http://ids.clld.org/parameters/2-520>		<http://ids.clld.org/values/2-520-232-1>		"'kʷəɬuʔ-"@cjh	
"tin.1 jin.6"@cdy	<http://ids.clld.org/values/4-374-418-1>		<http://ids.clld.org/parameters/4-374>		<http://ids.clld.org/values/4-374-232-1>		"'yəp-"@cjh	
"ha.3"@cdy	<http://ids.clld.org/values/4-760-418-1>		<http://ids.clld.org/parameters/4-760>		<http://ids.clld.org/values/4-760-232-1>		"'tixʷni-"@cjh	
"lap.8 wi.1"@cdy	<http://ids.clld.org/values/1-861-418-1>		<http://ids.clld.org/parameters/1-861>		<http://ids.clld.org/values/1-861-232-1>		"'kʷˀəlčˀ-"@cjh	
"eu.3"@cdy	<http://ids.clld.org/values/9-260-418-1>		<http://ids.clld.org/parameters/9-260>		<http://ids.clld.org/values/9-260-232-1>		"'χətɬˀ-"@cjh	
"mit.8 khuə.1"@cdy	<http://ids.clld.org/values/3-822-418-1>		<http://ids.clld.org/parameters/3-822>		<http://ids.clld.org/values/3-822-232-1>		"'c̷ičs"@cjh	
"uk.7 wan.4"@cdy	<http://ids.clld.org/values/4-550-418-1>		<http://ids.clld.org/parameters/4-550>		<http://ids.clld.org/values/4-550-232-1>		"'χʷəl-"@cjh	
"la.1 pi.2"@cdy	<http://ids.clld.org/values/4-213-418-1>		<http://ids.clld.org/parameters/4-213>		<http://ids.clld.org/values/4-213-232-1>		"'šic̷-"@cjh	
"fən.1"@cdy	<http://ids.clld.org/values/1-750-418-1>		<http://ids.clld.org/parameters/1-750>		<http://ids.clld.org/values/1-750-232-1>		"χa'silˀ"@cjh	
"lu.4(6) sü.3"@cdy	<http://ids.clld.org/values/1-640-418-1>		<http://ids.clld.org/parameters/1-640>		<http://ids.clld.org/values/1-640-232-1>		"'səxʷ-"@cjh	
"lo.3 shai.3 kut.7"@cdy	<http://ids.clld.org/values/4-371-418-1>		<http://ids.clld.org/parameters/4-371>		<http://ids.clld.org/values/4-371-232-1>		"ḳə'muχʷ-"@cjh	
"mhi.1 wan.1"@cdy	<http://ids.clld.org/values/4-321-418-1>		<http://ids.clld.org/parameters/4-321>		<http://ids.clld.org/values/4-321-232-1>		"tˀa'las-"@cjh	
"sha:i.3"@cdy	<http://ids.clld.org/values/4-461-418-1>		<http://ids.clld.org/parameters/4-461>		<http://ids.clld.org/values/4-461-232-1>		"ḳˀə'yaχ-"@cjh	
"təŋ.2 kəm.4"@cdy	<http://ids.clld.org/values/4-463-418-1>		<http://ids.clld.org/parameters/4-463>		<http://ids.clld.org/values/4-463-232-1>		"'čəm-"@cjh	
"sü.3 po.2 lja:ŋ.6"@cdy	<http://ids.clld.org/values/1-770-418-1>		<http://ids.clld.org/parameters/1-770>		<http://ids.clld.org/values/1-770-232-1>		"ḳˀa'xʷa-"@cjh	
"sü.4 shu:n.6"@cdy	<http://ids.clld.org/values/1-362-418-1>		<http://ids.clld.org/parameters/1-362>		<http://ids.clld.org/values/1-362-232-1>		"'pˀalkʷˀ"@cjh	
"sa:i.4 pa.3"@cdy	<http://ids.clld.org/values/4-207-418-3>		<http://ids.clld.org/parameters/4-207>		<http://ids.clld.org/values/4-207-232-1>		"'ḳəl-"@cjh	
"paŋ.3(4) mi.1"@cdy	<http://ids.clld.org/values/4-310-418-1>		<http://ids.clld.org/parameters/4-310>		<http://ids.clld.org/values/4-310-232-1>		"'čališ-"@cjh	
"fa:t.7 ta:u.3"@cdy	<http://ids.clld.org/values/4-841-418-1>		<http://ids.clld.org/parameters/4-841>		<http://ids.clld.org/values/4-841-232-1>		"χʷa'lāʔ"@cjh	
"kho.5 phjai.5"@cdy	<http://ids.clld.org/values/10-560-418-1>		<http://ids.clld.org/parameters/10-560>		<http://ids.clld.org/values/10-560-232-1>		"'yač-"@cjh	
"fe.4"@cdy	<http://ids.clld.org/values/9-440-418-1>		<http://ids.clld.org/parameters/9-440>		<http://ids.clld.org/values/9-440-232-1>		"ḳˀə'laχanˀ"@cjh	
"cau.4"@cdy	<http://ids.clld.org/values/10-610-418-3>		<http://ids.clld.org/parameters/10-610>		<http://ids.clld.org/values/10-610-232-1>		"'ʔam-"@cjh	
"suŋ.3 pha:i.3"@cdy	<http://ids.clld.org/values/4-464-418-1>		<http://ids.clld.org/parameters/4-464>		<http://ids.clld.org/values/4-464-232-1>		"'χʷum-"@cjh	
"ŋa.2 chi.3"@cdy	<http://ids.clld.org/values/4-270-418-1>		<http://ids.clld.org/parameters/4-270>		<http://ids.clld.org/values/4-270-232-1>		"yə'nis-"@cjh	
"ŋa:u.1"@cdy	<http://ids.clld.org/values/4-170-418-1>		<http://ids.clld.org/parameters/4-170>		<http://ids.clld.org/values/4-170-232-1>		"wi'nawˀ"@cjh	
"ca:i.6 fai.4"@cdy	<http://ids.clld.org/values/14-350-418-1>		<http://ids.clld.org/parameters/14-350>		<http://ids.clld.org/values/14-350-232-1>		"'ɬeʔ"@cjh	
"cien.6 kha:ŋ.4"@cdy	<http://ids.clld.org/values/4-830-418-1>		<http://ids.clld.org/parameters/4-830>		<http://ids.clld.org/values/4-830-232-1>		"'c̷ˀəp"@cjh	
"pi.2"@cdy	<http://ids.clld.org/values/4-120-418-1>		<http://ids.clld.org/parameters/4-120>		<http://ids.clld.org/values/4-120-232-1>		"tɬˀ'ʔičɬ-"@cjh	
"pa:k.7 pi.2"@cdy	<http://ids.clld.org/values/4-250-418-1>		<http://ids.clld.org/parameters/4-250>		<http://ids.clld.org/values/4-250-232-1>		"kʷa'təl-"@cjh	
"kin.4 toi.6"@cdy	<http://ids.clld.org/values/20-150-418-1>		<http://ids.clld.org/parameters/20-150>		<http://ids.clld.org/values/20-150-232-1>		"'sulčs"@cjh	
"ku.1"@cdy	<http://ids.clld.org/values/2-520-418-5>		<http://ids.clld.org/parameters/2-520>		<http://ids.clld.org/values/2-520-232-1>		"'kʷəɬuʔ-"@cjh	
"sham.4 tau.2"@cdy	<http://ids.clld.org/values/4-440-418-1>		<http://ids.clld.org/parameters/4-440>		<http://ids.clld.org/values/4-440-232-1>		"'ḳʷəlam-"@cjh	
"na:n.4"@cdy	<http://ids.clld.org/values/4-130-418-1>		<http://ids.clld.org/parameters/4-130>		<http://ids.clld.org/values/4-130-232-1>		"'šic̷-"@cjh	
"ŋa.2 ńan.2"@cdy	<http://ids.clld.org/values/4-271-418-3>		<http://ids.clld.org/parameters/4-271>		<http://ids.clld.org/values/4-271-232-1>		"kʷa'təl-"@cjh	
"wan.1"@cdy	<http://ids.clld.org/values/4-280-418-1>		<http://ids.clld.org/parameters/4-280>		<http://ids.clld.org/values/4-280-232-1>		"'χətɬˀ-"@cjh	
"naŋ.4(1) cəm.2"@cdy	<http://ids.clld.org/values/4-231-418-1>		<http://ids.clld.org/parameters/4-231>		<http://ids.clld.org/values/4-231-232-1>		"lə'pəxʷ-"@cjh	
"mek.8"@cdy	<http://ids.clld.org/values/4-151-418-1>		<http://ids.clld.org/parameters/4-151>		<http://ids.clld.org/values/4-151-232-1>		"wa'səlˀ"@cjh	
"moŋ.6"@cdy	<http://ids.clld.org/values/4-620-418-1>		<http://ids.clld.org/parameters/4-620>		<http://ids.clld.org/values/4-620-232-1>		"'tukʷli-"@cjh	
"liu.2(6) pa:k.7 jü.1"@cdy	<http://ids.clld.org/values/4-591-418-1>		<http://ids.clld.org/parameters/4-591>		<http://ids.clld.org/values/4-591-232-1>		"'c̷ətχ-"@cjh	
"ka:i.6 shjen.6"@cdy	<http://ids.clld.org/values/19-170-418-1>		<http://ids.clld.org/parameters/19-170>		<http://ids.clld.org/values/19-170-232-1>		"'tˀanimi-"@cjh	
"sü.4(3) choŋ.6"@cdy	<http://ids.clld.org/values/1-390-418-1>		<http://ids.clld.org/parameters/1-390>		<http://ids.clld.org/values/1-390-232-1>		"'pup-"@cjh	
"ńi:ŋ.4 cə.4 tap.7"@cdy	<http://ids.clld.org/values/4-281-418-1>		<http://ids.clld.org/parameters/4-281>		<http://ids.clld.org/values/4-281-232-1>		"'ʔaw-"@cjh	
"tau.2 pjen.4"@cdy	<http://ids.clld.org/values/6-921-418-3>		<http://ids.clld.org/parameters/6-921>		<http://ids.clld.org/values/6-921-232-1>		"'ḳˀayac̷ˀi-"@cjh	
"ćhet.7"@cdy	<http://ids.clld.org/values/9-380-418-1>		<http://ids.clld.org/parameters/9-380>		<http://ids.clld.org/values/9-380-232-1>		"'xʷakʷa-"@cjh	
"ŋa:m.3"@cdy	<http://ids.clld.org/values/1-280-418-1>		<http://ids.clld.org/parameters/1-280>		<http://ids.clld.org/values/1-280-232-1>		"ʔac̷'kʷˀalaxʷɬ"@cjh	
"cu.4 kuŋ.1"@cdy	<http://ids.clld.org/values/2-560-418-1>		<http://ids.clld.org/parameters/2-560>		<http://ids.clld.org/values/2-560-232-1>		"'tulap-"@cjh	
"khün.4"@cdy	<http://ids.clld.org/values/12-820-418-1>		<http://ids.clld.org/parameters/12-820>		<http://ids.clld.org/values/12-820-232-1>		"'yəl-"@cjh	
"tim.1"@cdy	<http://ids.clld.org/values/6-410-418-1>		<http://ids.clld.org/parameters/6-410>		<http://ids.clld.org/values/6-410-232-1>		"'lala"@cjh	
"jau.2 tai.6"@cdy	<http://ids.clld.org/values/6-570-418-1>		<http://ids.clld.org/parameters/6-570>		<http://ids.clld.org/values/6-570-232-1>		"'tˀəḳ-"@cjh	
"ci.3"@cdy	<http://ids.clld.org/values/18-560-418-1>		<http://ids.clld.org/parameters/18-560>		<http://ids.clld.org/values/18-560-232-1>		"['pipa]"@cjh	
"ta.4 chiu.1"@cdy	<http://ids.clld.org/values/4-540-418-1>		<http://ids.clld.org/parameters/4-540>		<http://ids.clld.org/values/4-540-232-1>		"'ʔaw-"@cjh	
"shje.6"@cdy	<http://ids.clld.org/values/11-620-418-3>		<http://ids.clld.org/parameters/11-620>		<http://ids.clld.org/values/11-620-232-1>		"'čōyaʔ"@cjh	
"wi.4(1) niŋ.3"@cdy	<http://ids.clld.org/values/1-841-418-1>		<http://ids.clld.org/parameters/1-841>		<http://ids.clld.org/values/1-841-232-1>		"'ḳʷˀaɬ-"@cjh	
"pən.1"@cdy	<http://ids.clld.org/values/1-510-418-1>		<http://ids.clld.org/parameters/1-510>		<http://ids.clld.org/values/1-510-232-1>		"ɬt-"@cjh	
"ćhu.3"@cdy	<http://ids.clld.org/values/4-740-418-1>		<http://ids.clld.org/parameters/4-740>		<http://ids.clld.org/values/4-740-232-1>		"pˀa'luxʷ"@cjh	
"ćhu.3"@cdy	<http://ids.clld.org/values/4-740-418-1>		<http://ids.clld.org/parameters/4-740>		<http://ids.clld.org/values/4-740-232-3>		"'kʷaxʷ-"@cjh	
"kha.4 la:k.7"@cdy	<http://ids.clld.org/values/4-312-418-1>		<http://ids.clld.org/parameters/4-312>		<http://ids.clld.org/values/4-312-232-1>		"'tɬˀəp"@cjh	
"u:n.3"@cdy	<http://ids.clld.org/values/5-330-418-1>		<http://ids.clld.org/parameters/5-330>		<http://ids.clld.org/values/5-330-232-1>		"c̷ə'kʷi-"@cjh	
"pa:n.4 shai.3"@cdy	<http://ids.clld.org/values/7-570-418-1>		<http://ids.clld.org/parameters/7-570>		<http://ids.clld.org/values/7-570-232-1>		"siɬ-"@cjh	
"lau.2 kuŋ.1"@cdy	<http://ids.clld.org/values/20-430-418-1>		<http://ids.clld.org/parameters/20-430>		<http://ids.clld.org/values/20-430-232-1>		"ḳa'li-"@cjh	
"a:m.1 tai.1"@cdy	<http://ids.clld.org/values/4-751-418-1>		<http://ids.clld.org/parameters/4-751>		<http://ids.clld.org/values/4-751-232-1>		"'čˀəɬ-"@cjh	
"ta:u.3"@cdy	<http://ids.clld.org/values/1-851-418-1>		<http://ids.clld.org/parameters/1-851>		<http://ids.clld.org/values/1-851-232-3>		"'kəw-"@cjh	
"ta:u.3"@cdy	<http://ids.clld.org/values/1-851-418-1>		<http://ids.clld.org/parameters/1-851>		<http://ids.clld.org/values/1-851-232-1>		"'ɬəχ-"@cjh	
"la:u.4 ləŋ.1"@cdy	<http://ids.clld.org/values/1-240-418-1>		<http://ids.clld.org/parameters/1-240>		<http://ids.clld.org/values/1-240-232-1>		"'maḳʷam-"@cjh	
"la:u.4 ləŋ.1"@cdy	<http://ids.clld.org/values/1-240-418-1>		<http://ids.clld.org/parameters/1-240>		<http://ids.clld.org/values/1-240-232-3>		"'sac̷ayəḳ"@cjh	
"cəŋ.2"@cdy	<http://ids.clld.org/values/1-370-418-3>		<http://ids.clld.org/parameters/1-370>		<http://ids.clld.org/values/1-370-232-1>		"'c̷iḳʷi-"@cjh	
"cəŋ.2"@cdy	<http://ids.clld.org/values/1-370-418-3>		<http://ids.clld.org/parameters/1-370>		<http://ids.clld.org/values/1-370-232-3>		"'ḳāʔ"@cjh	
"ćo.3 ni.4 mhi.1"@cdy	<http://ids.clld.org/values/4-342-418-1>		<http://ids.clld.org/parameters/4-342>		<http://ids.clld.org/values/4-342-232-1>		"šɬč'tunway-"@cjh	
"cü.2 shai.3"@cdy	<http://ids.clld.org/values/6-760-418-1>		<http://ids.clld.org/parameters/6-760>		<http://ids.clld.org/values/6-760-232-1>		"'tamˀ-"@cjh	
"ljeŋ.4 kaŋ.4 tuŋ.1"@cdy	<http://ids.clld.org/values/1-590-418-1>		<http://ids.clld.org/parameters/1-590>		<http://ids.clld.org/values/1-590-232-1>		"'xʷəplˀḳn"@cjh	
"pe.4 khja.1"@cdy	<http://ids.clld.org/values/4-220-418-1>		<http://ids.clld.org/parameters/4-220>		<http://ids.clld.org/values/4-220-232-1>		"ḳʷˀal-"@cjh	
"ha:m.3"@cdy	<http://ids.clld.org/values/18-410-418-1>		<http://ids.clld.org/parameters/18-410>		<http://ids.clld.org/values/18-410-232-1>		"'tˀəḳʷˀ-"@cjh	
"lök.7"@cdy	<http://ids.clld.org/values/4-570-418-1>		<http://ids.clld.org/parameters/4-570>		<http://ids.clld.org/values/4-570-232-1>		"ɬa'χʷa-"@cjh	
"pe.4 tət.7"@cdy	<http://ids.clld.org/values/4-640-418-1>		<http://ids.clld.org/parameters/4-640>		<http://ids.clld.org/values/4-640-232-1>		"'pōʔ-"@cjh	
"ćo.3 pjam.1"@cdy	<http://ids.clld.org/values/4-140-418-1>		<http://ids.clld.org/parameters/4-140>		<http://ids.clld.org/values/4-140-232-1>		"čˀə'sis-"@cjh	
"hɔŋ.6"@cdy	<http://ids.clld.org/values/5-240-418-1>		<http://ids.clld.org/parameters/5-240>		<http://ids.clld.org/values/5-240-232-3>		"c̷ˀa'χʷasi-"@cjh	
"hɔŋ.6"@cdy	<http://ids.clld.org/values/5-240-418-1>		<http://ids.clld.org/parameters/5-240>		<http://ids.clld.org/values/5-240-232-1>		"'ʔac̷aḳʷi-"@cjh	
"fai.4 sü.3"@cdy	<http://ids.clld.org/values/3-591-418-1>		<http://ids.clld.org/parameters/3-591>		<http://ids.clld.org/values/3-591-232-1>		"wa'yəχ"@cjh	
"lak.8"@cdy	<http://ids.clld.org/values/5-190-418-1>		<http://ids.clld.org/parameters/5-190>		<http://ids.clld.org/values/5-190-232-3>		"'ḳəḳ-"@cjh	
"lak.8"@cdy	<http://ids.clld.org/values/5-190-418-1>		<http://ids.clld.org/parameters/5-190>		<http://ids.clld.org/values/5-190-232-1>		"'mic̷ˀi-"@cjh	
"mok.8"@cdy	<http://ids.clld.org/values/4-232-418-1>		<http://ids.clld.org/parameters/4-232>		<http://ids.clld.org/values/4-232-232-1>		"'tˀəp-"@cjh	
"lak.8"@cdy	<http://ids.clld.org/values/4-950-418-1>		<http://ids.clld.org/parameters/4-950>		<http://ids.clld.org/values/4-950-232-1>		"'təḳ-"@cjh	
"ha.6 ŋo.4"@cdy	<http://ids.clld.org/values/14-451-418-1>		<http://ids.clld.org/parameters/14-451>		<http://ids.clld.org/values/14-451-232-1>		"ɬu'kʷaɬ"@cjh	
"shiu.1 pən.2"@cdy	<http://ids.clld.org/values/14-770-418-1>		<http://ids.clld.org/parameters/14-770>		<http://ids.clld.org/values/14-770-232-1>		"mə'ɬič-"@cjh	
"ju.1"@cdy	<http://ids.clld.org/values/12-80-418-1>		<http://ids.clld.org/parameters/12-80>		<http://ids.clld.org/values/12-80-232-1>		"'tɬˀukʷˀ"@cjh	
"kwan.2"@cdy	<http://ids.clld.org/values/1-830-418-1>		<http://ids.clld.org/parameters/1-830>		<http://ids.clld.org/values/1-830-232-1>		"'ḳʷōʔ"@cjh	
"kwan.2"@cdy	<http://ids.clld.org/values/1-830-418-1>		<http://ids.clld.org/parameters/1-830>		<http://ids.clld.org/values/1-830-232-3>		"'ḳʷˀuχʷ-"@cjh	
"ćo.3 la:i.1"@cdy	<http://ids.clld.org/values/4-146-418-1>		<http://ids.clld.org/parameters/4-146>		<http://ids.clld.org/values/4-146-232-1>		"'ʔiɬn"@cjh	
"la:i.4 lhaŋ.1"@cdy	<http://ids.clld.org/values/16-810-418-1>		<http://ids.clld.org/parameters/16-810>		<http://ids.clld.org/values/16-810-232-1>		"'ʔəy"@cjh	
"ne.4 jok.8"@cdy	<http://ids.clld.org/values/4-820-418-1>		<http://ids.clld.org/parameters/4-820>		<http://ids.clld.org/values/4-820-232-1>		"'xʷən-"@cjh	
"lhap.7"@cdy	<http://ids.clld.org/values/1-620-418-1>		<http://ids.clld.org/parameters/1-620>		<http://ids.clld.org/values/1-620-232-1>		"tˀa'nˀap"@cjh	
"pu.6"@cdy	<http://ids.clld.org/values/4-410-418-1>		<http://ids.clld.org/parameters/4-410>		<http://ids.clld.org/values/4-410-232-1>		"c̷ˀa'mi-"@cjh	
"ću.2"@cdy	<http://ids.clld.org/values/12-830-418-1>		<http://ids.clld.org/parameters/12-830>		<http://ids.clld.org/values/12-830-232-1>		"'pōsaḳˀ-"@cjh	
"sha:i.2(6) la:i.2 fo.1"@cdy	<http://ids.clld.org/values/1-870-418-1>		<http://ids.clld.org/parameters/1-870>		<http://ids.clld.org/values/1-870-232-1>		"'yičˀic̷ˀ"@cjh	
"muŋ.3 lu.2 ji:n.1"@cdy	<http://ids.clld.org/values/1-740-418-1>		<http://ids.clld.org/parameters/1-740>		<http://ids.clld.org/values/1-740-232-1>		"'pˀəɬ-"@cjh	
"fən.1 lək.8"@cdy	<http://ids.clld.org/values/1-580-418-1>		<http://ids.clld.org/parameters/1-580>		<http://ids.clld.org/values/1-580-232-1>		"'χəs"@cjh	
"kut.7"@cdy	<http://ids.clld.org/values/4-160-418-1>		<http://ids.clld.org/parameters/4-160>		<http://ids.clld.org/values/4-160-232-1>		"'šawˀ"@cjh	
"sam.3"@cdy	<http://ids.clld.org/values/2-520-418-1>		<http://ids.clld.org/parameters/2-520>		<http://ids.clld.org/values/2-520-232-1>		"'kʷəɬuʔ-"@cjh	
"kuŋ.2 hjim.6"@cdy	<http://ids.clld.org/values/12-20-418-1>		<http://ids.clld.org/parameters/12-20>		<http://ids.clld.org/values/12-20-232-1>		"'pˀən-"@cjh	
"kwa:t.7"@cdy	<http://ids.clld.org/values/9-461-418-1>		<http://ids.clld.org/parameters/9-461>		<http://ids.clld.org/values/9-461-232-1>		"'kʷˀəlxʷ-"@cjh	
"lət.7"@cdy	<http://ids.clld.org/values/1-880-418-1>		<http://ids.clld.org/parameters/1-880>		<http://ids.clld.org/values/1-880-232-1>		"'χʷā-"@cjh	
"səŋ.1 can.2"@cdy	<http://ids.clld.org/values/10-210-418-1>		<http://ids.clld.org/parameters/10-210>		<http://ids.clld.org/values/10-210-232-1>		"'xʷətˀi-"@cjh	
"ni.4 la:p.8 njaŋ.3"@cdy	<http://ids.clld.org/values/1-550-418-1>		<http://ids.clld.org/parameters/1-550>		<http://ids.clld.org/values/1-550-232-1>		"'ḳʷat-"@cjh	
"khai.1 si.2"@cdy	<http://ids.clld.org/values/14-250-418-1>		<http://ids.clld.org/parameters/14-250>		<http://ids.clld.org/values/14-250-232-1>		"'tulap-"@cjh	
"fa:i.5"@cdy	<http://ids.clld.org/values/16-720-418-1>		<http://ids.clld.org/parameters/16-720>		<http://ids.clld.org/values/16-720-232-1>		"'χəs"@cjh	
"lö.4 la:p.8 njaŋ.3"@cdy	<http://ids.clld.org/values/1-570-418-1>		<http://ids.clld.org/parameters/1-570>		<http://ids.clld.org/values/1-570-232-1>		"'ḳʷat-"@cjh	
"lən.2"@cdy	<http://ids.clld.org/values/4-110-418-1>		<http://ids.clld.org/parameters/4-110>		<http://ids.clld.org/values/4-110-232-1>		"'nawa-"@cjh	
"na.3"@cdy	<http://ids.clld.org/values/4-204-418-1>		<http://ids.clld.org/parameters/4-204>		<http://ids.clld.org/values/4-204-232-1>		"'mus"@cjh	
"na.3"@cdy	<http://ids.clld.org/values/4-204-418-1>		<http://ids.clld.org/parameters/4-204>		<http://ids.clld.org/values/4-204-232-3>		"c̷m-"@cjh	
"ni.4 fai.5"@cdy	<http://ids.clld.org/values/1-520-418-1>		<http://ids.clld.org/parameters/1-520>		<http://ids.clld.org/values/1-520-232-1>		"ɬu'kʷaɬ"@cjh	
"wi.1 phe.1"@cdy	<http://ids.clld.org/values/1-820-418-1>		<http://ids.clld.org/parameters/1-820>		<http://ids.clld.org/values/1-820-232-1>		"'kəw-"@cjh	
"ńa:i.5"@cdy	<http://ids.clld.org/values/5-180-418-1>		<http://ids.clld.org/parameters/5-180>		<http://ids.clld.org/values/5-180-232-1>		"kʷˀa'ya-"@cjh	
"ləm.1"@cdy	<http://ids.clld.org/values/1-720-418-1>		<http://ids.clld.org/parameters/1-720>		<http://ids.clld.org/values/1-720-232-1>		"'ɬəčiyaḳ-"@cjh	
"tin.1"@cdy	<http://ids.clld.org/values/4-370-418-1>		<http://ids.clld.org/parameters/4-370>		<http://ids.clld.org/values/4-370-232-3>		"'tawˀ"@cjh	
"tin.1"@cdy	<http://ids.clld.org/values/4-370-418-1>		<http://ids.clld.org/parameters/4-370>		<http://ids.clld.org/values/4-370-232-1>		"'c̷ulis-"@cjh	
"nu:t.8"@cdy	<http://ids.clld.org/values/4-142-418-1>		<http://ids.clld.org/parameters/4-142>		<http://ids.clld.org/values/4-142-232-1>		"čˀp-"@cjh	
"tü.2"@cdy	<http://ids.clld.org/values/1-440-418-1>		<http://ids.clld.org/parameters/1-440>		<http://ids.clld.org/values/1-440-232-1>		"pa'talan-"@cjh	
"tü.2"@cdy	<http://ids.clld.org/values/1-440-418-1>		<http://ids.clld.org/parameters/1-440>		<http://ids.clld.org/values/1-440-232-3>		"'tawˀ"@cjh	
"tü.2"@cdy	<http://ids.clld.org/values/1-440-418-1>		<http://ids.clld.org/parameters/1-440>		<http://ids.clld.org/values/1-440-232-5>		"'səwin-"@cjh	
"ca:p.7 la.1"@cdy	<http://ids.clld.org/values/4-215-418-1>		<http://ids.clld.org/parameters/4-215>		<http://ids.clld.org/values/4-215-232-1>		"ɬip-"@cjh	
"cəm.2 lö.2"@cdy	<http://ids.clld.org/values/4-430-418-1>		<http://ids.clld.org/parameters/4-430>		<http://ids.clld.org/values/4-430-232-1>		"ma'čiwˀ"@cjh	
"tap.7"@cdy	<http://ids.clld.org/values/4-450-418-1>		<http://ids.clld.org/parameters/4-450>		<http://ids.clld.org/values/4-450-232-1>		"'saʔš"@cjh	
"mok.8 tau.2"@cdy	<http://ids.clld.org/values/1-430-418-1>		<http://ids.clld.org/parameters/1-430>		<http://ids.clld.org/values/1-430-232-1>		"'tɬˀəš-tɬˀaš-"@cjh	
"kjit.7"@cdy	<http://ids.clld.org/values/4-856-418-1>		<http://ids.clld.org/parameters/4-856>		<http://ids.clld.org/values/4-856-232-1>		"pu'su-"@cjh	
"kjit.7"@cdy	<http://ids.clld.org/values/4-856-418-1>		<http://ids.clld.org/parameters/4-856>		<http://ids.clld.org/values/4-856-232-3>		"'ɬəχʷəl-"@cjh	
