"ta:ŋ.2"@cdy	<http://ids.clld.org/values/5-850-418-1>		<http://ids.clld.org/parameters/5-850>		<http://ids.clld.org/values/5-850-242-1>		"sasou sabī"@mot	
"ću:ŋ.3"@cdy	<http://ids.clld.org/values/13-150-418-1>		<http://ids.clld.org/parameters/13-150>		<http://ids.clld.org/values/13-150-242-1>		"škikbeh"@mot	
"na.3 tak.7"@cdy	<http://ids.clld.org/values/4-400-418-1>		<http://ids.clld.org/parameters/4-400>		<http://ids.clld.org/values/4-400-242-1>		"bidū"@mot	
"ha.4 pa.2"@cdy	<http://ids.clld.org/values/4-209-418-1>		<http://ids.clld.org/parameters/4-209>		<http://ids.clld.org/values/4-209-242-1>		"kakā adyi"@mot	
"phuŋ.5"@cdy	<http://ids.clld.org/values/1-213-418-1>		<http://ids.clld.org/parameters/1-213>		<http://ids.clld.org/values/1-213-242-1>		"ihtan-bruki"@mot	
"she.5"@cdy	<http://ids.clld.org/values/12-560-418-1>		<http://ids.clld.org/parameters/12-560>		<http://ids.clld.org/values/12-560-242-3>		"ihtoo"@mot	
"she.5"@cdy	<http://ids.clld.org/values/12-560-418-1>		<http://ids.clld.org/parameters/12-560>		<http://ids.clld.org/values/12-560-242-1>		"baakaĩ"@mot	
"ne.5"@cdy	<http://ids.clld.org/values/4-910-418-1>		<http://ids.clld.org/parameters/4-910>		<http://ids.clld.org/values/4-910-242-1>		"sabaribō"@mot	
"ka:i.5"@cdy	<http://ids.clld.org/values/3-550-418-1>		<http://ids.clld.org/parameters/3-550>		<http://ids.clld.org/values/3-550-242-1>		"kari"@mot	
"thu.4 cü:n.1"@cdy	<http://ids.clld.org/values/7-640-418-1>		<http://ids.clld.org/parameters/7-640>		<http://ids.clld.org/values/7-640-242-1>		"barakay"@mot	
"pu.6 pa:k.7"@cdy	<http://ids.clld.org/values/4-412-418-1>		<http://ids.clld.org/parameters/4-412>		<http://ids.clld.org/values/4-412-242-1>		"tuu"@mot	
"ji:k.7"@cdy	<http://ids.clld.org/values/5-141-418-1>		<http://ids.clld.org/parameters/5-141>		<http://ids.clld.org/values/5-141-242-1>		"išīdobeši"@mot	
"khu:t.7"@cdy	<http://ids.clld.org/values/12-610-418-1>		<http://ids.clld.org/parameters/12-610>		<http://ids.clld.org/values/12-610-242-1>		"yookari"@mot	
"ku.4 nja:ŋ.1"@cdy	<http://ids.clld.org/values/2-261-418-1>		<http://ids.clld.org/parameters/2-261>		<http://ids.clld.org/values/2-261-242-1>		"ašibī dou"@mot	
"nük.7"@cdy	<http://ids.clld.org/values/5-160-418-1>		<http://ids.clld.org/parameters/5-160>		<http://ids.clld.org/values/5-160-242-3>		"dada"@mot	
"nük.7"@cdy	<http://ids.clld.org/values/5-160-418-1>		<http://ids.clld.org/parameters/5-160>		<http://ids.clld.org/values/5-160-242-1>		"tuu aɨgsadyĩ"@mot	
"tha:n.4"@cdy	<http://ids.clld.org/values/1-890-418-1>		<http://ids.clld.org/parameters/1-890>		<http://ids.clld.org/values/1-890-242-1>		"ikogbah"@mot	
"man.2"@cdy	<http://ids.clld.org/values/5-791-418-1>		<http://ids.clld.org/parameters/5-791>		<http://ids.clld.org/values/5-791-242-1>		"ahtooto"@mot	
"lu:n.4"@cdy	<http://ids.clld.org/values/5-181-418-1>		<http://ids.clld.org/parameters/5-181>		<http://ids.clld.org/values/5-181-242-1>		"kurī"@mot	
"a.3"@cdy	<http://ids.clld.org/values/4-960-418-1>		<http://ids.clld.org/parameters/4-960>		<http://ids.clld.org/values/4-960-242-1>		"arikbā"@mot	
"jam.1"@cdy	<http://ids.clld.org/values/1-630-418-1>		<http://ids.clld.org/parameters/1-630>		<http://ids.clld.org/values/1-630-242-1>		"sasaayn"@mot	
"u.4"@cdy	<http://ids.clld.org/values/5-410-418-1>		<http://ids.clld.org/parameters/5-410>		<http://ids.clld.org/values/5-410-242-1>		"karabaseina"@mot	
"piŋ.1"@cdy	<http://ids.clld.org/values/10-370-418-1>		<http://ids.clld.org/parameters/10-370>		<http://ids.clld.org/values/10-370-242-1>		"boohboo oḳadyĩ"@mot	
"niŋ.4 niŋ.3"@cdy	<http://ids.clld.org/values/3-910-418-1>		<http://ids.clld.org/parameters/3-910>		<http://ids.clld.org/values/3-910-242-1>		"bāādukdū"@mot	
"lən.1"@cdy	<http://ids.clld.org/values/2-100-418-1>		<http://ids.clld.org/parameters/2-100>		<http://ids.clld.org/values/2-100-242-1>		"barī"@mot	
"ńam.1 lhap.7"@cdy	<http://ids.clld.org/values/14-420-418-1>		<http://ids.clld.org/parameters/14-420>		<http://ids.clld.org/values/14-420-242-1>		"sɨ̃ɨ̃"@mot	
"pen.2 swen.3"@cdy	<http://ids.clld.org/values/7-540-418-1>		<http://ids.clld.org/parameters/7-540>		<http://ids.clld.org/values/7-540-242-1>		"dāabara"@mot	
"hja:k.7"@cdy	<http://ids.clld.org/values/8-160-418-1>		<http://ids.clld.org/parameters/8-160>		<http://ids.clld.org/values/8-160-242-1>		"watišišeše"@mot	
"hjet.7"@cdy	<http://ids.clld.org/values/4-912-418-1>		<http://ids.clld.org/parameters/4-912>		<http://ids.clld.org/values/4-912-242-1>		"onšikākna"@mot	
"pu.6 nham.3"@cdy	<http://ids.clld.org/values/5-860-418-1>		<http://ids.clld.org/parameters/5-860>		<http://ids.clld.org/values/5-860-242-1>		"ahtuu"@mot	
"map.7"@cdy	<http://ids.clld.org/values/5-125-418-1>		<http://ids.clld.org/parameters/5-125>		<http://ids.clld.org/values/5-125-242-1>		"ããnta"@mot	
"fa.3 kəm.4"@cdy	<http://ids.clld.org/values/1-560-418-1>		<http://ids.clld.org/parameters/1-560>		<http://ids.clld.org/values/1-560-242-1>		"bihdāri"@mot	
"sok.7"@cdy	<http://ids.clld.org/values/2-510-418-1>		<http://ids.clld.org/parameters/2-510>		<http://ids.clld.org/values/2-510-242-1>		"aisī okarā"@mot	
"pa:k.7"@cdy	<http://ids.clld.org/values/4-240-418-1>		<http://ids.clld.org/parameters/4-240>		<http://ids.clld.org/values/4-240-242-1>		"kaḳšuu"@mot	
"nham.3"@cdy	<http://ids.clld.org/values/1-310-418-1>		<http://ids.clld.org/parameters/1-310>		<http://ids.clld.org/values/1-310-242-1>		"šiima"@mot	
"tik.7"@cdy	<http://ids.clld.org/values/13-210-418-1>		<http://ids.clld.org/parameters/13-210>		<http://ids.clld.org/values/13-210-242-1>		"booḳbarik"@mot	
"kuk.7"@cdy	<http://ids.clld.org/values/6-120-418-1>		<http://ids.clld.org/parameters/6-120>		<http://ids.clld.org/values/6-120-242-1>		"duksā"@mot	
"fe.4 tu.2 na.4"@cdy	<http://ids.clld.org/values/4-670-418-1>		<http://ids.clld.org/parameters/4-670>		<http://ids.clld.org/values/4-670-242-1>		"šikbā dikaina"@mot	
"zü.2"@cdy	<http://ids.clld.org/values/3-850-418-1>		<http://ids.clld.org/parameters/3-850>		<http://ids.clld.org/values/3-850-242-1>		"čiidu"@mot	
"lo.4 jiu.6"@cdy	<http://ids.clld.org/values/3-585-418-1>		<http://ids.clld.org/parameters/3-585>		<http://ids.clld.org/values/3-585-242-1>		"ōtakdā"@mot	
"pa:k.7 jü.1"@cdy	<http://ids.clld.org/values/4-560-418-1>		<http://ids.clld.org/parameters/4-560>		<http://ids.clld.org/values/4-560-242-1>		"kurukduu"@mot	
"fe.6"@cdy	<http://ids.clld.org/values/4-441-418-1>		<http://ids.clld.org/parameters/4-441>		<http://ids.clld.org/values/4-441-242-1>		"ašiše"@mot	
"ta:u.1"@cdy	<http://ids.clld.org/values/7-420-418-1>		<http://ids.clld.org/parameters/7-420>		<http://ids.clld.org/values/7-420-242-1>		"kagsãduoyī"@mot	
"shi.5"@cdy	<http://ids.clld.org/values/13-40-418-1>		<http://ids.clld.org/parameters/13-40>		<http://ids.clld.org/values/13-40-242-1>		"asaaridgẽ"@mot	
"jeu.1"@cdy	<http://ids.clld.org/values/4-462-418-1>		<http://ids.clld.org/parameters/4-462>		<http://ids.clld.org/values/4-462-242-1>		"oata"@mot	
"sho.4 ka:p.7"@cdy	<http://ids.clld.org/values/3-816-418-1>		<http://ids.clld.org/parameters/3-816>		<http://ids.clld.org/values/3-816-242-1>		"šokdo"@mot	
"tai.2 lən.1"@cdy	<http://ids.clld.org/values/4-730-418-1>		<http://ids.clld.org/parameters/4-730>		<http://ids.clld.org/values/4-730-242-1>		"bugdama"@mot	
"fa:i.4 nuŋ.4"@cdy	<http://ids.clld.org/values/2-440-418-1>		<http://ids.clld.org/parameters/2-440>		<http://ids.clld.org/values/2-440-242-1>		"asari"@mot	
"wu:ŋ.2 fuŋ.1"@cdy	<http://ids.clld.org/values/3-823-418-3>		<http://ids.clld.org/parameters/3-823>		<http://ids.clld.org/values/3-823-242-1>		"bašinši"@mot	
"je.2"@cdy	<http://ids.clld.org/values/2-910-418-1>		<http://ids.clld.org/parameters/2-910>		<http://ids.clld.org/values/2-910-242-1>		"nãi"@mot	
"shət.7"@cdy	<http://ids.clld.org/values/4-180-418-1>		<http://ids.clld.org/parameters/4-180>		<http://ids.clld.org/values/4-180-242-1>		"arihku"@mot	
"pe.1"@cdy	<http://ids.clld.org/values/14-730-418-1>		<http://ids.clld.org/parameters/14-730>		<http://ids.clld.org/values/14-730-242-1>		"asoḳbari"@mot	
"pɛŋ.2 ti.6"@cdy	<http://ids.clld.org/values/1-230-418-1>		<http://ids.clld.org/parameters/1-230>		<http://ids.clld.org/values/1-230-242-1>		"bẽa"@mot	
"ti.6"@cdy	<http://ids.clld.org/values/1-210-418-1>		<http://ids.clld.org/parameters/1-210>		<http://ids.clld.org/values/1-210-242-1>		"ihtãã"@mot	
"ljep.8"@cdy	<http://ids.clld.org/values/5-122-418-1>		<http://ids.clld.org/parameters/5-122>		<http://ids.clld.org/values/5-122-242-1>		"tagta"@mot	
"thu.5"@cdy	<http://ids.clld.org/values/3-614-418-1>		<http://ids.clld.org/parameters/3-614>		<http://ids.clld.org/values/3-614-242-1>		"bukū"@mot	
"ćo.3"@cdy	<http://ids.clld.org/values/4-200-418-1>		<http://ids.clld.org/parameters/4-200>		<http://ids.clld.org/values/4-200-242-1>		"asaakbah"@mot	
"ćo.3"@cdy	<http://ids.clld.org/values/4-200-418-1>		<http://ids.clld.org/parameters/4-200>		<http://ids.clld.org/values/4-200-242-3>		"asaɨg"@mot	
"ki.4(6) niu.4"@cdy	<http://ids.clld.org/values/2-740-418-1>		<http://ids.clld.org/parameters/2-740>		<http://ids.clld.org/values/2-740-242-1>		"kobokā"@mot	
"sən.1"@cdy	<http://ids.clld.org/values/4-393-418-1>		<http://ids.clld.org/parameters/4-393>		<http://ids.clld.org/values/4-393-242-1>		"ããčĩĩ"@mot	
"ku.4 ni.6"@cdy	<http://ids.clld.org/values/4-492-418-1>		<http://ids.clld.org/parameters/4-492>		<http://ids.clld.org/values/4-492-242-1>		"bašišũ"@mot	
"fan.1 jin.1"@cdy	<http://ids.clld.org/values/2-340-418-1>		<http://ids.clld.org/parameters/2-340>		<http://ids.clld.org/values/2-340-242-1>		"kayākba"@mot	
"mian.2 wa.1"@cdy	<http://ids.clld.org/values/6-240-418-1>		<http://ids.clld.org/parameters/6-240>		<http://ids.clld.org/values/6-240-242-1>		"kalã"@mot	
"kat.7"@cdy	<http://ids.clld.org/values/9-220-418-1>		<http://ids.clld.org/parameters/9-220>		<http://ids.clld.org/values/9-220-242-1>		"aɨgdaḳan"@mot	
"nho.1"@cdy	<http://ids.clld.org/values/15-860-418-1>		<http://ids.clld.org/parameters/15-860>		<http://ids.clld.org/values/15-860-242-1>		"tɨɨšini"@mot	
"sü.3 pha:u.5"@cdy	<http://ids.clld.org/values/4-855-418-1>		<http://ids.clld.org/parameters/4-855>		<http://ids.clld.org/values/4-855-242-1>		"boksoro"@mot	
"meu.4"@cdy	<http://ids.clld.org/values/3-620-418-1>		<http://ids.clld.org/parameters/3-620>		<http://ids.clld.org/values/3-620-242-1>		"biangbiā"@mot	
"zən.4 shai.3"@cdy	<http://ids.clld.org/values/1-540-418-1>		<http://ids.clld.org/parameters/1-540>		<http://ids.clld.org/values/1-540-242-1>		"tootubi"@mot	
"ni.4"@cdy	<http://ids.clld.org/values/2-360-418-1>		<http://ids.clld.org/parameters/2-360>		<http://ids.clld.org/values/2-360-242-1>		"abaama"@mot	
"ni.4 mat.7"@cdy	<http://ids.clld.org/values/3-813-418-1>		<http://ids.clld.org/parameters/3-813>		<http://ids.clld.org/values/3-813-242-1>		"durāba kū"@mot	
"toi.5"@cdy	<http://ids.clld.org/values/16-730-418-1>		<http://ids.clld.org/parameters/16-730>		<http://ids.clld.org/values/16-730-242-1>		"ããkai"@mot	
"fa:ŋ.1"@cdy	<http://ids.clld.org/values/6-350-418-1>		<http://ids.clld.org/parameters/6-350>		<http://ids.clld.org/values/6-350-242-1>		"oḳdyikããn"@mot	
"lo.6"@cdy	<http://ids.clld.org/values/5-640-418-1>		<http://ids.clld.org/parameters/5-640>		<http://ids.clld.org/values/5-640-242-1>		"aribāh"@mot	
"shüen.6 / leu.3"@cdy	<http://ids.clld.org/values/9-343-418-3>		<http://ids.clld.org/parameters/9-343>		<http://ids.clld.org/values/9-343-242-1>		"saɨng-saing"@mot	
"njuŋ.2"@cdy	<http://ids.clld.org/values/4-857-418-1>		<http://ids.clld.org/parameters/4-857>		<http://ids.clld.org/values/4-857-242-1>		"aigsō"@mot	
"ni.4 ta.1 ńe.6"@cdy	<http://ids.clld.org/values/3-832-418-1>		<http://ids.clld.org/parameters/3-832>		<http://ids.clld.org/values/3-832-242-1>		"iširigbi"@mot	
"pe.4 će.4"@cdy	<http://ids.clld.org/values/4-660-418-1>		<http://ids.clld.org/parameters/4-660>		<http://ids.clld.org/values/4-660-242-1>		"ahtū"@mot	
"hwa.3"@cdy	<http://ids.clld.org/values/1-730-418-3>		<http://ids.clld.org/parameters/1-730>		<http://ids.clld.org/values/1-730-242-1>		"nindihkɨ"@mot	
"nən.2"@cdy	<http://ids.clld.org/values/16-710-418-1>		<http://ids.clld.org/parameters/16-710>		<http://ids.clld.org/values/16-710-242-1>		"sasaaini"@mot	
"nən.2"@cdy	<http://ids.clld.org/values/16-710-418-1>		<http://ids.clld.org/parameters/16-710>		<http://ids.clld.org/values/16-710-242-3>		"sabaini"@mot	
"ji:ŋ.4 kjen.3"@cdy	<http://ids.clld.org/values/6-950-418-1>		<http://ids.clld.org/parameters/6-950>		<http://ids.clld.org/values/6-950-242-1>		"yadūiduibai"@mot	
"mi.4"@cdy	<http://ids.clld.org/values/1-420-418-1>		<http://ids.clld.org/parameters/1-420>		<http://ids.clld.org/values/1-420-242-1>		"kaa"@mot	
"tin.4(1) kwa.1"@cdy	<http://ids.clld.org/values/4-350-418-1>		<http://ids.clld.org/parameters/4-350>		<http://ids.clld.org/values/4-350-242-1>		"kain"@mot	
"ja.3 na:n.4"@cdy	<http://ids.clld.org/values/3-110-418-3>		<http://ids.clld.org/parameters/3-110>		<http://ids.clld.org/values/3-110-242-1>		"rugčī"@mot	
"tan.3"@cdy	<http://ids.clld.org/values/8-540-418-1>		<http://ids.clld.org/parameters/8-540>		<http://ids.clld.org/values/8-540-242-1>		"ašišĩĩ"@mot	
"sə.4(1) nun.5"@cdy	<http://ids.clld.org/values/4-144-418-1>		<http://ids.clld.org/parameters/4-144>		<http://ids.clld.org/values/4-144-242-1>		"kāači"@mot	
"pa:k.7 to.1"@cdy	<http://ids.clld.org/values/7-220-418-1>		<http://ids.clld.org/parameters/7-220>		<http://ids.clld.org/values/7-220-242-1>		"unkušū"@mot	
"ti.2 pi:k.7"@cdy	<http://ids.clld.org/values/2-220-418-1>		<http://ids.clld.org/parameters/2-220>		<http://ids.clld.org/values/2-220-242-1>		"byoo"@mot	
"kjau.4"@cdy	<http://ids.clld.org/values/2-510-418-5>		<http://ids.clld.org/parameters/2-510>		<http://ids.clld.org/values/2-510-242-1>		"aisī okarā"@mot	
"phjai.5"@cdy	<http://ids.clld.org/values/12-430-418-1>		<http://ids.clld.org/parameters/12-430>		<http://ids.clld.org/values/12-430-242-1>		"muungdani"@mot	
"mi.2(4) luŋ.2"@cdy	<http://ids.clld.org/values/1-410-418-1>		<http://ids.clld.org/parameters/1-410>		<http://ids.clld.org/values/1-410-242-1>		"itenči"@mot	
"luŋ.2"@cdy	<http://ids.clld.org/values/4-460-418-1>		<http://ids.clld.org/parameters/4-460>		<http://ids.clld.org/values/4-460-242-1>		"išii"@mot	
"luŋ.2"@cdy	<http://ids.clld.org/values/4-460-418-1>		<http://ids.clld.org/parameters/4-460>		<http://ids.clld.org/values/4-460-242-3>		"aišii"@mot	
"sa:m.3"@cdy	<http://ids.clld.org/values/10-450-418-1>		<http://ids.clld.org/parameters/10-450>		<http://ids.clld.org/values/10-450-242-1>		"nyũ"@mot	
"lən.4"@cdy	<http://ids.clld.org/values/12-590-418-1>		<http://ids.clld.org/parameters/12-590>		<http://ids.clld.org/values/12-590-242-1>		"ooḳbarekʔ"@mot	
"pja.3"@cdy	<http://ids.clld.org/values/5-380-418-1>		<http://ids.clld.org/parameters/5-380>		<http://ids.clld.org/values/5-380-242-1>		"baktrusā"@mot	
"məm.6"@cdy	<http://ids.clld.org/values/3-650-418-1>		<http://ids.clld.org/parameters/3-650>		<http://ids.clld.org/values/3-650-242-3>		"katutu"@mot	
"məm.6"@cdy	<http://ids.clld.org/values/3-650-418-1>		<http://ids.clld.org/parameters/3-650>		<http://ids.clld.org/values/3-650-242-1>		"tay"@mot	
"ni.4 nan.2"@cdy	<http://ids.clld.org/values/3-811-418-1>		<http://ids.clld.org/parameters/3-811>		<http://ids.clld.org/values/3-811-242-1>		"kuu"@mot	
"fuŋ.2(1) ləŋ.4"@cdy	<http://ids.clld.org/values/6-450-418-1>		<http://ids.clld.org/parameters/6-450>		<http://ids.clld.org/values/6-450-242-1>		"karāši"@mot	
"śi:ŋ.4 khau.3"@cdy	<http://ids.clld.org/values/4-850-418-3>		<http://ids.clld.org/parameters/4-850>		<http://ids.clld.org/values/4-850-242-1>		"iaiyikākwa"@mot	
"kwi.1"@cdy	<http://ids.clld.org/values/3-980-418-1>		<http://ids.clld.org/parameters/3-980>		<http://ids.clld.org/values/3-980-242-1>		"dãšũ"@mot	
"kö.1"@cdy	<http://ids.clld.org/values/5-810-418-1>		<http://ids.clld.org/parameters/5-810>		<http://ids.clld.org/values/5-810-242-1>		"saabĩ"@mot	
"shan.4(1) shi:k.7"@cdy	<http://ids.clld.org/values/2-810-418-1>		<http://ids.clld.org/parameters/2-810>		<http://ids.clld.org/values/2-810-242-1>		"sadooyī"@mot	
"tak.8 mhu.5"@cdy	<http://ids.clld.org/values/3-320-418-1>		<http://ids.clld.org/parameters/3-320>		<http://ids.clld.org/values/3-320-242-1>		"bisao"@mot	
"lu.2(6) zuə.2"@cdy	<http://ids.clld.org/values/3-583-418-1>		<http://ids.clld.org/parameters/3-583>		<http://ids.clld.org/values/3-583-242-1>		"taāna"@mot	
"la.1 ca:p.7"@cdy	<http://ids.clld.org/values/4-215-418-3>		<http://ids.clld.org/parameters/4-215>		<http://ids.clld.org/values/4-215-242-1>		"oogškegškeg"@mot	
"jim.2 mo.2"@cdy	<http://ids.clld.org/values/4-145-418-1>		<http://ids.clld.org/parameters/4-145>		<http://ids.clld.org/values/4-145-242-1>		"bakači"@mot	
"ćit.8"@cdy	<http://ids.clld.org/values/4-580-418-1>		<http://ids.clld.org/parameters/4-580>		<http://ids.clld.org/values/4-580-242-1>		"baḳosõõ"@mot	
"tak.8 məm.4"@cdy	<http://ids.clld.org/values/3-818-418-1>		<http://ids.clld.org/parameters/3-818>		<http://ids.clld.org/values/3-818-242-1>		"sōhsõ"@mot	
"la.1 sən.1"@cdy	<http://ids.clld.org/values/4-212-418-1>		<http://ids.clld.org/parameters/4-212>		<http://ids.clld.org/values/4-212-242-1>		"māčibaa"@mot	
"pe.4 njeu.5"@cdy	<http://ids.clld.org/values/4-650-418-3>		<http://ids.clld.org/parameters/4-650>		<http://ids.clld.org/values/4-650-242-1>		"itčiki"@mot	
"ji.5 ćim.3"@cdy	<http://ids.clld.org/values/13-140-418-1>		<http://ids.clld.org/parameters/13-140>		<http://ids.clld.org/values/13-140-242-1>		"ĩĩški"@mot	
"ni.4 mət.8"@cdy	<http://ids.clld.org/values/3-817-418-1>		<http://ids.clld.org/parameters/3-817>		<http://ids.clld.org/values/3-817-242-1>		"kumaā"@mot	
"ma.4"@cdy	<http://ids.clld.org/values/3-410-418-1>		<http://ids.clld.org/parameters/3-410>		<http://ids.clld.org/values/3-410-242-1>		"buēragba"@mot	
"tə.0 mə.5"@cdy	<http://ids.clld.org/values/17-640-418-1>		<http://ids.clld.org/parameters/17-640>		<http://ids.clld.org/values/17-640-242-1>		"aybi"@mot	
"tə.0 mə.5"@cdy	<http://ids.clld.org/values/17-640-418-1>		<http://ids.clld.org/parameters/17-640>		<http://ids.clld.org/values/17-640-242-3>		"aybidou"@mot	
"fu:t.7"@cdy	<http://ids.clld.org/values/5-460-418-1>		<http://ids.clld.org/parameters/5-460>		<http://ids.clld.org/values/5-460-242-1>		"šū"@mot	
"cü.4 jan.2 kuŋ.1"@cdy	<http://ids.clld.org/values/2-611-418-1>		<http://ids.clld.org/parameters/2-611>		<http://ids.clld.org/values/2-611-242-1>		"ašīaidā"@mot	
"ćo.3 lu.2"@cdy	<http://ids.clld.org/values/4-202-418-1>		<http://ids.clld.org/parameters/4-202>		<http://ids.clld.org/values/4-202-242-1>		"sākba kalā"@mot	
"hwa.5"@cdy	<http://ids.clld.org/values/8-560-418-1>		<http://ids.clld.org/parameters/8-560>		<http://ids.clld.org/values/8-560-242-1>		"ahḳaadu"@mot	
"khəm.5 jak.7"@cdy	<http://ids.clld.org/values/1-214-418-1>		<http://ids.clld.org/parameters/1-214>		<http://ids.clld.org/values/1-214-242-1>		"barā"@mot	
"ma.4 ljeu.2"@cdy	<http://ids.clld.org/values/3-760-418-1>		<http://ids.clld.org/parameters/3-760>		<http://ids.clld.org/values/3-760-242-1>		"baraši"@mot	
"nhau.1 ji:ŋ.6"@cdy	<http://ids.clld.org/values/17-610-418-1>		<http://ids.clld.org/parameters/17-610>		<http://ids.clld.org/values/17-610-242-1>		"aangka"@mot	
"mu:i.3 ka.1 ni.4"@cdy	<http://ids.clld.org/values/2-620-418-1>		<http://ids.clld.org/parameters/2-620>		<http://ids.clld.org/values/2-620-242-1>		"inaika akairakbā"@mot	
"ta:u.3"@cdy	<http://ids.clld.org/values/9-160-418-1>		<http://ids.clld.org/parameters/9-160>		<http://ids.clld.org/values/9-160-242-1>		"yuukããn"@mot	
"mit.8 ta:ŋ.2"@cdy	<http://ids.clld.org/values/5-840-418-1>		<http://ids.clld.org/parameters/5-840>		<http://ids.clld.org/values/5-840-242-1>		"čiriba"@mot	
"jak.7"@cdy	<http://ids.clld.org/values/15-830-418-1>		<http://ids.clld.org/parameters/15-830>		<http://ids.clld.org/values/15-830-242-1>		"atɨšini"@mot	
"kəp.7"@cdy	<http://ids.clld.org/values/3-950-418-1>		<http://ids.clld.org/parameters/3-950>		<http://ids.clld.org/values/3-950-242-1>		"babā"@mot	
"lak.8 mhi.1"@cdy	<http://ids.clld.org/values/4-340-418-1>		<http://ids.clld.org/parameters/4-340>		<http://ids.clld.org/values/4-340-242-1>		"aḳduu kiokbā"@mot	
"van.1 cuŋ.1"@cdy	<http://ids.clld.org/values/14-410-418-1>		<http://ids.clld.org/parameters/14-410>		<http://ids.clld.org/values/14-410-242-1>		"barikari"@mot	
"sü.3 kuə.3"@cdy	<http://ids.clld.org/values/5-710-418-1>		<http://ids.clld.org/parameters/5-710>		<http://ids.clld.org/values/5-710-242-1>		"kaaraba"@mot	
"hwa.5"@cdy	<http://ids.clld.org/values/4-392-418-1>		<http://ids.clld.org/parameters/4-392>		<http://ids.clld.org/values/4-392-242-1>		"ãčĩĩ"@mot	
"pan.5"@cdy	<http://ids.clld.org/values/1-370-418-1>		<http://ids.clld.org/parameters/1-370>		<http://ids.clld.org/values/1-370-242-1>		"undaghakĩ"@mot	
"la:k.8"@cdy	<http://ids.clld.org/values/2-410-418-1>		<http://ids.clld.org/parameters/2-410>		<http://ids.clld.org/values/2-410-242-1>		"saši"@mot	
"ni.4"@cdy	<http://ids.clld.org/values/3-130-418-1>		<http://ids.clld.org/parameters/3-130>		<http://ids.clld.org/values/3-130-242-1>		"abama"@mot	
"śi:ŋ.4 toŋ.6"@cdy	<http://ids.clld.org/values/4-850-418-1>		<http://ids.clld.org/parameters/4-850>		<http://ids.clld.org/values/4-850-242-1>		"iaiyikākwa"@mot	
"la:u.4"@cdy	<http://ids.clld.org/values/12-50-418-1>		<http://ids.clld.org/parameters/12-50>		<http://ids.clld.org/values/12-50-242-1>		"-ro"@mot	
"ćaŋ.1"@cdy	<http://ids.clld.org/values/8-510-418-1>		<http://ids.clld.org/parameters/8-510>		<http://ids.clld.org/values/8-510-242-1>		"ši"@mot	
"chü.1"@cdy	<http://ids.clld.org/values/10-380-418-1>		<http://ids.clld.org/parameters/10-380>		<http://ids.clld.org/values/10-380-242-1>		"buubãã"@mot	
"mə.2 ju.6"@cdy	<http://ids.clld.org/values/12-410-418-1>		<http://ids.clld.org/parameters/12-410>		<http://ids.clld.org/values/12-410-242-1>		"ããkai"@mot	
"tin.1"@cdy	<http://ids.clld.org/values/4-351-418-1>		<http://ids.clld.org/parameters/4-351>		<http://ids.clld.org/values/4-351-242-1>		"bibīī"@mot	
"wu:ŋ.1"@cdy	<http://ids.clld.org/values/12-580-418-1>		<http://ids.clld.org/parameters/12-580>		<http://ids.clld.org/values/12-580-242-1>		"aḳbakɨ"@mot	
"lam.1"@cdy	<http://ids.clld.org/values/1-380-418-1>		<http://ids.clld.org/parameters/1-380>		<http://ids.clld.org/values/1-380-242-1>		"barona"@mot	
"pa.4 ci:ŋ.3"@cdy	<http://ids.clld.org/values/4-331-418-1>		<http://ids.clld.org/parameters/4-331>		<http://ids.clld.org/values/4-331-242-1>		"aḳduu būgda"@mot	
"zü.6"@cdy	<http://ids.clld.org/values/12-130-418-1>		<http://ids.clld.org/parameters/12-130>		<http://ids.clld.org/values/12-130-242-1>		"kaani"@mot	
"ćam.1"@cdy	<http://ids.clld.org/values/2-522-418-1>		<http://ids.clld.org/parameters/2-522>		<http://ids.clld.org/values/2-522-242-1>		"ataida si"@mot	
"cə.1"@cdy	<http://ids.clld.org/values/5-110-418-1>		<http://ids.clld.org/parameters/5-110>		<http://ids.clld.org/values/5-110-242-1>		"karabaseɨba"@mot	
"mha:n.3"@cdy	<http://ids.clld.org/values/15-690-418-1>		<http://ids.clld.org/parameters/15-690>		<http://ids.clld.org/values/15-690-242-1>		"karikã ašungdu"@mot	
"luk.7 lən.2"@cdy	<http://ids.clld.org/values/4-690-418-1>		<http://ids.clld.org/parameters/4-690>		<http://ids.clld.org/values/4-690-242-1>		"aobēēbe"@mot	
"tai.1"@cdy	<http://ids.clld.org/values/4-750-418-1>		<http://ids.clld.org/parameters/4-750>		<http://ids.clld.org/values/4-750-242-1>		"širɨ̃ aḳbaikãng"@mot	
"ma.2"@cdy	<http://ids.clld.org/values/4-260-418-1>		<http://ids.clld.org/parameters/4-260>		<http://ids.clld.org/values/4-260-242-1>		"kobẽ"@mot	
"khü.3"@cdy	<http://ids.clld.org/values/3-940-418-1>		<http://ids.clld.org/parameters/3-940>		<http://ids.clld.org/values/3-940-242-1>		"kiugtū"@mot	
"fa:t.8 ńin.1"@cdy	<http://ids.clld.org/values/15-210-418-1>		<http://ids.clld.org/parameters/15-210>		<http://ids.clld.org/values/15-210-242-1>		"aantukãã"@mot	
"ko.4 ko.6"@cdy	<http://ids.clld.org/values/2-444-418-3>		<http://ids.clld.org/parameters/2-444>		<http://ids.clld.org/values/2-444-242-1>		"asāri iddō šōbimai"@mot	
"lje.1"@cdy	<http://ids.clld.org/values/2-940-418-1>		<http://ids.clld.org/parameters/2-940>		<http://ids.clld.org/values/2-940-242-1>		"čyiidyi"@mot	
"mha.1"@cdy	<http://ids.clld.org/values/3-610-418-1>		<http://ids.clld.org/parameters/3-610>		<http://ids.clld.org/values/3-610-242-1>		"ḍuraaba"@mot	
"cəŋ.3 nən.2"@cdy	<http://ids.clld.org/values/4-860-418-1>		<http://ids.clld.org/parameters/4-860>		<http://ids.clld.org/values/4-860-242-1>		"boāimai"@mot	
"la:n.4"@cdy	<http://ids.clld.org/values/4-920-418-1>		<http://ids.clld.org/parameters/4-920>		<http://ids.clld.org/values/4-920-242-1>		"aktarã"@mot	
"pia:u.4 ta:i.6pia:u.4 mai.4"@cdy	<http://ids.clld.org/values/2-550-418-3>		<http://ids.clld.org/parameters/2-550>		<http://ids.clld.org/values/2-550-242-1>		"sāya sašī"@mot	
"pia:u.4 ta:i.6pia:u.4 mai.4"@cdy	<http://ids.clld.org/values/2-550-418-3>		<http://ids.clld.org/parameters/2-550>		<http://ids.clld.org/values/2-550-242-3>		"sāya ša"@mot	
"fuk.7"@cdy	<http://ids.clld.org/values/1-840-418-1>		<http://ids.clld.org/parameters/1-840>		<http://ids.clld.org/values/1-840-242-1>		"ibuungdyi"@mot	
"ni.1"@cdy	<http://ids.clld.org/values/1-360-418-1>		<http://ids.clld.org/parameters/1-360>		<http://ids.clld.org/values/1-360-242-1>		"bohgī"@mot	
"mhi.1 cau.3"@cdy	<http://ids.clld.org/values/4-320-418-1>		<http://ids.clld.org/parameters/4-320>		<http://ids.clld.org/values/4-320-242-1>		"obāā"@mot	
"ta.4 la:i.1"@cdy	<http://ids.clld.org/values/4-190-418-1>		<http://ids.clld.org/parameters/4-190>		<http://ids.clld.org/values/4-190-242-1>		"kwĩ"@mot	
"lak.8 lən.3(1) ti.4"@cdy	<http://ids.clld.org/values/2-270-418-1>		<http://ids.clld.org/parameters/2-270>		<http://ids.clld.org/values/2-270-242-1>		"asaaši"@mot	
"fa:i.4"@cdy	<http://ids.clld.org/values/2-444-418-1>		<http://ids.clld.org/parameters/2-444>		<http://ids.clld.org/values/2-444-242-1>		"asāri iddō šōbimai"@mot	
"la:k.8 pi:k.7"@cdy	<http://ids.clld.org/values/2-420-418-1>		<http://ids.clld.org/parameters/2-420>		<http://ids.clld.org/values/2-420-242-1>		"ša"@mot	
"peŋ.6"@cdy	<http://ids.clld.org/values/4-840-418-1>		<http://ids.clld.org/parameters/4-840>		<http://ids.clld.org/values/4-840-242-1>		"sašini"@mot	
"khu.6"@cdy	<http://ids.clld.org/values/6-480-418-1>		<http://ids.clld.org/parameters/6-480>		<http://ids.clld.org/values/6-480-242-1>		"ašiõkba"@mot	
"mə.2 shö.4"@cdy	<http://ids.clld.org/values/12-420-418-1>		<http://ids.clld.org/parameters/12-420>		<http://ids.clld.org/values/12-420-242-1>		"miikã"@mot	
"lü.4 cü.1"@cdy	<http://ids.clld.org/values/6-370-418-1>		<http://ids.clld.org/parameters/6-370>		<http://ids.clld.org/values/6-370-242-1>		"ihbaĩkaddū"@mot	
"kut.7 ci.1 phəŋ.1"@cdy	<http://ids.clld.org/values/4-162-418-1>		<http://ids.clld.org/parameters/4-162>		<http://ids.clld.org/values/4-162-242-1>		"ačičinda"@mot	
"wən.3(5) ljen.6"@cdy	<http://ids.clld.org/values/6-750-418-1>		<http://ids.clld.org/parameters/6-750>		<http://ids.clld.org/values/6-750-242-1>		"karahšī"@mot	
"mi.4 coŋ.1"@cdy	<http://ids.clld.org/values/7-560-418-1>		<http://ids.clld.org/parameters/7-560>		<http://ids.clld.org/values/7-560-242-1>		"kakbaibai"@mot	
"mi.4"@cdy	<http://ids.clld.org/values/8-600-418-1>		<http://ids.clld.org/parameters/8-600>		<http://ids.clld.org/values/8-600-242-1>		"kãa"@mot	
"jit.7"@cdy	<http://ids.clld.org/values/13-10-418-1>		<http://ids.clld.org/parameters/13-10>		<http://ids.clld.org/values/13-10-242-1>		"ĩĩtoupʔ"@mot	
"pa.5"@cdy	<http://ids.clld.org/values/2-510-418-3>		<http://ids.clld.org/parameters/2-510>		<http://ids.clld.org/values/2-510-242-1>		"aisī okarā"@mot	
"ci.4 ni.4"@cdy	<http://ids.clld.org/values/2-720-418-1>		<http://ids.clld.org/parameters/2-720>		<http://ids.clld.org/values/2-720-242-1>		"abāama"@mot	
"khwi.1"@cdy	<http://ids.clld.org/values/16-530-418-1>		<http://ids.clld.org/parameters/16-530>		<http://ids.clld.org/values/16-530-242-1>		"doḳtosõn"@mot	
"mit.8 la:p.7"@cdy	<http://ids.clld.org/values/3-821-418-1>		<http://ids.clld.org/parameters/3-821>		<http://ids.clld.org/values/3-821-242-1>		"arōhkogbā"@mot	
"ni.4 nun.1"@cdy	<http://ids.clld.org/values/3-840-418-1>		<http://ids.clld.org/parameters/3-840>		<http://ids.clld.org/values/3-840-242-1>		"iširabaa"@mot	
"naŋ.1"@cdy	<http://ids.clld.org/values/4-230-418-1>		<http://ids.clld.org/parameters/4-230>		<http://ids.clld.org/values/4-230-242-1>		"ḍiisa"@mot	
"ɔ.1"@cdy	<http://ids.clld.org/values/5-220-418-1>		<http://ids.clld.org/parameters/5-220>		<http://ids.clld.org/values/5-220-242-1>		"ašũdokwari"@mot	
"lak.8 lən.3(1) teŋ.4"@cdy	<http://ids.clld.org/values/2-280-418-1>		<http://ids.clld.org/parameters/2-280>		<http://ids.clld.org/values/2-280-242-1>		"bahkuī"@mot	
"me.2 łək.8"@cdy	<http://ids.clld.org/values/4-810-418-1>		<http://ids.clld.org/parameters/4-810>		<http://ids.clld.org/values/4-810-242-1>		"karābari"@mot	
"lu:n.4 wan.4"@cdy	<http://ids.clld.org/values/4-490-418-1>		<http://ids.clld.org/parameters/4-490>		<http://ids.clld.org/values/4-490-242-1>		"ok'bā"@mot	
"na:m.2"@cdy	<http://ids.clld.org/values/2-230-418-3>		<http://ids.clld.org/parameters/2-230>		<http://ids.clld.org/values/2-230-242-1>		"ataida"@mot	
"khiŋ.3"@cdy	<http://ids.clld.org/values/1-215-418-1>		<http://ids.clld.org/parameters/1-215>		<http://ids.clld.org/values/1-215-242-1>		"ũũngda"@mot	
"pu:n.3"@cdy	<http://ids.clld.org/values/5-320-418-1>		<http://ids.clld.org/parameters/5-320>		<http://ids.clld.org/values/5-320-242-1>		"dado"@mot	
"sai.3 ća:i.6"@cdy	<http://ids.clld.org/values/1-100-418-1>		<http://ids.clld.org/parameters/1-100>		<http://ids.clld.org/values/1-100-242-1>		"ihtãã"@mot	
"lak.8 ni.1"@cdy	<http://ids.clld.org/values/1-360-418-3>		<http://ids.clld.org/parameters/1-360>		<http://ids.clld.org/values/1-360-242-1>		"bohgī"@mot	
"phja:t.7"@cdy	<http://ids.clld.org/values/4-150-418-1>		<http://ids.clld.org/parameters/4-150>		<http://ids.clld.org/values/4-150-242-1>		"aabi"@mot	
"ńa:u.6"@cdy	<http://ids.clld.org/values/7-110-418-1>		<http://ids.clld.org/parameters/7-110>		<http://ids.clld.org/values/7-110-242-1>		"baadarī"@mot	
"uk.7 seŋ.1"@cdy	<http://ids.clld.org/values/4-720-418-1>		<http://ids.clld.org/parameters/4-720>		<http://ids.clld.org/values/4-720-242-1>		"šo"@mot	
"na:n.4"@cdy	<http://ids.clld.org/values/5-610-418-1>		<http://ids.clld.org/parameters/5-610>		<http://ids.clld.org/values/5-610-242-1>		"aaidyi"@mot	
"cham.1"@cdy	<http://ids.clld.org/values/6-360-418-1>		<http://ids.clld.org/parameters/6-360>		<http://ids.clld.org/values/6-360-242-1>		"ihbeĩkaddū"@mot	
"tak.8"@cdy	<http://ids.clld.org/values/3-120-418-1>		<http://ids.clld.org/parameters/3-120>		<http://ids.clld.org/values/3-120-242-1>		"ataida"@mot	
"mi.4 pi.2"@cdy	<http://ids.clld.org/values/8-750-418-1>		<http://ids.clld.org/parameters/8-750>		<http://ids.clld.org/values/8-750-242-1>		"aɨgšuu"@mot	
"thoi.1"@cdy	<http://ids.clld.org/values/10-670-418-3>		<http://ids.clld.org/parameters/10-670>		<http://ids.clld.org/values/10-670-242-1>		"iroḳdaḳaan"@mot	
"ća:ŋ.3"@cdy	<http://ids.clld.org/values/18-220-418-1>		<http://ids.clld.org/parameters/18-220>		<http://ids.clld.org/values/18-220-242-1>		"iibaḳan"@mot	
"lak.8 tin.4(1) ćo.3"@cdy	<http://ids.clld.org/values/4-380-418-1>		<http://ids.clld.org/parameters/4-380>		<http://ids.clld.org/values/4-380-242-1>		"kuhtū biktrikbī"@mot	
"tha:m.3"@cdy	<http://ids.clld.org/values/7-422-418-1>		<http://ids.clld.org/parameters/7-422>		<http://ids.clld.org/values/7-422-242-1>		"šanšān"@mot	
"kwa:t.7"@cdy	<http://ids.clld.org/values/8-220-418-1>		<http://ids.clld.org/parameters/8-220>		<http://ids.clld.org/values/8-220-242-1>		"okdyikããn"@mot	
"la:k.7"@cdy	<http://ids.clld.org/values/9-190-418-1>		<http://ids.clld.org/parameters/9-190>		<http://ids.clld.org/values/9-190-242-1>		"kaaḳšibu"@mot	
"la:k.7"@cdy	<http://ids.clld.org/values/9-190-418-1>		<http://ids.clld.org/parameters/9-190>		<http://ids.clld.org/values/9-190-242-3>		"bwaisaɨg"@mot	
"pja:u.4 shö.1"@cdy	<http://ids.clld.org/values/6-340-418-1>		<http://ids.clld.org/parameters/6-340>		<http://ids.clld.org/values/6-340-242-1>		"kāna"@mot	
"pa:ŋ.2"@cdy	<http://ids.clld.org/values/12-650-418-1>		<http://ids.clld.org/parameters/12-650>		<http://ids.clld.org/values/12-650-242-1>		"ihtoo"@mot	
"pa.1"@cdy	<http://ids.clld.org/values/4-858-418-1>		<http://ids.clld.org/parameters/4-858>		<http://ids.clld.org/values/4-858-242-1>		"kahkā"@mot	
"lha:n.3"@cdy	<http://ids.clld.org/values/15-660-418-1>		<http://ids.clld.org/parameters/15-660>		<http://ids.clld.org/values/15-660-242-1>		"bohḳaraa"@mot	
"fok.7 lək.8"@cdy	<http://ids.clld.org/values/4-854-418-1>		<http://ids.clld.org/parameters/4-854>		<http://ids.clld.org/values/4-854-242-1>		"alošīni"@mot	
"wu:ŋ.3"@cdy	<http://ids.clld.org/values/15-690-418-3>		<http://ids.clld.org/parameters/15-690>		<http://ids.clld.org/values/15-690-242-1>		"karikã ašungdu"@mot	
"hiu.1"@cdy	<http://ids.clld.org/values/5-124-418-1>		<http://ids.clld.org/parameters/5-124>		<http://ids.clld.org/values/5-124-242-1>		"tahta"@mot	
"wi.1 kwan.2"@cdy	<http://ids.clld.org/values/1-830-418-3>		<http://ids.clld.org/parameters/1-830>		<http://ids.clld.org/values/1-830-242-1>		"iiraḳbah"@mot	
"nhjak.7"@cdy	<http://ids.clld.org/values/4-610-418-1>		<http://ids.clld.org/parameters/4-610>		<http://ids.clld.org/values/4-610-242-3>		"ooškɨkʔ"@mot	
"nhjak.7"@cdy	<http://ids.clld.org/values/4-610-418-1>		<http://ids.clld.org/parameters/4-610>		<http://ids.clld.org/values/4-610-242-1>		"kabukãng"@mot	
"na.3 pja:k.7"@cdy	<http://ids.clld.org/values/4-205-418-1>		<http://ids.clld.org/parameters/4-205>		<http://ids.clld.org/values/4-205-242-1>		"dokbā"@mot	
"tuŋ.1"@cdy	<http://ids.clld.org/values/5-220-418-3>		<http://ids.clld.org/parameters/5-220>		<http://ids.clld.org/values/5-220-242-1>		"ašũdokwari"@mot	
"pa:n.1"@cdy	<http://ids.clld.org/values/2-310-418-1>		<http://ids.clld.org/parameters/2-310>		<http://ids.clld.org/values/2-310-242-1>		"aataida"@mot	
"om.5 jam.1"@cdy	<http://ids.clld.org/values/3-596-418-1>		<http://ids.clld.org/parameters/3-596>		<http://ids.clld.org/values/3-596-242-1>		"bigtuu"@mot	
"kə.2 la:u.4 cü.3"@cdy	<http://ids.clld.org/values/2-461-418-1>		<http://ids.clld.org/parameters/2-461>		<http://ids.clld.org/values/2-461-242-1>		"sagdou"@mot	
"tok.7"@cdy	<http://ids.clld.org/values/10-230-418-1>		<http://ids.clld.org/parameters/10-230>		<http://ids.clld.org/values/10-230-242-1>		"baɨgkirakbã"@mot	
"tin.4 (1) khwa:i.3"@cdy	<http://ids.clld.org/values/4-940-418-1>		<http://ids.clld.org/parameters/4-940>		<http://ids.clld.org/values/4-940-242-1>		"sōodoru"@mot	
"ta.4 chak.7 ak.7"@cdy	<http://ids.clld.org/values/4-521-418-1>		<http://ids.clld.org/parameters/4-521>		<http://ids.clld.org/values/4-521-242-1>		"buyakaɨ"@mot	
"nek.7 lo.2"@cdy	<http://ids.clld.org/values/11-140-418-1>		<http://ids.clld.org/parameters/11-140>		<http://ids.clld.org/values/11-140-242-1>		"kaaḳaan"@mot	
"mhi.1 kai.6"@cdy	<http://ids.clld.org/values/4-344-418-1>		<http://ids.clld.org/parameters/4-344>		<http://ids.clld.org/values/4-344-242-1>		"šdooh"@mot	
"hau.2 luŋ.1"@cdy	<http://ids.clld.org/values/4-290-418-1>		<http://ids.clld.org/parameters/4-290>		<http://ids.clld.org/values/4-290-242-1>		"būuri"@mot	
"pa.5"@cdy	<http://ids.clld.org/values/2-512-418-1>		<http://ids.clld.org/parameters/2-512>		<http://ids.clld.org/values/2-512-242-1>		"aisī okarā"@mot	
"ka.2(1) puə.2"@cdy	<http://ids.clld.org/values/2-621-418-1>		<http://ids.clld.org/parameters/2-621>		<http://ids.clld.org/values/2-621-242-1>		"ašība"@mot	
"ti.2 pa:n.3"@cdy	<http://ids.clld.org/values/7-260-418-1>		<http://ids.clld.org/parameters/7-260>		<http://ids.clld.org/values/7-260-242-1>		"ihtā"@mot	
"pe.4 khja.1 tü.6"@cdy	<http://ids.clld.org/values/4-221-418-1>		<http://ids.clld.org/parameters/4-221>		<http://ids.clld.org/values/4-221-242-1>		"kokčaidyi"@mot	
"juŋ.2"@cdy	<http://ids.clld.org/values/3-730-418-1>		<http://ids.clld.org/parameters/3-730>		<http://ids.clld.org/values/3-730-242-1>		"sabā́idakū"@mot	
"jeu.4(1) sək.8"@cdy	<http://ids.clld.org/values/4-451-418-1>		<http://ids.clld.org/parameters/4-451>		<http://ids.clld.org/values/4-451-242-1>		"atubiyōkba"@mot	
"shi:ŋ.2"@cdy	<http://ids.clld.org/values/12-730-418-1>		<http://ids.clld.org/parameters/12-730>		<http://ids.clld.org/values/12-730-242-1>		"biiki"@mot	
"ca:u.3"@cdy	<http://ids.clld.org/values/4-345-418-1>		<http://ids.clld.org/parameters/4-345>		<http://ids.clld.org/values/4-345-242-1>		"ašitdo"@mot	
"khö.1"@cdy	<http://ids.clld.org/values/4-530-418-1>		<http://ids.clld.org/parameters/4-530>		<http://ids.clld.org/values/4-530-242-1>		"irohbāh"@mot	
"lja:m.5"@cdy	<http://ids.clld.org/values/4-590-418-1>		<http://ids.clld.org/parameters/4-590>		<http://ids.clld.org/values/4-590-242-1>		"iaitatahkanina"@mot	
"ćo.4 ha.1"@cdy	<http://ids.clld.org/values/4-300-418-1>		<http://ids.clld.org/parameters/4-300>		<http://ids.clld.org/values/4-300-242-1>		"bahdoo"@mot	
"ma.4 lo.2"@cdy	<http://ids.clld.org/values/3-470-418-3>		<http://ids.clld.org/parameters/3-470>		<http://ids.clld.org/values/3-470-242-1>		"bueragbā"@mot	
"hwon.1"@cdy	<http://ids.clld.org/values/1-750-418-3>		<http://ids.clld.org/parameters/1-750>		<http://ids.clld.org/values/1-750-242-1>		"dihkaɨg"@mot	
"lək.8"@cdy	<http://ids.clld.org/values/12-550-418-1>		<http://ids.clld.org/parameters/12-550>		<http://ids.clld.org/values/12-550-242-1>		"aabii"@mot	
"fa:t.7 nho.1"@cdy	<http://ids.clld.org/values/4-843-418-1>		<http://ids.clld.org/parameters/4-843>		<http://ids.clld.org/values/4-843-242-1>		"iroghba"@mot	
"sha:m.1"@cdy	<http://ids.clld.org/values/13-30-418-1>		<http://ids.clld.org/parameters/13-30>		<http://ids.clld.org/values/13-30-242-3>		"bitentoḳou"@mot	
"sha:m.1"@cdy	<http://ids.clld.org/values/13-30-418-1>		<http://ids.clld.org/parameters/13-30>		<http://ids.clld.org/values/13-30-242-1>		"tentoḳou"@mot	
"za.2"@cdy	<http://ids.clld.org/values/4-880-418-1>		<http://ids.clld.org/parameters/4-880>		<http://ids.clld.org/values/4-880-242-1>		"ogsā"@mot	
"ma:i.4"@cdy	<http://ids.clld.org/values/2-320-418-1>		<http://ids.clld.org/parameters/2-320>		<http://ids.clld.org/values/2-320-242-1>		"a-byoo-bai"@mot	
"hu.2"@cdy	<http://ids.clld.org/values/1-330-418-1>		<http://ids.clld.org/parameters/1-330>		<http://ids.clld.org/values/1-330-242-1>		"badõo"@mot	
"shəŋ.3 taŋ.2"@cdy	<http://ids.clld.org/values/4-630-418-1>		<http://ids.clld.org/parameters/4-630>		<http://ids.clld.org/values/4-630-242-1>		"kiārusa"@mot	
"ćai.5"@cdy	<http://ids.clld.org/values/5-970-418-1>		<http://ids.clld.org/parameters/5-970>		<http://ids.clld.org/values/5-970-242-1>		"ãã"@mot	
"wa.5"@cdy	<http://ids.clld.org/values/15-880-418-1>		<http://ids.clld.org/parameters/15-880>		<http://ids.clld.org/values/15-880-242-1>		"baidaani"@mot	
"la.1"@cdy	<http://ids.clld.org/values/4-210-418-1>		<http://ids.clld.org/parameters/4-210>		<http://ids.clld.org/values/4-210-242-3>		"oošubi"@mot	
"la.1"@cdy	<http://ids.clld.org/values/4-210-418-1>		<http://ids.clld.org/parameters/4-210>		<http://ids.clld.org/values/4-210-242-1>		"oo"@mot	
"pia:u.4 ko.1 nuŋ.4"@cdy	<http://ids.clld.org/values/2-550-418-1>		<http://ids.clld.org/parameters/2-550>		<http://ids.clld.org/values/2-550-242-1>		"sāya sašī"@mot	
"pia:u.4 ko.1 nuŋ.4"@cdy	<http://ids.clld.org/values/2-550-418-1>		<http://ids.clld.org/parameters/2-550>		<http://ids.clld.org/values/2-550-242-3>		"sāya ša"@mot	
"mhe.1"@cdy	<http://ids.clld.org/values/4-980-418-1>		<http://ids.clld.org/parameters/4-980>		<http://ids.clld.org/values/4-980-242-1>		"agsabitbari"@mot	
"fu:ŋ.4 kha.3"@cdy	<http://ids.clld.org/values/12-30-418-1>		<http://ids.clld.org/parameters/12-30>		<http://ids.clld.org/values/12-30-242-1>		"roradi"@mot	
"khau.1"@cdy	<http://ids.clld.org/values/17-680-418-1>		<http://ids.clld.org/parameters/17-680>		<http://ids.clld.org/values/17-680-242-1>		"ããmai"@mot	
"məm.6 kin.5"@cdy	<http://ids.clld.org/values/3-653-418-1>		<http://ids.clld.org/parameters/3-653>		<http://ids.clld.org/values/3-653-242-1>		"ataktā"@mot	
"hja.1"@cdy	<http://ids.clld.org/values/13-20-418-1>		<http://ids.clld.org/parameters/13-20>		<http://ids.clld.org/values/13-20-242-1>		"ĩĩsaami"@mot	
"ńok.8"@cdy	<http://ids.clld.org/values/3-581-418-1>		<http://ids.clld.org/parameters/3-581>		<http://ids.clld.org/values/3-581-242-1>		"daarikbi"@mot	
"lan.1"@cdy	<http://ids.clld.org/values/15-810-418-1>		<http://ids.clld.org/parameters/15-810>		<http://ids.clld.org/values/15-810-242-1>		"aabari"@mot	
"nam.1"@cdy	<http://ids.clld.org/values/15-650-418-1>		<http://ids.clld.org/parameters/15-650>		<http://ids.clld.org/values/15-650-242-1>		"bɨɨh"@mot	
"wak.7"@cdy	<http://ids.clld.org/values/9-210-418-1>		<http://ids.clld.org/parameters/9-210>		<http://ids.clld.org/values/9-210-242-1>		"dõõ"@mot	
"wak.7"@cdy	<http://ids.clld.org/values/9-210-418-1>		<http://ids.clld.org/parameters/9-210>		<http://ids.clld.org/values/9-210-242-3>		"buukši (?)"@mot	
"nən.2 pa.2"@cdy	<http://ids.clld.org/values/4-860-418-3>		<http://ids.clld.org/parameters/4-860>		<http://ids.clld.org/values/4-860-242-1>		"boāimai"@mot	
"mit.8"@cdy	<http://ids.clld.org/values/3-820-418-1>		<http://ids.clld.org/parameters/3-820>		<http://ids.clld.org/values/3-820-242-1>		"myaa"@mot	
"ja.3 shok.7"@cdy	<http://ids.clld.org/values/3-110-418-1>		<http://ids.clld.org/parameters/3-110>		<http://ids.clld.org/values/3-110-242-1>		"rugčī"@mot	
"mo.6"@cdy	<http://ids.clld.org/values/6-550-418-1>		<http://ids.clld.org/parameters/6-550>		<http://ids.clld.org/values/6-550-242-1>		"somene"@mot	
"chuŋ.4 ceŋ.1"@cdy	<http://ids.clld.org/values/4-372-418-1>		<http://ids.clld.org/parameters/4-372>		<http://ids.clld.org/values/4-372-242-1>		"kihtū būgda"@mot	
"ńok.8 pa:k.7"@cdy	<http://ids.clld.org/values/4-241-418-1>		<http://ids.clld.org/parameters/4-241>		<http://ids.clld.org/values/4-241-242-1>		"arurū"@mot	
"kwa.3"@cdy	<http://ids.clld.org/values/15-640-418-1>		<http://ids.clld.org/parameters/15-640>		<http://ids.clld.org/values/15-640-242-1>		"bačii"@mot	
"kwa.3"@cdy	<http://ids.clld.org/values/15-640-418-1>		<http://ids.clld.org/parameters/15-640>		<http://ids.clld.org/values/15-640-242-3>		"bačiini"@mot	
"ti.2 pa:n.1"@cdy	<http://ids.clld.org/values/2-210-418-1>		<http://ids.clld.org/parameters/2-210>		<http://ids.clld.org/values/2-210-242-1>		"la"@mot	
"ɨŋ.4(3) shai.3"@cdy	<http://ids.clld.org/values/1-630-418-3>		<http://ids.clld.org/parameters/1-630>		<http://ids.clld.org/values/1-630-242-1>		"sasaayn"@mot	
"no.4 ni.6"@cdy	<http://ids.clld.org/values/2-250-418-1>		<http://ids.clld.org/parameters/2-250>		<http://ids.clld.org/values/2-250-242-1>		"saaši"@mot	
"ni.4 pa.4"@cdy	<http://ids.clld.org/values/3-920-418-1>		<http://ids.clld.org/parameters/3-920>		<http://ids.clld.org/values/3-920-242-1>		"somēme"@mot	
"ni.4 kuŋ.2"@cdy	<http://ids.clld.org/values/3-930-418-1>		<http://ids.clld.org/parameters/3-930>		<http://ids.clld.org/values/3-930-242-1>		"bĩbi"@mot	
"jün.1"@cdy	<http://ids.clld.org/values/12-150-418-1>		<http://ids.clld.org/parameters/12-150>		<http://ids.clld.org/values/12-150-242-1>		"bikigbisaa"@mot	
"tuŋ.1"@cdy	<http://ids.clld.org/values/5-210-418-1>		<http://ids.clld.org/parameters/5-210>		<http://ids.clld.org/values/5-210-242-1>		"binasa"@mot	
"ja.3 kau.3"@cdy	<http://ids.clld.org/values/3-740-418-1>		<http://ids.clld.org/parameters/3-740>		<http://ids.clld.org/values/3-740-242-1>		"yaurāba"@mot	
"pə.2 la:u.4 cü.3"@cdy	<http://ids.clld.org/values/2-471-418-1>		<http://ids.clld.org/parameters/2-471>		<http://ids.clld.org/values/2-471-242-1>		"šibabiō"@mot	
"cə.1 ti.4 fat.8 kjen.4"@cdy	<http://ids.clld.org/values/5-120-418-1>		<http://ids.clld.org/parameters/5-120>		<http://ids.clld.org/values/5-120-242-1>		"kāraba"@mot	
"chü.1"@cdy	<http://ids.clld.org/values/10-320-418-1>		<http://ids.clld.org/parameters/10-320>		<http://ids.clld.org/values/10-320-242-1>		"širurũ otaḳbari"@mot	
"ńi:t.8"@cdy	<http://ids.clld.org/values/15-850-418-1>		<http://ids.clld.org/parameters/15-850>		<http://ids.clld.org/values/15-850-242-3>		"asaašini"@mot	
"ńi:t.8"@cdy	<http://ids.clld.org/values/15-850-418-1>		<http://ids.clld.org/parameters/15-850>		<http://ids.clld.org/values/15-850-242-1>		"asãã"@mot	
"fok.7"@cdy	<http://ids.clld.org/values/4-853-418-1>		<http://ids.clld.org/parameters/4-853>		<http://ids.clld.org/values/4-853-242-1>		"ayrãã"@mot	
"lu.4 kuŋ.4 cuŋ.3"@cdy	<http://ids.clld.org/values/3-814-418-1>		<http://ids.clld.org/parameters/3-814>		<http://ids.clld.org/values/3-814-242-1>		"iširabana"@mot	
"she.3"@cdy	<http://ids.clld.org/values/9-343-418-1>		<http://ids.clld.org/parameters/9-343>		<http://ids.clld.org/values/9-343-242-1>		"saɨng-saing"@mot	
"hjo.1"@cdy	<http://ids.clld.org/values/15-840-418-1>		<http://ids.clld.org/parameters/15-840>		<http://ids.clld.org/values/15-840-242-1>		"buruuni"@mot	
"ma.0 fuŋ.1"@cdy	<http://ids.clld.org/values/3-823-418-1>		<http://ids.clld.org/parameters/3-823>		<http://ids.clld.org/values/3-823-242-1>		"bašinši"@mot	
"ńa.2 la.1 sən.1"@cdy	<http://ids.clld.org/values/4-214-418-1>		<http://ids.clld.org/parameters/4-214>		<http://ids.clld.org/values/4-214-242-1>		"obāšišī"@mot	
"ćo.3 ko.6"@cdy	<http://ids.clld.org/values/4-360-418-1>		<http://ids.clld.org/parameters/4-360>		<http://ids.clld.org/values/4-360-242-1>		"obãã"@mot	
"ća:i.6"@cdy	<http://ids.clld.org/values/1-220-418-1>		<http://ids.clld.org/parameters/1-220>		<http://ids.clld.org/values/1-220-242-1>		"dyɨra"@mot	
"ni.4 no.3"@cdy	<http://ids.clld.org/values/3-630-418-1>		<http://ids.clld.org/parameters/3-630>		<http://ids.clld.org/values/3-630-242-1>		"dahtumia"@mot	
"che.3 lu.2"@cdy	<http://ids.clld.org/values/4-612-418-1>		<http://ids.clld.org/parameters/4-612>		<http://ids.clld.org/values/4-612-242-1>		"kabāla"@mot	
"ja.5"@cdy	<http://ids.clld.org/values/8-120-418-1>		<http://ids.clld.org/parameters/8-120>		<http://ids.clld.org/values/8-120-242-1>		"dogbah"@mot	
"ta:m.2 / ta:ŋ.2"@cdy	<http://ids.clld.org/values/4-560-418-3>		<http://ids.clld.org/parameters/4-560>		<http://ids.clld.org/values/4-560-242-1>		"kurukduu"@mot	
"njeŋ.2 ka:ŋ.1"@cdy	<http://ids.clld.org/values/1-530-418-1>		<http://ids.clld.org/parameters/1-530>		<http://ids.clld.org/values/1-530-242-1>		"čibaɨg"@mot	
"mha:k.7"@cdy	<http://ids.clld.org/values/9-270-418-1>		<http://ids.clld.org/parameters/9-270>		<http://ids.clld.org/values/9-270-242-1>		"aɨgdon (?)"@mot	
"kok.7 pən.3"@cdy	<http://ids.clld.org/values/8-311-418-1>		<http://ids.clld.org/parameters/8-311>		<http://ids.clld.org/values/8-311-242-1>		"ahḳooḳbah"@mot	
"lum.1"@cdy	<http://ids.clld.org/values/4-854-418-3>		<http://ids.clld.org/parameters/4-854>		<http://ids.clld.org/values/4-854-242-1>		"alošīni"@mot	
"tje.1"@cdy	<http://ids.clld.org/values/2-960-418-1>		<http://ids.clld.org/parameters/2-960>		<http://ids.clld.org/values/2-960-242-1>		"oračidyi"@mot	
"śin.3"@cdy	<http://ids.clld.org/values/1-222-418-1>		<http://ids.clld.org/parameters/1-222>		<http://ids.clld.org/values/1-222-242-1>		"angbarī"@mot	
"ŋa.4 pa:k.7"@cdy	<http://ids.clld.org/values/4-520-418-1>		<http://ids.clld.org/parameters/4-520>		<http://ids.clld.org/values/4-520-242-1>		"kabah agaksakei"@mot	
"mi.1"@cdy	<http://ids.clld.org/values/4-330-418-1>		<http://ids.clld.org/parameters/4-330>		<http://ids.clld.org/values/4-330-242-1>		"aḳduu"@mot	
"seŋ.2"@cdy	<http://ids.clld.org/values/7-270-418-1>		<http://ids.clld.org/parameters/7-270>		<http://ids.clld.org/values/7-270-242-1>		"kakabubumai"@mot	
"wi.1"@cdy	<http://ids.clld.org/values/1-810-418-1>		<http://ids.clld.org/parameters/1-810>		<http://ids.clld.org/values/1-810-242-1>		"kaaḍɨ"@mot	
"thjeu.1 chi.6"@cdy	<http://ids.clld.org/values/4-510-418-1>		<http://ids.clld.org/parameters/4-510>		<http://ids.clld.org/values/4-510-242-1>		"bosobuku"@mot	
"fa.3"@cdy	<http://ids.clld.org/values/1-730-418-1>		<http://ids.clld.org/parameters/1-730>		<http://ids.clld.org/values/1-730-242-1>		"nindihkɨ"@mot	
"mən.2"@cdy	<http://ids.clld.org/values/2-930-418-1>		<http://ids.clld.org/parameters/2-930>		<http://ids.clld.org/values/2-930-242-1>		"oobãi"@mot	
"lak.8 za:u.4"@cdy	<http://ids.clld.org/values/2-630-418-1>		<http://ids.clld.org/parameters/2-630>		<http://ids.clld.org/values/2-630-242-1>		"inaikāsa"@mot	
"njeu.5"@cdy	<http://ids.clld.org/values/4-650-418-1>		<http://ids.clld.org/parameters/4-650>		<http://ids.clld.org/values/4-650-242-1>		"itčiki"@mot	
"kjet.8 fan.1"@cdy	<http://ids.clld.org/values/2-330-418-1>		<http://ids.clld.org/parameters/2-330>		<http://ids.clld.org/values/2-330-242-1>		"bio kayākba"@mot	
"ćhik.7"@cdy	<http://ids.clld.org/values/5-260-418-1>		<http://ids.clld.org/parameters/5-260>		<http://ids.clld.org/values/5-260-242-1>		"bašikalai"@mot	
"tam.3"@cdy	<http://ids.clld.org/values/6-330-418-1>		<http://ids.clld.org/parameters/6-330>		<http://ids.clld.org/values/6-330-242-1>		"bakāni"@mot	
"na.1"@cdy	<http://ids.clld.org/values/12-630-418-1>		<http://ids.clld.org/parameters/12-630>		<http://ids.clld.org/values/12-630-242-1>		"aabi"@mot	
"pjan.1"@cdy	<http://ids.clld.org/values/8-130-418-1>		<http://ids.clld.org/parameters/8-130>		<http://ids.clld.org/values/8-130-242-1>		"dogbah"@mot	
"kha:n.1"@cdy	<http://ids.clld.org/values/2-480-418-1>		<http://ids.clld.org/parameters/2-480>		<http://ids.clld.org/values/2-480-242-1>		"sašī abira"@mot	
"koŋ.4 kan.1"@cdy	<http://ids.clld.org/values/15-770-418-1>		<http://ids.clld.org/parameters/15-770>		<http://ids.clld.org/values/15-770-242-1>		"dyibakaari"@mot	
"hon.6"@cdy	<http://ids.clld.org/values/15-840-418-3>		<http://ids.clld.org/parameters/15-840>		<http://ids.clld.org/values/15-840-242-1>		"buruuni"@mot	
"chi:ŋ.6"@cdy	<http://ids.clld.org/values/18-120-418-1>		<http://ids.clld.org/parameters/18-120>		<http://ids.clld.org/values/18-120-242-1>		"čibaa"@mot	
"lak.8 pi:k.7"@cdy	<http://ids.clld.org/values/2-260-418-1>		<http://ids.clld.org/parameters/2-260>		<http://ids.clld.org/values/2-260-242-1>		"šia"@mot	
"ta:i.2 kjau.4"@cdy	<http://ids.clld.org/values/2-511-418-1>		<http://ids.clld.org/parameters/2-511>		<http://ids.clld.org/values/2-511-242-3>		"abāma akbaĩ"@mot	
"ta:i.2 kjau.4"@cdy	<http://ids.clld.org/values/2-511-418-1>		<http://ids.clld.org/parameters/2-511>		<http://ids.clld.org/values/2-511-242-1>		"aisī okarā"@mot	
"khəm.5"@cdy	<http://ids.clld.org/values/1-212-418-1>		<http://ids.clld.org/parameters/1-212>		<http://ids.clld.org/values/1-212-242-1>		"ihtãã"@mot	
"pi.2"@cdy	<http://ids.clld.org/values/6-290-418-1>		<http://ids.clld.org/parameters/6-290>		<http://ids.clld.org/values/6-290-242-1>		"biruna"@mot	
"muŋ.1"@cdy	<http://ids.clld.org/values/4-970-418-1>		<http://ids.clld.org/parameters/4-970>		<http://ids.clld.org/values/4-970-242-1>		"škakyūbigbari"@mot	
"ha.3"@cdy	<http://ids.clld.org/values/4-760-418-1>		<http://ids.clld.org/parameters/4-760>		<http://ids.clld.org/values/4-760-242-1>		"sobãa��"@mot	
"lap.8 wi.1"@cdy	<http://ids.clld.org/values/1-861-418-1>		<http://ids.clld.org/parameters/1-861>		<http://ids.clld.org/values/1-861-242-1>		"sirasāini"@mot	
"ći.1"@cdy	<http://ids.clld.org/values/12-430-418-3>		<http://ids.clld.org/parameters/12-430>		<http://ids.clld.org/values/12-430-242-1>		"muungdani"@mot	
"jin.4 wu.3"@cdy	<http://ids.clld.org/values/3-592-418-1>		<http://ids.clld.org/parameters/3-592>		<http://ids.clld.org/values/3-592-242-1>		"dahba"@mot	
"mit.8 khuə.1"@cdy	<http://ids.clld.org/values/3-822-418-1>		<http://ids.clld.org/parameters/3-822>		<http://ids.clld.org/values/3-822-242-1>		"burubī"@mot	
"la.1 pi.2"@cdy	<http://ids.clld.org/values/4-213-418-1>		<http://ids.clld.org/parameters/4-213>		<http://ids.clld.org/values/4-213-242-1>		"ōwahšū"@mot	
"fən.1"@cdy	<http://ids.clld.org/values/1-750-418-1>		<http://ids.clld.org/parameters/1-750>		<http://ids.clld.org/values/1-750-242-1>		"dihkaɨg"@mot	
"sha:i.1"@cdy	<http://ids.clld.org/values/11-210-418-1>		<http://ids.clld.org/parameters/11-210>		<http://ids.clld.org/values/11-210-242-1>		"iiran"@mot	
"lu.4(6) sü.3"@cdy	<http://ids.clld.org/values/1-640-418-1>		<http://ids.clld.org/parameters/1-640>		<http://ids.clld.org/values/1-640-242-1>		"tubīkā"@mot	
"lo.3 shai.3 kut.7"@cdy	<http://ids.clld.org/values/4-371-418-1>		<http://ids.clld.org/parameters/4-371>		<http://ids.clld.org/values/4-371-242-1>		"kiokbā karikāa"@mot	
"ep.7"@cdy	<http://ids.clld.org/values/3-570-418-1>		<http://ids.clld.org/parameters/3-570>		<http://ids.clld.org/values/3-570-242-1>		"bakbā"@mot	
"mhi.1 wan.1"@cdy	<http://ids.clld.org/values/4-321-418-1>		<http://ids.clld.org/parameters/4-321>		<http://ids.clld.org/values/4-321-242-1>		"aḳduu obāā"@mot	
"chün.6"@cdy	<http://ids.clld.org/values/5-712-418-1>		<http://ids.clld.org/parameters/5-712>		<http://ids.clld.org/values/5-712-242-1>		"kãširukū"@mot	
"sha:i.3"@cdy	<http://ids.clld.org/values/4-461-418-1>		<http://ids.clld.org/parameters/4-461>		<http://ids.clld.org/values/4-461-242-1>		"aaiši"@mot	
"ni.4 ka:i.5"@cdy	<http://ids.clld.org/values/3-540-418-1>		<http://ids.clld.org/parameters/3-540>		<http://ids.clld.org/values/3-540-242-1>		"kari"@mot	
"sü.3 po.2 lja:ŋ.6"@cdy	<http://ids.clld.org/values/1-770-418-1>		<http://ids.clld.org/parameters/1-770>		<http://ids.clld.org/values/1-770-242-1>		"sasaung-šiima"@mot	
"sü.4 shu:n.6"@cdy	<http://ids.clld.org/values/1-362-418-1>		<http://ids.clld.org/parameters/1-362>		<http://ids.clld.org/values/1-362-242-1>		"sabarīka"@mot	
"tə.0 mə.5 si.2 hau.6"@cdy	<http://ids.clld.org/values/17-650-418-1>		<http://ids.clld.org/parameters/17-650>		<http://ids.clld.org/values/17-650-242-1>		"aaibi"@mot	
"lo.4 pu.2 hak.7"@cdy	<http://ids.clld.org/values/3-655-418-1>		<http://ids.clld.org/parameters/3-655>		<http://ids.clld.org/values/3-655-242-1>		"āškūu"@mot	
"sjeu.3"@cdy	<http://ids.clld.org/values/13-170-418-1>		<http://ids.clld.org/parameters/13-170>		<http://ids.clld.org/values/13-170-242-1>		"kobahkaaĩ"@mot	
"paŋ.3(4) mi.1"@cdy	<http://ids.clld.org/values/4-310-418-1>		<http://ids.clld.org/parameters/4-310>		<http://ids.clld.org/values/4-310-242-1>		"bisãã"@mot	
"ŋo.4"@cdy	<http://ids.clld.org/values/13-50-418-1>		<http://ids.clld.org/parameters/13-50>		<http://ids.clld.org/values/13-50-242-1>		"aḳdu inški"@mot	
"mi.5"@cdy	<http://ids.clld.org/values/14-130-418-1>		<http://ids.clld.org/parameters/14-130>		<http://ids.clld.org/values/14-130-242-1>		"oḳdo"@mot	
"kjan.1"@cdy	<http://ids.clld.org/values/6-810-418-1>		<http://ids.clld.org/parameters/6-810>		<http://ids.clld.org/values/6-810-242-1>		"aḳduu"@mot	
"fa:t.7 ta:u.3"@cdy	<http://ids.clld.org/values/4-841-418-1>		<http://ids.clld.org/parameters/4-841>		<http://ids.clld.org/values/4-841-242-1>		"kalo"@mot	
"ce.4 hwoŋ.2"@cdy	<http://ids.clld.org/values/16-670-418-1>		<http://ids.clld.org/parameters/16-670>		<http://ids.clld.org/values/16-670-242-1>		"aakčirokwã"@mot	
"cok.8 pjuŋ.6"@cdy	<http://ids.clld.org/values/9-460-418-1>		<http://ids.clld.org/parameters/9-460>		<http://ids.clld.org/values/9-460-242-1>		"akotukããn"@mot	
"suŋ.3 pha:i.3"@cdy	<http://ids.clld.org/values/4-464-418-1>		<http://ids.clld.org/parameters/4-464>		<http://ids.clld.org/values/4-464-242-1>		"ahtūu"@mot	
"puə.2"@cdy	<http://ids.clld.org/values/2-470-418-1>		<http://ids.clld.org/parameters/2-470>		<http://ids.clld.org/values/2-470-242-1>		"ašiabāma"@mot	
"ŋa.2 chi.3"@cdy	<http://ids.clld.org/values/4-270-418-1>		<http://ids.clld.org/parameters/4-270>		<http://ids.clld.org/values/4-270-242-1>		"ḍuḍu"@mot	
"ti.2 pa:n.1"@cdy	<http://ids.clld.org/values/2-230-418-1>		<http://ids.clld.org/parameters/2-230>		<http://ids.clld.org/values/2-230-242-1>		"ataida"@mot	
"ŋa:u.1"@cdy	<http://ids.clld.org/values/4-170-418-1>		<http://ids.clld.org/parameters/4-170>		<http://ids.clld.org/values/4-170-242-1>		"abuiroḳdo"@mot	
"ŋa:u.1"@cdy	<http://ids.clld.org/values/4-170-418-1>		<http://ids.clld.org/parameters/4-170>		<http://ids.clld.org/values/4-170-242-3>		"ačikbi"@mot	
"taŋ.1"@cdy	<http://ids.clld.org/values/10-480-418-1>		<http://ids.clld.org/parameters/10-480>		<http://ids.clld.org/values/10-480-242-1>		"abãi"@mot	
"cien.6 kha:ŋ.4"@cdy	<http://ids.clld.org/values/4-830-418-1>		<http://ids.clld.org/parameters/4-830>		<http://ids.clld.org/values/4-830-242-1>		"sabah"@mot	
"pja:n.4 ci.6"@cdy	<http://ids.clld.org/values/3-594-418-1>		<http://ids.clld.org/parameters/3-594>		<http://ids.clld.org/values/3-594-242-1>		"šibou"@mot	
"ńi.2"@cdy	<http://ids.clld.org/values/2-920-418-1>		<http://ids.clld.org/parameters/2-920>		<http://ids.clld.org/values/2-920-242-1>		"bai"@mot	
"luk.7"@cdy	<http://ids.clld.org/values/9-360-418-1>		<http://ids.clld.org/parameters/9-360>		<http://ids.clld.org/values/9-360-242-1>		"dukan"@mot	
"pi.2"@cdy	<http://ids.clld.org/values/4-120-418-1>		<http://ids.clld.org/parameters/4-120>		<http://ids.clld.org/values/4-120-242-1>		"aɨgšuu"@mot	
"pa:k.7 pi.2"@cdy	<http://ids.clld.org/values/4-250-418-1>		<http://ids.clld.org/parameters/4-250>		<http://ids.clld.org/values/4-250-242-1>		"kaḳšu"@mot	
"ni.4 nan.2"@cdy	<http://ids.clld.org/values/3-811-418-3>		<http://ids.clld.org/parameters/3-811>		<http://ids.clld.org/values/3-811-242-1>		"kuu"@mot	
"ljok.8"@cdy	<http://ids.clld.org/values/15-680-418-1>		<http://ids.clld.org/parameters/15-680>		<http://ids.clld.org/values/15-680-242-1>		"bireikara"@mot	
"ljeŋ.2"@cdy	<http://ids.clld.org/values/7-550-418-1>		<http://ids.clld.org/parameters/7-550>		<http://ids.clld.org/values/7-550-242-1>		"arakāa"@mot	
"ne.2 hjen.6"@cdy	<http://ids.clld.org/values/3-665-418-1>		<http://ids.clld.org/parameters/3-665>		<http://ids.clld.org/values/3-665-242-1>		"bāībukū"@mot	
"sham.4 tau.2"@cdy	<http://ids.clld.org/values/4-440-418-1>		<http://ids.clld.org/parameters/4-440>		<http://ids.clld.org/values/4-440-242-1>		"aḳbadyĩĩ"@mot	
"na:n.4"@cdy	<http://ids.clld.org/values/4-130-418-1>		<http://ids.clld.org/parameters/4-130>		<http://ids.clld.org/values/4-130-242-1>		"šungbāa"@mot	
"hja:p.7"@cdy	<http://ids.clld.org/values/12-620-418-1>		<http://ids.clld.org/parameters/12-620>		<http://ids.clld.org/values/12-620-242-1>		"bwaikaan"@mot	
"wan.1"@cdy	<http://ids.clld.org/values/4-280-418-1>		<http://ids.clld.org/parameters/4-280>		<http://ids.clld.org/values/4-280-242-3>		"aboo aidyi"@mot	
"wan.1"@cdy	<http://ids.clld.org/values/4-280-418-1>		<http://ids.clld.org/parameters/4-280>		<http://ids.clld.org/values/4-280-242-1>		"aboo"@mot	
"naŋ.4(1) cəm.2"@cdy	<http://ids.clld.org/values/4-231-418-1>		<http://ids.clld.org/parameters/4-231>		<http://ids.clld.org/values/4-231-242-1>		"nisokwā"@mot	
"mek.8"@cdy	<http://ids.clld.org/values/4-151-418-1>		<http://ids.clld.org/parameters/4-151>		<http://ids.clld.org/values/4-151-242-1>		"ašĩšii"@mot	
"hja:i.6"@cdy	<http://ids.clld.org/values/15-780-418-1>		<http://ids.clld.org/parameters/15-780>		<http://ids.clld.org/values/15-780-242-1>		"ihkobaaini"@mot	
"la:n.2"@cdy	<http://ids.clld.org/values/18-280-418-1>		<http://ids.clld.org/parameters/18-280>		<http://ids.clld.org/values/18-280-242-1>		"aa"@mot	
"moŋ.6"@cdy	<http://ids.clld.org/values/4-620-418-1>		<http://ids.clld.org/parameters/4-620>		<http://ids.clld.org/values/4-620-242-1>		"borog'barina"@mot	
"ni.4 fai.6 hjep.8"@cdy	<http://ids.clld.org/values/4-201-418-1>		<http://ids.clld.org/parameters/4-201>		<http://ids.clld.org/values/4-201-242-1>		"kuruu"@mot	
"sü.4(3) choŋ.6"@cdy	<http://ids.clld.org/values/1-390-418-1>		<http://ids.clld.org/parameters/1-390>		<http://ids.clld.org/values/1-390-242-1>		"bohgi baado ahgyitakani"@mot	
"la:u.4 hja:n.1"@cdy	<http://ids.clld.org/values/2-820-418-1>		<http://ids.clld.org/parameters/2-820>		<http://ids.clld.org/values/2-820-242-1>		"sadooyī"@mot	
"pu.6 ćo.3"@cdy	<http://ids.clld.org/values/4-412-418-3>		<http://ids.clld.org/parameters/4-412>		<http://ids.clld.org/values/4-412-242-1>		"tuu"@mot	
"kö.2 shai.3"@cdy	<http://ids.clld.org/values/6-340-418-3>		<http://ids.clld.org/parameters/6-340>		<http://ids.clld.org/values/6-340-242-1>		"kāna"@mot	
"cha:u.3"@cdy	<http://ids.clld.org/values/5-230-418-1>		<http://ids.clld.org/parameters/5-230>		<http://ids.clld.org/values/5-230-242-1>		"yoobī"@mot	
"nö.1"@cdy	<http://ids.clld.org/values/9-310-418-1>		<http://ids.clld.org/parameters/9-310>		<http://ids.clld.org/values/9-310-242-1>		"dyuug-dyug"@mot	
"ŋa:m.3"@cdy	<http://ids.clld.org/values/1-280-418-1>		<http://ids.clld.org/parameters/1-280>		<http://ids.clld.org/values/1-280-242-1>		"akdō"@mot	
"kiŋ.6"@cdy	<http://ids.clld.org/values/6-960-418-1>		<http://ids.clld.org/parameters/6-960>		<http://ids.clld.org/values/6-960-242-1>		"oyabiyīyi"@mot	
"hja:n.1"@cdy	<http://ids.clld.org/values/7-120-418-1>		<http://ids.clld.org/parameters/7-120>		<http://ids.clld.org/values/7-120-242-1>		"kaig"@mot	
"ćo.3 kjan.1"@cdy	<http://ids.clld.org/values/6-780-418-1>		<http://ids.clld.org/parameters/6-780>		<http://ids.clld.org/values/6-780-242-1>		"somene"@mot	
"la:u.4"@cdy	<http://ids.clld.org/values/14-150-418-1>		<http://ids.clld.org/parameters/14-150>		<http://ids.clld.org/values/14-150-242-1>		"saatdau"@mot	
"ta.4 chiu.1"@cdy	<http://ids.clld.org/values/4-540-418-1>		<http://ids.clld.org/parameters/4-540>		<http://ids.clld.org/values/4-540-242-1>		"ahtrušū"@mot	
"ta:i.2 ji.2"@cdy	<http://ids.clld.org/values/2-521-418-1>		<http://ids.clld.org/parameters/2-521>		<http://ids.clld.org/values/2-521-242-1>		"abāma si"@mot	
"ki.4(6) ńi.2"@cdy	<http://ids.clld.org/values/2-730-418-1>		<http://ids.clld.org/parameters/2-730>		<http://ids.clld.org/values/2-730-242-1>		"kobokā"@mot	
"pən.1"@cdy	<http://ids.clld.org/values/1-510-418-1>		<http://ids.clld.org/parameters/1-510>		<http://ids.clld.org/values/1-510-242-1>		"baḍũ"@mot	
"uŋ.4 nhau.1"@cdy	<http://ids.clld.org/values/17-660-418-1>		<http://ids.clld.org/parameters/17-660>		<http://ids.clld.org/values/17-660-242-1>		"abããhã"@mot	
"ni.4 po.4"@cdy	<http://ids.clld.org/values/3-230-418-1>		<http://ids.clld.org/parameters/3-230>		<http://ids.clld.org/values/3-230-242-1>		"šibāa"@mot	
"ćhu.3"@cdy	<http://ids.clld.org/values/4-740-418-1>		<http://ids.clld.org/parameters/4-740>		<http://ids.clld.org/values/4-740-242-3>		"baɨgbari"@mot	
"ćhu.3"@cdy	<http://ids.clld.org/values/4-740-418-1>		<http://ids.clld.org/parameters/4-740>		<http://ids.clld.org/values/4-740-242-1>		"dobaɨgbari"@mot	
"shi:ŋ.3"@cdy	<http://ids.clld.org/values/17-130-418-1>		<http://ids.clld.org/parameters/17-130>		<http://ids.clld.org/values/17-130-242-1>		"yaamitdoḳaani"@mot	
"pa:n.4 shai.3"@cdy	<http://ids.clld.org/values/7-570-418-1>		<http://ids.clld.org/parameters/7-570>		<http://ids.clld.org/values/7-570-242-1>		"kaayābaī"@mot	
"a:m.1 tai.1"@cdy	<http://ids.clld.org/values/4-751-418-1>		<http://ids.clld.org/parameters/4-751>		<http://ids.clld.org/values/4-751-242-1>		"šimaksaɲona"@mot	
"ta:u.3"@cdy	<http://ids.clld.org/values/1-851-418-1>		<http://ids.clld.org/parameters/1-851>		<http://ids.clld.org/values/1-851-242-1>		"dyoosaḳãn"@mot	
"la:u.4 ləŋ.1"@cdy	<http://ids.clld.org/values/1-240-418-1>		<http://ids.clld.org/parameters/1-240>		<http://ids.clld.org/values/1-240-242-1>		"šiimbia"@mot	
"cəŋ.2"@cdy	<http://ids.clld.org/values/1-370-418-3>		<http://ids.clld.org/parameters/1-370>		<http://ids.clld.org/values/1-370-242-1>		"undaghakĩ"@mot	
"cat.8 ńi.2"@cdy	<http://ids.clld.org/values/2-530-418-1>		<http://ids.clld.org/parameters/2-530>		<http://ids.clld.org/values/2-530-242-1>		"aši asašī"@mot	
"ćo.3 ni.4 mhi.1"@cdy	<http://ids.clld.org/values/4-342-418-1>		<http://ids.clld.org/parameters/4-342>		<http://ids.clld.org/values/4-342-242-1>		"abi kiokbā"@mot	
"tan.3"@cdy	<http://ids.clld.org/values/6-110-418-1>		<http://ids.clld.org/parameters/6-110>		<http://ids.clld.org/values/6-110-242-1>		"kāasa"@mot	
"soŋ.4(1) pa:u.4 tai.1"@cdy	<http://ids.clld.org/values/2-458-418-1>		<http://ids.clld.org/parameters/2-458>		<http://ids.clld.org/values/2-458-242-1>		"bōobou"@mot	
"cü.2 shai.3"@cdy	<http://ids.clld.org/values/6-760-418-1>		<http://ids.clld.org/parameters/6-760>		<http://ids.clld.org/values/6-760-242-1>		"karahšī"@mot	
"lak.8 hau.2 seŋ.1"@cdy	<http://ids.clld.org/values/2-251-418-1>		<http://ids.clld.org/parameters/2-251>		<http://ids.clld.org/values/2-251-242-1>		"atdaku"@mot	
"ma:n.3 pa.2"@cdy	<http://ids.clld.org/values/5-123-418-3>		<http://ids.clld.org/parameters/5-123>		<http://ids.clld.org/values/5-123-242-1>		"kibūuni"@mot	
"ljeŋ.4 kaŋ.4 tuŋ.1"@cdy	<http://ids.clld.org/values/1-590-418-1>		<http://ids.clld.org/parameters/1-590>		<http://ids.clld.org/values/1-590-242-1>		"kajdō"@mot	
"sa:n.4 pa.1"@cdy	<http://ids.clld.org/values/3-750-418-1>		<http://ids.clld.org/parameters/3-750>		<http://ids.clld.org/values/3-750-242-1>		"šadā́ikba"@mot	
"pe.4 khja.1"@cdy	<http://ids.clld.org/values/4-220-418-1>		<http://ids.clld.org/parameters/4-220>		<http://ids.clld.org/values/4-220-242-1>		"koḳčii"@mot	
"lök.7"@cdy	<http://ids.clld.org/values/4-570-418-1>		<http://ids.clld.org/parameters/4-570>		<http://ids.clld.org/values/4-570-242-1>		"boɨgsɨ"@mot	
"ćo.3 pjam.1"@cdy	<http://ids.clld.org/values/4-140-418-1>		<http://ids.clld.org/parameters/4-140>		<http://ids.clld.org/values/4-140-242-1>		"kãatũũ"@mot	
"shon.5"@cdy	<http://ids.clld.org/values/6-380-418-1>		<http://ids.clld.org/parameters/6-380>		<http://ids.clld.org/values/6-380-242-1>		"kalāana"@mot	
"lhje.3"@cdy	<http://ids.clld.org/values/2-640-418-1>		<http://ids.clld.org/parameters/2-640>		<http://ids.clld.org/values/2-640-242-1>		"inatdakū ašī"@mot	
"fai.4 sü.3"@cdy	<http://ids.clld.org/values/3-591-418-1>		<http://ids.clld.org/parameters/3-591>		<http://ids.clld.org/values/3-591-242-1>		"dohdōngba"@mot	
"məm.6 hjep.7"@cdy	<http://ids.clld.org/values/3-654-418-1>		<http://ids.clld.org/parameters/3-654>		<http://ids.clld.org/values/3-654-242-1>		"akohkōu"@mot	
"kha:t.7"@cdy	<http://ids.clld.org/values/5-150-418-1>		<http://ids.clld.org/parameters/5-150>		<http://ids.clld.org/values/5-150-242-1>		"šimasara"@mot	
"khun.1"@cdy	<http://ids.clld.org/values/10-710-418-1>		<http://ids.clld.org/parameters/10-710>		<http://ids.clld.org/values/10-710-242-1>		"šikɨ"@mot	
"məm.6 ci.5"@cdy	<http://ids.clld.org/values/3-652-418-1>		<http://ids.clld.org/parameters/3-652>		<http://ids.clld.org/values/3-652-242-1>		"ačii"@mot	
"ti.1"@cdy	<http://ids.clld.org/values/2-350-418-1>		<http://ids.clld.org/parameters/2-350>		<http://ids.clld.org/values/2-350-242-1>		"aataida"@mot	
"mok.8"@cdy	<http://ids.clld.org/values/4-232-418-1>		<http://ids.clld.org/parameters/4-232>		<http://ids.clld.org/values/4-232-242-1>		"isā činči"@mot	
"mu:i.3 ka.1 ti.1"@cdy	<http://ids.clld.org/values/2-610-418-1>		<http://ids.clld.org/parameters/2-610>		<http://ids.clld.org/values/2-610-242-1>		"ahgyība"@mot	
"cat.8 niu.4"@cdy	<http://ids.clld.org/values/2-540-418-1>		<http://ids.clld.org/parameters/2-540>		<http://ids.clld.org/values/2-540-242-1>		"ašī ašiā"@mot	
"ji:k.7"@cdy	<http://ids.clld.org/values/5-140-418-1>		<http://ids.clld.org/parameters/5-140>		<http://ids.clld.org/values/5-140-242-1>		"sairē"@mot	
"lak.8"@cdy	<http://ids.clld.org/values/4-950-418-1>		<http://ids.clld.org/parameters/4-950>		<http://ids.clld.org/values/4-950-242-1>		"kokčikai"@mot	
"ti.2 pi:k.7"@cdy	<http://ids.clld.org/values/2-240-418-1>		<http://ids.clld.org/parameters/2-240>		<http://ids.clld.org/values/2-240-242-1>		"abama"@mot	
"ju.1"@cdy	<http://ids.clld.org/values/12-80-418-1>		<http://ids.clld.org/parameters/12-80>		<http://ids.clld.org/values/12-80-242-1>		"baaduu"@mot	
"kwan.2"@cdy	<http://ids.clld.org/values/1-830-418-1>		<http://ids.clld.org/parameters/1-830>		<http://ids.clld.org/values/1-830-242-1>		"iiraḳbah"@mot	
"ni.3 cjek.8"@cdy	<http://ids.clld.org/values/15-410-418-1>		<http://ids.clld.org/parameters/15-410>		<http://ids.clld.org/values/15-410-242-1>		"anaɨgkãng"@mot	
"hwa.1"@cdy	<http://ids.clld.org/values/8-570-418-1>		<http://ids.clld.org/parameters/8-570>		<http://ids.clld.org/values/8-570-242-1>		"tootubi"@mot	
"su:k.7"@cdy	<http://ids.clld.org/values/5-130-418-1>		<http://ids.clld.org/parameters/5-130>		<http://ids.clld.org/values/5-130-242-3>		"aɨkseɨba"@mot	
"su:k.7"@cdy	<http://ids.clld.org/values/5-130-418-1>		<http://ids.clld.org/parameters/5-130>		<http://ids.clld.org/values/5-130-242-1>		"da"@mot	
"lhaŋ.1 cjek.8"@cdy	<http://ids.clld.org/values/15-510-418-1>		<http://ids.clld.org/parameters/15-510>		<http://ids.clld.org/values/15-510-242-1>		"maadyi"@mot	
"fa:i.4 nuŋ.4 ta:i.6 mai.4"@cdy	<http://ids.clld.org/values/2-456-418-1>		<http://ids.clld.org/parameters/2-456>		<http://ids.clld.org/values/2-456-242-1>		"sagdooyī"@mot	
"ci.4 je.1"@cdy	<http://ids.clld.org/values/2-710-418-1>		<http://ids.clld.org/parameters/2-710>		<http://ids.clld.org/values/2-710-242-1>		"kwaimai"@mot	
"hjo.1"@cdy	<http://ids.clld.org/values/17-170-418-1>		<http://ids.clld.org/parameters/17-170>		<http://ids.clld.org/values/17-170-242-1>		"kaama"@mot	
"lhap.7"@cdy	<http://ids.clld.org/values/1-620-418-1>		<http://ids.clld.org/parameters/1-620>		<http://ids.clld.org/values/1-620-242-1>		"baidaani"@mot	
"pu.6"@cdy	<http://ids.clld.org/values/4-410-418-1>		<http://ids.clld.org/parameters/4-410>		<http://ids.clld.org/values/4-410-242-1>		"twaa"@mot	
"tjep.8"@cdy	<http://ids.clld.org/values/5-310-418-1>		<http://ids.clld.org/parameters/5-310>		<http://ids.clld.org/values/5-310-242-1>		"dado"@mot	
"muŋ.3 lu.2 ji:n.1"@cdy	<http://ids.clld.org/values/1-740-418-1>		<http://ids.clld.org/parameters/1-740>		<http://ids.clld.org/values/1-740-242-1>		"boraaba"@mot	
"mhu.5"@cdy	<http://ids.clld.org/values/3-350-418-1>		<http://ids.clld.org/parameters/3-350>		<http://ids.clld.org/values/3-350-242-1>		"bisao"@mot	
"tak.8 məm.4 pja.1"@cdy	<http://ids.clld.org/values/3-819-418-1>		<http://ids.clld.org/parameters/3-819>		<http://ids.clld.org/values/3-819-242-1>		"kāinba sōhsõ"@mot	
"kut.7"@cdy	<http://ids.clld.org/values/4-160-418-1>		<http://ids.clld.org/parameters/4-160>		<http://ids.clld.org/values/4-160-242-1>		"ahkara"@mot	
"koŋ.1"@cdy	<http://ids.clld.org/values/2-460-418-1>		<http://ids.clld.org/parameters/2-460>		<http://ids.clld.org/values/2-460-242-1>		"ašĩtaida"@mot	
"nuŋ.3"@cdy	<http://ids.clld.org/values/10-670-418-1>		<http://ids.clld.org/parameters/10-670>		<http://ids.clld.org/values/10-670-242-1>		"iroḳdaḳaan"@mot	
"lət.7"@cdy	<http://ids.clld.org/values/1-880-418-1>		<http://ids.clld.org/parameters/1-880>		<http://ids.clld.org/values/1-880-242-1>		"kaa"@mot	
"sok.8"@cdy	<http://ids.clld.org/values/5-123-418-1>		<http://ids.clld.org/parameters/5-123>		<http://ids.clld.org/values/5-123-242-1>		"kibūuni"@mot	
"ni.4 la:p.8 njaŋ.3"@cdy	<http://ids.clld.org/values/1-550-418-1>		<http://ids.clld.org/parameters/1-550>		<http://ids.clld.org/values/1-550-242-1>		"dyibahdū"@mot	
"sheu.2 nham.3"@cdy	<http://ids.clld.org/values/10-350-418-1>		<http://ids.clld.org/parameters/10-350>		<http://ids.clld.org/values/10-350-242-1>		"arubisaḳããng"@mot	
"pa:k.7 to.1 lək.8"@cdy	<http://ids.clld.org/values/7-220-418-3>		<http://ids.clld.org/parameters/7-220>		<http://ids.clld.org/values/7-220-242-1>		"unkušū"@mot	
"fa:i.5"@cdy	<http://ids.clld.org/values/16-720-418-1>		<http://ids.clld.org/parameters/16-720>		<http://ids.clld.org/values/16-720-242-1>		"arongbɨšini"@mot	
"fa:i.5"@cdy	<http://ids.clld.org/values/16-720-418-1>		<http://ids.clld.org/parameters/16-720>		<http://ids.clld.org/values/16-720-242-3>		"atraḳaari"@mot	
"lö.4 la:p.8 njaŋ.3"@cdy	<http://ids.clld.org/values/1-570-418-1>		<http://ids.clld.org/parameters/1-570>		<http://ids.clld.org/values/1-570-242-1>		"yibahdu"@mot	
"lən.2"@cdy	<http://ids.clld.org/values/4-110-418-1>		<http://ids.clld.org/parameters/4-110>		<http://ids.clld.org/values/4-110-242-1>		"aidyīi"@mot	
"śe.1"@cdy	<http://ids.clld.org/values/2-950-418-1>		<http://ids.clld.org/parameters/2-950>		<http://ids.clld.org/values/2-950-242-1>		"bidyi"@mot	
"na.3"@cdy	<http://ids.clld.org/values/4-204-418-1>		<http://ids.clld.org/parameters/4-204>		<http://ids.clld.org/values/4-204-242-1>		"lokbā"@mot	
"ni.4 fai.5"@cdy	<http://ids.clld.org/values/1-520-418-1>		<http://ids.clld.org/parameters/1-520>		<http://ids.clld.org/values/1-520-242-1>		"nyaa"@mot	
"niu.4"@cdy	<http://ids.clld.org/values/2-240-418-3>		<http://ids.clld.org/parameters/2-240>		<http://ids.clld.org/values/2-240-242-1>		"abama"@mot	
"ɔ.1"@cdy	<http://ids.clld.org/values/5-210-418-3>		<http://ids.clld.org/parameters/5-210>		<http://ids.clld.org/values/5-210-242-1>		"binasa"@mot	
"ńa:i.5"@cdy	<http://ids.clld.org/values/5-180-418-1>		<http://ids.clld.org/parameters/5-180>		<http://ids.clld.org/values/5-180-242-1>		"kõõ"@mot	
"ləm.1"@cdy	<http://ids.clld.org/values/1-720-418-1>		<http://ids.clld.org/parameters/1-720>		<http://ids.clld.org/values/1-720-242-1>		"saaba"@mot	
"tin.1"@cdy	<http://ids.clld.org/values/4-370-418-1>		<http://ids.clld.org/parameters/4-370>		<http://ids.clld.org/values/4-370-242-1>		"kihtuu"@mot	
"lü.2"@cdy	<http://ids.clld.org/values/3-460-418-1>		<http://ids.clld.org/parameters/3-460>		<http://ids.clld.org/values/3-460-242-3>		"sokuā"@mot	
"lü.2"@cdy	<http://ids.clld.org/values/3-460-418-1>		<http://ids.clld.org/parameters/3-460>		<http://ids.clld.org/values/3-460-242-1>		"čoko"@mot	
"nu:t.8"@cdy	<http://ids.clld.org/values/4-142-418-1>		<http://ids.clld.org/parameters/4-142>		<http://ids.clld.org/values/4-142-242-1>		"dakã kači"@mot	
"ta:i.6 mai.4"@cdy	<http://ids.clld.org/values/2-450-418-1>		<http://ids.clld.org/parameters/2-450>		<http://ids.clld.org/values/2-450-242-1>		"aša"@mot	
"lu:n.1"@cdy	<http://ids.clld.org/values/12-810-418-1>		<http://ids.clld.org/parameters/12-810>		<http://ids.clld.org/values/12-810-242-1>		"biroorwai"@mot	
"tü.2"@cdy	<http://ids.clld.org/values/1-440-418-1>		<http://ids.clld.org/parameters/1-440>		<http://ids.clld.org/values/1-440-242-3>		"aɨna"@mot	
"tü.2"@cdy	<http://ids.clld.org/values/1-440-418-1>		<http://ids.clld.org/parameters/1-440>		<http://ids.clld.org/values/1-440-242-1>		"ããng"@mot	
"ca:p.7 la.1"@cdy	<http://ids.clld.org/values/4-215-418-1>		<http://ids.clld.org/parameters/4-215>		<http://ids.clld.org/values/4-215-242-1>		"oogškegškeg"@mot	
"cəm.2 lö.2"@cdy	<http://ids.clld.org/values/4-430-418-1>		<http://ids.clld.org/parameters/4-430>		<http://ids.clld.org/values/4-430-242-1>		"baačiidu"@mot	
"ni.4 kwai.3"@cdy	<http://ids.clld.org/values/3-950-418-3>		<http://ids.clld.org/parameters/3-950>		<http://ids.clld.org/values/3-950-242-1>		"babā"@mot	
"lo.2"@cdy	<http://ids.clld.org/values/3-470-418-1>		<http://ids.clld.org/parameters/3-470>		<http://ids.clld.org/values/3-470-242-1>		"bueragbā"@mot	
"tap.7"@cdy	<http://ids.clld.org/values/4-450-418-1>		<http://ids.clld.org/parameters/4-450>		<http://ids.clld.org/values/4-450-242-1>		"aabingba"@mot	
"lak.8 pi:k.7 kha:n.1"@cdy	<http://ids.clld.org/values/2-490-418-1>		<http://ids.clld.org/parameters/2-490>		<http://ids.clld.org/values/2-490-242-1>		"šiā́ abira"@mot	
"mok.8 tau.2"@cdy	<http://ids.clld.org/values/1-430-418-1>		<http://ids.clld.org/parameters/1-430>		<http://ids.clld.org/values/1-430-242-1>		"kaa"@mot	
"kjit.7"@cdy	<http://ids.clld.org/values/4-856-418-1>		<http://ids.clld.org/parameters/4-856>		<http://ids.clld.org/values/4-856-242-1>		"yayōsaibu"@mot	
