"she.5"@cdy	<http://ids.clld.org/values/12-560-418-1>		<http://ids.clld.org/parameters/12-560>		<http://ids.clld.org/values/12-560-280-1>		"'mišni"@pcp	
"ka:i.5"@cdy	<http://ids.clld.org/values/3-550-418-1>		<http://ids.clld.org/parameters/3-550>		<http://ids.clld.org/values/3-550-280-1>		"pati'aři"@pcp	
"cau.4 uk.7"@cdy	<http://ids.clld.org/values/15-550-418-1>		<http://ids.clld.org/parameters/15-550>		<http://ids.clld.org/values/15-550-280-1>		"hi-'maki"@pcp	
"fa.3 kəm.4"@cdy	<http://ids.clld.org/values/1-560-418-1>		<http://ids.clld.org/parameters/1-560>		<http://ids.clld.org/values/1-560-280-1>		"'naina"@pcp	
"pa:k.7"@cdy	<http://ids.clld.org/values/4-240-418-1>		<http://ids.clld.org/parameters/4-240>		<http://ids.clld.org/values/4-240-280-1>		"kɨ'wɨči"@pcp	
"nham.3"@cdy	<http://ids.clld.org/values/1-310-418-1>		<http://ids.clld.org/parameters/1-310>		<http://ids.clld.org/values/1-310-280-1>		"'hɨnɨ"@pcp	
"fe.6"@cdy	<http://ids.clld.org/values/4-441-418-1>		<http://ids.clld.org/parameters/4-441>		<http://ids.clld.org/values/4-441-280-1>		"'taṣ̌a"@pcp	
"wu:ŋ.2 fuŋ.1"@cdy	<http://ids.clld.org/values/3-823-418-3>		<http://ids.clld.org/parameters/3-823>		<http://ids.clld.org/values/3-823-280-1>		"'wina"@pcp	
"je.2"@cdy	<http://ids.clld.org/values/2-910-418-1>		<http://ids.clld.org/parameters/2-910>		<http://ids.clld.org/values/2-910-280-1>		"'ɨa"@pcp	
"ti.6"@cdy	<http://ids.clld.org/values/1-210-418-1>		<http://ids.clld.org/parameters/1-210>		<http://ids.clld.org/values/1-210-280-1>		"'mai"@pcp	
"ćo.3"@cdy	<http://ids.clld.org/values/4-200-418-1>		<http://ids.clld.org/parameters/4-200>		<http://ids.clld.org/values/4-200-280-1>		"'mapo"@pcp	
"mian.2 wa.1"@cdy	<http://ids.clld.org/values/6-240-418-1>		<http://ids.clld.org/parameters/6-240>		<http://ids.clld.org/values/6-240-280-1>		"waṣ̌'mɨna"@pcp	
"kat.7"@cdy	<http://ids.clld.org/values/9-220-418-1>		<http://ids.clld.org/parameters/9-220>		<http://ids.clld.org/values/9-220-280-1>		"'kɨɨsakia"@pcp	
"mian.4(6) fan.3"@cdy	<http://ids.clld.org/values/5-550-418-1>		<http://ids.clld.org/parameters/5-550>		<http://ids.clld.org/values/5-550-280-1>		"'moto"@pcp	
"zən.4 shai.3"@cdy	<http://ids.clld.org/values/1-540-418-1>		<http://ids.clld.org/parameters/1-540>		<http://ids.clld.org/values/1-540-280-1>		"'wištima"@pcp	
"ni.4"@cdy	<http://ids.clld.org/values/2-360-418-1>		<http://ids.clld.org/parameters/2-360>		<http://ids.clld.org/values/2-360-280-1>		"'kai"@pcp	
"fa:n.1"@cdy	<http://ids.clld.org/values/15-350-418-1>		<http://ids.clld.org/parameters/15-350>		<http://ids.clld.org/values/15-350-280-1>		"tɨ'ɨ"@pcp	
"ni.4 ta.1 ńe.6"@cdy	<http://ids.clld.org/values/3-832-418-1>		<http://ids.clld.org/parameters/3-832>		<http://ids.clld.org/values/3-832-280-1>		"'wii"@pcp	
"hwa.3"@cdy	<http://ids.clld.org/values/1-730-418-3>		<http://ids.clld.org/parameters/1-730>		<http://ids.clld.org/values/1-730-280-1>		"'c̷ɨmo"@pcp	
"mi.4"@cdy	<http://ids.clld.org/values/1-420-418-1>		<http://ids.clld.org/parameters/1-420>		<http://ids.clld.org/values/1-420-280-1>		"'hiwi"@pcp	
"tin.4(1) kwa.1"@cdy	<http://ids.clld.org/values/4-350-418-1>		<http://ids.clld.org/parameters/4-350>		<http://ids.clld.org/values/4-350-280-1>		"'wiko"@pcp	
"tan.3"@cdy	<http://ids.clld.org/values/8-540-418-1>		<http://ids.clld.org/parameters/8-540>		<http://ids.clld.org/values/8-540-280-1>		"ta'pono"@pcp	
"ti.2 pi:k.7"@cdy	<http://ids.clld.org/values/2-220-418-1>		<http://ids.clld.org/parameters/2-220>		<http://ids.clld.org/values/2-220-280-1>		"'yoṣ̌a"@pcp	
"lak.8 cəm.2"@cdy	<http://ids.clld.org/values/12-850-418-3>		<http://ids.clld.org/parameters/12-850>		<http://ids.clld.org/values/12-850-280-1>		"'kini"@pcp	
"məm.6"@cdy	<http://ids.clld.org/values/3-650-418-1>		<http://ids.clld.org/parameters/3-650>		<http://ids.clld.org/values/3-650-280-3>		"'woɨ"@pcp	
"məm.6"@cdy	<http://ids.clld.org/values/3-650-418-1>		<http://ids.clld.org/parameters/3-650>		<http://ids.clld.org/values/3-650-280-1>		"sa'nino"@pcp	
"kəm.2"@cdy	<http://ids.clld.org/values/12-850-418-1>		<http://ids.clld.org/parameters/12-850>		<http://ids.clld.org/values/12-850-280-1>		"'kini"@pcp	
"kwi.1"@cdy	<http://ids.clld.org/values/3-980-418-1>		<http://ids.clld.org/parameters/3-980>		<http://ids.clld.org/values/3-980-280-1>		"'ṣ̌awɨ"@pcp	
"ni.4 ta.1"@cdy	<http://ids.clld.org/values/3-810-418-1>		<http://ids.clld.org/parameters/3-810>		<http://ids.clld.org/values/3-810-280-1>		"wɨ'oso"@pcp	
"hwa.5"@cdy	<http://ids.clld.org/values/8-560-418-1>		<http://ids.clld.org/parameters/8-560>		<http://ids.clld.org/values/8-560-280-1>		"'pɨʔi"@pcp	
"kəp.7"@cdy	<http://ids.clld.org/values/3-950-418-1>		<http://ids.clld.org/parameters/3-950>		<http://ids.clld.org/values/3-950-280-1>		"wɨṣ̌ko"@pcp	
"van.1 cuŋ.1"@cdy	<http://ids.clld.org/values/14-410-418-1>		<http://ids.clld.org/parameters/14-410>		<http://ids.clld.org/values/14-410-280-1>		"'waři"@pcp	
"sü.3 kuə.3"@cdy	<http://ids.clld.org/values/5-710-418-1>		<http://ids.clld.org/parameters/5-710>		<http://ids.clld.org/values/5-710-280-1>		"'kɨo"@pcp	
"ŋjai.6"@cdy	<http://ids.clld.org/values/4-208-418-1>		<http://ids.clld.org/parameters/4-208>		<http://ids.clld.org/values/4-208-280-1>		"'tamo"@pcp	
"khuə.1"@cdy	<http://ids.clld.org/values/3-580-418-1>		<http://ids.clld.org/parameters/3-580>		<http://ids.clld.org/values/3-580-280-1>		"'naʔa"@pcp	
"ma.2"@cdy	<http://ids.clld.org/values/4-260-418-1>		<http://ids.clld.org/parameters/4-260>		<http://ids.clld.org/values/4-260-280-1>		"'hana"@pcp	
"fuk.7"@cdy	<http://ids.clld.org/values/1-840-418-1>		<http://ids.clld.org/parameters/1-840>		<http://ids.clld.org/values/1-840-280-1>		"'mišpo"@pcp	
"ni.1"@cdy	<http://ids.clld.org/values/1-360-418-1>		<http://ids.clld.org/parameters/1-360>		<http://ids.clld.org/values/1-360-280-1>		"'ʔani"@pcp	
"ni.1"@cdy	<http://ids.clld.org/values/1-360-418-1>		<http://ids.clld.org/parameters/1-360>		<http://ids.clld.org/values/1-360-280-3>		"'pao"@pcp	
"mi.4"@cdy	<http://ids.clld.org/values/8-600-418-1>		<http://ids.clld.org/parameters/8-600>		<http://ids.clld.org/values/8-600-280-1>		"'hiwi"@pcp	
"naŋ.1"@cdy	<http://ids.clld.org/values/4-230-418-1>		<http://ids.clld.org/parameters/4-230>		<http://ids.clld.org/values/4-230-280-1>		"řɨ'kina"@pcp	
"lak.8 lən.3(1) teŋ.4"@cdy	<http://ids.clld.org/values/2-280-418-1>		<http://ids.clld.org/parameters/2-280>		<http://ids.clld.org/values/2-280-280-1>		"'wakɨ 'pistia"@pcp	
"lak.8 ni.1"@cdy	<http://ids.clld.org/values/1-360-418-3>		<http://ids.clld.org/parameters/1-360>		<http://ids.clld.org/values/1-360-280-1>		"'ʔani"@pcp	
"lak.8 ni.1"@cdy	<http://ids.clld.org/values/1-360-418-3>		<http://ids.clld.org/parameters/1-360>		<http://ids.clld.org/values/1-360-280-3>		"'pao"@pcp	
"phja:t.7"@cdy	<http://ids.clld.org/values/4-150-418-1>		<http://ids.clld.org/parameters/4-150>		<http://ids.clld.org/values/4-150-280-1>		"'himi"@pcp	
"la:k.7"@cdy	<http://ids.clld.org/values/9-190-418-1>		<http://ids.clld.org/parameters/9-190>		<http://ids.clld.org/values/9-190-280-1>		"'taška"@pcp	
"lha:n.3"@cdy	<http://ids.clld.org/values/15-660-418-1>		<http://ids.clld.org/parameters/15-660>		<http://ids.clld.org/values/15-660-280-1>		"'šini"@pcp	
"wi.1 kwan.2"@cdy	<http://ids.clld.org/values/1-830-418-3>		<http://ids.clld.org/parameters/1-830>		<http://ids.clld.org/values/1-830-280-1>		"ko'ʔina"@pcp	
"fe.4"@cdy	<http://ids.clld.org/values/9-110-418-1>		<http://ids.clld.org/parameters/9-110>		<http://ids.clld.org/values/9-110-280-1>		"i'wɨ"@pcp	
"pa:n.1"@cdy	<http://ids.clld.org/values/2-310-418-1>		<http://ids.clld.org/parameters/2-310>		<http://ids.clld.org/values/2-310-280-1>		"'wɨnɨ"@pcp	
"om.5 jam.1"@cdy	<http://ids.clld.org/values/3-596-418-1>		<http://ids.clld.org/parameters/3-596>		<http://ids.clld.org/values/3-596-280-1>		"'popo"@pcp	
"tuŋ.4 shö.1"@cdy	<http://ids.clld.org/values/8-810-418-1>		<http://ids.clld.org/parameters/8-810>		<http://ids.clld.org/values/8-810-280-1>		"'koti"@pcp	
"hwon.1"@cdy	<http://ids.clld.org/values/1-750-418-3>		<http://ids.clld.org/parameters/1-750>		<http://ids.clld.org/values/1-750-280-3>		"ʔo'i"@pcp	
"hwon.1"@cdy	<http://ids.clld.org/values/1-750-418-3>		<http://ids.clld.org/parameters/1-750>		<http://ids.clld.org/values/1-750-280-1>		"o'i"@pcp	
"ma:i.4"@cdy	<http://ids.clld.org/values/2-320-418-1>		<http://ids.clld.org/parameters/2-320>		<http://ids.clld.org/values/2-320-280-1>		"ʔa'wini"@pcp	
"ćai.5"@cdy	<http://ids.clld.org/values/5-970-418-1>		<http://ids.clld.org/parameters/5-970>		<http://ids.clld.org/values/5-970-280-1>		"'wači"@pcp	
"la.1"@cdy	<http://ids.clld.org/values/4-210-418-1>		<http://ids.clld.org/parameters/4-210>		<http://ids.clld.org/values/4-210-280-1>		"'wɨřo"@pcp	
"hja.1"@cdy	<http://ids.clld.org/values/13-20-418-1>		<http://ids.clld.org/parameters/13-20>		<http://ids.clld.org/values/13-20-280-1>		"ra'wɨ"@pcp	
"ńok.8"@cdy	<http://ids.clld.org/values/3-581-418-1>		<http://ids.clld.org/parameters/3-581>		<http://ids.clld.org/values/3-581-280-1>		"'isko"@pcp	
"lan.1"@cdy	<http://ids.clld.org/values/15-810-418-1>		<http://ids.clld.org/parameters/15-810>		<http://ids.clld.org/values/15-810-280-1>		"'iwɨ"@pcp	
"kwa.3"@cdy	<http://ids.clld.org/values/15-640-418-1>		<http://ids.clld.org/parameters/15-640>		<http://ids.clld.org/values/15-640-280-1>		"'hoṣ̌o"@pcp	
"ti.2 pa:n.1"@cdy	<http://ids.clld.org/values/2-210-418-1>		<http://ids.clld.org/parameters/2-210>		<http://ids.clld.org/values/2-210-280-1>		"'honi"@pcp	
"ma.0 fuŋ.1"@cdy	<http://ids.clld.org/values/3-823-418-1>		<http://ids.clld.org/parameters/3-823>		<http://ids.clld.org/values/3-823-280-1>		"'wina"@pcp	
"ja.5"@cdy	<http://ids.clld.org/values/8-120-418-1>		<http://ids.clld.org/parameters/8-120>		<http://ids.clld.org/values/8-120-280-1>		"'wai"@pcp	
"njeŋ.2 ka:ŋ.1"@cdy	<http://ids.clld.org/values/1-530-418-1>		<http://ids.clld.org/parameters/1-530>		<http://ids.clld.org/values/1-530-280-1>		"'ʔoṣ̌ɨ"@pcp	
"mha:k.7"@cdy	<http://ids.clld.org/values/9-270-418-1>		<http://ids.clld.org/parameters/9-270>		<http://ids.clld.org/values/9-270-280-1>		"ma'tošmaki"@pcp	
"mi.1"@cdy	<http://ids.clld.org/values/4-330-418-1>		<http://ids.clld.org/parameters/4-330>		<http://ids.clld.org/values/4-330-280-1>		"mɨ'kɨna"@pcp	
"tau.2 fu.3"@cdy	<http://ids.clld.org/values/9-250-418-1>		<http://ids.clld.org/parameters/9-250>		<http://ids.clld.org/values/9-250-280-1>		"[hača]"@pcp	
"wi.1"@cdy	<http://ids.clld.org/values/1-810-418-1>		<http://ids.clld.org/parameters/1-810>		<http://ids.clld.org/values/1-810-280-1>		"'čiʔi"@pcp	
"fa.3"@cdy	<http://ids.clld.org/values/1-730-418-1>		<http://ids.clld.org/parameters/1-730>		<http://ids.clld.org/values/1-730-280-1>		"'c̷ɨmo"@pcp	
"mən.2"@cdy	<http://ids.clld.org/values/2-930-418-1>		<http://ids.clld.org/parameters/2-930>		<http://ids.clld.org/values/2-930-280-1>		"'haa"@pcp	
"mok.8 su.3"@cdy	<http://ids.clld.org/values/8-920-418-1>		<http://ids.clld.org/parameters/8-920>		<http://ids.clld.org/values/8-920-280-1>		"'ac̷a"@pcp	
"jin.4 wu.3"@cdy	<http://ids.clld.org/values/3-592-418-1>		<http://ids.clld.org/parameters/3-592>		<http://ids.clld.org/values/3-592-280-1>		"'wawa"@pcp	
"shö.1"@cdy	<http://ids.clld.org/values/9-780-418-1>		<http://ids.clld.org/parameters/9-780>		<http://ids.clld.org/values/9-780-280-1>		"'sota"@pcp	
"fən.1"@cdy	<http://ids.clld.org/values/1-750-418-1>		<http://ids.clld.org/parameters/1-750>		<http://ids.clld.org/values/1-750-280-3>		"ʔo'i"@pcp	
"fən.1"@cdy	<http://ids.clld.org/values/1-750-418-1>		<http://ids.clld.org/parameters/1-750>		<http://ids.clld.org/values/1-750-280-1>		"o'i"@pcp	
"paŋ.3(4) mi.1"@cdy	<http://ids.clld.org/values/4-310-418-1>		<http://ids.clld.org/parameters/4-310>		<http://ids.clld.org/values/4-310-280-1>		"po'yana"@pcp	
"lök.7 tau.5"@cdy	<http://ids.clld.org/values/8-470-418-1>		<http://ids.clld.org/parameters/8-470>		<http://ids.clld.org/values/8-470-280-1>		"'ṣ̌ɨki"@pcp	
"ŋa.2 chi.3"@cdy	<http://ids.clld.org/values/4-270-418-1>		<http://ids.clld.org/parameters/4-270>		<http://ids.clld.org/values/4-270-280-1>		"'ṣ̌ɨna"@pcp	
"luk.7"@cdy	<http://ids.clld.org/values/9-360-418-1>		<http://ids.clld.org/parameters/9-360>		<http://ids.clld.org/values/9-360-280-1>		"'aši"@pcp	
"pi.2"@cdy	<http://ids.clld.org/values/4-120-418-1>		<http://ids.clld.org/parameters/4-120>		<http://ids.clld.org/values/4-120-280-1>		"'wiči"@pcp	
"sham.4 tau.2"@cdy	<http://ids.clld.org/values/4-440-418-1>		<http://ids.clld.org/parameters/4-440>		<http://ids.clld.org/values/4-440-280-1>		"howi'ti"@pcp	
"hja:i.6"@cdy	<http://ids.clld.org/values/15-780-418-1>		<http://ids.clld.org/parameters/15-780>		<http://ids.clld.org/values/15-780-280-1>		"'ɨika"@pcp	
"hja:n.1"@cdy	<http://ids.clld.org/values/7-120-418-1>		<http://ids.clld.org/parameters/7-120>		<http://ids.clld.org/values/7-120-280-1>		"'ṣ̌owo"@pcp	
"pən.1"@cdy	<http://ids.clld.org/values/1-510-418-1>		<http://ids.clld.org/parameters/1-510>		<http://ids.clld.org/values/1-510-280-1>		"na'ipa"@pcp	
"cü.2 shai.3"@cdy	<http://ids.clld.org/values/6-760-418-1>		<http://ids.clld.org/parameters/6-760>		<http://ids.clld.org/values/6-760-280-1>		"'kisi"@pcp	
"sa:n.4 pa.1"@cdy	<http://ids.clld.org/values/3-750-418-1>		<http://ids.clld.org/parameters/3-750>		<http://ids.clld.org/values/3-750-280-1>		"'čaṣ̌o"@pcp	
"pe.4 khja.1"@cdy	<http://ids.clld.org/values/4-220-418-1>		<http://ids.clld.org/parameters/4-220>		<http://ids.clld.org/values/4-220-280-1>		"'paʔoki"@pcp	
"ćo.3 pjam.1"@cdy	<http://ids.clld.org/values/4-140-418-1>		<http://ids.clld.org/parameters/4-140>		<http://ids.clld.org/values/4-140-280-1>		"'woo"@pcp	
"ti.1"@cdy	<http://ids.clld.org/values/2-350-418-1>		<http://ids.clld.org/parameters/2-350>		<http://ids.clld.org/values/2-350-280-1>		"'ɨpa"@pcp	
"ti.1"@cdy	<http://ids.clld.org/values/2-350-418-1>		<http://ids.clld.org/parameters/2-350>		<http://ids.clld.org/values/2-350-280-3>		"'ʔɨpa"@pcp	
"ji:k.7"@cdy	<http://ids.clld.org/values/5-140-418-1>		<http://ids.clld.org/parameters/5-140>		<http://ids.clld.org/values/5-140-280-1>		"paṣ̌na'hai"@pcp	
"kwan.2"@cdy	<http://ids.clld.org/values/1-830-418-1>		<http://ids.clld.org/parameters/1-830>		<http://ids.clld.org/values/1-830-280-1>		"ko'ʔina"@pcp	
"hwa.1"@cdy	<http://ids.clld.org/values/8-570-418-1>		<http://ids.clld.org/parameters/8-570>		<http://ids.clld.org/values/8-570-280-3>		"řeṣ̌'pana"@pcp	
"hwa.1"@cdy	<http://ids.clld.org/values/8-570-418-1>		<http://ids.clld.org/parameters/8-570>		<http://ids.clld.org/values/8-570-280-1>		"'hoa"@pcp	
"lhaŋ.1 cjek.8"@cdy	<http://ids.clld.org/values/15-510-418-1>		<http://ids.clld.org/parameters/15-510>		<http://ids.clld.org/values/15-510-280-1>		"his'pa"@pcp	
"lhaŋ.1 cjek.8"@cdy	<http://ids.clld.org/values/15-510-418-1>		<http://ids.clld.org/parameters/15-510>		<http://ids.clld.org/values/15-510-280-3>		"'hisna"@pcp	
"kut.7"@cdy	<http://ids.clld.org/values/4-160-418-1>		<http://ids.clld.org/parameters/4-160>		<http://ids.clld.org/values/4-160-280-1>		"'ṣ̌ao"@pcp	
"lət.7"@cdy	<http://ids.clld.org/values/1-880-418-1>		<http://ids.clld.org/parameters/1-880>		<http://ids.clld.org/values/1-880-280-1>		"'kařo"@pcp	
"ni.4 fai.5"@cdy	<http://ids.clld.org/values/1-520-418-1>		<http://ids.clld.org/parameters/1-520>		<http://ids.clld.org/values/1-520-280-1>		"'waři"@pcp	
"tin.1"@cdy	<http://ids.clld.org/values/4-370-418-1>		<http://ids.clld.org/parameters/4-370>		<http://ids.clld.org/values/4-370-280-1>		"'taʔɨ"@pcp	
"nu:t.8"@cdy	<http://ids.clld.org/values/4-142-418-1>		<http://ids.clld.org/parameters/4-142>		<http://ids.clld.org/values/4-142-280-1>		"'kɨni"@pcp	
"ni.4 kwai.3"@cdy	<http://ids.clld.org/values/3-950-418-3>		<http://ids.clld.org/parameters/3-950>		<http://ids.clld.org/values/3-950-280-1>		"wɨṣ̌ko"@pcp	
"tap.7"@cdy	<http://ids.clld.org/values/4-450-418-1>		<http://ids.clld.org/parameters/4-450>		<http://ids.clld.org/values/4-450-280-1>		"'taka"@pcp	
