"ću:ŋ.3"@cdy	<http://ids.clld.org/values/13-150-418-1>		<http://ids.clld.org/parameters/13-150>		<http://ids.clld.org/values/13-150-209-1>		"māk"@xto	
"ta:n.1"@cdy	<http://ids.clld.org/values/13-330-418-3>		<http://ids.clld.org/parameters/13-330>		<http://ids.clld.org/values/13-330-209-3>		"snāki"@xto	
"ta:n.1"@cdy	<http://ids.clld.org/values/13-330-418-3>		<http://ids.clld.org/parameters/13-330>		<http://ids.clld.org/values/13-330-209-1>		"sasak"@xto	
"kəm.5"@cdy	<http://ids.clld.org/values/12-260-418-1>		<http://ids.clld.org/parameters/12-260>		<http://ids.clld.org/values/12-260-209-5>		"wāl-"@xto	
"kəm.5"@cdy	<http://ids.clld.org/values/12-260-418-1>		<http://ids.clld.org/parameters/12-260>		<http://ids.clld.org/values/12-260-209-3>		"räk-"@xto	
"kəm.5"@cdy	<http://ids.clld.org/values/12-260-418-1>		<http://ids.clld.org/parameters/12-260>		<http://ids.clld.org/values/12-260-209-1>		"ep-"@xto	
"pə.1"@cdy	<http://ids.clld.org/values/10-470-418-1>		<http://ids.clld.org/parameters/10-470>		<http://ids.clld.org/values/10-470-209-5>		"kälk-"@xto	
"pə.1"@cdy	<http://ids.clld.org/values/10-470-418-1>		<http://ids.clld.org/parameters/10-470>		<http://ids.clld.org/values/10-470-209-1>		"i-"@xto	
"pə.1"@cdy	<http://ids.clld.org/values/10-470-418-1>		<http://ids.clld.org/parameters/10-470>		<http://ids.clld.org/values/10-470-209-3>		"yeṣ"@xto	
"na.3 tak.7"@cdy	<http://ids.clld.org/values/4-400-418-1>		<http://ids.clld.org/parameters/4-400>		<http://ids.clld.org/values/4-400-209-1>		"pratsak"@xto	
"phuŋ.5"@cdy	<http://ids.clld.org/values/1-213-418-1>		<http://ids.clld.org/parameters/1-213>		<http://ids.clld.org/values/1-213-209-3>		"tor"@xto	
"phuŋ.5"@cdy	<http://ids.clld.org/values/1-213-418-1>		<http://ids.clld.org/parameters/1-213>		<http://ids.clld.org/values/1-213-209-1>		"twe"@xto	
"she.5"@cdy	<http://ids.clld.org/values/12-560-418-1>		<http://ids.clld.org/parameters/12-560>		<http://ids.clld.org/values/12-560-209-1>		"lykäly"@xto	
"kən.6 ću:ŋ.3"@cdy	<http://ids.clld.org/values/13-160-418-1>		<http://ids.clld.org/parameters/13-160>		<http://ids.clld.org/values/13-160-209-1>		"ṣokyo"@xto	
"kən.6 ću:ŋ.3"@cdy	<http://ids.clld.org/values/13-160-418-1>		<http://ids.clld.org/parameters/13-160>		<http://ids.clld.org/values/13-160-209-3>		"lyutār"@xto	
"jam.1"@cdy	<http://ids.clld.org/values/12-670-418-1>		<http://ids.clld.org/parameters/12-670>		<http://ids.clld.org/values/12-670-209-1>		"kupār"@xto	
"cau.4 uk.7"@cdy	<http://ids.clld.org/values/15-550-418-1>		<http://ids.clld.org/parameters/15-550>		<http://ids.clld.org/values/15-550-209-1>		"läks-"@xto	
"lai.4"@cdy	<http://ids.clld.org/values/11-160-418-1>		<http://ids.clld.org/parameters/11-160>		<http://ids.clld.org/values/11-160-209-1>		"kälp-"@xto	
"ciu.4 je.1"@cdy	<http://ids.clld.org/values/16-450-418-1>		<http://ids.clld.org/parameters/16-450>		<http://ids.clld.org/values/16-450-209-1>		"kip"@xto	
"maŋ.4"@cdy	<http://ids.clld.org/values/16-270-418-1>		<http://ids.clld.org/parameters/16-270>		<http://ids.clld.org/values/16-270-209-1>		"tunk-iɲɲ-"@xto	
"shjeŋ.3"@cdy	<http://ids.clld.org/values/21-520-418-1>		<http://ids.clld.org/parameters/21-520>		<http://ids.clld.org/values/21-520-209-1>		"lyäk"@xto	
"zö.2 ni.4"@cdy	<http://ids.clld.org/values/3-280-418-1>		<http://ids.clld.org/parameters/3-280>		<http://ids.clld.org/values/3-280-209-1>		"āù"@xto	
"kwe.2"@cdy	<http://ids.clld.org/values/17-560-418-1>		<http://ids.clld.org/parameters/17-560>		<http://ids.clld.org/values/17-560-209-1>		"mā"@xto	
"laŋ.6"@cdy	<http://ids.clld.org/values/10-510-418-1>		<http://ids.clld.org/parameters/10-510>		<http://ids.clld.org/values/10-510-209-1>		"mlusk-"@xto	
"khu:t.7"@cdy	<http://ids.clld.org/values/12-610-418-1>		<http://ids.clld.org/parameters/12-610>		<http://ids.clld.org/values/12-610-209-1>		"wärts"@xto	
"ćuŋ.1"@cdy	<http://ids.clld.org/values/20-240-418-1>		<http://ids.clld.org/parameters/20-240>		<http://ids.clld.org/values/20-240-209-1>		"aɲcäl"@xto	
"man.2"@cdy	<http://ids.clld.org/values/5-791-418-1>		<http://ids.clld.org/parameters/5-791>		<http://ids.clld.org/values/5-791-209-1>		"ṣälyp"@xto	
"te.2 jit.7"@cdy	<http://ids.clld.org/values/13-340-418-1>		<http://ids.clld.org/parameters/13-340>		<http://ids.clld.org/values/13-340-209-1>		"maltowinu"@xto	
"wan.1 na:i.4"@cdy	<http://ids.clld.org/values/14-470-418-1>		<http://ids.clld.org/parameters/14-470>		<http://ids.clld.org/values/14-470-209-1>		"ārśo"@xto	
"ću.6"@cdy	<http://ids.clld.org/values/11-250-418-1>		<http://ids.clld.org/parameters/11-250>		<http://ids.clld.org/values/11-250-209-1>		"tsälp-"@xto	
"lim.2 lha:i.1"@cdy	<http://ids.clld.org/values/12-11-418-1>		<http://ids.clld.org/parameters/12-11>		<http://ids.clld.org/values/12-11-209-1>		"särki"@xto	
"piŋ.1"@cdy	<http://ids.clld.org/values/10-370-418-1>		<http://ids.clld.org/parameters/10-370>		<http://ids.clld.org/values/10-370-209-3>		"säl-"@xto	
"piŋ.1"@cdy	<http://ids.clld.org/values/10-370-418-1>		<http://ids.clld.org/parameters/10-370>		<http://ids.clld.org/values/10-370-209-1>		"plu-"@xto	
"kjem.6"@cdy	<http://ids.clld.org/values/20-270-418-1>		<http://ids.clld.org/parameters/20-270>		<http://ids.clld.org/values/20-270-209-1>		"kāre"@xto	
"fa:t.7 khi.6"@cdy	<http://ids.clld.org/values/16-420-418-1>		<http://ids.clld.org/parameters/16-420>		<http://ids.clld.org/values/16-420-209-1>		"tärm-"@xto	
"pə.1 muə.1"@cdy	<http://ids.clld.org/values/10-481-418-3>		<http://ids.clld.org/parameters/10-481>		<http://ids.clld.org/values/10-481-209-1>		"lotk-"@xto	
"lən.1"@cdy	<http://ids.clld.org/values/2-100-418-1>		<http://ids.clld.org/parameters/2-100>		<http://ids.clld.org/values/2-100-209-1>		"napeṃ"@xto	
"hjo.1"@cdy	<http://ids.clld.org/values/12-540-418-1>		<http://ids.clld.org/parameters/12-540>		<http://ids.clld.org/values/12-540-209-1>		"me-"@xto	
"ŋjai.6"@cdy	<http://ids.clld.org/values/4-207-418-1>		<http://ids.clld.org/parameters/4-207>		<http://ids.clld.org/values/4-207-209-1>		"śanweṃ"@xto	
"ńam.1 lhap.7"@cdy	<http://ids.clld.org/values/14-420-418-1>		<http://ids.clld.org/parameters/14-420>		<http://ids.clld.org/values/14-420-209-1>		"wṣe"@xto	
"ńam.1 lhap.7"@cdy	<http://ids.clld.org/values/14-420-418-1>		<http://ids.clld.org/parameters/14-420>		<http://ids.clld.org/values/14-420-209-3>		"oṣeɲi"@xto	
"jüen.2 jin.1"@cdy	<http://ids.clld.org/values/17-420-418-1>		<http://ids.clld.org/parameters/17-420>		<http://ids.clld.org/values/17-420-209-1>		"ṣurm"@xto	
"hjet.7"@cdy	<http://ids.clld.org/values/4-912-418-1>		<http://ids.clld.org/parameters/4-912>		<http://ids.clld.org/values/4-912-209-1>		"āɲu"@xto	
"pu.6 nham.3"@cdy	<http://ids.clld.org/values/5-860-418-1>		<http://ids.clld.org/parameters/5-860>		<http://ids.clld.org/values/5-860-209-1>		"malke"@xto	
"khuŋ.4(1) khi.6"@cdy	<http://ids.clld.org/values/1-710-418-1>		<http://ids.clld.org/parameters/1-710>		<http://ids.clld.org/values/1-710-209-1>		"eprer-"@xto	
"ciu.4(6) laŋ.1"@cdy	<http://ids.clld.org/values/11-240-418-1>		<http://ids.clld.org/parameters/11-240>		<http://ids.clld.org/values/11-240-209-1>		"pās-"@xto	
"mi.4 ljen.1"@cdy	<http://ids.clld.org/values/8-760-418-1>		<http://ids.clld.org/parameters/8-760>		<http://ids.clld.org/values/8-760-209-1>		"śuk"@xto	
"pa:k.7"@cdy	<http://ids.clld.org/values/4-240-418-1>		<http://ids.clld.org/parameters/4-240>		<http://ids.clld.org/values/4-240-209-1>		"ko"@xto	
"nham.3"@cdy	<http://ids.clld.org/values/1-310-418-1>		<http://ids.clld.org/parameters/1-310>		<http://ids.clld.org/values/1-310-209-3>		"wräntu"@xto	
"nham.3"@cdy	<http://ids.clld.org/values/1-310-418-1>		<http://ids.clld.org/parameters/1-310>		<http://ids.clld.org/values/1-310-209-1>		"wär"@xto	
"kwa.4"@cdy	<http://ids.clld.org/values/9-341-418-1>		<http://ids.clld.org/parameters/9-341>		<http://ids.clld.org/values/9-341-209-1>		"länk-"@xto	
"chü.1"@cdy	<http://ids.clld.org/values/10-340-418-1>		<http://ids.clld.org/parameters/10-340>		<http://ids.clld.org/values/10-340-209-1>		"plu-"@xto	
"tik.7"@cdy	<http://ids.clld.org/values/13-210-418-1>		<http://ids.clld.org/parameters/13-210>		<http://ids.clld.org/values/13-210-209-1>		"ypic"@xto	
"kuk.7"@cdy	<http://ids.clld.org/values/6-120-418-1>		<http://ids.clld.org/parameters/6-120>		<http://ids.clld.org/values/6-120-209-1>		"wsal"@xto	
"la:ŋ.5"@cdy	<http://ids.clld.org/values/12-120-418-1>		<http://ids.clld.org/parameters/12-120>		<http://ids.clld.org/values/12-120-209-1>		"tā-"@xto	
"lhu:i.5"@cdy	<http://ids.clld.org/values/10-473-418-1>		<http://ids.clld.org/parameters/10-473>		<http://ids.clld.org/values/10-473-209-1>		"kārp-"@xto	
"wa:n.1"@cdy	<http://ids.clld.org/values/9-140-418-1>		<http://ids.clld.org/parameters/9-140>		<http://ids.clld.org/values/9-140-209-1>		"näm-"@xto	
"jem.2 lha:i.1"@cdy	<http://ids.clld.org/values/12-10-418-1>		<http://ids.clld.org/parameters/12-10>		<http://ids.clld.org/values/12-10-209-1>		"särki"@xto	
"zü.2"@cdy	<http://ids.clld.org/values/3-850-418-1>		<http://ids.clld.org/parameters/3-850>		<http://ids.clld.org/values/3-850-209-1>		"ārṣal"@xto	
"i.4 shjen.2"@cdy	<http://ids.clld.org/values/12-40-418-1>		<http://ids.clld.org/parameters/12-40>		<http://ids.clld.org/values/12-40-209-1>		"anapär"@xto	
"ta:u.1"@cdy	<http://ids.clld.org/values/7-420-418-1>		<http://ids.clld.org/parameters/7-420>		<http://ids.clld.org/values/7-420-209-1>		"lake"@xto	
"shi.5"@cdy	<http://ids.clld.org/values/13-40-418-1>		<http://ids.clld.org/parameters/13-40>		<http://ids.clld.org/values/13-40-209-1>		"śtwar"@xto	
"ju.2"@cdy	<http://ids.clld.org/values/5-790-418-1>		<http://ids.clld.org/parameters/5-790>		<http://ids.clld.org/values/5-790-209-1>		"ṣälyp"@xto	
"cau.4"@cdy	<http://ids.clld.org/values/11-130-418-3>		<http://ids.clld.org/parameters/11-130>		<http://ids.clld.org/values/11-130-209-1>		"eṃts-"@xto	
"la:u.6"@cdy	<http://ids.clld.org/values/13-330-418-1>		<http://ids.clld.org/parameters/13-330>		<http://ids.clld.org/values/13-330-209-3>		"snāki"@xto	
"la:u.6"@cdy	<http://ids.clld.org/values/13-330-418-1>		<http://ids.clld.org/parameters/13-330>		<http://ids.clld.org/values/13-330-209-1>		"sasak"@xto	
"fa:i.4 nuŋ.4"@cdy	<http://ids.clld.org/values/2-440-418-1>		<http://ids.clld.org/parameters/2-440>		<http://ids.clld.org/values/2-440-209-1>		"pracar"@xto	
"me.4 niŋ.5"@cdy	<http://ids.clld.org/values/13-230-418-1>		<http://ids.clld.org/parameters/13-230>		<http://ids.clld.org/values/13-230-209-1>		"pāk"@xto	
"tak.8 po.4"@cdy	<http://ids.clld.org/values/3-210-418-1>		<http://ids.clld.org/parameters/3-210>		<http://ids.clld.org/values/3-210-209-1>		"kayurṣ"@xto	
"tui.1 she.6"@cdy	<http://ids.clld.org/values/12-213-418-1>		<http://ids.clld.org/parameters/12-213>		<http://ids.clld.org/values/12-213-209-1>		"krop-"@xto	
"sü.3 kau.1"@cdy	<http://ids.clld.org/values/8-170-418-1>		<http://ids.clld.org/parameters/8-170>		<http://ids.clld.org/values/8-170-209-1>		"yṣaṃ"@xto	
"je.2"@cdy	<http://ids.clld.org/values/2-910-418-1>		<http://ids.clld.org/parameters/2-910>		<http://ids.clld.org/values/2-910-209-1>		"näṣ"@xto	
"je.2"@cdy	<http://ids.clld.org/values/2-910-418-1>		<http://ids.clld.org/parameters/2-910>		<http://ids.clld.org/values/2-910-209-3>		"ɲuk"@xto	
"chəŋ.4 chu.3"@cdy	<http://ids.clld.org/values/17-340-418-1>		<http://ids.clld.org/parameters/17-340>		<http://ids.clld.org/values/17-340-209-1>		"āṣtär"@xto	
"pe.1"@cdy	<http://ids.clld.org/values/14-730-418-1>		<http://ids.clld.org/parameters/14-730>		<http://ids.clld.org/values/14-730-209-1>		"pùkäl"@xto	
"kwi.6"@cdy	<http://ids.clld.org/values/11-880-418-1>		<http://ids.clld.org/parameters/11-880>		<http://ids.clld.org/values/11-880-209-1>		"kāpɲe"@xto	
"ti.6"@cdy	<http://ids.clld.org/values/1-210-418-1>		<http://ids.clld.org/parameters/1-210>		<http://ids.clld.org/values/1-210-209-1>		"tkaṃ"@xto	
"kwa:n.1"@cdy	<http://ids.clld.org/values/12-250-418-1>		<http://ids.clld.org/parameters/12-250>		<http://ids.clld.org/values/12-250-209-1>		"prutk-"@xto	
"ćo.3"@cdy	<http://ids.clld.org/values/4-200-418-1>		<http://ids.clld.org/parameters/4-200>		<http://ids.clld.org/values/4-200-209-1>		"mrāc"@xto	
"ćo.3"@cdy	<http://ids.clld.org/values/4-200-418-1>		<http://ids.clld.org/parameters/4-200>		<http://ids.clld.org/values/4-200-209-3>		"lap"@xto	
"za.2 jam.1"@cdy	<http://ids.clld.org/values/15-440-418-1>		<http://ids.clld.org/parameters/15-440>		<http://ids.clld.org/values/15-440-209-1>		"waśeṃ"@xto	
"kat.7"@cdy	<http://ids.clld.org/values/9-220-418-1>		<http://ids.clld.org/parameters/9-220>		<http://ids.clld.org/values/9-220-209-1>		"karṣt-"@xto	
"kat.7"@cdy	<http://ids.clld.org/values/9-220-418-1>		<http://ids.clld.org/parameters/9-220>		<http://ids.clld.org/values/9-220-209-3>		"lātk-"@xto	
"kat.7"@cdy	<http://ids.clld.org/values/9-220-418-1>		<http://ids.clld.org/parameters/9-220>		<http://ids.clld.org/values/9-220-209-5>		"prutk-"@xto	
"tu.2 ta:u.3"@cdy	<http://ids.clld.org/values/12-110-418-1>		<http://ids.clld.org/parameters/12-110>		<http://ids.clld.org/values/12-110-209-1>		"wṣeɲɲe"@xto	
"tu.2 ta:u.3"@cdy	<http://ids.clld.org/values/12-110-418-1>		<http://ids.clld.org/parameters/12-110>		<http://ids.clld.org/values/12-110-209-3>		"śmoɲɲe"@xto	
"pek.7"@cdy	<http://ids.clld.org/values/13-105-418-1>		<http://ids.clld.org/parameters/13-105>		<http://ids.clld.org/values/13-105-209-1>		"känt"@xto	
"hu.2"@cdy	<http://ids.clld.org/values/5-340-418-1>		<http://ids.clld.org/parameters/5-340>		<http://ids.clld.org/values/5-340-209-1>		"[kunti]"@xto	
"na:n.2"@cdy	<http://ids.clld.org/values/17-470-418-1>		<http://ids.clld.org/parameters/17-470>		<http://ids.clld.org/values/17-470-209-1>		"māski"@xto	
"jüen.2 lia:ŋ.6"@cdy	<http://ids.clld.org/values/16-690-418-1>		<http://ids.clld.org/parameters/16-690>		<http://ids.clld.org/values/16-690-209-1>		"[kṣānti]"@xto	
"nho.1"@cdy	<http://ids.clld.org/values/15-860-418-1>		<http://ids.clld.org/parameters/15-860>		<http://ids.clld.org/values/15-860-209-1>		"kùraś"@xto	
"thau.5"@cdy	<http://ids.clld.org/values/10-550-418-1>		<http://ids.clld.org/parameters/10-550>		<http://ids.clld.org/values/10-550-209-1>		"yom-"@xto	
"she.1"@cdy	<http://ids.clld.org/values/12-460-418-1>		<http://ids.clld.org/parameters/12-460>		<http://ids.clld.org/values/12-460-209-1>		"koṃ-wmānt"@xto	
"wi.3 tə.0 mə.5"@cdy	<http://ids.clld.org/values/17-690-418-1>		<http://ids.clld.org/parameters/17-690>		<http://ids.clld.org/values/17-690-209-1>		"kùyal"@xto	
"zən.4 shai.3"@cdy	<http://ids.clld.org/values/1-540-418-1>		<http://ids.clld.org/parameters/1-540>		<http://ids.clld.org/values/1-540-209-1>		"śre-"@xto	
"həm.4"@cdy	<http://ids.clld.org/values/17-510-418-1>		<http://ids.clld.org/parameters/17-510>		<http://ids.clld.org/values/17-510-209-3>		"yo"@xto	
"həm.4"@cdy	<http://ids.clld.org/values/17-510-418-1>		<http://ids.clld.org/parameters/17-510>		<http://ids.clld.org/values/17-510-209-1>		"śkaṃ"@xto	
"ni.4"@cdy	<http://ids.clld.org/values/2-360-418-1>		<http://ids.clld.org/parameters/2-360>		<http://ids.clld.org/values/2-360-209-1>		"mācar"@xto	
"ćim.1"@cdy	<http://ids.clld.org/values/9-640-418-1>		<http://ids.clld.org/parameters/9-640>		<http://ids.clld.org/values/9-640-209-1>		"wäs"@xto	
"siŋ.4 jam.1"@cdy	<http://ids.clld.org/values/18-110-418-1>		<http://ids.clld.org/parameters/18-110>		<http://ids.clld.org/values/18-110-209-3>		"wak"@xto	
"siŋ.4 jam.1"@cdy	<http://ids.clld.org/values/18-110-418-1>		<http://ids.clld.org/parameters/18-110>		<http://ids.clld.org/values/18-110-209-1>		"waśeṃ"@xto	
"ta:u.4(3) fən.1"@cdy	<http://ids.clld.org/values/1-852-418-1>		<http://ids.clld.org/parameters/1-852>		<http://ids.clld.org/values/1-852-209-1>		"sälp-"@xto	
"che.1 lan.2"@cdy	<http://ids.clld.org/values/10-760-418-1>		<http://ids.clld.org/parameters/10-760>		<http://ids.clld.org/values/10-760-209-1>		"wärkänt"@xto	
"fa:n.1"@cdy	<http://ids.clld.org/values/15-350-418-1>		<http://ids.clld.org/parameters/15-350>		<http://ids.clld.org/values/15-350-209-1>		"swār"@xto	
"chu.1"@cdy	<http://ids.clld.org/values/15-760-418-1>		<http://ids.clld.org/parameters/15-760>		<http://ids.clld.org/values/15-760-209-1>		"āśāwe"@xto	
"ha:k.8"@cdy	<http://ids.clld.org/values/17-242-418-1>		<http://ids.clld.org/parameters/17-242>		<http://ids.clld.org/values/17-242-209-1>		"ākl-"@xto	
"sü.6"@cdy	<http://ids.clld.org/values/11-690-418-1>		<http://ids.clld.org/parameters/11-690>		<http://ids.clld.org/values/11-690-209-1>		"potäk"@xto	
"śi:ŋ.6 sham.1"@cdy	<http://ids.clld.org/values/16-440-418-1>		<http://ids.clld.org/parameters/16-440>		<http://ids.clld.org/values/16-440-209-1>		"eṃts"@xto	
"fa:ŋ.1"@cdy	<http://ids.clld.org/values/6-350-418-1>		<http://ids.clld.org/parameters/6-350>		<http://ids.clld.org/values/6-350-209-1>		"su-"@xto	
"cü.4 lən.1"@cdy	<http://ids.clld.org/values/19-410-418-1>		<http://ids.clld.org/parameters/19-410>		<http://ids.clld.org/values/19-410-209-1>		"nātäk"@xto	
"kai.3 sək.8"@cdy	<http://ids.clld.org/values/17-380-418-1>		<http://ids.clld.org/parameters/17-380>		<http://ids.clld.org/values/17-380-209-1>		"ṣärp-"@xto	
"kok.7 u.4"@cdy	<http://ids.clld.org/values/8-420-418-1>		<http://ids.clld.org/parameters/8-420>		<http://ids.clld.org/values/8-420-209-1>		"wsār"@xto	
"shüen.6 / leu.3"@cdy	<http://ids.clld.org/values/9-343-418-3>		<http://ids.clld.org/parameters/9-343>		<http://ids.clld.org/values/9-343-209-1>		"malyw-"@xto	
"shüen.6 / leu.3"@cdy	<http://ids.clld.org/values/9-343-418-3>		<http://ids.clld.org/parameters/9-343>		<http://ids.clld.org/values/9-343-209-3>		"wnisk-"@xto	
"njuŋ.2"@cdy	<http://ids.clld.org/values/4-857-418-1>		<http://ids.clld.org/parameters/4-857>		<http://ids.clld.org/values/4-857-209-1>		"saku"@xto	
"hwa.3"@cdy	<http://ids.clld.org/values/1-730-418-3>		<http://ids.clld.org/parameters/1-730>		<http://ids.clld.org/values/1-730-209-1>		"tärkär"@xto	
"ću.3"@cdy	<http://ids.clld.org/values/13-90-418-1>		<http://ids.clld.org/parameters/13-90>		<http://ids.clld.org/values/13-90-209-1>		"ɲu"@xto	
"nən.2"@cdy	<http://ids.clld.org/values/16-710-418-1>		<http://ids.clld.org/parameters/16-710>		<http://ids.clld.org/values/16-710-209-1>		"kāsu"@xto	
"ta.4 la:i.1 kut.7"@cdy	<http://ids.clld.org/values/4-191-418-1>		<http://ids.clld.org/parameters/4-191>		<http://ids.clld.org/values/4-191-209-1>		"särśi"@xto	
"lak.8 khun.1"@cdy	<http://ids.clld.org/values/10-720-418-1>		<http://ids.clld.org/parameters/10-720>		<http://ids.clld.org/values/10-720-209-1>		"yme"@xto	
"mi.4"@cdy	<http://ids.clld.org/values/1-420-418-1>		<http://ids.clld.org/parameters/1-420>		<http://ids.clld.org/values/1-420-209-1>		"ṣtām"@xto	
"hau.4 fai.3"@cdy	<http://ids.clld.org/values/16-340-418-1>		<http://ids.clld.org/parameters/16-340>		<http://ids.clld.org/values/16-340-209-1>		"śur-"@xto	
"jen.2 sak.7"@cdy	<http://ids.clld.org/values/15-610-418-1>		<http://ids.clld.org/parameters/15-610>		<http://ids.clld.org/values/15-610-209-1>		"yok"@xto	
"pek.7 na:i.6"@cdy	<http://ids.clld.org/values/14-180-418-1>		<http://ids.clld.org/parameters/14-180>		<http://ids.clld.org/values/14-180-209-1>		"tāpärk"@xto	
"cha:u.3"@cdy	<http://ids.clld.org/values/19-620-418-3>		<http://ids.clld.org/parameters/19-620>		<http://ids.clld.org/values/19-620-209-1>		"kùɲaś"@xto	
"poŋ.4"@cdy	<http://ids.clld.org/values/19-320-418-1>		<http://ids.clld.org/parameters/19-320>		<http://ids.clld.org/values/19-320-209-3>		"lāṃś"@xto	
"poŋ.4"@cdy	<http://ids.clld.org/values/19-320-418-1>		<http://ids.clld.org/parameters/19-320>		<http://ids.clld.org/values/19-320-209-1>		"wäl"@xto	
"fu:ŋ.4 kha.3"@cdy	<http://ids.clld.org/values/12-70-418-1>		<http://ids.clld.org/parameters/12-70>		<http://ids.clld.org/values/12-70-209-3>		"posäṃ"@xto	
"fu:ŋ.4 kha.3"@cdy	<http://ids.clld.org/values/12-70-418-1>		<http://ids.clld.org/parameters/12-70>		<http://ids.clld.org/values/12-70-209-1>		"āɲe"@xto	
"fu:ŋ.4 kha.3"@cdy	<http://ids.clld.org/values/12-70-418-1>		<http://ids.clld.org/parameters/12-70>		<http://ids.clld.org/values/12-70-209-5>		"posac"@xto	
"ja.3 na:n.4"@cdy	<http://ids.clld.org/values/3-110-418-3>		<http://ids.clld.org/parameters/3-110>		<http://ids.clld.org/values/3-110-209-1>		"lu"@xto	
"tan.3"@cdy	<http://ids.clld.org/values/8-540-418-1>		<http://ids.clld.org/parameters/8-540>		<http://ids.clld.org/values/8-540-209-1>		"tsmār"@xto	
"sə.4(1) nun.5"@cdy	<http://ids.clld.org/values/4-144-418-1>		<http://ids.clld.org/parameters/4-144>		<http://ids.clld.org/values/4-144-209-1>		"yok"@xto	
"mian.6"@cdy	<http://ids.clld.org/values/12-360-418-1>		<http://ids.clld.org/parameters/12-360>		<http://ids.clld.org/values/12-360-209-1>		"poṣi"@xto	
"chok.7"@cdy	<http://ids.clld.org/values/16-770-418-1>		<http://ids.clld.org/parameters/16-770>		<http://ids.clld.org/values/16-770-209-1>		"triślune"@xto	
"pa:k.7 to.1"@cdy	<http://ids.clld.org/values/7-220-418-1>		<http://ids.clld.org/parameters/7-220>		<http://ids.clld.org/values/7-220-209-1>		"yokäm"@xto	
"tai.5"@cdy	<http://ids.clld.org/values/10-610-418-1>		<http://ids.clld.org/parameters/10-610>		<http://ids.clld.org/values/10-610-209-1>		"pär-"@xto	
"ti.2 pi:k.7"@cdy	<http://ids.clld.org/values/2-220-418-1>		<http://ids.clld.org/parameters/2-220>		<http://ids.clld.org/values/2-220-209-3>		"kùli"@xto	
"ti.2 pi:k.7"@cdy	<http://ids.clld.org/values/2-220-418-1>		<http://ids.clld.org/parameters/2-220>		<http://ids.clld.org/values/2-220-209-1>		"śäṃ"@xto	
"be.1"@cdy	<http://ids.clld.org/values/18-260-418-1>		<http://ids.clld.org/parameters/18-260>		<http://ids.clld.org/values/18-260-209-1>		"rake"@xto	
"phjai.5"@cdy	<http://ids.clld.org/values/12-430-418-1>		<http://ids.clld.org/parameters/12-430>		<http://ids.clld.org/values/12-430-209-1>		"kātse"@xto	
"sha:i.1"@cdy	<http://ids.clld.org/values/12-232-418-1>		<http://ids.clld.org/parameters/12-232>		<http://ids.clld.org/values/12-232-209-1>		"putk-"@xto	
"pwo.4"@cdy	<http://ids.clld.org/values/12-270-418-1>		<http://ids.clld.org/parameters/12-270>		<http://ids.clld.org/values/12-270-209-1>		"tpuk-"@xto	
"sü.1 po.3"@cdy	<http://ids.clld.org/values/6-720-418-1>		<http://ids.clld.org/parameters/6-720>		<http://ids.clld.org/values/6-720-209-5>		"wmār"@xto	
"sü.1 po.3"@cdy	<http://ids.clld.org/values/6-720-418-1>		<http://ids.clld.org/parameters/6-720>		<http://ids.clld.org/values/6-720-209-1>		"katu"@xto	
"sü.1 po.3"@cdy	<http://ids.clld.org/values/6-720-418-1>		<http://ids.clld.org/parameters/6-720>		<http://ids.clld.org/values/6-720-209-3>		"ɲemi"@xto	
"sü.1 po.3"@cdy	<http://ids.clld.org/values/6-720-418-1>		<http://ids.clld.org/parameters/6-720>		<http://ids.clld.org/values/6-720-209-7>		"yetwe"@xto	
"mi.2(4) luŋ.2"@cdy	<http://ids.clld.org/values/1-410-418-1>		<http://ids.clld.org/parameters/1-410>		<http://ids.clld.org/values/1-410-209-1>		"kārāś"@xto	
"səŋ.6"@cdy	<http://ids.clld.org/values/12-170-418-1>		<http://ids.clld.org/parameters/12-170>		<http://ids.clld.org/values/12-170-209-1>		"lyipär"@xto	
"mə.2 nok.7"@cdy	<http://ids.clld.org/values/12-60-418-1>		<http://ids.clld.org/parameters/12-60>		<http://ids.clld.org/values/12-60-209-1>		"pärne"@xto	
"luŋ.2"@cdy	<http://ids.clld.org/values/4-460-418-1>		<http://ids.clld.org/parameters/4-460>		<http://ids.clld.org/values/4-460-209-1>		"kāts"@xto	
"sa:m.3"@cdy	<http://ids.clld.org/values/10-450-418-1>		<http://ids.clld.org/parameters/10-450>		<http://ids.clld.org/values/10-450-209-1>		"i-"@xto	
"lən.4"@cdy	<http://ids.clld.org/values/12-590-418-1>		<http://ids.clld.org/parameters/12-590>		<http://ids.clld.org/values/12-590-209-1>		"tsru"@xto	
"ŋu:ŋ.3"@cdy	<http://ids.clld.org/values/16-300-418-1>		<http://ids.clld.org/parameters/16-300>		<http://ids.clld.org/values/16-300-209-1>		"yäks-"@xto	
"ji.4 seŋ.1"@cdy	<http://ids.clld.org/values/4-870-418-1>		<http://ids.clld.org/parameters/4-870>		<http://ids.clld.org/values/4-870-209-1>		"sāṃtkenu"@xto	
"śi:ŋ.4 khau.3"@cdy	<http://ids.clld.org/values/4-850-418-3>		<http://ids.clld.org/parameters/4-850>		<http://ids.clld.org/values/4-850-209-1>		"päl"@xto	
"fa:n.1 cü:n.5"@cdy	<http://ids.clld.org/values/10-120-418-1>		<http://ids.clld.org/parameters/10-120>		<http://ids.clld.org/values/10-120-209-1>		"lotk-"@xto	
"kö.1"@cdy	<http://ids.clld.org/values/5-810-418-1>		<http://ids.clld.org/parameters/5-810>		<http://ids.clld.org/values/5-810-209-1>		"sāle"@xto	
"shan.4(1) shi:k.7"@cdy	<http://ids.clld.org/values/2-810-418-1>		<http://ids.clld.org/parameters/2-810>		<http://ids.clld.org/values/2-810-209-1>		"ṣɲaṣṣeɲ"@xto	
"cən.1"@cdy	<http://ids.clld.org/values/16-660-418-1>		<http://ids.clld.org/parameters/16-660>		<http://ids.clld.org/values/16-660-209-1>		"kārme"@xto	
"te.2 ńi.6"@cdy	<http://ids.clld.org/values/13-360-418-1>		<http://ids.clld.org/parameters/13-360>		<http://ids.clld.org/values/13-360-209-1>		"wät"@xto	
"kjet.8 mai.6"@cdy	<http://ids.clld.org/values/14-260-418-1>		<http://ids.clld.org/parameters/14-260>		<http://ids.clld.org/values/14-260-209-1>		"āk"@xto	
"ŋa:p.8 man.2"@cdy	<http://ids.clld.org/values/21-390-418-1>		<http://ids.clld.org/parameters/21-390>		<http://ids.clld.org/values/21-390-209-1>		"protäk"@xto	
"la:m.2"@cdy	<http://ids.clld.org/values/15-670-418-1>		<http://ids.clld.org/parameters/15-670>		<http://ids.clld.org/values/15-670-209-1>		"tseṃ"@xto	
"ku:k.8 ka.1"@cdy	<http://ids.clld.org/values/19-110-418-1>		<http://ids.clld.org/parameters/19-110>		<http://ids.clld.org/values/19-110-209-1>		"ype"@xto	
"lhe.1"@cdy	<http://ids.clld.org/values/18-610-418-1>		<http://ids.clld.org/parameters/18-610>		<http://ids.clld.org/values/18-610-209-3>		"[postäk]"@xto	
"lhe.1"@cdy	<http://ids.clld.org/values/18-610-418-1>		<http://ids.clld.org/parameters/18-610>		<http://ids.clld.org/values/18-610-209-1>		"[postak]"@xto	
"lhaŋ.1"@cdy	<http://ids.clld.org/values/15-520-418-1>		<http://ids.clld.org/parameters/15-520>		<http://ids.clld.org/values/15-520-209-1>		"läk-"@xto	
"la.1 sən.1"@cdy	<http://ids.clld.org/values/4-212-418-1>		<http://ids.clld.org/parameters/4-212>		<http://ids.clld.org/values/4-212-209-1>		"pärwāṃ"@xto	
"ji.5 ćim.3"@cdy	<http://ids.clld.org/values/13-140-418-1>		<http://ids.clld.org/parameters/13-140>		<http://ids.clld.org/values/13-140-209-1>		"pont-"@xto	
"puŋ.2 jau.4"@cdy	<http://ids.clld.org/values/19-510-418-1>		<http://ids.clld.org/parameters/19-510>		<http://ids.clld.org/values/19-510-209-1>		"naṣu"@xto	
"ma.4"@cdy	<http://ids.clld.org/values/3-410-418-1>		<http://ids.clld.org/parameters/3-410>		<http://ids.clld.org/values/3-410-209-1>		"yuk"@xto	
"tə.0 mə.5"@cdy	<http://ids.clld.org/values/17-640-418-1>		<http://ids.clld.org/parameters/17-640>		<http://ids.clld.org/values/17-640-209-1>		"kus"@xto	
"ta:m.4 kak.7"@cdy	<http://ids.clld.org/values/14-240-418-1>		<http://ids.clld.org/parameters/14-240>		<http://ids.clld.org/values/14-240-209-1>		"tänk-"@xto	
"sha:i.1 khai.1"@cdy	<http://ids.clld.org/values/12-230-418-1>		<http://ids.clld.org/parameters/12-230>		<http://ids.clld.org/values/12-230-209-1>		"wätk-"@xto	
"sha:i.1 khai.1"@cdy	<http://ids.clld.org/values/12-230-418-1>		<http://ids.clld.org/parameters/12-230>		<http://ids.clld.org/values/12-230-209-3>		"putk-"@xto	
"hwa.5"@cdy	<http://ids.clld.org/values/8-560-418-1>		<http://ids.clld.org/parameters/8-560>		<http://ids.clld.org/values/8-560-209-1>		"pält"@xto	
"ki.3 ću:ŋ."@cdy	<http://ids.clld.org/values/17-620-418-1>		<http://ids.clld.org/parameters/17-620>		<http://ids.clld.org/values/17-620-209-1>		"kos"@xto	
"khəm.5 jak.7"@cdy	<http://ids.clld.org/values/1-214-418-1>		<http://ids.clld.org/parameters/1-214>		<http://ids.clld.org/values/1-214-209-1>		"lyom (?)"@xto	
"nhau.1 ji:ŋ.6"@cdy	<http://ids.clld.org/values/17-610-418-1>		<http://ids.clld.org/parameters/17-610>		<http://ids.clld.org/values/17-610-209-1>		"mänt"@xto	
"fa:i.4 ji.4"@cdy	<http://ids.clld.org/values/17-430-418-1>		<http://ids.clld.org/parameters/17-430>		<http://ids.clld.org/values/17-430-209-1>		"saɲce"@xto	
"kü:n.3"@cdy	<http://ids.clld.org/values/10-150-418-1>		<http://ids.clld.org/parameters/10-150>		<http://ids.clld.org/values/10-150-209-1>		"spārtw-"@xto	
"ta:u.3"@cdy	<http://ids.clld.org/values/9-160-418-1>		<http://ids.clld.org/parameters/9-160>		<http://ids.clld.org/values/9-160-209-1>		"kärk-"@xto	
"na:m.2"@cdy	<http://ids.clld.org/values/12-480-418-1>		<http://ids.clld.org/parameters/12-480>		<http://ids.clld.org/values/12-480-209-1>		"mäcriṃ (?)"@xto	
"jak.7"@cdy	<http://ids.clld.org/values/15-830-418-1>		<http://ids.clld.org/parameters/15-830>		<http://ids.clld.org/values/15-830-209-1>		"wip-"@xto	
"lak.8 mhi.1"@cdy	<http://ids.clld.org/values/4-340-418-1>		<http://ids.clld.org/parameters/4-340>		<http://ids.clld.org/values/4-340-209-1>		"prār"@xto	
"u.4"@cdy	<http://ids.clld.org/values/8-480-418-1>		<http://ids.clld.org/parameters/8-480>		<http://ids.clld.org/values/8-480-209-1>		"[klu]"@xto	
"van.1 cuŋ.1"@cdy	<http://ids.clld.org/values/14-410-418-1>		<http://ids.clld.org/parameters/14-410>		<http://ids.clld.org/values/14-410-209-1>		"koṃ"@xto	
"sü.3 kuə.3"@cdy	<http://ids.clld.org/values/5-710-418-1>		<http://ids.clld.org/parameters/5-710>		<http://ids.clld.org/values/5-710-209-1>		"oko"@xto	
"hai.4 (3) ji:ŋ.2"@cdy	<http://ids.clld.org/values/1-329-418-1>		<http://ids.clld.org/parameters/1-329>		<http://ids.clld.org/values/1-329-209-1>		"[sāmudtär]"@xto	
"la:k.8"@cdy	<http://ids.clld.org/values/2-410-418-1>		<http://ids.clld.org/parameters/2-410>		<http://ids.clld.org/values/2-410-209-1>		"se"@xto	
"la:k.8"@cdy	<http://ids.clld.org/values/2-410-418-1>		<http://ids.clld.org/parameters/2-410>		<http://ids.clld.org/values/2-410-209-3>		"sewās"@xto	
"ni.4"@cdy	<http://ids.clld.org/values/3-130-418-1>		<http://ids.clld.org/parameters/3-130>		<http://ids.clld.org/values/3-130-209-1>		"kùleɲci"@xto	
"śi:ŋ.4 toŋ.6"@cdy	<http://ids.clld.org/values/4-850-418-1>		<http://ids.clld.org/parameters/4-850>		<http://ids.clld.org/values/4-850-209-1>		"päl"@xto	
"pan.6"@cdy	<http://ids.clld.org/values/17-220-418-1>		<http://ids.clld.org/parameters/17-220>		<http://ids.clld.org/values/17-220-209-1>		"āknats"@xto	
"lak.8 sü:ŋ.2"@cdy	<http://ids.clld.org/values/10-830-418-1>		<http://ids.clld.org/parameters/10-830>		<http://ids.clld.org/values/10-830-209-1>		"koläm"@xto	
"che.1"@cdy	<http://ids.clld.org/values/10-750-418-1>		<http://ids.clld.org/parameters/10-750>		<http://ids.clld.org/values/10-750-209-1>		"kukäl"@xto	
"la:u.4"@cdy	<http://ids.clld.org/values/12-50-418-1>		<http://ids.clld.org/parameters/12-50>		<http://ids.clld.org/values/12-50-209-1>		"an(n)e"@xto	
"ćaŋ.1"@cdy	<http://ids.clld.org/values/8-510-418-1>		<http://ids.clld.org/parameters/8-510>		<http://ids.clld.org/values/8-510-209-1>		"āti"@xto	
"chü.1"@cdy	<http://ids.clld.org/values/10-380-418-1>		<http://ids.clld.org/parameters/10-380>		<http://ids.clld.org/values/10-380-209-1>		"pis-"@xto	
"len.1 cek.8"@cdy	<http://ids.clld.org/values/11-320-418-1>		<http://ids.clld.org/parameters/11-320>		<http://ids.clld.org/values/11-320-209-1>		"kälp-"@xto	
"ćha:u.5"@cdy	<http://ids.clld.org/values/10-250-418-1>		<http://ids.clld.org/parameters/10-250>		<http://ids.clld.org/values/10-250-209-1>		"säl-"@xto	
"mə.2 ju.6"@cdy	<http://ids.clld.org/values/12-410-418-1>		<http://ids.clld.org/parameters/12-410>		<http://ids.clld.org/values/12-410-209-1>		"śālyi"@xto	
"ca:i.6"@cdy	<http://ids.clld.org/values/11-640-418-1>		<http://ids.clld.org/parameters/11-640>		<http://ids.clld.org/values/11-640-209-1>		"pare"@xto	
"cok.8"@cdy	<http://ids.clld.org/values/9-223-418-1>		<http://ids.clld.org/parameters/9-223>		<http://ids.clld.org/values/9-223-209-1>		"tsop-"@xto	
"sai.1"@cdy	<http://ids.clld.org/values/9-280-418-1>		<http://ids.clld.org/parameters/9-280>		<http://ids.clld.org/values/9-280-209-1>		"kärṣt-"@xto	
"tai.5"@cdy	<http://ids.clld.org/values/10-620-418-1>		<http://ids.clld.org/parameters/10-620>		<http://ids.clld.org/values/10-620-209-1>		"käl-"@xto	
"hai.3"@cdy	<http://ids.clld.org/values/1-320-418-1>		<http://ids.clld.org/parameters/1-320>		<http://ids.clld.org/values/1-320-209-1>		"lyäm"@xto	
"the.4 to.1"@cdy	<http://ids.clld.org/values/6-930-418-1>		<http://ids.clld.org/parameters/6-930>		<http://ids.clld.org/values/6-930-209-1>		"[kṣur]"@xto	
"lam.1"@cdy	<http://ids.clld.org/values/1-380-418-1>		<http://ids.clld.org/parameters/1-380>		<http://ids.clld.org/values/1-380-209-1>		"kärtkāl"@xto	
"pa.4 ci:ŋ.3"@cdy	<http://ids.clld.org/values/4-331-418-1>		<http://ids.clld.org/parameters/4-331>		<http://ids.clld.org/values/4-331-209-1>		"āle"@xto	
"zü.6"@cdy	<http://ids.clld.org/values/12-130-418-1>		<http://ids.clld.org/parameters/12-130>		<http://ids.clld.org/values/12-130-209-1>		"ṣäm-/ laṃ-"@xto	
"cə.1"@cdy	<http://ids.clld.org/values/5-110-418-1>		<http://ids.clld.org/parameters/5-110>		<http://ids.clld.org/values/5-110-209-1>		"śu- ~ śuwā-"@xto	
"tai.1"@cdy	<http://ids.clld.org/values/4-750-418-1>		<http://ids.clld.org/parameters/4-750>		<http://ids.clld.org/values/4-750-209-3>		"walu"@xto	
"tai.1"@cdy	<http://ids.clld.org/values/4-750-418-1>		<http://ids.clld.org/parameters/4-750>		<http://ids.clld.org/values/4-750-209-1>		"wäl-"@xto	
"ma.2"@cdy	<http://ids.clld.org/values/4-260-418-1>		<http://ids.clld.org/parameters/4-260>		<http://ids.clld.org/values/4-260-209-1>		"käntu"@xto	
"ćan.1"@cdy	<http://ids.clld.org/values/9-320-418-1>		<http://ids.clld.org/parameters/9-320>		<http://ids.clld.org/values/9-320-209-1>		"pänw-"@xto	
"fa:t.8 ńin.1"@cdy	<http://ids.clld.org/values/15-210-418-1>		<http://ids.clld.org/parameters/15-210>		<http://ids.clld.org/values/15-210-209-1>		"wär-"@xto	
"kjau.4 cə.1"@cdy	<http://ids.clld.org/values/11-530-418-1>		<http://ids.clld.org/parameters/11-530>		<http://ids.clld.org/values/11-530-209-1>		"yāṣṣuce"@xto	
"səp.8"@cdy	<http://ids.clld.org/values/13-100-418-1>		<http://ids.clld.org/parameters/13-100>		<http://ids.clld.org/values/13-100-209-1>		"śäk"@xto	
"lje.1"@cdy	<http://ids.clld.org/values/2-940-418-1>		<http://ids.clld.org/parameters/2-940>		<http://ids.clld.org/values/2-940-209-1>		"was"@xto	
"mha.1"@cdy	<http://ids.clld.org/values/3-610-418-1>		<http://ids.clld.org/parameters/3-610>		<http://ids.clld.org/values/3-610-209-1>		"ku"@xto	
"hu:ŋ.3 te.6 mai.4"@cdy	<http://ids.clld.org/values/19-330-418-1>		<http://ids.clld.org/parameters/19-330>		<http://ids.clld.org/values/19-330-209-1>		"lānts"@xto	
"fuk.7"@cdy	<http://ids.clld.org/values/1-840-418-1>		<http://ids.clld.org/parameters/1-840>		<http://ids.clld.org/values/1-840-209-1>		"twe"@xto	
"fuk.7"@cdy	<http://ids.clld.org/values/1-840-418-1>		<http://ids.clld.org/parameters/1-840>		<http://ids.clld.org/values/1-840-209-3>		"tor"@xto	
"lak.8 lən.3(1) ti.4"@cdy	<http://ids.clld.org/values/2-270-418-1>		<http://ids.clld.org/parameters/2-270>		<http://ids.clld.org/values/2-270-209-1>		"śom"@xto	
"la:k.8 pi:k.7"@cdy	<http://ids.clld.org/values/2-420-418-1>		<http://ids.clld.org/parameters/2-420>		<http://ids.clld.org/values/2-420-209-1>		"ckācar"@xto	
"peŋ.6"@cdy	<http://ids.clld.org/values/4-840-418-1>		<http://ids.clld.org/parameters/4-840>		<http://ids.clld.org/values/4-840-209-1>		"ekro"@xto	
"mə.2 shö.4"@cdy	<http://ids.clld.org/values/12-420-418-1>		<http://ids.clld.org/parameters/12-420>		<http://ids.clld.org/values/12-420-209-1>		"pācyās"@xto	
"chok.7"@cdy	<http://ids.clld.org/values/16-740-418-1>		<http://ids.clld.org/parameters/16-740>		<http://ids.clld.org/values/16-740-209-1>		"[appärmāt]"@xto	
"sham.4 hjat.7"@cdy	<http://ids.clld.org/values/14-440-418-1>		<http://ids.clld.org/parameters/14-440>		<http://ids.clld.org/values/14-440-209-1>		"ksär"@xto	
"mi.4 coŋ.1"@cdy	<http://ids.clld.org/values/7-560-418-1>		<http://ids.clld.org/parameters/7-560>		<http://ids.clld.org/values/7-560-209-1>		"asäl"@xto	
"jam.1"@cdy	<http://ids.clld.org/values/15-630-418-1>		<http://ids.clld.org/parameters/15-630>		<http://ids.clld.org/values/15-630-209-1>		"orkäm"@xto	
"lo.4 a.1"@cdy	<http://ids.clld.org/values/3-593-418-1>		<http://ids.clld.org/parameters/3-593>		<http://ids.clld.org/values/3-593-209-1>		"sukrāṃ"@xto	
"ni.4 fai.5 ka:ŋ.1"@cdy	<http://ids.clld.org/values/1-610-418-1>		<http://ids.clld.org/parameters/1-610>		<http://ids.clld.org/values/1-610-209-1>		"lkäś"@xto	
"mi.4"@cdy	<http://ids.clld.org/values/8-600-418-1>		<http://ids.clld.org/parameters/8-600>		<http://ids.clld.org/values/8-600-209-1>		"ṣtām"@xto	
"ci.2"@cdy	<http://ids.clld.org/values/14-170-418-1>		<http://ids.clld.org/parameters/14-170>		<http://ids.clld.org/values/14-170-209-1>		"särkiɲco"@xto	
"taŋ.1"@cdy	<http://ids.clld.org/values/7-450-418-1>		<http://ids.clld.org/parameters/7-450>		<http://ids.clld.org/values/7-450-209-1>		"cok"@xto	
"toŋ.5"@cdy	<http://ids.clld.org/values/10-110-418-1>		<http://ids.clld.org/parameters/10-110>		<http://ids.clld.org/values/10-110-209-3>		"lit-"@xto	
"toŋ.5"@cdy	<http://ids.clld.org/values/10-110-418-1>		<http://ids.clld.org/parameters/10-110>		<http://ids.clld.org/values/10-110-209-7>		"mus-"@xto	
"toŋ.5"@cdy	<http://ids.clld.org/values/10-110-418-1>		<http://ids.clld.org/parameters/10-110>		<http://ids.clld.org/values/10-110-209-5>		"rutk-"@xto	
"toŋ.5"@cdy	<http://ids.clld.org/values/10-110-418-1>		<http://ids.clld.org/parameters/10-110>		<http://ids.clld.org/values/10-110-209-1>		"wāsk-"@xto	
"śi:ŋ.4(1) sham.1"@cdy	<http://ids.clld.org/values/16-320-418-1>		<http://ids.clld.org/parameters/16-320>		<http://ids.clld.org/values/16-320-209-1>		"śurām"@xto	
"jit.7"@cdy	<http://ids.clld.org/values/13-10-418-1>		<http://ids.clld.org/parameters/13-10>		<http://ids.clld.org/values/13-10-209-1>		"sas"@xto	
"jit.7"@cdy	<http://ids.clld.org/values/13-10-418-1>		<http://ids.clld.org/parameters/13-10>		<http://ids.clld.org/values/13-10-209-3>		"säṃ"@xto	
"fa:ŋ.6 sa:m.3"@cdy	<http://ids.clld.org/values/11-340-418-1>		<http://ids.clld.org/parameters/11-340>		<http://ids.clld.org/values/11-340-209-1>		"tärk-"@xto	
"khwi.1"@cdy	<http://ids.clld.org/values/16-530-418-1>		<http://ids.clld.org/parameters/16-530>		<http://ids.clld.org/values/16-530-209-1>		"praski"@xto	
"ni.4 nun.1"@cdy	<http://ids.clld.org/values/3-840-418-1>		<http://ids.clld.org/parameters/3-840>		<http://ids.clld.org/values/3-840-209-1>		"walyī"@xto	
"mo.4 fa:t.7"@cdy	<http://ids.clld.org/values/22-420-418-1>		<http://ids.clld.org/parameters/22-420>		<http://ids.clld.org/values/22-420-209-1>		"[räddhi]"@xto	
"naŋ.1"@cdy	<http://ids.clld.org/values/4-230-418-1>		<http://ids.clld.org/parameters/4-230>		<http://ids.clld.org/values/4-230-209-1>		"mal"@xto	
"mi.2 to.6"@cdy	<http://ids.clld.org/values/15-310-418-1>		<http://ids.clld.org/parameters/15-310>		<http://ids.clld.org/values/15-310-209-1>		"śuk"@xto	
"lu.2 ti.6"@cdy	<http://ids.clld.org/values/1-260-418-1>		<http://ids.clld.org/parameters/1-260>		<http://ids.clld.org/values/1-260-209-1>		"śoṃ"@xto	
"cuŋ.2 shok.8"@cdy	<http://ids.clld.org/values/19-230-418-1>		<http://ids.clld.org/parameters/19-230>		<http://ids.clld.org/values/19-230-209-1>		"[kotär]"@xto	
"ɔ.1"@cdy	<http://ids.clld.org/values/5-220-418-1>		<http://ids.clld.org/parameters/5-220>		<http://ids.clld.org/values/5-220-209-1>		"särk-"@xto	
"ji:ŋ.2"@cdy	<http://ids.clld.org/values/3-250-418-1>		<http://ids.clld.org/parameters/3-250>		<http://ids.clld.org/values/3-250-209-1>		"śoś"@xto	
"ćuŋ.2"@cdy	<http://ids.clld.org/values/11-520-418-1>		<http://ids.clld.org/parameters/11-520>		<http://ids.clld.org/values/11-520-209-1>		"ekro"@xto	
"la:i.4"@cdy	<http://ids.clld.org/values/22-350-418-1>		<http://ids.clld.org/parameters/22-350>		<http://ids.clld.org/values/22-350-209-1>		"omäskeṃ"@xto	
"la:i.4"@cdy	<http://ids.clld.org/values/22-350-418-1>		<http://ids.clld.org/parameters/22-350>		<http://ids.clld.org/values/22-350-209-3>		"umpar"@xto	
"me.2 łək.8"@cdy	<http://ids.clld.org/values/4-810-418-1>		<http://ids.clld.org/parameters/4-810>		<http://ids.clld.org/values/4-810-209-1>		"tampe"@xto	
"ha.4 pən.2"@cdy	<http://ids.clld.org/values/14-760-418-1>		<http://ids.clld.org/parameters/14-760>		<http://ids.clld.org/values/14-760-209-1>		"ṣme"@xto	
"fən.2 phek.7"@cdy	<http://ids.clld.org/values/16-110-418-1>		<http://ids.clld.org/parameters/16-110>		<http://ids.clld.org/values/16-110-209-1>		"āɲcäm"@xto	
"na:m.2"@cdy	<http://ids.clld.org/values/2-230-418-3>		<http://ids.clld.org/parameters/2-230>		<http://ids.clld.org/values/2-230-209-1>		"oɲi"@xto	
"khiŋ.3"@cdy	<http://ids.clld.org/values/1-215-418-1>		<http://ids.clld.org/parameters/1-215>		<http://ids.clld.org/values/1-215-209-1>		"wāryāɲc"@xto	
"ki.6"@cdy	<http://ids.clld.org/values/17-310-418-1>		<http://ids.clld.org/parameters/17-310>		<http://ids.clld.org/values/17-310-209-1>		"[opyac] käl-"@xto	
"sai.3 ća:i.6"@cdy	<http://ids.clld.org/values/1-100-418-1>		<http://ids.clld.org/parameters/1-100>		<http://ids.clld.org/values/1-100-209-1>		"ārkiśoṣi"@xto	
"khəm.5"@cdy	<http://ids.clld.org/values/9-730-418-1>		<http://ids.clld.org/parameters/9-730>		<http://ids.clld.org/values/9-730-209-1>		"tukri"@xto	
"kja:u.2 ŋa:u.6"@cdy	<http://ids.clld.org/values/16-480-418-1>		<http://ids.clld.org/parameters/16-480>		<http://ids.clld.org/values/16-480-209-1>		"āmāṃ"@xto	
"phja:t.7"@cdy	<http://ids.clld.org/values/4-150-418-1>		<http://ids.clld.org/parameters/4-150>		<http://ids.clld.org/values/4-150-209-1>		"ysār"@xto	
"uk.7 seŋ.1"@cdy	<http://ids.clld.org/values/4-720-418-1>		<http://ids.clld.org/parameters/4-720>		<http://ids.clld.org/values/4-720-209-1>		"täm-"@xto	
"taŋ.2"@cdy	<http://ids.clld.org/values/8-670-418-1>		<http://ids.clld.org/parameters/8-670>		<http://ids.clld.org/values/8-670-209-1>		"letke"@xto	
"na:n.4"@cdy	<http://ids.clld.org/values/5-610-418-1>		<http://ids.clld.org/parameters/5-610>		<http://ids.clld.org/values/5-610-209-1>		"śwal"@xto	
"tak.8"@cdy	<http://ids.clld.org/values/3-120-418-1>		<http://ids.clld.org/parameters/3-120>		<http://ids.clld.org/values/3-120-209-1>		"oɲi"@xto	
"thoi.1"@cdy	<http://ids.clld.org/values/10-670-418-3>		<http://ids.clld.org/parameters/10-670>		<http://ids.clld.org/values/10-670-209-1>		"nätk-"@xto	
"ća:ŋ.3"@cdy	<http://ids.clld.org/values/18-220-418-1>		<http://ids.clld.org/parameters/18-220>		<http://ids.clld.org/values/18-220-209-1>		"träṅk-"@xto	
"kwa:t.7"@cdy	<http://ids.clld.org/values/8-220-418-1>		<http://ids.clld.org/parameters/8-220>		<http://ids.clld.org/values/8-220-209-1>		"räp-"@xto	
"ni.3"@cdy	<http://ids.clld.org/values/15-420-418-1>		<http://ids.clld.org/parameters/15-420>		<http://ids.clld.org/values/15-420-209-1>		"klyos-"@xto	
"lha:n.3"@cdy	<http://ids.clld.org/values/15-660-418-1>		<http://ids.clld.org/parameters/15-660>		<http://ids.clld.org/values/15-660-209-3>		"rätri"@xto	
"lha:n.3"@cdy	<http://ids.clld.org/values/15-660-418-1>		<http://ids.clld.org/parameters/15-660>		<http://ids.clld.org/values/15-660-209-1>		"rtär"@xto	
"li.2 khai.1"@cdy	<http://ids.clld.org/values/10-490-418-1>		<http://ids.clld.org/parameters/10-490>		<http://ids.clld.org/values/10-490-209-1>		"lit-"@xto	
"to.2 shi:ŋ.6"@cdy	<http://ids.clld.org/values/9-710-418-1>		<http://ids.clld.org/parameters/9-710>		<http://ids.clld.org/values/9-710-209-1>		"kuntis-tsek"@xto	
"ma.4 śi:ŋ.6"@cdy	<http://ids.clld.org/values/14-190-418-1>		<http://ids.clld.org/parameters/14-190>		<http://ids.clld.org/values/14-190-209-3>		"ātukek (?)"@xto	
"ma.4 śi:ŋ.6"@cdy	<http://ids.clld.org/values/14-190-418-1>		<http://ids.clld.org/parameters/14-190>		<http://ids.clld.org/values/14-190-209-1>		"śkā"@xto	
"lak.8 shai.1"@cdy	<http://ids.clld.org/values/17-270-418-1>		<http://ids.clld.org/parameters/17-270>		<http://ids.clld.org/values/17-270-209-1>		"[käṣṣi]"@xto	
"ću.2"@cdy	<http://ids.clld.org/values/18-350-418-1>		<http://ids.clld.org/parameters/18-350>		<http://ids.clld.org/values/18-350-209-1>		"pärk-"@xto	
"fat.7 kjen.4"@cdy	<http://ids.clld.org/values/11-180-418-1>		<http://ids.clld.org/parameters/11-180>		<http://ids.clld.org/values/11-180-209-1>		"wram"@xto	
"lök.7"@cdy	<http://ids.clld.org/values/8-310-418-1>		<http://ids.clld.org/parameters/8-310>		<http://ids.clld.org/values/8-310-209-1>		"kät-"@xto	
"nhjak.7"@cdy	<http://ids.clld.org/values/4-610-418-1>		<http://ids.clld.org/parameters/4-610>		<http://ids.clld.org/values/4-610-209-1>		"klis-"@xto	
"nhjak.7"@cdy	<http://ids.clld.org/values/4-610-418-1>		<http://ids.clld.org/parameters/4-610>		<http://ids.clld.org/values/4-610-209-3>		"ṣpäṇ"@xto	
"fe.4"@cdy	<http://ids.clld.org/values/9-110-418-1>		<http://ids.clld.org/parameters/9-110>		<http://ids.clld.org/values/9-110-209-1>		"yām-/ypa-/ya-"@xto	
"na.3 pja:k.7"@cdy	<http://ids.clld.org/values/4-205-418-1>		<http://ids.clld.org/parameters/4-205>		<http://ids.clld.org/values/4-205-209-1>		"ānt"@xto	
"tuŋ.1"@cdy	<http://ids.clld.org/values/5-220-418-3>		<http://ids.clld.org/parameters/5-220>		<http://ids.clld.org/values/5-220-209-1>		"särk-"@xto	
"kwon.6"@cdy	<http://ids.clld.org/values/20-220-418-1>		<http://ids.clld.org/parameters/20-220>		<http://ids.clld.org/values/20-220-209-1>		"ṣtop"@xto	
"pa:t.7"@cdy	<http://ids.clld.org/values/13-80-418-1>		<http://ids.clld.org/parameters/13-80>		<http://ids.clld.org/values/13-80-209-1>		"okät"@xto	
"ćü.1"@cdy	<http://ids.clld.org/values/16-250-418-1>		<http://ids.clld.org/parameters/16-250>		<http://ids.clld.org/values/16-250-209-1>		"kary-"@xto	
"tok.8 za.2"@cdy	<http://ids.clld.org/values/4-890-418-1>		<http://ids.clld.org/parameters/4-890>		<http://ids.clld.org/values/4-890-209-1>		"wäs"@xto	
"pa:n.4"@cdy	<http://ids.clld.org/values/19-160-418-1>		<http://ids.clld.org/parameters/19-160>		<http://ids.clld.org/values/19-160-209-1>		"ṣukṣ-"@xto	
"khau.1"@cdy	<http://ids.clld.org/values/17-670-418-1>		<http://ids.clld.org/parameters/17-670>		<http://ids.clld.org/values/17-670-209-1>		"äntsam"@xto	
"ci.2 jun.6 nən.2"@cdy	<http://ids.clld.org/values/16-180-418-1>		<http://ids.clld.org/parameters/16-180>		<http://ids.clld.org/values/16-180-209-1>		"[suk]"@xto	
"te.5 tju.5"@cdy	<http://ids.clld.org/values/9-222-418-1>		<http://ids.clld.org/parameters/9-222>		<http://ids.clld.org/values/9-222-209-1>		"kot-"@xto	
"tok.7"@cdy	<http://ids.clld.org/values/10-230-418-1>		<http://ids.clld.org/parameters/10-230>		<http://ids.clld.org/values/10-230-209-1>		"klā(w)-"@xto	
"ća:ŋ.3"@cdy	<http://ids.clld.org/values/18-210-418-1>		<http://ids.clld.org/parameters/18-210>		<http://ids.clld.org/values/18-210-209-1>		"träṅk-"@xto	
"nek.7 lo.2"@cdy	<http://ids.clld.org/values/11-140-418-1>		<http://ids.clld.org/parameters/11-140>		<http://ids.clld.org/values/11-140-209-1>		"eṃts-"@xto	
"mhi.1 kai.6"@cdy	<http://ids.clld.org/values/4-344-418-1>		<http://ids.clld.org/parameters/4-344>		<http://ids.clld.org/values/4-344-209-1>		"maku"@xto	
"hau.2 luŋ.1"@cdy	<http://ids.clld.org/values/4-290-418-1>		<http://ids.clld.org/parameters/4-290>		<http://ids.clld.org/values/4-290-209-1>		"ṣunk"@xto	
"səp.8 ńi.6"@cdy	<http://ids.clld.org/values/13-102-418-1>		<http://ids.clld.org/parameters/13-102>		<http://ids.clld.org/values/13-102-209-1>		"śäk-we-pi"@xto	
"sa:i.3"@cdy	<http://ids.clld.org/values/18-310-418-1>		<http://ids.clld.org/parameters/18-310>		<http://ids.clld.org/values/18-310-209-1>		"pärk-"@xto	
"shət.7"@cdy	<http://ids.clld.org/values/13-70-418-1>		<http://ids.clld.org/parameters/13-70>		<http://ids.clld.org/values/13-70-209-1>		"ṣpat"@xto	
"ceŋ.1 lan.6"@cdy	<http://ids.clld.org/values/19-620-418-1>		<http://ids.clld.org/parameters/19-620>		<http://ids.clld.org/values/19-620-209-1>		"kùɲaś"@xto	
"kuŋ.3"@cdy	<http://ids.clld.org/values/18-720-418-1>		<http://ids.clld.org/parameters/18-720>		<http://ids.clld.org/values/18-720-209-1>		"kumpäc"@xto	
"ta:u.1"@cdy	<http://ids.clld.org/values/1-250-418-1>		<http://ids.clld.org/parameters/1-250>		<http://ids.clld.org/values/1-250-209-3>		"[dvip]"@xto	
"ta:u.1"@cdy	<http://ids.clld.org/values/1-250-418-1>		<http://ids.clld.org/parameters/1-250>		<http://ids.clld.org/values/1-250-209-1>		"prank"@xto	
"će.6"@cdy	<http://ids.clld.org/values/10-660-418-1>		<http://ids.clld.org/parameters/10-660>		<http://ids.clld.org/values/10-660-209-1>		"klānk-"@xto	
"ćo.4 ha.1"@cdy	<http://ids.clld.org/values/4-300-418-1>		<http://ids.clld.org/parameters/4-300>		<http://ids.clld.org/values/4-300-209-1>		"es"@xto	
"hwon.1"@cdy	<http://ids.clld.org/values/1-750-418-3>		<http://ids.clld.org/parameters/1-750>		<http://ids.clld.org/values/1-750-209-1>		"swase"@xto	
"lək.8"@cdy	<http://ids.clld.org/values/12-550-418-1>		<http://ids.clld.org/parameters/12-550>		<http://ids.clld.org/values/12-550-209-3>		"śāwe"@xto	
"lək.8"@cdy	<http://ids.clld.org/values/12-550-418-1>		<http://ids.clld.org/parameters/12-550>		<http://ids.clld.org/values/12-550-209-1>		"tsopats"@xto	
"sha:m.1"@cdy	<http://ids.clld.org/values/13-30-418-1>		<http://ids.clld.org/parameters/13-30>		<http://ids.clld.org/values/13-30-209-1>		"tre"@xto	
"sha:m.1"@cdy	<http://ids.clld.org/values/13-30-418-1>		<http://ids.clld.org/parameters/13-30>		<http://ids.clld.org/values/13-30-209-3>		"tri"@xto	
"za.2"@cdy	<http://ids.clld.org/values/4-880-418-1>		<http://ids.clld.org/parameters/4-880>		<http://ids.clld.org/values/4-880-209-1>		"[sāṃtäk]"@xto	
"ma:i.4"@cdy	<http://ids.clld.org/values/2-320-418-1>		<http://ids.clld.org/parameters/2-320>		<http://ids.clld.org/values/2-320-209-1>		"śäṃ"@xto	
"shəŋ.3 taŋ.2"@cdy	<http://ids.clld.org/values/4-630-418-1>		<http://ids.clld.org/parameters/4-630>		<http://ids.clld.org/values/4-630-209-1>		"wār-"@xto	
"shje.3"@cdy	<http://ids.clld.org/values/18-510-418-1>		<http://ids.clld.org/parameters/18-510>		<http://ids.clld.org/values/18-510-209-1>		"pik-"@xto	
"la.1"@cdy	<http://ids.clld.org/values/4-210-418-1>		<http://ids.clld.org/parameters/4-210>		<http://ids.clld.org/values/4-210-209-1>		"ak"@xto	
"kja:u.5"@cdy	<http://ids.clld.org/values/17-250-418-1>		<http://ids.clld.org/parameters/17-250>		<http://ids.clld.org/values/17-250-209-1>		"ṣärp-"@xto	
"la:u.4 səŋ.1"@cdy	<http://ids.clld.org/values/19-150-418-1>		<http://ids.clld.org/parameters/19-150>		<http://ids.clld.org/values/19-150-209-1>		"ri"@xto	
"fu:ŋ.4 kha.3"@cdy	<http://ids.clld.org/values/12-30-418-1>		<http://ids.clld.org/parameters/12-30>		<http://ids.clld.org/values/12-30-209-1>		"posaṃ"@xto	
"fu:ŋ.4 kha.3"@cdy	<http://ids.clld.org/values/12-30-418-1>		<http://ids.clld.org/parameters/12-30>		<http://ids.clld.org/values/12-30-209-3>		"posac"@xto	
"khau.1"@cdy	<http://ids.clld.org/values/17-680-418-1>		<http://ids.clld.org/parameters/17-680>		<http://ids.clld.org/values/17-680-209-1>		"kus"@xto	
"hja.1"@cdy	<http://ids.clld.org/values/13-20-418-1>		<http://ids.clld.org/parameters/13-20>		<http://ids.clld.org/values/13-20-209-1>		"wu"@xto	
"hja.1"@cdy	<http://ids.clld.org/values/13-20-418-1>		<http://ids.clld.org/parameters/13-20>		<http://ids.clld.org/values/13-20-209-3>		"we"@xto	
"ka:ŋ.1"@cdy	<http://ids.clld.org/values/15-570-418-1>		<http://ids.clld.org/parameters/15-570>		<http://ids.clld.org/values/15-570-209-1>		"lukśanu"@xto	
"lan.1"@cdy	<http://ids.clld.org/values/15-810-418-1>		<http://ids.clld.org/parameters/15-810>		<http://ids.clld.org/values/15-810-209-1>		"krāmärts"@xto	
"sham.1"@cdy	<http://ids.clld.org/values/14-160-418-1>		<http://ids.clld.org/parameters/14-160>		<http://ids.clld.org/values/14-160-209-1>		"neṣ"@xto	
"ka:k.7"@cdy	<http://ids.clld.org/values/9-330-418-1>		<http://ids.clld.org/parameters/9-330>		<http://ids.clld.org/values/9-330-209-5>		"ru-"@xto	
"ka:k.7"@cdy	<http://ids.clld.org/values/9-330-418-1>		<http://ids.clld.org/parameters/9-330>		<http://ids.clld.org/values/9-330-209-3>		"ep-"@xto	
"ka:k.7"@cdy	<http://ids.clld.org/values/9-330-418-1>		<http://ids.clld.org/parameters/9-330>		<http://ids.clld.org/values/9-330-209-1>		"yärt-"@xto	
"nam.1"@cdy	<http://ids.clld.org/values/15-650-418-1>		<http://ids.clld.org/parameters/15-650>		<http://ids.clld.org/values/15-650-209-1>		"arkant-"@xto	
"si.6"@cdy	<http://ids.clld.org/values/17-480-418-1>		<http://ids.clld.org/parameters/17-480>		<http://ids.clld.org/values/17-480-209-1>		"ske-"@xto	
"wak.7"@cdy	<http://ids.clld.org/values/9-210-418-1>		<http://ids.clld.org/parameters/9-210>		<http://ids.clld.org/values/9-210-209-1>		"on-"@xto	
"wak.7"@cdy	<http://ids.clld.org/values/9-210-418-1>		<http://ids.clld.org/parameters/9-210>		<http://ids.clld.org/values/9-210-209-3>		"ko-"@xto	
"wak.7"@cdy	<http://ids.clld.org/values/9-210-418-1>		<http://ids.clld.org/parameters/9-210>		<http://ids.clld.org/values/9-210-209-5>		"tsop-"@xto	
"tət.7"@cdy	<http://ids.clld.org/values/13-181-418-1>		<http://ids.clld.org/parameters/13-181>		<http://ids.clld.org/values/13-181-209-1>		"some"@xto	
"ljok.8"@cdy	<http://ids.clld.org/values/13-60-418-1>		<http://ids.clld.org/parameters/13-60>		<http://ids.clld.org/values/13-60-209-1>		"ṣäk"@xto	
"mit.8"@cdy	<http://ids.clld.org/values/3-820-418-1>		<http://ids.clld.org/parameters/3-820>		<http://ids.clld.org/values/3-820-209-1>		"kroṅśe"@xto	
"can.6"@cdy	<http://ids.clld.org/values/20-130-418-1>		<http://ids.clld.org/parameters/20-130>		<http://ids.clld.org/values/20-130-209-1>		"wac"@xto	
"shjen.6"@cdy	<http://ids.clld.org/values/20-250-418-1>		<http://ids.clld.org/parameters/20-250>		<http://ids.clld.org/values/20-250-209-1>		"pär"@xto	
"ju.2 ko.3"@cdy	<http://ids.clld.org/values/17-530-418-1>		<http://ids.clld.org/parameters/17-530>		<http://ids.clld.org/values/17-530-209-1>		"kuprene"@xto	
"ja.3 shok.7"@cdy	<http://ids.clld.org/values/3-110-418-1>		<http://ids.clld.org/parameters/3-110>		<http://ids.clld.org/values/3-110-209-1>		"lu"@xto	
"ma.3"@cdy	<http://ids.clld.org/values/15-750-418-1>		<http://ids.clld.org/parameters/15-750>		<http://ids.clld.org/values/15-750-209-1>		"wl(y)ep"@xto	
"me.2 phjeu.6"@cdy	<http://ids.clld.org/values/11-510-418-1>		<http://ids.clld.org/parameters/11-510>		<http://ids.clld.org/values/11-510-209-1>		"śāt"@xto	
"me.2 phjeu.6"@cdy	<http://ids.clld.org/values/11-510-418-1>		<http://ids.clld.org/parameters/11-510>		<http://ids.clld.org/values/11-510-209-3>		"niṣpalntu"@xto	
"mi.4 shi:ŋ.1"@cdy	<http://ids.clld.org/values/8-760-418-3>		<http://ids.clld.org/parameters/8-760>		<http://ids.clld.org/values/8-760-209-1>		"śuk"@xto	
"kwa.3"@cdy	<http://ids.clld.org/values/15-640-418-1>		<http://ids.clld.org/parameters/15-640>		<http://ids.clld.org/values/15-640-209-1>		"ārki"@xto	
"ti.2 pa:n.1"@cdy	<http://ids.clld.org/values/2-210-418-1>		<http://ids.clld.org/parameters/2-210>		<http://ids.clld.org/values/2-210-209-1>		"onk"@xto	
"shəŋ.6"@cdy	<http://ids.clld.org/values/15-870-418-1>		<http://ids.clld.org/parameters/15-870>		<http://ids.clld.org/values/15-870-209-1>		"āṣtär"@xto	
"pa:i.6"@cdy	<http://ids.clld.org/values/22-160-418-1>		<http://ids.clld.org/parameters/22-160>		<http://ids.clld.org/values/22-160-209-1>		"winās-"@xto	
"no.4 ni.6"@cdy	<http://ids.clld.org/values/2-250-418-1>		<http://ids.clld.org/parameters/2-250>		<http://ids.clld.org/values/2-250-209-1>		"śom"@xto	
"pwo.4"@cdy	<http://ids.clld.org/values/10-510-418-3>		<http://ids.clld.org/parameters/10-510>		<http://ids.clld.org/values/10-510-209-1>		"mlusk-"@xto	
"kja:u.3"@cdy	<http://ids.clld.org/values/5-490-418-1>		<http://ids.clld.org/parameters/5-490>		<http://ids.clld.org/values/5-490-209-1>		"triw-"@xto	
"jün.1"@cdy	<http://ids.clld.org/values/12-150-418-1>		<http://ids.clld.org/parameters/12-150>		<http://ids.clld.org/values/12-150-209-1>		"käly-/ stäm-"@xto	
"tuŋ.1"@cdy	<http://ids.clld.org/values/5-210-418-1>		<http://ids.clld.org/parameters/5-210>		<http://ids.clld.org/values/5-210-209-1>		"päk-"@xto	
"a:u.1"@cdy	<http://ids.clld.org/values/17-450-418-1>		<http://ids.clld.org/parameters/17-450>		<http://ids.clld.org/values/17-450-209-1>		"ɲātse"@xto	
"kuŋ.4 fu.4 lən.1"@cdy	<http://ids.clld.org/values/19-430-418-1>		<http://ids.clld.org/parameters/19-430>		<http://ids.clld.org/values/19-430-209-1>		"[māɲɲe]"@xto	
"nian.3"@cdy	<http://ids.clld.org/values/5-560-418-1>		<http://ids.clld.org/parameters/5-560>		<http://ids.clld.org/values/5-560-209-1>		"malyw-"@xto	
"cə.1 ti.4 fat.8 kjen.4"@cdy	<http://ids.clld.org/values/5-120-418-1>		<http://ids.clld.org/parameters/5-120>		<http://ids.clld.org/values/5-120-209-1>		"śwātsi"@xto	
"ńi:t.8"@cdy	<http://ids.clld.org/values/15-850-418-1>		<http://ids.clld.org/parameters/15-850>		<http://ids.clld.org/values/15-850-209-1>		"omäl"@xto	
"pian.6"@cdy	<http://ids.clld.org/values/12-930-418-1>		<http://ids.clld.org/parameters/12-930>		<http://ids.clld.org/values/12-930-209-1>		"lutk-"@xto	
"a:u.1"@cdy	<http://ids.clld.org/values/11-130-418-1>		<http://ids.clld.org/parameters/11-130>		<http://ids.clld.org/values/11-130-209-1>		"eṃts-"@xto	
"jin.1 wi.6"@cdy	<http://ids.clld.org/values/17-520-418-1>		<http://ids.clld.org/parameters/17-520>		<http://ids.clld.org/values/17-520-209-1>		"kuc"@xto	
"she.3"@cdy	<http://ids.clld.org/values/9-343-418-1>		<http://ids.clld.org/parameters/9-343>		<http://ids.clld.org/values/9-343-209-1>		"malyw-"@xto	
"she.3"@cdy	<http://ids.clld.org/values/9-343-418-1>		<http://ids.clld.org/parameters/9-343>		<http://ids.clld.org/values/9-343-209-3>		"wnisk-"@xto	
"min.4"@cdy	<http://ids.clld.org/values/12-250-418-3>		<http://ids.clld.org/parameters/12-250>		<http://ids.clld.org/values/12-250-209-1>		"prutk-"@xto	
"hjo.1"@cdy	<http://ids.clld.org/values/15-840-418-1>		<http://ids.clld.org/parameters/15-840>		<http://ids.clld.org/values/15-840-209-1>		"āsar"@xto	
"lhjak.7"@cdy	<http://ids.clld.org/values/21-510-418-1>		<http://ids.clld.org/parameters/21-510>		<http://ids.clld.org/values/21-510-209-1>		"kärk-"@xto	
"fi.5"@cdy	<http://ids.clld.org/values/14-210-418-1>		<http://ids.clld.org/parameters/14-210>		<http://ids.clld.org/values/14-210-209-1>		"ymāräk"@xto	
"ćo.3 ko.6"@cdy	<http://ids.clld.org/values/4-360-418-1>		<http://ids.clld.org/parameters/4-360>		<http://ids.clld.org/values/4-360-209-1>		"kanweṃ"@xto	
"ća:i.6"@cdy	<http://ids.clld.org/values/1-220-418-1>		<http://ids.clld.org/parameters/1-220>		<http://ids.clld.org/values/1-220-209-1>		"ṣul"@xto	
"mi.4 ciŋ.5"@cdy	<http://ids.clld.org/values/8-550-418-1>		<http://ids.clld.org/parameters/8-550>		<http://ids.clld.org/values/8-550-209-1>		"karke"@xto	
"nən.4"@cdy	<http://ids.clld.org/values/15-220-418-1>		<http://ids.clld.org/parameters/15-220>		<http://ids.clld.org/values/15-220-209-1>		"wär-"@xto	
"thoŋ.3"@cdy	<http://ids.clld.org/values/19-590-418-1>		<http://ids.clld.org/parameters/19-590>		<http://ids.clld.org/values/19-590-209-1>		"tänk-"@xto	
"njeŋ.2 ka:ŋ.1"@cdy	<http://ids.clld.org/values/1-530-418-1>		<http://ids.clld.org/parameters/1-530>		<http://ids.clld.org/values/1-530-209-1>		"maɲ"@xto	
"ci.6"@cdy	<http://ids.clld.org/values/10-630-418-1>		<http://ids.clld.org/parameters/10-630>		<http://ids.clld.org/values/10-630-209-1>		"lu-"@xto	
"mha:k.7"@cdy	<http://ids.clld.org/values/9-270-418-1>		<http://ids.clld.org/parameters/9-270>		<http://ids.clld.org/values/9-270-209-3>		"kaut-"@xto	
"mha:k.7"@cdy	<http://ids.clld.org/values/9-270-418-1>		<http://ids.clld.org/parameters/9-270>		<http://ids.clld.org/values/9-270-209-5>		"kot-"@xto	
"mha:k.7"@cdy	<http://ids.clld.org/values/9-270-418-1>		<http://ids.clld.org/parameters/9-270>		<http://ids.clld.org/values/9-270-209-1>		"wāk-"@xto	
"ləm.4 la.1"@cdy	<http://ids.clld.org/values/16-380-418-1>		<http://ids.clld.org/parameters/16-380>		<http://ids.clld.org/values/16-380-209-1>		"ākär"@xto	
"kok.7 pən.3"@cdy	<http://ids.clld.org/values/8-311-418-1>		<http://ids.clld.org/parameters/8-311>		<http://ids.clld.org/values/8-311-209-1>		"sārm"@xto	
"ci.5 khai.1"@cdy	<http://ids.clld.org/values/9-161-418-1>		<http://ids.clld.org/parameters/9-161>		<http://ids.clld.org/values/9-161-209-1>		"tärk-"@xto	
"fa:i.6"@cdy	<http://ids.clld.org/values/11-280-418-1>		<http://ids.clld.org/parameters/11-280>		<http://ids.clld.org/values/11-280-209-1>		"mi-"@xto	
"pja.3"@cdy	<http://ids.clld.org/values/9-230-418-1>		<http://ids.clld.org/parameters/9-230>		<http://ids.clld.org/values/9-230-209-1>		"yepe"@xto	
"la:u.4"@cdy	<http://ids.clld.org/values/10-570-418-1>		<http://ids.clld.org/parameters/10-570>		<http://ids.clld.org/values/10-570-209-1>		"yow-"@xto	
"ŋa.4 pa:k.7"@cdy	<http://ids.clld.org/values/4-520-418-1>		<http://ids.clld.org/parameters/4-520>		<http://ids.clld.org/values/4-520-209-1>		"śew-"@xto	
"na:n.2"@cdy	<http://ids.clld.org/values/17-470-418-3>		<http://ids.clld.org/parameters/17-470>		<http://ids.clld.org/values/17-470-209-1>		"māski"@xto	
"mi.1"@cdy	<http://ids.clld.org/values/4-330-418-1>		<http://ids.clld.org/parameters/4-330>		<http://ids.clld.org/values/4-330-209-1>		"tsar"@xto	
"seŋ.2"@cdy	<http://ids.clld.org/values/7-270-418-1>		<http://ids.clld.org/parameters/7-270>		<http://ids.clld.org/values/7-270-209-1>		"poṣi"@xto	
"məŋ.2 ləŋ.6"@cdy	<http://ids.clld.org/values/19-450-418-1>		<http://ids.clld.org/parameters/19-450>		<http://ids.clld.org/values/19-450-209-1>		"wätk-"@xto	
"tau.2 fu.3"@cdy	<http://ids.clld.org/values/20-222-418-1>		<http://ids.clld.org/parameters/20-222>		<http://ids.clld.org/values/20-222-209-1>		"[porat]"@xto	
"ćo.3 shai.3"@cdy	<http://ids.clld.org/values/19-240-418-1>		<http://ids.clld.org/parameters/19-240>		<http://ids.clld.org/values/19-240-209-1>		"nātäk"@xto	
"tau.2 fu.3"@cdy	<http://ids.clld.org/values/9-250-418-1>		<http://ids.clld.org/parameters/9-250>		<http://ids.clld.org/values/9-250-209-1>		"[porat]"@xto	
"wi.1"@cdy	<http://ids.clld.org/values/1-810-418-1>		<http://ids.clld.org/parameters/1-810>		<http://ids.clld.org/values/1-810-209-1>		"por"@xto	
"thjeu.1 chi.6"@cdy	<http://ids.clld.org/values/4-510-418-1>		<http://ids.clld.org/parameters/4-510>		<http://ids.clld.org/values/4-510-209-1>		"wraseṃ"@xto	
"fa.3"@cdy	<http://ids.clld.org/values/1-730-418-1>		<http://ids.clld.org/parameters/1-730>		<http://ids.clld.org/values/1-730-209-1>		"tärkär"@xto	
"ńuen.1 ka:u.4"@cdy	<http://ids.clld.org/values/6-940-418-1>		<http://ids.clld.org/parameters/6-940>		<http://ids.clld.org/values/6-940-209-1>		"ṣälyp"@xto	
"ćhik.7"@cdy	<http://ids.clld.org/values/5-260-418-1>		<http://ids.clld.org/parameters/5-260>		<http://ids.clld.org/values/5-260-209-1>		"[kunti]"@xto	
"tam.3"@cdy	<http://ids.clld.org/values/6-330-418-1>		<http://ids.clld.org/parameters/6-330>		<http://ids.clld.org/values/6-330-209-1>		"wäp-"@xto	
"na.1"@cdy	<http://ids.clld.org/values/12-630-418-1>		<http://ids.clld.org/parameters/12-630>		<http://ids.clld.org/values/12-630-209-1>		"ātsäts"@xto	
"pjan.1"@cdy	<http://ids.clld.org/values/8-130-418-1>		<http://ids.clld.org/parameters/8-130>		<http://ids.clld.org/values/8-130-209-3>		"warpi"@xto	
"pjan.1"@cdy	<http://ids.clld.org/values/8-130-418-1>		<http://ids.clld.org/parameters/8-130>		<http://ids.clld.org/values/8-130-209-1>		"warpiśke"@xto	
"hon.6"@cdy	<http://ids.clld.org/values/15-840-418-3>		<http://ids.clld.org/parameters/15-840>		<http://ids.clld.org/values/15-840-209-1>		"āsar"@xto	
"teŋ.2"@cdy	<http://ids.clld.org/values/14-280-418-1>		<http://ids.clld.org/parameters/14-280>		<http://ids.clld.org/values/14-280-209-1>		"ār-"@xto	
"lak.8 pi:k.7"@cdy	<http://ids.clld.org/values/2-260-418-1>		<http://ids.clld.org/parameters/2-260>		<http://ids.clld.org/values/2-260-209-1>		"śomiṃ"@xto	
"kwa:i.6"@cdy	<http://ids.clld.org/values/16-780-418-1>		<http://ids.clld.org/parameters/16-780>		<http://ids.clld.org/values/16-780-209-1>		"nākäm"@xto	
"shi:ŋ.4"@cdy	<http://ids.clld.org/values/3-770-418-1>		<http://ids.clld.org/parameters/3-770>		<http://ids.clld.org/values/3-770-209-1>		"onkaläm"@xto	
"khəm.5"@cdy	<http://ids.clld.org/values/1-212-418-1>		<http://ids.clld.org/parameters/1-212>		<http://ids.clld.org/values/1-212-209-1>		"tkaṃ"@xto	
"muŋ.1"@cdy	<http://ids.clld.org/values/4-970-418-1>		<http://ids.clld.org/parameters/4-970>		<http://ids.clld.org/values/4-970-209-1>		"trak"@xto	
"tin.1 jin.6"@cdy	<http://ids.clld.org/values/4-374-418-1>		<http://ids.clld.org/parameters/4-374>		<http://ids.clld.org/values/4-374-209-1>		"ṣik"@xto	
"khai.1"@cdy	<http://ids.clld.org/values/10-650-418-1>		<http://ids.clld.org/parameters/10-650>		<http://ids.clld.org/values/10-650-209-1>		"āk-"@xto	
"ha.3"@cdy	<http://ids.clld.org/values/4-760-418-1>		<http://ids.clld.org/parameters/4-760>		<http://ids.clld.org/values/4-760-209-1>		"ko-"@xto	
"lap.8 wi.1"@cdy	<http://ids.clld.org/values/1-861-418-1>		<http://ids.clld.org/parameters/1-861>		<http://ids.clld.org/values/1-861-209-1>		"käs-"@xto	
"ći.1"@cdy	<http://ids.clld.org/values/12-430-418-3>		<http://ids.clld.org/parameters/12-430>		<http://ids.clld.org/values/12-430-209-1>		"kātse"@xto	
"eu.3"@cdy	<http://ids.clld.org/values/9-260-418-1>		<http://ids.clld.org/parameters/9-260>		<http://ids.clld.org/values/9-260-209-1>		"kot-"@xto	
"fən.1"@cdy	<http://ids.clld.org/values/1-750-418-1>		<http://ids.clld.org/parameters/1-750>		<http://ids.clld.org/values/1-750-209-1>		"swase"@xto	
"tuŋ.1"@cdy	<http://ids.clld.org/values/12-450-418-1>		<http://ids.clld.org/parameters/12-450>		<http://ids.clld.org/values/12-450-209-1>		"koṃ-pärkānt"@xto	
"si.4 kwa:n.3"@cdy	<http://ids.clld.org/values/19-610-418-1>		<http://ids.clld.org/parameters/19-610>		<http://ids.clld.org/values/19-610-209-1>		"wkäṃ"@xto	
"sha:i.1"@cdy	<http://ids.clld.org/values/11-210-418-1>		<http://ids.clld.org/parameters/11-210>		<http://ids.clld.org/values/11-210-209-1>		"e-"@xto	
"cü:n.5 ho.4 ćo.3"@cdy	<http://ids.clld.org/values/10-130-418-1>		<http://ids.clld.org/parameters/10-130>		<http://ids.clld.org/values/10-130-209-1>		"spārtw-"@xto	
"pak.7"@cdy	<http://ids.clld.org/values/12-470-418-1>		<http://ids.clld.org/parameters/12-470>		<http://ids.clld.org/values/12-470-209-1>		"ṣuliɲc"@xto	
"jin.3 lia:u.4"@cdy	<http://ids.clld.org/values/5-900-418-1>		<http://ids.clld.org/parameters/5-900>		<http://ids.clld.org/values/5-900-209-1>		"yoktsi"@xto	
"mo.1"@cdy	<http://ids.clld.org/values/9-350-418-1>		<http://ids.clld.org/parameters/9-350>		<http://ids.clld.org/values/9-350-209-1>		"ku-"@xto	
"tjaŋ.1"@cdy	<http://ids.clld.org/values/14-332-418-1>		<http://ids.clld.org/parameters/14-332>		<http://ids.clld.org/values/14-332-209-1>		"aryu"@xto	
"khai.1"@cdy	<http://ids.clld.org/values/12-240-418-1>		<http://ids.clld.org/parameters/12-240>		<http://ids.clld.org/values/12-240-209-1>		"ru-"@xto	
"pjö.1"@cdy	<http://ids.clld.org/values/8-531-418-1>		<http://ids.clld.org/parameters/8-531>		<http://ids.clld.org/values/8-531-209-1>		"sāry-"@xto	
"fa:p.7"@cdy	<http://ids.clld.org/values/21-110-418-1>		<http://ids.clld.org/parameters/21-110>		<http://ids.clld.org/values/21-110-209-1>		"märkampal"@xto	
"tə.0 mə.5 si.2 hau.6"@cdy	<http://ids.clld.org/values/17-650-418-1>		<http://ids.clld.org/parameters/17-650>		<http://ids.clld.org/values/17-650-209-1>		"äntāne"@xto	
"a:p.7"@cdy	<http://ids.clld.org/values/9-342-418-1>		<http://ids.clld.org/parameters/9-342>		<http://ids.clld.org/values/9-342-209-1>		"kälts-"@xto	
"len.1"@cdy	<http://ids.clld.org/values/11-310-418-1>		<http://ids.clld.org/parameters/11-310>		<http://ids.clld.org/values/11-310-209-1>		"rit-"@xto	
"sjeu.3"@cdy	<http://ids.clld.org/values/13-170-418-1>		<http://ids.clld.org/parameters/13-170>		<http://ids.clld.org/values/13-170-209-1>		"tsru"@xto	
"sa:i.4 pa.3"@cdy	<http://ids.clld.org/values/4-207-418-3>		<http://ids.clld.org/parameters/4-207>		<http://ids.clld.org/values/4-207-209-1>		"śanweṃ"@xto	
"paŋ.3(4) mi.1"@cdy	<http://ids.clld.org/values/4-310-418-1>		<http://ids.clld.org/parameters/4-310>		<http://ids.clld.org/values/4-310-209-1>		"poke"@xto	
"ŋo.4"@cdy	<http://ids.clld.org/values/13-50-418-1>		<http://ids.clld.org/parameters/13-50>		<http://ids.clld.org/values/13-50-209-1>		"paɲ"@xto	
"mi.5"@cdy	<http://ids.clld.org/values/14-130-418-1>		<http://ids.clld.org/parameters/14-130>		<http://ids.clld.org/values/14-130-209-1>		"ɲu"@xto	
"sha:m.1 pui.6"@cdy	<http://ids.clld.org/values/13-440-418-1>		<http://ids.clld.org/parameters/13-440>		<http://ids.clld.org/values/13-440-209-1>		"tri-lkwär"@xto	
"fe.4"@cdy	<http://ids.clld.org/values/9-440-418-1>		<http://ids.clld.org/parameters/9-440>		<http://ids.clld.org/values/9-440-209-1>		"tsik-"@xto	
"kə.5 lo.2"@cdy	<http://ids.clld.org/values/10-491-418-1>		<http://ids.clld.org/parameters/10-491>		<http://ids.clld.org/values/10-491-209-1>		"nut-"@xto	
"kə.5 lo.2"@cdy	<http://ids.clld.org/values/10-491-418-1>		<http://ids.clld.org/parameters/10-491>		<http://ids.clld.org/values/10-491-209-3>		"spärk-"@xto	
"ce.4 hwoŋ.2"@cdy	<http://ids.clld.org/values/16-670-418-1>		<http://ids.clld.org/parameters/16-670>		<http://ids.clld.org/values/16-670-209-1>		"smale"@xto	
"cau.4"@cdy	<http://ids.clld.org/values/10-610-418-3>		<http://ids.clld.org/parameters/10-610>		<http://ids.clld.org/values/10-610-209-1>		"pär-"@xto	
"cua:ŋ.2 fu.2"@cdy	<http://ids.clld.org/values/7-250-418-1>		<http://ids.clld.org/parameters/7-250>		<http://ids.clld.org/values/7-250-209-1>		"[pātsank]"@xto	
"hau.2 sheŋ.1"@cdy	<http://ids.clld.org/values/17-260-418-1>		<http://ids.clld.org/parameters/17-260>		<http://ids.clld.org/values/17-260-209-1>		"ākälṣäl"@xto	
"fe.4 koŋ.2 fu.1"@cdy	<http://ids.clld.org/values/9-120-418-1>		<http://ids.clld.org/parameters/9-120>		<http://ids.clld.org/values/9-120-209-1>		"wles-"@xto	
"ŋa.2 chi.3"@cdy	<http://ids.clld.org/values/4-270-418-1>		<http://ids.clld.org/parameters/4-270>		<http://ids.clld.org/values/4-270-209-1>		"kam"@xto	
"shjen.6"@cdy	<http://ids.clld.org/values/12-840-418-1>		<http://ids.clld.org/parameters/12-840>		<http://ids.clld.org/values/12-840-209-1>		"slyi"@xto	
"lən.1"@cdy	<http://ids.clld.org/values/19-210-418-1>		<http://ids.clld.org/parameters/19-210>		<http://ids.clld.org/values/19-210-209-1>		"ārkiśoṣi"@xto	
"lən.1"@cdy	<http://ids.clld.org/values/19-210-418-1>		<http://ids.clld.org/parameters/19-210>		<http://ids.clld.org/values/19-210-209-3>		"śoṣi"@xto	
"tui.1 lən.1"@cdy	<http://ids.clld.org/values/13-190-418-1>		<http://ids.clld.org/parameters/13-190>		<http://ids.clld.org/values/13-190-209-1>		"krop"@xto	
"ti.2 pa:n.1"@cdy	<http://ids.clld.org/values/2-230-418-1>		<http://ids.clld.org/parameters/2-230>		<http://ids.clld.org/values/2-230-209-1>		"oɲi"@xto	
"sha:n.1"@cdy	<http://ids.clld.org/values/9-750-418-1>		<http://ids.clld.org/parameters/9-750>		<http://ids.clld.org/values/9-750-209-1>		"wäp-"@xto	
"su.3 sa.3"@cdy	<http://ids.clld.org/values/12-350-418-1>		<http://ids.clld.org/parameters/12-350>		<http://ids.clld.org/values/12-350-209-1>		"āk"@xto	
"ŋa:u.1"@cdy	<http://ids.clld.org/values/4-170-418-1>		<http://ids.clld.org/parameters/4-170>		<http://ids.clld.org/values/4-170-209-1>		"kror"@xto	
"taŋ.1"@cdy	<http://ids.clld.org/values/10-480-418-1>		<http://ids.clld.org/parameters/10-480>		<http://ids.clld.org/values/10-480-209-1>		"kum-"@xto	
"ca:i.6 fai.4"@cdy	<http://ids.clld.org/values/14-350-418-1>		<http://ids.clld.org/parameters/14-350>		<http://ids.clld.org/values/14-350-209-1>		"nuṃ"@xto	
"ŋo.2"@cdy	<http://ids.clld.org/values/10-260-418-1>		<http://ids.clld.org/parameters/10-260>		<http://ids.clld.org/values/10-260-209-1>		"miw-"@xto	
"sha:i.1"@cdy	<http://ids.clld.org/values/11-910-418-1>		<http://ids.clld.org/parameters/11-910>		<http://ids.clld.org/values/11-910-209-1>		"pāk yām-/ypa-/ya-"@xto	
"ńi.2"@cdy	<http://ids.clld.org/values/2-920-418-1>		<http://ids.clld.org/parameters/2-920>		<http://ids.clld.org/values/2-920-209-1>		"tu"@xto	
"luk.7"@cdy	<http://ids.clld.org/values/9-360-418-1>		<http://ids.clld.org/parameters/9-360>		<http://ids.clld.org/values/9-360-209-1>		"lik-"@xto	
"pi.2"@cdy	<http://ids.clld.org/values/4-120-418-1>		<http://ids.clld.org/parameters/4-120>		<http://ids.clld.org/values/4-120-209-1>		"yats"@xto	
"on.2(1) shəŋ.6"@cdy	<http://ids.clld.org/values/15-460-418-1>		<http://ids.clld.org/parameters/15-460>		<http://ids.clld.org/values/15-460-209-1>		"sākät"@xto	
"pa:k.7 pi.2"@cdy	<http://ids.clld.org/values/4-250-418-1>		<http://ids.clld.org/parameters/4-250>		<http://ids.clld.org/values/4-250-209-1>		"lymeṃ"@xto	
"kin.4 toi.6"@cdy	<http://ids.clld.org/values/20-150-418-1>		<http://ids.clld.org/parameters/20-150>		<http://ids.clld.org/values/20-150-209-1>		"ratäk"@xto	
"wi.4 hjep.7"@cdy	<http://ids.clld.org/values/18-440-418-1>		<http://ids.clld.org/parameters/18-440>		<http://ids.clld.org/values/18-440-209-1>		"nu-"@xto	
"sham.4 tau.2"@cdy	<http://ids.clld.org/values/4-440-418-1>		<http://ids.clld.org/parameters/4-440>		<http://ids.clld.org/values/4-440-209-1>		"āriɲc"@xto	
"sa.4 shai.3"@cdy	<http://ids.clld.org/values/3-720-418-1>		<http://ids.clld.org/parameters/3-720>		<http://ids.clld.org/values/3-720-209-1>		"śiśäk"@xto	
"ćhai.1"@cdy	<http://ids.clld.org/values/8-210-418-1>		<http://ids.clld.org/parameters/8-210>		<http://ids.clld.org/values/8-210-209-1>		"pāt"@xto	
"na:n.4"@cdy	<http://ids.clld.org/values/4-130-418-1>		<http://ids.clld.org/parameters/4-130>		<http://ids.clld.org/values/4-130-209-1>		"śwāl"@xto	
"khwa.1"@cdy	<http://ids.clld.org/values/16-790-418-1>		<http://ids.clld.org/parameters/16-790>		<http://ids.clld.org/values/16-790-209-1>		"päl-"@xto	
"ćik.7"@cdy	<http://ids.clld.org/values/16-310-418-1>		<http://ids.clld.org/parameters/16-310>		<http://ids.clld.org/values/16-310-209-1>		"klop"@xto	
"wan.1"@cdy	<http://ids.clld.org/values/4-280-418-1>		<http://ids.clld.org/parameters/4-280>		<http://ids.clld.org/values/4-280-209-1>		"kɲuk"@xto	
"hja:i.6"@cdy	<http://ids.clld.org/values/15-780-418-1>		<http://ids.clld.org/parameters/15-780>		<http://ids.clld.org/values/15-780-209-1>		"pśär"@xto	
"la:n.2"@cdy	<http://ids.clld.org/values/18-280-418-1>		<http://ids.clld.org/parameters/18-280>		<http://ids.clld.org/values/18-280-209-1>		"ɲom"@xto	
"pa:u.1"@cdy	<http://ids.clld.org/values/10-140-418-1>		<http://ids.clld.org/parameters/10-140>		<http://ids.clld.org/values/10-140-209-1>		"wänt-"@xto	
"la:u.4 hja:n.1"@cdy	<http://ids.clld.org/values/2-820-418-1>		<http://ids.clld.org/parameters/2-820>		<http://ids.clld.org/values/2-820-209-1>		"[kotär]"@xto	
"səp.8 jit.7"@cdy	<http://ids.clld.org/values/13-101-418-1>		<http://ids.clld.org/parameters/13-101>		<http://ids.clld.org/values/13-101-209-1>		"śäk-ṣa-pi"@xto	
"muə.1 taŋ.1"@cdy	<http://ids.clld.org/values/10-481-418-1>		<http://ids.clld.org/parameters/10-481>		<http://ids.clld.org/values/10-481-209-1>		"lotk-"@xto	
"ci:ŋ.3"@cdy	<http://ids.clld.org/values/12-530-418-1>		<http://ids.clld.org/parameters/12-530>		<http://ids.clld.org/values/12-530-209-1>		"śamantär"@xto	
"ci:ŋ.3"@cdy	<http://ids.clld.org/values/12-530-418-1>		<http://ids.clld.org/parameters/12-530>		<http://ids.clld.org/values/12-530-209-3>		"tsäm-"@xto	
"la:i.4 kwa:i.6"@cdy	<http://ids.clld.org/values/22-450-418-1>		<http://ids.clld.org/parameters/22-450>		<http://ids.clld.org/values/22-450-209-3>		"[yakäṣ]"@xto	
"la:i.4 kwa:i.6"@cdy	<http://ids.clld.org/values/22-450-418-1>		<http://ids.clld.org/parameters/22-450>		<http://ids.clld.org/values/22-450-209-1>		"[pret]"@xto	
"cu.4 kuŋ.1"@cdy	<http://ids.clld.org/values/2-560-418-1>		<http://ids.clld.org/parameters/2-560>		<http://ids.clld.org/values/2-560-209-1>		"āp"@xto	
"kiŋ.6"@cdy	<http://ids.clld.org/values/6-960-418-1>		<http://ids.clld.org/parameters/6-960>		<http://ids.clld.org/values/6-960-209-1>		"tāpaki"@xto	
"khün.4"@cdy	<http://ids.clld.org/values/12-820-418-1>		<http://ids.clld.org/parameters/12-820>		<http://ids.clld.org/values/12-820-209-1>		"sark"@xto	
"hja:n.1"@cdy	<http://ids.clld.org/values/7-120-418-1>		<http://ids.clld.org/parameters/7-120>		<http://ids.clld.org/values/7-120-209-1>		"waṣt"@xto	
"sok.8"@cdy	<http://ids.clld.org/values/5-121-418-1>		<http://ids.clld.org/parameters/5-121>		<http://ids.clld.org/values/5-121-209-1>		"pakku"@xto	
"chuŋ.6"@cdy	<http://ids.clld.org/values/20-210-418-1>		<http://ids.clld.org/parameters/20-210>		<http://ids.clld.org/values/20-210-209-1>		"yepe"@xto	
"la:u.4"@cdy	<http://ids.clld.org/values/14-150-418-1>		<http://ids.clld.org/parameters/14-150>		<http://ids.clld.org/values/14-150-209-1>		"mokone"@xto	
"səp.8 ŋo.4"@cdy	<http://ids.clld.org/values/13-103-418-1>		<http://ids.clld.org/parameters/13-103>		<http://ids.clld.org/values/13-103-209-1>		"śäk-päɲ-pi"@xto	
"ćan.1 khai.1"@cdy	<http://ids.clld.org/values/9-340-418-1>		<http://ids.clld.org/parameters/9-340>		<http://ids.clld.org/values/9-340-209-1>		"sätk-"@xto	
"lai.4 hjo.1"@cdy	<http://ids.clld.org/values/17-160-418-1>		<http://ids.clld.org/parameters/17-160>		<http://ids.clld.org/values/17-160-209-1>		"kärs-"@xto	
"ka.3"@cdy	<http://ids.clld.org/values/15-740-418-1>		<http://ids.clld.org/parameters/15-740>		<http://ids.clld.org/values/15-740-209-1>		"tsär"@xto	
"ŋo.2 ćuŋ.6"@cdy	<http://ids.clld.org/values/22-150-418-1>		<http://ids.clld.org/parameters/22-150>		<http://ids.clld.org/values/22-150-209-1>		"talke"@xto	
"ha:m.3"@cdy	<http://ids.clld.org/values/18-130-418-1>		<http://ids.clld.org/parameters/18-130>		<http://ids.clld.org/values/18-130-209-1>		"nu-"@xto	
"pəŋ.1"@cdy	<http://ids.clld.org/values/20-170-418-1>		<http://ids.clld.org/parameters/20-170>		<http://ids.clld.org/values/20-170-209-1>		"waco"@xto	
"pən.1"@cdy	<http://ids.clld.org/values/1-510-418-1>		<http://ids.clld.org/parameters/1-510>		<http://ids.clld.org/values/1-510-209-1>		"eprer-"@xto	
"ju:ŋ.6"@cdy	<http://ids.clld.org/values/17-320-418-1>		<http://ids.clld.org/parameters/17-320>		<http://ids.clld.org/values/17-320-209-1>		"märs-"@xto	
"jüen.4 woŋ.6"@cdy	<http://ids.clld.org/values/16-620-418-1>		<http://ids.clld.org/parameters/16-620>		<http://ids.clld.org/values/16-620-209-1>		"yoke"@xto	
"ja:i.3"@cdy	<http://ids.clld.org/values/12-570-418-1>		<http://ids.clld.org/parameters/12-570>		<http://ids.clld.org/values/12-570-209-3>		"aryu"@xto	
"ja:i.3"@cdy	<http://ids.clld.org/values/12-570-418-1>		<http://ids.clld.org/parameters/12-570>		<http://ids.clld.org/values/12-570-209-1>		"pärkär"@xto	
"uŋ.4 nhau.1"@cdy	<http://ids.clld.org/values/17-660-418-1>		<http://ids.clld.org/parameters/17-660>		<http://ids.clld.org/values/17-660-209-1>		"äntanne"@xto	
"zö.2"@cdy	<http://ids.clld.org/values/3-250-418-3>		<http://ids.clld.org/parameters/3-250>		<http://ids.clld.org/values/3-250-209-1>		"śoś"@xto	
"ni.4 po.4"@cdy	<http://ids.clld.org/values/3-230-418-1>		<http://ids.clld.org/parameters/3-230>		<http://ids.clld.org/values/3-230-209-1>		"ko"@xto	
"maŋ.4"@cdy	<http://ids.clld.org/values/16-230-418-1>		<http://ids.clld.org/parameters/16-230>		<http://ids.clld.org/values/16-230-209-1>		"tsārwo"@xto	
"ćhu.3"@cdy	<http://ids.clld.org/values/4-740-418-1>		<http://ids.clld.org/parameters/4-740>		<http://ids.clld.org/values/4-740-209-3>		"śol"@xto	
"ćhu.3"@cdy	<http://ids.clld.org/values/4-740-418-1>		<http://ids.clld.org/parameters/4-740>		<http://ids.clld.org/values/4-740-209-1>		"śo-"@xto	
"chok.7"@cdy	<http://ids.clld.org/values/16-760-418-1>		<http://ids.clld.org/parameters/16-760>		<http://ids.clld.org/values/16-760-209-1>		"nākäm"@xto	
"u:n.3"@cdy	<http://ids.clld.org/values/5-330-418-1>		<http://ids.clld.org/parameters/5-330>		<http://ids.clld.org/values/5-330-209-1>		"[pātär]"@xto	
"ća:ŋ.3 ku.2 shai.6"@cdy	<http://ids.clld.org/values/18-221-418-1>		<http://ids.clld.org/parameters/18-221>		<http://ids.clld.org/values/18-221-209-1>		"tränk-"@xto	
"shi:ŋ.3"@cdy	<http://ids.clld.org/values/17-130-418-1>		<http://ids.clld.org/parameters/17-130>		<http://ids.clld.org/values/17-130-209-1>		"päl(t)sk-"@xto	
"sha:ŋ.4"@cdy	<http://ids.clld.org/values/4-710-418-1>		<http://ids.clld.org/parameters/4-710>		<http://ids.clld.org/values/4-710-209-1>		"täm-"@xto	
"ta:u.3"@cdy	<http://ids.clld.org/values/1-851-418-1>		<http://ids.clld.org/parameters/1-851>		<http://ids.clld.org/values/1-851-209-1>		"tsäk-"@xto	
"khuŋ.1"@cdy	<http://ids.clld.org/values/13-220-418-1>		<http://ids.clld.org/parameters/13-220>		<http://ids.clld.org/values/13-220-209-1>		"ekär"@xto	
"sat.8 tai.6"@cdy	<http://ids.clld.org/values/14-110-418-1>		<http://ids.clld.org/parameters/14-110>		<http://ids.clld.org/values/14-110-209-1>		"praṣt"@xto	
"tan.3"@cdy	<http://ids.clld.org/values/6-110-418-1>		<http://ids.clld.org/parameters/6-110>		<http://ids.clld.org/values/6-110-209-1>		"wäs-"@xto	
"lak.8 hau.2 seŋ.1"@cdy	<http://ids.clld.org/values/2-251-418-1>		<http://ids.clld.org/parameters/2-251>		<http://ids.clld.org/values/2-251-209-1>		"wir"@xto	
"ńi.6 səp.8"@cdy	<http://ids.clld.org/values/13-104-418-1>		<http://ids.clld.org/parameters/13-104>		<http://ids.clld.org/values/13-104-209-1>		"wiki"@xto	
"lai.6"@cdy	<http://ids.clld.org/values/8-210-418-3>		<http://ids.clld.org/parameters/8-210>		<http://ids.clld.org/values/8-210-209-1>		"pāt"@xto	
"seŋ.4 lən.1"@cdy	<http://ids.clld.org/values/19-550-418-1>		<http://ids.clld.org/parameters/19-550>		<http://ids.clld.org/values/19-550-209-1>		"lokit"@xto	
"pe.4 khja.1"@cdy	<http://ids.clld.org/values/4-220-418-1>		<http://ids.clld.org/parameters/4-220>		<http://ids.clld.org/values/4-220-209-1>		"klots"@xto	
"ha:m.3"@cdy	<http://ids.clld.org/values/18-410-418-1>		<http://ids.clld.org/parameters/18-410>		<http://ids.clld.org/values/18-410-209-1>		"ken-"@xto	
"śüen.4 pu.6"@cdy	<http://ids.clld.org/values/18-430-418-1>		<http://ids.clld.org/parameters/18-430>		<http://ids.clld.org/values/18-430-209-1>		"klāw-"@xto	
"ćo.3 pjam.1"@cdy	<http://ids.clld.org/values/4-140-418-1>		<http://ids.clld.org/parameters/4-140>		<http://ids.clld.org/values/4-140-209-1>		"śāku"@xto	
"shon.5"@cdy	<http://ids.clld.org/values/6-380-418-1>		<http://ids.clld.org/parameters/6-380>		<http://ids.clld.org/values/6-380-209-1>		"kluṃts (?)"@xto	
"kha:t.7"@cdy	<http://ids.clld.org/values/5-150-418-1>		<http://ids.clld.org/parameters/5-150>		<http://ids.clld.org/values/5-150-209-1>		"yoke"@xto	
"khun.1"@cdy	<http://ids.clld.org/values/10-710-418-1>		<http://ids.clld.org/parameters/10-710>		<http://ids.clld.org/values/10-710-209-1>		"ṣont"@xto	
"uk.7 pə.1"@cdy	<http://ids.clld.org/values/10-474-418-1>		<http://ids.clld.org/parameters/10-474>		<http://ids.clld.org/values/10-474-209-1>		"länt-"@xto	
"ti.1"@cdy	<http://ids.clld.org/values/2-350-418-1>		<http://ids.clld.org/parameters/2-350>		<http://ids.clld.org/values/2-350-209-1>		"pācar"@xto	
"ji:k.7"@cdy	<http://ids.clld.org/values/5-140-418-1>		<http://ids.clld.org/parameters/5-140>		<http://ids.clld.org/values/5-140-209-1>		"kaṣt"@xto	
"wu:ŋ.1"@cdy	<http://ids.clld.org/values/12-310-418-1>		<http://ids.clld.org/parameters/12-310>		<http://ids.clld.org/values/12-310-209-1>		"tpär"@xto	
"su.1"@cdy	<http://ids.clld.org/values/12-210-418-1>		<http://ids.clld.org/parameters/12-210>		<http://ids.clld.org/values/12-210-209-1>		"krop-"@xto	
"shjen.1"@cdy	<http://ids.clld.org/values/13-106-418-1>		<http://ids.clld.org/parameters/13-106>		<http://ids.clld.org/values/13-106-209-1>		"wälts"@xto	
"shiu.1 pən.2"@cdy	<http://ids.clld.org/values/14-770-418-1>		<http://ids.clld.org/parameters/14-770>		<http://ids.clld.org/values/14-770-209-1>		"yäpsant (?)"@xto	
"cun.4 su.3"@cdy	<http://ids.clld.org/values/19-460-418-1>		<http://ids.clld.org/parameters/19-460>		<http://ids.clld.org/values/19-460-209-1>		"nam"@xto	
"ju.1"@cdy	<http://ids.clld.org/values/12-80-418-1>		<http://ids.clld.org/parameters/12-80>		<http://ids.clld.org/values/12-80-209-1>		"koc"@xto	
"hi.2 moŋ.6"@cdy	<http://ids.clld.org/values/16-630-418-1>		<http://ids.clld.org/parameters/16-630>		<http://ids.clld.org/values/16-630-209-1>		"pärmank"@xto	
"ni.3 cjek.8"@cdy	<http://ids.clld.org/values/15-410-418-1>		<http://ids.clld.org/parameters/15-410>		<http://ids.clld.org/values/15-410-209-1>		"klyos-"@xto	
"wa.6 ńien.2"@cdy	<http://ids.clld.org/values/18-240-418-1>		<http://ids.clld.org/parameters/18-240>		<http://ids.clld.org/values/18-240-209-1>		"käntu"@xto	
"hwa.1"@cdy	<http://ids.clld.org/values/8-570-418-1>		<http://ids.clld.org/parameters/8-570>		<http://ids.clld.org/values/8-570-209-1>		"pyāpi"@xto	
"thjeu.5 ŋo.6"@cdy	<http://ids.clld.org/values/10-440-418-1>		<http://ids.clld.org/parameters/10-440>		<http://ids.clld.org/values/10-440-209-1>		"tsip-"@xto	
"su:k.7"@cdy	<http://ids.clld.org/values/5-130-418-1>		<http://ids.clld.org/parameters/5-130>		<http://ids.clld.org/values/5-130-209-1>		"yok-"@xto	
"lhaŋ.1 cjek.8"@cdy	<http://ids.clld.org/values/15-510-418-1>		<http://ids.clld.org/parameters/15-510>		<http://ids.clld.org/values/15-510-209-1>		"läk-"@xto	
"ne.4 jok.8"@cdy	<http://ids.clld.org/values/4-820-418-1>		<http://ids.clld.org/parameters/4-820>		<http://ids.clld.org/values/4-820-209-1>		"ylār"@xto	
"cjeu.6"@cdy	<http://ids.clld.org/values/15-560-418-1>		<http://ids.clld.org/parameters/15-560>		<http://ids.clld.org/values/15-560-209-1>		"pälk-"@xto	
"hjo.1"@cdy	<http://ids.clld.org/values/17-170-418-1>		<http://ids.clld.org/parameters/17-170>		<http://ids.clld.org/values/17-170-209-1>		"kärs-"@xto	
"kü.3"@cdy	<http://ids.clld.org/values/10-220-418-1>		<http://ids.clld.org/parameters/10-220>		<http://ids.clld.org/values/10-220-209-1>		"täl-"@xto	
"lhap.7"@cdy	<http://ids.clld.org/values/1-620-418-1>		<http://ids.clld.org/parameters/1-620>		<http://ids.clld.org/values/1-620-209-1>		"orkäm"@xto	
"pu.6"@cdy	<http://ids.clld.org/values/4-410-418-1>		<http://ids.clld.org/parameters/4-410>		<http://ids.clld.org/values/4-410-209-1>		"päśśäṃ"@xto	
"thjet.7"@cdy	<http://ids.clld.org/values/9-670-418-1>		<http://ids.clld.org/parameters/9-670>		<http://ids.clld.org/values/9-670-209-1>		"aɲcu"@xto	
"ńan.2"@cdy	<http://ids.clld.org/values/9-650-418-1>		<http://ids.clld.org/parameters/9-650>		<http://ids.clld.org/values/9-650-209-1>		"nkiɲc"@xto	
"kan.1 lo.2"@cdy	<http://ids.clld.org/values/10-520-418-1>		<http://ids.clld.org/parameters/10-520>		<http://ids.clld.org/values/10-520-209-1>		"säk- (?)"@xto	
"kut.7"@cdy	<http://ids.clld.org/values/4-160-418-1>		<http://ids.clld.org/parameters/4-160>		<http://ids.clld.org/values/4-160-209-1>		"āy"@xto	
"kut.7"@cdy	<http://ids.clld.org/values/4-160-418-1>		<http://ids.clld.org/parameters/4-160>		<http://ids.clld.org/values/4-160-209-3>		"āyäntu"@xto	
"nuŋ.3"@cdy	<http://ids.clld.org/values/10-670-418-1>		<http://ids.clld.org/parameters/10-670>		<http://ids.clld.org/values/10-670-209-1>		"nätk-"@xto	
"shuŋ.3 si.4"@cdy	<http://ids.clld.org/values/14-310-418-1>		<http://ids.clld.org/parameters/14-310>		<http://ids.clld.org/values/14-310-209-1>		"skam"@xto	
"fe.4 mo.4 shai.3"@cdy	<http://ids.clld.org/values/9-720-418-1>		<http://ids.clld.org/parameters/9-720>		<http://ids.clld.org/values/9-720-209-1>		"tsik-"@xto	
"səŋ.1 can.2"@cdy	<http://ids.clld.org/values/10-210-418-1>		<http://ids.clld.org/parameters/10-210>		<http://ids.clld.org/values/10-210-209-3>		"pärk-"@xto	
"səŋ.1 can.2"@cdy	<http://ids.clld.org/values/10-210-418-1>		<http://ids.clld.org/parameters/10-210>		<http://ids.clld.org/values/10-210-209-1>		"kātk-"@xto	
"ti.2 lən.1"@cdy	<http://ids.clld.org/values/19-520-418-1>		<http://ids.clld.org/parameters/19-520>		<http://ids.clld.org/values/19-520-209-3>		"yäsluɲcas"@xto	
"ti.2 lən.1"@cdy	<http://ids.clld.org/values/19-520-418-1>		<http://ids.clld.org/parameters/19-520>		<http://ids.clld.org/values/19-520-209-1>		"yäslu"@xto	
"ni.4 la:p.8 njaŋ.3"@cdy	<http://ids.clld.org/values/1-550-418-1>		<http://ids.clld.org/parameters/1-550>		<http://ids.clld.org/values/1-550-209-1>		"polkāṃts"@xto	
"sheu.2 nham.3"@cdy	<http://ids.clld.org/values/10-350-418-1>		<http://ids.clld.org/parameters/10-350>		<http://ids.clld.org/values/10-350-209-1>		"yär-"@xto	
"toŋ.4 pən.2"@cdy	<http://ids.clld.org/values/14-740-418-1>		<http://ids.clld.org/parameters/14-740>		<http://ids.clld.org/values/14-740-209-1>		"śärme"@xto	
"pa:k.7 to.1 lək.8"@cdy	<http://ids.clld.org/values/7-220-418-3>		<http://ids.clld.org/parameters/7-220>		<http://ids.clld.org/values/7-220-209-1>		"yokäm"@xto	
"khai.1 si.2"@cdy	<http://ids.clld.org/values/14-250-418-1>		<http://ids.clld.org/parameters/14-250>		<http://ids.clld.org/values/14-250-209-1>		"on-"@xto	
"han.5"@cdy	<http://ids.clld.org/values/16-410-418-1>		<http://ids.clld.org/parameters/16-410>		<http://ids.clld.org/values/16-410-209-1>		"roɲcäm"@xto	
"han.5"@cdy	<http://ids.clld.org/values/16-410-418-1>		<http://ids.clld.org/parameters/16-410>		<http://ids.clld.org/values/16-410-209-3>		"rse"@xto	
"chun.4 pən.2"@cdy	<http://ids.clld.org/values/14-750-418-1>		<http://ids.clld.org/parameters/14-750>		<http://ids.clld.org/values/14-750-209-1>		"yusār (?)"@xto	
"fa:i.5"@cdy	<http://ids.clld.org/values/16-720-418-1>		<http://ids.clld.org/parameters/16-720>		<http://ids.clld.org/values/16-720-209-3>		"omäskeṃ"@xto	
"fa:i.5"@cdy	<http://ids.clld.org/values/16-720-418-1>		<http://ids.clld.org/parameters/16-720>		<http://ids.clld.org/values/16-720-209-1>		"umpar"@xto	
"lö.4 la:p.8 njaŋ.3"@cdy	<http://ids.clld.org/values/1-570-418-1>		<http://ids.clld.org/parameters/1-570>		<http://ids.clld.org/values/1-570-209-1>		"[vājär]"@xto	
"lən.2"@cdy	<http://ids.clld.org/values/4-110-418-1>		<http://ids.clld.org/parameters/4-110>		<http://ids.clld.org/values/4-110-209-1>		"kapśaɲi"@xto	
"tai.5"@cdy	<http://ids.clld.org/values/10-640-418-1>		<http://ids.clld.org/parameters/10-640>		<http://ids.clld.org/values/10-640-209-1>		"āk-"@xto	
"śe.1"@cdy	<http://ids.clld.org/values/2-950-418-1>		<http://ids.clld.org/parameters/2-950>		<http://ids.clld.org/values/2-950-209-1>		"yas"@xto	
"na.3"@cdy	<http://ids.clld.org/values/4-204-418-1>		<http://ids.clld.org/parameters/4-204>		<http://ids.clld.org/values/4-204-209-1>		"ak-mal"@xto	
"ni.4 fai.5"@cdy	<http://ids.clld.org/values/1-520-418-1>		<http://ids.clld.org/parameters/1-520>		<http://ids.clld.org/values/1-520-209-1>		"koṃ"@xto	
"mek.8"@cdy	<http://ids.clld.org/values/8-430-418-1>		<http://ids.clld.org/parameters/8-430>		<http://ids.clld.org/values/8-430-209-1>		"wsār"@xto	
"ci.4 shet.7"@cdy	<http://ids.clld.org/values/14-780-418-1>		<http://ids.clld.org/parameters/14-780>		<http://ids.clld.org/values/14-780-209-1>		"praṣt"@xto	
"jok.8 ka:ŋ.1"@cdy	<http://ids.clld.org/values/14-430-418-1>		<http://ids.clld.org/parameters/14-430>		<http://ids.clld.org/values/14-430-209-1>		"koṃ-pärkānt"@xto	
"ti.4 jok.8"@cdy	<http://ids.clld.org/values/22-320-418-1>		<http://ids.clld.org/parameters/22-320>		<http://ids.clld.org/values/22-320-209-1>		"[ɲare]"@xto	
"tjem.3 wi.1"@cdy	<http://ids.clld.org/values/1-860-418-1>		<http://ids.clld.org/parameters/1-860>		<http://ids.clld.org/values/1-860-209-1>		"tu-"@xto	
"ɔ.1"@cdy	<http://ids.clld.org/values/5-210-418-3>		<http://ids.clld.org/parameters/5-210>		<http://ids.clld.org/values/5-210-209-1>		"päk-"@xto	
"liu.4 səŋ.2"@cdy	<http://ids.clld.org/values/14-270-418-1>		<http://ids.clld.org/parameters/14-270>		<http://ids.clld.org/values/14-270-209-1>		"ār- (?)"@xto	
"wi.1 phe.1"@cdy	<http://ids.clld.org/values/1-820-418-1>		<http://ids.clld.org/parameters/1-820>		<http://ids.clld.org/values/1-820-209-1>		"slam"@xto	
"seŋ.4(6) shat.7"@cdy	<http://ids.clld.org/values/9-890-418-1>		<http://ids.clld.org/parameters/9-890>		<http://ids.clld.org/values/9-890-209-1>		"pik-"@xto	
"ləm.1"@cdy	<http://ids.clld.org/values/1-720-418-1>		<http://ids.clld.org/parameters/1-720>		<http://ids.clld.org/values/1-720-209-1>		"want"@xto	
"tin.1"@cdy	<http://ids.clld.org/values/4-370-418-1>		<http://ids.clld.org/parameters/4-370>		<http://ids.clld.org/values/4-370-209-1>		"pe"@xto	
"ta:i.6 mai.4"@cdy	<http://ids.clld.org/values/2-450-418-1>		<http://ids.clld.org/parameters/2-450>		<http://ids.clld.org/values/2-450-209-1>		"ṣar"@xto	
"luŋ.6 fa:i.6"@cdy	<http://ids.clld.org/values/11-270-418-1>		<http://ids.clld.org/parameters/11-270>		<http://ids.clld.org/values/11-270-209-1>		"näk-"@xto	
"ŋwet.7"@cdy	<http://ids.clld.org/values/14-710-418-1>		<http://ids.clld.org/parameters/14-710>		<http://ids.clld.org/values/14-710-209-1>		"maɲ"@xto	
"cü:n.1"@cdy	<http://ids.clld.org/values/7-620-418-1>		<http://ids.clld.org/parameters/7-620>		<http://ids.clld.org/values/7-620-209-1>		"tukri"@xto	
"tü.2"@cdy	<http://ids.clld.org/values/1-440-418-1>		<http://ids.clld.org/parameters/1-440>		<http://ids.clld.org/values/1-440-209-1>		"pāreṃ"@xto	
"te.5 ćham.5"@cdy	<http://ids.clld.org/values/9-221-418-1>		<http://ids.clld.org/parameters/9-221>		<http://ids.clld.org/values/9-221-209-1>		"kärṣt-"@xto	
"te.2 sha:m.1"@cdy	<http://ids.clld.org/values/13-420-418-1>		<http://ids.clld.org/parameters/13-420>		<http://ids.clld.org/values/13-420-209-1>		"trit"@xto	
"lo.4"@cdy	<http://ids.clld.org/values/15-851-418-1>		<http://ids.clld.org/parameters/15-851>		<http://ids.clld.org/values/15-851-209-1>		"omäl"@xto	
"wi.4 hjem.3"@cdy	<http://ids.clld.org/values/16-540-418-1>		<http://ids.clld.org/parameters/16-540>		<http://ids.clld.org/values/16-540-209-1>		"ɲātse"@xto	
"wi.4 hjem.3"@cdy	<http://ids.clld.org/values/16-540-418-1>		<http://ids.clld.org/parameters/16-540>		<http://ids.clld.org/values/16-540-209-3>		"oklop"@xto	
"mok.8 tau.2"@cdy	<http://ids.clld.org/values/1-430-418-1>		<http://ids.clld.org/parameters/1-430>		<http://ids.clld.org/values/1-430-209-1>		"or"@xto	
