"ću:ŋ.3"@cdy	<http://ids.clld.org/values/13-150-418-1>		<http://ids.clld.org/parameters/13-150>		<http://ids.clld.org/values/13-150-174-1>		"hōhe"@mch	
"pə.1"@cdy	<http://ids.clld.org/values/10-470-418-1>		<http://ids.clld.org/parameters/10-470>		<http://ids.clld.org/values/10-470-174-1>		"wɨʔtə̄-nə"@mch	
"na.3 tak.7"@cdy	<http://ids.clld.org/values/4-400-418-1>		<http://ids.clld.org/parameters/4-400>		<http://ids.clld.org/values/4-400-174-1>		"dōʔta"@mch	
"she.5"@cdy	<http://ids.clld.org/values/12-560-418-1>		<http://ids.clld.org/parameters/12-560>		<http://ids.clld.org/values/12-560-174-1>		"šeʔkə"@mch	
"ne.5"@cdy	<http://ids.clld.org/values/4-910-418-1>		<http://ids.clld.org/parameters/4-910>		<http://ids.clld.org/values/4-910-174-1>		"tɨkinča"@mch	
"ka:i.5"@cdy	<http://ids.clld.org/values/3-550-418-1>		<http://ids.clld.org/parameters/3-550>		<http://ids.clld.org/values/3-550-174-1>		"wamēdi"@mch	
"cau.4 uk.7"@cdy	<http://ids.clld.org/values/15-550-418-1>		<http://ids.clld.org/parameters/15-550>		<http://ids.clld.org/values/15-550-174-1>		"eneho-dɨ"@mch	
"maŋ.4"@cdy	<http://ids.clld.org/values/16-270-418-1>		<http://ids.clld.org/parameters/16-270>		<http://ids.clld.org/values/16-270-174-1>		"hyumma-dɨ"@mch	
"jin.4 ci.3"@cdy	<http://ids.clld.org/values/7-150-418-1>		<http://ids.clld.org/parameters/7-150>		<http://ids.clld.org/values/7-150-174-1>		"hɨdōdo"@mch	
"luŋ.2 kit.8"@cdy	<http://ids.clld.org/values/4-352-418-1>		<http://ids.clld.org/parameters/4-352>		<http://ids.clld.org/values/4-352-174-1>		"hōde"@mch	
"kwe.2"@cdy	<http://ids.clld.org/values/17-560-418-1>		<http://ids.clld.org/parameters/17-560>		<http://ids.clld.org/values/17-560-174-1>		"mmʔhm"@mch	
"laŋ.6"@cdy	<http://ids.clld.org/values/10-510-418-1>		<http://ids.clld.org/parameters/10-510>		<http://ids.clld.org/values/10-510-174-1>		"w-ə̄nehē-nə"@mch	
"hau.2 tai.6"@cdy	<http://ids.clld.org/values/2-430-418-3>		<http://ids.clld.org/parameters/2-430>		<http://ids.clld.org/values/2-430-174-1>		"nnedɨ"@mch	
"khu:t.7"@cdy	<http://ids.clld.org/values/12-610-418-1>		<http://ids.clld.org/parameters/12-610>		<http://ids.clld.org/values/12-610-174-1>		"taʔhuhūne"@mch	
"ku.4 nja:ŋ.1"@cdy	<http://ids.clld.org/values/2-261-418-1>		<http://ids.clld.org/parameters/2-261>		<http://ids.clld.org/values/2-261-174-1>		"mudēši"@mch	
"ćuŋ.1"@cdy	<http://ids.clld.org/values/20-240-418-1>		<http://ids.clld.org/parameters/20-240>		<http://ids.clld.org/values/20-240-174-1>		"šimāda ehɨ̄dɨ"@mch	
"man.2"@cdy	<http://ids.clld.org/values/5-791-418-1>		<http://ids.clld.org/parameters/5-791>		<http://ids.clld.org/values/5-791-174-1>		"kātɨ"@mch	
"te.2 jit.7"@cdy	<http://ids.clld.org/values/13-340-418-1>		<http://ids.clld.org/parameters/13-340>		<http://ids.clld.org/values/13-340-174-1>		"awaʔde"@mch	
"u.4"@cdy	<http://ids.clld.org/values/5-410-418-1>		<http://ids.clld.org/parameters/5-410>		<http://ids.clld.org/values/5-410-174-1>		"əwainši"@mch	
"ću.6"@cdy	<http://ids.clld.org/values/11-250-418-1>		<http://ids.clld.org/parameters/11-250>		<http://ids.clld.org/values/11-250-174-1>		"ewanakādɨ"@mch	
"lim.2 lha:i.1"@cdy	<http://ids.clld.org/values/12-11-418-1>		<http://ids.clld.org/parameters/12-11>		<http://ids.clld.org/values/12-11-174-1>		"mənse"@mch	
"pə.1 muə.1"@cdy	<http://ids.clld.org/values/10-481-418-3>		<http://ids.clld.org/parameters/10-481>		<http://ids.clld.org/values/10-481-174-1>		"w-ennakā-nə"@mch	
"lən.1"@cdy	<http://ids.clld.org/values/2-100-418-1>		<http://ids.clld.org/parameters/2-100>		<http://ids.clld.org/values/2-100-174-1>		"ssoto"@mch	
"ćhik.7"@cdy	<http://ids.clld.org/values/5-280-418-1>		<http://ids.clld.org/parameters/5-280>		<http://ids.clld.org/values/5-280-174-1>		"ʔtadī-yɨ"@mch	
"ńam.1 lhap.7"@cdy	<http://ids.clld.org/values/14-420-418-1>		<http://ids.clld.org/parameters/14-420>		<http://ids.clld.org/values/14-420-174-1>		"čomomɨ̄dɨ"@mch	
"hjet.7"@cdy	<http://ids.clld.org/values/4-912-418-1>		<http://ids.clld.org/parameters/4-912>		<http://ids.clld.org/values/4-912-174-1>		"wə̄dētanə"@mch	
"lü.3"@cdy	<http://ids.clld.org/values/7-210-418-1>		<http://ids.clld.org/parameters/7-210>		<http://ids.clld.org/values/7-210-174-1>		"əʔsa"@mch	
"map.7"@cdy	<http://ids.clld.org/values/5-125-418-1>		<http://ids.clld.org/parameters/5-125>		<http://ids.clld.org/values/5-125-174-1>		"čə̄tāhə"@mch	
"cəm.2"@cdy	<http://ids.clld.org/values/10-330-418-1>		<http://ids.clld.org/parameters/10-330>		<http://ids.clld.org/values/10-330-174-1>		"yehuʔkwai"@mch	
"sok.7"@cdy	<http://ids.clld.org/values/2-510-418-1>		<http://ids.clld.org/parameters/2-510>		<http://ids.clld.org/values/2-510-174-1>		"wōdɨ"@mch	
"kam.1"@cdy	<http://ids.clld.org/values/15-370-418-1>		<http://ids.clld.org/parameters/15-370>		<http://ids.clld.org/values/15-370-174-1>		"tutune"@mch	
"sek.8 kja.4 shai.2"@cdy	<http://ids.clld.org/values/20-110-418-1>		<http://ids.clld.org/parameters/20-110>		<http://ids.clld.org/values/20-110-174-1>		"wətə̄nehānə"@mch	
"pa:k.7"@cdy	<http://ids.clld.org/values/4-240-418-1>		<http://ids.clld.org/parameters/4-240>		<http://ids.clld.org/values/4-240-174-1>		"ənta"@mch	
"nham.3"@cdy	<http://ids.clld.org/values/1-310-418-1>		<http://ids.clld.org/parameters/1-310>		<http://ids.clld.org/values/1-310-174-1>		"tuna"@mch	
"kwa.4"@cdy	<http://ids.clld.org/values/9-341-418-1>		<http://ids.clld.org/parameters/9-341>		<http://ids.clld.org/values/9-341-174-1>		"-ewaʔtə-dɨ"@mch	
"chü.1"@cdy	<http://ids.clld.org/values/10-340-418-1>		<http://ids.clld.org/parameters/10-340>		<http://ids.clld.org/values/10-340-174-1>		"tɨtāwaʔta"@mch	
"kuk.7"@cdy	<http://ids.clld.org/values/6-120-418-1>		<http://ids.clld.org/parameters/6-120>		<http://ids.clld.org/values/6-120-174-1>		"womɨ"@mch	
"la:ŋ.5"@cdy	<http://ids.clld.org/values/12-120-418-1>		<http://ids.clld.org/parameters/12-120>		<http://ids.clld.org/values/12-120-174-1>		"enɨ̄ta"@mch	
"la:ŋ.5"@cdy	<http://ids.clld.org/values/12-120-418-1>		<http://ids.clld.org/parameters/12-120>		<http://ids.clld.org/values/12-120-174-3>		"-ehuʔta-"@mch	
"lhu:i.5"@cdy	<http://ids.clld.org/values/10-473-418-1>		<http://ids.clld.org/parameters/10-473>		<http://ids.clld.org/values/10-473-174-1>		"hɨ̄ʔwakādə"@mch	
"jem.2 lha:i.1"@cdy	<http://ids.clld.org/values/12-10-418-1>		<http://ids.clld.org/parameters/12-10>		<http://ids.clld.org/values/12-10-174-1>		"yə̄ʔhəhe"@mch	
"zü.2"@cdy	<http://ids.clld.org/values/3-850-418-1>		<http://ids.clld.org/parameters/3-850>		<http://ids.clld.org/values/3-850-174-1>		"əkə̄yu"@mch	
"lo.4 jiu.6"@cdy	<http://ids.clld.org/values/3-585-418-1>		<http://ids.clld.org/parameters/3-585>		<http://ids.clld.org/values/3-585-174-1>		"hiyāna"@mch	
"i.4 shjen.2"@cdy	<http://ids.clld.org/values/12-40-418-1>		<http://ids.clld.org/parameters/12-40>		<http://ids.clld.org/values/12-40-174-1>		"owāho"@mch	
"i.4 shjen.2"@cdy	<http://ids.clld.org/values/12-40-418-1>		<http://ids.clld.org/parameters/12-40>		<http://ids.clld.org/values/12-40-174-3>		"awaʔde"@mch	
"fe.6"@cdy	<http://ids.clld.org/values/4-441-418-1>		<http://ids.clld.org/parameters/4-441>		<http://ids.clld.org/values/4-441-174-1>		"ʔtaway-dɨ"@mch	
"shi.5"@cdy	<http://ids.clld.org/values/13-40-418-1>		<http://ids.clld.org/parameters/13-40>		<http://ids.clld.org/values/13-40-174-1>		"āʔkəiʔčea"@mch	
"kja:u.3 i.3"@cdy	<http://ids.clld.org/values/7-430-418-1>		<http://ids.clld.org/parameters/7-430>		<http://ids.clld.org/values/7-430-174-1>		"āʔtəy"@mch	
"cau.4"@cdy	<http://ids.clld.org/values/11-130-418-3>		<http://ids.clld.org/parameters/11-130>		<http://ids.clld.org/values/11-130-174-1>		"w-emhan-nə"@mch	
"ku.4 hon.4 shai.3"@cdy	<http://ids.clld.org/values/2-750-418-1>		<http://ids.clld.org/parameters/2-750>		<http://ids.clld.org/values/2-750-174-1>		"tunkemhɨnɨ"@mch	
"ha:k.8 toŋ.3"@cdy	<http://ids.clld.org/values/17-280-418-1>		<http://ids.clld.org/parameters/17-280>		<http://ids.clld.org/values/17-280-174-1>		"wōwanomatoho"@mch	
"fa:i.4 nuŋ.4"@cdy	<http://ids.clld.org/values/2-440-418-1>		<http://ids.clld.org/parameters/2-440>		<http://ids.clld.org/values/2-440-174-1>		"-nuwā-dɨ"@mch	
"wu:ŋ.2 fuŋ.1"@cdy	<http://ids.clld.org/values/3-823-418-3>		<http://ids.clld.org/parameters/3-823>		<http://ids.clld.org/values/3-823-174-1>		"sūnwa"@mch	
"je.2"@cdy	<http://ids.clld.org/values/2-910-418-1>		<http://ids.clld.org/parameters/2-910>		<http://ids.clld.org/values/2-910-174-1>		"ɨwɨ"@mch	
"shət.7"@cdy	<http://ids.clld.org/values/4-180-418-1>		<http://ids.clld.org/parameters/4-180>		<http://ids.clld.org/values/4-180-174-1>		"dāʔkɨdɨ"@mch	
"pe.1"@cdy	<http://ids.clld.org/values/14-730-418-1>		<http://ids.clld.org/parameters/14-730>		<http://ids.clld.org/values/14-730-174-1>		"wedɨ"@mch	
"ni.4 njuŋ.4"@cdy	<http://ids.clld.org/values/3-830-418-1>		<http://ids.clld.org/parameters/3-830>		<http://ids.clld.org/values/3-830-174-1>		"wedēsede"@mch	
"ćo.3"@cdy	<http://ids.clld.org/values/4-200-418-1>		<http://ids.clld.org/parameters/4-200>		<http://ids.clld.org/values/4-200-174-1>		"hūʔhə"@mch	
"će.1"@cdy	<http://ids.clld.org/values/11-820-418-1>		<http://ids.clld.org/parameters/11-820>		<http://ids.clld.org/values/11-820-174-1>		"ehema-hoi"@mch	
"sən.1"@cdy	<http://ids.clld.org/values/4-393-418-1>		<http://ids.clld.org/parameters/4-393>		<http://ids.clld.org/values/4-393-174-1>		"iʔhōʔtɨ"@mch	
"ha:m.4 cəŋ.3"@cdy	<http://ids.clld.org/values/20-640-418-1>		<http://ids.clld.org/parameters/20-640>		<http://ids.clld.org/values/20-640-174-1>		"hāno"@mch	
"mian.2 wa.1"@cdy	<http://ids.clld.org/values/6-240-418-1>		<http://ids.clld.org/parameters/6-240>		<http://ids.clld.org/values/6-240-174-1>		"wadēkū"@mch	
"pek.7"@cdy	<http://ids.clld.org/values/13-105-418-1>		<http://ids.clld.org/parameters/13-105>		<http://ids.clld.org/values/13-105-174-1>		"hyātodea ssoto"@mch	
"ti.4 ńau.2"@cdy	<http://ids.clld.org/values/3-815-418-1>		<http://ids.clld.org/parameters/3-815>		<http://ids.clld.org/values/3-815-174-1>		"mɨnə̄tə"@mch	
"cuŋ.1"@cdy	<http://ids.clld.org/values/15-790-418-1>		<http://ids.clld.org/parameters/15-790>		<http://ids.clld.org/values/15-790-174-1>		"tuhuʔhūdato"@mch	
"nho.1"@cdy	<http://ids.clld.org/values/15-860-418-1>		<http://ids.clld.org/parameters/15-860>		<http://ids.clld.org/values/15-860-174-1>		"kəmme"@mch	
"meu.4"@cdy	<http://ids.clld.org/values/3-620-418-1>		<http://ids.clld.org/parameters/3-620>		<http://ids.clld.org/values/3-620-174-1>		"[mēši]"@mch	
"thau.5"@cdy	<http://ids.clld.org/values/10-550-418-1>		<http://ids.clld.org/parameters/10-550>		<http://ids.clld.org/values/10-550-174-1>		"w-əʔdɨ-nə"@mch	
"wi.3 tə.0 mə.5"@cdy	<http://ids.clld.org/values/17-690-418-1>		<http://ids.clld.org/parameters/17-690>		<http://ids.clld.org/values/17-690-174-1>		"ākene yeihəkə"@mch	
"zən.4 shai.3"@cdy	<http://ids.clld.org/values/1-540-418-1>		<http://ids.clld.org/parameters/1-540>		<http://ids.clld.org/values/1-540-174-1>		"šidīčə"@mch	
"ni.4"@cdy	<http://ids.clld.org/values/2-360-418-1>		<http://ids.clld.org/parameters/2-360>		<http://ids.clld.org/values/2-360-174-1>		"denɨ"@mch	
"tjeu.2 məm.2(6) kau.1"@cdy	<http://ids.clld.org/values/20-520-418-1>		<http://ids.clld.org/parameters/20-520>		<http://ids.clld.org/values/20-520-174-1>		"anə̄tə"@mch	
"siŋ.4 jam.1"@cdy	<http://ids.clld.org/values/18-110-418-1>		<http://ids.clld.org/parameters/18-110>		<http://ids.clld.org/values/18-110-174-1>		"kəʔtɨnnə"@mch	
"ta:u.4(3) fən.1"@cdy	<http://ids.clld.org/values/1-852-418-1>		<http://ids.clld.org/parameters/1-852>		<http://ids.clld.org/values/1-852-174-1>		"daʔtwa-dɨ"@mch	
"fa:n.1"@cdy	<http://ids.clld.org/values/15-350-418-1>		<http://ids.clld.org/parameters/15-350>		<http://ids.clld.org/values/15-350-174-1>		"kādo"@mch	
"fa:ŋ.1"@cdy	<http://ids.clld.org/values/6-350-418-1>		<http://ids.clld.org/parameters/6-350>		<http://ids.clld.org/values/6-350-174-1>		"šōka-dɨ"@mch	
"shüen.6 / leu.3"@cdy	<http://ids.clld.org/values/9-343-418-3>		<http://ids.clld.org/parameters/9-343>		<http://ids.clld.org/values/9-343-174-1>		"eʔkukā-dɨ"@mch	
"hwa.3"@cdy	<http://ids.clld.org/values/1-730-418-3>		<http://ids.clld.org/parameters/1-730>		<http://ids.clld.org/values/1-730-174-1>		"kāʔdutu"@mch	
"ću.3"@cdy	<http://ids.clld.org/values/13-90-418-1>		<http://ids.clld.org/parameters/13-90>		<http://ids.clld.org/values/13-90-174-1>		"āʔkəi čea amohaʔto"@mch	
"nən.2"@cdy	<http://ids.clld.org/values/16-710-418-1>		<http://ids.clld.org/parameters/16-710>		<http://ids.clld.org/values/16-710-174-1>		"ašiča"@mch	
"lak.8 khun.1"@cdy	<http://ids.clld.org/values/10-720-418-1>		<http://ids.clld.org/parameters/10-720>		<http://ids.clld.org/values/10-720-174-1>		"ə̄ma"@mch	
"mi.4"@cdy	<http://ids.clld.org/values/1-420-418-1>		<http://ids.clld.org/parameters/1-420>		<http://ids.clld.org/values/1-420-174-1>		"dē"@mch	
"tin.4(1) kwa.1"@cdy	<http://ids.clld.org/values/4-350-418-1>		<http://ids.clld.org/parameters/4-350>		<http://ids.clld.org/values/4-350-174-1>		"hētɨ"@mch	
"pek.7 na:i.6"@cdy	<http://ids.clld.org/values/14-180-418-1>		<http://ids.clld.org/parameters/14-180>		<http://ids.clld.org/values/14-180-174-1>		"edūwa"@mch	
"ti.6(2) ji:p.8"@cdy	<http://ids.clld.org/values/1-450-418-1>		<http://ids.clld.org/parameters/1-450>		<http://ids.clld.org/values/1-450-174-1>		"dehūši"@mch	
"fan.1"@cdy	<http://ids.clld.org/values/8-940-418-1>		<http://ids.clld.org/parameters/8-940>		<http://ids.clld.org/values/8-940-174-1>		"dahu"@mch	
"fu.2 lu.1"@cdy	<http://ids.clld.org/values/8-930-418-1>		<http://ids.clld.org/parameters/8-930>		<http://ids.clld.org/values/8-930-174-1>		"kankudu"@mch	
"pa:k.7 to.1"@cdy	<http://ids.clld.org/values/7-220-418-1>		<http://ids.clld.org/parameters/7-220>		<http://ids.clld.org/values/7-220-174-1>		"mɨnātata"@mch	
"tai.5"@cdy	<http://ids.clld.org/values/10-610-418-1>		<http://ids.clld.org/parameters/10-610>		<http://ids.clld.org/values/10-610-174-1>		"-adə̄-"@mch	
"ti.2 pi:k.7"@cdy	<http://ids.clld.org/values/2-220-418-1>		<http://ids.clld.org/parameters/2-220>		<http://ids.clld.org/values/2-220-174-1>		"wodi"@mch	
"kjau.4"@cdy	<http://ids.clld.org/values/2-510-418-5>		<http://ids.clld.org/parameters/2-510>		<http://ids.clld.org/values/2-510-174-1>		"wōdɨ"@mch	
"phjai.5"@cdy	<http://ids.clld.org/values/12-430-418-1>		<http://ids.clld.org/parameters/12-430>		<http://ids.clld.org/values/12-430-174-1>		"amoinče-ʔda"@mch	
"sha:i.1"@cdy	<http://ids.clld.org/values/12-232-418-1>		<http://ids.clld.org/parameters/12-232>		<http://ids.clld.org/values/12-232-174-1>		"yātohətɨdɨ"@mch	
"mi.2(4) luŋ.2"@cdy	<http://ids.clld.org/values/1-410-418-1>		<http://ids.clld.org/parameters/1-410>		<http://ids.clld.org/values/1-410-174-1>		"čūta"@mch	
"luŋ.2"@cdy	<http://ids.clld.org/values/4-460-418-1>		<http://ids.clld.org/parameters/4-460>		<http://ids.clld.org/values/4-460-174-1>		"dudūnoi"@mch	
"sa:m.3"@cdy	<http://ids.clld.org/values/10-450-418-1>		<http://ids.clld.org/parameters/10-450>		<http://ids.clld.org/values/10-450-174-1>		"w-ōhoyma-nə"@mch	
"lən.4"@cdy	<http://ids.clld.org/values/12-590-418-1>		<http://ids.clld.org/parameters/12-590>		<http://ids.clld.org/values/12-590-174-1>		"tawedato"@mch	
"pja.3"@cdy	<http://ids.clld.org/values/5-380-418-1>		<http://ids.clld.org/parameters/5-380>		<http://ids.clld.org/values/5-380-174-1>		"kɨmɨʔkə"@mch	
"məm.6"@cdy	<http://ids.clld.org/values/3-650-418-1>		<http://ids.clld.org/parameters/3-650>		<http://ids.clld.org/values/3-650-174-1>		"nākukwāno"@mch	
"ni.4 nan.2"@cdy	<http://ids.clld.org/values/3-811-418-1>		<http://ids.clld.org/parameters/3-811>		<http://ids.clld.org/values/3-811-174-1>		"dāmə"@mch	
"tek.8"@cdy	<http://ids.clld.org/values/18-710-418-1>		<http://ids.clld.org/parameters/18-710>		<http://ids.clld.org/values/18-710-174-1>		"hīču"@mch	
"kon.3"@cdy	<http://ids.clld.org/values/10-530-418-1>		<http://ids.clld.org/parameters/10-530>		<http://ids.clld.org/values/10-530-174-1>		"-aheʔka-dɨ"@mch	
"fuŋ.2(1) ləŋ.4"@cdy	<http://ids.clld.org/values/6-450-418-1>		<http://ids.clld.org/parameters/6-450>		<http://ids.clld.org/values/6-450-174-1>		"wōʔmo"@mch	
"kwi.1"@cdy	<http://ids.clld.org/values/3-980-418-1>		<http://ids.clld.org/parameters/3-980>		<http://ids.clld.org/values/3-980-174-1>		"heʔde"@mch	
"kö.1"@cdy	<http://ids.clld.org/values/5-810-418-1>		<http://ids.clld.org/parameters/5-810>		<http://ids.clld.org/values/5-810-174-1>		"[sayu]"@mch	
"ta:i.2"@cdy	<http://ids.clld.org/values/7-440-418-1>		<http://ids.clld.org/parameters/7-440>		<http://ids.clld.org/values/7-440-174-1>		"[mesa]i"@mch	
"lu.2(6) zuə.2"@cdy	<http://ids.clld.org/values/3-583-418-1>		<http://ids.clld.org/parameters/3-583>		<http://ids.clld.org/values/3-583-174-1>		"tadāya"@mch	
"la:m.2"@cdy	<http://ids.clld.org/values/15-670-418-1>		<http://ids.clld.org/parameters/15-670>		<http://ids.clld.org/values/15-670-174-1>		"šēne"@mch	
"ćit.8"@cdy	<http://ids.clld.org/values/4-580-418-1>		<http://ids.clld.org/parameters/4-580>		<http://ids.clld.org/values/4-580-174-1>		"ēkādɨ"@mch	
"ha:m.3 fe.4"@cdy	<http://ids.clld.org/values/18-420-418-1>		<http://ids.clld.org/parameters/18-420>		<http://ids.clld.org/values/18-420-174-1>		"tə̄tɨ"@mch	
"tak.8 məm.4"@cdy	<http://ids.clld.org/values/3-818-418-1>		<http://ids.clld.org/parameters/3-818>		<http://ids.clld.org/values/3-818-174-1>		"modoy"@mch	
"puŋ.2 jau.4"@cdy	<http://ids.clld.org/values/19-510-418-1>		<http://ids.clld.org/parameters/19-510>		<http://ids.clld.org/values/19-510-174-1>		"weičakōno"@mch	
"tə.0 mə.5"@cdy	<http://ids.clld.org/values/17-640-418-1>		<http://ids.clld.org/parameters/17-640>		<http://ids.clld.org/values/17-640-174-1>		"ākene"@mch	
"fu:t.7"@cdy	<http://ids.clld.org/values/5-460-418-1>		<http://ids.clld.org/parameters/5-460>		<http://ids.clld.org/values/5-460-174-1>		"-iʔša-"@mch	
"sha:i.1 khai.1"@cdy	<http://ids.clld.org/values/12-230-418-1>		<http://ids.clld.org/parameters/12-230>		<http://ids.clld.org/values/12-230-174-1>		"šādamadɨ̄he"@mch	
"hwa.5"@cdy	<http://ids.clld.org/values/8-560-418-1>		<http://ids.clld.org/parameters/8-560>		<http://ids.clld.org/values/8-560-174-1>		"yadɨ"@mch	
"ma.4 ljeu.2"@cdy	<http://ids.clld.org/values/3-760-418-1>		<http://ids.clld.org/parameters/3-760>		<http://ids.clld.org/values/3-760-174-1>		"yadākadu"@mch	
"nhau.1 ji:ŋ.6"@cdy	<http://ids.clld.org/values/17-610-418-1>		<http://ids.clld.org/parameters/17-610>		<http://ids.clld.org/values/17-610-174-1>		"ākene"@mch	
"ta:u.3"@cdy	<http://ids.clld.org/values/9-160-418-1>		<http://ids.clld.org/parameters/9-160>		<http://ids.clld.org/values/9-160-174-1>		"imɨdɨ"@mch	
"wən.5"@cdy	<http://ids.clld.org/values/6-740-418-1>		<http://ids.clld.org/parameters/6-740>		<http://ids.clld.org/values/6-740-174-1>		"ahəʔmɨy"@mch	
"kəp.7"@cdy	<http://ids.clld.org/values/3-950-418-1>		<http://ids.clld.org/parameters/3-950>		<http://ids.clld.org/values/3-950-174-1>		"kɨʔto"@mch	
"van.1 cuŋ.1"@cdy	<http://ids.clld.org/values/14-410-418-1>		<http://ids.clld.org/parameters/14-410>		<http://ids.clld.org/values/14-410-174-1>		"anə̄to"@mch	
"sü.3 kuə.3"@cdy	<http://ids.clld.org/values/5-710-418-1>		<http://ids.clld.org/parameters/5-710>		<http://ids.clld.org/values/5-710-174-1>		"čə̄hɨdɨ̄-hɨdɨ"@mch	
"hwa.5"@cdy	<http://ids.clld.org/values/4-392-418-1>		<http://ids.clld.org/parameters/4-392>		<http://ids.clld.org/values/4-392-174-1>		"ahəʔsai"@mch	
"la:k.8"@cdy	<http://ids.clld.org/values/2-410-418-1>		<http://ids.clld.org/parameters/2-410>		<http://ids.clld.org/values/2-410-174-1>		"nnedɨ"@mch	
"khuə.1"@cdy	<http://ids.clld.org/values/3-580-418-1>		<http://ids.clld.org/parameters/3-580>		<http://ids.clld.org/values/3-580-174-1>		"danɲami"@mch	
"la:u.4"@cdy	<http://ids.clld.org/values/12-50-418-1>		<http://ids.clld.org/parameters/12-50>		<http://ids.clld.org/values/12-50-174-3>		"anwaʔka"@mch	
"la:u.4"@cdy	<http://ids.clld.org/values/12-50-418-1>		<http://ids.clld.org/parameters/12-50>		<http://ids.clld.org/values/12-50-174-1>		"aʔka"@mch	
"chü.1"@cdy	<http://ids.clld.org/values/10-380-418-1>		<http://ids.clld.org/parameters/10-380>		<http://ids.clld.org/values/10-380-174-1>		"yaičumā-dɨ"@mch	
"len.1 cek.8"@cdy	<http://ids.clld.org/values/11-320-418-1>		<http://ids.clld.org/parameters/11-320>		<http://ids.clld.org/values/11-320-174-1>		"edantə-dɨ"@mch	
"tok.7"@cdy	<http://ids.clld.org/values/11-330-418-1>		<http://ids.clld.org/parameters/11-330>		<http://ids.clld.org/values/11-330-174-1>		"w-ənnanɨʔ-nə"@mch	
"ćha:u.5"@cdy	<http://ids.clld.org/values/10-250-418-1>		<http://ids.clld.org/parameters/10-250>		<http://ids.clld.org/values/10-250-174-1>		"himā-dɨ"@mch	
"mə.2 ju.6"@cdy	<http://ids.clld.org/values/12-410-418-1>		<http://ids.clld.org/parameters/12-410>		<http://ids.clld.org/values/12-410-174-1>		"əmuʔdemhɨnɨ"@mch	
"sai.1"@cdy	<http://ids.clld.org/values/9-280-418-1>		<http://ids.clld.org/parameters/9-280>		<http://ids.clld.org/values/9-280-174-1>		"-iši-"@mch	
"tai.5"@cdy	<http://ids.clld.org/values/10-620-418-1>		<http://ids.clld.org/parameters/10-620>		<http://ids.clld.org/values/10-620-174-1>		"-enehɨ"@mch	
"hai.3"@cdy	<http://ids.clld.org/values/1-320-418-1>		<http://ids.clld.org/parameters/1-320>		<http://ids.clld.org/values/1-320-174-1>		"dama"@mch	
"zü.6"@cdy	<http://ids.clld.org/values/12-130-418-1>		<http://ids.clld.org/parameters/12-130>		<http://ids.clld.org/values/12-130-174-1>		"w-atahhimā-nə"@mch	
"ćam.1"@cdy	<http://ids.clld.org/values/2-522-418-1>		<http://ids.clld.org/parameters/2-522>		<http://ids.clld.org/values/2-522-174-1>		"waynɲeʔney"@mch	
"cə.1"@cdy	<http://ids.clld.org/values/5-110-418-1>		<http://ids.clld.org/parameters/5-110>		<http://ids.clld.org/values/5-110-174-1>		"wowašīnčənə"@mch	
"mha:n.3"@cdy	<http://ids.clld.org/values/15-690-418-1>		<http://ids.clld.org/parameters/15-690>		<http://ids.clld.org/values/15-690-174-1>		"kɨnota"@mch	
"tai.1"@cdy	<http://ids.clld.org/values/4-750-418-1>		<http://ids.clld.org/parameters/4-750>		<http://ids.clld.org/values/4-750-174-1>		"-əma-"@mch	
"ma.2"@cdy	<http://ids.clld.org/values/4-260-418-1>		<http://ids.clld.org/parameters/4-260>		<http://ids.clld.org/values/4-260-174-1>		"ɲūdu"@mch	
"khü.3"@cdy	<http://ids.clld.org/values/3-940-418-1>		<http://ids.clld.org/parameters/3-940>		<http://ids.clld.org/values/3-940-174-1>		"memu"@mch	
"fa:t.8 ńin.1"@cdy	<http://ids.clld.org/values/15-210-418-1>		<http://ids.clld.org/parameters/15-210>		<http://ids.clld.org/values/15-210-174-1>		"hyoʔhōdɨ"@mch	
"səp.8"@cdy	<http://ids.clld.org/values/13-100-418-1>		<http://ids.clld.org/parameters/13-100>		<http://ids.clld.org/values/13-100-174-1>		"amohadə"@mch	
"mha.1"@cdy	<http://ids.clld.org/values/3-610-418-1>		<http://ids.clld.org/parameters/3-610>		<http://ids.clld.org/values/3-610-174-1>		"sɨ̄ʔna"@mch	
"cəŋ.3 nən.2"@cdy	<http://ids.clld.org/values/4-860-418-1>		<http://ids.clld.org/parameters/4-860>		<http://ids.clld.org/values/4-860-174-1>		"adonkadɨ"@mch	
"pia:u.4 ta:i.6pia:u.4 mai.4"@cdy	<http://ids.clld.org/values/2-550-418-3>		<http://ids.clld.org/parameters/2-550>		<http://ids.clld.org/values/2-550-174-1>		"waiɲe"@mch	
"pia:u.4 ta:i.6pia:u.4 mai.4"@cdy	<http://ids.clld.org/values/2-550-418-3>		<http://ids.clld.org/parameters/2-550>		<http://ids.clld.org/values/2-550-174-3>		"yāʔko"@mch	
"fuk.7"@cdy	<http://ids.clld.org/values/1-840-418-1>		<http://ids.clld.org/parameters/1-840>		<http://ids.clld.org/values/1-840-174-1>		"wedēnnə"@mch	
"mhi.1 cau.3"@cdy	<http://ids.clld.org/values/4-320-418-1>		<http://ids.clld.org/parameters/4-320>		<http://ids.clld.org/values/4-320-174-1>		"ə̄ʔmu"@mch	
"lak.8 lən.3(1) ti.4"@cdy	<http://ids.clld.org/values/2-270-418-1>		<http://ids.clld.org/parameters/2-270>		<http://ids.clld.org/values/2-270-174-1>		"nnedɨ"@mch	
"la:k.8 pi:k.7"@cdy	<http://ids.clld.org/values/2-420-418-1>		<http://ids.clld.org/parameters/2-420>		<http://ids.clld.org/values/2-420-174-1>		"nnedɨ"@mch	
"tu.4 ta.5"@cdy	<http://ids.clld.org/values/12-370-418-1>		<http://ids.clld.org/parameters/12-370>		<http://ids.clld.org/values/12-370-174-1>		"annai"@mch	
"wən.3(5) ljen.6"@cdy	<http://ids.clld.org/values/6-750-418-1>		<http://ids.clld.org/parameters/6-750>		<http://ids.clld.org/values/6-750-174-1>		"wōʔmo"@mch	
"jam.1"@cdy	<http://ids.clld.org/values/15-630-418-1>		<http://ids.clld.org/parameters/15-630>		<http://ids.clld.org/values/15-630-174-1>		"tɨhe"@mch	
"ni.4 fai.5 ka:ŋ.1"@cdy	<http://ids.clld.org/values/1-610-418-1>		<http://ids.clld.org/parameters/1-610>		<http://ids.clld.org/values/1-610-174-1>		"šī"@mch	
"mi.4"@cdy	<http://ids.clld.org/values/8-600-418-1>		<http://ids.clld.org/parameters/8-600>		<http://ids.clld.org/values/8-600-174-1>		"dē"@mch	
"taŋ.1"@cdy	<http://ids.clld.org/values/7-450-418-1>		<http://ids.clld.org/parameters/7-450>		<http://ids.clld.org/values/7-450-174-1>		"adāwa"@mch	
"śi:ŋ.4(1) sham.1"@cdy	<http://ids.clld.org/values/16-320-418-1>		<http://ids.clld.org/parameters/16-320>		<http://ids.clld.org/values/16-320-174-1>		"wentumhe"@mch	
"pjan.1"@cdy	<http://ids.clld.org/values/12-353-418-1>		<http://ids.clld.org/parameters/12-353>		<http://ids.clld.org/values/12-353-174-1>		"čəʔhiyu"@mch	
"jit.7"@cdy	<http://ids.clld.org/values/13-10-418-1>		<http://ids.clld.org/parameters/13-10>		<http://ids.clld.org/values/13-10-174-1>		"tōni"@mch	
"thjeu.5"@cdy	<http://ids.clld.org/values/10-430-418-1>		<http://ids.clld.org/parameters/10-430>		<http://ids.clld.org/values/10-430-174-1>		"w-ahanɨn-nə"@mch	
"pa.5"@cdy	<http://ids.clld.org/values/2-510-418-3>		<http://ids.clld.org/parameters/2-510>		<http://ids.clld.org/values/2-510-174-1>		"wōdɨ"@mch	
"ni.4 nun.1"@cdy	<http://ids.clld.org/values/3-840-418-1>		<http://ids.clld.org/parameters/3-840>		<http://ids.clld.org/values/3-840-174-1>		"motto"@mch	
"naŋ.1"@cdy	<http://ids.clld.org/values/4-230-418-1>		<http://ids.clld.org/parameters/4-230>		<http://ids.clld.org/values/4-230-174-1>		"ənna"@mch	
"la:i.4"@cdy	<http://ids.clld.org/values/22-350-418-1>		<http://ids.clld.org/parameters/22-350>		<http://ids.clld.org/values/22-350-174-1>		"kahūšawa"@mch	
"fən.2 phek.7"@cdy	<http://ids.clld.org/values/16-110-418-1>		<http://ids.clld.org/parameters/16-110>		<http://ids.clld.org/values/16-110-174-1>		"dōʔta"@mch	
"shi:ŋ.4 shan.2"@cdy	<http://ids.clld.org/values/17-150-418-1>		<http://ids.clld.org/parameters/17-150>		<http://ids.clld.org/values/17-150-174-1>		"-ekanɨhɨ-dɨ"@mch	
"na:m.2"@cdy	<http://ids.clld.org/values/2-230-418-3>		<http://ids.clld.org/parameters/2-230>		<http://ids.clld.org/values/2-230-174-1>		"danwa"@mch	
"khiŋ.3"@cdy	<http://ids.clld.org/values/1-215-418-1>		<http://ids.clld.org/parameters/1-215>		<http://ids.clld.org/values/1-215-174-1>		"sāʔdaʔda"@mch	
"phja:t.7"@cdy	<http://ids.clld.org/values/4-150-418-1>		<http://ids.clld.org/parameters/4-150>		<http://ids.clld.org/values/4-150-174-1>		"munu"@mch	
"uk.7 seŋ.1"@cdy	<http://ids.clld.org/values/4-720-418-1>		<http://ids.clld.org/parameters/4-720>		<http://ids.clld.org/values/4-720-174-1>		"w-ennu-nə"@mch	
"cham.1"@cdy	<http://ids.clld.org/values/6-360-418-1>		<http://ids.clld.org/parameters/6-360>		<http://ids.clld.org/values/6-360-174-1>		"makūsa"@mch	
"thoi.1"@cdy	<http://ids.clld.org/values/10-670-418-3>		<http://ids.clld.org/parameters/10-670>		<http://ids.clld.org/values/10-670-174-1>		"-adima-dɨ"@mch	
"kwa:t.7"@cdy	<http://ids.clld.org/values/8-220-418-1>		<http://ids.clld.org/parameters/8-220>		<http://ids.clld.org/values/8-220-174-1>		"tɨʔkādɨ"@mch	
"la:k.7"@cdy	<http://ids.clld.org/values/9-190-418-1>		<http://ids.clld.org/parameters/9-190>		<http://ids.clld.org/values/9-190-174-1>		"āʔto"@mch	
"pa:ŋ.2"@cdy	<http://ids.clld.org/values/12-650-418-1>		<http://ids.clld.org/parameters/12-650>		<http://ids.clld.org/values/12-650-174-1>		"sāʔtahe"@mch	
"lha:n.3"@cdy	<http://ids.clld.org/values/15-660-418-1>		<http://ids.clld.org/parameters/15-660>		<http://ids.clld.org/values/15-660-174-1>		"seweičato"@mch	
"wu:ŋ.3"@cdy	<http://ids.clld.org/values/15-690-418-3>		<http://ids.clld.org/parameters/15-690>		<http://ids.clld.org/values/15-690-174-1>		"kɨnota"@mch	
"tai.4 kha.3"@cdy	<http://ids.clld.org/values/12-340-418-1>		<http://ids.clld.org/parameters/12-340>		<http://ids.clld.org/values/12-340-174-1>		"nwaʔkəi"@mch	
"lak.8 shai.1"@cdy	<http://ids.clld.org/values/17-270-418-1>		<http://ids.clld.org/parameters/17-270>		<http://ids.clld.org/values/17-270-174-1>		"yowānomani"@mch	
"jen.1"@cdy	<http://ids.clld.org/values/8-680-418-1>		<http://ids.clld.org/parameters/8-680>		<http://ids.clld.org/values/8-680-174-1>		"kawai"@mch	
"lai.3"@cdy	<http://ids.clld.org/values/11-810-418-1>		<http://ids.clld.org/parameters/11-810>		<http://ids.clld.org/values/11-810-174-1>		"ehēma-dɨ"@mch	
"ću.2"@cdy	<http://ids.clld.org/values/18-350-418-1>		<http://ids.clld.org/parameters/18-350>		<http://ids.clld.org/values/18-350-174-1>		"eʔkatə-dɨ"@mch	
"hiu.1"@cdy	<http://ids.clld.org/values/5-124-418-1>		<http://ids.clld.org/parameters/5-124>		<http://ids.clld.org/values/5-124-174-1>		"šēne"@mch	
"fat.7 kjen.4"@cdy	<http://ids.clld.org/values/11-180-418-1>		<http://ids.clld.org/parameters/11-180>		<http://ids.clld.org/values/11-180-174-1>		"k-ɨnnɨdɨʔ-komo"@mch	
"ńam.5 lhap.7"@cdy	<http://ids.clld.org/values/14-460-418-1>		<http://ids.clld.org/parameters/14-460>		<http://ids.clld.org/values/14-460-174-1>		"čomomɨdawə"@mch	
"məm.2(6) mu:ŋ.4"@cdy	<http://ids.clld.org/values/20-540-418-1>		<http://ids.clld.org/parameters/20-540>		<http://ids.clld.org/values/20-540-174-1>		"anətə"@mch	
"wi.1 kwan.2"@cdy	<http://ids.clld.org/values/1-830-418-3>		<http://ids.clld.org/parameters/1-830>		<http://ids.clld.org/values/1-830-174-1>		"widīnčə"@mch	
"təŋ.3"@cdy	<http://ids.clld.org/values/12-330-418-1>		<http://ids.clld.org/parameters/12-330>		<http://ids.clld.org/values/12-330-174-1>		"akoiʔčaʔhɨdɨ"@mch	
"nhjak.7"@cdy	<http://ids.clld.org/values/4-610-418-1>		<http://ids.clld.org/parameters/4-610>		<http://ids.clld.org/values/4-610-174-1>		"w-ɨnɨʔ-nə"@mch	
"fe.4"@cdy	<http://ids.clld.org/values/9-110-418-1>		<http://ids.clld.org/parameters/9-110>		<http://ids.clld.org/values/9-110-174-1>		"tɨdɨ̄dɨ"@mch	
"na.3 pja:k.7"@cdy	<http://ids.clld.org/values/4-205-418-1>		<http://ids.clld.org/parameters/4-205>		<http://ids.clld.org/values/4-205-174-1>		"heʔkay"@mch	
"pa:t.7"@cdy	<http://ids.clld.org/values/13-80-418-1>		<http://ids.clld.org/parameters/13-80>		<http://ids.clld.org/values/13-80-174-1>		"aduwawə amohaʔto"@mch	
"nuŋ.4"@cdy	<http://ids.clld.org/values/2-445-418-1>		<http://ids.clld.org/parameters/2-445>		<http://ids.clld.org/values/2-445-174-1>		"šīʔčɨ"@mch	
"pa:n.1"@cdy	<http://ids.clld.org/values/2-310-418-1>		<http://ids.clld.org/parameters/2-310>		<http://ids.clld.org/values/2-310-174-1>		"-ɲno"@mch	
"ćhet.7"@cdy	<http://ids.clld.org/values/9-370-418-1>		<http://ids.clld.org/parameters/9-370>		<http://ids.clld.org/values/9-370-174-1>		"šēmeka-dɨ"@mch	
"ćü.1"@cdy	<http://ids.clld.org/values/16-250-418-1>		<http://ids.clld.org/parameters/16-250>		<http://ids.clld.org/values/16-250-174-1>		"waʔsenɲo"@mch	
"pa:n.4"@cdy	<http://ids.clld.org/values/19-160-418-1>		<http://ids.clld.org/parameters/19-160>		<http://ids.clld.org/values/19-160-174-1>		"haʔta"@mch	
"khau.1"@cdy	<http://ids.clld.org/values/17-670-418-1>		<http://ids.clld.org/parameters/17-670>		<http://ids.clld.org/values/17-670-174-1>		"əišə̄no"@mch	
"tok.7"@cdy	<http://ids.clld.org/values/10-230-418-1>		<http://ids.clld.org/parameters/10-230>		<http://ids.clld.org/values/10-230-174-1>		"w-eduka-nə"@mch	
"ća:ŋ.3"@cdy	<http://ids.clld.org/values/18-210-418-1>		<http://ids.clld.org/parameters/18-210>		<http://ids.clld.org/values/18-210-174-1>		"w-aʔdew-nə"@mch	
"tin.4 (1) khwa:i.3"@cdy	<http://ids.clld.org/values/4-940-418-1>		<http://ids.clld.org/parameters/4-940>		<http://ids.clld.org/values/4-940-174-1>		"sekumhe"@mch	
"nek.7 lo.2"@cdy	<http://ids.clld.org/values/11-140-418-1>		<http://ids.clld.org/parameters/11-140>		<http://ids.clld.org/values/11-140-174-1>		"-ahəi-"@mch	
"mhi.1 kai.6"@cdy	<http://ids.clld.org/values/4-344-418-1>		<http://ids.clld.org/parameters/4-344>		<http://ids.clld.org/values/4-344-174-1>		"əmmi"@mch	
"pa.5"@cdy	<http://ids.clld.org/values/2-512-418-1>		<http://ids.clld.org/parameters/2-512>		<http://ids.clld.org/values/2-512-174-1>		"haha"@mch	
"səp.8 ńi.6"@cdy	<http://ids.clld.org/values/13-102-418-1>		<http://ids.clld.org/parameters/13-102>		<http://ids.clld.org/values/13-102-174-1>		"amohadəʔto dēwə āʔkə"@mch	
"sha:i.4(1) shjen.2"@cdy	<http://ids.clld.org/values/11-650-418-1>		<http://ids.clld.org/parameters/11-650>		<http://ids.clld.org/values/11-650-174-1>		"ehēma-dɨ"@mch	
"sa:i.3"@cdy	<http://ids.clld.org/values/18-310-418-1>		<http://ids.clld.org/parameters/18-310>		<http://ids.clld.org/values/18-310-174-1>		"-ekammaho-"@mch	
"shət.7"@cdy	<http://ids.clld.org/values/13-70-418-1>		<http://ids.clld.org/parameters/13-70>		<http://ids.clld.org/values/13-70-174-1>		"āʔkə amohaʔto"@mch	
"juŋ.2"@cdy	<http://ids.clld.org/values/3-730-418-1>		<http://ids.clld.org/parameters/3-730>		<http://ids.clld.org/values/3-730-174-1>		"hədēmu"@mch	
"shat.7"@cdy	<http://ids.clld.org/values/9-880-418-1>		<http://ids.clld.org/parameters/9-880>		<http://ids.clld.org/values/9-880-174-1>		"wānai"@mch	
"se.6"@cdy	<http://ids.clld.org/values/20-620-418-1>		<http://ids.clld.org/parameters/20-620>		<http://ids.clld.org/values/20-620-174-1>		"t-ɨwə̄-dɨ"@mch	
"ca:u.3"@cdy	<http://ids.clld.org/values/4-345-418-1>		<http://ids.clld.org/parameters/4-345>		<http://ids.clld.org/values/4-345-174-1>		"əmmi"@mch	
"khö.1"@cdy	<http://ids.clld.org/values/4-530-418-1>		<http://ids.clld.org/parameters/4-530>		<http://ids.clld.org/values/4-530-174-1>		"təinšiʔho"@mch	
"ta:u.1"@cdy	<http://ids.clld.org/values/1-250-418-1>		<http://ids.clld.org/parameters/1-250>		<http://ids.clld.org/values/1-250-174-1>		"dantadɨ"@mch	
"ćo.4 ha.1"@cdy	<http://ids.clld.org/values/4-300-418-1>		<http://ids.clld.org/parameters/4-300>		<http://ids.clld.org/values/4-300-174-1>		"nkawə"@mch	
"hwon.1"@cdy	<http://ids.clld.org/values/1-750-418-3>		<http://ids.clld.org/parameters/1-750>		<http://ids.clld.org/values/1-750-174-1>		"konōho"@mch	
"lək.8"@cdy	<http://ids.clld.org/values/12-550-418-1>		<http://ids.clld.org/parameters/12-550>		<http://ids.clld.org/values/12-550-174-1>		"nuwe"@mch	
"sha:m.1"@cdy	<http://ids.clld.org/values/13-30-418-1>		<http://ids.clld.org/parameters/13-30>		<http://ids.clld.org/values/13-30-174-1>		"aduwawə"@mch	
"za.2"@cdy	<http://ids.clld.org/values/4-880-418-1>		<http://ids.clld.org/parameters/4-880>		<http://ids.clld.org/values/4-880-174-1>		"əhi"@mch	
"hu.2"@cdy	<http://ids.clld.org/values/1-330-418-1>		<http://ids.clld.org/parameters/1-330>		<http://ids.clld.org/values/1-330-174-1>		"čūʔhə"@mch	
"hjuŋ.1"@cdy	<http://ids.clld.org/values/16-810-418-3>		<http://ids.clld.org/parameters/16-810>		<http://ids.clld.org/values/16-810-174-1>		"inɲatahe"@mch	
"ćai.5"@cdy	<http://ids.clld.org/values/5-970-418-1>		<http://ids.clld.org/parameters/5-970>		<http://ids.clld.org/values/5-970-174-1>		"iʔmoi"@mch	
"wa.5"@cdy	<http://ids.clld.org/values/15-880-418-1>		<http://ids.clld.org/parameters/15-880>		<http://ids.clld.org/values/15-880-174-1>		"nossahe"@mch	
"la.1"@cdy	<http://ids.clld.org/values/4-210-418-1>		<http://ids.clld.org/parameters/4-210>		<http://ids.clld.org/values/4-210-174-1>		"ənu"@mch	
"pia:u.4 ko.1 nuŋ.4"@cdy	<http://ids.clld.org/values/2-550-418-1>		<http://ids.clld.org/parameters/2-550>		<http://ids.clld.org/values/2-550-174-1>		"waiɲe"@mch	
"pia:u.4 ko.1 nuŋ.4"@cdy	<http://ids.clld.org/values/2-550-418-1>		<http://ids.clld.org/parameters/2-550>		<http://ids.clld.org/values/2-550-174-3>		"yāʔko"@mch	
"mhe.1"@cdy	<http://ids.clld.org/values/4-980-418-1>		<http://ids.clld.org/parameters/4-980>		<http://ids.clld.org/values/4-980-174-1>		"-oʔdoʔhə"@mch	
"kja:u.5"@cdy	<http://ids.clld.org/values/17-250-418-1>		<http://ids.clld.org/parameters/17-250>		<http://ids.clld.org/values/17-250-174-1>		"-owānoma-"@mch	
"fu:ŋ.4 kha.3"@cdy	<http://ids.clld.org/values/12-30-418-1>		<http://ids.clld.org/parameters/12-30>		<http://ids.clld.org/values/12-30-174-1>		"doʔnə"@mch	
"khau.1"@cdy	<http://ids.clld.org/values/17-680-418-1>		<http://ids.clld.org/parameters/17-680>		<http://ids.clld.org/values/17-680-174-1>		"ənə̄kɨ"@mch	
"hja.1"@cdy	<http://ids.clld.org/values/13-20-418-1>		<http://ids.clld.org/parameters/13-20>		<http://ids.clld.org/values/13-20-174-1>		"āʔkə"@mch	
"ńok.8"@cdy	<http://ids.clld.org/values/3-581-418-1>		<http://ids.clld.org/parameters/3-581>		<http://ids.clld.org/values/3-581-174-1>		"hawi"@mch	
"ka:ŋ.1"@cdy	<http://ids.clld.org/values/15-570-418-1>		<http://ids.clld.org/parameters/15-570>		<http://ids.clld.org/values/15-570-174-1>		"taʔwane"@mch	
"lan.1"@cdy	<http://ids.clld.org/values/15-810-418-1>		<http://ids.clld.org/parameters/15-810>		<http://ids.clld.org/values/15-810-174-1>		"tamənɲato"@mch	
"nam.1"@cdy	<http://ids.clld.org/values/15-650-418-1>		<http://ids.clld.org/parameters/15-650>		<http://ids.clld.org/values/15-650-174-1>		"hudumato"@mch	
"wak.7"@cdy	<http://ids.clld.org/values/9-210-418-1>		<http://ids.clld.org/parameters/9-210>		<http://ids.clld.org/values/9-210-174-1>		"-aiʔhuka-dɨ"@mch	
"ljok.8"@cdy	<http://ids.clld.org/values/13-60-418-1>		<http://ids.clld.org/parameters/13-60>		<http://ids.clld.org/values/13-60-174-1>		"tōni amohaʔto"@mch	
"nən.2 pa.2"@cdy	<http://ids.clld.org/values/4-860-418-3>		<http://ids.clld.org/parameters/4-860>		<http://ids.clld.org/values/4-860-174-1>		"adonkadɨ"@mch	
"mit.8"@cdy	<http://ids.clld.org/values/3-820-418-1>		<http://ids.clld.org/parameters/3-820>		<http://ids.clld.org/values/3-820-174-1>		"wannə"@mch	
"śi:n.6"@cdy	<http://ids.clld.org/values/9-790-418-1>		<http://ids.clld.org/parameters/9-790>		<http://ids.clld.org/values/9-790-174-1>		"wadi-wadi"@mch	
"can.6"@cdy	<http://ids.clld.org/values/20-130-418-1>		<http://ids.clld.org/parameters/20-130>		<http://ids.clld.org/values/20-130-174-1>		"wənə"@mch	
"shjen.6"@cdy	<http://ids.clld.org/values/20-250-418-1>		<http://ids.clld.org/parameters/20-250>		<http://ids.clld.org/values/20-250-174-1>		"šimāda"@mch	
"ma.3"@cdy	<http://ids.clld.org/values/15-750-418-1>		<http://ids.clld.org/parameters/15-750>		<http://ids.clld.org/values/15-750-174-1>		"tɨwansuʔde"@mch	
"seŋ.1 ji.6"@cdy	<http://ids.clld.org/values/11-830-418-1>		<http://ids.clld.org/parameters/11-830>		<http://ids.clld.org/values/11-830-174-1>		"wətəʔtihānə"@mch	
"kwa.3"@cdy	<http://ids.clld.org/values/15-640-418-1>		<http://ids.clld.org/parameters/15-640>		<http://ids.clld.org/values/15-640-174-1>		"təʔkeʔne"@mch	
"ti.2 pa:n.1"@cdy	<http://ids.clld.org/values/2-210-418-1>		<http://ids.clld.org/parameters/2-210>		<http://ids.clld.org/values/2-210-174-1>		"danwa"@mch	
"laŋ.6"@cdy	<http://ids.clld.org/values/10-460-418-1>		<http://ids.clld.org/parameters/10-460>		<http://ids.clld.org/values/10-460-174-1>		"w-ekaʔtɨn-nə"@mch	
"no.4 ni.6"@cdy	<http://ids.clld.org/values/2-250-418-1>		<http://ids.clld.org/parameters/2-250>		<http://ids.clld.org/values/2-250-174-1>		"mudekə̄kə"@mch	
"pwo.4"@cdy	<http://ids.clld.org/values/10-510-418-3>		<http://ids.clld.org/parameters/10-510>		<http://ids.clld.org/values/10-510-174-1>		"w-ə̄nehē-nə"@mch	
"me.2"@cdy	<http://ids.clld.org/values/11-110-418-1>		<http://ids.clld.org/parameters/11-110>		<http://ids.clld.org/values/11-110-174-1>		"tɨweiye wənɲe"@mch	
"ni.4 pa.4"@cdy	<http://ids.clld.org/values/3-920-418-1>		<http://ids.clld.org/parameters/3-920>		<http://ids.clld.org/values/3-920-174-1>		"matūtu"@mch	
"ni.4 kuŋ.2"@cdy	<http://ids.clld.org/values/3-930-418-1>		<http://ids.clld.org/parameters/3-930>		<http://ids.clld.org/values/3-930-174-1>		"kɨdatay"@mch	
"kja:u.3"@cdy	<http://ids.clld.org/values/5-490-418-1>		<http://ids.clld.org/parameters/5-490>		<http://ids.clld.org/values/5-490-174-1>		"-oima-dɨ"@mch	
"tuŋ.1"@cdy	<http://ids.clld.org/values/5-210-418-1>		<http://ids.clld.org/parameters/5-210>		<http://ids.clld.org/values/5-210-174-1>		"-aʔnə"@mch	
"la:m.2"@cdy	<http://ids.clld.org/values/9-760-418-1>		<http://ids.clld.org/parameters/9-760>		<http://ids.clld.org/values/9-760-174-1>		"wɨ̄wa"@mch	
"ja.3 kau.3"@cdy	<http://ids.clld.org/values/3-740-418-1>		<http://ids.clld.org/parameters/3-740>		<http://ids.clld.org/values/3-740-174-1>		"awadudi"@mch	
"pə.2 la:u.4 cü.3"@cdy	<http://ids.clld.org/values/2-471-418-1>		<http://ids.clld.org/parameters/2-471>		<http://ids.clld.org/values/2-471-174-1>		"noʔsamoʔkɨ"@mch	
"cə.1 ti.4 fat.8 kjen.4"@cdy	<http://ids.clld.org/values/5-120-418-1>		<http://ids.clld.org/parameters/5-120>		<http://ids.clld.org/values/5-120-174-1>		"mudūkuku"@mch	
"puk.7"@cdy	<http://ids.clld.org/values/8-690-418-1>		<http://ids.clld.org/parameters/8-690>		<http://ids.clld.org/values/8-690-174-1>		"-eima-"@mch	
"ńi:t.8"@cdy	<http://ids.clld.org/values/15-850-418-1>		<http://ids.clld.org/parameters/15-850>		<http://ids.clld.org/values/15-850-174-1>		"taʔne"@mch	
"pian.6"@cdy	<http://ids.clld.org/values/12-930-418-1>		<http://ids.clld.org/parameters/12-930>		<http://ids.clld.org/values/12-930-174-1>		"w-ekamhiaka-nə"@mch	
"fok.7"@cdy	<http://ids.clld.org/values/4-853-418-1>		<http://ids.clld.org/parameters/4-853>		<http://ids.clld.org/values/4-853-174-1>		"awonɲəʔkādɨ"@mch	
"a:u.1"@cdy	<http://ids.clld.org/values/11-130-418-1>		<http://ids.clld.org/parameters/11-130>		<http://ids.clld.org/values/11-130-174-1>		"w-emhan-nə"@mch	
"she.3"@cdy	<http://ids.clld.org/values/9-343-418-1>		<http://ids.clld.org/parameters/9-343>		<http://ids.clld.org/values/9-343-174-1>		"eʔkukā-dɨ"@mch	
"hjo.1"@cdy	<http://ids.clld.org/values/15-840-418-1>		<http://ids.clld.org/parameters/15-840>		<http://ids.clld.org/values/15-840-174-1>		"ssedēhe"@mch	
"ma.0 fuŋ.1"@cdy	<http://ids.clld.org/values/3-823-418-1>		<http://ids.clld.org/parameters/3-823>		<http://ids.clld.org/values/3-823-174-1>		"sūnwa"@mch	
"fi.5"@cdy	<http://ids.clld.org/values/14-210-418-1>		<http://ids.clld.org/parameters/14-210>		<http://ids.clld.org/values/14-210-174-1>		"tamhə̄ʔne"@mch	
"ćo.3 ko.6"@cdy	<http://ids.clld.org/values/4-360-418-1>		<http://ids.clld.org/parameters/4-360>		<http://ids.clld.org/values/4-360-174-1>		"ə̄ʔmu"@mch	
"ća:i.6"@cdy	<http://ids.clld.org/values/1-220-418-1>		<http://ids.clld.org/parameters/1-220>		<http://ids.clld.org/values/1-220-174-1>		"hɨ̄"@mch	
"ni.4 no.3"@cdy	<http://ids.clld.org/values/3-630-418-1>		<http://ids.clld.org/parameters/3-630>		<http://ids.clld.org/values/3-630-174-1>		"asɨ̄kɨ"@mch	
"njeŋ.2 ka:ŋ.1"@cdy	<http://ids.clld.org/values/1-530-418-1>		<http://ids.clld.org/parameters/1-530>		<http://ids.clld.org/values/1-530-174-1>		"nūnə"@mch	
"kok.7 pən.3"@cdy	<http://ids.clld.org/values/8-311-418-1>		<http://ids.clld.org/parameters/8-311>		<http://ids.clld.org/values/8-311-174-1>		"čə̄huʔhə"@mch	
"ńe.3"@cdy	<http://ids.clld.org/values/16-370-418-1>		<http://ids.clld.org/parameters/16-370>		<http://ids.clld.org/values/16-370-174-1>		"w-amo-nə"@mch	
"pja.3"@cdy	<http://ids.clld.org/values/9-230-418-1>		<http://ids.clld.org/parameters/9-230>		<http://ids.clld.org/values/9-230-174-1>		"kɨmɨʔkə"@mch	
"tje.1"@cdy	<http://ids.clld.org/values/2-960-418-1>		<http://ids.clld.org/parameters/2-960>		<http://ids.clld.org/values/2-960-174-1>		"tɨnwano"@mch	
"la:u.4"@cdy	<http://ids.clld.org/values/10-570-418-1>		<http://ids.clld.org/parameters/10-570>		<http://ids.clld.org/values/10-570-174-1>		"w-omon-nə"@mch	
"mi.1"@cdy	<http://ids.clld.org/values/4-330-418-1>		<http://ids.clld.org/parameters/4-330>		<http://ids.clld.org/values/4-330-174-1>		"amō-dɨ"@mch	
"seŋ.2"@cdy	<http://ids.clld.org/values/7-270-418-1>		<http://ids.clld.org/parameters/7-270>		<http://ids.clld.org/values/7-270-174-1>		"həʔhudu"@mch	
"tau.2 fu.3"@cdy	<http://ids.clld.org/values/20-222-418-1>		<http://ids.clld.org/parameters/20-222>		<http://ids.clld.org/values/20-222-174-1>		"wɨ̄wɨ"@mch	
"kam.2 ce.6"@cdy	<http://ids.clld.org/values/8-941-418-1>		<http://ids.clld.org/parameters/8-941>		<http://ids.clld.org/values/8-941-174-1>		"əšīčādɨ"@mch	
"ćo.3 shai.3"@cdy	<http://ids.clld.org/values/19-240-418-1>		<http://ids.clld.org/parameters/19-240>		<http://ids.clld.org/values/19-240-174-1>		"ədāhə"@mch	
"tau.2 fu.3"@cdy	<http://ids.clld.org/values/9-250-418-1>		<http://ids.clld.org/parameters/9-250>		<http://ids.clld.org/values/9-250-174-1>		"wɨ̄wɨ"@mch	
"wi.1"@cdy	<http://ids.clld.org/values/1-810-418-1>		<http://ids.clld.org/parameters/1-810>		<http://ids.clld.org/values/1-810-174-1>		"wāʔto"@mch	
"fa.3"@cdy	<http://ids.clld.org/values/1-730-418-1>		<http://ids.clld.org/parameters/1-730>		<http://ids.clld.org/values/1-730-174-1>		"kāʔdutu"@mch	
"mən.2"@cdy	<http://ids.clld.org/values/2-930-418-1>		<http://ids.clld.org/parameters/2-930>		<http://ids.clld.org/values/2-930-174-1>		"tɨwɨ"@mch	
"lak.8 za:u.4"@cdy	<http://ids.clld.org/values/2-630-418-1>		<http://ids.clld.org/parameters/2-630>		<http://ids.clld.org/values/2-630-174-1>		"-hannɨ-dɨ"@mch	
"ta:i.6"@cdy	<http://ids.clld.org/values/2-454-418-1>		<http://ids.clld.org/parameters/2-454>		<http://ids.clld.org/values/2-454-174-1>		"yāya"@mch	
"ćhik.7"@cdy	<http://ids.clld.org/values/5-260-418-1>		<http://ids.clld.org/parameters/5-260>		<http://ids.clld.org/values/5-260-174-1>		"ədinɲə"@mch	
"tam.3"@cdy	<http://ids.clld.org/values/6-330-418-1>		<http://ids.clld.org/parameters/6-330>		<http://ids.clld.org/values/6-330-174-1>		"tɨʔkaʔhɨdɨ"@mch	
"na.1"@cdy	<http://ids.clld.org/values/12-630-418-1>		<http://ids.clld.org/parameters/12-630>		<http://ids.clld.org/values/12-630-174-1>		"hūšīhe"@mch	
"ləŋ.2"@cdy	<http://ids.clld.org/values/13-0-418-1>		<http://ids.clld.org/parameters/13-0>		<http://ids.clld.org/values/13-0-174-1>		"āʔke"@mch	
"pjan.1"@cdy	<http://ids.clld.org/values/8-130-418-1>		<http://ids.clld.org/parameters/8-130>		<http://ids.clld.org/values/8-130-174-1>		"awdwāhə"@mch	
"kha:n.1"@cdy	<http://ids.clld.org/values/2-480-418-1>		<http://ids.clld.org/parameters/2-480>		<http://ids.clld.org/values/2-480-174-1>		"hādɨ"@mch	
"ńau.6"@cdy	<http://ids.clld.org/values/15-890-418-1>		<http://ids.clld.org/parameters/15-890>		<http://ids.clld.org/values/15-890-174-1>		"deyude"@mch	
"koŋ.4 kan.1"@cdy	<http://ids.clld.org/values/15-770-418-1>		<http://ids.clld.org/parameters/15-770>		<http://ids.clld.org/values/15-770-174-1>		"tɨwansuʔde"@mch	
"cən.6"@cdy	<http://ids.clld.org/values/10-530-418-3>		<http://ids.clld.org/parameters/10-530>		<http://ids.clld.org/values/10-530-174-1>		"-aheʔka-dɨ"@mch	
"hon.6"@cdy	<http://ids.clld.org/values/15-840-418-3>		<http://ids.clld.org/parameters/15-840>		<http://ids.clld.org/values/15-840-174-1>		"ssedēhe"@mch	
"chi:ŋ.6"@cdy	<http://ids.clld.org/values/18-120-418-1>		<http://ids.clld.org/parameters/18-120>		<http://ids.clld.org/values/18-120-174-1>		"we[kantā]ʔɲənə"@mch	
"mok.8 su.3"@cdy	<http://ids.clld.org/values/8-920-418-1>		<http://ids.clld.org/parameters/8-920>		<http://ids.clld.org/values/8-920-174-1>		"kɨdēde"@mch	
"lak.8 pi:k.7"@cdy	<http://ids.clld.org/values/2-260-418-1>		<http://ids.clld.org/parameters/2-260>		<http://ids.clld.org/values/2-260-174-1>		"wodi-ʔčə"@mch	
"ta:i.2 kjau.4"@cdy	<http://ids.clld.org/values/2-511-418-1>		<http://ids.clld.org/parameters/2-511>		<http://ids.clld.org/values/2-511-174-1>		"yawo"@mch	
"khəm.5"@cdy	<http://ids.clld.org/values/1-212-418-1>		<http://ids.clld.org/parameters/1-212>		<http://ids.clld.org/values/1-212-174-1>		"nono"@mch	
"a.4 ji.2"@cdy	<http://ids.clld.org/values/2-520-418-3>		<http://ids.clld.org/parameters/2-520>		<http://ids.clld.org/values/2-520-174-1>		"waynɲeʔney"@mch	
"ha.3"@cdy	<http://ids.clld.org/values/4-760-418-1>		<http://ids.clld.org/parameters/4-760>		<http://ids.clld.org/values/4-760-174-1>		"aminɲaʔkadɨ"@mch	
"ći.1"@cdy	<http://ids.clld.org/values/12-430-418-3>		<http://ids.clld.org/parameters/12-430>		<http://ids.clld.org/values/12-430-174-1>		"amoinče-ʔda"@mch	
"eu.3"@cdy	<http://ids.clld.org/values/9-260-418-1>		<http://ids.clld.org/parameters/9-260>		<http://ids.clld.org/values/9-260-174-1>		"-išiča-dɨ"@mch	
"jin.4 wu.3"@cdy	<http://ids.clld.org/values/3-592-418-1>		<http://ids.clld.org/parameters/3-592>		<http://ids.clld.org/values/3-592-174-1>		"[dodo]"@mch	
"la:u.1"@cdy	<http://ids.clld.org/values/2-941-418-1>		<http://ids.clld.org/parameters/2-941>		<http://ids.clld.org/values/2-941-174-1>		"kɨwɨ"@mch	
"fən.1"@cdy	<http://ids.clld.org/values/1-750-418-1>		<http://ids.clld.org/parameters/1-750>		<http://ids.clld.org/values/1-750-174-1>		"konōho"@mch	
"sha:i.1"@cdy	<http://ids.clld.org/values/11-210-418-1>		<http://ids.clld.org/parameters/11-210>		<http://ids.clld.org/values/11-210-174-1>		"utūdu"@mch	
"ep.7"@cdy	<http://ids.clld.org/values/3-570-418-1>		<http://ids.clld.org/parameters/3-570>		<http://ids.clld.org/values/3-570-174-1>		"[hātu]"@mch	
"sha:i.3"@cdy	<http://ids.clld.org/values/4-461-418-1>		<http://ids.clld.org/parameters/4-461>		<http://ids.clld.org/values/4-461-174-1>		"hyōtɨ"@mch	
"ni.4 ka:i.5"@cdy	<http://ids.clld.org/values/3-540-418-1>		<http://ids.clld.org/parameters/3-540>		<http://ids.clld.org/values/3-540-174-1>		"kudaymādu"@mch	
"jin.3 lia:u.4"@cdy	<http://ids.clld.org/values/5-900-418-1>		<http://ids.clld.org/parameters/5-900>		<http://ids.clld.org/values/5-900-174-1>		"kuši"@mch	
"pjö.1"@cdy	<http://ids.clld.org/values/8-531-418-1>		<http://ids.clld.org/parameters/8-531>		<http://ids.clld.org/values/8-531-174-1>		"aiʔčɨdɨ"@mch	
"tə.0 mə.5 si.2 hau.6"@cdy	<http://ids.clld.org/values/17-650-418-1>		<http://ids.clld.org/parameters/17-650>		<http://ids.clld.org/values/17-650-174-1>		"əičənnāwəkə"@mch	
"len.1"@cdy	<http://ids.clld.org/values/11-310-418-1>		<http://ids.clld.org/parameters/11-310>		<http://ids.clld.org/values/11-310-174-1>		"uhīyɨ"@mch	
"sjeu.3"@cdy	<http://ids.clld.org/values/13-170-418-1>		<http://ids.clld.org/parameters/13-170>		<http://ids.clld.org/values/13-170-174-1>		"ākəʔkə"@mch	
"paŋ.3(4) mi.1"@cdy	<http://ids.clld.org/values/4-310-418-1>		<http://ids.clld.org/parameters/4-310>		<http://ids.clld.org/values/4-310-174-1>		"aʔhə"@mch	
"ŋo.4"@cdy	<http://ids.clld.org/values/13-50-418-1>		<http://ids.clld.org/parameters/13-50>		<http://ids.clld.org/values/13-50-174-1>		"hyātodea"@mch	
"lök.7 tau.5"@cdy	<http://ids.clld.org/values/8-470-418-1>		<http://ids.clld.org/parameters/8-470>		<http://ids.clld.org/values/8-470-174-1>		"ənɲa"@mch	
"wan.1 mu.3"@cdy	<http://ids.clld.org/values/14-480-418-1>		<http://ids.clld.org/parameters/14-480>		<http://ids.clld.org/values/14-480-174-1>		"henamma"@mch	
"la.3"@cdy	<http://ids.clld.org/values/15-820-418-1>		<http://ids.clld.org/parameters/15-820>		<http://ids.clld.org/values/15-820-174-1>		"tawāhe"@mch	
"ce.4 hwoŋ.2"@cdy	<http://ids.clld.org/values/16-670-418-1>		<http://ids.clld.org/parameters/16-670>		<http://ids.clld.org/values/16-670-174-1>		"-enkutə-"@mch	
"cau.4"@cdy	<http://ids.clld.org/values/10-610-418-3>		<http://ids.clld.org/parameters/10-610>		<http://ids.clld.org/values/10-610-174-1>		"-adə̄-"@mch	
"fe.4 koŋ.2 fu.1"@cdy	<http://ids.clld.org/values/9-120-418-1>		<http://ids.clld.org/parameters/9-120>		<http://ids.clld.org/values/9-120-174-1>		"tadawāhu"@mch	
"puə.2"@cdy	<http://ids.clld.org/values/2-470-418-1>		<http://ids.clld.org/parameters/2-470>		<http://ids.clld.org/values/2-470-174-1>		"-tamū-du"@mch	
"ŋa.2 chi.3"@cdy	<http://ids.clld.org/values/4-270-418-1>		<http://ids.clld.org/parameters/4-270>		<http://ids.clld.org/values/4-270-174-1>		"dedɨ"@mch	
"lən.1"@cdy	<http://ids.clld.org/values/19-210-418-1>		<http://ids.clld.org/parameters/19-210>		<http://ids.clld.org/values/19-210-174-1>		"weiʔčɨ"@mch	
"ti.2 pa:n.1"@cdy	<http://ids.clld.org/values/2-230-418-1>		<http://ids.clld.org/parameters/2-230>		<http://ids.clld.org/values/2-230-174-1>		"danwa"@mch	
"sha:n.1"@cdy	<http://ids.clld.org/values/9-750-418-1>		<http://ids.clld.org/parameters/9-750>		<http://ids.clld.org/values/9-750-174-1>		"aʔtoʔtotoʔho"@mch	
"taŋ.1"@cdy	<http://ids.clld.org/values/10-480-418-1>		<http://ids.clld.org/parameters/10-480>		<http://ids.clld.org/values/10-480-174-1>		"w-eʔ-nə"@mch	
"ca:i.6 fai.4"@cdy	<http://ids.clld.org/values/14-350-418-1>		<http://ids.clld.org/parameters/14-350>		<http://ids.clld.org/values/14-350-174-1>		"dea"@mch	
"cien.6 kha:ŋ.4"@cdy	<http://ids.clld.org/values/4-830-418-1>		<http://ids.clld.org/parameters/4-830>		<http://ids.clld.org/values/4-830-174-1>		"tadəinɲe"@mch	
"pja:n.4 ci.6"@cdy	<http://ids.clld.org/values/3-594-418-1>		<http://ids.clld.org/parameters/3-594>		<http://ids.clld.org/values/3-594-174-1>		"hadūma"@mch	
"ńi.2"@cdy	<http://ids.clld.org/values/2-920-418-1>		<http://ids.clld.org/parameters/2-920>		<http://ids.clld.org/values/2-920-174-1>		"əmədə"@mch	
"luk.7"@cdy	<http://ids.clld.org/values/9-360-418-1>		<http://ids.clld.org/parameters/9-360>		<http://ids.clld.org/values/9-360-174-1>		"-ičoʔka-dɨ"@mch	
"pi.2"@cdy	<http://ids.clld.org/values/4-120-418-1>		<http://ids.clld.org/parameters/4-120>		<http://ids.clld.org/values/4-120-174-1>		"hiʔhə"@mch	
"cha.5"@cdy	<http://ids.clld.org/values/10-472-418-1>		<http://ids.clld.org/parameters/10-472>		<http://ids.clld.org/values/10-472-174-1>		"-annuʔku-"@mch	
"pa:k.7 pi.2"@cdy	<http://ids.clld.org/values/4-250-418-1>		<http://ids.clld.org/parameters/4-250>		<http://ids.clld.org/values/4-250-174-1>		"ə̄ʔhi"@mch	
"ni.4 nan.2"@cdy	<http://ids.clld.org/values/3-811-418-3>		<http://ids.clld.org/parameters/3-811>		<http://ids.clld.org/values/3-811-174-1>		"dāmə"@mch	
"ljok.8"@cdy	<http://ids.clld.org/values/15-680-418-1>		<http://ids.clld.org/parameters/15-680>		<http://ids.clld.org/values/15-680-174-1>		"šēne"@mch	
"ku.1"@cdy	<http://ids.clld.org/values/2-520-418-5>		<http://ids.clld.org/parameters/2-520>		<http://ids.clld.org/values/2-520-174-1>		"waynɲeʔney"@mch	
"sham.4 tau.2"@cdy	<http://ids.clld.org/values/4-440-418-1>		<http://ids.clld.org/parameters/4-440>		<http://ids.clld.org/values/4-440-174-1>		"yēwanɨ"@mch	
"sa.4 shai.3"@cdy	<http://ids.clld.org/values/3-720-418-1>		<http://ids.clld.org/parameters/3-720>		<http://ids.clld.org/values/3-720-174-1>		"kawadīmə"@mch	
"na:n.4"@cdy	<http://ids.clld.org/values/4-130-418-1>		<http://ids.clld.org/parameters/4-130>		<http://ids.clld.org/values/4-130-174-1>		"hyunu"@mch	
"hja:p.7"@cdy	<http://ids.clld.org/values/12-620-418-1>		<http://ids.clld.org/parameters/12-620>		<http://ids.clld.org/values/12-620-174-3>		"anwakɨme"@mch	
"hja:p.7"@cdy	<http://ids.clld.org/values/12-620-418-1>		<http://ids.clld.org/parameters/12-620>		<http://ids.clld.org/values/12-620-174-1>		"danwadɨ"@mch	
"wan.1"@cdy	<http://ids.clld.org/values/4-280-418-1>		<http://ids.clld.org/parameters/4-280>		<http://ids.clld.org/values/4-280-174-1>		"hɨ̄mɨ"@mch	
"hu:ŋ.4 su.2"@cdy	<http://ids.clld.org/values/5-700-418-1>		<http://ids.clld.org/parameters/5-700>		<http://ids.clld.org/values/5-700-174-1>		"šāku"@mch	
"hja:i.6"@cdy	<http://ids.clld.org/values/15-780-418-1>		<http://ids.clld.org/parameters/15-780>		<http://ids.clld.org/values/15-780-174-1>		"ākə̄tədɨ"@mch	
"moŋ.6"@cdy	<http://ids.clld.org/values/4-620-418-1>		<http://ids.clld.org/parameters/4-620>		<http://ids.clld.org/values/4-620-174-1>		"wənētɨnə"@mch	
"pa:u.1"@cdy	<http://ids.clld.org/values/10-140-418-1>		<http://ids.clld.org/parameters/10-140>		<http://ids.clld.org/values/10-140-174-1>		"weməīya"@mch	
"sü.4(3) choŋ.6"@cdy	<http://ids.clld.org/values/1-390-418-1>		<http://ids.clld.org/parameters/1-390>		<http://ids.clld.org/values/1-390-174-1>		"yedukadɨ"@mch	
"la:u.4 hja:n.1"@cdy	<http://ids.clld.org/values/2-820-418-1>		<http://ids.clld.org/parameters/2-820>		<http://ids.clld.org/values/2-820-174-1>		"himmə"@mch	
"səp.8 jit.7"@cdy	<http://ids.clld.org/values/13-101-418-1>		<http://ids.clld.org/parameters/13-101>		<http://ids.clld.org/values/13-101-174-1>		"amohadəʔto dēwə tōni"@mch	
"muə.1 taŋ.1"@cdy	<http://ids.clld.org/values/10-481-418-1>		<http://ids.clld.org/parameters/10-481>		<http://ids.clld.org/values/10-481-174-1>		"w-ennakā-nə"@mch	
"ŋa:m.3"@cdy	<http://ids.clld.org/values/1-280-418-1>		<http://ids.clld.org/parameters/1-280>		<http://ids.clld.org/values/1-280-174-1>		"ewɨ̄tɨ"@mch	
"kiŋ.6"@cdy	<http://ids.clld.org/values/6-960-418-1>		<http://ids.clld.org/parameters/6-960>		<http://ids.clld.org/values/6-960-174-1>		"hekūde"@mch	
"hja:n.1"@cdy	<http://ids.clld.org/values/7-120-418-1>		<http://ids.clld.org/parameters/7-120>		<http://ids.clld.org/values/7-120-174-1>		"mmā"@mch	
"ci.3"@cdy	<http://ids.clld.org/values/18-560-418-1>		<http://ids.clld.org/parameters/18-560>		<http://ids.clld.org/values/18-560-174-1>		"[hahēda]"@mch	
"la:u.4"@cdy	<http://ids.clld.org/values/14-150-418-1>		<http://ids.clld.org/parameters/14-150>		<http://ids.clld.org/values/14-150-174-1>		"henaʔdohə"@mch	
"səp.8 ŋo.4"@cdy	<http://ids.clld.org/values/13-103-418-1>		<http://ids.clld.org/parameters/13-103>		<http://ids.clld.org/values/13-103-174-1>		"amohadəʔto dēwə hyatodea"@mch	
"ta:i.2 ji.2"@cdy	<http://ids.clld.org/values/2-521-418-1>		<http://ids.clld.org/parameters/2-521>		<http://ids.clld.org/values/2-521-174-1>		"denɨ"@mch	
"hja:n.4(1) təŋ.2"@cdy	<http://ids.clld.org/values/7-510-418-1>		<http://ids.clld.org/parameters/7-510>		<http://ids.clld.org/values/7-510-174-1>		"aməʔhɨdɨ"@mch	
"ha:m.3"@cdy	<http://ids.clld.org/values/18-130-418-1>		<http://ids.clld.org/parameters/18-130>		<http://ids.clld.org/values/18-130-174-1>		"kəʔtɨn-nə"@mch	
"pən.1"@cdy	<http://ids.clld.org/values/1-510-418-1>		<http://ids.clld.org/parameters/1-510>		<http://ids.clld.org/values/1-510-174-1>		"kahu"@mch	
"ńjeŋ.6"@cdy	<http://ids.clld.org/values/19-470-418-1>		<http://ids.clld.org/parameters/19-470>		<http://ids.clld.org/values/19-470-174-1>		"tɨdɨho-dɨ"@mch	
"jüen.4 woŋ.6"@cdy	<http://ids.clld.org/values/16-620-418-1>		<http://ids.clld.org/parameters/16-620>		<http://ids.clld.org/values/16-620-174-1>		"hyumma-dɨ"@mch	
"ja:i.3"@cdy	<http://ids.clld.org/values/12-570-418-1>		<http://ids.clld.org/parameters/12-570>		<http://ids.clld.org/values/12-570-174-1>		"nuwe"@mch	
"uŋ.4 nhau.1"@cdy	<http://ids.clld.org/values/17-660-418-1>		<http://ids.clld.org/parameters/17-660>		<http://ids.clld.org/values/17-660-174-1>		"ə̄iša"@mch	
"jen.1"@cdy	<http://ids.clld.org/values/8-690-418-3>		<http://ids.clld.org/parameters/8-690>		<http://ids.clld.org/values/8-690-174-1>		"-eima-"@mch	
"maŋ.4"@cdy	<http://ids.clld.org/values/16-230-418-1>		<http://ids.clld.org/parameters/16-230>		<http://ids.clld.org/values/16-230-174-1>		"takwanɲe"@mch	
"ćhu.3"@cdy	<http://ids.clld.org/values/4-740-418-1>		<http://ids.clld.org/parameters/4-740>		<http://ids.clld.org/values/4-740-174-1>		"wenɲə"@mch	
"ća:ŋ.3 ku.2 shai.6"@cdy	<http://ids.clld.org/values/18-221-418-1>		<http://ids.clld.org/parameters/18-221>		<http://ids.clld.org/values/18-221-174-1>		"mēʔkuʔtə̄dɨ"@mch	
"shi:ŋ.3"@cdy	<http://ids.clld.org/values/17-130-418-1>		<http://ids.clld.org/parameters/17-130>		<http://ids.clld.org/values/17-130-174-1>		"tɨtahə-nə"@mch	
"si.6"@cdy	<http://ids.clld.org/values/17-550-418-1>		<http://ids.clld.org/parameters/17-550>		<http://ids.clld.org/values/17-550-174-3>		"mmhm"@mch	
"si.6"@cdy	<http://ids.clld.org/values/17-550-418-1>		<http://ids.clld.org/parameters/17-550>		<http://ids.clld.org/values/17-550-174-1>		"ʔeee"@mch	
"pa:n.4 shai.3"@cdy	<http://ids.clld.org/values/7-570-418-1>		<http://ids.clld.org/parameters/7-570>		<http://ids.clld.org/values/7-570-174-1>		"[tadwa]"@mch	
"ta:u.3"@cdy	<http://ids.clld.org/values/1-851-418-1>		<http://ids.clld.org/parameters/1-851>		<http://ids.clld.org/values/1-851-174-1>		"ukā-dɨ"@mch	
"cat.8 ńi.2"@cdy	<http://ids.clld.org/values/2-530-418-1>		<http://ids.clld.org/parameters/2-530>		<http://ids.clld.org/values/2-530-174-1>		"honɨ"@mch	
"cat.8 ńi.2"@cdy	<http://ids.clld.org/values/2-530-418-1>		<http://ids.clld.org/parameters/2-530>		<http://ids.clld.org/values/2-530-174-3>		"honɨ-kə"@mch	
"tan.3"@cdy	<http://ids.clld.org/values/6-110-418-1>		<http://ids.clld.org/parameters/6-110>		<http://ids.clld.org/values/6-110-174-1>		"wewontənə"@mch	
"cü.2 shai.3"@cdy	<http://ids.clld.org/values/6-760-418-1>		<http://ids.clld.org/parameters/6-760>		<http://ids.clld.org/values/6-760-174-1>		"mayūdu"@mch	
"lak.8 hau.2 seŋ.1"@cdy	<http://ids.clld.org/values/2-251-418-1>		<http://ids.clld.org/parameters/2-251>		<http://ids.clld.org/values/2-251-174-1>		"mudēši"@mch	
"ma:n.3 pa.2"@cdy	<http://ids.clld.org/values/5-123-418-3>		<http://ids.clld.org/parameters/5-123>		<http://ids.clld.org/values/5-123-174-1>		"sēweyčato"@mch	
"ńi.6 səp.8"@cdy	<http://ids.clld.org/values/13-104-418-1>		<http://ids.clld.org/parameters/13-104>		<http://ids.clld.org/values/13-104-174-1>		"tōni ssoto"@mch	
"sa:n.4 pa.1"@cdy	<http://ids.clld.org/values/3-750-418-1>		<http://ids.clld.org/parameters/3-750>		<http://ids.clld.org/values/3-750-174-1>		"kawādi"@mch	
"pe.4 khja.1"@cdy	<http://ids.clld.org/values/4-220-418-1>		<http://ids.clld.org/parameters/4-220>		<http://ids.clld.org/values/4-220-174-1>		"hāna"@mch	
"ha:m.3"@cdy	<http://ids.clld.org/values/18-410-418-1>		<http://ids.clld.org/parameters/18-410>		<http://ids.clld.org/values/18-410-174-1>		"aʔdewhaʔdɨ"@mch	
"lök.7"@cdy	<http://ids.clld.org/values/4-570-418-1>		<http://ids.clld.org/parameters/4-570>		<http://ids.clld.org/values/4-570-174-1>		"wenaʔtahəʔeʔnə"@mch	
"ćo.3 pjam.1"@cdy	<http://ids.clld.org/values/4-140-418-1>		<http://ids.clld.org/parameters/4-140>		<http://ids.clld.org/values/4-140-174-1>		"hū"@mch	
"shon.5"@cdy	<http://ids.clld.org/values/6-380-418-1>		<http://ids.clld.org/parameters/6-380>		<http://ids.clld.org/values/6-380-174-1>		"hakūdimɨʔtɨ"@mch	
"khun.1"@cdy	<http://ids.clld.org/values/10-710-418-1>		<http://ids.clld.org/parameters/10-710>		<http://ids.clld.org/values/10-710-174-1>		"ə̄ma"@mch	
"uk.7 pə.1"@cdy	<http://ids.clld.org/values/10-474-418-1>		<http://ids.clld.org/parameters/10-474>		<http://ids.clld.org/values/10-474-174-1>		"w-ehaʔka-nə"@mch	
"ti.1"@cdy	<http://ids.clld.org/values/2-350-418-1>		<http://ids.clld.org/parameters/2-350>		<http://ids.clld.org/values/2-350-174-1>		"haha"@mch	
"mok.8"@cdy	<http://ids.clld.org/values/4-232-418-1>		<http://ids.clld.org/parameters/4-232>		<http://ids.clld.org/values/4-232-174-1>		"ənuʔtə"@mch	
"mu:i.3 ka.1 ti.1"@cdy	<http://ids.clld.org/values/2-610-418-1>		<http://ids.clld.org/parameters/2-610>		<http://ids.clld.org/values/2-610-174-1>		"wōdɨ̄mə"@mch	
"cat.8 niu.4"@cdy	<http://ids.clld.org/values/2-540-418-1>		<http://ids.clld.org/parameters/2-540>		<http://ids.clld.org/values/2-540-174-1>		"hāse"@mch	
"ljam.6"@cdy	<http://ids.clld.org/values/12-320-418-1>		<http://ids.clld.org/parameters/12-320>		<http://ids.clld.org/values/12-320-174-1>		"nonohoʔčə"@mch	
"ji:k.7"@cdy	<http://ids.clld.org/values/5-140-418-1>		<http://ids.clld.org/parameters/5-140>		<http://ids.clld.org/values/5-140-174-1>		"əmīhe"@mch	
"lau.2 the.1"@cdy	<http://ids.clld.org/values/7-370-418-1>		<http://ids.clld.org/parameters/7-370>		<http://ids.clld.org/values/7-370-174-1>		"inɲahuʔtahə"@mch	
"wu:ŋ.1"@cdy	<http://ids.clld.org/values/12-310-418-1>		<http://ids.clld.org/parameters/12-310>		<http://ids.clld.org/values/12-310-174-1>		"kawə"@mch	
"ti.2 pi:k.7"@cdy	<http://ids.clld.org/values/2-240-418-1>		<http://ids.clld.org/parameters/2-240>		<http://ids.clld.org/values/2-240-174-1>		"wodi"@mch	
"ju.1"@cdy	<http://ids.clld.org/values/12-80-418-1>		<http://ids.clld.org/parameters/12-80>		<http://ids.clld.org/values/12-80-174-1>		"kawə̄"@mch	
"kwan.2"@cdy	<http://ids.clld.org/values/1-830-418-1>		<http://ids.clld.org/parameters/1-830>		<http://ids.clld.org/values/1-830-174-1>		"widīnčə"@mch	
"wa.6 ńien.2"@cdy	<http://ids.clld.org/values/18-240-418-1>		<http://ids.clld.org/parameters/18-240>		<http://ids.clld.org/values/18-240-174-1>		"āʔdewʔkwe"@mch	
"hwa.1"@cdy	<http://ids.clld.org/values/8-570-418-1>		<http://ids.clld.org/parameters/8-570>		<http://ids.clld.org/values/8-570-174-1>		"čə̄hɨdɨ"@mch	
"thjeu.5 ŋo.6"@cdy	<http://ids.clld.org/values/10-440-418-1>		<http://ids.clld.org/parameters/10-440>		<http://ids.clld.org/values/10-440-174-1>		"-ənwa-"@mch	
"su:k.7"@cdy	<http://ids.clld.org/values/5-130-418-1>		<http://ids.clld.org/parameters/5-130>		<http://ids.clld.org/values/5-130-174-1>		"enku"@mch	
"lhaŋ.1 cjek.8"@cdy	<http://ids.clld.org/values/15-510-418-1>		<http://ids.clld.org/parameters/15-510>		<http://ids.clld.org/values/15-510-174-1>		"ene-dɨ"@mch	
"pja.2"@cdy	<http://ids.clld.org/values/10-472-418-3>		<http://ids.clld.org/parameters/10-472>		<http://ids.clld.org/values/10-472-174-1>		"-annuʔku-"@mch	
"la:i.4 lhaŋ.1"@cdy	<http://ids.clld.org/values/16-810-418-1>		<http://ids.clld.org/parameters/16-810>		<http://ids.clld.org/values/16-810-174-1>		"inɲatahe"@mch	
"ne.4 jok.8"@cdy	<http://ids.clld.org/values/4-820-418-1>		<http://ids.clld.org/parameters/4-820>		<http://ids.clld.org/values/4-820-174-1>		"āʔkedēto"@mch	
"hjo.1"@cdy	<http://ids.clld.org/values/17-170-418-1>		<http://ids.clld.org/parameters/17-170>		<http://ids.clld.org/values/17-170-174-1>		"t-owanəkə t-ɨdɨ-dɨ"@mch	
"pu.6"@cdy	<http://ids.clld.org/values/4-410-418-1>		<http://ids.clld.org/parameters/4-410>		<http://ids.clld.org/values/4-410-174-1>		"ʔdohɨ-dɨ"@mch	
"fe.4 na:n.4"@cdy	<http://ids.clld.org/values/20-610-418-1>		<http://ids.clld.org/parameters/20-610>		<http://ids.clld.org/values/20-610-174-1>		"emanɲuhɨdɨ"@mch	
"sha:i.2(6) la:i.2 fo.1"@cdy	<http://ids.clld.org/values/1-870-418-1>		<http://ids.clld.org/parameters/1-870>		<http://ids.clld.org/values/1-870-174-1>		"tɨsočāmɨ"@mch	
"mhu.5"@cdy	<http://ids.clld.org/values/3-350-418-1>		<http://ids.clld.org/parameters/3-350>		<http://ids.clld.org/values/3-350-174-1>		"[kūši]"@mch	
"lən.4(1) ti.4"@cdy	<http://ids.clld.org/values/2-430-418-1>		<http://ids.clld.org/parameters/2-430>		<http://ids.clld.org/values/2-430-174-1>		"nnedɨ"@mch	
"kut.7"@cdy	<http://ids.clld.org/values/4-160-418-1>		<http://ids.clld.org/parameters/4-160>		<http://ids.clld.org/values/4-160-174-1>		"yēʔhə"@mch	
"sam.3"@cdy	<http://ids.clld.org/values/2-520-418-1>		<http://ids.clld.org/parameters/2-520>		<http://ids.clld.org/values/2-520-174-1>		"waynɲeʔney"@mch	
"koŋ.1"@cdy	<http://ids.clld.org/values/2-460-418-1>		<http://ids.clld.org/parameters/2-460>		<http://ids.clld.org/values/2-460-174-1>		"kōko"@mch	
"nuŋ.3"@cdy	<http://ids.clld.org/values/10-670-418-1>		<http://ids.clld.org/parameters/10-670>		<http://ids.clld.org/values/10-670-174-1>		"-adima-dɨ"@mch	
"kuŋ.2 hjim.6"@cdy	<http://ids.clld.org/values/12-20-418-1>		<http://ids.clld.org/parameters/12-20>		<http://ids.clld.org/values/12-20-174-1>		"dɨʔtə"@mch	
"shuŋ.3 si.4"@cdy	<http://ids.clld.org/values/14-310-418-1>		<http://ids.clld.org/parameters/14-310>		<http://ids.clld.org/values/14-310-174-1>		"wenēne"@mch	
"lət.7"@cdy	<http://ids.clld.org/values/1-880-418-1>		<http://ids.clld.org/parameters/1-880>		<http://ids.clld.org/values/1-880-174-1>		"-keme-dɨ"@mch	
"səŋ.1 can.2"@cdy	<http://ids.clld.org/values/10-210-418-1>		<http://ids.clld.org/parameters/10-210>		<http://ids.clld.org/values/10-210-174-1>		"w-ənuʔnə"@mch	
"sok.8"@cdy	<http://ids.clld.org/values/5-123-418-1>		<http://ids.clld.org/parameters/5-123>		<http://ids.clld.org/values/5-123-174-1>		"sēweyčato"@mch	
"ti.2 lən.1"@cdy	<http://ids.clld.org/values/19-520-418-1>		<http://ids.clld.org/parameters/19-520>		<http://ids.clld.org/values/19-520-174-1>		"tuʔde"@mch	
"sheu.2 nham.3"@cdy	<http://ids.clld.org/values/10-350-418-1>		<http://ids.clld.org/parameters/10-350>		<http://ids.clld.org/values/10-350-174-1>		"tɨwəʔhiyɨ"@mch	
"pa:k.7 to.1 lək.8"@cdy	<http://ids.clld.org/values/7-220-418-3>		<http://ids.clld.org/parameters/7-220>		<http://ids.clld.org/values/7-220-174-1>		"mɨnātata"@mch	
"khai.1 si.2"@cdy	<http://ids.clld.org/values/14-250-418-1>		<http://ids.clld.org/parameters/14-250>		<http://ids.clld.org/values/14-250-174-1>		"ahəntədɨ"@mch	
"fa:i.5"@cdy	<http://ids.clld.org/values/16-720-418-1>		<http://ids.clld.org/parameters/16-720>		<http://ids.clld.org/values/16-720-174-1>		"kənemhɨnɨ"@mch	
"śe.1"@cdy	<http://ids.clld.org/values/2-950-418-1>		<http://ids.clld.org/parameters/2-950>		<http://ids.clld.org/values/2-950-174-1>		"ənwanno"@mch	
"na.3"@cdy	<http://ids.clld.org/values/4-204-418-1>		<http://ids.clld.org/parameters/4-204>		<http://ids.clld.org/values/4-204-174-1>		"heʔ-dɨ"@mch	
"ni.4 fai.5"@cdy	<http://ids.clld.org/values/1-520-418-1>		<http://ids.clld.org/parameters/1-520>		<http://ids.clld.org/values/1-520-174-1>		"šī"@mch	
"niu.4"@cdy	<http://ids.clld.org/values/2-240-418-3>		<http://ids.clld.org/parameters/2-240>		<http://ids.clld.org/values/2-240-174-1>		"wodi"@mch	
"tjem.3 wi.1"@cdy	<http://ids.clld.org/values/1-860-418-1>		<http://ids.clld.org/parameters/1-860>		<http://ids.clld.org/values/1-860-174-1>		"-kemetə-"@mch	
"ɔ.1"@cdy	<http://ids.clld.org/values/5-210-418-3>		<http://ids.clld.org/parameters/5-210>		<http://ids.clld.org/values/5-210-174-1>		"-aʔnə"@mch	
"liu.4 səŋ.2"@cdy	<http://ids.clld.org/values/14-270-418-1>		<http://ids.clld.org/parameters/14-270>		<http://ids.clld.org/values/14-270-174-1>		"w-əʔka-nə"@mch	
"wi.1 phe.1"@cdy	<http://ids.clld.org/values/1-820-418-1>		<http://ids.clld.org/parameters/1-820>		<http://ids.clld.org/values/1-820-174-1>		"wāʔto"@mch	
"seŋ.4(6) shat.7"@cdy	<http://ids.clld.org/values/9-890-418-1>		<http://ids.clld.org/parameters/9-890>		<http://ids.clld.org/values/9-890-174-1>		"wemānʔa"@mch	
"ləm.1"@cdy	<http://ids.clld.org/values/1-720-418-1>		<http://ids.clld.org/parameters/1-720>		<http://ids.clld.org/values/1-720-174-1>		"hehēnčə"@mch	
"tin.1"@cdy	<http://ids.clld.org/values/4-370-418-1>		<http://ids.clld.org/parameters/4-370>		<http://ids.clld.org/values/4-370-174-1>		"hūdu"@mch	
"nu:t.8"@cdy	<http://ids.clld.org/values/4-142-418-1>		<http://ids.clld.org/parameters/4-142>		<http://ids.clld.org/values/4-142-174-1>		"ettəmuho"@mch	
"lu:n.1"@cdy	<http://ids.clld.org/values/12-810-418-1>		<http://ids.clld.org/parameters/12-810>		<http://ids.clld.org/values/12-810-174-1>		"kokkoduhaʔto"@mch	
"tü.2"@cdy	<http://ids.clld.org/values/1-440-418-1>		<http://ids.clld.org/parameters/1-440>		<http://ids.clld.org/values/1-440-174-1>		"təʔhu"@mch	
"te.5 ćham.5"@cdy	<http://ids.clld.org/values/9-221-418-1>		<http://ids.clld.org/parameters/9-221>		<http://ids.clld.org/values/9-221-174-1>		"čūhiya-dɨ"@mch	
"te.5 ćham.5"@cdy	<http://ids.clld.org/values/9-221-418-1>		<http://ids.clld.org/parameters/9-221>		<http://ids.clld.org/values/9-221-174-3>		"yaʔka-dɨ"@mch	
"ni.4 kwai.3"@cdy	<http://ids.clld.org/values/3-950-418-3>		<http://ids.clld.org/parameters/3-950>		<http://ids.clld.org/values/3-950-174-1>		"kɨʔto"@mch	
"lak.8 pi:k.7 kha:n.1"@cdy	<http://ids.clld.org/values/2-490-418-1>		<http://ids.clld.org/parameters/2-490>		<http://ids.clld.org/values/2-490-174-1>		"hādɨ"@mch	
"mok.8 tau.2"@cdy	<http://ids.clld.org/values/1-430-418-1>		<http://ids.clld.org/parameters/1-430>		<http://ids.clld.org/values/1-430-174-1>		"dē"@mch	
