"puytu"@ayr	<http://ids.clld.org/values/3-280-269-1>		<http://ids.clld.org/parameters/3-280>		<http://ids.clld.org/values/3-280-198-1>		"kamst'an"@prg	
"uyu"@ayr	<http://ids.clld.org/values/3-190-269-1>		<http://ids.clld.org/parameters/3-190>		<http://ids.clld.org/values/3-190-198-1>		"[staldis]"@prg	
"luntʰata-ɲa"@ayr	<http://ids.clld.org/values/21-510-269-1>		<http://ids.clld.org/parameters/21-510>		<http://ids.clld.org/values/21-510-198-1>		"ránktvei"@prg	
"sara-ɲa"@ayr	<http://ids.clld.org/values/10-470-269-1>		<http://ids.clld.org/parameters/10-470>		<http://ids.clld.org/values/10-470-198-1>		"éit"@prg	
"ispilʸu"@ayr	<http://ids.clld.org/values/4-250-269-1>		<http://ids.clld.org/parameters/4-250>		<http://ids.clld.org/values/4-250-198-1>		"varsus"@prg	
"xaχu"@ayr	<http://ids.clld.org/values/15-370-269-1>		<http://ids.clld.org/parameters/15-370>		<http://ids.clld.org/values/15-370-198-1>		"kártai"@prg	
"xukumari"@ayr	<http://ids.clld.org/values/3-730-269-1>		<http://ids.clld.org/parameters/3-730>		<http://ids.clld.org/values/3-730-198-1>		"klākīs"@prg	
"xunu-ɲa"@ayr	<http://ids.clld.org/values/6-370-269-1>		<http://ids.clld.org/parameters/6-370>		<http://ids.clld.org/values/6-370-198-1>		"īlā"@prg	
"ukata"@ayr	<http://ids.clld.org/values/12-10-269-1>		<http://ids.clld.org/parameters/12-10>		<http://ids.clld.org/values/12-10-198-1>		"pā"@prg	
"ɲiwkˀi"@ayr	<http://ids.clld.org/values/9-730-269-1>		<http://ids.clld.org/parameters/9-730>		<http://ids.clld.org/values/9-730-198-1>		"laidis"@prg	
"ḳurpačuta"@ayr	<http://ids.clld.org/values/19-570-269-1>		<http://ids.clld.org/parameters/19-570>		<http://ids.clld.org/values/19-570-198-1>		"ludis"@prg	
"čʰiwčʰi"@ayr	<http://ids.clld.org/values/3-550-269-1>		<http://ids.clld.org/parameters/3-550>		<http://ids.clld.org/values/3-550-198-1>		"gertist'an"@prg	
"čˀuχ-ɲa"@ayr	<http://ids.clld.org/values/5-124-269-1>		<http://ids.clld.org/parameters/5-124>		<http://ids.clld.org/values/5-124-198-1>		"zal'an"@prg	
"čˀixmaɲa"@ayr	<http://ids.clld.org/values/7-421-269-1>		<http://ids.clld.org/parameters/7-421>		<http://ids.clld.org/values/7-421-198-1>		"balzinis"@prg	
"arka-ɲa"@ayr	<http://ids.clld.org/values/10-520-269-1>		<http://ids.clld.org/parameters/10-520>		<http://ids.clld.org/values/10-520-198-1>		"rīpaite"@prg	
"kunarsa"@ayr	<http://ids.clld.org/values/17-650-269-1>		<http://ids.clld.org/parameters/17-650>		<http://ids.clld.org/values/17-650-198-1>		"kadan"@prg	
"tunka"@ayr	<http://ids.clld.org/values/13-100-269-1>		<http://ids.clld.org/parameters/13-100>		<http://ids.clld.org/values/13-100-198-1>		"desimt[i]s"@prg	
"kˀulʸu"@ayr	<http://ids.clld.org/values/1-430-269-1>		<http://ids.clld.org/parameters/1-430>		<http://ids.clld.org/values/1-430-198-1>		"malkā"@prg	
"imilʸa wawa"@ayr	<http://ids.clld.org/values/2-420-269-3>		<http://ids.clld.org/parameters/2-420>		<http://ids.clld.org/values/2-420-198-1>		"duktē"@prg	
"katu-ɲa"@ayr	<http://ids.clld.org/values/11-130-269-1>		<http://ids.clld.org/parameters/11-130>		<http://ids.clld.org/values/11-130-198-1>		"ímt"@prg	
"uɲačtˀaya-ɲa"@ayr	<http://ids.clld.org/values/15-550-269-1>		<http://ids.clld.org/parameters/15-550>		<http://ids.clld.org/values/15-550-198-1>		"vaidina"@prg	
"ɲačˀa-ɲa"@ayr	<http://ids.clld.org/values/9-160-269-1>		<http://ids.clld.org/parameters/9-160>		<http://ids.clld.org/values/9-160-198-1>		"perréist"@prg	
"laymi"@ayr	<http://ids.clld.org/values/8-550-269-1>		<http://ids.clld.org/parameters/8-550>		<http://ids.clld.org/values/8-550-198-1>		"vipis"@prg	
"ḳˀixu-ḳˀixu"@ayr	<http://ids.clld.org/values/1-550-269-1>		<http://ids.clld.org/parameters/1-550>		<http://ids.clld.org/values/1-550-198-1>		"mēldē"@prg	
"kikpa"@ayr	<http://ids.clld.org/values/12-920-269-1>		<http://ids.clld.org/parameters/12-920>		<http://ids.clld.org/values/12-920-198-1>		"palīgun"@prg	
"xačˀa xankʰara"@ayr	<http://ids.clld.org/values/4-452-269-1>		<http://ids.clld.org/parameters/4-452>		<http://ids.clld.org/values/4-452-198-1>		"bluznē"@prg	
"yapu"@ayr	<http://ids.clld.org/values/8-120-269-1>		<http://ids.clld.org/parameters/8-120>		<http://ids.clld.org/values/8-120-198-1>		"lauks"@prg	
"[salčiča]"@ayr	<http://ids.clld.org/values/5-630-269-1>		<http://ids.clld.org/parameters/5-630>		<http://ids.clld.org/values/5-630-198-1>		"lait'an or yalit'an"@prg	
"xaka-ɲa"@ayr	<http://ids.clld.org/values/4-740-269-1>		<http://ids.clld.org/parameters/4-740>		<http://ids.clld.org/values/4-740-198-1>		"gīvas"@prg	
"ḳunḳuri"@ayr	<http://ids.clld.org/values/4-360-269-1>		<http://ids.clld.org/parameters/4-360>		<http://ids.clld.org/values/4-360-198-1>		"klupstis"@prg	
"[tila]"@ayr	<http://ids.clld.org/values/6-210-269-1>		<http://ids.clld.org/parameters/6-210>		<http://ids.clld.org/values/6-210-198-1>		"milan"@prg	
"alaya"@ayr	<http://ids.clld.org/values/12-80-269-5>		<http://ids.clld.org/parameters/12-80>		<http://ids.clld.org/values/12-80-198-3>		"kérša[n]"@prg	
"alaya"@ayr	<http://ids.clld.org/values/12-80-269-5>		<http://ids.clld.org/parameters/12-80>		<http://ids.clld.org/values/12-80-198-1>		"kirša[n]"@prg	
"kˀankˀa"@ayr	<http://ids.clld.org/values/3-520-269-1>		<http://ids.clld.org/parameters/3-520>		<http://ids.clld.org/values/3-520-198-1>		"gertis"@prg	
"kʰuči"@ayr	<http://ids.clld.org/values/3-340-269-1>		<http://ids.clld.org/parameters/3-340>		<http://ids.clld.org/values/3-340-198-1>		"svint'an ~ sk'aurē (fem.)"@prg	
"xarkˀa-ɲa"@ayr	<http://ids.clld.org/values/11-240-269-1>		<http://ids.clld.org/parameters/11-240>		<http://ids.clld.org/values/11-240-198-1>		"pakúnst"@prg	
"[asnu]"@ayr	<http://ids.clld.org/values/3-460-269-1>		<http://ids.clld.org/parameters/3-460>		<http://ids.clld.org/values/3-460-198-1>		"[asilis]"@prg	
"[lamara]"@ayr	<http://ids.clld.org/values/1-320-269-1>		<http://ids.clld.org/parameters/1-320>		<http://ids.clld.org/values/1-320-198-1>		"yūren"@prg	
"kʰulʸkutaya"@ayr	<http://ids.clld.org/values/3-594-269-3>		<http://ids.clld.org/parameters/3-594>		<http://ids.clld.org/values/3-594-198-1>		"pālis"@prg	
"nayraḳata"@ayr	<http://ids.clld.org/values/12-40-269-1>		<http://ids.clld.org/parameters/12-40>		<http://ids.clld.org/values/12-40-198-1>		"pirzdau"@prg	
"laḳusita"@ayr	<http://ids.clld.org/values/2-520-269-3>		<http://ids.clld.org/parameters/2-520>		<http://ids.clld.org/values/2-520-198-1>		"māsā"@prg	
"xipʰilʸa"@ayr	<http://ids.clld.org/values/4-461-269-1>		<http://ids.clld.org/parameters/4-461>		<http://ids.clld.org/values/4-461-198-1>		"grābis"@prg	
"[mulinu]"@ayr	<http://ids.clld.org/values/5-570-269-1>		<http://ids.clld.org/parameters/5-570>		<http://ids.clld.org/values/5-570-198-1>		"malūnis"@prg	
"iyawaa-ɲa"@ayr	<http://ids.clld.org/values/19-460-269-1>		<http://ids.clld.org/parameters/19-460>		<http://ids.clld.org/values/19-460-198-1>		"klausītun"@prg	
"laḳa"@ayr	<http://ids.clld.org/values/14-210-269-1>		<http://ids.clld.org/parameters/14-210>		<http://ids.clld.org/values/14-210-198-1>		"entikrikai"@prg	
"tumi"@ayr	<http://ids.clld.org/values/5-380-269-1>		<http://ids.clld.org/parameters/5-380>		<http://ids.clld.org/values/5-380-198-1>		"peile"@prg	
"tˀixumuču-ɲa"@ayr	<http://ids.clld.org/values/10-510-269-1>		<http://ids.clld.org/parameters/10-510>		<http://ids.clld.org/values/10-510-198-1>		"begaite"@prg	
"ḳʰispiya-ɲa"@ayr	<http://ids.clld.org/values/11-250-269-1>		<http://ids.clld.org/parameters/11-250>		<http://ids.clld.org/values/11-250-198-1>		"isrankīt"@prg	
"tʰaya"@ayr	<http://ids.clld.org/values/15-860-269-1>		<http://ids.clld.org/parameters/15-860>		<http://ids.clld.org/values/15-860-198-1>		"salta"@prg	
"ḳʰipa awki"@ayr	<http://ids.clld.org/values/2-710-269-1>		<http://ids.clld.org/parameters/2-710>		<http://ids.clld.org/values/2-710-198-1>		"patāvelis"@prg	
"punku"@ayr	<http://ids.clld.org/values/7-220-269-1>		<http://ids.clld.org/parameters/7-220>		<http://ids.clld.org/values/7-220-198-1>		"vartā"@prg	
"[čiwa]"@ayr	<http://ids.clld.org/values/3-360-269-1>		<http://ids.clld.org/parameters/3-360>		<http://ids.clld.org/values/3-360-198-1>		"(v)āzē"@prg	
"uma-ɲa"@ayr	<http://ids.clld.org/values/5-130-269-1>		<http://ids.clld.org/parameters/5-130>		<http://ids.clld.org/values/5-130-198-1>		"pūtvei"@prg	
"kimsiiri"@ayr	<http://ids.clld.org/values/13-420-269-1>		<http://ids.clld.org/parameters/13-420>		<http://ids.clld.org/values/13-420-198-1>		"tírt[a]s"@prg	
"muna-ɲa"@ayr	<http://ids.clld.org/values/16-270-269-1>		<http://ids.clld.org/parameters/16-270>		<http://ids.clld.org/values/16-270-198-1>		"mīlēt"@prg	
"marka-čiri"@ayr	<http://ids.clld.org/values/19-210-269-1>		<http://ids.clld.org/parameters/19-210>		<http://ids.clld.org/values/19-210-198-1>		"amzin"@prg	
"aχsara-ɲa"@ayr	<http://ids.clld.org/values/16-530-269-1>		<http://ids.clld.org/parameters/16-530>		<http://ids.clld.org/values/16-530-198-1>		"bi[y]āsnan"@prg	
"panka"@ayr	<http://ids.clld.org/values/18-610-269-1>		<http://ids.clld.org/parameters/18-610>		<http://ids.clld.org/values/18-610-198-1>		"laiskas"@prg	
"[linu]"@ayr	<http://ids.clld.org/values/6-230-269-1>		<http://ids.clld.org/parameters/6-230>		<http://ids.clld.org/values/6-230-198-1>		"linā"@prg	
"liχwi"@ayr	<http://ids.clld.org/values/4-203-269-1>		<http://ids.clld.org/parameters/4-203>		<http://ids.clld.org/values/4-203-198-1>		"muzgenā"@prg	
"tanka"@ayr	<http://ids.clld.org/values/6-550-269-1>		<http://ids.clld.org/parameters/6-550>		<http://ids.clld.org/values/6-550-198-1>		"kelmis"@prg	
"kunasa"@ayr	<http://ids.clld.org/values/17-640-269-1>		<http://ids.clld.org/parameters/17-640>		<http://ids.clld.org/values/17-640-198-1>		"ka"@prg	
"pʰatanka"@ayr	<http://ids.clld.org/values/4-460-269-1>		<http://ids.clld.org/parameters/4-460>		<http://ids.clld.org/values/4-460-198-1>		"vēders"@prg	
"kˀiwča"@ayr	<http://ids.clld.org/values/4-450-269-1>		<http://ids.clld.org/parameters/4-450>		<http://ids.clld.org/values/4-450-198-1>		"yaknā"@prg	
"xiwa-ɲa"@ayr	<http://ids.clld.org/values/4-750-269-3>		<http://ids.clld.org/parameters/4-750>		<http://ids.clld.org/values/4-750-198-1>		"aul'aút"@prg	
"tukuya"@ayr	<http://ids.clld.org/values/12-350-269-1>		<http://ids.clld.org/parameters/12-350>		<http://ids.clld.org/values/12-350-198-1>		"vangan"@prg	
"yati-ɲa"@ayr	<http://ids.clld.org/values/17-170-269-1>		<http://ids.clld.org/parameters/17-170>		<http://ids.clld.org/values/17-170-198-1>		"vaist"@prg	
"xuta-ɲa"@ayr	<http://ids.clld.org/values/10-480-269-1>		<http://ids.clld.org/parameters/10-480>		<http://ids.clld.org/values/10-480-198-1>		"peréit"@prg	
"pˀiraɲa"@ayr	<http://ids.clld.org/values/8-350-269-1>		<http://ids.clld.org/parameters/8-350>		<http://ids.clld.org/values/8-350-198-1>		"kalenē"@prg	
"mara"@ayr	<http://ids.clld.org/values/14-730-269-1>		<http://ids.clld.org/parameters/14-730>		<http://ids.clld.org/values/14-730-198-1>		"metan"@prg	
"uywa"@ayr	<http://ids.clld.org/values/3-200-269-1>		<http://ids.clld.org/parameters/3-200>		<http://ids.clld.org/values/3-200-198-1>		"peku"@prg	
"[ača]"@ayr	<http://ids.clld.org/values/9-250-269-1>		<http://ids.clld.org/parameters/9-250>		<http://ids.clld.org/values/9-250-198-1>		"bīlē"@prg	
"tʰiχni"@ayr	<http://ids.clld.org/values/4-463-269-1>		<http://ids.clld.org/parameters/4-463>		<http://ids.clld.org/values/4-463-198-1>		"slaunis"@prg	
"silʸḳˀu"@ayr	<http://ids.clld.org/values/3-840-269-1>		<http://ids.clld.org/parameters/3-840>		<http://ids.clld.org/values/3-840-198-1>		"kirmis"@prg	
"ḳuri"@ayr	<http://ids.clld.org/values/9-640-269-1>		<http://ids.clld.org/parameters/9-640>		<http://ids.clld.org/values/9-640-198-1>		"ausis"@prg	
"manḳʰa"@ayr	<http://ids.clld.org/values/12-670-269-1>		<http://ids.clld.org/parameters/12-670>		<http://ids.clld.org/values/12-670-198-1>		"gilin"@prg	
"[waka]"@ayr	<http://ids.clld.org/values/3-230-269-1>		<http://ids.clld.org/parameters/3-230>		<http://ids.clld.org/values/3-230-198-1>		"klentē"@prg	
"ḳarḳa"@ayr	<http://ids.clld.org/values/1-440-269-3>		<http://ids.clld.org/parameters/1-440>		<http://ids.clld.org/values/1-440-198-1>		"stabis"@prg	
"ayča"@ayr	<http://ids.clld.org/values/5-610-269-1>		<http://ids.clld.org/parameters/5-610>		<http://ids.clld.org/values/5-610-198-1>		"mensā"@prg	
"ixma"@ayr	<http://ids.clld.org/values/2-760-269-1>		<http://ids.clld.org/parameters/2-760>		<http://ids.clld.org/values/2-760-198-1>		"vidavā ~ viduvā"@prg	
"xaḳukipa-ɲa"@ayr	<http://ids.clld.org/values/12-930-269-1>		<http://ids.clld.org/parameters/12-930>		<http://ids.clld.org/values/12-930-198-1>		"kitavidintun sin"@prg	
"saytˀa-ɲa"@ayr	<http://ids.clld.org/values/12-150-269-1>		<http://ids.clld.org/parameters/12-150>		<http://ids.clld.org/values/12-150-198-1>		"stalēt"@prg	
"ḳʰirwa"@ayr	<http://ids.clld.org/values/1-240-269-1>		<http://ids.clld.org/parameters/1-240>		<http://ids.clld.org/values/1-240-198-3>		"padaubis"@prg	
"ḳʰirwa"@ayr	<http://ids.clld.org/values/1-240-269-1>		<http://ids.clld.org/parameters/1-240>		<http://ids.clld.org/values/1-240-198-1>		"lindan"@prg	
"čuwa"@ayr	<http://ids.clld.org/values/5-310-269-1>		<http://ids.clld.org/parameters/5-310>		<http://ids.clld.org/values/5-310-198-1>		"minzavē"@prg	
"xiki-ɲa"@ayr	<http://ids.clld.org/values/11-160-269-1>		<http://ids.clld.org/parameters/11-160>		<http://ids.clld.org/values/11-160-198-1>		"pagaút"@prg	
"xanḳˀu"@ayr	<http://ids.clld.org/values/15-640-269-1>		<http://ids.clld.org/parameters/15-640>		<http://ids.clld.org/values/15-640-198-1>		"gailis"@prg	
"tʰusa-ɲa"@ayr	<http://ids.clld.org/values/4-560-269-1>		<http://ids.clld.org/parameters/4-560>		<http://ids.clld.org/values/4-560-198-1>		"vimbis"@prg	
"pili"@ayr	<http://ids.clld.org/values/3-570-269-1>		<http://ids.clld.org/parameters/3-570>		<http://ids.clld.org/values/3-570-198-1>		"antis"@prg	
"maxtˀa"@ayr	<http://ids.clld.org/values/2-250-269-1>		<http://ids.clld.org/parameters/2-250>		<http://ids.clld.org/values/2-250-198-1>		"malnīk[a]s"@prg	
"nasa"@ayr	<http://ids.clld.org/values/4-230-269-1>		<http://ids.clld.org/parameters/4-230>		<http://ids.clld.org/values/4-230-198-1>		"nāsī"@prg	
"ḳulʸaana"@ayr	<http://ids.clld.org/values/22-190-269-1>		<http://ids.clld.org/parameters/22-190>		<http://ids.clld.org/values/22-190-198-1>		"svints"@prg	
"tayka"@ayr	<http://ids.clld.org/values/2-360-269-1>		<http://ids.clld.org/parameters/2-360>		<http://ids.clld.org/values/2-360-198-1>		"mātē"@prg	
"[kasirula]"@ayr	<http://ids.clld.org/values/5-280-269-1>		<http://ids.clld.org/parameters/5-280>		<http://ids.clld.org/values/5-280-198-1>		"panevkā"@prg	
"ḳʰispi"@ayr	<http://ids.clld.org/values/9-740-269-1>		<http://ids.clld.org/parameters/9-740>		<http://ids.clld.org/values/9-740-198-1>		"stiklā"@prg	
"laχra"@ayr	<http://ids.clld.org/values/4-260-269-1>		<http://ids.clld.org/parameters/4-260>		<http://ids.clld.org/values/4-260-198-1>		"inzuvis"@prg	
"xununta-ɲa"@ayr	<http://ids.clld.org/values/10-330-269-1>		<http://ids.clld.org/parameters/10-330>		<http://ids.clld.org/values/10-330-198-1>		"auskéndlai"@prg	
"xačxa-ɲa"@ayr	<http://ids.clld.org/values/16-420-269-1>		<http://ids.clld.org/parameters/16-420>		<http://ids.clld.org/values/16-420-198-1>		"nerteis"@prg	
"pukulʸu"@ayr	<http://ids.clld.org/values/4-855-269-1>		<http://ids.clld.org/parameters/4-855>		<http://ids.clld.org/values/4-855-198-1>		"dumslē"@prg	
"ḳuḳa"@ayr	<http://ids.clld.org/values/1-420-269-1>		<http://ids.clld.org/parameters/1-420>		<http://ids.clld.org/values/1-420-198-1>		"gar'an"@prg	
"suti"@ayr	<http://ids.clld.org/values/18-280-269-1>		<http://ids.clld.org/parameters/18-280>		<http://ids.clld.org/values/18-280-198-1>		"imens"@prg	
"xayapača"@ayr	<http://ids.clld.org/values/14-332-269-1>		<http://ids.clld.org/parameters/14-332>		<http://ids.clld.org/values/14-332-198-1>		"ilgai"@prg	
"čatu"@ayr	<http://ids.clld.org/values/5-270-269-1>		<http://ids.clld.org/parameters/5-270>		<http://ids.clld.org/values/5-270-198-1>		"katils"@prg	
"silʸu"@ayr	<http://ids.clld.org/values/4-344-269-1>		<http://ids.clld.org/parameters/4-344>		<http://ids.clld.org/values/4-344-198-1>		"nagutis"@prg	
"manḳʰata"@ayr	<http://ids.clld.org/values/12-70-269-1>		<http://ids.clld.org/parameters/12-70>		<http://ids.clld.org/values/12-70-198-1>		"pā"@prg	
"tˀusu"@ayr	<http://ids.clld.org/values/4-352-269-1>		<http://ids.clld.org/parameters/4-352>		<http://ids.clld.org/values/4-352-198-1>		"ikrā"@prg	
"paka"@ayr	<http://ids.clld.org/values/3-584-269-1>		<http://ids.clld.org/parameters/3-584>		<http://ids.clld.org/values/3-584-198-1>		"arelis"@prg	
"tˀuχu"@ayr	<http://ids.clld.org/values/7-250-269-1>		<http://ids.clld.org/parameters/7-250>		<http://ids.clld.org/values/7-250-198-1>		"lankstā"@prg	
"maya"@ayr	<http://ids.clld.org/values/13-10-269-1>		<http://ids.clld.org/parameters/13-10>		<http://ids.clld.org/values/13-10-198-1>		"ains"@prg	
"uru"@ayr	<http://ids.clld.org/values/14-410-269-1>		<http://ids.clld.org/parameters/14-410>		<http://ids.clld.org/values/14-410-198-1>		"deinan"@prg	
"ḳulʸu"@ayr	<http://ids.clld.org/values/1-220-269-1>		<http://ids.clld.org/parameters/1-220>		<http://ids.clld.org/values/1-220-198-1>		"garbis"@prg	
"kulʸaka"@ayr	<http://ids.clld.org/values/2-450-269-1>		<http://ids.clld.org/parameters/2-450>		<http://ids.clld.org/values/2-450-198-1>		"svestrā"@prg	
"waranḳa"@ayr	<http://ids.clld.org/values/13-106-269-1>		<http://ids.clld.org/parameters/13-106>		<http://ids.clld.org/values/13-106-198-1>		"tūsimtans"@prg	
"[surtixa]"@ayr	<http://ids.clld.org/values/6-730-269-1>		<http://ids.clld.org/parameters/6-730>		<http://ids.clld.org/values/6-730-198-1>		"prēipīrstans"@prg	
"nayriiri"@ayr	<http://ids.clld.org/values/13-340-269-1>		<http://ids.clld.org/parameters/13-340>		<http://ids.clld.org/values/13-340-198-1>		"pirmas"@prg	
"imanta-ɲa"@ayr	<http://ids.clld.org/values/4-780-269-1>		<http://ids.clld.org/parameters/4-780>		<http://ids.clld.org/values/4-780-198-1>		"*enkapti"@prg	
"amaya"@ayr	<http://ids.clld.org/values/4-770-269-3>		<http://ids.clld.org/parameters/4-770>		<http://ids.clld.org/values/4-770-198-1>		"nāvis"@prg	
"milʸkˀi"@ayr	<http://ids.clld.org/values/5-860-269-1>		<http://ids.clld.org/parameters/5-860>		<http://ids.clld.org/values/5-860-198-1>		"dadan"@prg	
"ḳʰipiiri"@ayr	<http://ids.clld.org/values/13-350-269-1>		<http://ids.clld.org/parameters/13-350>		<http://ids.clld.org/values/13-350-198-1>		"pansdaumanin"@prg	
"lipˀiči"@ayr	<http://ids.clld.org/values/6-290-269-1>		<http://ids.clld.org/parameters/6-290>		<http://ids.clld.org/values/6-290-198-1>		"nōgnan"@prg	
"sankˀa"@ayr	<http://ids.clld.org/values/1-841-269-1>		<http://ids.clld.org/parameters/1-841>		<http://ids.clld.org/values/1-841-198-1>		"zarī"@prg	
"yatičiri"@ayr	<http://ids.clld.org/values/17-270-269-1>		<http://ids.clld.org/parameters/17-270>		<http://ids.clld.org/values/17-270-198-1>		"mākinivingans"@prg	
"xalʸupača"@ayr	<http://ids.clld.org/values/14-760-269-1>		<http://ids.clld.org/parameters/14-760>		<http://ids.clld.org/values/14-760-198-1>		"dagis"@prg	
"ali"@ayr	<http://ids.clld.org/values/1-420-269-3>		<http://ids.clld.org/parameters/1-420>		<http://ids.clld.org/values/1-420-198-1>		"gar'an"@prg	
"awki-naka"@ayr	<http://ids.clld.org/values/2-370-269-1>		<http://ids.clld.org/parameters/2-370>		<http://ids.clld.org/values/2-370-198-1>		"vāraisins"@prg	
"imilʸa"@ayr	<http://ids.clld.org/values/2-260-269-1>		<http://ids.clld.org/parameters/2-260>		<http://ids.clld.org/values/2-260-198-1>		"mergā"@prg	
"[pantaluna]"@ayr	<http://ids.clld.org/values/6-480-269-1>		<http://ids.clld.org/parameters/6-480>		<http://ids.clld.org/values/6-480-198-1>		"laknā"@prg	
"kayu wintu"@ayr	<http://ids.clld.org/values/4-372-269-1>		<http://ids.clld.org/parameters/4-372>		<http://ids.clld.org/values/4-372-198-1>		"pentis"@prg	
"manḳˀa"@ayr	<http://ids.clld.org/values/5-120-269-1>		<http://ids.clld.org/parameters/5-120>		<http://ids.clld.org/values/5-120-198-1>		"ēdā"@prg	
"xumamaka"@ayr	<http://ids.clld.org/values/2-950-269-1>		<http://ids.clld.org/parameters/2-950>		<http://ids.clld.org/values/2-950-198-1>		"yūs"@prg	
"nayra"@ayr	<http://ids.clld.org/values/4-210-269-1>		<http://ids.clld.org/parameters/4-210>		<http://ids.clld.org/values/4-210-198-1>		"akis"@prg	
"samači"@ayr	<http://ids.clld.org/values/9-880-269-1>		<http://ids.clld.org/parameters/9-880>		<http://ids.clld.org/values/9-880-198-1>		"vāpis"@prg	
"ḳʰuru"@ayr	<http://ids.clld.org/values/16-720-269-1>		<http://ids.clld.org/parameters/16-720>		<http://ids.clld.org/values/16-720-198-1>		"vargs"@prg	
"ḳʰana"@ayr	<http://ids.clld.org/values/1-610-269-1>		<http://ids.clld.org/parameters/1-610>		<http://ids.clld.org/values/1-610-198-3>		"sváikstan"@prg	
"ḳʰana"@ayr	<http://ids.clld.org/values/1-610-269-1>		<http://ids.clld.org/parameters/1-610>		<http://ids.clld.org/values/1-610-198-1>		"zváikstan"@prg	
"salʸḳxa-ɲa"@ayr	<http://ids.clld.org/values/17-441-269-1>		<http://ids.clld.org/parameters/17-441>		<http://ids.clld.org/values/17-441-198-1>		"pravilā"@prg	
"itapalʸu"@ayr	<http://ids.clld.org/values/8-970-269-1>		<http://ids.clld.org/parameters/8-970>		<http://ids.clld.org/values/8-970-198-1>		"nātis"@prg	
"xuma"@ayr	<http://ids.clld.org/values/2-920-269-1>		<http://ids.clld.org/parameters/2-920>		<http://ids.clld.org/values/2-920-198-1>		"tū"@prg	
"lawa"@ayr	<http://ids.clld.org/values/7-540-269-1>		<http://ids.clld.org/parameters/7-540>		<http://ids.clld.org/values/7-540-198-1>		"sparis"@prg	
"xayu"@ayr	<http://ids.clld.org/values/5-810-269-1>		<http://ids.clld.org/parameters/5-810>		<http://ids.clld.org/values/5-810-198-1>		"sali (?)"@prg	
"axayu"@ayr	<http://ids.clld.org/values/16-110-269-1>		<http://ids.clld.org/parameters/16-110>		<http://ids.clld.org/values/16-110-198-1>		"nāseilis"@prg	
"ḳamiri"@ayr	<http://ids.clld.org/values/11-510-269-1>		<http://ids.clld.org/parameters/11-510>		<http://ids.clld.org/values/11-510-198-1>		"láims"@prg	
"čura-ɲa"@ayr	<http://ids.clld.org/values/11-210-269-1>		<http://ids.clld.org/parameters/11-210>		<http://ids.clld.org/values/11-210-198-1>		"dāt[vei]"@prg	
"tˀulʸu"@ayr	<http://ids.clld.org/values/4-290-269-1>		<http://ids.clld.org/parameters/4-290>		<http://ids.clld.org/values/4-290-198-1>		"gurklē"@prg	
"tʰaapača"@ayr	<http://ids.clld.org/values/14-740-269-1>		<http://ids.clld.org/parameters/14-740>		<http://ids.clld.org/values/14-740-198-1>		"zēmā"@prg	
"ḳulʸḳi"@ayr	<http://ids.clld.org/values/11-430-269-1>		<http://ids.clld.org/parameters/11-430>		<http://ids.clld.org/values/11-430-198-1>		"peningans"@prg	
"tinku-ɲa"@ayr	<http://ids.clld.org/values/10-230-269-1>		<http://ids.clld.org/parameters/10-230>		<http://ids.clld.org/values/10-230-198-1>		"krūt"@prg	
"wawa"@ayr	<http://ids.clld.org/values/2-280-269-1>		<http://ids.clld.org/parameters/2-280>		<http://ids.clld.org/values/2-280-198-1>		"malnīkik[a]s"@prg	
"ḳurpa"@ayr	<http://ids.clld.org/values/19-170-269-1>		<http://ids.clld.org/parameters/19-170>		<http://ids.clld.org/values/19-170-198-1>		"azī"@prg	
"nina"@ayr	<http://ids.clld.org/values/1-810-269-1>		<http://ids.clld.org/parameters/1-810>		<http://ids.clld.org/values/1-810-198-1>		"panā"@prg	
"ḳʰiri"@ayr	<http://ids.clld.org/values/7-310-269-1>		<http://ids.clld.org/parameters/7-310>		<http://ids.clld.org/values/7-310-198-1>		"pelanā"@prg	
"yuḳa"@ayr	<http://ids.clld.org/values/2-410-269-1>		<http://ids.clld.org/parameters/2-410>		<http://ids.clld.org/values/2-410-198-1>		"sūnun"@prg	
"čʰuxčʰu"@ayr	<http://ids.clld.org/values/4-841-269-1>		<http://ids.clld.org/parameters/4-841>		<http://ids.clld.org/values/4-841-198-1>		"enāiss"@prg	
"xalʸu"@ayr	<http://ids.clld.org/values/1-750-269-1>		<http://ids.clld.org/parameters/1-750>		<http://ids.clld.org/values/1-750-198-1>		"aglā"@prg	
"čˀiwa"@ayr	<http://ids.clld.org/values/5-660-269-1>		<http://ids.clld.org/parameters/5-660>		<http://ids.clld.org/values/5-660-198-1>		"babā"@prg	
"ayča"@ayr	<http://ids.clld.org/values/4-130-269-1>		<http://ids.clld.org/parameters/4-130>		<http://ids.clld.org/values/4-130-198-1>		"mensā"@prg	
"pˀulʸḳu"@ayr	<http://ids.clld.org/values/6-510-269-1>		<http://ids.clld.org/parameters/6-510>		<http://ids.clld.org/values/6-510-198-1>		"kurpē"@prg	
"tata"@ayr	<http://ids.clld.org/values/2-350-269-3>		<http://ids.clld.org/parameters/2-350>		<http://ids.clld.org/values/2-350-198-1>		"tāvas"@prg	
"čˀuspi"@ayr	<http://ids.clld.org/values/3-831-269-1>		<http://ids.clld.org/parameters/3-831>		<http://ids.clld.org/values/3-831-198-1>		"kusis"@prg	
"čʰuxilʸa"@ayr	<http://ids.clld.org/values/7-130-269-1>		<http://ids.clld.org/parameters/7-130>		<http://ids.clld.org/values/7-130-198-1>		"stubā"@prg	
"sara-ɲa"@ayr	<http://ids.clld.org/values/10-450-269-1>		<http://ids.clld.org/parameters/10-450>		<http://ids.clld.org/values/10-450-198-1>		"neikaut"@prg	
"kʰuči"@ayr	<http://ids.clld.org/values/3-350-269-1>		<http://ids.clld.org/parameters/3-350>		<http://ids.clld.org/values/3-350-198-1>		"parst'an"@prg	
"kˀuču"@ayr	<http://ids.clld.org/values/12-760-269-1>		<http://ids.clld.org/parameters/12-760>		<http://ids.clld.org/values/12-760-198-1>		"lunkis"@prg	
"lipˀiči"@ayr	<http://ids.clld.org/values/4-120-269-1>		<http://ids.clld.org/parameters/4-120>		<http://ids.clld.org/values/4-120-198-1>		"k'autā"@prg	
"lipˀiči"@ayr	<http://ids.clld.org/values/4-120-269-1>		<http://ids.clld.org/parameters/4-120>		<http://ids.clld.org/values/4-120-198-3>		"skārdā"@prg	
"ati"@ayr	<http://ids.clld.org/values/4-190-269-1>		<http://ids.clld.org/parameters/4-190>		<http://ids.clld.org/values/4-190-198-1>		"rītīznan"@prg	
"nayra pʰičʰu"@ayr	<http://ids.clld.org/values/4-212-269-1>		<http://ids.clld.org/parameters/4-212>		<http://ids.clld.org/values/4-212-198-1>		"bruvī"@prg	
"yuru"@ayr	<http://ids.clld.org/values/5-340-269-1>		<http://ids.clld.org/parameters/5-340>		<http://ids.clld.org/values/5-340-198-1>		"kragis"@prg	
"nanḳʰa-ɲa"@ayr	<http://ids.clld.org/values/22-240-269-1>		<http://ids.clld.org/parameters/22-240>		<http://ids.clld.org/values/22-240-198-1>		"perklantīt"@prg	
"ḳʰuči"@ayr	<http://ids.clld.org/values/1-380-269-3>		<http://ids.clld.org/parameters/1-380>		<http://ids.clld.org/values/1-380-198-1>		"pelkī"@prg	
"xiisa"@ayr	<http://ids.clld.org/values/17-550-269-1>		<http://ids.clld.org/parameters/17-550>		<http://ids.clld.org/values/17-550-198-1>		"[ya]"@prg	
"pankataya"@ayr	<http://ids.clld.org/values/3-823-269-1>		<http://ids.clld.org/parameters/3-823>		<http://ids.clld.org/values/3-823-198-1>		"vapsē"@prg	
"xawira"@ayr	<http://ids.clld.org/values/1-360-269-1>		<http://ids.clld.org/parameters/1-360>		<http://ids.clld.org/values/1-360-198-1>		"apē"@prg	
"alax-pača"@ayr	<http://ids.clld.org/values/1-510-269-1>		<http://ids.clld.org/parameters/1-510>		<http://ids.clld.org/values/1-510-198-1>		"dangus"@prg	
"wiska"@ayr	<http://ids.clld.org/values/9-190-269-1>		<http://ids.clld.org/parameters/9-190>		<http://ids.clld.org/values/9-190-198-1>		"virbē"@prg	
"tuku"@ayr	<http://ids.clld.org/values/14-260-269-1>		<http://ids.clld.org/parameters/14-260>		<http://ids.clld.org/values/14-260-198-1>		"vangan"@prg	
"miskˀi"@ayr	<http://ids.clld.org/values/5-840-269-1>		<http://ids.clld.org/parameters/5-840>		<http://ids.clld.org/values/5-840-198-1>		"medu"@prg	
"urpila"@ayr	<http://ids.clld.org/values/3-594-269-1>		<http://ids.clld.org/parameters/3-594>		<http://ids.clld.org/values/3-594-198-1>		"pālis"@prg	
"ḳʰipaḳta-ɲa"@ayr	<http://ids.clld.org/values/12-160-269-1>		<http://ids.clld.org/parameters/12-160>		<http://ids.clld.org/values/12-160-198-1>		"paláikt"@prg	
"ikiɲa"@ayr	<http://ids.clld.org/values/7-420-269-1>		<http://ids.clld.org/parameters/7-420>		<http://ids.clld.org/values/7-420-198-1>		"lastā"@prg	
"unχta-ɲa"@ayr	<http://ids.clld.org/values/10-110-269-1>		<http://ids.clld.org/parameters/10-110>		<http://ids.clld.org/values/10-110-198-1>		"pabanginuns"@prg	
"wankˀu"@ayr	<http://ids.clld.org/values/3-614-269-1>		<http://ids.clld.org/parameters/3-614>		<http://ids.clld.org/values/3-614-198-1>		"sasnis"@prg	
"kʰitisa"@ayr	<http://ids.clld.org/values/17-680-269-1>		<http://ids.clld.org/parameters/17-680>		<http://ids.clld.org/values/17-680-198-1>		"kas"@prg	
"axanu"@ayr	<http://ids.clld.org/values/4-204-269-1>		<http://ids.clld.org/parameters/4-204>		<http://ids.clld.org/values/4-204-198-1>		"prusnas"@prg	
"uraḳi"@ayr	<http://ids.clld.org/values/7-260-269-1>		<http://ids.clld.org/parameters/7-260>		<http://ids.clld.org/values/7-260-198-1>		"talus"@prg	
"lamana"@ayr	<http://ids.clld.org/values/7-480-269-1>		<http://ids.clld.org/parameters/7-480>		<http://ids.clld.org/values/7-480-198-1>		"galdā"@prg	
"xatʰa"@ayr	<http://ids.clld.org/values/8-311-269-1>		<http://ids.clld.org/parameters/8-311>		<http://ids.clld.org/values/8-311-198-1>		"sēmen"@prg	
"tayka lukˀana"@ayr	<http://ids.clld.org/values/4-342-269-1>		<http://ids.clld.org/parameters/4-342>		<http://ids.clld.org/values/4-342-198-1>		"instiks"@prg	
"para"@ayr	<http://ids.clld.org/values/4-205-269-1>		<http://ids.clld.org/parameters/4-205>		<http://ids.clld.org/values/4-205-198-1>		"kaktā"@prg	
"amuya-ɲa"@ayr	<http://ids.clld.org/values/17-160-269-1>		<http://ids.clld.org/parameters/17-160>		<http://ids.clld.org/values/17-160-198-1>		"isprastun"@prg	
"ḳunu-ɲa"@ayr	<http://ids.clld.org/values/12-130-269-3>		<http://ids.clld.org/parameters/12-130>		<http://ids.clld.org/values/12-130-198-1>		"sindan[t]s"@prg	
"paya"@ayr	<http://ids.clld.org/values/13-20-269-1>		<http://ids.clld.org/parameters/13-20>		<http://ids.clld.org/values/13-20-198-1>		"dvai"@prg	
"sapa"@ayr	<http://ids.clld.org/values/13-140-269-1>		<http://ids.clld.org/parameters/13-140>		<http://ids.clld.org/values/13-140-198-1>		"erains"@prg	
"apa-ni-ɲa"@ayr	<http://ids.clld.org/values/10-620-269-1>		<http://ids.clld.org/parameters/10-620>		<http://ids.clld.org/values/10-620-198-1>		"pīst"@prg	
"siwiḳˀara"@ayr	<http://ids.clld.org/values/3-586-269-1>		<http://ids.clld.org/parameters/3-586>		<http://ids.clld.org/values/3-586-198-1>		"aukis"@prg	
"kururu"@ayr	<http://ids.clld.org/values/4-430-269-1>		<http://ids.clld.org/parameters/4-430>		<http://ids.clld.org/values/4-430-198-1>		"nabis"@prg	
"marka"@ayr	<http://ids.clld.org/values/19-110-269-1>		<http://ids.clld.org/parameters/19-110>		<http://ids.clld.org/values/19-110-198-1>		"zemē"@prg	
"xinču"@ayr	<http://ids.clld.org/values/4-220-269-1>		<http://ids.clld.org/parameters/4-220>		<http://ids.clld.org/values/4-220-198-1>		"ausins"@prg	
"susu-ɲa"@ayr	<http://ids.clld.org/values/5-470-269-1>		<http://ids.clld.org/parameters/5-470>		<http://ids.clld.org/values/5-470-198-1>		"saitan"@prg	
"xaysa-ɲa"@ayr	<http://ids.clld.org/values/18-320-269-1>		<http://ids.clld.org/parameters/18-320>		<http://ids.clld.org/values/18-320-198-1>		"attrātvei"@prg	
"sapʰi"@ayr	<http://ids.clld.org/values/8-540-269-1>		<http://ids.clld.org/parameters/8-540>		<http://ids.clld.org/values/8-540-198-1>		"saknis"@prg	
"[kawalʸu]"@ayr	<http://ids.clld.org/values/3-410-269-1>		<http://ids.clld.org/parameters/3-410>		<http://ids.clld.org/values/3-410-198-3>		"paustākaikan"@prg	
"[kawalʸu]"@ayr	<http://ids.clld.org/values/3-410-269-1>		<http://ids.clld.org/parameters/3-410>		<http://ids.clld.org/values/3-410-198-1>		"aidenīkis"@prg	
"araχa"@ayr	<http://ids.clld.org/values/12-80-269-3>		<http://ids.clld.org/parameters/12-80>		<http://ids.clld.org/values/12-80-198-3>		"kérša[n]"@prg	
"araχa"@ayr	<http://ids.clld.org/values/12-80-269-3>		<http://ids.clld.org/parameters/12-80>		<http://ids.clld.org/values/12-80-198-1>		"kirša[n]"@prg	
"marka"@ayr	<http://ids.clld.org/values/19-150-269-1>		<http://ids.clld.org/parameters/19-150>		<http://ids.clld.org/values/19-150-198-1>		"mēstan"@prg	
"[suwrinu]"@ayr	<http://ids.clld.org/values/2-530-269-1>		<http://ids.clld.org/parameters/2-530>		<http://ids.clld.org/values/2-530-198-1>		"sūnavis"@prg	
"mantikil��a]"@ayr	<http://ids.clld.org/values/5-890-269-3>		<http://ids.clld.org/parameters/5-890>		<http://ids.clld.org/values/5-890-198-1>		"anktan"@prg	
"ḳuta"@ayr	<http://ids.clld.org/values/1-330-269-1>		<http://ids.clld.org/parameters/1-330>		<http://ids.clld.org/values/1-330-198-1>		"azaran"@prg	
"lakiɲa"@ayr	<http://ids.clld.org/values/11-910-269-1>		<http://ids.clld.org/parameters/11-910>		<http://ids.clld.org/values/11-910-198-1>		"dalīs"@prg	
"ḳʰipa tayka"@ayr	<http://ids.clld.org/values/2-720-269-1>		<http://ids.clld.org/parameters/2-720>		<http://ids.clld.org/values/2-720-198-1>		"pāmātrē ~ pamātrē"@prg	
"arsu-ɲa"@ayr	<http://ids.clld.org/values/18-210-269-3>		<http://ids.clld.org/parameters/18-210>		<http://ids.clld.org/values/18-210-198-1>		"gérbt"@prg	
"aru-ɲa"@ayr	<http://ids.clld.org/values/18-210-269-1>		<http://ids.clld.org/parameters/18-210>		<http://ids.clld.org/values/18-210-198-1>		"gérbt"@prg	
"ḳuḳa"@ayr	<http://ids.clld.org/values/8-600-269-1>		<http://ids.clld.org/parameters/8-600>		<http://ids.clld.org/values/8-600-198-1>		"gar'an"@prg	
"uma"@ayr	<http://ids.clld.org/values/1-310-269-1>		<http://ids.clld.org/parameters/1-310>		<http://ids.clld.org/values/1-310-198-1>		"(v)undas"@prg	
"yuḳalʸa wawa"@ayr	<http://ids.clld.org/values/2-410-269-3>		<http://ids.clld.org/parameters/2-410>		<http://ids.clld.org/values/2-410-198-1>		"sūnun"@prg	
"tʰaḳa-ɲa"@ayr	<http://ids.clld.org/values/11-310-269-1>		<http://ids.clld.org/parameters/11-310>		<http://ids.clld.org/values/11-310-198-1>		"laukīt"@prg	
"waru"@ayr	<http://ids.clld.org/values/12-570-269-1>		<http://ids.clld.org/parameters/12-570>		<http://ids.clld.org/values/12-570-198-1>		"ilga"@prg	
"uwasa"@ayr	<http://ids.clld.org/values/5-760-269-1>		<http://ids.clld.org/parameters/5-760>		<http://ids.clld.org/values/5-760-198-1>		"vīnavōgus"@prg	
"waɲa"@ayr	<http://ids.clld.org/values/15-840-269-1>		<http://ids.clld.org/parameters/15-840>		<http://ids.clld.org/values/15-840-198-1>		"sausan"@prg	
"wakˀa"@ayr	<http://ids.clld.org/values/22-120-269-3>		<http://ids.clld.org/parameters/22-120>		<http://ids.clld.org/values/22-120-198-1>		"deivas"@prg	
"xistˀxa-ɲa"@ayr	<http://ids.clld.org/values/12-240-269-1>		<http://ids.clld.org/parameters/12-240>		<http://ids.clld.org/values/12-240-198-1>		"atvér'a"@prg	
"ḳuntˀa-ɲa"@ayr	<http://ids.clld.org/values/12-130-269-1>		<http://ids.clld.org/parameters/12-130>		<http://ids.clld.org/values/12-130-198-1>		"sindan[t]s"@prg	
"apxa-ɲa"@ayr	<http://ids.clld.org/values/12-230-269-1>		<http://ids.clld.org/parameters/12-230>		<http://ids.clld.org/values/12-230-198-1>		"sklaitint"@prg	
"čikata"@ayr	<http://ids.clld.org/values/13-240-269-1>		<http://ids.clld.org/parameters/13-240>		<http://ids.clld.org/values/13-240-198-1>		"pausan"@prg	
"uskuɲa"@ayr	<http://ids.clld.org/values/12-120-269-1>		<http://ids.clld.org/parameters/12-120>		<http://ids.clld.org/values/12-120-198-1>		"lazinā"@prg	
"pˀinḳa"@ayr	<http://ids.clld.org/values/16-450-269-1>		<http://ids.clld.org/parameters/16-450>		<http://ids.clld.org/values/16-450-198-1>		"gēdan"@prg	
"[tinasa]"@ayr	<http://ids.clld.org/values/5-391-269-1>		<http://ids.clld.org/parameters/5-391>		<http://ids.clld.org/values/5-391-198-1>		"raplēs"@prg	
"ɲuɲu"@ayr	<http://ids.clld.org/values/4-400-269-1>		<http://ids.clld.org/parameters/4-400>		<http://ids.clld.org/values/4-400-198-1>		"kraklan"@prg	
"kumasa"@ayr	<http://ids.clld.org/values/17-610-269-1>		<http://ids.clld.org/parameters/17-610>		<http://ids.clld.org/values/17-610-198-1>		"kai"@prg	
"lʸuḳu"@ayr	<http://ids.clld.org/values/4-440-269-1>		<http://ids.clld.org/parameters/4-440>		<http://ids.clld.org/values/4-440-198-1>		"sēr"@prg	
"čˀusa"@ayr	<http://ids.clld.org/values/13-0-269-1>		<http://ids.clld.org/parameters/13-0>		<http://ids.clld.org/values/13-0-198-1>		"niainunt[a]s"@prg	
"wila"@ayr	<http://ids.clld.org/values/4-150-269-1>		<http://ids.clld.org/parameters/4-150>		<http://ids.clld.org/values/4-150-198-1>		"kraujā"@prg	
"pʰaya-ɲa-lawa"@ayr	<http://ids.clld.org/values/1-880-269-1>		<http://ids.clld.org/parameters/1-880>		<http://ids.clld.org/values/1-880-198-1>		"malkā"@prg	
"larḳa"@ayr	<http://ids.clld.org/values/8-170-269-1>		<http://ids.clld.org/parameters/8-170>		<http://ids.clld.org/values/8-170-198-1>		"ravis"@prg	
"[winu]"@ayr	<http://ids.clld.org/values/5-920-269-1>		<http://ids.clld.org/parameters/5-920>		<http://ids.clld.org/values/5-920-198-1>		"vīnis"@prg	
"čupika"@ayr	<http://ids.clld.org/values/15-660-269-1>		<http://ids.clld.org/parameters/15-660>		<http://ids.clld.org/values/15-660-198-1>		"varminan"@prg	
"xakˀu"@ayr	<http://ids.clld.org/values/5-550-269-1>		<http://ids.clld.org/parameters/5-550>		<http://ids.clld.org/values/5-550-198-1>		"meltan"@prg	
"čʰulʸunkʰiya"@ayr	<http://ids.clld.org/values/1-770-269-1>		<http://ids.clld.org/parameters/1-770>		<http://ids.clld.org/values/1-770-198-1>		"ladis"@prg	
"čˀamani"@ayr	<http://ids.clld.org/values/4-810-269-1>		<http://ids.clld.org/parameters/4-810>		<http://ids.clld.org/values/4-810-198-1>		"sparts"@prg	
"mama"@ayr	<http://ids.clld.org/values/2-360-269-3>		<http://ids.clld.org/parameters/2-360>		<http://ids.clld.org/values/2-360-198-1>		"mātē"@prg	
"xičʰuuru"@ayr	<http://ids.clld.org/values/14-470-269-1>		<http://ids.clld.org/parameters/14-470>		<http://ids.clld.org/values/14-470-198-1>		"š'an deinan"@prg	
"alaχpača"@ayr	<http://ids.clld.org/values/22-310-269-1>		<http://ids.clld.org/parameters/22-310>		<http://ids.clld.org/values/22-310-198-1>		"dangus"@prg	
"ampara"@ayr	<http://ids.clld.org/values/4-310-269-1>		<http://ids.clld.org/parameters/4-310>		<http://ids.clld.org/values/4-310-198-1>		"irmā"@prg	
"taripa-ɲa"@ayr	<http://ids.clld.org/values/21-160-269-1>		<http://ids.clld.org/parameters/21-160>		<http://ids.clld.org/values/21-160-198-1>		"līgint"@prg	
"awkčˀi"@ayr	<http://ids.clld.org/values/2-610-269-1>		<http://ids.clld.org/parameters/2-610>		<http://ids.clld.org/values/2-610-198-1>		"tist'as"@prg	
"čˀuχ-ɲa"@ayr	<http://ids.clld.org/values/15-680-269-1>		<http://ids.clld.org/parameters/15-680>		<http://ids.clld.org/values/15-680-198-1>		"zal'an"@prg	
"sartχa-ɲa"@ayr	<http://ids.clld.org/values/4-630-269-1>		<http://ids.clld.org/parameters/4-630>		<http://ids.clld.org/values/4-630-198-1>		"*atbaudint"@prg	
"xiwaya-ɲa"@ayr	<http://ids.clld.org/values/4-760-269-1>		<http://ids.clld.org/parameters/4-760>		<http://ids.clld.org/values/4-760-198-1>		"galintvei"@prg	
"ḳilʸḳa-ɲa"@ayr	<http://ids.clld.org/values/18-510-269-1>		<http://ids.clld.org/parameters/18-510>		<http://ids.clld.org/values/18-510-198-1>		"peisātan"@prg	
"xawsa-ɲa"@ayr	<http://ids.clld.org/values/18-410-269-1>		<http://ids.clld.org/parameters/18-410>		<http://ids.clld.org/values/18-410-198-1>		"vakētvei"@prg	
"yuri-ɲa"@ayr	<http://ids.clld.org/values/4-720-269-1>		<http://ids.clld.org/parameters/4-720>		<http://ids.clld.org/values/4-720-198-1>		"gemtun"@prg	
"xaylʸi-ɲa"@ayr	<http://ids.clld.org/values/18-120-269-1>		<http://ids.clld.org/parameters/18-120>		<http://ids.clld.org/values/18-120-198-1>		"grīmuns"@prg	
"mučʰa-ɲa"@ayr	<http://ids.clld.org/values/8-340-269-1>		<http://ids.clld.org/parameters/8-340>		<http://ids.clld.org/values/8-340-198-1>		"talka"@prg	
"ḳamaḳi"@ayr	<http://ids.clld.org/values/3-740-269-1>		<http://ids.clld.org/parameters/3-740>		<http://ids.clld.org/values/3-740-198-1>		"lapē"@prg	
"suma"@ayr	<http://ids.clld.org/values/16-710-269-1>		<http://ids.clld.org/parameters/16-710>		<http://ids.clld.org/values/16-710-198-1>		"labs"@prg	
"uɲxiri"@ayr	<http://ids.clld.org/values/21-230-269-1>		<http://ids.clld.org/parameters/21-230>		<http://ids.clld.org/values/21-230-198-1>		"vīdikausnan"@prg	
"taḳi"@ayr	<http://ids.clld.org/values/13-140-269-3>		<http://ids.clld.org/parameters/13-140>		<http://ids.clld.org/values/13-140-198-1>		"erains"@prg	
"pirḳa"@ayr	<http://ids.clld.org/values/7-270-269-1>		<http://ids.clld.org/parameters/7-270>		<http://ids.clld.org/values/7-270-198-1>		"zeidis"@prg	
"wislʸa"@ayr	<http://ids.clld.org/values/5-370-269-1>		<http://ids.clld.org/parameters/5-370>		<http://ids.clld.org/values/5-370-198-1>		"lapinis"@prg	
"ampara"@ayr	<http://ids.clld.org/values/4-330-269-1>		<http://ids.clld.org/parameters/4-330>		<http://ids.clld.org/values/4-330-198-1>		"rankā"@prg	
"xaḳi-časiwi"@ayr	<http://ids.clld.org/values/2-340-269-1>		<http://ids.clld.org/parameters/2-340>		<http://ids.clld.org/values/2-340-198-1>		"salūbsna"@prg	
"[kisu]"@ayr	<http://ids.clld.org/values/5-880-269-1>		<http://ids.clld.org/parameters/5-880>		<http://ids.clld.org/values/5-880-198-1>		"sūris"@prg	
"uta"@ayr	<http://ids.clld.org/values/7-120-269-1>		<http://ids.clld.org/parameters/7-120>		<http://ids.clld.org/values/7-120-198-1>		"butas"@prg	
"tumi"@ayr	<http://ids.clld.org/values/9-230-269-1>		<http://ids.clld.org/parameters/9-230>		<http://ids.clld.org/values/9-230-198-1>		"peile"@prg	
"ɲikˀuta"@ayr	<http://ids.clld.org/values/4-140-269-1>		<http://ids.clld.org/parameters/4-140>		<http://ids.clld.org/values/4-140-198-1>		"skebelis"@prg	
"uɲta-ɲa"@ayr	<http://ids.clld.org/values/15-520-269-1>		<http://ids.clld.org/parameters/15-520>		<http://ids.clld.org/values/15-520-198-1>		"endīrīt[vei]"@prg	
"maḳa-ɲa"@ayr	<http://ids.clld.org/values/10-473-269-1>		<http://ids.clld.org/parameters/10-473>		<http://ids.clld.org/values/10-473-198-1>		"zemailēzuns"@prg	
"ḳulʸḳi"@ayr	<http://ids.clld.org/values/9-650-269-1>		<http://ids.clld.org/parameters/9-650>		<http://ids.clld.org/values/9-650-198-1>		"sirablis"@prg	
"arumirxa"@ayr	<http://ids.clld.org/values/14-160-269-1>		<http://ids.clld.org/parameters/14-160>		<http://ids.clld.org/values/14-160-198-1>		"ankstainai"@prg	
"taruka"@ayr	<http://ids.clld.org/values/3-750-269-1>		<http://ids.clld.org/parameters/3-750>		<http://ids.clld.org/values/3-750-198-1>		"braidis"@prg	
"pirki"@ayr	<http://ids.clld.org/values/7-480-269-3>		<http://ids.clld.org/parameters/7-480>		<http://ids.clld.org/values/7-480-198-1>		"galdā"@prg	
"lʸinkˀi"@ayr	<http://ids.clld.org/values/9-730-269-3>		<http://ids.clld.org/parameters/9-730>		<http://ids.clld.org/values/9-730-198-1>		"laidis"@prg	
"usučata"@ayr	<http://ids.clld.org/values/4-850-269-1>		<http://ids.clld.org/parameters/4-850>		<http://ids.clld.org/values/4-850-198-1>		"eizvā"@prg	
"xukˀampi"@ayr	<http://ids.clld.org/values/13-160-269-1>		<http://ids.clld.org/parameters/13-160>		<http://ids.clld.org/values/13-160-198-1>		"tūl[i]s (?)"@prg	
"iki-ɲa"@ayr	<http://ids.clld.org/values/4-610-269-1>		<http://ids.clld.org/parameters/4-610>		<http://ids.clld.org/values/4-610-198-1>		"meikti"@prg	
"-mpi"@ayr	<http://ids.clld.org/values/17-510-269-1>		<http://ids.clld.org/parameters/17-510>		<http://ids.clld.org/values/17-510-198-1>		"ir"@prg	
"-mpi"@ayr	<http://ids.clld.org/values/17-510-269-1>		<http://ids.clld.org/parameters/17-510>		<http://ids.clld.org/values/17-510-198-3>		"be"@prg	
"manḳʰa"@ayr	<http://ids.clld.org/values/12-50-269-1>		<http://ids.clld.org/parameters/12-50>		<http://ids.clld.org/values/12-50-198-1>		"en"@prg	
"-ča"@ayr	<http://ids.clld.org/values/17-540-269-1>		<http://ids.clld.org/parameters/17-540>		<http://ids.clld.org/values/17-540-198-1>		"[ader]"@prg	
"pʰisi"@ayr	<http://ids.clld.org/values/3-620-269-1>		<http://ids.clld.org/parameters/3-620>		<http://ids.clld.org/values/3-620-198-1>		"paustā katā"@prg	
"lura-ɲa"@ayr	<http://ids.clld.org/values/9-110-269-1>		<http://ids.clld.org/parameters/9-110>		<http://ids.clld.org/values/9-110-198-1>		"segēt"@prg	
"anča"@ayr	<http://ids.clld.org/values/13-150-269-1>		<http://ids.clld.org/parameters/13-150>		<http://ids.clld.org/values/13-150-198-1>		"tūlan"@prg	
"walʸpa"@ayr	<http://ids.clld.org/values/3-540-269-1>		<http://ids.clld.org/parameters/3-540>		<http://ids.clld.org/values/3-540-198-1>		"gertā"@prg	
"mačaḳa"@ayr	<http://ids.clld.org/values/14-130-269-1>		<http://ids.clld.org/parameters/14-130>		<http://ids.clld.org/values/14-130-198-1>		"nauns"@prg	
"uɲxa-ɲa"@ayr	<http://ids.clld.org/values/15-510-269-1>		<http://ids.clld.org/parameters/15-510>		<http://ids.clld.org/values/15-510-198-1>		"vidā ~ vidē"@prg	
"xupa"@ayr	<http://ids.clld.org/values/2-930-269-1>		<http://ids.clld.org/parameters/2-930>		<http://ids.clld.org/values/2-930-198-3>		"tanā"@prg	
"xupa"@ayr	<http://ids.clld.org/values/2-930-269-1>		<http://ids.clld.org/parameters/2-930>		<http://ids.clld.org/values/2-930-198-1>		"tan[a]s"@prg	
"xiwata"@ayr	<http://ids.clld.org/values/4-770-269-1>		<http://ids.clld.org/parameters/4-770>		<http://ids.clld.org/values/4-770-198-1>		"nāvis"@prg	
"sanu"@ayr	<http://ids.clld.org/values/6-910-269-1>		<http://ids.clld.org/parameters/6-910>		<http://ids.clld.org/values/6-910-198-1>		"kāisnis"@prg	
"urḳu"@ayr	<http://ids.clld.org/values/2-230-269-1>		<http://ids.clld.org/parameters/2-230>		<http://ids.clld.org/values/2-230-198-1>		"vīrs"@prg	
"payiiri"@ayr	<http://ids.clld.org/values/13-360-269-1>		<http://ids.clld.org/parameters/13-360>		<http://ids.clld.org/values/13-360-198-1>		"antras"@prg	
"pʰuča"@ayr	<http://ids.clld.org/values/2-420-269-1>		<http://ids.clld.org/parameters/2-420>		<http://ids.clld.org/values/2-420-198-1>		"duktē"@prg	
"čača"@ayr	<http://ids.clld.org/values/2-310-269-1>		<http://ids.clld.org/parameters/2-310>		<http://ids.clld.org/values/2-310-198-1>		"grandan"@prg	
"kˀumara"@ayr	<http://ids.clld.org/values/4-830-269-1>		<http://ids.clld.org/parameters/4-830>		<http://ids.clld.org/values/4-830-198-1>		"kails"@prg	
"ačači"@ayr	<http://ids.clld.org/values/14-150-269-1>		<http://ids.clld.org/parameters/14-150>		<http://ids.clld.org/values/14-150-198-1>		"vār[a]s"@prg	
"pʰaxsi"@ayr	<http://ids.clld.org/values/1-530-269-1>		<http://ids.clld.org/parameters/1-530>		<http://ids.clld.org/values/1-530-198-1>		"mēnikīs"@prg	
"tampu"@ayr	<http://ids.clld.org/values/7-130-269-3>		<http://ids.clld.org/parameters/7-130>		<http://ids.clld.org/values/7-130-198-1>		"stubā"@prg	
"pataatˀi"@ayr	<http://ids.clld.org/values/7-420-269-3>		<http://ids.clld.org/parameters/7-420>		<http://ids.clld.org/values/7-420-198-1>		"lastā"@prg	
"ḳaḳa"@ayr	<http://ids.clld.org/values/12-850-269-3>		<http://ids.clld.org/parameters/12-850>		<http://ids.clld.org/values/12-850-198-1>		"dulzis"@prg	
"xiwata"@ayr	<http://ids.clld.org/values/4-750-269-1>		<http://ids.clld.org/parameters/4-750>		<http://ids.clld.org/values/4-750-198-1>		"aul'aút"@prg	
"makata-ɲa"@ayr	<http://ids.clld.org/values/10-210-269-1>		<http://ids.clld.org/parameters/10-210>		<http://ids.clld.org/values/10-210-198-1>		"atskīsai"@prg	
"-puni"@ayr	<http://ids.clld.org/values/14-310-269-1>		<http://ids.clld.org/parameters/14-310>		<http://ids.clld.org/values/14-310-198-1>		"ainat"@prg	
"isi"@ayr	<http://ids.clld.org/values/6-440-269-1>		<http://ids.clld.org/parameters/6-440>		<http://ids.clld.org/values/6-440-198-1>		"nurtvē"@prg	
"wara-wara"@ayr	<http://ids.clld.org/values/1-540-269-1>		<http://ids.clld.org/parameters/1-540>		<http://ids.clld.org/values/1-540-198-1>		"lauksnās"@prg	
"čixi"@ayr	<http://ids.clld.org/values/16-540-269-1>		<http://ids.clld.org/parameters/16-540>		<http://ids.clld.org/values/16-540-198-1>		"vargan"@prg	
"tʰaya"@ayr	<http://ids.clld.org/values/1-720-269-1>		<http://ids.clld.org/parameters/1-720>		<http://ids.clld.org/values/1-720-198-1>		"vētrā"@prg	
"ḳˀilʸu"@ayr	<http://ids.clld.org/values/15-690-269-1>		<http://ids.clld.org/parameters/15-690>		<http://ids.clld.org/values/15-690-198-1>		"geltainan"@prg	
"yawriḳalʸu"@ayr	<http://ids.clld.org/values/6-360-269-1>		<http://ids.clld.org/parameters/6-360>		<http://ids.clld.org/values/6-360-198-1>		"aigulā"@prg	
"ɲuɲu"@ayr	<http://ids.clld.org/values/4-412-269-1>		<http://ids.clld.org/parameters/4-412>		<http://ids.clld.org/values/4-412-198-1>		"spenis"@prg	
"[pʰutasa]"@ayr	<http://ids.clld.org/values/6-520-269-1>		<http://ids.clld.org/parameters/6-520>		<http://ids.clld.org/values/6-520-198-1>		"pusnē"@prg	
"lʸučˀu"@ayr	<http://ids.clld.org/values/6-570-269-1>		<http://ids.clld.org/parameters/6-570>		<http://ids.clld.org/values/6-570-198-1>		"savinzlē"@prg	
"warku-ɲa"@ayr	<http://ids.clld.org/values/9-341-269-1>		<http://ids.clld.org/parameters/9-341>		<http://ids.clld.org/values/9-341-198-1>		"kabē[v]uns"@prg	
"[kalsitina]"@ayr	<http://ids.clld.org/values/6-490-269-1>		<http://ids.clld.org/parameters/6-490>		<http://ids.clld.org/values/6-490-198-1>		"pēd'ai"@prg	
"laka"@ayr	<http://ids.clld.org/values/4-240-269-1>		<http://ids.clld.org/parameters/4-240>		<http://ids.clld.org/values/4-240-198-1>		"austā"@prg	
"ḳura"@ayr	<http://ids.clld.org/values/8-510-269-1>		<http://ids.clld.org/parameters/8-510>		<http://ids.clld.org/values/8-510-198-1>		"zālis"@prg	
"[xurnu]"@ayr	<http://ids.clld.org/values/5-250-269-1>		<http://ids.clld.org/parameters/5-250>		<http://ids.clld.org/values/5-250-198-1>		"[v]umnis"@prg	
"kˀayra"@ayr	<http://ids.clld.org/values/3-950-269-1>		<http://ids.clld.org/parameters/3-950>		<http://ids.clld.org/values/3-950-198-1>		"krupeilē"@prg	
"čawlʸa"@ayr	<http://ids.clld.org/values/3-650-269-1>		<http://ids.clld.org/parameters/3-650>		<http://ids.clld.org/values/3-650-198-1>		"zukis"@prg	
"xiḳˀi"@ayr	<http://ids.clld.org/values/1-830-269-1>		<http://ids.clld.org/parameters/1-830>		<http://ids.clld.org/values/1-830-198-1>		"dūmis"@prg	
"xakˀasina"@ayr	<http://ids.clld.org/values/19-540-269-1>		<http://ids.clld.org/parameters/19-540>		<http://ids.clld.org/values/19-540-198-1>		"taviš'an"@prg	
"čara"@ayr	<http://ids.clld.org/values/4-350-269-1>		<http://ids.clld.org/parameters/4-350>		<http://ids.clld.org/values/4-350-198-1>		"nagē"@prg	
"kunka"@ayr	<http://ids.clld.org/values/4-280-269-1>		<http://ids.clld.org/parameters/4-280>		<http://ids.clld.org/values/4-280-198-1>		"vinzus"@prg	
"urpu"@ayr	<http://ids.clld.org/values/1-740-269-1>		<http://ids.clld.org/parameters/1-740>		<http://ids.clld.org/values/1-740-198-1>		"kūpsins"@prg	
"alala"@ayr	<http://ids.clld.org/values/15-860-269-3>		<http://ids.clld.org/parameters/15-860>		<http://ids.clld.org/values/15-860-198-1>		"salta"@prg	
"kʰunu"@ayr	<http://ids.clld.org/values/1-760-269-1>		<http://ids.clld.org/parameters/1-760>		<http://ids.clld.org/values/1-760-198-1>		"snaigis"@prg	
"čʰičʰilʸankʰa"@ayr	<http://ids.clld.org/values/3-830-269-1>		<http://ids.clld.org/parameters/3-830>		<http://ids.clld.org/values/3-830-198-1>		"musā"@prg	
"wayna"@ayr	<http://ids.clld.org/values/2-251-269-1>		<http://ids.clld.org/parameters/2-251>		<http://ids.clld.org/values/2-251-198-1>		"maldai"@prg	
"yuḳalʸa"@ayr	<http://ids.clld.org/values/2-250-269-3>		<http://ids.clld.org/parameters/2-250>		<http://ids.clld.org/values/2-250-198-1>		"malnīk[a]s"@prg	
"čakana"@ayr	<http://ids.clld.org/values/12-770-269-1>		<http://ids.clld.org/parameters/12-770>		<http://ids.clld.org/values/12-770-198-1>		"skrīsin"@prg	
"[mula]"@ayr	<http://ids.clld.org/values/3-470-269-1>		<http://ids.clld.org/parameters/3-470>		<http://ids.clld.org/values/3-470-198-1>		"vel(u)blundis"@prg	
"manḳˀa-ɲa"@ayr	<http://ids.clld.org/values/5-110-269-1>		<http://ids.clld.org/parameters/5-110>		<http://ids.clld.org/values/5-110-198-1>		"īst ~ ēst"@prg	
"ḳaču"@ayr	<http://ids.clld.org/values/2-240-269-1>		<http://ids.clld.org/parameters/2-240>		<http://ids.clld.org/values/2-240-198-1>		"genā"@prg	
"xačˀa"@ayr	<http://ids.clld.org/values/12-550-269-1>		<http://ids.clld.org/parameters/12-550>		<http://ids.clld.org/values/12-550-198-1>		"debīkan"@prg	
"lapʰaḳi"@ayr	<http://ids.clld.org/values/1-820-269-1>		<http://ids.clld.org/parameters/1-820>		<http://ids.clld.org/values/1-820-198-1>		"lāpis"@prg	
"sipita"@ayr	<http://ids.clld.org/values/20-640-269-1>		<http://ids.clld.org/parameters/20-640>		<http://ids.clld.org/values/20-640-198-1>		"tinklā"@prg	
"ipata"@ayr	<http://ids.clld.org/values/2-520-269-1>		<http://ids.clld.org/parameters/2-520>		<http://ids.clld.org/values/2-520-198-1>		"māsā"@prg	
"ḳʰilʸa"@ayr	<http://ids.clld.org/values/1-840-269-1>		<http://ids.clld.org/parameters/1-840>		<http://ids.clld.org/values/1-840-198-1>		"pelanē"@prg	
"xičʰa"@ayr	<http://ids.clld.org/values/14-180-269-1>		<http://ids.clld.org/parameters/14-180>		<http://ids.clld.org/values/14-180-198-1>		"teinū"@prg	
"ḳunuɲa"@ayr	<http://ids.clld.org/values/7-430-269-1>		<http://ids.clld.org/parameters/7-430>		<http://ids.clld.org/values/7-430-198-1>		"klumpis"@prg	
"kˀusiwalʸu"@ayr	<http://ids.clld.org/values/3-817-269-1>		<http://ids.clld.org/parameters/3-817>		<http://ids.clld.org/values/3-817-198-1>		"saugis"@prg	
"tawaḳu"@ayr	<http://ids.clld.org/values/2-261-269-1>		<http://ids.clld.org/parameters/2-261>		<http://ids.clld.org/values/2-261-198-1>		"mergā"@prg	
"aptʰapi-ɲa"@ayr	<http://ids.clld.org/values/12-210-269-1>		<http://ids.clld.org/parameters/12-210>		<http://ids.clld.org/values/12-210-198-1>		"sanrénka"@prg	
"katu-ɲa"@ayr	<http://ids.clld.org/values/20-610-269-1>		<http://ids.clld.org/parameters/20-610>		<http://ids.clld.org/values/20-610-198-1>		"mediyas"@prg	
"laḳampu"@ayr	<http://ids.clld.org/values/1-510-269-3>		<http://ids.clld.org/parameters/1-510>		<http://ids.clld.org/values/1-510-198-1>		"dangus"@prg	
"uywa"@ayr	<http://ids.clld.org/values/3-110-269-1>		<http://ids.clld.org/parameters/3-110>		<http://ids.clld.org/values/3-110-198-3>		"alnē"@prg	
"uywa"@ayr	<http://ids.clld.org/values/3-110-269-1>		<http://ids.clld.org/parameters/3-110>		<http://ids.clld.org/values/3-110-198-1>		"zvērins"@prg	
"lupˀi-ɲa"@ayr	<http://ids.clld.org/values/17-130-269-1>		<http://ids.clld.org/parameters/17-130>		<http://ids.clld.org/values/17-130-198-1>		"pamērīt"@prg	
"[xusi]"@ayr	<http://ids.clld.org/values/8-330-269-1>		<http://ids.clld.org/parameters/8-330>		<http://ids.clld.org/values/8-330-198-3>		"dālgis"@prg	
"[xusi]"@ayr	<http://ids.clld.org/values/8-330-269-1>		<http://ids.clld.org/parameters/8-330>		<http://ids.clld.org/values/8-330-198-1>		"pyūklan"@prg	
"čuḳi"@ayr	<http://ids.clld.org/values/9-640-269-3>		<http://ids.clld.org/parameters/9-640>		<http://ids.clld.org/values/9-640-198-1>		"ausis"@prg	
"sirka"@ayr	<http://ids.clld.org/values/4-151-269-1>		<http://ids.clld.org/parameters/4-151>		<http://ids.clld.org/values/4-151-198-3>		"strujā"@prg	
"sirka"@ayr	<http://ids.clld.org/values/4-151-269-1>		<http://ids.clld.org/parameters/4-151>		<http://ids.clld.org/values/4-151-198-1>		"gīslā"@prg	
"lukˀana"@ayr	<http://ids.clld.org/values/4-340-269-1>		<http://ids.clld.org/parameters/4-340>		<http://ids.clld.org/values/4-340-198-1>		"pirstan"@prg	
"xanči"@ayr	<http://ids.clld.org/values/4-110-269-1>		<http://ids.clld.org/parameters/4-110>		<http://ids.clld.org/values/4-110-198-1>		"kérmens"@prg	
"čʰuḳu-ɲa"@ayr	<http://ids.clld.org/values/10-330-269-3>		<http://ids.clld.org/parameters/10-330>		<http://ids.clld.org/values/10-330-198-1>		"auskéndlai"@prg	
"apaya-ɲa"@ayr	<http://ids.clld.org/values/10-630-269-1>		<http://ids.clld.org/parameters/10-630>		<http://ids.clld.org/values/10-630-198-1>		"pertenginuns"@prg	
"aynača"@ayr	<http://ids.clld.org/values/12-30-269-1>		<http://ids.clld.org/parameters/12-30>		<http://ids.clld.org/values/12-30-198-1>		"zemai"@prg	
"inti"@ayr	<http://ids.clld.org/values/1-520-269-1>		<http://ids.clld.org/parameters/1-520>		<http://ids.clld.org/values/1-520-198-1>		"saulē"@prg	
"yaa"@ayr	<http://ids.clld.org/values/11-180-269-1>		<http://ids.clld.org/parameters/11-180>		<http://ids.clld.org/values/11-180-198-1>		"daiktas"@prg	
"aruma"@ayr	<http://ids.clld.org/values/14-420-269-1>		<http://ids.clld.org/parameters/14-420>		<http://ids.clld.org/values/14-420-198-1>		"naktin"@prg	
"čiḳa"@ayr	<http://ids.clld.org/values/16-730-269-1>		<http://ids.clld.org/parameters/16-730>		<http://ids.clld.org/values/16-730-198-1>		"tikrāmiskan"@prg	
"kayu muḳu"@ayr	<http://ids.clld.org/values/4-371-269-1>		<http://ids.clld.org/parameters/4-371>		<http://ids.clld.org/values/4-371-198-1>		"kulnis"@prg	
"ḳasiwi"@ayr	<http://ids.clld.org/values/14-770-269-1>		<http://ids.clld.org/parameters/14-770>		<http://ids.clld.org/values/14-770-198-1>		"asanis"@prg	
"kˀusa"@ayr	<http://ids.clld.org/values/5-940-269-1>		<http://ids.clld.org/parameters/5-940>		<http://ids.clld.org/values/5-940-198-1>		"rūktan-dadan"@prg	
"waχra"@ayr	<http://ids.clld.org/values/4-170-269-1>		<http://ids.clld.org/parameters/4-170>		<http://ids.clld.org/values/4-170-198-1>		"ragis"@prg	
"masi"@ayr	<http://ids.clld.org/values/19-510-269-1>		<http://ids.clld.org/parameters/19-510>		<http://ids.clld.org/values/19-510-198-1>		"ginens"@prg	
"nakta-ɲa"@ayr	<http://ids.clld.org/values/1-860-269-1>		<http://ids.clld.org/parameters/1-860>		<http://ids.clld.org/values/1-860-198-1>		"ankaitītai"@prg	
"ačila"@ayr	<http://ids.clld.org/values/2-460-269-1>		<http://ids.clld.org/parameters/2-460>		<http://ids.clld.org/values/2-460-198-1>		"tētis"@prg	
"kˀawsi"@ayr	<http://ids.clld.org/values/9-660-269-1>		<http://ids.clld.org/parameters/9-660>		<http://ids.clld.org/values/9-660-198-1>		"var'an"@prg	
"pˀiya"@ayr	<http://ids.clld.org/values/12-850-269-1>		<http://ids.clld.org/parameters/12-850>		<http://ids.clld.org/values/12-850-198-1>		"dulzis"@prg	
"mamani"@ayr	<http://ids.clld.org/values/3-585-269-1>		<http://ids.clld.org/parameters/3-585>		<http://ids.clld.org/values/3-585-198-1>		"[falks]"@prg	
"awki"@ayr	<http://ids.clld.org/values/2-350-269-1>		<http://ids.clld.org/parameters/2-350>		<http://ids.clld.org/values/2-350-198-1>		"tāvas"@prg	
"awiča"@ayr	<http://ids.clld.org/values/2-470-269-1>		<http://ids.clld.org/parameters/2-470>		<http://ids.clld.org/values/2-470-198-1>		"anē"@prg	
"malʸa"@ayr	<http://ids.clld.org/values/9-680-269-1>		<http://ids.clld.org/parameters/9-680>		<http://ids.clld.org/values/9-680-198-1>		"alvis"@prg	
"pʰukʰu"@ayr	<http://ids.clld.org/values/5-260-269-1>		<http://ids.clld.org/parameters/5-260>		<http://ids.clld.org/values/5-260-198-1>		"zvikstis"@prg	
"istˀa-ɲa"@ayr	<http://ids.clld.org/values/15-410-269-1>		<http://ids.clld.org/parameters/15-410>		<http://ids.clld.org/values/15-410-198-3>		"klausītun"@prg	
"istˀa-ɲa"@ayr	<http://ids.clld.org/values/15-410-269-1>		<http://ids.clld.org/parameters/15-410>		<http://ids.clld.org/values/15-410-198-1>		"kirdē̈t[vei]"@prg	
"[mixilʸa]"@ayr	<http://ids.clld.org/values/4-208-269-1>		<http://ids.clld.org/parameters/4-208>		<http://ids.clld.org/values/4-208-198-1>		"laiknan"@prg	
"imaɲa"@ayr	<http://ids.clld.org/values/11-170-269-1>		<http://ids.clld.org/parameters/11-170>		<http://ids.clld.org/values/11-170-198-1>		"erlaikāt"@prg	
"ḳinaya"@ayr	<http://ids.clld.org/values/1-730-269-1>		<http://ids.clld.org/parameters/1-730>		<http://ids.clld.org/values/1-730-198-1>		"(v)up'an"@prg	
"kˀawna"@ayr	<http://ids.clld.org/values/5-970-269-1>		<http://ids.clld.org/parameters/5-970>		<http://ids.clld.org/values/5-970-198-1>		"paute"@prg	
"wawa"@ayr	<http://ids.clld.org/values/2-270-269-1>		<http://ids.clld.org/parameters/2-270>		<http://ids.clld.org/values/2-270-198-1>		"malnīk[a]s"@prg	
"pampača-ɲa"@ayr	<http://ids.clld.org/values/16-690-269-1>		<http://ids.clld.org/parameters/16-690>		<http://ids.clld.org/values/16-690-198-1>		"atvérpt"@prg	
"sutuwalʸu xararankʰu"@ayr	<http://ids.clld.org/values/3-960-269-1>		<http://ids.clld.org/parameters/3-960>		<http://ids.clld.org/values/3-960-198-1>		"estureitā"@prg	
"čˀankʰa"@ayr	<http://ids.clld.org/values/6-380-269-1>		<http://ids.clld.org/parameters/6-380>		<http://ids.clld.org/values/6-380-198-1>		"auvilkis"@prg	
"-pača"@ayr	<http://ids.clld.org/values/14-110-269-1>		<http://ids.clld.org/parameters/14-110>		<http://ids.clld.org/values/14-110-198-3>		"kérdan"@prg	
"-pača"@ayr	<http://ids.clld.org/values/14-110-269-1>		<http://ids.clld.org/parameters/14-110>		<http://ids.clld.org/values/14-110-198-1>		"kīsman"@prg	
"kˀarisi-ɲa"@ayr	<http://ids.clld.org/values/16-670-269-1>		<http://ids.clld.org/parameters/16-670>		<http://ids.clld.org/values/16-670-198-1>		"mént'ama"@prg	
"čara"@ayr	<http://ids.clld.org/values/4-351-269-1>		<http://ids.clld.org/parameters/4-351>		<http://ids.clld.org/values/4-351-198-1>		"slaunis"@prg	
"sunkʰa"@ayr	<http://ids.clld.org/values/4-142-269-1>		<http://ids.clld.org/parameters/4-142>		<http://ids.clld.org/values/4-142-198-1>		"bārdus"@prg	
"uraḳi"@ayr	<http://ids.clld.org/values/1-212-269-1>		<http://ids.clld.org/parameters/1-212>		<http://ids.clld.org/values/1-212-198-1>		"zemē"@prg	
"pˀiḳi"@ayr	<http://ids.clld.org/values/4-200-269-1>		<http://ids.clld.org/parameters/4-200>		<http://ids.clld.org/values/4-200-198-1>		"galvā"@prg	
"yaḳʰulʸa"@ayr	<http://ids.clld.org/values/6-410-269-1>		<http://ids.clld.org/parameters/6-410>		<http://ids.clld.org/values/6-410-198-1>		"pelkis"@prg	
"naya"@ayr	<http://ids.clld.org/values/2-910-269-1>		<http://ids.clld.org/parameters/2-910>		<http://ids.clld.org/values/2-910-198-1>		"as"@prg	
"tʰakʰi"@ayr	<http://ids.clld.org/values/10-720-269-1>		<http://ids.clld.org/parameters/10-720>		<http://ids.clld.org/values/10-720-198-1>		"pintis"@prg	
"xupanaka"@ayr	<http://ids.clld.org/values/2-960-269-1>		<http://ids.clld.org/parameters/2-960>		<http://ids.clld.org/values/2-960-198-3>		"tanans"@prg	
"xupanaka"@ayr	<http://ids.clld.org/values/2-960-269-1>		<http://ids.clld.org/parameters/2-960>		<http://ids.clld.org/values/2-960-198-1>		"tanai"@prg	
"aru"@ayr	<http://ids.clld.org/values/18-260-269-1>		<http://ids.clld.org/parameters/18-260>		<http://ids.clld.org/values/18-260-198-1>		"vírd[a]s"@prg	
"iwisa]"@ayr	<http://ids.clld.org/values/3-250-269-3>		<http://ids.clld.org/parameters/3-250>		<http://ids.clld.org/values/3-250-198-1>		"kamst'an"@prg	
"uma-ɲa"@ayr	<http://ids.clld.org/values/5-900-269-1>		<http://ids.clld.org/parameters/5-900>		<http://ids.clld.org/values/5-900-198-1>		"pū[y]is"@prg	
"sa-ɲa"@ayr	<http://ids.clld.org/values/18-220-269-1>		<http://ids.clld.org/parameters/18-220>		<http://ids.clld.org/values/18-220-198-1>		"bilēt[vei]"@prg	
"yanapa-ɲa"@ayr	<http://ids.clld.org/values/19-580-269-1>		<http://ids.clld.org/parameters/19-580>		<http://ids.clld.org/values/19-580-198-1>		"pagalbtan"@prg	
"kayu"@ayr	<http://ids.clld.org/values/4-370-269-1>		<http://ids.clld.org/parameters/4-370>		<http://ids.clld.org/values/4-370-198-1>		"nagē"@prg	
"misi"@ayr	<http://ids.clld.org/values/3-620-269-3>		<http://ids.clld.org/parameters/3-620>		<http://ids.clld.org/values/3-620-198-1>		"paustā katā"@prg	
"manuu-ɲa"@ayr	<http://ids.clld.org/values/11-630-269-1>		<http://ids.clld.org/parameters/11-630>		<http://ids.clld.org/values/11-630-198-1>		"skelánts"@prg	
"awḳa"@ayr	<http://ids.clld.org/values/19-520-269-1>		<http://ids.clld.org/parameters/19-520>		<http://ids.clld.org/values/19-520-198-1>		"préisiks"@prg	
"maymuru"@ayr	<http://ids.clld.org/values/4-451-269-1>		<http://ids.clld.org/parameters/4-451>		<http://ids.clld.org/values/4-451-198-1>		"inkstē"@prg	
"ḳala"@ayr	<http://ids.clld.org/values/1-440-269-1>		<http://ids.clld.org/parameters/1-440>		<http://ids.clld.org/values/1-440-198-1>		"stabis"@prg	
"čiḳa"@ayr	<http://ids.clld.org/values/16-660-269-1>		<http://ids.clld.org/parameters/16-660>		<http://ids.clld.org/values/16-660-198-1>		"arvis"@prg	
"čayanta"@ayr	<http://ids.clld.org/values/9-690-269-1>		<http://ids.clld.org/parameters/9-690>		<http://ids.clld.org/values/9-690-198-1>		"skarstis"@prg	
"kusisita"@ayr	<http://ids.clld.org/values/16-230-269-1>		<http://ids.clld.org/parameters/16-230>		<http://ids.clld.org/values/16-230-198-1>		"[vesals]"@prg	
"pampa"@ayr	<http://ids.clld.org/values/1-230-269-1>		<http://ids.clld.org/parameters/1-230>		<http://ids.clld.org/values/1-230-198-1>		"lauks"@prg	
"warmi"@ayr	<http://ids.clld.org/values/2-320-269-1>		<http://ids.clld.org/parameters/2-320>		<http://ids.clld.org/values/2-320-198-1>		"salūban"@prg	
"čˀalʸa"@ayr	<http://ids.clld.org/values/1-215-269-1>		<http://ids.clld.org/parameters/1-215>		<http://ids.clld.org/values/1-215-198-1>		"zigzdā"@prg	
"tˀantˀa"@ayr	<http://ids.clld.org/values/5-510-269-1>		<http://ids.clld.org/parameters/5-510>		<http://ids.clld.org/values/5-510-198-1>		"geitis"@prg	
"[turka]-ɲa"@ayr	<http://ids.clld.org/values/11-830-269-1>		<http://ids.clld.org/parameters/11-830>		<http://ids.clld.org/values/11-830-198-1>		"káupiskan"@prg	
"muxlʸi"@ayr	<http://ids.clld.org/values/4-320-269-1>		<http://ids.clld.org/parameters/4-320>		<http://ids.clld.org/values/4-320-198-1>		"alkūnis"@prg	
"xila"@ayr	<http://ids.clld.org/values/2-440-269-1>		<http://ids.clld.org/parameters/2-440>		<http://ids.clld.org/values/2-440-198-1>		"brātē"@prg	
"xikχata-ɲa"@ayr	<http://ids.clld.org/values/11-320-269-1>		<http://ids.clld.org/parameters/11-320>		<http://ids.clld.org/values/11-320-198-1>		"aupala"@prg	
"kˀalʸkˀu"@ayr	<http://ids.clld.org/values/15-380-269-1>		<http://ids.clld.org/parameters/15-380>		<http://ids.clld.org/values/15-380-198-1>		"rūktan"@prg	
"amuyu"@ayr	<http://ids.clld.org/values/17-110-269-1>		<http://ids.clld.org/parameters/17-110>		<http://ids.clld.org/values/17-110-198-1>		"isprasnā"@prg	
"čˀumi"@ayr	<http://ids.clld.org/values/1-410-269-1>		<http://ids.clld.org/parameters/1-410>		<http://ids.clld.org/values/1-410-198-1>		"med'an"@prg	
"pʰučˀu"@ayr	<http://ids.clld.org/values/1-370-269-1>		<http://ids.clld.org/parameters/1-370>		<http://ids.clld.org/values/1-370-198-1>		"apus"@prg	
"yatiča-ɲa"@ayr	<http://ids.clld.org/values/17-250-269-1>		<http://ids.clld.org/parameters/17-250>		<http://ids.clld.org/values/17-250-198-1>		"mākint"@prg	
"kalʸači"@ayr	<http://ids.clld.org/values/4-300-269-1>		<http://ids.clld.org/parameters/4-300>		<http://ids.clld.org/values/4-300-198-1>		"petē"@prg	
"lʸulʸu"@ayr	<http://ids.clld.org/values/14-140-269-1>		<http://ids.clld.org/parameters/14-140>		<http://ids.clld.org/values/14-140-198-1>		"maldans"@prg	
"pʰusu"@ayr	<http://ids.clld.org/values/1-380-269-1>		<http://ids.clld.org/parameters/1-380>		<http://ids.clld.org/values/1-380-198-1>		"pelkī"@prg	
"xarapi"@ayr	<http://ids.clld.org/values/4-162-269-1>		<http://ids.clld.org/parameters/4-162>		<http://ids.clld.org/values/4-162-198-1>		"gravē"@prg	
"marka"@ayr	<http://ids.clld.org/values/19-160-269-1>		<http://ids.clld.org/parameters/19-160>		<http://ids.clld.org/values/19-160-198-1>		"kaimis"@prg	
"čilʸḳi-ɲa"@ayr	<http://ids.clld.org/values/10-450-269-3>		<http://ids.clld.org/parameters/10-450>		<http://ids.clld.org/values/10-450-198-1>		"neikaut"@prg	
"larama"@ayr	<http://ids.clld.org/values/15-670-269-1>		<http://ids.clld.org/parameters/15-670>		<http://ids.clld.org/values/15-670-198-1>		"galimban"@prg	
"walʸḳˀi"@ayr	<http://ids.clld.org/values/4-730-269-1>		<http://ids.clld.org/parameters/4-730>		<http://ids.clld.org/values/4-730-198-1>		"brendekermnen"@prg	
"pačamama"@ayr	<http://ids.clld.org/values/22-120-269-1>		<http://ids.clld.org/parameters/22-120>		<http://ids.clld.org/values/22-120-198-1>		"deivas"@prg	
"apta-ɲa"@ayr	<http://ids.clld.org/values/10-220-269-1>		<http://ids.clld.org/parameters/10-220>		<http://ids.clld.org/values/10-220-198-1>		"erláng'a"@prg	
"kilʸtˀasi-ɲa"@ayr	<http://ids.clld.org/values/10-412-269-1>		<http://ids.clld.org/parameters/10-412>		<http://ids.clld.org/values/10-412-198-1>		"pakvelptan"@prg	
"xamačˀi"@ayr	<http://ids.clld.org/values/3-581-269-1>		<http://ids.clld.org/parameters/3-581>		<http://ids.clld.org/values/3-581-198-1>		"pepelis ~ pipelkā"@prg	
"amuktˀa-ɲa"@ayr	<http://ids.clld.org/values/18-230-269-1>		<http://ids.clld.org/parameters/18-230>		<http://ids.clld.org/values/18-230-198-1>		"tusēsai"@prg	
"čuyma"@ayr	<http://ids.clld.org/values/4-441-269-1>		<http://ids.clld.org/parameters/4-441>		<http://ids.clld.org/values/4-441-198-1>		"plauti"@prg	
"čˀiyara"@ayr	<http://ids.clld.org/values/15-650-269-1>		<http://ids.clld.org/parameters/15-650>		<http://ids.clld.org/values/15-650-198-1>		"kirsnan"@prg	
"laka čˀakʰa"@ayr	<http://ids.clld.org/values/4-270-269-1>		<http://ids.clld.org/parameters/4-270>		<http://ids.clld.org/values/4-270-198-1>		"dantis"@prg	
"xaḳi"@ayr	<http://ids.clld.org/values/2-100-269-1>		<http://ids.clld.org/parameters/2-100>		<http://ids.clld.org/values/2-100-198-1>		"zmānen[t]s"@prg	
"manu"@ayr	<http://ids.clld.org/values/11-640-269-1>		<http://ids.clld.org/parameters/11-640>		<http://ids.clld.org/values/11-640-198-1>		"áušautins"@prg	
"nanaka"@ayr	<http://ids.clld.org/values/2-940-269-1>		<http://ids.clld.org/parameters/2-940>		<http://ids.clld.org/values/2-940-198-1>		"mes"@prg	
"wilʸka"@ayr	<http://ids.clld.org/values/1-520-269-3>		<http://ids.clld.org/parameters/1-520>		<http://ids.clld.org/values/1-520-198-1>		"saulē"@prg	
"walxa"@ayr	<http://ids.clld.org/values/13-180-269-1>		<http://ids.clld.org/parameters/13-180>		<http://ids.clld.org/values/13-180-198-1>		"zuit"@prg	
"xiskˀa"@ayr	<http://ids.clld.org/values/12-560-269-1>		<http://ids.clld.org/parameters/12-560>		<http://ids.clld.org/values/12-560-198-1>		"likuts"@prg	
"anu"@ayr	<http://ids.clld.org/values/3-610-269-1>		<http://ids.clld.org/parameters/3-610>		<http://ids.clld.org/values/3-610-198-1>		"sunis"@prg	
"čˀakʰa"@ayr	<http://ids.clld.org/values/4-160-269-1>		<http://ids.clld.org/parameters/4-160>		<http://ids.clld.org/values/4-160-198-1>		"kaulan"@prg	
"lipˀiči"@ayr	<http://ids.clld.org/values/6-280-269-1>		<http://ids.clld.org/parameters/6-280>		<http://ids.clld.org/values/6-280-198-1>		"skārdā"@prg	
"pʰuḳa"@ayr	<http://ids.clld.org/values/13-210-269-1>		<http://ids.clld.org/parameters/13-210>		<http://ids.clld.org/values/13-210-198-1>		"pilnan"@prg	
"xupʰuḳu"@ayr	<http://ids.clld.org/values/1-324-269-1>		<http://ids.clld.org/parameters/1-324>		<http://ids.clld.org/values/1-324-198-1>		"spāinā"@prg	
"wayrunḳu"@ayr	<http://ids.clld.org/values/3-820-269-1>		<http://ids.clld.org/parameters/3-820>		<http://ids.clld.org/values/3-820-198-1>		"bitē"@prg	
"saraḳa-ɲa"@ayr	<http://ids.clld.org/values/10-473-269-3>		<http://ids.clld.org/parameters/10-473>		<http://ids.clld.org/values/10-473-198-1>		"zemailēzuns"@prg	
"muyu"@ayr	<http://ids.clld.org/values/10-760-269-1>		<http://ids.clld.org/parameters/10-760>		<http://ids.clld.org/values/10-760-198-1>		"kelan"@prg	
"[suka]"@ayr	<http://ids.clld.org/values/8-212-269-1>		<http://ids.clld.org/parameters/8-212>		<http://ids.clld.org/values/8-212-198-1>		"redā"@prg	
"isi"@ayr	<http://ids.clld.org/values/6-120-269-1>		<http://ids.clld.org/parameters/6-120>		<http://ids.clld.org/values/6-120-198-1>		"rūkai"@prg	
"warmi"@ayr	<http://ids.clld.org/values/2-220-269-1>		<http://ids.clld.org/parameters/2-220>		<http://ids.clld.org/values/2-220-198-1>		"genā"@prg	
"[uwixa"@ayr	<http://ids.clld.org/values/3-250-269-1>		<http://ids.clld.org/parameters/3-250>		<http://ids.clld.org/values/3-250-198-1>		"kamst'an"@prg	
"čˀukuri"@ayr	<http://ids.clld.org/values/6-130-269-1>		<http://ids.clld.org/parameters/6-130>		<http://ids.clld.org/values/6-130-198-1>		"skrūtelē"@prg	
"čača"@ayr	<http://ids.clld.org/values/2-210-269-1>		<http://ids.clld.org/parameters/2-210>		<http://ids.clld.org/values/2-210-198-1>		"vīrs"@prg	
"lʸamkʰtˀa-ɲa"@ayr	<http://ids.clld.org/values/15-710-269-1>		<http://ids.clld.org/parameters/15-710>		<http://ids.clld.org/values/15-710-198-1>		"enkasint"@prg	
"isi"@ayr	<http://ids.clld.org/values/6-430-269-1>		<http://ids.clld.org/parameters/6-430>		<http://ids.clld.org/values/6-430-198-1>		"vilnis"@prg	
"kawkinsa"@ayr	<http://ids.clld.org/values/17-660-269-1>		<http://ids.clld.org/parameters/17-660>		<http://ids.clld.org/values/17-660-198-1>		"kvei"@prg	
"amta"@ayr	<http://ids.clld.org/values/12-80-269-1>		<http://ids.clld.org/parameters/12-80>		<http://ids.clld.org/values/12-80-198-3>		"kérša[n]"@prg	
"amta"@ayr	<http://ids.clld.org/values/12-80-269-1>		<http://ids.clld.org/parameters/12-80>		<http://ids.clld.org/values/12-80-198-1>		"kirša[n]"@prg	
"amuyu"@ayr	<http://ids.clld.org/values/17-190-269-1>		<http://ids.clld.org/parameters/17-190>		<http://ids.clld.org/values/17-190-198-1>		"pamērīsnans"@prg	
"uraḳi"@ayr	<http://ids.clld.org/values/1-210-269-1>		<http://ids.clld.org/parameters/1-210>		<http://ids.clld.org/values/1-210-198-1>		"zemē"@prg	
"aru"@ayr	<http://ids.clld.org/values/18-110-269-1>		<http://ids.clld.org/parameters/18-110>		<http://ids.clld.org/values/18-110-198-1>		"tārin"@prg	
"ati"@ayr	<http://ids.clld.org/values/4-281-269-1>		<http://ids.clld.org/parameters/4-281>		<http://ids.clld.org/values/4-281-198-1>		"pergalvis"@prg	
"irpa-ɲa"@ayr	<http://ids.clld.org/values/10-640-269-1>		<http://ids.clld.org/parameters/10-640>		<http://ids.clld.org/values/10-640-198-1>		"vest[vei]"@prg	
"muχsa"@ayr	<http://ids.clld.org/values/15-350-269-1>		<http://ids.clld.org/parameters/15-350>		<http://ids.clld.org/values/15-350-198-1>		"pādaminan"@prg	
"[mantika"@ayr	<http://ids.clld.org/values/5-890-269-1>		<http://ids.clld.org/parameters/5-890>		<http://ids.clld.org/values/5-890-198-1>		"anktan"@prg	
"muχsaaču"@ayr	<http://ids.clld.org/values/5-710-269-1>		<http://ids.clld.org/parameters/5-710>		<http://ids.clld.org/values/5-710-198-1>		"véisin"@prg	
"[sirwisa]"@ayr	<http://ids.clld.org/values/5-930-269-1>		<http://ids.clld.org/parameters/5-930>		<http://ids.clld.org/values/5-930-198-1>		"pīvis"@prg	
"utxa-ɲa"@ayr	<http://ids.clld.org/values/7-110-269-1>		<http://ids.clld.org/parameters/7-110>		<http://ids.clld.org/values/7-110-198-1>		"givēt"@prg	
