"tʰuru"@ayr	<http://ids.clld.org/values/12-630-269-1>		<http://ids.clld.org/parameters/12-630>		<http://ids.clld.org/values/12-630-286-1>		"kwere"@pav	
"lapˀa"@ayr	<http://ids.clld.org/values/3-811-269-1>		<http://ids.clld.org/parameters/3-811>		<http://ids.clld.org/values/3-811-286-1>		"ioʔ"@pav	
"waḳˀaḳi-ɲa"@ayr	<http://ids.clld.org/values/4-570-269-1>		<http://ids.clld.org/parameters/4-570>		<http://ids.clld.org/values/4-570-286-1>		"weʔ"@pav	
"nanaka"@ayr	<http://ids.clld.org/values/2-942-269-1>		<http://ids.clld.org/parameters/2-942>		<http://ids.clld.org/values/2-942-286-1>		"warut"@pav	
"kˀulʸu"@ayr	<http://ids.clld.org/values/1-430-269-1>		<http://ids.clld.org/parameters/1-430>		<http://ids.clld.org/values/1-430-286-1>		"pana"@pav	
"pʰuyu"@ayr	<http://ids.clld.org/values/4-393-269-1>		<http://ids.clld.org/parameters/4-393>		<http://ids.clld.org/values/4-393-286-1>		"tenenein (šun)"@pav	
"ɲačˀa-ɲa"@ayr	<http://ids.clld.org/values/9-160-269-1>		<http://ids.clld.org/parameters/9-160>		<http://ids.clld.org/values/9-160-286-1>		"tuku"@pav	
"anata-ɲa"@ayr	<http://ids.clld.org/values/16-260-269-1>		<http://ids.clld.org/parameters/16-260>		<http://ids.clld.org/values/16-260-286-1>		"warayu"@pav	
"čiḳa"@ayr	<http://ids.clld.org/values/12-730-269-1>		<http://ids.clld.org/parameters/12-730>		<http://ids.clld.org/values/12-730-286-1>		"ka om šone ne"@pav	
"xaka-ɲa"@ayr	<http://ids.clld.org/values/4-740-269-1>		<http://ids.clld.org/parameters/4-740>		<http://ids.clld.org/values/4-740-286-1>		"eʔ"@pav	
"xukˀa"@ayr	<http://ids.clld.org/values/13-170-269-1>		<http://ids.clld.org/parameters/13-170>		<http://ids.clld.org/values/13-170-286-1>		"parek"@pav	
"ḳunḳuri"@ayr	<http://ids.clld.org/values/4-360-269-1>		<http://ids.clld.org/parameters/4-360>		<http://ids.clld.org/values/4-360-286-1>		"karamašiʔ (karam)"@pav	
"pʰatˀsu-ɲa"@ayr	<http://ids.clld.org/values/8-220-269-1>		<http://ids.clld.org/parameters/8-220>		<http://ids.clld.org/values/8-220-286-1>		"še"@pav	
"pʰatˀsu-ɲa"@ayr	<http://ids.clld.org/values/8-220-269-1>		<http://ids.clld.org/parameters/8-220>		<http://ids.clld.org/values/8-220-286-3>		"šikeʔ"@pav	
"[lamara]"@ayr	<http://ids.clld.org/values/1-320-269-1>		<http://ids.clld.org/parameters/1-320>		<http://ids.clld.org/values/1-320-286-1>		"kote ne kom"@pav	
"xiwasa"@ayr	<http://ids.clld.org/values/2-941-269-1>		<http://ids.clld.org/parameters/2-941>		<http://ids.clld.org/values/2-941-286-1>		"wariʔ"@pav	
"xipʰilʸa"@ayr	<http://ids.clld.org/values/4-461-269-1>		<http://ids.clld.org/parameters/4-461>		<http://ids.clld.org/values/4-461-286-1>		"monošiʔ (mon)"@pav	
"čˀarana"@ayr	<http://ids.clld.org/values/15-830-269-1>		<http://ids.clld.org/parameters/15-830>		<http://ids.clld.org/values/15-830-286-1>		"šoʔ"@pav	
"čiḳpa"@ayr	<http://ids.clld.org/values/12-730-269-3>		<http://ids.clld.org/parameters/12-730>		<http://ids.clld.org/values/12-730-286-1>		"ka om šone ne"@pav	
"pʰusa-ɲa"@ayr	<http://ids.clld.org/values/10-380-269-1>		<http://ids.clld.org/parameters/10-380>		<http://ids.clld.org/values/10-380-286-3>		"hukoʔ"@pav	
"pʰusa-ɲa"@ayr	<http://ids.clld.org/values/10-380-269-1>		<http://ids.clld.org/parameters/10-380>		<http://ids.clld.org/values/10-380-286-1>		"hu"@pav	
"laru-ɲa"@ayr	<http://ids.clld.org/values/16-250-269-1>		<http://ids.clld.org/parameters/16-250>		<http://ids.clld.org/values/16-250-286-1>		"tatamʔ"@pav	
"laru-ɲa"@ayr	<http://ids.clld.org/values/16-250-269-1>		<http://ids.clld.org/parameters/16-250>		<http://ids.clld.org/values/16-250-286-3>		"katamʔ"@pav	
"tʰaya"@ayr	<http://ids.clld.org/values/15-860-269-1>		<http://ids.clld.org/parameters/15-860>		<http://ids.clld.org/values/15-860-286-1>		"šio"@pav	
"tʰaya"@ayr	<http://ids.clld.org/values/15-860-269-1>		<http://ids.clld.org/parameters/15-860>		<http://ids.clld.org/values/15-860-286-3>		"kapinʔ"@pav	
"uma-ɲa"@ayr	<http://ids.clld.org/values/5-130-269-1>		<http://ids.clld.org/parameters/5-130>		<http://ids.clld.org/values/5-130-286-1>		"tok"@pav	
"uma-ɲa"@ayr	<http://ids.clld.org/values/5-130-269-1>		<http://ids.clld.org/parameters/5-130>		<http://ids.clld.org/values/5-130-286-3>		"tototok"@pav	
"pʰičʰaɲa"@ayr	<http://ids.clld.org/values/1-851-269-1>		<http://ids.clld.org/parameters/1-851>		<http://ids.clld.org/values/1-851-286-3>		"wiran"@pav	
"pʰičʰaɲa"@ayr	<http://ids.clld.org/values/1-851-269-1>		<http://ids.clld.org/parameters/1-851>		<http://ids.clld.org/values/1-851-286-1>		"tom"@pav	
"pʰičʰaɲa"@ayr	<http://ids.clld.org/values/1-851-269-1>		<http://ids.clld.org/parameters/1-851>		<http://ids.clld.org/values/1-851-286-5>		"karahoʔ"@pav	
"aχsara-ɲa"@ayr	<http://ids.clld.org/values/16-530-269-1>		<http://ids.clld.org/parameters/16-530>		<http://ids.clld.org/values/16-530-286-1>		"yinʔ"@pav	
"ḳaḳu-ɲa"@ayr	<http://ids.clld.org/values/9-310-269-1>		<http://ids.clld.org/parameters/9-310>		<http://ids.clld.org/values/9-310-286-1>		"šik"@pav	
"kʰarxa-ɲa"@ayr	<http://ids.clld.org/values/9-220-269-1>		<http://ids.clld.org/parameters/9-220>		<http://ids.clld.org/values/9-220-286-7>		"nakarkamʔ"@pav	
"kʰarxa-ɲa"@ayr	<http://ids.clld.org/values/9-220-269-1>		<http://ids.clld.org/parameters/9-220>		<http://ids.clld.org/values/9-220-286-3>		"wawak"@pav	
"kʰarxa-ɲa"@ayr	<http://ids.clld.org/values/9-220-269-1>		<http://ids.clld.org/parameters/9-220>		<http://ids.clld.org/values/9-220-286-9>		"ta"@pav	
"kʰarxa-ɲa"@ayr	<http://ids.clld.org/values/9-220-269-1>		<http://ids.clld.org/parameters/9-220>		<http://ids.clld.org/values/9-220-286-5>		"nakamʔ"@pav	
"kʰarxa-ɲa"@ayr	<http://ids.clld.org/values/9-220-269-1>		<http://ids.clld.org/parameters/9-220>		<http://ids.clld.org/values/9-220-286-1>		"wak"@pav	
"čˀamu-ɲa"@ayr	<http://ids.clld.org/values/5-160-269-1>		<http://ids.clld.org/parameters/5-160>		<http://ids.clld.org/values/5-160-286-1>		"šok"@pav	
"čˀamu-ɲa"@ayr	<http://ids.clld.org/values/5-160-269-1>		<http://ids.clld.org/parameters/5-160>		<http://ids.clld.org/values/5-160-286-3>		"šak"@pav	
"xiya-ɲa"@ayr	<http://ids.clld.org/values/9-330-269-1>		<http://ids.clld.org/parameters/9-330>		<http://ids.clld.org/values/9-330-286-1>		"kök"@pav	
"kˀiwča"@ayr	<http://ids.clld.org/values/4-450-269-1>		<http://ids.clld.org/parameters/4-450>		<http://ids.clld.org/values/4-450-286-1>		"tarawanašiʔ (tarawan)"@pav	
"xiwa-ɲa"@ayr	<http://ids.clld.org/values/4-750-269-3>		<http://ids.clld.org/parameters/4-750>		<http://ids.clld.org/values/4-750-286-3>		"konoʔ"@pav	
"xiwa-ɲa"@ayr	<http://ids.clld.org/values/4-750-269-3>		<http://ids.clld.org/parameters/4-750>		<http://ids.clld.org/values/4-750-286-1>		"miʔ pin"@pav	
"yati-ɲa"@ayr	<http://ids.clld.org/values/17-170-269-1>		<http://ids.clld.org/parameters/17-170>		<http://ids.clld.org/values/17-170-286-1>		"tašiʔ"@pav	
"yati-ɲa"@ayr	<http://ids.clld.org/values/17-170-269-1>		<http://ids.clld.org/parameters/17-170>		<http://ids.clld.org/values/17-170-286-3>		"kerek"@pav	
"yati-ɲa"@ayr	<http://ids.clld.org/values/17-170-269-1>		<http://ids.clld.org/parameters/17-170>		<http://ids.clld.org/values/17-170-286-5>		"kerek pinʔ"@pav	
"xuta-ɲa"@ayr	<http://ids.clld.org/values/10-480-269-1>		<http://ids.clld.org/parameters/10-480>		<http://ids.clld.org/values/10-480-286-1>		"makiʔ"@pav	
"mara"@ayr	<http://ids.clld.org/values/14-730-269-1>		<http://ids.clld.org/parameters/14-730>		<http://ids.clld.org/values/14-730-286-1>		"kawašiʔ"@pav	
"silʸḳˀu"@ayr	<http://ids.clld.org/values/3-840-269-1>		<http://ids.clld.org/parameters/3-840>		<http://ids.clld.org/values/3-840-286-1>		"meteʔ"@pav	
"ḳarḳa"@ayr	<http://ids.clld.org/values/1-440-269-3>		<http://ids.clld.org/parameters/1-440>		<http://ids.clld.org/values/1-440-286-1>		"pakun"@pav	
"tuyu-ɲa"@ayr	<http://ids.clld.org/values/10-350-269-1>		<http://ids.clld.org/parameters/10-350>		<http://ids.clld.org/values/10-350-286-3>		"panʔ karakam"@pav	
"tuyu-ɲa"@ayr	<http://ids.clld.org/values/10-350-269-1>		<http://ids.clld.org/parameters/10-350>		<http://ids.clld.org/values/10-350-286-1>		"panʔ kam"@pav	
"ayča"@ayr	<http://ids.clld.org/values/5-610-269-1>		<http://ids.clld.org/parameters/5-610>		<http://ids.clld.org/values/5-610-286-1>		"karawa (karamayišiʔ)"@pav	
"saytˀa-ɲa"@ayr	<http://ids.clld.org/values/12-150-269-1>		<http://ids.clld.org/parameters/12-150>		<http://ids.clld.org/values/12-150-286-1>		"tekiʔ pe"@pav	
"saytˀa-ɲa"@ayr	<http://ids.clld.org/values/12-150-269-1>		<http://ids.clld.org/parameters/12-150>		<http://ids.clld.org/values/12-150-286-3>		"tekiʔ to"@pav	
"wakʰu-ɲa"@ayr	<http://ids.clld.org/values/13-107-269-3>		<http://ids.clld.org/parameters/13-107>		<http://ids.clld.org/values/13-107-286-1>		"piyimʔ"@pav	
"xanḳˀu"@ayr	<http://ids.clld.org/values/15-640-269-1>		<http://ids.clld.org/parameters/15-640>		<http://ids.clld.org/values/15-640-286-1>		"towoʔ"@pav	
"tuyu-ɲa"@ayr	<http://ids.clld.org/values/10-340-269-1>		<http://ids.clld.org/parameters/10-340>		<http://ids.clld.org/values/10-340-286-1>		"ho"@pav	
"tuyu-ɲa"@ayr	<http://ids.clld.org/values/10-340-269-1>		<http://ids.clld.org/parameters/10-340>		<http://ids.clld.org/values/10-340-286-3>		"horoho"@pav	
"tʰusa-ɲa"@ayr	<http://ids.clld.org/values/4-560-269-1>		<http://ids.clld.org/parameters/4-560>		<http://ids.clld.org/values/4-560-286-1>		"hupaʔ"@pav	
"ačuḳa-ɲa"@ayr	<http://ids.clld.org/values/4-580-269-1>		<http://ids.clld.org/parameters/4-580>		<http://ids.clld.org/values/4-580-286-1>		"kio"@pav	
"nasa"@ayr	<http://ids.clld.org/values/4-230-269-1>		<http://ids.clld.org/parameters/4-230>		<http://ids.clld.org/values/4-230-286-1>		"werešiʔ (ut)"@pav	
"tayka"@ayr	<http://ids.clld.org/values/2-360-269-1>		<http://ids.clld.org/parameters/2-360>		<http://ids.clld.org/values/2-360-286-1>		"naʔ"@pav	
"laχra"@ayr	<http://ids.clld.org/values/4-260-269-1>		<http://ids.clld.org/parameters/4-260>		<http://ids.clld.org/values/4-260-286-1>		"petehwet nešiʔ (petehwet)"@pav	
"xačxa-ɲa"@ayr	<http://ids.clld.org/values/16-420-269-1>		<http://ids.clld.org/parameters/16-420>		<http://ids.clld.org/values/16-420-286-1>		"manaʔ"@pav	
"ḳuḳa"@ayr	<http://ids.clld.org/values/1-420-269-1>		<http://ids.clld.org/parameters/1-420>		<http://ids.clld.org/values/1-420-286-1>		"pana"@pav	
"suti"@ayr	<http://ids.clld.org/values/18-280-269-1>		<http://ids.clld.org/parameters/18-280>		<http://ids.clld.org/values/18-280-286-1>		"wišišiʔ (wit)"@pav	
"wičˀinkʰa"@ayr	<http://ids.clld.org/values/4-180-269-1>		<http://ids.clld.org/parameters/4-180>		<http://ids.clld.org/values/4-180-286-1>		"kahwerein"@pav	
"warta-ɲa"@ayr	<http://ids.clld.org/values/10-250-269-1>		<http://ids.clld.org/parameters/10-250>		<http://ids.clld.org/values/10-250-286-3>		"wišikaoʔ"@pav	
"warta-ɲa"@ayr	<http://ids.clld.org/values/10-250-269-1>		<http://ids.clld.org/parameters/10-250>		<http://ids.clld.org/values/10-250-286-1>		"šin"@pav	
"uru"@ayr	<http://ids.clld.org/values/14-410-269-1>		<http://ids.clld.org/parameters/14-410>		<http://ids.clld.org/values/14-410-286-1>		"šek"@pav	
"ḳulʸu"@ayr	<http://ids.clld.org/values/1-220-269-1>		<http://ids.clld.org/parameters/1-220>		<http://ids.clld.org/values/1-220-286-1>		"pakun"@pav	
"wiru-ɲa"@ayr	<http://ids.clld.org/values/10-370-269-1>		<http://ids.clld.org/parameters/10-370>		<http://ids.clld.org/values/10-370-286-3>		"toin"@pav	
"wiru-ɲa"@ayr	<http://ids.clld.org/values/10-370-269-1>		<http://ids.clld.org/parameters/10-370>		<http://ids.clld.org/values/10-370-286-1>		"takiʔ"@pav	
"xakʰu-ɲa"@ayr	<http://ids.clld.org/values/13-107-269-1>		<http://ids.clld.org/parameters/13-107>		<http://ids.clld.org/values/13-107-286-1>		"piyimʔ"@pav	
"ačʰixu"@ayr	<http://ids.clld.org/values/15-851-269-1>		<http://ids.clld.org/parameters/15-851>		<http://ids.clld.org/values/15-851-286-3>		"nonoe"@pav	
"ačʰixu"@ayr	<http://ids.clld.org/values/15-851-269-1>		<http://ids.clld.org/parameters/15-851>		<http://ids.clld.org/values/15-851-286-1>		"šain"@pav	
"ḳˀaɲu"@ayr	<http://ids.clld.org/values/15-880-269-1>		<http://ids.clld.org/parameters/15-880>		<http://ids.clld.org/values/15-880-286-1>		"mišem"@pav	
"lapʰi"@ayr	<http://ids.clld.org/values/8-560-269-1>		<http://ids.clld.org/parameters/8-560>		<http://ids.clld.org/values/8-560-286-1>		"tenenein"@pav	
"ḳuɲa (?)"@ayr	<http://ids.clld.org/values/15-770-269-1>		<http://ids.clld.org/parameters/15-770>		<http://ids.clld.org/values/15-770-286-1>		"topišik"@pav	
"ikintχa-ɲa"@ayr	<http://ids.clld.org/values/12-140-269-1>		<http://ids.clld.org/parameters/12-140>		<http://ids.clld.org/values/12-140-286-1>		"teremʔ"@pav	
"ikintχa-ɲa"@ayr	<http://ids.clld.org/values/12-140-269-1>		<http://ids.clld.org/parameters/12-140>		<http://ids.clld.org/values/12-140-286-3>		"tokoʔ"@pav	
"ali"@ayr	<http://ids.clld.org/values/1-420-269-3>		<http://ids.clld.org/parameters/1-420>		<http://ids.clld.org/values/1-420-286-1>		"pana"@pav	
"xumamaka"@ayr	<http://ids.clld.org/values/2-950-269-1>		<http://ids.clld.org/parameters/2-950>		<http://ids.clld.org/values/2-950-286-1>		"wahuʔ"@pav	
"nayra"@ayr	<http://ids.clld.org/values/4-210-269-1>		<http://ids.clld.org/parameters/4-210>		<http://ids.clld.org/values/4-210-286-1>		"tokošiʔ (tok)"@pav	
"ḳʰuru"@ayr	<http://ids.clld.org/values/16-720-269-1>		<http://ids.clld.org/parameters/16-720>		<http://ids.clld.org/values/16-720-286-1>		"kayi"@pav	
"xuma"@ayr	<http://ids.clld.org/values/2-920-269-1>		<http://ids.clld.org/parameters/2-920>		<http://ids.clld.org/values/2-920-286-1>		"wum"@pav	
"ɲuɲu"@ayr	<http://ids.clld.org/values/4-410-269-1>		<http://ids.clld.org/parameters/4-410>		<http://ids.clld.org/values/4-410-286-1>		"karašišiʔ (katat)"@pav	
"xayu"@ayr	<http://ids.clld.org/values/5-810-269-1>		<http://ids.clld.org/parameters/5-810>		<http://ids.clld.org/values/5-810-286-1>		"[sal]"@pav	
"mukʰi-ɲa"@ayr	<http://ids.clld.org/values/15-210-269-1>		<http://ids.clld.org/parameters/15-210>		<http://ids.clld.org/values/15-210-286-3>		"hu"@pav	
"mukʰi-ɲa"@ayr	<http://ids.clld.org/values/15-210-269-1>		<http://ids.clld.org/parameters/15-210>		<http://ids.clld.org/values/15-210-286-1>		"nak"@pav	
"čura-ɲa"@ayr	<http://ids.clld.org/values/11-210-269-1>		<http://ids.clld.org/parameters/11-210>		<http://ids.clld.org/values/11-210-286-1>		"miʔ"@pav	
"tinku-ɲa"@ayr	<http://ids.clld.org/values/10-230-269-1>		<http://ids.clld.org/parameters/10-230>		<http://ids.clld.org/values/10-230-286-3>		"kamaraʔ"@pav	
"tinku-ɲa"@ayr	<http://ids.clld.org/values/10-230-269-1>		<http://ids.clld.org/parameters/10-230>		<http://ids.clld.org/values/10-230-286-1>		"panʔ"@pav	
"nina"@ayr	<http://ids.clld.org/values/1-810-269-1>		<http://ids.clld.org/parameters/1-810>		<http://ids.clld.org/values/1-810-286-1>		"še"@pav	
"xalʸu"@ayr	<http://ids.clld.org/values/1-750-269-1>		<http://ids.clld.org/parameters/1-750>		<http://ids.clld.org/values/1-750-286-1>		"šowiʔ"@pav	
"ayča"@ayr	<http://ids.clld.org/values/4-130-269-1>		<http://ids.clld.org/parameters/4-130>		<http://ids.clld.org/values/4-130-286-1>		"kwerešiʔ"@pav	
"čʰiḳʰa"@ayr	<http://ids.clld.org/values/4-392-269-1>		<http://ids.clld.org/parameters/4-392>		<http://ids.clld.org/values/4-392-286-1>		"tapaši"@pav	
"tata"@ayr	<http://ids.clld.org/values/2-350-269-3>		<http://ids.clld.org/parameters/2-350>		<http://ids.clld.org/values/2-350-286-1>		"te"@pav	
"sara-ɲa"@ayr	<http://ids.clld.org/values/10-450-269-1>		<http://ids.clld.org/parameters/10-450>		<http://ids.clld.org/values/10-450-286-1>		"šut"@pav	
"sara-ɲa"@ayr	<http://ids.clld.org/values/10-450-269-1>		<http://ids.clld.org/parameters/10-450>		<http://ids.clld.org/values/10-450-286-3>		"šurušut"@pav	
"xatʰi"@ayr	<http://ids.clld.org/values/15-810-269-1>		<http://ids.clld.org/parameters/15-810>		<http://ids.clld.org/values/15-810-286-3>		"taʔ man"@pav	
"xatʰi"@ayr	<http://ids.clld.org/values/15-810-269-1>		<http://ids.clld.org/parameters/15-810>		<http://ids.clld.org/values/15-810-286-1>		"šite"@pav	
"xatʰi"@ayr	<http://ids.clld.org/values/15-810-269-1>		<http://ids.clld.org/parameters/15-810>		<http://ids.clld.org/values/15-810-286-5>		"teʔ man"@pav	
"xala-ɲa"@ayr	<http://ids.clld.org/values/10-320-269-1>		<http://ids.clld.org/parameters/10-320>		<http://ids.clld.org/values/10-320-286-3>		"weweweo"@pav	
"xala-ɲa"@ayr	<http://ids.clld.org/values/10-320-269-1>		<http://ids.clld.org/parameters/10-320>		<http://ids.clld.org/values/10-320-286-1>		"weo"@pav	
"lipˀiči"@ayr	<http://ids.clld.org/values/4-120-269-1>		<http://ids.clld.org/parameters/4-120>		<http://ids.clld.org/values/4-120-286-1>		"taparišiʔ"@pav	
"ati"@ayr	<http://ids.clld.org/values/4-190-269-1>		<http://ids.clld.org/parameters/4-190>		<http://ids.clld.org/values/4-190-286-1>		"warašiʔ"@pav	
"xawira"@ayr	<http://ids.clld.org/values/1-360-269-1>		<http://ids.clld.org/parameters/1-360>		<http://ids.clld.org/values/1-360-286-1>		"kom"@pav	
"alax-pača"@ayr	<http://ids.clld.org/values/1-510-269-1>		<http://ids.clld.org/parameters/1-510>		<http://ids.clld.org/values/1-510-286-1>		"nanawin"@pav	
"wiska"@ayr	<http://ids.clld.org/values/9-190-269-1>		<http://ids.clld.org/parameters/9-190>		<http://ids.clld.org/values/9-190-286-1>		"makon (makorišiʔ)"@pav	
"xatʰa"@ayr	<http://ids.clld.org/values/8-311-269-1>		<http://ids.clld.org/parameters/8-311>		<http://ids.clld.org/values/8-311-286-1>		"tokwi"@pav	
"ḳunu-ɲa"@ayr	<http://ids.clld.org/values/12-130-269-3>		<http://ids.clld.org/parameters/12-130>		<http://ids.clld.org/values/12-130-286-1>		"šaoʔ pe"@pav	
"ḳunu-ɲa"@ayr	<http://ids.clld.org/values/12-130-269-3>		<http://ids.clld.org/parameters/12-130>		<http://ids.clld.org/values/12-130-286-3>		"šaoʔ to"@pav	
"paya"@ayr	<http://ids.clld.org/values/13-20-269-1>		<http://ids.clld.org/parameters/13-20>		<http://ids.clld.org/values/13-20-286-1>		"tuku karakan"@pav	
"sapa"@ayr	<http://ids.clld.org/values/13-140-269-1>		<http://ids.clld.org/parameters/13-140>		<http://ids.clld.org/values/13-140-286-1>		"šam"@pav	
"xinču"@ayr	<http://ids.clld.org/values/4-220-269-1>		<http://ids.clld.org/parameters/4-220>		<http://ids.clld.org/values/4-220-286-1>		"tara-yišiʔ (taraʔ)"@pav	
"xaya"@ayr	<http://ids.clld.org/values/12-440-269-1>		<http://ids.clld.org/parameters/12-440>		<http://ids.clld.org/values/12-440-286-1>		"pira"@pav	
"sapʰi"@ayr	<http://ids.clld.org/values/8-540-269-1>		<http://ids.clld.org/parameters/8-540>		<http://ids.clld.org/values/8-540-286-1>		"kašimain"@pav	
"ḳuta"@ayr	<http://ids.clld.org/values/1-330-269-1>		<http://ids.clld.org/parameters/1-330>		<http://ids.clld.org/values/1-330-286-1>		"šuteremʔ"@pav	
"arsu-ɲa"@ayr	<http://ids.clld.org/values/18-210-269-3>		<http://ids.clld.org/parameters/18-210>		<http://ids.clld.org/values/18-210-286-1>		"tomiʔ"@pav	
"aru-ɲa"@ayr	<http://ids.clld.org/values/18-210-269-1>		<http://ids.clld.org/parameters/18-210>		<http://ids.clld.org/values/18-210-286-1>		"tomiʔ"@pav	
"ḳuḳa"@ayr	<http://ids.clld.org/values/8-600-269-1>		<http://ids.clld.org/parameters/8-600>		<http://ids.clld.org/values/8-600-286-1>		"pana"@pav	
"uma"@ayr	<http://ids.clld.org/values/1-310-269-1>		<http://ids.clld.org/parameters/1-310>		<http://ids.clld.org/values/1-310-286-1>		"kom (komišiʔ)"@pav	
"tʰaḳa-ɲa"@ayr	<http://ids.clld.org/values/11-310-269-1>		<http://ids.clld.org/parameters/11-310>		<http://ids.clld.org/values/11-310-286-1>		"noro"@pav	
"waru"@ayr	<http://ids.clld.org/values/12-570-269-1>		<http://ids.clld.org/parameters/12-570>		<http://ids.clld.org/values/12-570-286-1>		"matam"@pav	
"waɲa"@ayr	<http://ids.clld.org/values/15-840-269-1>		<http://ids.clld.org/parameters/15-840>		<http://ids.clld.org/values/15-840-286-1>		"kawainʔ"@pav	
"kʰučxa-ɲa"@ayr	<http://ids.clld.org/values/9-220-269-3>		<http://ids.clld.org/parameters/9-220>		<http://ids.clld.org/values/9-220-286-7>		"nakarkamʔ"@pav	
"kʰučxa-ɲa"@ayr	<http://ids.clld.org/values/9-220-269-3>		<http://ids.clld.org/parameters/9-220>		<http://ids.clld.org/values/9-220-286-3>		"wawak"@pav	
"kʰučxa-ɲa"@ayr	<http://ids.clld.org/values/9-220-269-3>		<http://ids.clld.org/parameters/9-220>		<http://ids.clld.org/values/9-220-286-9>		"ta"@pav	
"kʰučxa-ɲa"@ayr	<http://ids.clld.org/values/9-220-269-3>		<http://ids.clld.org/parameters/9-220>		<http://ids.clld.org/values/9-220-286-5>		"nakamʔ"@pav	
"kʰučxa-ɲa"@ayr	<http://ids.clld.org/values/9-220-269-3>		<http://ids.clld.org/parameters/9-220>		<http://ids.clld.org/values/9-220-286-1>		"wak"@pav	
"kupi"@ayr	<http://ids.clld.org/values/12-410-269-1>		<http://ids.clld.org/parameters/12-410>		<http://ids.clld.org/values/12-410-286-1>		"irikwerešiʔ"@pav	
"ɲusata"@ayr	<http://ids.clld.org/values/5-125-269-1>		<http://ids.clld.org/parameters/5-125>		<http://ids.clld.org/values/5-125-286-1>		"šowuru"@pav	
"ḳuntˀa-ɲa"@ayr	<http://ids.clld.org/values/12-130-269-1>		<http://ids.clld.org/parameters/12-130>		<http://ids.clld.org/values/12-130-286-1>		"šaoʔ pe"@pav	
"ḳuntˀa-ɲa"@ayr	<http://ids.clld.org/values/12-130-269-1>		<http://ids.clld.org/parameters/12-130>		<http://ids.clld.org/values/12-130-286-3>		"šaoʔ to"@pav	
"lʸuḳu"@ayr	<http://ids.clld.org/values/4-440-269-1>		<http://ids.clld.org/parameters/4-440>		<http://ids.clld.org/values/4-440-286-1>		"šimišiʔ (šim)"@pav	
"muruḳˀu"@ayr	<http://ids.clld.org/values/12-810-269-1>		<http://ids.clld.org/parameters/12-810>		<http://ids.clld.org/values/12-810-286-1>		"monoʔo"@pav	
"wila"@ayr	<http://ids.clld.org/values/4-150-269-1>		<http://ids.clld.org/parameters/4-150>		<http://ids.clld.org/values/4-150-286-1>		"kišiʔ (wik)"@pav	
"čupika"@ayr	<http://ids.clld.org/values/15-660-269-1>		<http://ids.clld.org/parameters/15-660>		<http://ids.clld.org/values/15-660-286-1>		"pakaʔ"@pav	
"čʰulʸunkʰiya"@ayr	<http://ids.clld.org/values/1-770-269-1>		<http://ids.clld.org/parameters/1-770>		<http://ids.clld.org/values/1-770-286-1>		"šio šio"@pav	
"mama"@ayr	<http://ids.clld.org/values/2-360-269-3>		<http://ids.clld.org/parameters/2-360>		<http://ids.clld.org/values/2-360-286-1>		"naʔ"@pav	
"čˀuχ-ɲa"@ayr	<http://ids.clld.org/values/15-680-269-1>		<http://ids.clld.org/parameters/15-680>		<http://ids.clld.org/values/15-680-286-1>		"tb̃um"@pav	
"xiwaya-ɲa"@ayr	<http://ids.clld.org/values/4-760-269-1>		<http://ids.clld.org/parameters/4-760>		<http://ids.clld.org/values/4-760-286-1>		"paʔ"@pav	
"xaylʸi-ɲa"@ayr	<http://ids.clld.org/values/18-120-269-1>		<http://ids.clld.org/parameters/18-120>		<http://ids.clld.org/values/18-120-286-1>		"kom"@pav	
"suma"@ayr	<http://ids.clld.org/values/16-710-269-1>		<http://ids.clld.org/parameters/16-710>		<http://ids.clld.org/values/16-710-286-1>		"awi"@pav	
"taḳi"@ayr	<http://ids.clld.org/values/13-140-269-3>		<http://ids.clld.org/parameters/13-140>		<http://ids.clld.org/values/13-140-286-1>		"šam"@pav	
"ampara"@ayr	<http://ids.clld.org/values/4-330-269-1>		<http://ids.clld.org/parameters/4-330>		<http://ids.clld.org/values/4-330-286-1>		"mišiʔ"@pav	
"ampara"@ayr	<http://ids.clld.org/values/4-330-269-1>		<http://ids.clld.org/parameters/4-330>		<http://ids.clld.org/values/4-330-286-3>		"(umʔ)"@pav	
"čˀiḳa"@ayr	<http://ids.clld.org/values/12-420-269-1>		<http://ids.clld.org/parameters/12-420>		<http://ids.clld.org/values/12-420-286-1>		"parayišiʔ"@pav	
"ɲikˀuta"@ayr	<http://ids.clld.org/values/4-140-269-1>		<http://ids.clld.org/parameters/4-140>		<http://ids.clld.org/values/4-140-286-1>		"tenenešiʔ"@pav	
"ɲikˀuta"@ayr	<http://ids.clld.org/values/4-140-269-1>		<http://ids.clld.org/parameters/4-140>		<http://ids.clld.org/values/4-140-286-3>		"tenenein (šun)"@pav	
"iki-ɲa"@ayr	<http://ids.clld.org/values/4-610-269-1>		<http://ids.clld.org/parameters/4-610>		<http://ids.clld.org/values/4-610-286-1>		"piʔam"@pav	
"ḳˀaptʰapi-ɲa"@ayr	<http://ids.clld.org/values/9-343-269-1>		<http://ids.clld.org/parameters/9-343>		<http://ids.clld.org/values/9-343-286-1>		"humʔ"@pav	
"anča"@ayr	<http://ids.clld.org/values/13-150-269-1>		<http://ids.clld.org/parameters/13-150>		<http://ids.clld.org/values/13-150-286-1>		"iriʔ miyo/ miya"@pav	
"mačaḳa"@ayr	<http://ids.clld.org/values/14-130-269-1>		<http://ids.clld.org/parameters/14-130>		<http://ids.clld.org/values/14-130-286-1>		"šokori"@pav	
"uɲxa-ɲa"@ayr	<http://ids.clld.org/values/15-510-269-1>		<http://ids.clld.org/parameters/15-510>		<http://ids.clld.org/values/15-510-286-1>		"kerek"@pav	
"xupa"@ayr	<http://ids.clld.org/values/2-930-269-1>		<http://ids.clld.org/parameters/2-930>		<http://ids.clld.org/values/2-930-286-1>		"ko maʔ"@pav	
"urḳu"@ayr	<http://ids.clld.org/values/2-230-269-1>		<http://ids.clld.org/parameters/2-230>		<http://ids.clld.org/values/2-230-286-1>		"taramaʔ"@pav	
"čača"@ayr	<http://ids.clld.org/values/2-310-269-1>		<http://ids.clld.org/parameters/2-310>		<http://ids.clld.org/values/2-310-286-1>		"taši"@pav	
"ačači"@ayr	<http://ids.clld.org/values/14-150-269-1>		<http://ids.clld.org/parameters/14-150>		<http://ids.clld.org/values/14-150-286-1>		"maraʔ"@pav	
"ačači"@ayr	<http://ids.clld.org/values/14-150-269-1>		<http://ids.clld.org/parameters/14-150>		<http://ids.clld.org/values/14-150-286-3>		"horon"@pav	
"pʰaxsi"@ayr	<http://ids.clld.org/values/1-530-269-1>		<http://ids.clld.org/parameters/1-530>		<http://ids.clld.org/values/1-530-286-1>		"panawoʔ"@pav	
"xiwata"@ayr	<http://ids.clld.org/values/4-750-269-1>		<http://ids.clld.org/parameters/4-750>		<http://ids.clld.org/values/4-750-286-3>		"konoʔ"@pav	
"xiwata"@ayr	<http://ids.clld.org/values/4-750-269-1>		<http://ids.clld.org/parameters/4-750>		<http://ids.clld.org/values/4-750-286-1>		"miʔ pin"@pav	
"wara-wara"@ayr	<http://ids.clld.org/values/1-540-269-1>		<http://ids.clld.org/parameters/1-540>		<http://ids.clld.org/values/1-540-286-1>		"piyoʔ"@pav	
"tʰaya"@ayr	<http://ids.clld.org/values/1-720-269-1>		<http://ids.clld.org/parameters/1-720>		<http://ids.clld.org/values/1-720-286-1>		"hotowa"@pav	
"panḳara"@ayr	<http://ids.clld.org/values/8-570-269-1>		<http://ids.clld.org/parameters/8-570>		<http://ids.clld.org/values/8-570-286-3>		"wiyein"@pav	
"panḳara"@ayr	<http://ids.clld.org/values/8-570-269-1>		<http://ids.clld.org/parameters/8-570>		<http://ids.clld.org/values/8-570-286-1>		"piwain"@pav	
"ḳˀilʸu"@ayr	<http://ids.clld.org/values/15-690-269-1>		<http://ids.clld.org/parameters/15-690>		<http://ids.clld.org/values/15-690-286-1>		"košik"@pav	
"xalxa-ɲa"@ayr	<http://ids.clld.org/values/9-270-269-1>		<http://ids.clld.org/parameters/9-270>		<http://ids.clld.org/values/9-270-286-1>		"toʔ pahot"@pav	
"xalxa-ɲa"@ayr	<http://ids.clld.org/values/9-270-269-1>		<http://ids.clld.org/parameters/9-270>		<http://ids.clld.org/values/9-270-286-3>		"toʔ pahorohot"@pav	
"laka"@ayr	<http://ids.clld.org/values/4-240-269-1>		<http://ids.clld.org/parameters/4-240>		<http://ids.clld.org/values/4-240-286-1>		"kapiyašiʔ (topak)"@pav	
"ḳura"@ayr	<http://ids.clld.org/values/8-510-269-1>		<http://ids.clld.org/parameters/8-510>		<http://ids.clld.org/values/8-510-286-1>		"tononoin"@pav	
"čawlʸa"@ayr	<http://ids.clld.org/values/3-650-269-1>		<http://ids.clld.org/parameters/3-650>		<http://ids.clld.org/values/3-650-286-1>		"hwam (hwamišiʔ)"@pav	
"xiḳˀi"@ayr	<http://ids.clld.org/values/1-830-269-1>		<http://ids.clld.org/parameters/1-830>		<http://ids.clld.org/values/1-830-286-1>		"tainʔ"@pav	
"čara"@ayr	<http://ids.clld.org/values/4-350-269-1>		<http://ids.clld.org/parameters/4-350>		<http://ids.clld.org/values/4-350-286-1>		"pišiyašiʔ"@pav	
"čara"@ayr	<http://ids.clld.org/values/4-350-269-1>		<http://ids.clld.org/parameters/4-350>		<http://ids.clld.org/values/4-350-286-3>		"kokošiʔ"@pav	
"kunka"@ayr	<http://ids.clld.org/values/4-280-269-1>		<http://ids.clld.org/parameters/4-280>		<http://ids.clld.org/values/4-280-286-1>		"paramašiʔ"@pav	
"urpu"@ayr	<http://ids.clld.org/values/1-740-269-1>		<http://ids.clld.org/parameters/1-740>		<http://ids.clld.org/values/1-740-286-1>		"murukukuʔ"@pav	
"alala"@ayr	<http://ids.clld.org/values/15-860-269-3>		<http://ids.clld.org/parameters/15-860>		<http://ids.clld.org/values/15-860-286-1>		"šio"@pav	
"alala"@ayr	<http://ids.clld.org/values/15-860-269-3>		<http://ids.clld.org/parameters/15-860>		<http://ids.clld.org/values/15-860-286-3>		"kapinʔ"@pav	
"manḳˀa-ɲa"@ayr	<http://ids.clld.org/values/5-110-269-1>		<http://ids.clld.org/parameters/5-110>		<http://ids.clld.org/values/5-110-286-1>		"kaoʔ"@pav	
"manḳˀa-ɲa"@ayr	<http://ids.clld.org/values/5-110-269-1>		<http://ids.clld.org/parameters/5-110>		<http://ids.clld.org/values/5-110-286-3>		"kakakaoʔ"@pav	
"xačˀa"@ayr	<http://ids.clld.org/values/12-550-269-1>		<http://ids.clld.org/parameters/12-550>		<http://ids.clld.org/values/12-550-286-1>		"hwaraʔ"@pav	
"xačˀa"@ayr	<http://ids.clld.org/values/12-550-269-1>		<http://ids.clld.org/parameters/12-550>		<http://ids.clld.org/values/12-550-286-3>		"horon"@pav	
"ḳʰilʸa"@ayr	<http://ids.clld.org/values/1-840-269-1>		<http://ids.clld.org/parameters/1-840>		<http://ids.clld.org/values/1-840-286-1>		"topakon"@pav	
"katu-ɲa"@ayr	<http://ids.clld.org/values/20-610-269-1>		<http://ids.clld.org/parameters/20-610>		<http://ids.clld.org/values/20-610-286-1>		"yiʔam"@pav	
"laḳampu"@ayr	<http://ids.clld.org/values/1-510-269-3>		<http://ids.clld.org/parameters/1-510>		<http://ids.clld.org/values/1-510-286-1>		"nanawin"@pav	
"uywa"@ayr	<http://ids.clld.org/values/3-110-269-1>		<http://ids.clld.org/parameters/3-110>		<http://ids.clld.org/values/3-110-286-1>		"karawa"@pav	
"xari-ɲa"@ayr	<http://ids.clld.org/values/9-360-269-1>		<http://ids.clld.org/parameters/9-360>		<http://ids.clld.org/values/9-360-286-3>		"toʔ"@pav	
"xari-ɲa"@ayr	<http://ids.clld.org/values/9-360-269-1>		<http://ids.clld.org/parameters/9-360>		<http://ids.clld.org/values/9-360-286-1>		"hohok"@pav	
"lupˀi-ɲa"@ayr	<http://ids.clld.org/values/17-130-269-1>		<http://ids.clld.org/parameters/17-130>		<http://ids.clld.org/values/17-130-286-1>		"koromikat"@pav	
"asiru"@ayr	<http://ids.clld.org/values/3-850-269-1>		<http://ids.clld.org/parameters/3-850>		<http://ids.clld.org/values/3-850-286-1>		"emʔ"@pav	
"inti"@ayr	<http://ids.clld.org/values/1-520-269-1>		<http://ids.clld.org/parameters/1-520>		<http://ids.clld.org/values/1-520-286-1>		"šina"@pav	
"aruma"@ayr	<http://ids.clld.org/values/14-420-269-1>		<http://ids.clld.org/parameters/14-420>		<http://ids.clld.org/values/14-420-286-1>		"šim"@pav	
"čiḳa"@ayr	<http://ids.clld.org/values/16-730-269-1>		<http://ids.clld.org/parameters/16-730>		<http://ids.clld.org/values/16-730-286-1>		"šoʔ"@pav	
"walkʰa"@ayr	<http://ids.clld.org/values/13-181-269-1>		<http://ids.clld.org/parameters/13-181>		<http://ids.clld.org/values/13-181-286-1>		"arakaʔ"@pav	
"xučˀusa"@ayr	<http://ids.clld.org/values/12-650-269-1>		<http://ids.clld.org/parameters/12-650>		<http://ids.clld.org/values/12-650-286-1>		"šašiʔ"@pav	
"čˀuku-ɲa"@ayr	<http://ids.clld.org/values/6-350-269-1>		<http://ids.clld.org/parameters/6-350>		<http://ids.clld.org/values/6-350-286-1>		"ok"@pav	
"awki"@ayr	<http://ids.clld.org/values/2-350-269-1>		<http://ids.clld.org/parameters/2-350>		<http://ids.clld.org/values/2-350-286-1>		"te"@pav	
"istˀa-ɲa"@ayr	<http://ids.clld.org/values/15-410-269-1>		<http://ids.clld.org/parameters/15-410>		<http://ids.clld.org/values/15-410-286-1>		"tarayu"@pav	
"ḳinaya"@ayr	<http://ids.clld.org/values/1-730-269-1>		<http://ids.clld.org/parameters/1-730>		<http://ids.clld.org/values/1-730-286-1>		"tayain nanawin"@pav	
"kˀawna"@ayr	<http://ids.clld.org/values/5-970-269-1>		<http://ids.clld.org/parameters/5-970>		<http://ids.clld.org/values/5-970-286-1>		"arayein"@pav	
"laḳˀa"@ayr	<http://ids.clld.org/values/1-213-269-1>		<http://ids.clld.org/parameters/1-213>		<http://ids.clld.org/values/1-213-286-1>		"tainʔ"@pav	
"wawa"@ayr	<http://ids.clld.org/values/2-270-269-1>		<http://ids.clld.org/parameters/2-270>		<http://ids.clld.org/values/2-270-286-1>		"piyeʔ"@pav	
"ari"@ayr	<http://ids.clld.org/values/15-780-269-1>		<http://ids.clld.org/parameters/15-780>		<http://ids.clld.org/values/15-780-286-1>		"šaʔ"@pav	
"pˀiḳi"@ayr	<http://ids.clld.org/values/4-200-269-1>		<http://ids.clld.org/parameters/4-200>		<http://ids.clld.org/values/4-200-286-1>		"winašiʔ (wayiʔ)"@pav	
"naya"@ayr	<http://ids.clld.org/values/2-910-269-1>		<http://ids.clld.org/parameters/2-910>		<http://ids.clld.org/values/2-910-286-1>		"wataʔ"@pav	
"tʰakʰi"@ayr	<http://ids.clld.org/values/10-720-269-1>		<http://ids.clld.org/parameters/10-720>		<http://ids.clld.org/values/10-720-286-1>		"wana (wanayišiʔ)"@pav	
"xupanaka"@ayr	<http://ids.clld.org/values/2-960-269-1>		<http://ids.clld.org/parameters/2-960>		<http://ids.clld.org/values/2-960-286-1>		"karam maʔ"@pav	
"xaḳukipa-ɲa"@ayr	<http://ids.clld.org/values/10-130-269-1>		<http://ids.clld.org/parameters/10-130>		<http://ids.clld.org/values/10-130-286-1>		"yami"@pav	
"sa-ɲa"@ayr	<http://ids.clld.org/values/18-220-269-1>		<http://ids.clld.org/parameters/18-220>		<http://ids.clld.org/values/18-220-286-1>		"tomiʔ šoʔ"@pav	
"kayu"@ayr	<http://ids.clld.org/values/4-370-269-1>		<http://ids.clld.org/parameters/4-370>		<http://ids.clld.org/values/4-370-286-1>		"kašimašiʔ (kašim)"@pav	
"nuwasi-ɲa"@ayr	<http://ids.clld.org/values/20-110-269-1>		<http://ids.clld.org/parameters/20-110>		<http://ids.clld.org/values/20-110-286-1>		"mišita"@pav	
"ḳala"@ayr	<http://ids.clld.org/values/1-440-269-1>		<http://ids.clld.org/parameters/1-440>		<http://ids.clld.org/values/1-440-286-1>		"pakun"@pav	
"warmi"@ayr	<http://ids.clld.org/values/2-320-269-1>		<http://ids.clld.org/parameters/2-320>		<http://ids.clld.org/values/2-320-286-1>		"mana"@pav	
"čˀalʸa"@ayr	<http://ids.clld.org/values/1-215-269-1>		<http://ids.clld.org/parameters/1-215>		<http://ids.clld.org/values/1-215-286-1>		"namayi"@pav	
"čˀumi"@ayr	<http://ids.clld.org/values/1-410-269-1>		<http://ids.clld.org/parameters/1-410>		<http://ids.clld.org/values/1-410-286-1>		"nahwarak"@pav	
"pˀusu"@ayr	<http://ids.clld.org/values/4-853-269-1>		<http://ids.clld.org/parameters/4-853>		<http://ids.clld.org/values/4-853-286-1>		"mom"@pav	
"nukʰu-ɲa"@ayr	<http://ids.clld.org/values/10-670-269-1>		<http://ids.clld.org/parameters/10-670>		<http://ids.clld.org/values/10-670-286-1>		"yök"@pav	
"čilʸḳi-ɲa"@ayr	<http://ids.clld.org/values/10-450-269-3>		<http://ids.clld.org/parameters/10-450>		<http://ids.clld.org/values/10-450-286-1>		"šut"@pav	
"čilʸḳi-ɲa"@ayr	<http://ids.clld.org/values/10-450-269-3>		<http://ids.clld.org/parameters/10-450>		<http://ids.clld.org/values/10-450-286-3>		"šurušut"@pav	
"xamačˀi"@ayr	<http://ids.clld.org/values/3-581-269-1>		<http://ids.clld.org/parameters/3-581>		<http://ids.clld.org/values/3-581-286-1>		"me"@pav	
"čˀiyara"@ayr	<http://ids.clld.org/values/15-650-269-1>		<http://ids.clld.org/parameters/15-650>		<http://ids.clld.org/values/15-650-286-1>		"mišem"@pav	
"laka čˀakʰa"@ayr	<http://ids.clld.org/values/4-270-269-1>		<http://ids.clld.org/parameters/4-270>		<http://ids.clld.org/values/4-270-286-1>		"šišiʔ (yat)"@pav	
"xaḳi"@ayr	<http://ids.clld.org/values/2-100-269-1>		<http://ids.clld.org/parameters/2-100>		<http://ids.clld.org/values/2-100-286-1>		"wariʔ"@pav	
"liḳˀi-ɲa"@ayr	<http://ids.clld.org/values/9-210-269-1>		<http://ids.clld.org/parameters/9-210>		<http://ids.clld.org/values/9-210-286-1>		"toʔ"@pav	
"wilʸka"@ayr	<http://ids.clld.org/values/1-520-269-3>		<http://ids.clld.org/parameters/1-520>		<http://ids.clld.org/values/1-520-286-1>		"šina"@pav	
"kʰitʰu-ɲa"@ayr	<http://ids.clld.org/values/5-480-269-1>		<http://ids.clld.org/parameters/5-480>		<http://ids.clld.org/values/5-480-286-1>		"kuruk"@pav	
"xiskˀa"@ayr	<http://ids.clld.org/values/12-560-269-1>		<http://ids.clld.org/parameters/12-560>		<http://ids.clld.org/values/12-560-286-1>		"wiyimain"@pav	
"anu"@ayr	<http://ids.clld.org/values/3-610-269-1>		<http://ids.clld.org/parameters/3-610>		<http://ids.clld.org/values/3-610-286-1>		"oromiyak"@pav	
"čˀakʰa"@ayr	<http://ids.clld.org/values/4-160-269-1>		<http://ids.clld.org/parameters/4-160>		<http://ids.clld.org/values/4-160-286-1>		"arašiʔ (at)"@pav	
"pʰuḳa"@ayr	<http://ids.clld.org/values/13-210-269-1>		<http://ids.clld.org/parameters/13-210>		<http://ids.clld.org/values/13-210-286-5>		"maʔam"@pav	
"pʰuḳa"@ayr	<http://ids.clld.org/values/13-210-269-1>		<http://ids.clld.org/parameters/13-210>		<http://ids.clld.org/values/13-210-286-3>		"moromoinʔ"@pav	
"pʰuḳa"@ayr	<http://ids.clld.org/values/13-210-269-1>		<http://ids.clld.org/parameters/13-210>		<http://ids.clld.org/values/13-210-286-1>		"moinʔ"@pav	
"warmi"@ayr	<http://ids.clld.org/values/2-220-269-1>		<http://ids.clld.org/parameters/2-220>		<http://ids.clld.org/values/2-220-286-1>		"narimaʔ"@pav	
"čača"@ayr	<http://ids.clld.org/values/2-210-269-1>		<http://ids.clld.org/parameters/2-210>		<http://ids.clld.org/values/2-210-286-1>		"taramaʔ"@pav	
"uraḳi"@ayr	<http://ids.clld.org/values/1-210-269-1>		<http://ids.clld.org/parameters/1-210>		<http://ids.clld.org/values/1-210-286-1>		"makanʔ"@pav	
"muχsaaču"@ayr	<http://ids.clld.org/values/5-710-269-1>		<http://ids.clld.org/parameters/5-710>		<http://ids.clld.org/values/5-710-286-3>		"winain"@pav	
"muχsaaču"@ayr	<http://ids.clld.org/values/5-710-269-1>		<http://ids.clld.org/parameters/5-710>		<http://ids.clld.org/values/5-710-286-1>		"memem"@pav	
