"ispilʸu"@ayr	<http://ids.clld.org/values/4-250-269-1>		<http://ids.clld.org/parameters/4-250>		<http://ids.clld.org/values/4-250-264-1>		"spɨ ~ špɨ"@cuj	
"xaχu"@ayr	<http://ids.clld.org/values/15-370-269-1>		<http://ids.clld.org/parameters/15-370>		<http://ids.clld.org/values/15-370-264-1>		"psaľo"@cuj	
"xikʰani"@ayr	<http://ids.clld.org/values/4-191-269-1>		<http://ids.clld.org/parameters/4-191>		<http://ids.clld.org/values/4-191-264-1>		"hayixi"@cuj	
"sirkˀi"@ayr	<http://ids.clld.org/values/8-980-269-1>		<http://ids.clld.org/parameters/8-980>		<http://ids.clld.org/values/8-980-264-1>		"kačipɨ"@cuj	
"uḳara"@ayr	<http://ids.clld.org/values/4-950-269-1>		<http://ids.clld.org/parameters/4-950>		<http://ids.clld.org/values/4-950-264-1>		"[mašonti]"@cuj	
"lʸuχi"@ayr	<http://ids.clld.org/values/3-653-269-1>		<http://ids.clld.org/parameters/3-653>		<http://ids.clld.org/values/3-653-264-1>		"tata"@cuj	
"lapˀa"@ayr	<http://ids.clld.org/values/3-811-269-1>		<http://ids.clld.org/parameters/3-811>		<http://ids.clld.org/values/3-811-264-3>		"šep-či"@cuj	
"lapˀa"@ayr	<http://ids.clld.org/values/3-811-269-1>		<http://ids.clld.org/parameters/3-811>		<http://ids.clld.org/values/3-811-264-1>		"xepa"@cuj	
"yatχapaya-ɲa"@ayr	<http://ids.clld.org/values/17-172-269-1>		<http://ids.clld.org/parameters/17-172>		<http://ids.clld.org/values/17-172-264-1>		"yima"@cuj	
"ɲiwkˀi"@ayr	<http://ids.clld.org/values/9-730-269-1>		<http://ids.clld.org/parameters/9-730>		<http://ids.clld.org/values/9-730-264-1>		"tawna"@cuj	
"ɲiwkˀi"@ayr	<http://ids.clld.org/values/9-730-269-1>		<http://ids.clld.org/parameters/9-730>		<http://ids.clld.org/values/9-730-264-3>		"taši"@cuj	
"čʰiwčʰi"@ayr	<http://ids.clld.org/values/3-550-269-1>		<http://ids.clld.org/parameters/3-550>		<http://ids.clld.org/values/3-550-264-1>		"hatʸawripa"@cuj	
"waḳˀaḳi-ɲa"@ayr	<http://ids.clld.org/values/4-570-269-1>		<http://ids.clld.org/parameters/4-570>		<http://ids.clld.org/values/4-570-264-1>		"hapľita"@cuj	
"silʸpˀira-ɲa"@ayr	<http://ids.clld.org/values/5-460-269-1>		<http://ids.clld.org/parameters/5-460>		<http://ids.clld.org/values/5-460-264-1>		"pata"@cuj	
"kunarsa"@ayr	<http://ids.clld.org/values/17-650-269-1>		<http://ids.clld.org/parameters/17-650>		<http://ids.clld.org/values/17-650-264-1>		"hikľɨ"@cuj	
"tunka"@ayr	<http://ids.clld.org/values/13-100-269-1>		<http://ids.clld.org/parameters/13-100>		<http://ids.clld.org/values/13-100-264-1>		"pamoľe"@cuj	
"kˀulʸu"@ayr	<http://ids.clld.org/values/1-430-269-1>		<http://ids.clld.org/parameters/1-430>		<http://ids.clld.org/values/1-430-264-1>		"hah-mɨna"@cuj	
"kˀulʸu"@ayr	<http://ids.clld.org/values/1-430-269-1>		<http://ids.clld.org/parameters/1-430>		<http://ids.clld.org/values/1-430-264-3>		"mɨna"@cuj	
"imilʸa wawa"@ayr	<http://ids.clld.org/values/2-420-269-3>		<http://ids.clld.org/parameters/2-420>		<http://ids.clld.org/values/2-420-264-1>		"šičo ~ nšičo"@cuj	
"katu-ɲa"@ayr	<http://ids.clld.org/values/11-130-269-1>		<http://ids.clld.org/parameters/11-130>		<http://ids.clld.org/values/11-130-264-1>		"hani-ka"@cuj	
"pʰuyu"@ayr	<http://ids.clld.org/values/4-393-269-1>		<http://ids.clld.org/parameters/4-393>		<http://ids.clld.org/values/4-393-264-1>		"mexi"@cuj	
"ɲačˀa-ɲa"@ayr	<http://ids.clld.org/values/9-160-269-1>		<http://ids.clld.org/parameters/9-160>		<http://ids.clld.org/values/9-160-264-1>		"hišrika"@cuj	
"yuka"@ayr	<http://ids.clld.org/values/8-920-269-1>		<http://ids.clld.org/parameters/8-920>		<http://ids.clld.org/values/8-920-264-1>		"ximeka"@cuj	
"anata-ɲa"@ayr	<http://ids.clld.org/values/16-260-269-1>		<http://ids.clld.org/parameters/16-260>		<http://ids.clld.org/values/16-260-264-1>		"hapnoka-wa-ta"@cuj	
"laymi"@ayr	<http://ids.clld.org/values/8-550-269-1>		<http://ids.clld.org/parameters/8-550>		<http://ids.clld.org/values/8-550-264-5>		"xe"@cuj	
"laymi"@ayr	<http://ids.clld.org/values/8-550-269-1>		<http://ids.clld.org/parameters/8-550>		<http://ids.clld.org/values/8-550-264-3>		"c̷ki"@cuj	
"laymi"@ayr	<http://ids.clld.org/values/8-550-269-1>		<http://ids.clld.org/parameters/8-550>		<http://ids.clld.org/values/8-550-264-1>		"pľɨ"@cuj	
"ḳˀixu-ḳˀixu"@ayr	<http://ids.clld.org/values/1-550-269-1>		<http://ids.clld.org/parameters/1-550>		<http://ids.clld.org/values/1-550-264-1>		"rawrakľe"@cuj	
"kˀuti"@ayr	<http://ids.clld.org/values/3-813-269-1>		<http://ids.clld.org/parameters/3-813>		<http://ids.clld.org/values/3-813-264-1>		"kočopa"@cuj	
"xaka-ɲa"@ayr	<http://ids.clld.org/values/4-740-269-1>		<http://ids.clld.org/parameters/4-740>		<http://ids.clld.org/values/4-740-264-1>		"hiweka"@cuj	
"ḳunḳuri"@ayr	<http://ids.clld.org/values/4-360-269-1>		<http://ids.clld.org/parameters/4-360>		<http://ids.clld.org/values/4-360-264-1>		"soxi"@cuj	
"čˀuru"@ayr	<http://ids.clld.org/values/3-940-269-1>		<http://ids.clld.org/parameters/3-940>		<http://ids.clld.org/values/3-940-264-1>		"šišrikapi"@cuj	
"ḳˀuptʰapita"@ayr	<http://ids.clld.org/values/15-890-269-1>		<http://ids.clld.org/parameters/15-890>		<http://ids.clld.org/values/15-890-264-1>		"kačiyo"@cuj	
"ḳulʸa-ɲa"@ayr	<http://ids.clld.org/values/4-860-269-1>		<http://ids.clld.org/parameters/4-860>		<http://ids.clld.org/values/4-860-264-1>		"hic̷kaľaka"@cuj	
"katxa-ɲa"@ayr	<http://ids.clld.org/values/20-650-269-1>		<http://ids.clld.org/parameters/20-650>		<http://ids.clld.org/values/20-650-264-1>		"hic̷eka"@cuj	
"čˀipʰuḳi-ɲa"@ayr	<http://ids.clld.org/values/4-215-269-1>		<http://ids.clld.org/parameters/4-215>		<http://ids.clld.org/values/4-215-264-1>		"hixpɨka"@cuj	
"lʸaytʰa"@ayr	<http://ids.clld.org/values/4-820-269-1>		<http://ids.clld.org/parameters/4-820>		<http://ids.clld.org/values/4-820-264-1>		"pohro"@cuj	
"kʰulʸkutaya"@ayr	<http://ids.clld.org/values/3-594-269-3>		<http://ids.clld.org/parameters/3-594>		<http://ids.clld.org/values/3-594-264-1>		"kamowa"@cuj	
"tʰiya"@ayr	<http://ids.clld.org/values/12-360-269-1>		<http://ids.clld.org/parameters/12-360>		<http://ids.clld.org/values/12-360-264-1>		"tamnɨ"@cuj	
"xipʰilʸa"@ayr	<http://ids.clld.org/values/4-461-269-1>		<http://ids.clld.org/parameters/4-461>		<http://ids.clld.org/values/4-461-264-1>		"hičkapi"@cuj	
"čˀarana"@ayr	<http://ids.clld.org/values/15-830-269-1>		<http://ids.clld.org/parameters/15-830>		<http://ids.clld.org/values/15-830-264-3>		"kha"@cuj	
"čˀarana"@ayr	<http://ids.clld.org/values/15-830-269-1>		<http://ids.clld.org/parameters/15-830>		<http://ids.clld.org/values/15-830-264-1>		"hi-ha-ka"@cuj	
"pʰusa-ɲa"@ayr	<http://ids.clld.org/values/10-380-269-1>		<http://ids.clld.org/parameters/10-380>		<http://ids.clld.org/values/10-380-264-1>		"haxpoka"@cuj	
"laru-ɲa"@ayr	<http://ids.clld.org/values/16-250-269-1>		<http://ids.clld.org/parameters/16-250>		<http://ids.clld.org/values/16-250-264-1>		"hic̷oľhiwata"@cuj	
"usuča-ɲa"@ayr	<http://ids.clld.org/values/11-280-269-1>		<http://ids.clld.org/parameters/11-280>		<http://ids.clld.org/values/11-280-264-1>		"himtɨteta"@cuj	
"xaḳi-časi-ɲa"@ayr	<http://ids.clld.org/values/2-330-269-1>		<http://ids.clld.org/parameters/2-330>		<http://ids.clld.org/values/2-330-264-1>		"kašimyota"@cuj	
"tumi"@ayr	<http://ids.clld.org/values/5-380-269-1>		<http://ids.clld.org/parameters/5-380>		<http://ids.clld.org/values/5-380-264-1>		"wa-ta"@cuj	
"taykčˀi"@ayr	<http://ids.clld.org/values/2-620-269-1>		<http://ids.clld.org/parameters/2-620>		<http://ids.clld.org/values/2-620-264-1>		"himaxiro"@cuj	
"tʰaya"@ayr	<http://ids.clld.org/values/15-860-269-1>		<http://ids.clld.org/parameters/15-860>		<http://ids.clld.org/values/15-860-264-1>		"kačik-ľe-rɨ"@cuj	
"uma-ɲa"@ayr	<http://ids.clld.org/values/5-130-269-1>		<http://ids.clld.org/parameters/5-130>		<http://ids.clld.org/values/5-130-264-1>		"hašroka"@cuj	
"pʰičʰaɲa"@ayr	<http://ids.clld.org/values/1-851-269-1>		<http://ids.clld.org/parameters/1-851>		<http://ids.clld.org/values/1-851-264-3>		"haľha"@cuj	
"pʰičʰaɲa"@ayr	<http://ids.clld.org/values/1-851-269-1>		<http://ids.clld.org/parameters/1-851>		<http://ids.clld.org/values/1-851-264-1>		"hapkaha"@cuj	
"sulʸkiri xila"@ayr	<http://ids.clld.org/values/2-445-269-1>		<http://ids.clld.org/parameters/2-445>		<http://ids.clld.org/values/2-445-264-1>		"hepɨ-rɨ"@cuj	
"muna-ɲa"@ayr	<http://ids.clld.org/values/16-270-269-1>		<http://ids.clld.org/parameters/16-270>		<http://ids.clld.org/values/16-270-264-3>		"hišinika"@cuj	
"muna-ɲa"@ayr	<http://ids.clld.org/values/16-270-269-1>		<http://ids.clld.org/parameters/16-270>		<http://ids.clld.org/values/16-270-264-1>		"haľɨka"@cuj	
"marka-čiri"@ayr	<http://ids.clld.org/values/19-210-269-1>		<http://ids.clld.org/parameters/19-210>		<http://ids.clld.org/values/19-210-264-1>		"yine"@cuj	
"aχsara-ɲa"@ayr	<http://ids.clld.org/values/16-530-269-1>		<http://ids.clld.org/parameters/16-530>		<http://ids.clld.org/values/16-530-264-1>		"pika"@cuj	
"liχwi"@ayr	<http://ids.clld.org/values/4-203-269-1>		<http://ids.clld.org/parameters/4-203>		<http://ids.clld.org/values/4-203-264-1>		"hašiče"@cuj	
"mičˀi"@ayr	<http://ids.clld.org/values/20-250-269-1>		<http://ids.clld.org/parameters/20-250>		<http://ids.clld.org/values/20-250-264-1>		"kašri"@cuj	
"kunasa"@ayr	<http://ids.clld.org/values/17-640-269-1>		<http://ids.clld.org/parameters/17-640>		<http://ids.clld.org/values/17-640-264-1>		"kľa"@cuj	
"kunasa"@ayr	<http://ids.clld.org/values/17-640-269-1>		<http://ids.clld.org/parameters/17-640>		<http://ids.clld.org/values/17-640-264-3>		"kľɨ"@cuj	
"čˀamu-ɲa"@ayr	<http://ids.clld.org/values/5-160-269-1>		<http://ids.clld.org/parameters/5-160>		<http://ids.clld.org/values/5-160-264-1>		"haši-ča"@cuj	
"pʰatanka"@ayr	<http://ids.clld.org/values/4-460-269-1>		<http://ids.clld.org/parameters/4-460>		<http://ids.clld.org/values/4-460-264-1>		"hička-mapa"@cuj	
"xiya-ɲa"@ayr	<http://ids.clld.org/values/9-330-269-1>		<http://ids.clld.org/parameters/9-330>		<http://ids.clld.org/values/9-330-264-1>		"kose-ta"@cuj	
"xačˀista-ɲa"@ayr	<http://ids.clld.org/values/4-540-269-1>		<http://ids.clld.org/parameters/4-540>		<http://ids.clld.org/values/4-540-264-1>		"hečhota"@cuj	
"kˀiwča"@ayr	<http://ids.clld.org/values/4-450-269-1>		<http://ids.clld.org/parameters/4-450>		<http://ids.clld.org/values/4-450-264-1>		"ho-pna"@cuj	
"xiwa-ɲa"@ayr	<http://ids.clld.org/values/4-750-269-3>		<http://ids.clld.org/parameters/4-750>		<http://ids.clld.org/values/4-750-264-1>		"hi-pna"@cuj	
"xiwa-ɲa"@ayr	<http://ids.clld.org/values/4-750-269-3>		<http://ids.clld.org/parameters/4-750>		<http://ids.clld.org/values/4-750-264-3>		"hipɨka"@cuj	
"yati-ɲa"@ayr	<http://ids.clld.org/values/17-170-269-1>		<http://ids.clld.org/parameters/17-170>		<http://ids.clld.org/values/17-170-264-1>		"himata"@cuj	
"lʸawu-ɲa"@ayr	<http://ids.clld.org/values/10-140-269-1>		<http://ids.clld.org/parameters/10-140>		<http://ids.clld.org/values/10-140-264-1>		"powata"@cuj	
"ḳari-ɲa"@ayr	<http://ids.clld.org/values/4-910-269-3>		<http://ids.clld.org/parameters/4-910>		<http://ids.clld.org/values/4-910-264-1>		"hama"@cuj	
"ḳari-ɲa"@ayr	<http://ids.clld.org/values/4-910-269-3>		<http://ids.clld.org/parameters/4-910>		<http://ids.clld.org/values/4-910-264-3>		"hipčiha"@cuj	
"xuta-ɲa"@ayr	<http://ids.clld.org/values/10-480-269-1>		<http://ids.clld.org/parameters/10-480>		<http://ids.clld.org/values/10-480-264-1>		"hina"@cuj	
"kˀana-ɲa"@ayr	<http://ids.clld.org/values/6-921-269-1>		<http://ids.clld.org/parameters/6-921>		<http://ids.clld.org/values/6-921-264-1>		"kamapita"@cuj	
"mara"@ayr	<http://ids.clld.org/values/14-730-269-1>		<http://ids.clld.org/parameters/14-730>		<http://ids.clld.org/values/14-730-264-1>		"waľapɨ"@cuj	
"tʰiχni"@ayr	<http://ids.clld.org/values/4-463-269-1>		<http://ids.clld.org/parameters/4-463>		<http://ids.clld.org/values/4-463-264-3>		"ywaľitʸa"@cuj	
"tʰiχni"@ayr	<http://ids.clld.org/values/4-463-269-1>		<http://ids.clld.org/parameters/4-463>		<http://ids.clld.org/values/4-463-264-1>		"moto"@cuj	
"silʸḳˀu"@ayr	<http://ids.clld.org/values/3-840-269-1>		<http://ids.clld.org/parameters/3-840>		<http://ids.clld.org/values/3-840-264-1>		"c̷omi"@cuj	
"ḳuri"@ayr	<http://ids.clld.org/values/9-640-269-1>		<http://ids.clld.org/parameters/9-640>		<http://ids.clld.org/values/9-640-264-1>		"kori"@cuj	
"ispa"@ayr	<http://ids.clld.org/values/2-458-269-1>		<http://ids.clld.org/parameters/2-458>		<http://ids.clld.org/values/2-458-264-1>		"hepiritɨ ~ hepirɨtɨ"@cuj	
"ḳarḳa"@ayr	<http://ids.clld.org/values/1-440-269-3>		<http://ids.clld.org/parameters/1-440>		<http://ids.clld.org/values/1-440-264-1>		"sotľɨ"@cuj	
"xača-ɲa"@ayr	<http://ids.clld.org/values/16-370-269-1>		<http://ids.clld.org/parameters/16-370>		<http://ids.clld.org/values/16-370-264-3>		"sapľe"@cuj	
"xača-ɲa"@ayr	<http://ids.clld.org/values/16-370-269-1>		<http://ids.clld.org/parameters/16-370>		<http://ids.clld.org/values/16-370-264-1>		"čiyaha-ta"@cuj	
"tʰakʰi"@ayr	<http://ids.clld.org/values/10-710-269-1>		<http://ids.clld.org/parameters/10-710>		<http://ids.clld.org/values/10-710-264-1>		"hapo"@cuj	
"tʰakʰi"@ayr	<http://ids.clld.org/values/10-710-269-1>		<http://ids.clld.org/parameters/10-710>		<http://ids.clld.org/values/10-710-264-3>		"hatnɨ"@cuj	
"tulʸḳa"@ayr	<http://ids.clld.org/values/2-630-269-1>		<http://ids.clld.org/parameters/2-630>		<http://ids.clld.org/values/2-630-264-1>		"mekanɨrɨ"@cuj	
"tuyu-ɲa"@ayr	<http://ids.clld.org/values/10-350-269-1>		<http://ids.clld.org/parameters/10-350>		<http://ids.clld.org/values/10-350-264-1>		"ha-noha-ta"@cuj	
"ayča"@ayr	<http://ids.clld.org/values/5-610-269-1>		<http://ids.clld.org/parameters/5-610>		<http://ids.clld.org/values/5-610-264-1>		"nikči-hitɨ"@cuj	
"ixma"@ayr	<http://ids.clld.org/values/2-760-269-1>		<http://ids.clld.org/parameters/2-760>		<http://ids.clld.org/values/2-760-264-1>		"hipnahnɨrɨtačro"@cuj	
"walʸḳa"@ayr	<http://ids.clld.org/values/6-760-269-1>		<http://ids.clld.org/parameters/6-760>		<http://ids.clld.org/values/6-760-264-1>		"tɨwɨtɨ"@cuj	
"saytˀa-ɲa"@ayr	<http://ids.clld.org/values/12-150-269-1>		<http://ids.clld.org/parameters/12-150>		<http://ids.clld.org/values/12-150-264-1>		"tɨn-wa-ta"@cuj	
"xalʸḳˀa-ɲa"@ayr	<http://ids.clld.org/values/4-590-269-1>		<http://ids.clld.org/parameters/4-590>		<http://ids.clld.org/values/4-590-264-1>		"hemroka"@cuj	
"wakʰu-ɲa"@ayr	<http://ids.clld.org/values/13-107-269-3>		<http://ids.clld.org/parameters/13-107>		<http://ids.clld.org/values/13-107-264-1>		"yanta-ta"@cuj	
"ḳʰirwa"@ayr	<http://ids.clld.org/values/1-240-269-1>		<http://ids.clld.org/parameters/1-240>		<http://ids.clld.org/values/1-240-264-1>		"čpaľe"@cuj	
"ḳʰirwa"@ayr	<http://ids.clld.org/values/1-240-269-1>		<http://ids.clld.org/parameters/1-240>		<http://ids.clld.org/values/1-240-264-3>		"mahka čpaľe"@cuj	
"amaya"@ayr	<http://ids.clld.org/values/4-790-269-1>		<http://ids.clld.org/parameters/4-790>		<http://ids.clld.org/values/4-790-264-1>		"yomľe"@cuj	
"xanḳˀu"@ayr	<http://ids.clld.org/values/15-640-269-1>		<http://ids.clld.org/parameters/15-640>		<http://ids.clld.org/values/15-640-264-1>		"kľata"@cuj	
"tuyu-ɲa"@ayr	<http://ids.clld.org/values/10-340-269-1>		<http://ids.clld.org/parameters/10-340>		<http://ids.clld.org/values/10-340-264-1>		"hikmahata"@cuj	
"tʰusa-ɲa"@ayr	<http://ids.clld.org/values/4-560-269-1>		<http://ids.clld.org/parameters/4-560>		<http://ids.clld.org/values/4-560-264-1>		"c̷kaha"@cuj	
"pili"@ayr	<http://ids.clld.org/values/3-570-269-1>		<http://ids.clld.org/parameters/3-570>		<http://ids.clld.org/values/3-570-264-1>		"hopši"@cuj	
"ačuḳa-ɲa"@ayr	<http://ids.clld.org/values/4-580-269-1>		<http://ids.clld.org/parameters/4-580>		<http://ids.clld.org/values/4-580-264-1>		"haškaka"@cuj	
"ačuḳa-ɲa"@ayr	<http://ids.clld.org/values/4-580-269-1>		<http://ids.clld.org/parameters/4-580>		<http://ids.clld.org/values/4-580-264-3>		"-ta"@cuj	
"laka"@ayr	<http://ids.clld.org/values/12-353-269-1>		<http://ids.clld.org/parameters/12-353>		<http://ids.clld.org/values/12-353-264-1>		"spɨ ~ špɨ"@cuj	
"maxtˀa"@ayr	<http://ids.clld.org/values/2-250-269-1>		<http://ids.clld.org/parameters/2-250>		<http://ids.clld.org/values/2-250-264-1>		"hexha"@cuj	
"nasa"@ayr	<http://ids.clld.org/values/4-230-269-1>		<http://ids.clld.org/parameters/4-230>		<http://ids.clld.org/values/4-230-264-1>		"xri"@cuj	
"tayka"@ayr	<http://ids.clld.org/values/2-360-269-1>		<http://ids.clld.org/parameters/2-360>		<http://ids.clld.org/values/2-360-264-3>		"hin-ro"@cuj	
"tayka"@ayr	<http://ids.clld.org/values/2-360-269-1>		<http://ids.clld.org/parameters/2-360>		<http://ids.clld.org/values/2-360-264-1>		"nato"@cuj	
"laχra"@ayr	<http://ids.clld.org/values/4-260-269-1>		<http://ids.clld.org/parameters/4-260>		<http://ids.clld.org/values/4-260-264-1>		"nnɨ"@cuj	
"muruḳˀu"@ayr	<http://ids.clld.org/values/12-830-269-1>		<http://ids.clld.org/parameters/12-830>		<http://ids.clld.org/values/12-830-264-1>		"poproľsahi"@cuj	
"muruḳˀu"@ayr	<http://ids.clld.org/values/12-830-269-1>		<http://ids.clld.org/parameters/12-830>		<http://ids.clld.org/values/12-830-264-3>		"sahi"@cuj	
"čˀipʰuḳu"@ayr	<http://ids.clld.org/values/4-214-269-1>		<http://ids.clld.org/parameters/4-214>		<http://ids.clld.org/values/4-214-264-1>		"šapta-ha"@cuj	
"ḳapu"@ayr	<http://ids.clld.org/values/6-320-269-1>		<http://ids.clld.org/parameters/6-320>		<http://ids.clld.org/values/6-320-264-1>		"xiwe-ta"@cuj	
"[ḳuḳutrilʸu]"@ayr	<http://ids.clld.org/values/3-970-269-1>		<http://ids.clld.org/parameters/3-970>		<http://ids.clld.org/values/3-970-264-1>		"kšiyo-x-rɨ"@cuj	
"pukulʸu"@ayr	<http://ids.clld.org/values/4-855-269-1>		<http://ids.clld.org/parameters/4-855>		<http://ids.clld.org/values/4-855-264-1>		"xitho"@cuj	
"pukulʸu"@ayr	<http://ids.clld.org/values/4-855-269-1>		<http://ids.clld.org/parameters/4-855>		<http://ids.clld.org/values/4-855-264-3>		"ximľewata"@cuj	
"ḳuḳa"@ayr	<http://ids.clld.org/values/1-420-269-1>		<http://ids.clld.org/parameters/1-420>		<http://ids.clld.org/values/1-420-264-3>		"hah-mɨna"@cuj	
"ḳuḳa"@ayr	<http://ids.clld.org/values/1-420-269-1>		<http://ids.clld.org/parameters/1-420>		<http://ids.clld.org/values/1-420-264-1>		"mɨna"@cuj	
"suti"@ayr	<http://ids.clld.org/values/18-280-269-1>		<http://ids.clld.org/parameters/18-280>		<http://ids.clld.org/values/18-280-264-1>		"hi-waka"@cuj	
"silʸu"@ayr	<http://ids.clld.org/values/4-344-269-1>		<http://ids.clld.org/parameters/4-344>		<http://ids.clld.org/values/4-344-264-1>		"sewata"@cuj	
"ḳuta laka"@ayr	<http://ids.clld.org/values/1-270-269-1>		<http://ids.clld.org/parameters/1-270>		<http://ids.clld.org/values/1-270-264-1>		"wakanɨ"@cuj	
"maya"@ayr	<http://ids.clld.org/values/13-10-269-1>		<http://ids.clld.org/parameters/13-10>		<http://ids.clld.org/values/13-10-264-3>		"satɨ"@cuj	
"maya"@ayr	<http://ids.clld.org/values/13-10-269-1>		<http://ids.clld.org/parameters/13-10>		<http://ids.clld.org/values/13-10-264-1>		"pa"@cuj	
"wičˀinkʰa"@ayr	<http://ids.clld.org/values/4-180-269-1>		<http://ids.clld.org/parameters/4-180>		<http://ids.clld.org/values/4-180-264-1>		"nši"@cuj	
"pataki"@ayr	<http://ids.clld.org/values/12-680-269-1>		<http://ids.clld.org/parameters/12-680>		<http://ids.clld.org/values/12-680-264-1>		"merpi"@cuj	
"uru"@ayr	<http://ids.clld.org/values/14-410-269-1>		<http://ids.clld.org/parameters/14-410>		<http://ids.clld.org/values/14-410-264-1>		"po-kamľa-ľɨ"@cuj	
"ḳulʸu"@ayr	<http://ids.clld.org/values/1-220-269-1>		<http://ids.clld.org/parameters/1-220>		<http://ids.clld.org/values/1-220-264-3>		"pxita"@cuj	
"ḳulʸu"@ayr	<http://ids.clld.org/values/1-220-269-1>		<http://ids.clld.org/parameters/1-220>		<http://ids.clld.org/values/1-220-264-1>		"mahka"@cuj	
"utaanḳa"@ayr	<http://ids.clld.org/values/7-150-269-1>		<http://ids.clld.org/parameters/7-150>		<http://ids.clld.org/values/7-150-264-1>		"pɨtɨ"@cuj	
"sulʸa"@ayr	<http://ids.clld.org/values/1-640-269-1>		<http://ids.clld.org/parameters/1-640>		<http://ids.clld.org/values/1-640-264-1>		"yatsɨnɨ"@cuj	
"xaniwa"@ayr	<http://ids.clld.org/values/17-560-269-1>		<http://ids.clld.org/parameters/17-560>		<http://ids.clld.org/values/17-560-264-3>		"hike"@cuj	
"xaniwa"@ayr	<http://ids.clld.org/values/17-560-269-1>		<http://ids.clld.org/parameters/17-560>		<http://ids.clld.org/values/17-560-264-1>		"hi"@cuj	
"wiru-ɲa"@ayr	<http://ids.clld.org/values/10-370-269-1>		<http://ids.clld.org/parameters/10-370>		<http://ids.clld.org/values/10-370-264-1>		"haľna"@cuj	
"xakʰu-ɲa"@ayr	<http://ids.clld.org/values/13-107-269-1>		<http://ids.clld.org/parameters/13-107>		<http://ids.clld.org/values/13-107-264-1>		"yanta-ta"@cuj	
"[pʰuspʰuru]"@ayr	<http://ids.clld.org/values/1-870-269-1>		<http://ids.clld.org/parameters/1-870>		<http://ids.clld.org/values/1-870-264-1>		"[posporo]"@cuj	
"waranḳa"@ayr	<http://ids.clld.org/values/13-106-269-1>		<http://ids.clld.org/parameters/13-106>		<http://ids.clld.org/values/13-106-264-1>		"[waranka]"@cuj	
"kˀusilʸu"@ayr	<http://ids.clld.org/values/3-760-269-1>		<http://ids.clld.org/parameters/3-760>		<http://ids.clld.org/values/3-760-264-1>		"čko-tɨ"@cuj	
"imanta-ɲa"@ayr	<http://ids.clld.org/values/4-780-269-1>		<http://ids.clld.org/parameters/4-780>		<http://ids.clld.org/values/4-780-264-1>		"kapnata"@cuj	
"ḳʰiya"@ayr	<http://ids.clld.org/values/6-240-269-1>		<http://ids.clld.org/parameters/6-240>		<http://ids.clld.org/values/6-240-264-1>		"waphɨ"@cuj	
"čʰuχu-ɲa"@ayr	<http://ids.clld.org/values/4-650-269-1>		<http://ids.clld.org/parameters/4-650>		<http://ids.clld.org/values/4-650-264-1>		"c̷ɨna-ka"@cuj	
"sira"@ayr	<http://ids.clld.org/values/4-640-269-1>		<http://ids.clld.org/parameters/4-640>		<http://ids.clld.org/values/4-640-264-1>		"hixnɨta"@cuj	
"milʸkˀi"@ayr	<http://ids.clld.org/values/5-860-269-1>		<http://ids.clld.org/parameters/5-860>		<http://ids.clld.org/values/5-860-264-1>		"t-nɨ-ha"@cuj	
"umata awtxaaɲa"@ayr	<http://ids.clld.org/values/5-150-269-1>		<http://ids.clld.org/parameters/5-150>		<http://ids.clld.org/values/5-150-264-1>		"honunˑahatewata"@cuj	
"kʰistʰu-ɲa"@ayr	<http://ids.clld.org/values/5-180-269-1>		<http://ids.clld.org/parameters/5-180>		<http://ids.clld.org/values/5-180-264-1>		"hawiyaka"@cuj	
"puri-ɲa"@ayr	<http://ids.clld.org/values/10-550-269-3>		<http://ids.clld.org/parameters/10-550>		<http://ids.clld.org/values/10-550-264-1>		"ha-po-ka"@cuj	
"liwuna"@ayr	<http://ids.clld.org/values/3-720-269-1>		<http://ids.clld.org/parameters/3-720>		<http://ids.clld.org/values/3-720-264-1>		"seroľɨ mhenokľɨ"@cuj	
"lapʰi"@ayr	<http://ids.clld.org/values/8-560-269-1>		<http://ids.clld.org/parameters/8-560>		<http://ids.clld.org/values/8-560-264-1>		"sɨre"@cuj	
"umata"@ayr	<http://ids.clld.org/values/4-980-269-1>		<http://ids.clld.org/parameters/4-980>		<http://ids.clld.org/values/4-980-264-1>		"kapoohoxi"@cuj	
"sankˀa"@ayr	<http://ids.clld.org/values/1-841-269-1>		<http://ids.clld.org/parameters/1-841>		<http://ids.clld.org/values/1-841-264-1>		"čič-mero"@cuj	
"sankˀa"@ayr	<http://ids.clld.org/values/1-841-269-1>		<http://ids.clld.org/parameters/1-841>		<http://ids.clld.org/values/1-841-264-3>		"mero"@cuj	
"ali"@ayr	<http://ids.clld.org/values/1-420-269-3>		<http://ids.clld.org/parameters/1-420>		<http://ids.clld.org/values/1-420-264-3>		"hah-mɨna"@cuj	
"ali"@ayr	<http://ids.clld.org/values/1-420-269-3>		<http://ids.clld.org/parameters/1-420>		<http://ids.clld.org/values/1-420-264-1>		"mɨna"@cuj	
"xuykʰu"@ayr	<http://ids.clld.org/values/4-970-269-1>		<http://ids.clld.org/parameters/4-970>		<http://ids.clld.org/values/4-970-264-3>		"metkatɨ"@cuj	
"xuykʰu"@ayr	<http://ids.clld.org/values/4-970-269-1>		<http://ids.clld.org/parameters/4-970>		<http://ids.clld.org/values/4-970-264-1>		"mayhaľetɨ"@cuj	
"kayu wintu"@ayr	<http://ids.clld.org/values/4-372-269-1>		<http://ids.clld.org/parameters/4-372>		<http://ids.clld.org/values/4-372-264-1>		"sc̷ih-xitʸi"@cuj	
"kayu lukˀana"@ayr	<http://ids.clld.org/values/4-380-269-1>		<http://ids.clld.org/parameters/4-380>		<http://ids.clld.org/values/4-380-264-1>		"xitʸi-xi"@cuj	
"xumamaka"@ayr	<http://ids.clld.org/values/2-950-269-1>		<http://ids.clld.org/parameters/2-950>		<http://ids.clld.org/values/2-950-264-3>		"hi-"@cuj	
"xumamaka"@ayr	<http://ids.clld.org/values/2-950-269-1>		<http://ids.clld.org/parameters/2-950>		<http://ids.clld.org/values/2-950-264-1>		"hitʸa"@cuj	
"lʸuχi"@ayr	<http://ids.clld.org/values/3-655-269-1>		<http://ids.clld.org/parameters/3-655>		<http://ids.clld.org/values/3-655-264-1>		"hopawo"@cuj	
"nayra"@ayr	<http://ids.clld.org/values/4-210-269-1>		<http://ids.clld.org/parameters/4-210>		<http://ids.clld.org/values/4-210-264-1>		"yhaľe"@cuj	
"nayra"@ayr	<http://ids.clld.org/values/4-210-269-1>		<http://ids.clld.org/parameters/4-210>		<http://ids.clld.org/values/4-210-264-3>		"ha"@cuj	
"aysa-ɲa"@ayr	<http://ids.clld.org/values/4-520-269-1>		<http://ids.clld.org/parameters/4-520>		<http://ids.clld.org/values/4-520-264-1>		"haphatata"@cuj	
"ḳʰana"@ayr	<http://ids.clld.org/values/1-610-269-1>		<http://ids.clld.org/parameters/1-610>		<http://ids.clld.org/values/1-610-264-1>		"po-kamľa-ľɨ"@cuj	
"usuta"@ayr	<http://ids.clld.org/values/4-840-269-1>		<http://ids.clld.org/parameters/4-840>		<http://ids.clld.org/values/4-840-264-1>		"kapo-haľɨ"@cuj	
"usuta"@ayr	<http://ids.clld.org/values/4-840-269-1>		<http://ids.clld.org/parameters/4-840>		<http://ids.clld.org/values/4-840-264-3>		"poha"@cuj	
"ampara tˀaχlʸi"@ayr	<http://ids.clld.org/values/4-331-269-1>		<http://ids.clld.org/parameters/4-331>		<http://ids.clld.org/values/4-331-264-1>		"stapa-myo"@cuj	
"xarisi-ɲa"@ayr	<http://ids.clld.org/values/4-690-269-1>		<http://ids.clld.org/parameters/4-690>		<http://ids.clld.org/values/4-690-264-1>		"kata"@cuj	
"xarisi-ɲa"@ayr	<http://ids.clld.org/values/4-690-269-1>		<http://ids.clld.org/parameters/4-690>		<http://ids.clld.org/values/4-690-264-3>		"kawa"@cuj	
"itapalʸu"@ayr	<http://ids.clld.org/values/8-970-269-1>		<http://ids.clld.org/parameters/8-970>		<http://ids.clld.org/values/8-970-264-1>		"hačičo"@cuj	
"xuma"@ayr	<http://ids.clld.org/values/2-920-269-1>		<http://ids.clld.org/parameters/2-920>		<http://ids.clld.org/values/2-920-264-3>		"p-"@cuj	
"xuma"@ayr	<http://ids.clld.org/values/2-920-269-1>		<http://ids.clld.org/parameters/2-920>		<http://ids.clld.org/values/2-920-264-5>		"pɨ-"@cuj	
"xuma"@ayr	<http://ids.clld.org/values/2-920-269-1>		<http://ids.clld.org/parameters/2-920>		<http://ids.clld.org/values/2-920-264-1>		"pitʸa"@cuj	
"ɲuɲu"@ayr	<http://ids.clld.org/values/4-410-269-1>		<http://ids.clld.org/parameters/4-410>		<http://ids.clld.org/values/4-410-264-1>		"sta"@cuj	
"ɲuɲu"@ayr	<http://ids.clld.org/values/4-410-269-1>		<http://ids.clld.org/parameters/4-410>		<http://ids.clld.org/values/4-410-264-3>		"t-nɨ"@cuj	
"xayu"@ayr	<http://ids.clld.org/values/5-810-269-1>		<http://ids.clld.org/parameters/5-810>		<http://ids.clld.org/values/5-810-264-3>		"mro"@cuj	
"xayu"@ayr	<http://ids.clld.org/values/5-810-269-1>		<http://ids.clld.org/parameters/5-810>		<http://ids.clld.org/values/5-810-264-1>		"[tɨwɨ]"@cuj	
"čˀuḳi"@ayr	<http://ids.clld.org/values/5-122-269-1>		<http://ids.clld.org/parameters/5-122>		<http://ids.clld.org/values/5-122-264-1>		"herotɨ"@cuj	
"axayu"@ayr	<http://ids.clld.org/values/16-110-269-1>		<http://ids.clld.org/parameters/16-110>		<http://ids.clld.org/values/16-110-264-1>		"kam-či"@cuj	
"ḳamiri"@ayr	<http://ids.clld.org/values/11-510-269-1>		<http://ids.clld.org/parameters/11-510>		<http://ids.clld.org/values/11-510-264-1>		"poniko"@cuj	
"suru"@ayr	<http://ids.clld.org/values/4-241-269-1>		<http://ids.clld.org/parameters/4-241>		<http://ids.clld.org/values/4-241-264-3>		"swɨtɨ"@cuj	
"suru"@ayr	<http://ids.clld.org/values/4-241-269-1>		<http://ids.clld.org/parameters/4-241>		<http://ids.clld.org/values/4-241-264-1>		"xri"@cuj	
"tˀulʸu"@ayr	<http://ids.clld.org/values/4-290-269-1>		<http://ids.clld.org/parameters/4-290>		<http://ids.clld.org/values/4-290-264-1>		"pľa"@cuj	
"tinku-ɲa"@ayr	<http://ids.clld.org/values/10-230-269-1>		<http://ids.clld.org/parameters/10-230>		<http://ids.clld.org/values/10-230-264-1>		"hixrɨ-ka"@cuj	
"wawa"@ayr	<http://ids.clld.org/values/2-280-269-1>		<http://ids.clld.org/parameters/2-280>		<http://ids.clld.org/values/2-280-264-1>		"mtɨ-rɨ"@cuj	
"lʸika"@ayr	<http://ids.clld.org/values/3-819-269-1>		<http://ids.clld.org/parameters/3-819>		<http://ids.clld.org/values/3-819-264-1>		"mkaľɨ"@cuj	
"sapaki"@ayr	<http://ids.clld.org/values/13-330-269-3>		<http://ids.clld.org/parameters/13-330>		<http://ids.clld.org/values/13-330-264-1>		"pxe ~ pxa"@cuj	
"nina"@ayr	<http://ids.clld.org/values/1-810-269-1>		<http://ids.clld.org/parameters/1-810>		<http://ids.clld.org/values/1-810-264-1>		"yošika"@cuj	
"anisiɲa"@ayr	<http://ids.clld.org/values/4-670-269-3>		<http://ids.clld.org/parameters/4-670>		<http://ids.clld.org/values/4-670-264-1>		"kapere"@cuj	
"ḳʰiri"@ayr	<http://ids.clld.org/values/7-310-269-1>		<http://ids.clld.org/parameters/7-310>		<http://ids.clld.org/values/7-310-264-3>		"čičpawa"@cuj	
"ḳʰiri"@ayr	<http://ids.clld.org/values/7-310-269-1>		<http://ids.clld.org/parameters/7-310>		<http://ids.clld.org/values/7-310-264-1>		"pawa"@cuj	
"yuḳa"@ayr	<http://ids.clld.org/values/2-410-269-1>		<http://ids.clld.org/parameters/2-410>		<http://ids.clld.org/values/2-410-264-1>		"tɨrɨ ~ hitɨrɨ"@cuj	
"čʰuxčʰu"@ayr	<http://ids.clld.org/values/4-841-269-1>		<http://ids.clld.org/parameters/4-841>		<http://ids.clld.org/values/4-841-264-1>		"hemewata"@cuj	
"xila"@ayr	<http://ids.clld.org/values/2-456-269-1>		<http://ids.clld.org/parameters/2-456>		<http://ids.clld.org/values/2-456-264-1>		"yehwakata"@cuj	
"xalʸu"@ayr	<http://ids.clld.org/values/1-750-269-1>		<http://ids.clld.org/parameters/1-750>		<http://ids.clld.org/values/1-750-264-3>		"neka"@cuj	
"xalʸu"@ayr	<http://ids.clld.org/values/1-750-269-1>		<http://ids.clld.org/parameters/1-750>		<http://ids.clld.org/values/1-750-264-1>		"hina"@cuj	
"laru-ɲa"@ayr	<http://ids.clld.org/values/16-251-269-1>		<http://ids.clld.org/parameters/16-251>		<http://ids.clld.org/values/16-251-264-1>		"hašyaka"@cuj	
"ayča"@ayr	<http://ids.clld.org/values/4-130-269-1>		<http://ids.clld.org/parameters/4-130>		<http://ids.clld.org/values/4-130-264-1>		"hitɨ"@cuj	
"čʰiḳʰa"@ayr	<http://ids.clld.org/values/4-392-269-1>		<http://ids.clld.org/parameters/4-392>		<http://ids.clld.org/values/4-392-264-1>		"mexi"@cuj	
"tata"@ayr	<http://ids.clld.org/values/2-350-269-3>		<http://ids.clld.org/parameters/2-350>		<http://ids.clld.org/values/2-350-264-1>		"hi-rɨ"@cuj	
"tata"@ayr	<http://ids.clld.org/values/2-350-269-3>		<http://ids.clld.org/parameters/2-350>		<http://ids.clld.org/values/2-350-264-3>		"pa-tɨ"@cuj	
"čˀuspi"@ayr	<http://ids.clld.org/values/3-831-269-1>		<http://ids.clld.org/parameters/3-831>		<http://ids.clld.org/values/3-831-264-1>		"hačikata"@cuj	
"[isla]"@ayr	<http://ids.clld.org/values/1-250-269-1>		<http://ids.clld.org/parameters/1-250>		<http://ids.clld.org/values/1-250-264-1>		"kaniprekľi ~ kaniprekľɨ"@cuj	
"sara-ɲa"@ayr	<http://ids.clld.org/values/10-450-269-1>		<http://ids.clld.org/parameters/10-450>		<http://ids.clld.org/values/10-450-264-1>		"yana"@cuj	
"xatʰi"@ayr	<http://ids.clld.org/values/15-810-269-1>		<http://ids.clld.org/parameters/15-810>		<http://ids.clld.org/values/15-810-264-1>		"hi-no-ľɨ"@cuj	
"xala-ɲa"@ayr	<http://ids.clld.org/values/10-320-269-1>		<http://ids.clld.org/parameters/10-320>		<http://ids.clld.org/values/10-320-264-1>		"ha-po-ha-ta"@cuj	
"lipˀiči"@ayr	<http://ids.clld.org/values/4-120-269-1>		<http://ids.clld.org/parameters/4-120>		<http://ids.clld.org/values/4-120-264-1>		"nikči-mta"@cuj	
"lipˀiči"@ayr	<http://ids.clld.org/values/4-120-269-1>		<http://ids.clld.org/parameters/4-120>		<http://ids.clld.org/values/4-120-264-3>		"mta"@cuj	
"ati"@ayr	<http://ids.clld.org/values/4-190-269-1>		<http://ids.clld.org/parameters/4-190>		<http://ids.clld.org/values/4-190-264-1>		"tʸi"@cuj	
"nayra pʰičʰu"@ayr	<http://ids.clld.org/values/4-212-269-1>		<http://ids.clld.org/parameters/4-212>		<http://ids.clld.org/values/4-212-264-1>		"šawrɨ-ha"@cuj	
"ḳʰuči"@ayr	<http://ids.clld.org/values/1-380-269-3>		<http://ids.clld.org/parameters/1-380>		<http://ids.clld.org/values/1-380-264-1>		"hihawakľe"@cuj	
"ali"@ayr	<http://ids.clld.org/values/8-530-269-1>		<http://ids.clld.org/parameters/8-530>		<http://ids.clld.org/values/8-530-264-1>		"hita-ka"@cuj	
"xiisa"@ayr	<http://ids.clld.org/values/17-550-269-1>		<http://ids.clld.org/parameters/17-550>		<http://ids.clld.org/values/17-550-264-1>		"hi-hi"@cuj	
"pankataya"@ayr	<http://ids.clld.org/values/3-823-269-1>		<http://ids.clld.org/parameters/3-823>		<http://ids.clld.org/values/3-823-264-1>		"sanɨ"@cuj	
"xawira"@ayr	<http://ids.clld.org/values/1-360-269-1>		<http://ids.clld.org/parameters/1-360>		<http://ids.clld.org/values/1-360-264-3>		"hapha"@cuj	
"xawira"@ayr	<http://ids.clld.org/values/1-360-269-1>		<http://ids.clld.org/parameters/1-360>		<http://ids.clld.org/values/1-360-264-1>		"wenɨ"@cuj	
"[suwrinu]"@ayr	<http://ids.clld.org/values/2-540-269-1>		<http://ids.clld.org/parameters/2-540>		<http://ids.clld.org/values/2-540-264-1>		"paľikľero"@cuj	
"alax-pača"@ayr	<http://ids.clld.org/values/1-510-269-1>		<http://ids.clld.org/parameters/1-510>		<http://ids.clld.org/values/1-510-264-1>		"teno"@cuj	
"alax-pača"@ayr	<http://ids.clld.org/values/1-510-269-1>		<http://ids.clld.org/parameters/1-510>		<http://ids.clld.org/values/1-510-264-3>		"tenhohne"@cuj	
"wiska"@ayr	<http://ids.clld.org/values/9-190-269-1>		<http://ids.clld.org/parameters/9-190>		<http://ids.clld.org/values/9-190-264-1>		"c̷a"@cuj	
"warisana"@ayr	<http://ids.clld.org/values/3-814-269-1>		<http://ids.clld.org/parameters/3-814>		<http://ids.clld.org/values/3-814-264-1>		"ponro"@cuj	
"miskˀi"@ayr	<http://ids.clld.org/values/5-840-269-1>		<http://ids.clld.org/parameters/5-840>		<http://ids.clld.org/values/5-840-264-3>		"wroľ-ha"@cuj	
"miskˀi"@ayr	<http://ids.clld.org/values/5-840-269-1>		<http://ids.clld.org/parameters/5-840>		<http://ids.clld.org/values/5-840-264-1>		"popnixirha"@cuj	
"urpila"@ayr	<http://ids.clld.org/values/3-594-269-1>		<http://ids.clld.org/parameters/3-594>		<http://ids.clld.org/values/3-594-264-1>		"kamowa"@cuj	
"ikiɲa"@ayr	<http://ids.clld.org/values/7-420-269-1>		<http://ids.clld.org/parameters/7-420>		<http://ids.clld.org/values/7-420-264-1>		"xeko"@cuj	
"čiɲi"@ayr	<http://ids.clld.org/values/3-591-269-1>		<http://ids.clld.org/parameters/3-591>		<http://ids.clld.org/values/3-591-264-1>		"šyo"@cuj	
"wankˀu"@ayr	<http://ids.clld.org/values/3-614-269-1>		<http://ids.clld.org/parameters/3-614>		<http://ids.clld.org/values/3-614-264-1>		"waľo"@cuj	
"kʰitisa"@ayr	<http://ids.clld.org/values/17-680-269-1>		<http://ids.clld.org/parameters/17-680>		<http://ids.clld.org/values/17-680-264-1>		"katɨ"@cuj	
"axanu"@ayr	<http://ids.clld.org/values/4-204-269-1>		<http://ids.clld.org/parameters/4-204>		<http://ids.clld.org/values/4-204-264-1>		"hoxi"@cuj	
"uraḳi"@ayr	<http://ids.clld.org/values/7-260-269-1>		<http://ids.clld.org/parameters/7-260>		<http://ids.clld.org/values/7-260-264-1>		"čiximta"@cuj	
"lamana"@ayr	<http://ids.clld.org/values/7-480-269-1>		<http://ids.clld.org/parameters/7-480>		<http://ids.clld.org/values/7-480-264-1>		"košo"@cuj	
"xatʰa"@ayr	<http://ids.clld.org/values/8-311-269-1>		<http://ids.clld.org/parameters/8-311>		<http://ids.clld.org/values/8-311-264-3>		"kaxirɨxi"@cuj	
"xatʰa"@ayr	<http://ids.clld.org/values/8-311-269-1>		<http://ids.clld.org/parameters/8-311>		<http://ids.clld.org/values/8-311-264-1>		"xi"@cuj	
"tayka lukˀana"@ayr	<http://ids.clld.org/values/4-342-269-1>		<http://ids.clld.org/parameters/4-342>		<http://ids.clld.org/values/4-342-264-1>		"c̷rɨxirɨ"@cuj	
"ɲiḳˀi"@ayr	<http://ids.clld.org/values/1-214-269-1>		<http://ids.clld.org/parameters/1-214>		<http://ids.clld.org/values/1-214-264-3>		"xpa"@cuj	
"ɲiḳˀi"@ayr	<http://ids.clld.org/values/1-214-269-1>		<http://ids.clld.org/parameters/1-214>		<http://ids.clld.org/values/1-214-264-1>		"kaxpa"@cuj	
"para"@ayr	<http://ids.clld.org/values/4-205-269-1>		<http://ids.clld.org/parameters/4-205>		<http://ids.clld.org/values/4-205-264-1>		"xrota"@cuj	
"ḳunu-ɲa"@ayr	<http://ids.clld.org/values/12-130-269-3>		<http://ids.clld.org/parameters/12-130>		<http://ids.clld.org/values/12-130-264-1>		"tɨpľa-ta"@cuj	
"kusi-kusi"@ayr	<http://ids.clld.org/values/3-818-269-1>		<http://ids.clld.org/parameters/3-818>		<http://ids.clld.org/values/3-818-264-1>		"pɨthana"@cuj	
"paya"@ayr	<http://ids.clld.org/values/13-20-269-1>		<http://ids.clld.org/parameters/13-20>		<http://ids.clld.org/values/13-20-264-1>		"hepi"@cuj	
"sapa"@ayr	<http://ids.clld.org/values/13-140-269-1>		<http://ids.clld.org/parameters/13-140>		<http://ids.clld.org/values/13-140-264-3>		"ptowrɨ"@cuj	
"sapa"@ayr	<http://ids.clld.org/values/13-140-269-1>		<http://ids.clld.org/parameters/13-140>		<http://ids.clld.org/values/13-140-264-1>		"pexnɨ"@cuj	
"apa-ni-ɲa"@ayr	<http://ids.clld.org/values/10-620-269-1>		<http://ids.clld.org/parameters/10-620>		<http://ids.clld.org/values/10-620-264-1>		"hwa-pa"@cuj	
"yaḳˀa-ɲa"@ayr	<http://ids.clld.org/values/4-660-269-3>		<http://ids.clld.org/parameters/4-660>		<http://ids.clld.org/values/4-660-264-1>		"hička-ta"@cuj	
"siwiḳˀara"@ayr	<http://ids.clld.org/values/3-586-269-1>		<http://ids.clld.org/parameters/3-586>		<http://ids.clld.org/values/3-586-264-1>		"may-ľɨ"@cuj	
"čʰiḳʰanḳara"@ayr	<http://ids.clld.org/values/4-312-269-1>		<http://ids.clld.org/parameters/4-312>		<http://ids.clld.org/values/4-312-264-1>		"kxepɨ"@cuj	
"aniɲa"@ayr	<http://ids.clld.org/values/4-670-269-1>		<http://ids.clld.org/parameters/4-670>		<http://ids.clld.org/values/4-670-264-1>		"kapere"@cuj	
"kururu"@ayr	<http://ids.clld.org/values/4-430-269-1>		<http://ids.clld.org/parameters/4-430>		<http://ids.clld.org/values/4-430-264-1>		"pľo"@cuj	
"xinču"@ayr	<http://ids.clld.org/values/4-220-269-1>		<http://ids.clld.org/parameters/4-220>		<http://ids.clld.org/values/4-220-264-3>		"xepi"@cuj	
"xinču"@ayr	<http://ids.clld.org/values/4-220-269-1>		<http://ids.clld.org/parameters/4-220>		<http://ids.clld.org/values/4-220-264-1>		"xnako"@cuj	
"uta"@ayr	<http://ids.clld.org/values/2-820-269-1>		<http://ids.clld.org/parameters/2-820>		<http://ids.clld.org/values/2-820-264-1>		"moľe"@cuj	
"uta"@ayr	<http://ids.clld.org/values/2-820-269-1>		<http://ids.clld.org/parameters/2-820>		<http://ids.clld.org/values/2-820-264-3>		"moľe-ta"@cuj	
"sapʰi"@ayr	<http://ids.clld.org/values/8-540-269-1>		<http://ids.clld.org/parameters/8-540>		<http://ids.clld.org/values/8-540-264-1>		"ko-c̷a"@cuj	
"sapʰi"@ayr	<http://ids.clld.org/values/8-540-269-1>		<http://ids.clld.org/parameters/8-540>		<http://ids.clld.org/values/8-540-264-3>		"c̷ki"@cuj	
"aru"@ayr	<http://ids.clld.org/values/18-240-269-1>		<http://ids.clld.org/parameters/18-240>		<http://ids.clld.org/values/18-240-264-1>		"tokanɨ"@cuj	
"aχta-ɲa"@ayr	<http://ids.clld.org/values/16-820-269-1>		<http://ids.clld.org/parameters/16-820>		<http://ids.clld.org/values/16-820-264-1>		"hiktɨ"@cuj	
"xilata"@ayr	<http://ids.clld.org/values/2-550-269-1>		<http://ids.clld.org/parameters/2-550>		<http://ids.clld.org/values/2-550-264-1>		"hanɨrɨ"@cuj	
"manḳˀata awtxaɲa"@ayr	<http://ids.clld.org/values/5-140-269-1>		<http://ids.clld.org/parameters/5-140>		<http://ids.clld.org/values/5-140-264-1>		"nači-ma"@cuj	
"[suwrinu]"@ayr	<http://ids.clld.org/values/2-530-269-1>		<http://ids.clld.org/parameters/2-530>		<http://ids.clld.org/values/2-530-264-1>		"paľikľerɨ"@cuj	
"ḳʰurḳʰu-ɲa"@ayr	<http://ids.clld.org/values/4-612-269-1>		<http://ids.clld.org/parameters/4-612>		<http://ids.clld.org/values/4-612-264-1>		"po-hi-me-wa-xri-pna-ta"@cuj	
"ḳuta"@ayr	<http://ids.clld.org/values/1-330-269-1>		<http://ids.clld.org/parameters/1-330>		<http://ids.clld.org/values/1-330-264-3>		"wenɨ"@cuj	
"ḳuta"@ayr	<http://ids.clld.org/values/1-330-269-1>		<http://ids.clld.org/parameters/1-330>		<http://ids.clld.org/values/1-330-264-1>		"pow-ha"@cuj	
"ḳuḳa"@ayr	<http://ids.clld.org/values/8-600-269-1>		<http://ids.clld.org/parameters/8-600>		<http://ids.clld.org/values/8-600-264-1>		"hah-mɨna"@cuj	
"uma"@ayr	<http://ids.clld.org/values/1-310-269-1>		<http://ids.clld.org/parameters/1-310>		<http://ids.clld.org/values/1-310-264-1>		"ha"@cuj	
"uma"@ayr	<http://ids.clld.org/values/1-310-269-1>		<http://ids.clld.org/parameters/1-310>		<http://ids.clld.org/values/1-310-264-3>		"honɨ"@cuj	
"čˀusiḳa"@ayr	<http://ids.clld.org/values/3-596-269-1>		<http://ids.clld.org/parameters/3-596>		<http://ids.clld.org/values/3-596-264-3>		"mosa"@cuj	
"čˀusiḳa"@ayr	<http://ids.clld.org/values/3-596-269-1>		<http://ids.clld.org/parameters/3-596>		<http://ids.clld.org/values/3-596-264-1>		"hnono"@cuj	
"pʰaχsi"@ayr	<http://ids.clld.org/values/14-710-269-1>		<http://ids.clld.org/parameters/14-710>		<http://ids.clld.org/values/14-710-264-1>		"ksɨ-rɨ"@cuj	
"yuḳalʸa wawa"@ayr	<http://ids.clld.org/values/2-410-269-3>		<http://ids.clld.org/parameters/2-410>		<http://ids.clld.org/values/2-410-264-1>		"tɨrɨ ~ hitɨrɨ"@cuj	
"samara-ɲa"@ayr	<http://ids.clld.org/values/4-912-269-1>		<http://ids.clld.org/parameters/4-912>		<http://ids.clld.org/values/4-912-264-1>		"hapnanɨta"@cuj	
"tˀarwa"@ayr	<http://ids.clld.org/values/4-144-269-1>		<http://ids.clld.org/parameters/4-144>		<http://ids.clld.org/values/4-144-264-3>		"šape"@cuj	
"tˀarwa"@ayr	<http://ids.clld.org/values/4-144-269-1>		<http://ids.clld.org/parameters/4-144>		<http://ids.clld.org/values/4-144-264-1>		"pitʸi"@cuj	
"kuurmi"@ayr	<http://ids.clld.org/values/1-590-269-1>		<http://ids.clld.org/parameters/1-590>		<http://ids.clld.org/values/1-590-264-1>		"kši"@cuj	
"wiχču"@ayr	<http://ids.clld.org/values/4-940-269-1>		<http://ids.clld.org/parameters/4-940>		<http://ids.clld.org/values/4-940-264-1>		"čoľi"@cuj	
"tapa"@ayr	<http://ids.clld.org/values/3-580-269-1>		<http://ids.clld.org/parameters/3-580>		<http://ids.clld.org/values/3-580-264-1>		"sreta"@cuj	
"tapa"@ayr	<http://ids.clld.org/values/3-580-269-1>		<http://ids.clld.org/parameters/3-580>		<http://ids.clld.org/values/3-580-264-3>		"šaľe"@cuj	
"čˀuχu-ɲa"@ayr	<http://ids.clld.org/values/4-530-269-1>		<http://ids.clld.org/parameters/4-530>		<http://ids.clld.org/values/4-530-264-1>		"hethota"@cuj	
"kupi"@ayr	<http://ids.clld.org/values/12-410-269-1>		<http://ids.clld.org/parameters/12-410>		<http://ids.clld.org/values/12-410-264-1>		"potɨkľe"@cuj	
"sapʰi"@ayr	<http://ids.clld.org/values/9-760-269-1>		<http://ids.clld.org/parameters/9-760>		<http://ids.clld.org/values/9-760-264-1>		"koxi-ta"@cuj	
"ḳuntˀa-ɲa"@ayr	<http://ids.clld.org/values/12-130-269-1>		<http://ids.clld.org/parameters/12-130>		<http://ids.clld.org/values/12-130-264-1>		"tɨpľa-ta"@cuj	
"čˀaχwa"@ayr	<http://ids.clld.org/values/20-130-269-1>		<http://ids.clld.org/parameters/20-130>		<http://ids.clld.org/values/20-130-264-1>		"hiyľaľɨ"@cuj	
"čˀiyxa-ɲa"@ayr	<http://ids.clld.org/values/9-280-269-1>		<http://ids.clld.org/parameters/9-280>		<http://ids.clld.org/values/9-280-264-1>		"kteha"@cuj	
"ɲuɲu"@ayr	<http://ids.clld.org/values/4-400-269-1>		<http://ids.clld.org/parameters/4-400>		<http://ids.clld.org/values/4-400-264-1>		"tľo"@cuj	
"lʸuḳu"@ayr	<http://ids.clld.org/values/4-440-269-1>		<http://ids.clld.org/parameters/4-440>		<http://ids.clld.org/values/4-440-264-1>		"haxi"@cuj	
"tixi"@ayr	<http://ids.clld.org/values/1-280-269-1>		<http://ids.clld.org/parameters/1-280>		<http://ids.clld.org/values/1-280-264-1>		"mahka"@cuj	
"tixi"@ayr	<http://ids.clld.org/values/1-280-269-1>		<http://ids.clld.org/parameters/1-280>		<http://ids.clld.org/values/1-280-264-3>		"kapna"@cuj	
"muruḳˀu"@ayr	<http://ids.clld.org/values/12-810-269-1>		<http://ids.clld.org/parameters/12-810>		<http://ids.clld.org/values/12-810-264-1>		"po-pro-ľo-ľɨ"@cuj	
"wila"@ayr	<http://ids.clld.org/values/4-150-269-1>		<http://ids.clld.org/parameters/4-150>		<http://ids.clld.org/values/4-150-264-1>		"-hra-ha"@cuj	
"pʰaya-ɲa-lawa"@ayr	<http://ids.clld.org/values/1-880-269-1>		<http://ids.clld.org/parameters/1-880>		<http://ids.clld.org/values/1-880-264-1>		"čiči"@cuj	
"pʰaya-ɲa-lawa"@ayr	<http://ids.clld.org/values/1-880-269-1>		<http://ids.clld.org/parameters/1-880>		<http://ids.clld.org/values/1-880-264-3>		"hičima"@cuj	
"larḳa"@ayr	<http://ids.clld.org/values/8-170-269-1>		<http://ids.clld.org/parameters/8-170>		<http://ids.clld.org/values/8-170-264-1>		"tľapa"@cuj	
"čupika"@ayr	<http://ids.clld.org/values/15-660-269-1>		<http://ids.clld.org/parameters/15-660>		<http://ids.clld.org/values/15-660-264-1>		"sero"@cuj	
"xama-ɲa"@ayr	<http://ids.clld.org/values/4-660-269-1>		<http://ids.clld.org/parameters/4-660>		<http://ids.clld.org/values/4-660-264-1>		"hička-ta"@cuj	
"wampu"@ayr	<http://ids.clld.org/values/10-840-269-1>		<http://ids.clld.org/parameters/10-840>		<http://ids.clld.org/values/10-840-264-1>		"pɨmľɨ"@cuj	
"puḳuta"@ayr	<http://ids.clld.org/values/5-123-269-1>		<http://ids.clld.org/parameters/5-123>		<http://ids.clld.org/values/5-123-264-1>		"sero"@cuj	
"čˀamani"@ayr	<http://ids.clld.org/values/4-810-269-1>		<http://ids.clld.org/parameters/4-810>		<http://ids.clld.org/values/4-810-264-1>		"hičko"@cuj	
"[ariti]"@ayr	<http://ids.clld.org/values/6-770-269-1>		<http://ids.clld.org/parameters/6-770>		<http://ids.clld.org/values/6-770-264-1>		"hixepre"@cuj	
"mama"@ayr	<http://ids.clld.org/values/2-360-269-3>		<http://ids.clld.org/parameters/2-360>		<http://ids.clld.org/values/2-360-264-3>		"hin-ro"@cuj	
"mama"@ayr	<http://ids.clld.org/values/2-360-269-3>		<http://ids.clld.org/parameters/2-360>		<http://ids.clld.org/values/2-360-264-1>		"nato"@cuj	
"tunḳu"@ayr	<http://ids.clld.org/values/8-470-269-1>		<http://ids.clld.org/parameters/8-470>		<http://ids.clld.org/values/8-470-264-1>		"šixi"@cuj	
"xinčuru arχaya-ɲa"@ayr	<http://ids.clld.org/values/18-150-269-1>		<http://ids.clld.org/parameters/18-150>		<http://ids.clld.org/values/18-150-264-1>		"himsaľe-wata"@cuj	
"ampara"@ayr	<http://ids.clld.org/values/4-310-269-1>		<http://ids.clld.org/parameters/4-310>		<http://ids.clld.org/values/4-310-264-1>		"kano"@cuj	
"awkčˀi"@ayr	<http://ids.clld.org/values/2-610-269-1>		<http://ids.clld.org/parameters/2-610>		<http://ids.clld.org/values/2-610-264-1>		"himatʸirɨ"@cuj	
"sartχa-ɲa"@ayr	<http://ids.clld.org/values/4-630-269-1>		<http://ids.clld.org/parameters/4-630>		<http://ids.clld.org/values/4-630-264-1>		"komyeka"@cuj	
"xiwaya-ɲa"@ayr	<http://ids.clld.org/values/4-760-269-1>		<http://ids.clld.org/parameters/4-760>		<http://ids.clld.org/values/4-760-264-3>		"kama-ka-ta"@cuj	
"xiwaya-ɲa"@ayr	<http://ids.clld.org/values/4-760-269-1>		<http://ids.clld.org/parameters/4-760>		<http://ids.clld.org/values/4-760-264-1>		"hiyľata"@cuj	
"ḳˀalanču"@ayr	<http://ids.clld.org/values/4-990-269-1>		<http://ids.clld.org/parameters/4-990>		<http://ids.clld.org/values/4-990-264-1>		"mamkatɨ"@cuj	
"ḳilʸḳa-ɲa"@ayr	<http://ids.clld.org/values/18-510-269-1>		<http://ids.clld.org/parameters/18-510>		<http://ids.clld.org/values/18-510-264-1>		"hitakyonhata"@cuj	
"yuri-ɲa"@ayr	<http://ids.clld.org/values/4-720-269-1>		<http://ids.clld.org/parameters/4-720>		<http://ids.clld.org/values/4-720-264-1>		"hišpaka"@cuj	
"xinḳˀi"@ayr	<http://ids.clld.org/values/4-856-269-1>		<http://ids.clld.org/parameters/4-856>		<http://ids.clld.org/values/4-856-264-1>		"yma"@cuj	
"xaylʸi-ɲa"@ayr	<http://ids.clld.org/values/18-120-269-1>		<http://ids.clld.org/parameters/18-120>		<http://ids.clld.org/values/18-120-264-1>		"šikaľe-ta"@cuj	
"suma"@ayr	<http://ids.clld.org/values/16-710-269-1>		<http://ids.clld.org/parameters/16-710>		<http://ids.clld.org/values/16-710-264-1>		"kihľe"@cuj	
"taḳi"@ayr	<http://ids.clld.org/values/13-140-269-3>		<http://ids.clld.org/parameters/13-140>		<http://ids.clld.org/values/13-140-264-3>		"ptowrɨ"@cuj	
"taḳi"@ayr	<http://ids.clld.org/values/13-140-269-3>		<http://ids.clld.org/parameters/13-140>		<http://ids.clld.org/values/13-140-264-1>		"pexnɨ"@cuj	
"pirḳa"@ayr	<http://ids.clld.org/values/7-270-269-1>		<http://ids.clld.org/parameters/7-270>		<http://ids.clld.org/values/7-270-264-1>		"prixerɨ"@cuj	
"ampara"@ayr	<http://ids.clld.org/values/4-330-269-1>		<http://ids.clld.org/parameters/4-330>		<http://ids.clld.org/values/4-330-264-1>		"myo"@cuj	
"iki"@ayr	<http://ids.clld.org/values/4-620-269-1>		<http://ids.clld.org/parameters/4-620>		<http://ids.clld.org/values/4-620-264-1>		"hipnawata"@cuj	
"čˀiḳa"@ayr	<http://ids.clld.org/values/12-420-269-1>		<http://ids.clld.org/parameters/12-420>		<http://ids.clld.org/values/12-420-264-1>		"kehnete"@cuj	
"uta"@ayr	<http://ids.clld.org/values/7-120-269-1>		<http://ids.clld.org/parameters/7-120>		<http://ids.clld.org/values/7-120-264-3>		"pxi"@cuj	
"uta"@ayr	<http://ids.clld.org/values/7-120-269-1>		<http://ids.clld.org/parameters/7-120>		<http://ids.clld.org/values/7-120-264-1>		"panči"@cuj	
"luχru"@ayr	<http://ids.clld.org/values/5-640-269-1>		<http://ids.clld.org/parameters/5-640>		<http://ids.clld.org/values/5-640-264-1>		"čopi"@cuj	
"ɲikˀuta"@ayr	<http://ids.clld.org/values/4-140-269-1>		<http://ids.clld.org/parameters/4-140>		<http://ids.clld.org/values/4-140-264-1>		"xiwɨ-c̷a"@cuj	
"uɲta-ɲa"@ayr	<http://ids.clld.org/values/15-520-269-1>		<http://ids.clld.org/parameters/15-520>		<http://ids.clld.org/values/15-520-264-1>		"heta"@cuj	
"čˀiwi"@ayr	<http://ids.clld.org/values/1-630-269-1>		<http://ids.clld.org/parameters/1-630>		<http://ids.clld.org/values/1-630-264-1>		"mayawľɨ"@cuj	
"čˀiwi"@ayr	<http://ids.clld.org/values/1-630-269-1>		<http://ids.clld.org/parameters/1-630>		<http://ids.clld.org/values/1-630-264-3>		"čikľe"@cuj	
"awki-xaḳi"@ayr	<http://ids.clld.org/values/2-461-269-1>		<http://ids.clld.org/parameters/2-461>		<http://ids.clld.org/values/2-461-264-1>		"kapokotɨ"@cuj	
"taruka"@ayr	<http://ids.clld.org/values/3-750-269-1>		<http://ids.clld.org/parameters/3-750>		<http://ids.clld.org/values/3-750-264-1>		"kšote-rɨ"@cuj	
"pirki"@ayr	<http://ids.clld.org/values/7-480-269-3>		<http://ids.clld.org/parameters/7-480>		<http://ids.clld.org/values/7-480-264-1>		"košo"@cuj	
"lʸinkˀi"@ayr	<http://ids.clld.org/values/9-730-269-3>		<http://ids.clld.org/parameters/9-730>		<http://ids.clld.org/values/9-730-264-1>		"tawna"@cuj	
"lʸinkˀi"@ayr	<http://ids.clld.org/values/9-730-269-3>		<http://ids.clld.org/parameters/9-730>		<http://ids.clld.org/values/9-730-264-3>		"taši"@cuj	
"usučata"@ayr	<http://ids.clld.org/values/4-850-269-1>		<http://ids.clld.org/parameters/4-850>		<http://ids.clld.org/values/4-850-264-3>		"poc̷re"@cuj	
"usučata"@ayr	<http://ids.clld.org/values/4-850-269-1>		<http://ids.clld.org/parameters/4-850>		<http://ids.clld.org/values/4-850-264-1>		"tre"@cuj	
"iki-ɲa"@ayr	<http://ids.clld.org/values/4-610-269-1>		<http://ids.clld.org/parameters/4-610>		<http://ids.clld.org/values/4-610-264-1>		"himka ~ himaka"@cuj	
"manḳʰa"@ayr	<http://ids.clld.org/values/12-50-269-1>		<http://ids.clld.org/parameters/12-50>		<http://ids.clld.org/values/12-50-264-1>		"hitoko"@cuj	
"manḳʰa"@ayr	<http://ids.clld.org/values/12-50-269-1>		<http://ids.clld.org/parameters/12-50>		<http://ids.clld.org/values/12-50-264-3>		"nanwaka"@cuj	
"pʰisi"@ayr	<http://ids.clld.org/values/3-620-269-1>		<http://ids.clld.org/parameters/3-620>		<http://ids.clld.org/values/3-620-264-1>		"mišito"@cuj	
"lura-ɲa"@ayr	<http://ids.clld.org/values/9-110-269-1>		<http://ids.clld.org/parameters/9-110>		<http://ids.clld.org/values/9-110-264-1>		"kam-rɨ-ta"@cuj	
"nayra lipˀiči"@ayr	<http://ids.clld.org/values/4-213-269-1>		<http://ids.clld.org/parameters/4-213>		<http://ids.clld.org/values/4-213-264-1>		"mta-ha"@cuj	
"ḳˀara"@ayr	<http://ids.clld.org/values/4-930-269-1>		<http://ids.clld.org/parameters/4-930>		<http://ids.clld.org/values/4-930-264-1>		"hopoľha"@cuj	
"lʸaatunka"@ayr	<http://ids.clld.org/values/13-90-269-1>		<http://ids.clld.org/parameters/13-90>		<http://ids.clld.org/values/13-90-264-1>		"mtɨrɨxi"@cuj	
"uɲxa-ɲa"@ayr	<http://ids.clld.org/values/15-510-269-1>		<http://ids.clld.org/parameters/15-510>		<http://ids.clld.org/values/15-510-264-1>		"heta"@cuj	
"tʰuxsa-tʰuxsa"@ayr	<http://ids.clld.org/values/8-680-269-1>		<http://ids.clld.org/parameters/8-680>		<http://ids.clld.org/values/8-680-264-1>		"yiri ~ hayi-re"@cuj	
"xupa"@ayr	<http://ids.clld.org/values/2-930-269-1>		<http://ids.clld.org/parameters/2-930>		<http://ids.clld.org/values/2-930-264-1>		"waľe"@cuj	
"xupa"@ayr	<http://ids.clld.org/values/2-930-269-1>		<http://ids.clld.org/parameters/2-930>		<http://ids.clld.org/values/2-930-264-3>		"waľa"@cuj	
"kawkisa"@ayr	<http://ids.clld.org/values/17-670-269-1>		<http://ids.clld.org/parameters/17-670>		<http://ids.clld.org/values/17-670-264-1>		"hirɨ"@cuj	
"pʰuča"@ayr	<http://ids.clld.org/values/2-420-269-1>		<http://ids.clld.org/parameters/2-420>		<http://ids.clld.org/values/2-420-264-1>		"šičo ~ nšičo"@cuj	
"čaḳa"@ayr	<http://ids.clld.org/values/12-110-269-1>		<http://ids.clld.org/parameters/12-110>		<http://ids.clld.org/values/12-110-264-1>		"-waka"@cuj	
"čača"@ayr	<http://ids.clld.org/values/2-310-269-1>		<http://ids.clld.org/parameters/2-310>		<http://ids.clld.org/values/2-310-264-1>		"hanɨ-rɨ"@cuj	
"ačači"@ayr	<http://ids.clld.org/values/14-150-269-1>		<http://ids.clld.org/parameters/14-150>		<http://ids.clld.org/values/14-150-264-1>		"c̷-rɨ"@cuj	
"pʰaxsi"@ayr	<http://ids.clld.org/values/1-530-269-1>		<http://ids.clld.org/parameters/1-530>		<http://ids.clld.org/values/1-530-264-1>		"ksɨ-rɨ"@cuj	
"kulʸaka"@ayr	<http://ids.clld.org/values/2-456-269-3>		<http://ids.clld.org/parameters/2-456>		<http://ids.clld.org/values/2-456-264-1>		"yehwakata"@cuj	
"pataatˀi"@ayr	<http://ids.clld.org/values/7-420-269-3>		<http://ids.clld.org/parameters/7-420>		<http://ids.clld.org/values/7-420-264-1>		"xeko"@cuj	
"ḳaḳa"@ayr	<http://ids.clld.org/values/12-850-269-3>		<http://ids.clld.org/parameters/12-850>		<http://ids.clld.org/values/12-850-264-3>		"nama"@cuj	
"ḳaḳa"@ayr	<http://ids.clld.org/values/12-850-269-3>		<http://ids.clld.org/parameters/12-850>		<http://ids.clld.org/values/12-850-264-1>		"pna"@cuj	
"xiwata"@ayr	<http://ids.clld.org/values/4-750-269-1>		<http://ids.clld.org/parameters/4-750>		<http://ids.clld.org/values/4-750-264-1>		"hi-pna"@cuj	
"xiwata"@ayr	<http://ids.clld.org/values/4-750-269-1>		<http://ids.clld.org/parameters/4-750>		<http://ids.clld.org/values/4-750-264-3>		"hipɨka"@cuj	
"makata-ɲa"@ayr	<http://ids.clld.org/values/10-210-269-1>		<http://ids.clld.org/parameters/10-210>		<http://ids.clld.org/values/10-210-264-1>		"hitʸenowna"@cuj	
"supaya"@ayr	<http://ids.clld.org/values/22-350-269-1>		<http://ids.clld.org/parameters/22-350>		<http://ids.clld.org/values/22-350-264-1>		"kam-či"@cuj	
"wara-wara"@ayr	<http://ids.clld.org/values/1-540-269-1>		<http://ids.clld.org/parameters/1-540>		<http://ids.clld.org/values/1-540-264-1>		"katahiri"@cuj	
"tʰaya"@ayr	<http://ids.clld.org/values/1-720-269-1>		<http://ids.clld.org/parameters/1-720>		<http://ids.clld.org/values/1-720-264-3>		"hawoka"@cuj	
"tʰaya"@ayr	<http://ids.clld.org/values/1-720-269-1>		<http://ids.clld.org/parameters/1-720>		<http://ids.clld.org/values/1-720-264-1>		"nˑiphya"@cuj	
"panḳara"@ayr	<http://ids.clld.org/values/8-570-269-1>		<http://ids.clld.org/parameters/8-570>		<http://ids.clld.org/values/8-570-264-1>		"hwɨ ~ howɨ"@cuj	
"ḳˀilʸu"@ayr	<http://ids.clld.org/values/15-690-269-1>		<http://ids.clld.org/parameters/15-690>		<http://ids.clld.org/values/15-690-264-1>		"pwaľo"@cuj	
"[turtuka]"@ayr	<http://ids.clld.org/values/3-980-269-1>		<http://ids.clld.org/parameters/3-980>		<http://ids.clld.org/values/3-980-264-3>		"sɨprɨ"@cuj	
"[turtuka]"@ayr	<http://ids.clld.org/values/3-980-269-1>		<http://ids.clld.org/parameters/3-980>		<http://ids.clld.org/values/3-980-264-1>		"čkipɨ"@cuj	
"yawriḳalʸu"@ayr	<http://ids.clld.org/values/6-360-269-1>		<http://ids.clld.org/parameters/6-360>		<http://ids.clld.org/values/6-360-264-1>		"c̷apɨ"@cuj	
"tʰiχi-ɲa"@ayr	<http://ids.clld.org/values/5-230-269-3>		<http://ids.clld.org/parameters/5-230>		<http://ids.clld.org/values/5-230-264-1>		"xima"@cuj	
"laka"@ayr	<http://ids.clld.org/values/4-240-269-1>		<http://ids.clld.org/parameters/4-240>		<http://ids.clld.org/values/4-240-264-1>		"nama"@cuj	
"kanka-ɲa"@ayr	<http://ids.clld.org/values/5-230-269-1>		<http://ids.clld.org/parameters/5-230>		<http://ids.clld.org/values/5-230-264-1>		"xima"@cuj	
"ḳura"@ayr	<http://ids.clld.org/values/8-510-269-1>		<http://ids.clld.org/parameters/8-510>		<http://ids.clld.org/values/8-510-264-3>		"kac̷-ľɨ"@cuj	
"ḳura"@ayr	<http://ids.clld.org/values/8-510-269-1>		<http://ids.clld.org/parameters/8-510>		<http://ids.clld.org/values/8-510-264-1>		"pekľo"@cuj	
"pataka"@ayr	<http://ids.clld.org/values/13-105-269-1>		<http://ids.clld.org/parameters/13-105>		<http://ids.clld.org/values/13-105-264-1>		"[pača]"@cuj	
"xumpˀi-ɲa"@ayr	<http://ids.clld.org/values/4-550-269-1>		<http://ids.clld.org/parameters/4-550>		<http://ids.clld.org/values/4-550-264-1>		"hinkoka"@cuj	
"tiwula"@ayr	<http://ids.clld.org/values/2-510-269-1>		<http://ids.clld.org/parameters/2-510>		<http://ids.clld.org/values/2-510-264-1>		"hikoxirɨ"@cuj	
"kˀayra"@ayr	<http://ids.clld.org/values/3-950-269-1>		<http://ids.clld.org/parameters/3-950>		<http://ids.clld.org/values/3-950-264-1>		"toľo-x-rɨ"@cuj	
"čawlʸa"@ayr	<http://ids.clld.org/values/3-650-269-1>		<http://ids.clld.org/parameters/3-650>		<http://ids.clld.org/values/3-650-264-1>		"šima"@cuj	
"xiḳˀi"@ayr	<http://ids.clld.org/values/1-830-269-1>		<http://ids.clld.org/parameters/1-830>		<http://ids.clld.org/values/1-830-264-1>		"či-či-phya"@cuj	
"punču"@ayr	<http://ids.clld.org/values/6-411-269-1>		<http://ids.clld.org/parameters/6-411>		<http://ids.clld.org/values/6-411-264-1>		"[pončo]"@cuj	
"čara"@ayr	<http://ids.clld.org/values/4-350-269-1>		<http://ids.clld.org/parameters/4-350>		<http://ids.clld.org/values/4-350-264-3>		"tpaľi"@cuj	
"čara"@ayr	<http://ids.clld.org/values/4-350-269-1>		<http://ids.clld.org/parameters/4-350>		<http://ids.clld.org/values/4-350-264-1>		"ksɨxe"@cuj	
"kunka"@ayr	<http://ids.clld.org/values/4-280-269-1>		<http://ids.clld.org/parameters/4-280>		<http://ids.clld.org/values/4-280-264-1>		"noxi"@cuj	
"urpu"@ayr	<http://ids.clld.org/values/1-740-269-1>		<http://ids.clld.org/parameters/1-740>		<http://ids.clld.org/values/1-740-264-1>		"kyačhapererɨmko"@cuj	
"pilpintu"@ayr	<http://ids.clld.org/values/3-920-269-1>		<http://ids.clld.org/parameters/3-920>		<http://ids.clld.org/values/3-920-264-1>		"katato"@cuj	
"alala"@ayr	<http://ids.clld.org/values/15-860-269-3>		<http://ids.clld.org/parameters/15-860>		<http://ids.clld.org/values/15-860-264-1>		"kačik-ľe-rɨ"@cuj	
"kʰunu"@ayr	<http://ids.clld.org/values/1-760-269-1>		<http://ids.clld.org/parameters/1-760>		<http://ids.clld.org/values/1-760-264-1>		"hiwrɨ"@cuj	
"čʰičʰilʸankʰa"@ayr	<http://ids.clld.org/values/3-830-269-1>		<http://ids.clld.org/parameters/3-830>		<http://ids.clld.org/values/3-830-264-3>		"yowini"@cuj	
"čʰičʰilʸankʰa"@ayr	<http://ids.clld.org/values/3-830-269-1>		<http://ids.clld.org/parameters/3-830>		<http://ids.clld.org/values/3-830-264-1>		"xemxerne"@cuj	
"wayna"@ayr	<http://ids.clld.org/values/2-251-269-1>		<http://ids.clld.org/parameters/2-251>		<http://ids.clld.org/values/2-251-264-1>		"makľɨxi"@cuj	
"wiχči-ɲa"@ayr	<http://ids.clld.org/values/10-451-269-1>		<http://ids.clld.org/parameters/10-451>		<http://ids.clld.org/values/10-451-264-1>		"mayapetɨta"@cuj	
"xayra"@ayr	<http://ids.clld.org/values/4-920-269-1>		<http://ids.clld.org/parameters/4-920>		<http://ids.clld.org/values/4-920-264-1>		"merso"@cuj	
"yuḳalʸa"@ayr	<http://ids.clld.org/values/2-250-269-3>		<http://ids.clld.org/parameters/2-250>		<http://ids.clld.org/values/2-250-264-1>		"hexha"@cuj	
"manḳˀa-ɲa"@ayr	<http://ids.clld.org/values/5-110-269-1>		<http://ids.clld.org/parameters/5-110>		<http://ids.clld.org/values/5-110-264-1>		"nika"@cuj	
"lapʰaḳi"@ayr	<http://ids.clld.org/values/1-820-269-1>		<http://ids.clld.org/parameters/1-820>		<http://ids.clld.org/values/1-820-264-1>		"katmeroľɨ"@cuj	
"sipita"@ayr	<http://ids.clld.org/values/20-640-269-1>		<http://ids.clld.org/parameters/20-640>		<http://ids.clld.org/values/20-640-264-1>		"hic̷ekľɨ"@cuj	
"ḳʰilʸa"@ayr	<http://ids.clld.org/values/1-840-269-1>		<http://ids.clld.org/parameters/1-840>		<http://ids.clld.org/values/1-840-264-1>		"čiči-pahi"@cuj	
"kˀusiwalʸu"@ayr	<http://ids.clld.org/values/3-817-269-1>		<http://ids.clld.org/parameters/3-817>		<http://ids.clld.org/values/3-817-264-1>		"pokhi"@cuj	
"tawaḳu"@ayr	<http://ids.clld.org/values/2-261-269-1>		<http://ids.clld.org/parameters/2-261>		<http://ids.clld.org/values/2-261-264-3>		"mkapyaľo"@cuj	
"tawaḳu"@ayr	<http://ids.clld.org/values/2-261-269-1>		<http://ids.clld.org/parameters/2-261>		<http://ids.clld.org/values/2-261-264-1>		"mhanɨrɨto"@cuj	
"laḳampu"@ayr	<http://ids.clld.org/values/1-510-269-3>		<http://ids.clld.org/parameters/1-510>		<http://ids.clld.org/values/1-510-264-1>		"teno"@cuj	
"laḳampu"@ayr	<http://ids.clld.org/values/1-510-269-3>		<http://ids.clld.org/parameters/1-510>		<http://ids.clld.org/values/1-510-264-3>		"tenhohne"@cuj	
"kimsa"@ayr	<http://ids.clld.org/values/13-30-269-1>		<http://ids.clld.org/parameters/13-30>		<http://ids.clld.org/values/13-30-264-1>		"mapa"@cuj	
"xampˀati-ɲa"@ayr	<http://ids.clld.org/values/16-290-269-1>		<http://ids.clld.org/parameters/16-290>		<http://ids.clld.org/values/16-290-264-1>		"hamľɨta"@cuj	
"xampˀati-ɲa"@ayr	<http://ids.clld.org/values/16-290-269-1>		<http://ids.clld.org/parameters/16-290>		<http://ids.clld.org/values/16-290-264-3>		"hapčoka"@cuj	
"uywa"@ayr	<http://ids.clld.org/values/3-110-269-1>		<http://ids.clld.org/parameters/3-110>		<http://ids.clld.org/values/3-110-264-1>		"pra"@cuj	
"uywa"@ayr	<http://ids.clld.org/values/3-110-269-1>		<http://ids.clld.org/parameters/3-110>		<http://ids.clld.org/values/3-110-264-3>		"pɨra-"@cuj	
"xari-ɲa"@ayr	<http://ids.clld.org/values/9-360-269-1>		<http://ids.clld.org/parameters/9-360>		<http://ids.clld.org/values/9-360-264-3>		"hero-ta"@cuj	
"xari-ɲa"@ayr	<http://ids.clld.org/values/9-360-269-1>		<http://ids.clld.org/parameters/9-360>		<http://ids.clld.org/values/9-360-264-1>		"herka"@cuj	
"lupˀi-ɲa"@ayr	<http://ids.clld.org/values/17-130-269-1>		<http://ids.clld.org/parameters/17-130>		<http://ids.clld.org/values/17-130-264-1>		"hi-šinika"@cuj	
"čuḳi"@ayr	<http://ids.clld.org/values/9-640-269-3>		<http://ids.clld.org/parameters/9-640>		<http://ids.clld.org/values/9-640-264-1>		"kori"@cuj	
"sirka"@ayr	<http://ids.clld.org/values/4-151-269-1>		<http://ids.clld.org/parameters/4-151>		<http://ids.clld.org/values/4-151-264-1>		"koc̷a"@cuj	
"čˀutu"@ayr	<http://ids.clld.org/values/12-330-269-1>		<http://ids.clld.org/parameters/12-330>		<http://ids.clld.org/values/12-330-264-1>		"c̷opo"@cuj	
"lukˀana"@ayr	<http://ids.clld.org/values/4-340-269-1>		<http://ids.clld.org/parameters/4-340>		<http://ids.clld.org/values/4-340-264-1>		"myoxi"@cuj	
"xanči"@ayr	<http://ids.clld.org/values/4-110-269-1>		<http://ids.clld.org/parameters/4-110>		<http://ids.clld.org/values/4-110-264-1>		"mane"@cuj	
"asiru"@ayr	<http://ids.clld.org/values/3-850-269-1>		<http://ids.clld.org/parameters/3-850>		<http://ids.clld.org/values/3-850-264-3>		"pi"@cuj	
"asiru"@ayr	<http://ids.clld.org/values/3-850-269-1>		<http://ids.clld.org/parameters/3-850>		<http://ids.clld.org/values/3-850-264-1>		"himnɨ"@cuj	
"yuxčˀa"@ayr	<http://ids.clld.org/values/2-640-269-1>		<http://ids.clld.org/parameters/2-640>		<http://ids.clld.org/values/2-640-264-1>		"mekanɨnro"@cuj	
"inti"@ayr	<http://ids.clld.org/values/1-520-269-1>		<http://ids.clld.org/parameters/1-520>		<http://ids.clld.org/values/1-520-264-1>		"tka-či"@cuj	
"kʰuyu-ɲa"@ayr	<http://ids.clld.org/values/18-170-269-1>		<http://ids.clld.org/parameters/18-170>		<http://ids.clld.org/values/18-170-264-1>		"xroľoxi"@cuj	
"kˀaɲa-ɲa"@ayr	<http://ids.clld.org/values/16-390-269-1>		<http://ids.clld.org/parameters/16-390>		<http://ids.clld.org/values/16-390-264-1>		"hočhita"@cuj	
"alʸčʰi"@ayr	<http://ids.clld.org/values/2-490-269-1>		<http://ids.clld.org/parameters/2-490>		<http://ids.clld.org/values/2-490-264-1>		"mekahyi"@cuj	
"luḳʰi"@ayr	<http://ids.clld.org/values/17-230-269-1>		<http://ids.clld.org/parameters/17-230>		<http://ids.clld.org/values/17-230-264-1>		"sepro"@cuj	
"kayu muḳu"@ayr	<http://ids.clld.org/values/4-371-269-1>		<http://ids.clld.org/parameters/4-371>		<http://ids.clld.org/values/4-371-264-1>		"yhalexi"@cuj	
"waχra"@ayr	<http://ids.clld.org/values/4-170-269-1>		<http://ids.clld.org/parameters/4-170>		<http://ids.clld.org/values/4-170-264-1>		"hwa"@cuj	
"čˀilʸa"@ayr	<http://ids.clld.org/values/4-462-269-1>		<http://ids.clld.org/parameters/4-462>		<http://ids.clld.org/values/4-462-264-1>		"pčixi"@cuj	
"čˀuku-ɲa"@ayr	<http://ids.clld.org/values/6-350-269-1>		<http://ids.clld.org/parameters/6-350>		<http://ids.clld.org/values/6-350-264-1>		"yo-c̷-ha"@cuj	
"nakta-ɲa"@ayr	<http://ids.clld.org/values/1-860-269-1>		<http://ids.clld.org/parameters/1-860>		<http://ids.clld.org/values/1-860-264-3>		"tʸirna"@cuj	
"nakta-ɲa"@ayr	<http://ids.clld.org/values/1-860-269-1>		<http://ids.clld.org/parameters/1-860>		<http://ids.clld.org/values/1-860-264-1>		"tʸirika"@cuj	
"ačila"@ayr	<http://ids.clld.org/values/2-460-269-1>		<http://ids.clld.org/parameters/2-460>		<http://ids.clld.org/values/2-460-264-1>		"hatʸi-rɨ"@cuj	
"čˀamaka"@ayr	<http://ids.clld.org/values/1-620-269-1>		<http://ids.clld.org/parameters/1-620>		<http://ids.clld.org/values/1-620-264-1>		"yačhe"@cuj	
"čˀamaka"@ayr	<http://ids.clld.org/values/1-620-269-1>		<http://ids.clld.org/parameters/1-620>		<http://ids.clld.org/values/1-620-264-3>		"yačnewľɨ"@cuj	
"pˀiya"@ayr	<http://ids.clld.org/values/12-850-269-1>		<http://ids.clld.org/parameters/12-850>		<http://ids.clld.org/values/12-850-264-3>		"nama"@cuj	
"pˀiya"@ayr	<http://ids.clld.org/values/12-850-269-1>		<http://ids.clld.org/parameters/12-850>		<http://ids.clld.org/values/12-850-264-1>		"pna"@cuj	
"mamani"@ayr	<http://ids.clld.org/values/3-585-269-1>		<http://ids.clld.org/parameters/3-585>		<http://ids.clld.org/values/3-585-264-1>		"koyano"@cuj	
"mamani"@ayr	<http://ids.clld.org/values/3-585-269-1>		<http://ids.clld.org/parameters/3-585>		<http://ids.clld.org/values/3-585-264-3>		"koyataľe"@cuj	
"awki"@ayr	<http://ids.clld.org/values/2-350-269-1>		<http://ids.clld.org/parameters/2-350>		<http://ids.clld.org/values/2-350-264-1>		"hi-rɨ"@cuj	
"awki"@ayr	<http://ids.clld.org/values/2-350-269-1>		<http://ids.clld.org/parameters/2-350>		<http://ids.clld.org/values/2-350-264-3>		"pa-tɨ"@cuj	
"awiča"@ayr	<http://ids.clld.org/values/2-470-269-1>		<http://ids.clld.org/parameters/2-470>		<http://ids.clld.org/values/2-470-264-1>		"ha-xi-ro"@cuj	
"walʸaḳi-ɲa"@ayr	<http://ids.clld.org/values/5-220-269-1>		<http://ids.clld.org/parameters/5-220>		<http://ids.clld.org/values/5-220-264-3>		"hixpaxpata"@cuj	
"walʸaḳi-ɲa"@ayr	<http://ids.clld.org/values/5-220-269-1>		<http://ids.clld.org/parameters/5-220>		<http://ids.clld.org/values/5-220-264-1>		"ximľeka"@cuj	
"istˀa-ɲa"@ayr	<http://ids.clld.org/values/15-410-269-1>		<http://ids.clld.org/parameters/15-410>		<http://ids.clld.org/values/15-410-264-1>		"xema"@cuj	
"istˀa-ɲa"@ayr	<http://ids.clld.org/values/15-410-269-1>		<http://ids.clld.org/parameters/15-410>		<http://ids.clld.org/values/15-410-264-3>		"yixnakota"@cuj	
"ḳinaya"@ayr	<http://ids.clld.org/values/1-730-269-1>		<http://ids.clld.org/parameters/1-730>		<http://ids.clld.org/values/1-730-264-1>		"kyačhapererɨmko"@cuj	
"awkili"@ayr	<http://ids.clld.org/values/2-461-269-3>		<http://ids.clld.org/parameters/2-461>		<http://ids.clld.org/values/2-461-264-1>		"kapokotɨ"@cuj	
"kˀawna"@ayr	<http://ids.clld.org/values/5-970-269-1>		<http://ids.clld.org/parameters/5-970>		<http://ids.clld.org/values/5-970-264-1>		"naxi"@cuj	
"laḳˀa"@ayr	<http://ids.clld.org/values/1-213-269-1>		<http://ids.clld.org/parameters/1-213>		<http://ids.clld.org/values/1-213-264-1>		"pahi"@cuj	
"uxi"@ayr	<http://ids.clld.org/values/1-350-269-1>		<http://ids.clld.org/parameters/1-350>		<http://ids.clld.org/values/1-350-264-1>		"špɨrha"@cuj	
"wawa"@ayr	<http://ids.clld.org/values/2-270-269-1>		<http://ids.clld.org/parameters/2-270>		<http://ids.clld.org/values/2-270-264-1>		"whene ~ wɨhene"@cuj	
"ari"@ayr	<http://ids.clld.org/values/15-780-269-1>		<http://ids.clld.org/parameters/15-780>		<http://ids.clld.org/values/15-780-264-1>		"phewna"@cuj	
"ḳarita"@ayr	<http://ids.clld.org/values/4-910-269-1>		<http://ids.clld.org/parameters/4-910>		<http://ids.clld.org/values/4-910-264-1>		"hama"@cuj	
"ḳarita"@ayr	<http://ids.clld.org/values/4-910-269-1>		<http://ids.clld.org/parameters/4-910>		<http://ids.clld.org/values/4-910-264-3>		"hipčiha"@cuj	
"sutuwalʸu xararankʰu"@ayr	<http://ids.clld.org/values/3-960-269-1>		<http://ids.clld.org/parameters/3-960>		<http://ids.clld.org/values/3-960-264-1>		"xpiro"@cuj	
"čara"@ayr	<http://ids.clld.org/values/4-351-269-1>		<http://ids.clld.org/parameters/4-351>		<http://ids.clld.org/values/4-351-264-1>		"skotpaľi"@cuj	
"sunkʰa"@ayr	<http://ids.clld.org/values/4-142-269-1>		<http://ids.clld.org/parameters/4-142>		<http://ids.clld.org/values/4-142-264-1>		"šapto"@cuj	
"pˀiḳi"@ayr	<http://ids.clld.org/values/4-200-269-1>		<http://ids.clld.org/parameters/4-200>		<http://ids.clld.org/values/4-200-264-1>		"xiwɨ"@cuj	
"yaḳʰulʸa"@ayr	<http://ids.clld.org/values/6-410-269-1>		<http://ids.clld.org/parameters/6-410>		<http://ids.clld.org/values/6-410-264-1>		"papowaľɨtɨ"@cuj	
"naya"@ayr	<http://ids.clld.org/values/2-910-269-1>		<http://ids.clld.org/parameters/2-910>		<http://ids.clld.org/values/2-910-264-1>		"hita"@cuj	
"naya"@ayr	<http://ids.clld.org/values/2-910-269-1>		<http://ids.clld.org/parameters/2-910>		<http://ids.clld.org/values/2-910-264-3>		"-no"@cuj	
"tʰakʰi"@ayr	<http://ids.clld.org/values/10-720-269-1>		<http://ids.clld.org/parameters/10-720>		<http://ids.clld.org/values/10-720-264-1>		"hapo"@cuj	
"usu"@ayr	<http://ids.clld.org/values/4-840-269-3>		<http://ids.clld.org/parameters/4-840>		<http://ids.clld.org/values/4-840-264-1>		"kapo-haľɨ"@cuj	
"usu"@ayr	<http://ids.clld.org/values/4-840-269-3>		<http://ids.clld.org/parameters/4-840>		<http://ids.clld.org/values/4-840-264-3>		"poha"@cuj	
"aru"@ayr	<http://ids.clld.org/values/18-260-269-1>		<http://ids.clld.org/parameters/18-260>		<http://ids.clld.org/values/18-260-264-1>		"tokanɨ"@cuj	
"čˀina"@ayr	<http://ids.clld.org/values/4-464-269-1>		<http://ids.clld.org/parameters/4-464>		<http://ids.clld.org/values/4-464-264-1>		"srɨ"@cuj	
"sapa"@ayr	<http://ids.clld.org/values/13-330-269-1>		<http://ids.clld.org/parameters/13-330>		<http://ids.clld.org/values/13-330-264-1>		"pxe ~ pxa"@cuj	
"kayu"@ayr	<http://ids.clld.org/values/4-370-269-1>		<http://ids.clld.org/parameters/4-370>		<http://ids.clld.org/values/4-370-264-1>		"xitʸi"@cuj	
"misi"@ayr	<http://ids.clld.org/values/3-620-269-3>		<http://ids.clld.org/parameters/3-620>		<http://ids.clld.org/values/3-620-264-1>		"mišito"@cuj	
"kˀilʸima"@ayr	<http://ids.clld.org/values/1-890-269-1>		<http://ids.clld.org/parameters/1-890>		<http://ids.clld.org/values/1-890-264-1>		"ksamome"@cuj	
"kumptaḳa-ɲa"@ayr	<http://ids.clld.org/values/10-410-269-1>		<http://ids.clld.org/parameters/10-410>		<http://ids.clld.org/values/10-410-264-1>		"kamita"@cuj	
"wayra"@ayr	<http://ids.clld.org/values/1-580-269-1>		<http://ids.clld.org/parameters/1-580>		<http://ids.clld.org/values/1-580-264-1>		"yonˑiphyata"@cuj	
"maymuru"@ayr	<http://ids.clld.org/values/4-451-269-1>		<http://ids.clld.org/parameters/4-451>		<http://ids.clld.org/values/4-451-264-1>		"hepoxi"@cuj	
"ḳala"@ayr	<http://ids.clld.org/values/1-440-269-1>		<http://ids.clld.org/parameters/1-440>		<http://ids.clld.org/values/1-440-264-1>		"sotľɨ"@cuj	
"pʰisḳa"@ayr	<http://ids.clld.org/values/13-50-269-1>		<http://ids.clld.org/parameters/13-50>		<http://ids.clld.org/values/13-50-264-1>		"pamyo"@cuj	
"alʸčʰi"@ayr	<http://ids.clld.org/values/2-480-269-1>		<http://ids.clld.org/parameters/2-480>		<http://ids.clld.org/values/2-480-264-1>		"mekahyi"@cuj	
"warmi"@ayr	<http://ids.clld.org/values/2-320-269-1>		<http://ids.clld.org/parameters/2-320>		<http://ids.clld.org/values/2-320-264-1>		"hanɨnro ~ hnɨnro"@cuj	
"čˀalʸa"@ayr	<http://ids.clld.org/values/1-215-269-1>		<http://ids.clld.org/parameters/1-215>		<http://ids.clld.org/values/1-215-264-1>		"ksatɨ"@cuj	
"muxlʸi"@ayr	<http://ids.clld.org/values/4-320-269-1>		<http://ids.clld.org/parameters/4-320>		<http://ids.clld.org/values/4-320-264-1>		"c̷oxere"@cuj	
"tˀixu-tˀixu"@ayr	<http://ids.clld.org/values/3-930-269-1>		<http://ids.clld.org/parameters/3-930>		<http://ids.clld.org/values/3-930-264-1>		"c̷ec̷e"@cuj	
"kˀalʸkˀu"@ayr	<http://ids.clld.org/values/15-380-269-1>		<http://ids.clld.org/parameters/15-380>		<http://ids.clld.org/values/15-380-264-3>		"kač-ha"@cuj	
"kˀalʸkˀu"@ayr	<http://ids.clld.org/values/15-380-269-1>		<http://ids.clld.org/parameters/15-380>		<http://ids.clld.org/values/15-380-264-1>		"kačo"@cuj	
"amuyu"@ayr	<http://ids.clld.org/values/17-110-269-1>		<http://ids.clld.org/parameters/17-110>		<http://ids.clld.org/values/17-110-264-1>		"nšinikanɨ"@cuj	
"čˀumi"@ayr	<http://ids.clld.org/values/1-410-269-1>		<http://ids.clld.org/parameters/1-410>		<http://ids.clld.org/values/1-410-264-1>		"hoša"@cuj	
"kalʸači"@ayr	<http://ids.clld.org/values/4-300-269-1>		<http://ids.clld.org/parameters/4-300>		<http://ids.clld.org/values/4-300-264-3>		"thana"@cuj	
"kalʸači"@ayr	<http://ids.clld.org/values/4-300-269-1>		<http://ids.clld.org/parameters/4-300>		<http://ids.clld.org/values/4-300-264-1>		"sko-thana"@cuj	
"lʸulʸu"@ayr	<http://ids.clld.org/values/14-140-269-1>		<http://ids.clld.org/parameters/14-140>		<http://ids.clld.org/values/14-140-264-1>		"makľɨta"@cuj	
"pˀusu"@ayr	<http://ids.clld.org/values/4-853-269-1>		<http://ids.clld.org/parameters/4-853>		<http://ids.clld.org/values/4-853-264-3>		"hanka-xrɨ"@cuj	
"pˀusu"@ayr	<http://ids.clld.org/values/4-853-269-1>		<http://ids.clld.org/parameters/4-853>		<http://ids.clld.org/values/4-853-264-1>		"hanka"@cuj	
"pʰusu"@ayr	<http://ids.clld.org/values/1-380-269-1>		<http://ids.clld.org/parameters/1-380>		<http://ids.clld.org/values/1-380-264-1>		"hihawakľe"@cuj	
"alʸu"@ayr	<http://ids.clld.org/values/4-492-269-1>		<http://ids.clld.org/parameters/4-492>		<http://ids.clld.org/values/4-492-264-1>		"ksɨ"@cuj	
"alʸu"@ayr	<http://ids.clld.org/values/4-492-269-1>		<http://ids.clld.org/parameters/4-492>		<http://ids.clld.org/values/4-492-264-3>		"sme"@cuj	
"xarapi"@ayr	<http://ids.clld.org/values/4-162-269-1>		<http://ids.clld.org/parameters/4-162>		<http://ids.clld.org/values/4-162-264-3>		"kwansat-hapɨ"@cuj	
"xarapi"@ayr	<http://ids.clld.org/values/4-162-269-1>		<http://ids.clld.org/parameters/4-162>		<http://ids.clld.org/values/4-162-264-1>		"kwansata"@cuj	
"marka"@ayr	<http://ids.clld.org/values/19-160-269-1>		<http://ids.clld.org/parameters/19-160>		<http://ids.clld.org/values/19-160-264-1>		"poko"@cuj	
"čilʸḳi-ɲa"@ayr	<http://ids.clld.org/values/10-450-269-3>		<http://ids.clld.org/parameters/10-450>		<http://ids.clld.org/values/10-450-264-1>		"yana"@cuj	
"larama"@ayr	<http://ids.clld.org/values/15-670-269-1>		<http://ids.clld.org/parameters/15-670>		<http://ids.clld.org/values/15-670-264-1>		"poľe"@cuj	
"walʸḳˀi"@ayr	<http://ids.clld.org/values/4-730-269-1>		<http://ids.clld.org/parameters/4-730>		<http://ids.clld.org/values/4-730-264-1>		"mɨšiwata"@cuj	
"xurma"@ayr	<http://ids.clld.org/values/4-232-269-1>		<http://ids.clld.org/parameters/4-232>		<http://ids.clld.org/values/4-232-264-1>		"sro"@cuj	
"kilʸtˀasi-ɲa"@ayr	<http://ids.clld.org/values/10-412-269-1>		<http://ids.clld.org/parameters/10-412>		<http://ids.clld.org/values/10-412-264-1>		"yopc̷oxita"@cuj	
"xamačˀi"@ayr	<http://ids.clld.org/values/3-581-269-1>		<http://ids.clld.org/parameters/3-581>		<http://ids.clld.org/values/3-581-264-1>		"koši-či"@cuj	
"xasi"@ayr	<http://ids.clld.org/values/4-854-269-1>		<http://ids.clld.org/parameters/4-854>		<http://ids.clld.org/values/4-854-264-1>		"hahrɨ"@cuj	
"čuyma"@ayr	<http://ids.clld.org/values/4-441-269-1>		<http://ids.clld.org/parameters/4-441>		<http://ids.clld.org/values/4-441-264-1>		"čiyľe ~ čiiľe"@cuj	
"čˀiyara"@ayr	<http://ids.clld.org/values/15-650-269-1>		<http://ids.clld.org/parameters/15-650>		<http://ids.clld.org/values/15-650-264-1>		"ksaxi"@cuj	
"laka čˀakʰa"@ayr	<http://ids.clld.org/values/4-270-269-1>		<http://ids.clld.org/parameters/4-270>		<http://ids.clld.org/values/4-270-264-1>		"yhi"@cuj	
"muḳu"@ayr	<http://ids.clld.org/values/9-192-269-1>		<http://ids.clld.org/parameters/9-192>		<http://ids.clld.org/values/9-192-264-3>		"skiwa"@cuj	
"muḳu"@ayr	<http://ids.clld.org/values/9-192-269-1>		<http://ids.clld.org/parameters/9-192>		<http://ids.clld.org/values/9-192-264-1>		"hišriskiwľɨ"@cuj	
"pˀiya"@ayr	<http://ids.clld.org/values/4-231-269-1>		<http://ids.clld.org/parameters/4-231>		<http://ids.clld.org/values/4-231-264-1>		"xri-pna"@cuj	
"nanaka"@ayr	<http://ids.clld.org/values/2-940-269-1>		<http://ids.clld.org/parameters/2-940>		<http://ids.clld.org/values/2-940-264-3>		"ha-"@cuj	
"nanaka"@ayr	<http://ids.clld.org/values/2-940-269-1>		<http://ids.clld.org/parameters/2-940>		<http://ids.clld.org/values/2-940-264-1>		"witʸa"@cuj	
"ḳulʸa"@ayr	<http://ids.clld.org/values/4-880-269-1>		<http://ids.clld.org/parameters/4-880>		<http://ids.clld.org/values/4-880-264-3>		"pinrɨ"@cuj	
"ḳulʸa"@ayr	<http://ids.clld.org/values/4-880-269-1>		<http://ids.clld.org/parameters/4-880>		<http://ids.clld.org/values/4-880-264-1>		"pini-"@cuj	
"wilʸka"@ayr	<http://ids.clld.org/values/1-520-269-3>		<http://ids.clld.org/parameters/1-520>		<http://ids.clld.org/values/1-520-264-1>		"tka-či"@cuj	
"kʰatʰati-ɲa"@ayr	<http://ids.clld.org/values/4-680-269-1>		<http://ids.clld.org/parameters/4-680>		<http://ids.clld.org/values/4-680-264-1>		"hišpiypeta"@cuj	
"xikxata-ɲa (?)"@ayr	<http://ids.clld.org/values/10-550-269-1>		<http://ids.clld.org/parameters/10-550>		<http://ids.clld.org/values/10-550-264-1>		"ha-po-ka"@cuj	
"xiskˀa"@ayr	<http://ids.clld.org/values/12-560-269-1>		<http://ids.clld.org/parameters/12-560>		<http://ids.clld.org/values/12-560-264-1>		"mtɨ-rɨ"@cuj	
"čˀakʰa"@ayr	<http://ids.clld.org/values/4-160-269-1>		<http://ids.clld.org/parameters/4-160>		<http://ids.clld.org/values/4-160-264-1>		"ha-pɨ"@cuj	
"xupʰuḳu"@ayr	<http://ids.clld.org/values/1-324-269-1>		<http://ids.clld.org/parameters/1-324>		<http://ids.clld.org/values/1-324-264-1>		"soľi"@cuj	
"wayrunḳu"@ayr	<http://ids.clld.org/values/3-820-269-1>		<http://ids.clld.org/parameters/3-820>		<http://ids.clld.org/values/3-820-264-1>		"šišri"@cuj	
"isi"@ayr	<http://ids.clld.org/values/6-120-269-1>		<http://ids.clld.org/parameters/6-120>		<http://ids.clld.org/values/6-120-264-1>		"mka"@cuj	
"ḳˀuruta"@ayr	<http://ids.clld.org/values/4-490-269-1>		<http://ids.clld.org/parameters/4-490>		<http://ids.clld.org/values/4-490-264-3>		"naxi"@cuj	
"ḳˀuruta"@ayr	<http://ids.clld.org/values/4-490-269-1>		<http://ids.clld.org/parameters/4-490>		<http://ids.clld.org/values/4-490-264-1>		"hexha-naxi"@cuj	
"yampu"@ayr	<http://ids.clld.org/values/10-831-269-1>		<http://ids.clld.org/parameters/10-831>		<http://ids.clld.org/values/10-831-264-1>		"kanawa"@cuj	
"warmi"@ayr	<http://ids.clld.org/values/2-220-269-1>		<http://ids.clld.org/parameters/2-220>		<http://ids.clld.org/values/2-220-264-1>		"sɨtʸo"@cuj	
"čača"@ayr	<http://ids.clld.org/values/2-210-269-1>		<http://ids.clld.org/parameters/2-210>		<http://ids.clld.org/values/2-210-264-1>		"xexi"@cuj	
"kawkinsa"@ayr	<http://ids.clld.org/values/17-660-269-1>		<http://ids.clld.org/parameters/17-660>		<http://ids.clld.org/values/17-660-264-1>		"hinaka"@cuj	
"uraḳi"@ayr	<http://ids.clld.org/values/1-210-269-1>		<http://ids.clld.org/parameters/1-210>		<http://ids.clld.org/values/1-210-264-1>		"čixi"@cuj	
"xila-ɲa"@ayr	<http://ids.clld.org/values/12-530-269-1>		<http://ids.clld.org/parameters/12-530>		<http://ids.clld.org/values/12-530-264-1>		"c̷erɨwna"@cuj	
"aru"@ayr	<http://ids.clld.org/values/18-110-269-1>		<http://ids.clld.org/parameters/18-110>		<http://ids.clld.org/values/18-110-264-1>		"pľaxi"@cuj	
"ati"@ayr	<http://ids.clld.org/values/4-281-269-1>		<http://ids.clld.org/parameters/4-281>		<http://ids.clld.org/values/4-281-264-1>		"paxnohi / noxi (?)"@cuj	
"malʸχtaya-ɲa"@ayr	<http://ids.clld.org/values/5-181-269-1>		<http://ids.clld.org/parameters/5-181>		<http://ids.clld.org/values/5-181-264-1>		"nikľoka"@cuj	
"tˀiri"@ayr	<http://ids.clld.org/values/4-858-269-1>		<http://ids.clld.org/parameters/4-858>		<http://ids.clld.org/values/4-858-264-1>		"pčo"@cuj	
"tˀiri"@ayr	<http://ids.clld.org/values/4-858-269-1>		<http://ids.clld.org/parameters/4-858>		<http://ids.clld.org/values/4-858-264-3>		"pčo-ľe"@cuj	
"muχsa"@ayr	<http://ids.clld.org/values/15-350-269-1>		<http://ids.clld.org/parameters/15-350>		<http://ids.clld.org/values/15-350-264-1>		"počwa-ľɨ"@cuj	
"[wutuna]"@ayr	<http://ids.clld.org/values/6-620-269-1>		<http://ids.clld.org/parameters/6-620>		<http://ids.clld.org/values/6-620-264-1>		"štexi"@cuj	
"ispalʸa"@ayr	<http://ids.clld.org/values/2-458-269-3>		<http://ids.clld.org/parameters/2-458>		<http://ids.clld.org/values/2-458-264-1>		"hepiritɨ ~ hepirɨtɨ"@cuj	
