"sara-ɲa"@ayr	<http://ids.clld.org/values/10-470-269-1>		<http://ids.clld.org/parameters/10-470>		<http://ids.clld.org/values/10-470-293-1>		"mɔ̃"@ram	
"xaχu"@ayr	<http://ids.clld.org/values/15-370-269-1>		<http://ids.clld.org/parameters/15-370>		<http://ids.clld.org/values/15-370-293-1>		"-c̷ə-"@ram	
"xaχu"@ayr	<http://ids.clld.org/values/15-370-269-1>		<http://ids.clld.org/parameters/15-370>		<http://ids.clld.org/values/15-370-293-3>		"hə"@ram	
"lapˀa"@ayr	<http://ids.clld.org/values/3-811-269-1>		<http://ids.clld.org/parameters/3-811>		<http://ids.clld.org/values/3-811-293-1>		"ii-ko"@ram	
"kˀulʸu"@ayr	<http://ids.clld.org/values/1-430-269-1>		<http://ids.clld.org/parameters/1-430>		<http://ids.clld.org/values/1-430-293-1>		"pĩ"@ram	
"yuka"@ayr	<http://ids.clld.org/values/8-920-269-1>		<http://ids.clld.org/parameters/8-920>		<http://ids.clld.org/values/8-920-293-1>		"kʰwɨrɨ"@ram	
"kikpa"@ayr	<http://ids.clld.org/values/12-920-269-1>		<http://ids.clld.org/parameters/12-920>		<http://ids.clld.org/values/12-920-293-1>		"kʰĩ"@ram	
"yapu"@ayr	<http://ids.clld.org/values/8-120-269-1>		<http://ids.clld.org/parameters/8-120>		<http://ids.clld.org/values/8-120-293-1>		"pur"@ram	
"kˀuti"@ayr	<http://ids.clld.org/values/3-813-269-1>		<http://ids.clld.org/parameters/3-813>		<http://ids.clld.org/values/3-813-293-1>		"ĩnko"@ram	
"xaka-ɲa"@ayr	<http://ids.clld.org/values/4-740-269-1>		<http://ids.clld.org/parameters/4-740>		<http://ids.clld.org/values/4-740-293-1>		"tĩ"@ram	
"xukˀa"@ayr	<http://ids.clld.org/values/13-170-269-1>		<http://ids.clld.org/parameters/13-170>		<http://ids.clld.org/values/13-170-293-1>		"kʰɨɨpe-"@ram	
"ḳunḳuri"@ayr	<http://ids.clld.org/values/4-360-269-1>		<http://ids.clld.org/parameters/4-360>		<http://ids.clld.org/values/4-360-293-1>		"ii-kʰõn"@ram	
"lʸaytʰa"@ayr	<http://ids.clld.org/values/4-820-269-1>		<http://ids.clld.org/parameters/4-820>		<http://ids.clld.org/values/4-820-293-1>		"pɛk-"@ram	
"čˀarana"@ayr	<http://ids.clld.org/values/15-830-269-1>		<http://ids.clld.org/parameters/15-830>		<http://ids.clld.org/values/15-830-293-1>		"mrɔ̃ (?)"@ram	
"pʰusa-ɲa"@ayr	<http://ids.clld.org/values/10-380-269-1>		<http://ids.clld.org/parameters/10-380>		<http://ids.clld.org/values/10-380-293-1>		"hakkoo"@ram	
"laḳa"@ayr	<http://ids.clld.org/values/14-210-269-1>		<http://ids.clld.org/parameters/14-210>		<http://ids.clld.org/values/14-210-293-1>		"kɨt-"@ram	
"tʰaya"@ayr	<http://ids.clld.org/values/15-860-269-1>		<http://ids.clld.org/parameters/15-860>		<http://ids.clld.org/values/15-860-293-1>		"kʰrɨ"@ram	
"uma-ɲa"@ayr	<http://ids.clld.org/values/5-130-269-1>		<http://ids.clld.org/parameters/5-130>		<http://ids.clld.org/values/5-130-293-1>		"-kʰõ (kʰɔ̃ ?)"@ram	
"čˀuḳi"@ayr	<http://ids.clld.org/values/5-700-269-3>		<http://ids.clld.org/parameters/5-700>		<http://ids.clld.org/values/5-700-293-1>		"yat (yɛt ?)"@ram	
"pʰičʰaɲa"@ayr	<http://ids.clld.org/values/1-851-269-1>		<http://ids.clld.org/parameters/1-851>		<http://ids.clld.org/values/1-851-293-1>		"ka-c̷ər"@ram	
"mičˀi"@ayr	<http://ids.clld.org/values/20-250-269-1>		<http://ids.clld.org/parameters/20-250>		<http://ids.clld.org/values/20-250-293-1>		"kruw"@ram	
"čˀamu-ɲa"@ayr	<http://ids.clld.org/values/5-160-269-1>		<http://ids.clld.org/parameters/5-160>		<http://ids.clld.org/values/5-160-293-1>		"kaho"@ram	
"pʰatanka"@ayr	<http://ids.clld.org/values/4-460-269-1>		<http://ids.clld.org/parameters/4-460>		<http://ids.clld.org/values/4-460-293-1>		"ii-tu"@ram	
"kˀiwča"@ayr	<http://ids.clld.org/values/4-450-269-1>		<http://ids.clld.org/parameters/4-450>		<http://ids.clld.org/values/4-450-293-1>		"ii-pa"@ram	
"xiwa-ɲa"@ayr	<http://ids.clld.org/values/4-750-269-3>		<http://ids.clld.org/parameters/4-750>		<http://ids.clld.org/values/4-750-293-1>		"tɨɨ- (tɨ ?)"@ram	
"warkkatta-ɲa"@ayr	<http://ids.clld.org/values/10-472-269-1>		<http://ids.clld.org/parameters/10-472>		<http://ids.clld.org/values/10-472-293-1>		"pi-"@ram	
"xuta-ɲa"@ayr	<http://ids.clld.org/values/10-480-269-1>		<http://ids.clld.org/parameters/10-480>		<http://ids.clld.org/values/10-480-293-1>		"-tẽ"@ram	
"tʰiχni"@ayr	<http://ids.clld.org/values/4-463-269-1>		<http://ids.clld.org/parameters/4-463>		<http://ids.clld.org/values/4-463-293-1>		"hɔ̃"@ram	
"silʸḳˀu"@ayr	<http://ids.clld.org/values/3-840-269-1>		<http://ids.clld.org/parameters/3-840>		<http://ids.clld.org/values/3-840-293-1>		"hɔɔc̷ã"@ram	
"ḳarḳa"@ayr	<http://ids.clld.org/values/1-440-269-3>		<http://ids.clld.org/parameters/1-440>		<http://ids.clld.org/values/1-440-293-1>		"kʰɛn"@ram	
"tuyu-ɲa"@ayr	<http://ids.clld.org/values/10-350-269-1>		<http://ids.clld.org/parameters/10-350>		<http://ids.clld.org/values/10-350-293-1>		"ree"@ram	
"tuyu-ɲa"@ayr	<http://ids.clld.org/values/10-350-269-1>		<http://ids.clld.org/parameters/10-350>		<http://ids.clld.org/values/10-350-293-3>		"c̷wa"@ram	
"ayča"@ayr	<http://ids.clld.org/values/5-610-269-1>		<http://ids.clld.org/parameters/5-610>		<http://ids.clld.org/values/5-610-293-1>		"hĩ"@ram	
"ayča"@ayr	<http://ids.clld.org/values/5-610-269-1>		<http://ids.clld.org/parameters/5-610>		<http://ids.clld.org/values/5-610-293-3>		"yĩ"@ram	
"saytˀa-ɲa"@ayr	<http://ids.clld.org/values/12-150-269-1>		<http://ids.clld.org/parameters/12-150>		<http://ids.clld.org/values/12-150-293-1>		"c̷a"@ram	
"xanḳˀu"@ayr	<http://ids.clld.org/values/15-640-269-1>		<http://ids.clld.org/parameters/15-640>		<http://ids.clld.org/values/15-640-293-1>		"hakkʰa"@ram	
"xanḳˀu"@ayr	<http://ids.clld.org/values/15-640-269-1>		<http://ids.clld.org/parameters/15-640>		<http://ids.clld.org/values/15-640-293-3>		"yakʰaa"@ram	
"ačuḳa-ɲa"@ayr	<http://ids.clld.org/values/4-580-269-1>		<http://ids.clld.org/parameters/4-580>		<http://ids.clld.org/values/4-580-293-1>		"-ku-c̷a"@ram	
"nasa"@ayr	<http://ids.clld.org/values/4-230-269-1>		<http://ids.clld.org/parameters/4-230>		<http://ids.clld.org/values/4-230-293-1>		"-yĩyakʰrɛ"@ram	
"tayka"@ayr	<http://ids.clld.org/values/2-360-269-1>		<http://ids.clld.org/parameters/2-360>		<http://ids.clld.org/values/2-360-293-1>		"-nə̃ə̃"@ram	
"laχra"@ayr	<http://ids.clld.org/values/4-260-269-1>		<http://ids.clld.org/parameters/4-260>		<http://ids.clld.org/values/4-260-293-1>		"-yõʔtɔ"@ram	
"[ḳuḳutrilʸu]"@ayr	<http://ids.clld.org/values/3-970-269-1>		<http://ids.clld.org/parameters/3-970>		<http://ids.clld.org/values/3-970-293-1>		"mĩĩ (mɨ̃ ?)"@ram	
"ḳuḳa"@ayr	<http://ids.clld.org/values/1-420-269-1>		<http://ids.clld.org/parameters/1-420>		<http://ids.clld.org/values/1-420-293-1>		"pĩĩ"@ram	
"suti"@ayr	<http://ids.clld.org/values/18-280-269-1>		<http://ids.clld.org/parameters/18-280>		<http://ids.clld.org/values/18-280-293-1>		"awkʰe-"@ram	
"suti"@ayr	<http://ids.clld.org/values/18-280-269-1>		<http://ids.clld.org/parameters/18-280>		<http://ids.clld.org/values/18-280-293-3>		"yəyə-"@ram	
"maya"@ayr	<http://ids.clld.org/values/13-10-269-1>		<http://ids.clld.org/parameters/13-10>		<http://ids.clld.org/values/13-10-293-1>		"pɨc̷it"@ram	
"wičˀinkʰa"@ayr	<http://ids.clld.org/values/4-180-269-1>		<http://ids.clld.org/parameters/4-180>		<http://ids.clld.org/values/4-180-293-1>		"ha-ppɨ"@ram	
"utaanḳa"@ayr	<http://ids.clld.org/values/7-150-269-1>		<http://ids.clld.org/parameters/7-150>		<http://ids.clld.org/values/7-150-293-1>		"ka-"@ram	
"sulʸa"@ayr	<http://ids.clld.org/values/1-640-269-1>		<http://ids.clld.org/parameters/1-640>		<http://ids.clld.org/values/1-640-293-1>		"atər-"@ram	
"xaniwa"@ayr	<http://ids.clld.org/values/17-560-269-1>		<http://ids.clld.org/parameters/17-560>		<http://ids.clld.org/values/17-560-293-1>		"ke-"@ram	
"wiru-ɲa"@ayr	<http://ids.clld.org/values/10-370-269-1>		<http://ids.clld.org/parameters/10-370>		<http://ids.clld.org/values/10-370-293-1>		"tɛɛ"@ram	
"kulʸaka"@ayr	<http://ids.clld.org/values/2-450-269-1>		<http://ids.clld.org/parameters/2-450>		<http://ids.clld.org/values/2-450-293-1>		"tɔ̃y-"@ram	
"kˀusilʸu"@ayr	<http://ids.clld.org/values/3-760-269-1>		<http://ids.clld.org/parameters/3-760>		<http://ids.clld.org/values/3-760-293-1>		"kukʰoy"@ram	
"lapʰi"@ayr	<http://ids.clld.org/values/8-560-269-1>		<http://ids.clld.org/parameters/8-560>		<http://ids.clld.org/values/8-560-293-1>		"iʔ-ho"@ram	
"isčˀuki-ɲa"@ayr	<http://ids.clld.org/values/15-420-269-3>		<http://ids.clld.org/parameters/15-420>		<http://ids.clld.org/values/15-420-293-1>		"k mpa (?)"@ram	
"ikintχa-ɲa"@ayr	<http://ids.clld.org/values/12-140-269-1>		<http://ids.clld.org/parameters/12-140>		<http://ids.clld.org/values/12-140-293-1>		"nɔ̃"@ram	
"ali"@ayr	<http://ids.clld.org/values/1-420-269-3>		<http://ids.clld.org/parameters/1-420>		<http://ids.clld.org/values/1-420-293-1>		"pĩĩ"@ram	
"xikˀu"@ayr	<http://ids.clld.org/values/4-521-269-1>		<http://ids.clld.org/parameters/4-521>		<http://ids.clld.org/values/4-521-293-1>		"hɛk"@ram	
"nayra"@ayr	<http://ids.clld.org/values/4-210-269-1>		<http://ids.clld.org/parameters/4-210>		<http://ids.clld.org/values/4-210-293-1>		"ii-tɔ"@ram	
"samači"@ayr	<http://ids.clld.org/values/9-880-269-1>		<http://ids.clld.org/parameters/9-880>		<http://ids.clld.org/values/9-880-293-1>		"kʰrɔr"@ram	
"ḳʰuru"@ayr	<http://ids.clld.org/values/16-720-269-1>		<http://ids.clld.org/parameters/16-720>		<http://ids.clld.org/values/16-720-293-1>		"iʔkʰɛn"@ram	
"xarisi-ɲa"@ayr	<http://ids.clld.org/values/4-690-269-1>		<http://ids.clld.org/parameters/4-690>		<http://ids.clld.org/values/4-690-293-1>		"c̷wa"@ram	
"xuma"@ayr	<http://ids.clld.org/values/2-920-269-1>		<http://ids.clld.org/parameters/2-920>		<http://ids.clld.org/values/2-920-293-1>		"ka"@ram	
"xayu"@ayr	<http://ids.clld.org/values/5-810-269-1>		<http://ids.clld.org/parameters/5-810>		<http://ids.clld.org/values/5-810-293-1>		"kaac̷wa"@ram	
"čura-ɲa"@ayr	<http://ids.clld.org/values/11-210-269-1>		<http://ids.clld.org/parameters/11-210>		<http://ids.clld.org/values/11-210-293-3>		"ŋɔ̃"@ram	
"čura-ɲa"@ayr	<http://ids.clld.org/values/11-210-269-1>		<http://ids.clld.org/parameters/11-210>		<http://ids.clld.org/values/11-210-293-1>		"c̷i-"@ram	
"sapaki"@ayr	<http://ids.clld.org/values/13-330-269-3>		<http://ids.clld.org/parameters/13-330>		<http://ids.clld.org/values/13-330-293-3>		"kamã"@ram	
"sapaki"@ayr	<http://ids.clld.org/values/13-330-269-3>		<http://ids.clld.org/parameters/13-330>		<http://ids.clld.org/values/13-330-293-1>		"pit"@ram	
"nina"@ayr	<http://ids.clld.org/values/1-810-269-1>		<http://ids.clld.org/parameters/1-810>		<http://ids.clld.org/values/1-810-293-1>		"kuhɨ"@ram	
"arumantʰi"@ayr	<http://ids.clld.org/values/14-440-269-1>		<http://ids.clld.org/parameters/14-440>		<http://ids.clld.org/values/14-440-293-1>		"apɛ̃"@ram	
"ḳʰiri"@ayr	<http://ids.clld.org/values/7-310-269-1>		<http://ids.clld.org/parameters/7-310>		<http://ids.clld.org/values/7-310-293-1>		"kiz (?)"@ram	
"xalʸu"@ayr	<http://ids.clld.org/values/1-750-269-1>		<http://ids.clld.org/parameters/1-750>		<http://ids.clld.org/values/1-750-293-1>		"taa (ta ?)"@ram	
"čʰiḳʰa"@ayr	<http://ids.clld.org/values/4-392-269-1>		<http://ids.clld.org/parameters/4-392>		<http://ids.clld.org/values/4-392-293-1>		"haaraa"@ram	
"tata"@ayr	<http://ids.clld.org/values/2-350-269-3>		<http://ids.clld.org/parameters/2-350>		<http://ids.clld.org/values/2-350-293-1>		"-pãm"@ram	
"tata"@ayr	<http://ids.clld.org/values/2-350-269-3>		<http://ids.clld.org/parameters/2-350>		<http://ids.clld.org/values/2-350-293-3>		"c̷ũ"@ram	
"milʸkˀuta"@ayr	<http://ids.clld.org/values/12-740-269-1>		<http://ids.clld.org/parameters/12-740>		<http://ids.clld.org/values/12-740-293-1>		"yakɔt"@ram	
"sara-ɲa"@ayr	<http://ids.clld.org/values/10-450-269-1>		<http://ids.clld.org/parameters/10-450>		<http://ids.clld.org/values/10-450-293-1>		"mõ"@ram	
"xatʰi"@ayr	<http://ids.clld.org/values/15-810-269-1>		<http://ids.clld.org/parameters/15-810>		<http://ids.clld.org/values/15-810-293-1>		"hũũ-tĩ"@ram	
"kʰuči"@ayr	<http://ids.clld.org/values/3-350-269-1>		<http://ids.clld.org/parameters/3-350>		<http://ids.clld.org/values/3-350-293-1>		"kʰro"@ram	
"lipˀiči"@ayr	<http://ids.clld.org/values/4-120-269-1>		<http://ids.clld.org/parameters/4-120>		<http://ids.clld.org/values/4-120-293-1>		"ii-kʰə (?)"@ram	
"alax-pača"@ayr	<http://ids.clld.org/values/1-510-269-1>		<http://ids.clld.org/parameters/1-510>		<http://ids.clld.org/values/1-510-293-1>		"koykʰwa"@ram	
"amḳa"@ayr	<http://ids.clld.org/values/5-700-269-1>		<http://ids.clld.org/parameters/5-700>		<http://ids.clld.org/values/5-700-293-1>		"yat (yɛt ?)"@ram	
"miskˀi"@ayr	<http://ids.clld.org/values/5-840-269-1>		<http://ids.clld.org/parameters/5-840>		<http://ids.clld.org/values/5-840-293-1>		"pɛn"@ram	
"čiɲi"@ayr	<http://ids.clld.org/values/3-591-269-1>		<http://ids.clld.org/parameters/3-591>		<http://ids.clld.org/values/3-591-293-1>		"c̷ɛprɛ"@ram	
"xatʰa"@ayr	<http://ids.clld.org/values/8-311-269-1>		<http://ids.clld.org/parameters/8-311>		<http://ids.clld.org/values/8-311-293-1>		"iʔ-hɨɨ (hɨ- ?)"@ram	
"ḳunu-ɲa"@ayr	<http://ids.clld.org/values/12-130-269-3>		<http://ids.clld.org/parameters/12-130>		<http://ids.clld.org/values/12-130-293-1>		"yə̃ (yɨ̃ ?)"@ram	
"sapa"@ayr	<http://ids.clld.org/values/13-140-269-1>		<http://ids.clld.org/parameters/13-140>		<http://ids.clld.org/values/13-140-293-1>		"tu-"@ram	
"sapʰi"@ayr	<http://ids.clld.org/values/8-540-269-1>		<http://ids.clld.org/parameters/8-540>		<http://ids.clld.org/values/8-540-293-1>		"haare"@ram	
"ḳuḳa"@ayr	<http://ids.clld.org/values/8-600-269-1>		<http://ids.clld.org/parameters/8-600>		<http://ids.clld.org/values/8-600-293-1>		"pĩĩ"@ram	
"uma"@ayr	<http://ids.clld.org/values/1-310-269-1>		<http://ids.clld.org/parameters/1-310>		<http://ids.clld.org/values/1-310-293-1>		"ko"@ram	
"tʰaḳa-ɲa"@ayr	<http://ids.clld.org/values/11-310-269-1>		<http://ids.clld.org/parameters/11-310>		<http://ids.clld.org/values/11-310-293-1>		"lɨ̃t"@ram	
"waru"@ayr	<http://ids.clld.org/values/12-570-269-1>		<http://ids.clld.org/parameters/12-570>		<http://ids.clld.org/values/12-570-293-1>		"i-rɨɨ"@ram	
"waɲa"@ayr	<http://ids.clld.org/values/15-840-269-1>		<http://ids.clld.org/parameters/15-840>		<http://ids.clld.org/values/15-840-293-1>		"krə"@ram	
"waɲa"@ayr	<http://ids.clld.org/values/15-840-269-1>		<http://ids.clld.org/parameters/15-840>		<http://ids.clld.org/values/15-840-293-3>		"(kʰra ?)"@ram	
"ḳuntˀa-ɲa"@ayr	<http://ids.clld.org/values/12-130-269-1>		<http://ids.clld.org/parameters/12-130>		<http://ids.clld.org/values/12-130-293-1>		"yə̃ (yɨ̃ ?)"@ram	
"wila"@ayr	<http://ids.clld.org/values/4-150-269-1>		<http://ids.clld.org/parameters/4-150>		<http://ids.clld.org/values/4-150-293-1>		"ii-kaproo"@ram	
"mama"@ayr	<http://ids.clld.org/values/2-360-269-3>		<http://ids.clld.org/parameters/2-360>		<http://ids.clld.org/values/2-360-293-1>		"-nə̃ə̃"@ram	
"ampara"@ayr	<http://ids.clld.org/values/4-310-269-1>		<http://ids.clld.org/parameters/4-310>		<http://ids.clld.org/values/4-310-293-1>		"pa"@ram	
"xinḳˀi"@ayr	<http://ids.clld.org/values/4-856-269-1>		<http://ids.clld.org/parameters/4-856>		<http://ids.clld.org/values/4-856-293-1>		"kuhe"@ram	
"xaylʸi-ɲa"@ayr	<http://ids.clld.org/values/18-120-269-1>		<http://ids.clld.org/parameters/18-120>		<http://ids.clld.org/values/18-120-293-1>		"-krɛ"@ram	
"suma"@ayr	<http://ids.clld.org/values/16-710-269-1>		<http://ids.clld.org/parameters/16-710>		<http://ids.clld.org/values/16-710-293-1>		"-pɛy"@ram	
"taḳi"@ayr	<http://ids.clld.org/values/13-140-269-3>		<http://ids.clld.org/parameters/13-140>		<http://ids.clld.org/values/13-140-293-1>		"tu-"@ram	
"ampara"@ayr	<http://ids.clld.org/values/4-330-269-1>		<http://ids.clld.org/parameters/4-330>		<http://ids.clld.org/values/4-330-293-1>		"hũʔkʰra"@ram	
"tʰuxru"@ayr	<http://ids.clld.org/values/19-250-269-1>		<http://ids.clld.org/parameters/19-250>		<http://ids.clld.org/values/19-250-293-1>		"kʰo-"@ram	
"čˀiḳa"@ayr	<http://ids.clld.org/values/12-420-269-1>		<http://ids.clld.org/parameters/12-420>		<http://ids.clld.org/values/12-420-293-1>		"aw-kʰɛ"@ram	
"uta"@ayr	<http://ids.clld.org/values/7-120-269-1>		<http://ids.clld.org/parameters/7-120>		<http://ids.clld.org/values/7-120-293-1>		"ii-kʰrɛ"@ram	
"ɲikˀuta"@ayr	<http://ids.clld.org/values/4-140-269-1>		<http://ids.clld.org/parameters/4-140>		<http://ids.clld.org/values/4-140-293-1>		"ii-kʰĩ"@ram	
"taruka"@ayr	<http://ids.clld.org/values/3-750-269-1>		<http://ids.clld.org/parameters/3-750>		<http://ids.clld.org/values/3-750-293-1>		"pɔ"@ram	
"taruka"@ayr	<http://ids.clld.org/values/3-750-269-1>		<http://ids.clld.org/parameters/3-750>		<http://ids.clld.org/values/3-750-293-3>		"kaarə"@ram	
"iki-ɲa"@ayr	<http://ids.clld.org/values/4-610-269-1>		<http://ids.clld.org/parameters/4-610>		<http://ids.clld.org/values/4-610-293-1>		"-ŋõr (ŋɔ̃r ?)"@ram	
"manḳʰa"@ayr	<http://ids.clld.org/values/12-50-269-1>		<http://ids.clld.org/parameters/12-50>		<http://ids.clld.org/values/12-50-293-1>		"kʰam"@ram	
"ḳˀaptʰapi-ɲa"@ayr	<http://ids.clld.org/values/9-343-269-1>		<http://ids.clld.org/parameters/9-343>		<http://ids.clld.org/values/9-343-293-1>		"ŋɛ̃n"@ram	
"lura-ɲa"@ayr	<http://ids.clld.org/values/9-110-269-1>		<http://ids.clld.org/parameters/9-110>		<http://ids.clld.org/values/9-110-293-1>		"tɔn"@ram	
"mačaḳa"@ayr	<http://ids.clld.org/values/14-130-269-1>		<http://ids.clld.org/parameters/14-130>		<http://ids.clld.org/values/14-130-293-1>		"-tuwa"@ram	
"uɲxa-ɲa"@ayr	<http://ids.clld.org/values/15-510-269-1>		<http://ids.clld.org/parameters/15-510>		<http://ids.clld.org/values/15-510-293-1>		"-hõm-pu"@ram	
"uɲxa-ɲa"@ayr	<http://ids.clld.org/values/15-510-269-1>		<http://ids.clld.org/parameters/15-510>		<http://ids.clld.org/values/15-510-293-3>		"pu-pun"@ram	
"tʰuxsa-tʰuxsa"@ayr	<http://ids.clld.org/values/8-680-269-1>		<http://ids.clld.org/parameters/8-680>		<http://ids.clld.org/values/8-680-293-1>		"parho"@ram	
"xupa"@ayr	<http://ids.clld.org/values/2-930-269-1>		<http://ids.clld.org/parameters/2-930>		<http://ids.clld.org/values/2-930-293-1>		"tamə̃"@ram	
"čaḳa"@ayr	<http://ids.clld.org/values/12-110-269-1>		<http://ids.clld.org/parameters/12-110>		<http://ids.clld.org/values/12-110-293-1>		"-li-"@ram	
"čača"@ayr	<http://ids.clld.org/values/2-310-269-1>		<http://ids.clld.org/parameters/2-310>		<http://ids.clld.org/values/2-310-293-1>		"ĩĩ-pyɛ"@ram	
"ačači"@ayr	<http://ids.clld.org/values/14-150-269-1>		<http://ids.clld.org/parameters/14-150>		<http://ids.clld.org/values/14-150-293-1>		"tũm"@ram	
"ḳaḳa"@ayr	<http://ids.clld.org/values/12-850-269-3>		<http://ids.clld.org/parameters/12-850>		<http://ids.clld.org/values/12-850-293-1>		"kʰrɛ"@ram	
"xiwata"@ayr	<http://ids.clld.org/values/4-750-269-1>		<http://ids.clld.org/parameters/4-750>		<http://ids.clld.org/values/4-750-293-1>		"tɨɨ- (tɨ ?)"@ram	
"wara-wara"@ayr	<http://ids.clld.org/values/1-540-269-1>		<http://ids.clld.org/parameters/1-540>		<http://ids.clld.org/values/1-540-293-1>		"kac̷ee-rɛ"@ram	
"tʰaya"@ayr	<http://ids.clld.org/values/1-720-269-1>		<http://ids.clld.org/parameters/1-720>		<http://ids.clld.org/values/1-720-293-1>		"kʰook"@ram	
"panḳara"@ayr	<http://ids.clld.org/values/8-570-269-1>		<http://ids.clld.org/parameters/8-570>		<http://ids.clld.org/values/8-570-293-1>		"ii-rə̃"@ram	
"čˀaku-ɲa"@ayr	<http://ids.clld.org/values/9-211-269-1>		<http://ids.clld.org/parameters/9-211>		<http://ids.clld.org/values/9-211-293-1>		"twə"@ram	
"wičʰu xičʰu"@ayr	<http://ids.clld.org/values/7-520-269-1>		<http://ids.clld.org/parameters/7-520>		<http://ids.clld.org/values/7-520-293-1>		"po"@ram	
"laka"@ayr	<http://ids.clld.org/values/4-240-269-1>		<http://ids.clld.org/parameters/4-240>		<http://ids.clld.org/values/4-240-293-1>		"-yarkʰwa"@ram	
"ḳura"@ayr	<http://ids.clld.org/values/8-510-269-1>		<http://ids.clld.org/parameters/8-510>		<http://ids.clld.org/values/8-510-293-1>		"aʔ-tuu"@ram	
"tiwula"@ayr	<http://ids.clld.org/values/2-510-269-1>		<http://ids.clld.org/parameters/2-510>		<http://ids.clld.org/values/2-510-293-1>		"kɛt"@ram	
"čawlʸa"@ayr	<http://ids.clld.org/values/3-650-269-1>		<http://ids.clld.org/parameters/3-650>		<http://ids.clld.org/values/3-650-293-3>		"krən-"@ram	
"čawlʸa"@ayr	<http://ids.clld.org/values/3-650-269-1>		<http://ids.clld.org/parameters/3-650>		<http://ids.clld.org/values/3-650-293-1>		"tɛp"@ram	
"xiḳˀi"@ayr	<http://ids.clld.org/values/1-830-269-1>		<http://ids.clld.org/parameters/1-830>		<http://ids.clld.org/values/1-830-293-1>		"iʔ-kʰũm"@ram	
"čara"@ayr	<http://ids.clld.org/values/4-350-269-1>		<http://ids.clld.org/parameters/4-350>		<http://ids.clld.org/values/4-350-293-1>		"ii-tɛ"@ram	
"kunka"@ayr	<http://ids.clld.org/values/4-280-269-1>		<http://ids.clld.org/parameters/4-280>		<http://ids.clld.org/values/4-280-293-1>		"ii-put"@ram	
"pilpintu"@ayr	<http://ids.clld.org/values/3-920-269-1>		<http://ids.clld.org/parameters/3-920>		<http://ids.clld.org/values/3-920-293-1>		"wɛwɛ-"@ram	
"alala"@ayr	<http://ids.clld.org/values/15-860-269-3>		<http://ids.clld.org/parameters/15-860>		<http://ids.clld.org/values/15-860-293-1>		"kʰrɨ"@ram	
"manḳˀa-ɲa"@ayr	<http://ids.clld.org/values/5-110-269-1>		<http://ids.clld.org/parameters/5-110>		<http://ids.clld.org/values/5-110-293-3>		"kʰuu"@ram	
"manḳˀa-ɲa"@ayr	<http://ids.clld.org/values/5-110-269-1>		<http://ids.clld.org/parameters/5-110>		<http://ids.clld.org/values/5-110-293-7>		"pa-"@ram	
"manḳˀa-ɲa"@ayr	<http://ids.clld.org/values/5-110-269-1>		<http://ids.clld.org/parameters/5-110>		<http://ids.clld.org/values/5-110-293-5>		"kukʰu-"@ram	
"manḳˀa-ɲa"@ayr	<http://ids.clld.org/values/5-110-269-1>		<http://ids.clld.org/parameters/5-110>		<http://ids.clld.org/values/5-110-293-1>		"-kʰrẽ"@ram	
"xačˀa"@ayr	<http://ids.clld.org/values/12-550-269-1>		<http://ids.clld.org/parameters/12-550>		<http://ids.clld.org/values/12-550-293-1>		"ti-"@ram	
"ḳʰilʸa"@ayr	<http://ids.clld.org/values/1-840-269-1>		<http://ids.clld.org/parameters/1-840>		<http://ids.clld.org/values/1-840-293-1>		"prɔ"@ram	
"kˀusiwalʸu"@ayr	<http://ids.clld.org/values/3-817-269-1>		<http://ids.clld.org/parameters/3-817>		<http://ids.clld.org/values/3-817-293-1>		"ahc̷un- (aʔc̷un- ?)"@ram	
"laḳampu"@ayr	<http://ids.clld.org/values/1-510-269-3>		<http://ids.clld.org/parameters/1-510>		<http://ids.clld.org/values/1-510-293-1>		"koykʰwa"@ram	
"kimsa"@ayr	<http://ids.clld.org/values/13-30-269-1>		<http://ids.clld.org/parameters/13-30>		<http://ids.clld.org/values/13-30-293-1>		"ɨnkre-"@ram	
"xampˀati-ɲa"@ayr	<http://ids.clld.org/values/16-290-269-1>		<http://ids.clld.org/parameters/16-290>		<http://ids.clld.org/values/16-290-293-1>		"p (?)"@ram	
"xari-ɲa"@ayr	<http://ids.clld.org/values/9-360-269-1>		<http://ids.clld.org/parameters/9-360>		<http://ids.clld.org/values/9-360-293-1>		"kuʔhõ"@ram	
"xari-ɲa"@ayr	<http://ids.clld.org/values/9-360-269-1>		<http://ids.clld.org/parameters/9-360>		<http://ids.clld.org/values/9-360-293-3>		"kaʔhõ"@ram	
"asiru"@ayr	<http://ids.clld.org/values/3-850-269-1>		<http://ids.clld.org/parameters/3-850>		<http://ids.clld.org/values/3-850-293-3>		"pat"@ram	
"asiru"@ayr	<http://ids.clld.org/values/3-850-269-1>		<http://ids.clld.org/parameters/3-850>		<http://ids.clld.org/values/3-850-293-1>		"kaaŋə"@ram	
"inti"@ayr	<http://ids.clld.org/values/1-520-269-1>		<http://ids.clld.org/parameters/1-520>		<http://ids.clld.org/values/1-520-293-3>		"pɨtɨ"@ram	
"inti"@ayr	<http://ids.clld.org/values/1-520-269-1>		<http://ids.clld.org/parameters/1-520>		<http://ids.clld.org/values/1-520-293-1>		"pɨt"@ram	
"aruma"@ayr	<http://ids.clld.org/values/14-420-269-1>		<http://ids.clld.org/parameters/14-420>		<http://ids.clld.org/values/14-420-293-1>		"kac̷wa"@ram	
"tʰuḳu-ɲa"@ayr	<http://ids.clld.org/values/10-440-269-1>		<http://ids.clld.org/parameters/10-440>		<http://ids.clld.org/values/10-440-293-1>		"hakrun (?)"@ram	
"pˀiya"@ayr	<http://ids.clld.org/values/12-850-269-1>		<http://ids.clld.org/parameters/12-850>		<http://ids.clld.org/values/12-850-293-1>		"kʰrɛ"@ram	
"awki"@ayr	<http://ids.clld.org/values/2-350-269-1>		<http://ids.clld.org/parameters/2-350>		<http://ids.clld.org/values/2-350-293-1>		"-pãm"@ram	
"awki"@ayr	<http://ids.clld.org/values/2-350-269-1>		<http://ids.clld.org/parameters/2-350>		<http://ids.clld.org/values/2-350-293-3>		"c̷ũ"@ram	
"siχi"@ayr	<http://ids.clld.org/values/9-770-269-1>		<http://ids.clld.org/parameters/9-770>		<http://ids.clld.org/values/9-770-293-1>		"kohpip (koʔpip ?)"@ram	
"istˀa-ɲa"@ayr	<http://ids.clld.org/values/15-410-269-1>		<http://ids.clld.org/parameters/15-410>		<http://ids.clld.org/values/15-410-293-1>		"kʰə̃-pa"@ram	
"kˀawna"@ayr	<http://ids.clld.org/values/5-970-269-1>		<http://ids.clld.org/parameters/5-970>		<http://ids.clld.org/values/5-970-293-1>		"in-krɛ"@ram	
"laḳˀa"@ayr	<http://ids.clld.org/values/1-213-269-1>		<http://ids.clld.org/parameters/1-213>		<http://ids.clld.org/values/1-213-293-1>		"pye yakro"@ram	
"wawa"@ayr	<http://ids.clld.org/values/2-270-269-1>		<http://ids.clld.org/parameters/2-270>		<http://ids.clld.org/values/2-270-293-1>		"aʔ-kʰra-rɛ"@ram	
"nakʰaɲa"@ayr	<http://ids.clld.org/values/1-852-269-1>		<http://ids.clld.org/parameters/1-852>		<http://ids.clld.org/values/1-852-293-1>		"pok"@ram	
"čˀankʰa"@ayr	<http://ids.clld.org/values/6-380-269-1>		<http://ids.clld.org/parameters/6-380>		<http://ids.clld.org/values/6-380-293-1>		"he-"@ram	
"čˀankʰa"@ayr	<http://ids.clld.org/values/6-380-269-1>		<http://ids.clld.org/parameters/6-380>		<http://ids.clld.org/values/6-380-293-3>		"-c̷e- (?)"@ram	
"kˀarisi-ɲa"@ayr	<http://ids.clld.org/values/16-670-269-1>		<http://ids.clld.org/parameters/16-670>		<http://ids.clld.org/values/16-670-293-1>		"nõ"@ram	
"xuntˀu"@ayr	<http://ids.clld.org/values/15-850-269-1>		<http://ids.clld.org/parameters/15-850>		<http://ids.clld.org/values/15-850-293-1>		"kakrɔ"@ram	
"pˀiḳi"@ayr	<http://ids.clld.org/values/4-200-269-1>		<http://ids.clld.org/parameters/4-200>		<http://ids.clld.org/values/4-200-293-1>		"ii-kʰrə̃"@ram	
"naya"@ayr	<http://ids.clld.org/values/2-910-269-1>		<http://ids.clld.org/parameters/2-910>		<http://ids.clld.org/values/2-910-293-3>		"wa"@ram	
"naya"@ayr	<http://ids.clld.org/values/2-910-269-1>		<http://ids.clld.org/parameters/2-910>		<http://ids.clld.org/values/2-910-293-1>		"pa"@ram	
"tʰakʰi"@ayr	<http://ids.clld.org/values/10-720-269-1>		<http://ids.clld.org/parameters/10-720>		<http://ids.clld.org/values/10-720-293-1>		"prɨɨ"@ram	
"xaḳukipa-ɲa"@ayr	<http://ids.clld.org/values/10-130-269-1>		<http://ids.clld.org/parameters/10-130>		<http://ids.clld.org/values/10-130-293-1>		"ayrɔ̃"@ram	
"čˀina"@ayr	<http://ids.clld.org/values/4-464-269-1>		<http://ids.clld.org/parameters/4-464>		<http://ids.clld.org/values/4-464-293-1>		"ayɔ"@ram	
"sapa"@ayr	<http://ids.clld.org/values/13-330-269-1>		<http://ids.clld.org/parameters/13-330>		<http://ids.clld.org/values/13-330-293-3>		"kamã"@ram	
"sapa"@ayr	<http://ids.clld.org/values/13-330-269-1>		<http://ids.clld.org/parameters/13-330>		<http://ids.clld.org/values/13-330-293-1>		"pit"@ram	
"kayu"@ayr	<http://ids.clld.org/values/4-370-269-1>		<http://ids.clld.org/parameters/4-370>		<http://ids.clld.org/values/4-370-293-1>		"ii-par"@ram	
"istˀa-ɲa"@ayr	<http://ids.clld.org/values/15-420-269-1>		<http://ids.clld.org/parameters/15-420>		<http://ids.clld.org/values/15-420-293-1>		"k mpa (?)"@ram	
"ḳala"@ayr	<http://ids.clld.org/values/1-440-269-1>		<http://ids.clld.org/parameters/1-440>		<http://ids.clld.org/values/1-440-293-1>		"kʰɛn"@ram	
"kusisita"@ayr	<http://ids.clld.org/values/16-230-269-1>		<http://ids.clld.org/parameters/16-230>		<http://ids.clld.org/values/16-230-293-1>		"hakʰrɨ"@ram	
"warmi"@ayr	<http://ids.clld.org/values/2-320-269-1>		<http://ids.clld.org/parameters/2-320>		<http://ids.clld.org/values/2-320-293-1>		"ĩĩ-prõ"@ram	
"čˀalʸa"@ayr	<http://ids.clld.org/values/1-215-269-1>		<http://ids.clld.org/parameters/1-215>		<http://ids.clld.org/values/1-215-293-1>		"pye"@ram	
"čˀumi"@ayr	<http://ids.clld.org/values/1-410-269-1>		<http://ids.clld.org/parameters/1-410>		<http://ids.clld.org/values/1-410-293-1>		"lam-"@ram	
"pʰučˀu"@ayr	<http://ids.clld.org/values/1-370-269-1>		<http://ids.clld.org/parameters/1-370>		<http://ids.clld.org/values/1-370-293-1>		"kʰwa"@ram	
"apa-ɲa"@ayr	<http://ids.clld.org/values/10-610-269-1>		<http://ids.clld.org/parameters/10-610>		<http://ids.clld.org/values/10-610-293-1>		"pə"@ram	
"čilʸḳi-ɲa"@ayr	<http://ids.clld.org/values/10-450-269-3>		<http://ids.clld.org/parameters/10-450>		<http://ids.clld.org/values/10-450-293-1>		"mõ"@ram	
"xamačˀi"@ayr	<http://ids.clld.org/values/3-581-269-1>		<http://ids.clld.org/parameters/3-581>		<http://ids.clld.org/values/3-581-293-1>		"kɛ̃"@ram	
"čˀiyara"@ayr	<http://ids.clld.org/values/15-650-269-1>		<http://ids.clld.org/parameters/15-650>		<http://ids.clld.org/values/15-650-293-1>		"iʔ-tɨk"@ram	
"laka čˀakʰa"@ayr	<http://ids.clld.org/values/4-270-269-1>		<http://ids.clld.org/parameters/4-270>		<http://ids.clld.org/values/4-270-293-1>		"ii-c̷wa"@ram	
"liḳˀi-ɲa"@ayr	<http://ids.clld.org/values/9-210-269-1>		<http://ids.clld.org/parameters/9-210>		<http://ids.clld.org/values/9-210-293-1>		"kʰrɔ̃k"@ram	
"wilʸka"@ayr	<http://ids.clld.org/values/1-520-269-3>		<http://ids.clld.org/parameters/1-520>		<http://ids.clld.org/values/1-520-293-3>		"pɨtɨ"@ram	
"wilʸka"@ayr	<http://ids.clld.org/values/1-520-269-3>		<http://ids.clld.org/parameters/1-520>		<http://ids.clld.org/values/1-520-293-1>		"pɨt"@ram	
"kˀalʸa"@ayr	<http://ids.clld.org/values/3-592-269-1>		<http://ids.clld.org/parameters/3-592>		<http://ids.clld.org/values/3-592-293-1>		"krɨy-ti"@ram	
"xiskˀa"@ayr	<http://ids.clld.org/values/12-560-269-1>		<http://ids.clld.org/parameters/12-560>		<http://ids.clld.org/values/12-560-293-3>		"lɛ"@ram	
"xiskˀa"@ayr	<http://ids.clld.org/values/12-560-269-1>		<http://ids.clld.org/parameters/12-560>		<http://ids.clld.org/values/12-560-293-1>		"ĩn-krirɛ"@ram	
"anu"@ayr	<http://ids.clld.org/values/3-610-269-1>		<http://ids.clld.org/parameters/3-610>		<http://ids.clld.org/values/3-610-293-1>		"rɔp"@ram	
"čˀakʰa"@ayr	<http://ids.clld.org/values/4-160-269-1>		<http://ids.clld.org/parameters/4-160>		<http://ids.clld.org/values/4-160-293-1>		"-hi"@ram	
"pʰuḳa"@ayr	<http://ids.clld.org/values/13-210-269-1>		<http://ids.clld.org/parameters/13-210>		<http://ids.clld.org/values/13-210-293-1>		"yic̷u"@ram	
"čača"@ayr	<http://ids.clld.org/values/2-210-269-1>		<http://ids.clld.org/parameters/2-210>		<http://ids.clld.org/values/2-210-293-1>		"hũm"@ram	
"muχsa"@ayr	<http://ids.clld.org/values/15-350-269-1>		<http://ids.clld.org/parameters/15-350>		<http://ids.clld.org/values/15-350-293-1>		"c̷o-"@ram	
"utxa-ɲa"@ayr	<http://ids.clld.org/values/7-110-269-1>		<http://ids.clld.org/parameters/7-110>		<http://ids.clld.org/values/7-110-293-1>		"kʰrĩ"@ram	
