"ispilʸu"@ayr	<http://ids.clld.org/values/4-250-269-1>		<http://ids.clld.org/parameters/4-250>		<http://ids.clld.org/values/4-250-232-1>		"kʷa'təl-"@cjh	
"xaχu"@ayr	<http://ids.clld.org/values/15-370-269-1>		<http://ids.clld.org/parameters/15-370>		<http://ids.clld.org/values/15-370-232-1>		"'tɬˀəɬ"@cjh	
"xikʰani"@ayr	<http://ids.clld.org/values/4-191-269-1>		<http://ids.clld.org/parameters/4-191>		<http://ids.clld.org/values/4-191-232-3>		"'šawˀ"@cjh	
"xikʰani"@ayr	<http://ids.clld.org/values/4-191-269-1>		<http://ids.clld.org/parameters/4-191>		<http://ids.clld.org/values/4-191-232-1>		"'nəw-"@cjh	
"xikʰani"@ayr	<http://ids.clld.org/values/4-191-269-1>		<http://ids.clld.org/parameters/4-191>		<http://ids.clld.org/values/4-191-232-5>		"χaw-"@cjh	
"xunu-ɲa"@ayr	<http://ids.clld.org/values/6-370-269-1>		<http://ids.clld.org/parameters/6-370>		<http://ids.clld.org/values/6-370-232-1>		"makʷ-"@cjh	
"uḳara"@ayr	<http://ids.clld.org/values/4-950-269-1>		<http://ids.clld.org/parameters/4-950>		<http://ids.clld.org/values/4-950-232-1>		"'təḳ-"@cjh	
"ukata"@ayr	<http://ids.clld.org/values/12-10-269-1>		<http://ids.clld.org/parameters/12-10>		<http://ids.clld.org/values/12-10-232-1>		"'ʔaw-"@cjh	
"waḳˀaḳi-ɲa"@ayr	<http://ids.clld.org/values/4-570-269-1>		<http://ids.clld.org/parameters/4-570>		<http://ids.clld.org/values/4-570-232-1>		"ɬa'χʷa-"@cjh	
"kˀulʸu"@ayr	<http://ids.clld.org/values/1-430-269-1>		<http://ids.clld.org/parameters/1-430>		<http://ids.clld.org/values/1-430-232-1>		"'tɬˀəš-tɬˀaš-"@cjh	
"pʰuyu"@ayr	<http://ids.clld.org/values/4-393-269-1>		<http://ids.clld.org/parameters/4-393>		<http://ids.clld.org/values/4-393-232-1>		"'tˀuḳʷ-"@cjh	
"pʰaxča"@ayr	<http://ids.clld.org/values/1-390-269-1>		<http://ids.clld.org/parameters/1-390>		<http://ids.clld.org/values/1-390-232-1>		"'pup-"@cjh	
"taypi"@ayr	<http://ids.clld.org/values/12-370-269-1>		<http://ids.clld.org/parameters/12-370>		<http://ids.clld.org/values/12-370-232-1>		"'kʷac̷-"@cjh	
"laymi"@ayr	<http://ids.clld.org/values/8-550-269-1>		<http://ids.clld.org/parameters/8-550>		<http://ids.clld.org/values/8-550-232-1>		"'čˀālˀaš-"@cjh	
"ḳˀixu-ḳˀixu"@ayr	<http://ids.clld.org/values/1-550-269-1>		<http://ids.clld.org/parameters/1-550>		<http://ids.clld.org/values/1-550-232-1>		"'ḳʷat-"@cjh	
"xaka-ɲa"@ayr	<http://ids.clld.org/values/4-740-269-1>		<http://ids.clld.org/parameters/4-740>		<http://ids.clld.org/values/4-740-232-1>		"pˀa'luxʷ"@cjh	
"xaka-ɲa"@ayr	<http://ids.clld.org/values/4-740-269-1>		<http://ids.clld.org/parameters/4-740>		<http://ids.clld.org/values/4-740-232-3>		"'kʷaxʷ-"@cjh	
"ḳunḳuri"@ayr	<http://ids.clld.org/values/4-360-269-1>		<http://ids.clld.org/parameters/4-360>		<http://ids.clld.org/values/4-360-232-1>		"ta'nˀis-"@cjh	
"alaya"@ayr	<http://ids.clld.org/values/12-80-269-5>		<http://ids.clld.org/parameters/12-80>		<http://ids.clld.org/values/12-80-232-1>		"'tɬˀukʷˀ"@cjh	
"ḳulʸa-ɲa"@ayr	<http://ids.clld.org/values/4-860-269-1>		<http://ids.clld.org/parameters/4-860>		<http://ids.clld.org/values/4-860-232-1>		"'pəlxʷ-"@cjh	
"čˀipʰuḳi-ɲa"@ayr	<http://ids.clld.org/values/4-215-269-1>		<http://ids.clld.org/parameters/4-215>		<http://ids.clld.org/values/4-215-232-1>		"ɬip-"@cjh	
"lʸaytʰa"@ayr	<http://ids.clld.org/values/4-820-269-1>		<http://ids.clld.org/parameters/4-820>		<http://ids.clld.org/values/4-820-232-1>		"'xʷən-"@cjh	
"[lamara]"@ayr	<http://ids.clld.org/values/1-320-269-1>		<http://ids.clld.org/parameters/1-320>		<http://ids.clld.org/values/1-320-232-1>		"'ḳiwal-"@cjh	
"wačuḳa"@ayr	<http://ids.clld.org/values/21-430-269-1>		<http://ids.clld.org/parameters/21-430>		<http://ids.clld.org/values/21-430-232-1>		"'ḳat-"@cjh	
"nayraḳata"@ayr	<http://ids.clld.org/values/12-40-269-1>		<http://ids.clld.org/parameters/12-40>		<http://ids.clld.org/values/12-40-232-1>		"'c̷əni"@cjh	
"laḳusita"@ayr	<http://ids.clld.org/values/2-520-269-3>		<http://ids.clld.org/parameters/2-520>		<http://ids.clld.org/values/2-520-232-1>		"'kʷəɬuʔ-"@cjh	
"xipʰilʸa"@ayr	<http://ids.clld.org/values/4-461-269-1>		<http://ids.clld.org/parameters/4-461>		<http://ids.clld.org/values/4-461-232-1>		"ḳˀə'yaχ-"@cjh	
"pʰusa-ɲa"@ayr	<http://ids.clld.org/values/10-380-269-1>		<http://ids.clld.org/parameters/10-380>		<http://ids.clld.org/values/10-380-232-1>		"'puxʷi-"@cjh	
"xakˀača-ɲa"@ayr	<http://ids.clld.org/values/10-560-269-1>		<http://ids.clld.org/parameters/10-560>		<http://ids.clld.org/values/10-560-232-1>		"'yač-"@cjh	
"pʰičʰaɲa"@ayr	<http://ids.clld.org/values/1-851-269-1>		<http://ids.clld.org/parameters/1-851>		<http://ids.clld.org/values/1-851-232-3>		"'kəw-"@cjh	
"pʰičʰaɲa"@ayr	<http://ids.clld.org/values/1-851-269-1>		<http://ids.clld.org/parameters/1-851>		<http://ids.clld.org/values/1-851-232-1>		"'ɬəχ-"@cjh	
"aχsara-ɲa"@ayr	<http://ids.clld.org/values/16-530-269-1>		<http://ids.clld.org/parameters/16-530>		<http://ids.clld.org/values/16-530-232-1>		"ḳʷa'nu-"@cjh	
"panka"@ayr	<http://ids.clld.org/values/18-610-269-1>		<http://ids.clld.org/parameters/18-610>		<http://ids.clld.org/values/18-610-232-1>		"[buk]"@cjh	
"liχwi"@ayr	<http://ids.clld.org/values/4-203-269-1>		<http://ids.clld.org/parameters/4-203>		<http://ids.clld.org/values/4-203-232-1>		"tɬˀa'laš"@cjh	
"liχwi"@ayr	<http://ids.clld.org/values/4-203-269-1>		<http://ids.clld.org/parameters/4-203>		<http://ids.clld.org/values/4-203-232-3>		"'yəc̷ḳ-"@cjh	
"mičˀi"@ayr	<http://ids.clld.org/values/20-250-269-1>		<http://ids.clld.org/parameters/20-250>		<http://ids.clld.org/values/20-250-232-1>		"χəl'χaʔs-"@cjh	
"pʰatanka"@ayr	<http://ids.clld.org/values/4-460-269-1>		<http://ids.clld.org/parameters/4-460>		<http://ids.clld.org/values/4-460-232-1>		"'tɬˀač"@cjh	
"pʰatanka"@ayr	<http://ids.clld.org/values/4-460-269-1>		<http://ids.clld.org/parameters/4-460>		<http://ids.clld.org/values/4-460-232-3>		"'kʷˀasin-"@cjh	
"pʰatanka"@ayr	<http://ids.clld.org/values/4-460-269-1>		<http://ids.clld.org/parameters/4-460>		<http://ids.clld.org/values/4-460-232-5>		"'tawˀ"@cjh	
"xačˀista-ɲa"@ayr	<http://ids.clld.org/values/4-540-269-1>		<http://ids.clld.org/parameters/4-540>		<http://ids.clld.org/values/4-540-232-1>		"'ʔaw-"@cjh	
"kˀiwča"@ayr	<http://ids.clld.org/values/4-450-269-1>		<http://ids.clld.org/parameters/4-450>		<http://ids.clld.org/values/4-450-232-1>		"'saʔš"@cjh	
"xiwa-ɲa"@ayr	<http://ids.clld.org/values/4-750-269-3>		<http://ids.clld.org/parameters/4-750>		<http://ids.clld.org/values/4-750-232-1>		"'ʔatmin-"@cjh	
"ḳari-ɲa"@ayr	<http://ids.clld.org/values/4-910-269-3>		<http://ids.clld.org/parameters/4-910>		<http://ids.clld.org/values/4-910-232-1>		"'xʷən-"@cjh	
"xača"@ayr	<http://ids.clld.org/values/16-380-269-1>		<http://ids.clld.org/parameters/16-380>		<http://ids.clld.org/values/16-380-232-1>		"'ḳāʔ"@cjh	
"kˀana-ɲa"@ayr	<http://ids.clld.org/values/6-921-269-1>		<http://ids.clld.org/parameters/6-921>		<http://ids.clld.org/values/6-921-232-1>		"'ḳˀayac̷ˀi-"@cjh	
"uywa"@ayr	<http://ids.clld.org/values/3-200-269-1>		<http://ids.clld.org/parameters/3-200>		<http://ids.clld.org/values/3-200-232-1>		"'mus"@cjh	
"[ača]"@ayr	<http://ids.clld.org/values/9-250-269-1>		<http://ids.clld.org/parameters/9-250>		<http://ids.clld.org/values/9-250-232-1>		"'tɬˀali-"@cjh	
"tʰiχni"@ayr	<http://ids.clld.org/values/4-463-269-1>		<http://ids.clld.org/parameters/4-463>		<http://ids.clld.org/values/4-463-232-1>		"'čəm-"@cjh	
"silʸḳˀu"@ayr	<http://ids.clld.org/values/3-840-269-1>		<http://ids.clld.org/parameters/3-840>		<http://ids.clld.org/values/3-840-232-1>		"'ḳʷat-"@cjh	
"ḳarḳa"@ayr	<http://ids.clld.org/values/1-440-269-3>		<http://ids.clld.org/parameters/1-440>		<http://ids.clld.org/values/1-440-232-1>		"pa'talan-"@cjh	
"ḳarḳa"@ayr	<http://ids.clld.org/values/1-440-269-3>		<http://ids.clld.org/parameters/1-440>		<http://ids.clld.org/values/1-440-232-3>		"'tawˀ"@cjh	
"ḳarḳa"@ayr	<http://ids.clld.org/values/1-440-269-3>		<http://ids.clld.org/parameters/1-440>		<http://ids.clld.org/values/1-440-232-5>		"'səwin-"@cjh	
"walʸḳa"@ayr	<http://ids.clld.org/values/6-760-269-1>		<http://ids.clld.org/parameters/6-760>		<http://ids.clld.org/values/6-760-232-1>		"'tamˀ-"@cjh	
"xalʸḳˀa-ɲa"@ayr	<http://ids.clld.org/values/4-590-269-1>		<http://ids.clld.org/parameters/4-590>		<http://ids.clld.org/values/4-590-232-1>		"'tˀaḳʷa-"@cjh	
"wampu"@ayr	<http://ids.clld.org/values/10-830-269-1>		<http://ids.clld.org/parameters/10-830>		<http://ids.clld.org/values/10-830-232-1>		"'put"@cjh	
"ḳʰirwa"@ayr	<http://ids.clld.org/values/1-240-269-1>		<http://ids.clld.org/parameters/1-240>		<http://ids.clld.org/values/1-240-232-1>		"'maḳʷam-"@cjh	
"ḳʰirwa"@ayr	<http://ids.clld.org/values/1-240-269-1>		<http://ids.clld.org/parameters/1-240>		<http://ids.clld.org/values/1-240-232-3>		"'sac̷ayəḳ"@cjh	
"amaya"@ayr	<http://ids.clld.org/values/4-790-269-1>		<http://ids.clld.org/parameters/4-790>		<http://ids.clld.org/values/4-790-232-1>		"'makʷˀt"@cjh	
"tʰusa-ɲa"@ayr	<http://ids.clld.org/values/4-560-269-1>		<http://ids.clld.org/parameters/4-560>		<http://ids.clld.org/values/4-560-232-3>		"'ḳāʔ"@cjh	
"tʰusa-ɲa"@ayr	<http://ids.clld.org/values/4-560-269-1>		<http://ids.clld.org/parameters/4-560>		<http://ids.clld.org/values/4-560-232-1>		"'təχʷs-"@cjh	
"ačuḳa-ɲa"@ayr	<http://ids.clld.org/values/4-580-269-1>		<http://ids.clld.org/parameters/4-580>		<http://ids.clld.org/values/4-580-232-1>		"'tˀəkʷˀ-"@cjh	
"maxtˀa"@ayr	<http://ids.clld.org/values/2-250-269-1>		<http://ids.clld.org/parameters/2-250>		<http://ids.clld.org/values/2-250-232-1>		"ɬt-"@cjh	
"nasa"@ayr	<http://ids.clld.org/values/4-230-269-1>		<http://ids.clld.org/parameters/4-230>		<http://ids.clld.org/values/4-230-232-1>		"'məḳsin-"@cjh	
"laχra"@ayr	<http://ids.clld.org/values/4-260-269-1>		<http://ids.clld.org/parameters/4-260>		<http://ids.clld.org/values/4-260-232-1>		"'tixʷc̷aɬ-"@cjh	
"muruḳˀu"@ayr	<http://ids.clld.org/values/12-830-269-1>		<http://ids.clld.org/parameters/12-830>		<http://ids.clld.org/values/12-830-232-1>		"'pōsaḳˀ-"@cjh	
"ḳʰipaaχa"@ayr	<http://ids.clld.org/values/12-11-269-1>		<http://ids.clld.org/parameters/12-11>		<http://ids.clld.org/values/12-11-232-1>		"'ʔaw-"@cjh	
"ḳulʸiri"@ayr	<http://ids.clld.org/values/4-870-269-1>		<http://ids.clld.org/parameters/4-870>		<http://ids.clld.org/values/4-870-232-1>		"'pəlxʷ-"@cjh	
"čˀipʰuḳu"@ayr	<http://ids.clld.org/values/4-214-269-1>		<http://ids.clld.org/parameters/4-214>		<http://ids.clld.org/values/4-214-232-1>		"'c̷ˀipxʷ-"@cjh	
"alʸu tˀarwa"@ayr	<http://ids.clld.org/values/4-145-269-3>		<http://ids.clld.org/parameters/4-145>		<http://ids.clld.org/values/4-145-232-1>		"'kʷˀans"@cjh	
"xačxa-ɲa"@ayr	<http://ids.clld.org/values/16-420-269-1>		<http://ids.clld.org/parameters/16-420>		<http://ids.clld.org/values/16-420-232-1>		"ḳə'ɬəχ"@cjh	
"ḳuḳa"@ayr	<http://ids.clld.org/values/1-420-269-1>		<http://ids.clld.org/parameters/1-420>		<http://ids.clld.org/values/1-420-232-1>		"'tɬˀəš-tɬˀaš-"@cjh	
"silʸu"@ayr	<http://ids.clld.org/values/4-344-269-1>		<http://ids.clld.org/parameters/4-344>		<http://ids.clld.org/values/4-344-232-1>		"pap-"@cjh	
"čipana"@ayr	<http://ids.clld.org/values/6-740-269-1>		<http://ids.clld.org/parameters/6-740>		<http://ids.clld.org/values/6-740-232-1>		"'ʔuc̷ˀs"@cjh	
"tˀusu"@ayr	<http://ids.clld.org/values/4-352-269-1>		<http://ids.clld.org/parameters/4-352>		<http://ids.clld.org/values/4-352-232-1>		"'ʔaw-"@cjh	
"ḳuta laka"@ayr	<http://ids.clld.org/values/1-270-269-1>		<http://ids.clld.org/parameters/1-270>		<http://ids.clld.org/values/1-270-232-3>		"tˀəmš-"@cjh	
"ḳuta laka"@ayr	<http://ids.clld.org/values/1-270-269-1>		<http://ids.clld.org/parameters/1-270>		<http://ids.clld.org/values/1-270-232-1>		"'šəm-"@cjh	
"ḳuta laka"@ayr	<http://ids.clld.org/values/1-270-269-1>		<http://ids.clld.org/parameters/1-270>		<http://ids.clld.org/values/1-270-232-5>		"'yəl-"@cjh	
"wičˀinkʰa"@ayr	<http://ids.clld.org/values/4-180-269-1>		<http://ids.clld.org/parameters/4-180>		<http://ids.clld.org/values/4-180-232-1>		"'sups-"@cjh	
"ḳulʸu"@ayr	<http://ids.clld.org/values/1-220-269-1>		<http://ids.clld.org/parameters/1-220>		<http://ids.clld.org/values/1-220-232-1>		"'maniči-"@cjh	
"ḳulʸu"@ayr	<http://ids.clld.org/values/1-220-269-1>		<http://ids.clld.org/parameters/1-220>		<http://ids.clld.org/values/1-220-232-3>		"'məkʷˀ-"@cjh	
"sulʸa"@ayr	<http://ids.clld.org/values/1-640-269-1>		<http://ids.clld.org/parameters/1-640>		<http://ids.clld.org/values/1-640-232-1>		"'səxʷ-"@cjh	
"[pʰuspʰuru]"@ayr	<http://ids.clld.org/values/1-870-269-1>		<http://ids.clld.org/parameters/1-870>		<http://ids.clld.org/values/1-870-232-1>		"'yičˀic̷ˀ"@cjh	
"ḳalʸta-ɲa"@ayr	<http://ids.clld.org/values/14-250-269-1>		<http://ids.clld.org/parameters/14-250>		<http://ids.clld.org/values/14-250-232-1>		"'tulap-"@cjh	
"imanta-ɲa"@ayr	<http://ids.clld.org/values/4-780-269-1>		<http://ids.clld.org/parameters/4-780>		<http://ids.clld.org/values/4-780-232-1>		"'nəm-"@cjh	
"čʰuχu-ɲa"@ayr	<http://ids.clld.org/values/4-650-269-1>		<http://ids.clld.org/parameters/4-650>		<http://ids.clld.org/values/4-650-232-1>		"'xʷay"@cjh	
"xakaɲa"@ayr	<http://ids.clld.org/values/4-470-269-1>		<http://ids.clld.org/parameters/4-470>		<http://ids.clld.org/values/4-470-232-1>		"'manˀ"@cjh	
"amaya"@ayr	<http://ids.clld.org/values/4-770-269-3>		<http://ids.clld.org/parameters/4-770>		<http://ids.clld.org/values/4-770-232-1>		"'makʷˀt"@cjh	
"sira"@ayr	<http://ids.clld.org/values/4-640-269-1>		<http://ids.clld.org/parameters/4-640>		<http://ids.clld.org/values/4-640-232-1>		"'pōʔ-"@cjh	
"kʰistʰu-ɲa"@ayr	<http://ids.clld.org/values/5-180-269-1>		<http://ids.clld.org/parameters/5-180>		<http://ids.clld.org/values/5-180-232-1>		"kʷˀa'ya-"@cjh	
"lʸixu-lʸixu"@ayr	<http://ids.clld.org/values/1-570-269-1>		<http://ids.clld.org/parameters/1-570>		<http://ids.clld.org/values/1-570-232-1>		"'ḳʷat-"@cjh	
"puri-ɲa"@ayr	<http://ids.clld.org/values/10-550-269-3>		<http://ids.clld.org/parameters/10-550>		<http://ids.clld.org/values/10-550-232-1>		"'ɬeʔ"@cjh	
"umata"@ayr	<http://ids.clld.org/values/4-980-269-1>		<http://ids.clld.org/parameters/4-980>		<http://ids.clld.org/values/4-980-232-1>		"'lam"@cjh	
"umata"@ayr	<http://ids.clld.org/values/4-980-269-1>		<http://ids.clld.org/parameters/4-980>		<http://ids.clld.org/values/4-980-232-3>		"'ḳʷōʔ"@cjh	
"sankˀa"@ayr	<http://ids.clld.org/values/1-841-269-1>		<http://ids.clld.org/parameters/1-841>		<http://ids.clld.org/values/1-841-232-1>		"'ḳʷˀaɬ-"@cjh	
"ali"@ayr	<http://ids.clld.org/values/1-420-269-3>		<http://ids.clld.org/parameters/1-420>		<http://ids.clld.org/values/1-420-232-1>		"'tɬˀəš-tɬˀaš-"@cjh	
"xuykʰu"@ayr	<http://ids.clld.org/values/4-970-269-1>		<http://ids.clld.org/parameters/4-970>		<http://ids.clld.org/values/4-970-232-1>		"'ʔəχ-"@cjh	
"xuykʰu"@ayr	<http://ids.clld.org/values/4-970-269-1>		<http://ids.clld.org/parameters/4-970>		<http://ids.clld.org/values/4-970-232-3>		"'tay-"@cjh	
"kayu wintu"@ayr	<http://ids.clld.org/values/4-372-269-1>		<http://ids.clld.org/parameters/4-372>		<http://ids.clld.org/values/4-372-232-1>		"'ʔaw-"@cjh	
"kayu lukˀana"@ayr	<http://ids.clld.org/values/4-380-269-1>		<http://ids.clld.org/parameters/4-380>		<http://ids.clld.org/values/4-380-232-1>		"šɬč'tunway-"@cjh	
"xikˀu"@ayr	<http://ids.clld.org/values/4-521-269-1>		<http://ids.clld.org/parameters/4-521>		<http://ids.clld.org/values/4-521-232-1>		"'šəkʷˀiy-"@cjh	
"xiwaki"@ayr	<http://ids.clld.org/values/16-810-269-3>		<http://ids.clld.org/parameters/16-810>		<http://ids.clld.org/values/16-810-232-1>		"'ʔəy"@cjh	
"nayra"@ayr	<http://ids.clld.org/values/4-210-269-1>		<http://ids.clld.org/parameters/4-210>		<http://ids.clld.org/values/4-210-232-1>		"'tawˀ"@cjh	
"ḳʰuru"@ayr	<http://ids.clld.org/values/16-720-269-1>		<http://ids.clld.org/parameters/16-720>		<http://ids.clld.org/values/16-720-232-1>		"'χəs"@cjh	
"aysa-ɲa"@ayr	<http://ids.clld.org/values/4-520-269-1>		<http://ids.clld.org/parameters/4-520>		<http://ids.clld.org/values/4-520-232-1>		"'c̷ˀawačˀa"@cjh	
"ḳʰana"@ayr	<http://ids.clld.org/values/1-610-269-1>		<http://ids.clld.org/parameters/1-610>		<http://ids.clld.org/values/1-610-232-1>		"ḳə'ləχ-"@cjh	
"usuta"@ayr	<http://ids.clld.org/values/4-840-269-1>		<http://ids.clld.org/parameters/4-840>		<http://ids.clld.org/values/4-840-232-3>		"'tač"@cjh	
"usuta"@ayr	<http://ids.clld.org/values/4-840-269-1>		<http://ids.clld.org/parameters/4-840>		<http://ids.clld.org/values/4-840-232-1>		"'ɬəčˀ"@cjh	
"usuta"@ayr	<http://ids.clld.org/values/4-840-269-1>		<http://ids.clld.org/parameters/4-840>		<http://ids.clld.org/values/4-840-232-5>		"χaw-"@cjh	
"xaypˀu"@ayr	<http://ids.clld.org/values/14-451-269-1>		<http://ids.clld.org/parameters/14-451>		<http://ids.clld.org/values/14-451-232-1>		"ɬu'kʷaɬ"@cjh	
"ampara tˀaχlʸi"@ayr	<http://ids.clld.org/values/4-331-269-1>		<http://ids.clld.org/parameters/4-331>		<http://ids.clld.org/values/4-331-232-1>		"tˀa'las-"@cjh	
"xarisi-ɲa"@ayr	<http://ids.clld.org/values/4-690-269-1>		<http://ids.clld.org/parameters/4-690>		<http://ids.clld.org/values/4-690-232-1>		"'pˀǣχluwˀ"@cjh	
"ɲuɲu"@ayr	<http://ids.clld.org/values/4-410-269-1>		<http://ids.clld.org/parameters/4-410>		<http://ids.clld.org/values/4-410-232-1>		"c̷ˀa'mi-"@cjh	
"ikiɲa"@ayr	<http://ids.clld.org/values/7-422-269-1>		<http://ids.clld.org/parameters/7-422>		<http://ids.clld.org/values/7-422-232-1>		"'ɬaχɬin-"@cjh	
"pirḳa-ɲa"@ayr	<http://ids.clld.org/values/9-440-269-1>		<http://ids.clld.org/parameters/9-440>		<http://ids.clld.org/values/9-440-232-1>		"ḳˀə'laχanˀ"@cjh	
"suru"@ayr	<http://ids.clld.org/values/4-241-269-1>		<http://ids.clld.org/parameters/4-241>		<http://ids.clld.org/values/4-241-232-1>		"'ɬəkʷˀ-"@cjh	
"tˀulʸu"@ayr	<http://ids.clld.org/values/4-290-269-1>		<http://ids.clld.org/parameters/4-290>		<http://ids.clld.org/values/4-290-232-1>		"'məḳʷˀ-"@cjh	
"manḳʰa"@ayr	<http://ids.clld.org/values/12-340-269-1>		<http://ids.clld.org/parameters/12-340>		<http://ids.clld.org/values/12-340-232-1>		"'nuw-"@cjh	
"wawa"@ayr	<http://ids.clld.org/values/2-280-269-1>		<http://ids.clld.org/parameters/2-280>		<http://ids.clld.org/values/2-280-232-1>		"ḳʷa'ya-"@cjh	
"sapaki"@ayr	<http://ids.clld.org/values/13-330-269-3>		<http://ids.clld.org/parameters/13-330>		<http://ids.clld.org/values/13-330-232-1>		"'ʔuc̷ˀs"@cjh	
"ḳurpa"@ayr	<http://ids.clld.org/values/19-170-269-1>		<http://ids.clld.org/parameters/19-170>		<http://ids.clld.org/values/19-170-232-1>		"'tˀanimi-"@cjh	
"nina"@ayr	<http://ids.clld.org/values/1-810-269-1>		<http://ids.clld.org/parameters/1-810>		<http://ids.clld.org/values/1-810-232-1>		"'ḳʷˀətˀ-"@cjh	
"anisiɲa"@ayr	<http://ids.clld.org/values/4-670-269-3>		<http://ids.clld.org/parameters/4-670>		<http://ids.clld.org/values/4-670-232-3>		"'yōmi-"@cjh	
"anisiɲa"@ayr	<http://ids.clld.org/values/4-670-269-3>		<http://ids.clld.org/parameters/4-670>		<http://ids.clld.org/values/4-670-232-1>		"c̷a'kʷu-"@cjh	
"aankʰa"@ayr	<http://ids.clld.org/values/4-207-269-1>		<http://ids.clld.org/parameters/4-207>		<http://ids.clld.org/values/4-207-232-1>		"'ḳəl-"@cjh	
"čʰuxčʰu"@ayr	<http://ids.clld.org/values/4-841-269-1>		<http://ids.clld.org/parameters/4-841>		<http://ids.clld.org/values/4-841-232-1>		"χʷa'lāʔ"@cjh	
"xalʸu"@ayr	<http://ids.clld.org/values/1-750-269-1>		<http://ids.clld.org/parameters/1-750>		<http://ids.clld.org/values/1-750-232-1>		"χa'silˀ"@cjh	
"ala-ɲa"@ayr	<http://ids.clld.org/values/11-810-269-1>		<http://ids.clld.org/parameters/11-810>		<http://ids.clld.org/values/11-810-232-1>		"'ɬəḳʷ-"@cjh	
"ayča"@ayr	<http://ids.clld.org/values/4-130-269-1>		<http://ids.clld.org/parameters/4-130>		<http://ids.clld.org/values/4-130-232-1>		"'šic̷-"@cjh	
"čʰiḳʰa"@ayr	<http://ids.clld.org/values/4-392-269-1>		<http://ids.clld.org/parameters/4-392>		<http://ids.clld.org/values/4-392-232-1>		"tɬˀə'ḳˀali-"@cjh	
"[isla]"@ayr	<http://ids.clld.org/values/1-250-269-1>		<http://ids.clld.org/parameters/1-250>		<http://ids.clld.org/values/1-250-232-1>		"tˀa'čǣʔ"@cjh	
"manḳˀa"@ayr	<http://ids.clld.org/values/5-420-269-1>		<http://ids.clld.org/parameters/5-420>		<http://ids.clld.org/values/5-420-232-1>		"'pət-"@cjh	
"lipˀiči"@ayr	<http://ids.clld.org/values/4-120-269-1>		<http://ids.clld.org/parameters/4-120>		<http://ids.clld.org/values/4-120-232-1>		"tɬˀ'ʔičɬ-"@cjh	
"ati"@ayr	<http://ids.clld.org/values/4-190-269-1>		<http://ids.clld.org/parameters/4-190>		<http://ids.clld.org/values/4-190-232-1>		"'ɬawl-"@cjh	
"nayra pʰičʰu"@ayr	<http://ids.clld.org/values/4-212-269-1>		<http://ids.clld.org/parameters/4-212>		<http://ids.clld.org/values/4-212-232-1>		"'c̷um-"@cjh	
"čaka"@ayr	<http://ids.clld.org/values/10-740-269-1>		<http://ids.clld.org/parameters/10-740>		<http://ids.clld.org/values/10-740-232-1>		"'tiwat-"@cjh	
"ḳʰuči"@ayr	<http://ids.clld.org/values/1-380-269-3>		<http://ids.clld.org/parameters/1-380>		<http://ids.clld.org/values/1-380-232-1>		"'paɬχn-"@cjh	
"xawira"@ayr	<http://ids.clld.org/values/1-360-269-1>		<http://ids.clld.org/parameters/1-360>		<http://ids.clld.org/values/1-360-232-1>		"'ḳāʔ"@cjh	
"xawira"@ayr	<http://ids.clld.org/values/1-360-269-1>		<http://ids.clld.org/parameters/1-360>		<http://ids.clld.org/values/1-360-232-3>		"'c̷apaš-"@cjh	
"xawira"@ayr	<http://ids.clld.org/values/1-360-269-1>		<http://ids.clld.org/parameters/1-360>		<http://ids.clld.org/values/1-360-232-5>		"'nəxʷ-"@cjh	
"alax-pača"@ayr	<http://ids.clld.org/values/1-510-269-1>		<http://ids.clld.org/parameters/1-510>		<http://ids.clld.org/values/1-510-232-1>		"ɬt-"@cjh	
"warisana"@ayr	<http://ids.clld.org/values/3-814-269-1>		<http://ids.clld.org/parameters/3-814>		<http://ids.clld.org/values/3-814-232-1>		"'ʔaxʷpˀaḳˀimɬn"@cjh	
"ikiɲa"@ayr	<http://ids.clld.org/values/7-420-269-1>		<http://ids.clld.org/parameters/7-420>		<http://ids.clld.org/values/7-420-232-1>		"c̷ə'kʷi-"@cjh	
"čiɲi"@ayr	<http://ids.clld.org/values/3-591-269-1>		<http://ids.clld.org/parameters/3-591>		<http://ids.clld.org/values/3-591-232-1>		"wa'yəχ"@cjh	
"axanu"@ayr	<http://ids.clld.org/values/4-204-269-1>		<http://ids.clld.org/parameters/4-204>		<http://ids.clld.org/values/4-204-232-1>		"'mus"@cjh	
"axanu"@ayr	<http://ids.clld.org/values/4-204-269-1>		<http://ids.clld.org/parameters/4-204>		<http://ids.clld.org/values/4-204-232-3>		"c̷m-"@cjh	
"tayka lukˀana"@ayr	<http://ids.clld.org/values/4-342-269-1>		<http://ids.clld.org/parameters/4-342>		<http://ids.clld.org/values/4-342-232-1>		"šɬč'tunway-"@cjh	
"ɲiḳˀi"@ayr	<http://ids.clld.org/values/1-214-269-1>		<http://ids.clld.org/parameters/1-214>		<http://ids.clld.org/values/1-214-232-1>		"ḳˀa'χayˀ-"@cjh	
"para"@ayr	<http://ids.clld.org/values/4-205-269-1>		<http://ids.clld.org/parameters/4-205>		<http://ids.clld.org/values/4-205-232-1>		"'pukʷis-"@cjh	
"sapa"@ayr	<http://ids.clld.org/values/13-140-269-1>		<http://ids.clld.org/parameters/13-140>		<http://ids.clld.org/values/13-140-232-1>		"ḳˀa-"@cjh	
"apa-ni-ɲa"@ayr	<http://ids.clld.org/values/10-620-269-1>		<http://ids.clld.org/parameters/10-620>		<http://ids.clld.org/values/10-620-232-1>		"'tˀul-"@cjh	
"yaḳˀa-ɲa"@ayr	<http://ids.clld.org/values/4-660-269-3>		<http://ids.clld.org/parameters/4-660>		<http://ids.clld.org/values/4-660-232-1>		"'c̷ˀəm-"@cjh	
"yaḳˀa-ɲa"@ayr	<http://ids.clld.org/values/4-660-269-3>		<http://ids.clld.org/parameters/4-660>		<http://ids.clld.org/values/4-660-232-3>		"mə'nač-"@cjh	
"čʰiḳʰanḳara"@ayr	<http://ids.clld.org/values/4-312-269-1>		<http://ids.clld.org/parameters/4-312>		<http://ids.clld.org/values/4-312-232-1>		"'tɬˀəp"@cjh	
"aniɲa"@ayr	<http://ids.clld.org/values/4-670-269-1>		<http://ids.clld.org/parameters/4-670>		<http://ids.clld.org/values/4-670-232-3>		"'yōmi-"@cjh	
"aniɲa"@ayr	<http://ids.clld.org/values/4-670-269-1>		<http://ids.clld.org/parameters/4-670>		<http://ids.clld.org/values/4-670-232-1>		"c̷a'kʷu-"@cjh	
"kururu"@ayr	<http://ids.clld.org/values/4-430-269-1>		<http://ids.clld.org/parameters/4-430>		<http://ids.clld.org/values/4-430-232-1>		"ma'čiwˀ"@cjh	
"marka"@ayr	<http://ids.clld.org/values/19-110-269-1>		<http://ids.clld.org/parameters/19-110>		<http://ids.clld.org/values/19-110-232-1>		"tə'miš-"@cjh	
"xinču"@ayr	<http://ids.clld.org/values/4-220-269-1>		<http://ids.clld.org/parameters/4-220>		<http://ids.clld.org/values/4-220-232-1>		"ḳʷˀal-"@cjh	
"xaysa-ɲa"@ayr	<http://ids.clld.org/values/18-320-269-1>		<http://ids.clld.org/parameters/18-320>		<http://ids.clld.org/values/18-320-232-1>		"'kʷawˀ-"@cjh	
"araχa"@ayr	<http://ids.clld.org/values/12-80-269-3>		<http://ids.clld.org/parameters/12-80>		<http://ids.clld.org/values/12-80-232-1>		"'tɬˀukʷˀ"@cjh	
"ḳʰurḳʰu-ɲa"@ayr	<http://ids.clld.org/values/4-612-269-1>		<http://ids.clld.org/parameters/4-612>		<http://ids.clld.org/values/4-612-232-1>		"'χʷōlan-"@cjh	
"ḳuta"@ayr	<http://ids.clld.org/values/1-330-269-1>		<http://ids.clld.org/parameters/1-330>		<http://ids.clld.org/values/1-330-232-1>		"'c̷alaʔɬ-"@cjh	
"xuča"@ayr	<http://ids.clld.org/values/16-780-269-1>		<http://ids.clld.org/parameters/16-780>		<http://ids.clld.org/values/16-780-232-1>		"'ɬun-"@cjh	
"ḳuḳa"@ayr	<http://ids.clld.org/values/8-600-269-1>		<http://ids.clld.org/parameters/8-600>		<http://ids.clld.org/values/8-600-232-1>		"'tɬˀəš"@cjh	
"ḳuḳa"@ayr	<http://ids.clld.org/values/8-600-269-1>		<http://ids.clld.org/parameters/8-600>		<http://ids.clld.org/values/8-600-232-3>		"tɬˀaš-"@cjh	
"uma"@ayr	<http://ids.clld.org/values/1-310-269-1>		<http://ids.clld.org/parameters/1-310>		<http://ids.clld.org/values/1-310-232-1>		"'ḳāʔ"@cjh	
"čˀaḳa-ɲa"@ayr	<http://ids.clld.org/values/4-591-269-1>		<http://ids.clld.org/parameters/4-591>		<http://ids.clld.org/values/4-591-232-1>		"'c̷ətχ-"@cjh	
"samara-ɲa"@ayr	<http://ids.clld.org/values/4-912-269-1>		<http://ids.clld.org/parameters/4-912>		<http://ids.clld.org/values/4-912-232-1>		"'naɬa-"@cjh	
"kuurmi"@ayr	<http://ids.clld.org/values/1-590-269-1>		<http://ids.clld.org/parameters/1-590>		<http://ids.clld.org/values/1-590-232-1>		"'xʷəplˀḳn"@cjh	
"wiχču"@ayr	<http://ids.clld.org/values/4-940-269-1>		<http://ids.clld.org/parameters/4-940>		<http://ids.clld.org/values/4-940-232-1>		"'ḳˀāχi-"@cjh	
"[xurnu]-ɲa"@ayr	<http://ids.clld.org/values/5-240-269-1>		<http://ids.clld.org/parameters/5-240>		<http://ids.clld.org/values/5-240-232-3>		"c̷ˀa'χʷasi-"@cjh	
"[xurnu]-ɲa"@ayr	<http://ids.clld.org/values/5-240-269-1>		<http://ids.clld.org/parameters/5-240>		<http://ids.clld.org/values/5-240-232-1>		"'ʔac̷aḳʷi-"@cjh	
"čˀuχu-ɲa"@ayr	<http://ids.clld.org/values/4-530-269-1>		<http://ids.clld.org/parameters/4-530>		<http://ids.clld.org/values/4-530-232-1>		"'χʷōʔi-"@cjh	
"sapʰi"@ayr	<http://ids.clld.org/values/9-760-269-1>		<http://ids.clld.org/parameters/9-760>		<http://ids.clld.org/values/9-760-232-1>		"'ḳāʔ"@cjh	
"ḳaḳanta-ɲa"@ayr	<http://ids.clld.org/values/9-461-269-1>		<http://ids.clld.org/parameters/9-461>		<http://ids.clld.org/values/9-461-232-1>		"'kʷˀəlxʷ-"@cjh	
"čˀaχwa"@ayr	<http://ids.clld.org/values/20-130-269-1>		<http://ids.clld.org/parameters/20-130>		<http://ids.clld.org/values/20-130-232-1>		"'yupi-"@cjh	
"pˀinḳa"@ayr	<http://ids.clld.org/values/16-450-269-1>		<http://ids.clld.org/parameters/16-450>		<http://ids.clld.org/values/16-450-232-1>		"'sixʷi-"@cjh	
"ɲuɲu"@ayr	<http://ids.clld.org/values/4-400-269-1>		<http://ids.clld.org/parameters/4-400>		<http://ids.clld.org/values/4-400-232-1>		"'taχʷac̷-"@cjh	
"lʸuḳu"@ayr	<http://ids.clld.org/values/4-440-269-1>		<http://ids.clld.org/parameters/4-440>		<http://ids.clld.org/values/4-440-232-1>		"'ḳʷəlam-"@cjh	
"tixi"@ayr	<http://ids.clld.org/values/1-280-269-1>		<http://ids.clld.org/parameters/1-280>		<http://ids.clld.org/values/1-280-232-1>		"ʔac̷'kʷˀalaxʷɬ"@cjh	
"wila"@ayr	<http://ids.clld.org/values/4-150-269-1>		<http://ids.clld.org/parameters/4-150>		<http://ids.clld.org/values/4-150-232-1>		"ḳʷi'li(m)-"@cjh	
"pʰaya-ɲa-lawa"@ayr	<http://ids.clld.org/values/1-880-269-1>		<http://ids.clld.org/parameters/1-880>		<http://ids.clld.org/values/1-880-232-1>		"'χʷā-"@cjh	
"xama-ɲa"@ayr	<http://ids.clld.org/values/4-660-269-1>		<http://ids.clld.org/parameters/4-660>		<http://ids.clld.org/values/4-660-232-1>		"'c̷ˀəm-"@cjh	
"xama-ɲa"@ayr	<http://ids.clld.org/values/4-660-269-1>		<http://ids.clld.org/parameters/4-660>		<http://ids.clld.org/values/4-660-232-3>		"mə'nač-"@cjh	
"čʰulʸunkʰiya"@ayr	<http://ids.clld.org/values/1-770-269-1>		<http://ids.clld.org/parameters/1-770>		<http://ids.clld.org/values/1-770-232-1>		"ḳˀa'xʷa-"@cjh	
"yampu"@ayr	<http://ids.clld.org/values/10-830-269-3>		<http://ids.clld.org/parameters/10-830>		<http://ids.clld.org/values/10-830-232-1>		"'put"@cjh	
"čˀamani"@ayr	<http://ids.clld.org/values/4-810-269-1>		<http://ids.clld.org/parameters/4-810>		<http://ids.clld.org/values/4-810-232-1>		"'c̷ˀəp"@cjh	
"ampara"@ayr	<http://ids.clld.org/values/4-310-269-1>		<http://ids.clld.org/parameters/4-310>		<http://ids.clld.org/values/4-310-232-1>		"'čališ-"@cjh	
"sartχa-ɲa"@ayr	<http://ids.clld.org/values/4-630-269-1>		<http://ids.clld.org/parameters/4-630>		<http://ids.clld.org/values/4-630-232-1>		"'pˀala-"@cjh	
"xiwaya-ɲa"@ayr	<http://ids.clld.org/values/4-760-269-1>		<http://ids.clld.org/parameters/4-760>		<http://ids.clld.org/values/4-760-232-1>		"'tixʷni-"@cjh	
"ḳˀalanču"@ayr	<http://ids.clld.org/values/4-990-269-1>		<http://ids.clld.org/parameters/4-990>		<http://ids.clld.org/values/4-990-232-1>		"mə'ləχʷ-"@cjh	
"xawsa-ɲa"@ayr	<http://ids.clld.org/values/18-410-269-1>		<http://ids.clld.org/parameters/18-410>		<http://ids.clld.org/values/18-410-232-1>		"'tˀəḳʷˀ-"@cjh	
"yuri-ɲa"@ayr	<http://ids.clld.org/values/4-720-269-1>		<http://ids.clld.org/parameters/4-720>		<http://ids.clld.org/values/4-720-232-1>		"'manˀ"@cjh	
"xinḳˀi"@ayr	<http://ids.clld.org/values/4-856-269-1>		<http://ids.clld.org/parameters/4-856>		<http://ids.clld.org/values/4-856-232-1>		"pu'su-"@cjh	
"xinḳˀi"@ayr	<http://ids.clld.org/values/4-856-269-1>		<http://ids.clld.org/parameters/4-856>		<http://ids.clld.org/values/4-856-232-3>		"'ɬəχʷəl-"@cjh	
"taḳi"@ayr	<http://ids.clld.org/values/13-140-269-3>		<http://ids.clld.org/parameters/13-140>		<http://ids.clld.org/values/13-140-232-1>		"ḳˀa-"@cjh	
"ampara"@ayr	<http://ids.clld.org/values/4-330-269-1>		<http://ids.clld.org/parameters/4-330>		<http://ids.clld.org/values/4-330-232-1>		"'čališ-"@cjh	
"iki"@ayr	<http://ids.clld.org/values/4-620-269-1>		<http://ids.clld.org/parameters/4-620>		<http://ids.clld.org/values/4-620-232-1>		"'tukʷli-"@cjh	
"mama-ḳuta"@ayr	<http://ids.clld.org/values/1-329-269-1>		<http://ids.clld.org/parameters/1-329>		<http://ids.clld.org/values/1-329-232-1>		"'ḳiwal-"@cjh	
"ɲikˀuta"@ayr	<http://ids.clld.org/values/4-140-269-1>		<http://ids.clld.org/parameters/4-140>		<http://ids.clld.org/values/4-140-232-1>		"čˀə'sis-"@cjh	
"čˀiwi"@ayr	<http://ids.clld.org/values/1-630-269-1>		<http://ids.clld.org/parameters/1-630>		<http://ids.clld.org/values/1-630-232-3>		"ḳaḳ-"@cjh	
"čˀiwi"@ayr	<http://ids.clld.org/values/1-630-269-1>		<http://ids.clld.org/parameters/1-630>		<http://ids.clld.org/values/1-630-232-1>		"'taḳa-"@cjh	
"pičaɲa"@ayr	<http://ids.clld.org/values/9-380-269-1>		<http://ids.clld.org/parameters/9-380>		<http://ids.clld.org/values/9-380-232-1>		"'xʷakʷa-"@cjh	
"usučata"@ayr	<http://ids.clld.org/values/4-850-269-1>		<http://ids.clld.org/parameters/4-850>		<http://ids.clld.org/values/4-850-232-1>		"'ḳʷˀāli-"@cjh	
"usučata"@ayr	<http://ids.clld.org/values/4-850-269-1>		<http://ids.clld.org/parameters/4-850>		<http://ids.clld.org/values/4-850-232-5>		"'c̷ˀaḳa-"@cjh	
"usučata"@ayr	<http://ids.clld.org/values/4-850-269-1>		<http://ids.clld.org/parameters/4-850>		<http://ids.clld.org/values/4-850-232-3>		"c̷ˀa'weʔ-"@cjh	
"iki-ɲa"@ayr	<http://ids.clld.org/values/4-610-269-1>		<http://ids.clld.org/parameters/4-610>		<http://ids.clld.org/values/4-610-232-1>		"'mˀus-"@cjh	
"-mpi"@ayr	<http://ids.clld.org/values/17-510-269-1>		<http://ids.clld.org/parameters/17-510>		<http://ids.clld.org/values/17-510-232-1>		"ča"@cjh	
"-mpi"@ayr	<http://ids.clld.org/values/17-510-269-1>		<http://ids.clld.org/parameters/17-510>		<http://ids.clld.org/values/17-510-232-3>		"pəs"@cjh	
"pʰisi"@ayr	<http://ids.clld.org/values/3-620-269-1>		<http://ids.clld.org/parameters/3-620>		<http://ids.clld.org/values/3-620-232-1>		"'pišpiš"@cjh	
"nayra lipˀiči"@ayr	<http://ids.clld.org/values/4-213-269-1>		<http://ids.clld.org/parameters/4-213>		<http://ids.clld.org/values/4-213-232-1>		"'šic̷-"@cjh	
"ḳˀara"@ayr	<http://ids.clld.org/values/4-930-269-1>		<http://ids.clld.org/parameters/4-930>		<http://ids.clld.org/values/4-930-232-1>		"'ɬuḳʷˀ-"@cjh	
"xiwata"@ayr	<http://ids.clld.org/values/4-770-269-1>		<http://ids.clld.org/parameters/4-770>		<http://ids.clld.org/values/4-770-232-1>		"'makʷˀt"@cjh	
"kˀumara"@ayr	<http://ids.clld.org/values/4-830-269-1>		<http://ids.clld.org/parameters/4-830>		<http://ids.clld.org/values/4-830-232-1>		"'c̷ˀəp"@cjh	
"pʰaxsi"@ayr	<http://ids.clld.org/values/1-530-269-1>		<http://ids.clld.org/parameters/1-530>		<http://ids.clld.org/values/1-530-232-1>		"ɬu'kʷaɬ"@cjh	
"pataatˀi"@ayr	<http://ids.clld.org/values/7-420-269-3>		<http://ids.clld.org/parameters/7-420>		<http://ids.clld.org/values/7-420-232-1>		"c̷ə'kʷi-"@cjh	
"xiwata"@ayr	<http://ids.clld.org/values/4-750-269-1>		<http://ids.clld.org/parameters/4-750>		<http://ids.clld.org/values/4-750-232-1>		"'ʔatmin-"@cjh	
"makata-ɲa"@ayr	<http://ids.clld.org/values/10-210-269-1>		<http://ids.clld.org/parameters/10-210>		<http://ids.clld.org/values/10-210-232-1>		"'xʷətˀi-"@cjh	
"wara-wara"@ayr	<http://ids.clld.org/values/1-540-269-1>		<http://ids.clld.org/parameters/1-540>		<http://ids.clld.org/values/1-540-232-1>		"'ḳilitin-"@cjh	
"tʰaya"@ayr	<http://ids.clld.org/values/1-720-269-1>		<http://ids.clld.org/parameters/1-720>		<http://ids.clld.org/values/1-720-232-1>		"'ɬəčiyaḳ-"@cjh	
"lʸučˀu"@ayr	<http://ids.clld.org/values/6-570-269-1>		<http://ids.clld.org/parameters/6-570>		<http://ids.clld.org/values/6-570-232-1>		"'tˀəḳ-"@cjh	
"laka"@ayr	<http://ids.clld.org/values/4-240-269-1>		<http://ids.clld.org/parameters/4-240>		<http://ids.clld.org/values/4-240-232-1>		"ḳə'nuš-"@cjh	
"ḳʰaniri"@ayr	<http://ids.clld.org/values/15-570-269-1>		<http://ids.clld.org/parameters/15-570>		<http://ids.clld.org/values/15-570-232-1>		"ḳə'ləχ"@cjh	
"xumpˀi-ɲa"@ayr	<http://ids.clld.org/values/4-550-269-1>		<http://ids.clld.org/parameters/4-550>		<http://ids.clld.org/values/4-550-232-1>		"'χʷəl-"@cjh	
"xiḳˀi"@ayr	<http://ids.clld.org/values/1-830-269-1>		<http://ids.clld.org/parameters/1-830>		<http://ids.clld.org/values/1-830-232-1>		"'ḳʷōʔ"@cjh	
"xiḳˀi"@ayr	<http://ids.clld.org/values/1-830-269-1>		<http://ids.clld.org/parameters/1-830>		<http://ids.clld.org/values/1-830-232-3>		"'ḳʷˀuχʷ-"@cjh	
"čara"@ayr	<http://ids.clld.org/values/4-350-269-1>		<http://ids.clld.org/parameters/4-350>		<http://ids.clld.org/values/4-350-232-1>		"'c̷ulis-"@cjh	
"xiwaḳaya-ɲa"@ayr	<http://ids.clld.org/values/1-861-269-1>		<http://ids.clld.org/parameters/1-861>		<http://ids.clld.org/values/1-861-232-1>		"'kʷˀəlčˀ-"@cjh	
"ačačila"@ayr	<http://ids.clld.org/values/2-560-269-1>		<http://ids.clld.org/parameters/2-560>		<http://ids.clld.org/values/2-560-232-1>		"'tulap-"@cjh	
"kunka"@ayr	<http://ids.clld.org/values/4-280-269-1>		<http://ids.clld.org/parameters/4-280>		<http://ids.clld.org/values/4-280-232-1>		"'χətɬˀ-"@cjh	
"urpu"@ayr	<http://ids.clld.org/values/1-740-269-1>		<http://ids.clld.org/parameters/1-740>		<http://ids.clld.org/values/1-740-232-1>		"'pˀəɬ-"@cjh	
"pilpintu"@ayr	<http://ids.clld.org/values/3-920-269-1>		<http://ids.clld.org/parameters/3-920>		<http://ids.clld.org/values/3-920-232-1>		"χa'lewχalu"@cjh	
"kʰunu"@ayr	<http://ids.clld.org/values/1-760-269-1>		<http://ids.clld.org/parameters/1-760>		<http://ids.clld.org/values/1-760-232-1>		"'ɬaḳʷˀ-"@cjh	
"wiχči-ɲa"@ayr	<http://ids.clld.org/values/10-451-269-1>		<http://ids.clld.org/parameters/10-451>		<http://ids.clld.org/values/10-451-232-1>		"'tɬˀiḳˀʷ-"@cjh	
"xayra"@ayr	<http://ids.clld.org/values/4-920-269-1>		<http://ids.clld.org/parameters/4-920>		<http://ids.clld.org/values/4-920-232-1>		"'c̷uχʷum-"@cjh	
"yuḳalʸa"@ayr	<http://ids.clld.org/values/2-250-269-3>		<http://ids.clld.org/parameters/2-250>		<http://ids.clld.org/values/2-250-232-1>		"ɬt-"@cjh	
"xačˀa"@ayr	<http://ids.clld.org/values/12-550-269-1>		<http://ids.clld.org/parameters/12-550>		<http://ids.clld.org/values/12-550-232-1>		"'kʷac̷"@cjh	
"lapʰaḳi"@ayr	<http://ids.clld.org/values/1-820-269-1>		<http://ids.clld.org/parameters/1-820>		<http://ids.clld.org/values/1-820-232-1>		"'kəw-"@cjh	
"ipata"@ayr	<http://ids.clld.org/values/2-520-269-1>		<http://ids.clld.org/parameters/2-520>		<http://ids.clld.org/values/2-520-232-1>		"'kʷəɬuʔ-"@cjh	
"ḳʰilʸa"@ayr	<http://ids.clld.org/values/1-840-269-1>		<http://ids.clld.org/parameters/1-840>		<http://ids.clld.org/values/1-840-232-1>		"ḳʷˀə'li-"@cjh	
"ḳunuɲa"@ayr	<http://ids.clld.org/values/7-430-269-1>		<http://ids.clld.org/parameters/7-430>		<http://ids.clld.org/values/7-430-232-1>		"ta'wila-"@cjh	
"kˀusiwalʸu"@ayr	<http://ids.clld.org/values/3-817-269-1>		<http://ids.clld.org/parameters/3-817>		<http://ids.clld.org/values/3-817-232-1>		"c̷ˀ'skiyaḳ-"@cjh	
"laḳampu"@ayr	<http://ids.clld.org/values/1-510-269-3>		<http://ids.clld.org/parameters/1-510>		<http://ids.clld.org/values/1-510-232-1>		"ɬt-"@cjh	
"ḳulʸa"@ayr	<http://ids.clld.org/values/4-890-269-1>		<http://ids.clld.org/parameters/4-890>		<http://ids.clld.org/values/4-890-232-1>		"'čini-"@cjh	
"uywa"@ayr	<http://ids.clld.org/values/3-110-269-1>		<http://ids.clld.org/parameters/3-110>		<http://ids.clld.org/values/3-110-232-1>		"'χəs"@cjh	
"sirka"@ayr	<http://ids.clld.org/values/4-151-269-1>		<http://ids.clld.org/parameters/4-151>		<http://ids.clld.org/values/4-151-232-1>		"wa'səlˀ"@cjh	
"lukˀana"@ayr	<http://ids.clld.org/values/4-340-269-1>		<http://ids.clld.org/parameters/4-340>		<http://ids.clld.org/values/4-340-232-1>		"ɬa'χay-"@cjh	
"maytˀasi-ɲa"@ayr	<http://ids.clld.org/values/11-620-269-1>		<http://ids.clld.org/parameters/11-620>		<http://ids.clld.org/values/11-620-232-1>		"'čōyaʔ"@cjh	
"xanči"@ayr	<http://ids.clld.org/values/4-110-269-1>		<http://ids.clld.org/parameters/4-110>		<http://ids.clld.org/values/4-110-232-1>		"'nawa-"@cjh	
"aynača"@ayr	<http://ids.clld.org/values/12-30-269-1>		<http://ids.clld.org/parameters/12-30>		<http://ids.clld.org/values/12-30-232-1>		"'ɬa-"@cjh	
"inti"@ayr	<http://ids.clld.org/values/1-520-269-1>		<http://ids.clld.org/parameters/1-520>		<http://ids.clld.org/values/1-520-232-1>		"ɬu'kʷaɬ"@cjh	
"čˀina tˀarwa"@ayr	<http://ids.clld.org/values/4-145-269-1>		<http://ids.clld.org/parameters/4-145>		<http://ids.clld.org/values/4-145-232-1>		"'kʷˀans"@cjh	
"kayu muḳu"@ayr	<http://ids.clld.org/values/4-371-269-1>		<http://ids.clld.org/parameters/4-371>		<http://ids.clld.org/values/4-371-232-1>		"ḳə'muχʷ-"@cjh	
"ḳasiwi"@ayr	<http://ids.clld.org/values/14-770-269-1>		<http://ids.clld.org/parameters/14-770>		<http://ids.clld.org/values/14-770-232-1>		"mə'ɬič-"@cjh	
"pˀaki-ɲa"@ayr	<http://ids.clld.org/values/9-260-269-1>		<http://ids.clld.org/parameters/9-260>		<http://ids.clld.org/values/9-260-232-1>		"'χətɬˀ-"@cjh	
"waχra"@ayr	<http://ids.clld.org/values/4-170-269-1>		<http://ids.clld.org/parameters/4-170>		<http://ids.clld.org/values/4-170-232-1>		"wi'nawˀ"@cjh	
"čˀilʸa"@ayr	<http://ids.clld.org/values/4-462-269-1>		<http://ids.clld.org/parameters/4-462>		<http://ids.clld.org/values/4-462-232-1>		"'wit-"@cjh	
"čˀamaka"@ayr	<http://ids.clld.org/values/1-620-269-1>		<http://ids.clld.org/parameters/1-620>		<http://ids.clld.org/values/1-620-232-1>		"tˀa'nˀap"@cjh	
"walʸaḳi-ɲa"@ayr	<http://ids.clld.org/values/5-220-269-1>		<http://ids.clld.org/parameters/5-220>		<http://ids.clld.org/values/5-220-232-1>		"'c̷əḳ-"@cjh	
"walʸaḳi-ɲa"@ayr	<http://ids.clld.org/values/5-220-269-1>		<http://ids.clld.org/parameters/5-220>		<http://ids.clld.org/values/5-220-232-3>		"'ləp-"@cjh	
"[mixilʸa]"@ayr	<http://ids.clld.org/values/4-208-269-1>		<http://ids.clld.org/parameters/4-208>		<http://ids.clld.org/values/4-208-232-1>		"'c̷ˀiḳ-"@cjh	
"ḳinaya"@ayr	<http://ids.clld.org/values/1-730-269-1>		<http://ids.clld.org/parameters/1-730>		<http://ids.clld.org/values/1-730-232-3>		"ti'pi-"@cjh	
"ḳinaya"@ayr	<http://ids.clld.org/values/1-730-269-1>		<http://ids.clld.org/parameters/1-730>		<http://ids.clld.org/values/1-730-232-1>		"ɬt-"@cjh	
"laḳˀa"@ayr	<http://ids.clld.org/values/1-213-269-1>		<http://ids.clld.org/parameters/1-213>		<http://ids.clld.org/values/1-213-232-1>		"tɬˀə'səḳʷ-"@cjh	
"uxi"@ayr	<http://ids.clld.org/values/1-350-269-1>		<http://ids.clld.org/parameters/1-350>		<http://ids.clld.org/values/1-350-232-1>		"'ʔamaniʔ"@cjh	
"ḳarita"@ayr	<http://ids.clld.org/values/4-910-269-1>		<http://ids.clld.org/parameters/4-910>		<http://ids.clld.org/values/4-910-232-1>		"'xʷən-"@cjh	
"čara"@ayr	<http://ids.clld.org/values/4-351-269-1>		<http://ids.clld.org/parameters/4-351>		<http://ids.clld.org/values/4-351-232-1>		"'pˀən-"@cjh	
"sunkʰa"@ayr	<http://ids.clld.org/values/4-142-269-1>		<http://ids.clld.org/parameters/4-142>		<http://ids.clld.org/values/4-142-232-1>		"čˀp-"@cjh	
"uraḳi"@ayr	<http://ids.clld.org/values/1-212-269-1>		<http://ids.clld.org/parameters/1-212>		<http://ids.clld.org/values/1-212-232-1>		"tə'miš-"@cjh	
"pˀiḳi"@ayr	<http://ids.clld.org/values/4-200-269-1>		<http://ids.clld.org/parameters/4-200>		<http://ids.clld.org/values/4-200-232-1>		"'matin-"@cjh	
"yaḳʰulʸa"@ayr	<http://ids.clld.org/values/6-410-269-1>		<http://ids.clld.org/parameters/6-410>		<http://ids.clld.org/values/6-410-232-1>		"'lala"@cjh	
"usu"@ayr	<http://ids.clld.org/values/4-840-269-3>		<http://ids.clld.org/parameters/4-840>		<http://ids.clld.org/values/4-840-232-3>		"'tač"@cjh	
"usu"@ayr	<http://ids.clld.org/values/4-840-269-3>		<http://ids.clld.org/parameters/4-840>		<http://ids.clld.org/values/4-840-232-1>		"'ɬəčˀ"@cjh	
"usu"@ayr	<http://ids.clld.org/values/4-840-269-3>		<http://ids.clld.org/parameters/4-840>		<http://ids.clld.org/values/4-840-232-5>		"χaw-"@cjh	
"čˀina"@ayr	<http://ids.clld.org/values/4-464-269-1>		<http://ids.clld.org/parameters/4-464>		<http://ids.clld.org/values/4-464-232-1>		"'χʷum-"@cjh	
"sapa"@ayr	<http://ids.clld.org/values/13-330-269-1>		<http://ids.clld.org/parameters/13-330>		<http://ids.clld.org/values/13-330-232-1>		"'ʔuc̷ˀs"@cjh	
"kayu"@ayr	<http://ids.clld.org/values/4-370-269-1>		<http://ids.clld.org/parameters/4-370>		<http://ids.clld.org/values/4-370-232-3>		"'tawˀ"@cjh	
"kayu"@ayr	<http://ids.clld.org/values/4-370-269-1>		<http://ids.clld.org/parameters/4-370>		<http://ids.clld.org/values/4-370-232-1>		"'c̷ulis-"@cjh	
"misi"@ayr	<http://ids.clld.org/values/3-620-269-3>		<http://ids.clld.org/parameters/3-620>		<http://ids.clld.org/values/3-620-232-1>		"'pišpiš"@cjh	
"kˀilʸima"@ayr	<http://ids.clld.org/values/1-890-269-1>		<http://ids.clld.org/parameters/1-890>		<http://ids.clld.org/values/1-890-232-1>		"'c̷ˀæ(?)-"@cjh	
"wayra"@ayr	<http://ids.clld.org/values/1-580-269-1>		<http://ids.clld.org/parameters/1-580>		<http://ids.clld.org/values/1-580-232-1>		"'χəs"@cjh	
"maymuru"@ayr	<http://ids.clld.org/values/4-451-269-1>		<http://ids.clld.org/parameters/4-451>		<http://ids.clld.org/values/4-451-232-1>		"mə'tˀus-"@cjh	
"ḳala"@ayr	<http://ids.clld.org/values/1-440-269-1>		<http://ids.clld.org/parameters/1-440>		<http://ids.clld.org/values/1-440-232-1>		"pa'talan-"@cjh	
"ḳala"@ayr	<http://ids.clld.org/values/1-440-269-1>		<http://ids.clld.org/parameters/1-440>		<http://ids.clld.org/values/1-440-232-3>		"'tawˀ"@cjh	
"ḳala"@ayr	<http://ids.clld.org/values/1-440-269-1>		<http://ids.clld.org/parameters/1-440>		<http://ids.clld.org/values/1-440-232-5>		"'səwin-"@cjh	
"čiḳa"@ayr	<http://ids.clld.org/values/16-660-269-1>		<http://ids.clld.org/parameters/16-660>		<http://ids.clld.org/values/16-660-232-1>		"'naxʷɬ-"@cjh	
"pampa"@ayr	<http://ids.clld.org/values/1-230-269-1>		<http://ids.clld.org/parameters/1-230>		<http://ids.clld.org/values/1-230-232-1>		"'maḳʷam-"@cjh	
"čˀalʸa"@ayr	<http://ids.clld.org/values/1-215-269-1>		<http://ids.clld.org/parameters/1-215>		<http://ids.clld.org/values/1-215-232-1>		"c̷ˀa'χæʔs"@cjh	
"muxlʸi"@ayr	<http://ids.clld.org/values/4-320-269-1>		<http://ids.clld.org/parameters/4-320>		<http://ids.clld.org/values/4-320-232-1>		"ta'nˀis-"@cjh	
"čˀumi"@ayr	<http://ids.clld.org/values/1-410-269-1>		<http://ids.clld.org/parameters/1-410>		<http://ids.clld.org/values/1-410-232-3>		"'yamac̷-"@cjh	
"čˀumi"@ayr	<http://ids.clld.org/values/1-410-269-1>		<http://ids.clld.org/parameters/1-410>		<http://ids.clld.org/values/1-410-232-1>		"'χatɬˀ"@cjh	
"čˀumi"@ayr	<http://ids.clld.org/values/1-410-269-1>		<http://ids.clld.org/parameters/1-410>		<http://ids.clld.org/values/1-410-232-5>		"χa'siɬšin-"@cjh	
"pʰučˀu"@ayr	<http://ids.clld.org/values/1-370-269-1>		<http://ids.clld.org/parameters/1-370>		<http://ids.clld.org/values/1-370-232-1>		"'c̷iḳʷi-"@cjh	
"pʰučˀu"@ayr	<http://ids.clld.org/values/1-370-269-1>		<http://ids.clld.org/parameters/1-370>		<http://ids.clld.org/values/1-370-232-3>		"'ḳāʔ"@cjh	
"kalʸači"@ayr	<http://ids.clld.org/values/4-300-269-1>		<http://ids.clld.org/parameters/4-300>		<http://ids.clld.org/values/4-300-232-1>		"'tˀəčˀ-"@cjh	
"pˀusu"@ayr	<http://ids.clld.org/values/4-853-269-1>		<http://ids.clld.org/parameters/4-853>		<http://ids.clld.org/values/4-853-232-1>		"pu'su-"@cjh	
"pʰusu"@ayr	<http://ids.clld.org/values/1-380-269-1>		<http://ids.clld.org/parameters/1-380>		<http://ids.clld.org/values/1-380-232-1>		"'paɬχn-"@cjh	
"apa-ɲa"@ayr	<http://ids.clld.org/values/10-610-269-1>		<http://ids.clld.org/parameters/10-610>		<http://ids.clld.org/values/10-610-232-1>		"'ʔam-"@cjh	
"kˀača"@ayr	<http://ids.clld.org/values/16-810-269-1>		<http://ids.clld.org/parameters/16-810>		<http://ids.clld.org/values/16-810-232-1>		"'ʔəy"@cjh	
"alʸu"@ayr	<http://ids.clld.org/values/4-492-269-1>		<http://ids.clld.org/parameters/4-492>		<http://ids.clld.org/values/4-492-232-1>		"'pəlḳ-"@cjh	
"xarapi"@ayr	<http://ids.clld.org/values/4-162-269-1>		<http://ids.clld.org/parameters/4-162>		<http://ids.clld.org/values/4-162-232-1>		"'χac̷ˀ-"@cjh	
"larama"@ayr	<http://ids.clld.org/values/15-670-269-1>		<http://ids.clld.org/parameters/15-670>		<http://ids.clld.org/values/15-670-232-1>		"'ḳʷˀiχ-"@cjh	
"walʸḳˀi"@ayr	<http://ids.clld.org/values/4-730-269-1>		<http://ids.clld.org/parameters/4-730>		<http://ids.clld.org/values/4-730-232-1>		"'nəxʷ-"@cjh	
"xurma"@ayr	<http://ids.clld.org/values/4-232-269-1>		<http://ids.clld.org/parameters/4-232>		<http://ids.clld.org/values/4-232-232-1>		"'tˀəp-"@cjh	
"xamačˀi"@ayr	<http://ids.clld.org/values/3-581-269-1>		<http://ids.clld.org/parameters/3-581>		<http://ids.clld.org/values/3-581-232-1>		"'pēps-"@cjh	
"xasi"@ayr	<http://ids.clld.org/values/4-854-269-1>		<http://ids.clld.org/parameters/4-854>		<http://ids.clld.org/values/4-854-232-1>		"'c̷ˀaḳa-"@cjh	
"čuyma"@ayr	<http://ids.clld.org/values/4-441-269-1>		<http://ids.clld.org/parameters/4-441>		<http://ids.clld.org/values/4-441-232-1>		"'pˀus-"@cjh	
"čˀiyara"@ayr	<http://ids.clld.org/values/15-650-269-1>		<http://ids.clld.org/parameters/15-650>		<http://ids.clld.org/values/15-650-232-1>		"'nəḳ-"@cjh	
"laka čˀakʰa"@ayr	<http://ids.clld.org/values/4-270-269-1>		<http://ids.clld.org/parameters/4-270>		<http://ids.clld.org/values/4-270-232-1>		"yə'nis-"@cjh	
"ḳˀiwi-ɲa"@ayr	<http://ids.clld.org/values/9-140-269-1>		<http://ids.clld.org/parameters/9-140>		<http://ids.clld.org/values/9-140-232-1>		"'puyi-"@cjh	
"pˀiya"@ayr	<http://ids.clld.org/values/4-231-269-1>		<http://ids.clld.org/parameters/4-231>		<http://ids.clld.org/values/4-231-232-1>		"lə'pəxʷ-"@cjh	
"ḳulʸa"@ayr	<http://ids.clld.org/values/4-880-269-1>		<http://ids.clld.org/parameters/4-880>		<http://ids.clld.org/values/4-880-232-1>		"ʔa'yōʔi-"@cjh	
"wilʸka"@ayr	<http://ids.clld.org/values/1-520-269-3>		<http://ids.clld.org/parameters/1-520>		<http://ids.clld.org/values/1-520-232-1>		"ɬu'kʷaɬ"@cjh	
"kʰatʰati-ɲa"@ayr	<http://ids.clld.org/values/4-680-269-1>		<http://ids.clld.org/parameters/4-680>		<http://ids.clld.org/values/4-680-232-1>		"'čˀən-"@cjh	
"xikxata-ɲa (?)"@ayr	<http://ids.clld.org/values/10-550-269-1>		<http://ids.clld.org/parameters/10-550>		<http://ids.clld.org/values/10-550-232-1>		"'ɬeʔ"@cjh	
"čˀakʰa"@ayr	<http://ids.clld.org/values/4-160-269-1>		<http://ids.clld.org/parameters/4-160>		<http://ids.clld.org/values/4-160-232-1>		"'šawˀ"@cjh	
"lipˀiči"@ayr	<http://ids.clld.org/values/6-280-269-1>		<http://ids.clld.org/parameters/6-280>		<http://ids.clld.org/values/6-280-232-1>		"tˀa'min"@cjh	
"xupʰuḳu"@ayr	<http://ids.clld.org/values/1-324-269-1>		<http://ids.clld.org/parameters/1-324>		<http://ids.clld.org/values/1-324-232-1>		"'payin-"@cjh	
"muyu"@ayr	<http://ids.clld.org/values/12-820-269-1>		<http://ids.clld.org/parameters/12-820>		<http://ids.clld.org/values/12-820-232-1>		"'yəl-"@cjh	
"maampi"@ayr	<http://ids.clld.org/values/14-350-269-1>		<http://ids.clld.org/parameters/14-350>		<http://ids.clld.org/values/14-350-232-1>		"'ɬeʔ"@cjh	
"wayrunḳu"@ayr	<http://ids.clld.org/values/3-820-269-1>		<http://ids.clld.org/parameters/3-820>		<http://ids.clld.org/values/3-820-232-1>		"ḳʷa'təm-"@cjh	
"aḳu"@ayr	<http://ids.clld.org/values/4-272-269-1>		<http://ids.clld.org/parameters/4-272>		<http://ids.clld.org/values/4-272-232-1>		"kʷˀa'ya-"@cjh	
"ḳˀuruta"@ayr	<http://ids.clld.org/values/4-490-269-1>		<http://ids.clld.org/parameters/4-490>		<http://ids.clld.org/values/4-490-232-1>		"'mačini-"@cjh	
"yampu"@ayr	<http://ids.clld.org/values/10-831-269-1>		<http://ids.clld.org/parameters/10-831>		<http://ids.clld.org/values/10-831-232-1>		"'wiɬ"@cjh	
"xiskʰi-ɲa"@ayr	<http://ids.clld.org/values/18-310-269-1>		<http://ids.clld.org/parameters/18-310>		<http://ids.clld.org/values/18-310-232-1>		"'sawla-"@cjh	
"amta"@ayr	<http://ids.clld.org/values/12-80-269-1>		<http://ids.clld.org/parameters/12-80>		<http://ids.clld.org/values/12-80-232-1>		"'tɬˀukʷˀ"@cjh	
"uraḳi"@ayr	<http://ids.clld.org/values/1-210-269-1>		<http://ids.clld.org/parameters/1-210>		<http://ids.clld.org/values/1-210-232-1>		"tə'miš-"@cjh	
"ati"@ayr	<http://ids.clld.org/values/4-281-269-1>		<http://ids.clld.org/parameters/4-281>		<http://ids.clld.org/values/4-281-232-1>		"'ʔaw-"@cjh	
"tˀiri"@ayr	<http://ids.clld.org/values/4-858-269-1>		<http://ids.clld.org/parameters/4-858>		<http://ids.clld.org/values/4-858-232-1>		"'ɬumi-"@cjh	
"muχsaaču"@ayr	<http://ids.clld.org/values/5-710-269-1>		<http://ids.clld.org/parameters/5-710>		<http://ids.clld.org/values/5-710-232-1>		"ḳʷˀə'li-"@cjh	
"[wutuna]"@ayr	<http://ids.clld.org/values/6-620-269-1>		<http://ids.clld.org/parameters/6-620>		<http://ids.clld.org/values/6-620-232-1>		"'ɬana-"@cjh	
