"[latanu]"@ayr	<http://ids.clld.org/values/8-840-269-3>		<http://ids.clld.org/parameters/8-840>		<http://ids.clld.org/values/8-840-261-1>		"-'apoe"@brg	
"sara-ɲa"@ayr	<http://ids.clld.org/values/10-470-269-1>		<http://ids.clld.org/parameters/10-470>		<http://ids.clld.org/values/10-470-261-1>		"-yono-w"@brg	
"ispilʸu"@ayr	<http://ids.clld.org/values/4-250-269-1>		<http://ids.clld.org/parameters/4-250>		<http://ids.clld.org/values/4-250-261-1>		"ni'čomonoki"@brg	
"tʰuru"@ayr	<http://ids.clld.org/values/12-630-269-1>		<http://ids.clld.org/parameters/12-630>		<http://ids.clld.org/values/12-630-261-1>		"šo'po-"@brg	
"lapˀa"@ayr	<http://ids.clld.org/values/3-811-269-1>		<http://ids.clld.org/parameters/3-811>		<http://ids.clld.org/values/3-811-261-1>		"i'no-k"@brg	
"čʰiwčʰi"@ayr	<http://ids.clld.org/values/3-550-269-1>		<http://ids.clld.org/parameters/3-550>		<http://ids.clld.org/values/3-550-261-1>		"'tipoṛ̌ek"@brg	
"kunarsa"@ayr	<http://ids.clld.org/values/17-650-269-1>		<http://ids.clld.org/parameters/17-650>		<http://ids.clld.org/values/17-650-261-1>		"kaeerapoka"@brg	
"katu-ɲa"@ayr	<http://ids.clld.org/values/11-130-269-1>		<http://ids.clld.org/parameters/11-130>		<http://ids.clld.org/values/11-130-261-1>		"-a'mo"@brg	
"pʰuyu"@ayr	<http://ids.clld.org/values/4-393-269-1>		<http://ids.clld.org/parameters/4-393>		<http://ids.clld.org/values/4-393-261-1>		"e'sis"@brg	
"yuka"@ayr	<http://ids.clld.org/values/8-920-269-1>		<http://ids.clld.org/parameters/8-920>		<http://ids.clld.org/values/8-920-261-1>		"ka'ha-"@brg	
"anata-ɲa"@ayr	<http://ids.clld.org/values/16-260-269-1>		<http://ids.clld.org/parameters/16-260>		<http://ids.clld.org/values/16-260-261-1>		"ṛ̌o'ponič"@brg	
"čiḳa"@ayr	<http://ids.clld.org/values/12-730-269-1>		<http://ids.clld.org/parameters/12-730>		<http://ids.clld.org/values/12-730-261-1>		"to'βi-"@brg	
"kˀuti"@ayr	<http://ids.clld.org/values/3-813-269-1>		<http://ids.clld.org/parameters/3-813>		<http://ids.clld.org/values/3-813-261-1>		"to'tikop"@brg	
"xaka-ɲa"@ayr	<http://ids.clld.org/values/4-740-269-1>		<http://ids.clld.org/parameters/4-740>		<http://ids.clld.org/values/4-740-261-1>		"-čo-'ko-"@brg	
"ḳunḳuri"@ayr	<http://ids.clld.org/values/4-360-269-1>		<http://ids.clld.org/parameters/4-360>		<http://ids.clld.org/values/4-360-261-1>		"ničo'βekos"@brg	
"ḳuta-ɲa"@ayr	<http://ids.clld.org/values/1-341-269-1>		<http://ids.clld.org/parameters/1-341>		<http://ids.clld.org/values/1-341-261-1>		"'aki"@brg	
"alaya"@ayr	<http://ids.clld.org/values/12-80-269-5>		<http://ids.clld.org/parameters/12-80>		<http://ids.clld.org/values/12-80-261-1>		"a'ni-ye"@brg	
"pʰatˀsu-ɲa"@ayr	<http://ids.clld.org/values/8-220-269-1>		<http://ids.clld.org/parameters/8-220>		<http://ids.clld.org/values/8-220-261-1>		"-'saho-kia-"@brg	
"[parinti]"@ayr	<http://ids.clld.org/values/2-810-269-1>		<http://ids.clld.org/parameters/2-810>		<http://ids.clld.org/values/2-810-261-1>		"ni'čonopos"@brg	
"čˀarana"@ayr	<http://ids.clld.org/values/15-830-269-1>		<http://ids.clld.org/parameters/15-830>		<http://ids.clld.org/values/15-830-261-1>		"-po'to-"@brg	
"čiḳpa"@ayr	<http://ids.clld.org/values/12-730-269-3>		<http://ids.clld.org/parameters/12-730>		<http://ids.clld.org/values/12-730-261-1>		"to'βi-"@brg	
"pʰusa-ɲa"@ayr	<http://ids.clld.org/values/10-380-269-1>		<http://ids.clld.org/parameters/10-380>		<http://ids.clld.org/values/10-380-261-1>		"-'haβi-ko-w"@brg	
"laru-ɲa"@ayr	<http://ids.clld.org/values/16-250-269-1>		<http://ids.clld.org/parameters/16-250>		<http://ids.clld.org/values/16-250-261-1>		"-'ko-ka-"@brg	
"yatiḳa-ɲa"@ayr	<http://ids.clld.org/values/17-240-269-1>		<http://ids.clld.org/parameters/17-240>		<http://ids.clld.org/values/17-240-261-1>		"-karo-'wo-w"@brg	
"taykčˀi"@ayr	<http://ids.clld.org/values/2-620-269-1>		<http://ids.clld.org/parameters/2-620>		<http://ids.clld.org/values/2-620-261-3>		"-aki"@brg	
"taykčˀi"@ayr	<http://ids.clld.org/values/2-620-269-1>		<http://ids.clld.org/parameters/2-620>		<http://ids.clld.org/values/2-620-261-1>		"-mos"@brg	
"uma-ɲa"@ayr	<http://ids.clld.org/values/5-130-269-1>		<http://ids.clld.org/parameters/5-130>		<http://ids.clld.org/values/5-130-261-1>		"er"@brg	
"uma-ɲa"@ayr	<http://ids.clld.org/values/5-130-269-1>		<http://ids.clld.org/parameters/5-130>		<http://ids.clld.org/values/5-130-261-3>		"-e'ro-"@brg	
"pʰičʰaɲa"@ayr	<http://ids.clld.org/values/1-851-269-1>		<http://ids.clld.org/parameters/1-851>		<http://ids.clld.org/values/1-851-261-1>		"-a'haṛ̌ow"@brg	
"muna-ɲa"@ayr	<http://ids.clld.org/values/16-270-269-1>		<http://ids.clld.org/parameters/16-270>		<http://ids.clld.org/values/16-270-261-3>		"ememna'reko"@brg	
"muna-ɲa"@ayr	<http://ids.clld.org/values/16-270-269-1>		<http://ids.clld.org/parameters/16-270>		<http://ids.clld.org/values/16-270-261-1>		"-'emo-ni"@brg	
"marka-čiri"@ayr	<http://ids.clld.org/values/19-210-269-1>		<http://ids.clld.org/parameters/19-210>		<http://ids.clld.org/values/19-210-261-1>		"'činti"@brg	
"marka-čiri"@ayr	<http://ids.clld.org/values/19-210-269-1>		<http://ids.clld.org/parameters/19-210>		<http://ids.clld.org/values/19-210-261-3>		"činti-neβ"@brg	
"aχsara-ɲa"@ayr	<http://ids.clld.org/values/16-530-269-1>		<http://ids.clld.org/parameters/16-530>		<http://ids.clld.org/values/16-530-261-1>		"-pi-"@brg	
"aχsara-ɲa"@ayr	<http://ids.clld.org/values/16-530-269-1>		<http://ids.clld.org/parameters/16-530>		<http://ids.clld.org/values/16-530-261-3>		"'ni-piko-w"@brg	
"mičˀi"@ayr	<http://ids.clld.org/values/20-250-269-1>		<http://ids.clld.org/parameters/20-250>		<http://ids.clld.org/values/20-250-261-1>		"kori-"@brg	
"čˀamu-ɲa"@ayr	<http://ids.clld.org/values/5-160-269-1>		<http://ids.clld.org/parameters/5-160>		<http://ids.clld.org/values/5-160-261-1>		"-hi-'ko-"@brg	
"pʰatanka"@ayr	<http://ids.clld.org/values/4-460-269-1>		<http://ids.clld.org/parameters/4-460>		<http://ids.clld.org/values/4-460-261-1>		"-'he-ki"@brg	
"pʰatanka"@ayr	<http://ids.clld.org/values/4-460-269-1>		<http://ids.clld.org/parameters/4-460>		<http://ids.clld.org/values/4-460-261-3>		"ničo'koki"@brg	
"kˀiwča"@ayr	<http://ids.clld.org/values/4-450-269-1>		<http://ids.clld.org/parameters/4-450>		<http://ids.clld.org/values/4-450-261-1>		"-e'pe-ṛ̌on"@brg	
"xiwa-ɲa"@ayr	<http://ids.clld.org/values/4-750-269-3>		<http://ids.clld.org/parameters/4-750>		<http://ids.clld.org/values/4-750-261-3>		"ṛ̌e'pen"@brg	
"xiwa-ɲa"@ayr	<http://ids.clld.org/values/4-750-269-3>		<http://ids.clld.org/parameters/4-750>		<http://ids.clld.org/values/4-750-261-1>		"-e'pe-"@brg	
"yati-ɲa"@ayr	<http://ids.clld.org/values/17-170-269-1>		<http://ids.clld.org/parameters/17-170>		<http://ids.clld.org/values/17-170-261-1>		"-čo-"@brg	
"yati-ɲa"@ayr	<http://ids.clld.org/values/17-170-269-1>		<http://ids.clld.org/parameters/17-170>		<http://ids.clld.org/values/17-170-261-3>		"-tiṛ̌i"@brg	
"xuta-ɲa"@ayr	<http://ids.clld.org/values/10-480-269-1>		<http://ids.clld.org/parameters/10-480>		<http://ids.clld.org/values/10-480-261-1>		"-piko-w"@brg	
"[ača]"@ayr	<http://ids.clld.org/values/9-250-269-1>		<http://ids.clld.org/parameters/9-250>		<http://ids.clld.org/values/9-250-261-1>		"po'e"@brg	
"xača-ɲa"@ayr	<http://ids.clld.org/values/16-370-269-1>		<http://ids.clld.org/parameters/16-370>		<http://ids.clld.org/values/16-370-261-1>		"-ya"@brg	
"tʰakʰi"@ayr	<http://ids.clld.org/values/10-710-269-1>		<http://ids.clld.org/parameters/10-710>		<http://ids.clld.org/values/10-710-261-3>		"ša'no-ki"@brg	
"tʰakʰi"@ayr	<http://ids.clld.org/values/10-710-269-1>		<http://ids.clld.org/parameters/10-710>		<http://ids.clld.org/values/10-710-261-1>		"šo-'no-"@brg	
"ayča"@ayr	<http://ids.clld.org/values/5-610-269-1>		<http://ids.clld.org/parameters/5-610>		<http://ids.clld.org/values/5-610-261-1>		"n-eš"@brg	
"saytˀa-ɲa"@ayr	<http://ids.clld.org/values/12-150-269-1>		<http://ids.clld.org/parameters/12-150>		<http://ids.clld.org/values/12-150-261-1>		"-šom"@brg	
"xanḳˀu"@ayr	<http://ids.clld.org/values/15-640-269-1>		<http://ids.clld.org/parameters/15-640>		<http://ids.clld.org/values/15-640-261-1>		"kotipo'pin"@brg	
"nasa"@ayr	<http://ids.clld.org/values/4-230-269-1>		<http://ids.clld.org/parameters/4-230>		<http://ids.clld.org/values/4-230-261-1>		"-'si-ri"@brg	
"nasa"@ayr	<http://ids.clld.org/values/4-230-269-1>		<http://ids.clld.org/parameters/4-230>		<http://ids.clld.org/values/4-230-261-3>		"ni-pa-'siṛ̌i"@brg	
"tayka"@ayr	<http://ids.clld.org/values/2-360-269-1>		<http://ids.clld.org/parameters/2-360>		<http://ids.clld.org/values/2-360-261-1>		"n-en"@brg	
"laχra"@ayr	<http://ids.clld.org/values/4-260-269-1>		<http://ids.clld.org/parameters/4-260>		<http://ids.clld.org/values/4-260-261-1>		"-pe-n"@brg	
"laχra"@ayr	<http://ids.clld.org/values/4-260-269-1>		<http://ids.clld.org/parameters/4-260>		<http://ids.clld.org/values/4-260-261-3>		"epenene"@brg	
"ḳʰipaaχa"@ayr	<http://ids.clld.org/values/12-11-269-1>		<http://ids.clld.org/parameters/12-11>		<http://ids.clld.org/values/12-11-261-1>		"šiṛ̌iwa'niye"@brg	
"[ḳuḳutrilʸu]"@ayr	<http://ids.clld.org/values/3-970-269-1>		<http://ids.clld.org/parameters/3-970>		<http://ids.clld.org/values/3-970-261-1>		"kahire"@brg	
"ḳuḳa"@ayr	<http://ids.clld.org/values/1-420-269-1>		<http://ids.clld.org/parameters/1-420>		<http://ids.clld.org/values/1-420-261-1>		"'ewokoe"@brg	
"silʸu"@ayr	<http://ids.clld.org/values/4-344-269-1>		<http://ids.clld.org/parameters/4-344>		<http://ids.clld.org/values/4-344-261-1>		"n-i'tip"@brg	
"manḳʰata"@ayr	<http://ids.clld.org/values/12-70-269-1>		<http://ids.clld.org/parameters/12-70>		<http://ids.clld.org/values/12-70-261-1>		"a'piye"@brg	
"maya"@ayr	<http://ids.clld.org/values/13-10-269-1>		<http://ids.clld.org/parameters/13-10>		<http://ids.clld.org/values/13-10-261-1>		"po'noš"@brg	
"wičˀinkʰa"@ayr	<http://ids.clld.org/values/4-180-269-1>		<http://ids.clld.org/parameters/4-180>		<http://ids.clld.org/values/4-180-261-1>		"-i'ho-s"@brg	
"uru"@ayr	<http://ids.clld.org/values/14-410-269-1>		<http://ids.clld.org/parameters/14-410>		<http://ids.clld.org/values/14-410-261-3>		"ṛ̌o'sesokonoeṛ̌"@brg	
"uru"@ayr	<http://ids.clld.org/values/14-410-269-1>		<http://ids.clld.org/parameters/14-410>		<http://ids.clld.org/values/14-410-261-1>		"se-s"@brg	
"xaniwa"@ayr	<http://ids.clld.org/values/17-560-269-1>		<http://ids.clld.org/parameters/17-560>		<http://ids.clld.org/values/17-560-261-1>		"'onkaw"@brg	
"wiru-ɲa"@ayr	<http://ids.clld.org/values/10-370-269-1>		<http://ids.clld.org/parameters/10-370>		<http://ids.clld.org/values/10-370-261-1>		"-ar-"@brg	
"kulʸaka"@ayr	<http://ids.clld.org/values/2-450-269-1>		<http://ids.clld.org/parameters/2-450>		<http://ids.clld.org/values/2-450-261-3>		"'n-eta"@brg	
"kulʸaka"@ayr	<http://ids.clld.org/values/2-450-269-1>		<http://ids.clld.org/parameters/2-450>		<http://ids.clld.org/values/2-450-261-1>		"ni-'piṛ̌i"@brg	
"kˀusilʸu"@ayr	<http://ids.clld.org/values/3-760-269-1>		<http://ids.clld.org/parameters/3-760>		<http://ids.clld.org/values/3-760-261-1>		"yo-ṛ̌"@brg	
"ḳʰiya"@ayr	<http://ids.clld.org/values/6-240-269-1>		<http://ids.clld.org/parameters/6-240>		<http://ids.clld.org/values/6-240-261-1>		"ka'ha-weš"@brg	
"lʸixu-lʸixu"@ayr	<http://ids.clld.org/values/1-570-269-1>		<http://ids.clld.org/parameters/1-570>		<http://ids.clld.org/values/1-570-261-1>		"ṛ̌o'čomoṛ̌omoṛ̌eow"@brg	
"puri-ɲa"@ayr	<http://ids.clld.org/values/10-550-269-3>		<http://ids.clld.org/parameters/10-550>		<http://ids.clld.org/values/10-550-261-1>		"to biši'moč"@brg	
"lapʰi"@ayr	<http://ids.clld.org/values/8-560-269-1>		<http://ids.clld.org/parameters/8-560>		<http://ids.clld.org/values/8-560-261-1>		"e-pono'e"@brg	
"umata"@ayr	<http://ids.clld.org/values/4-980-269-1>		<http://ids.clld.org/parameters/4-980>		<http://ids.clld.org/values/4-980-261-1>		"-'kaβio"@brg	
"ḳuɲa (?)"@ayr	<http://ids.clld.org/values/15-770-269-1>		<http://ids.clld.org/parameters/15-770>		<http://ids.clld.org/values/15-770-261-1>		"-'mo-ri"@brg	
"ali"@ayr	<http://ids.clld.org/values/1-420-269-3>		<http://ids.clld.org/parameters/1-420>		<http://ids.clld.org/values/1-420-261-1>		"'ewokoe"@brg	
"kayu lukˀana"@ayr	<http://ids.clld.org/values/4-380-269-1>		<http://ids.clld.org/parameters/4-380>		<http://ids.clld.org/values/4-380-261-1>		"ni'wohis to ni'poih"@brg	
"xumamaka"@ayr	<http://ids.clld.org/values/2-950-269-1>		<http://ids.clld.org/parameters/2-950>		<http://ids.clld.org/values/2-950-261-1>		"yi-'ti"@brg	
"xiwaki"@ayr	<http://ids.clld.org/values/16-810-269-3>		<http://ids.clld.org/parameters/16-810>		<http://ids.clld.org/values/16-810-261-1>		"'monikowapa"@brg	
"nayra"@ayr	<http://ids.clld.org/values/4-210-269-1>		<http://ids.clld.org/parameters/4-210>		<http://ids.clld.org/values/4-210-261-1>		"-i'ki"@brg	
"nayra"@ayr	<http://ids.clld.org/values/4-210-269-1>		<http://ids.clld.org/parameters/4-210>		<http://ids.clld.org/values/4-210-261-3>		"ni-'kis"@brg	
"ḳʰuru"@ayr	<http://ids.clld.org/values/16-720-269-1>		<http://ids.clld.org/parameters/16-720>		<http://ids.clld.org/values/16-720-261-1>		"me'hewokon"@brg	
"xaypˀu"@ayr	<http://ids.clld.org/values/14-451-269-1>		<http://ids.clld.org/parameters/14-451>		<http://ids.clld.org/values/14-451-261-1>		"kope'ap"@brg	
"ampara tˀaχlʸi"@ayr	<http://ids.clld.org/values/4-331-269-1>		<http://ids.clld.org/parameters/4-331>		<http://ids.clld.org/values/4-331-261-1>		"'waki"@brg	
"xuma"@ayr	<http://ids.clld.org/values/2-920-269-1>		<http://ids.clld.org/parameters/2-920>		<http://ids.clld.org/values/2-920-261-1>		"pi-'ti"@brg	
"ɲuɲu"@ayr	<http://ids.clld.org/values/4-410-269-1>		<http://ids.clld.org/parameters/4-410>		<http://ids.clld.org/values/4-410-261-1>		"-šo-n"@brg	
"xayu"@ayr	<http://ids.clld.org/values/5-810-269-1>		<http://ids.clld.org/parameters/5-810>		<http://ids.clld.org/values/5-810-261-1>		"'čobi ~ 'čobe"@brg	
"čura-ɲa"@ayr	<http://ids.clld.org/values/11-210-269-1>		<http://ids.clld.org/parameters/11-210>		<http://ids.clld.org/values/11-210-261-1>		"-po'e-ko-w"@brg	
"tinku-ɲa"@ayr	<http://ids.clld.org/values/10-230-269-1>		<http://ids.clld.org/parameters/10-230>		<http://ids.clld.org/values/10-230-261-1>		"nesta'paika"@brg	
"wawa"@ayr	<http://ids.clld.org/values/2-280-269-1>		<http://ids.clld.org/parameters/2-280>		<http://ids.clld.org/values/2-280-261-1>		"'monči"@brg	
"nina"@ayr	<http://ids.clld.org/values/1-810-269-1>		<http://ids.clld.org/parameters/1-810>		<http://ids.clld.org/values/1-810-261-1>		"'ya-ki"@brg	
"xila"@ayr	<http://ids.clld.org/values/2-456-269-1>		<http://ids.clld.org/parameters/2-456>		<http://ids.clld.org/values/2-456-261-3>		"'mpiri"@brg	
"xila"@ayr	<http://ids.clld.org/values/2-456-269-1>		<http://ids.clld.org/parameters/2-456>		<http://ids.clld.org/values/2-456-261-1>		"-'pi-ri"@brg	
"xalʸu"@ayr	<http://ids.clld.org/values/1-750-269-1>		<http://ids.clld.org/parameters/1-750>		<http://ids.clld.org/values/1-750-261-1>		"so'won"@brg	
"čˀiwa"@ayr	<http://ids.clld.org/values/5-660-269-1>		<http://ids.clld.org/parameters/5-660>		<http://ids.clld.org/values/5-660-261-1>		"či'čoṛ̌op"@brg	
"tata"@ayr	<http://ids.clld.org/values/2-350-269-3>		<http://ids.clld.org/parameters/2-350>		<http://ids.clld.org/values/2-350-261-3>		"čač"@brg	
"tata"@ayr	<http://ids.clld.org/values/2-350-269-3>		<http://ids.clld.org/parameters/2-350>		<http://ids.clld.org/values/2-350-261-1>		"-i'a"@brg	
"puḳuta"@ayr	<http://ids.clld.org/values/8-840-269-1>		<http://ids.clld.org/parameters/8-840>		<http://ids.clld.org/values/8-840-261-1>		"-'apoe"@brg	
"sara-ɲa"@ayr	<http://ids.clld.org/values/10-450-269-1>		<http://ids.clld.org/parameters/10-450>		<http://ids.clld.org/values/10-450-261-1>		"-yo'no"@brg	
"xatʰi"@ayr	<http://ids.clld.org/values/15-810-269-1>		<http://ids.clld.org/parameters/15-810>		<http://ids.clld.org/values/15-810-261-3>		"kohino-kon"@brg	
"xatʰi"@ayr	<http://ids.clld.org/values/15-810-269-1>		<http://ids.clld.org/parameters/15-810>		<http://ids.clld.org/values/15-810-261-1>		"-'hi-no-"@brg	
"kʰuči"@ayr	<http://ids.clld.org/values/3-350-269-1>		<http://ids.clld.org/parameters/3-350>		<http://ids.clld.org/values/3-350-261-1>		"si'mori"@brg	
"lipˀiči"@ayr	<http://ids.clld.org/values/4-120-269-1>		<http://ids.clld.org/parameters/4-120>		<http://ids.clld.org/values/4-120-261-1>		"-č-om"@brg	
"lipˀiči"@ayr	<http://ids.clld.org/values/4-120-269-1>		<http://ids.clld.org/parameters/4-120>		<http://ids.clld.org/values/4-120-261-3>		"ni-'čom"@brg	
"ati"@ayr	<http://ids.clld.org/values/4-190-269-1>		<http://ids.clld.org/parameters/4-190>		<http://ids.clld.org/values/4-190-261-1>		"-'čipi"@brg	
"pankataya"@ayr	<http://ids.clld.org/values/3-823-269-1>		<http://ids.clld.org/parameters/3-823>		<http://ids.clld.org/values/3-823-261-1>		"ane"@brg	
"xawira"@ayr	<http://ids.clld.org/values/1-360-269-1>		<http://ids.clld.org/parameters/1-360>		<http://ids.clld.org/values/1-360-261-1>		"wapo'eṛ̌"@brg	
"alax-pača"@ayr	<http://ids.clld.org/values/1-510-269-1>		<http://ids.clld.org/parameters/1-510>		<http://ids.clld.org/values/1-510-261-1>		"a'ni-ye"@brg	
"wiska"@ayr	<http://ids.clld.org/values/9-190-269-1>		<http://ids.clld.org/parameters/9-190>		<http://ids.clld.org/values/9-190-261-1>		"ni-'ro-"@brg	
"čiɲi"@ayr	<http://ids.clld.org/values/3-591-269-1>		<http://ids.clld.org/parameters/3-591>		<http://ids.clld.org/values/3-591-261-1>		"βi'te-ṛ̌"@brg	
"kʰitisa"@ayr	<http://ids.clld.org/values/17-680-269-1>		<http://ids.clld.org/parameters/17-680>		<http://ids.clld.org/values/17-680-261-1>		"kon to 'woyokon"@brg	
"xatʰa"@ayr	<http://ids.clld.org/values/8-311-269-1>		<http://ids.clld.org/parameters/8-311>		<http://ids.clld.org/values/8-311-261-1>		"e'so-ki"@brg	
"para"@ayr	<http://ids.clld.org/values/4-205-269-1>		<http://ids.clld.org/parameters/4-205>		<http://ids.clld.org/values/4-205-261-1>		"ni'panoṛ̌"@brg	
"paya"@ayr	<http://ids.clld.org/values/13-20-269-1>		<http://ids.clld.org/parameters/13-20>		<http://ids.clld.org/values/13-20-261-1>		"m-a'pi-n"@brg	
"sapa"@ayr	<http://ids.clld.org/values/13-140-269-1>		<http://ids.clld.org/parameters/13-140>		<http://ids.clld.org/values/13-140-261-1>		"pon"@brg	
"apa-ni-ɲa"@ayr	<http://ids.clld.org/values/10-620-269-1>		<http://ids.clld.org/parameters/10-620>		<http://ids.clld.org/values/10-620-261-1>		"'amo(n-)"@brg	
"yaḳˀa-ɲa"@ayr	<http://ids.clld.org/values/4-660-269-3>		<http://ids.clld.org/parameters/4-660>		<http://ids.clld.org/values/4-660-261-1>		"e'tis"@brg	
"xinču"@ayr	<http://ids.clld.org/values/4-220-269-1>		<http://ids.clld.org/parameters/4-220>		<http://ids.clld.org/values/4-220-261-3>		"senoki"@brg	
"xinču"@ayr	<http://ids.clld.org/values/4-220-269-1>		<http://ids.clld.org/parameters/4-220>		<http://ids.clld.org/values/4-220-261-1>		"-'čoko-n"@brg	
"xaya"@ayr	<http://ids.clld.org/values/12-440-269-1>		<http://ids.clld.org/parameters/12-440>		<http://ids.clld.org/values/12-440-261-1>		"a'βe-"@brg	
"sapʰi"@ayr	<http://ids.clld.org/values/8-540-269-1>		<http://ids.clld.org/parameters/8-540>		<http://ids.clld.org/values/8-540-261-1>		"ṛ̌eki'ton"@brg	
"xilata"@ayr	<http://ids.clld.org/values/2-550-269-1>		<http://ids.clld.org/parameters/2-550>		<http://ids.clld.org/values/2-550-261-1>		"'mpiri"@brg	
"araχa"@ayr	<http://ids.clld.org/values/12-80-269-3>		<http://ids.clld.org/parameters/12-80>		<http://ids.clld.org/values/12-80-261-1>		"a'ni-ye"@brg	
"manḳˀata awtxaɲa"@ayr	<http://ids.clld.org/values/5-140-269-1>		<http://ids.clld.org/parameters/5-140>		<http://ids.clld.org/values/5-140-261-1>		"ni'βeiʔinow"@brg	
"ḳuta"@ayr	<http://ids.clld.org/values/1-330-269-1>		<http://ids.clld.org/parameters/1-330>		<http://ids.clld.org/values/1-330-261-1>		"'č-aki"@brg	
"uma"@ayr	<http://ids.clld.org/values/1-310-269-1>		<http://ids.clld.org/parameters/1-310>		<http://ids.clld.org/values/1-310-261-1>		"in"@brg	
"tˀarwa"@ayr	<http://ids.clld.org/values/4-144-269-1>		<http://ids.clld.org/parameters/4-144>		<http://ids.clld.org/values/4-144-261-1>		"-i'ša"@brg	
"kuurmi"@ayr	<http://ids.clld.org/values/1-590-269-1>		<http://ids.clld.org/parameters/1-590>		<http://ids.clld.org/values/1-590-261-1>		"ni'a"@brg	
"waru"@ayr	<http://ids.clld.org/values/12-570-269-1>		<http://ids.clld.org/parameters/12-570>		<http://ids.clld.org/values/12-570-261-1>		"-pi"@brg	
"waru"@ayr	<http://ids.clld.org/values/12-570-269-1>		<http://ids.clld.org/parameters/12-570>		<http://ids.clld.org/values/12-570-261-3>		"'pero-"@brg	
"kuraka"@ayr	<http://ids.clld.org/values/19-240-269-1>		<http://ids.clld.org/parameters/19-240>		<http://ids.clld.org/values/19-240-261-1>		"rom"@brg	
"xistˀxa-ɲa"@ayr	<http://ids.clld.org/values/12-240-269-1>		<http://ids.clld.org/parameters/12-240>		<http://ids.clld.org/values/12-240-261-1>		"'βe-ha"@brg	
"ɲuɲu"@ayr	<http://ids.clld.org/values/4-400-269-1>		<http://ids.clld.org/parameters/4-400>		<http://ids.clld.org/values/4-400-261-1>		"ča'ko-ki"@brg	
"lʸuḳu"@ayr	<http://ids.clld.org/values/4-440-269-1>		<http://ids.clld.org/parameters/4-440>		<http://ids.clld.org/values/4-440-261-1>		"neto'koʔin"@brg	
"muruḳˀu"@ayr	<http://ids.clld.org/values/12-810-269-1>		<http://ids.clld.org/parameters/12-810>		<http://ids.clld.org/values/12-810-261-1>		"čoporikon"@brg	
"čˀusa"@ayr	<http://ids.clld.org/values/13-0-269-1>		<http://ids.clld.org/parameters/13-0>		<http://ids.clld.org/values/13-0-261-1>		"'inkaw ~ 'onkaw"@brg	
"wila"@ayr	<http://ids.clld.org/values/4-150-269-1>		<http://ids.clld.org/parameters/4-150>		<http://ids.clld.org/values/4-150-261-1>		"'iti"@brg	
"pʰaya-ɲa-lawa"@ayr	<http://ids.clld.org/values/1-880-269-1>		<http://ids.clld.org/parameters/1-880>		<http://ids.clld.org/values/1-880-261-1>		"ya'kis"@brg	
"čupika"@ayr	<http://ids.clld.org/values/15-660-269-1>		<http://ids.clld.org/parameters/15-660>		<http://ids.clld.org/values/15-660-261-1>		"moro'sero-"@brg	
"xama-ɲa"@ayr	<http://ids.clld.org/values/4-660-269-1>		<http://ids.clld.org/parameters/4-660>		<http://ids.clld.org/values/4-660-261-1>		"e'tis"@brg	
"puḳuta"@ayr	<http://ids.clld.org/values/5-123-269-1>		<http://ids.clld.org/parameters/5-123>		<http://ids.clld.org/values/5-123-261-1>		"-ya-"@brg	
"mama"@ayr	<http://ids.clld.org/values/2-360-269-3>		<http://ids.clld.org/parameters/2-360>		<http://ids.clld.org/values/2-360-261-1>		"n-en"@brg	
"ampara"@ayr	<http://ids.clld.org/values/4-310-269-1>		<http://ids.clld.org/parameters/4-310>		<http://ids.clld.org/values/4-310-261-3>		"-ton"@brg	
"ampara"@ayr	<http://ids.clld.org/values/4-310-269-1>		<http://ids.clld.org/parameters/4-310>		<http://ids.clld.org/values/4-310-261-1>		"-po'wo-ki"@brg	
"awkčˀi"@ayr	<http://ids.clld.org/values/2-610-269-1>		<http://ids.clld.org/parameters/2-610>		<http://ids.clld.org/values/2-610-261-1>		"nimo'šok"@brg	
"suma"@ayr	<http://ids.clld.org/values/16-710-269-1>		<http://ids.clld.org/parameters/16-710>		<http://ids.clld.org/values/16-710-261-1>		"'heni"@brg	
"taḳi"@ayr	<http://ids.clld.org/values/13-140-269-3>		<http://ids.clld.org/parameters/13-140>		<http://ids.clld.org/values/13-140-261-1>		"pon"@brg	
"xakˀa"@ayr	<http://ids.clld.org/values/12-430-269-1>		<http://ids.clld.org/parameters/12-430>		<http://ids.clld.org/values/12-430-261-1>		"a'ne-kon"@brg	
"ampara"@ayr	<http://ids.clld.org/values/4-330-269-1>		<http://ids.clld.org/parameters/4-330>		<http://ids.clld.org/values/4-330-261-1>		"-wo-"@brg	
"ampara"@ayr	<http://ids.clld.org/values/4-330-269-1>		<http://ids.clld.org/parameters/4-330>		<http://ids.clld.org/values/4-330-261-3>		"ni-'wohi-s"@brg	
"čˀiḳa"@ayr	<http://ids.clld.org/values/12-420-269-1>		<http://ids.clld.org/parameters/12-420>		<http://ids.clld.org/values/12-420-261-1>		"'sa-pi"@brg	
"uta"@ayr	<http://ids.clld.org/values/7-120-269-1>		<http://ids.clld.org/parameters/7-120>		<http://ids.clld.org/values/7-120-261-5>		"-den-pe-n"@brg	
"uta"@ayr	<http://ids.clld.org/values/7-120-269-1>		<http://ids.clld.org/parameters/7-120>		<http://ids.clld.org/values/7-120-261-3>		"-'we-ṛ̌"@brg	
"uta"@ayr	<http://ids.clld.org/values/7-120-269-1>		<http://ids.clld.org/parameters/7-120>		<http://ids.clld.org/values/7-120-261-1>		"'pa-ṛ̌i"@brg	
"ɲikˀuta"@ayr	<http://ids.clld.org/values/4-140-269-1>		<http://ids.clld.org/parameters/4-140>		<http://ids.clld.org/values/4-140-261-3>		"ni-'čahaih"@brg	
"ɲikˀuta"@ayr	<http://ids.clld.org/values/4-140-269-1>		<http://ids.clld.org/parameters/4-140>		<http://ids.clld.org/values/4-140-261-1>		"-ča-"@brg	
"awki-xaḳi"@ayr	<http://ids.clld.org/values/2-461-269-1>		<http://ids.clld.org/parameters/2-461>		<http://ids.clld.org/values/2-461-261-1>		"a'ne"@brg	
"iki-ɲa"@ayr	<http://ids.clld.org/values/4-610-269-1>		<http://ids.clld.org/parameters/4-610>		<http://ids.clld.org/values/4-610-261-3>		"-mo'ko-w"@brg	
"iki-ɲa"@ayr	<http://ids.clld.org/values/4-610-269-1>		<http://ids.clld.org/parameters/4-610>		<http://ids.clld.org/values/4-610-261-1>		"-i'mo"@brg	
"-mpi"@ayr	<http://ids.clld.org/values/17-510-269-1>		<http://ids.clld.org/parameters/17-510>		<http://ids.clld.org/values/17-510-261-1>		"ač"@brg	
"manḳʰa"@ayr	<http://ids.clld.org/values/12-50-269-1>		<http://ids.clld.org/parameters/12-50>		<http://ids.clld.org/values/12-50-261-1>		"-ye"@brg	
"ḳˀaptʰapi-ɲa"@ayr	<http://ids.clld.org/values/9-343-269-1>		<http://ids.clld.org/parameters/9-343>		<http://ids.clld.org/values/9-343-261-1>		"'ko-piti-"@brg	
"ḳˀaptʰapi-ɲa"@ayr	<http://ids.clld.org/values/9-343-269-1>		<http://ids.clld.org/parameters/9-343>		<http://ids.clld.org/values/9-343-261-3>		"su'ipistakapa"@brg	
"anča"@ayr	<http://ids.clld.org/values/13-150-269-1>		<http://ids.clld.org/parameters/13-150>		<http://ids.clld.org/values/13-150-261-1>		"mo-"@brg	
"tʰuxsa-tʰuxsa"@ayr	<http://ids.clld.org/values/8-680-269-1>		<http://ids.clld.org/parameters/8-680>		<http://ids.clld.org/values/8-680-261-1>		"son"@brg	
"xupa"@ayr	<http://ids.clld.org/values/2-930-269-1>		<http://ids.clld.org/parameters/2-930>		<http://ids.clld.org/values/2-930-261-3>		"ṛ̌i-'ti"@brg	
"xupa"@ayr	<http://ids.clld.org/values/2-930-269-1>		<http://ids.clld.org/parameters/2-930>		<http://ids.clld.org/values/2-930-261-1>		"ṛ̌o-'ti"@brg	
"urḳu"@ayr	<http://ids.clld.org/values/2-230-269-1>		<http://ids.clld.org/parameters/2-230>		<http://ids.clld.org/values/2-230-261-1>		"a'čane"@brg	
"čača"@ayr	<http://ids.clld.org/values/2-310-269-1>		<http://ids.clld.org/parameters/2-310>		<http://ids.clld.org/values/2-310-261-3>		"-emo"@brg	
"čača"@ayr	<http://ids.clld.org/values/2-310-269-1>		<http://ids.clld.org/parameters/2-310>		<http://ids.clld.org/values/2-310-261-1>		"naβi'non"@brg	
"ačači"@ayr	<http://ids.clld.org/values/14-150-269-1>		<http://ids.clld.org/parameters/14-150>		<http://ids.clld.org/values/14-150-261-1>		"či-n"@brg	
"pʰaxsi"@ayr	<http://ids.clld.org/values/1-530-269-1>		<http://ids.clld.org/parameters/1-530>		<http://ids.clld.org/values/1-530-261-1>		"ki'he-ṛ̌"@brg	
"kulʸaka"@ayr	<http://ids.clld.org/values/2-456-269-3>		<http://ids.clld.org/parameters/2-456>		<http://ids.clld.org/values/2-456-261-3>		"'mpiri"@brg	
"kulʸaka"@ayr	<http://ids.clld.org/values/2-456-269-3>		<http://ids.clld.org/parameters/2-456>		<http://ids.clld.org/values/2-456-261-1>		"-'pi-ri"@brg	
"xiwata"@ayr	<http://ids.clld.org/values/4-750-269-1>		<http://ids.clld.org/parameters/4-750>		<http://ids.clld.org/values/4-750-261-3>		"ṛ̌e'pen"@brg	
"xiwata"@ayr	<http://ids.clld.org/values/4-750-269-1>		<http://ids.clld.org/parameters/4-750>		<http://ids.clld.org/values/4-750-261-1>		"-e'pe-"@brg	
"wara-wara"@ayr	<http://ids.clld.org/values/1-540-269-1>		<http://ids.clld.org/parameters/1-540>		<http://ids.clld.org/values/1-540-261-1>		"wa'his"@brg	
"tʰaya"@ayr	<http://ids.clld.org/values/1-720-269-1>		<http://ids.clld.org/parameters/1-720>		<http://ids.clld.org/values/1-720-261-1>		"βiṛ̌"@brg	
"ḳˀilʸu"@ayr	<http://ids.clld.org/values/15-690-269-1>		<http://ids.clld.org/parameters/15-690>		<http://ids.clld.org/values/15-690-261-1>		"'ya-s-ko-"@brg	
"[turtuka]"@ayr	<http://ids.clld.org/values/3-980-269-1>		<http://ids.clld.org/parameters/3-980>		<http://ids.clld.org/values/3-980-261-1>		"so'pi-ṛ̌"@brg	
"laka"@ayr	<http://ids.clld.org/values/4-240-269-1>		<http://ids.clld.org/parameters/4-240>		<http://ids.clld.org/values/4-240-261-1>		"ni-'noki"@brg	
"tiwula"@ayr	<http://ids.clld.org/values/2-510-269-1>		<http://ids.clld.org/parameters/2-510>		<http://ids.clld.org/values/2-510-261-1>		"kik"@brg	
"kˀayra"@ayr	<http://ids.clld.org/values/3-950-269-1>		<http://ids.clld.org/parameters/3-950>		<http://ids.clld.org/values/3-950-261-1>		"si'poṛ̌i"@brg	
"čawlʸa"@ayr	<http://ids.clld.org/values/3-650-269-1>		<http://ids.clld.org/parameters/3-650>		<http://ids.clld.org/values/3-650-261-1>		"him"@brg	
"čawlʸa"@ayr	<http://ids.clld.org/values/3-650-269-1>		<http://ids.clld.org/parameters/3-650>		<http://ids.clld.org/values/3-650-261-3>		"koβes"@brg	
"xiḳˀi"@ayr	<http://ids.clld.org/values/1-830-269-1>		<http://ids.clld.org/parameters/1-830>		<http://ids.clld.org/values/1-830-261-1>		"kotiso'kon"@brg	
"piča-ɲa"@ayr	<http://ids.clld.org/values/9-370-269-1>		<http://ids.clld.org/parameters/9-370>		<http://ids.clld.org/values/9-370-261-1>		"heβi-ṛ̌"@brg	
"čara"@ayr	<http://ids.clld.org/values/4-350-269-1>		<http://ids.clld.org/parameters/4-350>		<http://ids.clld.org/values/4-350-261-1>		"ni'pes"@brg	
"kunka"@ayr	<http://ids.clld.org/values/4-280-269-1>		<http://ids.clld.org/parameters/4-280>		<http://ids.clld.org/values/4-280-261-3>		"ni-'pi-h"@brg	
"kunka"@ayr	<http://ids.clld.org/values/4-280-269-1>		<http://ids.clld.org/parameters/4-280>		<http://ids.clld.org/values/4-280-261-1>		"-pi-h"@brg	
"kunka"@ayr	<http://ids.clld.org/values/4-280-269-1>		<http://ids.clld.org/parameters/4-280>		<http://ids.clld.org/values/4-280-261-5>		"-ča'no-ki"@brg	
"čʰičʰilʸankʰa"@ayr	<http://ids.clld.org/values/3-830-269-1>		<http://ids.clld.org/parameters/3-830>		<http://ids.clld.org/values/3-830-261-1>		"-a'ro"@brg	
"manḳˀa-ɲa"@ayr	<http://ids.clld.org/values/5-110-269-1>		<http://ids.clld.org/parameters/5-110>		<http://ids.clld.org/values/5-110-261-3>		"ni-'kow"@brg	
"manḳˀa-ɲa"@ayr	<http://ids.clld.org/values/5-110-269-1>		<http://ids.clld.org/parameters/5-110>		<http://ids.clld.org/values/5-110-261-1>		"-ni-"@brg	
"xačˀa"@ayr	<http://ids.clld.org/values/12-550-269-1>		<http://ids.clld.org/parameters/12-550>		<http://ids.clld.org/values/12-550-261-1>		"čo-"@brg	
"sipita"@ayr	<http://ids.clld.org/values/20-640-269-1>		<http://ids.clld.org/parameters/20-640>		<http://ids.clld.org/values/20-640-261-1>		"siṛ̌ia'mok"@brg	
"ḳʰilʸa"@ayr	<http://ids.clld.org/values/1-840-269-1>		<http://ids.clld.org/parameters/1-840>		<http://ids.clld.org/values/1-840-261-1>		"po'ip"@brg	
"xičʰa"@ayr	<http://ids.clld.org/values/14-180-269-1>		<http://ids.clld.org/parameters/14-180>		<http://ids.clld.org/values/14-180-261-1>		"ne'ṛ̌iki"@brg	
"kˀusiwalʸu"@ayr	<http://ids.clld.org/values/3-817-269-1>		<http://ids.clld.org/parameters/3-817>		<http://ids.clld.org/values/3-817-261-1>		"ko'ši-ri"@brg	
"laḳampu"@ayr	<http://ids.clld.org/values/1-510-269-3>		<http://ids.clld.org/parameters/1-510>		<http://ids.clld.org/values/1-510-261-1>		"a'ni-ye"@brg	
"kimsa"@ayr	<http://ids.clld.org/values/13-30-269-1>		<http://ids.clld.org/parameters/13-30>		<http://ids.clld.org/values/13-30-261-1>		"m'po-n"@brg	
"uywa"@ayr	<http://ids.clld.org/values/3-110-269-1>		<http://ids.clld.org/parameters/3-110>		<http://ids.clld.org/values/3-110-261-1>		"-'per"@brg	
"xari-ɲa"@ayr	<http://ids.clld.org/values/9-360-269-1>		<http://ids.clld.org/parameters/9-360>		<http://ids.clld.org/values/9-360-261-1>		"-'sipa"@brg	
"lukˀana"@ayr	<http://ids.clld.org/values/4-340-269-1>		<http://ids.clld.org/parameters/4-340>		<http://ids.clld.org/values/4-340-261-1>		"ni-'wohis"@brg	
"maytˀasi-ɲa"@ayr	<http://ids.clld.org/values/11-620-269-1>		<http://ids.clld.org/parameters/11-620>		<http://ids.clld.org/values/11-620-261-1>		"kopo'e-"@brg	
"asiru"@ayr	<http://ids.clld.org/values/3-850-269-1>		<http://ids.clld.org/parameters/3-850>		<http://ids.clld.org/values/3-850-261-3>		"'peropi"@brg	
"asiru"@ayr	<http://ids.clld.org/values/3-850-269-1>		<http://ids.clld.org/parameters/3-850>		<http://ids.clld.org/values/3-850-261-1>		"ki'woṛ̌"@brg	
"aynača"@ayr	<http://ids.clld.org/values/12-30-269-1>		<http://ids.clld.org/parameters/12-30>		<http://ids.clld.org/values/12-30-261-3>		"poe-"@brg	
"aynača"@ayr	<http://ids.clld.org/values/12-30-269-1>		<http://ids.clld.org/parameters/12-30>		<http://ids.clld.org/values/12-30-261-1>		"pai-"@brg	
"inti"@ayr	<http://ids.clld.org/values/1-520-269-1>		<http://ids.clld.org/parameters/1-520>		<http://ids.clld.org/values/1-520-261-1>		"se-s"@brg	
"aruma"@ayr	<http://ids.clld.org/values/14-420-269-1>		<http://ids.clld.org/parameters/14-420>		<http://ids.clld.org/values/14-420-261-1>		"yoto'e-ṛ̌"@brg	
"waχra"@ayr	<http://ids.clld.org/values/4-170-269-1>		<http://ids.clld.org/parameters/4-170>		<http://ids.clld.org/values/4-170-261-1>		"e'hi"@brg	
"masi"@ayr	<http://ids.clld.org/values/19-510-269-1>		<http://ids.clld.org/parameters/19-510>		<http://ids.clld.org/values/19-510-261-1>		"ni'toṛ̌i"@brg	
"čˀuku-ɲa"@ayr	<http://ids.clld.org/values/6-350-269-1>		<http://ids.clld.org/parameters/6-350>		<http://ids.clld.org/values/6-350-261-1>		"-'po-ri-a"@brg	
"čˀuku-ɲa"@ayr	<http://ids.clld.org/values/6-350-269-1>		<http://ids.clld.org/parameters/6-350>		<http://ids.clld.org/values/6-350-261-3>		"ni-'poṛ̌ia-w"@brg	
"čˀamaka"@ayr	<http://ids.clld.org/values/1-620-269-1>		<http://ids.clld.org/parameters/1-620>		<http://ids.clld.org/values/1-620-261-3>		"ha'mo-ṛ̌e"@brg	
"čˀamaka"@ayr	<http://ids.clld.org/values/1-620-269-1>		<http://ids.clld.org/parameters/1-620>		<http://ids.clld.org/values/1-620-261-1>		"ha'moṛ̌en"@brg	
"awki"@ayr	<http://ids.clld.org/values/2-350-269-1>		<http://ids.clld.org/parameters/2-350>		<http://ids.clld.org/values/2-350-261-3>		"čač"@brg	
"awki"@ayr	<http://ids.clld.org/values/2-350-269-1>		<http://ids.clld.org/parameters/2-350>		<http://ids.clld.org/values/2-350-261-1>		"-i'a"@brg	
"awiča"@ayr	<http://ids.clld.org/values/2-470-269-1>		<http://ids.clld.org/parameters/2-470>		<http://ids.clld.org/values/2-470-261-1>		"-os"@brg	
"pʰukʰu"@ayr	<http://ids.clld.org/values/5-260-269-1>		<http://ids.clld.org/parameters/5-260>		<http://ids.clld.org/values/5-260-261-3>		"keheβi"@brg	
"pʰukʰu"@ayr	<http://ids.clld.org/values/5-260-269-1>		<http://ids.clld.org/parameters/5-260>		<http://ids.clld.org/values/5-260-261-1>		"'hopi"@brg	
"istˀa-ɲa"@ayr	<http://ids.clld.org/values/15-410-269-1>		<http://ids.clld.org/parameters/15-410>		<http://ids.clld.org/values/15-410-261-1>		"-som-"@brg	
"istˀa-ɲa"@ayr	<http://ids.clld.org/values/15-410-269-1>		<http://ids.clld.org/parameters/15-410>		<http://ids.clld.org/values/15-410-261-3>		"ṛ̌i-'somopoek"@brg	
"awkili"@ayr	<http://ids.clld.org/values/2-461-269-3>		<http://ids.clld.org/parameters/2-461>		<http://ids.clld.org/values/2-461-261-1>		"a'ne"@brg	
"laḳˀa"@ayr	<http://ids.clld.org/values/1-213-269-1>		<http://ids.clld.org/parameters/1-213>		<http://ids.clld.org/values/1-213-261-3>		"poi-p"@brg	
"laḳˀa"@ayr	<http://ids.clld.org/values/1-213-269-1>		<http://ids.clld.org/parameters/1-213>		<http://ids.clld.org/values/1-213-261-1>		"kopo'eṛ̌"@brg	
"wawa"@ayr	<http://ids.clld.org/values/2-270-269-1>		<http://ids.clld.org/parameters/2-270>		<http://ids.clld.org/values/2-270-261-1>		"mo-"@brg	
"ari"@ayr	<http://ids.clld.org/values/15-780-269-1>		<http://ids.clld.org/parameters/15-780>		<http://ids.clld.org/values/15-780-261-1>		"ko-'se-ro"@brg	
"čˀankʰa"@ayr	<http://ids.clld.org/values/6-380-269-1>		<http://ids.clld.org/parameters/6-380>		<http://ids.clld.org/values/6-380-261-1>		"kotipo'pin"@brg	
"čara"@ayr	<http://ids.clld.org/values/4-351-269-1>		<http://ids.clld.org/parameters/4-351>		<http://ids.clld.org/values/4-351-261-1>		"-pes"@brg	
"sunkʰa"@ayr	<http://ids.clld.org/values/4-142-269-1>		<http://ids.clld.org/parameters/4-142>		<http://ids.clld.org/values/4-142-261-1>		"ni-ša'won"@brg	
"pˀiḳi"@ayr	<http://ids.clld.org/values/4-200-269-1>		<http://ids.clld.org/parameters/4-200>		<http://ids.clld.org/values/4-200-261-1>		"ni-'poʔe"@brg	
"naya"@ayr	<http://ids.clld.org/values/2-910-269-1>		<http://ids.clld.org/parameters/2-910>		<http://ids.clld.org/values/2-910-261-3>		"n-ti"@brg	
"naya"@ayr	<http://ids.clld.org/values/2-910-269-1>		<http://ids.clld.org/parameters/2-910>		<http://ids.clld.org/values/2-910-261-1>		"ni-"@brg	
"tʰakʰi"@ayr	<http://ids.clld.org/values/10-720-269-1>		<http://ids.clld.org/parameters/10-720>		<http://ids.clld.org/values/10-720-261-1>		"ša'no-ki"@brg	
"xupanaka"@ayr	<http://ids.clld.org/values/2-960-269-1>		<http://ids.clld.org/parameters/2-960>		<http://ids.clld.org/values/2-960-261-1>		"no-'ti"@brg	
"sa-ɲa"@ayr	<http://ids.clld.org/values/18-220-269-1>		<http://ids.clld.org/parameters/18-220>		<http://ids.clld.org/values/18-220-261-1>		"'k-ičo"@brg	
"kayu"@ayr	<http://ids.clld.org/values/4-370-269-1>		<http://ids.clld.org/parameters/4-370>		<http://ids.clld.org/values/4-370-261-1>		"ni'poih"@brg	
"kˀilʸima"@ayr	<http://ids.clld.org/values/1-890-269-1>		<http://ids.clld.org/parameters/1-890>		<http://ids.clld.org/values/1-890-261-1>		"emones"@brg	
"warmi"@ayr	<http://ids.clld.org/values/2-320-269-1>		<http://ids.clld.org/parameters/2-320>		<http://ids.clld.org/values/2-320-261-1>		"ne-'yon"@brg	
"muxlʸi"@ayr	<http://ids.clld.org/values/4-320-269-1>		<http://ids.clld.org/parameters/4-320>		<http://ids.clld.org/values/4-320-261-1>		"nito'taki"@brg	
"xila"@ayr	<http://ids.clld.org/values/2-440-269-1>		<http://ids.clld.org/parameters/2-440>		<http://ids.clld.org/values/2-440-261-1>		"ni'piri"@brg	
"xila"@ayr	<http://ids.clld.org/values/2-440-269-1>		<http://ids.clld.org/parameters/2-440>		<http://ids.clld.org/values/2-440-261-3>		"ni'ay"@brg	
"čˀumi"@ayr	<http://ids.clld.org/values/1-410-269-1>		<http://ids.clld.org/parameters/1-410>		<http://ids.clld.org/values/1-410-261-1>		"kaki'woko-ye"@brg	
"kalʸači"@ayr	<http://ids.clld.org/values/4-300-269-1>		<http://ids.clld.org/parameters/4-300>		<http://ids.clld.org/values/4-300-261-3>		"-'powos"@brg	
"kalʸači"@ayr	<http://ids.clld.org/values/4-300-269-1>		<http://ids.clld.org/parameters/4-300>		<http://ids.clld.org/values/4-300-261-1>		"ni-'powosi"@brg	
"apa-ɲa"@ayr	<http://ids.clld.org/values/10-610-269-1>		<http://ids.clld.org/parameters/10-610>		<http://ids.clld.org/values/10-610-261-1>		"nam"@brg	
"kˀača"@ayr	<http://ids.clld.org/values/16-810-269-1>		<http://ids.clld.org/parameters/16-810>		<http://ids.clld.org/values/16-810-261-1>		"'monikowapa"@brg	
"čilʸḳi-ɲa"@ayr	<http://ids.clld.org/values/10-450-269-3>		<http://ids.clld.org/parameters/10-450>		<http://ids.clld.org/values/10-450-261-1>		"-yo'no"@brg	
"čuyma"@ayr	<http://ids.clld.org/values/4-441-269-1>		<http://ids.clld.org/parameters/4-441>		<http://ids.clld.org/values/4-441-261-1>		"ta'ha"@brg	
"laka čˀakʰa"@ayr	<http://ids.clld.org/values/4-270-269-1>		<http://ids.clld.org/parameters/4-270>		<http://ids.clld.org/values/4-270-261-1>		"ni-'se-ṛ̌"@brg	
"xaḳi"@ayr	<http://ids.clld.org/values/2-100-269-1>		<http://ids.clld.org/parameters/2-100>		<http://ids.clld.org/values/2-100-261-1>		"'či-n-ti"@brg	
"xaḳi"@ayr	<http://ids.clld.org/values/2-100-269-1>		<http://ids.clld.org/parameters/2-100>		<http://ids.clld.org/values/2-100-261-3>		"čonoe-"@brg	
"liḳˀi-ɲa"@ayr	<http://ids.clld.org/values/9-210-269-1>		<http://ids.clld.org/parameters/9-210>		<http://ids.clld.org/values/9-210-261-1>		"nesta'kaβiyar"@brg	
"nanaka"@ayr	<http://ids.clld.org/values/2-940-269-1>		<http://ids.clld.org/parameters/2-940>		<http://ids.clld.org/values/2-940-261-1>		"βi-'ti"@brg	
"ḳulʸa"@ayr	<http://ids.clld.org/values/4-880-269-1>		<http://ids.clld.org/parameters/4-880>		<http://ids.clld.org/values/4-880-261-1>		"we'ṛ̌ok"@brg	
"wilʸka"@ayr	<http://ids.clld.org/values/1-520-269-3>		<http://ids.clld.org/parameters/1-520>		<http://ids.clld.org/values/1-520-261-1>		"se-s"@brg	
"xikxata-ɲa (?)"@ayr	<http://ids.clld.org/values/10-550-269-1>		<http://ids.clld.org/parameters/10-550>		<http://ids.clld.org/values/10-550-261-1>		"to biši'moč"@brg	
"xiskˀa"@ayr	<http://ids.clld.org/values/12-560-269-1>		<http://ids.clld.org/parameters/12-560>		<http://ids.clld.org/values/12-560-261-5>		"ti'ʔa-ci"@brg	
"xiskˀa"@ayr	<http://ids.clld.org/values/12-560-269-1>		<http://ids.clld.org/parameters/12-560>		<http://ids.clld.org/values/12-560-261-3>		"'mičokiṛ̌i"@brg	
"xiskˀa"@ayr	<http://ids.clld.org/values/12-560-269-1>		<http://ids.clld.org/parameters/12-560>		<http://ids.clld.org/values/12-560-261-1>		"-či"@brg	
"čˀakʰa"@ayr	<http://ids.clld.org/values/4-160-269-1>		<http://ids.clld.org/parameters/4-160>		<http://ids.clld.org/values/4-160-261-1>		"-'opi"@brg	
"lipˀiči"@ayr	<http://ids.clld.org/values/6-280-269-1>		<http://ids.clld.org/parameters/6-280>		<http://ids.clld.org/values/6-280-261-1>		"-ša"@brg	
"pʰuḳa"@ayr	<http://ids.clld.org/values/13-210-269-1>		<http://ids.clld.org/parameters/13-210>		<http://ids.clld.org/values/13-210-261-1>		"'ačokon"@brg	
"wayrunḳu"@ayr	<http://ids.clld.org/values/3-820-269-1>		<http://ids.clld.org/parameters/3-820>		<http://ids.clld.org/values/3-820-261-1>		"yomo'ep"@brg	
"isi"@ayr	<http://ids.clld.org/values/6-120-269-1>		<http://ids.clld.org/parameters/6-120>		<http://ids.clld.org/values/6-120-261-1>		"ra'roni"@brg	
"yampu"@ayr	<http://ids.clld.org/values/10-831-269-1>		<http://ids.clld.org/parameters/10-831>		<http://ids.clld.org/values/10-831-261-1>		"ya'šoṛ̌"@brg	
"yampu"@ayr	<http://ids.clld.org/values/10-831-269-1>		<http://ids.clld.org/parameters/10-831>		<http://ids.clld.org/values/10-831-261-3>		"pkore"@brg	
"warmi"@ayr	<http://ids.clld.org/values/2-220-269-1>		<http://ids.clld.org/parameters/2-220>		<http://ids.clld.org/values/2-220-261-1>		"e'ton"@brg	
"čača"@ayr	<http://ids.clld.org/values/2-210-269-1>		<http://ids.clld.org/parameters/2-210>		<http://ids.clld.org/values/2-210-261-1>		"hi-ṛ̌"@brg	
"kawkinsa"@ayr	<http://ids.clld.org/values/17-660-269-1>		<http://ids.clld.org/parameters/17-660>		<http://ids.clld.org/values/17-660-261-3>		"ṛ̌a'βiyowon?"@brg	
"kawkinsa"@ayr	<http://ids.clld.org/values/17-660-269-1>		<http://ids.clld.org/parameters/17-660>		<http://ids.clld.org/values/17-660-261-1>		"oypoka"@brg	
"amta"@ayr	<http://ids.clld.org/values/12-80-269-1>		<http://ids.clld.org/parameters/12-80>		<http://ids.clld.org/values/12-80-261-1>		"a'ni-ye"@brg	
"uraḳi"@ayr	<http://ids.clld.org/values/1-210-269-1>		<http://ids.clld.org/parameters/1-210>		<http://ids.clld.org/values/1-210-261-1>		"po'ewok"@brg	
"muχsaaču"@ayr	<http://ids.clld.org/values/5-710-269-1>		<http://ids.clld.org/parameters/5-710>		<http://ids.clld.org/values/5-710-261-1>		"-i"@brg	
