"čʰiwčʰi"@ayr	<http://ids.clld.org/values/3-550-269-1>		<http://ids.clld.org/parameters/3-550>		<http://ids.clld.org/values/3-550-280-1>		"pati'aři"@pcp	
"uɲačtˀaya-ɲa"@ayr	<http://ids.clld.org/values/15-550-269-1>		<http://ids.clld.org/parameters/15-550>		<http://ids.clld.org/values/15-550-280-1>		"hi-'maki"@pcp	
"yuka"@ayr	<http://ids.clld.org/values/8-920-269-1>		<http://ids.clld.org/parameters/8-920>		<http://ids.clld.org/values/8-920-280-1>		"'ac̷a"@pcp	
"yapu"@ayr	<http://ids.clld.org/values/8-120-269-1>		<http://ids.clld.org/parameters/8-120>		<http://ids.clld.org/values/8-120-280-1>		"'wai"@pcp	
"kʰarxa-ɲa"@ayr	<http://ids.clld.org/values/9-220-269-1>		<http://ids.clld.org/parameters/9-220>		<http://ids.clld.org/values/9-220-280-1>		"'kɨɨsakia"@pcp	
"kˀiwča"@ayr	<http://ids.clld.org/values/4-450-269-1>		<http://ids.clld.org/parameters/4-450>		<http://ids.clld.org/values/4-450-280-1>		"'taka"@pcp	
"[ača]"@ayr	<http://ids.clld.org/values/9-250-269-1>		<http://ids.clld.org/parameters/9-250>		<http://ids.clld.org/values/9-250-280-1>		"[hača]"@pcp	
"lʸika"@ayr	<http://ids.clld.org/values/9-780-269-1>		<http://ids.clld.org/parameters/9-780>		<http://ids.clld.org/values/9-780-280-1>		"'sota"@pcp	
"walʸḳa"@ayr	<http://ids.clld.org/values/6-760-269-1>		<http://ids.clld.org/parameters/6-760>		<http://ids.clld.org/values/6-760-280-1>		"'kisi"@pcp	
"xanḳˀu"@ayr	<http://ids.clld.org/values/15-640-269-1>		<http://ids.clld.org/parameters/15-640>		<http://ids.clld.org/values/15-640-280-1>		"'hoṣ̌o"@pcp	
"nasa"@ayr	<http://ids.clld.org/values/4-230-269-1>		<http://ids.clld.org/parameters/4-230>		<http://ids.clld.org/values/4-230-280-1>		"řɨ'kina"@pcp	
"tayka"@ayr	<http://ids.clld.org/values/2-360-269-1>		<http://ids.clld.org/parameters/2-360>		<http://ids.clld.org/values/2-360-280-1>		"'kai"@pcp	
"laχra"@ayr	<http://ids.clld.org/values/4-260-269-1>		<http://ids.clld.org/parameters/4-260>		<http://ids.clld.org/values/4-260-280-1>		"'hana"@pcp	
"ḳuḳa"@ayr	<http://ids.clld.org/values/1-420-269-1>		<http://ids.clld.org/parameters/1-420>		<http://ids.clld.org/values/1-420-280-1>		"'hiwi"@pcp	
"uru"@ayr	<http://ids.clld.org/values/14-410-269-1>		<http://ids.clld.org/parameters/14-410>		<http://ids.clld.org/values/14-410-280-1>		"'waři"@pcp	
"ḳʰiya"@ayr	<http://ids.clld.org/values/6-240-269-1>		<http://ids.clld.org/parameters/6-240>		<http://ids.clld.org/values/6-240-280-1>		"waṣ̌'mɨna"@pcp	
"lapʰi"@ayr	<http://ids.clld.org/values/8-560-269-1>		<http://ids.clld.org/parameters/8-560>		<http://ids.clld.org/values/8-560-280-1>		"'pɨʔi"@pcp	
"saḳaɲa"@ayr	<http://ids.clld.org/values/9-780-269-3>		<http://ids.clld.org/parameters/9-780>		<http://ids.clld.org/values/9-780-280-1>		"'sota"@pcp	
"ali"@ayr	<http://ids.clld.org/values/1-420-269-3>		<http://ids.clld.org/parameters/1-420>		<http://ids.clld.org/values/1-420-280-1>		"'hiwi"@pcp	
"nayra"@ayr	<http://ids.clld.org/values/4-210-269-1>		<http://ids.clld.org/parameters/4-210>		<http://ids.clld.org/values/4-210-280-1>		"'wɨřo"@pcp	
"wawa"@ayr	<http://ids.clld.org/values/2-280-269-1>		<http://ids.clld.org/parameters/2-280>		<http://ids.clld.org/values/2-280-280-1>		"'wakɨ 'pistia"@pcp	
"nina"@ayr	<http://ids.clld.org/values/1-810-269-1>		<http://ids.clld.org/parameters/1-810>		<http://ids.clld.org/values/1-810-280-1>		"'čiʔi"@pcp	
"xalʸu"@ayr	<http://ids.clld.org/values/1-750-269-1>		<http://ids.clld.org/parameters/1-750>		<http://ids.clld.org/values/1-750-280-3>		"ʔo'i"@pcp	
"xalʸu"@ayr	<http://ids.clld.org/values/1-750-269-1>		<http://ids.clld.org/parameters/1-750>		<http://ids.clld.org/values/1-750-280-1>		"o'i"@pcp	
"tata"@ayr	<http://ids.clld.org/values/2-350-269-3>		<http://ids.clld.org/parameters/2-350>		<http://ids.clld.org/values/2-350-280-1>		"'ɨpa"@pcp	
"tata"@ayr	<http://ids.clld.org/values/2-350-269-3>		<http://ids.clld.org/parameters/2-350>		<http://ids.clld.org/values/2-350-280-3>		"'ʔɨpa"@pcp	
"čˀuspi"@ayr	<http://ids.clld.org/values/3-831-269-1>		<http://ids.clld.org/parameters/3-831>		<http://ids.clld.org/values/3-831-280-1>		"'šio"@pcp	
"čˀuspi"@ayr	<http://ids.clld.org/values/3-831-269-1>		<http://ids.clld.org/parameters/3-831>		<http://ids.clld.org/values/3-831-280-3>		"'čio"@pcp	
"xatʰi"@ayr	<http://ids.clld.org/values/15-810-269-1>		<http://ids.clld.org/parameters/15-810>		<http://ids.clld.org/values/15-810-280-1>		"'iwɨ"@pcp	
"lipˀiči"@ayr	<http://ids.clld.org/values/4-120-269-1>		<http://ids.clld.org/parameters/4-120>		<http://ids.clld.org/values/4-120-280-1>		"'wiči"@pcp	
"pankataya"@ayr	<http://ids.clld.org/values/3-823-269-1>		<http://ids.clld.org/parameters/3-823>		<http://ids.clld.org/values/3-823-280-1>		"'wina"@pcp	
"xawira"@ayr	<http://ids.clld.org/values/1-360-269-1>		<http://ids.clld.org/parameters/1-360>		<http://ids.clld.org/values/1-360-280-1>		"'ʔani"@pcp	
"xawira"@ayr	<http://ids.clld.org/values/1-360-269-1>		<http://ids.clld.org/parameters/1-360>		<http://ids.clld.org/values/1-360-280-3>		"'pao"@pcp	
"alax-pača"@ayr	<http://ids.clld.org/values/1-510-269-1>		<http://ids.clld.org/parameters/1-510>		<http://ids.clld.org/values/1-510-280-1>		"na'ipa"@pcp	
"wiska"@ayr	<http://ids.clld.org/values/9-190-269-1>		<http://ids.clld.org/parameters/9-190>		<http://ids.clld.org/values/9-190-280-1>		"'taška"@pcp	
"paya"@ayr	<http://ids.clld.org/values/13-20-269-1>		<http://ids.clld.org/parameters/13-20>		<http://ids.clld.org/values/13-20-280-1>		"ra'wɨ"@pcp	
"siwiḳˀara"@ayr	<http://ids.clld.org/values/3-586-269-1>		<http://ids.clld.org/parameters/3-586>		<http://ids.clld.org/values/3-586-280-1>		"po'iko"@pcp	
"xinču"@ayr	<http://ids.clld.org/values/4-220-269-1>		<http://ids.clld.org/parameters/4-220>		<http://ids.clld.org/values/4-220-280-1>		"'paʔoki"@pcp	
"xaya"@ayr	<http://ids.clld.org/values/12-440-269-1>		<http://ids.clld.org/parameters/12-440>		<http://ids.clld.org/values/12-440-280-1>		"nɨ'ama"@pcp	
"sapʰi"@ayr	<http://ids.clld.org/values/8-540-269-1>		<http://ids.clld.org/parameters/8-540>		<http://ids.clld.org/values/8-540-280-1>		"ta'pono"@pcp	
"manḳˀata awtxaɲa"@ayr	<http://ids.clld.org/values/5-140-269-1>		<http://ids.clld.org/parameters/5-140>		<http://ids.clld.org/values/5-140-280-1>		"paṣ̌na'hai"@pcp	
"ḳuḳa"@ayr	<http://ids.clld.org/values/8-600-269-1>		<http://ids.clld.org/parameters/8-600>		<http://ids.clld.org/values/8-600-280-1>		"'hiwi"@pcp	
"uma"@ayr	<http://ids.clld.org/values/1-310-269-1>		<http://ids.clld.org/parameters/1-310>		<http://ids.clld.org/values/1-310-280-1>		"'hɨnɨ"@pcp	
"čˀusiḳa"@ayr	<http://ids.clld.org/values/3-596-269-1>		<http://ids.clld.org/parameters/3-596>		<http://ids.clld.org/values/3-596-280-1>		"'popo"@pcp	
"tapa"@ayr	<http://ids.clld.org/values/3-580-269-1>		<http://ids.clld.org/parameters/3-580>		<http://ids.clld.org/values/3-580-280-1>		"'naʔa"@pcp	
"kʰučxa-ɲa"@ayr	<http://ids.clld.org/values/9-220-269-3>		<http://ids.clld.org/parameters/9-220>		<http://ids.clld.org/values/9-220-280-1>		"'kɨɨsakia"@pcp	
"lʸuḳu"@ayr	<http://ids.clld.org/values/4-440-269-1>		<http://ids.clld.org/parameters/4-440>		<http://ids.clld.org/values/4-440-280-1>		"howi'ti"@pcp	
"wila"@ayr	<http://ids.clld.org/values/4-150-269-1>		<http://ids.clld.org/parameters/4-150>		<http://ids.clld.org/values/4-150-280-1>		"'himi"@pcp	
"pʰaya-ɲa-lawa"@ayr	<http://ids.clld.org/values/1-880-269-1>		<http://ids.clld.org/parameters/1-880>		<http://ids.clld.org/values/1-880-280-1>		"'kařo"@pcp	
"čupika"@ayr	<http://ids.clld.org/values/15-660-269-1>		<http://ids.clld.org/parameters/15-660>		<http://ids.clld.org/values/15-660-280-1>		"'šini"@pcp	
"xakˀu"@ayr	<http://ids.clld.org/values/5-550-269-1>		<http://ids.clld.org/parameters/5-550>		<http://ids.clld.org/values/5-550-280-1>		"'moto"@pcp	
"mama"@ayr	<http://ids.clld.org/values/2-360-269-3>		<http://ids.clld.org/parameters/2-360>		<http://ids.clld.org/values/2-360-280-1>		"'kai"@pcp	
"tunḳu"@ayr	<http://ids.clld.org/values/8-470-269-1>		<http://ids.clld.org/parameters/8-470>		<http://ids.clld.org/values/8-470-280-1>		"'ṣ̌ɨki"@pcp	
"ampara"@ayr	<http://ids.clld.org/values/4-310-269-1>		<http://ids.clld.org/parameters/4-310>		<http://ids.clld.org/values/4-310-280-1>		"po'yana"@pcp	
"ampara"@ayr	<http://ids.clld.org/values/4-330-269-1>		<http://ids.clld.org/parameters/4-330>		<http://ids.clld.org/values/4-330-280-1>		"mɨ'kɨna"@pcp	
"uta"@ayr	<http://ids.clld.org/values/7-120-269-1>		<http://ids.clld.org/parameters/7-120>		<http://ids.clld.org/values/7-120-280-1>		"'ṣ̌owo"@pcp	
"ɲikˀuta"@ayr	<http://ids.clld.org/values/4-140-269-1>		<http://ids.clld.org/parameters/4-140>		<http://ids.clld.org/values/4-140-280-1>		"'woo"@pcp	
"taruka"@ayr	<http://ids.clld.org/values/3-750-269-1>		<http://ids.clld.org/parameters/3-750>		<http://ids.clld.org/values/3-750-280-1>		"'čaṣ̌o"@pcp	
"lura-ɲa"@ayr	<http://ids.clld.org/values/9-110-269-1>		<http://ids.clld.org/parameters/9-110>		<http://ids.clld.org/values/9-110-280-1>		"i'wɨ"@pcp	
"uɲxa-ɲa"@ayr	<http://ids.clld.org/values/15-510-269-1>		<http://ids.clld.org/parameters/15-510>		<http://ids.clld.org/values/15-510-280-1>		"his'pa"@pcp	
"uɲxa-ɲa"@ayr	<http://ids.clld.org/values/15-510-269-1>		<http://ids.clld.org/parameters/15-510>		<http://ids.clld.org/values/15-510-280-3>		"'hisna"@pcp	
"xupa"@ayr	<http://ids.clld.org/values/2-930-269-1>		<http://ids.clld.org/parameters/2-930>		<http://ids.clld.org/values/2-930-280-1>		"'haa"@pcp	
"čača"@ayr	<http://ids.clld.org/values/2-310-269-1>		<http://ids.clld.org/parameters/2-310>		<http://ids.clld.org/values/2-310-280-1>		"'wɨnɨ"@pcp	
"pʰaxsi"@ayr	<http://ids.clld.org/values/1-530-269-1>		<http://ids.clld.org/parameters/1-530>		<http://ids.clld.org/values/1-530-280-1>		"'ʔoṣ̌ɨ"@pcp	
"ḳaḳa"@ayr	<http://ids.clld.org/values/12-850-269-3>		<http://ids.clld.org/parameters/12-850>		<http://ids.clld.org/values/12-850-280-1>		"'kini"@pcp	
"wara-wara"@ayr	<http://ids.clld.org/values/1-540-269-1>		<http://ids.clld.org/parameters/1-540>		<http://ids.clld.org/values/1-540-280-1>		"'wištima"@pcp	
"panḳara"@ayr	<http://ids.clld.org/values/8-570-269-1>		<http://ids.clld.org/parameters/8-570>		<http://ids.clld.org/values/8-570-280-3>		"řeṣ̌'pana"@pcp	
"panḳara"@ayr	<http://ids.clld.org/values/8-570-269-1>		<http://ids.clld.org/parameters/8-570>		<http://ids.clld.org/values/8-570-280-1>		"'hoa"@pcp	
"[turtuka]"@ayr	<http://ids.clld.org/values/3-980-269-1>		<http://ids.clld.org/parameters/3-980>		<http://ids.clld.org/values/3-980-280-1>		"'ṣ̌awɨ"@pcp	
"xalxa-ɲa"@ayr	<http://ids.clld.org/values/9-270-269-1>		<http://ids.clld.org/parameters/9-270>		<http://ids.clld.org/values/9-270-280-1>		"ma'tošmaki"@pcp	
"laka"@ayr	<http://ids.clld.org/values/4-240-269-1>		<http://ids.clld.org/parameters/4-240>		<http://ids.clld.org/values/4-240-280-1>		"kɨ'wɨči"@pcp	
"kˀayra"@ayr	<http://ids.clld.org/values/3-950-269-1>		<http://ids.clld.org/parameters/3-950>		<http://ids.clld.org/values/3-950-280-1>		"wɨṣ̌ko"@pcp	
"čawlʸa"@ayr	<http://ids.clld.org/values/3-650-269-1>		<http://ids.clld.org/parameters/3-650>		<http://ids.clld.org/values/3-650-280-3>		"'woɨ"@pcp	
"čawlʸa"@ayr	<http://ids.clld.org/values/3-650-269-1>		<http://ids.clld.org/parameters/3-650>		<http://ids.clld.org/values/3-650-280-1>		"sa'nino"@pcp	
"xiḳˀi"@ayr	<http://ids.clld.org/values/1-830-269-1>		<http://ids.clld.org/parameters/1-830>		<http://ids.clld.org/values/1-830-280-1>		"ko'ʔina"@pcp	
"čara"@ayr	<http://ids.clld.org/values/4-350-269-1>		<http://ids.clld.org/parameters/4-350>		<http://ids.clld.org/values/4-350-280-1>		"'wiko"@pcp	
"ḳʰilʸa"@ayr	<http://ids.clld.org/values/1-840-269-1>		<http://ids.clld.org/parameters/1-840>		<http://ids.clld.org/values/1-840-280-1>		"'mišpo"@pcp	
"laḳampu"@ayr	<http://ids.clld.org/values/1-510-269-3>		<http://ids.clld.org/parameters/1-510>		<http://ids.clld.org/values/1-510-280-1>		"na'ipa"@pcp	
"xari-ɲa"@ayr	<http://ids.clld.org/values/9-360-269-1>		<http://ids.clld.org/parameters/9-360>		<http://ids.clld.org/values/9-360-280-1>		"'aši"@pcp	
"inti"@ayr	<http://ids.clld.org/values/1-520-269-1>		<http://ids.clld.org/parameters/1-520>		<http://ids.clld.org/values/1-520-280-1>		"'waři"@pcp	
"pˀiya"@ayr	<http://ids.clld.org/values/12-850-269-1>		<http://ids.clld.org/parameters/12-850>		<http://ids.clld.org/values/12-850-280-1>		"'kini"@pcp	
"awki"@ayr	<http://ids.clld.org/values/2-350-269-1>		<http://ids.clld.org/parameters/2-350>		<http://ids.clld.org/values/2-350-280-1>		"'ɨpa"@pcp	
"awki"@ayr	<http://ids.clld.org/values/2-350-269-1>		<http://ids.clld.org/parameters/2-350>		<http://ids.clld.org/values/2-350-280-3>		"'ʔɨpa"@pcp	
"[mixilʸa]"@ayr	<http://ids.clld.org/values/4-208-269-1>		<http://ids.clld.org/parameters/4-208>		<http://ids.clld.org/values/4-208-280-1>		"'tamo"@pcp	
"ḳinaya"@ayr	<http://ids.clld.org/values/1-730-269-1>		<http://ids.clld.org/parameters/1-730>		<http://ids.clld.org/values/1-730-280-1>		"'c̷ɨmo"@pcp	
"kˀawna"@ayr	<http://ids.clld.org/values/5-970-269-1>		<http://ids.clld.org/parameters/5-970>		<http://ids.clld.org/values/5-970-280-1>		"'wači"@pcp	
"ari"@ayr	<http://ids.clld.org/values/15-780-269-1>		<http://ids.clld.org/parameters/15-780>		<http://ids.clld.org/values/15-780-280-1>		"'ɨika"@pcp	
"sunkʰa"@ayr	<http://ids.clld.org/values/4-142-269-1>		<http://ids.clld.org/parameters/4-142>		<http://ids.clld.org/values/4-142-280-1>		"'kɨni"@pcp	
"pˀiḳi"@ayr	<http://ids.clld.org/values/4-200-269-1>		<http://ids.clld.org/parameters/4-200>		<http://ids.clld.org/values/4-200-280-1>		"'mapo"@pcp	
"naya"@ayr	<http://ids.clld.org/values/2-910-269-1>		<http://ids.clld.org/parameters/2-910>		<http://ids.clld.org/values/2-910-280-1>		"'ɨa"@pcp	
"laḳˀu"@ayr	<http://ids.clld.org/values/3-810-269-1>		<http://ids.clld.org/parameters/3-810>		<http://ids.clld.org/values/3-810-280-1>		"wɨ'oso"@pcp	
"kayu"@ayr	<http://ids.clld.org/values/4-370-269-1>		<http://ids.clld.org/parameters/4-370>		<http://ids.clld.org/values/4-370-280-1>		"'taʔɨ"@pcp	
"warmi"@ayr	<http://ids.clld.org/values/2-320-269-1>		<http://ids.clld.org/parameters/2-320>		<http://ids.clld.org/values/2-320-280-1>		"ʔa'wini"@pcp	
"xamačˀi"@ayr	<http://ids.clld.org/values/3-581-269-1>		<http://ids.clld.org/parameters/3-581>		<http://ids.clld.org/values/3-581-280-1>		"'isko"@pcp	
"čuyma"@ayr	<http://ids.clld.org/values/4-441-269-1>		<http://ids.clld.org/parameters/4-441>		<http://ids.clld.org/values/4-441-280-1>		"'taṣ̌a"@pcp	
"laka čˀakʰa"@ayr	<http://ids.clld.org/values/4-270-269-1>		<http://ids.clld.org/parameters/4-270>		<http://ids.clld.org/values/4-270-280-1>		"'ṣ̌ɨna"@pcp	
"wilʸka"@ayr	<http://ids.clld.org/values/1-520-269-3>		<http://ids.clld.org/parameters/1-520>		<http://ids.clld.org/values/1-520-280-1>		"'waři"@pcp	
"kˀalʸa"@ayr	<http://ids.clld.org/values/3-592-269-1>		<http://ids.clld.org/parameters/3-592>		<http://ids.clld.org/values/3-592-280-1>		"'wawa"@pcp	
"xiskˀa"@ayr	<http://ids.clld.org/values/12-560-269-1>		<http://ids.clld.org/parameters/12-560>		<http://ids.clld.org/values/12-560-280-1>		"'mišni"@pcp	
"čˀakʰa"@ayr	<http://ids.clld.org/values/4-160-269-1>		<http://ids.clld.org/parameters/4-160>		<http://ids.clld.org/values/4-160-280-1>		"'ṣ̌ao"@pcp	
"yampu"@ayr	<http://ids.clld.org/values/10-831-269-1>		<http://ids.clld.org/parameters/10-831>		<http://ids.clld.org/values/10-831-280-1>		"'noti"@pcp	
"warmi"@ayr	<http://ids.clld.org/values/2-220-269-1>		<http://ids.clld.org/parameters/2-220>		<http://ids.clld.org/values/2-220-280-1>		"'yoṣ̌a"@pcp	
"čača"@ayr	<http://ids.clld.org/values/2-210-269-1>		<http://ids.clld.org/parameters/2-210>		<http://ids.clld.org/values/2-210-280-1>		"'honi"@pcp	
"uraḳi"@ayr	<http://ids.clld.org/values/1-210-269-1>		<http://ids.clld.org/parameters/1-210>		<http://ids.clld.org/values/1-210-280-1>		"'mai"@pcp	
"muχsa"@ayr	<http://ids.clld.org/values/15-350-269-1>		<http://ids.clld.org/parameters/15-350>		<http://ids.clld.org/values/15-350-280-1>		"tɨ'ɨ"@pcp	
"muχsaaču"@ayr	<http://ids.clld.org/values/5-710-269-1>		<http://ids.clld.org/parameters/5-710>		<http://ids.clld.org/values/5-710-280-1>		"'kɨo"@pcp	
