"ednó"@bg	<http://ids.clld.org/values/13-10-200-3>		<http://ids.clld.org/parameters/13-10>		<http://ids.clld.org/values/13-10-261-1>		"po'noš"@brg	
"óbič"@bg	<http://ids.clld.org/values/16-270-200-3>		<http://ids.clld.org/parameters/16-270>		<http://ids.clld.org/values/16-270-261-3>		"ememna'reko"@brg	
"óbič"@bg	<http://ids.clld.org/values/16-270-200-3>		<http://ids.clld.org/parameters/16-270>		<http://ids.clld.org/values/16-270-261-1>		"-'emo-ni"@brg	
"nogá"@bg	<http://ids.clld.org/values/4-350-200-3>		<http://ids.clld.org/parameters/4-350>		<http://ids.clld.org/values/4-350-261-1>		"ni'pes"@brg	
"róg"@bg	<http://ids.clld.org/values/4-170-200-1>		<http://ids.clld.org/parameters/4-170>		<http://ids.clld.org/values/4-170-261-1>		"e'hi"@brg	
"kədé?"@bg	<http://ids.clld.org/values/17-660-200-1>		<http://ids.clld.org/parameters/17-660>		<http://ids.clld.org/values/17-660-261-3>		"ṛ̌a'βiyowon?"@brg	
"kədé?"@bg	<http://ids.clld.org/values/17-660-200-1>		<http://ids.clld.org/parameters/17-660>		<http://ids.clld.org/values/17-660-261-1>		"oypoka"@brg	
"bradá"@bg	<http://ids.clld.org/values/4-142-200-1>		<http://ids.clld.org/parameters/4-142>		<http://ids.clld.org/values/4-142-261-1>		"ni-ša'won"@brg	
"tə́st"@bg	<http://ids.clld.org/values/2-610-200-1>		<http://ids.clld.org/parameters/2-610>		<http://ids.clld.org/values/2-610-261-1>		"nimo'šok"@brg	
"kázvam/ káža"@bg	<http://ids.clld.org/values/18-220-200-1>		<http://ids.clld.org/parameters/18-220>		<http://ids.clld.org/values/18-220-261-1>		"'k-ičo"@brg	
"údrjam/ udárja"@bg	<http://ids.clld.org/values/9-210-200-1>		<http://ids.clld.org/parameters/9-210>		<http://ids.clld.org/values/9-210-261-1>		"nesta'kaβiyar"@brg	
"zə́b"@bg	<http://ids.clld.org/values/4-270-200-1>		<http://ids.clld.org/parameters/4-270>		<http://ids.clld.org/values/4-270-261-1>		"ni-'se-ṛ̌"@brg	
"krák"@bg	<http://ids.clld.org/values/4-370-200-1>		<http://ids.clld.org/parameters/4-370>		<http://ids.clld.org/values/4-370-261-1>		"ni'poih"@brg	
"neobxodímost"@bg	<http://ids.clld.org/values/17-450-200-3>		<http://ids.clld.org/parameters/17-450>		<http://ids.clld.org/values/17-450-261-1>		"ni'kamoseṛ̌ow"@brg	
"ógən"@bg	<http://ids.clld.org/values/1-810-200-1>		<http://ids.clld.org/parameters/1-810>		<http://ids.clld.org/values/1-810-261-1>		"'ya-ki"@brg	
"[kordéla]"@bg	<http://ids.clld.org/values/6-780-200-3>		<http://ids.clld.org/parameters/6-780>		<http://ids.clld.org/values/6-780-261-1>		"šo'me"@brg	
"[tjutjún]"@bg	<http://ids.clld.org/values/8-680-200-1>		<http://ids.clld.org/parameters/8-680>		<http://ids.clld.org/values/8-680-261-1>		"son"@brg	
"də́rveni və́glišta"@bg	<http://ids.clld.org/values/1-890-200-1>		<http://ids.clld.org/parameters/1-890>		<http://ids.clld.org/values/1-890-261-1>		"emones"@brg	
"sestrá"@bg	<http://ids.clld.org/values/2-450-200-1>		<http://ids.clld.org/parameters/2-450>		<http://ids.clld.org/values/2-450-261-3>		"'n-eta"@brg	
"sestrá"@bg	<http://ids.clld.org/values/2-450-200-1>		<http://ids.clld.org/parameters/2-450>		<http://ids.clld.org/values/2-450-261-1>		"ni-'piṛ̌i"@brg	
"peró"@bg	<http://ids.clld.org/values/4-393-200-1>		<http://ids.clld.org/parameters/4-393>		<http://ids.clld.org/values/4-393-261-1>		"e'sis"@brg	
"bjál"@bg	<http://ids.clld.org/values/15-640-200-1>		<http://ids.clld.org/parameters/15-640>		<http://ids.clld.org/values/15-640-261-1>		"kotipo'pin"@brg	
"xodílo"@bg	<http://ids.clld.org/values/4-370-200-7>		<http://ids.clld.org/parameters/4-370>		<http://ids.clld.org/values/4-370-261-1>		"ni'poih"@brg	
"sledóbed"@bg	<http://ids.clld.org/values/14-451-200-1>		<http://ids.clld.org/parameters/14-451>		<http://ids.clld.org/values/14-451-261-1>		"kope'ap"@brg	
"prasé"@bg	<http://ids.clld.org/values/3-350-200-1>		<http://ids.clld.org/parameters/3-350>		<http://ids.clld.org/values/3-350-261-1>		"si'mori"@brg	
"óstər"@bg	<http://ids.clld.org/values/15-780-200-1>		<http://ids.clld.org/parameters/15-780>		<http://ids.clld.org/values/15-780-261-1>		"ko-'se-ro"@brg	
"rəká"@bg	<http://ids.clld.org/values/4-310-200-1>		<http://ids.clld.org/parameters/4-310>		<http://ids.clld.org/values/4-310-261-3>		"-ton"@brg	
"rəká"@bg	<http://ids.clld.org/values/4-310-200-1>		<http://ids.clld.org/parameters/4-310>		<http://ids.clld.org/values/4-310-261-1>		"-po'wo-ki"@brg	
"strelá"@bg	<http://ids.clld.org/values/20-250-200-1>		<http://ids.clld.org/parameters/20-250>		<http://ids.clld.org/values/20-250-261-1>		"kori-"@brg	
"koljáno"@bg	<http://ids.clld.org/values/4-360-200-1>		<http://ids.clld.org/parameters/4-360>		<http://ids.clld.org/values/4-360-261-1>		"ničo'βekos"@brg	
"bólka"@bg	<http://ids.clld.org/values/16-310-200-1>		<http://ids.clld.org/parameters/16-310>		<http://ids.clld.org/values/16-310-261-1>		"-koti-"@brg	
"dlán"@bg	<http://ids.clld.org/values/4-331-200-1>		<http://ids.clld.org/parameters/4-331>		<http://ids.clld.org/values/4-331-261-1>		"'waki"@brg	
"opijanén"@bg	<http://ids.clld.org/values/4-980-200-1>		<http://ids.clld.org/parameters/4-980>		<http://ids.clld.org/values/4-980-261-1>		"-'kaβio"@brg	
"pipérka"@bg	<http://ids.clld.org/values/5-820-200-7>		<http://ids.clld.org/parameters/5-820>		<http://ids.clld.org/values/5-820-261-1>		"'yiti"@brg	
"kərmáče"@bg	<http://ids.clld.org/values/2-280-200-7>		<http://ids.clld.org/parameters/2-280>		<http://ids.clld.org/values/2-280-261-1>		"'monči"@brg	
"stráx"@bg	<http://ids.clld.org/values/16-530-200-1>		<http://ids.clld.org/parameters/16-530>		<http://ids.clld.org/values/16-530-261-1>		"-pi-"@brg	
"stráx"@bg	<http://ids.clld.org/values/16-530-200-1>		<http://ids.clld.org/parameters/16-530>		<http://ids.clld.org/values/16-530-261-3>		"'ni-piko-w"@brg	
"mesó"@bg	<http://ids.clld.org/values/5-610-200-1>		<http://ids.clld.org/parameters/5-610>		<http://ids.clld.org/values/5-610-261-1>		"n-eš"@brg	
"lə́k"@bg	<http://ids.clld.org/values/20-240-200-1>		<http://ids.clld.org/parameters/20-240>		<http://ids.clld.org/values/20-240-261-1>		"tipo'pok"@brg	
"lə́k"@bg	<http://ids.clld.org/values/20-240-200-1>		<http://ids.clld.org/parameters/20-240>		<http://ids.clld.org/values/20-240-261-3>		"-tipo"@brg	
"ézero"@bg	<http://ids.clld.org/values/1-330-200-1>		<http://ids.clld.org/parameters/1-330>		<http://ids.clld.org/values/1-330-261-1>		"'č-aki"@brg	
"tə́šta"@bg	<http://ids.clld.org/values/2-620-200-1>		<http://ids.clld.org/parameters/2-620>		<http://ids.clld.org/values/2-620-261-3>		"-aki"@brg	
"tə́šta"@bg	<http://ids.clld.org/values/2-620-200-1>		<http://ids.clld.org/parameters/2-620>		<http://ids.clld.org/values/2-620-261-1>		"-mos"@brg	
"lék"@bg	<http://ids.clld.org/values/4-880-200-3>		<http://ids.clld.org/parameters/4-880>		<http://ids.clld.org/values/4-880-261-1>		"we'ṛ̌ok"@brg	
"štít"@bg	<http://ids.clld.org/values/20-340-200-1>		<http://ids.clld.org/parameters/20-340>		<http://ids.clld.org/values/20-340-261-1>		"ni-yičo"@brg	
"kóst"@bg	<http://ids.clld.org/values/4-160-200-1>		<http://ids.clld.org/parameters/4-160>		<http://ids.clld.org/values/4-160-261-1>		"-'opi"@brg	
"mnógo"@bg	<http://ids.clld.org/values/13-150-200-1>		<http://ids.clld.org/parameters/13-150>		<http://ids.clld.org/values/13-150-261-1>		"mo-"@brg	
"opáška"@bg	<http://ids.clld.org/values/4-180-200-1>		<http://ids.clld.org/parameters/4-180>		<http://ids.clld.org/values/4-180-261-1>		"-i'ho-s"@brg	
"pə́t"@bg	<http://ids.clld.org/values/10-710-200-1>		<http://ids.clld.org/parameters/10-710>		<http://ids.clld.org/values/10-710-261-3>		"ša'no-ki"@brg	
"pə́t"@bg	<http://ids.clld.org/values/10-710-200-1>		<http://ids.clld.org/parameters/10-710>		<http://ids.clld.org/values/10-710-261-1>		"šo-'no-"@brg	
"vesló"@bg	<http://ids.clld.org/values/10-851-200-3>		<http://ids.clld.org/parameters/10-851>		<http://ids.clld.org/values/10-851-261-1>		"'haβi"@brg	
"dostígam/ dostígna"@bg	<http://ids.clld.org/values/10-550-200-5>		<http://ids.clld.org/parameters/10-550>		<http://ids.clld.org/values/10-550-261-1>		"to biši'moč"@brg	
"naród"@bg	<http://ids.clld.org/values/19-210-200-1>		<http://ids.clld.org/parameters/19-210>		<http://ids.clld.org/values/19-210-261-1>		"'činti"@brg	
"naród"@bg	<http://ids.clld.org/values/19-210-200-1>		<http://ids.clld.org/parameters/19-210>		<http://ids.clld.org/values/19-210-261-3>		"činti-neβ"@brg	
"dúxam"@bg	<http://ids.clld.org/values/10-380-200-1>		<http://ids.clld.org/parameters/10-380>		<http://ids.clld.org/values/10-380-261-1>		"-'haβi-ko-w"@brg	
"də́ləg"@bg	<http://ids.clld.org/values/12-570-200-1>		<http://ids.clld.org/parameters/12-570>		<http://ids.clld.org/values/12-570-261-1>		"-pi"@brg	
"də́ləg"@bg	<http://ids.clld.org/values/12-570-200-1>		<http://ids.clld.org/parameters/12-570>		<http://ids.clld.org/values/12-570-261-3>		"'pero-"@brg	
"[tapióka]"@bg	<http://ids.clld.org/values/8-920-200-1>		<http://ids.clld.org/parameters/8-920>		<http://ids.clld.org/values/8-920-261-1>		"ka'ha-"@brg	
"slə́nc̷e"@bg	<http://ids.clld.org/values/1-520-200-1>		<http://ids.clld.org/parameters/1-520>		<http://ids.clld.org/values/1-520-261-1>		"se-s"@brg	
"tój/ tjá/ tó"@bg	<http://ids.clld.org/values/2-930-200-1>		<http://ids.clld.org/parameters/2-930>		<http://ids.clld.org/values/2-930-261-3>		"ṛ̌i-'ti"@brg	
"tój/ tjá/ tó"@bg	<http://ids.clld.org/values/2-930-200-1>		<http://ids.clld.org/parameters/2-930>		<http://ids.clld.org/values/2-930-261-1>		"ṛ̌o-'ti"@brg	
"grəmotévic̷a"@bg	<http://ids.clld.org/values/1-560-200-3>		<http://ids.clld.org/parameters/1-560>		<http://ids.clld.org/values/1-560-261-1>		"ṛ̌o'čoṛ̌eow"@brg	
"ímam"@bg	<http://ids.clld.org/values/11-120-200-3>		<http://ids.clld.org/parameters/11-120>		<http://ids.clld.org/values/11-120-261-1>		"-'ko-ti"@brg	
"xódja"@bg	<http://ids.clld.org/values/10-470-200-3>		<http://ids.clld.org/parameters/10-470>		<http://ids.clld.org/values/10-470-261-1>		"-yono-w"@brg	
"i"@bg	<http://ids.clld.org/values/17-510-200-1>		<http://ids.clld.org/parameters/17-510>		<http://ids.clld.org/values/17-510-261-1>		"ač"@brg	
"potók"@bg	<http://ids.clld.org/values/1-360-200-3>		<http://ids.clld.org/parameters/1-360>		<http://ids.clld.org/values/1-360-261-1>		"wapo'eṛ̌"@brg	
"mrak"@bg	<http://ids.clld.org/values/1-620-200-3>		<http://ids.clld.org/parameters/1-620>		<http://ids.clld.org/values/1-620-261-3>		"ha'mo-ṛ̌e"@brg	
"mrak"@bg	<http://ids.clld.org/values/1-620-200-3>		<http://ids.clld.org/parameters/1-620>		<http://ids.clld.org/values/1-620-261-1>		"ha'moṛ̌en"@brg	
"donásjam/ donesá"@bg	<http://ids.clld.org/values/10-620-200-1>		<http://ids.clld.org/parameters/10-620>		<http://ids.clld.org/values/10-620-261-1>		"'amo(n-)"@brg	
"[krokodíl]"@bg	<http://ids.clld.org/values/3-970-200-1>		<http://ids.clld.org/parameters/3-970>		<http://ids.clld.org/values/3-970-261-1>		"kahire"@brg	
"djádo"@bg	<http://ids.clld.org/values/2-461-200-3>		<http://ids.clld.org/parameters/2-461>		<http://ids.clld.org/values/2-461-261-1>		"a'ne"@brg	
"píja"@bg	<http://ids.clld.org/values/5-130-200-1>		<http://ids.clld.org/parameters/5-130>		<http://ids.clld.org/values/5-130-261-1>		"er"@brg	
"píja"@bg	<http://ids.clld.org/values/5-130-200-1>		<http://ids.clld.org/parameters/5-130>		<http://ids.clld.org/values/5-130-261-3>		"-e'ro-"@brg	
"gərdá"@bg	<http://ids.clld.org/values/4-410-200-1>		<http://ids.clld.org/parameters/4-410>		<http://ids.clld.org/values/4-410-261-1>		"-šo-n"@brg	
"ljáv"@bg	<http://ids.clld.org/values/12-420-200-1>		<http://ids.clld.org/parameters/12-420>		<http://ids.clld.org/values/12-420-261-1>		"'sa-pi"@brg	
"májka"@bg	<http://ids.clld.org/values/2-360-200-1>		<http://ids.clld.org/parameters/2-360>		<http://ids.clld.org/values/2-360-261-1>		"n-en"@brg	
"víe"@bg	<http://ids.clld.org/values/2-920-200-3>		<http://ids.clld.org/parameters/2-920>		<http://ids.clld.org/values/2-920-261-1>		"pi-'ti"@brg	
"[batát]"@bg	<http://ids.clld.org/values/8-910-200-1>		<http://ids.clld.org/parameters/8-910>		<http://ids.clld.org/values/8-910-261-1>		"se'ṛ̌e"@brg	
"nadaléko/ nadaléč/ nadaléče"@bg	<http://ids.clld.org/values/12-440-200-3>		<http://ids.clld.org/parameters/12-440>		<http://ids.clld.org/values/12-440-261-1>		"a'βe-"@brg	
"čélo"@bg	<http://ids.clld.org/values/4-205-200-1>		<http://ids.clld.org/parameters/4-205>		<http://ids.clld.org/values/4-205-261-1>		"ni'panoṛ̌"@brg	
"mórska kostenúrka"@bg	<http://ids.clld.org/values/3-980-200-1>		<http://ids.clld.org/parameters/3-980>		<http://ids.clld.org/values/3-980-261-1>		"so'pi-ṛ̌"@brg	
"róden brát/ ródna sestrá"@bg	<http://ids.clld.org/values/2-456-200-1>		<http://ids.clld.org/parameters/2-456>		<http://ids.clld.org/values/2-456-261-3>		"'mpiri"@brg	
"róden brát/ ródna sestrá"@bg	<http://ids.clld.org/values/2-456-200-1>		<http://ids.clld.org/parameters/2-456>		<http://ids.clld.org/values/2-456-261-1>		"-'pi-ri"@brg	
"góre (na)"@bg	<http://ids.clld.org/values/12-80-200-1>		<http://ids.clld.org/parameters/12-80>		<http://ids.clld.org/values/12-80-261-1>		"a'ni-ye"@brg	
"brádva"@bg	<http://ids.clld.org/values/9-250-200-1>		<http://ids.clld.org/parameters/9-250>		<http://ids.clld.org/values/9-250-261-1>		"po'e"@brg	
"[kapán]"@bg	<http://ids.clld.org/values/20-640-200-1>		<http://ids.clld.org/parameters/20-640>		<http://ids.clld.org/values/20-640-261-1>		"siṛ̌ia'mok"@brg	
"nóšt"@bg	<http://ids.clld.org/values/14-420-200-1>		<http://ids.clld.org/parameters/14-420>		<http://ids.clld.org/values/14-420-261-1>		"yoto'e-ṛ̌"@brg	
"prímka"@bg	<http://ids.clld.org/values/20-640-200-5>		<http://ids.clld.org/parameters/20-640>		<http://ids.clld.org/values/20-640-261-1>		"siṛ̌ia'mok"@brg	
"mrávka"@bg	<http://ids.clld.org/values/3-817-200-1>		<http://ids.clld.org/parameters/3-817>		<http://ids.clld.org/values/3-817-261-1>		"ko'ši-ri"@brg	
"skə́p"@bg	<http://ids.clld.org/values/11-880-200-1>		<http://ids.clld.org/parameters/11-880>		<http://ids.clld.org/values/11-880-261-1>		"šo-'wa-no-n"@brg	
"luná"@bg	<http://ids.clld.org/values/1-530-200-1>		<http://ids.clld.org/parameters/1-530>		<http://ids.clld.org/values/1-530-261-1>		"ki'he-ṛ̌"@brg	
"želája"@bg	<http://ids.clld.org/values/16-620-200-1>		<http://ids.clld.org/parameters/16-620>		<http://ids.clld.org/values/16-620-261-1>		"-'kami-"@brg	
"želája"@bg	<http://ids.clld.org/values/16-620-200-1>		<http://ids.clld.org/parameters/16-620>		<http://ids.clld.org/values/16-620-261-3>		"ni-'kiʔinow"@brg	
"blízo"@bg	<http://ids.clld.org/values/12-430-200-1>		<http://ids.clld.org/parameters/12-430>		<http://ids.clld.org/values/12-430-261-1>		"a'ne-kon"@brg	
"okó"@bg	<http://ids.clld.org/values/4-210-200-1>		<http://ids.clld.org/parameters/4-210>		<http://ids.clld.org/values/4-210-261-1>		"-i'ki"@brg	
"okó"@bg	<http://ids.clld.org/values/4-210-200-1>		<http://ids.clld.org/parameters/4-210>		<http://ids.clld.org/values/4-210-261-3>		"ni-'kis"@brg	
"nókət"@bg	<http://ids.clld.org/values/4-344-200-1>		<http://ids.clld.org/parameters/4-344>		<http://ids.clld.org/values/4-344-261-1>		"n-i'tip"@brg	
"véja"@bg	<http://ids.clld.org/values/10-380-200-5>		<http://ids.clld.org/parameters/10-380>		<http://ids.clld.org/values/10-380-261-1>		"-'haβi-ko-w"@brg	
"uxó"@bg	<http://ids.clld.org/values/4-220-200-1>		<http://ids.clld.org/parameters/4-220>		<http://ids.clld.org/values/4-220-261-3>		"senoki"@brg	
"uxó"@bg	<http://ids.clld.org/values/4-220-200-1>		<http://ids.clld.org/parameters/4-220>		<http://ids.clld.org/values/4-220-261-1>		"-'čoko-n"@brg	
"mazniná"@bg	<http://ids.clld.org/values/5-791-200-3>		<http://ids.clld.org/parameters/5-791>		<http://ids.clld.org/values/5-791-261-1>		"ro'kamokow"@brg	
"otvárjam/ otvórja (se)"@bg	<http://ids.clld.org/values/12-240-200-1>		<http://ids.clld.org/parameters/12-240>		<http://ids.clld.org/values/12-240-261-1>		"'βe-ha"@brg	
"metá"@bg	<http://ids.clld.org/values/9-370-200-1>		<http://ids.clld.org/parameters/9-370>		<http://ids.clld.org/values/9-370-261-1>		"heβi-ṛ̌"@brg	
"mókər"@bg	<http://ids.clld.org/values/15-830-200-1>		<http://ids.clld.org/parameters/15-830>		<http://ids.clld.org/values/15-830-261-1>		"-po'to-"@brg	
"líst"@bg	<http://ids.clld.org/values/8-560-200-1>		<http://ids.clld.org/parameters/8-560>		<http://ids.clld.org/values/8-560-261-1>		"e-pono'e"@brg	
"grəm"@bg	<http://ids.clld.org/values/1-560-200-1>		<http://ids.clld.org/parameters/1-560>		<http://ids.clld.org/values/1-560-261-1>		"ṛ̌o'čoṛ̌eow"@brg	
"čúška"@bg	<http://ids.clld.org/values/5-820-200-5>		<http://ids.clld.org/parameters/5-820>		<http://ids.clld.org/values/5-820-261-1>		"'yiti"@brg	
"[pipér]"@bg	<http://ids.clld.org/values/5-820-200-1>		<http://ids.clld.org/parameters/5-820>		<http://ids.clld.org/values/5-820-261-1>		"'yiti"@brg	
"(na)dólu"@bg	<http://ids.clld.org/values/12-30-200-1>		<http://ids.clld.org/parameters/12-30>		<http://ids.clld.org/values/12-30-261-3>		"poe-"@brg	
"(na)dólu"@bg	<http://ids.clld.org/values/12-30-200-1>		<http://ids.clld.org/parameters/12-30>		<http://ids.clld.org/values/12-30-261-1>		"pai-"@brg	
"glád"@bg	<http://ids.clld.org/values/5-140-200-1>		<http://ids.clld.org/parameters/5-140>		<http://ids.clld.org/values/5-140-261-1>		"ni'βeiʔinow"@brg	
"pətéka"@bg	<http://ids.clld.org/values/10-720-200-1>		<http://ids.clld.org/parameters/10-720>		<http://ids.clld.org/values/10-720-261-1>		"ša'no-ki"@brg	
"bedró"@bg	<http://ids.clld.org/values/4-351-200-1>		<http://ids.clld.org/parameters/4-351>		<http://ids.clld.org/values/4-351-261-1>		"-pes"@brg	
"ezík"@bg	<http://ids.clld.org/values/4-260-200-1>		<http://ids.clld.org/parameters/4-260>		<http://ids.clld.org/values/4-260-261-1>		"-pe-n"@brg	
"ezík"@bg	<http://ids.clld.org/values/4-260-200-1>		<http://ids.clld.org/parameters/4-260>		<http://ids.clld.org/values/4-260-261-3>		"epenene"@brg	
"rámo"@bg	<http://ids.clld.org/values/4-300-200-1>		<http://ids.clld.org/parameters/4-300>		<http://ids.clld.org/values/4-300-261-3>		"-'powos"@brg	
"rámo"@bg	<http://ids.clld.org/values/4-300-200-1>		<http://ids.clld.org/parameters/4-300>		<http://ids.clld.org/values/4-300-261-1>		"ni-'powosi"@brg	
"kə́šta"@bg	<http://ids.clld.org/values/7-120-200-1>		<http://ids.clld.org/parameters/7-120>		<http://ids.clld.org/values/7-120-261-5>		"-den-pe-n"@brg	
"kə́šta"@bg	<http://ids.clld.org/values/7-120-200-1>		<http://ids.clld.org/parameters/7-120>		<http://ids.clld.org/values/7-120-261-3>		"-'we-ṛ̌"@brg	
"kə́šta"@bg	<http://ids.clld.org/values/7-120-200-1>		<http://ids.clld.org/parameters/7-120>		<http://ids.clld.org/values/7-120-261-1>		"'pa-ṛ̌i"@brg	
"dvé"@bg	<http://ids.clld.org/values/13-20-200-3>		<http://ids.clld.org/parameters/13-20>		<http://ids.clld.org/values/13-20-261-1>		"m-a'pi-n"@brg	
"prax"@bg	<http://ids.clld.org/values/1-213-200-1>		<http://ids.clld.org/parameters/1-213>		<http://ids.clld.org/values/1-213-261-3>		"poi-p"@brg	
"prax"@bg	<http://ids.clld.org/values/1-213-200-1>		<http://ids.clld.org/parameters/1-213>		<http://ids.clld.org/values/1-213-261-1>		"kopo'eṛ̌"@brg	
"trí"@bg	<http://ids.clld.org/values/13-30-200-1>		<http://ids.clld.org/parameters/13-30>		<http://ids.clld.org/values/13-30-261-1>		"m'po-n"@brg	
"mə́ž"@bg	<http://ids.clld.org/values/2-310-200-3>		<http://ids.clld.org/parameters/2-310>		<http://ids.clld.org/values/2-310-261-3>		"-emo"@brg	
"mə́ž"@bg	<http://ids.clld.org/values/2-310-200-3>		<http://ids.clld.org/parameters/2-310>		<http://ids.clld.org/values/2-310-261-1>		"naβi'non"@brg	
"rodníni"@bg	<http://ids.clld.org/values/2-810-200-1>		<http://ids.clld.org/parameters/2-810>		<http://ids.clld.org/values/2-810-261-1>		"ni'čonopos"@brg	
"téžək"@bg	<http://ids.clld.org/values/15-810-200-1>		<http://ids.clld.org/parameters/15-810>		<http://ids.clld.org/values/15-810-261-3>		"kohino-kon"@brg	
"téžək"@bg	<http://ids.clld.org/values/15-810-200-1>		<http://ids.clld.org/parameters/15-810>		<http://ids.clld.org/values/15-810-261-1>		"-'hi-no-"@brg	
"úča"@bg	<http://ids.clld.org/values/17-240-200-1>		<http://ids.clld.org/parameters/17-240>		<http://ids.clld.org/values/17-240-261-1>		"-karo-'wo-w"@brg	
"ískam"@bg	<http://ids.clld.org/values/16-620-200-3>		<http://ids.clld.org/parameters/16-620>		<http://ids.clld.org/values/16-620-261-1>		"-'kami-"@brg	
"ískam"@bg	<http://ids.clld.org/values/16-620-200-3>		<http://ids.clld.org/parameters/16-620>		<http://ids.clld.org/values/16-620-261-3>		"ni-'kiʔinow"@brg	
"nogá"@bg	<http://ids.clld.org/values/4-370-200-3>		<http://ids.clld.org/parameters/4-370>		<http://ids.clld.org/values/4-370-261-1>		"ni'poih"@brg	
"kóža (s kózina)"@bg	<http://ids.clld.org/values/6-280-200-1>		<http://ids.clld.org/parameters/6-280>		<http://ids.clld.org/values/6-280-261-1>		"-ša"@brg	
"plód"@bg	<http://ids.clld.org/values/5-710-200-1>		<http://ids.clld.org/parameters/5-710>		<http://ids.clld.org/values/5-710-261-1>		"-i"@brg	
"debél"@bg	<http://ids.clld.org/values/12-630-200-1>		<http://ids.clld.org/parameters/12-630>		<http://ids.clld.org/values/12-630-261-1>		"šo'po-"@brg	
"čovék"@bg	<http://ids.clld.org/values/2-100-200-1>		<http://ids.clld.org/parameters/2-100>		<http://ids.clld.org/values/2-100-261-1>		"'či-n-ti"@brg	
"čovék"@bg	<http://ids.clld.org/values/2-100-200-1>		<http://ids.clld.org/parameters/2-100>		<http://ids.clld.org/values/2-100-261-3>		"čonoe-"@brg	
"prijátel"@bg	<http://ids.clld.org/values/19-510-200-1>		<http://ids.clld.org/parameters/19-510>		<http://ids.clld.org/values/19-510-261-1>		"ni'toṛ̌i"@brg	
"[xúbav]"@bg	<http://ids.clld.org/values/16-810-200-3>		<http://ids.clld.org/parameters/16-810>		<http://ids.clld.org/values/16-810-261-1>		"'monikowapa"@brg	
"núžda"@bg	<http://ids.clld.org/values/17-450-200-1>		<http://ids.clld.org/parameters/17-450>		<http://ids.clld.org/values/17-450-261-1>		"ni'kamoseṛ̌ow"@brg	
"grəm"@bg	<http://ids.clld.org/values/1-570-200-1>		<http://ids.clld.org/parameters/1-570>		<http://ids.clld.org/values/1-570-261-1>		"ṛ̌o'čomoṛ̌omoṛ̌eow"@brg	
"muxá"@bg	<http://ids.clld.org/values/3-830-200-1>		<http://ids.clld.org/parameters/3-830>		<http://ids.clld.org/values/3-830-261-1>		"-a'ro"@brg	
"stojá"@bg	<http://ids.clld.org/values/12-150-200-3>		<http://ids.clld.org/parameters/12-150>		<http://ids.clld.org/values/12-150-261-1>		"-šom"@brg	
"grebló"@bg	<http://ids.clld.org/values/10-851-200-1>		<http://ids.clld.org/parameters/10-851>		<http://ids.clld.org/values/10-851-261-1>		"'haβi"@brg	
"[núla]"@bg	<http://ids.clld.org/values/13-0-200-1>		<http://ids.clld.org/parameters/13-0>		<http://ids.clld.org/values/13-0-261-1>		"'inkaw ~ 'onkaw"@brg	
"dén"@bg	<http://ids.clld.org/values/14-410-200-1>		<http://ids.clld.org/parameters/14-410>		<http://ids.clld.org/values/14-410-261-3>		"ṛ̌o'sesokonoeṛ̌"@brg	
"dén"@bg	<http://ids.clld.org/values/14-410-200-1>		<http://ids.clld.org/parameters/14-410>		<http://ids.clld.org/values/14-410-261-1>		"se-s"@brg	
"vəžénc̷e"@bg	<http://ids.clld.org/values/9-190-200-3>		<http://ids.clld.org/parameters/9-190>		<http://ids.clld.org/values/9-190-261-1>		"ni-'ro-"@brg	
"mladenéc̷"@bg	<http://ids.clld.org/values/2-280-200-5>		<http://ids.clld.org/parameters/2-280>		<http://ids.clld.org/values/2-280-261-1>		"'monči"@brg	
"stəpálo"@bg	<http://ids.clld.org/values/4-370-200-5>		<http://ids.clld.org/parameters/4-370>		<http://ids.clld.org/values/4-370-261-1>		"ni'poih"@brg	
"[lagúna]"@bg	<http://ids.clld.org/values/1-341-200-1>		<http://ids.clld.org/parameters/1-341>		<http://ids.clld.org/values/1-341-261-1>		"'aki"@brg	
"dóm"@bg	<http://ids.clld.org/values/7-120-200-3>		<http://ids.clld.org/parameters/7-120>		<http://ids.clld.org/values/7-120-261-5>		"-den-pe-n"@brg	
"dóm"@bg	<http://ids.clld.org/values/7-120-200-3>		<http://ids.clld.org/parameters/7-120>		<http://ids.clld.org/values/7-120-261-3>		"-'we-ṛ̌"@brg	
"dóm"@bg	<http://ids.clld.org/values/7-120-200-3>		<http://ids.clld.org/parameters/7-120>		<http://ids.clld.org/values/7-120-261-1>		"'pa-ṛ̌i"@brg	
"ljubóv"@bg	<http://ids.clld.org/values/16-270-200-5>		<http://ids.clld.org/parameters/16-270>		<http://ids.clld.org/values/16-270-261-3>		"ememna'reko"@brg	
"ljubóv"@bg	<http://ids.clld.org/values/16-270-200-5>		<http://ids.clld.org/parameters/16-270>		<http://ids.clld.org/values/16-270-261-1>		"-'emo-ni"@brg	
"stávam/ stána"@bg	<http://ids.clld.org/values/12-150-200-1>		<http://ids.clld.org/parameters/12-150>		<http://ids.clld.org/values/12-150-261-1>		"-šom"@brg	
"oblekló"@bg	<http://ids.clld.org/values/6-120-200-1>		<http://ids.clld.org/parameters/6-120>		<http://ids.clld.org/values/6-120-261-1>		"ra'roni"@brg	
"bíja"@bg	<http://ids.clld.org/values/9-210-200-3>		<http://ids.clld.org/parameters/9-210>		<http://ids.clld.org/values/9-210-261-1>		"nesta'kaβiyar"@brg	
"ústna"@bg	<http://ids.clld.org/values/4-250-200-1>		<http://ids.clld.org/parameters/4-250>		<http://ids.clld.org/values/4-250-261-1>		"ni'čomonoki"@brg	
"bradíčka"@bg	<http://ids.clld.org/values/4-209-200-3>		<http://ids.clld.org/parameters/4-209>		<http://ids.clld.org/values/4-209-261-1>		"nipoeho'kon"@brg	
"žená"@bg	<http://ids.clld.org/values/2-220-200-1>		<http://ids.clld.org/parameters/2-220>		<http://ids.clld.org/values/2-220-261-1>		"e'ton"@brg	
"kóža"@bg	<http://ids.clld.org/values/4-120-200-1>		<http://ids.clld.org/parameters/4-120>		<http://ids.clld.org/values/4-120-261-1>		"-č-om"@brg	
"kóža"@bg	<http://ids.clld.org/values/4-120-200-1>		<http://ids.clld.org/parameters/4-120>		<http://ids.clld.org/values/4-120-261-3>		"ni-'čom"@brg	
"ustá"@bg	<http://ids.clld.org/values/4-240-200-1>		<http://ids.clld.org/parameters/4-240>		<http://ids.clld.org/values/4-240-261-1>		"ni-'noki"@brg	
"mə́ž"@bg	<http://ids.clld.org/values/2-210-200-1>		<http://ids.clld.org/parameters/2-210>		<http://ids.clld.org/values/2-210-261-1>		"hi-ṛ̌"@brg	
"pristígam/ pristígna"@bg	<http://ids.clld.org/values/10-550-200-1>		<http://ids.clld.org/parameters/10-550>		<http://ids.clld.org/values/10-550-261-1>		"to biši'moč"@brg	
"vól"@bg	<http://ids.clld.org/values/3-220-200-1>		<http://ids.clld.org/parameters/3-220>		<http://ids.clld.org/values/3-220-261-1>		"[wiye]"@brg	
"kóren"@bg	<http://ids.clld.org/values/8-540-200-1>		<http://ids.clld.org/parameters/8-540>		<http://ids.clld.org/values/8-540-261-1>		"ṛ̌eki'ton"@brg	
"səprúga"@bg	<http://ids.clld.org/values/2-320-200-1>		<http://ids.clld.org/parameters/2-320>		<http://ids.clld.org/values/2-320-261-1>		"ne-'yon"@brg	
"sládək [kartóf]"@bg	<http://ids.clld.org/values/8-910-200-3>		<http://ids.clld.org/parameters/8-910>		<http://ids.clld.org/values/8-910-261-1>		"se'ṛ̌e"@brg	
"vsíčki"@bg	<http://ids.clld.org/values/13-140-200-3>		<http://ids.clld.org/parameters/13-140>		<http://ids.clld.org/values/13-140-261-1>		"pon"@brg	
"živótno"@bg	<http://ids.clld.org/values/3-110-200-1>		<http://ids.clld.org/parameters/3-110>		<http://ids.clld.org/values/3-110-261-1>		"-'per"@brg	
"xránja se"@bg	<http://ids.clld.org/values/5-110-200-3>		<http://ids.clld.org/parameters/5-110>		<http://ids.clld.org/values/5-110-261-3>		"ni-'kow"@brg	
"xránja se"@bg	<http://ids.clld.org/values/5-110-200-3>		<http://ids.clld.org/parameters/5-110>		<http://ids.clld.org/values/5-110-261-1>		"-ni-"@brg	
"[stomáx]"@bg	<http://ids.clld.org/values/4-460-200-1>		<http://ids.clld.org/parameters/4-460>		<http://ids.clld.org/values/4-460-261-1>		"-'he-ki"@brg	
"[stomáx]"@bg	<http://ids.clld.org/values/4-460-200-1>		<http://ids.clld.org/parameters/4-460>		<http://ids.clld.org/values/4-460-261-3>		"ničo'koki"@brg	
"grə́b"@bg	<http://ids.clld.org/values/4-190-200-1>		<http://ids.clld.org/parameters/4-190>		<http://ids.clld.org/values/4-190-261-1>		"-'čipi"@brg	
"pelenáče"@bg	<http://ids.clld.org/values/2-280-200-3>		<http://ids.clld.org/parameters/2-280>		<http://ids.clld.org/values/2-280-261-1>		"'monči"@brg	
"rəká"@bg	<http://ids.clld.org/values/4-330-200-1>		<http://ids.clld.org/parameters/4-330>		<http://ids.clld.org/values/4-330-261-1>		"-wo-"@brg	
"rəká"@bg	<http://ids.clld.org/values/4-330-200-1>		<http://ids.clld.org/parameters/4-330>		<http://ids.clld.org/values/4-330-261-3>		"ni-'wohi-s"@brg	
"číčo"@bg	<http://ids.clld.org/values/2-510-200-1>		<http://ids.clld.org/parameters/2-510>		<http://ids.clld.org/values/2-510-261-1>		"kik"@brg	
"grə́den kóš"@bg	<http://ids.clld.org/values/4-400-200-1>		<http://ids.clld.org/parameters/4-400>		<http://ids.clld.org/values/4-400-261-1>		"ča'ko-ki"@brg	
"nad"@bg	<http://ids.clld.org/values/12-80-200-3>		<http://ids.clld.org/parameters/12-80>		<http://ids.clld.org/values/12-80-261-1>		"a'ni-ye"@brg	
"pláča"@bg	<http://ids.clld.org/values/16-370-200-1>		<http://ids.clld.org/parameters/16-370>		<http://ids.clld.org/values/16-370-261-1>		"-ya"@brg	
"vərvjá"@bg	<http://ids.clld.org/values/10-450-200-1>		<http://ids.clld.org/parameters/10-450>		<http://ids.clld.org/values/10-450-261-1>		"-yo'no"@brg	
"stígam/ stígna"@bg	<http://ids.clld.org/values/10-550-200-3>		<http://ids.clld.org/parameters/10-550>		<http://ids.clld.org/values/10-550-261-1>		"to biši'moč"@brg	
"zvezdá"@bg	<http://ids.clld.org/values/1-540-200-1>		<http://ids.clld.org/parameters/1-540>		<http://ids.clld.org/values/1-540-261-1>		"wa'his"@brg	
"letjá"@bg	<http://ids.clld.org/values/10-370-200-1>		<http://ids.clld.org/parameters/10-370>		<http://ids.clld.org/values/10-370-261-1>		"-ar-"@brg	
"osá"@bg	<http://ids.clld.org/values/3-823-200-1>		<http://ids.clld.org/parameters/3-823>		<http://ids.clld.org/values/3-823-261-1>		"ane"@brg	
"žə́lt"@bg	<http://ids.clld.org/values/15-690-200-1>		<http://ids.clld.org/parameters/15-690>		<http://ids.clld.org/values/15-690-261-1>		"'ya-s-ko-"@brg	
"nablízo"@bg	<http://ids.clld.org/values/12-430-200-3>		<http://ids.clld.org/parameters/12-430>		<http://ids.clld.org/values/12-430-261-1>		"a'ne-kon"@brg	
"mə́rtəv"@bg	<http://ids.clld.org/values/4-750-200-3>		<http://ids.clld.org/parameters/4-750>		<http://ids.clld.org/values/4-750-261-3>		"ṛ̌e'pen"@brg	
"mə́rtəv"@bg	<http://ids.clld.org/values/4-750-200-3>		<http://ids.clld.org/parameters/4-750>		<http://ids.clld.org/values/4-750-261-1>		"-e'pe-"@brg	
"zrjál"@bg	<http://ids.clld.org/values/5-123-200-1>		<http://ids.clld.org/parameters/5-123>		<http://ids.clld.org/values/5-123-261-1>		"-ya-"@brg	
"izgárjam/ izgorjá"@bg	<http://ids.clld.org/values/1-851-200-1>		<http://ids.clld.org/parameters/1-851>		<http://ids.clld.org/values/1-851-261-1>		"-a'haṛ̌ow"@brg	
"dobə́r"@bg	<http://ids.clld.org/values/16-710-200-1>		<http://ids.clld.org/parameters/16-710>		<http://ids.clld.org/values/16-710-261-1>		"'heni"@brg	
"nókət"@bg	<http://ids.clld.org/values/4-345-200-1>		<http://ids.clld.org/parameters/4-345>		<http://ids.clld.org/values/4-345-261-1>		"e'tip"@brg	
"pritežávam"@bg	<http://ids.clld.org/values/11-120-200-1>		<http://ids.clld.org/parameters/11-120>		<http://ids.clld.org/values/11-120-261-1>		"-'ko-ti"@brg	
"bojázən"@bg	<http://ids.clld.org/values/16-530-200-3>		<http://ids.clld.org/parameters/16-530>		<http://ids.clld.org/values/16-530-261-1>		"-pi-"@brg	
"bojázən"@bg	<http://ids.clld.org/values/16-530-200-3>		<http://ids.clld.org/parameters/16-530>		<http://ids.clld.org/values/16-530-261-3>		"'ni-piko-w"@brg	
"obíčam"@bg	<http://ids.clld.org/values/16-270-200-1>		<http://ids.clld.org/parameters/16-270>		<http://ids.clld.org/values/16-270-261-3>		"ememna'reko"@brg	
"obíčam"@bg	<http://ids.clld.org/values/16-270-200-1>		<http://ids.clld.org/parameters/16-270>		<http://ids.clld.org/values/16-270-261-1>		"-'emo-ni"@brg	
"živót"@bg	<http://ids.clld.org/values/4-740-200-5>		<http://ids.clld.org/parameters/4-740>		<http://ids.clld.org/values/4-740-261-1>		"-čo-'ko-"@brg	
"daléko/ daléč/ daléče"@bg	<http://ids.clld.org/values/12-440-200-1>		<http://ids.clld.org/parameters/12-440>		<http://ids.clld.org/values/12-440-261-1>		"a'βe-"@brg	
"vlážen"@bg	<http://ids.clld.org/values/15-830-200-3>		<http://ids.clld.org/parameters/15-830>		<http://ids.clld.org/values/15-830-261-1>		"-po'to-"@brg	
"izstískvam/ izstískam"@bg	<http://ids.clld.org/values/9-343-200-1>		<http://ids.clld.org/parameters/9-343>		<http://ids.clld.org/values/9-343-261-1>		"'ko-piti-"@brg	
"izstískvam/ izstískam"@bg	<http://ids.clld.org/values/9-343-200-1>		<http://ids.clld.org/parameters/9-343>		<http://ids.clld.org/values/9-343-261-3>		"su'ipistakapa"@brg	
"krə́v"@bg	<http://ids.clld.org/values/4-150-200-1>		<http://ids.clld.org/parameters/4-150>		<http://ids.clld.org/values/4-150-261-1>		"'iti"@brg	
"vséki"@bg	<http://ids.clld.org/values/13-140-200-1>		<http://ids.clld.org/parameters/13-140>		<http://ids.clld.org/values/13-140-261-1>		"pon"@brg	
"baštá"@bg	<http://ids.clld.org/values/2-350-200-1>		<http://ids.clld.org/parameters/2-350>		<http://ids.clld.org/values/2-350-261-3>		"čač"@brg	
"baštá"@bg	<http://ids.clld.org/values/2-350-200-1>		<http://ids.clld.org/parameters/2-350>		<http://ids.clld.org/values/2-350-261-1>		"-i'a"@brg	
"žába"@bg	<http://ids.clld.org/values/3-950-200-1>		<http://ids.clld.org/parameters/3-950>		<http://ids.clld.org/values/3-950-261-1>		"si'poṛ̌i"@brg	
"spjá"@bg	<http://ids.clld.org/values/4-610-200-1>		<http://ids.clld.org/parameters/4-610>		<http://ids.clld.org/values/4-610-261-3>		"-mo'ko-w"@brg	
"spjá"@bg	<http://ids.clld.org/values/4-610-200-1>		<http://ids.clld.org/parameters/4-610>		<http://ids.clld.org/values/4-610-261-1>		"-i'mo"@brg	
"izúčvam/ izúča"@bg	<http://ids.clld.org/values/17-240-200-7>		<http://ids.clld.org/parameters/17-240>		<http://ids.clld.org/values/17-240-261-1>		"-karo-'wo-w"@brg	
"reká"@bg	<http://ids.clld.org/values/1-360-200-1>		<http://ids.clld.org/parameters/1-360>		<http://ids.clld.org/values/1-360-261-1>		"wapo'eṛ̌"@brg	
"brát"@bg	<http://ids.clld.org/values/2-440-200-1>		<http://ids.clld.org/parameters/2-440>		<http://ids.clld.org/values/2-440-261-1>		"ni'piri"@brg	
"brát"@bg	<http://ids.clld.org/values/2-440-200-1>		<http://ids.clld.org/parameters/2-440>		<http://ids.clld.org/values/2-440-261-3>		"ni'ay"@brg	
"[rusálka]"@bg	<http://ids.clld.org/values/10-831-200-3>		<http://ids.clld.org/parameters/10-831>		<http://ids.clld.org/values/10-831-261-1>		"ya'šoṛ̌"@brg	
"[rusálka]"@bg	<http://ids.clld.org/values/10-831-200-3>		<http://ids.clld.org/parameters/10-831>		<http://ids.clld.org/values/10-831-261-3>		"pkore"@brg	
"gərdí"@bg	<http://ids.clld.org/values/4-400-200-3>		<http://ids.clld.org/parameters/4-400>		<http://ids.clld.org/values/4-400-261-1>		"ča'ko-ki"@brg	
"komár"@bg	<http://ids.clld.org/values/3-832-200-1>		<http://ids.clld.org/parameters/3-832>		<http://ids.clld.org/values/3-832-261-1>		"ni"@brg	
"bratovčéd/ bratovčédka"@bg	<http://ids.clld.org/values/2-550-200-1>		<http://ids.clld.org/parameters/2-550>		<http://ids.clld.org/values/2-550-261-1>		"'mpiri"@brg	
"gorá"@bg	<http://ids.clld.org/values/1-410-200-1>		<http://ids.clld.org/parameters/1-410>		<http://ids.clld.org/values/1-410-261-1>		"kaki'woko-ye"@brg	
"krə́gəl"@bg	<http://ids.clld.org/values/12-810-200-1>		<http://ids.clld.org/parameters/12-810>		<http://ids.clld.org/values/12-810-261-1>		"čoporikon"@brg	
"drugár"@bg	<http://ids.clld.org/values/19-510-200-3>		<http://ids.clld.org/parameters/19-510>		<http://ids.clld.org/values/19-510-261-1>		"ni'toṛ̌i"@brg	
"té"@bg	<http://ids.clld.org/values/2-960-200-1>		<http://ids.clld.org/parameters/2-960>		<http://ids.clld.org/values/2-960-261-1>		"no-'ti"@brg	
"čéren drób"@bg	<http://ids.clld.org/values/4-450-200-1>		<http://ids.clld.org/parameters/4-450>		<http://ids.clld.org/values/4-450-261-1>		"-e'pe-ṛ̌on"@brg	
"sól"@bg	<http://ids.clld.org/values/5-810-200-1>		<http://ids.clld.org/parameters/5-810>		<http://ids.clld.org/values/5-810-261-1>		"'čobi ~ 'čobe"@brg	
"čeló"@bg	<http://ids.clld.org/values/4-205-200-3>		<http://ids.clld.org/parameters/4-205>		<http://ids.clld.org/values/4-205-261-1>		"ni'panoṛ̌"@brg	
"[pamúk]"@bg	<http://ids.clld.org/values/6-240-200-1>		<http://ids.clld.org/parameters/6-240>		<http://ids.clld.org/values/6-240-261-1>		"ka'ha-weš"@brg	
"izxvə́rljam/ izxvə́rlja izpražnénija"@bg	<http://ids.clld.org/values/4-660-200-1>		<http://ids.clld.org/parameters/4-660>		<http://ids.clld.org/values/4-660-261-1>		"e'tis"@brg	
"krák"@bg	<http://ids.clld.org/values/4-350-200-1>		<http://ids.clld.org/parameters/4-350>		<http://ids.clld.org/values/4-350-261-1>		"ni'pes"@brg	
"bób"@bg	<http://ids.clld.org/values/5-660-200-1>		<http://ids.clld.org/parameters/5-660>		<http://ids.clld.org/values/5-660-261-1>		"či'čoṛ̌op"@brg	
"vzémam nazáem"@bg	<http://ids.clld.org/values/11-620-200-1>		<http://ids.clld.org/parameters/11-620>		<http://ids.clld.org/values/11-620-261-1>		"kopo'e-"@brg	
"smúča"@bg	<http://ids.clld.org/values/5-160-200-3>		<http://ids.clld.org/parameters/5-160>		<http://ids.clld.org/values/5-160-261-1>		"-hi-'ko-"@brg	
"otvə́tre"@bg	<http://ids.clld.org/values/12-50-200-3>		<http://ids.clld.org/parameters/12-50>		<http://ids.clld.org/values/12-50-261-1>		"-ye"@brg	
"ródstvenic̷i"@bg	<http://ids.clld.org/values/2-810-200-3>		<http://ids.clld.org/parameters/2-810>		<http://ids.clld.org/values/2-810-261-1>		"ni'čonopos"@brg	
"tí"@bg	<http://ids.clld.org/values/2-920-200-1>		<http://ids.clld.org/parameters/2-920>		<http://ids.clld.org/values/2-920-261-1>		"pi-'ti"@brg	
"ževéja"@bg	<http://ids.clld.org/values/4-740-200-1>		<http://ids.clld.org/parameters/4-740>		<http://ids.clld.org/values/4-740-261-1>		"-čo-'ko-"@brg	
"míja (se)"@bg	<http://ids.clld.org/values/9-360-200-1>		<http://ids.clld.org/parameters/9-360>		<http://ids.clld.org/values/9-360-261-1>		"-'sipa"@brg	
"təmniná"@bg	<http://ids.clld.org/values/1-620-200-1>		<http://ids.clld.org/parameters/1-620>		<http://ids.clld.org/values/1-620-261-3>		"ha'mo-ṛ̌e"@brg	
"təmniná"@bg	<http://ids.clld.org/values/1-620-200-1>		<http://ids.clld.org/parameters/1-620>		<http://ids.clld.org/values/1-620-261-1>		"ha'moṛ̌en"@brg	
"sméja se"@bg	<http://ids.clld.org/values/16-250-200-1>		<http://ids.clld.org/parameters/16-250>		<http://ids.clld.org/values/16-250-261-1>		"-'ko-ka-"@brg	
"vóžd"@bg	<http://ids.clld.org/values/19-240-200-1>		<http://ids.clld.org/parameters/19-240>		<http://ids.clld.org/values/19-240-261-1>		"rom"@brg	
"və́ška"@bg	<http://ids.clld.org/values/3-811-200-1>		<http://ids.clld.org/parameters/3-811>		<http://ids.clld.org/values/3-811-261-1>		"i'no-k"@brg	
"práv"@bg	<http://ids.clld.org/values/12-730-200-1>		<http://ids.clld.org/parameters/12-730>		<http://ids.clld.org/values/12-730-261-1>		"to'βi-"@brg	
"vodá"@bg	<http://ids.clld.org/values/1-310-200-1>		<http://ids.clld.org/parameters/1-310>		<http://ids.clld.org/values/1-310-261-1>		"in"@brg	
"žív"@bg	<http://ids.clld.org/values/4-740-200-3>		<http://ids.clld.org/parameters/4-740>		<http://ids.clld.org/values/4-740-261-1>		"-čo-'ko-"@brg	
"dúxvam/ dúxna"@bg	<http://ids.clld.org/values/10-380-200-3>		<http://ids.clld.org/parameters/10-380>		<http://ids.clld.org/values/10-380-261-1>		"-'haβi-ko-w"@brg	
"pčelá"@bg	<http://ids.clld.org/values/3-820-200-1>		<http://ids.clld.org/parameters/3-820>		<http://ids.clld.org/values/3-820-261-1>		"yomo'ep"@brg	
"pádam/ pádna"@bg	<http://ids.clld.org/values/10-230-200-1>		<http://ids.clld.org/parameters/10-230>		<http://ids.clld.org/values/10-230-261-1>		"nesta'paika"@brg	
"bába"@bg	<http://ids.clld.org/values/2-470-200-1>		<http://ids.clld.org/parameters/2-470>		<http://ids.clld.org/values/2-470-261-1>		"-os"@brg	
"kosá"@bg	<http://ids.clld.org/values/4-140-200-1>		<http://ids.clld.org/parameters/4-140>		<http://ids.clld.org/values/4-140-261-3>		"ni-'čahaih"@brg	
"kosá"@bg	<http://ids.clld.org/values/4-140-200-1>		<http://ids.clld.org/parameters/4-140>		<http://ids.clld.org/values/4-140-261-1>		"-ča-"@brg	
"və́tre"@bg	<http://ids.clld.org/values/12-50-200-1>		<http://ids.clld.org/parameters/12-50>		<http://ids.clld.org/values/12-50-261-1>		"-ye"@brg	
"áz"@bg	<http://ids.clld.org/values/2-910-200-1>		<http://ids.clld.org/parameters/2-910>		<http://ids.clld.org/values/2-910-261-3>		"n-ti"@brg	
"áz"@bg	<http://ids.clld.org/values/2-910-200-1>		<http://ids.clld.org/parameters/2-910>		<http://ids.clld.org/values/2-910-261-1>		"ni-"@brg	
"səprúg"@bg	<http://ids.clld.org/values/2-310-200-1>		<http://ids.clld.org/parameters/2-310>		<http://ids.clld.org/values/2-310-261-3>		"-emo"@brg	
"səprúg"@bg	<http://ids.clld.org/values/2-310-200-1>		<http://ids.clld.org/parameters/2-310>		<http://ids.clld.org/values/2-310-261-1>		"naβi'non"@brg	
"lákət"@bg	<http://ids.clld.org/values/4-320-200-1>		<http://ids.clld.org/parameters/4-320>		<http://ids.clld.org/values/4-320-261-1>		"nito'taki"@brg	
"pépel"@bg	<http://ids.clld.org/values/1-840-200-1>		<http://ids.clld.org/parameters/1-840>		<http://ids.clld.org/values/1-840-261-1>		"po'ip"@brg	
"perc̷é"@bg	<http://ids.clld.org/values/4-393-200-3>		<http://ids.clld.org/parameters/4-393>		<http://ids.clld.org/values/4-393-261-1>		"e'sis"@brg	
"deté"@bg	<http://ids.clld.org/values/2-270-200-1>		<http://ids.clld.org/parameters/2-270>		<http://ids.clld.org/values/2-270-261-1>		"mo-"@brg	
"šíja"@bg	<http://ids.clld.org/values/4-280-200-3>		<http://ids.clld.org/parameters/4-280>		<http://ids.clld.org/values/4-280-261-3>		"ni-'pi-h"@brg	
"šíja"@bg	<http://ids.clld.org/values/4-280-200-3>		<http://ids.clld.org/parameters/4-280>		<http://ids.clld.org/values/4-280-261-1>		"-pi-h"@brg	
"šíja"@bg	<http://ids.clld.org/values/4-280-200-3>		<http://ids.clld.org/parameters/4-280>		<http://ids.clld.org/values/4-280-261-5>		"-ča'no-ki"@brg	
"nósja"@bg	<http://ids.clld.org/values/10-620-200-3>		<http://ids.clld.org/parameters/10-620>		<http://ids.clld.org/values/10-620-261-1>		"'amo(n-)"@brg	
"segá"@bg	<http://ids.clld.org/values/14-180-200-1>		<http://ids.clld.org/parameters/14-180>		<http://ids.clld.org/values/14-180-261-1>		"ne'ṛ̌iki"@brg	
"otric̷átelen"@bg	<http://ids.clld.org/values/17-560-200-3>		<http://ids.clld.org/parameters/17-560>		<http://ids.clld.org/values/17-560-261-1>		"'onkaw"@brg	
"ídvam/ dójda"@bg	<http://ids.clld.org/values/10-480-200-1>		<http://ids.clld.org/parameters/10-480>		<http://ids.clld.org/values/10-480-261-1>		"-piko-w"@brg	
"a"@bg	<http://ids.clld.org/values/17-510-200-3>		<http://ids.clld.org/parameters/17-510>		<http://ids.clld.org/values/17-510-261-1>		"ač"@brg	
"bradá"@bg	<http://ids.clld.org/values/4-209-200-1>		<http://ids.clld.org/parameters/4-209>		<http://ids.clld.org/values/4-209-261-1>		"nipoeho'kon"@brg	
"bəlxá"@bg	<http://ids.clld.org/values/3-813-200-1>		<http://ids.clld.org/parameters/3-813>		<http://ids.clld.org/values/3-813-261-1>		"to'tikop"@brg	
"čuvam/ čuja"@bg	<http://ids.clld.org/values/15-410-200-1>		<http://ids.clld.org/parameters/15-410>		<http://ids.clld.org/values/15-410-261-1>		"-som-"@brg	
"čuvam/ čuja"@bg	<http://ids.clld.org/values/15-410-200-1>		<http://ids.clld.org/parameters/15-410>		<http://ids.clld.org/values/15-410-261-3>		"ṛ̌i-'somopoek"@brg	
"klópka"@bg	<http://ids.clld.org/values/20-640-200-3>		<http://ids.clld.org/parameters/20-640>		<http://ids.clld.org/values/20-640-261-1>		"siṛ̌ia'mok"@brg	
"[manióka]"@bg	<http://ids.clld.org/values/8-920-200-3>		<http://ids.clld.org/parameters/8-920>		<http://ids.clld.org/values/8-920-261-1>		"ka'ha-"@brg	
"də́rža"@bg	<http://ids.clld.org/values/11-150-200-1>		<http://ids.clld.org/parameters/11-150>		<http://ids.clld.org/values/11-150-261-1>		"-a'mo"@brg	
"zərnó"@bg	<http://ids.clld.org/values/8-311-200-3>		<http://ids.clld.org/parameters/8-311>		<http://ids.clld.org/values/8-311-261-1>		"e'so-ki"@brg	
"kój?"@bg	<http://ids.clld.org/values/17-680-200-1>		<http://ids.clld.org/parameters/17-680>		<http://ids.clld.org/values/17-680-261-1>		"kon to 'woyokon"@brg	
"[banánovo] dərvó"@bg	<http://ids.clld.org/values/8-840-200-1>		<http://ids.clld.org/parameters/8-840>		<http://ids.clld.org/values/8-840-261-1>		"-'apoe"@brg	
"ríba"@bg	<http://ids.clld.org/values/3-650-200-1>		<http://ids.clld.org/parameters/3-650>		<http://ids.clld.org/values/3-650-261-1>		"him"@brg	
"ríba"@bg	<http://ids.clld.org/values/3-650-200-1>		<http://ids.clld.org/parameters/3-650>		<http://ids.clld.org/values/3-650-261-3>		"koβes"@brg	
"kósmi"@bg	<http://ids.clld.org/values/4-144-200-1>		<http://ids.clld.org/parameters/4-144>		<http://ids.clld.org/values/4-144-261-1>		"-i'ša"@brg	
"rúčej"@bg	<http://ids.clld.org/values/1-360-200-5>		<http://ids.clld.org/parameters/1-360>		<http://ids.clld.org/values/1-360-261-1>		"wapo'eṛ̌"@brg	
"listó"@bg	<http://ids.clld.org/values/8-560-200-3>		<http://ids.clld.org/parameters/8-560>		<http://ids.clld.org/values/8-560-261-1>		"e-pono'e"@brg	
"[pándelka] za glavá"@bg	<http://ids.clld.org/values/6-780-200-1>		<http://ids.clld.org/parameters/6-780>		<http://ids.clld.org/values/6-780-261-1>		"šo'me"@brg	
"edín"@bg	<http://ids.clld.org/values/13-10-200-1>		<http://ids.clld.org/parameters/13-10>		<http://ids.clld.org/values/13-10-261-1>		"po'noš"@brg	
"[aligátor]"@bg	<http://ids.clld.org/values/3-970-200-3>		<http://ids.clld.org/parameters/3-970>		<http://ids.clld.org/values/3-970-261-1>		"kahire"@brg	
"ljávo"@bg	<http://ids.clld.org/values/12-420-200-3>		<http://ids.clld.org/parameters/12-420>		<http://ids.clld.org/values/12-420-261-1>		"'sa-pi"@brg	
"xódja"@bg	<http://ids.clld.org/values/10-450-200-3>		<http://ids.clld.org/parameters/10-450>		<http://ids.clld.org/values/10-450-261-1>		"-yo'no"@brg	
"lekárstvo"@bg	<http://ids.clld.org/values/4-880-200-1>		<http://ids.clld.org/parameters/4-880>		<http://ids.clld.org/values/4-880-261-1>		"we'ṛ̌ok"@brg	
"dávam/ dám"@bg	<http://ids.clld.org/values/11-210-200-1>		<http://ids.clld.org/parameters/11-210>		<http://ids.clld.org/values/11-210-261-1>		"-po'e-ko-w"@brg	
"dəgá"@bg	<http://ids.clld.org/values/1-590-200-1>		<http://ids.clld.org/parameters/1-590>		<http://ids.clld.org/values/1-590-261-1>		"ni'a"@brg	
"otívam/ otída"@bg	<http://ids.clld.org/values/10-470-200-1>		<http://ids.clld.org/parameters/10-470>		<http://ids.clld.org/values/10-470-261-1>		"-yono-w"@brg	
"[kanú]"@bg	<http://ids.clld.org/values/10-831-200-1>		<http://ids.clld.org/parameters/10-831>		<http://ids.clld.org/values/10-831-261-1>		"ya'šoṛ̌"@brg	
"[kanú]"@bg	<http://ids.clld.org/values/10-831-200-1>		<http://ids.clld.org/parameters/10-831>		<http://ids.clld.org/values/10-831-261-3>		"pkore"@brg	
"čér piper"@bg	<http://ids.clld.org/values/5-820-200-3>		<http://ids.clld.org/parameters/5-820>		<http://ids.clld.org/values/5-820-261-1>		"'yiti"@brg	
"[bébe]"@bg	<http://ids.clld.org/values/2-280-200-1>		<http://ids.clld.org/parameters/2-280>		<http://ids.clld.org/values/2-280-261-1>		"'monči"@brg	
"perá"@bg	<http://ids.clld.org/values/9-360-200-3>		<http://ids.clld.org/parameters/9-360>		<http://ids.clld.org/values/9-360-261-1>		"-'sipa"@brg	
"bjál drób"@bg	<http://ids.clld.org/values/4-441-200-1>		<http://ids.clld.org/parameters/4-441>		<http://ids.clld.org/values/4-441-261-1>		"ta'ha"@brg	
"kopája"@bg	<http://ids.clld.org/values/8-220-200-1>		<http://ids.clld.org/parameters/8-220>		<http://ids.clld.org/values/8-220-261-1>		"-'saho-kia-"@brg	
"krasív"@bg	<http://ids.clld.org/values/16-810-200-1>		<http://ids.clld.org/parameters/16-810>		<http://ids.clld.org/values/16-810-261-1>		"'monikowapa"@brg	
"korém"@bg	<http://ids.clld.org/values/4-460-200-3>		<http://ids.clld.org/parameters/4-460>		<http://ids.clld.org/values/4-460-261-1>		"-'he-ki"@brg	
"korém"@bg	<http://ids.clld.org/values/4-460-200-3>		<http://ids.clld.org/parameters/4-460>		<http://ids.clld.org/values/4-460-261-3>		"ničo'koki"@brg	
"pətéčka"@bg	<http://ids.clld.org/values/10-720-200-3>		<http://ids.clld.org/parameters/10-720>		<http://ids.clld.org/values/10-720-261-1>		"ša'no-ki"@brg	
"svírja"@bg	<http://ids.clld.org/values/16-260-200-3>		<http://ids.clld.org/parameters/16-260>		<http://ids.clld.org/values/16-260-261-1>		"ṛ̌o'ponič"@brg	
"lóš"@bg	<http://ids.clld.org/values/16-720-200-1>		<http://ids.clld.org/parameters/16-720>		<http://ids.clld.org/values/16-720-261-1>		"me'hewokon"@brg	
"vəžé"@bg	<http://ids.clld.org/values/9-190-200-1>		<http://ids.clld.org/parameters/9-190>		<http://ids.clld.org/values/9-190-261-1>		"ni-'ro-"@brg	
"piján"@bg	<http://ids.clld.org/values/4-980-200-3>		<http://ids.clld.org/parameters/4-980>		<http://ids.clld.org/values/4-980-261-1>		"-'kaβio"@brg	
"goljám"@bg	<http://ids.clld.org/values/12-550-200-1>		<http://ids.clld.org/parameters/12-550>		<http://ids.clld.org/values/12-550-261-1>		"čo-"@brg	
"pod"@bg	<http://ids.clld.org/values/12-70-200-1>		<http://ids.clld.org/parameters/12-70>		<http://ids.clld.org/values/12-70-261-1>		"a'piye"@brg	
"žená"@bg	<http://ids.clld.org/values/2-320-200-3>		<http://ids.clld.org/parameters/2-320>		<http://ids.clld.org/values/2-320-261-1>		"ne-'yon"@brg	
"súča"@bg	<http://ids.clld.org/values/5-160-200-1>		<http://ids.clld.org/parameters/5-160>		<http://ids.clld.org/values/5-160-261-1>		"-hi-'ko-"@brg	
"ljávata straná"@bg	<http://ids.clld.org/values/12-420-200-5>		<http://ids.clld.org/parameters/12-420>		<http://ids.clld.org/values/12-420-261-1>		"'sa-pi"@brg	
"dərvá za goréne"@bg	<http://ids.clld.org/values/1-880-200-1>		<http://ids.clld.org/parameters/1-880>		<http://ids.clld.org/values/1-880-261-1>		"ya'kis"@brg	
"záxarna trəstíka"@bg	<http://ids.clld.org/values/8-941-200-1>		<http://ids.clld.org/parameters/8-941>		<http://ids.clld.org/values/8-941-261-1>		"ko'te-n"@brg	
"[téndžera]"@bg	<http://ids.clld.org/values/5-260-200-1>		<http://ids.clld.org/parameters/5-260>		<http://ids.clld.org/values/5-260-261-3>		"keheβi"@brg	
"[téndžera]"@bg	<http://ids.clld.org/values/5-260-200-1>		<http://ids.clld.org/parameters/5-260>		<http://ids.clld.org/values/5-260-261-1>		"'hopi"@brg	
"lénta"@bg	<http://ids.clld.org/values/6-780-200-7>		<http://ids.clld.org/parameters/6-780>		<http://ids.clld.org/values/6-780-261-1>		"šo'me"@brg	
"úča se"@bg	<http://ids.clld.org/values/17-240-200-3>		<http://ids.clld.org/parameters/17-240>		<http://ids.clld.org/values/17-240-261-1>		"-karo-'wo-w"@brg	
"običáj"@bg	<http://ids.clld.org/values/19-610-200-1>		<http://ids.clld.org/parameters/19-610>		<http://ids.clld.org/values/19-610-261-1>		"-'rapi"@brg	
"níe"@bg	<http://ids.clld.org/values/2-940-200-1>		<http://ids.clld.org/parameters/2-940>		<http://ids.clld.org/values/2-940-261-1>		"βi-'ti"@brg	
"izc̷eždam/ izc̷edjá"@bg	<http://ids.clld.org/values/9-343-200-3>		<http://ids.clld.org/parameters/9-343>		<http://ids.clld.org/values/9-343-261-1>		"'ko-piti-"@brg	
"izc̷eždam/ izc̷edjá"@bg	<http://ids.clld.org/values/9-343-200-3>		<http://ids.clld.org/parameters/9-343>		<http://ids.clld.org/values/9-343-261-3>		"su'ipistakapa"@brg	
"otgóre"@bg	<http://ids.clld.org/values/12-80-200-5>		<http://ids.clld.org/parameters/12-80>		<http://ids.clld.org/values/12-80-261-1>		"a'ni-ye"@brg	
"vzémam/ vzímam/ vzéma"@bg	<http://ids.clld.org/values/11-130-200-1>		<http://ids.clld.org/parameters/11-130>		<http://ids.clld.org/values/11-130-261-1>		"-a'mo"@brg	
"glavá"@bg	<http://ids.clld.org/values/4-200-200-1>		<http://ids.clld.org/parameters/4-200>		<http://ids.clld.org/values/4-200-261-1>		"ni-'poʔe"@brg	
"glavatár"@bg	<http://ids.clld.org/values/19-240-200-3>		<http://ids.clld.org/parameters/19-240>		<http://ids.clld.org/values/19-240-261-1>		"rom"@brg	
"dobíče"@bg	<http://ids.clld.org/values/3-110-200-3>		<http://ids.clld.org/parameters/3-110>		<http://ids.clld.org/values/3-110-261-1>		"-'per"@brg	
"umrjál"@bg	<http://ids.clld.org/values/4-750-200-5>		<http://ids.clld.org/parameters/4-750>		<http://ids.clld.org/values/4-750-261-3>		"ṛ̌e'pen"@brg	
"umrjál"@bg	<http://ids.clld.org/values/4-750-200-5>		<http://ids.clld.org/parameters/4-750>		<http://ids.clld.org/values/4-750-261-1>		"-e'pe-"@brg	
"zmíja"@bg	<http://ids.clld.org/values/3-850-200-1>		<http://ids.clld.org/parameters/3-850>		<http://ids.clld.org/values/3-850-261-3>		"'peropi"@brg	
"zmíja"@bg	<http://ids.clld.org/values/3-850-200-1>		<http://ids.clld.org/parameters/3-850>		<http://ids.clld.org/values/3-850-261-1>		"ki'woṛ̌"@brg	
"zemjá"@bg	<http://ids.clld.org/values/1-210-200-1>		<http://ids.clld.org/parameters/1-210>		<http://ids.clld.org/values/1-210-261-1>		"po'ewok"@brg	
"dvá/ dvé"@bg	<http://ids.clld.org/values/13-20-200-1>		<http://ids.clld.org/parameters/13-20>		<http://ids.clld.org/values/13-20-261-1>		"m-a'pi-n"@brg	
"stárec̷"@bg	<http://ids.clld.org/values/2-461-200-1>		<http://ids.clld.org/parameters/2-461>		<http://ids.clld.org/values/2-461-261-1>		"a'ne"@brg	
"zad"@bg	<http://ids.clld.org/values/12-11-200-1>		<http://ids.clld.org/parameters/12-11>		<http://ids.clld.org/values/12-11-261-1>		"šiṛ̌iwa'niye"@brg	
"[fasúl]"@bg	<http://ids.clld.org/values/5-660-200-3>		<http://ids.clld.org/parameters/5-660>		<http://ids.clld.org/values/5-660-261-1>		"či'čoṛ̌op"@brg	
"vrát"@bg	<http://ids.clld.org/values/4-280-200-1>		<http://ids.clld.org/parameters/4-280>		<http://ids.clld.org/values/4-280-261-3>		"ni-'pi-h"@brg	
"vrát"@bg	<http://ids.clld.org/values/4-280-200-1>		<http://ids.clld.org/parameters/4-280>		<http://ids.clld.org/values/4-280-261-1>		"-pi-h"@brg	
"vrát"@bg	<http://ids.clld.org/values/4-280-200-1>		<http://ids.clld.org/parameters/4-280>		<http://ids.clld.org/values/4-280-261-5>		"-ča'no-ki"@brg	
"dréxi"@bg	<http://ids.clld.org/values/6-120-200-3>		<http://ids.clld.org/parameters/6-120>		<http://ids.clld.org/values/6-120-261-1>		"ra'roni"@brg	
"nósja"@bg	<http://ids.clld.org/values/10-610-200-1>		<http://ids.clld.org/parameters/10-610>		<http://ids.clld.org/values/10-610-261-1>		"nam"@brg	
"séme"@bg	<http://ids.clld.org/values/8-311-200-1>		<http://ids.clld.org/parameters/8-311>		<http://ids.clld.org/values/8-311-261-1>		"e'so-ki"@brg	
"červén"@bg	<http://ids.clld.org/values/15-660-200-1>		<http://ids.clld.org/parameters/15-660>		<http://ids.clld.org/values/15-660-261-1>		"moro'sero-"@brg	
"pə́len"@bg	<http://ids.clld.org/values/13-210-200-1>		<http://ids.clld.org/parameters/13-210>		<http://ids.clld.org/values/13-210-261-1>		"'ačokon"@brg	
"vjátər"@bg	<http://ids.clld.org/values/1-720-200-1>		<http://ids.clld.org/parameters/1-720>		<http://ids.clld.org/values/1-720-261-1>		"βiṛ̌"@brg	
"prílep"@bg	<http://ids.clld.org/values/3-591-200-1>		<http://ids.clld.org/parameters/3-591>		<http://ids.clld.org/values/3-591-261-1>		"βi'te-ṛ̌"@brg	
"ne"@bg	<http://ids.clld.org/values/17-560-200-1>		<http://ids.clld.org/parameters/17-560>		<http://ids.clld.org/values/17-560-261-1>		"'onkaw"@brg	
"stískam/ stísna"@bg	<http://ids.clld.org/values/9-343-200-5>		<http://ids.clld.org/parameters/9-343>		<http://ids.clld.org/values/9-343-261-1>		"'ko-piti-"@brg	
"stískam/ stísna"@bg	<http://ids.clld.org/values/9-343-200-5>		<http://ids.clld.org/parameters/9-343>		<http://ids.clld.org/values/9-343-261-3>		"su'ipistakapa"@brg	
"konéc"@bg	<http://ids.clld.org/values/6-380-200-1>		<http://ids.clld.org/parameters/6-380>		<http://ids.clld.org/values/6-380-261-1>		"kotipo'pin"@brg	
"šíja"@bg	<http://ids.clld.org/values/6-350-200-1>		<http://ids.clld.org/parameters/6-350>		<http://ids.clld.org/values/6-350-261-1>		"-'po-ri-a"@brg	
"šíja"@bg	<http://ids.clld.org/values/6-350-200-1>		<http://ids.clld.org/parameters/6-350>		<http://ids.clld.org/values/6-350-261-3>		"ni-'poṛ̌ia-w"@brg	
"níšto"@bg	<http://ids.clld.org/values/13-0-200-3>		<http://ids.clld.org/parameters/13-0>		<http://ids.clld.org/values/13-0-261-1>		"'inkaw ~ 'onkaw"@brg	
"znája"@bg	<http://ids.clld.org/values/17-170-200-1>		<http://ids.clld.org/parameters/17-170>		<http://ids.clld.org/values/17-170-261-1>		"-čo-"@brg	
"znája"@bg	<http://ids.clld.org/values/17-170-200-1>		<http://ids.clld.org/parameters/17-170>		<http://ids.clld.org/values/17-170-261-3>		"-tiṛ̌i"@brg	
"dərvó"@bg	<http://ids.clld.org/values/1-420-200-1>		<http://ids.clld.org/parameters/1-420>		<http://ids.clld.org/values/1-420-261-1>		"'ewokoe"@brg	
"vrə́v"@bg	<http://ids.clld.org/values/9-190-200-5>		<http://ids.clld.org/parameters/9-190>		<http://ids.clld.org/values/9-190-261-1>		"ni-'ro-"@brg	
"upláxa"@bg	<http://ids.clld.org/values/16-530-200-5>		<http://ids.clld.org/parameters/16-530>		<http://ids.clld.org/values/16-530-261-1>		"-pi-"@brg	
"upláxa"@bg	<http://ids.clld.org/values/16-530-200-5>		<http://ids.clld.org/parameters/16-530>		<http://ids.clld.org/values/16-530-261-3>		"'ni-piko-w"@brg	
"nós"@bg	<http://ids.clld.org/values/4-230-200-1>		<http://ids.clld.org/parameters/4-230>		<http://ids.clld.org/values/4-230-261-1>		"-'si-ri"@brg	
"nós"@bg	<http://ids.clld.org/values/4-230-200-1>		<http://ids.clld.org/parameters/4-230>		<http://ids.clld.org/values/4-230-261-3>		"ni-pa-'siṛ̌i"@brg	
"grə́d"@bg	<http://ids.clld.org/values/4-410-200-3>		<http://ids.clld.org/parameters/4-410>		<http://ids.clld.org/values/4-410-261-1>		"-šo-n"@brg	
"pričína"@bg	<http://ids.clld.org/values/17-420-200-1>		<http://ids.clld.org/parameters/17-420>		<http://ids.clld.org/values/17-420-261-3>		"imo-"@brg	
"pričína"@bg	<http://ids.clld.org/values/17-420-200-1>		<http://ids.clld.org/parameters/17-420>		<http://ids.clld.org/values/17-420-261-1>		"i-"@brg	
"smúkvam/ smúkna"@bg	<http://ids.clld.org/values/5-160-200-5>		<http://ids.clld.org/parameters/5-160>		<http://ids.clld.org/values/5-160-261-1>		"-hi-'ko-"@brg	
"rabótja"@bg	<http://ids.clld.org/values/9-120-200-1>		<http://ids.clld.org/parameters/9-120>		<http://ids.clld.org/values/9-120-261-1>		"koto-"@brg	
"sərc̷é"@bg	<http://ids.clld.org/values/4-440-200-1>		<http://ids.clld.org/parameters/4-440>		<http://ids.clld.org/values/4-440-261-1>		"neto'koʔin"@brg	
"píle"@bg	<http://ids.clld.org/values/3-550-200-1>		<http://ids.clld.org/parameters/3-550>		<http://ids.clld.org/values/3-550-261-1>		"'tipoṛ̌ek"@brg	
"gládək"@bg	<http://ids.clld.org/values/15-770-200-1>		<http://ids.clld.org/parameters/15-770>		<http://ids.clld.org/values/15-770-261-1>		"-'mo-ri"@brg	
"dim"@bg	<http://ids.clld.org/values/1-830-200-1>		<http://ids.clld.org/parameters/1-830>		<http://ids.clld.org/values/1-830-261-1>		"kotiso'kon"@brg	
"málək"@bg	<http://ids.clld.org/values/12-560-200-1>		<http://ids.clld.org/parameters/12-560>		<http://ids.clld.org/values/12-560-261-5>		"ti'ʔa-ci"@brg	
"málək"@bg	<http://ids.clld.org/values/12-560-200-1>		<http://ids.clld.org/parameters/12-560>		<http://ids.clld.org/values/12-560-261-3>		"'mičokiṛ̌i"@brg	
"málək"@bg	<http://ids.clld.org/values/12-560-200-1>		<http://ids.clld.org/parameters/12-560>		<http://ids.clld.org/values/12-560-261-1>		"-či"@brg	
"igrája"@bg	<http://ids.clld.org/values/16-260-200-1>		<http://ids.clld.org/parameters/16-260>		<http://ids.clld.org/values/16-260-261-1>		"ṛ̌o'ponič"@brg	
"kogá?"@bg	<http://ids.clld.org/values/17-650-200-1>		<http://ids.clld.org/parameters/17-650>		<http://ids.clld.org/values/17-650-261-1>		"kaeerapoka"@brg	
"mə́žki"@bg	<http://ids.clld.org/values/2-230-200-1>		<http://ids.clld.org/parameters/2-230>		<http://ids.clld.org/values/2-230-261-1>		"a'čane"@brg	
"prə́st"@bg	<http://ids.clld.org/values/4-340-200-1>		<http://ids.clld.org/parameters/4-340>		<http://ids.clld.org/values/4-340-261-1>		"ni-'wohis"@brg	
"prə́st na krák"@bg	<http://ids.clld.org/values/4-380-200-1>		<http://ids.clld.org/parameters/4-380>		<http://ids.clld.org/values/4-380-261-1>		"ni'wohis to ni'poih"@brg	
"nebé"@bg	<http://ids.clld.org/values/1-510-200-1>		<http://ids.clld.org/parameters/1-510>		<http://ids.clld.org/values/1-510-261-1>		"a'ni-ye"@brg	
"naučávam/ naúčvam/ naúča"@bg	<http://ids.clld.org/values/17-240-200-5>		<http://ids.clld.org/parameters/17-240>		<http://ids.clld.org/values/17-240-261-1>		"-karo-'wo-w"@brg	
"pókriv"@bg	<http://ids.clld.org/values/7-510-200-1>		<http://ids.clld.org/parameters/7-510>		<http://ids.clld.org/values/7-510-261-1>		"ečo'pi"@brg	
"jám"@bg	<http://ids.clld.org/values/5-110-200-1>		<http://ids.clld.org/parameters/5-110>		<http://ids.clld.org/values/5-110-261-3>		"ni-'kow"@brg	
"jám"@bg	<http://ids.clld.org/values/5-110-200-1>		<http://ids.clld.org/parameters/5-110>		<http://ids.clld.org/values/5-110-261-1>		"-ni-"@brg	
"umíram/ umrá"@bg	<http://ids.clld.org/values/4-750-200-1>		<http://ids.clld.org/parameters/4-750>		<http://ids.clld.org/values/4-750-261-3>		"ṛ̌e'pen"@brg	
"umíram/ umrá"@bg	<http://ids.clld.org/values/4-750-200-1>		<http://ids.clld.org/parameters/4-750>		<http://ids.clld.org/values/4-750-261-1>		"-e'pe-"@brg	
"[mása]"@bg	<http://ids.clld.org/values/7-440-200-1>		<http://ids.clld.org/parameters/7-440>		<http://ids.clld.org/values/7-440-261-1>		"[mes]"@brg	
"más"@bg	<http://ids.clld.org/values/5-791-200-1>		<http://ids.clld.org/parameters/5-791>		<http://ids.clld.org/values/5-791-261-1>		"ro'kamokow"@brg	
"[majmúna]"@bg	<http://ids.clld.org/values/3-760-200-1>		<http://ids.clld.org/parameters/3-760>		<http://ids.clld.org/values/3-760-261-1>		"yo-ṛ̌"@brg	
"nákit/ ukrašénie za glavá"@bg	<http://ids.clld.org/values/6-780-200-5>		<http://ids.clld.org/parameters/6-780>		<http://ids.clld.org/values/6-780-261-1>		"šo'me"@brg	
"stár"@bg	<http://ids.clld.org/values/14-150-200-1>		<http://ids.clld.org/parameters/14-150>		<http://ids.clld.org/values/14-150-261-1>		"či-n"@brg	
"víe"@bg	<http://ids.clld.org/values/2-950-200-1>		<http://ids.clld.org/parameters/2-950>		<http://ids.clld.org/values/2-950-261-1>		"yi-'ti"@brg	
"dəžd"@bg	<http://ids.clld.org/values/1-750-200-1>		<http://ids.clld.org/parameters/1-750>		<http://ids.clld.org/values/1-750-261-1>		"so'won"@brg	
