"mušíc̷a"@bg	<http://ids.clld.org/values/3-831-200-1>		<http://ids.clld.org/parameters/3-831>		<http://ids.clld.org/values/3-831-280-1>		"'šio"@pcp	
"mušíc̷a"@bg	<http://ids.clld.org/values/3-831-200-1>		<http://ids.clld.org/parameters/3-831>		<http://ids.clld.org/values/3-831-280-3>		"'čio"@pcp	
"nogá"@bg	<http://ids.clld.org/values/4-350-200-3>		<http://ids.clld.org/parameters/4-350>		<http://ids.clld.org/values/4-350-280-1>		"'wiko"@pcp	
"bradá"@bg	<http://ids.clld.org/values/4-142-200-1>		<http://ids.clld.org/parameters/4-142>		<http://ids.clld.org/values/4-142-280-1>		"'kɨni"@pcp	
"zə́b"@bg	<http://ids.clld.org/values/4-270-200-1>		<http://ids.clld.org/parameters/4-270>		<http://ids.clld.org/values/4-270-280-1>		"'ṣ̌ɨna"@pcp	
"krák"@bg	<http://ids.clld.org/values/4-370-200-1>		<http://ids.clld.org/parameters/4-370>		<http://ids.clld.org/values/4-370-280-1>		"'taʔɨ"@pcp	
"ógən"@bg	<http://ids.clld.org/values/1-810-200-1>		<http://ids.clld.org/parameters/1-810>		<http://ids.clld.org/values/1-810-280-1>		"'čiʔi"@pcp	
"bjál"@bg	<http://ids.clld.org/values/15-640-200-1>		<http://ids.clld.org/parameters/15-640>		<http://ids.clld.org/values/15-640-280-1>		"'hoṣ̌o"@pcp	
"xodílo"@bg	<http://ids.clld.org/values/4-370-200-7>		<http://ids.clld.org/parameters/4-370>		<http://ids.clld.org/values/4-370-280-1>		"'taʔɨ"@pcp	
"óstər"@bg	<http://ids.clld.org/values/15-780-200-1>		<http://ids.clld.org/parameters/15-780>		<http://ids.clld.org/values/15-780-280-1>		"'ɨika"@pcp	
"rəká"@bg	<http://ids.clld.org/values/4-310-200-1>		<http://ids.clld.org/parameters/4-310>		<http://ids.clld.org/values/4-310-280-1>		"po'yana"@pcp	
"mréža"@bg	<http://ids.clld.org/values/9-780-200-1>		<http://ids.clld.org/parameters/9-780>		<http://ids.clld.org/values/9-780-280-1>		"'sota"@pcp	
"kərmáče"@bg	<http://ids.clld.org/values/2-280-200-7>		<http://ids.clld.org/parameters/2-280>		<http://ids.clld.org/values/2-280-280-1>		"'wakɨ 'pistia"@pcp	
"kóst"@bg	<http://ids.clld.org/values/4-160-200-1>		<http://ids.clld.org/parameters/4-160>		<http://ids.clld.org/values/4-160-280-1>		"'ṣ̌ao"@pcp	
"sóva"@bg	<http://ids.clld.org/values/3-596-200-5>		<http://ids.clld.org/parameters/3-596>		<http://ids.clld.org/values/3-596-280-1>		"'popo"@pcp	
"komárče"@bg	<http://ids.clld.org/values/3-831-200-5>		<http://ids.clld.org/parameters/3-831>		<http://ids.clld.org/values/3-831-280-1>		"'šio"@pcp	
"komárče"@bg	<http://ids.clld.org/values/3-831-200-5>		<http://ids.clld.org/parameters/3-831>		<http://ids.clld.org/values/3-831-280-3>		"'čio"@pcp	
"[tapióka]"@bg	<http://ids.clld.org/values/8-920-200-1>		<http://ids.clld.org/parameters/8-920>		<http://ids.clld.org/values/8-920-280-1>		"'ac̷a"@pcp	
"slə́nc̷e"@bg	<http://ids.clld.org/values/1-520-200-1>		<http://ids.clld.org/parameters/1-520>		<http://ids.clld.org/values/1-520-280-1>		"'waři"@pcp	
"kukumjávka"@bg	<http://ids.clld.org/values/3-596-200-3>		<http://ids.clld.org/parameters/3-596>		<http://ids.clld.org/values/3-596-280-1>		"'popo"@pcp	
"tój/ tjá/ tó"@bg	<http://ids.clld.org/values/2-930-200-1>		<http://ids.clld.org/parameters/2-930>		<http://ids.clld.org/values/2-930-280-1>		"'haa"@pcp	
"grəmotévic̷a"@bg	<http://ids.clld.org/values/1-560-200-3>		<http://ids.clld.org/parameters/1-560>		<http://ids.clld.org/values/1-560-280-1>		"'naina"@pcp	
"potók"@bg	<http://ids.clld.org/values/1-360-200-3>		<http://ids.clld.org/parameters/1-360>		<http://ids.clld.org/values/1-360-280-1>		"'ʔani"@pcp	
"potók"@bg	<http://ids.clld.org/values/1-360-200-3>		<http://ids.clld.org/parameters/1-360>		<http://ids.clld.org/values/1-360-280-3>		"'pao"@pcp	
"brašnó"@bg	<http://ids.clld.org/values/5-550-200-1>		<http://ids.clld.org/parameters/5-550>		<http://ids.clld.org/values/5-550-280-1>		"'moto"@pcp	
"razc̷épvam/ razc̷épja (se)"@bg	<http://ids.clld.org/values/9-270-200-3>		<http://ids.clld.org/parameters/9-270>		<http://ids.clld.org/values/9-270-280-1>		"ma'tošmaki"@pcp	
"májka"@bg	<http://ids.clld.org/values/2-360-200-1>		<http://ids.clld.org/parameters/2-360>		<http://ids.clld.org/values/2-360-280-1>		"'kai"@pcp	
"nadaléko/ nadaléč/ nadaléče"@bg	<http://ids.clld.org/values/12-440-200-3>		<http://ids.clld.org/parameters/12-440>		<http://ids.clld.org/values/12-440-280-1>		"nɨ'ama"@pcp	
"búza"@bg	<http://ids.clld.org/values/4-208-200-1>		<http://ids.clld.org/parameters/4-208>		<http://ids.clld.org/values/4-208-280-1>		"'tamo"@pcp	
"mórska kostenúrka"@bg	<http://ids.clld.org/values/3-980-200-1>		<http://ids.clld.org/parameters/3-980>		<http://ids.clld.org/values/3-980-280-1>		"'ṣ̌awɨ"@pcp	
"brádva"@bg	<http://ids.clld.org/values/9-250-200-1>		<http://ids.clld.org/parameters/9-250>		<http://ids.clld.org/values/9-250-280-1>		"[hača]"@pcp	
"luná"@bg	<http://ids.clld.org/values/1-530-200-1>		<http://ids.clld.org/parameters/1-530>		<http://ids.clld.org/values/1-530-280-1>		"'ʔoṣ̌ɨ"@pcp	
"okó"@bg	<http://ids.clld.org/values/4-210-200-1>		<http://ids.clld.org/parameters/4-210>		<http://ids.clld.org/values/4-210-280-1>		"'wɨřo"@pcp	
"uxó"@bg	<http://ids.clld.org/values/4-220-200-1>		<http://ids.clld.org/parameters/4-220>		<http://ids.clld.org/values/4-220-280-1>		"'paʔoki"@pcp	
"líst"@bg	<http://ids.clld.org/values/8-560-200-1>		<http://ids.clld.org/parameters/8-560>		<http://ids.clld.org/values/8-560-280-1>		"'pɨʔi"@pcp	
"grəm"@bg	<http://ids.clld.org/values/1-560-200-1>		<http://ids.clld.org/parameters/1-560>		<http://ids.clld.org/values/1-560-280-1>		"'naina"@pcp	
"glád"@bg	<http://ids.clld.org/values/5-140-200-1>		<http://ids.clld.org/parameters/5-140>		<http://ids.clld.org/values/5-140-280-1>		"paṣ̌na'hai"@pcp	
"dərvó"@bg	<http://ids.clld.org/values/8-600-200-1>		<http://ids.clld.org/parameters/8-600>		<http://ids.clld.org/values/8-600-280-1>		"'hiwi"@pcp	
"mənísto"@bg	<http://ids.clld.org/values/6-760-200-1>		<http://ids.clld.org/parameters/6-760>		<http://ids.clld.org/values/6-760-280-1>		"'kisi"@pcp	
"ezík"@bg	<http://ids.clld.org/values/4-260-200-1>		<http://ids.clld.org/parameters/4-260>		<http://ids.clld.org/values/4-260-280-1>		"'hana"@pcp	
"kə́šta"@bg	<http://ids.clld.org/values/7-120-200-1>		<http://ids.clld.org/parameters/7-120>		<http://ids.clld.org/values/7-120-280-1>		"'ṣ̌owo"@pcp	
"dvé"@bg	<http://ids.clld.org/values/13-20-200-3>		<http://ids.clld.org/parameters/13-20>		<http://ids.clld.org/values/13-20-280-1>		"ra'wɨ"@pcp	
"mə́ž"@bg	<http://ids.clld.org/values/2-310-200-3>		<http://ids.clld.org/parameters/2-310>		<http://ids.clld.org/values/2-310-280-1>		"'wɨnɨ"@pcp	
"téžək"@bg	<http://ids.clld.org/values/15-810-200-1>		<http://ids.clld.org/parameters/15-810>		<http://ids.clld.org/values/15-810-280-1>		"'iwɨ"@pcp	
"nogá"@bg	<http://ids.clld.org/values/4-370-200-3>		<http://ids.clld.org/parameters/4-370>		<http://ids.clld.org/values/4-370-280-1>		"'taʔɨ"@pcp	
"plód"@bg	<http://ids.clld.org/values/5-710-200-1>		<http://ids.clld.org/parameters/5-710>		<http://ids.clld.org/values/5-710-280-1>		"'kɨo"@pcp	
"[nasekómo]"@bg	<http://ids.clld.org/values/3-810-200-1>		<http://ids.clld.org/parameters/3-810>		<http://ids.clld.org/values/3-810-280-1>		"wɨ'oso"@pcp	
"c̷véte"@bg	<http://ids.clld.org/values/8-570-200-1>		<http://ids.clld.org/parameters/8-570>		<http://ids.clld.org/values/8-570-280-3>		"řeṣ̌'pana"@pcp	
"c̷véte"@bg	<http://ids.clld.org/values/8-570-200-1>		<http://ids.clld.org/parameters/8-570>		<http://ids.clld.org/values/8-570-280-1>		"'hoa"@pcp	
"dén"@bg	<http://ids.clld.org/values/14-410-200-1>		<http://ids.clld.org/parameters/14-410>		<http://ids.clld.org/values/14-410-280-1>		"'waři"@pcp	
"vəžénc̷e"@bg	<http://ids.clld.org/values/9-190-200-3>		<http://ids.clld.org/parameters/9-190>		<http://ids.clld.org/values/9-190-280-1>		"'taška"@pcp	
"mladenéc̷"@bg	<http://ids.clld.org/values/2-280-200-5>		<http://ids.clld.org/parameters/2-280>		<http://ids.clld.org/values/2-280-280-1>		"'wakɨ 'pistia"@pcp	
"sərná"@bg	<http://ids.clld.org/values/3-750-200-3>		<http://ids.clld.org/parameters/3-750>		<http://ids.clld.org/values/3-750-280-1>		"'čaṣ̌o"@pcp	
"stəpálo"@bg	<http://ids.clld.org/values/4-370-200-5>		<http://ids.clld.org/parameters/4-370>		<http://ids.clld.org/values/4-370-280-1>		"'taʔɨ"@pcp	
"gnezdó"@bg	<http://ids.clld.org/values/3-580-200-1>		<http://ids.clld.org/parameters/3-580>		<http://ids.clld.org/values/3-580-280-1>		"'naʔa"@pcp	
"búxal"@bg	<http://ids.clld.org/values/3-596-200-1>		<http://ids.clld.org/parameters/3-596>		<http://ids.clld.org/values/3-596-280-1>		"'popo"@pcp	
"níva"@bg	<http://ids.clld.org/values/8-120-200-1>		<http://ids.clld.org/parameters/8-120>		<http://ids.clld.org/values/8-120-280-1>		"'wai"@pcp	
"dóm"@bg	<http://ids.clld.org/values/7-120-200-3>		<http://ids.clld.org/parameters/7-120>		<http://ids.clld.org/values/7-120-280-1>		"'ṣ̌owo"@pcp	
"pokázvam/ pokáža"@bg	<http://ids.clld.org/values/15-550-200-1>		<http://ids.clld.org/parameters/15-550>		<http://ids.clld.org/values/15-550-280-1>		"hi-'maki"@pcp	
"žená"@bg	<http://ids.clld.org/values/2-220-200-1>		<http://ids.clld.org/parameters/2-220>		<http://ids.clld.org/values/2-220-280-1>		"'yoṣ̌a"@pcp	
"kóža"@bg	<http://ids.clld.org/values/4-120-200-1>		<http://ids.clld.org/parameters/4-120>		<http://ids.clld.org/values/4-120-280-1>		"'wiči"@pcp	
"ustá"@bg	<http://ids.clld.org/values/4-240-200-1>		<http://ids.clld.org/parameters/4-240>		<http://ids.clld.org/values/4-240-280-1>		"kɨ'wɨči"@pcp	
"mə́ž"@bg	<http://ids.clld.org/values/2-210-200-1>		<http://ids.clld.org/parameters/2-210>		<http://ids.clld.org/values/2-210-280-1>		"'honi"@pcp	
"kóren"@bg	<http://ids.clld.org/values/8-540-200-1>		<http://ids.clld.org/parameters/8-540>		<http://ids.clld.org/values/8-540-280-1>		"ta'pono"@pcp	
"səprúga"@bg	<http://ids.clld.org/values/2-320-200-1>		<http://ids.clld.org/parameters/2-320>		<http://ids.clld.org/values/2-320-280-1>		"ʔa'wini"@pcp	
"pelenáče"@bg	<http://ids.clld.org/values/2-280-200-3>		<http://ids.clld.org/parameters/2-280>		<http://ids.clld.org/values/2-280-280-1>		"'wakɨ 'pistia"@pcp	
"rəká"@bg	<http://ids.clld.org/values/4-330-200-1>		<http://ids.clld.org/parameters/4-330>		<http://ids.clld.org/values/4-330-280-1>		"mɨ'kɨna"@pcp	
"dúpka"@bg	<http://ids.clld.org/values/12-850-200-1>		<http://ids.clld.org/parameters/12-850>		<http://ids.clld.org/values/12-850-280-1>		"'kini"@pcp	
"zvezdá"@bg	<http://ids.clld.org/values/1-540-200-1>		<http://ids.clld.org/parameters/1-540>		<http://ids.clld.org/values/1-540-280-1>		"'wištima"@pcp	
"osá"@bg	<http://ids.clld.org/values/3-823-200-1>		<http://ids.clld.org/parameters/3-823>		<http://ids.clld.org/values/3-823-280-1>		"'wina"@pcp	
"daléko/ daléč/ daléče"@bg	<http://ids.clld.org/values/12-440-200-1>		<http://ids.clld.org/parameters/12-440>		<http://ids.clld.org/values/12-440-280-1>		"nɨ'ama"@pcp	
"krə́v"@bg	<http://ids.clld.org/values/4-150-200-1>		<http://ids.clld.org/parameters/4-150>		<http://ids.clld.org/values/4-150-280-1>		"'himi"@pcp	
"baštá"@bg	<http://ids.clld.org/values/2-350-200-1>		<http://ids.clld.org/parameters/2-350>		<http://ids.clld.org/values/2-350-280-1>		"'ɨpa"@pcp	
"baštá"@bg	<http://ids.clld.org/values/2-350-200-1>		<http://ids.clld.org/parameters/2-350>		<http://ids.clld.org/values/2-350-280-3>		"'ʔɨpa"@pcp	
"žába"@bg	<http://ids.clld.org/values/3-950-200-1>		<http://ids.clld.org/parameters/3-950>		<http://ids.clld.org/values/3-950-280-1>		"wɨṣ̌ko"@pcp	
"[papagál]"@bg	<http://ids.clld.org/values/3-592-200-1>		<http://ids.clld.org/parameters/3-592>		<http://ids.clld.org/values/3-592-280-1>		"'wawa"@pcp	
"reká"@bg	<http://ids.clld.org/values/1-360-200-1>		<http://ids.clld.org/parameters/1-360>		<http://ids.clld.org/values/1-360-280-1>		"'ʔani"@pcp	
"reká"@bg	<http://ids.clld.org/values/1-360-200-1>		<http://ids.clld.org/parameters/1-360>		<http://ids.clld.org/values/1-360-280-3>		"'pao"@pcp	
"[rusálka]"@bg	<http://ids.clld.org/values/10-831-200-3>		<http://ids.clld.org/parameters/10-831>		<http://ids.clld.org/values/10-831-280-1>		"'noti"@pcp	
"komár"@bg	<http://ids.clld.org/values/3-832-200-1>		<http://ids.clld.org/parameters/3-832>		<http://ids.clld.org/values/3-832-280-1>		"'wii"@pcp	
"straná"@bg	<http://ids.clld.org/values/4-208-200-3>		<http://ids.clld.org/parameters/4-208>		<http://ids.clld.org/values/4-208-280-1>		"'tamo"@pcp	
"ptíc��a"@bg	<http://ids.clld.org/values/3-581-200-1>		<http://ids.clld.org/parameters/3-581>		<http://ids.clld.org/values/3-581-280-1>		"'isko"@pcp	
"čéren drób"@bg	<http://ids.clld.org/values/4-450-200-1>		<http://ids.clld.org/parameters/4-450>		<http://ids.clld.org/values/4-450-280-1>		"'taka"@pcp	
"réža"@bg	<http://ids.clld.org/values/9-220-200-1>		<http://ids.clld.org/parameters/9-220>		<http://ids.clld.org/values/9-220-280-1>		"'kɨɨsakia"@pcp	
"[pamúk]"@bg	<http://ids.clld.org/values/6-240-200-1>		<http://ids.clld.org/parameters/6-240>		<http://ids.clld.org/values/6-240-280-1>		"waṣ̌'mɨna"@pcp	
"krák"@bg	<http://ids.clld.org/values/4-350-200-1>		<http://ids.clld.org/parameters/4-350>		<http://ids.clld.org/values/4-350-280-1>		"'wiko"@pcp	
"sládək"@bg	<http://ids.clld.org/values/15-350-200-1>		<http://ids.clld.org/parameters/15-350>		<http://ids.clld.org/values/15-350-280-1>		"tɨ'ɨ"@pcp	
"cárevica"@bg	<http://ids.clld.org/values/8-470-200-1>		<http://ids.clld.org/parameters/8-470>		<http://ids.clld.org/values/8-470-280-1>		"'ṣ̌ɨki"@pcp	
"míja (se)"@bg	<http://ids.clld.org/values/9-360-200-1>		<http://ids.clld.org/parameters/9-360>		<http://ids.clld.org/values/9-360-280-1>		"'aši"@pcp	
"vodá"@bg	<http://ids.clld.org/values/1-310-200-1>		<http://ids.clld.org/parameters/1-310>		<http://ids.clld.org/values/1-310-280-1>		"'hɨnɨ"@pcp	
"naprávja"@bg	<http://ids.clld.org/values/9-110-200-3>		<http://ids.clld.org/parameters/9-110>		<http://ids.clld.org/values/9-110-280-1>		"i'wɨ"@pcp	
"kosá"@bg	<http://ids.clld.org/values/4-140-200-1>		<http://ids.clld.org/parameters/4-140>		<http://ids.clld.org/values/4-140-280-1>		"'woo"@pcp	
"mušíčka"@bg	<http://ids.clld.org/values/3-831-200-3>		<http://ids.clld.org/parameters/3-831>		<http://ids.clld.org/values/3-831-280-1>		"'šio"@pcp	
"mušíčka"@bg	<http://ids.clld.org/values/3-831-200-3>		<http://ids.clld.org/parameters/3-831>		<http://ids.clld.org/values/3-831-280-3>		"'čio"@pcp	
"áz"@bg	<http://ids.clld.org/values/2-910-200-1>		<http://ids.clld.org/parameters/2-910>		<http://ids.clld.org/values/2-910-280-1>		"'ɨa"@pcp	
"səprúg"@bg	<http://ids.clld.org/values/2-310-200-1>		<http://ids.clld.org/parameters/2-310>		<http://ids.clld.org/values/2-310-280-1>		"'wɨnɨ"@pcp	
"pépel"@bg	<http://ids.clld.org/values/1-840-200-1>		<http://ids.clld.org/parameters/1-840>		<http://ids.clld.org/values/1-840-280-1>		"'mišpo"@pcp	
"óblak"@bg	<http://ids.clld.org/values/1-730-200-1>		<http://ids.clld.org/parameters/1-730>		<http://ids.clld.org/values/1-730-280-1>		"'c̷ɨmo"@pcp	
"[manióka]"@bg	<http://ids.clld.org/values/8-920-200-3>		<http://ids.clld.org/parameters/8-920>		<http://ids.clld.org/values/8-920-280-1>		"'ac̷a"@pcp	
"ríba"@bg	<http://ids.clld.org/values/3-650-200-1>		<http://ids.clld.org/parameters/3-650>		<http://ids.clld.org/values/3-650-280-3>		"'woɨ"@pcp	
"ríba"@bg	<http://ids.clld.org/values/3-650-200-1>		<http://ids.clld.org/parameters/3-650>		<http://ids.clld.org/values/3-650-280-1>		"sa'nino"@pcp	
"rúčej"@bg	<http://ids.clld.org/values/1-360-200-5>		<http://ids.clld.org/parameters/1-360>		<http://ids.clld.org/values/1-360-280-1>		"'ʔani"@pcp	
"rúčej"@bg	<http://ids.clld.org/values/1-360-200-5>		<http://ids.clld.org/parameters/1-360>		<http://ids.clld.org/values/1-360-280-3>		"'pao"@pcp	
"listó"@bg	<http://ids.clld.org/values/8-560-200-3>		<http://ids.clld.org/parameters/8-560>		<http://ids.clld.org/values/8-560-280-1>		"'pɨʔi"@pcp	
"[pálma]"@bg	<http://ids.clld.org/values/8-810-200-1>		<http://ids.clld.org/parameters/8-810>		<http://ids.clld.org/values/8-810-280-1>		"'koti"@pcp	
"[kanú]"@bg	<http://ids.clld.org/values/10-831-200-1>		<http://ids.clld.org/parameters/10-831>		<http://ids.clld.org/values/10-831-280-1>		"'noti"@pcp	
"[bébe]"@bg	<http://ids.clld.org/values/2-280-200-1>		<http://ids.clld.org/parameters/2-280>		<http://ids.clld.org/values/2-280-280-1>		"'wakɨ 'pistia"@pcp	
"právja"@bg	<http://ids.clld.org/values/9-110-200-1>		<http://ids.clld.org/parameters/9-110>		<http://ids.clld.org/values/9-110-280-1>		"i'wɨ"@pcp	
"perá"@bg	<http://ids.clld.org/values/9-360-200-3>		<http://ids.clld.org/parameters/9-360>		<http://ids.clld.org/values/9-360-280-1>		"'aši"@pcp	
"bjál drób"@bg	<http://ids.clld.org/values/4-441-200-1>		<http://ids.clld.org/parameters/4-441>		<http://ids.clld.org/values/4-441-280-1>		"'taṣ̌a"@pcp	
"lešojád"@bg	<http://ids.clld.org/values/3-586-200-1>		<http://ids.clld.org/parameters/3-586>		<http://ids.clld.org/values/3-586-280-1>		"po'iko"@pcp	
"vəžé"@bg	<http://ids.clld.org/values/9-190-200-1>		<http://ids.clld.org/parameters/9-190>		<http://ids.clld.org/values/9-190-280-1>		"'taška"@pcp	
"žená"@bg	<http://ids.clld.org/values/2-320-200-3>		<http://ids.clld.org/parameters/2-320>		<http://ids.clld.org/values/2-320-280-1>		"ʔa'wini"@pcp	
"dərvá za goréne"@bg	<http://ids.clld.org/values/1-880-200-1>		<http://ids.clld.org/parameters/1-880>		<http://ids.clld.org/values/1-880-280-1>		"'kařo"@pcp	
"elén"@bg	<http://ids.clld.org/values/3-750-200-1>		<http://ids.clld.org/parameters/3-750>		<http://ids.clld.org/values/3-750-280-1>		"'čaṣ̌o"@pcp	
"jajcé"@bg	<http://ids.clld.org/values/5-970-200-1>		<http://ids.clld.org/parameters/5-970>		<http://ids.clld.org/values/5-970-280-1>		"'wači"@pcp	
"glavá"@bg	<http://ids.clld.org/values/4-200-200-1>		<http://ids.clld.org/parameters/4-200>		<http://ids.clld.org/values/4-200-280-1>		"'mapo"@pcp	
"zemjá"@bg	<http://ids.clld.org/values/1-210-200-1>		<http://ids.clld.org/parameters/1-210>		<http://ids.clld.org/values/1-210-280-1>		"'mai"@pcp	
"viždam/ vídja"@bg	<http://ids.clld.org/values/15-510-200-1>		<http://ids.clld.org/parameters/15-510>		<http://ids.clld.org/values/15-510-280-1>		"his'pa"@pcp	
"viždam/ vídja"@bg	<http://ids.clld.org/values/15-510-200-1>		<http://ids.clld.org/parameters/15-510>		<http://ids.clld.org/values/15-510-280-3>		"'hisna"@pcp	
"ptíčka"@bg	<http://ids.clld.org/values/3-581-200-3>		<http://ids.clld.org/parameters/3-581>		<http://ids.clld.org/values/3-581-280-1>		"'isko"@pcp	
"dvá/ dvé"@bg	<http://ids.clld.org/values/13-20-200-1>		<http://ids.clld.org/parameters/13-20>		<http://ids.clld.org/values/13-20-280-1>		"ra'wɨ"@pcp	
"pólog"@bg	<http://ids.clld.org/values/3-580-200-3>		<http://ids.clld.org/parameters/3-580>		<http://ids.clld.org/values/3-580-280-1>		"'naʔa"@pcp	
"červén"@bg	<http://ids.clld.org/values/15-660-200-1>		<http://ids.clld.org/parameters/15-660>		<http://ids.clld.org/values/15-660-280-1>		"'šini"@pcp	
"dərvó"@bg	<http://ids.clld.org/values/1-420-200-1>		<http://ids.clld.org/parameters/1-420>		<http://ids.clld.org/values/1-420-280-1>		"'hiwi"@pcp	
"vrə́v"@bg	<http://ids.clld.org/values/9-190-200-5>		<http://ids.clld.org/parameters/9-190>		<http://ids.clld.org/values/9-190-280-1>		"'taška"@pcp	
"c̷épja (se)"@bg	<http://ids.clld.org/values/9-270-200-1>		<http://ids.clld.org/parameters/9-270>		<http://ids.clld.org/values/9-270-280-1>		"ma'tošmaki"@pcp	
"nós"@bg	<http://ids.clld.org/values/4-230-200-1>		<http://ids.clld.org/parameters/4-230>		<http://ids.clld.org/values/4-230-280-1>		"řɨ'kina"@pcp	
"sərc̷é"@bg	<http://ids.clld.org/values/4-440-200-1>		<http://ids.clld.org/parameters/4-440>		<http://ids.clld.org/values/4-440-280-1>		"howi'ti"@pcp	
"píle"@bg	<http://ids.clld.org/values/3-550-200-1>		<http://ids.clld.org/parameters/3-550>		<http://ids.clld.org/values/3-550-280-1>		"pati'aři"@pcp	
"dim"@bg	<http://ids.clld.org/values/1-830-200-1>		<http://ids.clld.org/parameters/1-830>		<http://ids.clld.org/values/1-830-280-1>		"ko'ʔina"@pcp	
"málək"@bg	<http://ids.clld.org/values/12-560-200-1>		<http://ids.clld.org/parameters/12-560>		<http://ids.clld.org/values/12-560-280-1>		"'mišni"@pcp	
"nebé"@bg	<http://ids.clld.org/values/1-510-200-1>		<http://ids.clld.org/parameters/1-510>		<http://ids.clld.org/values/1-510-280-1>		"na'ipa"@pcp	
"dəžd"@bg	<http://ids.clld.org/values/1-750-200-1>		<http://ids.clld.org/parameters/1-750>		<http://ids.clld.org/values/1-750-280-3>		"ʔo'i"@pcp	
"dəžd"@bg	<http://ids.clld.org/values/1-750-200-1>		<http://ids.clld.org/parameters/1-750>		<http://ids.clld.org/values/1-750-280-1>		"o'i"@pcp	
