"cnuimh"@ga	<http://ids.clld.org/values/3-840-181-5>		<http://ids.clld.org/parameters/3-840>		<http://ids.clld.org/values/3-840-286-1>		"meteʔ"@pav	
"goin"@ga	<http://ids.clld.org/values/9-223-181-3>		<http://ids.clld.org/parameters/9-223>		<http://ids.clld.org/values/9-223-286-1>		"šukunʔ"@pav	
"crann"@ga	<http://ids.clld.org/values/1-420-181-1>		<http://ids.clld.org/parameters/1-420>		<http://ids.clld.org/values/1-420-286-1>		"pana"@pav	
"ionathar"@ga	<http://ids.clld.org/values/4-461-181-5>		<http://ids.clld.org/parameters/4-461>		<http://ids.clld.org/values/4-461-286-1>		"monošiʔ (mon)"@pav	
"srón"@ga	<http://ids.clld.org/values/4-230-181-1>		<http://ids.clld.org/parameters/4-230>		<http://ids.clld.org/values/4-230-286-1>		"werešiʔ (ut)"@pav	
"coinnigh"@ga	<http://ids.clld.org/values/11-150-181-1>		<http://ids.clld.org/parameters/11-150>		<http://ids.clld.org/values/11-150-286-1>		"kep"@pav	
"cosán"@ga	<http://ids.clld.org/values/10-720-181-1>		<http://ids.clld.org/parameters/10-720>		<http://ids.clld.org/values/10-720-286-1>		"wana (wanayišiʔ)"@pav	
"go léir"@ga	<http://ids.clld.org/values/13-140-181-5>		<http://ids.clld.org/parameters/13-140>		<http://ids.clld.org/values/13-140-286-1>		"šam"@pav	
"réalta"@ga	<http://ids.clld.org/values/1-540-181-1>		<http://ids.clld.org/parameters/1-540>		<http://ids.clld.org/values/1-540-286-1>		"piyoʔ"@pav	
"cloigeann"@ga	<http://ids.clld.org/values/4-200-181-3>		<http://ids.clld.org/parameters/4-200>		<http://ids.clld.org/values/4-200-286-1>		"winašiʔ (wayiʔ)"@pav	
"crua-ae"@ga	<http://ids.clld.org/values/4-450-181-3>		<http://ids.clld.org/parameters/4-450>		<http://ids.clld.org/values/4-450-286-1>		"tarawanašiʔ (tarawan)"@pav	
"cuardaigh"@ga	<http://ids.clld.org/values/11-310-181-1>		<http://ids.clld.org/parameters/11-310>		<http://ids.clld.org/values/11-310-286-1>		"noro"@pav	
"tirim"@ga	<http://ids.clld.org/values/15-840-181-1>		<http://ids.clld.org/parameters/15-840>		<http://ids.clld.org/values/15-840-286-1>		"kawainʔ"@pav	
"boladh"@ga	<http://ids.clld.org/values/15-210-181-1>		<http://ids.clld.org/parameters/15-210>		<http://ids.clld.org/values/15-210-286-3>		"hu"@pav	
"boladh"@ga	<http://ids.clld.org/values/15-210-181-1>		<http://ids.clld.org/parameters/15-210>		<http://ids.clld.org/values/15-210-286-1>		"nak"@pav	
"rosc"@ga	<http://ids.clld.org/values/4-210-181-3>		<http://ids.clld.org/parameters/4-210>		<http://ids.clld.org/values/4-210-286-1>		"tokošiʔ (tok)"@pav	
"can"@ga	<http://ids.clld.org/values/18-120-181-1>		<http://ids.clld.org/parameters/18-120>		<http://ids.clld.org/values/18-120-286-1>		"kom"@pav	
"scáin"@ga	<http://ids.clld.org/values/9-270-181-3>		<http://ids.clld.org/parameters/9-270>		<http://ids.clld.org/values/9-270-286-1>		"toʔ pahot"@pav	
"scáin"@ga	<http://ids.clld.org/values/9-270-181-3>		<http://ids.clld.org/parameters/9-270>		<http://ids.clld.org/values/9-270-286-3>		"toʔ pahorohot"@pav	
"tarraing anáil"@ga	<http://ids.clld.org/values/4-510-181-1>		<http://ids.clld.org/parameters/4-510>		<http://ids.clld.org/values/4-510-286-1>		"wereme"@pav	
"deá-"@ga	<http://ids.clld.org/values/16-710-181-3>		<http://ids.clld.org/parameters/16-710>		<http://ids.clld.org/values/16-710-286-1>		"awi"@pav	
"draid"@ga	<http://ids.clld.org/values/4-240-181-9>		<http://ids.clld.org/parameters/4-240>		<http://ids.clld.org/values/4-240-286-1>		"kapiyašiʔ (topak)"@pav	
"spéir"@ga	<http://ids.clld.org/values/1-510-181-1>		<http://ids.clld.org/parameters/1-510>		<http://ids.clld.org/values/1-510-286-1>		"nanawin"@pav	
"fear"@ga	<http://ids.clld.org/values/2-310-181-1>		<http://ids.clld.org/parameters/2-310>		<http://ids.clld.org/values/2-310-286-1>		"taši"@pav	
"blonag"@ga	<http://ids.clld.org/values/5-791-181-3>		<http://ids.clld.org/parameters/5-791>		<http://ids.clld.org/values/5-791-286-1>		"homain"@pav	
"gairid"@ga	<http://ids.clld.org/values/12-590-181-3>		<http://ids.clld.org/parameters/12-590>		<http://ids.clld.org/values/12-590-286-1>		"wiyimain"@pav	
"clé"@ga	<http://ids.clld.org/values/12-420-181-1>		<http://ids.clld.org/parameters/12-420>		<http://ids.clld.org/values/12-420-286-1>		"parayišiʔ"@pav	
"cú"@ga	<http://ids.clld.org/values/3-610-181-7>		<http://ids.clld.org/parameters/3-610>		<http://ids.clld.org/values/3-610-286-1>		"oromiyak"@pav	
"fear"@ga	<http://ids.clld.org/values/2-210-181-1>		<http://ids.clld.org/parameters/2-210>		<http://ids.clld.org/values/2-210-286-1>		"taramaʔ"@pav	
"ceart"@ga	<http://ids.clld.org/values/16-730-181-1>		<http://ids.clld.org/parameters/16-730>		<http://ids.clld.org/values/16-730-286-1>		"šoʔ"@pav	
"ciorraigh"@ga	<http://ids.clld.org/values/9-220-181-7>		<http://ids.clld.org/parameters/9-220>		<http://ids.clld.org/values/9-220-286-7>		"nakarkamʔ"@pav	
"ciorraigh"@ga	<http://ids.clld.org/values/9-220-181-7>		<http://ids.clld.org/parameters/9-220>		<http://ids.clld.org/values/9-220-286-3>		"wawak"@pav	
"ciorraigh"@ga	<http://ids.clld.org/values/9-220-181-7>		<http://ids.clld.org/parameters/9-220>		<http://ids.clld.org/values/9-220-286-9>		"ta"@pav	
"ciorraigh"@ga	<http://ids.clld.org/values/9-220-181-7>		<http://ids.clld.org/parameters/9-220>		<http://ids.clld.org/values/9-220-286-5>		"nakamʔ"@pav	
"ciorraigh"@ga	<http://ids.clld.org/values/9-220-181-7>		<http://ids.clld.org/parameters/9-220>		<http://ids.clld.org/values/9-220-286-1>		"wak"@pav	
"carraig"@ga	<http://ids.clld.org/values/1-440-181-3>		<http://ids.clld.org/parameters/1-440>		<http://ids.clld.org/values/1-440-286-1>		"pakun"@pav	
"bán"@ga	<http://ids.clld.org/values/15-640-181-1>		<http://ids.clld.org/parameters/15-640>		<http://ids.clld.org/values/15-640-286-1>		"towoʔ"@pav	
"brúcht"@ga	<http://ids.clld.org/values/4-570-181-9>		<http://ids.clld.org/parameters/4-570>		<http://ids.clld.org/values/4-570-286-1>		"weʔ"@pav	
"snámh"@ga	<http://ids.clld.org/values/10-340-181-3>		<http://ids.clld.org/parameters/10-340>		<http://ids.clld.org/values/10-340-286-1>		"ho"@pav	
"snámh"@ga	<http://ids.clld.org/values/10-340-181-3>		<http://ids.clld.org/parameters/10-340>		<http://ids.clld.org/values/10-340-286-3>		"horoho"@pav	
"cóir"@ga	<http://ids.clld.org/values/16-730-181-3>		<http://ids.clld.org/parameters/16-730>		<http://ids.clld.org/values/16-730-286-1>		"šoʔ"@pav	
"tusa"@ga	<http://ids.clld.org/values/2-920-181-5>		<http://ids.clld.org/parameters/2-920>		<http://ids.clld.org/values/2-920-286-1>		"wum"@pav	
"suí"@ga	<http://ids.clld.org/values/12-130-181-1>		<http://ids.clld.org/parameters/12-130>		<http://ids.clld.org/values/12-130-286-1>		"šaoʔ pe"@pav	
"suí"@ga	<http://ids.clld.org/values/12-130-181-1>		<http://ids.clld.org/parameters/12-130>		<http://ids.clld.org/values/12-130-286-3>		"šaoʔ to"@pav	
"comhchruinn"@ga	<http://ids.clld.org/values/12-810-181-3>		<http://ids.clld.org/parameters/12-810>		<http://ids.clld.org/values/12-810-286-1>		"monoʔo"@pav	
"do-"@ga	<http://ids.clld.org/values/16-720-181-5>		<http://ids.clld.org/parameters/16-720>		<http://ids.clld.org/values/16-720-286-1>		"kayi"@pav	
"a lán"@ga	<http://ids.clld.org/values/13-150-181-3>		<http://ids.clld.org/parameters/13-150>		<http://ids.clld.org/values/13-150-286-1>		"iriʔ miyo/ miya"@pav	
"luí"@ga	<http://ids.clld.org/values/12-140-181-1>		<http://ids.clld.org/parameters/12-140>		<http://ids.clld.org/values/12-140-286-1>		"teremʔ"@pav	
"luí"@ga	<http://ids.clld.org/values/12-140-181-1>		<http://ids.clld.org/parameters/12-140>		<http://ids.clld.org/values/12-140-286-3>		"tokoʔ"@pav	
"ubh"@ga	<http://ids.clld.org/values/5-970-181-1>		<http://ids.clld.org/parameters/5-970>		<http://ids.clld.org/values/5-970-286-1>		"arayein"@pav	
"titim"@ga	<http://ids.clld.org/values/10-230-181-1>		<http://ids.clld.org/parameters/10-230>		<http://ids.clld.org/values/10-230-286-3>		"kamaraʔ"@pav	
"titim"@ga	<http://ids.clld.org/values/10-230-181-1>		<http://ids.clld.org/parameters/10-230>		<http://ids.clld.org/values/10-230-286-1>		"panʔ"@pav	
"meabhraigh"@ga	<http://ids.clld.org/values/17-130-181-5>		<http://ids.clld.org/parameters/17-130>		<http://ids.clld.org/values/17-130-286-1>		"koromikat"@pav	
"leanbh"@ga	<http://ids.clld.org/values/2-270-181-1>		<http://ids.clld.org/parameters/2-270>		<http://ids.clld.org/values/2-270-286-1>		"piyeʔ"@pav	
"thú"@ga	<http://ids.clld.org/values/2-920-181-3>		<http://ids.clld.org/parameters/2-920>		<http://ids.clld.org/values/2-920-286-1>		"wum"@pav	
"olc"@ga	<http://ids.clld.org/values/16-720-181-1>		<http://ids.clld.org/parameters/16-720>		<http://ids.clld.org/values/16-720-286-1>		"kayi"@pav	
"srac"@ga	<http://ids.clld.org/values/9-330-181-3>		<http://ids.clld.org/parameters/9-330>		<http://ids.clld.org/values/9-330-286-1>		"kök"@pav	
"cos"@ga	<http://ids.clld.org/values/4-350-181-1>		<http://ids.clld.org/parameters/4-350>		<http://ids.clld.org/values/4-350-286-1>		"pišiyašiʔ"@pav	
"cos"@ga	<http://ids.clld.org/values/4-350-181-1>		<http://ids.clld.org/parameters/4-350>		<http://ids.clld.org/values/4-350-286-3>		"kokošiʔ"@pav	
"at"@ga	<http://ids.clld.org/values/4-853-181-1>		<http://ids.clld.org/parameters/4-853>		<http://ids.clld.org/values/4-853-286-1>		"mom"@pav	
"slog"@ga	<http://ids.clld.org/values/5-130-181-3>		<http://ids.clld.org/parameters/5-130>		<http://ids.clld.org/values/5-130-286-1>		"tok"@pav	
"slog"@ga	<http://ids.clld.org/values/5-130-181-3>		<http://ids.clld.org/parameters/5-130>		<http://ids.clld.org/values/5-130-286-3>		"tototok"@pav	
"i bhfad"@ga	<http://ids.clld.org/values/12-440-181-1>		<http://ids.clld.org/parameters/12-440>		<http://ids.clld.org/values/12-440-286-1>		"pira"@pav	
"brúigh"@ga	<http://ids.clld.org/values/10-670-181-1>		<http://ids.clld.org/parameters/10-670>		<http://ids.clld.org/values/10-670-286-1>		"yök"@pav	
"caint a dhéanamh"@ga	<http://ids.clld.org/values/18-210-181-3>		<http://ids.clld.org/parameters/18-210>		<http://ids.clld.org/values/18-210-286-1>		"tomiʔ"@pav	
"cuir amach"@ga	<http://ids.clld.org/values/4-570-181-1>		<http://ids.clld.org/parameters/4-570>		<http://ids.clld.org/values/4-570-286-1>		"weʔ"@pav	
"lofa"@ga	<http://ids.clld.org/values/5-125-181-1>		<http://ids.clld.org/parameters/5-125>		<http://ids.clld.org/values/5-125-286-1>		"šowuru"@pav	
"sean-"@ga	<http://ids.clld.org/values/14-150-181-5>		<http://ids.clld.org/parameters/14-150>		<http://ids.clld.org/values/14-150-286-1>		"maraʔ"@pav	
"sean-"@ga	<http://ids.clld.org/values/14-150-181-5>		<http://ids.clld.org/parameters/14-150>		<http://ids.clld.org/values/14-150-286-3>		"horon"@pav	
"clab"@ga	<http://ids.clld.org/values/4-240-181-11>		<http://ids.clld.org/parameters/4-240>		<http://ids.clld.org/values/4-240-286-1>		"kapiyašiʔ (topak)"@pav	
"fáisc"@ga	<http://ids.clld.org/values/9-343-181-1>		<http://ids.clld.org/parameters/9-343>		<http://ids.clld.org/values/9-343-286-1>		"humʔ"@pav	
"gealach"@ga	<http://ids.clld.org/values/1-530-181-1>		<http://ids.clld.org/parameters/1-530>		<http://ids.clld.org/values/1-530-286-1>		"panawoʔ"@pav	
"stoith"@ga	<http://ids.clld.org/values/9-330-181-7>		<http://ids.clld.org/parameters/9-330>		<http://ids.clld.org/values/9-330-286-1>		"kök"@pav	
"fios"@ga	<http://ids.clld.org/values/17-170-181-1>		<http://ids.clld.org/parameters/17-170>		<http://ids.clld.org/values/17-170-286-1>		"tašiʔ"@pav	
"fios"@ga	<http://ids.clld.org/values/17-170-181-1>		<http://ids.clld.org/parameters/17-170>		<http://ids.clld.org/values/17-170-286-3>		"kerek"@pav	
"fios"@ga	<http://ids.clld.org/values/17-170-181-1>		<http://ids.clld.org/parameters/17-170>		<http://ids.clld.org/values/17-170-286-5>		"kerek pinʔ"@pav	
"sibh"@ga	<http://ids.clld.org/values/2-950-181-1>		<http://ids.clld.org/parameters/2-950>		<http://ids.clld.org/values/2-950-286-1>		"wahuʔ"@pav	
"caith"@ga	<http://ids.clld.org/values/5-110-181-3>		<http://ids.clld.org/parameters/5-110>		<http://ids.clld.org/values/5-110-286-1>		"kaoʔ"@pav	
"caith"@ga	<http://ids.clld.org/values/5-110-181-3>		<http://ids.clld.org/parameters/5-110>		<http://ids.clld.org/values/5-110-286-3>		"kakakaoʔ"@pav	
"táim beo"@ga	<http://ids.clld.org/values/4-740-181-1>		<http://ids.clld.org/parameters/4-740>		<http://ids.clld.org/values/4-740-286-1>		"eʔ"@pav	
"ionga"@ga	<http://ids.clld.org/values/4-345-181-7>		<http://ids.clld.org/parameters/4-345>		<http://ids.clld.org/values/4-345-286-1>		"šikinain"@pav	
"brothallach"@ga	<http://ids.clld.org/values/15-851-181-3>		<http://ids.clld.org/parameters/15-851>		<http://ids.clld.org/values/15-851-286-3>		"nonoe"@pav	
"brothallach"@ga	<http://ids.clld.org/values/15-851-181-3>		<http://ids.clld.org/parameters/15-851>		<http://ids.clld.org/values/15-851-286-1>		"šain"@pav	
"uaine"@ga	<http://ids.clld.org/values/15-680-181-3>		<http://ids.clld.org/parameters/15-680>		<http://ids.clld.org/values/15-680-286-1>		"tb̃um"@pav	
"úr"@ga	<http://ids.clld.org/values/14-130-181-3>		<http://ids.clld.org/parameters/14-130>		<http://ids.clld.org/values/14-130-286-1>		"šokori"@pav	
"gáire a dhéanamh"@ga	<http://ids.clld.org/values/16-250-181-3>		<http://ids.clld.org/parameters/16-250>		<http://ids.clld.org/values/16-250-286-1>		"tatamʔ"@pav	
"gáire a dhéanamh"@ga	<http://ids.clld.org/values/16-250-181-3>		<http://ids.clld.org/parameters/16-250>		<http://ids.clld.org/values/16-250-286-3>		"katamʔ"@pav	
"bile"@ga	<http://ids.clld.org/values/8-600-181-3>		<http://ids.clld.org/parameters/8-600>		<http://ids.clld.org/values/8-600-286-1>		"pana"@pav	
"sí"@ga	<http://ids.clld.org/values/2-930-181-3>		<http://ids.clld.org/parameters/2-930>		<http://ids.clld.org/values/2-930-286-1>		"ko maʔ"@pav	
"sliabh"@ga	<http://ids.clld.org/values/1-220-181-1>		<http://ids.clld.org/parameters/1-220>		<http://ids.clld.org/values/1-220-286-1>		"pakun"@pav	
"ladhar"@ga	<http://ids.clld.org/values/4-345-181-9>		<http://ids.clld.org/parameters/4-345>		<http://ids.clld.org/values/4-345-286-1>		"šikinain"@pav	
"bliain"@ga	<http://ids.clld.org/values/14-730-181-1>		<http://ids.clld.org/parameters/14-730>		<http://ids.clld.org/values/14-730-286-1>		"kawašiʔ"@pav	
"comhraic"@ga	<http://ids.clld.org/values/20-110-181-3>		<http://ids.clld.org/parameters/20-110>		<http://ids.clld.org/values/20-110-286-1>		"mišita"@pav	
"eite"@ga	<http://ids.clld.org/values/4-392-181-1>		<http://ids.clld.org/parameters/4-392>		<http://ids.clld.org/values/4-392-286-1>		"tapaši"@pav	
"cos"@ga	<http://ids.clld.org/values/4-370-181-1>		<http://ids.clld.org/parameters/4-370>		<http://ids.clld.org/values/4-370-286-1>		"kašimašiʔ (kašim)"@pav	
"sruthán"@ga	<http://ids.clld.org/values/1-360-181-5>		<http://ids.clld.org/parameters/1-360>		<http://ids.clld.org/values/1-360-286-1>		"kom"@pav	
"slíoc"@ga	<http://ids.clld.org/values/9-310-181-3>		<http://ids.clld.org/parameters/9-310>		<http://ids.clld.org/values/9-310-286-1>		"šik"@pav	
"gaosán"@ga	<http://ids.clld.org/values/4-230-181-3>		<http://ids.clld.org/parameters/4-230>		<http://ids.clld.org/values/4-230-286-1>		"werešiʔ (ut)"@pav	
"beann"@ga	<http://ids.clld.org/values/1-220-181-9>		<http://ids.clld.org/parameters/1-220>		<http://ids.clld.org/values/1-220-286-1>		"pakun"@pav	
"fiodh-"@ga	<http://ids.clld.org/values/1-430-181-3>		<http://ids.clld.org/parameters/1-430>		<http://ids.clld.org/values/1-430-286-1>		"pana"@pav	
"mór"@ga	<http://ids.clld.org/values/12-550-181-1>		<http://ids.clld.org/parameters/12-550>		<http://ids.clld.org/values/12-550-286-1>		"hwaraʔ"@pav	
"mór"@ga	<http://ids.clld.org/values/12-550-181-1>		<http://ids.clld.org/parameters/12-550>		<http://ids.clld.org/values/12-550-286-3>		"horon"@pav	
"súim"@ga	<http://ids.clld.org/values/5-160-181-3>		<http://ids.clld.org/parameters/5-160>		<http://ids.clld.org/values/5-160-286-1>		"šok"@pav	
"súim"@ga	<http://ids.clld.org/values/5-160-181-3>		<http://ids.clld.org/parameters/5-160>		<http://ids.clld.org/values/5-160-286-3>		"šak"@pav	
"rith"@ga	<http://ids.clld.org/values/10-320-181-1>		<http://ids.clld.org/parameters/10-320>		<http://ids.clld.org/values/10-320-286-3>		"weweweo"@pav	
"rith"@ga	<http://ids.clld.org/values/10-320-181-1>		<http://ids.clld.org/parameters/10-320>		<http://ids.clld.org/values/10-320-286-1>		"weo"@pav	
"deatach"@ga	<http://ids.clld.org/values/1-830-181-1>		<http://ids.clld.org/parameters/1-830>		<http://ids.clld.org/values/1-830-286-1>		"tainʔ"@pav	
"gránaigh"@ga	<http://ids.clld.org/values/5-480-181-9>		<http://ids.clld.org/parameters/5-480>		<http://ids.clld.org/values/5-480-286-1>		"kuruk"@pav	
"míol"@ga	<http://ids.clld.org/values/3-811-181-1>		<http://ids.clld.org/parameters/3-811>		<http://ids.clld.org/values/3-811-286-1>		"ioʔ"@pav	
"uisce"@ga	<http://ids.clld.org/values/1-310-181-1>		<http://ids.clld.org/parameters/1-310>		<http://ids.clld.org/values/1-310-286-1>		"kom (komišiʔ)"@pav	
"feoil"@ga	<http://ids.clld.org/values/4-130-181-1>		<http://ids.clld.org/parameters/4-130>		<http://ids.clld.org/values/4-130-286-1>		"kwerešiʔ"@pav	
"bain"@ga	<http://ids.clld.org/values/8-220-181-5>		<http://ids.clld.org/parameters/8-220>		<http://ids.clld.org/values/8-220-286-1>		"še"@pav	
"bain"@ga	<http://ids.clld.org/values/8-220-181-5>		<http://ids.clld.org/parameters/8-220>		<http://ids.clld.org/values/8-220-286-3>		"šikeʔ"@pav	
"scoth"@ga	<http://ids.clld.org/values/8-570-181-7>		<http://ids.clld.org/parameters/8-570>		<http://ids.clld.org/values/8-570-286-3>		"wiyein"@pav	
"scoth"@ga	<http://ids.clld.org/values/8-570-181-7>		<http://ids.clld.org/parameters/8-570>		<http://ids.clld.org/values/8-570-286-1>		"piwain"@pav	
"loch"@ga	<http://ids.clld.org/values/1-330-181-1>		<http://ids.clld.org/parameters/1-330>		<http://ids.clld.org/values/1-330-286-1>		"šuteremʔ"@pav	
"teanga"@ga	<http://ids.clld.org/values/4-260-181-1>		<http://ids.clld.org/parameters/4-260>		<http://ids.clld.org/values/4-260-286-1>		"petehwet nešiʔ (petehwet)"@pav	
"bearr"@ga	<http://ids.clld.org/values/9-220-181-3>		<http://ids.clld.org/parameters/9-220>		<http://ids.clld.org/values/9-220-286-7>		"nakarkamʔ"@pav	
"bearr"@ga	<http://ids.clld.org/values/9-220-181-3>		<http://ids.clld.org/parameters/9-220>		<http://ids.clld.org/values/9-220-286-3>		"wawak"@pav	
"bearr"@ga	<http://ids.clld.org/values/9-220-181-3>		<http://ids.clld.org/parameters/9-220>		<http://ids.clld.org/values/9-220-286-9>		"ta"@pav	
"bearr"@ga	<http://ids.clld.org/values/9-220-181-3>		<http://ids.clld.org/parameters/9-220>		<http://ids.clld.org/values/9-220-286-5>		"nakamʔ"@pav	
"bearr"@ga	<http://ids.clld.org/values/9-220-181-3>		<http://ids.clld.org/parameters/9-220>		<http://ids.clld.org/values/9-220-286-1>		"wak"@pav	
"báisteach"@ga	<http://ids.clld.org/values/1-750-181-3>		<http://ids.clld.org/parameters/1-750>		<http://ids.clld.org/values/1-750-286-1>		"šowiʔ"@pav	
"iompú thart"@ga	<http://ids.clld.org/values/10-130-181-3>		<http://ids.clld.org/parameters/10-130>		<http://ids.clld.org/values/10-130-286-1>		"yami"@pav	
"tarraing"@ga	<http://ids.clld.org/values/9-330-181-1>		<http://ids.clld.org/parameters/9-330>		<http://ids.clld.org/values/9-330-286-1>		"kök"@pav	
"scrogall"@ga	<http://ids.clld.org/values/4-280-181-7>		<http://ids.clld.org/parameters/4-280>		<http://ids.clld.org/values/4-280-286-1>		"paramašiʔ"@pav	
"nigh"@ga	<http://ids.clld.org/values/9-360-181-1>		<http://ids.clld.org/parameters/9-360>		<http://ids.clld.org/values/9-360-286-3>		"toʔ"@pav	
"nigh"@ga	<http://ids.clld.org/values/9-360-181-1>		<http://ids.clld.org/parameters/9-360>		<http://ids.clld.org/values/9-360-286-1>		"hohok"@pav	
"leathan"@ga	<http://ids.clld.org/values/12-610-181-1>		<http://ids.clld.org/parameters/12-610>		<http://ids.clld.org/values/12-610-286-1>		"kote ne kimain"@pav	
"ainm"@ga	<http://ids.clld.org/values/18-280-181-1>		<http://ids.clld.org/parameters/18-280>		<http://ids.clld.org/values/18-280-286-1>		"wišišiʔ (wit)"@pav	
"inní"@ga	<http://ids.clld.org/values/4-461-181-1>		<http://ids.clld.org/parameters/4-461>		<http://ids.clld.org/values/4-461-286-1>		"monošiʔ (mon)"@pav	
"gearr"@ga	<http://ids.clld.org/values/12-590-181-1>		<http://ids.clld.org/parameters/12-590>		<http://ids.clld.org/values/12-590-286-1>		"wiyimain"@pav	
"cneas"@ga	<http://ids.clld.org/values/4-120-181-1>		<http://ids.clld.org/parameters/4-120>		<http://ids.clld.org/values/4-120-286-1>		"taparišiʔ"@pav	
"mairim"@ga	<http://ids.clld.org/values/4-740-181-3>		<http://ids.clld.org/parameters/4-740>		<http://ids.clld.org/values/4-740-286-1>		"eʔ"@pav	
"deir"@ga	<http://ids.clld.org/values/18-220-181-1>		<http://ids.clld.org/parameters/18-220>		<http://ids.clld.org/values/18-220-286-1>		"tomiʔ šoʔ"@pav	
"tachrán"@ga	<http://ids.clld.org/values/2-270-181-5>		<http://ids.clld.org/parameters/2-270>		<http://ids.clld.org/values/2-270-286-1>		"piyeʔ"@pav	
"cuntais"@ga	<http://ids.clld.org/values/13-107-181-3>		<http://ids.clld.org/parameters/13-107>		<http://ids.clld.org/values/13-107-286-1>		"piyimʔ"@pav	
"bráid"@ga	<http://ids.clld.org/values/4-280-181-3>		<http://ids.clld.org/parameters/4-280>		<http://ids.clld.org/values/4-280-286-1>		"paramašiʔ"@pav	
"féithleog"@ga	<http://ids.clld.org/values/8-670-181-3>		<http://ids.clld.org/parameters/8-670>		<http://ids.clld.org/values/8-670-286-1>		"makon (makorišiʔ)"@pav	
"bogthe"@ga	<http://ids.clld.org/values/15-851-181-5>		<http://ids.clld.org/parameters/15-851>		<http://ids.clld.org/values/15-851-286-3>		"nonoe"@pav	
"bogthe"@ga	<http://ids.clld.org/values/15-851-181-5>		<http://ids.clld.org/parameters/15-851>		<http://ids.clld.org/values/15-851-286-1>		"šain"@pav	
"meall"@ga	<http://ids.clld.org/values/4-853-181-7>		<http://ids.clld.org/parameters/4-853>		<http://ids.clld.org/values/4-853-286-1>		"mom"@pav	
"nathair"@ga	<http://ids.clld.org/values/3-850-181-1>		<http://ids.clld.org/parameters/3-850>		<http://ids.clld.org/values/3-850-286-1>		"emʔ"@pav	
"ainmhí"@ga	<http://ids.clld.org/values/3-110-181-1>		<http://ids.clld.org/parameters/3-110>		<http://ids.clld.org/values/3-110-286-1>		"karawa"@pav	
"madadh"@ga	<http://ids.clld.org/values/3-610-181-3>		<http://ids.clld.org/parameters/3-610>		<http://ids.clld.org/values/3-610-286-1>		"oromiyak"@pav	
"loiscim"@ga	<http://ids.clld.org/values/1-851-181-3>		<http://ids.clld.org/parameters/1-851>		<http://ids.clld.org/values/1-851-286-3>		"wiran"@pav	
"loiscim"@ga	<http://ids.clld.org/values/1-851-181-3>		<http://ids.clld.org/parameters/1-851>		<http://ids.clld.org/values/1-851-286-1>		"tom"@pav	
"loiscim"@ga	<http://ids.clld.org/values/1-851-181-3>		<http://ids.clld.org/parameters/1-851>		<http://ids.clld.org/values/1-851-286-5>		"karahoʔ"@pav	
"drólanna"@ga	<http://ids.clld.org/values/4-461-181-7>		<http://ids.clld.org/parameters/4-461>		<http://ids.clld.org/values/4-461-286-1>		"monošiʔ (mon)"@pav	
"sáigh"@ga	<http://ids.clld.org/values/10-670-181-3>		<http://ids.clld.org/parameters/10-670>		<http://ids.clld.org/values/10-670-286-1>		"yök"@pav	
"táim ag urlacan"@ga	<http://ids.clld.org/values/4-570-181-5>		<http://ids.clld.org/parameters/4-570>		<http://ids.clld.org/values/4-570-286-1>		"weʔ"@pav	
"rua"@ga	<http://ids.clld.org/values/15-660-181-3>		<http://ids.clld.org/parameters/15-660>		<http://ids.clld.org/values/15-660-286-1>		"pakaʔ"@pav	
"scanradh"@ga	<http://ids.clld.org/values/16-530-181-7>		<http://ids.clld.org/parameters/16-530>		<http://ids.clld.org/values/16-530-286-1>		"yinʔ"@pav	
"deannach"@ga	<http://ids.clld.org/values/1-213-181-1>		<http://ids.clld.org/parameters/1-213>		<http://ids.clld.org/values/1-213-286-1>		"tainʔ"@pav	
"seilg"@ga	<http://ids.clld.org/values/20-610-181-1>		<http://ids.clld.org/parameters/20-610>		<http://ids.clld.org/values/20-610-286-1>		"yiʔam"@pav	
"síol"@ga	<http://ids.clld.org/values/8-311-181-1>		<http://ids.clld.org/parameters/8-311>		<http://ids.clld.org/values/8-311-286-1>		"tokwi"@pav	
"cré"@ga	<http://ids.clld.org/values/1-213-181-5>		<http://ids.clld.org/parameters/1-213>		<http://ids.clld.org/values/1-213-286-1>		"tainʔ"@pav	
"rop"@ga	<http://ids.clld.org/values/9-223-181-5>		<http://ids.clld.org/parameters/9-223>		<http://ids.clld.org/values/9-223-286-1>		"šukunʔ"@pav	
"mín"@ga	<http://ids.clld.org/values/15-770-181-3>		<http://ids.clld.org/parameters/15-770>		<http://ids.clld.org/values/15-770-286-1>		"topišik"@pav	
"eagla"@ga	<http://ids.clld.org/values/16-530-181-1>		<http://ids.clld.org/parameters/16-530>		<http://ids.clld.org/values/16-530-286-1>		"yinʔ"@pav	
"tag"@ga	<http://ids.clld.org/values/10-480-181-3>		<http://ids.clld.org/parameters/10-480>		<http://ids.clld.org/values/10-480-286-1>		"makiʔ"@pav	
"fréamh"@ga	<http://ids.clld.org/values/8-540-181-1>		<http://ids.clld.org/parameters/8-540>		<http://ids.clld.org/values/8-540-286-1>		"kašimain"@pav	
"farraige"@ga	<http://ids.clld.org/values/1-320-181-1>		<http://ids.clld.org/parameters/1-320>		<http://ids.clld.org/values/1-320-286-1>		"kote ne kom"@pav	
"abhainn"@ga	<http://ids.clld.org/values/1-360-181-1>		<http://ids.clld.org/parameters/1-360>		<http://ids.clld.org/values/1-360-286-1>		"kom"@pav	
"ard"@ga	<http://ids.clld.org/values/1-220-181-7>		<http://ids.clld.org/parameters/1-220>		<http://ids.clld.org/values/1-220-286-1>		"pakun"@pav	
"faighim bás"@ga	<http://ids.clld.org/values/4-750-181-1>		<http://ids.clld.org/parameters/4-750>		<http://ids.clld.org/values/4-750-286-3>		"konoʔ"@pav	
"faighim bás"@ga	<http://ids.clld.org/values/4-750-181-1>		<http://ids.clld.org/parameters/4-750>		<http://ids.clld.org/values/4-750-286-1>		"miʔ pin"@pav	
"troid"@ga	<http://ids.clld.org/values/20-110-181-1>		<http://ids.clld.org/parameters/20-110>		<http://ids.clld.org/values/20-110-286-1>		"mišita"@pav	
"corda"@ga	<http://ids.clld.org/values/9-190-181-5>		<http://ids.clld.org/parameters/9-190>		<http://ids.clld.org/values/9-190-286-1>		"makon (makorišiʔ)"@pav	
"pósae"@ga	<http://ids.clld.org/values/8-570-181-5>		<http://ids.clld.org/parameters/8-570>		<http://ids.clld.org/values/8-570-286-3>		"wiyein"@pav	
"pósae"@ga	<http://ids.clld.org/values/8-570-181-5>		<http://ids.clld.org/parameters/8-570>		<http://ids.clld.org/values/8-570-286-1>		"piwain"@pav	
"teilg"@ga	<http://ids.clld.org/values/10-250-181-3>		<http://ids.clld.org/parameters/10-250>		<http://ids.clld.org/values/10-250-286-3>		"wišikaoʔ"@pav	
"teilg"@ga	<http://ids.clld.org/values/10-250-181-3>		<http://ids.clld.org/parameters/10-250>		<http://ids.clld.org/values/10-250-286-1>		"šin"@pav	
"gaineamh"@ga	<http://ids.clld.org/values/1-215-181-1>		<http://ids.clld.org/parameters/1-215>		<http://ids.clld.org/values/1-215-286-1>		"namayi"@pav	
"téad"@ga	<http://ids.clld.org/values/9-190-181-1>		<http://ids.clld.org/parameters/9-190>		<http://ids.clld.org/values/9-190-286-1>		"makon (makorišiʔ)"@pav	
"cleite"@ga	<http://ids.clld.org/values/4-393-181-1>		<http://ids.clld.org/parameters/4-393>		<http://ids.clld.org/values/4-393-286-1>		"tenenein (šun)"@pav	
"greim a bhaint as"@ga	<http://ids.clld.org/values/4-580-181-1>		<http://ids.clld.org/parameters/4-580>		<http://ids.clld.org/values/4-580-286-1>		"kio"@pav	
"coimeád"@ga	<http://ids.clld.org/values/11-150-181-3>		<http://ids.clld.org/parameters/11-150>		<http://ids.clld.org/values/11-150-286-1>		"kep"@pav	
"bheith ar snámh"@ga	<http://ids.clld.org/values/10-340-181-1>		<http://ids.clld.org/parameters/10-340>		<http://ids.clld.org/values/10-340-286-1>		"ho"@pav	
"bheith ar snámh"@ga	<http://ids.clld.org/values/10-340-181-1>		<http://ids.clld.org/parameters/10-340>		<http://ids.clld.org/values/10-340-286-3>		"horoho"@pav	
"oighear"@ga	<http://ids.clld.org/values/1-770-181-3>		<http://ids.clld.org/parameters/1-770>		<http://ids.clld.org/values/1-770-286-1>		"šio šio"@pav	
"dul ar lorg duine"@ga	<http://ids.clld.org/values/11-310-181-3>		<http://ids.clld.org/parameters/11-310>		<http://ids.clld.org/values/11-310-286-1>		"noro"@pav	
"ceo"@ga	<http://ids.clld.org/values/1-740-181-1>		<http://ids.clld.org/parameters/1-740>		<http://ids.clld.org/values/1-740-286-1>		"murukukuʔ"@pav	
"mórán"@ga	<http://ids.clld.org/values/13-150-181-1>		<http://ids.clld.org/parameters/13-150>		<http://ids.clld.org/values/13-150-286-1>		"iriʔ miyo/ miya"@pav	
"salann"@ga	<http://ids.clld.org/values/5-810-181-1>		<http://ids.clld.org/parameters/5-810>		<http://ids.clld.org/values/5-810-286-1>		"[sal]"@pav	
"céile"@ga	<http://ids.clld.org/values/2-320-181-5>		<http://ids.clld.org/parameters/2-320>		<http://ids.clld.org/values/2-320-286-1>		"mana"@pav	
"oíche"@ga	<http://ids.clld.org/values/14-420-181-1>		<http://ids.clld.org/parameters/14-420>		<http://ids.clld.org/values/14-420-286-1>		"šim"@pav	
"adhmad"@ga	<http://ids.clld.org/values/1-430-181-1>		<http://ids.clld.org/parameters/1-430>		<http://ids.clld.org/values/1-430-286-1>		"pana"@pav	
"bláth"@ga	<http://ids.clld.org/values/8-570-181-1>		<http://ids.clld.org/parameters/8-570>		<http://ids.clld.org/values/8-570-286-3>		"wiyein"@pav	
"bláth"@ga	<http://ids.clld.org/values/8-570-181-1>		<http://ids.clld.org/parameters/8-570>		<http://ids.clld.org/values/8-570-286-1>		"piwain"@pav	
"scrabh"@ga	<http://ids.clld.org/values/5-480-181-3>		<http://ids.clld.org/parameters/5-480>		<http://ids.clld.org/values/5-480-286-1>		"kuruk"@pav	
"bean"@ga	<http://ids.clld.org/values/2-320-181-1>		<http://ids.clld.org/parameters/2-320>		<http://ids.clld.org/values/2-320-286-1>		"mana"@pav	
"fada"@ga	<http://ids.clld.org/values/12-440-181-3>		<http://ids.clld.org/parameters/12-440>		<http://ids.clld.org/values/12-440-286-1>		"pira"@pav	
"ceann"@ga	<http://ids.clld.org/values/4-200-181-1>		<http://ids.clld.org/parameters/4-200>		<http://ids.clld.org/values/4-200-286-1>		"winašiʔ (wayiʔ)"@pav	
"caol"@ga	<http://ids.clld.org/values/12-650-181-3>		<http://ids.clld.org/parameters/12-650>		<http://ids.clld.org/values/12-650-286-1>		"šašiʔ"@pav	
"fliuch"@ga	<http://ids.clld.org/values/15-830-181-1>		<http://ids.clld.org/parameters/15-830>		<http://ids.clld.org/values/15-830-286-1>		"šoʔ"@pav	
"codladh"@ga	<http://ids.clld.org/values/4-610-181-1>		<http://ids.clld.org/parameters/4-610>		<http://ids.clld.org/values/4-610-286-1>		"piʔam"@pav	
"alabhog"@ga	<http://ids.clld.org/values/15-851-181-7>		<http://ids.clld.org/parameters/15-851>		<http://ids.clld.org/values/15-851-286-3>		"nonoe"@pav	
"alabhog"@ga	<http://ids.clld.org/values/15-851-181-7>		<http://ids.clld.org/parameters/15-851>		<http://ids.clld.org/values/15-851-286-1>		"šain"@pav	
"scamall"@ga	<http://ids.clld.org/values/1-730-181-3>		<http://ids.clld.org/parameters/1-730>		<http://ids.clld.org/values/1-730-286-1>		"tayain nanawin"@pav	
"siad"@ga	<http://ids.clld.org/values/2-960-181-1>		<http://ids.clld.org/parameters/2-960>		<http://ids.clld.org/values/2-960-286-1>		"karam maʔ"@pav	
"féar"@ga	<http://ids.clld.org/values/8-510-181-1>		<http://ids.clld.org/parameters/8-510>		<http://ids.clld.org/values/8-510-286-1>		"tononoin"@pav	
"géar"@ga	<http://ids.clld.org/values/15-780-181-1>		<http://ids.clld.org/parameters/15-780>		<http://ids.clld.org/values/15-780-286-1>		"šaʔ"@pav	
"lán"@ga	<http://ids.clld.org/values/13-210-181-1>		<http://ids.clld.org/parameters/13-210>		<http://ids.clld.org/values/13-210-286-5>		"maʔam"@pav	
"lán"@ga	<http://ids.clld.org/values/13-210-181-1>		<http://ids.clld.org/parameters/13-210>		<http://ids.clld.org/values/13-210-286-3>		"moromoinʔ"@pav	
"lán"@ga	<http://ids.clld.org/values/13-210-181-1>		<http://ids.clld.org/parameters/13-210>		<http://ids.clld.org/values/13-210-286-1>		"moinʔ"@pav	
"súgradh"@ga	<http://ids.clld.org/values/16-260-181-3>		<http://ids.clld.org/parameters/16-260>		<http://ids.clld.org/values/16-260-286-1>		"warayu"@pav	
"gruaig"@ga	<http://ids.clld.org/values/4-140-181-1>		<http://ids.clld.org/parameters/4-140>		<http://ids.clld.org/values/4-140-286-1>		"tenenešiʔ"@pav	
"gruaig"@ga	<http://ids.clld.org/values/4-140-181-1>		<http://ids.clld.org/parameters/4-140>		<http://ids.clld.org/values/4-140-286-3>		"tenenein (šun)"@pav	
"leadán"@ga	<http://ids.clld.org/values/4-345-181-5>		<http://ids.clld.org/parameters/4-345>		<http://ids.clld.org/values/4-345-286-1>		"šikinain"@pav	
"druim"@ga	<http://ids.clld.org/values/4-190-181-1>		<http://ids.clld.org/parameters/4-190>		<http://ids.clld.org/values/4-190-286-1>		"warašiʔ"@pav	
"so-"@ga	<http://ids.clld.org/values/16-710-181-5>		<http://ids.clld.org/parameters/16-710>		<http://ids.clld.org/values/16-710-286-1>		"awi"@pav	
"anáil"@ga	<http://ids.clld.org/values/4-510-181-3>		<http://ids.clld.org/parameters/4-510>		<http://ids.clld.org/values/4-510-286-1>		"wereme"@pav	
"uamhan"@ga	<http://ids.clld.org/values/16-530-181-5>		<http://ids.clld.org/parameters/16-530>		<http://ids.clld.org/values/16-530-286-1>		"yinʔ"@pav	
"buí"@ga	<http://ids.clld.org/values/15-690-181-1>		<http://ids.clld.org/parameters/15-690>		<http://ids.clld.org/values/15-690-286-1>		"košik"@pav	
"eite"@ga	<http://ids.clld.org/values/4-393-181-3>		<http://ids.clld.org/parameters/4-393>		<http://ids.clld.org/values/4-393-286-1>		"tenenein (šun)"@pav	
"cár"@ga	<http://ids.clld.org/values/4-240-181-7>		<http://ids.clld.org/parameters/4-240>		<http://ids.clld.org/values/4-240-286-1>		"kapiyašiʔ (topak)"@pav	
"deas"@ga	<http://ids.clld.org/values/12-410-181-1>		<http://ids.clld.org/parameters/12-410>		<http://ids.clld.org/values/12-410-286-1>		"irikwerešiʔ"@pav	
"feoil"@ga	<http://ids.clld.org/values/5-610-181-1>		<http://ids.clld.org/parameters/5-610>		<http://ids.clld.org/values/5-610-286-1>		"karawa (karamayišiʔ)"@pav	
"béal"@ga	<http://ids.clld.org/values/4-240-181-1>		<http://ids.clld.org/parameters/4-240>		<http://ids.clld.org/values/4-240-286-1>		"kapiyašiʔ (topak)"@pav	
"iad"@ga	<http://ids.clld.org/values/2-960-181-3>		<http://ids.clld.org/parameters/2-960>		<http://ids.clld.org/values/2-960-286-1>		"karam maʔ"@pav	
"fearthainn"@ga	<http://ids.clld.org/values/1-750-181-1>		<http://ids.clld.org/parameters/1-750>		<http://ids.clld.org/values/1-750-286-1>		"šowiʔ"@pav	
"sciathán"@ga	<http://ids.clld.org/values/4-392-181-5>		<http://ids.clld.org/parameters/4-392>		<http://ids.clld.org/values/4-392-286-1>		"tapaši"@pav	
"sileadh"@ga	<http://ids.clld.org/values/10-320-181-5>		<http://ids.clld.org/parameters/10-320>		<http://ids.clld.org/values/10-320-286-3>		"weweweo"@pav	
"sileadh"@ga	<http://ids.clld.org/values/10-320-181-5>		<http://ids.clld.org/parameters/10-320>		<http://ids.clld.org/values/10-320-286-1>		"weo"@pav	
"sé"@ga	<http://ids.clld.org/values/2-930-181-1>		<http://ids.clld.org/parameters/2-930>		<http://ids.clld.org/values/2-930-286-1>		"ko maʔ"@pav	
"ceangail"@ga	<http://ids.clld.org/values/9-160-181-1>		<http://ids.clld.org/parameters/9-160>		<http://ids.clld.org/values/9-160-286-1>		"tuku"@pav	
"máthair"@ga	<http://ids.clld.org/values/2-360-181-1>		<http://ids.clld.org/parameters/2-360>		<http://ids.clld.org/values/2-360-286-1>		"naʔ"@pav	
"gaoth"@ga	<http://ids.clld.org/values/1-720-181-1>		<http://ids.clld.org/parameters/1-720>		<http://ids.clld.org/values/1-720-286-1>		"hotowa"@pav	
"muir"@ga	<http://ids.clld.org/values/1-320-181-3>		<http://ids.clld.org/parameters/1-320>		<http://ids.clld.org/values/1-320-286-1>		"kote ne kom"@pav	
"tiubh"@ga	<http://ids.clld.org/values/12-630-181-1>		<http://ids.clld.org/parameters/12-630>		<http://ids.clld.org/values/12-630-286-1>		"kwere"@pav	
"beagán"@ga	<http://ids.clld.org/values/13-170-181-1>		<http://ids.clld.org/parameters/13-170>		<http://ids.clld.org/values/13-170-286-1>		"parek"@pav	
"muinéal"@ga	<http://ids.clld.org/values/4-280-181-1>		<http://ids.clld.org/parameters/4-280>		<http://ids.clld.org/values/4-280-286-1>		"paramašiʔ"@pav	
"fíniúin"@ga	<http://ids.clld.org/values/8-670-181-1>		<http://ids.clld.org/parameters/8-670>		<http://ids.clld.org/values/8-670-286-1>		"makon (makorišiʔ)"@pav	
"crobh"@ga	<http://ids.clld.org/values/4-345-181-3>		<http://ids.clld.org/parameters/4-345>		<http://ids.clld.org/values/4-345-286-1>		"šikinain"@pav	
"sraon"@ga	<http://ids.clld.org/values/9-330-181-5>		<http://ids.clld.org/parameters/9-330>		<http://ids.clld.org/values/9-330-286-1>		"kök"@pav	
"morgtha"@ga	<http://ids.clld.org/values/5-125-181-3>		<http://ids.clld.org/parameters/5-125>		<http://ids.clld.org/values/5-125-286-1>		"šowuru"@pav	
"codail"@ga	<http://ids.clld.org/values/4-610-181-3>		<http://ids.clld.org/parameters/4-610>		<http://ids.clld.org/values/4-610-286-1>		"piʔam"@pav	
"madra"@ga	<http://ids.clld.org/values/3-610-181-1>		<http://ids.clld.org/parameters/3-610>		<http://ids.clld.org/values/3-610-286-1>		"oromiyak"@pav	
"inteacht"@ga	<http://ids.clld.org/values/13-181-181-3>		<http://ids.clld.org/parameters/13-181>		<http://ids.clld.org/values/13-181-286-1>		"arakaʔ"@pav	
"lámh"@ga	<http://ids.clld.org/values/4-330-181-1>		<http://ids.clld.org/parameters/4-330>		<http://ids.clld.org/values/4-330-286-1>		"mišiʔ"@pav	
"lámh"@ga	<http://ids.clld.org/values/4-330-181-1>		<http://ids.clld.org/parameters/4-330>		<http://ids.clld.org/values/4-330-286-3>		"(umʔ)"@pav	
"cró"@ga	<http://ids.clld.org/values/4-150-181-3>		<http://ids.clld.org/parameters/4-150>		<http://ids.clld.org/values/4-150-286-1>		"kišiʔ (wik)"@pav	
"cruimh"@ga	<http://ids.clld.org/values/3-840-181-3>		<http://ids.clld.org/parameters/3-840>		<http://ids.clld.org/values/3-840-286-1>		"meteʔ"@pav	
"te"@ga	<http://ids.clld.org/values/15-851-181-1>		<http://ids.clld.org/parameters/15-851>		<http://ids.clld.org/values/15-851-286-3>		"nonoe"@pav	
"te"@ga	<http://ids.clld.org/values/15-851-181-1>		<http://ids.clld.org/parameters/15-851>		<http://ids.clld.org/values/15-851-286-1>		"šain"@pav	
"beag"@ga	<http://ids.clld.org/values/12-560-181-1>		<http://ids.clld.org/parameters/12-560>		<http://ids.clld.org/values/12-560-286-1>		"wiyimain"@pav	
"maith"@ga	<http://ids.clld.org/values/16-710-181-1>		<http://ids.clld.org/parameters/16-710>		<http://ids.clld.org/values/16-710-286-1>		"awi"@pav	
"ith"@ga	<http://ids.clld.org/values/5-110-181-1>		<http://ids.clld.org/parameters/5-110>		<http://ids.clld.org/values/5-110-286-1>		"kaoʔ"@pav	
"ith"@ga	<http://ids.clld.org/values/5-110-181-1>		<http://ids.clld.org/parameters/5-110>		<http://ids.clld.org/values/5-110-286-3>		"kakakaoʔ"@pav	
"cab"@ga	<http://ids.clld.org/values/4-240-181-3>		<http://ids.clld.org/parameters/4-240>		<http://ids.clld.org/values/4-240-286-1>		"kapiyašiʔ (topak)"@pav	
"dóim"@ga	<http://ids.clld.org/values/1-851-181-1>		<http://ids.clld.org/parameters/1-851>		<http://ids.clld.org/values/1-851-286-3>		"wiran"@pav	
"dóim"@ga	<http://ids.clld.org/values/1-851-181-1>		<http://ids.clld.org/parameters/1-851>		<http://ids.clld.org/values/1-851-286-1>		"tom"@pav	
"dóim"@ga	<http://ids.clld.org/values/1-851-181-1>		<http://ids.clld.org/parameters/1-851>		<http://ids.clld.org/values/1-851-286-5>		"karahoʔ"@pav	
"iasc"@ga	<http://ids.clld.org/values/3-650-181-1>		<http://ids.clld.org/parameters/3-650>		<http://ids.clld.org/values/3-650-286-1>		"hwam (hwamišiʔ)"@pav	
"cruinn"@ga	<http://ids.clld.org/values/12-810-181-1>		<http://ids.clld.org/parameters/12-810>		<http://ids.clld.org/values/12-810-286-1>		"monoʔo"@pav	
"thusa"@ga	<http://ids.clld.org/values/2-920-181-7>		<http://ids.clld.org/parameters/2-920>		<http://ids.clld.org/values/2-920-286-1>		"wum"@pav	
"fuaigh"@ga	<http://ids.clld.org/values/6-350-181-1>		<http://ids.clld.org/parameters/6-350>		<http://ids.clld.org/values/6-350-286-1>		"ok"@pav	
"beag"@ga	<http://ids.clld.org/values/13-170-181-3>		<http://ids.clld.org/parameters/13-170>		<http://ids.clld.org/values/13-170-286-1>		"parek"@pav	
"ordóg"@ga	<http://ids.clld.org/values/4-345-181-11>		<http://ids.clld.org/parameters/4-345>		<http://ids.clld.org/values/4-345-286-1>		"šikinain"@pav	
"linn"@ga	<http://ids.clld.org/values/1-330-181-3>		<http://ids.clld.org/parameters/1-330>		<http://ids.clld.org/values/1-330-286-1>		"šuteremʔ"@pav	
"teann"@ga	<http://ids.clld.org/values/9-343-181-3>		<http://ids.clld.org/parameters/9-343>		<http://ids.clld.org/values/9-343-286-1>		"humʔ"@pav	
"snámh"@ga	<http://ids.clld.org/values/10-350-181-1>		<http://ids.clld.org/parameters/10-350>		<http://ids.clld.org/values/10-350-286-3>		"panʔ karakam"@pav	
"snámh"@ga	<http://ids.clld.org/values/10-350-181-1>		<http://ids.clld.org/parameters/10-350>		<http://ids.clld.org/values/10-350-286-1>		"panʔ kam"@pav	
"folracht"@ga	<http://ids.clld.org/values/4-150-181-5>		<http://ids.clld.org/parameters/4-150>		<http://ids.clld.org/values/4-150-286-1>		"kišiʔ (wik)"@pav	
"díreach"@ga	<http://ids.clld.org/values/12-730-181-1>		<http://ids.clld.org/parameters/12-730>		<http://ids.clld.org/values/12-730-286-1>		"ka om šone ne"@pav	
"tug"@ga	<http://ids.clld.org/values/11-210-181-1>		<http://ids.clld.org/parameters/11-210>		<http://ids.clld.org/values/11-210-286-1>		"miʔ"@pav	
"labhair"@ga	<http://ids.clld.org/values/18-210-181-1>		<http://ids.clld.org/parameters/18-210>		<http://ids.clld.org/values/18-210-286-1>		"tomiʔ"@pav	
"cuimil"@ga	<http://ids.clld.org/values/9-310-181-1>		<http://ids.clld.org/parameters/9-310>		<http://ids.clld.org/values/9-310-286-1>		"šik"@pav	
"smaoinigh"@ga	<http://ids.clld.org/values/17-130-181-1>		<http://ids.clld.org/parameters/17-130>		<http://ids.clld.org/values/17-130-286-1>		"koromikat"@pav	
"fionn"@ga	<http://ids.clld.org/values/15-640-181-5>		<http://ids.clld.org/parameters/15-640>		<http://ids.clld.org/values/15-640-286-1>		"towoʔ"@pav	
"cnoc"@ga	<http://ids.clld.org/values/1-220-181-3>		<http://ids.clld.org/parameters/1-220>		<http://ids.clld.org/values/1-220-286-1>		"pakun"@pav	
"mé"@ga	<http://ids.clld.org/values/2-910-181-1>		<http://ids.clld.org/parameters/2-910>		<http://ids.clld.org/values/2-910-286-1>		"wataʔ"@pav	
"meas"@ga	<http://ids.clld.org/values/5-710-181-3>		<http://ids.clld.org/parameters/5-710>		<http://ids.clld.org/values/5-710-286-3>		"winain"@pav	
"meas"@ga	<http://ids.clld.org/values/5-710-181-3>		<http://ids.clld.org/parameters/5-710>		<http://ids.clld.org/values/5-710-286-1>		"memem"@pav	
"rómhair"@ga	<http://ids.clld.org/values/8-220-181-3>		<http://ids.clld.org/parameters/8-220>		<http://ids.clld.org/values/8-220-286-1>		"še"@pav	
"rómhair"@ga	<http://ids.clld.org/values/8-220-181-3>		<http://ids.clld.org/parameters/8-220>		<http://ids.clld.org/values/8-220-286-3>		"šikeʔ"@pav	
"iomaí"@ga	<http://ids.clld.org/values/13-150-181-5>		<http://ids.clld.org/parameters/13-150>		<http://ids.clld.org/values/13-150-286-1>		"iriʔ miyo/ miya"@pav	
"cnámh"@ga	<http://ids.clld.org/values/4-160-181-1>		<http://ids.clld.org/parameters/4-160>		<http://ids.clld.org/values/4-160-286-1>		"arašiʔ (at)"@pav	
"eithre"@ga	<http://ids.clld.org/values/4-180-181-3>		<http://ids.clld.org/parameters/4-180>		<http://ids.clld.org/values/4-180-286-1>		"kahwerein"@pav	
"ae"@ga	<http://ids.clld.org/values/4-450-181-1>		<http://ids.clld.org/parameters/4-450>		<http://ids.clld.org/values/4-450-286-1>		"tarawanašiʔ (tarawan)"@pav	
"soc"@ga	<http://ids.clld.org/values/4-230-181-5>		<http://ids.clld.org/parameters/4-230>		<http://ids.clld.org/values/4-230-286-1>		"werešiʔ (ut)"@pav	
"coirt"@ga	<http://ids.clld.org/values/8-750-181-1>		<http://ids.clld.org/parameters/8-750>		<http://ids.clld.org/values/8-750-286-1>		"tapari"@pav	
"píobán"@ga	<http://ids.clld.org/values/4-280-181-5>		<http://ids.clld.org/parameters/4-280>		<http://ids.clld.org/values/4-280-286-1>		"paramašiʔ"@pav	
"siolpaim"@ga	<http://ids.clld.org/values/5-160-181-5>		<http://ids.clld.org/parameters/5-160>		<http://ids.clld.org/values/5-160-286-1>		"šok"@pav	
"siolpaim"@ga	<http://ids.clld.org/values/5-160-181-5>		<http://ids.clld.org/parameters/5-160>		<http://ids.clld.org/values/5-160-286-3>		"šak"@pav	
"fuil"@ga	<http://ids.clld.org/values/4-150-181-1>		<http://ids.clld.org/parameters/4-150>		<http://ids.clld.org/values/4-150-286-1>		"kišiʔ (wik)"@pav	
"bean"@ga	<http://ids.clld.org/values/2-220-181-1>		<http://ids.clld.org/parameters/2-220>		<http://ids.clld.org/values/2-220-286-1>		"narimaʔ"@pav	
"críonna"@ga	<http://ids.clld.org/values/14-150-181-3>		<http://ids.clld.org/parameters/14-150>		<http://ids.clld.org/values/14-150-286-1>		"maraʔ"@pav	
"críonna"@ga	<http://ids.clld.org/values/14-150-181-3>		<http://ids.clld.org/parameters/14-150>		<http://ids.clld.org/values/14-150-286-3>		"horon"@pav	
"duilleog"@ga	<http://ids.clld.org/values/8-560-181-1>		<http://ids.clld.org/parameters/8-560>		<http://ids.clld.org/values/8-560-286-1>		"tenenein"@pav	
"gadhar"@ga	<http://ids.clld.org/values/3-610-181-5>		<http://ids.clld.org/parameters/3-610>		<http://ids.clld.org/values/3-610-286-1>		"oromiyak"@pav	
"rúta"@ga	<http://ids.clld.org/values/8-540-181-3>		<http://ids.clld.org/parameters/8-540>		<http://ids.clld.org/values/8-540-286-1>		"kašimain"@pav	
"gach"@ga	<http://ids.clld.org/values/13-140-181-1>		<http://ids.clld.org/parameters/13-140>		<http://ids.clld.org/values/13-140-286-1>		"šam"@pav	
"marbh"@ga	<http://ids.clld.org/values/4-750-181-7>		<http://ids.clld.org/parameters/4-750>		<http://ids.clld.org/values/4-750-286-3>		"konoʔ"@pav	
"marbh"@ga	<http://ids.clld.org/values/4-750-181-7>		<http://ids.clld.org/parameters/4-750>		<http://ids.clld.org/values/4-750-286-1>		"miʔ pin"@pav	
"nua"@ga	<http://ids.clld.org/values/14-130-181-1>		<http://ids.clld.org/parameters/14-130>		<http://ids.clld.org/values/14-130-286-1>		"šokori"@pav	
"maraigh"@ga	<http://ids.clld.org/values/4-760-181-1>		<http://ids.clld.org/parameters/4-760>		<http://ids.clld.org/values/4-760-286-1>		"paʔ"@pav	
"troigh"@ga	<http://ids.clld.org/values/4-370-181-3>		<http://ids.clld.org/parameters/4-370>		<http://ids.clld.org/values/4-370-286-1>		"kašimašiʔ (kašim)"@pav	
"tarraing"@ga	<http://ids.clld.org/values/5-160-181-9>		<http://ids.clld.org/parameters/5-160>		<http://ids.clld.org/values/5-160-286-1>		"šok"@pav	
"tarraing"@ga	<http://ids.clld.org/values/5-160-181-9>		<http://ids.clld.org/parameters/5-160>		<http://ids.clld.org/values/5-160-286-3>		"šak"@pav	
"ré"@ga	<http://ids.clld.org/values/1-530-181-3>		<http://ids.clld.org/parameters/1-530>		<http://ids.clld.org/values/1-530-286-1>		"panawoʔ"@pav	
"toradh"@ga	<http://ids.clld.org/values/5-710-181-1>		<http://ids.clld.org/parameters/5-710>		<http://ids.clld.org/values/5-710-286-3>		"winain"@pav	
"toradh"@ga	<http://ids.clld.org/values/5-710-181-1>		<http://ids.clld.org/parameters/5-710>		<http://ids.clld.org/values/5-710-286-1>		"memem"@pav	
"salach"@ga	<http://ids.clld.org/values/15-880-181-1>		<http://ids.clld.org/parameters/15-880>		<http://ids.clld.org/values/15-880-286-1>		"mišem"@pav	
"forlíonadh"@ga	<http://ids.clld.org/values/4-853-181-9>		<http://ids.clld.org/parameters/4-853>		<http://ids.clld.org/values/4-853-286-1>		"mom"@pav	
"caith"@ga	<http://ids.clld.org/values/10-250-181-1>		<http://ids.clld.org/parameters/10-250>		<http://ids.clld.org/values/10-250-286-3>		"wišikaoʔ"@pav	
"caith"@ga	<http://ids.clld.org/values/10-250-181-1>		<http://ids.clld.org/parameters/10-250>		<http://ids.clld.org/values/10-250-286-1>		"šin"@pav	
"fuar"@ga	<http://ids.clld.org/values/15-860-181-1>		<http://ids.clld.org/parameters/15-860>		<http://ids.clld.org/values/15-860-286-1>		"šio"@pav	
"fuar"@ga	<http://ids.clld.org/values/15-860-181-1>		<http://ids.clld.org/parameters/15-860>		<http://ids.clld.org/values/15-860-286-3>		"kapinʔ"@pav	
"olar"@ga	<http://ids.clld.org/values/5-791-181-9>		<http://ids.clld.org/parameters/5-791>		<http://ids.clld.org/values/5-791-286-1>		"homain"@pav	
"borradh"@ga	<http://ids.clld.org/values/4-853-181-3>		<http://ids.clld.org/parameters/4-853>		<http://ids.clld.org/values/4-853-286-1>		"mom"@pav	
"tanaí"@ga	<http://ids.clld.org/values/12-650-181-1>		<http://ids.clld.org/parameters/12-650>		<http://ids.clld.org/values/12-650-286-1>		"šašiʔ"@pav	
"fearg"@ga	<http://ids.clld.org/values/16-420-181-1>		<http://ids.clld.org/parameters/16-420>		<http://ids.clld.org/values/16-420-286-1>		"manaʔ"@pav	
"páiste"@ga	<http://ids.clld.org/values/2-270-181-3>		<http://ids.clld.org/parameters/2-270>		<http://ids.clld.org/values/2-270-286-1>		"piyeʔ"@pav	
"crann"@ga	<http://ids.clld.org/values/8-600-181-1>		<http://ids.clld.org/parameters/8-600>		<http://ids.clld.org/values/8-600-286-1>		"pana"@pav	
"ionnail"@ga	<http://ids.clld.org/values/9-360-181-5>		<http://ids.clld.org/parameters/9-360>		<http://ids.clld.org/values/9-360-286-3>		"toʔ"@pav	
"ionnail"@ga	<http://ids.clld.org/values/9-360-181-5>		<http://ids.clld.org/parameters/9-360>		<http://ids.clld.org/values/9-360-286-1>		"hohok"@pav	
"dubh"@ga	<http://ids.clld.org/values/15-650-181-1>		<http://ids.clld.org/parameters/15-650>		<http://ids.clld.org/values/15-650-286-1>		"mišem"@pav	
"fear chéile"@ga	<http://ids.clld.org/values/2-310-181-3>		<http://ids.clld.org/parameters/2-310>		<http://ids.clld.org/values/2-310-286-1>		"taši"@pav	
"sáigh"@ga	<http://ids.clld.org/values/9-223-181-1>		<http://ids.clld.org/parameters/9-223>		<http://ids.clld.org/values/9-223-286-1>		"šukunʔ"@pav	
"tchí"@ga	<http://ids.clld.org/values/15-510-181-5>		<http://ids.clld.org/parameters/15-510>		<http://ids.clld.org/values/15-510-286-1>		"kerek"@pav	
"sceith"@ga	<http://ids.clld.org/values/4-570-181-7>		<http://ids.clld.org/parameters/4-570>		<http://ids.clld.org/values/4-570-286-1>		"weʔ"@pav	
"scor"@ga	<http://ids.clld.org/values/9-220-181-1>		<http://ids.clld.org/parameters/9-220>		<http://ids.clld.org/values/9-220-286-7>		"nakarkamʔ"@pav	
"scor"@ga	<http://ids.clld.org/values/9-220-181-1>		<http://ids.clld.org/parameters/9-220>		<http://ids.clld.org/values/9-220-286-3>		"wawak"@pav	
"scor"@ga	<http://ids.clld.org/values/9-220-181-1>		<http://ids.clld.org/parameters/9-220>		<http://ids.clld.org/values/9-220-286-9>		"ta"@pav	
"scor"@ga	<http://ids.clld.org/values/9-220-181-1>		<http://ids.clld.org/parameters/9-220>		<http://ids.clld.org/values/9-220-286-5>		"nakamʔ"@pav	
"scor"@ga	<http://ids.clld.org/values/9-220-181-1>		<http://ids.clld.org/parameters/9-220>		<http://ids.clld.org/values/9-220-286-1>		"wak"@pav	
"stéigeacha"@ga	<http://ids.clld.org/values/4-461-181-9>		<http://ids.clld.org/parameters/4-461>		<http://ids.clld.org/values/4-461-286-1>		"monošiʔ (mon)"@pav	
"gáir"@ga	<http://ids.clld.org/values/16-250-181-1>		<http://ids.clld.org/parameters/16-250>		<http://ids.clld.org/values/16-250-286-1>		"tatamʔ"@pav	
"gáir"@ga	<http://ids.clld.org/values/16-250-181-1>		<http://ids.clld.org/parameters/16-250>		<http://ids.clld.org/values/16-250-286-3>		"katamʔ"@pav	
"scoilt"@ga	<http://ids.clld.org/values/9-270-181-1>		<http://ids.clld.org/parameters/9-270>		<http://ids.clld.org/values/9-270-286-1>		"toʔ pahot"@pav	
"scoilt"@ga	<http://ids.clld.org/values/9-270-181-1>		<http://ids.clld.org/parameters/9-270>		<http://ids.clld.org/values/9-270-286-3>		"toʔ pahorohot"@pav	
"cíoch"@ga	<http://ids.clld.org/values/4-410-181-1>		<http://ids.clld.org/parameters/4-410>		<http://ids.clld.org/values/4-410-286-1>		"karašišiʔ (katat)"@pav	
"bás"@ga	<http://ids.clld.org/values/4-750-181-5>		<http://ids.clld.org/parameters/4-750>		<http://ids.clld.org/values/4-750-286-3>		"konoʔ"@pav	
"bás"@ga	<http://ids.clld.org/values/4-750-181-5>		<http://ids.clld.org/parameters/4-750>		<http://ids.clld.org/values/4-750-286-1>		"miʔ pin"@pav	
"rúsc"@ga	<http://ids.clld.org/values/8-750-181-3>		<http://ids.clld.org/parameters/8-750>		<http://ids.clld.org/values/8-750-286-1>		"tapari"@pav	
"tulach"@ga	<http://ids.clld.org/values/1-220-181-5>		<http://ids.clld.org/parameters/1-220>		<http://ids.clld.org/values/1-220-286-1>		"pakun"@pav	
"scríob"@ga	<http://ids.clld.org/values/5-480-181-1>		<http://ids.clld.org/parameters/5-480>		<http://ids.clld.org/values/5-480-286-1>		"kuruk"@pav	
"lia"@ga	<http://ids.clld.org/values/13-150-181-7>		<http://ids.clld.org/parameters/13-150>		<http://ids.clld.org/values/13-150-286-1>		"iriʔ miyo/ miya"@pav	
"cart"@ga	<http://ids.clld.org/values/5-480-181-7>		<http://ids.clld.org/parameters/5-480>		<http://ids.clld.org/values/5-480-286-1>		"kuruk"@pav	
"clois"@ga	<http://ids.clld.org/values/15-410-181-3>		<http://ids.clld.org/parameters/15-410>		<http://ids.clld.org/values/15-410-286-1>		"tarayu"@pav	
"péist"@ga	<http://ids.clld.org/values/3-840-181-1>		<http://ids.clld.org/parameters/3-840>		<http://ids.clld.org/values/3-840-286-1>		"meteʔ"@pav	
"áirigh"@ga	<http://ids.clld.org/values/13-107-181-5>		<http://ids.clld.org/parameters/13-107>		<http://ids.clld.org/values/13-107-286-1>		"piyimʔ"@pav	
"toit"@ga	<http://ids.clld.org/values/1-830-181-3>		<http://ids.clld.org/parameters/1-830>		<http://ids.clld.org/values/1-830-286-1>		"tainʔ"@pav	
"leac oighir"@ga	<http://ids.clld.org/values/1-770-181-1>		<http://ids.clld.org/parameters/1-770>		<http://ids.clld.org/values/1-770-286-1>		"šio šio"@pav	
"plúr"@ga	<http://ids.clld.org/values/8-570-181-3>		<http://ids.clld.org/parameters/8-570>		<http://ids.clld.org/values/8-570-286-3>		"wiyein"@pav	
"plúr"@ga	<http://ids.clld.org/values/8-570-181-3>		<http://ids.clld.org/parameters/8-570>		<http://ids.clld.org/values/8-570-286-1>		"piwain"@pav	
"siúl"@ga	<http://ids.clld.org/values/10-450-181-1>		<http://ids.clld.org/parameters/10-450>		<http://ids.clld.org/values/10-450-286-1>		"šut"@pav	
"siúl"@ga	<http://ids.clld.org/values/10-450-181-1>		<http://ids.clld.org/parameters/10-450>		<http://ids.clld.org/values/10-450-286-3>		"šurušut"@pav	
"sruth"@ga	<http://ids.clld.org/values/1-360-181-3>		<http://ids.clld.org/parameters/1-360>		<http://ids.clld.org/values/1-360-286-1>		"kom"@pav	
"dearg"@ga	<http://ids.clld.org/values/15-660-181-1>		<http://ids.clld.org/parameters/15-660>		<http://ids.clld.org/values/15-660-286-1>		"pakaʔ"@pav	
"crúb"@ga	<http://ids.clld.org/values/4-345-181-1>		<http://ids.clld.org/parameters/4-345>		<http://ids.clld.org/values/4-345-286-1>		"šikinain"@pav	
"fireann"@ga	<http://ids.clld.org/values/2-230-181-1>		<http://ids.clld.org/parameters/2-230>		<http://ids.clld.org/values/2-230-286-1>		"taramaʔ"@pav	
"eireaball"@ga	<http://ids.clld.org/values/4-180-181-1>		<http://ids.clld.org/parameters/4-180>		<http://ids.clld.org/values/4-180-286-1>		"kahwerein"@pav	
"fiach"@ga	<http://ids.clld.org/values/20-610-181-3>		<http://ids.clld.org/parameters/20-610>		<http://ids.clld.org/values/20-610-286-1>		"yiʔam"@pav	
"bileog"@ga	<http://ids.clld.org/values/8-560-181-3>		<http://ids.clld.org/parameters/8-560>		<http://ids.clld.org/values/8-560-286-1>		"tenenein"@pav	
"éasca"@ga	<http://ids.clld.org/values/1-530-181-5>		<http://ids.clld.org/parameters/1-530>		<http://ids.clld.org/values/1-530-286-1>		"panawoʔ"@pav	
"cluin"@ga	<http://ids.clld.org/values/15-410-181-1>		<http://ids.clld.org/parameters/15-410>		<http://ids.clld.org/values/15-410-286-1>		"tarayu"@pav	
"éagaim"@ga	<http://ids.clld.org/values/4-750-181-3>		<http://ids.clld.org/parameters/4-750>		<http://ids.clld.org/values/4-750-286-3>		"konoʔ"@pav	
"éagaim"@ga	<http://ids.clld.org/values/4-750-181-3>		<http://ids.clld.org/parameters/4-750>		<http://ids.clld.org/values/4-750-286-1>		"miʔ pin"@pav	
"boiric"@ga	<http://ids.clld.org/values/4-853-181-5>		<http://ids.clld.org/parameters/4-853>		<http://ids.clld.org/values/4-853-286-1>		"mom"@pav	
"néal"@ga	<http://ids.clld.org/values/1-730-181-1>		<http://ids.clld.org/parameters/1-730>		<http://ids.clld.org/values/1-730-286-1>		"tayain nanawin"@pav	
"fiacail"@ga	<http://ids.clld.org/values/4-270-181-1>		<http://ids.clld.org/parameters/4-270>		<http://ids.clld.org/values/4-270-286-1>		"šišiʔ (yat)"@pav	
"smúit"@ga	<http://ids.clld.org/values/1-213-181-3>		<http://ids.clld.org/parameters/1-213>		<http://ids.clld.org/values/1-213-286-1>		"tainʔ"@pav	
"spraoi"@ga	<http://ids.clld.org/values/16-260-181-5>		<http://ids.clld.org/parameters/16-260>		<http://ids.clld.org/values/16-260-286-1>		"warayu"@pav	
"seas"@ga	<http://ids.clld.org/values/12-150-181-1>		<http://ids.clld.org/parameters/12-150>		<http://ids.clld.org/values/12-150-286-1>		"tekiʔ pe"@pav	
"seas"@ga	<http://ids.clld.org/values/12-150-181-1>		<http://ids.clld.org/parameters/12-150>		<http://ids.clld.org/values/12-150-286-3>		"tekiʔ to"@pav	
"fada"@ga	<http://ids.clld.org/values/12-570-181-1>		<http://ids.clld.org/parameters/12-570>		<http://ids.clld.org/values/12-570-286-1>		"matam"@pav	
"beithíoch"@ga	<http://ids.clld.org/values/3-110-181-3>		<http://ids.clld.org/parameters/3-110>		<http://ids.clld.org/values/3-110-286-1>		"karawa"@pav	
"ramhar"@ga	<http://ids.clld.org/values/12-630-181-3>		<http://ids.clld.org/parameters/12-630>		<http://ids.clld.org/values/12-630-286-1>		"kwere"@pav	
"imir"@ga	<http://ids.clld.org/values/16-260-181-1>		<http://ids.clld.org/parameters/16-260>		<http://ids.clld.org/values/16-260-286-1>		"warayu"@pav	
"éan"@ga	<http://ids.clld.org/values/3-581-181-1>		<http://ids.clld.org/parameters/3-581>		<http://ids.clld.org/values/3-581-286-1>		"me"@pav	
"putóga"@ga	<http://ids.clld.org/values/4-461-181-3>		<http://ids.clld.org/parameters/4-461>		<http://ids.clld.org/values/4-461-286-1>		"monošiʔ (mon)"@pav	
"folc"@ga	<http://ids.clld.org/values/9-360-181-3>		<http://ids.clld.org/parameters/9-360>		<http://ids.clld.org/values/9-360-286-3>		"toʔ"@pav	
"folc"@ga	<http://ids.clld.org/values/9-360-181-3>		<http://ids.clld.org/parameters/9-360>		<http://ids.clld.org/values/9-360-286-1>		"hohok"@pav	
"bréan"@ga	<http://ids.clld.org/values/5-125-181-5>		<http://ids.clld.org/parameters/5-125>		<http://ids.clld.org/values/5-125-286-1>		"šowuru"@pav	
"rópa"@ga	<http://ids.clld.org/values/9-190-181-3>		<http://ids.clld.org/parameters/9-190>		<http://ids.clld.org/values/9-190-286-1>		"makon (makorišiʔ)"@pav	
"cloch"@ga	<http://ids.clld.org/values/1-440-181-1>		<http://ids.clld.org/parameters/1-440>		<http://ids.clld.org/values/1-440-286-1>		"pakun"@pav	
"craiceann"@ga	<http://ids.clld.org/values/4-120-181-3>		<http://ids.clld.org/parameters/4-120>		<http://ids.clld.org/values/4-120-286-1>		"taparišiʔ"@pav	
"slíob"@ga	<http://ids.clld.org/values/9-310-181-5>		<http://ids.clld.org/parameters/9-310>		<http://ids.clld.org/values/9-310-286-1>		"šik"@pav	
"geal"@ga	<http://ids.clld.org/values/15-640-181-3>		<http://ids.clld.org/parameters/15-640>		<http://ids.clld.org/values/15-640-286-1>		"towoʔ"@pav	
"craig"@ga	<http://ids.clld.org/values/1-440-181-5>		<http://ids.clld.org/parameters/1-440>		<http://ids.clld.org/values/1-440-286-1>		"pakun"@pav	
"machtnaigh"@ga	<http://ids.clld.org/values/17-130-181-3>		<http://ids.clld.org/parameters/17-130>		<http://ids.clld.org/values/17-130-286-1>		"koromikat"@pav	
"bean chéile"@ga	<http://ids.clld.org/values/2-320-181-3>		<http://ids.clld.org/parameters/2-320>		<http://ids.clld.org/values/2-320-286-1>		"mana"@pav	
"gearr"@ga	<http://ids.clld.org/values/9-220-181-5>		<http://ids.clld.org/parameters/9-220>		<http://ids.clld.org/values/9-220-286-7>		"nakarkamʔ"@pav	
"gearr"@ga	<http://ids.clld.org/values/9-220-181-5>		<http://ids.clld.org/parameters/9-220>		<http://ids.clld.org/values/9-220-286-3>		"wawak"@pav	
"gearr"@ga	<http://ids.clld.org/values/9-220-181-5>		<http://ids.clld.org/parameters/9-220>		<http://ids.clld.org/values/9-220-286-9>		"ta"@pav	
"gearr"@ga	<http://ids.clld.org/values/9-220-181-5>		<http://ids.clld.org/parameters/9-220>		<http://ids.clld.org/values/9-220-286-5>		"nakamʔ"@pav	
"gearr"@ga	<http://ids.clld.org/values/9-220-181-5>		<http://ids.clld.org/parameters/9-220>		<http://ids.clld.org/values/9-220-286-1>		"wak"@pav	
"folt"@ga	<http://ids.clld.org/values/4-140-181-3>		<http://ids.clld.org/parameters/4-140>		<http://ids.clld.org/values/4-140-286-1>		"tenenešiʔ"@pav	
"folt"@ga	<http://ids.clld.org/values/4-140-181-3>		<http://ids.clld.org/parameters/4-140>		<http://ids.clld.org/values/4-140-286-3>		"tenenein (šun)"@pav	
"luaith"@ga	<http://ids.clld.org/values/1-840-181-1>		<http://ids.clld.org/parameters/1-840>		<http://ids.clld.org/values/1-840-286-1>		"topakon"@pav	
"glún"@ga	<http://ids.clld.org/values/4-360-181-1>		<http://ids.clld.org/parameters/4-360>		<http://ids.clld.org/values/4-360-286-1>		"karamašiʔ (karam)"@pav	
"súil"@ga	<http://ids.clld.org/values/4-210-181-1>		<http://ids.clld.org/parameters/4-210>		<http://ids.clld.org/values/4-210-286-1>		"tokošiʔ (tok)"@pav	
"tearc"@ga	<http://ids.clld.org/values/13-170-181-5>		<http://ids.clld.org/parameters/13-170>		<http://ids.clld.org/values/13-170-286-1>		"parek"@pav	
"geir"@ga	<http://ids.clld.org/values/5-791-181-5>		<http://ids.clld.org/parameters/5-791>		<http://ids.clld.org/values/5-791-286-1>		"homain"@pav	
"trom"@ga	<http://ids.clld.org/values/15-810-181-1>		<http://ids.clld.org/parameters/15-810>		<http://ids.clld.org/values/15-810-286-3>		"taʔ man"@pav	
"trom"@ga	<http://ids.clld.org/values/15-810-181-1>		<http://ids.clld.org/parameters/15-810>		<http://ids.clld.org/values/15-810-286-1>		"šite"@pav	
"trom"@ga	<http://ids.clld.org/values/15-810-181-1>		<http://ids.clld.org/parameters/15-810>		<http://ids.clld.org/values/15-810-286-5>		"teʔ man"@pav	
"talamh"@ga	<http://ids.clld.org/values/1-210-181-1>		<http://ids.clld.org/parameters/1-210>		<http://ids.clld.org/values/1-210-286-1>		"makanʔ"@pav	
"tine"@ga	<http://ids.clld.org/values/1-810-181-1>		<http://ids.clld.org/parameters/1-810>		<http://ids.clld.org/values/1-810-286-1>		"še"@pav	
"grian"@ga	<http://ids.clld.org/values/1-520-181-1>		<http://ids.clld.org/parameters/1-520>		<http://ids.clld.org/values/1-520-286-1>		"šina"@pav	
"táim ag aiseag"@ga	<http://ids.clld.org/values/4-570-181-3>		<http://ids.clld.org/parameters/4-570>		<http://ids.clld.org/values/4-570-286-1>		"weʔ"@pav	
"eiteog"@ga	<http://ids.clld.org/values/4-392-181-3>		<http://ids.clld.org/parameters/4-392>		<http://ids.clld.org/values/4-392-286-1>		"tapaši"@pav	
"sní"@ga	<http://ids.clld.org/values/10-320-181-3>		<http://ids.clld.org/parameters/10-320>		<http://ids.clld.org/values/10-320-286-3>		"weweweo"@pav	
"sní"@ga	<http://ids.clld.org/values/10-320-181-3>		<http://ids.clld.org/parameters/10-320>		<http://ids.clld.org/values/10-320-286-1>		"weo"@pav	
"comhair"@ga	<http://ids.clld.org/values/13-107-181-1>		<http://ids.clld.org/parameters/13-107>		<http://ids.clld.org/values/13-107-286-1>		"piyimʔ"@pav	
"cas"@ga	<http://ids.clld.org/values/10-130-181-1>		<http://ids.clld.org/parameters/10-130>		<http://ids.clld.org/values/10-130-286-1>		"yami"@pav	
"seithe"@ga	<http://ids.clld.org/values/4-120-181-5>		<http://ids.clld.org/parameters/4-120>		<http://ids.clld.org/values/4-120-286-1>		"taparišiʔ"@pav	
"diúlaim"@ga	<http://ids.clld.org/values/5-160-181-1>		<http://ids.clld.org/parameters/5-160>		<http://ids.clld.org/values/5-160-286-1>		"šok"@pav	
"diúlaim"@ga	<http://ids.clld.org/values/5-160-181-1>		<http://ids.clld.org/parameters/5-160>		<http://ids.clld.org/values/5-160-286-3>		"šak"@pav	
"méathras"@ga	<http://ids.clld.org/values/5-791-181-7>		<http://ids.clld.org/parameters/5-791>		<http://ids.clld.org/values/5-791-286-1>		"homain"@pav	
"séid"@ga	<http://ids.clld.org/values/10-380-181-1>		<http://ids.clld.org/parameters/10-380>		<http://ids.clld.org/values/10-380-286-3>		"hukoʔ"@pav	
"séid"@ga	<http://ids.clld.org/values/10-380-181-1>		<http://ids.clld.org/parameters/10-380>		<http://ids.clld.org/values/10-380-286-1>		"hu"@pav	
"coill"@ga	<http://ids.clld.org/values/1-410-181-1>		<http://ids.clld.org/parameters/1-410>		<http://ids.clld.org/values/1-410-286-1>		"nahwarak"@pav	
"tochail"@ga	<http://ids.clld.org/values/8-220-181-1>		<http://ids.clld.org/parameters/8-220>		<http://ids.clld.org/values/8-220-286-1>		"še"@pav	
"tochail"@ga	<http://ids.clld.org/values/8-220-181-1>		<http://ids.clld.org/parameters/8-220>		<http://ids.clld.org/values/8-220-286-3>		"šikeʔ"@pav	
"athair"@ga	<http://ids.clld.org/values/2-350-181-1>		<http://ids.clld.org/parameters/2-350>		<http://ids.clld.org/values/2-350-286-1>		"te"@pav	
"scamh"@ga	<http://ids.clld.org/values/5-480-181-5>		<http://ids.clld.org/parameters/5-480>		<http://ids.clld.org/values/5-480-286-1>		"kuruk"@pav	
"aosta"@ga	<http://ids.clld.org/values/14-150-181-1>		<http://ids.clld.org/parameters/14-150>		<http://ids.clld.org/values/14-150-286-1>		"maraʔ"@pav	
"aosta"@ga	<http://ids.clld.org/values/14-150-181-1>		<http://ids.clld.org/parameters/14-150>		<http://ids.clld.org/values/14-150-286-3>		"horon"@pav	
"glas"@ga	<http://ids.clld.org/values/15-680-181-1>		<http://ids.clld.org/parameters/15-680>		<http://ids.clld.org/values/15-680-286-1>		"tb̃um"@pav	
"a dó"@ga	<http://ids.clld.org/values/13-20-181-1>		<http://ids.clld.org/parameters/13-20>		<http://ids.clld.org/values/13-20-286-1>		"tuku karakan"@pav	
"tú"@ga	<http://ids.clld.org/values/2-920-181-1>		<http://ids.clld.org/parameters/2-920>		<http://ids.clld.org/values/2-920-286-1>		"wum"@pav	
"lá"@ga	<http://ids.clld.org/values/14-410-181-1>		<http://ids.clld.org/parameters/14-410>		<http://ids.clld.org/values/14-410-286-1>		"šek"@pav	
"neach"@ga	<http://ids.clld.org/values/2-100-181-3>		<http://ids.clld.org/parameters/2-100>		<http://ids.clld.org/values/2-100-286-1>		"wariʔ"@pav	
"croí (croidhe)"@ga	<http://ids.clld.org/values/4-440-181-1>		<http://ids.clld.org/parameters/4-440>		<http://ids.clld.org/values/4-440-286-1>		"šimišiʔ (šim)"@pav	
"neamh"@ga	<http://ids.clld.org/values/1-510-181-3>		<http://ids.clld.org/parameters/1-510>		<http://ids.clld.org/values/1-510-286-1>		"nanawin"@pav	
"tír"@ga	<http://ids.clld.org/values/1-210-181-3>		<http://ids.clld.org/parameters/1-210>		<http://ids.clld.org/values/1-210-286-1>		"makanʔ"@pav	
"iompú timpeall"@ga	<http://ids.clld.org/values/10-130-181-5>		<http://ids.clld.org/parameters/10-130>		<http://ids.clld.org/values/10-130-286-1>		"yami"@pav	
"tuath"@ga	<http://ids.clld.org/values/12-420-181-3>		<http://ids.clld.org/parameters/12-420>		<http://ids.clld.org/values/12-420-286-1>		"parayišiʔ"@pav	
"eitil"@ga	<http://ids.clld.org/values/10-370-181-1>		<http://ids.clld.org/parameters/10-370>		<http://ids.clld.org/values/10-370-286-3>		"toin"@pav	
"eitil"@ga	<http://ids.clld.org/values/10-370-181-1>		<http://ids.clld.org/parameters/10-370>		<http://ids.clld.org/values/10-370-286-1>		"takiʔ"@pav	
"duine"@ga	<http://ids.clld.org/values/2-100-181-1>		<http://ids.clld.org/parameters/2-100>		<http://ids.clld.org/values/2-100-286-1>		"wariʔ"@pav	
"chí"@ga	<http://ids.clld.org/values/15-510-181-3>		<http://ids.clld.org/parameters/15-510>		<http://ids.clld.org/values/15-510-286-1>		"kerek"@pav	
"droch-"@ga	<http://ids.clld.org/values/16-720-181-3>		<http://ids.clld.org/parameters/16-720>		<http://ids.clld.org/values/16-720-286-1>		"kayi"@pav	
"naisc"@ga	<http://ids.clld.org/values/9-160-181-3>		<http://ids.clld.org/parameters/9-160>		<http://ids.clld.org/values/9-160-286-1>		"tuku"@pav	
"mise"@ga	<http://ids.clld.org/values/2-910-181-3>		<http://ids.clld.org/parameters/2-910>		<http://ids.clld.org/values/2-910-286-1>		"wataʔ"@pav	
"faitcheas"@ga	<http://ids.clld.org/values/16-530-181-3>		<http://ids.clld.org/parameters/16-530>		<http://ids.clld.org/values/16-530-286-1>		"yinʔ"@pav	
"pus"@ga	<http://ids.clld.org/values/4-240-181-5>		<http://ids.clld.org/parameters/4-240>		<http://ids.clld.org/values/4-240-286-1>		"kapiyašiʔ (topak)"@pav	
"feic"@ga	<http://ids.clld.org/values/15-510-181-1>		<http://ids.clld.org/parameters/15-510>		<http://ids.clld.org/values/15-510-286-1>		"kerek"@pav	
"réidh"@ga	<http://ids.clld.org/values/15-770-181-1>		<http://ids.clld.org/parameters/15-770>		<http://ids.clld.org/values/15-770-286-1>		"topišik"@pav	
"éigin"@ga	<http://ids.clld.org/values/13-181-181-1>		<http://ids.clld.org/parameters/13-181>		<http://ids.clld.org/values/13-181-286-1>		"arakaʔ"@pav	
"céile"@ga	<http://ids.clld.org/values/2-310-181-5>		<http://ids.clld.org/parameters/2-310>		<http://ids.clld.org/values/2-310-286-1>		"taši"@pav	
"tig"@ga	<http://ids.clld.org/values/10-480-181-1>		<http://ids.clld.org/parameters/10-480>		<http://ids.clld.org/values/10-480-286-1>		"makiʔ"@pav	
"gach uile"@ga	<http://ids.clld.org/values/13-140-181-3>		<http://ids.clld.org/parameters/13-140>		<http://ids.clld.org/values/13-140-286-1>		"šam"@pav	
"súraic"@ga	<http://ids.clld.org/values/5-160-181-7>		<http://ids.clld.org/parameters/5-160>		<http://ids.clld.org/values/5-160-286-1>		"šok"@pav	
"súraic"@ga	<http://ids.clld.org/values/5-160-181-7>		<http://ids.clld.org/parameters/5-160>		<http://ids.clld.org/values/5-160-286-3>		"šak"@pav	
"cluas"@ga	<http://ids.clld.org/values/4-220-181-1>		<http://ids.clld.org/parameters/4-220>		<http://ids.clld.org/values/4-220-286-1>		"tara-yišiʔ (taraʔ)"@pav	
"buail"@ga	<http://ids.clld.org/values/9-210-181-1>		<http://ids.clld.org/parameters/9-210>		<http://ids.clld.org/values/9-210-286-1>		"toʔ"@pav	
"saill"@ga	<http://ids.clld.org/values/5-791-181-1>		<http://ids.clld.org/parameters/5-791>		<http://ids.clld.org/values/5-791-286-1>		"homain"@pav	
"déad"@ga	<http://ids.clld.org/values/4-270-181-3>		<http://ids.clld.org/parameters/4-270>		<http://ids.clld.org/values/4-270-286-1>		"šišiʔ (yat)"@pav	
"snoigh"@ga	<http://ids.clld.org/values/9-220-181-9>		<http://ids.clld.org/parameters/9-220>		<http://ids.clld.org/values/9-220-286-7>		"nakarkamʔ"@pav	
"snoigh"@ga	<http://ids.clld.org/values/9-220-181-9>		<http://ids.clld.org/parameters/9-220>		<http://ids.clld.org/values/9-220-286-3>		"wawak"@pav	
"snoigh"@ga	<http://ids.clld.org/values/9-220-181-9>		<http://ids.clld.org/parameters/9-220>		<http://ids.clld.org/values/9-220-286-9>		"ta"@pav	
"snoigh"@ga	<http://ids.clld.org/values/9-220-181-9>		<http://ids.clld.org/parameters/9-220>		<http://ids.clld.org/values/9-220-286-5>		"nakamʔ"@pav	
"snoigh"@ga	<http://ids.clld.org/values/9-220-181-9>		<http://ids.clld.org/parameters/9-220>		<http://ids.clld.org/values/9-220-286-1>		"wak"@pav	
"caith seile"@ga	<http://ids.clld.org/values/4-560-181-1>		<http://ids.clld.org/parameters/4-560>		<http://ids.clld.org/values/4-560-286-1>		"hupaʔ"@pav	
"óla"@ga	<http://ids.clld.org/values/5-130-181-1>		<http://ids.clld.org/parameters/5-130>		<http://ids.clld.org/values/5-130-286-1>		"tok"@pav	
"óla"@ga	<http://ids.clld.org/values/5-130-181-1>		<http://ids.clld.org/parameters/5-130>		<http://ids.clld.org/values/5-130-286-3>		"tototok"@pav	
