"crann"@ga	<http://ids.clld.org/values/19-250-181-3>		<http://ids.clld.org/parameters/19-250>		<http://ids.clld.org/values/19-250-293-1>		"kʰo-"@ram	
"cnuimh"@ga	<http://ids.clld.org/values/3-840-181-5>		<http://ids.clld.org/parameters/3-840>		<http://ids.clld.org/values/3-840-293-1>		"hɔɔc̷ã"@ram	
"crann"@ga	<http://ids.clld.org/values/1-420-181-1>		<http://ids.clld.org/parameters/1-420>		<http://ids.clld.org/values/1-420-293-1>		"pĩĩ"@ram	
"srón"@ga	<http://ids.clld.org/values/4-230-181-1>		<http://ids.clld.org/parameters/4-230>		<http://ids.clld.org/values/4-230-293-1>		"-yĩyakʰrɛ"@ram	
"suairc"@ga	<http://ids.clld.org/values/16-230-181-7>		<http://ids.clld.org/parameters/16-230>		<http://ids.clld.org/values/16-230-293-1>		"hakʰrɨ"@ram	
"cosán"@ga	<http://ids.clld.org/values/10-720-181-1>		<http://ids.clld.org/parameters/10-720>		<http://ids.clld.org/values/10-720-293-1>		"prɨɨ"@ram	
"muc"@ga	<http://ids.clld.org/values/3-350-181-1>		<http://ids.clld.org/parameters/3-350>		<http://ids.clld.org/values/3-350-293-1>		"kʰro"@ram	
"go léir"@ga	<http://ids.clld.org/values/13-140-181-5>		<http://ids.clld.org/parameters/13-140>		<http://ids.clld.org/values/13-140-293-1>		"tu-"@ram	
"isteach"@ga	<http://ids.clld.org/values/12-50-181-1>		<http://ids.clld.org/parameters/12-50>		<http://ids.clld.org/values/12-50-293-1>		"kʰam"@ram	
"giúlán"@ga	<http://ids.clld.org/values/10-610-181-3>		<http://ids.clld.org/parameters/10-610>		<http://ids.clld.org/values/10-610-293-1>		"pə"@ram	
"réalta"@ga	<http://ids.clld.org/values/1-540-181-1>		<http://ids.clld.org/parameters/1-540>		<http://ids.clld.org/values/1-540-293-1>		"kac̷ee-rɛ"@ram	
"cloigeann"@ga	<http://ids.clld.org/values/4-200-181-3>		<http://ids.clld.org/parameters/4-200>		<http://ids.clld.org/values/4-200-293-1>		"ii-kʰrə̃"@ram	
"pian"@ga	<http://ids.clld.org/values/16-310-181-1>		<http://ids.clld.org/parameters/16-310>		<http://ids.clld.org/values/16-310-293-1>		"-c̷a-"@ram	
"pian"@ga	<http://ids.clld.org/values/16-310-181-1>		<http://ids.clld.org/parameters/16-310>		<http://ids.clld.org/values/16-310-293-3>		"ha- (?)"@ram	
"crua-ae"@ga	<http://ids.clld.org/values/4-450-181-3>		<http://ids.clld.org/parameters/4-450>		<http://ids.clld.org/values/4-450-293-1>		"ii-pa"@ram	
"cuardaigh"@ga	<http://ids.clld.org/values/11-310-181-1>		<http://ids.clld.org/parameters/11-310>		<http://ids.clld.org/values/11-310-293-1>		"lɨ̃t"@ram	
"tirim"@ga	<http://ids.clld.org/values/15-840-181-1>		<http://ids.clld.org/parameters/15-840>		<http://ids.clld.org/values/15-840-293-1>		"krə"@ram	
"tirim"@ga	<http://ids.clld.org/values/15-840-181-1>		<http://ids.clld.org/parameters/15-840>		<http://ids.clld.org/values/15-840-293-3>		"(kʰra ?)"@ram	
"rosc"@ga	<http://ids.clld.org/values/4-210-181-3>		<http://ids.clld.org/parameters/4-210>		<http://ids.clld.org/values/4-210-293-1>		"ii-tɔ"@ram	
"can"@ga	<http://ids.clld.org/values/18-120-181-1>		<http://ids.clld.org/parameters/18-120>		<http://ids.clld.org/values/18-120-293-1>		"-krɛ"@ram	
"árdaigh"@ga	<http://ids.clld.org/values/10-472-181-1>		<http://ids.clld.org/parameters/10-472>		<http://ids.clld.org/values/10-472-293-1>		"pi-"@ram	
"drúcht"@ga	<http://ids.clld.org/values/1-640-181-1>		<http://ids.clld.org/parameters/1-640>		<http://ids.clld.org/values/1-640-293-1>		"atər-"@ram	
"deá-"@ga	<http://ids.clld.org/values/16-710-181-3>		<http://ids.clld.org/parameters/16-710>		<http://ids.clld.org/values/16-710-293-1>		"-pɛy"@ram	
"draid"@ga	<http://ids.clld.org/values/4-240-181-9>		<http://ids.clld.org/parameters/4-240>		<http://ids.clld.org/values/4-240-293-1>		"-yarkʰwa"@ram	
"spéir"@ga	<http://ids.clld.org/values/1-510-181-1>		<http://ids.clld.org/parameters/1-510>		<http://ids.clld.org/values/1-510-293-1>		"koykʰwa"@ram	
"fear"@ga	<http://ids.clld.org/values/2-310-181-1>		<http://ids.clld.org/parameters/2-310>		<http://ids.clld.org/values/2-310-293-1>		"ĩĩ-pyɛ"@ram	
"garg"@ga	<http://ids.clld.org/values/15-370-181-5>		<http://ids.clld.org/parameters/15-370>		<http://ids.clld.org/values/15-370-293-1>		"-c̷ə-"@ram	
"garg"@ga	<http://ids.clld.org/values/15-370-181-5>		<http://ids.clld.org/parameters/15-370>		<http://ids.clld.org/values/15-370-293-3>		"hə"@ram	
"blonag"@ga	<http://ids.clld.org/values/5-791-181-3>		<http://ids.clld.org/parameters/5-791>		<http://ids.clld.org/values/5-791-293-1>		"iʔ-twɨm"@ram	
"clé"@ga	<http://ids.clld.org/values/12-420-181-1>		<http://ids.clld.org/parameters/12-420>		<http://ids.clld.org/values/12-420-293-1>		"aw-kʰɛ"@ram	
"cú"@ga	<http://ids.clld.org/values/3-610-181-7>		<http://ids.clld.org/parameters/3-610>		<http://ids.clld.org/values/3-610-293-1>		"rɔp"@ram	
"fear"@ga	<http://ids.clld.org/values/2-210-181-1>		<http://ids.clld.org/parameters/2-210>		<http://ids.clld.org/values/2-210-293-1>		"hũm"@ram	
"carraig"@ga	<http://ids.clld.org/values/1-440-181-3>		<http://ids.clld.org/parameters/1-440>		<http://ids.clld.org/values/1-440-293-1>		"kʰɛn"@ram	
"cleith ailpín"@ga	<http://ids.clld.org/values/20-220-181-1>		<http://ids.clld.org/parameters/20-220>		<http://ids.clld.org/values/20-220-293-1>		"kʰo"@ram	
"bán"@ga	<http://ids.clld.org/values/15-640-181-1>		<http://ids.clld.org/parameters/15-640>		<http://ids.clld.org/values/15-640-293-1>		"hakkʰa"@ram	
"bán"@ga	<http://ids.clld.org/values/15-640-181-1>		<http://ids.clld.org/parameters/15-640>		<http://ids.clld.org/values/15-640-293-3>		"yakʰaa"@ram	
"smachtín"@ga	<http://ids.clld.org/values/20-220-181-3>		<http://ids.clld.org/parameters/20-220>		<http://ids.clld.org/values/20-220-293-1>		"kʰo"@ram	
"tusa"@ga	<http://ids.clld.org/values/2-920-181-5>		<http://ids.clld.org/parameters/2-920>		<http://ids.clld.org/values/2-920-293-1>		"ka"@ram	
"suí"@ga	<http://ids.clld.org/values/12-130-181-1>		<http://ids.clld.org/parameters/12-130>		<http://ids.clld.org/values/12-130-293-1>		"yə̃ (yɨ̃ ?)"@ram	
"do-"@ga	<http://ids.clld.org/values/16-720-181-5>		<http://ids.clld.org/parameters/16-720>		<http://ids.clld.org/values/16-720-293-1>		"iʔkʰɛn"@ram	
"luí"@ga	<http://ids.clld.org/values/12-140-181-1>		<http://ids.clld.org/parameters/12-140>		<http://ids.clld.org/values/12-140-293-1>		"nɔ̃"@ram	
"ubh"@ga	<http://ids.clld.org/values/5-970-181-1>		<http://ids.clld.org/parameters/5-970>		<http://ids.clld.org/values/5-970-293-1>		"in-krɛ"@ram	
"aonar"@ga	<http://ids.clld.org/values/13-330-181-1>		<http://ids.clld.org/parameters/13-330>		<http://ids.clld.org/values/13-330-293-3>		"kamã"@ram	
"aonar"@ga	<http://ids.clld.org/values/13-330-181-1>		<http://ids.clld.org/parameters/13-330>		<http://ids.clld.org/values/13-330-293-1>		"pit"@ram	
"féileacán"@ga	<http://ids.clld.org/values/3-920-181-1>		<http://ids.clld.org/parameters/3-920>		<http://ids.clld.org/values/3-920-293-1>		"wɛwɛ-"@ram	
"leanbh"@ga	<http://ids.clld.org/values/2-270-181-1>		<http://ids.clld.org/parameters/2-270>		<http://ids.clld.org/values/2-270-293-1>		"aʔ-kʰra-rɛ"@ram	
"thú"@ga	<http://ids.clld.org/values/2-920-181-3>		<http://ids.clld.org/parameters/2-920>		<http://ids.clld.org/values/2-920-293-1>		"ka"@ram	
"olc"@ga	<http://ids.clld.org/values/16-720-181-1>		<http://ids.clld.org/parameters/16-720>		<http://ids.clld.org/values/16-720-293-1>		"iʔkʰɛn"@ram	
"lúcháireach"@ga	<http://ids.clld.org/values/16-230-181-1>		<http://ids.clld.org/parameters/16-230>		<http://ids.clld.org/values/16-230-293-1>		"hakʰrɨ"@ram	
"cos"@ga	<http://ids.clld.org/values/4-350-181-1>		<http://ids.clld.org/parameters/4-350>		<http://ids.clld.org/values/4-350-293-1>		"ii-tɛ"@ram	
"snáithe"@ga	<http://ids.clld.org/values/6-380-181-3>		<http://ids.clld.org/parameters/6-380>		<http://ids.clld.org/values/6-380-293-1>		"he-"@ram	
"snáithe"@ga	<http://ids.clld.org/values/6-380-181-3>		<http://ids.clld.org/parameters/6-380>		<http://ids.clld.org/values/6-380-293-3>		"-c̷e- (?)"@ram	
"slog"@ga	<http://ids.clld.org/values/5-130-181-3>		<http://ids.clld.org/parameters/5-130>		<http://ids.clld.org/values/5-130-293-1>		"-kʰõ (kʰɔ̃ ?)"@ram	
"mear"@ga	<http://ids.clld.org/values/14-210-181-3>		<http://ids.clld.org/parameters/14-210>		<http://ids.clld.org/values/14-210-293-1>		"kɨt-"@ram	
"mil"@ga	<http://ids.clld.org/values/5-840-181-1>		<http://ids.clld.org/parameters/5-840>		<http://ids.clld.org/values/5-840-293-1>		"pɛn"@ram	
"sean-"@ga	<http://ids.clld.org/values/14-150-181-5>		<http://ids.clld.org/parameters/14-150>		<http://ids.clld.org/values/14-150-293-1>		"tũm"@ram	
"clab"@ga	<http://ids.clld.org/values/4-240-181-11>		<http://ids.clld.org/parameters/4-240>		<http://ids.clld.org/values/4-240-293-1>		"-yarkʰwa"@ram	
"cáiteog"@ga	<http://ids.clld.org/values/9-770-181-3>		<http://ids.clld.org/parameters/9-770>		<http://ids.clld.org/values/9-770-293-1>		"kohpip (koʔpip ?)"@ram	
"fáisc"@ga	<http://ids.clld.org/values/9-343-181-1>		<http://ids.clld.org/parameters/9-343>		<http://ids.clld.org/values/9-343-293-1>		"ŋɛ̃n"@ram	
"seangán"@ga	<http://ids.clld.org/values/3-817-181-1>		<http://ids.clld.org/parameters/3-817>		<http://ids.clld.org/values/3-817-293-1>		"ahc̷un- (aʔc̷un- ?)"@ram	
"cam"@ga	<http://ids.clld.org/values/12-740-181-1>		<http://ids.clld.org/parameters/12-740>		<http://ids.clld.org/values/12-740-293-1>		"yakɔt"@ram	
"caith"@ga	<http://ids.clld.org/values/5-110-181-3>		<http://ids.clld.org/parameters/5-110>		<http://ids.clld.org/values/5-110-293-3>		"kʰuu"@ram	
"caith"@ga	<http://ids.clld.org/values/5-110-181-3>		<http://ids.clld.org/parameters/5-110>		<http://ids.clld.org/values/5-110-293-7>		"pa-"@ram	
"caith"@ga	<http://ids.clld.org/values/5-110-181-3>		<http://ids.clld.org/parameters/5-110>		<http://ids.clld.org/values/5-110-293-5>		"kukʰu-"@ram	
"caith"@ga	<http://ids.clld.org/values/5-110-181-3>		<http://ids.clld.org/parameters/5-110>		<http://ids.clld.org/values/5-110-293-1>		"-kʰrẽ"@ram	
"táim beo"@ga	<http://ids.clld.org/values/4-740-181-1>		<http://ids.clld.org/parameters/4-740>		<http://ids.clld.org/values/4-740-293-1>		"tĩ"@ram	
"úr"@ga	<http://ids.clld.org/values/14-130-181-3>		<http://ids.clld.org/parameters/14-130>		<http://ids.clld.org/values/14-130-293-1>		"-tuwa"@ram	
"crogall"@ga	<http://ids.clld.org/values/3-970-181-1>		<http://ids.clld.org/parameters/3-970>		<http://ids.clld.org/values/3-970-293-1>		"mĩĩ (mɨ̃ ?)"@ram	
"bile"@ga	<http://ids.clld.org/values/8-600-181-3>		<http://ids.clld.org/parameters/8-600>		<http://ids.clld.org/values/8-600-293-1>		"pĩĩ"@ram	
"sí"@ga	<http://ids.clld.org/values/2-930-181-3>		<http://ids.clld.org/parameters/2-930>		<http://ids.clld.org/values/2-930-293-1>		"tamə̃"@ram	
"eite"@ga	<http://ids.clld.org/values/4-392-181-1>		<http://ids.clld.org/parameters/4-392>		<http://ids.clld.org/values/4-392-293-1>		"haaraa"@ram	
"cos"@ga	<http://ids.clld.org/values/4-370-181-1>		<http://ids.clld.org/parameters/4-370>		<http://ids.clld.org/values/4-370-293-1>		"ii-par"@ram	
"ionad"@ga	<http://ids.clld.org/values/12-110-181-3>		<http://ids.clld.org/parameters/12-110>		<http://ids.clld.org/values/12-110-293-1>		"-li-"@ram	
"gaosán"@ga	<http://ids.clld.org/values/4-230-181-3>		<http://ids.clld.org/parameters/4-230>		<http://ids.clld.org/values/4-230-293-1>		"-yĩyakʰrɛ"@ram	
"fiodh-"@ga	<http://ids.clld.org/values/1-430-181-3>		<http://ids.clld.org/parameters/1-430>		<http://ids.clld.org/values/1-430-293-1>		"pĩ"@ram	
"mór"@ga	<http://ids.clld.org/values/12-550-181-1>		<http://ids.clld.org/parameters/12-550>		<http://ids.clld.org/values/12-550-293-1>		"ti-"@ram	
"súim"@ga	<http://ids.clld.org/values/5-160-181-3>		<http://ids.clld.org/parameters/5-160>		<http://ids.clld.org/values/5-160-293-1>		"kaho"@ram	
"deatach"@ga	<http://ids.clld.org/values/1-830-181-1>		<http://ids.clld.org/parameters/1-830>		<http://ids.clld.org/values/1-830-293-1>		"iʔ-kʰũm"@ram	
"míol"@ga	<http://ids.clld.org/values/3-811-181-1>		<http://ids.clld.org/parameters/3-811>		<http://ids.clld.org/values/3-811-293-1>		"ii-ko"@ram	
"uisce"@ga	<http://ids.clld.org/values/1-310-181-1>		<http://ids.clld.org/parameters/1-310>		<http://ids.clld.org/values/1-310-293-1>		"ko"@ram	
"scoth"@ga	<http://ids.clld.org/values/8-570-181-7>		<http://ids.clld.org/parameters/8-570>		<http://ids.clld.org/values/8-570-293-1>		"ii-rə̃"@ram	
"amháin"@ga	<http://ids.clld.org/values/13-330-181-5>		<http://ids.clld.org/parameters/13-330>		<http://ids.clld.org/values/13-330-293-3>		"kamã"@ram	
"amháin"@ga	<http://ids.clld.org/values/13-330-181-5>		<http://ids.clld.org/parameters/13-330>		<http://ids.clld.org/values/13-330-293-1>		"pit"@ram	
"teanga"@ga	<http://ids.clld.org/values/4-260-181-1>		<http://ids.clld.org/parameters/4-260>		<http://ids.clld.org/values/4-260-293-1>		"-yõʔtɔ"@ram	
"báisteach"@ga	<http://ids.clld.org/values/1-750-181-3>		<http://ids.clld.org/parameters/1-750>		<http://ids.clld.org/values/1-750-293-1>		"taa (ta ?)"@ram	
"iompú thart"@ga	<http://ids.clld.org/values/10-130-181-3>		<http://ids.clld.org/parameters/10-130>		<http://ids.clld.org/values/10-130-293-1>		"ayrɔ̃"@ram	
"bréag"@ga	<http://ids.clld.org/values/16-670-181-1>		<http://ids.clld.org/parameters/16-670>		<http://ids.clld.org/values/16-670-293-1>		"nõ"@ram	
"scrogall"@ga	<http://ids.clld.org/values/4-280-181-7>		<http://ids.clld.org/parameters/4-280>		<http://ids.clld.org/values/4-280-293-1>		"ii-put"@ram	
"corróg"@ga	<http://ids.clld.org/values/4-463-181-3>		<http://ids.clld.org/parameters/4-463>		<http://ids.clld.org/values/4-463-293-1>		"hɔ̃"@ram	
"nigh"@ga	<http://ids.clld.org/values/9-360-181-1>		<http://ids.clld.org/parameters/9-360>		<http://ids.clld.org/values/9-360-293-1>		"kuʔhõ"@ram	
"nigh"@ga	<http://ids.clld.org/values/9-360-181-1>		<http://ids.clld.org/parameters/9-360>		<http://ids.clld.org/values/9-360-293-3>		"kaʔhõ"@ram	
"péint"@ga	<http://ids.clld.org/values/9-880-181-1>		<http://ids.clld.org/parameters/9-880>		<http://ids.clld.org/values/9-880-293-1>		"kʰrɔr"@ram	
"leathan"@ga	<http://ids.clld.org/values/12-610-181-1>		<http://ids.clld.org/parameters/12-610>		<http://ids.clld.org/values/12-610-293-1>		"iʔ-pɔ"@ram	
"ainm"@ga	<http://ids.clld.org/values/18-280-181-1>		<http://ids.clld.org/parameters/18-280>		<http://ids.clld.org/values/18-280-293-1>		"awkʰe-"@ram	
"ainm"@ga	<http://ids.clld.org/values/18-280-181-1>		<http://ids.clld.org/parameters/18-280>		<http://ids.clld.org/values/18-280-293-3>		"yəyə-"@ram	
"cneas"@ga	<http://ids.clld.org/values/4-120-181-1>		<http://ids.clld.org/parameters/4-120>		<http://ids.clld.org/values/4-120-293-1>		"ii-kʰə (?)"@ram	
"mairim"@ga	<http://ids.clld.org/values/4-740-181-3>		<http://ids.clld.org/parameters/4-740>		<http://ids.clld.org/values/4-740-293-1>		"tĩ"@ram	
"leochaileach"@ga	<http://ids.clld.org/values/4-820-181-9>		<http://ids.clld.org/parameters/4-820>		<http://ids.clld.org/values/4-820-293-1>		"pɛk-"@ram	
"tachrán"@ga	<http://ids.clld.org/values/2-270-181-5>		<http://ids.clld.org/parameters/2-270>		<http://ids.clld.org/values/2-270-293-1>		"aʔ-kʰra-rɛ"@ram	
"bráid"@ga	<http://ids.clld.org/values/4-280-181-3>		<http://ids.clld.org/parameters/4-280>		<http://ids.clld.org/values/4-280-293-1>		"ii-put"@ram	
"nathair"@ga	<http://ids.clld.org/values/3-850-181-1>		<http://ids.clld.org/parameters/3-850>		<http://ids.clld.org/values/3-850-293-3>		"pat"@ram	
"nathair"@ga	<http://ids.clld.org/values/3-850-181-1>		<http://ids.clld.org/parameters/3-850>		<http://ids.clld.org/values/3-850-293-1>		"kaaŋə"@ram	
"clós"@ga	<http://ids.clld.org/values/7-150-181-1>		<http://ids.clld.org/parameters/7-150>		<http://ids.clld.org/values/7-150-293-1>		"ka-"@ram	
"a trí"@ga	<http://ids.clld.org/values/13-30-181-1>		<http://ids.clld.org/parameters/13-30>		<http://ids.clld.org/values/13-30-293-1>		"ɨnkre-"@ram	
"madadh"@ga	<http://ids.clld.org/values/3-610-181-3>		<http://ids.clld.org/parameters/3-610>		<http://ids.clld.org/values/3-610-293-1>		"rɔp"@ram	
"loiscim"@ga	<http://ids.clld.org/values/1-851-181-3>		<http://ids.clld.org/parameters/1-851>		<http://ids.clld.org/values/1-851-293-1>		"ka-c̷ər"@ram	
"lag"@ga	<http://ids.clld.org/values/4-820-181-1>		<http://ids.clld.org/parameters/4-820>		<http://ids.clld.org/values/4-820-293-1>		"pɛk-"@ram	
"smig"@ga	<http://ids.clld.org/values/4-209-181-1>		<http://ids.clld.org/parameters/4-209>		<http://ids.clld.org/values/4-209-293-1>		"hamã"@ram	
"féar tirim"@ga	<http://ids.clld.org/values/8-520-181-3>		<http://ids.clld.org/parameters/8-520>		<http://ids.clld.org/values/8-520-293-1>		"po-"@ram	
"deannach"@ga	<http://ids.clld.org/values/1-213-181-1>		<http://ids.clld.org/parameters/1-213>		<http://ids.clld.org/values/1-213-293-1>		"pye yakro"@ram	
"tréith"@ga	<http://ids.clld.org/values/4-820-181-5>		<http://ids.clld.org/parameters/4-820>		<http://ids.clld.org/values/4-820-293-1>		"pɛk-"@ram	
"síol"@ga	<http://ids.clld.org/values/8-311-181-1>		<http://ids.clld.org/parameters/8-311>		<http://ids.clld.org/values/8-311-293-1>		"iʔ-hɨɨ (hɨ- ?)"@ram	
"cré"@ga	<http://ids.clld.org/values/1-213-181-5>		<http://ids.clld.org/parameters/1-213>		<http://ids.clld.org/values/1-213-293-1>		"pye yakro"@ram	
"áras"@ga	<http://ids.clld.org/values/7-120-181-3>		<http://ids.clld.org/parameters/7-120>		<http://ids.clld.org/values/7-120-293-1>		"ii-kʰrɛ"@ram	
"tag"@ga	<http://ids.clld.org/values/10-480-181-3>		<http://ids.clld.org/parameters/10-480>		<http://ids.clld.org/values/10-480-293-1>		"-tẽ"@ram	
"fréamh"@ga	<http://ids.clld.org/values/8-540-181-1>		<http://ids.clld.org/parameters/8-540>		<http://ids.clld.org/values/8-540-293-1>		"haare"@ram	
"faighim bás"@ga	<http://ids.clld.org/values/4-750-181-1>		<http://ids.clld.org/parameters/4-750>		<http://ids.clld.org/values/4-750-293-1>		"tɨɨ- (tɨ ?)"@ram	
"pósae"@ga	<http://ids.clld.org/values/8-570-181-5>		<http://ids.clld.org/parameters/8-570>		<http://ids.clld.org/values/8-570-293-1>		"ii-rə̃"@ram	
"éist"@ga	<http://ids.clld.org/values/15-420-181-1>		<http://ids.clld.org/parameters/15-420>		<http://ids.clld.org/values/15-420-293-1>		"k mpa (?)"@ram	
"gaineamh"@ga	<http://ids.clld.org/values/1-215-181-1>		<http://ids.clld.org/parameters/1-215>		<http://ids.clld.org/values/1-215-293-1>		"pye"@ram	
"moncaí"@ga	<http://ids.clld.org/values/3-760-181-1>		<http://ids.clld.org/parameters/3-760>		<http://ids.clld.org/values/3-760-293-1>		"kukʰoy"@ram	
"tuargain"@ga	<http://ids.clld.org/values/9-211-181-5>		<http://ids.clld.org/parameters/9-211>		<http://ids.clld.org/values/9-211-293-1>		"twə"@ram	
"greim a bhaint as"@ga	<http://ids.clld.org/values/4-580-181-1>		<http://ids.clld.org/parameters/4-580>		<http://ids.clld.org/values/4-580-293-1>		"-ku-c̷a"@ram	
"tóin"@ga	<http://ids.clld.org/values/4-464-181-1>		<http://ids.clld.org/parameters/4-464>		<http://ids.clld.org/values/4-464-293-1>		"ayɔ"@ram	
"dul ar lorg duine"@ga	<http://ids.clld.org/values/11-310-181-3>		<http://ids.clld.org/parameters/11-310>		<http://ids.clld.org/values/11-310-293-1>		"lɨ̃t"@ram	
"salann"@ga	<http://ids.clld.org/values/5-810-181-1>		<http://ids.clld.org/parameters/5-810>		<http://ids.clld.org/values/5-810-293-1>		"kaac̷wa"@ram	
"céile"@ga	<http://ids.clld.org/values/2-320-181-5>		<http://ids.clld.org/parameters/2-320>		<http://ids.clld.org/values/2-320-293-1>		"ĩĩ-prõ"@ram	
"oíche"@ga	<http://ids.clld.org/values/14-420-181-1>		<http://ids.clld.org/parameters/14-420>		<http://ids.clld.org/values/14-420-293-1>		"kac̷wa"@ram	
"poll"@ga	<http://ids.clld.org/values/12-850-181-1>		<http://ids.clld.org/parameters/12-850>		<http://ids.clld.org/values/12-850-293-1>		"kʰrɛ"@ram	
"adhmad"@ga	<http://ids.clld.org/values/1-430-181-1>		<http://ids.clld.org/parameters/1-430>		<http://ids.clld.org/values/1-430-293-1>		"pĩ"@ram	
"bláth"@ga	<http://ids.clld.org/values/8-570-181-1>		<http://ids.clld.org/parameters/8-570>		<http://ids.clld.org/values/8-570-293-1>		"ii-rə̃"@ram	
"bean"@ga	<http://ids.clld.org/values/2-320-181-1>		<http://ids.clld.org/parameters/2-320>		<http://ids.clld.org/values/2-320-293-1>		"ĩĩ-prõ"@ram	
"ceann"@ga	<http://ids.clld.org/values/4-200-181-1>		<http://ids.clld.org/parameters/4-200>		<http://ids.clld.org/values/4-200-293-1>		"ii-kʰrə̃"@ram	
"fliuch"@ga	<http://ids.clld.org/values/15-830-181-1>		<http://ids.clld.org/parameters/15-830>		<http://ids.clld.org/values/15-830-293-1>		"mrɔ̃ (?)"@ram	
"codladh"@ga	<http://ids.clld.org/values/4-610-181-1>		<http://ids.clld.org/parameters/4-610>		<http://ids.clld.org/values/4-610-293-1>		"-ŋõr (ŋɔ̃r ?)"@ram	
"istoigh"@ga	<http://ids.clld.org/values/12-50-181-3>		<http://ids.clld.org/parameters/12-50>		<http://ids.clld.org/values/12-50-293-1>		"kʰam"@ram	
"féar"@ga	<http://ids.clld.org/values/8-510-181-1>		<http://ids.clld.org/parameters/8-510>		<http://ids.clld.org/values/8-510-293-1>		"aʔ-tuu"@ram	
"lán"@ga	<http://ids.clld.org/values/13-210-181-1>		<http://ids.clld.org/parameters/13-210>		<http://ids.clld.org/values/13-210-293-1>		"yic̷u"@ram	
"áthasach"@ga	<http://ids.clld.org/values/16-230-181-3>		<http://ids.clld.org/parameters/16-230>		<http://ids.clld.org/values/16-230-293-1>		"hakʰrɨ"@ram	
"gruaig"@ga	<http://ids.clld.org/values/4-140-181-1>		<http://ids.clld.org/parameters/4-140>		<http://ids.clld.org/values/4-140-293-1>		"ii-kʰĩ"@ram	
"so-"@ga	<http://ids.clld.org/values/16-710-181-5>		<http://ids.clld.org/parameters/16-710>		<http://ids.clld.org/values/16-710-293-1>		"-pɛy"@ram	
"tiarpa"@ga	<http://ids.clld.org/values/4-464-181-5>		<http://ids.clld.org/parameters/4-464>		<http://ids.clld.org/values/4-464-293-1>		"ayɔ"@ram	
"tobar"@ga	<http://ids.clld.org/values/1-370-181-1>		<http://ids.clld.org/parameters/1-370>		<http://ids.clld.org/values/1-370-293-1>		"kʰwa"@ram	
"cár"@ga	<http://ids.clld.org/values/4-240-181-7>		<http://ids.clld.org/parameters/4-240>		<http://ids.clld.org/values/4-240-293-1>		"-yarkʰwa"@ram	
"lagbhríoch"@ga	<http://ids.clld.org/values/4-820-181-13>		<http://ids.clld.org/parameters/4-820>		<http://ids.clld.org/values/4-820-293-1>		"pɛk-"@ram	
"feoil"@ga	<http://ids.clld.org/values/5-610-181-1>		<http://ids.clld.org/parameters/5-610>		<http://ids.clld.org/values/5-610-293-1>		"hĩ"@ram	
"feoil"@ga	<http://ids.clld.org/values/5-610-181-1>		<http://ids.clld.org/parameters/5-610>		<http://ids.clld.org/values/5-610-293-3>		"yĩ"@ram	
"ruainne"@ga	<http://ids.clld.org/values/6-380-181-5>		<http://ids.clld.org/parameters/6-380>		<http://ids.clld.org/values/6-380-293-1>		"he-"@ram	
"ruainne"@ga	<http://ids.clld.org/values/6-380-181-5>		<http://ids.clld.org/parameters/6-380>		<http://ids.clld.org/values/6-380-293-3>		"-c̷e- (?)"@ram	
"cuar"@ga	<http://ids.clld.org/values/12-740-181-5>		<http://ids.clld.org/parameters/12-740>		<http://ids.clld.org/values/12-740-293-1>		"yakɔt"@ram	
"béal"@ga	<http://ids.clld.org/values/4-240-181-1>		<http://ids.clld.org/parameters/4-240>		<http://ids.clld.org/values/4-240-293-1>		"-yarkʰwa"@ram	
"fearthainn"@ga	<http://ids.clld.org/values/1-750-181-1>		<http://ids.clld.org/parameters/1-750>		<http://ids.clld.org/values/1-750-293-1>		"taa (ta ?)"@ram	
"te"@ga	<http://ids.clld.org/values/15-850-181-1>		<http://ids.clld.org/parameters/15-850>		<http://ids.clld.org/values/15-850-293-1>		"kakrɔ"@ram	
"sciathán"@ga	<http://ids.clld.org/values/4-392-181-5>		<http://ids.clld.org/parameters/4-392>		<http://ids.clld.org/values/4-392-293-1>		"haaraa"@ram	
"sé"@ga	<http://ids.clld.org/values/2-930-181-1>		<http://ids.clld.org/parameters/2-930>		<http://ids.clld.org/values/2-930-293-1>		"tamə̃"@ram	
"dath"@ga	<http://ids.clld.org/values/9-880-181-3>		<http://ids.clld.org/parameters/9-880>		<http://ids.clld.org/values/9-880-293-1>		"kʰrɔr"@ram	
"máthair"@ga	<http://ids.clld.org/values/2-360-181-1>		<http://ids.clld.org/parameters/2-360>		<http://ids.clld.org/values/2-360-293-1>		"-nə̃ə̃"@ram	
"gaoth"@ga	<http://ids.clld.org/values/1-720-181-1>		<http://ids.clld.org/parameters/1-720>		<http://ids.clld.org/values/1-720-293-1>		"kʰook"@ram	
"taipióca"@ga	<http://ids.clld.org/values/8-920-181-1>		<http://ids.clld.org/parameters/8-920>		<http://ids.clld.org/values/8-920-293-1>		"kʰwɨrɨ"@ram	
"scairp"@ga	<http://ids.clld.org/values/3-815-181-1>		<http://ids.clld.org/parameters/3-815>		<http://ids.clld.org/values/3-815-293-1>		"pak"@ram	
"rinnce"@ga	<http://ids.clld.org/values/10-440-181-1>		<http://ids.clld.org/parameters/10-440>		<http://ids.clld.org/values/10-440-293-1>		"hakrun (?)"@ram	
"beagán"@ga	<http://ids.clld.org/values/13-170-181-1>		<http://ids.clld.org/parameters/13-170>		<http://ids.clld.org/values/13-170-293-1>		"kʰɨɨpe-"@ram	
"brúigh"@ga	<http://ids.clld.org/values/9-211-181-1>		<http://ids.clld.org/parameters/9-211>		<http://ids.clld.org/values/9-211-293-1>		"twə"@ram	
"muinéal"@ga	<http://ids.clld.org/values/4-280-181-1>		<http://ids.clld.org/parameters/4-280>		<http://ids.clld.org/values/4-280-293-1>		"ii-put"@ram	
"crom"@ga	<http://ids.clld.org/values/12-740-181-3>		<http://ids.clld.org/parameters/12-740>		<http://ids.clld.org/values/12-740-293-1>		"yakɔt"@ram	
"pearóid"@ga	<http://ids.clld.org/values/3-592-181-1>		<http://ids.clld.org/parameters/3-592>		<http://ids.clld.org/values/3-592-293-1>		"krɨy-ti"@ram	
"bogha"@ga	<http://ids.clld.org/values/20-240-181-1>		<http://ids.clld.org/parameters/20-240>		<http://ids.clld.org/values/20-240-293-1>		"kuuhe"@ram	
"déan snag"@ga	<http://ids.clld.org/values/4-521-181-1>		<http://ids.clld.org/parameters/4-521>		<http://ids.clld.org/values/4-521-293-1>		"hɛk"@ram	
"banbh"@ga	<http://ids.clld.org/values/3-350-181-3>		<http://ids.clld.org/parameters/3-350>		<http://ids.clld.org/values/3-350-293-1>		"kʰro"@ram	
"codail"@ga	<http://ids.clld.org/values/4-610-181-3>		<http://ids.clld.org/parameters/4-610>		<http://ids.clld.org/values/4-610-293-1>		"-ŋõr (ŋɔ̃r ?)"@ram	
"madra"@ga	<http://ids.clld.org/values/3-610-181-1>		<http://ids.clld.org/parameters/3-610>		<http://ids.clld.org/values/3-610-293-1>		"rɔp"@ram	
"lámh"@ga	<http://ids.clld.org/values/4-330-181-1>		<http://ids.clld.org/parameters/4-330>		<http://ids.clld.org/values/4-330-293-1>		"hũʔkʰra"@ram	
"cró"@ga	<http://ids.clld.org/values/4-150-181-3>		<http://ids.clld.org/parameters/4-150>		<http://ids.clld.org/values/4-150-293-1>		"ii-kaproo"@ram	
"cruimh"@ga	<http://ids.clld.org/values/3-840-181-3>		<http://ids.clld.org/parameters/3-840>		<http://ids.clld.org/values/3-840-293-1>		"hɔɔc̷ã"@ram	
"téigh"@ga	<http://ids.clld.org/values/10-470-181-1>		<http://ids.clld.org/parameters/10-470>		<http://ids.clld.org/values/10-470-293-1>		"mɔ̃"@ram	
"garraí"@ga	<http://ids.clld.org/values/8-120-181-5>		<http://ids.clld.org/parameters/8-120>		<http://ids.clld.org/values/8-120-293-1>		"pur"@ram	
"beag"@ga	<http://ids.clld.org/values/12-560-181-1>		<http://ids.clld.org/parameters/12-560>		<http://ids.clld.org/values/12-560-293-3>		"lɛ"@ram	
"beag"@ga	<http://ids.clld.org/values/12-560-181-1>		<http://ids.clld.org/parameters/12-560>		<http://ids.clld.org/values/12-560-293-1>		"ĩn-krirɛ"@ram	
"fuarán"@ga	<http://ids.clld.org/values/1-370-181-3>		<http://ids.clld.org/parameters/1-370>		<http://ids.clld.org/values/1-370-293-1>		"kʰwa"@ram	
"gliondrach"@ga	<http://ids.clld.org/values/16-230-181-5>		<http://ids.clld.org/parameters/16-230>		<http://ids.clld.org/values/16-230-293-1>		"hakʰrɨ"@ram	
"maith"@ga	<http://ids.clld.org/values/16-710-181-1>		<http://ids.clld.org/parameters/16-710>		<http://ids.clld.org/values/16-710-293-1>		"-pɛy"@ram	
"ith"@ga	<http://ids.clld.org/values/5-110-181-1>		<http://ids.clld.org/parameters/5-110>		<http://ids.clld.org/values/5-110-293-3>		"kʰuu"@ram	
"ith"@ga	<http://ids.clld.org/values/5-110-181-1>		<http://ids.clld.org/parameters/5-110>		<http://ids.clld.org/values/5-110-293-7>		"pa-"@ram	
"ith"@ga	<http://ids.clld.org/values/5-110-181-1>		<http://ids.clld.org/parameters/5-110>		<http://ids.clld.org/values/5-110-293-5>		"kukʰu-"@ram	
"ith"@ga	<http://ids.clld.org/values/5-110-181-1>		<http://ids.clld.org/parameters/5-110>		<http://ids.clld.org/values/5-110-293-1>		"-kʰrẽ"@ram	
"géar"@ga	<http://ids.clld.org/values/15-370-181-7>		<http://ids.clld.org/parameters/15-370>		<http://ids.clld.org/values/15-370-293-1>		"-c̷ə-"@ram	
"géar"@ga	<http://ids.clld.org/values/15-370-181-7>		<http://ids.clld.org/parameters/15-370>		<http://ids.clld.org/values/15-370-293-3>		"hə"@ram	
"cab"@ga	<http://ids.clld.org/values/4-240-181-3>		<http://ids.clld.org/parameters/4-240>		<http://ids.clld.org/values/4-240-293-1>		"-yarkʰwa"@ram	
"saighead"@ga	<http://ids.clld.org/values/20-250-181-1>		<http://ids.clld.org/parameters/20-250>		<http://ids.clld.org/values/20-250-293-1>		"kruw"@ram	
"dóim"@ga	<http://ids.clld.org/values/1-851-181-1>		<http://ids.clld.org/parameters/1-851>		<http://ids.clld.org/values/1-851-293-1>		"ka-c̷ər"@ram	
"iasc"@ga	<http://ids.clld.org/values/3-650-181-1>		<http://ids.clld.org/parameters/3-650>		<http://ids.clld.org/values/3-650-293-3>		"krən-"@ram	
"iasc"@ga	<http://ids.clld.org/values/3-650-181-1>		<http://ids.clld.org/parameters/3-650>		<http://ids.clld.org/values/3-650-293-1>		"tɛp"@ram	
"thusa"@ga	<http://ids.clld.org/values/2-920-181-7>		<http://ids.clld.org/parameters/2-920>		<http://ids.clld.org/values/2-920-293-1>		"ka"@ram	
"beag"@ga	<http://ids.clld.org/values/13-170-181-3>		<http://ids.clld.org/parameters/13-170>		<http://ids.clld.org/values/13-170-293-1>		"kʰɨɨpe-"@ram	
"teann"@ga	<http://ids.clld.org/values/9-343-181-3>		<http://ids.clld.org/parameters/9-343>		<http://ids.clld.org/values/9-343-293-1>		"ŋɛ̃n"@ram	
"snámh"@ga	<http://ids.clld.org/values/10-350-181-1>		<http://ids.clld.org/parameters/10-350>		<http://ids.clld.org/values/10-350-293-1>		"ree"@ram	
"snámh"@ga	<http://ids.clld.org/values/10-350-181-1>		<http://ids.clld.org/parameters/10-350>		<http://ids.clld.org/values/10-350-293-3>		"c̷wa"@ram	
"folracht"@ga	<http://ids.clld.org/values/4-150-181-5>		<http://ids.clld.org/parameters/4-150>		<http://ids.clld.org/values/4-150-293-1>		"ii-kaproo"@ram	
"tug"@ga	<http://ids.clld.org/values/11-210-181-1>		<http://ids.clld.org/parameters/11-210>		<http://ids.clld.org/values/11-210-293-3>		"ŋɔ̃"@ram	
"tug"@ga	<http://ids.clld.org/values/11-210-181-1>		<http://ids.clld.org/parameters/11-210>		<http://ids.clld.org/values/11-210-293-1>		"c̷i-"@ram	
"iompair"@ga	<http://ids.clld.org/values/10-610-181-1>		<http://ids.clld.org/parameters/10-610>		<http://ids.clld.org/values/10-610-293-1>		"pə"@ram	
"snáth"@ga	<http://ids.clld.org/values/6-380-181-1>		<http://ids.clld.org/parameters/6-380>		<http://ids.clld.org/values/6-380-293-1>		"he-"@ram	
"snáth"@ga	<http://ids.clld.org/values/6-380-181-1>		<http://ids.clld.org/parameters/6-380>		<http://ids.clld.org/values/6-380-293-3>		"-c̷e- (?)"@ram	
"áitigh"@ga	<http://ids.clld.org/values/7-110-181-3>		<http://ids.clld.org/parameters/7-110>		<http://ids.clld.org/values/7-110-293-1>		"kʰrĩ"@ram	
"fionn"@ga	<http://ids.clld.org/values/15-640-181-5>		<http://ids.clld.org/parameters/15-640>		<http://ids.clld.org/values/15-640-293-1>		"hakkʰa"@ram	
"fionn"@ga	<http://ids.clld.org/values/15-640-181-5>		<http://ids.clld.org/parameters/15-640>		<http://ids.clld.org/values/15-640-293-3>		"yakʰaa"@ram	
"péileacán"@ga	<http://ids.clld.org/values/3-920-181-3>		<http://ids.clld.org/parameters/3-920>		<http://ids.clld.org/values/3-920-293-1>		"wɛwɛ-"@ram	
"gasta"@ga	<http://ids.clld.org/values/14-210-181-5>		<http://ids.clld.org/parameters/14-210>		<http://ids.clld.org/values/14-210-293-1>		"kɨt-"@ram	
"áit"@ga	<http://ids.clld.org/values/12-110-181-1>		<http://ids.clld.org/parameters/12-110>		<http://ids.clld.org/values/12-110-293-1>		"-li-"@ram	
"a haon"@ga	<http://ids.clld.org/values/13-10-181-1>		<http://ids.clld.org/parameters/13-10>		<http://ids.clld.org/values/13-10-293-1>		"pɨc̷it"@ram	
"tobac"@ga	<http://ids.clld.org/values/8-680-181-1>		<http://ids.clld.org/parameters/8-680>		<http://ids.clld.org/values/8-680-293-1>		"parho"@ram	
"mé"@ga	<http://ids.clld.org/values/2-910-181-1>		<http://ids.clld.org/parameters/2-910>		<http://ids.clld.org/values/2-910-293-3>		"wa"@ram	
"mé"@ga	<http://ids.clld.org/values/2-910-181-1>		<http://ids.clld.org/parameters/2-910>		<http://ids.clld.org/values/2-910-293-1>		"pa"@ram	
"teallach"@ga	<http://ids.clld.org/values/7-310-181-1>		<http://ids.clld.org/parameters/7-310>		<http://ids.clld.org/values/7-310-293-1>		"kiz (?)"@ram	
"meirbh"@ga	<http://ids.clld.org/values/4-820-181-7>		<http://ids.clld.org/parameters/4-820>		<http://ids.clld.org/values/4-820-293-1>		"pɛk-"@ram	
"cosúil (cosamhail) le"@ga	<http://ids.clld.org/values/12-920-181-1>		<http://ids.clld.org/parameters/12-920>		<http://ids.clld.org/values/12-920-293-1>		"kʰĩ"@ram	
"cnámh"@ga	<http://ids.clld.org/values/4-160-181-1>		<http://ids.clld.org/parameters/4-160>		<http://ids.clld.org/values/4-160-293-1>		"-hi"@ram	
"eithre"@ga	<http://ids.clld.org/values/4-180-181-3>		<http://ids.clld.org/parameters/4-180>		<http://ids.clld.org/values/4-180-293-1>		"ha-ppɨ"@ram	
"ae"@ga	<http://ids.clld.org/values/4-450-181-1>		<http://ids.clld.org/parameters/4-450>		<http://ids.clld.org/values/4-450-293-1>		"ii-pa"@ram	
"práta"@ga	<http://ids.clld.org/values/5-700-181-1>		<http://ids.clld.org/parameters/5-700>		<http://ids.clld.org/values/5-700-293-1>		"yat (yɛt ?)"@ram	
"soc"@ga	<http://ids.clld.org/values/4-230-181-5>		<http://ids.clld.org/parameters/4-230>		<http://ids.clld.org/values/4-230-293-1>		"-yĩyakʰrɛ"@ram	
"coirt"@ga	<http://ids.clld.org/values/8-750-181-1>		<http://ids.clld.org/parameters/8-750>		<http://ids.clld.org/values/8-750-293-1>		"ii-kʰə"@ram	
"píobán"@ga	<http://ids.clld.org/values/4-280-181-5>		<http://ids.clld.org/parameters/4-280>		<http://ids.clld.org/values/4-280-293-1>		"ii-put"@ram	
"siolpaim"@ga	<http://ids.clld.org/values/5-160-181-5>		<http://ids.clld.org/parameters/5-160>		<http://ids.clld.org/values/5-160-293-1>		"kaho"@ram	
"fuil"@ga	<http://ids.clld.org/values/4-150-181-1>		<http://ids.clld.org/parameters/4-150>		<http://ids.clld.org/values/4-150-293-1>		"ii-kaproo"@ram	
"críonna"@ga	<http://ids.clld.org/values/14-150-181-3>		<http://ids.clld.org/parameters/14-150>		<http://ids.clld.org/values/14-150-293-1>		"tũm"@ram	
"tóg"@ga	<http://ids.clld.org/values/12-212-181-1>		<http://ids.clld.org/parameters/12-212>		<http://ids.clld.org/values/12-212-293-1>		"pɨ"@ram	
"duilleog"@ga	<http://ids.clld.org/values/8-560-181-1>		<http://ids.clld.org/parameters/8-560>		<http://ids.clld.org/values/8-560-293-1>		"iʔ-ho"@ram	
"gadhar"@ga	<http://ids.clld.org/values/3-610-181-5>		<http://ids.clld.org/parameters/3-610>		<http://ids.clld.org/values/3-610-293-1>		"rɔp"@ram	
"rúta"@ga	<http://ids.clld.org/values/8-540-181-3>		<http://ids.clld.org/parameters/8-540>		<http://ids.clld.org/values/8-540-293-1>		"haare"@ram	
"sona sásta"@ga	<http://ids.clld.org/values/16-230-181-9>		<http://ids.clld.org/parameters/16-230>		<http://ids.clld.org/values/16-230-293-1>		"hakʰrɨ"@ram	
"gach"@ga	<http://ids.clld.org/values/13-140-181-1>		<http://ids.clld.org/parameters/13-140>		<http://ids.clld.org/values/13-140-293-1>		"tu-"@ram	
"gort"@ga	<http://ids.clld.org/values/8-120-181-1>		<http://ids.clld.org/parameters/8-120>		<http://ids.clld.org/values/8-120-293-1>		"pur"@ram	
"marbh"@ga	<http://ids.clld.org/values/4-750-181-7>		<http://ids.clld.org/parameters/4-750>		<http://ids.clld.org/values/4-750-293-1>		"tɨɨ- (tɨ ?)"@ram	
"nua"@ga	<http://ids.clld.org/values/14-130-181-1>		<http://ids.clld.org/parameters/14-130>		<http://ids.clld.org/values/14-130-293-1>		"-tuwa"@ram	
"rí-méadach"@ga	<http://ids.clld.org/values/16-230-181-13>		<http://ids.clld.org/parameters/16-230>		<http://ids.clld.org/values/16-230-293-1>		"hakʰrɨ"@ram	
"goirt"@ga	<http://ids.clld.org/values/15-370-181-3>		<http://ids.clld.org/parameters/15-370>		<http://ids.clld.org/values/15-370-293-1>		"-c̷ə-"@ram	
"goirt"@ga	<http://ids.clld.org/values/15-370-181-3>		<http://ids.clld.org/parameters/15-370>		<http://ids.clld.org/values/15-370-293-3>		"hə"@ram	
"ná"@ga	<http://ids.clld.org/values/17-560-181-1>		<http://ids.clld.org/parameters/17-560>		<http://ids.clld.org/values/17-560-293-1>		"ke-"@ram	
"troigh"@ga	<http://ids.clld.org/values/4-370-181-3>		<http://ids.clld.org/parameters/4-370>		<http://ids.clld.org/values/4-370-293-1>		"ii-par"@ram	
"tarraing"@ga	<http://ids.clld.org/values/5-160-181-9>		<http://ids.clld.org/parameters/5-160>		<http://ids.clld.org/values/5-160-293-1>		"kaho"@ram	
"folc"@ga	<http://ids.clld.org/values/4-690-181-1>		<http://ids.clld.org/parameters/4-690>		<http://ids.clld.org/values/4-690-293-1>		"c̷wa"@ram	
"fuar"@ga	<http://ids.clld.org/values/15-860-181-1>		<http://ids.clld.org/parameters/15-860>		<http://ids.clld.org/values/15-860-293-1>		"kʰrɨ"@ram	
"olar"@ga	<http://ids.clld.org/values/5-791-181-9>		<http://ids.clld.org/parameters/5-791>		<http://ids.clld.org/values/5-791-293-1>		"iʔ-twɨm"@ram	
"lámh"@ga	<http://ids.clld.org/values/4-310-181-1>		<http://ids.clld.org/parameters/4-310>		<http://ids.clld.org/values/4-310-293-1>		"pa"@ram	
"deirfiúr (deirbhshiúr)"@ga	<http://ids.clld.org/values/2-450-181-1>		<http://ids.clld.org/parameters/2-450>		<http://ids.clld.org/values/2-450-293-1>		"tɔ̃y-"@ram	
"páiste"@ga	<http://ids.clld.org/values/2-270-181-3>		<http://ids.clld.org/parameters/2-270>		<http://ids.clld.org/values/2-270-293-1>		"aʔ-kʰra-rɛ"@ram	
"crann"@ga	<http://ids.clld.org/values/8-600-181-1>		<http://ids.clld.org/parameters/8-600>		<http://ids.clld.org/values/8-600-293-1>		"pĩĩ"@ram	
"cromán"@ga	<http://ids.clld.org/values/4-463-181-1>		<http://ids.clld.org/parameters/4-463>		<http://ids.clld.org/values/4-463-293-1>		"hɔ̃"@ram	
"ionnail"@ga	<http://ids.clld.org/values/9-360-181-5>		<http://ids.clld.org/parameters/9-360>		<http://ids.clld.org/values/9-360-293-1>		"kuʔhõ"@ram	
"ionnail"@ga	<http://ids.clld.org/values/9-360-181-5>		<http://ids.clld.org/parameters/9-360>		<http://ids.clld.org/values/9-360-293-3>		"kaʔhõ"@ram	
"uncail"@ga	<http://ids.clld.org/values/2-510-181-1>		<http://ids.clld.org/parameters/2-510>		<http://ids.clld.org/values/2-510-293-1>		"kɛt"@ram	
"dubh"@ga	<http://ids.clld.org/values/15-650-181-1>		<http://ids.clld.org/parameters/15-650>		<http://ids.clld.org/values/15-650-293-1>		"iʔ-tɨk"@ram	
"fear chéile"@ga	<http://ids.clld.org/values/2-310-181-3>		<http://ids.clld.org/parameters/2-310>		<http://ids.clld.org/values/2-310-293-1>		"ĩĩ-pyɛ"@ram	
"neascóid"@ga	<http://ids.clld.org/values/4-856-181-1>		<http://ids.clld.org/parameters/4-856>		<http://ids.clld.org/values/4-856-293-1>		"kuhe"@ram	
"tchí"@ga	<http://ids.clld.org/values/15-510-181-5>		<http://ids.clld.org/parameters/15-510>		<http://ids.clld.org/values/15-510-293-1>		"-hõm-pu"@ram	
"tchí"@ga	<http://ids.clld.org/values/15-510-181-5>		<http://ids.clld.org/parameters/15-510>		<http://ids.clld.org/values/15-510-293-3>		"pu-pun"@ram	
"ceann tuí"@ga	<http://ids.clld.org/values/7-520-181-1>		<http://ids.clld.org/parameters/7-520>		<http://ids.clld.org/values/7-520-293-1>		"po"@ram	
"aon"@ga	<http://ids.clld.org/values/13-330-181-3>		<http://ids.clld.org/parameters/13-330>		<http://ids.clld.org/values/13-330-293-3>		"kamã"@ram	
"aon"@ga	<http://ids.clld.org/values/13-330-181-3>		<http://ids.clld.org/parameters/13-330>		<http://ids.clld.org/values/13-330-293-1>		"pit"@ram	
"mata"@ga	<http://ids.clld.org/values/9-770-181-1>		<http://ids.clld.org/parameters/9-770>		<http://ids.clld.org/values/9-770-293-1>		"kohpip (koʔpip ?)"@ram	
"bás"@ga	<http://ids.clld.org/values/4-750-181-5>		<http://ids.clld.org/parameters/4-750>		<http://ids.clld.org/values/4-750-293-1>		"tɨɨ- (tɨ ?)"@ram	
"rúsc"@ga	<http://ids.clld.org/values/8-750-181-3>		<http://ids.clld.org/parameters/8-750>		<http://ids.clld.org/values/8-750-293-1>		"ii-kʰə"@ram	
"cónaigh"@ga	<http://ids.clld.org/values/7-110-181-1>		<http://ids.clld.org/parameters/7-110>		<http://ids.clld.org/values/7-110-293-1>		"kʰrĩ"@ram	
"teach (toigh)"@ga	<http://ids.clld.org/values/7-120-181-1>		<http://ids.clld.org/parameters/7-120>		<http://ids.clld.org/values/7-120-293-1>		"ii-kʰrɛ"@ram	
"clois"@ga	<http://ids.clld.org/values/15-410-181-3>		<http://ids.clld.org/parameters/15-410>		<http://ids.clld.org/values/15-410-293-1>		"kʰə̃-pa"@ram	
"péist"@ga	<http://ids.clld.org/values/3-840-181-1>		<http://ids.clld.org/parameters/3-840>		<http://ids.clld.org/values/3-840-293-1>		"hɔɔc̷ã"@ram	
"toit"@ga	<http://ids.clld.org/values/1-830-181-3>		<http://ids.clld.org/parameters/1-830>		<http://ids.clld.org/values/1-830-293-1>		"iʔ-kʰũm"@ram	
"plúr"@ga	<http://ids.clld.org/values/8-570-181-3>		<http://ids.clld.org/parameters/8-570>		<http://ids.clld.org/values/8-570-293-1>		"ii-rə̃"@ram	
"siúl"@ga	<http://ids.clld.org/values/10-450-181-1>		<http://ids.clld.org/parameters/10-450>		<http://ids.clld.org/values/10-450-293-1>		"mõ"@ram	
"eireaball"@ga	<http://ids.clld.org/values/4-180-181-1>		<http://ids.clld.org/parameters/4-180>		<http://ids.clld.org/values/4-180-293-1>		"ha-ppɨ"@ram	
"bileog"@ga	<http://ids.clld.org/values/8-560-181-3>		<http://ids.clld.org/parameters/8-560>		<http://ids.clld.org/values/8-560-293-1>		"iʔ-ho"@ram	
"cluin"@ga	<http://ids.clld.org/values/15-410-181-1>		<http://ids.clld.org/parameters/15-410>		<http://ids.clld.org/values/15-410-293-1>		"kʰə̃-pa"@ram	
"éagaim"@ga	<http://ids.clld.org/values/4-750-181-3>		<http://ids.clld.org/parameters/4-750>		<http://ids.clld.org/values/4-750-293-1>		"tɨɨ- (tɨ ?)"@ram	
"fiacail"@ga	<http://ids.clld.org/values/4-270-181-1>		<http://ids.clld.org/parameters/4-270>		<http://ids.clld.org/values/4-270-293-1>		"ii-c̷wa"@ram	
"lorg"@ga	<http://ids.clld.org/values/20-220-181-5>		<http://ids.clld.org/parameters/20-220>		<http://ids.clld.org/values/20-220-293-1>		"kʰo"@ram	
"smúit"@ga	<http://ids.clld.org/values/1-213-181-3>		<http://ids.clld.org/parameters/1-213>		<http://ids.clld.org/values/1-213-293-1>		"pye yakro"@ram	
"seas"@ga	<http://ids.clld.org/values/12-150-181-1>		<http://ids.clld.org/parameters/12-150>		<http://ids.clld.org/values/12-150-293-1>		"c̷a"@ram	
"fada"@ga	<http://ids.clld.org/values/12-570-181-1>		<http://ids.clld.org/parameters/12-570>		<http://ids.clld.org/values/12-570-293-1>		"i-rɨɨ"@ram	
"tapaidh"@ga	<http://ids.clld.org/values/14-210-181-1>		<http://ids.clld.org/parameters/14-210>		<http://ids.clld.org/values/14-210-293-1>		"kɨt-"@ram	
"éan"@ga	<http://ids.clld.org/values/3-581-181-1>		<http://ids.clld.org/parameters/3-581>		<http://ids.clld.org/values/3-581-293-1>		"kɛ̃"@ram	
"folc"@ga	<http://ids.clld.org/values/9-360-181-3>		<http://ids.clld.org/parameters/9-360>		<http://ids.clld.org/values/9-360-293-1>		"kuʔhõ"@ram	
"folc"@ga	<http://ids.clld.org/values/9-360-181-3>		<http://ids.clld.org/parameters/9-360>		<http://ids.clld.org/values/9-360-293-3>		"kaʔhõ"@ram	
"cloch"@ga	<http://ids.clld.org/values/1-440-181-1>		<http://ids.clld.org/parameters/1-440>		<http://ids.clld.org/values/1-440-293-1>		"kʰɛn"@ram	
"craiceann"@ga	<http://ids.clld.org/values/4-120-181-3>		<http://ids.clld.org/parameters/4-120>		<http://ids.clld.org/values/4-120-293-1>		"ii-kʰə (?)"@ram	
"geal"@ga	<http://ids.clld.org/values/15-640-181-3>		<http://ids.clld.org/parameters/15-640>		<http://ids.clld.org/values/15-640-293-1>		"hakkʰa"@ram	
"geal"@ga	<http://ids.clld.org/values/15-640-181-3>		<http://ids.clld.org/parameters/15-640>		<http://ids.clld.org/values/15-640-293-3>		"yakʰaa"@ram	
"éitheach"@ga	<http://ids.clld.org/values/16-670-181-3>		<http://ids.clld.org/parameters/16-670>		<http://ids.clld.org/values/16-670-293-1>		"nõ"@ram	
"craig"@ga	<http://ids.clld.org/values/1-440-181-5>		<http://ids.clld.org/parameters/1-440>		<http://ids.clld.org/values/1-440-293-1>		"kʰɛn"@ram	
"bean chéile"@ga	<http://ids.clld.org/values/2-320-181-3>		<http://ids.clld.org/parameters/2-320>		<http://ids.clld.org/values/2-320-293-1>		"ĩĩ-prõ"@ram	
"folt"@ga	<http://ids.clld.org/values/4-140-181-3>		<http://ids.clld.org/parameters/4-140>		<http://ids.clld.org/values/4-140-293-1>		"ii-kʰĩ"@ram	
"tuairteáil"@ga	<http://ids.clld.org/values/9-211-181-3>		<http://ids.clld.org/parameters/9-211>		<http://ids.clld.org/values/9-211-293-1>		"twə"@ram	
"luaith"@ga	<http://ids.clld.org/values/1-840-181-1>		<http://ids.clld.org/parameters/1-840>		<http://ids.clld.org/values/1-840-293-1>		"prɔ"@ram	
"déan (do-ghní)"@ga	<http://ids.clld.org/values/9-110-181-1>		<http://ids.clld.org/parameters/9-110>		<http://ids.clld.org/values/9-110-293-1>		"tɔn"@ram	
"glún"@ga	<http://ids.clld.org/values/4-360-181-1>		<http://ids.clld.org/parameters/4-360>		<http://ids.clld.org/values/4-360-293-1>		"ii-kʰõn"@ram	
"súil"@ga	<http://ids.clld.org/values/4-210-181-1>		<http://ids.clld.org/parameters/4-210>		<http://ids.clld.org/values/4-210-293-1>		"ii-tɔ"@ram	
"tearc"@ga	<http://ids.clld.org/values/13-170-181-5>		<http://ids.clld.org/parameters/13-170>		<http://ids.clld.org/values/13-170-293-1>		"kʰɨɨpe-"@ram	
"geir"@ga	<http://ids.clld.org/values/5-791-181-5>		<http://ids.clld.org/parameters/5-791>		<http://ids.clld.org/values/5-791-293-1>		"iʔ-twɨm"@ram	
"trom"@ga	<http://ids.clld.org/values/15-810-181-1>		<http://ids.clld.org/parameters/15-810>		<http://ids.clld.org/values/15-810-293-1>		"hũũ-tĩ"@ram	
"más"@ga	<http://ids.clld.org/values/4-464-181-3>		<http://ids.clld.org/parameters/4-464>		<http://ids.clld.org/values/4-464-293-1>		"ayɔ"@ram	
"féar"@ga	<http://ids.clld.org/values/8-520-181-1>		<http://ids.clld.org/parameters/8-520>		<http://ids.clld.org/values/8-520-293-1>		"po-"@ram	
"tine"@ga	<http://ids.clld.org/values/1-810-181-1>		<http://ids.clld.org/parameters/1-810>		<http://ids.clld.org/values/1-810-293-1>		"kuhɨ"@ram	
"grian"@ga	<http://ids.clld.org/values/1-520-181-1>		<http://ids.clld.org/parameters/1-520>		<http://ids.clld.org/values/1-520-293-3>		"pɨtɨ"@ram	
"grian"@ga	<http://ids.clld.org/values/1-520-181-1>		<http://ids.clld.org/parameters/1-520>		<http://ids.clld.org/values/1-520-293-1>		"pɨt"@ram	
"ápa"@ga	<http://ids.clld.org/values/3-760-181-3>		<http://ids.clld.org/parameters/3-760>		<http://ids.clld.org/values/3-760-293-1>		"kukʰoy"@ram	
"ollghairdeach"@ga	<http://ids.clld.org/values/16-230-181-11>		<http://ids.clld.org/parameters/16-230>		<http://ids.clld.org/values/16-230-293-1>		"hakʰrɨ"@ram	
"sciathán"@ga	<http://ids.clld.org/values/4-310-181-3>		<http://ids.clld.org/parameters/4-310>		<http://ids.clld.org/values/4-310-293-1>		"pa"@ram	
"eiteog"@ga	<http://ids.clld.org/values/4-392-181-3>		<http://ids.clld.org/parameters/4-392>		<http://ids.clld.org/values/4-392-293-1>		"haaraa"@ram	
"foinse"@ga	<http://ids.clld.org/values/1-370-181-5>		<http://ids.clld.org/parameters/1-370>		<http://ids.clld.org/values/1-370-293-1>		"kʰwa"@ram	
"cas"@ga	<http://ids.clld.org/values/10-130-181-1>		<http://ids.clld.org/parameters/10-130>		<http://ids.clld.org/values/10-130-293-1>		"ayrɔ̃"@ram	
"seithe"@ga	<http://ids.clld.org/values/4-120-181-5>		<http://ids.clld.org/parameters/4-120>		<http://ids.clld.org/values/4-120-293-1>		"ii-kʰə (?)"@ram	
"diúlaim"@ga	<http://ids.clld.org/values/5-160-181-1>		<http://ids.clld.org/parameters/5-160>		<http://ids.clld.org/values/5-160-293-1>		"kaho"@ram	
"méathras"@ga	<http://ids.clld.org/values/5-791-181-7>		<http://ids.clld.org/parameters/5-791>		<http://ids.clld.org/values/5-791-293-1>		"iʔ-twɨm"@ram	
"séid"@ga	<http://ids.clld.org/values/10-380-181-1>		<http://ids.clld.org/parameters/10-380>		<http://ids.clld.org/values/10-380-293-1>		"hakkoo"@ram	
"póg"@ga	<http://ids.clld.org/values/16-290-181-1>		<http://ids.clld.org/parameters/16-290>		<http://ids.clld.org/values/16-290-293-1>		"p (?)"@ram	
"bolg"@ga	<http://ids.clld.org/values/4-460-181-1>		<http://ids.clld.org/parameters/4-460>		<http://ids.clld.org/values/4-460-293-1>		"ii-tu"@ram	
"meathlaithe"@ga	<http://ids.clld.org/values/4-820-181-11>		<http://ids.clld.org/parameters/4-820>		<http://ids.clld.org/values/4-820-293-1>		"pɛk-"@ram	
"coill"@ga	<http://ids.clld.org/values/1-410-181-1>		<http://ids.clld.org/parameters/1-410>		<http://ids.clld.org/values/1-410-293-1>		"lam-"@ram	
"goile"@ga	<http://ids.clld.org/values/4-460-181-3>		<http://ids.clld.org/parameters/4-460>		<http://ids.clld.org/values/4-460-293-1>		"ii-tu"@ram	
"athair"@ga	<http://ids.clld.org/values/2-350-181-1>		<http://ids.clld.org/parameters/2-350>		<http://ids.clld.org/values/2-350-293-1>		"-pãm"@ram	
"athair"@ga	<http://ids.clld.org/values/2-350-181-1>		<http://ids.clld.org/parameters/2-350>		<http://ids.clld.org/values/2-350-293-3>		"c̷ũ"@ram	
"fia (fiadh)"@ga	<http://ids.clld.org/values/3-750-181-1>		<http://ids.clld.org/parameters/3-750>		<http://ids.clld.org/values/3-750-293-1>		"pɔ"@ram	
"fia (fiadh)"@ga	<http://ids.clld.org/values/3-750-181-1>		<http://ids.clld.org/parameters/3-750>		<http://ids.clld.org/values/3-750-293-3>		"kaarə"@ram	
"aosta"@ga	<http://ids.clld.org/values/14-150-181-1>		<http://ids.clld.org/parameters/14-150>		<http://ids.clld.org/values/14-150-293-1>		"tũm"@ram	
"milis"@ga	<http://ids.clld.org/values/15-350-181-1>		<http://ids.clld.org/parameters/15-350>		<http://ids.clld.org/values/15-350-293-1>		"c̷o-"@ram	
"maidin"@ga	<http://ids.clld.org/values/14-440-181-1>		<http://ids.clld.org/parameters/14-440>		<http://ids.clld.org/values/14-440-293-1>		"apɛ̃"@ram	
"tú"@ga	<http://ids.clld.org/values/2-920-181-1>		<http://ids.clld.org/parameters/2-920>		<http://ids.clld.org/values/2-920-293-1>		"ka"@ram	
"fann"@ga	<http://ids.clld.org/values/4-820-181-3>		<http://ids.clld.org/parameters/4-820>		<http://ids.clld.org/values/4-820-293-1>		"pɛk-"@ram	
"neamh"@ga	<http://ids.clld.org/values/1-510-181-3>		<http://ids.clld.org/parameters/1-510>		<http://ids.clld.org/values/1-510-293-1>		"koykʰwa"@ram	
"searbh"@ga	<http://ids.clld.org/values/15-370-181-1>		<http://ids.clld.org/parameters/15-370>		<http://ids.clld.org/values/15-370-293-1>		"-c̷ə-"@ram	
"searbh"@ga	<http://ids.clld.org/values/15-370-181-1>		<http://ids.clld.org/parameters/15-370>		<http://ids.clld.org/values/15-370-293-3>		"hə"@ram	
"iompú timpeall"@ga	<http://ids.clld.org/values/10-130-181-5>		<http://ids.clld.org/parameters/10-130>		<http://ids.clld.org/values/10-130-293-1>		"ayrɔ̃"@ram	
"cuibhreann"@ga	<http://ids.clld.org/values/8-120-181-3>		<http://ids.clld.org/parameters/8-120>		<http://ids.clld.org/values/8-120-293-1>		"pur"@ram	
"tuath"@ga	<http://ids.clld.org/values/12-420-181-3>		<http://ids.clld.org/parameters/12-420>		<http://ids.clld.org/values/12-420-293-1>		"aw-kʰɛ"@ram	
"eitil"@ga	<http://ids.clld.org/values/10-370-181-1>		<http://ids.clld.org/parameters/10-370>		<http://ids.clld.org/values/10-370-293-1>		"tɛɛ"@ram	
"chí"@ga	<http://ids.clld.org/values/15-510-181-3>		<http://ids.clld.org/parameters/15-510>		<http://ids.clld.org/values/15-510-293-1>		"-hõm-pu"@ram	
"chí"@ga	<http://ids.clld.org/values/15-510-181-3>		<http://ids.clld.org/parameters/15-510>		<http://ids.clld.org/values/15-510-293-3>		"pu-pun"@ram	
"droch-"@ga	<http://ids.clld.org/values/16-720-181-3>		<http://ids.clld.org/parameters/16-720>		<http://ids.clld.org/values/16-720-293-1>		"iʔkʰɛn"@ram	
"mise"@ga	<http://ids.clld.org/values/2-910-181-3>		<http://ids.clld.org/parameters/2-910>		<http://ids.clld.org/values/2-910-293-3>		"wa"@ram	
"mise"@ga	<http://ids.clld.org/values/2-910-181-3>		<http://ids.clld.org/parameters/2-910>		<http://ids.clld.org/values/2-910-293-1>		"pa"@ram	
"pus"@ga	<http://ids.clld.org/values/4-240-181-5>		<http://ids.clld.org/parameters/4-240>		<http://ids.clld.org/values/4-240-293-1>		"-yarkʰwa"@ram	
"feic"@ga	<http://ids.clld.org/values/15-510-181-1>		<http://ids.clld.org/parameters/15-510>		<http://ids.clld.org/values/15-510-293-1>		"-hõm-pu"@ram	
"feic"@ga	<http://ids.clld.org/values/15-510-181-1>		<http://ids.clld.org/parameters/15-510>		<http://ids.clld.org/values/15-510-293-3>		"pu-pun"@ram	
"céile"@ga	<http://ids.clld.org/values/2-310-181-5>		<http://ids.clld.org/parameters/2-310>		<http://ids.clld.org/values/2-310-293-1>		"ĩĩ-pyɛ"@ram	
"tig"@ga	<http://ids.clld.org/values/10-480-181-1>		<http://ids.clld.org/parameters/10-480>		<http://ids.clld.org/values/10-480-293-1>		"-tẽ"@ram	
"iarta"@ga	<http://ids.clld.org/values/7-310-181-3>		<http://ids.clld.org/parameters/7-310>		<http://ids.clld.org/values/7-310-293-1>		"kiz (?)"@ram	
"gach uile"@ga	<http://ids.clld.org/values/13-140-181-3>		<http://ids.clld.org/parameters/13-140>		<http://ids.clld.org/values/13-140-293-1>		"tu-"@ram	
"súraic"@ga	<http://ids.clld.org/values/5-160-181-7>		<http://ids.clld.org/parameters/5-160>		<http://ids.clld.org/values/5-160-293-1>		"kaho"@ram	
"bachall"@ga	<http://ids.clld.org/values/19-250-181-1>		<http://ids.clld.org/parameters/19-250>		<http://ids.clld.org/values/19-250-293-1>		"kʰo-"@ram	
"damhsa"@ga	<http://ids.clld.org/values/10-440-181-3>		<http://ids.clld.org/parameters/10-440>		<http://ids.clld.org/values/10-440-293-1>		"hakrun (?)"@ram	
"buail"@ga	<http://ids.clld.org/values/9-210-181-1>		<http://ids.clld.org/parameters/9-210>		<http://ids.clld.org/values/9-210-293-1>		"kʰrɔ̃k"@ram	
"saill"@ga	<http://ids.clld.org/values/5-791-181-1>		<http://ids.clld.org/parameters/5-791>		<http://ids.clld.org/values/5-791-293-1>		"iʔ-twɨm"@ram	
"smíst"@ga	<http://ids.clld.org/values/9-211-181-7>		<http://ids.clld.org/parameters/9-211>		<http://ids.clld.org/values/9-211-293-1>		"twə"@ram	
"déanaim fail"@ga	<http://ids.clld.org/values/4-521-181-3>		<http://ids.clld.org/parameters/4-521>		<http://ids.clld.org/values/4-521-293-1>		"hɛk"@ram	
"déad"@ga	<http://ids.clld.org/values/4-270-181-3>		<http://ids.clld.org/parameters/4-270>		<http://ids.clld.org/values/4-270-293-1>		"ii-c̷wa"@ram	
"óla"@ga	<http://ids.clld.org/values/5-130-181-1>		<http://ids.clld.org/parameters/5-130>		<http://ids.clld.org/values/5-130-293-1>		"-kʰõ (kʰɔ̃ ?)"@ram	
