"maⁿte"@gug	<http://ids.clld.org/values/13-330-290-5>		<http://ids.clld.org/parameters/13-330>		<http://ids.clld.org/values/13-330-293-3>		"kamã"@ram	
"maⁿte"@gug	<http://ids.clld.org/values/13-330-290-5>		<http://ids.clld.org/parameters/13-330>		<http://ids.clld.org/values/13-330-293-1>		"pit"@ram	
"(ai) ko"@gug	<http://ids.clld.org/values/7-110-290-1>		<http://ids.clld.org/parameters/7-110>		<http://ids.clld.org/values/7-110-293-1>		"kʰrĩ"@ram	
"aɲo"@gug	<http://ids.clld.org/values/13-330-290-1>		<http://ids.clld.org/parameters/13-330>		<http://ids.clld.org/values/13-330-293-3>		"kamã"@ram	
"aɲo"@gug	<http://ids.clld.org/values/13-330-290-1>		<http://ids.clld.org/parameters/13-330>		<http://ids.clld.org/values/13-330-293-1>		"pit"@ram	
"ǰo'ǰoi"@gug	<http://ids.clld.org/values/4-521-290-1>		<http://ids.clld.org/parameters/4-521>		<http://ids.clld.org/values/4-521-293-1>		"hɛk"@ram	
"henɨhẽ"@gug	<http://ids.clld.org/values/13-210-290-1>		<http://ids.clld.org/parameters/13-210>		<http://ids.clld.org/values/13-210-293-1>		"yic̷u"@ram	
"h-apo"@gug	<http://ids.clld.org/values/8-540-290-1>		<http://ids.clld.org/parameters/8-540>		<http://ids.clld.org/values/8-540-293-1>		"haare"@ram	
"'t-era"@gug	<http://ids.clld.org/values/18-280-290-1>		<http://ids.clld.org/parameters/18-280>		<http://ids.clld.org/values/18-280-293-1>		"awkʰe-"@ram	
"'t-era"@gug	<http://ids.clld.org/values/18-280-290-1>		<http://ids.clld.org/parameters/18-280>		<http://ids.clld.org/values/18-280-293-3>		"yəyə-"@ram	
"ɨ'vaɣa"@gug	<http://ids.clld.org/values/1-510-290-1>		<http://ids.clld.org/parameters/1-510>		<http://ids.clld.org/values/1-510-293-1>		"koykʰwa"@ram	
"ɨsapɨ"@gug	<http://ids.clld.org/values/1-640-290-1>		<http://ids.clld.org/parameters/1-640>		<http://ids.clld.org/values/1-640-293-1>		"atər-"@ram	
"meʔẽ"@gug	<http://ids.clld.org/values/11-210-290-1>		<http://ids.clld.org/parameters/11-210>		<http://ids.clld.org/values/11-210-293-3>		"ŋɔ̃"@ram	
"meʔẽ"@gug	<http://ids.clld.org/values/11-210-290-1>		<http://ids.clld.org/parameters/11-210>		<http://ids.clld.org/values/11-210-293-1>		"c̷i-"@ram	
"tuʔĩ para"@gug	<http://ids.clld.org/values/3-592-290-1>		<http://ids.clld.org/parameters/3-592>		<http://ids.clld.org/values/3-592-293-1>		"krɨy-ti"@ram	
"pire"@gug	<http://ids.clld.org/values/8-750-290-3>		<http://ids.clld.org/parameters/8-750>		<http://ids.clld.org/values/8-750-293-1>		"ii-kʰə"@ram	
"ɨ"@gug	<http://ids.clld.org/values/1-310-290-1>		<http://ids.clld.org/parameters/1-310>		<http://ids.clld.org/values/1-310-293-1>		"ko"@ram	
"o-ǰo'ɣʷa-va"@gug	<http://ids.clld.org/values/12-920-290-5>		<http://ids.clld.org/parameters/12-920>		<http://ids.clld.org/values/12-920-293-1>		"kʰĩ"@ram	
"t-uᵐbɨ"@gug	<http://ids.clld.org/values/4-463-290-3>		<http://ids.clld.org/parameters/4-463>		<http://ids.clld.org/values/4-463-293-1>		"hɔ̃"@ram	
"asu"@gug	<http://ids.clld.org/values/12-420-290-1>		<http://ids.clld.org/parameters/12-420>		<http://ids.clld.org/values/12-420-293-1>		"aw-kʰɛ"@ram	
"t-esa"@gug	<http://ids.clld.org/values/4-210-290-1>		<http://ids.clld.org/parameters/4-210>		<http://ids.clld.org/values/4-210-293-1>		"ii-tɔ"@ram	
"ǰeǰokoha"@gug	<http://ids.clld.org/values/19-250-290-3>		<http://ids.clld.org/parameters/19-250>		<http://ids.clld.org/values/19-250-293-1>		"kʰo-"@ram	
"t-ei'ⁿdɨra"@gug	<http://ids.clld.org/values/2-450-290-1>		<http://ids.clld.org/parameters/2-450>		<http://ids.clld.org/values/2-450-293-1>		"tɔ̃y-"@ram	
"t-uɣʷai"@gug	<http://ids.clld.org/values/4-180-290-1>		<http://ids.clld.org/parameters/4-180>		<http://ids.clld.org/values/4-180-293-1>		"ha-ppɨ"@ram	
"hɨkue"@gug	<http://ids.clld.org/values/15-830-290-1>		<http://ids.clld.org/parameters/15-830>		<http://ids.clld.org/values/15-830-293-1>		"mrɔ̃ (?)"@ram	
"kua"@gug	<http://ids.clld.org/values/12-850-290-1>		<http://ids.clld.org/parameters/12-850>		<http://ids.clld.org/values/12-850-293-1>		"kʰrɛ"@ram	
"t-ata'tĩ"@gug	<http://ids.clld.org/values/1-830-290-1>		<http://ids.clld.org/parameters/1-830>		<http://ids.clld.org/values/1-830-293-1>		"iʔ-kʰũm"@ram	
"rɨɣʷasu-rupiʔa"@gug	<http://ids.clld.org/values/5-970-290-3>		<http://ids.clld.org/parameters/5-970>		<http://ids.clld.org/values/5-970-293-1>		"in-krɛ"@ram	
"[kora]pɨ"@gug	<http://ids.clld.org/values/7-150-290-3>		<http://ids.clld.org/parameters/7-150>		<http://ids.clld.org/values/7-150-293-1>		"ka-"@ram	
"ⁿde"@gug	<http://ids.clld.org/values/2-920-290-1>		<http://ids.clld.org/parameters/2-920>		<http://ids.clld.org/values/2-920-293-1>		"ka"@ram	
"akã"@gug	<http://ids.clld.org/values/4-200-290-1>		<http://ids.clld.org/parameters/4-200>		<http://ids.clld.org/values/4-200-293-1>		"ii-kʰrə̃"@ram	
"(ai)kove"@gug	<http://ids.clld.org/values/4-740-290-1>		<http://ids.clld.org/parameters/4-740>		<http://ids.clld.org/values/4-740-293-1>		"tĩ"@ram	
"ɨ-kua"@gug	<http://ids.clld.org/values/1-370-290-1>		<http://ids.clld.org/parameters/1-370>		<http://ids.clld.org/values/1-370-293-1>		"kʰwa"@ram	
"kɨra-kue"@gug	<http://ids.clld.org/values/5-791-290-3>		<http://ids.clld.org/parameters/5-791>		<http://ids.clld.org/values/5-791-293-1>		"iʔ-twɨm"@ram	
"t-eniᵐbo"@gug	<http://ids.clld.org/values/6-380-290-3>		<http://ids.clld.org/parameters/6-380>		<http://ids.clld.org/values/6-380-293-1>		"he-"@ram	
"t-eniᵐbo"@gug	<http://ids.clld.org/values/6-380-290-3>		<http://ids.clld.org/parameters/6-380>		<http://ids.clld.org/values/6-380-293-3>		"-c̷e- (?)"@ram	
"ɨvotɨ"@gug	<http://ids.clld.org/values/8-570-290-1>		<http://ids.clld.org/parameters/8-570>		<http://ids.clld.org/values/8-570-293-1>		"ii-rə̃"@ram	
"ro"@gug	<http://ids.clld.org/values/15-370-290-1>		<http://ids.clld.org/parameters/15-370>		<http://ids.clld.org/values/15-370-293-1>		"-c̷ə-"@ram	
"ro"@gug	<http://ids.clld.org/values/15-370-290-1>		<http://ids.clld.org/parameters/15-370>		<http://ids.clld.org/values/15-370-293-3>		"hə"@ram	
"tuǰa"@gug	<http://ids.clld.org/values/14-150-290-1>		<http://ids.clld.org/parameters/14-150>		<http://ids.clld.org/values/14-150-293-1>		"tũm"@ram	
"kapiʔi"@gug	<http://ids.clld.org/values/8-520-290-1>		<http://ids.clld.org/parameters/8-520>		<http://ids.clld.org/values/8-520-293-1>		"po-"@ram	
"ǰu-pi"@gug	<http://ids.clld.org/values/10-472-290-1>		<http://ids.clld.org/parameters/10-472>		<http://ids.clld.org/values/10-472-293-1>		"pi-"@ram	
"t-ekove"@gug	<http://ids.clld.org/values/4-740-290-5>		<http://ids.clld.org/parameters/4-740>		<http://ids.clld.org/values/4-740-293-1>		"tĩ"@ram	
"pɨ-ɣʷasu"@gug	<http://ids.clld.org/values/12-610-290-5>		<http://ids.clld.org/parameters/12-610>		<http://ids.clld.org/values/12-610-293-1>		"iʔ-pɔ"@ram	
"t-ape-poʔi"@gug	<http://ids.clld.org/values/10-720-290-3>		<http://ids.clld.org/parameters/10-720>		<http://ids.clld.org/values/10-720-293-1>		"prɨɨ"@ram	
"takape"@gug	<http://ids.clld.org/values/20-220-290-3>		<http://ids.clld.org/parameters/20-220>		<http://ids.clld.org/values/20-220-293-1>		"kʰo"@ram	
"veve"@gug	<http://ids.clld.org/values/10-370-290-1>		<http://ids.clld.org/parameters/10-370>		<http://ids.clld.org/values/10-370-293-1>		"tɛɛ"@ram	
"ǰoɣaha"@gug	<http://ids.clld.org/values/12-920-290-1>		<http://ids.clld.org/parameters/12-920>		<http://ids.clld.org/values/12-920-293-1>		"kʰĩ"@ram	
"na'haniri"@gug	<http://ids.clld.org/values/17-560-290-1>		<http://ids.clld.org/parameters/17-560>		<http://ids.clld.org/values/17-560-293-1>		"ke-"@ram	
"taniᵐbu"@gug	<http://ids.clld.org/values/1-840-290-1>		<http://ids.clld.org/parameters/1-840>		<http://ids.clld.org/values/1-840-293-1>		"prɔ"@ram	
"h-orɨ"@gug	<http://ids.clld.org/values/16-230-290-1>		<http://ids.clld.org/parameters/16-230>		<http://ids.clld.org/values/16-230-293-1>		"hakʰrɨ"@ram	
"pire"@gug	<http://ids.clld.org/values/4-120-290-1>		<http://ids.clld.org/parameters/4-120>		<http://ids.clld.org/values/4-120-293-1>		"ii-kʰə (?)"@ram	
"'oɣa-hoʔi-kapiʔi"@gug	<http://ids.clld.org/values/7-520-290-1>		<http://ids.clld.org/parameters/7-520>		<http://ids.clld.org/values/7-520-293-1>		"po"@ram	
"ape"@gug	<http://ids.clld.org/values/8-750-290-1>		<http://ids.clld.org/parameters/8-750>		<http://ids.clld.org/values/8-750-293-1>		"ii-kʰə"@ram	
"sevoʔi"@gug	<http://ids.clld.org/values/3-840-290-1>		<http://ids.clld.org/parameters/3-840>		<http://ids.clld.org/values/3-840-293-1>		"hɔɔc̷ã"@ram	
"ta'hɨi"@gug	<http://ids.clld.org/values/3-817-290-1>		<http://ids.clld.org/parameters/3-817>		<http://ids.clld.org/values/3-817-293-1>		"ahc̷un- (aʔc̷un- ?)"@ram	
"pɨhare"@gug	<http://ids.clld.org/values/14-420-290-1>		<http://ids.clld.org/parameters/14-420>		<http://ids.clld.org/values/14-420-293-1>		"kac̷wa"@ram	
"kuiᵐbaʔe"@gug	<http://ids.clld.org/values/2-210-290-3>		<http://ids.clld.org/parameters/2-210>		<http://ids.clld.org/values/2-210-293-1>		"hũm"@ram	
"t-enɨpɨʔã"@gug	<http://ids.clld.org/values/4-360-290-3>		<http://ids.clld.org/parameters/4-360>		<http://ids.clld.org/values/4-360-293-1>		"ii-kʰõn"@ram	
"(a)ha"@gug	<http://ids.clld.org/values/10-470-290-1>		<http://ids.clld.org/parameters/10-470>		<http://ids.clld.org/values/10-470-293-1>		"mɔ̃"@ram	
"h-eⁿdu"@gug	<http://ids.clld.org/values/15-410-290-1>		<http://ids.clld.org/parameters/15-410>		<http://ids.clld.org/values/15-410-293-1>		"kʰə̃-pa"@ram	
"ɨvɨ-kuʔi"@gug	<http://ids.clld.org/values/1-215-290-1>		<http://ids.clld.org/parameters/1-215>		<http://ids.clld.org/values/1-215-293-1>		"pye"@ram	
"ᵐboǰahu"@gug	<http://ids.clld.org/values/4-690-290-3>		<http://ids.clld.org/parameters/4-690>		<http://ids.clld.org/values/4-690-293-1>		"c̷wa"@ram	
"t-asɨ"@gug	<http://ids.clld.org/values/16-310-290-1>		<http://ids.clld.org/parameters/16-310>		<http://ids.clld.org/values/16-310-293-1>		"-c̷a-"@ram	
"t-asɨ"@gug	<http://ids.clld.org/values/16-310-290-1>		<http://ids.clld.org/parameters/16-310>		<http://ids.clld.org/values/16-310-293-3>		"ha- (?)"@ram	
"maⁿdiʔo"@gug	<http://ids.clld.org/values/8-920-290-1>		<http://ids.clld.org/parameters/8-920>		<http://ids.clld.org/values/8-920-293-1>		"kʰwɨrɨ"@ram	
"moɲeᵐboʔɨ"@gug	<http://ids.clld.org/values/12-150-290-1>		<http://ids.clld.org/parameters/12-150>		<http://ids.clld.org/values/12-150-293-1>		"c̷a"@ram	
"maɨma"@gug	<http://ids.clld.org/values/13-140-290-1>		<http://ids.clld.org/parameters/13-140>		<http://ids.clld.org/values/13-140-293-1>		"tu-"@ram	
"ɲaⁿdɨ"@gug	<http://ids.clld.org/values/5-791-290-1>		<http://ids.clld.org/parameters/5-791>		<http://ids.clld.org/values/5-791-293-1>		"iʔ-twɨm"@ram	
"pɨaʔe"@gug	<http://ids.clld.org/values/14-210-290-1>		<http://ids.clld.org/parameters/14-210>		<http://ids.clld.org/values/14-210-293-1>		"kɨt-"@ram	
"[ɲekarama]"@gug	<http://ids.clld.org/values/10-472-290-3>		<http://ids.clld.org/parameters/10-472>		<http://ids.clld.org/values/10-472-293-1>		"pi-"@ram	
"t-uɣʷɨ"@gug	<http://ids.clld.org/values/4-150-290-1>		<http://ids.clld.org/parameters/4-150>		<http://ids.clld.org/values/4-150-293-1>		"ii-kaproo"@ram	
"ǰatiʔi"@gug	<http://ids.clld.org/values/4-856-290-1>		<http://ids.clld.org/parameters/4-856>		<http://ids.clld.org/values/4-856-293-1>		"kuhe"@ram	
"pɨhare-ve"@gug	<http://ids.clld.org/values/14-440-290-1>		<http://ids.clld.org/parameters/14-440>		<http://ids.clld.org/values/14-440-293-1>		"apɛ̃"@ram	
"morotĩ"@gug	<http://ids.clld.org/values/15-640-290-1>		<http://ids.clld.org/parameters/15-640>		<http://ids.clld.org/values/15-640-293-1>		"hakkʰa"@ram	
"morotĩ"@gug	<http://ids.clld.org/values/15-640-290-1>		<http://ids.clld.org/parameters/15-640>		<http://ids.clld.org/values/15-640-293-3>		"yakʰaa"@ram	
"ɲeno"@gug	<http://ids.clld.org/values/12-140-290-1>		<http://ids.clld.org/parameters/12-140>		<http://ids.clld.org/values/12-140-293-1>		"nɔ̃"@ram	
"ɨ-kua"@gug	<http://ids.clld.org/values/1-370-290-7>		<http://ids.clld.org/parameters/1-370>		<http://ids.clld.org/values/1-370-293-1>		"kʰwa"@ram	
"ᵐbaʔe-heʔẽ"@gug	<http://ids.clld.org/values/15-350-290-1>		<http://ids.clld.org/parameters/15-350>		<http://ids.clld.org/values/15-350-293-1>		"c̷o-"@ram	
"voi"@gug	<http://ids.clld.org/values/14-210-290-5>		<http://ids.clld.org/parameters/14-210>		<http://ids.clld.org/values/14-210-293-1>		"kɨt-"@ram	
"po'hɨi"@gug	<http://ids.clld.org/values/15-810-290-1>		<http://ids.clld.org/parameters/15-810>		<http://ids.clld.org/values/15-810-293-1>		"hũũ-tĩ"@ram	
"ᵐbo-ǰere"@gug	<http://ids.clld.org/values/10-130-290-3>		<http://ids.clld.org/parameters/10-130>		<http://ids.clld.org/values/10-130-293-1>		"ayrɔ̃"@ram	
"pɨʔa-porã"@gug	<http://ids.clld.org/values/16-710-290-5>		<http://ids.clld.org/parameters/16-710>		<http://ids.clld.org/values/16-710-293-1>		"-pɛy"@ram	
"ǰapeusa"@gug	<http://ids.clld.org/values/3-815-290-1>		<http://ids.clld.org/parameters/3-815>		<http://ids.clld.org/values/3-815-293-1>		"pak"@ram	
"ɨvɨra"@gug	<http://ids.clld.org/values/1-430-290-1>		<http://ids.clld.org/parameters/1-430>		<http://ids.clld.org/values/1-430-293-1>		"pĩ"@ram	
"kũ"@gug	<http://ids.clld.org/values/4-260-290-1>		<http://ids.clld.org/parameters/4-260>		<http://ids.clld.org/values/4-260-293-1>		"-yõʔtɔ"@ram	
"t-etɨma"@gug	<http://ids.clld.org/values/4-350-290-1>		<http://ids.clld.org/parameters/4-350>		<http://ids.clld.org/values/4-350-293-1>		"ii-tɛ"@ram	
"u"@gug	<http://ids.clld.org/values/5-110-290-1>		<http://ids.clld.org/parameters/5-110>		<http://ids.clld.org/values/5-110-293-3>		"kʰuu"@ram	
"u"@gug	<http://ids.clld.org/values/5-110-290-1>		<http://ids.clld.org/parameters/5-110>		<http://ids.clld.org/values/5-110-293-7>		"pa-"@ram	
"u"@gug	<http://ids.clld.org/values/5-110-290-1>		<http://ids.clld.org/parameters/5-110>		<http://ids.clld.org/values/5-110-293-5>		"kukʰu-"@ram	
"u"@gug	<http://ids.clld.org/values/5-110-290-1>		<http://ids.clld.org/parameters/5-110>		<http://ids.clld.org/values/5-110-293-1>		"-kʰrẽ"@ram	
"opa"@gug	<http://ids.clld.org/values/13-140-290-3>		<http://ids.clld.org/parameters/13-140>		<http://ids.clld.org/values/13-140-293-1>		"tu-"@ram	
"kaᵐbu"@gug	<http://ids.clld.org/values/5-160-290-3>		<http://ids.clld.org/parameters/5-160>		<http://ids.clld.org/values/5-160-293-1>		"kaho"@ram	
"toɣʷe"@gug	<http://ids.clld.org/values/8-560-290-1>		<http://ids.clld.org/parameters/8-560>		<http://ids.clld.org/values/8-560-293-1>		"iʔ-ho"@ram	
"kotɨ'pɨpe"@gug	<http://ids.clld.org/values/12-50-290-3>		<http://ids.clld.org/parameters/12-50>		<http://ids.clld.org/values/12-50-293-1>		"kʰam"@ram	
"ɣʷata"@gug	<http://ids.clld.org/values/10-450-290-1>		<http://ids.clld.org/parameters/10-450>		<http://ids.clld.org/values/10-450-293-1>		"mõ"@ram	
"pɨte"@gug	<http://ids.clld.org/values/5-160-290-1>		<http://ids.clld.org/parameters/5-160>		<http://ids.clld.org/values/5-160-293-1>		"kaho"@ram	
"ɨta"@gug	<http://ids.clld.org/values/10-350-290-1>		<http://ids.clld.org/parameters/10-350>		<http://ids.clld.org/values/10-350-293-1>		"ree"@ram	
"ɨta"@gug	<http://ids.clld.org/values/10-350-290-1>		<http://ids.clld.org/parameters/10-350>		<http://ids.clld.org/values/10-350-293-3>		"c̷wa"@ram	
"ǰerokɨ"@gug	<http://ids.clld.org/values/10-440-290-1>		<http://ids.clld.org/parameters/10-440>		<http://ids.clld.org/values/10-440-293-1>		"hakrun (?)"@ram	
"ǰo'hei"@gug	<http://ids.clld.org/values/9-360-290-1>		<http://ids.clld.org/parameters/9-360>		<http://ids.clld.org/values/9-360-293-1>		"kuʔhõ"@ram	
"ǰo'hei"@gug	<http://ids.clld.org/values/9-360-290-1>		<http://ids.clld.org/parameters/9-360>		<http://ids.clld.org/values/9-360-293-3>		"kaʔhõ"@ram	
"t-apo"@gug	<http://ids.clld.org/values/8-540-290-3>		<http://ids.clld.org/parameters/8-540>		<http://ids.clld.org/values/8-540-293-1>		"haare"@ram	
"pe"@gug	<http://ids.clld.org/values/12-610-290-1>		<http://ids.clld.org/parameters/12-610>		<http://ids.clld.org/values/12-610-293-1>		"iʔ-pɔ"@ram	
"ɣʷe-raha"@gug	<http://ids.clld.org/values/10-610-290-3>		<http://ids.clld.org/parameters/10-610>		<http://ids.clld.org/values/10-610-293-1>		"pə"@ram	
"puku"@gug	<http://ids.clld.org/values/12-570-290-1>		<http://ids.clld.org/parameters/12-570>		<http://ids.clld.org/values/12-570-293-1>		"i-rɨɨ"@ram	
"opavave"@gug	<http://ids.clld.org/values/13-140-290-5>		<http://ids.clld.org/parameters/13-140>		<http://ids.clld.org/values/13-140-293-1>		"tu-"@ram	
"vororei"@gug	<http://ids.clld.org/values/20-220-290-1>		<http://ids.clld.org/parameters/20-220>		<http://ids.clld.org/values/20-220-293-1>		"kʰo"@ram	
"po"@gug	<http://ids.clld.org/values/4-330-290-1>		<http://ids.clld.org/parameters/4-330>		<http://ids.clld.org/values/4-330-293-1>		"hũʔkʰra"@ram	
"'tuva"@gug	<http://ids.clld.org/values/2-350-290-1>		<http://ids.clld.org/parameters/2-350>		<http://ids.clld.org/values/2-350-293-1>		"-pãm"@ram	
"'tuva"@gug	<http://ids.clld.org/values/2-350-290-1>		<http://ids.clld.org/parameters/2-350>		<http://ids.clld.org/values/2-350-293-3>		"c̷ũ"@ram	
"maraᵑgatu"@gug	<http://ids.clld.org/values/16-710-290-1>		<http://ids.clld.org/parameters/16-710>		<http://ids.clld.org/values/16-710-293-1>		"-pɛy"@ram	
"pepo"@gug	<http://ids.clld.org/values/4-392-290-1>		<http://ids.clld.org/parameters/4-392>		<http://ids.clld.org/values/4-392-293-1>		"haaraa"@ram	
"kã"@gug	<http://ids.clld.org/values/15-840-290-1>		<http://ids.clld.org/parameters/15-840>		<http://ids.clld.org/values/15-840-293-1>		"krə"@ram	
"kã"@gug	<http://ids.clld.org/values/15-840-290-1>		<http://ids.clld.org/parameters/15-840>		<http://ids.clld.org/values/15-840-293-3>		"(kʰra ?)"@ram	
"tĩ"@gug	<http://ids.clld.org/values/4-230-290-1>		<http://ids.clld.org/parameters/4-230>		<http://ids.clld.org/values/4-230-293-1>		"-yĩyakʰrɛ"@ram	
"ɨ-ʔu"@gug	<http://ids.clld.org/values/5-130-290-3>		<http://ids.clld.org/parameters/5-130>		<http://ids.clld.org/values/5-130-293-1>		"-kʰõ (kʰɔ̃ ?)"@ram	
"u"@gug	<http://ids.clld.org/values/5-130-290-1>		<http://ids.clld.org/parameters/5-130>		<http://ids.clld.org/values/5-130-293-1>		"-kʰõ (kʰɔ̃ ?)"@ram	
"ᵐbovɨ"@gug	<http://ids.clld.org/values/13-170-290-1>		<http://ids.clld.org/parameters/13-170>		<http://ids.clld.org/values/13-170-293-1>		"kʰɨɨpe-"@ram	
"t-ata"@gug	<http://ids.clld.org/values/1-810-290-1>		<http://ids.clld.org/parameters/1-810>		<http://ids.clld.org/values/1-810-293-1>		"kuhɨ"@ram	
"h-eča"@gug	<http://ids.clld.org/values/15-510-290-1>		<http://ids.clld.org/parameters/15-510>		<http://ids.clld.org/values/15-510-293-1>		"-hõm-pu"@ram	
"h-eča"@gug	<http://ids.clld.org/values/15-510-290-1>		<http://ids.clld.org/parameters/15-510>		<http://ids.clld.org/values/15-510-293-3>		"pu-pun"@ram	
"h-eʔẽ"@gug	<http://ids.clld.org/values/15-350-290-3>		<http://ids.clld.org/parameters/15-350>		<http://ids.clld.org/values/15-350-293-1>		"c̷o-"@ram	
"peǰu"@gug	<http://ids.clld.org/values/10-380-290-1>		<http://ids.clld.org/parameters/10-380>		<http://ids.clld.org/values/10-380-293-1>		"hakkoo"@ram	
"hatã"@gug	<http://ids.clld.org/values/14-210-290-3>		<http://ids.clld.org/parameters/14-210>		<http://ids.clld.org/values/14-210-293-1>		"kɨt-"@ram	
"ɨvɨra"@gug	<http://ids.clld.org/values/8-600-290-1>		<http://ids.clld.org/parameters/8-600>		<http://ids.clld.org/values/8-600-293-1>		"pĩĩ"@ram	
"če pehẽŋʷe 'mena"@gug	<http://ids.clld.org/values/2-510-290-1>		<http://ids.clld.org/parameters/2-510>		<http://ids.clld.org/values/2-510-293-1>		"kɛt"@ram	
"(ai)ko"@gug	<http://ids.clld.org/values/4-740-290-3>		<http://ids.clld.org/parameters/4-740>		<http://ids.clld.org/values/4-740-293-1>		"tĩ"@ram	
"mamo"@gug	<http://ids.clld.org/values/12-110-290-3>		<http://ids.clld.org/parameters/12-110>		<http://ids.clld.org/values/12-110-293-1>		"-li-"@ram	
"ᵐbota"@gug	<http://ids.clld.org/values/9-210-290-1>		<http://ids.clld.org/parameters/9-210>		<http://ids.clld.org/values/9-210-293-1>		"kʰrɔ̃k"@ram	
"ita"@gug	<http://ids.clld.org/values/1-440-290-1>		<http://ids.clld.org/parameters/1-440>		<http://ids.clld.org/values/1-440-293-1>		"kʰɛn"@ram	
"pɨʔa"@gug	<http://ids.clld.org/values/4-460-290-3>		<http://ids.clld.org/parameters/4-460>		<http://ids.clld.org/values/4-460-293-1>		"ii-tu"@ram	
"tũnᵑgusu"@gug	<http://ids.clld.org/values/3-813-290-1>		<http://ids.clld.org/parameters/3-813>		<http://ids.clld.org/values/3-813-293-1>		"ĩnko"@ram	
"ǰɨva"@gug	<http://ids.clld.org/values/4-310-290-1>		<http://ids.clld.org/parameters/4-310>		<http://ids.clld.org/values/4-310-293-1>		"pa"@ram	
"heka"@gug	<http://ids.clld.org/values/11-310-290-1>		<http://ids.clld.org/parameters/11-310>		<http://ids.clld.org/values/11-310-293-1>		"lɨ̃t"@ram	
"h-o'ʔɨsã"@gug	<http://ids.clld.org/values/15-860-290-3>		<http://ids.clld.org/parameters/15-860>		<http://ids.clld.org/values/15-860-293-1>		"kʰrɨ"@ram	
"ɨvɨra-'mata"@gug	<http://ids.clld.org/values/1-420-290-3>		<http://ids.clld.org/parameters/1-420>		<http://ids.clld.org/values/1-420-293-1>		"pĩĩ"@ram	
"ǰapɨsaka"@gug	<http://ids.clld.org/values/15-420-290-3>		<http://ids.clld.org/parameters/15-420>		<http://ids.clld.org/values/15-420-293-1>		"k mpa (?)"@ram	
"tape"@gug	<http://ids.clld.org/values/10-720-290-1>		<http://ids.clld.org/parameters/10-720>		<http://ids.clld.org/values/10-720-293-1>		"prɨɨ"@ram	
"heⁿdu"@gug	<http://ids.clld.org/values/15-420-290-1>		<http://ids.clld.org/parameters/15-420>		<http://ids.clld.org/values/15-420-293-1>		"k mpa (?)"@ram	
"ɣʷɨra"@gug	<http://ids.clld.org/values/3-581-290-1>		<http://ids.clld.org/parameters/3-581>		<http://ids.clld.org/values/3-581-293-1>		"kɛ̃"@ram	
"ǰu"@gug	<http://ids.clld.org/values/10-480-290-1>		<http://ids.clld.org/parameters/10-480>		<http://ids.clld.org/values/10-480-293-1>		"-tẽ"@ram	
"puʔã"@gug	<http://ids.clld.org/values/12-150-290-3>		<http://ids.clld.org/parameters/12-150>		<http://ids.clld.org/values/12-150-293-1>		"c̷a"@ram	
"kure"@gug	<http://ids.clld.org/values/3-350-290-1>		<http://ids.clld.org/parameters/3-350>		<http://ids.clld.org/values/3-350-293-1>		"kʰro"@ram	
"ǰoso"@gug	<http://ids.clld.org/values/9-211-290-1>		<http://ids.clld.org/parameters/9-211>		<http://ids.clld.org/values/9-211-293-1>		"twə"@ram	
"ᵐbopi"@gug	<http://ids.clld.org/values/3-591-290-1>		<http://ids.clld.org/parameters/3-591>		<http://ids.clld.org/values/3-591-293-1>		"c̷ɛprɛ"@ram	
"mano"@gug	<http://ids.clld.org/values/4-750-290-1>		<http://ids.clld.org/parameters/4-750>		<http://ids.clld.org/values/4-750-293-1>		"tɨɨ- (tɨ ?)"@ram	
"pɨ"@gug	<http://ids.clld.org/values/12-610-290-3>		<http://ids.clld.org/parameters/12-610>		<http://ids.clld.org/values/12-610-293-1>		"iʔ-pɔ"@ram	
"ɨvu"@gug	<http://ids.clld.org/values/1-370-290-3>		<http://ids.clld.org/parameters/1-370>		<http://ids.clld.org/values/1-370-293-1>		"kʰwa"@ram	
"ᵐbopara-ha"@gug	<http://ids.clld.org/values/9-880-290-1>		<http://ids.clld.org/parameters/9-880>		<http://ids.clld.org/values/9-880-293-1>		"kʰrɔr"@ram	
"kapiʔipe"@gug	<http://ids.clld.org/values/8-510-290-3>		<http://ids.clld.org/parameters/8-510>		<http://ids.clld.org/values/8-510-293-1>		"aʔ-tuu"@ram	
"akɨ̃"@gug	<http://ids.clld.org/values/15-830-290-3>		<http://ids.clld.org/parameters/15-830>		<http://ids.clld.org/values/15-830-293-1>		"mrɔ̃ (?)"@ram	
"ɣʷasu"@gug	<http://ids.clld.org/values/3-750-290-1>		<http://ids.clld.org/parameters/3-750>		<http://ids.clld.org/values/3-750-293-1>		"pɔ"@ram	
"ɣʷasu"@gug	<http://ids.clld.org/values/3-750-290-1>		<http://ids.clld.org/parameters/3-750>		<http://ids.clld.org/values/3-750-293-3>		"kaarə"@ram	
"peteĩ"@gug	<http://ids.clld.org/values/13-10-290-1>		<http://ids.clld.org/parameters/13-10>		<http://ids.clld.org/values/13-10-293-1>		"pɨc̷it"@ram	
"pira"@gug	<http://ids.clld.org/values/3-650-290-1>		<http://ids.clld.org/parameters/3-650>		<http://ids.clld.org/values/3-650-293-3>		"krən-"@ram	
"pira"@gug	<http://ids.clld.org/values/3-650-290-1>		<http://ids.clld.org/parameters/3-650>		<http://ids.clld.org/values/3-650-293-1>		"tɛp"@ram	
"ho"@gug	<http://ids.clld.org/values/10-470-290-3>		<http://ids.clld.org/parameters/10-470>		<http://ids.clld.org/values/10-470-293-1>		"mɔ̃"@ram	
"t-aɣʷe"@gug	<http://ids.clld.org/values/4-140-290-1>		<http://ids.clld.org/parameters/4-140>		<http://ids.clld.org/values/4-140-293-1>		"ii-kʰĩ"@ram	
"'kai"@gug	<http://ids.clld.org/values/1-851-290-1>		<http://ids.clld.org/parameters/1-851>		<http://ids.clld.org/values/1-851-293-1>		"ka-c̷ər"@ram	
"kuʔa"@gug	<http://ids.clld.org/values/4-460-290-1>		<http://ids.clld.org/parameters/4-460>		<http://ids.clld.org/values/4-460-293-1>		"ii-tu"@ram	
"e'ira"@gug	<http://ids.clld.org/values/5-840-290-1>		<http://ids.clld.org/parameters/5-840>		<http://ids.clld.org/values/5-840-293-1>		"pɛn"@ram	
"vɨʔa"@gug	<http://ids.clld.org/values/16-230-290-3>		<http://ids.clld.org/parameters/16-230>		<http://ids.clld.org/values/16-230-293-1>		"hakʰrɨ"@ram	
"karaǰa"@gug	<http://ids.clld.org/values/3-760-290-3>		<http://ids.clld.org/parameters/3-760>		<http://ids.clld.org/values/3-760-293-1>		"kukʰoy"@ram	
"r-oʔɨ"@gug	<http://ids.clld.org/values/15-860-290-1>		<http://ids.clld.org/parameters/15-860>		<http://ids.clld.org/values/15-860-293-1>		"kʰrɨ"@ram	
"karẽ"@gug	<http://ids.clld.org/values/12-740-290-1>		<http://ids.clld.org/parameters/12-740>		<http://ids.clld.org/values/12-740-293-1>		"yakɔt"@ram	
"ɨvɨ-tiᵐbo"@gug	<http://ids.clld.org/values/1-213-290-1>		<http://ids.clld.org/parameters/1-213>		<http://ids.clld.org/values/1-213-293-1>		"pye yakro"@ram	
"suʔu"@gug	<http://ids.clld.org/values/4-580-290-1>		<http://ids.clld.org/parameters/4-580>		<http://ids.clld.org/values/4-580-293-1>		"-ku-c̷a"@ram	
"ɨvɨrapa"@gug	<http://ids.clld.org/values/20-240-290-1>		<http://ids.clld.org/parameters/20-240>		<http://ids.clld.org/values/20-240-293-1>		"kuuhe"@ram	
"taǰasu"@gug	<http://ids.clld.org/values/3-350-290-3>		<http://ids.clld.org/parameters/3-350>		<http://ids.clld.org/values/3-350-293-1>		"kʰro"@ram	
"t-uᵐbɨkɨ"@gug	<http://ids.clld.org/values/4-463-290-1>		<http://ids.clld.org/parameters/4-463>		<http://ids.clld.org/values/4-463-293-1>		"hɔ̃"@ram	
"pɨahu"@gug	<http://ids.clld.org/values/14-130-290-1>		<http://ids.clld.org/parameters/14-130>		<http://ids.clld.org/values/14-130-293-1>		"-tuwa"@ram	
"kaʔi"@gug	<http://ids.clld.org/values/3-760-290-1>		<http://ids.clld.org/parameters/3-760>		<http://ids.clld.org/values/3-760-293-1>		"kukʰoy"@ram	
"o'kara"@gug	<http://ids.clld.org/values/7-150-290-1>		<http://ids.clld.org/parameters/7-150>		<http://ids.clld.org/values/7-150-293-1>		"ka-"@ram	
"tiᵐbo"@gug	<http://ids.clld.org/values/1-830-290-3>		<http://ids.clld.org/parameters/1-830>		<http://ids.clld.org/values/1-830-293-1>		"iʔ-kʰũm"@ram	
"pokoka"@gug	<http://ids.clld.org/values/19-250-290-1>		<http://ids.clld.org/parameters/19-250>		<http://ids.clld.org/values/19-250-293-1>		"kʰo-"@ram	
"t-upiʔa"@gug	<http://ids.clld.org/values/5-970-290-1>		<http://ids.clld.org/parameters/5-970>		<http://ids.clld.org/values/5-970-293-1>		"in-krɛ"@ram	
"ǰetɨ"@gug	<http://ids.clld.org/values/5-700-290-1>		<http://ids.clld.org/parameters/5-700>		<http://ids.clld.org/values/5-700-293-1>		"yat (yɛt ?)"@ram	
"porã"@gug	<http://ids.clld.org/values/16-710-290-3>		<http://ids.clld.org/parameters/16-710>		<http://ids.clld.org/values/16-710-293-1>		"-pɛy"@ram	
"t-eᵐbireko"@gug	<http://ids.clld.org/values/2-320-290-1>		<http://ids.clld.org/parameters/2-320>		<http://ids.clld.org/values/2-320-293-1>		"ĩĩ-prõ"@ram	
"a'ǰura"@gug	<http://ids.clld.org/values/4-280-290-1>		<http://ids.clld.org/parameters/4-280>		<http://ids.clld.org/values/4-280-293-1>		"ii-put"@ram	
"raha"@gug	<http://ids.clld.org/values/10-610-290-1>		<http://ids.clld.org/parameters/10-610>		<http://ids.clld.org/values/10-610-293-1>		"pə"@ram	
"ⁿte"@gug	<http://ids.clld.org/values/13-330-290-3>		<http://ids.clld.org/parameters/13-330>		<http://ids.clld.org/values/13-330-293-3>		"kamã"@ram	
"ⁿte"@gug	<http://ids.clld.org/values/13-330-290-3>		<http://ids.clld.org/parameters/13-330>		<http://ids.clld.org/values/13-330-293-1>		"pit"@ram	
"t-aʔɨ̃i"@gug	<http://ids.clld.org/values/8-311-290-1>		<http://ids.clld.org/parameters/8-311>		<http://ids.clld.org/values/8-311-293-1>		"iʔ-hɨɨ (hɨ- ?)"@ram	
"ɣʷɨrapa"@gug	<http://ids.clld.org/values/20-240-290-3>		<http://ids.clld.org/parameters/20-240>		<http://ids.clld.org/values/20-240-293-1>		"kuuhe"@ram	
"kaʔa-ɣʷɨ"@gug	<http://ids.clld.org/values/1-410-290-1>		<http://ids.clld.org/parameters/1-410>		<http://ids.clld.org/values/1-410-293-1>		"lam-"@ram	
"kaŋɨ"@gug	<http://ids.clld.org/values/4-820-290-1>		<http://ids.clld.org/parameters/4-820>		<http://ids.clld.org/values/4-820-293-1>		"pɛk-"@ram	
"ɲaɲa"@gug	<http://ids.clld.org/values/16-720-290-1>		<http://ids.clld.org/parameters/16-720>		<http://ids.clld.org/values/16-720-293-1>		"iʔkʰɛn"@ram	
"t-ata-reⁿda"@gug	<http://ids.clld.org/values/7-310-290-1>		<http://ids.clld.org/parameters/7-310>		<http://ids.clld.org/values/7-310-293-1>		"kiz (?)"@ram	
"ǰoǰa"@gug	<http://ids.clld.org/values/12-920-290-3>		<http://ids.clld.org/parameters/12-920>		<http://ids.clld.org/values/12-920-293-1>		"kʰĩ"@ram	
"'ᵐboi"@gug	<http://ids.clld.org/values/3-850-290-1>		<http://ids.clld.org/parameters/3-850>		<http://ids.clld.org/values/3-850-293-3>		"pat"@ram	
"'ᵐboi"@gug	<http://ids.clld.org/values/3-850-290-1>		<http://ids.clld.org/parameters/3-850>		<http://ids.clld.org/values/3-850-293-1>		"kaaŋə"@ram	
"mičĩ"@gug	<http://ids.clld.org/values/13-170-290-3>		<http://ids.clld.org/parameters/13-170>		<http://ids.clld.org/values/13-170-293-1>		"kʰɨɨpe-"@ram	
"mičĩ"@gug	<http://ids.clld.org/values/12-560-290-1>		<http://ids.clld.org/parameters/12-560>		<http://ids.clld.org/values/12-560-293-3>		"lɛ"@ram	
"mičĩ"@gug	<http://ids.clld.org/values/12-560-290-1>		<http://ids.clld.org/parameters/12-560>		<http://ids.clld.org/values/12-560-293-1>		"ĩn-krirɛ"@ram	
"ᵐbɨǰa"@gug	<http://ids.clld.org/values/1-540-290-1>		<http://ids.clld.org/parameters/1-540>		<http://ids.clld.org/values/1-540-293-1>		"kac̷ee-rɛ"@ram	
"ǰapo"@gug	<http://ids.clld.org/values/9-110-290-1>		<http://ids.clld.org/parameters/9-110>		<http://ids.clld.org/values/9-110-293-1>		"tɔn"@ram	
"ava"@gug	<http://ids.clld.org/values/2-210-290-1>		<http://ids.clld.org/parameters/2-210>		<http://ids.clld.org/values/2-210-293-1>		"hũm"@ram	
"penarã"@gug	<http://ids.clld.org/values/4-360-290-1>		<http://ids.clld.org/parameters/4-360>		<http://ids.clld.org/values/4-360-293-1>		"ii-kʰõn"@ram	
"ǰapu"@gug	<http://ids.clld.org/values/16-670-290-1>		<http://ids.clld.org/parameters/16-670>		<http://ids.clld.org/values/16-670-293-1>		"nõ"@ram	
"ɣʷapɨ"@gug	<http://ids.clld.org/values/12-130-290-1>		<http://ids.clld.org/parameters/12-130>		<http://ids.clld.org/values/12-130-293-1>		"yə̃ (yɨ̃ ?)"@ram	
"kokue"@gug	<http://ids.clld.org/values/8-120-290-3>		<http://ids.clld.org/parameters/8-120>		<http://ids.clld.org/values/8-120-293-1>		"pur"@ram	
"tuiča"@gug	<http://ids.clld.org/values/12-550-290-1>		<http://ids.clld.org/parameters/12-550>		<http://ids.clld.org/values/12-550-293-1>		"ti-"@ram	
"ǰukɨ"@gug	<http://ids.clld.org/values/5-810-290-1>		<http://ids.clld.org/parameters/5-810>		<http://ids.clld.org/values/5-810-293-1>		"kaac̷wa"@ram	
"h-etũ"@gug	<http://ids.clld.org/values/16-290-290-1>		<http://ids.clld.org/parameters/16-290>		<http://ids.clld.org/values/16-290-293-1>		"p (?)"@ram	
"kuarahɨ"@gug	<http://ids.clld.org/values/1-520-290-1>		<http://ids.clld.org/parameters/1-520>		<http://ids.clld.org/values/1-520-293-3>		"pɨtɨ"@ram	
"kuarahɨ"@gug	<http://ids.clld.org/values/1-520-290-1>		<http://ids.clld.org/parameters/1-520>		<http://ids.clld.org/values/1-520-293-1>		"pɨt"@ram	
"kɨ"@gug	<http://ids.clld.org/values/3-811-290-1>		<http://ids.clld.org/parameters/3-811>		<http://ids.clld.org/values/3-811-293-1>		"ii-ko"@ram	
"apɨᵑgʷa"@gug	<http://ids.clld.org/values/4-230-290-3>		<http://ids.clld.org/parameters/4-230>		<http://ids.clld.org/values/4-230-293-1>		"-yĩyakʰrɛ"@ram	
"ǰahu"@gug	<http://ids.clld.org/values/4-690-290-1>		<http://ids.clld.org/parameters/4-690>		<http://ids.clld.org/values/4-690-293-1>		"c̷wa"@ram	
"'oɣa"@gug	<http://ids.clld.org/values/7-120-290-1>		<http://ids.clld.org/parameters/7-120>		<http://ids.clld.org/values/7-120-293-1>		"ii-kʰrɛ"@ram	
"pɨ"@gug	<http://ids.clld.org/values/4-370-290-1>		<http://ids.clld.org/parameters/4-370>		<http://ids.clld.org/values/4-370-293-1>		"ii-par"@ram	
"iniᵐbo"@gug	<http://ids.clld.org/values/6-380-290-1>		<http://ids.clld.org/parameters/6-380>		<http://ids.clld.org/values/6-380-293-1>		"he-"@ram	
"iniᵐbo"@gug	<http://ids.clld.org/values/6-380-290-1>		<http://ids.clld.org/parameters/6-380>		<http://ids.clld.org/values/6-380-293-3>		"-c̷e- (?)"@ram	
"piri"@gug	<http://ids.clld.org/values/9-770-290-1>		<http://ids.clld.org/parameters/9-770>		<http://ids.clld.org/values/9-770-293-1>		"kohpip (koʔpip ?)"@ram	
"ǰere"@gug	<http://ids.clld.org/values/10-130-290-1>		<http://ids.clld.org/parameters/10-130>		<http://ids.clld.org/values/10-130-293-1>		"ayrɔ̃"@ram	
"če"@gug	<http://ids.clld.org/values/2-910-290-1>		<http://ids.clld.org/parameters/2-910>		<http://ids.clld.org/values/2-910-293-3>		"wa"@ram	
"če"@gug	<http://ids.clld.org/values/2-910-290-1>		<http://ids.clld.org/parameters/2-910>		<http://ids.clld.org/values/2-910-293-1>		"pa"@ram	
"pehenɣʷe"@gug	<http://ids.clld.org/values/2-450-290-3>		<http://ids.clld.org/parameters/2-450>		<http://ids.clld.org/values/2-450-293-1>		"tɔ̃y-"@ram	
"pura'hei"@gug	<http://ids.clld.org/values/18-120-290-1>		<http://ids.clld.org/parameters/18-120>		<http://ids.clld.org/values/18-120-293-1>		"-krɛ"@ram	
"ɨvɨ-kua"@gug	<http://ids.clld.org/values/1-370-290-5>		<http://ids.clld.org/parameters/1-370>		<http://ids.clld.org/values/1-370-293-1>		"kʰwa"@ram	
"huʔɨ"@gug	<http://ids.clld.org/values/20-250-290-1>		<http://ids.clld.org/parameters/20-250>		<http://ids.clld.org/values/20-250-293-1>		"kruw"@ram	
"kãᵑɣʷe"@gug	<http://ids.clld.org/values/4-160-290-1>		<http://ids.clld.org/parameters/4-160>		<http://ids.clld.org/values/4-160-293-1>		"-hi"@ram	
"sɨ"@gug	<http://ids.clld.org/values/2-360-290-1>		<http://ids.clld.org/parameters/2-360>		<http://ids.clld.org/values/2-360-293-1>		"-nə̃ə̃"@ram	
"ɲana"@gug	<http://ids.clld.org/values/8-510-290-1>		<http://ids.clld.org/parameters/8-510>		<http://ids.clld.org/values/8-510-293-1>		"aʔ-tuu"@ram	
"t-eⁿda"@gug	<http://ids.clld.org/values/12-110-290-1>		<http://ids.clld.org/parameters/12-110>		<http://ids.clld.org/values/12-110-293-1>		"-li-"@ram	
"ke"@gug	<http://ids.clld.org/values/4-610-290-1>		<http://ids.clld.org/parameters/4-610>		<http://ids.clld.org/values/4-610-293-1>		"-ŋõr (ŋɔ̃r ?)"@ram	
"hũ"@gug	<http://ids.clld.org/values/15-650-290-1>		<http://ids.clld.org/parameters/15-650>		<http://ids.clld.org/values/15-650-293-1>		"iʔ-tɨk"@ram	
"iko"@gug	<http://ids.clld.org/values/7-110-290-3>		<http://ids.clld.org/parameters/7-110>		<http://ids.clld.org/values/7-110-293-1>		"kʰrĩ"@ram	
"ᵐbohapɨ"@gug	<http://ids.clld.org/values/13-30-290-1>		<http://ids.clld.org/parameters/13-30>		<http://ids.clld.org/values/13-30-293-1>		"ɨnkre-"@ram	
"ama"@gug	<http://ids.clld.org/values/1-750-290-1>		<http://ids.clld.org/parameters/1-750>		<http://ids.clld.org/values/1-750-293-1>		"taa (ta ?)"@ram	
"h-aku"@gug	<http://ids.clld.org/values/15-850-290-1>		<http://ids.clld.org/parameters/15-850>		<http://ids.clld.org/values/15-850-293-1>		"kakrɔ"@ram	
"ǰopɨ"@gug	<http://ids.clld.org/values/9-343-290-1>		<http://ids.clld.org/parameters/9-343>		<http://ids.clld.org/values/9-343-293-1>		"ŋɛ̃n"@ram	
"ɲavõ"@gug	<http://ids.clld.org/values/13-140-290-7>		<http://ids.clld.org/parameters/13-140>		<http://ids.clld.org/values/13-140-293-1>		"tu-"@ram	
"aɲa"@gug	<http://ids.clld.org/values/16-720-290-3>		<http://ids.clld.org/parameters/16-720>		<http://ids.clld.org/values/16-720-293-1>		"iʔkʰɛn"@ram	
"pɨpe"@gug	<http://ids.clld.org/values/12-50-290-1>		<http://ids.clld.org/parameters/12-50>		<http://ids.clld.org/values/12-50-293-1>		"kʰam"@ram	
"vã"@gug	<http://ids.clld.org/values/12-740-290-3>		<http://ids.clld.org/parameters/12-740>		<http://ids.clld.org/values/12-740-293-1>		"yakɔt"@ram	
"panaᵐbi"@gug	<http://ids.clld.org/values/3-920-290-1>		<http://ids.clld.org/parameters/3-920>		<http://ids.clld.org/values/3-920-293-1>		"wɛwɛ-"@ram	
"ɣʷasu"@gug	<http://ids.clld.org/values/12-550-290-3>		<http://ids.clld.org/parameters/12-550>		<http://ids.clld.org/values/12-550-293-1>		"ti-"@ram	
"ɣʷaʔa"@gug	<http://ids.clld.org/values/3-592-290-3>		<http://ids.clld.org/parameters/3-592>		<http://ids.clld.org/values/3-592-293-1>		"krɨy-ti"@ram	
"h-apɨ"@gug	<http://ids.clld.org/values/1-851-290-3>		<http://ids.clld.org/parameters/1-851>		<http://ids.clld.org/values/1-851-293-1>		"ka-c̷ər"@ram	
"monoʔõ"@gug	<http://ids.clld.org/values/12-212-290-1>		<http://ids.clld.org/parameters/12-212>		<http://ids.clld.org/values/12-212-293-1>		"pɨ"@ram	
"ᵐbɨʔa"@gug	<http://ids.clld.org/values/4-450-290-1>		<http://ids.clld.org/parameters/4-450>		<http://ids.clld.org/values/4-450-293-1>		"ii-pa"@ram	
"karu"@gug	<http://ids.clld.org/values/5-110-290-3>		<http://ids.clld.org/parameters/5-110>		<http://ids.clld.org/values/5-110-293-3>		"kʰuu"@ram	
"karu"@gug	<http://ids.clld.org/values/5-110-290-3>		<http://ids.clld.org/parameters/5-110>		<http://ids.clld.org/values/5-110-293-7>		"pa-"@ram	
"karu"@gug	<http://ids.clld.org/values/5-110-290-3>		<http://ids.clld.org/parameters/5-110>		<http://ids.clld.org/values/5-110-293-5>		"kukʰu-"@ram	
"karu"@gug	<http://ids.clld.org/values/5-110-290-3>		<http://ids.clld.org/parameters/5-110>		<http://ids.clld.org/values/5-110-293-1>		"-kʰrẽ"@ram	
"taɲɨkã"@gug	<http://ids.clld.org/values/4-209-290-1>		<http://ids.clld.org/parameters/4-209>		<http://ids.clld.org/values/4-209-293-1>		"hamã"@ram	
"petɨ̃"@gug	<http://ids.clld.org/values/8-680-290-1>		<http://ids.clld.org/parameters/8-680>		<http://ids.clld.org/values/8-680-293-1>		"parho"@ram	
"ǰakare"@gug	<http://ids.clld.org/values/3-970-290-1>		<http://ids.clld.org/parameters/3-970>		<http://ids.clld.org/values/3-970-293-1>		"mĩĩ (mɨ̃ ?)"@ram	
"ɨvɨra"@gug	<http://ids.clld.org/values/1-420-290-1>		<http://ids.clld.org/parameters/1-420>		<http://ids.clld.org/values/1-420-293-1>		"pĩĩ"@ram	
"h-eⁿd��"@gug	<http://ids.clld.org/values/1-852-290-1>		<http://ids.clld.org/parameters/1-852>		<http://ids.clld.org/values/1-852-293-1>		"pok"@ram	
"[tio]"@gug	<http://ids.clld.org/values/2-510-290-3>		<http://ids.clld.org/parameters/2-510>		<http://ids.clld.org/values/2-510-293-1>		"kɛt"@ram	
"ǰuru-pɨte"@gug	<http://ids.clld.org/values/16-290-290-3>		<http://ids.clld.org/parameters/16-290>		<http://ids.clld.org/values/16-290-293-1>		"p (?)"@ram	
"'mena"@gug	<http://ids.clld.org/values/2-310-290-1>		<http://ids.clld.org/parameters/2-310>		<http://ids.clld.org/values/2-310-293-1>		"ĩĩ-pyɛ"@ram	
"ǰuru"@gug	<http://ids.clld.org/values/4-240-290-1>		<http://ids.clld.org/parameters/4-240>		<http://ids.clld.org/values/4-240-293-1>		"-yarkʰwa"@ram	
"'koɣa"@gug	<http://ids.clld.org/values/8-120-290-1>		<http://ids.clld.org/parameters/8-120>		<http://ids.clld.org/values/8-120-293-1>		"pur"@ram	
"mitã"@gug	<http://ids.clld.org/values/2-270-290-1>		<http://ids.clld.org/parameters/2-270>		<http://ids.clld.org/values/2-270-293-1>		"aʔ-kʰra-rɛ"@ram	
"soʔo"@gug	<http://ids.clld.org/values/5-610-290-1>		<http://ids.clld.org/parameters/5-610>		<http://ids.clld.org/values/5-610-293-1>		"hĩ"@ram	
"soʔo"@gug	<http://ids.clld.org/values/5-610-290-1>		<http://ids.clld.org/parameters/5-610>		<http://ids.clld.org/values/5-610-293-3>		"yĩ"@ram	
"ɨvɨtu"@gug	<http://ids.clld.org/values/1-720-290-1>		<http://ids.clld.org/parameters/1-720>		<http://ids.clld.org/values/1-720-293-1>		"kʰook"@ram	
"t-ãi"@gug	<http://ids.clld.org/values/4-270-290-1>		<http://ids.clld.org/parameters/4-270>		<http://ids.clld.org/values/4-270-293-1>		"ii-c̷wa"@ram	
"ǰaɣʷa"@gug	<http://ids.clld.org/values/3-610-290-1>		<http://ids.clld.org/parameters/3-610>		<http://ids.clld.org/values/3-610-293-1>		"rɔp"@ram	
"haʔe"@gug	<http://ids.clld.org/values/2-930-290-1>		<http://ids.clld.org/parameters/2-930>		<http://ids.clld.org/values/2-930-293-1>		"tamə̃"@ram	
"t-evi"@gug	<http://ids.clld.org/values/4-464-290-1>		<http://ids.clld.org/parameters/4-464>		<http://ids.clld.org/values/4-464-293-1>		"ayɔ"@ram	
"ɲeᵐboʔɨ"@gug	<http://ids.clld.org/values/12-150-290-5>		<http://ids.clld.org/parameters/12-150>		<http://ids.clld.org/values/12-150-293-1>		"c̷a"@ram	
