"naᵐbi"@gug	<http://ids.clld.org/values/4-220-290-1>		<http://ids.clld.org/parameters/4-220>		<http://ids.clld.org/values/4-220-280-1>		"'paʔoki"@pcp	
"maⁿdɨǰu"@gug	<http://ids.clld.org/values/6-240-290-1>		<http://ids.clld.org/parameters/6-240>		<http://ids.clld.org/values/6-240-280-1>		"waṣ̌'mɨna"@pcp	
"arai"@gug	<http://ids.clld.org/values/1-730-290-1>		<http://ids.clld.org/parameters/1-730>		<http://ids.clld.org/values/1-730-280-1>		"'c̷ɨmo"@pcp	
"h-apo"@gug	<http://ids.clld.org/values/8-540-290-1>		<http://ids.clld.org/parameters/8-540>		<http://ids.clld.org/values/8-540-280-1>		"ta'pono"@pcp	
"kɨtĩ"@gug	<http://ids.clld.org/values/9-220-290-1>		<http://ids.clld.org/parameters/9-220>		<http://ids.clld.org/values/9-220-280-1>		"'kɨɨsakia"@pcp	
"mitã-kuiᵐbaʔe"@gug	<http://ids.clld.org/values/2-280-290-3>		<http://ids.clld.org/parameters/2-280>		<http://ids.clld.org/values/2-280-280-1>		"'wakɨ 'pistia"@pcp	
"ɨ'vaɣa"@gug	<http://ids.clld.org/values/1-510-290-1>		<http://ids.clld.org/parameters/1-510>		<http://ids.clld.org/values/1-510-280-1>		"na'ipa"@pcp	
"tuʔĩ para"@gug	<http://ids.clld.org/values/3-592-290-1>		<http://ids.clld.org/parameters/3-592>		<http://ids.clld.org/values/3-592-280-1>		"'wawa"@pcp	
"ɨ"@gug	<http://ids.clld.org/values/1-310-290-1>		<http://ids.clld.org/parameters/1-310>		<http://ids.clld.org/values/1-310-280-1>		"'hɨnɨ"@pcp	
"t-esa"@gug	<http://ids.clld.org/values/4-210-290-1>		<http://ids.clld.org/parameters/4-210>		<http://ids.clld.org/values/4-210-280-1>		"'wɨřo"@pcp	
"poʔɨ"@gug	<http://ids.clld.org/values/6-760-290-7>		<http://ids.clld.org/parameters/6-760>		<http://ids.clld.org/values/6-760-280-1>		"'kisi"@pcp	
"ve'vɨi"@gug	<http://ids.clld.org/values/4-441-290-3>		<http://ids.clld.org/parameters/4-441>		<http://ids.clld.org/values/4-441-280-1>		"'taṣ̌a"@pcp	
"ǰuʔi"@gug	<http://ids.clld.org/values/3-950-290-1>		<http://ids.clld.org/parameters/3-950>		<http://ids.clld.org/values/3-950-280-1>		"wɨṣ̌ko"@pcp	
"kua"@gug	<http://ids.clld.org/values/12-850-290-1>		<http://ids.clld.org/parameters/12-850>		<http://ids.clld.org/values/12-850-280-1>		"'kini"@pcp	
"t-ata'tĩ"@gug	<http://ids.clld.org/values/1-830-290-1>		<http://ids.clld.org/parameters/1-830>		<http://ids.clld.org/values/1-830-280-1>		"ko'ʔina"@pcp	
"rɨɣʷasu-rupiʔa"@gug	<http://ids.clld.org/values/5-970-290-3>		<http://ids.clld.org/parameters/5-970>		<http://ids.clld.org/values/5-970-280-1>		"'wači"@pcp	
"akã"@gug	<http://ids.clld.org/values/4-200-290-1>		<http://ids.clld.org/parameters/4-200>		<http://ids.clld.org/values/4-200-280-1>		"'mapo"@pcp	
"t-atɨpɨ"@gug	<http://ids.clld.org/values/4-208-290-1>		<http://ids.clld.org/parameters/4-208>		<http://ids.clld.org/values/4-208-280-1>		"'tamo"@pcp	
"ɨvotɨ"@gug	<http://ids.clld.org/values/8-570-290-1>		<http://ids.clld.org/parameters/8-570>		<http://ids.clld.org/values/8-570-280-3>		"řeṣ̌'pana"@pcp	
"ɨvotɨ"@gug	<http://ids.clld.org/values/8-570-290-1>		<http://ids.clld.org/parameters/8-570>		<http://ids.clld.org/values/8-570-280-1>		"'hoa"@pcp	
"ɲeʔã"@gug	<http://ids.clld.org/values/4-440-290-1>		<http://ids.clld.org/parameters/4-440>		<http://ids.clld.org/values/4-440-280-1>		"howi'ti"@pcp	
"huʔitĩ"@gug	<http://ids.clld.org/values/5-550-290-3>		<http://ids.clld.org/parameters/5-550>		<http://ids.clld.org/values/5-550-280-1>		"'moto"@pcp	
"['hača]"@gug	<http://ids.clld.org/values/9-250-290-3>		<http://ids.clld.org/parameters/9-250>		<http://ids.clld.org/values/9-250-280-1>		"[hača]"@pcp	
"pɨtã"@gug	<http://ids.clld.org/values/15-660-290-1>		<http://ids.clld.org/parameters/15-660>		<http://ids.clld.org/values/15-660-280-1>		"'šini"@pcp	
"taniᵐbu"@gug	<http://ids.clld.org/values/1-840-290-1>		<http://ids.clld.org/parameters/1-840>		<http://ids.clld.org/values/1-840-280-1>		"'mišpo"@pcp	
"pire"@gug	<http://ids.clld.org/values/4-120-290-1>		<http://ids.clld.org/parameters/4-120>		<http://ids.clld.org/values/4-120-280-1>		"'wiči"@pcp	
"kuiᵐbaʔe"@gug	<http://ids.clld.org/values/2-210-290-3>		<http://ids.clld.org/parameters/2-210>		<http://ids.clld.org/values/2-210-280-1>		"'honi"@pcp	
"moᵐbɨrɨ"@gug	<http://ids.clld.org/values/12-440-290-1>		<http://ids.clld.org/parameters/12-440>		<http://ids.clld.org/values/12-440-280-1>		"nɨ'ama"@pcp	
"maⁿdiʔo"@gug	<http://ids.clld.org/values/8-920-290-1>		<http://ids.clld.org/parameters/8-920>		<http://ids.clld.org/values/8-920-280-1>		"'ac̷a"@pcp	
"ᵐbo-vo"@gug	<http://ids.clld.org/values/9-270-290-3>		<http://ids.clld.org/parameters/9-270>		<http://ids.clld.org/values/9-270-280-1>		"ma'tošmaki"@pcp	
"ɲatiʔũ"@gug	<http://ids.clld.org/values/3-832-290-1>		<http://ids.clld.org/parameters/3-832>		<http://ids.clld.org/values/3-832-280-1>		"'wii"@pcp	
"['vičo]"@gug	<http://ids.clld.org/values/3-810-290-5>		<http://ids.clld.org/parameters/3-810>		<http://ids.clld.org/values/3-810-280-1>		"wɨ'oso"@pcp	
"kuɲa"@gug	<http://ids.clld.org/values/2-220-290-1>		<http://ids.clld.org/parameters/2-220>		<http://ids.clld.org/values/2-220-280-1>		"'yoṣ̌a"@pcp	
"t-uɣʷɨ"@gug	<http://ids.clld.org/values/4-150-290-1>		<http://ids.clld.org/parameters/4-150>		<http://ids.clld.org/values/4-150-280-1>		"'himi"@pcp	
"ɨso"@gug	<http://ids.clld.org/values/3-810-290-1>		<http://ids.clld.org/parameters/3-810>		<http://ids.clld.org/values/3-810-280-1>		"wɨ'oso"@pcp	
"morotĩ"@gug	<http://ids.clld.org/values/15-640-290-1>		<http://ids.clld.org/parameters/15-640>		<http://ids.clld.org/values/15-640-280-1>		"'hoṣ̌o"@pcp	
"ᵐbaʔe-heʔẽ"@gug	<http://ids.clld.org/values/15-350-290-1>		<http://ids.clld.org/parameters/15-350>		<http://ids.clld.org/values/15-350-280-1>		"tɨ'ɨ"@pcp	
"po'hɨi"@gug	<http://ids.clld.org/values/15-810-290-1>		<http://ids.clld.org/parameters/15-810>		<http://ids.clld.org/values/15-810-280-1>		"'iwɨ"@pcp	
"kũ"@gug	<http://ids.clld.org/values/4-260-290-1>		<http://ids.clld.org/parameters/4-260>		<http://ids.clld.org/values/4-260-280-1>		"'hana"@pcp	
"t-etɨma"@gug	<http://ids.clld.org/values/4-350-290-1>		<http://ids.clld.org/parameters/4-350>		<http://ids.clld.org/values/4-350-280-1>		"'wiko"@pcp	
"urukureʔa"@gug	<http://ids.clld.org/values/3-596-290-1>		<http://ids.clld.org/parameters/3-596>		<http://ids.clld.org/values/3-596-280-1>		"'popo"@pcp	
"ɨrɨvu"@gug	<http://ids.clld.org/values/3-586-290-1>		<http://ids.clld.org/parameters/3-586>		<http://ids.clld.org/values/3-586-280-1>		"po'iko"@pcp	
"toɣʷe"@gug	<http://ids.clld.org/values/8-560-290-1>		<http://ids.clld.org/parameters/8-560>		<http://ids.clld.org/values/8-560-280-1>		"'pɨʔi"@pcp	
"a"@gug	<http://ids.clld.org/values/5-710-290-1>		<http://ids.clld.org/parameters/5-710>		<http://ids.clld.org/values/5-710-280-1>		"'kɨo"@pcp	
"mokõi"@gug	<http://ids.clld.org/values/13-20-290-1>		<http://ids.clld.org/parameters/13-20>		<http://ids.clld.org/values/13-20-280-1>		"ra'wɨ"@pcp	
"ǰo'hei"@gug	<http://ids.clld.org/values/9-360-290-1>		<http://ids.clld.org/parameters/9-360>		<http://ids.clld.org/values/9-360-280-1>		"'aši"@pcp	
"ɨ-sɨrɨ"@gug	<http://ids.clld.org/values/1-360-290-1>		<http://ids.clld.org/parameters/1-360>		<http://ids.clld.org/values/1-360-280-1>		"'ʔani"@pcp	
"ɨ-sɨrɨ"@gug	<http://ids.clld.org/values/1-360-290-1>		<http://ids.clld.org/parameters/1-360>		<http://ids.clld.org/values/1-360-280-3>		"'pao"@pcp	
"t-apo"@gug	<http://ids.clld.org/values/8-540-290-3>		<http://ids.clld.org/parameters/8-540>		<http://ids.clld.org/values/8-540-280-1>		"ta'pono"@pcp	
"ɨvɨ-ape"@gug	<http://ids.clld.org/values/1-210-290-1>		<http://ids.clld.org/parameters/1-210>		<http://ids.clld.org/values/1-210-280-1>		"'mai"@pcp	
"karuᵐbe"@gug	<http://ids.clld.org/values/3-980-290-1>		<http://ids.clld.org/parameters/3-980>		<http://ids.clld.org/values/3-980-280-1>		"'ṣ̌awɨ"@pcp	
"po"@gug	<http://ids.clld.org/values/4-330-290-1>		<http://ids.clld.org/parameters/4-330>		<http://ids.clld.org/values/4-330-280-1>		"mɨ'kɨna"@pcp	
"'tuva"@gug	<http://ids.clld.org/values/2-350-290-1>		<http://ids.clld.org/parameters/2-350>		<http://ids.clld.org/values/2-350-280-1>		"'ɨpa"@pcp	
"'tuva"@gug	<http://ids.clld.org/values/2-350-290-1>		<http://ids.clld.org/parameters/2-350>		<http://ids.clld.org/values/2-350-280-3>		"'ʔɨpa"@pcp	
"r-aitɨ"@gug	<http://ids.clld.org/values/3-580-290-1>		<http://ids.clld.org/parameters/3-580>		<http://ids.clld.org/values/3-580-280-1>		"'naʔa"@pcp	
"tĩ"@gug	<http://ids.clld.org/values/4-230-290-1>		<http://ids.clld.org/parameters/4-230>		<http://ids.clld.org/values/4-230-280-1>		"řɨ'kina"@pcp	
"'ara"@gug	<http://ids.clld.org/values/14-410-290-1>		<http://ids.clld.org/parameters/14-410>		<http://ids.clld.org/values/14-410-280-1>		"'waři"@pcp	
"t-ata"@gug	<http://ids.clld.org/values/1-810-290-1>		<http://ids.clld.org/parameters/1-810>		<http://ids.clld.org/values/1-810-280-1>		"'čiʔi"@pcp	
"h-eča"@gug	<http://ids.clld.org/values/15-510-290-1>		<http://ids.clld.org/parameters/15-510>		<http://ids.clld.org/values/15-510-280-1>		"his'pa"@pcp	
"h-eča"@gug	<http://ids.clld.org/values/15-510-290-1>		<http://ids.clld.org/parameters/15-510>		<http://ids.clld.org/values/15-510-280-3>		"'hisna"@pcp	
"h-eʔẽ"@gug	<http://ids.clld.org/values/15-350-290-3>		<http://ids.clld.org/parameters/15-350>		<http://ids.clld.org/values/15-350-280-1>		"tɨ'ɨ"@pcp	
"tukuᵐbo"@gug	<http://ids.clld.org/values/9-190-290-1>		<http://ids.clld.org/parameters/9-190>		<http://ids.clld.org/values/9-190-280-1>		"'taška"@pcp	
"ɨvɨra"@gug	<http://ids.clld.org/values/8-600-290-1>		<http://ids.clld.org/parameters/8-600>		<http://ids.clld.org/values/8-600-280-1>		"'hiwi"@pcp	
"karaⁿdaʔɨ"@gug	<http://ids.clld.org/values/8-810-290-1>		<http://ids.clld.org/parameters/8-810>		<http://ids.clld.org/values/8-810-280-1>		"'koti"@pcp	
"kavure"@gug	<http://ids.clld.org/values/3-596-290-5>		<http://ids.clld.org/parameters/3-596>		<http://ids.clld.org/values/3-596-280-1>		"'popo"@pcp	
"ǰɨva"@gug	<http://ids.clld.org/values/4-310-290-1>		<http://ids.clld.org/parameters/4-310>		<http://ids.clld.org/values/4-310-280-1>		"po'yana"@pcp	
"ɨvɨra-'mata"@gug	<http://ids.clld.org/values/1-420-290-3>		<http://ids.clld.org/parameters/1-420>		<http://ids.clld.org/values/1-420-280-1>		"'hiwi"@pcp	
"ǰasɨ"@gug	<http://ids.clld.org/values/1-530-290-1>		<http://ids.clld.org/parameters/1-530>		<http://ids.clld.org/values/1-530-280-1>		"'ʔoṣ̌ɨ"@pcp	
"voko"@gug	<http://ids.clld.org/values/9-780-290-1>		<http://ids.clld.org/parameters/9-780>		<http://ids.clld.org/values/9-780-280-1>		"'sota"@pcp	
"ɣʷɨra"@gug	<http://ids.clld.org/values/3-581-290-1>		<http://ids.clld.org/parameters/3-581>		<http://ids.clld.org/values/3-581-280-1>		"'isko"@pcp	
"ᵐbokaǰa-['mata]"@gug	<http://ids.clld.org/values/8-810-290-3>		<http://ids.clld.org/parameters/8-810>		<http://ids.clld.org/values/8-810-280-1>		"'koti"@pcp	
"tupa"@gug	<http://ids.clld.org/values/3-580-290-3>		<http://ids.clld.org/parameters/3-580>		<http://ids.clld.org/values/3-580-280-1>		"'naʔa"@pcp	
"sã"@gug	<http://ids.clld.org/values/9-190-290-3>		<http://ids.clld.org/parameters/9-190>		<http://ids.clld.org/values/9-190-280-1>		"'taška"@pcp	
"ǰoka"@gug	<http://ids.clld.org/values/9-270-290-1>		<http://ids.clld.org/parameters/9-270>		<http://ids.clld.org/values/9-270-280-1>		"ma'tošmaki"@pcp	
"ɣʷasu"@gug	<http://ids.clld.org/values/3-750-290-1>		<http://ids.clld.org/parameters/3-750>		<http://ids.clld.org/values/3-750-280-1>		"'čaṣ̌o"@pcp	
"ɲeᵐbɨa'hɨi"@gug	<http://ids.clld.org/values/5-140-290-1>		<http://ids.clld.org/parameters/5-140>		<http://ids.clld.org/values/5-140-280-1>		"paṣ̌na'hai"@pcp	
"ava-timirikuʔi"@gug	<http://ids.clld.org/values/5-550-290-1>		<http://ids.clld.org/parameters/5-550>		<http://ids.clld.org/values/5-550-280-1>		"'moto"@pcp	
"ɲetĩ"@gug	<http://ids.clld.org/values/3-831-290-1>		<http://ids.clld.org/parameters/3-831>		<http://ids.clld.org/values/3-831-280-1>		"'šio"@pcp	
"ɲetĩ"@gug	<http://ids.clld.org/values/3-831-290-1>		<http://ids.clld.org/parameters/3-831>		<http://ids.clld.org/values/3-831-280-3>		"'čio"@pcp	
"mo'ɲai"@gug	<http://ids.clld.org/values/3-810-290-3>		<http://ids.clld.org/parameters/3-810>		<http://ids.clld.org/values/3-810-280-1>		"wɨ'oso"@pcp	
"pira"@gug	<http://ids.clld.org/values/3-650-290-1>		<http://ids.clld.org/parameters/3-650>		<http://ids.clld.org/values/3-650-280-3>		"'woɨ"@pcp	
"pira"@gug	<http://ids.clld.org/values/3-650-290-1>		<http://ids.clld.org/parameters/3-650>		<http://ids.clld.org/values/3-650-280-1>		"sa'nino"@pcp	
"t-aɣʷe"@gug	<http://ids.clld.org/values/4-140-290-1>		<http://ids.clld.org/parameters/4-140>		<http://ids.clld.org/values/4-140-280-1>		"'woo"@pcp	
"pɨʔa"@gug	<http://ids.clld.org/values/4-440-290-3>		<http://ids.clld.org/parameters/4-440>		<http://ids.clld.org/values/4-440-280-1>		"howi'ti"@pcp	
"t-eⁿdɨva"@gug	<http://ids.clld.org/values/4-142-290-1>		<http://ids.clld.org/parameters/4-142>		<http://ids.clld.org/values/4-142-280-1>		"'kɨni"@pcp	
"ɨva"@gug	<http://ids.clld.org/values/5-710-290-3>		<http://ids.clld.org/parameters/5-710>		<http://ids.clld.org/values/5-710-280-1>		"'kɨo"@pcp	
"t-aitɨ"@gug	<http://ids.clld.org/values/3-580-290-5>		<http://ids.clld.org/parameters/3-580>		<http://ids.clld.org/values/3-580-280-1>		"'naʔa"@pcp	
"'kava"@gug	<http://ids.clld.org/values/3-823-290-1>		<http://ids.clld.org/parameters/3-823>		<http://ids.clld.org/values/3-823-280-1>		"'wina"@pcp	
"rɨɣʷasu-raʔɨ"@gug	<http://ids.clld.org/values/3-550-290-1>		<http://ids.clld.org/parameters/3-550>		<http://ids.clld.org/values/3-550-280-1>		"pati'aři"@pcp	
"tiᵐbo"@gug	<http://ids.clld.org/values/1-830-290-3>		<http://ids.clld.org/parameters/1-830>		<http://ids.clld.org/values/1-830-280-1>		"ko'ʔina"@pcp	
"t-upiʔa"@gug	<http://ids.clld.org/values/5-970-290-1>		<http://ids.clld.org/parameters/5-970>		<http://ids.clld.org/values/5-970-280-1>		"'wači"@pcp	
"ɲeʔã ve'vui"@gug	<http://ids.clld.org/values/4-441-290-1>		<http://ids.clld.org/parameters/4-441>		<http://ids.clld.org/values/4-441-280-1>		"'taṣ̌a"@pcp	
"h-eča-uka"@gug	<http://ids.clld.org/values/15-550-290-1>		<http://ids.clld.org/parameters/15-550>		<http://ids.clld.org/values/15-550-280-1>		"hi-'maki"@pcp	
"t-eᵐbireko"@gug	<http://ids.clld.org/values/2-320-290-1>		<http://ids.clld.org/parameters/2-320>		<http://ids.clld.org/values/2-320-280-1>		"ʔa'wini"@pcp	
"ᵐboʔɨ"@gug	<http://ids.clld.org/values/6-760-290-5>		<http://ids.clld.org/parameters/6-760>		<http://ids.clld.org/values/6-760-280-1>		"'kisi"@pcp	
"ai"@gug	<http://ids.clld.org/values/6-760-290-3>		<http://ids.clld.org/parameters/6-760>		<http://ids.clld.org/values/6-760-280-1>		"'kisi"@pcp	
"kunumi"@gug	<http://ids.clld.org/values/2-280-290-5>		<http://ids.clld.org/parameters/2-280>		<http://ids.clld.org/values/2-280-280-1>		"'wakɨ 'pistia"@pcp	
"haiᵐbe"@gug	<http://ids.clld.org/values/15-780-290-1>		<http://ids.clld.org/parameters/15-780>		<http://ids.clld.org/values/15-780-280-1>		"'ɨika"@pcp	
"mitã"@gug	<http://ids.clld.org/values/2-280-290-1>		<http://ids.clld.org/parameters/2-280>		<http://ids.clld.org/values/2-280-280-1>		"'wakɨ 'pistia"@pcp	
"mičĩ"@gug	<http://ids.clld.org/values/12-560-290-1>		<http://ids.clld.org/parameters/12-560>		<http://ids.clld.org/values/12-560-280-1>		"'mišni"@pcp	
"ᵐbɨǰa"@gug	<http://ids.clld.org/values/1-540-290-1>		<http://ids.clld.org/parameters/1-540>		<http://ids.clld.org/values/1-540-280-1>		"'wištima"@pcp	
"ᵐbariɣʷi"@gug	<http://ids.clld.org/values/3-831-290-3>		<http://ids.clld.org/parameters/3-831>		<http://ids.clld.org/values/3-831-280-1>		"'šio"@pcp	
"ᵐbariɣʷi"@gug	<http://ids.clld.org/values/3-831-290-3>		<http://ids.clld.org/parameters/3-831>		<http://ids.clld.org/values/3-831-280-3>		"'čio"@pcp	
"ǰapo"@gug	<http://ids.clld.org/values/9-110-290-1>		<http://ids.clld.org/parameters/9-110>		<http://ids.clld.org/values/9-110-280-1>		"i'wɨ"@pcp	
"ava"@gug	<http://ids.clld.org/values/2-210-290-1>		<http://ids.clld.org/parameters/2-210>		<http://ids.clld.org/values/2-210-280-1>		"'honi"@pcp	
"kuru"@gug	<http://ids.clld.org/values/6-760-290-1>		<http://ids.clld.org/parameters/6-760>		<http://ids.clld.org/values/6-760-280-1>		"'kisi"@pcp	
"kokue"@gug	<http://ids.clld.org/values/8-120-290-3>		<http://ids.clld.org/parameters/8-120>		<http://ids.clld.org/values/8-120-280-1>		"'wai"@pcp	
"kuarahɨ"@gug	<http://ids.clld.org/values/1-520-290-1>		<http://ids.clld.org/parameters/1-520>		<http://ids.clld.org/values/1-520-280-1>		"'waři"@pcp	
"ǰɨakãᵑga"@gug	<http://ids.clld.org/values/9-250-290-1>		<http://ids.clld.org/parameters/9-250>		<http://ids.clld.org/values/9-250-280-1>		"[hača]"@pcp	
"sunu"@gug	<http://ids.clld.org/values/1-560-290-1>		<http://ids.clld.org/parameters/1-560>		<http://ids.clld.org/values/1-560-280-1>		"'naina"@pcp	
"apɨᵑgʷa"@gug	<http://ids.clld.org/values/4-230-290-3>		<http://ids.clld.org/parameters/4-230>		<http://ids.clld.org/values/4-230-280-1>		"řɨ'kina"@pcp	
"'oɣa"@gug	<http://ids.clld.org/values/7-120-290-1>		<http://ids.clld.org/parameters/7-120>		<http://ids.clld.org/values/7-120-280-1>		"'ṣ̌owo"@pcp	
"pɨ"@gug	<http://ids.clld.org/values/4-370-290-1>		<http://ids.clld.org/parameters/4-370>		<http://ids.clld.org/values/4-370-280-1>		"'taʔɨ"@pcp	
"vareʔa"@gug	<http://ids.clld.org/values/5-140-290-3>		<http://ids.clld.org/parameters/5-140>		<http://ids.clld.org/values/5-140-280-1>		"paṣ̌na'hai"@pcp	
"če"@gug	<http://ids.clld.org/values/2-910-290-1>		<http://ids.clld.org/parameters/2-910>		<http://ids.clld.org/values/2-910-280-1>		"'ɨa"@pcp	
"kãᵑɣʷe"@gug	<http://ids.clld.org/values/4-160-290-1>		<http://ids.clld.org/parameters/4-160>		<http://ids.clld.org/values/4-160-280-1>		"'ṣ̌ao"@pcp	
"sɨ"@gug	<http://ids.clld.org/values/2-360-290-1>		<http://ids.clld.org/parameters/2-360>		<http://ids.clld.org/values/2-360-280-1>		"'kai"@pcp	
"ama"@gug	<http://ids.clld.org/values/1-750-290-1>		<http://ids.clld.org/parameters/1-750>		<http://ids.clld.org/values/1-750-280-3>		"ʔo'i"@pcp	
"ama"@gug	<http://ids.clld.org/values/1-750-290-1>		<http://ids.clld.org/parameters/1-750>		<http://ids.clld.org/values/1-750-280-1>		"o'i"@pcp	
"ɨɣa"@gug	<http://ids.clld.org/values/10-831-290-1>		<http://ids.clld.org/parameters/10-831>		<http://ids.clld.org/values/10-831-280-1>		"'noti"@pcp	
"ɣʷaʔa"@gug	<http://ids.clld.org/values/3-592-290-3>		<http://ids.clld.org/parameters/3-592>		<http://ids.clld.org/values/3-592-280-1>		"'wawa"@pcp	
"ᵐbɨʔa"@gug	<http://ids.clld.org/values/4-450-290-1>		<http://ids.clld.org/parameters/4-450>		<http://ids.clld.org/values/4-450-280-1>		"'taka"@pcp	
"ǰepeʔa"@gug	<http://ids.clld.org/values/1-880-290-1>		<http://ids.clld.org/parameters/1-880>		<http://ids.clld.org/values/1-880-280-1>		"'kařo"@pcp	
"ɨvɨra"@gug	<http://ids.clld.org/values/1-420-290-1>		<http://ids.clld.org/parameters/1-420>		<http://ids.clld.org/values/1-420-280-1>		"'hiwi"@pcp	
"'mena"@gug	<http://ids.clld.org/values/2-310-290-1>		<http://ids.clld.org/parameters/2-310>		<http://ids.clld.org/values/2-310-280-1>		"'wɨnɨ"@pcp	
"ǰuru"@gug	<http://ids.clld.org/values/4-240-290-1>		<http://ids.clld.org/parameters/4-240>		<http://ids.clld.org/values/4-240-280-1>		"kɨ'wɨči"@pcp	
"'koɣa"@gug	<http://ids.clld.org/values/8-120-290-1>		<http://ids.clld.org/parameters/8-120>		<http://ids.clld.org/values/8-120-280-1>		"'wai"@pcp	
"avati"@gug	<http://ids.clld.org/values/8-470-290-1>		<http://ids.clld.org/parameters/8-470>		<http://ids.clld.org/values/8-470-280-1>		"'ṣ̌ɨki"@pcp	
"ɲakurutũ"@gug	<http://ids.clld.org/values/3-596-290-3>		<http://ids.clld.org/parameters/3-596>		<http://ids.clld.org/values/3-596-280-1>		"'popo"@pcp	
"t-ãi"@gug	<http://ids.clld.org/values/4-270-290-1>		<http://ids.clld.org/parameters/4-270>		<http://ids.clld.org/values/4-270-280-1>		"'ṣ̌ɨna"@pcp	
"haʔe"@gug	<http://ids.clld.org/values/2-930-290-1>		<http://ids.clld.org/parameters/2-930>		<http://ids.clld.org/values/2-930-280-1>		"'haa"@pcp	
