"ɨ-tu"@gug	<http://ids.clld.org/values/1-390-290-3>		<http://ids.clld.org/parameters/1-390>		<http://ids.clld.org/values/1-390-823-1>		"tha:k.3 da:k.3"@scb-x-rucc1239	
"sɨ kɨvɨ"@gug	<http://ids.clld.org/values/2-511-290-1>		<http://ids.clld.org/parameters/2-511>		<http://ids.clld.org/values/2-511-823-1>		"ta.1"@scb-x-rucc1239	
"sɨ kɨvɨ"@gug	<http://ids.clld.org/values/2-511-290-1>		<http://ids.clld.org/parameters/2-511>		<http://ids.clld.org/values/2-511-823-2>		"ta.1"@scb-x-rucc1239	
"sɨ kɨvɨ"@gug	<http://ids.clld.org/values/2-511-290-1>		<http://ids.clld.org/parameters/2-511>		<http://ids.clld.org/values/2-511-823-3>		"kw.4"@scb-x-rucc1239	
"ǰepɨvu"@gug	<http://ids.clld.org/values/1-362-290-1>		<http://ids.clld.org/parameters/1-362>		<http://ids.clld.org/values/1-362-823-1>		"da:k.3 thuəj.3"@scb-x-rucc1239	
"arai"@gug	<http://ids.clld.org/values/1-730-290-1>		<http://ids.clld.org/parameters/1-730>		<http://ids.clld.org/values/1-730-823-1>		"məl.1"@scb-x-rucc1239	
"meⁿdɨ"@gug	<http://ids.clld.org/values/2-611-290-1>		<http://ids.clld.org/parameters/2-611>		<http://ids.clld.org/values/2-611-823-1>		"pɨ.4 maju:ń.3"@scb-x-rucc1239	
"mitã-kuiᵐbaʔe"@gug	<http://ids.clld.org/values/2-280-290-3>		<http://ids.clld.org/parameters/2-280>		<http://ids.clld.org/values/2-280-823-1>		"pucɔ:j.3"@scb-x-rucc1239	
"kuarahɨʔã"@gug	<http://ids.clld.org/values/1-630-290-1>		<http://ids.clld.org/parameters/1-630>		<http://ids.clld.org/values/1-630-823-1>		"pɔ:ŋ.3"@scb-x-rucc1239	
"ɨ'vaɣa"@gug	<http://ids.clld.org/values/1-510-290-1>		<http://ids.clld.org/parameters/1-510>		<http://ids.clld.org/values/1-510-823-1>		"plə:j.2"@scb-x-rucc1239	
"ɨsapɨ"@gug	<http://ids.clld.org/values/1-640-290-1>		<http://ids.clld.org/parameters/1-640>		<http://ids.clld.org/values/1-640-823-1>		"da:k.3 mw.2"@scb-x-rucc1239	
"ɨ"@gug	<http://ids.clld.org/values/1-310-290-1>		<http://ids.clld.org/parameters/1-310>		<http://ids.clld.org/values/1-310-823-1>		"da:k.3"@scb-x-rucc1239	
"tua rɨkeʔɨ- tɨ'vɨra"@gug	<http://ids.clld.org/values/2-512-290-1>		<http://ids.clld.org/parameters/2-512>		<http://ids.clld.org/values/2-512-823-1>		"pw.2"@scb-x-rucc1239	
"tua rɨkeʔɨ- tɨ'vɨra"@gug	<http://ids.clld.org/values/2-512-290-1>		<http://ids.clld.org/parameters/2-512>		<http://ids.clld.org/values/2-512-823-2>		"poɔ.4"@scb-x-rucc1239	
"lekaǰa"@gug	<http://ids.clld.org/values/2-461-290-5>		<http://ids.clld.org/parameters/2-461>		<http://ids.clld.org/values/2-461-823-1>		"ʔo:ŋ.1 kuməʌk.4"@scb-x-rucc1239	
"t-ata'tĩ"@gug	<http://ids.clld.org/values/1-830-290-1>		<http://ids.clld.org/parameters/1-830>		<http://ids.clld.org/values/1-830-823-1>		"kahɔ:j.3"@scb-x-rucc1239	
"t-ata'tĩ"@gug	<http://ids.clld.org/values/1-830-290-1>		<http://ids.clld.org/parameters/1-830>		<http://ids.clld.org/values/1-830-823-2>		"camaŋ.1"@scb-x-rucc1239	
"t-ata'tĩ"@gug	<http://ids.clld.org/values/1-830-290-1>		<http://ids.clld.org/parameters/1-830>		<http://ids.clld.org/values/1-830-823-3>		"patj.1"@scb-x-rucc1239	
"če rɨvɨ"@gug	<http://ids.clld.org/values/2-445-290-1>		<http://ids.clld.org/parameters/2-445>		<http://ids.clld.org/values/2-445-823-1>		"ceɛ.4"@scb-x-rucc1239	
"meⁿda"@gug	<http://ids.clld.org/values/2-330-290-3>		<http://ids.clld.org/parameters/2-330>		<http://ids.clld.org/values/2-330-823-2>		"lj.4 maku:ń.3"@scb-x-rucc1239	
"meⁿda"@gug	<http://ids.clld.org/values/2-330-290-3>		<http://ids.clld.org/parameters/2-330>		<http://ids.clld.org/values/2-330-823-3>		"dɔ:ŋ.1"@scb-x-rucc1239	
"meⁿda"@gug	<http://ids.clld.org/values/2-330-290-3>		<http://ids.clld.org/parameters/2-330>		<http://ids.clld.org/values/2-330-823-1>		"lj.4 makj.3"@scb-x-rucc1239	
"karai tuǰa"@gug	<http://ids.clld.org/values/2-461-290-1>		<http://ids.clld.org/parameters/2-461>		<http://ids.clld.org/values/2-461-823-1>		"ʔo:ŋ.1 kuməʌk.4"@scb-x-rucc1239	
"sɨ rɨke"@gug	<http://ids.clld.org/values/2-521-290-1>		<http://ids.clld.org/parameters/2-521>		<http://ids.clld.org/values/2-521-823-1>		"na:j.1"@scb-x-rucc1239	
"sɨ rɨke"@gug	<http://ids.clld.org/values/2-521-290-1>		<http://ids.clld.org/parameters/2-521>		<http://ids.clld.org/values/2-521-823-2>		"mɨ.4"@scb-x-rucc1239	
"ǰa'rɨi"@gug	<http://ids.clld.org/values/2-470-290-1>		<http://ids.clld.org/parameters/2-470>		<http://ids.clld.org/values/2-470-823-1>		"za.1"@scb-x-rucc1239	
"ǰa'rɨi"@gug	<http://ids.clld.org/values/2-470-290-1>		<http://ids.clld.org/parameters/2-470>		<http://ids.clld.org/values/2-470-823-2>		"na:j.1"@scb-x-rucc1239	
"ɨ-kua"@gug	<http://ids.clld.org/values/1-370-290-1>		<http://ids.clld.org/parameters/1-370>		<http://ids.clld.org/values/1-370-823-1>		"ru:k.4"@scb-x-rucc1239	
"t-ata-'pɨ̃i"@gug	<http://ids.clld.org/values/1-890-290-1>		<http://ids.clld.org/parameters/1-890>		<http://ids.clld.org/values/1-890-823-1>		"laŋ.caŋ.1"@scb-x-rucc1239	
"menasɨ"@gug	<http://ids.clld.org/values/2-621-290-1>		<http://ids.clld.org/parameters/2-621>		<http://ids.clld.org/values/2-621-823-1>		"meɛ.4 maku:ń.3"@scb-x-rucc1239	
"t-ɨ'kera"@gug	<http://ids.clld.org/values/2-454-290-3>		<http://ids.clld.org/parameters/2-454>		<http://ids.clld.org/values/2-454-823-1>		"cj.4"@scb-x-rucc1239	
"pehẽŋʷe"@gug	<http://ids.clld.org/values/2-456-290-1>		<http://ids.clld.org/parameters/2-456>		<http://ids.clld.org/values/2-456-823-1>		"ceɛ.4 məaŋ.4"@scb-x-rucc1239	
"če kɨpɨʔɨ"@gug	<http://ids.clld.org/values/2-455-290-1>		<http://ids.clld.org/parameters/2-455>		<http://ids.clld.org/values/2-455-823-1>		"ceɛ.$"@scb-x-rucc1239	
"na'haniri"@gug	<http://ids.clld.org/values/17-560-290-1>		<http://ids.clld.org/parameters/17-560>		<http://ids.clld.org/values/17-560-823-1>		"lata.3"@scb-x-rucc1239	
"taniᵐbu"@gug	<http://ids.clld.org/values/1-840-290-1>		<http://ids.clld.org/parameters/1-840>		<http://ids.clld.org/values/1-840-823-1>		"tapeh.1"@scb-x-rucc1239	
"ɲaɨʔũ"@gug	<http://ids.clld.org/values/1-214-290-1>		<http://ids.clld.org/parameters/1-214>		<http://ids.clld.org/values/1-214-823-1>		"la:r.4"@scb-x-rucc1239	
"kuiᵐbaʔe"@gug	<http://ids.clld.org/values/2-210-290-3>		<http://ids.clld.org/parameters/2-210>		<http://ids.clld.org/values/2-210-823-1>		"puku:ń.3"@scb-x-rucc1239	
"ɨvɨ-kuʔi"@gug	<http://ids.clld.org/values/1-215-290-1>		<http://ids.clld.org/parameters/1-215>		<http://ids.clld.org/values/1-215-823-1>		"təka:c.3"@scb-x-rucc1239	
"mɨaⁿdɨ"@gug	<http://ids.clld.org/values/1-860-290-1>		<http://ids.clld.org/parameters/1-860>		<http://ids.clld.org/values/1-860-823-1>		"tu:c.3"@scb-x-rucc1239	
"ɨvɨ-tɨ-paʔũ"@gug	<http://ids.clld.org/values/1-240-290-1>		<http://ids.clld.org/parameters/1-240>		<http://ids.clld.org/values/1-240-823-1>		"ulu:ŋ.1"@scb-x-rucc1239	
"peheŋʷe meᵐbɨ"@gug	<http://ids.clld.org/values/2-530-290-3>		<http://ids.clld.org/parameters/2-530>		<http://ids.clld.org/values/2-530-823-1>		"cw.3"@scb-x-rucc1239	
"meᵐbɨ-kuɲa"@gug	<http://ids.clld.org/values/2-420-290-1>		<http://ids.clld.org/parameters/2-420>		<http://ids.clld.org/values/2-420-823-1>		"kɔ:n.1 pukj.3"@scb-x-rucc1239	
"kuɲa"@gug	<http://ids.clld.org/values/2-220-290-1>		<http://ids.clld.org/parameters/2-220>		<http://ids.clld.org/values/2-220-823-1>		"pukj.3"@scb-x-rucc1239	
"ɨ-kua"@gug	<http://ids.clld.org/values/1-370-290-7>		<http://ids.clld.org/parameters/1-370>		<http://ids.clld.org/values/1-370-823-1>		"ru:k.4"@scb-x-rucc1239	
"ɨvɨ-ʔã"@gug	<http://ids.clld.org/values/1-222-290-1>		<http://ids.clld.org/parameters/1-222>		<http://ids.clld.org/values/1-222-823-1>		"kupə:ŋ.1"@scb-x-rucc1239	
"mitãrusu"@gug	<http://ids.clld.org/values/2-251-290-1>		<http://ids.clld.org/parameters/2-251>		<http://ids.clld.org/values/2-251-823-1>		"ba:w.1"@scb-x-rucc1239	
"taita-ɣʷasu"@gug	<http://ids.clld.org/values/2-460-290-3>		<http://ids.clld.org/parameters/2-460>		<http://ids.clld.org/values/2-460-823-1>		"pw.1"@scb-x-rucc1239	
"taita-ɣʷasu"@gug	<http://ids.clld.org/values/2-460-290-3>		<http://ids.clld.org/parameters/2-460>		<http://ids.clld.org/values/2-460-823-2>		"ta.1"@scb-x-rucc1239	
"če kɨvɨ"@gug	<http://ids.clld.org/values/2-444-290-3>		<http://ids.clld.org/parameters/2-444>		<http://ids.clld.org/values/2-444-823-1>		"məaŋ.4"@scb-x-rucc1239	
"ɨvɨra"@gug	<http://ids.clld.org/values/1-430-290-1>		<http://ids.clld.org/parameters/1-430>		<http://ids.clld.org/values/1-430-823-1>		"kəʌj.2"@scb-x-rucc1239	
"t-emiarirõ"@gug	<http://ids.clld.org/values/2-480-290-1>		<http://ids.clld.org/parameters/2-480>		<http://ids.clld.org/values/2-480-823-1>		"cw.3"@scb-x-rucc1239	
"t-atĩ"@gug	<http://ids.clld.org/values/4-170-290-1>		<http://ids.clld.org/parameters/4-170>		<http://ids.clld.org/values/4-170-823-1>		"krɨŋ"@scb-x-rucc1239	
"t-eᵐbeʔɨ"@gug	<http://ids.clld.org/values/1-270-290-1>		<http://ids.clld.org/parameters/1-270>		<http://ids.clld.org/values/1-270-823-1>		"kupə:ŋ.1"@scb-x-rucc1239	
"kɨpɨʔɨ"@gug	<http://ids.clld.org/values/2-455-290-3>		<http://ids.clld.org/parameters/2-455>		<http://ids.clld.org/values/2-455-823-1>		"ceɛ.$"@scb-x-rucc1239	
"tekove"@gug	<http://ids.clld.org/values/2-100-290-5>		<http://ids.clld.org/parameters/2-100>		<http://ids.clld.org/values/2-100-823-1>		"ŋa:j.2"@scb-x-rucc1239	
"mitã-kuɲa-ɣʷasu"@gug	<http://ids.clld.org/values/2-261-290-1>		<http://ids.clld.org/parameters/2-261>		<http://ids.clld.org/values/2-261-823-1>		"puma:j.3"@scb-x-rucc1239	
"ava"@gug	<http://ids.clld.org/values/2-100-290-1>		<http://ids.clld.org/parameters/2-100>		<http://ids.clld.org/values/2-100-823-1>		"ŋa:j.2"@scb-x-rucc1239	
"ɨ-sɨrɨ"@gug	<http://ids.clld.org/values/1-360-290-1>		<http://ids.clld.org/parameters/1-360>		<http://ids.clld.org/values/1-360-823-1>		"ju:ŋ.4"@scb-x-rucc1239	
"ɨ-sɨrɨ"@gug	<http://ids.clld.org/values/1-360-290-1>		<http://ids.clld.org/parameters/1-360>		<http://ids.clld.org/values/1-360-823-2>		"cərɔ:k.3"@scb-x-rucc1239	
"t-emiarirõ"@gug	<http://ids.clld.org/values/2-490-290-1>		<http://ids.clld.org/parameters/2-490>		<http://ids.clld.org/values/2-490-823-1>		"cw.3"@scb-x-rucc1239	
"ɨvɨ-ape"@gug	<http://ids.clld.org/values/1-210-290-1>		<http://ids.clld.org/parameters/1-210>		<http://ids.clld.org/values/1-210-823-1>		"bə:n.3"@scb-x-rucc1239	
"kuɲa ɣʷãiɣʷĩ"@gug	<http://ids.clld.org/values/2-471-290-1>		<http://ids.clld.org/parameters/2-471>		<http://ids.clld.org/values/2-471-823-1>		"moɔ.4 kuməʌk.4"@scb-x-rucc1239	
"mɨeⁿdɨ"@gug	<http://ids.clld.org/values/1-860-290-3>		<http://ids.clld.org/parameters/1-860>		<http://ids.clld.org/values/1-860-823-1>		"tu:c.3"@scb-x-rucc1239	
"'tuva"@gug	<http://ids.clld.org/values/2-350-290-1>		<http://ids.clld.org/parameters/2-350>		<http://ids.clld.org/values/2-350-823-1>		"pɨ.4"@scb-x-rucc1239	
"'mava"@gug	<http://ids.clld.org/values/2-100-290-3>		<http://ids.clld.org/parameters/2-100>		<http://ids.clld.org/values/2-100-823-1>		"ŋa:j.2"@scb-x-rucc1239	
"tuǰa"@gug	<http://ids.clld.org/values/2-461-290-3>		<http://ids.clld.org/parameters/2-461>		<http://ids.clld.org/values/2-461-823-1>		"ʔo:ŋ.1 kuməʌk.4"@scb-x-rucc1239	
"t-ata"@gug	<http://ids.clld.org/values/1-810-290-1>		<http://ids.clld.org/parameters/1-810>		<http://ids.clld.org/values/1-810-823-1>		"ku:r.1"@scb-x-rucc1239	
"taita"@gug	<http://ids.clld.org/values/2-460-290-1>		<http://ids.clld.org/parameters/2-460>		<http://ids.clld.org/values/2-460-823-1>		"pw.1"@scb-x-rucc1239	
"taita"@gug	<http://ids.clld.org/values/2-460-290-1>		<http://ids.clld.org/parameters/2-460>		<http://ids.clld.org/values/2-460-823-2>		"ta.1"@scb-x-rucc1239	
"tua reiⁿdɨ"@gug	<http://ids.clld.org/values/2-522-290-1>		<http://ids.clld.org/parameters/2-522>		<http://ids.clld.org/values/2-522-823-2>		"ʔɔ.1"@scb-x-rucc1239	
"tua reiⁿdɨ"@gug	<http://ids.clld.org/values/2-522-290-1>		<http://ids.clld.org/parameters/2-522>		<http://ids.clld.org/values/2-522-823-1>		"ja.1"@scb-x-rucc1239	
"ara-vai"@gug	<http://ids.clld.org/values/1-580-290-3>		<http://ids.clld.org/parameters/1-580>		<http://ids.clld.org/values/1-580-823-1>		"pa:w.4"@scb-x-rucc1239	
"ɲeᵐboǰuaǰu"@gug	<http://ids.clld.org/values/2-330-290-1>		<http://ids.clld.org/parameters/2-330>		<http://ids.clld.org/values/2-330-823-2>		"lj.4 maku:ń.3"@scb-x-rucc1239	
"ɲeᵐboǰuaǰu"@gug	<http://ids.clld.org/values/2-330-290-1>		<http://ids.clld.org/parameters/2-330>		<http://ids.clld.org/values/2-330-823-3>		"dɔ:ŋ.1"@scb-x-rucc1239	
"ɲeᵐboǰuaǰu"@gug	<http://ids.clld.org/values/2-330-290-1>		<http://ids.clld.org/parameters/2-330>		<http://ids.clld.org/values/2-330-823-1>		"lj.4 makj.3"@scb-x-rucc1239	
"r-aɨčo"@gug	<http://ids.clld.org/values/2-620-290-3>		<http://ids.clld.org/parameters/2-620>		<http://ids.clld.org/values/2-620-823-1>		"meɛ.4 makj.3"@scb-x-rucc1239	
"mitã-kuɲa"@gug	<http://ids.clld.org/values/2-260-290-1>		<http://ids.clld.org/parameters/2-260>		<http://ids.clld.org/values/2-260-823-1>		"puma:j.3"@scb-x-rucc1239	
"ǰasɨ"@gug	<http://ids.clld.org/values/1-530-290-1>		<http://ids.clld.org/parameters/1-530>		<http://ids.clld.org/values/1-530-823-1>		"puləan.2"@scb-x-rucc1239	
"r-atɨu"@gug	<http://ids.clld.org/values/2-611-290-3>		<http://ids.clld.org/parameters/2-611>		<http://ids.clld.org/values/2-611-823-1>		"pɨ.4 maju:ń.3"@scb-x-rucc1239	
"ǰopoi"@gug	<http://ids.clld.org/values/2-341-290-1>		<http://ids.clld.org/parameters/2-341>		<http://ids.clld.org/values/2-341-823-1>		"ßɨʌt.4"@scb-x-rucc1239	
"ɨvu"@gug	<http://ids.clld.org/values/1-370-290-3>		<http://ids.clld.org/parameters/1-370>		<http://ids.clld.org/values/1-370-823-1>		"ru:k.4"@scb-x-rucc1239	
"t-ata-tina"@gug	<http://ids.clld.org/values/1-740-290-1>		<http://ids.clld.org/parameters/1-740>		<http://ids.clld.org/values/1-740-823-1>		"tulu:k.3"@scb-x-rucc1239	
"ã"@gug	<http://ids.clld.org/values/1-630-290-3>		<http://ids.clld.org/parameters/1-630>		<http://ids.clld.org/values/1-630-823-1>		"pɔ:ŋ.3"@scb-x-rucc1239	
"ita-kua"@gug	<http://ids.clld.org/values/1-280-290-1>		<http://ids.clld.org/parameters/1-280>		<http://ids.clld.org/values/1-280-823-1>		"kɨ:p.4"@scb-x-rucc1239	
"'kai"@gug	<http://ids.clld.org/values/1-851-290-1>		<http://ids.clld.org/parameters/1-851>		<http://ids.clld.org/values/1-851-823-1>		"tu:c.3"@scb-x-rucc1239	
"ɨ-ǰere"@gug	<http://ids.clld.org/values/1-362-290-3>		<http://ids.clld.org/parameters/1-362>		<http://ids.clld.org/values/1-362-823-1>		"da:k.3 thuəj.3"@scb-x-rucc1239	
"ɨvɨ-tiᵐbo"@gug	<http://ids.clld.org/values/1-213-290-1>		<http://ids.clld.org/parameters/1-213>		<http://ids.clld.org/values/1-213-823-1>		"kəhɔ:j.3"@scb-x-rucc1239	
"rɨke"@gug	<http://ids.clld.org/values/2-454-290-1>		<http://ids.clld.org/parameters/2-454>		<http://ids.clld.org/values/2-454-823-1>		"cj.4"@scb-x-rucc1239	
"tiᵐbo"@gug	<http://ids.clld.org/values/1-830-290-3>		<http://ids.clld.org/parameters/1-830>		<http://ids.clld.org/values/1-830-823-1>		"kahɔ:j.3"@scb-x-rucc1239	
"tiᵐbo"@gug	<http://ids.clld.org/values/1-830-290-3>		<http://ids.clld.org/parameters/1-830>		<http://ids.clld.org/values/1-830-823-2>		"camaŋ.1"@scb-x-rucc1239	
"tiᵐbo"@gug	<http://ids.clld.org/values/1-830-290-3>		<http://ids.clld.org/parameters/1-830>		<http://ids.clld.org/values/1-830-823-3>		"patj.1"@scb-x-rucc1239	
"ŋʷaiŋʷi"@gug	<http://ids.clld.org/values/2-471-290-3>		<http://ids.clld.org/parameters/2-471>		<http://ids.clld.org/values/2-471-823-1>		"moɔ.4 kuməʌk.4"@scb-x-rucc1239	
"ǰuka"@gug	<http://ids.clld.org/values/4-760-290-1>		<http://ids.clld.org/parameters/4-760>		<http://ids.clld.org/values/4-760-823-1>		"kacit"@scb-x-rucc1239	
"t-amõi"@gug	<http://ids.clld.org/values/2-560-290-1>		<http://ids.clld.org/parameters/2-560>		<http://ids.clld.org/values/2-560-823-1>		"ʔo:ŋ.1 pluok.4"@scb-x-rucc1239	
"kariaʔɨ"@gug	<http://ids.clld.org/values/2-251-290-3>		<http://ids.clld.org/parameters/2-251>		<http://ids.clld.org/values/2-251-823-1>		"ba:w.1"@scb-x-rucc1239	
"če rɨke"@gug	<http://ids.clld.org/values/2-445-290-3>		<http://ids.clld.org/parameters/2-445>		<http://ids.clld.org/values/2-445-823-1>		"ceɛ.4"@scb-x-rucc1239	
"tuǰu"@gug	<http://ids.clld.org/values/1-214-290-3>		<http://ids.clld.org/parameters/1-214>		<http://ids.clld.org/values/1-214-823-1>		"la:r.4"@scb-x-rucc1239	
"če rɨkeʔɨ"@gug	<http://ids.clld.org/values/2-444-290-1>		<http://ids.clld.org/parameters/2-444>		<http://ids.clld.org/values/2-444-823-1>		"məaŋ.4"@scb-x-rucc1239	
"t-eᵐbireko"@gug	<http://ids.clld.org/values/2-320-290-1>		<http://ids.clld.org/parameters/2-320>		<http://ids.clld.org/values/2-320-823-1>		"makj.3"@scb-x-rucc1239	
"kuiᵐbaʔe"@gug	<http://ids.clld.org/values/2-230-290-1>		<http://ids.clld.org/parameters/2-230>		<http://ids.clld.org/values/2-230-823-1>		"tɨk.4"@scb-x-rucc1239	
"'ǰɨiva"@gug	<http://ids.clld.org/values/1-590-290-1>		<http://ids.clld.org/parameters/1-590>		<http://ids.clld.org/values/1-590-823-1>		"ro:ŋ.1"@scb-x-rucc1239	
"peheŋʷe raǰɨ"@gug	<http://ids.clld.org/values/2-540-290-1>		<http://ids.clld.org/parameters/2-540>		<http://ids.clld.org/values/2-540-823-1>		"cw.3"@scb-x-rucc1239	
"mitã-kuɲaʔi"@gug	<http://ids.clld.org/values/2-260-290-3>		<http://ids.clld.org/parameters/2-260>		<http://ids.clld.org/values/2-260-823-1>		"puma:j.3"@scb-x-rucc1239	
"me-sɨ"@gug	<http://ids.clld.org/values/2-621-290-3>		<http://ids.clld.org/parameters/2-621>		<http://ids.clld.org/values/2-621-823-1>		"meɛ.4 maku:ń.3"@scb-x-rucc1239	
"araipɨtu"@gug	<http://ids.clld.org/values/1-740-290-3>		<http://ids.clld.org/parameters/1-740>		<http://ids.clld.org/values/1-740-823-1>		"tulu:k.3"@scb-x-rucc1239	
"kaʔa-ɣʷɨ"@gug	<http://ids.clld.org/values/1-410-290-1>		<http://ids.clld.org/parameters/1-410>		<http://ids.clld.org/values/1-410-823-1>		"brw.3"@scb-x-rucc1239	
"kunumi"@gug	<http://ids.clld.org/values/2-280-290-5>		<http://ids.clld.org/parameters/2-280>		<http://ids.clld.org/values/2-280-823-1>		"pucɔ:j.3"@scb-x-rucc1239	
"kuɲa"@gug	<http://ids.clld.org/values/2-240-290-1>		<http://ids.clld.org/parameters/2-240>		<http://ids.clld.org/values/2-240-823-1>		"kj.3"@scb-x-rucc1239	
"mitã"@gug	<http://ids.clld.org/values/2-280-290-1>		<http://ids.clld.org/parameters/2-280>		<http://ids.clld.org/values/2-280-823-1>		"pucɔ:j.3"@scb-x-rucc1239	
"peheŋʷe raʔɨ"@gug	<http://ids.clld.org/values/2-530-290-1>		<http://ids.clld.org/parameters/2-530>		<http://ids.clld.org/values/2-530-823-1>		"cw.3"@scb-x-rucc1239	
"ɨ-reᵐbeʔɨ"@gug	<http://ids.clld.org/values/1-270-290-3>		<http://ids.clld.org/parameters/1-270>		<http://ids.clld.org/values/1-270-823-1>		"kupə:ŋ.1"@scb-x-rucc1239	
"'ǰui"@gug	<http://ids.clld.org/values/1-590-290-3>		<http://ids.clld.org/parameters/1-590>		<http://ids.clld.org/values/1-590-823-1>		"ro:ŋ.1"@scb-x-rucc1239	
"ᵐbɨǰa"@gug	<http://ids.clld.org/values/1-540-290-1>		<http://ids.clld.org/parameters/1-540>		<http://ids.clld.org/values/1-540-823-1>		"kumi:ŋ.1"@scb-x-rucc1239	
"ɨvɨ"@gug	<http://ids.clld.org/values/1-212-290-1>		<http://ids.clld.org/parameters/1-212>		<http://ids.clld.org/values/1-212-823-1>		"bə:n.3"@scb-x-rucc1239	
"peheŋʷe meᵐbɨ"@gug	<http://ids.clld.org/values/2-540-290-3>		<http://ids.clld.org/parameters/2-540>		<http://ids.clld.org/values/2-540-823-1>		"cw.3"@scb-x-rucc1239	
"ava"@gug	<http://ids.clld.org/values/2-210-290-1>		<http://ids.clld.org/parameters/2-210>		<http://ids.clld.org/values/2-210-823-1>		"puku:ń.3"@scb-x-rucc1239	
"t-ɨ'ǰui"@gug	<http://ids.clld.org/values/1-324-290-1>		<http://ids.clld.org/parameters/1-324>		<http://ids.clld.org/values/1-324-823-1>		"pɔh.pɔh.1"@scb-x-rucc1239	
"mitã-kuiᵐbaʔe"@gug	<http://ids.clld.org/values/2-250-290-1>		<http://ids.clld.org/parameters/2-250>		<http://ids.clld.org/values/2-250-823-1>		"ba:w.1"@scb-x-rucc1239	
"me'ⁿduva"@gug	<http://ids.clld.org/values/2-610-290-1>		<http://ids.clld.org/parameters/2-610>		<http://ids.clld.org/values/2-610-823-1>		"pɨ.4 makj.#"@scb-x-rucc1239	
"meᵐbɨ-kuiᵐbaʔe"@gug	<http://ids.clld.org/values/2-410-290-1>		<http://ids.clld.org/parameters/2-410>		<http://ids.clld.org/values/2-410-823-1>		"kɔ:n.1 puku:ń.3"@scb-x-rucc1239	
"kuarahɨ"@gug	<http://ids.clld.org/values/1-520-290-1>		<http://ids.clld.org/parameters/1-520>		<http://ids.clld.org/values/1-520-823-1>		"məʌt.4 kara:ŋ.1"@scb-x-rucc1239	
"sunu"@gug	<http://ids.clld.org/values/1-560-290-1>		<http://ids.clld.org/parameters/1-560>		<http://ids.clld.org/values/1-560-823-1>		"krɨ:m.4"@scb-x-rucc1239	
"ɨvɨ-kua"@gug	<http://ids.clld.org/values/1-370-290-5>		<http://ids.clld.org/parameters/1-370>		<http://ids.clld.org/values/1-370-823-1>		"ru:k.4"@scb-x-rucc1239	
"akã-ratĩ"@gug	<http://ids.clld.org/values/4-170-290-3>		<http://ids.clld.org/parameters/4-170>		<http://ids.clld.org/values/4-170-823-1>		"krɨŋ"@scb-x-rucc1239	
"ɨvɨ-tɨ"@gug	<http://ids.clld.org/values/1-220-290-1>		<http://ids.clld.org/parameters/1-220>		<http://ids.clld.org/values/1-220-823-2>		"do:l.1"@scb-x-rucc1239	
"ɨvɨ-tɨ"@gug	<http://ids.clld.org/values/1-220-290-1>		<http://ids.clld.org/parameters/1-220>		<http://ids.clld.org/values/1-220-823-1>		"cɨ:t.3"@scb-x-rucc1239	
"ɨ-ǰeʔaha"@gug	<http://ids.clld.org/values/1-390-290-1>		<http://ids.clld.org/parameters/1-390>		<http://ids.clld.org/values/1-390-823-1>		"tha:k.3 da:k.3"@scb-x-rucc1239	
"aratiri"@gug	<http://ids.clld.org/values/1-550-290-1>		<http://ids.clld.org/parameters/1-550>		<http://ids.clld.org/values/1-550-823-1>		"ala:r.3"@scb-x-rucc1239	
"kuɲa-taĩ"@gug	<http://ids.clld.org/values/2-261-290-3>		<http://ids.clld.org/parameters/2-261>		<http://ids.clld.org/values/2-261-823-1>		"puma:j.3"@scb-x-rucc1239	
"ama"@gug	<http://ids.clld.org/values/1-750-290-1>		<http://ids.clld.org/parameters/1-750>		<http://ids.clld.org/values/1-750-823-1>		"kəməa.2"@scb-x-rucc1239	
"h-apɨ"@gug	<http://ids.clld.org/values/1-851-290-3>		<http://ids.clld.org/parameters/1-851>		<http://ids.clld.org/values/1-851-823-1>		"tu:c.3"@scb-x-rucc1239	
"ǰepeʔa"@gug	<http://ids.clld.org/values/1-880-290-1>		<http://ids.clld.org/parameters/1-880>		<http://ids.clld.org/values/1-880-823-1>		"ku:r.1"@scb-x-rucc1239	
"h-eⁿd��"@gug	<http://ids.clld.org/values/1-852-290-1>		<http://ids.clld.org/parameters/1-852>		<http://ids.clld.org/values/1-852-823-1>		"kɨcɔh.1"@scb-x-rucc1239	
"'mena"@gug	<http://ids.clld.org/values/2-310-290-1>		<http://ids.clld.org/parameters/2-310>		<http://ids.clld.org/values/2-310-823-1>		"məku:ń.3"@scb-x-rucc1239	
"mitã"@gug	<http://ids.clld.org/values/2-270-290-1>		<http://ids.clld.org/parameters/2-270>		<http://ids.clld.org/values/2-270-823-1>		"kɔ:n.1"@scb-x-rucc1239	
"t-eᵐbirekosɨ"@gug	<http://ids.clld.org/values/2-620-290-1>		<http://ids.clld.org/parameters/2-620>		<http://ids.clld.org/values/2-620-823-1>		"meɛ.4 makj.3"@scb-x-rucc1239	
"ǰatapɨ"@gug	<http://ids.clld.org/values/1-860-290-5>		<http://ids.clld.org/parameters/1-860>		<http://ids.clld.org/values/1-860-823-1>		"tu:c.3"@scb-x-rucc1239	
"ɨvɨtu"@gug	<http://ids.clld.org/values/1-720-290-1>		<http://ids.clld.org/parameters/1-720>		<http://ids.clld.org/values/1-720-823-1>		"kajɔ.3"@scb-x-rucc1239	
"ara-počɨ"@gug	<http://ids.clld.org/values/1-580-290-1>		<http://ids.clld.org/parameters/1-580>		<http://ids.clld.org/values/1-580-823-1>		"pa:w.4"@scb-x-rucc1239	
"kɨvɨ mičĩ'veva"@gug	<http://ids.clld.org/values/2-445-290-5>		<http://ids.clld.org/parameters/2-445>		<http://ids.clld.org/values/2-445-823-1>		"ceɛ.4"@scb-x-rucc1239	
