"ǰapepo"@gug	<http://ids.clld.org/values/5-260-290-1>		<http://ids.clld.org/parameters/5-260>		<http://ids.clld.org/values/5-260-174-1>		"ədinɲə"@mch	
"peẽ"@gug	<http://ids.clld.org/values/2-950-290-1>		<http://ids.clld.org/parameters/2-950>		<http://ids.clld.org/values/2-950-174-1>		"ənwanno"@mch	
"muaɲa"@gug	<http://ids.clld.org/values/10-670-290-3>		<http://ids.clld.org/parameters/10-670>		<http://ids.clld.org/values/10-670-174-1>		"-adima-dɨ"@mch	
"ᵐbu-ekovia"@gug	<http://ids.clld.org/values/11-830-290-3>		<http://ids.clld.org/parameters/11-830>		<http://ids.clld.org/values/11-830-174-1>		"wətəʔtihānə"@mch	
"ɨ-tu"@gug	<http://ids.clld.org/values/1-390-290-3>		<http://ids.clld.org/parameters/1-390>		<http://ids.clld.org/values/1-390-174-1>		"yedukadɨ"@mch	
"moⁿde"@gug	<http://ids.clld.org/values/6-110-290-5>		<http://ids.clld.org/parameters/6-110>		<http://ids.clld.org/values/6-110-174-1>		"wewontənə"@mch	
"tavɨʔo"@gug	<http://ids.clld.org/values/17-240-290-3>		<http://ids.clld.org/parameters/17-240>		<http://ids.clld.org/values/17-240-174-1>		"-ōwanoma-"@mch	
"sɨ kɨvɨ"@gug	<http://ids.clld.org/values/2-511-290-1>		<http://ids.clld.org/parameters/2-511>		<http://ids.clld.org/values/2-511-174-1>		"yawo"@mch	
"t-enoⁿde"@gug	<http://ids.clld.org/values/12-40-290-1>		<http://ids.clld.org/parameters/12-40>		<http://ids.clld.org/values/12-40-174-1>		"owāho"@mch	
"t-enoⁿde"@gug	<http://ids.clld.org/values/12-40-290-1>		<http://ids.clld.org/parameters/12-40>		<http://ids.clld.org/values/12-40-174-3>		"awaʔde"@mch	
"pererĩ"@gug	<http://ids.clld.org/values/12-650-290-3>		<http://ids.clld.org/parameters/12-650>		<http://ids.clld.org/values/12-650-174-1>		"sāʔtahe"@mch	
"t-eᵐbiʔu"@gug	<http://ids.clld.org/values/5-120-290-1>		<http://ids.clld.org/parameters/5-120>		<http://ids.clld.org/values/5-120-174-1>		"mudūkuku"@mch	
"naᵐbi"@gug	<http://ids.clld.org/values/4-220-290-1>		<http://ids.clld.org/parameters/4-220>		<http://ids.clld.org/values/4-220-174-1>		"hāna"@mch	
"po"@gug	<http://ids.clld.org/values/13-50-290-1>		<http://ids.clld.org/parameters/13-50>		<http://ids.clld.org/values/13-50-174-1>		"hyātodea"@mch	
"maⁿdɨǰu"@gug	<http://ids.clld.org/values/6-240-290-1>		<http://ids.clld.org/parameters/6-240>		<http://ids.clld.org/values/6-240-174-1>		"wadēkū"@mch	
"arai"@gug	<http://ids.clld.org/values/1-730-290-1>		<http://ids.clld.org/parameters/1-730>		<http://ids.clld.org/values/1-730-174-1>		"kāʔdutu"@mch	
"h-esãi"@gug	<http://ids.clld.org/values/4-830-290-1>		<http://ids.clld.org/parameters/4-830>		<http://ids.clld.org/values/4-830-174-1>		"tadəinɲe"@mch	
"moᵐbo"@gug	<http://ids.clld.org/values/10-250-290-1>		<http://ids.clld.org/parameters/10-250>		<http://ids.clld.org/values/10-250-174-1>		"himā-dɨ"@mch	
"kotɨ"@gug	<http://ids.clld.org/values/7-210-290-1>		<http://ids.clld.org/parameters/7-210>		<http://ids.clld.org/values/7-210-174-1>		"əʔsa"@mch	
"apɨka"@gug	<http://ids.clld.org/values/7-430-290-1>		<http://ids.clld.org/parameters/7-430>		<http://ids.clld.org/values/7-430-174-1>		"āʔtəy"@mch	
"ɨ'vaɣa"@gug	<http://ids.clld.org/values/1-510-290-1>		<http://ids.clld.org/parameters/1-510>		<http://ids.clld.org/values/1-510-174-1>		"kahu"@mch	
"meʔẽ"@gug	<http://ids.clld.org/values/11-210-290-1>		<http://ids.clld.org/parameters/11-210>		<http://ids.clld.org/values/11-210-174-1>		"utūdu"@mch	
"miᵐbɨ"@gug	<http://ids.clld.org/values/18-710-290-1>		<http://ids.clld.org/parameters/18-710>		<http://ids.clld.org/values/18-710-174-1>		"hīču"@mch	
"tuʔĩ para"@gug	<http://ids.clld.org/values/3-592-290-1>		<http://ids.clld.org/parameters/3-592>		<http://ids.clld.org/values/3-592-174-1>		"[dodo]"@mch	
"aɣʷara"@gug	<http://ids.clld.org/values/3-740-290-1>		<http://ids.clld.org/parameters/3-740>		<http://ids.clld.org/values/3-740-174-1>		"awadudi"@mch	
"ᵐbaʔe-počɨ"@gug	<http://ids.clld.org/values/22-350-290-5>		<http://ids.clld.org/parameters/22-350>		<http://ids.clld.org/values/22-350-174-1>		"kahūšawa"@mch	
"t-eⁿdɨ"@gug	<http://ids.clld.org/values/1-610-290-3>		<http://ids.clld.org/parameters/1-610>		<http://ids.clld.org/values/1-610-174-1>		"šī"@mch	
"ɨ"@gug	<http://ids.clld.org/values/1-310-290-1>		<http://ids.clld.org/parameters/1-310>		<http://ids.clld.org/values/1-310-174-1>		"tuna"@mch	
"pire"@gug	<http://ids.clld.org/values/5-460-290-1>		<http://ids.clld.org/parameters/5-460>		<http://ids.clld.org/values/5-460-174-1>		"-iʔša-"@mch	
"ᵐbo-paha"@gug	<http://ids.clld.org/values/14-270-290-1>		<http://ids.clld.org/parameters/14-270>		<http://ids.clld.org/values/14-270-174-1>		"w-əʔka-nə"@mch	
"tua rɨkeʔɨ- tɨ'vɨra"@gug	<http://ids.clld.org/values/2-512-290-1>		<http://ids.clld.org/parameters/2-512>		<http://ids.clld.org/values/2-512-174-1>		"haha"@mch	
"ᵐboǰɨ"@gug	<http://ids.clld.org/values/5-210-290-1>		<http://ids.clld.org/parameters/5-210>		<http://ids.clld.org/values/5-210-174-1>		"-aʔnə"@mch	
"t-esa"@gug	<http://ids.clld.org/values/4-210-290-1>		<http://ids.clld.org/parameters/4-210>		<http://ids.clld.org/values/4-210-174-1>		"ənu"@mch	
"teᵐbipota"@gug	<http://ids.clld.org/values/16-620-290-1>		<http://ids.clld.org/parameters/16-620>		<http://ids.clld.org/values/16-620-174-1>		"hyumma-dɨ"@mch	
"poʔɨ"@gug	<http://ids.clld.org/values/6-760-290-7>		<http://ids.clld.org/parameters/6-760>		<http://ids.clld.org/values/6-760-174-1>		"mayūdu"@mch	
"t-uɣʷai"@gug	<http://ids.clld.org/values/4-180-290-1>		<http://ids.clld.org/parameters/4-180>		<http://ids.clld.org/values/4-180-174-1>		"dāʔkɨdɨ"@mch	
"pire-ʔo"@gug	<http://ids.clld.org/values/5-460-290-3>		<http://ids.clld.org/parameters/5-460>		<http://ids.clld.org/values/5-460-174-1>		"-iʔša-"@mch	
"ⁿdoporohaɨ'huiva"@gug	<http://ids.clld.org/values/19-520-290-1>		<http://ids.clld.org/parameters/19-520>		<http://ids.clld.org/values/19-520-174-1>		"tuʔde"@mch	
"pe"@gug	<http://ids.clld.org/values/12-320-290-3>		<http://ids.clld.org/parameters/12-320>		<http://ids.clld.org/values/12-320-174-1>		"nonohoʔčə"@mch	
"pɨtuʔu"@gug	<http://ids.clld.org/values/4-912-290-1>		<http://ids.clld.org/parameters/4-912>		<http://ids.clld.org/values/4-912-174-1>		"wə̄dētanə"@mch	
"aŋuǰa"@gug	<http://ids.clld.org/values/3-630-290-1>		<http://ids.clld.org/parameters/3-630>		<http://ids.clld.org/values/3-630-174-1>		"asɨ̄kɨ"@mch	
"ve'vɨi"@gug	<http://ids.clld.org/values/4-441-290-3>		<http://ids.clld.org/parameters/4-441>		<http://ids.clld.org/values/4-441-174-1>		"ʔtaway-dɨ"@mch	
"ǰuʔi"@gug	<http://ids.clld.org/values/3-950-290-1>		<http://ids.clld.org/parameters/3-950>		<http://ids.clld.org/values/3-950-174-1>		"kɨʔto"@mch	
"'kama"@gug	<http://ids.clld.org/values/4-410-290-1>		<http://ids.clld.org/parameters/4-410>		<http://ids.clld.org/values/4-410-174-1>		"ʔdohɨ-dɨ"@mch	
"'tava"@gug	<http://ids.clld.org/values/19-160-290-1>		<http://ids.clld.org/parameters/19-160>		<http://ids.clld.org/values/19-160-174-1>		"haʔta"@mch	
"t-ata'tĩ"@gug	<http://ids.clld.org/values/1-830-290-1>		<http://ids.clld.org/parameters/1-830>		<http://ids.clld.org/values/1-830-174-1>		"widīnčə"@mch	
"če rɨvɨ"@gug	<http://ids.clld.org/values/2-445-290-1>		<http://ids.clld.org/parameters/2-445>		<http://ids.clld.org/values/2-445-174-1>		"šīʔčɨ"@mch	
"rɨɣʷasu-rupiʔa"@gug	<http://ids.clld.org/values/5-970-290-3>		<http://ids.clld.org/parameters/5-970>		<http://ids.clld.org/values/5-970-174-1>		"iʔmoi"@mch	
"h-eta"@gug	<http://ids.clld.org/values/13-150-290-1>		<http://ids.clld.org/parameters/13-150>		<http://ids.clld.org/values/13-150-174-1>		"hōhe"@mch	
"peteiha"@gug	<http://ids.clld.org/values/13-340-290-1>		<http://ids.clld.org/parameters/13-340>		<http://ids.clld.org/values/13-340-174-1>		"awaʔde"@mch	
"[kora]pɨ"@gug	<http://ids.clld.org/values/7-150-290-3>		<http://ids.clld.org/parameters/7-150>		<http://ids.clld.org/values/7-150-174-1>		"hɨdōdo"@mch	
"ᵐboʔe"@gug	<http://ids.clld.org/values/17-250-290-1>		<http://ids.clld.org/parameters/17-250>		<http://ids.clld.org/values/17-250-174-1>		"-owānoma-"@mch	
"monoʔõ-ᵐbɨre"@gug	<http://ids.clld.org/values/8-410-290-1>		<http://ids.clld.org/parameters/8-410>		<http://ids.clld.org/values/8-410-174-1>		"inɲatɨʔtə̄dɨ"@mch	
"[pita]"@gug	<http://ids.clld.org/values/8-690-290-5>		<http://ids.clld.org/parameters/8-690>		<http://ids.clld.org/values/8-690-174-1>		"-eima-"@mch	
"ⁿde"@gug	<http://ids.clld.org/values/2-920-290-1>		<http://ids.clld.org/parameters/2-920>		<http://ids.clld.org/values/2-920-174-1>		"əmədə"@mch	
"parĩ"@gug	<http://ids.clld.org/values/4-940-290-5>		<http://ids.clld.org/parameters/4-940>		<http://ids.clld.org/values/4-940-174-1>		"sekumhe"@mch	
"ǰupiha"@gug	<http://ids.clld.org/values/7-370-290-1>		<http://ids.clld.org/parameters/7-370>		<http://ids.clld.org/values/7-370-174-1>		"inɲahuʔtahə"@mch	
"akã"@gug	<http://ids.clld.org/values/4-200-290-1>		<http://ids.clld.org/parameters/4-200>		<http://ids.clld.org/values/4-200-174-1>		"hūʔhə"@mch	
"sɨ rɨke"@gug	<http://ids.clld.org/values/2-521-290-1>		<http://ids.clld.org/parameters/2-521>		<http://ids.clld.org/values/2-521-174-1>		"denɨ"@mch	
"pɨtiʔa"@gug	<http://ids.clld.org/values/4-400-290-1>		<http://ids.clld.org/parameters/4-400>		<http://ids.clld.org/values/4-400-174-1>		"dōʔta"@mch	
"t-oʔo"@gug	<http://ids.clld.org/values/4-130-290-1>		<http://ids.clld.org/parameters/4-130>		<http://ids.clld.org/values/4-130-174-1>		"hyunu"@mch	
"meme"@gug	<http://ids.clld.org/values/14-310-290-5>		<http://ids.clld.org/parameters/14-310>		<http://ids.clld.org/values/14-310-174-1>		"wenēne"@mch	
"mo-ʔaᵐbue"@gug	<http://ids.clld.org/values/12-930-290-1>		<http://ids.clld.org/parameters/12-930>		<http://ids.clld.org/values/12-930-174-1>		"w-ekamhiaka-nə"@mch	
"ɲepɨrũ"@gug	<http://ids.clld.org/values/14-250-290-1>		<http://ids.clld.org/parameters/14-250>		<http://ids.clld.org/values/14-250-174-1>		"ahəntədɨ"@mch	
"(a)po"@gug	<http://ids.clld.org/values/10-430-290-1>		<http://ids.clld.org/parameters/10-430>		<http://ids.clld.org/values/10-430-174-1>		"w-ahanɨn-nə"@mch	
"hepɨ-meʔẽ"@gug	<http://ids.clld.org/values/11-650-290-1>		<http://ids.clld.org/parameters/11-650>		<http://ids.clld.org/values/11-650-174-1>		"ehēma-dɨ"@mch	
"ǰeɣʷaka"@gug	<http://ids.clld.org/values/6-710-290-1>		<http://ids.clld.org/parameters/6-710>		<http://ids.clld.org/values/6-710-174-1>		"sawīya"@mch	
"ikaneʔõ"@gug	<http://ids.clld.org/values/4-910-290-1>		<http://ids.clld.org/parameters/4-910>		<http://ids.clld.org/values/4-910-174-1>		"tɨkinča"@mch	
"pɨhɨ"@gug	<http://ids.clld.org/values/11-140-290-1>		<http://ids.clld.org/parameters/11-140>		<http://ids.clld.org/values/11-140-174-1>		"-ahəi-"@mch	
"ǰa'rɨi"@gug	<http://ids.clld.org/values/2-470-290-1>		<http://ids.clld.org/parameters/2-470>		<http://ids.clld.org/values/2-470-174-1>		"-tamū-du"@mch	
"(ai)kove"@gug	<http://ids.clld.org/values/4-740-290-1>		<http://ids.clld.org/parameters/4-740>		<http://ids.clld.org/values/4-740-174-1>		"wenɲə"@mch	
"ᵐbovu"@gug	<http://ids.clld.org/values/4-853-290-1>		<http://ids.clld.org/parameters/4-853>		<http://ids.clld.org/values/4-853-174-1>		"awonɲəʔkādɨ"@mch	
"kɨʔa"@gug	<http://ids.clld.org/values/15-880-290-1>		<http://ids.clld.org/parameters/15-880>		<http://ids.clld.org/values/15-880-174-1>		"nossahe"@mch	
"ǰoʔo"@gug	<http://ids.clld.org/values/8-220-290-1>		<http://ids.clld.org/parameters/8-220>		<http://ids.clld.org/values/8-220-174-1>		"tɨʔkādɨ"@mch	
"ɲorairõ"@gug	<http://ids.clld.org/values/20-110-290-1>		<http://ids.clld.org/parameters/20-110>		<http://ids.clld.org/values/20-110-174-1>		"wətə̄nehānə"@mch	
"poruⁿdɨ"@gug	<http://ids.clld.org/values/13-90-290-1>		<http://ids.clld.org/parameters/13-90>		<http://ids.clld.org/values/13-90-174-1>		"āʔkəi čea amohaʔto"@mch	
"kɨra-kue"@gug	<http://ids.clld.org/values/5-791-290-3>		<http://ids.clld.org/parameters/5-791>		<http://ids.clld.org/values/5-791-174-1>		"kātɨ"@mch	
"t-eniᵐbo"@gug	<http://ids.clld.org/values/6-380-290-3>		<http://ids.clld.org/parameters/6-380>		<http://ids.clld.org/values/6-380-174-1>		"hakūdimɨʔtɨ"@mch	
"ɨvotɨ"@gug	<http://ids.clld.org/values/8-570-290-1>		<http://ids.clld.org/parameters/8-570>		<http://ids.clld.org/values/8-570-174-1>		"čə̄hɨdɨ"@mch	
"rire"@gug	<http://ids.clld.org/values/12-10-290-5>		<http://ids.clld.org/parameters/12-10>		<http://ids.clld.org/values/12-10-174-1>		"yə̄ʔhəhe"@mch	
"t-ɨ'kera"@gug	<http://ids.clld.org/values/2-454-290-3>		<http://ids.clld.org/parameters/2-454>		<http://ids.clld.org/values/2-454-174-1>		"yāya"@mch	
"ɲeʔã"@gug	<http://ids.clld.org/values/4-440-290-1>		<http://ids.clld.org/parameters/4-440>		<http://ids.clld.org/values/4-440-174-1>		"yēwanɨ"@mch	
"ro"@gug	<http://ids.clld.org/values/15-370-290-1>		<http://ids.clld.org/parameters/15-370>		<http://ids.clld.org/values/15-370-174-1>		"tutune"@mch	
"ǰapakua"@gug	<http://ids.clld.org/values/10-140-290-3>		<http://ids.clld.org/parameters/10-140>		<http://ids.clld.org/values/10-140-174-1>		"weməīya"@mch	
"['hača]"@gug	<http://ids.clld.org/values/9-250-290-3>		<http://ids.clld.org/parameters/9-250>		<http://ids.clld.org/values/9-250-174-1>		"wɨ̄wɨ"@mch	
"tuǰa"@gug	<http://ids.clld.org/values/14-150-290-1>		<http://ids.clld.org/parameters/14-150>		<http://ids.clld.org/values/14-150-174-1>		"henaʔdohə"@mch	
"tuǰu"@gug	<http://ids.clld.org/values/5-125-290-3>		<http://ids.clld.org/parameters/5-125>		<http://ids.clld.org/values/5-125-174-1>		"čə̄tāhə"@mch	
"ɣʷeǰɨ"@gug	<http://ids.clld.org/values/10-473-290-1>		<http://ids.clld.org/parameters/10-473>		<http://ids.clld.org/values/10-473-174-1>		"hɨ̄ʔwakādə"@mch	
"papaʔɨ̃"@gug	<http://ids.clld.org/values/13-0-290-1>		<http://ids.clld.org/parameters/13-0>		<http://ids.clld.org/values/13-0-174-1>		"āʔke"@mch	
"ǰu-pi"@gug	<http://ids.clld.org/values/10-472-290-1>		<http://ids.clld.org/parameters/10-472>		<http://ids.clld.org/values/10-472-174-1>		"-annuʔku-"@mch	
"t-ekove"@gug	<http://ids.clld.org/values/4-740-290-5>		<http://ids.clld.org/parameters/4-740>		<http://ids.clld.org/values/4-740-174-1>		"wenɲə"@mch	
"pɨtã"@gug	<http://ids.clld.org/values/15-660-290-1>		<http://ids.clld.org/parameters/15-660>		<http://ids.clld.org/values/15-660-174-1>		"seweičato"@mch	
"pɨ-ɣʷasu"@gug	<http://ids.clld.org/values/12-610-290-5>		<http://ids.clld.org/parameters/12-610>		<http://ids.clld.org/values/12-610-174-1>		"taʔhuhūne"@mch	
"t-ape-poʔi"@gug	<http://ids.clld.org/values/10-720-290-3>		<http://ids.clld.org/parameters/10-720>		<http://ids.clld.org/values/10-720-174-1>		"ə̄ma"@mch	
"tupã"@gug	<http://ids.clld.org/values/22-120-290-3>		<http://ids.clld.org/parameters/22-120>		<http://ids.clld.org/values/22-120-174-1>		"wanādi"@mch	
"na'haniri"@gug	<http://ids.clld.org/values/17-560-290-1>		<http://ids.clld.org/parameters/17-560>		<http://ids.clld.org/values/17-560-174-1>		"mmʔhm"@mch	
"a"@gug	<http://ids.clld.org/values/10-230-290-1>		<http://ids.clld.org/parameters/10-230>		<http://ids.clld.org/values/10-230-174-1>		"w-eduka-nə"@mch	
"'t-era"@gug	<http://ids.clld.org/values/18-420-290-1>		<http://ids.clld.org/parameters/18-420>		<http://ids.clld.org/values/18-420-174-1>		"tə̄tɨ"@mch	
"akãŋʷ"@gug	<http://ids.clld.org/values/20-222-290-3>		<http://ids.clld.org/parameters/20-222>		<http://ids.clld.org/values/20-222-174-1>		"wɨ̄wɨ"@mch	
"ɨ'ke-pe"@gug	<http://ids.clld.org/values/12-20-290-1>		<http://ids.clld.org/parameters/12-20>		<http://ids.clld.org/values/12-20-174-1>		"dɨʔtə"@mch	
"taniᵐbu"@gug	<http://ids.clld.org/values/1-840-290-1>		<http://ids.clld.org/parameters/1-840>		<http://ids.clld.org/values/1-840-174-1>		"wedēnnə"@mch	
"h-orɨ"@gug	<http://ids.clld.org/values/16-230-290-1>		<http://ids.clld.org/parameters/16-230>		<http://ids.clld.org/values/16-230-174-1>		"takwanɲe"@mch	
"ǰuhu"@gug	<http://ids.clld.org/values/11-320-290-1>		<http://ids.clld.org/parameters/11-320>		<http://ids.clld.org/values/11-320-174-1>		"edantə-dɨ"@mch	
"ǰeruti"@gug	<http://ids.clld.org/values/3-594-290-3>		<http://ids.clld.org/parameters/3-594>		<http://ids.clld.org/values/3-594-174-1>		"hadūma"@mch	
"kuᵐbari"@gug	<http://ids.clld.org/values/5-821-290-3>		<http://ids.clld.org/parameters/5-821>		<http://ids.clld.org/values/5-821-174-1>		"homi"@mch	
"pire"@gug	<http://ids.clld.org/values/4-120-290-1>		<http://ids.clld.org/parameters/4-120>		<http://ids.clld.org/values/4-120-174-1>		"hiʔhə"@mch	
"mɨkurẽ"@gug	<http://ids.clld.org/values/3-622-290-1>		<http://ids.clld.org/parameters/3-622>		<http://ids.clld.org/values/3-622-174-1>		"dawāde"@mch	
"aŋata"@gug	<http://ids.clld.org/values/16-620-290-5>		<http://ids.clld.org/parameters/16-620>		<http://ids.clld.org/values/16-620-174-1>		"hyumma-dɨ"@mch	
"pɨʔapɨkɨǰa"@gug	<http://ids.clld.org/values/6-740-290-3>		<http://ids.clld.org/parameters/6-740>		<http://ids.clld.org/values/6-740-174-1>		"ahəʔmɨy"@mch	
"sevoʔi"@gug	<http://ids.clld.org/values/3-840-290-1>		<http://ids.clld.org/parameters/3-840>		<http://ids.clld.org/values/3-840-174-1>		"motto"@mch	
"apeno"@gug	<http://ids.clld.org/values/4-853-290-3>		<http://ids.clld.org/parameters/4-853>		<http://ids.clld.org/values/4-853-174-1>		"awonɲəʔkādɨ"@mch	
"ke"@gug	<http://ids.clld.org/values/4-620-290-3>		<http://ids.clld.org/parameters/4-620>		<http://ids.clld.org/values/4-620-174-1>		"wənētɨnə"@mch	
"ahɨʔo"@gug	<http://ids.clld.org/values/18-110-290-3>		<http://ids.clld.org/parameters/18-110>		<http://ids.clld.org/values/18-110-174-1>		"kəʔtɨnnə"@mch	
"pɨhare"@gug	<http://ids.clld.org/values/14-420-290-1>		<http://ids.clld.org/parameters/14-420>		<http://ids.clld.org/values/14-420-174-1>		"čomomɨ̄dɨ"@mch	
"kuiᵐbaʔe"@gug	<http://ids.clld.org/values/2-210-290-3>		<http://ids.clld.org/parameters/2-210>		<http://ids.clld.org/values/2-210-174-1>		"danwa"@mch	
"t-enɨpɨʔã"@gug	<http://ids.clld.org/values/4-360-290-3>		<http://ids.clld.org/parameters/4-360>		<http://ids.clld.org/values/4-360-174-1>		"ə̄ʔmu"@mch	
"mo-ɲapɨmi"@gug	<http://ids.clld.org/values/10-330-290-1>		<http://ids.clld.org/parameters/10-330>		<http://ids.clld.org/values/10-330-174-1>		"yehuʔkwai"@mch	
"(a)ha"@gug	<http://ids.clld.org/values/10-470-290-1>		<http://ids.clld.org/parameters/10-470>		<http://ids.clld.org/values/10-470-174-1>		"wɨʔtə̄-nə"@mch	
"t-ata-meʔẽha"@gug	<http://ids.clld.org/values/1-870-290-1>		<http://ids.clld.org/parameters/1-870>		<http://ids.clld.org/values/1-870-174-1>		"tɨsočāmɨ"@mch	
"ɨvɨ-kuʔi"@gug	<http://ids.clld.org/values/1-215-290-1>		<http://ids.clld.org/parameters/1-215>		<http://ids.clld.org/values/1-215-174-1>		"sāʔdaʔda"@mch	
"kaɲɨ"@gug	<http://ids.clld.org/values/10-510-290-1>		<http://ids.clld.org/parameters/10-510>		<http://ids.clld.org/values/10-510-174-1>		"w-ə̄nehē-nə"@mch	
"moᵐbɨrɨ"@gug	<http://ids.clld.org/values/12-440-290-1>		<http://ids.clld.org/parameters/12-440>		<http://ids.clld.org/values/12-440-174-1>		"amoinče"@mch	
"(ai) tɨ"@gug	<http://ids.clld.org/values/9-221-290-1>		<http://ids.clld.org/parameters/9-221>		<http://ids.clld.org/values/9-221-174-1>		"čūhiya-dɨ"@mch	
"(ai) tɨ"@gug	<http://ids.clld.org/values/9-221-290-1>		<http://ids.clld.org/parameters/9-221>		<http://ids.clld.org/values/9-221-174-3>		"yaʔka-dɨ"@mch	
"pɨha"@gug	<http://ids.clld.org/values/20-540-290-1>		<http://ids.clld.org/parameters/20-540>		<http://ids.clld.org/values/20-540-174-1>		"anətə"@mch	
"maⁿdiʔo"@gug	<http://ids.clld.org/values/8-920-290-1>		<http://ids.clld.org/parameters/8-920>		<http://ids.clld.org/values/8-920-174-1>		"kɨdēde"@mch	
"kɨse"@gug	<http://ids.clld.org/values/9-230-290-1>		<http://ids.clld.org/parameters/9-230>		<http://ids.clld.org/values/9-230-174-1>		"kɨmɨʔkə"@mch	
"pɨsãpe"@gug	<http://ids.clld.org/values/4-344-290-3>		<http://ids.clld.org/parameters/4-344>		<http://ids.clld.org/values/4-344-174-1>		"əmmi"@mch	
"eiru"@gug	<http://ids.clld.org/values/3-820-290-1>		<http://ids.clld.org/parameters/3-820>		<http://ids.clld.org/values/3-820-174-1>		"wannə"@mch	
"mɨaⁿdɨ"@gug	<http://ids.clld.org/values/1-860-290-1>		<http://ids.clld.org/parameters/1-860>		<http://ids.clld.org/values/1-860-174-1>		"-kemetə-"@mch	
"peheŋʷe meᵐbɨ"@gug	<http://ids.clld.org/values/2-530-290-3>		<http://ids.clld.org/parameters/2-530>		<http://ids.clld.org/values/2-530-174-1>		"honɨ"@mch	
"peheŋʷe meᵐbɨ"@gug	<http://ids.clld.org/values/2-530-290-3>		<http://ids.clld.org/parameters/2-530>		<http://ids.clld.org/values/2-530-174-3>		"honɨ-kə"@mch	
"ɲaⁿdɨ"@gug	<http://ids.clld.org/values/5-791-290-1>		<http://ids.clld.org/parameters/5-791>		<http://ids.clld.org/values/5-791-174-1>		"kātɨ"@mch	
"pa"@gug	<http://ids.clld.org/values/13-100-290-1>		<http://ids.clld.org/parameters/13-100>		<http://ids.clld.org/values/13-100-174-1>		"amohadə"@mch	
"pɨaʔe"@gug	<http://ids.clld.org/values/14-210-290-1>		<http://ids.clld.org/parameters/14-210>		<http://ids.clld.org/values/14-210-174-1>		"tamhə̄ʔne"@mch	
"'aŋa"@gug	<http://ids.clld.org/values/16-110-290-1>		<http://ids.clld.org/parameters/16-110>		<http://ids.clld.org/values/16-110-174-1>		"dōʔta"@mch	
"ara-ǰere"@gug	<http://ids.clld.org/values/14-730-290-1>		<http://ids.clld.org/parameters/14-730>		<http://ids.clld.org/values/14-730-174-1>		"wedɨ"@mch	
"[ɲekarama]"@gug	<http://ids.clld.org/values/10-472-290-3>		<http://ids.clld.org/parameters/10-472>		<http://ids.clld.org/values/10-472-174-1>		"-annuʔku-"@mch	
"meᵐbɨ-kuɲa"@gug	<http://ids.clld.org/values/2-420-290-1>		<http://ids.clld.org/parameters/2-420>		<http://ids.clld.org/values/2-420-174-1>		"nnedɨ"@mch	
"kuɲa"@gug	<http://ids.clld.org/values/2-220-290-1>		<http://ids.clld.org/parameters/2-220>		<http://ids.clld.org/values/2-220-174-1>		"wodi"@mch	
"t-uɣʷɨ"@gug	<http://ids.clld.org/values/4-150-290-1>		<http://ids.clld.org/parameters/4-150>		<http://ids.clld.org/values/4-150-174-1>		"munu"@mch	
"ɲemu"@gug	<http://ids.clld.org/values/11-820-290-1>		<http://ids.clld.org/parameters/11-820>		<http://ids.clld.org/values/11-820-174-1>		"ehema-hoi"@mch	
"ɲaⁿdu"@gug	<http://ids.clld.org/values/3-818-290-1>		<http://ids.clld.org/parameters/3-818>		<http://ids.clld.org/values/3-818-174-1>		"modoy"@mch	
"ɲuɣʷaitĩ"@gug	<http://ids.clld.org/values/19-650-290-3>		<http://ids.clld.org/parameters/19-650>		<http://ids.clld.org/values/19-650-174-1>		"edantə-dɨ"@mch	
"karape"@gug	<http://ids.clld.org/values/12-320-290-1>		<http://ids.clld.org/parameters/12-320>		<http://ids.clld.org/values/12-320-174-1>		"nonohoʔčə"@mch	
"morotĩ"@gug	<http://ids.clld.org/values/15-640-290-1>		<http://ids.clld.org/parameters/15-640>		<http://ids.clld.org/values/15-640-174-1>		"təʔkeʔne"@mch	
"ituǰu"@gug	<http://ids.clld.org/values/5-125-290-1>		<http://ids.clld.org/parameters/5-125>		<http://ids.clld.org/values/5-125-174-1>		"čə̄tāhə"@mch	
"ao"@gug	<http://ids.clld.org/values/6-120-290-1>		<http://ids.clld.org/parameters/6-120>		<http://ids.clld.org/values/6-120-174-1>		"womɨ"@mch	
"tapia"@gug	<http://ids.clld.org/values/14-310-290-3>		<http://ids.clld.org/parameters/14-310>		<http://ids.clld.org/values/14-310-174-1>		"wenēne"@mch	
"ɲa-moⁿde"@gug	<http://ids.clld.org/values/6-110-290-3>		<http://ids.clld.org/parameters/6-110>		<http://ids.clld.org/values/6-110-174-1>		"wewontənə"@mch	
"ᵐbaʔe-heʔẽ"@gug	<http://ids.clld.org/values/15-350-290-1>		<http://ids.clld.org/parameters/15-350>		<http://ids.clld.org/values/15-350-174-1>		"kādo"@mch	
"ǰiakãŋʷa ɲorãirõrã"@gug	<http://ids.clld.org/values/20-222-290-1>		<http://ids.clld.org/parameters/20-222>		<http://ids.clld.org/values/20-222-174-1>		"wɨ̄wɨ"@mch	
"voi"@gug	<http://ids.clld.org/values/14-210-290-5>		<http://ids.clld.org/parameters/14-210>		<http://ids.clld.org/values/14-210-174-1>		"tamhə̄ʔne"@mch	
"t-etã-ɨɣʷa-atɨ"@gug	<http://ids.clld.org/values/19-210-290-3>		<http://ids.clld.org/parameters/19-210>		<http://ids.clld.org/values/19-210-174-1>		"weiʔčɨ"@mch	
"peteĩ-ha"@gug	<http://ids.clld.org/values/13-340-290-3>		<http://ids.clld.org/parameters/13-340>		<http://ids.clld.org/values/13-340-174-1>		"awaʔde"@mch	
"mitãrusu"@gug	<http://ids.clld.org/values/2-251-290-1>		<http://ids.clld.org/parameters/2-251>		<http://ids.clld.org/values/2-251-174-1>		"mudēši"@mch	
"po'hɨi"@gug	<http://ids.clld.org/values/15-810-290-1>		<http://ids.clld.org/parameters/15-810>		<http://ids.clld.org/values/15-810-174-1>		"tamənɲato"@mch	
"pɨʔa-porã"@gug	<http://ids.clld.org/values/16-710-290-5>		<http://ids.clld.org/parameters/16-710>		<http://ids.clld.org/values/16-710-174-1>		"ašiča"@mch	
"ᵐbaʔeve"@gug	<http://ids.clld.org/values/13-0-290-3>		<http://ids.clld.org/parameters/13-0>		<http://ids.clld.org/values/13-0-174-1>		"āʔke"@mch	
"ǰapeusa"@gug	<http://ids.clld.org/values/3-815-290-1>		<http://ids.clld.org/parameters/3-815>		<http://ids.clld.org/values/3-815-174-1>		"mɨnə̄tə"@mch	
"taita-ɣʷasu"@gug	<http://ids.clld.org/values/2-460-290-3>		<http://ids.clld.org/parameters/2-460>		<http://ids.clld.org/values/2-460-174-1>		"kōko"@mch	
"ᵐbo-ǰaʔo"@gug	<http://ids.clld.org/values/12-232-290-1>		<http://ids.clld.org/parameters/12-232>		<http://ids.clld.org/values/12-232-174-1>		"yātohətɨdɨ"@mch	
"aripaka"@gug	<http://ids.clld.org/values/7-440-290-1>		<http://ids.clld.org/parameters/7-440>		<http://ids.clld.org/values/7-440-174-1>		"[mesa]i"@mch	
"ɣʷɨraʔapi"@gug	<http://ids.clld.org/values/20-610-290-1>		<http://ids.clld.org/parameters/20-610>		<http://ids.clld.org/values/20-610-174-1>		"emanɲuhɨdɨ"@mch	
"poteĩ"@gug	<http://ids.clld.org/values/13-60-290-1>		<http://ids.clld.org/parameters/13-60>		<http://ids.clld.org/values/13-60-174-1>		"tōni amohaʔto"@mch	
"ɨ-pɨtũ"@gug	<http://ids.clld.org/values/15-630-290-1>		<http://ids.clld.org/parameters/15-630>		<http://ids.clld.org/values/15-630-174-1>		"tɨhe"@mch	
"ɨvɨra"@gug	<http://ids.clld.org/values/1-430-290-1>		<http://ids.clld.org/parameters/1-430>		<http://ids.clld.org/values/1-430-174-1>		"dē"@mch	
"kũ"@gug	<http://ids.clld.org/values/4-260-290-1>		<http://ids.clld.org/parameters/4-260>		<http://ids.clld.org/values/4-260-174-1>		"ɲūdu"@mch	
"t-etɨma"@gug	<http://ids.clld.org/values/4-350-290-1>		<http://ids.clld.org/parameters/4-350>		<http://ids.clld.org/values/4-350-174-1>		"hētɨ"@mch	
"t-eɲɨvaᵑga"@gug	<http://ids.clld.org/values/4-320-290-3>		<http://ids.clld.org/parameters/4-320>		<http://ids.clld.org/values/4-320-174-1>		"ə̄ʔmu"@mch	
"ǰaɣʷa-pɨtã"@gug	<http://ids.clld.org/values/3-720-290-1>		<http://ids.clld.org/parameters/3-720>		<http://ids.clld.org/values/3-720-174-1>		"kawadīmə"@mch	
"t-emiarirõ"@gug	<http://ids.clld.org/values/2-480-290-1>		<http://ids.clld.org/parameters/2-480>		<http://ids.clld.org/values/2-480-174-1>		"hādɨ"@mch	
"aka'tua"@gug	<http://ids.clld.org/values/12-410-290-1>		<http://ids.clld.org/parameters/12-410>		<http://ids.clld.org/values/12-410-174-1>		"əmuʔdemhɨnɨ"@mch	
"ǰe-ɨʔu-rã"@gug	<http://ids.clld.org/values/5-900-290-1>		<http://ids.clld.org/parameters/5-900>		<http://ids.clld.org/values/5-900-174-1>		"kuši"@mch	
"pɨaha"@gug	<http://ids.clld.org/values/6-330-290-1>		<http://ids.clld.org/parameters/6-330>		<http://ids.clld.org/values/6-330-174-1>		"tɨʔkaʔhɨdɨ"@mch	
"u"@gug	<http://ids.clld.org/values/5-110-290-1>		<http://ids.clld.org/parameters/5-110>		<http://ids.clld.org/values/5-110-174-1>		"wowašīnčənə"@mch	
"t-etɨma-roʔo"@gug	<http://ids.clld.org/values/4-352-290-1>		<http://ids.clld.org/parameters/4-352>		<http://ids.clld.org/values/4-352-174-1>		"hōde"@mch	
"ᵐba'ʔeiča"@gug	<http://ids.clld.org/values/17-610-290-1>		<http://ids.clld.org/parameters/17-610>		<http://ids.clld.org/values/17-610-174-1>		"ākene"@mch	
"tekove"@gug	<http://ids.clld.org/values/2-100-290-5>		<http://ids.clld.org/parameters/2-100>		<http://ids.clld.org/values/2-100-174-1>		"ssoto"@mch	
"če meᵐbɨ kuɲa"@gug	<http://ids.clld.org/values/2-430-290-3>		<http://ids.clld.org/parameters/2-430>		<http://ids.clld.org/values/2-430-174-1>		"nnedɨ"@mch	
"ɨrɨvu"@gug	<http://ids.clld.org/values/3-586-290-1>		<http://ids.clld.org/parameters/3-586>		<http://ids.clld.org/values/3-586-174-1>		"kudūmu"@mch	
"haʔã"@gug	<http://ids.clld.org/values/20-620-290-1>		<http://ids.clld.org/parameters/20-620>		<http://ids.clld.org/values/20-620-174-1>		"t-ɨwə̄-dɨ"@mch	
"toɣʷe"@gug	<http://ids.clld.org/values/8-560-290-1>		<http://ids.clld.org/parameters/8-560>		<http://ids.clld.org/values/8-560-174-1>		"yadɨ"@mch	
"ᵐbaʔe-moᵐbeʔu"@gug	<http://ids.clld.org/values/18-221-290-1>		<http://ids.clld.org/parameters/18-221>		<http://ids.clld.org/values/18-221-174-1>		"mēʔkuʔtə̄dɨ"@mch	
"ɨvate"@gug	<http://ids.clld.org/values/12-80-290-1>		<http://ids.clld.org/parameters/12-80>		<http://ids.clld.org/values/12-80-174-1>		"kawə̄"@mch	
"kotɨ'pɨpe"@gug	<http://ids.clld.org/values/12-50-290-3>		<http://ids.clld.org/parameters/12-50>		<http://ids.clld.org/values/12-50-174-3>		"anwaʔka"@mch	
"kotɨ'pɨpe"@gug	<http://ids.clld.org/values/12-50-290-3>		<http://ids.clld.org/parameters/12-50>		<http://ids.clld.org/values/12-50-174-1>		"aʔka"@mch	
"a"@gug	<http://ids.clld.org/values/5-710-290-1>		<http://ids.clld.org/parameters/5-710>		<http://ids.clld.org/values/5-710-174-1>		"čə̄hɨdɨ̄-hɨdɨ"@mch	
"mitã-kuɲa-ɣʷasu"@gug	<http://ids.clld.org/values/2-261-290-1>		<http://ids.clld.org/parameters/2-261>		<http://ids.clld.org/values/2-261-174-1>		"mudēši"@mch	
"mokõi"@gug	<http://ids.clld.org/values/13-20-290-1>		<http://ids.clld.org/parameters/13-20>		<http://ids.clld.org/values/13-20-174-1>		"āʔkə"@mch	
"sɨva"@gug	<http://ids.clld.org/values/4-205-290-1>		<http://ids.clld.org/parameters/4-205>		<http://ids.clld.org/values/4-205-174-1>		"heʔkay"@mch	
"ɣʷata"@gug	<http://ids.clld.org/values/10-450-290-1>		<http://ids.clld.org/parameters/10-450>		<http://ids.clld.org/values/10-450-174-1>		"w-ōhoyma-nə"@mch	
"ɨta"@gug	<http://ids.clld.org/values/10-350-290-1>		<http://ids.clld.org/parameters/10-350>		<http://ids.clld.org/values/10-350-174-1>		"tɨwəʔhiyɨ"@mch	
"ǰerokɨ"@gug	<http://ids.clld.org/values/10-440-290-1>		<http://ids.clld.org/parameters/10-440>		<http://ids.clld.org/values/10-440-174-1>		"-ənwa-"@mch	
"poraⁿdu"@gug	<http://ids.clld.org/values/18-310-290-1>		<http://ids.clld.org/parameters/18-310>		<http://ids.clld.org/values/18-310-174-1>		"-ekammaho-"@mch	
"moõ"@gug	<http://ids.clld.org/values/17-660-290-1>		<http://ids.clld.org/parameters/17-660>		<http://ids.clld.org/values/17-660-174-1>		"ə̄iša"@mch	
"ǰo'hei"@gug	<http://ids.clld.org/values/9-360-290-1>		<http://ids.clld.org/parameters/9-360>		<http://ids.clld.org/values/9-360-174-1>		"-ičoʔka-dɨ"@mch	
"ᵐbɨkɨ"@gug	<http://ids.clld.org/values/12-590-290-1>		<http://ids.clld.org/parameters/12-590>		<http://ids.clld.org/values/12-590-174-1>		"tawedato"@mch	
"pɨkaʔi"@gug	<http://ids.clld.org/values/12-620-290-1>		<http://ids.clld.org/parameters/12-620>		<http://ids.clld.org/values/12-620-174-3>		"anwakɨme"@mch	
"pɨkaʔi"@gug	<http://ids.clld.org/values/12-620-290-1>		<http://ids.clld.org/parameters/12-620>		<http://ids.clld.org/values/12-620-174-1>		"danwadɨ"@mch	
"ᵐbarakaǰa"@gug	<http://ids.clld.org/values/3-620-290-1>		<http://ids.clld.org/parameters/3-620>		<http://ids.clld.org/values/3-620-174-1>		"[mēši]"@mch	
"ava"@gug	<http://ids.clld.org/values/2-100-290-1>		<http://ids.clld.org/parameters/2-100>		<http://ids.clld.org/values/2-100-174-1>		"ssoto"@mch	
"pe"@gug	<http://ids.clld.org/values/12-610-290-1>		<http://ids.clld.org/parameters/12-610>		<http://ids.clld.org/values/12-610-174-1>		"taʔhuhūne"@mch	
"t-ɨekue"@gug	<http://ids.clld.org/values/4-461-290-1>		<http://ids.clld.org/parameters/4-461>		<http://ids.clld.org/values/4-461-174-1>		"hyōtɨ"@mch	
"pɨapẽ"@gug	<http://ids.clld.org/values/4-345-290-1>		<http://ids.clld.org/parameters/4-345>		<http://ids.clld.org/values/4-345-174-1>		"əmmi"@mch	
"ɲeʔẽ"@gug	<http://ids.clld.org/values/18-210-290-1>		<http://ids.clld.org/parameters/18-210>		<http://ids.clld.org/values/18-210-174-1>		"w-aʔdew-nə"@mch	
"t-emiarirõ"@gug	<http://ids.clld.org/values/2-490-290-1>		<http://ids.clld.org/parameters/2-490>		<http://ids.clld.org/values/2-490-174-1>		"hādɨ"@mch	
"pohã"@gug	<http://ids.clld.org/values/4-880-290-1>		<http://ids.clld.org/parameters/4-880>		<http://ids.clld.org/values/4-880-174-1>		"əhi"@mch	
"ᵐbaʔereⁿdɨ"@gug	<http://ids.clld.org/values/7-450-290-1>		<http://ids.clld.org/parameters/7-450>		<http://ids.clld.org/values/7-450-174-1>		"adāwa"@mch	
"pɨkasu"@gug	<http://ids.clld.org/values/3-594-290-1>		<http://ids.clld.org/parameters/3-594>		<http://ids.clld.org/values/3-594-174-1>		"hadūma"@mch	
"puka"@gug	<http://ids.clld.org/values/16-250-290-1>		<http://ids.clld.org/parameters/16-250>		<http://ids.clld.org/values/16-250-174-1>		"waʔsenɲo"@mch	
"aǰaka"@gug	<http://ids.clld.org/values/9-760-290-1>		<http://ids.clld.org/parameters/9-760>		<http://ids.clld.org/values/9-760-174-1>		"wɨ̄wa"@mch	
"ɨvɨ-rɨ'rɨi"@gug	<http://ids.clld.org/values/1-450-290-1>		<http://ids.clld.org/parameters/1-450>		<http://ids.clld.org/values/1-450-174-1>		"dehūši"@mch	
"taɣʷato"@gug	<http://ids.clld.org/values/3-584-290-1>		<http://ids.clld.org/parameters/3-584>		<http://ids.clld.org/values/3-584-174-1>		"demōši"@mch	
"t-apɨkue"@gug	<http://ids.clld.org/values/12-11-290-1>		<http://ids.clld.org/parameters/12-11>		<http://ids.clld.org/values/12-11-174-1>		"mənse"@mch	
"ǰoka"@gug	<http://ids.clld.org/values/9-260-290-3>		<http://ids.clld.org/parameters/9-260>		<http://ids.clld.org/values/9-260-174-1>		"-išiča-dɨ"@mch	
"kuɲa ɣʷãiɣʷĩ"@gug	<http://ids.clld.org/values/2-471-290-1>		<http://ids.clld.org/parameters/2-471>		<http://ids.clld.org/values/2-471-174-1>		"noʔsamoʔkɨ"@mch	
"moŋʷera"@gug	<http://ids.clld.org/values/4-860-290-1>		<http://ids.clld.org/parameters/4-860>		<http://ids.clld.org/values/4-860-174-1>		"adonkadɨ"@mch	
"arɨ"@gug	<http://ids.clld.org/values/14-730-290-5>		<http://ids.clld.org/parameters/14-730>		<http://ids.clld.org/values/14-730-174-1>		"wedɨ"@mch	
"'ɣʷɨ-pe"@gug	<http://ids.clld.org/values/12-30-290-3>		<http://ids.clld.org/parameters/12-30>		<http://ids.clld.org/values/12-30-174-1>		"doʔnə"@mch	
"mɨeⁿdɨ"@gug	<http://ids.clld.org/values/1-860-290-3>		<http://ids.clld.org/parameters/1-860>		<http://ids.clld.org/values/1-860-174-1>		"-kemetə-"@mch	
"ɣʷe-raha"@gug	<http://ids.clld.org/values/10-610-290-3>		<http://ids.clld.org/parameters/10-610>		<http://ids.clld.org/values/10-610-174-1>		"-adə̄-"@mch	
"puku"@gug	<http://ids.clld.org/values/12-570-290-1>		<http://ids.clld.org/parameters/12-570>		<http://ids.clld.org/values/12-570-174-1>		"nuwe"@mch	
"kaɲɨ"@gug	<http://ids.clld.org/values/11-330-290-1>		<http://ids.clld.org/parameters/11-330>		<http://ids.clld.org/values/11-330-174-1>		"w-ənnanɨʔ-nə"@mch	
"para"@gug	<http://ids.clld.org/values/1-320-290-1>		<http://ids.clld.org/parameters/1-320>		<http://ids.clld.org/values/1-320-174-1>		"dama"@mch	
"karuᵐbe"@gug	<http://ids.clld.org/values/3-980-290-1>		<http://ids.clld.org/parameters/3-980>		<http://ids.clld.org/values/3-980-174-1>		"heʔde"@mch	
"sa"@gug	<http://ids.clld.org/values/13-105-290-1>		<http://ids.clld.org/parameters/13-105>		<http://ids.clld.org/values/13-105-174-1>		"hyātodea ssoto"@mch	
"po"@gug	<http://ids.clld.org/values/4-330-290-1>		<http://ids.clld.org/parameters/4-330>		<http://ids.clld.org/values/4-330-174-1>		"amō-dɨ"@mch	
"'tuva"@gug	<http://ids.clld.org/values/2-350-290-1>		<http://ids.clld.org/parameters/2-350>		<http://ids.clld.org/values/2-350-174-1>		"haha"@mch	
"r-uʔã"@gug	<http://ids.clld.org/values/12-330-290-1>		<http://ids.clld.org/parameters/12-330>		<http://ids.clld.org/values/12-330-174-1>		"akoiʔčaʔhɨdɨ"@mch	
"pira-ɲuhã"@gug	<http://ids.clld.org/values/20-540-290-3>		<http://ids.clld.org/parameters/20-540>		<http://ids.clld.org/values/20-540-174-1>		"anətə"@mch	
"maraᵑgatu"@gug	<http://ids.clld.org/values/16-710-290-1>		<http://ids.clld.org/parameters/16-710>		<http://ids.clld.org/values/16-710-174-1>		"ašiča"@mch	
"oɣɨke"@gug	<http://ids.clld.org/values/7-270-290-1>		<http://ids.clld.org/parameters/7-270>		<http://ids.clld.org/values/7-270-174-1>		"həʔhudu"@mch	
"ᵐburuviča"@gug	<http://ids.clld.org/values/19-240-290-1>		<http://ids.clld.org/parameters/19-240>		<http://ids.clld.org/values/19-240-174-1>		"ədāhə"@mch	
"pepo"@gug	<http://ids.clld.org/values/4-392-290-1>		<http://ids.clld.org/parameters/4-392>		<http://ids.clld.org/values/4-392-174-1>		"ahəʔsai"@mch	
"hupɨtɨ"@gug	<http://ids.clld.org/values/10-550-290-1>		<http://ids.clld.org/parameters/10-550>		<http://ids.clld.org/values/10-550-174-1>		"w-əʔdɨ-nə"@mch	
"saʔɨ-ǰu"@gug	<http://ids.clld.org/values/15-690-290-1>		<http://ids.clld.org/parameters/15-690>		<http://ids.clld.org/values/15-690-174-1>		"kɨnota"@mch	
"'mava"@gug	<http://ids.clld.org/values/2-100-290-3>		<http://ids.clld.org/parameters/2-100>		<http://ids.clld.org/values/2-100-174-1>		"ssoto"@mch	
"pa-po"@gug	<http://ids.clld.org/values/13-103-290-1>		<http://ids.clld.org/parameters/13-103>		<http://ids.clld.org/values/13-103-174-1>		"amohadəʔto dēwə hyatodea"@mch	
"kã"@gug	<http://ids.clld.org/values/15-840-290-1>		<http://ids.clld.org/parameters/15-840>		<http://ids.clld.org/values/15-840-174-1>		"ssedēhe"@mch	
"r-aitɨ"@gug	<http://ids.clld.org/values/3-580-290-1>		<http://ids.clld.org/parameters/3-580>		<http://ids.clld.org/values/3-580-174-1>		"danɲami"@mch	
"tĩ"@gug	<http://ids.clld.org/values/4-230-290-1>		<http://ids.clld.org/parameters/4-230>		<http://ids.clld.org/values/4-230-174-1>		"ənna"@mch	
"moʔã"@gug	<http://ids.clld.org/values/17-130-290-3>		<http://ids.clld.org/parameters/17-130>		<http://ids.clld.org/values/17-130-174-1>		"tɨtahə-nə"@mch	
"'ara"@gug	<http://ids.clld.org/values/14-410-290-1>		<http://ids.clld.org/parameters/14-410>		<http://ids.clld.org/values/14-410-174-1>		"anə̄to"@mch	
"ɨ-ʔu"@gug	<http://ids.clld.org/values/5-130-290-3>		<http://ids.clld.org/parameters/5-130>		<http://ids.clld.org/values/5-130-174-1>		"enku"@mch	
"-ve'ra-va"@gug	<http://ids.clld.org/values/15-570-290-1>		<http://ids.clld.org/parameters/15-570>		<http://ids.clld.org/values/15-570-174-1>		"taʔwane"@mch	
"a'ᵐbɨu"@gug	<http://ids.clld.org/values/4-232-290-1>		<http://ids.clld.org/parameters/4-232>		<http://ids.clld.org/values/4-232-174-1>		"ənuʔtə"@mch	
"u"@gug	<http://ids.clld.org/values/5-130-290-1>		<http://ids.clld.org/parameters/5-130>		<http://ids.clld.org/values/5-130-174-1>		"enku"@mch	
"ᵐbovɨ"@gug	<http://ids.clld.org/values/13-170-290-1>		<http://ids.clld.org/parameters/13-170>		<http://ids.clld.org/values/13-170-174-1>		"ākəʔkə"@mch	
"apuʔa"@gug	<http://ids.clld.org/values/12-810-290-1>		<http://ids.clld.org/parameters/12-810>		<http://ids.clld.org/values/12-810-174-1>		"kokkoduhaʔto"@mch	
"t-ata"@gug	<http://ids.clld.org/values/1-810-290-1>		<http://ids.clld.org/parameters/1-810>		<http://ids.clld.org/values/1-810-174-1>		"wāʔto"@mch	
"h-eča"@gug	<http://ids.clld.org/values/15-510-290-1>		<http://ids.clld.org/parameters/15-510>		<http://ids.clld.org/values/15-510-174-1>		"ene-dɨ"@mch	
"ɲaʔẽpɨrũ"@gug	<http://ids.clld.org/values/5-280-290-1>		<http://ids.clld.org/parameters/5-280>		<http://ids.clld.org/values/5-280-174-1>		"ʔtadī-yɨ"@mch	
"h-eʔẽ"@gug	<http://ids.clld.org/values/15-350-290-3>		<http://ids.clld.org/parameters/15-350>		<http://ids.clld.org/values/15-350-174-1>		"kādo"@mch	
"tukuᵐbo"@gug	<http://ids.clld.org/values/9-190-290-1>		<http://ids.clld.org/parameters/9-190>		<http://ids.clld.org/values/9-190-174-1>		"āʔto"@mch	
"ǰapi"@gug	<http://ids.clld.org/values/20-620-290-3>		<http://ids.clld.org/parameters/20-620>		<http://ids.clld.org/values/20-620-174-1>		"t-ɨwə̄-dɨ"@mch	
"peǰu"@gug	<http://ids.clld.org/values/10-380-290-1>		<http://ids.clld.org/parameters/10-380>		<http://ids.clld.org/values/10-380-174-1>		"yaičumā-dɨ"@mch	
"pekɨ"@gug	<http://ids.clld.org/values/5-124-290-3>		<http://ids.clld.org/parameters/5-124>		<http://ids.clld.org/values/5-124-174-1>		"šēne"@mch	
"mokõi-pa"@gug	<http://ids.clld.org/values/13-104-290-1>		<http://ids.clld.org/parameters/13-104>		<http://ids.clld.org/values/13-104-174-1>		"tōni ssoto"@mch	
"hatã"@gug	<http://ids.clld.org/values/14-210-290-3>		<http://ids.clld.org/parameters/14-210>		<http://ids.clld.org/values/14-210-174-1>		"tamhə̄ʔne"@mch	
"taita"@gug	<http://ids.clld.org/values/2-460-290-1>		<http://ids.clld.org/parameters/2-460>		<http://ids.clld.org/values/2-460-174-1>		"kōko"@mch	
"peʔa"@gug	<http://ids.clld.org/values/12-230-290-3>		<http://ids.clld.org/parameters/12-230>		<http://ids.clld.org/values/12-230-174-1>		"šādamadɨ̄he"@mch	
"ɨvɨra"@gug	<http://ids.clld.org/values/8-600-290-1>		<http://ids.clld.org/parameters/8-600>		<http://ids.clld.org/values/8-600-174-1>		"dē"@mch	
"če pehẽŋʷe 'mena"@gug	<http://ids.clld.org/values/2-510-290-1>		<http://ids.clld.org/parameters/2-510>		<http://ids.clld.org/values/2-510-174-1>		"wōdɨ"@mch	
"'kerasɨ"@gug	<http://ids.clld.org/values/4-620-290-1>		<http://ids.clld.org/parameters/4-620>		<http://ids.clld.org/values/4-620-174-1>		"wənētɨnə"@mch	
"ǰu"@gug	<http://ids.clld.org/values/15-690-290-3>		<http://ids.clld.org/parameters/15-690>		<http://ids.clld.org/values/15-690-174-1>		"kɨnota"@mch	
"ɨreⁿda"@gug	<http://ids.clld.org/values/1-330-290-1>		<http://ids.clld.org/parameters/1-330>		<http://ids.clld.org/values/1-330-174-1>		"čūʔhə"@mch	
"(ai)ko"@gug	<http://ids.clld.org/values/4-740-290-3>		<http://ids.clld.org/parameters/4-740>		<http://ids.clld.org/values/4-740-174-1>		"wenɲə"@mch	
"oɣa-pe-ɣʷa"@gug	<http://ids.clld.org/values/2-820-290-1>		<http://ids.clld.org/parameters/2-820>		<http://ids.clld.org/values/2-820-174-1>		"himmə"@mch	
"ᵐboǰeheʔa"@gug	<http://ids.clld.org/values/5-490-290-3>		<http://ids.clld.org/parameters/5-490>		<http://ids.clld.org/values/5-490-174-1>		"-oima-dɨ"@mch	
"ᵐbota"@gug	<http://ids.clld.org/values/9-210-290-1>		<http://ids.clld.org/parameters/9-210>		<http://ids.clld.org/values/9-210-174-1>		"-aiʔhuka-dɨ"@mch	
"pateĩ"@gug	<http://ids.clld.org/values/13-101-290-1>		<http://ids.clld.org/parameters/13-101>		<http://ids.clld.org/values/13-101-174-1>		"amohadəʔto dēwə tōni"@mch	
"ᵐboʔe-'hara"@gug	<http://ids.clld.org/values/17-270-290-1>		<http://ids.clld.org/parameters/17-270>		<http://ids.clld.org/values/17-270-174-1>		"yowānomani"@mch	
"t-esãi"@gug	<http://ids.clld.org/values/4-830-290-3>		<http://ids.clld.org/parameters/4-830>		<http://ids.clld.org/values/4-830-174-1>		"tadəinɲe"@mch	
"a'ǰura"@gug	<http://ids.clld.org/values/6-450-290-1>		<http://ids.clld.org/parameters/6-450>		<http://ids.clld.org/values/6-450-174-1>		"wōʔmo"@mch	
"ita"@gug	<http://ids.clld.org/values/1-440-290-1>		<http://ids.clld.org/parameters/1-440>		<http://ids.clld.org/values/1-440-174-1>		"təʔhu"@mch	
"t-eᵐbe"@gug	<http://ids.clld.org/values/4-250-290-1>		<http://ids.clld.org/parameters/4-250>		<http://ids.clld.org/values/4-250-174-1>		"ə̄ʔhi"@mch	
"pɨʔa"@gug	<http://ids.clld.org/values/4-460-290-3>		<http://ids.clld.org/parameters/4-460>		<http://ids.clld.org/values/4-460-174-1>		"dudūnoi"@mch	
"ǰevɨ"@gug	<http://ids.clld.org/values/10-481-290-3>		<http://ids.clld.org/parameters/10-481>		<http://ids.clld.org/values/10-481-174-1>		"w-ennakā-nə"@mch	
"tua reiⁿdɨ"@gug	<http://ids.clld.org/values/2-522-290-1>		<http://ids.clld.org/parameters/2-522>		<http://ids.clld.org/values/2-522-174-1>		"waynɲeʔney"@mch	
"popo"@gug	<http://ids.clld.org/values/10-430-290-3>		<http://ids.clld.org/parameters/10-430>		<http://ids.clld.org/values/10-430-174-1>		"w-ahanɨn-nə"@mch	
"t-apɨ'kueri"@gug	<http://ids.clld.org/values/12-11-290-3>		<http://ids.clld.org/parameters/12-11>		<http://ids.clld.org/values/12-11-174-1>		"mənse"@mch	
"aᵑgirũ"@gug	<http://ids.clld.org/values/19-510-290-1>		<http://ids.clld.org/parameters/19-510>		<http://ids.clld.org/values/19-510-174-1>		"weičakōno"@mch	
"ᵐbɨ-ekovia"@gug	<http://ids.clld.org/values/11-830-290-1>		<http://ids.clld.org/parameters/11-830>		<http://ids.clld.org/values/11-830-174-1>		"wətəʔtihānə"@mch	
"ǰɨva"@gug	<http://ids.clld.org/values/4-310-290-1>		<http://ids.clld.org/parameters/4-310>		<http://ids.clld.org/values/4-310-174-1>		"aʔhə"@mch	
"ɨ-paʔũ"@gug	<http://ids.clld.org/values/1-250-290-1>		<http://ids.clld.org/parameters/1-250>		<http://ids.clld.org/values/1-250-174-1>		"dantadɨ"@mch	
"poɣʷasu"@gug	<http://ids.clld.org/values/12-630-290-1>		<http://ids.clld.org/parameters/12-630>		<http://ids.clld.org/values/12-630-174-1>		"hūšīhe"@mch	
"heka"@gug	<http://ids.clld.org/values/11-310-290-1>		<http://ids.clld.org/parameters/11-310>		<http://ids.clld.org/values/11-310-174-1>		"uhīyɨ"@mch	
"mɨaɲa"@gug	<http://ids.clld.org/values/10-670-290-1>		<http://ids.clld.org/parameters/10-670>		<http://ids.clld.org/values/10-670-174-1>		"-adima-dɨ"@mch	
"h-o'ʔɨsã"@gug	<http://ids.clld.org/values/15-860-290-3>		<http://ids.clld.org/parameters/15-860>		<http://ids.clld.org/values/15-860-174-1>		"kəmme"@mch	
"ɨvɨra-'mata"@gug	<http://ids.clld.org/values/1-420-290-3>		<http://ids.clld.org/parameters/1-420>		<http://ids.clld.org/values/1-420-174-1>		"dē"@mch	
"ɣʷari"@gug	<http://ids.clld.org/values/10-510-290-3>		<http://ids.clld.org/parameters/10-510>		<http://ids.clld.org/values/10-510-174-1>		"w-ə̄nehē-nə"@mch	
"tape"@gug	<http://ids.clld.org/values/10-720-290-1>		<http://ids.clld.org/parameters/10-720>		<http://ids.clld.org/values/10-720-174-1>		"ə̄ma"@mch	
"aɣʷĩ"@gug	<http://ids.clld.org/values/12-430-290-1>		<http://ids.clld.org/parameters/12-430>		<http://ids.clld.org/values/12-430-174-1>		"amoinče-ʔda"@mch	
"pɨapɨreheɣʷa"@gug	<http://ids.clld.org/values/6-740-290-1>		<http://ids.clld.org/parameters/6-740>		<http://ids.clld.org/values/6-740-174-1>		"ahəʔmɨy"@mch	
"ɲe-ᵐbɨ-asɨ"@gug	<http://ids.clld.org/values/16-320-290-1>		<http://ids.clld.org/parameters/16-320>		<http://ids.clld.org/values/16-320-174-1>		"wentumhe"@mch	
"mitã-kuɲa"@gug	<http://ids.clld.org/values/2-260-290-1>		<http://ids.clld.org/parameters/2-260>		<http://ids.clld.org/values/2-260-174-1>		"wodi-ʔčə"@mch	
"ɨvate"@gug	<http://ids.clld.org/values/12-310-290-1>		<http://ids.clld.org/parameters/12-310>		<http://ids.clld.org/values/12-310-174-1>		"kawə"@mch	
"ɲaⁿde-'ǰara"@gug	<http://ids.clld.org/values/22-120-290-1>		<http://ids.clld.org/parameters/22-120>		<http://ids.clld.org/values/22-120-174-1>		"wanādi"@mch	
"piⁿda"@gug	<http://ids.clld.org/values/20-520-290-1>		<http://ids.clld.org/parameters/20-520>		<http://ids.clld.org/values/20-520-174-1>		"anə̄tə"@mch	
"'mavapa"@gug	<http://ids.clld.org/values/17-680-290-1>		<http://ids.clld.org/parameters/17-680>		<http://ids.clld.org/values/17-680-174-1>		"ənə̄kɨ"@mch	
"kuatia"@gug	<http://ids.clld.org/values/18-560-290-1>		<http://ids.clld.org/parameters/18-560>		<http://ids.clld.org/values/18-560-174-1>		"[hahēda]"@mch	
"hovɨ"@gug	<http://ids.clld.org/values/15-680-290-1>		<http://ids.clld.org/parameters/15-680>		<http://ids.clld.org/values/15-680-174-1>		"šēne"@mch	
"t-ova"@gug	<http://ids.clld.org/values/4-204-290-1>		<http://ids.clld.org/parameters/4-204>		<http://ids.clld.org/values/4-204-174-1>		"heʔ-dɨ"@mch	
"ǰasɨ"@gug	<http://ids.clld.org/values/1-530-290-1>		<http://ids.clld.org/parameters/1-530>		<http://ids.clld.org/values/1-530-174-1>		"nūnə"@mch	
"ɣʷe-reko"@gug	<http://ids.clld.org/values/11-110-290-1>		<http://ids.clld.org/parameters/11-110>		<http://ids.clld.org/values/11-110-174-1>		"tɨweiye wənɲe"@mch	
"kiri-kiri"@gug	<http://ids.clld.org/values/3-585-290-3>		<http://ids.clld.org/parameters/3-585>		<http://ids.clld.org/values/3-585-174-1>		"hiyāna"@mch	
"takuareʔẽ"@gug	<http://ids.clld.org/values/8-941-290-1>		<http://ids.clld.org/parameters/8-941>		<http://ids.clld.org/values/8-941-174-1>		"əšīčādɨ"@mch	
"t-eᵐbe"@gug	<http://ids.clld.org/values/12-353-290-3>		<http://ids.clld.org/parameters/12-353>		<http://ids.clld.org/values/12-353-174-1>		"čəʔhiyu"@mch	
"ko'ãɣa"@gug	<http://ids.clld.org/values/14-180-290-3>		<http://ids.clld.org/parameters/14-180>		<http://ids.clld.org/values/14-180-174-1>		"edūwa"@mch	
"hovɨ"@gug	<http://ids.clld.org/values/15-670-290-1>		<http://ids.clld.org/parameters/15-670>		<http://ids.clld.org/values/15-670-174-1>		"šēne"@mch	
"ǰaheʔo"@gug	<http://ids.clld.org/values/16-370-290-1>		<http://ids.clld.org/parameters/16-370>		<http://ids.clld.org/values/16-370-174-1>		"w-amo-nə"@mch	
"kɨse"@gug	<http://ids.clld.org/values/5-380-290-1>		<http://ids.clld.org/parameters/5-380>		<http://ids.clld.org/values/5-380-174-1>		"kɨmɨʔkə"@mch	
"ɣʷɨra"@gug	<http://ids.clld.org/values/3-581-290-1>		<http://ids.clld.org/parameters/3-581>		<http://ids.clld.org/values/3-581-174-1>		"hawi"@mch	
"ǰu"@gug	<http://ids.clld.org/values/10-480-290-1>		<http://ids.clld.org/parameters/10-480>		<http://ids.clld.org/values/10-480-174-1>		"w-eʔ-nə"@mch	
"koʔẽrõ"@gug	<http://ids.clld.org/values/14-480-290-1>		<http://ids.clld.org/parameters/14-480>		<http://ids.clld.org/values/14-480-174-1>		"henamma"@mch	
"tupa"@gug	<http://ids.clld.org/values/3-580-290-3>		<http://ids.clld.org/parameters/3-580>		<http://ids.clld.org/values/3-580-174-1>		"danɲami"@mch	
"porã"@gug	<http://ids.clld.org/values/16-810-290-1>		<http://ids.clld.org/parameters/16-810>		<http://ids.clld.org/values/16-810-174-1>		"inɲatahe"@mch	
"kure"@gug	<http://ids.clld.org/values/3-350-290-1>		<http://ids.clld.org/parameters/3-350>		<http://ids.clld.org/values/3-350-174-1>		"[kūši]"@mch	
"ǰupi"@gug	<http://ids.clld.org/values/10-210-290-1>		<http://ids.clld.org/parameters/10-210>		<http://ids.clld.org/values/10-210-174-1>		"w-ənuʔnə"@mch	
"rɨɣʷasu"@gug	<http://ids.clld.org/values/3-540-290-1>		<http://ids.clld.org/parameters/3-540>		<http://ids.clld.org/values/3-540-174-1>		"kudaymādu"@mch	
"ᵐbo-ɨɣʷɨ"@gug	<http://ids.clld.org/values/10-330-290-3>		<http://ids.clld.org/parameters/10-330>		<http://ids.clld.org/values/10-330-174-1>		"yehuʔkwai"@mch	
"mano"@gug	<http://ids.clld.org/values/4-750-290-1>		<http://ids.clld.org/parameters/4-750>		<http://ids.clld.org/values/4-750-174-1>		"-əma-"@mch	
"h-aɨhu"@gug	<http://ids.clld.org/values/16-270-290-3>		<http://ids.clld.org/parameters/16-270>		<http://ids.clld.org/values/16-270-174-1>		"hyumma-dɨ"@mch	
"sã"@gug	<http://ids.clld.org/values/9-190-290-3>		<http://ids.clld.org/parameters/9-190>		<http://ids.clld.org/values/9-190-174-1>		"āʔto"@mch	
"pɨ"@gug	<http://ids.clld.org/values/12-610-290-3>		<http://ids.clld.org/parameters/12-610>		<http://ids.clld.org/values/12-610-174-1>		"taʔhuhūne"@mch	
"ɲorairõ"@gug	<http://ids.clld.org/values/20-130-290-1>		<http://ids.clld.org/parameters/20-130>		<http://ids.clld.org/values/20-130-174-1>		"wənə"@mch	
"t-eᵐbiʔu"@gug	<http://ids.clld.org/values/5-410-290-1>		<http://ids.clld.org/parameters/5-410>		<http://ids.clld.org/values/5-410-174-1>		"əwainši"@mch	
"ɲemoaraⁿdu"@gug	<http://ids.clld.org/values/17-240-290-1>		<http://ids.clld.org/parameters/17-240>		<http://ids.clld.org/values/17-240-174-1>		"-ōwanoma-"@mch	
"h-eǰa"@gug	<http://ids.clld.org/values/19-470-290-1>		<http://ids.clld.org/parameters/19-470>		<http://ids.clld.org/values/19-470-174-1>		"tɨdɨho-dɨ"@mch	
"mo-saiŋo"@gug	<http://ids.clld.org/values/9-341-290-1>		<http://ids.clld.org/parameters/9-341>		<http://ids.clld.org/values/9-341-174-1>		"-ewaʔtə-dɨ"@mch	
"ᵐbopara-ha"@gug	<http://ids.clld.org/values/9-880-290-1>		<http://ids.clld.org/parameters/9-880>		<http://ids.clld.org/values/9-880-174-1>		"wānai"@mch	
"[mesa]"@gug	<http://ids.clld.org/values/7-440-290-3>		<http://ids.clld.org/parameters/7-440>		<http://ids.clld.org/values/7-440-174-1>		"[mesa]i"@mch	
"ɨpe"@gug	<http://ids.clld.org/values/3-570-290-1>		<http://ids.clld.org/parameters/3-570>		<http://ids.clld.org/values/3-570-174-1>		"[hātu]"@mch	
"ɨɣasoǰaᵐbɨkɨ"@gug	<http://ids.clld.org/values/10-851-290-1>		<http://ids.clld.org/parameters/10-851>		<http://ids.clld.org/values/10-851-174-1>		"hēna"@mch	
"ɣʷasu"@gug	<http://ids.clld.org/values/3-750-290-1>		<http://ids.clld.org/parameters/3-750>		<http://ids.clld.org/values/3-750-174-1>		"kawādi"@mch	
"ɲeᵐbɨa'hɨi"@gug	<http://ids.clld.org/values/5-140-290-1>		<http://ids.clld.org/parameters/5-140>		<http://ids.clld.org/values/5-140-174-1>		"əmīhe"@mch	
"uperire"@gug	<http://ids.clld.org/values/12-10-290-1>		<http://ids.clld.org/parameters/12-10>		<http://ids.clld.org/values/12-10-174-1>		"yə̄ʔhəhe"@mch	
"peteĩ"@gug	<http://ids.clld.org/values/13-10-290-1>		<http://ids.clld.org/parameters/13-10>		<http://ids.clld.org/values/13-10-174-1>		"tōni"@mch	
"pira"@gug	<http://ids.clld.org/values/3-650-290-1>		<http://ids.clld.org/parameters/3-650>		<http://ids.clld.org/values/3-650-174-1>		"nākukwāno"@mch	
"ita-kua"@gug	<http://ids.clld.org/values/1-280-290-1>		<http://ids.clld.org/parameters/1-280>		<http://ids.clld.org/values/1-280-174-1>		"ewɨ̄tɨ"@mch	
"ɲeʔẽ"@gug	<http://ids.clld.org/values/18-240-290-1>		<http://ids.clld.org/parameters/18-240>		<http://ids.clld.org/values/18-240-174-1>		"āʔdewʔkwe"@mch	
"poʔi"@gug	<http://ids.clld.org/values/12-650-290-1>		<http://ids.clld.org/parameters/12-650>		<http://ids.clld.org/values/12-650-174-1>		"sāʔtahe"@mch	
"kaʔu"@gug	<http://ids.clld.org/values/4-980-290-1>		<http://ids.clld.org/parameters/4-980>		<http://ids.clld.org/values/4-980-174-1>		"-oʔdoʔhə"@mch	
"ho"@gug	<http://ids.clld.org/values/10-470-290-3>		<http://ids.clld.org/parameters/10-470>		<http://ids.clld.org/values/10-470-174-1>		"wɨʔtə̄-nə"@mch	
"t-ata-r-eⁿdɨ"@gug	<http://ids.clld.org/values/1-820-290-1>		<http://ids.clld.org/parameters/1-820>		<http://ids.clld.org/values/1-820-174-1>		"wāʔto"@mch	
"t-aɣʷe"@gug	<http://ids.clld.org/values/4-140-290-1>		<http://ids.clld.org/parameters/4-140>		<http://ids.clld.org/values/4-140-174-1>		"hū"@mch	
"kaneʔõ"@gug	<http://ids.clld.org/values/4-910-290-3>		<http://ids.clld.org/parameters/4-910>		<http://ids.clld.org/values/4-910-174-1>		"tɨkinča"@mch	
"ore"@gug	<http://ids.clld.org/values/2-942-290-1>		<http://ids.clld.org/parameters/2-942>		<http://ids.clld.org/values/2-942-174-1>		"nɲa"@mch	
"ᵐbopara"@gug	<http://ids.clld.org/values/9-890-290-1>		<http://ids.clld.org/parameters/9-890>		<http://ids.clld.org/values/9-890-174-1>		"wemānʔa"@mch	
"'koɣa-poʔo"@gug	<http://ids.clld.org/values/8-410-290-3>		<http://ids.clld.org/parameters/8-410>		<http://ids.clld.org/values/8-410-174-1>		"inɲatɨʔtə̄dɨ"@mch	
"ᵐberu"@gug	<http://ids.clld.org/values/3-830-290-1>		<http://ids.clld.org/parameters/3-830>		<http://ids.clld.org/values/3-830-174-1>		"wedēsede"@mch	
"t-e'ɲoi"@gug	<http://ids.clld.org/values/4-720-290-1>		<http://ids.clld.org/parameters/4-720>		<http://ids.clld.org/values/4-720-174-1>		"w-ennu-nə"@mch	
"mo-tiᵐbo"@gug	<http://ids.clld.org/values/8-690-290-3>		<http://ids.clld.org/parameters/8-690>		<http://ids.clld.org/values/8-690-174-1>		"-eima-"@mch	
"pɨʔa"@gug	<http://ids.clld.org/values/4-440-290-3>		<http://ids.clld.org/parameters/4-440>		<http://ids.clld.org/values/4-440-174-1>		"yēwanɨ"@mch	
"aⁿdai"@gug	<http://ids.clld.org/values/8-930-290-1>		<http://ids.clld.org/parameters/8-930>		<http://ids.clld.org/values/8-930-174-1>		"kankudu"@mch	
"'kai"@gug	<http://ids.clld.org/values/1-851-290-1>		<http://ids.clld.org/parameters/1-851>		<http://ids.clld.org/values/1-851-174-1>		"ukā-dɨ"@mch	
"t-eⁿdɨva"@gug	<http://ids.clld.org/values/4-142-290-1>		<http://ids.clld.org/parameters/4-142>		<http://ids.clld.org/values/4-142-174-1>		"ettəmuho"@mch	
"kuʔa"@gug	<http://ids.clld.org/values/4-460-290-1>		<http://ids.clld.org/parameters/4-460>		<http://ids.clld.org/values/4-460-174-1>		"dudūnoi"@mch	
"t-uɣʷa"@gug	<http://ids.clld.org/values/12-340-290-1>		<http://ids.clld.org/parameters/12-340>		<http://ids.clld.org/values/12-340-174-1>		"nwaʔkəi"@mch	
"pehenɣʷe"@gug	<http://ids.clld.org/values/2-440-290-3>		<http://ids.clld.org/parameters/2-440>		<http://ids.clld.org/values/2-440-174-1>		"-nuwā-dɨ"@mch	
"arete renoⁿdeɣʷa"@gug	<http://ids.clld.org/values/14-460-290-1>		<http://ids.clld.org/parameters/14-460>		<http://ids.clld.org/values/14-460-174-1>		"čomomɨdawə"@mch	
"t-aɣʷe"@gug	<http://ids.clld.org/values/4-393-290-1>		<http://ids.clld.org/parameters/4-393>		<http://ids.clld.org/values/4-393-174-1>		"iʔhōʔtɨ"@mch	
"vɨʔa"@gug	<http://ids.clld.org/values/16-230-290-3>		<http://ids.clld.org/parameters/16-230>		<http://ids.clld.org/values/16-230-174-1>		"takwanɲe"@mch	
"karaǰa"@gug	<http://ids.clld.org/values/3-760-290-3>		<http://ids.clld.org/parameters/3-760>		<http://ids.clld.org/values/3-760-174-1>		"yadākadu"@mch	
"ɨva"@gug	<http://ids.clld.org/values/5-710-290-3>		<http://ids.clld.org/parameters/5-710>		<http://ids.clld.org/values/5-710-174-1>		"čə̄hɨdɨ̄-hɨdɨ"@mch	
"r-oʔɨ"@gug	<http://ids.clld.org/values/15-860-290-1>		<http://ids.clld.org/parameters/15-860>		<http://ids.clld.org/values/15-860-174-1>		"kəmme"@mch	
"ǰatɨta"@gug	<http://ids.clld.org/values/3-940-290-1>		<http://ids.clld.org/parameters/3-940>		<http://ids.clld.org/values/3-940-174-1>		"memu"@mch	
"aǰu"@gug	<http://ids.clld.org/values/5-123-290-3>		<http://ids.clld.org/parameters/5-123>		<http://ids.clld.org/values/5-123-174-1>		"sēweyčato"@mch	
"suʔu"@gug	<http://ids.clld.org/values/4-580-290-1>		<http://ids.clld.org/parameters/4-580>		<http://ids.clld.org/values/4-580-174-1>		"ēkādɨ"@mch	
"rɨke"@gug	<http://ids.clld.org/values/2-454-290-1>		<http://ids.clld.org/parameters/2-454>		<http://ids.clld.org/values/2-454-174-1>		"yāya"@mch	
"t-aitɨ"@gug	<http://ids.clld.org/values/3-580-290-5>		<http://ids.clld.org/parameters/3-580>		<http://ids.clld.org/values/3-580-174-1>		"danɲami"@mch	
"ᵐboapakua"@gug	<http://ids.clld.org/values/10-140-290-1>		<http://ids.clld.org/parameters/10-140>		<http://ids.clld.org/values/10-140-174-1>		"weməīya"@mch	
"ɨvɨrapa"@gug	<http://ids.clld.org/values/20-240-290-1>		<http://ids.clld.org/parameters/20-240>		<http://ids.clld.org/values/20-240-174-1>		"šimāda ehɨ̄dɨ"@mch	
"oɣa-hoʔi"@gug	<http://ids.clld.org/values/7-510-290-1>		<http://ids.clld.org/parameters/7-510>		<http://ids.clld.org/values/7-510-174-1>		"aməʔhɨdɨ"@mch	
"raẽ"@gug	<http://ids.clld.org/values/12-40-290-3>		<http://ids.clld.org/parameters/12-40>		<http://ids.clld.org/values/12-40-174-1>		"owāho"@mch	
"raẽ"@gug	<http://ids.clld.org/values/12-40-290-3>		<http://ids.clld.org/parameters/12-40>		<http://ids.clld.org/values/12-40-174-3>		"awaʔde"@mch	
"hiʔaǰu"@gug	<http://ids.clld.org/values/5-123-290-1>		<http://ids.clld.org/parameters/5-123>		<http://ids.clld.org/values/5-123-174-1>		"sēweyčato"@mch	
"'ari"@gug	<http://ids.clld.org/values/12-80-290-3>		<http://ids.clld.org/parameters/12-80>		<http://ids.clld.org/values/12-80-174-1>		"kawə̄"@mch	
"taǰasu"@gug	<http://ids.clld.org/values/3-350-290-3>		<http://ids.clld.org/parameters/3-350>		<http://ids.clld.org/values/3-350-174-1>		"[kūši]"@mch	
"'kava"@gug	<http://ids.clld.org/values/3-823-290-1>		<http://ids.clld.org/parameters/3-823>		<http://ids.clld.org/values/3-823-174-1>		"sūnwa"@mch	
"'sɨ̃i"@gug	<http://ids.clld.org/values/15-770-290-1>		<http://ids.clld.org/parameters/15-770>		<http://ids.clld.org/values/15-770-174-1>		"tɨwansuʔde"@mch	
"ǰesareko"@gug	<http://ids.clld.org/values/17-130-290-5>		<http://ids.clld.org/parameters/17-130>		<http://ids.clld.org/values/17-130-174-1>		"tɨtahə-nə"@mch	
"[topa]"@gug	<http://ids.clld.org/values/11-320-290-3>		<http://ids.clld.org/parameters/11-320>		<http://ids.clld.org/values/11-320-174-1>		"edantə-dɨ"@mch	
"ɲemoⁿde"@gug	<http://ids.clld.org/values/6-110-290-1>		<http://ids.clld.org/parameters/6-110>		<http://ids.clld.org/values/6-110-174-1>		"wewontənə"@mch	
"če meᵐbɨ kuiᵐbaʔe"@gug	<http://ids.clld.org/values/2-430-290-1>		<http://ids.clld.org/parameters/2-430>		<http://ids.clld.org/values/2-430-174-1>		"nnedɨ"@mch	
"tesape"@gug	<http://ids.clld.org/values/1-610-290-1>		<http://ids.clld.org/parameters/1-610>		<http://ids.clld.org/values/1-610-174-1>		"šī"@mch	
"rɨɣʷasu-raʔɨ"@gug	<http://ids.clld.org/values/3-550-290-1>		<http://ids.clld.org/parameters/3-550>		<http://ids.clld.org/values/3-550-174-1>		"wamēdi"@mch	
"r-aɨhuʔɨ̃"@gug	<http://ids.clld.org/values/19-520-290-5>		<http://ids.clld.org/parameters/19-520>		<http://ids.clld.org/values/19-520-174-1>		"tuʔde"@mch	
"ɣʷe-ru"@gug	<http://ids.clld.org/values/10-620-290-1>		<http://ids.clld.org/parameters/10-620>		<http://ids.clld.org/values/10-620-174-1>		"-enehɨ"@mch	
"pakõi"@gug	<http://ids.clld.org/values/13-102-290-1>		<http://ids.clld.org/parameters/13-102>		<http://ids.clld.org/values/13-102-174-1>		"amohadəʔto dēwə āʔkə"@mch	
"kaʔi"@gug	<http://ids.clld.org/values/3-760-290-1>		<http://ids.clld.org/parameters/3-760>		<http://ids.clld.org/values/3-760-174-1>		"yadākadu"@mch	
"o'kara"@gug	<http://ids.clld.org/values/7-150-290-1>		<http://ids.clld.org/parameters/7-150>		<http://ids.clld.org/values/7-150-174-1>		"hɨdōdo"@mch	
"ǰerure"@gug	<http://ids.clld.org/values/18-350-290-1>		<http://ids.clld.org/parameters/18-350>		<http://ids.clld.org/values/18-350-174-1>		"eʔkatə-dɨ"@mch	
"sẽ"@gug	<http://ids.clld.org/values/10-474-290-1>		<http://ids.clld.org/parameters/10-474>		<http://ids.clld.org/values/10-474-174-1>		"w-ehaʔka-nə"@mch	
"ve'vui"@gug	<http://ids.clld.org/values/15-820-290-1>		<http://ids.clld.org/parameters/15-820>		<http://ids.clld.org/values/15-820-174-1>		"tawāhe"@mch	
"tiᵐbo"@gug	<http://ids.clld.org/values/1-830-290-3>		<http://ids.clld.org/parameters/1-830>		<http://ids.clld.org/values/1-830-174-1>		"widīnčə"@mch	
"ŋʷaiŋʷi"@gug	<http://ids.clld.org/values/2-471-290-3>		<http://ids.clld.org/parameters/2-471>		<http://ids.clld.org/values/2-471-174-1>		"noʔsamoʔkɨ"@mch	
"ɣʷahẽ"@gug	<http://ids.clld.org/values/10-550-290-3>		<http://ids.clld.org/parameters/10-550>		<http://ids.clld.org/values/10-550-174-1>		"w-əʔdɨ-nə"@mch	
"ɨpa"@gug	<http://ids.clld.org/values/1-330-290-3>		<http://ids.clld.org/parameters/1-330>		<http://ids.clld.org/values/1-330-174-1>		"čūʔhə"@mch	
"ã"@gug	<http://ids.clld.org/values/16-110-290-3>		<http://ids.clld.org/parameters/16-110>		<http://ids.clld.org/values/16-110-174-1>		"dōʔta"@mch	
"u'pei"@gug	<http://ids.clld.org/values/12-10-290-3>		<http://ids.clld.org/parameters/12-10>		<http://ids.clld.org/values/12-10-174-1>		"yə̄ʔhəhe"@mch	
"t-ɨe"@gug	<http://ids.clld.org/values/4-461-290-3>		<http://ids.clld.org/parameters/4-461>		<http://ids.clld.org/values/4-461-174-1>		"hyōtɨ"@mch	
"t-upiʔa"@gug	<http://ids.clld.org/values/5-970-290-1>		<http://ids.clld.org/parameters/5-970>		<http://ids.clld.org/values/5-970-174-1>		"iʔmoi"@mch	
"'mava"@gug	<http://ids.clld.org/values/17-670-290-1>		<http://ids.clld.org/parameters/17-670>		<http://ids.clld.org/values/17-670-174-1>		"əišə̄no"@mch	
"ǰuka"@gug	<http://ids.clld.org/values/4-760-290-1>		<http://ids.clld.org/parameters/4-760>		<http://ids.clld.org/values/4-760-174-1>		"aminɲaʔkadɨ"@mch	
"ǰetɨ"@gug	<http://ids.clld.org/values/5-700-290-1>		<http://ids.clld.org/parameters/5-700>		<http://ids.clld.org/values/5-700-174-1>		"šāku"@mch	
"taɣʷato"@gug	<http://ids.clld.org/values/3-585-290-1>		<http://ids.clld.org/parameters/3-585>		<http://ids.clld.org/values/3-585-174-1>		"hiyāna"@mch	
"ǰevɨ"@gug	<http://ids.clld.org/values/14-350-290-1>		<http://ids.clld.org/parameters/14-350>		<http://ids.clld.org/values/14-350-174-1>		"dea"@mch	
"reko"@gug	<http://ids.clld.org/values/11-110-290-3>		<http://ids.clld.org/parameters/11-110>		<http://ids.clld.org/values/11-110-174-1>		"tɨweiye wənɲe"@mch	
"atiʔɨ"@gug	<http://ids.clld.org/values/4-300-290-1>		<http://ids.clld.org/parameters/4-300>		<http://ids.clld.org/values/4-300-174-1>		"nkawə"@mch	
"kariaʔɨ"@gug	<http://ids.clld.org/values/2-251-290-3>		<http://ids.clld.org/parameters/2-251>		<http://ids.clld.org/values/2-251-174-1>		"mudēši"@mch	
"pɨapẽ"@gug	<http://ids.clld.org/values/4-344-290-1>		<http://ids.clld.org/parameters/4-344>		<http://ids.clld.org/values/4-344-174-1>		"əmmi"@mch	
"pɨaha"@gug	<http://ids.clld.org/values/9-750-290-1>		<http://ids.clld.org/parameters/9-750>		<http://ids.clld.org/values/9-750-174-1>		"aʔtoʔtotoʔho"@mch	
"če rɨke"@gug	<http://ids.clld.org/values/2-445-290-3>		<http://ids.clld.org/parameters/2-445>		<http://ids.clld.org/values/2-445-174-1>		"šīʔčɨ"@mch	
"ɲeʔã ve'vui"@gug	<http://ids.clld.org/values/4-441-290-1>		<http://ids.clld.org/parameters/4-441>		<http://ids.clld.org/values/4-441-174-1>		"ʔtaway-dɨ"@mch	
"h-eča-uka"@gug	<http://ids.clld.org/values/15-550-290-1>		<http://ids.clld.org/parameters/15-550>		<http://ids.clld.org/values/15-550-174-1>		"eneho-dɨ"@mch	
"itɨ"@gug	<http://ids.clld.org/values/9-221-290-3>		<http://ids.clld.org/parameters/9-221>		<http://ids.clld.org/values/9-221-174-1>		"čūhiya-dɨ"@mch	
"itɨ"@gug	<http://ids.clld.org/values/9-221-290-3>		<http://ids.clld.org/parameters/9-221>		<http://ids.clld.org/values/9-221-174-3>		"yaʔka-dɨ"@mch	
"ǰu-ǰeɨ"@gug	<http://ids.clld.org/values/10-481-290-1>		<http://ids.clld.org/parameters/10-481>		<http://ids.clld.org/values/10-481-174-1>		"w-ennakā-nə"@mch	
"porã"@gug	<http://ids.clld.org/values/16-710-290-3>		<http://ids.clld.org/parameters/16-710>		<http://ids.clld.org/values/16-710-174-1>		"ašiča"@mch	
"ǰaʔeʔɨ̃"@gug	<http://ids.clld.org/values/19-520-290-3>		<http://ids.clld.org/parameters/19-520>		<http://ids.clld.org/values/19-520-174-1>		"tuʔde"@mch	
"ᵐboʔɨ"@gug	<http://ids.clld.org/values/6-760-290-5>		<http://ids.clld.org/parameters/6-760>		<http://ids.clld.org/values/6-760-174-1>		"mayūdu"@mch	
"a'ǰura"@gug	<http://ids.clld.org/values/4-280-290-1>		<http://ids.clld.org/parameters/4-280>		<http://ids.clld.org/values/4-280-174-1>		"hɨ̄mɨ"@mch	
"kɨʔɨ̃i"@gug	<http://ids.clld.org/values/5-821-290-1>		<http://ids.clld.org/parameters/5-821>		<http://ids.clld.org/values/5-821-174-1>		"homi"@mch	
"pɨaho"@gug	<http://ids.clld.org/values/16-620-290-3>		<http://ids.clld.org/parameters/16-620>		<http://ids.clld.org/values/16-620-174-1>		"hyumma-dɨ"@mch	
"ᵐbɨte"@gug	<http://ids.clld.org/values/12-370-290-1>		<http://ids.clld.org/parameters/12-370>		<http://ids.clld.org/values/12-370-174-1>		"annai"@mch	
"r-aǰɨ-me"@gug	<http://ids.clld.org/values/2-630-290-3>		<http://ids.clld.org/parameters/2-630>		<http://ids.clld.org/values/2-630-174-1>		"-hannɨ-dɨ"@mch	
"haʔe-'kuera"@gug	<http://ids.clld.org/values/2-960-290-1>		<http://ids.clld.org/parameters/2-960>		<http://ids.clld.org/values/2-960-174-1>		"tɨnwano"@mch	
"kuiᵐbaʔe"@gug	<http://ids.clld.org/values/2-230-290-1>		<http://ids.clld.org/parameters/2-230>		<http://ids.clld.org/values/2-230-174-1>		"danwa"@mch	
"ǰapɨhɨ"@gug	<http://ids.clld.org/values/11-130-290-1>		<http://ids.clld.org/parameters/11-130>		<http://ids.clld.org/values/11-130-174-1>		"w-emhan-nə"@mch	
"aɣʷaraʔi"@gug	<http://ids.clld.org/values/3-740-290-3>		<http://ids.clld.org/parameters/3-740>		<http://ids.clld.org/values/3-740-174-1>		"awadudi"@mch	
"(a)ike"@gug	<http://ids.clld.org/values/10-570-290-1>		<http://ids.clld.org/parameters/10-570>		<http://ids.clld.org/values/10-570-174-1>		"w-omon-nə"@mch	
"raha"@gug	<http://ids.clld.org/values/10-610-290-1>		<http://ids.clld.org/parameters/10-610>		<http://ids.clld.org/values/10-610-174-1>		"-adə̄-"@mch	
"miᵐbuku"@gug	<http://ids.clld.org/values/20-260-290-3>		<http://ids.clld.org/parameters/20-260>		<http://ids.clld.org/values/20-260-174-1>		"sukuhi"@mch	
"ɲani"@gug	<http://ids.clld.org/values/10-460-290-1>		<http://ids.clld.org/parameters/10-460>		<http://ids.clld.org/values/10-460-174-1>		"w-ekaʔtɨn-nə"@mch	
"ai"@gug	<http://ids.clld.org/values/6-760-290-3>		<http://ids.clld.org/parameters/6-760>		<http://ids.clld.org/values/6-760-174-1>		"mayūdu"@mch	
"čaʔĩ"@gug	<http://ids.clld.org/values/15-890-290-1>		<http://ids.clld.org/parameters/15-890>		<http://ids.clld.org/values/15-890-174-1>		"deyude"@mch	
"peheŋʷe raǰɨ"@gug	<http://ids.clld.org/values/2-540-290-1>		<http://ids.clld.org/parameters/2-540>		<http://ids.clld.org/values/2-540-174-1>		"hāse"@mch	
"sɨʔɨkɨ"@gug	<http://ids.clld.org/values/2-520-290-1>		<http://ids.clld.org/parameters/2-520>		<http://ids.clld.org/values/2-520-174-1>		"waynɲeʔney"@mch	
"mitã-kuɲaʔi"@gug	<http://ids.clld.org/values/2-260-290-3>		<http://ids.clld.org/parameters/2-260>		<http://ids.clld.org/values/2-260-174-1>		"wodi-ʔčə"@mch	
"poʔi"@gug	<http://ids.clld.org/values/12-620-290-3>		<http://ids.clld.org/parameters/12-620>		<http://ids.clld.org/values/12-620-174-3>		"anwakɨme"@mch	
"poʔi"@gug	<http://ids.clld.org/values/12-620-290-3>		<http://ids.clld.org/parameters/12-620>		<http://ids.clld.org/values/12-620-174-1>		"danwadɨ"@mch	
"moĩ"@gug	<http://ids.clld.org/values/12-120-290-1>		<http://ids.clld.org/parameters/12-120>		<http://ids.clld.org/values/12-120-174-1>		"enɨ̄ta"@mch	
"moĩ"@gug	<http://ids.clld.org/values/12-120-290-1>		<http://ids.clld.org/parameters/12-120>		<http://ids.clld.org/values/12-120-174-3>		"-ehuʔta-"@mch	
"irũ"@gug	<http://ids.clld.org/values/19-510-290-3>		<http://ids.clld.org/parameters/19-510>		<http://ids.clld.org/values/19-510-174-1>		"weičakōno"@mch	
"t-aʔɨ̃i"@gug	<http://ids.clld.org/values/8-311-290-1>		<http://ids.clld.org/parameters/8-311>		<http://ids.clld.org/values/8-311-174-1>		"čə̄huʔhə"@mch	
"ɣʷɨrapa"@gug	<http://ids.clld.org/values/20-240-290-3>		<http://ids.clld.org/parameters/20-240>		<http://ids.clld.org/values/20-240-174-1>		"šimāda ehɨ̄dɨ"@mch	
"tɨke'ʔɨra"@gug	<http://ids.clld.org/values/2-440-290-1>		<http://ids.clld.org/parameters/2-440>		<http://ids.clld.org/values/2-440-174-1>		"-nuwā-dɨ"@mch	
"kaʔa-ɣʷɨ"@gug	<http://ids.clld.org/values/1-410-290-1>		<http://ids.clld.org/parameters/1-410>		<http://ids.clld.org/values/1-410-174-1>		"čūta"@mch	
"ᵐboʔ-ɨvɨ-kua"@gug	<http://ids.clld.org/values/8-220-290-3>		<http://ids.clld.org/parameters/8-220>		<http://ids.clld.org/values/8-220-174-1>		"tɨʔkādɨ"@mch	
"sapu'kai"@gug	<http://ids.clld.org/values/18-130-290-1>		<http://ids.clld.org/parameters/18-130>		<http://ids.clld.org/values/18-130-174-1>		"kəʔtɨn-nə"@mch	
"ɨvɨ-'pora"@gug	<http://ids.clld.org/values/19-210-290-1>		<http://ids.clld.org/parameters/19-210>		<http://ids.clld.org/values/19-210-174-1>		"weiʔčɨ"@mch	
"'r-era"@gug	<http://ids.clld.org/values/18-420-290-3>		<http://ids.clld.org/parameters/18-420>		<http://ids.clld.org/values/18-420-174-1>		"tə̄tɨ"@mch	
"[leõ]"@gug	<http://ids.clld.org/values/3-720-290-3>		<http://ids.clld.org/parameters/3-720>		<http://ids.clld.org/values/3-720-174-1>		"kawadīmə"@mch	
"haiᵐbe"@gug	<http://ids.clld.org/values/15-780-290-1>		<http://ids.clld.org/parameters/15-780>		<http://ids.clld.org/values/15-780-174-1>		"ākə̄tədɨ"@mch	
"ɣʷerova"@gug	<http://ids.clld.org/values/12-930-290-3>		<http://ids.clld.org/parameters/12-930>		<http://ids.clld.org/values/12-930-174-1>		"w-ekamhiaka-nə"@mch	
"ahẽ"@gug	<http://ids.clld.org/values/22-350-290-3>		<http://ids.clld.org/parameters/22-350>		<http://ids.clld.org/values/22-350-174-1>		"kahūšawa"@mch	
"ᵐba'e"@gug	<http://ids.clld.org/values/17-670-290-3>		<http://ids.clld.org/parameters/17-670>		<http://ids.clld.org/values/17-670-174-1>		"əišə̄no"@mch	
"kuɲa"@gug	<http://ids.clld.org/values/2-240-290-1>		<http://ids.clld.org/parameters/2-240>		<http://ids.clld.org/values/2-240-174-1>		"wodi"@mch	
"kaŋɨ"@gug	<http://ids.clld.org/values/4-820-290-1>		<http://ids.clld.org/parameters/4-820>		<http://ids.clld.org/values/4-820-174-1>		"āʔkedēto"@mch	
"a'koiⁿte"@gug	<http://ids.clld.org/values/14-310-290-1>		<http://ids.clld.org/parameters/14-310>		<http://ids.clld.org/values/14-310-174-1>		"wenēne"@mch	
"ɲaɲa"@gug	<http://ids.clld.org/values/16-720-290-1>		<http://ids.clld.org/parameters/16-720>		<http://ids.clld.org/values/16-720-174-1>		"kənemhɨnɨ"@mch	
"ɲapɨtĩ"@gug	<http://ids.clld.org/values/9-160-290-3>		<http://ids.clld.org/parameters/9-160>		<http://ids.clld.org/values/9-160-174-1>		"imɨdɨ"@mch	
"peheŋʷe raʔɨ"@gug	<http://ids.clld.org/values/2-530-290-1>		<http://ids.clld.org/parameters/2-530>		<http://ids.clld.org/values/2-530-174-1>		"honɨ"@mch	
"peheŋʷe raʔɨ"@gug	<http://ids.clld.org/values/2-530-290-1>		<http://ids.clld.org/parameters/2-530>		<http://ids.clld.org/values/2-530-174-3>		"honɨ-kə"@mch	
"r-eᵐbeʔɨ"@gug	<http://ids.clld.org/values/12-353-290-1>		<http://ids.clld.org/parameters/12-353>		<http://ids.clld.org/values/12-353-174-1>		"čəʔhiyu"@mch	
"'ᵐboi"@gug	<http://ids.clld.org/values/3-850-290-1>		<http://ids.clld.org/parameters/3-850>		<http://ids.clld.org/values/3-850-174-1>		"əkə̄yu"@mch	
"ru"@gug	<http://ids.clld.org/values/10-620-290-3>		<http://ids.clld.org/parameters/10-620>		<http://ids.clld.org/values/10-620-174-1>		"-enehɨ"@mch	
"mičĩ"@gug	<http://ids.clld.org/values/13-170-290-3>		<http://ids.clld.org/parameters/13-170>		<http://ids.clld.org/values/13-170-174-1>		"ākəʔkə"@mch	
"mičĩ"@gug	<http://ids.clld.org/values/12-560-290-1>		<http://ids.clld.org/parameters/12-560>		<http://ids.clld.org/values/12-560-174-1>		"šeʔkə"@mch	
"ᵐbɨǰa"@gug	<http://ids.clld.org/values/1-540-290-1>		<http://ids.clld.org/parameters/1-540>		<http://ids.clld.org/values/1-540-174-1>		"šidīčə"@mch	
"ɨvɨ"@gug	<http://ids.clld.org/values/1-212-290-1>		<http://ids.clld.org/parameters/1-212>		<http://ids.clld.org/values/1-212-174-1>		"nono"@mch	
"ve'vui"@gug	<http://ids.clld.org/values/10-340-290-1>		<http://ids.clld.org/parameters/10-340>		<http://ids.clld.org/values/10-340-174-1>		"tɨtāwaʔta"@mch	
"tuku"@gug	<http://ids.clld.org/values/3-930-290-1>		<http://ids.clld.org/parameters/3-930>		<http://ids.clld.org/values/3-930-174-1>		"kɨdatay"@mch	
"t-ata-iⁿdɨ"@gug	<http://ids.clld.org/values/7-450-290-3>		<http://ids.clld.org/parameters/7-450>		<http://ids.clld.org/values/7-450-174-1>		"adāwa"@mch	
"ᵐbaʔapo"@gug	<http://ids.clld.org/values/9-120-290-1>		<http://ids.clld.org/parameters/9-120>		<http://ids.clld.org/values/9-120-174-1>		"tadawāhu"@mch	
"iruⁿdɨ"@gug	<http://ids.clld.org/values/13-40-290-1>		<http://ids.clld.org/parameters/13-40>		<http://ids.clld.org/values/13-40-174-1>		"āʔkəiʔčea"@mch	
"moɲa"@gug	<http://ids.clld.org/values/10-530-290-1>		<http://ids.clld.org/parameters/10-530>		<http://ids.clld.org/values/10-530-174-1>		"-aheʔka-dɨ"@mch	
"ǰeɨ"@gug	<http://ids.clld.org/values/14-350-290-3>		<http://ids.clld.org/parameters/14-350>		<http://ids.clld.org/values/14-350-174-1>		"dea"@mch	
"ǰapo"@gug	<http://ids.clld.org/values/9-110-290-1>		<http://ids.clld.org/parameters/9-110>		<http://ids.clld.org/values/9-110-174-1>		"tɨdɨ̄dɨ"@mch	
"pɨtu"@gug	<http://ids.clld.org/values/16-110-290-5>		<http://ids.clld.org/parameters/16-110>		<http://ids.clld.org/values/16-110-174-1>		"dōʔta"@mch	
"haiŋa"@gug	<http://ids.clld.org/values/15-790-290-3>		<http://ids.clld.org/parameters/15-790>		<http://ids.clld.org/values/15-790-174-1>		"tuhuʔhūdato"@mch	
"t-ape"@gug	<http://ids.clld.org/values/10-710-290-1>		<http://ids.clld.org/parameters/10-710>		<http://ids.clld.org/values/10-710-174-1>		"ə̄ma"@mch	
"peheŋʷe meᵐbɨ"@gug	<http://ids.clld.org/values/2-540-290-3>		<http://ids.clld.org/parameters/2-540>		<http://ids.clld.org/values/2-540-174-1>		"hāse"@mch	
"ɲemitɨ̃"@gug	<http://ids.clld.org/values/8-531-290-1>		<http://ids.clld.org/parameters/8-531>		<http://ids.clld.org/values/8-531-174-1>		"aiʔčɨdɨ"@mch	
"ava"@gug	<http://ids.clld.org/values/2-210-290-1>		<http://ids.clld.org/parameters/2-210>		<http://ids.clld.org/values/2-210-174-1>		"danwa"@mch	
"akãŋeta"@gug	<http://ids.clld.org/values/17-130-290-1>		<http://ids.clld.org/parameters/17-130>		<http://ids.clld.org/values/17-130-174-1>		"tɨtahə-nə"@mch	
"penarã"@gug	<http://ids.clld.org/values/4-360-290-1>		<http://ids.clld.org/parameters/4-360>		<http://ids.clld.org/values/4-360-174-1>		"ə̄ʔmu"@mch	
"ǰuhu"@gug	<http://ids.clld.org/values/19-650-290-1>		<http://ids.clld.org/parameters/19-650>		<http://ids.clld.org/values/19-650-174-1>		"edantə-dɨ"@mch	
"ǰapu"@gug	<http://ids.clld.org/values/16-670-290-1>		<http://ids.clld.org/parameters/16-670>		<http://ids.clld.org/values/16-670-174-1>		"-enkutə-"@mch	
"kaʔa'ru-ma"@gug	<http://ids.clld.org/values/14-460-290-3>		<http://ids.clld.org/parameters/14-460>		<http://ids.clld.org/values/14-460-174-1>		"čomomɨdawə"@mch	
"kuru"@gug	<http://ids.clld.org/values/6-760-290-1>		<http://ids.clld.org/parameters/6-760>		<http://ids.clld.org/values/6-760-174-1>		"mayūdu"@mch	
"ɣʷapɨ"@gug	<http://ids.clld.org/values/12-130-290-1>		<http://ids.clld.org/parameters/12-130>		<http://ids.clld.org/values/12-130-174-1>		"w-atahhimā-nə"@mch	
"ᵐbokapu"@gug	<http://ids.clld.org/values/20-620-290-5>		<http://ids.clld.org/parameters/20-620>		<http://ids.clld.org/values/20-620-174-1>		"t-ɨwə̄-dɨ"@mch	
"mitã-kuiᵐbaʔe"@gug	<http://ids.clld.org/values/2-250-290-1>		<http://ids.clld.org/parameters/2-250>		<http://ids.clld.org/values/2-250-174-1>		"mudekə̄kə"@mch	
"me'ⁿduva"@gug	<http://ids.clld.org/values/2-610-290-1>		<http://ids.clld.org/parameters/2-610>		<http://ids.clld.org/values/2-610-174-1>		"wōdɨ̄mə"@mch	
"ɨvotɨ-tɨ"@gug	<http://ids.clld.org/values/8-130-290-1>		<http://ids.clld.org/parameters/8-130>		<http://ids.clld.org/values/8-130-174-1>		"awdwāhə"@mch	
"tuiča"@gug	<http://ids.clld.org/values/12-550-290-1>		<http://ids.clld.org/parameters/12-550>		<http://ids.clld.org/values/12-550-174-1>		"nuwe"@mch	
"huʔɨ"@gug	<http://ids.clld.org/values/20-260-290-1>		<http://ids.clld.org/parameters/20-260>		<http://ids.clld.org/values/20-260-174-1>		"sukuhi"@mch	
"ǰukɨ"@gug	<http://ids.clld.org/values/5-810-290-1>		<http://ids.clld.org/parameters/5-810>		<http://ids.clld.org/values/5-810-174-1>		"[sayu]"@mch	
"ǰoɣʷa"@gug	<http://ids.clld.org/values/11-810-290-1>		<http://ids.clld.org/parameters/11-810>		<http://ids.clld.org/values/11-810-174-1>		"ehēma-dɨ"@mch	
"peǰuha"@gug	<http://ids.clld.org/values/9-790-290-1>		<http://ids.clld.org/parameters/9-790>		<http://ids.clld.org/values/9-790-174-1>		"wadi-wadi"@mch	
"mosã"@gug	<http://ids.clld.org/values/9-160-290-1>		<http://ids.clld.org/parameters/9-160>		<http://ids.clld.org/values/9-160-174-1>		"imɨdɨ"@mch	
"ǰeka"@gug	<http://ids.clld.org/values/9-280-290-1>		<http://ids.clld.org/parameters/9-280>		<http://ids.clld.org/values/9-280-174-1>		"-iši-"@mch	
"ǰapɨhɨ"@gug	<http://ids.clld.org/values/11-140-290-3>		<http://ids.clld.org/parameters/11-140>		<http://ids.clld.org/values/11-140-174-1>		"-ahəi-"@mch	
"takuara"@gug	<http://ids.clld.org/values/8-940-290-1>		<http://ids.clld.org/parameters/8-940>		<http://ids.clld.org/values/8-940-174-1>		"dahu"@mch	
"meᵐbɨ-kuiᵐbaʔe"@gug	<http://ids.clld.org/values/2-410-290-1>		<http://ids.clld.org/parameters/2-410>		<http://ids.clld.org/values/2-410-174-1>		"nnedɨ"@mch	
"kuarahɨ"@gug	<http://ids.clld.org/values/1-520-290-1>		<http://ids.clld.org/parameters/1-520>		<http://ids.clld.org/values/1-520-174-1>		"šī"@mch	
"ǰɨakãᵑga"@gug	<http://ids.clld.org/values/9-250-290-1>		<http://ids.clld.org/parameters/9-250>		<http://ids.clld.org/values/9-250-174-1>		"wɨ̄wɨ"@mch	
"pɨsapẽ"@gug	<http://ids.clld.org/values/4-345-290-3>		<http://ids.clld.org/parameters/4-345>		<http://ids.clld.org/values/4-345-174-1>		"əmmi"@mch	
"kɨ"@gug	<http://ids.clld.org/values/3-811-290-1>		<http://ids.clld.org/parameters/3-811>		<http://ids.clld.org/values/3-811-174-1>		"dāmə"@mch	
"apɨᵑgʷa"@gug	<http://ids.clld.org/values/4-230-290-3>		<http://ids.clld.org/parameters/4-230>		<http://ids.clld.org/values/4-230-174-1>		"ənna"@mch	
"petɨ-motĩᵐbo"@gug	<http://ids.clld.org/values/8-690-290-1>		<http://ids.clld.org/parameters/8-690>		<http://ids.clld.org/values/8-690-174-1>		"-eima-"@mch	
"'oɣa"@gug	<http://ids.clld.org/values/7-120-290-1>		<http://ids.clld.org/parameters/7-120>		<http://ids.clld.org/values/7-120-174-1>		"mmā"@mch	
"pɨ"@gug	<http://ids.clld.org/values/4-370-290-1>		<http://ids.clld.org/parameters/4-370>		<http://ids.clld.org/values/4-370-174-1>		"hūdu"@mch	
"iniᵐbo"@gug	<http://ids.clld.org/values/6-380-290-1>		<http://ids.clld.org/parameters/6-380>		<http://ids.clld.org/values/6-380-174-1>		"hakūdimɨʔtɨ"@mch	
"ikarẽva"@gug	<http://ids.clld.org/values/4-940-290-1>		<http://ids.clld.org/parameters/4-940>		<http://ids.clld.org/values/4-940-174-1>		"sekumhe"@mch	
"rovia"@gug	<http://ids.clld.org/values/17-150-290-1>		<http://ids.clld.org/parameters/17-150>		<http://ids.clld.org/values/17-150-174-1>		"-ekanɨhɨ-dɨ"@mch	
"ta'ǰɨra 'mena"@gug	<http://ids.clld.org/values/2-630-290-1>		<http://ids.clld.org/parameters/2-630>		<http://ids.clld.org/values/2-630-174-1>		"-hannɨ-dɨ"@mch	
"ruru"@gug	<http://ids.clld.org/values/4-853-290-5>		<http://ids.clld.org/parameters/4-853>		<http://ids.clld.org/values/4-853-174-1>		"awonɲəʔkādɨ"@mch	
"ɲaⁿde"@gug	<http://ids.clld.org/values/2-941-290-1>		<http://ids.clld.org/parameters/2-941>		<http://ids.clld.org/values/2-941-174-1>		"kɨwɨ"@mch	
"piã"@gug	<http://ids.clld.org/values/10-510-290-5>		<http://ids.clld.org/parameters/10-510>		<http://ids.clld.org/values/10-510-174-1>		"w-ə̄nehē-nə"@mch	
"pota"@gug	<http://ids.clld.org/values/16-270-290-1>		<http://ids.clld.org/parameters/16-270>		<http://ids.clld.org/values/16-270-174-1>		"hyumma-dɨ"@mch	
"aɲa"@gug	<http://ids.clld.org/values/22-350-290-1>		<http://ids.clld.org/parameters/22-350>		<http://ids.clld.org/values/22-350-174-1>		"kahūšawa"@mch	
"vareʔa"@gug	<http://ids.clld.org/values/5-140-290-3>		<http://ids.clld.org/parameters/5-140>		<http://ids.clld.org/values/5-140-174-1>		"əmīhe"@mch	
"če"@gug	<http://ids.clld.org/values/2-910-290-1>		<http://ids.clld.org/parameters/2-910>		<http://ids.clld.org/values/2-910-174-1>		"ɨwɨ"@mch	
"pohano"@gug	<http://ids.clld.org/values/4-860-290-3>		<http://ids.clld.org/parameters/4-860>		<http://ids.clld.org/values/4-860-174-1>		"adonkadɨ"@mch	
"ǰɨva-ᵑga"@gug	<http://ids.clld.org/values/4-320-290-1>		<http://ids.clld.org/parameters/4-320>		<http://ids.clld.org/values/4-320-174-1>		"ə̄ʔmu"@mch	
"ɨ'vɨ-pe"@gug	<http://ids.clld.org/values/12-30-290-1>		<http://ids.clld.org/parameters/12-30>		<http://ids.clld.org/values/12-30-174-1>		"doʔnə"@mch	
"t-uʔã"@gug	<http://ids.clld.org/values/12-330-290-3>		<http://ids.clld.org/parameters/12-330>		<http://ids.clld.org/values/12-330-174-1>		"akoiʔčaʔhɨdɨ"@mch	
"pura'hei"@gug	<http://ids.clld.org/values/18-120-290-1>		<http://ids.clld.org/parameters/18-120>		<http://ids.clld.org/values/18-120-174-1>		"we[kantā]ʔɲənə"@mch	
"okẽ"@gug	<http://ids.clld.org/values/7-220-290-1>		<http://ids.clld.org/parameters/7-220>		<http://ids.clld.org/values/7-220-174-1>		"mɨnātata"@mch	
"t-eᵐbeʔɨ"@gug	<http://ids.clld.org/values/12-353-290-5>		<http://ids.clld.org/parameters/12-353>		<http://ids.clld.org/values/12-353-174-1>		"čəʔhiyu"@mch	
"moᵐbeʔu"@gug	<http://ids.clld.org/values/18-221-290-3>		<http://ids.clld.org/parameters/18-221>		<http://ids.clld.org/values/18-221-174-1>		"mēʔkuʔtə̄dɨ"@mch	
"pokõi"@gug	<http://ids.clld.org/values/13-70-290-1>		<http://ids.clld.org/parameters/13-70>		<http://ids.clld.org/values/13-70-174-1>		"āʔkə amohaʔto"@mch	
"roʔɨ"@gug	<http://ids.clld.org/values/14-730-290-3>		<http://ids.clld.org/parameters/14-730>		<http://ids.clld.org/values/14-730-174-1>		"wedɨ"@mch	
"huʔɨ"@gug	<http://ids.clld.org/values/20-250-290-1>		<http://ids.clld.org/parameters/20-250>		<http://ids.clld.org/values/20-250-174-1>		"šimāda"@mch	
"ɨ'pɨ-pe"@gug	<http://ids.clld.org/values/12-20-290-3>		<http://ids.clld.org/parameters/12-20>		<http://ids.clld.org/values/12-20-174-1>		"dɨʔtə"@mch	
"ǰeka"@gug	<http://ids.clld.org/values/9-260-290-1>		<http://ids.clld.org/parameters/9-260>		<http://ids.clld.org/values/9-260-174-1>		"-išiča-dɨ"@mch	
"kãᵑɣʷe"@gug	<http://ids.clld.org/values/4-160-290-1>		<http://ids.clld.org/parameters/4-160>		<http://ids.clld.org/values/4-160-174-1>		"yēʔhə"@mch	
"pẽ"@gug	<http://ids.clld.org/values/9-260-290-5>		<http://ids.clld.org/parameters/9-260>		<http://ids.clld.org/values/9-260-174-1>		"-išiča-dɨ"@mch	
"ᵐbo-kača"@gug	<http://ids.clld.org/values/5-490-290-1>		<http://ids.clld.org/parameters/5-490>		<http://ids.clld.org/values/5-490-174-1>		"-oima-dɨ"@mch	
"sɨ"@gug	<http://ids.clld.org/values/2-360-290-1>		<http://ids.clld.org/parameters/2-360>		<http://ids.clld.org/values/2-360-174-1>		"denɨ"@mch	
"ɨɣa ɣʷahẽha"@gug	<http://ids.clld.org/values/10-910-290-1>		<http://ids.clld.org/parameters/10-910>		<http://ids.clld.org/values/10-910-174-1>		"wəʔtə"@mch	
"ᵐbo-vo"@gug	<http://ids.clld.org/values/12-232-290-3>		<http://ids.clld.org/parameters/12-232>		<http://ids.clld.org/values/12-232-174-1>		"yātohətɨdɨ"@mch	
"ɨvɨrape"@gug	<http://ids.clld.org/values/7-570-290-1>		<http://ids.clld.org/parameters/7-570>		<http://ids.clld.org/values/7-570-174-1>		"[tadwa]"@mch	
"ɨvɨ-tɨ"@gug	<http://ids.clld.org/values/1-220-290-1>		<http://ids.clld.org/parameters/1-220>		<http://ids.clld.org/values/1-220-174-1>		"hɨ̄"@mch	
"po-apɨ"@gug	<http://ids.clld.org/values/13-80-290-1>		<http://ids.clld.org/parameters/13-80>		<http://ids.clld.org/values/13-80-174-1>		"aduwawə amohaʔto"@mch	
"t-ɨᵐba-api"@gug	<http://ids.clld.org/values/20-610-290-3>		<http://ids.clld.org/parameters/20-610>		<http://ids.clld.org/values/20-610-174-1>		"emanɲuhɨdɨ"@mch	
"ᵐbovɨvɨ"@gug	<http://ids.clld.org/values/6-350-290-1>		<http://ids.clld.org/parameters/6-350>		<http://ids.clld.org/values/6-350-174-1>		"šōka-dɨ"@mch	
"itɨ"@gug	<http://ids.clld.org/values/10-250-290-3>		<http://ids.clld.org/parameters/10-250>		<http://ids.clld.org/values/10-250-174-1>		"himā-dɨ"@mch	
"karẽ"@gug	<http://ids.clld.org/values/4-940-290-3>		<http://ids.clld.org/parameters/4-940>		<http://ids.clld.org/values/4-940-174-1>		"sekumhe"@mch	
"ke"@gug	<http://ids.clld.org/values/4-610-290-1>		<http://ids.clld.org/parameters/4-610>		<http://ids.clld.org/values/4-610-174-1>		"w-ɨnɨʔ-nə"@mch	
"heẽ"@gug	<http://ids.clld.org/values/17-550-290-1>		<http://ids.clld.org/parameters/17-550>		<http://ids.clld.org/values/17-550-174-3>		"mmhm"@mch	
"heẽ"@gug	<http://ids.clld.org/values/17-550-290-1>		<http://ids.clld.org/parameters/17-550>		<http://ids.clld.org/values/17-550-174-1>		"ʔeee"@mch	
"hũ"@gug	<http://ids.clld.org/values/15-650-290-1>		<http://ids.clld.org/parameters/15-650>		<http://ids.clld.org/values/15-650-174-1>		"hudumato"@mch	
"itaŋeča"@gug	<http://ids.clld.org/values/6-960-290-1>		<http://ids.clld.org/parameters/6-960>		<http://ids.clld.org/values/6-960-174-1>		"hekūde"@mch	
"tɨpei"@gug	<http://ids.clld.org/values/9-370-290-1>		<http://ids.clld.org/parameters/9-370>		<http://ids.clld.org/values/9-370-174-1>		"šēmeka-dɨ"@mch	
"ᵐbohapɨ"@gug	<http://ids.clld.org/values/13-30-290-1>		<http://ids.clld.org/parameters/13-30>		<http://ids.clld.org/values/13-30-174-1>		"aduwawə"@mch	
"[mariska]"@gug	<http://ids.clld.org/values/20-610-290-5>		<http://ids.clld.org/parameters/20-610>		<http://ids.clld.org/values/20-610-174-1>		"emanɲuhɨdɨ"@mch	
"ɨ-ǰeʔaha"@gug	<http://ids.clld.org/values/1-390-290-1>		<http://ids.clld.org/parameters/1-390>		<http://ids.clld.org/values/1-390-174-1>		"yedukadɨ"@mch	
"arakaʔe"@gug	<http://ids.clld.org/values/17-650-290-1>		<http://ids.clld.org/parameters/17-650>		<http://ids.clld.org/values/17-650-174-1>		"əičənnāwəkə"@mch	
"kuera"@gug	<http://ids.clld.org/values/4-860-290-5>		<http://ids.clld.org/parameters/4-860>		<http://ids.clld.org/values/4-860-174-1>		"adonkadɨ"@mch	
"kuɲa-taĩ"@gug	<http://ids.clld.org/values/2-261-290-3>		<http://ids.clld.org/parameters/2-261>		<http://ids.clld.org/values/2-261-174-1>		"mudēši"@mch	
"ɲu-paʔũ"@gug	<http://ids.clld.org/values/1-250-290-3>		<http://ids.clld.org/parameters/1-250>		<http://ids.clld.org/values/1-250-174-1>		"dantadɨ"@mch	
"ama"@gug	<http://ids.clld.org/values/1-750-290-1>		<http://ids.clld.org/parameters/1-750>		<http://ids.clld.org/values/1-750-174-1>		"konōho"@mch	
"h-aku"@gug	<http://ids.clld.org/values/15-850-290-1>		<http://ids.clld.org/parameters/15-850>		<http://ids.clld.org/values/15-850-174-1>		"taʔne"@mch	
"ɲuhã"@gug	<http://ids.clld.org/values/20-640-290-1>		<http://ids.clld.org/parameters/20-640>		<http://ids.clld.org/values/20-640-174-1>		"hāno"@mch	
"ǰopɨ"@gug	<http://ids.clld.org/values/9-343-290-1>		<http://ids.clld.org/parameters/9-343>		<http://ids.clld.org/values/9-343-174-1>		"eʔkukā-dɨ"@mch	
"oɣa-hoǰa"@gug	<http://ids.clld.org/values/7-510-290-3>		<http://ids.clld.org/parameters/7-510>		<http://ids.clld.org/values/7-510-174-1>		"aməʔhɨdɨ"@mch	
"mo-ⁿdoro"@gug	<http://ids.clld.org/values/9-280-290-3>		<http://ids.clld.org/parameters/9-280>		<http://ids.clld.org/values/9-280-174-1>		"-iši-"@mch	
"hiʔ-akɨ"@gug	<http://ids.clld.org/values/5-124-290-1>		<http://ids.clld.org/parameters/5-124>		<http://ids.clld.org/values/5-124-174-1>		"šēne"@mch	
"aɲa"@gug	<http://ids.clld.org/values/16-720-290-3>		<http://ids.clld.org/parameters/16-720>		<http://ids.clld.org/values/16-720-174-1>		"kənemhɨnɨ"@mch	
"ᵐboʔɨ"@gug	<http://ids.clld.org/values/6-750-290-1>		<http://ids.clld.org/parameters/6-750>		<http://ids.clld.org/values/6-750-174-1>		"wōʔmo"@mch	
"pa"@gug	<http://ids.clld.org/values/14-270-290-3>		<http://ids.clld.org/parameters/14-270>		<http://ids.clld.org/values/14-270-174-1>		"w-əʔka-nə"@mch	
"pɨpe"@gug	<http://ids.clld.org/values/12-50-290-1>		<http://ids.clld.org/parameters/12-50>		<http://ids.clld.org/values/12-50-174-3>		"anwaʔka"@mch	
"pɨpe"@gug	<http://ids.clld.org/values/12-50-290-1>		<http://ids.clld.org/parameters/12-50>		<http://ids.clld.org/values/12-50-174-1>		"aʔka"@mch	
"ɨɣa"@gug	<http://ids.clld.org/values/10-831-290-1>		<http://ids.clld.org/parameters/10-831>		<http://ids.clld.org/values/10-831-174-1>		"[kanowa]"@mch	
"pɨhɨ"@gug	<http://ids.clld.org/values/11-130-290-3>		<http://ids.clld.org/parameters/11-130>		<http://ids.clld.org/values/11-130-174-1>		"w-emhan-nə"@mch	
"panaᵐbi"@gug	<http://ids.clld.org/values/3-920-290-1>		<http://ids.clld.org/parameters/3-920>		<http://ids.clld.org/values/3-920-174-1>		"matūtu"@mch	
"ɣʷasu"@gug	<http://ids.clld.org/values/12-550-290-3>		<http://ids.clld.org/parameters/12-550>		<http://ids.clld.org/values/12-550-174-1>		"nuwe"@mch	
"ᵐbaʔe"@gug	<http://ids.clld.org/values/11-180-290-1>		<http://ids.clld.org/parameters/11-180>		<http://ids.clld.org/values/11-180-174-1>		"k-ɨnnɨdɨʔ-komo"@mch	
"ɣʷaʔa"@gug	<http://ids.clld.org/values/3-592-290-3>		<http://ids.clld.org/parameters/3-592>		<http://ids.clld.org/values/3-592-174-1>		"[dodo]"@mch	
"h-apɨ"@gug	<http://ids.clld.org/values/1-851-290-3>		<http://ids.clld.org/parameters/1-851>		<http://ids.clld.org/values/1-851-174-1>		"ukā-dɨ"@mch	
"ᵐboǰei"@gug	<http://ids.clld.org/values/12-230-290-1>		<http://ids.clld.org/parameters/12-230>		<http://ids.clld.org/values/12-230-174-1>		"šādamadɨ̄he"@mch	
"ãɣa"@gug	<http://ids.clld.org/values/14-180-290-1>		<http://ids.clld.org/parameters/14-180>		<http://ids.clld.org/values/14-180-174-1>		"edūwa"@mch	
"ɣʷeʔẽ"@gug	<http://ids.clld.org/values/4-570-290-1>		<http://ids.clld.org/parameters/4-570>		<http://ids.clld.org/values/4-570-174-1>		"wenaʔtahəʔeʔnə"@mch	
"iruʔɨ̃"@gug	<http://ids.clld.org/values/19-520-290-7>		<http://ids.clld.org/parameters/19-520>		<http://ids.clld.org/values/19-520-174-1>		"tuʔde"@mch	
"tɨreʔɨ̃"@gug	<http://ids.clld.org/values/2-750-290-1>		<http://ids.clld.org/parameters/2-750>		<http://ids.clld.org/values/2-750-174-1>		"tunkemhɨnɨ"@mch	
"ǰepeʔa"@gug	<http://ids.clld.org/values/1-880-290-1>		<http://ids.clld.org/parameters/1-880>		<http://ids.clld.org/values/1-880-174-1>		"-keme-dɨ"@mch	
"kuaa"@gug	<http://ids.clld.org/values/17-170-290-1>		<http://ids.clld.org/parameters/17-170>		<http://ids.clld.org/values/17-170-174-1>		"t-owanəkə t-ɨdɨ-dɨ"@mch	
"hoko"@gug	<http://ids.clld.org/values/3-583-290-1>		<http://ids.clld.org/parameters/3-583>		<http://ids.clld.org/values/3-583-174-1>		"tadāya"@mch	
"karu"@gug	<http://ids.clld.org/values/5-110-290-3>		<http://ids.clld.org/parameters/5-110>		<http://ids.clld.org/values/5-110-174-1>		"wowašīnčənə"@mch	
"moᵐbe"@gug	<http://ids.clld.org/values/9-221-290-5>		<http://ids.clld.org/parameters/9-221>		<http://ids.clld.org/values/9-221-174-1>		"čūhiya-dɨ"@mch	
"moᵐbe"@gug	<http://ids.clld.org/values/9-221-290-5>		<http://ids.clld.org/parameters/9-221>		<http://ids.clld.org/values/9-221-174-3>		"yaʔka-dɨ"@mch	
"huʔũ"@gug	<http://ids.clld.org/values/15-750-290-1>		<http://ids.clld.org/parameters/15-750>		<http://ids.clld.org/values/15-750-174-1>		"tɨwansuʔde"@mch	
"anaᵐbusu"@gug	<http://ids.clld.org/values/12-630-290-3>		<http://ids.clld.org/parameters/12-630>		<http://ids.clld.org/values/12-630-174-1>		"hūšīhe"@mch	
"ǰatevu"@gug	<http://ids.clld.org/values/3-940-290-3>		<http://ids.clld.org/parameters/3-940>		<http://ids.clld.org/values/3-940-174-1>		"memu"@mch	
"petɨ̃"@gug	<http://ids.clld.org/values/8-680-290-1>		<http://ids.clld.org/parameters/8-680>		<http://ids.clld.org/values/8-680-174-1>		"kawai"@mch	
"ɨvɨra"@gug	<http://ids.clld.org/values/1-420-290-1>		<http://ids.clld.org/parameters/1-420>		<http://ids.clld.org/values/1-420-174-1>		"dē"@mch	
"a"@gug	<http://ids.clld.org/values/4-720-290-3>		<http://ids.clld.org/parameters/4-720>		<http://ids.clld.org/values/4-720-174-1>		"w-ennu-nə"@mch	
"h-eⁿd��"@gug	<http://ids.clld.org/values/1-852-290-1>		<http://ids.clld.org/parameters/1-852>		<http://ids.clld.org/values/1-852-174-1>		"daʔtwa-dɨ"@mch	
"h-asẽ"@gug	<http://ids.clld.org/values/16-370-290-3>		<http://ids.clld.org/parameters/16-370>		<http://ids.clld.org/values/16-370-174-1>		"w-amo-nə"@mch	
"[tio]"@gug	<http://ids.clld.org/values/2-510-290-3>		<http://ids.clld.org/parameters/2-510>		<http://ids.clld.org/values/2-510-174-1>		"wōdɨ"@mch	
"ɲopẽ"@gug	<http://ids.clld.org/values/9-750-290-3>		<http://ids.clld.org/parameters/9-750>		<http://ids.clld.org/values/9-750-174-1>		"aʔtoʔtotoʔho"@mch	
"['tapia]"@gug	<http://ids.clld.org/values/7-270-290-3>		<http://ids.clld.org/parameters/7-270>		<http://ids.clld.org/values/7-270-174-1>		"həʔhudu"@mch	
"'mena"@gug	<http://ids.clld.org/values/2-310-290-1>		<http://ids.clld.org/parameters/2-310>		<http://ids.clld.org/values/2-310-174-1>		"-ɲno"@mch	
"huʔu"@gug	<http://ids.clld.org/values/4-530-290-1>		<http://ids.clld.org/parameters/4-530>		<http://ids.clld.org/values/4-530-174-1>		"təinšiʔho"@mch	
"ǰuru"@gug	<http://ids.clld.org/values/4-240-290-1>		<http://ids.clld.org/parameters/4-240>		<http://ids.clld.org/values/4-240-174-1>		"ənta"@mch	
"mitã"@gug	<http://ids.clld.org/values/2-270-290-1>		<http://ids.clld.org/parameters/2-270>		<http://ids.clld.org/values/2-270-174-1>		"nnedɨ"@mch	
"sɨkɨpɨʔɨ-meᵐbɨ"@gug	<http://ids.clld.org/values/2-550-290-1>		<http://ids.clld.org/parameters/2-550>		<http://ids.clld.org/values/2-550-174-1>		"waiɲe"@mch	
"sɨkɨpɨʔɨ-meᵐbɨ"@gug	<http://ids.clld.org/values/2-550-290-1>		<http://ids.clld.org/parameters/2-550>		<http://ids.clld.org/values/2-550-174-3>		"yāʔko"@mch	
"avati"@gug	<http://ids.clld.org/values/8-470-290-1>		<http://ids.clld.org/parameters/8-470>		<http://ids.clld.org/values/8-470-174-1>		"ənɲa"@mch	
"ɲeʔẽ"@gug	<http://ids.clld.org/values/18-110-290-1>		<http://ids.clld.org/parameters/18-110>		<http://ids.clld.org/values/18-110-174-1>		"kəʔtɨnnə"@mch	
"ɲorairo ɣʷasu"@gug	<http://ids.clld.org/values/20-130-290-3>		<http://ids.clld.org/parameters/20-130>		<http://ids.clld.org/values/20-130-174-1>		"wənə"@mch	
"ǰatapɨ"@gug	<http://ids.clld.org/values/1-860-290-5>		<http://ids.clld.org/parameters/1-860>		<http://ids.clld.org/values/1-860-174-1>		"-kemetə-"@mch	
"ᵐba'ʔere"@gug	<http://ids.clld.org/values/17-690-290-1>		<http://ids.clld.org/parameters/17-690>		<http://ids.clld.org/values/17-690-174-1>		"ākene yeihəkə"@mch	
"ɨvɨtu"@gug	<http://ids.clld.org/values/1-720-290-1>		<http://ids.clld.org/parameters/1-720>		<http://ids.clld.org/values/1-720-174-1>		"hehēnčə"@mch	
"t-ãi"@gug	<http://ids.clld.org/values/4-270-290-1>		<http://ids.clld.org/parameters/4-270>		<http://ids.clld.org/values/4-270-174-1>		"dedɨ"@mch	
"ǰaɣʷa"@gug	<http://ids.clld.org/values/3-610-290-1>		<http://ids.clld.org/parameters/3-610>		<http://ids.clld.org/values/3-610-174-1>		"sɨ̄ʔna"@mch	
"pɨsɨrõ"@gug	<http://ids.clld.org/values/11-250-290-1>		<http://ids.clld.org/parameters/11-250>		<http://ids.clld.org/values/11-250-174-1>		"ewanakādɨ"@mch	
"hakuaʔɨ̃va"@gug	<http://ids.clld.org/values/15-790-290-1>		<http://ids.clld.org/parameters/15-790>		<http://ids.clld.org/values/15-790-174-1>		"tuhuʔhūdato"@mch	
"haʔe"@gug	<http://ids.clld.org/values/2-930-290-1>		<http://ids.clld.org/parameters/2-930>		<http://ids.clld.org/values/2-930-174-1>		"tɨwɨ"@mch	
"ᵐba'ʔepa"@gug	<http://ids.clld.org/values/17-640-290-1>		<http://ids.clld.org/parameters/17-640>		<http://ids.clld.org/values/17-640-174-1>		"ākene"@mch	
"ǰu"@gug	<http://ids.clld.org/values/6-360-290-1>		<http://ids.clld.org/parameters/6-360>		<http://ids.clld.org/values/6-360-174-1>		"makūsa"@mch	
"h-ɨakuã"@gug	<http://ids.clld.org/values/15-210-290-1>		<http://ids.clld.org/parameters/15-210>		<http://ids.clld.org/values/15-210-174-1>		"hyoʔhōdɨ"@mch	
"h-e'noi"@gug	<http://ids.clld.org/values/18-410-290-1>		<http://ids.clld.org/parameters/18-410>		<http://ids.clld.org/values/18-410-174-1>		"aʔdewhaʔdɨ"@mch	
"kɨvɨ mičĩ'veva"@gug	<http://ids.clld.org/values/2-445-290-5>		<http://ids.clld.org/parameters/2-445>		<http://ids.clld.org/values/2-445-174-1>		"šīʔčɨ"@mch	
"ᵐboʔe-hao"@gug	<http://ids.clld.org/values/17-280-290-1>		<http://ids.clld.org/parameters/17-280>		<http://ids.clld.org/values/17-280-174-1>		"wōwanomatoho"@mch	
