"peẽ"@gug	<http://ids.clld.org/values/2-950-290-1>		<http://ids.clld.org/parameters/2-950>		<http://ids.clld.org/values/2-950-286-1>		"wahuʔ"@pav	
"muaɲa"@gug	<http://ids.clld.org/values/10-670-290-3>		<http://ids.clld.org/parameters/10-670>		<http://ids.clld.org/values/10-670-286-1>		"yök"@pav	
"pererĩ"@gug	<http://ids.clld.org/values/12-650-290-3>		<http://ids.clld.org/parameters/12-650>		<http://ids.clld.org/values/12-650-286-1>		"šašiʔ"@pav	
"naᵐbi"@gug	<http://ids.clld.org/values/4-220-290-1>		<http://ids.clld.org/parameters/4-220>		<http://ids.clld.org/values/4-220-286-1>		"tara-yišiʔ (taraʔ)"@pav	
"arai"@gug	<http://ids.clld.org/values/1-730-290-1>		<http://ids.clld.org/parameters/1-730>		<http://ids.clld.org/values/1-730-286-1>		"tayain nanawin"@pav	
"henɨhẽ"@gug	<http://ids.clld.org/values/13-210-290-1>		<http://ids.clld.org/parameters/13-210>		<http://ids.clld.org/values/13-210-286-5>		"maʔam"@pav	
"henɨhẽ"@gug	<http://ids.clld.org/values/13-210-290-1>		<http://ids.clld.org/parameters/13-210>		<http://ids.clld.org/values/13-210-286-3>		"moromoinʔ"@pav	
"henɨhẽ"@gug	<http://ids.clld.org/values/13-210-290-1>		<http://ids.clld.org/parameters/13-210>		<http://ids.clld.org/values/13-210-286-1>		"moinʔ"@pav	
"moᵐbo"@gug	<http://ids.clld.org/values/10-250-290-1>		<http://ids.clld.org/parameters/10-250>		<http://ids.clld.org/values/10-250-286-3>		"wišikaoʔ"@pav	
"moᵐbo"@gug	<http://ids.clld.org/values/10-250-290-1>		<http://ids.clld.org/parameters/10-250>		<http://ids.clld.org/values/10-250-286-1>		"šin"@pav	
"h-apo"@gug	<http://ids.clld.org/values/8-540-290-1>		<http://ids.clld.org/parameters/8-540>		<http://ids.clld.org/values/8-540-286-1>		"kašimain"@pav	
"kɨtĩ"@gug	<http://ids.clld.org/values/9-220-290-1>		<http://ids.clld.org/parameters/9-220>		<http://ids.clld.org/values/9-220-286-7>		"nakarkamʔ"@pav	
"kɨtĩ"@gug	<http://ids.clld.org/values/9-220-290-1>		<http://ids.clld.org/parameters/9-220>		<http://ids.clld.org/values/9-220-286-3>		"wawak"@pav	
"kɨtĩ"@gug	<http://ids.clld.org/values/9-220-290-1>		<http://ids.clld.org/parameters/9-220>		<http://ids.clld.org/values/9-220-286-9>		"ta"@pav	
"kɨtĩ"@gug	<http://ids.clld.org/values/9-220-290-1>		<http://ids.clld.org/parameters/9-220>		<http://ids.clld.org/values/9-220-286-5>		"nakamʔ"@pav	
"kɨtĩ"@gug	<http://ids.clld.org/values/9-220-290-1>		<http://ids.clld.org/parameters/9-220>		<http://ids.clld.org/values/9-220-286-1>		"wak"@pav	
"'t-era"@gug	<http://ids.clld.org/values/18-280-290-1>		<http://ids.clld.org/parameters/18-280>		<http://ids.clld.org/values/18-280-286-1>		"wišišiʔ (wit)"@pav	
"ɨ'vaɣa"@gug	<http://ids.clld.org/values/1-510-290-1>		<http://ids.clld.org/parameters/1-510>		<http://ids.clld.org/values/1-510-286-1>		"nanawin"@pav	
"kɨtɨ"@gug	<http://ids.clld.org/values/9-310-290-1>		<http://ids.clld.org/parameters/9-310>		<http://ids.clld.org/values/9-310-286-1>		"šik"@pav	
"meʔẽ"@gug	<http://ids.clld.org/values/11-210-290-1>		<http://ids.clld.org/parameters/11-210>		<http://ids.clld.org/values/11-210-286-1>		"miʔ"@pav	
"i"@gug	<http://ids.clld.org/values/18-220-290-3>		<http://ids.clld.org/parameters/18-220>		<http://ids.clld.org/values/18-220-286-1>		"tomiʔ šoʔ"@pav	
"pire"@gug	<http://ids.clld.org/values/8-750-290-3>		<http://ids.clld.org/parameters/8-750>		<http://ids.clld.org/values/8-750-286-1>		"tapari"@pav	
"ɨ"@gug	<http://ids.clld.org/values/1-310-290-1>		<http://ids.clld.org/parameters/1-310>		<http://ids.clld.org/values/1-310-286-1>		"kom (komišiʔ)"@pav	
"asu"@gug	<http://ids.clld.org/values/12-420-290-1>		<http://ids.clld.org/parameters/12-420>		<http://ids.clld.org/values/12-420-286-1>		"parayišiʔ"@pav	
"t-esa"@gug	<http://ids.clld.org/values/4-210-290-1>		<http://ids.clld.org/parameters/4-210>		<http://ids.clld.org/values/4-210-286-1>		"tokošiʔ (tok)"@pav	
"t-uɣʷai"@gug	<http://ids.clld.org/values/4-180-290-1>		<http://ids.clld.org/parameters/4-180>		<http://ids.clld.org/values/4-180-286-1>		"kahwerein"@pav	
"hɨkue"@gug	<http://ids.clld.org/values/15-830-290-1>		<http://ids.clld.org/parameters/15-830>		<http://ids.clld.org/values/15-830-286-1>		"šoʔ"@pav	
"h-eko-katu"@gug	<http://ids.clld.org/values/16-730-290-3>		<http://ids.clld.org/parameters/16-730>		<http://ids.clld.org/values/16-730-286-1>		"šoʔ"@pav	
"'kama"@gug	<http://ids.clld.org/values/4-410-290-1>		<http://ids.clld.org/parameters/4-410>		<http://ids.clld.org/values/4-410-286-1>		"karašišiʔ (katat)"@pav	
"t-ata'tĩ"@gug	<http://ids.clld.org/values/1-830-290-1>		<http://ids.clld.org/parameters/1-830>		<http://ids.clld.org/values/1-830-286-1>		"tainʔ"@pav	
"rɨɣʷasu-rupiʔa"@gug	<http://ids.clld.org/values/5-970-290-3>		<http://ids.clld.org/parameters/5-970>		<http://ids.clld.org/values/5-970-286-1>		"arayein"@pav	
"h-eta"@gug	<http://ids.clld.org/values/13-150-290-1>		<http://ids.clld.org/parameters/13-150>		<http://ids.clld.org/values/13-150-286-1>		"iriʔ miyo/ miya"@pav	
"ⁿde"@gug	<http://ids.clld.org/values/2-920-290-1>		<http://ids.clld.org/parameters/2-920>		<http://ids.clld.org/values/2-920-286-1>		"wum"@pav	
"akã"@gug	<http://ids.clld.org/values/4-200-290-1>		<http://ids.clld.org/parameters/4-200>		<http://ids.clld.org/values/4-200-286-1>		"winašiʔ (wayiʔ)"@pav	
"t-oʔo"@gug	<http://ids.clld.org/values/4-130-290-1>		<http://ids.clld.org/parameters/4-130>		<http://ids.clld.org/values/4-130-286-1>		"kwerešiʔ"@pav	
"(ai)kove"@gug	<http://ids.clld.org/values/4-740-290-1>		<http://ids.clld.org/parameters/4-740>		<http://ids.clld.org/values/4-740-286-1>		"eʔ"@pav	
"ᵐbovu"@gug	<http://ids.clld.org/values/4-853-290-1>		<http://ids.clld.org/parameters/4-853>		<http://ids.clld.org/values/4-853-286-1>		"mom"@pav	
"kɨʔa"@gug	<http://ids.clld.org/values/15-880-290-1>		<http://ids.clld.org/parameters/15-880>		<http://ids.clld.org/values/15-880-286-1>		"mišem"@pav	
"ǰoʔo"@gug	<http://ids.clld.org/values/8-220-290-1>		<http://ids.clld.org/parameters/8-220>		<http://ids.clld.org/values/8-220-286-1>		"še"@pav	
"ǰoʔo"@gug	<http://ids.clld.org/values/8-220-290-1>		<http://ids.clld.org/parameters/8-220>		<http://ids.clld.org/values/8-220-286-3>		"šikeʔ"@pav	
"ɲorairõ"@gug	<http://ids.clld.org/values/20-110-290-1>		<http://ids.clld.org/parameters/20-110>		<http://ids.clld.org/values/20-110-286-1>		"mišita"@pav	
"kɨra-kue"@gug	<http://ids.clld.org/values/5-791-290-3>		<http://ids.clld.org/parameters/5-791>		<http://ids.clld.org/values/5-791-286-1>		"homain"@pav	
"ɨvotɨ"@gug	<http://ids.clld.org/values/8-570-290-1>		<http://ids.clld.org/parameters/8-570>		<http://ids.clld.org/values/8-570-286-3>		"wiyein"@pav	
"ɨvotɨ"@gug	<http://ids.clld.org/values/8-570-290-1>		<http://ids.clld.org/parameters/8-570>		<http://ids.clld.org/values/8-570-286-1>		"piwain"@pav	
"ɲeʔã"@gug	<http://ids.clld.org/values/4-440-290-1>		<http://ids.clld.org/parameters/4-440>		<http://ids.clld.org/values/4-440-286-1>		"šimišiʔ (šim)"@pav	
"tuǰa"@gug	<http://ids.clld.org/values/14-150-290-1>		<http://ids.clld.org/parameters/14-150>		<http://ids.clld.org/values/14-150-286-1>		"maraʔ"@pav	
"tuǰa"@gug	<http://ids.clld.org/values/14-150-290-1>		<http://ids.clld.org/parameters/14-150>		<http://ids.clld.org/values/14-150-286-3>		"horon"@pav	
"tuǰu"@gug	<http://ids.clld.org/values/5-125-290-3>		<http://ids.clld.org/parameters/5-125>		<http://ids.clld.org/values/5-125-286-1>		"šowuru"@pav	
"t-ekove"@gug	<http://ids.clld.org/values/4-740-290-5>		<http://ids.clld.org/parameters/4-740>		<http://ids.clld.org/values/4-740-286-1>		"eʔ"@pav	
"pɨtã"@gug	<http://ids.clld.org/values/15-660-290-1>		<http://ids.clld.org/parameters/15-660>		<http://ids.clld.org/values/15-660-286-1>		"pakaʔ"@pav	
"pɨ-ɣʷasu"@gug	<http://ids.clld.org/values/12-610-290-5>		<http://ids.clld.org/parameters/12-610>		<http://ids.clld.org/values/12-610-286-1>		"kote ne kimain"@pav	
"ɨ-rɨpɨʔa"@gug	<http://ids.clld.org/values/1-770-290-3>		<http://ids.clld.org/parameters/1-770>		<http://ids.clld.org/values/1-770-286-1>		"šio šio"@pav	
"t-ape-poʔi"@gug	<http://ids.clld.org/values/10-720-290-3>		<http://ids.clld.org/parameters/10-720>		<http://ids.clld.org/values/10-720-286-1>		"wana (wanayišiʔ)"@pav	
"veve"@gug	<http://ids.clld.org/values/10-370-290-1>		<http://ids.clld.org/parameters/10-370>		<http://ids.clld.org/values/10-370-286-3>		"toin"@pav	
"veve"@gug	<http://ids.clld.org/values/10-370-290-1>		<http://ids.clld.org/parameters/10-370>		<http://ids.clld.org/values/10-370-286-1>		"takiʔ"@pav	
"a"@gug	<http://ids.clld.org/values/10-230-290-1>		<http://ids.clld.org/parameters/10-230>		<http://ids.clld.org/values/10-230-286-3>		"kamaraʔ"@pav	
"a"@gug	<http://ids.clld.org/values/10-230-290-1>		<http://ids.clld.org/parameters/10-230>		<http://ids.clld.org/values/10-230-286-1>		"panʔ"@pav	
"taniᵐbu"@gug	<http://ids.clld.org/values/1-840-290-1>		<http://ids.clld.org/parameters/1-840>		<http://ids.clld.org/values/1-840-286-1>		"topakon"@pav	
"pire"@gug	<http://ids.clld.org/values/4-120-290-1>		<http://ids.clld.org/parameters/4-120>		<http://ids.clld.org/values/4-120-286-1>		"taparišiʔ"@pav	
"ape"@gug	<http://ids.clld.org/values/8-750-290-1>		<http://ids.clld.org/parameters/8-750>		<http://ids.clld.org/values/8-750-286-1>		"tapari"@pav	
"sevoʔi"@gug	<http://ids.clld.org/values/3-840-290-1>		<http://ids.clld.org/parameters/3-840>		<http://ids.clld.org/values/3-840-286-1>		"meteʔ"@pav	
"apeno"@gug	<http://ids.clld.org/values/4-853-290-3>		<http://ids.clld.org/parameters/4-853>		<http://ids.clld.org/values/4-853-286-1>		"mom"@pav	
"pɨhare"@gug	<http://ids.clld.org/values/14-420-290-1>		<http://ids.clld.org/parameters/14-420>		<http://ids.clld.org/values/14-420-286-1>		"šim"@pav	
"kuiᵐbaʔe"@gug	<http://ids.clld.org/values/2-210-290-3>		<http://ids.clld.org/parameters/2-210>		<http://ids.clld.org/values/2-210-286-1>		"taramaʔ"@pav	
"t-enɨpɨʔã"@gug	<http://ids.clld.org/values/4-360-290-3>		<http://ids.clld.org/parameters/4-360>		<http://ids.clld.org/values/4-360-286-1>		"karamašiʔ (karam)"@pav	
"atukupe"@gug	<http://ids.clld.org/values/4-190-290-3>		<http://ids.clld.org/parameters/4-190>		<http://ids.clld.org/values/4-190-286-1>		"warašiʔ"@pav	
"h-eⁿdu"@gug	<http://ids.clld.org/values/15-410-290-1>		<http://ids.clld.org/parameters/15-410>		<http://ids.clld.org/values/15-410-286-1>		"tarayu"@pav	
"ɨvɨ-kuʔi"@gug	<http://ids.clld.org/values/1-215-290-1>		<http://ids.clld.org/parameters/1-215>		<http://ids.clld.org/values/1-215-286-1>		"namayi"@pav	
"moᵐbɨrɨ"@gug	<http://ids.clld.org/values/12-440-290-1>		<http://ids.clld.org/parameters/12-440>		<http://ids.clld.org/values/12-440-286-1>		"pira"@pav	
"ᵐbo-vo"@gug	<http://ids.clld.org/values/9-270-290-3>		<http://ids.clld.org/parameters/9-270>		<http://ids.clld.org/values/9-270-286-1>		"toʔ pahot"@pav	
"ᵐbo-vo"@gug	<http://ids.clld.org/values/9-270-290-3>		<http://ids.clld.org/parameters/9-270>		<http://ids.clld.org/values/9-270-286-3>		"toʔ pahorohot"@pav	
"moɲeᵐboʔɨ"@gug	<http://ids.clld.org/values/12-150-290-1>		<http://ids.clld.org/parameters/12-150>		<http://ids.clld.org/values/12-150-286-1>		"tekiʔ pe"@pav	
"moɲeᵐboʔɨ"@gug	<http://ids.clld.org/values/12-150-290-1>		<http://ids.clld.org/parameters/12-150>		<http://ids.clld.org/values/12-150-286-3>		"tekiʔ to"@pav	
"maɨma"@gug	<http://ids.clld.org/values/13-140-290-1>		<http://ids.clld.org/parameters/13-140>		<http://ids.clld.org/values/13-140-286-1>		"šam"@pav	
"ɲaⁿdɨ"@gug	<http://ids.clld.org/values/5-791-290-1>		<http://ids.clld.org/parameters/5-791>		<http://ids.clld.org/values/5-791-286-1>		"homain"@pav	
"kutu"@gug	<http://ids.clld.org/values/9-223-290-1>		<http://ids.clld.org/parameters/9-223>		<http://ids.clld.org/values/9-223-286-1>		"šukunʔ"@pav	
"ara-ǰere"@gug	<http://ids.clld.org/values/14-730-290-1>		<http://ids.clld.org/parameters/14-730>		<http://ids.clld.org/values/14-730-286-1>		"kawašiʔ"@pav	
"kuɲa"@gug	<http://ids.clld.org/values/2-220-290-1>		<http://ids.clld.org/parameters/2-220>		<http://ids.clld.org/values/2-220-286-1>		"narimaʔ"@pav	
"mɨ-atã"@gug	<http://ids.clld.org/values/9-330-290-1>		<http://ids.clld.org/parameters/9-330>		<http://ids.clld.org/values/9-330-286-1>		"kök"@pav	
"t-uɣʷɨ"@gug	<http://ids.clld.org/values/4-150-290-1>		<http://ids.clld.org/parameters/4-150>		<http://ids.clld.org/values/4-150-286-1>		"kišiʔ (wik)"@pav	
"morotĩ"@gug	<http://ids.clld.org/values/15-640-290-1>		<http://ids.clld.org/parameters/15-640>		<http://ids.clld.org/values/15-640-286-1>		"towoʔ"@pav	
"ɲeno"@gug	<http://ids.clld.org/values/12-140-290-1>		<http://ids.clld.org/parameters/12-140>		<http://ids.clld.org/values/12-140-286-1>		"teremʔ"@pav	
"ɲeno"@gug	<http://ids.clld.org/values/12-140-290-1>		<http://ids.clld.org/parameters/12-140>		<http://ids.clld.org/values/12-140-286-3>		"tokoʔ"@pav	
"ituǰu"@gug	<http://ids.clld.org/values/5-125-290-1>		<http://ids.clld.org/parameters/5-125>		<http://ids.clld.org/values/5-125-286-1>		"šowuru"@pav	
"po'hɨi"@gug	<http://ids.clld.org/values/15-810-290-1>		<http://ids.clld.org/parameters/15-810>		<http://ids.clld.org/values/15-810-286-3>		"taʔ man"@pav	
"po'hɨi"@gug	<http://ids.clld.org/values/15-810-290-1>		<http://ids.clld.org/parameters/15-810>		<http://ids.clld.org/values/15-810-286-1>		"šite"@pav	
"po'hɨi"@gug	<http://ids.clld.org/values/15-810-290-1>		<http://ids.clld.org/parameters/15-810>		<http://ids.clld.org/values/15-810-286-5>		"teʔ man"@pav	
"ᵐbo-ǰere"@gug	<http://ids.clld.org/values/10-130-290-3>		<http://ids.clld.org/parameters/10-130>		<http://ids.clld.org/values/10-130-286-1>		"yami"@pav	
"pɨʔa-porã"@gug	<http://ids.clld.org/values/16-710-290-5>		<http://ids.clld.org/parameters/16-710>		<http://ids.clld.org/values/16-710-286-1>		"awi"@pav	
"haku-vɨ"@gug	<http://ids.clld.org/values/15-851-290-1>		<http://ids.clld.org/parameters/15-851>		<http://ids.clld.org/values/15-851-286-3>		"nonoe"@pav	
"haku-vɨ"@gug	<http://ids.clld.org/values/15-851-290-1>		<http://ids.clld.org/parameters/15-851>		<http://ids.clld.org/values/15-851-286-1>		"šain"@pav	
"ɣʷɨraʔapi"@gug	<http://ids.clld.org/values/20-610-290-1>		<http://ids.clld.org/parameters/20-610>		<http://ids.clld.org/values/20-610-286-1>		"yiʔam"@pav	
"ɨvɨra"@gug	<http://ids.clld.org/values/1-430-290-1>		<http://ids.clld.org/parameters/1-430>		<http://ids.clld.org/values/1-430-286-1>		"pana"@pav	
"kũ"@gug	<http://ids.clld.org/values/4-260-290-1>		<http://ids.clld.org/parameters/4-260>		<http://ids.clld.org/values/4-260-286-1>		"petehwet nešiʔ (petehwet)"@pav	
"t-etɨma"@gug	<http://ids.clld.org/values/4-350-290-1>		<http://ids.clld.org/parameters/4-350>		<http://ids.clld.org/values/4-350-286-1>		"pišiyašiʔ"@pav	
"t-etɨma"@gug	<http://ids.clld.org/values/4-350-290-1>		<http://ids.clld.org/parameters/4-350>		<http://ids.clld.org/values/4-350-286-3>		"kokošiʔ"@pav	
"aka'tua"@gug	<http://ids.clld.org/values/12-410-290-1>		<http://ids.clld.org/parameters/12-410>		<http://ids.clld.org/values/12-410-286-1>		"irikwerešiʔ"@pav	
"u"@gug	<http://ids.clld.org/values/5-110-290-1>		<http://ids.clld.org/parameters/5-110>		<http://ids.clld.org/values/5-110-286-1>		"kaoʔ"@pav	
"u"@gug	<http://ids.clld.org/values/5-110-290-1>		<http://ids.clld.org/parameters/5-110>		<http://ids.clld.org/values/5-110-286-3>		"kakakaoʔ"@pav	
"opa"@gug	<http://ids.clld.org/values/13-140-290-3>		<http://ids.clld.org/parameters/13-140>		<http://ids.clld.org/values/13-140-286-1>		"šam"@pav	
"tekove"@gug	<http://ids.clld.org/values/2-100-290-5>		<http://ids.clld.org/parameters/2-100>		<http://ids.clld.org/values/2-100-286-1>		"wariʔ"@pav	
"kaᵐbu"@gug	<http://ids.clld.org/values/5-160-290-3>		<http://ids.clld.org/parameters/5-160>		<http://ids.clld.org/values/5-160-286-1>		"šok"@pav	
"kaᵐbu"@gug	<http://ids.clld.org/values/5-160-290-3>		<http://ids.clld.org/parameters/5-160>		<http://ids.clld.org/values/5-160-286-3>		"šak"@pav	
"toɣʷe"@gug	<http://ids.clld.org/values/8-560-290-1>		<http://ids.clld.org/parameters/8-560>		<http://ids.clld.org/values/8-560-286-1>		"tenenein"@pav	
"a"@gug	<http://ids.clld.org/values/5-710-290-1>		<http://ids.clld.org/parameters/5-710>		<http://ids.clld.org/values/5-710-286-3>		"winain"@pav	
"a"@gug	<http://ids.clld.org/values/5-710-290-1>		<http://ids.clld.org/parameters/5-710>		<http://ids.clld.org/values/5-710-286-1>		"memem"@pav	
"mokõi"@gug	<http://ids.clld.org/values/13-20-290-1>		<http://ids.clld.org/parameters/13-20>		<http://ids.clld.org/values/13-20-286-1>		"tuku karakan"@pav	
"ɣʷata"@gug	<http://ids.clld.org/values/10-450-290-1>		<http://ids.clld.org/parameters/10-450>		<http://ids.clld.org/values/10-450-286-1>		"šut"@pav	
"ɣʷata"@gug	<http://ids.clld.org/values/10-450-290-1>		<http://ids.clld.org/parameters/10-450>		<http://ids.clld.org/values/10-450-286-3>		"šurušut"@pav	
"pɨte"@gug	<http://ids.clld.org/values/5-160-290-1>		<http://ids.clld.org/parameters/5-160>		<http://ids.clld.org/values/5-160-286-1>		"šok"@pav	
"pɨte"@gug	<http://ids.clld.org/values/5-160-290-1>		<http://ids.clld.org/parameters/5-160>		<http://ids.clld.org/values/5-160-286-3>		"šak"@pav	
"ɨta"@gug	<http://ids.clld.org/values/10-350-290-1>		<http://ids.clld.org/parameters/10-350>		<http://ids.clld.org/values/10-350-286-3>		"panʔ karakam"@pav	
"ɨta"@gug	<http://ids.clld.org/values/10-350-290-1>		<http://ids.clld.org/parameters/10-350>		<http://ids.clld.org/values/10-350-286-1>		"panʔ kam"@pav	
"ǰo'hei"@gug	<http://ids.clld.org/values/9-360-290-1>		<http://ids.clld.org/parameters/9-360>		<http://ids.clld.org/values/9-360-286-3>		"toʔ"@pav	
"ǰo'hei"@gug	<http://ids.clld.org/values/9-360-290-1>		<http://ids.clld.org/parameters/9-360>		<http://ids.clld.org/values/9-360-286-1>		"hohok"@pav	
"ᵐbɨkɨ"@gug	<http://ids.clld.org/values/12-590-290-1>		<http://ids.clld.org/parameters/12-590>		<http://ids.clld.org/values/12-590-286-1>		"wiyimain"@pav	
"ava"@gug	<http://ids.clld.org/values/2-100-290-1>		<http://ids.clld.org/parameters/2-100>		<http://ids.clld.org/values/2-100-286-1>		"wariʔ"@pav	
"ɨ-sɨrɨ"@gug	<http://ids.clld.org/values/1-360-290-1>		<http://ids.clld.org/parameters/1-360>		<http://ids.clld.org/values/1-360-286-1>		"kom"@pav	
"t-apo"@gug	<http://ids.clld.org/values/8-540-290-3>		<http://ids.clld.org/parameters/8-540>		<http://ids.clld.org/values/8-540-286-1>		"kašimain"@pav	
"pe"@gug	<http://ids.clld.org/values/12-610-290-1>		<http://ids.clld.org/parameters/12-610>		<http://ids.clld.org/values/12-610-286-1>		"kote ne kimain"@pav	
"sɨrɨ"@gug	<http://ids.clld.org/values/10-320-290-1>		<http://ids.clld.org/parameters/10-320>		<http://ids.clld.org/values/10-320-286-3>		"weweweo"@pav	
"sɨrɨ"@gug	<http://ids.clld.org/values/10-320-290-1>		<http://ids.clld.org/parameters/10-320>		<http://ids.clld.org/values/10-320-286-1>		"weo"@pav	
"t-ɨekue"@gug	<http://ids.clld.org/values/4-461-290-1>		<http://ids.clld.org/parameters/4-461>		<http://ids.clld.org/values/4-461-286-1>		"monošiʔ (mon)"@pav	
"pɨapẽ"@gug	<http://ids.clld.org/values/4-345-290-1>		<http://ids.clld.org/parameters/4-345>		<http://ids.clld.org/values/4-345-286-1>		"šikinain"@pav	
"ɲeʔẽ"@gug	<http://ids.clld.org/values/18-210-290-1>		<http://ids.clld.org/parameters/18-210>		<http://ids.clld.org/values/18-210-286-1>		"tomiʔ"@pav	
"puka"@gug	<http://ids.clld.org/values/16-250-290-1>		<http://ids.clld.org/parameters/16-250>		<http://ids.clld.org/values/16-250-286-1>		"tatamʔ"@pav	
"puka"@gug	<http://ids.clld.org/values/16-250-290-1>		<http://ids.clld.org/parameters/16-250>		<http://ids.clld.org/values/16-250-286-3>		"katamʔ"@pav	
"ɨvɨ-ape"@gug	<http://ids.clld.org/values/1-210-290-1>		<http://ids.clld.org/parameters/1-210>		<http://ids.clld.org/values/1-210-286-1>		"makanʔ"@pav	
"arɨ"@gug	<http://ids.clld.org/values/14-730-290-5>		<http://ids.clld.org/parameters/14-730>		<http://ids.clld.org/values/14-730-286-1>		"kawašiʔ"@pav	
"puku"@gug	<http://ids.clld.org/values/12-570-290-1>		<http://ids.clld.org/parameters/12-570>		<http://ids.clld.org/values/12-570-286-1>		"matam"@pav	
"para"@gug	<http://ids.clld.org/values/1-320-290-1>		<http://ids.clld.org/parameters/1-320>		<http://ids.clld.org/values/1-320-286-1>		"kote ne kom"@pav	
"opavave"@gug	<http://ids.clld.org/values/13-140-290-5>		<http://ids.clld.org/parameters/13-140>		<http://ids.clld.org/values/13-140-286-1>		"šam"@pav	
"po"@gug	<http://ids.clld.org/values/4-330-290-1>		<http://ids.clld.org/parameters/4-330>		<http://ids.clld.org/values/4-330-286-1>		"mišiʔ"@pav	
"po"@gug	<http://ids.clld.org/values/4-330-290-1>		<http://ids.clld.org/parameters/4-330>		<http://ids.clld.org/values/4-330-286-3>		"(umʔ)"@pav	
"'tuva"@gug	<http://ids.clld.org/values/2-350-290-1>		<http://ids.clld.org/parameters/2-350>		<http://ids.clld.org/values/2-350-286-1>		"te"@pav	
"maraᵑgatu"@gug	<http://ids.clld.org/values/16-710-290-1>		<http://ids.clld.org/parameters/16-710>		<http://ids.clld.org/values/16-710-286-1>		"awi"@pav	
"pepo"@gug	<http://ids.clld.org/values/4-392-290-1>		<http://ids.clld.org/parameters/4-392>		<http://ids.clld.org/values/4-392-286-1>		"tapaši"@pav	
"saʔɨ-ǰu"@gug	<http://ids.clld.org/values/15-690-290-1>		<http://ids.clld.org/parameters/15-690>		<http://ids.clld.org/values/15-690-286-1>		"košik"@pav	
"'mava"@gug	<http://ids.clld.org/values/2-100-290-3>		<http://ids.clld.org/parameters/2-100>		<http://ids.clld.org/values/2-100-286-1>		"wariʔ"@pav	
"kã"@gug	<http://ids.clld.org/values/15-840-290-1>		<http://ids.clld.org/parameters/15-840>		<http://ids.clld.org/values/15-840-286-1>		"kawainʔ"@pav	
"tĩ"@gug	<http://ids.clld.org/values/4-230-290-1>		<http://ids.clld.org/parameters/4-230>		<http://ids.clld.org/values/4-230-286-1>		"werešiʔ (ut)"@pav	
"moʔã"@gug	<http://ids.clld.org/values/17-130-290-3>		<http://ids.clld.org/parameters/17-130>		<http://ids.clld.org/values/17-130-286-1>		"koromikat"@pav	
"'ara"@gug	<http://ids.clld.org/values/14-410-290-1>		<http://ids.clld.org/parameters/14-410>		<http://ids.clld.org/values/14-410-286-1>		"šek"@pav	
"ɨ-ʔu"@gug	<http://ids.clld.org/values/5-130-290-3>		<http://ids.clld.org/parameters/5-130>		<http://ids.clld.org/values/5-130-286-1>		"tok"@pav	
"ɨ-ʔu"@gug	<http://ids.clld.org/values/5-130-290-3>		<http://ids.clld.org/parameters/5-130>		<http://ids.clld.org/values/5-130-286-3>		"tototok"@pav	
"u"@gug	<http://ids.clld.org/values/5-130-290-1>		<http://ids.clld.org/parameters/5-130>		<http://ids.clld.org/values/5-130-286-1>		"tok"@pav	
"u"@gug	<http://ids.clld.org/values/5-130-290-1>		<http://ids.clld.org/parameters/5-130>		<http://ids.clld.org/values/5-130-286-3>		"tototok"@pav	
"ᵐbovɨ"@gug	<http://ids.clld.org/values/13-170-290-1>		<http://ids.clld.org/parameters/13-170>		<http://ids.clld.org/values/13-170-286-1>		"parek"@pav	
"apuʔa"@gug	<http://ids.clld.org/values/12-810-290-1>		<http://ids.clld.org/parameters/12-810>		<http://ids.clld.org/values/12-810-286-1>		"monoʔo"@pav	
"t-ata"@gug	<http://ids.clld.org/values/1-810-290-1>		<http://ids.clld.org/parameters/1-810>		<http://ids.clld.org/values/1-810-286-1>		"še"@pav	
"h-eča"@gug	<http://ids.clld.org/values/15-510-290-1>		<http://ids.clld.org/parameters/15-510>		<http://ids.clld.org/values/15-510-286-1>		"kerek"@pav	
"tukuᵐbo"@gug	<http://ids.clld.org/values/9-190-290-1>		<http://ids.clld.org/parameters/9-190>		<http://ids.clld.org/values/9-190-286-1>		"makon (makorišiʔ)"@pav	
"peǰu"@gug	<http://ids.clld.org/values/10-380-290-1>		<http://ids.clld.org/parameters/10-380>		<http://ids.clld.org/values/10-380-286-3>		"hukoʔ"@pav	
"peǰu"@gug	<http://ids.clld.org/values/10-380-290-1>		<http://ids.clld.org/parameters/10-380>		<http://ids.clld.org/values/10-380-286-1>		"hu"@pav	
"ɨvɨra"@gug	<http://ids.clld.org/values/8-600-290-1>		<http://ids.clld.org/parameters/8-600>		<http://ids.clld.org/values/8-600-286-1>		"pana"@pav	
"ǰu"@gug	<http://ids.clld.org/values/15-690-290-3>		<http://ids.clld.org/parameters/15-690>		<http://ids.clld.org/values/15-690-286-1>		"košik"@pav	
"ɨreⁿda"@gug	<http://ids.clld.org/values/1-330-290-1>		<http://ids.clld.org/parameters/1-330>		<http://ids.clld.org/values/1-330-286-1>		"šuteremʔ"@pav	
"(ai)ko"@gug	<http://ids.clld.org/values/4-740-290-3>		<http://ids.clld.org/parameters/4-740>		<http://ids.clld.org/values/4-740-286-1>		"eʔ"@pav	
"ikareʔɨ̃va"@gug	<http://ids.clld.org/values/12-730-290-1>		<http://ids.clld.org/parameters/12-730>		<http://ids.clld.org/values/12-730-286-1>		"ka om šone ne"@pav	
"ᵐbota"@gug	<http://ids.clld.org/values/9-210-290-1>		<http://ids.clld.org/parameters/9-210>		<http://ids.clld.org/values/9-210-286-1>		"toʔ"@pav	
"ita"@gug	<http://ids.clld.org/values/1-440-290-1>		<http://ids.clld.org/parameters/1-440>		<http://ids.clld.org/values/1-440-286-1>		"pakun"@pav	
"pɨhɨ"@gug	<http://ids.clld.org/values/11-150-290-1>		<http://ids.clld.org/parameters/11-150>		<http://ids.clld.org/values/11-150-286-1>		"kep"@pav	
"mu-atã"@gug	<http://ids.clld.org/values/9-330-290-3>		<http://ids.clld.org/parameters/9-330>		<http://ids.clld.org/values/9-330-286-1>		"kök"@pav	
"poɣʷasu"@gug	<http://ids.clld.org/values/12-630-290-1>		<http://ids.clld.org/parameters/12-630>		<http://ids.clld.org/values/12-630-286-1>		"kwere"@pav	
"heka"@gug	<http://ids.clld.org/values/11-310-290-1>		<http://ids.clld.org/parameters/11-310>		<http://ids.clld.org/values/11-310-286-1>		"noro"@pav	
"mɨaɲa"@gug	<http://ids.clld.org/values/10-670-290-1>		<http://ids.clld.org/parameters/10-670>		<http://ids.clld.org/values/10-670-286-1>		"yök"@pav	
"h-o'ʔɨsã"@gug	<http://ids.clld.org/values/15-860-290-3>		<http://ids.clld.org/parameters/15-860>		<http://ids.clld.org/values/15-860-286-1>		"šio"@pav	
"h-o'ʔɨsã"@gug	<http://ids.clld.org/values/15-860-290-3>		<http://ids.clld.org/parameters/15-860>		<http://ids.clld.org/values/15-860-286-3>		"kapinʔ"@pav	
"ɨvɨra-'mata"@gug	<http://ids.clld.org/values/1-420-290-3>		<http://ids.clld.org/parameters/1-420>		<http://ids.clld.org/values/1-420-286-1>		"pana"@pav	
"tape"@gug	<http://ids.clld.org/values/10-720-290-1>		<http://ids.clld.org/parameters/10-720>		<http://ids.clld.org/values/10-720-286-1>		"wana (wanayišiʔ)"@pav	
"hovɨ"@gug	<http://ids.clld.org/values/15-680-290-1>		<http://ids.clld.org/parameters/15-680>		<http://ids.clld.org/values/15-680-286-1>		"tb̃um"@pav	
"ǰasɨ"@gug	<http://ids.clld.org/values/1-530-290-1>		<http://ids.clld.org/parameters/1-530>		<http://ids.clld.org/values/1-530-286-1>		"panawoʔ"@pav	
"papa"@gug	<http://ids.clld.org/values/13-107-290-1>		<http://ids.clld.org/parameters/13-107>		<http://ids.clld.org/values/13-107-286-1>		"piyimʔ"@pav	
"kɨhɨǰe"@gug	<http://ids.clld.org/values/16-530-290-1>		<http://ids.clld.org/parameters/16-530>		<http://ids.clld.org/values/16-530-286-1>		"yinʔ"@pav	
"ɣʷɨra"@gug	<http://ids.clld.org/values/3-581-290-1>		<http://ids.clld.org/parameters/3-581>		<http://ids.clld.org/values/3-581-286-1>		"me"@pav	
"ǰu"@gug	<http://ids.clld.org/values/10-480-290-1>		<http://ids.clld.org/parameters/10-480>		<http://ids.clld.org/values/10-480-286-1>		"makiʔ"@pav	
"puʔã"@gug	<http://ids.clld.org/values/12-150-290-3>		<http://ids.clld.org/parameters/12-150>		<http://ids.clld.org/values/12-150-286-1>		"tekiʔ pe"@pav	
"puʔã"@gug	<http://ids.clld.org/values/12-150-290-3>		<http://ids.clld.org/parameters/12-150>		<http://ids.clld.org/values/12-150-286-3>		"tekiʔ to"@pav	
"mano"@gug	<http://ids.clld.org/values/4-750-290-1>		<http://ids.clld.org/parameters/4-750>		<http://ids.clld.org/values/4-750-286-3>		"konoʔ"@pav	
"mano"@gug	<http://ids.clld.org/values/4-750-290-1>		<http://ids.clld.org/parameters/4-750>		<http://ids.clld.org/values/4-750-286-1>		"miʔ pin"@pav	
"sã"@gug	<http://ids.clld.org/values/9-190-290-3>		<http://ids.clld.org/parameters/9-190>		<http://ids.clld.org/values/9-190-286-1>		"makon (makorišiʔ)"@pav	
"pɨ"@gug	<http://ids.clld.org/values/12-610-290-3>		<http://ids.clld.org/parameters/12-610>		<http://ids.clld.org/values/12-610-286-1>		"kote ne kimain"@pav	
"ɨatã"@gug	<http://ids.clld.org/values/1-770-290-1>		<http://ids.clld.org/parameters/1-770>		<http://ids.clld.org/values/1-770-286-1>		"šio šio"@pav	
"ǰoka"@gug	<http://ids.clld.org/values/9-270-290-1>		<http://ids.clld.org/parameters/9-270>		<http://ids.clld.org/values/9-270-286-1>		"toʔ pahot"@pav	
"ǰoka"@gug	<http://ids.clld.org/values/9-270-290-1>		<http://ids.clld.org/parameters/9-270>		<http://ids.clld.org/values/9-270-286-3>		"toʔ pahorohot"@pav	
"t-ata-tina"@gug	<http://ids.clld.org/values/1-740-290-1>		<http://ids.clld.org/parameters/1-740>		<http://ids.clld.org/values/1-740-286-1>		"murukukuʔ"@pav	
"kapiʔipe"@gug	<http://ids.clld.org/values/8-510-290-3>		<http://ids.clld.org/parameters/8-510>		<http://ids.clld.org/values/8-510-286-1>		"tononoin"@pav	
"akɨ̃"@gug	<http://ids.clld.org/values/15-830-290-3>		<http://ids.clld.org/parameters/15-830>		<http://ids.clld.org/values/15-830-286-1>		"šoʔ"@pav	
"pira"@gug	<http://ids.clld.org/values/3-650-290-1>		<http://ids.clld.org/parameters/3-650>		<http://ids.clld.org/values/3-650-286-1>		"hwam (hwamišiʔ)"@pav	
"poʔi"@gug	<http://ids.clld.org/values/12-650-290-1>		<http://ids.clld.org/parameters/12-650>		<http://ids.clld.org/values/12-650-286-1>		"šašiʔ"@pav	
"t-aɣʷe"@gug	<http://ids.clld.org/values/4-140-290-1>		<http://ids.clld.org/parameters/4-140>		<http://ids.clld.org/values/4-140-286-1>		"tenenešiʔ"@pav	
"t-aɣʷe"@gug	<http://ids.clld.org/values/4-140-290-1>		<http://ids.clld.org/parameters/4-140>		<http://ids.clld.org/values/4-140-286-3>		"tenenein (šun)"@pav	
"ore"@gug	<http://ids.clld.org/values/2-942-290-1>		<http://ids.clld.org/parameters/2-942>		<http://ids.clld.org/values/2-942-286-1>		"warut"@pav	
"pɨʔa"@gug	<http://ids.clld.org/values/4-440-290-3>		<http://ids.clld.org/parameters/4-440>		<http://ids.clld.org/values/4-440-286-1>		"šimišiʔ (šim)"@pav	
"'kai"@gug	<http://ids.clld.org/values/1-851-290-1>		<http://ids.clld.org/parameters/1-851>		<http://ids.clld.org/values/1-851-286-3>		"wiran"@pav	
"'kai"@gug	<http://ids.clld.org/values/1-851-290-1>		<http://ids.clld.org/parameters/1-851>		<http://ids.clld.org/values/1-851-286-1>		"tom"@pav	
"'kai"@gug	<http://ids.clld.org/values/1-851-290-1>		<http://ids.clld.org/parameters/1-851>		<http://ids.clld.org/values/1-851-286-5>		"karahoʔ"@pav	
"oĩporã"@gug	<http://ids.clld.org/values/16-730-290-1>		<http://ids.clld.org/parameters/16-730>		<http://ids.clld.org/values/16-730-286-1>		"šoʔ"@pav	
"t-aɣʷe"@gug	<http://ids.clld.org/values/4-393-290-1>		<http://ids.clld.org/parameters/4-393>		<http://ids.clld.org/values/4-393-286-1>		"tenenein (šun)"@pav	
"popĩ"@gug	<http://ids.clld.org/values/5-480-290-3>		<http://ids.clld.org/parameters/5-480>		<http://ids.clld.org/values/5-480-286-1>		"kuruk"@pav	
"ɨva"@gug	<http://ids.clld.org/values/5-710-290-3>		<http://ids.clld.org/parameters/5-710>		<http://ids.clld.org/values/5-710-286-3>		"winain"@pav	
"ɨva"@gug	<http://ids.clld.org/values/5-710-290-3>		<http://ids.clld.org/parameters/5-710>		<http://ids.clld.org/values/5-710-286-1>		"memem"@pav	
"r-oʔɨ"@gug	<http://ids.clld.org/values/15-860-290-1>		<http://ids.clld.org/parameters/15-860>		<http://ids.clld.org/values/15-860-286-1>		"šio"@pav	
"r-oʔɨ"@gug	<http://ids.clld.org/values/15-860-290-1>		<http://ids.clld.org/parameters/15-860>		<http://ids.clld.org/values/15-860-286-3>		"kapinʔ"@pav	
"ɨvɨ-tiᵐbo"@gug	<http://ids.clld.org/values/1-213-290-1>		<http://ids.clld.org/parameters/1-213>		<http://ids.clld.org/values/1-213-286-1>		"tainʔ"@pav	
"suʔu"@gug	<http://ids.clld.org/values/4-580-290-1>		<http://ids.clld.org/parameters/4-580>		<http://ids.clld.org/values/4-580-286-1>		"kio"@pav	
"karãi"@gug	<http://ids.clld.org/values/5-480-290-1>		<http://ids.clld.org/parameters/5-480>		<http://ids.clld.org/values/5-480-286-1>		"kuruk"@pav	
"'sɨ̃i"@gug	<http://ids.clld.org/values/15-770-290-1>		<http://ids.clld.org/parameters/15-770>		<http://ids.clld.org/values/15-770-286-1>		"topišik"@pav	
"ǰesareko"@gug	<http://ids.clld.org/values/17-130-290-5>		<http://ids.clld.org/parameters/17-130>		<http://ids.clld.org/values/17-130-286-1>		"koromikat"@pav	
"pɨahu"@gug	<http://ids.clld.org/values/14-130-290-1>		<http://ids.clld.org/parameters/14-130>		<http://ids.clld.org/values/14-130-286-1>		"šokori"@pav	
"tiᵐbo"@gug	<http://ids.clld.org/values/1-830-290-3>		<http://ids.clld.org/parameters/1-830>		<http://ids.clld.org/values/1-830-286-1>		"tainʔ"@pav	
"ɨpa"@gug	<http://ids.clld.org/values/1-330-290-3>		<http://ids.clld.org/parameters/1-330>		<http://ids.clld.org/values/1-330-286-1>		"šuteremʔ"@pav	
"t-ɨe"@gug	<http://ids.clld.org/values/4-461-290-3>		<http://ids.clld.org/parameters/4-461>		<http://ids.clld.org/values/4-461-286-1>		"monošiʔ (mon)"@pav	
"t-upiʔa"@gug	<http://ids.clld.org/values/5-970-290-1>		<http://ids.clld.org/parameters/5-970>		<http://ids.clld.org/values/5-970-286-1>		"arayein"@pav	
"ǰuka"@gug	<http://ids.clld.org/values/4-760-290-1>		<http://ids.clld.org/parameters/4-760>		<http://ids.clld.org/values/4-760-286-1>		"paʔ"@pav	
"ɨvi"@gug	<http://ids.clld.org/values/12-730-290-3>		<http://ids.clld.org/parameters/12-730>		<http://ids.clld.org/values/12-730-286-1>		"ka om šone ne"@pav	
"pɨʔa-mirĩ"@gug	<http://ids.clld.org/values/16-530-290-3>		<http://ids.clld.org/parameters/16-530>		<http://ids.clld.org/values/16-530-286-1>		"yinʔ"@pav	
"porã"@gug	<http://ids.clld.org/values/16-710-290-3>		<http://ids.clld.org/parameters/16-710>		<http://ids.clld.org/values/16-710-286-1>		"awi"@pav	
"t-eᵐbireko"@gug	<http://ids.clld.org/values/2-320-290-1>		<http://ids.clld.org/parameters/2-320>		<http://ids.clld.org/values/2-320-286-1>		"mana"@pav	
"ǰe"@gug	<http://ids.clld.org/values/18-220-290-5>		<http://ids.clld.org/parameters/18-220>		<http://ids.clld.org/values/18-220-286-1>		"tomiʔ šoʔ"@pav	
"a'ǰura"@gug	<http://ids.clld.org/values/4-280-290-1>		<http://ids.clld.org/parameters/4-280>		<http://ids.clld.org/values/4-280-286-1>		"paramašiʔ"@pav	
"pɨtu-hẽ"@gug	<http://ids.clld.org/values/4-510-290-3>		<http://ids.clld.org/parameters/4-510>		<http://ids.clld.org/values/4-510-286-1>		"wereme"@pav	
"haʔe-'kuera"@gug	<http://ids.clld.org/values/2-960-290-1>		<http://ids.clld.org/parameters/2-960>		<http://ids.clld.org/values/2-960-286-1>		"karam maʔ"@pav	
"kuiᵐbaʔe"@gug	<http://ids.clld.org/values/2-230-290-1>		<http://ids.clld.org/parameters/2-230>		<http://ids.clld.org/values/2-230-286-1>		"taramaʔ"@pav	
"ape"@gug	<http://ids.clld.org/values/4-190-290-1>		<http://ids.clld.org/parameters/4-190>		<http://ids.clld.org/values/4-190-286-1>		"warašiʔ"@pav	
"araipɨtu"@gug	<http://ids.clld.org/values/1-740-290-3>		<http://ids.clld.org/parameters/1-740>		<http://ids.clld.org/values/1-740-286-1>		"murukukuʔ"@pav	
"t-aʔɨ̃i"@gug	<http://ids.clld.org/values/8-311-290-1>		<http://ids.clld.org/parameters/8-311>		<http://ids.clld.org/values/8-311-286-1>		"tokwi"@pav	
"kaʔa-ɣʷɨ"@gug	<http://ids.clld.org/values/1-410-290-1>		<http://ids.clld.org/parameters/1-410>		<http://ids.clld.org/values/1-410-286-1>		"nahwarak"@pav	
"ᵐboʔ-ɨvɨ-kua"@gug	<http://ids.clld.org/values/8-220-290-3>		<http://ids.clld.org/parameters/8-220>		<http://ids.clld.org/values/8-220-286-1>		"še"@pav	
"ᵐboʔ-ɨvɨ-kua"@gug	<http://ids.clld.org/values/8-220-290-3>		<http://ids.clld.org/parameters/8-220>		<http://ids.clld.org/values/8-220-286-3>		"šikeʔ"@pav	
"h-eko-porã"@gug	<http://ids.clld.org/values/16-730-290-5>		<http://ids.clld.org/parameters/16-730>		<http://ids.clld.org/values/16-730-286-1>		"šoʔ"@pav	
"haiᵐbe"@gug	<http://ids.clld.org/values/15-780-290-1>		<http://ids.clld.org/parameters/15-780>		<http://ids.clld.org/values/15-780-286-1>		"šaʔ"@pav	
"t-ɨᵐba"@gug	<http://ids.clld.org/values/3-110-290-1>		<http://ids.clld.org/parameters/3-110>		<http://ids.clld.org/values/3-110-286-1>		"karawa"@pav	
"ɲeᵐbosa'rai"@gug	<http://ids.clld.org/values/16-260-290-1>		<http://ids.clld.org/parameters/16-260>		<http://ids.clld.org/values/16-260-286-1>		"warayu"@pav	
"ɲaɲa"@gug	<http://ids.clld.org/values/16-720-290-1>		<http://ids.clld.org/parameters/16-720>		<http://ids.clld.org/values/16-720-286-1>		"kayi"@pav	
"ɲapɨtĩ"@gug	<http://ids.clld.org/values/9-160-290-3>		<http://ids.clld.org/parameters/9-160>		<http://ids.clld.org/values/9-160-286-1>		"tuku"@pav	
"ɨsɨpo"@gug	<http://ids.clld.org/values/8-670-290-1>		<http://ids.clld.org/parameters/8-670>		<http://ids.clld.org/values/8-670-286-1>		"makon (makorišiʔ)"@pav	
"'ᵐboi"@gug	<http://ids.clld.org/values/3-850-290-1>		<http://ids.clld.org/parameters/3-850>		<http://ids.clld.org/values/3-850-286-1>		"emʔ"@pav	
"mičĩ"@gug	<http://ids.clld.org/values/13-170-290-3>		<http://ids.clld.org/parameters/13-170>		<http://ids.clld.org/values/13-170-286-1>		"parek"@pav	
"mičĩ"@gug	<http://ids.clld.org/values/12-560-290-1>		<http://ids.clld.org/parameters/12-560>		<http://ids.clld.org/values/12-560-286-1>		"wiyimain"@pav	
"ᵐbɨǰa"@gug	<http://ids.clld.org/values/1-540-290-1>		<http://ids.clld.org/parameters/1-540>		<http://ids.clld.org/values/1-540-286-1>		"piyoʔ"@pav	
"ve'vui"@gug	<http://ids.clld.org/values/10-340-290-1>		<http://ids.clld.org/parameters/10-340>		<http://ids.clld.org/values/10-340-286-1>		"ho"@pav	
"ve'vui"@gug	<http://ids.clld.org/values/10-340-290-1>		<http://ids.clld.org/parameters/10-340>		<http://ids.clld.org/values/10-340-286-3>		"horoho"@pav	
"ava"@gug	<http://ids.clld.org/values/2-210-290-1>		<http://ids.clld.org/parameters/2-210>		<http://ids.clld.org/values/2-210-286-1>		"taramaʔ"@pav	
"akãŋeta"@gug	<http://ids.clld.org/values/17-130-290-1>		<http://ids.clld.org/parameters/17-130>		<http://ids.clld.org/values/17-130-286-1>		"koromikat"@pav	
"penarã"@gug	<http://ids.clld.org/values/4-360-290-1>		<http://ids.clld.org/parameters/4-360>		<http://ids.clld.org/values/4-360-286-1>		"karamašiʔ (karam)"@pav	
"ⁿdivu"@gug	<http://ids.clld.org/values/4-560-290-1>		<http://ids.clld.org/parameters/4-560>		<http://ids.clld.org/values/4-560-286-1>		"hupaʔ"@pav	
"ɣʷapɨ"@gug	<http://ids.clld.org/values/12-130-290-1>		<http://ids.clld.org/parameters/12-130>		<http://ids.clld.org/values/12-130-286-1>		"šaoʔ pe"@pav	
"ɣʷapɨ"@gug	<http://ids.clld.org/values/12-130-290-1>		<http://ids.clld.org/parameters/12-130>		<http://ids.clld.org/values/12-130-286-3>		"šaoʔ to"@pav	
"tuiča"@gug	<http://ids.clld.org/values/12-550-290-1>		<http://ids.clld.org/parameters/12-550>		<http://ids.clld.org/values/12-550-286-1>		"hwaraʔ"@pav	
"tuiča"@gug	<http://ids.clld.org/values/12-550-290-1>		<http://ids.clld.org/parameters/12-550>		<http://ids.clld.org/values/12-550-286-3>		"horon"@pav	
"pičɨ"@gug	<http://ids.clld.org/values/9-310-290-3>		<http://ids.clld.org/parameters/9-310>		<http://ids.clld.org/values/9-310-286-1>		"šik"@pav	
"ǰukɨ"@gug	<http://ids.clld.org/values/5-810-290-1>		<http://ids.clld.org/parameters/5-810>		<http://ids.clld.org/values/5-810-286-1>		"[sal]"@pav	
"ᵐbaʔe"@gug	<http://ids.clld.org/values/13-181-290-1>		<http://ids.clld.org/parameters/13-181>		<http://ids.clld.org/values/13-181-286-1>		"arakaʔ"@pav	
"mo-saraᵐbi"@gug	<http://ids.clld.org/values/16-260-290-3>		<http://ids.clld.org/parameters/16-260>		<http://ids.clld.org/values/16-260-286-1>		"warayu"@pav	
"mosã"@gug	<http://ids.clld.org/values/9-160-290-1>		<http://ids.clld.org/parameters/9-160>		<http://ids.clld.org/values/9-160-286-1>		"tuku"@pav	
"kuarahɨ"@gug	<http://ids.clld.org/values/1-520-290-1>		<http://ids.clld.org/parameters/1-520>		<http://ids.clld.org/values/1-520-286-1>		"šina"@pav	
"pɨsapẽ"@gug	<http://ids.clld.org/values/4-345-290-3>		<http://ids.clld.org/parameters/4-345>		<http://ids.clld.org/values/4-345-286-1>		"šikinain"@pav	
"kɨ"@gug	<http://ids.clld.org/values/3-811-290-1>		<http://ids.clld.org/parameters/3-811>		<http://ids.clld.org/values/3-811-286-1>		"ioʔ"@pav	
"apɨᵑgʷa"@gug	<http://ids.clld.org/values/4-230-290-3>		<http://ids.clld.org/parameters/4-230>		<http://ids.clld.org/values/4-230-286-1>		"werešiʔ (ut)"@pav	
"pɨ"@gug	<http://ids.clld.org/values/4-370-290-1>		<http://ids.clld.org/parameters/4-370>		<http://ids.clld.org/values/4-370-286-1>		"kašimašiʔ (kašim)"@pav	
"ruru"@gug	<http://ids.clld.org/values/4-853-290-5>		<http://ids.clld.org/parameters/4-853>		<http://ids.clld.org/values/4-853-286-1>		"mom"@pav	
"ɲaⁿde"@gug	<http://ids.clld.org/values/2-941-290-1>		<http://ids.clld.org/parameters/2-941>		<http://ids.clld.org/values/2-941-286-1>		"wariʔ"@pav	
"ǰere"@gug	<http://ids.clld.org/values/10-130-290-1>		<http://ids.clld.org/parameters/10-130>		<http://ids.clld.org/values/10-130-286-1>		"yami"@pav	
"če"@gug	<http://ids.clld.org/values/2-910-290-1>		<http://ids.clld.org/parameters/2-910>		<http://ids.clld.org/values/2-910-286-1>		"wataʔ"@pav	
"pura'hei"@gug	<http://ids.clld.org/values/18-120-290-1>		<http://ids.clld.org/parameters/18-120>		<http://ids.clld.org/values/18-120-286-1>		"kom"@pav	
"roʔɨ"@gug	<http://ids.clld.org/values/14-730-290-3>		<http://ids.clld.org/parameters/14-730>		<http://ids.clld.org/values/14-730-286-1>		"kawašiʔ"@pav	
"kãᵑɣʷe"@gug	<http://ids.clld.org/values/4-160-290-1>		<http://ids.clld.org/parameters/4-160>		<http://ids.clld.org/values/4-160-286-1>		"arašiʔ (at)"@pav	
"sɨ"@gug	<http://ids.clld.org/values/2-360-290-1>		<http://ids.clld.org/parameters/2-360>		<http://ids.clld.org/values/2-360-286-1>		"naʔ"@pav	
"ɲana"@gug	<http://ids.clld.org/values/8-510-290-1>		<http://ids.clld.org/parameters/8-510>		<http://ids.clld.org/values/8-510-286-1>		"tononoin"@pav	
"ɨvɨ-tɨ"@gug	<http://ids.clld.org/values/1-220-290-1>		<http://ids.clld.org/parameters/1-220>		<http://ids.clld.org/values/1-220-286-1>		"pakun"@pav	
"t-ɨᵐba-api"@gug	<http://ids.clld.org/values/20-610-290-3>		<http://ids.clld.org/parameters/20-610>		<http://ids.clld.org/values/20-610-286-1>		"yiʔam"@pav	
"ᵐbovɨvɨ"@gug	<http://ids.clld.org/values/6-350-290-1>		<http://ids.clld.org/parameters/6-350>		<http://ids.clld.org/values/6-350-286-1>		"ok"@pav	
"itɨ"@gug	<http://ids.clld.org/values/10-250-290-3>		<http://ids.clld.org/parameters/10-250>		<http://ids.clld.org/values/10-250-286-3>		"wišikaoʔ"@pav	
"itɨ"@gug	<http://ids.clld.org/values/10-250-290-3>		<http://ids.clld.org/parameters/10-250>		<http://ids.clld.org/values/10-250-286-1>		"šin"@pav	
"ke"@gug	<http://ids.clld.org/values/4-610-290-1>		<http://ids.clld.org/parameters/4-610>		<http://ids.clld.org/values/4-610-286-1>		"piʔam"@pav	
"počɨ"@gug	<http://ids.clld.org/values/16-420-290-1>		<http://ids.clld.org/parameters/16-420>		<http://ids.clld.org/values/16-420-286-1>		"manaʔ"@pav	
"hũ"@gug	<http://ids.clld.org/values/15-650-290-1>		<http://ids.clld.org/parameters/15-650>		<http://ids.clld.org/values/15-650-286-1>		"mišem"@pav	
"[mariska]"@gug	<http://ids.clld.org/values/20-610-290-5>		<http://ids.clld.org/parameters/20-610>		<http://ids.clld.org/values/20-610-286-1>		"yiʔam"@pav	
"ama"@gug	<http://ids.clld.org/values/1-750-290-1>		<http://ids.clld.org/parameters/1-750>		<http://ids.clld.org/values/1-750-286-1>		"šowiʔ"@pav	
"ǰopɨ"@gug	<http://ids.clld.org/values/9-343-290-1>		<http://ids.clld.org/parameters/9-343>		<http://ids.clld.org/values/9-343-286-1>		"humʔ"@pav	
"ɲavõ"@gug	<http://ids.clld.org/values/13-140-290-7>		<http://ids.clld.org/parameters/13-140>		<http://ids.clld.org/values/13-140-286-1>		"šam"@pav	
"aɲa"@gug	<http://ids.clld.org/values/16-720-290-3>		<http://ids.clld.org/parameters/16-720>		<http://ids.clld.org/values/16-720-286-1>		"kayi"@pav	
"ɣʷasu"@gug	<http://ids.clld.org/values/12-550-290-3>		<http://ids.clld.org/parameters/12-550>		<http://ids.clld.org/values/12-550-286-1>		"hwaraʔ"@pav	
"ɣʷasu"@gug	<http://ids.clld.org/values/12-550-290-3>		<http://ids.clld.org/parameters/12-550>		<http://ids.clld.org/values/12-550-286-3>		"horon"@pav	
"e"@gug	<http://ids.clld.org/values/18-220-290-1>		<http://ids.clld.org/parameters/18-220>		<http://ids.clld.org/values/18-220-286-1>		"tomiʔ šoʔ"@pav	
"h-apɨ"@gug	<http://ids.clld.org/values/1-851-290-3>		<http://ids.clld.org/parameters/1-851>		<http://ids.clld.org/values/1-851-286-3>		"wiran"@pav	
"h-apɨ"@gug	<http://ids.clld.org/values/1-851-290-3>		<http://ids.clld.org/parameters/1-851>		<http://ids.clld.org/values/1-851-286-1>		"tom"@pav	
"h-apɨ"@gug	<http://ids.clld.org/values/1-851-290-3>		<http://ids.clld.org/parameters/1-851>		<http://ids.clld.org/values/1-851-286-5>		"karahoʔ"@pav	
"ɣʷeʔẽ"@gug	<http://ids.clld.org/values/4-570-290-1>		<http://ids.clld.org/parameters/4-570>		<http://ids.clld.org/values/4-570-286-1>		"weʔ"@pav	
"ᵐbɨʔa"@gug	<http://ids.clld.org/values/4-450-290-1>		<http://ids.clld.org/parameters/4-450>		<http://ids.clld.org/values/4-450-286-1>		"tarawanašiʔ (tarawan)"@pav	
"kuaa"@gug	<http://ids.clld.org/values/17-170-290-1>		<http://ids.clld.org/parameters/17-170>		<http://ids.clld.org/values/17-170-286-1>		"tašiʔ"@pav	
"kuaa"@gug	<http://ids.clld.org/values/17-170-290-1>		<http://ids.clld.org/parameters/17-170>		<http://ids.clld.org/values/17-170-286-3>		"kerek"@pav	
"kuaa"@gug	<http://ids.clld.org/values/17-170-290-1>		<http://ids.clld.org/parameters/17-170>		<http://ids.clld.org/values/17-170-286-5>		"kerek pinʔ"@pav	
"karu"@gug	<http://ids.clld.org/values/5-110-290-3>		<http://ids.clld.org/parameters/5-110>		<http://ids.clld.org/values/5-110-286-1>		"kaoʔ"@pav	
"karu"@gug	<http://ids.clld.org/values/5-110-290-3>		<http://ids.clld.org/parameters/5-110>		<http://ids.clld.org/values/5-110-286-3>		"kakakaoʔ"@pav	
"anaᵐbusu"@gug	<http://ids.clld.org/values/12-630-290-3>		<http://ids.clld.org/parameters/12-630>		<http://ids.clld.org/values/12-630-286-1>		"kwere"@pav	
"ɨvɨra"@gug	<http://ids.clld.org/values/1-420-290-1>		<http://ids.clld.org/parameters/1-420>		<http://ids.clld.org/values/1-420-286-1>		"pana"@pav	
"'mena"@gug	<http://ids.clld.org/values/2-310-290-1>		<http://ids.clld.org/parameters/2-310>		<http://ids.clld.org/values/2-310-286-1>		"taši"@pav	
"ǰuru"@gug	<http://ids.clld.org/values/4-240-290-1>		<http://ids.clld.org/parameters/4-240>		<http://ids.clld.org/values/4-240-286-1>		"kapiyašiʔ (topak)"@pav	
"mitã"@gug	<http://ids.clld.org/values/2-270-290-1>		<http://ids.clld.org/parameters/2-270>		<http://ids.clld.org/values/2-270-286-1>		"piyeʔ"@pav	
"soʔo"@gug	<http://ids.clld.org/values/5-610-290-1>		<http://ids.clld.org/parameters/5-610>		<http://ids.clld.org/values/5-610-286-1>		"karawa (karamayišiʔ)"@pav	
"ɨvɨtu"@gug	<http://ids.clld.org/values/1-720-290-1>		<http://ids.clld.org/parameters/1-720>		<http://ids.clld.org/values/1-720-286-1>		"hotowa"@pav	
"pɨtu"@gug	<http://ids.clld.org/values/4-510-290-1>		<http://ids.clld.org/parameters/4-510>		<http://ids.clld.org/values/4-510-286-1>		"wereme"@pav	
"t-ãi"@gug	<http://ids.clld.org/values/4-270-290-1>		<http://ids.clld.org/parameters/4-270>		<http://ids.clld.org/values/4-270-286-1>		"šišiʔ (yat)"@pav	
"ǰaɣʷa"@gug	<http://ids.clld.org/values/3-610-290-1>		<http://ids.clld.org/parameters/3-610>		<http://ids.clld.org/values/3-610-286-1>		"oromiyak"@pav	
"haʔe"@gug	<http://ids.clld.org/values/2-930-290-1>		<http://ids.clld.org/parameters/2-930>		<http://ids.clld.org/values/2-930-286-1>		"ko maʔ"@pav	
"ɲeᵐboʔɨ"@gug	<http://ids.clld.org/values/12-150-290-5>		<http://ids.clld.org/parameters/12-150>		<http://ids.clld.org/values/12-150-286-1>		"tekiʔ pe"@pav	
"ɲeᵐboʔɨ"@gug	<http://ids.clld.org/values/12-150-290-5>		<http://ids.clld.org/parameters/12-150>		<http://ids.clld.org/values/12-150-286-3>		"tekiʔ to"@pav	
"h-ɨakuã"@gug	<http://ids.clld.org/values/15-210-290-1>		<http://ids.clld.org/parameters/15-210>		<http://ids.clld.org/values/15-210-286-3>		"hu"@pav	
"h-ɨakuã"@gug	<http://ids.clld.org/values/15-210-290-1>		<http://ids.clld.org/parameters/15-210>		<http://ids.clld.org/values/15-210-286-1>		"nak"@pav	
