"kiyaʔ-"@ctz	<http://ids.clld.org/values/4-370-223-1>		<http://ids.clld.org/parameters/4-370>		<http://ids.clld.org/values/4-370-293-1>		"ii-par"@ram	
"š-tʸĩʔ"@ctz	<http://ids.clld.org/values/3-811-223-3>		<http://ids.clld.org/parameters/3-811>		<http://ids.clld.org/values/3-811-293-1>		"ii-ko"@ram	
"kunuʔ"@ctz	<http://ids.clld.org/values/3-840-223-1>		<http://ids.clld.org/parameters/3-840>		<http://ids.clld.org/values/3-840-293-1>		"hɔɔc̷ã"@ram	
"kʷilʸoʔo nu kunaʔã"@ctz	<http://ids.clld.org/values/2-310-223-1>		<http://ids.clld.org/parameters/2-310>		<http://ids.clld.org/values/2-310-293-1>		"ĩĩ-pyɛ"@ram	
"c̷ā tiʔ"@ctz	<http://ids.clld.org/values/16-230-223-1>		<http://ids.clld.org/parameters/16-230>		<http://ids.clld.org/values/16-230-293-1>		"hakʰrɨ"@ram	
"kiʔni"@ctz	<http://ids.clld.org/values/9-210-223-3>		<http://ids.clld.org/parameters/9-210>		<http://ids.clld.org/values/9-210-293-1>		"kʰrɔ̃k"@ram	
"katẽ"@ctz	<http://ids.clld.org/values/9-360-223-3>		<http://ids.clld.org/parameters/9-360>		<http://ids.clld.org/values/9-360-293-1>		"kuʔhõ"@ram	
"katẽ"@ctz	<http://ids.clld.org/values/9-360-223-3>		<http://ids.clld.org/parameters/9-360>		<http://ids.clld.org/values/9-360-293-3>		"kaʔhõ"@ram	
"kišĩʔ"@ctz	<http://ids.clld.org/values/8-510-223-3>		<http://ids.clld.org/parameters/8-510>		<http://ids.clld.org/values/8-510-293-1>		"aʔ-tuu"@ram	
"taʔa suʔʷa"@ctz	<http://ids.clld.org/values/12-920-223-5>		<http://ids.clld.org/parameters/12-920>		<http://ids.clld.org/values/12-920-293-1>		"kʰĩ"@ram	
"sta"@ctz	<http://ids.clld.org/values/9-343-223-1>		<http://ids.clld.org/parameters/9-343>		<http://ids.clld.org/values/9-343-293-1>		"ŋɛ̃n"@ram	
"ynĩ-"@ctz	<http://ids.clld.org/values/4-280-223-1>		<http://ids.clld.org/parameters/4-280>		<http://ids.clld.org/values/4-280-293-1>		"ii-put"@ram	
"['loru]"@ctz	<http://ids.clld.org/values/3-592-223-1>		<http://ids.clld.org/parameters/3-592>		<http://ids.clld.org/values/3-592-293-1>		"krɨy-ti"@ram	
"šoʔo"@ctz	<http://ids.clld.org/values/1-410-223-1>		<http://ids.clld.org/parameters/1-410>		<http://ids.clld.org/values/1-410-293-1>		"lam-"@ram	
"kunã"@ctz	<http://ids.clld.org/values/3-850-223-1>		<http://ids.clld.org/parameters/3-850>		<http://ids.clld.org/values/3-850-293-3>		"pat"@ram	
"kunã"@ctz	<http://ids.clld.org/values/3-850-223-1>		<http://ids.clld.org/parameters/3-850>		<http://ids.clld.org/values/3-850-293-1>		"kaaŋə"@ram	
"nuʔʷĩ"@ctz	<http://ids.clld.org/values/2-920-223-1>		<http://ids.clld.org/parameters/2-920>		<http://ids.clld.org/values/2-920-293-1>		"ka"@ram	
"lkaʔ"@ctz	<http://ids.clld.org/values/8-560-223-1>		<http://ids.clld.org/parameters/8-560>		<http://ids.clld.org/values/8-560-293-1>		"iʔ-ho"@ram	
"šaʔã"@ctz	<http://ids.clld.org/values/16-720-223-3>		<http://ids.clld.org/parameters/16-720>		<http://ids.clld.org/values/16-720-293-1>		"iʔkʰɛn"@ram	
"yka š-tʸũ"@ctz	<http://ids.clld.org/values/19-250-223-1>		<http://ids.clld.org/parameters/19-250>		<http://ids.clld.org/values/19-250-293-1>		"kʰo-"@ram	
"šē̃ lō"@ctz	<http://ids.clld.org/values/12-610-223-1>		<http://ids.clld.org/parameters/12-610>		<http://ids.clld.org/values/12-610-293-1>		"iʔ-pɔ"@ram	
"nguta ~ mta"@ctz	<http://ids.clld.org/values/8-311-223-1>		<http://ids.clld.org/parameters/8-311>		<http://ids.clld.org/values/8-311-293-1>		"iʔ-hɨɨ (hɨ- ?)"@ram	
"lo kičãʔ sū-"@ctz	<http://ids.clld.org/values/4-209-223-1>		<http://ids.clld.org/parameters/4-209>		<http://ids.clld.org/values/4-209-293-1>		"hamã"@ram	
"ku skaʔ"@ctz	<http://ids.clld.org/values/16-290-223-3>		<http://ids.clld.org/parameters/16-290>		<http://ids.clld.org/values/16-290-293-1>		"p (?)"@ram	
"tiʔi"@ctz	<http://ids.clld.org/values/16-310-223-1>		<http://ids.clld.org/parameters/16-310>		<http://ids.clld.org/values/16-310-293-1>		"-c̷a-"@ram	
"tiʔi"@ctz	<http://ids.clld.org/values/16-310-223-1>		<http://ids.clld.org/parameters/16-310>		<http://ids.clld.org/values/16-310-293-3>		"ha- (?)"@ram	
"škʷa"@ctz	<http://ids.clld.org/values/12-140-223-1>		<http://ids.clld.org/parameters/12-140>		<http://ids.clld.org/values/12-140-293-1>		"nɔ̃"@ram	
"tukʷī̃"@ctz	<http://ids.clld.org/values/12-570-223-1>		<http://ids.clld.org/parameters/12-570>		<http://ids.clld.org/values/12-570-293-1>		"i-rɨɨ"@ram	
"kiɲi"@ctz	<http://ids.clld.org/values/3-581-223-1>		<http://ids.clld.org/parameters/3-581>		<http://ids.clld.org/values/3-581-293-1>		"kɛ̃"@ram	
"tuʔwa-"@ctz	<http://ids.clld.org/values/4-240-223-1>		<http://ids.clld.org/parameters/4-240>		<http://ids.clld.org/values/4-240-293-1>		"-yarkʰwa"@ram	
"hʷiʔĩ ndukũʔ"@ctz	<http://ids.clld.org/values/9-211-223-1>		<http://ids.clld.org/parameters/9-211>		<http://ids.clld.org/values/9-211-293-1>		"twə"@ram	
"yu"@ctz	<http://ids.clld.org/values/2-930-223-1>		<http://ids.clld.org/parameters/2-930>		<http://ids.clld.org/values/2-930-293-1>		"tamə̃"@ram	
"naʔã kī"@ctz	<http://ids.clld.org/values/7-520-223-1>		<http://ids.clld.org/parameters/7-520>		<http://ids.clld.org/values/7-520-293-1>		"po"@ram	
"suʔʷe"@ctz	<http://ids.clld.org/values/16-710-223-1>		<http://ids.clld.org/parameters/16-710>		<http://ids.clld.org/values/16-710-293-1>		"-pɛy"@ram	
"naʔã"@ctz	<http://ids.clld.org/values/7-120-223-1>		<http://ids.clld.org/parameters/7-120>		<http://ids.clld.org/values/7-120-293-1>		"ii-kʰrɛ"@ram	
"kʷiʔĩ"@ctz	<http://ids.clld.org/values/1-720-223-1>		<http://ids.clld.org/parameters/1-720>		<http://ids.clld.org/values/1-720-293-1>		"kʰook"@ram	
"kiʔɲi"@ctz	<http://ids.clld.org/values/4-856-223-1>		<http://ids.clld.org/parameters/4-856>		<http://ids.clld.org/values/4-856-293-1>		"kuhe"@ram	
"tikēʔ"@ctz	<http://ids.clld.org/values/15-850-223-1>		<http://ids.clld.org/parameters/15-850>		<http://ids.clld.org/values/15-850-293-1>		"kakrɔ"@ram	
"nã msaʔã"@ctz	<http://ids.clld.org/values/13-210-223-1>		<http://ids.clld.org/parameters/13-210>		<http://ids.clld.org/values/13-210-293-1>		"yic̷u"@ram	
"tʸihi"@ctz	<http://ids.clld.org/values/7-310-223-1>		<http://ids.clld.org/parameters/7-310>		<http://ids.clld.org/values/7-310-293-1>		"kiz (?)"@ram	
"tʸiʔĩ"@ctz	<http://ids.clld.org/values/7-110-223-1>		<http://ids.clld.org/parameters/7-110>		<http://ids.clld.org/values/7-110-293-1>		"kʰrĩ"@ram	
"tā̃"@ctz	<http://ids.clld.org/values/5-791-223-1>		<http://ids.clld.org/parameters/5-791>		<http://ids.clld.org/values/5-791-293-1>		"iʔ-twɨm"@ram	
"nā̃"@ctz	<http://ids.clld.org/values/18-280-223-1>		<http://ids.clld.org/parameters/18-280>		<http://ids.clld.org/values/18-280-293-1>		"awkʰe-"@ram	
"nā̃"@ctz	<http://ids.clld.org/values/18-280-223-1>		<http://ids.clld.org/parameters/18-280>		<http://ids.clld.org/values/18-280-293-3>		"yəyə-"@ram	
"kilō-"@ctz	<http://ids.clld.org/values/4-210-223-1>		<http://ids.clld.org/parameters/4-210>		<http://ids.clld.org/values/4-210-293-1>		"ii-tɔ"@ram	
"kulā kiyaʔ"@ctz	<http://ids.clld.org/values/10-440-223-1>		<http://ids.clld.org/parameters/10-440>		<http://ids.clld.org/values/10-440-293-1>		"hakrun (?)"@ram	
"nu lʸuʔ ti"@ctz	<http://ids.clld.org/values/2-270-223-1>		<http://ids.clld.org/parameters/2-270>		<http://ids.clld.org/values/2-270-293-1>		"aʔ-kʰra-rɛ"@ram	
"kīʔ"@ctz	<http://ids.clld.org/values/1-810-223-1>		<http://ids.clld.org/parameters/1-810>		<http://ids.clld.org/values/1-810-293-1>		"kuhɨ"@ram	
"taʔa"@ctz	<http://ids.clld.org/values/2-450-223-1>		<http://ids.clld.org/parameters/2-450>		<http://ids.clld.org/values/2-450-293-1>		"tɔ̃y-"@ram	
"kutī̃"@ctz	<http://ids.clld.org/values/10-610-223-1>		<http://ids.clld.org/parameters/10-610>		<http://ids.clld.org/values/10-610-293-1>		"pə"@ram	
"tukʷī̃ lti ti"@ctz	<http://ids.clld.org/values/10-720-223-1>		<http://ids.clld.org/parameters/10-720>		<http://ids.clld.org/values/10-720-293-1>		"prɨɨ"@ram	
"tʸukʷa"@ctz	<http://ids.clld.org/values/12-130-223-1>		<http://ids.clld.org/parameters/12-130>		<http://ids.clld.org/values/12-130-293-1>		"yə̃ (yɨ̃ ?)"@ram	
"ndla ti"@ctz	<http://ids.clld.org/values/14-210-223-1>		<http://ids.clld.org/parameters/14-210>		<http://ids.clld.org/values/14-210-293-1>		"kɨt-"@ram	
"kʸē"@ctz	<http://ids.clld.org/values/1-440-223-1>		<http://ids.clld.org/parameters/1-440>		<http://ids.clld.org/values/1-440-293-1>		"kʰɛn"@ram	
"kihĩ-"@ctz	<http://ids.clld.org/values/4-120-223-1>		<http://ids.clld.org/parameters/4-120>		<http://ids.clld.org/values/4-120-293-1>		"ii-kʰə (?)"@ram	
"suʔʷa"@ctz	<http://ids.clld.org/values/12-920-223-1>		<http://ids.clld.org/parameters/12-920>		<http://ids.clld.org/values/12-920-293-1>		"kʰĩ"@ram	
"tukʷī̃ ndʸaʔã kiyaʔ-"@ctz	<http://ids.clld.org/values/10-720-223-3>		<http://ids.clld.org/parameters/10-720>		<http://ids.clld.org/values/10-720-293-1>		"prɨɨ"@ram	
"kata čku"@ctz	<http://ids.clld.org/values/4-690-223-1>		<http://ids.clld.org/parameters/4-690>		<http://ids.clld.org/values/4-690-293-1>		"c̷wa"@ram	
"nde niʔ"@ctz	<http://ids.clld.org/values/12-50-223-3>		<http://ids.clld.org/parameters/12-50>		<http://ids.clld.org/values/12-50-293-1>		"kʰam"@ram	
"iʔ"@ctz	<http://ids.clld.org/values/2-930-223-5>		<http://ids.clld.org/parameters/2-930>		<http://ids.clld.org/values/2-930-293-1>		"tamə̃"@ram	
"ykʷã"@ctz	<http://ids.clld.org/values/12-740-223-1>		<http://ids.clld.org/parameters/12-740>		<http://ids.clld.org/values/12-740-293-1>		"yakɔt"@ram	
"tʸaʔã"@ctz	<http://ids.clld.org/values/10-450-223-1>		<http://ids.clld.org/parameters/10-450>		<http://ids.clld.org/values/10-450-293-1>		"mõ"@ram	
"seʔẽ ndʸukʷa tiʔa"@ctz	<http://ids.clld.org/values/1-370-223-1>		<http://ids.clld.org/parameters/1-370>		<http://ids.clld.org/values/1-370-293-1>		"kʰwa"@ram	
"yaʔ-"@ctz	<http://ids.clld.org/values/4-330-223-1>		<http://ids.clld.org/parameters/4-330>		<http://ids.clld.org/values/4-330-293-1>		"hũʔkʰra"@ram	
"lu-"@ctz	<http://ids.clld.org/values/4-450-223-1>		<http://ids.clld.org/parameters/4-450>		<http://ids.clld.org/values/4-450-293-1>		"ii-pa"@ram	
"kuʔnã"@ctz	<http://ids.clld.org/values/3-970-223-1>		<http://ids.clld.org/parameters/3-970>		<http://ids.clld.org/values/3-970-293-1>		"mĩĩ (mɨ̃ ?)"@ram	
"kišĩ"@ctz	<http://ids.clld.org/values/8-520-223-1>		<http://ids.clld.org/parameters/8-520>		<http://ids.clld.org/values/8-520-293-1>		"po-"@ram	
"kī wtʸi"@ctz	<http://ids.clld.org/values/8-520-223-3>		<http://ids.clld.org/parameters/8-520>		<http://ids.clld.org/values/8-520-293-1>		"po-"@ram	
"laʔa seʔẽ kā"@ctz	<http://ids.clld.org/values/12-420-223-1>		<http://ids.clld.org/parameters/12-420>		<http://ids.clld.org/values/12-420-293-1>		"aw-kʰɛ"@ram	
"ngatẽ"@ctz	<http://ids.clld.org/values/15-640-223-1>		<http://ids.clld.org/parameters/15-640>		<http://ids.clld.org/values/15-640-293-1>		"hakkʰa"@ram	
"ngatẽ"@ctz	<http://ids.clld.org/values/15-640-223-1>		<http://ids.clld.org/parameters/15-640>		<http://ids.clld.org/values/15-640-293-3>		"yakʰaa"@ram	
"kula"@ctz	<http://ids.clld.org/values/1-540-223-1>		<http://ids.clld.org/parameters/1-540>		<http://ids.clld.org/values/1-540-293-1>		"kac̷ee-rɛ"@ram	
"tnẽ-"@ctz	<http://ids.clld.org/values/4-150-223-1>		<http://ids.clld.org/parameters/4-150>		<http://ids.clld.org/values/4-150-293-1>		"ii-kaproo"@ram	
"tuʔʷa naʔã"@ctz	<http://ids.clld.org/values/7-150-223-1>		<http://ids.clld.org/parameters/7-150>		<http://ids.clld.org/values/7-150-293-1>		"ka-"@ram	
"si"@ctz	<http://ids.clld.org/values/3-920-223-1>		<http://ids.clld.org/parameters/3-920>		<http://ids.clld.org/values/3-920-293-1>		"wɛwɛ-"@ram	
"kiyaʔ-"@ctz	<http://ids.clld.org/values/4-350-223-1>		<http://ids.clld.org/parameters/4-350>		<http://ids.clld.org/values/4-350-293-1>		"ii-tɛ"@ram	
"čĩʔ ti"@ctz	<http://ids.clld.org/values/13-170-223-1>		<http://ids.clld.org/parameters/13-170>		<http://ids.clld.org/values/13-170-293-1>		"kʰɨɨpe-"@ram	
"suʔʷe nsuʔʷi tiye"@ctz	<http://ids.clld.org/values/16-230-223-3>		<http://ids.clld.org/parameters/16-230>		<http://ids.clld.org/values/16-230-293-1>		"hakʰrɨ"@ram	
"nu šuwe"@ctz	<http://ids.clld.org/values/2-270-223-3>		<http://ids.clld.org/parameters/2-270>		<http://ids.clld.org/values/2-270-293-1>		"aʔ-kʰra-rɛ"@ram	
"ni"@ctz	<http://ids.clld.org/values/2-930-223-7>		<http://ids.clld.org/parameters/2-930>		<http://ids.clld.org/values/2-930-293-1>		"tamə̃"@ram	
"kʷiɲãʔ"@ctz	<http://ids.clld.org/values/3-750-223-1>		<http://ids.clld.org/parameters/3-750>		<http://ids.clld.org/values/3-750-293-1>		"pɔ"@ram	
"kʷiɲãʔ"@ctz	<http://ids.clld.org/values/3-750-223-1>		<http://ids.clld.org/parameters/3-750>		<http://ids.clld.org/values/3-750-293-3>		"kaarə"@ram	
"yka"@ctz	<http://ids.clld.org/values/1-420-223-1>		<http://ids.clld.org/parameters/1-420>		<http://ids.clld.org/values/1-420-293-1>		"pĩĩ"@ram	
"taʔa kunaʔã"@ctz	<http://ids.clld.org/values/2-450-223-3>		<http://ids.clld.org/parameters/2-450>		<http://ids.clld.org/values/2-450-293-1>		"tɔ̃y-"@ram	
"ã"@ctz	<http://ids.clld.org/values/2-930-223-9>		<http://ids.clld.org/parameters/2-930>		<http://ids.clld.org/values/2-930-293-1>		"tamə̃"@ram	
"lkaʔ kita"@ctz	<http://ids.clld.org/values/8-680-223-1>		<http://ids.clld.org/parameters/8-680>		<http://ids.clld.org/values/8-680-293-1>		"parho"@ram	
"ku"@ctz	<http://ids.clld.org/values/5-110-223-1>		<http://ids.clld.org/parameters/5-110>		<http://ids.clld.org/values/5-110-293-3>		"kʰuu"@ram	
"ku"@ctz	<http://ids.clld.org/values/5-110-223-1>		<http://ids.clld.org/parameters/5-110>		<http://ids.clld.org/values/5-110-293-7>		"pa-"@ram	
"ku"@ctz	<http://ids.clld.org/values/5-110-223-1>		<http://ids.clld.org/parameters/5-110>		<http://ids.clld.org/values/5-110-293-5>		"kukʰu-"@ram	
"ku"@ctz	<http://ids.clld.org/values/5-110-223-1>		<http://ids.clld.org/parameters/5-110>		<http://ids.clld.org/values/5-110-293-1>		"-kʰrẽ"@ram	
"kʷaʔ"@ctz	<http://ids.clld.org/values/1-640-223-1>		<http://ids.clld.org/parameters/1-640>		<http://ids.clld.org/values/1-640-293-1>		"atər-"@ram	
"sū̃"@ctz	<http://ids.clld.org/values/8-540-223-1>		<http://ids.clld.org/parameters/8-540>		<http://ids.clld.org/values/8-540-293-1>		"haare"@ram	
"ɲuʔũ"@ctz	<http://ids.clld.org/values/4-820-223-1>		<http://ids.clld.org/parameters/4-820>		<http://ids.clld.org/values/4-820-293-1>		"pɛk-"@ram	
"kita yū"@ctz	<http://ids.clld.org/values/1-213-223-3>		<http://ids.clld.org/parameters/1-213>		<http://ids.clld.org/values/1-213-293-1>		"pye yakro"@ram	
"[tiyu] taʔa"@ctz	<http://ids.clld.org/values/2-510-223-1>		<http://ids.clld.org/parameters/2-510>		<http://ids.clld.org/values/2-510-293-1>		"kɛt"@ram	
"ši-tiʔĩ"@ctz	<http://ids.clld.org/values/10-130-223-1>		<http://ids.clld.org/parameters/10-130>		<http://ids.clld.org/values/10-130-293-1>		"ayrɔ̃"@ram	
"kyā"@ctz	<http://ids.clld.org/values/10-470-223-1>		<http://ids.clld.org/parameters/10-470>		<http://ids.clld.org/values/10-470-293-1>		"mɔ̃"@ram	
"yu kiʔʸu"@ctz	<http://ids.clld.org/values/2-210-223-1>		<http://ids.clld.org/parameters/2-210>		<http://ids.clld.org/values/2-210-293-1>		"hũm"@ram	
"hī"@ctz	<http://ids.clld.org/values/1-840-223-1>		<http://ids.clld.org/parameters/1-840>		<http://ids.clld.org/values/1-840-293-1>		"prɔ"@ram	
"ti-tiya nã"@ctz	<http://ids.clld.org/values/13-140-223-3>		<http://ids.clld.org/parameters/13-140>		<http://ids.clld.org/values/13-140-293-1>		"tu-"@ram	
"yka"@ctz	<http://ids.clld.org/values/1-430-223-1>		<http://ids.clld.org/parameters/1-430>		<http://ids.clld.org/values/1-430-293-1>		"pĩ"@ram	
"ndahã yka"@ctz	<http://ids.clld.org/values/8-750-223-1>		<http://ids.clld.org/parameters/8-750>		<http://ids.clld.org/values/8-750-293-1>		"ii-kʰə"@ram	
"seʔẽ"@ctz	<http://ids.clld.org/values/12-110-223-1>		<http://ids.clld.org/parameters/12-110>		<http://ids.clld.org/values/12-110-293-1>		"-li-"@ram	
"skuwe ~ suwe"@ctz	<http://ids.clld.org/values/5-970-223-1>		<http://ids.clld.org/parameters/5-970>		<http://ids.clld.org/values/5-970-293-1>		"in-krɛ"@ram	
"kilʸa"@ctz	<http://ids.clld.org/values/20-250-223-1>		<http://ids.clld.org/parameters/20-250>		<http://ids.clld.org/values/20-250-293-1>		"kruw"@ram	
"kū̃ ['papa]"@ctz	<http://ids.clld.org/values/5-700-223-1>		<http://ids.clld.org/parameters/5-700>		<http://ids.clld.org/values/5-700-293-1>		"yat (yɛt ?)"@ram	
"kʷē̃"@ctz	<http://ids.clld.org/values/3-591-223-1>		<http://ids.clld.org/parameters/3-591>		<http://ids.clld.org/values/3-591-293-1>		"c̷ɛprɛ"@ram	
"sti"@ctz	<http://ids.clld.org/values/2-350-223-1>		<http://ids.clld.org/parameters/2-350>		<http://ids.clld.org/values/2-350-293-1>		"-pãm"@ram	
"sti"@ctz	<http://ids.clld.org/values/2-350-223-1>		<http://ids.clld.org/parameters/2-350>		<http://ids.clld.org/values/2-350-293-3>		"c̷ũ"@ram	
"nguhʷi"@ctz	<http://ids.clld.org/values/4-750-223-3>		<http://ids.clld.org/parameters/4-750>		<http://ids.clld.org/values/4-750-293-1>		"tɨɨ- (tɨ ?)"@ram	
"kū̃ yū"@ctz	<http://ids.clld.org/values/8-920-223-1>		<http://ids.clld.org/parameters/8-920>		<http://ids.clld.org/values/8-920-293-1>		"kʰwɨrɨ"@ram	
"kʷi"@ctz	<http://ids.clld.org/values/14-130-223-1>		<http://ids.clld.org/parameters/14-130>		<http://ids.clld.org/values/14-130-293-1>		"-tuwa"@ram	
"čkĩ"@ctz	<http://ids.clld.org/values/1-852-223-1>		<http://ids.clld.org/parameters/1-852>		<http://ids.clld.org/values/1-852-293-1>		"pok"@ram	
"kuʔu"@ctz	<http://ids.clld.org/values/4-740-223-1>		<http://ids.clld.org/parameters/4-740>		<http://ids.clld.org/values/4-740-293-1>		"tĩ"@ram	
"skũ-"@ctz	<http://ids.clld.org/values/4-310-223-1>		<http://ids.clld.org/parameters/4-310>		<http://ids.clld.org/values/4-310-293-1>		"pa"@ram	
"kusī̃"@ctz	<http://ids.clld.org/values/9-343-223-3>		<http://ids.clld.org/parameters/9-343>		<http://ids.clld.org/values/9-343-293-1>		"ŋɛ̃n"@ram	
"hʸã"@ctz	<http://ids.clld.org/values/8-120-223-1>		<http://ids.clld.org/parameters/8-120>		<http://ids.clld.org/values/8-120-293-1>		"pur"@ram	
"kyā̃"@ctz	<http://ids.clld.org/values/10-480-223-1>		<http://ids.clld.org/parameters/10-480>		<http://ids.clld.org/values/10-480-293-1>		"-tẽ"@ram	
"kʷiɲãʔ"@ctz	<http://ids.clld.org/values/5-840-223-1>		<http://ids.clld.org/parameters/5-840>		<http://ids.clld.org/values/5-840-293-1>		"pɛn"@ram	
"c̷ā tū̃"@ctz	<http://ids.clld.org/values/12-150-223-1>		<http://ids.clld.org/parameters/12-150>		<http://ids.clld.org/values/12-150-293-1>		"c̷a"@ram	
"hʸaʔã"@ctz	<http://ids.clld.org/values/9-360-223-1>		<http://ids.clld.org/parameters/9-360>		<http://ids.clld.org/values/9-360-293-1>		"kuʔhõ"@ram	
"hʸaʔã"@ctz	<http://ids.clld.org/values/9-360-223-1>		<http://ids.clld.org/parameters/9-360>		<http://ids.clld.org/values/9-360-293-3>		"kaʔhõ"@ram	
"kula"@ctz	<http://ids.clld.org/values/3-650-223-1>		<http://ids.clld.org/parameters/3-650>		<http://ids.clld.org/values/3-650-293-3>		"krən-"@ram	
"kula"@ctz	<http://ids.clld.org/values/3-650-223-1>		<http://ids.clld.org/parameters/3-650>		<http://ids.clld.org/values/3-650-293-1>		"tɛp"@ram	
"heʔẽ-"@ctz	<http://ids.clld.org/values/4-180-223-1>		<http://ids.clld.org/parameters/4-180>		<http://ids.clld.org/values/4-180-293-1>		"ha-ppɨ"@ram	
"neʔ-"@ctz	<http://ids.clld.org/values/4-460-223-1>		<http://ids.clld.org/parameters/4-460>		<http://ids.clld.org/values/4-460-293-1>		"ii-tu"@ram	
"lʸuʔ"@ctz	<http://ids.clld.org/values/12-560-223-1>		<http://ids.clld.org/parameters/12-560>		<http://ids.clld.org/values/12-560-293-3>		"lɛ"@ram	
"lʸuʔ"@ctz	<http://ids.clld.org/values/12-560-223-1>		<http://ids.clld.org/parameters/12-560>		<http://ids.clld.org/values/12-560-293-1>		"ĩn-krirɛ"@ram	
"kʷi"@ctz	<http://ids.clld.org/values/10-370-223-1>		<http://ids.clld.org/parameters/10-370>		<http://ids.clld.org/values/10-370-293-1>		"tɛɛ"@ram	
"taʔa"@ctz	<http://ids.clld.org/values/12-920-223-3>		<http://ids.clld.org/parameters/12-920>		<http://ids.clld.org/values/12-920-293-1>		"kʰĩ"@ram	
"koʔo"@ctz	<http://ids.clld.org/values/5-130-223-1>		<http://ids.clld.org/parameters/5-130>		<http://ids.clld.org/values/5-130-293-1>		"-kʰõ (kʰɔ̃ ?)"@ram	
"kʷitʸēʔ"@ctz	<http://ids.clld.org/values/3-817-223-1>		<http://ids.clld.org/parameters/3-817>		<http://ids.clld.org/values/3-817-293-1>		"ahc̷un- (aʔc̷un- ?)"@ram	
"kilʸa"@ctz	<http://ids.clld.org/values/20-240-223-1>		<http://ids.clld.org/parameters/20-240>		<http://ids.clld.org/values/20-240-293-1>		"kuuhe"@ram	
"ska"@ctz	<http://ids.clld.org/values/13-10-223-1>		<http://ids.clld.org/parameters/13-10>		<http://ids.clld.org/values/13-10-293-1>		"pɨc̷it"@ram	
"tukʷī̃ kuʔ"@ctz	<http://ids.clld.org/values/12-570-223-3>		<http://ids.clld.org/parameters/12-570>		<http://ids.clld.org/values/12-570-293-1>		"i-rɨɨ"@ram	
"nĩ"@ctz	<http://ids.clld.org/values/18-280-223-3>		<http://ids.clld.org/parameters/18-280>		<http://ids.clld.org/values/18-280-293-1>		"awkʰe-"@ram	
"nĩ"@ctz	<http://ids.clld.org/values/18-280-223-3>		<http://ids.clld.org/parameters/18-280>		<http://ids.clld.org/values/18-280-293-3>		"yəyə-"@ram	
"kičãʔ-"@ctz	<http://ids.clld.org/values/4-140-223-1>		<http://ids.clld.org/parameters/4-140>		<http://ids.clld.org/values/4-140-293-1>		"ii-kʰĩ"@ram	
"skʷa ... tiʔa"@ctz	<http://ids.clld.org/values/10-350-223-1>		<http://ids.clld.org/parameters/10-350>		<http://ids.clld.org/values/10-350-293-1>		"ree"@ram	
"skʷa ... tiʔa"@ctz	<http://ids.clld.org/values/10-350-223-1>		<http://ids.clld.org/parameters/10-350>		<http://ids.clld.org/values/10-350-293-3>		"c̷wa"@ram	
"kʷã niʔ kʷã"@ctz	<http://ids.clld.org/values/1-510-223-1>		<http://ids.clld.org/parameters/1-510>		<http://ids.clld.org/values/1-510-293-1>		"koykʰwa"@ram	
"kunā̃"@ctz	<http://ids.clld.org/values/11-310-223-1>		<http://ids.clld.org/parameters/11-310>		<http://ids.clld.org/values/11-310-293-1>		"lɨ̃t"@ram	
"ha ..."@ctz	<http://ids.clld.org/values/17-560-223-3>		<http://ids.clld.org/parameters/17-560>		<http://ids.clld.org/values/17-560-293-1>		"ke-"@ram	
"tiʔa"@ctz	<http://ids.clld.org/values/1-310-223-1>		<http://ids.clld.org/parameters/1-310>		<http://ids.clld.org/values/1-310-293-1>		"ko"@ram	
"hū̃"@ctz	<http://ids.clld.org/values/6-380-223-1>		<http://ids.clld.org/parameters/6-380>		<http://ids.clld.org/values/6-380-293-1>		"he-"@ram	
"hū̃"@ctz	<http://ids.clld.org/values/6-380-223-1>		<http://ids.clld.org/parameters/6-380>		<http://ids.clld.org/values/6-380-293-3>		"-c̷e- (?)"@ram	
"ke-"@ctz	<http://ids.clld.org/values/4-200-223-1>		<http://ids.clld.org/parameters/4-200>		<http://ids.clld.org/values/4-200-293-1>		"ii-kʰrə̃"@ram	
"nãʔ"@ctz	<http://ids.clld.org/values/2-910-223-1>		<http://ids.clld.org/parameters/2-910>		<http://ids.clld.org/values/2-910-293-3>		"wa"@ram	
"nãʔ"@ctz	<http://ids.clld.org/values/2-910-223-1>		<http://ids.clld.org/parameters/2-910>		<http://ids.clld.org/values/2-910-293-1>		"pa"@ram	
"ska ti"@ctz	<http://ids.clld.org/values/13-330-223-1>		<http://ids.clld.org/parameters/13-330>		<http://ids.clld.org/values/13-330-293-3>		"kamã"@ram	
"ska ti"@ctz	<http://ids.clld.org/values/13-330-223-1>		<http://ids.clld.org/parameters/13-330>		<http://ids.clld.org/values/13-330-293-1>		"pit"@ram	
"tlʸu"@ctz	<http://ids.clld.org/values/12-550-223-1>		<http://ids.clld.org/parameters/12-550>		<http://ids.clld.org/values/12-550-293-1>		"ti-"@ram	
"kusoʔ"@ctz	<http://ids.clld.org/values/12-212-223-1>		<http://ids.clld.org/parameters/12-212>		<http://ids.clld.org/values/12-212-293-1>		"pɨ"@ram	
"kī"@ctz	<http://ids.clld.org/values/8-510-223-1>		<http://ids.clld.org/parameters/8-510>		<http://ids.clld.org/values/8-510-293-1>		"aʔ-tuu"@ram	
"hʸaʔã"@ctz	<http://ids.clld.org/values/2-360-223-1>		<http://ids.clld.org/parameters/2-360>		<http://ids.clld.org/values/2-360-293-1>		"-nə̃ə̃"@ram	
"ku"@ctz	<http://ids.clld.org/values/4-580-223-1>		<http://ids.clld.org/parameters/4-580>		<http://ids.clld.org/values/4-580-293-1>		"-ku-c̷a"@ram	
"šuwe"@ctz	<http://ids.clld.org/values/12-560-223-3>		<http://ids.clld.org/parameters/12-560>		<http://ids.clld.org/values/12-560-293-3>		"lɛ"@ram	
"šuwe"@ctz	<http://ids.clld.org/values/12-560-223-3>		<http://ids.clld.org/parameters/12-560>		<http://ids.clld.org/values/12-560-293-1>		"ĩn-krirɛ"@ram	
"c̷ā"@ctz	<http://ids.clld.org/values/10-470-223-3>		<http://ids.clld.org/parameters/10-470>		<http://ids.clld.org/values/10-470-293-1>		"mɔ̃"@ram	
"kʷilʸoʔo"@ctz	<http://ids.clld.org/values/2-320-223-3>		<http://ids.clld.org/parameters/2-320>		<http://ids.clld.org/values/2-320-293-1>		"ĩĩ-prõ"@ram	
"ku tuʔʷa"@ctz	<http://ids.clld.org/values/16-290-223-1>		<http://ids.clld.org/parameters/16-290>		<http://ids.clld.org/values/16-290-293-1>		"p (?)"@ram	
"ndã-"@ctz	<http://ids.clld.org/values/4-463-223-1>		<http://ids.clld.org/parameters/4-463>		<http://ids.clld.org/values/4-463-293-1>		"hɔ̃"@ram	
"yka nu kiʔni ke-"@ctz	<http://ids.clld.org/values/20-220-223-1>		<http://ids.clld.org/parameters/20-220>		<http://ids.clld.org/values/20-220-293-1>		"kʰo"@ram	
"y-ši"@ctz	<http://ids.clld.org/values/1-215-223-1>		<http://ids.clld.org/parameters/1-215>		<http://ids.clld.org/values/1-215-293-1>		"pye"@ram	
"kʸō"@ctz	<http://ids.clld.org/values/1-750-223-1>		<http://ids.clld.org/parameters/1-750>		<http://ids.clld.org/values/1-750-293-1>		"taa (ta ?)"@ram	
"wtʸi"@ctz	<http://ids.clld.org/values/15-840-223-1>		<http://ids.clld.org/parameters/15-840>		<http://ids.clld.org/values/15-840-293-1>		"krə"@ram	
"wtʸi"@ctz	<http://ids.clld.org/values/15-840-223-1>		<http://ids.clld.org/parameters/15-840>		<http://ids.clld.org/values/15-840-293-3>		"(kʰra ?)"@ram	
"luʔu"@ctz	<http://ids.clld.org/values/4-740-223-3>		<http://ids.clld.org/parameters/4-740>		<http://ids.clld.org/values/4-740-293-1>		"tĩ"@ram	
"neʔ"@ctz	<http://ids.clld.org/values/2-930-223-3>		<http://ids.clld.org/parameters/2-930>		<http://ids.clld.org/values/2-930-293-1>		"tamə̃"@ram	
"hyā̃"@ctz	<http://ids.clld.org/values/10-480-223-3>		<http://ids.clld.org/parameters/10-480>		<http://ids.clld.org/values/10-480-293-1>		"-tẽ"@ram	
"nǰga nã"@ctz	<http://ids.clld.org/values/13-140-223-1>		<http://ids.clld.org/parameters/13-140>		<http://ids.clld.org/values/13-140-293-1>		"tu-"@ram	
"ndze"@ctz	<http://ids.clld.org/values/14-210-223-3>		<http://ids.clld.org/parameters/14-210>		<http://ids.clld.org/values/14-210-293-1>		"kɨt-"@ram	
"tihʸã-"@ctz	<http://ids.clld.org/values/4-160-223-1>		<http://ids.clld.org/parameters/4-160>		<http://ids.clld.org/values/4-160-293-1>		"-hi"@ram	
"hoʔo"@ctz	<http://ids.clld.org/values/4-820-223-3>		<http://ids.clld.org/parameters/4-820>		<http://ids.clld.org/values/4-820-293-1>		"pɛk-"@ram	
"tʸaʔã"@ctz	<http://ids.clld.org/values/9-880-223-1>		<http://ids.clld.org/parameters/9-880>		<http://ids.clld.org/values/9-880-293-1>		"kʰrɔr"@ram	
"tiʔĩ"@ctz	<http://ids.clld.org/values/15-810-223-1>		<http://ids.clld.org/parameters/15-810>		<http://ids.clld.org/values/15-810-293-1>		"hũũ-tĩ"@ram	
"tikĩ"@ctz	<http://ids.clld.org/values/1-851-223-1>		<http://ids.clld.org/parameters/1-851>		<http://ids.clld.org/values/1-851-293-1>		"ka-c̷ər"@ram	
"tʸukʷa kʷiʔ"@ctz	<http://ids.clld.org/values/4-521-223-1>		<http://ids.clld.org/parameters/4-521>		<http://ids.clld.org/values/4-521-293-1>		"hɛk"@ram	
"ngata"@ctz	<http://ids.clld.org/values/15-650-223-1>		<http://ids.clld.org/parameters/15-650>		<http://ids.clld.org/values/15-650-293-1>		"iʔ-tɨk"@ram	
"kʷilʸoʔo"@ctz	<http://ids.clld.org/values/2-310-223-3>		<http://ids.clld.org/parameters/2-310>		<http://ids.clld.org/values/2-310-293-1>		"ĩĩ-pyɛ"@ram	
"teheʔ"@ctz	<http://ids.clld.org/values/5-810-223-1>		<http://ids.clld.org/parameters/5-810>		<http://ids.clld.org/values/5-810-293-1>		"kaac̷wa"@ram	
"kʷiʔyu"@ctz	<http://ids.clld.org/values/3-813-223-1>		<http://ids.clld.org/parameters/3-813>		<http://ids.clld.org/values/3-813-293-1>		"ĩnko"@ram	
"kunãʔ sū̃-"@ctz	<http://ids.clld.org/values/4-464-223-1>		<http://ids.clld.org/parameters/4-464>		<http://ids.clld.org/values/4-464-293-1>		"ayɔ"@ram	
"kʷitʸĩʔ"@ctz	<http://ids.clld.org/values/3-811-223-1>		<http://ids.clld.org/parameters/3-811>		<http://ids.clld.org/values/3-811-293-1>		"ii-ko"@ram	
"kuweʔ"@ctz	<http://ids.clld.org/values/3-350-223-1>		<http://ids.clld.org/parameters/3-350>		<http://ids.clld.org/values/3-350-293-1>		"kʰro"@ram	
"skʷẽ"@ctz	<http://ids.clld.org/values/10-472-223-1>		<http://ids.clld.org/parameters/10-472>		<http://ids.clld.org/values/10-472-293-1>		"pi-"@ram	
"li kiyaʔ"@ctz	<http://ids.clld.org/values/4-350-223-3>		<http://ids.clld.org/parameters/4-350>		<http://ids.clld.org/values/4-350-293-1>		"ii-tɛ"@ram	
"kunãʔ-"@ctz	<http://ids.clld.org/values/5-610-223-1>		<http://ids.clld.org/parameters/5-610>		<http://ids.clld.org/values/5-610-293-1>		"hĩ"@ram	
"kunãʔ-"@ctz	<http://ids.clld.org/values/5-610-223-1>		<http://ids.clld.org/parameters/5-610>		<http://ids.clld.org/values/5-610-293-3>		"yĩ"@ram	
"hʷiʔĩ"@ctz	<http://ids.clld.org/values/9-210-223-1>		<http://ids.clld.org/parameters/9-210>		<http://ids.clld.org/values/9-210-293-1>		"kʰrɔ̃k"@ram	
"kaha"@ctz	<http://ids.clld.org/values/4-750-223-1>		<http://ids.clld.org/parameters/4-750>		<http://ids.clld.org/values/4-750-293-1>		"tɨɨ- (tɨ ?)"@ram	
"kē"@ctz	<http://ids.clld.org/values/8-570-223-1>		<http://ids.clld.org/parameters/8-570>		<http://ids.clld.org/values/8-570-293-1>		"ii-rə̃"@ram	
"tlʸā"@ctz	<http://ids.clld.org/values/15-370-223-1>		<http://ids.clld.org/parameters/15-370>		<http://ids.clld.org/values/15-370-293-1>		"-c̷ə-"@ram	
"tlʸā"@ctz	<http://ids.clld.org/values/15-370-223-1>		<http://ids.clld.org/parameters/15-370>		<http://ids.clld.org/values/15-370-293-3>		"hə"@ram	
"katiʔ"@ctz	<http://ids.clld.org/values/5-160-223-1>		<http://ids.clld.org/parameters/5-160>		<http://ids.clld.org/values/5-160-293-1>		"kaho"@ram	
"tla"@ctz	<http://ids.clld.org/values/14-420-223-1>		<http://ids.clld.org/parameters/14-420>		<http://ids.clld.org/values/14-420-293-1>		"kac̷wa"@ram	
"kʷilʸoʔo yu kiʔʸu"@ctz	<http://ids.clld.org/values/2-320-223-1>		<http://ids.clld.org/parameters/2-320>		<http://ids.clld.org/values/2-320-293-1>		"ĩĩ-prõ"@ram	
"kʷaʔa kulo toʔo kʷiʔĩ"@ctz	<http://ids.clld.org/values/10-380-223-1>		<http://ids.clld.org/parameters/10-380>		<http://ids.clld.org/values/10-380-293-1>		"hakkoo"@ram	
"niʔ"@ctz	<http://ids.clld.org/values/12-50-223-1>		<http://ids.clld.org/parameters/12-50>		<http://ids.clld.org/values/12-50-293-1>		"kʰam"@ram	
"snã"@ctz	<http://ids.clld.org/values/13-30-223-1>		<http://ids.clld.org/parameters/13-30>		<http://ids.clld.org/values/13-30-293-1>		"ɨnkre-"@ram	
"kaʔ"@ctz	<http://ids.clld.org/values/1-430-223-3>		<http://ids.clld.org/parameters/1-430>		<http://ids.clld.org/values/1-430-293-1>		"pĩ"@ram	
"liʔʸa-"@ctz	<http://ids.clld.org/values/4-270-223-1>		<http://ids.clld.org/parameters/4-270>		<http://ids.clld.org/values/4-270-293-1>		"ii-c̷wa"@ram	
"tlʸaʔ"@ctz	<http://ids.clld.org/values/15-860-223-1>		<http://ids.clld.org/parameters/15-860>		<http://ids.clld.org/values/15-860-293-1>		"kʰrɨ"@ram	
"ši"@ctz	<http://ids.clld.org/values/15-350-223-1>		<http://ids.clld.org/parameters/15-350>		<http://ids.clld.org/values/15-350-293-1>		"c̷o-"@ram	
"kita"@ctz	<http://ids.clld.org/values/1-213-223-1>		<http://ids.clld.org/parameters/1-213>		<http://ids.clld.org/values/1-213-293-1>		"pye yakro"@ram	
"hāʔ"@ctz	<http://ids.clld.org/values/9-770-223-1>		<http://ids.clld.org/parameters/9-770>		<http://ids.clld.org/values/9-770-293-1>		"kohpip (koʔpip ?)"@ram	
"nde tlʸa"@ctz	<http://ids.clld.org/values/14-440-223-1>		<http://ids.clld.org/parameters/14-440>		<http://ids.clld.org/values/14-440-293-1>		"apɛ̃"@ram	
"kunã"@ctz	<http://ids.clld.org/values/15-410-223-1>		<http://ids.clld.org/parameters/15-410>		<http://ids.clld.org/values/15-410-293-1>		"kʰə̃-pa"@ram	
"seʔẽ"@ctz	<http://ids.clld.org/values/3-815-223-1>		<http://ids.clld.org/parameters/3-815>		<http://ids.clld.org/values/3-815-293-1>		"pak"@ram	
"kē štʸĩʔ-"@ctz	<http://ids.clld.org/values/4-360-223-1>		<http://ids.clld.org/parameters/4-360>		<http://ids.clld.org/values/4-360-293-1>		"ii-kʰõn"@ram	
"hluʔʷe-"@ctz	<http://ids.clld.org/values/4-392-223-1>		<http://ids.clld.org/parameters/4-392>		<http://ids.clld.org/values/4-392-293-1>		"haaraa"@ram	
"tihi"@ctz	<http://ids.clld.org/values/14-130-223-3>		<http://ids.clld.org/parameters/14-130>		<http://ids.clld.org/values/14-130-293-1>		"-tuwa"@ram	
"šneʔ"@ctz	<http://ids.clld.org/values/3-610-223-1>		<http://ids.clld.org/parameters/3-610>		<http://ids.clld.org/values/3-610-293-1>		"rɔp"@ram	
"siyẽʔ-"@ctz	<http://ids.clld.org/values/4-230-223-1>		<http://ids.clld.org/parameters/4-230>		<http://ids.clld.org/values/4-230-293-1>		"-yĩyakʰrɛ"@ram	
"ta"@ctz	<http://ids.clld.org/values/11-210-223-1>		<http://ids.clld.org/parameters/11-210>		<http://ids.clld.org/values/11-210-293-3>		"ŋɔ̃"@ram	
"ta"@ctz	<http://ids.clld.org/values/11-210-223-1>		<http://ids.clld.org/parameters/11-210>		<http://ids.clld.org/values/11-210-293-1>		"c̷i-"@ram	
"yka"@ctz	<http://ids.clld.org/values/8-600-223-1>		<http://ids.clld.org/parameters/8-600>		<http://ids.clld.org/values/8-600-293-1>		"pĩĩ"@ram	
"kahaʔ"@ctz	<http://ids.clld.org/values/4-610-223-1>		<http://ids.clld.org/parameters/4-610>		<http://ids.clld.org/values/4-610-293-1>		"-ŋõr (ŋɔ̃r ?)"@ram	
"kula"@ctz	<http://ids.clld.org/values/14-150-223-1>		<http://ids.clld.org/parameters/14-150>		<http://ids.clld.org/values/14-150-293-1>		"tũm"@ram	
"štʸi"@ctz	<http://ids.clld.org/values/12-140-223-3>		<http://ids.clld.org/parameters/12-140>		<http://ids.clld.org/values/12-140-293-1>		"nɔ̃"@ram	
"sɲī"@ctz	<http://ids.clld.org/values/1-830-223-1>		<http://ids.clld.org/parameters/1-830>		<http://ids.clld.org/values/1-830-293-1>		"iʔ-kʰũm"@ram	
"kula tuʔʷa"@ctz	<http://ids.clld.org/values/18-120-223-1>		<http://ids.clld.org/parameters/18-120>		<http://ids.clld.org/values/18-120-293-1>		"-krɛ"@ram	
"kuši"@ctz	<http://ids.clld.org/values/16-720-223-1>		<http://ids.clld.org/parameters/16-720>		<http://ids.clld.org/values/16-720-293-1>		"iʔkʰɛn"@ram	
"kuʔni"@ctz	<http://ids.clld.org/values/9-110-223-1>		<http://ids.clld.org/parameters/9-110>		<http://ids.clld.org/values/9-110-293-1>		"tɔn"@ram	
"kʷičā"@ctz	<http://ids.clld.org/values/1-520-223-1>		<http://ids.clld.org/parameters/1-520>		<http://ids.clld.org/values/1-520-293-3>		"pɨtɨ"@ram	
"kʷičā"@ctz	<http://ids.clld.org/values/1-520-223-1>		<http://ids.clld.org/parameters/1-520>		<http://ids.clld.org/values/1-520-293-1>		"pɨt"@ram	
"tuʔ kīʔ"@ctz	<http://ids.clld.org/values/7-310-223-3>		<http://ids.clld.org/parameters/7-310>		<http://ids.clld.org/values/7-310-293-1>		"kiz (?)"@ram	
"kunã"@ctz	<http://ids.clld.org/values/15-420-223-1>		<http://ids.clld.org/parameters/15-420>		<http://ids.clld.org/values/15-420-293-1>		"k mpa (?)"@ram	
"siʔi"@ctz	<http://ids.clld.org/values/17-560-223-1>		<http://ids.clld.org/parameters/17-560>		<http://ids.clld.org/values/17-560-293-1>		"ke-"@ram	
"ɲaʔã"@ctz	<http://ids.clld.org/values/15-510-223-1>		<http://ids.clld.org/parameters/15-510>		<http://ids.clld.org/values/15-510-293-1>		"-hõm-pu"@ram	
"ɲaʔã"@ctz	<http://ids.clld.org/values/15-510-223-1>		<http://ids.clld.org/parameters/15-510>		<http://ids.clld.org/values/15-510-293-3>		"pu-pun"@ram	
"lc̷aʔ"@ctz	<http://ids.clld.org/values/15-830-223-1>		<http://ids.clld.org/parameters/15-830>		<http://ids.clld.org/values/15-830-293-1>		"mrɔ̃ (?)"@ram	
"(kʷi)ɲi lʸoʔo ʔĩ-"@ctz	<http://ids.clld.org/values/16-670-223-1>		<http://ids.clld.org/parameters/16-670>		<http://ids.clld.org/values/16-670-293-1>		"nõ"@ram	
"lc̷eʔ-"@ctz	<http://ids.clld.org/values/4-260-223-1>		<http://ids.clld.org/parameters/4-260>		<http://ids.clld.org/values/4-260-293-1>		"-yõʔtɔ"@ram	
