"kičẽ tuʔʷa tuhoʔo"@ctz	<http://ids.clld.org/values/10-910-223-1>		<http://ids.clld.org/parameters/10-910>		<http://ids.clld.org/values/10-910-174-1>		"wəʔtə"@mch	
"tʸoʔo ndaʔã ʔĩ"@ctz	<http://ids.clld.org/values/10-530-223-1>		<http://ids.clld.org/parameters/10-530>		<http://ids.clld.org/values/10-530-174-1>		"-aheʔka-dɨ"@mch	
"kiyaʔ-"@ctz	<http://ids.clld.org/values/4-370-223-1>		<http://ids.clld.org/parameters/4-370>		<http://ids.clld.org/values/4-370-174-1>		"hūdu"@mch	
"š-tʸĩʔ"@ctz	<http://ids.clld.org/values/3-811-223-3>		<http://ids.clld.org/parameters/3-811>		<http://ids.clld.org/values/3-811-174-1>		"dāmə"@mch	
"[s'le ra]"@ctz	<http://ids.clld.org/values/7-370-223-1>		<http://ids.clld.org/parameters/7-370>		<http://ids.clld.org/values/7-370-174-1>		"inɲahuʔtahə"@mch	
"yka kulā kutu"@ctz	<http://ids.clld.org/values/8-940-223-1>		<http://ids.clld.org/parameters/8-940>		<http://ids.clld.org/values/8-940-174-1>		"dahu"@mch	
"ʔa ska"@ctz	<http://ids.clld.org/values/13-0-223-1>		<http://ids.clld.org/parameters/13-0>		<http://ids.clld.org/values/13-0-174-1>		"āʔke"@mch	
"taʔã koʔo tʸaʔā lō"@ctz	<http://ids.clld.org/values/9-890-223-1>		<http://ids.clld.org/parameters/9-890>		<http://ids.clld.org/values/9-890-174-1>		"wemānʔa"@mch	
"tu lka..."@ctz	<http://ids.clld.org/values/17-680-223-5>		<http://ids.clld.org/parameters/17-680>		<http://ids.clld.org/values/17-680-174-1>		"ənə̄kɨ"@mch	
"kunuʔ"@ctz	<http://ids.clld.org/values/3-840-223-1>		<http://ids.clld.org/parameters/3-840>		<http://ids.clld.org/values/3-840-174-1>		"motto"@mch	
"kʷilʸoʔo nu kunaʔã"@ctz	<http://ids.clld.org/values/2-310-223-1>		<http://ids.clld.org/parameters/2-310>		<http://ids.clld.org/values/2-310-174-1>		"-ɲno"@mch	
"c̷ā tiʔ"@ctz	<http://ids.clld.org/values/16-230-223-1>		<http://ids.clld.org/parameters/16-230>		<http://ids.clld.org/values/16-230-174-1>		"takwanɲe"@mch	
"suʔʷa tnaʔ"@ctz	<http://ids.clld.org/values/11-330-223-1>		<http://ids.clld.org/parameters/11-330>		<http://ids.clld.org/values/11-330-174-1>		"w-ənnanɨʔ-nə"@mch	
"tuseʔẽ"@ctz	<http://ids.clld.org/values/12-340-223-5>		<http://ids.clld.org/parameters/12-340>		<http://ids.clld.org/values/12-340-174-1>		"nwaʔkəi"@mch	
"kiʔni"@ctz	<http://ids.clld.org/values/9-210-223-3>		<http://ids.clld.org/parameters/9-210>		<http://ids.clld.org/values/9-210-174-1>		"-aiʔhuka-dɨ"@mch	
"c̷ĩ"@ctz	<http://ids.clld.org/values/4-441-223-1>		<http://ids.clld.org/parameters/4-441>		<http://ids.clld.org/values/4-441-174-1>		"ʔtaway-dɨ"@mch	
"kʷitu tnan"@ctz	<http://ids.clld.org/values/3-540-223-3>		<http://ids.clld.org/parameters/3-540>		<http://ids.clld.org/values/3-540-174-1>		"kudaymādu"@mch	
"nde laʔa"@ctz	<http://ids.clld.org/values/12-20-223-1>		<http://ids.clld.org/parameters/12-20>		<http://ids.clld.org/values/12-20-174-1>		"dɨʔtə"@mch	
"katẽ"@ctz	<http://ids.clld.org/values/9-360-223-3>		<http://ids.clld.org/parameters/9-360>		<http://ids.clld.org/values/9-360-174-1>		"-ičoʔka-dɨ"@mch	
"'hāni"@ctz	<http://ids.clld.org/values/17-550-223-3>		<http://ids.clld.org/parameters/17-550>		<http://ids.clld.org/values/17-550-174-3>		"mmhm"@mch	
"'hāni"@ctz	<http://ids.clld.org/values/17-550-223-3>		<http://ids.clld.org/parameters/17-550>		<http://ids.clld.org/values/17-550-174-1>		"ʔeee"@mch	
"stʸiʔ-"@ctz	<http://ids.clld.org/values/4-410-223-1>		<http://ids.clld.org/parameters/4-410>		<http://ids.clld.org/values/4-410-174-1>		"ʔdohɨ-dɨ"@mch	
"kʷuʔu"@ctz	<http://ids.clld.org/values/15-550-223-1>		<http://ids.clld.org/parameters/15-550>		<http://ids.clld.org/values/15-550-174-1>		"eneho-dɨ"@mch	
"sta"@ctz	<http://ids.clld.org/values/9-343-223-1>		<http://ids.clld.org/parameters/9-343>		<http://ids.clld.org/values/9-343-174-1>		"eʔkukā-dɨ"@mch	
"tiʔi kiyaʔ"@ctz	<http://ids.clld.org/values/4-940-223-1>		<http://ids.clld.org/parameters/4-940>		<http://ids.clld.org/values/4-940-174-1>		"sekumhe"@mch	
"ynĩ-"@ctz	<http://ids.clld.org/values/4-280-223-1>		<http://ids.clld.org/parameters/4-280>		<http://ids.clld.org/values/4-280-174-1>		"hɨ̄mɨ"@mch	
"tɲã"@ctz	<http://ids.clld.org/values/12-320-223-1>		<http://ids.clld.org/parameters/12-320>		<http://ids.clld.org/values/12-320-174-1>		"nonohoʔčə"@mch	
"[šlʸu]"@ctz	<http://ids.clld.org/values/5-380-223-1>		<http://ids.clld.org/parameters/5-380>		<http://ids.clld.org/values/5-380-174-1>		"kɨmɨʔkə"@mch	
"hĩ nškã-"@ctz	<http://ids.clld.org/values/4-220-223-1>		<http://ids.clld.org/parameters/4-220>		<http://ids.clld.org/values/4-220-174-1>		"hāna"@mch	
"nu ku(-) kʸiha"@ctz	<http://ids.clld.org/values/5-120-223-3>		<http://ids.clld.org/parameters/5-120>		<http://ids.clld.org/values/5-120-174-1>		"mudūkuku"@mch	
"ni ɲaʔã nu..."@ctz	<http://ids.clld.org/values/17-670-223-1>		<http://ids.clld.org/parameters/17-670>		<http://ids.clld.org/values/17-670-174-1>		"əišə̄no"@mch	
"['loru]"@ctz	<http://ids.clld.org/values/3-592-223-1>		<http://ids.clld.org/parameters/3-592>		<http://ids.clld.org/values/3-592-174-1>		"[dodo]"@mch	
"kʷitu kuteʔ"@ctz	<http://ids.clld.org/values/3-540-223-1>		<http://ids.clld.org/parameters/3-540>		<http://ids.clld.org/values/3-540-174-1>		"kudaymādu"@mch	
"šoʔo"@ctz	<http://ids.clld.org/values/1-410-223-1>		<http://ids.clld.org/parameters/1-410>		<http://ids.clld.org/values/1-410-174-1>		"čūta"@mch	
"kunã"@ctz	<http://ids.clld.org/values/3-850-223-1>		<http://ids.clld.org/parameters/3-850>		<http://ids.clld.org/values/3-850-174-1>		"əkə̄yu"@mch	
"kʷaʔa"@ctz	<http://ids.clld.org/values/9-260-223-1>		<http://ids.clld.org/parameters/9-260>		<http://ids.clld.org/values/9-260-174-1>		"-išiča-dɨ"@mch	
"lihʸa"@ctz	<http://ids.clld.org/values/8-941-223-1>		<http://ids.clld.org/parameters/8-941>		<http://ids.clld.org/values/8-941-174-1>		"əšīčādɨ"@mch	
"nuʔʷĩ"@ctz	<http://ids.clld.org/values/2-920-223-1>		<http://ids.clld.org/parameters/2-920>		<http://ids.clld.org/values/2-920-174-1>		"əmədə"@mch	
"kala"@ctz	<http://ids.clld.org/values/4-720-223-1>		<http://ids.clld.org/parameters/4-720>		<http://ids.clld.org/values/4-720-174-1>		"w-ennu-nə"@mch	
"skʷa"@ctz	<http://ids.clld.org/values/5-410-223-1>		<http://ids.clld.org/parameters/5-410>		<http://ids.clld.org/values/5-410-174-1>		"əwainši"@mch	
"[kʷar'tu] niʔ ɲaʔã"@ctz	<http://ids.clld.org/values/7-210-223-1>		<http://ids.clld.org/parameters/7-210>		<http://ids.clld.org/values/7-210-174-1>		"əʔsa"@mch	
"lkaʔ"@ctz	<http://ids.clld.org/values/8-560-223-1>		<http://ids.clld.org/parameters/8-560>		<http://ids.clld.org/values/8-560-174-1>		"yadɨ"@mch	
"šaʔã"@ctz	<http://ids.clld.org/values/16-720-223-3>		<http://ids.clld.org/parameters/16-720>		<http://ids.clld.org/values/16-720-174-1>		"kənemhɨnɨ"@mch	
"kutaʔ"@ctz	<http://ids.clld.org/values/3-740-223-1>		<http://ids.clld.org/parameters/3-740>		<http://ids.clld.org/values/3-740-174-1>		"awadudi"@mch	
"šē̃ lō"@ctz	<http://ids.clld.org/values/12-610-223-1>		<http://ids.clld.org/parameters/12-610>		<http://ids.clld.org/values/12-610-174-1>		"taʔhuhūne"@mch	
"mc̷uʔ"@ctz	<http://ids.clld.org/values/5-125-223-1>		<http://ids.clld.org/parameters/5-125>		<http://ids.clld.org/values/5-125-174-1>		"čə̄tāhə"@mch	
"ni šā..."@ctz	<http://ids.clld.org/values/17-650-223-3>		<http://ids.clld.org/parameters/17-650>		<http://ids.clld.org/values/17-650-174-1>		"əičənnāwəkə"@mch	
"sa"@ctz	<http://ids.clld.org/values/15-820-223-1>		<http://ids.clld.org/parameters/15-820>		<http://ids.clld.org/values/15-820-174-1>		"tawāhe"@mch	
"[msā]"@ctz	<http://ids.clld.org/values/7-440-223-1>		<http://ids.clld.org/parameters/7-440>		<http://ids.clld.org/values/7-440-174-1>		"[mesa]i"@mch	
"[ʔa'ča]"@ctz	<http://ids.clld.org/values/9-250-223-1>		<http://ids.clld.org/parameters/9-250>		<http://ids.clld.org/values/9-250-174-1>		"wɨ̄wɨ"@mch	
"tʸa tɲi"@ctz	<http://ids.clld.org/values/11-650-223-1>		<http://ids.clld.org/parameters/11-650>		<http://ids.clld.org/values/11-650-174-1>		"ehēma-dɨ"@mch	
"kičẽ"@ctz	<http://ids.clld.org/values/19-160-223-1>		<http://ids.clld.org/parameters/19-160>		<http://ids.clld.org/values/19-160-174-1>		"haʔta"@mch	
"taʔa"@ctz	<http://ids.clld.org/values/2-550-223-1>		<http://ids.clld.org/parameters/2-550>		<http://ids.clld.org/values/2-550-174-1>		"waiɲe"@mch	
"taʔa"@ctz	<http://ids.clld.org/values/2-550-223-1>		<http://ids.clld.org/parameters/2-550>		<http://ids.clld.org/values/2-550-174-3>		"yāʔko"@mch	
"sɲeʔ lā"@ctz	<http://ids.clld.org/values/2-630-223-1>		<http://ids.clld.org/parameters/2-630>		<http://ids.clld.org/values/2-630-174-1>		"-hannɨ-dɨ"@mch	
"yaʔ kīʔ"@ctz	<http://ids.clld.org/values/1-820-223-1>		<http://ids.clld.org/parameters/1-820>		<http://ids.clld.org/values/1-820-174-1>		"wāʔto"@mch	
"skʷa"@ctz	<http://ids.clld.org/values/13-60-223-1>		<http://ids.clld.org/parameters/13-60>		<http://ids.clld.org/values/13-60-174-1>		"tōni amohaʔto"@mch	
"tē̃ʔ"@ctz	<http://ids.clld.org/values/15-890-223-1>		<http://ids.clld.org/parameters/15-890>		<http://ids.clld.org/values/15-890-174-1>		"deyude"@mch	
"kʷitũ"@ctz	<http://ids.clld.org/values/3-823-223-1>		<http://ids.clld.org/parameters/3-823>		<http://ids.clld.org/values/3-823-174-1>		"sūnwa"@mch	
"lʸuʔ (ti) kuʔ"@ctz	<http://ids.clld.org/values/12-590-223-1>		<http://ids.clld.org/parameters/12-590>		<http://ids.clld.org/values/12-590-174-1>		"tawedato"@mch	
"nguta ~ mta"@ctz	<http://ids.clld.org/values/8-311-223-1>		<http://ids.clld.org/parameters/8-311>		<http://ids.clld.org/values/8-311-174-1>		"čə̄huʔhə"@mch	
"yihã"@ctz	<http://ids.clld.org/values/14-730-223-1>		<http://ids.clld.org/parameters/14-730>		<http://ids.clld.org/values/14-730-174-1>		"wedɨ"@mch	
"seʔẽ ndzū̃"@ctz	<http://ids.clld.org/values/20-130-223-1>		<http://ids.clld.org/parameters/20-130>		<http://ids.clld.org/values/20-130-174-1>		"wənə"@mch	
"kyā̃"@ctz	<http://ids.clld.org/values/10-481-223-3>		<http://ids.clld.org/parameters/10-481>		<http://ids.clld.org/values/10-481-174-1>		"w-ennakā-nə"@mch	
"kuʔni ...tɲã"@ctz	<http://ids.clld.org/values/9-120-223-1>		<http://ids.clld.org/parameters/9-120>		<http://ids.clld.org/values/9-120-174-1>		"tadawāhu"@mch	
"kyā ndaʔã tiʔ"@ctz	<http://ids.clld.org/values/17-150-223-1>		<http://ids.clld.org/parameters/17-150>		<http://ids.clld.org/values/17-150-174-1>		"-ekanɨhɨ-dɨ"@mch	
"wʔʸa"@ctz	<http://ids.clld.org/values/10-620-223-1>		<http://ids.clld.org/parameters/10-620>		<http://ids.clld.org/values/10-620-174-1>		"-enehɨ"@mch	
"taʔa ndzũ"@ctz	<http://ids.clld.org/values/19-520-223-1>		<http://ids.clld.org/parameters/19-520>		<http://ids.clld.org/values/19-520-174-1>		"tuʔde"@mch	
"nukulala"@ctz	<http://ids.clld.org/values/2-454-223-3>		<http://ids.clld.org/parameters/2-454>		<http://ids.clld.org/values/2-454-174-1>		"yāya"@mch	
"šuwe kuʔ"@ctz	<http://ids.clld.org/values/12-590-223-3>		<http://ids.clld.org/parameters/12-590>		<http://ids.clld.org/values/12-590-174-1>		"tawedato"@mch	
"tukʷī̃"@ctz	<http://ids.clld.org/values/12-570-223-1>		<http://ids.clld.org/parameters/12-570>		<http://ids.clld.org/values/12-570-174-1>		"nuwe"@mch	
"neʔ kula"@ctz	<http://ids.clld.org/values/2-471-223-1>		<http://ids.clld.org/parameters/2-471>		<http://ids.clld.org/values/2-471-174-1>		"noʔsamoʔkɨ"@mch	
"kiɲi"@ctz	<http://ids.clld.org/values/3-581-223-1>		<http://ids.clld.org/parameters/3-581>		<http://ids.clld.org/values/3-581-174-1>		"hawi"@mch	
"stʸi"@ctz	<http://ids.clld.org/values/16-250-223-1>		<http://ids.clld.org/parameters/16-250>		<http://ids.clld.org/values/16-250-174-1>		"waʔsenɲo"@mch	
"tiye"@ctz	<http://ids.clld.org/values/16-110-223-3>		<http://ids.clld.org/parameters/16-110>		<http://ids.clld.org/values/16-110-174-1>		"dōʔta"@mch	
"tuʔwa-"@ctz	<http://ids.clld.org/values/4-240-223-1>		<http://ids.clld.org/parameters/4-240>		<http://ids.clld.org/values/4-240-174-1>		"ənta"@mch	
"yu"@ctz	<http://ids.clld.org/values/2-930-223-1>		<http://ids.clld.org/parameters/2-930>		<http://ids.clld.org/values/2-930-174-1>		"tɨwɨ"@mch	
"kulo la"@ctz	<http://ids.clld.org/values/12-40-223-5>		<http://ids.clld.org/parameters/12-40>		<http://ids.clld.org/values/12-40-174-1>		"owāho"@mch	
"kulo la"@ctz	<http://ids.clld.org/values/12-40-223-5>		<http://ids.clld.org/parameters/12-40>		<http://ids.clld.org/values/12-40-174-3>		"awaʔde"@mch	
"štʸaʔ"@ctz	<http://ids.clld.org/values/5-490-223-3>		<http://ids.clld.org/parameters/5-490>		<http://ids.clld.org/values/5-490-174-1>		"-oima-dɨ"@mch	
"kiyaʔ"@ctz	<http://ids.clld.org/values/12-340-223-1>		<http://ids.clld.org/parameters/12-340>		<http://ids.clld.org/values/12-340-174-1>		"nwaʔkəi"@mch	
"ɲē"@ctz	<http://ids.clld.org/values/3-940-223-1>		<http://ids.clld.org/parameters/3-940>		<http://ids.clld.org/values/3-940-174-1>		"memu"@mch	
"ʔni kuteʔ"@ctz	<http://ids.clld.org/values/2-240-223-1>		<http://ids.clld.org/parameters/2-240>		<http://ids.clld.org/values/2-240-174-1>		"wodi"@mch	
"šā"@ctz	<http://ids.clld.org/values/1-610-223-1>		<http://ids.clld.org/parameters/1-610>		<http://ids.clld.org/values/1-610-174-1>		"šī"@mch	
"nde lō"@ctz	<http://ids.clld.org/values/12-40-223-3>		<http://ids.clld.org/parameters/12-40>		<http://ids.clld.org/values/12-40-174-1>		"owāho"@mch	
"nde lō"@ctz	<http://ids.clld.org/values/12-40-223-3>		<http://ids.clld.org/parameters/12-40>		<http://ids.clld.org/values/12-40-174-3>		"awaʔde"@mch	
"kʷiʔĩ kuši"@ctz	<http://ids.clld.org/values/22-350-223-1>		<http://ids.clld.org/parameters/22-350>		<http://ids.clld.org/values/22-350-174-1>		"kahūšawa"@mch	
"tʸoʔo kʷã"@ctz	<http://ids.clld.org/values/10-430-223-1>		<http://ids.clld.org/parameters/10-430>		<http://ids.clld.org/values/10-430-174-1>		"w-ahanɨn-nə"@mch	
"nskʷaʔ"@ctz	<http://ids.clld.org/values/8-470-223-1>		<http://ids.clld.org/parameters/8-470>		<http://ids.clld.org/values/8-470-174-1>		"ənɲa"@mch	
"hakʷa"@ctz	<http://ids.clld.org/values/13-40-223-1>		<http://ids.clld.org/parameters/13-40>		<http://ids.clld.org/values/13-40-174-1>		"āʔkəiʔčea"@mch	
"suʔʷe"@ctz	<http://ids.clld.org/values/16-710-223-1>		<http://ids.clld.org/parameters/16-710>		<http://ids.clld.org/values/16-710-174-1>		"ašiča"@mch	
"naʔã"@ctz	<http://ids.clld.org/values/7-120-223-1>		<http://ids.clld.org/parameters/7-120>		<http://ids.clld.org/values/7-120-174-1>		"mmā"@mch	
"kʷiʔ ti"@ctz	<http://ids.clld.org/values/12-430-223-1>		<http://ids.clld.org/parameters/12-430>		<http://ids.clld.org/values/12-430-174-1>		"amoinče-ʔda"@mch	
"nde čũʔ"@ctz	<http://ids.clld.org/values/12-11-223-3>		<http://ids.clld.org/parameters/12-11>		<http://ids.clld.org/values/12-11-174-1>		"mənse"@mch	
"skuʔ"@ctz	<http://ids.clld.org/values/3-930-223-1>		<http://ids.clld.org/parameters/3-930>		<http://ids.clld.org/values/3-930-174-1>		"kɨdatay"@mch	
"kʷiʔĩ"@ctz	<http://ids.clld.org/values/1-720-223-1>		<http://ids.clld.org/parameters/1-720>		<http://ids.clld.org/values/1-720-174-1>		"hehēnčə"@mch	
"[se'rī yu]"@ctz	<http://ids.clld.org/values/1-870-223-1>		<http://ids.clld.org/parameters/1-870>		<http://ids.clld.org/values/1-870-174-1>		"tɨsočāmɨ"@mch	
"tikēʔ"@ctz	<http://ids.clld.org/values/15-850-223-1>		<http://ids.clld.org/parameters/15-850>		<http://ids.clld.org/values/15-850-174-1>		"taʔne"@mch	
"kēʔ"@ctz	<http://ids.clld.org/values/5-210-223-1>		<http://ids.clld.org/parameters/5-210>		<http://ids.clld.org/values/5-210-174-1>		"-aʔnə"@mch	
"skãʔ"@ctz	<http://ids.clld.org/values/9-160-223-1>		<http://ids.clld.org/parameters/9-160>		<http://ids.clld.org/values/9-160-174-1>		"imɨdɨ"@mch	
"hoʔo"@ctz	<http://ids.clld.org/values/15-750-223-1>		<http://ids.clld.org/parameters/15-750>		<http://ids.clld.org/values/15-750-174-1>		"tɨwansuʔde"@mch	
"kuc̷i"@ctz	<http://ids.clld.org/values/15-690-223-1>		<http://ids.clld.org/parameters/15-690>		<http://ids.clld.org/values/15-690-174-1>		"kɨnota"@mch	
"tā̃"@ctz	<http://ids.clld.org/values/5-791-223-1>		<http://ids.clld.org/parameters/5-791>		<http://ids.clld.org/values/5-791-174-1>		"kātɨ"@mch	
"suʔʷe"@ctz	<http://ids.clld.org/values/12-232-223-1>		<http://ids.clld.org/parameters/12-232>		<http://ids.clld.org/values/12-232-174-1>		"yātohətɨdɨ"@mch	
"nǰga [wra]"@ctz	<http://ids.clld.org/values/14-310-223-1>		<http://ids.clld.org/parameters/14-310>		<http://ids.clld.org/values/14-310-174-1>		"wenēne"@mch	
"tla"@ctz	<http://ids.clld.org/values/15-630-223-1>		<http://ids.clld.org/parameters/15-630>		<http://ids.clld.org/values/15-630-174-1>		"tɨhe"@mch	
"kilō-"@ctz	<http://ids.clld.org/values/4-210-223-1>		<http://ids.clld.org/parameters/4-210>		<http://ids.clld.org/values/4-210-174-1>		"ənu"@mch	
"kulā kiyaʔ"@ctz	<http://ids.clld.org/values/10-440-223-1>		<http://ids.clld.org/parameters/10-440>		<http://ids.clld.org/values/10-440-174-1>		"-ənwa-"@mch	
"kunãʔ-"@ctz	<http://ids.clld.org/values/4-130-223-1>		<http://ids.clld.org/parameters/4-130>		<http://ids.clld.org/values/4-130-174-1>		"hyunu"@mch	
"kū̃"@ctz	<http://ids.clld.org/values/20-620-223-1>		<http://ids.clld.org/parameters/20-620>		<http://ids.clld.org/values/20-620-174-1>		"t-ɨwə̄-dɨ"@mch	
"nu lʸuʔ ti"@ctz	<http://ids.clld.org/values/2-270-223-1>		<http://ids.clld.org/parameters/2-270>		<http://ids.clld.org/values/2-270-174-1>		"nnedɨ"@mch	
"stã"@ctz	<http://ids.clld.org/values/5-460-223-1>		<http://ids.clld.org/parameters/5-460>		<http://ids.clld.org/values/5-460-174-1>		"-iʔša-"@mch	
"kīʔ"@ctz	<http://ids.clld.org/values/1-810-223-1>		<http://ids.clld.org/parameters/1-810>		<http://ids.clld.org/values/1-810-174-1>		"wāʔto"@mch	
"nhɲã [krsiya]"@ctz	<http://ids.clld.org/values/16-620-223-3>		<http://ids.clld.org/parameters/16-620>		<http://ids.clld.org/values/16-620-174-1>		"hyumma-dɨ"@mch	
"kutī̃"@ctz	<http://ids.clld.org/values/10-610-223-1>		<http://ids.clld.org/parameters/10-610>		<http://ids.clld.org/values/10-610-174-1>		"-adə̄-"@mch	
"kũʔ"@ctz	<http://ids.clld.org/values/15-790-223-1>		<http://ids.clld.org/parameters/15-790>		<http://ids.clld.org/values/15-790-174-1>		"tuhuʔhūdato"@mch	
"kū̃"@ctz	<http://ids.clld.org/values/10-250-223-1>		<http://ids.clld.org/parameters/10-250>		<http://ids.clld.org/values/10-250-174-1>		"himā-dɨ"@mch	
"tukʷī̃ lti ti"@ctz	<http://ids.clld.org/values/10-720-223-1>		<http://ids.clld.org/parameters/10-720>		<http://ids.clld.org/values/10-720-174-1>		"ə̄ma"@mch	
"skʷi"@ctz	<http://ids.clld.org/values/12-810-223-1>		<http://ids.clld.org/parameters/12-810>		<http://ids.clld.org/values/12-810-174-1>		"kokkoduhaʔto"@mch	
"kuʔni tʸī"@ctz	<http://ids.clld.org/values/14-270-223-1>		<http://ids.clld.org/parameters/14-270>		<http://ids.clld.org/values/14-270-174-1>		"w-əʔka-nə"@mch	
"tʸisnã ~ tʸukʷi snã"@ctz	<http://ids.clld.org/values/14-250-223-1>		<http://ids.clld.org/parameters/14-250>		<http://ids.clld.org/values/14-250-174-1>		"ahəntədɨ"@mch	
"kalaʔ . . . kila"@ctz	<http://ids.clld.org/values/6-330-223-3>		<http://ids.clld.org/parameters/6-330>		<http://ids.clld.org/values/6-330-174-1>		"tɨʔkaʔhɨdɨ"@mch	
"čaʔ šiʔĩ"@ctz	<http://ids.clld.org/values/16-320-223-1>		<http://ids.clld.org/parameters/16-320>		<http://ids.clld.org/values/16-320-174-1>		"wentumhe"@mch	
"tʸukʷa"@ctz	<http://ids.clld.org/values/12-130-223-1>		<http://ids.clld.org/parameters/12-130>		<http://ids.clld.org/values/12-130-174-1>		"w-atahhimā-nə"@mch	
"ni (ɲa)ʔã nã..."@ctz	<http://ids.clld.org/values/17-640-223-1>		<http://ids.clld.org/parameters/17-640>		<http://ids.clld.org/values/17-640-174-1>		"ākene"@mch	
"ndla ti"@ctz	<http://ids.clld.org/values/14-210-223-1>		<http://ids.clld.org/parameters/14-210>		<http://ids.clld.org/values/14-210-174-1>		"tamhə̄ʔne"@mch	
"nã"@ctz	<http://ids.clld.org/values/11-180-223-1>		<http://ids.clld.org/parameters/11-180>		<http://ids.clld.org/values/11-180-174-1>		"k-ɨnnɨdɨʔ-komo"@mch	
"ni ɲaʔã nā̃"@ctz	<http://ids.clld.org/values/18-420-223-3>		<http://ids.clld.org/parameters/18-420>		<http://ids.clld.org/values/18-420-174-1>		"tə̄tɨ"@mch	
"kʸē"@ctz	<http://ids.clld.org/values/1-440-223-1>		<http://ids.clld.org/parameters/1-440>		<http://ids.clld.org/values/1-440-174-1>		"təʔhu"@mch	
"škaʔ"@ctz	<http://ids.clld.org/values/3-830-223-1>		<http://ids.clld.org/parameters/3-830>		<http://ids.clld.org/values/3-830-174-1>		"wedēsede"@mch	
"tu-naʔã"@ctz	<http://ids.clld.org/values/7-220-223-1>		<http://ids.clld.org/parameters/7-220>		<http://ids.clld.org/values/7-220-174-1>		"mɨnātata"@mch	
"kihĩ-"@ctz	<http://ids.clld.org/values/4-120-223-1>		<http://ids.clld.org/parameters/4-120>		<http://ids.clld.org/values/4-120-174-1>		"hiʔhə"@mch	
"tukʷī̃ ndʸaʔã kiyaʔ-"@ctz	<http://ids.clld.org/values/10-720-223-3>		<http://ids.clld.org/parameters/10-720>		<http://ids.clld.org/values/10-720-174-1>		"ə̄ma"@mch	
"tiye-"@ctz	<http://ids.clld.org/values/4-400-223-1>		<http://ids.clld.org/parameters/4-400>		<http://ids.clld.org/values/4-400-174-1>		"dōʔta"@mch	
"kila ~ kala"@ctz	<http://ids.clld.org/values/10-550-223-1>		<http://ids.clld.org/parameters/10-550>		<http://ids.clld.org/values/10-550-174-1>		"w-əʔdɨ-nə"@mch	
"nu kiʔʸu sɲeʔ taʔa"@ctz	<http://ids.clld.org/values/2-530-223-1>		<http://ids.clld.org/parameters/2-530>		<http://ids.clld.org/values/2-530-174-1>		"honɨ"@mch	
"nu kiʔʸu sɲeʔ taʔa"@ctz	<http://ids.clld.org/values/2-530-223-1>		<http://ids.clld.org/parameters/2-530>		<http://ids.clld.org/values/2-530-174-3>		"honɨ-kə"@mch	
"tʸā"@ctz	<http://ids.clld.org/values/14-480-223-3>		<http://ids.clld.org/parameters/14-480>		<http://ids.clld.org/values/14-480-174-1>		"henamma"@mch	
"kateʔ ʔĩ"@ctz	<http://ids.clld.org/values/5-140-223-3>		<http://ids.clld.org/parameters/5-140>		<http://ids.clld.org/values/5-140-174-1>		"əmīhe"@mch	
"nde niʔ"@ctz	<http://ids.clld.org/values/12-50-223-3>		<http://ids.clld.org/parameters/12-50>		<http://ids.clld.org/values/12-50-174-3>		"anwaʔka"@mch	
"nde niʔ"@ctz	<http://ids.clld.org/values/12-50-223-3>		<http://ids.clld.org/parameters/12-50>		<http://ids.clld.org/values/12-50-174-1>		"aʔka"@mch	
"iʔ"@ctz	<http://ids.clld.org/values/2-930-223-5>		<http://ids.clld.org/parameters/2-930>		<http://ids.clld.org/values/2-930-174-1>		"tɨwɨ"@mch	
"kʷa-"@ctz	<http://ids.clld.org/values/8-410-223-1>		<http://ids.clld.org/parameters/8-410>		<http://ids.clld.org/values/8-410-174-1>		"inɲatɨʔtə̄dɨ"@mch	
"tʸiʔi"@ctz	<http://ids.clld.org/values/18-110-223-1>		<http://ids.clld.org/parameters/18-110>		<http://ids.clld.org/values/18-110-174-1>		"kəʔtɨnnə"@mch	
"tiyuʔ"@ctz	<http://ids.clld.org/values/1-330-223-1>		<http://ids.clld.org/parameters/1-330>		<http://ids.clld.org/values/1-330-174-1>		"čūʔhə"@mch	
"wa"@ctz	<http://ids.clld.org/values/2-942-223-1>		<http://ids.clld.org/parameters/2-942>		<http://ids.clld.org/values/2-942-174-1>		"nɲa"@mch	
"wtẽ"@ctz	<http://ids.clld.org/values/3-580-223-1>		<http://ids.clld.org/parameters/3-580>		<http://ids.clld.org/values/3-580-174-1>		"danɲami"@mch	
"tʸaʔã"@ctz	<http://ids.clld.org/values/10-450-223-1>		<http://ids.clld.org/parameters/10-450>		<http://ids.clld.org/values/10-450-174-1>		"w-ōhoyma-nə"@mch	
"(santos) hoʔo"@ctz	<http://ids.clld.org/values/22-120-223-3>		<http://ids.clld.org/parameters/22-120>		<http://ids.clld.org/values/22-120-174-1>		"wanādi"@mch	
"kitʸi"@ctz	<http://ids.clld.org/values/18-560-223-1>		<http://ids.clld.org/parameters/18-560>		<http://ids.clld.org/values/18-560-174-1>		"[hahēda]"@mch	
"škʷã"@ctz	<http://ids.clld.org/values/6-350-223-1>		<http://ids.clld.org/parameters/6-350>		<http://ids.clld.org/values/6-350-174-1>		"šōka-dɨ"@mch	
"kī̃"@ctz	<http://ids.clld.org/values/4-853-223-1>		<http://ids.clld.org/parameters/4-853>		<http://ids.clld.org/values/4-853-174-1>		"awonɲəʔkādɨ"@mch	
"šiʔʸa ʔĩ-"@ctz	<http://ids.clld.org/values/18-410-223-1>		<http://ids.clld.org/parameters/18-410>		<http://ids.clld.org/values/18-410-174-1>		"aʔdewhaʔdɨ"@mch	
"ni"@ctz	<http://ids.clld.org/values/14-180-223-1>		<http://ids.clld.org/parameters/14-180>		<http://ids.clld.org/values/14-180-174-1>		"edūwa"@mch	
"šlʸū"@ctz	<http://ids.clld.org/values/9-221-223-1>		<http://ids.clld.org/parameters/9-221>		<http://ids.clld.org/values/9-221-174-1>		"čūhiya-dɨ"@mch	
"šlʸū"@ctz	<http://ids.clld.org/values/9-221-223-1>		<http://ids.clld.org/parameters/9-221>		<http://ids.clld.org/values/9-221-174-3>		"yaʔka-dɨ"@mch	
"yaʔ-"@ctz	<http://ids.clld.org/values/4-330-223-1>		<http://ids.clld.org/parameters/4-330>		<http://ids.clld.org/values/4-330-174-1>		"amō-dɨ"@mch	
"kyā kʷã"@ctz	<http://ids.clld.org/values/10-210-223-1>		<http://ids.clld.org/parameters/10-210>		<http://ids.clld.org/values/10-210-174-1>		"w-ənuʔnə"@mch	
"ʔʸa"@ctz	<http://ids.clld.org/values/12-30-223-1>		<http://ids.clld.org/parameters/12-30>		<http://ids.clld.org/values/12-30-174-1>		"doʔnə"@mch	
"ndiʔʸa ɲaʔã"@ctz	<http://ids.clld.org/values/16-810-223-1>		<http://ids.clld.org/parameters/16-810>		<http://ids.clld.org/values/16-810-174-1>		"inɲatahe"@mch	
"neʔ"@ctz	<http://ids.clld.org/values/2-960-223-1>		<http://ids.clld.org/parameters/2-960>		<http://ids.clld.org/values/2-960-174-1>		"tɨnwano"@mch	
"ka-la"@ctz	<http://ids.clld.org/values/13-104-223-1>		<http://ids.clld.org/parameters/13-104>		<http://ids.clld.org/values/13-104-174-1>		"tōni ssoto"@mch	
"kā"@ctz	<http://ids.clld.org/values/13-90-223-1>		<http://ids.clld.org/parameters/13-90>		<http://ids.clld.org/values/13-90-174-1>		"āʔkəi čea amohaʔto"@mch	
"kata"@ctz	<http://ids.clld.org/values/8-531-223-1>		<http://ids.clld.org/parameters/8-531>		<http://ids.clld.org/values/8-531-174-1>		"aiʔčɨdɨ"@mch	
"ngatẽ"@ctz	<http://ids.clld.org/values/15-640-223-1>		<http://ids.clld.org/parameters/15-640>		<http://ids.clld.org/values/15-640-174-1>		"təʔkeʔne"@mch	
"kē čkãʔ"@ctz	<http://ids.clld.org/values/6-760-223-1>		<http://ids.clld.org/parameters/6-760>		<http://ids.clld.org/values/6-760-174-1>		"mayūdu"@mch	
"šɲi"@ctz	<http://ids.clld.org/values/11-130-223-1>		<http://ids.clld.org/parameters/11-130>		<http://ids.clld.org/values/11-130-174-1>		"w-emhan-nə"@mch	
"tʸukʷa tʸiʔi"@ctz	<http://ids.clld.org/values/15-210-223-1>		<http://ids.clld.org/parameters/15-210>		<http://ids.clld.org/values/15-210-174-1>		"hyoʔhōdɨ"@mch	
"kula"@ctz	<http://ids.clld.org/values/1-540-223-1>		<http://ids.clld.org/parameters/1-540>		<http://ids.clld.org/values/1-540-174-1>		"šidīčə"@mch	
"tnẽ-"@ctz	<http://ids.clld.org/values/4-150-223-1>		<http://ids.clld.org/parameters/4-150>		<http://ids.clld.org/values/4-150-174-1>		"munu"@mch	
"nu kiʔʸu taʔa sti"@ctz	<http://ids.clld.org/values/2-512-223-1>		<http://ids.clld.org/parameters/2-512>		<http://ids.clld.org/values/2-512-174-1>		"haha"@mch	
"[krsi'ya]"@ctz	<http://ids.clld.org/values/16-110-223-1>		<http://ids.clld.org/parameters/16-110>		<http://ids.clld.org/values/16-110-174-1>		"dōʔta"@mch	
"tuʔʷa naʔã"@ctz	<http://ids.clld.org/values/7-150-223-1>		<http://ids.clld.org/parameters/7-150>		<http://ids.clld.org/values/7-150-174-1>		"hɨdōdo"@mch	
"koʔ"@ctz	<http://ids.clld.org/values/1-530-223-1>		<http://ids.clld.org/parameters/1-530>		<http://ids.clld.org/values/1-530-174-1>		"nūnə"@mch	
"sū-"@ctz	<http://ids.clld.org/values/4-142-223-1>		<http://ids.clld.org/parameters/4-142>		<http://ids.clld.org/values/4-142-174-1>		"ettəmuho"@mch	
"si"@ctz	<http://ids.clld.org/values/3-920-223-1>		<http://ids.clld.org/parameters/3-920>		<http://ids.clld.org/values/3-920-174-1>		"matūtu"@mch	
"čkā̃-"@ctz	<http://ids.clld.org/values/4-205-223-1>		<http://ids.clld.org/parameters/4-205>		<http://ids.clld.org/values/4-205-174-1>		"heʔkay"@mch	
"kiyaʔ-"@ctz	<http://ids.clld.org/values/4-350-223-1>		<http://ids.clld.org/parameters/4-350>		<http://ids.clld.org/values/4-350-174-1>		"hētɨ"@mch	
"la ya..."@ctz	<http://ids.clld.org/values/17-660-223-1>		<http://ids.clld.org/parameters/17-660>		<http://ids.clld.org/values/17-660-174-1>		"ə̄iša"@mch	
"sti kula"@ctz	<http://ids.clld.org/values/2-460-223-1>		<http://ids.clld.org/parameters/2-460>		<http://ids.clld.org/values/2-460-174-1>		"kōko"@mch	
"tʸukʷi (kʷã)"@ctz	<http://ids.clld.org/values/9-341-223-3>		<http://ids.clld.org/parameters/9-341>		<http://ids.clld.org/values/9-341-174-1>		"-ewaʔtə-dɨ"@mch	
"tʸaʔã čaʔ tiye"@ctz	<http://ids.clld.org/values/17-130-223-1>		<http://ids.clld.org/parameters/17-130>		<http://ids.clld.org/values/17-130-174-1>		"tɨtahə-nə"@mch	
"šʔnã"@ctz	<http://ids.clld.org/values/19-240-223-1>		<http://ids.clld.org/parameters/19-240>		<http://ids.clld.org/values/19-240-174-1>		"ədāhə"@mch	
"c̷ã"@ctz	<http://ids.clld.org/values/14-410-223-1>		<http://ids.clld.org/parameters/14-410>		<http://ids.clld.org/values/14-410-174-1>		"anə̄to"@mch	
"tlō-"@ctz	<http://ids.clld.org/values/4-204-223-1>		<http://ids.clld.org/parameters/4-204>		<http://ids.clld.org/values/4-204-174-1>		"heʔ-dɨ"@mch	
"lkʷa"@ctz	<http://ids.clld.org/values/9-370-223-1>		<http://ids.clld.org/parameters/9-370>		<http://ids.clld.org/values/9-370-174-1>		"šēmeka-dɨ"@mch	
"čĩʔ ti"@ctz	<http://ids.clld.org/values/13-170-223-1>		<http://ids.clld.org/parameters/13-170>		<http://ids.clld.org/values/13-170-174-1>		"ākəʔkə"@mch	
"kaʔ"@ctz	<http://ids.clld.org/values/7-570-223-1>		<http://ids.clld.org/parameters/7-570>		<http://ids.clld.org/values/7-570-174-1>		"[tadwa]"@mch	
"sɲeʔ"@ctz	<http://ids.clld.org/values/2-420-223-1>		<http://ids.clld.org/parameters/2-420>		<http://ids.clld.org/values/2-420-174-1>		"nnedɨ"@mch	
"suʔʷe nsuʔʷi tiye"@ctz	<http://ids.clld.org/values/16-230-223-3>		<http://ids.clld.org/parameters/16-230>		<http://ids.clld.org/values/16-230-174-1>		"takwanɲe"@mch	
"nu šuwe"@ctz	<http://ids.clld.org/values/2-270-223-3>		<http://ids.clld.org/parameters/2-270>		<http://ids.clld.org/values/2-270-174-1>		"nnedɨ"@mch	
"hʸaʔã steʔ"@ctz	<http://ids.clld.org/values/2-470-223-3>		<http://ids.clld.org/parameters/2-470>		<http://ids.clld.org/values/2-470-174-1>		"-tamū-du"@mch	
"nde yaʔ"@ctz	<http://ids.clld.org/values/17-660-223-3>		<http://ids.clld.org/parameters/17-660>		<http://ids.clld.org/values/17-660-174-1>		"ə̄iša"@mch	
"kunãʔ kiyaʔ-"@ctz	<http://ids.clld.org/values/4-352-223-3>		<http://ids.clld.org/parameters/4-352>		<http://ids.clld.org/values/4-352-174-1>		"hōde"@mch	
"ta-yaʔ"@ctz	<http://ids.clld.org/values/11-140-223-3>		<http://ids.clld.org/parameters/11-140>		<http://ids.clld.org/values/11-140-174-1>		"-ahəi-"@mch	
"tiyū"@ctz	<http://ids.clld.org/values/10-230-223-1>		<http://ids.clld.org/parameters/10-230>		<http://ids.clld.org/values/10-230-174-1>		"w-eduka-nə"@mch	
"ni"@ctz	<http://ids.clld.org/values/2-930-223-7>		<http://ids.clld.org/parameters/2-930>		<http://ids.clld.org/values/2-930-174-1>		"tɨwɨ"@mch	
"kʷiɲãʔ"@ctz	<http://ids.clld.org/values/3-750-223-1>		<http://ids.clld.org/parameters/3-750>		<http://ids.clld.org/values/3-750-174-1>		"kawādi"@mch	
"yka"@ctz	<http://ids.clld.org/values/1-420-223-1>		<http://ids.clld.org/parameters/1-420>		<http://ids.clld.org/values/1-420-174-1>		"dē"@mch	
"ti tʸukʷa"@ctz	<http://ids.clld.org/values/13-102-223-1>		<http://ids.clld.org/parameters/13-102>		<http://ids.clld.org/values/13-102-174-1>		"amohadəʔto dēwə āʔkə"@mch	
"šisaʔã"@ctz	<http://ids.clld.org/values/12-930-223-3>		<http://ids.clld.org/parameters/12-930>		<http://ids.clld.org/values/12-930-174-1>		"w-ekamhiaka-nə"@mch	
"kiʔʸa"@ctz	<http://ids.clld.org/values/10-473-223-3>		<http://ids.clld.org/parameters/10-473>		<http://ids.clld.org/values/10-473-174-1>		"hɨ̄ʔwakādə"@mch	
"kateʔ tiʔ"@ctz	<http://ids.clld.org/values/5-140-223-1>		<http://ids.clld.org/parameters/5-140>		<http://ids.clld.org/values/5-140-174-1>		"əmīhe"@mch	
"ã"@ctz	<http://ids.clld.org/values/2-930-223-9>		<http://ids.clld.org/parameters/2-930>		<http://ids.clld.org/values/2-930-174-1>		"tɨwɨ"@mch	
"lkaʔ kita"@ctz	<http://ids.clld.org/values/8-680-223-1>		<http://ids.clld.org/parameters/8-680>		<http://ids.clld.org/values/8-680-174-1>		"kawai"@mch	
"yaʔa tihi kala"@ctz	<http://ids.clld.org/values/5-124-223-1>		<http://ids.clld.org/parameters/5-124>		<http://ids.clld.org/values/5-124-174-1>		"šēne"@mch	
"tu-hoʔo"@ctz	<http://ids.clld.org/values/1-320-223-1>		<http://ids.clld.org/parameters/1-320>		<http://ids.clld.org/values/1-320-174-1>		"dama"@mch	
"skuʔ yaʔ-"@ctz	<http://ids.clld.org/values/4-320-223-3>		<http://ids.clld.org/parameters/4-320>		<http://ids.clld.org/values/4-320-174-1>		"ə̄ʔmu"@mch	
"čũʔ"@ctz	<http://ids.clld.org/values/12-11-223-1>		<http://ids.clld.org/parameters/12-11>		<http://ids.clld.org/values/12-11-174-1>		"mənse"@mch	
"ku"@ctz	<http://ids.clld.org/values/5-110-223-1>		<http://ids.clld.org/parameters/5-110>		<http://ids.clld.org/values/5-110-174-1>		"wowašīnčənə"@mch	
"ni čaʔ..."@ctz	<http://ids.clld.org/values/17-690-223-1>		<http://ids.clld.org/parameters/17-690>		<http://ids.clld.org/values/17-690-174-1>		"ākene yeihəkə"@mch	
"nu kunaʔã taʔa hʸaʔã"@ctz	<http://ids.clld.org/values/2-521-223-1>		<http://ids.clld.org/parameters/2-521>		<http://ids.clld.org/values/2-521-174-1>		"denɨ"@mch	
"kuša"@ctz	<http://ids.clld.org/values/6-360-223-1>		<http://ids.clld.org/parameters/6-360>		<http://ids.clld.org/values/6-360-174-1>		"makūsa"@mch	
"nu nčka kulo"@ctz	<http://ids.clld.org/values/13-340-223-3>		<http://ids.clld.org/parameters/13-340>		<http://ids.clld.org/values/13-340-174-1>		"awaʔde"@mch	
"tu [šla]"@ctz	<http://ids.clld.org/values/17-270-223-1>		<http://ids.clld.org/parameters/17-270>		<http://ids.clld.org/values/17-270-174-1>		"yowānomani"@mch	
"ɲuʔũ"@ctz	<http://ids.clld.org/values/4-820-223-1>		<http://ids.clld.org/parameters/4-820>		<http://ids.clld.org/values/4-820-174-1>		"āʔkedēto"@mch	
"[tiyu] taʔa"@ctz	<http://ids.clld.org/values/2-510-223-1>		<http://ids.clld.org/parameters/2-510>		<http://ids.clld.org/values/2-510-174-1>		"wōdɨ"@mch	
"lʸa"@ctz	<http://ids.clld.org/values/3-622-223-1>		<http://ids.clld.org/parameters/3-622>		<http://ids.clld.org/values/3-622-174-1>		"dawāde"@mch	
"suʔʷe tiʔĩ"@ctz	<http://ids.clld.org/values/12-230-223-1>		<http://ids.clld.org/parameters/12-230>		<http://ids.clld.org/values/12-230-174-1>		"šādamadɨ̄he"@mch	
"nã nu ka tkãʔ"@ctz	<http://ids.clld.org/values/6-710-223-1>		<http://ids.clld.org/parameters/6-710>		<http://ids.clld.org/values/6-710-174-1>		"sawīya"@mch	
"kyā"@ctz	<http://ids.clld.org/values/10-470-223-1>		<http://ids.clld.org/parameters/10-470>		<http://ids.clld.org/values/10-470-174-1>		"wɨʔtə̄-nə"@mch	
"ngaʔa"@ctz	<http://ids.clld.org/values/15-660-223-1>		<http://ids.clld.org/parameters/15-660>		<http://ids.clld.org/values/15-660-174-1>		"seweičato"@mch	
"tʸoʔo"@ctz	<http://ids.clld.org/values/10-474-223-1>		<http://ids.clld.org/parameters/10-474>		<http://ids.clld.org/values/10-474-174-1>		"w-ehaʔka-nə"@mch	
"yu kiʔʸu"@ctz	<http://ids.clld.org/values/2-210-223-1>		<http://ids.clld.org/parameters/2-210>		<http://ids.clld.org/values/2-210-174-1>		"danwa"@mch	
"kiʔʸu kuneʔ"@ctz	<http://ids.clld.org/values/2-251-223-1>		<http://ids.clld.org/parameters/2-251>		<http://ids.clld.org/values/2-251-174-1>		"mudēši"@mch	
"hī"@ctz	<http://ids.clld.org/values/1-840-223-1>		<http://ids.clld.org/parameters/1-840>		<http://ids.clld.org/values/1-840-174-1>		"wedēnnə"@mch	
"ta ča-wiyaʔ"@ctz	<http://ids.clld.org/values/19-470-223-1>		<http://ids.clld.org/parameters/19-470>		<http://ids.clld.org/values/19-470-174-1>		"tɨdɨho-dɨ"@mch	
"yka"@ctz	<http://ids.clld.org/values/1-430-223-1>		<http://ids.clld.org/parameters/1-430>		<http://ids.clld.org/values/1-430-174-1>		"dē"@mch	
"['patu]"@ctz	<http://ids.clld.org/values/3-570-223-1>		<http://ids.clld.org/parameters/3-570>		<http://ids.clld.org/values/3-570-174-1>		"[hātu]"@mch	
"nu šuwe kunaʔã"@ctz	<http://ids.clld.org/values/2-260-223-1>		<http://ids.clld.org/parameters/2-260>		<http://ids.clld.org/values/2-260-174-1>		"wodi-ʔčə"@mch	
"skuwe ~ suwe"@ctz	<http://ids.clld.org/values/5-970-223-1>		<http://ids.clld.org/parameters/5-970>		<http://ids.clld.org/values/5-970-174-1>		"iʔmoi"@mch	
"kilʸa"@ctz	<http://ids.clld.org/values/20-250-223-1>		<http://ids.clld.org/parameters/20-250>		<http://ids.clld.org/values/20-250-174-1>		"šimāda"@mch	
"kū̃ ['papa]"@ctz	<http://ids.clld.org/values/5-700-223-1>		<http://ids.clld.org/parameters/5-700>		<http://ids.clld.org/values/5-700-174-1>		"šāku"@mch	
"c̷ā kuta"@ctz	<http://ids.clld.org/values/20-610-223-1>		<http://ids.clld.org/parameters/20-610>		<http://ids.clld.org/values/20-610-174-1>		"emanɲuhɨdɨ"@mch	
"katãʔ-"@ctz	<http://ids.clld.org/values/4-344-223-1>		<http://ids.clld.org/parameters/4-344>		<http://ids.clld.org/values/4-344-174-1>		"əmmi"@mch	
"sti"@ctz	<http://ids.clld.org/values/2-350-223-1>		<http://ids.clld.org/parameters/2-350>		<http://ids.clld.org/values/2-350-174-1>		"haha"@mch	
"stʸũ"@ctz	<http://ids.clld.org/values/3-594-223-1>		<http://ids.clld.org/parameters/3-594>		<http://ids.clld.org/values/3-594-174-1>		"hadūma"@mch	
"nu kunaʔã sɲeʔ taʔa"@ctz	<http://ids.clld.org/values/2-540-223-1>		<http://ids.clld.org/parameters/2-540>		<http://ids.clld.org/values/2-540-174-1>		"hāse"@mch	
"nɲã (čalʸū)"@ctz	<http://ids.clld.org/values/1-450-223-1>		<http://ids.clld.org/parameters/1-450>		<http://ids.clld.org/values/1-450-174-1>		"dehūši"@mch	
"ke naʔã"@ctz	<http://ids.clld.org/values/7-510-223-1>		<http://ids.clld.org/parameters/7-510>		<http://ids.clld.org/values/7-510-174-1>		"aməʔhɨdɨ"@mch	
"nguhʷi"@ctz	<http://ids.clld.org/values/4-750-223-3>		<http://ids.clld.org/parameters/4-750>		<http://ids.clld.org/values/4-750-174-1>		"-əma-"@mch	
"hʸaʔã kula"@ctz	<http://ids.clld.org/values/2-470-223-1>		<http://ids.clld.org/parameters/2-470>		<http://ids.clld.org/values/2-470-174-1>		"-tamū-du"@mch	
"[mstru]"@ctz	<http://ids.clld.org/values/17-270-223-3>		<http://ids.clld.org/parameters/17-270>		<http://ids.clld.org/values/17-270-174-1>		"yowānomani"@mch	
"kū̃ yū"@ctz	<http://ids.clld.org/values/8-920-223-1>		<http://ids.clld.org/parameters/8-920>		<http://ids.clld.org/values/8-920-174-1>		"kɨdēde"@mch	
"kiʔʸa"@ctz	<http://ids.clld.org/values/1-220-223-1>		<http://ids.clld.org/parameters/1-220>		<http://ids.clld.org/values/1-220-174-1>		"hɨ̄"@mch	
"neʔ čĩ"@ctz	<http://ids.clld.org/values/22-350-223-5>		<http://ids.clld.org/parameters/22-350>		<http://ids.clld.org/values/22-350-174-1>		"kahūšawa"@mch	
"stẽ lo tiʔa"@ctz	<http://ids.clld.org/values/10-330-223-1>		<http://ids.clld.org/parameters/10-330>		<http://ids.clld.org/values/10-330-174-1>		"yehuʔkwai"@mch	
"nu šuwe tiʔi"@ctz	<http://ids.clld.org/values/2-750-223-1>		<http://ids.clld.org/parameters/2-750>		<http://ids.clld.org/values/2-750-174-1>		"tunkemhɨnɨ"@mch	
"šuʔʷi"@ctz	<http://ids.clld.org/values/11-110-223-1>		<http://ids.clld.org/parameters/11-110>		<http://ids.clld.org/values/11-110-174-1>		"tɨweiye wənɲe"@mch	
"taʔa"@ctz	<http://ids.clld.org/values/2-440-223-1>		<http://ids.clld.org/parameters/2-440>		<http://ids.clld.org/values/2-440-174-1>		"-nuwā-dɨ"@mch	
"kulu"@ctz	<http://ids.clld.org/values/8-220-223-1>		<http://ids.clld.org/parameters/8-220>		<http://ids.clld.org/values/8-220-174-1>		"tɨʔkādɨ"@mch	
"čkĩ"@ctz	<http://ids.clld.org/values/1-852-223-1>		<http://ids.clld.org/parameters/1-852>		<http://ids.clld.org/values/1-852-174-1>		"daʔtwa-dɨ"@mch	
"tʸukʷa taʔa"@ctz	<http://ids.clld.org/values/19-650-223-1>		<http://ids.clld.org/parameters/19-650>		<http://ids.clld.org/values/19-650-174-1>		"edantə-dɨ"@mch	
"kuʔ"@ctz	<http://ids.clld.org/values/6-110-223-1>		<http://ids.clld.org/parameters/6-110>		<http://ids.clld.org/values/6-110-174-1>		"wewontənə"@mch	
"siʔ naʔã"@ctz	<http://ids.clld.org/values/7-270-223-1>		<http://ids.clld.org/parameters/7-270>		<http://ids.clld.org/values/7-270-174-1>		"həʔhudu"@mch	
"yka [šlʸa]"@ctz	<http://ids.clld.org/values/7-430-223-1>		<http://ids.clld.org/parameters/7-430>		<http://ids.clld.org/values/7-430-174-1>		"āʔtəy"@mch	
"kʷitũ"@ctz	<http://ids.clld.org/values/3-820-223-1>		<http://ids.clld.org/parameters/3-820>		<http://ids.clld.org/values/3-820-174-1>		"wannə"@mch	
"kuʔu"@ctz	<http://ids.clld.org/values/4-740-223-1>		<http://ids.clld.org/parameters/4-740>		<http://ids.clld.org/values/4-740-174-1>		"wenɲə"@mch	
"kuni-čaʔ"@ctz	<http://ids.clld.org/values/18-310-223-1>		<http://ids.clld.org/parameters/18-310>		<http://ids.clld.org/values/18-310-174-1>		"-ekammaho-"@mch	
"kʸāʔ su"@ctz	<http://ids.clld.org/values/9-750-223-1>		<http://ids.clld.org/parameters/9-750>		<http://ids.clld.org/values/9-750-174-1>		"aʔtoʔtotoʔho"@mch	
"kunaʔã kuneʔ"@ctz	<http://ids.clld.org/values/2-261-223-1>		<http://ids.clld.org/parameters/2-261>		<http://ids.clld.org/values/2-261-174-1>		"mudēši"@mch	
"čkʷiʔ s-la"@ctz	<http://ids.clld.org/values/4-620-223-1>		<http://ids.clld.org/parameters/4-620>		<http://ids.clld.org/values/4-620-174-1>		"wənētɨnə"@mch	
"yka nčkĩ"@ctz	<http://ids.clld.org/values/1-880-223-1>		<http://ids.clld.org/parameters/1-880>		<http://ids.clld.org/values/1-880-174-1>		"-keme-dɨ"@mch	
"lye tiʔ"@ctz	<http://ids.clld.org/values/4-830-223-1>		<http://ids.clld.org/parameters/4-830>		<http://ids.clld.org/values/4-830-174-1>		"tadəinɲe"@mch	
"nčka tiʔ"@ctz	<http://ids.clld.org/values/16-620-223-1>		<http://ids.clld.org/parameters/16-620>		<http://ids.clld.org/values/16-620-174-1>		"hyumma-dɨ"@mch	
"tukʷī̃ tlʸu"@ctz	<http://ids.clld.org/values/10-710-223-1>		<http://ids.clld.org/parameters/10-710>		<http://ids.clld.org/values/10-710-174-1>		"ə̄ma"@mch	
"las��u"@ctz	<http://ids.clld.org/values/3-586-223-1>		<http://ids.clld.org/parameters/3-586>		<http://ids.clld.org/values/3-586-174-1>		"kudūmu"@mch	
"skũ-"@ctz	<http://ids.clld.org/values/4-310-223-1>		<http://ids.clld.org/parameters/4-310>		<http://ids.clld.org/values/4-310-174-1>		"aʔhə"@mch	
"tiya tiʔ"@ctz	<http://ids.clld.org/values/16-270-223-3>		<http://ids.clld.org/parameters/16-270>		<http://ids.clld.org/values/16-270-174-1>		"hyumma-dɨ"@mch	
"kusī̃"@ctz	<http://ids.clld.org/values/9-343-223-3>		<http://ids.clld.org/parameters/9-343>		<http://ids.clld.org/values/9-343-174-1>		"eʔkukā-dɨ"@mch	
"čkʷã ynĩ yaʔ-"@ctz	<http://ids.clld.org/values/6-740-223-1>		<http://ids.clld.org/parameters/6-740>		<http://ids.clld.org/values/6-740-174-1>		"ahəʔmɨy"@mch	
"šuʔʷa tneʔ"@ctz	<http://ids.clld.org/values/11-650-223-3>		<http://ids.clld.org/parameters/11-650>		<http://ids.clld.org/values/11-650-174-1>		"ehēma-dɨ"@mch	
"nu šuwe kiʔʸu"@ctz	<http://ids.clld.org/values/2-250-223-1>		<http://ids.clld.org/parameters/2-250>		<http://ids.clld.org/values/2-250-174-1>		"mudekə̄kə"@mch	
"steʔ(-)"@ctz	<http://ids.clld.org/values/6-120-223-3>		<http://ids.clld.org/parameters/6-120>		<http://ids.clld.org/values/6-120-174-1>		"womɨ"@mch	
"kyā̃"@ctz	<http://ids.clld.org/values/10-480-223-1>		<http://ids.clld.org/parameters/10-480>		<http://ids.clld.org/values/10-480-174-1>		"w-eʔ-nə"@mch	
"kaha"@ctz	<http://ids.clld.org/values/11-320-223-1>		<http://ids.clld.org/parameters/11-320>		<http://ids.clld.org/values/11-320-174-1>		"edantə-dɨ"@mch	
"kʷiʔʸa"@ctz	<http://ids.clld.org/values/3-585-223-1>		<http://ids.clld.org/parameters/3-585>		<http://ids.clld.org/values/3-585-174-1>		"hiyāna"@mch	
"čkʷã ča (čaʔ kuta kula)"@ctz	<http://ids.clld.org/values/20-520-223-1>		<http://ids.clld.org/parameters/20-520>		<http://ids.clld.org/values/20-520-174-1>		"anə̄tə"@mch	
"nã ku-"@ctz	<http://ids.clld.org/values/5-120-223-1>		<http://ids.clld.org/parameters/5-120>		<http://ids.clld.org/values/5-120-174-1>		"mudūkuku"@mch	
"nde siʔ-"@ctz	<http://ids.clld.org/values/12-20-223-3>		<http://ids.clld.org/parameters/12-20>		<http://ids.clld.org/values/12-20-174-1>		"dɨʔtə"@mch	
"ši-tɲãʔ"@ctz	<http://ids.clld.org/values/4-912-223-1>		<http://ids.clld.org/parameters/4-912>		<http://ids.clld.org/values/4-912-174-1>		"wə̄dētanə"@mch	
"siʔʸu"@ctz	<http://ids.clld.org/values/5-710-223-3>		<http://ids.clld.org/parameters/5-710>		<http://ids.clld.org/values/5-710-174-1>		"čə̄hɨdɨ̄-hɨdɨ"@mch	
"hʸaʔã"@ctz	<http://ids.clld.org/values/9-360-223-1>		<http://ids.clld.org/parameters/9-360>		<http://ids.clld.org/values/9-360-174-1>		"-ičoʔka-dɨ"@mch	
"lō"@ctz	<http://ids.clld.org/values/12-80-223-1>		<http://ids.clld.org/parameters/12-80>		<http://ids.clld.org/values/12-80-174-1>		"kawə̄"@mch	
"kula"@ctz	<http://ids.clld.org/values/3-650-223-1>		<http://ids.clld.org/parameters/3-650>		<http://ids.clld.org/values/3-650-174-1>		"nākukwāno"@mch	
"heʔẽ-"@ctz	<http://ids.clld.org/values/4-180-223-1>		<http://ids.clld.org/parameters/4-180>		<http://ids.clld.org/values/4-180-174-1>		"dāʔkɨdɨ"@mch	
"neʔ-"@ctz	<http://ids.clld.org/values/4-460-223-1>		<http://ids.clld.org/parameters/4-460>		<http://ids.clld.org/values/4-460-174-1>		"dudūnoi"@mch	
"lʸuʔ"@ctz	<http://ids.clld.org/values/12-560-223-1>		<http://ids.clld.org/parameters/12-560>		<http://ids.clld.org/values/12-560-174-1>		"šeʔkə"@mch	
"kic̷aʔ"@ctz	<http://ids.clld.org/values/18-221-223-1>		<http://ids.clld.org/parameters/18-221>		<http://ids.clld.org/values/18-221-174-1>		"mēʔkuʔtə̄dɨ"@mch	
"nguwẽ"@ctz	<http://ids.clld.org/values/5-123-223-1>		<http://ids.clld.org/parameters/5-123>		<http://ids.clld.org/values/5-123-174-1>		"sēweyčato"@mch	
"sa ɲaʔã"@ctz	<http://ids.clld.org/values/17-610-223-3>		<http://ids.clld.org/parameters/17-610>		<http://ids.clld.org/values/17-610-174-1>		"ākene"@mch	
"skaʔ"@ctz	<http://ids.clld.org/values/8-930-223-1>		<http://ids.clld.org/parameters/8-930>		<http://ids.clld.org/values/8-930-174-1>		"kankudu"@mch	
"sɲeʔ"@ctz	<http://ids.clld.org/values/2-430-223-1>		<http://ids.clld.org/parameters/2-430>		<http://ids.clld.org/values/2-430-174-1>		"nnedɨ"@mch	
"ntẽ čalʸū"@ctz	<http://ids.clld.org/values/19-210-223-3>		<http://ids.clld.org/parameters/19-210>		<http://ids.clld.org/values/19-210-174-1>		"weiʔčɨ"@mch	
"kuʔni šaʔã"@ctz	<http://ids.clld.org/values/17-240-223-1>		<http://ids.clld.org/parameters/17-240>		<http://ids.clld.org/values/17-240-174-1>		"-ōwanoma-"@mch	
"yū"@ctz	<http://ids.clld.org/values/1-212-223-1>		<http://ids.clld.org/parameters/1-212>		<http://ids.clld.org/values/1-212-174-1>		"nono"@mch	
"c̷ā ɲaʔã tiʔ"@ctz	<http://ids.clld.org/values/17-150-223-3>		<http://ids.clld.org/parameters/17-150>		<http://ids.clld.org/values/17-150-174-1>		"-ekanɨhɨ-dɨ"@mch	
"nu (lka) [kontra]"@ctz	<http://ids.clld.org/values/19-520-223-3>		<http://ids.clld.org/parameters/19-520>		<http://ids.clld.org/values/19-520-174-1>		"tuʔde"@mch	
"tihʸuʔ"@ctz	<http://ids.clld.org/values/12-440-223-1>		<http://ids.clld.org/parameters/12-440>		<http://ids.clld.org/values/12-440-174-1>		"amoinče"@mch	
"ška"@ctz	<http://ids.clld.org/values/1-880-223-3>		<http://ids.clld.org/parameters/1-880>		<http://ids.clld.org/values/1-880-174-1>		"-keme-dɨ"@mch	
"nã"@ctz	<http://ids.clld.org/values/2-941-223-1>		<http://ids.clld.org/parameters/2-941>		<http://ids.clld.org/values/2-941-174-1>		"kɨwɨ"@mch	
"ti lka..."@ctz	<http://ids.clld.org/values/17-680-223-1>		<http://ids.clld.org/parameters/17-680>		<http://ids.clld.org/values/17-680-174-1>		"ənə̄kɨ"@mch	
"sɲeʔ"@ctz	<http://ids.clld.org/values/2-410-223-1>		<http://ids.clld.org/parameters/2-410>		<http://ids.clld.org/values/2-410-174-1>		"nnedɨ"@mch	
"čkʷa"@ctz	<http://ids.clld.org/values/6-330-223-1>		<http://ids.clld.org/parameters/6-330>		<http://ids.clld.org/values/6-330-174-1>		"tɨʔkaʔhɨdɨ"@mch	
"koʔo"@ctz	<http://ids.clld.org/values/5-130-223-1>		<http://ids.clld.org/parameters/5-130>		<http://ids.clld.org/values/5-130-174-1>		"enku"@mch	
"lakʷiʔʸa"@ctz	<http://ids.clld.org/values/3-584-223-1>		<http://ids.clld.org/parameters/3-584>		<http://ids.clld.org/values/3-584-174-1>		"demōši"@mch	
"[krasiya]"@ctz	<http://ids.clld.org/values/4-440-223-1>		<http://ids.clld.org/parameters/4-440>		<http://ids.clld.org/values/4-440-174-1>		"yēwanɨ"@mch	
"čkʷiʔ"@ctz	<http://ids.clld.org/values/18-210-223-1>		<http://ids.clld.org/parameters/18-210>		<http://ids.clld.org/values/18-210-174-1>		"w-aʔdew-nə"@mch	
"kilʸa"@ctz	<http://ids.clld.org/values/20-240-223-1>		<http://ids.clld.org/parameters/20-240>		<http://ids.clld.org/values/20-240-174-1>		"šimāda ehɨ̄dɨ"@mch	
"ngʷiyuʔ"@ctz	<http://ids.clld.org/values/3-818-223-1>		<http://ids.clld.org/parameters/3-818>		<http://ids.clld.org/values/3-818-174-1>		"modoy"@mch	
"lkaʔ naʔã"@ctz	<http://ids.clld.org/values/7-210-223-3>		<http://ids.clld.org/parameters/7-210>		<http://ids.clld.org/values/7-210-174-1>		"əʔsa"@mch	
"ni wra..."@ctz	<http://ids.clld.org/values/17-650-223-1>		<http://ids.clld.org/parameters/17-650>		<http://ids.clld.org/values/17-650-174-1>		"əičənnāwəkə"@mch	
"ti ~ lti"@ctz	<http://ids.clld.org/values/12-650-223-1>		<http://ids.clld.org/parameters/12-650>		<http://ids.clld.org/values/12-650-174-1>		"sāʔtahe"@mch	
"neʔ laha"@ctz	<http://ids.clld.org/values/22-350-223-3>		<http://ids.clld.org/parameters/22-350>		<http://ids.clld.org/values/22-350-174-1>		"kahūšawa"@mch	
"sū̃"@ctz	<http://ids.clld.org/values/12-340-223-3>		<http://ids.clld.org/parameters/12-340>		<http://ids.clld.org/values/12-340-174-1>		"nwaʔkəi"@mch	
"kʷã"@ctz	<http://ids.clld.org/values/12-310-223-1>		<http://ids.clld.org/parameters/12-310>		<http://ids.clld.org/values/12-310-174-1>		"kawə"@mch	
"ska"@ctz	<http://ids.clld.org/values/13-10-223-1>		<http://ids.clld.org/parameters/13-10>		<http://ids.clld.org/values/13-10-174-1>		"tōni"@mch	
"neʔ kunaʔã"@ctz	<http://ids.clld.org/values/2-220-223-1>		<http://ids.clld.org/parameters/2-220>		<http://ids.clld.org/values/2-220-174-1>		"wodi"@mch	
"tukʷī̃ kuʔ"@ctz	<http://ids.clld.org/values/12-570-223-3>		<http://ids.clld.org/parameters/12-570>		<http://ids.clld.org/values/12-570-174-1>		"nuwe"@mch	
"lti ti"@ctz	<http://ids.clld.org/values/12-620-223-1>		<http://ids.clld.org/parameters/12-620>		<http://ids.clld.org/values/12-620-174-3>		"anwakɨme"@mch	
"lti ti"@ctz	<http://ids.clld.org/values/12-620-223-1>		<http://ids.clld.org/parameters/12-620>		<http://ids.clld.org/values/12-620-174-1>		"danwadɨ"@mch	
"kičãʔ-"@ctz	<http://ids.clld.org/values/4-140-223-1>		<http://ids.clld.org/parameters/4-140>		<http://ids.clld.org/values/4-140-174-1>		"hū"@mch	
"hahaʔã"@ctz	<http://ids.clld.org/values/17-550-223-1>		<http://ids.clld.org/parameters/17-550>		<http://ids.clld.org/values/17-550-174-3>		"mmhm"@mch	
"hahaʔã"@ctz	<http://ids.clld.org/values/17-550-223-1>		<http://ids.clld.org/parameters/17-550>		<http://ids.clld.org/values/17-550-174-1>		"ʔeee"@mch	
"štʸa nĩ"@ctz	<http://ids.clld.org/values/18-420-223-1>		<http://ids.clld.org/parameters/18-420>		<http://ids.clld.org/values/18-420-174-1>		"tə̄tɨ"@mch	
"ča"@ctz	<http://ids.clld.org/values/15-780-223-1>		<http://ids.clld.org/parameters/15-780>		<http://ids.clld.org/values/15-780-174-1>		"ākə̄tədɨ"@mch	
"skʷa ... tiʔa"@ctz	<http://ids.clld.org/values/10-350-223-1>		<http://ids.clld.org/parameters/10-350>		<http://ids.clld.org/values/10-350-174-1>		"tɨwəʔhiyɨ"@mch	
"kʷã niʔ kʷã"@ctz	<http://ids.clld.org/values/1-510-223-1>		<http://ids.clld.org/parameters/1-510>		<http://ids.clld.org/values/1-510-174-1>		"kahu"@mch	
"čaʔ nu nčkʷiʔ-"@ctz	<http://ids.clld.org/values/18-240-223-1>		<http://ids.clld.org/parameters/18-240>		<http://ids.clld.org/values/18-240-174-1>		"āʔdewʔkwe"@mch	
"kunā̃"@ctz	<http://ids.clld.org/values/11-310-223-1>		<http://ids.clld.org/parameters/11-310>		<http://ids.clld.org/values/11-310-174-1>		"uhīyɨ"@mch	
"wã"@ctz	<http://ids.clld.org/values/2-950-223-1>		<http://ids.clld.org/parameters/2-950>		<http://ids.clld.org/values/2-950-174-1>		"ənwanno"@mch	
"yka ča"@ctz	<http://ids.clld.org/values/20-260-223-1>		<http://ids.clld.org/parameters/20-260>		<http://ids.clld.org/values/20-260-174-1>		"sukuhi"@mch	
"ha ..."@ctz	<http://ids.clld.org/values/17-560-223-3>		<http://ids.clld.org/parameters/17-560>		<http://ids.clld.org/values/17-560-174-1>		"mmʔhm"@mch	
"tī"@ctz	<http://ids.clld.org/values/13-100-223-1>		<http://ids.clld.org/parameters/13-100>		<http://ids.clld.org/values/13-100-174-1>		"amohadə"@mch	
"ni ɲaʔã..."@ctz	<http://ids.clld.org/values/17-610-223-1>		<http://ids.clld.org/parameters/17-610>		<http://ids.clld.org/values/17-610-174-1>		"ākene"@mch	
"tiʔa"@ctz	<http://ids.clld.org/values/1-310-223-1>		<http://ids.clld.org/parameters/1-310>		<http://ids.clld.org/values/1-310-174-1>		"tuna"@mch	
"hū̃"@ctz	<http://ids.clld.org/values/6-380-223-1>		<http://ids.clld.org/parameters/6-380>		<http://ids.clld.org/values/6-380-174-1>		"hakūdimɨʔtɨ"@mch	
"tnũ tuʔʷa"@ctz	<http://ids.clld.org/values/12-630-223-1>		<http://ids.clld.org/parameters/12-630>		<http://ids.clld.org/values/12-630-174-1>		"hūšīhe"@mch	
"ke-"@ctz	<http://ids.clld.org/values/4-200-223-1>		<http://ids.clld.org/parameters/4-200>		<http://ids.clld.org/values/4-200-174-1>		"hūʔhə"@mch	
"škʷa lō tiʔa"@ctz	<http://ids.clld.org/values/10-340-223-1>		<http://ids.clld.org/parameters/10-340>		<http://ids.clld.org/values/10-340-174-1>		"tɨtāwaʔta"@mch	
"nãʔ"@ctz	<http://ids.clld.org/values/2-910-223-1>		<http://ids.clld.org/parameters/2-910>		<http://ids.clld.org/values/2-910-174-1>		"ɨwɨ"@mch	
"sɲeʔ steʔ"@ctz	<http://ids.clld.org/values/2-490-223-1>		<http://ids.clld.org/parameters/2-490>		<http://ids.clld.org/values/2-490-174-1>		"hādɨ"@mch	
"ta?a"@ctz	<http://ids.clld.org/values/2-445-223-1>		<http://ids.clld.org/parameters/2-445>		<http://ids.clld.org/values/2-445-174-1>		"šīʔčɨ"@mch	
"tlʸu"@ctz	<http://ids.clld.org/values/12-550-223-1>		<http://ids.clld.org/parameters/12-550>		<http://ids.clld.org/values/12-550-174-1>		"nuwe"@mch	
"kitũʔ"@ctz	<http://ids.clld.org/values/5-260-223-1>		<http://ids.clld.org/parameters/5-260>		<http://ids.clld.org/values/5-260-174-1>		"ədinɲə"@mch	
"hi-tʸukʷi"@ctz	<http://ids.clld.org/values/9-341-223-1>		<http://ids.clld.org/parameters/9-341>		<http://ids.clld.org/values/9-341-174-1>		"-ewaʔtə-dɨ"@mch	
"hʸaʔã"@ctz	<http://ids.clld.org/values/2-360-223-1>		<http://ids.clld.org/parameters/2-360>		<http://ids.clld.org/values/2-360-174-1>		"denɨ"@mch	
"kaʔã ~ hnaʔã ~ kinaʔã"@ctz	<http://ids.clld.org/values/13-150-223-1>		<http://ids.clld.org/parameters/13-150>		<http://ids.clld.org/values/13-150-174-1>		"hōhe"@mch	
"ku"@ctz	<http://ids.clld.org/values/4-580-223-1>		<http://ids.clld.org/parameters/4-580>		<http://ids.clld.org/values/4-580-174-1>		"ēkādɨ"@mch	
"[ndi'ō se]"@ctz	<http://ids.clld.org/values/22-120-223-1>		<http://ids.clld.org/parameters/22-120>		<http://ids.clld.org/values/22-120-174-1>		"wanādi"@mch	
"tu-kē"@ctz	<http://ids.clld.org/values/1-280-223-1>		<http://ids.clld.org/parameters/1-280>		<http://ids.clld.org/values/1-280-174-1>		"ewɨ̄tɨ"@mch	
"hluʔʷe la"@ctz	<http://ids.clld.org/values/12-370-223-1>		<http://ids.clld.org/parameters/12-370>		<http://ids.clld.org/values/12-370-174-1>		"annai"@mch	
"šla"@ctz	<http://ids.clld.org/values/5-490-223-1>		<http://ids.clld.org/parameters/5-490>		<http://ids.clld.org/values/5-490-174-1>		"-oima-dɨ"@mch	
"ko"@ctz	<http://ids.clld.org/values/1-730-223-1>		<http://ids.clld.org/parameters/1-730>		<http://ids.clld.org/values/1-730-174-1>		"kāʔdutu"@mch	
"lō"@ctz	<http://ids.clld.org/values/12-40-223-1>		<http://ids.clld.org/parameters/12-40>		<http://ids.clld.org/values/12-40-174-1>		"owāho"@mch	
"lō"@ctz	<http://ids.clld.org/values/12-40-223-1>		<http://ids.clld.org/parameters/12-40>		<http://ids.clld.org/values/12-40-174-3>		"awaʔde"@mch	
"nutihi ka"@ctz	<http://ids.clld.org/values/12-40-223-7>		<http://ids.clld.org/parameters/12-40>		<http://ids.clld.org/values/12-40-174-1>		"owāho"@mch	
"nutihi ka"@ctz	<http://ids.clld.org/values/12-40-223-7>		<http://ids.clld.org/parameters/12-40>		<http://ids.clld.org/values/12-40-174-3>		"awaʔde"@mch	
"šuwe"@ctz	<http://ids.clld.org/values/12-560-223-3>		<http://ids.clld.org/parameters/12-560>		<http://ids.clld.org/values/12-560-174-1>		"šeʔkə"@mch	
"c̷ā"@ctz	<http://ids.clld.org/values/10-470-223-3>		<http://ids.clld.org/parameters/10-470>		<http://ids.clld.org/values/10-470-174-1>		"wɨʔtə̄-nə"@mch	
"stẽ"@ctz	<http://ids.clld.org/values/10-570-223-1>		<http://ids.clld.org/parameters/10-570>		<http://ids.clld.org/values/10-570-174-1>		"w-omon-nə"@mch	
"sluʔ skũ-"@ctz	<http://ids.clld.org/values/4-300-223-1>		<http://ids.clld.org/parameters/4-300>		<http://ids.clld.org/values/4-300-174-1>		"nkawə"@mch	
"nã koʔo"@ctz	<http://ids.clld.org/values/5-900-223-1>		<http://ids.clld.org/parameters/5-900>		<http://ids.clld.org/values/5-900-174-1>		"kuši"@mch	
"čaʔ"@ctz	<http://ids.clld.org/values/11-180-223-3>		<http://ids.clld.org/parameters/11-180>		<http://ids.clld.org/values/11-180-174-1>		"k-ɨnnɨdɨʔ-komo"@mch	
"ska tiʔa nu koʔo-"@ctz	<http://ids.clld.org/values/5-900-223-3>		<http://ids.clld.org/parameters/5-900>		<http://ids.clld.org/values/5-900-174-1>		"kuši"@mch	
"[šlʸu]"@ctz	<http://ids.clld.org/values/9-230-223-1>		<http://ids.clld.org/parameters/9-230>		<http://ids.clld.org/values/9-230-174-1>		"kɨmɨʔkə"@mch	
"seʔẽ ndiʔĩ neʔ wsū̃"@ctz	<http://ids.clld.org/values/20-130-223-3>		<http://ids.clld.org/parameters/20-130>		<http://ids.clld.org/values/20-130-174-1>		"wənə"@mch	
"stʸiʔ"@ctz	<http://ids.clld.org/values/4-400-223-3>		<http://ids.clld.org/parameters/4-400>		<http://ids.clld.org/values/4-400-174-1>		"dōʔta"@mch	
"y-ši"@ctz	<http://ids.clld.org/values/1-215-223-1>		<http://ids.clld.org/parameters/1-215>		<http://ids.clld.org/values/1-215-174-1>		"sāʔdaʔda"@mch	
"kusāʔ"@ctz	<http://ids.clld.org/values/9-280-223-1>		<http://ids.clld.org/parameters/9-280>		<http://ids.clld.org/values/9-280-174-1>		"-iši-"@mch	
"kʸō"@ctz	<http://ids.clld.org/values/1-750-223-1>		<http://ids.clld.org/parameters/1-750>		<http://ids.clld.org/values/1-750-174-1>		"konōho"@mch	
"tɲãʔ"@ctz	<http://ids.clld.org/values/3-630-223-1>		<http://ids.clld.org/parameters/3-630>		<http://ids.clld.org/values/3-630-174-1>		"asɨ̄kɨ"@mch	
"wtʸi"@ctz	<http://ids.clld.org/values/15-840-223-1>		<http://ids.clld.org/parameters/15-840>		<http://ids.clld.org/values/15-840-174-1>		"ssedēhe"@mch	
"kušiʔ"@ctz	<http://ids.clld.org/values/15-670-223-1>		<http://ids.clld.org/parameters/15-670>		<http://ids.clld.org/values/15-670-174-1>		"šēne"@mch	
"luʔu"@ctz	<http://ids.clld.org/values/4-740-223-3>		<http://ids.clld.org/parameters/4-740>		<http://ids.clld.org/values/4-740-174-1>		"wenɲə"@mch	
"kʷiʔ"@ctz	<http://ids.clld.org/values/17-550-223-5>		<http://ids.clld.org/parameters/17-550>		<http://ids.clld.org/values/17-550-174-3>		"mmhm"@mch	
"kʷiʔ"@ctz	<http://ids.clld.org/values/17-550-223-5>		<http://ids.clld.org/parameters/17-550>		<http://ids.clld.org/values/17-550-174-1>		"ʔeee"@mch	
"čkũʔ kiyaʔ čkũʔ hū̃"@ctz	<http://ids.clld.org/values/10-140-223-1>		<http://ids.clld.org/parameters/10-140>		<http://ids.clld.org/values/10-140-174-1>		"weməīya"@mch	
"kulā"@ctz	<http://ids.clld.org/values/11-250-223-1>		<http://ids.clld.org/parameters/11-250>		<http://ids.clld.org/values/11-250-174-1>		"ewanakādɨ"@mch	
"tʸūʔ"@ctz	<http://ids.clld.org/values/4-530-223-1>		<http://ids.clld.org/parameters/4-530>		<http://ids.clld.org/values/4-530-174-1>		"təinšiʔho"@mch	
"šā kitʸe"@ctz	<http://ids.clld.org/values/7-450-223-1>		<http://ids.clld.org/parameters/7-450>		<http://ids.clld.org/values/7-450-174-1>		"adāwa"@mch	
"kti"@ctz	<http://ids.clld.org/values/3-583-223-1>		<http://ids.clld.org/parameters/3-583>		<http://ids.clld.org/values/3-583-174-1>		"tadāya"@mch	
"c̷ā ʔʸa"@ctz	<http://ids.clld.org/values/10-620-223-3>		<http://ids.clld.org/parameters/10-620>		<http://ids.clld.org/values/10-620-174-1>		"-enehɨ"@mch	
"slʸaʔ"@ctz	<http://ids.clld.org/values/6-240-223-1>		<http://ids.clld.org/parameters/6-240>		<http://ids.clld.org/values/6-240-174-1>		"wadēkū"@mch	
"šnã"@ctz	<http://ids.clld.org/values/10-460-223-1>		<http://ids.clld.org/parameters/10-460>		<http://ids.clld.org/values/10-460-174-1>		"w-ekaʔtɨn-nə"@mch	
"neʔ"@ctz	<http://ids.clld.org/values/2-930-223-3>		<http://ids.clld.org/parameters/2-930>		<http://ids.clld.org/values/2-930-174-1>		"tɨwɨ"@mch	
"kuʔni--hoʔo"@ctz	<http://ids.clld.org/values/4-860-223-1>		<http://ids.clld.org/parameters/4-860>		<http://ids.clld.org/values/4-860-174-1>		"adonkadɨ"@mch	
"tiʔʸũ"@ctz	<http://ids.clld.org/values/13-103-223-1>		<http://ids.clld.org/parameters/13-103>		<http://ids.clld.org/values/13-103-174-1>		"amohadəʔto dēwə hyatodea"@mch	
"kunã"@ctz	<http://ids.clld.org/values/16-370-223-1>		<http://ids.clld.org/parameters/16-370>		<http://ids.clld.org/values/16-370-174-1>		"w-amo-nə"@mch	
"tihi kuwẽ"@ctz	<http://ids.clld.org/values/5-124-223-3>		<http://ids.clld.org/parameters/5-124>		<http://ids.clld.org/values/5-124-174-1>		"šēne"@mch	
"[šla]"@ctz	<http://ids.clld.org/values/17-280-223-1>		<http://ids.clld.org/parameters/17-280>		<http://ids.clld.org/values/17-280-174-1>		"wōwanomatoho"@mch	
"tiʔʸa"@ctz	<http://ids.clld.org/values/10-473-223-1>		<http://ids.clld.org/parameters/10-473>		<http://ids.clld.org/values/10-473-174-1>		"hɨ̄ʔwakādə"@mch	
"hyā̃"@ctz	<http://ids.clld.org/values/10-480-223-3>		<http://ids.clld.org/parameters/10-480>		<http://ids.clld.org/values/10-480-174-1>		"w-eʔ-nə"@mch	
"nde kʷã"@ctz	<http://ids.clld.org/values/12-310-223-3>		<http://ids.clld.org/parameters/12-310>		<http://ids.clld.org/values/12-310-174-1>		"kawə"@mch	
"sti lā"@ctz	<http://ids.clld.org/values/2-610-223-1>		<http://ids.clld.org/parameters/2-610>		<http://ids.clld.org/values/2-610-174-1>		"wōdɨ̄mə"@mch	
"štʸa"@ctz	<http://ids.clld.org/values/12-120-223-3>		<http://ids.clld.org/parameters/12-120>		<http://ids.clld.org/values/12-120-174-1>		"enɨ̄ta"@mch	
"štʸa"@ctz	<http://ids.clld.org/values/12-120-223-3>		<http://ids.clld.org/parameters/12-120>		<http://ids.clld.org/values/12-120-174-3>		"-ehuʔta-"@mch	
"kuhʷi"@ctz	<http://ids.clld.org/values/4-760-223-1>		<http://ids.clld.org/parameters/4-760>		<http://ids.clld.org/values/4-760-174-1>		"aminɲaʔkadɨ"@mch	
"ndze"@ctz	<http://ids.clld.org/values/14-210-223-3>		<http://ids.clld.org/parameters/14-210>		<http://ids.clld.org/values/14-210-174-1>		"tamhə̄ʔne"@mch	
"ynĩ teʔ"@ctz	<http://ids.clld.org/values/6-450-223-1>		<http://ids.clld.org/parameters/6-450>		<http://ids.clld.org/values/6-450-174-1>		"wōʔmo"@mch	
"katãʔ-"@ctz	<http://ids.clld.org/values/4-345-223-1>		<http://ids.clld.org/parameters/4-345>		<http://ids.clld.org/values/4-345-174-1>		"əmmi"@mch	
"suʔʷa"@ctz	<http://ids.clld.org/values/12-120-223-1>		<http://ids.clld.org/parameters/12-120>		<http://ids.clld.org/values/12-120-174-1>		"enɨ̄ta"@mch	
"suʔʷa"@ctz	<http://ids.clld.org/values/12-120-223-1>		<http://ids.clld.org/parameters/12-120>		<http://ids.clld.org/values/12-120-174-3>		"-ehuʔta-"@mch	
"nde ʔʸa"@ctz	<http://ids.clld.org/values/12-30-223-3>		<http://ids.clld.org/parameters/12-30>		<http://ids.clld.org/values/12-30-174-1>		"doʔnə"@mch	
"tihʸã-"@ctz	<http://ids.clld.org/values/4-160-223-1>		<http://ids.clld.org/parameters/4-160>		<http://ids.clld.org/values/4-160-174-1>		"yēʔhə"@mch	
"ntẽ"@ctz	<http://ids.clld.org/values/19-210-223-1>		<http://ids.clld.org/parameters/19-210>		<http://ids.clld.org/values/19-210-174-1>		"weiʔčɨ"@mch	
"kišāʔ"@ctz	<http://ids.clld.org/values/5-490-223-5>		<http://ids.clld.org/parameters/5-490>		<http://ids.clld.org/values/5-490-174-1>		"-oima-dɨ"@mch	
"ta čaʔ"@ctz	<http://ids.clld.org/values/18-221-223-3>		<http://ids.clld.org/parameters/18-221>		<http://ids.clld.org/values/18-221-174-1>		"mēʔkuʔtə̄dɨ"@mch	
"hoʔo"@ctz	<http://ids.clld.org/values/4-820-223-3>		<http://ids.clld.org/parameters/4-820>		<http://ids.clld.org/values/4-820-174-1>		"āʔkedēto"@mch	
"tʸaʔã"@ctz	<http://ids.clld.org/values/9-880-223-1>		<http://ids.clld.org/parameters/9-880>		<http://ids.clld.org/values/9-880-174-1>		"wānai"@mch	
"tiʔĩ"@ctz	<http://ids.clld.org/values/15-810-223-1>		<http://ids.clld.org/parameters/15-810>		<http://ids.clld.org/values/15-810-174-1>		"tamənɲato"@mch	
"kuhʷiʔ"@ctz	<http://ids.clld.org/values/11-820-223-1>		<http://ids.clld.org/parameters/11-820>		<http://ids.clld.org/values/11-820-174-1>		"ehema-hoi"@mch	
"šā"@ctz	<http://ids.clld.org/values/15-570-223-1>		<http://ids.clld.org/parameters/15-570>		<http://ids.clld.org/values/15-570-174-1>		"taʔwane"@mch	
"tikĩ"@ctz	<http://ids.clld.org/values/1-851-223-1>		<http://ids.clld.org/parameters/1-851>		<http://ids.clld.org/values/1-851-174-1>		"ukā-dɨ"@mch	
"čkãʔ"@ctz	<http://ids.clld.org/values/6-750-223-1>		<http://ids.clld.org/parameters/6-750>		<http://ids.clld.org/values/6-750-174-1>		"wōʔmo"@mch	
"siʔyā"@ctz	<http://ids.clld.org/values/3-580-223-3>		<http://ids.clld.org/parameters/3-580>		<http://ids.clld.org/values/3-580-174-1>		"danɲami"@mch	
"kʷiča"@ctz	<http://ids.clld.org/values/9-260-223-3>		<http://ids.clld.org/parameters/9-260>		<http://ids.clld.org/values/9-260-174-1>		"-išiča-dɨ"@mch	
"tu (y-seʔẽ)"@ctz	<http://ids.clld.org/values/4-461-223-1>		<http://ids.clld.org/parameters/4-461>		<http://ids.clld.org/values/4-461-174-1>		"hyōtɨ"@mch	
"niʔ l-y-oʔō"@ctz	<http://ids.clld.org/values/8-130-223-1>		<http://ids.clld.org/parameters/8-130>		<http://ids.clld.org/values/8-130-174-1>		"awdwāhə"@mch	
"sɲeʔ steʔ"@ctz	<http://ids.clld.org/values/2-480-223-1>		<http://ids.clld.org/parameters/2-480>		<http://ids.clld.org/values/2-480-174-1>		"hādɨ"@mch	
"ngata"@ctz	<http://ids.clld.org/values/15-650-223-1>		<http://ids.clld.org/parameters/15-650>		<http://ids.clld.org/values/15-650-174-1>		"hudumato"@mch	
"skuʔ"@ctz	<http://ids.clld.org/values/4-320-223-1>		<http://ids.clld.org/parameters/4-320>		<http://ids.clld.org/values/4-320-174-1>		"ə̄ʔmu"@mch	
"la kʸā"@ctz	<http://ids.clld.org/values/14-480-223-1>		<http://ids.clld.org/parameters/14-480>		<http://ids.clld.org/values/14-480-174-1>		"henamma"@mch	
"lti lō"@ctz	<http://ids.clld.org/values/12-620-223-3>		<http://ids.clld.org/parameters/12-620>		<http://ids.clld.org/values/12-620-174-3>		"anwakɨme"@mch	
"lti lō"@ctz	<http://ids.clld.org/values/12-620-223-3>		<http://ids.clld.org/parameters/12-620>		<http://ids.clld.org/values/12-620-174-1>		"danwadɨ"@mch	
"kʷĩ"@ctz	<http://ids.clld.org/values/4-570-223-1>		<http://ids.clld.org/parameters/4-570>		<http://ids.clld.org/values/4-570-174-1>		"wenaʔtahəʔeʔnə"@mch	
"snuʔ"@ctz	<http://ids.clld.org/values/13-80-223-1>		<http://ids.clld.org/parameters/13-80>		<http://ids.clld.org/values/13-80-174-1>		"aduwawə amohaʔto"@mch	
"yu"@ctz	<http://ids.clld.org/values/2-960-223-3>		<http://ids.clld.org/parameters/2-960>		<http://ids.clld.org/values/2-960-174-1>		"tɨnwano"@mch	
"kuʔʷi"@ctz	<http://ids.clld.org/values/4-980-223-1>		<http://ids.clld.org/parameters/4-980>		<http://ids.clld.org/values/4-980-174-1>		"-oʔdoʔhə"@mch	
"s-tãʔ-"@ctz	<http://ids.clld.org/values/4-345-223-3>		<http://ids.clld.org/parameters/4-345>		<http://ids.clld.org/values/4-345-174-1>		"əmmi"@mch	
"nkũ"@ctz	<http://ids.clld.org/values/3-980-223-1>		<http://ids.clld.org/parameters/3-980>		<http://ids.clld.org/values/3-980-174-1>		"heʔde"@mch	
"tī ška"@ctz	<http://ids.clld.org/values/13-101-223-1>		<http://ids.clld.org/parameters/13-101>		<http://ids.clld.org/values/13-101-174-1>		"amohadəʔto dēwə tōni"@mch	
"šɲi"@ctz	<http://ids.clld.org/values/11-140-223-1>		<http://ids.clld.org/parameters/11-140>		<http://ids.clld.org/values/11-140-174-1>		"-ahəi-"@mch	
"ngaʔā"@ctz	<http://ids.clld.org/values/15-680-223-1>		<http://ids.clld.org/parameters/15-680>		<http://ids.clld.org/values/15-680-174-1>		"šēne"@mch	
"kʷilʸoʔo"@ctz	<http://ids.clld.org/values/2-310-223-3>		<http://ids.clld.org/parameters/2-310>		<http://ids.clld.org/values/2-310-174-1>		"-ɲno"@mch	
"taʔa"@ctz	<http://ids.clld.org/values/19-510-223-1>		<http://ids.clld.org/parameters/19-510>		<http://ids.clld.org/values/19-510-174-1>		"weičakōno"@mch	
"nu kiʔʸu taʔa hʸaʔã"@ctz	<http://ids.clld.org/values/2-511-223-1>		<http://ids.clld.org/parameters/2-511>		<http://ids.clld.org/values/2-511-174-1>		"yawo"@mch	
"teheʔ"@ctz	<http://ids.clld.org/values/5-810-223-1>		<http://ids.clld.org/parameters/5-810>		<http://ids.clld.org/values/5-810-174-1>		"[sayu]"@mch	
"šaʔã yuʔʷa"@ctz	<http://ids.clld.org/values/11-830-223-1>		<http://ids.clld.org/parameters/11-830>		<http://ids.clld.org/values/11-830-174-1>		"wətəʔtihānə"@mch	
"šiʔʸa"@ctz	<http://ids.clld.org/values/18-130-223-1>		<http://ids.clld.org/parameters/18-130>		<http://ids.clld.org/values/18-130-174-1>		"kəʔtɨn-nə"@mch	
"kʷitʸĩʔ"@ctz	<http://ids.clld.org/values/3-811-223-1>		<http://ids.clld.org/parameters/3-811>		<http://ids.clld.org/values/3-811-174-1>		"dāmə"@mch	
"kuti"@ctz	<http://ids.clld.org/values/15-770-223-1>		<http://ids.clld.org/parameters/15-770>		<http://ids.clld.org/values/15-770-174-1>		"tɨwansuʔde"@mch	
"kʷiʔĩ"@ctz	<http://ids.clld.org/values/9-790-223-1>		<http://ids.clld.org/parameters/9-790>		<http://ids.clld.org/values/9-790-174-1>		"wadi-wadi"@mch	
"kuweʔ"@ctz	<http://ids.clld.org/values/3-350-223-1>		<http://ids.clld.org/parameters/3-350>		<http://ids.clld.org/values/3-350-174-1>		"[kūši]"@mch	
"skʷẽ"@ctz	<http://ids.clld.org/values/10-472-223-1>		<http://ids.clld.org/parameters/10-472>		<http://ids.clld.org/values/10-472-174-1>		"-annuʔku-"@mch	
"sti steʔ"@ctz	<http://ids.clld.org/values/2-460-223-3>		<http://ids.clld.org/parameters/2-460>		<http://ids.clld.org/values/2-460-174-1>		"kōko"@mch	
"li kiyaʔ"@ctz	<http://ids.clld.org/values/4-350-223-3>		<http://ids.clld.org/parameters/4-350>		<http://ids.clld.org/values/4-350-174-1>		"hētɨ"@mch	
"hɲã"@ctz	<http://ids.clld.org/values/18-350-223-1>		<http://ids.clld.org/parameters/18-350>		<http://ids.clld.org/values/18-350-174-1>		"eʔkatə-dɨ"@mch	
"kiʔʸu"@ctz	<http://ids.clld.org/values/13-50-223-1>		<http://ids.clld.org/parameters/13-50>		<http://ids.clld.org/values/13-50-174-1>		"hyātodea"@mch	
"[rta]"@ctz	<http://ids.clld.org/values/9-190-223-1>		<http://ids.clld.org/parameters/9-190>		<http://ids.clld.org/values/9-190-174-1>		"āʔto"@mch	
"tikĩ kita"@ctz	<http://ids.clld.org/values/8-690-223-1>		<http://ids.clld.org/parameters/8-690>		<http://ids.clld.org/values/8-690-174-1>		"-eima-"@mch	
"kʷitu"@ctz	<http://ids.clld.org/values/3-550-223-1>		<http://ids.clld.org/parameters/3-550>		<http://ids.clld.org/values/3-550-174-1>		"wamēdi"@mch	
"taʔa"@ctz	<http://ids.clld.org/values/2-820-223-1>		<http://ids.clld.org/parameters/2-820>		<http://ids.clld.org/values/2-820-174-1>		"himmə"@mch	
"ka tɲãla"@ctz	<http://ids.clld.org/values/12-320-223-3>		<http://ids.clld.org/parameters/12-320>		<http://ids.clld.org/values/12-320-174-1>		"nonohoʔčə"@mch	
"škuwi"@ctz	<http://ids.clld.org/values/9-760-223-1>		<http://ids.clld.org/parameters/9-760>		<http://ids.clld.org/values/9-760-174-1>		"wɨ̄wa"@mch	
"škʷiʔ"@ctz	<http://ids.clld.org/values/14-310-223-3>		<http://ids.clld.org/parameters/14-310>		<http://ids.clld.org/values/14-310-174-1>		"wenēne"@mch	
"hʷiʔĩ"@ctz	<http://ids.clld.org/values/9-210-223-1>		<http://ids.clld.org/parameters/9-210>		<http://ids.clld.org/values/9-210-174-1>		"-aiʔhuka-dɨ"@mch	
"kaha"@ctz	<http://ids.clld.org/values/4-750-223-1>		<http://ids.clld.org/parameters/4-750>		<http://ids.clld.org/values/4-750-174-1>		"-əma-"@mch	
"kē"@ctz	<http://ids.clld.org/values/8-570-223-1>		<http://ids.clld.org/parameters/8-570>		<http://ids.clld.org/values/8-570-174-1>		"čə̄hɨdɨ"@mch	
"nu kunaʔã taʔa sti"@ctz	<http://ids.clld.org/values/2-522-223-1>		<http://ids.clld.org/parameters/2-522>		<http://ids.clld.org/values/2-522-174-1>		"waynɲeʔney"@mch	
"ti kulo"@ctz	<http://ids.clld.org/values/13-340-223-1>		<http://ids.clld.org/parameters/13-340>		<http://ids.clld.org/values/13-340-174-1>		"awaʔde"@mch	
"tlʸā"@ctz	<http://ids.clld.org/values/15-370-223-1>		<http://ids.clld.org/parameters/15-370>		<http://ids.clld.org/values/15-370-174-1>		"tutune"@mch	
"tla"@ctz	<http://ids.clld.org/values/14-420-223-1>		<http://ids.clld.org/parameters/14-420>		<http://ids.clld.org/values/14-420-174-1>		"čomomɨ̄dɨ"@mch	
"ska [si'yẽ tu]"@ctz	<http://ids.clld.org/values/13-105-223-1>		<http://ids.clld.org/parameters/13-105>		<http://ids.clld.org/values/13-105-174-1>		"hyātodea ssoto"@mch	
"suʔʷe šuʔʷi tiye loʔo"@ctz	<http://ids.clld.org/values/16-270-223-1>		<http://ids.clld.org/parameters/16-270>		<http://ids.clld.org/values/16-270-174-1>		"hyumma-dɨ"@mch	
"nu šiʔĩ ti šā"@ctz	<http://ids.clld.org/values/14-460-223-1>		<http://ids.clld.org/parameters/14-460>		<http://ids.clld.org/values/14-460-174-1>		"čomomɨdawə"@mch	
"ʔni kala"@ctz	<http://ids.clld.org/values/2-230-223-1>		<http://ids.clld.org/parameters/2-230>		<http://ids.clld.org/values/2-230-174-1>		"danwa"@mch	
"kunãʔ li"@ctz	<http://ids.clld.org/values/4-352-223-1>		<http://ids.clld.org/parameters/4-352>		<http://ids.clld.org/values/4-352-174-1>		"hōde"@mch	
"šaʔã"@ctz	<http://ids.clld.org/values/12-930-223-1>		<http://ids.clld.org/parameters/12-930>		<http://ids.clld.org/values/12-930-174-1>		"w-ekamhiaka-nə"@mch	
"yū hluʔʷe"@ctz	<http://ids.clld.org/values/1-250-223-1>		<http://ids.clld.org/parameters/1-250>		<http://ids.clld.org/values/1-250-174-1>		"dantadɨ"@mch	
"laʔa seʔẽ kʷĩ"@ctz	<http://ids.clld.org/values/12-410-223-1>		<http://ids.clld.org/parameters/12-410>		<http://ids.clld.org/values/12-410-174-1>		"əmuʔdemhɨnɨ"@mch	
"kʷaʔa kulo toʔo kʷiʔĩ"@ctz	<http://ids.clld.org/values/10-380-223-1>		<http://ids.clld.org/parameters/10-380>		<http://ids.clld.org/values/10-380-174-1>		"yaičumā-dɨ"@mch	
"lō"@ctz	<http://ids.clld.org/values/12-330-223-1>		<http://ids.clld.org/parameters/12-330>		<http://ids.clld.org/values/12-330-174-1>		"akoiʔčaʔhɨdɨ"@mch	
"niʔ"@ctz	<http://ids.clld.org/values/12-50-223-1>		<http://ids.clld.org/parameters/12-50>		<http://ids.clld.org/values/12-50-174-3>		"anwaʔka"@mch	
"niʔ"@ctz	<http://ids.clld.org/values/12-50-223-1>		<http://ids.clld.org/parameters/12-50>		<http://ids.clld.org/values/12-50-174-1>		"aʔka"@mch	
"snã"@ctz	<http://ids.clld.org/values/13-30-223-1>		<http://ids.clld.org/parameters/13-30>		<http://ids.clld.org/values/13-30-174-1>		"aduwawə"@mch	
"tɲãʔ"@ctz	<http://ids.clld.org/values/4-910-223-1>		<http://ids.clld.org/parameters/4-910>		<http://ids.clld.org/values/4-910-174-1>		"tɨkinča"@mch	
"tukʷa naʔā̃"@ctz	<http://ids.clld.org/values/10-670-223-1>		<http://ids.clld.org/parameters/10-670>		<http://ids.clld.org/values/10-670-174-1>		"-adima-dɨ"@mch	
"kaʔ"@ctz	<http://ids.clld.org/values/1-430-223-3>		<http://ids.clld.org/parameters/1-430>		<http://ids.clld.org/values/1-430-174-1>		"dē"@mch	
"liʔʸa-"@ctz	<http://ids.clld.org/values/4-270-223-1>		<http://ids.clld.org/parameters/4-270>		<http://ids.clld.org/values/4-270-174-1>		"dedɨ"@mch	
"kʷitʸiʔ"@ctz	<http://ids.clld.org/values/3-950-223-1>		<http://ids.clld.org/parameters/3-950>		<http://ids.clld.org/values/3-950-174-1>		"kɨʔto"@mch	
"šū̃"@ctz	<http://ids.clld.org/values/20-110-223-1>		<http://ids.clld.org/parameters/20-110>		<http://ids.clld.org/values/20-110-174-1>		"wətə̄nehānə"@mch	
"šiyaʔ"@ctz	<http://ids.clld.org/values/14-350-223-1>		<http://ids.clld.org/parameters/14-350>		<http://ids.clld.org/values/14-350-174-1>		"dea"@mch	
"tlʸaʔ"@ctz	<http://ids.clld.org/values/15-860-223-1>		<http://ids.clld.org/parameters/15-860>		<http://ids.clld.org/values/15-860-174-1>		"kəmme"@mch	
"ši"@ctz	<http://ids.clld.org/values/15-350-223-1>		<http://ids.clld.org/parameters/15-350>		<http://ids.clld.org/values/15-350-174-1>		"kādo"@mch	
"soʔo"@ctz	<http://ids.clld.org/values/20-640-223-1>		<http://ids.clld.org/parameters/20-640>		<http://ids.clld.org/values/20-640-174-1>		"hāno"@mch	
"kisu"@ctz	<http://ids.clld.org/values/20-540-223-1>		<http://ids.clld.org/parameters/20-540>		<http://ids.clld.org/values/20-540-174-1>		"anətə"@mch	
"tukʷa"@ctz	<http://ids.clld.org/values/13-20-223-1>		<http://ids.clld.org/parameters/13-20>		<http://ids.clld.org/values/13-20-174-1>		"āʔkə"@mch	
"nka nu..."@ctz	<http://ids.clld.org/values/17-680-223-3>		<http://ids.clld.org/parameters/17-680>		<http://ids.clld.org/values/17-680-174-1>		"ənə̄kɨ"@mch	
"[ka ndu'wa]"@ctz	<http://ids.clld.org/values/10-831-223-1>		<http://ids.clld.org/parameters/10-831>		<http://ids.clld.org/values/10-831-174-1>		"[kanowa]"@mch	
"seʔẽ"@ctz	<http://ids.clld.org/values/3-815-223-1>		<http://ids.clld.org/parameters/3-815>		<http://ids.clld.org/values/3-815-174-1>		"mɨnə̄tə"@mch	
"kē štʸĩʔ-"@ctz	<http://ids.clld.org/values/4-360-223-1>		<http://ids.clld.org/parameters/4-360>		<http://ids.clld.org/values/4-360-174-1>		"ə̄ʔmu"@mch	
"taʔa kiʔʸu"@ctz	<http://ids.clld.org/values/2-440-223-3>		<http://ids.clld.org/parameters/2-440>		<http://ids.clld.org/values/2-440-174-1>		"-nuwā-dɨ"@mch	
"hluʔʷe-"@ctz	<http://ids.clld.org/values/4-392-223-1>		<http://ids.clld.org/parameters/4-392>		<http://ids.clld.org/values/4-392-174-1>		"ahəʔsai"@mch	
"suʔũ"@ctz	<http://ids.clld.org/values/5-280-223-1>		<http://ids.clld.org/parameters/5-280>		<http://ids.clld.org/values/5-280-174-1>		"ʔtadī-yɨ"@mch	
"[r'miyu]"@ctz	<http://ids.clld.org/values/4-880-223-1>		<http://ids.clld.org/parameters/4-880>		<http://ids.clld.org/values/4-880-174-1>		"əhi"@mch	
"šneʔ"@ctz	<http://ids.clld.org/values/3-610-223-1>		<http://ids.clld.org/parameters/3-610>		<http://ids.clld.org/values/3-610-174-1>		"sɨ̄ʔna"@mch	
"šiʔi"@ctz	<http://ids.clld.org/values/11-810-223-1>		<http://ids.clld.org/parameters/11-810>		<http://ids.clld.org/values/11-810-174-1>		"ehēma-dɨ"@mch	
"kiɲãʔ"@ctz	<http://ids.clld.org/values/5-821-223-1>		<http://ids.clld.org/parameters/5-821>		<http://ids.clld.org/values/5-821-174-1>		"homi"@mch	
"siyẽʔ-"@ctz	<http://ids.clld.org/values/4-230-223-1>		<http://ids.clld.org/parameters/4-230>		<http://ids.clld.org/values/4-230-174-1>		"ənna"@mch	
"ta"@ctz	<http://ids.clld.org/values/11-210-223-1>		<http://ids.clld.org/parameters/11-210>		<http://ids.clld.org/values/11-210-174-1>		"utūdu"@mch	
"tlʸū"@ctz	<http://ids.clld.org/values/10-230-223-3>		<http://ids.clld.org/parameters/10-230>		<http://ids.clld.org/values/10-230-174-1>		"w-eduka-nə"@mch	
"[tiya] taʔa"@ctz	<http://ids.clld.org/values/2-520-223-1>		<http://ids.clld.org/parameters/2-520>		<http://ids.clld.org/values/2-520-174-1>		"waynɲeʔney"@mch	
"ntẽ"@ctz	<http://ids.clld.org/values/2-100-223-1>		<http://ids.clld.org/parameters/2-100>		<http://ids.clld.org/values/2-100-174-1>		"ssoto"@mch	
"kʷiči"@ctz	<http://ids.clld.org/values/3-720-223-1>		<http://ids.clld.org/parameters/3-720>		<http://ids.clld.org/values/3-720-174-1>		"kawadīmə"@mch	
"yka"@ctz	<http://ids.clld.org/values/8-600-223-1>		<http://ids.clld.org/parameters/8-600>		<http://ids.clld.org/values/8-600-174-1>		"dē"@mch	
"teʔ (-)"@ctz	<http://ids.clld.org/values/6-120-223-1>		<http://ids.clld.org/parameters/6-120>		<http://ids.clld.org/values/6-120-174-1>		"womɨ"@mch	
"s-tãʔ-"@ctz	<http://ids.clld.org/values/4-344-223-3>		<http://ids.clld.org/parameters/4-344>		<http://ids.clld.org/values/4-344-174-1>		"əmmi"@mch	
"kahaʔ"@ctz	<http://ids.clld.org/values/4-610-223-1>		<http://ids.clld.org/parameters/4-610>		<http://ids.clld.org/values/4-610-174-1>		"w-ɨnɨʔ-nə"@mch	
"kula"@ctz	<http://ids.clld.org/values/14-150-223-1>		<http://ids.clld.org/parameters/14-150>		<http://ids.clld.org/values/14-150-174-1>		"henaʔdohə"@mch	
"kūʔ"@ctz	<http://ids.clld.org/values/15-880-223-1>		<http://ids.clld.org/parameters/15-880>		<http://ids.clld.org/values/15-880-174-1>		"nossahe"@mch	
"kʷiʔ seʔẽ ti"@ctz	<http://ids.clld.org/values/12-430-223-3>		<http://ids.clld.org/parameters/12-430>		<http://ids.clld.org/values/12-430-174-1>		"amoinče-ʔda"@mch	
"[mštʸũ]"@ctz	<http://ids.clld.org/values/3-620-223-1>		<http://ids.clld.org/parameters/3-620>		<http://ids.clld.org/values/3-620-174-1>		"[mēši]"@mch	
"sɲī"@ctz	<http://ids.clld.org/values/1-830-223-1>		<http://ids.clld.org/parameters/1-830>		<http://ids.clld.org/values/1-830-174-1>		"widīnčə"@mch	
"kitʸĩ-"@ctz	<http://ids.clld.org/values/4-393-223-1>		<http://ids.clld.org/parameters/4-393>		<http://ids.clld.org/values/4-393-174-1>		"iʔhōʔtɨ"@mch	
"kʷuʔu ~ kluʔu"@ctz	<http://ids.clld.org/values/17-250-223-1>		<http://ids.clld.org/parameters/17-250>		<http://ids.clld.org/values/17-250-174-1>		"-owānoma-"@mch	
"kula tuʔʷa"@ctz	<http://ids.clld.org/values/18-120-223-1>		<http://ids.clld.org/parameters/18-120>		<http://ids.clld.org/values/18-120-174-1>		"we[kantā]ʔɲənə"@mch	
"kuši"@ctz	<http://ids.clld.org/values/16-720-223-1>		<http://ids.clld.org/parameters/16-720>		<http://ids.clld.org/values/16-720-174-1>		"kənemhɨnɨ"@mch	
"[a'čā] wsū̃"@ctz	<http://ids.clld.org/values/20-222-223-1>		<http://ids.clld.org/parameters/20-222>		<http://ids.clld.org/values/20-222-174-1>		"wɨ̄wɨ"@mch	
"kuʔni"@ctz	<http://ids.clld.org/values/9-110-223-1>		<http://ids.clld.org/parameters/9-110>		<http://ids.clld.org/values/9-110-174-1>		"tɨdɨ̄dɨ"@mch	
"nguti"@ctz	<http://ids.clld.org/values/5-710-223-1>		<http://ids.clld.org/parameters/5-710>		<http://ids.clld.org/values/5-710-174-1>		"čə̄hɨdɨ̄-hɨdɨ"@mch	
"kʷičā"@ctz	<http://ids.clld.org/values/1-520-223-1>		<http://ids.clld.org/parameters/1-520>		<http://ids.clld.org/values/1-520-174-1>		"šī"@mch	
"kunã"@ctz	<http://ids.clld.org/values/6-960-223-1>		<http://ids.clld.org/parameters/6-960>		<http://ids.clld.org/values/6-960-174-1>		"hekūde"@mch	
"čũʔ ndiʔĩ la"@ctz	<http://ids.clld.org/values/12-10-223-1>		<http://ids.clld.org/parameters/12-10>		<http://ids.clld.org/values/12-10-174-1>		"yə̄ʔhəhe"@mch	
"yka kī"@ctz	<http://ids.clld.org/values/18-710-223-1>		<http://ids.clld.org/parameters/18-710>		<http://ids.clld.org/values/18-710-174-1>		"hīču"@mch	
"tuʔʷa"@ctz	<http://ids.clld.org/values/12-353-223-1>		<http://ids.clld.org/parameters/12-353>		<http://ids.clld.org/values/12-353-174-1>		"čəʔhiyu"@mch	
"siʔi"@ctz	<http://ids.clld.org/values/17-560-223-1>		<http://ids.clld.org/parameters/17-560>		<http://ids.clld.org/values/17-560-174-1>		"mmʔhm"@mch	
"kihĩ tuʔʷa-"@ctz	<http://ids.clld.org/values/4-250-223-1>		<http://ids.clld.org/parameters/4-250>		<http://ids.clld.org/values/4-250-174-1>		"ə̄ʔhi"@mch	
"nã nu ka kʷa"@ctz	<http://ids.clld.org/values/8-410-223-3>		<http://ids.clld.org/parameters/8-410>		<http://ids.clld.org/values/8-410-174-1>		"inɲatɨʔtə̄dɨ"@mch	
"ɲaʔã"@ctz	<http://ids.clld.org/values/15-510-223-1>		<http://ids.clld.org/parameters/15-510>		<http://ids.clld.org/values/15-510-174-1>		"ene-dɨ"@mch	
"hlʸo tiʔ"@ctz	<http://ids.clld.org/values/17-170-223-1>		<http://ids.clld.org/parameters/17-170>		<http://ids.clld.org/values/17-170-174-1>		"t-owanəkə t-ɨdɨ-dɨ"@mch	
"kati"@ctz	<http://ids.clld.org/values/13-70-223-1>		<http://ids.clld.org/parameters/13-70>		<http://ids.clld.org/values/13-70-174-1>		"āʔkə amohaʔto"@mch	
"yka skaʔ"@ctz	<http://ids.clld.org/values/8-930-223-3>		<http://ids.clld.org/parameters/8-930>		<http://ids.clld.org/values/8-930-174-1>		"kankudu"@mch	
"štʸū̃"@ctz	<http://ids.clld.org/values/10-481-223-1>		<http://ids.clld.org/parameters/10-481>		<http://ids.clld.org/values/10-481-174-1>		"w-ennakā-nə"@mch	
"(kʷi)ɲi lʸoʔo ʔĩ-"@ctz	<http://ids.clld.org/values/16-670-223-1>		<http://ids.clld.org/parameters/16-670>		<http://ids.clld.org/values/16-670-174-1>		"-enkutə-"@mch	
"taʔa"@ctz	<http://ids.clld.org/values/2-454-223-1>		<http://ids.clld.org/parameters/2-454>		<http://ids.clld.org/values/2-454-174-1>		"yāya"@mch	
"ngãʔ"@ctz	<http://ids.clld.org/values/4-232-223-1>		<http://ids.clld.org/parameters/4-232>		<http://ids.clld.org/values/4-232-174-1>		"ənuʔtə"@mch	
"čkĩ"@ctz	<http://ids.clld.org/values/1-860-223-1>		<http://ids.clld.org/parameters/1-860>		<http://ids.clld.org/values/1-860-174-1>		"-kemetə-"@mch	
"lc̷eʔ-"@ctz	<http://ids.clld.org/values/4-260-223-1>		<http://ids.clld.org/parameters/4-260>		<http://ids.clld.org/values/4-260-174-1>		"ɲūdu"@mch	
"tʸaʔã kuta"@ctz	<http://ids.clld.org/values/20-610-223-3>		<http://ids.clld.org/parameters/20-610>		<http://ids.clld.org/values/20-610-174-1>		"emanɲuhɨdɨ"@mch	
"šnã"@ctz	<http://ids.clld.org/values/10-510-223-1>		<http://ids.clld.org/parameters/10-510>		<http://ids.clld.org/values/10-510-174-1>		"w-ə̄nehē-nə"@mch	
