"kiyaʔ-"@ctz	<http://ids.clld.org/values/4-370-223-1>		<http://ids.clld.org/parameters/4-370>		<http://ids.clld.org/values/4-370-280-1>		"'taʔɨ"@pcp	
"kʷilʸoʔo nu kunaʔã"@ctz	<http://ids.clld.org/values/2-310-223-1>		<http://ids.clld.org/parameters/2-310>		<http://ids.clld.org/values/2-310-280-1>		"'wɨnɨ"@pcp	
"c̷ĩ"@ctz	<http://ids.clld.org/values/4-441-223-1>		<http://ids.clld.org/parameters/4-441>		<http://ids.clld.org/values/4-441-280-1>		"'taṣ̌a"@pcp	
"katẽ"@ctz	<http://ids.clld.org/values/9-360-223-3>		<http://ids.clld.org/parameters/9-360>		<http://ids.clld.org/values/9-360-280-1>		"'aši"@pcp	
"kʷuʔu"@ctz	<http://ids.clld.org/values/15-550-223-1>		<http://ids.clld.org/parameters/15-550>		<http://ids.clld.org/values/15-550-280-1>		"hi-'maki"@pcp	
"hĩ nškã-"@ctz	<http://ids.clld.org/values/4-220-223-1>		<http://ids.clld.org/parameters/4-220>		<http://ids.clld.org/values/4-220-280-1>		"'paʔoki"@pcp	
"['loru]"@ctz	<http://ids.clld.org/values/3-592-223-1>		<http://ids.clld.org/parameters/3-592>		<http://ids.clld.org/values/3-592-280-1>		"'wawa"@pcp	
"lkaʔ"@ctz	<http://ids.clld.org/values/8-560-223-1>		<http://ids.clld.org/parameters/8-560>		<http://ids.clld.org/values/8-560-280-1>		"'pɨʔi"@pcp	
"ngitʸĩ"@ctz	<http://ids.clld.org/values/3-831-223-1>		<http://ids.clld.org/parameters/3-831>		<http://ids.clld.org/values/3-831-280-1>		"'šio"@pcp	
"ngitʸĩ"@ctz	<http://ids.clld.org/values/3-831-223-1>		<http://ids.clld.org/parameters/3-831>		<http://ids.clld.org/values/3-831-280-3>		"'čio"@pcp	
"[ʔa'ča]"@ctz	<http://ids.clld.org/values/9-250-223-1>		<http://ids.clld.org/parameters/9-250>		<http://ids.clld.org/values/9-250-280-1>		"[hača]"@pcp	
"kʷitũ"@ctz	<http://ids.clld.org/values/3-823-223-1>		<http://ids.clld.org/parameters/3-823>		<http://ids.clld.org/values/3-823-280-1>		"'wina"@pcp	
"kiɲi"@ctz	<http://ids.clld.org/values/3-581-223-1>		<http://ids.clld.org/parameters/3-581>		<http://ids.clld.org/values/3-581-280-1>		"'isko"@pcp	
"tuʔwa-"@ctz	<http://ids.clld.org/values/4-240-223-1>		<http://ids.clld.org/parameters/4-240>		<http://ids.clld.org/values/4-240-280-1>		"kɨ'wɨči"@pcp	
"yu"@ctz	<http://ids.clld.org/values/2-930-223-1>		<http://ids.clld.org/parameters/2-930>		<http://ids.clld.org/values/2-930-280-1>		"'haa"@pcp	
"nskʷaʔ"@ctz	<http://ids.clld.org/values/8-470-223-1>		<http://ids.clld.org/parameters/8-470>		<http://ids.clld.org/values/8-470-280-1>		"'ṣ̌ɨki"@pcp	
"naʔã"@ctz	<http://ids.clld.org/values/7-120-223-1>		<http://ids.clld.org/parameters/7-120>		<http://ids.clld.org/values/7-120-280-1>		"'ṣ̌owo"@pcp	
"kilō-"@ctz	<http://ids.clld.org/values/4-210-223-1>		<http://ids.clld.org/parameters/4-210>		<http://ids.clld.org/values/4-210-280-1>		"'wɨřo"@pcp	
"kīʔ"@ctz	<http://ids.clld.org/values/1-810-223-1>		<http://ids.clld.org/parameters/1-810>		<http://ids.clld.org/values/1-810-280-1>		"'čiʔi"@pcp	
"koho nskã"@ctz	<http://ids.clld.org/values/3-596-223-1>		<http://ids.clld.org/parameters/3-596>		<http://ids.clld.org/values/3-596-280-1>		"'popo"@pcp	
"kihĩ-"@ctz	<http://ids.clld.org/values/4-120-223-1>		<http://ids.clld.org/parameters/4-120>		<http://ids.clld.org/values/4-120-280-1>		"'wiči"@pcp	
"kateʔ ʔĩ"@ctz	<http://ids.clld.org/values/5-140-223-3>		<http://ids.clld.org/parameters/5-140>		<http://ids.clld.org/values/5-140-280-1>		"paṣ̌na'hai"@pcp	
"iʔ"@ctz	<http://ids.clld.org/values/2-930-223-5>		<http://ids.clld.org/parameters/2-930>		<http://ids.clld.org/values/2-930-280-1>		"'haa"@pcp	
"wtẽ"@ctz	<http://ids.clld.org/values/3-580-223-1>		<http://ids.clld.org/parameters/3-580>		<http://ids.clld.org/values/3-580-280-1>		"'naʔa"@pcp	
"yaʔ-"@ctz	<http://ids.clld.org/values/4-330-223-1>		<http://ids.clld.org/parameters/4-330>		<http://ids.clld.org/values/4-330-280-1>		"mɨ'kɨna"@pcp	
"lu-"@ctz	<http://ids.clld.org/values/4-450-223-1>		<http://ids.clld.org/parameters/4-450>		<http://ids.clld.org/values/4-450-280-1>		"'taka"@pcp	
"ngatẽ"@ctz	<http://ids.clld.org/values/15-640-223-1>		<http://ids.clld.org/parameters/15-640>		<http://ids.clld.org/values/15-640-280-1>		"'hoṣ̌o"@pcp	
"kē čkãʔ"@ctz	<http://ids.clld.org/values/6-760-223-1>		<http://ids.clld.org/parameters/6-760>		<http://ids.clld.org/values/6-760-280-1>		"'kisi"@pcp	
"kula"@ctz	<http://ids.clld.org/values/1-540-223-1>		<http://ids.clld.org/parameters/1-540>		<http://ids.clld.org/values/1-540-280-1>		"'wištima"@pcp	
"tnẽ-"@ctz	<http://ids.clld.org/values/4-150-223-1>		<http://ids.clld.org/parameters/4-150>		<http://ids.clld.org/values/4-150-280-1>		"'himi"@pcp	
"kulo yuʔʷe"@ctz	<http://ids.clld.org/values/9-270-223-1>		<http://ids.clld.org/parameters/9-270>		<http://ids.clld.org/values/9-270-280-1>		"ma'tošmaki"@pcp	
"koʔ"@ctz	<http://ids.clld.org/values/1-530-223-1>		<http://ids.clld.org/parameters/1-530>		<http://ids.clld.org/values/1-530-280-1>		"'ʔoṣ̌ɨ"@pcp	
"sū-"@ctz	<http://ids.clld.org/values/4-142-223-1>		<http://ids.clld.org/parameters/4-142>		<http://ids.clld.org/values/4-142-280-1>		"'kɨni"@pcp	
"yka kiɲã"@ctz	<http://ids.clld.org/values/8-810-223-1>		<http://ids.clld.org/parameters/8-810>		<http://ids.clld.org/values/8-810-280-1>		"'koti"@pcp	
"kiyaʔ-"@ctz	<http://ids.clld.org/values/4-350-223-1>		<http://ids.clld.org/parameters/4-350>		<http://ids.clld.org/values/4-350-280-1>		"'wiko"@pcp	
"c̷ã"@ctz	<http://ids.clld.org/values/14-410-223-1>		<http://ids.clld.org/parameters/14-410>		<http://ids.clld.org/values/14-410-280-1>		"'waři"@pcp	
"ni"@ctz	<http://ids.clld.org/values/2-930-223-7>		<http://ids.clld.org/parameters/2-930>		<http://ids.clld.org/values/2-930-280-1>		"'haa"@pcp	
"kʷiɲãʔ"@ctz	<http://ids.clld.org/values/3-750-223-1>		<http://ids.clld.org/parameters/3-750>		<http://ids.clld.org/values/3-750-280-1>		"'čaṣ̌o"@pcp	
"yka"@ctz	<http://ids.clld.org/values/1-420-223-1>		<http://ids.clld.org/parameters/1-420>		<http://ids.clld.org/values/1-420-280-1>		"'hiwi"@pcp	
"kateʔ tiʔ"@ctz	<http://ids.clld.org/values/5-140-223-1>		<http://ids.clld.org/parameters/5-140>		<http://ids.clld.org/values/5-140-280-1>		"paṣ̌na'hai"@pcp	
"ã"@ctz	<http://ids.clld.org/values/2-930-223-9>		<http://ids.clld.org/parameters/2-930>		<http://ids.clld.org/values/2-930-280-1>		"'haa"@pcp	
"sū̃"@ctz	<http://ids.clld.org/values/8-540-223-1>		<http://ids.clld.org/parameters/8-540>		<http://ids.clld.org/values/8-540-280-1>		"ta'pono"@pcp	
"ngaʔa"@ctz	<http://ids.clld.org/values/15-660-223-1>		<http://ids.clld.org/parameters/15-660>		<http://ids.clld.org/values/15-660-280-1>		"'šini"@pcp	
"yu kiʔʸu"@ctz	<http://ids.clld.org/values/2-210-223-1>		<http://ids.clld.org/parameters/2-210>		<http://ids.clld.org/values/2-210-280-1>		"'honi"@pcp	
"hī"@ctz	<http://ids.clld.org/values/1-840-223-1>		<http://ids.clld.org/parameters/1-840>		<http://ids.clld.org/values/1-840-280-1>		"'mišpo"@pcp	
"skuwe ~ suwe"@ctz	<http://ids.clld.org/values/5-970-223-1>		<http://ids.clld.org/parameters/5-970>		<http://ids.clld.org/values/5-970-280-1>		"'wači"@pcp	
"sti"@ctz	<http://ids.clld.org/values/2-350-223-1>		<http://ids.clld.org/parameters/2-350>		<http://ids.clld.org/values/2-350-280-1>		"'ɨpa"@pcp	
"sti"@ctz	<http://ids.clld.org/values/2-350-223-1>		<http://ids.clld.org/parameters/2-350>		<http://ids.clld.org/values/2-350-280-3>		"'ʔɨpa"@pcp	
"skaʔ-"@ctz	<http://ids.clld.org/values/4-208-223-1>		<http://ids.clld.org/parameters/4-208>		<http://ids.clld.org/values/4-208-280-1>		"'tamo"@pcp	
"kū̃ yū"@ctz	<http://ids.clld.org/values/8-920-223-1>		<http://ids.clld.org/parameters/8-920>		<http://ids.clld.org/values/8-920-280-1>		"'ac̷a"@pcp	
"kuwiʔ"@ctz	<http://ids.clld.org/values/2-280-223-1>		<http://ids.clld.org/parameters/2-280>		<http://ids.clld.org/values/2-280-280-1>		"'wakɨ 'pistia"@pcp	
"yka nčkĩ"@ctz	<http://ids.clld.org/values/1-880-223-1>		<http://ids.clld.org/parameters/1-880>		<http://ids.clld.org/values/1-880-280-1>		"'kařo"@pcp	
"las��u"@ctz	<http://ids.clld.org/values/3-586-223-1>		<http://ids.clld.org/parameters/3-586>		<http://ids.clld.org/values/3-586-280-1>		"po'iko"@pcp	
"skũ-"@ctz	<http://ids.clld.org/values/4-310-223-1>		<http://ids.clld.org/parameters/4-310>		<http://ids.clld.org/values/4-310-280-1>		"po'yana"@pcp	
"hʸã"@ctz	<http://ids.clld.org/values/8-120-223-1>		<http://ids.clld.org/parameters/8-120>		<http://ids.clld.org/values/8-120-280-1>		"'wai"@pcp	
"siʔʸu"@ctz	<http://ids.clld.org/values/5-710-223-3>		<http://ids.clld.org/parameters/5-710>		<http://ids.clld.org/values/5-710-280-1>		"'kɨo"@pcp	
"hʸaʔã"@ctz	<http://ids.clld.org/values/9-360-223-1>		<http://ids.clld.org/parameters/9-360>		<http://ids.clld.org/values/9-360-280-1>		"'aši"@pcp	
"kula"@ctz	<http://ids.clld.org/values/3-650-223-1>		<http://ids.clld.org/parameters/3-650>		<http://ids.clld.org/values/3-650-280-3>		"'woɨ"@pcp	
"kula"@ctz	<http://ids.clld.org/values/3-650-223-1>		<http://ids.clld.org/parameters/3-650>		<http://ids.clld.org/values/3-650-280-1>		"sa'nino"@pcp	
"čku"@ctz	<http://ids.clld.org/values/1-360-223-1>		<http://ids.clld.org/parameters/1-360>		<http://ids.clld.org/values/1-360-280-1>		"'ʔani"@pcp	
"čku"@ctz	<http://ids.clld.org/values/1-360-223-1>		<http://ids.clld.org/parameters/1-360>		<http://ids.clld.org/values/1-360-280-3>		"'pao"@pcp	
"lʸuʔ"@ctz	<http://ids.clld.org/values/12-560-223-1>		<http://ids.clld.org/parameters/12-560>		<http://ids.clld.org/values/12-560-280-1>		"'mišni"@pcp	
"tihʸuʔ"@ctz	<http://ids.clld.org/values/12-440-223-1>		<http://ids.clld.org/parameters/12-440>		<http://ids.clld.org/values/12-440-280-1>		"nɨ'ama"@pcp	
"ška"@ctz	<http://ids.clld.org/values/1-880-223-3>		<http://ids.clld.org/parameters/1-880>		<http://ids.clld.org/values/1-880-280-1>		"'kařo"@pcp	
"siʔʸu"@ctz	<http://ids.clld.org/values/9-220-223-1>		<http://ids.clld.org/parameters/9-220>		<http://ids.clld.org/values/9-220-280-1>		"'kɨɨsakia"@pcp	
"[krasiya]"@ctz	<http://ids.clld.org/values/4-440-223-1>		<http://ids.clld.org/parameters/4-440>		<http://ids.clld.org/values/4-440-280-1>		"howi'ti"@pcp	
"kisu"@ctz	<http://ids.clld.org/values/9-780-223-1>		<http://ids.clld.org/parameters/9-780>		<http://ids.clld.org/values/9-780-280-1>		"'sota"@pcp	
"neʔ kunaʔã"@ctz	<http://ids.clld.org/values/2-220-223-1>		<http://ids.clld.org/parameters/2-220>		<http://ids.clld.org/values/2-220-280-1>		"'yoṣ̌a"@pcp	
"kičãʔ-"@ctz	<http://ids.clld.org/values/4-140-223-1>		<http://ids.clld.org/parameters/4-140>		<http://ids.clld.org/values/4-140-280-1>		"'woo"@pcp	
"ča"@ctz	<http://ids.clld.org/values/15-780-223-1>		<http://ids.clld.org/parameters/15-780>		<http://ids.clld.org/values/15-780-280-1>		"'ɨika"@pcp	
"kʷã niʔ kʷã"@ctz	<http://ids.clld.org/values/1-510-223-1>		<http://ids.clld.org/parameters/1-510>		<http://ids.clld.org/values/1-510-280-1>		"na'ipa"@pcp	
"tiʔa"@ctz	<http://ids.clld.org/values/1-310-223-1>		<http://ids.clld.org/parameters/1-310>		<http://ids.clld.org/values/1-310-280-1>		"'hɨnɨ"@pcp	
"ke-"@ctz	<http://ids.clld.org/values/4-200-223-1>		<http://ids.clld.org/parameters/4-200>		<http://ids.clld.org/values/4-200-280-1>		"'mapo"@pcp	
"nãʔ"@ctz	<http://ids.clld.org/values/2-910-223-1>		<http://ids.clld.org/parameters/2-910>		<http://ids.clld.org/values/2-910-280-1>		"'ɨa"@pcp	
"hʸaʔã"@ctz	<http://ids.clld.org/values/2-360-223-1>		<http://ids.clld.org/parameters/2-360>		<http://ids.clld.org/values/2-360-280-1>		"'kai"@pcp	
"rtẽ"@ctz	<http://ids.clld.org/values/3-832-223-1>		<http://ids.clld.org/parameters/3-832>		<http://ids.clld.org/values/3-832-280-1>		"'wii"@pcp	
"ko"@ctz	<http://ids.clld.org/values/1-730-223-1>		<http://ids.clld.org/parameters/1-730>		<http://ids.clld.org/values/1-730-280-1>		"'c̷ɨmo"@pcp	
"šuwe"@ctz	<http://ids.clld.org/values/12-560-223-3>		<http://ids.clld.org/parameters/12-560>		<http://ids.clld.org/values/12-560-280-1>		"'mišni"@pcp	
"kʷilʸoʔo"@ctz	<http://ids.clld.org/values/2-320-223-3>		<http://ids.clld.org/parameters/2-320>		<http://ids.clld.org/values/2-320-280-1>		"ʔa'wini"@pcp	
"kʸō"@ctz	<http://ids.clld.org/values/1-750-223-1>		<http://ids.clld.org/parameters/1-750>		<http://ids.clld.org/values/1-750-280-3>		"ʔo'i"@pcp	
"kʸō"@ctz	<http://ids.clld.org/values/1-750-223-1>		<http://ids.clld.org/parameters/1-750>		<http://ids.clld.org/values/1-750-280-1>		"o'i"@pcp	
"nčkʷiʔ tʸiʔʸu"@ctz	<http://ids.clld.org/values/1-560-223-1>		<http://ids.clld.org/parameters/1-560>		<http://ids.clld.org/values/1-560-280-1>		"'naina"@pcp	
"ʔni šuwe"@ctz	<http://ids.clld.org/values/3-810-223-1>		<http://ids.clld.org/parameters/3-810>		<http://ids.clld.org/values/3-810-280-1>		"wɨ'oso"@pcp	
"kita ha šlʸa"@ctz	<http://ids.clld.org/values/5-550-223-1>		<http://ids.clld.org/parameters/5-550>		<http://ids.clld.org/values/5-550-280-1>		"'moto"@pcp	
"slʸaʔ"@ctz	<http://ids.clld.org/values/6-240-223-1>		<http://ids.clld.org/parameters/6-240>		<http://ids.clld.org/values/6-240-280-1>		"waṣ̌'mɨna"@pcp	
"neʔ"@ctz	<http://ids.clld.org/values/2-930-223-3>		<http://ids.clld.org/parameters/2-930>		<http://ids.clld.org/values/2-930-280-1>		"'haa"@pcp	
"tihʸã-"@ctz	<http://ids.clld.org/values/4-160-223-1>		<http://ids.clld.org/parameters/4-160>		<http://ids.clld.org/values/4-160-280-1>		"'ṣ̌ao"@pcp	
"tiʔĩ"@ctz	<http://ids.clld.org/values/15-810-223-1>		<http://ids.clld.org/parameters/15-810>		<http://ids.clld.org/values/15-810-280-1>		"'iwɨ"@pcp	
"siʔyā"@ctz	<http://ids.clld.org/values/3-580-223-3>		<http://ids.clld.org/parameters/3-580>		<http://ids.clld.org/values/3-580-280-1>		"'naʔa"@pcp	
"lo čalʸu"@ctz	<http://ids.clld.org/values/1-210-223-1>		<http://ids.clld.org/parameters/1-210>		<http://ids.clld.org/values/1-210-280-1>		"'mai"@pcp	
"nkũ"@ctz	<http://ids.clld.org/values/3-980-223-1>		<http://ids.clld.org/parameters/3-980>		<http://ids.clld.org/values/3-980-280-1>		"'ṣ̌awɨ"@pcp	
"kʷilʸoʔo"@ctz	<http://ids.clld.org/values/2-310-223-3>		<http://ids.clld.org/parameters/2-310>		<http://ids.clld.org/values/2-310-280-1>		"'wɨnɨ"@pcp	
"li kiyaʔ"@ctz	<http://ids.clld.org/values/4-350-223-3>		<http://ids.clld.org/parameters/4-350>		<http://ids.clld.org/values/4-350-280-1>		"'wiko"@pcp	
"[rta]"@ctz	<http://ids.clld.org/values/9-190-223-1>		<http://ids.clld.org/parameters/9-190>		<http://ids.clld.org/values/9-190-280-1>		"'taška"@pcp	
"tʸoʔo yuʔʷe"@ctz	<http://ids.clld.org/values/9-270-223-3>		<http://ids.clld.org/parameters/9-270>		<http://ids.clld.org/values/9-270-280-1>		"ma'tošmaki"@pcp	
"kʷitu"@ctz	<http://ids.clld.org/values/3-550-223-1>		<http://ids.clld.org/parameters/3-550>		<http://ids.clld.org/values/3-550-280-1>		"pati'aři"@pcp	
"kē"@ctz	<http://ids.clld.org/values/8-570-223-1>		<http://ids.clld.org/parameters/8-570>		<http://ids.clld.org/values/8-570-280-3>		"řeṣ̌'pana"@pcp	
"kē"@ctz	<http://ids.clld.org/values/8-570-223-1>		<http://ids.clld.org/parameters/8-570>		<http://ids.clld.org/values/8-570-280-1>		"'hoa"@pcp	
"kʷilʸoʔo yu kiʔʸu"@ctz	<http://ids.clld.org/values/2-320-223-1>		<http://ids.clld.org/parameters/2-320>		<http://ids.clld.org/values/2-320-280-1>		"ʔa'wini"@pcp	
"liʔʸa-"@ctz	<http://ids.clld.org/values/4-270-223-1>		<http://ids.clld.org/parameters/4-270>		<http://ids.clld.org/values/4-270-280-1>		"'ṣ̌ɨna"@pcp	
"kʷitʸiʔ"@ctz	<http://ids.clld.org/values/3-950-223-1>		<http://ids.clld.org/parameters/3-950>		<http://ids.clld.org/values/3-950-280-1>		"wɨṣ̌ko"@pcp	
"ši"@ctz	<http://ids.clld.org/values/15-350-223-1>		<http://ids.clld.org/parameters/15-350>		<http://ids.clld.org/values/15-350-280-1>		"tɨ'ɨ"@pcp	
"tukʷa"@ctz	<http://ids.clld.org/values/13-20-223-1>		<http://ids.clld.org/parameters/13-20>		<http://ids.clld.org/values/13-20-280-1>		"ra'wɨ"@pcp	
"[ka ndu'wa]"@ctz	<http://ids.clld.org/values/10-831-223-1>		<http://ids.clld.org/parameters/10-831>		<http://ids.clld.org/values/10-831-280-1>		"'noti"@pcp	
"siyẽʔ-"@ctz	<http://ids.clld.org/values/4-230-223-1>		<http://ids.clld.org/parameters/4-230>		<http://ids.clld.org/values/4-230-280-1>		"řɨ'kina"@pcp	
"yka"@ctz	<http://ids.clld.org/values/8-600-223-1>		<http://ids.clld.org/parameters/8-600>		<http://ids.clld.org/values/8-600-280-1>		"'hiwi"@pcp	
"sɲī"@ctz	<http://ids.clld.org/values/1-830-223-1>		<http://ids.clld.org/parameters/1-830>		<http://ids.clld.org/values/1-830-280-1>		"ko'ʔina"@pcp	
"kuʔni"@ctz	<http://ids.clld.org/values/9-110-223-1>		<http://ids.clld.org/parameters/9-110>		<http://ids.clld.org/values/9-110-280-1>		"i'wɨ"@pcp	
"nguti"@ctz	<http://ids.clld.org/values/5-710-223-1>		<http://ids.clld.org/parameters/5-710>		<http://ids.clld.org/values/5-710-280-1>		"'kɨo"@pcp	
"kʷičā"@ctz	<http://ids.clld.org/values/1-520-223-1>		<http://ids.clld.org/parameters/1-520>		<http://ids.clld.org/values/1-520-280-1>		"'waři"@pcp	
"ɲaʔã"@ctz	<http://ids.clld.org/values/15-510-223-1>		<http://ids.clld.org/parameters/15-510>		<http://ids.clld.org/values/15-510-280-1>		"his'pa"@pcp	
"ɲaʔã"@ctz	<http://ids.clld.org/values/15-510-223-1>		<http://ids.clld.org/parameters/15-510>		<http://ids.clld.org/values/15-510-280-3>		"'hisna"@pcp	
"lc̷eʔ-"@ctz	<http://ids.clld.org/values/4-260-223-1>		<http://ids.clld.org/parameters/4-260>		<http://ids.clld.org/values/4-260-280-1>		"'hana"@pcp	
