"kiyaʔ-"@ctz	<http://ids.clld.org/values/4-370-223-1>		<http://ids.clld.org/parameters/4-370>		<http://ids.clld.org/values/4-370-286-1>		"kašimašiʔ (kašim)"@pav	
"š-tʸĩʔ"@ctz	<http://ids.clld.org/values/3-811-223-3>		<http://ids.clld.org/parameters/3-811>		<http://ids.clld.org/values/3-811-286-1>		"ioʔ"@pav	
"kunuʔ"@ctz	<http://ids.clld.org/values/3-840-223-1>		<http://ids.clld.org/parameters/3-840>		<http://ids.clld.org/values/3-840-286-1>		"meteʔ"@pav	
"kʷilʸoʔo nu kunaʔã"@ctz	<http://ids.clld.org/values/2-310-223-1>		<http://ids.clld.org/parameters/2-310>		<http://ids.clld.org/values/2-310-286-1>		"taši"@pav	
"kiʔni"@ctz	<http://ids.clld.org/values/9-210-223-3>		<http://ids.clld.org/parameters/9-210>		<http://ids.clld.org/values/9-210-286-1>		"toʔ"@pav	
"katẽ"@ctz	<http://ids.clld.org/values/9-360-223-3>		<http://ids.clld.org/parameters/9-360>		<http://ids.clld.org/values/9-360-286-3>		"toʔ"@pav	
"katẽ"@ctz	<http://ids.clld.org/values/9-360-223-3>		<http://ids.clld.org/parameters/9-360>		<http://ids.clld.org/values/9-360-286-1>		"hohok"@pav	
"[yelu]"@ctz	<http://ids.clld.org/values/1-770-223-1>		<http://ids.clld.org/parameters/1-770>		<http://ids.clld.org/values/1-770-286-1>		"šio šio"@pav	
"stʸiʔ-"@ctz	<http://ids.clld.org/values/4-410-223-1>		<http://ids.clld.org/parameters/4-410>		<http://ids.clld.org/values/4-410-286-1>		"karašišiʔ (katat)"@pav	
"kišĩʔ"@ctz	<http://ids.clld.org/values/8-510-223-3>		<http://ids.clld.org/parameters/8-510>		<http://ids.clld.org/values/8-510-286-1>		"tononoin"@pav	
"sta"@ctz	<http://ids.clld.org/values/9-343-223-1>		<http://ids.clld.org/parameters/9-343>		<http://ids.clld.org/values/9-343-286-1>		"humʔ"@pav	
"ynĩ-"@ctz	<http://ids.clld.org/values/4-280-223-1>		<http://ids.clld.org/parameters/4-280>		<http://ids.clld.org/values/4-280-286-1>		"paramašiʔ"@pav	
"hĩ nškã-"@ctz	<http://ids.clld.org/values/4-220-223-1>		<http://ids.clld.org/parameters/4-220>		<http://ids.clld.org/values/4-220-286-1>		"tara-yišiʔ (taraʔ)"@pav	
"šoʔo"@ctz	<http://ids.clld.org/values/1-410-223-1>		<http://ids.clld.org/parameters/1-410>		<http://ids.clld.org/values/1-410-286-1>		"nahwarak"@pav	
"kunã"@ctz	<http://ids.clld.org/values/3-850-223-1>		<http://ids.clld.org/parameters/3-850>		<http://ids.clld.org/values/3-850-286-1>		"emʔ"@pav	
"nuʔʷĩ"@ctz	<http://ids.clld.org/values/2-920-223-1>		<http://ids.clld.org/parameters/2-920>		<http://ids.clld.org/values/2-920-286-1>		"wum"@pav	
"lkaʔ"@ctz	<http://ids.clld.org/values/8-560-223-1>		<http://ids.clld.org/parameters/8-560>		<http://ids.clld.org/values/8-560-286-1>		"tenenein"@pav	
"šaʔã"@ctz	<http://ids.clld.org/values/16-720-223-3>		<http://ids.clld.org/parameters/16-720>		<http://ids.clld.org/values/16-720-286-1>		"kayi"@pav	
"šē̃ lō"@ctz	<http://ids.clld.org/values/12-610-223-1>		<http://ids.clld.org/parameters/12-610>		<http://ids.clld.org/values/12-610-286-1>		"kote ne kimain"@pav	
"mc̷uʔ"@ctz	<http://ids.clld.org/values/5-125-223-1>		<http://ids.clld.org/parameters/5-125>		<http://ids.clld.org/values/5-125-286-1>		"šowuru"@pav	
"[mnã]"@ctz	<http://ids.clld.org/values/16-420-223-3>		<http://ids.clld.org/parameters/16-420>		<http://ids.clld.org/values/16-420-286-1>		"manaʔ"@pav	
"lʸuʔ (ti) kuʔ"@ctz	<http://ids.clld.org/values/12-590-223-1>		<http://ids.clld.org/parameters/12-590>		<http://ids.clld.org/values/12-590-286-1>		"wiyimain"@pav	
"nguta ~ mta"@ctz	<http://ids.clld.org/values/8-311-223-1>		<http://ids.clld.org/parameters/8-311>		<http://ids.clld.org/values/8-311-286-1>		"tokwi"@pav	
"yihã"@ctz	<http://ids.clld.org/values/14-730-223-1>		<http://ids.clld.org/parameters/14-730>		<http://ids.clld.org/values/14-730-286-1>		"kawašiʔ"@pav	
"škʷa"@ctz	<http://ids.clld.org/values/12-140-223-1>		<http://ids.clld.org/parameters/12-140>		<http://ids.clld.org/values/12-140-286-1>		"teremʔ"@pav	
"škʷa"@ctz	<http://ids.clld.org/values/12-140-223-1>		<http://ids.clld.org/parameters/12-140>		<http://ids.clld.org/values/12-140-286-3>		"tokoʔ"@pav	
"šuwe kuʔ"@ctz	<http://ids.clld.org/values/12-590-223-3>		<http://ids.clld.org/parameters/12-590>		<http://ids.clld.org/values/12-590-286-1>		"wiyimain"@pav	
"tukʷī̃"@ctz	<http://ids.clld.org/values/12-570-223-1>		<http://ids.clld.org/parameters/12-570>		<http://ids.clld.org/values/12-570-286-1>		"matam"@pav	
"ɲi"@ctz	<http://ids.clld.org/values/16-730-223-3>		<http://ids.clld.org/parameters/16-730>		<http://ids.clld.org/values/16-730-286-1>		"šoʔ"@pav	
"kiɲi"@ctz	<http://ids.clld.org/values/3-581-223-1>		<http://ids.clld.org/parameters/3-581>		<http://ids.clld.org/values/3-581-286-1>		"me"@pav	
"hʷakī"@ctz	<http://ids.clld.org/values/9-330-223-1>		<http://ids.clld.org/parameters/9-330>		<http://ids.clld.org/values/9-330-286-1>		"kök"@pav	
"stʸi"@ctz	<http://ids.clld.org/values/16-250-223-1>		<http://ids.clld.org/parameters/16-250>		<http://ids.clld.org/values/16-250-286-1>		"tatamʔ"@pav	
"stʸi"@ctz	<http://ids.clld.org/values/16-250-223-1>		<http://ids.clld.org/parameters/16-250>		<http://ids.clld.org/values/16-250-286-3>		"katamʔ"@pav	
"tuʔwa-"@ctz	<http://ids.clld.org/values/4-240-223-1>		<http://ids.clld.org/parameters/4-240>		<http://ids.clld.org/values/4-240-286-1>		"kapiyašiʔ (topak)"@pav	
"yu"@ctz	<http://ids.clld.org/values/2-930-223-1>		<http://ids.clld.org/parameters/2-930>		<http://ids.clld.org/values/2-930-286-1>		"ko maʔ"@pav	
"tʸukʷi yaʔ-"@ctz	<http://ids.clld.org/values/11-150-223-1>		<http://ids.clld.org/parameters/11-150>		<http://ids.clld.org/values/11-150-286-1>		"kep"@pav	
"suweʔ"@ctz	<http://ids.clld.org/values/5-480-223-1>		<http://ids.clld.org/parameters/5-480>		<http://ids.clld.org/values/5-480-286-1>		"kuruk"@pav	
"suʔʷe"@ctz	<http://ids.clld.org/values/16-710-223-1>		<http://ids.clld.org/parameters/16-710>		<http://ids.clld.org/values/16-710-286-1>		"awi"@pav	
"ɲi"@ctz	<http://ids.clld.org/values/12-730-223-1>		<http://ids.clld.org/parameters/12-730>		<http://ids.clld.org/values/12-730-286-1>		"ka om šone ne"@pav	
"kʷiʔĩ"@ctz	<http://ids.clld.org/values/1-720-223-1>		<http://ids.clld.org/parameters/1-720>		<http://ids.clld.org/values/1-720-286-1>		"hotowa"@pav	
"skãʔ"@ctz	<http://ids.clld.org/values/9-160-223-1>		<http://ids.clld.org/parameters/9-160>		<http://ids.clld.org/values/9-160-286-1>		"tuku"@pav	
"nã msaʔã"@ctz	<http://ids.clld.org/values/13-210-223-1>		<http://ids.clld.org/parameters/13-210>		<http://ids.clld.org/values/13-210-286-5>		"maʔam"@pav	
"nã msaʔã"@ctz	<http://ids.clld.org/values/13-210-223-1>		<http://ids.clld.org/parameters/13-210>		<http://ids.clld.org/values/13-210-286-3>		"moromoinʔ"@pav	
"nã msaʔã"@ctz	<http://ids.clld.org/values/13-210-223-1>		<http://ids.clld.org/parameters/13-210>		<http://ids.clld.org/values/13-210-286-1>		"moinʔ"@pav	
"kuc̷i"@ctz	<http://ids.clld.org/values/15-690-223-1>		<http://ids.clld.org/parameters/15-690>		<http://ids.clld.org/values/15-690-286-1>		"košik"@pav	
"tā̃"@ctz	<http://ids.clld.org/values/5-791-223-1>		<http://ids.clld.org/parameters/5-791>		<http://ids.clld.org/values/5-791-286-1>		"homain"@pav	
"nā̃"@ctz	<http://ids.clld.org/values/18-280-223-1>		<http://ids.clld.org/parameters/18-280>		<http://ids.clld.org/values/18-280-286-1>		"wišišiʔ (wit)"@pav	
"kilō-"@ctz	<http://ids.clld.org/values/4-210-223-1>		<http://ids.clld.org/parameters/4-210>		<http://ids.clld.org/values/4-210-286-1>		"tokošiʔ (tok)"@pav	
"kunãʔ-"@ctz	<http://ids.clld.org/values/4-130-223-1>		<http://ids.clld.org/parameters/4-130>		<http://ids.clld.org/values/4-130-286-1>		"kwerešiʔ"@pav	
"nu lʸuʔ ti"@ctz	<http://ids.clld.org/values/2-270-223-1>		<http://ids.clld.org/parameters/2-270>		<http://ids.clld.org/values/2-270-286-1>		"piyeʔ"@pav	
"kīʔ"@ctz	<http://ids.clld.org/values/1-810-223-1>		<http://ids.clld.org/parameters/1-810>		<http://ids.clld.org/values/1-810-286-1>		"še"@pav	
"tʸiʔi-"@ctz	<http://ids.clld.org/values/4-510-223-1>		<http://ids.clld.org/parameters/4-510>		<http://ids.clld.org/values/4-510-286-1>		"wereme"@pav	
"kū̃"@ctz	<http://ids.clld.org/values/10-250-223-1>		<http://ids.clld.org/parameters/10-250>		<http://ids.clld.org/values/10-250-286-3>		"wišikaoʔ"@pav	
"kū̃"@ctz	<http://ids.clld.org/values/10-250-223-1>		<http://ids.clld.org/parameters/10-250>		<http://ids.clld.org/values/10-250-286-1>		"šin"@pav	
"tukʷī̃ lti ti"@ctz	<http://ids.clld.org/values/10-720-223-1>		<http://ids.clld.org/parameters/10-720>		<http://ids.clld.org/values/10-720-286-1>		"wana (wanayišiʔ)"@pav	
"skʷi"@ctz	<http://ids.clld.org/values/12-810-223-1>		<http://ids.clld.org/parameters/12-810>		<http://ids.clld.org/values/12-810-286-1>		"monoʔo"@pav	
"tʸukʷa"@ctz	<http://ids.clld.org/values/12-130-223-1>		<http://ids.clld.org/parameters/12-130>		<http://ids.clld.org/values/12-130-286-1>		"šaoʔ pe"@pav	
"tʸukʷa"@ctz	<http://ids.clld.org/values/12-130-223-1>		<http://ids.clld.org/parameters/12-130>		<http://ids.clld.org/values/12-130-286-3>		"šaoʔ to"@pav	
"kʸē"@ctz	<http://ids.clld.org/values/1-440-223-1>		<http://ids.clld.org/parameters/1-440>		<http://ids.clld.org/values/1-440-286-1>		"pakun"@pav	
"kihĩ-"@ctz	<http://ids.clld.org/values/4-120-223-1>		<http://ids.clld.org/parameters/4-120>		<http://ids.clld.org/values/4-120-286-1>		"taparišiʔ"@pav	
"tukʷī̃ ndʸaʔã kiyaʔ-"@ctz	<http://ids.clld.org/values/10-720-223-3>		<http://ids.clld.org/parameters/10-720>		<http://ids.clld.org/values/10-720-286-1>		"wana (wanayišiʔ)"@pav	
"iʔ"@ctz	<http://ids.clld.org/values/2-930-223-5>		<http://ids.clld.org/parameters/2-930>		<http://ids.clld.org/values/2-930-286-1>		"ko maʔ"@pav	
"tiyuʔ"@ctz	<http://ids.clld.org/values/1-330-223-1>		<http://ids.clld.org/parameters/1-330>		<http://ids.clld.org/values/1-330-286-1>		"šuteremʔ"@pav	
"wa"@ctz	<http://ids.clld.org/values/2-942-223-1>		<http://ids.clld.org/parameters/2-942>		<http://ids.clld.org/values/2-942-286-1>		"warut"@pav	
"tʸaʔã"@ctz	<http://ids.clld.org/values/10-450-223-1>		<http://ids.clld.org/parameters/10-450>		<http://ids.clld.org/values/10-450-286-1>		"šut"@pav	
"tʸaʔã"@ctz	<http://ids.clld.org/values/10-450-223-1>		<http://ids.clld.org/parameters/10-450>		<http://ids.clld.org/values/10-450-286-3>		"šurušut"@pav	
"hʷaki tʸiʔi"@ctz	<http://ids.clld.org/values/4-510-223-3>		<http://ids.clld.org/parameters/4-510>		<http://ids.clld.org/values/4-510-286-1>		"wereme"@pav	
"škʷã"@ctz	<http://ids.clld.org/values/6-350-223-1>		<http://ids.clld.org/parameters/6-350>		<http://ids.clld.org/values/6-350-286-1>		"ok"@pav	
"kī̃"@ctz	<http://ids.clld.org/values/4-853-223-1>		<http://ids.clld.org/parameters/4-853>		<http://ids.clld.org/values/4-853-286-1>		"mom"@pav	
"kuc̷ẽ-"@ctz	<http://ids.clld.org/values/16-530-223-1>		<http://ids.clld.org/parameters/16-530>		<http://ids.clld.org/values/16-530-286-1>		"yinʔ"@pav	
"yaʔ-"@ctz	<http://ids.clld.org/values/4-330-223-1>		<http://ids.clld.org/parameters/4-330>		<http://ids.clld.org/values/4-330-286-1>		"mišiʔ"@pav	
"yaʔ-"@ctz	<http://ids.clld.org/values/4-330-223-1>		<http://ids.clld.org/parameters/4-330>		<http://ids.clld.org/values/4-330-286-3>		"(umʔ)"@pav	
"lu-"@ctz	<http://ids.clld.org/values/4-450-223-1>		<http://ids.clld.org/parameters/4-450>		<http://ids.clld.org/values/4-450-286-1>		"tarawanašiʔ (tarawan)"@pav	
"taʔã yaʔ-"@ctz	<http://ids.clld.org/values/9-310-223-1>		<http://ids.clld.org/parameters/9-310>		<http://ids.clld.org/values/9-310-286-1>		"šik"@pav	
"neʔ"@ctz	<http://ids.clld.org/values/2-960-223-1>		<http://ids.clld.org/parameters/2-960>		<http://ids.clld.org/values/2-960-286-1>		"karam maʔ"@pav	
"laʔa seʔẽ kā"@ctz	<http://ids.clld.org/values/12-420-223-1>		<http://ids.clld.org/parameters/12-420>		<http://ids.clld.org/values/12-420-286-1>		"parayišiʔ"@pav	
"ngatẽ"@ctz	<http://ids.clld.org/values/15-640-223-1>		<http://ids.clld.org/parameters/15-640>		<http://ids.clld.org/values/15-640-286-1>		"towoʔ"@pav	
"tʸukʷa tʸiʔi"@ctz	<http://ids.clld.org/values/15-210-223-1>		<http://ids.clld.org/parameters/15-210>		<http://ids.clld.org/values/15-210-286-3>		"hu"@pav	
"tʸukʷa tʸiʔi"@ctz	<http://ids.clld.org/values/15-210-223-1>		<http://ids.clld.org/parameters/15-210>		<http://ids.clld.org/values/15-210-286-1>		"nak"@pav	
"kula"@ctz	<http://ids.clld.org/values/1-540-223-1>		<http://ids.clld.org/parameters/1-540>		<http://ids.clld.org/values/1-540-286-1>		"piyoʔ"@pav	
"tnẽ-"@ctz	<http://ids.clld.org/values/4-150-223-1>		<http://ids.clld.org/parameters/4-150>		<http://ids.clld.org/values/4-150-286-1>		"kišiʔ (wik)"@pav	
"kulo yuʔʷe"@ctz	<http://ids.clld.org/values/9-270-223-1>		<http://ids.clld.org/parameters/9-270>		<http://ids.clld.org/values/9-270-286-1>		"toʔ pahot"@pav	
"kulo yuʔʷe"@ctz	<http://ids.clld.org/values/9-270-223-1>		<http://ids.clld.org/parameters/9-270>		<http://ids.clld.org/values/9-270-286-3>		"toʔ pahorohot"@pav	
"koʔ"@ctz	<http://ids.clld.org/values/1-530-223-1>		<http://ids.clld.org/parameters/1-530>		<http://ids.clld.org/values/1-530-286-1>		"panawoʔ"@pav	
"kiyaʔ-"@ctz	<http://ids.clld.org/values/4-350-223-1>		<http://ids.clld.org/parameters/4-350>		<http://ids.clld.org/values/4-350-286-1>		"pišiyašiʔ"@pav	
"kiyaʔ-"@ctz	<http://ids.clld.org/values/4-350-223-1>		<http://ids.clld.org/parameters/4-350>		<http://ids.clld.org/values/4-350-286-3>		"kokošiʔ"@pav	
"tʸaʔã čaʔ tiye"@ctz	<http://ids.clld.org/values/17-130-223-1>		<http://ids.clld.org/parameters/17-130>		<http://ids.clld.org/values/17-130-286-1>		"koromikat"@pav	
"c̷ã"@ctz	<http://ids.clld.org/values/14-410-223-1>		<http://ids.clld.org/parameters/14-410>		<http://ids.clld.org/values/14-410-286-1>		"šek"@pav	
"čĩʔ ti"@ctz	<http://ids.clld.org/values/13-170-223-1>		<http://ids.clld.org/parameters/13-170>		<http://ids.clld.org/values/13-170-286-1>		"parek"@pav	
"nu šuwe"@ctz	<http://ids.clld.org/values/2-270-223-3>		<http://ids.clld.org/parameters/2-270>		<http://ids.clld.org/values/2-270-286-1>		"piyeʔ"@pav	
"tiyū"@ctz	<http://ids.clld.org/values/10-230-223-1>		<http://ids.clld.org/parameters/10-230>		<http://ids.clld.org/values/10-230-286-3>		"kamaraʔ"@pav	
"tiyū"@ctz	<http://ids.clld.org/values/10-230-223-1>		<http://ids.clld.org/parameters/10-230>		<http://ids.clld.org/values/10-230-286-1>		"panʔ"@pav	
"ni"@ctz	<http://ids.clld.org/values/2-930-223-7>		<http://ids.clld.org/parameters/2-930>		<http://ids.clld.org/values/2-930-286-1>		"ko maʔ"@pav	
"yka"@ctz	<http://ids.clld.org/values/1-420-223-1>		<http://ids.clld.org/parameters/1-420>		<http://ids.clld.org/values/1-420-286-1>		"pana"@pav	
"ã"@ctz	<http://ids.clld.org/values/2-930-223-9>		<http://ids.clld.org/parameters/2-930>		<http://ids.clld.org/values/2-930-286-1>		"ko maʔ"@pav	
"tu-hoʔo"@ctz	<http://ids.clld.org/values/1-320-223-1>		<http://ids.clld.org/parameters/1-320>		<http://ids.clld.org/values/1-320-286-1>		"kote ne kom"@pav	
"ku"@ctz	<http://ids.clld.org/values/5-110-223-1>		<http://ids.clld.org/parameters/5-110>		<http://ids.clld.org/values/5-110-286-1>		"kaoʔ"@pav	
"ku"@ctz	<http://ids.clld.org/values/5-110-223-1>		<http://ids.clld.org/parameters/5-110>		<http://ids.clld.org/values/5-110-286-3>		"kakakaoʔ"@pav	
"sū̃"@ctz	<http://ids.clld.org/values/8-540-223-1>		<http://ids.clld.org/parameters/8-540>		<http://ids.clld.org/values/8-540-286-1>		"kašimain"@pav	
"kita yū"@ctz	<http://ids.clld.org/values/1-213-223-3>		<http://ids.clld.org/parameters/1-213>		<http://ids.clld.org/values/1-213-286-1>		"tainʔ"@pav	
"ši-tiʔĩ"@ctz	<http://ids.clld.org/values/10-130-223-1>		<http://ids.clld.org/parameters/10-130>		<http://ids.clld.org/values/10-130-286-1>		"yami"@pav	
"ʔni"@ctz	<http://ids.clld.org/values/3-110-223-1>		<http://ids.clld.org/parameters/3-110>		<http://ids.clld.org/values/3-110-286-1>		"karawa"@pav	
"ngaʔa"@ctz	<http://ids.clld.org/values/15-660-223-1>		<http://ids.clld.org/parameters/15-660>		<http://ids.clld.org/values/15-660-286-1>		"pakaʔ"@pav	
"yu kiʔʸu"@ctz	<http://ids.clld.org/values/2-210-223-1>		<http://ids.clld.org/parameters/2-210>		<http://ids.clld.org/values/2-210-286-1>		"taramaʔ"@pav	
"hī"@ctz	<http://ids.clld.org/values/1-840-223-1>		<http://ids.clld.org/parameters/1-840>		<http://ids.clld.org/values/1-840-286-1>		"topakon"@pav	
"ti-tiya nã"@ctz	<http://ids.clld.org/values/13-140-223-3>		<http://ids.clld.org/parameters/13-140>		<http://ids.clld.org/values/13-140-286-1>		"šam"@pav	
"yka"@ctz	<http://ids.clld.org/values/1-430-223-1>		<http://ids.clld.org/parameters/1-430>		<http://ids.clld.org/values/1-430-286-1>		"pana"@pav	
"ndahã yka"@ctz	<http://ids.clld.org/values/8-750-223-1>		<http://ids.clld.org/parameters/8-750>		<http://ids.clld.org/values/8-750-286-1>		"tapari"@pav	
"skuwe ~ suwe"@ctz	<http://ids.clld.org/values/5-970-223-1>		<http://ids.clld.org/parameters/5-970>		<http://ids.clld.org/values/5-970-286-1>		"arayein"@pav	
"šnã (tiʔa)"@ctz	<http://ids.clld.org/values/10-320-223-1>		<http://ids.clld.org/parameters/10-320>		<http://ids.clld.org/values/10-320-286-3>		"weweweo"@pav	
"šnã (tiʔa)"@ctz	<http://ids.clld.org/values/10-320-223-1>		<http://ids.clld.org/parameters/10-320>		<http://ids.clld.org/values/10-320-286-1>		"weo"@pav	
"c̷ā kuta"@ctz	<http://ids.clld.org/values/20-610-223-1>		<http://ids.clld.org/parameters/20-610>		<http://ids.clld.org/values/20-610-286-1>		"yiʔam"@pav	
"sti"@ctz	<http://ids.clld.org/values/2-350-223-1>		<http://ids.clld.org/parameters/2-350>		<http://ids.clld.org/values/2-350-286-1>		"te"@pav	
"lti"@ctz	<http://ids.clld.org/values/8-670-223-3>		<http://ids.clld.org/parameters/8-670>		<http://ids.clld.org/values/8-670-286-1>		"makon (makorišiʔ)"@pav	
"nguhʷi"@ctz	<http://ids.clld.org/values/4-750-223-3>		<http://ids.clld.org/parameters/4-750>		<http://ids.clld.org/values/4-750-286-3>		"konoʔ"@pav	
"nguhʷi"@ctz	<http://ids.clld.org/values/4-750-223-3>		<http://ids.clld.org/parameters/4-750>		<http://ids.clld.org/values/4-750-286-1>		"miʔ pin"@pav	
"kiʔʸa"@ctz	<http://ids.clld.org/values/1-220-223-1>		<http://ids.clld.org/parameters/1-220>		<http://ids.clld.org/values/1-220-286-1>		"pakun"@pav	
"kulu"@ctz	<http://ids.clld.org/values/8-220-223-1>		<http://ids.clld.org/parameters/8-220>		<http://ids.clld.org/values/8-220-286-1>		"še"@pav	
"kulu"@ctz	<http://ids.clld.org/values/8-220-223-1>		<http://ids.clld.org/parameters/8-220>		<http://ids.clld.org/values/8-220-286-3>		"šikeʔ"@pav	
"kʷi"@ctz	<http://ids.clld.org/values/14-130-223-1>		<http://ids.clld.org/parameters/14-130>		<http://ids.clld.org/values/14-130-286-1>		"šokori"@pav	
"kuʔu"@ctz	<http://ids.clld.org/values/4-740-223-1>		<http://ids.clld.org/parameters/4-740>		<http://ids.clld.org/values/4-740-286-1>		"eʔ"@pav	
"kusī̃"@ctz	<http://ids.clld.org/values/9-343-223-3>		<http://ids.clld.org/parameters/9-343>		<http://ids.clld.org/values/9-343-286-1>		"humʔ"@pav	
"kyā̃"@ctz	<http://ids.clld.org/values/10-480-223-1>		<http://ids.clld.org/parameters/10-480>		<http://ids.clld.org/values/10-480-286-1>		"makiʔ"@pav	
"ti kʷiʔ čaʔ"@ctz	<http://ids.clld.org/values/16-730-223-5>		<http://ids.clld.org/parameters/16-730>		<http://ids.clld.org/values/16-730-286-1>		"šoʔ"@pav	
"c̷ā tū̃"@ctz	<http://ids.clld.org/values/12-150-223-1>		<http://ids.clld.org/parameters/12-150>		<http://ids.clld.org/values/12-150-286-1>		"tekiʔ pe"@pav	
"c̷ā tū̃"@ctz	<http://ids.clld.org/values/12-150-223-1>		<http://ids.clld.org/parameters/12-150>		<http://ids.clld.org/values/12-150-286-3>		"tekiʔ to"@pav	
"siʔʸu"@ctz	<http://ids.clld.org/values/5-710-223-3>		<http://ids.clld.org/parameters/5-710>		<http://ids.clld.org/values/5-710-286-3>		"winain"@pav	
"siʔʸu"@ctz	<http://ids.clld.org/values/5-710-223-3>		<http://ids.clld.org/parameters/5-710>		<http://ids.clld.org/values/5-710-286-1>		"memem"@pav	
"hʸaʔã"@ctz	<http://ids.clld.org/values/9-360-223-1>		<http://ids.clld.org/parameters/9-360>		<http://ids.clld.org/values/9-360-286-3>		"toʔ"@pav	
"hʸaʔã"@ctz	<http://ids.clld.org/values/9-360-223-1>		<http://ids.clld.org/parameters/9-360>		<http://ids.clld.org/values/9-360-286-1>		"hohok"@pav	
"kula"@ctz	<http://ids.clld.org/values/3-650-223-1>		<http://ids.clld.org/parameters/3-650>		<http://ids.clld.org/values/3-650-286-1>		"hwam (hwamišiʔ)"@pav	
"čku"@ctz	<http://ids.clld.org/values/1-360-223-1>		<http://ids.clld.org/parameters/1-360>		<http://ids.clld.org/values/1-360-286-1>		"kom"@pav	
"heʔẽ-"@ctz	<http://ids.clld.org/values/4-180-223-1>		<http://ids.clld.org/parameters/4-180>		<http://ids.clld.org/values/4-180-286-1>		"kahwerein"@pav	
"lʸuʔ"@ctz	<http://ids.clld.org/values/12-560-223-1>		<http://ids.clld.org/parameters/12-560>		<http://ids.clld.org/values/12-560-286-1>		"wiyimain"@pav	
"tihʸuʔ"@ctz	<http://ids.clld.org/values/12-440-223-1>		<http://ids.clld.org/parameters/12-440>		<http://ids.clld.org/values/12-440-286-1>		"pira"@pav	
"kʷi"@ctz	<http://ids.clld.org/values/10-370-223-1>		<http://ids.clld.org/parameters/10-370>		<http://ids.clld.org/values/10-370-286-3>		"toin"@pav	
"kʷi"@ctz	<http://ids.clld.org/values/10-370-223-1>		<http://ids.clld.org/parameters/10-370>		<http://ids.clld.org/values/10-370-286-1>		"takiʔ"@pav	
"nã"@ctz	<http://ids.clld.org/values/2-941-223-1>		<http://ids.clld.org/parameters/2-941>		<http://ids.clld.org/values/2-941-286-1>		"wariʔ"@pav	
"siʔʸu"@ctz	<http://ids.clld.org/values/9-220-223-1>		<http://ids.clld.org/parameters/9-220>		<http://ids.clld.org/values/9-220-286-7>		"nakarkamʔ"@pav	
"siʔʸu"@ctz	<http://ids.clld.org/values/9-220-223-1>		<http://ids.clld.org/parameters/9-220>		<http://ids.clld.org/values/9-220-286-3>		"wawak"@pav	
"siʔʸu"@ctz	<http://ids.clld.org/values/9-220-223-1>		<http://ids.clld.org/parameters/9-220>		<http://ids.clld.org/values/9-220-286-9>		"ta"@pav	
"siʔʸu"@ctz	<http://ids.clld.org/values/9-220-223-1>		<http://ids.clld.org/parameters/9-220>		<http://ids.clld.org/values/9-220-286-5>		"nakamʔ"@pav	
"siʔʸu"@ctz	<http://ids.clld.org/values/9-220-223-1>		<http://ids.clld.org/parameters/9-220>		<http://ids.clld.org/values/9-220-286-1>		"wak"@pav	
"koʔo"@ctz	<http://ids.clld.org/values/5-130-223-1>		<http://ids.clld.org/parameters/5-130>		<http://ids.clld.org/values/5-130-286-1>		"tok"@pav	
"koʔo"@ctz	<http://ids.clld.org/values/5-130-223-1>		<http://ids.clld.org/parameters/5-130>		<http://ids.clld.org/values/5-130-286-3>		"tototok"@pav	
"[krasiya]"@ctz	<http://ids.clld.org/values/4-440-223-1>		<http://ids.clld.org/parameters/4-440>		<http://ids.clld.org/values/4-440-286-1>		"šimišiʔ (šim)"@pav	
"čkʷiʔ"@ctz	<http://ids.clld.org/values/18-210-223-1>		<http://ids.clld.org/parameters/18-210>		<http://ids.clld.org/values/18-210-286-1>		"tomiʔ"@pav	
"ti ~ lti"@ctz	<http://ids.clld.org/values/12-650-223-1>		<http://ids.clld.org/parameters/12-650>		<http://ids.clld.org/values/12-650-286-1>		"šašiʔ"@pav	
"c̷ũ"@ctz	<http://ids.clld.org/values/15-851-223-1>		<http://ids.clld.org/parameters/15-851>		<http://ids.clld.org/values/15-851-286-3>		"nonoe"@pav	
"c̷ũ"@ctz	<http://ids.clld.org/values/15-851-223-1>		<http://ids.clld.org/parameters/15-851>		<http://ids.clld.org/values/15-851-286-1>		"šain"@pav	
"neʔ kunaʔã"@ctz	<http://ids.clld.org/values/2-220-223-1>		<http://ids.clld.org/parameters/2-220>		<http://ids.clld.org/values/2-220-286-1>		"narimaʔ"@pav	
"tukʷī̃ kuʔ"@ctz	<http://ids.clld.org/values/12-570-223-3>		<http://ids.clld.org/parameters/12-570>		<http://ids.clld.org/values/12-570-286-1>		"matam"@pav	
"nĩ"@ctz	<http://ids.clld.org/values/18-280-223-3>		<http://ids.clld.org/parameters/18-280>		<http://ids.clld.org/values/18-280-286-1>		"wišišiʔ (wit)"@pav	
"kičãʔ-"@ctz	<http://ids.clld.org/values/4-140-223-1>		<http://ids.clld.org/parameters/4-140>		<http://ids.clld.org/values/4-140-286-1>		"tenenešiʔ"@pav	
"kičãʔ-"@ctz	<http://ids.clld.org/values/4-140-223-1>		<http://ids.clld.org/parameters/4-140>		<http://ids.clld.org/values/4-140-286-3>		"tenenein (šun)"@pav	
"ča"@ctz	<http://ids.clld.org/values/15-780-223-1>		<http://ids.clld.org/parameters/15-780>		<http://ids.clld.org/values/15-780-286-1>		"šaʔ"@pav	
"skʷa ... tiʔa"@ctz	<http://ids.clld.org/values/10-350-223-1>		<http://ids.clld.org/parameters/10-350>		<http://ids.clld.org/values/10-350-286-3>		"panʔ karakam"@pav	
"skʷa ... tiʔa"@ctz	<http://ids.clld.org/values/10-350-223-1>		<http://ids.clld.org/parameters/10-350>		<http://ids.clld.org/values/10-350-286-1>		"panʔ kam"@pav	
"kʷã niʔ kʷã"@ctz	<http://ids.clld.org/values/1-510-223-1>		<http://ids.clld.org/parameters/1-510>		<http://ids.clld.org/values/1-510-286-1>		"nanawin"@pav	
"kunā̃"@ctz	<http://ids.clld.org/values/11-310-223-1>		<http://ids.clld.org/parameters/11-310>		<http://ids.clld.org/values/11-310-286-1>		"noro"@pav	
"wã"@ctz	<http://ids.clld.org/values/2-950-223-1>		<http://ids.clld.org/parameters/2-950>		<http://ids.clld.org/values/2-950-286-1>		"wahuʔ"@pav	
"tʸiʔĩ-hʸa"@ctz	<http://ids.clld.org/values/16-260-223-3>		<http://ids.clld.org/parameters/16-260>		<http://ids.clld.org/values/16-260-286-1>		"warayu"@pav	
"tiʔa"@ctz	<http://ids.clld.org/values/1-310-223-1>		<http://ids.clld.org/parameters/1-310>		<http://ids.clld.org/values/1-310-286-1>		"kom (komišiʔ)"@pav	
"tnũ tuʔʷa"@ctz	<http://ids.clld.org/values/12-630-223-1>		<http://ids.clld.org/parameters/12-630>		<http://ids.clld.org/values/12-630-286-1>		"kwere"@pav	
"ke-"@ctz	<http://ids.clld.org/values/4-200-223-1>		<http://ids.clld.org/parameters/4-200>		<http://ids.clld.org/values/4-200-286-1>		"winašiʔ (wayiʔ)"@pav	
"škʷa lō tiʔa"@ctz	<http://ids.clld.org/values/10-340-223-1>		<http://ids.clld.org/parameters/10-340>		<http://ids.clld.org/values/10-340-286-1>		"ho"@pav	
"škʷa lō tiʔa"@ctz	<http://ids.clld.org/values/10-340-223-1>		<http://ids.clld.org/parameters/10-340>		<http://ids.clld.org/values/10-340-286-3>		"horoho"@pav	
"nãʔ"@ctz	<http://ids.clld.org/values/2-910-223-1>		<http://ids.clld.org/parameters/2-910>		<http://ids.clld.org/values/2-910-286-1>		"wataʔ"@pav	
"tlʸu"@ctz	<http://ids.clld.org/values/12-550-223-1>		<http://ids.clld.org/parameters/12-550>		<http://ids.clld.org/values/12-550-286-1>		"hwaraʔ"@pav	
"tlʸu"@ctz	<http://ids.clld.org/values/12-550-223-1>		<http://ids.clld.org/parameters/12-550>		<http://ids.clld.org/values/12-550-286-3>		"horon"@pav	
"kī"@ctz	<http://ids.clld.org/values/8-510-223-1>		<http://ids.clld.org/parameters/8-510>		<http://ids.clld.org/values/8-510-286-1>		"tononoin"@pav	
"hʸaʔã"@ctz	<http://ids.clld.org/values/2-360-223-1>		<http://ids.clld.org/parameters/2-360>		<http://ids.clld.org/values/2-360-286-1>		"naʔ"@pav	
"kaʔã ~ hnaʔã ~ kinaʔã"@ctz	<http://ids.clld.org/values/13-150-223-1>		<http://ids.clld.org/parameters/13-150>		<http://ids.clld.org/values/13-150-286-1>		"iriʔ miyo/ miya"@pav	
"ku"@ctz	<http://ids.clld.org/values/4-580-223-1>		<http://ids.clld.org/parameters/4-580>		<http://ids.clld.org/values/4-580-286-1>		"kio"@pav	
"čkʷiʔ"@ctz	<http://ids.clld.org/values/18-220-223-1>		<http://ids.clld.org/parameters/18-220>		<http://ids.clld.org/values/18-220-286-1>		"tomiʔ šoʔ"@pav	
"ko"@ctz	<http://ids.clld.org/values/1-730-223-1>		<http://ids.clld.org/parameters/1-730>		<http://ids.clld.org/values/1-730-286-1>		"tayain nanawin"@pav	
"šuwe"@ctz	<http://ids.clld.org/values/12-560-223-3>		<http://ids.clld.org/parameters/12-560>		<http://ids.clld.org/values/12-560-286-1>		"wiyimain"@pav	
"ti"@ctz	<http://ids.clld.org/values/8-670-223-1>		<http://ids.clld.org/parameters/8-670>		<http://ids.clld.org/values/8-670-286-1>		"makon (makorišiʔ)"@pav	
"kʷilʸoʔo"@ctz	<http://ids.clld.org/values/2-320-223-3>		<http://ids.clld.org/parameters/2-320>		<http://ids.clld.org/values/2-320-286-1>		"mana"@pav	
"čũʔ-"@ctz	<http://ids.clld.org/values/4-190-223-1>		<http://ids.clld.org/parameters/4-190>		<http://ids.clld.org/values/4-190-286-1>		"warašiʔ"@pav	
"y-ši"@ctz	<http://ids.clld.org/values/1-215-223-1>		<http://ids.clld.org/parameters/1-215>		<http://ids.clld.org/values/1-215-286-1>		"namayi"@pav	
"kʸō"@ctz	<http://ids.clld.org/values/1-750-223-1>		<http://ids.clld.org/parameters/1-750>		<http://ids.clld.org/values/1-750-286-1>		"šowiʔ"@pav	
"wtʸi"@ctz	<http://ids.clld.org/values/15-840-223-1>		<http://ids.clld.org/parameters/15-840>		<http://ids.clld.org/values/15-840-286-1>		"kawainʔ"@pav	
"luʔu"@ctz	<http://ids.clld.org/values/4-740-223-3>		<http://ids.clld.org/parameters/4-740>		<http://ids.clld.org/values/4-740-286-1>		"eʔ"@pav	
"suʔʷe"@ctz	<http://ids.clld.org/values/16-730-223-1>		<http://ids.clld.org/parameters/16-730>		<http://ids.clld.org/values/16-730-286-1>		"šoʔ"@pav	
"neʔ"@ctz	<http://ids.clld.org/values/2-930-223-3>		<http://ids.clld.org/parameters/2-930>		<http://ids.clld.org/values/2-930-286-1>		"ko maʔ"@pav	
"hyā̃"@ctz	<http://ids.clld.org/values/10-480-223-3>		<http://ids.clld.org/parameters/10-480>		<http://ids.clld.org/values/10-480-286-1>		"makiʔ"@pav	
"msĩʔ tiʔ"@ctz	<http://ids.clld.org/values/16-420-223-1>		<http://ids.clld.org/parameters/16-420>		<http://ids.clld.org/values/16-420-286-1>		"manaʔ"@pav	
"kuhʷi"@ctz	<http://ids.clld.org/values/4-760-223-1>		<http://ids.clld.org/parameters/4-760>		<http://ids.clld.org/values/4-760-286-1>		"paʔ"@pav	
"nǰga nã"@ctz	<http://ids.clld.org/values/13-140-223-1>		<http://ids.clld.org/parameters/13-140>		<http://ids.clld.org/values/13-140-286-1>		"šam"@pav	
"katãʔ-"@ctz	<http://ids.clld.org/values/4-345-223-1>		<http://ids.clld.org/parameters/4-345>		<http://ids.clld.org/values/4-345-286-1>		"šikinain"@pav	
"tihʸã-"@ctz	<http://ids.clld.org/values/4-160-223-1>		<http://ids.clld.org/parameters/4-160>		<http://ids.clld.org/values/4-160-286-1>		"arašiʔ (at)"@pav	
"tiʔĩ"@ctz	<http://ids.clld.org/values/15-810-223-1>		<http://ids.clld.org/parameters/15-810>		<http://ids.clld.org/values/15-810-286-3>		"taʔ man"@pav	
"tiʔĩ"@ctz	<http://ids.clld.org/values/15-810-223-1>		<http://ids.clld.org/parameters/15-810>		<http://ids.clld.org/values/15-810-286-1>		"šite"@pav	
"tiʔĩ"@ctz	<http://ids.clld.org/values/15-810-223-1>		<http://ids.clld.org/parameters/15-810>		<http://ids.clld.org/values/15-810-286-5>		"teʔ man"@pav	
"tikĩ"@ctz	<http://ids.clld.org/values/1-851-223-1>		<http://ids.clld.org/parameters/1-851>		<http://ids.clld.org/values/1-851-286-3>		"wiran"@pav	
"tikĩ"@ctz	<http://ids.clld.org/values/1-851-223-1>		<http://ids.clld.org/parameters/1-851>		<http://ids.clld.org/values/1-851-286-1>		"tom"@pav	
"tikĩ"@ctz	<http://ids.clld.org/values/1-851-223-1>		<http://ids.clld.org/parameters/1-851>		<http://ids.clld.org/values/1-851-286-5>		"karahoʔ"@pav	
"lo čalʸu"@ctz	<http://ids.clld.org/values/1-210-223-1>		<http://ids.clld.org/parameters/1-210>		<http://ids.clld.org/values/1-210-286-1>		"makanʔ"@pav	
"tu (y-seʔẽ)"@ctz	<http://ids.clld.org/values/4-461-223-1>		<http://ids.clld.org/parameters/4-461>		<http://ids.clld.org/values/4-461-286-1>		"monošiʔ (mon)"@pav	
"ngata"@ctz	<http://ids.clld.org/values/15-650-223-1>		<http://ids.clld.org/parameters/15-650>		<http://ids.clld.org/values/15-650-286-1>		"mišem"@pav	
"kʷĩ"@ctz	<http://ids.clld.org/values/4-570-223-1>		<http://ids.clld.org/parameters/4-570>		<http://ids.clld.org/values/4-570-286-1>		"weʔ"@pav	
"yu"@ctz	<http://ids.clld.org/values/2-960-223-3>		<http://ids.clld.org/parameters/2-960>		<http://ids.clld.org/values/2-960-286-1>		"karam maʔ"@pav	
"s-tãʔ-"@ctz	<http://ids.clld.org/values/4-345-223-3>		<http://ids.clld.org/parameters/4-345>		<http://ids.clld.org/values/4-345-286-1>		"šikinain"@pav	
"ngaʔā"@ctz	<http://ids.clld.org/values/15-680-223-1>		<http://ids.clld.org/parameters/15-680>		<http://ids.clld.org/values/15-680-286-1>		"tb̃um"@pav	
"kʷilʸoʔo"@ctz	<http://ids.clld.org/values/2-310-223-3>		<http://ids.clld.org/parameters/2-310>		<http://ids.clld.org/values/2-310-286-1>		"taši"@pav	
"teheʔ"@ctz	<http://ids.clld.org/values/5-810-223-1>		<http://ids.clld.org/parameters/5-810>		<http://ids.clld.org/values/5-810-286-1>		"[sal]"@pav	
"kʷitʸĩʔ"@ctz	<http://ids.clld.org/values/3-811-223-1>		<http://ids.clld.org/parameters/3-811>		<http://ids.clld.org/values/3-811-286-1>		"ioʔ"@pav	
"kihʸa"@ctz	<http://ids.clld.org/values/16-260-223-1>		<http://ids.clld.org/parameters/16-260>		<http://ids.clld.org/values/16-260-286-1>		"warayu"@pav	
"kuti"@ctz	<http://ids.clld.org/values/15-770-223-1>		<http://ids.clld.org/parameters/15-770>		<http://ids.clld.org/values/15-770-286-1>		"topišik"@pav	
"li kiyaʔ"@ctz	<http://ids.clld.org/values/4-350-223-3>		<http://ids.clld.org/parameters/4-350>		<http://ids.clld.org/values/4-350-286-1>		"pišiyašiʔ"@pav	
"li kiyaʔ"@ctz	<http://ids.clld.org/values/4-350-223-3>		<http://ids.clld.org/parameters/4-350>		<http://ids.clld.org/values/4-350-286-3>		"kokošiʔ"@pav	
"[rta]"@ctz	<http://ids.clld.org/values/9-190-223-1>		<http://ids.clld.org/parameters/9-190>		<http://ids.clld.org/values/9-190-286-1>		"makon (makorišiʔ)"@pav	
"kunãʔ-"@ctz	<http://ids.clld.org/values/5-610-223-1>		<http://ids.clld.org/parameters/5-610>		<http://ids.clld.org/values/5-610-286-1>		"karawa (karamayišiʔ)"@pav	
"tʸoʔo yuʔʷe"@ctz	<http://ids.clld.org/values/9-270-223-3>		<http://ids.clld.org/parameters/9-270>		<http://ids.clld.org/values/9-270-286-1>		"toʔ pahot"@pav	
"tʸoʔo yuʔʷe"@ctz	<http://ids.clld.org/values/9-270-223-3>		<http://ids.clld.org/parameters/9-270>		<http://ids.clld.org/values/9-270-286-3>		"toʔ pahorohot"@pav	
"hʷiʔĩ"@ctz	<http://ids.clld.org/values/9-210-223-1>		<http://ids.clld.org/parameters/9-210>		<http://ids.clld.org/values/9-210-286-1>		"toʔ"@pav	
"kaha"@ctz	<http://ids.clld.org/values/4-750-223-1>		<http://ids.clld.org/parameters/4-750>		<http://ids.clld.org/values/4-750-286-3>		"konoʔ"@pav	
"kaha"@ctz	<http://ids.clld.org/values/4-750-223-1>		<http://ids.clld.org/parameters/4-750>		<http://ids.clld.org/values/4-750-286-1>		"miʔ pin"@pav	
"kē"@ctz	<http://ids.clld.org/values/8-570-223-1>		<http://ids.clld.org/parameters/8-570>		<http://ids.clld.org/values/8-570-286-3>		"wiyein"@pav	
"kē"@ctz	<http://ids.clld.org/values/8-570-223-1>		<http://ids.clld.org/parameters/8-570>		<http://ids.clld.org/values/8-570-286-1>		"piwain"@pav	
"katiʔ"@ctz	<http://ids.clld.org/values/5-160-223-1>		<http://ids.clld.org/parameters/5-160>		<http://ids.clld.org/values/5-160-286-1>		"šok"@pav	
"katiʔ"@ctz	<http://ids.clld.org/values/5-160-223-1>		<http://ids.clld.org/parameters/5-160>		<http://ids.clld.org/values/5-160-286-3>		"šak"@pav	
"tla"@ctz	<http://ids.clld.org/values/14-420-223-1>		<http://ids.clld.org/parameters/14-420>		<http://ids.clld.org/values/14-420-286-1>		"šim"@pav	
"kʷilʸoʔo yu kiʔʸu"@ctz	<http://ids.clld.org/values/2-320-223-1>		<http://ids.clld.org/parameters/2-320>		<http://ids.clld.org/values/2-320-286-1>		"mana"@pav	
"ko"@ctz	<http://ids.clld.org/values/1-740-223-1>		<http://ids.clld.org/parameters/1-740>		<http://ids.clld.org/values/1-740-286-1>		"murukukuʔ"@pav	
"ʔni kala"@ctz	<http://ids.clld.org/values/2-230-223-1>		<http://ids.clld.org/parameters/2-230>		<http://ids.clld.org/values/2-230-286-1>		"taramaʔ"@pav	
"laʔa seʔẽ kʷĩ"@ctz	<http://ids.clld.org/values/12-410-223-1>		<http://ids.clld.org/parameters/12-410>		<http://ids.clld.org/values/12-410-286-1>		"irikwerešiʔ"@pav	
"kʷaʔa kulo toʔo kʷiʔĩ"@ctz	<http://ids.clld.org/values/10-380-223-1>		<http://ids.clld.org/parameters/10-380>		<http://ids.clld.org/values/10-380-286-3>		"hukoʔ"@pav	
"kʷaʔa kulo toʔo kʷiʔĩ"@ctz	<http://ids.clld.org/values/10-380-223-1>		<http://ids.clld.org/parameters/10-380>		<http://ids.clld.org/values/10-380-286-1>		"hu"@pav	
"ndiya čĩʔ"@ctz	<http://ids.clld.org/values/13-181-223-1>		<http://ids.clld.org/parameters/13-181>		<http://ids.clld.org/values/13-181-286-1>		"arakaʔ"@pav	
"kohoʔ"@ctz	<http://ids.clld.org/values/9-223-223-1>		<http://ids.clld.org/parameters/9-223>		<http://ids.clld.org/values/9-223-286-1>		"šukunʔ"@pav	
"tukʷa naʔā̃"@ctz	<http://ids.clld.org/values/10-670-223-1>		<http://ids.clld.org/parameters/10-670>		<http://ids.clld.org/values/10-670-286-1>		"yök"@pav	
"kaʔ"@ctz	<http://ids.clld.org/values/1-430-223-3>		<http://ids.clld.org/parameters/1-430>		<http://ids.clld.org/values/1-430-286-1>		"pana"@pav	
"liʔʸa-"@ctz	<http://ids.clld.org/values/4-270-223-1>		<http://ids.clld.org/parameters/4-270>		<http://ids.clld.org/values/4-270-286-1>		"šišiʔ (yat)"@pav	
"šū̃"@ctz	<http://ids.clld.org/values/20-110-223-1>		<http://ids.clld.org/parameters/20-110>		<http://ids.clld.org/values/20-110-286-1>		"mišita"@pav	
"tlʸaʔ"@ctz	<http://ids.clld.org/values/15-860-223-1>		<http://ids.clld.org/parameters/15-860>		<http://ids.clld.org/values/15-860-286-1>		"šio"@pav	
"tlʸaʔ"@ctz	<http://ids.clld.org/values/15-860-223-1>		<http://ids.clld.org/parameters/15-860>		<http://ids.clld.org/values/15-860-286-3>		"kapinʔ"@pav	
"kita"@ctz	<http://ids.clld.org/values/1-213-223-1>		<http://ids.clld.org/parameters/1-213>		<http://ids.clld.org/values/1-213-286-1>		"tainʔ"@pav	
"tukʷa"@ctz	<http://ids.clld.org/values/13-20-223-1>		<http://ids.clld.org/parameters/13-20>		<http://ids.clld.org/values/13-20-286-1>		"tuku karakan"@pav	
"kunã"@ctz	<http://ids.clld.org/values/15-410-223-1>		<http://ids.clld.org/parameters/15-410>		<http://ids.clld.org/values/15-410-286-1>		"tarayu"@pav	
"kē štʸĩʔ-"@ctz	<http://ids.clld.org/values/4-360-223-1>		<http://ids.clld.org/parameters/4-360>		<http://ids.clld.org/values/4-360-286-1>		"karamašiʔ (karam)"@pav	
"hluʔʷe-"@ctz	<http://ids.clld.org/values/4-392-223-1>		<http://ids.clld.org/parameters/4-392>		<http://ids.clld.org/values/4-392-286-1>		"tapaši"@pav	
"tihi"@ctz	<http://ids.clld.org/values/14-130-223-3>		<http://ids.clld.org/parameters/14-130>		<http://ids.clld.org/values/14-130-286-1>		"šokori"@pav	
"ndukʷĩ ~ hʷĩ"@ctz	<http://ids.clld.org/values/18-220-223-3>		<http://ids.clld.org/parameters/18-220>		<http://ids.clld.org/values/18-220-286-1>		"tomiʔ šoʔ"@pav	
"šneʔ"@ctz	<http://ids.clld.org/values/3-610-223-1>		<http://ids.clld.org/parameters/3-610>		<http://ids.clld.org/values/3-610-286-1>		"oromiyak"@pav	
"siyẽʔ-"@ctz	<http://ids.clld.org/values/4-230-223-1>		<http://ids.clld.org/parameters/4-230>		<http://ids.clld.org/values/4-230-286-1>		"werešiʔ (ut)"@pav	
"ta"@ctz	<http://ids.clld.org/values/11-210-223-1>		<http://ids.clld.org/parameters/11-210>		<http://ids.clld.org/values/11-210-286-1>		"miʔ"@pav	
"tlʸū"@ctz	<http://ids.clld.org/values/10-230-223-3>		<http://ids.clld.org/parameters/10-230>		<http://ids.clld.org/values/10-230-286-3>		"kamaraʔ"@pav	
"tlʸū"@ctz	<http://ids.clld.org/values/10-230-223-3>		<http://ids.clld.org/parameters/10-230>		<http://ids.clld.org/values/10-230-286-1>		"panʔ"@pav	
"ntẽ"@ctz	<http://ids.clld.org/values/2-100-223-1>		<http://ids.clld.org/parameters/2-100>		<http://ids.clld.org/values/2-100-286-1>		"wariʔ"@pav	
"yka"@ctz	<http://ids.clld.org/values/8-600-223-1>		<http://ids.clld.org/parameters/8-600>		<http://ids.clld.org/values/8-600-286-1>		"pana"@pav	
"kahaʔ"@ctz	<http://ids.clld.org/values/4-610-223-1>		<http://ids.clld.org/parameters/4-610>		<http://ids.clld.org/values/4-610-286-1>		"piʔam"@pav	
"kula"@ctz	<http://ids.clld.org/values/14-150-223-1>		<http://ids.clld.org/parameters/14-150>		<http://ids.clld.org/values/14-150-286-1>		"maraʔ"@pav	
"kula"@ctz	<http://ids.clld.org/values/14-150-223-1>		<http://ids.clld.org/parameters/14-150>		<http://ids.clld.org/values/14-150-286-3>		"horon"@pav	
"kūʔ"@ctz	<http://ids.clld.org/values/15-880-223-1>		<http://ids.clld.org/parameters/15-880>		<http://ids.clld.org/values/15-880-286-1>		"mišem"@pav	
"štʸi"@ctz	<http://ids.clld.org/values/12-140-223-3>		<http://ids.clld.org/parameters/12-140>		<http://ids.clld.org/values/12-140-286-1>		"teremʔ"@pav	
"štʸi"@ctz	<http://ids.clld.org/values/12-140-223-3>		<http://ids.clld.org/parameters/12-140>		<http://ids.clld.org/values/12-140-286-3>		"tokoʔ"@pav	
"kʷa"@ctz	<http://ids.clld.org/values/13-107-223-1>		<http://ids.clld.org/parameters/13-107>		<http://ids.clld.org/values/13-107-286-1>		"piyimʔ"@pav	
"sɲī"@ctz	<http://ids.clld.org/values/1-830-223-1>		<http://ids.clld.org/parameters/1-830>		<http://ids.clld.org/values/1-830-286-1>		"tainʔ"@pav	
"kitʸĩ-"@ctz	<http://ids.clld.org/values/4-393-223-1>		<http://ids.clld.org/parameters/4-393>		<http://ids.clld.org/values/4-393-286-1>		"tenenein (šun)"@pav	
"kula tuʔʷa"@ctz	<http://ids.clld.org/values/18-120-223-1>		<http://ids.clld.org/parameters/18-120>		<http://ids.clld.org/values/18-120-286-1>		"kom"@pav	
"kuši"@ctz	<http://ids.clld.org/values/16-720-223-1>		<http://ids.clld.org/parameters/16-720>		<http://ids.clld.org/values/16-720-286-1>		"kayi"@pav	
"kulo tiʔa tuʔʷa"@ctz	<http://ids.clld.org/values/4-560-223-1>		<http://ids.clld.org/parameters/4-560>		<http://ids.clld.org/values/4-560-286-1>		"hupaʔ"@pav	
"nguti"@ctz	<http://ids.clld.org/values/5-710-223-1>		<http://ids.clld.org/parameters/5-710>		<http://ids.clld.org/values/5-710-286-3>		"winain"@pav	
"nguti"@ctz	<http://ids.clld.org/values/5-710-223-1>		<http://ids.clld.org/parameters/5-710>		<http://ids.clld.org/values/5-710-286-1>		"memem"@pav	
"kʷičā"@ctz	<http://ids.clld.org/values/1-520-223-1>		<http://ids.clld.org/parameters/1-520>		<http://ids.clld.org/values/1-520-286-1>		"šina"@pav	
"ɲaʔã"@ctz	<http://ids.clld.org/values/15-510-223-1>		<http://ids.clld.org/parameters/15-510>		<http://ids.clld.org/values/15-510-286-1>		"kerek"@pav	
"hlʸo tiʔ"@ctz	<http://ids.clld.org/values/17-170-223-1>		<http://ids.clld.org/parameters/17-170>		<http://ids.clld.org/values/17-170-286-1>		"tašiʔ"@pav	
"hlʸo tiʔ"@ctz	<http://ids.clld.org/values/17-170-223-1>		<http://ids.clld.org/parameters/17-170>		<http://ids.clld.org/values/17-170-286-3>		"kerek"@pav	
"hlʸo tiʔ"@ctz	<http://ids.clld.org/values/17-170-223-1>		<http://ids.clld.org/parameters/17-170>		<http://ids.clld.org/values/17-170-286-5>		"kerek pinʔ"@pav	
"lc̷aʔ"@ctz	<http://ids.clld.org/values/15-830-223-1>		<http://ids.clld.org/parameters/15-830>		<http://ids.clld.org/values/15-830-286-1>		"šoʔ"@pav	
"lc̷eʔ-"@ctz	<http://ids.clld.org/values/4-260-223-1>		<http://ids.clld.org/parameters/4-260>		<http://ids.clld.org/values/4-260-286-1>		"petehwet nešiʔ (petehwet)"@pav	
"tʸaʔã kuta"@ctz	<http://ids.clld.org/values/20-610-223-3>		<http://ids.clld.org/parameters/20-610>		<http://ids.clld.org/values/20-610-286-1>		"yiʔam"@pav	
