"йиIий йоI"@inh	<http://ids.clld.org/values/2-490-516-1>		<http://ids.clld.org/parameters/2-490>		<http://ids.clld.org/values/2-490-823-1>		"cw.3"@scb-x-rucc1239	
"воти"@inh	<http://ids.clld.org/values/2-511-516-1>		<http://ids.clld.org/parameters/2-511>		<http://ids.clld.org/values/2-511-823-1>		"ta.1"@scb-x-rucc1239	
"воти"@inh	<http://ids.clld.org/values/2-511-516-1>		<http://ids.clld.org/parameters/2-511>		<http://ids.clld.org/values/2-511-823-2>		"ta.1"@scb-x-rucc1239	
"воти"@inh	<http://ids.clld.org/values/2-511-516-1>		<http://ids.clld.org/parameters/2-511>		<http://ids.clld.org/values/2-511-823-3>		"kw.4"@scb-x-rucc1239	
"кхалсаг"@inh	<http://ids.clld.org/values/2-220-516-1>		<http://ids.clld.org/parameters/2-220>		<http://ids.clld.org/values/2-220-823-1>		"pukj.3"@scb-x-rucc1239	
"йитар"@inh	<http://ids.clld.org/values/2-341-516-1>		<http://ids.clld.org/parameters/2-341>		<http://ids.clld.org/values/2-341-823-1>		"ßɨʌt.4"@scb-x-rucc1239	
"гув"@inh	<http://ids.clld.org/values/1-220-516-3>		<http://ids.clld.org/parameters/1-220>		<http://ids.clld.org/values/1-220-823-2>		"do:l.1"@scb-x-rucc1239	
"гув"@inh	<http://ids.clld.org/values/1-220-516-3>		<http://ids.clld.org/parameters/1-220>		<http://ids.clld.org/values/1-220-823-1>		"cɨ:t.3"@scb-x-rucc1239	
"воI"@inh	<http://ids.clld.org/values/2-410-516-1>		<http://ids.clld.org/parameters/2-410>		<http://ids.clld.org/values/2-410-823-1>		"kɔ:n.1 puku:ń.3"@scb-x-rucc1239	
"зIамагIвола воша"@inh	<http://ids.clld.org/values/2-445-516-1>		<http://ids.clld.org/parameters/2-445>		<http://ids.clld.org/values/2-445-823-1>		"ceɛ.4"@scb-x-rucc1239	
"дос"@inh	<http://ids.clld.org/values/1-880-516-3>		<http://ids.clld.org/parameters/1-880>		<http://ids.clld.org/values/1-880-823-1>		"ku:r.1"@scb-x-rucc1239	
"шаьра аре"@inh	<http://ids.clld.org/values/1-240-516-1>		<http://ids.clld.org/parameters/1-240>		<http://ids.clld.org/values/1-240-823-1>		"ulu:ŋ.1"@scb-x-rucc1239	
"йиIиг"@inh	<http://ids.clld.org/values/2-260-516-1>		<http://ids.clld.org/parameters/2-260>		<http://ids.clld.org/values/2-260-823-1>		"puma:j.3"@scb-x-rucc1239	
"хьагIар"@inh	<http://ids.clld.org/values/1-280-516-1>		<http://ids.clld.org/parameters/1-280>		<http://ids.clld.org/values/1-280-823-1>		"kɨ:p.4"@scb-x-rucc1239	
"бер"@inh	<http://ids.clld.org/values/2-270-516-1>		<http://ids.clld.org/parameters/2-270>		<http://ids.clld.org/values/2-270-823-1>		"kɔ:n.1"@scb-x-rucc1239	
"Iаьржа морх"@inh	<http://ids.clld.org/values/1-730-516-3>		<http://ids.clld.org/parameters/1-730>		<http://ids.clld.org/values/1-730-823-1>		"məl.1"@scb-x-rucc1239	
"догIа"@inh	<http://ids.clld.org/values/1-750-516-1>		<http://ids.clld.org/parameters/1-750>		<http://ids.clld.org/values/1-750-823-1>		"kəməa.2"@scb-x-rucc1239	
"ве"@inh	<http://ids.clld.org/values/4-760-516-1>		<http://ids.clld.org/parameters/4-760>		<http://ids.clld.org/values/4-760-823-1>		"kacit"@scb-x-rucc1239	
"муI"@inh	<http://ids.clld.org/values/4-170-516-1>		<http://ids.clld.org/parameters/4-170>		<http://ids.clld.org/values/4-170-823-1>		"krɨŋ"@scb-x-rucc1239	
"дахча"@inh	<http://ids.clld.org/values/1-430-516-1>		<http://ids.clld.org/parameters/1-430>		<http://ids.clld.org/values/1-430-823-1>		"kəʌj.2"@scb-x-rucc1239	
"маьре яха"@inh	<http://ids.clld.org/values/2-330-516-3>		<http://ids.clld.org/parameters/2-330>		<http://ids.clld.org/values/2-330-823-2>		"lj.4 maku:ń.3"@scb-x-rucc1239	
"маьре яха"@inh	<http://ids.clld.org/values/2-330-516-3>		<http://ids.clld.org/parameters/2-330>		<http://ids.clld.org/values/2-330-823-3>		"dɔ:ŋ.1"@scb-x-rucc1239	
"маьре яха"@inh	<http://ids.clld.org/values/2-330-516-3>		<http://ids.clld.org/parameters/2-330>		<http://ids.clld.org/values/2-330-823-1>		"lj.4 makj.3"@scb-x-rucc1239	
"маIсаг"@inh	<http://ids.clld.org/values/2-210-516-1>		<http://ids.clld.org/parameters/2-210>		<http://ids.clld.org/values/2-210-823-1>		"puku:ń.3"@scb-x-rucc1239	
"зIамагIйола йиша"@inh	<http://ids.clld.org/values/2-455-516-1>		<http://ids.clld.org/parameters/2-455>		<http://ids.clld.org/values/2-455-823-1>		"ceɛ.$"@scb-x-rucc1239	
"мух"@inh	<http://ids.clld.org/values/1-720-516-1>		<http://ids.clld.org/parameters/1-720>		<http://ids.clld.org/values/1-720-823-1>		"kajɔ.3"@scb-x-rucc1239	
"хьу"@inh	<http://ids.clld.org/values/1-410-516-1>		<http://ids.clld.org/parameters/1-410>		<http://ids.clld.org/values/1-410-823-1>		"brw.3"@scb-x-rucc1239	
"доагаде"@inh	<http://ids.clld.org/values/1-851-516-1>		<http://ids.clld.org/parameters/1-851>		<http://ids.clld.org/values/1-851-823-1>		"tu:c.3"@scb-x-rucc1239	
"мIад (хотта)"@inh	<http://ids.clld.org/values/1-214-516-1>		<http://ids.clld.org/parameters/1-214>		<http://ids.clld.org/values/1-214-823-1>		"la:r.4"@scb-x-rucc1239	
"борш"@inh	<http://ids.clld.org/values/2-230-516-3>		<http://ids.clld.org/parameters/2-230>		<http://ids.clld.org/values/2-230-823-1>		"tɨk.4"@scb-x-rucc1239	
"дади"@inh	<http://ids.clld.org/values/2-460-516-1>		<http://ids.clld.org/parameters/2-460>		<http://ids.clld.org/values/2-460-823-1>		"pw.1"@scb-x-rucc1239	
"дади"@inh	<http://ids.clld.org/values/2-460-516-1>		<http://ids.clld.org/parameters/2-460>		<http://ids.clld.org/values/2-460-823-2>		"ta.1"@scb-x-rucc1239	
"айме"@inh	<http://ids.clld.org/values/1-362-516-1>		<http://ids.clld.org/parameters/1-362>		<http://ids.clld.org/values/1-362-823-1>		"da:k.3 thuəj.3"@scb-x-rucc1239	
"се"@inh	<http://ids.clld.org/values/2-240-516-3>		<http://ids.clld.org/parameters/2-240>		<http://ids.clld.org/values/2-240-823-1>		"kj.3"@scb-x-rucc1239	
"а"@inh	<http://ids.clld.org/values/17-560-516-1>		<http://ids.clld.org/parameters/17-560>		<http://ids.clld.org/values/17-560-823-1>		"lata.3"@scb-x-rucc1239	
"лаьтта"@inh	<http://ids.clld.org/values/1-212-516-1>		<http://ids.clld.org/parameters/1-212>		<http://ids.clld.org/values/1-212-823-1>		"bə:n.3"@scb-x-rucc1239	
"йоккхагIйола йиша"@inh	<http://ids.clld.org/values/2-454-516-1>		<http://ids.clld.org/parameters/2-454>		<http://ids.clld.org/values/2-454-823-1>		"cj.4"@scb-x-rucc1239	
"йокъ"@inh	<http://ids.clld.org/values/1-840-516-1>		<http://ids.clld.org/parameters/1-840>		<http://ids.clld.org/values/1-840-823-1>		"tapeh.1"@scb-x-rucc1239	
"ди"@inh	<http://ids.clld.org/values/1-560-516-1>		<http://ids.clld.org/parameters/1-560>		<http://ids.clld.org/values/1-560-823-1>		"krɨ:m.4"@scb-x-rucc1239	
"хьаст корта"@inh	<http://ids.clld.org/values/1-370-516-3>		<http://ids.clld.org/parameters/1-370>		<http://ids.clld.org/values/1-370-823-1>		"ru:k.4"@scb-x-rucc1239	
"къоано"@inh	<http://ids.clld.org/values/2-461-516-1>		<http://ids.clld.org/parameters/2-461>		<http://ids.clld.org/values/2-461-823-1>		"ʔo:ŋ.1 kuməʌk.4"@scb-x-rucc1239	
"берд"@inh	<http://ids.clld.org/values/1-270-516-1>		<http://ids.clld.org/parameters/1-270>		<http://ids.clld.org/values/1-270-823-1>		"kupə:ŋ.1"@scb-x-rucc1239	
"дарз хьакхар"@inh	<http://ids.clld.org/values/1-580-516-3>		<http://ids.clld.org/parameters/1-580>		<http://ids.clld.org/values/1-580-823-1>		"pa:w.4"@scb-x-rucc1239	
"дода хий"@inh	<http://ids.clld.org/values/1-360-516-3>		<http://ids.clld.org/parameters/1-360>		<http://ids.clld.org/values/1-360-823-1>		"ju:ŋ.4"@scb-x-rucc1239	
"дода хий"@inh	<http://ids.clld.org/values/1-360-516-3>		<http://ids.clld.org/parameters/1-360>		<http://ids.clld.org/values/1-360-823-2>		"cərɔ:k.3"@scb-x-rucc1239	
"дом"@inh	<http://ids.clld.org/values/1-213-516-1>		<http://ids.clld.org/parameters/1-213>		<http://ids.clld.org/values/1-213-823-1>		"kəhɔ:j.3"@scb-x-rucc1239	
"наьна-нана"@inh	<http://ids.clld.org/values/2-470-516-5>		<http://ids.clld.org/parameters/2-470>		<http://ids.clld.org/values/2-470-823-1>		"za.1"@scb-x-rucc1239	
"наьна-нана"@inh	<http://ids.clld.org/values/2-470-516-5>		<http://ids.clld.org/parameters/2-470>		<http://ids.clld.org/values/2-470-823-2>		"na:j.1"@scb-x-rucc1239	
"седкъа"@inh	<http://ids.clld.org/values/1-540-516-1>		<http://ids.clld.org/parameters/1-540>		<http://ids.clld.org/values/1-540-823-1>		"kumi:ŋ.1"@scb-x-rucc1239	
"селаIад"@inh	<http://ids.clld.org/values/1-590-516-1>		<http://ids.clld.org/parameters/1-590>		<http://ids.clld.org/values/1-590-823-1>		"ro:ŋ.1"@scb-x-rucc1239	
"дахча"@inh	<http://ids.clld.org/values/1-880-516-1>		<http://ids.clld.org/parameters/1-880>		<http://ids.clld.org/values/1-880-823-1>		"ku:r.1"@scb-x-rucc1239	
"йиший йоI"@inh	<http://ids.clld.org/values/2-540-516-3>		<http://ids.clld.org/parameters/2-540>		<http://ids.clld.org/values/2-540-823-1>		"cw.3"@scb-x-rucc1239	
"кIур"@inh	<http://ids.clld.org/values/1-830-516-1>		<http://ids.clld.org/parameters/1-830>		<http://ids.clld.org/values/1-830-823-1>		"kahɔ:j.3"@scb-x-rucc1239	
"кIур"@inh	<http://ids.clld.org/values/1-830-516-1>		<http://ids.clld.org/parameters/1-830>		<http://ids.clld.org/values/1-830-823-2>		"camaŋ.1"@scb-x-rucc1239	
"кIур"@inh	<http://ids.clld.org/values/1-830-516-1>		<http://ids.clld.org/parameters/1-830>		<http://ids.clld.org/values/1-830-823-3>		"patj.1"@scb-x-rucc1239	
"вещий воI"@inh	<http://ids.clld.org/values/2-530-516-1>		<http://ids.clld.org/parameters/2-530>		<http://ids.clld.org/values/2-530-823-1>		"cw.3"@scb-x-rucc1239	
"ахка"@inh	<http://ids.clld.org/values/1-222-516-3>		<http://ids.clld.org/parameters/1-222>		<http://ids.clld.org/values/1-222-823-1>		"kupə:ŋ.1"@scb-x-rucc1239	
"йиший воI"@inh	<http://ids.clld.org/values/2-530-516-3>		<http://ids.clld.org/parameters/2-530>		<http://ids.clld.org/values/2-530-823-1>		"cw.3"@scb-x-rucc1239	
"даьци"@inh	<http://ids.clld.org/values/2-522-516-1>		<http://ids.clld.org/parameters/2-522>		<http://ids.clld.org/values/2-522-823-2>		"ʔɔ.1"@scb-x-rucc1239	
"даьци"@inh	<http://ids.clld.org/values/2-522-516-1>		<http://ids.clld.org/parameters/2-522>		<http://ids.clld.org/values/2-522-823-1>		"ja.1"@scb-x-rucc1239	
"маьр-нана"@inh	<http://ids.clld.org/values/2-620-516-1>		<http://ids.clld.org/parameters/2-620>		<http://ids.clld.org/values/2-620-823-1>		"meɛ.4 makj.3"@scb-x-rucc1239	
"тхир"@inh	<http://ids.clld.org/values/1-640-516-1>		<http://ids.clld.org/parameters/1-640>		<http://ids.clld.org/values/1-640-823-1>		"da:k.3 mw.2"@scb-x-rucc1239	
"наьна воша"@inh	<http://ids.clld.org/values/2-511-516-3>		<http://ids.clld.org/parameters/2-511>		<http://ids.clld.org/values/2-511-823-1>		"ta.1"@scb-x-rucc1239	
"наьна воша"@inh	<http://ids.clld.org/values/2-511-516-3>		<http://ids.clld.org/parameters/2-511>		<http://ids.clld.org/values/2-511-823-2>		"ta.1"@scb-x-rucc1239	
"наьна воша"@inh	<http://ids.clld.org/values/2-511-516-3>		<http://ids.clld.org/parameters/2-511>		<http://ids.clld.org/values/2-511-823-3>		"kw.4"@scb-x-rucc1239	
"наьна-да"@inh	<http://ids.clld.org/values/2-460-516-5>		<http://ids.clld.org/parameters/2-460>		<http://ids.clld.org/values/2-460-823-1>		"pw.1"@scb-x-rucc1239	
"наьна-да"@inh	<http://ids.clld.org/values/2-460-516-5>		<http://ids.clld.org/parameters/2-460>		<http://ids.clld.org/values/2-460-823-2>		"ta.1"@scb-x-rucc1239	
"морх"@inh	<http://ids.clld.org/values/1-730-516-1>		<http://ids.clld.org/parameters/1-730>		<http://ids.clld.org/values/1-730-823-1>		"məl.1"@scb-x-rucc1239	
"малх"@inh	<http://ids.clld.org/values/1-520-516-1>		<http://ids.clld.org/parameters/1-520>		<http://ids.clld.org/values/1-520-823-1>		"məʌt.4 kara:ŋ.1"@scb-x-rucc1239	
"йиш-воша"@inh	<http://ids.clld.org/values/2-456-516-1>		<http://ids.clld.org/parameters/2-456>		<http://ids.clld.org/values/2-456-823-1>		"ceɛ.4 məaŋ.4"@scb-x-rucc1239	
"саг йоалйе"@inh	<http://ids.clld.org/values/2-330-516-1>		<http://ids.clld.org/parameters/2-330>		<http://ids.clld.org/values/2-330-823-2>		"lj.4 maku:ń.3"@scb-x-rucc1239	
"саг йоалйе"@inh	<http://ids.clld.org/values/2-330-516-1>		<http://ids.clld.org/parameters/2-330>		<http://ids.clld.org/values/2-330-823-3>		"dɔ:ŋ.1"@scb-x-rucc1239	
"саг йоалйе"@inh	<http://ids.clld.org/values/2-330-516-1>		<http://ids.clld.org/parameters/2-330>		<http://ids.clld.org/values/2-330-823-1>		"lj.4 makj.3"@scb-x-rucc1239	
"дахчан кIор"@inh	<http://ids.clld.org/values/1-890-516-1>		<http://ids.clld.org/parameters/1-890>		<http://ids.clld.org/values/1-890-823-1>		"laŋ.caŋ.1"@scb-x-rucc1239	
"лотаде"@inh	<http://ids.clld.org/values/1-860-516-1>		<http://ids.clld.org/parameters/1-860>		<http://ids.clld.org/values/1-860-823-1>		"tu:c.3"@scb-x-rucc1239	
"да"@inh	<http://ids.clld.org/values/2-350-516-1>		<http://ids.clld.org/parameters/2-350>		<http://ids.clld.org/values/2-350-823-1>		"pɨ.4"@scb-x-rucc1239	
"лоам"@inh	<http://ids.clld.org/values/1-220-516-1>		<http://ids.clld.org/parameters/1-220>		<http://ids.clld.org/values/1-220-823-2>		"do:l.1"@scb-x-rucc1239	
"лоам"@inh	<http://ids.clld.org/values/1-220-516-1>		<http://ids.clld.org/parameters/1-220>		<http://ids.clld.org/values/1-220-823-1>		"cɨ:t.3"@scb-x-rucc1239	
"бутт"@inh	<http://ids.clld.org/values/1-530-516-1>		<http://ids.clld.org/parameters/1-530>		<http://ids.clld.org/values/1-530-823-1>		"puləan.2"@scb-x-rucc1239	
"ди къовкар"@inh	<http://ids.clld.org/values/1-560-516-3>		<http://ids.clld.org/parameters/1-560>		<http://ids.clld.org/values/1-560-823-1>		"krɨ:m.4"@scb-x-rucc1239	
"чоп"@inh	<http://ids.clld.org/values/1-324-516-1>		<http://ids.clld.org/parameters/1-324>		<http://ids.clld.org/values/1-324-823-1>		"pɔh.pɔh.1"@scb-x-rucc1239	
"воккха саг"@inh	<http://ids.clld.org/values/2-461-516-3>		<http://ids.clld.org/parameters/2-461>		<http://ids.clld.org/values/2-461-823-1>		"ʔo:ŋ.1 kuməʌk.4"@scb-x-rucc1239	
"кхал"@inh	<http://ids.clld.org/values/2-240-516-1>		<http://ids.clld.org/parameters/2-240>		<http://ids.clld.org/values/2-240-823-1>		"kj.3"@scb-x-rucc1239	
"маIа"@inh	<http://ids.clld.org/values/2-230-516-1>		<http://ids.clld.org/parameters/2-230>		<http://ids.clld.org/values/2-230-823-1>		"tɨk.4"@scb-x-rucc1239	
"саг"@inh	<http://ids.clld.org/values/2-100-516-1>		<http://ids.clld.org/parameters/2-100>		<http://ids.clld.org/values/2-100-823-1>		"ŋa:j.2"@scb-x-rucc1239	
"воакхагIавола воша"@inh	<http://ids.clld.org/values/2-444-516-1>		<http://ids.clld.org/parameters/2-444>		<http://ids.clld.org/values/2-444-823-1>		"məaŋ.4"@scb-x-rucc1239	
"гака"@inh	<http://ids.clld.org/values/2-280-516-1>		<http://ids.clld.org/parameters/2-280>		<http://ids.clld.org/values/2-280-823-1>		"pucɔ:j.3"@scb-x-rucc1239	
"мохк"@inh	<http://ids.clld.org/values/1-210-516-1>		<http://ids.clld.org/parameters/1-210>		<http://ids.clld.org/values/1-210-823-1>		"bə:n.3"@scb-x-rucc1239	
"уст-нана"@inh	<http://ids.clld.org/values/2-621-516-1>		<http://ids.clld.org/parameters/2-621>		<http://ids.clld.org/values/2-621-823-1>		"meɛ.4 maku:ń.3"@scb-x-rucc1239	
"йоI"@inh	<http://ids.clld.org/values/2-261-516-1>		<http://ids.clld.org/parameters/2-261>		<http://ids.clld.org/values/2-261-823-1>		"puma:j.3"@scb-x-rucc1239	
"хьаст"@inh	<http://ids.clld.org/values/1-370-516-1>		<http://ids.clld.org/parameters/1-370>		<http://ids.clld.org/values/1-370-823-1>		"ru:k.4"@scb-x-rucc1239	
"даь-да"@inh	<http://ids.clld.org/values/2-460-516-3>		<http://ids.clld.org/parameters/2-460>		<http://ids.clld.org/values/2-460-823-1>		"pw.1"@scb-x-rucc1239	
"даь-да"@inh	<http://ids.clld.org/values/2-460-516-3>		<http://ids.clld.org/parameters/2-460>		<http://ids.clld.org/values/2-460-823-2>		"ta.1"@scb-x-rucc1239	
"даь-воша"@inh	<http://ids.clld.org/values/2-512-516-3>		<http://ids.clld.org/parameters/2-512>		<http://ids.clld.org/values/2-512-823-1>		"pw.2"@scb-x-rucc1239	
"даь-воша"@inh	<http://ids.clld.org/values/2-512-516-3>		<http://ids.clld.org/parameters/2-512>		<http://ids.clld.org/values/2-512-823-2>		"poɔ.4"@scb-x-rucc1239	
"цIи"@inh	<http://ids.clld.org/values/1-810-516-1>		<http://ids.clld.org/parameters/1-810>		<http://ids.clld.org/values/1-810-823-1>		"ku:r.1"@scb-x-rucc1239	
"дохк"@inh	<http://ids.clld.org/values/1-740-516-1>		<http://ids.clld.org/parameters/1-740>		<http://ids.clld.org/values/1-740-823-1>		"tulu:k.3"@scb-x-rucc1239	
"тоатолг"@inh	<http://ids.clld.org/values/1-360-516-5>		<http://ids.clld.org/parameters/1-360>		<http://ids.clld.org/values/1-360-823-1>		"ju:ŋ.4"@scb-x-rucc1239	
"тоатолг"@inh	<http://ids.clld.org/values/1-360-516-5>		<http://ids.clld.org/parameters/1-360>		<http://ids.clld.org/values/1-360-823-2>		"cərɔ:k.3"@scb-x-rucc1239	
"сесаг"@inh	<http://ids.clld.org/values/2-320-516-1>		<http://ids.clld.org/parameters/2-320>		<http://ids.clld.org/values/2-320-823-1>		"makj.3"@scb-x-rucc1239	
"йоI"@inh	<http://ids.clld.org/values/2-420-516-1>		<http://ids.clld.org/parameters/2-420>		<http://ids.clld.org/values/2-420-823-1>		"kɔ:n.1 pukj.3"@scb-x-rucc1239	
"чхар"@inh	<http://ids.clld.org/values/1-222-516-1>		<http://ids.clld.org/parameters/1-222>		<http://ids.clld.org/values/1-222-823-1>		"kupə:ŋ.1"@scb-x-rucc1239	
"сигале"@inh	<http://ids.clld.org/values/1-510-516-1>		<http://ids.clld.org/parameters/1-510>		<http://ids.clld.org/values/1-510-823-1>		"plə:j.2"@scb-x-rucc1239	
"даь-нана"@inh	<http://ids.clld.org/values/2-470-516-3>		<http://ids.clld.org/parameters/2-470>		<http://ids.clld.org/values/2-470-823-1>		"za.1"@scb-x-rucc1239	
"даь-нана"@inh	<http://ids.clld.org/values/2-470-516-3>		<http://ids.clld.org/parameters/2-470>		<http://ids.clld.org/values/2-470-823-2>		"na:j.1"@scb-x-rucc1239	
"дарз"@inh	<http://ids.clld.org/values/1-580-516-1>		<http://ids.clld.org/parameters/1-580>		<http://ids.clld.org/values/1-580-823-1>		"pa:w.4"@scb-x-rucc1239	
"ондарг"@inh	<http://ids.clld.org/values/2-251-516-1>		<http://ids.clld.org/parameters/2-251>		<http://ids.clld.org/values/2-251-823-1>		"ba:w.1"@scb-x-rucc1239	
"нани"@inh	<http://ids.clld.org/values/2-470-516-1>		<http://ids.clld.org/parameters/2-470>		<http://ids.clld.org/values/2-470-823-1>		"za.1"@scb-x-rucc1239	
"нани"@inh	<http://ids.clld.org/values/2-470-516-1>		<http://ids.clld.org/parameters/2-470>		<http://ids.clld.org/values/2-470-823-2>		"na:j.1"@scb-x-rucc1239	
"тIоа"@inh	<http://ids.clld.org/values/1-550-516-1>		<http://ids.clld.org/parameters/1-550>		<http://ids.clld.org/values/1-550-823-1>		"ala:r.3"@scb-x-rucc1239	
"йоккха саг"@inh	<http://ids.clld.org/values/2-471-516-1>		<http://ids.clld.org/parameters/2-471>		<http://ids.clld.org/values/2-471-823-1>		"moɔ.4 kuməʌk.4"@scb-x-rucc1239	
"Iи (Iинд��ргIа)"@inh	<http://ids.clld.org/values/1-630-516-1>		<http://ids.clld.org/parameters/1-630>		<http://ids.clld.org/values/1-630-823-1>		"pɔ:ŋ.3"@scb-x-rucc1239	
"кхуркхолг"@inh	<http://ids.clld.org/values/1-390-516-1>		<http://ids.clld.org/parameters/1-390>		<http://ids.clld.org/values/1-390-823-1>		"tha:k.3 da:k.3"@scb-x-rucc1239	
"кIаьнк"@inh	<http://ids.clld.org/values/2-250-516-1>		<http://ids.clld.org/parameters/2-250>		<http://ids.clld.org/values/2-250-823-1>		"ba:w.1"@scb-x-rucc1239	
"виIиI воI"@inh	<http://ids.clld.org/values/2-480-516-1>		<http://ids.clld.org/parameters/2-480>		<http://ids.clld.org/values/2-480-823-1>		"cw.3"@scb-x-rucc1239	
"берда йисте"@inh	<http://ids.clld.org/values/1-270-516-3>		<http://ids.clld.org/parameters/1-270>		<http://ids.clld.org/values/1-270-823-1>		"kupə:ŋ.1"@scb-x-rucc1239	
"хий"@inh	<http://ids.clld.org/values/1-360-516-1>		<http://ids.clld.org/parameters/1-360>		<http://ids.clld.org/values/1-360-823-1>		"ju:ŋ.4"@scb-x-rucc1239	
"хий"@inh	<http://ids.clld.org/values/1-360-516-1>		<http://ids.clld.org/parameters/1-360>		<http://ids.clld.org/values/1-360-823-2>		"cərɔ:k.3"@scb-x-rucc1239	
"хий"@inh	<http://ids.clld.org/values/1-310-516-1>		<http://ids.clld.org/parameters/1-310>		<http://ids.clld.org/values/1-310-823-1>		"da:k.3"@scb-x-rucc1239	
"дай"@inh	<http://ids.clld.org/values/2-560-516-1>		<http://ids.clld.org/parameters/2-560>		<http://ids.clld.org/values/2-560-823-1>		"ʔo:ŋ.1 pluok.4"@scb-x-rucc1239	
"веший йоI"@inh	<http://ids.clld.org/values/2-540-516-1>		<http://ids.clld.org/parameters/2-540>		<http://ids.clld.org/values/2-540-823-1>		"cw.3"@scb-x-rucc1239	
"дага"@inh	<http://ids.clld.org/values/1-852-516-1>		<http://ids.clld.org/parameters/1-852>		<http://ids.clld.org/values/1-852-823-1>		"kɨcɔh.1"@scb-x-rucc1239	
"воти"@inh	<http://ids.clld.org/values/2-512-516-1>		<http://ids.clld.org/parameters/2-512>		<http://ids.clld.org/values/2-512-823-1>		"pw.2"@scb-x-rucc1239	
"воти"@inh	<http://ids.clld.org/values/2-512-516-1>		<http://ids.clld.org/parameters/2-512>		<http://ids.clld.org/values/2-512-823-2>		"poɔ.4"@scb-x-rucc1239	
"наьци"@inh	<http://ids.clld.org/values/2-521-516-1>		<http://ids.clld.org/parameters/2-521>		<http://ids.clld.org/values/2-521-823-1>		"na:j.1"@scb-x-rucc1239	
"наьци"@inh	<http://ids.clld.org/values/2-521-516-1>		<http://ids.clld.org/parameters/2-521>		<http://ids.clld.org/values/2-521-823-2>		"mɨ.4"@scb-x-rucc1239	
"уст-да"@inh	<http://ids.clld.org/values/2-611-516-1>		<http://ids.clld.org/parameters/2-611>		<http://ids.clld.org/values/2-611-823-1>		"pɨ.4 maju:ń.3"@scb-x-rucc1239	
"мар"@inh	<http://ids.clld.org/values/2-310-516-1>		<http://ids.clld.org/parameters/2-310>		<http://ids.clld.org/values/2-310-823-1>		"məku:ń.3"@scb-x-rucc1239	
"гIув"@inh	<http://ids.clld.org/values/1-370-516-5>		<http://ids.clld.org/parameters/1-370>		<http://ids.clld.org/values/1-370-823-1>		"ru:k.4"@scb-x-rucc1239	
"гIум"@inh	<http://ids.clld.org/values/1-215-516-1>		<http://ids.clld.org/parameters/1-215>		<http://ids.clld.org/values/1-215-823-1>		"təka:c.3"@scb-x-rucc1239	
"маьр-да"@inh	<http://ids.clld.org/values/2-610-516-1>		<http://ids.clld.org/parameters/2-610>		<http://ids.clld.org/values/2-610-823-1>		"pɨ.4 makj.#"@scb-x-rucc1239	
