"мучІ"@huz	<http://ids.clld.org/values/4-140-52-1>		<http://ids.clld.org/parameters/4-140>		<http://ids.clld.org/values/4-140-293-1>		"ii-kʰĩ"@ram	
"къере эча"@huz	<http://ids.clld.org/values/12-130-52-1>		<http://ids.clld.org/parameters/12-130>		<http://ids.clld.org/values/12-130-293-1>		"yə̃ (yɨ̃ ?)"@ram	
"цІаᴴъа"@huz	<http://ids.clld.org/values/20-240-52-1>		<http://ids.clld.org/parameters/20-240>		<http://ids.clld.org/values/20-240-293-1>		"kuuhe"@ram	
"гьа̇кла"@huz	<http://ids.clld.org/values/11-310-52-1>		<http://ids.clld.org/parameters/11-310>		<http://ids.clld.org/values/11-310-293-1>		"lɨ̃t"@ram	
"таммаку"@huz	<http://ids.clld.org/values/8-680-52-1>		<http://ids.clld.org/parameters/8-680>		<http://ids.clld.org/values/8-680-293-1>		"parho"@ram	
"хъохъору"@huz	<http://ids.clld.org/values/15-840-52-1>		<http://ids.clld.org/parameters/15-840>		<http://ids.clld.org/values/15-840-293-1>		"krə"@ram	
"хъохъору"@huz	<http://ids.clld.org/values/15-840-52-1>		<http://ids.clld.org/parameters/15-840>		<http://ids.clld.org/values/15-840-293-3>		"(kʰra ?)"@ram	
"булІу"@huz	<http://ids.clld.org/values/3-350-52-1>		<http://ids.clld.org/parameters/3-350>		<http://ids.clld.org/values/3-350-293-1>		"kʰro"@ram	
"нехус"@huz	<http://ids.clld.org/values/6-380-52-3>		<http://ids.clld.org/parameters/6-380>		<http://ids.clld.org/values/6-380-293-1>		"he-"@ram	
"нехус"@huz	<http://ids.clld.org/values/6-380-52-3>		<http://ids.clld.org/parameters/6-380>		<http://ids.clld.org/values/6-380-293-3>		"-c̷e- (?)"@ram	
"ийу"@huz	<http://ids.clld.org/values/2-360-52-1>		<http://ids.clld.org/parameters/2-360>		<http://ids.clld.org/values/2-360-293-1>		"-nə̃ə̃"@ram	
"за̇лІе"@huz	<http://ids.clld.org/values/1-720-52-1>		<http://ids.clld.org/parameters/1-720>		<http://ids.clld.org/values/1-720-293-1>		"kʰook"@ram	
"а̇гъа̇ тухъла"@huz	<http://ids.clld.org/values/15-420-52-1>		<http://ids.clld.org/parameters/15-420>		<http://ids.clld.org/values/15-420-293-1>		"k mpa (?)"@ram	
"хъохъдǡс (рахъ)"@huz	<http://ids.clld.org/values/12-420-52-1>		<http://ids.clld.org/parameters/12-420>		<http://ids.clld.org/values/12-420-293-1>		"aw-kʰɛ"@ram	
"гъал"@huz	<http://ids.clld.org/values/3-750-52-1>		<http://ids.clld.org/parameters/3-750>		<http://ids.clld.org/values/3-750-293-1>		"pɔ"@ram	
"гъал"@huz	<http://ids.clld.org/values/3-750-52-1>		<http://ids.clld.org/parameters/3-750>		<http://ids.clld.org/values/3-750-293-3>		"kaarə"@ram	
"гІумру бува"@huz	<http://ids.clld.org/values/4-740-52-1>		<http://ids.clld.org/parameters/4-740>		<http://ids.clld.org/values/4-740-293-1>		"tĩ"@ram	
"азбар"@huz	<http://ids.clld.org/values/7-150-52-1>		<http://ids.clld.org/parameters/7-150>		<http://ids.clld.org/values/7-150-293-1>		"ka-"@ram	
"а̇бу"@huz	<http://ids.clld.org/values/2-350-52-1>		<http://ids.clld.org/parameters/2-350>		<http://ids.clld.org/values/2-350-293-1>		"-pãm"@ram	
"а̇бу"@huz	<http://ids.clld.org/values/2-350-52-1>		<http://ids.clld.org/parameters/2-350>		<http://ids.clld.org/values/2-350-293-3>		"c̷ũ"@ram	
"гІумру бува"@huz	<http://ids.clld.org/values/7-110-52-1>		<http://ids.clld.org/parameters/7-110>		<http://ids.clld.org/values/7-110-293-1>		"kʰrĩ"@ram	
"кІырйу"@huz	<http://ids.clld.org/values/12-740-52-3>		<http://ids.clld.org/parameters/12-740>		<http://ids.clld.org/values/12-740-293-1>		"yakɔt"@ram	
"нише"@huz	<http://ids.clld.org/values/14-420-52-1>		<http://ids.clld.org/parameters/14-420>		<http://ids.clld.org/values/14-420-293-1>		"kac̷wa"@ram	
"рокъу"@huz	<http://ids.clld.org/values/15-810-52-1>		<http://ids.clld.org/parameters/15-810>		<http://ids.clld.org/values/15-810-293-1>		"hũũ-tĩ"@ram	
"бəкІекІа"@huz	<http://ids.clld.org/values/1-851-52-1>		<http://ids.clld.org/parameters/1-851>		<http://ids.clld.org/values/1-851-293-1>		"ka-c̷ər"@ram	
"хулІа"@huz	<http://ids.clld.org/values/5-130-52-1>		<http://ids.clld.org/parameters/5-130>		<http://ids.clld.org/values/5-130-293-1>		"-kʰõ (kʰɔ̃ ?)"@ram	
"боло"@huz	<http://ids.clld.org/values/4-280-52-1>		<http://ids.clld.org/parameters/4-280>		<http://ids.clld.org/values/4-280-293-1>		"ii-put"@ram	
"къəра"@huz	<http://ids.clld.org/values/2-270-52-1>		<http://ids.clld.org/parameters/2-270>		<http://ids.clld.org/values/2-270-293-1>		"aʔ-kʰra-rɛ"@ram	
"папугай"@huz	<http://ids.clld.org/values/3-592-52-1>		<http://ids.clld.org/parameters/3-592>		<http://ids.clld.org/values/3-592-293-1>		"krɨy-ti"@ram	
"дагьаб"@huz	<http://ids.clld.org/values/13-170-52-3>		<http://ids.clld.org/parameters/13-170>		<http://ids.clld.org/values/13-170-293-1>		"kʰɨɨpe-"@ram	
"бежа"@huz	<http://ids.clld.org/values/10-610-52-1>		<http://ids.clld.org/parameters/10-610>		<http://ids.clld.org/values/10-610-293-1>		"pə"@ram	
"кагьриж"@huz	<http://ids.clld.org/values/1-370-52-1>		<http://ids.clld.org/parameters/1-370>		<http://ids.clld.org/values/1-370-293-1>		"kʰwa"@ram	
"сылə"@huz	<http://ids.clld.org/values/4-270-52-1>		<http://ids.clld.org/parameters/4-270>		<http://ids.clld.org/values/4-270-293-1>		"ii-c̷wa"@ram	
"ыцІу"@huz	<http://ids.clld.org/values/14-130-52-1>		<http://ids.clld.org/parameters/14-130>		<http://ids.clld.org/values/14-130-293-1>		"-tuwa"@ram	
"ныдадийа"@huz	<http://ids.clld.org/values/15-410-52-1>		<http://ids.clld.org/parameters/15-410>		<http://ids.clld.org/values/15-410-293-1>		"kʰə̃-pa"@ram	
"ца"@huz	<http://ids.clld.org/values/1-540-52-1>		<http://ids.clld.org/parameters/1-540>		<http://ids.clld.org/values/1-540-293-1>		"kac̷ee-rɛ"@ram	
"ошкІена"@huz	<http://ids.clld.org/values/4-460-52-1>		<http://ids.clld.org/parameters/4-460>		<http://ids.clld.org/values/4-460-293-1>		"ii-tu"@ram	
"дə"@huz	<http://ids.clld.org/values/2-910-52-1>		<http://ids.clld.org/parameters/2-910>		<http://ids.clld.org/values/2-910-293-3>		"wa"@ram	
"дə"@huz	<http://ids.clld.org/values/2-910-52-1>		<http://ids.clld.org/parameters/2-910>		<http://ids.clld.org/values/2-910-293-1>		"pa"@ram	
"пулІа"@huz	<http://ids.clld.org/values/10-380-52-1>		<http://ids.clld.org/parameters/10-380>		<http://ids.clld.org/values/10-380-293-1>		"hakkoo"@ram	
"гьуᴴкьу"@huz	<http://ids.clld.org/values/12-610-52-3>		<http://ids.clld.org/parameters/12-610>		<http://ids.clld.org/values/12-610-293-1>		"iʔ-pɔ"@ram	
"хумух"@huz	<http://ids.clld.org/values/8-540-52-1>		<http://ids.clld.org/parameters/8-540>		<http://ids.clld.org/values/8-540-293-1>		"haare"@ram	
"чІехъ"@huz	<http://ids.clld.org/values/3-581-52-1>		<http://ids.clld.org/parameters/3-581>		<http://ids.clld.org/values/3-581-293-1>		"kɛ̃"@ram	
"быцə"@huz	<http://ids.clld.org/values/4-310-52-1>		<http://ids.clld.org/parameters/4-310>		<http://ids.clld.org/values/4-310-293-1>		"pa"@ram	
"ба̇кІ"@huz	<http://ids.clld.org/values/12-110-52-3>		<http://ids.clld.org/parameters/12-110>		<http://ids.clld.org/values/12-110-293-1>		"-li-"@ram	
"илІа"@huz	<http://ids.clld.org/values/18-120-52-1>		<http://ids.clld.org/parameters/18-120>		<http://ids.clld.org/values/18-120-293-1>		"-krɛ"@ram	
"кІесери"@huz	<http://ids.clld.org/values/4-280-52-3>		<http://ids.clld.org/parameters/4-280>		<http://ids.clld.org/values/4-280-293-1>		"ii-put"@ram	
"пІапІи"@huz	<http://ids.clld.org/values/3-591-52-1>		<http://ids.clld.org/parameters/3-591>		<http://ids.clld.org/values/3-591-293-1>		"c̷ɛprɛ"@ram	
"хъохъла"@huz	<http://ids.clld.org/values/5-970-52-1>		<http://ids.clld.org/parameters/5-970>		<http://ids.clld.org/values/5-970-293-1>		"in-krɛ"@ram	
"əтІəла̄"@huz	<http://ids.clld.org/values/16-670-52-1>		<http://ids.clld.org/parameters/16-670>		<http://ids.clld.org/values/16-670-293-1>		"nõ"@ram	
"бетІергьан"@huz	<http://ids.clld.org/values/2-310-52-1>		<http://ids.clld.org/parameters/2-310>		<http://ids.clld.org/values/2-310-293-1>		"ĩĩ-pyɛ"@ram	
"бысə"@huz	<http://ids.clld.org/values/3-650-52-1>		<http://ids.clld.org/parameters/3-650>		<http://ids.clld.org/values/3-650-293-3>		"krən-"@ram	
"бысə"@huz	<http://ids.clld.org/values/3-650-52-1>		<http://ids.clld.org/parameters/3-650>		<http://ids.clld.org/values/3-650-293-1>		"tɛp"@ram	
"мысу"@huz	<http://ids.clld.org/values/1-215-52-3>		<http://ids.clld.org/parameters/1-215>		<http://ids.clld.org/values/1-215-293-1>		"pye"@ram	
"ныза"@huz	<http://ids.clld.org/values/9-360-52-1>		<http://ids.clld.org/parameters/9-360>		<http://ids.clld.org/values/9-360-293-1>		"kuʔhõ"@ram	
"ныза"@huz	<http://ids.clld.org/values/9-360-52-1>		<http://ids.clld.org/parameters/9-360>		<http://ids.clld.org/values/9-360-293-3>		"kaʔhõ"@ram	
"кьапа"@huz	<http://ids.clld.org/values/8-560-52-3>		<http://ids.clld.org/parameters/8-560>		<http://ids.clld.org/values/8-560-293-1>		"iʔ-ho"@ram	
"гьас"@huz	<http://ids.clld.org/values/1-510-52-1>		<http://ids.clld.org/parameters/1-510>		<http://ids.clld.org/values/1-510-293-1>		"koykʰwa"@ram	
"бугьа"@huz	<http://ids.clld.org/values/4-750-52-1>		<http://ids.clld.org/parameters/4-750>		<http://ids.clld.org/values/4-750-293-1>		"tɨɨ- (tɨ ?)"@ram	
"маъа"@huz	<http://ids.clld.org/values/5-791-52-1>		<http://ids.clld.org/parameters/5-791>		<http://ids.clld.org/values/5-791-293-1>		"iʔ-twɨm"@ram	
"мекьа"@huz	<http://ids.clld.org/values/10-470-52-1>		<http://ids.clld.org/parameters/10-470>		<http://ids.clld.org/values/10-470-293-1>		"mɔ̃"@ram	
"папатІу"@huz	<http://ids.clld.org/values/3-920-52-1>		<http://ids.clld.org/parameters/3-920>		<http://ids.clld.org/values/3-920-293-1>		"wɛwɛ-"@ram	
"цаᴴ"@huz	<http://ids.clld.org/values/5-810-52-1>		<http://ids.clld.org/parameters/5-810>		<http://ids.clld.org/values/5-810-293-1>		"kaac̷wa"@ram	
"гамачІ"@huz	<http://ids.clld.org/values/1-440-52-1>		<http://ids.clld.org/parameters/1-440>		<http://ids.clld.org/values/1-440-293-1>		"kʰɛn"@ram	
"беш"@huz	<http://ids.clld.org/values/4-120-52-1>		<http://ids.clld.org/parameters/4-120>		<http://ids.clld.org/values/4-120-293-1>		"ii-kʰə (?)"@ram	
"бутІа"@huz	<http://ids.clld.org/values/12-140-52-1>		<http://ids.clld.org/parameters/12-140>		<http://ids.clld.org/values/12-140-293-1>		"nɔ̃"@ram	
"кракадил"@huz	<http://ids.clld.org/values/3-970-52-1>		<http://ids.clld.org/parameters/3-970>		<http://ids.clld.org/values/3-970-293-1>		"mĩĩ (mɨ̃ ?)"@ram	
"хъизан"@huz	<http://ids.clld.org/values/2-320-52-5>		<http://ids.clld.org/parameters/2-320>		<http://ids.clld.org/values/2-320-293-1>		"ĩĩ-prõ"@ram	
"цІəдилу"@huz	<http://ids.clld.org/values/15-650-52-1>		<http://ids.clld.org/parameters/15-650>		<http://ids.clld.org/values/15-650-293-1>		"iʔ-tɨk"@ram	
"шебу"@huz	<http://ids.clld.org/values/4-450-52-1>		<http://ids.clld.org/parameters/4-450>		<http://ids.clld.org/values/4-450-293-1>		"ii-pa"@ram	
"беша"@huz	<http://ids.clld.org/values/5-110-52-1>		<http://ids.clld.org/parameters/5-110>		<http://ids.clld.org/values/5-110-293-3>		"kʰuu"@ram	
"беша"@huz	<http://ids.clld.org/values/5-110-52-1>		<http://ids.clld.org/parameters/5-110>		<http://ids.clld.org/values/5-110-293-7>		"pa-"@ram	
"беша"@huz	<http://ids.clld.org/values/5-110-52-1>		<http://ids.clld.org/parameters/5-110>		<http://ids.clld.org/values/5-110-293-5>		"kukʰu-"@ram	
"беша"@huz	<http://ids.clld.org/values/5-110-52-1>		<http://ids.clld.org/parameters/5-110>		<http://ids.clld.org/values/5-110-293-1>		"-kʰrẽ"@ram	
"аᴴгьикІу"@huz	<http://ids.clld.org/values/12-850-52-1>		<http://ids.clld.org/parameters/12-850>		<http://ids.clld.org/values/12-850-293-1>		"kʰrɛ"@ram	
"бекІичІла"@huz	<http://ids.clld.org/values/10-370-52-1>		<http://ids.clld.org/parameters/10-370>		<http://ids.clld.org/values/10-370-293-1>		"tɛɛ"@ram	
"ма̇че"@huz	<http://ids.clld.org/values/12-110-52-1>		<http://ids.clld.org/parameters/12-110>		<http://ids.clld.org/values/12-110-293-1>		"-li-"@ram	
"цІуйаб ыс"@huz	<http://ids.clld.org/values/2-450-52-3>		<http://ids.clld.org/parameters/2-450>		<http://ids.clld.org/values/2-450-293-1>		"tɔ̃y-"@ram	
"рикІи"@huz	<http://ids.clld.org/values/4-180-52-3>		<http://ids.clld.org/parameters/4-180>		<http://ids.clld.org/values/4-180-293-1>		"ha-ppɨ"@ram	
"биэр ма̇га̇"@huz	<http://ids.clld.org/values/9-770-52-1>		<http://ids.clld.org/parameters/9-770>		<http://ids.clld.org/values/9-770-293-1>		"kohpip (koʔpip ?)"@ram	
"быкъу"@huz	<http://ids.clld.org/values/12-550-52-1>		<http://ids.clld.org/parameters/12-550>		<http://ids.clld.org/values/12-550-293-1>		"ti-"@ram	
"къекъкъу"@huz	<http://ids.clld.org/values/12-610-52-1>		<http://ids.clld.org/parameters/12-610>		<http://ids.clld.org/values/12-610-293-1>		"iʔ-pɔ"@ram	
"гьа̇н"@huz	<http://ids.clld.org/values/1-410-52-1>		<http://ids.clld.org/parameters/1-410>		<http://ids.clld.org/values/1-410-293-1>		"lam-"@ram	
"ну��у"@huz	<http://ids.clld.org/values/5-840-52-1>		<http://ids.clld.org/parameters/5-840>		<http://ids.clld.org/values/5-840-293-1>		"pɛn"@ram	
"бухари"@huz	<http://ids.clld.org/values/7-310-52-1>		<http://ids.clld.org/parameters/7-310>		<http://ids.clld.org/values/7-310-293-1>		"kiz (?)"@ram	
"гьале"@huz	<http://ids.clld.org/values/4-370-52-1>		<http://ids.clld.org/parameters/4-370>		<http://ids.clld.org/values/4-370-293-1>		"ii-par"@ram	
"ца̇ссе"@huz	<http://ids.clld.org/values/16-720-52-1>		<http://ids.clld.org/parameters/16-720>		<http://ids.clld.org/values/16-720-293-1>		"iʔkʰɛn"@ram	
"чалес кьа̇ме"@huz	<http://ids.clld.org/values/7-520-52-1>		<http://ids.clld.org/parameters/7-520>		<http://ids.clld.org/values/7-520-293-1>		"po"@ram	
"цǡру"@huz	<http://ids.clld.org/values/18-280-52-1>		<http://ids.clld.org/parameters/18-280>		<http://ids.clld.org/values/18-280-293-1>		"awkʰe-"@ram	
"цǡру"@huz	<http://ids.clld.org/values/18-280-52-1>		<http://ids.clld.org/parameters/18-280>		<http://ids.clld.org/values/18-280-293-3>		"yəyə-"@ram	
"лъыᴴ"@huz	<http://ids.clld.org/values/1-310-52-1>		<http://ids.clld.org/parameters/1-310>		<http://ids.clld.org/values/1-310-293-1>		"ko"@ram	
"бохъ"@huz	<http://ids.clld.org/values/1-520-52-1>		<http://ids.clld.org/parameters/1-520>		<http://ids.clld.org/values/1-520-293-3>		"pɨtɨ"@ram	
"бохъ"@huz	<http://ids.clld.org/values/1-520-52-1>		<http://ids.clld.org/parameters/1-520>		<http://ids.clld.org/values/1-520-293-1>		"pɨt"@ram	
"гьаᴴй"@huz	<http://ids.clld.org/values/4-150-52-1>		<http://ids.clld.org/parameters/4-150>		<http://ids.clld.org/values/4-150-293-1>		"ii-kaproo"@ram	
"маймалак"@huz	<http://ids.clld.org/values/3-760-52-1>		<http://ids.clld.org/parameters/3-760>		<http://ids.clld.org/values/3-760-293-1>		"kukʰoy"@ram	
"талихІаб"@huz	<http://ids.clld.org/values/16-230-52-1>		<http://ids.clld.org/parameters/16-230>		<http://ids.clld.org/values/16-230-293-1>		"hakʰrɨ"@ram	
"нацІа"@huz	<http://ids.clld.org/values/15-510-52-1>		<http://ids.clld.org/parameters/15-510>		<http://ids.clld.org/values/15-510-293-1>		"-hõm-pu"@ram	
"нацІа"@huz	<http://ids.clld.org/values/15-510-52-1>		<http://ids.clld.org/parameters/15-510>		<http://ids.clld.org/values/15-510-293-3>		"pu-pun"@ram	
"кІарамухекІа"@huz	<http://ids.clld.org/values/10-130-52-1>		<http://ids.clld.org/parameters/10-130>		<http://ids.clld.org/values/10-130-293-1>		"ayrɔ̃"@ram	
"гьаре"@huz	<http://ids.clld.org/values/4-210-52-1>		<http://ids.clld.org/parameters/4-210>		<http://ids.clld.org/values/4-210-293-1>		"ii-tɔ"@ram	
"на̇цə"@huz	<http://ids.clld.org/values/3-811-52-1>		<http://ids.clld.org/parameters/3-811>		<http://ids.clld.org/values/3-811-293-1>		"ii-ko"@ram	
"биликІи"@huz	<http://ids.clld.org/values/10-720-52-1>		<http://ids.clld.org/parameters/10-720>		<http://ids.clld.org/values/10-720-293-1>		"prɨɨ"@ram	
"хо"@huz	<http://ids.clld.org/values/5-610-52-1>		<http://ids.clld.org/parameters/5-610>		<http://ids.clld.org/values/5-610-293-1>		"hĩ"@ram	
"хо"@huz	<http://ids.clld.org/values/5-610-52-1>		<http://ids.clld.org/parameters/5-610>		<http://ids.clld.org/values/5-610-293-3>		"yĩ"@ram	
"ма̇га"@huz	<http://ids.clld.org/values/4-120-52-3>		<http://ids.clld.org/parameters/4-120>		<http://ids.clld.org/values/4-120-293-1>		"ii-kʰə (?)"@ram	
"сукІунож"@huz	<http://ids.clld.org/values/13-140-52-1>		<http://ids.clld.org/parameters/13-140>		<http://ids.clld.org/values/13-140-293-1>		"tu-"@ram	
"ве"@huz	<http://ids.clld.org/values/3-610-52-1>		<http://ids.clld.org/parameters/3-610>		<http://ids.clld.org/values/3-610-293-1>		"rɔp"@ram	
"мə"@huz	<http://ids.clld.org/values/2-920-52-1>		<http://ids.clld.org/parameters/2-920>		<http://ids.clld.org/values/2-920-293-1>		"ka"@ram	
"тамахІаб"@huz	<http://ids.clld.org/values/4-820-52-3>		<http://ids.clld.org/parameters/4-820>		<http://ids.clld.org/values/4-820-293-1>		"pɛk-"@ram	
"тІуцакІа"@huz	<http://ids.clld.org/values/9-343-52-1>		<http://ids.clld.org/parameters/9-343>		<http://ids.clld.org/values/9-343-293-1>		"ŋɛ̃n"@ram	
"хъал"@huz	<http://ids.clld.org/values/8-750-52-1>		<http://ids.clld.org/parameters/8-750>		<http://ids.clld.org/values/8-750-293-1>		"ii-kʰə"@ram	
"рулъа"@huz	<http://ids.clld.org/values/9-360-52-3>		<http://ids.clld.org/parameters/9-360>		<http://ids.clld.org/values/9-360-293-1>		"kuʔhõ"@ram	
"рулъа"@huz	<http://ids.clld.org/values/9-360-52-3>		<http://ids.clld.org/parameters/9-360>		<http://ids.clld.org/values/9-360-293-3>		"kaʔhõ"@ram	
"ма̇че"@huz	<http://ids.clld.org/values/8-120-52-1>		<http://ids.clld.org/parameters/8-120>		<http://ids.clld.org/values/8-120-293-1>		"pur"@ram	
"сылə гула"@huz	<http://ids.clld.org/values/4-580-52-1>		<http://ids.clld.org/parameters/4-580>		<http://ids.clld.org/values/4-580-293-1>		"-ku-c̷a"@ram	
"мухъа"@huz	<http://ids.clld.org/values/5-110-52-3>		<http://ids.clld.org/parameters/5-110>		<http://ids.clld.org/values/5-110-293-3>		"kʰuu"@ram	
"мухъа"@huz	<http://ids.clld.org/values/5-110-52-3>		<http://ids.clld.org/parameters/5-110>		<http://ids.clld.org/values/5-110-293-7>		"pa-"@ram	
"мухъа"@huz	<http://ids.clld.org/values/5-110-52-3>		<http://ids.clld.org/parameters/5-110>		<http://ids.clld.org/values/5-110-293-5>		"kukʰu-"@ram	
"мухъа"@huz	<http://ids.clld.org/values/5-110-52-3>		<http://ids.clld.org/parameters/5-110>		<http://ids.clld.org/values/5-110-293-1>		"-kʰrẽ"@ram	
"бəх"@huz	<http://ids.clld.org/values/8-510-52-1>		<http://ids.clld.org/parameters/8-510>		<http://ids.clld.org/values/8-510-293-1>		"aʔ-tuu"@ram	
"вəдə"@huz	<http://ids.clld.org/values/1-750-52-1>		<http://ids.clld.org/parameters/1-750>		<http://ids.clld.org/values/1-750-293-1>		"taa (ta ?)"@ram	
"ра̇чІу"@huz	<http://ids.clld.org/values/15-860-52-1>		<http://ids.clld.org/parameters/15-860>		<http://ids.clld.org/values/15-860-293-1>		"kʰrɨ"@ram	
"быхəлу"@huz	<http://ids.clld.org/values/12-570-52-1>		<http://ids.clld.org/parameters/12-570>		<http://ids.clld.org/values/12-570-293-1>		"i-rɨɨ"@ram	
"гьəкІда̄"@huz	<http://ids.clld.org/values/4-521-52-1>		<http://ids.clld.org/parameters/4-521>		<http://ids.clld.org/values/4-521-293-1>		"hɛk"@ram	
"угьеру"@huz	<http://ids.clld.org/values/4-750-52-3>		<http://ids.clld.org/parameters/4-750>		<http://ids.clld.org/values/4-750-293-1>		"tɨɨ- (tɨ ?)"@ram	
"гьабу"@huz	<http://ids.clld.org/values/4-392-52-1>		<http://ids.clld.org/parameters/4-392>		<http://ids.clld.org/values/4-392-293-1>		"haaraa"@ram	
"хишакь вəдə"@huz	<http://ids.clld.org/values/14-440-52-1>		<http://ids.clld.org/parameters/14-440>		<http://ids.clld.org/values/14-440-293-1>		"apɛ̃"@ram	
"кІартупели"@huz	<http://ids.clld.org/values/5-700-52-1>		<http://ids.clld.org/parameters/5-700>		<http://ids.clld.org/values/5-700-293-1>		"yat (yɛt ?)"@ram	
"боду"@huz	<http://ids.clld.org/values/2-930-52-3>		<http://ids.clld.org/parameters/2-930>		<http://ids.clld.org/values/2-930-293-1>		"tamə̃"@ram	
"коцор"@huz	<http://ids.clld.org/values/4-209-52-1>		<http://ids.clld.org/parameters/4-209>		<http://ids.clld.org/values/4-209-293-1>		"hamã"@ram	
"бызад гьегьа"@huz	<http://ids.clld.org/values/9-211-52-1>		<http://ids.clld.org/parameters/9-211>		<http://ids.clld.org/values/9-211-293-1>		"twə"@ram	
"га̇ч"@huz	<http://ids.clld.org/values/17-560-52-1>		<http://ids.clld.org/parameters/17-560>		<http://ids.clld.org/values/17-560-293-1>		"ke-"@ram	
"бегала"@huz	<http://ids.clld.org/values/3-850-52-1>		<http://ids.clld.org/parameters/3-850>		<http://ids.clld.org/values/3-850-293-3>		"pat"@ram	
"бегала"@huz	<http://ids.clld.org/values/3-850-52-1>		<http://ids.clld.org/parameters/3-850>		<http://ids.clld.org/values/3-850-293-1>		"kaaŋə"@ram	
"ахъе"@huz	<http://ids.clld.org/values/2-320-52-1>		<http://ids.clld.org/parameters/2-320>		<http://ids.clld.org/values/2-320-293-1>		"ĩĩ-prõ"@ram	
"мару"@huz	<http://ids.clld.org/values/4-230-52-1>		<http://ids.clld.org/parameters/4-230>		<http://ids.clld.org/values/4-230-293-1>		"-yĩyakʰrɛ"@ram	
"чІекІду"@huz	<http://ids.clld.org/values/12-740-52-1>		<http://ids.clld.org/parameters/12-740>		<http://ids.clld.org/values/12-740-293-1>		"yakɔt"@ram	
"мызала"@huz	<http://ids.clld.org/values/4-690-52-3>		<http://ids.clld.org/parameters/4-690>		<http://ids.clld.org/values/4-690-293-1>		"c̷wa"@ram	
"тыт"@huz	<http://ids.clld.org/values/1-840-52-1>		<http://ids.clld.org/parameters/1-840>		<http://ids.clld.org/values/1-840-293-1>		"prɔ"@ram	
"чІиге"@huz	<http://ids.clld.org/values/3-813-52-1>		<http://ids.clld.org/parameters/3-813>		<http://ids.clld.org/values/3-813-293-1>		"ĩnko"@ram	
"эᴴду"@huz	<http://ids.clld.org/values/12-50-52-1>		<http://ids.clld.org/parameters/12-50>		<http://ids.clld.org/values/12-50-293-1>		"kʰam"@ram	
"гьоᴴкІор"@huz	<http://ids.clld.org/values/4-856-52-1>		<http://ids.clld.org/parameters/4-856>		<http://ids.clld.org/values/4-856-293-1>		"kuhe"@ram	
"бокІола"@huz	<http://ids.clld.org/values/12-212-52-1>		<http://ids.clld.org/parameters/12-212>		<http://ids.clld.org/values/12-212-293-1>		"pɨ"@ram	
"рекІеру"@huz	<http://ids.clld.org/values/15-850-52-1>		<http://ids.clld.org/parameters/15-850>		<http://ids.clld.org/values/15-850-293-1>		"kakrɔ"@ram	
"кагьриз"@huz	<http://ids.clld.org/values/1-370-52-3>		<http://ids.clld.org/parameters/1-370>		<http://ids.clld.org/values/1-370-293-1>		"kʰwa"@ram	
"бəтІи"@huz	<http://ids.clld.org/values/3-840-52-1>		<http://ids.clld.org/parameters/3-840>		<http://ids.clld.org/values/3-840-293-1>		"hɔɔc̷ã"@ram	
"лІибу"@huz	<http://ids.clld.org/values/8-560-52-1>		<http://ids.clld.org/parameters/8-560>		<http://ids.clld.org/values/8-560-293-1>		"iʔ-ho"@ram	
"чІагуйаб"@huz	<http://ids.clld.org/values/4-740-52-3>		<http://ids.clld.org/parameters/4-740>		<http://ids.clld.org/values/4-740-293-1>		"tĩ"@ram	
"гьалду"@huz	<http://ids.clld.org/values/15-640-52-1>		<http://ids.clld.org/parameters/15-640>		<http://ids.clld.org/values/15-640-293-1>		"hakkʰa"@ram	
"гьалду"@huz	<http://ids.clld.org/values/15-640-52-1>		<http://ids.clld.org/parameters/15-640>		<http://ids.clld.org/values/15-640-293-3>		"yakʰaa"@ram	
"накъару"@huz	<http://ids.clld.org/values/15-370-52-1>		<http://ids.clld.org/parameters/15-370>		<http://ids.clld.org/values/15-370-293-1>		"-c̷ə-"@ram	
"накъару"@huz	<http://ids.clld.org/values/15-370-52-1>		<http://ids.clld.org/parameters/15-370>		<http://ids.clld.org/values/15-370-293-3>		"hə"@ram	
"цІə"@huz	<http://ids.clld.org/values/1-810-52-1>		<http://ids.clld.org/parameters/1-810>		<http://ids.clld.org/values/1-810-293-1>		"kuhɨ"@ram	
"ичилу"@huz	<http://ids.clld.org/values/14-150-52-1>		<http://ids.clld.org/parameters/14-150>		<http://ids.clld.org/values/14-150-293-1>		"tũm"@ram	
"лъегъа"@huz	<http://ids.clld.org/values/1-852-52-3>		<http://ids.clld.org/parameters/1-852>		<http://ids.clld.org/values/1-852-293-1>		"pok"@ram	
"рохараб"@huz	<http://ids.clld.org/values/16-230-52-3>		<http://ids.clld.org/parameters/16-230>		<http://ids.clld.org/values/16-230-293-1>		"hakʰrɨ"@ram	
"мигъ"@huz	<http://ids.clld.org/values/4-180-52-1>		<http://ids.clld.org/parameters/4-180>		<http://ids.clld.org/values/4-180-293-1>		"ha-ppɨ"@ram	
"рыкьа"@huz	<http://ids.clld.org/values/4-463-52-1>		<http://ids.clld.org/parameters/4-463>		<http://ids.clld.org/values/4-463-293-1>		"hɔ̃"@ram	
"ижу"@huz	<http://ids.clld.org/values/8-311-52-1>		<http://ids.clld.org/parameters/8-311>		<http://ids.clld.org/values/8-311-293-1>		"iʔ-hɨɨ (hɨ- ?)"@ram	
"коро"@huz	<http://ids.clld.org/values/4-330-52-1>		<http://ids.clld.org/parameters/4-330>		<http://ids.clld.org/values/4-330-293-1>		"hũʔkʰra"@ram	
"гьəᴴс"@huz	<http://ids.clld.org/values/13-10-52-1>		<http://ids.clld.org/parameters/13-10>		<http://ids.clld.org/values/13-10-293-1>		"pɨc̷it"@ram	
"мекьа"@huz	<http://ids.clld.org/values/10-450-52-1>		<http://ids.clld.org/parameters/10-450>		<http://ids.clld.org/values/10-450-293-1>		"mõ"@ram	
"шикІу"@huz	<http://ids.clld.org/values/4-240-52-1>		<http://ids.clld.org/parameters/4-240>		<http://ids.clld.org/values/4-240-293-1>		"-yarkʰwa"@ram	
"бува"@huz	<http://ids.clld.org/values/9-110-52-1>		<http://ids.clld.org/parameters/9-110>		<http://ids.clld.org/values/9-110-293-1>		"tɔn"@ram	
"дагь"@huz	<http://ids.clld.org/values/13-170-52-1>		<http://ids.clld.org/parameters/13-170>		<http://ids.clld.org/values/13-170-293-1>		"kʰɨɨpe-"@ram	
"кІотІу"@huz	<http://ids.clld.org/values/16-710-52-1>		<http://ids.clld.org/parameters/16-710>		<http://ids.clld.org/values/16-710-293-1>		"-pɛy"@ram	
"цІулу"@huz	<http://ids.clld.org/values/20-250-52-1>		<http://ids.clld.org/parameters/20-250>		<http://ids.clld.org/values/20-250-293-1>		"kruw"@ram	
"гьа̇лур"@huz	<http://ids.clld.org/values/4-350-52-1>		<http://ids.clld.org/parameters/4-350>		<http://ids.clld.org/values/4-350-293-1>		"ii-tɛ"@ram	
"бəкІа"@huz	<http://ids.clld.org/values/1-852-52-1>		<http://ids.clld.org/parameters/1-852>		<http://ids.clld.org/values/1-852-293-1>		"pok"@ram	
"гьуᴴду"@huz	<http://ids.clld.org/values/1-430-52-1>		<http://ids.clld.org/parameters/1-430>		<http://ids.clld.org/values/1-430-293-1>		"pĩ"@ram	
"гьакІ"@huz	<http://ids.clld.org/values/8-570-52-1>		<http://ids.clld.org/parameters/8-570>		<http://ids.clld.org/values/8-570-293-1>		"ii-rə̃"@ram	
"лъа̇на"@huz	<http://ids.clld.org/values/13-30-52-1>		<http://ids.clld.org/parameters/13-30>		<http://ids.clld.org/values/13-30-293-1>		"ɨnkre-"@ram	
"икІу нылІа"@huz	<http://ids.clld.org/values/16-290-52-1>		<http://ids.clld.org/parameters/16-290>		<http://ids.clld.org/values/16-290-293-1>		"p (?)"@ram	
"лед"@huz	<http://ids.clld.org/values/3-750-52-3>		<http://ids.clld.org/parameters/3-750>		<http://ids.clld.org/values/3-750-293-1>		"pɔ"@ram	
"лед"@huz	<http://ids.clld.org/values/3-750-52-3>		<http://ids.clld.org/parameters/3-750>		<http://ids.clld.org/values/3-750-293-3>		"kaarə"@ram	
"ниъару"@huz	<http://ids.clld.org/values/15-830-52-1>		<http://ids.clld.org/parameters/15-830>		<http://ids.clld.org/values/15-830-293-1>		"mrɔ̃ (?)"@ram	
"гьуᴴцу"@huz	<http://ids.clld.org/values/3-817-52-1>		<http://ids.clld.org/parameters/3-817>		<http://ids.clld.org/values/3-817-293-1>		"ahc̷un- (aʔc̷un- ?)"@ram	
"бəцІеру"@huz	<http://ids.clld.org/values/13-210-52-1>		<http://ids.clld.org/parameters/13-210>		<http://ids.clld.org/values/13-210-293-1>		"yic̷u"@ram	
"хал бува"@huz	<http://ids.clld.org/values/11-310-52-3>		<http://ids.clld.org/parameters/11-310>		<http://ids.clld.org/values/11-310-293-1>		"lɨ̃t"@ram	
"кІокІорлъи"@huz	<http://ids.clld.org/values/16-310-52-1>		<http://ids.clld.org/parameters/16-310>		<http://ids.clld.org/values/16-310-293-1>		"-c̷a-"@ram	
"кІокІорлъи"@huz	<http://ids.clld.org/values/16-310-52-1>		<http://ids.clld.org/parameters/16-310>		<http://ids.clld.org/values/16-310-293-3>		"ha- (?)"@ram	
"коро"@huz	<http://ids.clld.org/values/4-310-52-3>		<http://ids.clld.org/parameters/4-310>		<http://ids.clld.org/values/4-310-293-1>		"pa"@ram	
"коᴴтІа"@huz	<http://ids.clld.org/values/4-464-52-1>		<http://ids.clld.org/parameters/4-464>		<http://ids.clld.org/values/4-464-293-1>		"ayɔ"@ram	
"лъикІена"@huz	<http://ids.clld.org/values/4-690-52-1>		<http://ids.clld.org/parameters/4-690>		<http://ids.clld.org/values/4-690-293-1>		"c̷wa"@ram	
"къа̇м"@huz	<http://ids.clld.org/values/4-200-52-1>		<http://ids.clld.org/parameters/4-200>		<http://ids.clld.org/values/4-200-293-1>		"ii-kʰrə̃"@ram	
"лІора"@huz	<http://ids.clld.org/values/4-160-52-1>		<http://ids.clld.org/parameters/4-160>		<http://ids.clld.org/values/4-160-293-1>		"-hi"@ram	
"гийа"@huz	<http://ids.clld.org/values/10-480-52-3>		<http://ids.clld.org/parameters/10-480>		<http://ids.clld.org/values/10-480-293-1>		"-tẽ"@ram	
"гуа"@huz	<http://ids.clld.org/values/10-480-52-1>		<http://ids.clld.org/parameters/10-480>		<http://ids.clld.org/values/10-480-293-1>		"-tẽ"@ram	
"кьа̇лу"@huz	<http://ids.clld.org/values/1-440-52-3>		<http://ids.clld.org/parameters/1-440>		<http://ids.clld.org/values/1-440-293-1>		"kʰɛn"@ram	
"беча"@huz	<http://ids.clld.org/values/12-150-52-1>		<http://ids.clld.org/parameters/12-150>		<http://ids.clld.org/values/12-150-293-1>		"c̷a"@ram	
"кьодо мекьа"@huz	<http://ids.clld.org/values/10-472-52-1>		<http://ids.clld.org/parameters/10-472>		<http://ids.clld.org/values/10-472-293-1>		"pi-"@ram	
"хоᴴхе"@huz	<http://ids.clld.org/values/8-600-52-1>		<http://ids.clld.org/parameters/8-600>		<http://ids.clld.org/values/8-600-293-1>		"pĩĩ"@ram	
"хехаб"@huz	<http://ids.clld.org/values/14-210-52-1>		<http://ids.clld.org/parameters/14-210>		<http://ids.clld.org/values/14-210-293-1>		"kɨt-"@ram	
"ыс"@huz	<http://ids.clld.org/values/2-450-52-1>		<http://ids.clld.org/parameters/2-450>		<http://ids.clld.org/values/2-450-293-1>		"tɔ̃y-"@ram	
"караскІа"@huz	<http://ids.clld.org/values/9-880-52-1>		<http://ids.clld.org/parameters/9-880>		<http://ids.clld.org/values/9-880-293-1>		"kʰrɔr"@ram	
"мична"@huz	<http://ids.clld.org/values/4-360-52-1>		<http://ids.clld.org/parameters/4-360>		<http://ids.clld.org/values/4-360-293-1>		"ii-kʰõn"@ram	
"кІырбəн"@huz	<http://ids.clld.org/values/6-380-52-1>		<http://ids.clld.org/parameters/6-380>		<http://ids.clld.org/values/6-380-293-1>		"he-"@ram	
"кІырбəн"@huz	<http://ids.clld.org/values/6-380-52-1>		<http://ids.clld.org/parameters/6-380>		<http://ids.clld.org/values/6-380-293-3>		"-c̷e- (?)"@ram	
"бутІа"@huz	<http://ids.clld.org/values/4-610-52-1>		<http://ids.clld.org/parameters/4-610>		<http://ids.clld.org/values/4-610-293-1>		"-ŋõr (ŋɔ̃r ?)"@ram	
"биэру"@huz	<http://ids.clld.org/values/12-560-52-1>		<http://ids.clld.org/parameters/12-560>		<http://ids.clld.org/values/12-560-293-3>		"lɛ"@ram	
"биэру"@huz	<http://ids.clld.org/values/12-560-52-1>		<http://ids.clld.org/parameters/12-560>		<http://ids.clld.org/values/12-560-293-1>		"ĩn-krirɛ"@ram	
"кебу"@huz	<http://ids.clld.org/values/1-215-52-1>		<http://ids.clld.org/parameters/1-215>		<http://ids.clld.org/values/1-215-293-1>		"pye"@ram	
"гьодор"@huz	<http://ids.clld.org/values/8-120-52-3>		<http://ids.clld.org/parameters/8-120>		<http://ids.clld.org/values/8-120-293-1>		"pur"@ram	
"лъиша рува"@huz	<http://ids.clld.org/values/10-440-52-1>		<http://ids.clld.org/parameters/10-440>		<http://ids.clld.org/values/10-440-293-1>		"hakrun (?)"@ram	
"хъо"@huz	<http://ids.clld.org/values/1-830-52-1>		<http://ids.clld.org/parameters/1-830>		<http://ids.clld.org/values/1-830-293-1>		"iʔ-kʰũm"@ram	
"гьəᴴс га̇йсу"@huz	<http://ids.clld.org/values/13-330-52-1>		<http://ids.clld.org/parameters/13-330>		<http://ids.clld.org/values/13-330-293-3>		"kamã"@ram	
"гьəᴴс га̇йсу"@huz	<http://ids.clld.org/values/13-330-52-1>		<http://ids.clld.org/parameters/13-330>		<http://ids.clld.org/values/13-330-293-1>		"pit"@ram	
"хъа̇чІу"@huz	<http://ids.clld.org/values/3-815-52-1>		<http://ids.clld.org/parameters/3-815>		<http://ids.clld.org/values/3-815-293-1>		"pak"@ram	
"нылІа"@huz	<http://ids.clld.org/values/11-210-52-1>		<http://ids.clld.org/parameters/11-210>		<http://ids.clld.org/values/11-210-293-3>		"ŋɔ̃"@ram	
"нылІа"@huz	<http://ids.clld.org/values/11-210-52-1>		<http://ids.clld.org/parameters/11-210>		<http://ids.clld.org/values/11-210-293-1>		"c̷i-"@ram	
"лъыᴴ ба̇гьа"@huz	<http://ids.clld.org/values/10-350-52-1>		<http://ids.clld.org/parameters/10-350>		<http://ids.clld.org/values/10-350-293-1>		"ree"@ram	
"лъыᴴ ба̇гьа"@huz	<http://ids.clld.org/values/10-350-52-1>		<http://ids.clld.org/parameters/10-350>		<http://ids.clld.org/values/10-350-293-3>		"c̷wa"@ram	
"вехьалис кІетІи"@huz	<http://ids.clld.org/values/19-250-52-1>		<http://ids.clld.org/parameters/19-250>		<http://ids.clld.org/values/19-250-293-1>		"kʰo-"@ram	
"гІумру"@huz	<http://ids.clld.org/values/4-740-52-5>		<http://ids.clld.org/parameters/4-740>		<http://ids.clld.org/values/4-740-293-1>		"tĩ"@ram	
"загІипаб"@huz	<http://ids.clld.org/values/4-820-52-1>		<http://ids.clld.org/parameters/4-820>		<http://ids.clld.org/values/4-820-293-1>		"pɛk-"@ram	
"гуа"@huz	<http://ids.clld.org/values/10-470-52-3>		<http://ids.clld.org/parameters/10-470>		<http://ids.clld.org/values/10-470-293-1>		"mɔ̃"@ram	
"иᴴа̄"@huz	<http://ids.clld.org/values/9-210-52-3>		<http://ids.clld.org/parameters/9-210>		<http://ids.clld.org/values/9-210-293-1>		"kʰrɔ̃k"@ram	
"гьаᴴгьела̄"@huz	<http://ids.clld.org/values/5-160-52-1>		<http://ids.clld.org/parameters/5-160>		<http://ids.clld.org/values/5-160-293-1>		"kaho"@ram	
"хъохъору бəх"@huz	<http://ids.clld.org/values/8-520-52-1>		<http://ids.clld.org/parameters/8-520>		<http://ids.clld.org/values/8-520-293-1>		"po-"@ram	
"унти"@huz	<http://ids.clld.org/values/16-310-52-3>		<http://ids.clld.org/parameters/16-310>		<http://ids.clld.org/values/16-310-293-1>		"-c̷a-"@ram	
"унти"@huz	<http://ids.clld.org/values/16-310-52-3>		<http://ids.clld.org/parameters/16-310>		<http://ids.clld.org/values/16-310-293-3>		"ha- (?)"@ram	
"гьегьа"@huz	<http://ids.clld.org/values/9-210-52-1>		<http://ids.clld.org/parameters/9-210>		<http://ids.clld.org/values/9-210-293-1>		"kʰrɔ̃k"@ram	
"хоᴴхе"@huz	<http://ids.clld.org/values/1-420-52-1>		<http://ids.clld.org/parameters/1-420>		<http://ids.clld.org/values/1-420-293-1>		"pĩĩ"@ram	
"хъа̇лІу"@huz	<http://ids.clld.org/values/4-120-52-5>		<http://ids.clld.org/parameters/4-120>		<http://ids.clld.org/values/4-120-293-1>		"ii-kʰə (?)"@ram	
"хъохъо"@huz	<http://ids.clld.org/values/7-120-52-1>		<http://ids.clld.org/parameters/7-120>		<http://ids.clld.org/values/7-120-293-1>		"ii-kʰrɛ"@ram	
"кІетІи"@huz	<http://ids.clld.org/values/20-220-52-1>		<http://ids.clld.org/parameters/20-220>		<http://ids.clld.org/values/20-220-293-1>		"kʰo"@ram	
"а̇бу"@huz	<http://ids.clld.org/values/2-210-52-1>		<http://ids.clld.org/parameters/2-210>		<http://ids.clld.org/values/2-210-293-1>		"hũm"@ram	
"бед"@huz	<http://ids.clld.org/values/2-930-52-1>		<http://ids.clld.org/parameters/2-930>		<http://ids.clld.org/values/2-930-293-1>		"tamə̃"@ram	
"ахъа"@huz	<http://ids.clld.org/values/2-320-52-3>		<http://ids.clld.org/parameters/2-320>		<http://ids.clld.org/values/2-320-293-1>		"ĩĩ-prõ"@ram	
"релъараб"@huz	<http://ids.clld.org/values/12-920-52-1>		<http://ids.clld.org/parameters/12-920>		<http://ids.clld.org/values/12-920-293-1>		"kʰĩ"@ram	
"нийару"@huz	<http://ids.clld.org/values/15-350-52-1>		<http://ids.clld.org/parameters/15-350>		<http://ids.clld.org/values/15-350-293-1>		"c̷o-"@ram	
"пах"@huz	<http://ids.clld.org/values/1-213-52-1>		<http://ids.clld.org/parameters/1-213>		<http://ids.clld.org/values/1-213-293-1>		"pye yakro"@ram	
"ыс"@huz	<http://ids.clld.org/values/2-510-52-1>		<http://ids.clld.org/parameters/2-510>		<http://ids.clld.org/values/2-510-293-1>		"kɛt"@ram	
"мыц"@huz	<http://ids.clld.org/values/4-260-52-1>		<http://ids.clld.org/parameters/4-260>		<http://ids.clld.org/values/4-260-293-1>		"-yõʔtɔ"@ram	
"хыда"@huz	<http://ids.clld.org/values/1-640-52-1>		<http://ids.clld.org/parameters/1-640>		<http://ids.clld.org/values/1-640-293-1>		"atər-"@ram	
