"мучІ"@huz	<http://ids.clld.org/values/4-140-52-1>		<http://ids.clld.org/parameters/4-140>		<http://ids.clld.org/values/4-140-280-1>		"'woo"@pcp	
"бучІа"@huz	<http://ids.clld.org/values/9-220-52-1>		<http://ids.clld.org/parameters/9-220>		<http://ids.clld.org/values/9-220-280-1>		"'kɨɨsakia"@pcp	
"ийу"@huz	<http://ids.clld.org/values/2-360-52-1>		<http://ids.clld.org/parameters/2-360>		<http://ids.clld.org/values/2-360-280-1>		"'kai"@pcp	
"гъал"@huz	<http://ids.clld.org/values/3-750-52-1>		<http://ids.clld.org/parameters/3-750>		<http://ids.clld.org/values/3-750-280-1>		"'čaṣ̌o"@pcp	
"хІутІ-хъумур"@huz	<http://ids.clld.org/values/3-810-52-1>		<http://ids.clld.org/parameters/3-810>		<http://ids.clld.org/values/3-810-280-1>		"wɨ'oso"@pcp	
"а̇бу"@huz	<http://ids.clld.org/values/2-350-52-1>		<http://ids.clld.org/parameters/2-350>		<http://ids.clld.org/values/2-350-280-1>		"'ɨpa"@pcp	
"а̇бу"@huz	<http://ids.clld.org/values/2-350-52-1>		<http://ids.clld.org/parameters/2-350>		<http://ids.clld.org/values/2-350-280-3>		"'ʔɨpa"@pcp	
"аᴴгъа"@huz	<http://ids.clld.org/values/4-220-52-1>		<http://ids.clld.org/parameters/4-220>		<http://ids.clld.org/values/4-220-280-1>		"'paʔoki"@pcp	
"куро"@huz	<http://ids.clld.org/values/1-360-52-3>		<http://ids.clld.org/parameters/1-360>		<http://ids.clld.org/values/1-360-280-1>		"'ʔani"@pcp	
"куро"@huz	<http://ids.clld.org/values/1-360-52-3>		<http://ids.clld.org/parameters/1-360>		<http://ids.clld.org/values/1-360-280-3>		"'pao"@pcp	
"рокъу"@huz	<http://ids.clld.org/values/15-810-52-1>		<http://ids.clld.org/parameters/15-810>		<http://ids.clld.org/values/15-810-280-1>		"'iwɨ"@pcp	
"папугай"@huz	<http://ids.clld.org/values/3-592-52-1>		<http://ids.clld.org/parameters/3-592>		<http://ids.clld.org/values/3-592-280-1>		"'wawa"@pcp	
"сылə"@huz	<http://ids.clld.org/values/4-270-52-1>		<http://ids.clld.org/parameters/4-270>		<http://ids.clld.org/values/4-270-280-1>		"'ṣ̌ɨna"@pcp	
"ца"@huz	<http://ids.clld.org/values/1-540-52-1>		<http://ids.clld.org/parameters/1-540>		<http://ids.clld.org/values/1-540-280-1>		"'wištima"@pcp	
"дə"@huz	<http://ids.clld.org/values/2-910-52-1>		<http://ids.clld.org/parameters/2-910>		<http://ids.clld.org/values/2-910-280-1>		"'ɨa"@pcp	
"цу"@huz	<http://ids.clld.org/values/3-586-52-1>		<http://ids.clld.org/parameters/3-586>		<http://ids.clld.org/values/3-586-280-1>		"po'iko"@pcp	
"хумух"@huz	<http://ids.clld.org/values/8-540-52-1>		<http://ids.clld.org/parameters/8-540>		<http://ids.clld.org/values/8-540-280-1>		"ta'pono"@pcp	
"чІехъ"@huz	<http://ids.clld.org/values/3-581-52-1>		<http://ids.clld.org/parameters/3-581>		<http://ids.clld.org/values/3-581-280-1>		"'isko"@pcp	
"пихъ"@huz	<http://ids.clld.org/values/5-710-52-1>		<http://ids.clld.org/parameters/5-710>		<http://ids.clld.org/values/5-710-280-1>		"'kɨo"@pcp	
"быцə"@huz	<http://ids.clld.org/values/4-310-52-1>		<http://ids.clld.org/parameters/4-310>		<http://ids.clld.org/values/4-310-280-1>		"po'yana"@pcp	
"билажба"@huz	<http://ids.clld.org/values/4-142-52-1>		<http://ids.clld.org/parameters/4-142>		<http://ids.clld.org/values/4-142-280-1>		"'kɨni"@pcp	
"нукерлъи"@huz	<http://ids.clld.org/values/5-140-52-1>		<http://ids.clld.org/parameters/5-140>		<http://ids.clld.org/values/5-140-280-1>		"paṣ̌na'hai"@pcp	
"хъохъла"@huz	<http://ids.clld.org/values/5-970-52-1>		<http://ids.clld.org/parameters/5-970>		<http://ids.clld.org/values/5-970-280-1>		"'wači"@pcp	
"нави"@huz	<http://ids.clld.org/values/10-831-52-1>		<http://ids.clld.org/parameters/10-831>		<http://ids.clld.org/values/10-831-280-1>		"'noti"@pcp	
"ракь"@huz	<http://ids.clld.org/values/1-210-52-1>		<http://ids.clld.org/parameters/1-210>		<http://ids.clld.org/values/1-210-280-1>		"'mai"@pcp	
"бетІергьан"@huz	<http://ids.clld.org/values/2-310-52-1>		<http://ids.clld.org/parameters/2-310>		<http://ids.clld.org/values/2-310-280-1>		"'wɨnɨ"@pcp	
"бысə"@huz	<http://ids.clld.org/values/3-650-52-1>		<http://ids.clld.org/parameters/3-650>		<http://ids.clld.org/values/3-650-280-3>		"'woɨ"@pcp	
"бысə"@huz	<http://ids.clld.org/values/3-650-52-1>		<http://ids.clld.org/parameters/3-650>		<http://ids.clld.org/values/3-650-280-1>		"sa'nino"@pcp	
"ныза"@huz	<http://ids.clld.org/values/9-360-52-1>		<http://ids.clld.org/parameters/9-360>		<http://ids.clld.org/values/9-360-280-1>		"'aši"@pcp	
"кьапа"@huz	<http://ids.clld.org/values/8-560-52-3>		<http://ids.clld.org/parameters/8-560>		<http://ids.clld.org/values/8-560-280-1>		"'pɨʔi"@pcp	
"гьас"@huz	<http://ids.clld.org/values/1-510-52-1>		<http://ids.clld.org/parameters/1-510>		<http://ids.clld.org/values/1-510-280-1>		"na'ipa"@pcp	
"бишкІа"@huz	<http://ids.clld.org/values/9-270-52-1>		<http://ids.clld.org/parameters/9-270>		<http://ids.clld.org/values/9-270-280-1>		"ma'tošmaki"@pcp	
"беш"@huz	<http://ids.clld.org/values/4-120-52-1>		<http://ids.clld.org/parameters/4-120>		<http://ids.clld.org/values/4-120-280-1>		"'wiči"@pcp	
"шура"@huz	<http://ids.clld.org/values/6-760-52-1>		<http://ids.clld.org/parameters/6-760>		<http://ids.clld.org/values/6-760-280-1>		"'kisi"@pcp	
"хъизан"@huz	<http://ids.clld.org/values/2-320-52-5>		<http://ids.clld.org/parameters/2-320>		<http://ids.clld.org/values/2-320-280-1>		"ʔa'wini"@pcp	
"шебу"@huz	<http://ids.clld.org/values/4-450-52-1>		<http://ids.clld.org/parameters/4-450>		<http://ids.clld.org/values/4-450-280-1>		"'taka"@pcp	
"аᴴгьикІу"@huz	<http://ids.clld.org/values/12-850-52-1>		<http://ids.clld.org/parameters/12-850>		<http://ids.clld.org/values/12-850-280-1>		"'kini"@pcp	
"улка"@huz	<http://ids.clld.org/values/1-210-52-3>		<http://ids.clld.org/parameters/1-210>		<http://ids.clld.org/values/1-210-280-1>		"'mai"@pcp	
"гьатІу"@huz	<http://ids.clld.org/values/5-550-52-1>		<http://ids.clld.org/parameters/5-550>		<http://ids.clld.org/values/5-550-280-1>		"'moto"@pcp	
"бамба"@huz	<http://ids.clld.org/values/6-240-52-1>		<http://ids.clld.org/parameters/6-240>		<http://ids.clld.org/values/6-240-280-1>		"waṣ̌'mɨna"@pcp	
"бе��а"@huz	<http://ids.clld.org/values/9-190-52-1>		<http://ids.clld.org/parameters/9-190>		<http://ids.clld.org/values/9-190-280-1>		"'taška"@pcp	
"тІəтІа"@huz	<http://ids.clld.org/values/9-220-52-3>		<http://ids.clld.org/parameters/9-220>		<http://ids.clld.org/values/9-220-280-1>		"'kɨɨsakia"@pcp	
"гьале"@huz	<http://ids.clld.org/values/4-370-52-1>		<http://ids.clld.org/parameters/4-370>		<http://ids.clld.org/values/4-370-280-1>		"'taʔɨ"@pcp	
"лъыᴴ"@huz	<http://ids.clld.org/values/1-310-52-1>		<http://ids.clld.org/parameters/1-310>		<http://ids.clld.org/values/1-310-280-1>		"'hɨnɨ"@pcp	
"бохъ"@huz	<http://ids.clld.org/values/1-520-52-1>		<http://ids.clld.org/parameters/1-520>		<http://ids.clld.org/values/1-520-280-1>		"'waři"@pcp	
"гьаᴴй"@huz	<http://ids.clld.org/values/4-150-52-1>		<http://ids.clld.org/parameters/4-150>		<http://ids.clld.org/values/4-150-280-1>		"'himi"@pcp	
"нацІа"@huz	<http://ids.clld.org/values/15-510-52-1>		<http://ids.clld.org/parameters/15-510>		<http://ids.clld.org/values/15-510-280-1>		"his'pa"@pcp	
"нацІа"@huz	<http://ids.clld.org/values/15-510-52-1>		<http://ids.clld.org/parameters/15-510>		<http://ids.clld.org/values/15-510-280-3>		"'hisna"@pcp	
"гьаре"@huz	<http://ids.clld.org/values/4-210-52-1>		<http://ids.clld.org/parameters/4-210>		<http://ids.clld.org/values/4-210-280-1>		"'wɨřo"@pcp	
"мина"@huz	<http://ids.clld.org/values/3-550-52-1>		<http://ids.clld.org/parameters/3-550>		<http://ids.clld.org/values/3-550-280-1>		"pati'aři"@pcp	
"ра̇кІу"@huz	<http://ids.clld.org/values/4-440-52-1>		<http://ids.clld.org/parameters/4-440>		<http://ids.clld.org/values/4-440-280-1>		"howi'ti"@pcp	
"ма̇га"@huz	<http://ids.clld.org/values/4-120-52-3>		<http://ids.clld.org/parameters/4-120>		<http://ids.clld.org/values/4-120-280-1>		"'wiči"@pcp	
"симинди"@huz	<http://ids.clld.org/values/8-470-52-1>		<http://ids.clld.org/parameters/8-470>		<http://ids.clld.org/values/8-470-280-1>		"'ṣ̌ɨki"@pcp	
"рулъа"@huz	<http://ids.clld.org/values/9-360-52-3>		<http://ids.clld.org/parameters/9-360>		<http://ids.clld.org/values/9-360-280-1>		"'aši"@pcp	
"ма̇че"@huz	<http://ids.clld.org/values/8-120-52-1>		<http://ids.clld.org/parameters/8-120>		<http://ids.clld.org/values/8-120-280-1>		"'wai"@pcp	
"эᴴху"@huz	<http://ids.clld.org/values/1-360-52-1>		<http://ids.clld.org/parameters/1-360>		<http://ids.clld.org/values/1-360-280-1>		"'ʔani"@pcp	
"эᴴху"@huz	<http://ids.clld.org/values/1-360-52-1>		<http://ids.clld.org/parameters/1-360>		<http://ids.clld.org/values/1-360-280-3>		"'pao"@pcp	
"вəдə"@huz	<http://ids.clld.org/values/1-750-52-1>		<http://ids.clld.org/parameters/1-750>		<http://ids.clld.org/values/1-750-280-3>		"ʔo'i"@pcp	
"вəдə"@huz	<http://ids.clld.org/values/1-750-52-1>		<http://ids.clld.org/parameters/1-750>		<http://ids.clld.org/values/1-750-280-1>		"o'i"@pcp	
"чІихху"@huz	<http://ids.clld.org/values/12-440-52-1>		<http://ids.clld.org/parameters/12-440>		<http://ids.clld.org/values/12-440-280-1>		"nɨ'ama"@pcp	
"боду"@huz	<http://ids.clld.org/values/2-930-52-3>		<http://ids.clld.org/parameters/2-930>		<http://ids.clld.org/values/2-930-280-1>		"'haa"@pcp	
"багьела"@huz	<http://ids.clld.org/values/9-270-52-3>		<http://ids.clld.org/parameters/9-270>		<http://ids.clld.org/values/9-270-280-1>		"ma'tošmaki"@pcp	
"ахъе"@huz	<http://ids.clld.org/values/2-320-52-1>		<http://ids.clld.org/parameters/2-320>		<http://ids.clld.org/values/2-320-280-1>		"ʔa'wini"@pcp	
"мару"@huz	<http://ids.clld.org/values/4-230-52-1>		<http://ids.clld.org/parameters/4-230>		<http://ids.clld.org/values/4-230-280-1>		"řɨ'kina"@pcp	
"оᴴг"@huz	<http://ids.clld.org/values/9-250-52-1>		<http://ids.clld.org/parameters/9-250>		<http://ids.clld.org/values/9-250-280-1>		"[hača]"@pcp	
"хотІохо"@huz	<http://ids.clld.org/values/3-950-52-1>		<http://ids.clld.org/parameters/3-950>		<http://ids.clld.org/values/3-950-280-1>		"wɨṣ̌ko"@pcp	
"цІунду"@huz	<http://ids.clld.org/values/15-660-52-1>		<http://ids.clld.org/parameters/15-660>		<http://ids.clld.org/values/15-660-280-1>		"'šini"@pcp	
"тыт"@huz	<http://ids.clld.org/values/1-840-52-1>		<http://ids.clld.org/parameters/1-840>		<http://ids.clld.org/values/1-840-280-1>		"'mišpo"@pcp	
"мор"@huz	<http://ids.clld.org/values/3-596-52-1>		<http://ids.clld.org/parameters/3-596>		<http://ids.clld.org/values/3-596-280-1>		"'popo"@pcp	
"ра̇ч"@huz	<http://ids.clld.org/values/9-190-52-3>		<http://ids.clld.org/parameters/9-190>		<http://ids.clld.org/values/9-190-280-1>		"'taška"@pcp	
"гьас"@huz	<http://ids.clld.org/values/1-730-52-1>		<http://ids.clld.org/parameters/1-730>		<http://ids.clld.org/values/1-730-280-1>		"'c̷ɨmo"@pcp	
"лъырдəна"@huz	<http://ids.clld.org/values/3-823-52-1>		<http://ids.clld.org/parameters/3-823>		<http://ids.clld.org/values/3-823-280-1>		"'wina"@pcp	
"лІибу"@huz	<http://ids.clld.org/values/8-560-52-1>		<http://ids.clld.org/parameters/8-560>		<http://ids.clld.org/values/8-560-280-1>		"'pɨʔi"@pcp	
"гьалду"@huz	<http://ids.clld.org/values/15-640-52-1>		<http://ids.clld.org/parameters/15-640>		<http://ids.clld.org/values/15-640-280-1>		"'hoṣ̌o"@pcp	
"лодка"@huz	<http://ids.clld.org/values/10-831-52-3>		<http://ids.clld.org/parameters/10-831>		<http://ids.clld.org/values/10-831-280-1>		"'noti"@pcp	
"цІə"@huz	<http://ids.clld.org/values/1-810-52-1>		<http://ids.clld.org/parameters/1-810>		<http://ids.clld.org/values/1-810-280-1>		"'čiʔi"@pcp	
"бацІар"@huz	<http://ids.clld.org/values/9-190-52-7>		<http://ids.clld.org/parameters/9-190>		<http://ids.clld.org/values/9-190-280-1>		"'taška"@pcp	
"коро"@huz	<http://ids.clld.org/values/4-330-52-1>		<http://ids.clld.org/parameters/4-330>		<http://ids.clld.org/values/4-330-280-1>		"mɨ'kɨna"@pcp	
"шикІу"@huz	<http://ids.clld.org/values/4-240-52-1>		<http://ids.clld.org/parameters/4-240>		<http://ids.clld.org/values/4-240-280-1>		"kɨ'wɨči"@pcp	
"пыртІи"@huz	<http://ids.clld.org/values/4-441-52-1>		<http://ids.clld.org/parameters/4-441>		<http://ids.clld.org/values/4-441-280-1>		"'taṣ̌a"@pcp	
"бува"@huz	<http://ids.clld.org/values/9-110-52-1>		<http://ids.clld.org/parameters/9-110>		<http://ids.clld.org/values/9-110-280-1>		"i'wɨ"@pcp	
"гьуᴴду"@huz	<http://ids.clld.org/values/1-880-52-1>		<http://ids.clld.org/parameters/1-880>		<http://ids.clld.org/values/1-880-280-1>		"'kařo"@pcp	
"гьа̇лур"@huz	<http://ids.clld.org/values/4-350-52-1>		<http://ids.clld.org/parameters/4-350>		<http://ids.clld.org/values/4-350-280-1>		"'wiko"@pcp	
"гьакІ"@huz	<http://ids.clld.org/values/8-570-52-1>		<http://ids.clld.org/parameters/8-570>		<http://ids.clld.org/values/8-570-280-3>		"řeṣ̌'pana"@pcp	
"гьакІ"@huz	<http://ids.clld.org/values/8-570-52-1>		<http://ids.clld.org/parameters/8-570>		<http://ids.clld.org/values/8-570-280-1>		"'hoa"@pcp	
"лед"@huz	<http://ids.clld.org/values/3-750-52-3>		<http://ids.clld.org/parameters/3-750>		<http://ids.clld.org/values/3-750-280-1>		"'čaṣ̌o"@pcp	
"вəдə"@huz	<http://ids.clld.org/values/14-410-52-1>		<http://ids.clld.org/parameters/14-410>		<http://ids.clld.org/values/14-410-280-1>		"'waři"@pcp	
"къану"@huz	<http://ids.clld.org/values/13-20-52-1>		<http://ids.clld.org/parameters/13-20>		<http://ids.clld.org/values/13-20-280-1>		"ra'wɨ"@pcp	
"коро"@huz	<http://ids.clld.org/values/4-310-52-3>		<http://ids.clld.org/parameters/4-310>		<http://ids.clld.org/values/4-310-280-1>		"po'yana"@pcp	
"къа̇м"@huz	<http://ids.clld.org/values/4-200-52-1>		<http://ids.clld.org/parameters/4-200>		<http://ids.clld.org/values/4-200-280-1>		"'mapo"@pcp	
"лІора"@huz	<http://ids.clld.org/values/4-160-52-1>		<http://ids.clld.org/parameters/4-160>		<http://ids.clld.org/values/4-160-280-1>		"'ṣ̌ao"@pcp	
"хоᴴхе"@huz	<http://ids.clld.org/values/8-600-52-1>		<http://ids.clld.org/parameters/8-600>		<http://ids.clld.org/values/8-600-280-1>		"'hiwi"@pcp	
"нехеру"@huz	<http://ids.clld.org/values/15-780-52-1>		<http://ids.clld.org/parameters/15-780>		<http://ids.clld.org/values/15-780-280-1>		"'ɨika"@pcp	
"палма"@huz	<http://ids.clld.org/values/8-810-52-1>		<http://ids.clld.org/parameters/8-810>		<http://ids.clld.org/values/8-810-280-1>		"'koti"@pcp	
"гьогьоду"@huz	<http://ids.clld.org/values/3-596-52-3>		<http://ids.clld.org/parameters/3-596>		<http://ids.clld.org/values/3-596-280-1>		"'popo"@pcp	
"гьас хъалІе"@huz	<http://ids.clld.org/values/1-560-52-1>		<http://ids.clld.org/parameters/1-560>		<http://ids.clld.org/values/1-560-280-1>		"'naina"@pcp	
"биэру"@huz	<http://ids.clld.org/values/12-560-52-1>		<http://ids.clld.org/parameters/12-560>		<http://ids.clld.org/values/12-560-280-1>		"'mišni"@pcp	
"гьодор"@huz	<http://ids.clld.org/values/8-120-52-3>		<http://ids.clld.org/parameters/8-120>		<http://ids.clld.org/values/8-120-280-1>		"'wai"@pcp	
"чІелу"@huz	<http://ids.clld.org/values/9-190-52-5>		<http://ids.clld.org/parameters/9-190>		<http://ids.clld.org/values/9-190-280-1>		"'taška"@pcp	
"къожа"@huz	<http://ids.clld.org/values/9-250-52-3>		<http://ids.clld.org/parameters/9-250>		<http://ids.clld.org/values/9-250-280-1>		"[hača]"@pcp	
"кело"@huz	<http://ids.clld.org/values/3-831-52-1>		<http://ids.clld.org/parameters/3-831>		<http://ids.clld.org/values/3-831-280-1>		"'šio"@pcp	
"кело"@huz	<http://ids.clld.org/values/3-831-52-1>		<http://ids.clld.org/parameters/3-831>		<http://ids.clld.org/values/3-831-280-3>		"'čio"@pcp	
"хъо"@huz	<http://ids.clld.org/values/1-830-52-1>		<http://ids.clld.org/parameters/1-830>		<http://ids.clld.org/values/1-830-280-1>		"ko'ʔina"@pcp	
"къəра"@huz	<http://ids.clld.org/values/2-280-52-1>		<http://ids.clld.org/parameters/2-280>		<http://ids.clld.org/values/2-280-280-1>		"'wakɨ 'pistia"@pcp	
"нацІекІа"@huz	<http://ids.clld.org/values/15-550-52-1>		<http://ids.clld.org/parameters/15-550>		<http://ids.clld.org/values/15-550-280-1>		"hi-'maki"@pcp	
"чІебатІ"@huz	<http://ids.clld.org/values/3-832-52-1>		<http://ids.clld.org/parameters/3-832>		<http://ids.clld.org/values/3-832-280-1>		"'wii"@pcp	
"боцо"@huz	<http://ids.clld.org/values/1-530-52-1>		<http://ids.clld.org/parameters/1-530>		<http://ids.clld.org/values/1-530-280-1>		"'ʔoṣ̌ɨ"@pcp	
"хоᴴхе"@huz	<http://ids.clld.org/values/1-420-52-1>		<http://ids.clld.org/parameters/1-420>		<http://ids.clld.org/values/1-420-280-1>		"'hiwi"@pcp	
"хъа̇лІу"@huz	<http://ids.clld.org/values/4-120-52-5>		<http://ids.clld.org/parameters/4-120>		<http://ids.clld.org/values/4-120-280-1>		"'wiči"@pcp	
"хъохъо"@huz	<http://ids.clld.org/values/7-120-52-1>		<http://ids.clld.org/parameters/7-120>		<http://ids.clld.org/values/7-120-280-1>		"'ṣ̌owo"@pcp	
"а̇бу"@huz	<http://ids.clld.org/values/2-210-52-1>		<http://ids.clld.org/parameters/2-210>		<http://ids.clld.org/values/2-210-280-1>		"'honi"@pcp	
"гогора"@huz	<http://ids.clld.org/values/4-208-52-1>		<http://ids.clld.org/parameters/4-208>		<http://ids.clld.org/values/4-208-280-1>		"'tamo"@pcp	
"бед"@huz	<http://ids.clld.org/values/2-930-52-1>		<http://ids.clld.org/parameters/2-930>		<http://ids.clld.org/values/2-930-280-1>		"'haa"@pcp	
"ба̇кІ"@huz	<http://ids.clld.org/values/3-580-52-1>		<http://ids.clld.org/parameters/3-580>		<http://ids.clld.org/values/3-580-280-1>		"'naʔa"@pcp	
"ахъе"@huz	<http://ids.clld.org/values/2-220-52-1>		<http://ids.clld.org/parameters/2-220>		<http://ids.clld.org/values/2-220-280-1>		"'yoṣ̌a"@pcp	
"ахъа"@huz	<http://ids.clld.org/values/2-320-52-3>		<http://ids.clld.org/parameters/2-320>		<http://ids.clld.org/values/2-320-280-1>		"ʔa'wini"@pcp	
"сумкІа"@huz	<http://ids.clld.org/values/9-780-52-1>		<http://ids.clld.org/parameters/9-780>		<http://ids.clld.org/values/9-780-280-1>		"'sota"@pcp	
"нийару"@huz	<http://ids.clld.org/values/15-350-52-1>		<http://ids.clld.org/parameters/15-350>		<http://ids.clld.org/values/15-350-280-1>		"tɨ'ɨ"@pcp	
"мыц"@huz	<http://ids.clld.org/values/4-260-52-1>		<http://ids.clld.org/parameters/4-260>		<http://ids.clld.org/values/4-260-280-1>		"'hana"@pcp	
"кьа̇лис хотІохо"@huz	<http://ids.clld.org/values/3-980-52-1>		<http://ids.clld.org/parameters/3-980>		<http://ids.clld.org/values/3-980-280-1>		"'ṣ̌awɨ"@pcp	
