"wīp"@gmh	<http://ids.clld.org/values/2-220-193-1>		<http://ids.clld.org/parameters/2-220>		<http://ids.clld.org/values/2-220-280-1>		"'yoṣ̌a"@pcp	
"bluot"@gmh	<http://ids.clld.org/values/4-150-193-1>		<http://ids.clld.org/parameters/4-150>		<http://ids.clld.org/values/4-150-280-1>		"'himi"@pcp	
"acker"@gmh	<http://ids.clld.org/values/8-120-193-1>		<http://ids.clld.org/parameters/8-120>		<http://ids.clld.org/values/8-120-280-1>		"'wai"@pcp	
"gemahele"@gmh	<http://ids.clld.org/values/2-320-193-5>		<http://ids.clld.org/parameters/2-320>		<http://ids.clld.org/values/2-320-280-1>		"ʔa'wini"@pcp	
"knopfelīn"@gmh	<http://ids.clld.org/values/6-760-193-1>		<http://ids.clld.org/parameters/6-760>		<http://ids.clld.org/values/6-760-280-1>		"'kisi"@pcp	
"was"@gmh	<http://ids.clld.org/values/15-780-193-3>		<http://ids.clld.org/parameters/15-780>		<http://ids.clld.org/values/15-780-280-1>		"'ɨika"@pcp	
"gemahele"@gmh	<http://ids.clld.org/values/2-310-193-3>		<http://ids.clld.org/parameters/2-310>		<http://ids.clld.org/values/2-310-280-1>		"'wɨnɨ"@pcp	
"bluome"@gmh	<http://ids.clld.org/values/8-570-193-1>		<http://ids.clld.org/parameters/8-570>		<http://ids.clld.org/values/8-570-280-3>		"řeṣ̌'pana"@pcp	
"bluome"@gmh	<http://ids.clld.org/values/8-570-193-1>		<http://ids.clld.org/parameters/8-570>		<http://ids.clld.org/values/8-570-280-1>		"'hoa"@pcp	
"ungezibere"@gmh	<http://ids.clld.org/values/3-810-193-1>		<http://ids.clld.org/parameters/3-810>		<http://ids.clld.org/values/3-810-280-1>		"wɨ'oso"@pcp	
"sehen"@gmh	<http://ids.clld.org/values/15-510-193-1>		<http://ids.clld.org/parameters/15-510>		<http://ids.clld.org/values/15-510-280-1>		"his'pa"@pcp	
"sehen"@gmh	<http://ids.clld.org/values/15-510-193-1>		<http://ids.clld.org/parameters/15-510>		<http://ids.clld.org/values/15-510-280-3>		"'hisna"@pcp	
"hüenel"@gmh	<http://ids.clld.org/values/3-550-193-3>		<http://ids.clld.org/parameters/3-550>		<http://ids.clld.org/values/3-550-280-1>		"pati'aři"@pcp	
"reif"@gmh	<http://ids.clld.org/values/9-190-193-7>		<http://ids.clld.org/parameters/9-190>		<http://ids.clld.org/values/9-190-280-1>		"'taška"@pcp	
"waschen"@gmh	<http://ids.clld.org/values/9-360-193-1>		<http://ids.clld.org/parameters/9-360>		<http://ids.clld.org/values/9-360-280-1>		"'aši"@pcp	
"ōr(e)"@gmh	<http://ids.clld.org/values/4-220-193-1>		<http://ids.clld.org/parameters/4-220>		<http://ids.clld.org/values/4-220-280-1>		"'paʔoki"@pcp	
"himel"@gmh	<http://ids.clld.org/values/1-510-193-1>		<http://ids.clld.org/parameters/1-510>		<http://ids.clld.org/values/1-510-280-1>		"na'ipa"@pcp	
"zan(t)"@gmh	<http://ids.clld.org/values/4-270-193-1>		<http://ids.clld.org/parameters/4-270>		<http://ids.clld.org/values/4-270-280-1>		"'ṣ̌ɨna"@pcp	
"hiufel"@gmh	<http://ids.clld.org/values/4-208-193-5>		<http://ids.clld.org/parameters/4-208>		<http://ids.clld.org/values/4-208-280-1>		"'tamo"@pcp	
"palme"@gmh	<http://ids.clld.org/values/8-810-193-1>		<http://ids.clld.org/parameters/8-810>		<http://ids.clld.org/values/8-810-280-1>		"'koti"@pcp	
"zöugen"@gmh	<http://ids.clld.org/values/15-550-193-3>		<http://ids.clld.org/parameters/15-550>		<http://ids.clld.org/values/15-550-280-1>		"hi-'maki"@pcp	
"līne"@gmh	<http://ids.clld.org/values/9-190-193-11>		<http://ids.clld.org/parameters/9-190>		<http://ids.clld.org/values/9-190-280-1>		"'taška"@pcp	
"brennholz"@gmh	<http://ids.clld.org/values/1-880-193-1>		<http://ids.clld.org/parameters/1-880>		<http://ids.clld.org/values/1-880-280-1>		"'kařo"@pcp	
"loch"@gmh	<http://ids.clld.org/values/12-850-193-1>		<http://ids.clld.org/parameters/12-850>		<http://ids.clld.org/values/12-850-280-1>		"'kini"@pcp	
"smal"@gmh	<http://ids.clld.org/values/12-560-193-3>		<http://ids.clld.org/parameters/12-560>		<http://ids.clld.org/values/12-560-280-1>		"'mišni"@pcp	
"arm"@gmh	<http://ids.clld.org/values/4-310-193-1>		<http://ids.clld.org/parameters/4-310>		<http://ids.clld.org/values/4-310-280-1>		"po'yana"@pcp	
"vahs"@gmh	<http://ids.clld.org/values/4-140-193-3>		<http://ids.clld.org/parameters/4-140>		<http://ids.clld.org/values/4-140-280-1>		"'woo"@pcp	
"spalten"@gmh	<http://ids.clld.org/values/9-270-193-1>		<http://ids.clld.org/parameters/9-270>		<http://ids.clld.org/values/9-270-280-1>		"ma'tošmaki"@pcp	
"sūgelinc"@gmh	<http://ids.clld.org/values/2-280-193-3>		<http://ids.clld.org/parameters/2-280>		<http://ids.clld.org/values/2-280-280-1>		"'wakɨ 'pistia"@pcp	
"herze"@gmh	<http://ids.clld.org/values/4-440-193-1>		<http://ids.clld.org/parameters/4-440>		<http://ids.clld.org/values/4-440-280-1>		"howi'ti"@pcp	
"rēch"@gmh	<http://ids.clld.org/values/3-750-193-1>		<http://ids.clld.org/parameters/3-750>		<http://ids.clld.org/values/3-750-280-1>		"'čaṣ̌o"@pcp	
"smæhe"@gmh	<http://ids.clld.org/values/12-560-193-5>		<http://ids.clld.org/parameters/12-560>		<http://ids.clld.org/values/12-560-280-1>		"'mišni"@pcp	
"dampf"@gmh	<http://ids.clld.org/values/1-830-193-3>		<http://ids.clld.org/parameters/1-830>		<http://ids.clld.org/values/1-830-280-1>		"ko'ʔina"@pcp	
"vogel"@gmh	<http://ids.clld.org/values/3-581-193-1>		<http://ids.clld.org/parameters/3-581>		<http://ids.clld.org/values/3-581-280-1>		"'isko"@pcp	
"ouge"@gmh	<http://ids.clld.org/values/4-210-193-1>		<http://ids.clld.org/parameters/4-210>		<http://ids.clld.org/values/4-210-280-1>		"'wɨřo"@pcp	
"regen"@gmh	<http://ids.clld.org/values/1-750-193-1>		<http://ids.clld.org/parameters/1-750>		<http://ids.clld.org/values/1-750-280-3>		"ʔo'i"@pcp	
"regen"@gmh	<http://ids.clld.org/values/1-750-193-1>		<http://ids.clld.org/parameters/1-750>		<http://ids.clld.org/values/1-750-280-1>		"o'i"@pcp	
"wespe"@gmh	<http://ids.clld.org/values/3-823-193-3>		<http://ids.clld.org/parameters/3-823>		<http://ids.clld.org/values/3-823-280-1>		"'wina"@pcp	
"nest"@gmh	<http://ids.clld.org/values/3-580-193-1>		<http://ids.clld.org/parameters/3-580>		<http://ids.clld.org/values/3-580-280-1>		"'naʔa"@pcp	
"māne"@gmh	<http://ids.clld.org/values/1-530-193-1>		<http://ids.clld.org/parameters/1-530>		<http://ids.clld.org/values/1-530-280-1>		"'ʔoṣ̌ɨ"@pcp	
"stric"@gmh	<http://ids.clld.org/values/9-190-193-3>		<http://ids.clld.org/parameters/9-190>		<http://ids.clld.org/values/9-190-280-1>		"'taška"@pcp	
"snīden"@gmh	<http://ids.clld.org/values/9-220-193-1>		<http://ids.clld.org/parameters/9-220>		<http://ids.clld.org/values/9-220-280-1>		"'kɨɨsakia"@pcp	
"iule"@gmh	<http://ids.clld.org/values/3-596-193-1>		<http://ids.clld.org/parameters/3-596>		<http://ids.clld.org/values/3-596-280-1>		"'popo"@pcp	
"snāke"@gmh	<http://ids.clld.org/values/3-832-193-1>		<http://ids.clld.org/parameters/3-832>		<http://ids.clld.org/values/3-832-280-1>		"'wii"@pcp	
"bart"@gmh	<http://ids.clld.org/values/4-142-193-1>		<http://ids.clld.org/parameters/4-142>		<http://ids.clld.org/values/4-142-280-1>		"'kɨni"@pcp	
"nase"@gmh	<http://ids.clld.org/values/4-230-193-1>		<http://ids.clld.org/parameters/4-230>		<http://ids.clld.org/values/4-230-280-1>		"řɨ'kina"@pcp	
"vluz"@gmh	<http://ids.clld.org/values/1-360-193-1>		<http://ids.clld.org/parameters/1-360>		<http://ids.clld.org/values/1-360-280-1>		"'ʔani"@pcp	
"vluz"@gmh	<http://ids.clld.org/values/1-360-193-1>		<http://ids.clld.org/parameters/1-360>		<http://ids.clld.org/values/1-360-280-3>		"'pao"@pcp	
"wazzer"@gmh	<http://ids.clld.org/values/1-310-193-1>		<http://ids.clld.org/parameters/1-310>		<http://ids.clld.org/values/1-310-280-1>		"'hɨnɨ"@pcp	
"lant"@gmh	<http://ids.clld.org/values/1-210-193-3>		<http://ids.clld.org/parameters/1-210>		<http://ids.clld.org/values/1-210-280-1>		"'mai"@pcp	
"obez"@gmh	<http://ids.clld.org/values/5-710-193-1>		<http://ids.clld.org/parameters/5-710>		<http://ids.clld.org/values/5-710-280-1>		"'kɨo"@pcp	
"mel"@gmh	<http://ids.clld.org/values/5-550-193-1>		<http://ids.clld.org/parameters/5-550>		<http://ids.clld.org/values/5-550-280-1>		"'moto"@pcp	
"zwei"@gmh	<http://ids.clld.org/values/13-20-193-1>		<http://ids.clld.org/parameters/13-20>		<http://ids.clld.org/values/13-20-280-1>		"ra'wɨ"@pcp	
"rōt"@gmh	<http://ids.clld.org/values/15-660-193-1>		<http://ids.clld.org/parameters/15-660>		<http://ids.clld.org/values/15-660-280-1>		"'šini"@pcp	
"lützel"@gmh	<http://ids.clld.org/values/12-560-193-1>		<http://ids.clld.org/parameters/12-560>		<http://ids.clld.org/values/12-560-280-1>		"'mišni"@pcp	
"bein"@gmh	<http://ids.clld.org/values/4-350-193-1>		<http://ids.clld.org/parameters/4-350>		<http://ids.clld.org/values/4-350-280-1>		"'wiko"@pcp	
"scharpf"@gmh	<http://ids.clld.org/values/15-780-193-1>		<http://ids.clld.org/parameters/15-780>		<http://ids.clld.org/values/15-780-280-1>		"'ɨika"@pcp	
"visch"@gmh	<http://ids.clld.org/values/3-650-193-1>		<http://ids.clld.org/parameters/3-650>		<http://ids.clld.org/values/3-650-280-3>		"'woɨ"@pcp	
"visch"@gmh	<http://ids.clld.org/values/3-650-193-1>		<http://ids.clld.org/parameters/3-650>		<http://ids.clld.org/values/3-650-280-1>		"sa'nino"@pcp	
"wurzel"@gmh	<http://ids.clld.org/values/8-540-193-1>		<http://ids.clld.org/parameters/8-540>		<http://ids.clld.org/values/8-540-280-1>		"ta'pono"@pcp	
"wīz"@gmh	<http://ids.clld.org/values/15-640-193-1>		<http://ids.clld.org/parameters/15-640>		<http://ids.clld.org/values/15-640-280-1>		"'hoṣ̌o"@pcp	
"boumwolle"@gmh	<http://ids.clld.org/values/6-240-193-1>		<http://ids.clld.org/parameters/6-240>		<http://ids.clld.org/values/6-240-280-1>		"waṣ̌'mɨna"@pcp	
"vrosch"@gmh	<http://ids.clld.org/values/3-950-193-1>		<http://ids.clld.org/parameters/3-950>		<http://ids.clld.org/values/3-950-280-1>		"wɨṣ̌ko"@pcp	
"kone"@gmh	<http://ids.clld.org/values/2-320-193-1>		<http://ids.clld.org/parameters/2-320>		<http://ids.clld.org/values/2-320-280-1>		"ʔa'wini"@pcp	
"asche"@gmh	<http://ids.clld.org/values/1-840-193-1>		<http://ids.clld.org/parameters/1-840>		<http://ids.clld.org/values/1-840-280-1>		"'mišpo"@pcp	
"man"@gmh	<http://ids.clld.org/values/2-210-193-1>		<http://ids.clld.org/parameters/2-210>		<http://ids.clld.org/values/2-210-280-1>		"'honi"@pcp	
"twahen"@gmh	<http://ids.clld.org/values/9-360-193-3>		<http://ids.clld.org/parameters/9-360>		<http://ids.clld.org/values/9-360-280-1>		"'aši"@pcp	
"zounen"@gmh	<http://ids.clld.org/values/15-550-193-5>		<http://ids.clld.org/parameters/15-550>		<http://ids.clld.org/values/15-550-280-1>		"hi-'maki"@pcp	
"bach"@gmh	<http://ids.clld.org/values/1-360-193-5>		<http://ids.clld.org/parameters/1-360>		<http://ids.clld.org/values/1-360-280-1>		"'ʔani"@pcp	
"bach"@gmh	<http://ids.clld.org/values/1-360-193-5>		<http://ids.clld.org/parameters/1-360>		<http://ids.clld.org/values/1-360-280-3>		"'pao"@pcp	
"hūs"@gmh	<http://ids.clld.org/values/7-120-193-1>		<http://ids.clld.org/parameters/7-120>		<http://ids.clld.org/values/7-120-280-1>		"'ṣ̌owo"@pcp	
"ha��r"@gmh	<http://ids.clld.org/values/4-140-193-1>		<http://ids.clld.org/parameters/4-140>		<http://ids.clld.org/values/4-140-280-1>		"'woo"@pcp	
"ei"@gmh	<http://ids.clld.org/values/5-970-193-1>		<http://ids.clld.org/parameters/5-970>		<http://ids.clld.org/values/5-970-280-1>		"'wači"@pcp	
"sterne"@gmh	<http://ids.clld.org/values/1-540-193-1>		<http://ids.clld.org/parameters/1-540>		<http://ids.clld.org/values/1-540-280-1>		"'wištima"@pcp	
"zunge"@gmh	<http://ids.clld.org/values/4-260-193-1>		<http://ids.clld.org/parameters/4-260>		<http://ids.clld.org/values/4-260-280-1>		"'hana"@pcp	
"klein"@gmh	<http://ids.clld.org/values/12-560-193-7>		<http://ids.clld.org/parameters/12-560>		<http://ids.clld.org/values/12-560-280-1>		"'mišni"@pcp	
"netze"@gmh	<http://ids.clld.org/values/9-780-193-1>		<http://ids.clld.org/parameters/9-780>		<http://ids.clld.org/values/9-780-280-1>		"'sota"@pcp	
"kopf"@gmh	<http://ids.clld.org/values/4-200-193-3>		<http://ids.clld.org/parameters/4-200>		<http://ids.clld.org/values/4-200-280-1>		"'mapo"@pcp	
"strōm"@gmh	<http://ids.clld.org/values/1-360-193-3>		<http://ids.clld.org/parameters/1-360>		<http://ids.clld.org/values/1-360-280-1>		"'ʔani"@pcp	
"strōm"@gmh	<http://ids.clld.org/values/1-360-193-3>		<http://ids.clld.org/parameters/1-360>		<http://ids.clld.org/values/1-360-280-3>		"'pao"@pcp	
"ver(re)"@gmh	<http://ids.clld.org/values/12-440-193-1>		<http://ids.clld.org/parameters/12-440>		<http://ids.clld.org/values/12-440-280-1>		"nɨ'ama"@pcp	
"wefse"@gmh	<http://ids.clld.org/values/3-823-193-1>		<http://ids.clld.org/parameters/3-823>		<http://ids.clld.org/values/3-823-280-1>		"'wina"@pcp	
"ich"@gmh	<http://ids.clld.org/values/2-910-193-1>		<http://ids.clld.org/parameters/2-910>		<http://ids.clld.org/values/2-910-280-1>		"'ɨa"@pcp	
"man"@gmh	<http://ids.clld.org/values/2-310-193-1>		<http://ids.clld.org/parameters/2-310>		<http://ids.clld.org/values/2-310-280-1>		"'wɨnɨ"@pcp	
"lebere"@gmh	<http://ids.clld.org/values/4-450-193-1>		<http://ids.clld.org/parameters/4-450>		<http://ids.clld.org/values/4-450-280-1>		"'taka"@pcp	
"loup"@gmh	<http://ids.clld.org/values/8-560-193-3>		<http://ids.clld.org/parameters/8-560>		<http://ids.clld.org/values/8-560-280-1>		"'pɨʔi"@pcp	
"boum"@gmh	<http://ids.clld.org/values/8-600-193-1>		<http://ids.clld.org/parameters/8-600>		<http://ids.clld.org/values/8-600-280-1>		"'hiwi"@pcp	
"wange"@gmh	<http://ids.clld.org/values/4-208-193-1>		<http://ids.clld.org/parameters/4-208>		<http://ids.clld.org/values/4-208-280-1>		"'tamo"@pcp	
"bein"@gmh	<http://ids.clld.org/values/4-160-193-1>		<http://ids.clld.org/parameters/4-160>		<http://ids.clld.org/values/4-160-280-1>		"'ṣ̌ao"@pcp	
"ackes"@gmh	<http://ids.clld.org/values/9-250-193-1>		<http://ids.clld.org/parameters/9-250>		<http://ids.clld.org/values/9-250-280-1>		"[hača]"@pcp	
"wīp"@gmh	<http://ids.clld.org/values/2-320-193-3>		<http://ids.clld.org/parameters/2-320>		<http://ids.clld.org/values/2-320-280-1>		"ʔa'wini"@pcp	
"kint"@gmh	<http://ids.clld.org/values/2-280-193-1>		<http://ids.clld.org/parameters/2-280>		<http://ids.clld.org/values/2-280-280-1>		"'wakɨ 'pistia"@pcp	
"vel"@gmh	<http://ids.clld.org/values/4-120-193-3>		<http://ids.clld.org/parameters/4-120>		<http://ids.clld.org/values/4-120-280-1>		"'wiči"@pcp	
"papegān"@gmh	<http://ids.clld.org/values/3-592-193-1>		<http://ids.clld.org/parameters/3-592>		<http://ids.clld.org/values/3-592-280-1>		"'wawa"@pcp	
"suoze"@gmh	<http://ids.clld.org/values/15-350-193-1>		<http://ids.clld.org/parameters/15-350>		<http://ids.clld.org/values/15-350-280-1>		"tɨ'ɨ"@pcp	
"lunge"@gmh	<http://ids.clld.org/values/4-441-193-1>		<http://ids.clld.org/parameters/4-441>		<http://ids.clld.org/values/4-441-280-1>		"'taṣ̌a"@pcp	
"zeigen"@gmh	<http://ids.clld.org/values/15-550-193-1>		<http://ids.clld.org/parameters/15-550>		<http://ids.clld.org/values/15-550-280-1>		"hi-'maki"@pcp	
"tac"@gmh	<http://ids.clld.org/values/14-410-193-1>		<http://ids.clld.org/parameters/14-410>		<http://ids.clld.org/values/14-410-280-1>		"'waři"@pcp	
"gīr"@gmh	<http://ids.clld.org/values/3-586-193-1>		<http://ids.clld.org/parameters/3-586>		<http://ids.clld.org/values/3-586-280-1>		"po'iko"@pcp	
"machen"@gmh	<http://ids.clld.org/values/9-110-193-3>		<http://ids.clld.org/parameters/9-110>		<http://ids.clld.org/values/9-110-280-1>		"i'wɨ"@pcp	
"backe"@gmh	<http://ids.clld.org/values/4-208-193-3>		<http://ids.clld.org/parameters/4-208>		<http://ids.clld.org/values/4-208-280-1>		"'tamo"@pcp	
"hunger"@gmh	<http://ids.clld.org/values/5-140-193-1>		<http://ids.clld.org/parameters/5-140>		<http://ids.clld.org/values/5-140-280-1>		"paṣ̌na'hai"@pcp	
"blat"@gmh	<http://ids.clld.org/values/8-560-193-1>		<http://ids.clld.org/parameters/8-560>		<http://ids.clld.org/values/8-560-280-1>		"'pɨʔi"@pcp	
"viur"@gmh	<http://ids.clld.org/values/1-810-193-1>		<http://ids.clld.org/parameters/1-810>		<http://ids.clld.org/values/1-810-280-1>		"'čiʔi"@pcp	
"meizen"@gmh	<http://ids.clld.org/values/9-220-193-3>		<http://ids.clld.org/parameters/9-220>		<http://ids.clld.org/values/9-220-280-1>		"'kɨɨsakia"@pcp	
"sunne"@gmh	<http://ids.clld.org/values/1-520-193-1>		<http://ids.clld.org/parameters/1-520>		<http://ids.clld.org/values/1-520-280-1>		"'waři"@pcp	
"hūt"@gmh	<http://ids.clld.org/values/4-120-193-1>		<http://ids.clld.org/parameters/4-120>		<http://ids.clld.org/values/4-120-280-1>		"'wiči"@pcp	
"schopf"@gmh	<http://ids.clld.org/values/4-140-193-5>		<http://ids.clld.org/parameters/4-140>		<http://ids.clld.org/values/4-140-280-1>		"'woo"@pcp	
"mücke"@gmh	<http://ids.clld.org/values/3-831-193-1>		<http://ids.clld.org/parameters/3-831>		<http://ids.clld.org/values/3-831-280-1>		"'šio"@pcp	
"mücke"@gmh	<http://ids.clld.org/values/3-831-193-1>		<http://ids.clld.org/parameters/3-831>		<http://ids.clld.org/values/3-831-280-3>		"'čio"@pcp	
"munt"@gmh	<http://ids.clld.org/values/4-240-193-1>		<http://ids.clld.org/parameters/4-240>		<http://ids.clld.org/values/4-240-280-1>		"kɨ'wɨči"@pcp	
"schildkrote"@gmh	<http://ids.clld.org/values/3-980-193-1>		<http://ids.clld.org/parameters/3-980>		<http://ids.clld.org/values/3-980-280-1>		"'ṣ̌awɨ"@pcp	
"erde"@gmh	<http://ids.clld.org/values/1-210-193-1>		<http://ids.clld.org/parameters/1-210>		<http://ids.clld.org/values/1-210-280-1>		"'mai"@pcp	
"er/si/ez"@gmh	<http://ids.clld.org/values/2-930-193-1>		<http://ids.clld.org/parameters/2-930>		<http://ids.clld.org/values/2-930-280-1>		"'haa"@pcp	
"doner"@gmh	<http://ids.clld.org/values/1-560-193-1>		<http://ids.clld.org/parameters/1-560>		<http://ids.clld.org/values/1-560-280-1>		"'naina"@pcp	
"boum"@gmh	<http://ids.clld.org/values/1-420-193-1>		<http://ids.clld.org/parameters/1-420>		<http://ids.clld.org/values/1-420-280-1>		"'hiwi"@pcp	
"huonlīn"@gmh	<http://ids.clld.org/values/3-550-193-1>		<http://ids.clld.org/parameters/3-550>		<http://ids.clld.org/values/3-550-280-1>		"pati'aři"@pcp	
"swære"@gmh	<http://ids.clld.org/values/15-810-193-1>		<http://ids.clld.org/parameters/15-810>		<http://ids.clld.org/values/15-810-280-1>		"'iwɨ"@pcp	
"vater"@gmh	<http://ids.clld.org/values/2-350-193-1>		<http://ids.clld.org/parameters/2-350>		<http://ids.clld.org/values/2-350-280-1>		"'ɨpa"@pcp	
"vater"@gmh	<http://ids.clld.org/values/2-350-193-1>		<http://ids.clld.org/parameters/2-350>		<http://ids.clld.org/values/2-350-280-3>		"'ʔɨpa"@pcp	
"snuor"@gmh	<http://ids.clld.org/values/9-190-193-9>		<http://ids.clld.org/parameters/9-190>		<http://ids.clld.org/values/9-190-280-1>		"'taška"@pcp	
"seil"@gmh	<http://ids.clld.org/values/9-190-193-1>		<http://ids.clld.org/parameters/9-190>		<http://ids.clld.org/values/9-190-280-1>		"'taška"@pcp	
"stranc"@gmh	<http://ids.clld.org/values/9-190-193-5>		<http://ids.clld.org/parameters/9-190>		<http://ids.clld.org/values/9-190-280-1>		"'taška"@pcp	
"muoter"@gmh	<http://ids.clld.org/values/2-360-193-1>		<http://ids.clld.org/parameters/2-360>		<http://ids.clld.org/values/2-360-280-1>		"'kai"@pcp	
"tuon"@gmh	<http://ids.clld.org/values/9-110-193-1>		<http://ids.clld.org/parameters/9-110>		<http://ids.clld.org/values/9-110-280-1>		"i'wɨ"@pcp	
"rouch"@gmh	<http://ids.clld.org/values/1-830-193-1>		<http://ids.clld.org/parameters/1-830>		<http://ids.clld.org/values/1-830-280-1>		"ko'ʔina"@pcp	
"rē"@gmh	<http://ids.clld.org/values/3-750-193-3>		<http://ids.clld.org/parameters/3-750>		<http://ids.clld.org/values/3-750-280-1>		"'čaṣ̌o"@pcp	
"wolken"@gmh	<http://ids.clld.org/values/1-730-193-1>		<http://ids.clld.org/parameters/1-730>		<http://ids.clld.org/values/1-730-280-1>		"'c̷ɨmo"@pcp	
"hant"@gmh	<http://ids.clld.org/values/4-330-193-1>		<http://ids.clld.org/parameters/4-330>		<http://ids.clld.org/values/4-330-280-1>		"mɨ'kɨna"@pcp	
"vuoz"@gmh	<http://ids.clld.org/values/4-370-193-1>		<http://ids.clld.org/parameters/4-370>		<http://ids.clld.org/values/4-370-280-1>		"'taʔɨ"@pcp	
"houbet"@gmh	<http://ids.clld.org/values/4-200-193-1>		<http://ids.clld.org/parameters/4-200>		<http://ids.clld.org/values/4-200-280-1>		"'mapo"@pcp	
