"Wange"@de	<http://ids.clld.org/values/4-208-194-1>		<http://ids.clld.org/parameters/4-208>		<http://ids.clld.org/values/4-208-280-1>		"'tamo"@pcp	
"Sonne"@de	<http://ids.clld.org/values/1-520-194-1>		<http://ids.clld.org/parameters/1-520>		<http://ids.clld.org/values/1-520-280-1>		"'waři"@pcp	
"Weib"@de	<http://ids.clld.org/values/2-220-194-3>		<http://ids.clld.org/parameters/2-220>		<http://ids.clld.org/values/2-220-280-1>		"'yoṣ̌a"@pcp	
"Nase"@de	<http://ids.clld.org/values/4-230-194-1>		<http://ids.clld.org/parameters/4-230>		<http://ids.clld.org/values/4-230-280-1>		"řɨ'kina"@pcp	
"Netz"@de	<http://ids.clld.org/values/9-780-194-1>		<http://ids.clld.org/parameters/9-780>		<http://ids.clld.org/values/9-780-280-1>		"'sota"@pcp	
"Bart"@de	<http://ids.clld.org/values/4-142-194-1>		<http://ids.clld.org/parameters/4-142>		<http://ids.clld.org/values/4-142-280-1>		"'kɨni"@pcp	
"Mann"@de	<http://ids.clld.org/values/2-310-194-1>		<http://ids.clld.org/parameters/2-310>		<http://ids.clld.org/values/2-310-280-1>		"'wɨnɨ"@pcp	
"Leber"@de	<http://ids.clld.org/values/4-450-194-1>		<http://ids.clld.org/parameters/4-450>		<http://ids.clld.org/values/4-450-280-1>		"'taka"@pcp	
"(Laub)"@de	<http://ids.clld.org/values/8-560-194-3>		<http://ids.clld.org/parameters/8-560>		<http://ids.clld.org/values/8-560-280-1>		"'pɨʔi"@pcp	
"Baumwolle"@de	<http://ids.clld.org/values/6-240-194-1>		<http://ids.clld.org/parameters/6-240>		<http://ids.clld.org/values/6-240-280-1>		"waṣ̌'mɨna"@pcp	
"Eule"@de	<http://ids.clld.org/values/3-596-194-1>		<http://ids.clld.org/parameters/3-596>		<http://ids.clld.org/values/3-596-280-1>		"'popo"@pcp	
"Blume"@de	<http://ids.clld.org/values/8-570-194-1>		<http://ids.clld.org/parameters/8-570>		<http://ids.clld.org/values/8-570-280-3>		"řeṣ̌'pana"@pcp	
"Blume"@de	<http://ids.clld.org/values/8-570-194-1>		<http://ids.clld.org/parameters/8-570>		<http://ids.clld.org/values/8-570-280-1>		"'hoa"@pcp	
"Bein"@de	<http://ids.clld.org/values/4-350-194-1>		<http://ids.clld.org/parameters/4-350>		<http://ids.clld.org/values/4-350-280-1>		"'wiko"@pcp	
"Lunge"@de	<http://ids.clld.org/values/4-441-194-1>		<http://ids.clld.org/parameters/4-441>		<http://ids.clld.org/values/4-441-280-1>		"'taṣ̌a"@pcp	
"spalten"@de	<http://ids.clld.org/values/9-270-194-1>		<http://ids.clld.org/parameters/9-270>		<http://ids.clld.org/values/9-270-280-1>		"ma'tošmaki"@pcp	
"Strom"@de	<http://ids.clld.org/values/1-360-194-3>		<http://ids.clld.org/parameters/1-360>		<http://ids.clld.org/values/1-360-280-1>		"'ʔani"@pcp	
"Strom"@de	<http://ids.clld.org/values/1-360-194-3>		<http://ids.clld.org/parameters/1-360>		<http://ids.clld.org/values/1-360-280-3>		"'pao"@pcp	
"schneiden"@de	<http://ids.clld.org/values/9-220-194-1>		<http://ids.clld.org/parameters/9-220>		<http://ids.clld.org/values/9-220-280-1>		"'kɨɨsakia"@pcp	
"sehen"@de	<http://ids.clld.org/values/15-510-194-1>		<http://ids.clld.org/parameters/15-510>		<http://ids.clld.org/values/15-510-280-1>		"his'pa"@pcp	
"sehen"@de	<http://ids.clld.org/values/15-510-194-1>		<http://ids.clld.org/parameters/15-510>		<http://ids.clld.org/values/15-510-280-3>		"'hisna"@pcp	
"Kopf"@de	<http://ids.clld.org/values/4-200-194-1>		<http://ids.clld.org/parameters/4-200>		<http://ids.clld.org/values/4-200-280-1>		"'mapo"@pcp	
"Herz"@de	<http://ids.clld.org/values/4-440-194-1>		<http://ids.clld.org/parameters/4-440>		<http://ids.clld.org/values/4-440-280-1>		"howi'ti"@pcp	
"Säugling"@de	<http://ids.clld.org/values/2-280-194-1>		<http://ids.clld.org/parameters/2-280>		<http://ids.clld.org/values/2-280-280-1>		"'wakɨ 'pistia"@pcp	
"Reh"@de	<http://ids.clld.org/values/3-750-194-3>		<http://ids.clld.org/parameters/3-750>		<http://ids.clld.org/values/3-750-280-1>		"'čaṣ̌o"@pcp	
"Schnake"@de	<http://ids.clld.org/values/3-832-194-3>		<http://ids.clld.org/parameters/3-832>		<http://ids.clld.org/values/3-832-280-1>		"'wii"@pcp	
"Land"@de	<http://ids.clld.org/values/1-210-194-3>		<http://ids.clld.org/parameters/1-210>		<http://ids.clld.org/values/1-210-280-1>		"'mai"@pcp	
"Haut"@de	<http://ids.clld.org/values/4-120-194-1>		<http://ids.clld.org/parameters/4-120>		<http://ids.clld.org/values/4-120-280-1>		"'wiči"@pcp	
"rot"@de	<http://ids.clld.org/values/15-660-194-1>		<http://ids.clld.org/parameters/15-660>		<http://ids.clld.org/values/15-660-280-1>		"'šini"@pcp	
"Baum"@de	<http://ids.clld.org/values/1-420-194-1>		<http://ids.clld.org/parameters/1-420>		<http://ids.clld.org/values/1-420-280-1>		"'hiwi"@pcp	
"scharf"@de	<http://ids.clld.org/values/15-780-194-1>		<http://ids.clld.org/parameters/15-780>		<http://ids.clld.org/values/15-780-280-1>		"'ɨika"@pcp	
"Baum"@de	<http://ids.clld.org/values/8-600-194-1>		<http://ids.clld.org/parameters/8-600>		<http://ids.clld.org/values/8-600-280-1>		"'hiwi"@pcp	
"weiß"@de	<http://ids.clld.org/values/15-640-194-1>		<http://ids.clld.org/parameters/15-640>		<http://ids.clld.org/values/15-640-280-1>		"'hoṣ̌o"@pcp	
"es"@de	<http://ids.clld.org/values/2-930-194-5>		<http://ids.clld.org/parameters/2-930>		<http://ids.clld.org/values/2-930-280-1>		"'haa"@pcp	
"waschen"@de	<http://ids.clld.org/values/9-360-194-1>		<http://ids.clld.org/parameters/9-360>		<http://ids.clld.org/values/9-360-280-1>		"'aši"@pcp	
"Hirsch"@de	<http://ids.clld.org/values/3-750-194-1>		<http://ids.clld.org/parameters/3-750>		<http://ids.clld.org/values/3-750-280-1>		"'čaṣ̌o"@pcp	
"Blatt"@de	<http://ids.clld.org/values/8-560-194-1>		<http://ids.clld.org/parameters/8-560>		<http://ids.clld.org/values/8-560-280-1>		"'pɨʔi"@pcp	
"Hunger"@de	<http://ids.clld.org/values/5-140-194-1>		<http://ids.clld.org/parameters/5-140>		<http://ids.clld.org/values/5-140-280-1>		"paṣ̌na'hai"@pcp	
"Asche"@de	<http://ids.clld.org/values/1-840-194-1>		<http://ids.clld.org/parameters/1-840>		<http://ids.clld.org/values/1-840-280-1>		"'mišpo"@pcp	
"Strick"@de	<http://ids.clld.org/values/9-190-194-5>		<http://ids.clld.org/parameters/9-190>		<http://ids.clld.org/values/9-190-280-1>		"'taška"@pcp	
"tun"@de	<http://ids.clld.org/values/9-110-194-1>		<http://ids.clld.org/parameters/9-110>		<http://ids.clld.org/values/9-110-280-1>		"i'wɨ"@pcp	
"Erde"@de	<http://ids.clld.org/values/1-210-194-1>		<http://ids.clld.org/parameters/1-210>		<http://ids.clld.org/values/1-210-280-1>		"'mai"@pcp	
"Brennholz"@de	<http://ids.clld.org/values/1-880-194-1>		<http://ids.clld.org/parameters/1-880>		<http://ids.clld.org/values/1-880-280-1>		"'kařo"@pcp	
"tau"@de	<http://ids.clld.org/values/9-190-194-3>		<http://ids.clld.org/parameters/9-190>		<http://ids.clld.org/values/9-190-280-1>		"'taška"@pcp	
"Insekt"@de	<http://ids.clld.org/values/3-810-194-1>		<http://ids.clld.org/parameters/3-810>		<http://ids.clld.org/values/3-810-280-1>		"wɨ'oso"@pcp	
"Nest"@de	<http://ids.clld.org/values/3-580-194-1>		<http://ids.clld.org/parameters/3-580>		<http://ids.clld.org/values/3-580-280-1>		"'naʔa"@pcp	
"schwer"@de	<http://ids.clld.org/values/15-810-194-1>		<http://ids.clld.org/parameters/15-810>		<http://ids.clld.org/values/15-810-280-1>		"'iwɨ"@pcp	
"Gemahlin"@de	<http://ids.clld.org/values/2-320-194-7>		<http://ids.clld.org/parameters/2-320>		<http://ids.clld.org/values/2-320-280-1>		"ʔa'wini"@pcp	
"Mann"@de	<http://ids.clld.org/values/2-210-194-1>		<http://ids.clld.org/parameters/2-210>		<http://ids.clld.org/values/2-210-280-1>		"'honi"@pcp	
"Hand"@de	<http://ids.clld.org/values/4-330-194-1>		<http://ids.clld.org/parameters/4-330>		<http://ids.clld.org/values/4-330-280-1>		"mɨ'kɨna"@pcp	
"machen"@de	<http://ids.clld.org/values/9-110-194-3>		<http://ids.clld.org/parameters/9-110>		<http://ids.clld.org/values/9-110-280-1>		"i'wɨ"@pcp	
"Haus"@de	<http://ids.clld.org/values/7-120-194-1>		<http://ids.clld.org/parameters/7-120>		<http://ids.clld.org/values/7-120-280-1>		"'ṣ̌owo"@pcp	
"Acker"@de	<http://ids.clld.org/values/8-120-194-1>		<http://ids.clld.org/parameters/8-120>		<http://ids.clld.org/values/8-120-280-1>		"'wai"@pcp	
"Papagei"@de	<http://ids.clld.org/values/3-592-194-1>		<http://ids.clld.org/parameters/3-592>		<http://ids.clld.org/values/3-592-280-1>		"'wawa"@pcp	
"fern"@de	<http://ids.clld.org/values/12-440-194-1>		<http://ids.clld.org/parameters/12-440>		<http://ids.clld.org/values/12-440-280-1>		"nɨ'ama"@pcp	
"Perle"@de	<http://ids.clld.org/values/6-760-194-1>		<http://ids.clld.org/parameters/6-760>		<http://ids.clld.org/values/6-760-280-1>		"'kisi"@pcp	
"Loch"@de	<http://ids.clld.org/values/12-850-194-1>		<http://ids.clld.org/parameters/12-850>		<http://ids.clld.org/values/12-850-280-1>		"'kini"@pcp	
"Haupt"@de	<http://ids.clld.org/values/4-200-194-3>		<http://ids.clld.org/parameters/4-200>		<http://ids.clld.org/values/4-200-280-1>		"'mapo"@pcp	
"Vogel"@de	<http://ids.clld.org/values/3-581-194-1>		<http://ids.clld.org/parameters/3-581>		<http://ids.clld.org/values/3-581-280-1>		"'isko"@pcp	
"Frau"@de	<http://ids.clld.org/values/2-220-194-1>		<http://ids.clld.org/parameters/2-220>		<http://ids.clld.org/values/2-220-280-1>		"'yoṣ̌a"@pcp	
"Obst"@de	<http://ids.clld.org/values/5-710-194-1>		<http://ids.clld.org/parameters/5-710>		<http://ids.clld.org/values/5-710-280-1>		"'kɨo"@pcp	
"Geier"@de	<http://ids.clld.org/values/3-586-194-1>		<http://ids.clld.org/parameters/3-586>		<http://ids.clld.org/values/3-586-280-1>		"po'iko"@pcp	
"Mutter"@de	<http://ids.clld.org/values/2-360-194-1>		<http://ids.clld.org/parameters/2-360>		<http://ids.clld.org/values/2-360-280-1>		"'kai"@pcp	
"Wespe"@de	<http://ids.clld.org/values/3-823-194-1>		<http://ids.clld.org/parameters/3-823>		<http://ids.clld.org/values/3-823-280-1>		"'wina"@pcp	
"Ohr"@de	<http://ids.clld.org/values/4-220-194-1>		<http://ids.clld.org/parameters/4-220>		<http://ids.clld.org/values/4-220-280-1>		"'paʔoki"@pcp	
"Wasser"@de	<http://ids.clld.org/values/1-310-194-1>		<http://ids.clld.org/parameters/1-310>		<http://ids.clld.org/values/1-310-280-1>		"'hɨnɨ"@pcp	
"Fluss"@de	<http://ids.clld.org/values/1-360-194-1>		<http://ids.clld.org/parameters/1-360>		<http://ids.clld.org/values/1-360-280-1>		"'ʔani"@pcp	
"Fluss"@de	<http://ids.clld.org/values/1-360-194-1>		<http://ids.clld.org/parameters/1-360>		<http://ids.clld.org/values/1-360-280-3>		"'pao"@pcp	
"Hühnchen"@de	<http://ids.clld.org/values/3-550-194-3>		<http://ids.clld.org/parameters/3-550>		<http://ids.clld.org/values/3-550-280-1>		"pati'aři"@pcp	
"Zahn"@de	<http://ids.clld.org/values/4-270-194-1>		<http://ids.clld.org/parameters/4-270>		<http://ids.clld.org/values/4-270-280-1>		"'ṣ̌ɨna"@pcp	
"Regen"@de	<http://ids.clld.org/values/1-750-194-1>		<http://ids.clld.org/parameters/1-750>		<http://ids.clld.org/values/1-750-280-3>		"ʔo'i"@pcp	
"Regen"@de	<http://ids.clld.org/values/1-750-194-1>		<http://ids.clld.org/parameters/1-750>		<http://ids.clld.org/values/1-750-280-1>		"o'i"@pcp	
"Beil"@de	<http://ids.clld.org/values/9-250-194-1>		<http://ids.clld.org/parameters/9-250>		<http://ids.clld.org/values/9-250-280-1>		"[hača]"@pcp	
"Mund"@de	<http://ids.clld.org/values/4-240-194-1>		<http://ids.clld.org/parameters/4-240>		<http://ids.clld.org/values/4-240-280-1>		"kɨ'wɨči"@pcp	
"Stechmücke"@de	<http://ids.clld.org/values/3-832-194-1>		<http://ids.clld.org/parameters/3-832>		<http://ids.clld.org/values/3-832-280-1>		"'wii"@pcp	
"zwei"@de	<http://ids.clld.org/values/13-20-194-1>		<http://ids.clld.org/parameters/13-20>		<http://ids.clld.org/values/13-20-280-1>		"ra'wɨ"@pcp	
"Donner"@de	<http://ids.clld.org/values/1-560-194-1>		<http://ids.clld.org/parameters/1-560>		<http://ids.clld.org/values/1-560-280-1>		"'naina"@pcp	
"Blut"@de	<http://ids.clld.org/values/4-150-194-1>		<http://ids.clld.org/parameters/4-150>		<http://ids.clld.org/values/4-150-280-1>		"'himi"@pcp	
"Schnake"@de	<http://ids.clld.org/values/3-831-194-3>		<http://ids.clld.org/parameters/3-831>		<http://ids.clld.org/values/3-831-280-1>		"'šio"@pcp	
"Schnake"@de	<http://ids.clld.org/values/3-831-194-3>		<http://ids.clld.org/parameters/3-831>		<http://ids.clld.org/values/3-831-280-3>		"'čio"@pcp	
"Vater"@de	<http://ids.clld.org/values/2-350-194-1>		<http://ids.clld.org/parameters/2-350>		<http://ids.clld.org/values/2-350-280-1>		"'ɨpa"@pcp	
"Vater"@de	<http://ids.clld.org/values/2-350-194-1>		<http://ids.clld.org/parameters/2-350>		<http://ids.clld.org/values/2-350-280-3>		"'ʔɨpa"@pcp	
"Wolke"@de	<http://ids.clld.org/values/1-730-194-1>		<http://ids.clld.org/parameters/1-730>		<http://ids.clld.org/values/1-730-280-1>		"'c̷ɨmo"@pcp	
"Mehl"@de	<http://ids.clld.org/values/5-550-194-1>		<http://ids.clld.org/parameters/5-550>		<http://ids.clld.org/values/5-550-280-1>		"'moto"@pcp	
"Frau"@de	<http://ids.clld.org/values/2-320-194-1>		<http://ids.clld.org/parameters/2-320>		<http://ids.clld.org/values/2-320-280-1>		"ʔa'wini"@pcp	
"Bach"@de	<http://ids.clld.org/values/1-360-194-5>		<http://ids.clld.org/parameters/1-360>		<http://ids.clld.org/values/1-360-280-1>		"'ʔani"@pcp	
"Bach"@de	<http://ids.clld.org/values/1-360-194-5>		<http://ids.clld.org/parameters/1-360>		<http://ids.clld.org/values/1-360-280-3>		"'pao"@pcp	
"Kanu"@de	<http://ids.clld.org/values/10-831-194-1>		<http://ids.clld.org/parameters/10-831>		<http://ids.clld.org/values/10-831-280-1>		"'noti"@pcp	
"Stern"@de	<http://ids.clld.org/values/1-540-194-1>		<http://ids.clld.org/parameters/1-540>		<http://ids.clld.org/values/1-540-280-1>		"'wištima"@pcp	
"Fell"@de	<http://ids.clld.org/values/4-120-194-3>		<http://ids.clld.org/parameters/4-120>		<http://ids.clld.org/values/4-120-280-1>		"'wiči"@pcp	
"klein"@de	<http://ids.clld.org/values/12-560-194-1>		<http://ids.clld.org/parameters/12-560>		<http://ids.clld.org/values/12-560-280-1>		"'mišni"@pcp	
"er"@de	<http://ids.clld.org/values/2-930-194-1>		<http://ids.clld.org/parameters/2-930>		<http://ids.clld.org/values/2-930-280-1>		"'haa"@pcp	
"Fuß"@de	<http://ids.clld.org/values/4-370-194-1>		<http://ids.clld.org/parameters/4-370>		<http://ids.clld.org/values/4-370-280-1>		"'taʔɨ"@pcp	
"Maniok"@de	<http://ids.clld.org/values/8-920-194-3>		<http://ids.clld.org/parameters/8-920>		<http://ids.clld.org/values/8-920-280-1>		"'ac̷a"@pcp	
"Moskito"@de	<http://ids.clld.org/values/3-832-194-5>		<http://ids.clld.org/parameters/3-832>		<http://ids.clld.org/values/3-832-280-1>		"'wii"@pcp	
"Gatte"@de	<http://ids.clld.org/values/2-310-194-5>		<http://ids.clld.org/parameters/2-310>		<http://ids.clld.org/values/2-310-280-1>		"'wɨnɨ"@pcp	
"Knochen"@de	<http://ids.clld.org/values/4-160-194-1>		<http://ids.clld.org/parameters/4-160>		<http://ids.clld.org/values/4-160-280-1>		"'ṣ̌ao"@pcp	
"Palme"@de	<http://ids.clld.org/values/8-810-194-1>		<http://ids.clld.org/parameters/8-810>		<http://ids.clld.org/values/8-810-280-1>		"'koti"@pcp	
"Ehefrau"@de	<http://ids.clld.org/values/2-320-194-3>		<http://ids.clld.org/parameters/2-320>		<http://ids.clld.org/values/2-320-280-1>		"ʔa'wini"@pcp	
"Baby"@de	<http://ids.clld.org/values/2-280-194-3>		<http://ids.clld.org/parameters/2-280>		<http://ids.clld.org/values/2-280-280-1>		"'wakɨ 'pistia"@pcp	
"Haar"@de	<http://ids.clld.org/values/4-140-194-1>		<http://ids.clld.org/parameters/4-140>		<http://ids.clld.org/values/4-140-280-1>		"'woo"@pcp	
"Arm"@de	<http://ids.clld.org/values/4-310-194-1>		<http://ids.clld.org/parameters/4-310>		<http://ids.clld.org/values/4-310-280-1>		"po'yana"@pcp	
"Kassave"@de	<http://ids.clld.org/values/8-920-194-5>		<http://ids.clld.org/parameters/8-920>		<http://ids.clld.org/values/8-920-280-1>		"'ac̷a"@pcp	
"zeigen"@de	<http://ids.clld.org/values/15-550-194-1>		<http://ids.clld.org/parameters/15-550>		<http://ids.clld.org/values/15-550-280-1>		"hi-'maki"@pcp	
"ich"@de	<http://ids.clld.org/values/2-910-194-1>		<http://ids.clld.org/parameters/2-910>		<http://ids.clld.org/values/2-910-280-1>		"'ɨa"@pcp	
"Schildkröte"@de	<http://ids.clld.org/values/3-980-194-1>		<http://ids.clld.org/parameters/3-980>		<http://ids.clld.org/values/3-980-280-1>		"'ṣ̌awɨ"@pcp	
"Wurzel"@de	<http://ids.clld.org/values/8-540-194-1>		<http://ids.clld.org/parameters/8-540>		<http://ids.clld.org/values/8-540-280-1>		"ta'pono"@pcp	
"Himmel"@de	<http://ids.clld.org/values/1-510-194-1>		<http://ids.clld.org/parameters/1-510>		<http://ids.clld.org/values/1-510-280-1>		"na'ipa"@pcp	
"Mücke"@de	<http://ids.clld.org/values/3-831-194-1>		<http://ids.clld.org/parameters/3-831>		<http://ids.clld.org/values/3-831-280-1>		"'šio"@pcp	
"Mücke"@de	<http://ids.clld.org/values/3-831-194-1>		<http://ids.clld.org/parameters/3-831>		<http://ids.clld.org/values/3-831-280-3>		"'čio"@pcp	
"Mond"@de	<http://ids.clld.org/values/1-530-194-1>		<http://ids.clld.org/parameters/1-530>		<http://ids.clld.org/values/1-530-280-1>		"'ʔoṣ̌ɨ"@pcp	
"Fisch"@de	<http://ids.clld.org/values/3-650-194-1>		<http://ids.clld.org/parameters/3-650>		<http://ids.clld.org/values/3-650-280-3>		"'woɨ"@pcp	
"Fisch"@de	<http://ids.clld.org/values/3-650-194-1>		<http://ids.clld.org/parameters/3-650>		<http://ids.clld.org/values/3-650-280-1>		"sa'nino"@pcp	
"(Backe)"@de	<http://ids.clld.org/values/4-208-194-3>		<http://ids.clld.org/parameters/4-208>		<http://ids.clld.org/values/4-208-280-1>		"'tamo"@pcp	
"Mais"@de	<http://ids.clld.org/values/8-470-194-1>		<http://ids.clld.org/parameters/8-470>		<http://ids.clld.org/values/8-470-280-1>		"'ṣ̌ɨki"@pcp	
"sie"@de	<http://ids.clld.org/values/2-930-194-3>		<http://ids.clld.org/parameters/2-930>		<http://ids.clld.org/values/2-930-280-1>		"'haa"@pcp	
"Ehemann"@de	<http://ids.clld.org/values/2-310-194-3>		<http://ids.clld.org/parameters/2-310>		<http://ids.clld.org/values/2-310-280-1>		"'wɨnɨ"@pcp	
"Auge"@de	<http://ids.clld.org/values/4-210-194-1>		<http://ids.clld.org/parameters/4-210>		<http://ids.clld.org/values/4-210-280-1>		"'wɨřo"@pcp	
"Gattin"@de	<http://ids.clld.org/values/2-320-194-5>		<http://ids.clld.org/parameters/2-320>		<http://ids.clld.org/values/2-320-280-1>		"ʔa'wini"@pcp	
"Frosch"@de	<http://ids.clld.org/values/3-950-194-1>		<http://ids.clld.org/parameters/3-950>		<http://ids.clld.org/values/3-950-280-1>		"wɨṣ̌ko"@pcp	
"Feld"@de	<http://ids.clld.org/values/8-120-194-3>		<http://ids.clld.org/parameters/8-120>		<http://ids.clld.org/values/8-120-280-1>		"'wai"@pcp	
"Seil"@de	<http://ids.clld.org/values/9-190-194-1>		<http://ids.clld.org/parameters/9-190>		<http://ids.clld.org/values/9-190-280-1>		"'taška"@pcp	
"Feuer"@de	<http://ids.clld.org/values/1-810-194-1>		<http://ids.clld.org/parameters/1-810>		<http://ids.clld.org/values/1-810-280-1>		"'čiʔi"@pcp	
"süß"@de	<http://ids.clld.org/values/15-350-194-1>		<http://ids.clld.org/parameters/15-350>		<http://ids.clld.org/values/15-350-280-1>		"tɨ'ɨ"@pcp	
"Zunge"@de	<http://ids.clld.org/values/4-260-194-1>		<http://ids.clld.org/parameters/4-260>		<http://ids.clld.org/values/4-260-280-1>		"'hana"@pcp	
"Schnur"@de	<http://ids.clld.org/values/9-190-194-7>		<http://ids.clld.org/parameters/9-190>		<http://ids.clld.org/values/9-190-280-1>		"'taška"@pcp	
"weit"@de	<http://ids.clld.org/values/12-440-194-3>		<http://ids.clld.org/parameters/12-440>		<http://ids.clld.org/values/12-440-280-1>		"nɨ'ama"@pcp	
"Axt"@de	<http://ids.clld.org/values/9-250-194-3>		<http://ids.clld.org/parameters/9-250>		<http://ids.clld.org/values/9-250-280-1>		"[hača]"@pcp	
"Tapioka"@de	<http://ids.clld.org/values/8-920-194-1>		<http://ids.clld.org/parameters/8-920>		<http://ids.clld.org/values/8-920-280-1>		"'ac̷a"@pcp	
"Tag"@de	<http://ids.clld.org/values/14-410-194-1>		<http://ids.clld.org/parameters/14-410>		<http://ids.clld.org/values/14-410-280-1>		"'waři"@pcp	
"Ei"@de	<http://ids.clld.org/values/5-970-194-1>		<http://ids.clld.org/parameters/5-970>		<http://ids.clld.org/values/5-970-280-1>		"'wači"@pcp	
"Gemahl"@de	<http://ids.clld.org/values/2-310-194-7>		<http://ids.clld.org/parameters/2-310>		<http://ids.clld.org/values/2-310-280-1>		"'wɨnɨ"@pcp	
"Rauch"@de	<http://ids.clld.org/values/1-830-194-1>		<http://ids.clld.org/parameters/1-830>		<http://ids.clld.org/values/1-830-280-1>		"ko'ʔina"@pcp	
"Kücken"@de	<http://ids.clld.org/values/3-550-194-1>		<http://ids.clld.org/parameters/3-550>		<http://ids.clld.org/values/3-550-280-1>		"pati'aři"@pcp	
