"wringen"@de	<http://ids.clld.org/values/9-343-194-7>		<http://ids.clld.org/parameters/9-343>		<http://ids.clld.org/values/9-343-286-1>		"humʔ"@pav	
"Holz"@de	<http://ids.clld.org/values/1-430-194-1>		<http://ids.clld.org/parameters/1-430>		<http://ids.clld.org/values/1-430-286-1>		"pana"@pav	
"suchen"@de	<http://ids.clld.org/values/11-310-194-1>		<http://ids.clld.org/parameters/11-310>		<http://ids.clld.org/values/11-310-286-1>		"noro"@pav	
"singen"@de	<http://ids.clld.org/values/18-120-194-1>		<http://ids.clld.org/parameters/18-120>		<http://ids.clld.org/values/18-120-286-1>		"kom"@pav	
"Sonne"@de	<http://ids.clld.org/values/1-520-194-1>		<http://ids.clld.org/parameters/1-520>		<http://ids.clld.org/values/1-520-286-1>		"šina"@pav	
"Weinstock"@de	<http://ids.clld.org/values/8-670-194-1>		<http://ids.clld.org/parameters/8-670>		<http://ids.clld.org/values/8-670-286-1>		"makon (makorišiʔ)"@pav	
"Atem"@de	<http://ids.clld.org/values/4-510-194-3>		<http://ids.clld.org/parameters/4-510>		<http://ids.clld.org/values/4-510-286-1>		"wereme"@pav	
"Weib"@de	<http://ids.clld.org/values/2-220-194-3>		<http://ids.clld.org/parameters/2-220>		<http://ids.clld.org/values/2-220-286-1>		"narimaʔ"@pav	
"Nase"@de	<http://ids.clld.org/values/4-230-194-1>		<http://ids.clld.org/parameters/4-230>		<http://ids.clld.org/values/4-230-286-1>		"werešiʔ (ut)"@pav	
"eben"@de	<http://ids.clld.org/values/15-770-194-3>		<http://ids.clld.org/parameters/15-770>		<http://ids.clld.org/values/15-770-286-1>		"topišik"@pav	
"grün"@de	<http://ids.clld.org/values/15-680-194-1>		<http://ids.clld.org/parameters/15-680>		<http://ids.clld.org/values/15-680-286-1>		"tb̃um"@pav	
"Flügel"@de	<http://ids.clld.org/values/4-392-194-1>		<http://ids.clld.org/parameters/4-392>		<http://ids.clld.org/values/4-392-286-1>		"tapaši"@pav	
"(Schweif)"@de	<http://ids.clld.org/values/4-180-194-3>		<http://ids.clld.org/parameters/4-180>		<http://ids.clld.org/values/4-180-286-1>		"kahwerein"@pav	
"Tod"@de	<http://ids.clld.org/values/4-750-194-5>		<http://ids.clld.org/parameters/4-750>		<http://ids.clld.org/values/4-750-286-3>		"konoʔ"@pav	
"Tod"@de	<http://ids.clld.org/values/4-750-194-5>		<http://ids.clld.org/parameters/4-750>		<http://ids.clld.org/values/4-750-286-1>		"miʔ pin"@pav	
"trocken"@de	<http://ids.clld.org/values/15-840-194-1>		<http://ids.clld.org/parameters/15-840>		<http://ids.clld.org/values/15-840-286-1>		"kawainʔ"@pav	
"Mann"@de	<http://ids.clld.org/values/2-310-194-1>		<http://ids.clld.org/parameters/2-310>		<http://ids.clld.org/values/2-310-286-1>		"taši"@pav	
"Leber"@de	<http://ids.clld.org/values/4-450-194-1>		<http://ids.clld.org/parameters/4-450>		<http://ids.clld.org/values/4-450-286-1>		"tarawanašiʔ (tarawan)"@pav	
"(Laub)"@de	<http://ids.clld.org/values/8-560-194-3>		<http://ids.clld.org/parameters/8-560>		<http://ids.clld.org/values/8-560-286-1>		"tenenein"@pav	
"schwarz"@de	<http://ids.clld.org/values/15-650-194-1>		<http://ids.clld.org/parameters/15-650>		<http://ids.clld.org/values/15-650-286-1>		"mišem"@pav	
"Eis"@de	<http://ids.clld.org/values/1-770-194-1>		<http://ids.clld.org/parameters/1-770>		<http://ids.clld.org/values/1-770-286-1>		"šio šio"@pav	
"Nebel"@de	<http://ids.clld.org/values/1-740-194-1>		<http://ids.clld.org/parameters/1-740>		<http://ids.clld.org/values/1-740-286-1>		"murukukuʔ"@pav	
"Blume"@de	<http://ids.clld.org/values/8-570-194-1>		<http://ids.clld.org/parameters/8-570>		<http://ids.clld.org/values/8-570-286-3>		"wiyein"@pav	
"Blume"@de	<http://ids.clld.org/values/8-570-194-1>		<http://ids.clld.org/parameters/8-570>		<http://ids.clld.org/values/8-570-286-1>		"piwain"@pav	
"Bein"@de	<http://ids.clld.org/values/4-350-194-1>		<http://ids.clld.org/parameters/4-350>		<http://ids.clld.org/values/4-350-286-1>		"pišiyašiʔ"@pav	
"Bein"@de	<http://ids.clld.org/values/4-350-194-1>		<http://ids.clld.org/parameters/4-350>		<http://ids.clld.org/values/4-350-286-3>		"kokošiʔ"@pav	
"spucken"@de	<http://ids.clld.org/values/4-560-194-1>		<http://ids.clld.org/parameters/4-560>		<http://ids.clld.org/values/4-560-286-1>		"hupaʔ"@pav	
"übergeben"@de	<http://ids.clld.org/values/4-570-194-5>		<http://ids.clld.org/parameters/4-570>		<http://ids.clld.org/values/4-570-286-1>		"weʔ"@pav	
"reden"@de	<http://ids.clld.org/values/18-210-194-3>		<http://ids.clld.org/parameters/18-210>		<http://ids.clld.org/values/18-210-286-1>		"tomiʔ"@pav	
"spalten"@de	<http://ids.clld.org/values/9-270-194-1>		<http://ids.clld.org/parameters/9-270>		<http://ids.clld.org/values/9-270-286-1>		"toʔ pahot"@pav	
"spalten"@de	<http://ids.clld.org/values/9-270-194-1>		<http://ids.clld.org/parameters/9-270>		<http://ids.clld.org/values/9-270-286-3>		"toʔ pahorohot"@pav	
"schmutzig"@de	<http://ids.clld.org/values/15-880-194-1>		<http://ids.clld.org/parameters/15-880>		<http://ids.clld.org/values/15-880-286-1>		"mišem"@pav	
"Strom"@de	<http://ids.clld.org/values/1-360-194-3>		<http://ids.clld.org/parameters/1-360>		<http://ids.clld.org/values/1-360-286-1>		"kom"@pav	
"dick"@de	<http://ids.clld.org/values/12-630-194-1>		<http://ids.clld.org/parameters/12-630>		<http://ids.clld.org/values/12-630-286-1>		"kwere"@pav	
"Mensch"@de	<http://ids.clld.org/values/2-100-194-1>		<http://ids.clld.org/parameters/2-100>		<http://ids.clld.org/values/2-100-286-1>		"wariʔ"@pav	
"hören"@de	<http://ids.clld.org/values/15-410-194-1>		<http://ids.clld.org/parameters/15-410>		<http://ids.clld.org/values/15-410-286-1>		"tarayu"@pav	
"Schwanz"@de	<http://ids.clld.org/values/4-180-194-1>		<http://ids.clld.org/parameters/4-180>		<http://ids.clld.org/values/4-180-286-1>		"kahwerein"@pav	
"schneiden"@de	<http://ids.clld.org/values/9-220-194-1>		<http://ids.clld.org/parameters/9-220>		<http://ids.clld.org/values/9-220-286-7>		"nakarkamʔ"@pav	
"schneiden"@de	<http://ids.clld.org/values/9-220-194-1>		<http://ids.clld.org/parameters/9-220>		<http://ids.clld.org/values/9-220-286-3>		"wawak"@pav	
"schneiden"@de	<http://ids.clld.org/values/9-220-194-1>		<http://ids.clld.org/parameters/9-220>		<http://ids.clld.org/values/9-220-286-9>		"ta"@pav	
"schneiden"@de	<http://ids.clld.org/values/9-220-194-1>		<http://ids.clld.org/parameters/9-220>		<http://ids.clld.org/values/9-220-286-5>		"nakamʔ"@pav	
"schneiden"@de	<http://ids.clld.org/values/9-220-194-1>		<http://ids.clld.org/parameters/9-220>		<http://ids.clld.org/values/9-220-286-1>		"wak"@pav	
"Sie"@de	<http://ids.clld.org/values/2-920-194-3>		<http://ids.clld.org/parameters/2-920>		<http://ids.clld.org/values/2-920-286-1>		"wum"@pav	
"sehen"@de	<http://ids.clld.org/values/15-510-194-1>		<http://ids.clld.org/parameters/15-510>		<http://ids.clld.org/values/15-510-286-1>		"kerek"@pav	
"Kopf"@de	<http://ids.clld.org/values/4-200-194-1>		<http://ids.clld.org/parameters/4-200>		<http://ids.clld.org/values/4-200-286-1>		"winašiʔ (wayiʔ)"@pav	
"Herz"@de	<http://ids.clld.org/values/4-440-194-1>		<http://ids.clld.org/parameters/4-440>		<http://ids.clld.org/values/4-440-286-1>		"šimišiʔ (šim)"@pav	
"Leben"@de	<http://ids.clld.org/values/4-740-194-5>		<http://ids.clld.org/parameters/4-740>		<http://ids.clld.org/values/4-740-286-1>		"eʔ"@pav	
"wir"@de	<http://ids.clld.org/values/2-941-194-1>		<http://ids.clld.org/parameters/2-941>		<http://ids.clld.org/values/2-941-286-1>		"wariʔ"@pav	
"ausquetschen"@de	<http://ids.clld.org/values/9-343-194-3>		<http://ids.clld.org/parameters/9-343>		<http://ids.clld.org/values/9-343-286-1>		"humʔ"@pav	
"stoßen"@de	<http://ids.clld.org/values/10-670-194-1>		<http://ids.clld.org/parameters/10-670>		<http://ids.clld.org/values/10-670-286-1>		"yök"@pav	
"Fett"@de	<http://ids.clld.org/values/5-791-194-1>		<http://ids.clld.org/parameters/5-791>		<http://ids.clld.org/values/5-791-286-1>		"homain"@pav	
"Saat"@de	<http://ids.clld.org/values/8-311-194-3>		<http://ids.clld.org/parameters/8-311>		<http://ids.clld.org/values/8-311-286-1>		"tokwi"@pav	
"Pfad"@de	<http://ids.clld.org/values/10-720-194-1>		<http://ids.clld.org/parameters/10-720>		<http://ids.clld.org/values/10-720-286-1>		"wana (wanayišiʔ)"@pav	
"jagen"@de	<http://ids.clld.org/values/20-610-194-1>		<http://ids.clld.org/parameters/20-610>		<http://ids.clld.org/values/20-610-286-1>		"yiʔam"@pav	
"Land"@de	<http://ids.clld.org/values/1-210-194-3>		<http://ids.clld.org/parameters/1-210>		<http://ids.clld.org/values/1-210-286-1>		"makanʔ"@pav	
"Tier"@de	<http://ids.clld.org/values/3-110-194-1>		<http://ids.clld.org/parameters/3-110>		<http://ids.clld.org/values/3-110-286-1>		"karawa"@pav	
"vermodert"@de	<http://ids.clld.org/values/5-125-194-5>		<http://ids.clld.org/parameters/5-125>		<http://ids.clld.org/values/5-125-286-1>		"šowuru"@pav	
"stechen"@de	<http://ids.clld.org/values/9-223-194-1>		<http://ids.clld.org/parameters/9-223>		<http://ids.clld.org/values/9-223-286-1>		"šukunʔ"@pav	
"Haut"@de	<http://ids.clld.org/values/4-120-194-1>		<http://ids.clld.org/parameters/4-120>		<http://ids.clld.org/values/4-120-286-1>		"taparišiʔ"@pav	
"rot"@de	<http://ids.clld.org/values/15-660-194-1>		<http://ids.clld.org/parameters/15-660>		<http://ids.clld.org/values/15-660-286-1>		"pakaʔ"@pav	
"schwimmen"@de	<http://ids.clld.org/values/10-350-194-1>		<http://ids.clld.org/parameters/10-350>		<http://ids.clld.org/values/10-350-286-3>		"panʔ karakam"@pav	
"schwimmen"@de	<http://ids.clld.org/values/10-350-194-1>		<http://ids.clld.org/parameters/10-350>		<http://ids.clld.org/values/10-350-286-1>		"panʔ kam"@pav	
"See"@de	<http://ids.clld.org/values/1-330-194-1>		<http://ids.clld.org/parameters/1-330>		<http://ids.clld.org/values/1-330-286-1>		"šuteremʔ"@pav	
"Baum"@de	<http://ids.clld.org/values/1-420-194-1>		<http://ids.clld.org/parameters/1-420>		<http://ids.clld.org/values/1-420-286-1>		"pana"@pav	
"Zorn"@de	<http://ids.clld.org/values/16-420-194-1>		<http://ids.clld.org/parameters/16-420>		<http://ids.clld.org/values/16-420-286-1>		"manaʔ"@pav	
"scharf"@de	<http://ids.clld.org/values/15-780-194-1>		<http://ids.clld.org/parameters/15-780>		<http://ids.clld.org/values/15-780-286-1>		"šaʔ"@pav	
"schwimmen"@de	<http://ids.clld.org/values/10-340-194-3>		<http://ids.clld.org/parameters/10-340>		<http://ids.clld.org/values/10-340-286-1>		"ho"@pav	
"schwimmen"@de	<http://ids.clld.org/values/10-340-194-3>		<http://ids.clld.org/parameters/10-340>		<http://ids.clld.org/values/10-340-286-3>		"horoho"@pav	
"viel"@de	<http://ids.clld.org/values/13-150-194-1>		<http://ids.clld.org/parameters/13-150>		<http://ids.clld.org/values/13-150-286-1>		"iriʔ miyo/ miya"@pav	
"rinnen"@de	<http://ids.clld.org/values/10-320-194-3>		<http://ids.clld.org/parameters/10-320>		<http://ids.clld.org/values/10-320-286-3>		"weweweo"@pav	
"rinnen"@de	<http://ids.clld.org/values/10-320-194-3>		<http://ids.clld.org/parameters/10-320>		<http://ids.clld.org/values/10-320-286-1>		"weo"@pav	
"Baum"@de	<http://ids.clld.org/values/8-600-194-1>		<http://ids.clld.org/parameters/8-600>		<http://ids.clld.org/values/8-600-286-1>		"pana"@pav	
"gelb"@de	<http://ids.clld.org/values/15-690-194-1>		<http://ids.clld.org/parameters/15-690>		<http://ids.clld.org/values/15-690-286-1>		"košik"@pav	
"Steig"@de	<http://ids.clld.org/values/10-720-194-3>		<http://ids.clld.org/parameters/10-720>		<http://ids.clld.org/values/10-720-286-1>		"wana (wanayišiʔ)"@pav	
"speien"@de	<http://ids.clld.org/values/4-560-194-3>		<http://ids.clld.org/parameters/4-560>		<http://ids.clld.org/values/4-560-286-1>		"hupaʔ"@pav	
"weiß"@de	<http://ids.clld.org/values/15-640-194-1>		<http://ids.clld.org/parameters/15-640>		<http://ids.clld.org/values/15-640-286-1>		"towoʔ"@pav	
"fallen"@de	<http://ids.clld.org/values/10-230-194-1>		<http://ids.clld.org/parameters/10-230>		<http://ids.clld.org/values/10-230-286-3>		"kamaraʔ"@pav	
"fallen"@de	<http://ids.clld.org/values/10-230-194-1>		<http://ids.clld.org/parameters/10-230>		<http://ids.clld.org/values/10-230-286-1>		"panʔ"@pav	
"schlafen"@de	<http://ids.clld.org/values/4-610-194-1>		<http://ids.clld.org/parameters/4-610>		<http://ids.clld.org/values/4-610-286-1>		"piʔam"@pav	
"sagen"@de	<http://ids.clld.org/values/18-220-194-1>		<http://ids.clld.org/parameters/18-220>		<http://ids.clld.org/values/18-220-286-1>		"tomiʔ šoʔ"@pav	
"umbringen"@de	<http://ids.clld.org/values/4-760-194-5>		<http://ids.clld.org/parameters/4-760>		<http://ids.clld.org/values/4-760-286-1>		"paʔ"@pav	
"Hals"@de	<http://ids.clld.org/values/4-280-194-1>		<http://ids.clld.org/parameters/4-280>		<http://ids.clld.org/values/4-280-286-1>		"paramašiʔ"@pav	
"Hauch"@de	<http://ids.clld.org/values/4-510-194-5>		<http://ids.clld.org/parameters/4-510>		<http://ids.clld.org/values/4-510-286-1>		"wereme"@pav	
"zählen"@de	<http://ids.clld.org/values/13-107-194-1>		<http://ids.clld.org/parameters/13-107>		<http://ids.clld.org/values/13-107-286-1>		"piyimʔ"@pav	
"es"@de	<http://ids.clld.org/values/2-930-194-5>		<http://ids.clld.org/parameters/2-930>		<http://ids.clld.org/values/2-930-286-1>		"ko maʔ"@pav	
"waschen"@de	<http://ids.clld.org/values/9-360-194-1>		<http://ids.clld.org/parameters/9-360>		<http://ids.clld.org/values/9-360-286-3>		"toʔ"@pav	
"waschen"@de	<http://ids.clld.org/values/9-360-194-1>		<http://ids.clld.org/parameters/9-360>		<http://ids.clld.org/values/9-360-286-1>		"hohok"@pav	
"Blatt"@de	<http://ids.clld.org/values/8-560-194-1>		<http://ids.clld.org/parameters/8-560>		<http://ids.clld.org/values/8-560-286-1>		"tenenein"@pav	
"Knie"@de	<http://ids.clld.org/values/4-360-194-1>		<http://ids.clld.org/parameters/4-360>		<http://ids.clld.org/values/4-360-286-1>		"karamašiʔ (karam)"@pav	
"schaben"@de	<http://ids.clld.org/values/5-480-194-3>		<http://ids.clld.org/parameters/5-480>		<http://ids.clld.org/values/5-480-286-1>		"kuruk"@pav	
"alt"@de	<http://ids.clld.org/values/14-150-194-1>		<http://ids.clld.org/parameters/14-150>		<http://ids.clld.org/values/14-150-286-1>		"maraʔ"@pav	
"alt"@de	<http://ids.clld.org/values/14-150-194-1>		<http://ids.clld.org/parameters/14-150>		<http://ids.clld.org/values/14-150-286-3>		"horon"@pav	
"Asche"@de	<http://ids.clld.org/values/1-840-194-1>		<http://ids.clld.org/parameters/1-840>		<http://ids.clld.org/values/1-840-286-1>		"topakon"@pav	
"Strick"@de	<http://ids.clld.org/values/9-190-194-5>		<http://ids.clld.org/parameters/9-190>		<http://ids.clld.org/values/9-190-286-1>		"makon (makorišiʔ)"@pav	
"alle"@de	<http://ids.clld.org/values/13-140-194-3>		<http://ids.clld.org/parameters/13-140>		<http://ids.clld.org/values/13-140-286-1>		"šam"@pav	
"trinken"@de	<http://ids.clld.org/values/5-130-194-1>		<http://ids.clld.org/parameters/5-130>		<http://ids.clld.org/values/5-130-286-1>		"tok"@pav	
"trinken"@de	<http://ids.clld.org/values/5-130-194-1>		<http://ids.clld.org/parameters/5-130>		<http://ids.clld.org/values/5-130-286-3>		"tototok"@pav	
"werfen"@de	<http://ids.clld.org/values/10-250-194-1>		<http://ids.clld.org/parameters/10-250>		<http://ids.clld.org/values/10-250-286-3>		"wišikaoʔ"@pav	
"werfen"@de	<http://ids.clld.org/values/10-250-194-1>		<http://ids.clld.org/parameters/10-250>		<http://ids.clld.org/values/10-250-286-1>		"šin"@pav	
"glatt"@de	<http://ids.clld.org/values/15-770-194-1>		<http://ids.clld.org/parameters/15-770>		<http://ids.clld.org/values/15-770-286-1>		"topišik"@pav	
"Berg"@de	<http://ids.clld.org/values/1-220-194-1>		<http://ids.clld.org/parameters/1-220>		<http://ids.clld.org/values/1-220-286-1>		"pakun"@pav	
"Meer"@de	<http://ids.clld.org/values/1-320-194-1>		<http://ids.clld.org/parameters/1-320>		<http://ids.clld.org/values/1-320-286-1>		"kote ne kom"@pav	
"feucht"@de	<http://ids.clld.org/values/15-830-194-3>		<http://ids.clld.org/parameters/15-830>		<http://ids.clld.org/values/15-830-286-1>		"šoʔ"@pav	
"Erde"@de	<http://ids.clld.org/values/1-210-194-1>		<http://ids.clld.org/parameters/1-210>		<http://ids.clld.org/values/1-210-286-1>		"makanʔ"@pav	
"Wind"@de	<http://ids.clld.org/values/1-720-194-1>		<http://ids.clld.org/parameters/1-720>		<http://ids.clld.org/values/1-720-286-1>		"hotowa"@pav	
"tau"@de	<http://ids.clld.org/values/9-190-194-3>		<http://ids.clld.org/parameters/9-190>		<http://ids.clld.org/values/9-190-286-1>		"makon (makorišiʔ)"@pav	
"riechen"@de	<http://ids.clld.org/values/15-210-194-1>		<http://ids.clld.org/parameters/15-210>		<http://ids.clld.org/values/15-210-286-3>		"hu"@pav	
"riechen"@de	<http://ids.clld.org/values/15-210-194-1>		<http://ids.clld.org/parameters/15-210>		<http://ids.clld.org/values/15-210-286-1>		"nak"@pav	
"Wald"@de	<http://ids.clld.org/values/1-410-194-1>		<http://ids.clld.org/parameters/1-410>		<http://ids.clld.org/values/1-410-286-1>		"nahwarak"@pav	
"lang"@de	<http://ids.clld.org/values/12-570-194-1>		<http://ids.clld.org/parameters/12-570>		<http://ids.clld.org/values/12-570-286-1>		"matam"@pav	
"Laus"@de	<http://ids.clld.org/values/3-811-194-1>		<http://ids.clld.org/parameters/3-811>		<http://ids.clld.org/values/3-811-286-1>		"ioʔ"@pav	
"rund"@de	<http://ids.clld.org/values/12-810-194-1>		<http://ids.clld.org/parameters/12-810>		<http://ids.clld.org/values/12-810-286-1>		"monoʔo"@pav	
"warm"@de	<http://ids.clld.org/values/15-851-194-1>		<http://ids.clld.org/parameters/15-851>		<http://ids.clld.org/values/15-851-286-3>		"nonoe"@pav	
"warm"@de	<http://ids.clld.org/values/15-851-194-1>		<http://ids.clld.org/parameters/15-851>		<http://ids.clld.org/values/15-851-286-1>		"šain"@pav	
"schwer"@de	<http://ids.clld.org/values/15-810-194-1>		<http://ids.clld.org/parameters/15-810>		<http://ids.clld.org/values/15-810-286-3>		"taʔ man"@pav	
"schwer"@de	<http://ids.clld.org/values/15-810-194-1>		<http://ids.clld.org/parameters/15-810>		<http://ids.clld.org/values/15-810-286-1>		"šite"@pav	
"schwer"@de	<http://ids.clld.org/values/15-810-194-1>		<http://ids.clld.org/parameters/15-810>		<http://ids.clld.org/values/15-810-286-5>		"teʔ man"@pav	
"link"@de	<http://ids.clld.org/values/12-420-194-1>		<http://ids.clld.org/parameters/12-420>		<http://ids.clld.org/values/12-420-286-1>		"parayišiʔ"@pav	
"Gemahlin"@de	<http://ids.clld.org/values/2-320-194-7>		<http://ids.clld.org/parameters/2-320>		<http://ids.clld.org/values/2-320-286-1>		"mana"@pav	
"Schwellung"@de	<http://ids.clld.org/values/4-853-194-1>		<http://ids.clld.org/parameters/4-853>		<http://ids.clld.org/values/4-853-286-1>		"mom"@pav	
"Mann"@de	<http://ids.clld.org/values/2-210-194-1>		<http://ids.clld.org/parameters/2-210>		<http://ids.clld.org/values/2-210-286-1>		"taramaʔ"@pav	
"kurz"@de	<http://ids.clld.org/values/12-590-194-1>		<http://ids.clld.org/parameters/12-590>		<http://ids.clld.org/values/12-590-286-1>		"wiyimain"@pav	
"fliegen"@de	<http://ids.clld.org/values/10-370-194-1>		<http://ids.clld.org/parameters/10-370>		<http://ids.clld.org/values/10-370-286-3>		"toin"@pav	
"fliegen"@de	<http://ids.clld.org/values/10-370-194-1>		<http://ids.clld.org/parameters/10-370>		<http://ids.clld.org/values/10-370-286-1>		"takiʔ"@pav	
"Gedärme"@de	<http://ids.clld.org/values/4-461-194-3>		<http://ids.clld.org/parameters/4-461>		<http://ids.clld.org/values/4-461-286-1>		"monošiʔ (mon)"@pav	
"Hand"@de	<http://ids.clld.org/values/4-330-194-1>		<http://ids.clld.org/parameters/4-330>		<http://ids.clld.org/values/4-330-286-1>		"mišiʔ"@pav	
"Hand"@de	<http://ids.clld.org/values/4-330-194-1>		<http://ids.clld.org/parameters/4-330>		<http://ids.clld.org/values/4-330-286-3>		"(umʔ)"@pav	
"Jahr"@de	<http://ids.clld.org/values/14-730-194-1>		<http://ids.clld.org/parameters/14-730>		<http://ids.clld.org/values/14-730-286-1>		"kawašiʔ"@pav	
"Stein"@de	<http://ids.clld.org/values/1-440-194-1>		<http://ids.clld.org/parameters/1-440>		<http://ids.clld.org/values/1-440-286-1>		"pakun"@pav	
"dürr"@de	<http://ids.clld.org/values/15-840-194-3>		<http://ids.clld.org/parameters/15-840>		<http://ids.clld.org/values/15-840-286-1>		"kawainʔ"@pav	
"lebendig"@de	<http://ids.clld.org/values/4-740-194-1>		<http://ids.clld.org/parameters/4-740>		<http://ids.clld.org/values/4-740-286-1>		"eʔ"@pav	
"liegen"@de	<http://ids.clld.org/values/12-140-194-1>		<http://ids.clld.org/parameters/12-140>		<http://ids.clld.org/values/12-140-286-1>		"teremʔ"@pav	
"liegen"@de	<http://ids.clld.org/values/12-140-194-1>		<http://ids.clld.org/parameters/12-140>		<http://ids.clld.org/values/12-140-286-3>		"tokoʔ"@pav	
"(arg)"@de	<http://ids.clld.org/values/16-720-194-9>		<http://ids.clld.org/parameters/16-720>		<http://ids.clld.org/values/16-720-286-1>		"kayi"@pav	
"schlecht"@de	<http://ids.clld.org/values/16-720-194-1>		<http://ids.clld.org/parameters/16-720>		<http://ids.clld.org/values/16-720-286-1>		"kayi"@pav	
"neu"@de	<http://ids.clld.org/values/14-130-194-1>		<http://ids.clld.org/parameters/14-130>		<http://ids.clld.org/values/14-130-286-1>		"šokori"@pav	
"voll"@de	<http://ids.clld.org/values/13-210-194-1>		<http://ids.clld.org/parameters/13-210>		<http://ids.clld.org/values/13-210-286-5>		"maʔam"@pav	
"voll"@de	<http://ids.clld.org/values/13-210-194-1>		<http://ids.clld.org/parameters/13-210>		<http://ids.clld.org/values/13-210-286-3>		"moromoinʔ"@pav	
"voll"@de	<http://ids.clld.org/values/13-210-194-1>		<http://ids.clld.org/parameters/13-210>		<http://ids.clld.org/values/13-210-286-1>		"moinʔ"@pav	
"fern"@de	<http://ids.clld.org/values/12-440-194-1>		<http://ids.clld.org/parameters/12-440>		<http://ids.clld.org/values/12-440-286-1>		"pira"@pav	
"Haupt"@de	<http://ids.clld.org/values/4-200-194-3>		<http://ids.clld.org/parameters/4-200>		<http://ids.clld.org/values/4-200-286-1>		"winašiʔ (wayiʔ)"@pav	
"Vogel"@de	<http://ids.clld.org/values/3-581-194-1>		<http://ids.clld.org/parameters/3-581>		<http://ids.clld.org/values/3-581-286-1>		"me"@pav	
"Frau"@de	<http://ids.clld.org/values/2-220-194-1>		<http://ids.clld.org/parameters/2-220>		<http://ids.clld.org/values/2-220-286-1>		"narimaʔ"@pav	
"Obst"@de	<http://ids.clld.org/values/5-710-194-1>		<http://ids.clld.org/parameters/5-710>		<http://ids.clld.org/values/5-710-286-3>		"winain"@pav	
"Obst"@de	<http://ids.clld.org/values/5-710-194-1>		<http://ids.clld.org/parameters/5-710>		<http://ids.clld.org/values/5-710-286-1>		"memem"@pav	
"faul"@de	<http://ids.clld.org/values/5-125-194-1>		<http://ids.clld.org/parameters/5-125>		<http://ids.clld.org/values/5-125-286-1>		"šowuru"@pav	
"Mutter"@de	<http://ids.clld.org/values/2-360-194-1>		<http://ids.clld.org/parameters/2-360>		<http://ids.clld.org/values/2-360-286-1>		"naʔ"@pav	
"recht"@de	<http://ids.clld.org/values/16-730-194-1>		<http://ids.clld.org/parameters/16-730>		<http://ids.clld.org/values/16-730-286-1>		"šoʔ"@pav	
"sie"@de	<http://ids.clld.org/values/2-960-194-1>		<http://ids.clld.org/parameters/2-960>		<http://ids.clld.org/values/2-960-286-1>		"karam maʔ"@pav	
"Ohr"@de	<http://ids.clld.org/values/4-220-194-1>		<http://ids.clld.org/parameters/4-220>		<http://ids.clld.org/values/4-220-286-1>		"tara-yišiʔ (taraʔ)"@pav	
"reiben"@de	<http://ids.clld.org/values/9-310-194-1>		<http://ids.clld.org/parameters/9-310>		<http://ids.clld.org/values/9-310-286-1>		"šik"@pav	
"stehen"@de	<http://ids.clld.org/values/12-150-194-1>		<http://ids.clld.org/parameters/12-150>		<http://ids.clld.org/values/12-150-286-1>		"tekiʔ pe"@pav	
"stehen"@de	<http://ids.clld.org/values/12-150-194-1>		<http://ids.clld.org/parameters/12-150>		<http://ids.clld.org/values/12-150-286-3>		"tekiʔ to"@pav	
"Wasser"@de	<http://ids.clld.org/values/1-310-194-1>		<http://ids.clld.org/parameters/1-310>		<http://ids.clld.org/values/1-310-286-1>		"kom (komišiʔ)"@pav	
"Fluss"@de	<http://ids.clld.org/values/1-360-194-1>		<http://ids.clld.org/parameters/1-360>		<http://ids.clld.org/values/1-360-286-1>		"kom"@pav	
"brechen"@de	<http://ids.clld.org/values/4-570-194-1>		<http://ids.clld.org/parameters/4-570>		<http://ids.clld.org/values/4-570-286-1>		"weʔ"@pav	
"Name"@de	<http://ids.clld.org/values/18-280-194-1>		<http://ids.clld.org/parameters/18-280>		<http://ids.clld.org/values/18-280-286-1>		"wišišiʔ (wit)"@pav	
"Klaue"@de	<http://ids.clld.org/values/4-345-194-1>		<http://ids.clld.org/parameters/4-345>		<http://ids.clld.org/values/4-345-286-1>		"šikinain"@pav	
"Zahn"@de	<http://ids.clld.org/values/4-270-194-1>		<http://ids.clld.org/parameters/4-270>		<http://ids.clld.org/values/4-270-286-1>		"šišiʔ (yat)"@pav	
"Regen"@de	<http://ids.clld.org/values/1-750-194-1>		<http://ids.clld.org/parameters/1-750>		<http://ids.clld.org/values/1-750-286-1>		"šowiʔ"@pav	
"richtig"@de	<http://ids.clld.org/values/16-730-194-3>		<http://ids.clld.org/parameters/16-730>		<http://ids.clld.org/values/16-730-286-1>		"šoʔ"@pav	
"Fleisch"@de	<http://ids.clld.org/values/4-130-194-1>		<http://ids.clld.org/parameters/4-130>		<http://ids.clld.org/values/4-130-286-1>		"kwerešiʔ"@pav	
"Mund"@de	<http://ids.clld.org/values/4-240-194-1>		<http://ids.clld.org/parameters/4-240>		<http://ids.clld.org/values/4-240-286-1>		"kapiyašiʔ (topak)"@pav	
"Rebe"@de	<http://ids.clld.org/values/8-670-194-3>		<http://ids.clld.org/parameters/8-670>		<http://ids.clld.org/values/8-670-286-1>		"makon (makorišiʔ)"@pav	
"kommen"@de	<http://ids.clld.org/values/10-480-194-1>		<http://ids.clld.org/parameters/10-480>		<http://ids.clld.org/values/10-480-286-1>		"makiʔ"@pav	
"dünn"@de	<http://ids.clld.org/values/12-650-194-1>		<http://ids.clld.org/parameters/12-650>		<http://ids.clld.org/values/12-650-286-1>		"šašiʔ"@pav	
"(böse)"@de	<http://ids.clld.org/values/16-720-194-5>		<http://ids.clld.org/parameters/16-720>		<http://ids.clld.org/values/16-720-286-1>		"kayi"@pav	
"Furcht"@de	<http://ids.clld.org/values/16-530-194-1>		<http://ids.clld.org/parameters/16-530>		<http://ids.clld.org/values/16-530-286-1>		"yinʔ"@pav	
"Wurm"@de	<http://ids.clld.org/values/3-840-194-1>		<http://ids.clld.org/parameters/3-840>		<http://ids.clld.org/values/3-840-286-1>		"meteʔ"@pav	
"zwei"@de	<http://ids.clld.org/values/13-20-194-1>		<http://ids.clld.org/parameters/13-20>		<http://ids.clld.org/values/13-20-286-1>		"tuku karakan"@pav	
"halten"@de	<http://ids.clld.org/values/11-150-194-1>		<http://ids.clld.org/parameters/11-150>		<http://ids.clld.org/values/11-150-286-1>		"kep"@pav	
"quetschen"@de	<http://ids.clld.org/values/9-343-194-1>		<http://ids.clld.org/parameters/9-343>		<http://ids.clld.org/values/9-343-286-1>		"humʔ"@pav	
"Nähen"@de	<http://ids.clld.org/values/6-350-194-1>		<http://ids.clld.org/parameters/6-350>		<http://ids.clld.org/values/6-350-286-1>		"ok"@pav	
"lebend"@de	<http://ids.clld.org/values/4-740-194-3>		<http://ids.clld.org/parameters/4-740>		<http://ids.clld.org/values/4-740-286-1>		"eʔ"@pav	
"Eingeweide"@de	<http://ids.clld.org/values/4-461-194-1>		<http://ids.clld.org/parameters/4-461>		<http://ids.clld.org/values/4-461-286-1>		"monošiʔ (mon)"@pav	
"Blut"@de	<http://ids.clld.org/values/4-150-194-1>		<http://ids.clld.org/parameters/4-150>		<http://ids.clld.org/values/4-150-286-1>		"kišiʔ (wik)"@pav	
"Vater"@de	<http://ids.clld.org/values/2-350-194-1>		<http://ids.clld.org/parameters/2-350>		<http://ids.clld.org/values/2-350-286-1>		"te"@pav	
"Rücken"@de	<http://ids.clld.org/values/4-190-194-1>		<http://ids.clld.org/parameters/4-190>		<http://ids.clld.org/values/4-190-286-1>		"warašiʔ"@pav	
"Wolke"@de	<http://ids.clld.org/values/1-730-194-1>		<http://ids.clld.org/parameters/1-730>		<http://ids.clld.org/values/1-730-286-1>		"tayain nanawin"@pav	
"du"@de	<http://ids.clld.org/values/2-920-194-1>		<http://ids.clld.org/parameters/2-920>		<http://ids.clld.org/values/2-920-286-1>		"wum"@pav	
"breit"@de	<http://ids.clld.org/values/12-610-194-1>		<http://ids.clld.org/parameters/12-610>		<http://ids.clld.org/values/12-610-286-1>		"kote ne kimain"@pav	
"reiben"@de	<http://ids.clld.org/values/5-480-194-1>		<http://ids.clld.org/parameters/5-480>		<http://ids.clld.org/values/5-480-286-1>		"kuruk"@pav	
"Frau"@de	<http://ids.clld.org/values/2-320-194-1>		<http://ids.clld.org/parameters/2-320>		<http://ids.clld.org/values/2-320-286-1>		"mana"@pav	
"Bach"@de	<http://ids.clld.org/values/1-360-194-5>		<http://ids.clld.org/parameters/1-360>		<http://ids.clld.org/values/1-360-286-1>		"kom"@pav	
"wehen"@de	<http://ids.clld.org/values/10-380-194-3>		<http://ids.clld.org/parameters/10-380>		<http://ids.clld.org/values/10-380-286-3>		"hukoʔ"@pav	
"wehen"@de	<http://ids.clld.org/values/10-380-194-3>		<http://ids.clld.org/parameters/10-380>		<http://ids.clld.org/values/10-380-286-1>		"hu"@pav	
"Sand"@de	<http://ids.clld.org/values/1-215-194-1>		<http://ids.clld.org/parameters/1-215>		<http://ids.clld.org/values/1-215-286-1>		"namayi"@pav	
"Stern"@de	<http://ids.clld.org/values/1-540-194-1>		<http://ids.clld.org/parameters/1-540>		<http://ids.clld.org/values/1-540-286-1>		"piyoʔ"@pav	
"sitzen"@de	<http://ids.clld.org/values/12-130-194-1>		<http://ids.clld.org/parameters/12-130>		<http://ids.clld.org/values/12-130-286-1>		"šaoʔ pe"@pav	
"sitzen"@de	<http://ids.clld.org/values/12-130-194-1>		<http://ids.clld.org/parameters/12-130>		<http://ids.clld.org/values/12-130-286-3>		"šaoʔ to"@pav	
"Fell"@de	<http://ids.clld.org/values/4-120-194-3>		<http://ids.clld.org/parameters/4-120>		<http://ids.clld.org/values/4-120-286-1>		"taparišiʔ"@pav	
"klein"@de	<http://ids.clld.org/values/12-560-194-1>		<http://ids.clld.org/parameters/12-560>		<http://ids.clld.org/values/12-560-286-1>		"wiyimain"@pav	
"Hund"@de	<http://ids.clld.org/values/3-610-194-1>		<http://ids.clld.org/parameters/3-610>		<http://ids.clld.org/values/3-610-286-1>		"oromiyak"@pav	
"er"@de	<http://ids.clld.org/values/2-930-194-1>		<http://ids.clld.org/parameters/2-930>		<http://ids.clld.org/values/2-930-286-1>		"ko maʔ"@pav	
"Fuß"@de	<http://ids.clld.org/values/4-370-194-1>		<http://ids.clld.org/parameters/4-370>		<http://ids.clld.org/values/4-370-286-1>		"kašimašiʔ (kašim)"@pav	
"wir"@de	<http://ids.clld.org/values/2-942-194-1>		<http://ids.clld.org/parameters/2-942>		<http://ids.clld.org/values/2-942-286-1>		"warut"@pav	
"Kind"@de	<http://ids.clld.org/values/2-270-194-1>		<http://ids.clld.org/parameters/2-270>		<http://ids.clld.org/values/2-270-286-1>		"piyeʔ"@pav	
"blasen"@de	<http://ids.clld.org/values/10-380-194-1>		<http://ids.clld.org/parameters/10-380>		<http://ids.clld.org/values/10-380-286-3>		"hukoʔ"@pav	
"blasen"@de	<http://ids.clld.org/values/10-380-194-1>		<http://ids.clld.org/parameters/10-380>		<http://ids.clld.org/values/10-380-286-1>		"hu"@pav	
"männlich"@de	<http://ids.clld.org/values/2-230-194-1>		<http://ids.clld.org/parameters/2-230>		<http://ids.clld.org/values/2-230-286-1>		"taramaʔ"@pav	
"Kralle"@de	<http://ids.clld.org/values/4-345-194-3>		<http://ids.clld.org/parameters/4-345>		<http://ids.clld.org/values/4-345-286-1>		"šikinain"@pav	
"atmen"@de	<http://ids.clld.org/values/4-510-194-1>		<http://ids.clld.org/parameters/4-510>		<http://ids.clld.org/values/4-510-286-1>		"wereme"@pav	
"Gras"@de	<http://ids.clld.org/values/8-510-194-1>		<http://ids.clld.org/parameters/8-510>		<http://ids.clld.org/values/8-510-286-1>		"tononoin"@pav	
"schieben"@de	<http://ids.clld.org/values/10-670-194-3>		<http://ids.clld.org/parameters/10-670>		<http://ids.clld.org/values/10-670-286-1>		"yök"@pav	
"Gatte"@de	<http://ids.clld.org/values/2-310-194-5>		<http://ids.clld.org/parameters/2-310>		<http://ids.clld.org/values/2-310-286-1>		"taši"@pav	
"Staub"@de	<http://ids.clld.org/values/1-213-194-1>		<http://ids.clld.org/parameters/1-213>		<http://ids.clld.org/values/1-213-286-1>		"tainʔ"@pav	
"Salz"@de	<http://ids.clld.org/values/5-810-194-1>		<http://ids.clld.org/parameters/5-810>		<http://ids.clld.org/values/5-810-286-1>		"[sal]"@pav	
"Graben"@de	<http://ids.clld.org/values/8-220-194-1>		<http://ids.clld.org/parameters/8-220>		<http://ids.clld.org/values/8-220-286-1>		"še"@pav	
"Graben"@de	<http://ids.clld.org/values/8-220-194-1>		<http://ids.clld.org/parameters/8-220>		<http://ids.clld.org/values/8-220-286-3>		"šikeʔ"@pav	
"Knochen"@de	<http://ids.clld.org/values/4-160-194-1>		<http://ids.clld.org/parameters/4-160>		<http://ids.clld.org/values/4-160-286-1>		"arašiʔ (at)"@pav	
"brennen"@de	<http://ids.clld.org/values/1-851-194-1>		<http://ids.clld.org/parameters/1-851>		<http://ids.clld.org/values/1-851-286-3>		"wiran"@pav	
"brennen"@de	<http://ids.clld.org/values/1-851-194-1>		<http://ids.clld.org/parameters/1-851>		<http://ids.clld.org/values/1-851-286-1>		"tom"@pav	
"brennen"@de	<http://ids.clld.org/values/1-851-194-1>		<http://ids.clld.org/parameters/1-851>		<http://ids.clld.org/values/1-851-286-5>		"karahoʔ"@pav	
"denken"@de	<http://ids.clld.org/values/17-130-194-1>		<http://ids.clld.org/parameters/17-130>		<http://ids.clld.org/values/17-130-286-1>		"koromikat"@pav	
"kennen"@de	<http://ids.clld.org/values/17-170-194-3>		<http://ids.clld.org/parameters/17-170>		<http://ids.clld.org/values/17-170-286-1>		"tašiʔ"@pav	
"kennen"@de	<http://ids.clld.org/values/17-170-194-3>		<http://ids.clld.org/parameters/17-170>		<http://ids.clld.org/values/17-170-286-3>		"kerek"@pav	
"kennen"@de	<http://ids.clld.org/values/17-170-194-3>		<http://ids.clld.org/parameters/17-170>		<http://ids.clld.org/values/17-170-286-5>		"kerek pinʔ"@pav	
"Ehefrau"@de	<http://ids.clld.org/values/2-320-194-3>		<http://ids.clld.org/parameters/2-320>		<http://ids.clld.org/values/2-320-286-1>		"mana"@pav	
"Samen"@de	<http://ids.clld.org/values/8-311-194-1>		<http://ids.clld.org/parameters/8-311>		<http://ids.clld.org/values/8-311-286-1>		"tokwi"@pav	
"wenig"@de	<http://ids.clld.org/values/13-170-194-1>		<http://ids.clld.org/parameters/13-170>		<http://ids.clld.org/values/13-170-286-1>		"parek"@pav	
"drehen"@de	<http://ids.clld.org/values/10-130-194-1>		<http://ids.clld.org/parameters/10-130>		<http://ids.clld.org/values/10-130-286-1>		"yami"@pav	
"Schrecken"@de	<http://ids.clld.org/values/16-530-194-3>		<http://ids.clld.org/parameters/16-530>		<http://ids.clld.org/values/16-530-286-1>		"yinʔ"@pav	
"spielen"@de	<http://ids.clld.org/values/16-260-194-1>		<http://ids.clld.org/parameters/16-260>		<http://ids.clld.org/values/16-260-286-1>		"warayu"@pav	
"tot"@de	<http://ids.clld.org/values/4-750-194-3>		<http://ids.clld.org/parameters/4-750>		<http://ids.clld.org/values/4-750-286-3>		"konoʔ"@pav	
"tot"@de	<http://ids.clld.org/values/4-750-194-3>		<http://ids.clld.org/parameters/4-750>		<http://ids.clld.org/values/4-750-286-1>		"miʔ pin"@pav	
"sprechen"@de	<http://ids.clld.org/values/18-210-194-1>		<http://ids.clld.org/parameters/18-210>		<http://ids.clld.org/values/18-210-286-1>		"tomiʔ"@pav	
"treiben"@de	<http://ids.clld.org/values/10-340-194-1>		<http://ids.clld.org/parameters/10-340>		<http://ids.clld.org/values/10-340-286-1>		"ho"@pav	
"treiben"@de	<http://ids.clld.org/values/10-340-194-1>		<http://ids.clld.org/parameters/10-340>		<http://ids.clld.org/values/10-340-286-3>		"horoho"@pav	
"Hügel"@de	<http://ids.clld.org/values/1-220-194-3>		<http://ids.clld.org/parameters/1-220>		<http://ids.clld.org/values/1-220-286-1>		"pakun"@pav	
"Haar"@de	<http://ids.clld.org/values/4-140-194-1>		<http://ids.clld.org/parameters/4-140>		<http://ids.clld.org/values/4-140-286-1>		"tenenešiʔ"@pav	
"Haar"@de	<http://ids.clld.org/values/4-140-194-1>		<http://ids.clld.org/parameters/4-140>		<http://ids.clld.org/values/4-140-286-3>		"tenenein (šun)"@pav	
"gehen"@de	<http://ids.clld.org/values/10-450-194-1>		<http://ids.clld.org/parameters/10-450>		<http://ids.clld.org/values/10-450-286-1>		"šut"@pav	
"gehen"@de	<http://ids.clld.org/values/10-450-194-1>		<http://ids.clld.org/parameters/10-450>		<http://ids.clld.org/values/10-450-286-3>		"šurušut"@pav	
"ziehen"@de	<http://ids.clld.org/values/9-330-194-1>		<http://ids.clld.org/parameters/9-330>		<http://ids.clld.org/values/9-330-286-1>		"kök"@pav	
"essen"@de	<http://ids.clld.org/values/5-110-194-1>		<http://ids.clld.org/parameters/5-110>		<http://ids.clld.org/values/5-110-286-1>		"kaoʔ"@pav	
"essen"@de	<http://ids.clld.org/values/5-110-194-1>		<http://ids.clld.org/parameters/5-110>		<http://ids.clld.org/values/5-110-286-3>		"kakakaoʔ"@pav	
"ich"@de	<http://ids.clld.org/values/2-910-194-1>		<http://ids.clld.org/parameters/2-910>		<http://ids.clld.org/values/2-910-286-1>		"wataʔ"@pav	
"gerade"@de	<http://ids.clld.org/values/12-730-194-1>		<http://ids.clld.org/parameters/12-730>		<http://ids.clld.org/values/12-730-286-1>		"ka om šone ne"@pav	
"Wurzel"@de	<http://ids.clld.org/values/8-540-194-1>		<http://ids.clld.org/parameters/8-540>		<http://ids.clld.org/values/8-540-286-1>		"kašimain"@pav	
"Himmel"@de	<http://ids.clld.org/values/1-510-194-1>		<http://ids.clld.org/parameters/1-510>		<http://ids.clld.org/values/1-510-286-1>		"nanawin"@pav	
"Rinde"@de	<http://ids.clld.org/values/8-750-194-1>		<http://ids.clld.org/parameters/8-750>		<http://ids.clld.org/values/8-750-286-1>		"tapari"@pav	
"(sich) erbrechen"@de	<http://ids.clld.org/values/4-570-194-3>		<http://ids.clld.org/parameters/4-570>		<http://ids.clld.org/values/4-570-286-1>		"weʔ"@pav	
"Mond"@de	<http://ids.clld.org/values/1-530-194-1>		<http://ids.clld.org/parameters/1-530>		<http://ids.clld.org/values/1-530-286-1>		"panawoʔ"@pav	
"töten"@de	<http://ids.clld.org/values/4-760-194-1>		<http://ids.clld.org/parameters/4-760>		<http://ids.clld.org/values/4-760-286-1>		"paʔ"@pav	
"Borke"@de	<http://ids.clld.org/values/8-750-194-3>		<http://ids.clld.org/parameters/8-750>		<http://ids.clld.org/values/8-750-286-1>		"tapari"@pav	
"nass"@de	<http://ids.clld.org/values/15-830-194-1>		<http://ids.clld.org/parameters/15-830>		<http://ids.clld.org/values/15-830-286-1>		"šoʔ"@pav	
"jeder"@de	<http://ids.clld.org/values/13-140-194-1>		<http://ids.clld.org/parameters/13-140>		<http://ids.clld.org/values/13-140-286-1>		"šam"@pav	
"sterben"@de	<http://ids.clld.org/values/4-750-194-1>		<http://ids.clld.org/parameters/4-750>		<http://ids.clld.org/values/4-750-286-3>		"konoʔ"@pav	
"sterben"@de	<http://ids.clld.org/values/4-750-194-1>		<http://ids.clld.org/parameters/4-750>		<http://ids.clld.org/values/4-750-286-1>		"miʔ pin"@pav	
"lachen"@de	<http://ids.clld.org/values/16-250-194-1>		<http://ids.clld.org/parameters/16-250>		<http://ids.clld.org/values/16-250-286-1>		"tatamʔ"@pav	
"lachen"@de	<http://ids.clld.org/values/16-250-194-1>		<http://ids.clld.org/parameters/16-250>		<http://ids.clld.org/values/16-250-286-3>		"katamʔ"@pav	
"Fisch"@de	<http://ids.clld.org/values/3-650-194-1>		<http://ids.clld.org/parameters/3-650>		<http://ids.clld.org/values/3-650-286-1>		"hwam (hwamišiʔ)"@pav	
"erstechen"@de	<http://ids.clld.org/values/9-223-194-3>		<http://ids.clld.org/parameters/9-223>		<http://ids.clld.org/values/9-223-286-1>		"šukunʔ"@pav	
"saugen"@de	<http://ids.clld.org/values/5-160-194-1>		<http://ids.clld.org/parameters/5-160>		<http://ids.clld.org/values/5-160-286-1>		"šok"@pav	
"saugen"@de	<http://ids.clld.org/values/5-160-194-1>		<http://ids.clld.org/parameters/5-160>		<http://ids.clld.org/values/5-160-286-3>		"šak"@pav	
"kalt"@de	<http://ids.clld.org/values/15-860-194-1>		<http://ids.clld.org/parameters/15-860>		<http://ids.clld.org/values/15-860-286-1>		"šio"@pav	
"kalt"@de	<http://ids.clld.org/values/15-860-194-1>		<http://ids.clld.org/parameters/15-860>		<http://ids.clld.org/values/15-860-286-3>		"kapinʔ"@pav	
"gut"@de	<http://ids.clld.org/values/16-710-194-1>		<http://ids.clld.org/parameters/16-710>		<http://ids.clld.org/values/16-710-286-1>		"awi"@pav	
"speisen"@de	<http://ids.clld.org/values/5-110-194-3>		<http://ids.clld.org/parameters/5-110>		<http://ids.clld.org/values/5-110-286-1>		"kaoʔ"@pav	
"speisen"@de	<http://ids.clld.org/values/5-110-194-3>		<http://ids.clld.org/parameters/5-110>		<http://ids.clld.org/values/5-110-286-3>		"kakakaoʔ"@pav	
"recht"@de	<http://ids.clld.org/values/12-410-194-1>		<http://ids.clld.org/parameters/12-410>		<http://ids.clld.org/values/12-410-286-1>		"irikwerešiʔ"@pav	
"(übel)"@de	<http://ids.clld.org/values/16-720-194-7>		<http://ids.clld.org/parameters/16-720>		<http://ids.clld.org/values/16-720-286-1>		"kayi"@pav	
"Fels"@de	<http://ids.clld.org/values/1-440-194-3>		<http://ids.clld.org/parameters/1-440>		<http://ids.clld.org/values/1-440-286-1>		"pakun"@pav	
"groß"@de	<http://ids.clld.org/values/12-550-194-1>		<http://ids.clld.org/parameters/12-550>		<http://ids.clld.org/values/12-550-286-1>		"hwaraʔ"@pav	
"groß"@de	<http://ids.clld.org/values/12-550-194-1>		<http://ids.clld.org/parameters/12-550>		<http://ids.clld.org/values/12-550-286-3>		"horon"@pav	
"sie"@de	<http://ids.clld.org/values/2-930-194-3>		<http://ids.clld.org/parameters/2-930>		<http://ids.clld.org/values/2-930-286-1>		"ko maʔ"@pav	
"Ehemann"@de	<http://ids.clld.org/values/2-310-194-3>		<http://ids.clld.org/parameters/2-310>		<http://ids.clld.org/values/2-310-286-1>		"taši"@pav	
"Feder"@de	<http://ids.clld.org/values/4-393-194-1>		<http://ids.clld.org/parameters/4-393>		<http://ids.clld.org/values/4-393-286-1>		"tenenein (šun)"@pav	
"schlimm"@de	<http://ids.clld.org/values/16-720-194-3>		<http://ids.clld.org/parameters/16-720>		<http://ids.clld.org/values/16-720-286-1>		"kayi"@pav	
"verfault"@de	<http://ids.clld.org/values/5-125-194-3>		<http://ids.clld.org/parameters/5-125>		<http://ids.clld.org/values/5-125-286-1>		"šowuru"@pav	
"einige"@de	<http://ids.clld.org/values/13-181-194-1>		<http://ids.clld.org/parameters/13-181>		<http://ids.clld.org/values/13-181-286-1>		"arakaʔ"@pav	
"Fleisch"@de	<http://ids.clld.org/values/5-610-194-1>		<http://ids.clld.org/parameters/5-610>		<http://ids.clld.org/values/5-610-286-1>		"karawa (karamayišiʔ)"@pav	
"Auge"@de	<http://ids.clld.org/values/4-210-194-1>		<http://ids.clld.org/parameters/4-210>		<http://ids.clld.org/values/4-210-286-1>		"tokošiʔ (tok)"@pav	
"Gattin"@de	<http://ids.clld.org/values/2-320-194-5>		<http://ids.clld.org/parameters/2-320>		<http://ids.clld.org/values/2-320-286-1>		"mana"@pav	
"binden"@de	<http://ids.clld.org/values/9-160-194-1>		<http://ids.clld.org/parameters/9-160>		<http://ids.clld.org/values/9-160-286-1>		"tuku"@pav	
"beißen"@de	<http://ids.clld.org/values/4-580-194-1>		<http://ids.clld.org/parameters/4-580>		<http://ids.clld.org/values/4-580-286-1>		"kio"@pav	
"kämpfen"@de	<http://ids.clld.org/values/20-110-194-1>		<http://ids.clld.org/parameters/20-110>		<http://ids.clld.org/values/20-110-286-1>		"mišita"@pav	
"Seil"@de	<http://ids.clld.org/values/9-190-194-1>		<http://ids.clld.org/parameters/9-190>		<http://ids.clld.org/values/9-190-286-1>		"makon (makorišiʔ)"@pav	
"Feuer"@de	<http://ids.clld.org/values/1-810-194-1>		<http://ids.clld.org/parameters/1-810>		<http://ids.clld.org/values/1-810-286-1>		"še"@pav	
"Nacht"@de	<http://ids.clld.org/values/14-420-194-1>		<http://ids.clld.org/parameters/14-420>		<http://ids.clld.org/values/14-420-286-1>		"šim"@pav	
"ihr"@de	<http://ids.clld.org/values/2-950-194-1>		<http://ids.clld.org/parameters/2-950>		<http://ids.clld.org/values/2-950-286-1>		"wahuʔ"@pav	
"wischen"@de	<http://ids.clld.org/values/9-310-194-3>		<http://ids.clld.org/parameters/9-310>		<http://ids.clld.org/values/9-310-286-1>		"šik"@pav	
"schlagen"@de	<http://ids.clld.org/values/9-210-194-1>		<http://ids.clld.org/parameters/9-210>		<http://ids.clld.org/values/9-210-286-1>		"toʔ"@pav	
"auspressen"@de	<http://ids.clld.org/values/9-343-194-5>		<http://ids.clld.org/parameters/9-343>		<http://ids.clld.org/values/9-343-286-1>		"humʔ"@pav	
"geben"@de	<http://ids.clld.org/values/11-210-194-1>		<http://ids.clld.org/parameters/11-210>		<http://ids.clld.org/values/11-210-286-1>		"miʔ"@pav	
"Zunge"@de	<http://ids.clld.org/values/4-260-194-1>		<http://ids.clld.org/parameters/4-260>		<http://ids.clld.org/values/4-260-286-1>		"petehwet nešiʔ (petehwet)"@pav	
"See"@de	<http://ids.clld.org/values/1-320-194-3>		<http://ids.clld.org/parameters/1-320>		<http://ids.clld.org/values/1-320-286-1>		"kote ne kom"@pav	
"Schlange"@de	<http://ids.clld.org/values/3-850-194-1>		<http://ids.clld.org/parameters/3-850>		<http://ids.clld.org/values/3-850-286-1>		"emʔ"@pav	
"Schnur"@de	<http://ids.clld.org/values/9-190-194-7>		<http://ids.clld.org/parameters/9-190>		<http://ids.clld.org/values/9-190-286-1>		"makon (makorišiʔ)"@pav	
"erschlagen"@de	<http://ids.clld.org/values/4-760-194-3>		<http://ids.clld.org/parameters/4-760>		<http://ids.clld.org/values/4-760-286-1>		"paʔ"@pav	
"fließen"@de	<http://ids.clld.org/values/10-320-194-1>		<http://ids.clld.org/parameters/10-320>		<http://ids.clld.org/values/10-320-286-3>		"weweweo"@pav	
"fließen"@de	<http://ids.clld.org/values/10-320-194-1>		<http://ids.clld.org/parameters/10-320>		<http://ids.clld.org/values/10-320-286-1>		"weo"@pav	
"weit"@de	<http://ids.clld.org/values/12-440-194-3>		<http://ids.clld.org/parameters/12-440>		<http://ids.clld.org/values/12-440-286-1>		"pira"@pav	
"Tag"@de	<http://ids.clld.org/values/14-410-194-1>		<http://ids.clld.org/parameters/14-410>		<http://ids.clld.org/values/14-410-286-1>		"šek"@pav	
"Ei"@de	<http://ids.clld.org/values/5-970-194-1>		<http://ids.clld.org/parameters/5-970>		<http://ids.clld.org/values/5-970-286-1>		"arayein"@pav	
"Brust"@de	<http://ids.clld.org/values/4-410-194-1>		<http://ids.clld.org/parameters/4-410>		<http://ids.clld.org/values/4-410-286-1>		"karašišiʔ (katat)"@pav	
"Gemahl"@de	<http://ids.clld.org/values/2-310-194-7>		<http://ids.clld.org/parameters/2-310>		<http://ids.clld.org/values/2-310-286-1>		"taši"@pav	
"Rauch"@de	<http://ids.clld.org/values/1-830-194-1>		<http://ids.clld.org/parameters/1-830>		<http://ids.clld.org/values/1-830-286-1>		"tainʔ"@pav	
"wissen"@de	<http://ids.clld.org/values/17-170-194-1>		<http://ids.clld.org/parameters/17-170>		<http://ids.clld.org/values/17-170-286-1>		"tašiʔ"@pav	
"wissen"@de	<http://ids.clld.org/values/17-170-194-1>		<http://ids.clld.org/parameters/17-170>		<http://ids.clld.org/values/17-170-286-3>		"kerek"@pav	
"wissen"@de	<http://ids.clld.org/values/17-170-194-1>		<http://ids.clld.org/parameters/17-170>		<http://ids.clld.org/values/17-170-286-5>		"kerek pinʔ"@pav	
"Sie"@de	<http://ids.clld.org/values/2-950-194-3>		<http://ids.clld.org/parameters/2-950>		<http://ids.clld.org/values/2-950-286-1>		"wahuʔ"@pav	
