"wringen"@de	<http://ids.clld.org/values/9-343-194-7>		<http://ids.clld.org/parameters/9-343>		<http://ids.clld.org/values/9-343-293-1>		"ŋɛ̃n"@ram	
"Holz"@de	<http://ids.clld.org/values/1-430-194-1>		<http://ids.clld.org/parameters/1-430>		<http://ids.clld.org/values/1-430-293-1>		"pĩ"@ram	
"suchen"@de	<http://ids.clld.org/values/11-310-194-1>		<http://ids.clld.org/parameters/11-310>		<http://ids.clld.org/values/11-310-293-1>		"lɨ̃t"@ram	
"singen"@de	<http://ids.clld.org/values/18-120-194-1>		<http://ids.clld.org/parameters/18-120>		<http://ids.clld.org/values/18-120-293-1>		"-krɛ"@ram	
"Sonne"@de	<http://ids.clld.org/values/1-520-194-1>		<http://ids.clld.org/parameters/1-520>		<http://ids.clld.org/values/1-520-293-3>		"pɨtɨ"@ram	
"Sonne"@de	<http://ids.clld.org/values/1-520-194-1>		<http://ids.clld.org/parameters/1-520>		<http://ids.clld.org/values/1-520-293-1>		"pɨt"@ram	
"Nase"@de	<http://ids.clld.org/values/4-230-194-1>		<http://ids.clld.org/parameters/4-230>		<http://ids.clld.org/values/4-230-293-1>		"-yĩyakʰrɛ"@ram	
"Schwein"@de	<http://ids.clld.org/values/3-350-194-1>		<http://ids.clld.org/parameters/3-350>		<http://ids.clld.org/values/3-350-293-1>		"kʰro"@ram	
"Flügel"@de	<http://ids.clld.org/values/4-392-194-1>		<http://ids.clld.org/parameters/4-392>		<http://ids.clld.org/values/4-392-293-1>		"haaraa"@ram	
"(Schweif)"@de	<http://ids.clld.org/values/4-180-194-3>		<http://ids.clld.org/parameters/4-180>		<http://ids.clld.org/values/4-180-293-1>		"ha-ppɨ"@ram	
"Tod"@de	<http://ids.clld.org/values/4-750-194-5>		<http://ids.clld.org/parameters/4-750>		<http://ids.clld.org/values/4-750-293-1>		"tɨɨ- (tɨ ?)"@ram	
"trocken"@de	<http://ids.clld.org/values/15-840-194-1>		<http://ids.clld.org/parameters/15-840>		<http://ids.clld.org/values/15-840-293-1>		"krə"@ram	
"trocken"@de	<http://ids.clld.org/values/15-840-194-1>		<http://ids.clld.org/parameters/15-840>		<http://ids.clld.org/values/15-840-293-3>		"(kʰra ?)"@ram	
"Mann"@de	<http://ids.clld.org/values/2-310-194-1>		<http://ids.clld.org/parameters/2-310>		<http://ids.clld.org/values/2-310-293-1>		"ĩĩ-pyɛ"@ram	
"Leber"@de	<http://ids.clld.org/values/4-450-194-1>		<http://ids.clld.org/parameters/4-450>		<http://ids.clld.org/values/4-450-293-1>		"ii-pa"@ram	
"(Laub)"@de	<http://ids.clld.org/values/8-560-194-3>		<http://ids.clld.org/parameters/8-560>		<http://ids.clld.org/values/8-560-293-1>		"iʔ-ho"@ram	
"schwarz"@de	<http://ids.clld.org/values/15-650-194-1>		<http://ids.clld.org/parameters/15-650>		<http://ids.clld.org/values/15-650-293-1>		"iʔ-tɨk"@ram	
"innen"@de	<http://ids.clld.org/values/12-50-194-1>		<http://ids.clld.org/parameters/12-50>		<http://ids.clld.org/values/12-50-293-1>		"kʰam"@ram	
"Keule"@de	<http://ids.clld.org/values/20-220-194-1>		<http://ids.clld.org/parameters/20-220>		<http://ids.clld.org/values/20-220-293-1>		"kʰo"@ram	
"Blume"@de	<http://ids.clld.org/values/8-570-194-1>		<http://ids.clld.org/parameters/8-570>		<http://ids.clld.org/values/8-570-293-1>		"ii-rə̃"@ram	
"Bein"@de	<http://ids.clld.org/values/4-350-194-1>		<http://ids.clld.org/parameters/4-350>		<http://ids.clld.org/values/4-350-293-1>		"ii-tɛ"@ram	
"Pfeil"@de	<http://ids.clld.org/values/20-250-194-1>		<http://ids.clld.org/parameters/20-250>		<http://ids.clld.org/values/20-250-293-1>		"kruw"@ram	
"hören"@de	<http://ids.clld.org/values/15-410-194-1>		<http://ids.clld.org/parameters/15-410>		<http://ids.clld.org/values/15-410-293-1>		"kʰə̃-pa"@ram	
"Schwanz"@de	<http://ids.clld.org/values/4-180-194-1>		<http://ids.clld.org/parameters/4-180>		<http://ids.clld.org/values/4-180-293-1>		"ha-ppɨ"@ram	
"Sie"@de	<http://ids.clld.org/values/2-920-194-3>		<http://ids.clld.org/parameters/2-920>		<http://ids.clld.org/values/2-920-293-1>		"ka"@ram	
"sehen"@de	<http://ids.clld.org/values/15-510-194-1>		<http://ids.clld.org/parameters/15-510>		<http://ids.clld.org/values/15-510-293-1>		"-hõm-pu"@ram	
"sehen"@de	<http://ids.clld.org/values/15-510-194-1>		<http://ids.clld.org/parameters/15-510>		<http://ids.clld.org/values/15-510-293-3>		"pu-pun"@ram	
"Kopf"@de	<http://ids.clld.org/values/4-200-194-1>		<http://ids.clld.org/parameters/4-200>		<http://ids.clld.org/values/4-200-293-1>		"ii-kʰrə̃"@ram	
"Leben"@de	<http://ids.clld.org/values/4-740-194-5>		<http://ids.clld.org/parameters/4-740>		<http://ids.clld.org/values/4-740-293-1>		"tĩ"@ram	
"ausquetschen"@de	<http://ids.clld.org/values/9-343-194-3>		<http://ids.clld.org/parameters/9-343>		<http://ids.clld.org/values/9-343-293-1>		"ŋɛ̃n"@ram	
"Oheim"@de	<http://ids.clld.org/values/2-510-194-3>		<http://ids.clld.org/parameters/2-510>		<http://ids.clld.org/values/2-510-293-1>		"kɛt"@ram	
"boxen"@de	<http://ids.clld.org/values/9-211-194-3>		<http://ids.clld.org/parameters/9-211>		<http://ids.clld.org/values/9-211-293-1>		"twə"@ram	
"Fett"@de	<http://ids.clld.org/values/5-791-194-1>		<http://ids.clld.org/parameters/5-791>		<http://ids.clld.org/values/5-791-293-1>		"iʔ-twɨm"@ram	
"Saat"@de	<http://ids.clld.org/values/8-311-194-3>		<http://ids.clld.org/parameters/8-311>		<http://ids.clld.org/values/8-311-293-1>		"iʔ-hɨɨ (hɨ- ?)"@ram	
"Hof"@de	<http://ids.clld.org/values/7-150-194-1>		<http://ids.clld.org/parameters/7-150>		<http://ids.clld.org/values/7-150-293-1>		"ka-"@ram	
"Pfad"@de	<http://ids.clld.org/values/10-720-194-1>		<http://ids.clld.org/parameters/10-720>		<http://ids.clld.org/values/10-720-293-1>		"prɨɨ"@ram	
"Reh"@de	<http://ids.clld.org/values/3-750-194-3>		<http://ids.clld.org/parameters/3-750>		<http://ids.clld.org/values/3-750-293-1>		"pɔ"@ram	
"Reh"@de	<http://ids.clld.org/values/3-750-194-3>		<http://ids.clld.org/parameters/3-750>		<http://ids.clld.org/values/3-750-293-3>		"kaarə"@ram	
"erklimmen"@de	<http://ids.clld.org/values/10-472-194-1>		<http://ids.clld.org/parameters/10-472>		<http://ids.clld.org/values/10-472-293-1>		"pi-"@ram	
"brennen"@de	<http://ids.clld.org/values/1-852-194-1>		<http://ids.clld.org/parameters/1-852>		<http://ids.clld.org/values/1-852-293-1>		"pok"@ram	
"Hinterbacke"@de	<http://ids.clld.org/values/4-464-194-1>		<http://ids.clld.org/parameters/4-464>		<http://ids.clld.org/values/4-464-293-1>		"ayɔ"@ram	
"Haut"@de	<http://ids.clld.org/values/4-120-194-1>		<http://ids.clld.org/parameters/4-120>		<http://ids.clld.org/values/4-120-293-1>		"ii-kʰə (?)"@ram	
"schwimmen"@de	<http://ids.clld.org/values/10-350-194-1>		<http://ids.clld.org/parameters/10-350>		<http://ids.clld.org/values/10-350-293-1>		"ree"@ram	
"schwimmen"@de	<http://ids.clld.org/values/10-350-194-1>		<http://ids.clld.org/parameters/10-350>		<http://ids.clld.org/values/10-350-293-3>		"c̷wa"@ram	
"schnell"@de	<http://ids.clld.org/values/14-210-194-1>		<http://ids.clld.org/parameters/14-210>		<http://ids.clld.org/values/14-210-293-1>		"kɨt-"@ram	
"Baum"@de	<http://ids.clld.org/values/1-420-194-1>		<http://ids.clld.org/parameters/1-420>		<http://ids.clld.org/values/1-420-293-1>		"pĩĩ"@ram	
"Baum"@de	<http://ids.clld.org/values/8-600-194-1>		<http://ids.clld.org/parameters/8-600>		<http://ids.clld.org/values/8-600-293-1>		"pĩĩ"@ram	
"leiden"@de	<http://ids.clld.org/values/16-310-194-3>		<http://ids.clld.org/parameters/16-310>		<http://ids.clld.org/values/16-310-293-1>		"-c̷a-"@ram	
"leiden"@de	<http://ids.clld.org/values/16-310-194-3>		<http://ids.clld.org/parameters/16-310>		<http://ids.clld.org/values/16-310-293-3>		"ha- (?)"@ram	
"Stab"@de	<http://ids.clld.org/values/19-250-194-1>		<http://ids.clld.org/parameters/19-250>		<http://ids.clld.org/values/19-250-293-1>		"kʰo-"@ram	
"Steig"@de	<http://ids.clld.org/values/10-720-194-3>		<http://ids.clld.org/parameters/10-720>		<http://ids.clld.org/values/10-720-293-1>		"prɨɨ"@ram	
"weiß"@de	<http://ids.clld.org/values/15-640-194-1>		<http://ids.clld.org/parameters/15-640>		<http://ids.clld.org/values/15-640-293-1>		"hakkʰa"@ram	
"weiß"@de	<http://ids.clld.org/values/15-640-194-1>		<http://ids.clld.org/parameters/15-640>		<http://ids.clld.org/values/15-640-293-3>		"yakʰaa"@ram	
"Onkel"@de	<http://ids.clld.org/values/2-510-194-1>		<http://ids.clld.org/parameters/2-510>		<http://ids.clld.org/values/2-510-293-1>		"kɛt"@ram	
"Stock"@de	<http://ids.clld.org/values/19-250-194-3>		<http://ids.clld.org/parameters/19-250>		<http://ids.clld.org/values/19-250-293-1>		"kʰo-"@ram	
"schlafen"@de	<http://ids.clld.org/values/4-610-194-1>		<http://ids.clld.org/parameters/4-610>		<http://ids.clld.org/values/4-610-293-1>		"-ŋõr (ŋɔ̃r ?)"@ram	
"heiß"@de	<http://ids.clld.org/values/15-850-194-1>		<http://ids.clld.org/parameters/15-850>		<http://ids.clld.org/values/15-850-293-1>		"kakrɔ"@ram	
"nur"@de	<http://ids.clld.org/values/13-330-194-5>		<http://ids.clld.org/parameters/13-330>		<http://ids.clld.org/values/13-330-293-3>		"kamã"@ram	
"nur"@de	<http://ids.clld.org/values/13-330-194-5>		<http://ids.clld.org/parameters/13-330>		<http://ids.clld.org/values/13-330-293-1>		"pit"@ram	
"Hals"@de	<http://ids.clld.org/values/4-280-194-1>		<http://ids.clld.org/parameters/4-280>		<http://ids.clld.org/values/4-280-293-1>		"ii-put"@ram	
"Pein"@de	<http://ids.clld.org/values/16-310-194-5>		<http://ids.clld.org/parameters/16-310>		<http://ids.clld.org/values/16-310-293-1>		"-c̷a-"@ram	
"Pein"@de	<http://ids.clld.org/values/16-310-194-5>		<http://ids.clld.org/parameters/16-310>		<http://ids.clld.org/values/16-310-293-3>		"ha- (?)"@ram	
"Brunnen"@de	<http://ids.clld.org/values/1-370-194-3>		<http://ids.clld.org/parameters/1-370>		<http://ids.clld.org/values/1-370-293-1>		"kʰwa"@ram	
"es"@de	<http://ids.clld.org/values/2-930-194-5>		<http://ids.clld.org/parameters/2-930>		<http://ids.clld.org/values/2-930-293-1>		"tamə̃"@ram	
"waschen"@de	<http://ids.clld.org/values/9-360-194-1>		<http://ids.clld.org/parameters/9-360>		<http://ids.clld.org/values/9-360-293-1>		"kuʔhõ"@ram	
"waschen"@de	<http://ids.clld.org/values/9-360-194-1>		<http://ids.clld.org/parameters/9-360>		<http://ids.clld.org/values/9-360-293-3>		"kaʔhõ"@ram	
"Hirsch"@de	<http://ids.clld.org/values/3-750-194-1>		<http://ids.clld.org/parameters/3-750>		<http://ids.clld.org/values/3-750-293-1>		"pɔ"@ram	
"Hirsch"@de	<http://ids.clld.org/values/3-750-194-1>		<http://ids.clld.org/parameters/3-750>		<http://ids.clld.org/values/3-750-293-3>		"kaarə"@ram	
"Morgen"@de	<http://ids.clld.org/values/14-440-194-1>		<http://ids.clld.org/parameters/14-440>		<http://ids.clld.org/values/14-440-293-1>		"apɛ̃"@ram	
"abholen"@de	<http://ids.clld.org/values/12-212-194-3>		<http://ids.clld.org/parameters/12-212>		<http://ids.clld.org/values/12-212-293-1>		"pɨ"@ram	
"Blatt"@de	<http://ids.clld.org/values/8-560-194-1>		<http://ids.clld.org/parameters/8-560>		<http://ids.clld.org/values/8-560-293-1>		"iʔ-ho"@ram	
"Knie"@de	<http://ids.clld.org/values/4-360-194-1>		<http://ids.clld.org/parameters/4-360>		<http://ids.clld.org/values/4-360-293-1>		"ii-kʰõn"@ram	
"Strohdach"@de	<http://ids.clld.org/values/7-520-194-1>		<http://ids.clld.org/parameters/7-520>		<http://ids.clld.org/values/7-520-293-1>		"po"@ram	
"alt"@de	<http://ids.clld.org/values/14-150-194-1>		<http://ids.clld.org/parameters/14-150>		<http://ids.clld.org/values/14-150-293-1>		"tũm"@ram	
"besteigen"@de	<http://ids.clld.org/values/10-472-194-3>		<http://ids.clld.org/parameters/10-472>		<http://ids.clld.org/values/10-472-293-1>		"pi-"@ram	
"Asche"@de	<http://ids.clld.org/values/1-840-194-1>		<http://ids.clld.org/parameters/1-840>		<http://ids.clld.org/values/1-840-293-1>		"prɔ"@ram	
"tun"@de	<http://ids.clld.org/values/9-110-194-1>		<http://ids.clld.org/parameters/9-110>		<http://ids.clld.org/values/9-110-293-1>		"tɔn"@ram	
"alle"@de	<http://ids.clld.org/values/13-140-194-3>		<http://ids.clld.org/parameters/13-140>		<http://ids.clld.org/values/13-140-293-1>		"tu-"@ram	
"trinken"@de	<http://ids.clld.org/values/5-130-194-1>		<http://ids.clld.org/parameters/5-130>		<http://ids.clld.org/values/5-130-293-1>		"-kʰõ (kʰɔ̃ ?)"@ram	
"Kinn"@de	<http://ids.clld.org/values/4-209-194-1>		<http://ids.clld.org/parameters/4-209>		<http://ids.clld.org/values/4-209-293-1>		"hamã"@ram	
"nein"@de	<http://ids.clld.org/values/17-560-194-1>		<http://ids.clld.org/parameters/17-560>		<http://ids.clld.org/values/17-560-293-1>		"ke-"@ram	
"ein"@de	<http://ids.clld.org/values/13-10-194-1>		<http://ids.clld.org/parameters/13-10>		<http://ids.clld.org/values/13-10-293-1>		"pɨc̷it"@ram	
"Furunkel"@de	<http://ids.clld.org/values/4-856-194-1>		<http://ids.clld.org/parameters/4-856>		<http://ids.clld.org/values/4-856-293-1>		"kuhe"@ram	
"Platz"@de	<http://ids.clld.org/values/12-110-194-3>		<http://ids.clld.org/parameters/12-110>		<http://ids.clld.org/values/12-110-293-1>		"-li-"@ram	
"Herd"@de	<http://ids.clld.org/values/7-310-194-5>		<http://ids.clld.org/parameters/7-310>		<http://ids.clld.org/values/7-310-293-1>		"kiz (?)"@ram	
"Gesäß"@de	<http://ids.clld.org/values/4-464-194-5>		<http://ids.clld.org/parameters/4-464>		<http://ids.clld.org/values/4-464-293-1>		"ayɔ"@ram	
"feucht"@de	<http://ids.clld.org/values/15-830-194-3>		<http://ids.clld.org/parameters/15-830>		<http://ids.clld.org/values/15-830-293-1>		"mrɔ̃ (?)"@ram	
"Feuerstätte"@de	<http://ids.clld.org/values/7-310-194-1>		<http://ids.clld.org/parameters/7-310>		<http://ids.clld.org/values/7-310-293-1>		"kiz (?)"@ram	
"Qual"@de	<http://ids.clld.org/values/16-310-194-7>		<http://ids.clld.org/parameters/16-310>		<http://ids.clld.org/values/16-310-293-1>		"-c̷a-"@ram	
"Qual"@de	<http://ids.clld.org/values/16-310-194-7>		<http://ids.clld.org/parameters/16-310>		<http://ids.clld.org/values/16-310-293-3>		"ha- (?)"@ram	
"Wind"@de	<http://ids.clld.org/values/1-720-194-1>		<http://ids.clld.org/parameters/1-720>		<http://ids.clld.org/values/1-720-293-1>		"kʰook"@ram	
"drei"@de	<http://ids.clld.org/values/13-30-194-1>		<http://ids.clld.org/parameters/13-30>		<http://ids.clld.org/values/13-30-293-1>		"ɨnkre-"@ram	
"Wald"@de	<http://ids.clld.org/values/1-410-194-1>		<http://ids.clld.org/parameters/1-410>		<http://ids.clld.org/values/1-410-293-1>		"lam-"@ram	
"lang"@de	<http://ids.clld.org/values/12-570-194-1>		<http://ids.clld.org/parameters/12-570>		<http://ids.clld.org/values/12-570-293-1>		"i-rɨɨ"@ram	
"Laus"@de	<http://ids.clld.org/values/3-811-194-1>		<http://ids.clld.org/parameters/3-811>		<http://ids.clld.org/values/3-811-293-1>		"ii-ko"@ram	
"Schwester"@de	<http://ids.clld.org/values/2-450-194-1>		<http://ids.clld.org/parameters/2-450>		<http://ids.clld.org/values/2-450-293-1>		"tɔ̃y-"@ram	
"Alligator"@de	<http://ids.clld.org/values/3-970-194-3>		<http://ids.clld.org/parameters/3-970>		<http://ids.clld.org/values/3-970-293-1>		"mĩĩ (mɨ̃ ?)"@ram	
"schwer"@de	<http://ids.clld.org/values/15-810-194-1>		<http://ids.clld.org/parameters/15-810>		<http://ids.clld.org/values/15-810-293-1>		"hũũ-tĩ"@ram	
"link"@de	<http://ids.clld.org/values/12-420-194-1>		<http://ids.clld.org/parameters/12-420>		<http://ids.clld.org/values/12-420-293-1>		"aw-kʰɛ"@ram	
"Gemahlin"@de	<http://ids.clld.org/values/2-320-194-7>		<http://ids.clld.org/parameters/2-320>		<http://ids.clld.org/values/2-320-293-1>		"ĩĩ-prõ"@ram	
"Mann"@de	<http://ids.clld.org/values/2-210-194-1>		<http://ids.clld.org/parameters/2-210>		<http://ids.clld.org/values/2-210-293-1>		"hũm"@ram	
"fliegen"@de	<http://ids.clld.org/values/10-370-194-1>		<http://ids.clld.org/parameters/10-370>		<http://ids.clld.org/values/10-370-293-1>		"tɛɛ"@ram	
"Hüfte"@de	<http://ids.clld.org/values/4-463-194-1>		<http://ids.clld.org/parameters/4-463>		<http://ids.clld.org/values/4-463-293-1>		"hɔ̃"@ram	
"Magen"@de	<http://ids.clld.org/values/4-460-194-3>		<http://ids.clld.org/parameters/4-460>		<http://ids.clld.org/values/4-460-293-1>		"ii-tu"@ram	
"Hand"@de	<http://ids.clld.org/values/4-330-194-1>		<http://ids.clld.org/parameters/4-330>		<http://ids.clld.org/values/4-330-293-1>		"hũʔkʰra"@ram	
"machen"@de	<http://ids.clld.org/values/9-110-194-3>		<http://ids.clld.org/parameters/9-110>		<http://ids.clld.org/values/9-110-293-1>		"tɔn"@ram	
"Haus"@de	<http://ids.clld.org/values/7-120-194-1>		<http://ids.clld.org/parameters/7-120>		<http://ids.clld.org/values/7-120-293-1>		"ii-kʰrɛ"@ram	
"schwach"@de	<http://ids.clld.org/values/4-820-194-1>		<http://ids.clld.org/parameters/4-820>		<http://ids.clld.org/values/4-820-293-1>		"pɛk-"@ram	
"Stein"@de	<http://ids.clld.org/values/1-440-194-1>		<http://ids.clld.org/parameters/1-440>		<http://ids.clld.org/values/1-440-293-1>		"kʰɛn"@ram	
"dürr"@de	<http://ids.clld.org/values/15-840-194-3>		<http://ids.clld.org/parameters/15-840>		<http://ids.clld.org/values/15-840-293-1>		"krə"@ram	
"dürr"@de	<http://ids.clld.org/values/15-840-194-3>		<http://ids.clld.org/parameters/15-840>		<http://ids.clld.org/values/15-840-293-3>		"(kʰra ?)"@ram	
"lebendig"@de	<http://ids.clld.org/values/4-740-194-1>		<http://ids.clld.org/parameters/4-740>		<http://ids.clld.org/values/4-740-293-1>		"tĩ"@ram	
"liegen"@de	<http://ids.clld.org/values/12-140-194-1>		<http://ids.clld.org/parameters/12-140>		<http://ids.clld.org/values/12-140-293-1>		"nɔ̃"@ram	
"(arg)"@de	<http://ids.clld.org/values/16-720-194-9>		<http://ids.clld.org/parameters/16-720>		<http://ids.clld.org/values/16-720-293-1>		"iʔkʰɛn"@ram	
"Acker"@de	<http://ids.clld.org/values/8-120-194-1>		<http://ids.clld.org/parameters/8-120>		<http://ids.clld.org/values/8-120-293-1>		"pur"@ram	
"schlecht"@de	<http://ids.clld.org/values/16-720-194-1>		<http://ids.clld.org/parameters/16-720>		<http://ids.clld.org/values/16-720-293-1>		"iʔkʰɛn"@ram	
"neu"@de	<http://ids.clld.org/values/14-130-194-1>		<http://ids.clld.org/parameters/14-130>		<http://ids.clld.org/values/14-130-293-1>		"-tuwa"@ram	
"zuhören"@de	<http://ids.clld.org/values/15-420-194-1>		<http://ids.clld.org/parameters/15-420>		<http://ids.clld.org/values/15-420-293-1>		"k mpa (?)"@ram	
"voll"@de	<http://ids.clld.org/values/13-210-194-1>		<http://ids.clld.org/parameters/13-210>		<http://ids.clld.org/values/13-210-293-1>		"yic̷u"@ram	
"Papagei"@de	<http://ids.clld.org/values/3-592-194-1>		<http://ids.clld.org/parameters/3-592>		<http://ids.clld.org/values/3-592-293-1>		"krɨy-ti"@ram	
"baden"@de	<http://ids.clld.org/values/4-690-194-1>		<http://ids.clld.org/parameters/4-690>		<http://ids.clld.org/values/4-690-293-1>		"c̷wa"@ram	
"Loch"@de	<http://ids.clld.org/values/12-850-194-1>		<http://ids.clld.org/parameters/12-850>		<http://ids.clld.org/values/12-850-293-1>		"kʰrɛ"@ram	
"Haupt"@de	<http://ids.clld.org/values/4-200-194-3>		<http://ids.clld.org/parameters/4-200>		<http://ids.clld.org/values/4-200-293-1>		"ii-kʰrə̃"@ram	
"Vogel"@de	<http://ids.clld.org/values/3-581-194-1>		<http://ids.clld.org/parameters/3-581>		<http://ids.clld.org/values/3-581-293-1>		"kɛ̃"@ram	
"Affe"@de	<http://ids.clld.org/values/3-760-194-1>		<http://ids.clld.org/parameters/3-760>		<http://ids.clld.org/values/3-760-293-1>		"kukʰoy"@ram	
"Bogen"@de	<http://ids.clld.org/values/20-240-194-1>		<http://ids.clld.org/parameters/20-240>		<http://ids.clld.org/values/20-240-293-1>		"kuuhe"@ram	
"Mutter"@de	<http://ids.clld.org/values/2-360-194-1>		<http://ids.clld.org/parameters/2-360>		<http://ids.clld.org/values/2-360-293-1>		"-nə̃ə̃"@ram	
"stehen"@de	<http://ids.clld.org/values/12-150-194-1>		<http://ids.clld.org/parameters/12-150>		<http://ids.clld.org/values/12-150-293-1>		"c̷a"@ram	
"Wasser"@de	<http://ids.clld.org/values/1-310-194-1>		<http://ids.clld.org/parameters/1-310>		<http://ids.clld.org/values/1-310-293-1>		"ko"@ram	
"einzig"@de	<http://ids.clld.org/values/13-330-194-3>		<http://ids.clld.org/parameters/13-330>		<http://ids.clld.org/values/13-330-293-3>		"kamã"@ram	
"einzig"@de	<http://ids.clld.org/values/13-330-194-3>		<http://ids.clld.org/parameters/13-330>		<http://ids.clld.org/values/13-330-293-1>		"pit"@ram	
"Kuss"@de	<http://ids.clld.org/values/16-290-194-3>		<http://ids.clld.org/parameters/16-290>		<http://ids.clld.org/values/16-290-293-1>		"p (?)"@ram	
"Name"@de	<http://ids.clld.org/values/18-280-194-1>		<http://ids.clld.org/parameters/18-280>		<http://ids.clld.org/values/18-280-293-1>		"awkʰe-"@ram	
"Name"@de	<http://ids.clld.org/values/18-280-194-1>		<http://ids.clld.org/parameters/18-280>		<http://ids.clld.org/values/18-280-293-3>		"yəyə-"@ram	
"Tau"@de	<http://ids.clld.org/values/1-640-194-1>		<http://ids.clld.org/parameters/1-640>		<http://ids.clld.org/values/1-640-293-1>		"atər-"@ram	
"geschwind"@de	<http://ids.clld.org/values/14-210-194-5>		<http://ids.clld.org/parameters/14-210>		<http://ids.clld.org/values/14-210-293-1>		"kɨt-"@ram	
"Zahn"@de	<http://ids.clld.org/values/4-270-194-1>		<http://ids.clld.org/parameters/4-270>		<http://ids.clld.org/values/4-270-293-1>		"ii-c̷wa"@ram	
"Lüge"@de	<http://ids.clld.org/values/16-670-194-1>		<http://ids.clld.org/parameters/16-670>		<http://ids.clld.org/values/16-670-293-1>		"nõ"@ram	
"Regen"@de	<http://ids.clld.org/values/1-750-194-1>		<http://ids.clld.org/parameters/1-750>		<http://ids.clld.org/values/1-750-293-1>		"taa (ta ?)"@ram	
"Schmetterling"@de	<http://ids.clld.org/values/3-920-194-1>		<http://ids.clld.org/parameters/3-920>		<http://ids.clld.org/values/3-920-293-1>		"wɛwɛ-"@ram	
"Kamin"@de	<http://ids.clld.org/values/7-310-194-3>		<http://ids.clld.org/parameters/7-310>		<http://ids.clld.org/values/7-310-293-1>		"kiz (?)"@ram	
"Mund"@de	<http://ids.clld.org/values/4-240-194-1>		<http://ids.clld.org/parameters/4-240>		<http://ids.clld.org/values/4-240-293-1>		"-yarkʰwa"@ram	
"Ort"@de	<http://ids.clld.org/values/12-110-194-5>		<http://ids.clld.org/parameters/12-110>		<http://ids.clld.org/values/12-110-293-1>		"-li-"@ram	
"kommen"@de	<http://ids.clld.org/values/10-480-194-1>		<http://ids.clld.org/parameters/10-480>		<http://ids.clld.org/values/10-480-293-1>		"-tẽ"@ram	
"in"@de	<http://ids.clld.org/values/12-50-194-3>		<http://ids.clld.org/parameters/12-50>		<http://ids.clld.org/values/12-50-293-1>		"kʰam"@ram	
"Honig"@de	<http://ids.clld.org/values/5-840-194-1>		<http://ids.clld.org/parameters/5-840>		<http://ids.clld.org/values/5-840-293-1>		"pɛn"@ram	
"Heu"@de	<http://ids.clld.org/values/8-520-194-1>		<http://ids.clld.org/parameters/8-520>		<http://ids.clld.org/values/8-520-293-1>		"po-"@ram	
"(böse)"@de	<http://ids.clld.org/values/16-720-194-5>		<http://ids.clld.org/parameters/16-720>		<http://ids.clld.org/values/16-720-293-1>		"iʔkʰɛn"@ram	
"Wurm"@de	<http://ids.clld.org/values/3-840-194-1>		<http://ids.clld.org/parameters/3-840>		<http://ids.clld.org/values/3-840-293-1>		"hɔɔc̷ã"@ram	
"Tabak"@de	<http://ids.clld.org/values/8-680-194-1>		<http://ids.clld.org/parameters/8-680>		<http://ids.clld.org/values/8-680-293-1>		"parho"@ram	
"Freude"@de	<http://ids.clld.org/values/16-230-194-1>		<http://ids.clld.org/parameters/16-230>		<http://ids.clld.org/values/16-230-293-1>		"hakʰrɨ"@ram	
"quetschen"@de	<http://ids.clld.org/values/9-343-194-1>		<http://ids.clld.org/parameters/9-343>		<http://ids.clld.org/values/9-343-293-1>		"ŋɛ̃n"@ram	
"Ameise"@de	<http://ids.clld.org/values/3-817-194-1>		<http://ids.clld.org/parameters/3-817>		<http://ids.clld.org/values/3-817-293-1>		"ahc̷un- (aʔc̷un- ?)"@ram	
"lebend"@de	<http://ids.clld.org/values/4-740-194-3>		<http://ids.clld.org/parameters/4-740>		<http://ids.clld.org/values/4-740-293-1>		"tĩ"@ram	
"Blut"@de	<http://ids.clld.org/values/4-150-194-1>		<http://ids.clld.org/parameters/4-150>		<http://ids.clld.org/values/4-150-293-1>		"ii-kaproo"@ram	
"Vater"@de	<http://ids.clld.org/values/2-350-194-1>		<http://ids.clld.org/parameters/2-350>		<http://ids.clld.org/values/2-350-293-1>		"-pãm"@ram	
"Vater"@de	<http://ids.clld.org/values/2-350-194-1>		<http://ids.clld.org/parameters/2-350>		<http://ids.clld.org/values/2-350-293-3>		"c̷ũ"@ram	
"Skorpion"@de	<http://ids.clld.org/values/3-815-194-1>		<http://ids.clld.org/parameters/3-815>		<http://ids.clld.org/values/3-815-293-1>		"pak"@ram	
"du"@de	<http://ids.clld.org/values/2-920-194-1>		<http://ids.clld.org/parameters/2-920>		<http://ids.clld.org/values/2-920-293-1>		"ka"@ram	
"breit"@de	<http://ids.clld.org/values/12-610-194-1>		<http://ids.clld.org/parameters/12-610>		<http://ids.clld.org/values/12-610-293-1>		"iʔ-pɔ"@ram	
"Frau"@de	<http://ids.clld.org/values/2-320-194-1>		<http://ids.clld.org/parameters/2-320>		<http://ids.clld.org/values/2-320-293-1>		"ĩĩ-prõ"@ram	
"lügen"@de	<http://ids.clld.org/values/16-670-194-3>		<http://ids.clld.org/parameters/16-670>		<http://ids.clld.org/values/16-670-293-1>		"nõ"@ram	
"wehen"@de	<http://ids.clld.org/values/10-380-194-3>		<http://ids.clld.org/parameters/10-380>		<http://ids.clld.org/values/10-380-293-1>		"hakkoo"@ram	
"froh"@de	<http://ids.clld.org/values/16-230-194-3>		<http://ids.clld.org/parameters/16-230>		<http://ids.clld.org/values/16-230-293-1>		"hakʰrɨ"@ram	
"steigen"@de	<http://ids.clld.org/values/10-472-194-7>		<http://ids.clld.org/parameters/10-472>		<http://ids.clld.org/values/10-472-293-1>		"pi-"@ram	
"Sand"@de	<http://ids.clld.org/values/1-215-194-1>		<http://ids.clld.org/parameters/1-215>		<http://ids.clld.org/values/1-215-293-1>		"pye"@ram	
"Stern"@de	<http://ids.clld.org/values/1-540-194-1>		<http://ids.clld.org/parameters/1-540>		<http://ids.clld.org/values/1-540-293-1>		"kac̷ee-rɛ"@ram	
"sitzen"@de	<http://ids.clld.org/values/12-130-194-1>		<http://ids.clld.org/parameters/12-130>		<http://ids.clld.org/values/12-130-293-1>		"yə̃ (yɨ̃ ?)"@ram	
"Fell"@de	<http://ids.clld.org/values/4-120-194-3>		<http://ids.clld.org/parameters/4-120>		<http://ids.clld.org/values/4-120-293-1>		"ii-kʰə (?)"@ram	
"wohnen"@de	<http://ids.clld.org/values/7-110-194-1>		<http://ids.clld.org/parameters/7-110>		<http://ids.clld.org/values/7-110-293-1>		"kʰrĩ"@ram	
"krumm"@de	<http://ids.clld.org/values/12-740-194-1>		<http://ids.clld.org/parameters/12-740>		<http://ids.clld.org/values/12-740-293-1>		"yakɔt"@ram	
"klein"@de	<http://ids.clld.org/values/12-560-194-1>		<http://ids.clld.org/parameters/12-560>		<http://ids.clld.org/values/12-560-293-3>		"lɛ"@ram	
"klein"@de	<http://ids.clld.org/values/12-560-194-1>		<http://ids.clld.org/parameters/12-560>		<http://ids.clld.org/values/12-560-293-1>		"ĩn-krirɛ"@ram	
"Hund"@de	<http://ids.clld.org/values/3-610-194-1>		<http://ids.clld.org/parameters/3-610>		<http://ids.clld.org/values/3-610-293-1>		"rɔp"@ram	
"ähnlich"@de	<http://ids.clld.org/values/12-920-194-1>		<http://ids.clld.org/parameters/12-920>		<http://ids.clld.org/values/12-920-293-1>		"kʰĩ"@ram	
"er"@de	<http://ids.clld.org/values/2-930-194-1>		<http://ids.clld.org/parameters/2-930>		<http://ids.clld.org/values/2-930-293-1>		"tamə̃"@ram	
"Hinterteil"@de	<http://ids.clld.org/values/4-464-194-3>		<http://ids.clld.org/parameters/4-464>		<http://ids.clld.org/values/4-464-293-1>		"ayɔ"@ram	
"gehen"@de	<http://ids.clld.org/values/10-470-194-1>		<http://ids.clld.org/parameters/10-470>		<http://ids.clld.org/values/10-470-293-1>		"mɔ̃"@ram	
"Fuß"@de	<http://ids.clld.org/values/4-370-194-1>		<http://ids.clld.org/parameters/4-370>		<http://ids.clld.org/values/4-370-293-1>		"ii-par"@ram	
"Kind"@de	<http://ids.clld.org/values/2-270-194-1>		<http://ids.clld.org/parameters/2-270>		<http://ids.clld.org/values/2-270-293-1>		"aʔ-kʰra-rɛ"@ram	
"Maniok"@de	<http://ids.clld.org/values/8-920-194-3>		<http://ids.clld.org/parameters/8-920>		<http://ids.clld.org/values/8-920-293-1>		"kʰwɨrɨ"@ram	
"blasen"@de	<http://ids.clld.org/values/10-380-194-1>		<http://ids.clld.org/parameters/10-380>		<http://ids.clld.org/values/10-380-293-1>		"hakkoo"@ram	
"Dachstroh"@de	<http://ids.clld.org/values/7-520-194-3>		<http://ids.clld.org/parameters/7-520>		<http://ids.clld.org/values/7-520-293-1>		"po"@ram	
"Gras"@de	<http://ids.clld.org/values/8-510-194-1>		<http://ids.clld.org/parameters/8-510>		<http://ids.clld.org/values/8-510-293-1>		"aʔ-tuu"@ram	
"schlagen"@de	<http://ids.clld.org/values/9-211-194-1>		<http://ids.clld.org/parameters/9-211>		<http://ids.clld.org/values/9-211-293-1>		"twə"@ram	
"Gatte"@de	<http://ids.clld.org/values/2-310-194-5>		<http://ids.clld.org/parameters/2-310>		<http://ids.clld.org/values/2-310-293-1>		"ĩĩ-pyɛ"@ram	
"Staub"@de	<http://ids.clld.org/values/1-213-194-1>		<http://ids.clld.org/parameters/1-213>		<http://ids.clld.org/values/1-213-293-1>		"pye yakro"@ram	
"Salz"@de	<http://ids.clld.org/values/5-810-194-1>		<http://ids.clld.org/parameters/5-810>		<http://ids.clld.org/values/5-810-293-1>		"kaac̷wa"@ram	
"Knochen"@de	<http://ids.clld.org/values/4-160-194-1>		<http://ids.clld.org/parameters/4-160>		<http://ids.clld.org/values/4-160-293-1>		"-hi"@ram	
"Bauch"@de	<http://ids.clld.org/values/4-460-194-1>		<http://ids.clld.org/parameters/4-460>		<http://ids.clld.org/values/4-460-293-1>		"ii-tu"@ram	
"Floh"@de	<http://ids.clld.org/values/3-813-194-1>		<http://ids.clld.org/parameters/3-813>		<http://ids.clld.org/values/3-813-293-1>		"ĩnko"@ram	
"Kartoffel"@de	<http://ids.clld.org/values/5-700-194-1>		<http://ids.clld.org/parameters/5-700>		<http://ids.clld.org/values/5-700-293-1>		"yat (yɛt ?)"@ram	
"brennen"@de	<http://ids.clld.org/values/1-851-194-1>		<http://ids.clld.org/parameters/1-851>		<http://ids.clld.org/values/1-851-293-1>		"ka-c̷ər"@ram	
"Quelle"@de	<http://ids.clld.org/values/1-370-194-1>		<http://ids.clld.org/parameters/1-370>		<http://ids.clld.org/values/1-370-293-1>		"kʰwa"@ram	
"tragen"@de	<http://ids.clld.org/values/10-610-194-1>		<http://ids.clld.org/parameters/10-610>		<http://ids.clld.org/values/10-610-293-1>		"pə"@ram	
"Ehefrau"@de	<http://ids.clld.org/values/2-320-194-3>		<http://ids.clld.org/parameters/2-320>		<http://ids.clld.org/values/2-320-293-1>		"ĩĩ-prõ"@ram	
"Samen"@de	<http://ids.clld.org/values/8-311-194-1>		<http://ids.clld.org/parameters/8-311>		<http://ids.clld.org/values/8-311-293-1>		"iʔ-hɨɨ (hɨ- ?)"@ram	
"wenig"@de	<http://ids.clld.org/values/13-170-194-1>		<http://ids.clld.org/parameters/13-170>		<http://ids.clld.org/values/13-170-293-1>		"kʰɨɨpe-"@ram	
"Farbe"@de	<http://ids.clld.org/values/9-880-194-1>		<http://ids.clld.org/parameters/9-880>		<http://ids.clld.org/values/9-880-293-1>		"kʰrɔr"@ram	
"drehen"@de	<http://ids.clld.org/values/10-130-194-1>		<http://ids.clld.org/parameters/10-130>		<http://ids.clld.org/values/10-130-293-1>		"ayrɔ̃"@ram	
"tot"@de	<http://ids.clld.org/values/4-750-194-3>		<http://ids.clld.org/parameters/4-750>		<http://ids.clld.org/values/4-750-293-1>		"tɨɨ- (tɨ ?)"@ram	
"glücklich"@de	<http://ids.clld.org/values/16-230-194-5>		<http://ids.clld.org/parameters/16-230>		<http://ids.clld.org/values/16-230-293-1>		"hakʰrɨ"@ram	
"Stelle"@de	<http://ids.clld.org/values/12-110-194-1>		<http://ids.clld.org/parameters/12-110>		<http://ids.clld.org/values/12-110-293-1>		"-li-"@ram	
"lauschen"@de	<http://ids.clld.org/values/15-420-194-5>		<http://ids.clld.org/parameters/15-420>		<http://ids.clld.org/values/15-420-293-1>		"k mpa (?)"@ram	
"Matte"@de	<http://ids.clld.org/values/9-770-194-1>		<http://ids.clld.org/parameters/9-770>		<http://ids.clld.org/values/9-770-293-1>		"kohpip (koʔpip ?)"@ram	
"Haar"@de	<http://ids.clld.org/values/4-140-194-1>		<http://ids.clld.org/parameters/4-140>		<http://ids.clld.org/values/4-140-293-1>		"ii-kʰĩ"@ram	
"gehen"@de	<http://ids.clld.org/values/10-450-194-1>		<http://ids.clld.org/parameters/10-450>		<http://ids.clld.org/values/10-450-293-1>		"mõ"@ram	
"Arm"@de	<http://ids.clld.org/values/4-310-194-1>		<http://ids.clld.org/parameters/4-310>		<http://ids.clld.org/values/4-310-293-1>		"pa"@ram	
"bitter"@de	<http://ids.clld.org/values/15-370-194-1>		<http://ids.clld.org/parameters/15-370>		<http://ids.clld.org/values/15-370-293-1>		"-c̷ə-"@ram	
"bitter"@de	<http://ids.clld.org/values/15-370-194-1>		<http://ids.clld.org/parameters/15-370>		<http://ids.clld.org/values/15-370-293-3>		"hə"@ram	
"Kassave"@de	<http://ids.clld.org/values/8-920-194-5>		<http://ids.clld.org/parameters/8-920>		<http://ids.clld.org/values/8-920-293-1>		"kʰwɨrɨ"@ram	
"essen"@de	<http://ids.clld.org/values/5-110-194-1>		<http://ids.clld.org/parameters/5-110>		<http://ids.clld.org/values/5-110-293-3>		"kʰuu"@ram	
"essen"@de	<http://ids.clld.org/values/5-110-194-1>		<http://ids.clld.org/parameters/5-110>		<http://ids.clld.org/values/5-110-293-7>		"pa-"@ram	
"essen"@de	<http://ids.clld.org/values/5-110-194-1>		<http://ids.clld.org/parameters/5-110>		<http://ids.clld.org/values/5-110-293-5>		"kukʰu-"@ram	
"essen"@de	<http://ids.clld.org/values/5-110-194-1>		<http://ids.clld.org/parameters/5-110>		<http://ids.clld.org/values/5-110-293-1>		"-kʰrẽ"@ram	
"Krokodil"@de	<http://ids.clld.org/values/3-970-194-1>		<http://ids.clld.org/parameters/3-970>		<http://ids.clld.org/values/3-970-293-1>		"mĩĩ (mɨ̃ ?)"@ram	
"ich"@de	<http://ids.clld.org/values/2-910-194-1>		<http://ids.clld.org/parameters/2-910>		<http://ids.clld.org/values/2-910-293-3>		"wa"@ram	
"ich"@de	<http://ids.clld.org/values/2-910-194-1>		<http://ids.clld.org/parameters/2-910>		<http://ids.clld.org/values/2-910-293-1>		"pa"@ram	
"Wurzel"@de	<http://ids.clld.org/values/8-540-194-1>		<http://ids.clld.org/parameters/8-540>		<http://ids.clld.org/values/8-540-293-1>		"haare"@ram	
"Himmel"@de	<http://ids.clld.org/values/1-510-194-1>		<http://ids.clld.org/parameters/1-510>		<http://ids.clld.org/values/1-510-293-1>		"koykʰwa"@ram	
"Schluckauf"@de	<http://ids.clld.org/values/4-521-194-1>		<http://ids.clld.org/parameters/4-521>		<http://ids.clld.org/values/4-521-293-1>		"hɛk"@ram	
"Rinde"@de	<http://ids.clld.org/values/8-750-194-1>		<http://ids.clld.org/parameters/8-750>		<http://ids.clld.org/values/8-750-293-1>		"ii-kʰə"@ram	
"Borke"@de	<http://ids.clld.org/values/8-750-194-3>		<http://ids.clld.org/parameters/8-750>		<http://ids.clld.org/values/8-750-293-1>		"ii-kʰə"@ram	
"tanzen"@de	<http://ids.clld.org/values/10-440-194-1>		<http://ids.clld.org/parameters/10-440>		<http://ids.clld.org/values/10-440-293-1>		"hakrun (?)"@ram	
"Blutgeschwür"@de	<http://ids.clld.org/values/4-856-194-3>		<http://ids.clld.org/parameters/4-856>		<http://ids.clld.org/values/4-856-293-1>		"kuhe"@ram	
"nass"@de	<http://ids.clld.org/values/15-830-194-1>		<http://ids.clld.org/parameters/15-830>		<http://ids.clld.org/values/15-830-293-1>		"mrɔ̃ (?)"@ram	
"jeder"@de	<http://ids.clld.org/values/13-140-194-1>		<http://ids.clld.org/parameters/13-140>		<http://ids.clld.org/values/13-140-293-1>		"tu-"@ram	
"sterben"@de	<http://ids.clld.org/values/4-750-194-1>		<http://ids.clld.org/parameters/4-750>		<http://ids.clld.org/values/4-750-293-1>		"tɨɨ- (tɨ ?)"@ram	
"Fisch"@de	<http://ids.clld.org/values/3-650-194-1>		<http://ids.clld.org/parameters/3-650>		<http://ids.clld.org/values/3-650-293-3>		"krən-"@ram	
"Fisch"@de	<http://ids.clld.org/values/3-650-194-1>		<http://ids.clld.org/parameters/3-650>		<http://ids.clld.org/values/3-650-293-1>		"tɛp"@ram	
"saugen"@de	<http://ids.clld.org/values/5-160-194-1>		<http://ids.clld.org/parameters/5-160>		<http://ids.clld.org/values/5-160-293-1>		"kaho"@ram	
"kalt"@de	<http://ids.clld.org/values/15-860-194-1>		<http://ids.clld.org/parameters/15-860>		<http://ids.clld.org/values/15-860-293-1>		"kʰrɨ"@ram	
"aufheben"@de	<http://ids.clld.org/values/12-212-194-1>		<http://ids.clld.org/parameters/12-212>		<http://ids.clld.org/values/12-212-293-1>		"pɨ"@ram	
"gut"@de	<http://ids.clld.org/values/16-710-194-1>		<http://ids.clld.org/parameters/16-710>		<http://ids.clld.org/values/16-710-293-1>		"-pɛy"@ram	
"speisen"@de	<http://ids.clld.org/values/5-110-194-3>		<http://ids.clld.org/parameters/5-110>		<http://ids.clld.org/values/5-110-293-3>		"kʰuu"@ram	
"speisen"@de	<http://ids.clld.org/values/5-110-194-3>		<http://ids.clld.org/parameters/5-110>		<http://ids.clld.org/values/5-110-293-7>		"pa-"@ram	
"speisen"@de	<http://ids.clld.org/values/5-110-194-3>		<http://ids.clld.org/parameters/5-110>		<http://ids.clld.org/values/5-110-293-5>		"kukʰu-"@ram	
"speisen"@de	<http://ids.clld.org/values/5-110-194-3>		<http://ids.clld.org/parameters/5-110>		<http://ids.clld.org/values/5-110-293-1>		"-kʰrẽ"@ram	
"küssen"@de	<http://ids.clld.org/values/16-290-194-1>		<http://ids.clld.org/parameters/16-290>		<http://ids.clld.org/values/16-290-293-1>		"p (?)"@ram	
"(übel)"@de	<http://ids.clld.org/values/16-720-194-7>		<http://ids.clld.org/parameters/16-720>		<http://ids.clld.org/values/16-720-293-1>		"iʔkʰɛn"@ram	
"Fels"@de	<http://ids.clld.org/values/1-440-194-3>		<http://ids.clld.org/parameters/1-440>		<http://ids.clld.org/values/1-440-293-1>		"kʰɛn"@ram	
"groß"@de	<http://ids.clld.org/values/12-550-194-1>		<http://ids.clld.org/parameters/12-550>		<http://ids.clld.org/values/12-550-293-1>		"ti-"@ram	
"sie"@de	<http://ids.clld.org/values/2-930-194-3>		<http://ids.clld.org/parameters/2-930>		<http://ids.clld.org/values/2-930-293-1>		"tamə̃"@ram	
"Ehemann"@de	<http://ids.clld.org/values/2-310-194-3>		<http://ids.clld.org/parameters/2-310>		<http://ids.clld.org/values/2-310-293-1>		"ĩĩ-pyɛ"@ram	
"rasch"@de	<http://ids.clld.org/values/14-210-194-3>		<http://ids.clld.org/parameters/14-210>		<http://ids.clld.org/values/14-210-293-1>		"kɨt-"@ram	
"bloss"@de	<http://ids.clld.org/values/13-330-194-7>		<http://ids.clld.org/parameters/13-330>		<http://ids.clld.org/values/13-330-293-3>		"kamã"@ram	
"bloss"@de	<http://ids.clld.org/values/13-330-194-7>		<http://ids.clld.org/parameters/13-330>		<http://ids.clld.org/values/13-330-293-1>		"pit"@ram	
"schlimm"@de	<http://ids.clld.org/values/16-720-194-3>		<http://ids.clld.org/parameters/16-720>		<http://ids.clld.org/values/16-720-293-1>		"iʔkʰɛn"@ram	
"Fleisch"@de	<http://ids.clld.org/values/5-610-194-1>		<http://ids.clld.org/parameters/5-610>		<http://ids.clld.org/values/5-610-293-1>		"hĩ"@ram	
"Fleisch"@de	<http://ids.clld.org/values/5-610-194-1>		<http://ids.clld.org/parameters/5-610>		<http://ids.clld.org/values/5-610-293-3>		"yĩ"@ram	
"Auge"@de	<http://ids.clld.org/values/4-210-194-1>		<http://ids.clld.org/parameters/4-210>		<http://ids.clld.org/values/4-210-293-1>		"ii-tɔ"@ram	
"Gattin"@de	<http://ids.clld.org/values/2-320-194-5>		<http://ids.clld.org/parameters/2-320>		<http://ids.clld.org/values/2-320-293-1>		"ĩĩ-prõ"@ram	
"eins"@de	<http://ids.clld.org/values/13-10-194-3>		<http://ids.clld.org/parameters/13-10>		<http://ids.clld.org/values/13-10-293-1>		"pɨc̷it"@ram	
"beißen"@de	<http://ids.clld.org/values/4-580-194-1>		<http://ids.clld.org/parameters/4-580>		<http://ids.clld.org/values/4-580-293-1>		"-ku-c̷a"@ram	
"allein"@de	<http://ids.clld.org/values/13-330-194-1>		<http://ids.clld.org/parameters/13-330>		<http://ids.clld.org/values/13-330-293-3>		"kamã"@ram	
"allein"@de	<http://ids.clld.org/values/13-330-194-1>		<http://ids.clld.org/parameters/13-330>		<http://ids.clld.org/values/13-330-293-1>		"pit"@ram	
"Faden"@de	<http://ids.clld.org/values/6-380-194-1>		<http://ids.clld.org/parameters/6-380>		<http://ids.clld.org/values/6-380-293-1>		"he-"@ram	
"Faden"@de	<http://ids.clld.org/values/6-380-194-1>		<http://ids.clld.org/parameters/6-380>		<http://ids.clld.org/values/6-380-293-3>		"-c̷e- (?)"@ram	
"(Erdapfel)"@de	<http://ids.clld.org/values/5-700-194-3>		<http://ids.clld.org/parameters/5-700>		<http://ids.clld.org/values/5-700-293-1>		"yat (yɛt ?)"@ram	
"Feld"@de	<http://ids.clld.org/values/8-120-194-3>		<http://ids.clld.org/parameters/8-120>		<http://ids.clld.org/values/8-120-293-1>		"pur"@ram	
"Feuer"@de	<http://ids.clld.org/values/1-810-194-1>		<http://ids.clld.org/parameters/1-810>		<http://ids.clld.org/values/1-810-293-1>		"kuhɨ"@ram	
"Nacht"@de	<http://ids.clld.org/values/14-420-194-1>		<http://ids.clld.org/parameters/14-420>		<http://ids.clld.org/values/14-420-293-1>		"kac̷wa"@ram	
"schlagen"@de	<http://ids.clld.org/values/9-210-194-1>		<http://ids.clld.org/parameters/9-210>		<http://ids.clld.org/values/9-210-293-1>		"kʰrɔ̃k"@ram	
"auspressen"@de	<http://ids.clld.org/values/9-343-194-5>		<http://ids.clld.org/parameters/9-343>		<http://ids.clld.org/values/9-343-293-1>		"ŋɛ̃n"@ram	
"süß"@de	<http://ids.clld.org/values/15-350-194-1>		<http://ids.clld.org/parameters/15-350>		<http://ids.clld.org/values/15-350-293-1>		"c̷o-"@ram	
"geben"@de	<http://ids.clld.org/values/11-210-194-1>		<http://ids.clld.org/parameters/11-210>		<http://ids.clld.org/values/11-210-293-3>		"ŋɔ̃"@ram	
"geben"@de	<http://ids.clld.org/values/11-210-194-1>		<http://ids.clld.org/parameters/11-210>		<http://ids.clld.org/values/11-210-293-1>		"c̷i-"@ram	
"Zunge"@de	<http://ids.clld.org/values/4-260-194-1>		<http://ids.clld.org/parameters/4-260>		<http://ids.clld.org/values/4-260-293-1>		"-yõʔtɔ"@ram	
"Kaiman"@de	<http://ids.clld.org/values/3-970-194-5>		<http://ids.clld.org/parameters/3-970>		<http://ids.clld.org/values/3-970-293-1>		"mĩĩ (mɨ̃ ?)"@ram	
"Schlange"@de	<http://ids.clld.org/values/3-850-194-1>		<http://ids.clld.org/parameters/3-850>		<http://ids.clld.org/values/3-850-293-3>		"pat"@ram	
"Schlange"@de	<http://ids.clld.org/values/3-850-194-1>		<http://ids.clld.org/parameters/3-850>		<http://ids.clld.org/values/3-850-293-1>		"kaaŋə"@ram	
"Fledermaus"@de	<http://ids.clld.org/values/3-591-194-1>		<http://ids.clld.org/parameters/3-591>		<http://ids.clld.org/values/3-591-293-1>		"c̷ɛprɛ"@ram	
"horchen"@de	<http://ids.clld.org/values/15-420-194-3>		<http://ids.clld.org/parameters/15-420>		<http://ids.clld.org/values/15-420-293-1>		"k mpa (?)"@ram	
"klettern"@de	<http://ids.clld.org/values/10-472-194-5>		<http://ids.clld.org/parameters/10-472>		<http://ids.clld.org/values/10-472-293-1>		"pi-"@ram	
"Tapioka"@de	<http://ids.clld.org/values/8-920-194-1>		<http://ids.clld.org/parameters/8-920>		<http://ids.clld.org/values/8-920-293-1>		"kʰwɨrɨ"@ram	
"Ei"@de	<http://ids.clld.org/values/5-970-194-1>		<http://ids.clld.org/parameters/5-970>		<http://ids.clld.org/values/5-970-293-1>		"in-krɛ"@ram	
"(fahren)"@de	<http://ids.clld.org/values/10-470-194-3>		<http://ids.clld.org/parameters/10-470>		<http://ids.clld.org/values/10-470-293-1>		"mɔ̃"@ram	
"Gemahl"@de	<http://ids.clld.org/values/2-310-194-7>		<http://ids.clld.org/parameters/2-310>		<http://ids.clld.org/values/2-310-293-1>		"ĩĩ-pyɛ"@ram	
"Rauch"@de	<http://ids.clld.org/values/1-830-194-1>		<http://ids.clld.org/parameters/1-830>		<http://ids.clld.org/values/1-830-293-1>		"iʔ-kʰũm"@ram	
"schmerz"@de	<http://ids.clld.org/values/16-310-194-1>		<http://ids.clld.org/parameters/16-310>		<http://ids.clld.org/values/16-310-293-1>		"-c̷a-"@ram	
"schmerz"@de	<http://ids.clld.org/values/16-310-194-1>		<http://ids.clld.org/parameters/16-310>		<http://ids.clld.org/values/16-310-293-3>		"ha- (?)"@ram	
