"Sturm"@de	<http://ids.clld.org/values/1-580-194-1>		<http://ids.clld.org/parameters/1-580>		<http://ids.clld.org/values/1-580-823-1>		"pa:w.4"@scb-x-rucc1239	
"Holz"@de	<http://ids.clld.org/values/1-430-194-1>		<http://ids.clld.org/parameters/1-430>		<http://ids.clld.org/values/1-430-823-1>		"kəʌj.2"@scb-x-rucc1239	
"Sonne"@de	<http://ids.clld.org/values/1-520-194-1>		<http://ids.clld.org/parameters/1-520>		<http://ids.clld.org/values/1-520-823-1>		"məʌt.4 kara:ŋ.1"@scb-x-rucc1239	
"Weib"@de	<http://ids.clld.org/values/2-220-194-3>		<http://ids.clld.org/parameters/2-220>		<http://ids.clld.org/values/2-220-823-1>		"pukj.3"@scb-x-rucc1239	
"Mann"@de	<http://ids.clld.org/values/2-310-194-1>		<http://ids.clld.org/parameters/2-310>		<http://ids.clld.org/values/2-310-823-1>		"məku:ń.3"@scb-x-rucc1239	
"Jüngling"@de	<http://ids.clld.org/values/2-251-194-5>		<http://ids.clld.org/parameters/2-251>		<http://ids.clld.org/values/2-251-823-1>		"ba:w.1"@scb-x-rucc1239	
"Tal"@de	<http://ids.clld.org/values/1-240-194-1>		<http://ids.clld.org/parameters/1-240>		<http://ids.clld.org/values/1-240-823-1>		"ulu:ŋ.1"@scb-x-rucc1239	
"Ehescheidung"@de	<http://ids.clld.org/values/2-341-194-3>		<http://ids.clld.org/parameters/2-341>		<http://ids.clld.org/values/2-341-823-1>		"ßɨʌt.4"@scb-x-rucc1239	
"Nebel"@de	<http://ids.clld.org/values/1-740-194-1>		<http://ids.clld.org/parameters/1-740>		<http://ids.clld.org/values/1-740-823-1>		"tulu:k.3"@scb-x-rucc1239	
"Mädchen"@de	<http://ids.clld.org/values/2-261-194-1>		<http://ids.clld.org/parameters/2-261>		<http://ids.clld.org/values/2-261-823-1>		"puma:j.3"@scb-x-rucc1239	
"jüngere Schwester"@de	<http://ids.clld.org/values/2-455-194-1>		<http://ids.clld.org/parameters/2-455>		<http://ids.clld.org/values/2-455-823-1>		"ceɛ.$"@scb-x-rucc1239	
"Strom"@de	<http://ids.clld.org/values/1-360-194-3>		<http://ids.clld.org/parameters/1-360>		<http://ids.clld.org/values/1-360-823-1>		"ju:ŋ.4"@scb-x-rucc1239	
"Strom"@de	<http://ids.clld.org/values/1-360-194-3>		<http://ids.clld.org/parameters/1-360>		<http://ids.clld.org/values/1-360-823-2>		"cərɔ:k.3"@scb-x-rucc1239	
"Mensch"@de	<http://ids.clld.org/values/2-100-194-1>		<http://ids.clld.org/parameters/2-100>		<http://ids.clld.org/values/2-100-823-1>		"ŋa:j.2"@scb-x-rucc1239	
"Schwiegermutter"@de	<http://ids.clld.org/values/2-620-194-1>		<http://ids.clld.org/parameters/2-620>		<http://ids.clld.org/values/2-620-823-1>		"meɛ.4 makj.3"@scb-x-rucc1239	
"Klippe"@de	<http://ids.clld.org/values/1-222-194-1>		<http://ids.clld.org/parameters/1-222>		<http://ids.clld.org/values/1-222-823-1>		"kupə:ŋ.1"@scb-x-rucc1239	
"Gestade"@de	<http://ids.clld.org/values/1-270-194-5>		<http://ids.clld.org/parameters/1-270>		<http://ids.clld.org/values/1-270-823-1>		"kupə:ŋ.1"@scb-x-rucc1239	
"Schlamm"@de	<http://ids.clld.org/values/1-214-194-1>		<http://ids.clld.org/parameters/1-214>		<http://ids.clld.org/values/1-214-823-1>		"la:r.4"@scb-x-rucc1239	
"Säugling"@de	<http://ids.clld.org/values/2-280-194-1>		<http://ids.clld.org/parameters/2-280>		<http://ids.clld.org/values/2-280-823-1>		"pucɔ:j.3"@scb-x-rucc1239	
"Schaum"@de	<http://ids.clld.org/values/1-324-194-1>		<http://ids.clld.org/parameters/1-324>		<http://ids.clld.org/values/1-324-823-1>		"pɔh.pɔh.1"@scb-x-rucc1239	
"Land"@de	<http://ids.clld.org/values/1-210-194-3>		<http://ids.clld.org/parameters/1-210>		<http://ids.clld.org/values/1-210-823-1>		"bə:n.3"@scb-x-rucc1239	
"(Schwäher)"@de	<http://ids.clld.org/values/2-610-194-3>		<http://ids.clld.org/parameters/2-610>		<http://ids.clld.org/values/2-610-823-1>		"pɨ.4 makj.#"@scb-x-rucc1239	
"brennen"@de	<http://ids.clld.org/values/1-852-194-1>		<http://ids.clld.org/parameters/1-852>		<http://ids.clld.org/values/1-852-823-1>		"kɨcɔh.1"@scb-x-rucc1239	
"Höhle"@de	<http://ids.clld.org/values/1-280-194-1>		<http://ids.clld.org/parameters/1-280>		<http://ids.clld.org/values/1-280-823-1>		"kɨ:p.4"@scb-x-rucc1239	
"kleiner Bruder"@de	<http://ids.clld.org/values/2-445-194-3>		<http://ids.clld.org/parameters/2-445>		<http://ids.clld.org/values/2-445-823-1>		"ceɛ.4"@scb-x-rucc1239	
"Onkel"@de	<http://ids.clld.org/values/2-511-194-1>		<http://ids.clld.org/parameters/2-511>		<http://ids.clld.org/values/2-511-823-1>		"ta.1"@scb-x-rucc1239	
"Onkel"@de	<http://ids.clld.org/values/2-511-194-1>		<http://ids.clld.org/parameters/2-511>		<http://ids.clld.org/values/2-511-823-2>		"ta.1"@scb-x-rucc1239	
"Onkel"@de	<http://ids.clld.org/values/2-511-194-1>		<http://ids.clld.org/parameters/2-511>		<http://ids.clld.org/values/2-511-823-3>		"kw.4"@scb-x-rucc1239	
"Dreck"@de	<http://ids.clld.org/values/1-214-194-3>		<http://ids.clld.org/parameters/1-214>		<http://ids.clld.org/values/1-214-823-1>		"la:r.4"@scb-x-rucc1239	
"Junge"@de	<http://ids.clld.org/values/2-250-194-1>		<http://ids.clld.org/parameters/2-250>		<http://ids.clld.org/values/2-250-823-1>		"ba:w.1"@scb-x-rucc1239	
"umbringen"@de	<http://ids.clld.org/values/4-760-194-5>		<http://ids.clld.org/parameters/4-760>		<http://ids.clld.org/values/4-760-823-1>		"kacit"@scb-x-rucc1239	
"Voreltern"@de	<http://ids.clld.org/values/2-560-194-5>		<http://ids.clld.org/parameters/2-560>		<http://ids.clld.org/values/2-560-823-1>		"ʔo:ŋ.1 pluok.4"@scb-x-rucc1239	
"Neffe"@de	<http://ids.clld.org/values/2-530-194-1>		<http://ids.clld.org/parameters/2-530>		<http://ids.clld.org/values/2-530-823-1>		"cw.3"@scb-x-rucc1239	
"Brunnen"@de	<http://ids.clld.org/values/1-370-194-3>		<http://ids.clld.org/parameters/1-370>		<http://ids.clld.org/values/1-370-823-1>		"ru:k.4"@scb-x-rucc1239	
"Geschwister"@de	<http://ids.clld.org/values/2-456-194-1>		<http://ids.clld.org/parameters/2-456>		<http://ids.clld.org/values/2-456-823-1>		"ceɛ.4 məaŋ.4"@scb-x-rucc1239	
"Ahnen"@de	<http://ids.clld.org/values/2-560-194-1>		<http://ids.clld.org/parameters/2-560>		<http://ids.clld.org/values/2-560-823-1>		"ʔo:ŋ.1 pluok.4"@scb-x-rucc1239	
"anzünden"@de	<http://ids.clld.org/values/1-860-194-1>		<http://ids.clld.org/parameters/1-860>		<http://ids.clld.org/values/1-860-823-1>		"tu:c.3"@scb-x-rucc1239	
"Asche"@de	<http://ids.clld.org/values/1-840-194-1>		<http://ids.clld.org/parameters/1-840>		<http://ids.clld.org/values/1-840-823-1>		"tapeh.1"@scb-x-rucc1239	
"nein"@de	<http://ids.clld.org/values/17-560-194-1>		<http://ids.clld.org/parameters/17-560>		<http://ids.clld.org/values/17-560-823-1>		"lata.3"@scb-x-rucc1239	
"Berg"@de	<http://ids.clld.org/values/1-220-194-1>		<http://ids.clld.org/parameters/1-220>		<http://ids.clld.org/values/1-220-823-2>		"do:l.1"@scb-x-rucc1239	
"Berg"@de	<http://ids.clld.org/values/1-220-194-1>		<http://ids.clld.org/parameters/1-220>		<http://ids.clld.org/values/1-220-823-1>		"cɨ:t.3"@scb-x-rucc1239	
"Erde"@de	<http://ids.clld.org/values/1-210-194-1>		<http://ids.clld.org/parameters/1-210>		<http://ids.clld.org/values/1-210-823-1>		"bə:n.3"@scb-x-rucc1239	
"Brennholz"@de	<http://ids.clld.org/values/1-880-194-1>		<http://ids.clld.org/parameters/1-880>		<http://ids.clld.org/values/1-880-823-1>		"ku:r.1"@scb-x-rucc1239	
"Wind"@de	<http://ids.clld.org/values/1-720-194-1>		<http://ids.clld.org/parameters/1-720>		<http://ids.clld.org/values/1-720-823-1>		"kajɔ.3"@scb-x-rucc1239	
"Strudel"@de	<http://ids.clld.org/values/1-362-194-1>		<http://ids.clld.org/parameters/1-362>		<http://ids.clld.org/values/1-362-823-1>		"da:k.3 thuəj.3"@scb-x-rucc1239	
"Mädchen"@de	<http://ids.clld.org/values/2-260-194-1>		<http://ids.clld.org/parameters/2-260>		<http://ids.clld.org/values/2-260-823-1>		"puma:j.3"@scb-x-rucc1239	
"Wald"@de	<http://ids.clld.org/values/1-410-194-1>		<http://ids.clld.org/parameters/1-410>		<http://ids.clld.org/values/1-410-823-1>		"brw.3"@scb-x-rucc1239	
"kleine Schwester"@de	<http://ids.clld.org/values/2-455-194-3>		<http://ids.clld.org/parameters/2-455>		<http://ids.clld.org/values/2-455-823-1>		"ceɛ.$"@scb-x-rucc1239	
"Ufer"@de	<http://ids.clld.org/values/1-270-194-1>		<http://ids.clld.org/parameters/1-270>		<http://ids.clld.org/values/1-270-823-1>		"kupə:ŋ.1"@scb-x-rucc1239	
"Gemahlin"@de	<http://ids.clld.org/values/2-320-194-7>		<http://ids.clld.org/parameters/2-320>		<http://ids.clld.org/values/2-320-823-1>		"makj.3"@scb-x-rucc1239	
"Mann"@de	<http://ids.clld.org/values/2-210-194-1>		<http://ids.clld.org/parameters/2-210>		<http://ids.clld.org/values/2-210-823-1>		"puku:ń.3"@scb-x-rucc1239	
"(Schwieger)"@de	<http://ids.clld.org/values/2-620-194-3>		<http://ids.clld.org/parameters/2-620>		<http://ids.clld.org/values/2-620-823-1>		"meɛ.4 makj.3"@scb-x-rucc1239	
"Frau"@de	<http://ids.clld.org/values/2-220-194-1>		<http://ids.clld.org/parameters/2-220>		<http://ids.clld.org/values/2-220-823-1>		"pukj.3"@scb-x-rucc1239	
"Alte"@de	<http://ids.clld.org/values/2-471-194-1>		<http://ids.clld.org/parameters/2-471>		<http://ids.clld.org/values/2-471-823-1>		"moɔ.4 kuməʌk.4"@scb-x-rucc1239	
"Greis"@de	<http://ids.clld.org/values/2-461-194-3>		<http://ids.clld.org/parameters/2-461>		<http://ids.clld.org/values/2-461-823-1>		"ʔo:ŋ.1 kuməʌk.4"@scb-x-rucc1239	
"Wasser"@de	<http://ids.clld.org/values/1-310-194-1>		<http://ids.clld.org/parameters/1-310>		<http://ids.clld.org/values/1-310-823-1>		"da:k.3"@scb-x-rucc1239	
"Fluss"@de	<http://ids.clld.org/values/1-360-194-1>		<http://ids.clld.org/parameters/1-360>		<http://ids.clld.org/values/1-360-823-1>		"ju:ŋ.4"@scb-x-rucc1239	
"Fluss"@de	<http://ids.clld.org/values/1-360-194-1>		<http://ids.clld.org/parameters/1-360>		<http://ids.clld.org/values/1-360-823-2>		"cərɔ:k.3"@scb-x-rucc1239	
"Tau"@de	<http://ids.clld.org/values/1-640-194-1>		<http://ids.clld.org/parameters/1-640>		<http://ids.clld.org/values/1-640-823-1>		"da:k.3 mw.2"@scb-x-rucc1239	
"junger Mann"@de	<http://ids.clld.org/values/2-251-194-3>		<http://ids.clld.org/parameters/2-251>		<http://ids.clld.org/values/2-251-823-1>		"ba:w.1"@scb-x-rucc1239	
"Regen"@de	<http://ids.clld.org/values/1-750-194-1>		<http://ids.clld.org/parameters/1-750>		<http://ids.clld.org/values/1-750-823-1>		"kəməa.2"@scb-x-rucc1239	
"Schwiegermutter"@de	<http://ids.clld.org/values/2-621-194-1>		<http://ids.clld.org/parameters/2-621>		<http://ids.clld.org/values/2-621-823-1>		"meɛ.4 maku:ń.3"@scb-x-rucc1239	
"Horn"@de	<http://ids.clld.org/values/4-170-194-1>		<http://ids.clld.org/parameters/4-170>		<http://ids.clld.org/values/4-170-823-1>		"krɨŋ"@scb-x-rucc1239	
"Tante"@de	<http://ids.clld.org/values/2-522-194-1>		<http://ids.clld.org/parameters/2-522>		<http://ids.clld.org/values/2-522-823-2>		"ʔɔ.1"@scb-x-rucc1239	
"Tante"@de	<http://ids.clld.org/values/2-522-194-1>		<http://ids.clld.org/parameters/2-522>		<http://ids.clld.org/values/2-522-823-1>		"ja.1"@scb-x-rucc1239	
"Schwiegervater"@de	<http://ids.clld.org/values/2-611-194-1>		<http://ids.clld.org/parameters/2-611>		<http://ids.clld.org/values/2-611-823-1>		"pɨ.4 maju:ń.3"@scb-x-rucc1239	
"Donner"@de	<http://ids.clld.org/values/1-560-194-1>		<http://ids.clld.org/parameters/1-560>		<http://ids.clld.org/values/1-560-823-1>		"krɨ:m.4"@scb-x-rucc1239	
"Vater"@de	<http://ids.clld.org/values/2-350-194-1>		<http://ids.clld.org/parameters/2-350>		<http://ids.clld.org/values/2-350-823-1>		"pɨ.4"@scb-x-rucc1239	
"Wolke"@de	<http://ids.clld.org/values/1-730-194-1>		<http://ids.clld.org/parameters/1-730>		<http://ids.clld.org/values/1-730-823-1>		"məl.1"@scb-x-rucc1239	
"Frau"@de	<http://ids.clld.org/values/2-320-194-1>		<http://ids.clld.org/parameters/2-320>		<http://ids.clld.org/values/2-320-823-1>		"makj.3"@scb-x-rucc1239	
"Bach"@de	<http://ids.clld.org/values/1-360-194-5>		<http://ids.clld.org/parameters/1-360>		<http://ids.clld.org/values/1-360-823-1>		"ju:ŋ.4"@scb-x-rucc1239	
"Bach"@de	<http://ids.clld.org/values/1-360-194-5>		<http://ids.clld.org/parameters/1-360>		<http://ids.clld.org/values/1-360-823-2>		"cərɔ:k.3"@scb-x-rucc1239	
"Enkelin"@de	<http://ids.clld.org/values/2-490-194-1>		<http://ids.clld.org/parameters/2-490>		<http://ids.clld.org/values/2-490-823-1>		"cw.3"@scb-x-rucc1239	
"Sand"@de	<http://ids.clld.org/values/1-215-194-1>		<http://ids.clld.org/parameters/1-215>		<http://ids.clld.org/values/1-215-823-1>		"təka:c.3"@scb-x-rucc1239	
"Tante"@de	<http://ids.clld.org/values/2-521-194-1>		<http://ids.clld.org/parameters/2-521>		<http://ids.clld.org/values/2-521-823-1>		"na:j.1"@scb-x-rucc1239	
"Tante"@de	<http://ids.clld.org/values/2-521-194-1>		<http://ids.clld.org/parameters/2-521>		<http://ids.clld.org/values/2-521-823-2>		"mɨ.4"@scb-x-rucc1239	
"Stern"@de	<http://ids.clld.org/values/1-540-194-1>		<http://ids.clld.org/parameters/1-540>		<http://ids.clld.org/values/1-540-823-1>		"kumi:ŋ.1"@scb-x-rucc1239	
"Scheidung"@de	<http://ids.clld.org/values/2-341-194-1>		<http://ids.clld.org/parameters/2-341>		<http://ids.clld.org/values/2-341-823-1>		"ßɨʌt.4"@scb-x-rucc1239	
"Kind"@de	<http://ids.clld.org/values/2-270-194-1>		<http://ids.clld.org/parameters/2-270>		<http://ids.clld.org/values/2-270-823-1>		"kɔ:n.1"@scb-x-rucc1239	
"Boden"@de	<http://ids.clld.org/values/1-212-194-3>		<http://ids.clld.org/parameters/1-212>		<http://ids.clld.org/values/1-212-823-1>		"bə:n.3"@scb-x-rucc1239	
"große Schwester"@de	<http://ids.clld.org/values/2-454-194-3>		<http://ids.clld.org/parameters/2-454>		<http://ids.clld.org/values/2-454-823-1>		"cj.4"@scb-x-rucc1239	
"männlich"@de	<http://ids.clld.org/values/2-230-194-1>		<http://ids.clld.org/parameters/2-230>		<http://ids.clld.org/values/2-230-823-1>		"tɨk.4"@scb-x-rucc1239	
"(anstecken)"@de	<http://ids.clld.org/values/1-860-194-3>		<http://ids.clld.org/parameters/1-860>		<http://ids.clld.org/values/1-860-823-1>		"tu:c.3"@scb-x-rucc1239	
"Regenbogen"@de	<http://ids.clld.org/values/1-590-194-1>		<http://ids.clld.org/parameters/1-590>		<http://ids.clld.org/values/1-590-823-1>		"ro:ŋ.1"@scb-x-rucc1239	
"Gatte"@de	<http://ids.clld.org/values/2-310-194-5>		<http://ids.clld.org/parameters/2-310>		<http://ids.clld.org/values/2-310-823-1>		"məku:ń.3"@scb-x-rucc1239	
"Staub"@de	<http://ids.clld.org/values/1-213-194-1>		<http://ids.clld.org/parameters/1-213>		<http://ids.clld.org/values/1-213-823-1>		"kəhɔ:j.3"@scb-x-rucc1239	
"brennen"@de	<http://ids.clld.org/values/1-851-194-1>		<http://ids.clld.org/parameters/1-851>		<http://ids.clld.org/values/1-851-823-1>		"tu:c.3"@scb-x-rucc1239	
"Quelle"@de	<http://ids.clld.org/values/1-370-194-1>		<http://ids.clld.org/parameters/1-370>		<http://ids.clld.org/values/1-370-823-1>		"ru:k.4"@scb-x-rucc1239	
"Schwiegervater"@de	<http://ids.clld.org/values/2-610-194-1>		<http://ids.clld.org/parameters/2-610>		<http://ids.clld.org/values/2-610-823-1>		"pɨ.4 makj.#"@scb-x-rucc1239	
"Ehefrau"@de	<http://ids.clld.org/values/2-320-194-3>		<http://ids.clld.org/parameters/2-320>		<http://ids.clld.org/values/2-320-823-1>		"makj.3"@scb-x-rucc1239	
"älterer Bruder"@de	<http://ids.clld.org/values/2-444-194-1>		<http://ids.clld.org/parameters/2-444>		<http://ids.clld.org/values/2-444-823-1>		"məaŋ.4"@scb-x-rucc1239	
"Oheim"@de	<http://ids.clld.org/values/2-511-194-3>		<http://ids.clld.org/parameters/2-511>		<http://ids.clld.org/values/2-511-823-1>		"ta.1"@scb-x-rucc1239	
"Oheim"@de	<http://ids.clld.org/values/2-511-194-3>		<http://ids.clld.org/parameters/2-511>		<http://ids.clld.org/values/2-511-823-2>		"ta.1"@scb-x-rucc1239	
"Oheim"@de	<http://ids.clld.org/values/2-511-194-3>		<http://ids.clld.org/parameters/2-511>		<http://ids.clld.org/values/2-511-823-3>		"kw.4"@scb-x-rucc1239	
"jüngerer Bruder"@de	<http://ids.clld.org/values/2-445-194-1>		<http://ids.clld.org/parameters/2-445>		<http://ids.clld.org/values/2-445-823-1>		"ceɛ.4"@scb-x-rucc1239	
"Knabe"@de	<http://ids.clld.org/values/2-250-194-3>		<http://ids.clld.org/parameters/2-250>		<http://ids.clld.org/values/2-250-823-1>		"ba:w.1"@scb-x-rucc1239	
"Baby"@de	<http://ids.clld.org/values/2-280-194-3>		<http://ids.clld.org/parameters/2-280>		<http://ids.clld.org/values/2-280-823-1>		"pucɔ:j.3"@scb-x-rucc1239	
"Hügel"@de	<http://ids.clld.org/values/1-220-194-3>		<http://ids.clld.org/parameters/1-220>		<http://ids.clld.org/values/1-220-823-2>		"do:l.1"@scb-x-rucc1239	
"Hügel"@de	<http://ids.clld.org/values/1-220-194-3>		<http://ids.clld.org/parameters/1-220>		<http://ids.clld.org/values/1-220-823-1>		"cɨ:t.3"@scb-x-rucc1239	
"Großmutter"@de	<http://ids.clld.org/values/2-470-194-1>		<http://ids.clld.org/parameters/2-470>		<http://ids.clld.org/values/2-470-823-1>		"za.1"@scb-x-rucc1239	
"Großmutter"@de	<http://ids.clld.org/values/2-470-194-1>		<http://ids.clld.org/parameters/2-470>		<http://ids.clld.org/values/2-470-823-2>		"na:j.1"@scb-x-rucc1239	
"großer Bruder"@de	<http://ids.clld.org/values/2-444-194-3>		<http://ids.clld.org/parameters/2-444>		<http://ids.clld.org/values/2-444-823-1>		"məaŋ.4"@scb-x-rucc1239	
"Blitz"@de	<http://ids.clld.org/values/1-550-194-1>		<http://ids.clld.org/parameters/1-550>		<http://ids.clld.org/values/1-550-823-1>		"ala:r.3"@scb-x-rucc1239	
"Alter"@de	<http://ids.clld.org/values/2-461-194-1>		<http://ids.clld.org/parameters/2-461>		<http://ids.clld.org/values/2-461-823-1>		"ʔo:ŋ.1 kuməʌk.4"@scb-x-rucc1239	
"Sohn"@de	<http://ids.clld.org/values/2-410-194-1>		<http://ids.clld.org/parameters/2-410>		<http://ids.clld.org/values/2-410-823-1>		"kɔ:n.1 puku:ń.3"@scb-x-rucc1239	
"ältere Schwester"@de	<http://ids.clld.org/values/2-454-194-1>		<http://ids.clld.org/parameters/2-454>		<http://ids.clld.org/values/2-454-823-1>		"cj.4"@scb-x-rucc1239	
"Erde"@de	<http://ids.clld.org/values/1-212-194-1>		<http://ids.clld.org/parameters/1-212>		<http://ids.clld.org/values/1-212-823-1>		"bə:n.3"@scb-x-rucc1239	
"Himmel"@de	<http://ids.clld.org/values/1-510-194-1>		<http://ids.clld.org/parameters/1-510>		<http://ids.clld.org/values/1-510-823-1>		"plə:j.2"@scb-x-rucc1239	
"Junge"@de	<http://ids.clld.org/values/2-251-194-1>		<http://ids.clld.org/parameters/2-251>		<http://ids.clld.org/values/2-251-823-1>		"ba:w.1"@scb-x-rucc1239	
"Mond"@de	<http://ids.clld.org/values/1-530-194-1>		<http://ids.clld.org/parameters/1-530>		<http://ids.clld.org/values/1-530-823-1>		"puləan.2"@scb-x-rucc1239	
"töten"@de	<http://ids.clld.org/values/4-760-194-1>		<http://ids.clld.org/parameters/4-760>		<http://ids.clld.org/values/4-760-823-1>		"kacit"@scb-x-rucc1239	
"Oheim"@de	<http://ids.clld.org/values/2-512-194-3>		<http://ids.clld.org/parameters/2-512>		<http://ids.clld.org/values/2-512-823-1>		"pw.2"@scb-x-rucc1239	
"Oheim"@de	<http://ids.clld.org/values/2-512-194-3>		<http://ids.clld.org/parameters/2-512>		<http://ids.clld.org/values/2-512-823-2>		"poɔ.4"@scb-x-rucc1239	
"Holzkohle"@de	<http://ids.clld.org/values/1-890-194-1>		<http://ids.clld.org/parameters/1-890>		<http://ids.clld.org/values/1-890-823-1>		"laŋ.caŋ.1"@scb-x-rucc1239	
"weiblich"@de	<http://ids.clld.org/values/2-240-194-1>		<http://ids.clld.org/parameters/2-240>		<http://ids.clld.org/values/2-240-823-1>		"kj.3"@scb-x-rucc1239	
"Schatten"@de	<http://ids.clld.org/values/1-630-194-1>		<http://ids.clld.org/parameters/1-630>		<http://ids.clld.org/values/1-630-823-1>		"pɔ:ŋ.3"@scb-x-rucc1239	
"Onkel"@de	<http://ids.clld.org/values/2-512-194-1>		<http://ids.clld.org/parameters/2-512>		<http://ids.clld.org/values/2-512-823-1>		"pw.2"@scb-x-rucc1239	
"Onkel"@de	<http://ids.clld.org/values/2-512-194-1>		<http://ids.clld.org/parameters/2-512>		<http://ids.clld.org/values/2-512-823-2>		"poɔ.4"@scb-x-rucc1239	
"Enkel"@de	<http://ids.clld.org/values/2-480-194-1>		<http://ids.clld.org/parameters/2-480>		<http://ids.clld.org/values/2-480-823-1>		"cw.3"@scb-x-rucc1239	
"Nichte"@de	<http://ids.clld.org/values/2-540-194-1>		<http://ids.clld.org/parameters/2-540>		<http://ids.clld.org/values/2-540-823-1>		"cw.3"@scb-x-rucc1239	
"Ehemann"@de	<http://ids.clld.org/values/2-310-194-3>		<http://ids.clld.org/parameters/2-310>		<http://ids.clld.org/values/2-310-823-1>		"məku:ń.3"@scb-x-rucc1239	
"Großvater"@de	<http://ids.clld.org/values/2-460-194-1>		<http://ids.clld.org/parameters/2-460>		<http://ids.clld.org/values/2-460-823-1>		"pw.1"@scb-x-rucc1239	
"Großvater"@de	<http://ids.clld.org/values/2-460-194-1>		<http://ids.clld.org/parameters/2-460>		<http://ids.clld.org/values/2-460-823-2>		"ta.1"@scb-x-rucc1239	
"Strand"@de	<http://ids.clld.org/values/1-270-194-3>		<http://ids.clld.org/parameters/1-270>		<http://ids.clld.org/values/1-270-823-1>		"kupə:ŋ.1"@scb-x-rucc1239	
"Gattin"@de	<http://ids.clld.org/values/2-320-194-5>		<http://ids.clld.org/parameters/2-320>		<http://ids.clld.org/values/2-320-823-1>		"makj.3"@scb-x-rucc1239	
"Feuer"@de	<http://ids.clld.org/values/1-810-194-1>		<http://ids.clld.org/parameters/1-810>		<http://ids.clld.org/values/1-810-823-1>		"ku:r.1"@scb-x-rucc1239	
"Tochter"@de	<http://ids.clld.org/values/2-420-194-1>		<http://ids.clld.org/parameters/2-420>		<http://ids.clld.org/values/2-420-823-1>		"kɔ:n.1 pukj.3"@scb-x-rucc1239	
"heiraten"@de	<http://ids.clld.org/values/2-330-194-1>		<http://ids.clld.org/parameters/2-330>		<http://ids.clld.org/values/2-330-823-2>		"lj.4 maku:ń.3"@scb-x-rucc1239	
"heiraten"@de	<http://ids.clld.org/values/2-330-194-1>		<http://ids.clld.org/parameters/2-330>		<http://ids.clld.org/values/2-330-823-3>		"dɔ:ŋ.1"@scb-x-rucc1239	
"heiraten"@de	<http://ids.clld.org/values/2-330-194-1>		<http://ids.clld.org/parameters/2-330>		<http://ids.clld.org/values/2-330-823-1>		"lj.4 makj.3"@scb-x-rucc1239	
"erschlagen"@de	<http://ids.clld.org/values/4-760-194-3>		<http://ids.clld.org/parameters/4-760>		<http://ids.clld.org/values/4-760-823-1>		"kacit"@scb-x-rucc1239	
"Greisin"@de	<http://ids.clld.org/values/2-471-194-3>		<http://ids.clld.org/parameters/2-471>		<http://ids.clld.org/values/2-471-823-1>		"moɔ.4 kuməʌk.4"@scb-x-rucc1239	
"Gemahl"@de	<http://ids.clld.org/values/2-310-194-7>		<http://ids.clld.org/parameters/2-310>		<http://ids.clld.org/values/2-310-823-1>		"məku:ń.3"@scb-x-rucc1239	
"Rauch"@de	<http://ids.clld.org/values/1-830-194-1>		<http://ids.clld.org/parameters/1-830>		<http://ids.clld.org/values/1-830-823-1>		"kahɔ:j.3"@scb-x-rucc1239	
"Rauch"@de	<http://ids.clld.org/values/1-830-194-1>		<http://ids.clld.org/parameters/1-830>		<http://ids.clld.org/values/1-830-823-2>		"camaŋ.1"@scb-x-rucc1239	
"Rauch"@de	<http://ids.clld.org/values/1-830-194-1>		<http://ids.clld.org/parameters/1-830>		<http://ids.clld.org/values/1-830-823-3>		"patj.1"@scb-x-rucc1239	
"Wirbel"@de	<http://ids.clld.org/values/1-362-194-3>		<http://ids.clld.org/parameters/1-362>		<http://ids.clld.org/values/1-362-823-1>		"da:k.3 thuəj.3"@scb-x-rucc1239	
"Vorfahren"@de	<http://ids.clld.org/values/2-560-194-3>		<http://ids.clld.org/parameters/2-560>		<http://ids.clld.org/values/2-560-823-1>		"ʔo:ŋ.1 pluok.4"@scb-x-rucc1239	
"Wasserfall"@de	<http://ids.clld.org/values/1-390-194-1>		<http://ids.clld.org/parameters/1-390>		<http://ids.clld.org/values/1-390-823-1>		"tha:k.3 da:k.3"@scb-x-rucc1239	
